id,asset,year,rep_period,time_block_start,time_block_end,dual_balance_consumer
1,e_demand,2030,1,1,1,0.002071234210880225
2,e_demand,2030,1,2,2,0.002071234210880225
3,e_demand,2030,1,3,3,0.002071234210880225
4,e_demand,2030,1,4,4,0.002071234210880225
5,e_demand,2030,1,5,5,0.002071234210880225
6,e_demand,2030,1,6,6,0.002071234210880225
7,e_demand,2030,1,7,7,0.002071234210880225
8,e_demand,2030,1,8,8,0.002071234210880225
9,e_demand,2030,1,9,9,0.002071234210880225
10,e_demand,2030,1,10,10,0.002071234210880225
11,e_demand,2030,1,11,11,0.002071234210880225
12,e_demand,2030,1,12,12,0.002071234210880225
13,e_demand,2030,1,13,13,0.002071234210880225
14,e_demand,2030,1,14,14,0.002071234210880225
15,e_demand,2030,1,15,15,0.002071234210880225
16,e_demand,2030,1,16,16,0.002071234210880225
17,e_demand,2030,1,17,17,0.002071234210880225
18,e_demand,2030,1,18,18,0.002071234210880225
19,e_demand,2030,1,19,19,0.002071234210880225
20,e_demand,2030,1,20,20,0.002071234210880225
21,e_demand,2030,1,21,21,0.002071234210880225
22,e_demand,2030,1,22,22,0.002071234210880225
23,e_demand,2030,1,23,23,0.002071234210880225
24,e_demand,2030,1,24,24,0.002071234210880225
25,e_demand,2030,2,1,1,0.986504328918268
26,e_demand,2030,2,2,2,0.986504328918268
27,e_demand,2030,2,3,3,0.986504328918268
28,e_demand,2030,2,4,4,0.986504328918268
29,e_demand,2030,2,5,5,0.986504328918268
30,e_demand,2030,2,6,6,0.986504328918268
31,e_demand,2030,2,7,7,0.986504328918268
32,e_demand,2030,2,8,8,0.986504328918268
33,e_demand,2030,2,9,9,0.986504328918268
34,e_demand,2030,2,10,10,0.986504328918268
35,e_demand,2030,2,11,11,0.986504328918268
36,e_demand,2030,2,12,12,0.986504328918268
37,e_demand,2030,2,13,13,0.986504328918268
38,e_demand,2030,2,14,14,0.986504328918268
39,e_demand,2030,2,15,15,0.986504328918268
40,e_demand,2030,2,16,16,0.986504328918268
41,e_demand,2030,2,17,17,0.986504328918268
42,e_demand,2030,2,18,18,0.986504328918268
43,e_demand,2030,2,19,19,0.986504328918268
44,e_demand,2030,2,20,20,1.3811060604855754
45,e_demand,2030,2,21,21,1.3811060604855754
46,e_demand,2030,2,22,22,0.986504328918268
47,e_demand,2030,2,23,23,0.986504328918268
48,e_demand,2030,2,24,24,0.986504328918268
49,e_demand,2030,3,1,1,0.19388911546266935
50,e_demand,2030,3,2,2,0.19388911546266935
51,e_demand,2030,3,3,3,0.19388911546266935
52,e_demand,2030,3,4,4,0.19388911546266935
53,e_demand,2030,3,5,5,0.19388911546266935
54,e_demand,2030,3,6,6,0.19388911546266935
55,e_demand,2030,3,7,7,0.19388911546266935
56,e_demand,2030,3,8,8,0.19388911546266935
57,e_demand,2030,3,9,9,0.19388911546266935
58,e_demand,2030,3,10,10,0.19388911546266935
59,e_demand,2030,3,11,11,0.19388911546266935
60,e_demand,2030,3,12,12,0.19388911546266935
61,e_demand,2030,3,13,13,0.19388911546266935
62,e_demand,2030,3,14,14,0.19388911546266935
63,e_demand,2030,3,15,15,0.19388911546266935
64,e_demand,2030,3,16,16,0.19388911546266935
65,e_demand,2030,3,17,17,0.19388911546266935
66,e_demand,2030,3,18,18,0.2714447616477371
67,e_demand,2030,3,19,19,0.2714447616477371
68,e_demand,2030,3,20,20,72.90989462228926
69,e_demand,2030,3,21,21,0.2714447616477371
70,e_demand,2030,3,22,22,0.2714447616477371
71,e_demand,2030,3,23,23,0.2714447616477371
72,e_demand,2030,3,24,24,0.2714447616477371
73,e_demand,2030,4,1,1,0.007346669432297519
74,e_demand,2030,4,2,2,0.0036733347161487595
75,e_demand,2030,4,3,3,0.0036733347161487595
76,e_demand,2030,4,4,4,0.0036733347161487595
77,e_demand,2030,4,5,5,0.0036733347161487595
78,e_demand,2030,4,6,6,0.0036733347161487595
79,e_demand,2030,4,7,7,0.0036733347161487595
80,e_demand,2030,4,8,8,0.007346669432297519
81,e_demand,2030,4,9,9,0.09183336790371899
82,e_demand,2030,4,10,10,0.09183336790371899
83,e_demand,2030,4,11,11,0.007346669432297519
84,e_demand,2030,4,12,12,0.0036733347161487595
85,e_demand,2030,4,13,13,0.0036733347161487595
86,e_demand,2030,4,14,14,0.0036733347161487595
87,e_demand,2030,4,15,15,0.0036733347161487595
88,e_demand,2030,4,16,16,0.0036733347161487595
89,e_demand,2030,4,17,17,0.09183336790371899
90,e_demand,2030,4,18,18,0.09183336790371899
91,e_demand,2030,4,19,19,0.09183336790371899
92,e_demand,2030,4,20,20,0.09183336790371899
93,e_demand,2030,4,21,21,0.09183336790371899
94,e_demand,2030,4,22,22,0.09183336790371899
95,e_demand,2030,4,23,23,0.09183336790371899
96,e_demand,2030,4,24,24,0.09183336790371899
97,e_demand,2030,5,1,1,0.04601775038331066
98,e_demand,2030,5,2,2,0.04601775038331066
99,e_demand,2030,5,3,3,0.04601775038331066
100,e_demand,2030,5,4,4,0.04601775038331066
101,e_demand,2030,5,5,5,0.04601775038331066
102,e_demand,2030,5,6,6,0.04601775038331066
103,e_demand,2030,5,7,7,0.04601775038331066
104,e_demand,2030,5,8,8,0.04601775038331066
105,e_demand,2030,5,9,9,0.003681420030664852
106,e_demand,2030,5,10,10,0.001840710015332426
107,e_demand,2030,5,11,11,0.001840710015332426
108,e_demand,2030,5,12,12,0.001840710015332426
109,e_demand,2030,5,13,13,0.001840710015332426
110,e_demand,2030,5,14,14,0.001840710015332426
111,e_demand,2030,5,15,15,0.001840710015332426
112,e_demand,2030,5,16,16,0.001840710015332426
113,e_demand,2030,5,17,17,0.001840710015332426
114,e_demand,2030,5,18,18,0.003681420030664852
115,e_demand,2030,5,19,19,0.04601775038331066
116,e_demand,2030,5,20,20,0.04601775038331066
117,e_demand,2030,5,21,21,0.04601775038331066
118,e_demand,2030,5,22,22,0.04601775038331066
119,e_demand,2030,5,23,23,0.04601775038331066
120,e_demand,2030,5,24,24,0.04601775038331066
121,e_demand,2030,6,1,1,0.09990768242887768
122,e_demand,2030,6,2,2,0.09990768242887768
123,e_demand,2030,6,3,3,0.09990768242887768
124,e_demand,2030,6,4,4,0.09990768242887768
125,e_demand,2030,6,5,5,0.09990768242887768
126,e_demand,2030,6,6,6,0.09990768242887768
127,e_demand,2030,6,7,7,0.09990768242887768
128,e_demand,2030,6,8,8,0.09990768242887768
129,e_demand,2030,6,9,9,0.09990768242887768
130,e_demand,2030,6,10,10,0.003996307297155107
131,e_demand,2030,6,11,11,0.003996307297155107
132,e_demand,2030,6,12,12,0.003996307297155107
133,e_demand,2030,6,13,13,0.003996307297155107
134,e_demand,2030,6,14,14,0.003996307297155107
135,e_demand,2030,6,15,15,0.003996307297155107
136,e_demand,2030,6,16,16,0.003996307297155107
137,e_demand,2030,6,17,17,0.003996307297155107
138,e_demand,2030,6,18,18,0.003996307297155107
139,e_demand,2030,6,19,19,0.09990768242887768
140,e_demand,2030,6,20,20,0.09990768242887768
141,e_demand,2030,6,21,21,0.09990768242887768
142,e_demand,2030,6,22,22,0.09990768242887768
143,e_demand,2030,6,23,23,0.09990768242887768
144,e_demand,2030,6,24,24,0.09990768242887768
145,e_demand,2030,7,1,1,0.07970373359997834
146,e_demand,2030,7,2,2,0.07970373359997834
147,e_demand,2030,7,3,3,0.07970373359997834
148,e_demand,2030,7,4,4,0.07970373359997834
149,e_demand,2030,7,5,5,0.07970373359997834
150,e_demand,2030,7,6,6,0.07970373359997834
151,e_demand,2030,7,7,7,0.07970373359997834
152,e_demand,2030,7,8,8,0.07970373359997834
153,e_demand,2030,7,9,9,0.07970373359997834
154,e_demand,2030,7,10,10,0.07970373359997834
155,e_demand,2030,7,11,11,0.07970373359997834
156,e_demand,2030,7,12,12,0.07970373359997834
157,e_demand,2030,7,13,13,0.07970373359997834
158,e_demand,2030,7,14,14,0.07970373359997834
159,e_demand,2030,7,15,15,0.07970373359997834
160,e_demand,2030,7,16,16,0.07970373359997834
161,e_demand,2030,7,17,17,0.07970373359997834
162,e_demand,2030,7,18,18,0.07970373359997834
163,e_demand,2030,7,19,19,0.07970373359997834
164,e_demand,2030,7,20,20,0.07970373359997834
165,e_demand,2030,7,21,21,0.07970373359997834
166,e_demand,2030,7,22,22,0.07970373359997834
167,e_demand,2030,7,23,23,0.07970373359997834
168,e_demand,2030,7,24,24,0.07970373359997834
169,e_demand,2030,8,1,1,0.08311515090791324
170,e_demand,2030,8,2,2,0.08311515090791324
171,e_demand,2030,8,3,3,0.08311515090791324
172,e_demand,2030,8,4,4,0.08311515090791324
173,e_demand,2030,8,5,5,0.08311515090791324
174,e_demand,2030,8,6,6,0.08311515090791324
175,e_demand,2030,8,7,7,0.08311515090791324
176,e_demand,2030,8,8,8,0.08311515090791324
177,e_demand,2030,8,9,9,0.08311515090791324
178,e_demand,2030,8,10,10,0.08311515090791324
179,e_demand,2030,8,11,11,0.0033246060363165296
180,e_demand,2030,8,12,12,0.0033246060363165296
181,e_demand,2030,8,13,13,0.0033246060363165296
182,e_demand,2030,8,14,14,0.0033246060363165296
183,e_demand,2030,8,15,15,0.0033246060363165296
184,e_demand,2030,8,16,16,0.0033246060363165296
185,e_demand,2030,8,17,17,0.08311515090791324
186,e_demand,2030,8,18,18,0.08311515090791324
187,e_demand,2030,8,19,19,0.08311515090791324
188,e_demand,2030,8,20,20,0.08311515090791324
189,e_demand,2030,8,21,21,0.08311515090791324
190,e_demand,2030,8,22,22,0.08311515090791324
191,e_demand,2030,8,23,23,0.08311515090791324
192,e_demand,2030,8,24,24,0.08311515090791324
193,e_demand,2030,9,1,1,0.10947948393357805
194,e_demand,2030,9,2,2,0.10947948393357805
195,e_demand,2030,9,3,3,0.004379179357343122
196,e_demand,2030,9,4,4,0.004379179357343122
197,e_demand,2030,9,5,5,0.004379179357343122
198,e_demand,2030,9,6,6,0.004379179357343122
199,e_demand,2030,9,7,7,0.10947948393357805
200,e_demand,2030,9,8,8,0.10947948393357805
201,e_demand,2030,9,9,9,0.10947948393357805
202,e_demand,2030,9,10,10,0.10947948393357805
203,e_demand,2030,9,11,11,0.10947948393357805
204,e_demand,2030,9,12,12,0.10947948393357805
205,e_demand,2030,9,13,13,0.10947948393357805
206,e_demand,2030,9,14,14,0.10947948393357805
207,e_demand,2030,9,15,15,0.10947948393357805
208,e_demand,2030,9,16,16,0.10947948393357805
209,e_demand,2030,9,17,17,0.10947948393357805
210,e_demand,2030,9,18,18,0.10947948393357805
211,e_demand,2030,9,19,19,0.10947948393357805
212,e_demand,2030,9,20,20,0.10947948393357805
213,e_demand,2030,9,21,21,0.10947948393357805
214,e_demand,2030,9,22,22,0.10947948393357805
215,e_demand,2030,9,23,23,0.10947948393357805
216,e_demand,2030,9,24,24,0.10947948393357805
217,e_demand,2030,10,1,1,0.0520870361175014
218,e_demand,2030,10,2,2,0.0520870361175014
219,e_demand,2030,10,3,3,0.0520870361175014
220,e_demand,2030,10,4,4,0.0520870361175014
221,e_demand,2030,10,5,5,0.0520870361175014
222,e_demand,2030,10,6,6,0.0520870361175014
223,e_demand,2030,10,7,7,0.0520870361175014
224,e_demand,2030,10,8,8,0.0520870361175014
225,e_demand,2030,10,9,9,0.0520870361175014
226,e_demand,2030,10,10,10,0.0520870361175014
227,e_demand,2030,10,11,11,0.0520870361175014
228,e_demand,2030,10,12,12,0.0520870361175014
229,e_demand,2030,10,13,13,0.0520870361175014
230,e_demand,2030,10,14,14,0.0520870361175014
231,e_demand,2030,10,15,15,0.0520870361175014
232,e_demand,2030,10,16,16,0.0520870361175014
233,e_demand,2030,10,17,17,0.0520870361175014
234,e_demand,2030,10,18,18,0.0520870361175014
235,e_demand,2030,10,19,19,0.0520870361175014
236,e_demand,2030,10,20,20,0.0520870361175014
237,e_demand,2030,10,21,21,0.0520870361175014
238,e_demand,2030,10,22,22,0.0520870361175014
239,e_demand,2030,10,23,23,0.0520870361175014
240,e_demand,2030,10,24,24,0.0520870361175014
241,e_demand,2030,11,1,1,0.1203931409475096
242,e_demand,2030,11,2,2,0.1203931409475096
243,e_demand,2030,11,3,3,0.1203931409475096
244,e_demand,2030,11,4,4,0.1203931409475096
245,e_demand,2030,11,5,5,0.1203931409475096
246,e_demand,2030,11,6,6,0.1203931409475096
247,e_demand,2030,11,7,7,0.1203931409475096
248,e_demand,2030,11,8,8,0.1203931409475096
249,e_demand,2030,11,9,9,0.1203931409475096
250,e_demand,2030,11,10,10,0.1203931409475096
251,e_demand,2030,11,11,11,0.1203931409475096
252,e_demand,2030,11,12,12,0.1203931409475096
253,e_demand,2030,11,13,13,0.1203931409475096
254,e_demand,2030,11,14,14,0.1203931409475096
255,e_demand,2030,11,15,15,0.009631451275800767
256,e_demand,2030,11,16,16,0.009631451275800767
257,e_demand,2030,11,17,17,0.009631451275800767
258,e_demand,2030,11,18,18,0.009631451275800767
259,e_demand,2030,11,19,19,0.009631451275800767
260,e_demand,2030,11,20,20,0.009631451275800767
261,e_demand,2030,11,21,21,0.009631451275800767
262,e_demand,2030,11,22,22,0.004815725637900383
263,e_demand,2030,11,23,23,0.004815725637900383
264,e_demand,2030,11,24,24,0.004815725637900383
265,e_demand,2030,12,1,1,0.0035658732421528353
266,e_demand,2030,12,2,2,0.0035658732421528353
267,e_demand,2030,12,3,3,0.0035658732421528353
268,e_demand,2030,12,4,4,0.0035658732421528353
269,e_demand,2030,12,5,5,0.0035658732421528353
270,e_demand,2030,12,6,6,0.0035658732421528353
271,e_demand,2030,12,7,7,0.0035658732421528353
272,e_demand,2030,12,8,8,0.0035658732421528353
273,e_demand,2030,12,9,9,0.0035658732421528353
274,e_demand,2030,12,10,10,0.0035658732421528353
275,e_demand,2030,12,11,11,0.0035658732421528353
276,e_demand,2030,12,12,12,0.0035658732421528353
277,e_demand,2030,12,13,13,0.0035658732421528353
278,e_demand,2030,12,14,14,0.0035658732421528353
279,e_demand,2030,12,15,15,0.0035658732421528353
280,e_demand,2030,12,16,16,0.0035658732421528353
281,e_demand,2030,12,17,17,0.0035658732421528353
282,e_demand,2030,12,18,18,0.0035658732421528353
283,e_demand,2030,12,19,19,0.0035658732421528353
284,e_demand,2030,12,20,20,0.0035658732421528353
285,e_demand,2030,12,21,21,0.007131746484305671
286,e_demand,2030,12,22,22,0.08914683105382089
287,e_demand,2030,12,23,23,0.08914683105382089
288,e_demand,2030,12,24,24,0.08914683105382089
289,e_demand,2030,13,1,1,0.0025769392423808774
290,e_demand,2030,13,2,2,0.0025769392423808774
291,e_demand,2030,13,3,3,0.0025769392423808774
292,e_demand,2030,13,4,4,0.0025769392423808774
293,e_demand,2030,13,5,5,0.0025769392423808774
294,e_demand,2030,13,6,6,0.0025769392423808774
295,e_demand,2030,13,7,7,0.0025769392423808774
296,e_demand,2030,13,8,8,0.0025769392423808774
297,e_demand,2030,13,9,9,0.0025769392423808774
298,e_demand,2030,13,10,10,0.0025769392423808774
299,e_demand,2030,13,11,11,0.0025769392423808774
300,e_demand,2030,13,12,12,0.0025769392423808774
301,e_demand,2030,13,13,13,0.0025769392423808774
302,e_demand,2030,13,14,14,0.0025769392423808774
303,e_demand,2030,13,15,15,0.0025769392423808774
304,e_demand,2030,13,16,16,0.0025769392423808774
305,e_demand,2030,13,17,17,0.0025769392423808774
306,e_demand,2030,13,18,18,0.06442348105952193
307,e_demand,2030,13,19,19,0.06442348105952193
308,e_demand,2030,13,20,20,0.06442348105952193
309,e_demand,2030,13,21,21,0.06442348105952193
310,e_demand,2030,13,22,22,0.06442348105952193
311,e_demand,2030,13,23,23,0.06442348105952193
312,e_demand,2030,13,24,24,0.06442348105952193
313,e_demand,2030,14,1,1,0.09370331926168513
314,e_demand,2030,14,2,2,0.09370331926168513
315,e_demand,2030,14,3,3,0.09370331926168513
316,e_demand,2030,14,4,4,0.09370331926168513
317,e_demand,2030,14,5,5,0.09370331926168513
318,e_demand,2030,14,6,6,0.09370331926168513
319,e_demand,2030,14,7,7,0.09370331926168513
320,e_demand,2030,14,8,8,0.09370331926168513
321,e_demand,2030,14,9,9,0.09370331926168513
322,e_demand,2030,14,10,10,0.09370331926168513
323,e_demand,2030,14,11,11,0.09370331926168513
324,e_demand,2030,14,12,12,0.003748132770467405
325,e_demand,2030,14,13,13,0.003748132770467405
326,e_demand,2030,14,14,14,0.003748132770467405
327,e_demand,2030,14,15,15,0.003748132770467405
328,e_demand,2030,14,16,16,0.003748132770467405
329,e_demand,2030,14,17,17,0.003748132770467405
330,e_demand,2030,14,18,18,0.09370331926168513
331,e_demand,2030,14,19,19,0.09370331926168513
332,e_demand,2030,14,20,20,0.09370331926168513
333,e_demand,2030,14,21,21,0.09370331926168513
334,e_demand,2030,14,22,22,0.09370331926168513
335,e_demand,2030,14,23,23,0.09370331926168513
336,e_demand,2030,14,24,24,0.09370331926168513
337,e_demand,2030,15,1,1,0.3204061390285133
338,e_demand,2030,15,2,2,0.3204061390285133
339,e_demand,2030,15,3,3,0.3204061390285133
340,e_demand,2030,15,4,4,0.3204061390285133
341,e_demand,2030,15,5,5,0.3204061390285133
342,e_demand,2030,15,6,6,0.3204061390285133
343,e_demand,2030,15,7,7,0.3204061390285133
344,e_demand,2030,15,8,8,0.3204061390285133
345,e_demand,2030,15,9,9,0.3204061390285133
346,e_demand,2030,15,10,10,0.3204061390285133
347,e_demand,2030,15,11,11,0.02563249112228106
348,e_demand,2030,15,12,12,0.01281624556114053
349,e_demand,2030,15,13,13,0.01281624556114053
350,e_demand,2030,15,14,14,0.01281624556114053
351,e_demand,2030,15,15,15,0.01281624556114053
352,e_demand,2030,15,16,16,0.01281624556114053
353,e_demand,2030,15,17,17,0.02563249112228106
354,e_demand,2030,15,18,18,0.3204061390285133
355,e_demand,2030,15,19,19,0.3204061390285133
356,e_demand,2030,15,20,20,0.3204061390285133
357,e_demand,2030,15,21,21,0.3204061390285133
358,e_demand,2030,15,22,22,0.3204061390285133
359,e_demand,2030,15,23,23,0.3204061390285133
360,e_demand,2030,15,24,24,0.3204061390285133
361,e_demand,2030,16,1,1,0.00182353261000963
362,e_demand,2030,16,2,2,0.00182353261000963
363,e_demand,2030,16,3,3,0.00182353261000963
364,e_demand,2030,16,4,4,0.00364706522001926
365,e_demand,2030,16,5,5,0.04558831525024075
366,e_demand,2030,16,6,6,0.04558831525024075
367,e_demand,2030,16,7,7,0.04558831525024075
368,e_demand,2030,16,8,8,0.04558831525024075
369,e_demand,2030,16,9,9,0.04558831525024075
370,e_demand,2030,16,10,10,0.04558831525024075
371,e_demand,2030,16,11,11,0.00182353261000963
372,e_demand,2030,16,12,12,0.00182353261000963
373,e_demand,2030,16,13,13,0.00182353261000963
374,e_demand,2030,16,14,14,0.00182353261000963
375,e_demand,2030,16,15,15,0.00182353261000963
376,e_demand,2030,16,16,16,0.00364706522001926
377,e_demand,2030,16,17,17,0.04558831525024075
378,e_demand,2030,16,18,18,0.04558831525024075
379,e_demand,2030,16,19,19,0.04558831525024075
380,e_demand,2030,16,20,20,0.04558831525024075
381,e_demand,2030,16,21,21,0.04558831525024075
382,e_demand,2030,16,22,22,0.04558831525024075
383,e_demand,2030,16,23,23,0.04558831525024075
384,e_demand,2030,16,24,24,0.04558831525024075
385,e_demand,2030,17,1,1,0.04686235323985734
386,e_demand,2030,17,2,2,0.04686235323985734
387,e_demand,2030,17,3,3,0.04686235323985734
388,e_demand,2030,17,4,4,0.04686235323985734
389,e_demand,2030,17,5,5,0.04686235323985734
390,e_demand,2030,17,6,6,0.04686235323985734
391,e_demand,2030,17,7,7,0.04686235323985734
392,e_demand,2030,17,8,8,0.04686235323985734
393,e_demand,2030,17,9,9,0.04686235323985734
394,e_demand,2030,17,10,10,0.04686235323985734
395,e_demand,2030,17,11,11,0.04686235323985734
396,e_demand,2030,17,12,12,0.04686235323985734
397,e_demand,2030,17,13,13,0.0018744941295942934
398,e_demand,2030,17,14,14,0.0018744941295942934
399,e_demand,2030,17,15,15,0.0018744941295942934
400,e_demand,2030,17,16,16,0.0018744941295942934
401,e_demand,2030,17,17,17,0.0018744941295942934
402,e_demand,2030,17,18,18,0.04686235323985734
403,e_demand,2030,17,19,19,0.04686235323985734
404,e_demand,2030,17,20,20,0.04686235323985734
405,e_demand,2030,17,21,21,0.04686235323985734
406,e_demand,2030,17,22,22,0.04686235323985734
407,e_demand,2030,17,23,23,0.04686235323985734
408,e_demand,2030,17,24,24,0.04686235323985734
409,e_demand,2030,18,1,1,0.004769387680246707
410,e_demand,2030,18,2,2,0.004769387680246707
411,e_demand,2030,18,3,3,0.004769387680246707
412,e_demand,2030,18,4,4,0.004769387680246707
413,e_demand,2030,18,5,5,0.009538775360493414
414,e_demand,2030,18,6,6,0.11923469200616768
415,e_demand,2030,18,7,7,0.11923469200616768
416,e_demand,2030,18,8,8,0.11923469200616768
417,e_demand,2030,18,9,9,0.11923469200616768
418,e_demand,2030,18,10,10,0.11923469200616768
419,e_demand,2030,18,11,11,0.11923469200616768
420,e_demand,2030,18,12,12,0.11923469200616768
421,e_demand,2030,18,13,13,0.11923469200616768
422,e_demand,2030,18,14,14,0.11923469200616768
423,e_demand,2030,18,15,15,0.11923469200616768
424,e_demand,2030,18,16,16,0.11923469200616768
425,e_demand,2030,18,17,17,0.11923469200616768
426,e_demand,2030,18,18,18,0.11923469200616768
427,e_demand,2030,18,19,19,0.11923469200616768
428,e_demand,2030,18,20,20,0.11923469200616768
429,e_demand,2030,18,21,21,0.11923469200616768
430,e_demand,2030,18,22,22,0.11923469200616768
431,e_demand,2030,18,23,23,0.11923469200616768
432,e_demand,2030,18,24,24,0.11923469200616768
433,e_demand,2030,19,1,1,0.1045414568157178
434,e_demand,2030,19,2,2,0.1045414568157178
435,e_demand,2030,19,3,3,0.1045414568157178
436,e_demand,2030,19,4,4,0.1045414568157178
437,e_demand,2030,19,5,5,0.1045414568157178
438,e_demand,2030,19,6,6,0.1045414568157178
439,e_demand,2030,19,7,7,0.1045414568157178
440,e_demand,2030,19,8,8,0.1045414568157178
441,e_demand,2030,19,9,9,0.1045414568157178
442,e_demand,2030,19,10,10,0.1045414568157178
443,e_demand,2030,19,11,11,0.1045414568157178
444,e_demand,2030,19,12,12,0.1045414568157178
445,e_demand,2030,19,13,13,0.1045414568157178
446,e_demand,2030,19,14,14,0.1045414568157178
447,e_demand,2030,19,15,15,0.1045414568157178
448,e_demand,2030,19,16,16,0.1045414568157178
449,e_demand,2030,19,17,17,0.1045414568157178
450,e_demand,2030,19,18,18,0.1045414568157178
451,e_demand,2030,19,19,19,0.1045414568157178
452,e_demand,2030,19,20,20,0.1045414568157178
453,e_demand,2030,19,21,21,0.1045414568157178
454,e_demand,2030,19,22,22,0.1045414568157178
455,e_demand,2030,19,23,23,0.1045414568157178
456,e_demand,2030,19,24,24,0.1045414568157178
457,e_demand,2030,20,1,1,0.0022152478386242005
458,e_demand,2030,20,2,2,0.0022152478386242005
459,e_demand,2030,20,3,3,0.0022152478386242005
460,e_demand,2030,20,4,4,0.0022152478386242005
461,e_demand,2030,20,5,5,0.0022152478386242005
462,e_demand,2030,20,6,6,0.0022152478386242005
463,e_demand,2030,20,7,7,0.0022152478386242005
464,e_demand,2030,20,8,8,0.0022152478386242005
465,e_demand,2030,20,9,9,0.0022152478386242005
466,e_demand,2030,20,10,10,0.0022152478386242005
467,e_demand,2030,20,11,11,0.0022152478386242005
468,e_demand,2030,20,12,12,0.0022152478386242005
469,e_demand,2030,20,13,13,0.0022152478386242005
470,e_demand,2030,20,14,14,0.0022152478386242005
471,e_demand,2030,20,15,15,0.0022152478386242005
472,e_demand,2030,20,16,16,0.0022152478386242005
473,e_demand,2030,20,17,17,0.0022152478386242005
474,e_demand,2030,20,18,18,0.0022152478386242005
475,e_demand,2030,20,19,19,0.0022152478386242005
476,e_demand,2030,20,20,20,0.0022152478386242005
477,e_demand,2030,20,21,21,0.0022152478386242005
478,e_demand,2030,20,22,22,0.055381195965605014
479,e_demand,2030,20,23,23,0.055381195965605014
480,e_demand,2030,20,24,24,0.055381195965605014
481,e_demand,2030,21,1,1,0.08617223940322088
482,e_demand,2030,21,2,2,0.08617223940322088
483,e_demand,2030,21,3,3,0.08617223940322088
484,e_demand,2030,21,4,4,0.08617223940322088
485,e_demand,2030,21,5,5,0.08617223940322088
486,e_demand,2030,21,6,6,0.08617223940322088
487,e_demand,2030,21,7,7,0.08617223940322088
488,e_demand,2030,21,8,8,0.08617223940322088
489,e_demand,2030,21,9,9,0.08617223940322088
490,e_demand,2030,21,10,10,0.08617223940322088
491,e_demand,2030,21,11,11,0.08617223940322088
492,e_demand,2030,21,12,12,0.08617223940322088
493,e_demand,2030,21,13,13,0.006893779152257671
494,e_demand,2030,21,14,14,0.0034468895761288355
495,e_demand,2030,21,15,15,0.0034468895761288355
496,e_demand,2030,21,16,16,0.006893779152257671
497,e_demand,2030,21,17,17,0.08617223940322088
498,e_demand,2030,21,18,18,0.08617223940322088
499,e_demand,2030,21,19,19,0.08617223940322088
500,e_demand,2030,21,20,20,0.08617223940322088
501,e_demand,2030,21,21,21,0.08617223940322088
502,e_demand,2030,21,22,22,0.08617223940322088
503,e_demand,2030,21,23,23,0.08617223940322088
504,e_demand,2030,21,24,24,0.006893779152257671
505,e_demand,2030,22,1,1,0.0743572373522237
506,e_demand,2030,22,2,2,0.0743572373522237
507,e_demand,2030,22,3,3,0.0743572373522237
508,e_demand,2030,22,4,4,0.0743572373522237
509,e_demand,2030,22,5,5,0.0743572373522237
510,e_demand,2030,22,6,6,0.0743572373522237
511,e_demand,2030,22,7,7,0.0743572373522237
512,e_demand,2030,22,8,8,0.0743572373522237
513,e_demand,2030,22,9,9,0.0743572373522237
514,e_demand,2030,22,10,10,0.0743572373522237
515,e_demand,2030,22,11,11,0.0743572373522237
516,e_demand,2030,22,12,12,0.0743572373522237
517,e_demand,2030,22,13,13,0.005948578988177896
518,e_demand,2030,22,14,14,0.005948578988177896
519,e_demand,2030,22,15,15,0.005948578988177896
520,e_demand,2030,22,16,16,0.0743572373522237
521,e_demand,2030,22,17,17,0.0743572373522237
522,e_demand,2030,22,18,18,0.0743572373522237
523,e_demand,2030,22,19,19,0.0743572373522237
524,e_demand,2030,22,20,20,0.0743572373522237
525,e_demand,2030,22,21,21,0.0743572373522237
526,e_demand,2030,22,22,22,0.0743572373522237
527,e_demand,2030,22,23,23,0.0743572373522237
528,e_demand,2030,22,24,24,0.0743572373522237
529,e_demand,2030,23,1,1,0.04041986815954273
530,e_demand,2030,23,2,2,0.04041986815954273
531,e_demand,2030,23,3,3,0.04041986815954273
532,e_demand,2030,23,4,4,0.04041986815954273
533,e_demand,2030,23,5,5,0.04041986815954273
534,e_demand,2030,23,6,6,0.04041986815954273
535,e_demand,2030,23,7,7,0.04041986815954273
536,e_demand,2030,23,8,8,0.04041986815954273
537,e_demand,2030,23,9,9,0.04041986815954273
538,e_demand,2030,23,10,10,0.04041986815954273
539,e_demand,2030,23,11,11,0.04041986815954273
540,e_demand,2030,23,12,12,0.001616794726381709
541,e_demand,2030,23,13,13,0.001616794726381709
542,e_demand,2030,23,14,14,0.001616794726381709
543,e_demand,2030,23,15,15,0.001616794726381709
544,e_demand,2030,23,16,16,0.001616794726381709
545,e_demand,2030,23,17,17,0.04041986815954273
546,e_demand,2030,23,18,18,0.04041986815954273
547,e_demand,2030,23,19,19,0.04041986815954273
548,e_demand,2030,23,20,20,0.04041986815954273
549,e_demand,2030,23,21,21,0.04041986815954273
550,e_demand,2030,23,22,22,0.04041986815954273
551,e_demand,2030,23,23,23,0.04041986815954273
552,e_demand,2030,23,24,24,0.04041986815954273
553,e_demand,2030,24,1,1,0.0029624877313354334
554,e_demand,2030,24,2,2,0.0029624877313354334
555,e_demand,2030,24,3,3,0.0029624877313354334
556,e_demand,2030,24,4,4,0.0029624877313354334
557,e_demand,2030,24,5,5,0.0029624877313354334
558,e_demand,2030,24,6,6,0.0029624877313354334
559,e_demand,2030,24,7,7,0.0029624877313354334
560,e_demand,2030,24,8,8,0.07406219328338584
561,e_demand,2030,24,9,9,0.005924975462670867
562,e_demand,2030,24,10,10,0.005924975462670867
563,e_demand,2030,24,11,11,0.0029624877313354334
564,e_demand,2030,24,12,12,0.0029624877313354334
565,e_demand,2030,24,13,13,0.0029624877313354334
566,e_demand,2030,24,14,14,0.0029624877313354334
567,e_demand,2030,24,15,15,0.0029624877313354334
568,e_demand,2030,24,16,16,0.0029624877313354334
569,e_demand,2030,24,17,17,0.0029624877313354334
570,e_demand,2030,24,18,18,0.0029624877313354334
571,e_demand,2030,24,19,19,0.07406219328338584
572,e_demand,2030,24,20,20,0.07406219328338584
573,e_demand,2030,24,21,21,0.07406219328338584
574,e_demand,2030,24,22,22,0.07406219328338584
575,e_demand,2030,24,23,23,0.07406219328338584
576,e_demand,2030,24,24,24,0.07406219328338584
577,e_demand,2030,25,1,1,0.0029450881297519026
578,e_demand,2030,25,2,2,0.0029450881297519026
579,e_demand,2030,25,3,3,0.0029450881297519026
580,e_demand,2030,25,4,4,0.005890176259503805
581,e_demand,2030,25,5,5,0.005890176259503805
582,e_demand,2030,25,6,6,0.07362720324379757
583,e_demand,2030,25,7,7,0.07362720324379757
584,e_demand,2030,25,8,8,0.07362720324379757
585,e_demand,2030,25,9,9,0.07362720324379757
586,e_demand,2030,25,10,10,0.07362720324379757
587,e_demand,2030,25,11,11,0.07362720324379757
588,e_demand,2030,25,12,12,0.07362720324379757
589,e_demand,2030,25,13,13,0.07362720324379757
590,e_demand,2030,25,14,14,0.07362720324379757
591,e_demand,2030,25,15,15,0.07362720324379757
592,e_demand,2030,25,16,16,0.07362720324379757
593,e_demand,2030,25,17,17,0.07362720324379757
594,e_demand,2030,25,18,18,0.07362720324379757
595,e_demand,2030,25,19,19,0.07362720324379757
596,e_demand,2030,25,20,20,0.07362720324379757
597,e_demand,2030,25,21,21,0.07362720324379757
598,e_demand,2030,25,22,22,0.07362720324379757
599,e_demand,2030,25,23,23,0.07362720324379757
600,e_demand,2030,25,24,24,0.07362720324379757
601,e_demand,2030,26,1,1,0.001904732863192884
602,e_demand,2030,26,2,2,0.001904732863192884
603,e_demand,2030,26,3,3,0.001904732863192884
604,e_demand,2030,26,4,4,0.001904732863192884
605,e_demand,2030,26,5,5,0.001904732863192884
606,e_demand,2030,26,6,6,0.001904732863192884
607,e_demand,2030,26,7,7,0.001904732863192884
608,e_demand,2030,26,8,8,0.001904732863192884
609,e_demand,2030,26,9,9,0.001904732863192884
610,e_demand,2030,26,10,10,0.001904732863192884
611,e_demand,2030,26,11,11,0.001904732863192884
612,e_demand,2030,26,12,12,0.001904732863192884
613,e_demand,2030,26,13,13,0.001904732863192884
614,e_demand,2030,26,14,14,0.001904732863192884
615,e_demand,2030,26,15,15,0.001904732863192884
616,e_demand,2030,26,16,16,0.001904732863192884
617,e_demand,2030,26,17,17,0.001904732863192884
618,e_demand,2030,26,18,18,0.001904732863192884
619,e_demand,2030,26,19,19,0.001904732863192884
620,e_demand,2030,26,20,20,0.001904732863192884
621,e_demand,2030,26,21,21,0.001904732863192884
622,e_demand,2030,26,22,22,0.001904732863192884
623,e_demand,2030,26,23,23,0.001904732863192884
624,e_demand,2030,26,24,24,0.001904732863192884
625,e_demand,2030,27,1,1,0.16275247403529952
626,e_demand,2030,27,2,2,0.16275247403529952
627,e_demand,2030,27,3,3,0.16275247403529952
628,e_demand,2030,27,4,4,0.16275247403529952
629,e_demand,2030,27,5,5,0.16275247403529952
630,e_demand,2030,27,6,6,0.16275247403529952
631,e_demand,2030,27,7,7,0.16275247403529952
632,e_demand,2030,27,8,8,0.16275247403529952
633,e_demand,2030,27,9,9,0.16275247403529952
634,e_demand,2030,27,10,10,0.16275247403529952
635,e_demand,2030,27,11,11,0.16275247403529952
636,e_demand,2030,27,12,12,0.16275247403529952
637,e_demand,2030,27,13,13,0.16275247403529952
638,e_demand,2030,27,14,14,0.16275247403529952
639,e_demand,2030,27,15,15,0.16275247403529952
640,e_demand,2030,27,16,16,0.16275247403529952
641,e_demand,2030,27,17,17,0.16275247403529952
642,e_demand,2030,27,18,18,0.16275247403529952
643,e_demand,2030,27,19,19,0.16275247403529952
644,e_demand,2030,27,20,20,0.16275247403529952
645,e_demand,2030,27,21,21,0.16275247403529952
646,e_demand,2030,27,22,22,0.16275247403529952
647,e_demand,2030,27,23,23,0.16275247403529952
648,e_demand,2030,27,24,24,0.16275247403529952
649,e_demand,2030,28,1,1,0.0015005049512964923
650,e_demand,2030,28,2,2,0.0015005049512964923
651,e_demand,2030,28,3,3,0.0015005049512964923
652,e_demand,2030,28,4,4,0.0015005049512964923
653,e_demand,2030,28,5,5,0.0015005049512964923
654,e_demand,2030,28,6,6,0.0015005049512964923
655,e_demand,2030,28,7,7,0.0015005049512964923
656,e_demand,2030,28,8,8,0.0015005049512964923
657,e_demand,2030,28,9,9,0.0015005049512964923
658,e_demand,2030,28,10,10,0.0015005049512964923
659,e_demand,2030,28,11,11,0.0015005049512964923
660,e_demand,2030,28,12,12,0.0015005049512964923
661,e_demand,2030,28,13,13,0.0015005049512964923
662,e_demand,2030,28,14,14,0.0015005049512964923
663,e_demand,2030,28,15,15,0.0015005049512964923
664,e_demand,2030,28,16,16,0.0015005049512964923
665,e_demand,2030,28,17,17,0.0015005049512964923
666,e_demand,2030,28,18,18,0.0015005049512964923
667,e_demand,2030,28,19,19,0.0030010099025929845
668,e_demand,2030,28,20,20,0.03751262378241231
669,e_demand,2030,28,21,21,0.03751262378241231
670,e_demand,2030,28,22,22,0.0030010099025929845
671,e_demand,2030,28,23,23,0.0015005049512964923
672,e_demand,2030,28,24,24,0.0015005049512964923
673,e_demand,2030,29,1,1,0.037721349415228644
674,e_demand,2030,29,2,2,0.037721349415228644
675,e_demand,2030,29,3,3,0.037721349415228644
676,e_demand,2030,29,4,4,0.037721349415228644
677,e_demand,2030,29,5,5,0.037721349415228644
678,e_demand,2030,29,6,6,0.037721349415228644
679,e_demand,2030,29,7,7,0.037721349415228644
680,e_demand,2030,29,8,8,0.037721349415228644
681,e_demand,2030,29,9,9,0.037721349415228644
682,e_demand,2030,29,10,10,0.0030177079532182913
683,e_demand,2030,29,11,11,0.0015088539766091457
684,e_demand,2030,29,12,12,0.0015088539766091457
685,e_demand,2030,29,13,13,0.0015088539766091457
686,e_demand,2030,29,14,14,0.0015088539766091457
687,e_demand,2030,29,15,15,0.0015088539766091457
688,e_demand,2030,29,16,16,0.0015088539766091457
689,e_demand,2030,29,17,17,0.0015088539766091457
690,e_demand,2030,29,18,18,0.0015088539766091457
691,e_demand,2030,29,19,19,0.0030177079532182913
692,e_demand,2030,29,20,20,0.037721349415228644
693,e_demand,2030,29,21,21,0.037721349415228644
694,e_demand,2030,29,22,22,0.037721349415228644
695,e_demand,2030,29,23,23,0.0030177079532182913
696,e_demand,2030,29,24,24,0.0015088539766091457
697,e_demand,2030,30,1,1,0.054127453039934006
698,e_demand,2030,30,2,2,0.054127453039934006
699,e_demand,2030,30,3,3,0.054127453039934006
700,e_demand,2030,30,4,4,0.054127453039934006
701,e_demand,2030,30,5,5,0.054127453039934006
702,e_demand,2030,30,6,6,0.054127453039934006
703,e_demand,2030,30,7,7,0.054127453039934006
704,e_demand,2030,30,8,8,0.054127453039934006
705,e_demand,2030,30,9,9,0.054127453039934006
706,e_demand,2030,30,10,10,0.054127453039934006
707,e_demand,2030,30,11,11,0.054127453039934006
708,e_demand,2030,30,12,12,0.054127453039934006
709,e_demand,2030,30,13,13,0.054127453039934006
710,e_demand,2030,30,14,14,0.054127453039934006
711,e_demand,2030,30,15,15,0.054127453039934006
712,e_demand,2030,30,16,16,0.054127453039934006
713,e_demand,2030,30,17,17,0.054127453039934006
714,e_demand,2030,30,18,18,0.054127453039934006
715,e_demand,2030,30,19,19,0.054127453039934006
716,e_demand,2030,30,20,20,0.054127453039934006
717,e_demand,2030,30,21,21,0.054127453039934006
718,e_demand,2030,30,22,22,0.054127453039934006
719,e_demand,2030,30,23,23,0.054127453039934006
720,e_demand,2030,30,24,24,0.054127453039934006
721,e_demand,2030,31,1,1,0.2627727355123414
722,e_demand,2030,31,2,2,0.2627727355123414
723,e_demand,2030,31,3,3,0.2627727355123414
724,e_demand,2030,31,4,4,0.2627727355123414
725,e_demand,2030,31,5,5,0.2627727355123414
726,e_demand,2030,31,6,6,0.2627727355123414
727,e_demand,2030,31,7,7,0.2627727355123414
728,e_demand,2030,31,8,8,0.2627727355123414
729,e_demand,2030,31,9,9,0.2627727355123414
730,e_demand,2030,31,10,10,0.2627727355123414
731,e_demand,2030,31,11,11,0.2627727355123414
732,e_demand,2030,31,12,12,0.2627727355123414
733,e_demand,2030,31,13,13,0.2627727355123414
734,e_demand,2030,31,14,14,0.2627727355123414
735,e_demand,2030,31,15,15,0.2627727355123414
736,e_demand,2030,31,16,16,0.2627727355123414
737,e_demand,2030,31,17,17,0.2627727355123414
738,e_demand,2030,31,18,18,0.2627727355123414
739,e_demand,2030,31,19,19,0.2627727355123414
740,e_demand,2030,31,20,20,0.2627727355123414
741,e_demand,2030,31,21,21,0.2627727355123414
742,e_demand,2030,31,22,22,0.2627727355123414
743,e_demand,2030,31,23,23,0.2627727355123414
744,e_demand,2030,31,24,24,0.2627727355123414
745,e_demand,2030,32,1,1,0.031028325817549753
746,e_demand,2030,32,2,2,0.0024822660654039803
747,e_demand,2030,32,3,3,0.0024822660654039803
748,e_demand,2030,32,4,4,0.0024822660654039803
749,e_demand,2030,32,5,5,0.0024822660654039803
750,e_demand,2030,32,6,6,0.0024822660654039803
751,e_demand,2030,32,7,7,0.031028325817549753
752,e_demand,2030,32,8,8,0.031028325817549753
753,e_demand,2030,32,9,9,0.031028325817549753
754,e_demand,2030,32,10,10,0.031028325817549753
755,e_demand,2030,32,11,11,0.0012411330327019902
756,e_demand,2030,32,12,12,0.0012411330327019902
757,e_demand,2030,32,13,13,0.0012411330327019902
758,e_demand,2030,32,14,14,0.0012411330327019902
759,e_demand,2030,32,15,15,0.0012411330327019902
760,e_demand,2030,32,16,16,0.0012411330327019902
761,e_demand,2030,32,17,17,0.031028325817549753
762,e_demand,2030,32,18,18,0.031028325817549753
763,e_demand,2030,32,19,19,0.031028325817549753
764,e_demand,2030,32,20,20,0.031028325817549753
765,e_demand,2030,32,21,21,0.031028325817549753
766,e_demand,2030,32,22,22,0.031028325817549753
767,e_demand,2030,32,23,23,0.031028325817549753
768,e_demand,2030,32,24,24,0.031028325817549753
769,e_demand,2030,33,1,1,0.2543965636036372
770,e_demand,2030,33,2,2,0.2543965636036372
771,e_demand,2030,33,3,3,0.2543965636036372
772,e_demand,2030,33,4,4,0.2543965636036372
773,e_demand,2030,33,5,5,0.2543965636036372
774,e_demand,2030,33,6,6,0.2543965636036372
775,e_demand,2030,33,7,7,0.2543965636036372
776,e_demand,2030,33,8,8,0.2543965636036372
777,e_demand,2030,33,9,9,0.2543965636036372
778,e_demand,2030,33,10,10,0.2543965636036372
779,e_demand,2030,33,11,11,0.2543965636036372
780,e_demand,2030,33,12,12,0.2543965636036372
781,e_demand,2030,33,13,13,0.2543965636036372
782,e_demand,2030,33,14,14,0.2543965636036372
783,e_demand,2030,33,15,15,0.2543965636036372
784,e_demand,2030,33,16,16,0.2543965636036372
785,e_demand,2030,33,17,17,0.2543965636036372
786,e_demand,2030,33,18,18,0.2543965636036372
787,e_demand,2030,33,19,19,0.2543965636036372
788,e_demand,2030,33,20,20,0.2543965636036372
789,e_demand,2030,33,21,21,0.2543965636036372
790,e_demand,2030,33,22,22,0.2543965636036372
791,e_demand,2030,33,23,23,0.2543965636036372
792,e_demand,2030,33,24,24,0.2543965636036372
793,e_demand,2030,34,1,1,0.13676109505138656
794,e_demand,2030,34,2,2,0.13676109505138656
795,e_demand,2030,34,3,3,0.010940887604110924
796,e_demand,2030,34,4,4,0.010940887604110924
797,e_demand,2030,34,5,5,0.13676109505138656
798,e_demand,2030,34,6,6,0.13676109505138656
799,e_demand,2030,34,7,7,0.13676109505138656
800,e_demand,2030,34,8,8,0.13676109505138656
801,e_demand,2030,34,9,9,0.13676109505138656
802,e_demand,2030,34,10,10,0.13676109505138656
803,e_demand,2030,34,11,11,0.13676109505138656
804,e_demand,2030,34,12,12,0.13676109505138656
805,e_demand,2030,34,13,13,0.13676109505138656
806,e_demand,2030,34,14,14,0.13676109505138656
807,e_demand,2030,34,15,15,0.13676109505138656
808,e_demand,2030,34,16,16,0.13676109505138656
809,e_demand,2030,34,17,17,0.13676109505138656
810,e_demand,2030,34,18,18,0.13676109505138656
811,e_demand,2030,34,19,19,0.13676109505138656
812,e_demand,2030,34,20,20,0.13676109505138656
813,e_demand,2030,34,21,21,0.13676109505138656
814,e_demand,2030,34,22,22,0.13676109505138656
815,e_demand,2030,34,23,23,0.13676109505138656
816,e_demand,2030,34,24,24,0.13676109505138656
817,e_demand,2030,35,1,1,0.06244035592240138
818,e_demand,2030,35,2,2,0.06244035592240138
819,e_demand,2030,35,3,3,0.06244035592240138
820,e_demand,2030,35,4,4,0.06244035592240138
821,e_demand,2030,35,5,5,0.06244035592240138
822,e_demand,2030,35,6,6,0.06244035592240138
823,e_demand,2030,35,7,7,0.06244035592240138
824,e_demand,2030,35,8,8,0.06244035592240138
825,e_demand,2030,35,9,9,0.06244035592240138
826,e_demand,2030,35,10,10,0.06244035592240138
827,e_demand,2030,35,11,11,0.06244035592240138
828,e_demand,2030,35,12,12,0.06244035592240138
829,e_demand,2030,35,13,13,0.06244035592240138
830,e_demand,2030,35,14,14,0.06244035592240138
831,e_demand,2030,35,15,15,0.06244035592240138
832,e_demand,2030,35,16,16,0.06244035592240138
833,e_demand,2030,35,17,17,0.06244035592240138
834,e_demand,2030,35,18,18,0.06244035592240138
835,e_demand,2030,35,19,19,0.06244035592240138
836,e_demand,2030,35,20,20,0.06244035592240138
837,e_demand,2030,35,21,21,0.06244035592240138
838,e_demand,2030,35,22,22,0.06244035592240138
839,e_demand,2030,35,23,23,0.06244035592240138
840,e_demand,2030,35,24,24,0.06244035592240138
841,e_demand,2030,36,1,1,0.06230464427537994
842,e_demand,2030,36,2,2,0.06230464427537994
843,e_demand,2030,36,3,3,0.06230464427537994
844,e_demand,2030,36,4,4,0.06230464427537994
845,e_demand,2030,36,5,5,0.06230464427537994
846,e_demand,2030,36,6,6,0.06230464427537994
847,e_demand,2030,36,7,7,0.06230464427537994
848,e_demand,2030,36,8,8,0.06230464427537994
849,e_demand,2030,36,9,9,0.06230464427537994
850,e_demand,2030,36,10,10,0.06230464427537994
851,e_demand,2030,36,11,11,0.06230464427537994
852,e_demand,2030,36,12,12,0.06230464427537994
853,e_demand,2030,36,13,13,0.06230464427537994
854,e_demand,2030,36,14,14,0.06230464427537994
855,e_demand,2030,36,15,15,0.06230464427537994
856,e_demand,2030,36,16,16,0.06230464427537994
857,e_demand,2030,36,17,17,0.06230464427537994
858,e_demand,2030,36,18,18,0.06230464427537994
859,e_demand,2030,36,19,19,0.06230464427537994
860,e_demand,2030,36,20,20,0.08722650198553192
861,e_demand,2030,36,21,21,0.06230464427537994
862,e_demand,2030,36,22,22,0.06230464427537994
863,e_demand,2030,36,23,23,0.06230464427537994
864,e_demand,2030,36,24,24,0.06230464427537994
865,e_demand,2030,37,1,1,0.11547903191637582
866,e_demand,2030,37,2,2,0.11547903191637582
867,e_demand,2030,37,3,3,0.11547903191637582
868,e_demand,2030,37,4,4,0.11547903191637582
869,e_demand,2030,37,5,5,0.11547903191637582
870,e_demand,2030,37,6,6,0.11547903191637582
871,e_demand,2030,37,7,7,0.11547903191637582
872,e_demand,2030,37,8,8,0.11547903191637582
873,e_demand,2030,37,9,9,0.11547903191637582
874,e_demand,2030,37,10,10,0.11547903191637582
875,e_demand,2030,37,11,11,0.11547903191637582
876,e_demand,2030,37,12,12,0.11547903191637582
877,e_demand,2030,37,13,13,0.11547903191637582
878,e_demand,2030,37,14,14,0.004619161276655032
879,e_demand,2030,37,15,15,0.004619161276655032
880,e_demand,2030,37,16,16,0.11547903191637582
881,e_demand,2030,37,17,17,0.11547903191637582
882,e_demand,2030,37,18,18,0.11547903191637582
883,e_demand,2030,37,19,19,0.11547903191637582
884,e_demand,2030,37,20,20,0.11547903191637582
885,e_demand,2030,37,21,21,0.11547903191637582
886,e_demand,2030,37,22,22,0.11547903191637582
887,e_demand,2030,37,23,23,0.11547903191637582
888,e_demand,2030,37,24,24,0.11547903191637582
889,e_demand,2030,38,1,1,0.032390638644139026
890,e_demand,2030,38,2,2,0.032390638644139026
891,e_demand,2030,38,3,3,0.032390638644139026
892,e_demand,2030,38,4,4,0.032390638644139026
893,e_demand,2030,38,5,5,0.032390638644139026
894,e_demand,2030,38,6,6,0.032390638644139026
895,e_demand,2030,38,7,7,0.032390638644139026
896,e_demand,2030,38,8,8,0.032390638644139026
897,e_demand,2030,38,9,9,0.0025912510915311222
898,e_demand,2030,38,10,10,0.0012956255457655611
899,e_demand,2030,38,11,11,0.0012956255457655611
900,e_demand,2030,38,12,12,0.0012956255457655611
901,e_demand,2030,38,13,13,0.0012956255457655611
902,e_demand,2030,38,14,14,0.0012956255457655611
903,e_demand,2030,38,15,15,0.0012956255457655611
904,e_demand,2030,38,16,16,0.0012956255457655611
905,e_demand,2030,38,17,17,0.0012956255457655611
906,e_demand,2030,38,18,18,0.0012956255457655611
907,e_demand,2030,38,19,19,0.032390638644139026
908,e_demand,2030,38,20,20,0.032390638644139026
909,e_demand,2030,38,21,21,0.032390638644139026
910,e_demand,2030,38,22,22,0.032390638644139026
911,e_demand,2030,38,23,23,0.032390638644139026
912,e_demand,2030,38,24,24,0.032390638644139026
913,e_demand,2030,39,1,1,0.1949372633141454
914,e_demand,2030,39,2,2,0.1949372633141454
915,e_demand,2030,39,3,3,0.1949372633141454
916,e_demand,2030,39,4,4,0.1949372633141454
917,e_demand,2030,39,5,5,0.1949372633141454
918,e_demand,2030,39,6,6,0.1949372633141454
919,e_demand,2030,39,7,7,0.1949372633141454
920,e_demand,2030,39,8,8,0.1949372633141454
921,e_demand,2030,39,9,9,0.1949372633141454
922,e_demand,2030,39,10,10,0.1949372633141454
923,e_demand,2030,39,11,11,0.1949372633141454
924,e_demand,2030,39,12,12,0.1949372633141454
925,e_demand,2030,39,13,13,0.1949372633141454
926,e_demand,2030,39,14,14,0.1949372633141454
927,e_demand,2030,39,15,15,0.1949372633141454
928,e_demand,2030,39,16,16,0.1949372633141454
929,e_demand,2030,39,17,17,0.1949372633141454
930,e_demand,2030,39,18,18,0.1949372633141454
931,e_demand,2030,39,19,19,0.1949372633141454
932,e_demand,2030,39,20,20,0.1949372633141454
933,e_demand,2030,39,21,21,0.1949372633141454
934,e_demand,2030,39,22,22,0.1949372633141454
935,e_demand,2030,39,23,23,0.1949372633141454
936,e_demand,2030,39,24,24,0.1949372633141454
937,e_demand,2030,40,1,1,0.0493196753631419
938,e_demand,2030,40,2,2,0.0493196753631419
939,e_demand,2030,40,3,3,0.0493196753631419
940,e_demand,2030,40,4,4,0.0493196753631419
941,e_demand,2030,40,5,5,0.0493196753631419
942,e_demand,2030,40,6,6,0.0493196753631419
943,e_demand,2030,40,7,7,0.0493196753631419
944,e_demand,2030,40,8,8,0.0493196753631419
945,e_demand,2030,40,9,9,0.0493196753631419
946,e_demand,2030,40,10,10,0.0493196753631419
947,e_demand,2030,40,11,11,0.0493196753631419
948,e_demand,2030,40,12,12,0.001972787014525676
949,e_demand,2030,40,13,13,0.001972787014525676
950,e_demand,2030,40,14,14,0.001972787014525676
951,e_demand,2030,40,15,15,0.001972787014525676
952,e_demand,2030,40,16,16,0.001972787014525676
953,e_demand,2030,40,17,17,0.003945574029051352
954,e_demand,2030,40,18,18,0.0493196753631419
955,e_demand,2030,40,19,19,0.0493196753631419
956,e_demand,2030,40,20,20,0.0493196753631419
957,e_demand,2030,40,21,21,0.0493196753631419
958,e_demand,2030,40,22,22,0.0493196753631419
959,e_demand,2030,40,23,23,0.0493196753631419
960,e_demand,2030,40,24,24,0.0493196753631419
961,e_demand,2030,41,1,1,0.0324656687001282
962,e_demand,2030,41,2,2,0.0324656687001282
963,e_demand,2030,41,3,3,0.0324656687001282
964,e_demand,2030,41,4,4,0.0324656687001282
965,e_demand,2030,41,5,5,0.0324656687001282
966,e_demand,2030,41,6,6,0.0324656687001282
967,e_demand,2030,41,7,7,0.0324656687001282
968,e_demand,2030,41,8,8,0.0324656687001282
969,e_demand,2030,41,9,9,0.0324656687001282
970,e_demand,2030,41,10,10,0.0324656687001282
971,e_demand,2030,41,11,11,0.0324656687001282
972,e_demand,2030,41,12,12,0.0324656687001282
973,e_demand,2030,41,13,13,0.0324656687001282
974,e_demand,2030,41,14,14,0.0324656687001282
975,e_demand,2030,41,15,15,0.0025972534960102558
976,e_demand,2030,41,16,16,0.0324656687001282
977,e_demand,2030,41,17,17,0.0324656687001282
978,e_demand,2030,41,18,18,0.0324656687001282
979,e_demand,2030,41,19,19,0.0324656687001282
980,e_demand,2030,41,20,20,0.0324656687001282
981,e_demand,2030,41,21,21,0.0324656687001282
982,e_demand,2030,41,22,22,0.0324656687001282
983,e_demand,2030,41,23,23,0.0324656687001282
984,e_demand,2030,41,24,24,0.0324656687001282
985,e_demand,2030,42,1,1,0.7139960926111394
986,e_demand,2030,42,2,2,0.7139960926111394
987,e_demand,2030,42,3,3,0.7139960926111394
988,e_demand,2030,42,4,4,0.7139960926111394
989,e_demand,2030,42,5,5,0.7139960926111394
990,e_demand,2030,42,6,6,0.7139960926111394
991,e_demand,2030,42,7,7,0.7139960926111394
992,e_demand,2030,42,8,8,0.7139960926111394
993,e_demand,2030,42,9,9,0.7139960926111394
994,e_demand,2030,42,10,10,0.7139960926111394
995,e_demand,2030,42,11,11,0.7139960926111394
996,e_demand,2030,42,12,12,0.7139960926111394
997,e_demand,2030,42,13,13,0.7139960926111394
998,e_demand,2030,42,14,14,0.7139960926111394
999,e_demand,2030,42,15,15,0.7139960926111394
1000,e_demand,2030,42,16,16,0.7139960926111394
1001,e_demand,2030,42,17,17,0.7139960926111394
1002,e_demand,2030,42,18,18,0.7139960926111394
1003,e_demand,2030,42,19,19,0.7139960926111394
1004,e_demand,2030,42,20,20,0.7139960926111394
1005,e_demand,2030,42,21,21,0.7139960926111394
1006,e_demand,2030,42,22,22,0.7139960926111394
1007,e_demand,2030,42,23,23,0.7139960926111394
1008,e_demand,2030,42,24,24,0.7139960926111394
1009,e_demand,2030,43,1,1,0.05926564710473356
1010,e_demand,2030,43,2,2,0.05926564710473356
1011,e_demand,2030,43,3,3,0.05926564710473356
1012,e_demand,2030,43,4,4,0.05926564710473356
1013,e_demand,2030,43,5,5,0.05926564710473356
1014,e_demand,2030,43,6,6,0.05926564710473356
1015,e_demand,2030,43,7,7,0.05926564710473356
1016,e_demand,2030,43,8,8,0.05926564710473356
1017,e_demand,2030,43,9,9,0.05926564710473356
1018,e_demand,2030,43,10,10,0.05926564710473356
1019,e_demand,2030,43,11,11,0.004741251768378685
1020,e_demand,2030,43,12,12,0.0023706258841893423
1021,e_demand,2030,43,13,13,0.0023706258841893423
1022,e_demand,2030,43,14,14,0.0023706258841893423
1023,e_demand,2030,43,15,15,0.0023706258841893423
1024,e_demand,2030,43,16,16,0.004741251768378685
1025,e_demand,2030,43,17,17,0.05926564710473356
1026,e_demand,2030,43,18,18,0.05926564710473356
1027,e_demand,2030,43,19,19,0.05926564710473356
1028,e_demand,2030,43,20,20,0.05926564710473356
1029,e_demand,2030,43,21,21,0.05926564710473356
1030,e_demand,2030,43,22,22,0.05926564710473356
1031,e_demand,2030,43,23,23,0.05926564710473356
1032,e_demand,2030,43,24,24,0.05926564710473356
1033,e_demand,2030,44,1,1,0.032992199091955304
1034,e_demand,2030,44,2,2,0.032992199091955304
1035,e_demand,2030,44,3,3,0.032992199091955304
1036,e_demand,2030,44,4,4,0.032992199091955304
1037,e_demand,2030,44,5,5,0.032992199091955304
1038,e_demand,2030,44,6,6,0.032992199091955304
1039,e_demand,2030,44,7,7,0.032992199091955304
1040,e_demand,2030,44,8,8,0.032992199091955304
1041,e_demand,2030,44,9,9,0.032992199091955304
1042,e_demand,2030,44,10,10,0.032992199091955304
1043,e_demand,2030,44,11,11,0.0026393759273564245
1044,e_demand,2030,44,12,12,0.0013196879636782123
1045,e_demand,2030,44,13,13,0.0013196879636782123
1046,e_demand,2030,44,14,14,0.0013196879636782123
1047,e_demand,2030,44,15,15,0.0013196879636782123
1048,e_demand,2030,44,16,16,0.0013196879636782123
1049,e_demand,2030,44,17,17,0.0013196879636782123
1050,e_demand,2030,44,18,18,0.032992199091955304
1051,e_demand,2030,44,19,19,0.032992199091955304
1052,e_demand,2030,44,20,20,0.032992199091955304
1053,e_demand,2030,44,21,21,0.032992199091955304
1054,e_demand,2030,44,22,22,0.032992199091955304
1055,e_demand,2030,44,23,23,0.032992199091955304
1056,e_demand,2030,44,24,24,0.032992199091955304
1057,e_demand,2030,45,1,1,0.253342393077446
1058,e_demand,2030,45,2,2,0.253342393077446
1059,e_demand,2030,45,3,3,0.253342393077446
1060,e_demand,2030,45,4,4,0.253342393077446
1061,e_demand,2030,45,5,5,0.253342393077446
1062,e_demand,2030,45,6,6,0.253342393077446
1063,e_demand,2030,45,7,7,0.253342393077446
1064,e_demand,2030,45,8,8,0.253342393077446
1065,e_demand,2030,45,9,9,0.3546793503084244
1066,e_demand,2030,45,10,10,0.3546793503084244
1067,e_demand,2030,45,11,11,0.3546793503084244
1068,e_demand,2030,45,12,12,0.3546793503084244
1069,e_demand,2030,45,13,13,0.3546793503084244
1070,e_demand,2030,45,14,14,0.3546793503084244
1071,e_demand,2030,45,15,15,0.3546793503084244
1072,e_demand,2030,45,16,16,0.3546793503084244
1073,e_demand,2030,45,17,17,14.355920932811792
1074,e_demand,2030,45,18,18,0.3546793503084244
1075,e_demand,2030,45,19,19,0.3546793503084244
1076,e_demand,2030,45,20,20,16.920801839381745
1077,e_demand,2030,45,21,21,0.3546793503084244
1078,e_demand,2030,45,22,22,0.3546793503084244
1079,e_demand,2030,45,23,23,0.3546793503084244
1080,e_demand,2030,45,24,24,0.253342393077446
1081,e_demand,2030,46,1,1,0.03645554792685734
1082,e_demand,2030,46,2,2,0.03645554792685734
1083,e_demand,2030,46,3,3,0.03645554792685734
1084,e_demand,2030,46,4,4,0.03645554792685734
1085,e_demand,2030,46,5,5,0.03645554792685734
1086,e_demand,2030,46,6,6,0.03645554792685734
1087,e_demand,2030,46,7,7,0.03645554792685734
1088,e_demand,2030,46,8,8,0.03645554792685734
1089,e_demand,2030,46,9,9,0.03645554792685734
1090,e_demand,2030,46,10,10,0.03645554792685734
1091,e_demand,2030,46,11,11,0.03645554792685734
1092,e_demand,2030,46,12,12,0.03645554792685734
1093,e_demand,2030,46,13,13,0.0014582219170742937
1094,e_demand,2030,46,14,14,0.0014582219170742937
1095,e_demand,2030,46,15,15,0.0014582219170742937
1096,e_demand,2030,46,16,16,0.03645554792685734
1097,e_demand,2030,46,17,17,0.03645554792685734
1098,e_demand,2030,46,18,18,0.03645554792685734
1099,e_demand,2030,46,19,19,0.03645554792685734
1100,e_demand,2030,46,20,20,0.03645554792685734
1101,e_demand,2030,46,21,21,0.03645554792685734
1102,e_demand,2030,46,22,22,0.03645554792685734
1103,e_demand,2030,46,23,23,0.03645554792685734
1104,e_demand,2030,46,24,24,0.03645554792685734
1105,e_demand,2030,47,1,1,0.03770879747792483
1106,e_demand,2030,47,2,2,0.03770879747792483
1107,e_demand,2030,47,3,3,0.03770879747792483
1108,e_demand,2030,47,4,4,0.03770879747792483
1109,e_demand,2030,47,5,5,0.03770879747792483
1110,e_demand,2030,47,6,6,0.03770879747792483
1111,e_demand,2030,47,7,7,0.03770879747792483
1112,e_demand,2030,47,8,8,0.03770879747792483
1113,e_demand,2030,47,9,9,0.03770879747792483
1114,e_demand,2030,47,10,10,0.0015083518991169929
1115,e_demand,2030,47,11,11,0.0015083518991169929
1116,e_demand,2030,47,12,12,0.0015083518991169929
1117,e_demand,2030,47,13,13,0.0015083518991169929
1118,e_demand,2030,47,14,14,0.0015083518991169929
1119,e_demand,2030,47,15,15,0.0015083518991169929
1120,e_demand,2030,47,16,16,0.0015083518991169929
1121,e_demand,2030,47,17,17,0.0015083518991169929
1122,e_demand,2030,47,18,18,0.03770879747792483
1123,e_demand,2030,47,19,19,0.03770879747792483
1124,e_demand,2030,47,20,20,0.03770879747792483
1125,e_demand,2030,47,21,21,0.03770879747792483
1126,e_demand,2030,47,22,22,0.03770879747792483
1127,e_demand,2030,47,23,23,0.03770879747792483
1128,e_demand,2030,47,24,24,0.03770879747792483
1129,e_demand,2030,48,1,1,0.0364555326474803
1130,e_demand,2030,48,2,2,0.0364555326474803
1131,e_demand,2030,48,3,3,0.0364555326474803
1132,e_demand,2030,48,4,4,0.0364555326474803
1133,e_demand,2030,48,5,5,0.0364555326474803
1134,e_demand,2030,48,6,6,0.0364555326474803
1135,e_demand,2030,48,7,7,0.0364555326474803
1136,e_demand,2030,48,8,8,0.0364555326474803
1137,e_demand,2030,48,9,9,0.0364555326474803
1138,e_demand,2030,48,10,10,0.0364555326474803
1139,e_demand,2030,48,11,11,0.0364555326474803
1140,e_demand,2030,48,12,12,0.001458221305899212
1141,e_demand,2030,48,13,13,0.001458221305899212
1142,e_demand,2030,48,14,14,0.001458221305899212
1143,e_demand,2030,48,15,15,0.001458221305899212
1144,e_demand,2030,48,16,16,0.001458221305899212
1145,e_demand,2030,48,17,17,0.002916442611798424
1146,e_demand,2030,48,18,18,0.002916442611798424
1147,e_demand,2030,48,19,19,0.0364555326474803
1148,e_demand,2030,48,20,20,0.0364555326474803
1149,e_demand,2030,48,21,21,0.0364555326474803
1150,e_demand,2030,48,22,22,0.0364555326474803
1151,e_demand,2030,48,23,23,0.001458221305899212
1152,e_demand,2030,48,24,24,0.001458221305899212
1153,e_demand,2030,49,1,1,0.06043739346004445
1154,e_demand,2030,49,2,2,0.06043739346004445
1155,e_demand,2030,49,3,3,0.06043739346004445
1156,e_demand,2030,49,4,4,0.06043739346004445
1157,e_demand,2030,49,5,5,0.06043739346004445
1158,e_demand,2030,49,6,6,0.06043739346004445
1159,e_demand,2030,49,7,7,0.06043739346004445
1160,e_demand,2030,49,8,8,0.06043739346004445
1161,e_demand,2030,49,9,9,0.06043739346004445
1162,e_demand,2030,49,10,10,0.06043739346004445
1163,e_demand,2030,49,11,11,0.06043739346004445
1164,e_demand,2030,49,12,12,0.002417495738401778
1165,e_demand,2030,49,13,13,0.002417495738401778
1166,e_demand,2030,49,14,14,0.002417495738401778
1167,e_demand,2030,49,15,15,0.002417495738401778
1168,e_demand,2030,49,16,16,0.002417495738401778
1169,e_demand,2030,49,17,17,0.002417495738401778
1170,e_demand,2030,49,18,18,0.002417495738401778
1171,e_demand,2030,49,19,19,0.004834991476803556
1172,e_demand,2030,49,20,20,0.06043739346004445
1173,e_demand,2030,49,21,21,0.06043739346004445
1174,e_demand,2030,49,22,22,0.06043739346004445
1175,e_demand,2030,49,23,23,0.002417495738401778
1176,e_demand,2030,49,24,24,0.002417495738401778
1177,e_demand,2030,50,1,1,0.03592784221078987
1178,e_demand,2030,50,2,2,0.03592784221078987
1179,e_demand,2030,50,3,3,0.03592784221078987
1180,e_demand,2030,50,4,4,0.03592784221078987
1181,e_demand,2030,50,5,5,0.03592784221078987
1182,e_demand,2030,50,6,6,0.03592784221078987
1183,e_demand,2030,50,7,7,0.03592784221078987
1184,e_demand,2030,50,8,8,0.03592784221078987
1185,e_demand,2030,50,9,9,0.03592784221078987
1186,e_demand,2030,50,10,10,0.03592784221078987
1187,e_demand,2030,50,11,11,0.03592784221078987
1188,e_demand,2030,50,12,12,0.03592784221078987
1189,e_demand,2030,50,13,13,0.00287422737686319
1190,e_demand,2030,50,14,14,0.001437113688431595
1191,e_demand,2030,50,15,15,0.001437113688431595
1192,e_demand,2030,50,16,16,0.00287422737686319
1193,e_demand,2030,50,17,17,0.03592784221078987
1194,e_demand,2030,50,18,18,0.03592784221078987
1195,e_demand,2030,50,19,19,0.03592784221078987
1196,e_demand,2030,50,20,20,0.03592784221078987
1197,e_demand,2030,50,21,21,0.03592784221078987
1198,e_demand,2030,50,22,22,0.03592784221078987
1199,e_demand,2030,50,23,23,0.03592784221078987
1200,e_demand,2030,50,24,24,0.03592784221078987
1201,e_demand,2030,51,1,1,0.14936435124429884
1202,e_demand,2030,51,2,2,0.14936435124429884
1203,e_demand,2030,51,3,3,0.14936435124429884
1204,e_demand,2030,51,4,4,0.14936435124429884
1205,e_demand,2030,51,5,5,0.14936435124429884
1206,e_demand,2030,51,6,6,0.14936435124429884
1207,e_demand,2030,51,7,7,0.14936435124429884
1208,e_demand,2030,51,8,8,0.14936435124429884
1209,e_demand,2030,51,9,9,0.14936435124429884
1210,e_demand,2030,51,10,10,0.14936435124429884
1211,e_demand,2030,51,11,11,0.14936435124429884
1212,e_demand,2030,51,12,12,0.14936435124429884
1213,e_demand,2030,51,13,13,0.14936435124429884
1214,e_demand,2030,51,14,14,0.14936435124429884
1215,e_demand,2030,51,15,15,0.14936435124429884
1216,e_demand,2030,51,16,16,0.14936435124429884
1217,e_demand,2030,51,17,17,0.14936435124429884
1218,e_demand,2030,51,18,18,0.14936435124429884
1219,e_demand,2030,51,19,19,0.14936435124429884
1220,e_demand,2030,51,20,20,0.14936435124429884
1221,e_demand,2030,51,21,21,0.14936435124429884
1222,e_demand,2030,51,22,22,0.14936435124429884
1223,e_demand,2030,51,23,23,0.14936435124429884
1224,e_demand,2030,51,24,24,0.14936435124429884
1225,e_demand,2030,52,1,1,0.07711673255231405
1226,e_demand,2030,52,2,2,0.07711673255231405
1227,e_demand,2030,52,3,3,0.07711673255231405
1228,e_demand,2030,52,4,4,0.07711673255231405
1229,e_demand,2030,52,5,5,0.07711673255231405
1230,e_demand,2030,52,6,6,0.07711673255231405
1231,e_demand,2030,52,7,7,0.07711673255231405
1232,e_demand,2030,52,8,8,0.07711673255231405
1233,e_demand,2030,52,9,9,0.07711673255231405
1234,e_demand,2030,52,10,10,0.07711673255231405
1235,e_demand,2030,52,11,11,0.07711673255231405
1236,e_demand,2030,52,12,12,0.07711673255231405
1237,e_demand,2030,52,13,13,0.07711673255231405
1238,e_demand,2030,52,14,14,0.07711673255231405
1239,e_demand,2030,52,15,15,0.07711673255231405
1240,e_demand,2030,52,16,16,0.07711673255231405
1241,e_demand,2030,52,17,17,0.07711673255231405
1242,e_demand,2030,52,18,18,0.07711673255231405
1243,e_demand,2030,52,19,19,0.07711673255231405
1244,e_demand,2030,52,20,20,0.07711673255231405
1245,e_demand,2030,52,21,21,0.07711673255231405
1246,e_demand,2030,52,22,22,0.07711673255231405
1247,e_demand,2030,52,23,23,0.07711673255231405
1248,e_demand,2030,52,24,24,0.07711673255231405
1249,e_demand,2030,53,1,1,0.0876204173522537
1250,e_demand,2030,53,2,2,0.0876204173522537
1251,e_demand,2030,53,3,3,0.0876204173522537
1252,e_demand,2030,53,4,4,0.0876204173522537
1253,e_demand,2030,53,5,5,0.0876204173522537
1254,e_demand,2030,53,6,6,0.0876204173522537
1255,e_demand,2030,53,7,7,0.0876204173522537
1256,e_demand,2030,53,8,8,0.0876204173522537
1257,e_demand,2030,53,9,9,0.0876204173522537
1258,e_demand,2030,53,10,10,0.0876204173522537
1259,e_demand,2030,53,11,11,0.0876204173522537
1260,e_demand,2030,53,12,12,0.0876204173522537
1261,e_demand,2030,53,13,13,0.0876204173522537
1262,e_demand,2030,53,14,14,0.0876204173522537
1263,e_demand,2030,53,15,15,0.0876204173522537
1264,e_demand,2030,53,16,16,0.0876204173522537
1265,e_demand,2030,53,17,17,0.0876204173522537
1266,e_demand,2030,53,18,18,0.0876204173522537
1267,e_demand,2030,53,19,19,0.0876204173522537
1268,e_demand,2030,53,20,20,0.0876204173522537
1269,e_demand,2030,53,21,21,0.0876204173522537
1270,e_demand,2030,53,22,22,0.0876204173522537
1271,e_demand,2030,53,23,23,0.0876204173522537
1272,e_demand,2030,53,24,24,0.0876204173522537
1273,e_demand,2030,54,1,1,0.032740675800290074
1274,e_demand,2030,54,2,2,0.032740675800290074
1275,e_demand,2030,54,3,3,0.032740675800290074
1276,e_demand,2030,54,4,4,0.032740675800290074
1277,e_demand,2030,54,5,5,0.032740675800290074
1278,e_demand,2030,54,6,6,0.032740675800290074
1279,e_demand,2030,54,7,7,0.032740675800290074
1280,e_demand,2030,54,8,8,0.032740675800290074
1281,e_demand,2030,54,9,9,0.032740675800290074
1282,e_demand,2030,54,10,10,0.032740675800290074
1283,e_demand,2030,54,11,11,0.032740675800290074
1284,e_demand,2030,54,12,12,0.032740675800290074
1285,e_demand,2030,54,13,13,0.032740675800290074
1286,e_demand,2030,54,14,14,0.032740675800290074
1287,e_demand,2030,54,15,15,0.032740675800290074
1288,e_demand,2030,54,16,16,0.032740675800290074
1289,e_demand,2030,54,17,17,0.032740675800290074
1290,e_demand,2030,54,18,18,0.032740675800290074
1291,e_demand,2030,54,19,19,0.032740675800290074
1292,e_demand,2030,54,20,20,0.032740675800290074
1293,e_demand,2030,54,21,21,0.032740675800290074
1294,e_demand,2030,54,22,22,0.032740675800290074
1295,e_demand,2030,54,23,23,0.032740675800290074
1296,e_demand,2030,54,24,24,0.032740675800290074
1297,e_demand,2030,55,1,1,0.05783560958635018
1298,e_demand,2030,55,2,2,0.05783560958635018
1299,e_demand,2030,55,3,3,0.05783560958635018
1300,e_demand,2030,55,4,4,0.05783560958635018
1301,e_demand,2030,55,5,5,0.05783560958635018
1302,e_demand,2030,55,6,6,0.05783560958635018
1303,e_demand,2030,55,7,7,0.05783560958635018
1304,e_demand,2030,55,8,8,0.05783560958635018
1305,e_demand,2030,55,9,9,0.05783560958635018
1306,e_demand,2030,55,10,10,0.05783560958635018
1307,e_demand,2030,55,11,11,0.05783560958635018
1308,e_demand,2030,55,12,12,0.05783560958635018
1309,e_demand,2030,55,13,13,0.05783560958635018
1310,e_demand,2030,55,14,14,0.05783560958635018
1311,e_demand,2030,55,15,15,0.05783560958635018
1312,e_demand,2030,55,16,16,0.05783560958635018
1313,e_demand,2030,55,17,17,0.05783560958635018
1314,e_demand,2030,55,18,18,0.05783560958635018
1315,e_demand,2030,55,19,19,0.05783560958635018
1316,e_demand,2030,55,20,20,0.05783560958635018
1317,e_demand,2030,55,21,21,0.05783560958635018
1318,e_demand,2030,55,22,22,0.05783560958635018
1319,e_demand,2030,55,23,23,0.05783560958635018
1320,e_demand,2030,55,24,24,0.05783560958635018
1321,e_demand,2030,56,1,1,0.0012323488257171287
1322,e_demand,2030,56,2,2,0.0012323488257171287
1323,e_demand,2030,56,3,3,0.0012323488257171287
1324,e_demand,2030,56,4,4,0.0012323488257171287
1325,e_demand,2030,56,5,5,0.0012323488257171287
1326,e_demand,2030,56,6,6,0.0012323488257171287
1327,e_demand,2030,56,7,7,0.0012323488257171287
1328,e_demand,2030,56,8,8,0.0024646976514342573
1329,e_demand,2030,56,9,9,0.0024646976514342573
1330,e_demand,2030,56,10,10,0.0012323488257171287
1331,e_demand,2030,56,11,11,0.0012323488257171287
1332,e_demand,2030,56,12,12,0.0012323488257171287
1333,e_demand,2030,56,13,13,0.0012323488257171287
1334,e_demand,2030,56,14,14,0.0012323488257171287
1335,e_demand,2030,56,15,15,0.0012323488257171287
1336,e_demand,2030,56,16,16,0.0012323488257171287
1337,e_demand,2030,56,17,17,0.03080872064292822
1338,e_demand,2030,56,18,18,0.03080872064292822
1339,e_demand,2030,56,19,19,0.03080872064292822
1340,e_demand,2030,56,20,20,0.03080872064292822
1341,e_demand,2030,56,21,21,0.03080872064292822
1342,e_demand,2030,56,22,22,0.03080872064292822
1343,e_demand,2030,56,23,23,0.03080872064292822
1344,e_demand,2030,56,24,24,0.03080872064292822
1345,e_demand,2030,57,1,1,0.05127022628179992
1346,e_demand,2030,57,2,2,0.05127022628179992
1347,e_demand,2030,57,3,3,0.05127022628179992
1348,e_demand,2030,57,4,4,0.05127022628179992
1349,e_demand,2030,57,5,5,0.05127022628179992
1350,e_demand,2030,57,6,6,0.05127022628179992
1351,e_demand,2030,57,7,7,0.05127022628179992
1352,e_demand,2030,57,8,8,0.05127022628179992
1353,e_demand,2030,57,9,9,0.05127022628179992
1354,e_demand,2030,57,10,10,0.05127022628179992
1355,e_demand,2030,57,11,11,0.05127022628179992
1356,e_demand,2030,57,12,12,0.05127022628179992
1357,e_demand,2030,57,13,13,0.05127022628179992
1358,e_demand,2030,57,14,14,0.05127022628179992
1359,e_demand,2030,57,15,15,0.05127022628179992
1360,e_demand,2030,57,16,16,0.05127022628179992
1361,e_demand,2030,57,17,17,0.05127022628179992
1362,e_demand,2030,57,18,18,0.05127022628179992
1363,e_demand,2030,57,19,19,0.05127022628179992
1364,e_demand,2030,57,20,20,0.05127022628179992
1365,e_demand,2030,57,21,21,0.05127022628179992
1366,e_demand,2030,57,22,22,0.05127022628179992
1367,e_demand,2030,57,23,23,0.05127022628179992
1368,e_demand,2030,57,24,24,0.05127022628179992
1369,e_demand,2030,58,1,1,0.08591465016082026
1370,e_demand,2030,58,2,2,0.08591465016082026
1371,e_demand,2030,58,3,3,0.08591465016082026
1372,e_demand,2030,58,4,4,0.08591465016082026
1373,e_demand,2030,58,5,5,0.08591465016082026
1374,e_demand,2030,58,6,6,0.08591465016082026
1375,e_demand,2030,58,7,7,0.08591465016082026
1376,e_demand,2030,58,8,8,0.08591465016082026
1377,e_demand,2030,58,9,9,0.00343658600643281
1378,e_demand,2030,58,10,10,0.00343658600643281
1379,e_demand,2030,58,11,11,0.00343658600643281
1380,e_demand,2030,58,12,12,0.00343658600643281
1381,e_demand,2030,58,13,13,0.00343658600643281
1382,e_demand,2030,58,14,14,0.00343658600643281
1383,e_demand,2030,58,15,15,0.00343658600643281
1384,e_demand,2030,58,16,16,0.00343658600643281
1385,e_demand,2030,58,17,17,0.00343658600643281
1386,e_demand,2030,58,18,18,0.08591465016082026
1387,e_demand,2030,58,19,19,0.08591465016082026
1388,e_demand,2030,58,20,20,0.08591465016082026
1389,e_demand,2030,58,21,21,0.08591465016082026
1390,e_demand,2030,58,22,22,0.08591465016082026
1391,e_demand,2030,58,23,23,0.08591465016082026
1392,e_demand,2030,58,24,24,0.08591465016082026
1393,e_demand,2030,59,1,1,0.0637169613790778
1394,e_demand,2030,59,2,2,0.0637169613790778
1395,e_demand,2030,59,3,3,0.0637169613790778
1396,e_demand,2030,59,4,4,0.0637169613790778
1397,e_demand,2030,59,5,5,0.0637169613790778
1398,e_demand,2030,59,6,6,0.0637169613790778
1399,e_demand,2030,59,7,7,0.0637169613790778
1400,e_demand,2030,59,8,8,0.0637169613790778
1401,e_demand,2030,59,9,9,0.0637169613790778
1402,e_demand,2030,59,10,10,0.0637169613790778
1403,e_demand,2030,59,11,11,0.0637169613790778
1404,e_demand,2030,59,12,12,0.002548678455163112
1405,e_demand,2030,59,13,13,0.002548678455163112
1406,e_demand,2030,59,14,14,0.002548678455163112
1407,e_demand,2030,59,15,15,0.002548678455163112
1408,e_demand,2030,59,16,16,0.002548678455163112
1409,e_demand,2030,59,17,17,0.002548678455163112
1410,e_demand,2030,59,18,18,0.002548678455163112
1411,e_demand,2030,59,19,19,0.0637169613790778
1412,e_demand,2030,59,20,20,0.0637169613790778
1413,e_demand,2030,59,21,21,0.0637169613790778
1414,e_demand,2030,59,22,22,0.0637169613790778
1415,e_demand,2030,59,23,23,0.0637169613790778
1416,e_demand,2030,59,24,24,0.0637169613790778
1417,e_demand,2030,60,1,1,0.0015982894185930664
1418,e_demand,2030,60,2,2,0.0015982894185930664
1419,e_demand,2030,60,3,3,0.0015982894185930664
1420,e_demand,2030,60,4,4,0.0015982894185930664
1421,e_demand,2030,60,5,5,0.0015982894185930664
1422,e_demand,2030,60,6,6,0.0015982894185930664
1423,e_demand,2030,60,7,7,0.0015982894185930664
1424,e_demand,2030,60,8,8,0.0015982894185930664
1425,e_demand,2030,60,9,9,0.0015982894185930664
1426,e_demand,2030,60,10,10,0.0015982894185930664
1427,e_demand,2030,60,11,11,0.0015982894185930664
1428,e_demand,2030,60,12,12,0.0015982894185930664
1429,e_demand,2030,60,13,13,0.0015982894185930664
1430,e_demand,2030,60,14,14,0.0015982894185930664
1431,e_demand,2030,60,15,15,0.0015982894185930664
1432,e_demand,2030,60,16,16,0.0015982894185930664
1433,e_demand,2030,60,17,17,0.0015982894185930664
1434,e_demand,2030,60,18,18,0.0015982894185930664
1435,e_demand,2030,60,19,19,0.0015982894185930664
1436,e_demand,2030,60,20,20,0.0015982894185930664
1437,e_demand,2030,60,21,21,0.0015982894185930664
1438,e_demand,2030,60,22,22,0.0015982894185930664
1439,e_demand,2030,60,23,23,0.0015982894185930664
1440,e_demand,2030,60,24,24,0.0015982894185930664
1441,e_demand,2030,61,1,1,0.3477092443495673
1442,e_demand,2030,61,2,2,0.3477092443495673
1443,e_demand,2030,61,3,3,0.3477092443495673
1444,e_demand,2030,61,4,4,0.3477092443495673
1445,e_demand,2030,61,5,5,0.3477092443495673
1446,e_demand,2030,61,6,6,0.3477092443495673
1447,e_demand,2030,61,7,7,0.3477092443495673
1448,e_demand,2030,61,8,8,0.3477092443495673
1449,e_demand,2030,61,9,9,0.3477092443495673
1450,e_demand,2030,61,10,10,0.3477092443495673
1451,e_demand,2030,61,11,11,0.3477092443495673
1452,e_demand,2030,61,12,12,0.3477092443495673
1453,e_demand,2030,61,13,13,0.3477092443495673
1454,e_demand,2030,61,14,14,0.3477092443495673
1455,e_demand,2030,61,15,15,0.3477092443495673
1456,e_demand,2030,61,16,16,0.3477092443495673
1457,e_demand,2030,61,17,17,0.3477092443495673
1458,e_demand,2030,61,18,18,0.3477092443495673
1459,e_demand,2030,61,19,19,0.3477092443495673
1460,e_demand,2030,61,20,20,0.3477092443495673
1461,e_demand,2030,61,21,21,0.3477092443495673
1462,e_demand,2030,61,22,22,0.3477092443495673
1463,e_demand,2030,61,23,23,0.3477092443495673
1464,e_demand,2030,61,24,24,0.3477092443495673
1465,e_demand,2030,62,1,1,0.0031945647053572552
1466,e_demand,2030,62,2,2,0.0031945647053572552
1467,e_demand,2030,62,3,3,0.0031945647053572552
1468,e_demand,2030,62,4,4,0.0031945647053572552
1469,e_demand,2030,62,5,5,0.0031945647053572552
1470,e_demand,2030,62,6,6,0.03993205881696569
1471,e_demand,2030,62,7,7,0.03993205881696569
1472,e_demand,2030,62,8,8,0.03993205881696569
1473,e_demand,2030,62,9,9,0.03993205881696569
1474,e_demand,2030,62,10,10,0.0031945647053572552
1475,e_demand,2030,62,11,11,0.0015972823526786276
1476,e_demand,2030,62,12,12,0.0015972823526786276
1477,e_demand,2030,62,13,13,0.0015972823526786276
1478,e_demand,2030,62,14,14,0.0015972823526786276
1479,e_demand,2030,62,15,15,0.0015972823526786276
1480,e_demand,2030,62,16,16,0.0015972823526786276
1481,e_demand,2030,62,17,17,0.0015972823526786276
1482,e_demand,2030,62,18,18,0.03993205881696569
1483,e_demand,2030,62,19,19,0.03993205881696569
1484,e_demand,2030,62,20,20,0.03993205881696569
1485,e_demand,2030,62,21,21,0.03993205881696569
1486,e_demand,2030,62,22,22,0.03993205881696569
1487,e_demand,2030,62,23,23,0.03993205881696569
1488,e_demand,2030,62,24,24,0.03993205881696569
1489,e_demand,2030,63,1,1,0.07014158332863783
1490,e_demand,2030,63,2,2,0.07014158332863783
1491,e_demand,2030,63,3,3,0.07014158332863783
1492,e_demand,2030,63,4,4,0.07014158332863783
1493,e_demand,2030,63,5,5,0.07014158332863783
1494,e_demand,2030,63,6,6,0.07014158332863783
1495,e_demand,2030,63,7,7,0.07014158332863783
1496,e_demand,2030,63,8,8,0.07014158332863783
1497,e_demand,2030,63,9,9,0.07014158332863783
1498,e_demand,2030,63,10,10,0.07014158332863783
1499,e_demand,2030,63,11,11,0.07014158332863783
1500,e_demand,2030,63,12,12,0.07014158332863783
1501,e_demand,2030,63,13,13,0.07014158332863783
1502,e_demand,2030,63,14,14,0.07014158332863783
1503,e_demand,2030,63,15,15,0.07014158332863783
1504,e_demand,2030,63,16,16,0.07014158332863783
1505,e_demand,2030,63,17,17,0.07014158332863783
1506,e_demand,2030,63,18,18,0.07014158332863783
1507,e_demand,2030,63,19,19,0.07014158332863783
1508,e_demand,2030,63,20,20,0.07014158332863783
1509,e_demand,2030,63,21,21,0.07014158332863783
1510,e_demand,2030,63,22,22,0.07014158332863783
1511,e_demand,2030,63,23,23,0.07014158332863783
1512,e_demand,2030,63,24,24,0.07014158332863783
1513,e_demand,2030,64,1,1,0.28194795655447863
1514,e_demand,2030,64,2,2,0.28194795655447863
1515,e_demand,2030,64,3,3,0.28194795655447863
1516,e_demand,2030,64,4,4,0.28194795655447863
1517,e_demand,2030,64,5,5,0.28194795655447863
1518,e_demand,2030,64,6,6,0.28194795655447863
1519,e_demand,2030,64,7,7,0.28194795655447863
1520,e_demand,2030,64,8,8,0.28194795655447863
1521,e_demand,2030,64,9,9,0.28194795655447863
1522,e_demand,2030,64,10,10,0.28194795655447863
1523,e_demand,2030,64,11,11,0.28194795655447863
1524,e_demand,2030,64,12,12,0.28194795655447863
1525,e_demand,2030,64,13,13,0.28194795655447863
1526,e_demand,2030,64,14,14,0.28194795655447863
1527,e_demand,2030,64,15,15,0.28194795655447863
1528,e_demand,2030,64,16,16,0.28194795655447863
1529,e_demand,2030,64,17,17,0.28194795655447863
1530,e_demand,2030,64,18,18,0.28194795655447863
1531,e_demand,2030,64,19,19,0.28194795655447863
1532,e_demand,2030,64,20,20,0.28194795655447863
1533,e_demand,2030,64,21,21,0.28194795655447863
1534,e_demand,2030,64,22,22,0.28194795655447863
1535,e_demand,2030,64,23,23,0.28194795655447863
1536,e_demand,2030,64,24,24,0.28194795655447863
1537,e_demand,2030,65,1,1,0.056240191473805115
1538,e_demand,2030,65,2,2,0.056240191473805115
1539,e_demand,2030,65,3,3,0.056240191473805115
1540,e_demand,2030,65,4,4,0.056240191473805115
1541,e_demand,2030,65,5,5,0.056240191473805115
1542,e_demand,2030,65,6,6,0.056240191473805115
1543,e_demand,2030,65,7,7,0.056240191473805115
1544,e_demand,2030,65,8,8,0.056240191473805115
1545,e_demand,2030,65,9,9,0.056240191473805115
1546,e_demand,2030,65,10,10,0.004499215317904409
1547,e_demand,2030,65,11,11,0.0022496076589522047
1548,e_demand,2030,65,12,12,0.0022496076589522047
1549,e_demand,2030,65,13,13,0.0022496076589522047
1550,e_demand,2030,65,14,14,0.0022496076589522047
1551,e_demand,2030,65,15,15,0.0022496076589522047
1552,e_demand,2030,65,16,16,0.0022496076589522047
1553,e_demand,2030,65,17,17,0.0022496076589522047
1554,e_demand,2030,65,18,18,0.004499215317904409
1555,e_demand,2030,65,19,19,0.056240191473805115
1556,e_demand,2030,65,20,20,0.056240191473805115
1557,e_demand,2030,65,21,21,0.056240191473805115
1558,e_demand,2030,65,22,22,0.056240191473805115
1559,e_demand,2030,65,23,23,0.004499215317904409
1560,e_demand,2030,65,24,24,0.056240191473805115
1561,e_demand,2030,66,1,1,0.04121750367445631
1562,e_demand,2030,66,2,2,0.04121750367445631
1563,e_demand,2030,66,3,3,0.04121750367445631
1564,e_demand,2030,66,4,4,0.0016487001469782526
1565,e_demand,2030,66,5,5,0.0016487001469782526
1566,e_demand,2030,66,6,6,0.0016487001469782526
1567,e_demand,2030,66,7,7,0.0016487001469782526
1568,e_demand,2030,66,8,8,0.0016487001469782526
1569,e_demand,2030,66,9,9,0.0016487001469782526
1570,e_demand,2030,66,10,10,0.0016487001469782526
1571,e_demand,2030,66,11,11,0.0016487001469782526
1572,e_demand,2030,66,12,12,0.0016487001469782526
1573,e_demand,2030,66,13,13,0.0016487001469782526
1574,e_demand,2030,66,14,14,0.0016487001469782526
1575,e_demand,2030,66,15,15,0.0016487001469782526
1576,e_demand,2030,66,16,16,0.0016487001469782526
1577,e_demand,2030,66,17,17,0.0016487001469782526
1578,e_demand,2030,66,18,18,0.0016487001469782526
1579,e_demand,2030,66,19,19,0.009782305273866698
1580,e_demand,2030,66,20,20,0.04121750367445631
1581,e_demand,2030,66,21,21,0.04121750367445631
1582,e_demand,2030,66,22,22,0.04121750367445631
1583,e_demand,2030,66,23,23,0.04121750367445631
1584,e_demand,2030,66,24,24,0.04121750367445631
1585,e_demand,2030,67,1,1,0.056124458576097325
1586,e_demand,2030,67,2,2,0.056124458576097325
1587,e_demand,2030,67,3,3,0.056124458576097325
1588,e_demand,2030,67,4,4,0.056124458576097325
1589,e_demand,2030,67,5,5,0.056124458576097325
1590,e_demand,2030,67,6,6,0.056124458576097325
1591,e_demand,2030,67,7,7,0.056124458576097325
1592,e_demand,2030,67,8,8,0.056124458576097325
1593,e_demand,2030,67,9,9,0.056124458576097325
1594,e_demand,2030,67,10,10,0.056124458576097325
1595,e_demand,2030,67,11,11,0.056124458576097325
1596,e_demand,2030,67,12,12,0.056124458576097325
1597,e_demand,2030,67,13,13,0.056124458576097325
1598,e_demand,2030,67,14,14,0.056124458576097325
1599,e_demand,2030,67,15,15,0.056124458576097325
1600,e_demand,2030,67,16,16,0.056124458576097325
1601,e_demand,2030,67,17,17,0.056124458576097325
1602,e_demand,2030,67,18,18,0.056124458576097325
1603,e_demand,2030,67,19,19,0.056124458576097325
1604,e_demand,2030,67,20,20,0.056124458576097325
1605,e_demand,2030,67,21,21,0.056124458576097325
1606,e_demand,2030,67,22,22,0.056124458576097325
1607,e_demand,2030,67,23,23,0.056124458576097325
1608,e_demand,2030,67,24,24,0.056124458576097325
1609,e_demand,2030,68,1,1,0.06580581363054426
1610,e_demand,2030,68,2,2,0.06580581363054426
1611,e_demand,2030,68,3,3,0.06580581363054426
1612,e_demand,2030,68,4,4,0.06580581363054426
1613,e_demand,2030,68,5,5,0.06580581363054426
1614,e_demand,2030,68,6,6,0.06580581363054426
1615,e_demand,2030,68,7,7,0.06580581363054426
1616,e_demand,2030,68,8,8,0.06580581363054426
1617,e_demand,2030,68,9,9,0.06580581363054426
1618,e_demand,2030,68,10,10,0.06580581363054426
1619,e_demand,2030,68,11,11,0.00526446509044354
1620,e_demand,2030,68,12,12,0.00263223254522177
1621,e_demand,2030,68,13,13,0.00263223254522177
1622,e_demand,2030,68,14,14,0.00263223254522177
1623,e_demand,2030,68,15,15,0.00263223254522177
1624,e_demand,2030,68,16,16,0.06580581363054426
1625,e_demand,2030,68,17,17,0.06580581363054426
1626,e_demand,2030,68,18,18,0.06580581363054426
1627,e_demand,2030,68,19,19,0.06580581363054426
1628,e_demand,2030,68,20,20,0.06580581363054426
1629,e_demand,2030,68,21,21,0.06580581363054426
1630,e_demand,2030,68,22,22,0.06580581363054426
1631,e_demand,2030,68,23,23,0.06580581363054426
1632,e_demand,2030,68,24,24,0.06580581363054426
1633,e_demand,2030,69,1,1,0.0030501598141833876
1634,e_demand,2030,69,2,2,0.0030501598141833876
1635,e_demand,2030,69,3,3,0.0030501598141833876
1636,e_demand,2030,69,4,4,0.0030501598141833876
1637,e_demand,2030,69,5,5,0.0030501598141833876
1638,e_demand,2030,69,6,6,0.0030501598141833876
1639,e_demand,2030,69,7,7,0.03812699767729235
1640,e_demand,2030,69,8,8,0.03812699767729235
1641,e_demand,2030,69,9,9,0.03812699767729235
1642,e_demand,2030,69,10,10,0.03812699767729235
1643,e_demand,2030,69,11,11,0.0015250799070916938
1644,e_demand,2030,69,12,12,0.0015250799070916938
1645,e_demand,2030,69,13,13,0.0015250799070916938
1646,e_demand,2030,69,14,14,0.0015250799070916938
1647,e_demand,2030,69,15,15,0.0015250799070916938
1648,e_demand,2030,69,16,16,0.0015250799070916938
1649,e_demand,2030,69,17,17,0.0030501598141833876
1650,e_demand,2030,69,18,18,0.03812699767729235
1651,e_demand,2030,69,19,19,0.03812699767729235
1652,e_demand,2030,69,20,20,0.03812699767729235
1653,e_demand,2030,69,21,21,0.03812699767729235
1654,e_demand,2030,69,22,22,0.03812699767729235
1655,e_demand,2030,69,23,23,0.03812699767729235
1656,e_demand,2030,69,24,24,0.03812699767729235
1657,e_demand,2030,70,1,1,0.0427052351960678
1658,e_demand,2030,70,2,2,0.0427052351960678
1659,e_demand,2030,70,3,3,0.0427052351960678
1660,e_demand,2030,70,4,4,0.0427052351960678
1661,e_demand,2030,70,5,5,0.0427052351960678
1662,e_demand,2030,70,6,6,0.0427052351960678
1663,e_demand,2030,70,7,7,0.0427052351960678
1664,e_demand,2030,70,8,8,0.0427052351960678
1665,e_demand,2030,70,9,9,0.0427052351960678
1666,e_demand,2030,70,10,10,0.0427052351960678
1667,e_demand,2030,70,11,11,0.0427052351960678
1668,e_demand,2030,70,12,12,0.0427052351960678
1669,e_demand,2030,70,13,13,0.0427052351960678
1670,e_demand,2030,70,14,14,0.0427052351960678
1671,e_demand,2030,70,15,15,0.0427052351960678
1672,e_demand,2030,70,16,16,0.0427052351960678
1673,e_demand,2030,70,17,17,0.0427052351960678
1674,e_demand,2030,70,18,18,0.0427052351960678
1675,e_demand,2030,70,19,19,0.0427052351960678
1676,e_demand,2030,70,20,20,0.0427052351960678
1677,e_demand,2030,70,21,21,0.0427052351960678
1678,e_demand,2030,70,22,22,0.0427052351960678
1679,e_demand,2030,70,23,23,0.0427052351960678
1680,e_demand,2030,70,24,24,0.0427052351960678
1681,e_demand,2030,71,1,1,0.058963887663046735
1682,e_demand,2030,71,2,2,0.058963887663046735
1683,e_demand,2030,71,3,3,0.058963887663046735
1684,e_demand,2030,71,4,4,0.058963887663046735
1685,e_demand,2030,71,5,5,0.058963887663046735
1686,e_demand,2030,71,6,6,0.058963887663046735
1687,e_demand,2030,71,7,7,0.058963887663046735
1688,e_demand,2030,71,8,8,0.058963887663046735
1689,e_demand,2030,71,9,9,0.058963887663046735
1690,e_demand,2030,71,10,10,0.058963887663046735
1691,e_demand,2030,71,11,11,0.058963887663046735
1692,e_demand,2030,71,12,12,0.058963887663046735
1693,e_demand,2030,71,13,13,0.058963887663046735
1694,e_demand,2030,71,14,14,0.058963887663046735
1695,e_demand,2030,71,15,15,0.058963887663046735
1696,e_demand,2030,71,16,16,0.058963887663046735
1697,e_demand,2030,71,17,17,0.058963887663046735
1698,e_demand,2030,71,18,18,0.058963887663046735
1699,e_demand,2030,71,19,19,0.058963887663046735
1700,e_demand,2030,71,20,20,0.08254944272826543
1701,e_demand,2030,71,21,21,0.08254944272826543
1702,e_demand,2030,71,22,22,0.058963887663046735
1703,e_demand,2030,71,23,23,0.058963887663046735
1704,e_demand,2030,71,24,24,0.058963887663046735
1705,e_demand,2030,72,1,1,0.10326330318053317
1706,e_demand,2030,72,2,2,0.10326330318053317
1707,e_demand,2030,72,3,3,0.10326330318053317
1708,e_demand,2030,72,4,4,0.10326330318053317
1709,e_demand,2030,72,5,5,0.10326330318053317
1710,e_demand,2030,72,6,6,0.10326330318053317
1711,e_demand,2030,72,7,7,0.10326330318053317
1712,e_demand,2030,72,8,8,0.10326330318053317
1713,e_demand,2030,72,9,9,0.10326330318053317
1714,e_demand,2030,72,10,10,0.10326330318053317
1715,e_demand,2030,72,11,11,0.10326330318053317
1716,e_demand,2030,72,12,12,0.10326330318053317
1717,e_demand,2030,72,13,13,0.10326330318053317
1718,e_demand,2030,72,14,14,0.0041305321272213265
1719,e_demand,2030,72,15,15,0.10326330318053317
1720,e_demand,2030,72,16,16,0.10326330318053317
1721,e_demand,2030,72,17,17,0.10326330318053317
1722,e_demand,2030,72,18,18,0.10326330318053317
1723,e_demand,2030,72,19,19,0.10326330318053317
1724,e_demand,2030,72,20,20,0.10326330318053317
1725,e_demand,2030,72,21,21,0.10326330318053317
1726,e_demand,2030,72,22,22,0.10326330318053317
1727,e_demand,2030,72,23,23,0.10326330318053317
1728,e_demand,2030,72,24,24,0.10326330318053317
1729,e_demand,2030,73,1,1,0.05319694590804696
1730,e_demand,2030,73,2,2,0.05319694590804696
1731,e_demand,2030,73,3,3,0.05319694590804696
1732,e_demand,2030,73,4,4,0.05319694590804696
1733,e_demand,2030,73,5,5,0.05319694590804696
1734,e_demand,2030,73,6,6,0.05319694590804696
1735,e_demand,2030,73,7,7,0.05319694590804696
1736,e_demand,2030,73,8,8,0.05319694590804696
1737,e_demand,2030,73,9,9,0.05319694590804696
1738,e_demand,2030,73,10,10,0.05319694590804696
1739,e_demand,2030,73,11,11,0.05319694590804696
1740,e_demand,2030,73,12,12,0.05319694590804696
1741,e_demand,2030,73,13,13,0.05319694590804696
1742,e_demand,2030,73,14,14,0.05319694590804696
1743,e_demand,2030,73,15,15,0.05319694590804696
1744,e_demand,2030,73,16,16,0.05319694590804696
1745,e_demand,2030,73,17,17,0.05319694590804696
1746,e_demand,2030,73,18,18,0.05319694590804696
1747,e_demand,2030,73,19,19,0.05319694590804696
1748,e_demand,2030,73,20,20,0.05319694590804696
1749,e_demand,2030,73,21,21,0.05319694590804696
1750,e_demand,2030,73,22,22,0.05319694590804696
1751,e_demand,2030,73,23,23,0.05319694590804696
1752,e_demand,2030,73,24,24,0.05319694590804696
1753,e_demand,2030,74,1,1,0.051579406969136155
1754,e_demand,2030,74,2,2,0.051579406969136155
1755,e_demand,2030,74,3,3,0.051579406969136155
1756,e_demand,2030,74,4,4,0.051579406969136155
1757,e_demand,2030,74,5,5,0.051579406969136155
1758,e_demand,2030,74,6,6,0.051579406969136155
1759,e_demand,2030,74,7,7,0.051579406969136155
1760,e_demand,2030,74,8,8,0.051579406969136155
1761,e_demand,2030,74,9,9,0.051579406969136155
1762,e_demand,2030,74,10,10,0.051579406969136155
1763,e_demand,2030,74,11,11,0.051579406969136155
1764,e_demand,2030,74,12,12,0.0020631762787654464
1765,e_demand,2030,74,13,13,0.0020631762787654464
1766,e_demand,2030,74,14,14,0.0020631762787654464
1767,e_demand,2030,74,15,15,0.0020631762787654464
1768,e_demand,2030,74,16,16,0.004126352557530893
1769,e_demand,2030,74,17,17,0.051579406969136155
1770,e_demand,2030,74,18,18,0.051579406969136155
1771,e_demand,2030,74,19,19,0.051579406969136155
1772,e_demand,2030,74,20,20,0.051579406969136155
1773,e_demand,2030,74,21,21,0.051579406969136155
1774,e_demand,2030,74,22,22,0.051579406969136155
1775,e_demand,2030,74,23,23,0.051579406969136155
1776,e_demand,2030,74,24,24,0.051579406969136155
1777,e_demand,2030,75,1,1,0.05218766313876782
1778,e_demand,2030,75,2,2,0.05218766313876782
1779,e_demand,2030,75,3,3,0.05218766313876782
1780,e_demand,2030,75,4,4,0.05218766313876782
1781,e_demand,2030,75,5,5,0.05218766313876782
1782,e_demand,2030,75,6,6,0.05218766313876782
1783,e_demand,2030,75,7,7,0.05218766313876782
1784,e_demand,2030,75,8,8,0.05218766313876782
1785,e_demand,2030,75,9,9,0.05218766313876782
1786,e_demand,2030,75,10,10,0.05218766313876782
1787,e_demand,2030,75,11,11,0.05218766313876782
1788,e_demand,2030,75,12,12,0.0020875065255507126
1789,e_demand,2030,75,13,13,0.004175013051101425
1790,e_demand,2030,75,14,14,0.05218766313876782
1791,e_demand,2030,75,15,15,0.05218766313876782
1792,e_demand,2030,75,16,16,0.05218766313876782
1793,e_demand,2030,75,17,17,0.05218766313876782
1794,e_demand,2030,75,18,18,0.05218766313876782
1795,e_demand,2030,75,19,19,0.05218766313876782
1796,e_demand,2030,75,20,20,0.05218766313876782
1797,e_demand,2030,75,21,21,0.05218766313876782
1798,e_demand,2030,75,22,22,0.05218766313876782
1799,e_demand,2030,75,23,23,0.05218766313876782
1800,e_demand,2030,75,24,24,0.05218766313876782
1801,e_demand,2030,76,1,1,0.0024742356757713733
1802,e_demand,2030,76,2,2,0.0024742356757713733
1803,e_demand,2030,76,3,3,0.0024742356757713733
1804,e_demand,2030,76,4,4,0.0024742356757713733
1805,e_demand,2030,76,5,5,0.0024742356757713733
1806,e_demand,2030,76,6,6,0.0024742356757713733
1807,e_demand,2030,76,7,7,0.0024742356757713733
1808,e_demand,2030,76,8,8,0.0024742356757713733
1809,e_demand,2030,76,9,9,0.0024742356757713733
1810,e_demand,2030,76,10,10,0.0024742356757713733
1811,e_demand,2030,76,11,11,0.0024742356757713733
1812,e_demand,2030,76,12,12,0.0024742356757713733
1813,e_demand,2030,76,13,13,0.0024742356757713733
1814,e_demand,2030,76,14,14,0.0024742356757713733
1815,e_demand,2030,76,15,15,0.0024742356757713733
1816,e_demand,2030,76,16,16,0.0024742356757713733
1817,e_demand,2030,76,17,17,0.0024742356757713733
1818,e_demand,2030,76,18,18,0.0024742356757713733
1819,e_demand,2030,76,19,19,0.0024742356757713733
1820,e_demand,2030,76,20,20,0.0024742356757713733
1821,e_demand,2030,76,21,21,0.0024742356757713733
1822,e_demand,2030,76,22,22,0.0024742356757713733
1823,e_demand,2030,76,23,23,0.0024742356757713733
1824,e_demand,2030,76,24,24,0.0024742356757713733
1825,e_demand,2030,77,1,1,0.08204265859723107
1826,e_demand,2030,77,2,2,0.08204265859723107
1827,e_demand,2030,77,3,3,0.08204265859723107
1828,e_demand,2030,77,4,4,0.08204265859723107
1829,e_demand,2030,77,5,5,0.08204265859723107
1830,e_demand,2030,77,6,6,0.08204265859723107
1831,e_demand,2030,77,7,7,0.08204265859723107
1832,e_demand,2030,77,8,8,0.08204265859723107
1833,e_demand,2030,77,9,9,0.08204265859723107
1834,e_demand,2030,77,10,10,0.08204265859723107
1835,e_demand,2030,77,11,11,0.08204265859723107
1836,e_demand,2030,77,12,12,0.08204265859723107
1837,e_demand,2030,77,13,13,0.08204265859723107
1838,e_demand,2030,77,14,14,0.0065634126877784854
1839,e_demand,2030,77,15,15,0.0065634126877784854
1840,e_demand,2030,77,16,16,0.08204265859723107
1841,e_demand,2030,77,17,17,0.08204265859723107
1842,e_demand,2030,77,18,18,0.08204265859723107
1843,e_demand,2030,77,19,19,0.08204265859723107
1844,e_demand,2030,77,20,20,0.08204265859723107
1845,e_demand,2030,77,21,21,0.08204265859723107
1846,e_demand,2030,77,22,22,0.08204265859723107
1847,e_demand,2030,77,23,23,0.08204265859723107
1848,e_demand,2030,77,24,24,0.08204265859723107
1849,e_demand,2030,78,1,1,0.04590957801471019
1850,e_demand,2030,78,2,2,0.04590957801471019
1851,e_demand,2030,78,3,3,0.04590957801471019
1852,e_demand,2030,78,4,4,0.04590957801471019
1853,e_demand,2030,78,5,5,0.04590957801471019
1854,e_demand,2030,78,6,6,0.04590957801471019
1855,e_demand,2030,78,7,7,0.04590957801471019
1856,e_demand,2030,78,8,8,0.04590957801471019
1857,e_demand,2030,78,9,9,0.04590957801471019
1858,e_demand,2030,78,10,10,0.04590957801471019
1859,e_demand,2030,78,11,11,0.04590957801471019
1860,e_demand,2030,78,12,12,0.04590957801471019
1861,e_demand,2030,78,13,13,0.04590957801471019
1862,e_demand,2030,78,14,14,0.04590957801471019
1863,e_demand,2030,78,15,15,0.04590957801471019
1864,e_demand,2030,78,16,16,0.04590957801471019
1865,e_demand,2030,78,17,17,0.04590957801471019
1866,e_demand,2030,78,18,18,0.04590957801471019
1867,e_demand,2030,78,19,19,0.04590957801471019
1868,e_demand,2030,78,20,20,0.04590957801471019
1869,e_demand,2030,78,21,21,0.04590957801471019
1870,e_demand,2030,78,22,22,0.04590957801471019
1871,e_demand,2030,78,23,23,0.04590957801471019
1872,e_demand,2030,78,24,24,0.04590957801471019
1873,e_demand,2030,79,1,1,0.046470726292508396
1874,e_demand,2030,79,2,2,0.046470726292508396
1875,e_demand,2030,79,3,3,0.046470726292508396
1876,e_demand,2030,79,4,4,0.046470726292508396
1877,e_demand,2030,79,5,5,0.046470726292508396
1878,e_demand,2030,79,6,6,0.046470726292508396
1879,e_demand,2030,79,7,7,0.046470726292508396
1880,e_demand,2030,79,8,8,0.046470726292508396
1881,e_demand,2030,79,9,9,0.046470726292508396
1882,e_demand,2030,79,10,10,0.046470726292508396
1883,e_demand,2030,79,11,11,0.046470726292508396
1884,e_demand,2030,79,12,12,0.0037176581034006713
1885,e_demand,2030,79,13,13,0.0018588290517003356
1886,e_demand,2030,79,14,14,0.0018588290517003356
1887,e_demand,2030,79,15,15,0.0018588290517003356
1888,e_demand,2030,79,16,16,0.0018588290517003356
1889,e_demand,2030,79,17,17,0.0037176581034006713
1890,e_demand,2030,79,18,18,0.046470726292508396
1891,e_demand,2030,79,19,19,0.046470726292508396
1892,e_demand,2030,79,20,20,0.046470726292508396
1893,e_demand,2030,79,21,21,0.046470726292508396
1894,e_demand,2030,79,22,22,0.046470726292508396
1895,e_demand,2030,79,23,23,0.046470726292508396
1896,e_demand,2030,79,24,24,0.046470726292508396
1897,e_demand,2030,80,1,1,0.04776104899568243
1898,e_demand,2030,80,2,2,0.04776104899568243
1899,e_demand,2030,80,3,3,0.04776104899568243
1900,e_demand,2030,80,4,4,0.04776104899568243
1901,e_demand,2030,80,5,5,0.04776104899568243
1902,e_demand,2030,80,6,6,0.04776104899568243
1903,e_demand,2030,80,7,7,0.04776104899568243
1904,e_demand,2030,80,8,8,0.04776104899568243
1905,e_demand,2030,80,9,9,0.04776104899568243
1906,e_demand,2030,80,10,10,0.04776104899568243
1907,e_demand,2030,80,11,11,0.04776104899568243
1908,e_demand,2030,80,12,12,0.04776104899568243
1909,e_demand,2030,80,13,13,0.04776104899568243
1910,e_demand,2030,80,14,14,0.04776104899568243
1911,e_demand,2030,80,15,15,0.04776104899568243
1912,e_demand,2030,80,16,16,0.04776104899568243
1913,e_demand,2030,80,17,17,0.04776104899568243
1914,e_demand,2030,80,18,18,0.04776104899568243
1915,e_demand,2030,80,19,19,0.04776104899568243
1916,e_demand,2030,80,20,20,0.04776104899568243
1917,e_demand,2030,80,21,21,0.04776104899568243
1918,e_demand,2030,80,22,22,0.04776104899568243
1919,e_demand,2030,80,23,23,0.04776104899568243
1920,e_demand,2030,80,24,24,0.04776104899568243
1921,e_demand,2030,81,1,1,0.0013271304776165302
1922,e_demand,2030,81,2,2,0.0013271304776165302
1923,e_demand,2030,81,3,3,0.0013271304776165302
1924,e_demand,2030,81,4,4,0.0013271304776165302
1925,e_demand,2030,81,5,5,0.0013271304776165302
1926,e_demand,2030,81,6,6,0.0013271304776165302
1927,e_demand,2030,81,7,7,0.0026542609552330605
1928,e_demand,2030,81,8,8,0.0026542609552330605
1929,e_demand,2030,81,9,9,0.0013271304776165302
1930,e_demand,2030,81,10,10,0.0013271304776165302
1931,e_demand,2030,81,11,11,0.0013271304776165302
1932,e_demand,2030,81,12,12,0.0013271304776165302
1933,e_demand,2030,81,13,13,0.0013271304776165302
1934,e_demand,2030,81,14,14,0.0013271304776165302
1935,e_demand,2030,81,15,15,0.0013271304776165302
1936,e_demand,2030,81,16,16,0.0013271304776165302
1937,e_demand,2030,81,17,17,0.033178261940413255
1938,e_demand,2030,81,18,18,0.033178261940413255
1939,e_demand,2030,81,19,19,0.033178261940413255
1940,e_demand,2030,81,20,20,0.033178261940413255
1941,e_demand,2030,81,21,21,0.033178261940413255
1942,e_demand,2030,81,22,22,0.033178261940413255
1943,e_demand,2030,81,23,23,0.033178261940413255
1944,e_demand,2030,81,24,24,0.033178261940413255
1945,e_demand,2030,82,1,1,0.20224804230340526
1946,e_demand,2030,82,2,2,0.20224804230340526
1947,e_demand,2030,82,3,3,0.20224804230340526
1948,e_demand,2030,82,4,4,0.20224804230340526
1949,e_demand,2030,82,5,5,0.20224804230340526
1950,e_demand,2030,82,6,6,0.20224804230340526
1951,e_demand,2030,82,7,7,0.20224804230340526
1952,e_demand,2030,82,8,8,0.20224804230340526
1953,e_demand,2030,82,9,9,0.20224804230340526
1954,e_demand,2030,82,10,10,0.20224804230340526
1955,e_demand,2030,82,11,11,0.20224804230340526
1956,e_demand,2030,82,12,12,0.20224804230340526
1957,e_demand,2030,82,13,13,0.20224804230340526
1958,e_demand,2030,82,14,14,0.20224804230340526
1959,e_demand,2030,82,15,15,0.20224804230340526
1960,e_demand,2030,82,16,16,0.20224804230340526
1961,e_demand,2030,82,17,17,0.20224804230340526
1962,e_demand,2030,82,18,18,0.20224804230340526
1963,e_demand,2030,82,19,19,0.20224804230340526
1964,e_demand,2030,82,20,20,0.20224804230340526
1965,e_demand,2030,82,21,21,0.20224804230340526
1966,e_demand,2030,82,22,22,0.20224804230340526
1967,e_demand,2030,82,23,23,0.20224804230340526
1968,e_demand,2030,82,24,24,0.20224804230340526
1969,e_demand,2030,83,1,1,0.002969919132460356
1970,e_demand,2030,83,2,2,0.002969919132460356
1971,e_demand,2030,83,3,3,0.002969919132460356
1972,e_demand,2030,83,4,4,0.001484959566230178
1973,e_demand,2030,83,5,5,0.001484959566230178
1974,e_demand,2030,83,6,6,0.001484959566230178
1975,e_demand,2030,83,7,7,0.002969919132460356
1976,e_demand,2030,83,8,8,0.002969919132460356
1977,e_demand,2030,83,9,9,0.001484959566230178
1978,e_demand,2030,83,10,10,0.001484959566230178
1979,e_demand,2030,83,11,11,0.001484959566230178
1980,e_demand,2030,83,12,12,0.001484959566230178
1981,e_demand,2030,83,13,13,0.001484959566230178
1982,e_demand,2030,83,14,14,0.001484959566230178
1983,e_demand,2030,83,15,15,0.001484959566230178
1984,e_demand,2030,83,16,16,0.001484959566230178
1985,e_demand,2030,83,17,17,0.001484959566230178
1986,e_demand,2030,83,18,18,0.037123989155754454
1987,e_demand,2030,83,19,19,0.037123989155754454
1988,e_demand,2030,83,20,20,0.037123989155754454
1989,e_demand,2030,83,21,21,0.037123989155754454
1990,e_demand,2030,83,22,22,0.037123989155754454
1991,e_demand,2030,83,23,23,0.037123989155754454
1992,e_demand,2030,83,24,24,0.037123989155754454
1993,e_demand,2030,84,1,1,0.045427137089279555
1994,e_demand,2030,84,2,2,0.045427137089279555
1995,e_demand,2030,84,3,3,0.045427137089279555
1996,e_demand,2030,84,4,4,0.045427137089279555
1997,e_demand,2030,84,5,5,0.045427137089279555
1998,e_demand,2030,84,6,6,0.045427137089279555
1999,e_demand,2030,84,7,7,0.045427137089279555
2000,e_demand,2030,84,8,8,0.045427137089279555
2001,e_demand,2030,84,9,9,0.045427137089279555
2002,e_demand,2030,84,10,10,0.045427137089279555
2003,e_demand,2030,84,11,11,0.045427137089279555
2004,e_demand,2030,84,12,12,0.001817085483571182
2005,e_demand,2030,84,13,13,0.001817085483571182
2006,e_demand,2030,84,14,14,0.001817085483571182
2007,e_demand,2030,84,15,15,0.001817085483571182
2008,e_demand,2030,84,16,16,0.001817085483571182
2009,e_demand,2030,84,17,17,0.001817085483571182
2010,e_demand,2030,84,18,18,0.001817085483571182
2011,e_demand,2030,84,19,19,0.045427137089279555
2012,e_demand,2030,84,20,20,0.045427137089279555
2013,e_demand,2030,84,21,21,0.045427137089279555
2014,e_demand,2030,84,22,22,0.045427137089279555
2015,e_demand,2030,84,23,23,0.003634170967142364
2016,e_demand,2030,84,24,24,0.003634170967142364
2017,e_demand,2030,85,1,1,0.08267598463386566
2018,e_demand,2030,85,2,2,0.08267598463386566
2019,e_demand,2030,85,3,3,0.08267598463386566
2020,e_demand,2030,85,4,4,0.08267598463386566
2021,e_demand,2030,85,5,5,0.08267598463386566
2022,e_demand,2030,85,6,6,0.08267598463386566
2023,e_demand,2030,85,7,7,0.08267598463386566
2024,e_demand,2030,85,8,8,0.08267598463386566
2025,e_demand,2030,85,9,9,0.08267598463386566
2026,e_demand,2030,85,10,10,0.08267598463386566
2027,e_demand,2030,85,11,11,0.006614078770709252
2028,e_demand,2030,85,12,12,0.003307039385354626
2029,e_demand,2030,85,13,13,0.003307039385354626
2030,e_demand,2030,85,14,14,0.003307039385354626
2031,e_demand,2030,85,15,15,0.003307039385354626
2032,e_demand,2030,85,16,16,0.003307039385354626
2033,e_demand,2030,85,17,17,0.003307039385354626
2034,e_demand,2030,85,18,18,0.08267598463386566
2035,e_demand,2030,85,19,19,0.08267598463386566
2036,e_demand,2030,85,20,20,0.08267598463386566
2037,e_demand,2030,85,21,21,0.08267598463386566
2038,e_demand,2030,85,22,22,0.08267598463386566
2039,e_demand,2030,85,23,23,0.08267598463386566
2040,e_demand,2030,85,24,24,0.08267598463386566
2041,e_demand,2030,86,1,1,0.08126462095010013
2042,e_demand,2030,86,2,2,0.08126462095010013
2043,e_demand,2030,86,3,3,0.08126462095010013
2044,e_demand,2030,86,4,4,0.08126462095010013
2045,e_demand,2030,86,5,5,0.08126462095010013
2046,e_demand,2030,86,6,6,0.08126462095010013
2047,e_demand,2030,86,7,7,0.08126462095010013
2048,e_demand,2030,86,8,8,0.08126462095010013
2049,e_demand,2030,86,9,9,0.08126462095010013
2050,e_demand,2030,86,10,10,0.003250584838004005
2051,e_demand,2030,86,11,11,0.003250584838004005
2052,e_demand,2030,86,12,12,0.003250584838004005
2053,e_demand,2030,86,13,13,0.003250584838004005
2054,e_demand,2030,86,14,14,0.003250584838004005
2055,e_demand,2030,86,15,15,0.003250584838004005
2056,e_demand,2030,86,16,16,0.003250584838004005
2057,e_demand,2030,86,17,17,0.003250584838004005
2058,e_demand,2030,86,18,18,0.003250584838004005
2059,e_demand,2030,86,19,19,0.08126462095010013
2060,e_demand,2030,86,20,20,0.08126462095010013
2061,e_demand,2030,86,21,21,0.08126462095010013
2062,e_demand,2030,86,22,22,0.00650116967600801
2063,e_demand,2030,86,23,23,0.00650116967600801
2064,e_demand,2030,86,24,24,0.00650116967600801
2065,e_demand,2030,87,1,1,0.04222466683637458
2066,e_demand,2030,87,2,2,0.04222466683637458
2067,e_demand,2030,87,3,3,0.04222466683637458
2068,e_demand,2030,87,4,4,0.04222466683637458
2069,e_demand,2030,87,5,5,0.04222466683637458
2070,e_demand,2030,87,6,6,0.04222466683637458
2071,e_demand,2030,87,7,7,0.04222466683637458
2072,e_demand,2030,87,8,8,0.04222466683637458
2073,e_demand,2030,87,9,9,0.04222466683637458
2074,e_demand,2030,87,10,10,0.04222466683637458
2075,e_demand,2030,87,11,11,0.04222466683637458
2076,e_demand,2030,87,12,12,0.04222466683637458
2077,e_demand,2030,87,13,13,0.04222466683637458
2078,e_demand,2030,87,14,14,0.04222466683637458
2079,e_demand,2030,87,15,15,0.04222466683637458
2080,e_demand,2030,87,16,16,0.04222466683637458
2081,e_demand,2030,87,17,17,0.04222466683637458
2082,e_demand,2030,87,18,18,0.04222466683637458
2083,e_demand,2030,87,19,19,0.04222466683637458
2084,e_demand,2030,87,20,20,0.04222466683637458
2085,e_demand,2030,87,21,21,0.04222466683637458
2086,e_demand,2030,87,22,22,0.04222466683637458
2087,e_demand,2030,87,23,23,0.04222466683637458
2088,e_demand,2030,87,24,24,0.04222466683637458
2089,e_demand,2030,88,1,1,0.0023068836191843527
2090,e_demand,2030,88,2,2,0.0023068836191843527
2091,e_demand,2030,88,3,3,0.0023068836191843527
2092,e_demand,2030,88,4,4,0.0023068836191843527
2093,e_demand,2030,88,5,5,0.0023068836191843527
2094,e_demand,2030,88,6,6,0.0023068836191843527
2095,e_demand,2030,88,7,7,0.0023068836191843527
2096,e_demand,2030,88,8,8,0.0023068836191843527
2097,e_demand,2030,88,9,9,0.05767209047960882
2098,e_demand,2030,88,10,10,0.0023068836191843527
2099,e_demand,2030,88,11,11,0.0023068836191843527
2100,e_demand,2030,88,12,12,0.0023068836191843527
2101,e_demand,2030,88,13,13,0.0023068836191843527
2102,e_demand,2030,88,14,14,0.0023068836191843527
2103,e_demand,2030,88,15,15,0.0023068836191843527
2104,e_demand,2030,88,16,16,0.0023068836191843527
2105,e_demand,2030,88,17,17,0.05767209047960882
2106,e_demand,2030,88,18,18,0.05767209047960882
2107,e_demand,2030,88,19,19,0.05767209047960882
2108,e_demand,2030,88,20,20,0.05767209047960882
2109,e_demand,2030,88,21,21,0.05767209047960882
2110,e_demand,2030,88,22,22,0.05767209047960882
2111,e_demand,2030,88,23,23,0.05767209047960882
2112,e_demand,2030,88,24,24,0.05767209047960882
2113,e_demand,2030,89,1,1,0.0644912073041473
2114,e_demand,2030,89,2,2,0.0644912073041473
2115,e_demand,2030,89,3,3,0.0644912073041473
2116,e_demand,2030,89,4,4,0.0644912073041473
2117,e_demand,2030,89,5,5,0.0644912073041473
2118,e_demand,2030,89,6,6,0.0644912073041473
2119,e_demand,2030,89,7,7,0.0644912073041473
2120,e_demand,2030,89,8,8,0.0644912073041473
2121,e_demand,2030,89,9,9,0.0644912073041473
2122,e_demand,2030,89,10,10,0.0644912073041473
2123,e_demand,2030,89,11,11,0.0644912073041473
2124,e_demand,2030,89,12,12,0.0644912073041473
2125,e_demand,2030,89,13,13,0.0644912073041473
2126,e_demand,2030,89,14,14,0.0644912073041473
2127,e_demand,2030,89,15,15,0.0644912073041473
2128,e_demand,2030,89,16,16,0.0644912073041473
2129,e_demand,2030,89,17,17,0.0644912073041473
2130,e_demand,2030,89,18,18,0.0644912073041473
2131,e_demand,2030,89,19,19,0.0644912073041473
2132,e_demand,2030,89,20,20,0.0644912073041473
2133,e_demand,2030,89,21,21,0.0644912073041473
2134,e_demand,2030,89,22,22,0.0644912073041473
2135,e_demand,2030,89,23,23,0.0644912073041473
2136,e_demand,2030,89,24,24,0.0644912073041473
2137,e_demand,2030,90,1,1,0.049646056604121386
2138,e_demand,2030,90,2,2,0.049646056604121386
2139,e_demand,2030,90,3,3,0.049646056604121386
2140,e_demand,2030,90,4,4,0.049646056604121386
2141,e_demand,2030,90,5,5,0.049646056604121386
2142,e_demand,2030,90,6,6,0.049646056604121386
2143,e_demand,2030,90,7,7,0.049646056604121386
2144,e_demand,2030,90,8,8,0.049646056604121386
2145,e_demand,2030,90,9,9,0.049646056604121386
2146,e_demand,2030,90,10,10,0.049646056604121386
2147,e_demand,2030,90,11,11,0.049646056604121386
2148,e_demand,2030,90,12,12,0.049646056604121386
2149,e_demand,2030,90,13,13,0.049646056604121386
2150,e_demand,2030,90,14,14,0.049646056604121386
2151,e_demand,2030,90,15,15,0.049646056604121386
2152,e_demand,2030,90,16,16,0.049646056604121386
2153,e_demand,2030,90,17,17,0.049646056604121386
2154,e_demand,2030,90,18,18,0.049646056604121386
2155,e_demand,2030,90,19,19,0.049646056604121386
2156,e_demand,2030,90,20,20,0.049646056604121386
2157,e_demand,2030,90,21,21,0.049646056604121386
2158,e_demand,2030,90,22,22,0.049646056604121386
2159,e_demand,2030,90,23,23,0.049646056604121386
2160,e_demand,2030,90,24,24,0.049646056604121386
2161,e_demand,2030,91,1,1,0.06446937066501594
2162,e_demand,2030,91,2,2,0.06446937066501594
2163,e_demand,2030,91,3,3,0.06446937066501594
2164,e_demand,2030,91,4,4,0.06446937066501594
2165,e_demand,2030,91,5,5,0.005157549653201276
2166,e_demand,2030,91,6,6,0.06446937066501594
2167,e_demand,2030,91,7,7,0.06446937066501594
2168,e_demand,2030,91,8,8,0.06446937066501594
2169,e_demand,2030,91,9,9,0.06446937066501594
2170,e_demand,2030,91,10,10,0.06446937066501594
2171,e_demand,2030,91,11,11,0.06446937066501594
2172,e_demand,2030,91,12,12,0.002578774826600638
2173,e_demand,2030,91,13,13,0.002578774826600638
2174,e_demand,2030,91,14,14,0.002578774826600638
2175,e_demand,2030,91,15,15,0.002578774826600638
2176,e_demand,2030,91,16,16,0.002578774826600638
2177,e_demand,2030,91,17,17,0.005157549653201276
2178,e_demand,2030,91,18,18,0.06446937066501594
2179,e_demand,2030,91,19,19,0.06446937066501594
2180,e_demand,2030,91,20,20,0.06446937066501594
2181,e_demand,2030,91,21,21,0.06446937066501594
2182,e_demand,2030,91,22,22,0.005157549653201276
2183,e_demand,2030,91,23,23,0.005157549653201276
2184,e_demand,2030,91,24,24,0.002578774826600638
2185,e_demand,2030,92,1,1,0.05048829402928721
2186,e_demand,2030,92,2,2,0.05048829402928721
2187,e_demand,2030,92,3,3,0.05048829402928721
2188,e_demand,2030,92,4,4,0.05048829402928721
2189,e_demand,2030,92,5,5,0.05048829402928721
2190,e_demand,2030,92,6,6,0.05048829402928721
2191,e_demand,2030,92,7,7,0.05048829402928721
2192,e_demand,2030,92,8,8,0.05048829402928721
2193,e_demand,2030,92,9,9,0.05048829402928721
2194,e_demand,2030,92,10,10,0.05048829402928721
2195,e_demand,2030,92,11,11,0.05048829402928721
2196,e_demand,2030,92,12,12,0.05048829402928721
2197,e_demand,2030,92,13,13,0.05048829402928721
2198,e_demand,2030,92,14,14,0.05048829402928721
2199,e_demand,2030,92,15,15,0.05048829402928721
2200,e_demand,2030,92,16,16,0.05048829402928721
2201,e_demand,2030,92,17,17,0.05048829402928721
2202,e_demand,2030,92,18,18,0.05048829402928721
2203,e_demand,2030,92,19,19,0.05048829402928721
2204,e_demand,2030,92,20,20,0.05048829402928721
2205,e_demand,2030,92,21,21,0.05048829402928721
2206,e_demand,2030,92,22,22,0.05048829402928721
2207,e_demand,2030,92,23,23,0.05048829402928721
2208,e_demand,2030,92,24,24,0.05048829402928721
2209,e_demand,2030,93,1,1,0.09482019460269347
2210,e_demand,2030,93,2,2,0.09482019460269347
2211,e_demand,2030,93,3,3,0.09482019460269347
2212,e_demand,2030,93,4,4,0.09482019460269347
2213,e_demand,2030,93,5,5,0.09482019460269347
2214,e_demand,2030,93,6,6,0.09482019460269347
2215,e_demand,2030,93,7,7,0.09482019460269347
2216,e_demand,2030,93,8,8,0.09482019460269347
2217,e_demand,2030,93,9,9,0.09482019460269347
2218,e_demand,2030,93,10,10,0.09482019460269347
2219,e_demand,2030,93,11,11,0.09482019460269347
2220,e_demand,2030,93,12,12,0.09482019460269347
2221,e_demand,2030,93,13,13,0.09482019460269347
2222,e_demand,2030,93,14,14,0.007585615568215478
2223,e_demand,2030,93,15,15,0.007585615568215478
2224,e_demand,2030,93,16,16,0.09482019460269347
2225,e_demand,2030,93,17,17,0.09482019460269347
2226,e_demand,2030,93,18,18,0.09482019460269347
2227,e_demand,2030,93,19,19,0.09482019460269347
2228,e_demand,2030,93,20,20,0.09482019460269347
2229,e_demand,2030,93,21,21,0.09482019460269347
2230,e_demand,2030,93,22,22,0.09482019460269347
2231,e_demand,2030,93,23,23,0.09482019460269347
2232,e_demand,2030,93,24,24,0.09482019460269347
2233,e_demand,2030,94,1,1,0.04173307912714003
2234,e_demand,2030,94,2,2,0.04173307912714003
2235,e_demand,2030,94,3,3,0.04173307912714003
2236,e_demand,2030,94,4,4,0.04173307912714003
2237,e_demand,2030,94,5,5,0.04173307912714003
2238,e_demand,2030,94,6,6,0.04173307912714003
2239,e_demand,2030,94,7,7,0.04173307912714003
2240,e_demand,2030,94,8,8,0.04173307912714003
2241,e_demand,2030,94,9,9,0.04173307912714003
2242,e_demand,2030,94,10,10,0.04173307912714003
2243,e_demand,2030,94,11,11,0.04173307912714003
2244,e_demand,2030,94,12,12,0.04173307912714003
2245,e_demand,2030,94,13,13,0.0016693231650856011
2246,e_demand,2030,94,14,14,0.0016693231650856011
2247,e_demand,2030,94,15,15,0.0033386463301712022
2248,e_demand,2030,94,16,16,0.04173307912714003
2249,e_demand,2030,94,17,17,0.04173307912714003
2250,e_demand,2030,94,18,18,0.04173307912714003
2251,e_demand,2030,94,19,19,0.04173307912714003
2252,e_demand,2030,94,20,20,0.04173307912714003
2253,e_demand,2030,94,21,21,0.04173307912714003
2254,e_demand,2030,94,22,22,0.04173307912714003
2255,e_demand,2030,94,23,23,0.04173307912714003
2256,e_demand,2030,94,24,24,0.04173307912714003
2257,e_demand,2030,95,1,1,0.05175862511907349
2258,e_demand,2030,95,2,2,0.05175862511907349
2259,e_demand,2030,95,3,3,0.05175862511907349
2260,e_demand,2030,95,4,4,0.05175862511907349
2261,e_demand,2030,95,5,5,0.05175862511907349
2262,e_demand,2030,95,6,6,0.05175862511907349
2263,e_demand,2030,95,7,7,0.05175862511907349
2264,e_demand,2030,95,8,8,0.05175862511907349
2265,e_demand,2030,95,9,9,0.05175862511907349
2266,e_demand,2030,95,10,10,0.05175862511907349
2267,e_demand,2030,95,11,11,0.05175862511907349
2268,e_demand,2030,95,12,12,0.05175862511907349
2269,e_demand,2030,95,13,13,0.05175862511907349
2270,e_demand,2030,95,14,14,0.05175862511907349
2271,e_demand,2030,95,15,15,0.05175862511907349
2272,e_demand,2030,95,16,16,0.05175862511907349
2273,e_demand,2030,95,17,17,0.05175862511907349
2274,e_demand,2030,95,18,18,0.05175862511907349
2275,e_demand,2030,95,19,19,0.05175862511907349
2276,e_demand,2030,95,20,20,0.05175862511907349
2277,e_demand,2030,95,21,21,0.05175862511907349
2278,e_demand,2030,95,22,22,0.05175862511907349
2279,e_demand,2030,95,23,23,0.05175862511907349
2280,e_demand,2030,95,24,24,0.05175862511907349
2281,e_demand,2030,96,1,1,0.03670905980395019
2282,e_demand,2030,96,2,2,0.03670905980395019
2283,e_demand,2030,96,3,3,0.03670905980395019
2284,e_demand,2030,96,4,4,0.03670905980395019
2285,e_demand,2030,96,5,5,0.03670905980395019
2286,e_demand,2030,96,6,6,0.03670905980395019
2287,e_demand,2030,96,7,7,0.03670905980395019
2288,e_demand,2030,96,8,8,0.03670905980395019
2289,e_demand,2030,96,9,9,0.03670905980395019
2290,e_demand,2030,96,10,10,0.03670905980395019
2291,e_demand,2030,96,11,11,0.03670905980395019
2292,e_demand,2030,96,12,12,0.03670905980395019
2293,e_demand,2030,96,13,13,0.03670905980395019
2294,e_demand,2030,96,14,14,0.03670905980395019
2295,e_demand,2030,96,15,15,0.03670905980395019
2296,e_demand,2030,96,16,16,0.03670905980395019
2297,e_demand,2030,96,17,17,0.03670905980395019
2298,e_demand,2030,96,18,18,0.03670905980395019
2299,e_demand,2030,96,19,19,0.03670905980395019
2300,e_demand,2030,96,20,20,0.03670905980395019
2301,e_demand,2030,96,21,21,0.03670905980395019
2302,e_demand,2030,96,22,22,0.03670905980395019
2303,e_demand,2030,96,23,23,0.03670905980395019
2304,e_demand,2030,96,24,24,0.03670905980395019
2305,e_demand,2030,97,1,1,0.7951140816072482
2306,e_demand,2030,97,2,2,0.7951140816072482
2307,e_demand,2030,97,3,3,0.7951140816072482
2308,e_demand,2030,97,4,4,0.7951140816072482
2309,e_demand,2030,97,5,5,0.7951140816072482
2310,e_demand,2030,97,6,6,0.7951140816072482
2311,e_demand,2030,97,7,7,0.7951140816072482
2312,e_demand,2030,97,8,8,0.7951140816072482
2313,e_demand,2030,97,9,9,1.1131597142501475
2314,e_demand,2030,97,10,10,0.8232976495478006
2315,e_demand,2030,97,11,11,0.7951140816072482
2316,e_demand,2030,97,12,12,0.7951140816072482
2317,e_demand,2030,97,13,13,0.7951140816072482
2318,e_demand,2030,97,14,14,0.7951140816072482
2319,e_demand,2030,97,15,15,0.7951140816072482
2320,e_demand,2030,97,16,16,0.7951140816072482
2321,e_demand,2030,97,17,17,0.7951140816072482
2322,e_demand,2030,97,18,18,1.1131597142501475
2323,e_demand,2030,97,19,19,1.1131597142501475
2324,e_demand,2030,97,20,20,1.1131597142501475
2325,e_demand,2030,97,21,21,1.1131597142501475
2326,e_demand,2030,97,22,22,1.1131597142501475
2327,e_demand,2030,97,23,23,0.7951140816072482
2328,e_demand,2030,97,24,24,0.7951140816072482
2329,e_demand,2030,98,1,1,0.048014519574883466
2330,e_demand,2030,98,2,2,0.048014519574883466
2331,e_demand,2030,98,3,3,0.048014519574883466
2332,e_demand,2030,98,4,4,0.048014519574883466
2333,e_demand,2030,98,5,5,0.048014519574883466
2334,e_demand,2030,98,6,6,0.048014519574883466
2335,e_demand,2030,98,7,7,0.048014519574883466
2336,e_demand,2030,98,8,8,0.048014519574883466
2337,e_demand,2030,98,9,9,0.048014519574883466
2338,e_demand,2030,98,10,10,0.048014519574883466
2339,e_demand,2030,98,11,11,0.048014519574883466
2340,e_demand,2030,98,12,12,0.048014519574883466
2341,e_demand,2030,98,13,13,0.048014519574883466
2342,e_demand,2030,98,14,14,0.048014519574883466
2343,e_demand,2030,98,15,15,0.048014519574883466
2344,e_demand,2030,98,16,16,0.048014519574883466
2345,e_demand,2030,98,17,17,0.048014519574883466
2346,e_demand,2030,98,18,18,0.048014519574883466
2347,e_demand,2030,98,19,19,0.048014519574883466
2348,e_demand,2030,98,20,20,0.048014519574883466
2349,e_demand,2030,98,21,21,0.048014519574883466
2350,e_demand,2030,98,22,22,0.048014519574883466
2351,e_demand,2030,98,23,23,0.048014519574883466
2352,e_demand,2030,98,24,24,0.048014519574883466
2353,e_demand,2030,99,1,1,0.3315963624985136
2354,e_demand,2030,99,2,2,0.3315963624985136
2355,e_demand,2030,99,3,3,0.3315963624985136
2356,e_demand,2030,99,4,4,0.3315963624985136
2357,e_demand,2030,99,5,5,0.3315963624985136
2358,e_demand,2030,99,6,6,0.3315963624985136
2359,e_demand,2030,99,7,7,0.3315963624985136
2360,e_demand,2030,99,8,8,0.3315963624985136
2361,e_demand,2030,99,9,9,0.3315963624985136
2362,e_demand,2030,99,10,10,0.3315963624985136
2363,e_demand,2030,99,11,11,0.3315963624985136
2364,e_demand,2030,99,12,12,0.3315963624985136
2365,e_demand,2030,99,13,13,0.3315963624985136
2366,e_demand,2030,99,14,14,0.3315963624985136
2367,e_demand,2030,99,15,15,0.3315963624985136
2368,e_demand,2030,99,16,16,0.3315963624985136
2369,e_demand,2030,99,17,17,0.3315963624985136
2370,e_demand,2030,99,18,18,0.3315963624985136
2371,e_demand,2030,99,19,19,0.3315963624985136
2372,e_demand,2030,99,20,20,0.3315963624985136
2373,e_demand,2030,99,21,21,0.3315963624985136
2374,e_demand,2030,99,22,22,0.3315963624985136
2375,e_demand,2030,99,23,23,0.3315963624985136
2376,e_demand,2030,99,24,24,0.3315963624985136
2377,e_demand,2030,100,1,1,0.002579435284170502
2378,e_demand,2030,100,2,2,0.002579435284170502
2379,e_demand,2030,100,3,3,0.002579435284170502
2380,e_demand,2030,100,4,4,0.002579435284170502
2381,e_demand,2030,100,5,5,0.002579435284170502
2382,e_demand,2030,100,6,6,0.002579435284170502
2383,e_demand,2030,100,7,7,0.002579435284170502
2384,e_demand,2030,100,8,8,0.002579435284170502
2385,e_demand,2030,100,9,9,0.002579435284170502
2386,e_demand,2030,100,10,10,0.002579435284170502
2387,e_demand,2030,100,11,11,0.002579435284170502
2388,e_demand,2030,100,12,12,0.002579435284170502
2389,e_demand,2030,100,13,13,0.002579435284170502
2390,e_demand,2030,100,14,14,0.002579435284170502
2391,e_demand,2030,100,15,15,0.002579435284170502
2392,e_demand,2030,100,16,16,0.002579435284170502
2393,e_demand,2030,100,17,17,0.002579435284170502
2394,e_demand,2030,100,18,18,0.002579435284170502
2395,e_demand,2030,100,19,19,0.002579435284170502
2396,e_demand,2030,100,20,20,0.005158870568341004
2397,e_demand,2030,100,21,21,0.005158870568341004
2398,e_demand,2030,100,22,22,0.06448588210426255
2399,e_demand,2030,100,23,23,0.005158870568341004
2400,e_demand,2030,100,24,24,0.005158870568341004
2401,e_demand,2030,101,1,1,0.15644493487514813
2402,e_demand,2030,101,2,2,0.15644493487514813
2403,e_demand,2030,101,3,3,0.15644493487514813
2404,e_demand,2030,101,4,4,0.15644493487514813
2405,e_demand,2030,101,5,5,0.15644493487514813
2406,e_demand,2030,101,6,6,0.15644493487514813
2407,e_demand,2030,101,7,7,0.15644493487514813
2408,e_demand,2030,101,8,8,0.15644493487514813
2409,e_demand,2030,101,9,9,0.15644493487514813
2410,e_demand,2030,101,10,10,0.15644493487514813
2411,e_demand,2030,101,11,11,0.15644493487514813
2412,e_demand,2030,101,12,12,0.15644493487514813
2413,e_demand,2030,101,13,13,0.15644493487514813
2414,e_demand,2030,101,14,14,0.15644493487514813
2415,e_demand,2030,101,15,15,0.15644493487514813
2416,e_demand,2030,101,16,16,0.15644493487514813
2417,e_demand,2030,101,17,17,0.15644493487514813
2418,e_demand,2030,101,18,18,0.15644493487514813
2419,e_demand,2030,101,19,19,0.15644493487514813
2420,e_demand,2030,101,20,20,0.15644493487514813
2421,e_demand,2030,101,21,21,0.15644493487514813
2422,e_demand,2030,101,22,22,0.15644493487514813
2423,e_demand,2030,101,23,23,0.15644493487514813
2424,e_demand,2030,101,24,24,0.15644493487514813
2425,e_demand,2030,102,1,1,0.0014366926266663805
2426,e_demand,2030,102,2,2,0.0014366926266663805
2427,e_demand,2030,102,3,3,0.002873385253332761
2428,e_demand,2030,102,4,4,0.002873385253332761
2429,e_demand,2030,102,5,5,0.002873385253332761
2430,e_demand,2030,102,6,6,0.03591731566665951
2431,e_demand,2030,102,7,7,0.002873385253332761
2432,e_demand,2030,102,8,8,0.0014366926266663805
2433,e_demand,2030,102,9,9,0.0014366926266663805
2434,e_demand,2030,102,10,10,0.0014366926266663805
2435,e_demand,2030,102,11,11,0.0014366926266663805
2436,e_demand,2030,102,12,12,0.0014366926266663805
2437,e_demand,2030,102,13,13,0.0014366926266663805
2438,e_demand,2030,102,14,14,0.0014366926266663805
2439,e_demand,2030,102,15,15,0.0014366926266663805
2440,e_demand,2030,102,16,16,0.0014366926266663805
2441,e_demand,2030,102,17,17,0.0014366926266663805
2442,e_demand,2030,102,18,18,0.0014366926266663805
2443,e_demand,2030,102,19,19,0.0014366926266663805
2444,e_demand,2030,102,20,20,0.0014366926266663805
2445,e_demand,2030,102,21,21,0.0014366926266663805
2446,e_demand,2030,102,22,22,0.0014366926266663805
2447,e_demand,2030,102,23,23,0.0014366926266663805
2448,e_demand,2030,102,24,24,0.002873385253332761
2449,e_demand,2030,103,1,1,0.07140174023795058
2450,e_demand,2030,103,2,2,0.07140174023795058
2451,e_demand,2030,103,3,3,0.07140174023795058
2452,e_demand,2030,103,4,4,0.07140174023795058
2453,e_demand,2030,103,5,5,0.07140174023795058
2454,e_demand,2030,103,6,6,0.07140174023795058
2455,e_demand,2030,103,7,7,0.07140174023795058
2456,e_demand,2030,103,8,8,0.07140174023795058
2457,e_demand,2030,103,9,9,0.07140174023795058
2458,e_demand,2030,103,10,10,0.07140174023795058
2459,e_demand,2030,103,11,11,0.07140174023795058
2460,e_demand,2030,103,12,12,0.07140174023795058
2461,e_demand,2030,103,13,13,0.07140174023795058
2462,e_demand,2030,103,14,14,0.07140174023795058
2463,e_demand,2030,103,15,15,0.07140174023795058
2464,e_demand,2030,103,16,16,0.07140174023795058
2465,e_demand,2030,103,17,17,0.07140174023795058
2466,e_demand,2030,103,18,18,0.07140174023795058
2467,e_demand,2030,103,19,19,0.07140174023795058
2468,e_demand,2030,103,20,20,0.07140174023795058
2469,e_demand,2030,103,21,21,0.07140174023795058
2470,e_demand,2030,103,22,22,0.07140174023795058
2471,e_demand,2030,103,23,23,0.07140174023795058
2472,e_demand,2030,103,24,24,0.07140174023795058
2473,e_demand,2030,104,1,1,0.025831878787777852
2474,e_demand,2030,104,2,2,0.025831878787777852
2475,e_demand,2030,104,3,3,0.025831878787777852
2476,e_demand,2030,104,4,4,0.025831878787777852
2477,e_demand,2030,104,5,5,0.025831878787777852
2478,e_demand,2030,104,6,6,0.025831878787777852
2479,e_demand,2030,104,7,7,0.025831878787777852
2480,e_demand,2030,104,8,8,0.025831878787777852
2481,e_demand,2030,104,9,9,0.025831878787777852
2482,e_demand,2030,104,10,10,0.0020665503030222283
2483,e_demand,2030,104,11,11,0.0010332751515111142
2484,e_demand,2030,104,12,12,0.0010332751515111142
2485,e_demand,2030,104,13,13,0.0010332751515111142
2486,e_demand,2030,104,14,14,0.0010332751515111142
2487,e_demand,2030,104,15,15,0.0010332751515111142
2488,e_demand,2030,104,16,16,0.0010332751515111142
2489,e_demand,2030,104,17,17,0.0010332751515111142
2490,e_demand,2030,104,18,18,0.025831878787777852
2491,e_demand,2030,104,19,19,0.025831878787777852
2492,e_demand,2030,104,20,20,0.025831878787777852
2493,e_demand,2030,104,21,21,0.025831878787777852
2494,e_demand,2030,104,22,22,0.025831878787777852
2495,e_demand,2030,104,23,23,0.025831878787777852
2496,e_demand,2030,104,24,24,0.025831878787777852
2497,e_demand,2030,105,1,1,0.002755290887902042
2498,e_demand,2030,105,2,2,0.002755290887902042
2499,e_demand,2030,105,3,3,0.002755290887902042
2500,e_demand,2030,105,4,4,0.002755290887902042
2501,e_demand,2030,105,5,5,0.005510581775804084
2502,e_demand,2030,105,6,6,0.06888227219755104
2503,e_demand,2030,105,7,7,0.06888227219755104
2504,e_demand,2030,105,8,8,0.06888227219755104
2505,e_demand,2030,105,9,9,0.06888227219755104
2506,e_demand,2030,105,10,10,0.06888227219755104
2507,e_demand,2030,105,11,11,0.06888227219755104
2508,e_demand,2030,105,12,12,0.06888227219755104
2509,e_demand,2030,105,13,13,0.005510581775804084
2510,e_demand,2030,105,14,14,0.002755290887902042
2511,e_demand,2030,105,15,15,0.002755290887902042
2512,e_demand,2030,105,16,16,0.005510581775804084
2513,e_demand,2030,105,17,17,0.06888227219755104
2514,e_demand,2030,105,18,18,0.06888227219755104
2515,e_demand,2030,105,19,19,0.06888227219755104
2516,e_demand,2030,105,20,20,0.06888227219755104
2517,e_demand,2030,105,21,21,0.06888227219755104
2518,e_demand,2030,105,22,22,0.06888227219755104
2519,e_demand,2030,105,23,23,0.06888227219755104
2520,e_demand,2030,105,24,24,0.06888227219755104
2521,e_demand,2030,106,1,1,0.039208354676823334
2522,e_demand,2030,106,2,2,0.039208354676823334
2523,e_demand,2030,106,3,3,0.039208354676823334
2524,e_demand,2030,106,4,4,0.039208354676823334
2525,e_demand,2030,106,5,5,0.039208354676823334
2526,e_demand,2030,106,6,6,0.039208354676823334
2527,e_demand,2030,106,7,7,0.039208354676823334
2528,e_demand,2030,106,8,8,0.039208354676823334
2529,e_demand,2030,106,9,9,0.039208354676823334
2530,e_demand,2030,106,10,10,0.039208354676823334
2531,e_demand,2030,106,11,11,0.039208354676823334
2532,e_demand,2030,106,12,12,0.039208354676823334
2533,e_demand,2030,106,13,13,0.039208354676823334
2534,e_demand,2030,106,14,14,0.039208354676823334
2535,e_demand,2030,106,15,15,0.039208354676823334
2536,e_demand,2030,106,16,16,0.039208354676823334
2537,e_demand,2030,106,17,17,0.039208354676823334
2538,e_demand,2030,106,18,18,0.039208354676823334
2539,e_demand,2030,106,19,19,0.039208354676823334
2540,e_demand,2030,106,20,20,0.039208354676823334
2541,e_demand,2030,106,21,21,0.039208354676823334
2542,e_demand,2030,106,22,22,0.039208354676823334
2543,e_demand,2030,106,23,23,0.039208354676823334
2544,e_demand,2030,106,24,24,0.039208354676823334
2545,e_demand,2030,107,1,1,0.11011804445054577
2546,e_demand,2030,107,2,2,0.11011804445054577
2547,e_demand,2030,107,3,3,0.11011804445054577
2548,e_demand,2030,107,4,4,0.11011804445054577
2549,e_demand,2030,107,5,5,0.11011804445054577
2550,e_demand,2030,107,6,6,0.11011804445054577
2551,e_demand,2030,107,7,7,0.11011804445054577
2552,e_demand,2030,107,8,8,0.11011804445054577
2553,e_demand,2030,107,9,9,0.11011804445054577
2554,e_demand,2030,107,10,10,0.11011804445054577
2555,e_demand,2030,107,11,11,0.11011804445054577
2556,e_demand,2030,107,12,12,0.11011804445054577
2557,e_demand,2030,107,13,13,0.0044047217780218305
2558,e_demand,2030,107,14,14,0.0044047217780218305
2559,e_demand,2030,107,15,15,0.0044047217780218305
2560,e_demand,2030,107,16,16,0.11011804445054577
2561,e_demand,2030,107,17,17,0.11011804445054577
2562,e_demand,2030,107,18,18,0.11011804445054577
2563,e_demand,2030,107,19,19,0.11011804445054577
2564,e_demand,2030,107,20,20,0.11011804445054577
2565,e_demand,2030,107,21,21,0.11011804445054577
2566,e_demand,2030,107,22,22,0.11011804445054577
2567,e_demand,2030,107,23,23,0.11011804445054577
2568,e_demand,2030,107,24,24,0.11011804445054577
2569,e_demand,2030,108,1,1,0.7315915396504306
2570,e_demand,2030,108,2,2,0.7315915396504306
2571,e_demand,2030,108,3,3,0.7315915396504306
2572,e_demand,2030,108,4,4,0.7315915396504306
2573,e_demand,2030,108,5,5,0.7315915396504306
2574,e_demand,2030,108,6,6,0.7315915396504306
2575,e_demand,2030,108,7,7,0.7315915396504306
2576,e_demand,2030,108,8,8,0.7315915396504306
2577,e_demand,2030,108,9,9,0.7315915396504306
2578,e_demand,2030,108,10,10,0.7315915396504306
2579,e_demand,2030,108,11,11,0.7315915396504306
2580,e_demand,2030,108,12,12,0.7315915396504306
2581,e_demand,2030,108,13,13,0.7315915396504306
2582,e_demand,2030,108,14,14,0.7315915396504306
2583,e_demand,2030,108,15,15,0.7315915396504306
2584,e_demand,2030,108,16,16,0.7315915396504306
2585,e_demand,2030,108,17,17,0.7315915396504306
2586,e_demand,2030,108,18,18,0.7315915396504306
2587,e_demand,2030,108,19,19,0.7315915396504306
2588,e_demand,2030,108,20,20,0.7315915396504306
2589,e_demand,2030,108,21,21,0.7315915396504306
2590,e_demand,2030,108,22,22,0.7315915396504306
2591,e_demand,2030,108,23,23,0.7315915396504306
2592,e_demand,2030,108,24,24,0.7315915396504306
2593,e_demand,2030,109,1,1,0.028767902332170688
2594,e_demand,2030,109,2,2,0.028767902332170688
2595,e_demand,2030,109,3,3,0.002301432186573655
2596,e_demand,2030,109,4,4,0.002301432186573655
2597,e_demand,2030,109,5,5,0.0011507160932868275
2598,e_demand,2030,109,6,6,0.0011507160932868275
2599,e_demand,2030,109,7,7,0.0011507160932868275
2600,e_demand,2030,109,8,8,0.0011507160932868275
2601,e_demand,2030,109,9,9,0.0011507160932868275
2602,e_demand,2030,109,10,10,0.0011507160932868275
2603,e_demand,2030,109,11,11,0.0011507160932868275
2604,e_demand,2030,109,12,12,0.0011507160932868275
2605,e_demand,2030,109,13,13,0.0011507160932868275
2606,e_demand,2030,109,14,14,0.0011507160932868275
2607,e_demand,2030,109,15,15,0.0011507160932868275
2608,e_demand,2030,109,16,16,0.0011507160932868275
2609,e_demand,2030,109,17,17,0.0011507160932868275
2610,e_demand,2030,109,18,18,0.0011507160932868275
2611,e_demand,2030,109,19,19,0.0011507160932868275
2612,e_demand,2030,109,20,20,0.0011507160932868275
2613,e_demand,2030,109,21,21,0.0011507160932868275
2614,e_demand,2030,109,22,22,0.0011507160932868275
2615,e_demand,2030,109,23,23,0.0011507160932868275
2616,e_demand,2030,109,24,24,0.0011507160932868275
2617,e_demand,2030,110,1,1,0.036884005778573405
2618,e_demand,2030,110,2,2,0.036884005778573405
2619,e_demand,2030,110,3,3,0.036884005778573405
2620,e_demand,2030,110,4,4,0.036884005778573405
2621,e_demand,2030,110,5,5,0.036884005778573405
2622,e_demand,2030,110,6,6,0.036884005778573405
2623,e_demand,2030,110,7,7,0.036884005778573405
2624,e_demand,2030,110,8,8,0.036884005778573405
2625,e_demand,2030,110,9,9,0.036884005778573405
2626,e_demand,2030,110,10,10,0.036884005778573405
2627,e_demand,2030,110,11,11,0.036884005778573405
2628,e_demand,2030,110,12,12,0.036884005778573405
2629,e_demand,2030,110,13,13,0.036884005778573405
2630,e_demand,2030,110,14,14,0.036884005778573405
2631,e_demand,2030,110,15,15,0.036884005778573405
2632,e_demand,2030,110,16,16,0.036884005778573405
2633,e_demand,2030,110,17,17,0.036884005778573405
2634,e_demand,2030,110,18,18,0.036884005778573405
2635,e_demand,2030,110,19,19,0.036884005778573405
2636,e_demand,2030,110,20,20,0.036884005778573405
2637,e_demand,2030,110,21,21,0.036884005778573405
2638,e_demand,2030,110,22,22,0.036884005778573405
2639,e_demand,2030,110,23,23,0.036884005778573405
2640,e_demand,2030,110,24,24,0.036884005778573405
2641,e_demand,2030,111,1,1,0.04370981363367055
2642,e_demand,2030,111,2,2,0.04370981363367055
2643,e_demand,2030,111,3,3,0.04370981363367055
2644,e_demand,2030,111,4,4,0.04370981363367055
2645,e_demand,2030,111,5,5,0.04370981363367055
2646,e_demand,2030,111,6,6,0.04370981363367055
2647,e_demand,2030,111,7,7,0.04370981363367055
2648,e_demand,2030,111,8,8,0.04370981363367055
2649,e_demand,2030,111,9,9,0.04370981363367055
2650,e_demand,2030,111,10,10,0.04370981363367055
2651,e_demand,2030,111,11,11,0.04370981363367055
2652,e_demand,2030,111,12,12,0.04370981363367055
2653,e_demand,2030,111,13,13,0.04370981363367055
2654,e_demand,2030,111,14,14,0.04370981363367055
2655,e_demand,2030,111,15,15,0.04370981363367055
2656,e_demand,2030,111,16,16,0.04370981363367055
2657,e_demand,2030,111,17,17,0.04370981363367055
2658,e_demand,2030,111,18,18,0.04370981363367055
2659,e_demand,2030,111,19,19,0.04370981363367055
2660,e_demand,2030,111,20,20,0.04370981363367055
2661,e_demand,2030,111,21,21,0.04370981363367055
2662,e_demand,2030,111,22,22,0.04370981363367055
2663,e_demand,2030,111,23,23,0.04370981363367055
2664,e_demand,2030,111,24,24,0.04370981363367055
2665,e_demand,2030,112,1,1,0.0360015795333744
2666,e_demand,2030,112,2,2,0.0360015795333744
2667,e_demand,2030,112,3,3,0.0360015795333744
2668,e_demand,2030,112,4,4,0.0360015795333744
2669,e_demand,2030,112,5,5,0.0360015795333744
2670,e_demand,2030,112,6,6,0.0360015795333744
2671,e_demand,2030,112,7,7,0.0360015795333744
2672,e_demand,2030,112,8,8,0.0360015795333744
2673,e_demand,2030,112,9,9,0.0360015795333744
2674,e_demand,2030,112,10,10,0.001440063181334976
2675,e_demand,2030,112,11,11,0.001440063181334976
2676,e_demand,2030,112,12,12,0.001440063181334976
2677,e_demand,2030,112,13,13,0.001440063181334976
2678,e_demand,2030,112,14,14,0.001440063181334976
2679,e_demand,2030,112,15,15,0.001440063181334976
2680,e_demand,2030,112,16,16,0.001440063181334976
2681,e_demand,2030,112,17,17,0.0360015795333744
2682,e_demand,2030,112,18,18,0.0360015795333744
2683,e_demand,2030,112,19,19,0.0360015795333744
2684,e_demand,2030,112,20,20,0.0360015795333744
2685,e_demand,2030,112,21,21,0.0360015795333744
2686,e_demand,2030,112,22,22,0.0360015795333744
2687,e_demand,2030,112,23,23,0.0360015795333744
2688,e_demand,2030,112,24,24,0.0360015795333744
2689,e_demand,2030,113,1,1,0.031485221065030815
2690,e_demand,2030,113,2,2,0.031485221065030815
2691,e_demand,2030,113,3,3,0.031485221065030815
2692,e_demand,2030,113,4,4,0.031485221065030815
2693,e_demand,2030,113,5,5,0.031485221065030815
2694,e_demand,2030,113,6,6,0.031485221065030815
2695,e_demand,2030,113,7,7,0.031485221065030815
2696,e_demand,2030,113,8,8,0.031485221065030815
2697,e_demand,2030,113,9,9,0.031485221065030815
2698,e_demand,2030,113,10,10,0.031485221065030815
2699,e_demand,2030,113,11,11,0.031485221065030815
2700,e_demand,2030,113,12,12,0.031485221065030815
2701,e_demand,2030,113,13,13,0.031485221065030815
2702,e_demand,2030,113,14,14,0.031485221065030815
2703,e_demand,2030,113,15,15,0.031485221065030815
2704,e_demand,2030,113,16,16,0.031485221065030815
2705,e_demand,2030,113,17,17,0.031485221065030815
2706,e_demand,2030,113,18,18,0.031485221065030815
2707,e_demand,2030,113,19,19,0.031485221065030815
2708,e_demand,2030,113,20,20,0.031485221065030815
2709,e_demand,2030,113,21,21,0.031485221065030815
2710,e_demand,2030,113,22,22,0.031485221065030815
2711,e_demand,2030,113,23,23,0.031485221065030815
2712,e_demand,2030,113,24,24,0.031485221065030815
2713,e_demand,2030,114,1,1,0.0031230090058831776
2714,e_demand,2030,114,2,2,0.0031230090058831776
2715,e_demand,2030,114,3,3,0.0031230090058831776
2716,e_demand,2030,114,4,4,0.0031230090058831776
2717,e_demand,2030,114,5,5,0.0031230090058831776
2718,e_demand,2030,114,6,6,0.0031230090058831776
2719,e_demand,2030,114,7,7,0.006246018011766355
2720,e_demand,2030,114,8,8,0.07807522514707944
2721,e_demand,2030,114,9,9,0.07807522514707944
2722,e_demand,2030,114,10,10,0.07807522514707944
2723,e_demand,2030,114,11,11,0.07807522514707944
2724,e_demand,2030,114,12,12,0.006246018011766355
2725,e_demand,2030,114,13,13,0.0031230090058831776
2726,e_demand,2030,114,14,14,0.0031230090058831776
2727,e_demand,2030,114,15,15,0.0031230090058831776
2728,e_demand,2030,114,16,16,0.0031230090058831776
2729,e_demand,2030,114,17,17,0.0031230090058831776
2730,e_demand,2030,114,18,18,0.07807522514707944
2731,e_demand,2030,114,19,19,0.07807522514707944
2732,e_demand,2030,114,20,20,0.07807522514707944
2733,e_demand,2030,114,21,21,0.07807522514707944
2734,e_demand,2030,114,22,22,0.07807522514707944
2735,e_demand,2030,114,23,23,0.07807522514707944
2736,e_demand,2030,114,24,24,0.07807522514707944
2737,e_demand,2030,115,1,1,0.04264550893377238
2738,e_demand,2030,115,2,2,0.04264550893377238
2739,e_demand,2030,115,3,3,0.04264550893377238
2740,e_demand,2030,115,4,4,0.04264550893377238
2741,e_demand,2030,115,5,5,0.04264550893377238
2742,e_demand,2030,115,6,6,0.04264550893377238
2743,e_demand,2030,115,7,7,0.04264550893377238
2744,e_demand,2030,115,8,8,0.04264550893377238
2745,e_demand,2030,115,9,9,0.04264550893377238
2746,e_demand,2030,115,10,10,0.04264550893377238
2747,e_demand,2030,115,11,11,0.04264550893377238
2748,e_demand,2030,115,12,12,0.04264550893377238
2749,e_demand,2030,115,13,13,0.04264550893377238
2750,e_demand,2030,115,14,14,0.04264550893377238
2751,e_demand,2030,115,15,15,0.04264550893377238
2752,e_demand,2030,115,16,16,0.04264550893377238
2753,e_demand,2030,115,17,17,0.04264550893377238
2754,e_demand,2030,115,18,18,0.04264550893377238
2755,e_demand,2030,115,19,19,0.04264550893377238
2756,e_demand,2030,115,20,20,0.04264550893377238
2757,e_demand,2030,115,21,21,0.04264550893377238
2758,e_demand,2030,115,22,22,0.04264550893377238
2759,e_demand,2030,115,23,23,0.04264550893377238
2760,e_demand,2030,115,24,24,0.04264550893377238
2761,e_demand,2030,116,1,1,0.08840406152376729
2762,e_demand,2030,116,2,2,0.08840406152376729
2763,e_demand,2030,116,3,3,0.08840406152376729
2764,e_demand,2030,116,4,4,0.08840406152376729
2765,e_demand,2030,116,5,5,0.08840406152376729
2766,e_demand,2030,116,6,6,0.08840406152376729
2767,e_demand,2030,116,7,7,0.08840406152376729
2768,e_demand,2030,116,8,8,0.08840406152376729
2769,e_demand,2030,116,9,9,0.08840406152376729
2770,e_demand,2030,116,10,10,0.08840406152376729
2771,e_demand,2030,116,11,11,0.08840406152376729
2772,e_demand,2030,116,12,12,0.003536162460950691
2773,e_demand,2030,116,13,13,0.003536162460950691
2774,e_demand,2030,116,14,14,0.003536162460950691
2775,e_demand,2030,116,15,15,0.003536162460950691
2776,e_demand,2030,116,16,16,0.003536162460950691
2777,e_demand,2030,116,17,17,0.08840406152376729
2778,e_demand,2030,116,18,18,0.08840406152376729
2779,e_demand,2030,116,19,19,0.08840406152376729
2780,e_demand,2030,116,20,20,0.08840406152376729
2781,e_demand,2030,116,21,21,0.08840406152376729
2782,e_demand,2030,116,22,22,0.08840406152376729
2783,e_demand,2030,116,23,23,0.08840406152376729
2784,e_demand,2030,116,24,24,0.08840406152376729
2785,e_demand,2030,117,1,1,0.21212480303557768
2786,e_demand,2030,117,2,2,0.21212480303557768
2787,e_demand,2030,117,3,3,0.21212480303557768
2788,e_demand,2030,117,4,4,0.21212480303557768
2789,e_demand,2030,117,5,5,0.21212480303557768
2790,e_demand,2030,117,6,6,0.21212480303557768
2791,e_demand,2030,117,7,7,0.21212480303557768
2792,e_demand,2030,117,8,8,0.21212480303557768
2793,e_demand,2030,117,9,9,0.21212480303557768
2794,e_demand,2030,117,10,10,0.016969984242846212
2795,e_demand,2030,117,11,11,0.008484992121423106
2796,e_demand,2030,117,12,12,0.008484992121423106
2797,e_demand,2030,117,13,13,0.008484992121423106
2798,e_demand,2030,117,14,14,0.008484992121423106
2799,e_demand,2030,117,15,15,0.008484992121423106
2800,e_demand,2030,117,16,16,0.008484992121423106
2801,e_demand,2030,117,17,17,0.008484992121423106
2802,e_demand,2030,117,18,18,0.016969984242846212
2803,e_demand,2030,117,19,19,0.21212480303557768
2804,e_demand,2030,117,20,20,0.21212480303557768
2805,e_demand,2030,117,21,21,0.21212480303557768
2806,e_demand,2030,117,22,22,0.21212480303557768
2807,e_demand,2030,117,23,23,0.21212480303557768
2808,e_demand,2030,117,24,24,0.21212480303557768
2809,e_demand,2030,118,1,1,0.025
2810,e_demand,2030,118,2,2,0.025
2811,e_demand,2030,118,3,3,0.025
2812,e_demand,2030,118,4,4,0.025
2813,e_demand,2030,118,5,5,0.025
2814,e_demand,2030,118,6,6,0.025
2815,e_demand,2030,118,7,7,0.025
2816,e_demand,2030,118,8,8,0.025
2817,e_demand,2030,118,9,9,0.025
2818,e_demand,2030,118,10,10,0.001
2819,e_demand,2030,118,11,11,0.001
2820,e_demand,2030,118,12,12,0.001
2821,e_demand,2030,118,13,13,0.001
2822,e_demand,2030,118,14,14,0.001
2823,e_demand,2030,118,15,15,0.001
2824,e_demand,2030,118,16,16,0.001
2825,e_demand,2030,118,17,17,0.002
2826,e_demand,2030,118,18,18,0.025
2827,e_demand,2030,118,19,19,0.025
2828,e_demand,2030,118,20,20,0.025
2829,e_demand,2030,118,21,21,0.025
2830,e_demand,2030,118,22,22,0.025
2831,e_demand,2030,118,23,23,0.025
2832,e_demand,2030,118,24,24,0.025
2833,e_demand,2030,119,1,1,0.05969710481813855
2834,e_demand,2030,119,2,2,0.05969710481813855
2835,e_demand,2030,119,3,3,0.05969710481813855
2836,e_demand,2030,119,4,4,0.05969710481813855
2837,e_demand,2030,119,5,5,0.05969710481813855
2838,e_demand,2030,119,6,6,0.05969710481813855
2839,e_demand,2030,119,7,7,0.05969710481813855
2840,e_demand,2030,119,8,8,0.05969710481813855
2841,e_demand,2030,119,9,9,0.05969710481813855
2842,e_demand,2030,119,10,10,0.05969710481813855
2843,e_demand,2030,119,11,11,0.05969710481813855
2844,e_demand,2030,119,12,12,0.004775768385451084
2845,e_demand,2030,119,13,13,0.004775768385451084
2846,e_demand,2030,119,14,14,0.004775768385451084
2847,e_demand,2030,119,15,15,0.004775768385451084
2848,e_demand,2030,119,16,16,0.05969710481813855
2849,e_demand,2030,119,17,17,0.05969710481813855
2850,e_demand,2030,119,18,18,0.05969710481813855
2851,e_demand,2030,119,19,19,0.05969710481813855
2852,e_demand,2030,119,20,20,0.05969710481813855
2853,e_demand,2030,119,21,21,0.05969710481813855
2854,e_demand,2030,119,22,22,0.05969710481813855
2855,e_demand,2030,119,23,23,0.05969710481813855
2856,e_demand,2030,119,24,24,0.05969710481813855
2857,e_demand,2030,120,1,1,0.001114548625137714
2858,e_demand,2030,120,2,2,0.001114548625137714
2859,e_demand,2030,120,3,3,0.001114548625137714
2860,e_demand,2030,120,4,4,0.001114548625137714
2861,e_demand,2030,120,5,5,0.001114548625137714
2862,e_demand,2030,120,6,6,0.001114548625137714
2863,e_demand,2030,120,7,7,0.001114548625137714
2864,e_demand,2030,120,8,8,0.001114548625137714
2865,e_demand,2030,120,9,9,0.002229097250275428
2866,e_demand,2030,120,10,10,0.001114548625137714
2867,e_demand,2030,120,11,11,0.001114548625137714
2868,e_demand,2030,120,12,12,0.001114548625137714
2869,e_demand,2030,120,13,13,0.001114548625137714
2870,e_demand,2030,120,14,14,0.001114548625137714
2871,e_demand,2030,120,15,15,0.001114548625137714
2872,e_demand,2030,120,16,16,0.001114548625137714
2873,e_demand,2030,120,17,17,0.001114548625137714
2874,e_demand,2030,120,18,18,0.001114548625137714
2875,e_demand,2030,120,19,19,0.001114548625137714
2876,e_demand,2030,120,20,20,0.002229097250275428
2877,e_demand,2030,120,21,21,0.002229097250275428
2878,e_demand,2030,120,22,22,0.001114548625137714
2879,e_demand,2030,120,23,23,0.001114548625137714
2880,e_demand,2030,120,24,24,0.001114548625137714
2881,e_demand,2030,121,1,1,0.0017322811671593428
2882,e_demand,2030,121,2,2,0.0017322811671593428
2883,e_demand,2030,121,3,3,0.0017322811671593428
2884,e_demand,2030,121,4,4,0.0017322811671593428
2885,e_demand,2030,121,5,5,0.0017322811671593428
2886,e_demand,2030,121,6,6,0.0017322811671593428
2887,e_demand,2030,121,7,7,0.0017322811671593428
2888,e_demand,2030,121,8,8,0.0017322811671593428
2889,e_demand,2030,121,9,9,0.0017322811671593428
2890,e_demand,2030,121,10,10,0.0017322811671593428
2891,e_demand,2030,121,11,11,0.0017322811671593428
2892,e_demand,2030,121,12,12,0.0017322811671593428
2893,e_demand,2030,121,13,13,0.0017322811671593428
2894,e_demand,2030,121,14,14,0.0017322811671593428
2895,e_demand,2030,121,15,15,0.0017322811671593428
2896,e_demand,2030,121,16,16,0.0017322811671593428
2897,e_demand,2030,121,17,17,0.0017322811671593428
2898,e_demand,2030,121,18,18,0.043307029178983575
2899,e_demand,2030,121,19,19,0.043307029178983575
2900,e_demand,2030,121,20,20,0.043307029178983575
2901,e_demand,2030,121,21,21,0.043307029178983575
2902,e_demand,2030,121,22,22,0.043307029178983575
2903,e_demand,2030,121,23,23,0.043307029178983575
2904,e_demand,2030,121,24,24,0.043307029178983575
2905,e_demand,2030,122,1,1,0.05008173594945251
2906,e_demand,2030,122,2,2,0.05008173594945251
2907,e_demand,2030,122,3,3,0.05008173594945251
2908,e_demand,2030,122,4,4,0.05008173594945251
2909,e_demand,2030,122,5,5,0.05008173594945251
2910,e_demand,2030,122,6,6,0.05008173594945251
2911,e_demand,2030,122,7,7,0.05008173594945251
2912,e_demand,2030,122,8,8,0.05008173594945251
2913,e_demand,2030,122,9,9,0.05008173594945251
2914,e_demand,2030,122,10,10,0.05008173594945251
2915,e_demand,2030,122,11,11,0.05008173594945251
2916,e_demand,2030,122,12,12,0.05008173594945251
2917,e_demand,2030,122,13,13,0.05008173594945251
2918,e_demand,2030,122,14,14,0.05008173594945251
2919,e_demand,2030,122,15,15,0.05008173594945251
2920,e_demand,2030,122,16,16,0.05008173594945251
2921,e_demand,2030,122,17,17,0.05008173594945251
2922,e_demand,2030,122,18,18,0.05008173594945251
2923,e_demand,2030,122,19,19,0.05008173594945251
2924,e_demand,2030,122,20,20,0.05008173594945251
2925,e_demand,2030,122,21,21,0.05008173594945251
2926,e_demand,2030,122,22,22,0.05008173594945251
2927,e_demand,2030,122,23,23,0.05008173594945251
2928,e_demand,2030,122,24,24,0.05008173594945251
2929,e_demand,2030,123,1,1,1.0595974583325405
2930,e_demand,2030,123,2,2,1.0595974583325405
2931,e_demand,2030,123,3,3,1.0595974583325405
2932,e_demand,2030,123,4,4,1.0595974583325405
2933,e_demand,2030,123,5,5,1.0595974583325405
2934,e_demand,2030,123,6,6,1.0595974583325405
2935,e_demand,2030,123,7,7,1.0595974583325405
2936,e_demand,2030,123,8,8,1.0595974583325405
2937,e_demand,2030,123,9,9,1.0595974583325405
2938,e_demand,2030,123,10,10,1.0595974583325405
2939,e_demand,2030,123,11,11,1.0595974583325405
2940,e_demand,2030,123,12,12,1.0595974583325405
2941,e_demand,2030,123,13,13,1.0595974583325405
2942,e_demand,2030,123,14,14,1.0595974583325405
2943,e_demand,2030,123,15,15,1.0595974583325405
2944,e_demand,2030,123,16,16,1.0595974583325405
2945,e_demand,2030,123,17,17,1.0595974583325405
2946,e_demand,2030,123,18,18,1.0595974583325405
2947,e_demand,2030,123,19,19,1.0595974583325405
2948,e_demand,2030,123,20,20,1.0595974583325405
2949,e_demand,2030,123,21,21,1.0595974583325405
2950,e_demand,2030,123,22,22,1.0595974583325405
2951,e_demand,2030,123,23,23,1.0595974583325405
2952,e_demand,2030,123,24,24,1.0595974583325405
2953,e_demand,2030,124,1,1,0.004071075548907881
2954,e_demand,2030,124,2,2,0.004071075548907881
2955,e_demand,2030,124,3,3,0.004071075548907881
2956,e_demand,2030,124,4,4,0.004071075548907881
2957,e_demand,2030,124,5,5,0.004071075548907881
2958,e_demand,2030,124,6,6,0.004071075548907881
2959,e_demand,2030,124,7,7,0.004071075548907881
2960,e_demand,2030,124,8,8,0.004071075548907881
2961,e_demand,2030,124,9,9,0.0020355377744539407
2962,e_demand,2030,124,10,10,0.0020355377744539407
2963,e_demand,2030,124,11,11,0.0020355377744539407
2964,e_demand,2030,124,12,12,0.0020355377744539407
2965,e_demand,2030,124,13,13,0.0020355377744539407
2966,e_demand,2030,124,14,14,0.0020355377744539407
2967,e_demand,2030,124,15,15,0.0020355377744539407
2968,e_demand,2030,124,16,16,0.0020355377744539407
2969,e_demand,2030,124,17,17,0.0020355377744539407
2970,e_demand,2030,124,18,18,0.0020355377744539407
2971,e_demand,2030,124,19,19,0.05088844436134852
2972,e_demand,2030,124,20,20,0.05088844436134852
2973,e_demand,2030,124,21,21,0.05088844436134852
2974,e_demand,2030,124,22,22,0.05088844436134852
2975,e_demand,2030,124,23,23,0.05088844436134852
2976,e_demand,2030,124,24,24,0.05088844436134852
2977,e_demand,2030,125,1,1,0.04612517365800828
2978,e_demand,2030,125,2,2,0.04612517365800828
2979,e_demand,2030,125,3,3,0.04612517365800828
2980,e_demand,2030,125,4,4,0.04612517365800828
2981,e_demand,2030,125,5,5,0.04612517365800828
2982,e_demand,2030,125,6,6,0.04612517365800828
2983,e_demand,2030,125,7,7,0.04612517365800828
2984,e_demand,2030,125,8,8,0.04612517365800828
2985,e_demand,2030,125,9,9,0.04612517365800828
2986,e_demand,2030,125,10,10,0.04612517365800828
2987,e_demand,2030,125,11,11,0.04612517365800828
2988,e_demand,2030,125,12,12,0.04612517365800828
2989,e_demand,2030,125,13,13,0.04612517365800828
2990,e_demand,2030,125,14,14,0.04612517365800828
2991,e_demand,2030,125,15,15,0.04612517365800828
2992,e_demand,2030,125,16,16,0.04612517365800828
2993,e_demand,2030,125,17,17,0.04612517365800828
2994,e_demand,2030,125,18,18,0.04612517365800828
2995,e_demand,2030,125,19,19,0.04612517365800828
2996,e_demand,2030,125,20,20,0.04612517365800828
2997,e_demand,2030,125,21,21,0.04612517365800828
2998,e_demand,2030,125,22,22,0.04612517365800828
2999,e_demand,2030,125,23,23,0.04612517365800828
3000,e_demand,2030,125,24,24,0.04612517365800828
3001,e_demand,2030,126,1,1,0.0032982494094695707
3002,e_demand,2030,126,2,2,0.0032982494094695707
3003,e_demand,2030,126,3,3,0.0032982494094695707
3004,e_demand,2030,126,4,4,0.0032982494094695707
3005,e_demand,2030,126,5,5,0.0032982494094695707
3006,e_demand,2030,126,6,6,0.041228117618369635
3007,e_demand,2030,126,7,7,0.041228117618369635
3008,e_demand,2030,126,8,8,0.041228117618369635
3009,e_demand,2030,126,9,9,0.041228117618369635
3010,e_demand,2030,126,10,10,0.041228117618369635
3011,e_demand,2030,126,11,11,0.041228117618369635
3012,e_demand,2030,126,12,12,0.0032982494094695707
3013,e_demand,2030,126,13,13,0.0032982494094695707
3014,e_demand,2030,126,14,14,0.041228117618369635
3015,e_demand,2030,126,15,15,0.041228117618369635
3016,e_demand,2030,126,16,16,0.041228117618369635
3017,e_demand,2030,126,17,17,0.041228117618369635
3018,e_demand,2030,126,18,18,0.041228117618369635
3019,e_demand,2030,126,19,19,0.041228117618369635
3020,e_demand,2030,126,20,20,0.041228117618369635
3021,e_demand,2030,126,21,21,0.041228117618369635
3022,e_demand,2030,126,22,22,0.041228117618369635
3023,e_demand,2030,126,23,23,0.041228117618369635
3024,e_demand,2030,126,24,24,0.041228117618369635
3025,e_demand,2030,127,1,1,0.04722397437794189
3026,e_demand,2030,127,2,2,0.04722397437794189
3027,e_demand,2030,127,3,3,0.04722397437794189
3028,e_demand,2030,127,4,4,0.04722397437794189
3029,e_demand,2030,127,5,5,0.04722397437794189
3030,e_demand,2030,127,6,6,0.04722397437794189
3031,e_demand,2030,127,7,7,0.04722397437794189
3032,e_demand,2030,127,8,8,0.04722397437794189
3033,e_demand,2030,127,9,9,0.04722397437794189
3034,e_demand,2030,127,10,10,0.04722397437794189
3035,e_demand,2030,127,11,11,0.04722397437794189
3036,e_demand,2030,127,12,12,0.04722397437794189
3037,e_demand,2030,127,13,13,0.003777917950235351
3038,e_demand,2030,127,14,14,0.0018889589751176755
3039,e_demand,2030,127,15,15,0.0018889589751176755
3040,e_demand,2030,127,16,16,0.0018889589751176755
3041,e_demand,2030,127,17,17,0.04722397437794189
3042,e_demand,2030,127,18,18,0.04722397437794189
3043,e_demand,2030,127,19,19,0.04722397437794189
3044,e_demand,2030,127,20,20,0.04722397437794189
3045,e_demand,2030,127,21,21,0.04722397437794189
3046,e_demand,2030,127,22,22,0.04722397437794189
3047,e_demand,2030,127,23,23,0.04722397437794189
3048,e_demand,2030,127,24,24,0.04722397437794189
3049,e_demand,2030,128,1,1,0.09343400270427277
3050,e_demand,2030,128,2,2,0.09343400270427277
3051,e_demand,2030,128,3,3,0.09343400270427277
3052,e_demand,2030,128,4,4,0.09343400270427277
3053,e_demand,2030,128,5,5,0.09343400270427277
3054,e_demand,2030,128,6,6,0.09343400270427277
3055,e_demand,2030,128,7,7,0.09343400270427277
3056,e_demand,2030,128,8,8,0.09343400270427277
3057,e_demand,2030,128,9,9,0.09343400270427277
3058,e_demand,2030,128,10,10,0.09343400270427277
3059,e_demand,2030,128,11,11,0.09343400270427277
3060,e_demand,2030,128,12,12,0.09343400270427277
3061,e_demand,2030,128,13,13,0.09343400270427277
3062,e_demand,2030,128,14,14,0.09343400270427277
3063,e_demand,2030,128,15,15,0.09343400270427277
3064,e_demand,2030,128,16,16,0.09343400270427277
3065,e_demand,2030,128,17,17,0.09343400270427277
3066,e_demand,2030,128,18,18,0.13080760378598189
3067,e_demand,2030,128,19,19,0.13080760378598189
3068,e_demand,2030,128,20,20,0.13080760378598189
3069,e_demand,2030,128,21,21,0.13080760378598189
3070,e_demand,2030,128,22,22,0.13080760378598189
3071,e_demand,2030,128,23,23,0.09343400270427277
3072,e_demand,2030,128,24,24,0.09343400270427277
3073,e_demand,2030,129,1,1,0.13436080383842286
3074,e_demand,2030,129,2,2,0.13436080383842286
3075,e_demand,2030,129,3,3,0.13436080383842286
3076,e_demand,2030,129,4,4,0.13436080383842286
3077,e_demand,2030,129,5,5,0.13436080383842286
3078,e_demand,2030,129,6,6,0.13436080383842286
3079,e_demand,2030,129,7,7,0.13436080383842286
3080,e_demand,2030,129,8,8,0.13436080383842286
3081,e_demand,2030,129,9,9,0.13436080383842286
3082,e_demand,2030,129,10,10,0.13436080383842286
3083,e_demand,2030,129,11,11,0.13436080383842286
3084,e_demand,2030,129,12,12,0.13436080383842286
3085,e_demand,2030,129,13,13,0.13436080383842286
3086,e_demand,2030,129,14,14,0.13436080383842286
3087,e_demand,2030,129,15,15,0.13436080383842286
3088,e_demand,2030,129,16,16,0.13436080383842286
3089,e_demand,2030,129,17,17,0.13436080383842286
3090,e_demand,2030,129,18,18,0.13436080383842286
3091,e_demand,2030,129,19,19,0.13436080383842286
3092,e_demand,2030,129,20,20,0.13436080383842286
3093,e_demand,2030,129,21,21,0.13436080383842286
3094,e_demand,2030,129,22,22,0.13436080383842286
3095,e_demand,2030,129,23,23,0.13436080383842286
3096,e_demand,2030,129,24,24,0.13436080383842286
3097,e_demand,2030,130,1,1,0.08300279240904579
3098,e_demand,2030,130,2,2,0.08300279240904579
3099,e_demand,2030,130,3,3,0.08300279240904579
3100,e_demand,2030,130,4,4,0.08300279240904579
3101,e_demand,2030,130,5,5,0.08300279240904579
3102,e_demand,2030,130,6,6,0.08300279240904579
3103,e_demand,2030,130,7,7,0.08300279240904579
3104,e_demand,2030,130,8,8,0.08300279240904579
3105,e_demand,2030,130,9,9,0.08300279240904579
3106,e_demand,2030,130,10,10,0.08300279240904579
3107,e_demand,2030,130,11,11,0.08300279240904579
3108,e_demand,2030,130,12,12,0.08300279240904579
3109,e_demand,2030,130,13,13,0.08300279240904579
3110,e_demand,2030,130,14,14,0.08300279240904579
3111,e_demand,2030,130,15,15,0.08300279240904579
3112,e_demand,2030,130,16,16,0.08300279240904579
3113,e_demand,2030,130,17,17,0.08300279240904579
3114,e_demand,2030,130,18,18,0.08300279240904579
3115,e_demand,2030,130,19,19,0.08300279240904579
3116,e_demand,2030,130,20,20,0.08300279240904579
3117,e_demand,2030,130,21,21,0.08300279240904579
3118,e_demand,2030,130,22,22,0.08300279240904579
3119,e_demand,2030,130,23,23,0.08300279240904579
3120,e_demand,2030,130,24,24,0.08300279240904579
3121,e_demand,2030,131,1,1,0.05557085562871114
3122,e_demand,2030,131,2,2,0.05557085562871114
3123,e_demand,2030,131,3,3,0.05557085562871114
3124,e_demand,2030,131,4,4,0.05557085562871114
3125,e_demand,2030,131,5,5,0.05557085562871114
3126,e_demand,2030,131,6,6,0.05557085562871114
3127,e_demand,2030,131,7,7,0.05557085562871114
3128,e_demand,2030,131,8,8,0.004445668450296891
3129,e_demand,2030,131,9,9,0.0022228342251484454
3130,e_demand,2030,131,10,10,0.0022228342251484454
3131,e_demand,2030,131,11,11,0.0022228342251484454
3132,e_demand,2030,131,12,12,0.0022228342251484454
3133,e_demand,2030,131,13,13,0.0022228342251484454
3134,e_demand,2030,131,14,14,0.0022228342251484454
3135,e_demand,2030,131,15,15,0.0022228342251484454
3136,e_demand,2030,131,16,16,0.0022228342251484454
3137,e_demand,2030,131,17,17,0.0022228342251484454
3138,e_demand,2030,131,18,18,0.0022228342251484454
3139,e_demand,2030,131,19,19,0.0022228342251484454
3140,e_demand,2030,131,20,20,0.0022228342251484454
3141,e_demand,2030,131,21,21,0.0022228342251484454
3142,e_demand,2030,131,22,22,0.0022228342251484454
3143,e_demand,2030,131,23,23,0.0022228342251484454
3144,e_demand,2030,131,24,24,0.0022228342251484454
3145,e_demand,2030,132,1,1,0.280182923133184
3146,e_demand,2030,132,2,2,0.280182923133184
3147,e_demand,2030,132,3,3,0.280182923133184
3148,e_demand,2030,132,4,4,0.280182923133184
3149,e_demand,2030,132,5,5,0.280182923133184
3150,e_demand,2030,132,6,6,0.280182923133184
3151,e_demand,2030,132,7,7,0.280182923133184
3152,e_demand,2030,132,8,8,0.280182923133184
3153,e_demand,2030,132,9,9,0.280182923133184
3154,e_demand,2030,132,10,10,0.280182923133184
3155,e_demand,2030,132,11,11,0.280182923133184
3156,e_demand,2030,132,12,12,0.280182923133184
3157,e_demand,2030,132,13,13,0.280182923133184
3158,e_demand,2030,132,14,14,0.280182923133184
3159,e_demand,2030,132,15,15,0.280182923133184
3160,e_demand,2030,132,16,16,0.280182923133184
3161,e_demand,2030,132,17,17,0.280182923133184
3162,e_demand,2030,132,18,18,0.280182923133184
3163,e_demand,2030,132,19,19,0.280182923133184
3164,e_demand,2030,132,20,20,0.280182923133184
3165,e_demand,2030,132,21,21,0.280182923133184
3166,e_demand,2030,132,22,22,0.280182923133184
3167,e_demand,2030,132,23,23,0.280182923133184
3168,e_demand,2030,132,24,24,0.280182923133184
3169,e_demand,2030,133,1,1,0.04814939242951738
3170,e_demand,2030,133,2,2,0.04814939242951738
3171,e_demand,2030,133,3,3,0.04814939242951738
3172,e_demand,2030,133,4,4,0.04814939242951738
3173,e_demand,2030,133,5,5,0.04814939242951738
3174,e_demand,2030,133,6,6,0.04814939242951738
3175,e_demand,2030,133,7,7,0.04814939242951738
3176,e_demand,2030,133,8,8,0.04814939242951738
3177,e_demand,2030,133,9,9,0.04814939242951738
3178,e_demand,2030,133,10,10,0.04814939242951738
3179,e_demand,2030,133,11,11,0.0038519513943613905
3180,e_demand,2030,133,12,12,0.0038519513943613905
3181,e_demand,2030,133,13,13,0.0019259756971806952
3182,e_demand,2030,133,14,14,0.0019259756971806952
3183,e_demand,2030,133,15,15,0.0019259756971806952
3184,e_demand,2030,133,16,16,0.0038519513943613905
3185,e_demand,2030,133,17,17,0.04814939242951738
3186,e_demand,2030,133,18,18,0.04814939242951738
3187,e_demand,2030,133,19,19,0.04814939242951738
3188,e_demand,2030,133,20,20,0.04814939242951738
3189,e_demand,2030,133,21,21,0.04814939242951738
3190,e_demand,2030,133,22,22,0.04814939242951738
3191,e_demand,2030,133,23,23,0.04814939242951738
3192,e_demand,2030,133,24,24,0.04814939242951738
3193,e_demand,2030,134,1,1,0.11312375982051424
3194,e_demand,2030,134,2,2,0.11312375982051424
3195,e_demand,2030,134,3,3,0.11312375982051424
3196,e_demand,2030,134,4,4,0.11312375982051424
3197,e_demand,2030,134,5,5,0.11312375982051424
3198,e_demand,2030,134,6,6,0.11312375982051424
3199,e_demand,2030,134,7,7,0.11312375982051424
3200,e_demand,2030,134,8,8,0.11312375982051424
3201,e_demand,2030,134,9,9,0.11312375982051424
3202,e_demand,2030,134,10,10,0.11312375982051424
3203,e_demand,2030,134,11,11,0.11312375982051424
3204,e_demand,2030,134,12,12,0.11312375982051424
3205,e_demand,2030,134,13,13,0.11312375982051424
3206,e_demand,2030,134,14,14,0.11312375982051424
3207,e_demand,2030,134,15,15,0.11312375982051424
3208,e_demand,2030,134,16,16,0.11312375982051424
3209,e_demand,2030,134,17,17,0.11312375982051424
3210,e_demand,2030,134,18,18,0.11312375982051424
3211,e_demand,2030,134,19,19,0.11312375982051424
3212,e_demand,2030,134,20,20,0.11312375982051424
3213,e_demand,2030,134,21,21,0.11312375982051424
3214,e_demand,2030,134,22,22,0.11312375982051424
3215,e_demand,2030,134,23,23,0.11312375982051424
3216,e_demand,2030,134,24,24,0.11312375982051424
3217,e_demand,2030,135,1,1,0.06478967891328175
3218,e_demand,2030,135,2,2,0.06478967891328175
3219,e_demand,2030,135,3,3,0.06478967891328175
3220,e_demand,2030,135,4,4,0.06478967891328175
3221,e_demand,2030,135,5,5,0.06478967891328175
3222,e_demand,2030,135,6,6,0.06478967891328175
3223,e_demand,2030,135,7,7,0.06478967891328175
3224,e_demand,2030,135,8,8,0.06478967891328175
3225,e_demand,2030,135,9,9,0.06478967891328175
3226,e_demand,2030,135,10,10,0.06478967891328175
3227,e_demand,2030,135,11,11,0.06478967891328175
3228,e_demand,2030,135,12,12,0.06478967891328175
3229,e_demand,2030,135,13,13,0.06478967891328175
3230,e_demand,2030,135,14,14,0.00518317431306254
3231,e_demand,2030,135,15,15,0.00518317431306254
3232,e_demand,2030,135,16,16,0.00518317431306254
3233,e_demand,2030,135,17,17,0.06478967891328175
3234,e_demand,2030,135,18,18,0.06478967891328175
3235,e_demand,2030,135,19,19,0.06478967891328175
3236,e_demand,2030,135,20,20,0.06478967891328175
3237,e_demand,2030,135,21,21,0.06478967891328175
3238,e_demand,2030,135,22,22,0.06478967891328175
3239,e_demand,2030,135,23,23,0.06478967891328175
3240,e_demand,2030,135,24,24,0.06478967891328175
3241,e_demand,2030,136,1,1,0.04407754002978018
3242,e_demand,2030,136,2,2,0.04407754002978018
3243,e_demand,2030,136,3,3,0.04407754002978018
3244,e_demand,2030,136,4,4,0.04407754002978018
3245,e_demand,2030,136,5,5,0.04407754002978018
3246,e_demand,2030,136,6,6,0.04407754002978018
3247,e_demand,2030,136,7,7,0.04407754002978018
3248,e_demand,2030,136,8,8,0.04407754002978018
3249,e_demand,2030,136,9,9,0.04407754002978018
3250,e_demand,2030,136,10,10,0.04407754002978018
3251,e_demand,2030,136,11,11,0.0017631016011912068
3252,e_demand,2030,136,12,12,0.0017631016011912068
3253,e_demand,2030,136,13,13,0.0017631016011912068
3254,e_demand,2030,136,14,14,0.0017631016011912068
3255,e_demand,2030,136,15,15,0.0017631016011912068
3256,e_demand,2030,136,16,16,0.04407754002978018
3257,e_demand,2030,136,17,17,0.04407754002978018
3258,e_demand,2030,136,18,18,0.04407754002978018
3259,e_demand,2030,136,19,19,0.04407754002978018
3260,e_demand,2030,136,20,20,0.04407754002978018
3261,e_demand,2030,136,21,21,0.04407754002978018
3262,e_demand,2030,136,22,22,0.04407754002978018
3263,e_demand,2030,136,23,23,0.04407754002978018
3264,e_demand,2030,136,24,24,0.04407754002978018
3265,e_demand,2030,137,1,1,0.05545760318818558
3266,e_demand,2030,137,2,2,0.05545760318818558
3267,e_demand,2030,137,3,3,0.05545760318818558
3268,e_demand,2030,137,4,4,0.05545760318818558
3269,e_demand,2030,137,5,5,0.05545760318818558
3270,e_demand,2030,137,6,6,0.05545760318818558
3271,e_demand,2030,137,7,7,0.05545760318818558
3272,e_demand,2030,137,8,8,0.05545760318818558
3273,e_demand,2030,137,9,9,0.05545760318818558
3274,e_demand,2030,137,10,10,0.05545760318818558
3275,e_demand,2030,137,11,11,0.05545760318818558
3276,e_demand,2030,137,12,12,0.004436608255054846
3277,e_demand,2030,137,13,13,0.002218304127527423
3278,e_demand,2030,137,14,14,0.002218304127527423
3279,e_demand,2030,137,15,15,0.004436608255054846
3280,e_demand,2030,137,16,16,0.05545760318818558
3281,e_demand,2030,137,17,17,0.05545760318818558
3282,e_demand,2030,137,18,18,0.05545760318818558
3283,e_demand,2030,137,19,19,0.05545760318818558
3284,e_demand,2030,137,20,20,0.05545760318818558
3285,e_demand,2030,137,21,21,0.05545760318818558
3286,e_demand,2030,137,22,22,0.05545760318818558
3287,e_demand,2030,137,23,23,0.05545760318818558
3288,e_demand,2030,137,24,24,0.05545760318818558
3289,e_demand,2030,138,1,1,0.08063296328614838
3290,e_demand,2030,138,2,2,0.08063296328614838
3291,e_demand,2030,138,3,3,0.08063296328614838
3292,e_demand,2030,138,4,4,0.08063296328614838
3293,e_demand,2030,138,5,5,0.08063296328614838
3294,e_demand,2030,138,6,6,0.08063296328614838
3295,e_demand,2030,138,7,7,0.08063296328614838
3296,e_demand,2030,138,8,8,0.08063296328614838
3297,e_demand,2030,138,9,9,0.08063296328614838
3298,e_demand,2030,138,10,10,0.08063296328614838
3299,e_demand,2030,138,11,11,0.08063296328614838
3300,e_demand,2030,138,12,12,0.08063296328614838
3301,e_demand,2030,138,13,13,0.08063296328614838
3302,e_demand,2030,138,14,14,0.08063296328614838
3303,e_demand,2030,138,15,15,0.08063296328614838
3304,e_demand,2030,138,16,16,0.08063296328614838
3305,e_demand,2030,138,17,17,0.08063296328614838
3306,e_demand,2030,138,18,18,0.08063296328614838
3307,e_demand,2030,138,19,19,0.08063296328614838
3308,e_demand,2030,138,20,20,0.08063296328614838
3309,e_demand,2030,138,21,21,0.08063296328614838
3310,e_demand,2030,138,22,22,0.08063296328614838
3311,e_demand,2030,138,23,23,0.08063296328614838
3312,e_demand,2030,138,24,24,0.08063296328614838
3313,e_demand,2030,139,1,1,0.05322400862170046
3314,e_demand,2030,139,2,2,0.05322400862170046
3315,e_demand,2030,139,3,3,0.05322400862170046
3316,e_demand,2030,139,4,4,0.05322400862170046
3317,e_demand,2030,139,5,5,0.05322400862170046
3318,e_demand,2030,139,6,6,0.05322400862170046
3319,e_demand,2030,139,7,7,0.05322400862170046
3320,e_demand,2030,139,8,8,0.05322400862170046
3321,e_demand,2030,139,9,9,0.05322400862170046
3322,e_demand,2030,139,10,10,0.05322400862170046
3323,e_demand,2030,139,11,11,0.05322400862170046
3324,e_demand,2030,139,12,12,0.05322400862170046
3325,e_demand,2030,139,13,13,0.05322400862170046
3326,e_demand,2030,139,14,14,0.05322400862170046
3327,e_demand,2030,139,15,15,0.05322400862170046
3328,e_demand,2030,139,16,16,0.05322400862170046
3329,e_demand,2030,139,17,17,0.05322400862170046
3330,e_demand,2030,139,18,18,0.05322400862170046
3331,e_demand,2030,139,19,19,0.05322400862170046
3332,e_demand,2030,139,20,20,0.05322400862170046
3333,e_demand,2030,139,21,21,0.05322400862170046
3334,e_demand,2030,139,22,22,0.05322400862170046
3335,e_demand,2030,139,23,23,0.05322400862170046
3336,e_demand,2030,139,24,24,0.05322400862170046
3337,e_demand,2030,140,1,1,0.4391394475709691
3338,e_demand,2030,140,2,2,0.4391394475709691
3339,e_demand,2030,140,3,3,0.4391394475709691
3340,e_demand,2030,140,4,4,0.4391394475709691
3341,e_demand,2030,140,5,5,0.4391394475709691
3342,e_demand,2030,140,6,6,0.4391394475709691
3343,e_demand,2030,140,7,7,0.4391394475709691
3344,e_demand,2030,140,8,8,0.4391394475709691
3345,e_demand,2030,140,9,9,0.4391394475709691
3346,e_demand,2030,140,10,10,0.4391394475709691
3347,e_demand,2030,140,11,11,0.4391394475709691
3348,e_demand,2030,140,12,12,0.4391394475709691
3349,e_demand,2030,140,13,13,0.4391394475709691
3350,e_demand,2030,140,14,14,0.4391394475709691
3351,e_demand,2030,140,15,15,0.4391394475709691
3352,e_demand,2030,140,16,16,0.4391394475709691
3353,e_demand,2030,140,17,17,0.4391394475709691
3354,e_demand,2030,140,18,18,0.4391394475709691
3355,e_demand,2030,140,19,19,0.4391394475709691
3356,e_demand,2030,140,20,20,0.4391394475709691
3357,e_demand,2030,140,21,21,0.4391394475709691
3358,e_demand,2030,140,22,22,0.4391394475709691
3359,e_demand,2030,140,23,23,0.4391394475709691
3360,e_demand,2030,140,24,24,0.4391394475709691
3361,e_demand,2030,141,1,1,0.08460784443060237
3362,e_demand,2030,141,2,2,0.08460784443060237
3363,e_demand,2030,141,3,3,0.08460784443060237
3364,e_demand,2030,141,4,4,0.08460784443060237
3365,e_demand,2030,141,5,5,0.08460784443060237
3366,e_demand,2030,141,6,6,0.08460784443060237
3367,e_demand,2030,141,7,7,0.08460784443060237
3368,e_demand,2030,141,8,8,0.08460784443060237
3369,e_demand,2030,141,9,9,0.08460784443060237
3370,e_demand,2030,141,10,10,0.08460784443060237
3371,e_demand,2030,141,11,11,0.08460784443060237
3372,e_demand,2030,141,12,12,0.08460784443060237
3373,e_demand,2030,141,13,13,0.08460784443060237
3374,e_demand,2030,141,14,14,0.08460784443060237
3375,e_demand,2030,141,15,15,0.08460784443060237
3376,e_demand,2030,141,16,16,0.08460784443060237
3377,e_demand,2030,141,17,17,0.08460784443060237
3378,e_demand,2030,141,18,18,0.08460784443060237
3379,e_demand,2030,141,19,19,0.08460784443060237
3380,e_demand,2030,141,20,20,0.08460784443060237
3381,e_demand,2030,141,21,21,0.08460784443060237
3382,e_demand,2030,141,22,22,0.08460784443060237
3383,e_demand,2030,141,23,23,0.08460784443060237
3384,e_demand,2030,141,24,24,0.08460784443060237
3385,e_demand,2030,142,1,1,0.10334486105114855
3386,e_demand,2030,142,2,2,0.10334486105114855
3387,e_demand,2030,142,3,3,0.10334486105114855
3388,e_demand,2030,142,4,4,0.10334486105114855
3389,e_demand,2030,142,5,5,0.10334486105114855
3390,e_demand,2030,142,6,6,0.10334486105114855
3391,e_demand,2030,142,7,7,0.10334486105114855
3392,e_demand,2030,142,8,8,0.10334486105114855
3393,e_demand,2030,142,9,9,0.10334486105114855
3394,e_demand,2030,142,10,10,0.10334486105114855
3395,e_demand,2030,142,11,11,0.10334486105114855
3396,e_demand,2030,142,12,12,0.10334486105114855
3397,e_demand,2030,142,13,13,0.008267588884091884
3398,e_demand,2030,142,14,14,0.008267588884091884
3399,e_demand,2030,142,15,15,0.10334486105114855
3400,e_demand,2030,142,16,16,0.10334486105114855
3401,e_demand,2030,142,17,17,0.10334486105114855
3402,e_demand,2030,142,18,18,0.10334486105114855
3403,e_demand,2030,142,19,19,0.10334486105114855
3404,e_demand,2030,142,20,20,0.10334486105114855
3405,e_demand,2030,142,21,21,0.10334486105114855
3406,e_demand,2030,142,22,22,0.10334486105114855
3407,e_demand,2030,142,23,23,0.10334486105114855
3408,e_demand,2030,142,24,24,0.10334486105114855
3409,e_demand,2030,143,1,1,0.08215635341446664
3410,e_demand,2030,143,2,2,0.08215635341446664
3411,e_demand,2030,143,3,3,0.08215635341446664
3412,e_demand,2030,143,4,4,0.08215635341446664
3413,e_demand,2030,143,5,5,0.08215635341446664
3414,e_demand,2030,143,6,6,0.08215635341446664
3415,e_demand,2030,143,7,7,0.08215635341446664
3416,e_demand,2030,143,8,8,0.08215635341446664
3417,e_demand,2030,143,9,9,0.08215635341446664
3418,e_demand,2030,143,10,10,0.08215635341446664
3419,e_demand,2030,143,11,11,0.08215635341446664
3420,e_demand,2030,143,12,12,0.0032862541365786656
3421,e_demand,2030,143,13,13,0.0032862541365786656
3422,e_demand,2030,143,14,14,0.0032862541365786656
3423,e_demand,2030,143,15,15,0.0032862541365786656
3424,e_demand,2030,143,16,16,0.08215635341446664
3425,e_demand,2030,143,17,17,0.08215635341446664
3426,e_demand,2030,143,18,18,0.08215635341446664
3427,e_demand,2030,143,19,19,0.08215635341446664
3428,e_demand,2030,143,20,20,0.08215635341446664
3429,e_demand,2030,143,21,21,0.08215635341446664
3430,e_demand,2030,143,22,22,0.08215635341446664
3431,e_demand,2030,143,23,23,0.08215635341446664
3432,e_demand,2030,143,24,24,0.08215635341446664
3433,e_demand,2030,144,1,1,0.11337963682913854
3434,e_demand,2030,144,2,2,0.11337963682913854
3435,e_demand,2030,144,3,3,0.11337963682913854
3436,e_demand,2030,144,4,4,0.11337963682913854
3437,e_demand,2030,144,5,5,0.11337963682913854
3438,e_demand,2030,144,6,6,0.11337963682913854
3439,e_demand,2030,144,7,7,0.11337963682913854
3440,e_demand,2030,144,8,8,0.11337963682913854
3441,e_demand,2030,144,9,9,0.11337963682913854
3442,e_demand,2030,144,10,10,0.11337963682913854
3443,e_demand,2030,144,11,11,0.11337963682913854
3444,e_demand,2030,144,12,12,0.11337963682913854
3445,e_demand,2030,144,13,13,0.11337963682913854
3446,e_demand,2030,144,14,14,0.11337963682913854
3447,e_demand,2030,144,15,15,0.11337963682913854
3448,e_demand,2030,144,16,16,0.11337963682913854
3449,e_demand,2030,144,17,17,0.11337963682913854
3450,e_demand,2030,144,18,18,0.11337963682913854
3451,e_demand,2030,144,19,19,0.11337963682913854
3452,e_demand,2030,144,20,20,0.11337963682913854
3453,e_demand,2030,144,21,21,0.11337963682913854
3454,e_demand,2030,144,22,22,0.11337963682913854
3455,e_demand,2030,144,23,23,0.11337963682913854
3456,e_demand,2030,144,24,24,0.11337963682913854
3457,e_demand,2030,145,1,1,0.026829948889991673
3458,e_demand,2030,145,2,2,0.026829948889991673
3459,e_demand,2030,145,3,3,0.026829948889991673
3460,e_demand,2030,145,4,4,0.026829948889991673
3461,e_demand,2030,145,5,5,0.026829948889991673
3462,e_demand,2030,145,6,6,0.026829948889991673
3463,e_demand,2030,145,7,7,0.026829948889991673
3464,e_demand,2030,145,8,8,0.026829948889991673
3465,e_demand,2030,145,9,9,0.026829948889991673
3466,e_demand,2030,145,10,10,0.026829948889991673
3467,e_demand,2030,145,11,11,0.026829948889991673
3468,e_demand,2030,145,12,12,0.026829948889991673
3469,e_demand,2030,145,13,13,0.026829948889991673
3470,e_demand,2030,145,14,14,0.026829948889991673
3471,e_demand,2030,145,15,15,0.026829948889991673
3472,e_demand,2030,145,16,16,0.026829948889991673
3473,e_demand,2030,145,17,17,0.026829948889991673
3474,e_demand,2030,145,18,18,0.026829948889991673
3475,e_demand,2030,145,19,19,0.026829948889991673
3476,e_demand,2030,145,20,20,0.026829948889991673
3477,e_demand,2030,145,21,21,0.026829948889991673
3478,e_demand,2030,145,22,22,0.026829948889991673
3479,e_demand,2030,145,23,23,0.026829948889991673
3480,e_demand,2030,145,24,24,0.026829948889991673
3481,e_demand,2030,146,1,1,0.03227454062711416
3482,e_demand,2030,146,2,2,0.03227454062711416
3483,e_demand,2030,146,3,3,0.03227454062711416
3484,e_demand,2030,146,4,4,0.03227454062711416
3485,e_demand,2030,146,5,5,0.03227454062711416
3486,e_demand,2030,146,6,6,0.03227454062711416
3487,e_demand,2030,146,7,7,0.03227454062711416
3488,e_demand,2030,146,8,8,0.03227454062711416
3489,e_demand,2030,146,9,9,0.03227454062711416
3490,e_demand,2030,146,10,10,0.03227454062711416
3491,e_demand,2030,146,11,11,0.0025819632501691324
3492,e_demand,2030,146,12,12,0.0012909816250845662
3493,e_demand,2030,146,13,13,0.0012909816250845662
3494,e_demand,2030,146,14,14,0.0012909816250845662
3495,e_demand,2030,146,15,15,0.0012909816250845662
3496,e_demand,2030,146,16,16,0.03227454062711416
3497,e_demand,2030,146,17,17,0.03227454062711416
3498,e_demand,2030,146,18,18,0.03227454062711416
3499,e_demand,2030,146,19,19,0.03227454062711416
3500,e_demand,2030,146,20,20,0.03227454062711416
3501,e_demand,2030,146,21,21,0.03227454062711416
3502,e_demand,2030,146,22,22,0.03227454062711416
3503,e_demand,2030,146,23,23,0.03227454062711416
3504,e_demand,2030,146,24,24,0.03227454062711416
3505,e_demand,2030,147,1,1,0.0036998832962788107
3506,e_demand,2030,147,2,2,0.0036998832962788107
3507,e_demand,2030,147,3,3,0.0036998832962788107
3508,e_demand,2030,147,4,4,0.0036998832962788107
3509,e_demand,2030,147,5,5,0.0036998832962788107
3510,e_demand,2030,147,6,6,0.0036998832962788107
3511,e_demand,2030,147,7,7,0.0036998832962788107
3512,e_demand,2030,147,8,8,0.007399766592557621
3513,e_demand,2030,147,9,9,0.09249708240697027
3514,e_demand,2030,147,10,10,0.09249708240697027
3515,e_demand,2030,147,11,11,0.09249708240697027
3516,e_demand,2030,147,12,12,0.09249708240697027
3517,e_demand,2030,147,13,13,0.007399766592557621
3518,e_demand,2030,147,14,14,0.0036998832962788107
3519,e_demand,2030,147,15,15,0.0036998832962788107
3520,e_demand,2030,147,16,16,0.007399766592557621
3521,e_demand,2030,147,17,17,0.09249708240697027
3522,e_demand,2030,147,18,18,0.09249708240697027
3523,e_demand,2030,147,19,19,0.09249708240697027
3524,e_demand,2030,147,20,20,0.09249708240697027
3525,e_demand,2030,147,21,21,0.09249708240697027
3526,e_demand,2030,147,22,22,0.09249708240697027
3527,e_demand,2030,147,23,23,0.09249708240697027
3528,e_demand,2030,147,24,24,0.09249708240697027
3529,e_demand,2030,148,1,1,0.1951865507825047
3530,e_demand,2030,148,2,2,0.1951865507825047
3531,e_demand,2030,148,3,3,0.1951865507825047
3532,e_demand,2030,148,4,4,0.1951865507825047
3533,e_demand,2030,148,5,5,0.1951865507825047
3534,e_demand,2030,148,6,6,0.1951865507825047
3535,e_demand,2030,148,7,7,0.1951865507825047
3536,e_demand,2030,148,8,8,0.1951865507825047
3537,e_demand,2030,148,9,9,0.1951865507825047
3538,e_demand,2030,148,10,10,0.1951865507825047
3539,e_demand,2030,148,11,11,0.1951865507825047
3540,e_demand,2030,148,12,12,0.27326117109550657
3541,e_demand,2030,148,13,13,0.27326117109550657
3542,e_demand,2030,148,14,14,0.27326117109550657
3543,e_demand,2030,148,15,15,0.27326117109550657
3544,e_demand,2030,148,16,16,0.27326117109550657
3545,e_demand,2030,148,17,17,0.27326117109550657
3546,e_demand,2030,148,18,18,0.27326117109550657
3547,e_demand,2030,148,19,19,0.27326117109550657
3548,e_demand,2030,148,20,20,0.27326117109550657
3549,e_demand,2030,148,21,21,0.27326117109550657
3550,e_demand,2030,148,22,22,0.1951865507825047
3551,e_demand,2030,148,23,23,0.1951865507825047
3552,e_demand,2030,148,24,24,0.1951865507825047
3553,e_demand,2030,149,1,1,0.04475143960508952
3554,e_demand,2030,149,2,2,0.04475143960508952
3555,e_demand,2030,149,3,3,0.04475143960508952
3556,e_demand,2030,149,4,4,0.04475143960508952
3557,e_demand,2030,149,5,5,0.04475143960508952
3558,e_demand,2030,149,6,6,0.04475143960508952
3559,e_demand,2030,149,7,7,0.04475143960508952
3560,e_demand,2030,149,8,8,0.04475143960508952
3561,e_demand,2030,149,9,9,0.04475143960508952
3562,e_demand,2030,149,10,10,0.04475143960508952
3563,e_demand,2030,149,11,11,0.04475143960508952
3564,e_demand,2030,149,12,12,0.04475143960508952
3565,e_demand,2030,149,13,13,0.04475143960508952
3566,e_demand,2030,149,14,14,0.04475143960508952
3567,e_demand,2030,149,15,15,0.04475143960508952
3568,e_demand,2030,149,16,16,0.04475143960508952
3569,e_demand,2030,149,17,17,0.04475143960508952
3570,e_demand,2030,149,18,18,0.04475143960508952
3571,e_demand,2030,149,19,19,0.04475143960508952
3572,e_demand,2030,149,20,20,0.04475143960508952
3573,e_demand,2030,149,21,21,0.04475143960508952
3574,e_demand,2030,149,22,22,0.04475143960508952
3575,e_demand,2030,149,23,23,0.04475143960508952
3576,e_demand,2030,149,24,24,0.04475143960508952
3577,e_demand,2030,150,1,1,0.06010415859156592
3578,e_demand,2030,150,2,2,0.06010415859156592
3579,e_demand,2030,150,3,3,0.06010415859156592
3580,e_demand,2030,150,4,4,0.06010415859156592
3581,e_demand,2030,150,5,5,0.06010415859156592
3582,e_demand,2030,150,6,6,0.06010415859156592
3583,e_demand,2030,150,7,7,0.06010415859156592
3584,e_demand,2030,150,8,8,0.06010415859156592
3585,e_demand,2030,150,9,9,0.06010415859156592
3586,e_demand,2030,150,10,10,0.06010415859156592
3587,e_demand,2030,150,11,11,0.06010415859156592
3588,e_demand,2030,150,12,12,0.06010415859156592
3589,e_demand,2030,150,13,13,0.06010415859156592
3590,e_demand,2030,150,14,14,0.06010415859156592
3591,e_demand,2030,150,15,15,0.06010415859156592
3592,e_demand,2030,150,16,16,0.06010415859156592
3593,e_demand,2030,150,17,17,0.06010415859156592
3594,e_demand,2030,150,18,18,0.06010415859156592
3595,e_demand,2030,150,19,19,0.06010415859156592
3596,e_demand,2030,150,20,20,0.06010415859156592
3597,e_demand,2030,150,21,21,0.06010415859156592
3598,e_demand,2030,150,22,22,0.06010415859156592
3599,e_demand,2030,150,23,23,0.06010415859156592
3600,e_demand,2030,150,24,24,0.06010415859156592
3601,e_demand,2030,151,1,1,0.1264992449332545
3602,e_demand,2030,151,2,2,0.1264992449332545
3603,e_demand,2030,151,3,3,0.1264992449332545
3604,e_demand,2030,151,4,4,0.1264992449332545
3605,e_demand,2030,151,5,5,0.1264992449332545
3606,e_demand,2030,151,6,6,0.1264992449332545
3607,e_demand,2030,151,7,7,0.1264992449332545
3608,e_demand,2030,151,8,8,0.1264992449332545
3609,e_demand,2030,151,9,9,0.1264992449332545
3610,e_demand,2030,151,10,10,0.1264992449332545
3611,e_demand,2030,151,11,11,0.1264992449332545
3612,e_demand,2030,151,12,12,0.1264992449332545
3613,e_demand,2030,151,13,13,0.1264992449332545
3614,e_demand,2030,151,14,14,0.1264992449332545
3615,e_demand,2030,151,15,15,0.1264992449332545
3616,e_demand,2030,151,16,16,0.1264992449332545
3617,e_demand,2030,151,17,17,0.1264992449332545
3618,e_demand,2030,151,18,18,0.1264992449332545
3619,e_demand,2030,151,19,19,0.1264992449332545
3620,e_demand,2030,151,20,20,0.1264992449332545
3621,e_demand,2030,151,21,21,0.1264992449332545
3622,e_demand,2030,151,22,22,0.1264992449332545
3623,e_demand,2030,151,23,23,0.1264992449332545
3624,e_demand,2030,151,24,24,0.1264992449332545
3625,e_demand,2030,152,1,1,0.076780258021869
3626,e_demand,2030,152,2,2,0.076780258021869
3627,e_demand,2030,152,3,3,0.076780258021869
3628,e_demand,2030,152,4,4,0.076780258021869
3629,e_demand,2030,152,5,5,0.076780258021869
3630,e_demand,2030,152,6,6,0.076780258021869
3631,e_demand,2030,152,7,7,0.076780258021869
3632,e_demand,2030,152,8,8,0.076780258021869
3633,e_demand,2030,152,9,9,0.076780258021869
3634,e_demand,2030,152,10,10,0.076780258021869
3635,e_demand,2030,152,11,11,0.076780258021869
3636,e_demand,2030,152,12,12,0.076780258021869
3637,e_demand,2030,152,13,13,0.00614242064174952
3638,e_demand,2030,152,14,14,0.00614242064174952
3639,e_demand,2030,152,15,15,0.00614242064174952
3640,e_demand,2030,152,16,16,0.076780258021869
3641,e_demand,2030,152,17,17,0.076780258021869
3642,e_demand,2030,152,18,18,0.076780258021869
3643,e_demand,2030,152,19,19,0.076780258021869
3644,e_demand,2030,152,20,20,0.076780258021869
3645,e_demand,2030,152,21,21,0.076780258021869
3646,e_demand,2030,152,22,22,0.076780258021869
3647,e_demand,2030,152,23,23,0.076780258021869
3648,e_demand,2030,152,24,24,0.076780258021869
3649,e_demand,2030,153,1,1,0.03189199854157234
3650,e_demand,2030,153,2,2,0.03189199854157234
3651,e_demand,2030,153,3,3,0.03189199854157234
3652,e_demand,2030,153,4,4,0.03189199854157234
3653,e_demand,2030,153,5,5,0.03189199854157234
3654,e_demand,2030,153,6,6,0.03189199854157234
3655,e_demand,2030,153,7,7,0.03189199854157234
3656,e_demand,2030,153,8,8,0.03189199854157234
3657,e_demand,2030,153,9,9,0.03189199854157234
3658,e_demand,2030,153,10,10,0.03189199854157234
3659,e_demand,2030,153,11,11,0.03189199854157234
3660,e_demand,2030,153,12,12,0.03189199854157234
3661,e_demand,2030,153,13,13,0.03189199854157234
3662,e_demand,2030,153,14,14,0.0012756799416628935
3663,e_demand,2030,153,15,15,0.0012756799416628935
3664,e_demand,2030,153,16,16,0.0012756799416628935
3665,e_demand,2030,153,17,17,0.0012756799416628935
3666,e_demand,2030,153,18,18,0.03189199854157234
3667,e_demand,2030,153,19,19,0.03189199854157234
3668,e_demand,2030,153,20,20,0.03189199854157234
3669,e_demand,2030,153,21,21,0.03189199854157234
3670,e_demand,2030,153,22,22,0.03189199854157234
3671,e_demand,2030,153,23,23,0.03189199854157234
3672,e_demand,2030,153,24,24,0.03189199854157234
3673,e_demand,2030,154,1,1,0.02624742963521324
3674,e_demand,2030,154,2,2,0.02624742963521324
3675,e_demand,2030,154,3,3,0.02624742963521324
3676,e_demand,2030,154,4,4,0.02624742963521324
3677,e_demand,2030,154,5,5,0.02624742963521324
3678,e_demand,2030,154,6,6,0.02624742963521324
3679,e_demand,2030,154,7,7,0.02624742963521324
3680,e_demand,2030,154,8,8,0.02624742963521324
3681,e_demand,2030,154,9,9,0.02624742963521324
3682,e_demand,2030,154,10,10,0.02624742963521324
3683,e_demand,2030,154,11,11,0.02624742963521324
3684,e_demand,2030,154,12,12,0.02624742963521324
3685,e_demand,2030,154,13,13,0.02624742963521324
3686,e_demand,2030,154,14,14,0.02624742963521324
3687,e_demand,2030,154,15,15,0.02624742963521324
3688,e_demand,2030,154,16,16,0.02624742963521324
3689,e_demand,2030,154,17,17,0.02624742963521324
3690,e_demand,2030,154,18,18,0.02624742963521324
3691,e_demand,2030,154,19,19,0.02624742963521324
3692,e_demand,2030,154,20,20,0.02624742963521324
3693,e_demand,2030,154,21,21,0.02624742963521324
3694,e_demand,2030,154,22,22,0.02624742963521324
3695,e_demand,2030,154,23,23,0.02624742963521324
3696,e_demand,2030,154,24,24,0.02624742963521324
3697,e_demand,2030,155,1,1,0.025
3698,e_demand,2030,155,2,2,0.025
3699,e_demand,2030,155,3,3,0.025
3700,e_demand,2030,155,4,4,0.025
3701,e_demand,2030,155,5,5,0.025
3702,e_demand,2030,155,6,6,0.025
3703,e_demand,2030,155,7,7,0.025
3704,e_demand,2030,155,8,8,0.025
3705,e_demand,2030,155,9,9,0.025
3706,e_demand,2030,155,10,10,0.025
3707,e_demand,2030,155,11,11,0.025
3708,e_demand,2030,155,12,12,0.001
3709,e_demand,2030,155,13,13,0.001
3710,e_demand,2030,155,14,14,0.001
3711,e_demand,2030,155,15,15,0.001
3712,e_demand,2030,155,16,16,0.001
3713,e_demand,2030,155,17,17,0.025
3714,e_demand,2030,155,18,18,0.025
3715,e_demand,2030,155,19,19,0.025
3716,e_demand,2030,155,20,20,0.025
3717,e_demand,2030,155,21,21,0.025
3718,e_demand,2030,155,22,22,0.025
3719,e_demand,2030,155,23,23,0.025
3720,e_demand,2030,155,24,24,0.025
3721,e_demand,2030,156,1,1,0.02825973349434628
3722,e_demand,2030,156,2,2,0.02825973349434628
3723,e_demand,2030,156,3,3,0.02825973349434628
3724,e_demand,2030,156,4,4,0.02825973349434628
3725,e_demand,2030,156,5,5,0.02825973349434628
3726,e_demand,2030,156,6,6,0.02825973349434628
3727,e_demand,2030,156,7,7,0.02825973349434628
3728,e_demand,2030,156,8,8,0.02825973349434628
3729,e_demand,2030,156,9,9,0.02825973349434628
3730,e_demand,2030,156,10,10,0.002260778679547702
3731,e_demand,2030,156,11,11,0.001130389339773851
3732,e_demand,2030,156,12,12,0.001130389339773851
3733,e_demand,2030,156,13,13,0.001130389339773851
3734,e_demand,2030,156,14,14,0.001130389339773851
3735,e_demand,2030,156,15,15,0.001130389339773851
3736,e_demand,2030,156,16,16,0.001130389339773851
3737,e_demand,2030,156,17,17,0.002260778679547702
3738,e_demand,2030,156,18,18,0.02825973349434628
3739,e_demand,2030,156,19,19,0.02825973349434628
3740,e_demand,2030,156,20,20,0.02825973349434628
3741,e_demand,2030,156,21,21,0.02825973349434628
3742,e_demand,2030,156,22,22,0.02825973349434628
3743,e_demand,2030,156,23,23,0.02825973349434628
3744,e_demand,2030,156,24,24,0.02825973349434628
3745,e_demand,2030,157,1,1,0.046480719252177505
3746,e_demand,2030,157,2,2,0.046480719252177505
3747,e_demand,2030,157,3,3,0.046480719252177505
3748,e_demand,2030,157,4,4,0.046480719252177505
3749,e_demand,2030,157,5,5,0.046480719252177505
3750,e_demand,2030,157,6,6,0.046480719252177505
3751,e_demand,2030,157,7,7,0.046480719252177505
3752,e_demand,2030,157,8,8,0.046480719252177505
3753,e_demand,2030,157,9,9,0.046480719252177505
3754,e_demand,2030,157,10,10,0.046480719252177505
3755,e_demand,2030,157,11,11,0.0037184575401742
3756,e_demand,2030,157,12,12,0.0018592287700871
3757,e_demand,2030,157,13,13,0.0018592287700871
3758,e_demand,2030,157,14,14,0.0018592287700871
3759,e_demand,2030,157,15,15,0.0018592287700871
3760,e_demand,2030,157,16,16,0.0018592287700871
3761,e_demand,2030,157,17,17,0.0018592287700871
3762,e_demand,2030,157,18,18,0.0018592287700871
3763,e_demand,2030,157,19,19,0.046480719252177505
3764,e_demand,2030,157,20,20,0.046480719252177505
3765,e_demand,2030,157,21,21,0.046480719252177505
3766,e_demand,2030,157,22,22,0.046480719252177505
3767,e_demand,2030,157,23,23,0.046480719252177505
3768,e_demand,2030,157,24,24,0.046480719252177505
3769,e_demand,2030,158,1,1,0.25997004193188633
3770,e_demand,2030,158,2,2,0.25997004193188633
3771,e_demand,2030,158,3,3,0.25997004193188633
3772,e_demand,2030,158,4,4,0.25997004193188633
3773,e_demand,2030,158,5,5,0.25997004193188633
3774,e_demand,2030,158,6,6,0.25997004193188633
3775,e_demand,2030,158,7,7,0.25997004193188633
3776,e_demand,2030,158,8,8,0.25997004193188633
3777,e_demand,2030,158,9,9,0.25997004193188633
3778,e_demand,2030,158,10,10,0.25997004193188633
3779,e_demand,2030,158,11,11,0.25997004193188633
3780,e_demand,2030,158,12,12,0.25997004193188633
3781,e_demand,2030,158,13,13,0.25997004193188633
3782,e_demand,2030,158,14,14,0.25997004193188633
3783,e_demand,2030,158,15,15,0.25997004193188633
3784,e_demand,2030,158,16,16,0.25997004193188633
3785,e_demand,2030,158,17,17,0.25997004193188633
3786,e_demand,2030,158,18,18,0.25997004193188633
3787,e_demand,2030,158,19,19,0.25997004193188633
3788,e_demand,2030,158,20,20,0.25997004193188633
3789,e_demand,2030,158,21,21,0.25997004193188633
3790,e_demand,2030,158,22,22,0.25997004193188633
3791,e_demand,2030,158,23,23,0.25997004193188633
3792,e_demand,2030,158,24,24,0.25997004193188633
3793,e_demand,2030,159,1,1,0.04757853598529313
3794,e_demand,2030,159,2,2,0.04757853598529313
3795,e_demand,2030,159,3,3,0.04757853598529313
3796,e_demand,2030,159,4,4,0.04757853598529313
3797,e_demand,2030,159,5,5,0.04757853598529313
3798,e_demand,2030,159,6,6,0.04757853598529313
3799,e_demand,2030,159,7,7,0.04757853598529313
3800,e_demand,2030,159,8,8,0.04757853598529313
3801,e_demand,2030,159,9,9,0.04757853598529313
3802,e_demand,2030,159,10,10,0.04757853598529313
3803,e_demand,2030,159,11,11,0.001903141439411725
3804,e_demand,2030,159,12,12,0.001903141439411725
3805,e_demand,2030,159,13,13,0.001903141439411725
3806,e_demand,2030,159,14,14,0.001903141439411725
3807,e_demand,2030,159,15,15,0.001903141439411725
3808,e_demand,2030,159,16,16,0.001903141439411725
3809,e_demand,2030,159,17,17,0.001903141439411725
3810,e_demand,2030,159,18,18,0.04757853598529313
3811,e_demand,2030,159,19,19,0.04757853598529313
3812,e_demand,2030,159,20,20,0.04757853598529313
3813,e_demand,2030,159,21,21,0.04757853598529313
3814,e_demand,2030,159,22,22,0.04757853598529313
3815,e_demand,2030,159,23,23,0.04757853598529313
3816,e_demand,2030,159,24,24,0.04757853598529313
3817,e_demand,2030,160,1,1,0.045035879125441346
3818,e_demand,2030,160,2,2,0.045035879125441346
3819,e_demand,2030,160,3,3,0.045035879125441346
3820,e_demand,2030,160,4,4,0.045035879125441346
3821,e_demand,2030,160,5,5,0.045035879125441346
3822,e_demand,2030,160,6,6,0.045035879125441346
3823,e_demand,2030,160,7,7,0.045035879125441346
3824,e_demand,2030,160,8,8,0.045035879125441346
3825,e_demand,2030,160,9,9,0.045035879125441346
3826,e_demand,2030,160,10,10,0.045035879125441346
3827,e_demand,2030,160,11,11,0.045035879125441346
3828,e_demand,2030,160,12,12,0.045035879125441346
3829,e_demand,2030,160,13,13,0.045035879125441346
3830,e_demand,2030,160,14,14,0.045035879125441346
3831,e_demand,2030,160,15,15,0.0036028703300353074
3832,e_demand,2030,160,16,16,0.045035879125441346
3833,e_demand,2030,160,17,17,0.045035879125441346
3834,e_demand,2030,160,18,18,0.045035879125441346
3835,e_demand,2030,160,19,19,0.045035879125441346
3836,e_demand,2030,160,20,20,0.045035879125441346
3837,e_demand,2030,160,21,21,0.045035879125441346
3838,e_demand,2030,160,22,22,0.045035879125441346
3839,e_demand,2030,160,23,23,0.045035879125441346
3840,e_demand,2030,160,24,24,0.045035879125441346
3841,e_demand,2030,161,1,1,0.03583614651333674
3842,e_demand,2030,161,2,2,0.03583614651333674
3843,e_demand,2030,161,3,3,0.03583614651333674
3844,e_demand,2030,161,4,4,0.03583614651333674
3845,e_demand,2030,161,5,5,0.03583614651333674
3846,e_demand,2030,161,6,6,0.03583614651333674
3847,e_demand,2030,161,7,7,0.03583614651333674
3848,e_demand,2030,161,8,8,0.03583614651333674
3849,e_demand,2030,161,9,9,0.03583614651333674
3850,e_demand,2030,161,10,10,0.03583614651333674
3851,e_demand,2030,161,11,11,0.03583614651333674
3852,e_demand,2030,161,12,12,0.03583614651333674
3853,e_demand,2030,161,13,13,0.03583614651333674
3854,e_demand,2030,161,14,14,0.03583614651333674
3855,e_demand,2030,161,15,15,0.03583614651333674
3856,e_demand,2030,161,16,16,0.03583614651333674
3857,e_demand,2030,161,17,17,0.03583614651333674
3858,e_demand,2030,161,18,18,0.03583614651333674
3859,e_demand,2030,161,19,19,0.03583614651333674
3860,e_demand,2030,161,20,20,0.03583614651333674
3861,e_demand,2030,161,21,21,0.03583614651333674
3862,e_demand,2030,161,22,22,0.03583614651333674
3863,e_demand,2030,161,23,23,0.03583614651333674
3864,e_demand,2030,161,24,24,0.03583614651333674
3865,e_demand,2030,162,1,1,0.036625290452444316
3866,e_demand,2030,162,2,2,0.036625290452444316
3867,e_demand,2030,162,3,3,0.036625290452444316
3868,e_demand,2030,162,4,4,0.036625290452444316
3869,e_demand,2030,162,5,5,0.036625290452444316
3870,e_demand,2030,162,6,6,0.036625290452444316
3871,e_demand,2030,162,7,7,0.036625290452444316
3872,e_demand,2030,162,8,8,0.036625290452444316
3873,e_demand,2030,162,9,9,0.036625290452444316
3874,e_demand,2030,162,10,10,0.036625290452444316
3875,e_demand,2030,162,11,11,0.036625290452444316
3876,e_demand,2030,162,12,12,0.036625290452444316
3877,e_demand,2030,162,13,13,0.0029300232361955452
3878,e_demand,2030,162,14,14,0.036625290452444316
3879,e_demand,2030,162,15,15,0.036625290452444316
3880,e_demand,2030,162,16,16,0.036625290452444316
3881,e_demand,2030,162,17,17,0.036625290452444316
3882,e_demand,2030,162,18,18,0.036625290452444316
3883,e_demand,2030,162,19,19,0.036625290452444316
3884,e_demand,2030,162,20,20,0.036625290452444316
3885,e_demand,2030,162,21,21,0.036625290452444316
3886,e_demand,2030,162,22,22,0.036625290452444316
3887,e_demand,2030,162,23,23,0.036625290452444316
3888,e_demand,2030,162,24,24,0.036625290452444316
3889,e_demand,2030,163,1,1,0.15033751855774408
3890,e_demand,2030,163,2,2,0.15033751855774408
3891,e_demand,2030,163,3,3,0.15033751855774408
3892,e_demand,2030,163,4,4,0.15033751855774408
3893,e_demand,2030,163,5,5,0.15033751855774408
3894,e_demand,2030,163,6,6,0.15033751855774408
3895,e_demand,2030,163,7,7,0.15033751855774408
3896,e_demand,2030,163,8,8,0.15033751855774408
3897,e_demand,2030,163,9,9,0.15033751855774408
3898,e_demand,2030,163,10,10,0.15033751855774408
3899,e_demand,2030,163,11,11,0.15033751855774408
3900,e_demand,2030,163,12,12,0.15033751855774408
3901,e_demand,2030,163,13,13,0.15033751855774408
3902,e_demand,2030,163,14,14,0.15033751855774408
3903,e_demand,2030,163,15,15,0.15033751855774408
3904,e_demand,2030,163,16,16,0.15033751855774408
3905,e_demand,2030,163,17,17,0.15033751855774408
3906,e_demand,2030,163,18,18,0.15033751855774408
3907,e_demand,2030,163,19,19,0.15033751855774408
3908,e_demand,2030,163,20,20,0.15033751855774408
3909,e_demand,2030,163,21,21,0.15033751855774408
3910,e_demand,2030,163,22,22,0.15033751855774408
3911,e_demand,2030,163,23,23,0.15033751855774408
3912,e_demand,2030,163,24,24,0.15033751855774408
3913,e_demand,2030,164,1,1,0.009669510353057234
3914,e_demand,2030,164,2,2,0.009669510353057234
3915,e_demand,2030,164,3,3,0.009669510353057234
3916,e_demand,2030,164,4,4,0.004834755176528617
3917,e_demand,2030,164,5,5,0.004834755176528617
3918,e_demand,2030,164,6,6,0.004834755176528617
3919,e_demand,2030,164,7,7,0.004834755176528617
3920,e_demand,2030,164,8,8,0.004834755176528617
3921,e_demand,2030,164,9,9,0.004834755176528617
3922,e_demand,2030,164,10,10,0.004834755176528617
3923,e_demand,2030,164,11,11,0.004834755176528617
3924,e_demand,2030,164,12,12,0.004834755176528617
3925,e_demand,2030,164,13,13,0.004834755176528617
3926,e_demand,2030,164,14,14,0.004834755176528617
3927,e_demand,2030,164,15,15,0.004834755176528617
3928,e_demand,2030,164,16,16,0.004834755176528617
3929,e_demand,2030,164,17,17,0.004834755176528617
3930,e_demand,2030,164,18,18,0.12086887941321543
3931,e_demand,2030,164,19,19,0.12086887941321543
3932,e_demand,2030,164,20,20,0.12086887941321543
3933,e_demand,2030,164,21,21,0.12086887941321543
3934,e_demand,2030,164,22,22,0.12086887941321543
3935,e_demand,2030,164,23,23,0.12086887941321543
3936,e_demand,2030,164,24,24,0.12086887941321543
3937,e_demand,2030,165,1,1,0.04929583952253612
3938,e_demand,2030,165,2,2,0.04929583952253612
3939,e_demand,2030,165,3,3,0.04929583952253612
3940,e_demand,2030,165,4,4,0.04929583952253612
3941,e_demand,2030,165,5,5,0.04929583952253612
3942,e_demand,2030,165,6,6,0.04929583952253612
3943,e_demand,2030,165,7,7,0.04929583952253612
3944,e_demand,2030,165,8,8,0.04929583952253612
3945,e_demand,2030,165,9,9,0.04929583952253612
3946,e_demand,2030,165,10,10,0.04929583952253612
3947,e_demand,2030,165,11,11,0.04929583952253612
3948,e_demand,2030,165,12,12,0.04929583952253612
3949,e_demand,2030,165,13,13,0.04929583952253612
3950,e_demand,2030,165,14,14,0.04929583952253612
3951,e_demand,2030,165,15,15,0.04929583952253612
3952,e_demand,2030,165,16,16,0.04929583952253612
3953,e_demand,2030,165,17,17,0.04929583952253612
3954,e_demand,2030,165,18,18,0.04929583952253612
3955,e_demand,2030,165,19,19,0.04929583952253612
3956,e_demand,2030,165,20,20,0.04929583952253612
3957,e_demand,2030,165,21,21,0.04929583952253612
3958,e_demand,2030,165,22,22,0.04929583952253612
3959,e_demand,2030,165,23,23,0.04929583952253612
3960,e_demand,2030,165,24,24,0.04929583952253612
3961,e_demand,2030,166,1,1,0.002660659993841409
3962,e_demand,2030,166,2,2,0.0013303299969207045
3963,e_demand,2030,166,3,3,0.0013303299969207045
3964,e_demand,2030,166,4,4,0.0013303299969207045
3965,e_demand,2030,166,5,5,0.0013303299969207045
3966,e_demand,2030,166,6,6,0.0013303299969207045
3967,e_demand,2030,166,7,7,0.0013303299969207045
3968,e_demand,2030,166,8,8,0.0013303299969207045
3969,e_demand,2030,166,9,9,0.0013303299969207045
3970,e_demand,2030,166,10,10,0.0013303299969207045
3971,e_demand,2030,166,11,11,0.0013303299969207045
3972,e_demand,2030,166,12,12,0.0013303299969207045
3973,e_demand,2030,166,13,13,0.0013303299969207045
3974,e_demand,2030,166,14,14,0.0013303299969207045
3975,e_demand,2030,166,15,15,0.0013303299969207045
3976,e_demand,2030,166,16,16,0.0013303299969207045
3977,e_demand,2030,166,17,17,0.0013303299969207045
3978,e_demand,2030,166,18,18,0.0013303299969207045
3979,e_demand,2030,166,19,19,0.0013303299969207045
3980,e_demand,2030,166,20,20,0.0013303299969207045
3981,e_demand,2030,166,21,21,0.0013303299969207045
3982,e_demand,2030,166,22,22,0.0013303299969207045
3983,e_demand,2030,166,23,23,0.0013303299969207045
3984,e_demand,2030,166,24,24,0.0013303299969207045
3985,e_demand,2030,167,1,1,0.08191768304320707
3986,e_demand,2030,167,2,2,0.08191768304320707
3987,e_demand,2030,167,3,3,0.08191768304320707
3988,e_demand,2030,167,4,4,0.08191768304320707
3989,e_demand,2030,167,5,5,0.08191768304320707
3990,e_demand,2030,167,6,6,0.08191768304320707
3991,e_demand,2030,167,7,7,0.08191768304320707
3992,e_demand,2030,167,8,8,0.08191768304320707
3993,e_demand,2030,167,9,9,0.08191768304320707
3994,e_demand,2030,167,10,10,0.08191768304320707
3995,e_demand,2030,167,11,11,0.08191768304320707
3996,e_demand,2030,167,12,12,0.08191768304320707
3997,e_demand,2030,167,13,13,0.08191768304320707
3998,e_demand,2030,167,14,14,0.08191768304320707
3999,e_demand,2030,167,15,15,0.08191768304320707
4000,e_demand,2030,167,16,16,0.08191768304320707
4001,e_demand,2030,167,17,17,0.08191768304320707
4002,e_demand,2030,167,18,18,0.08191768304320707
4003,e_demand,2030,167,19,19,0.08191768304320707
4004,e_demand,2030,167,20,20,0.08191768304320707
4005,e_demand,2030,167,21,21,0.08191768304320707
4006,e_demand,2030,167,22,22,0.08191768304320707
4007,e_demand,2030,167,23,23,0.08191768304320707
4008,e_demand,2030,167,24,24,0.08191768304320707
4009,e_demand,2030,168,1,1,0.026499822807782583
4010,e_demand,2030,168,2,2,0.026499822807782583
4011,e_demand,2030,168,3,3,0.026499822807782583
4012,e_demand,2030,168,4,4,0.026499822807782583
4013,e_demand,2030,168,5,5,0.026499822807782583
4014,e_demand,2030,168,6,6,0.026499822807782583
4015,e_demand,2030,168,7,7,0.026499822807782583
4016,e_demand,2030,168,8,8,0.026499822807782583
4017,e_demand,2030,168,9,9,0.026499822807782583
4018,e_demand,2030,168,10,10,0.026499822807782583
4019,e_demand,2030,168,11,11,0.026499822807782583
4020,e_demand,2030,168,12,12,0.026499822807782583
4021,e_demand,2030,168,13,13,0.026499822807782583
4022,e_demand,2030,168,14,14,0.026499822807782583
4023,e_demand,2030,168,15,15,0.026499822807782583
4024,e_demand,2030,168,16,16,0.026499822807782583
4025,e_demand,2030,168,17,17,0.026499822807782583
4026,e_demand,2030,168,18,18,0.026499822807782583
4027,e_demand,2030,168,19,19,0.026499822807782583
4028,e_demand,2030,168,20,20,0.026499822807782583
4029,e_demand,2030,168,21,21,0.026499822807782583
4030,e_demand,2030,168,22,22,0.026499822807782583
4031,e_demand,2030,168,23,23,0.026499822807782583
4032,e_demand,2030,168,24,24,0.026499822807782583
4033,e_demand,2030,169,1,1,0.0010302490235976037
4034,e_demand,2030,169,2,2,0.0010302490235976037
4035,e_demand,2030,169,3,3,0.0010302490235976037
4036,e_demand,2030,169,4,4,0.0010302490235976037
4037,e_demand,2030,169,5,5,0.0010302490235976037
4038,e_demand,2030,169,6,6,0.0010302490235976037
4039,e_demand,2030,169,7,7,0.0020604980471952074
4040,e_demand,2030,169,8,8,0.02575622558994009
4041,e_demand,2030,169,9,9,0.02575622558994009
4042,e_demand,2030,169,10,10,0.0010302490235976037
4043,e_demand,2030,169,11,11,0.0010302490235976037
4044,e_demand,2030,169,12,12,0.0010302490235976037
4045,e_demand,2030,169,13,13,0.0010302490235976037
4046,e_demand,2030,169,14,14,0.0010302490235976037
4047,e_demand,2030,169,15,15,0.0010302490235976037
4048,e_demand,2030,169,16,16,0.0010302490235976037
4049,e_demand,2030,169,17,17,0.0010302490235976037
4050,e_demand,2030,169,18,18,0.02575622558994009
4051,e_demand,2030,169,19,19,0.02575622558994009
4052,e_demand,2030,169,20,20,0.02575622558994009
4053,e_demand,2030,169,21,21,0.02575622558994009
4054,e_demand,2030,169,22,22,0.0020604980471952074
4055,e_demand,2030,169,23,23,0.0020604980471952074
4056,e_demand,2030,169,24,24,0.0010302490235976037
4057,e_demand,2030,170,1,1,0.10514016516054742
4058,e_demand,2030,170,2,2,0.10514016516054742
4059,e_demand,2030,170,3,3,0.10514016516054742
4060,e_demand,2030,170,4,4,0.10514016516054742
4061,e_demand,2030,170,5,5,0.10514016516054742
4062,e_demand,2030,170,6,6,0.10514016516054742
4063,e_demand,2030,170,7,7,0.10514016516054742
4064,e_demand,2030,170,8,8,0.10514016516054742
4065,e_demand,2030,170,9,9,0.10514016516054742
4066,e_demand,2030,170,10,10,0.10514016516054742
4067,e_demand,2030,170,11,11,0.10514016516054742
4068,e_demand,2030,170,12,12,0.10514016516054742
4069,e_demand,2030,170,13,13,0.004205606606421896
4070,e_demand,2030,170,14,14,0.004205606606421896
4071,e_demand,2030,170,15,15,0.10514016516054742
4072,e_demand,2030,170,16,16,0.10514016516054742
4073,e_demand,2030,170,17,17,0.10514016516054742
4074,e_demand,2030,170,18,18,0.10514016516054742
4075,e_demand,2030,170,19,19,0.10514016516054742
4076,e_demand,2030,170,20,20,0.10514016516054742
4077,e_demand,2030,170,21,21,0.10514016516054742
4078,e_demand,2030,170,22,22,0.10514016516054742
4079,e_demand,2030,170,23,23,0.10514016516054742
4080,e_demand,2030,170,24,24,0.10514016516054742
4081,e_demand,2030,171,1,1,0.09876014884876723
4082,e_demand,2030,171,2,2,0.09876014884876723
4083,e_demand,2030,171,3,3,0.09876014884876723
4084,e_demand,2030,171,4,4,0.09876014884876723
4085,e_demand,2030,171,5,5,0.09876014884876723
4086,e_demand,2030,171,6,6,0.09876014884876723
4087,e_demand,2030,171,7,7,0.09876014884876723
4088,e_demand,2030,171,8,8,0.09876014884876723
4089,e_demand,2030,171,9,9,0.09876014884876723
4090,e_demand,2030,171,10,10,0.09876014884876723
4091,e_demand,2030,171,11,11,0.09876014884876723
4092,e_demand,2030,171,12,12,0.09876014884876723
4093,e_demand,2030,171,13,13,0.09876014884876723
4094,e_demand,2030,171,14,14,0.09876014884876723
4095,e_demand,2030,171,15,15,0.09876014884876723
4096,e_demand,2030,171,16,16,0.09876014884876723
4097,e_demand,2030,171,17,17,0.09876014884876723
4098,e_demand,2030,171,18,18,0.09876014884876723
4099,e_demand,2030,171,19,19,0.09876014884876723
4100,e_demand,2030,171,20,20,0.09876014884876723
4101,e_demand,2030,171,21,21,0.09876014884876723
4102,e_demand,2030,171,22,22,0.09876014884876723
4103,e_demand,2030,171,23,23,0.09876014884876723
4104,e_demand,2030,171,24,24,0.09876014884876723
4105,e_demand,2030,172,1,1,0.0738423847753593
4106,e_demand,2030,172,2,2,0.0738423847753593
4107,e_demand,2030,172,3,3,0.0738423847753593
4108,e_demand,2030,172,4,4,0.0738423847753593
4109,e_demand,2030,172,5,5,0.0738423847753593
4110,e_demand,2030,172,6,6,0.0738423847753593
4111,e_demand,2030,172,7,7,0.0738423847753593
4112,e_demand,2030,172,8,8,0.0738423847753593
4113,e_demand,2030,172,9,9,0.0738423847753593
4114,e_demand,2030,172,10,10,0.0738423847753593
4115,e_demand,2030,172,11,11,0.0738423847753593
4116,e_demand,2030,172,12,12,0.0738423847753593
4117,e_demand,2030,172,13,13,0.0738423847753593
4118,e_demand,2030,172,14,14,0.0738423847753593
4119,e_demand,2030,172,15,15,0.0738423847753593
4120,e_demand,2030,172,16,16,0.0738423847753593
4121,e_demand,2030,172,17,17,0.0738423847753593
4122,e_demand,2030,172,18,18,0.0738423847753593
4123,e_demand,2030,172,19,19,0.0738423847753593
4124,e_demand,2030,172,20,20,0.10337933868550303
4125,e_demand,2030,172,21,21,0.0738423847753593
4126,e_demand,2030,172,22,22,0.0738423847753593
4127,e_demand,2030,172,23,23,0.0738423847753593
4128,e_demand,2030,172,24,24,0.0738423847753593
4129,e_demand,2030,173,1,1,0.0010525601370073652
4130,e_demand,2030,173,2,2,0.0010525601370073652
4131,e_demand,2030,173,3,3,0.0010525601370073652
4132,e_demand,2030,173,4,4,0.0010525601370073652
4133,e_demand,2030,173,5,5,0.0010525601370073652
4134,e_demand,2030,173,6,6,0.0010525601370073652
4135,e_demand,2030,173,7,7,0.0010525601370073652
4136,e_demand,2030,173,8,8,0.0010525601370073652
4137,e_demand,2030,173,9,9,0.0021051202740147304
4138,e_demand,2030,173,10,10,0.0010525601370073652
4139,e_demand,2030,173,11,11,0.0010525601370073652
4140,e_demand,2030,173,12,12,0.0010525601370073652
4141,e_demand,2030,173,13,13,0.0010525601370073652
4142,e_demand,2030,173,14,14,0.0010525601370073652
4143,e_demand,2030,173,15,15,0.0010525601370073652
4144,e_demand,2030,173,16,16,0.0010525601370073652
4145,e_demand,2030,173,17,17,0.0010525601370073652
4146,e_demand,2030,173,18,18,0.0010525601370073652
4147,e_demand,2030,173,19,19,0.0021051202740147304
4148,e_demand,2030,173,20,20,0.0021051202740147304
4149,e_demand,2030,173,21,21,0.0021051202740147304
4150,e_demand,2030,173,22,22,0.0021051202740147304
4151,e_demand,2030,173,23,23,0.0010525601370073652
4152,e_demand,2030,173,24,24,0.0010525601370073652
4153,e_demand,2030,174,1,1,0.025760014101943514
4154,e_demand,2030,174,2,2,0.025760014101943514
4155,e_demand,2030,174,3,3,0.025760014101943514
4156,e_demand,2030,174,4,4,0.025760014101943514
4157,e_demand,2030,174,5,5,0.025760014101943514
4158,e_demand,2030,174,6,6,0.025760014101943514
4159,e_demand,2030,174,7,7,0.025760014101943514
4160,e_demand,2030,174,8,8,0.025760014101943514
4161,e_demand,2030,174,9,9,0.025760014101943514
4162,e_demand,2030,174,10,10,0.025760014101943514
4163,e_demand,2030,174,11,11,0.025760014101943514
4164,e_demand,2030,174,12,12,0.025760014101943514
4165,e_demand,2030,174,13,13,0.025760014101943514
4166,e_demand,2030,174,14,14,0.025760014101943514
4167,e_demand,2030,174,15,15,0.025760014101943514
4168,e_demand,2030,174,16,16,0.025760014101943514
4169,e_demand,2030,174,17,17,0.025760014101943514
4170,e_demand,2030,174,18,18,0.025760014101943514
4171,e_demand,2030,174,19,19,0.025760014101943514
4172,e_demand,2030,174,20,20,0.025760014101943514
4173,e_demand,2030,174,21,21,0.025760014101943514
4174,e_demand,2030,174,22,22,0.025760014101943514
4175,e_demand,2030,174,23,23,0.025760014101943514
4176,e_demand,2030,174,24,24,0.025760014101943514
4177,e_demand,2030,175,1,1,0.04675023040673912
4178,e_demand,2030,175,2,2,0.04675023040673912
4179,e_demand,2030,175,3,3,0.04675023040673912
4180,e_demand,2030,175,4,4,0.04675023040673912
4181,e_demand,2030,175,5,5,0.04675023040673912
4182,e_demand,2030,175,6,6,0.04675023040673912
4183,e_demand,2030,175,7,7,0.04675023040673912
4184,e_demand,2030,175,8,8,0.04675023040673912
4185,e_demand,2030,175,9,9,0.04675023040673912
4186,e_demand,2030,175,10,10,0.04675023040673912
4187,e_demand,2030,175,11,11,0.003740018432539129
4188,e_demand,2030,175,12,12,0.0018700092162695645
4189,e_demand,2030,175,13,13,0.0018700092162695645
4190,e_demand,2030,175,14,14,0.0018700092162695645
4191,e_demand,2030,175,15,15,0.04675023040673912
4192,e_demand,2030,175,16,16,0.04675023040673912
4193,e_demand,2030,175,17,17,0.04675023040673912
4194,e_demand,2030,175,18,18,0.04675023040673912
4195,e_demand,2030,175,19,19,0.04675023040673912
4196,e_demand,2030,175,20,20,0.04675023040673912
4197,e_demand,2030,175,21,21,0.04675023040673912
4198,e_demand,2030,175,22,22,0.04675023040673912
4199,e_demand,2030,175,23,23,0.04675023040673912
4200,e_demand,2030,175,24,24,0.04675023040673912
4201,e_demand,2030,176,1,1,0.0474809231024118
4202,e_demand,2030,176,2,2,0.0474809231024118
4203,e_demand,2030,176,3,3,0.0474809231024118
4204,e_demand,2030,176,4,4,0.0474809231024118
4205,e_demand,2030,176,5,5,0.0474809231024118
4206,e_demand,2030,176,6,6,0.0474809231024118
4207,e_demand,2030,176,7,7,0.0474809231024118
4208,e_demand,2030,176,8,8,0.0474809231024118
4209,e_demand,2030,176,9,9,0.0474809231024118
4210,e_demand,2030,176,10,10,0.0474809231024118
4211,e_demand,2030,176,11,11,0.0474809231024118
4212,e_demand,2030,176,12,12,0.0474809231024118
4213,e_demand,2030,176,13,13,0.0474809231024118
4214,e_demand,2030,176,14,14,0.0474809231024118
4215,e_demand,2030,176,15,15,0.0474809231024118
4216,e_demand,2030,176,16,16,0.0474809231024118
4217,e_demand,2030,176,17,17,0.0474809231024118
4218,e_demand,2030,176,18,18,0.0474809231024118
4219,e_demand,2030,176,19,19,0.0474809231024118
4220,e_demand,2030,176,20,20,0.0474809231024118
4221,e_demand,2030,176,21,21,0.0474809231024118
4222,e_demand,2030,176,22,22,0.0474809231024118
4223,e_demand,2030,176,23,23,0.0474809231024118
4224,e_demand,2030,176,24,24,0.0474809231024118
4225,e_demand,2030,177,1,1,0.061974242720031075
4226,e_demand,2030,177,2,2,0.061974242720031075
4227,e_demand,2030,177,3,3,0.004957939417602485
4228,e_demand,2030,177,4,4,0.004957939417602485
4229,e_demand,2030,177,5,5,0.061974242720031075
4230,e_demand,2030,177,6,6,0.061974242720031075
4231,e_demand,2030,177,7,7,0.061974242720031075
4232,e_demand,2030,177,8,8,0.061974242720031075
4233,e_demand,2030,177,9,9,0.061974242720031075
4234,e_demand,2030,177,10,10,0.061974242720031075
4235,e_demand,2030,177,11,11,0.004957939417602485
4236,e_demand,2030,177,12,12,0.0024789697088012427
4237,e_demand,2030,177,13,13,0.0024789697088012427
4238,e_demand,2030,177,14,14,0.0024789697088012427
4239,e_demand,2030,177,15,15,0.0024789697088012427
4240,e_demand,2030,177,16,16,0.0024789697088012427
4241,e_demand,2030,177,17,17,0.004957939417602485
4242,e_demand,2030,177,18,18,0.061974242720031075
4243,e_demand,2030,177,19,19,0.061974242720031075
4244,e_demand,2030,177,20,20,0.061974242720031075
4245,e_demand,2030,177,21,21,0.061974242720031075
4246,e_demand,2030,177,22,22,0.061974242720031075
4247,e_demand,2030,177,23,23,0.004957939417602485
4248,e_demand,2030,177,24,24,0.004957939417602485
4249,e_demand,2030,178,1,1,0.028971004201898843
4250,e_demand,2030,178,2,2,0.028971004201898843
4251,e_demand,2030,178,3,3,0.028971004201898843
4252,e_demand,2030,178,4,4,0.028971004201898843
4253,e_demand,2030,178,5,5,0.028971004201898843
4254,e_demand,2030,178,6,6,0.028971004201898843
4255,e_demand,2030,178,7,7,0.028971004201898843
4256,e_demand,2030,178,8,8,0.028971004201898843
4257,e_demand,2030,178,9,9,0.028971004201898843
4258,e_demand,2030,178,10,10,0.028971004201898843
4259,e_demand,2030,178,11,11,0.028971004201898843
4260,e_demand,2030,178,12,12,0.028971004201898843
4261,e_demand,2030,178,13,13,0.028971004201898843
4262,e_demand,2030,178,14,14,0.028971004201898843
4263,e_demand,2030,178,15,15,0.028971004201898843
4264,e_demand,2030,178,16,16,0.028971004201898843
4265,e_demand,2030,178,17,17,0.028971004201898843
4266,e_demand,2030,178,18,18,0.028971004201898843
4267,e_demand,2030,178,19,19,0.028971004201898843
4268,e_demand,2030,178,20,20,0.028971004201898843
4269,e_demand,2030,178,21,21,0.028971004201898843
4270,e_demand,2030,178,22,22,0.028971004201898843
4271,e_demand,2030,178,23,23,0.028971004201898843
4272,e_demand,2030,178,24,24,0.028971004201898843
4273,e_demand,2030,179,1,1,0.10503377565017642
4274,e_demand,2030,179,2,2,0.10503377565017642
4275,e_demand,2030,179,3,3,0.10503377565017642
4276,e_demand,2030,179,4,4,0.10503377565017642
4277,e_demand,2030,179,5,5,0.10503377565017642
4278,e_demand,2030,179,6,6,0.10503377565017642
4279,e_demand,2030,179,7,7,0.10503377565017642
4280,e_demand,2030,179,8,8,0.10503377565017642
4281,e_demand,2030,179,9,9,0.10503377565017642
4282,e_demand,2030,179,10,10,0.10503377565017642
4283,e_demand,2030,179,11,11,0.10503377565017642
4284,e_demand,2030,179,12,12,0.10503377565017642
4285,e_demand,2030,179,13,13,0.10503377565017642
4286,e_demand,2030,179,14,14,0.10503377565017642
4287,e_demand,2030,179,15,15,0.10503377565017642
4288,e_demand,2030,179,16,16,0.10503377565017642
4289,e_demand,2030,179,17,17,0.10503377565017642
4290,e_demand,2030,179,18,18,0.10503377565017642
4291,e_demand,2030,179,19,19,0.10503377565017642
4292,e_demand,2030,179,20,20,0.10503377565017642
4293,e_demand,2030,179,21,21,0.10503377565017642
4294,e_demand,2030,179,22,22,0.10503377565017642
4295,e_demand,2030,179,23,23,0.10503377565017642
4296,e_demand,2030,179,24,24,0.10503377565017642
4297,e_demand,2030,180,1,1,0.049131369804925135
4298,e_demand,2030,180,2,2,0.049131369804925135
4299,e_demand,2030,180,3,3,0.049131369804925135
4300,e_demand,2030,180,4,4,0.049131369804925135
4301,e_demand,2030,180,5,5,0.049131369804925135
4302,e_demand,2030,180,6,6,0.049131369804925135
4303,e_demand,2030,180,7,7,0.049131369804925135
4304,e_demand,2030,180,8,8,0.049131369804925135
4305,e_demand,2030,180,9,9,0.049131369804925135
4306,e_demand,2030,180,10,10,0.049131369804925135
4307,e_demand,2030,180,11,11,0.049131369804925135
4308,e_demand,2030,180,12,12,0.049131369804925135
4309,e_demand,2030,180,13,13,0.049131369804925135
4310,e_demand,2030,180,14,14,0.049131369804925135
4311,e_demand,2030,180,15,15,0.049131369804925135
4312,e_demand,2030,180,16,16,0.049131369804925135
4313,e_demand,2030,180,17,17,0.049131369804925135
4314,e_demand,2030,180,18,18,0.049131369804925135
4315,e_demand,2030,180,19,19,0.049131369804925135
4316,e_demand,2030,180,20,20,0.049131369804925135
4317,e_demand,2030,180,21,21,0.049131369804925135
4318,e_demand,2030,180,22,22,0.049131369804925135
4319,e_demand,2030,180,23,23,0.049131369804925135
4320,e_demand,2030,180,24,24,0.049131369804925135
