id,asset,year,rep_period,time_block_start,time_block_end,dual_max_output_flows_limit_simple_method
1,ccgt,2030,1,1,1,0.0
2,ccgt,2030,1,2,2,0.0
3,ccgt,2030,1,3,3,0.0
4,ccgt,2030,1,4,4,0.0
5,ccgt,2030,1,5,5,0.0
6,ccgt,2030,1,6,6,0.0
7,ccgt,2030,1,7,7,0.0
8,ccgt,2030,1,8,8,0.0
9,ccgt,2030,1,9,9,0.0
10,ccgt,2030,1,10,10,0.0
11,ccgt,2030,1,11,11,0.0
12,ccgt,2030,1,12,12,0.0
13,ccgt,2030,1,13,13,0.0
14,ccgt,2030,1,14,14,0.0
15,ccgt,2030,1,15,15,0.0
16,ccgt,2030,1,16,16,0.0
17,ccgt,2030,1,17,17,-0.010000000000000002
18,ccgt,2030,1,18,18,-0.010000000000000002
19,ccgt,2030,1,19,19,-0.010000000000000002
20,ccgt,2030,1,20,20,-0.010000000000000002
21,ccgt,2030,1,21,21,-0.010000000000000002
22,ccgt,2030,1,22,22,-0.010000000000000002
23,ccgt,2030,1,23,23,0.0
24,ccgt,2030,1,24,24,0.0
25,ccgt,2030,2,1,1,0.0
26,ccgt,2030,2,2,2,0.0
27,ccgt,2030,2,3,3,0.0
28,ccgt,2030,2,4,4,0.0
29,ccgt,2030,2,5,5,0.0
30,ccgt,2030,2,6,6,0.0
31,ccgt,2030,2,7,7,0.0
32,ccgt,2030,2,8,8,0.0
33,ccgt,2030,2,9,9,0.0
34,ccgt,2030,2,10,10,0.0
35,ccgt,2030,2,11,11,0.0
36,ccgt,2030,2,12,12,0.0
37,ccgt,2030,2,13,13,0.0
38,ccgt,2030,2,14,14,0.0
39,ccgt,2030,2,15,15,0.0
40,ccgt,2030,2,16,16,0.0
41,ccgt,2030,2,17,17,0.0
42,ccgt,2030,2,18,18,0.0
43,ccgt,2030,2,19,19,0.0
44,ccgt,2030,2,20,20,-0.010000000000000002
45,ccgt,2030,2,21,21,-0.010000000000000002
46,ccgt,2030,2,22,22,0.0
47,ccgt,2030,2,23,23,0.0
48,ccgt,2030,2,24,24,0.0
49,ccgt,2030,3,1,1,0.0
50,ccgt,2030,3,2,2,0.0
51,ccgt,2030,3,3,3,0.0
52,ccgt,2030,3,4,4,0.0
53,ccgt,2030,3,5,5,0.0
54,ccgt,2030,3,6,6,0.0
55,ccgt,2030,3,7,7,0.0
56,ccgt,2030,3,8,8,0.0
57,ccgt,2030,3,9,9,0.0
58,ccgt,2030,3,10,10,0.0
59,ccgt,2030,3,11,11,0.0
60,ccgt,2030,3,12,12,0.0
61,ccgt,2030,3,13,13,0.0
62,ccgt,2030,3,14,14,0.0
63,ccgt,2030,3,15,15,0.0
64,ccgt,2030,3,16,16,0.0
65,ccgt,2030,3,17,17,0.0
66,ccgt,2030,3,18,18,0.0
67,ccgt,2030,3,19,19,0.0
68,ccgt,2030,3,20,20,-0.010000000000000002
69,ccgt,2030,3,21,21,-0.010000000000000002
70,ccgt,2030,3,22,22,0.0
71,ccgt,2030,3,23,23,0.0
72,ccgt,2030,3,24,24,0.0
73,ccgt,2030,4,1,1,0.0
74,ccgt,2030,4,2,2,0.0
75,ccgt,2030,4,3,3,0.0
76,ccgt,2030,4,4,4,0.0
77,ccgt,2030,4,5,5,0.0
78,ccgt,2030,4,6,6,0.0
79,ccgt,2030,4,7,7,0.0
80,ccgt,2030,4,8,8,0.0
81,ccgt,2030,4,9,9,0.0
82,ccgt,2030,4,10,10,0.0
83,ccgt,2030,4,11,11,0.0
84,ccgt,2030,4,12,12,0.0
85,ccgt,2030,4,13,13,0.0
86,ccgt,2030,4,14,14,0.0
87,ccgt,2030,4,15,15,0.0
88,ccgt,2030,4,16,16,0.0
89,ccgt,2030,4,17,17,0.0
90,ccgt,2030,4,18,18,0.0
91,ccgt,2030,4,19,19,0.0
92,ccgt,2030,4,20,20,0.0
93,ccgt,2030,4,21,21,0.0
94,ccgt,2030,4,22,22,0.0
95,ccgt,2030,4,23,23,0.0
96,ccgt,2030,4,24,24,0.0
97,ccgt,2030,5,1,1,0.0
98,ccgt,2030,5,2,2,0.0
99,ccgt,2030,5,3,3,0.0
100,ccgt,2030,5,4,4,0.0
101,ccgt,2030,5,5,5,0.0
102,ccgt,2030,5,6,6,0.0
103,ccgt,2030,5,7,7,0.0
104,ccgt,2030,5,8,8,0.0
105,ccgt,2030,5,9,9,0.0
106,ccgt,2030,5,10,10,0.0
107,ccgt,2030,5,11,11,0.0
108,ccgt,2030,5,12,12,0.0
109,ccgt,2030,5,13,13,0.0
110,ccgt,2030,5,14,14,0.0
111,ccgt,2030,5,15,15,0.0
112,ccgt,2030,5,16,16,0.0
113,ccgt,2030,5,17,17,0.0
114,ccgt,2030,5,18,18,0.0
115,ccgt,2030,5,19,19,0.0
116,ccgt,2030,5,20,20,0.0
117,ccgt,2030,5,21,21,0.0
118,ccgt,2030,5,22,22,0.0
119,ccgt,2030,5,23,23,0.0
120,ccgt,2030,5,24,24,0.0
121,ccgt,2030,6,1,1,0.0
122,ccgt,2030,6,2,2,0.0
123,ccgt,2030,6,3,3,0.0
124,ccgt,2030,6,4,4,0.0
125,ccgt,2030,6,5,5,0.0
126,ccgt,2030,6,6,6,0.0
127,ccgt,2030,6,7,7,0.0
128,ccgt,2030,6,8,8,0.0
129,ccgt,2030,6,9,9,0.0
130,ccgt,2030,6,10,10,0.0
131,ccgt,2030,6,11,11,0.0
132,ccgt,2030,6,12,12,0.0
133,ccgt,2030,6,13,13,0.0
134,ccgt,2030,6,14,14,0.0
135,ccgt,2030,6,15,15,0.0
136,ccgt,2030,6,16,16,0.0
137,ccgt,2030,6,17,17,0.0
138,ccgt,2030,6,18,18,0.0
139,ccgt,2030,6,19,19,-0.010000000000000002
140,ccgt,2030,6,20,20,-0.010000000000000002
141,ccgt,2030,6,21,21,0.0
142,ccgt,2030,6,22,22,0.0
143,ccgt,2030,6,23,23,0.0
144,ccgt,2030,6,24,24,0.0
145,ccgt,2030,7,1,1,0.0
146,ccgt,2030,7,2,2,0.0
147,ccgt,2030,7,3,3,0.0
148,ccgt,2030,7,4,4,0.0
149,ccgt,2030,7,5,5,0.0
150,ccgt,2030,7,6,6,0.0
151,ccgt,2030,7,7,7,0.0
152,ccgt,2030,7,8,8,0.0
153,ccgt,2030,7,9,9,0.0
154,ccgt,2030,7,10,10,0.0
155,ccgt,2030,7,11,11,0.0
156,ccgt,2030,7,12,12,0.0
157,ccgt,2030,7,13,13,0.0
158,ccgt,2030,7,14,14,0.0
159,ccgt,2030,7,15,15,0.0
160,ccgt,2030,7,16,16,0.0
161,ccgt,2030,7,17,17,0.0
162,ccgt,2030,7,18,18,0.0
163,ccgt,2030,7,19,19,0.0
164,ccgt,2030,7,20,20,0.0
165,ccgt,2030,7,21,21,0.0
166,ccgt,2030,7,22,22,0.0
167,ccgt,2030,7,23,23,0.0
168,ccgt,2030,7,24,24,0.0
169,ccgt,2030,8,1,1,0.0
170,ccgt,2030,8,2,2,0.0
171,ccgt,2030,8,3,3,0.0
172,ccgt,2030,8,4,4,0.0
173,ccgt,2030,8,5,5,0.0
174,ccgt,2030,8,6,6,0.0
175,ccgt,2030,8,7,7,0.0
176,ccgt,2030,8,8,8,0.0
177,ccgt,2030,8,9,9,0.0
178,ccgt,2030,8,10,10,0.0
179,ccgt,2030,8,11,11,0.0
180,ccgt,2030,8,12,12,0.0
181,ccgt,2030,8,13,13,0.0
182,ccgt,2030,8,14,14,0.0
183,ccgt,2030,8,15,15,0.0
184,ccgt,2030,8,16,16,0.0
185,ccgt,2030,8,17,17,0.0
186,ccgt,2030,8,18,18,0.0
187,ccgt,2030,8,19,19,0.0
188,ccgt,2030,8,20,20,0.0
189,ccgt,2030,8,21,21,0.0
190,ccgt,2030,8,22,22,0.0
191,ccgt,2030,8,23,23,0.0
192,ccgt,2030,8,24,24,0.0
193,ccgt,2030,9,1,1,0.0
194,ccgt,2030,9,2,2,0.0
195,ccgt,2030,9,3,3,0.0
196,ccgt,2030,9,4,4,0.0
197,ccgt,2030,9,5,5,0.0
198,ccgt,2030,9,6,6,0.0
199,ccgt,2030,9,7,7,0.0
200,ccgt,2030,9,8,8,0.0
201,ccgt,2030,9,9,9,0.0
202,ccgt,2030,9,10,10,0.0
203,ccgt,2030,9,11,11,0.0
204,ccgt,2030,9,12,12,0.0
205,ccgt,2030,9,13,13,0.0
206,ccgt,2030,9,14,14,0.0
207,ccgt,2030,9,15,15,0.0
208,ccgt,2030,9,16,16,0.0
209,ccgt,2030,9,17,17,0.0
210,ccgt,2030,9,18,18,0.0
211,ccgt,2030,9,19,19,0.0
212,ccgt,2030,9,20,20,-0.010139467752394049
213,ccgt,2030,9,21,21,0.0
214,ccgt,2030,9,22,22,0.0
215,ccgt,2030,9,23,23,0.0
216,ccgt,2030,9,24,24,0.0
217,ccgt,2030,10,1,1,0.0
218,ccgt,2030,10,2,2,0.0
219,ccgt,2030,10,3,3,0.0
220,ccgt,2030,10,4,4,0.0
221,ccgt,2030,10,5,5,0.0
222,ccgt,2030,10,6,6,0.0
223,ccgt,2030,10,7,7,0.0
224,ccgt,2030,10,8,8,0.0
225,ccgt,2030,10,9,9,0.0
226,ccgt,2030,10,10,10,0.0
227,ccgt,2030,10,11,11,0.0
228,ccgt,2030,10,12,12,0.0
229,ccgt,2030,10,13,13,0.0
230,ccgt,2030,10,14,14,0.0
231,ccgt,2030,10,15,15,0.0
232,ccgt,2030,10,16,16,0.0
233,ccgt,2030,10,17,17,0.0
234,ccgt,2030,10,18,18,0.0
235,ccgt,2030,10,19,19,0.0
236,ccgt,2030,10,20,20,0.0
237,ccgt,2030,10,21,21,0.0
238,ccgt,2030,10,22,22,0.0
239,ccgt,2030,10,23,23,0.0
240,ccgt,2030,10,24,24,0.0
241,ccgt,2030,11,1,1,0.0
242,ccgt,2030,11,2,2,0.0
243,ccgt,2030,11,3,3,0.0
244,ccgt,2030,11,4,4,0.0
245,ccgt,2030,11,5,5,0.0
246,ccgt,2030,11,6,6,0.0
247,ccgt,2030,11,7,7,0.0
248,ccgt,2030,11,8,8,0.0
249,ccgt,2030,11,9,9,0.0
250,ccgt,2030,11,10,10,0.0
251,ccgt,2030,11,11,11,0.0
252,ccgt,2030,11,12,12,0.0
253,ccgt,2030,11,13,13,0.0
254,ccgt,2030,11,14,14,0.0
255,ccgt,2030,11,15,15,0.0
256,ccgt,2030,11,16,16,0.0
257,ccgt,2030,11,17,17,0.0
258,ccgt,2030,11,18,18,0.0
259,ccgt,2030,11,19,19,0.0
260,ccgt,2030,11,20,20,0.0
261,ccgt,2030,11,21,21,0.0
262,ccgt,2030,11,22,22,0.0
263,ccgt,2030,11,23,23,0.0
264,ccgt,2030,11,24,24,0.0
265,ccgt,2030,12,1,1,0.0
266,ccgt,2030,12,2,2,0.0
267,ccgt,2030,12,3,3,0.0
268,ccgt,2030,12,4,4,0.0
269,ccgt,2030,12,5,5,0.0
270,ccgt,2030,12,6,6,0.0
271,ccgt,2030,12,7,7,0.0
272,ccgt,2030,12,8,8,0.0
273,ccgt,2030,12,9,9,0.0
274,ccgt,2030,12,10,10,0.0
275,ccgt,2030,12,11,11,0.0
276,ccgt,2030,12,12,12,0.0
277,ccgt,2030,12,13,13,0.0
278,ccgt,2030,12,14,14,0.0
279,ccgt,2030,12,15,15,0.0
280,ccgt,2030,12,16,16,0.0
281,ccgt,2030,12,17,17,0.0
282,ccgt,2030,12,18,18,0.0
283,ccgt,2030,12,19,19,0.0
284,ccgt,2030,12,20,20,0.0
285,ccgt,2030,12,21,21,0.0
286,ccgt,2030,12,22,22,0.0
287,ccgt,2030,12,23,23,0.0
288,ccgt,2030,12,24,24,0.0
289,ccgt,2030,13,1,1,0.0
290,ccgt,2030,13,2,2,0.0
291,ccgt,2030,13,3,3,0.0
292,ccgt,2030,13,4,4,0.0
293,ccgt,2030,13,5,5,0.0
294,ccgt,2030,13,6,6,0.0
295,ccgt,2030,13,7,7,0.0
296,ccgt,2030,13,8,8,0.0
297,ccgt,2030,13,9,9,0.0
298,ccgt,2030,13,10,10,0.0
299,ccgt,2030,13,11,11,0.0
300,ccgt,2030,13,12,12,0.0
301,ccgt,2030,13,13,13,0.0
302,ccgt,2030,13,14,14,0.0
303,ccgt,2030,13,15,15,0.0
304,ccgt,2030,13,16,16,0.0
305,ccgt,2030,13,17,17,0.0
306,ccgt,2030,13,18,18,0.0
307,ccgt,2030,13,19,19,0.0
308,ccgt,2030,13,20,20,0.0
309,ccgt,2030,13,21,21,-0.09404891894112263
310,ccgt,2030,13,22,22,0.0
311,ccgt,2030,13,23,23,0.0
312,ccgt,2030,13,24,24,0.0
313,ccgt,2030,14,1,1,0.0
314,ccgt,2030,14,2,2,0.0
315,ccgt,2030,14,3,3,0.0
316,ccgt,2030,14,4,4,0.0
317,ccgt,2030,14,5,5,0.0
318,ccgt,2030,14,6,6,0.0
319,ccgt,2030,14,7,7,0.0
320,ccgt,2030,14,8,8,0.0
321,ccgt,2030,14,9,9,0.0
322,ccgt,2030,14,10,10,0.0
323,ccgt,2030,14,11,11,0.0
324,ccgt,2030,14,12,12,0.0
325,ccgt,2030,14,13,13,0.0
326,ccgt,2030,14,14,14,0.0
327,ccgt,2030,14,15,15,0.0
328,ccgt,2030,14,16,16,0.0
329,ccgt,2030,14,17,17,0.0
330,ccgt,2030,14,18,18,0.0
331,ccgt,2030,14,19,19,-0.038072118360074805
332,ccgt,2030,14,20,20,-0.038072118360074805
333,ccgt,2030,14,21,21,-0.038072118360074805
334,ccgt,2030,14,22,22,-0.038072118360074805
335,ccgt,2030,14,23,23,0.0
336,ccgt,2030,14,24,24,0.0
337,ccgt,2030,15,1,1,0.0
338,ccgt,2030,15,2,2,0.0
339,ccgt,2030,15,3,3,0.0
340,ccgt,2030,15,4,4,0.0
341,ccgt,2030,15,5,5,0.0
342,ccgt,2030,15,6,6,0.0
343,ccgt,2030,15,7,7,0.0
344,ccgt,2030,15,8,8,0.0
345,ccgt,2030,15,9,9,0.0
346,ccgt,2030,15,10,10,0.0
347,ccgt,2030,15,11,11,0.0
348,ccgt,2030,15,12,12,0.0
349,ccgt,2030,15,13,13,0.0
350,ccgt,2030,15,14,14,0.0
351,ccgt,2030,15,15,15,0.0
352,ccgt,2030,15,16,16,0.0
353,ccgt,2030,15,17,17,0.0
354,ccgt,2030,15,18,18,0.0
355,ccgt,2030,15,19,19,0.0
356,ccgt,2030,15,20,20,0.0
357,ccgt,2030,15,21,21,0.0
358,ccgt,2030,15,22,22,0.0
359,ccgt,2030,15,23,23,0.0
360,ccgt,2030,15,24,24,0.0
361,ccgt,2030,16,1,1,0.0
362,ccgt,2030,16,2,2,0.0
363,ccgt,2030,16,3,3,0.0
364,ccgt,2030,16,4,4,0.0
365,ccgt,2030,16,5,5,0.0
366,ccgt,2030,16,6,6,0.0
367,ccgt,2030,16,7,7,0.0
368,ccgt,2030,16,8,8,0.0
369,ccgt,2030,16,9,9,0.0
370,ccgt,2030,16,10,10,0.0
371,ccgt,2030,16,11,11,0.0
372,ccgt,2030,16,12,12,0.0
373,ccgt,2030,16,13,13,0.0
374,ccgt,2030,16,14,14,0.0
375,ccgt,2030,16,15,15,0.0
376,ccgt,2030,16,16,16,0.0
377,ccgt,2030,16,17,17,0.0
378,ccgt,2030,16,18,18,0.0
379,ccgt,2030,16,19,19,0.0
380,ccgt,2030,16,20,20,0.0
381,ccgt,2030,16,21,21,0.0
382,ccgt,2030,16,22,22,0.0
383,ccgt,2030,16,23,23,0.0
384,ccgt,2030,16,24,24,0.0
385,ccgt,2030,17,1,1,0.0
386,ccgt,2030,17,2,2,0.0
387,ccgt,2030,17,3,3,0.0
388,ccgt,2030,17,4,4,0.0
389,ccgt,2030,17,5,5,0.0
390,ccgt,2030,17,6,6,0.0
391,ccgt,2030,17,7,7,0.0
392,ccgt,2030,17,8,8,0.0
393,ccgt,2030,17,9,9,0.0
394,ccgt,2030,17,10,10,0.0
395,ccgt,2030,17,11,11,0.0
396,ccgt,2030,17,12,12,0.0
397,ccgt,2030,17,13,13,0.0
398,ccgt,2030,17,14,14,0.0
399,ccgt,2030,17,15,15,0.0
400,ccgt,2030,17,16,16,0.0
401,ccgt,2030,17,17,17,0.0
402,ccgt,2030,17,18,18,0.0
403,ccgt,2030,17,19,19,0.0
404,ccgt,2030,17,20,20,0.0
405,ccgt,2030,17,21,21,0.0
406,ccgt,2030,17,22,22,0.0
407,ccgt,2030,17,23,23,0.0
408,ccgt,2030,17,24,24,0.0
409,ccgt,2030,18,1,1,0.0
410,ccgt,2030,18,2,2,0.0
411,ccgt,2030,18,3,3,0.0
412,ccgt,2030,18,4,4,0.0
413,ccgt,2030,18,5,5,0.0
414,ccgt,2030,18,6,6,0.0
415,ccgt,2030,18,7,7,0.0
416,ccgt,2030,18,8,8,0.0
417,ccgt,2030,18,9,9,0.0
418,ccgt,2030,18,10,10,0.0
419,ccgt,2030,18,11,11,0.0
420,ccgt,2030,18,12,12,0.0
421,ccgt,2030,18,13,13,0.0
422,ccgt,2030,18,14,14,0.0
423,ccgt,2030,18,15,15,0.0
424,ccgt,2030,18,16,16,0.0
425,ccgt,2030,18,17,17,0.0
426,ccgt,2030,18,18,18,-0.010271820954129613
427,ccgt,2030,18,19,19,-0.010271820954129613
428,ccgt,2030,18,20,20,-0.010271820954129613
429,ccgt,2030,18,21,21,-0.010271820954129613
430,ccgt,2030,18,22,22,-0.010271820954129613
431,ccgt,2030,18,23,23,0.0
432,ccgt,2030,18,24,24,0.0
433,ccgt,2030,19,1,1,0.0
434,ccgt,2030,19,2,2,0.0
435,ccgt,2030,19,3,3,0.0
436,ccgt,2030,19,4,4,0.0
437,ccgt,2030,19,5,5,0.0
438,ccgt,2030,19,6,6,0.0
439,ccgt,2030,19,7,7,0.0
440,ccgt,2030,19,8,8,0.0
441,ccgt,2030,19,9,9,0.0
442,ccgt,2030,19,10,10,0.0
443,ccgt,2030,19,11,11,0.0
444,ccgt,2030,19,12,12,0.0
445,ccgt,2030,19,13,13,0.0
446,ccgt,2030,19,14,14,0.0
447,ccgt,2030,19,15,15,0.0
448,ccgt,2030,19,16,16,0.0
449,ccgt,2030,19,17,17,0.0
450,ccgt,2030,19,18,18,0.0
451,ccgt,2030,19,19,19,0.0
452,ccgt,2030,19,20,20,0.0
453,ccgt,2030,19,21,21,0.0
454,ccgt,2030,19,22,22,0.0
455,ccgt,2030,19,23,23,0.0
456,ccgt,2030,19,24,24,0.0
457,ccgt,2030,20,1,1,0.0
458,ccgt,2030,20,2,2,0.0
459,ccgt,2030,20,3,3,0.0
460,ccgt,2030,20,4,4,0.0
461,ccgt,2030,20,5,5,0.0
462,ccgt,2030,20,6,6,0.0
463,ccgt,2030,20,7,7,0.0
464,ccgt,2030,20,8,8,0.0
465,ccgt,2030,20,9,9,0.0
466,ccgt,2030,20,10,10,0.0
467,ccgt,2030,20,11,11,0.0
468,ccgt,2030,20,12,12,0.0
469,ccgt,2030,20,13,13,0.0
470,ccgt,2030,20,14,14,0.0
471,ccgt,2030,20,15,15,0.0
472,ccgt,2030,20,16,16,0.0
473,ccgt,2030,20,17,17,0.0
474,ccgt,2030,20,18,18,0.0
475,ccgt,2030,20,19,19,0.0
476,ccgt,2030,20,20,20,0.0
477,ccgt,2030,20,21,21,0.0
478,ccgt,2030,20,22,22,0.0
479,ccgt,2030,20,23,23,0.0
480,ccgt,2030,20,24,24,0.0
481,ccgt,2030,21,1,1,0.0
482,ccgt,2030,21,2,2,0.0
483,ccgt,2030,21,3,3,0.0
484,ccgt,2030,21,4,4,0.0
485,ccgt,2030,21,5,5,0.0
486,ccgt,2030,21,6,6,0.0
487,ccgt,2030,21,7,7,0.0
488,ccgt,2030,21,8,8,0.0
489,ccgt,2030,21,9,9,0.0
490,ccgt,2030,21,10,10,0.0
491,ccgt,2030,21,11,11,0.0
492,ccgt,2030,21,12,12,0.0
493,ccgt,2030,21,13,13,0.0
494,ccgt,2030,21,14,14,0.0
495,ccgt,2030,21,15,15,0.0
496,ccgt,2030,21,16,16,0.0
497,ccgt,2030,21,17,17,-0.011421641105437929
498,ccgt,2030,21,18,18,-0.011421641105437929
499,ccgt,2030,21,19,19,-0.011421641105437929
500,ccgt,2030,21,20,20,-0.011421641105437929
501,ccgt,2030,21,21,21,-0.011421641105437929
502,ccgt,2030,21,22,22,-0.011421641105437929
503,ccgt,2030,21,23,23,0.0
504,ccgt,2030,21,24,24,0.0
505,ccgt,2030,22,1,1,0.0
506,ccgt,2030,22,2,2,0.0
507,ccgt,2030,22,3,3,0.0
508,ccgt,2030,22,4,4,0.0
509,ccgt,2030,22,5,5,0.0
510,ccgt,2030,22,6,6,0.0
511,ccgt,2030,22,7,7,0.0
512,ccgt,2030,22,8,8,0.0
513,ccgt,2030,22,9,9,0.0
514,ccgt,2030,22,10,10,0.0
515,ccgt,2030,22,11,11,0.0
516,ccgt,2030,22,12,12,0.0
517,ccgt,2030,22,13,13,0.0
518,ccgt,2030,22,14,14,0.0
519,ccgt,2030,22,15,15,0.0
520,ccgt,2030,22,16,16,0.0
521,ccgt,2030,22,17,17,0.0
522,ccgt,2030,22,18,18,0.0
523,ccgt,2030,22,19,19,0.0
524,ccgt,2030,22,20,20,-0.05939314258171102
525,ccgt,2030,22,21,21,-0.05939314258171102
526,ccgt,2030,22,22,22,0.0
527,ccgt,2030,22,23,23,0.0
528,ccgt,2030,22,24,24,0.0
529,ccgt,2030,23,1,1,0.0
530,ccgt,2030,23,2,2,0.0
531,ccgt,2030,23,3,3,0.0
532,ccgt,2030,23,4,4,0.0
533,ccgt,2030,23,5,5,0.0
534,ccgt,2030,23,6,6,0.0
535,ccgt,2030,23,7,7,0.0
536,ccgt,2030,23,8,8,0.0
537,ccgt,2030,23,9,9,0.0
538,ccgt,2030,23,10,10,0.0
539,ccgt,2030,23,11,11,0.0
540,ccgt,2030,23,12,12,0.0
541,ccgt,2030,23,13,13,0.0
542,ccgt,2030,23,14,14,0.0
543,ccgt,2030,23,15,15,0.0
544,ccgt,2030,23,16,16,0.0
545,ccgt,2030,23,17,17,0.0
546,ccgt,2030,23,18,18,0.0
547,ccgt,2030,23,19,19,0.0
548,ccgt,2030,23,20,20,0.0
549,ccgt,2030,23,21,21,0.0
550,ccgt,2030,23,22,22,0.0
551,ccgt,2030,23,23,23,0.0
552,ccgt,2030,23,24,24,0.0
553,ccgt,2030,24,1,1,0.0
554,ccgt,2030,24,2,2,0.0
555,ccgt,2030,24,3,3,0.0
556,ccgt,2030,24,4,4,0.0
557,ccgt,2030,24,5,5,0.0
558,ccgt,2030,24,6,6,0.0
559,ccgt,2030,24,7,7,0.0
560,ccgt,2030,24,8,8,0.0
561,ccgt,2030,24,9,9,0.0
562,ccgt,2030,24,10,10,0.0
563,ccgt,2030,24,11,11,0.0
564,ccgt,2030,24,12,12,0.0
565,ccgt,2030,24,13,13,0.0
566,ccgt,2030,24,14,14,0.0
567,ccgt,2030,24,15,15,0.0
568,ccgt,2030,24,16,16,0.0
569,ccgt,2030,24,17,17,0.0
570,ccgt,2030,24,18,18,0.0
571,ccgt,2030,24,19,19,0.0
572,ccgt,2030,24,20,20,0.0
573,ccgt,2030,24,21,21,0.0
574,ccgt,2030,24,22,22,0.0
575,ccgt,2030,24,23,23,0.0
576,ccgt,2030,24,24,24,0.0
577,ccgt,2030,25,1,1,0.0
578,ccgt,2030,25,2,2,0.0
579,ccgt,2030,25,3,3,0.0
580,ccgt,2030,25,4,4,0.0
581,ccgt,2030,25,5,5,0.0
582,ccgt,2030,25,6,6,0.0
583,ccgt,2030,25,7,7,0.0
584,ccgt,2030,25,8,8,0.0
585,ccgt,2030,25,9,9,0.0
586,ccgt,2030,25,10,10,0.0
587,ccgt,2030,25,11,11,0.0
588,ccgt,2030,25,12,12,0.0
589,ccgt,2030,25,13,13,0.0
590,ccgt,2030,25,14,14,0.0
591,ccgt,2030,25,15,15,0.0
592,ccgt,2030,25,16,16,0.0
593,ccgt,2030,25,17,17,0.0
594,ccgt,2030,25,18,18,0.0
595,ccgt,2030,25,19,19,0.0
596,ccgt,2030,25,20,20,0.0
597,ccgt,2030,25,21,21,0.0
598,ccgt,2030,25,22,22,0.0
599,ccgt,2030,25,23,23,0.0
600,ccgt,2030,25,24,24,0.0
601,ccgt,2030,26,1,1,0.0
602,ccgt,2030,26,2,2,0.0
603,ccgt,2030,26,3,3,0.0
604,ccgt,2030,26,4,4,0.0
605,ccgt,2030,26,5,5,0.0
606,ccgt,2030,26,6,6,0.0
607,ccgt,2030,26,7,7,0.0
608,ccgt,2030,26,8,8,0.0
609,ccgt,2030,26,9,9,0.0
610,ccgt,2030,26,10,10,0.0
611,ccgt,2030,26,11,11,0.0
612,ccgt,2030,26,12,12,0.0
613,ccgt,2030,26,13,13,0.0
614,ccgt,2030,26,14,14,0.0
615,ccgt,2030,26,15,15,0.0
616,ccgt,2030,26,16,16,0.0
617,ccgt,2030,26,17,17,0.0
618,ccgt,2030,26,18,18,-0.02305962191250431
619,ccgt,2030,26,19,19,-0.02305962191250431
620,ccgt,2030,26,20,20,-0.02305962191250431
621,ccgt,2030,26,21,21,-0.02305962191250431
622,ccgt,2030,26,22,22,-0.02305962191250431
623,ccgt,2030,26,23,23,0.0
624,ccgt,2030,26,24,24,0.0
625,ccgt,2030,27,1,1,0.0
626,ccgt,2030,27,2,2,0.0
627,ccgt,2030,27,3,3,0.0
628,ccgt,2030,27,4,4,0.0
629,ccgt,2030,27,5,5,0.0
630,ccgt,2030,27,6,6,0.0
631,ccgt,2030,27,7,7,0.0
632,ccgt,2030,27,8,8,0.0
633,ccgt,2030,27,9,9,0.0
634,ccgt,2030,27,10,10,0.0
635,ccgt,2030,27,11,11,0.0
636,ccgt,2030,27,12,12,0.0
637,ccgt,2030,27,13,13,0.0
638,ccgt,2030,27,14,14,0.0
639,ccgt,2030,27,15,15,0.0
640,ccgt,2030,27,16,16,0.0
641,ccgt,2030,27,17,17,0.0
642,ccgt,2030,27,18,18,0.0
643,ccgt,2030,27,19,19,-0.03077858137330064
644,ccgt,2030,27,20,20,-0.03077858137330064
645,ccgt,2030,27,21,21,-0.03077858137330064
646,ccgt,2030,27,22,22,-0.03077858137330064
647,ccgt,2030,27,23,23,0.0
648,ccgt,2030,27,24,24,0.0
649,ccgt,2030,28,1,1,0.0
650,ccgt,2030,28,2,2,0.0
651,ccgt,2030,28,3,3,0.0
652,ccgt,2030,28,4,4,0.0
653,ccgt,2030,28,5,5,0.0
654,ccgt,2030,28,6,6,0.0
655,ccgt,2030,28,7,7,0.0
656,ccgt,2030,28,8,8,0.0
657,ccgt,2030,28,9,9,0.0
658,ccgt,2030,28,10,10,0.0
659,ccgt,2030,28,11,11,0.0
660,ccgt,2030,28,12,12,0.0
661,ccgt,2030,28,13,13,0.0
662,ccgt,2030,28,14,14,0.0
663,ccgt,2030,28,15,15,0.0
664,ccgt,2030,28,16,16,0.0
665,ccgt,2030,28,17,17,0.0
666,ccgt,2030,28,18,18,0.0
667,ccgt,2030,28,19,19,0.0
668,ccgt,2030,28,20,20,0.0
669,ccgt,2030,28,21,21,0.0
670,ccgt,2030,28,22,22,0.0
671,ccgt,2030,28,23,23,0.0
672,ccgt,2030,28,24,24,0.0
673,ccgt,2030,29,1,1,0.0
674,ccgt,2030,29,2,2,0.0
675,ccgt,2030,29,3,3,0.0
676,ccgt,2030,29,4,4,0.0
677,ccgt,2030,29,5,5,0.0
678,ccgt,2030,29,6,6,0.0
679,ccgt,2030,29,7,7,0.0
680,ccgt,2030,29,8,8,0.0
681,ccgt,2030,29,9,9,0.0
682,ccgt,2030,29,10,10,0.0
683,ccgt,2030,29,11,11,0.0
684,ccgt,2030,29,12,12,0.0
685,ccgt,2030,29,13,13,0.0
686,ccgt,2030,29,14,14,0.0
687,ccgt,2030,29,15,15,0.0
688,ccgt,2030,29,16,16,0.0
689,ccgt,2030,29,17,17,0.0
690,ccgt,2030,29,18,18,0.0
691,ccgt,2030,29,19,19,0.0
692,ccgt,2030,29,20,20,0.0
693,ccgt,2030,29,21,21,0.0
694,ccgt,2030,29,22,22,0.0
695,ccgt,2030,29,23,23,0.0
696,ccgt,2030,29,24,24,0.0
697,ccgt,2030,30,1,1,0.0
698,ccgt,2030,30,2,2,0.0
699,ccgt,2030,30,3,3,0.0
700,ccgt,2030,30,4,4,0.0
701,ccgt,2030,30,5,5,0.0
702,ccgt,2030,30,6,6,0.0
703,ccgt,2030,30,7,7,0.0
704,ccgt,2030,30,8,8,0.0
705,ccgt,2030,30,9,9,0.0
706,ccgt,2030,30,10,10,0.0
707,ccgt,2030,30,11,11,0.0
708,ccgt,2030,30,12,12,0.0
709,ccgt,2030,30,13,13,0.0
710,ccgt,2030,30,14,14,0.0
711,ccgt,2030,30,15,15,0.0
712,ccgt,2030,30,16,16,0.0
713,ccgt,2030,30,17,17,0.0
714,ccgt,2030,30,18,18,0.0
715,ccgt,2030,30,19,19,0.0
716,ccgt,2030,30,20,20,0.0
717,ccgt,2030,30,21,21,0.0
718,ccgt,2030,30,22,22,0.0
719,ccgt,2030,30,23,23,0.0
720,ccgt,2030,30,24,24,0.0
721,ccgt,2030,31,1,1,0.0
722,ccgt,2030,31,2,2,0.0
723,ccgt,2030,31,3,3,0.0
724,ccgt,2030,31,4,4,0.0
725,ccgt,2030,31,5,5,0.0
726,ccgt,2030,31,6,6,0.0
727,ccgt,2030,31,7,7,0.0
728,ccgt,2030,31,8,8,0.0
729,ccgt,2030,31,9,9,0.0
730,ccgt,2030,31,10,10,0.0
731,ccgt,2030,31,11,11,0.0
732,ccgt,2030,31,12,12,0.0
733,ccgt,2030,31,13,13,0.0
734,ccgt,2030,31,14,14,0.0
735,ccgt,2030,31,15,15,0.0
736,ccgt,2030,31,16,16,0.0
737,ccgt,2030,31,17,17,0.0
738,ccgt,2030,31,18,18,0.0
739,ccgt,2030,31,19,19,0.0
740,ccgt,2030,31,20,20,0.0
741,ccgt,2030,31,21,21,0.0
742,ccgt,2030,31,22,22,0.0
743,ccgt,2030,31,23,23,0.0
744,ccgt,2030,31,24,24,0.0
745,ccgt,2030,32,1,1,0.0
746,ccgt,2030,32,2,2,0.0
747,ccgt,2030,32,3,3,0.0
748,ccgt,2030,32,4,4,0.0
749,ccgt,2030,32,5,5,0.0
750,ccgt,2030,32,6,6,0.0
751,ccgt,2030,32,7,7,0.0
752,ccgt,2030,32,8,8,0.0
753,ccgt,2030,32,9,9,0.0
754,ccgt,2030,32,10,10,0.0
755,ccgt,2030,32,11,11,0.0
756,ccgt,2030,32,12,12,0.0
757,ccgt,2030,32,13,13,0.0
758,ccgt,2030,32,14,14,0.0
759,ccgt,2030,32,15,15,0.0
760,ccgt,2030,32,16,16,0.0
761,ccgt,2030,32,17,17,0.0
762,ccgt,2030,32,18,18,0.0
763,ccgt,2030,32,19,19,0.0
764,ccgt,2030,32,20,20,0.0
765,ccgt,2030,32,21,21,0.0
766,ccgt,2030,32,22,22,0.0
767,ccgt,2030,32,23,23,0.0
768,ccgt,2030,32,24,24,0.0
769,ccgt,2030,33,1,1,0.0
770,ccgt,2030,33,2,2,0.0
771,ccgt,2030,33,3,3,0.0
772,ccgt,2030,33,4,4,0.0
773,ccgt,2030,33,5,5,0.0
774,ccgt,2030,33,6,6,0.0
775,ccgt,2030,33,7,7,0.0
776,ccgt,2030,33,8,8,0.0
777,ccgt,2030,33,9,9,0.0
778,ccgt,2030,33,10,10,0.0
779,ccgt,2030,33,11,11,0.0
780,ccgt,2030,33,12,12,0.0
781,ccgt,2030,33,13,13,0.0
782,ccgt,2030,33,14,14,0.0
783,ccgt,2030,33,15,15,0.0
784,ccgt,2030,33,16,16,0.0
785,ccgt,2030,33,17,17,0.0
786,ccgt,2030,33,18,18,0.0
787,ccgt,2030,33,19,19,0.0
788,ccgt,2030,33,20,20,0.0
789,ccgt,2030,33,21,21,0.0
790,ccgt,2030,33,22,22,0.0
791,ccgt,2030,33,23,23,0.0
792,ccgt,2030,33,24,24,0.0
793,ccgt,2030,34,1,1,0.0
794,ccgt,2030,34,2,2,0.0
795,ccgt,2030,34,3,3,0.0
796,ccgt,2030,34,4,4,0.0
797,ccgt,2030,34,5,5,0.0
798,ccgt,2030,34,6,6,0.0
799,ccgt,2030,34,7,7,-0.023946040630832936
800,ccgt,2030,34,8,8,-0.023946040630832936
801,ccgt,2030,34,9,9,-0.023946040630832936
802,ccgt,2030,34,10,10,-0.023946040630832936
803,ccgt,2030,34,11,11,-0.023946040630832936
804,ccgt,2030,34,12,12,-0.023946040630832936
805,ccgt,2030,34,13,13,-0.023946040630832936
806,ccgt,2030,34,14,14,-0.023946040630832936
807,ccgt,2030,34,15,15,-0.023946040630832936
808,ccgt,2030,34,16,16,-0.023946040630832936
809,ccgt,2030,34,17,17,-0.023946040630832936
810,ccgt,2030,34,18,18,-0.023946040630832936
811,ccgt,2030,34,19,19,-0.023946040630832936
812,ccgt,2030,34,20,20,-0.023946040630832936
813,ccgt,2030,34,21,21,-0.023946040630832936
814,ccgt,2030,34,22,22,-0.023946040630832936
815,ccgt,2030,34,23,23,-0.023946040630832936
816,ccgt,2030,34,24,24,-0.023946040630832936
817,ccgt,2030,35,1,1,0.0
818,ccgt,2030,35,2,2,0.0
819,ccgt,2030,35,3,3,0.0
820,ccgt,2030,35,4,4,0.0
821,ccgt,2030,35,5,5,0.0
822,ccgt,2030,35,6,6,0.0
823,ccgt,2030,35,7,7,0.0
824,ccgt,2030,35,8,8,0.0
825,ccgt,2030,35,9,9,0.0
826,ccgt,2030,35,10,10,0.0
827,ccgt,2030,35,11,11,0.0
828,ccgt,2030,35,12,12,0.0
829,ccgt,2030,35,13,13,0.0
830,ccgt,2030,35,14,14,0.0
831,ccgt,2030,35,15,15,0.0
832,ccgt,2030,35,16,16,0.0
833,ccgt,2030,35,17,17,0.0
834,ccgt,2030,35,18,18,0.0
835,ccgt,2030,35,19,19,0.0
836,ccgt,2030,35,20,20,0.0
837,ccgt,2030,35,21,21,0.0
838,ccgt,2030,35,22,22,0.0
839,ccgt,2030,35,23,23,0.0
840,ccgt,2030,35,24,24,0.0
841,ccgt,2030,36,1,1,0.0
842,ccgt,2030,36,2,2,0.0
843,ccgt,2030,36,3,3,0.0
844,ccgt,2030,36,4,4,0.0
845,ccgt,2030,36,5,5,0.0
846,ccgt,2030,36,6,6,0.0
847,ccgt,2030,36,7,7,0.0
848,ccgt,2030,36,8,8,0.0
849,ccgt,2030,36,9,9,0.0
850,ccgt,2030,36,10,10,0.0
851,ccgt,2030,36,11,11,0.0
852,ccgt,2030,36,12,12,0.0
853,ccgt,2030,36,13,13,0.0
854,ccgt,2030,36,14,14,0.0
855,ccgt,2030,36,15,15,0.0
856,ccgt,2030,36,16,16,0.0
857,ccgt,2030,36,17,17,0.0
858,ccgt,2030,36,18,18,0.0
859,ccgt,2030,36,19,19,-0.02012501751813344
860,ccgt,2030,36,20,20,-0.02012501751813344
861,ccgt,2030,36,21,21,0.0
862,ccgt,2030,36,22,22,0.0
863,ccgt,2030,36,23,23,0.0
864,ccgt,2030,36,24,24,0.0
865,ccgt,2030,37,1,1,0.0
866,ccgt,2030,37,2,2,0.0
867,ccgt,2030,37,3,3,0.0
868,ccgt,2030,37,4,4,0.0
869,ccgt,2030,37,5,5,0.0
870,ccgt,2030,37,6,6,0.0
871,ccgt,2030,37,7,7,0.0
872,ccgt,2030,37,8,8,0.0
873,ccgt,2030,37,9,9,0.0
874,ccgt,2030,37,10,10,0.0
875,ccgt,2030,37,11,11,0.0
876,ccgt,2030,37,12,12,0.0
877,ccgt,2030,37,13,13,0.0
878,ccgt,2030,37,14,14,0.0
879,ccgt,2030,37,15,15,0.0
880,ccgt,2030,37,16,16,0.0
881,ccgt,2030,37,17,17,0.0
882,ccgt,2030,37,18,18,0.0
883,ccgt,2030,37,19,19,0.0
884,ccgt,2030,37,20,20,0.0
885,ccgt,2030,37,21,21,0.0
886,ccgt,2030,37,22,22,0.0
887,ccgt,2030,37,23,23,0.0
888,ccgt,2030,37,24,24,0.0
889,ccgt,2030,38,1,1,0.0
890,ccgt,2030,38,2,2,0.0
891,ccgt,2030,38,3,3,0.0
892,ccgt,2030,38,4,4,0.0
893,ccgt,2030,38,5,5,0.0
894,ccgt,2030,38,6,6,0.0
895,ccgt,2030,38,7,7,0.0
896,ccgt,2030,38,8,8,0.0
897,ccgt,2030,38,9,9,0.0
898,ccgt,2030,38,10,10,0.0
899,ccgt,2030,38,11,11,0.0
900,ccgt,2030,38,12,12,0.0
901,ccgt,2030,38,13,13,0.0
902,ccgt,2030,38,14,14,0.0
903,ccgt,2030,38,15,15,0.0
904,ccgt,2030,38,16,16,0.0
905,ccgt,2030,38,17,17,0.0
906,ccgt,2030,38,18,18,0.0
907,ccgt,2030,38,19,19,-0.016194347606991094
908,ccgt,2030,38,20,20,-0.016194347606991094
909,ccgt,2030,38,21,21,-0.016194347606991094
910,ccgt,2030,38,22,22,0.0
911,ccgt,2030,38,23,23,0.0
912,ccgt,2030,38,24,24,0.0
913,ccgt,2030,39,1,1,0.0
914,ccgt,2030,39,2,2,0.0
915,ccgt,2030,39,3,3,0.0
916,ccgt,2030,39,4,4,0.0
917,ccgt,2030,39,5,5,0.0
918,ccgt,2030,39,6,6,0.0
919,ccgt,2030,39,7,7,0.0
920,ccgt,2030,39,8,8,0.0
921,ccgt,2030,39,9,9,0.0
922,ccgt,2030,39,10,10,0.0
923,ccgt,2030,39,11,11,0.0
924,ccgt,2030,39,12,12,0.0
925,ccgt,2030,39,13,13,0.0
926,ccgt,2030,39,14,14,0.0
927,ccgt,2030,39,15,15,0.0
928,ccgt,2030,39,16,16,0.0
929,ccgt,2030,39,17,17,0.0
930,ccgt,2030,39,18,18,0.0
931,ccgt,2030,39,19,19,-0.021453801735106817
932,ccgt,2030,39,20,20,-0.021453801735106817
933,ccgt,2030,39,21,21,-0.021453801735106817
934,ccgt,2030,39,22,22,0.0
935,ccgt,2030,39,23,23,0.0
936,ccgt,2030,39,24,24,0.0
937,ccgt,2030,40,1,1,0.0
938,ccgt,2030,40,2,2,0.0
939,ccgt,2030,40,3,3,0.0
940,ccgt,2030,40,4,4,0.0
941,ccgt,2030,40,5,5,0.0
942,ccgt,2030,40,6,6,0.0
943,ccgt,2030,40,7,7,0.0
944,ccgt,2030,40,8,8,0.0
945,ccgt,2030,40,9,9,0.0
946,ccgt,2030,40,10,10,0.0
947,ccgt,2030,40,11,11,0.0
948,ccgt,2030,40,12,12,0.0
949,ccgt,2030,40,13,13,0.0
950,ccgt,2030,40,14,14,0.0
951,ccgt,2030,40,15,15,0.0
952,ccgt,2030,40,16,16,0.0
953,ccgt,2030,40,17,17,0.0
954,ccgt,2030,40,18,18,0.0
955,ccgt,2030,40,19,19,0.0
956,ccgt,2030,40,20,20,-0.039314633915554065
957,ccgt,2030,40,21,21,-0.039314633915554065
958,ccgt,2030,40,22,22,0.0
959,ccgt,2030,40,23,23,0.0
960,ccgt,2030,40,24,24,0.0
961,ccgt,2030,41,1,1,0.0
962,ccgt,2030,41,2,2,0.0
963,ccgt,2030,41,3,3,0.0
964,ccgt,2030,41,4,4,0.0
965,ccgt,2030,41,5,5,0.0
966,ccgt,2030,41,6,6,0.0
967,ccgt,2030,41,7,7,0.0
968,ccgt,2030,41,8,8,0.0
969,ccgt,2030,41,9,9,0.0
970,ccgt,2030,41,10,10,0.0
971,ccgt,2030,41,11,11,0.0
972,ccgt,2030,41,12,12,0.0
973,ccgt,2030,41,13,13,0.0
974,ccgt,2030,41,14,14,0.0
975,ccgt,2030,41,15,15,0.0
976,ccgt,2030,41,16,16,0.0
977,ccgt,2030,41,17,17,0.0
978,ccgt,2030,41,18,18,0.0
979,ccgt,2030,41,19,19,0.0
980,ccgt,2030,41,20,20,0.0
981,ccgt,2030,41,21,21,0.0
982,ccgt,2030,41,22,22,0.0
983,ccgt,2030,41,23,23,0.0
984,ccgt,2030,41,24,24,0.0
985,ccgt,2030,42,1,1,0.0
986,ccgt,2030,42,2,2,0.0
987,ccgt,2030,42,3,3,0.0
988,ccgt,2030,42,4,4,0.0
989,ccgt,2030,42,5,5,0.0
990,ccgt,2030,42,6,6,0.0
991,ccgt,2030,42,7,7,0.0
992,ccgt,2030,42,8,8,0.0
993,ccgt,2030,42,9,9,0.0
994,ccgt,2030,42,10,10,0.0
995,ccgt,2030,42,11,11,0.0
996,ccgt,2030,42,12,12,0.0
997,ccgt,2030,42,13,13,0.0
998,ccgt,2030,42,14,14,0.0
999,ccgt,2030,42,15,15,0.0
1000,ccgt,2030,42,16,16,0.0
1001,ccgt,2030,42,17,17,0.0
1002,ccgt,2030,42,18,18,0.0
1003,ccgt,2030,42,19,19,0.0
1004,ccgt,2030,42,20,20,0.0
1005,ccgt,2030,42,21,21,0.0
1006,ccgt,2030,42,22,22,0.0
1007,ccgt,2030,42,23,23,0.0
1008,ccgt,2030,42,24,24,0.0
1009,ccgt,2030,43,1,1,0.0
1010,ccgt,2030,43,2,2,0.0
1011,ccgt,2030,43,3,3,0.0
1012,ccgt,2030,43,4,4,0.0
1013,ccgt,2030,43,5,5,0.0
1014,ccgt,2030,43,6,6,0.0
1015,ccgt,2030,43,7,7,0.0
1016,ccgt,2030,43,8,8,0.0
1017,ccgt,2030,43,9,9,0.0
1018,ccgt,2030,43,10,10,0.0
1019,ccgt,2030,43,11,11,0.0
1020,ccgt,2030,43,12,12,0.0
1021,ccgt,2030,43,13,13,0.0
1022,ccgt,2030,43,14,14,0.0
1023,ccgt,2030,43,15,15,0.0
1024,ccgt,2030,43,16,16,0.0
1025,ccgt,2030,43,17,17,0.0
1026,ccgt,2030,43,18,18,0.0
1027,ccgt,2030,43,19,19,0.0
1028,ccgt,2030,43,20,20,0.0
1029,ccgt,2030,43,21,21,0.0
1030,ccgt,2030,43,22,22,0.0
1031,ccgt,2030,43,23,23,0.0
1032,ccgt,2030,43,24,24,0.0
1033,ccgt,2030,44,1,1,0.0
1034,ccgt,2030,44,2,2,0.0
1035,ccgt,2030,44,3,3,0.0
1036,ccgt,2030,44,4,4,0.0
1037,ccgt,2030,44,5,5,0.0
1038,ccgt,2030,44,6,6,0.0
1039,ccgt,2030,44,7,7,0.0
1040,ccgt,2030,44,8,8,0.0
1041,ccgt,2030,44,9,9,0.0
1042,ccgt,2030,44,10,10,0.0
1043,ccgt,2030,44,11,11,0.0
1044,ccgt,2030,44,12,12,0.0
1045,ccgt,2030,44,13,13,0.0
1046,ccgt,2030,44,14,14,0.0
1047,ccgt,2030,44,15,15,0.0
1048,ccgt,2030,44,16,16,0.0
1049,ccgt,2030,44,17,17,0.0
1050,ccgt,2030,44,18,18,0.0
1051,ccgt,2030,44,19,19,0.0
1052,ccgt,2030,44,20,20,0.0
1053,ccgt,2030,44,21,21,0.0
1054,ccgt,2030,44,22,22,0.0
1055,ccgt,2030,44,23,23,0.0
1056,ccgt,2030,44,24,24,0.0
1057,ccgt,2030,45,1,1,0.0
1058,ccgt,2030,45,2,2,0.0
1059,ccgt,2030,45,3,3,0.0
1060,ccgt,2030,45,4,4,0.0
1061,ccgt,2030,45,5,5,0.0
1062,ccgt,2030,45,6,6,0.0
1063,ccgt,2030,45,7,7,0.0
1064,ccgt,2030,45,8,8,0.0
1065,ccgt,2030,45,9,9,0.0
1066,ccgt,2030,45,10,10,0.0
1067,ccgt,2030,45,11,11,0.0
1068,ccgt,2030,45,12,12,0.0
1069,ccgt,2030,45,13,13,0.0
1070,ccgt,2030,45,14,14,0.0
1071,ccgt,2030,45,15,15,0.0
1072,ccgt,2030,45,16,16,0.0
1073,ccgt,2030,45,17,17,0.0
1074,ccgt,2030,45,18,18,0.0
1075,ccgt,2030,45,19,19,0.0
1076,ccgt,2030,45,20,20,0.0
1077,ccgt,2030,45,21,21,0.0
1078,ccgt,2030,45,22,22,0.0
1079,ccgt,2030,45,23,23,0.0
1080,ccgt,2030,45,24,24,0.0
1081,ccgt,2030,46,1,1,0.0
1082,ccgt,2030,46,2,2,0.0
1083,ccgt,2030,46,3,3,0.0
1084,ccgt,2030,46,4,4,0.0
1085,ccgt,2030,46,5,5,0.0
1086,ccgt,2030,46,6,6,0.0
1087,ccgt,2030,46,7,7,0.0
1088,ccgt,2030,46,8,8,0.0
1089,ccgt,2030,46,9,9,0.0
1090,ccgt,2030,46,10,10,0.0
1091,ccgt,2030,46,11,11,0.0
1092,ccgt,2030,46,12,12,0.0
1093,ccgt,2030,46,13,13,0.0
1094,ccgt,2030,46,14,14,0.0
1095,ccgt,2030,46,15,15,0.0
1096,ccgt,2030,46,16,16,0.0
1097,ccgt,2030,46,17,17,0.0
1098,ccgt,2030,46,18,18,0.0
1099,ccgt,2030,46,19,19,0.0
1100,ccgt,2030,46,20,20,0.0
1101,ccgt,2030,46,21,21,0.0
1102,ccgt,2030,46,22,22,0.0
1103,ccgt,2030,46,23,23,0.0
1104,ccgt,2030,46,24,24,0.0
1105,ccgt,2030,47,1,1,0.0
1106,ccgt,2030,47,2,2,0.0
1107,ccgt,2030,47,3,3,0.0
1108,ccgt,2030,47,4,4,0.0
1109,ccgt,2030,47,5,5,0.0
1110,ccgt,2030,47,6,6,0.0
1111,ccgt,2030,47,7,7,0.0
1112,ccgt,2030,47,8,8,0.0
1113,ccgt,2030,47,9,9,0.0
1114,ccgt,2030,47,10,10,0.0
1115,ccgt,2030,47,11,11,0.0
1116,ccgt,2030,47,12,12,0.0
1117,ccgt,2030,47,13,13,0.0
1118,ccgt,2030,47,14,14,0.0
1119,ccgt,2030,47,15,15,0.0
1120,ccgt,2030,47,16,16,0.0
1121,ccgt,2030,47,17,17,0.0
1122,ccgt,2030,47,18,18,0.0
1123,ccgt,2030,47,19,19,0.0
1124,ccgt,2030,47,20,20,0.0
1125,ccgt,2030,47,21,21,0.0
1126,ccgt,2030,47,22,22,0.0
1127,ccgt,2030,47,23,23,0.0
1128,ccgt,2030,47,24,24,0.0
1129,ccgt,2030,48,1,1,0.0
1130,ccgt,2030,48,2,2,0.0
1131,ccgt,2030,48,3,3,0.0
1132,ccgt,2030,48,4,4,0.0
1133,ccgt,2030,48,5,5,0.0
1134,ccgt,2030,48,6,6,0.0
1135,ccgt,2030,48,7,7,0.0
1136,ccgt,2030,48,8,8,0.0
1137,ccgt,2030,48,9,9,0.0
1138,ccgt,2030,48,10,10,0.0
1139,ccgt,2030,48,11,11,0.0
1140,ccgt,2030,48,12,12,0.0
1141,ccgt,2030,48,13,13,0.0
1142,ccgt,2030,48,14,14,0.0
1143,ccgt,2030,48,15,15,0.0
1144,ccgt,2030,48,16,16,0.0
1145,ccgt,2030,48,17,17,0.0
1146,ccgt,2030,48,18,18,0.0
1147,ccgt,2030,48,19,19,0.0
1148,ccgt,2030,48,20,20,0.0
1149,ccgt,2030,48,21,21,0.0
1150,ccgt,2030,48,22,22,0.0
1151,ccgt,2030,48,23,23,0.0
1152,ccgt,2030,48,24,24,0.0
1153,ccgt,2030,49,1,1,0.0
1154,ccgt,2030,49,2,2,0.0
1155,ccgt,2030,49,3,3,0.0
1156,ccgt,2030,49,4,4,0.0
1157,ccgt,2030,49,5,5,0.0
1158,ccgt,2030,49,6,6,0.0
1159,ccgt,2030,49,7,7,0.0
1160,ccgt,2030,49,8,8,0.0
1161,ccgt,2030,49,9,9,0.0
1162,ccgt,2030,49,10,10,0.0
1163,ccgt,2030,49,11,11,0.0
1164,ccgt,2030,49,12,12,0.0
1165,ccgt,2030,49,13,13,0.0
1166,ccgt,2030,49,14,14,0.0
1167,ccgt,2030,49,15,15,0.0
1168,ccgt,2030,49,16,16,0.0
1169,ccgt,2030,49,17,17,0.0
1170,ccgt,2030,49,18,18,0.0
1171,ccgt,2030,49,19,19,0.0
1172,ccgt,2030,49,20,20,0.0
1173,ccgt,2030,49,21,21,0.0
1174,ccgt,2030,49,22,22,0.0
1175,ccgt,2030,49,23,23,0.0
1176,ccgt,2030,49,24,24,0.0
1177,ccgt,2030,50,1,1,0.0
1178,ccgt,2030,50,2,2,0.0
1179,ccgt,2030,50,3,3,0.0
1180,ccgt,2030,50,4,4,0.0
1181,ccgt,2030,50,5,5,0.0
1182,ccgt,2030,50,6,6,0.0
1183,ccgt,2030,50,7,7,0.0
1184,ccgt,2030,50,8,8,0.0
1185,ccgt,2030,50,9,9,0.0
1186,ccgt,2030,50,10,10,0.0
1187,ccgt,2030,50,11,11,0.0
1188,ccgt,2030,50,12,12,0.0
1189,ccgt,2030,50,13,13,0.0
1190,ccgt,2030,50,14,14,0.0
1191,ccgt,2030,50,15,15,0.0
1192,ccgt,2030,50,16,16,0.0
1193,ccgt,2030,50,17,17,0.0
1194,ccgt,2030,50,18,18,0.0
1195,ccgt,2030,50,19,19,0.0
1196,ccgt,2030,50,20,20,0.0
1197,ccgt,2030,50,21,21,0.0
1198,ccgt,2030,50,22,22,0.0
1199,ccgt,2030,50,23,23,0.0
1200,ccgt,2030,50,24,24,0.0
1201,ccgt,2030,51,1,1,0.0
1202,ccgt,2030,51,2,2,0.0
1203,ccgt,2030,51,3,3,0.0
1204,ccgt,2030,51,4,4,0.0
1205,ccgt,2030,51,5,5,0.0
1206,ccgt,2030,51,6,6,0.0
1207,ccgt,2030,51,7,7,0.0
1208,ccgt,2030,51,8,8,0.0
1209,ccgt,2030,51,9,9,0.0
1210,ccgt,2030,51,10,10,0.0
1211,ccgt,2030,51,11,11,0.0
1212,ccgt,2030,51,12,12,0.0
1213,ccgt,2030,51,13,13,0.0
1214,ccgt,2030,51,14,14,0.0
1215,ccgt,2030,51,15,15,0.0
1216,ccgt,2030,51,16,16,0.0
1217,ccgt,2030,51,17,17,0.0
1218,ccgt,2030,51,18,18,0.0
1219,ccgt,2030,51,19,19,0.0
1220,ccgt,2030,51,20,20,0.0
1221,ccgt,2030,51,21,21,0.0
1222,ccgt,2030,51,22,22,0.0
1223,ccgt,2030,51,23,23,0.0
1224,ccgt,2030,51,24,24,0.0
1225,ccgt,2030,52,1,1,0.0
1226,ccgt,2030,52,2,2,0.0
1227,ccgt,2030,52,3,3,0.0
1228,ccgt,2030,52,4,4,0.0
1229,ccgt,2030,52,5,5,0.0
1230,ccgt,2030,52,6,6,0.0
1231,ccgt,2030,52,7,7,0.0
1232,ccgt,2030,52,8,8,0.0
1233,ccgt,2030,52,9,9,0.0
1234,ccgt,2030,52,10,10,0.0
1235,ccgt,2030,52,11,11,0.0
1236,ccgt,2030,52,12,12,0.0
1237,ccgt,2030,52,13,13,0.0
1238,ccgt,2030,52,14,14,0.0
1239,ccgt,2030,52,15,15,0.0
1240,ccgt,2030,52,16,16,0.0
1241,ccgt,2030,52,17,17,0.0
1242,ccgt,2030,52,18,18,0.0
1243,ccgt,2030,52,19,19,0.0
1244,ccgt,2030,52,20,20,0.0
1245,ccgt,2030,52,21,21,0.0
1246,ccgt,2030,52,22,22,0.0
1247,ccgt,2030,52,23,23,0.0
1248,ccgt,2030,52,24,24,0.0
1249,ccgt,2030,53,1,1,0.0
1250,ccgt,2030,53,2,2,0.0
1251,ccgt,2030,53,3,3,0.0
1252,ccgt,2030,53,4,4,0.0
1253,ccgt,2030,53,5,5,0.0
1254,ccgt,2030,53,6,6,0.0
1255,ccgt,2030,53,7,7,0.0
1256,ccgt,2030,53,8,8,0.0
1257,ccgt,2030,53,9,9,0.0
1258,ccgt,2030,53,10,10,0.0
1259,ccgt,2030,53,11,11,0.0
1260,ccgt,2030,53,12,12,0.0
1261,ccgt,2030,53,13,13,0.0
1262,ccgt,2030,53,14,14,0.0
1263,ccgt,2030,53,15,15,0.0
1264,ccgt,2030,53,16,16,0.0
1265,ccgt,2030,53,17,17,0.0
1266,ccgt,2030,53,18,18,0.0
1267,ccgt,2030,53,19,19,0.0
1268,ccgt,2030,53,20,20,0.0
1269,ccgt,2030,53,21,21,0.0
1270,ccgt,2030,53,22,22,0.0
1271,ccgt,2030,53,23,23,0.0
1272,ccgt,2030,53,24,24,0.0
1273,ccgt,2030,54,1,1,0.0
1274,ccgt,2030,54,2,2,0.0
1275,ccgt,2030,54,3,3,0.0
1276,ccgt,2030,54,4,4,0.0
1277,ccgt,2030,54,5,5,0.0
1278,ccgt,2030,54,6,6,0.0
1279,ccgt,2030,54,7,7,0.0
1280,ccgt,2030,54,8,8,0.0
1281,ccgt,2030,54,9,9,0.0
1282,ccgt,2030,54,10,10,0.0
1283,ccgt,2030,54,11,11,0.0
1284,ccgt,2030,54,12,12,0.0
1285,ccgt,2030,54,13,13,0.0
1286,ccgt,2030,54,14,14,0.0
1287,ccgt,2030,54,15,15,0.0
1288,ccgt,2030,54,16,16,0.0
1289,ccgt,2030,54,17,17,0.0
1290,ccgt,2030,54,18,18,-0.029294577444674466
1291,ccgt,2030,54,19,19,-0.029294577444674466
1292,ccgt,2030,54,20,20,-0.029294577444674466
1293,ccgt,2030,54,21,21,0.0
1294,ccgt,2030,54,22,22,0.0
1295,ccgt,2030,54,23,23,0.0
1296,ccgt,2030,54,24,24,0.0
1297,ccgt,2030,55,1,1,0.0
1298,ccgt,2030,55,2,2,0.0
1299,ccgt,2030,55,3,3,0.0
1300,ccgt,2030,55,4,4,0.0
1301,ccgt,2030,55,5,5,0.0
1302,ccgt,2030,55,6,6,0.0
1303,ccgt,2030,55,7,7,0.0
1304,ccgt,2030,55,8,8,0.0
1305,ccgt,2030,55,9,9,0.0
1306,ccgt,2030,55,10,10,0.0
1307,ccgt,2030,55,11,11,0.0
1308,ccgt,2030,55,12,12,0.0
1309,ccgt,2030,55,13,13,0.0
1310,ccgt,2030,55,14,14,0.0
1311,ccgt,2030,55,15,15,0.0
1312,ccgt,2030,55,16,16,0.0
1313,ccgt,2030,55,17,17,0.0
1314,ccgt,2030,55,18,18,0.0
1315,ccgt,2030,55,19,19,0.0
1316,ccgt,2030,55,20,20,0.0
1317,ccgt,2030,55,21,21,0.0
1318,ccgt,2030,55,22,22,0.0
1319,ccgt,2030,55,23,23,0.0
1320,ccgt,2030,55,24,24,0.0
1321,ccgt,2030,56,1,1,0.0
1322,ccgt,2030,56,2,2,0.0
1323,ccgt,2030,56,3,3,0.0
1324,ccgt,2030,56,4,4,0.0
1325,ccgt,2030,56,5,5,0.0
1326,ccgt,2030,56,6,6,0.0
1327,ccgt,2030,56,7,7,0.0
1328,ccgt,2030,56,8,8,0.0
1329,ccgt,2030,56,9,9,0.0
1330,ccgt,2030,56,10,10,0.0
1331,ccgt,2030,56,11,11,0.0
1332,ccgt,2030,56,12,12,0.0
1333,ccgt,2030,56,13,13,0.0
1334,ccgt,2030,56,14,14,0.0
1335,ccgt,2030,56,15,15,0.0
1336,ccgt,2030,56,16,16,0.0
1337,ccgt,2030,56,17,17,0.0
1338,ccgt,2030,56,18,18,0.0
1339,ccgt,2030,56,19,19,0.0
1340,ccgt,2030,56,20,20,0.0
1341,ccgt,2030,56,21,21,0.0
1342,ccgt,2030,56,22,22,0.0
1343,ccgt,2030,56,23,23,0.0
1344,ccgt,2030,56,24,24,0.0
1345,ccgt,2030,57,1,1,0.0
1346,ccgt,2030,57,2,2,0.0
1347,ccgt,2030,57,3,3,0.0
1348,ccgt,2030,57,4,4,0.0
1349,ccgt,2030,57,5,5,0.0
1350,ccgt,2030,57,6,6,0.0
1351,ccgt,2030,57,7,7,0.0
1352,ccgt,2030,57,8,8,0.0
1353,ccgt,2030,57,9,9,0.0
1354,ccgt,2030,57,10,10,0.0
1355,ccgt,2030,57,11,11,0.0
1356,ccgt,2030,57,12,12,0.0
1357,ccgt,2030,57,13,13,0.0
1358,ccgt,2030,57,14,14,0.0
1359,ccgt,2030,57,15,15,0.0
1360,ccgt,2030,57,16,16,0.0
1361,ccgt,2030,57,17,17,0.0
1362,ccgt,2030,57,18,18,0.0
1363,ccgt,2030,57,19,19,0.0
1364,ccgt,2030,57,20,20,0.0
1365,ccgt,2030,57,21,21,0.0
1366,ccgt,2030,57,22,22,0.0
1367,ccgt,2030,57,23,23,0.0
1368,ccgt,2030,57,24,24,0.0
1369,ccgt,2030,58,1,1,0.0
1370,ccgt,2030,58,2,2,0.0
1371,ccgt,2030,58,3,3,0.0
1372,ccgt,2030,58,4,4,0.0
1373,ccgt,2030,58,5,5,0.0
1374,ccgt,2030,58,6,6,0.0
1375,ccgt,2030,58,7,7,0.0
1376,ccgt,2030,58,8,8,0.0
1377,ccgt,2030,58,9,9,0.0
1378,ccgt,2030,58,10,10,0.0
1379,ccgt,2030,58,11,11,0.0
1380,ccgt,2030,58,12,12,0.0
1381,ccgt,2030,58,13,13,0.0
1382,ccgt,2030,58,14,14,0.0
1383,ccgt,2030,58,15,15,0.0
1384,ccgt,2030,58,16,16,0.0
1385,ccgt,2030,58,17,17,0.0
1386,ccgt,2030,58,18,18,0.0
1387,ccgt,2030,58,19,19,0.0
1388,ccgt,2030,58,20,20,0.0
1389,ccgt,2030,58,21,21,0.0
1390,ccgt,2030,58,22,22,0.0
1391,ccgt,2030,58,23,23,0.0
1392,ccgt,2030,58,24,24,0.0
1393,ccgt,2030,59,1,1,0.0
1394,ccgt,2030,59,2,2,0.0
1395,ccgt,2030,59,3,3,0.0
1396,ccgt,2030,59,4,4,0.0
1397,ccgt,2030,59,5,5,0.0
1398,ccgt,2030,59,6,6,0.0
1399,ccgt,2030,59,7,7,0.0
1400,ccgt,2030,59,8,8,0.0
1401,ccgt,2030,59,9,9,0.0
1402,ccgt,2030,59,10,10,0.0
1403,ccgt,2030,59,11,11,-0.019529783440828348
1404,ccgt,2030,59,12,12,-0.019529783440828348
1405,ccgt,2030,59,13,13,-0.019529783440828348
1406,ccgt,2030,59,14,14,-0.019529783440828348
1407,ccgt,2030,59,15,15,-0.019529783440828348
1408,ccgt,2030,59,16,16,-0.019529783440828348
1409,ccgt,2030,59,17,17,-0.019529783440828348
1410,ccgt,2030,59,18,18,-0.019529783440828348
1411,ccgt,2030,59,19,19,-0.019529783440828348
1412,ccgt,2030,59,20,20,-0.019529783440828348
1413,ccgt,2030,59,21,21,-0.019529783440828348
1414,ccgt,2030,59,22,22,-0.019529783440828348
1415,ccgt,2030,59,23,23,-0.019529783440828348
1416,ccgt,2030,59,24,24,-0.019529783440828348
1417,ccgt,2030,60,1,1,0.0
1418,ccgt,2030,60,2,2,0.0
1419,ccgt,2030,60,3,3,0.0
1420,ccgt,2030,60,4,4,0.0
1421,ccgt,2030,60,5,5,0.0
1422,ccgt,2030,60,6,6,0.0
1423,ccgt,2030,60,7,7,0.0
1424,ccgt,2030,60,8,8,0.0
1425,ccgt,2030,60,9,9,0.0
1426,ccgt,2030,60,10,10,0.0
1427,ccgt,2030,60,11,11,0.0
1428,ccgt,2030,60,12,12,0.0
1429,ccgt,2030,60,13,13,0.0
1430,ccgt,2030,60,14,14,0.0
1431,ccgt,2030,60,15,15,0.0
1432,ccgt,2030,60,16,16,0.0
1433,ccgt,2030,60,17,17,0.0
1434,ccgt,2030,60,18,18,0.0
1435,ccgt,2030,60,19,19,0.0
1436,ccgt,2030,60,20,20,0.0
1437,ccgt,2030,60,21,21,0.0
1438,ccgt,2030,60,22,22,0.0
1439,ccgt,2030,60,23,23,0.0
1440,ccgt,2030,60,24,24,0.0
1441,ccgt,2030,61,1,1,0.0
1442,ccgt,2030,61,2,2,0.0
1443,ccgt,2030,61,3,3,0.0
1444,ccgt,2030,61,4,4,0.0
1445,ccgt,2030,61,5,5,0.0
1446,ccgt,2030,61,6,6,0.0
1447,ccgt,2030,61,7,7,0.0
1448,ccgt,2030,61,8,8,0.0
1449,ccgt,2030,61,9,9,0.0
1450,ccgt,2030,61,10,10,0.0
1451,ccgt,2030,61,11,11,0.0
1452,ccgt,2030,61,12,12,0.0
1453,ccgt,2030,61,13,13,0.0
1454,ccgt,2030,61,14,14,0.0
1455,ccgt,2030,61,15,15,0.0
1456,ccgt,2030,61,16,16,0.0
1457,ccgt,2030,61,17,17,0.0
1458,ccgt,2030,61,18,18,0.0
1459,ccgt,2030,61,19,19,0.0
1460,ccgt,2030,61,20,20,0.0
1461,ccgt,2030,61,21,21,0.0
1462,ccgt,2030,61,22,22,0.0
1463,ccgt,2030,61,23,23,0.0
1464,ccgt,2030,61,24,24,0.0
1465,ccgt,2030,62,1,1,0.0
1466,ccgt,2030,62,2,2,0.0
1467,ccgt,2030,62,3,3,0.0
1468,ccgt,2030,62,4,4,0.0
1469,ccgt,2030,62,5,5,0.0
1470,ccgt,2030,62,6,6,0.0
1471,ccgt,2030,62,7,7,0.0
1472,ccgt,2030,62,8,8,0.0
1473,ccgt,2030,62,9,9,0.0
1474,ccgt,2030,62,10,10,0.0
1475,ccgt,2030,62,11,11,0.0
1476,ccgt,2030,62,12,12,0.0
1477,ccgt,2030,62,13,13,0.0
1478,ccgt,2030,62,14,14,0.0
1479,ccgt,2030,62,15,15,0.0
1480,ccgt,2030,62,16,16,0.0
1481,ccgt,2030,62,17,17,0.0
1482,ccgt,2030,62,18,18,0.0
1483,ccgt,2030,62,19,19,0.0
1484,ccgt,2030,62,20,20,0.0
1485,ccgt,2030,62,21,21,0.0
1486,ccgt,2030,62,22,22,0.0
1487,ccgt,2030,62,23,23,0.0
1488,ccgt,2030,62,24,24,0.0
1489,ccgt,2030,63,1,1,0.0
1490,ccgt,2030,63,2,2,0.0
1491,ccgt,2030,63,3,3,0.0
1492,ccgt,2030,63,4,4,0.0
1493,ccgt,2030,63,5,5,0.0
1494,ccgt,2030,63,6,6,0.0
1495,ccgt,2030,63,7,7,0.0
1496,ccgt,2030,63,8,8,0.0
1497,ccgt,2030,63,9,9,0.0
1498,ccgt,2030,63,10,10,0.0
1499,ccgt,2030,63,11,11,0.0
1500,ccgt,2030,63,12,12,0.0
1501,ccgt,2030,63,13,13,0.0
1502,ccgt,2030,63,14,14,0.0
1503,ccgt,2030,63,15,15,0.0
1504,ccgt,2030,63,16,16,0.0
1505,ccgt,2030,63,17,17,0.0
1506,ccgt,2030,63,18,18,0.0
1507,ccgt,2030,63,19,19,0.0
1508,ccgt,2030,63,20,20,0.0
1509,ccgt,2030,63,21,21,0.0
1510,ccgt,2030,63,22,22,0.0
1511,ccgt,2030,63,23,23,0.0
1512,ccgt,2030,63,24,24,0.0
1513,ccgt,2030,64,1,1,0.0
1514,ccgt,2030,64,2,2,0.0
1515,ccgt,2030,64,3,3,0.0
1516,ccgt,2030,64,4,4,0.0
1517,ccgt,2030,64,5,5,0.0
1518,ccgt,2030,64,6,6,0.0
1519,ccgt,2030,64,7,7,0.0
1520,ccgt,2030,64,8,8,0.0
1521,ccgt,2030,64,9,9,0.0
1522,ccgt,2030,64,10,10,0.0
1523,ccgt,2030,64,11,11,0.0
1524,ccgt,2030,64,12,12,0.0
1525,ccgt,2030,64,13,13,0.0
1526,ccgt,2030,64,14,14,0.0
1527,ccgt,2030,64,15,15,0.0
1528,ccgt,2030,64,16,16,0.0
1529,ccgt,2030,64,17,17,0.0
1530,ccgt,2030,64,18,18,0.0
1531,ccgt,2030,64,19,19,0.0
1532,ccgt,2030,64,20,20,-0.010686123168553208
1533,ccgt,2030,64,21,21,0.0
1534,ccgt,2030,64,22,22,0.0
1535,ccgt,2030,64,23,23,0.0
1536,ccgt,2030,64,24,24,0.0
1537,ccgt,2030,65,1,1,0.0
1538,ccgt,2030,65,2,2,0.0
1539,ccgt,2030,65,3,3,0.0
1540,ccgt,2030,65,4,4,0.0
1541,ccgt,2030,65,5,5,0.0
1542,ccgt,2030,65,6,6,0.0
1543,ccgt,2030,65,7,7,0.0
1544,ccgt,2030,65,8,8,0.0
1545,ccgt,2030,65,9,9,0.0
1546,ccgt,2030,65,10,10,0.0
1547,ccgt,2030,65,11,11,0.0
1548,ccgt,2030,65,12,12,0.0
1549,ccgt,2030,65,13,13,0.0
1550,ccgt,2030,65,14,14,0.0
1551,ccgt,2030,65,15,15,0.0
1552,ccgt,2030,65,16,16,0.0
1553,ccgt,2030,65,17,17,0.0
1554,ccgt,2030,65,18,18,0.0
1555,ccgt,2030,65,19,19,0.0
1556,ccgt,2030,65,20,20,0.0
1557,ccgt,2030,65,21,21,0.0
1558,ccgt,2030,65,22,22,0.0
1559,ccgt,2030,65,23,23,0.0
1560,ccgt,2030,65,24,24,0.0
1561,ccgt,2030,66,1,1,0.0
1562,ccgt,2030,66,2,2,0.0
1563,ccgt,2030,66,3,3,0.0
1564,ccgt,2030,66,4,4,0.0
1565,ccgt,2030,66,5,5,0.0
1566,ccgt,2030,66,6,6,0.0
1567,ccgt,2030,66,7,7,0.0
1568,ccgt,2030,66,8,8,0.0
1569,ccgt,2030,66,9,9,0.0
1570,ccgt,2030,66,10,10,0.0
1571,ccgt,2030,66,11,11,0.0
1572,ccgt,2030,66,12,12,0.0
1573,ccgt,2030,66,13,13,0.0
1574,ccgt,2030,66,14,14,0.0
1575,ccgt,2030,66,15,15,0.0
1576,ccgt,2030,66,16,16,0.0
1577,ccgt,2030,66,17,17,0.0
1578,ccgt,2030,66,18,18,0.0
1579,ccgt,2030,66,19,19,0.0
1580,ccgt,2030,66,20,20,0.0
1581,ccgt,2030,66,21,21,0.0
1582,ccgt,2030,66,22,22,0.0
1583,ccgt,2030,66,23,23,0.0
1584,ccgt,2030,66,24,24,0.0
1585,ccgt,2030,67,1,1,0.0
1586,ccgt,2030,67,2,2,0.0
1587,ccgt,2030,67,3,3,0.0
1588,ccgt,2030,67,4,4,0.0
1589,ccgt,2030,67,5,5,0.0
1590,ccgt,2030,67,6,6,0.0
1591,ccgt,2030,67,7,7,0.0
1592,ccgt,2030,67,8,8,0.0
1593,ccgt,2030,67,9,9,0.0
1594,ccgt,2030,67,10,10,0.0
1595,ccgt,2030,67,11,11,0.0
1596,ccgt,2030,67,12,12,0.0
1597,ccgt,2030,67,13,13,0.0
1598,ccgt,2030,67,14,14,0.0
1599,ccgt,2030,67,15,15,0.0
1600,ccgt,2030,67,16,16,0.0
1601,ccgt,2030,67,17,17,0.0
1602,ccgt,2030,67,18,18,0.0
1603,ccgt,2030,67,19,19,0.0
1604,ccgt,2030,67,20,20,0.0
1605,ccgt,2030,67,21,21,0.0
1606,ccgt,2030,67,22,22,0.0
1607,ccgt,2030,67,23,23,0.0
1608,ccgt,2030,67,24,24,0.0
1609,ccgt,2030,68,1,1,0.0
1610,ccgt,2030,68,2,2,0.0
1611,ccgt,2030,68,3,3,0.0
1612,ccgt,2030,68,4,4,0.0
1613,ccgt,2030,68,5,5,0.0
1614,ccgt,2030,68,6,6,0.0
1615,ccgt,2030,68,7,7,0.0
1616,ccgt,2030,68,8,8,0.0
1617,ccgt,2030,68,9,9,0.0
1618,ccgt,2030,68,10,10,0.0
1619,ccgt,2030,68,11,11,0.0
1620,ccgt,2030,68,12,12,0.0
1621,ccgt,2030,68,13,13,0.0
1622,ccgt,2030,68,14,14,0.0
1623,ccgt,2030,68,15,15,0.0
1624,ccgt,2030,68,16,16,0.0
1625,ccgt,2030,68,17,17,0.0
1626,ccgt,2030,68,18,18,0.0
1627,ccgt,2030,68,19,19,0.0
1628,ccgt,2030,68,20,20,0.0
1629,ccgt,2030,68,21,21,0.0
1630,ccgt,2030,68,22,22,0.0
1631,ccgt,2030,68,23,23,0.0
1632,ccgt,2030,68,24,24,0.0
1633,ccgt,2030,69,1,1,0.0
1634,ccgt,2030,69,2,2,0.0
1635,ccgt,2030,69,3,3,0.0
1636,ccgt,2030,69,4,4,0.0
1637,ccgt,2030,69,5,5,0.0
1638,ccgt,2030,69,6,6,0.0
1639,ccgt,2030,69,7,7,0.0
1640,ccgt,2030,69,8,8,0.0
1641,ccgt,2030,69,9,9,0.0
1642,ccgt,2030,69,10,10,0.0
1643,ccgt,2030,69,11,11,0.0
1644,ccgt,2030,69,12,12,0.0
1645,ccgt,2030,69,13,13,0.0
1646,ccgt,2030,69,14,14,0.0
1647,ccgt,2030,69,15,15,0.0
1648,ccgt,2030,69,16,16,0.0
1649,ccgt,2030,69,17,17,0.0
1650,ccgt,2030,69,18,18,-0.0175318957924634
1651,ccgt,2030,69,19,19,-0.0175318957924634
1652,ccgt,2030,69,20,20,-0.0175318957924634
1653,ccgt,2030,69,21,21,-0.005067039957774189
1654,ccgt,2030,69,22,22,0.0
1655,ccgt,2030,69,23,23,0.0
1656,ccgt,2030,69,24,24,0.0
1657,ccgt,2030,70,1,1,0.0
1658,ccgt,2030,70,2,2,0.0
1659,ccgt,2030,70,3,3,0.0
1660,ccgt,2030,70,4,4,0.0
1661,ccgt,2030,70,5,5,0.0
1662,ccgt,2030,70,6,6,0.0
1663,ccgt,2030,70,7,7,0.0
1664,ccgt,2030,70,8,8,0.0
1665,ccgt,2030,70,9,9,0.0
1666,ccgt,2030,70,10,10,0.0
1667,ccgt,2030,70,11,11,0.0
1668,ccgt,2030,70,12,12,0.0
1669,ccgt,2030,70,13,13,0.0
1670,ccgt,2030,70,14,14,0.0
1671,ccgt,2030,70,15,15,0.0
1672,ccgt,2030,70,16,16,0.0
1673,ccgt,2030,70,17,17,0.0
1674,ccgt,2030,70,18,18,0.0
1675,ccgt,2030,70,19,19,-0.049217633094797306
1676,ccgt,2030,70,20,20,-0.049217633094797306
1677,ccgt,2030,70,21,21,-0.049217633094797306
1678,ccgt,2030,70,22,22,0.0
1679,ccgt,2030,70,23,23,0.0
1680,ccgt,2030,70,24,24,0.0
1681,ccgt,2030,71,1,1,0.0
1682,ccgt,2030,71,2,2,0.0
1683,ccgt,2030,71,3,3,0.0
1684,ccgt,2030,71,4,4,0.0
1685,ccgt,2030,71,5,5,0.0
1686,ccgt,2030,71,6,6,0.0
1687,ccgt,2030,71,7,7,0.0
1688,ccgt,2030,71,8,8,0.0
1689,ccgt,2030,71,9,9,0.0
1690,ccgt,2030,71,10,10,0.0
1691,ccgt,2030,71,11,11,0.0
1692,ccgt,2030,71,12,12,0.0
1693,ccgt,2030,71,13,13,0.0
1694,ccgt,2030,71,14,14,0.0
1695,ccgt,2030,71,15,15,0.0
1696,ccgt,2030,71,16,16,0.0
1697,ccgt,2030,71,17,17,0.0
1698,ccgt,2030,71,18,18,0.0
1699,ccgt,2030,71,19,19,0.0
1700,ccgt,2030,71,20,20,0.0
1701,ccgt,2030,71,21,21,0.0
1702,ccgt,2030,71,22,22,0.0
1703,ccgt,2030,71,23,23,0.0
1704,ccgt,2030,71,24,24,0.0
1705,ccgt,2030,72,1,1,0.0
1706,ccgt,2030,72,2,2,0.0
1707,ccgt,2030,72,3,3,0.0
1708,ccgt,2030,72,4,4,0.0
1709,ccgt,2030,72,5,5,0.0
1710,ccgt,2030,72,6,6,0.0
1711,ccgt,2030,72,7,7,0.0
1712,ccgt,2030,72,8,8,0.0
1713,ccgt,2030,72,9,9,0.0
1714,ccgt,2030,72,10,10,0.0
1715,ccgt,2030,72,11,11,0.0
1716,ccgt,2030,72,12,12,0.0
1717,ccgt,2030,72,13,13,0.0
1718,ccgt,2030,72,14,14,0.0
1719,ccgt,2030,72,15,15,0.0
1720,ccgt,2030,72,16,16,0.0
1721,ccgt,2030,72,17,17,0.0
1722,ccgt,2030,72,18,18,0.0
1723,ccgt,2030,72,19,19,0.0
1724,ccgt,2030,72,20,20,0.0
1725,ccgt,2030,72,21,21,0.0
1726,ccgt,2030,72,22,22,0.0
1727,ccgt,2030,72,23,23,0.0
1728,ccgt,2030,72,24,24,0.0
1729,ccgt,2030,73,1,1,0.0
1730,ccgt,2030,73,2,2,0.0
1731,ccgt,2030,73,3,3,0.0
1732,ccgt,2030,73,4,4,0.0
1733,ccgt,2030,73,5,5,0.0
1734,ccgt,2030,73,6,6,0.0
1735,ccgt,2030,73,7,7,0.0
1736,ccgt,2030,73,8,8,0.0
1737,ccgt,2030,73,9,9,0.0
1738,ccgt,2030,73,10,10,0.0
1739,ccgt,2030,73,11,11,0.0
1740,ccgt,2030,73,12,12,0.0
1741,ccgt,2030,73,13,13,0.0
1742,ccgt,2030,73,14,14,0.0
1743,ccgt,2030,73,15,15,0.0
1744,ccgt,2030,73,16,16,0.0
1745,ccgt,2030,73,17,17,0.0
1746,ccgt,2030,73,18,18,0.0
1747,ccgt,2030,73,19,19,0.0
1748,ccgt,2030,73,20,20,0.0
1749,ccgt,2030,73,21,21,0.0
1750,ccgt,2030,73,22,22,0.0
1751,ccgt,2030,73,23,23,0.0
1752,ccgt,2030,73,24,24,0.0
1753,ccgt,2030,74,1,1,0.0
1754,ccgt,2030,74,2,2,0.0
1755,ccgt,2030,74,3,3,0.0
1756,ccgt,2030,74,4,4,0.0
1757,ccgt,2030,74,5,5,0.0
1758,ccgt,2030,74,6,6,0.0
1759,ccgt,2030,74,7,7,0.0
1760,ccgt,2030,74,8,8,0.0
1761,ccgt,2030,74,9,9,0.0
1762,ccgt,2030,74,10,10,0.0
1763,ccgt,2030,74,11,11,0.0
1764,ccgt,2030,74,12,12,0.0
1765,ccgt,2030,74,13,13,0.0
1766,ccgt,2030,74,14,14,0.0
1767,ccgt,2030,74,15,15,0.0
1768,ccgt,2030,74,16,16,0.0
1769,ccgt,2030,74,17,17,0.0
1770,ccgt,2030,74,18,18,0.0
1771,ccgt,2030,74,19,19,0.0
1772,ccgt,2030,74,20,20,0.0
1773,ccgt,2030,74,21,21,0.0
1774,ccgt,2030,74,22,22,0.0
1775,ccgt,2030,74,23,23,0.0
1776,ccgt,2030,74,24,24,0.0
1777,ccgt,2030,75,1,1,0.0
1778,ccgt,2030,75,2,2,0.0
1779,ccgt,2030,75,3,3,0.0
1780,ccgt,2030,75,4,4,0.0
1781,ccgt,2030,75,5,5,0.0
1782,ccgt,2030,75,6,6,0.0
1783,ccgt,2030,75,7,7,0.0
1784,ccgt,2030,75,8,8,0.0
1785,ccgt,2030,75,9,9,0.0
1786,ccgt,2030,75,10,10,0.0
1787,ccgt,2030,75,11,11,0.0
1788,ccgt,2030,75,12,12,0.0
1789,ccgt,2030,75,13,13,0.0
1790,ccgt,2030,75,14,14,0.0
1791,ccgt,2030,75,15,15,0.0
1792,ccgt,2030,75,16,16,0.0
1793,ccgt,2030,75,17,17,0.0
1794,ccgt,2030,75,18,18,0.0
1795,ccgt,2030,75,19,19,0.0
1796,ccgt,2030,75,20,20,0.0
1797,ccgt,2030,75,21,21,0.0
1798,ccgt,2030,75,22,22,0.0
1799,ccgt,2030,75,23,23,0.0
1800,ccgt,2030,75,24,24,0.0
1801,ccgt,2030,76,1,1,0.0
1802,ccgt,2030,76,2,2,0.0
1803,ccgt,2030,76,3,3,0.0
1804,ccgt,2030,76,4,4,0.0
1805,ccgt,2030,76,5,5,0.0
1806,ccgt,2030,76,6,6,0.0
1807,ccgt,2030,76,7,7,0.0
1808,ccgt,2030,76,8,8,0.0
1809,ccgt,2030,76,9,9,0.0
1810,ccgt,2030,76,10,10,0.0
1811,ccgt,2030,76,11,11,0.0
1812,ccgt,2030,76,12,12,0.0
1813,ccgt,2030,76,13,13,0.0
1814,ccgt,2030,76,14,14,0.0
1815,ccgt,2030,76,15,15,0.0
1816,ccgt,2030,76,16,16,0.0
1817,ccgt,2030,76,17,17,0.0
1818,ccgt,2030,76,18,18,0.0
1819,ccgt,2030,76,19,19,0.0
1820,ccgt,2030,76,20,20,0.0
1821,ccgt,2030,76,21,21,0.0
1822,ccgt,2030,76,22,22,0.0
1823,ccgt,2030,76,23,23,0.0
1824,ccgt,2030,76,24,24,0.0
1825,ccgt,2030,77,1,1,0.0
1826,ccgt,2030,77,2,2,0.0
1827,ccgt,2030,77,3,3,0.0
1828,ccgt,2030,77,4,4,0.0
1829,ccgt,2030,77,5,5,0.0
1830,ccgt,2030,77,6,6,0.0
1831,ccgt,2030,77,7,7,0.0
1832,ccgt,2030,77,8,8,0.0
1833,ccgt,2030,77,9,9,0.0
1834,ccgt,2030,77,10,10,0.0
1835,ccgt,2030,77,11,11,0.0
1836,ccgt,2030,77,12,12,0.0
1837,ccgt,2030,77,13,13,0.0
1838,ccgt,2030,77,14,14,0.0
1839,ccgt,2030,77,15,15,0.0
1840,ccgt,2030,77,16,16,0.0
1841,ccgt,2030,77,17,17,0.0
1842,ccgt,2030,77,18,18,0.0
1843,ccgt,2030,77,19,19,0.0
1844,ccgt,2030,77,20,20,0.0
1845,ccgt,2030,77,21,21,0.0
1846,ccgt,2030,77,22,22,0.0
1847,ccgt,2030,77,23,23,0.0
1848,ccgt,2030,77,24,24,0.0
1849,ccgt,2030,78,1,1,0.0
1850,ccgt,2030,78,2,2,0.0
1851,ccgt,2030,78,3,3,0.0
1852,ccgt,2030,78,4,4,0.0
1853,ccgt,2030,78,5,5,0.0
1854,ccgt,2030,78,6,6,0.0
1855,ccgt,2030,78,7,7,0.0
1856,ccgt,2030,78,8,8,0.0
1857,ccgt,2030,78,9,9,0.0
1858,ccgt,2030,78,10,10,0.0
1859,ccgt,2030,78,11,11,0.0
1860,ccgt,2030,78,12,12,0.0
1861,ccgt,2030,78,13,13,0.0
1862,ccgt,2030,78,14,14,0.0
1863,ccgt,2030,78,15,15,0.0
1864,ccgt,2030,78,16,16,0.0
1865,ccgt,2030,78,17,17,0.0
1866,ccgt,2030,78,18,18,0.0
1867,ccgt,2030,78,19,19,0.0
1868,ccgt,2030,78,20,20,0.0
1869,ccgt,2030,78,21,21,0.0
1870,ccgt,2030,78,22,22,0.0
1871,ccgt,2030,78,23,23,0.0
1872,ccgt,2030,78,24,24,0.0
1873,ccgt,2030,79,1,1,0.0
1874,ccgt,2030,79,2,2,0.0
1875,ccgt,2030,79,3,3,0.0
1876,ccgt,2030,79,4,4,0.0
1877,ccgt,2030,79,5,5,0.0
1878,ccgt,2030,79,6,6,0.0
1879,ccgt,2030,79,7,7,0.0
1880,ccgt,2030,79,8,8,-0.021425839998996075
1881,ccgt,2030,79,9,9,-0.021425839998996075
1882,ccgt,2030,79,10,10,-0.021425839998996075
1883,ccgt,2030,79,11,11,-0.021425839998996075
1884,ccgt,2030,79,12,12,-0.021425839998996075
1885,ccgt,2030,79,13,13,0.0
1886,ccgt,2030,79,14,14,0.0
1887,ccgt,2030,79,15,15,0.0
1888,ccgt,2030,79,16,16,0.0
1889,ccgt,2030,79,17,17,-0.021425839998996075
1890,ccgt,2030,79,18,18,-0.021425839998996075
1891,ccgt,2030,79,19,19,-0.021425839998996075
1892,ccgt,2030,79,20,20,-0.021425839998996075
1893,ccgt,2030,79,21,21,-0.021425839998996075
1894,ccgt,2030,79,22,22,-0.021425839998996075
1895,ccgt,2030,79,23,23,-0.021425839998996075
1896,ccgt,2030,79,24,24,0.0
1897,ccgt,2030,80,1,1,0.0
1898,ccgt,2030,80,2,2,0.0
1899,ccgt,2030,80,3,3,0.0
1900,ccgt,2030,80,4,4,0.0
1901,ccgt,2030,80,5,5,0.0
1902,ccgt,2030,80,6,6,0.0
1903,ccgt,2030,80,7,7,0.0
1904,ccgt,2030,80,8,8,0.0
1905,ccgt,2030,80,9,9,0.0
1906,ccgt,2030,80,10,10,0.0
1907,ccgt,2030,80,11,11,0.0
1908,ccgt,2030,80,12,12,0.0
1909,ccgt,2030,80,13,13,0.0
1910,ccgt,2030,80,14,14,0.0
1911,ccgt,2030,80,15,15,0.0
1912,ccgt,2030,80,16,16,0.0
1913,ccgt,2030,80,17,17,0.0
1914,ccgt,2030,80,18,18,0.0
1915,ccgt,2030,80,19,19,-0.020966707398683948
1916,ccgt,2030,80,20,20,-0.020966707398683948
1917,ccgt,2030,80,21,21,0.0
1918,ccgt,2030,80,22,22,0.0
1919,ccgt,2030,80,23,23,0.0
1920,ccgt,2030,80,24,24,0.0
1921,ccgt,2030,81,1,1,0.0
1922,ccgt,2030,81,2,2,0.0
1923,ccgt,2030,81,3,3,0.0
1924,ccgt,2030,81,4,4,0.0
1925,ccgt,2030,81,5,5,0.0
1926,ccgt,2030,81,6,6,0.0
1927,ccgt,2030,81,7,7,0.0
1928,ccgt,2030,81,8,8,0.0
1929,ccgt,2030,81,9,9,0.0
1930,ccgt,2030,81,10,10,0.0
1931,ccgt,2030,81,11,11,0.0
1932,ccgt,2030,81,12,12,0.0
1933,ccgt,2030,81,13,13,0.0
1934,ccgt,2030,81,14,14,0.0
1935,ccgt,2030,81,15,15,0.0
1936,ccgt,2030,81,16,16,0.0
1937,ccgt,2030,81,17,17,0.0
1938,ccgt,2030,81,18,18,0.0
1939,ccgt,2030,81,19,19,0.0
1940,ccgt,2030,81,20,20,0.0
1941,ccgt,2030,81,21,21,0.0
1942,ccgt,2030,81,22,22,0.0
1943,ccgt,2030,81,23,23,0.0
1944,ccgt,2030,81,24,24,0.0
1945,ccgt,2030,82,1,1,0.0
1946,ccgt,2030,82,2,2,0.0
1947,ccgt,2030,82,3,3,0.0
1948,ccgt,2030,82,4,4,0.0
1949,ccgt,2030,82,5,5,0.0
1950,ccgt,2030,82,6,6,0.0
1951,ccgt,2030,82,7,7,0.0
1952,ccgt,2030,82,8,8,0.0
1953,ccgt,2030,82,9,9,0.0
1954,ccgt,2030,82,10,10,0.0
1955,ccgt,2030,82,11,11,0.0
1956,ccgt,2030,82,12,12,0.0
1957,ccgt,2030,82,13,13,0.0
1958,ccgt,2030,82,14,14,0.0
1959,ccgt,2030,82,15,15,0.0
1960,ccgt,2030,82,16,16,0.0
1961,ccgt,2030,82,17,17,0.0
1962,ccgt,2030,82,18,18,0.0
1963,ccgt,2030,82,19,19,0.0
1964,ccgt,2030,82,20,20,0.0
1965,ccgt,2030,82,21,21,0.0
1966,ccgt,2030,82,22,22,0.0
1967,ccgt,2030,82,23,23,0.0
1968,ccgt,2030,82,24,24,0.0
1969,ccgt,2030,83,1,1,0.0
1970,ccgt,2030,83,2,2,0.0
1971,ccgt,2030,83,3,3,0.0
1972,ccgt,2030,83,4,4,0.0
1973,ccgt,2030,83,5,5,0.0
1974,ccgt,2030,83,6,6,0.0
1975,ccgt,2030,83,7,7,0.0
1976,ccgt,2030,83,8,8,0.0
1977,ccgt,2030,83,9,9,0.0
1978,ccgt,2030,83,10,10,0.0
1979,ccgt,2030,83,11,11,0.0
1980,ccgt,2030,83,12,12,0.0
1981,ccgt,2030,83,13,13,0.0
1982,ccgt,2030,83,14,14,0.0
1983,ccgt,2030,83,15,15,0.0
1984,ccgt,2030,83,16,16,0.0
1985,ccgt,2030,83,17,17,0.0
1986,ccgt,2030,83,18,18,0.0
1987,ccgt,2030,83,19,19,0.0
1988,ccgt,2030,83,20,20,0.0
1989,ccgt,2030,83,21,21,0.0
1990,ccgt,2030,83,22,22,0.0
1991,ccgt,2030,83,23,23,0.0
1992,ccgt,2030,83,24,24,0.0
1993,ccgt,2030,84,1,1,0.0
1994,ccgt,2030,84,2,2,0.0
1995,ccgt,2030,84,3,3,0.0
1996,ccgt,2030,84,4,4,0.0
1997,ccgt,2030,84,5,5,0.0
1998,ccgt,2030,84,6,6,0.0
1999,ccgt,2030,84,7,7,0.0
2000,ccgt,2030,84,8,8,0.0
2001,ccgt,2030,84,9,9,0.0
2002,ccgt,2030,84,10,10,0.0
2003,ccgt,2030,84,11,11,0.0
2004,ccgt,2030,84,12,12,0.0
2005,ccgt,2030,84,13,13,0.0
2006,ccgt,2030,84,14,14,0.0
2007,ccgt,2030,84,15,15,0.0
2008,ccgt,2030,84,16,16,0.0
2009,ccgt,2030,84,17,17,0.0
2010,ccgt,2030,84,18,18,0.0
2011,ccgt,2030,84,19,19,0.0
2012,ccgt,2030,84,20,20,0.0
2013,ccgt,2030,84,21,21,0.0
2014,ccgt,2030,84,22,22,0.0
2015,ccgt,2030,84,23,23,0.0
2016,ccgt,2030,84,24,24,0.0
2017,ccgt,2030,85,1,1,0.0
2018,ccgt,2030,85,2,2,0.0
2019,ccgt,2030,85,3,3,0.0
2020,ccgt,2030,85,4,4,0.0
2021,ccgt,2030,85,5,5,0.0
2022,ccgt,2030,85,6,6,0.0
2023,ccgt,2030,85,7,7,0.0
2024,ccgt,2030,85,8,8,0.0
2025,ccgt,2030,85,9,9,0.0
2026,ccgt,2030,85,10,10,0.0
2027,ccgt,2030,85,11,11,0.0
2028,ccgt,2030,85,12,12,0.0
2029,ccgt,2030,85,13,13,0.0
2030,ccgt,2030,85,14,14,0.0
2031,ccgt,2030,85,15,15,0.0
2032,ccgt,2030,85,16,16,0.0
2033,ccgt,2030,85,17,17,0.0
2034,ccgt,2030,85,18,18,0.0
2035,ccgt,2030,85,19,19,0.0
2036,ccgt,2030,85,20,20,0.0
2037,ccgt,2030,85,21,21,0.0
2038,ccgt,2030,85,22,22,0.0
2039,ccgt,2030,85,23,23,0.0
2040,ccgt,2030,85,24,24,0.0
2041,ccgt,2030,86,1,1,0.0
2042,ccgt,2030,86,2,2,0.0
2043,ccgt,2030,86,3,3,0.0
2044,ccgt,2030,86,4,4,0.0
2045,ccgt,2030,86,5,5,0.0
2046,ccgt,2030,86,6,6,0.0
2047,ccgt,2030,86,7,7,0.0
2048,ccgt,2030,86,8,8,0.0
2049,ccgt,2030,86,9,9,0.0
2050,ccgt,2030,86,10,10,0.0
2051,ccgt,2030,86,11,11,0.0
2052,ccgt,2030,86,12,12,0.0
2053,ccgt,2030,86,13,13,0.0
2054,ccgt,2030,86,14,14,0.0
2055,ccgt,2030,86,15,15,0.0
2056,ccgt,2030,86,16,16,0.0
2057,ccgt,2030,86,17,17,0.0
2058,ccgt,2030,86,18,18,0.0
2059,ccgt,2030,86,19,19,0.0
2060,ccgt,2030,86,20,20,0.0
2061,ccgt,2030,86,21,21,0.0
2062,ccgt,2030,86,22,22,0.0
2063,ccgt,2030,86,23,23,0.0
2064,ccgt,2030,86,24,24,0.0
2065,ccgt,2030,87,1,1,0.0
2066,ccgt,2030,87,2,2,0.0
2067,ccgt,2030,87,3,3,0.0
2068,ccgt,2030,87,4,4,0.0
2069,ccgt,2030,87,5,5,0.0
2070,ccgt,2030,87,6,6,0.0
2071,ccgt,2030,87,7,7,0.0
2072,ccgt,2030,87,8,8,0.0
2073,ccgt,2030,87,9,9,0.0
2074,ccgt,2030,87,10,10,0.0
2075,ccgt,2030,87,11,11,0.0
2076,ccgt,2030,87,12,12,0.0
2077,ccgt,2030,87,13,13,0.0
2078,ccgt,2030,87,14,14,0.0
2079,ccgt,2030,87,15,15,0.0
2080,ccgt,2030,87,16,16,0.0
2081,ccgt,2030,87,17,17,0.0
2082,ccgt,2030,87,18,18,0.0
2083,ccgt,2030,87,19,19,0.0
2084,ccgt,2030,87,20,20,0.0
2085,ccgt,2030,87,21,21,0.0
2086,ccgt,2030,87,22,22,0.0
2087,ccgt,2030,87,23,23,0.0
2088,ccgt,2030,87,24,24,0.0
2089,ccgt,2030,88,1,1,0.0
2090,ccgt,2030,88,2,2,0.0
2091,ccgt,2030,88,3,3,0.0
2092,ccgt,2030,88,4,4,0.0
2093,ccgt,2030,88,5,5,0.0
2094,ccgt,2030,88,6,6,0.0
2095,ccgt,2030,88,7,7,0.0
2096,ccgt,2030,88,8,8,0.0
2097,ccgt,2030,88,9,9,0.0
2098,ccgt,2030,88,10,10,0.0
2099,ccgt,2030,88,11,11,0.0
2100,ccgt,2030,88,12,12,0.0
2101,ccgt,2030,88,13,13,0.0
2102,ccgt,2030,88,14,14,0.0
2103,ccgt,2030,88,15,15,0.0
2104,ccgt,2030,88,16,16,0.0
2105,ccgt,2030,88,17,17,0.0
2106,ccgt,2030,88,18,18,0.0
2107,ccgt,2030,88,19,19,0.0
2108,ccgt,2030,88,20,20,0.0
2109,ccgt,2030,88,21,21,0.0
2110,ccgt,2030,88,22,22,0.0
2111,ccgt,2030,88,23,23,0.0
2112,ccgt,2030,88,24,24,0.0
2113,ccgt,2030,89,1,1,0.0
2114,ccgt,2030,89,2,2,0.0
2115,ccgt,2030,89,3,3,0.0
2116,ccgt,2030,89,4,4,0.0
2117,ccgt,2030,89,5,5,0.0
2118,ccgt,2030,89,6,6,0.0
2119,ccgt,2030,89,7,7,0.0
2120,ccgt,2030,89,8,8,0.0
2121,ccgt,2030,89,9,9,0.0
2122,ccgt,2030,89,10,10,0.0
2123,ccgt,2030,89,11,11,0.0
2124,ccgt,2030,89,12,12,0.0
2125,ccgt,2030,89,13,13,0.0
2126,ccgt,2030,89,14,14,0.0
2127,ccgt,2030,89,15,15,0.0
2128,ccgt,2030,89,16,16,0.0
2129,ccgt,2030,89,17,17,0.0
2130,ccgt,2030,89,18,18,0.0
2131,ccgt,2030,89,19,19,0.0
2132,ccgt,2030,89,20,20,0.0
2133,ccgt,2030,89,21,21,0.0
2134,ccgt,2030,89,22,22,0.0
2135,ccgt,2030,89,23,23,0.0
2136,ccgt,2030,89,24,24,0.0
2137,ccgt,2030,90,1,1,0.0
2138,ccgt,2030,90,2,2,0.0
2139,ccgt,2030,90,3,3,0.0
2140,ccgt,2030,90,4,4,0.0
2141,ccgt,2030,90,5,5,0.0
2142,ccgt,2030,90,6,6,0.0
2143,ccgt,2030,90,7,7,0.0
2144,ccgt,2030,90,8,8,0.0
2145,ccgt,2030,90,9,9,0.0
2146,ccgt,2030,90,10,10,0.0
2147,ccgt,2030,90,11,11,0.0
2148,ccgt,2030,90,12,12,0.0
2149,ccgt,2030,90,13,13,0.0
2150,ccgt,2030,90,14,14,0.0
2151,ccgt,2030,90,15,15,0.0
2152,ccgt,2030,90,16,16,0.0
2153,ccgt,2030,90,17,17,0.0
2154,ccgt,2030,90,18,18,0.0
2155,ccgt,2030,90,19,19,0.0
2156,ccgt,2030,90,20,20,0.0
2157,ccgt,2030,90,21,21,0.0
2158,ccgt,2030,90,22,22,0.0
2159,ccgt,2030,90,23,23,0.0
2160,ccgt,2030,90,24,24,0.0
2161,ccgt,2030,91,1,1,0.0
2162,ccgt,2030,91,2,2,0.0
2163,ccgt,2030,91,3,3,0.0
2164,ccgt,2030,91,4,4,0.0
2165,ccgt,2030,91,5,5,0.0
2166,ccgt,2030,91,6,6,0.0
2167,ccgt,2030,91,7,7,0.0
2168,ccgt,2030,91,8,8,0.0
2169,ccgt,2030,91,9,9,0.0
2170,ccgt,2030,91,10,10,0.0
2171,ccgt,2030,91,11,11,0.0
2172,ccgt,2030,91,12,12,0.0
2173,ccgt,2030,91,13,13,0.0
2174,ccgt,2030,91,14,14,0.0
2175,ccgt,2030,91,15,15,0.0
2176,ccgt,2030,91,16,16,0.0
2177,ccgt,2030,91,17,17,0.0
2178,ccgt,2030,91,18,18,0.0
2179,ccgt,2030,91,19,19,-0.023198641284364982
2180,ccgt,2030,91,20,20,-0.023198641284364982
2181,ccgt,2030,91,21,21,-0.023198641284364982
2182,ccgt,2030,91,22,22,-0.023198641284364982
2183,ccgt,2030,91,23,23,0.0
2184,ccgt,2030,91,24,24,0.0
2185,ccgt,2030,92,1,1,0.0
2186,ccgt,2030,92,2,2,0.0
2187,ccgt,2030,92,3,3,0.0
2188,ccgt,2030,92,4,4,0.0
2189,ccgt,2030,92,5,5,0.0
2190,ccgt,2030,92,6,6,0.0
2191,ccgt,2030,92,7,7,0.0
2192,ccgt,2030,92,8,8,0.0
2193,ccgt,2030,92,9,9,0.0
2194,ccgt,2030,92,10,10,0.0
2195,ccgt,2030,92,11,11,0.0
2196,ccgt,2030,92,12,12,0.0
2197,ccgt,2030,92,13,13,0.0
2198,ccgt,2030,92,14,14,0.0
2199,ccgt,2030,92,15,15,0.0
2200,ccgt,2030,92,16,16,0.0
2201,ccgt,2030,92,17,17,0.0
2202,ccgt,2030,92,18,18,0.0
2203,ccgt,2030,92,19,19,0.0
2204,ccgt,2030,92,20,20,0.0
2205,ccgt,2030,92,21,21,0.0
2206,ccgt,2030,92,22,22,0.0
2207,ccgt,2030,92,23,23,0.0
2208,ccgt,2030,92,24,24,0.0
2209,ccgt,2030,93,1,1,0.0
2210,ccgt,2030,93,2,2,0.0
2211,ccgt,2030,93,3,3,0.0
2212,ccgt,2030,93,4,4,0.0
2213,ccgt,2030,93,5,5,0.0
2214,ccgt,2030,93,6,6,0.0
2215,ccgt,2030,93,7,7,0.0
2216,ccgt,2030,93,8,8,0.0
2217,ccgt,2030,93,9,9,0.0
2218,ccgt,2030,93,10,10,0.0
2219,ccgt,2030,93,11,11,0.0
2220,ccgt,2030,93,12,12,0.0
2221,ccgt,2030,93,13,13,0.0
2222,ccgt,2030,93,14,14,0.0
2223,ccgt,2030,93,15,15,0.0
2224,ccgt,2030,93,16,16,0.0
2225,ccgt,2030,93,17,17,0.0
2226,ccgt,2030,93,18,18,0.0
2227,ccgt,2030,93,19,19,0.0
2228,ccgt,2030,93,20,20,0.0
2229,ccgt,2030,93,21,21,0.0
2230,ccgt,2030,93,22,22,0.0
2231,ccgt,2030,93,23,23,0.0
2232,ccgt,2030,93,24,24,0.0
2233,ccgt,2030,94,1,1,0.0
2234,ccgt,2030,94,2,2,0.0
2235,ccgt,2030,94,3,3,0.0
2236,ccgt,2030,94,4,4,0.0
2237,ccgt,2030,94,5,5,0.0
2238,ccgt,2030,94,6,6,0.0
2239,ccgt,2030,94,7,7,0.0
2240,ccgt,2030,94,8,8,0.0
2241,ccgt,2030,94,9,9,0.0
2242,ccgt,2030,94,10,10,0.0
2243,ccgt,2030,94,11,11,0.0
2244,ccgt,2030,94,12,12,0.0
2245,ccgt,2030,94,13,13,0.0
2246,ccgt,2030,94,14,14,0.0
2247,ccgt,2030,94,15,15,0.0
2248,ccgt,2030,94,16,16,0.0
2249,ccgt,2030,94,17,17,-0.03163707802770048
2250,ccgt,2030,94,18,18,-0.03163707802770048
2251,ccgt,2030,94,19,19,-0.03163707802770048
2252,ccgt,2030,94,20,20,-0.03163707802770048
2253,ccgt,2030,94,21,21,-0.03163707802770048
2254,ccgt,2030,94,22,22,-0.03163707802770048
2255,ccgt,2030,94,23,23,-0.03163707802770048
2256,ccgt,2030,94,24,24,0.0
2257,ccgt,2030,95,1,1,0.0
2258,ccgt,2030,95,2,2,0.0
2259,ccgt,2030,95,3,3,0.0
2260,ccgt,2030,95,4,4,0.0
2261,ccgt,2030,95,5,5,0.0
2262,ccgt,2030,95,6,6,0.0
2263,ccgt,2030,95,7,7,0.0
2264,ccgt,2030,95,8,8,0.0
2265,ccgt,2030,95,9,9,0.0
2266,ccgt,2030,95,10,10,0.0
2267,ccgt,2030,95,11,11,0.0
2268,ccgt,2030,95,12,12,0.0
2269,ccgt,2030,95,13,13,0.0
2270,ccgt,2030,95,14,14,0.0
2271,ccgt,2030,95,15,15,0.0
2272,ccgt,2030,95,16,16,0.0
2273,ccgt,2030,95,17,17,0.0
2274,ccgt,2030,95,18,18,0.0
2275,ccgt,2030,95,19,19,0.0
2276,ccgt,2030,95,20,20,0.0
2277,ccgt,2030,95,21,21,0.0
2278,ccgt,2030,95,22,22,0.0
2279,ccgt,2030,95,23,23,0.0
2280,ccgt,2030,95,24,24,0.0
2281,ccgt,2030,96,1,1,0.0
2282,ccgt,2030,96,2,2,0.0
2283,ccgt,2030,96,3,3,0.0
2284,ccgt,2030,96,4,4,0.0
2285,ccgt,2030,96,5,5,0.0
2286,ccgt,2030,96,6,6,0.0
2287,ccgt,2030,96,7,7,0.0
2288,ccgt,2030,96,8,8,0.0
2289,ccgt,2030,96,9,9,0.0
2290,ccgt,2030,96,10,10,0.0
2291,ccgt,2030,96,11,11,0.0
2292,ccgt,2030,96,12,12,0.0
2293,ccgt,2030,96,13,13,0.0
2294,ccgt,2030,96,14,14,0.0
2295,ccgt,2030,96,15,15,0.0
2296,ccgt,2030,96,16,16,0.0
2297,ccgt,2030,96,17,17,0.0
2298,ccgt,2030,96,18,18,0.0
2299,ccgt,2030,96,19,19,0.0
2300,ccgt,2030,96,20,20,0.0
2301,ccgt,2030,96,21,21,0.0
2302,ccgt,2030,96,22,22,0.0
2303,ccgt,2030,96,23,23,0.0
2304,ccgt,2030,96,24,24,0.0
2305,ccgt,2030,97,1,1,0.0
2306,ccgt,2030,97,2,2,0.0
2307,ccgt,2030,97,3,3,0.0
2308,ccgt,2030,97,4,4,0.0
2309,ccgt,2030,97,5,5,0.0
2310,ccgt,2030,97,6,6,0.0
2311,ccgt,2030,97,7,7,0.0
2312,ccgt,2030,97,8,8,0.0
2313,ccgt,2030,97,9,9,0.0
2314,ccgt,2030,97,10,10,0.0
2315,ccgt,2030,97,11,11,0.0
2316,ccgt,2030,97,12,12,0.0
2317,ccgt,2030,97,13,13,0.0
2318,ccgt,2030,97,14,14,0.0
2319,ccgt,2030,97,15,15,0.0
2320,ccgt,2030,97,16,16,0.0
2321,ccgt,2030,97,17,17,0.0
2322,ccgt,2030,97,18,18,-0.010154759612535681
2323,ccgt,2030,97,19,19,-0.010154759612535681
2324,ccgt,2030,97,20,20,-0.010154759612535681
2325,ccgt,2030,97,21,21,-0.010154759612535681
2326,ccgt,2030,97,22,22,0.0
2327,ccgt,2030,97,23,23,0.0
2328,ccgt,2030,97,24,24,0.0
2329,ccgt,2030,98,1,1,0.0
2330,ccgt,2030,98,2,2,0.0
2331,ccgt,2030,98,3,3,0.0
2332,ccgt,2030,98,4,4,0.0
2333,ccgt,2030,98,5,5,0.0
2334,ccgt,2030,98,6,6,0.0
2335,ccgt,2030,98,7,7,0.0
2336,ccgt,2030,98,8,8,0.0
2337,ccgt,2030,98,9,9,0.0
2338,ccgt,2030,98,10,10,0.0
2339,ccgt,2030,98,11,11,0.0
2340,ccgt,2030,98,12,12,0.0
2341,ccgt,2030,98,13,13,0.0
2342,ccgt,2030,98,14,14,0.0
2343,ccgt,2030,98,15,15,0.0
2344,ccgt,2030,98,16,16,0.0
2345,ccgt,2030,98,17,17,0.0
2346,ccgt,2030,98,18,18,0.0
2347,ccgt,2030,98,19,19,0.0
2348,ccgt,2030,98,20,20,0.0
2349,ccgt,2030,98,21,21,0.0
2350,ccgt,2030,98,22,22,0.0
2351,ccgt,2030,98,23,23,0.0
2352,ccgt,2030,98,24,24,0.0
2353,ccgt,2030,99,1,1,-0.020234312786440195
2354,ccgt,2030,99,2,2,0.0
2355,ccgt,2030,99,3,3,0.0
2356,ccgt,2030,99,4,4,0.0
2357,ccgt,2030,99,5,5,0.0
2358,ccgt,2030,99,6,6,0.0
2359,ccgt,2030,99,7,7,-0.020234312786440195
2360,ccgt,2030,99,8,8,-0.020234312786440195
2361,ccgt,2030,99,9,9,-0.020234312786440195
2362,ccgt,2030,99,10,10,-0.020234312786440195
2363,ccgt,2030,99,11,11,-0.020234312786440195
2364,ccgt,2030,99,12,12,-0.020234312786440195
2365,ccgt,2030,99,13,13,-0.020234312786440195
2366,ccgt,2030,99,14,14,-0.020234312786440195
2367,ccgt,2030,99,15,15,-0.020234312786440195
2368,ccgt,2030,99,16,16,-0.020234312786440195
2369,ccgt,2030,99,17,17,-0.020234312786440195
2370,ccgt,2030,99,18,18,-20.183727004474093
2371,ccgt,2030,99,19,19,-20.183727004474093
2372,ccgt,2030,99,20,20,-20.183727004474093
2373,ccgt,2030,99,21,21,-20.183727004474093
2374,ccgt,2030,99,22,22,-0.020234312786440195
2375,ccgt,2030,99,23,23,-0.020234312786440195
2376,ccgt,2030,99,24,24,-0.020234312786440195
2377,ccgt,2030,100,1,1,0.0
2378,ccgt,2030,100,2,2,0.0
2379,ccgt,2030,100,3,3,0.0
2380,ccgt,2030,100,4,4,0.0
2381,ccgt,2030,100,5,5,0.0
2382,ccgt,2030,100,6,6,0.0
2383,ccgt,2030,100,7,7,0.0
2384,ccgt,2030,100,8,8,0.0
2385,ccgt,2030,100,9,9,0.0
2386,ccgt,2030,100,10,10,0.0
2387,ccgt,2030,100,11,11,0.0
2388,ccgt,2030,100,12,12,0.0
2389,ccgt,2030,100,13,13,0.0
2390,ccgt,2030,100,14,14,0.0
2391,ccgt,2030,100,15,15,0.0
2392,ccgt,2030,100,16,16,0.0
2393,ccgt,2030,100,17,17,0.0
2394,ccgt,2030,100,18,18,0.0
2395,ccgt,2030,100,19,19,0.0
2396,ccgt,2030,100,20,20,0.0
2397,ccgt,2030,100,21,21,0.0
2398,ccgt,2030,100,22,22,0.0
2399,ccgt,2030,100,23,23,0.0
2400,ccgt,2030,100,24,24,0.0
2401,ccgt,2030,101,1,1,0.0
2402,ccgt,2030,101,2,2,0.0
2403,ccgt,2030,101,3,3,0.0
2404,ccgt,2030,101,4,4,0.0
2405,ccgt,2030,101,5,5,0.0
2406,ccgt,2030,101,6,6,0.0
2407,ccgt,2030,101,7,7,0.0
2408,ccgt,2030,101,8,8,0.0
2409,ccgt,2030,101,9,9,0.0
2410,ccgt,2030,101,10,10,0.0
2411,ccgt,2030,101,11,11,0.0
2412,ccgt,2030,101,12,12,0.0
2413,ccgt,2030,101,13,13,0.0
2414,ccgt,2030,101,14,14,0.0
2415,ccgt,2030,101,15,15,0.0
2416,ccgt,2030,101,16,16,0.0
2417,ccgt,2030,101,17,17,0.0
2418,ccgt,2030,101,18,18,0.0
2419,ccgt,2030,101,19,19,0.0
2420,ccgt,2030,101,20,20,0.0
2421,ccgt,2030,101,21,21,0.0
2422,ccgt,2030,101,22,22,0.0
2423,ccgt,2030,101,23,23,0.0
2424,ccgt,2030,101,24,24,0.0
2425,ccgt,2030,102,1,1,0.0
2426,ccgt,2030,102,2,2,0.0
2427,ccgt,2030,102,3,3,0.0
2428,ccgt,2030,102,4,4,0.0
2429,ccgt,2030,102,5,5,0.0
2430,ccgt,2030,102,6,6,0.0
2431,ccgt,2030,102,7,7,0.0
2432,ccgt,2030,102,8,8,0.0
2433,ccgt,2030,102,9,9,0.0
2434,ccgt,2030,102,10,10,0.0
2435,ccgt,2030,102,11,11,0.0
2436,ccgt,2030,102,12,12,0.0
2437,ccgt,2030,102,13,13,0.0
2438,ccgt,2030,102,14,14,0.0
2439,ccgt,2030,102,15,15,0.0
2440,ccgt,2030,102,16,16,0.0
2441,ccgt,2030,102,17,17,0.0
2442,ccgt,2030,102,18,18,0.0
2443,ccgt,2030,102,19,19,0.0
2444,ccgt,2030,102,20,20,-0.07197712227351621
2445,ccgt,2030,102,21,21,-0.07197712227351621
2446,ccgt,2030,102,22,22,0.0
2447,ccgt,2030,102,23,23,0.0
2448,ccgt,2030,102,24,24,0.0
2449,ccgt,2030,103,1,1,0.0
2450,ccgt,2030,103,2,2,0.0
2451,ccgt,2030,103,3,3,0.0
2452,ccgt,2030,103,4,4,0.0
2453,ccgt,2030,103,5,5,0.0
2454,ccgt,2030,103,6,6,0.0
2455,ccgt,2030,103,7,7,-0.05055708233028644
2456,ccgt,2030,103,8,8,-0.05055708233028644
2457,ccgt,2030,103,9,9,0.0
2458,ccgt,2030,103,10,10,0.0
2459,ccgt,2030,103,11,11,0.0
2460,ccgt,2030,103,12,12,0.0
2461,ccgt,2030,103,13,13,0.0
2462,ccgt,2030,103,14,14,0.0
2463,ccgt,2030,103,15,15,0.0
2464,ccgt,2030,103,16,16,0.0
2465,ccgt,2030,103,17,17,0.0
2466,ccgt,2030,103,18,18,0.0
2467,ccgt,2030,103,19,19,0.0
2468,ccgt,2030,103,20,20,0.0
2469,ccgt,2030,103,21,21,0.0
2470,ccgt,2030,103,22,22,0.0
2471,ccgt,2030,103,23,23,0.0
2472,ccgt,2030,103,24,24,0.0
2473,ccgt,2030,104,1,1,0.0
2474,ccgt,2030,104,2,2,0.0
2475,ccgt,2030,104,3,3,0.0
2476,ccgt,2030,104,4,4,0.0
2477,ccgt,2030,104,5,5,0.0
2478,ccgt,2030,104,6,6,0.0
2479,ccgt,2030,104,7,7,0.0
2480,ccgt,2030,104,8,8,0.0
2481,ccgt,2030,104,9,9,0.0
2482,ccgt,2030,104,10,10,0.0
2483,ccgt,2030,104,11,11,0.0
2484,ccgt,2030,104,12,12,0.0
2485,ccgt,2030,104,13,13,0.0
2486,ccgt,2030,104,14,14,0.0
2487,ccgt,2030,104,15,15,0.0
2488,ccgt,2030,104,16,16,0.0
2489,ccgt,2030,104,17,17,0.0
2490,ccgt,2030,104,18,18,-0.03134120469069118
2491,ccgt,2030,104,19,19,-0.03134120469069118
2492,ccgt,2030,104,20,20,-0.03134120469069118
2493,ccgt,2030,104,21,21,-0.03134120469069118
2494,ccgt,2030,104,22,22,-0.03134120469069118
2495,ccgt,2030,104,23,23,-0.03134120469069118
2496,ccgt,2030,104,24,24,0.0
2497,ccgt,2030,105,1,1,0.0
2498,ccgt,2030,105,2,2,0.0
2499,ccgt,2030,105,3,3,0.0
2500,ccgt,2030,105,4,4,0.0
2501,ccgt,2030,105,5,5,0.0
2502,ccgt,2030,105,6,6,0.0
2503,ccgt,2030,105,7,7,0.0
2504,ccgt,2030,105,8,8,0.0
2505,ccgt,2030,105,9,9,0.0
2506,ccgt,2030,105,10,10,0.0
2507,ccgt,2030,105,11,11,0.0
2508,ccgt,2030,105,12,12,0.0
2509,ccgt,2030,105,13,13,0.0
2510,ccgt,2030,105,14,14,0.0
2511,ccgt,2030,105,15,15,0.0
2512,ccgt,2030,105,16,16,0.0
2513,ccgt,2030,105,17,17,0.0
2514,ccgt,2030,105,18,18,0.0
2515,ccgt,2030,105,19,19,0.0
2516,ccgt,2030,105,20,20,0.0
2517,ccgt,2030,105,21,21,0.0
2518,ccgt,2030,105,22,22,0.0
2519,ccgt,2030,105,23,23,0.0
2520,ccgt,2030,105,24,24,0.0
2521,ccgt,2030,106,1,1,0.0
2522,ccgt,2030,106,2,2,0.0
2523,ccgt,2030,106,3,3,0.0
2524,ccgt,2030,106,4,4,0.0
2525,ccgt,2030,106,5,5,0.0
2526,ccgt,2030,106,6,6,0.0
2527,ccgt,2030,106,7,7,0.0
2528,ccgt,2030,106,8,8,0.0
2529,ccgt,2030,106,9,9,0.0
2530,ccgt,2030,106,10,10,0.0
2531,ccgt,2030,106,11,11,0.0
2532,ccgt,2030,106,12,12,0.0
2533,ccgt,2030,106,13,13,0.0
2534,ccgt,2030,106,14,14,0.0
2535,ccgt,2030,106,15,15,0.0
2536,ccgt,2030,106,16,16,0.0
2537,ccgt,2030,106,17,17,0.0
2538,ccgt,2030,106,18,18,0.0
2539,ccgt,2030,106,19,19,0.0
2540,ccgt,2030,106,20,20,0.0
2541,ccgt,2030,106,21,21,0.0
2542,ccgt,2030,106,22,22,0.0
2543,ccgt,2030,106,23,23,0.0
2544,ccgt,2030,106,24,24,0.0
2545,ccgt,2030,107,1,1,0.0
2546,ccgt,2030,107,2,2,0.0
2547,ccgt,2030,107,3,3,0.0
2548,ccgt,2030,107,4,4,0.0
2549,ccgt,2030,107,5,5,0.0
2550,ccgt,2030,107,6,6,0.0
2551,ccgt,2030,107,7,7,0.0
2552,ccgt,2030,107,8,8,0.0
2553,ccgt,2030,107,9,9,0.0
2554,ccgt,2030,107,10,10,0.0
2555,ccgt,2030,107,11,11,0.0
2556,ccgt,2030,107,12,12,0.0
2557,ccgt,2030,107,13,13,0.0
2558,ccgt,2030,107,14,14,0.0
2559,ccgt,2030,107,15,15,0.0
2560,ccgt,2030,107,16,16,0.0
2561,ccgt,2030,107,17,17,0.0
2562,ccgt,2030,107,18,18,0.0
2563,ccgt,2030,107,19,19,0.0
2564,ccgt,2030,107,20,20,0.0
2565,ccgt,2030,107,21,21,0.0
2566,ccgt,2030,107,22,22,0.0
2567,ccgt,2030,107,23,23,0.0
2568,ccgt,2030,107,24,24,0.0
2569,ccgt,2030,108,1,1,0.0
2570,ccgt,2030,108,2,2,0.0
2571,ccgt,2030,108,3,3,0.0
2572,ccgt,2030,108,4,4,0.0
2573,ccgt,2030,108,5,5,0.0
2574,ccgt,2030,108,6,6,0.0
2575,ccgt,2030,108,7,7,0.0
2576,ccgt,2030,108,8,8,0.0
2577,ccgt,2030,108,9,9,0.0
2578,ccgt,2030,108,10,10,0.0
2579,ccgt,2030,108,11,11,0.0
2580,ccgt,2030,108,12,12,0.0
2581,ccgt,2030,108,13,13,0.0
2582,ccgt,2030,108,14,14,0.0
2583,ccgt,2030,108,15,15,0.0
2584,ccgt,2030,108,16,16,0.0
2585,ccgt,2030,108,17,17,0.0
2586,ccgt,2030,108,18,18,0.0
2587,ccgt,2030,108,19,19,0.0
2588,ccgt,2030,108,20,20,0.0
2589,ccgt,2030,108,21,21,0.0
2590,ccgt,2030,108,22,22,0.0
2591,ccgt,2030,108,23,23,0.0
2592,ccgt,2030,108,24,24,0.0
2593,ccgt,2030,109,1,1,0.0
2594,ccgt,2030,109,2,2,0.0
2595,ccgt,2030,109,3,3,0.0
2596,ccgt,2030,109,4,4,0.0
2597,ccgt,2030,109,5,5,0.0
2598,ccgt,2030,109,6,6,0.0
2599,ccgt,2030,109,7,7,0.0
2600,ccgt,2030,109,8,8,0.0
2601,ccgt,2030,109,9,9,0.0
2602,ccgt,2030,109,10,10,0.0
2603,ccgt,2030,109,11,11,0.0
2604,ccgt,2030,109,12,12,0.0
2605,ccgt,2030,109,13,13,0.0
2606,ccgt,2030,109,14,14,0.0
2607,ccgt,2030,109,15,15,0.0
2608,ccgt,2030,109,16,16,0.0
2609,ccgt,2030,109,17,17,0.0
2610,ccgt,2030,109,18,18,0.0
2611,ccgt,2030,109,19,19,0.0
2612,ccgt,2030,109,20,20,0.0
2613,ccgt,2030,109,21,21,0.0
2614,ccgt,2030,109,22,22,0.0
2615,ccgt,2030,109,23,23,0.0
2616,ccgt,2030,109,24,24,0.0
2617,ccgt,2030,110,1,1,0.0
2618,ccgt,2030,110,2,2,0.0
2619,ccgt,2030,110,3,3,0.0
2620,ccgt,2030,110,4,4,0.0
2621,ccgt,2030,110,5,5,0.0
2622,ccgt,2030,110,6,6,0.0
2623,ccgt,2030,110,7,7,0.0
2624,ccgt,2030,110,8,8,0.0
2625,ccgt,2030,110,9,9,0.0
2626,ccgt,2030,110,10,10,0.0
2627,ccgt,2030,110,11,11,0.0
2628,ccgt,2030,110,12,12,0.0
2629,ccgt,2030,110,13,13,0.0
2630,ccgt,2030,110,14,14,0.0
2631,ccgt,2030,110,15,15,0.0
2632,ccgt,2030,110,16,16,0.0
2633,ccgt,2030,110,17,17,0.0
2634,ccgt,2030,110,18,18,0.0
2635,ccgt,2030,110,19,19,0.0
2636,ccgt,2030,110,20,20,0.0
2637,ccgt,2030,110,21,21,0.0
2638,ccgt,2030,110,22,22,0.0
2639,ccgt,2030,110,23,23,0.0
2640,ccgt,2030,110,24,24,0.0
2641,ccgt,2030,111,1,1,0.0
2642,ccgt,2030,111,2,2,0.0
2643,ccgt,2030,111,3,3,0.0
2644,ccgt,2030,111,4,4,0.0
2645,ccgt,2030,111,5,5,0.0
2646,ccgt,2030,111,6,6,0.0
2647,ccgt,2030,111,7,7,0.0
2648,ccgt,2030,111,8,8,0.0
2649,ccgt,2030,111,9,9,0.0
2650,ccgt,2030,111,10,10,0.0
2651,ccgt,2030,111,11,11,0.0
2652,ccgt,2030,111,12,12,0.0
2653,ccgt,2030,111,13,13,0.0
2654,ccgt,2030,111,14,14,0.0
2655,ccgt,2030,111,15,15,0.0
2656,ccgt,2030,111,16,16,0.0
2657,ccgt,2030,111,17,17,0.0
2658,ccgt,2030,111,18,18,0.0
2659,ccgt,2030,111,19,19,-0.0508807078505521
2660,ccgt,2030,111,20,20,-0.0508807078505521
2661,ccgt,2030,111,21,21,-0.0508807078505521
2662,ccgt,2030,111,22,22,0.0
2663,ccgt,2030,111,23,23,0.0
2664,ccgt,2030,111,24,24,0.0
2665,ccgt,2030,112,1,1,0.0
2666,ccgt,2030,112,2,2,0.0
2667,ccgt,2030,112,3,3,0.0
2668,ccgt,2030,112,4,4,0.0
2669,ccgt,2030,112,5,5,0.0
2670,ccgt,2030,112,6,6,0.0
2671,ccgt,2030,112,7,7,0.0
2672,ccgt,2030,112,8,8,0.0
2673,ccgt,2030,112,9,9,0.0
2674,ccgt,2030,112,10,10,0.0
2675,ccgt,2030,112,11,11,0.0
2676,ccgt,2030,112,12,12,0.0
2677,ccgt,2030,112,13,13,0.0
2678,ccgt,2030,112,14,14,0.0
2679,ccgt,2030,112,15,15,0.0
2680,ccgt,2030,112,16,16,0.0
2681,ccgt,2030,112,17,17,0.0
2682,ccgt,2030,112,18,18,0.0
2683,ccgt,2030,112,19,19,0.0
2684,ccgt,2030,112,20,20,0.0
2685,ccgt,2030,112,21,21,0.0
2686,ccgt,2030,112,22,22,0.0
2687,ccgt,2030,112,23,23,0.0
2688,ccgt,2030,112,24,24,0.0
2689,ccgt,2030,113,1,1,0.0
2690,ccgt,2030,113,2,2,0.0
2691,ccgt,2030,113,3,3,0.0
2692,ccgt,2030,113,4,4,0.0
2693,ccgt,2030,113,5,5,0.0
2694,ccgt,2030,113,6,6,-0.018842900140031274
2695,ccgt,2030,113,7,7,-0.018842900140031274
2696,ccgt,2030,113,8,8,-0.018842900140031274
2697,ccgt,2030,113,9,9,-0.018842900140031274
2698,ccgt,2030,113,10,10,-0.018842900140031274
2699,ccgt,2030,113,11,11,-0.018842900140031274
2700,ccgt,2030,113,12,12,-0.018842900140031274
2701,ccgt,2030,113,13,13,-0.018842900140031274
2702,ccgt,2030,113,14,14,-0.018842900140031274
2703,ccgt,2030,113,15,15,-0.018842900140031274
2704,ccgt,2030,113,16,16,-0.018842900140031274
2705,ccgt,2030,113,17,17,-0.018842900140031274
2706,ccgt,2030,113,18,18,-0.018842900140031274
2707,ccgt,2030,113,19,19,-18.795792889681202
2708,ccgt,2030,113,20,20,-3.7937360760664665
2709,ccgt,2030,113,21,21,-0.018842900140031274
2710,ccgt,2030,113,22,22,-0.018842900140031274
2711,ccgt,2030,113,23,23,-0.018842900140031274
2712,ccgt,2030,113,24,24,-0.018842900140031274
2713,ccgt,2030,114,1,1,0.0
2714,ccgt,2030,114,2,2,0.0
2715,ccgt,2030,114,3,3,0.0
2716,ccgt,2030,114,4,4,0.0
2717,ccgt,2030,114,5,5,0.0
2718,ccgt,2030,114,6,6,0.0
2719,ccgt,2030,114,7,7,0.0
2720,ccgt,2030,114,8,8,0.0
2721,ccgt,2030,114,9,9,0.0
2722,ccgt,2030,114,10,10,0.0
2723,ccgt,2030,114,11,11,0.0
2724,ccgt,2030,114,12,12,0.0
2725,ccgt,2030,114,13,13,0.0
2726,ccgt,2030,114,14,14,0.0
2727,ccgt,2030,114,15,15,0.0
2728,ccgt,2030,114,16,16,0.0
2729,ccgt,2030,114,17,17,0.0
2730,ccgt,2030,114,18,18,0.0
2731,ccgt,2030,114,19,19,0.0
2732,ccgt,2030,114,20,20,0.0
2733,ccgt,2030,114,21,21,0.0
2734,ccgt,2030,114,22,22,0.0
2735,ccgt,2030,114,23,23,0.0
2736,ccgt,2030,114,24,24,0.0
2737,ccgt,2030,115,1,1,0.0
2738,ccgt,2030,115,2,2,0.0
2739,ccgt,2030,115,3,3,0.0
2740,ccgt,2030,115,4,4,0.0
2741,ccgt,2030,115,5,5,0.0
2742,ccgt,2030,115,6,6,0.0
2743,ccgt,2030,115,7,7,0.0
2744,ccgt,2030,115,8,8,0.0
2745,ccgt,2030,115,9,9,0.0
2746,ccgt,2030,115,10,10,0.0
2747,ccgt,2030,115,11,11,0.0
2748,ccgt,2030,115,12,12,0.0
2749,ccgt,2030,115,13,13,0.0
2750,ccgt,2030,115,14,14,0.0
2751,ccgt,2030,115,15,15,0.0
2752,ccgt,2030,115,16,16,0.0
2753,ccgt,2030,115,17,17,0.0
2754,ccgt,2030,115,18,18,0.0
2755,ccgt,2030,115,19,19,0.0
2756,ccgt,2030,115,20,20,0.0
2757,ccgt,2030,115,21,21,0.0
2758,ccgt,2030,115,22,22,0.0
2759,ccgt,2030,115,23,23,0.0
2760,ccgt,2030,115,24,24,0.0
2761,ccgt,2030,116,1,1,0.0
2762,ccgt,2030,116,2,2,0.0
2763,ccgt,2030,116,3,3,0.0
2764,ccgt,2030,116,4,4,0.0
2765,ccgt,2030,116,5,5,0.0
2766,ccgt,2030,116,6,6,0.0
2767,ccgt,2030,116,7,7,0.0
2768,ccgt,2030,116,8,8,0.0
2769,ccgt,2030,116,9,9,0.0
2770,ccgt,2030,116,10,10,0.0
2771,ccgt,2030,116,11,11,0.0
2772,ccgt,2030,116,12,12,0.0
2773,ccgt,2030,116,13,13,0.0
2774,ccgt,2030,116,14,14,0.0
2775,ccgt,2030,116,15,15,0.0
2776,ccgt,2030,116,16,16,0.0
2777,ccgt,2030,116,17,17,-0.10247336683141917
2778,ccgt,2030,116,18,18,-0.10247336683141917
2779,ccgt,2030,116,19,19,-0.10247336683141917
2780,ccgt,2030,116,20,20,-0.10247336683141917
2781,ccgt,2030,116,21,21,-0.10247336683141917
2782,ccgt,2030,116,22,22,-0.10247336683141917
2783,ccgt,2030,116,23,23,-0.10247336683141917
2784,ccgt,2030,116,24,24,-0.10247336683141917
2785,ccgt,2030,117,1,1,0.0
2786,ccgt,2030,117,2,2,0.0
2787,ccgt,2030,117,3,3,0.0
2788,ccgt,2030,117,4,4,0.0
2789,ccgt,2030,117,5,5,0.0
2790,ccgt,2030,117,6,6,0.0
2791,ccgt,2030,117,7,7,0.0
2792,ccgt,2030,117,8,8,0.0
2793,ccgt,2030,117,9,9,0.0
2794,ccgt,2030,117,10,10,0.0
2795,ccgt,2030,117,11,11,0.0
2796,ccgt,2030,117,12,12,0.0
2797,ccgt,2030,117,13,13,-0.027182116226184598
2798,ccgt,2030,117,14,14,-0.05373811843861154
2799,ccgt,2030,117,15,15,0.0
2800,ccgt,2030,117,16,16,-0.05373811843861154
2801,ccgt,2030,117,17,17,-0.05373811843861154
2802,ccgt,2030,117,18,18,-0.05373811843861154
2803,ccgt,2030,117,19,19,-0.05373811843861154
2804,ccgt,2030,117,20,20,-0.05373811843861154
2805,ccgt,2030,117,21,21,-0.05373811843861154
2806,ccgt,2030,117,22,22,-0.05373811843861154
2807,ccgt,2030,117,23,23,0.0
2808,ccgt,2030,117,24,24,0.0
2809,ccgt,2030,118,1,1,0.0
2810,ccgt,2030,118,2,2,0.0
2811,ccgt,2030,118,3,3,0.0
2812,ccgt,2030,118,4,4,0.0
2813,ccgt,2030,118,5,5,0.0
2814,ccgt,2030,118,6,6,0.0
2815,ccgt,2030,118,7,7,0.0
2816,ccgt,2030,118,8,8,0.0
2817,ccgt,2030,118,9,9,0.0
2818,ccgt,2030,118,10,10,0.0
2819,ccgt,2030,118,11,11,0.0
2820,ccgt,2030,118,12,12,0.0
2821,ccgt,2030,118,13,13,0.0
2822,ccgt,2030,118,14,14,0.0
2823,ccgt,2030,118,15,15,0.0
2824,ccgt,2030,118,16,16,0.0
2825,ccgt,2030,118,17,17,0.0
2826,ccgt,2030,118,18,18,0.0
2827,ccgt,2030,118,19,19,0.0
2828,ccgt,2030,118,20,20,0.0
2829,ccgt,2030,118,21,21,0.0
2830,ccgt,2030,118,22,22,0.0
2831,ccgt,2030,118,23,23,0.0
2832,ccgt,2030,118,24,24,0.0
2833,ccgt,2030,119,1,1,0.0
2834,ccgt,2030,119,2,2,0.0
2835,ccgt,2030,119,3,3,0.0
2836,ccgt,2030,119,4,4,0.0
2837,ccgt,2030,119,5,5,0.0
2838,ccgt,2030,119,6,6,0.0
2839,ccgt,2030,119,7,7,0.0
2840,ccgt,2030,119,8,8,0.0
2841,ccgt,2030,119,9,9,0.0
2842,ccgt,2030,119,10,10,0.0
2843,ccgt,2030,119,11,11,0.0
2844,ccgt,2030,119,12,12,0.0
2845,ccgt,2030,119,13,13,0.0
2846,ccgt,2030,119,14,14,0.0
2847,ccgt,2030,119,15,15,0.0
2848,ccgt,2030,119,16,16,0.0
2849,ccgt,2030,119,17,17,0.0
2850,ccgt,2030,119,18,18,0.0
2851,ccgt,2030,119,19,19,-0.1262784813059285
2852,ccgt,2030,119,20,20,-0.1262784813059285
2853,ccgt,2030,119,21,21,-0.1262784813059285
2854,ccgt,2030,119,22,22,-0.1262784813059285
2855,ccgt,2030,119,23,23,0.0
2856,ccgt,2030,119,24,24,0.0
2857,ccgt,2030,120,1,1,0.0
2858,ccgt,2030,120,2,2,0.0
2859,ccgt,2030,120,3,3,0.0
2860,ccgt,2030,120,4,4,0.0
2861,ccgt,2030,120,5,5,0.0
2862,ccgt,2030,120,6,6,0.0
2863,ccgt,2030,120,7,7,0.0
2864,ccgt,2030,120,8,8,0.0
2865,ccgt,2030,120,9,9,0.0
2866,ccgt,2030,120,10,10,0.0
2867,ccgt,2030,120,11,11,0.0
2868,ccgt,2030,120,12,12,0.0
2869,ccgt,2030,120,13,13,0.0
2870,ccgt,2030,120,14,14,0.0
2871,ccgt,2030,120,15,15,0.0
2872,ccgt,2030,120,16,16,0.0
2873,ccgt,2030,120,17,17,0.0
2874,ccgt,2030,120,18,18,0.0
2875,ccgt,2030,120,19,19,0.0
2876,ccgt,2030,120,20,20,0.0
2877,ccgt,2030,120,21,21,0.0
2878,ccgt,2030,120,22,22,0.0
2879,ccgt,2030,120,23,23,0.0
2880,ccgt,2030,120,24,24,0.0
2881,ens,2030,1,1,1,0.0
2882,ens,2030,1,2,2,0.0
2883,ens,2030,1,3,3,0.0
2884,ens,2030,1,4,4,0.0
2885,ens,2030,1,5,5,0.0
2886,ens,2030,1,6,6,0.0
2887,ens,2030,1,7,7,0.0
2888,ens,2030,1,8,8,0.0
2889,ens,2030,1,9,9,0.0
2890,ens,2030,1,10,10,0.0
2891,ens,2030,1,11,11,0.0
2892,ens,2030,1,12,12,0.0
2893,ens,2030,1,13,13,0.0
2894,ens,2030,1,14,14,0.0
2895,ens,2030,1,15,15,0.0
2896,ens,2030,1,16,16,0.0
2897,ens,2030,1,17,17,0.0
2898,ens,2030,1,18,18,0.0
2899,ens,2030,1,19,19,0.0
2900,ens,2030,1,20,20,0.0
2901,ens,2030,1,21,21,0.0
2902,ens,2030,1,22,22,0.0
2903,ens,2030,1,23,23,0.0
2904,ens,2030,1,24,24,0.0
2905,ens,2030,2,1,1,0.0
2906,ens,2030,2,2,2,0.0
2907,ens,2030,2,3,3,0.0
2908,ens,2030,2,4,4,0.0
2909,ens,2030,2,5,5,0.0
2910,ens,2030,2,6,6,0.0
2911,ens,2030,2,7,7,0.0
2912,ens,2030,2,8,8,0.0
2913,ens,2030,2,9,9,0.0
2914,ens,2030,2,10,10,0.0
2915,ens,2030,2,11,11,0.0
2916,ens,2030,2,12,12,0.0
2917,ens,2030,2,13,13,0.0
2918,ens,2030,2,14,14,0.0
2919,ens,2030,2,15,15,0.0
2920,ens,2030,2,16,16,0.0
2921,ens,2030,2,17,17,0.0
2922,ens,2030,2,18,18,0.0
2923,ens,2030,2,19,19,0.0
2924,ens,2030,2,20,20,0.0
2925,ens,2030,2,21,21,0.0
2926,ens,2030,2,22,22,0.0
2927,ens,2030,2,23,23,0.0
2928,ens,2030,2,24,24,0.0
2929,ens,2030,3,1,1,0.0
2930,ens,2030,3,2,2,0.0
2931,ens,2030,3,3,3,0.0
2932,ens,2030,3,4,4,0.0
2933,ens,2030,3,5,5,0.0
2934,ens,2030,3,6,6,0.0
2935,ens,2030,3,7,7,0.0
2936,ens,2030,3,8,8,0.0
2937,ens,2030,3,9,9,0.0
2938,ens,2030,3,10,10,0.0
2939,ens,2030,3,11,11,0.0
2940,ens,2030,3,12,12,0.0
2941,ens,2030,3,13,13,0.0
2942,ens,2030,3,14,14,0.0
2943,ens,2030,3,15,15,0.0
2944,ens,2030,3,16,16,0.0
2945,ens,2030,3,17,17,0.0
2946,ens,2030,3,18,18,0.0
2947,ens,2030,3,19,19,0.0
2948,ens,2030,3,20,20,0.0
2949,ens,2030,3,21,21,0.0
2950,ens,2030,3,22,22,0.0
2951,ens,2030,3,23,23,0.0
2952,ens,2030,3,24,24,0.0
2953,ens,2030,4,1,1,0.0
2954,ens,2030,4,2,2,0.0
2955,ens,2030,4,3,3,0.0
2956,ens,2030,4,4,4,0.0
2957,ens,2030,4,5,5,0.0
2958,ens,2030,4,6,6,0.0
2959,ens,2030,4,7,7,0.0
2960,ens,2030,4,8,8,0.0
2961,ens,2030,4,9,9,0.0
2962,ens,2030,4,10,10,0.0
2963,ens,2030,4,11,11,0.0
2964,ens,2030,4,12,12,0.0
2965,ens,2030,4,13,13,0.0
2966,ens,2030,4,14,14,0.0
2967,ens,2030,4,15,15,0.0
2968,ens,2030,4,16,16,0.0
2969,ens,2030,4,17,17,0.0
2970,ens,2030,4,18,18,0.0
2971,ens,2030,4,19,19,0.0
2972,ens,2030,4,20,20,0.0
2973,ens,2030,4,21,21,0.0
2974,ens,2030,4,22,22,0.0
2975,ens,2030,4,23,23,0.0
2976,ens,2030,4,24,24,0.0
2977,ens,2030,5,1,1,0.0
2978,ens,2030,5,2,2,0.0
2979,ens,2030,5,3,3,0.0
2980,ens,2030,5,4,4,0.0
2981,ens,2030,5,5,5,0.0
2982,ens,2030,5,6,6,0.0
2983,ens,2030,5,7,7,0.0
2984,ens,2030,5,8,8,0.0
2985,ens,2030,5,9,9,0.0
2986,ens,2030,5,10,10,0.0
2987,ens,2030,5,11,11,0.0
2988,ens,2030,5,12,12,0.0
2989,ens,2030,5,13,13,0.0
2990,ens,2030,5,14,14,0.0
2991,ens,2030,5,15,15,0.0
2992,ens,2030,5,16,16,0.0
2993,ens,2030,5,17,17,0.0
2994,ens,2030,5,18,18,0.0
2995,ens,2030,5,19,19,0.0
2996,ens,2030,5,20,20,0.0
2997,ens,2030,5,21,21,0.0
2998,ens,2030,5,22,22,0.0
2999,ens,2030,5,23,23,0.0
3000,ens,2030,5,24,24,0.0
3001,ens,2030,6,1,1,0.0
3002,ens,2030,6,2,2,0.0
3003,ens,2030,6,3,3,0.0
3004,ens,2030,6,4,4,0.0
3005,ens,2030,6,5,5,0.0
3006,ens,2030,6,6,6,0.0
3007,ens,2030,6,7,7,0.0
3008,ens,2030,6,8,8,0.0
3009,ens,2030,6,9,9,0.0
3010,ens,2030,6,10,10,0.0
3011,ens,2030,6,11,11,0.0
3012,ens,2030,6,12,12,0.0
3013,ens,2030,6,13,13,0.0
3014,ens,2030,6,14,14,0.0
3015,ens,2030,6,15,15,0.0
3016,ens,2030,6,16,16,0.0
3017,ens,2030,6,17,17,0.0
3018,ens,2030,6,18,18,0.0
3019,ens,2030,6,19,19,0.0
3020,ens,2030,6,20,20,0.0
3021,ens,2030,6,21,21,0.0
3022,ens,2030,6,22,22,0.0
3023,ens,2030,6,23,23,0.0
3024,ens,2030,6,24,24,0.0
3025,ens,2030,7,1,1,0.0
3026,ens,2030,7,2,2,0.0
3027,ens,2030,7,3,3,0.0
3028,ens,2030,7,4,4,0.0
3029,ens,2030,7,5,5,0.0
3030,ens,2030,7,6,6,0.0
3031,ens,2030,7,7,7,0.0
3032,ens,2030,7,8,8,0.0
3033,ens,2030,7,9,9,0.0
3034,ens,2030,7,10,10,0.0
3035,ens,2030,7,11,11,0.0
3036,ens,2030,7,12,12,0.0
3037,ens,2030,7,13,13,0.0
3038,ens,2030,7,14,14,0.0
3039,ens,2030,7,15,15,0.0
3040,ens,2030,7,16,16,0.0
3041,ens,2030,7,17,17,0.0
3042,ens,2030,7,18,18,0.0
3043,ens,2030,7,19,19,0.0
3044,ens,2030,7,20,20,0.0
3045,ens,2030,7,21,21,0.0
3046,ens,2030,7,22,22,0.0
3047,ens,2030,7,23,23,0.0
3048,ens,2030,7,24,24,0.0
3049,ens,2030,8,1,1,0.0
3050,ens,2030,8,2,2,0.0
3051,ens,2030,8,3,3,0.0
3052,ens,2030,8,4,4,0.0
3053,ens,2030,8,5,5,0.0
3054,ens,2030,8,6,6,0.0
3055,ens,2030,8,7,7,0.0
3056,ens,2030,8,8,8,0.0
3057,ens,2030,8,9,9,0.0
3058,ens,2030,8,10,10,0.0
3059,ens,2030,8,11,11,0.0
3060,ens,2030,8,12,12,0.0
3061,ens,2030,8,13,13,0.0
3062,ens,2030,8,14,14,0.0
3063,ens,2030,8,15,15,0.0
3064,ens,2030,8,16,16,0.0
3065,ens,2030,8,17,17,0.0
3066,ens,2030,8,18,18,0.0
3067,ens,2030,8,19,19,0.0
3068,ens,2030,8,20,20,0.0
3069,ens,2030,8,21,21,0.0
3070,ens,2030,8,22,22,0.0
3071,ens,2030,8,23,23,0.0
3072,ens,2030,8,24,24,0.0
3073,ens,2030,9,1,1,0.0
3074,ens,2030,9,2,2,0.0
3075,ens,2030,9,3,3,0.0
3076,ens,2030,9,4,4,0.0
3077,ens,2030,9,5,5,0.0
3078,ens,2030,9,6,6,0.0
3079,ens,2030,9,7,7,0.0
3080,ens,2030,9,8,8,0.0
3081,ens,2030,9,9,9,0.0
3082,ens,2030,9,10,10,0.0
3083,ens,2030,9,11,11,0.0
3084,ens,2030,9,12,12,0.0
3085,ens,2030,9,13,13,0.0
3086,ens,2030,9,14,14,0.0
3087,ens,2030,9,15,15,0.0
3088,ens,2030,9,16,16,0.0
3089,ens,2030,9,17,17,0.0
3090,ens,2030,9,18,18,0.0
3091,ens,2030,9,19,19,0.0
3092,ens,2030,9,20,20,0.0
3093,ens,2030,9,21,21,0.0
3094,ens,2030,9,22,22,0.0
3095,ens,2030,9,23,23,0.0
3096,ens,2030,9,24,24,0.0
3097,ens,2030,10,1,1,0.0
3098,ens,2030,10,2,2,0.0
3099,ens,2030,10,3,3,0.0
3100,ens,2030,10,4,4,0.0
3101,ens,2030,10,5,5,0.0
3102,ens,2030,10,6,6,0.0
3103,ens,2030,10,7,7,0.0
3104,ens,2030,10,8,8,0.0
3105,ens,2030,10,9,9,0.0
3106,ens,2030,10,10,10,0.0
3107,ens,2030,10,11,11,0.0
3108,ens,2030,10,12,12,0.0
3109,ens,2030,10,13,13,0.0
3110,ens,2030,10,14,14,0.0
3111,ens,2030,10,15,15,0.0
3112,ens,2030,10,16,16,0.0
3113,ens,2030,10,17,17,0.0
3114,ens,2030,10,18,18,0.0
3115,ens,2030,10,19,19,0.0
3116,ens,2030,10,20,20,0.0
3117,ens,2030,10,21,21,0.0
3118,ens,2030,10,22,22,0.0
3119,ens,2030,10,23,23,0.0
3120,ens,2030,10,24,24,0.0
3121,ens,2030,11,1,1,0.0
3122,ens,2030,11,2,2,0.0
3123,ens,2030,11,3,3,0.0
3124,ens,2030,11,4,4,0.0
3125,ens,2030,11,5,5,0.0
3126,ens,2030,11,6,6,0.0
3127,ens,2030,11,7,7,0.0
3128,ens,2030,11,8,8,0.0
3129,ens,2030,11,9,9,0.0
3130,ens,2030,11,10,10,0.0
3131,ens,2030,11,11,11,0.0
3132,ens,2030,11,12,12,0.0
3133,ens,2030,11,13,13,0.0
3134,ens,2030,11,14,14,0.0
3135,ens,2030,11,15,15,0.0
3136,ens,2030,11,16,16,0.0
3137,ens,2030,11,17,17,0.0
3138,ens,2030,11,18,18,0.0
3139,ens,2030,11,19,19,0.0
3140,ens,2030,11,20,20,0.0
3141,ens,2030,11,21,21,0.0
3142,ens,2030,11,22,22,0.0
3143,ens,2030,11,23,23,0.0
3144,ens,2030,11,24,24,0.0
3145,ens,2030,12,1,1,0.0
3146,ens,2030,12,2,2,0.0
3147,ens,2030,12,3,3,0.0
3148,ens,2030,12,4,4,0.0
3149,ens,2030,12,5,5,0.0
3150,ens,2030,12,6,6,0.0
3151,ens,2030,12,7,7,0.0
3152,ens,2030,12,8,8,0.0
3153,ens,2030,12,9,9,0.0
3154,ens,2030,12,10,10,0.0
3155,ens,2030,12,11,11,0.0
3156,ens,2030,12,12,12,0.0
3157,ens,2030,12,13,13,0.0
3158,ens,2030,12,14,14,0.0
3159,ens,2030,12,15,15,0.0
3160,ens,2030,12,16,16,0.0
3161,ens,2030,12,17,17,0.0
3162,ens,2030,12,18,18,0.0
3163,ens,2030,12,19,19,0.0
3164,ens,2030,12,20,20,0.0
3165,ens,2030,12,21,21,0.0
3166,ens,2030,12,22,22,0.0
3167,ens,2030,12,23,23,0.0
3168,ens,2030,12,24,24,0.0
3169,ens,2030,13,1,1,0.0
3170,ens,2030,13,2,2,0.0
3171,ens,2030,13,3,3,0.0
3172,ens,2030,13,4,4,0.0
3173,ens,2030,13,5,5,0.0
3174,ens,2030,13,6,6,0.0
3175,ens,2030,13,7,7,0.0
3176,ens,2030,13,8,8,0.0
3177,ens,2030,13,9,9,0.0
3178,ens,2030,13,10,10,0.0
3179,ens,2030,13,11,11,0.0
3180,ens,2030,13,12,12,0.0
3181,ens,2030,13,13,13,0.0
3182,ens,2030,13,14,14,0.0
3183,ens,2030,13,15,15,0.0
3184,ens,2030,13,16,16,0.0
3185,ens,2030,13,17,17,0.0
3186,ens,2030,13,18,18,0.0
3187,ens,2030,13,19,19,0.0
3188,ens,2030,13,20,20,0.0
3189,ens,2030,13,21,21,0.0
3190,ens,2030,13,22,22,0.0
3191,ens,2030,13,23,23,0.0
3192,ens,2030,13,24,24,0.0
3193,ens,2030,14,1,1,0.0
3194,ens,2030,14,2,2,0.0
3195,ens,2030,14,3,3,0.0
3196,ens,2030,14,4,4,0.0
3197,ens,2030,14,5,5,0.0
3198,ens,2030,14,6,6,0.0
3199,ens,2030,14,7,7,0.0
3200,ens,2030,14,8,8,0.0
3201,ens,2030,14,9,9,0.0
3202,ens,2030,14,10,10,0.0
3203,ens,2030,14,11,11,0.0
3204,ens,2030,14,12,12,0.0
3205,ens,2030,14,13,13,0.0
3206,ens,2030,14,14,14,0.0
3207,ens,2030,14,15,15,0.0
3208,ens,2030,14,16,16,0.0
3209,ens,2030,14,17,17,0.0
3210,ens,2030,14,18,18,0.0
3211,ens,2030,14,19,19,0.0
3212,ens,2030,14,20,20,0.0
3213,ens,2030,14,21,21,0.0
3214,ens,2030,14,22,22,0.0
3215,ens,2030,14,23,23,0.0
3216,ens,2030,14,24,24,0.0
3217,ens,2030,15,1,1,0.0
3218,ens,2030,15,2,2,0.0
3219,ens,2030,15,3,3,0.0
3220,ens,2030,15,4,4,0.0
3221,ens,2030,15,5,5,0.0
3222,ens,2030,15,6,6,0.0
3223,ens,2030,15,7,7,0.0
3224,ens,2030,15,8,8,0.0
3225,ens,2030,15,9,9,0.0
3226,ens,2030,15,10,10,0.0
3227,ens,2030,15,11,11,0.0
3228,ens,2030,15,12,12,0.0
3229,ens,2030,15,13,13,0.0
3230,ens,2030,15,14,14,0.0
3231,ens,2030,15,15,15,0.0
3232,ens,2030,15,16,16,0.0
3233,ens,2030,15,17,17,0.0
3234,ens,2030,15,18,18,0.0
3235,ens,2030,15,19,19,0.0
3236,ens,2030,15,20,20,0.0
3237,ens,2030,15,21,21,0.0
3238,ens,2030,15,22,22,0.0
3239,ens,2030,15,23,23,0.0
3240,ens,2030,15,24,24,0.0
3241,ens,2030,16,1,1,0.0
3242,ens,2030,16,2,2,0.0
3243,ens,2030,16,3,3,0.0
3244,ens,2030,16,4,4,0.0
3245,ens,2030,16,5,5,0.0
3246,ens,2030,16,6,6,0.0
3247,ens,2030,16,7,7,0.0
3248,ens,2030,16,8,8,0.0
3249,ens,2030,16,9,9,0.0
3250,ens,2030,16,10,10,0.0
3251,ens,2030,16,11,11,0.0
3252,ens,2030,16,12,12,0.0
3253,ens,2030,16,13,13,0.0
3254,ens,2030,16,14,14,0.0
3255,ens,2030,16,15,15,0.0
3256,ens,2030,16,16,16,0.0
3257,ens,2030,16,17,17,0.0
3258,ens,2030,16,18,18,0.0
3259,ens,2030,16,19,19,0.0
3260,ens,2030,16,20,20,0.0
3261,ens,2030,16,21,21,0.0
3262,ens,2030,16,22,22,0.0
3263,ens,2030,16,23,23,0.0
3264,ens,2030,16,24,24,0.0
3265,ens,2030,17,1,1,0.0
3266,ens,2030,17,2,2,0.0
3267,ens,2030,17,3,3,0.0
3268,ens,2030,17,4,4,0.0
3269,ens,2030,17,5,5,0.0
3270,ens,2030,17,6,6,0.0
3271,ens,2030,17,7,7,0.0
3272,ens,2030,17,8,8,0.0
3273,ens,2030,17,9,9,0.0
3274,ens,2030,17,10,10,0.0
3275,ens,2030,17,11,11,0.0
3276,ens,2030,17,12,12,0.0
3277,ens,2030,17,13,13,0.0
3278,ens,2030,17,14,14,0.0
3279,ens,2030,17,15,15,0.0
3280,ens,2030,17,16,16,0.0
3281,ens,2030,17,17,17,0.0
3282,ens,2030,17,18,18,0.0
3283,ens,2030,17,19,19,0.0
3284,ens,2030,17,20,20,0.0
3285,ens,2030,17,21,21,0.0
3286,ens,2030,17,22,22,0.0
3287,ens,2030,17,23,23,0.0
3288,ens,2030,17,24,24,0.0
3289,ens,2030,18,1,1,0.0
3290,ens,2030,18,2,2,0.0
3291,ens,2030,18,3,3,0.0
3292,ens,2030,18,4,4,0.0
3293,ens,2030,18,5,5,0.0
3294,ens,2030,18,6,6,0.0
3295,ens,2030,18,7,7,0.0
3296,ens,2030,18,8,8,0.0
3297,ens,2030,18,9,9,0.0
3298,ens,2030,18,10,10,0.0
3299,ens,2030,18,11,11,0.0
3300,ens,2030,18,12,12,0.0
3301,ens,2030,18,13,13,0.0
3302,ens,2030,18,14,14,0.0
3303,ens,2030,18,15,15,0.0
3304,ens,2030,18,16,16,0.0
3305,ens,2030,18,17,17,0.0
3306,ens,2030,18,18,18,0.0
3307,ens,2030,18,19,19,0.0
3308,ens,2030,18,20,20,0.0
3309,ens,2030,18,21,21,0.0
3310,ens,2030,18,22,22,0.0
3311,ens,2030,18,23,23,0.0
3312,ens,2030,18,24,24,0.0
3313,ens,2030,19,1,1,0.0
3314,ens,2030,19,2,2,0.0
3315,ens,2030,19,3,3,0.0
3316,ens,2030,19,4,4,0.0
3317,ens,2030,19,5,5,0.0
3318,ens,2030,19,6,6,0.0
3319,ens,2030,19,7,7,0.0
3320,ens,2030,19,8,8,0.0
3321,ens,2030,19,9,9,0.0
3322,ens,2030,19,10,10,0.0
3323,ens,2030,19,11,11,0.0
3324,ens,2030,19,12,12,0.0
3325,ens,2030,19,13,13,0.0
3326,ens,2030,19,14,14,0.0
3327,ens,2030,19,15,15,0.0
3328,ens,2030,19,16,16,0.0
3329,ens,2030,19,17,17,0.0
3330,ens,2030,19,18,18,0.0
3331,ens,2030,19,19,19,0.0
3332,ens,2030,19,20,20,0.0
3333,ens,2030,19,21,21,0.0
3334,ens,2030,19,22,22,0.0
3335,ens,2030,19,23,23,0.0
3336,ens,2030,19,24,24,0.0
3337,ens,2030,20,1,1,0.0
3338,ens,2030,20,2,2,0.0
3339,ens,2030,20,3,3,0.0
3340,ens,2030,20,4,4,0.0
3341,ens,2030,20,5,5,0.0
3342,ens,2030,20,6,6,0.0
3343,ens,2030,20,7,7,0.0
3344,ens,2030,20,8,8,0.0
3345,ens,2030,20,9,9,0.0
3346,ens,2030,20,10,10,0.0
3347,ens,2030,20,11,11,0.0
3348,ens,2030,20,12,12,0.0
3349,ens,2030,20,13,13,0.0
3350,ens,2030,20,14,14,0.0
3351,ens,2030,20,15,15,0.0
3352,ens,2030,20,16,16,0.0
3353,ens,2030,20,17,17,0.0
3354,ens,2030,20,18,18,0.0
3355,ens,2030,20,19,19,0.0
3356,ens,2030,20,20,20,0.0
3357,ens,2030,20,21,21,0.0
3358,ens,2030,20,22,22,0.0
3359,ens,2030,20,23,23,0.0
3360,ens,2030,20,24,24,0.0
3361,ens,2030,21,1,1,0.0
3362,ens,2030,21,2,2,0.0
3363,ens,2030,21,3,3,0.0
3364,ens,2030,21,4,4,0.0
3365,ens,2030,21,5,5,0.0
3366,ens,2030,21,6,6,0.0
3367,ens,2030,21,7,7,0.0
3368,ens,2030,21,8,8,0.0
3369,ens,2030,21,9,9,0.0
3370,ens,2030,21,10,10,0.0
3371,ens,2030,21,11,11,0.0
3372,ens,2030,21,12,12,0.0
3373,ens,2030,21,13,13,0.0
3374,ens,2030,21,14,14,0.0
3375,ens,2030,21,15,15,0.0
3376,ens,2030,21,16,16,0.0
3377,ens,2030,21,17,17,0.0
3378,ens,2030,21,18,18,0.0
3379,ens,2030,21,19,19,0.0
3380,ens,2030,21,20,20,0.0
3381,ens,2030,21,21,21,0.0
3382,ens,2030,21,22,22,0.0
3383,ens,2030,21,23,23,0.0
3384,ens,2030,21,24,24,0.0
3385,ens,2030,22,1,1,0.0
3386,ens,2030,22,2,2,0.0
3387,ens,2030,22,3,3,0.0
3388,ens,2030,22,4,4,0.0
3389,ens,2030,22,5,5,0.0
3390,ens,2030,22,6,6,0.0
3391,ens,2030,22,7,7,0.0
3392,ens,2030,22,8,8,0.0
3393,ens,2030,22,9,9,0.0
3394,ens,2030,22,10,10,0.0
3395,ens,2030,22,11,11,0.0
3396,ens,2030,22,12,12,0.0
3397,ens,2030,22,13,13,0.0
3398,ens,2030,22,14,14,0.0
3399,ens,2030,22,15,15,0.0
3400,ens,2030,22,16,16,0.0
3401,ens,2030,22,17,17,0.0
3402,ens,2030,22,18,18,0.0
3403,ens,2030,22,19,19,0.0
3404,ens,2030,22,20,20,0.0
3405,ens,2030,22,21,21,0.0
3406,ens,2030,22,22,22,0.0
3407,ens,2030,22,23,23,0.0
3408,ens,2030,22,24,24,0.0
3409,ens,2030,23,1,1,0.0
3410,ens,2030,23,2,2,0.0
3411,ens,2030,23,3,3,0.0
3412,ens,2030,23,4,4,0.0
3413,ens,2030,23,5,5,0.0
3414,ens,2030,23,6,6,0.0
3415,ens,2030,23,7,7,0.0
3416,ens,2030,23,8,8,0.0
3417,ens,2030,23,9,9,0.0
3418,ens,2030,23,10,10,0.0
3419,ens,2030,23,11,11,0.0
3420,ens,2030,23,12,12,0.0
3421,ens,2030,23,13,13,0.0
3422,ens,2030,23,14,14,0.0
3423,ens,2030,23,15,15,0.0
3424,ens,2030,23,16,16,0.0
3425,ens,2030,23,17,17,0.0
3426,ens,2030,23,18,18,0.0
3427,ens,2030,23,19,19,0.0
3428,ens,2030,23,20,20,0.0
3429,ens,2030,23,21,21,0.0
3430,ens,2030,23,22,22,0.0
3431,ens,2030,23,23,23,0.0
3432,ens,2030,23,24,24,0.0
3433,ens,2030,24,1,1,0.0
3434,ens,2030,24,2,2,0.0
3435,ens,2030,24,3,3,0.0
3436,ens,2030,24,4,4,0.0
3437,ens,2030,24,5,5,0.0
3438,ens,2030,24,6,6,0.0
3439,ens,2030,24,7,7,0.0
3440,ens,2030,24,8,8,0.0
3441,ens,2030,24,9,9,0.0
3442,ens,2030,24,10,10,0.0
3443,ens,2030,24,11,11,0.0
3444,ens,2030,24,12,12,0.0
3445,ens,2030,24,13,13,0.0
3446,ens,2030,24,14,14,0.0
3447,ens,2030,24,15,15,0.0
3448,ens,2030,24,16,16,0.0
3449,ens,2030,24,17,17,0.0
3450,ens,2030,24,18,18,0.0
3451,ens,2030,24,19,19,0.0
3452,ens,2030,24,20,20,0.0
3453,ens,2030,24,21,21,0.0
3454,ens,2030,24,22,22,0.0
3455,ens,2030,24,23,23,0.0
3456,ens,2030,24,24,24,0.0
3457,ens,2030,25,1,1,0.0
3458,ens,2030,25,2,2,0.0
3459,ens,2030,25,3,3,0.0
3460,ens,2030,25,4,4,0.0
3461,ens,2030,25,5,5,0.0
3462,ens,2030,25,6,6,0.0
3463,ens,2030,25,7,7,0.0
3464,ens,2030,25,8,8,0.0
3465,ens,2030,25,9,9,0.0
3466,ens,2030,25,10,10,0.0
3467,ens,2030,25,11,11,0.0
3468,ens,2030,25,12,12,0.0
3469,ens,2030,25,13,13,0.0
3470,ens,2030,25,14,14,0.0
3471,ens,2030,25,15,15,0.0
3472,ens,2030,25,16,16,0.0
3473,ens,2030,25,17,17,0.0
3474,ens,2030,25,18,18,0.0
3475,ens,2030,25,19,19,0.0
3476,ens,2030,25,20,20,0.0
3477,ens,2030,25,21,21,0.0
3478,ens,2030,25,22,22,0.0
3479,ens,2030,25,23,23,0.0
3480,ens,2030,25,24,24,0.0
3481,ens,2030,26,1,1,0.0
3482,ens,2030,26,2,2,0.0
3483,ens,2030,26,3,3,0.0
3484,ens,2030,26,4,4,0.0
3485,ens,2030,26,5,5,0.0
3486,ens,2030,26,6,6,0.0
3487,ens,2030,26,7,7,0.0
3488,ens,2030,26,8,8,0.0
3489,ens,2030,26,9,9,0.0
3490,ens,2030,26,10,10,0.0
3491,ens,2030,26,11,11,0.0
3492,ens,2030,26,12,12,0.0
3493,ens,2030,26,13,13,0.0
3494,ens,2030,26,14,14,0.0
3495,ens,2030,26,15,15,0.0
3496,ens,2030,26,16,16,0.0
3497,ens,2030,26,17,17,0.0
3498,ens,2030,26,18,18,0.0
3499,ens,2030,26,19,19,0.0
3500,ens,2030,26,20,20,0.0
3501,ens,2030,26,21,21,0.0
3502,ens,2030,26,22,22,0.0
3503,ens,2030,26,23,23,0.0
3504,ens,2030,26,24,24,0.0
3505,ens,2030,27,1,1,0.0
3506,ens,2030,27,2,2,0.0
3507,ens,2030,27,3,3,0.0
3508,ens,2030,27,4,4,0.0
3509,ens,2030,27,5,5,0.0
3510,ens,2030,27,6,6,0.0
3511,ens,2030,27,7,7,0.0
3512,ens,2030,27,8,8,0.0
3513,ens,2030,27,9,9,0.0
3514,ens,2030,27,10,10,0.0
3515,ens,2030,27,11,11,0.0
3516,ens,2030,27,12,12,0.0
3517,ens,2030,27,13,13,0.0
3518,ens,2030,27,14,14,0.0
3519,ens,2030,27,15,15,0.0
3520,ens,2030,27,16,16,0.0
3521,ens,2030,27,17,17,0.0
3522,ens,2030,27,18,18,0.0
3523,ens,2030,27,19,19,0.0
3524,ens,2030,27,20,20,0.0
3525,ens,2030,27,21,21,0.0
3526,ens,2030,27,22,22,0.0
3527,ens,2030,27,23,23,0.0
3528,ens,2030,27,24,24,0.0
3529,ens,2030,28,1,1,0.0
3530,ens,2030,28,2,2,0.0
3531,ens,2030,28,3,3,0.0
3532,ens,2030,28,4,4,0.0
3533,ens,2030,28,5,5,0.0
3534,ens,2030,28,6,6,0.0
3535,ens,2030,28,7,7,0.0
3536,ens,2030,28,8,8,0.0
3537,ens,2030,28,9,9,0.0
3538,ens,2030,28,10,10,0.0
3539,ens,2030,28,11,11,0.0
3540,ens,2030,28,12,12,0.0
3541,ens,2030,28,13,13,0.0
3542,ens,2030,28,14,14,0.0
3543,ens,2030,28,15,15,0.0
3544,ens,2030,28,16,16,0.0
3545,ens,2030,28,17,17,0.0
3546,ens,2030,28,18,18,0.0
3547,ens,2030,28,19,19,0.0
3548,ens,2030,28,20,20,0.0
3549,ens,2030,28,21,21,0.0
3550,ens,2030,28,22,22,0.0
3551,ens,2030,28,23,23,0.0
3552,ens,2030,28,24,24,0.0
3553,ens,2030,29,1,1,0.0
3554,ens,2030,29,2,2,0.0
3555,ens,2030,29,3,3,0.0
3556,ens,2030,29,4,4,0.0
3557,ens,2030,29,5,5,0.0
3558,ens,2030,29,6,6,0.0
3559,ens,2030,29,7,7,0.0
3560,ens,2030,29,8,8,0.0
3561,ens,2030,29,9,9,0.0
3562,ens,2030,29,10,10,0.0
3563,ens,2030,29,11,11,0.0
3564,ens,2030,29,12,12,0.0
3565,ens,2030,29,13,13,0.0
3566,ens,2030,29,14,14,0.0
3567,ens,2030,29,15,15,0.0
3568,ens,2030,29,16,16,0.0
3569,ens,2030,29,17,17,0.0
3570,ens,2030,29,18,18,0.0
3571,ens,2030,29,19,19,0.0
3572,ens,2030,29,20,20,0.0
3573,ens,2030,29,21,21,0.0
3574,ens,2030,29,22,22,0.0
3575,ens,2030,29,23,23,0.0
3576,ens,2030,29,24,24,0.0
3577,ens,2030,30,1,1,0.0
3578,ens,2030,30,2,2,0.0
3579,ens,2030,30,3,3,0.0
3580,ens,2030,30,4,4,0.0
3581,ens,2030,30,5,5,0.0
3582,ens,2030,30,6,6,0.0
3583,ens,2030,30,7,7,0.0
3584,ens,2030,30,8,8,0.0
3585,ens,2030,30,9,9,0.0
3586,ens,2030,30,10,10,0.0
3587,ens,2030,30,11,11,0.0
3588,ens,2030,30,12,12,0.0
3589,ens,2030,30,13,13,0.0
3590,ens,2030,30,14,14,0.0
3591,ens,2030,30,15,15,0.0
3592,ens,2030,30,16,16,0.0
3593,ens,2030,30,17,17,0.0
3594,ens,2030,30,18,18,0.0
3595,ens,2030,30,19,19,0.0
3596,ens,2030,30,20,20,0.0
3597,ens,2030,30,21,21,0.0
3598,ens,2030,30,22,22,0.0
3599,ens,2030,30,23,23,0.0
3600,ens,2030,30,24,24,0.0
3601,ens,2030,31,1,1,0.0
3602,ens,2030,31,2,2,0.0
3603,ens,2030,31,3,3,0.0
3604,ens,2030,31,4,4,0.0
3605,ens,2030,31,5,5,0.0
3606,ens,2030,31,6,6,0.0
3607,ens,2030,31,7,7,0.0
3608,ens,2030,31,8,8,0.0
3609,ens,2030,31,9,9,0.0
3610,ens,2030,31,10,10,0.0
3611,ens,2030,31,11,11,0.0
3612,ens,2030,31,12,12,0.0
3613,ens,2030,31,13,13,0.0
3614,ens,2030,31,14,14,0.0
3615,ens,2030,31,15,15,0.0
3616,ens,2030,31,16,16,0.0
3617,ens,2030,31,17,17,0.0
3618,ens,2030,31,18,18,0.0
3619,ens,2030,31,19,19,0.0
3620,ens,2030,31,20,20,0.0
3621,ens,2030,31,21,21,0.0
3622,ens,2030,31,22,22,0.0
3623,ens,2030,31,23,23,0.0
3624,ens,2030,31,24,24,0.0
3625,ens,2030,32,1,1,0.0
3626,ens,2030,32,2,2,0.0
3627,ens,2030,32,3,3,0.0
3628,ens,2030,32,4,4,0.0
3629,ens,2030,32,5,5,0.0
3630,ens,2030,32,6,6,0.0
3631,ens,2030,32,7,7,0.0
3632,ens,2030,32,8,8,0.0
3633,ens,2030,32,9,9,0.0
3634,ens,2030,32,10,10,0.0
3635,ens,2030,32,11,11,0.0
3636,ens,2030,32,12,12,0.0
3637,ens,2030,32,13,13,0.0
3638,ens,2030,32,14,14,0.0
3639,ens,2030,32,15,15,0.0
3640,ens,2030,32,16,16,0.0
3641,ens,2030,32,17,17,0.0
3642,ens,2030,32,18,18,0.0
3643,ens,2030,32,19,19,0.0
3644,ens,2030,32,20,20,0.0
3645,ens,2030,32,21,21,0.0
3646,ens,2030,32,22,22,0.0
3647,ens,2030,32,23,23,0.0
3648,ens,2030,32,24,24,0.0
3649,ens,2030,33,1,1,0.0
3650,ens,2030,33,2,2,0.0
3651,ens,2030,33,3,3,0.0
3652,ens,2030,33,4,4,0.0
3653,ens,2030,33,5,5,0.0
3654,ens,2030,33,6,6,0.0
3655,ens,2030,33,7,7,0.0
3656,ens,2030,33,8,8,0.0
3657,ens,2030,33,9,9,0.0
3658,ens,2030,33,10,10,0.0
3659,ens,2030,33,11,11,0.0
3660,ens,2030,33,12,12,0.0
3661,ens,2030,33,13,13,0.0
3662,ens,2030,33,14,14,0.0
3663,ens,2030,33,15,15,0.0
3664,ens,2030,33,16,16,0.0
3665,ens,2030,33,17,17,0.0
3666,ens,2030,33,18,18,0.0
3667,ens,2030,33,19,19,0.0
3668,ens,2030,33,20,20,0.0
3669,ens,2030,33,21,21,0.0
3670,ens,2030,33,22,22,0.0
3671,ens,2030,33,23,23,0.0
3672,ens,2030,33,24,24,0.0
3673,ens,2030,34,1,1,0.0
3674,ens,2030,34,2,2,0.0
3675,ens,2030,34,3,3,0.0
3676,ens,2030,34,4,4,0.0
3677,ens,2030,34,5,5,0.0
3678,ens,2030,34,6,6,0.0
3679,ens,2030,34,7,7,0.0
3680,ens,2030,34,8,8,0.0
3681,ens,2030,34,9,9,0.0
3682,ens,2030,34,10,10,0.0
3683,ens,2030,34,11,11,0.0
3684,ens,2030,34,12,12,0.0
3685,ens,2030,34,13,13,0.0
3686,ens,2030,34,14,14,0.0
3687,ens,2030,34,15,15,0.0
3688,ens,2030,34,16,16,0.0
3689,ens,2030,34,17,17,0.0
3690,ens,2030,34,18,18,0.0
3691,ens,2030,34,19,19,0.0
3692,ens,2030,34,20,20,0.0
3693,ens,2030,34,21,21,0.0
3694,ens,2030,34,22,22,0.0
3695,ens,2030,34,23,23,0.0
3696,ens,2030,34,24,24,0.0
3697,ens,2030,35,1,1,0.0
3698,ens,2030,35,2,2,0.0
3699,ens,2030,35,3,3,0.0
3700,ens,2030,35,4,4,0.0
3701,ens,2030,35,5,5,0.0
3702,ens,2030,35,6,6,0.0
3703,ens,2030,35,7,7,0.0
3704,ens,2030,35,8,8,0.0
3705,ens,2030,35,9,9,0.0
3706,ens,2030,35,10,10,0.0
3707,ens,2030,35,11,11,0.0
3708,ens,2030,35,12,12,0.0
3709,ens,2030,35,13,13,0.0
3710,ens,2030,35,14,14,0.0
3711,ens,2030,35,15,15,0.0
3712,ens,2030,35,16,16,0.0
3713,ens,2030,35,17,17,0.0
3714,ens,2030,35,18,18,0.0
3715,ens,2030,35,19,19,0.0
3716,ens,2030,35,20,20,0.0
3717,ens,2030,35,21,21,0.0
3718,ens,2030,35,22,22,0.0
3719,ens,2030,35,23,23,0.0
3720,ens,2030,35,24,24,0.0
3721,ens,2030,36,1,1,0.0
3722,ens,2030,36,2,2,0.0
3723,ens,2030,36,3,3,0.0
3724,ens,2030,36,4,4,0.0
3725,ens,2030,36,5,5,0.0
3726,ens,2030,36,6,6,0.0
3727,ens,2030,36,7,7,0.0
3728,ens,2030,36,8,8,0.0
3729,ens,2030,36,9,9,0.0
3730,ens,2030,36,10,10,0.0
3731,ens,2030,36,11,11,0.0
3732,ens,2030,36,12,12,0.0
3733,ens,2030,36,13,13,0.0
3734,ens,2030,36,14,14,0.0
3735,ens,2030,36,15,15,0.0
3736,ens,2030,36,16,16,0.0
3737,ens,2030,36,17,17,0.0
3738,ens,2030,36,18,18,0.0
3739,ens,2030,36,19,19,0.0
3740,ens,2030,36,20,20,0.0
3741,ens,2030,36,21,21,0.0
3742,ens,2030,36,22,22,0.0
3743,ens,2030,36,23,23,0.0
3744,ens,2030,36,24,24,0.0
3745,ens,2030,37,1,1,0.0
3746,ens,2030,37,2,2,0.0
3747,ens,2030,37,3,3,0.0
3748,ens,2030,37,4,4,0.0
3749,ens,2030,37,5,5,0.0
3750,ens,2030,37,6,6,0.0
3751,ens,2030,37,7,7,0.0
3752,ens,2030,37,8,8,0.0
3753,ens,2030,37,9,9,0.0
3754,ens,2030,37,10,10,0.0
3755,ens,2030,37,11,11,0.0
3756,ens,2030,37,12,12,0.0
3757,ens,2030,37,13,13,0.0
3758,ens,2030,37,14,14,0.0
3759,ens,2030,37,15,15,0.0
3760,ens,2030,37,16,16,0.0
3761,ens,2030,37,17,17,0.0
3762,ens,2030,37,18,18,0.0
3763,ens,2030,37,19,19,0.0
3764,ens,2030,37,20,20,0.0
3765,ens,2030,37,21,21,0.0
3766,ens,2030,37,22,22,0.0
3767,ens,2030,37,23,23,0.0
3768,ens,2030,37,24,24,0.0
3769,ens,2030,38,1,1,0.0
3770,ens,2030,38,2,2,0.0
3771,ens,2030,38,3,3,0.0
3772,ens,2030,38,4,4,0.0
3773,ens,2030,38,5,5,0.0
3774,ens,2030,38,6,6,0.0
3775,ens,2030,38,7,7,0.0
3776,ens,2030,38,8,8,0.0
3777,ens,2030,38,9,9,0.0
3778,ens,2030,38,10,10,0.0
3779,ens,2030,38,11,11,0.0
3780,ens,2030,38,12,12,0.0
3781,ens,2030,38,13,13,0.0
3782,ens,2030,38,14,14,0.0
3783,ens,2030,38,15,15,0.0
3784,ens,2030,38,16,16,0.0
3785,ens,2030,38,17,17,0.0
3786,ens,2030,38,18,18,0.0
3787,ens,2030,38,19,19,0.0
3788,ens,2030,38,20,20,0.0
3789,ens,2030,38,21,21,0.0
3790,ens,2030,38,22,22,0.0
3791,ens,2030,38,23,23,0.0
3792,ens,2030,38,24,24,0.0
3793,ens,2030,39,1,1,0.0
3794,ens,2030,39,2,2,0.0
3795,ens,2030,39,3,3,0.0
3796,ens,2030,39,4,4,0.0
3797,ens,2030,39,5,5,0.0
3798,ens,2030,39,6,6,0.0
3799,ens,2030,39,7,7,0.0
3800,ens,2030,39,8,8,0.0
3801,ens,2030,39,9,9,0.0
3802,ens,2030,39,10,10,0.0
3803,ens,2030,39,11,11,0.0
3804,ens,2030,39,12,12,0.0
3805,ens,2030,39,13,13,0.0
3806,ens,2030,39,14,14,0.0
3807,ens,2030,39,15,15,0.0
3808,ens,2030,39,16,16,0.0
3809,ens,2030,39,17,17,0.0
3810,ens,2030,39,18,18,0.0
3811,ens,2030,39,19,19,0.0
3812,ens,2030,39,20,20,0.0
3813,ens,2030,39,21,21,0.0
3814,ens,2030,39,22,22,0.0
3815,ens,2030,39,23,23,0.0
3816,ens,2030,39,24,24,0.0
3817,ens,2030,40,1,1,0.0
3818,ens,2030,40,2,2,0.0
3819,ens,2030,40,3,3,0.0
3820,ens,2030,40,4,4,0.0
3821,ens,2030,40,5,5,0.0
3822,ens,2030,40,6,6,0.0
3823,ens,2030,40,7,7,0.0
3824,ens,2030,40,8,8,0.0
3825,ens,2030,40,9,9,0.0
3826,ens,2030,40,10,10,0.0
3827,ens,2030,40,11,11,0.0
3828,ens,2030,40,12,12,0.0
3829,ens,2030,40,13,13,0.0
3830,ens,2030,40,14,14,0.0
3831,ens,2030,40,15,15,0.0
3832,ens,2030,40,16,16,0.0
3833,ens,2030,40,17,17,0.0
3834,ens,2030,40,18,18,0.0
3835,ens,2030,40,19,19,0.0
3836,ens,2030,40,20,20,0.0
3837,ens,2030,40,21,21,0.0
3838,ens,2030,40,22,22,0.0
3839,ens,2030,40,23,23,0.0
3840,ens,2030,40,24,24,0.0
3841,ens,2030,41,1,1,0.0
3842,ens,2030,41,2,2,0.0
3843,ens,2030,41,3,3,0.0
3844,ens,2030,41,4,4,0.0
3845,ens,2030,41,5,5,0.0
3846,ens,2030,41,6,6,0.0
3847,ens,2030,41,7,7,0.0
3848,ens,2030,41,8,8,0.0
3849,ens,2030,41,9,9,0.0
3850,ens,2030,41,10,10,0.0
3851,ens,2030,41,11,11,0.0
3852,ens,2030,41,12,12,0.0
3853,ens,2030,41,13,13,0.0
3854,ens,2030,41,14,14,0.0
3855,ens,2030,41,15,15,0.0
3856,ens,2030,41,16,16,0.0
3857,ens,2030,41,17,17,0.0
3858,ens,2030,41,18,18,0.0
3859,ens,2030,41,19,19,0.0
3860,ens,2030,41,20,20,0.0
3861,ens,2030,41,21,21,0.0
3862,ens,2030,41,22,22,0.0
3863,ens,2030,41,23,23,0.0
3864,ens,2030,41,24,24,0.0
3865,ens,2030,42,1,1,0.0
3866,ens,2030,42,2,2,0.0
3867,ens,2030,42,3,3,0.0
3868,ens,2030,42,4,4,0.0
3869,ens,2030,42,5,5,0.0
3870,ens,2030,42,6,6,0.0
3871,ens,2030,42,7,7,0.0
3872,ens,2030,42,8,8,0.0
3873,ens,2030,42,9,9,0.0
3874,ens,2030,42,10,10,0.0
3875,ens,2030,42,11,11,0.0
3876,ens,2030,42,12,12,0.0
3877,ens,2030,42,13,13,0.0
3878,ens,2030,42,14,14,0.0
3879,ens,2030,42,15,15,0.0
3880,ens,2030,42,16,16,0.0
3881,ens,2030,42,17,17,0.0
3882,ens,2030,42,18,18,0.0
3883,ens,2030,42,19,19,0.0
3884,ens,2030,42,20,20,0.0
3885,ens,2030,42,21,21,0.0
3886,ens,2030,42,22,22,0.0
3887,ens,2030,42,23,23,0.0
3888,ens,2030,42,24,24,0.0
3889,ens,2030,43,1,1,0.0
3890,ens,2030,43,2,2,0.0
3891,ens,2030,43,3,3,0.0
3892,ens,2030,43,4,4,0.0
3893,ens,2030,43,5,5,0.0
3894,ens,2030,43,6,6,0.0
3895,ens,2030,43,7,7,0.0
3896,ens,2030,43,8,8,0.0
3897,ens,2030,43,9,9,0.0
3898,ens,2030,43,10,10,0.0
3899,ens,2030,43,11,11,0.0
3900,ens,2030,43,12,12,0.0
3901,ens,2030,43,13,13,0.0
3902,ens,2030,43,14,14,0.0
3903,ens,2030,43,15,15,0.0
3904,ens,2030,43,16,16,0.0
3905,ens,2030,43,17,17,0.0
3906,ens,2030,43,18,18,0.0
3907,ens,2030,43,19,19,0.0
3908,ens,2030,43,20,20,0.0
3909,ens,2030,43,21,21,0.0
3910,ens,2030,43,22,22,0.0
3911,ens,2030,43,23,23,0.0
3912,ens,2030,43,24,24,0.0
3913,ens,2030,44,1,1,0.0
3914,ens,2030,44,2,2,0.0
3915,ens,2030,44,3,3,0.0
3916,ens,2030,44,4,4,0.0
3917,ens,2030,44,5,5,0.0
3918,ens,2030,44,6,6,0.0
3919,ens,2030,44,7,7,0.0
3920,ens,2030,44,8,8,0.0
3921,ens,2030,44,9,9,0.0
3922,ens,2030,44,10,10,0.0
3923,ens,2030,44,11,11,0.0
3924,ens,2030,44,12,12,0.0
3925,ens,2030,44,13,13,0.0
3926,ens,2030,44,14,14,0.0
3927,ens,2030,44,15,15,0.0
3928,ens,2030,44,16,16,0.0
3929,ens,2030,44,17,17,0.0
3930,ens,2030,44,18,18,0.0
3931,ens,2030,44,19,19,0.0
3932,ens,2030,44,20,20,0.0
3933,ens,2030,44,21,21,0.0
3934,ens,2030,44,22,22,0.0
3935,ens,2030,44,23,23,0.0
3936,ens,2030,44,24,24,0.0
3937,ens,2030,45,1,1,0.0
3938,ens,2030,45,2,2,0.0
3939,ens,2030,45,3,3,0.0
3940,ens,2030,45,4,4,0.0
3941,ens,2030,45,5,5,0.0
3942,ens,2030,45,6,6,0.0
3943,ens,2030,45,7,7,0.0
3944,ens,2030,45,8,8,0.0
3945,ens,2030,45,9,9,0.0
3946,ens,2030,45,10,10,0.0
3947,ens,2030,45,11,11,0.0
3948,ens,2030,45,12,12,0.0
3949,ens,2030,45,13,13,0.0
3950,ens,2030,45,14,14,0.0
3951,ens,2030,45,15,15,0.0
3952,ens,2030,45,16,16,0.0
3953,ens,2030,45,17,17,0.0
3954,ens,2030,45,18,18,0.0
3955,ens,2030,45,19,19,0.0
3956,ens,2030,45,20,20,0.0
3957,ens,2030,45,21,21,0.0
3958,ens,2030,45,22,22,0.0
3959,ens,2030,45,23,23,0.0
3960,ens,2030,45,24,24,0.0
3961,ens,2030,46,1,1,0.0
3962,ens,2030,46,2,2,0.0
3963,ens,2030,46,3,3,0.0
3964,ens,2030,46,4,4,0.0
3965,ens,2030,46,5,5,0.0
3966,ens,2030,46,6,6,0.0
3967,ens,2030,46,7,7,0.0
3968,ens,2030,46,8,8,0.0
3969,ens,2030,46,9,9,0.0
3970,ens,2030,46,10,10,0.0
3971,ens,2030,46,11,11,0.0
3972,ens,2030,46,12,12,0.0
3973,ens,2030,46,13,13,0.0
3974,ens,2030,46,14,14,0.0
3975,ens,2030,46,15,15,0.0
3976,ens,2030,46,16,16,0.0
3977,ens,2030,46,17,17,0.0
3978,ens,2030,46,18,18,0.0
3979,ens,2030,46,19,19,0.0
3980,ens,2030,46,20,20,0.0
3981,ens,2030,46,21,21,0.0
3982,ens,2030,46,22,22,0.0
3983,ens,2030,46,23,23,0.0
3984,ens,2030,46,24,24,0.0
3985,ens,2030,47,1,1,0.0
3986,ens,2030,47,2,2,0.0
3987,ens,2030,47,3,3,0.0
3988,ens,2030,47,4,4,0.0
3989,ens,2030,47,5,5,0.0
3990,ens,2030,47,6,6,0.0
3991,ens,2030,47,7,7,0.0
3992,ens,2030,47,8,8,0.0
3993,ens,2030,47,9,9,0.0
3994,ens,2030,47,10,10,0.0
3995,ens,2030,47,11,11,0.0
3996,ens,2030,47,12,12,0.0
3997,ens,2030,47,13,13,0.0
3998,ens,2030,47,14,14,0.0
3999,ens,2030,47,15,15,0.0
4000,ens,2030,47,16,16,0.0
4001,ens,2030,47,17,17,0.0
4002,ens,2030,47,18,18,0.0
4003,ens,2030,47,19,19,0.0
4004,ens,2030,47,20,20,0.0
4005,ens,2030,47,21,21,0.0
4006,ens,2030,47,22,22,0.0
4007,ens,2030,47,23,23,0.0
4008,ens,2030,47,24,24,0.0
4009,ens,2030,48,1,1,0.0
4010,ens,2030,48,2,2,0.0
4011,ens,2030,48,3,3,0.0
4012,ens,2030,48,4,4,0.0
4013,ens,2030,48,5,5,0.0
4014,ens,2030,48,6,6,0.0
4015,ens,2030,48,7,7,0.0
4016,ens,2030,48,8,8,0.0
4017,ens,2030,48,9,9,0.0
4018,ens,2030,48,10,10,0.0
4019,ens,2030,48,11,11,0.0
4020,ens,2030,48,12,12,0.0
4021,ens,2030,48,13,13,0.0
4022,ens,2030,48,14,14,0.0
4023,ens,2030,48,15,15,0.0
4024,ens,2030,48,16,16,0.0
4025,ens,2030,48,17,17,0.0
4026,ens,2030,48,18,18,0.0
4027,ens,2030,48,19,19,0.0
4028,ens,2030,48,20,20,0.0
4029,ens,2030,48,21,21,0.0
4030,ens,2030,48,22,22,0.0
4031,ens,2030,48,23,23,0.0
4032,ens,2030,48,24,24,0.0
4033,ens,2030,49,1,1,0.0
4034,ens,2030,49,2,2,0.0
4035,ens,2030,49,3,3,0.0
4036,ens,2030,49,4,4,0.0
4037,ens,2030,49,5,5,0.0
4038,ens,2030,49,6,6,0.0
4039,ens,2030,49,7,7,0.0
4040,ens,2030,49,8,8,0.0
4041,ens,2030,49,9,9,0.0
4042,ens,2030,49,10,10,0.0
4043,ens,2030,49,11,11,0.0
4044,ens,2030,49,12,12,0.0
4045,ens,2030,49,13,13,0.0
4046,ens,2030,49,14,14,0.0
4047,ens,2030,49,15,15,0.0
4048,ens,2030,49,16,16,0.0
4049,ens,2030,49,17,17,0.0
4050,ens,2030,49,18,18,0.0
4051,ens,2030,49,19,19,0.0
4052,ens,2030,49,20,20,0.0
4053,ens,2030,49,21,21,0.0
4054,ens,2030,49,22,22,0.0
4055,ens,2030,49,23,23,0.0
4056,ens,2030,49,24,24,0.0
4057,ens,2030,50,1,1,0.0
4058,ens,2030,50,2,2,0.0
4059,ens,2030,50,3,3,0.0
4060,ens,2030,50,4,4,0.0
4061,ens,2030,50,5,5,0.0
4062,ens,2030,50,6,6,0.0
4063,ens,2030,50,7,7,0.0
4064,ens,2030,50,8,8,0.0
4065,ens,2030,50,9,9,0.0
4066,ens,2030,50,10,10,0.0
4067,ens,2030,50,11,11,0.0
4068,ens,2030,50,12,12,0.0
4069,ens,2030,50,13,13,0.0
4070,ens,2030,50,14,14,0.0
4071,ens,2030,50,15,15,0.0
4072,ens,2030,50,16,16,0.0
4073,ens,2030,50,17,17,0.0
4074,ens,2030,50,18,18,0.0
4075,ens,2030,50,19,19,0.0
4076,ens,2030,50,20,20,0.0
4077,ens,2030,50,21,21,0.0
4078,ens,2030,50,22,22,0.0
4079,ens,2030,50,23,23,0.0
4080,ens,2030,50,24,24,0.0
4081,ens,2030,51,1,1,0.0
4082,ens,2030,51,2,2,0.0
4083,ens,2030,51,3,3,0.0
4084,ens,2030,51,4,4,0.0
4085,ens,2030,51,5,5,0.0
4086,ens,2030,51,6,6,0.0
4087,ens,2030,51,7,7,0.0
4088,ens,2030,51,8,8,0.0
4089,ens,2030,51,9,9,0.0
4090,ens,2030,51,10,10,0.0
4091,ens,2030,51,11,11,0.0
4092,ens,2030,51,12,12,0.0
4093,ens,2030,51,13,13,0.0
4094,ens,2030,51,14,14,0.0
4095,ens,2030,51,15,15,0.0
4096,ens,2030,51,16,16,0.0
4097,ens,2030,51,17,17,0.0
4098,ens,2030,51,18,18,0.0
4099,ens,2030,51,19,19,0.0
4100,ens,2030,51,20,20,0.0
4101,ens,2030,51,21,21,0.0
4102,ens,2030,51,22,22,0.0
4103,ens,2030,51,23,23,0.0
4104,ens,2030,51,24,24,0.0
4105,ens,2030,52,1,1,0.0
4106,ens,2030,52,2,2,0.0
4107,ens,2030,52,3,3,0.0
4108,ens,2030,52,4,4,0.0
4109,ens,2030,52,5,5,0.0
4110,ens,2030,52,6,6,0.0
4111,ens,2030,52,7,7,0.0
4112,ens,2030,52,8,8,0.0
4113,ens,2030,52,9,9,0.0
4114,ens,2030,52,10,10,0.0
4115,ens,2030,52,11,11,0.0
4116,ens,2030,52,12,12,0.0
4117,ens,2030,52,13,13,0.0
4118,ens,2030,52,14,14,0.0
4119,ens,2030,52,15,15,0.0
4120,ens,2030,52,16,16,0.0
4121,ens,2030,52,17,17,0.0
4122,ens,2030,52,18,18,0.0
4123,ens,2030,52,19,19,0.0
4124,ens,2030,52,20,20,0.0
4125,ens,2030,52,21,21,0.0
4126,ens,2030,52,22,22,0.0
4127,ens,2030,52,23,23,0.0
4128,ens,2030,52,24,24,0.0
4129,ens,2030,53,1,1,0.0
4130,ens,2030,53,2,2,0.0
4131,ens,2030,53,3,3,0.0
4132,ens,2030,53,4,4,0.0
4133,ens,2030,53,5,5,0.0
4134,ens,2030,53,6,6,0.0
4135,ens,2030,53,7,7,0.0
4136,ens,2030,53,8,8,0.0
4137,ens,2030,53,9,9,0.0
4138,ens,2030,53,10,10,0.0
4139,ens,2030,53,11,11,0.0
4140,ens,2030,53,12,12,0.0
4141,ens,2030,53,13,13,0.0
4142,ens,2030,53,14,14,0.0
4143,ens,2030,53,15,15,0.0
4144,ens,2030,53,16,16,0.0
4145,ens,2030,53,17,17,0.0
4146,ens,2030,53,18,18,0.0
4147,ens,2030,53,19,19,0.0
4148,ens,2030,53,20,20,0.0
4149,ens,2030,53,21,21,0.0
4150,ens,2030,53,22,22,0.0
4151,ens,2030,53,23,23,0.0
4152,ens,2030,53,24,24,0.0
4153,ens,2030,54,1,1,0.0
4154,ens,2030,54,2,2,0.0
4155,ens,2030,54,3,3,0.0
4156,ens,2030,54,4,4,0.0
4157,ens,2030,54,5,5,0.0
4158,ens,2030,54,6,6,0.0
4159,ens,2030,54,7,7,0.0
4160,ens,2030,54,8,8,0.0
4161,ens,2030,54,9,9,0.0
4162,ens,2030,54,10,10,0.0
4163,ens,2030,54,11,11,0.0
4164,ens,2030,54,12,12,0.0
4165,ens,2030,54,13,13,0.0
4166,ens,2030,54,14,14,0.0
4167,ens,2030,54,15,15,0.0
4168,ens,2030,54,16,16,0.0
4169,ens,2030,54,17,17,0.0
4170,ens,2030,54,18,18,0.0
4171,ens,2030,54,19,19,0.0
4172,ens,2030,54,20,20,0.0
4173,ens,2030,54,21,21,0.0
4174,ens,2030,54,22,22,0.0
4175,ens,2030,54,23,23,0.0
4176,ens,2030,54,24,24,0.0
4177,ens,2030,55,1,1,0.0
4178,ens,2030,55,2,2,0.0
4179,ens,2030,55,3,3,0.0
4180,ens,2030,55,4,4,0.0
4181,ens,2030,55,5,5,0.0
4182,ens,2030,55,6,6,0.0
4183,ens,2030,55,7,7,0.0
4184,ens,2030,55,8,8,0.0
4185,ens,2030,55,9,9,0.0
4186,ens,2030,55,10,10,0.0
4187,ens,2030,55,11,11,0.0
4188,ens,2030,55,12,12,0.0
4189,ens,2030,55,13,13,0.0
4190,ens,2030,55,14,14,0.0
4191,ens,2030,55,15,15,0.0
4192,ens,2030,55,16,16,0.0
4193,ens,2030,55,17,17,0.0
4194,ens,2030,55,18,18,0.0
4195,ens,2030,55,19,19,0.0
4196,ens,2030,55,20,20,0.0
4197,ens,2030,55,21,21,0.0
4198,ens,2030,55,22,22,0.0
4199,ens,2030,55,23,23,0.0
4200,ens,2030,55,24,24,0.0
4201,ens,2030,56,1,1,0.0
4202,ens,2030,56,2,2,0.0
4203,ens,2030,56,3,3,0.0
4204,ens,2030,56,4,4,0.0
4205,ens,2030,56,5,5,0.0
4206,ens,2030,56,6,6,0.0
4207,ens,2030,56,7,7,0.0
4208,ens,2030,56,8,8,0.0
4209,ens,2030,56,9,9,0.0
4210,ens,2030,56,10,10,0.0
4211,ens,2030,56,11,11,0.0
4212,ens,2030,56,12,12,0.0
4213,ens,2030,56,13,13,0.0
4214,ens,2030,56,14,14,0.0
4215,ens,2030,56,15,15,0.0
4216,ens,2030,56,16,16,0.0
4217,ens,2030,56,17,17,0.0
4218,ens,2030,56,18,18,0.0
4219,ens,2030,56,19,19,0.0
4220,ens,2030,56,20,20,0.0
4221,ens,2030,56,21,21,0.0
4222,ens,2030,56,22,22,0.0
4223,ens,2030,56,23,23,0.0
4224,ens,2030,56,24,24,0.0
4225,ens,2030,57,1,1,0.0
4226,ens,2030,57,2,2,0.0
4227,ens,2030,57,3,3,0.0
4228,ens,2030,57,4,4,0.0
4229,ens,2030,57,5,5,0.0
4230,ens,2030,57,6,6,0.0
4231,ens,2030,57,7,7,0.0
4232,ens,2030,57,8,8,0.0
4233,ens,2030,57,9,9,0.0
4234,ens,2030,57,10,10,0.0
4235,ens,2030,57,11,11,0.0
4236,ens,2030,57,12,12,0.0
4237,ens,2030,57,13,13,0.0
4238,ens,2030,57,14,14,0.0
4239,ens,2030,57,15,15,0.0
4240,ens,2030,57,16,16,0.0
4241,ens,2030,57,17,17,0.0
4242,ens,2030,57,18,18,0.0
4243,ens,2030,57,19,19,0.0
4244,ens,2030,57,20,20,0.0
4245,ens,2030,57,21,21,0.0
4246,ens,2030,57,22,22,0.0
4247,ens,2030,57,23,23,0.0
4248,ens,2030,57,24,24,0.0
4249,ens,2030,58,1,1,0.0
4250,ens,2030,58,2,2,0.0
4251,ens,2030,58,3,3,0.0
4252,ens,2030,58,4,4,0.0
4253,ens,2030,58,5,5,0.0
4254,ens,2030,58,6,6,0.0
4255,ens,2030,58,7,7,0.0
4256,ens,2030,58,8,8,0.0
4257,ens,2030,58,9,9,0.0
4258,ens,2030,58,10,10,0.0
4259,ens,2030,58,11,11,0.0
4260,ens,2030,58,12,12,0.0
4261,ens,2030,58,13,13,0.0
4262,ens,2030,58,14,14,0.0
4263,ens,2030,58,15,15,0.0
4264,ens,2030,58,16,16,0.0
4265,ens,2030,58,17,17,0.0
4266,ens,2030,58,18,18,0.0
4267,ens,2030,58,19,19,0.0
4268,ens,2030,58,20,20,0.0
4269,ens,2030,58,21,21,0.0
4270,ens,2030,58,22,22,0.0
4271,ens,2030,58,23,23,0.0
4272,ens,2030,58,24,24,0.0
4273,ens,2030,59,1,1,0.0
4274,ens,2030,59,2,2,0.0
4275,ens,2030,59,3,3,0.0
4276,ens,2030,59,4,4,0.0
4277,ens,2030,59,5,5,0.0
4278,ens,2030,59,6,6,0.0
4279,ens,2030,59,7,7,0.0
4280,ens,2030,59,8,8,0.0
4281,ens,2030,59,9,9,0.0
4282,ens,2030,59,10,10,0.0
4283,ens,2030,59,11,11,0.0
4284,ens,2030,59,12,12,0.0
4285,ens,2030,59,13,13,0.0
4286,ens,2030,59,14,14,0.0
4287,ens,2030,59,15,15,0.0
4288,ens,2030,59,16,16,0.0
4289,ens,2030,59,17,17,0.0
4290,ens,2030,59,18,18,0.0
4291,ens,2030,59,19,19,0.0
4292,ens,2030,59,20,20,0.0
4293,ens,2030,59,21,21,0.0
4294,ens,2030,59,22,22,0.0
4295,ens,2030,59,23,23,0.0
4296,ens,2030,59,24,24,0.0
4297,ens,2030,60,1,1,0.0
4298,ens,2030,60,2,2,0.0
4299,ens,2030,60,3,3,0.0
4300,ens,2030,60,4,4,0.0
4301,ens,2030,60,5,5,0.0
4302,ens,2030,60,6,6,0.0
4303,ens,2030,60,7,7,0.0
4304,ens,2030,60,8,8,0.0
4305,ens,2030,60,9,9,0.0
4306,ens,2030,60,10,10,0.0
4307,ens,2030,60,11,11,0.0
4308,ens,2030,60,12,12,0.0
4309,ens,2030,60,13,13,0.0
4310,ens,2030,60,14,14,0.0
4311,ens,2030,60,15,15,0.0
4312,ens,2030,60,16,16,0.0
4313,ens,2030,60,17,17,0.0
4314,ens,2030,60,18,18,0.0
4315,ens,2030,60,19,19,0.0
4316,ens,2030,60,20,20,0.0
4317,ens,2030,60,21,21,0.0
4318,ens,2030,60,22,22,0.0
4319,ens,2030,60,23,23,0.0
4320,ens,2030,60,24,24,0.0
4321,ens,2030,61,1,1,0.0
4322,ens,2030,61,2,2,0.0
4323,ens,2030,61,3,3,0.0
4324,ens,2030,61,4,4,0.0
4325,ens,2030,61,5,5,0.0
4326,ens,2030,61,6,6,0.0
4327,ens,2030,61,7,7,0.0
4328,ens,2030,61,8,8,0.0
4329,ens,2030,61,9,9,0.0
4330,ens,2030,61,10,10,0.0
4331,ens,2030,61,11,11,0.0
4332,ens,2030,61,12,12,0.0
4333,ens,2030,61,13,13,0.0
4334,ens,2030,61,14,14,0.0
4335,ens,2030,61,15,15,0.0
4336,ens,2030,61,16,16,0.0
4337,ens,2030,61,17,17,0.0
4338,ens,2030,61,18,18,0.0
4339,ens,2030,61,19,19,0.0
4340,ens,2030,61,20,20,0.0
4341,ens,2030,61,21,21,0.0
4342,ens,2030,61,22,22,0.0
4343,ens,2030,61,23,23,0.0
4344,ens,2030,61,24,24,0.0
4345,ens,2030,62,1,1,0.0
4346,ens,2030,62,2,2,0.0
4347,ens,2030,62,3,3,0.0
4348,ens,2030,62,4,4,0.0
4349,ens,2030,62,5,5,0.0
4350,ens,2030,62,6,6,0.0
4351,ens,2030,62,7,7,0.0
4352,ens,2030,62,8,8,0.0
4353,ens,2030,62,9,9,0.0
4354,ens,2030,62,10,10,0.0
4355,ens,2030,62,11,11,0.0
4356,ens,2030,62,12,12,0.0
4357,ens,2030,62,13,13,0.0
4358,ens,2030,62,14,14,0.0
4359,ens,2030,62,15,15,0.0
4360,ens,2030,62,16,16,0.0
4361,ens,2030,62,17,17,0.0
4362,ens,2030,62,18,18,0.0
4363,ens,2030,62,19,19,0.0
4364,ens,2030,62,20,20,0.0
4365,ens,2030,62,21,21,0.0
4366,ens,2030,62,22,22,0.0
4367,ens,2030,62,23,23,0.0
4368,ens,2030,62,24,24,0.0
4369,ens,2030,63,1,1,0.0
4370,ens,2030,63,2,2,0.0
4371,ens,2030,63,3,3,0.0
4372,ens,2030,63,4,4,0.0
4373,ens,2030,63,5,5,0.0
4374,ens,2030,63,6,6,0.0
4375,ens,2030,63,7,7,0.0
4376,ens,2030,63,8,8,0.0
4377,ens,2030,63,9,9,0.0
4378,ens,2030,63,10,10,0.0
4379,ens,2030,63,11,11,0.0
4380,ens,2030,63,12,12,0.0
4381,ens,2030,63,13,13,0.0
4382,ens,2030,63,14,14,0.0
4383,ens,2030,63,15,15,0.0
4384,ens,2030,63,16,16,0.0
4385,ens,2030,63,17,17,0.0
4386,ens,2030,63,18,18,0.0
4387,ens,2030,63,19,19,0.0
4388,ens,2030,63,20,20,0.0
4389,ens,2030,63,21,21,0.0
4390,ens,2030,63,22,22,0.0
4391,ens,2030,63,23,23,0.0
4392,ens,2030,63,24,24,0.0
4393,ens,2030,64,1,1,0.0
4394,ens,2030,64,2,2,0.0
4395,ens,2030,64,3,3,0.0
4396,ens,2030,64,4,4,0.0
4397,ens,2030,64,5,5,0.0
4398,ens,2030,64,6,6,0.0
4399,ens,2030,64,7,7,0.0
4400,ens,2030,64,8,8,0.0
4401,ens,2030,64,9,9,0.0
4402,ens,2030,64,10,10,0.0
4403,ens,2030,64,11,11,0.0
4404,ens,2030,64,12,12,0.0
4405,ens,2030,64,13,13,0.0
4406,ens,2030,64,14,14,0.0
4407,ens,2030,64,15,15,0.0
4408,ens,2030,64,16,16,0.0
4409,ens,2030,64,17,17,0.0
4410,ens,2030,64,18,18,0.0
4411,ens,2030,64,19,19,0.0
4412,ens,2030,64,20,20,0.0
4413,ens,2030,64,21,21,0.0
4414,ens,2030,64,22,22,0.0
4415,ens,2030,64,23,23,0.0
4416,ens,2030,64,24,24,0.0
4417,ens,2030,65,1,1,0.0
4418,ens,2030,65,2,2,0.0
4419,ens,2030,65,3,3,0.0
4420,ens,2030,65,4,4,0.0
4421,ens,2030,65,5,5,0.0
4422,ens,2030,65,6,6,0.0
4423,ens,2030,65,7,7,0.0
4424,ens,2030,65,8,8,0.0
4425,ens,2030,65,9,9,0.0
4426,ens,2030,65,10,10,0.0
4427,ens,2030,65,11,11,0.0
4428,ens,2030,65,12,12,0.0
4429,ens,2030,65,13,13,0.0
4430,ens,2030,65,14,14,0.0
4431,ens,2030,65,15,15,0.0
4432,ens,2030,65,16,16,0.0
4433,ens,2030,65,17,17,0.0
4434,ens,2030,65,18,18,0.0
4435,ens,2030,65,19,19,0.0
4436,ens,2030,65,20,20,0.0
4437,ens,2030,65,21,21,0.0
4438,ens,2030,65,22,22,0.0
4439,ens,2030,65,23,23,0.0
4440,ens,2030,65,24,24,0.0
4441,ens,2030,66,1,1,0.0
4442,ens,2030,66,2,2,0.0
4443,ens,2030,66,3,3,0.0
4444,ens,2030,66,4,4,0.0
4445,ens,2030,66,5,5,0.0
4446,ens,2030,66,6,6,0.0
4447,ens,2030,66,7,7,0.0
4448,ens,2030,66,8,8,0.0
4449,ens,2030,66,9,9,0.0
4450,ens,2030,66,10,10,0.0
4451,ens,2030,66,11,11,0.0
4452,ens,2030,66,12,12,0.0
4453,ens,2030,66,13,13,0.0
4454,ens,2030,66,14,14,0.0
4455,ens,2030,66,15,15,0.0
4456,ens,2030,66,16,16,0.0
4457,ens,2030,66,17,17,0.0
4458,ens,2030,66,18,18,0.0
4459,ens,2030,66,19,19,0.0
4460,ens,2030,66,20,20,0.0
4461,ens,2030,66,21,21,0.0
4462,ens,2030,66,22,22,0.0
4463,ens,2030,66,23,23,0.0
4464,ens,2030,66,24,24,0.0
4465,ens,2030,67,1,1,0.0
4466,ens,2030,67,2,2,0.0
4467,ens,2030,67,3,3,0.0
4468,ens,2030,67,4,4,0.0
4469,ens,2030,67,5,5,0.0
4470,ens,2030,67,6,6,0.0
4471,ens,2030,67,7,7,0.0
4472,ens,2030,67,8,8,0.0
4473,ens,2030,67,9,9,0.0
4474,ens,2030,67,10,10,0.0
4475,ens,2030,67,11,11,0.0
4476,ens,2030,67,12,12,0.0
4477,ens,2030,67,13,13,0.0
4478,ens,2030,67,14,14,0.0
4479,ens,2030,67,15,15,0.0
4480,ens,2030,67,16,16,0.0
4481,ens,2030,67,17,17,0.0
4482,ens,2030,67,18,18,0.0
4483,ens,2030,67,19,19,0.0
4484,ens,2030,67,20,20,0.0
4485,ens,2030,67,21,21,0.0
4486,ens,2030,67,22,22,0.0
4487,ens,2030,67,23,23,0.0
4488,ens,2030,67,24,24,0.0
4489,ens,2030,68,1,1,0.0
4490,ens,2030,68,2,2,0.0
4491,ens,2030,68,3,3,0.0
4492,ens,2030,68,4,4,0.0
4493,ens,2030,68,5,5,0.0
4494,ens,2030,68,6,6,0.0
4495,ens,2030,68,7,7,0.0
4496,ens,2030,68,8,8,0.0
4497,ens,2030,68,9,9,0.0
4498,ens,2030,68,10,10,0.0
4499,ens,2030,68,11,11,0.0
4500,ens,2030,68,12,12,0.0
4501,ens,2030,68,13,13,0.0
4502,ens,2030,68,14,14,0.0
4503,ens,2030,68,15,15,0.0
4504,ens,2030,68,16,16,0.0
4505,ens,2030,68,17,17,0.0
4506,ens,2030,68,18,18,0.0
4507,ens,2030,68,19,19,0.0
4508,ens,2030,68,20,20,0.0
4509,ens,2030,68,21,21,0.0
4510,ens,2030,68,22,22,0.0
4511,ens,2030,68,23,23,0.0
4512,ens,2030,68,24,24,0.0
4513,ens,2030,69,1,1,0.0
4514,ens,2030,69,2,2,0.0
4515,ens,2030,69,3,3,0.0
4516,ens,2030,69,4,4,0.0
4517,ens,2030,69,5,5,0.0
4518,ens,2030,69,6,6,0.0
4519,ens,2030,69,7,7,0.0
4520,ens,2030,69,8,8,0.0
4521,ens,2030,69,9,9,0.0
4522,ens,2030,69,10,10,0.0
4523,ens,2030,69,11,11,0.0
4524,ens,2030,69,12,12,0.0
4525,ens,2030,69,13,13,0.0
4526,ens,2030,69,14,14,0.0
4527,ens,2030,69,15,15,0.0
4528,ens,2030,69,16,16,0.0
4529,ens,2030,69,17,17,0.0
4530,ens,2030,69,18,18,0.0
4531,ens,2030,69,19,19,0.0
4532,ens,2030,69,20,20,0.0
4533,ens,2030,69,21,21,0.0
4534,ens,2030,69,22,22,0.0
4535,ens,2030,69,23,23,0.0
4536,ens,2030,69,24,24,0.0
4537,ens,2030,70,1,1,0.0
4538,ens,2030,70,2,2,0.0
4539,ens,2030,70,3,3,0.0
4540,ens,2030,70,4,4,0.0
4541,ens,2030,70,5,5,0.0
4542,ens,2030,70,6,6,0.0
4543,ens,2030,70,7,7,0.0
4544,ens,2030,70,8,8,0.0
4545,ens,2030,70,9,9,0.0
4546,ens,2030,70,10,10,0.0
4547,ens,2030,70,11,11,0.0
4548,ens,2030,70,12,12,0.0
4549,ens,2030,70,13,13,0.0
4550,ens,2030,70,14,14,0.0
4551,ens,2030,70,15,15,0.0
4552,ens,2030,70,16,16,0.0
4553,ens,2030,70,17,17,0.0
4554,ens,2030,70,18,18,0.0
4555,ens,2030,70,19,19,0.0
4556,ens,2030,70,20,20,0.0
4557,ens,2030,70,21,21,0.0
4558,ens,2030,70,22,22,0.0
4559,ens,2030,70,23,23,0.0
4560,ens,2030,70,24,24,0.0
4561,ens,2030,71,1,1,0.0
4562,ens,2030,71,2,2,0.0
4563,ens,2030,71,3,3,0.0
4564,ens,2030,71,4,4,0.0
4565,ens,2030,71,5,5,0.0
4566,ens,2030,71,6,6,0.0
4567,ens,2030,71,7,7,0.0
4568,ens,2030,71,8,8,0.0
4569,ens,2030,71,9,9,0.0
4570,ens,2030,71,10,10,0.0
4571,ens,2030,71,11,11,0.0
4572,ens,2030,71,12,12,0.0
4573,ens,2030,71,13,13,0.0
4574,ens,2030,71,14,14,0.0
4575,ens,2030,71,15,15,0.0
4576,ens,2030,71,16,16,0.0
4577,ens,2030,71,17,17,0.0
4578,ens,2030,71,18,18,0.0
4579,ens,2030,71,19,19,0.0
4580,ens,2030,71,20,20,0.0
4581,ens,2030,71,21,21,0.0
4582,ens,2030,71,22,22,0.0
4583,ens,2030,71,23,23,0.0
4584,ens,2030,71,24,24,0.0
4585,ens,2030,72,1,1,0.0
4586,ens,2030,72,2,2,0.0
4587,ens,2030,72,3,3,0.0
4588,ens,2030,72,4,4,0.0
4589,ens,2030,72,5,5,0.0
4590,ens,2030,72,6,6,0.0
4591,ens,2030,72,7,7,0.0
4592,ens,2030,72,8,8,0.0
4593,ens,2030,72,9,9,0.0
4594,ens,2030,72,10,10,0.0
4595,ens,2030,72,11,11,0.0
4596,ens,2030,72,12,12,0.0
4597,ens,2030,72,13,13,0.0
4598,ens,2030,72,14,14,0.0
4599,ens,2030,72,15,15,0.0
4600,ens,2030,72,16,16,0.0
4601,ens,2030,72,17,17,0.0
4602,ens,2030,72,18,18,0.0
4603,ens,2030,72,19,19,0.0
4604,ens,2030,72,20,20,0.0
4605,ens,2030,72,21,21,0.0
4606,ens,2030,72,22,22,0.0
4607,ens,2030,72,23,23,0.0
4608,ens,2030,72,24,24,0.0
4609,ens,2030,73,1,1,0.0
4610,ens,2030,73,2,2,0.0
4611,ens,2030,73,3,3,0.0
4612,ens,2030,73,4,4,0.0
4613,ens,2030,73,5,5,0.0
4614,ens,2030,73,6,6,0.0
4615,ens,2030,73,7,7,0.0
4616,ens,2030,73,8,8,0.0
4617,ens,2030,73,9,9,0.0
4618,ens,2030,73,10,10,0.0
4619,ens,2030,73,11,11,0.0
4620,ens,2030,73,12,12,0.0
4621,ens,2030,73,13,13,0.0
4622,ens,2030,73,14,14,0.0
4623,ens,2030,73,15,15,0.0
4624,ens,2030,73,16,16,0.0
4625,ens,2030,73,17,17,0.0
4626,ens,2030,73,18,18,0.0
4627,ens,2030,73,19,19,0.0
4628,ens,2030,73,20,20,0.0
4629,ens,2030,73,21,21,0.0
4630,ens,2030,73,22,22,0.0
4631,ens,2030,73,23,23,0.0
4632,ens,2030,73,24,24,0.0
4633,ens,2030,74,1,1,0.0
4634,ens,2030,74,2,2,0.0
4635,ens,2030,74,3,3,0.0
4636,ens,2030,74,4,4,0.0
4637,ens,2030,74,5,5,0.0
4638,ens,2030,74,6,6,0.0
4639,ens,2030,74,7,7,0.0
4640,ens,2030,74,8,8,0.0
4641,ens,2030,74,9,9,0.0
4642,ens,2030,74,10,10,0.0
4643,ens,2030,74,11,11,0.0
4644,ens,2030,74,12,12,0.0
4645,ens,2030,74,13,13,0.0
4646,ens,2030,74,14,14,0.0
4647,ens,2030,74,15,15,0.0
4648,ens,2030,74,16,16,0.0
4649,ens,2030,74,17,17,0.0
4650,ens,2030,74,18,18,0.0
4651,ens,2030,74,19,19,0.0
4652,ens,2030,74,20,20,0.0
4653,ens,2030,74,21,21,0.0
4654,ens,2030,74,22,22,0.0
4655,ens,2030,74,23,23,0.0
4656,ens,2030,74,24,24,0.0
4657,ens,2030,75,1,1,0.0
4658,ens,2030,75,2,2,0.0
4659,ens,2030,75,3,3,0.0
4660,ens,2030,75,4,4,0.0
4661,ens,2030,75,5,5,0.0
4662,ens,2030,75,6,6,0.0
4663,ens,2030,75,7,7,0.0
4664,ens,2030,75,8,8,0.0
4665,ens,2030,75,9,9,0.0
4666,ens,2030,75,10,10,0.0
4667,ens,2030,75,11,11,0.0
4668,ens,2030,75,12,12,0.0
4669,ens,2030,75,13,13,0.0
4670,ens,2030,75,14,14,0.0
4671,ens,2030,75,15,15,0.0
4672,ens,2030,75,16,16,0.0
4673,ens,2030,75,17,17,0.0
4674,ens,2030,75,18,18,0.0
4675,ens,2030,75,19,19,0.0
4676,ens,2030,75,20,20,0.0
4677,ens,2030,75,21,21,0.0
4678,ens,2030,75,22,22,0.0
4679,ens,2030,75,23,23,0.0
4680,ens,2030,75,24,24,0.0
4681,ens,2030,76,1,1,0.0
4682,ens,2030,76,2,2,0.0
4683,ens,2030,76,3,3,0.0
4684,ens,2030,76,4,4,0.0
4685,ens,2030,76,5,5,0.0
4686,ens,2030,76,6,6,0.0
4687,ens,2030,76,7,7,0.0
4688,ens,2030,76,8,8,0.0
4689,ens,2030,76,9,9,0.0
4690,ens,2030,76,10,10,0.0
4691,ens,2030,76,11,11,0.0
4692,ens,2030,76,12,12,0.0
4693,ens,2030,76,13,13,0.0
4694,ens,2030,76,14,14,0.0
4695,ens,2030,76,15,15,0.0
4696,ens,2030,76,16,16,0.0
4697,ens,2030,76,17,17,0.0
4698,ens,2030,76,18,18,0.0
4699,ens,2030,76,19,19,0.0
4700,ens,2030,76,20,20,0.0
4701,ens,2030,76,21,21,0.0
4702,ens,2030,76,22,22,0.0
4703,ens,2030,76,23,23,0.0
4704,ens,2030,76,24,24,0.0
4705,ens,2030,77,1,1,0.0
4706,ens,2030,77,2,2,0.0
4707,ens,2030,77,3,3,0.0
4708,ens,2030,77,4,4,0.0
4709,ens,2030,77,5,5,0.0
4710,ens,2030,77,6,6,0.0
4711,ens,2030,77,7,7,0.0
4712,ens,2030,77,8,8,0.0
4713,ens,2030,77,9,9,0.0
4714,ens,2030,77,10,10,0.0
4715,ens,2030,77,11,11,0.0
4716,ens,2030,77,12,12,0.0
4717,ens,2030,77,13,13,0.0
4718,ens,2030,77,14,14,0.0
4719,ens,2030,77,15,15,0.0
4720,ens,2030,77,16,16,0.0
4721,ens,2030,77,17,17,0.0
4722,ens,2030,77,18,18,0.0
4723,ens,2030,77,19,19,0.0
4724,ens,2030,77,20,20,0.0
4725,ens,2030,77,21,21,0.0
4726,ens,2030,77,22,22,0.0
4727,ens,2030,77,23,23,0.0
4728,ens,2030,77,24,24,0.0
4729,ens,2030,78,1,1,0.0
4730,ens,2030,78,2,2,0.0
4731,ens,2030,78,3,3,0.0
4732,ens,2030,78,4,4,0.0
4733,ens,2030,78,5,5,0.0
4734,ens,2030,78,6,6,0.0
4735,ens,2030,78,7,7,0.0
4736,ens,2030,78,8,8,0.0
4737,ens,2030,78,9,9,0.0
4738,ens,2030,78,10,10,0.0
4739,ens,2030,78,11,11,0.0
4740,ens,2030,78,12,12,0.0
4741,ens,2030,78,13,13,0.0
4742,ens,2030,78,14,14,0.0
4743,ens,2030,78,15,15,0.0
4744,ens,2030,78,16,16,0.0
4745,ens,2030,78,17,17,0.0
4746,ens,2030,78,18,18,0.0
4747,ens,2030,78,19,19,0.0
4748,ens,2030,78,20,20,0.0
4749,ens,2030,78,21,21,0.0
4750,ens,2030,78,22,22,0.0
4751,ens,2030,78,23,23,0.0
4752,ens,2030,78,24,24,0.0
4753,ens,2030,79,1,1,0.0
4754,ens,2030,79,2,2,0.0
4755,ens,2030,79,3,3,0.0
4756,ens,2030,79,4,4,0.0
4757,ens,2030,79,5,5,0.0
4758,ens,2030,79,6,6,0.0
4759,ens,2030,79,7,7,0.0
4760,ens,2030,79,8,8,0.0
4761,ens,2030,79,9,9,0.0
4762,ens,2030,79,10,10,0.0
4763,ens,2030,79,11,11,0.0
4764,ens,2030,79,12,12,0.0
4765,ens,2030,79,13,13,0.0
4766,ens,2030,79,14,14,0.0
4767,ens,2030,79,15,15,0.0
4768,ens,2030,79,16,16,0.0
4769,ens,2030,79,17,17,0.0
4770,ens,2030,79,18,18,0.0
4771,ens,2030,79,19,19,0.0
4772,ens,2030,79,20,20,0.0
4773,ens,2030,79,21,21,0.0
4774,ens,2030,79,22,22,0.0
4775,ens,2030,79,23,23,0.0
4776,ens,2030,79,24,24,0.0
4777,ens,2030,80,1,1,0.0
4778,ens,2030,80,2,2,0.0
4779,ens,2030,80,3,3,0.0
4780,ens,2030,80,4,4,0.0
4781,ens,2030,80,5,5,0.0
4782,ens,2030,80,6,6,0.0
4783,ens,2030,80,7,7,0.0
4784,ens,2030,80,8,8,0.0
4785,ens,2030,80,9,9,0.0
4786,ens,2030,80,10,10,0.0
4787,ens,2030,80,11,11,0.0
4788,ens,2030,80,12,12,0.0
4789,ens,2030,80,13,13,0.0
4790,ens,2030,80,14,14,0.0
4791,ens,2030,80,15,15,0.0
4792,ens,2030,80,16,16,0.0
4793,ens,2030,80,17,17,0.0
4794,ens,2030,80,18,18,0.0
4795,ens,2030,80,19,19,0.0
4796,ens,2030,80,20,20,0.0
4797,ens,2030,80,21,21,0.0
4798,ens,2030,80,22,22,0.0
4799,ens,2030,80,23,23,0.0
4800,ens,2030,80,24,24,0.0
4801,ens,2030,81,1,1,0.0
4802,ens,2030,81,2,2,0.0
4803,ens,2030,81,3,3,0.0
4804,ens,2030,81,4,4,0.0
4805,ens,2030,81,5,5,0.0
4806,ens,2030,81,6,6,0.0
4807,ens,2030,81,7,7,0.0
4808,ens,2030,81,8,8,0.0
4809,ens,2030,81,9,9,0.0
4810,ens,2030,81,10,10,0.0
4811,ens,2030,81,11,11,0.0
4812,ens,2030,81,12,12,0.0
4813,ens,2030,81,13,13,0.0
4814,ens,2030,81,14,14,0.0
4815,ens,2030,81,15,15,0.0
4816,ens,2030,81,16,16,0.0
4817,ens,2030,81,17,17,0.0
4818,ens,2030,81,18,18,0.0
4819,ens,2030,81,19,19,0.0
4820,ens,2030,81,20,20,0.0
4821,ens,2030,81,21,21,0.0
4822,ens,2030,81,22,22,0.0
4823,ens,2030,81,23,23,0.0
4824,ens,2030,81,24,24,0.0
4825,ens,2030,82,1,1,0.0
4826,ens,2030,82,2,2,0.0
4827,ens,2030,82,3,3,0.0
4828,ens,2030,82,4,4,0.0
4829,ens,2030,82,5,5,0.0
4830,ens,2030,82,6,6,0.0
4831,ens,2030,82,7,7,0.0
4832,ens,2030,82,8,8,0.0
4833,ens,2030,82,9,9,0.0
4834,ens,2030,82,10,10,0.0
4835,ens,2030,82,11,11,0.0
4836,ens,2030,82,12,12,0.0
4837,ens,2030,82,13,13,0.0
4838,ens,2030,82,14,14,0.0
4839,ens,2030,82,15,15,0.0
4840,ens,2030,82,16,16,0.0
4841,ens,2030,82,17,17,0.0
4842,ens,2030,82,18,18,0.0
4843,ens,2030,82,19,19,0.0
4844,ens,2030,82,20,20,0.0
4845,ens,2030,82,21,21,0.0
4846,ens,2030,82,22,22,0.0
4847,ens,2030,82,23,23,0.0
4848,ens,2030,82,24,24,0.0
4849,ens,2030,83,1,1,0.0
4850,ens,2030,83,2,2,0.0
4851,ens,2030,83,3,3,0.0
4852,ens,2030,83,4,4,0.0
4853,ens,2030,83,5,5,0.0
4854,ens,2030,83,6,6,0.0
4855,ens,2030,83,7,7,0.0
4856,ens,2030,83,8,8,0.0
4857,ens,2030,83,9,9,0.0
4858,ens,2030,83,10,10,0.0
4859,ens,2030,83,11,11,0.0
4860,ens,2030,83,12,12,0.0
4861,ens,2030,83,13,13,0.0
4862,ens,2030,83,14,14,0.0
4863,ens,2030,83,15,15,0.0
4864,ens,2030,83,16,16,0.0
4865,ens,2030,83,17,17,0.0
4866,ens,2030,83,18,18,0.0
4867,ens,2030,83,19,19,0.0
4868,ens,2030,83,20,20,0.0
4869,ens,2030,83,21,21,0.0
4870,ens,2030,83,22,22,0.0
4871,ens,2030,83,23,23,0.0
4872,ens,2030,83,24,24,0.0
4873,ens,2030,84,1,1,0.0
4874,ens,2030,84,2,2,0.0
4875,ens,2030,84,3,3,0.0
4876,ens,2030,84,4,4,0.0
4877,ens,2030,84,5,5,0.0
4878,ens,2030,84,6,6,0.0
4879,ens,2030,84,7,7,0.0
4880,ens,2030,84,8,8,0.0
4881,ens,2030,84,9,9,0.0
4882,ens,2030,84,10,10,0.0
4883,ens,2030,84,11,11,0.0
4884,ens,2030,84,12,12,0.0
4885,ens,2030,84,13,13,0.0
4886,ens,2030,84,14,14,0.0
4887,ens,2030,84,15,15,0.0
4888,ens,2030,84,16,16,0.0
4889,ens,2030,84,17,17,0.0
4890,ens,2030,84,18,18,0.0
4891,ens,2030,84,19,19,0.0
4892,ens,2030,84,20,20,0.0
4893,ens,2030,84,21,21,0.0
4894,ens,2030,84,22,22,0.0
4895,ens,2030,84,23,23,0.0
4896,ens,2030,84,24,24,0.0
4897,ens,2030,85,1,1,0.0
4898,ens,2030,85,2,2,0.0
4899,ens,2030,85,3,3,0.0
4900,ens,2030,85,4,4,0.0
4901,ens,2030,85,5,5,0.0
4902,ens,2030,85,6,6,0.0
4903,ens,2030,85,7,7,0.0
4904,ens,2030,85,8,8,0.0
4905,ens,2030,85,9,9,0.0
4906,ens,2030,85,10,10,0.0
4907,ens,2030,85,11,11,0.0
4908,ens,2030,85,12,12,0.0
4909,ens,2030,85,13,13,0.0
4910,ens,2030,85,14,14,0.0
4911,ens,2030,85,15,15,0.0
4912,ens,2030,85,16,16,0.0
4913,ens,2030,85,17,17,0.0
4914,ens,2030,85,18,18,0.0
4915,ens,2030,85,19,19,0.0
4916,ens,2030,85,20,20,0.0
4917,ens,2030,85,21,21,0.0
4918,ens,2030,85,22,22,0.0
4919,ens,2030,85,23,23,0.0
4920,ens,2030,85,24,24,0.0
4921,ens,2030,86,1,1,0.0
4922,ens,2030,86,2,2,0.0
4923,ens,2030,86,3,3,0.0
4924,ens,2030,86,4,4,0.0
4925,ens,2030,86,5,5,0.0
4926,ens,2030,86,6,6,0.0
4927,ens,2030,86,7,7,0.0
4928,ens,2030,86,8,8,0.0
4929,ens,2030,86,9,9,0.0
4930,ens,2030,86,10,10,0.0
4931,ens,2030,86,11,11,0.0
4932,ens,2030,86,12,12,0.0
4933,ens,2030,86,13,13,0.0
4934,ens,2030,86,14,14,0.0
4935,ens,2030,86,15,15,0.0
4936,ens,2030,86,16,16,0.0
4937,ens,2030,86,17,17,0.0
4938,ens,2030,86,18,18,0.0
4939,ens,2030,86,19,19,0.0
4940,ens,2030,86,20,20,0.0
4941,ens,2030,86,21,21,0.0
4942,ens,2030,86,22,22,0.0
4943,ens,2030,86,23,23,0.0
4944,ens,2030,86,24,24,0.0
4945,ens,2030,87,1,1,0.0
4946,ens,2030,87,2,2,0.0
4947,ens,2030,87,3,3,0.0
4948,ens,2030,87,4,4,0.0
4949,ens,2030,87,5,5,0.0
4950,ens,2030,87,6,6,0.0
4951,ens,2030,87,7,7,0.0
4952,ens,2030,87,8,8,0.0
4953,ens,2030,87,9,9,0.0
4954,ens,2030,87,10,10,0.0
4955,ens,2030,87,11,11,0.0
4956,ens,2030,87,12,12,0.0
4957,ens,2030,87,13,13,0.0
4958,ens,2030,87,14,14,0.0
4959,ens,2030,87,15,15,0.0
4960,ens,2030,87,16,16,0.0
4961,ens,2030,87,17,17,0.0
4962,ens,2030,87,18,18,0.0
4963,ens,2030,87,19,19,0.0
4964,ens,2030,87,20,20,0.0
4965,ens,2030,87,21,21,0.0
4966,ens,2030,87,22,22,0.0
4967,ens,2030,87,23,23,0.0
4968,ens,2030,87,24,24,0.0
4969,ens,2030,88,1,1,0.0
4970,ens,2030,88,2,2,0.0
4971,ens,2030,88,3,3,0.0
4972,ens,2030,88,4,4,0.0
4973,ens,2030,88,5,5,0.0
4974,ens,2030,88,6,6,0.0
4975,ens,2030,88,7,7,0.0
4976,ens,2030,88,8,8,0.0
4977,ens,2030,88,9,9,0.0
4978,ens,2030,88,10,10,0.0
4979,ens,2030,88,11,11,0.0
4980,ens,2030,88,12,12,0.0
4981,ens,2030,88,13,13,0.0
4982,ens,2030,88,14,14,0.0
4983,ens,2030,88,15,15,0.0
4984,ens,2030,88,16,16,0.0
4985,ens,2030,88,17,17,0.0
4986,ens,2030,88,18,18,0.0
4987,ens,2030,88,19,19,0.0
4988,ens,2030,88,20,20,0.0
4989,ens,2030,88,21,21,0.0
4990,ens,2030,88,22,22,0.0
4991,ens,2030,88,23,23,0.0
4992,ens,2030,88,24,24,0.0
4993,ens,2030,89,1,1,0.0
4994,ens,2030,89,2,2,0.0
4995,ens,2030,89,3,3,0.0
4996,ens,2030,89,4,4,0.0
4997,ens,2030,89,5,5,0.0
4998,ens,2030,89,6,6,0.0
4999,ens,2030,89,7,7,0.0
5000,ens,2030,89,8,8,0.0
5001,ens,2030,89,9,9,0.0
5002,ens,2030,89,10,10,0.0
5003,ens,2030,89,11,11,0.0
5004,ens,2030,89,12,12,0.0
5005,ens,2030,89,13,13,0.0
5006,ens,2030,89,14,14,0.0
5007,ens,2030,89,15,15,0.0
5008,ens,2030,89,16,16,0.0
5009,ens,2030,89,17,17,0.0
5010,ens,2030,89,18,18,0.0
5011,ens,2030,89,19,19,0.0
5012,ens,2030,89,20,20,0.0
5013,ens,2030,89,21,21,0.0
5014,ens,2030,89,22,22,0.0
5015,ens,2030,89,23,23,0.0
5016,ens,2030,89,24,24,0.0
5017,ens,2030,90,1,1,0.0
5018,ens,2030,90,2,2,0.0
5019,ens,2030,90,3,3,0.0
5020,ens,2030,90,4,4,0.0
5021,ens,2030,90,5,5,0.0
5022,ens,2030,90,6,6,0.0
5023,ens,2030,90,7,7,0.0
5024,ens,2030,90,8,8,0.0
5025,ens,2030,90,9,9,0.0
5026,ens,2030,90,10,10,0.0
5027,ens,2030,90,11,11,0.0
5028,ens,2030,90,12,12,0.0
5029,ens,2030,90,13,13,0.0
5030,ens,2030,90,14,14,0.0
5031,ens,2030,90,15,15,0.0
5032,ens,2030,90,16,16,0.0
5033,ens,2030,90,17,17,0.0
5034,ens,2030,90,18,18,0.0
5035,ens,2030,90,19,19,0.0
5036,ens,2030,90,20,20,0.0
5037,ens,2030,90,21,21,0.0
5038,ens,2030,90,22,22,0.0
5039,ens,2030,90,23,23,0.0
5040,ens,2030,90,24,24,0.0
5041,ens,2030,91,1,1,0.0
5042,ens,2030,91,2,2,0.0
5043,ens,2030,91,3,3,0.0
5044,ens,2030,91,4,4,0.0
5045,ens,2030,91,5,5,0.0
5046,ens,2030,91,6,6,0.0
5047,ens,2030,91,7,7,0.0
5048,ens,2030,91,8,8,0.0
5049,ens,2030,91,9,9,0.0
5050,ens,2030,91,10,10,0.0
5051,ens,2030,91,11,11,0.0
5052,ens,2030,91,12,12,0.0
5053,ens,2030,91,13,13,0.0
5054,ens,2030,91,14,14,0.0
5055,ens,2030,91,15,15,0.0
5056,ens,2030,91,16,16,0.0
5057,ens,2030,91,17,17,0.0
5058,ens,2030,91,18,18,0.0
5059,ens,2030,91,19,19,0.0
5060,ens,2030,91,20,20,0.0
5061,ens,2030,91,21,21,0.0
5062,ens,2030,91,22,22,0.0
5063,ens,2030,91,23,23,0.0
5064,ens,2030,91,24,24,0.0
5065,ens,2030,92,1,1,0.0
5066,ens,2030,92,2,2,0.0
5067,ens,2030,92,3,3,0.0
5068,ens,2030,92,4,4,0.0
5069,ens,2030,92,5,5,0.0
5070,ens,2030,92,6,6,0.0
5071,ens,2030,92,7,7,0.0
5072,ens,2030,92,8,8,0.0
5073,ens,2030,92,9,9,0.0
5074,ens,2030,92,10,10,0.0
5075,ens,2030,92,11,11,0.0
5076,ens,2030,92,12,12,0.0
5077,ens,2030,92,13,13,0.0
5078,ens,2030,92,14,14,0.0
5079,ens,2030,92,15,15,0.0
5080,ens,2030,92,16,16,0.0
5081,ens,2030,92,17,17,0.0
5082,ens,2030,92,18,18,0.0
5083,ens,2030,92,19,19,0.0
5084,ens,2030,92,20,20,0.0
5085,ens,2030,92,21,21,0.0
5086,ens,2030,92,22,22,0.0
5087,ens,2030,92,23,23,0.0
5088,ens,2030,92,24,24,0.0
5089,ens,2030,93,1,1,0.0
5090,ens,2030,93,2,2,0.0
5091,ens,2030,93,3,3,0.0
5092,ens,2030,93,4,4,0.0
5093,ens,2030,93,5,5,0.0
5094,ens,2030,93,6,6,0.0
5095,ens,2030,93,7,7,0.0
5096,ens,2030,93,8,8,0.0
5097,ens,2030,93,9,9,0.0
5098,ens,2030,93,10,10,0.0
5099,ens,2030,93,11,11,0.0
5100,ens,2030,93,12,12,0.0
5101,ens,2030,93,13,13,0.0
5102,ens,2030,93,14,14,0.0
5103,ens,2030,93,15,15,0.0
5104,ens,2030,93,16,16,0.0
5105,ens,2030,93,17,17,0.0
5106,ens,2030,93,18,18,0.0
5107,ens,2030,93,19,19,0.0
5108,ens,2030,93,20,20,0.0
5109,ens,2030,93,21,21,0.0
5110,ens,2030,93,22,22,0.0
5111,ens,2030,93,23,23,0.0
5112,ens,2030,93,24,24,0.0
5113,ens,2030,94,1,1,0.0
5114,ens,2030,94,2,2,0.0
5115,ens,2030,94,3,3,0.0
5116,ens,2030,94,4,4,0.0
5117,ens,2030,94,5,5,0.0
5118,ens,2030,94,6,6,0.0
5119,ens,2030,94,7,7,0.0
5120,ens,2030,94,8,8,0.0
5121,ens,2030,94,9,9,0.0
5122,ens,2030,94,10,10,0.0
5123,ens,2030,94,11,11,0.0
5124,ens,2030,94,12,12,0.0
5125,ens,2030,94,13,13,0.0
5126,ens,2030,94,14,14,0.0
5127,ens,2030,94,15,15,0.0
5128,ens,2030,94,16,16,0.0
5129,ens,2030,94,17,17,0.0
5130,ens,2030,94,18,18,0.0
5131,ens,2030,94,19,19,0.0
5132,ens,2030,94,20,20,0.0
5133,ens,2030,94,21,21,0.0
5134,ens,2030,94,22,22,0.0
5135,ens,2030,94,23,23,0.0
5136,ens,2030,94,24,24,0.0
5137,ens,2030,95,1,1,0.0
5138,ens,2030,95,2,2,0.0
5139,ens,2030,95,3,3,0.0
5140,ens,2030,95,4,4,0.0
5141,ens,2030,95,5,5,0.0
5142,ens,2030,95,6,6,0.0
5143,ens,2030,95,7,7,0.0
5144,ens,2030,95,8,8,0.0
5145,ens,2030,95,9,9,0.0
5146,ens,2030,95,10,10,0.0
5147,ens,2030,95,11,11,0.0
5148,ens,2030,95,12,12,0.0
5149,ens,2030,95,13,13,0.0
5150,ens,2030,95,14,14,0.0
5151,ens,2030,95,15,15,0.0
5152,ens,2030,95,16,16,0.0
5153,ens,2030,95,17,17,0.0
5154,ens,2030,95,18,18,0.0
5155,ens,2030,95,19,19,0.0
5156,ens,2030,95,20,20,0.0
5157,ens,2030,95,21,21,0.0
5158,ens,2030,95,22,22,0.0
5159,ens,2030,95,23,23,0.0
5160,ens,2030,95,24,24,0.0
5161,ens,2030,96,1,1,0.0
5162,ens,2030,96,2,2,0.0
5163,ens,2030,96,3,3,0.0
5164,ens,2030,96,4,4,0.0
5165,ens,2030,96,5,5,0.0
5166,ens,2030,96,6,6,0.0
5167,ens,2030,96,7,7,0.0
5168,ens,2030,96,8,8,0.0
5169,ens,2030,96,9,9,0.0
5170,ens,2030,96,10,10,0.0
5171,ens,2030,96,11,11,0.0
5172,ens,2030,96,12,12,0.0
5173,ens,2030,96,13,13,0.0
5174,ens,2030,96,14,14,0.0
5175,ens,2030,96,15,15,0.0
5176,ens,2030,96,16,16,0.0
5177,ens,2030,96,17,17,0.0
5178,ens,2030,96,18,18,0.0
5179,ens,2030,96,19,19,0.0
5180,ens,2030,96,20,20,0.0
5181,ens,2030,96,21,21,0.0
5182,ens,2030,96,22,22,0.0
5183,ens,2030,96,23,23,0.0
5184,ens,2030,96,24,24,0.0
5185,ens,2030,97,1,1,0.0
5186,ens,2030,97,2,2,0.0
5187,ens,2030,97,3,3,0.0
5188,ens,2030,97,4,4,0.0
5189,ens,2030,97,5,5,0.0
5190,ens,2030,97,6,6,0.0
5191,ens,2030,97,7,7,0.0
5192,ens,2030,97,8,8,0.0
5193,ens,2030,97,9,9,0.0
5194,ens,2030,97,10,10,0.0
5195,ens,2030,97,11,11,0.0
5196,ens,2030,97,12,12,0.0
5197,ens,2030,97,13,13,0.0
5198,ens,2030,97,14,14,0.0
5199,ens,2030,97,15,15,0.0
5200,ens,2030,97,16,16,0.0
5201,ens,2030,97,17,17,0.0
5202,ens,2030,97,18,18,0.0
5203,ens,2030,97,19,19,0.0
5204,ens,2030,97,20,20,0.0
5205,ens,2030,97,21,21,0.0
5206,ens,2030,97,22,22,0.0
5207,ens,2030,97,23,23,0.0
5208,ens,2030,97,24,24,0.0
5209,ens,2030,98,1,1,0.0
5210,ens,2030,98,2,2,0.0
5211,ens,2030,98,3,3,0.0
5212,ens,2030,98,4,4,0.0
5213,ens,2030,98,5,5,0.0
5214,ens,2030,98,6,6,0.0
5215,ens,2030,98,7,7,0.0
5216,ens,2030,98,8,8,0.0
5217,ens,2030,98,9,9,0.0
5218,ens,2030,98,10,10,0.0
5219,ens,2030,98,11,11,0.0
5220,ens,2030,98,12,12,0.0
5221,ens,2030,98,13,13,0.0
5222,ens,2030,98,14,14,0.0
5223,ens,2030,98,15,15,0.0
5224,ens,2030,98,16,16,0.0
5225,ens,2030,98,17,17,0.0
5226,ens,2030,98,18,18,0.0
5227,ens,2030,98,19,19,0.0
5228,ens,2030,98,20,20,0.0
5229,ens,2030,98,21,21,0.0
5230,ens,2030,98,22,22,0.0
5231,ens,2030,98,23,23,0.0
5232,ens,2030,98,24,24,0.0
5233,ens,2030,99,1,1,0.0
5234,ens,2030,99,2,2,0.0
5235,ens,2030,99,3,3,0.0
5236,ens,2030,99,4,4,0.0
5237,ens,2030,99,5,5,0.0
5238,ens,2030,99,6,6,0.0
5239,ens,2030,99,7,7,0.0
5240,ens,2030,99,8,8,0.0
5241,ens,2030,99,9,9,0.0
5242,ens,2030,99,10,10,0.0
5243,ens,2030,99,11,11,0.0
5244,ens,2030,99,12,12,0.0
5245,ens,2030,99,13,13,0.0
5246,ens,2030,99,14,14,0.0
5247,ens,2030,99,15,15,0.0
5248,ens,2030,99,16,16,0.0
5249,ens,2030,99,17,17,0.0
5250,ens,2030,99,18,18,0.0
5251,ens,2030,99,19,19,0.0
5252,ens,2030,99,20,20,0.0
5253,ens,2030,99,21,21,0.0
5254,ens,2030,99,22,22,0.0
5255,ens,2030,99,23,23,0.0
5256,ens,2030,99,24,24,0.0
5257,ens,2030,100,1,1,0.0
5258,ens,2030,100,2,2,0.0
5259,ens,2030,100,3,3,0.0
5260,ens,2030,100,4,4,0.0
5261,ens,2030,100,5,5,0.0
5262,ens,2030,100,6,6,0.0
5263,ens,2030,100,7,7,0.0
5264,ens,2030,100,8,8,0.0
5265,ens,2030,100,9,9,0.0
5266,ens,2030,100,10,10,0.0
5267,ens,2030,100,11,11,0.0
5268,ens,2030,100,12,12,0.0
5269,ens,2030,100,13,13,0.0
5270,ens,2030,100,14,14,0.0
5271,ens,2030,100,15,15,0.0
5272,ens,2030,100,16,16,0.0
5273,ens,2030,100,17,17,0.0
5274,ens,2030,100,18,18,0.0
5275,ens,2030,100,19,19,0.0
5276,ens,2030,100,20,20,0.0
5277,ens,2030,100,21,21,0.0
5278,ens,2030,100,22,22,0.0
5279,ens,2030,100,23,23,0.0
5280,ens,2030,100,24,24,0.0
5281,ens,2030,101,1,1,0.0
5282,ens,2030,101,2,2,0.0
5283,ens,2030,101,3,3,0.0
5284,ens,2030,101,4,4,0.0
5285,ens,2030,101,5,5,0.0
5286,ens,2030,101,6,6,0.0
5287,ens,2030,101,7,7,0.0
5288,ens,2030,101,8,8,0.0
5289,ens,2030,101,9,9,0.0
5290,ens,2030,101,10,10,0.0
5291,ens,2030,101,11,11,0.0
5292,ens,2030,101,12,12,0.0
5293,ens,2030,101,13,13,0.0
5294,ens,2030,101,14,14,0.0
5295,ens,2030,101,15,15,0.0
5296,ens,2030,101,16,16,0.0
5297,ens,2030,101,17,17,0.0
5298,ens,2030,101,18,18,0.0
5299,ens,2030,101,19,19,0.0
5300,ens,2030,101,20,20,0.0
5301,ens,2030,101,21,21,0.0
5302,ens,2030,101,22,22,0.0
5303,ens,2030,101,23,23,0.0
5304,ens,2030,101,24,24,0.0
5305,ens,2030,102,1,1,0.0
5306,ens,2030,102,2,2,0.0
5307,ens,2030,102,3,3,0.0
5308,ens,2030,102,4,4,0.0
5309,ens,2030,102,5,5,0.0
5310,ens,2030,102,6,6,0.0
5311,ens,2030,102,7,7,0.0
5312,ens,2030,102,8,8,0.0
5313,ens,2030,102,9,9,0.0
5314,ens,2030,102,10,10,0.0
5315,ens,2030,102,11,11,0.0
5316,ens,2030,102,12,12,0.0
5317,ens,2030,102,13,13,0.0
5318,ens,2030,102,14,14,0.0
5319,ens,2030,102,15,15,0.0
5320,ens,2030,102,16,16,0.0
5321,ens,2030,102,17,17,0.0
5322,ens,2030,102,18,18,0.0
5323,ens,2030,102,19,19,0.0
5324,ens,2030,102,20,20,0.0
5325,ens,2030,102,21,21,0.0
5326,ens,2030,102,22,22,0.0
5327,ens,2030,102,23,23,0.0
5328,ens,2030,102,24,24,0.0
5329,ens,2030,103,1,1,0.0
5330,ens,2030,103,2,2,0.0
5331,ens,2030,103,3,3,0.0
5332,ens,2030,103,4,4,0.0
5333,ens,2030,103,5,5,0.0
5334,ens,2030,103,6,6,0.0
5335,ens,2030,103,7,7,0.0
5336,ens,2030,103,8,8,0.0
5337,ens,2030,103,9,9,0.0
5338,ens,2030,103,10,10,0.0
5339,ens,2030,103,11,11,0.0
5340,ens,2030,103,12,12,0.0
5341,ens,2030,103,13,13,0.0
5342,ens,2030,103,14,14,0.0
5343,ens,2030,103,15,15,0.0
5344,ens,2030,103,16,16,0.0
5345,ens,2030,103,17,17,0.0
5346,ens,2030,103,18,18,0.0
5347,ens,2030,103,19,19,0.0
5348,ens,2030,103,20,20,0.0
5349,ens,2030,103,21,21,0.0
5350,ens,2030,103,22,22,0.0
5351,ens,2030,103,23,23,0.0
5352,ens,2030,103,24,24,0.0
5353,ens,2030,104,1,1,0.0
5354,ens,2030,104,2,2,0.0
5355,ens,2030,104,3,3,0.0
5356,ens,2030,104,4,4,0.0
5357,ens,2030,104,5,5,0.0
5358,ens,2030,104,6,6,0.0
5359,ens,2030,104,7,7,0.0
5360,ens,2030,104,8,8,0.0
5361,ens,2030,104,9,9,0.0
5362,ens,2030,104,10,10,0.0
5363,ens,2030,104,11,11,0.0
5364,ens,2030,104,12,12,0.0
5365,ens,2030,104,13,13,0.0
5366,ens,2030,104,14,14,0.0
5367,ens,2030,104,15,15,0.0
5368,ens,2030,104,16,16,0.0
5369,ens,2030,104,17,17,0.0
5370,ens,2030,104,18,18,0.0
5371,ens,2030,104,19,19,0.0
5372,ens,2030,104,20,20,0.0
5373,ens,2030,104,21,21,0.0
5374,ens,2030,104,22,22,0.0
5375,ens,2030,104,23,23,0.0
5376,ens,2030,104,24,24,0.0
5377,ens,2030,105,1,1,0.0
5378,ens,2030,105,2,2,0.0
5379,ens,2030,105,3,3,0.0
5380,ens,2030,105,4,4,0.0
5381,ens,2030,105,5,5,0.0
5382,ens,2030,105,6,6,0.0
5383,ens,2030,105,7,7,0.0
5384,ens,2030,105,8,8,0.0
5385,ens,2030,105,9,9,0.0
5386,ens,2030,105,10,10,0.0
5387,ens,2030,105,11,11,0.0
5388,ens,2030,105,12,12,0.0
5389,ens,2030,105,13,13,0.0
5390,ens,2030,105,14,14,0.0
5391,ens,2030,105,15,15,0.0
5392,ens,2030,105,16,16,0.0
5393,ens,2030,105,17,17,0.0
5394,ens,2030,105,18,18,0.0
5395,ens,2030,105,19,19,0.0
5396,ens,2030,105,20,20,0.0
5397,ens,2030,105,21,21,0.0
5398,ens,2030,105,22,22,0.0
5399,ens,2030,105,23,23,0.0
5400,ens,2030,105,24,24,0.0
5401,ens,2030,106,1,1,0.0
5402,ens,2030,106,2,2,0.0
5403,ens,2030,106,3,3,0.0
5404,ens,2030,106,4,4,0.0
5405,ens,2030,106,5,5,0.0
5406,ens,2030,106,6,6,0.0
5407,ens,2030,106,7,7,0.0
5408,ens,2030,106,8,8,0.0
5409,ens,2030,106,9,9,0.0
5410,ens,2030,106,10,10,0.0
5411,ens,2030,106,11,11,0.0
5412,ens,2030,106,12,12,0.0
5413,ens,2030,106,13,13,0.0
5414,ens,2030,106,14,14,0.0
5415,ens,2030,106,15,15,0.0
5416,ens,2030,106,16,16,0.0
5417,ens,2030,106,17,17,0.0
5418,ens,2030,106,18,18,0.0
5419,ens,2030,106,19,19,0.0
5420,ens,2030,106,20,20,0.0
5421,ens,2030,106,21,21,0.0
5422,ens,2030,106,22,22,0.0
5423,ens,2030,106,23,23,0.0
5424,ens,2030,106,24,24,0.0
5425,ens,2030,107,1,1,0.0
5426,ens,2030,107,2,2,0.0
5427,ens,2030,107,3,3,0.0
5428,ens,2030,107,4,4,0.0
5429,ens,2030,107,5,5,0.0
5430,ens,2030,107,6,6,0.0
5431,ens,2030,107,7,7,0.0
5432,ens,2030,107,8,8,0.0
5433,ens,2030,107,9,9,0.0
5434,ens,2030,107,10,10,0.0
5435,ens,2030,107,11,11,0.0
5436,ens,2030,107,12,12,0.0
5437,ens,2030,107,13,13,0.0
5438,ens,2030,107,14,14,0.0
5439,ens,2030,107,15,15,0.0
5440,ens,2030,107,16,16,0.0
5441,ens,2030,107,17,17,0.0
5442,ens,2030,107,18,18,0.0
5443,ens,2030,107,19,19,0.0
5444,ens,2030,107,20,20,0.0
5445,ens,2030,107,21,21,0.0
5446,ens,2030,107,22,22,0.0
5447,ens,2030,107,23,23,0.0
5448,ens,2030,107,24,24,0.0
5449,ens,2030,108,1,1,0.0
5450,ens,2030,108,2,2,0.0
5451,ens,2030,108,3,3,0.0
5452,ens,2030,108,4,4,0.0
5453,ens,2030,108,5,5,0.0
5454,ens,2030,108,6,6,0.0
5455,ens,2030,108,7,7,0.0
5456,ens,2030,108,8,8,0.0
5457,ens,2030,108,9,9,0.0
5458,ens,2030,108,10,10,0.0
5459,ens,2030,108,11,11,0.0
5460,ens,2030,108,12,12,0.0
5461,ens,2030,108,13,13,0.0
5462,ens,2030,108,14,14,0.0
5463,ens,2030,108,15,15,0.0
5464,ens,2030,108,16,16,0.0
5465,ens,2030,108,17,17,0.0
5466,ens,2030,108,18,18,0.0
5467,ens,2030,108,19,19,0.0
5468,ens,2030,108,20,20,0.0
5469,ens,2030,108,21,21,0.0
5470,ens,2030,108,22,22,0.0
5471,ens,2030,108,23,23,0.0
5472,ens,2030,108,24,24,0.0
5473,ens,2030,109,1,1,0.0
5474,ens,2030,109,2,2,0.0
5475,ens,2030,109,3,3,0.0
5476,ens,2030,109,4,4,0.0
5477,ens,2030,109,5,5,0.0
5478,ens,2030,109,6,6,0.0
5479,ens,2030,109,7,7,0.0
5480,ens,2030,109,8,8,0.0
5481,ens,2030,109,9,9,0.0
5482,ens,2030,109,10,10,0.0
5483,ens,2030,109,11,11,0.0
5484,ens,2030,109,12,12,0.0
5485,ens,2030,109,13,13,0.0
5486,ens,2030,109,14,14,0.0
5487,ens,2030,109,15,15,0.0
5488,ens,2030,109,16,16,0.0
5489,ens,2030,109,17,17,0.0
5490,ens,2030,109,18,18,0.0
5491,ens,2030,109,19,19,0.0
5492,ens,2030,109,20,20,0.0
5493,ens,2030,109,21,21,0.0
5494,ens,2030,109,22,22,0.0
5495,ens,2030,109,23,23,0.0
5496,ens,2030,109,24,24,0.0
5497,ens,2030,110,1,1,0.0
5498,ens,2030,110,2,2,0.0
5499,ens,2030,110,3,3,0.0
5500,ens,2030,110,4,4,0.0
5501,ens,2030,110,5,5,0.0
5502,ens,2030,110,6,6,0.0
5503,ens,2030,110,7,7,0.0
5504,ens,2030,110,8,8,0.0
5505,ens,2030,110,9,9,0.0
5506,ens,2030,110,10,10,0.0
5507,ens,2030,110,11,11,0.0
5508,ens,2030,110,12,12,0.0
5509,ens,2030,110,13,13,0.0
5510,ens,2030,110,14,14,0.0
5511,ens,2030,110,15,15,0.0
5512,ens,2030,110,16,16,0.0
5513,ens,2030,110,17,17,0.0
5514,ens,2030,110,18,18,0.0
5515,ens,2030,110,19,19,0.0
5516,ens,2030,110,20,20,0.0
5517,ens,2030,110,21,21,0.0
5518,ens,2030,110,22,22,0.0
5519,ens,2030,110,23,23,0.0
5520,ens,2030,110,24,24,0.0
5521,ens,2030,111,1,1,0.0
5522,ens,2030,111,2,2,0.0
5523,ens,2030,111,3,3,0.0
5524,ens,2030,111,4,4,0.0
5525,ens,2030,111,5,5,0.0
5526,ens,2030,111,6,6,0.0
5527,ens,2030,111,7,7,0.0
5528,ens,2030,111,8,8,0.0
5529,ens,2030,111,9,9,0.0
5530,ens,2030,111,10,10,0.0
5531,ens,2030,111,11,11,0.0
5532,ens,2030,111,12,12,0.0
5533,ens,2030,111,13,13,0.0
5534,ens,2030,111,14,14,0.0
5535,ens,2030,111,15,15,0.0
5536,ens,2030,111,16,16,0.0
5537,ens,2030,111,17,17,0.0
5538,ens,2030,111,18,18,0.0
5539,ens,2030,111,19,19,0.0
5540,ens,2030,111,20,20,0.0
5541,ens,2030,111,21,21,0.0
5542,ens,2030,111,22,22,0.0
5543,ens,2030,111,23,23,0.0
5544,ens,2030,111,24,24,0.0
5545,ens,2030,112,1,1,0.0
5546,ens,2030,112,2,2,0.0
5547,ens,2030,112,3,3,0.0
5548,ens,2030,112,4,4,0.0
5549,ens,2030,112,5,5,0.0
5550,ens,2030,112,6,6,0.0
5551,ens,2030,112,7,7,0.0
5552,ens,2030,112,8,8,0.0
5553,ens,2030,112,9,9,0.0
5554,ens,2030,112,10,10,0.0
5555,ens,2030,112,11,11,0.0
5556,ens,2030,112,12,12,0.0
5557,ens,2030,112,13,13,0.0
5558,ens,2030,112,14,14,0.0
5559,ens,2030,112,15,15,0.0
5560,ens,2030,112,16,16,0.0
5561,ens,2030,112,17,17,0.0
5562,ens,2030,112,18,18,0.0
5563,ens,2030,112,19,19,0.0
5564,ens,2030,112,20,20,0.0
5565,ens,2030,112,21,21,0.0
5566,ens,2030,112,22,22,0.0
5567,ens,2030,112,23,23,0.0
5568,ens,2030,112,24,24,0.0
5569,ens,2030,113,1,1,0.0
5570,ens,2030,113,2,2,0.0
5571,ens,2030,113,3,3,0.0
5572,ens,2030,113,4,4,0.0
5573,ens,2030,113,5,5,0.0
5574,ens,2030,113,6,6,0.0
5575,ens,2030,113,7,7,0.0
5576,ens,2030,113,8,8,0.0
5577,ens,2030,113,9,9,0.0
5578,ens,2030,113,10,10,0.0
5579,ens,2030,113,11,11,0.0
5580,ens,2030,113,12,12,0.0
5581,ens,2030,113,13,13,0.0
5582,ens,2030,113,14,14,0.0
5583,ens,2030,113,15,15,0.0
5584,ens,2030,113,16,16,0.0
5585,ens,2030,113,17,17,0.0
5586,ens,2030,113,18,18,0.0
5587,ens,2030,113,19,19,0.0
5588,ens,2030,113,20,20,0.0
5589,ens,2030,113,21,21,0.0
5590,ens,2030,113,22,22,0.0
5591,ens,2030,113,23,23,0.0
5592,ens,2030,113,24,24,0.0
5593,ens,2030,114,1,1,0.0
5594,ens,2030,114,2,2,0.0
5595,ens,2030,114,3,3,0.0
5596,ens,2030,114,4,4,0.0
5597,ens,2030,114,5,5,0.0
5598,ens,2030,114,6,6,0.0
5599,ens,2030,114,7,7,0.0
5600,ens,2030,114,8,8,0.0
5601,ens,2030,114,9,9,0.0
5602,ens,2030,114,10,10,0.0
5603,ens,2030,114,11,11,0.0
5604,ens,2030,114,12,12,0.0
5605,ens,2030,114,13,13,0.0
5606,ens,2030,114,14,14,0.0
5607,ens,2030,114,15,15,0.0
5608,ens,2030,114,16,16,0.0
5609,ens,2030,114,17,17,0.0
5610,ens,2030,114,18,18,0.0
5611,ens,2030,114,19,19,0.0
5612,ens,2030,114,20,20,0.0
5613,ens,2030,114,21,21,0.0
5614,ens,2030,114,22,22,0.0
5615,ens,2030,114,23,23,0.0
5616,ens,2030,114,24,24,0.0
5617,ens,2030,115,1,1,0.0
5618,ens,2030,115,2,2,0.0
5619,ens,2030,115,3,3,0.0
5620,ens,2030,115,4,4,0.0
5621,ens,2030,115,5,5,0.0
5622,ens,2030,115,6,6,0.0
5623,ens,2030,115,7,7,0.0
5624,ens,2030,115,8,8,0.0
5625,ens,2030,115,9,9,0.0
5626,ens,2030,115,10,10,0.0
5627,ens,2030,115,11,11,0.0
5628,ens,2030,115,12,12,0.0
5629,ens,2030,115,13,13,0.0
5630,ens,2030,115,14,14,0.0
5631,ens,2030,115,15,15,0.0
5632,ens,2030,115,16,16,0.0
5633,ens,2030,115,17,17,0.0
5634,ens,2030,115,18,18,0.0
5635,ens,2030,115,19,19,0.0
5636,ens,2030,115,20,20,0.0
5637,ens,2030,115,21,21,0.0
5638,ens,2030,115,22,22,0.0
5639,ens,2030,115,23,23,0.0
5640,ens,2030,115,24,24,0.0
5641,ens,2030,116,1,1,0.0
5642,ens,2030,116,2,2,0.0
5643,ens,2030,116,3,3,0.0
5644,ens,2030,116,4,4,0.0
5645,ens,2030,116,5,5,0.0
5646,ens,2030,116,6,6,0.0
5647,ens,2030,116,7,7,0.0
5648,ens,2030,116,8,8,0.0
5649,ens,2030,116,9,9,0.0
5650,ens,2030,116,10,10,0.0
5651,ens,2030,116,11,11,0.0
5652,ens,2030,116,12,12,0.0
5653,ens,2030,116,13,13,0.0
5654,ens,2030,116,14,14,0.0
5655,ens,2030,116,15,15,0.0
5656,ens,2030,116,16,16,0.0
5657,ens,2030,116,17,17,0.0
5658,ens,2030,116,18,18,0.0
5659,ens,2030,116,19,19,0.0
5660,ens,2030,116,20,20,0.0
5661,ens,2030,116,21,21,0.0
5662,ens,2030,116,22,22,0.0
5663,ens,2030,116,23,23,0.0
5664,ens,2030,116,24,24,0.0
5665,ens,2030,117,1,1,0.0
5666,ens,2030,117,2,2,0.0
5667,ens,2030,117,3,3,0.0
5668,ens,2030,117,4,4,0.0
5669,ens,2030,117,5,5,0.0
5670,ens,2030,117,6,6,0.0
5671,ens,2030,117,7,7,0.0
5672,ens,2030,117,8,8,0.0
5673,ens,2030,117,9,9,0.0
5674,ens,2030,117,10,10,0.0
5675,ens,2030,117,11,11,0.0
5676,ens,2030,117,12,12,0.0
5677,ens,2030,117,13,13,0.0
5678,ens,2030,117,14,14,0.0
5679,ens,2030,117,15,15,0.0
5680,ens,2030,117,16,16,0.0
5681,ens,2030,117,17,17,0.0
5682,ens,2030,117,18,18,0.0
5683,ens,2030,117,19,19,0.0
5684,ens,2030,117,20,20,0.0
5685,ens,2030,117,21,21,0.0
5686,ens,2030,117,22,22,0.0
5687,ens,2030,117,23,23,0.0
5688,ens,2030,117,24,24,0.0
5689,ens,2030,118,1,1,0.0
5690,ens,2030,118,2,2,0.0
5691,ens,2030,118,3,3,0.0
5692,ens,2030,118,4,4,0.0
5693,ens,2030,118,5,5,0.0
5694,ens,2030,118,6,6,0.0
5695,ens,2030,118,7,7,0.0
5696,ens,2030,118,8,8,0.0
5697,ens,2030,118,9,9,0.0
5698,ens,2030,118,10,10,0.0
5699,ens,2030,118,11,11,0.0
5700,ens,2030,118,12,12,0.0
5701,ens,2030,118,13,13,0.0
5702,ens,2030,118,14,14,0.0
5703,ens,2030,118,15,15,0.0
5704,ens,2030,118,16,16,0.0
5705,ens,2030,118,17,17,0.0
5706,ens,2030,118,18,18,0.0
5707,ens,2030,118,19,19,0.0
5708,ens,2030,118,20,20,0.0
5709,ens,2030,118,21,21,0.0
5710,ens,2030,118,22,22,0.0
5711,ens,2030,118,23,23,0.0
5712,ens,2030,118,24,24,0.0
5713,ens,2030,119,1,1,0.0
5714,ens,2030,119,2,2,0.0
5715,ens,2030,119,3,3,0.0
5716,ens,2030,119,4,4,0.0
5717,ens,2030,119,5,5,0.0
5718,ens,2030,119,6,6,0.0
5719,ens,2030,119,7,7,0.0
5720,ens,2030,119,8,8,0.0
5721,ens,2030,119,9,9,0.0
5722,ens,2030,119,10,10,0.0
5723,ens,2030,119,11,11,0.0
5724,ens,2030,119,12,12,0.0
5725,ens,2030,119,13,13,0.0
5726,ens,2030,119,14,14,0.0
5727,ens,2030,119,15,15,0.0
5728,ens,2030,119,16,16,0.0
5729,ens,2030,119,17,17,0.0
5730,ens,2030,119,18,18,0.0
5731,ens,2030,119,19,19,0.0
5732,ens,2030,119,20,20,0.0
5733,ens,2030,119,21,21,0.0
5734,ens,2030,119,22,22,0.0
5735,ens,2030,119,23,23,0.0
5736,ens,2030,119,24,24,0.0
5737,ens,2030,120,1,1,0.0
5738,ens,2030,120,2,2,0.0
5739,ens,2030,120,3,3,0.0
5740,ens,2030,120,4,4,0.0
5741,ens,2030,120,5,5,0.0
5742,ens,2030,120,6,6,0.0
5743,ens,2030,120,7,7,0.0
5744,ens,2030,120,8,8,0.0
5745,ens,2030,120,9,9,0.0
5746,ens,2030,120,10,10,0.0
5747,ens,2030,120,11,11,0.0
5748,ens,2030,120,12,12,0.0
5749,ens,2030,120,13,13,0.0
5750,ens,2030,120,14,14,0.0
5751,ens,2030,120,15,15,0.0
5752,ens,2030,120,16,16,0.0
5753,ens,2030,120,17,17,0.0
5754,ens,2030,120,18,18,0.0
5755,ens,2030,120,19,19,0.0
5756,ens,2030,120,20,20,0.0
5757,ens,2030,120,21,21,0.0
5758,ens,2030,120,22,22,0.0
5759,ens,2030,120,23,23,0.0
5760,ens,2030,120,24,24,0.0
5761,ocgt,2030,1,1,1,0.0
5762,ocgt,2030,1,2,2,0.0
5763,ocgt,2030,1,3,3,0.0
5764,ocgt,2030,1,4,4,0.0
5765,ocgt,2030,1,5,5,0.0
5766,ocgt,2030,1,6,6,0.0
5767,ocgt,2030,1,7,7,0.0
5768,ocgt,2030,1,8,8,0.0
5769,ocgt,2030,1,9,9,0.0
5770,ocgt,2030,1,10,10,0.0
5771,ocgt,2030,1,11,11,0.0
5772,ocgt,2030,1,12,12,0.0
5773,ocgt,2030,1,13,13,0.0
5774,ocgt,2030,1,14,14,0.0
5775,ocgt,2030,1,15,15,0.0
5776,ocgt,2030,1,16,16,0.0
5777,ocgt,2030,1,17,17,0.0
5778,ocgt,2030,1,18,18,0.0
5779,ocgt,2030,1,19,19,0.0
5780,ocgt,2030,1,20,20,0.0
5781,ocgt,2030,1,21,21,0.0
5782,ocgt,2030,1,22,22,0.0
5783,ocgt,2030,1,23,23,0.0
5784,ocgt,2030,1,24,24,0.0
5785,ocgt,2030,2,1,1,0.0
5786,ocgt,2030,2,2,2,0.0
5787,ocgt,2030,2,3,3,0.0
5788,ocgt,2030,2,4,4,0.0
5789,ocgt,2030,2,5,5,0.0
5790,ocgt,2030,2,6,6,0.0
5791,ocgt,2030,2,7,7,0.0
5792,ocgt,2030,2,8,8,0.0
5793,ocgt,2030,2,9,9,0.0
5794,ocgt,2030,2,10,10,0.0
5795,ocgt,2030,2,11,11,0.0
5796,ocgt,2030,2,12,12,0.0
5797,ocgt,2030,2,13,13,0.0
5798,ocgt,2030,2,14,14,0.0
5799,ocgt,2030,2,15,15,0.0
5800,ocgt,2030,2,16,16,0.0
5801,ocgt,2030,2,17,17,0.0
5802,ocgt,2030,2,18,18,0.0
5803,ocgt,2030,2,19,19,0.0
5804,ocgt,2030,2,20,20,0.0
5805,ocgt,2030,2,21,21,0.0
5806,ocgt,2030,2,22,22,0.0
5807,ocgt,2030,2,23,23,0.0
5808,ocgt,2030,2,24,24,0.0
5809,ocgt,2030,3,1,1,0.0
5810,ocgt,2030,3,2,2,0.0
5811,ocgt,2030,3,3,3,0.0
5812,ocgt,2030,3,4,4,0.0
5813,ocgt,2030,3,5,5,0.0
5814,ocgt,2030,3,6,6,0.0
5815,ocgt,2030,3,7,7,0.0
5816,ocgt,2030,3,8,8,0.0
5817,ocgt,2030,3,9,9,0.0
5818,ocgt,2030,3,10,10,0.0
5819,ocgt,2030,3,11,11,0.0
5820,ocgt,2030,3,12,12,0.0
5821,ocgt,2030,3,13,13,0.0
5822,ocgt,2030,3,14,14,0.0
5823,ocgt,2030,3,15,15,0.0
5824,ocgt,2030,3,16,16,0.0
5825,ocgt,2030,3,17,17,0.0
5826,ocgt,2030,3,18,18,0.0
5827,ocgt,2030,3,19,19,0.0
5828,ocgt,2030,3,20,20,0.0
5829,ocgt,2030,3,21,21,0.0
5830,ocgt,2030,3,22,22,0.0
5831,ocgt,2030,3,23,23,0.0
5832,ocgt,2030,3,24,24,0.0
5833,ocgt,2030,4,1,1,0.0
5834,ocgt,2030,4,2,2,0.0
5835,ocgt,2030,4,3,3,0.0
5836,ocgt,2030,4,4,4,0.0
5837,ocgt,2030,4,5,5,0.0
5838,ocgt,2030,4,6,6,0.0
5839,ocgt,2030,4,7,7,0.0
5840,ocgt,2030,4,8,8,0.0
5841,ocgt,2030,4,9,9,0.0
5842,ocgt,2030,4,10,10,0.0
5843,ocgt,2030,4,11,11,0.0
5844,ocgt,2030,4,12,12,0.0
5845,ocgt,2030,4,13,13,0.0
5846,ocgt,2030,4,14,14,0.0
5847,ocgt,2030,4,15,15,0.0
5848,ocgt,2030,4,16,16,0.0
5849,ocgt,2030,4,17,17,0.0
5850,ocgt,2030,4,18,18,0.0
5851,ocgt,2030,4,19,19,0.0
5852,ocgt,2030,4,20,20,0.0
5853,ocgt,2030,4,21,21,0.0
5854,ocgt,2030,4,22,22,0.0
5855,ocgt,2030,4,23,23,0.0
5856,ocgt,2030,4,24,24,0.0
5857,ocgt,2030,5,1,1,0.0
5858,ocgt,2030,5,2,2,0.0
5859,ocgt,2030,5,3,3,0.0
5860,ocgt,2030,5,4,4,0.0
5861,ocgt,2030,5,5,5,0.0
5862,ocgt,2030,5,6,6,0.0
5863,ocgt,2030,5,7,7,0.0
5864,ocgt,2030,5,8,8,0.0
5865,ocgt,2030,5,9,9,0.0
5866,ocgt,2030,5,10,10,0.0
5867,ocgt,2030,5,11,11,0.0
5868,ocgt,2030,5,12,12,0.0
5869,ocgt,2030,5,13,13,0.0
5870,ocgt,2030,5,14,14,0.0
5871,ocgt,2030,5,15,15,0.0
5872,ocgt,2030,5,16,16,0.0
5873,ocgt,2030,5,17,17,0.0
5874,ocgt,2030,5,18,18,0.0
5875,ocgt,2030,5,19,19,0.0
5876,ocgt,2030,5,20,20,0.0
5877,ocgt,2030,5,21,21,0.0
5878,ocgt,2030,5,22,22,0.0
5879,ocgt,2030,5,23,23,0.0
5880,ocgt,2030,5,24,24,0.0
5881,ocgt,2030,6,1,1,0.0
5882,ocgt,2030,6,2,2,0.0
5883,ocgt,2030,6,3,3,0.0
5884,ocgt,2030,6,4,4,0.0
5885,ocgt,2030,6,5,5,0.0
5886,ocgt,2030,6,6,6,0.0
5887,ocgt,2030,6,7,7,0.0
5888,ocgt,2030,6,8,8,0.0
5889,ocgt,2030,6,9,9,0.0
5890,ocgt,2030,6,10,10,0.0
5891,ocgt,2030,6,11,11,0.0
5892,ocgt,2030,6,12,12,0.0
5893,ocgt,2030,6,13,13,0.0
5894,ocgt,2030,6,14,14,0.0
5895,ocgt,2030,6,15,15,0.0
5896,ocgt,2030,6,16,16,0.0
5897,ocgt,2030,6,17,17,0.0
5898,ocgt,2030,6,18,18,0.0
5899,ocgt,2030,6,19,19,0.0
5900,ocgt,2030,6,20,20,0.0
5901,ocgt,2030,6,21,21,0.0
5902,ocgt,2030,6,22,22,0.0
5903,ocgt,2030,6,23,23,0.0
5904,ocgt,2030,6,24,24,0.0
5905,ocgt,2030,7,1,1,0.0
5906,ocgt,2030,7,2,2,0.0
5907,ocgt,2030,7,3,3,0.0
5908,ocgt,2030,7,4,4,0.0
5909,ocgt,2030,7,5,5,0.0
5910,ocgt,2030,7,6,6,0.0
5911,ocgt,2030,7,7,7,0.0
5912,ocgt,2030,7,8,8,0.0
5913,ocgt,2030,7,9,9,0.0
5914,ocgt,2030,7,10,10,0.0
5915,ocgt,2030,7,11,11,0.0
5916,ocgt,2030,7,12,12,0.0
5917,ocgt,2030,7,13,13,0.0
5918,ocgt,2030,7,14,14,0.0
5919,ocgt,2030,7,15,15,0.0
5920,ocgt,2030,7,16,16,0.0
5921,ocgt,2030,7,17,17,0.0
5922,ocgt,2030,7,18,18,0.0
5923,ocgt,2030,7,19,19,0.0
5924,ocgt,2030,7,20,20,0.0
5925,ocgt,2030,7,21,21,0.0
5926,ocgt,2030,7,22,22,0.0
5927,ocgt,2030,7,23,23,0.0
5928,ocgt,2030,7,24,24,0.0
5929,ocgt,2030,8,1,1,0.0
5930,ocgt,2030,8,2,2,0.0
5931,ocgt,2030,8,3,3,0.0
5932,ocgt,2030,8,4,4,0.0
5933,ocgt,2030,8,5,5,0.0
5934,ocgt,2030,8,6,6,0.0
5935,ocgt,2030,8,7,7,0.0
5936,ocgt,2030,8,8,8,0.0
5937,ocgt,2030,8,9,9,0.0
5938,ocgt,2030,8,10,10,0.0
5939,ocgt,2030,8,11,11,0.0
5940,ocgt,2030,8,12,12,0.0
5941,ocgt,2030,8,13,13,0.0
5942,ocgt,2030,8,14,14,0.0
5943,ocgt,2030,8,15,15,0.0
5944,ocgt,2030,8,16,16,0.0
5945,ocgt,2030,8,17,17,0.0
5946,ocgt,2030,8,18,18,0.0
5947,ocgt,2030,8,19,19,0.0
5948,ocgt,2030,8,20,20,0.0
5949,ocgt,2030,8,21,21,0.0
5950,ocgt,2030,8,22,22,0.0
5951,ocgt,2030,8,23,23,0.0
5952,ocgt,2030,8,24,24,0.0
5953,ocgt,2030,9,1,1,0.0
5954,ocgt,2030,9,2,2,0.0
5955,ocgt,2030,9,3,3,0.0
5956,ocgt,2030,9,4,4,0.0
5957,ocgt,2030,9,5,5,0.0
5958,ocgt,2030,9,6,6,0.0
5959,ocgt,2030,9,7,7,0.0
5960,ocgt,2030,9,8,8,0.0
5961,ocgt,2030,9,9,9,0.0
5962,ocgt,2030,9,10,10,0.0
5963,ocgt,2030,9,11,11,0.0
5964,ocgt,2030,9,12,12,0.0
5965,ocgt,2030,9,13,13,0.0
5966,ocgt,2030,9,14,14,0.0
5967,ocgt,2030,9,15,15,0.0
5968,ocgt,2030,9,16,16,0.0
5969,ocgt,2030,9,17,17,0.0
5970,ocgt,2030,9,18,18,0.0
5971,ocgt,2030,9,19,19,0.0
5972,ocgt,2030,9,20,20,0.0
5973,ocgt,2030,9,21,21,0.0
5974,ocgt,2030,9,22,22,0.0
5975,ocgt,2030,9,23,23,0.0
5976,ocgt,2030,9,24,24,0.0
5977,ocgt,2030,10,1,1,0.0
5978,ocgt,2030,10,2,2,0.0
5979,ocgt,2030,10,3,3,0.0
5980,ocgt,2030,10,4,4,0.0
5981,ocgt,2030,10,5,5,0.0
5982,ocgt,2030,10,6,6,0.0
5983,ocgt,2030,10,7,7,0.0
5984,ocgt,2030,10,8,8,0.0
5985,ocgt,2030,10,9,9,0.0
5986,ocgt,2030,10,10,10,0.0
5987,ocgt,2030,10,11,11,0.0
5988,ocgt,2030,10,12,12,0.0
5989,ocgt,2030,10,13,13,0.0
5990,ocgt,2030,10,14,14,0.0
5991,ocgt,2030,10,15,15,0.0
5992,ocgt,2030,10,16,16,0.0
5993,ocgt,2030,10,17,17,0.0
5994,ocgt,2030,10,18,18,0.0
5995,ocgt,2030,10,19,19,0.0
5996,ocgt,2030,10,20,20,0.0
5997,ocgt,2030,10,21,21,0.0
5998,ocgt,2030,10,22,22,0.0
5999,ocgt,2030,10,23,23,0.0
6000,ocgt,2030,10,24,24,0.0
6001,ocgt,2030,11,1,1,0.0
6002,ocgt,2030,11,2,2,0.0
6003,ocgt,2030,11,3,3,0.0
6004,ocgt,2030,11,4,4,0.0
6005,ocgt,2030,11,5,5,0.0
6006,ocgt,2030,11,6,6,0.0
6007,ocgt,2030,11,7,7,0.0
6008,ocgt,2030,11,8,8,0.0
6009,ocgt,2030,11,9,9,0.0
6010,ocgt,2030,11,10,10,0.0
6011,ocgt,2030,11,11,11,0.0
6012,ocgt,2030,11,12,12,0.0
6013,ocgt,2030,11,13,13,0.0
6014,ocgt,2030,11,14,14,0.0
6015,ocgt,2030,11,15,15,0.0
6016,ocgt,2030,11,16,16,0.0
6017,ocgt,2030,11,17,17,0.0
6018,ocgt,2030,11,18,18,0.0
6019,ocgt,2030,11,19,19,0.0
6020,ocgt,2030,11,20,20,0.0
6021,ocgt,2030,11,21,21,0.0
6022,ocgt,2030,11,22,22,0.0
6023,ocgt,2030,11,23,23,0.0
6024,ocgt,2030,11,24,24,0.0
6025,ocgt,2030,12,1,1,0.0
6026,ocgt,2030,12,2,2,0.0
6027,ocgt,2030,12,3,3,0.0
6028,ocgt,2030,12,4,4,0.0
6029,ocgt,2030,12,5,5,0.0
6030,ocgt,2030,12,6,6,0.0
6031,ocgt,2030,12,7,7,0.0
6032,ocgt,2030,12,8,8,0.0
6033,ocgt,2030,12,9,9,0.0
6034,ocgt,2030,12,10,10,0.0
6035,ocgt,2030,12,11,11,0.0
6036,ocgt,2030,12,12,12,0.0
6037,ocgt,2030,12,13,13,0.0
6038,ocgt,2030,12,14,14,0.0
6039,ocgt,2030,12,15,15,0.0
6040,ocgt,2030,12,16,16,0.0
6041,ocgt,2030,12,17,17,0.0
6042,ocgt,2030,12,18,18,0.0
6043,ocgt,2030,12,19,19,0.0
6044,ocgt,2030,12,20,20,0.0
6045,ocgt,2030,12,21,21,0.0
6046,ocgt,2030,12,22,22,0.0
6047,ocgt,2030,12,23,23,0.0
6048,ocgt,2030,12,24,24,0.0
6049,ocgt,2030,13,1,1,0.0
6050,ocgt,2030,13,2,2,0.0
6051,ocgt,2030,13,3,3,0.0
6052,ocgt,2030,13,4,4,0.0
6053,ocgt,2030,13,5,5,0.0
6054,ocgt,2030,13,6,6,0.0
6055,ocgt,2030,13,7,7,0.0
6056,ocgt,2030,13,8,8,0.0
6057,ocgt,2030,13,9,9,0.0
6058,ocgt,2030,13,10,10,0.0
6059,ocgt,2030,13,11,11,0.0
6060,ocgt,2030,13,12,12,0.0
6061,ocgt,2030,13,13,13,0.0
6062,ocgt,2030,13,14,14,0.0
6063,ocgt,2030,13,15,15,0.0
6064,ocgt,2030,13,16,16,0.0
6065,ocgt,2030,13,17,17,0.0
6066,ocgt,2030,13,18,18,0.0
6067,ocgt,2030,13,19,19,0.0
6068,ocgt,2030,13,20,20,0.0
6069,ocgt,2030,13,21,21,0.0
6070,ocgt,2030,13,22,22,0.0
6071,ocgt,2030,13,23,23,0.0
6072,ocgt,2030,13,24,24,0.0
6073,ocgt,2030,14,1,1,0.0
6074,ocgt,2030,14,2,2,0.0
6075,ocgt,2030,14,3,3,0.0
6076,ocgt,2030,14,4,4,0.0
6077,ocgt,2030,14,5,5,0.0
6078,ocgt,2030,14,6,6,0.0
6079,ocgt,2030,14,7,7,0.0
6080,ocgt,2030,14,8,8,0.0
6081,ocgt,2030,14,9,9,0.0
6082,ocgt,2030,14,10,10,0.0
6083,ocgt,2030,14,11,11,0.0
6084,ocgt,2030,14,12,12,0.0
6085,ocgt,2030,14,13,13,0.0
6086,ocgt,2030,14,14,14,0.0
6087,ocgt,2030,14,15,15,0.0
6088,ocgt,2030,14,16,16,0.0
6089,ocgt,2030,14,17,17,0.0
6090,ocgt,2030,14,18,18,0.0
6091,ocgt,2030,14,19,19,0.0
6092,ocgt,2030,14,20,20,0.0
6093,ocgt,2030,14,21,21,0.0
6094,ocgt,2030,14,22,22,0.0
6095,ocgt,2030,14,23,23,0.0
6096,ocgt,2030,14,24,24,0.0
6097,ocgt,2030,15,1,1,0.0
6098,ocgt,2030,15,2,2,0.0
6099,ocgt,2030,15,3,3,0.0
6100,ocgt,2030,15,4,4,0.0
6101,ocgt,2030,15,5,5,0.0
6102,ocgt,2030,15,6,6,0.0
6103,ocgt,2030,15,7,7,0.0
6104,ocgt,2030,15,8,8,0.0
6105,ocgt,2030,15,9,9,0.0
6106,ocgt,2030,15,10,10,0.0
6107,ocgt,2030,15,11,11,0.0
6108,ocgt,2030,15,12,12,0.0
6109,ocgt,2030,15,13,13,0.0
6110,ocgt,2030,15,14,14,0.0
6111,ocgt,2030,15,15,15,0.0
6112,ocgt,2030,15,16,16,0.0
6113,ocgt,2030,15,17,17,0.0
6114,ocgt,2030,15,18,18,0.0
6115,ocgt,2030,15,19,19,0.0
6116,ocgt,2030,15,20,20,0.0
6117,ocgt,2030,15,21,21,0.0
6118,ocgt,2030,15,22,22,0.0
6119,ocgt,2030,15,23,23,0.0
6120,ocgt,2030,15,24,24,0.0
6121,ocgt,2030,16,1,1,0.0
6122,ocgt,2030,16,2,2,0.0
6123,ocgt,2030,16,3,3,0.0
6124,ocgt,2030,16,4,4,0.0
6125,ocgt,2030,16,5,5,0.0
6126,ocgt,2030,16,6,6,0.0
6127,ocgt,2030,16,7,7,0.0
6128,ocgt,2030,16,8,8,0.0
6129,ocgt,2030,16,9,9,0.0
6130,ocgt,2030,16,10,10,0.0
6131,ocgt,2030,16,11,11,0.0
6132,ocgt,2030,16,12,12,0.0
6133,ocgt,2030,16,13,13,0.0
6134,ocgt,2030,16,14,14,0.0
6135,ocgt,2030,16,15,15,0.0
6136,ocgt,2030,16,16,16,0.0
6137,ocgt,2030,16,17,17,0.0
6138,ocgt,2030,16,18,18,0.0
6139,ocgt,2030,16,19,19,0.0
6140,ocgt,2030,16,20,20,0.0
6141,ocgt,2030,16,21,21,0.0
6142,ocgt,2030,16,22,22,0.0
6143,ocgt,2030,16,23,23,0.0
6144,ocgt,2030,16,24,24,0.0
6145,ocgt,2030,17,1,1,0.0
6146,ocgt,2030,17,2,2,0.0
6147,ocgt,2030,17,3,3,0.0
6148,ocgt,2030,17,4,4,0.0
6149,ocgt,2030,17,5,5,0.0
6150,ocgt,2030,17,6,6,0.0
6151,ocgt,2030,17,7,7,0.0
6152,ocgt,2030,17,8,8,0.0
6153,ocgt,2030,17,9,9,0.0
6154,ocgt,2030,17,10,10,0.0
6155,ocgt,2030,17,11,11,0.0
6156,ocgt,2030,17,12,12,0.0
6157,ocgt,2030,17,13,13,0.0
6158,ocgt,2030,17,14,14,0.0
6159,ocgt,2030,17,15,15,0.0
6160,ocgt,2030,17,16,16,0.0
6161,ocgt,2030,17,17,17,0.0
6162,ocgt,2030,17,18,18,0.0
6163,ocgt,2030,17,19,19,0.0
6164,ocgt,2030,17,20,20,0.0
6165,ocgt,2030,17,21,21,0.0
6166,ocgt,2030,17,22,22,0.0
6167,ocgt,2030,17,23,23,0.0
6168,ocgt,2030,17,24,24,0.0
6169,ocgt,2030,18,1,1,0.0
6170,ocgt,2030,18,2,2,0.0
6171,ocgt,2030,18,3,3,0.0
6172,ocgt,2030,18,4,4,0.0
6173,ocgt,2030,18,5,5,0.0
6174,ocgt,2030,18,6,6,0.0
6175,ocgt,2030,18,7,7,0.0
6176,ocgt,2030,18,8,8,0.0
6177,ocgt,2030,18,9,9,0.0
6178,ocgt,2030,18,10,10,0.0
6179,ocgt,2030,18,11,11,0.0
6180,ocgt,2030,18,12,12,0.0
6181,ocgt,2030,18,13,13,0.0
6182,ocgt,2030,18,14,14,0.0
6183,ocgt,2030,18,15,15,0.0
6184,ocgt,2030,18,16,16,0.0
6185,ocgt,2030,18,17,17,0.0
6186,ocgt,2030,18,18,18,0.0
6187,ocgt,2030,18,19,19,0.0
6188,ocgt,2030,18,20,20,0.0
6189,ocgt,2030,18,21,21,0.0
6190,ocgt,2030,18,22,22,0.0
6191,ocgt,2030,18,23,23,0.0
6192,ocgt,2030,18,24,24,0.0
6193,ocgt,2030,19,1,1,0.0
6194,ocgt,2030,19,2,2,0.0
6195,ocgt,2030,19,3,3,0.0
6196,ocgt,2030,19,4,4,0.0
6197,ocgt,2030,19,5,5,0.0
6198,ocgt,2030,19,6,6,0.0
6199,ocgt,2030,19,7,7,0.0
6200,ocgt,2030,19,8,8,0.0
6201,ocgt,2030,19,9,9,0.0
6202,ocgt,2030,19,10,10,0.0
6203,ocgt,2030,19,11,11,0.0
6204,ocgt,2030,19,12,12,0.0
6205,ocgt,2030,19,13,13,0.0
6206,ocgt,2030,19,14,14,0.0
6207,ocgt,2030,19,15,15,0.0
6208,ocgt,2030,19,16,16,0.0
6209,ocgt,2030,19,17,17,0.0
6210,ocgt,2030,19,18,18,0.0
6211,ocgt,2030,19,19,19,0.0
6212,ocgt,2030,19,20,20,0.0
6213,ocgt,2030,19,21,21,0.0
6214,ocgt,2030,19,22,22,0.0
6215,ocgt,2030,19,23,23,0.0
6216,ocgt,2030,19,24,24,0.0
6217,ocgt,2030,20,1,1,0.0
6218,ocgt,2030,20,2,2,0.0
6219,ocgt,2030,20,3,3,0.0
6220,ocgt,2030,20,4,4,0.0
6221,ocgt,2030,20,5,5,0.0
6222,ocgt,2030,20,6,6,0.0
6223,ocgt,2030,20,7,7,0.0
6224,ocgt,2030,20,8,8,0.0
6225,ocgt,2030,20,9,9,0.0
6226,ocgt,2030,20,10,10,0.0
6227,ocgt,2030,20,11,11,0.0
6228,ocgt,2030,20,12,12,0.0
6229,ocgt,2030,20,13,13,0.0
6230,ocgt,2030,20,14,14,0.0
6231,ocgt,2030,20,15,15,0.0
6232,ocgt,2030,20,16,16,0.0
6233,ocgt,2030,20,17,17,0.0
6234,ocgt,2030,20,18,18,0.0
6235,ocgt,2030,20,19,19,0.0
6236,ocgt,2030,20,20,20,0.0
6237,ocgt,2030,20,21,21,0.0
6238,ocgt,2030,20,22,22,0.0
6239,ocgt,2030,20,23,23,0.0
6240,ocgt,2030,20,24,24,0.0
6241,ocgt,2030,21,1,1,0.0
6242,ocgt,2030,21,2,2,0.0
6243,ocgt,2030,21,3,3,0.0
6244,ocgt,2030,21,4,4,0.0
6245,ocgt,2030,21,5,5,0.0
6246,ocgt,2030,21,6,6,0.0
6247,ocgt,2030,21,7,7,0.0
6248,ocgt,2030,21,8,8,0.0
6249,ocgt,2030,21,9,9,0.0
6250,ocgt,2030,21,10,10,0.0
6251,ocgt,2030,21,11,11,0.0
6252,ocgt,2030,21,12,12,0.0
6253,ocgt,2030,21,13,13,0.0
6254,ocgt,2030,21,14,14,0.0
6255,ocgt,2030,21,15,15,0.0
6256,ocgt,2030,21,16,16,0.0
6257,ocgt,2030,21,17,17,0.0
6258,ocgt,2030,21,18,18,0.0
6259,ocgt,2030,21,19,19,0.0
6260,ocgt,2030,21,20,20,0.0
6261,ocgt,2030,21,21,21,0.0
6262,ocgt,2030,21,22,22,0.0
6263,ocgt,2030,21,23,23,0.0
6264,ocgt,2030,21,24,24,0.0
6265,ocgt,2030,22,1,1,0.0
6266,ocgt,2030,22,2,2,0.0
6267,ocgt,2030,22,3,3,0.0
6268,ocgt,2030,22,4,4,0.0
6269,ocgt,2030,22,5,5,0.0
6270,ocgt,2030,22,6,6,0.0
6271,ocgt,2030,22,7,7,0.0
6272,ocgt,2030,22,8,8,0.0
6273,ocgt,2030,22,9,9,0.0
6274,ocgt,2030,22,10,10,0.0
6275,ocgt,2030,22,11,11,0.0
6276,ocgt,2030,22,12,12,0.0
6277,ocgt,2030,22,13,13,0.0
6278,ocgt,2030,22,14,14,0.0
6279,ocgt,2030,22,15,15,0.0
6280,ocgt,2030,22,16,16,0.0
6281,ocgt,2030,22,17,17,0.0
6282,ocgt,2030,22,18,18,0.0
6283,ocgt,2030,22,19,19,0.0
6284,ocgt,2030,22,20,20,0.0
6285,ocgt,2030,22,21,21,0.0
6286,ocgt,2030,22,22,22,0.0
6287,ocgt,2030,22,23,23,0.0
6288,ocgt,2030,22,24,24,0.0
6289,ocgt,2030,23,1,1,0.0
6290,ocgt,2030,23,2,2,0.0
6291,ocgt,2030,23,3,3,0.0
6292,ocgt,2030,23,4,4,0.0
6293,ocgt,2030,23,5,5,0.0
6294,ocgt,2030,23,6,6,0.0
6295,ocgt,2030,23,7,7,0.0
6296,ocgt,2030,23,8,8,0.0
6297,ocgt,2030,23,9,9,0.0
6298,ocgt,2030,23,10,10,0.0
6299,ocgt,2030,23,11,11,0.0
6300,ocgt,2030,23,12,12,0.0
6301,ocgt,2030,23,13,13,0.0
6302,ocgt,2030,23,14,14,0.0
6303,ocgt,2030,23,15,15,0.0
6304,ocgt,2030,23,16,16,0.0
6305,ocgt,2030,23,17,17,0.0
6306,ocgt,2030,23,18,18,0.0
6307,ocgt,2030,23,19,19,0.0
6308,ocgt,2030,23,20,20,0.0
6309,ocgt,2030,23,21,21,0.0
6310,ocgt,2030,23,22,22,0.0
6311,ocgt,2030,23,23,23,0.0
6312,ocgt,2030,23,24,24,0.0
6313,ocgt,2030,24,1,1,0.0
6314,ocgt,2030,24,2,2,0.0
6315,ocgt,2030,24,3,3,0.0
6316,ocgt,2030,24,4,4,0.0
6317,ocgt,2030,24,5,5,0.0
6318,ocgt,2030,24,6,6,0.0
6319,ocgt,2030,24,7,7,0.0
6320,ocgt,2030,24,8,8,0.0
6321,ocgt,2030,24,9,9,0.0
6322,ocgt,2030,24,10,10,0.0
6323,ocgt,2030,24,11,11,0.0
6324,ocgt,2030,24,12,12,0.0
6325,ocgt,2030,24,13,13,0.0
6326,ocgt,2030,24,14,14,0.0
6327,ocgt,2030,24,15,15,0.0
6328,ocgt,2030,24,16,16,0.0
6329,ocgt,2030,24,17,17,0.0
6330,ocgt,2030,24,18,18,0.0
6331,ocgt,2030,24,19,19,0.0
6332,ocgt,2030,24,20,20,0.0
6333,ocgt,2030,24,21,21,0.0
6334,ocgt,2030,24,22,22,0.0
6335,ocgt,2030,24,23,23,0.0
6336,ocgt,2030,24,24,24,0.0
6337,ocgt,2030,25,1,1,0.0
6338,ocgt,2030,25,2,2,0.0
6339,ocgt,2030,25,3,3,0.0
6340,ocgt,2030,25,4,4,0.0
6341,ocgt,2030,25,5,5,0.0
6342,ocgt,2030,25,6,6,0.0
6343,ocgt,2030,25,7,7,0.0
6344,ocgt,2030,25,8,8,0.0
6345,ocgt,2030,25,9,9,0.0
6346,ocgt,2030,25,10,10,0.0
6347,ocgt,2030,25,11,11,0.0
6348,ocgt,2030,25,12,12,0.0
6349,ocgt,2030,25,13,13,0.0
6350,ocgt,2030,25,14,14,0.0
6351,ocgt,2030,25,15,15,0.0
6352,ocgt,2030,25,16,16,0.0
6353,ocgt,2030,25,17,17,0.0
6354,ocgt,2030,25,18,18,0.0
6355,ocgt,2030,25,19,19,0.0
6356,ocgt,2030,25,20,20,0.0
6357,ocgt,2030,25,21,21,0.0
6358,ocgt,2030,25,22,22,0.0
6359,ocgt,2030,25,23,23,0.0
6360,ocgt,2030,25,24,24,0.0
6361,ocgt,2030,26,1,1,0.0
6362,ocgt,2030,26,2,2,0.0
6363,ocgt,2030,26,3,3,0.0
6364,ocgt,2030,26,4,4,0.0
6365,ocgt,2030,26,5,5,0.0
6366,ocgt,2030,26,6,6,0.0
6367,ocgt,2030,26,7,7,0.0
6368,ocgt,2030,26,8,8,0.0
6369,ocgt,2030,26,9,9,0.0
6370,ocgt,2030,26,10,10,0.0
6371,ocgt,2030,26,11,11,0.0
6372,ocgt,2030,26,12,12,0.0
6373,ocgt,2030,26,13,13,0.0
6374,ocgt,2030,26,14,14,0.0
6375,ocgt,2030,26,15,15,0.0
6376,ocgt,2030,26,16,16,0.0
6377,ocgt,2030,26,17,17,0.0
6378,ocgt,2030,26,18,18,0.0
6379,ocgt,2030,26,19,19,0.0
6380,ocgt,2030,26,20,20,0.0
6381,ocgt,2030,26,21,21,0.0
6382,ocgt,2030,26,22,22,0.0
6383,ocgt,2030,26,23,23,0.0
6384,ocgt,2030,26,24,24,0.0
6385,ocgt,2030,27,1,1,0.0
6386,ocgt,2030,27,2,2,0.0
6387,ocgt,2030,27,3,3,0.0
6388,ocgt,2030,27,4,4,0.0
6389,ocgt,2030,27,5,5,0.0
6390,ocgt,2030,27,6,6,0.0
6391,ocgt,2030,27,7,7,0.0
6392,ocgt,2030,27,8,8,0.0
6393,ocgt,2030,27,9,9,0.0
6394,ocgt,2030,27,10,10,0.0
6395,ocgt,2030,27,11,11,0.0
6396,ocgt,2030,27,12,12,0.0
6397,ocgt,2030,27,13,13,0.0
6398,ocgt,2030,27,14,14,0.0
6399,ocgt,2030,27,15,15,0.0
6400,ocgt,2030,27,16,16,0.0
6401,ocgt,2030,27,17,17,0.0
6402,ocgt,2030,27,18,18,0.0
6403,ocgt,2030,27,19,19,0.0
6404,ocgt,2030,27,20,20,0.0
6405,ocgt,2030,27,21,21,0.0
6406,ocgt,2030,27,22,22,0.0
6407,ocgt,2030,27,23,23,0.0
6408,ocgt,2030,27,24,24,0.0
6409,ocgt,2030,28,1,1,0.0
6410,ocgt,2030,28,2,2,0.0
6411,ocgt,2030,28,3,3,0.0
6412,ocgt,2030,28,4,4,0.0
6413,ocgt,2030,28,5,5,0.0
6414,ocgt,2030,28,6,6,0.0
6415,ocgt,2030,28,7,7,0.0
6416,ocgt,2030,28,8,8,0.0
6417,ocgt,2030,28,9,9,0.0
6418,ocgt,2030,28,10,10,0.0
6419,ocgt,2030,28,11,11,0.0
6420,ocgt,2030,28,12,12,0.0
6421,ocgt,2030,28,13,13,0.0
6422,ocgt,2030,28,14,14,0.0
6423,ocgt,2030,28,15,15,0.0
6424,ocgt,2030,28,16,16,0.0
6425,ocgt,2030,28,17,17,0.0
6426,ocgt,2030,28,18,18,0.0
6427,ocgt,2030,28,19,19,0.0
6428,ocgt,2030,28,20,20,0.0
6429,ocgt,2030,28,21,21,0.0
6430,ocgt,2030,28,22,22,0.0
6431,ocgt,2030,28,23,23,0.0
6432,ocgt,2030,28,24,24,0.0
6433,ocgt,2030,29,1,1,0.0
6434,ocgt,2030,29,2,2,0.0
6435,ocgt,2030,29,3,3,0.0
6436,ocgt,2030,29,4,4,0.0
6437,ocgt,2030,29,5,5,0.0
6438,ocgt,2030,29,6,6,0.0
6439,ocgt,2030,29,7,7,0.0
6440,ocgt,2030,29,8,8,0.0
6441,ocgt,2030,29,9,9,0.0
6442,ocgt,2030,29,10,10,0.0
6443,ocgt,2030,29,11,11,0.0
6444,ocgt,2030,29,12,12,0.0
6445,ocgt,2030,29,13,13,0.0
6446,ocgt,2030,29,14,14,0.0
6447,ocgt,2030,29,15,15,0.0
6448,ocgt,2030,29,16,16,0.0
6449,ocgt,2030,29,17,17,0.0
6450,ocgt,2030,29,18,18,0.0
6451,ocgt,2030,29,19,19,0.0
6452,ocgt,2030,29,20,20,0.0
6453,ocgt,2030,29,21,21,0.0
6454,ocgt,2030,29,22,22,0.0
6455,ocgt,2030,29,23,23,0.0
6456,ocgt,2030,29,24,24,0.0
6457,ocgt,2030,30,1,1,0.0
6458,ocgt,2030,30,2,2,0.0
6459,ocgt,2030,30,3,3,0.0
6460,ocgt,2030,30,4,4,0.0
6461,ocgt,2030,30,5,5,0.0
6462,ocgt,2030,30,6,6,0.0
6463,ocgt,2030,30,7,7,0.0
6464,ocgt,2030,30,8,8,0.0
6465,ocgt,2030,30,9,9,0.0
6466,ocgt,2030,30,10,10,0.0
6467,ocgt,2030,30,11,11,0.0
6468,ocgt,2030,30,12,12,0.0
6469,ocgt,2030,30,13,13,0.0
6470,ocgt,2030,30,14,14,0.0
6471,ocgt,2030,30,15,15,0.0
6472,ocgt,2030,30,16,16,0.0
6473,ocgt,2030,30,17,17,0.0
6474,ocgt,2030,30,18,18,0.0
6475,ocgt,2030,30,19,19,0.0
6476,ocgt,2030,30,20,20,0.0
6477,ocgt,2030,30,21,21,0.0
6478,ocgt,2030,30,22,22,0.0
6479,ocgt,2030,30,23,23,0.0
6480,ocgt,2030,30,24,24,0.0
6481,ocgt,2030,31,1,1,0.0
6482,ocgt,2030,31,2,2,0.0
6483,ocgt,2030,31,3,3,0.0
6484,ocgt,2030,31,4,4,0.0
6485,ocgt,2030,31,5,5,0.0
6486,ocgt,2030,31,6,6,0.0
6487,ocgt,2030,31,7,7,0.0
6488,ocgt,2030,31,8,8,0.0
6489,ocgt,2030,31,9,9,0.0
6490,ocgt,2030,31,10,10,0.0
6491,ocgt,2030,31,11,11,0.0
6492,ocgt,2030,31,12,12,0.0
6493,ocgt,2030,31,13,13,0.0
6494,ocgt,2030,31,14,14,0.0
6495,ocgt,2030,31,15,15,0.0
6496,ocgt,2030,31,16,16,0.0
6497,ocgt,2030,31,17,17,0.0
6498,ocgt,2030,31,18,18,0.0
6499,ocgt,2030,31,19,19,0.0
6500,ocgt,2030,31,20,20,0.0
6501,ocgt,2030,31,21,21,0.0
6502,ocgt,2030,31,22,22,0.0
6503,ocgt,2030,31,23,23,0.0
6504,ocgt,2030,31,24,24,0.0
6505,ocgt,2030,32,1,1,0.0
6506,ocgt,2030,32,2,2,0.0
6507,ocgt,2030,32,3,3,0.0
6508,ocgt,2030,32,4,4,0.0
6509,ocgt,2030,32,5,5,0.0
6510,ocgt,2030,32,6,6,0.0
6511,ocgt,2030,32,7,7,0.0
6512,ocgt,2030,32,8,8,0.0
6513,ocgt,2030,32,9,9,0.0
6514,ocgt,2030,32,10,10,0.0
6515,ocgt,2030,32,11,11,0.0
6516,ocgt,2030,32,12,12,0.0
6517,ocgt,2030,32,13,13,0.0
6518,ocgt,2030,32,14,14,0.0
6519,ocgt,2030,32,15,15,0.0
6520,ocgt,2030,32,16,16,0.0
6521,ocgt,2030,32,17,17,0.0
6522,ocgt,2030,32,18,18,0.0
6523,ocgt,2030,32,19,19,0.0
6524,ocgt,2030,32,20,20,0.0
6525,ocgt,2030,32,21,21,0.0
6526,ocgt,2030,32,22,22,0.0
6527,ocgt,2030,32,23,23,0.0
6528,ocgt,2030,32,24,24,0.0
6529,ocgt,2030,33,1,1,0.0
6530,ocgt,2030,33,2,2,0.0
6531,ocgt,2030,33,3,3,0.0
6532,ocgt,2030,33,4,4,0.0
6533,ocgt,2030,33,5,5,0.0
6534,ocgt,2030,33,6,6,0.0
6535,ocgt,2030,33,7,7,0.0
6536,ocgt,2030,33,8,8,0.0
6537,ocgt,2030,33,9,9,0.0
6538,ocgt,2030,33,10,10,0.0
6539,ocgt,2030,33,11,11,0.0
6540,ocgt,2030,33,12,12,0.0
6541,ocgt,2030,33,13,13,0.0
6542,ocgt,2030,33,14,14,0.0
6543,ocgt,2030,33,15,15,0.0
6544,ocgt,2030,33,16,16,0.0
6545,ocgt,2030,33,17,17,0.0
6546,ocgt,2030,33,18,18,0.0
6547,ocgt,2030,33,19,19,0.0
6548,ocgt,2030,33,20,20,0.0
6549,ocgt,2030,33,21,21,0.0
6550,ocgt,2030,33,22,22,0.0
6551,ocgt,2030,33,23,23,0.0
6552,ocgt,2030,33,24,24,0.0
6553,ocgt,2030,34,1,1,0.0
6554,ocgt,2030,34,2,2,0.0
6555,ocgt,2030,34,3,3,0.0
6556,ocgt,2030,34,4,4,0.0
6557,ocgt,2030,34,5,5,0.0
6558,ocgt,2030,34,6,6,0.0
6559,ocgt,2030,34,7,7,0.0
6560,ocgt,2030,34,8,8,0.0
6561,ocgt,2030,34,9,9,0.0
6562,ocgt,2030,34,10,10,0.0
6563,ocgt,2030,34,11,11,0.0
6564,ocgt,2030,34,12,12,0.0
6565,ocgt,2030,34,13,13,0.0
6566,ocgt,2030,34,14,14,0.0
6567,ocgt,2030,34,15,15,0.0
6568,ocgt,2030,34,16,16,0.0
6569,ocgt,2030,34,17,17,0.0
6570,ocgt,2030,34,18,18,0.0
6571,ocgt,2030,34,19,19,0.0
6572,ocgt,2030,34,20,20,0.0
6573,ocgt,2030,34,21,21,0.0
6574,ocgt,2030,34,22,22,0.0
6575,ocgt,2030,34,23,23,0.0
6576,ocgt,2030,34,24,24,0.0
6577,ocgt,2030,35,1,1,0.0
6578,ocgt,2030,35,2,2,0.0
6579,ocgt,2030,35,3,3,0.0
6580,ocgt,2030,35,4,4,0.0
6581,ocgt,2030,35,5,5,0.0
6582,ocgt,2030,35,6,6,0.0
6583,ocgt,2030,35,7,7,0.0
6584,ocgt,2030,35,8,8,0.0
6585,ocgt,2030,35,9,9,0.0
6586,ocgt,2030,35,10,10,0.0
6587,ocgt,2030,35,11,11,0.0
6588,ocgt,2030,35,12,12,0.0
6589,ocgt,2030,35,13,13,0.0
6590,ocgt,2030,35,14,14,0.0
6591,ocgt,2030,35,15,15,0.0
6592,ocgt,2030,35,16,16,0.0
6593,ocgt,2030,35,17,17,0.0
6594,ocgt,2030,35,18,18,0.0
6595,ocgt,2030,35,19,19,0.0
6596,ocgt,2030,35,20,20,0.0
6597,ocgt,2030,35,21,21,0.0
6598,ocgt,2030,35,22,22,0.0
6599,ocgt,2030,35,23,23,0.0
6600,ocgt,2030,35,24,24,0.0
6601,ocgt,2030,36,1,1,0.0
6602,ocgt,2030,36,2,2,0.0
6603,ocgt,2030,36,3,3,0.0
6604,ocgt,2030,36,4,4,0.0
6605,ocgt,2030,36,5,5,0.0
6606,ocgt,2030,36,6,6,0.0
6607,ocgt,2030,36,7,7,0.0
6608,ocgt,2030,36,8,8,0.0
6609,ocgt,2030,36,9,9,0.0
6610,ocgt,2030,36,10,10,0.0
6611,ocgt,2030,36,11,11,0.0
6612,ocgt,2030,36,12,12,0.0
6613,ocgt,2030,36,13,13,0.0
6614,ocgt,2030,36,14,14,0.0
6615,ocgt,2030,36,15,15,0.0
6616,ocgt,2030,36,16,16,0.0
6617,ocgt,2030,36,17,17,0.0
6618,ocgt,2030,36,18,18,0.0
6619,ocgt,2030,36,19,19,0.0
6620,ocgt,2030,36,20,20,0.0
6621,ocgt,2030,36,21,21,0.0
6622,ocgt,2030,36,22,22,0.0
6623,ocgt,2030,36,23,23,0.0
6624,ocgt,2030,36,24,24,0.0
6625,ocgt,2030,37,1,1,0.0
6626,ocgt,2030,37,2,2,0.0
6627,ocgt,2030,37,3,3,0.0
6628,ocgt,2030,37,4,4,0.0
6629,ocgt,2030,37,5,5,0.0
6630,ocgt,2030,37,6,6,0.0
6631,ocgt,2030,37,7,7,0.0
6632,ocgt,2030,37,8,8,0.0
6633,ocgt,2030,37,9,9,0.0
6634,ocgt,2030,37,10,10,0.0
6635,ocgt,2030,37,11,11,0.0
6636,ocgt,2030,37,12,12,0.0
6637,ocgt,2030,37,13,13,0.0
6638,ocgt,2030,37,14,14,0.0
6639,ocgt,2030,37,15,15,0.0
6640,ocgt,2030,37,16,16,0.0
6641,ocgt,2030,37,17,17,0.0
6642,ocgt,2030,37,18,18,0.0
6643,ocgt,2030,37,19,19,0.0
6644,ocgt,2030,37,20,20,0.0
6645,ocgt,2030,37,21,21,0.0
6646,ocgt,2030,37,22,22,0.0
6647,ocgt,2030,37,23,23,0.0
6648,ocgt,2030,37,24,24,0.0
6649,ocgt,2030,38,1,1,0.0
6650,ocgt,2030,38,2,2,0.0
6651,ocgt,2030,38,3,3,0.0
6652,ocgt,2030,38,4,4,0.0
6653,ocgt,2030,38,5,5,0.0
6654,ocgt,2030,38,6,6,0.0
6655,ocgt,2030,38,7,7,0.0
6656,ocgt,2030,38,8,8,0.0
6657,ocgt,2030,38,9,9,0.0
6658,ocgt,2030,38,10,10,0.0
6659,ocgt,2030,38,11,11,0.0
6660,ocgt,2030,38,12,12,0.0
6661,ocgt,2030,38,13,13,0.0
6662,ocgt,2030,38,14,14,0.0
6663,ocgt,2030,38,15,15,0.0
6664,ocgt,2030,38,16,16,0.0
6665,ocgt,2030,38,17,17,0.0
6666,ocgt,2030,38,18,18,0.0
6667,ocgt,2030,38,19,19,0.0
6668,ocgt,2030,38,20,20,0.0
6669,ocgt,2030,38,21,21,0.0
6670,ocgt,2030,38,22,22,0.0
6671,ocgt,2030,38,23,23,0.0
6672,ocgt,2030,38,24,24,0.0
6673,ocgt,2030,39,1,1,0.0
6674,ocgt,2030,39,2,2,0.0
6675,ocgt,2030,39,3,3,0.0
6676,ocgt,2030,39,4,4,0.0
6677,ocgt,2030,39,5,5,0.0
6678,ocgt,2030,39,6,6,0.0
6679,ocgt,2030,39,7,7,0.0
6680,ocgt,2030,39,8,8,0.0
6681,ocgt,2030,39,9,9,0.0
6682,ocgt,2030,39,10,10,0.0
6683,ocgt,2030,39,11,11,0.0
6684,ocgt,2030,39,12,12,0.0
6685,ocgt,2030,39,13,13,0.0
6686,ocgt,2030,39,14,14,0.0
6687,ocgt,2030,39,15,15,0.0
6688,ocgt,2030,39,16,16,0.0
6689,ocgt,2030,39,17,17,0.0
6690,ocgt,2030,39,18,18,0.0
6691,ocgt,2030,39,19,19,0.0
6692,ocgt,2030,39,20,20,0.0
6693,ocgt,2030,39,21,21,0.0
6694,ocgt,2030,39,22,22,0.0
6695,ocgt,2030,39,23,23,0.0
6696,ocgt,2030,39,24,24,0.0
6697,ocgt,2030,40,1,1,0.0
6698,ocgt,2030,40,2,2,0.0
6699,ocgt,2030,40,3,3,0.0
6700,ocgt,2030,40,4,4,0.0
6701,ocgt,2030,40,5,5,0.0
6702,ocgt,2030,40,6,6,0.0
6703,ocgt,2030,40,7,7,0.0
6704,ocgt,2030,40,8,8,0.0
6705,ocgt,2030,40,9,9,0.0
6706,ocgt,2030,40,10,10,0.0
6707,ocgt,2030,40,11,11,0.0
6708,ocgt,2030,40,12,12,0.0
6709,ocgt,2030,40,13,13,0.0
6710,ocgt,2030,40,14,14,0.0
6711,ocgt,2030,40,15,15,0.0
6712,ocgt,2030,40,16,16,0.0
6713,ocgt,2030,40,17,17,0.0
6714,ocgt,2030,40,18,18,0.0
6715,ocgt,2030,40,19,19,0.0
6716,ocgt,2030,40,20,20,0.0
6717,ocgt,2030,40,21,21,0.0
6718,ocgt,2030,40,22,22,0.0
6719,ocgt,2030,40,23,23,0.0
6720,ocgt,2030,40,24,24,0.0
6721,ocgt,2030,41,1,1,0.0
6722,ocgt,2030,41,2,2,0.0
6723,ocgt,2030,41,3,3,0.0
6724,ocgt,2030,41,4,4,0.0
6725,ocgt,2030,41,5,5,0.0
6726,ocgt,2030,41,6,6,0.0
6727,ocgt,2030,41,7,7,0.0
6728,ocgt,2030,41,8,8,0.0
6729,ocgt,2030,41,9,9,0.0
6730,ocgt,2030,41,10,10,0.0
6731,ocgt,2030,41,11,11,0.0
6732,ocgt,2030,41,12,12,0.0
6733,ocgt,2030,41,13,13,0.0
6734,ocgt,2030,41,14,14,0.0
6735,ocgt,2030,41,15,15,0.0
6736,ocgt,2030,41,16,16,0.0
6737,ocgt,2030,41,17,17,0.0
6738,ocgt,2030,41,18,18,0.0
6739,ocgt,2030,41,19,19,0.0
6740,ocgt,2030,41,20,20,0.0
6741,ocgt,2030,41,21,21,0.0
6742,ocgt,2030,41,22,22,0.0
6743,ocgt,2030,41,23,23,0.0
6744,ocgt,2030,41,24,24,0.0
6745,ocgt,2030,42,1,1,0.0
6746,ocgt,2030,42,2,2,0.0
6747,ocgt,2030,42,3,3,0.0
6748,ocgt,2030,42,4,4,0.0
6749,ocgt,2030,42,5,5,0.0
6750,ocgt,2030,42,6,6,0.0
6751,ocgt,2030,42,7,7,0.0
6752,ocgt,2030,42,8,8,0.0
6753,ocgt,2030,42,9,9,0.0
6754,ocgt,2030,42,10,10,0.0
6755,ocgt,2030,42,11,11,0.0
6756,ocgt,2030,42,12,12,0.0
6757,ocgt,2030,42,13,13,0.0
6758,ocgt,2030,42,14,14,0.0
6759,ocgt,2030,42,15,15,0.0
6760,ocgt,2030,42,16,16,0.0
6761,ocgt,2030,42,17,17,0.0
6762,ocgt,2030,42,18,18,0.0
6763,ocgt,2030,42,19,19,0.0
6764,ocgt,2030,42,20,20,0.0
6765,ocgt,2030,42,21,21,0.0
6766,ocgt,2030,42,22,22,0.0
6767,ocgt,2030,42,23,23,0.0
6768,ocgt,2030,42,24,24,0.0
6769,ocgt,2030,43,1,1,0.0
6770,ocgt,2030,43,2,2,0.0
6771,ocgt,2030,43,3,3,0.0
6772,ocgt,2030,43,4,4,0.0
6773,ocgt,2030,43,5,5,0.0
6774,ocgt,2030,43,6,6,0.0
6775,ocgt,2030,43,7,7,0.0
6776,ocgt,2030,43,8,8,0.0
6777,ocgt,2030,43,9,9,0.0
6778,ocgt,2030,43,10,10,0.0
6779,ocgt,2030,43,11,11,0.0
6780,ocgt,2030,43,12,12,0.0
6781,ocgt,2030,43,13,13,0.0
6782,ocgt,2030,43,14,14,0.0
6783,ocgt,2030,43,15,15,0.0
6784,ocgt,2030,43,16,16,0.0
6785,ocgt,2030,43,17,17,0.0
6786,ocgt,2030,43,18,18,0.0
6787,ocgt,2030,43,19,19,0.0
6788,ocgt,2030,43,20,20,0.0
6789,ocgt,2030,43,21,21,0.0
6790,ocgt,2030,43,22,22,0.0
6791,ocgt,2030,43,23,23,0.0
6792,ocgt,2030,43,24,24,0.0
6793,ocgt,2030,44,1,1,0.0
6794,ocgt,2030,44,2,2,0.0
6795,ocgt,2030,44,3,3,0.0
6796,ocgt,2030,44,4,4,0.0
6797,ocgt,2030,44,5,5,0.0
6798,ocgt,2030,44,6,6,0.0
6799,ocgt,2030,44,7,7,0.0
6800,ocgt,2030,44,8,8,0.0
6801,ocgt,2030,44,9,9,0.0
6802,ocgt,2030,44,10,10,0.0
6803,ocgt,2030,44,11,11,0.0
6804,ocgt,2030,44,12,12,0.0
6805,ocgt,2030,44,13,13,0.0
6806,ocgt,2030,44,14,14,0.0
6807,ocgt,2030,44,15,15,0.0
6808,ocgt,2030,44,16,16,0.0
6809,ocgt,2030,44,17,17,0.0
6810,ocgt,2030,44,18,18,0.0
6811,ocgt,2030,44,19,19,0.0
6812,ocgt,2030,44,20,20,0.0
6813,ocgt,2030,44,21,21,0.0
6814,ocgt,2030,44,22,22,0.0
6815,ocgt,2030,44,23,23,0.0
6816,ocgt,2030,44,24,24,0.0
6817,ocgt,2030,45,1,1,0.0
6818,ocgt,2030,45,2,2,0.0
6819,ocgt,2030,45,3,3,0.0
6820,ocgt,2030,45,4,4,0.0
6821,ocgt,2030,45,5,5,0.0
6822,ocgt,2030,45,6,6,0.0
6823,ocgt,2030,45,7,7,0.0
6824,ocgt,2030,45,8,8,0.0
6825,ocgt,2030,45,9,9,0.0
6826,ocgt,2030,45,10,10,0.0
6827,ocgt,2030,45,11,11,0.0
6828,ocgt,2030,45,12,12,0.0
6829,ocgt,2030,45,13,13,0.0
6830,ocgt,2030,45,14,14,0.0
6831,ocgt,2030,45,15,15,0.0
6832,ocgt,2030,45,16,16,0.0
6833,ocgt,2030,45,17,17,0.0
6834,ocgt,2030,45,18,18,0.0
6835,ocgt,2030,45,19,19,0.0
6836,ocgt,2030,45,20,20,0.0
6837,ocgt,2030,45,21,21,0.0
6838,ocgt,2030,45,22,22,0.0
6839,ocgt,2030,45,23,23,0.0
6840,ocgt,2030,45,24,24,0.0
6841,ocgt,2030,46,1,1,0.0
6842,ocgt,2030,46,2,2,0.0
6843,ocgt,2030,46,3,3,0.0
6844,ocgt,2030,46,4,4,0.0
6845,ocgt,2030,46,5,5,0.0
6846,ocgt,2030,46,6,6,0.0
6847,ocgt,2030,46,7,7,0.0
6848,ocgt,2030,46,8,8,0.0
6849,ocgt,2030,46,9,9,0.0
6850,ocgt,2030,46,10,10,0.0
6851,ocgt,2030,46,11,11,0.0
6852,ocgt,2030,46,12,12,0.0
6853,ocgt,2030,46,13,13,0.0
6854,ocgt,2030,46,14,14,0.0
6855,ocgt,2030,46,15,15,0.0
6856,ocgt,2030,46,16,16,0.0
6857,ocgt,2030,46,17,17,0.0
6858,ocgt,2030,46,18,18,0.0
6859,ocgt,2030,46,19,19,0.0
6860,ocgt,2030,46,20,20,0.0
6861,ocgt,2030,46,21,21,0.0
6862,ocgt,2030,46,22,22,0.0
6863,ocgt,2030,46,23,23,0.0
6864,ocgt,2030,46,24,24,0.0
6865,ocgt,2030,47,1,1,0.0
6866,ocgt,2030,47,2,2,0.0
6867,ocgt,2030,47,3,3,0.0
6868,ocgt,2030,47,4,4,0.0
6869,ocgt,2030,47,5,5,0.0
6870,ocgt,2030,47,6,6,0.0
6871,ocgt,2030,47,7,7,0.0
6872,ocgt,2030,47,8,8,0.0
6873,ocgt,2030,47,9,9,0.0
6874,ocgt,2030,47,10,10,0.0
6875,ocgt,2030,47,11,11,0.0
6876,ocgt,2030,47,12,12,0.0
6877,ocgt,2030,47,13,13,0.0
6878,ocgt,2030,47,14,14,0.0
6879,ocgt,2030,47,15,15,0.0
6880,ocgt,2030,47,16,16,0.0
6881,ocgt,2030,47,17,17,0.0
6882,ocgt,2030,47,18,18,0.0
6883,ocgt,2030,47,19,19,0.0
6884,ocgt,2030,47,20,20,0.0
6885,ocgt,2030,47,21,21,0.0
6886,ocgt,2030,47,22,22,0.0
6887,ocgt,2030,47,23,23,0.0
6888,ocgt,2030,47,24,24,0.0
6889,ocgt,2030,48,1,1,0.0
6890,ocgt,2030,48,2,2,0.0
6891,ocgt,2030,48,3,3,0.0
6892,ocgt,2030,48,4,4,0.0
6893,ocgt,2030,48,5,5,0.0
6894,ocgt,2030,48,6,6,0.0
6895,ocgt,2030,48,7,7,0.0
6896,ocgt,2030,48,8,8,0.0
6897,ocgt,2030,48,9,9,0.0
6898,ocgt,2030,48,10,10,0.0
6899,ocgt,2030,48,11,11,0.0
6900,ocgt,2030,48,12,12,0.0
6901,ocgt,2030,48,13,13,0.0
6902,ocgt,2030,48,14,14,0.0
6903,ocgt,2030,48,15,15,0.0
6904,ocgt,2030,48,16,16,0.0
6905,ocgt,2030,48,17,17,0.0
6906,ocgt,2030,48,18,18,0.0
6907,ocgt,2030,48,19,19,0.0
6908,ocgt,2030,48,20,20,0.0
6909,ocgt,2030,48,21,21,0.0
6910,ocgt,2030,48,22,22,0.0
6911,ocgt,2030,48,23,23,0.0
6912,ocgt,2030,48,24,24,0.0
6913,ocgt,2030,49,1,1,0.0
6914,ocgt,2030,49,2,2,0.0
6915,ocgt,2030,49,3,3,0.0
6916,ocgt,2030,49,4,4,0.0
6917,ocgt,2030,49,5,5,0.0
6918,ocgt,2030,49,6,6,0.0
6919,ocgt,2030,49,7,7,0.0
6920,ocgt,2030,49,8,8,0.0
6921,ocgt,2030,49,9,9,0.0
6922,ocgt,2030,49,10,10,0.0
6923,ocgt,2030,49,11,11,0.0
6924,ocgt,2030,49,12,12,0.0
6925,ocgt,2030,49,13,13,0.0
6926,ocgt,2030,49,14,14,0.0
6927,ocgt,2030,49,15,15,0.0
6928,ocgt,2030,49,16,16,0.0
6929,ocgt,2030,49,17,17,0.0
6930,ocgt,2030,49,18,18,0.0
6931,ocgt,2030,49,19,19,0.0
6932,ocgt,2030,49,20,20,0.0
6933,ocgt,2030,49,21,21,0.0
6934,ocgt,2030,49,22,22,0.0
6935,ocgt,2030,49,23,23,0.0
6936,ocgt,2030,49,24,24,0.0
6937,ocgt,2030,50,1,1,0.0
6938,ocgt,2030,50,2,2,0.0
6939,ocgt,2030,50,3,3,0.0
6940,ocgt,2030,50,4,4,0.0
6941,ocgt,2030,50,5,5,0.0
6942,ocgt,2030,50,6,6,0.0
6943,ocgt,2030,50,7,7,0.0
6944,ocgt,2030,50,8,8,0.0
6945,ocgt,2030,50,9,9,0.0
6946,ocgt,2030,50,10,10,0.0
6947,ocgt,2030,50,11,11,0.0
6948,ocgt,2030,50,12,12,0.0
6949,ocgt,2030,50,13,13,0.0
6950,ocgt,2030,50,14,14,0.0
6951,ocgt,2030,50,15,15,0.0
6952,ocgt,2030,50,16,16,0.0
6953,ocgt,2030,50,17,17,0.0
6954,ocgt,2030,50,18,18,0.0
6955,ocgt,2030,50,19,19,0.0
6956,ocgt,2030,50,20,20,0.0
6957,ocgt,2030,50,21,21,0.0
6958,ocgt,2030,50,22,22,0.0
6959,ocgt,2030,50,23,23,0.0
6960,ocgt,2030,50,24,24,0.0
6961,ocgt,2030,51,1,1,0.0
6962,ocgt,2030,51,2,2,0.0
6963,ocgt,2030,51,3,3,0.0
6964,ocgt,2030,51,4,4,0.0
6965,ocgt,2030,51,5,5,0.0
6966,ocgt,2030,51,6,6,0.0
6967,ocgt,2030,51,7,7,0.0
6968,ocgt,2030,51,8,8,0.0
6969,ocgt,2030,51,9,9,0.0
6970,ocgt,2030,51,10,10,0.0
6971,ocgt,2030,51,11,11,0.0
6972,ocgt,2030,51,12,12,0.0
6973,ocgt,2030,51,13,13,0.0
6974,ocgt,2030,51,14,14,0.0
6975,ocgt,2030,51,15,15,0.0
6976,ocgt,2030,51,16,16,0.0
6977,ocgt,2030,51,17,17,0.0
6978,ocgt,2030,51,18,18,0.0
6979,ocgt,2030,51,19,19,0.0
6980,ocgt,2030,51,20,20,0.0
6981,ocgt,2030,51,21,21,0.0
6982,ocgt,2030,51,22,22,0.0
6983,ocgt,2030,51,23,23,0.0
6984,ocgt,2030,51,24,24,0.0
6985,ocgt,2030,52,1,1,0.0
6986,ocgt,2030,52,2,2,0.0
6987,ocgt,2030,52,3,3,0.0
6988,ocgt,2030,52,4,4,0.0
6989,ocgt,2030,52,5,5,0.0
6990,ocgt,2030,52,6,6,0.0
6991,ocgt,2030,52,7,7,0.0
6992,ocgt,2030,52,8,8,0.0
6993,ocgt,2030,52,9,9,0.0
6994,ocgt,2030,52,10,10,0.0
6995,ocgt,2030,52,11,11,0.0
6996,ocgt,2030,52,12,12,0.0
6997,ocgt,2030,52,13,13,0.0
6998,ocgt,2030,52,14,14,0.0
6999,ocgt,2030,52,15,15,0.0
7000,ocgt,2030,52,16,16,0.0
7001,ocgt,2030,52,17,17,0.0
7002,ocgt,2030,52,18,18,0.0
7003,ocgt,2030,52,19,19,0.0
7004,ocgt,2030,52,20,20,0.0
7005,ocgt,2030,52,21,21,0.0
7006,ocgt,2030,52,22,22,0.0
7007,ocgt,2030,52,23,23,0.0
7008,ocgt,2030,52,24,24,0.0
7009,ocgt,2030,53,1,1,0.0
7010,ocgt,2030,53,2,2,0.0
7011,ocgt,2030,53,3,3,0.0
7012,ocgt,2030,53,4,4,0.0
7013,ocgt,2030,53,5,5,0.0
7014,ocgt,2030,53,6,6,0.0
7015,ocgt,2030,53,7,7,0.0
7016,ocgt,2030,53,8,8,0.0
7017,ocgt,2030,53,9,9,0.0
7018,ocgt,2030,53,10,10,0.0
7019,ocgt,2030,53,11,11,0.0
7020,ocgt,2030,53,12,12,0.0
7021,ocgt,2030,53,13,13,0.0
7022,ocgt,2030,53,14,14,0.0
7023,ocgt,2030,53,15,15,0.0
7024,ocgt,2030,53,16,16,0.0
7025,ocgt,2030,53,17,17,0.0
7026,ocgt,2030,53,18,18,0.0
7027,ocgt,2030,53,19,19,0.0
7028,ocgt,2030,53,20,20,0.0
7029,ocgt,2030,53,21,21,0.0
7030,ocgt,2030,53,22,22,0.0
7031,ocgt,2030,53,23,23,0.0
7032,ocgt,2030,53,24,24,0.0
7033,ocgt,2030,54,1,1,0.0
7034,ocgt,2030,54,2,2,0.0
7035,ocgt,2030,54,3,3,0.0
7036,ocgt,2030,54,4,4,0.0
7037,ocgt,2030,54,5,5,0.0
7038,ocgt,2030,54,6,6,0.0
7039,ocgt,2030,54,7,7,0.0
7040,ocgt,2030,54,8,8,0.0
7041,ocgt,2030,54,9,9,0.0
7042,ocgt,2030,54,10,10,0.0
7043,ocgt,2030,54,11,11,0.0
7044,ocgt,2030,54,12,12,0.0
7045,ocgt,2030,54,13,13,0.0
7046,ocgt,2030,54,14,14,0.0
7047,ocgt,2030,54,15,15,0.0
7048,ocgt,2030,54,16,16,0.0
7049,ocgt,2030,54,17,17,0.0
7050,ocgt,2030,54,18,18,0.0
7051,ocgt,2030,54,19,19,0.0
7052,ocgt,2030,54,20,20,0.0
7053,ocgt,2030,54,21,21,0.0
7054,ocgt,2030,54,22,22,0.0
7055,ocgt,2030,54,23,23,0.0
7056,ocgt,2030,54,24,24,0.0
7057,ocgt,2030,55,1,1,0.0
7058,ocgt,2030,55,2,2,0.0
7059,ocgt,2030,55,3,3,0.0
7060,ocgt,2030,55,4,4,0.0
7061,ocgt,2030,55,5,5,0.0
7062,ocgt,2030,55,6,6,0.0
7063,ocgt,2030,55,7,7,0.0
7064,ocgt,2030,55,8,8,0.0
7065,ocgt,2030,55,9,9,0.0
7066,ocgt,2030,55,10,10,0.0
7067,ocgt,2030,55,11,11,0.0
7068,ocgt,2030,55,12,12,0.0
7069,ocgt,2030,55,13,13,0.0
7070,ocgt,2030,55,14,14,0.0
7071,ocgt,2030,55,15,15,0.0
7072,ocgt,2030,55,16,16,0.0
7073,ocgt,2030,55,17,17,0.0
7074,ocgt,2030,55,18,18,0.0
7075,ocgt,2030,55,19,19,0.0
7076,ocgt,2030,55,20,20,0.0
7077,ocgt,2030,55,21,21,0.0
7078,ocgt,2030,55,22,22,0.0
7079,ocgt,2030,55,23,23,0.0
7080,ocgt,2030,55,24,24,0.0
7081,ocgt,2030,56,1,1,0.0
7082,ocgt,2030,56,2,2,0.0
7083,ocgt,2030,56,3,3,0.0
7084,ocgt,2030,56,4,4,0.0
7085,ocgt,2030,56,5,5,0.0
7086,ocgt,2030,56,6,6,0.0
7087,ocgt,2030,56,7,7,0.0
7088,ocgt,2030,56,8,8,0.0
7089,ocgt,2030,56,9,9,0.0
7090,ocgt,2030,56,10,10,0.0
7091,ocgt,2030,56,11,11,0.0
7092,ocgt,2030,56,12,12,0.0
7093,ocgt,2030,56,13,13,0.0
7094,ocgt,2030,56,14,14,0.0
7095,ocgt,2030,56,15,15,0.0
7096,ocgt,2030,56,16,16,0.0
7097,ocgt,2030,56,17,17,0.0
7098,ocgt,2030,56,18,18,0.0
7099,ocgt,2030,56,19,19,0.0
7100,ocgt,2030,56,20,20,0.0
7101,ocgt,2030,56,21,21,0.0
7102,ocgt,2030,56,22,22,0.0
7103,ocgt,2030,56,23,23,0.0
7104,ocgt,2030,56,24,24,0.0
7105,ocgt,2030,57,1,1,0.0
7106,ocgt,2030,57,2,2,0.0
7107,ocgt,2030,57,3,3,0.0
7108,ocgt,2030,57,4,4,0.0
7109,ocgt,2030,57,5,5,0.0
7110,ocgt,2030,57,6,6,0.0
7111,ocgt,2030,57,7,7,0.0
7112,ocgt,2030,57,8,8,0.0
7113,ocgt,2030,57,9,9,0.0
7114,ocgt,2030,57,10,10,0.0
7115,ocgt,2030,57,11,11,0.0
7116,ocgt,2030,57,12,12,0.0
7117,ocgt,2030,57,13,13,0.0
7118,ocgt,2030,57,14,14,0.0
7119,ocgt,2030,57,15,15,0.0
7120,ocgt,2030,57,16,16,0.0
7121,ocgt,2030,57,17,17,0.0
7122,ocgt,2030,57,18,18,0.0
7123,ocgt,2030,57,19,19,0.0
7124,ocgt,2030,57,20,20,0.0
7125,ocgt,2030,57,21,21,0.0
7126,ocgt,2030,57,22,22,0.0
7127,ocgt,2030,57,23,23,0.0
7128,ocgt,2030,57,24,24,0.0
7129,ocgt,2030,58,1,1,0.0
7130,ocgt,2030,58,2,2,0.0
7131,ocgt,2030,58,3,3,0.0
7132,ocgt,2030,58,4,4,0.0
7133,ocgt,2030,58,5,5,0.0
7134,ocgt,2030,58,6,6,0.0
7135,ocgt,2030,58,7,7,0.0
7136,ocgt,2030,58,8,8,0.0
7137,ocgt,2030,58,9,9,0.0
7138,ocgt,2030,58,10,10,0.0
7139,ocgt,2030,58,11,11,0.0
7140,ocgt,2030,58,12,12,0.0
7141,ocgt,2030,58,13,13,0.0
7142,ocgt,2030,58,14,14,0.0
7143,ocgt,2030,58,15,15,0.0
7144,ocgt,2030,58,16,16,0.0
7145,ocgt,2030,58,17,17,0.0
7146,ocgt,2030,58,18,18,0.0
7147,ocgt,2030,58,19,19,0.0
7148,ocgt,2030,58,20,20,0.0
7149,ocgt,2030,58,21,21,0.0
7150,ocgt,2030,58,22,22,0.0
7151,ocgt,2030,58,23,23,0.0
7152,ocgt,2030,58,24,24,0.0
7153,ocgt,2030,59,1,1,0.0
7154,ocgt,2030,59,2,2,0.0
7155,ocgt,2030,59,3,3,0.0
7156,ocgt,2030,59,4,4,0.0
7157,ocgt,2030,59,5,5,0.0
7158,ocgt,2030,59,6,6,0.0
7159,ocgt,2030,59,7,7,0.0
7160,ocgt,2030,59,8,8,0.0
7161,ocgt,2030,59,9,9,0.0
7162,ocgt,2030,59,10,10,0.0
7163,ocgt,2030,59,11,11,0.0
7164,ocgt,2030,59,12,12,0.0
7165,ocgt,2030,59,13,13,0.0
7166,ocgt,2030,59,14,14,0.0
7167,ocgt,2030,59,15,15,0.0
7168,ocgt,2030,59,16,16,0.0
7169,ocgt,2030,59,17,17,0.0
7170,ocgt,2030,59,18,18,0.0
7171,ocgt,2030,59,19,19,0.0
7172,ocgt,2030,59,20,20,0.0
7173,ocgt,2030,59,21,21,0.0
7174,ocgt,2030,59,22,22,0.0
7175,ocgt,2030,59,23,23,0.0
7176,ocgt,2030,59,24,24,0.0
7177,ocgt,2030,60,1,1,0.0
7178,ocgt,2030,60,2,2,0.0
7179,ocgt,2030,60,3,3,0.0
7180,ocgt,2030,60,4,4,0.0
7181,ocgt,2030,60,5,5,0.0
7182,ocgt,2030,60,6,6,0.0
7183,ocgt,2030,60,7,7,0.0
7184,ocgt,2030,60,8,8,0.0
7185,ocgt,2030,60,9,9,0.0
7186,ocgt,2030,60,10,10,0.0
7187,ocgt,2030,60,11,11,0.0
7188,ocgt,2030,60,12,12,0.0
7189,ocgt,2030,60,13,13,0.0
7190,ocgt,2030,60,14,14,0.0
7191,ocgt,2030,60,15,15,0.0
7192,ocgt,2030,60,16,16,0.0
7193,ocgt,2030,60,17,17,0.0
7194,ocgt,2030,60,18,18,0.0
7195,ocgt,2030,60,19,19,0.0
7196,ocgt,2030,60,20,20,0.0
7197,ocgt,2030,60,21,21,0.0
7198,ocgt,2030,60,22,22,0.0
7199,ocgt,2030,60,23,23,0.0
7200,ocgt,2030,60,24,24,0.0
7201,ocgt,2030,61,1,1,0.0
7202,ocgt,2030,61,2,2,0.0
7203,ocgt,2030,61,3,3,0.0
7204,ocgt,2030,61,4,4,0.0
7205,ocgt,2030,61,5,5,0.0
7206,ocgt,2030,61,6,6,0.0
7207,ocgt,2030,61,7,7,0.0
7208,ocgt,2030,61,8,8,0.0
7209,ocgt,2030,61,9,9,0.0
7210,ocgt,2030,61,10,10,0.0
7211,ocgt,2030,61,11,11,0.0
7212,ocgt,2030,61,12,12,0.0
7213,ocgt,2030,61,13,13,0.0
7214,ocgt,2030,61,14,14,0.0
7215,ocgt,2030,61,15,15,0.0
7216,ocgt,2030,61,16,16,0.0
7217,ocgt,2030,61,17,17,0.0
7218,ocgt,2030,61,18,18,0.0
7219,ocgt,2030,61,19,19,0.0
7220,ocgt,2030,61,20,20,0.0
7221,ocgt,2030,61,21,21,0.0
7222,ocgt,2030,61,22,22,0.0
7223,ocgt,2030,61,23,23,0.0
7224,ocgt,2030,61,24,24,0.0
7225,ocgt,2030,62,1,1,0.0
7226,ocgt,2030,62,2,2,0.0
7227,ocgt,2030,62,3,3,0.0
7228,ocgt,2030,62,4,4,0.0
7229,ocgt,2030,62,5,5,0.0
7230,ocgt,2030,62,6,6,0.0
7231,ocgt,2030,62,7,7,0.0
7232,ocgt,2030,62,8,8,0.0
7233,ocgt,2030,62,9,9,0.0
7234,ocgt,2030,62,10,10,0.0
7235,ocgt,2030,62,11,11,0.0
7236,ocgt,2030,62,12,12,0.0
7237,ocgt,2030,62,13,13,0.0
7238,ocgt,2030,62,14,14,0.0
7239,ocgt,2030,62,15,15,0.0
7240,ocgt,2030,62,16,16,0.0
7241,ocgt,2030,62,17,17,0.0
7242,ocgt,2030,62,18,18,0.0
7243,ocgt,2030,62,19,19,0.0
7244,ocgt,2030,62,20,20,0.0
7245,ocgt,2030,62,21,21,0.0
7246,ocgt,2030,62,22,22,0.0
7247,ocgt,2030,62,23,23,0.0
7248,ocgt,2030,62,24,24,0.0
7249,ocgt,2030,63,1,1,0.0
7250,ocgt,2030,63,2,2,0.0
7251,ocgt,2030,63,3,3,0.0
7252,ocgt,2030,63,4,4,0.0
7253,ocgt,2030,63,5,5,0.0
7254,ocgt,2030,63,6,6,0.0
7255,ocgt,2030,63,7,7,0.0
7256,ocgt,2030,63,8,8,0.0
7257,ocgt,2030,63,9,9,0.0
7258,ocgt,2030,63,10,10,0.0
7259,ocgt,2030,63,11,11,0.0
7260,ocgt,2030,63,12,12,0.0
7261,ocgt,2030,63,13,13,0.0
7262,ocgt,2030,63,14,14,0.0
7263,ocgt,2030,63,15,15,0.0
7264,ocgt,2030,63,16,16,0.0
7265,ocgt,2030,63,17,17,0.0
7266,ocgt,2030,63,18,18,0.0
7267,ocgt,2030,63,19,19,0.0
7268,ocgt,2030,63,20,20,0.0
7269,ocgt,2030,63,21,21,0.0
7270,ocgt,2030,63,22,22,0.0
7271,ocgt,2030,63,23,23,0.0
7272,ocgt,2030,63,24,24,0.0
7273,ocgt,2030,64,1,1,0.0
7274,ocgt,2030,64,2,2,0.0
7275,ocgt,2030,64,3,3,0.0
7276,ocgt,2030,64,4,4,0.0
7277,ocgt,2030,64,5,5,0.0
7278,ocgt,2030,64,6,6,0.0
7279,ocgt,2030,64,7,7,0.0
7280,ocgt,2030,64,8,8,0.0
7281,ocgt,2030,64,9,9,0.0
7282,ocgt,2030,64,10,10,0.0
7283,ocgt,2030,64,11,11,0.0
7284,ocgt,2030,64,12,12,0.0
7285,ocgt,2030,64,13,13,0.0
7286,ocgt,2030,64,14,14,0.0
7287,ocgt,2030,64,15,15,0.0
7288,ocgt,2030,64,16,16,0.0
7289,ocgt,2030,64,17,17,0.0
7290,ocgt,2030,64,18,18,0.0
7291,ocgt,2030,64,19,19,0.0
7292,ocgt,2030,64,20,20,0.0
7293,ocgt,2030,64,21,21,0.0
7294,ocgt,2030,64,22,22,0.0
7295,ocgt,2030,64,23,23,0.0
7296,ocgt,2030,64,24,24,0.0
7297,ocgt,2030,65,1,1,0.0
7298,ocgt,2030,65,2,2,0.0
7299,ocgt,2030,65,3,3,0.0
7300,ocgt,2030,65,4,4,0.0
7301,ocgt,2030,65,5,5,0.0
7302,ocgt,2030,65,6,6,0.0
7303,ocgt,2030,65,7,7,0.0
7304,ocgt,2030,65,8,8,0.0
7305,ocgt,2030,65,9,9,0.0
7306,ocgt,2030,65,10,10,0.0
7307,ocgt,2030,65,11,11,0.0
7308,ocgt,2030,65,12,12,0.0
7309,ocgt,2030,65,13,13,0.0
7310,ocgt,2030,65,14,14,0.0
7311,ocgt,2030,65,15,15,0.0
7312,ocgt,2030,65,16,16,0.0
7313,ocgt,2030,65,17,17,0.0
7314,ocgt,2030,65,18,18,0.0
7315,ocgt,2030,65,19,19,0.0
7316,ocgt,2030,65,20,20,0.0
7317,ocgt,2030,65,21,21,0.0
7318,ocgt,2030,65,22,22,0.0
7319,ocgt,2030,65,23,23,0.0
7320,ocgt,2030,65,24,24,0.0
7321,ocgt,2030,66,1,1,0.0
7322,ocgt,2030,66,2,2,0.0
7323,ocgt,2030,66,3,3,0.0
7324,ocgt,2030,66,4,4,0.0
7325,ocgt,2030,66,5,5,0.0
7326,ocgt,2030,66,6,6,0.0
7327,ocgt,2030,66,7,7,0.0
7328,ocgt,2030,66,8,8,0.0
7329,ocgt,2030,66,9,9,0.0
7330,ocgt,2030,66,10,10,0.0
7331,ocgt,2030,66,11,11,0.0
7332,ocgt,2030,66,12,12,0.0
7333,ocgt,2030,66,13,13,0.0
7334,ocgt,2030,66,14,14,0.0
7335,ocgt,2030,66,15,15,0.0
7336,ocgt,2030,66,16,16,0.0
7337,ocgt,2030,66,17,17,0.0
7338,ocgt,2030,66,18,18,0.0
7339,ocgt,2030,66,19,19,0.0
7340,ocgt,2030,66,20,20,0.0
7341,ocgt,2030,66,21,21,0.0
7342,ocgt,2030,66,22,22,0.0
7343,ocgt,2030,66,23,23,0.0
7344,ocgt,2030,66,24,24,0.0
7345,ocgt,2030,67,1,1,0.0
7346,ocgt,2030,67,2,2,0.0
7347,ocgt,2030,67,3,3,0.0
7348,ocgt,2030,67,4,4,0.0
7349,ocgt,2030,67,5,5,0.0
7350,ocgt,2030,67,6,6,0.0
7351,ocgt,2030,67,7,7,0.0
7352,ocgt,2030,67,8,8,0.0
7353,ocgt,2030,67,9,9,0.0
7354,ocgt,2030,67,10,10,0.0
7355,ocgt,2030,67,11,11,0.0
7356,ocgt,2030,67,12,12,0.0
7357,ocgt,2030,67,13,13,0.0
7358,ocgt,2030,67,14,14,0.0
7359,ocgt,2030,67,15,15,0.0
7360,ocgt,2030,67,16,16,0.0
7361,ocgt,2030,67,17,17,0.0
7362,ocgt,2030,67,18,18,0.0
7363,ocgt,2030,67,19,19,0.0
7364,ocgt,2030,67,20,20,0.0
7365,ocgt,2030,67,21,21,0.0
7366,ocgt,2030,67,22,22,0.0
7367,ocgt,2030,67,23,23,0.0
7368,ocgt,2030,67,24,24,0.0
7369,ocgt,2030,68,1,1,0.0
7370,ocgt,2030,68,2,2,0.0
7371,ocgt,2030,68,3,3,0.0
7372,ocgt,2030,68,4,4,0.0
7373,ocgt,2030,68,5,5,0.0
7374,ocgt,2030,68,6,6,0.0
7375,ocgt,2030,68,7,7,0.0
7376,ocgt,2030,68,8,8,0.0
7377,ocgt,2030,68,9,9,0.0
7378,ocgt,2030,68,10,10,0.0
7379,ocgt,2030,68,11,11,0.0
7380,ocgt,2030,68,12,12,0.0
7381,ocgt,2030,68,13,13,0.0
7382,ocgt,2030,68,14,14,0.0
7383,ocgt,2030,68,15,15,0.0
7384,ocgt,2030,68,16,16,0.0
7385,ocgt,2030,68,17,17,0.0
7386,ocgt,2030,68,18,18,0.0
7387,ocgt,2030,68,19,19,0.0
7388,ocgt,2030,68,20,20,0.0
7389,ocgt,2030,68,21,21,0.0
7390,ocgt,2030,68,22,22,0.0
7391,ocgt,2030,68,23,23,0.0
7392,ocgt,2030,68,24,24,0.0
7393,ocgt,2030,69,1,1,0.0
7394,ocgt,2030,69,2,2,0.0
7395,ocgt,2030,69,3,3,0.0
7396,ocgt,2030,69,4,4,0.0
7397,ocgt,2030,69,5,5,0.0
7398,ocgt,2030,69,6,6,0.0
7399,ocgt,2030,69,7,7,0.0
7400,ocgt,2030,69,8,8,0.0
7401,ocgt,2030,69,9,9,0.0
7402,ocgt,2030,69,10,10,0.0
7403,ocgt,2030,69,11,11,0.0
7404,ocgt,2030,69,12,12,0.0
7405,ocgt,2030,69,13,13,0.0
7406,ocgt,2030,69,14,14,0.0
7407,ocgt,2030,69,15,15,0.0
7408,ocgt,2030,69,16,16,0.0
7409,ocgt,2030,69,17,17,0.0
7410,ocgt,2030,69,18,18,0.0
7411,ocgt,2030,69,19,19,0.0
7412,ocgt,2030,69,20,20,0.0
7413,ocgt,2030,69,21,21,0.0
7414,ocgt,2030,69,22,22,0.0
7415,ocgt,2030,69,23,23,0.0
7416,ocgt,2030,69,24,24,0.0
7417,ocgt,2030,70,1,1,0.0
7418,ocgt,2030,70,2,2,0.0
7419,ocgt,2030,70,3,3,0.0
7420,ocgt,2030,70,4,4,0.0
7421,ocgt,2030,70,5,5,0.0
7422,ocgt,2030,70,6,6,0.0
7423,ocgt,2030,70,7,7,0.0
7424,ocgt,2030,70,8,8,0.0
7425,ocgt,2030,70,9,9,0.0
7426,ocgt,2030,70,10,10,0.0
7427,ocgt,2030,70,11,11,0.0
7428,ocgt,2030,70,12,12,0.0
7429,ocgt,2030,70,13,13,0.0
7430,ocgt,2030,70,14,14,0.0
7431,ocgt,2030,70,15,15,0.0
7432,ocgt,2030,70,16,16,0.0
7433,ocgt,2030,70,17,17,0.0
7434,ocgt,2030,70,18,18,0.0
7435,ocgt,2030,70,19,19,0.0
7436,ocgt,2030,70,20,20,0.0
7437,ocgt,2030,70,21,21,0.0
7438,ocgt,2030,70,22,22,0.0
7439,ocgt,2030,70,23,23,0.0
7440,ocgt,2030,70,24,24,0.0
7441,ocgt,2030,71,1,1,0.0
7442,ocgt,2030,71,2,2,0.0
7443,ocgt,2030,71,3,3,0.0
7444,ocgt,2030,71,4,4,0.0
7445,ocgt,2030,71,5,5,0.0
7446,ocgt,2030,71,6,6,0.0
7447,ocgt,2030,71,7,7,0.0
7448,ocgt,2030,71,8,8,0.0
7449,ocgt,2030,71,9,9,0.0
7450,ocgt,2030,71,10,10,0.0
7451,ocgt,2030,71,11,11,0.0
7452,ocgt,2030,71,12,12,0.0
7453,ocgt,2030,71,13,13,0.0
7454,ocgt,2030,71,14,14,0.0
7455,ocgt,2030,71,15,15,0.0
7456,ocgt,2030,71,16,16,0.0
7457,ocgt,2030,71,17,17,0.0
7458,ocgt,2030,71,18,18,0.0
7459,ocgt,2030,71,19,19,0.0
7460,ocgt,2030,71,20,20,0.0
7461,ocgt,2030,71,21,21,0.0
7462,ocgt,2030,71,22,22,0.0
7463,ocgt,2030,71,23,23,0.0
7464,ocgt,2030,71,24,24,0.0
7465,ocgt,2030,72,1,1,0.0
7466,ocgt,2030,72,2,2,0.0
7467,ocgt,2030,72,3,3,0.0
7468,ocgt,2030,72,4,4,0.0
7469,ocgt,2030,72,5,5,0.0
7470,ocgt,2030,72,6,6,0.0
7471,ocgt,2030,72,7,7,0.0
7472,ocgt,2030,72,8,8,0.0
7473,ocgt,2030,72,9,9,0.0
7474,ocgt,2030,72,10,10,0.0
7475,ocgt,2030,72,11,11,0.0
7476,ocgt,2030,72,12,12,0.0
7477,ocgt,2030,72,13,13,0.0
7478,ocgt,2030,72,14,14,0.0
7479,ocgt,2030,72,15,15,0.0
7480,ocgt,2030,72,16,16,0.0
7481,ocgt,2030,72,17,17,0.0
7482,ocgt,2030,72,18,18,0.0
7483,ocgt,2030,72,19,19,0.0
7484,ocgt,2030,72,20,20,0.0
7485,ocgt,2030,72,21,21,0.0
7486,ocgt,2030,72,22,22,0.0
7487,ocgt,2030,72,23,23,0.0
7488,ocgt,2030,72,24,24,0.0
7489,ocgt,2030,73,1,1,0.0
7490,ocgt,2030,73,2,2,0.0
7491,ocgt,2030,73,3,3,0.0
7492,ocgt,2030,73,4,4,0.0
7493,ocgt,2030,73,5,5,0.0
7494,ocgt,2030,73,6,6,0.0
7495,ocgt,2030,73,7,7,0.0
7496,ocgt,2030,73,8,8,0.0
7497,ocgt,2030,73,9,9,0.0
7498,ocgt,2030,73,10,10,0.0
7499,ocgt,2030,73,11,11,0.0
7500,ocgt,2030,73,12,12,0.0
7501,ocgt,2030,73,13,13,0.0
7502,ocgt,2030,73,14,14,0.0
7503,ocgt,2030,73,15,15,0.0
7504,ocgt,2030,73,16,16,0.0
7505,ocgt,2030,73,17,17,0.0
7506,ocgt,2030,73,18,18,0.0
7507,ocgt,2030,73,19,19,0.0
7508,ocgt,2030,73,20,20,0.0
7509,ocgt,2030,73,21,21,0.0
7510,ocgt,2030,73,22,22,0.0
7511,ocgt,2030,73,23,23,0.0
7512,ocgt,2030,73,24,24,0.0
7513,ocgt,2030,74,1,1,0.0
7514,ocgt,2030,74,2,2,0.0
7515,ocgt,2030,74,3,3,0.0
7516,ocgt,2030,74,4,4,0.0
7517,ocgt,2030,74,5,5,0.0
7518,ocgt,2030,74,6,6,0.0
7519,ocgt,2030,74,7,7,0.0
7520,ocgt,2030,74,8,8,0.0
7521,ocgt,2030,74,9,9,0.0
7522,ocgt,2030,74,10,10,0.0
7523,ocgt,2030,74,11,11,0.0
7524,ocgt,2030,74,12,12,0.0
7525,ocgt,2030,74,13,13,0.0
7526,ocgt,2030,74,14,14,0.0
7527,ocgt,2030,74,15,15,0.0
7528,ocgt,2030,74,16,16,0.0
7529,ocgt,2030,74,17,17,0.0
7530,ocgt,2030,74,18,18,0.0
7531,ocgt,2030,74,19,19,0.0
7532,ocgt,2030,74,20,20,0.0
7533,ocgt,2030,74,21,21,0.0
7534,ocgt,2030,74,22,22,0.0
7535,ocgt,2030,74,23,23,0.0
7536,ocgt,2030,74,24,24,0.0
7537,ocgt,2030,75,1,1,0.0
7538,ocgt,2030,75,2,2,0.0
7539,ocgt,2030,75,3,3,0.0
7540,ocgt,2030,75,4,4,0.0
7541,ocgt,2030,75,5,5,0.0
7542,ocgt,2030,75,6,6,0.0
7543,ocgt,2030,75,7,7,0.0
7544,ocgt,2030,75,8,8,0.0
7545,ocgt,2030,75,9,9,0.0
7546,ocgt,2030,75,10,10,0.0
7547,ocgt,2030,75,11,11,0.0
7548,ocgt,2030,75,12,12,0.0
7549,ocgt,2030,75,13,13,0.0
7550,ocgt,2030,75,14,14,0.0
7551,ocgt,2030,75,15,15,0.0
7552,ocgt,2030,75,16,16,0.0
7553,ocgt,2030,75,17,17,0.0
7554,ocgt,2030,75,18,18,0.0
7555,ocgt,2030,75,19,19,0.0
7556,ocgt,2030,75,20,20,0.0
7557,ocgt,2030,75,21,21,0.0
7558,ocgt,2030,75,22,22,0.0
7559,ocgt,2030,75,23,23,0.0
7560,ocgt,2030,75,24,24,0.0
7561,ocgt,2030,76,1,1,0.0
7562,ocgt,2030,76,2,2,0.0
7563,ocgt,2030,76,3,3,0.0
7564,ocgt,2030,76,4,4,0.0
7565,ocgt,2030,76,5,5,0.0
7566,ocgt,2030,76,6,6,0.0
7567,ocgt,2030,76,7,7,0.0
7568,ocgt,2030,76,8,8,0.0
7569,ocgt,2030,76,9,9,0.0
7570,ocgt,2030,76,10,10,0.0
7571,ocgt,2030,76,11,11,0.0
7572,ocgt,2030,76,12,12,0.0
7573,ocgt,2030,76,13,13,0.0
7574,ocgt,2030,76,14,14,0.0
7575,ocgt,2030,76,15,15,0.0
7576,ocgt,2030,76,16,16,0.0
7577,ocgt,2030,76,17,17,0.0
7578,ocgt,2030,76,18,18,0.0
7579,ocgt,2030,76,19,19,0.0
7580,ocgt,2030,76,20,20,0.0
7581,ocgt,2030,76,21,21,0.0
7582,ocgt,2030,76,22,22,0.0
7583,ocgt,2030,76,23,23,0.0
7584,ocgt,2030,76,24,24,0.0
7585,ocgt,2030,77,1,1,0.0
7586,ocgt,2030,77,2,2,0.0
7587,ocgt,2030,77,3,3,0.0
7588,ocgt,2030,77,4,4,0.0
7589,ocgt,2030,77,5,5,0.0
7590,ocgt,2030,77,6,6,0.0
7591,ocgt,2030,77,7,7,0.0
7592,ocgt,2030,77,8,8,0.0
7593,ocgt,2030,77,9,9,0.0
7594,ocgt,2030,77,10,10,0.0
7595,ocgt,2030,77,11,11,0.0
7596,ocgt,2030,77,12,12,0.0
7597,ocgt,2030,77,13,13,0.0
7598,ocgt,2030,77,14,14,0.0
7599,ocgt,2030,77,15,15,0.0
7600,ocgt,2030,77,16,16,0.0
7601,ocgt,2030,77,17,17,0.0
7602,ocgt,2030,77,18,18,0.0
7603,ocgt,2030,77,19,19,0.0
7604,ocgt,2030,77,20,20,0.0
7605,ocgt,2030,77,21,21,0.0
7606,ocgt,2030,77,22,22,0.0
7607,ocgt,2030,77,23,23,0.0
7608,ocgt,2030,77,24,24,0.0
7609,ocgt,2030,78,1,1,0.0
7610,ocgt,2030,78,2,2,0.0
7611,ocgt,2030,78,3,3,0.0
7612,ocgt,2030,78,4,4,0.0
7613,ocgt,2030,78,5,5,0.0
7614,ocgt,2030,78,6,6,0.0
7615,ocgt,2030,78,7,7,0.0
7616,ocgt,2030,78,8,8,0.0
7617,ocgt,2030,78,9,9,0.0
7618,ocgt,2030,78,10,10,0.0
7619,ocgt,2030,78,11,11,0.0
7620,ocgt,2030,78,12,12,0.0
7621,ocgt,2030,78,13,13,0.0
7622,ocgt,2030,78,14,14,0.0
7623,ocgt,2030,78,15,15,0.0
7624,ocgt,2030,78,16,16,0.0
7625,ocgt,2030,78,17,17,0.0
7626,ocgt,2030,78,18,18,0.0
7627,ocgt,2030,78,19,19,0.0
7628,ocgt,2030,78,20,20,0.0
7629,ocgt,2030,78,21,21,0.0
7630,ocgt,2030,78,22,22,0.0
7631,ocgt,2030,78,23,23,0.0
7632,ocgt,2030,78,24,24,0.0
7633,ocgt,2030,79,1,1,0.0
7634,ocgt,2030,79,2,2,0.0
7635,ocgt,2030,79,3,3,0.0
7636,ocgt,2030,79,4,4,0.0
7637,ocgt,2030,79,5,5,0.0
7638,ocgt,2030,79,6,6,0.0
7639,ocgt,2030,79,7,7,0.0
7640,ocgt,2030,79,8,8,0.0
7641,ocgt,2030,79,9,9,0.0
7642,ocgt,2030,79,10,10,0.0
7643,ocgt,2030,79,11,11,0.0
7644,ocgt,2030,79,12,12,0.0
7645,ocgt,2030,79,13,13,0.0
7646,ocgt,2030,79,14,14,0.0
7647,ocgt,2030,79,15,15,0.0
7648,ocgt,2030,79,16,16,0.0
7649,ocgt,2030,79,17,17,0.0
7650,ocgt,2030,79,18,18,0.0
7651,ocgt,2030,79,19,19,0.0
7652,ocgt,2030,79,20,20,0.0
7653,ocgt,2030,79,21,21,0.0
7654,ocgt,2030,79,22,22,0.0
7655,ocgt,2030,79,23,23,0.0
7656,ocgt,2030,79,24,24,0.0
7657,ocgt,2030,80,1,1,0.0
7658,ocgt,2030,80,2,2,0.0
7659,ocgt,2030,80,3,3,0.0
7660,ocgt,2030,80,4,4,0.0
7661,ocgt,2030,80,5,5,0.0
7662,ocgt,2030,80,6,6,0.0
7663,ocgt,2030,80,7,7,0.0
7664,ocgt,2030,80,8,8,0.0
7665,ocgt,2030,80,9,9,0.0
7666,ocgt,2030,80,10,10,0.0
7667,ocgt,2030,80,11,11,0.0
7668,ocgt,2030,80,12,12,0.0
7669,ocgt,2030,80,13,13,0.0
7670,ocgt,2030,80,14,14,0.0
7671,ocgt,2030,80,15,15,0.0
7672,ocgt,2030,80,16,16,0.0
7673,ocgt,2030,80,17,17,0.0
7674,ocgt,2030,80,18,18,0.0
7675,ocgt,2030,80,19,19,0.0
7676,ocgt,2030,80,20,20,0.0
7677,ocgt,2030,80,21,21,0.0
7678,ocgt,2030,80,22,22,0.0
7679,ocgt,2030,80,23,23,0.0
7680,ocgt,2030,80,24,24,0.0
7681,ocgt,2030,81,1,1,0.0
7682,ocgt,2030,81,2,2,0.0
7683,ocgt,2030,81,3,3,0.0
7684,ocgt,2030,81,4,4,0.0
7685,ocgt,2030,81,5,5,0.0
7686,ocgt,2030,81,6,6,0.0
7687,ocgt,2030,81,7,7,0.0
7688,ocgt,2030,81,8,8,0.0
7689,ocgt,2030,81,9,9,0.0
7690,ocgt,2030,81,10,10,0.0
7691,ocgt,2030,81,11,11,0.0
7692,ocgt,2030,81,12,12,0.0
7693,ocgt,2030,81,13,13,0.0
7694,ocgt,2030,81,14,14,0.0
7695,ocgt,2030,81,15,15,0.0
7696,ocgt,2030,81,16,16,0.0
7697,ocgt,2030,81,17,17,0.0
7698,ocgt,2030,81,18,18,0.0
7699,ocgt,2030,81,19,19,0.0
7700,ocgt,2030,81,20,20,0.0
7701,ocgt,2030,81,21,21,0.0
7702,ocgt,2030,81,22,22,0.0
7703,ocgt,2030,81,23,23,0.0
7704,ocgt,2030,81,24,24,0.0
7705,ocgt,2030,82,1,1,0.0
7706,ocgt,2030,82,2,2,0.0
7707,ocgt,2030,82,3,3,0.0
7708,ocgt,2030,82,4,4,0.0
7709,ocgt,2030,82,5,5,0.0
7710,ocgt,2030,82,6,6,0.0
7711,ocgt,2030,82,7,7,0.0
7712,ocgt,2030,82,8,8,0.0
7713,ocgt,2030,82,9,9,0.0
7714,ocgt,2030,82,10,10,0.0
7715,ocgt,2030,82,11,11,0.0
7716,ocgt,2030,82,12,12,0.0
7717,ocgt,2030,82,13,13,0.0
7718,ocgt,2030,82,14,14,0.0
7719,ocgt,2030,82,15,15,0.0
7720,ocgt,2030,82,16,16,0.0
7721,ocgt,2030,82,17,17,0.0
7722,ocgt,2030,82,18,18,0.0
7723,ocgt,2030,82,19,19,0.0
7724,ocgt,2030,82,20,20,0.0
7725,ocgt,2030,82,21,21,0.0
7726,ocgt,2030,82,22,22,0.0
7727,ocgt,2030,82,23,23,0.0
7728,ocgt,2030,82,24,24,0.0
7729,ocgt,2030,83,1,1,0.0
7730,ocgt,2030,83,2,2,0.0
7731,ocgt,2030,83,3,3,0.0
7732,ocgt,2030,83,4,4,0.0
7733,ocgt,2030,83,5,5,0.0
7734,ocgt,2030,83,6,6,0.0
7735,ocgt,2030,83,7,7,0.0
7736,ocgt,2030,83,8,8,0.0
7737,ocgt,2030,83,9,9,0.0
7738,ocgt,2030,83,10,10,0.0
7739,ocgt,2030,83,11,11,0.0
7740,ocgt,2030,83,12,12,0.0
7741,ocgt,2030,83,13,13,0.0
7742,ocgt,2030,83,14,14,0.0
7743,ocgt,2030,83,15,15,0.0
7744,ocgt,2030,83,16,16,0.0
7745,ocgt,2030,83,17,17,0.0
7746,ocgt,2030,83,18,18,0.0
7747,ocgt,2030,83,19,19,0.0
7748,ocgt,2030,83,20,20,0.0
7749,ocgt,2030,83,21,21,0.0
7750,ocgt,2030,83,22,22,0.0
7751,ocgt,2030,83,23,23,0.0
7752,ocgt,2030,83,24,24,0.0
7753,ocgt,2030,84,1,1,0.0
7754,ocgt,2030,84,2,2,0.0
7755,ocgt,2030,84,3,3,0.0
7756,ocgt,2030,84,4,4,0.0
7757,ocgt,2030,84,5,5,0.0
7758,ocgt,2030,84,6,6,0.0
7759,ocgt,2030,84,7,7,0.0
7760,ocgt,2030,84,8,8,0.0
7761,ocgt,2030,84,9,9,0.0
7762,ocgt,2030,84,10,10,0.0
7763,ocgt,2030,84,11,11,0.0
7764,ocgt,2030,84,12,12,0.0
7765,ocgt,2030,84,13,13,0.0
7766,ocgt,2030,84,14,14,0.0
7767,ocgt,2030,84,15,15,0.0
7768,ocgt,2030,84,16,16,0.0
7769,ocgt,2030,84,17,17,0.0
7770,ocgt,2030,84,18,18,0.0
7771,ocgt,2030,84,19,19,0.0
7772,ocgt,2030,84,20,20,0.0
7773,ocgt,2030,84,21,21,0.0
7774,ocgt,2030,84,22,22,0.0
7775,ocgt,2030,84,23,23,0.0
7776,ocgt,2030,84,24,24,0.0
7777,ocgt,2030,85,1,1,0.0
7778,ocgt,2030,85,2,2,0.0
7779,ocgt,2030,85,3,3,0.0
7780,ocgt,2030,85,4,4,0.0
7781,ocgt,2030,85,5,5,0.0
7782,ocgt,2030,85,6,6,0.0
7783,ocgt,2030,85,7,7,0.0
7784,ocgt,2030,85,8,8,0.0
7785,ocgt,2030,85,9,9,0.0
7786,ocgt,2030,85,10,10,0.0
7787,ocgt,2030,85,11,11,0.0
7788,ocgt,2030,85,12,12,0.0
7789,ocgt,2030,85,13,13,0.0
7790,ocgt,2030,85,14,14,0.0
7791,ocgt,2030,85,15,15,0.0
7792,ocgt,2030,85,16,16,0.0
7793,ocgt,2030,85,17,17,0.0
7794,ocgt,2030,85,18,18,0.0
7795,ocgt,2030,85,19,19,0.0
7796,ocgt,2030,85,20,20,0.0
7797,ocgt,2030,85,21,21,0.0
7798,ocgt,2030,85,22,22,0.0
7799,ocgt,2030,85,23,23,0.0
7800,ocgt,2030,85,24,24,0.0
7801,ocgt,2030,86,1,1,0.0
7802,ocgt,2030,86,2,2,0.0
7803,ocgt,2030,86,3,3,0.0
7804,ocgt,2030,86,4,4,0.0
7805,ocgt,2030,86,5,5,0.0
7806,ocgt,2030,86,6,6,0.0
7807,ocgt,2030,86,7,7,0.0
7808,ocgt,2030,86,8,8,0.0
7809,ocgt,2030,86,9,9,0.0
7810,ocgt,2030,86,10,10,0.0
7811,ocgt,2030,86,11,11,0.0
7812,ocgt,2030,86,12,12,0.0
7813,ocgt,2030,86,13,13,0.0
7814,ocgt,2030,86,14,14,0.0
7815,ocgt,2030,86,15,15,0.0
7816,ocgt,2030,86,16,16,0.0
7817,ocgt,2030,86,17,17,0.0
7818,ocgt,2030,86,18,18,0.0
7819,ocgt,2030,86,19,19,0.0
7820,ocgt,2030,86,20,20,0.0
7821,ocgt,2030,86,21,21,0.0
7822,ocgt,2030,86,22,22,0.0
7823,ocgt,2030,86,23,23,0.0
7824,ocgt,2030,86,24,24,0.0
7825,ocgt,2030,87,1,1,0.0
7826,ocgt,2030,87,2,2,0.0
7827,ocgt,2030,87,3,3,0.0
7828,ocgt,2030,87,4,4,0.0
7829,ocgt,2030,87,5,5,0.0
7830,ocgt,2030,87,6,6,0.0
7831,ocgt,2030,87,7,7,0.0
7832,ocgt,2030,87,8,8,0.0
7833,ocgt,2030,87,9,9,0.0
7834,ocgt,2030,87,10,10,0.0
7835,ocgt,2030,87,11,11,0.0
7836,ocgt,2030,87,12,12,0.0
7837,ocgt,2030,87,13,13,0.0
7838,ocgt,2030,87,14,14,0.0
7839,ocgt,2030,87,15,15,0.0
7840,ocgt,2030,87,16,16,0.0
7841,ocgt,2030,87,17,17,0.0
7842,ocgt,2030,87,18,18,0.0
7843,ocgt,2030,87,19,19,0.0
7844,ocgt,2030,87,20,20,0.0
7845,ocgt,2030,87,21,21,0.0
7846,ocgt,2030,87,22,22,0.0
7847,ocgt,2030,87,23,23,0.0
7848,ocgt,2030,87,24,24,0.0
7849,ocgt,2030,88,1,1,0.0
7850,ocgt,2030,88,2,2,0.0
7851,ocgt,2030,88,3,3,0.0
7852,ocgt,2030,88,4,4,0.0
7853,ocgt,2030,88,5,5,0.0
7854,ocgt,2030,88,6,6,0.0
7855,ocgt,2030,88,7,7,0.0
7856,ocgt,2030,88,8,8,0.0
7857,ocgt,2030,88,9,9,0.0
7858,ocgt,2030,88,10,10,0.0
7859,ocgt,2030,88,11,11,0.0
7860,ocgt,2030,88,12,12,0.0
7861,ocgt,2030,88,13,13,0.0
7862,ocgt,2030,88,14,14,0.0
7863,ocgt,2030,88,15,15,0.0
7864,ocgt,2030,88,16,16,0.0
7865,ocgt,2030,88,17,17,0.0
7866,ocgt,2030,88,18,18,0.0
7867,ocgt,2030,88,19,19,0.0
7868,ocgt,2030,88,20,20,0.0
7869,ocgt,2030,88,21,21,0.0
7870,ocgt,2030,88,22,22,0.0
7871,ocgt,2030,88,23,23,0.0
7872,ocgt,2030,88,24,24,0.0
7873,ocgt,2030,89,1,1,0.0
7874,ocgt,2030,89,2,2,0.0
7875,ocgt,2030,89,3,3,0.0
7876,ocgt,2030,89,4,4,0.0
7877,ocgt,2030,89,5,5,0.0
7878,ocgt,2030,89,6,6,0.0
7879,ocgt,2030,89,7,7,0.0
7880,ocgt,2030,89,8,8,0.0
7881,ocgt,2030,89,9,9,0.0
7882,ocgt,2030,89,10,10,0.0
7883,ocgt,2030,89,11,11,0.0
7884,ocgt,2030,89,12,12,0.0
7885,ocgt,2030,89,13,13,0.0
7886,ocgt,2030,89,14,14,0.0
7887,ocgt,2030,89,15,15,0.0
7888,ocgt,2030,89,16,16,0.0
7889,ocgt,2030,89,17,17,0.0
7890,ocgt,2030,89,18,18,0.0
7891,ocgt,2030,89,19,19,0.0
7892,ocgt,2030,89,20,20,0.0
7893,ocgt,2030,89,21,21,0.0
7894,ocgt,2030,89,22,22,0.0
7895,ocgt,2030,89,23,23,0.0
7896,ocgt,2030,89,24,24,0.0
7897,ocgt,2030,90,1,1,0.0
7898,ocgt,2030,90,2,2,0.0
7899,ocgt,2030,90,3,3,0.0
7900,ocgt,2030,90,4,4,0.0
7901,ocgt,2030,90,5,5,0.0
7902,ocgt,2030,90,6,6,0.0
7903,ocgt,2030,90,7,7,0.0
7904,ocgt,2030,90,8,8,0.0
7905,ocgt,2030,90,9,9,0.0
7906,ocgt,2030,90,10,10,0.0
7907,ocgt,2030,90,11,11,0.0
7908,ocgt,2030,90,12,12,0.0
7909,ocgt,2030,90,13,13,0.0
7910,ocgt,2030,90,14,14,0.0
7911,ocgt,2030,90,15,15,0.0
7912,ocgt,2030,90,16,16,0.0
7913,ocgt,2030,90,17,17,0.0
7914,ocgt,2030,90,18,18,0.0
7915,ocgt,2030,90,19,19,0.0
7916,ocgt,2030,90,20,20,0.0
7917,ocgt,2030,90,21,21,0.0
7918,ocgt,2030,90,22,22,0.0
7919,ocgt,2030,90,23,23,0.0
7920,ocgt,2030,90,24,24,0.0
7921,ocgt,2030,91,1,1,0.0
7922,ocgt,2030,91,2,2,0.0
7923,ocgt,2030,91,3,3,0.0
7924,ocgt,2030,91,4,4,0.0
7925,ocgt,2030,91,5,5,0.0
7926,ocgt,2030,91,6,6,0.0
7927,ocgt,2030,91,7,7,0.0
7928,ocgt,2030,91,8,8,0.0
7929,ocgt,2030,91,9,9,0.0
7930,ocgt,2030,91,10,10,0.0
7931,ocgt,2030,91,11,11,0.0
7932,ocgt,2030,91,12,12,0.0
7933,ocgt,2030,91,13,13,0.0
7934,ocgt,2030,91,14,14,0.0
7935,ocgt,2030,91,15,15,0.0
7936,ocgt,2030,91,16,16,0.0
7937,ocgt,2030,91,17,17,0.0
7938,ocgt,2030,91,18,18,0.0
7939,ocgt,2030,91,19,19,0.0
7940,ocgt,2030,91,20,20,0.0
7941,ocgt,2030,91,21,21,0.0
7942,ocgt,2030,91,22,22,0.0
7943,ocgt,2030,91,23,23,0.0
7944,ocgt,2030,91,24,24,0.0
7945,ocgt,2030,92,1,1,0.0
7946,ocgt,2030,92,2,2,0.0
7947,ocgt,2030,92,3,3,0.0
7948,ocgt,2030,92,4,4,0.0
7949,ocgt,2030,92,5,5,0.0
7950,ocgt,2030,92,6,6,0.0
7951,ocgt,2030,92,7,7,0.0
7952,ocgt,2030,92,8,8,0.0
7953,ocgt,2030,92,9,9,0.0
7954,ocgt,2030,92,10,10,0.0
7955,ocgt,2030,92,11,11,0.0
7956,ocgt,2030,92,12,12,0.0
7957,ocgt,2030,92,13,13,0.0
7958,ocgt,2030,92,14,14,0.0
7959,ocgt,2030,92,15,15,0.0
7960,ocgt,2030,92,16,16,0.0
7961,ocgt,2030,92,17,17,0.0
7962,ocgt,2030,92,18,18,0.0
7963,ocgt,2030,92,19,19,0.0
7964,ocgt,2030,92,20,20,0.0
7965,ocgt,2030,92,21,21,0.0
7966,ocgt,2030,92,22,22,0.0
7967,ocgt,2030,92,23,23,0.0
7968,ocgt,2030,92,24,24,0.0
7969,ocgt,2030,93,1,1,0.0
7970,ocgt,2030,93,2,2,0.0
7971,ocgt,2030,93,3,3,0.0
7972,ocgt,2030,93,4,4,0.0
7973,ocgt,2030,93,5,5,0.0
7974,ocgt,2030,93,6,6,0.0
7975,ocgt,2030,93,7,7,0.0
7976,ocgt,2030,93,8,8,0.0
7977,ocgt,2030,93,9,9,0.0
7978,ocgt,2030,93,10,10,0.0
7979,ocgt,2030,93,11,11,0.0
7980,ocgt,2030,93,12,12,0.0
7981,ocgt,2030,93,13,13,0.0
7982,ocgt,2030,93,14,14,0.0
7983,ocgt,2030,93,15,15,0.0
7984,ocgt,2030,93,16,16,0.0
7985,ocgt,2030,93,17,17,0.0
7986,ocgt,2030,93,18,18,0.0
7987,ocgt,2030,93,19,19,0.0
7988,ocgt,2030,93,20,20,0.0
7989,ocgt,2030,93,21,21,0.0
7990,ocgt,2030,93,22,22,0.0
7991,ocgt,2030,93,23,23,0.0
7992,ocgt,2030,93,24,24,0.0
7993,ocgt,2030,94,1,1,0.0
7994,ocgt,2030,94,2,2,0.0
7995,ocgt,2030,94,3,3,0.0
7996,ocgt,2030,94,4,4,0.0
7997,ocgt,2030,94,5,5,0.0
7998,ocgt,2030,94,6,6,0.0
7999,ocgt,2030,94,7,7,0.0
8000,ocgt,2030,94,8,8,0.0
8001,ocgt,2030,94,9,9,0.0
8002,ocgt,2030,94,10,10,0.0
8003,ocgt,2030,94,11,11,0.0
8004,ocgt,2030,94,12,12,0.0
8005,ocgt,2030,94,13,13,0.0
8006,ocgt,2030,94,14,14,0.0
8007,ocgt,2030,94,15,15,0.0
8008,ocgt,2030,94,16,16,0.0
8009,ocgt,2030,94,17,17,0.0
8010,ocgt,2030,94,18,18,0.0
8011,ocgt,2030,94,19,19,0.0
8012,ocgt,2030,94,20,20,0.0
8013,ocgt,2030,94,21,21,0.0
8014,ocgt,2030,94,22,22,0.0
8015,ocgt,2030,94,23,23,0.0
8016,ocgt,2030,94,24,24,0.0
8017,ocgt,2030,95,1,1,0.0
8018,ocgt,2030,95,2,2,0.0
8019,ocgt,2030,95,3,3,0.0
8020,ocgt,2030,95,4,4,0.0
8021,ocgt,2030,95,5,5,0.0
8022,ocgt,2030,95,6,6,0.0
8023,ocgt,2030,95,7,7,0.0
8024,ocgt,2030,95,8,8,0.0
8025,ocgt,2030,95,9,9,0.0
8026,ocgt,2030,95,10,10,0.0
8027,ocgt,2030,95,11,11,0.0
8028,ocgt,2030,95,12,12,0.0
8029,ocgt,2030,95,13,13,0.0
8030,ocgt,2030,95,14,14,0.0
8031,ocgt,2030,95,15,15,0.0
8032,ocgt,2030,95,16,16,0.0
8033,ocgt,2030,95,17,17,0.0
8034,ocgt,2030,95,18,18,0.0
8035,ocgt,2030,95,19,19,0.0
8036,ocgt,2030,95,20,20,0.0
8037,ocgt,2030,95,21,21,0.0
8038,ocgt,2030,95,22,22,0.0
8039,ocgt,2030,95,23,23,0.0
8040,ocgt,2030,95,24,24,0.0
8041,ocgt,2030,96,1,1,0.0
8042,ocgt,2030,96,2,2,0.0
8043,ocgt,2030,96,3,3,0.0
8044,ocgt,2030,96,4,4,0.0
8045,ocgt,2030,96,5,5,0.0
8046,ocgt,2030,96,6,6,0.0
8047,ocgt,2030,96,7,7,0.0
8048,ocgt,2030,96,8,8,0.0
8049,ocgt,2030,96,9,9,0.0
8050,ocgt,2030,96,10,10,0.0
8051,ocgt,2030,96,11,11,0.0
8052,ocgt,2030,96,12,12,0.0
8053,ocgt,2030,96,13,13,0.0
8054,ocgt,2030,96,14,14,0.0
8055,ocgt,2030,96,15,15,0.0
8056,ocgt,2030,96,16,16,0.0
8057,ocgt,2030,96,17,17,0.0
8058,ocgt,2030,96,18,18,0.0
8059,ocgt,2030,96,19,19,0.0
8060,ocgt,2030,96,20,20,0.0
8061,ocgt,2030,96,21,21,0.0
8062,ocgt,2030,96,22,22,0.0
8063,ocgt,2030,96,23,23,0.0
8064,ocgt,2030,96,24,24,0.0
8065,ocgt,2030,97,1,1,0.0
8066,ocgt,2030,97,2,2,0.0
8067,ocgt,2030,97,3,3,0.0
8068,ocgt,2030,97,4,4,0.0
8069,ocgt,2030,97,5,5,0.0
8070,ocgt,2030,97,6,6,0.0
8071,ocgt,2030,97,7,7,0.0
8072,ocgt,2030,97,8,8,0.0
8073,ocgt,2030,97,9,9,0.0
8074,ocgt,2030,97,10,10,0.0
8075,ocgt,2030,97,11,11,0.0
8076,ocgt,2030,97,12,12,0.0
8077,ocgt,2030,97,13,13,0.0
8078,ocgt,2030,97,14,14,0.0
8079,ocgt,2030,97,15,15,0.0
8080,ocgt,2030,97,16,16,0.0
8081,ocgt,2030,97,17,17,0.0
8082,ocgt,2030,97,18,18,0.0
8083,ocgt,2030,97,19,19,0.0
8084,ocgt,2030,97,20,20,0.0
8085,ocgt,2030,97,21,21,0.0
8086,ocgt,2030,97,22,22,0.0
8087,ocgt,2030,97,23,23,0.0
8088,ocgt,2030,97,24,24,0.0
8089,ocgt,2030,98,1,1,0.0
8090,ocgt,2030,98,2,2,0.0
8091,ocgt,2030,98,3,3,0.0
8092,ocgt,2030,98,4,4,0.0
8093,ocgt,2030,98,5,5,0.0
8094,ocgt,2030,98,6,6,0.0
8095,ocgt,2030,98,7,7,0.0
8096,ocgt,2030,98,8,8,0.0
8097,ocgt,2030,98,9,9,0.0
8098,ocgt,2030,98,10,10,0.0
8099,ocgt,2030,98,11,11,0.0
8100,ocgt,2030,98,12,12,0.0
8101,ocgt,2030,98,13,13,0.0
8102,ocgt,2030,98,14,14,0.0
8103,ocgt,2030,98,15,15,0.0
8104,ocgt,2030,98,16,16,0.0
8105,ocgt,2030,98,17,17,0.0
8106,ocgt,2030,98,18,18,0.0
8107,ocgt,2030,98,19,19,0.0
8108,ocgt,2030,98,20,20,0.0
8109,ocgt,2030,98,21,21,0.0
8110,ocgt,2030,98,22,22,0.0
8111,ocgt,2030,98,23,23,0.0
8112,ocgt,2030,98,24,24,0.0
8113,ocgt,2030,99,1,1,0.0
8114,ocgt,2030,99,2,2,0.0
8115,ocgt,2030,99,3,3,0.0
8116,ocgt,2030,99,4,4,0.0
8117,ocgt,2030,99,5,5,0.0
8118,ocgt,2030,99,6,6,0.0
8119,ocgt,2030,99,7,7,0.0
8120,ocgt,2030,99,8,8,0.0
8121,ocgt,2030,99,9,9,0.0
8122,ocgt,2030,99,10,10,0.0
8123,ocgt,2030,99,11,11,0.0
8124,ocgt,2030,99,12,12,0.0
8125,ocgt,2030,99,13,13,0.0
8126,ocgt,2030,99,14,14,0.0
8127,ocgt,2030,99,15,15,0.0
8128,ocgt,2030,99,16,16,0.0
8129,ocgt,2030,99,17,17,0.0
8130,ocgt,2030,99,18,18,-20.16349269168765
8131,ocgt,2030,99,19,19,-20.16349269168765
8132,ocgt,2030,99,20,20,-20.16349269168765
8133,ocgt,2030,99,21,21,-20.16349269168765
8134,ocgt,2030,99,22,22,0.0
8135,ocgt,2030,99,23,23,0.0
8136,ocgt,2030,99,24,24,0.0
8137,ocgt,2030,100,1,1,0.0
8138,ocgt,2030,100,2,2,0.0
8139,ocgt,2030,100,3,3,0.0
8140,ocgt,2030,100,4,4,0.0
8141,ocgt,2030,100,5,5,0.0
8142,ocgt,2030,100,6,6,0.0
8143,ocgt,2030,100,7,7,0.0
8144,ocgt,2030,100,8,8,0.0
8145,ocgt,2030,100,9,9,0.0
8146,ocgt,2030,100,10,10,0.0
8147,ocgt,2030,100,11,11,0.0
8148,ocgt,2030,100,12,12,0.0
8149,ocgt,2030,100,13,13,0.0
8150,ocgt,2030,100,14,14,0.0
8151,ocgt,2030,100,15,15,0.0
8152,ocgt,2030,100,16,16,0.0
8153,ocgt,2030,100,17,17,0.0
8154,ocgt,2030,100,18,18,0.0
8155,ocgt,2030,100,19,19,0.0
8156,ocgt,2030,100,20,20,0.0
8157,ocgt,2030,100,21,21,0.0
8158,ocgt,2030,100,22,22,0.0
8159,ocgt,2030,100,23,23,0.0
8160,ocgt,2030,100,24,24,0.0
8161,ocgt,2030,101,1,1,0.0
8162,ocgt,2030,101,2,2,0.0
8163,ocgt,2030,101,3,3,0.0
8164,ocgt,2030,101,4,4,0.0
8165,ocgt,2030,101,5,5,0.0
8166,ocgt,2030,101,6,6,0.0
8167,ocgt,2030,101,7,7,0.0
8168,ocgt,2030,101,8,8,0.0
8169,ocgt,2030,101,9,9,0.0
8170,ocgt,2030,101,10,10,0.0
8171,ocgt,2030,101,11,11,0.0
8172,ocgt,2030,101,12,12,0.0
8173,ocgt,2030,101,13,13,0.0
8174,ocgt,2030,101,14,14,0.0
8175,ocgt,2030,101,15,15,0.0
8176,ocgt,2030,101,16,16,0.0
8177,ocgt,2030,101,17,17,0.0
8178,ocgt,2030,101,18,18,0.0
8179,ocgt,2030,101,19,19,0.0
8180,ocgt,2030,101,20,20,0.0
8181,ocgt,2030,101,21,21,0.0
8182,ocgt,2030,101,22,22,0.0
8183,ocgt,2030,101,23,23,0.0
8184,ocgt,2030,101,24,24,0.0
8185,ocgt,2030,102,1,1,0.0
8186,ocgt,2030,102,2,2,0.0
8187,ocgt,2030,102,3,3,0.0
8188,ocgt,2030,102,4,4,0.0
8189,ocgt,2030,102,5,5,0.0
8190,ocgt,2030,102,6,6,0.0
8191,ocgt,2030,102,7,7,0.0
8192,ocgt,2030,102,8,8,0.0
8193,ocgt,2030,102,9,9,0.0
8194,ocgt,2030,102,10,10,0.0
8195,ocgt,2030,102,11,11,0.0
8196,ocgt,2030,102,12,12,0.0
8197,ocgt,2030,102,13,13,0.0
8198,ocgt,2030,102,14,14,0.0
8199,ocgt,2030,102,15,15,0.0
8200,ocgt,2030,102,16,16,0.0
8201,ocgt,2030,102,17,17,0.0
8202,ocgt,2030,102,18,18,0.0
8203,ocgt,2030,102,19,19,0.0
8204,ocgt,2030,102,20,20,0.0
8205,ocgt,2030,102,21,21,0.0
8206,ocgt,2030,102,22,22,0.0
8207,ocgt,2030,102,23,23,0.0
8208,ocgt,2030,102,24,24,0.0
8209,ocgt,2030,103,1,1,0.0
8210,ocgt,2030,103,2,2,0.0
8211,ocgt,2030,103,3,3,0.0
8212,ocgt,2030,103,4,4,0.0
8213,ocgt,2030,103,5,5,0.0
8214,ocgt,2030,103,6,6,0.0
8215,ocgt,2030,103,7,7,0.0
8216,ocgt,2030,103,8,8,0.0
8217,ocgt,2030,103,9,9,0.0
8218,ocgt,2030,103,10,10,0.0
8219,ocgt,2030,103,11,11,0.0
8220,ocgt,2030,103,12,12,0.0
8221,ocgt,2030,103,13,13,0.0
8222,ocgt,2030,103,14,14,0.0
8223,ocgt,2030,103,15,15,0.0
8224,ocgt,2030,103,16,16,0.0
8225,ocgt,2030,103,17,17,0.0
8226,ocgt,2030,103,18,18,0.0
8227,ocgt,2030,103,19,19,0.0
8228,ocgt,2030,103,20,20,0.0
8229,ocgt,2030,103,21,21,0.0
8230,ocgt,2030,103,22,22,0.0
8231,ocgt,2030,103,23,23,0.0
8232,ocgt,2030,103,24,24,0.0
8233,ocgt,2030,104,1,1,0.0
8234,ocgt,2030,104,2,2,0.0
8235,ocgt,2030,104,3,3,0.0
8236,ocgt,2030,104,4,4,0.0
8237,ocgt,2030,104,5,5,0.0
8238,ocgt,2030,104,6,6,0.0
8239,ocgt,2030,104,7,7,0.0
8240,ocgt,2030,104,8,8,0.0
8241,ocgt,2030,104,9,9,0.0
8242,ocgt,2030,104,10,10,0.0
8243,ocgt,2030,104,11,11,0.0
8244,ocgt,2030,104,12,12,0.0
8245,ocgt,2030,104,13,13,0.0
8246,ocgt,2030,104,14,14,0.0
8247,ocgt,2030,104,15,15,0.0
8248,ocgt,2030,104,16,16,0.0
8249,ocgt,2030,104,17,17,0.0
8250,ocgt,2030,104,18,18,0.0
8251,ocgt,2030,104,19,19,0.0
8252,ocgt,2030,104,20,20,0.0
8253,ocgt,2030,104,21,21,0.0
8254,ocgt,2030,104,22,22,0.0
8255,ocgt,2030,104,23,23,0.0
8256,ocgt,2030,104,24,24,0.0
8257,ocgt,2030,105,1,1,0.0
8258,ocgt,2030,105,2,2,0.0
8259,ocgt,2030,105,3,3,0.0
8260,ocgt,2030,105,4,4,0.0
8261,ocgt,2030,105,5,5,0.0
8262,ocgt,2030,105,6,6,0.0
8263,ocgt,2030,105,7,7,0.0
8264,ocgt,2030,105,8,8,0.0
8265,ocgt,2030,105,9,9,0.0
8266,ocgt,2030,105,10,10,0.0
8267,ocgt,2030,105,11,11,0.0
8268,ocgt,2030,105,12,12,0.0
8269,ocgt,2030,105,13,13,0.0
8270,ocgt,2030,105,14,14,0.0
8271,ocgt,2030,105,15,15,0.0
8272,ocgt,2030,105,16,16,0.0
8273,ocgt,2030,105,17,17,0.0
8274,ocgt,2030,105,18,18,0.0
8275,ocgt,2030,105,19,19,0.0
8276,ocgt,2030,105,20,20,0.0
8277,ocgt,2030,105,21,21,0.0
8278,ocgt,2030,105,22,22,0.0
8279,ocgt,2030,105,23,23,0.0
8280,ocgt,2030,105,24,24,0.0
8281,ocgt,2030,106,1,1,0.0
8282,ocgt,2030,106,2,2,0.0
8283,ocgt,2030,106,3,3,0.0
8284,ocgt,2030,106,4,4,0.0
8285,ocgt,2030,106,5,5,0.0
8286,ocgt,2030,106,6,6,0.0
8287,ocgt,2030,106,7,7,0.0
8288,ocgt,2030,106,8,8,0.0
8289,ocgt,2030,106,9,9,0.0
8290,ocgt,2030,106,10,10,0.0
8291,ocgt,2030,106,11,11,0.0
8292,ocgt,2030,106,12,12,0.0
8293,ocgt,2030,106,13,13,0.0
8294,ocgt,2030,106,14,14,0.0
8295,ocgt,2030,106,15,15,0.0
8296,ocgt,2030,106,16,16,0.0
8297,ocgt,2030,106,17,17,0.0
8298,ocgt,2030,106,18,18,0.0
8299,ocgt,2030,106,19,19,0.0
8300,ocgt,2030,106,20,20,0.0
8301,ocgt,2030,106,21,21,0.0
8302,ocgt,2030,106,22,22,0.0
8303,ocgt,2030,106,23,23,0.0
8304,ocgt,2030,106,24,24,0.0
8305,ocgt,2030,107,1,1,0.0
8306,ocgt,2030,107,2,2,0.0
8307,ocgt,2030,107,3,3,0.0
8308,ocgt,2030,107,4,4,0.0
8309,ocgt,2030,107,5,5,0.0
8310,ocgt,2030,107,6,6,0.0
8311,ocgt,2030,107,7,7,0.0
8312,ocgt,2030,107,8,8,0.0
8313,ocgt,2030,107,9,9,0.0
8314,ocgt,2030,107,10,10,0.0
8315,ocgt,2030,107,11,11,0.0
8316,ocgt,2030,107,12,12,0.0
8317,ocgt,2030,107,13,13,0.0
8318,ocgt,2030,107,14,14,0.0
8319,ocgt,2030,107,15,15,0.0
8320,ocgt,2030,107,16,16,0.0
8321,ocgt,2030,107,17,17,0.0
8322,ocgt,2030,107,18,18,0.0
8323,ocgt,2030,107,19,19,0.0
8324,ocgt,2030,107,20,20,0.0
8325,ocgt,2030,107,21,21,0.0
8326,ocgt,2030,107,22,22,0.0
8327,ocgt,2030,107,23,23,0.0
8328,ocgt,2030,107,24,24,0.0
8329,ocgt,2030,108,1,1,0.0
8330,ocgt,2030,108,2,2,0.0
8331,ocgt,2030,108,3,3,0.0
8332,ocgt,2030,108,4,4,0.0
8333,ocgt,2030,108,5,5,0.0
8334,ocgt,2030,108,6,6,0.0
8335,ocgt,2030,108,7,7,0.0
8336,ocgt,2030,108,8,8,0.0
8337,ocgt,2030,108,9,9,0.0
8338,ocgt,2030,108,10,10,0.0
8339,ocgt,2030,108,11,11,0.0
8340,ocgt,2030,108,12,12,0.0
8341,ocgt,2030,108,13,13,0.0
8342,ocgt,2030,108,14,14,0.0
8343,ocgt,2030,108,15,15,0.0
8344,ocgt,2030,108,16,16,0.0
8345,ocgt,2030,108,17,17,0.0
8346,ocgt,2030,108,18,18,0.0
8347,ocgt,2030,108,19,19,0.0
8348,ocgt,2030,108,20,20,0.0
8349,ocgt,2030,108,21,21,0.0
8350,ocgt,2030,108,22,22,0.0
8351,ocgt,2030,108,23,23,0.0
8352,ocgt,2030,108,24,24,0.0
8353,ocgt,2030,109,1,1,0.0
8354,ocgt,2030,109,2,2,0.0
8355,ocgt,2030,109,3,3,0.0
8356,ocgt,2030,109,4,4,0.0
8357,ocgt,2030,109,5,5,0.0
8358,ocgt,2030,109,6,6,0.0
8359,ocgt,2030,109,7,7,0.0
8360,ocgt,2030,109,8,8,0.0
8361,ocgt,2030,109,9,9,0.0
8362,ocgt,2030,109,10,10,0.0
8363,ocgt,2030,109,11,11,0.0
8364,ocgt,2030,109,12,12,0.0
8365,ocgt,2030,109,13,13,0.0
8366,ocgt,2030,109,14,14,0.0
8367,ocgt,2030,109,15,15,0.0
8368,ocgt,2030,109,16,16,0.0
8369,ocgt,2030,109,17,17,0.0
8370,ocgt,2030,109,18,18,0.0
8371,ocgt,2030,109,19,19,0.0
8372,ocgt,2030,109,20,20,0.0
8373,ocgt,2030,109,21,21,0.0
8374,ocgt,2030,109,22,22,0.0
8375,ocgt,2030,109,23,23,0.0
8376,ocgt,2030,109,24,24,0.0
8377,ocgt,2030,110,1,1,0.0
8378,ocgt,2030,110,2,2,0.0
8379,ocgt,2030,110,3,3,0.0
8380,ocgt,2030,110,4,4,0.0
8381,ocgt,2030,110,5,5,0.0
8382,ocgt,2030,110,6,6,0.0
8383,ocgt,2030,110,7,7,0.0
8384,ocgt,2030,110,8,8,0.0
8385,ocgt,2030,110,9,9,0.0
8386,ocgt,2030,110,10,10,0.0
8387,ocgt,2030,110,11,11,0.0
8388,ocgt,2030,110,12,12,0.0
8389,ocgt,2030,110,13,13,0.0
8390,ocgt,2030,110,14,14,0.0
8391,ocgt,2030,110,15,15,0.0
8392,ocgt,2030,110,16,16,0.0
8393,ocgt,2030,110,17,17,0.0
8394,ocgt,2030,110,18,18,0.0
8395,ocgt,2030,110,19,19,0.0
8396,ocgt,2030,110,20,20,0.0
8397,ocgt,2030,110,21,21,0.0
8398,ocgt,2030,110,22,22,0.0
8399,ocgt,2030,110,23,23,0.0
8400,ocgt,2030,110,24,24,0.0
8401,ocgt,2030,111,1,1,0.0
8402,ocgt,2030,111,2,2,0.0
8403,ocgt,2030,111,3,3,0.0
8404,ocgt,2030,111,4,4,0.0
8405,ocgt,2030,111,5,5,0.0
8406,ocgt,2030,111,6,6,0.0
8407,ocgt,2030,111,7,7,0.0
8408,ocgt,2030,111,8,8,0.0
8409,ocgt,2030,111,9,9,0.0
8410,ocgt,2030,111,10,10,0.0
8411,ocgt,2030,111,11,11,0.0
8412,ocgt,2030,111,12,12,0.0
8413,ocgt,2030,111,13,13,0.0
8414,ocgt,2030,111,14,14,0.0
8415,ocgt,2030,111,15,15,0.0
8416,ocgt,2030,111,16,16,0.0
8417,ocgt,2030,111,17,17,0.0
8418,ocgt,2030,111,18,18,0.0
8419,ocgt,2030,111,19,19,0.0
8420,ocgt,2030,111,20,20,0.0
8421,ocgt,2030,111,21,21,0.0
8422,ocgt,2030,111,22,22,0.0
8423,ocgt,2030,111,23,23,0.0
8424,ocgt,2030,111,24,24,0.0
8425,ocgt,2030,112,1,1,0.0
8426,ocgt,2030,112,2,2,0.0
8427,ocgt,2030,112,3,3,0.0
8428,ocgt,2030,112,4,4,0.0
8429,ocgt,2030,112,5,5,0.0
8430,ocgt,2030,112,6,6,0.0
8431,ocgt,2030,112,7,7,0.0
8432,ocgt,2030,112,8,8,0.0
8433,ocgt,2030,112,9,9,0.0
8434,ocgt,2030,112,10,10,0.0
8435,ocgt,2030,112,11,11,0.0
8436,ocgt,2030,112,12,12,0.0
8437,ocgt,2030,112,13,13,0.0
8438,ocgt,2030,112,14,14,0.0
8439,ocgt,2030,112,15,15,0.0
8440,ocgt,2030,112,16,16,0.0
8441,ocgt,2030,112,17,17,0.0
8442,ocgt,2030,112,18,18,0.0
8443,ocgt,2030,112,19,19,0.0
8444,ocgt,2030,112,20,20,0.0
8445,ocgt,2030,112,21,21,0.0
8446,ocgt,2030,112,22,22,0.0
8447,ocgt,2030,112,23,23,0.0
8448,ocgt,2030,112,24,24,0.0
8449,ocgt,2030,113,1,1,0.0
8450,ocgt,2030,113,2,2,0.0
8451,ocgt,2030,113,3,3,0.0
8452,ocgt,2030,113,4,4,0.0
8453,ocgt,2030,113,5,5,0.0
8454,ocgt,2030,113,6,6,0.0
8455,ocgt,2030,113,7,7,0.0
8456,ocgt,2030,113,8,8,0.0
8457,ocgt,2030,113,9,9,0.0
8458,ocgt,2030,113,10,10,0.0
8459,ocgt,2030,113,11,11,0.0
8460,ocgt,2030,113,12,12,0.0
8461,ocgt,2030,113,13,13,0.0
8462,ocgt,2030,113,14,14,0.0
8463,ocgt,2030,113,15,15,0.0
8464,ocgt,2030,113,16,16,0.0
8465,ocgt,2030,113,17,17,0.0
8466,ocgt,2030,113,18,18,0.0
8467,ocgt,2030,113,19,19,-18.77694998954117
8468,ocgt,2030,113,20,20,-3.774893175926435
8469,ocgt,2030,113,21,21,0.0
8470,ocgt,2030,113,22,22,0.0
8471,ocgt,2030,113,23,23,0.0
8472,ocgt,2030,113,24,24,0.0
8473,ocgt,2030,114,1,1,0.0
8474,ocgt,2030,114,2,2,0.0
8475,ocgt,2030,114,3,3,0.0
8476,ocgt,2030,114,4,4,0.0
8477,ocgt,2030,114,5,5,0.0
8478,ocgt,2030,114,6,6,0.0
8479,ocgt,2030,114,7,7,0.0
8480,ocgt,2030,114,8,8,0.0
8481,ocgt,2030,114,9,9,0.0
8482,ocgt,2030,114,10,10,0.0
8483,ocgt,2030,114,11,11,0.0
8484,ocgt,2030,114,12,12,0.0
8485,ocgt,2030,114,13,13,0.0
8486,ocgt,2030,114,14,14,0.0
8487,ocgt,2030,114,15,15,0.0
8488,ocgt,2030,114,16,16,0.0
8489,ocgt,2030,114,17,17,0.0
8490,ocgt,2030,114,18,18,0.0
8491,ocgt,2030,114,19,19,0.0
8492,ocgt,2030,114,20,20,0.0
8493,ocgt,2030,114,21,21,0.0
8494,ocgt,2030,114,22,22,0.0
8495,ocgt,2030,114,23,23,0.0
8496,ocgt,2030,114,24,24,0.0
8497,ocgt,2030,115,1,1,0.0
8498,ocgt,2030,115,2,2,0.0
8499,ocgt,2030,115,3,3,0.0
8500,ocgt,2030,115,4,4,0.0
8501,ocgt,2030,115,5,5,0.0
8502,ocgt,2030,115,6,6,0.0
8503,ocgt,2030,115,7,7,0.0
8504,ocgt,2030,115,8,8,0.0
8505,ocgt,2030,115,9,9,0.0
8506,ocgt,2030,115,10,10,0.0
8507,ocgt,2030,115,11,11,0.0
8508,ocgt,2030,115,12,12,0.0
8509,ocgt,2030,115,13,13,0.0
8510,ocgt,2030,115,14,14,0.0
8511,ocgt,2030,115,15,15,0.0
8512,ocgt,2030,115,16,16,0.0
8513,ocgt,2030,115,17,17,0.0
8514,ocgt,2030,115,18,18,0.0
8515,ocgt,2030,115,19,19,0.0
8516,ocgt,2030,115,20,20,0.0
8517,ocgt,2030,115,21,21,0.0
8518,ocgt,2030,115,22,22,0.0
8519,ocgt,2030,115,23,23,0.0
8520,ocgt,2030,115,24,24,0.0
8521,ocgt,2030,116,1,1,0.0
8522,ocgt,2030,116,2,2,0.0
8523,ocgt,2030,116,3,3,0.0
8524,ocgt,2030,116,4,4,0.0
8525,ocgt,2030,116,5,5,0.0
8526,ocgt,2030,116,6,6,0.0
8527,ocgt,2030,116,7,7,0.0
8528,ocgt,2030,116,8,8,0.0
8529,ocgt,2030,116,9,9,0.0
8530,ocgt,2030,116,10,10,0.0
8531,ocgt,2030,116,11,11,0.0
8532,ocgt,2030,116,12,12,0.0
8533,ocgt,2030,116,13,13,0.0
8534,ocgt,2030,116,14,14,0.0
8535,ocgt,2030,116,15,15,0.0
8536,ocgt,2030,116,16,16,0.0
8537,ocgt,2030,116,17,17,0.0
8538,ocgt,2030,116,18,18,0.0
8539,ocgt,2030,116,19,19,0.0
8540,ocgt,2030,116,20,20,0.0
8541,ocgt,2030,116,21,21,0.0
8542,ocgt,2030,116,22,22,0.0
8543,ocgt,2030,116,23,23,0.0
8544,ocgt,2030,116,24,24,0.0
8545,ocgt,2030,117,1,1,0.0
8546,ocgt,2030,117,2,2,0.0
8547,ocgt,2030,117,3,3,0.0
8548,ocgt,2030,117,4,4,0.0
8549,ocgt,2030,117,5,5,0.0
8550,ocgt,2030,117,6,6,0.0
8551,ocgt,2030,117,7,7,0.0
8552,ocgt,2030,117,8,8,0.0
8553,ocgt,2030,117,9,9,0.0
8554,ocgt,2030,117,10,10,0.0
8555,ocgt,2030,117,11,11,0.0
8556,ocgt,2030,117,12,12,0.0
8557,ocgt,2030,117,13,13,0.0
8558,ocgt,2030,117,14,14,0.0
8559,ocgt,2030,117,15,15,0.0
8560,ocgt,2030,117,16,16,0.0
8561,ocgt,2030,117,17,17,0.0
8562,ocgt,2030,117,18,18,0.0
8563,ocgt,2030,117,19,19,0.0
8564,ocgt,2030,117,20,20,0.0
8565,ocgt,2030,117,21,21,0.0
8566,ocgt,2030,117,22,22,0.0
8567,ocgt,2030,117,23,23,0.0
8568,ocgt,2030,117,24,24,0.0
8569,ocgt,2030,118,1,1,0.0
8570,ocgt,2030,118,2,2,0.0
8571,ocgt,2030,118,3,3,0.0
8572,ocgt,2030,118,4,4,0.0
8573,ocgt,2030,118,5,5,0.0
8574,ocgt,2030,118,6,6,0.0
8575,ocgt,2030,118,7,7,0.0
8576,ocgt,2030,118,8,8,0.0
8577,ocgt,2030,118,9,9,0.0
8578,ocgt,2030,118,10,10,0.0
8579,ocgt,2030,118,11,11,0.0
8580,ocgt,2030,118,12,12,0.0
8581,ocgt,2030,118,13,13,0.0
8582,ocgt,2030,118,14,14,0.0
8583,ocgt,2030,118,15,15,0.0
8584,ocgt,2030,118,16,16,0.0
8585,ocgt,2030,118,17,17,0.0
8586,ocgt,2030,118,18,18,0.0
8587,ocgt,2030,118,19,19,0.0
8588,ocgt,2030,118,20,20,0.0
8589,ocgt,2030,118,21,21,0.0
8590,ocgt,2030,118,22,22,0.0
8591,ocgt,2030,118,23,23,0.0
8592,ocgt,2030,118,24,24,0.0
8593,ocgt,2030,119,1,1,0.0
8594,ocgt,2030,119,2,2,0.0
8595,ocgt,2030,119,3,3,0.0
8596,ocgt,2030,119,4,4,0.0
8597,ocgt,2030,119,5,5,0.0
8598,ocgt,2030,119,6,6,0.0
8599,ocgt,2030,119,7,7,0.0
8600,ocgt,2030,119,8,8,0.0
8601,ocgt,2030,119,9,9,0.0
8602,ocgt,2030,119,10,10,0.0
8603,ocgt,2030,119,11,11,0.0
8604,ocgt,2030,119,12,12,0.0
8605,ocgt,2030,119,13,13,0.0
8606,ocgt,2030,119,14,14,0.0
8607,ocgt,2030,119,15,15,0.0
8608,ocgt,2030,119,16,16,0.0
8609,ocgt,2030,119,17,17,0.0
8610,ocgt,2030,119,18,18,0.0
8611,ocgt,2030,119,19,19,0.0
8612,ocgt,2030,119,20,20,0.0
8613,ocgt,2030,119,21,21,0.0
8614,ocgt,2030,119,22,22,0.0
8615,ocgt,2030,119,23,23,0.0
8616,ocgt,2030,119,24,24,0.0
8617,ocgt,2030,120,1,1,0.0
8618,ocgt,2030,120,2,2,0.0
8619,ocgt,2030,120,3,3,0.0
8620,ocgt,2030,120,4,4,0.0
8621,ocgt,2030,120,5,5,0.0
8622,ocgt,2030,120,6,6,0.0
8623,ocgt,2030,120,7,7,0.0
8624,ocgt,2030,120,8,8,0.0
8625,ocgt,2030,120,9,9,0.0
8626,ocgt,2030,120,10,10,0.0
8627,ocgt,2030,120,11,11,0.0
8628,ocgt,2030,120,12,12,0.0
8629,ocgt,2030,120,13,13,0.0
8630,ocgt,2030,120,14,14,0.0
8631,ocgt,2030,120,15,15,0.0
8632,ocgt,2030,120,16,16,0.0
8633,ocgt,2030,120,17,17,0.0
8634,ocgt,2030,120,18,18,0.0
8635,ocgt,2030,120,19,19,0.0
8636,ocgt,2030,120,20,20,0.0
8637,ocgt,2030,120,21,21,0.0
8638,ocgt,2030,120,22,22,0.0
8639,ocgt,2030,120,23,23,0.0
8640,ocgt,2030,120,24,24,0.0
8641,solar,2030,1,1,1,-0.025
8642,solar,2030,1,2,2,-0.025
8643,solar,2030,1,3,3,-0.025
8644,solar,2030,1,4,4,-0.025
8645,solar,2030,1,5,5,-0.025
8646,solar,2030,1,6,6,-0.025
8647,solar,2030,1,7,7,-0.025
8648,solar,2030,1,8,8,-0.025
8649,solar,2030,1,9,9,-0.025
8650,solar,2030,1,10,10,-0.025
8651,solar,2030,1,11,11,-0.025
8652,solar,2030,1,12,12,-0.025
8653,solar,2030,1,13,13,-0.025
8654,solar,2030,1,14,14,-0.025
8655,solar,2030,1,15,15,-0.025
8656,solar,2030,1,16,16,-0.025
8657,solar,2030,1,17,17,-0.035
8658,solar,2030,1,18,18,-0.035
8659,solar,2030,1,19,19,-0.035
8660,solar,2030,1,20,20,-0.035
8661,solar,2030,1,21,21,-0.035
8662,solar,2030,1,22,22,-0.035
8663,solar,2030,1,23,23,-0.025
8664,solar,2030,1,24,24,-0.025
8665,solar,2030,2,1,1,-0.025
8666,solar,2030,2,2,2,-0.025
8667,solar,2030,2,3,3,-0.025
8668,solar,2030,2,4,4,-0.025
8669,solar,2030,2,5,5,-0.025
8670,solar,2030,2,6,6,-0.025
8671,solar,2030,2,7,7,-0.025
8672,solar,2030,2,8,8,-0.025
8673,solar,2030,2,9,9,-0.025
8674,solar,2030,2,10,10,-0.025
8675,solar,2030,2,11,11,-0.025
8676,solar,2030,2,12,12,-0.025
8677,solar,2030,2,13,13,-0.025
8678,solar,2030,2,14,14,-0.025
8679,solar,2030,2,15,15,-0.025
8680,solar,2030,2,16,16,-0.025
8681,solar,2030,2,17,17,-0.025
8682,solar,2030,2,18,18,-0.025
8683,solar,2030,2,19,19,-0.025
8684,solar,2030,2,20,20,-0.035
8685,solar,2030,2,21,21,-0.035
8686,solar,2030,2,22,22,-0.025
8687,solar,2030,2,23,23,-0.025
8688,solar,2030,2,24,24,-0.025
8689,solar,2030,3,1,1,-0.025
8690,solar,2030,3,2,2,-0.025
8691,solar,2030,3,3,3,-0.025
8692,solar,2030,3,4,4,-0.025
8693,solar,2030,3,5,5,-0.025
8694,solar,2030,3,6,6,-0.025
8695,solar,2030,3,7,7,-0.025
8696,solar,2030,3,8,8,-0.025
8697,solar,2030,3,9,9,-0.025
8698,solar,2030,3,10,10,-0.025
8699,solar,2030,3,11,11,-0.025
8700,solar,2030,3,12,12,-0.025
8701,solar,2030,3,13,13,-0.025
8702,solar,2030,3,14,14,-0.025
8703,solar,2030,3,15,15,-0.025
8704,solar,2030,3,16,16,-0.025
8705,solar,2030,3,17,17,-0.025
8706,solar,2030,3,18,18,-0.025
8707,solar,2030,3,19,19,-0.025
8708,solar,2030,3,20,20,-0.035
8709,solar,2030,3,21,21,-0.035
8710,solar,2030,3,22,22,-0.025
8711,solar,2030,3,23,23,-0.025
8712,solar,2030,3,24,24,-0.025
8713,solar,2030,4,1,1,-0.05
8714,solar,2030,4,2,2,-0.05
8715,solar,2030,4,3,3,-0.05
8716,solar,2030,4,4,4,-0.05
8717,solar,2030,4,5,5,-0.05
8718,solar,2030,4,6,6,-0.05
8719,solar,2030,4,7,7,-0.05
8720,solar,2030,4,8,8,-0.05
8721,solar,2030,4,9,9,-0.05
8722,solar,2030,4,10,10,-0.05
8723,solar,2030,4,11,11,-0.05
8724,solar,2030,4,12,12,-0.05
8725,solar,2030,4,13,13,-0.05
8726,solar,2030,4,14,14,-0.05
8727,solar,2030,4,15,15,-0.05
8728,solar,2030,4,16,16,-0.05
8729,solar,2030,4,17,17,-0.05
8730,solar,2030,4,18,18,-0.05
8731,solar,2030,4,19,19,-0.05
8732,solar,2030,4,20,20,-0.05
8733,solar,2030,4,21,21,-0.05
8734,solar,2030,4,22,22,-0.05
8735,solar,2030,4,23,23,-0.05
8736,solar,2030,4,24,24,-0.05
8737,solar,2030,5,1,1,-0.0626215213600039
8738,solar,2030,5,2,2,-0.0626215213600039
8739,solar,2030,5,3,3,-0.0626215213600039
8740,solar,2030,5,4,4,-0.0626215213600039
8741,solar,2030,5,5,5,-0.0626215213600039
8742,solar,2030,5,6,6,-0.0626215213600039
8743,solar,2030,5,7,7,-0.0626215213600039
8744,solar,2030,5,8,8,-0.0626215213600039
8745,solar,2030,5,9,9,-0.0626215213600039
8746,solar,2030,5,10,10,-0.0626215213600039
8747,solar,2030,5,11,11,-0.0626215213600039
8748,solar,2030,5,12,12,-0.0626215213600039
8749,solar,2030,5,13,13,-0.0626215213600039
8750,solar,2030,5,14,14,-0.0626215213600039
8751,solar,2030,5,15,15,-0.0626215213600039
8752,solar,2030,5,16,16,-0.0626215213600039
8753,solar,2030,5,17,17,-0.0626215213600039
8754,solar,2030,5,18,18,-0.0626215213600039
8755,solar,2030,5,19,19,-0.0626215213600039
8756,solar,2030,5,20,20,-0.0626215213600039
8757,solar,2030,5,21,21,-0.0626215213600039
8758,solar,2030,5,22,22,-0.0626215213600039
8759,solar,2030,5,23,23,-0.0626215213600039
8760,solar,2030,5,24,24,-0.0626215213600039
8761,solar,2030,6,1,1,-0.025
8762,solar,2030,6,2,2,-0.025
8763,solar,2030,6,3,3,-0.025
8764,solar,2030,6,4,4,-0.025
8765,solar,2030,6,5,5,-0.025
8766,solar,2030,6,6,6,-0.025
8767,solar,2030,6,7,7,-0.025
8768,solar,2030,6,8,8,-0.025
8769,solar,2030,6,9,9,-0.025
8770,solar,2030,6,10,10,-0.025
8771,solar,2030,6,11,11,-0.025
8772,solar,2030,6,12,12,-0.025
8773,solar,2030,6,13,13,-0.025
8774,solar,2030,6,14,14,-0.025
8775,solar,2030,6,15,15,-0.025
8776,solar,2030,6,16,16,-0.025
8777,solar,2030,6,17,17,-0.025
8778,solar,2030,6,18,18,-0.025
8779,solar,2030,6,19,19,-0.035
8780,solar,2030,6,20,20,-0.035
8781,solar,2030,6,21,21,-0.025
8782,solar,2030,6,22,22,-0.025
8783,solar,2030,6,23,23,-0.025
8784,solar,2030,6,24,24,-0.025
8785,solar,2030,7,1,1,-0.06492888564673636
8786,solar,2030,7,2,2,-0.06492888564673636
8787,solar,2030,7,3,3,-0.06492888564673636
8788,solar,2030,7,4,4,-0.06492888564673636
8789,solar,2030,7,5,5,-0.06492888564673636
8790,solar,2030,7,6,6,-0.06492888564673636
8791,solar,2030,7,7,7,-0.06492888564673636
8792,solar,2030,7,8,8,-0.06492888564673636
8793,solar,2030,7,9,9,-0.06492888564673636
8794,solar,2030,7,10,10,-0.06492888564673636
8795,solar,2030,7,11,11,-0.06492888564673636
8796,solar,2030,7,12,12,-0.06492888564673636
8797,solar,2030,7,13,13,-0.06492888564673636
8798,solar,2030,7,14,14,-0.06492888564673636
8799,solar,2030,7,15,15,-0.06492888564673636
8800,solar,2030,7,16,16,-0.06492888564673636
8801,solar,2030,7,17,17,-0.06492888564673636
8802,solar,2030,7,18,18,-0.06492888564673636
8803,solar,2030,7,19,19,-0.06492888564673636
8804,solar,2030,7,20,20,-0.06492888564673636
8805,solar,2030,7,21,21,-0.06492888564673636
8806,solar,2030,7,22,22,-0.06492888564673636
8807,solar,2030,7,23,23,-0.06492888564673636
8808,solar,2030,7,24,24,-0.06492888564673636
8809,solar,2030,8,1,1,-0.047057732222215765
8810,solar,2030,8,2,2,-0.047057732222215765
8811,solar,2030,8,3,3,-0.047057732222215765
8812,solar,2030,8,4,4,-0.047057732222215765
8813,solar,2030,8,5,5,-0.047057732222215765
8814,solar,2030,8,6,6,-0.047057732222215765
8815,solar,2030,8,7,7,-0.047057732222215765
8816,solar,2030,8,8,8,-0.047057732222215765
8817,solar,2030,8,9,9,-0.047057732222215765
8818,solar,2030,8,10,10,-0.047057732222215765
8819,solar,2030,8,11,11,-0.047057732222215765
8820,solar,2030,8,12,12,-0.047057732222215765
8821,solar,2030,8,13,13,-0.047057732222215765
8822,solar,2030,8,14,14,-0.047057732222215765
8823,solar,2030,8,15,15,-0.047057732222215765
8824,solar,2030,8,16,16,-0.047057732222215765
8825,solar,2030,8,17,17,-0.047057732222215765
8826,solar,2030,8,18,18,-0.047057732222215765
8827,solar,2030,8,19,19,-0.047057732222215765
8828,solar,2030,8,20,20,-0.047057732222215765
8829,solar,2030,8,21,21,-0.047057732222215765
8830,solar,2030,8,22,22,-0.047057732222215765
8831,solar,2030,8,23,23,-0.047057732222215765
8832,solar,2030,8,24,24,-0.047057732222215765
8833,solar,2030,9,1,1,-0.025348669380985123
8834,solar,2030,9,2,2,-0.025348669380985123
8835,solar,2030,9,3,3,-0.025348669380985123
8836,solar,2030,9,4,4,-0.025348669380985123
8837,solar,2030,9,5,5,-0.025348669380985123
8838,solar,2030,9,6,6,-0.025348669380985123
8839,solar,2030,9,7,7,-0.025348669380985123
8840,solar,2030,9,8,8,-0.025348669380985123
8841,solar,2030,9,9,9,-0.025348669380985123
8842,solar,2030,9,10,10,-0.025348669380985123
8843,solar,2030,9,11,11,-0.025348669380985123
8844,solar,2030,9,12,12,-0.025348669380985123
8845,solar,2030,9,13,13,-0.025348669380985123
8846,solar,2030,9,14,14,-0.025348669380985123
8847,solar,2030,9,15,15,-0.025348669380985123
8848,solar,2030,9,16,16,-0.025348669380985123
8849,solar,2030,9,17,17,-0.025348669380985123
8850,solar,2030,9,18,18,-0.025348669380985123
8851,solar,2030,9,19,19,-0.025348669380985123
8852,solar,2030,9,20,20,-0.03548813713337917
8853,solar,2030,9,21,21,-0.025348669380985123
8854,solar,2030,9,22,22,-0.025348669380985123
8855,solar,2030,9,23,23,-0.025348669380985123
8856,solar,2030,9,24,24,-0.025348669380985123
8857,solar,2030,10,1,1,-0.040912883504622924
8858,solar,2030,10,2,2,-0.040912883504622924
8859,solar,2030,10,3,3,-0.040912883504622924
8860,solar,2030,10,4,4,-0.040912883504622924
8861,solar,2030,10,5,5,-0.040912883504622924
8862,solar,2030,10,6,6,-0.040912883504622924
8863,solar,2030,10,7,7,-0.040912883504622924
8864,solar,2030,10,8,8,-0.040912883504622924
8865,solar,2030,10,9,9,-0.040912883504622924
8866,solar,2030,10,10,10,-0.040912883504622924
8867,solar,2030,10,11,11,-0.040912883504622924
8868,solar,2030,10,12,12,-0.040912883504622924
8869,solar,2030,10,13,13,-0.040912883504622924
8870,solar,2030,10,14,14,-0.040912883504622924
8871,solar,2030,10,15,15,-0.040912883504622924
8872,solar,2030,10,16,16,-0.040912883504622924
8873,solar,2030,10,17,17,-0.040912883504622924
8874,solar,2030,10,18,18,-0.040912883504622924
8875,solar,2030,10,19,19,-0.040912883504622924
8876,solar,2030,10,20,20,-0.040912883504622924
8877,solar,2030,10,21,21,-0.040912883504622924
8878,solar,2030,10,22,22,-0.040912883504622924
8879,solar,2030,10,23,23,-0.040912883504622924
8880,solar,2030,10,24,24,-0.040912883504622924
8881,solar,2030,11,1,1,-0.09943433276350856
8882,solar,2030,11,2,2,-0.09943433276350856
8883,solar,2030,11,3,3,-0.09943433276350856
8884,solar,2030,11,4,4,-0.09943433276350856
8885,solar,2030,11,5,5,-0.09943433276350856
8886,solar,2030,11,6,6,-0.09943433276350856
8887,solar,2030,11,7,7,-0.09943433276350856
8888,solar,2030,11,8,8,-0.09943433276350856
8889,solar,2030,11,9,9,-0.09943433276350856
8890,solar,2030,11,10,10,-0.09943433276350856
8891,solar,2030,11,11,11,-0.09943433276350856
8892,solar,2030,11,12,12,-0.09943433276350856
8893,solar,2030,11,13,13,-0.09943433276350856
8894,solar,2030,11,14,14,-0.09943433276350856
8895,solar,2030,11,15,15,-0.09943433276350856
8896,solar,2030,11,16,16,-0.09943433276350856
8897,solar,2030,11,17,17,-0.09943433276350856
8898,solar,2030,11,18,18,-0.09943433276350856
8899,solar,2030,11,19,19,-0.09943433276350856
8900,solar,2030,11,20,20,-0.09943433276350856
8901,solar,2030,11,21,21,-0.09943433276350856
8902,solar,2030,11,22,22,-0.09943433276350856
8903,solar,2030,11,23,23,-0.09943433276350856
8904,solar,2030,11,24,24,-0.09943433276350856
8905,solar,2030,12,1,1,-0.1340063477600234
8906,solar,2030,12,2,2,-0.1340063477600234
8907,solar,2030,12,3,3,-0.1340063477600234
8908,solar,2030,12,4,4,-0.1340063477600234
8909,solar,2030,12,5,5,-0.1340063477600234
8910,solar,2030,12,6,6,-0.1340063477600234
8911,solar,2030,12,7,7,-0.1340063477600234
8912,solar,2030,12,8,8,-0.1340063477600234
8913,solar,2030,12,9,9,-0.1340063477600234
8914,solar,2030,12,10,10,-0.1340063477600234
8915,solar,2030,12,11,11,-0.1340063477600234
8916,solar,2030,12,12,12,-0.1340063477600234
8917,solar,2030,12,13,13,-0.1340063477600234
8918,solar,2030,12,14,14,-0.1340063477600234
8919,solar,2030,12,15,15,-0.1340063477600234
8920,solar,2030,12,16,16,-0.1340063477600234
8921,solar,2030,12,17,17,-0.1340063477600234
8922,solar,2030,12,18,18,-0.1340063477600234
8923,solar,2030,12,19,19,-0.1340063477600234
8924,solar,2030,12,20,20,-0.1340063477600234
8925,solar,2030,12,21,21,-0.1340063477600234
8926,solar,2030,12,22,22,-0.1340063477600234
8927,solar,2030,12,23,23,-0.1340063477600234
8928,solar,2030,12,24,24,-0.1340063477600234
8929,solar,2030,13,1,1,-0.23512229735280663
8930,solar,2030,13,2,2,-0.23512229735280663
8931,solar,2030,13,3,3,-0.23512229735280663
8932,solar,2030,13,4,4,-0.23512229735280663
8933,solar,2030,13,5,5,-0.23512229735280663
8934,solar,2030,13,6,6,-0.23512229735280663
8935,solar,2030,13,7,7,-0.23512229735280663
8936,solar,2030,13,8,8,-0.23512229735280663
8937,solar,2030,13,9,9,-0.23512229735280663
8938,solar,2030,13,10,10,-0.23512229735280663
8939,solar,2030,13,11,11,-0.23512229735280663
8940,solar,2030,13,12,12,-0.23512229735280663
8941,solar,2030,13,13,13,-0.23512229735280663
8942,solar,2030,13,14,14,-0.23512229735280663
8943,solar,2030,13,15,15,-0.23512229735280663
8944,solar,2030,13,16,16,-0.23512229735280663
8945,solar,2030,13,17,17,-0.23512229735280663
8946,solar,2030,13,18,18,-0.23512229735280663
8947,solar,2030,13,19,19,-0.23512229735280663
8948,solar,2030,13,20,20,-0.23512229735280663
8949,solar,2030,13,21,21,-0.32917121629392926
8950,solar,2030,13,22,22,-0.23512229735280663
8951,solar,2030,13,23,23,-0.23512229735280663
8952,solar,2030,13,24,24,-0.23512229735280663
8953,solar,2030,14,1,1,-0.09518029590018702
8954,solar,2030,14,2,2,-0.09518029590018702
8955,solar,2030,14,3,3,-0.09518029590018702
8956,solar,2030,14,4,4,-0.09518029590018702
8957,solar,2030,14,5,5,-0.09518029590018702
8958,solar,2030,14,6,6,-0.09518029590018702
8959,solar,2030,14,7,7,-0.09518029590018702
8960,solar,2030,14,8,8,-0.09518029590018702
8961,solar,2030,14,9,9,-0.09518029590018702
8962,solar,2030,14,10,10,-0.09518029590018702
8963,solar,2030,14,11,11,-0.09518029590018702
8964,solar,2030,14,12,12,-0.09518029590018702
8965,solar,2030,14,13,13,-0.09518029590018702
8966,solar,2030,14,14,14,-0.09518029590018702
8967,solar,2030,14,15,15,-0.09518029590018702
8968,solar,2030,14,16,16,-0.09518029590018702
8969,solar,2030,14,17,17,-0.09518029590018702
8970,solar,2030,14,18,18,-0.09518029590018702
8971,solar,2030,14,19,19,-0.13325241426026183
8972,solar,2030,14,20,20,-0.13325241426026183
8973,solar,2030,14,21,21,-0.13325241426026183
8974,solar,2030,14,22,22,-0.13325241426026183
8975,solar,2030,14,23,23,-0.09518029590018702
8976,solar,2030,14,24,24,-0.09518029590018702
8977,solar,2030,15,1,1,-0.07500000000000001
8978,solar,2030,15,2,2,-0.07500000000000001
8979,solar,2030,15,3,3,-0.07500000000000001
8980,solar,2030,15,4,4,-0.07500000000000001
8981,solar,2030,15,5,5,-0.07500000000000001
8982,solar,2030,15,6,6,-0.07500000000000001
8983,solar,2030,15,7,7,-0.07500000000000001
8984,solar,2030,15,8,8,-0.07500000000000001
8985,solar,2030,15,9,9,-0.07500000000000001
8986,solar,2030,15,10,10,-0.07500000000000001
8987,solar,2030,15,11,11,-0.07500000000000001
8988,solar,2030,15,12,12,-0.07500000000000001
8989,solar,2030,15,13,13,-0.07500000000000001
8990,solar,2030,15,14,14,-0.07500000000000001
8991,solar,2030,15,15,15,-0.07500000000000001
8992,solar,2030,15,16,16,-0.07500000000000001
8993,solar,2030,15,17,17,-0.07500000000000001
8994,solar,2030,15,18,18,-0.07500000000000001
8995,solar,2030,15,19,19,-0.07500000000000001
8996,solar,2030,15,20,20,-0.07500000000000001
8997,solar,2030,15,21,21,-0.07500000000000001
8998,solar,2030,15,22,22,-0.07500000000000001
8999,solar,2030,15,23,23,-0.07500000000000001
9000,solar,2030,15,24,24,-0.07500000000000001
9001,solar,2030,16,1,1,-0.025
9002,solar,2030,16,2,2,-0.025
9003,solar,2030,16,3,3,-0.025
9004,solar,2030,16,4,4,-0.025
9005,solar,2030,16,5,5,-0.025
9006,solar,2030,16,6,6,-0.025
9007,solar,2030,16,7,7,-0.025
9008,solar,2030,16,8,8,-0.025
9009,solar,2030,16,9,9,-0.025
9010,solar,2030,16,10,10,-0.025
9011,solar,2030,16,11,11,-0.025
9012,solar,2030,16,12,12,-0.025
9013,solar,2030,16,13,13,-0.025
9014,solar,2030,16,14,14,-0.025
9015,solar,2030,16,15,15,-0.025
9016,solar,2030,16,16,16,-0.025
9017,solar,2030,16,17,17,-0.025
9018,solar,2030,16,18,18,-0.025
9019,solar,2030,16,19,19,-0.025
9020,solar,2030,16,20,20,-0.025
9021,solar,2030,16,21,21,-0.025
9022,solar,2030,16,22,22,-0.025
9023,solar,2030,16,23,23,-0.025
9024,solar,2030,16,24,24,-0.025
9025,solar,2030,17,1,1,-0.04958726231747462
9026,solar,2030,17,2,2,-0.04958726231747462
9027,solar,2030,17,3,3,-0.04958726231747462
9028,solar,2030,17,4,4,-0.04958726231747462
9029,solar,2030,17,5,5,-0.04958726231747462
9030,solar,2030,17,6,6,-0.04958726231747462
9031,solar,2030,17,7,7,-0.04958726231747462
9032,solar,2030,17,8,8,-0.04958726231747462
9033,solar,2030,17,9,9,-0.04958726231747462
9034,solar,2030,17,10,10,-0.04958726231747462
9035,solar,2030,17,11,11,-0.04958726231747462
9036,solar,2030,17,12,12,-0.04958726231747462
9037,solar,2030,17,13,13,-0.04958726231747462
9038,solar,2030,17,14,14,-0.04958726231747462
9039,solar,2030,17,15,15,-0.04958726231747462
9040,solar,2030,17,16,16,-0.04958726231747462
9041,solar,2030,17,17,17,-0.04958726231747462
9042,solar,2030,17,18,18,-0.04958726231747462
9043,solar,2030,17,19,19,-0.04958726231747462
9044,solar,2030,17,20,20,-0.04958726231747462
9045,solar,2030,17,21,21,-0.04958726231747462
9046,solar,2030,17,22,22,-0.04958726231747462
9047,solar,2030,17,23,23,-0.04958726231747462
9048,solar,2030,17,24,24,-0.04958726231747462
9049,solar,2030,18,1,1,-0.025679552385324034
9050,solar,2030,18,2,2,-0.025679552385324034
9051,solar,2030,18,3,3,-0.025679552385324034
9052,solar,2030,18,4,4,-0.025679552385324034
9053,solar,2030,18,5,5,-0.025679552385324034
9054,solar,2030,18,6,6,-0.025679552385324034
9055,solar,2030,18,7,7,-0.025679552385324034
9056,solar,2030,18,8,8,-0.025679552385324034
9057,solar,2030,18,9,9,-0.025679552385324034
9058,solar,2030,18,10,10,-0.025679552385324034
9059,solar,2030,18,11,11,-0.025679552385324034
9060,solar,2030,18,12,12,-0.025679552385324034
9061,solar,2030,18,13,13,-0.025679552385324034
9062,solar,2030,18,14,14,-0.025679552385324034
9063,solar,2030,18,15,15,-0.025679552385324034
9064,solar,2030,18,16,16,-0.025679552385324034
9065,solar,2030,18,17,17,-0.025679552385324034
9066,solar,2030,18,18,18,-0.03595137333945365
9067,solar,2030,18,19,19,-0.03595137333945365
9068,solar,2030,18,20,20,-0.03595137333945365
9069,solar,2030,18,21,21,-0.03595137333945365
9070,solar,2030,18,22,22,-0.03595137333945365
9071,solar,2030,18,23,23,-0.025679552385324034
9072,solar,2030,18,24,24,-0.025679552385324034
9073,solar,2030,19,1,1,-0.02567150362655561
9074,solar,2030,19,2,2,-0.02567150362655561
9075,solar,2030,19,3,3,-0.02567150362655561
9076,solar,2030,19,4,4,-0.02567150362655561
9077,solar,2030,19,5,5,-0.02567150362655561
9078,solar,2030,19,6,6,-0.02567150362655561
9079,solar,2030,19,7,7,-0.02567150362655561
9080,solar,2030,19,8,8,-0.02567150362655561
9081,solar,2030,19,9,9,-0.02567150362655561
9082,solar,2030,19,10,10,-0.02567150362655561
9083,solar,2030,19,11,11,-0.02567150362655561
9084,solar,2030,19,12,12,-0.02567150362655561
9085,solar,2030,19,13,13,-0.02567150362655561
9086,solar,2030,19,14,14,-0.02567150362655561
9087,solar,2030,19,15,15,-0.02567150362655561
9088,solar,2030,19,16,16,-0.02567150362655561
9089,solar,2030,19,17,17,-0.02567150362655561
9090,solar,2030,19,18,18,-0.02567150362655561
9091,solar,2030,19,19,19,-0.02567150362655561
9092,solar,2030,19,20,20,-0.02567150362655561
9093,solar,2030,19,21,21,-0.02567150362655561
9094,solar,2030,19,22,22,-0.02567150362655561
9095,solar,2030,19,23,23,-0.02567150362655561
9096,solar,2030,19,24,24,-0.02567150362655561
9097,solar,2030,20,1,1,-0.06546871217673517
9098,solar,2030,20,2,2,-0.06546871217673517
9099,solar,2030,20,3,3,-0.06546871217673517
9100,solar,2030,20,4,4,-0.06546871217673517
9101,solar,2030,20,5,5,-0.06546871217673517
9102,solar,2030,20,6,6,-0.06546871217673517
9103,solar,2030,20,7,7,-0.06546871217673517
9104,solar,2030,20,8,8,-0.06546871217673517
9105,solar,2030,20,9,9,-0.06546871217673517
9106,solar,2030,20,10,10,-0.06546871217673517
9107,solar,2030,20,11,11,-0.06546871217673517
9108,solar,2030,20,12,12,-0.06546871217673517
9109,solar,2030,20,13,13,-0.06546871217673517
9110,solar,2030,20,14,14,-0.06546871217673517
9111,solar,2030,20,15,15,-0.06546871217673517
9112,solar,2030,20,16,16,-0.06546871217673517
9113,solar,2030,20,17,17,-0.06546871217673517
9114,solar,2030,20,18,18,-0.06546871217673517
9115,solar,2030,20,19,19,-0.06546871217673517
9116,solar,2030,20,20,20,-0.06546871217673517
9117,solar,2030,20,21,21,-0.06546871217673517
9118,solar,2030,20,22,22,-0.06546871217673517
9119,solar,2030,20,23,23,-0.06546871217673517
9120,solar,2030,20,24,24,-0.06546871217673517
9121,solar,2030,21,1,1,-0.028554102763594814
9122,solar,2030,21,2,2,-0.028554102763594814
9123,solar,2030,21,3,3,-0.028554102763594814
9124,solar,2030,21,4,4,-0.028554102763594814
9125,solar,2030,21,5,5,-0.028554102763594814
9126,solar,2030,21,6,6,-0.028554102763594814
9127,solar,2030,21,7,7,-0.028554102763594814
9128,solar,2030,21,8,8,-0.028554102763594814
9129,solar,2030,21,9,9,-0.028554102763594814
9130,solar,2030,21,10,10,-0.028554102763594814
9131,solar,2030,21,11,11,-0.028554102763594814
9132,solar,2030,21,12,12,-0.028554102763594814
9133,solar,2030,21,13,13,-0.028554102763594814
9134,solar,2030,21,14,14,-0.028554102763594814
9135,solar,2030,21,15,15,-0.028554102763594814
9136,solar,2030,21,16,16,-0.028554102763594814
9137,solar,2030,21,17,17,-0.03997574386903274
9138,solar,2030,21,18,18,-0.03997574386903274
9139,solar,2030,21,19,19,-0.03997574386903274
9140,solar,2030,21,20,20,-0.03997574386903274
9141,solar,2030,21,21,21,-0.03997574386903274
9142,solar,2030,21,22,22,-0.03997574386903274
9143,solar,2030,21,23,23,-0.028554102763594814
9144,solar,2030,21,24,24,-0.028554102763594814
9145,solar,2030,22,1,1,-0.1484828564542775
9146,solar,2030,22,2,2,-0.1484828564542775
9147,solar,2030,22,3,3,-0.1484828564542775
9148,solar,2030,22,4,4,-0.1484828564542775
9149,solar,2030,22,5,5,-0.1484828564542775
9150,solar,2030,22,6,6,-0.1484828564542775
9151,solar,2030,22,7,7,-0.1484828564542775
9152,solar,2030,22,8,8,-0.1484828564542775
9153,solar,2030,22,9,9,-0.1484828564542775
9154,solar,2030,22,10,10,-0.1484828564542775
9155,solar,2030,22,11,11,-0.1484828564542775
9156,solar,2030,22,12,12,-0.1484828564542775
9157,solar,2030,22,13,13,-0.1484828564542775
9158,solar,2030,22,14,14,-0.1484828564542775
9159,solar,2030,22,15,15,-0.1484828564542775
9160,solar,2030,22,16,16,-0.1484828564542775
9161,solar,2030,22,17,17,-0.1484828564542775
9162,solar,2030,22,18,18,-0.1484828564542775
9163,solar,2030,22,19,19,-0.1484828564542775
9164,solar,2030,22,20,20,-0.20787599903598852
9165,solar,2030,22,21,21,-0.20787599903598852
9166,solar,2030,22,22,22,-0.1484828564542775
9167,solar,2030,22,23,23,-0.1484828564542775
9168,solar,2030,22,24,24,-0.1484828564542775
9169,solar,2030,23,1,1,-0.09476191856954108
9170,solar,2030,23,2,2,-0.09476191856954108
9171,solar,2030,23,3,3,-0.09476191856954108
9172,solar,2030,23,4,4,-0.09476191856954108
9173,solar,2030,23,5,5,-0.09476191856954108
9174,solar,2030,23,6,6,-0.09476191856954108
9175,solar,2030,23,7,7,-0.09476191856954108
9176,solar,2030,23,8,8,-0.09476191856954108
9177,solar,2030,23,9,9,-0.09476191856954108
9178,solar,2030,23,10,10,-0.09476191856954108
9179,solar,2030,23,11,11,-0.09476191856954108
9180,solar,2030,23,12,12,-0.09476191856954108
9181,solar,2030,23,13,13,-0.09476191856954108
9182,solar,2030,23,14,14,-0.09476191856954108
9183,solar,2030,23,15,15,-0.09476191856954108
9184,solar,2030,23,16,16,-0.09476191856954108
9185,solar,2030,23,17,17,-0.09476191856954108
9186,solar,2030,23,18,18,-0.09476191856954108
9187,solar,2030,23,19,19,-0.09476191856954108
9188,solar,2030,23,20,20,-0.09476191856954108
9189,solar,2030,23,21,21,-0.09476191856954108
9190,solar,2030,23,22,22,-0.09476191856954108
9191,solar,2030,23,23,23,-0.09476191856954108
9192,solar,2030,23,24,24,-0.09476191856954108
9193,solar,2030,24,1,1,-0.2785326656916725
9194,solar,2030,24,2,2,-0.2785326656916725
9195,solar,2030,24,3,3,-0.2785326656916725
9196,solar,2030,24,4,4,-0.2785326656916725
9197,solar,2030,24,5,5,-0.2785326656916725
9198,solar,2030,24,6,6,-0.2785326656916725
9199,solar,2030,24,7,7,-0.2785326656916725
9200,solar,2030,24,8,8,-0.2785326656916725
9201,solar,2030,24,9,9,-0.2785326656916725
9202,solar,2030,24,10,10,-0.2785326656916725
9203,solar,2030,24,11,11,-0.2785326656916725
9204,solar,2030,24,12,12,-0.2785326656916725
9205,solar,2030,24,13,13,-0.2785326656916725
9206,solar,2030,24,14,14,-0.2785326656916725
9207,solar,2030,24,15,15,-0.2785326656916725
9208,solar,2030,24,16,16,-0.2785326656916725
9209,solar,2030,24,17,17,-0.2785326656916725
9210,solar,2030,24,18,18,-0.2785326656916725
9211,solar,2030,24,19,19,-0.2785326656916725
9212,solar,2030,24,20,20,-0.2785326656916725
9213,solar,2030,24,21,21,-0.2785326656916725
9214,solar,2030,24,22,22,-0.2785326656916725
9215,solar,2030,24,23,23,-0.2785326656916725
9216,solar,2030,24,24,24,-0.2785326656916725
9217,solar,2030,25,1,1,-0.18683851907590326
9218,solar,2030,25,2,2,-0.18683851907590326
9219,solar,2030,25,3,3,-0.18683851907590326
9220,solar,2030,25,4,4,-0.18683851907590326
9221,solar,2030,25,5,5,-0.18683851907590326
9222,solar,2030,25,6,6,-0.18683851907590326
9223,solar,2030,25,7,7,-0.18683851907590326
9224,solar,2030,25,8,8,-0.18683851907590326
9225,solar,2030,25,9,9,-0.18683851907590326
9226,solar,2030,25,10,10,-0.18683851907590326
9227,solar,2030,25,11,11,-0.18683851907590326
9228,solar,2030,25,12,12,-0.18683851907590326
9229,solar,2030,25,13,13,-0.18683851907590326
9230,solar,2030,25,14,14,-0.18683851907590326
9231,solar,2030,25,15,15,-0.18683851907590326
9232,solar,2030,25,16,16,-0.18683851907590326
9233,solar,2030,25,17,17,-0.18683851907590326
9234,solar,2030,25,18,18,-0.18683851907590326
9235,solar,2030,25,19,19,-0.18683851907590326
9236,solar,2030,25,20,20,-0.18683851907590326
9237,solar,2030,25,21,21,-0.18683851907590326
9238,solar,2030,25,22,22,-0.18683851907590326
9239,solar,2030,25,23,23,-0.18683851907590326
9240,solar,2030,25,24,24,-0.18683851907590326
9241,solar,2030,26,1,1,-0.05764905478126077
9242,solar,2030,26,2,2,-0.05764905478126077
9243,solar,2030,26,3,3,-0.05764905478126077
9244,solar,2030,26,4,4,-0.05764905478126077
9245,solar,2030,26,5,5,-0.05764905478126077
9246,solar,2030,26,6,6,-0.05764905478126077
9247,solar,2030,26,7,7,-0.05764905478126077
9248,solar,2030,26,8,8,-0.05764905478126077
9249,solar,2030,26,9,9,-0.05764905478126077
9250,solar,2030,26,10,10,-0.05764905478126077
9251,solar,2030,26,11,11,-0.05764905478126077
9252,solar,2030,26,12,12,-0.05764905478126077
9253,solar,2030,26,13,13,-0.05764905478126077
9254,solar,2030,26,14,14,-0.05764905478126077
9255,solar,2030,26,15,15,-0.05764905478126077
9256,solar,2030,26,16,16,-0.05764905478126077
9257,solar,2030,26,17,17,-0.05764905478126077
9258,solar,2030,26,18,18,-0.08070867669376508
9259,solar,2030,26,19,19,-0.08070867669376508
9260,solar,2030,26,20,20,-0.08070867669376508
9261,solar,2030,26,21,21,-0.08070867669376508
9262,solar,2030,26,22,22,-0.08070867669376508
9263,solar,2030,26,23,23,-0.05764905478126077
9264,solar,2030,26,24,24,-0.05764905478126077
9265,solar,2030,27,1,1,-0.07694645343325157
9266,solar,2030,27,2,2,-0.07694645343325157
9267,solar,2030,27,3,3,-0.07694645343325157
9268,solar,2030,27,4,4,-0.07694645343325157
9269,solar,2030,27,5,5,-0.07694645343325157
9270,solar,2030,27,6,6,-0.07694645343325157
9271,solar,2030,27,7,7,-0.07694645343325157
9272,solar,2030,27,8,8,-0.07694645343325157
9273,solar,2030,27,9,9,-0.07694645343325157
9274,solar,2030,27,10,10,-0.07694645343325157
9275,solar,2030,27,11,11,-0.07694645343325157
9276,solar,2030,27,12,12,-0.07694645343325157
9277,solar,2030,27,13,13,-0.07694645343325157
9278,solar,2030,27,14,14,-0.07694645343325157
9279,solar,2030,27,15,15,-0.07694645343325157
9280,solar,2030,27,16,16,-0.07694645343325157
9281,solar,2030,27,17,17,-0.07694645343325157
9282,solar,2030,27,18,18,-0.07694645343325157
9283,solar,2030,27,19,19,-0.10772503480655221
9284,solar,2030,27,20,20,-0.10772503480655221
9285,solar,2030,27,21,21,-0.10772503480655221
9286,solar,2030,27,22,22,-0.10772503480655221
9287,solar,2030,27,23,23,-0.07694645343325157
9288,solar,2030,27,24,24,-0.07694645343325157
9289,solar,2030,28,1,1,-0.09591137035843718
9290,solar,2030,28,2,2,-0.09591137035843718
9291,solar,2030,28,3,3,-0.09591137035843718
9292,solar,2030,28,4,4,-0.09591137035843718
9293,solar,2030,28,5,5,-0.09591137035843718
9294,solar,2030,28,6,6,-0.09591137035843718
9295,solar,2030,28,7,7,-0.09591137035843718
9296,solar,2030,28,8,8,-0.09591137035843718
9297,solar,2030,28,9,9,-0.09591137035843718
9298,solar,2030,28,10,10,-0.09591137035843718
9299,solar,2030,28,11,11,-0.09591137035843718
9300,solar,2030,28,12,12,-0.09591137035843718
9301,solar,2030,28,13,13,-0.09591137035843718
9302,solar,2030,28,14,14,-0.09591137035843718
9303,solar,2030,28,15,15,-0.09591137035843718
9304,solar,2030,28,16,16,-0.09591137035843718
9305,solar,2030,28,17,17,-0.09591137035843718
9306,solar,2030,28,18,18,-0.09591137035843718
9307,solar,2030,28,19,19,-0.09591137035843718
9308,solar,2030,28,20,20,-0.09591137035843718
9309,solar,2030,28,21,21,-0.09591137035843718
9310,solar,2030,28,22,22,-0.09591137035843718
9311,solar,2030,28,23,23,-0.09591137035843718
9312,solar,2030,28,24,24,-0.09591137035843718
9313,solar,2030,29,1,1,-0.09902719680604999
9314,solar,2030,29,2,2,-0.09902719680604999
9315,solar,2030,29,3,3,-0.09902719680604999
9316,solar,2030,29,4,4,-0.09902719680604999
9317,solar,2030,29,5,5,-0.09902719680604999
9318,solar,2030,29,6,6,-0.09902719680604999
9319,solar,2030,29,7,7,-0.09902719680604999
9320,solar,2030,29,8,8,-0.09902719680604999
9321,solar,2030,29,9,9,-0.09902719680604999
9322,solar,2030,29,10,10,-0.09902719680604999
9323,solar,2030,29,11,11,-0.09902719680604999
9324,solar,2030,29,12,12,-0.09902719680604999
9325,solar,2030,29,13,13,-0.09902719680604999
9326,solar,2030,29,14,14,-0.09902719680604999
9327,solar,2030,29,15,15,-0.09902719680604999
9328,solar,2030,29,16,16,-0.09902719680604999
9329,solar,2030,29,17,17,-0.09902719680604999
9330,solar,2030,29,18,18,-0.09902719680604999
9331,solar,2030,29,19,19,-0.09902719680604999
9332,solar,2030,29,20,20,-0.09902719680604999
9333,solar,2030,29,21,21,-0.09902719680604999
9334,solar,2030,29,22,22,-0.09902719680604999
9335,solar,2030,29,23,23,-0.09902719680604999
9336,solar,2030,29,24,24,-0.09902719680604999
9337,solar,2030,30,1,1,-0.2629325731507583
9338,solar,2030,30,2,2,-0.2629325731507583
9339,solar,2030,30,3,3,-0.2629325731507583
9340,solar,2030,30,4,4,-0.2629325731507583
9341,solar,2030,30,5,5,-0.2629325731507583
9342,solar,2030,30,6,6,-0.2629325731507583
9343,solar,2030,30,7,7,-0.2629325731507583
9344,solar,2030,30,8,8,-0.2629325731507583
9345,solar,2030,30,9,9,-0.2629325731507583
9346,solar,2030,30,10,10,-0.2629325731507583
9347,solar,2030,30,11,11,-0.2629325731507583
9348,solar,2030,30,12,12,-0.2629325731507583
9349,solar,2030,30,13,13,-0.2629325731507583
9350,solar,2030,30,14,14,-0.2629325731507583
9351,solar,2030,30,15,15,-0.2629325731507583
9352,solar,2030,30,16,16,-0.2629325731507583
9353,solar,2030,30,17,17,-0.2629325731507583
9354,solar,2030,30,18,18,-0.2629325731507583
9355,solar,2030,30,19,19,-0.2629325731507583
9356,solar,2030,30,20,20,-0.2629325731507583
9357,solar,2030,30,21,21,-0.2629325731507583
9358,solar,2030,30,22,22,-0.2629325731507583
9359,solar,2030,30,23,23,-0.2629325731507583
9360,solar,2030,30,24,24,-0.2629325731507583
9361,solar,2030,31,1,1,-0.04855115567883155
9362,solar,2030,31,2,2,-0.04855115567883155
9363,solar,2030,31,3,3,-0.04855115567883155
9364,solar,2030,31,4,4,-0.04855115567883155
9365,solar,2030,31,5,5,-0.04855115567883155
9366,solar,2030,31,6,6,-0.04855115567883155
9367,solar,2030,31,7,7,-0.04855115567883155
9368,solar,2030,31,8,8,-0.04855115567883155
9369,solar,2030,31,9,9,-0.04855115567883155
9370,solar,2030,31,10,10,-0.04855115567883155
9371,solar,2030,31,11,11,-0.04855115567883155
9372,solar,2030,31,12,12,-0.04855115567883155
9373,solar,2030,31,13,13,-0.04855115567883155
9374,solar,2030,31,14,14,-0.04855115567883155
9375,solar,2030,31,15,15,-0.04855115567883155
9376,solar,2030,31,16,16,-0.04855115567883155
9377,solar,2030,31,17,17,-0.04855115567883155
9378,solar,2030,31,18,18,-0.04855115567883155
9379,solar,2030,31,19,19,-0.04855115567883155
9380,solar,2030,31,20,20,-0.04855115567883155
9381,solar,2030,31,21,21,-0.04855115567883155
9382,solar,2030,31,22,22,-0.04855115567883155
9383,solar,2030,31,23,23,-0.04855115567883155
9384,solar,2030,31,24,24,-0.04855115567883155
9385,solar,2030,32,1,1,-0.04942115563070974
9386,solar,2030,32,2,2,-0.04942115563070974
9387,solar,2030,32,3,3,-0.04942115563070974
9388,solar,2030,32,4,4,-0.04942115563070974
9389,solar,2030,32,5,5,-0.04942115563070974
9390,solar,2030,32,6,6,-0.04942115563070974
9391,solar,2030,32,7,7,-0.04942115563070974
9392,solar,2030,32,8,8,-0.04942115563070974
9393,solar,2030,32,9,9,-0.04942115563070974
9394,solar,2030,32,10,10,-0.04942115563070974
9395,solar,2030,32,11,11,-0.04942115563070974
9396,solar,2030,32,12,12,-0.04942115563070974
9397,solar,2030,32,13,13,-0.04942115563070974
9398,solar,2030,32,14,14,-0.04942115563070974
9399,solar,2030,32,15,15,-0.04942115563070974
9400,solar,2030,32,16,16,-0.04942115563070974
9401,solar,2030,32,17,17,-0.04942115563070974
9402,solar,2030,32,18,18,-0.04942115563070974
9403,solar,2030,32,19,19,-0.04942115563070974
9404,solar,2030,32,20,20,-0.04942115563070974
9405,solar,2030,32,21,21,-0.04942115563070974
9406,solar,2030,32,22,22,-0.04942115563070974
9407,solar,2030,32,23,23,-0.04942115563070974
9408,solar,2030,32,24,24,-0.04942115563070974
9409,solar,2030,33,1,1,-0.025
9410,solar,2030,33,2,2,-0.025
9411,solar,2030,33,3,3,-0.025
9412,solar,2030,33,4,4,-0.025
9413,solar,2030,33,5,5,-0.025
9414,solar,2030,33,6,6,-0.025
9415,solar,2030,33,7,7,-0.025
9416,solar,2030,33,8,8,-0.025
9417,solar,2030,33,9,9,-0.025
9418,solar,2030,33,10,10,-0.025
9419,solar,2030,33,11,11,-0.025
9420,solar,2030,33,12,12,-0.025
9421,solar,2030,33,13,13,-0.025
9422,solar,2030,33,14,14,-0.025
9423,solar,2030,33,15,15,-0.025
9424,solar,2030,33,16,16,-0.025
9425,solar,2030,33,17,17,-0.025
9426,solar,2030,33,18,18,-0.025
9427,solar,2030,33,19,19,-0.025
9428,solar,2030,33,20,20,-0.025
9429,solar,2030,33,21,21,-0.025
9430,solar,2030,33,22,22,-0.025
9431,solar,2030,33,23,23,-0.025
9432,solar,2030,33,24,24,-0.025
9433,solar,2030,34,1,1,-0.05986510157708235
9434,solar,2030,34,2,2,-0.05986510157708235
9435,solar,2030,34,3,3,-0.05986510157708235
9436,solar,2030,34,4,4,-0.05986510157708235
9437,solar,2030,34,5,5,-0.05986510157708235
9438,solar,2030,34,6,6,-0.05986510157708235
9439,solar,2030,34,7,7,-0.08381114220791529
9440,solar,2030,34,8,8,-0.08381114220791529
9441,solar,2030,34,9,9,-0.08381114220791529
9442,solar,2030,34,10,10,-0.08381114220791529
9443,solar,2030,34,11,11,-0.08381114220791529
9444,solar,2030,34,12,12,-0.08381114220791529
9445,solar,2030,34,13,13,-0.08381114220791529
9446,solar,2030,34,14,14,-0.08381114220791529
9447,solar,2030,34,15,15,-0.08381114220791529
9448,solar,2030,34,16,16,-0.08381114220791529
9449,solar,2030,34,17,17,-0.08381114220791529
9450,solar,2030,34,18,18,-0.08381114220791529
9451,solar,2030,34,19,19,-0.08381114220791529
9452,solar,2030,34,20,20,-0.08381114220791529
9453,solar,2030,34,21,21,-0.08381114220791529
9454,solar,2030,34,22,22,-0.08381114220791529
9455,solar,2030,34,23,23,-0.08381114220791529
9456,solar,2030,34,24,24,-0.08381114220791529
9457,solar,2030,35,1,1,-0.14001049566109336
9458,solar,2030,35,2,2,-0.14001049566109336
9459,solar,2030,35,3,3,-0.14001049566109336
9460,solar,2030,35,4,4,-0.14001049566109336
9461,solar,2030,35,5,5,-0.14001049566109336
9462,solar,2030,35,6,6,-0.14001049566109336
9463,solar,2030,35,7,7,-0.14001049566109336
9464,solar,2030,35,8,8,-0.14001049566109336
9465,solar,2030,35,9,9,-0.14001049566109336
9466,solar,2030,35,10,10,-0.14001049566109336
9467,solar,2030,35,11,11,-0.14001049566109336
9468,solar,2030,35,12,12,-0.14001049566109336
9469,solar,2030,35,13,13,-0.14001049566109336
9470,solar,2030,35,14,14,-0.14001049566109336
9471,solar,2030,35,15,15,-0.14001049566109336
9472,solar,2030,35,16,16,-0.14001049566109336
9473,solar,2030,35,17,17,-0.14001049566109336
9474,solar,2030,35,18,18,-0.14001049566109336
9475,solar,2030,35,19,19,-0.14001049566109336
9476,solar,2030,35,20,20,-0.14001049566109336
9477,solar,2030,35,21,21,-0.14001049566109336
9478,solar,2030,35,22,22,-0.14001049566109336
9479,solar,2030,35,23,23,-0.14001049566109336
9480,solar,2030,35,24,24,-0.14001049566109336
9481,solar,2030,36,1,1,-0.0503125437953336
9482,solar,2030,36,2,2,-0.0503125437953336
9483,solar,2030,36,3,3,-0.0503125437953336
9484,solar,2030,36,4,4,-0.0503125437953336
9485,solar,2030,36,5,5,-0.0503125437953336
9486,solar,2030,36,6,6,-0.0503125437953336
9487,solar,2030,36,7,7,-0.0503125437953336
9488,solar,2030,36,8,8,-0.0503125437953336
9489,solar,2030,36,9,9,-0.0503125437953336
9490,solar,2030,36,10,10,-0.0503125437953336
9491,solar,2030,36,11,11,-0.0503125437953336
9492,solar,2030,36,12,12,-0.0503125437953336
9493,solar,2030,36,13,13,-0.0503125437953336
9494,solar,2030,36,14,14,-0.0503125437953336
9495,solar,2030,36,15,15,-0.0503125437953336
9496,solar,2030,36,16,16,-0.0503125437953336
9497,solar,2030,36,17,17,-0.0503125437953336
9498,solar,2030,36,18,18,-0.0503125437953336
9499,solar,2030,36,19,19,-0.07043756131346704
9500,solar,2030,36,20,20,-0.07043756131346704
9501,solar,2030,36,21,21,-0.0503125437953336
9502,solar,2030,36,22,22,-0.0503125437953336
9503,solar,2030,36,23,23,-0.0503125437953336
9504,solar,2030,36,24,24,-0.0503125437953336
9505,solar,2030,37,1,1,-0.025
9506,solar,2030,37,2,2,-0.025
9507,solar,2030,37,3,3,-0.025
9508,solar,2030,37,4,4,-0.025
9509,solar,2030,37,5,5,-0.025
9510,solar,2030,37,6,6,-0.025
9511,solar,2030,37,7,7,-0.025
9512,solar,2030,37,8,8,-0.025
9513,solar,2030,37,9,9,-0.025
9514,solar,2030,37,10,10,-0.025
9515,solar,2030,37,11,11,-0.025
9516,solar,2030,37,12,12,-0.025
9517,solar,2030,37,13,13,-0.025
9518,solar,2030,37,14,14,-0.025
9519,solar,2030,37,15,15,-0.025
9520,solar,2030,37,16,16,-0.025
9521,solar,2030,37,17,17,-0.025
9522,solar,2030,37,18,18,-0.025
9523,solar,2030,37,19,19,-0.025
9524,solar,2030,37,20,20,-0.025
9525,solar,2030,37,21,21,-0.025
9526,solar,2030,37,22,22,-0.025
9527,solar,2030,37,23,23,-0.025
9528,solar,2030,37,24,24,-0.025
9529,solar,2030,38,1,1,-0.04048586901747772
9530,solar,2030,38,2,2,-0.04048586901747772
9531,solar,2030,38,3,3,-0.04048586901747772
9532,solar,2030,38,4,4,-0.04048586901747772
9533,solar,2030,38,5,5,-0.04048586901747772
9534,solar,2030,38,6,6,-0.04048586901747772
9535,solar,2030,38,7,7,-0.04048586901747772
9536,solar,2030,38,8,8,-0.04048586901747772
9537,solar,2030,38,9,9,-0.04048586901747772
9538,solar,2030,38,10,10,-0.04048586901747772
9539,solar,2030,38,11,11,-0.04048586901747772
9540,solar,2030,38,12,12,-0.04048586901747772
9541,solar,2030,38,13,13,-0.04048586901747772
9542,solar,2030,38,14,14,-0.04048586901747772
9543,solar,2030,38,15,15,-0.04048586901747772
9544,solar,2030,38,16,16,-0.04048586901747772
9545,solar,2030,38,17,17,-0.04048586901747772
9546,solar,2030,38,18,18,-0.04048586901747772
9547,solar,2030,38,19,19,-0.056680216624468815
9548,solar,2030,38,20,20,-0.056680216624468815
9549,solar,2030,38,21,21,-0.056680216624468815
9550,solar,2030,38,22,22,-0.04048586901747772
9551,solar,2030,38,23,23,-0.04048586901747772
9552,solar,2030,38,24,24,-0.04048586901747772
9553,solar,2030,39,1,1,-0.053634504337767036
9554,solar,2030,39,2,2,-0.053634504337767036
9555,solar,2030,39,3,3,-0.053634504337767036
9556,solar,2030,39,4,4,-0.053634504337767036
9557,solar,2030,39,5,5,-0.053634504337767036
9558,solar,2030,39,6,6,-0.053634504337767036
9559,solar,2030,39,7,7,-0.053634504337767036
9560,solar,2030,39,8,8,-0.053634504337767036
9561,solar,2030,39,9,9,-0.053634504337767036
9562,solar,2030,39,10,10,-0.053634504337767036
9563,solar,2030,39,11,11,-0.053634504337767036
9564,solar,2030,39,12,12,-0.053634504337767036
9565,solar,2030,39,13,13,-0.053634504337767036
9566,solar,2030,39,14,14,-0.053634504337767036
9567,solar,2030,39,15,15,-0.053634504337767036
9568,solar,2030,39,16,16,-0.053634504337767036
9569,solar,2030,39,17,17,-0.053634504337767036
9570,solar,2030,39,18,18,-0.053634504337767036
9571,solar,2030,39,19,19,-0.07508830607287385
9572,solar,2030,39,20,20,-0.07508830607287385
9573,solar,2030,39,21,21,-0.07508830607287385
9574,solar,2030,39,22,22,-0.053634504337767036
9575,solar,2030,39,23,23,-0.053634504337767036
9576,solar,2030,39,24,24,-0.053634504337767036
9577,solar,2030,40,1,1,-0.09828658478888513
9578,solar,2030,40,2,2,-0.09828658478888513
9579,solar,2030,40,3,3,-0.09828658478888513
9580,solar,2030,40,4,4,-0.09828658478888513
9581,solar,2030,40,5,5,-0.09828658478888513
9582,solar,2030,40,6,6,-0.09828658478888513
9583,solar,2030,40,7,7,-0.09828658478888513
9584,solar,2030,40,8,8,-0.09828658478888513
9585,solar,2030,40,9,9,-0.09828658478888513
9586,solar,2030,40,10,10,-0.09828658478888513
9587,solar,2030,40,11,11,-0.09828658478888513
9588,solar,2030,40,12,12,-0.09828658478888513
9589,solar,2030,40,13,13,-0.09828658478888513
9590,solar,2030,40,14,14,-0.09828658478888513
9591,solar,2030,40,15,15,-0.09828658478888513
9592,solar,2030,40,16,16,-0.09828658478888513
9593,solar,2030,40,17,17,-0.09828658478888513
9594,solar,2030,40,18,18,-0.09828658478888513
9595,solar,2030,40,19,19,-0.09828658478888513
9596,solar,2030,40,20,20,-0.1376012187044392
9597,solar,2030,40,21,21,-0.1376012187044392
9598,solar,2030,40,22,22,-0.09828658478888513
9599,solar,2030,40,23,23,-0.09828658478888513
9600,solar,2030,40,24,24,-0.09828658478888513
9601,solar,2030,41,1,1,-0.11684406611825071
9602,solar,2030,41,2,2,-0.11684406611825071
9603,solar,2030,41,3,3,-0.11684406611825071
9604,solar,2030,41,4,4,-0.11684406611825071
9605,solar,2030,41,5,5,-0.11684406611825071
9606,solar,2030,41,6,6,-0.11684406611825071
9607,solar,2030,41,7,7,-0.11684406611825071
9608,solar,2030,41,8,8,-0.11684406611825071
9609,solar,2030,41,9,9,-0.11684406611825071
9610,solar,2030,41,10,10,-0.11684406611825071
9611,solar,2030,41,11,11,-0.11684406611825071
9612,solar,2030,41,12,12,-0.11684406611825071
9613,solar,2030,41,13,13,-0.11684406611825071
9614,solar,2030,41,14,14,-0.11684406611825071
9615,solar,2030,41,15,15,-0.11684406611825071
9616,solar,2030,41,16,16,-0.11684406611825071
9617,solar,2030,41,17,17,-0.11684406611825071
9618,solar,2030,41,18,18,-0.11684406611825071
9619,solar,2030,41,19,19,-0.11684406611825071
9620,solar,2030,41,20,20,-0.11684406611825071
9621,solar,2030,41,21,21,-0.11684406611825071
9622,solar,2030,41,22,22,-0.11684406611825071
9623,solar,2030,41,23,23,-0.11684406611825071
9624,solar,2030,41,24,24,-0.11684406611825071
9625,solar,2030,42,1,1,-0.07500000000000001
9626,solar,2030,42,2,2,-0.07500000000000001
9627,solar,2030,42,3,3,-0.07500000000000001
9628,solar,2030,42,4,4,-0.07500000000000001
9629,solar,2030,42,5,5,-0.07500000000000001
9630,solar,2030,42,6,6,-0.07500000000000001
9631,solar,2030,42,7,7,-0.07500000000000001
9632,solar,2030,42,8,8,-0.07500000000000001
9633,solar,2030,42,9,9,-0.07500000000000001
9634,solar,2030,42,10,10,-0.07500000000000001
9635,solar,2030,42,11,11,-0.07500000000000001
9636,solar,2030,42,12,12,-0.07500000000000001
9637,solar,2030,42,13,13,-0.07500000000000001
9638,solar,2030,42,14,14,-0.07500000000000001
9639,solar,2030,42,15,15,-0.07500000000000001
9640,solar,2030,42,16,16,-0.07500000000000001
9641,solar,2030,42,17,17,-0.07500000000000001
9642,solar,2030,42,18,18,-0.07500000000000001
9643,solar,2030,42,19,19,-0.07500000000000001
9644,solar,2030,42,20,20,-0.07500000000000001
9645,solar,2030,42,21,21,-0.07500000000000001
9646,solar,2030,42,22,22,-0.07500000000000001
9647,solar,2030,42,23,23,-0.07500000000000001
9648,solar,2030,42,24,24,-0.07500000000000001
9649,solar,2030,43,1,1,-1.5995469296110345
9650,solar,2030,43,2,2,-1.5995469296110345
9651,solar,2030,43,3,3,-1.5995469296110345
9652,solar,2030,43,4,4,-1.5995469296110345
9653,solar,2030,43,5,5,-1.5995469296110345
9654,solar,2030,43,6,6,-1.5995469296110345
9655,solar,2030,43,7,7,-1.5995469296110345
9656,solar,2030,43,8,8,-1.5995469296110345
9657,solar,2030,43,9,9,-1.5995469296110345
9658,solar,2030,43,10,10,-1.5995469296110345
9659,solar,2030,43,11,11,-1.5995469296110345
9660,solar,2030,43,12,12,-1.5995469296110345
9661,solar,2030,43,13,13,-1.5995469296110345
9662,solar,2030,43,14,14,-1.5995469296110345
9663,solar,2030,43,15,15,-1.5995469296110345
9664,solar,2030,43,16,16,-1.5995469296110345
9665,solar,2030,43,17,17,-1.5995469296110345
9666,solar,2030,43,18,18,-1.5995469296110345
9667,solar,2030,43,19,19,-1.5995469296110345
9668,solar,2030,43,20,20,-1.5995469296110345
9669,solar,2030,43,21,21,-1.5995469296110345
9670,solar,2030,43,22,22,-1.5995469296110345
9671,solar,2030,43,23,23,-1.5995469296110345
9672,solar,2030,43,24,24,-1.5995469296110345
9673,solar,2030,44,1,1,-0.1295673723433479
9674,solar,2030,44,2,2,-0.1295673723433479
9675,solar,2030,44,3,3,-0.1295673723433479
9676,solar,2030,44,4,4,-0.1295673723433479
9677,solar,2030,44,5,5,-0.1295673723433479
9678,solar,2030,44,6,6,-0.1295673723433479
9679,solar,2030,44,7,7,-0.1295673723433479
9680,solar,2030,44,8,8,-0.1295673723433479
9681,solar,2030,44,9,9,-0.1295673723433479
9682,solar,2030,44,10,10,-0.1295673723433479
9683,solar,2030,44,11,11,-0.1295673723433479
9684,solar,2030,44,12,12,-0.1295673723433479
9685,solar,2030,44,13,13,-0.1295673723433479
9686,solar,2030,44,14,14,-0.1295673723433479
9687,solar,2030,44,15,15,-0.1295673723433479
9688,solar,2030,44,16,16,-0.1295673723433479
9689,solar,2030,44,17,17,-0.1295673723433479
9690,solar,2030,44,18,18,-0.1295673723433479
9691,solar,2030,44,19,19,-0.1295673723433479
9692,solar,2030,44,20,20,-0.1295673723433479
9693,solar,2030,44,21,21,-0.1295673723433479
9694,solar,2030,44,22,22,-0.1295673723433479
9695,solar,2030,44,23,23,-0.1295673723433479
9696,solar,2030,44,24,24,-0.1295673723433479
9697,solar,2030,45,1,1,-0.025
9698,solar,2030,45,2,2,-0.025
9699,solar,2030,45,3,3,-0.025
9700,solar,2030,45,4,4,-0.025
9701,solar,2030,45,5,5,-0.025
9702,solar,2030,45,6,6,-0.025
9703,solar,2030,45,7,7,-0.025
9704,solar,2030,45,8,8,-0.025
9705,solar,2030,45,9,9,-0.025
9706,solar,2030,45,10,10,-0.025
9707,solar,2030,45,11,11,-0.025
9708,solar,2030,45,12,12,-0.025
9709,solar,2030,45,13,13,-0.025
9710,solar,2030,45,14,14,-0.025
9711,solar,2030,45,15,15,-0.025
9712,solar,2030,45,16,16,-0.025
9713,solar,2030,45,17,17,-0.025
9714,solar,2030,45,18,18,-0.025
9715,solar,2030,45,19,19,-0.025
9716,solar,2030,45,20,20,-0.025
9717,solar,2030,45,21,21,-0.025
9718,solar,2030,45,22,22,-0.025
9719,solar,2030,45,23,23,-0.025
9720,solar,2030,45,24,24,-0.025
9721,solar,2030,46,1,1,-0.5251073908196839
9722,solar,2030,46,2,2,-0.5251073908196839
9723,solar,2030,46,3,3,-0.5251073908196839
9724,solar,2030,46,4,4,-0.5251073908196839
9725,solar,2030,46,5,5,-0.5251073908196839
9726,solar,2030,46,6,6,-0.5251073908196839
9727,solar,2030,46,7,7,-0.5251073908196839
9728,solar,2030,46,8,8,-0.5251073908196839
9729,solar,2030,46,9,9,-0.5251073908196839
9730,solar,2030,46,10,10,-0.5251073908196839
9731,solar,2030,46,11,11,-0.5251073908196839
9732,solar,2030,46,12,12,-0.5251073908196839
9733,solar,2030,46,13,13,-0.5251073908196839
9734,solar,2030,46,14,14,-0.5251073908196839
9735,solar,2030,46,15,15,-0.5251073908196839
9736,solar,2030,46,16,16,-0.5251073908196839
9737,solar,2030,46,17,17,-0.5251073908196839
9738,solar,2030,46,18,18,-0.5251073908196839
9739,solar,2030,46,19,19,-0.5251073908196839
9740,solar,2030,46,20,20,-0.5251073908196839
9741,solar,2030,46,21,21,-0.5251073908196839
9742,solar,2030,46,22,22,-0.5251073908196839
9743,solar,2030,46,23,23,-0.5251073908196839
9744,solar,2030,46,24,24,-0.5251073908196839
9745,solar,2030,47,1,1,-0.09665206857608598
9746,solar,2030,47,2,2,-0.09665206857608598
9747,solar,2030,47,3,3,-0.09665206857608598
9748,solar,2030,47,4,4,-0.09665206857608598
9749,solar,2030,47,5,5,-0.09665206857608598
9750,solar,2030,47,6,6,-0.09665206857608598
9751,solar,2030,47,7,7,-0.09665206857608598
9752,solar,2030,47,8,8,-0.09665206857608598
9753,solar,2030,47,9,9,-0.09665206857608598
9754,solar,2030,47,10,10,-0.09665206857608598
9755,solar,2030,47,11,11,-0.09665206857608598
9756,solar,2030,47,12,12,-0.09665206857608598
9757,solar,2030,47,13,13,-0.09665206857608598
9758,solar,2030,47,14,14,-0.09665206857608598
9759,solar,2030,47,15,15,-0.09665206857608598
9760,solar,2030,47,16,16,-0.09665206857608598
9761,solar,2030,47,17,17,-0.09665206857608598
9762,solar,2030,47,18,18,-0.09665206857608598
9763,solar,2030,47,19,19,-0.09665206857608598
9764,solar,2030,47,20,20,-0.09665206857608598
9765,solar,2030,47,21,21,-0.09665206857608598
9766,solar,2030,47,22,22,-0.09665206857608598
9767,solar,2030,47,23,23,-0.09665206857608598
9768,solar,2030,47,24,24,-0.09665206857608598
9769,solar,2030,48,1,1,-0.10474830986112332
9770,solar,2030,48,2,2,-0.10474830986112332
9771,solar,2030,48,3,3,-0.10474830986112332
9772,solar,2030,48,4,4,-0.10474830986112332
9773,solar,2030,48,5,5,-0.10474830986112332
9774,solar,2030,48,6,6,-0.10474830986112332
9775,solar,2030,48,7,7,-0.10474830986112332
9776,solar,2030,48,8,8,-0.10474830986112332
9777,solar,2030,48,9,9,-0.10474830986112332
9778,solar,2030,48,10,10,-0.10474830986112332
9779,solar,2030,48,11,11,-0.10474830986112332
9780,solar,2030,48,12,12,-0.10474830986112332
9781,solar,2030,48,13,13,-0.10474830986112332
9782,solar,2030,48,14,14,-0.10474830986112332
9783,solar,2030,48,15,15,-0.10474830986112332
9784,solar,2030,48,16,16,-0.10474830986112332
9785,solar,2030,48,17,17,-0.10474830986112332
9786,solar,2030,48,18,18,-0.10474830986112332
9787,solar,2030,48,19,19,-0.10474830986112332
9788,solar,2030,48,20,20,-0.10474830986112332
9789,solar,2030,48,21,21,-0.10474830986112332
9790,solar,2030,48,22,22,-0.10474830986112332
9791,solar,2030,48,23,23,-0.10474830986112332
9792,solar,2030,48,24,24,-0.10474830986112332
9793,solar,2030,49,1,1,-0.051112483395960084
9794,solar,2030,49,2,2,-0.051112483395960084
9795,solar,2030,49,3,3,-0.051112483395960084
9796,solar,2030,49,4,4,-0.051112483395960084
9797,solar,2030,49,5,5,-0.051112483395960084
9798,solar,2030,49,6,6,-0.051112483395960084
9799,solar,2030,49,7,7,-0.051112483395960084
9800,solar,2030,49,8,8,-0.051112483395960084
9801,solar,2030,49,9,9,-0.051112483395960084
9802,solar,2030,49,10,10,-0.051112483395960084
9803,solar,2030,49,11,11,-0.051112483395960084
9804,solar,2030,49,12,12,-0.051112483395960084
9805,solar,2030,49,13,13,-0.051112483395960084
9806,solar,2030,49,14,14,-0.051112483395960084
9807,solar,2030,49,15,15,-0.051112483395960084
9808,solar,2030,49,16,16,-0.051112483395960084
9809,solar,2030,49,17,17,-0.051112483395960084
9810,solar,2030,49,18,18,-0.051112483395960084
9811,solar,2030,49,19,19,-0.051112483395960084
9812,solar,2030,49,20,20,-0.051112483395960084
9813,solar,2030,49,21,21,-0.051112483395960084
9814,solar,2030,49,22,22,-0.051112483395960084
9815,solar,2030,49,23,23,-0.051112483395960084
9816,solar,2030,49,24,24,-0.051112483395960084
9817,solar,2030,50,1,1,-0.025439648566598763
9818,solar,2030,50,2,2,-0.025439648566598763
9819,solar,2030,50,3,3,-0.025439648566598763
9820,solar,2030,50,4,4,-0.025439648566598763
9821,solar,2030,50,5,5,-0.025439648566598763
9822,solar,2030,50,6,6,-0.025439648566598763
9823,solar,2030,50,7,7,-0.025439648566598763
9824,solar,2030,50,8,8,-0.025439648566598763
9825,solar,2030,50,9,9,-0.025439648566598763
9826,solar,2030,50,10,10,-0.025439648566598763
9827,solar,2030,50,11,11,-0.025439648566598763
9828,solar,2030,50,12,12,-0.025439648566598763
9829,solar,2030,50,13,13,-0.025439648566598763
9830,solar,2030,50,14,14,-0.025439648566598763
9831,solar,2030,50,15,15,-0.025439648566598763
9832,solar,2030,50,16,16,-0.025439648566598763
9833,solar,2030,50,17,17,-0.025439648566598763
9834,solar,2030,50,18,18,-0.025439648566598763
9835,solar,2030,50,19,19,-0.025439648566598763
9836,solar,2030,50,20,20,-0.025439648566598763
9837,solar,2030,50,21,21,-0.025439648566598763
9838,solar,2030,50,22,22,-0.025439648566598763
9839,solar,2030,50,23,23,-0.025439648566598763
9840,solar,2030,50,24,24,-0.025439648566598763
9841,solar,2030,51,1,1,-0.16439238294378128
9842,solar,2030,51,2,2,-0.16439238294378128
9843,solar,2030,51,3,3,-0.16439238294378128
9844,solar,2030,51,4,4,-0.16439238294378128
9845,solar,2030,51,5,5,-0.16439238294378128
9846,solar,2030,51,6,6,-0.16439238294378128
9847,solar,2030,51,7,7,-0.16439238294378128
9848,solar,2030,51,8,8,-0.16439238294378128
9849,solar,2030,51,9,9,-0.16439238294378128
9850,solar,2030,51,10,10,-0.16439238294378128
9851,solar,2030,51,11,11,-0.16439238294378128
9852,solar,2030,51,12,12,-0.16439238294378128
9853,solar,2030,51,13,13,-0.16439238294378128
9854,solar,2030,51,14,14,-0.16439238294378128
9855,solar,2030,51,15,15,-0.16439238294378128
9856,solar,2030,51,16,16,-0.16439238294378128
9857,solar,2030,51,17,17,-0.16439238294378128
9858,solar,2030,51,18,18,-0.16439238294378128
9859,solar,2030,51,19,19,-0.16439238294378128
9860,solar,2030,51,20,20,-0.16439238294378128
9861,solar,2030,51,21,21,-0.16439238294378128
9862,solar,2030,51,22,22,-0.16439238294378128
9863,solar,2030,51,23,23,-0.16439238294378128
9864,solar,2030,51,24,24,-0.16439238294378128
9865,solar,2030,52,1,1,-0.04240531151832427
9866,solar,2030,52,2,2,-0.04240531151832427
9867,solar,2030,52,3,3,-0.04240531151832427
9868,solar,2030,52,4,4,-0.04240531151832427
9869,solar,2030,52,5,5,-0.04240531151832427
9870,solar,2030,52,6,6,-0.04240531151832427
9871,solar,2030,52,7,7,-0.04240531151832427
9872,solar,2030,52,8,8,-0.04240531151832427
9873,solar,2030,52,9,9,-0.04240531151832427
9874,solar,2030,52,10,10,-0.04240531151832427
9875,solar,2030,52,11,11,-0.04240531151832427
9876,solar,2030,52,12,12,-0.04240531151832427
9877,solar,2030,52,13,13,-0.04240531151832427
9878,solar,2030,52,14,14,-0.04240531151832427
9879,solar,2030,52,15,15,-0.04240531151832427
9880,solar,2030,52,16,16,-0.04240531151832427
9881,solar,2030,52,17,17,-0.04240531151832427
9882,solar,2030,52,18,18,-0.04240531151832427
9883,solar,2030,52,19,19,-0.04240531151832427
9884,solar,2030,52,20,20,-0.04240531151832427
9885,solar,2030,52,21,21,-0.04240531151832427
9886,solar,2030,52,22,22,-0.04240531151832427
9887,solar,2030,52,23,23,-0.04240531151832427
9888,solar,2030,52,24,24,-0.04240531151832427
9889,solar,2030,53,1,1,-0.026214110103967972
9890,solar,2030,53,2,2,-0.026214110103967972
9891,solar,2030,53,3,3,-0.026214110103967972
9892,solar,2030,53,4,4,-0.026214110103967972
9893,solar,2030,53,5,5,-0.026214110103967972
9894,solar,2030,53,6,6,-0.026214110103967972
9895,solar,2030,53,7,7,-0.026214110103967972
9896,solar,2030,53,8,8,-0.026214110103967972
9897,solar,2030,53,9,9,-0.026214110103967972
9898,solar,2030,53,10,10,-0.026214110103967972
9899,solar,2030,53,11,11,-0.026214110103967972
9900,solar,2030,53,12,12,-0.026214110103967972
9901,solar,2030,53,13,13,-0.026214110103967972
9902,solar,2030,53,14,14,-0.026214110103967972
9903,solar,2030,53,15,15,-0.026214110103967972
9904,solar,2030,53,16,16,-0.026214110103967972
9905,solar,2030,53,17,17,-0.026214110103967972
9906,solar,2030,53,18,18,-0.026214110103967972
9907,solar,2030,53,19,19,-0.026214110103967972
9908,solar,2030,53,20,20,-0.026214110103967972
9909,solar,2030,53,21,21,-0.026214110103967972
9910,solar,2030,53,22,22,-0.026214110103967972
9911,solar,2030,53,23,23,-0.026214110103967972
9912,solar,2030,53,24,24,-0.026214110103967972
9913,solar,2030,54,1,1,-0.07323644361168613
9914,solar,2030,54,2,2,-0.07323644361168613
9915,solar,2030,54,3,3,-0.07323644361168613
9916,solar,2030,54,4,4,-0.07323644361168613
9917,solar,2030,54,5,5,-0.07323644361168613
9918,solar,2030,54,6,6,-0.07323644361168613
9919,solar,2030,54,7,7,-0.07323644361168613
9920,solar,2030,54,8,8,-0.07323644361168613
9921,solar,2030,54,9,9,-0.07323644361168613
9922,solar,2030,54,10,10,-0.07323644361168613
9923,solar,2030,54,11,11,-0.07323644361168613
9924,solar,2030,54,12,12,-0.07323644361168613
9925,solar,2030,54,13,13,-0.07323644361168613
9926,solar,2030,54,14,14,-0.07323644361168613
9927,solar,2030,54,15,15,-0.07323644361168613
9928,solar,2030,54,16,16,-0.07323644361168613
9929,solar,2030,54,17,17,-0.07323644361168613
9930,solar,2030,54,18,18,-0.1025310210563606
9931,solar,2030,54,19,19,-0.1025310210563606
9932,solar,2030,54,20,20,-0.1025310210563606
9933,solar,2030,54,21,21,-0.07323644361168613
9934,solar,2030,54,22,22,-0.07323644361168613
9935,solar,2030,54,23,23,-0.07323644361168613
9936,solar,2030,54,24,24,-0.07323644361168613
9937,solar,2030,55,1,1,-0.14629913691861082
9938,solar,2030,55,2,2,-0.14629913691861082
9939,solar,2030,55,3,3,-0.14629913691861082
9940,solar,2030,55,4,4,-0.14629913691861082
9941,solar,2030,55,5,5,-0.14629913691861082
9942,solar,2030,55,6,6,-0.14629913691861082
9943,solar,2030,55,7,7,-0.14629913691861082
9944,solar,2030,55,8,8,-0.14629913691861082
9945,solar,2030,55,9,9,-0.14629913691861082
9946,solar,2030,55,10,10,-0.14629913691861082
9947,solar,2030,55,11,11,-0.14629913691861082
9948,solar,2030,55,12,12,-0.14629913691861082
9949,solar,2030,55,13,13,-0.14629913691861082
9950,solar,2030,55,14,14,-0.14629913691861082
9951,solar,2030,55,15,15,-0.14629913691861082
9952,solar,2030,55,16,16,-0.14629913691861082
9953,solar,2030,55,17,17,-0.14629913691861082
9954,solar,2030,55,18,18,-0.14629913691861082
9955,solar,2030,55,19,19,-0.14629913691861082
9956,solar,2030,55,20,20,-0.14629913691861082
9957,solar,2030,55,21,21,-0.14629913691861082
9958,solar,2030,55,22,22,-0.14629913691861082
9959,solar,2030,55,23,23,-0.14629913691861082
9960,solar,2030,55,24,24,-0.14629913691861082
9961,solar,2030,56,1,1,-0.15053157430309078
9962,solar,2030,56,2,2,-0.15053157430309078
9963,solar,2030,56,3,3,-0.15053157430309078
9964,solar,2030,56,4,4,-0.15053157430309078
9965,solar,2030,56,5,5,-0.15053157430309078
9966,solar,2030,56,6,6,-0.15053157430309078
9967,solar,2030,56,7,7,-0.15053157430309078
9968,solar,2030,56,8,8,-0.15053157430309078
9969,solar,2030,56,9,9,-0.15053157430309078
9970,solar,2030,56,10,10,-0.15053157430309078
9971,solar,2030,56,11,11,-0.15053157430309078
9972,solar,2030,56,12,12,-0.15053157430309078
9973,solar,2030,56,13,13,-0.15053157430309078
9974,solar,2030,56,14,14,-0.15053157430309078
9975,solar,2030,56,15,15,-0.15053157430309078
9976,solar,2030,56,16,16,-0.15053157430309078
9977,solar,2030,56,17,17,-0.15053157430309078
9978,solar,2030,56,18,18,-0.15053157430309078
9979,solar,2030,56,19,19,-0.15053157430309078
9980,solar,2030,56,20,20,-0.15053157430309078
9981,solar,2030,56,21,21,-0.15053157430309078
9982,solar,2030,56,22,22,-0.15053157430309078
9983,solar,2030,56,23,23,-0.15053157430309078
9984,solar,2030,56,24,24,-0.15053157430309078
9985,solar,2030,57,1,1,-0.23132660556511403
9986,solar,2030,57,2,2,-0.23132660556511403
9987,solar,2030,57,3,3,-0.23132660556511403
9988,solar,2030,57,4,4,-0.23132660556511403
9989,solar,2030,57,5,5,-0.23132660556511403
9990,solar,2030,57,6,6,-0.23132660556511403
9991,solar,2030,57,7,7,-0.23132660556511403
9992,solar,2030,57,8,8,-0.23132660556511403
9993,solar,2030,57,9,9,-0.23132660556511403
9994,solar,2030,57,10,10,-0.23132660556511403
9995,solar,2030,57,11,11,-0.23132660556511403
9996,solar,2030,57,12,12,-0.23132660556511403
9997,solar,2030,57,13,13,-0.23132660556511403
9998,solar,2030,57,14,14,-0.23132660556511403
9999,solar,2030,57,15,15,-0.23132660556511403
10000,solar,2030,57,16,16,-0.23132660556511403
10001,solar,2030,57,17,17,-0.23132660556511403
10002,solar,2030,57,18,18,-0.23132660556511403
10003,solar,2030,57,19,19,-0.23132660556511403
10004,solar,2030,57,20,20,-0.23132660556511403
10005,solar,2030,57,21,21,-0.23132660556511403
10006,solar,2030,57,22,22,-0.23132660556511403
10007,solar,2030,57,23,23,-0.23132660556511403
10008,solar,2030,57,24,24,-0.23132660556511403
10009,solar,2030,58,1,1,-0.18279893568034097
10010,solar,2030,58,2,2,-0.18279893568034097
10011,solar,2030,58,3,3,-0.18279893568034097
10012,solar,2030,58,4,4,-0.18279893568034097
10013,solar,2030,58,5,5,-0.18279893568034097
10014,solar,2030,58,6,6,-0.18279893568034097
10015,solar,2030,58,7,7,-0.18279893568034097
10016,solar,2030,58,8,8,-0.18279893568034097
10017,solar,2030,58,9,9,-0.18279893568034097
10018,solar,2030,58,10,10,-0.18279893568034097
10019,solar,2030,58,11,11,-0.18279893568034097
10020,solar,2030,58,12,12,-0.18279893568034097
10021,solar,2030,58,13,13,-0.18279893568034097
10022,solar,2030,58,14,14,-0.18279893568034097
10023,solar,2030,58,15,15,-0.18279893568034097
10024,solar,2030,58,16,16,-0.18279893568034097
10025,solar,2030,58,17,17,-0.18279893568034097
10026,solar,2030,58,18,18,-0.18279893568034097
10027,solar,2030,58,19,19,-0.18279893568034097
10028,solar,2030,58,20,20,-0.18279893568034097
10029,solar,2030,58,21,21,-0.18279893568034097
10030,solar,2030,58,22,22,-0.18279893568034097
10031,solar,2030,58,23,23,-0.18279893568034097
10032,solar,2030,58,24,24,-0.18279893568034097
10033,solar,2030,59,1,1,-0.04882445860207087
10034,solar,2030,59,2,2,-0.04882445860207087
10035,solar,2030,59,3,3,-0.04882445860207087
10036,solar,2030,59,4,4,-0.04882445860207087
10037,solar,2030,59,5,5,-0.04882445860207087
10038,solar,2030,59,6,6,-0.04882445860207087
10039,solar,2030,59,7,7,-0.04882445860207087
10040,solar,2030,59,8,8,-0.04882445860207087
10041,solar,2030,59,9,9,-0.04882445860207087
10042,solar,2030,59,10,10,-0.04882445860207087
10043,solar,2030,59,11,11,-0.06835424204289922
10044,solar,2030,59,12,12,-0.06835424204289922
10045,solar,2030,59,13,13,-0.06835424204289922
10046,solar,2030,59,14,14,-0.06835424204289922
10047,solar,2030,59,15,15,-0.06835424204289922
10048,solar,2030,59,16,16,-0.06835424204289922
10049,solar,2030,59,17,17,-0.06835424204289922
10050,solar,2030,59,18,18,-0.06835424204289922
10051,solar,2030,59,19,19,-0.06835424204289922
10052,solar,2030,59,20,20,-0.06835424204289922
10053,solar,2030,59,21,21,-0.06835424204289922
10054,solar,2030,59,22,22,-0.06835424204289922
10055,solar,2030,59,23,23,-0.06835424204289922
10056,solar,2030,59,24,24,-0.06835424204289922
10057,solar,2030,60,1,1,-0.04791632169828963
10058,solar,2030,60,2,2,-0.04791632169828963
10059,solar,2030,60,3,3,-0.04791632169828963
10060,solar,2030,60,4,4,-0.04791632169828963
10061,solar,2030,60,5,5,-0.04791632169828963
10062,solar,2030,60,6,6,-0.04791632169828963
10063,solar,2030,60,7,7,-0.04791632169828963
10064,solar,2030,60,8,8,-0.04791632169828963
10065,solar,2030,60,9,9,-0.04791632169828963
10066,solar,2030,60,10,10,-0.04791632169828963
10067,solar,2030,60,11,11,-0.04791632169828963
10068,solar,2030,60,12,12,-0.04791632169828963
10069,solar,2030,60,13,13,-0.04791632169828963
10070,solar,2030,60,14,14,-0.04791632169828963
10071,solar,2030,60,15,15,-0.04791632169828963
10072,solar,2030,60,16,16,-0.04791632169828963
10073,solar,2030,60,17,17,-0.04791632169828963
10074,solar,2030,60,18,18,-0.04791632169828963
10075,solar,2030,60,19,19,-0.04791632169828963
10076,solar,2030,60,20,20,-0.04791632169828963
10077,solar,2030,60,21,21,-0.04791632169828963
10078,solar,2030,60,22,22,-0.04791632169828963
10079,solar,2030,60,23,23,-0.04791632169828963
10080,solar,2030,60,24,24,-0.04791632169828963
10081,solar,2030,61,1,1,-0.025
10082,solar,2030,61,2,2,-0.025
10083,solar,2030,61,3,3,-0.025
10084,solar,2030,61,4,4,-0.025
10085,solar,2030,61,5,5,-0.025
10086,solar,2030,61,6,6,-0.025
10087,solar,2030,61,7,7,-0.025
10088,solar,2030,61,8,8,-0.025
10089,solar,2030,61,9,9,-0.025
10090,solar,2030,61,10,10,-0.025
10091,solar,2030,61,11,11,-0.025
10092,solar,2030,61,12,12,-0.025
10093,solar,2030,61,13,13,-0.025
10094,solar,2030,61,14,14,-0.025
10095,solar,2030,61,15,15,-0.025
10096,solar,2030,61,16,16,-0.025
10097,solar,2030,61,17,17,-0.025
10098,solar,2030,61,18,18,-0.025
10099,solar,2030,61,19,19,-0.025
10100,solar,2030,61,20,20,-0.025
10101,solar,2030,61,21,21,-0.025
10102,solar,2030,61,22,22,-0.025
10103,solar,2030,61,23,23,-0.025
10104,solar,2030,61,24,24,-0.025
10105,solar,2030,62,1,1,-0.09236691019693936
10106,solar,2030,62,2,2,-0.09236691019693936
10107,solar,2030,62,3,3,-0.09236691019693936
10108,solar,2030,62,4,4,-0.09236691019693936
10109,solar,2030,62,5,5,-0.09236691019693936
10110,solar,2030,62,6,6,-0.09236691019693936
10111,solar,2030,62,7,7,-0.09236691019693936
10112,solar,2030,62,8,8,-0.09236691019693936
10113,solar,2030,62,9,9,-0.09236691019693936
10114,solar,2030,62,10,10,-0.09236691019693936
10115,solar,2030,62,11,11,-0.09236691019693936
10116,solar,2030,62,12,12,-0.09236691019693936
10117,solar,2030,62,13,13,-0.09236691019693936
10118,solar,2030,62,14,14,-0.09236691019693936
10119,solar,2030,62,15,15,-0.09236691019693936
10120,solar,2030,62,16,16,-0.09236691019693936
10121,solar,2030,62,17,17,-0.09236691019693936
10122,solar,2030,62,18,18,-0.09236691019693936
10123,solar,2030,62,19,19,-0.09236691019693936
10124,solar,2030,62,20,20,-0.09236691019693936
10125,solar,2030,62,21,21,-0.09236691019693936
10126,solar,2030,62,22,22,-0.09236691019693936
10127,solar,2030,62,23,23,-0.09236691019693936
10128,solar,2030,62,24,24,-0.09236691019693936
10129,solar,2030,63,1,1,-0.30844703676071816
10130,solar,2030,63,2,2,-0.30844703676071816
10131,solar,2030,63,3,3,-0.30844703676071816
10132,solar,2030,63,4,4,-0.30844703676071816
10133,solar,2030,63,5,5,-0.30844703676071816
10134,solar,2030,63,6,6,-0.30844703676071816
10135,solar,2030,63,7,7,-0.30844703676071816
10136,solar,2030,63,8,8,-0.30844703676071816
10137,solar,2030,63,9,9,-0.30844703676071816
10138,solar,2030,63,10,10,-0.30844703676071816
10139,solar,2030,63,11,11,-0.30844703676071816
10140,solar,2030,63,12,12,-0.30844703676071816
10141,solar,2030,63,13,13,-0.30844703676071816
10142,solar,2030,63,14,14,-0.30844703676071816
10143,solar,2030,63,15,15,-0.30844703676071816
10144,solar,2030,63,16,16,-0.30844703676071816
10145,solar,2030,63,17,17,-0.30844703676071816
10146,solar,2030,63,18,18,-0.30844703676071816
10147,solar,2030,63,19,19,-0.30844703676071816
10148,solar,2030,63,20,20,-0.30844703676071816
10149,solar,2030,63,21,21,-0.30844703676071816
10150,solar,2030,63,22,22,-0.30844703676071816
10151,solar,2030,63,23,23,-0.30844703676071816
10152,solar,2030,63,24,24,-0.30844703676071816
10153,solar,2030,64,1,1,-0.026715307921383016
10154,solar,2030,64,2,2,-0.026715307921383016
10155,solar,2030,64,3,3,-0.026715307921383016
10156,solar,2030,64,4,4,-0.026715307921383016
10157,solar,2030,64,5,5,-0.026715307921383016
10158,solar,2030,64,6,6,-0.026715307921383016
10159,solar,2030,64,7,7,-0.026715307921383016
10160,solar,2030,64,8,8,-0.026715307921383016
10161,solar,2030,64,9,9,-0.026715307921383016
10162,solar,2030,64,10,10,-0.026715307921383016
10163,solar,2030,64,11,11,-0.026715307921383016
10164,solar,2030,64,12,12,-0.026715307921383016
10165,solar,2030,64,13,13,-0.026715307921383016
10166,solar,2030,64,14,14,-0.026715307921383016
10167,solar,2030,64,15,15,-0.026715307921383016
10168,solar,2030,64,16,16,-0.026715307921383016
10169,solar,2030,64,17,17,-0.026715307921383016
10170,solar,2030,64,18,18,-0.026715307921383016
10171,solar,2030,64,19,19,-0.026715307921383016
10172,solar,2030,64,20,20,-0.037401431089936224
10173,solar,2030,64,21,21,-0.026715307921383016
10174,solar,2030,64,22,22,-0.026715307921383016
10175,solar,2030,64,23,23,-0.026715307921383016
10176,solar,2030,64,24,24,-0.026715307921383016
10177,solar,2030,65,1,1,-0.05144007136594231
10178,solar,2030,65,2,2,-0.05144007136594231
10179,solar,2030,65,3,3,-0.05144007136594231
10180,solar,2030,65,4,4,-0.05144007136594231
10181,solar,2030,65,5,5,-0.05144007136594231
10182,solar,2030,65,6,6,-0.05144007136594231
10183,solar,2030,65,7,7,-0.05144007136594231
10184,solar,2030,65,8,8,-0.05144007136594231
10185,solar,2030,65,9,9,-0.05144007136594231
10186,solar,2030,65,10,10,-0.05144007136594231
10187,solar,2030,65,11,11,-0.05144007136594231
10188,solar,2030,65,12,12,-0.05144007136594231
10189,solar,2030,65,13,13,-0.05144007136594231
10190,solar,2030,65,14,14,-0.05144007136594231
10191,solar,2030,65,15,15,-0.05144007136594231
10192,solar,2030,65,16,16,-0.05144007136594231
10193,solar,2030,65,17,17,-0.05144007136594231
10194,solar,2030,65,18,18,-0.05144007136594231
10195,solar,2030,65,19,19,-0.05144007136594231
10196,solar,2030,65,20,20,-0.05144007136594231
10197,solar,2030,65,21,21,-0.05144007136594231
10198,solar,2030,65,22,22,-0.05144007136594231
10199,solar,2030,65,23,23,-0.05144007136594231
10200,solar,2030,65,24,24,-0.05144007136594231
10201,solar,2030,66,1,1,-0.05
10202,solar,2030,66,2,2,-0.05
10203,solar,2030,66,3,3,-0.05
10204,solar,2030,66,4,4,-0.05
10205,solar,2030,66,5,5,-0.05
10206,solar,2030,66,6,6,-0.05
10207,solar,2030,66,7,7,-0.05
10208,solar,2030,66,8,8,-0.05
10209,solar,2030,66,9,9,-0.05
10210,solar,2030,66,10,10,-0.05
10211,solar,2030,66,11,11,-0.05
10212,solar,2030,66,12,12,-0.05
10213,solar,2030,66,13,13,-0.05
10214,solar,2030,66,14,14,-0.05
10215,solar,2030,66,15,15,-0.05
10216,solar,2030,66,16,16,-0.05
10217,solar,2030,66,17,17,-0.05
10218,solar,2030,66,18,18,-0.05
10219,solar,2030,66,19,19,-0.05
10220,solar,2030,66,20,20,-0.05
10221,solar,2030,66,21,21,-0.05
10222,solar,2030,66,22,22,-0.05
10223,solar,2030,66,23,23,-0.05
10224,solar,2030,66,24,24,-0.05
10225,solar,2030,67,1,1,-0.20742332985911066
10226,solar,2030,67,2,2,-0.20742332985911066
10227,solar,2030,67,3,3,-0.20742332985911066
10228,solar,2030,67,4,4,-0.20742332985911066
10229,solar,2030,67,5,5,-0.20742332985911066
10230,solar,2030,67,6,6,-0.20742332985911066
10231,solar,2030,67,7,7,-0.20742332985911066
10232,solar,2030,67,8,8,-0.20742332985911066
10233,solar,2030,67,9,9,-0.20742332985911066
10234,solar,2030,67,10,10,-0.20742332985911066
10235,solar,2030,67,11,11,-0.20742332985911066
10236,solar,2030,67,12,12,-0.20742332985911066
10237,solar,2030,67,13,13,-0.20742332985911066
10238,solar,2030,67,14,14,-0.20742332985911066
10239,solar,2030,67,15,15,-0.20742332985911066
10240,solar,2030,67,16,16,-0.20742332985911066
10241,solar,2030,67,17,17,-0.20742332985911066
10242,solar,2030,67,18,18,-0.20742332985911066
10243,solar,2030,67,19,19,-0.20742332985911066
10244,solar,2030,67,20,20,-0.20742332985911066
10245,solar,2030,67,21,21,-0.20742332985911066
10246,solar,2030,67,22,22,-0.20742332985911066
10247,solar,2030,67,23,23,-0.20742332985911066
10248,solar,2030,67,24,24,-0.20742332985911066
10249,solar,2030,68,1,1,-0.09348444041153392
10250,solar,2030,68,2,2,-0.09348444041153392
10251,solar,2030,68,3,3,-0.09348444041153392
10252,solar,2030,68,4,4,-0.09348444041153392
10253,solar,2030,68,5,5,-0.09348444041153392
10254,solar,2030,68,6,6,-0.09348444041153392
10255,solar,2030,68,7,7,-0.09348444041153392
10256,solar,2030,68,8,8,-0.09348444041153392
10257,solar,2030,68,9,9,-0.09348444041153392
10258,solar,2030,68,10,10,-0.09348444041153392
10259,solar,2030,68,11,11,-0.09348444041153392
10260,solar,2030,68,12,12,-0.09348444041153392
10261,solar,2030,68,13,13,-0.09348444041153392
10262,solar,2030,68,14,14,-0.09348444041153392
10263,solar,2030,68,15,15,-0.09348444041153392
10264,solar,2030,68,16,16,-0.09348444041153392
10265,solar,2030,68,17,17,-0.09348444041153392
10266,solar,2030,68,18,18,-0.09348444041153392
10267,solar,2030,68,19,19,-0.09348444041153392
10268,solar,2030,68,20,20,-0.09348444041153392
10269,solar,2030,68,21,21,-0.09348444041153392
10270,solar,2030,68,22,22,-0.09348444041153392
10271,solar,2030,68,23,23,-0.09348444041153392
10272,solar,2030,68,24,24,-0.09348444041153392
10273,solar,2030,69,1,1,-0.04382973948115851
10274,solar,2030,69,2,2,-0.04382973948115851
10275,solar,2030,69,3,3,-0.04382973948115851
10276,solar,2030,69,4,4,-0.04382973948115851
10277,solar,2030,69,5,5,-0.04382973948115851
10278,solar,2030,69,6,6,-0.04382973948115851
10279,solar,2030,69,7,7,-0.04382973948115851
10280,solar,2030,69,8,8,-0.04382973948115851
10281,solar,2030,69,9,9,-0.04382973948115851
10282,solar,2030,69,10,10,-0.04382973948115851
10283,solar,2030,69,11,11,-0.04382973948115851
10284,solar,2030,69,12,12,-0.04382973948115851
10285,solar,2030,69,13,13,-0.04382973948115851
10286,solar,2030,69,14,14,-0.04382973948115851
10287,solar,2030,69,15,15,-0.04382973948115851
10288,solar,2030,69,16,16,-0.04382973948115851
10289,solar,2030,69,17,17,-0.04382973948115851
10290,solar,2030,69,18,18,-0.06136163527362191
10291,solar,2030,69,19,19,-0.06136163527362191
10292,solar,2030,69,20,20,-0.06136163527362191
10293,solar,2030,69,21,21,-0.0488967794389327
10294,solar,2030,69,22,22,-0.04382973948115851
10295,solar,2030,69,23,23,-0.04382973948115851
10296,solar,2030,69,24,24,-0.04382973948115851
10297,solar,2030,70,1,1,-0.12304408273699328
10298,solar,2030,70,2,2,-0.12304408273699328
10299,solar,2030,70,3,3,-0.12304408273699328
10300,solar,2030,70,4,4,-0.12304408273699328
10301,solar,2030,70,5,5,-0.12304408273699328
10302,solar,2030,70,6,6,-0.12304408273699328
10303,solar,2030,70,7,7,-0.12304408273699328
10304,solar,2030,70,8,8,-0.12304408273699328
10305,solar,2030,70,9,9,-0.12304408273699328
10306,solar,2030,70,10,10,-0.12304408273699328
10307,solar,2030,70,11,11,-0.12304408273699328
10308,solar,2030,70,12,12,-0.12304408273699328
10309,solar,2030,70,13,13,-0.12304408273699328
10310,solar,2030,70,14,14,-0.12304408273699328
10311,solar,2030,70,15,15,-0.12304408273699328
10312,solar,2030,70,16,16,-0.12304408273699328
10313,solar,2030,70,17,17,-0.12304408273699328
10314,solar,2030,70,18,18,-0.12304408273699328
10315,solar,2030,70,19,19,-0.1722617158317906
10316,solar,2030,70,20,20,-0.1722617158317906
10317,solar,2030,70,21,21,-0.1722617158317906
10318,solar,2030,70,22,22,-0.12304408273699328
10319,solar,2030,70,23,23,-0.12304408273699328
10320,solar,2030,70,24,24,-0.12304408273699328
10321,solar,2030,71,1,1,-0.10949581608267958
10322,solar,2030,71,2,2,-0.10949581608267958
10323,solar,2030,71,3,3,-0.10949581608267958
10324,solar,2030,71,4,4,-0.10949581608267958
10325,solar,2030,71,5,5,-0.10949581608267958
10326,solar,2030,71,6,6,-0.10949581608267958
10327,solar,2030,71,7,7,-0.10949581608267958
10328,solar,2030,71,8,8,-0.10949581608267958
10329,solar,2030,71,9,9,-0.10949581608267958
10330,solar,2030,71,10,10,-0.10949581608267958
10331,solar,2030,71,11,11,-0.10949581608267958
10332,solar,2030,71,12,12,-0.10949581608267958
10333,solar,2030,71,13,13,-0.10949581608267958
10334,solar,2030,71,14,14,-0.10949581608267958
10335,solar,2030,71,15,15,-0.10949581608267958
10336,solar,2030,71,16,16,-0.10949581608267958
10337,solar,2030,71,17,17,-0.10949581608267958
10338,solar,2030,71,18,18,-0.10949581608267958
10339,solar,2030,71,19,19,-0.10949581608267958
10340,solar,2030,71,20,20,-0.10949581608267958
10341,solar,2030,71,21,21,-0.10949581608267958
10342,solar,2030,71,22,22,-0.10949581608267958
10343,solar,2030,71,23,23,-0.10949581608267958
10344,solar,2030,71,24,24,-0.10949581608267958
10345,solar,2030,72,1,1,-0.09643872095752569
10346,solar,2030,72,2,2,-0.09643872095752569
10347,solar,2030,72,3,3,-0.09643872095752569
10348,solar,2030,72,4,4,-0.09643872095752569
10349,solar,2030,72,5,5,-0.09643872095752569
10350,solar,2030,72,6,6,-0.09643872095752569
10351,solar,2030,72,7,7,-0.09643872095752569
10352,solar,2030,72,8,8,-0.09643872095752569
10353,solar,2030,72,9,9,-0.09643872095752569
10354,solar,2030,72,10,10,-0.09643872095752569
10355,solar,2030,72,11,11,-0.09643872095752569
10356,solar,2030,72,12,12,-0.09643872095752569
10357,solar,2030,72,13,13,-0.09643872095752569
10358,solar,2030,72,14,14,-0.09643872095752569
10359,solar,2030,72,15,15,-0.09643872095752569
10360,solar,2030,72,16,16,-0.09643872095752569
10361,solar,2030,72,17,17,-0.09643872095752569
10362,solar,2030,72,18,18,-0.09643872095752569
10363,solar,2030,72,19,19,-0.09643872095752569
10364,solar,2030,72,20,20,-0.09643872095752569
10365,solar,2030,72,21,21,-0.09643872095752569
10366,solar,2030,72,22,22,-0.09643872095752569
10367,solar,2030,72,23,23,-0.09643872095752569
10368,solar,2030,72,24,24,-0.09643872095752569
10369,solar,2030,73,1,1,-0.09368515474654504
10370,solar,2030,73,2,2,-0.09368515474654504
10371,solar,2030,73,3,3,-0.09368515474654504
10372,solar,2030,73,4,4,-0.09368515474654504
10373,solar,2030,73,5,5,-0.09368515474654504
10374,solar,2030,73,6,6,-0.09368515474654504
10375,solar,2030,73,7,7,-0.09368515474654504
10376,solar,2030,73,8,8,-0.09368515474654504
10377,solar,2030,73,9,9,-0.09368515474654504
10378,solar,2030,73,10,10,-0.09368515474654504
10379,solar,2030,73,11,11,-0.09368515474654504
10380,solar,2030,73,12,12,-0.09368515474654504
10381,solar,2030,73,13,13,-0.09368515474654504
10382,solar,2030,73,14,14,-0.09368515474654504
10383,solar,2030,73,15,15,-0.09368515474654504
10384,solar,2030,73,16,16,-0.09368515474654504
10385,solar,2030,73,17,17,-0.09368515474654504
10386,solar,2030,73,18,18,-0.09368515474654504
10387,solar,2030,73,19,19,-0.09368515474654504
10388,solar,2030,73,20,20,-0.09368515474654504
10389,solar,2030,73,21,21,-0.09368515474654504
10390,solar,2030,73,22,22,-0.09368515474654504
10391,solar,2030,73,23,23,-0.09368515474654504
10392,solar,2030,73,24,24,-0.09368515474654504
10393,solar,2030,74,1,1,-0.02643692001381195
10394,solar,2030,74,2,2,-0.02643692001381195
10395,solar,2030,74,3,3,-0.02643692001381195
10396,solar,2030,74,4,4,-0.02643692001381195
10397,solar,2030,74,5,5,-0.02643692001381195
10398,solar,2030,74,6,6,-0.02643692001381195
10399,solar,2030,74,7,7,-0.02643692001381195
10400,solar,2030,74,8,8,-0.02643692001381195
10401,solar,2030,74,9,9,-0.02643692001381195
10402,solar,2030,74,10,10,-0.02643692001381195
10403,solar,2030,74,11,11,-0.02643692001381195
10404,solar,2030,74,12,12,-0.02643692001381195
10405,solar,2030,74,13,13,-0.02643692001381195
10406,solar,2030,74,14,14,-0.02643692001381195
10407,solar,2030,74,15,15,-0.02643692001381195
10408,solar,2030,74,16,16,-0.02643692001381195
10409,solar,2030,74,17,17,-0.02643692001381195
10410,solar,2030,74,18,18,-0.02643692001381195
10411,solar,2030,74,19,19,-0.02643692001381195
10412,solar,2030,74,20,20,-0.02643692001381195
10413,solar,2030,74,21,21,-0.02643692001381195
10414,solar,2030,74,22,22,-0.02643692001381195
10415,solar,2030,74,23,23,-0.02643692001381195
10416,solar,2030,74,24,24,-0.02643692001381195
10417,solar,2030,75,1,1,-0.46815443197364115
10418,solar,2030,75,2,2,-0.46815443197364115
10419,solar,2030,75,3,3,-0.46815443197364115
10420,solar,2030,75,4,4,-0.46815443197364115
10421,solar,2030,75,5,5,-0.46815443197364115
10422,solar,2030,75,6,6,-0.46815443197364115
10423,solar,2030,75,7,7,-0.46815443197364115
10424,solar,2030,75,8,8,-0.46815443197364115
10425,solar,2030,75,9,9,-0.46815443197364115
10426,solar,2030,75,10,10,-0.46815443197364115
10427,solar,2030,75,11,11,-0.46815443197364115
10428,solar,2030,75,12,12,-0.46815443197364115
10429,solar,2030,75,13,13,-0.46815443197364115
10430,solar,2030,75,14,14,-0.46815443197364115
10431,solar,2030,75,15,15,-0.46815443197364115
10432,solar,2030,75,16,16,-0.46815443197364115
10433,solar,2030,75,17,17,-0.46815443197364115
10434,solar,2030,75,18,18,-0.46815443197364115
10435,solar,2030,75,19,19,-0.46815443197364115
10436,solar,2030,75,20,20,-0.46815443197364115
10437,solar,2030,75,21,21,-0.46815443197364115
10438,solar,2030,75,22,22,-0.46815443197364115
10439,solar,2030,75,23,23,-0.46815443197364115
10440,solar,2030,75,24,24,-0.46815443197364115
10441,solar,2030,76,1,1,-0.41291212776675473
10442,solar,2030,76,2,2,-0.41291212776675473
10443,solar,2030,76,3,3,-0.41291212776675473
10444,solar,2030,76,4,4,-0.41291212776675473
10445,solar,2030,76,5,5,-0.41291212776675473
10446,solar,2030,76,6,6,-0.41291212776675473
10447,solar,2030,76,7,7,-0.41291212776675473
10448,solar,2030,76,8,8,-0.41291212776675473
10449,solar,2030,76,9,9,-0.41291212776675473
10450,solar,2030,76,10,10,-0.41291212776675473
10451,solar,2030,76,11,11,-0.41291212776675473
10452,solar,2030,76,12,12,-0.41291212776675473
10453,solar,2030,76,13,13,-0.41291212776675473
10454,solar,2030,76,14,14,-0.41291212776675473
10455,solar,2030,76,15,15,-0.41291212776675473
10456,solar,2030,76,16,16,-0.41291212776675473
10457,solar,2030,76,17,17,-0.41291212776675473
10458,solar,2030,76,18,18,-0.41291212776675473
10459,solar,2030,76,19,19,-0.41291212776675473
10460,solar,2030,76,20,20,-0.41291212776675473
10461,solar,2030,76,21,21,-0.41291212776675473
10462,solar,2030,76,22,22,-0.41291212776675473
10463,solar,2030,76,23,23,-0.41291212776675473
10464,solar,2030,76,24,24,-0.41291212776675473
10465,solar,2030,77,1,1,-0.025704825723343535
10466,solar,2030,77,2,2,-0.025704825723343535
10467,solar,2030,77,3,3,-0.025704825723343535
10468,solar,2030,77,4,4,-0.025704825723343535
10469,solar,2030,77,5,5,-0.025704825723343535
10470,solar,2030,77,6,6,-0.025704825723343535
10471,solar,2030,77,7,7,-0.025704825723343535
10472,solar,2030,77,8,8,-0.025704825723343535
10473,solar,2030,77,9,9,-0.025704825723343535
10474,solar,2030,77,10,10,-0.025704825723343535
10475,solar,2030,77,11,11,-0.025704825723343535
10476,solar,2030,77,12,12,-0.025704825723343535
10477,solar,2030,77,13,13,-0.025704825723343535
10478,solar,2030,77,14,14,-0.025704825723343535
10479,solar,2030,77,15,15,-0.025704825723343535
10480,solar,2030,77,16,16,-0.025704825723343535
10481,solar,2030,77,17,17,-0.025704825723343535
10482,solar,2030,77,18,18,-0.025704825723343535
10483,solar,2030,77,19,19,-0.025704825723343535
10484,solar,2030,77,20,20,-0.025704825723343535
10485,solar,2030,77,21,21,-0.025704825723343535
10486,solar,2030,77,22,22,-0.025704825723343535
10487,solar,2030,77,23,23,-0.025704825723343535
10488,solar,2030,77,24,24,-0.025704825723343535
10489,solar,2030,78,1,1,-0.17915887732653726
10490,solar,2030,78,2,2,-0.17915887732653726
10491,solar,2030,78,3,3,-0.17915887732653726
10492,solar,2030,78,4,4,-0.17915887732653726
10493,solar,2030,78,5,5,-0.17915887732653726
10494,solar,2030,78,6,6,-0.17915887732653726
10495,solar,2030,78,7,7,-0.17915887732653726
10496,solar,2030,78,8,8,-0.17915887732653726
10497,solar,2030,78,9,9,-0.17915887732653726
10498,solar,2030,78,10,10,-0.17915887732653726
10499,solar,2030,78,11,11,-0.17915887732653726
10500,solar,2030,78,12,12,-0.17915887732653726
10501,solar,2030,78,13,13,-0.17915887732653726
10502,solar,2030,78,14,14,-0.17915887732653726
10503,solar,2030,78,15,15,-0.17915887732653726
10504,solar,2030,78,16,16,-0.17915887732653726
10505,solar,2030,78,17,17,-0.17915887732653726
10506,solar,2030,78,18,18,-0.17915887732653726
10507,solar,2030,78,19,19,-0.17915887732653726
10508,solar,2030,78,20,20,-0.17915887732653726
10509,solar,2030,78,21,21,-0.17915887732653726
10510,solar,2030,78,22,22,-0.17915887732653726
10511,solar,2030,78,23,23,-0.17915887732653726
10512,solar,2030,78,24,24,-0.17915887732653726
10513,solar,2030,79,1,1,-0.053564599997490185
10514,solar,2030,79,2,2,-0.053564599997490185
10515,solar,2030,79,3,3,-0.053564599997490185
10516,solar,2030,79,4,4,-0.053564599997490185
10517,solar,2030,79,5,5,-0.053564599997490185
10518,solar,2030,79,6,6,-0.053564599997490185
10519,solar,2030,79,7,7,-0.053564599997490185
10520,solar,2030,79,8,8,-0.07499043999648626
10521,solar,2030,79,9,9,-0.07499043999648626
10522,solar,2030,79,10,10,-0.07499043999648626
10523,solar,2030,79,11,11,-0.07499043999648626
10524,solar,2030,79,12,12,-0.07499043999648626
10525,solar,2030,79,13,13,-0.053564599997490185
10526,solar,2030,79,14,14,-0.053564599997490185
10527,solar,2030,79,15,15,-0.053564599997490185
10528,solar,2030,79,16,16,-0.053564599997490185
10529,solar,2030,79,17,17,-0.07499043999648626
10530,solar,2030,79,18,18,-0.07499043999648626
10531,solar,2030,79,19,19,-0.07499043999648626
10532,solar,2030,79,20,20,-0.07499043999648626
10533,solar,2030,79,21,21,-0.07499043999648626
10534,solar,2030,79,22,22,-0.07499043999648626
10535,solar,2030,79,23,23,-0.07499043999648626
10536,solar,2030,79,24,24,-0.053564599997490185
10537,solar,2030,80,1,1,-0.05241676849670987
10538,solar,2030,80,2,2,-0.05241676849670987
10539,solar,2030,80,3,3,-0.05241676849670987
10540,solar,2030,80,4,4,-0.05241676849670987
10541,solar,2030,80,5,5,-0.05241676849670987
10542,solar,2030,80,6,6,-0.05241676849670987
10543,solar,2030,80,7,7,-0.05241676849670987
10544,solar,2030,80,8,8,-0.05241676849670987
10545,solar,2030,80,9,9,-0.05241676849670987
10546,solar,2030,80,10,10,-0.05241676849670987
10547,solar,2030,80,11,11,-0.05241676849670987
10548,solar,2030,80,12,12,-0.05241676849670987
10549,solar,2030,80,13,13,-0.05241676849670987
10550,solar,2030,80,14,14,-0.05241676849670987
10551,solar,2030,80,15,15,-0.05241676849670987
10552,solar,2030,80,16,16,-0.05241676849670987
10553,solar,2030,80,17,17,-0.05241676849670987
10554,solar,2030,80,18,18,-0.05241676849670987
10555,solar,2030,80,19,19,-0.07338347589539382
10556,solar,2030,80,20,20,-0.07338347589539382
10557,solar,2030,80,21,21,-0.05241676849670987
10558,solar,2030,80,22,22,-0.05241676849670987
10559,solar,2030,80,23,23,-0.05241676849670987
10560,solar,2030,80,24,24,-0.05241676849670987
10561,solar,2030,81,1,1,-0.68464827715187
10562,solar,2030,81,2,2,-0.68464827715187
10563,solar,2030,81,3,3,-0.68464827715187
10564,solar,2030,81,4,4,-0.68464827715187
10565,solar,2030,81,5,5,-0.68464827715187
10566,solar,2030,81,6,6,-0.68464827715187
10567,solar,2030,81,7,7,-0.68464827715187
10568,solar,2030,81,8,8,-0.68464827715187
10569,solar,2030,81,9,9,-0.68464827715187
10570,solar,2030,81,10,10,-0.68464827715187
10571,solar,2030,81,11,11,-0.68464827715187
10572,solar,2030,81,12,12,-0.68464827715187
10573,solar,2030,81,13,13,-0.68464827715187
10574,solar,2030,81,14,14,-0.0273859310860748
10575,solar,2030,81,15,15,-0.0273859310860748
10576,solar,2030,81,16,16,-0.0273859310860748
10577,solar,2030,81,17,17,-0.68464827715187
10578,solar,2030,81,18,18,-0.68464827715187
10579,solar,2030,81,19,19,-0.68464827715187
10580,solar,2030,81,20,20,-0.68464827715187
10581,solar,2030,81,21,21,-0.68464827715187
10582,solar,2030,81,22,22,-0.68464827715187
10583,solar,2030,81,23,23,-0.68464827715187
10584,solar,2030,81,24,24,-0.68464827715187
10585,solar,2030,82,1,1,-0.31991146283257554
10586,solar,2030,82,2,2,-0.31991146283257554
10587,solar,2030,82,3,3,-0.31991146283257554
10588,solar,2030,82,4,4,-0.31991146283257554
10589,solar,2030,82,5,5,-0.31991146283257554
10590,solar,2030,82,6,6,-0.31991146283257554
10591,solar,2030,82,7,7,-0.31991146283257554
10592,solar,2030,82,8,8,-0.31991146283257554
10593,solar,2030,82,9,9,-0.31991146283257554
10594,solar,2030,82,10,10,-0.31991146283257554
10595,solar,2030,82,11,11,-0.31991146283257554
10596,solar,2030,82,12,12,-0.31991146283257554
10597,solar,2030,82,13,13,-0.31991146283257554
10598,solar,2030,82,14,14,-0.31991146283257554
10599,solar,2030,82,15,15,-0.31991146283257554
10600,solar,2030,82,16,16,-0.31991146283257554
10601,solar,2030,82,17,17,-0.31991146283257554
10602,solar,2030,82,18,18,-0.31991146283257554
10603,solar,2030,82,19,19,-0.31991146283257554
10604,solar,2030,82,20,20,-0.31991146283257554
10605,solar,2030,82,21,21,-0.31991146283257554
10606,solar,2030,82,22,22,-0.31991146283257554
10607,solar,2030,82,23,23,-0.31991146283257554
10608,solar,2030,82,24,24,-0.31991146283257554
10609,solar,2030,83,1,1,-0.04991295579255115
10610,solar,2030,83,2,2,-0.04991295579255115
10611,solar,2030,83,3,3,-0.04991295579255115
10612,solar,2030,83,4,4,-0.04991295579255115
10613,solar,2030,83,5,5,-0.04991295579255115
10614,solar,2030,83,6,6,-0.04991295579255115
10615,solar,2030,83,7,7,-0.04991295579255115
10616,solar,2030,83,8,8,-0.04991295579255115
10617,solar,2030,83,9,9,-0.04991295579255115
10618,solar,2030,83,10,10,-0.04991295579255115
10619,solar,2030,83,11,11,-0.04991295579255115
10620,solar,2030,83,12,12,-0.04991295579255115
10621,solar,2030,83,13,13,-0.04991295579255115
10622,solar,2030,83,14,14,-0.04991295579255115
10623,solar,2030,83,15,15,-0.04991295579255115
10624,solar,2030,83,16,16,-0.04991295579255115
10625,solar,2030,83,17,17,-0.04991295579255115
10626,solar,2030,83,18,18,-0.04991295579255115
10627,solar,2030,83,19,19,-0.04991295579255115
10628,solar,2030,83,20,20,-0.04991295579255115
10629,solar,2030,83,21,21,-0.04991295579255115
10630,solar,2030,83,22,22,-0.04991295579255115
10631,solar,2030,83,23,23,-0.04991295579255115
10632,solar,2030,83,24,24,-0.04991295579255115
10633,solar,2030,84,1,1,-0.3130496874813456
10634,solar,2030,84,2,2,-0.3130496874813456
10635,solar,2030,84,3,3,-0.3130496874813456
10636,solar,2030,84,4,4,-0.3130496874813456
10637,solar,2030,84,5,5,-0.3130496874813456
10638,solar,2030,84,6,6,-0.3130496874813456
10639,solar,2030,84,7,7,-0.3130496874813456
10640,solar,2030,84,8,8,-0.3130496874813456
10641,solar,2030,84,9,9,-0.3130496874813456
10642,solar,2030,84,10,10,-0.3130496874813456
10643,solar,2030,84,11,11,-0.3130496874813456
10644,solar,2030,84,12,12,-0.3130496874813456
10645,solar,2030,84,13,13,-0.3130496874813456
10646,solar,2030,84,14,14,-0.3130496874813456
10647,solar,2030,84,15,15,-0.3130496874813456
10648,solar,2030,84,16,16,-0.3130496874813456
10649,solar,2030,84,17,17,-0.3130496874813456
10650,solar,2030,84,18,18,-0.3130496874813456
10651,solar,2030,84,19,19,-0.3130496874813456
10652,solar,2030,84,20,20,-0.3130496874813456
10653,solar,2030,84,21,21,-0.3130496874813456
10654,solar,2030,84,22,22,-0.3130496874813456
10655,solar,2030,84,23,23,-0.3130496874813456
10656,solar,2030,84,24,24,-0.3130496874813456
10657,solar,2030,85,1,1,-0.6609018930348776
10658,solar,2030,85,2,2,-0.6609018930348776
10659,solar,2030,85,3,3,-0.6609018930348776
10660,solar,2030,85,4,4,-0.6609018930348776
10661,solar,2030,85,5,5,-0.6609018930348776
10662,solar,2030,85,6,6,-0.6609018930348776
10663,solar,2030,85,7,7,-0.6609018930348776
10664,solar,2030,85,8,8,-0.6609018930348776
10665,solar,2030,85,9,9,-0.6609018930348776
10666,solar,2030,85,10,10,-0.6609018930348776
10667,solar,2030,85,11,11,-0.6609018930348776
10668,solar,2030,85,12,12,-0.6609018930348776
10669,solar,2030,85,13,13,-0.026436075721395103
10670,solar,2030,85,14,14,-0.026436075721395103
10671,solar,2030,85,15,15,-0.026436075721395103
10672,solar,2030,85,16,16,-0.026436075721395103
10673,solar,2030,85,17,17,-0.6609018930348776
10674,solar,2030,85,18,18,-0.6609018930348776
10675,solar,2030,85,19,19,-0.6609018930348776
10676,solar,2030,85,20,20,-0.6609018930348776
10677,solar,2030,85,21,21,-0.6609018930348776
10678,solar,2030,85,22,22,-0.6609018930348776
10679,solar,2030,85,23,23,-0.6609018930348776
10680,solar,2030,85,24,24,-0.6609018930348776
10681,solar,2030,86,1,1,-0.11924959008203105
10682,solar,2030,86,2,2,-0.11924959008203105
10683,solar,2030,86,3,3,-0.11924959008203105
10684,solar,2030,86,4,4,-0.11924959008203105
10685,solar,2030,86,5,5,-0.11924959008203105
10686,solar,2030,86,6,6,-0.11924959008203105
10687,solar,2030,86,7,7,-0.11924959008203105
10688,solar,2030,86,8,8,-0.11924959008203105
10689,solar,2030,86,9,9,-0.11924959008203105
10690,solar,2030,86,10,10,-0.11924959008203105
10691,solar,2030,86,11,11,-0.11924959008203105
10692,solar,2030,86,12,12,-0.11924959008203105
10693,solar,2030,86,13,13,-0.11924959008203105
10694,solar,2030,86,14,14,-0.11924959008203105
10695,solar,2030,86,15,15,-0.11924959008203105
10696,solar,2030,86,16,16,-0.11924959008203105
10697,solar,2030,86,17,17,-0.11924959008203105
10698,solar,2030,86,18,18,-0.11924959008203105
10699,solar,2030,86,19,19,-0.11924959008203105
10700,solar,2030,86,20,20,-0.11924959008203105
10701,solar,2030,86,21,21,-0.11924959008203105
10702,solar,2030,86,22,22,-0.11924959008203105
10703,solar,2030,86,23,23,-0.11924959008203105
10704,solar,2030,86,24,24,-0.11924959008203105
10705,solar,2030,87,1,1,-1.0515605119570741
10706,solar,2030,87,2,2,-1.0515605119570741
10707,solar,2030,87,3,3,-1.0515605119570741
10708,solar,2030,87,4,4,-1.0515605119570741
10709,solar,2030,87,5,5,-1.0515605119570741
10710,solar,2030,87,6,6,-1.0515605119570741
10711,solar,2030,87,7,7,-1.0515605119570741
10712,solar,2030,87,8,8,-1.0515605119570741
10713,solar,2030,87,9,9,-1.0515605119570741
10714,solar,2030,87,10,10,-1.0515605119570741
10715,solar,2030,87,11,11,-1.0515605119570741
10716,solar,2030,87,12,12,-1.0515605119570741
10717,solar,2030,87,13,13,-1.0515605119570741
10718,solar,2030,87,14,14,-1.0515605119570741
10719,solar,2030,87,15,15,-1.0515605119570741
10720,solar,2030,87,16,16,-1.0515605119570741
10721,solar,2030,87,17,17,-1.0515605119570741
10722,solar,2030,87,18,18,-1.0515605119570741
10723,solar,2030,87,19,19,-1.0515605119570741
10724,solar,2030,87,20,20,-1.0515605119570741
10725,solar,2030,87,21,21,-1.0515605119570741
10726,solar,2030,87,22,22,-1.0515605119570741
10727,solar,2030,87,23,23,-1.0515605119570741
10728,solar,2030,87,24,24,-1.0515605119570741
10729,solar,2030,88,1,1,-0.31268736663856744
10730,solar,2030,88,2,2,-0.31268736663856744
10731,solar,2030,88,3,3,-0.31268736663856744
10732,solar,2030,88,4,4,-0.31268736663856744
10733,solar,2030,88,5,5,-0.31268736663856744
10734,solar,2030,88,6,6,-0.31268736663856744
10735,solar,2030,88,7,7,-0.31268736663856744
10736,solar,2030,88,8,8,-0.31268736663856744
10737,solar,2030,88,9,9,-0.31268736663856744
10738,solar,2030,88,10,10,-0.31268736663856744
10739,solar,2030,88,11,11,-0.31268736663856744
10740,solar,2030,88,12,12,-0.31268736663856744
10741,solar,2030,88,13,13,-0.31268736663856744
10742,solar,2030,88,14,14,-0.31268736663856744
10743,solar,2030,88,15,15,-0.31268736663856744
10744,solar,2030,88,16,16,-0.31268736663856744
10745,solar,2030,88,17,17,-0.31268736663856744
10746,solar,2030,88,18,18,-0.31268736663856744
10747,solar,2030,88,19,19,-0.31268736663856744
10748,solar,2030,88,20,20,-0.31268736663856744
10749,solar,2030,88,21,21,-0.31268736663856744
10750,solar,2030,88,22,22,-0.31268736663856744
10751,solar,2030,88,23,23,-0.31268736663856744
10752,solar,2030,88,24,24,-0.31268736663856744
10753,solar,2030,89,1,1,-0.07500000000000001
10754,solar,2030,89,2,2,-0.07500000000000001
10755,solar,2030,89,3,3,-0.07500000000000001
10756,solar,2030,89,4,4,-0.07500000000000001
10757,solar,2030,89,5,5,-0.07500000000000001
10758,solar,2030,89,6,6,-0.07500000000000001
10759,solar,2030,89,7,7,-0.07500000000000001
10760,solar,2030,89,8,8,-0.07500000000000001
10761,solar,2030,89,9,9,-0.07500000000000001
10762,solar,2030,89,10,10,-0.07500000000000001
10763,solar,2030,89,11,11,-0.07500000000000001
10764,solar,2030,89,12,12,-0.07500000000000001
10765,solar,2030,89,13,13,-0.07500000000000001
10766,solar,2030,89,14,14,-0.07500000000000001
10767,solar,2030,89,15,15,-0.07500000000000001
10768,solar,2030,89,16,16,-0.07500000000000001
10769,solar,2030,89,17,17,-0.07500000000000001
10770,solar,2030,89,18,18,-0.07500000000000001
10771,solar,2030,89,19,19,-0.07500000000000001
10772,solar,2030,89,20,20,-0.07500000000000001
10773,solar,2030,89,21,21,-0.07500000000000001
10774,solar,2030,89,22,22,-0.07500000000000001
10775,solar,2030,89,23,23,-0.07500000000000001
10776,solar,2030,89,24,24,-0.07500000000000001
10777,solar,2030,90,1,1,-0.06895233723270827
10778,solar,2030,90,2,2,-0.06895233723270827
10779,solar,2030,90,3,3,-0.06895233723270827
10780,solar,2030,90,4,4,-0.06895233723270827
10781,solar,2030,90,5,5,-0.06895233723270827
10782,solar,2030,90,6,6,-0.06895233723270827
10783,solar,2030,90,7,7,-0.06895233723270827
10784,solar,2030,90,8,8,-0.06895233723270827
10785,solar,2030,90,9,9,-0.06895233723270827
10786,solar,2030,90,10,10,-0.06895233723270827
10787,solar,2030,90,11,11,-0.06895233723270827
10788,solar,2030,90,12,12,-0.06895233723270827
10789,solar,2030,90,13,13,-0.06895233723270827
10790,solar,2030,90,14,14,-0.06895233723270827
10791,solar,2030,90,15,15,-0.06895233723270827
10792,solar,2030,90,16,16,-0.06895233723270827
10793,solar,2030,90,17,17,-0.06895233723270827
10794,solar,2030,90,18,18,-0.06895233723270827
10795,solar,2030,90,19,19,-0.06895233723270827
10796,solar,2030,90,20,20,-0.06895233723270827
10797,solar,2030,90,21,21,-0.06895233723270827
10798,solar,2030,90,22,22,-0.06895233723270827
10799,solar,2030,90,23,23,-0.06895233723270827
10800,solar,2030,90,24,24,-0.06895233723270827
10801,solar,2030,91,1,1,-0.057996603210912434
10802,solar,2030,91,2,2,-0.057996603210912434
10803,solar,2030,91,3,3,-0.057996603210912434
10804,solar,2030,91,4,4,-0.057996603210912434
10805,solar,2030,91,5,5,-0.057996603210912434
10806,solar,2030,91,6,6,-0.057996603210912434
10807,solar,2030,91,7,7,-0.057996603210912434
10808,solar,2030,91,8,8,-0.057996603210912434
10809,solar,2030,91,9,9,-0.057996603210912434
10810,solar,2030,91,10,10,-0.057996603210912434
10811,solar,2030,91,11,11,-0.057996603210912434
10812,solar,2030,91,12,12,-0.057996603210912434
10813,solar,2030,91,13,13,-0.057996603210912434
10814,solar,2030,91,14,14,-0.057996603210912434
10815,solar,2030,91,15,15,-0.057996603210912434
10816,solar,2030,91,16,16,-0.057996603210912434
10817,solar,2030,91,17,17,-0.057996603210912434
10818,solar,2030,91,18,18,-0.057996603210912434
10819,solar,2030,91,19,19,-0.08119524449527742
10820,solar,2030,91,20,20,-0.08119524449527742
10821,solar,2030,91,21,21,-0.08119524449527742
10822,solar,2030,91,22,22,-0.08119524449527742
10823,solar,2030,91,23,23,-0.057996603210912434
10824,solar,2030,91,24,24,-0.057996603210912434
10825,solar,2030,92,1,1,-0.16315048161694973
10826,solar,2030,92,2,2,-0.16315048161694973
10827,solar,2030,92,3,3,-0.16315048161694973
10828,solar,2030,92,4,4,-0.16315048161694973
10829,solar,2030,92,5,5,-0.16315048161694973
10830,solar,2030,92,6,6,-0.16315048161694973
10831,solar,2030,92,7,7,-0.16315048161694973
10832,solar,2030,92,8,8,-0.16315048161694973
10833,solar,2030,92,9,9,-0.16315048161694973
10834,solar,2030,92,10,10,-0.16315048161694973
10835,solar,2030,92,11,11,-0.16315048161694973
10836,solar,2030,92,12,12,-0.16315048161694973
10837,solar,2030,92,13,13,-0.16315048161694973
10838,solar,2030,92,14,14,-0.16315048161694973
10839,solar,2030,92,15,15,-0.16315048161694973
10840,solar,2030,92,16,16,-0.16315048161694973
10841,solar,2030,92,17,17,-0.16315048161694973
10842,solar,2030,92,18,18,-0.16315048161694973
10843,solar,2030,92,19,19,-0.16315048161694973
10844,solar,2030,92,20,20,-0.16315048161694973
10845,solar,2030,92,21,21,-0.16315048161694973
10846,solar,2030,92,22,22,-0.16315048161694973
10847,solar,2030,92,23,23,-0.16315048161694973
10848,solar,2030,92,24,24,-0.16315048161694973
10849,solar,2030,93,1,1,-0.027592313422444593
10850,solar,2030,93,2,2,-0.027592313422444593
10851,solar,2030,93,3,3,-0.027592313422444593
10852,solar,2030,93,4,4,-0.027592313422444593
10853,solar,2030,93,5,5,-0.027592313422444593
10854,solar,2030,93,6,6,-0.027592313422444593
10855,solar,2030,93,7,7,-0.027592313422444593
10856,solar,2030,93,8,8,-0.027592313422444593
10857,solar,2030,93,9,9,-0.027592313422444593
10858,solar,2030,93,10,10,-0.027592313422444593
10859,solar,2030,93,11,11,-0.027592313422444593
10860,solar,2030,93,12,12,-0.027592313422444593
10861,solar,2030,93,13,13,-0.027592313422444593
10862,solar,2030,93,14,14,-0.027592313422444593
10863,solar,2030,93,15,15,-0.027592313422444593
10864,solar,2030,93,16,16,-0.027592313422444593
10865,solar,2030,93,17,17,-0.027592313422444593
10866,solar,2030,93,18,18,-0.027592313422444593
10867,solar,2030,93,19,19,-0.027592313422444593
10868,solar,2030,93,20,20,-0.027592313422444593
10869,solar,2030,93,21,21,-0.027592313422444593
10870,solar,2030,93,22,22,-0.027592313422444593
10871,solar,2030,93,23,23,-0.027592313422444593
10872,solar,2030,93,24,24,-0.027592313422444593
10873,solar,2030,94,1,1,-0.0790926950692512
10874,solar,2030,94,2,2,-0.0790926950692512
10875,solar,2030,94,3,3,-0.0790926950692512
10876,solar,2030,94,4,4,-0.0790926950692512
10877,solar,2030,94,5,5,-0.0790926950692512
10878,solar,2030,94,6,6,-0.0790926950692512
10879,solar,2030,94,7,7,-0.0790926950692512
10880,solar,2030,94,8,8,-0.0790926950692512
10881,solar,2030,94,9,9,-0.0790926950692512
10882,solar,2030,94,10,10,-0.0790926950692512
10883,solar,2030,94,11,11,-0.0790926950692512
10884,solar,2030,94,12,12,-0.0790926950692512
10885,solar,2030,94,13,13,-0.0790926950692512
10886,solar,2030,94,14,14,-0.0790926950692512
10887,solar,2030,94,15,15,-0.0790926950692512
10888,solar,2030,94,16,16,-0.0790926950692512
10889,solar,2030,94,17,17,-0.11072977309695169
10890,solar,2030,94,18,18,-0.11072977309695169
10891,solar,2030,94,19,19,-0.11072977309695169
10892,solar,2030,94,20,20,-0.11072977309695169
10893,solar,2030,94,21,21,-0.11072977309695169
10894,solar,2030,94,22,22,-0.11072977309695169
10895,solar,2030,94,23,23,-0.11072977309695169
10896,solar,2030,94,24,24,-0.0790926950692512
10897,solar,2030,95,1,1,-0.17059053389720552
10898,solar,2030,95,2,2,-0.17059053389720552
10899,solar,2030,95,3,3,-0.17059053389720552
10900,solar,2030,95,4,4,-0.17059053389720552
10901,solar,2030,95,5,5,-0.17059053389720552
10902,solar,2030,95,6,6,-0.17059053389720552
10903,solar,2030,95,7,7,-0.17059053389720552
10904,solar,2030,95,8,8,-0.17059053389720552
10905,solar,2030,95,9,9,-0.17059053389720552
10906,solar,2030,95,10,10,-0.17059053389720552
10907,solar,2030,95,11,11,-0.17059053389720552
10908,solar,2030,95,12,12,-0.17059053389720552
10909,solar,2030,95,13,13,-0.17059053389720552
10910,solar,2030,95,14,14,-0.17059053389720552
10911,solar,2030,95,15,15,-0.17059053389720552
10912,solar,2030,95,16,16,-0.17059053389720552
10913,solar,2030,95,17,17,-0.17059053389720552
10914,solar,2030,95,18,18,-0.17059053389720552
10915,solar,2030,95,19,19,-0.17059053389720552
10916,solar,2030,95,20,20,-0.17059053389720552
10917,solar,2030,95,21,21,-0.17059053389720552
10918,solar,2030,95,22,22,-0.17059053389720552
10919,solar,2030,95,23,23,-0.17059053389720552
10920,solar,2030,95,24,24,-0.17059053389720552
10921,solar,2030,96,1,1,-0.07380370766387627
10922,solar,2030,96,2,2,-0.07380370766387627
10923,solar,2030,96,3,3,-0.07380370766387627
10924,solar,2030,96,4,4,-0.07380370766387627
10925,solar,2030,96,5,5,-0.07380370766387627
10926,solar,2030,96,6,6,-0.07380370766387627
10927,solar,2030,96,7,7,-0.07380370766387627
10928,solar,2030,96,8,8,-0.07380370766387627
10929,solar,2030,96,9,9,-0.07380370766387627
10930,solar,2030,96,10,10,-0.07380370766387627
10931,solar,2030,96,11,11,-0.07380370766387627
10932,solar,2030,96,12,12,-0.07380370766387627
10933,solar,2030,96,13,13,-0.07380370766387627
10934,solar,2030,96,14,14,-0.07380370766387627
10935,solar,2030,96,15,15,-0.07380370766387627
10936,solar,2030,96,16,16,-0.07380370766387627
10937,solar,2030,96,17,17,-0.07380370766387627
10938,solar,2030,96,18,18,-0.07380370766387627
10939,solar,2030,96,19,19,-0.07380370766387627
10940,solar,2030,96,20,20,-0.07380370766387627
10941,solar,2030,96,21,21,-0.07380370766387627
10942,solar,2030,96,22,22,-0.07380370766387627
10943,solar,2030,96,23,23,-0.07380370766387627
10944,solar,2030,96,24,24,-0.07380370766387627
10945,solar,2030,97,1,1,-0.025386899031339207
10946,solar,2030,97,2,2,-0.025386899031339207
10947,solar,2030,97,3,3,-0.025386899031339207
10948,solar,2030,97,4,4,-0.025386899031339207
10949,solar,2030,97,5,5,-0.025386899031339207
10950,solar,2030,97,6,6,-0.025386899031339207
10951,solar,2030,97,7,7,-0.025386899031339207
10952,solar,2030,97,8,8,-0.025386899031339207
10953,solar,2030,97,9,9,-0.025386899031339207
10954,solar,2030,97,10,10,-0.025386899031339207
10955,solar,2030,97,11,11,-0.025386899031339207
10956,solar,2030,97,12,12,-0.025386899031339207
10957,solar,2030,97,13,13,-0.025386899031339207
10958,solar,2030,97,14,14,-0.025386899031339207
10959,solar,2030,97,15,15,-0.025386899031339207
10960,solar,2030,97,16,16,-0.025386899031339207
10961,solar,2030,97,17,17,-0.025386899031339207
10962,solar,2030,97,18,18,-0.03554165864387489
10963,solar,2030,97,19,19,-0.03554165864387489
10964,solar,2030,97,20,20,-0.03554165864387489
10965,solar,2030,97,21,21,-0.03554165864387489
10966,solar,2030,97,22,22,-0.025386899031339207
10967,solar,2030,97,23,23,-0.025386899031339207
10968,solar,2030,97,24,24,-0.025386899031339207
10969,solar,2030,98,1,1,-0.23545480916462616
10970,solar,2030,98,2,2,-0.23545480916462616
10971,solar,2030,98,3,3,-0.23545480916462616
10972,solar,2030,98,4,4,-0.23545480916462616
10973,solar,2030,98,5,5,-0.23545480916462616
10974,solar,2030,98,6,6,-0.23545480916462616
10975,solar,2030,98,7,7,-0.23545480916462616
10976,solar,2030,98,8,8,-0.23545480916462616
10977,solar,2030,98,9,9,-0.23545480916462616
10978,solar,2030,98,10,10,-0.23545480916462616
10979,solar,2030,98,11,11,-0.23545480916462616
10980,solar,2030,98,12,12,-0.23545480916462616
10981,solar,2030,98,13,13,-0.23545480916462616
10982,solar,2030,98,14,14,-0.23545480916462616
10983,solar,2030,98,15,15,-0.23545480916462616
10984,solar,2030,98,16,16,-0.23545480916462616
10985,solar,2030,98,17,17,-0.23545480916462616
10986,solar,2030,98,18,18,-0.23545480916462616
10987,solar,2030,98,19,19,-0.23545480916462616
10988,solar,2030,98,20,20,-0.23545480916462616
10989,solar,2030,98,21,21,-0.23545480916462616
10990,solar,2030,98,22,22,-0.23545480916462616
10991,solar,2030,98,23,23,-0.23545480916462616
10992,solar,2030,98,24,24,-0.23545480916462616
10993,solar,2030,99,1,1,-0.07082009475254068
10994,solar,2030,99,2,2,-0.05058578196610049
10995,solar,2030,99,3,3,-0.05058578196610049
10996,solar,2030,99,4,4,-0.05058578196610049
10997,solar,2030,99,5,5,-0.05058578196610049
10998,solar,2030,99,6,6,-0.05058578196610049
10999,solar,2030,99,7,7,-0.07082009475254068
11000,solar,2030,99,8,8,-0.07082009475254068
11001,solar,2030,99,9,9,-0.07082009475254068
11002,solar,2030,99,10,10,-0.07082009475254068
11003,solar,2030,99,11,11,-0.07082009475254068
11004,solar,2030,99,12,12,-0.07082009475254068
11005,solar,2030,99,13,13,-0.07082009475254068
11006,solar,2030,99,14,14,-0.07082009475254068
11007,solar,2030,99,15,15,-0.07082009475254068
11008,solar,2030,99,16,16,-0.07082009475254068
11009,solar,2030,99,17,17,-0.07082009475254068
11010,solar,2030,99,18,18,-20.234312786440192
11011,solar,2030,99,19,19,-20.234312786440192
11012,solar,2030,99,20,20,-20.234312786440192
11013,solar,2030,99,21,21,-20.234312786440192
11014,solar,2030,99,22,22,-0.07082009475254068
11015,solar,2030,99,23,23,-0.07082009475254068
11016,solar,2030,99,24,24,-0.07082009475254068
11017,solar,2030,100,1,1,-0.256296233298373
11018,solar,2030,100,2,2,-0.256296233298373
11019,solar,2030,100,3,3,-0.256296233298373
11020,solar,2030,100,4,4,-0.256296233298373
11021,solar,2030,100,5,5,-0.256296233298373
11022,solar,2030,100,6,6,-0.256296233298373
11023,solar,2030,100,7,7,-0.256296233298373
11024,solar,2030,100,8,8,-0.256296233298373
11025,solar,2030,100,9,9,-0.256296233298373
11026,solar,2030,100,10,10,-0.256296233298373
11027,solar,2030,100,11,11,-0.256296233298373
11028,solar,2030,100,12,12,-0.22114080631928382
11029,solar,2030,100,13,13,-0.01025184933193492
11030,solar,2030,100,14,14,-0.01025184933193492
11031,solar,2030,100,15,15,-0.01025184933193492
11032,solar,2030,100,16,16,-0.256296233298373
11033,solar,2030,100,17,17,-0.256296233298373
11034,solar,2030,100,18,18,-0.256296233298373
11035,solar,2030,100,19,19,-0.256296233298373
11036,solar,2030,100,20,20,-0.256296233298373
11037,solar,2030,100,21,21,-0.256296233298373
11038,solar,2030,100,22,22,-0.256296233298373
11039,solar,2030,100,23,23,-0.256296233298373
11040,solar,2030,100,24,24,-0.256296233298373
11041,solar,2030,101,1,1,-0.14081928689281237
11042,solar,2030,101,2,2,-0.14081928689281237
11043,solar,2030,101,3,3,-0.14081928689281237
11044,solar,2030,101,4,4,-0.14081928689281237
11045,solar,2030,101,5,5,-0.14081928689281237
11046,solar,2030,101,6,6,-0.14081928689281237
11047,solar,2030,101,7,7,-0.14081928689281237
11048,solar,2030,101,8,8,-0.14081928689281237
11049,solar,2030,101,9,9,-0.14081928689281237
11050,solar,2030,101,10,10,-0.14081928689281237
11051,solar,2030,101,11,11,-0.14081928689281237
11052,solar,2030,101,12,12,-0.14081928689281237
11053,solar,2030,101,13,13,-0.14081928689281237
11054,solar,2030,101,14,14,-0.14081928689281237
11055,solar,2030,101,15,15,-0.14081928689281237
11056,solar,2030,101,16,16,-0.14081928689281237
11057,solar,2030,101,17,17,-0.14081928689281237
11058,solar,2030,101,18,18,-0.14081928689281237
11059,solar,2030,101,19,19,-0.14081928689281237
11060,solar,2030,101,20,20,-0.14081928689281237
11061,solar,2030,101,21,21,-0.14081928689281237
11062,solar,2030,101,22,22,-0.14081928689281237
11063,solar,2030,101,23,23,-0.14081928689281237
11064,solar,2030,101,24,24,-0.14081928689281237
11065,solar,2030,102,1,1,-0.17994280568379045
11066,solar,2030,102,2,2,-0.17994280568379045
11067,solar,2030,102,3,3,-0.17994280568379045
11068,solar,2030,102,4,4,-0.17994280568379045
11069,solar,2030,102,5,5,-0.17994280568379045
11070,solar,2030,102,6,6,-0.17994280568379045
11071,solar,2030,102,7,7,-0.17994280568379045
11072,solar,2030,102,8,8,-0.17994280568379045
11073,solar,2030,102,9,9,-0.17994280568379045
11074,solar,2030,102,10,10,-0.17994280568379045
11075,solar,2030,102,11,11,-0.17994280568379045
11076,solar,2030,102,12,12,-0.17994280568379045
11077,solar,2030,102,13,13,-0.17994280568379045
11078,solar,2030,102,14,14,-0.17994280568379045
11079,solar,2030,102,15,15,-0.17994280568379045
11080,solar,2030,102,16,16,-0.17994280568379045
11081,solar,2030,102,17,17,-0.17994280568379045
11082,solar,2030,102,18,18,-0.17994280568379045
11083,solar,2030,102,19,19,-0.17994280568379045
11084,solar,2030,102,20,20,-0.25191992795730667
11085,solar,2030,102,21,21,-0.25191992795730667
11086,solar,2030,102,22,22,-0.17994280568379045
11087,solar,2030,102,23,23,-0.17994280568379045
11088,solar,2030,102,24,24,-0.17994280568379045
11089,solar,2030,103,1,1,-0.12639270582571613
11090,solar,2030,103,2,2,-0.12639270582571613
11091,solar,2030,103,3,3,-0.12639270582571613
11092,solar,2030,103,4,4,-0.12639270582571613
11093,solar,2030,103,5,5,-0.12639270582571613
11094,solar,2030,103,6,6,-0.12639270582571613
11095,solar,2030,103,7,7,-0.17694978815600257
11096,solar,2030,103,8,8,-0.17694978815600257
11097,solar,2030,103,9,9,-0.12639270582571613
11098,solar,2030,103,10,10,-0.12639270582571613
11099,solar,2030,103,11,11,-0.12639270582571613
11100,solar,2030,103,12,12,-0.12639270582571613
11101,solar,2030,103,13,13,-0.12639270582571613
11102,solar,2030,103,14,14,-0.12639270582571613
11103,solar,2030,103,15,15,-0.12639270582571613
11104,solar,2030,103,16,16,-0.12639270582571613
11105,solar,2030,103,17,17,-0.12639270582571613
11106,solar,2030,103,18,18,-0.12639270582571613
11107,solar,2030,103,19,19,-0.12639270582571613
11108,solar,2030,103,20,20,-0.12639270582571613
11109,solar,2030,103,21,21,-0.12639270582571613
11110,solar,2030,103,22,22,-0.12639270582571613
11111,solar,2030,103,23,23,-0.12639270582571613
11112,solar,2030,103,24,24,-0.12639270582571613
11113,solar,2030,104,1,1,-0.07835301172672793
11114,solar,2030,104,2,2,-0.07835301172672793
11115,solar,2030,104,3,3,-0.07835301172672793
11116,solar,2030,104,4,4,-0.07835301172672793
11117,solar,2030,104,5,5,-0.07835301172672793
11118,solar,2030,104,6,6,-0.07835301172672793
11119,solar,2030,104,7,7,-0.07835301172672793
11120,solar,2030,104,8,8,-0.07835301172672793
11121,solar,2030,104,9,9,-0.07835301172672793
11122,solar,2030,104,10,10,-0.07835301172672793
11123,solar,2030,104,11,11,-0.07835301172672793
11124,solar,2030,104,12,12,-0.07835301172672793
11125,solar,2030,104,13,13,-0.07835301172672793
11126,solar,2030,104,14,14,-0.07835301172672793
11127,solar,2030,104,15,15,-0.07835301172672793
11128,solar,2030,104,16,16,-0.07835301172672793
11129,solar,2030,104,17,17,-0.07835301172672793
11130,solar,2030,104,18,18,-0.10969421641741911
11131,solar,2030,104,19,19,-0.10969421641741911
11132,solar,2030,104,20,20,-0.10969421641741911
11133,solar,2030,104,21,21,-0.10969421641741911
11134,solar,2030,104,22,22,-0.10969421641741911
11135,solar,2030,104,23,23,-0.10969421641741911
11136,solar,2030,104,24,24,-0.07835301172672793
11137,solar,2030,105,1,1,-0.05153968722021965
11138,solar,2030,105,2,2,-0.05153968722021965
11139,solar,2030,105,3,3,-0.05153968722021965
11140,solar,2030,105,4,4,-0.05153968722021965
11141,solar,2030,105,5,5,-0.05153968722021965
11142,solar,2030,105,6,6,-0.05153968722021965
11143,solar,2030,105,7,7,-0.05153968722021965
11144,solar,2030,105,8,8,-0.05153968722021965
11145,solar,2030,105,9,9,-0.05153968722021965
11146,solar,2030,105,10,10,-0.05153968722021965
11147,solar,2030,105,11,11,-0.05153968722021965
11148,solar,2030,105,12,12,-0.05153968722021965
11149,solar,2030,105,13,13,-0.05153968722021965
11150,solar,2030,105,14,14,-0.05153968722021965
11151,solar,2030,105,15,15,-0.05153968722021965
11152,solar,2030,105,16,16,-0.05153968722021965
11153,solar,2030,105,17,17,-0.05153968722021965
11154,solar,2030,105,18,18,-0.05153968722021965
11155,solar,2030,105,19,19,-0.05153968722021965
11156,solar,2030,105,20,20,-0.05153968722021965
11157,solar,2030,105,21,21,-0.05153968722021965
11158,solar,2030,105,22,22,-0.05153968722021965
11159,solar,2030,105,23,23,-0.05153968722021965
11160,solar,2030,105,24,24,-0.05153968722021965
11161,solar,2030,106,1,1,-0.1963566142047709
11162,solar,2030,106,2,2,-0.1963566142047709
11163,solar,2030,106,3,3,-0.1963566142047709
11164,solar,2030,106,4,4,-0.1963566142047709
11165,solar,2030,106,5,5,-0.1963566142047709
11166,solar,2030,106,6,6,-0.1963566142047709
11167,solar,2030,106,7,7,-0.1963566142047709
11168,solar,2030,106,8,8,-0.1963566142047709
11169,solar,2030,106,9,9,-0.1963566142047709
11170,solar,2030,106,10,10,-0.1963566142047709
11171,solar,2030,106,11,11,-0.1963566142047709
11172,solar,2030,106,12,12,-0.1963566142047709
11173,solar,2030,106,13,13,-0.1963566142047709
11174,solar,2030,106,14,14,-0.1963566142047709
11175,solar,2030,106,15,15,-0.1963566142047709
11176,solar,2030,106,16,16,-0.1963566142047709
11177,solar,2030,106,17,17,-0.1963566142047709
11178,solar,2030,106,18,18,-0.1963566142047709
11179,solar,2030,106,19,19,-0.1963566142047709
11180,solar,2030,106,20,20,-0.1963566142047709
11181,solar,2030,106,21,21,-0.1963566142047709
11182,solar,2030,106,22,22,-0.1963566142047709
11183,solar,2030,106,23,23,-0.1963566142047709
11184,solar,2030,106,24,24,-0.1963566142047709
11185,solar,2030,107,1,1,-0.07752339593004282
11186,solar,2030,107,2,2,-0.07752339593004282
11187,solar,2030,107,3,3,-0.07752339593004282
11188,solar,2030,107,4,4,-0.07752339593004282
11189,solar,2030,107,5,5,-0.07752339593004282
11190,solar,2030,107,6,6,-0.07752339593004282
11191,solar,2030,107,7,7,-0.07752339593004282
11192,solar,2030,107,8,8,-0.07752339593004282
11193,solar,2030,107,9,9,-0.07752339593004282
11194,solar,2030,107,10,10,-0.07752339593004282
11195,solar,2030,107,11,11,-0.07752339593004282
11196,solar,2030,107,12,12,-0.07752339593004282
11197,solar,2030,107,13,13,-0.07752339593004282
11198,solar,2030,107,14,14,-0.07752339593004282
11199,solar,2030,107,15,15,-0.07752339593004282
11200,solar,2030,107,16,16,-0.07752339593004282
11201,solar,2030,107,17,17,-0.07752339593004282
11202,solar,2030,107,18,18,-0.07752339593004282
11203,solar,2030,107,19,19,-0.07752339593004282
11204,solar,2030,107,20,20,-0.07752339593004282
11205,solar,2030,107,21,21,-0.07752339593004282
11206,solar,2030,107,22,22,-0.07752339593004282
11207,solar,2030,107,23,23,-0.07752339593004282
11208,solar,2030,107,24,24,-0.07752339593004282
11209,solar,2030,108,1,1,-0.14736611122768792
11210,solar,2030,108,2,2,-0.14736611122768792
11211,solar,2030,108,3,3,-0.14736611122768792
11212,solar,2030,108,4,4,-0.14736611122768792
11213,solar,2030,108,5,5,-0.14736611122768792
11214,solar,2030,108,6,6,-0.14736611122768792
11215,solar,2030,108,7,7,-0.14736611122768792
11216,solar,2030,108,8,8,-0.14736611122768792
11217,solar,2030,108,9,9,-0.14736611122768792
11218,solar,2030,108,10,10,-0.14736611122768792
11219,solar,2030,108,11,11,-0.14736611122768792
11220,solar,2030,108,12,12,-0.14736611122768792
11221,solar,2030,108,13,13,-0.14736611122768792
11222,solar,2030,108,14,14,-0.14736611122768792
11223,solar,2030,108,15,15,-0.14736611122768792
11224,solar,2030,108,16,16,-0.14736611122768792
11225,solar,2030,108,17,17,-0.14736611122768792
11226,solar,2030,108,18,18,-0.14736611122768792
11227,solar,2030,108,19,19,-0.14736611122768792
11228,solar,2030,108,20,20,-0.14736611122768792
11229,solar,2030,108,21,21,-0.14736611122768792
11230,solar,2030,108,22,22,-0.14736611122768792
11231,solar,2030,108,23,23,-0.14736611122768792
11232,solar,2030,108,24,24,-0.14736611122768792
11233,solar,2030,109,1,1,-0.5226359446377681
11234,solar,2030,109,2,2,-0.5226359446377681
11235,solar,2030,109,3,3,-0.5226359446377681
11236,solar,2030,109,4,4,-0.5226359446377681
11237,solar,2030,109,5,5,-0.5226359446377681
11238,solar,2030,109,6,6,-0.5226359446377681
11239,solar,2030,109,7,7,-0.5226359446377681
11240,solar,2030,109,8,8,-0.5226359446377681
11241,solar,2030,109,9,9,-0.5226359446377681
11242,solar,2030,109,10,10,-0.5226359446377681
11243,solar,2030,109,11,11,-0.5226359446377681
11244,solar,2030,109,12,12,-0.5226359446377681
11245,solar,2030,109,13,13,-0.5226359446377681
11246,solar,2030,109,14,14,-0.5226359446377681
11247,solar,2030,109,15,15,-0.5226359446377681
11248,solar,2030,109,16,16,-0.5226359446377681
11249,solar,2030,109,17,17,-0.5226359446377681
11250,solar,2030,109,18,18,-0.5226359446377681
11251,solar,2030,109,19,19,-0.5226359446377681
11252,solar,2030,109,20,20,-0.5226359446377681
11253,solar,2030,109,21,21,-0.5226359446377681
11254,solar,2030,109,22,22,-0.5226359446377681
11255,solar,2030,109,23,23,-0.5226359446377681
11256,solar,2030,109,24,24,-0.5226359446377681
11257,solar,2030,110,1,1,-0.24793161681910508
11258,solar,2030,110,2,2,-0.24793161681910508
11259,solar,2030,110,3,3,-0.24793161681910508
11260,solar,2030,110,4,4,-0.24793161681910508
11261,solar,2030,110,5,5,-0.24793161681910508
11262,solar,2030,110,6,6,-0.24793161681910508
11263,solar,2030,110,7,7,-0.24793161681910508
11264,solar,2030,110,8,8,-0.24793161681910508
11265,solar,2030,110,9,9,-0.24793161681910508
11266,solar,2030,110,10,10,-0.24793161681910508
11267,solar,2030,110,11,11,-0.24793161681910508
11268,solar,2030,110,12,12,-0.24793161681910508
11269,solar,2030,110,13,13,-0.24793161681910508
11270,solar,2030,110,14,14,-0.24793161681910508
11271,solar,2030,110,15,15,-0.24793161681910508
11272,solar,2030,110,16,16,-0.24793161681910508
11273,solar,2030,110,17,17,-0.24793161681910508
11274,solar,2030,110,18,18,-0.24793161681910508
11275,solar,2030,110,19,19,-0.24793161681910508
11276,solar,2030,110,20,20,-0.24793161681910508
11277,solar,2030,110,21,21,-0.24793161681910508
11278,solar,2030,110,22,22,-0.24793161681910508
11279,solar,2030,110,23,23,-0.24793161681910508
11280,solar,2030,110,24,24,-0.24793161681910508
11281,solar,2030,111,1,1,-0.12720176962638022
11282,solar,2030,111,2,2,-0.12720176962638022
11283,solar,2030,111,3,3,-0.12720176962638022
11284,solar,2030,111,4,4,-0.12720176962638022
11285,solar,2030,111,5,5,-0.12720176962638022
11286,solar,2030,111,6,6,-0.12720176962638022
11287,solar,2030,111,7,7,-0.12720176962638022
11288,solar,2030,111,8,8,-0.12720176962638022
11289,solar,2030,111,9,9,-0.12720176962638022
11290,solar,2030,111,10,10,-0.12720176962638022
11291,solar,2030,111,11,11,-0.12720176962638022
11292,solar,2030,111,12,12,-0.12720176962638022
11293,solar,2030,111,13,13,-0.12720176962638022
11294,solar,2030,111,14,14,-0.12720176962638022
11295,solar,2030,111,15,15,-0.12720176962638022
11296,solar,2030,111,16,16,-0.12720176962638022
11297,solar,2030,111,17,17,-0.12720176962638022
11298,solar,2030,111,18,18,-0.12720176962638022
11299,solar,2030,111,19,19,-0.17808247747693232
11300,solar,2030,111,20,20,-0.17808247747693232
11301,solar,2030,111,21,21,-0.17808247747693232
11302,solar,2030,111,22,22,-0.12720176962638022
11303,solar,2030,111,23,23,-0.12720176962638022
11304,solar,2030,111,24,24,-0.12720176962638022
11305,solar,2030,112,1,1,-0.4414877893407487
11306,solar,2030,112,2,2,-0.4414877893407487
11307,solar,2030,112,3,3,-0.4414877893407487
11308,solar,2030,112,4,4,-0.4414877893407487
11309,solar,2030,112,5,5,-0.4414877893407487
11310,solar,2030,112,6,6,-0.4414877893407487
11311,solar,2030,112,7,7,-0.4414877893407487
11312,solar,2030,112,8,8,-0.4414877893407487
11313,solar,2030,112,9,9,-0.4414877893407487
11314,solar,2030,112,10,10,-0.4414877893407487
11315,solar,2030,112,11,11,-0.4414877893407487
11316,solar,2030,112,12,12,-0.4414877893407487
11317,solar,2030,112,13,13,-0.4414877893407487
11318,solar,2030,112,14,14,-0.4414877893407487
11319,solar,2030,112,15,15,-0.4414877893407487
11320,solar,2030,112,16,16,-0.4414877893407487
11321,solar,2030,112,17,17,-0.4414877893407487
11322,solar,2030,112,18,18,-0.4414877893407487
11323,solar,2030,112,19,19,-0.4414877893407487
11324,solar,2030,112,20,20,-0.4414877893407487
11325,solar,2030,112,21,21,-0.4414877893407487
11326,solar,2030,112,22,22,-0.4414877893407487
11327,solar,2030,112,23,23,-0.4414877893407487
11328,solar,2030,112,24,24,-0.4414877893407487
11329,solar,2030,113,1,1,-0.047107250350078206
11330,solar,2030,113,2,2,-0.047107250350078206
11331,solar,2030,113,3,3,-0.047107250350078206
11332,solar,2030,113,4,4,-0.047107250350078206
11333,solar,2030,113,5,5,-0.047107250350078206
11334,solar,2030,113,6,6,-0.06595015049010948
11335,solar,2030,113,7,7,-0.06595015049010948
11336,solar,2030,113,8,8,-0.06595015049010948
11337,solar,2030,113,9,9,-0.06595015049010948
11338,solar,2030,113,10,10,-0.06595015049010948
11339,solar,2030,113,11,11,-0.06595015049010948
11340,solar,2030,113,12,12,-0.06595015049010948
11341,solar,2030,113,13,13,-0.06595015049010948
11342,solar,2030,113,14,14,-0.06595015049010948
11343,solar,2030,113,15,15,-0.06595015049010948
11344,solar,2030,113,16,16,-0.06595015049010948
11345,solar,2030,113,17,17,-0.06595015049010948
11346,solar,2030,113,18,18,-0.06595015049010948
11347,solar,2030,113,19,19,-18.84290014003128
11348,solar,2030,113,20,20,-3.8408433264165445
11349,solar,2030,113,21,21,-0.06595015049010948
11350,solar,2030,113,22,22,-0.06595015049010948
11351,solar,2030,113,23,23,-0.06595015049010948
11352,solar,2030,113,24,24,-0.06595015049010948
11353,solar,2030,114,1,1,-0.31542452084728523
11354,solar,2030,114,2,2,-0.31542452084728523
11355,solar,2030,114,3,3,-0.31542452084728523
11356,solar,2030,114,4,4,-0.31542452084728523
11357,solar,2030,114,5,5,-0.31542452084728523
11358,solar,2030,114,6,6,-0.31542452084728523
11359,solar,2030,114,7,7,-0.31542452084728523
11360,solar,2030,114,8,8,-0.31542452084728523
11361,solar,2030,114,9,9,-0.31542452084728523
11362,solar,2030,114,10,10,-0.31542452084728523
11363,solar,2030,114,11,11,-0.31542452084728523
11364,solar,2030,114,12,12,-0.31542452084728523
11365,solar,2030,114,13,13,-0.31542452084728523
11366,solar,2030,114,14,14,-0.31542452084728523
11367,solar,2030,114,15,15,-0.31542452084728523
11368,solar,2030,114,16,16,-0.31542452084728523
11369,solar,2030,114,17,17,-0.31542452084728523
11370,solar,2030,114,18,18,-0.31542452084728523
11371,solar,2030,114,19,19,-0.31542452084728523
11372,solar,2030,114,20,20,-0.31542452084728523
11373,solar,2030,114,21,21,-0.31542452084728523
11374,solar,2030,114,22,22,-0.31542452084728523
11375,solar,2030,114,23,23,-0.31542452084728523
11376,solar,2030,114,24,24,-0.31542452084728523
11377,solar,2030,115,1,1,-0.0551547318867858
11378,solar,2030,115,2,2,-0.0551547318867858
11379,solar,2030,115,3,3,-0.0551547318867858
11380,solar,2030,115,4,4,-0.0551547318867858
11381,solar,2030,115,5,5,-0.0551547318867858
11382,solar,2030,115,6,6,-0.0551547318867858
11383,solar,2030,115,7,7,-0.0551547318867858
11384,solar,2030,115,8,8,-0.0551547318867858
11385,solar,2030,115,9,9,-0.0551547318867858
11386,solar,2030,115,10,10,-0.0551547318867858
11387,solar,2030,115,11,11,-0.0551547318867858
11388,solar,2030,115,12,12,-0.0551547318867858
11389,solar,2030,115,13,13,-0.0551547318867858
11390,solar,2030,115,14,14,-0.0551547318867858
11391,solar,2030,115,15,15,-0.0551547318867858
11392,solar,2030,115,16,16,-0.0551547318867858
11393,solar,2030,115,17,17,-0.0551547318867858
11394,solar,2030,115,18,18,-0.0551547318867858
11395,solar,2030,115,19,19,-0.0551547318867858
11396,solar,2030,115,20,20,-0.0551547318867858
11397,solar,2030,115,21,21,-0.0551547318867858
11398,solar,2030,115,22,22,-0.0551547318867858
11399,solar,2030,115,23,23,-0.0551547318867858
11400,solar,2030,115,24,24,-0.0551547318867858
11401,solar,2030,116,1,1,-0.25618341707854786
11402,solar,2030,116,2,2,-0.25618341707854786
11403,solar,2030,116,3,3,-0.25618341707854786
11404,solar,2030,116,4,4,-0.25618341707854786
11405,solar,2030,116,5,5,-0.25618341707854786
11406,solar,2030,116,6,6,-0.25618341707854786
11407,solar,2030,116,7,7,-0.25618341707854786
11408,solar,2030,116,8,8,-0.25618341707854786
11409,solar,2030,116,9,9,-0.25618341707854786
11410,solar,2030,116,10,10,-0.25618341707854786
11411,solar,2030,116,11,11,-0.25618341707854786
11412,solar,2030,116,12,12,-0.25618341707854786
11413,solar,2030,116,13,13,-0.25618341707854786
11414,solar,2030,116,14,14,-0.25618341707854786
11415,solar,2030,116,15,15,-0.25618341707854786
11416,solar,2030,116,16,16,-0.25618341707854786
11417,solar,2030,116,17,17,-0.358656783909967
11418,solar,2030,116,18,18,-0.358656783909967
11419,solar,2030,116,19,19,-0.358656783909967
11420,solar,2030,116,20,20,-0.358656783909967
11421,solar,2030,116,21,21,-0.358656783909967
11422,solar,2030,116,22,22,-0.358656783909967
11423,solar,2030,116,23,23,-0.358656783909967
11424,solar,2030,116,24,24,-0.358656783909967
11425,solar,2030,117,1,1,-0.13434529609652887
11426,solar,2030,117,2,2,-0.13434529609652887
11427,solar,2030,117,3,3,-0.13434529609652887
11428,solar,2030,117,4,4,-0.13434529609652887
11429,solar,2030,117,5,5,-0.13434529609652887
11430,solar,2030,117,6,6,-0.13434529609652887
11431,solar,2030,117,7,7,-0.13434529609652887
11432,solar,2030,117,8,8,-0.13434529609652887
11433,solar,2030,117,9,9,-0.13434529609652887
11434,solar,2030,117,10,10,-0.13434529609652887
11435,solar,2030,117,11,11,-0.13434529609652887
11436,solar,2030,117,12,12,-0.13434529609652887
11437,solar,2030,117,13,13,-0.1615274123227135
11438,solar,2030,117,14,14,-0.1880834145351404
11439,solar,2030,117,15,15,-0.13434529609652887
11440,solar,2030,117,16,16,-0.1880834145351404
11441,solar,2030,117,17,17,-0.1880834145351404
11442,solar,2030,117,18,18,-0.1880834145351404
11443,solar,2030,117,19,19,-0.1880834145351404
11444,solar,2030,117,20,20,-0.1880834145351404
11445,solar,2030,117,21,21,-0.1880834145351404
11446,solar,2030,117,22,22,-0.1880834145351404
11447,solar,2030,117,23,23,-0.13434529609652887
11448,solar,2030,117,24,24,-0.13434529609652887
11449,solar,2030,118,1,1,-0.1863594998013694
11450,solar,2030,118,2,2,-0.1863594998013694
11451,solar,2030,118,3,3,-0.1863594998013694
11452,solar,2030,118,4,4,-0.1863594998013694
11453,solar,2030,118,5,5,-0.1863594998013694
11454,solar,2030,118,6,6,-0.1863594998013694
11455,solar,2030,118,7,7,-0.1863594998013694
11456,solar,2030,118,8,8,-0.1863594998013694
11457,solar,2030,118,9,9,-0.1863594998013694
11458,solar,2030,118,10,10,-0.1863594998013694
11459,solar,2030,118,11,11,-0.1863594998013694
11460,solar,2030,118,12,12,-0.1863594998013694
11461,solar,2030,118,13,13,-0.1863594998013694
11462,solar,2030,118,14,14,-0.1863594998013694
11463,solar,2030,118,15,15,-0.1863594998013694
11464,solar,2030,118,16,16,-0.1863594998013694
11465,solar,2030,118,17,17,-0.1863594998013694
11466,solar,2030,118,18,18,-0.1863594998013694
11467,solar,2030,118,19,19,-0.1863594998013694
11468,solar,2030,118,20,20,-0.1863594998013694
11469,solar,2030,118,21,21,-0.1863594998013694
11470,solar,2030,118,22,22,-0.1863594998013694
11471,solar,2030,118,23,23,-0.1863594998013694
11472,solar,2030,118,24,24,-0.1863594998013694
11473,solar,2030,119,1,1,-0.31569620326482123
11474,solar,2030,119,2,2,-0.31569620326482123
11475,solar,2030,119,3,3,-0.31569620326482123
11476,solar,2030,119,4,4,-0.31569620326482123
11477,solar,2030,119,5,5,-0.31569620326482123
11478,solar,2030,119,6,6,-0.31569620326482123
11479,solar,2030,119,7,7,-0.31569620326482123
11480,solar,2030,119,8,8,-0.31569620326482123
11481,solar,2030,119,9,9,-0.31569620326482123
11482,solar,2030,119,10,10,-0.31569620326482123
11483,solar,2030,119,11,11,-0.31569620326482123
11484,solar,2030,119,12,12,-0.31569620326482123
11485,solar,2030,119,13,13,-0.31569620326482123
11486,solar,2030,119,14,14,-0.31569620326482123
11487,solar,2030,119,15,15,-0.31569620326482123
11488,solar,2030,119,16,16,-0.31569620326482123
11489,solar,2030,119,17,17,-0.31569620326482123
11490,solar,2030,119,18,18,-0.31569620326482123
11491,solar,2030,119,19,19,-0.44197468457074973
11492,solar,2030,119,20,20,-0.44197468457074973
11493,solar,2030,119,21,21,-0.44197468457074973
11494,solar,2030,119,22,22,-0.44197468457074973
11495,solar,2030,119,23,23,-0.31569620326482123
11496,solar,2030,119,24,24,-0.31569620326482123
11497,solar,2030,120,1,1,-0.26244737096884796
11498,solar,2030,120,2,2,-0.26244737096884796
11499,solar,2030,120,3,3,-0.26244737096884796
11500,solar,2030,120,4,4,-0.26244737096884796
11501,solar,2030,120,5,5,-0.26244737096884796
11502,solar,2030,120,6,6,-0.26244737096884796
11503,solar,2030,120,7,7,-0.26244737096884796
11504,solar,2030,120,8,8,-0.26244737096884796
11505,solar,2030,120,9,9,-0.26244737096884796
11506,solar,2030,120,10,10,-0.26244737096884796
11507,solar,2030,120,11,11,-0.26244737096884796
11508,solar,2030,120,12,12,-0.26244737096884796
11509,solar,2030,120,13,13,-0.26244737096884796
11510,solar,2030,120,14,14,-0.26244737096884796
11511,solar,2030,120,15,15,-0.26244737096884796
11512,solar,2030,120,16,16,-0.26244737096884796
11513,solar,2030,120,17,17,-0.26244737096884796
11514,solar,2030,120,18,18,-0.26244737096884796
11515,solar,2030,120,19,19,-0.26244737096884796
11516,solar,2030,120,20,20,-0.26244737096884796
11517,solar,2030,120,21,21,-0.26244737096884796
11518,solar,2030,120,22,22,-0.26244737096884796
11519,solar,2030,120,23,23,-0.26244737096884796
11520,solar,2030,120,24,24,-0.26244737096884796
11521,wind,2030,1,1,1,-0.024
11522,wind,2030,1,2,2,-0.024
11523,wind,2030,1,3,3,-0.024
11524,wind,2030,1,4,4,-0.024
11525,wind,2030,1,5,5,-0.024
11526,wind,2030,1,6,6,-0.024
11527,wind,2030,1,7,7,-0.024
11528,wind,2030,1,8,8,-0.024
11529,wind,2030,1,9,9,-0.024
11530,wind,2030,1,10,10,-0.024
11531,wind,2030,1,11,11,-0.024
11532,wind,2030,1,12,12,-0.024
11533,wind,2030,1,13,13,-0.024
11534,wind,2030,1,14,14,-0.024
11535,wind,2030,1,15,15,-0.024
11536,wind,2030,1,16,16,-0.024
11537,wind,2030,1,17,17,-0.034
11538,wind,2030,1,18,18,-0.034
11539,wind,2030,1,19,19,-0.034
11540,wind,2030,1,20,20,-0.034
11541,wind,2030,1,21,21,-0.034
11542,wind,2030,1,22,22,-0.034
11543,wind,2030,1,23,23,-0.024
11544,wind,2030,1,24,24,-0.024
11545,wind,2030,2,1,1,-0.024
11546,wind,2030,2,2,2,-0.024
11547,wind,2030,2,3,3,-0.024
11548,wind,2030,2,4,4,-0.024
11549,wind,2030,2,5,5,-0.024
11550,wind,2030,2,6,6,-0.024
11551,wind,2030,2,7,7,-0.024
11552,wind,2030,2,8,8,-0.024
11553,wind,2030,2,9,9,-0.024
11554,wind,2030,2,10,10,-0.024
11555,wind,2030,2,11,11,-0.024
11556,wind,2030,2,12,12,-0.024
11557,wind,2030,2,13,13,-0.024
11558,wind,2030,2,14,14,-0.024
11559,wind,2030,2,15,15,-0.024
11560,wind,2030,2,16,16,-0.024
11561,wind,2030,2,17,17,-0.024
11562,wind,2030,2,18,18,-0.024
11563,wind,2030,2,19,19,-0.024
11564,wind,2030,2,20,20,-0.034
11565,wind,2030,2,21,21,-0.034
11566,wind,2030,2,22,22,-0.024
11567,wind,2030,2,23,23,-0.024
11568,wind,2030,2,24,24,-0.024
11569,wind,2030,3,1,1,-0.024
11570,wind,2030,3,2,2,-0.024
11571,wind,2030,3,3,3,-0.024
11572,wind,2030,3,4,4,-0.024
11573,wind,2030,3,5,5,-0.024
11574,wind,2030,3,6,6,-0.024
11575,wind,2030,3,7,7,-0.024
11576,wind,2030,3,8,8,-0.024
11577,wind,2030,3,9,9,-0.024
11578,wind,2030,3,10,10,-0.024
11579,wind,2030,3,11,11,-0.024
11580,wind,2030,3,12,12,-0.024
11581,wind,2030,3,13,13,-0.024
11582,wind,2030,3,14,14,-0.024
11583,wind,2030,3,15,15,-0.024
11584,wind,2030,3,16,16,-0.024
11585,wind,2030,3,17,17,-0.024
11586,wind,2030,3,18,18,-0.024
11587,wind,2030,3,19,19,-0.024
11588,wind,2030,3,20,20,-0.034
11589,wind,2030,3,21,21,-0.034
11590,wind,2030,3,22,22,-0.024
11591,wind,2030,3,23,23,-0.024
11592,wind,2030,3,24,24,-0.024
11593,wind,2030,4,1,1,-0.048
11594,wind,2030,4,2,2,-0.048
11595,wind,2030,4,3,3,-0.048
11596,wind,2030,4,4,4,-0.048
11597,wind,2030,4,5,5,-0.048
11598,wind,2030,4,6,6,-0.048
11599,wind,2030,4,7,7,-0.048
11600,wind,2030,4,8,8,-0.048
11601,wind,2030,4,9,9,-0.048
11602,wind,2030,4,10,10,-0.048
11603,wind,2030,4,11,11,-0.048
11604,wind,2030,4,12,12,-0.048
11605,wind,2030,4,13,13,-0.048
11606,wind,2030,4,14,14,-0.048
11607,wind,2030,4,15,15,-0.048
11608,wind,2030,4,16,16,-0.048
11609,wind,2030,4,17,17,-0.048
11610,wind,2030,4,18,18,-0.048
11611,wind,2030,4,19,19,-0.048
11612,wind,2030,4,20,20,-0.048
11613,wind,2030,4,21,21,-0.048
11614,wind,2030,4,22,22,-0.048
11615,wind,2030,4,23,23,-0.048
11616,wind,2030,4,24,24,-0.048
11617,wind,2030,5,1,1,-0.06011666050560374
11618,wind,2030,5,2,2,-0.06011666050560374
11619,wind,2030,5,3,3,-0.06011666050560374
11620,wind,2030,5,4,4,-0.06011666050560374
11621,wind,2030,5,5,5,-0.06011666050560374
11622,wind,2030,5,6,6,-0.06011666050560374
11623,wind,2030,5,7,7,-0.06011666050560374
11624,wind,2030,5,8,8,-0.06011666050560374
11625,wind,2030,5,9,9,-0.06011666050560374
11626,wind,2030,5,10,10,-0.06011666050560374
11627,wind,2030,5,11,11,-0.06011666050560374
11628,wind,2030,5,12,12,-0.06011666050560374
11629,wind,2030,5,13,13,-0.06011666050560374
11630,wind,2030,5,14,14,-0.06011666050560374
11631,wind,2030,5,15,15,-0.06011666050560374
11632,wind,2030,5,16,16,-0.06011666050560374
11633,wind,2030,5,17,17,-0.06011666050560374
11634,wind,2030,5,18,18,-0.06011666050560374
11635,wind,2030,5,19,19,-0.06011666050560374
11636,wind,2030,5,20,20,-0.06011666050560374
11637,wind,2030,5,21,21,-0.06011666050560374
11638,wind,2030,5,22,22,-0.06011666050560374
11639,wind,2030,5,23,23,-0.06011666050560374
11640,wind,2030,5,24,24,-0.06011666050560374
11641,wind,2030,6,1,1,-0.024
11642,wind,2030,6,2,2,-0.024
11643,wind,2030,6,3,3,-0.024
11644,wind,2030,6,4,4,-0.024
11645,wind,2030,6,5,5,-0.024
11646,wind,2030,6,6,6,-0.024
11647,wind,2030,6,7,7,-0.024
11648,wind,2030,6,8,8,-0.024
11649,wind,2030,6,9,9,-0.024
11650,wind,2030,6,10,10,-0.024
11651,wind,2030,6,11,11,-0.024
11652,wind,2030,6,12,12,-0.024
11653,wind,2030,6,13,13,-0.024
11654,wind,2030,6,14,14,-0.024
11655,wind,2030,6,15,15,-0.024
11656,wind,2030,6,16,16,-0.024
11657,wind,2030,6,17,17,-0.024
11658,wind,2030,6,18,18,-0.024
11659,wind,2030,6,19,19,-0.034
11660,wind,2030,6,20,20,-0.034
11661,wind,2030,6,21,21,-0.024
11662,wind,2030,6,22,22,-0.024
11663,wind,2030,6,23,23,-0.024
11664,wind,2030,6,24,24,-0.024
11665,wind,2030,7,1,1,-0.06233173022086691
11666,wind,2030,7,2,2,-0.06233173022086691
11667,wind,2030,7,3,3,-0.06233173022086691
11668,wind,2030,7,4,4,-0.06233173022086691
11669,wind,2030,7,5,5,-0.06233173022086691
11670,wind,2030,7,6,6,-0.06233173022086691
11671,wind,2030,7,7,7,-0.06233173022086691
11672,wind,2030,7,8,8,-0.06233173022086691
11673,wind,2030,7,9,9,-0.06233173022086691
11674,wind,2030,7,10,10,-0.06233173022086691
11675,wind,2030,7,11,11,-0.06233173022086691
11676,wind,2030,7,12,12,-0.06233173022086691
11677,wind,2030,7,13,13,-0.06233173022086691
11678,wind,2030,7,14,14,-0.06233173022086691
11679,wind,2030,7,15,15,-0.06233173022086691
11680,wind,2030,7,16,16,-0.06233173022086691
11681,wind,2030,7,17,17,-0.06233173022086691
11682,wind,2030,7,18,18,-0.06233173022086691
11683,wind,2030,7,19,19,-0.06233173022086691
11684,wind,2030,7,20,20,-0.06233173022086691
11685,wind,2030,7,21,21,-0.06233173022086691
11686,wind,2030,7,22,22,-0.06233173022086691
11687,wind,2030,7,23,23,-0.06233173022086691
11688,wind,2030,7,24,24,-0.06233173022086691
11689,wind,2030,8,1,1,-0.04517542293332713
11690,wind,2030,8,2,2,-0.04517542293332713
11691,wind,2030,8,3,3,-0.04517542293332713
11692,wind,2030,8,4,4,-0.04517542293332713
11693,wind,2030,8,5,5,-0.04517542293332713
11694,wind,2030,8,6,6,-0.04517542293332713
11695,wind,2030,8,7,7,-0.04517542293332713
11696,wind,2030,8,8,8,-0.04517542293332713
11697,wind,2030,8,9,9,-0.04517542293332713
11698,wind,2030,8,10,10,-0.04517542293332713
11699,wind,2030,8,11,11,-0.04517542293332713
11700,wind,2030,8,12,12,-0.04517542293332713
11701,wind,2030,8,13,13,-0.04517542293332713
11702,wind,2030,8,14,14,-0.04517542293332713
11703,wind,2030,8,15,15,-0.04517542293332713
11704,wind,2030,8,16,16,-0.04517542293332713
11705,wind,2030,8,17,17,-0.04517542293332713
11706,wind,2030,8,18,18,-0.04517542293332713
11707,wind,2030,8,19,19,-0.04517542293332713
11708,wind,2030,8,20,20,-0.04517542293332713
11709,wind,2030,8,21,21,-0.04517542293332713
11710,wind,2030,8,22,22,-0.04517542293332713
11711,wind,2030,8,23,23,-0.04517542293332713
11712,wind,2030,8,24,24,-0.04517542293332713
11713,wind,2030,9,1,1,-0.024334722605745717
11714,wind,2030,9,2,2,-0.024334722605745717
11715,wind,2030,9,3,3,-0.024334722605745717
11716,wind,2030,9,4,4,-0.024334722605745717
11717,wind,2030,9,5,5,-0.024334722605745717
11718,wind,2030,9,6,6,-0.024334722605745717
11719,wind,2030,9,7,7,-0.024334722605745717
11720,wind,2030,9,8,8,-0.024334722605745717
11721,wind,2030,9,9,9,-0.024334722605745717
11722,wind,2030,9,10,10,-0.024334722605745717
11723,wind,2030,9,11,11,-0.024334722605745717
11724,wind,2030,9,12,12,-0.024334722605745717
11725,wind,2030,9,13,13,-0.024334722605745717
11726,wind,2030,9,14,14,-0.024334722605745717
11727,wind,2030,9,15,15,-0.024334722605745717
11728,wind,2030,9,16,16,-0.024334722605745717
11729,wind,2030,9,17,17,-0.024334722605745717
11730,wind,2030,9,18,18,-0.024334722605745717
11731,wind,2030,9,19,19,-0.024334722605745717
11732,wind,2030,9,20,20,-0.03447419035813977
11733,wind,2030,9,21,21,-0.024334722605745717
11734,wind,2030,9,22,22,-0.024334722605745717
11735,wind,2030,9,23,23,-0.024334722605745717
11736,wind,2030,9,24,24,-0.024334722605745717
11737,wind,2030,10,1,1,-0.039276368164438004
11738,wind,2030,10,2,2,-0.039276368164438004
11739,wind,2030,10,3,3,-0.039276368164438004
11740,wind,2030,10,4,4,-0.039276368164438004
11741,wind,2030,10,5,5,-0.039276368164438004
11742,wind,2030,10,6,6,-0.039276368164438004
11743,wind,2030,10,7,7,-0.039276368164438004
11744,wind,2030,10,8,8,-0.039276368164438004
11745,wind,2030,10,9,9,-0.039276368164438004
11746,wind,2030,10,10,10,-0.039276368164438004
11747,wind,2030,10,11,11,-0.039276368164438004
11748,wind,2030,10,12,12,-0.039276368164438004
11749,wind,2030,10,13,13,-0.039276368164438004
11750,wind,2030,10,14,14,-0.039276368164438004
11751,wind,2030,10,15,15,-0.039276368164438004
11752,wind,2030,10,16,16,-0.039276368164438004
11753,wind,2030,10,17,17,-0.039276368164438004
11754,wind,2030,10,18,18,-0.039276368164438004
11755,wind,2030,10,19,19,-0.039276368164438004
11756,wind,2030,10,20,20,-0.039276368164438004
11757,wind,2030,10,21,21,-0.039276368164438004
11758,wind,2030,10,22,22,-0.039276368164438004
11759,wind,2030,10,23,23,-0.039276368164438004
11760,wind,2030,10,24,24,-0.039276368164438004
11761,wind,2030,11,1,1,-0.09545695945296823
11762,wind,2030,11,2,2,-0.09545695945296823
11763,wind,2030,11,3,3,-0.09545695945296823
11764,wind,2030,11,4,4,-0.09545695945296823
11765,wind,2030,11,5,5,-0.09545695945296823
11766,wind,2030,11,6,6,-0.09545695945296823
11767,wind,2030,11,7,7,-0.09545695945296823
11768,wind,2030,11,8,8,-0.09545695945296823
11769,wind,2030,11,9,9,-0.09545695945296823
11770,wind,2030,11,10,10,-0.09545695945296823
11771,wind,2030,11,11,11,-0.09545695945296823
11772,wind,2030,11,12,12,-0.09545695945296823
11773,wind,2030,11,13,13,-0.09545695945296823
11774,wind,2030,11,14,14,-0.09545695945296823
11775,wind,2030,11,15,15,-0.09545695945296823
11776,wind,2030,11,16,16,-0.09545695945296823
11777,wind,2030,11,17,17,-0.09545695945296823
11778,wind,2030,11,18,18,-0.09545695945296823
11779,wind,2030,11,19,19,-0.09545695945296823
11780,wind,2030,11,20,20,-0.09545695945296823
11781,wind,2030,11,21,21,-0.09545695945296823
11782,wind,2030,11,22,22,-0.09545695945296823
11783,wind,2030,11,23,23,-0.09545695945296823
11784,wind,2030,11,24,24,-0.09545695945296823
11785,wind,2030,12,1,1,-0.12864609384962247
11786,wind,2030,12,2,2,-0.12864609384962247
11787,wind,2030,12,3,3,-0.12864609384962247
11788,wind,2030,12,4,4,-0.12864609384962247
11789,wind,2030,12,5,5,-0.12864609384962247
11790,wind,2030,12,6,6,-0.12864609384962247
11791,wind,2030,12,7,7,-0.12864609384962247
11792,wind,2030,12,8,8,-0.12864609384962247
11793,wind,2030,12,9,9,-0.12864609384962247
11794,wind,2030,12,10,10,-0.12864609384962247
11795,wind,2030,12,11,11,-0.12864609384962247
11796,wind,2030,12,12,12,-0.12864609384962247
11797,wind,2030,12,13,13,-0.12864609384962247
11798,wind,2030,12,14,14,-0.12864609384962247
11799,wind,2030,12,15,15,-0.12864609384962247
11800,wind,2030,12,16,16,-0.12864609384962247
11801,wind,2030,12,17,17,-0.12864609384962247
11802,wind,2030,12,18,18,-0.12864609384962247
11803,wind,2030,12,19,19,-0.12864609384962247
11804,wind,2030,12,20,20,-0.12864609384962247
11805,wind,2030,12,21,21,-0.12864609384962247
11806,wind,2030,12,22,22,-0.12864609384962247
11807,wind,2030,12,23,23,-0.12864609384962247
11808,wind,2030,12,24,24,-0.12864609384962247
11809,wind,2030,13,1,1,-0.22571740545869437
11810,wind,2030,13,2,2,-0.22571740545869437
11811,wind,2030,13,3,3,-0.22571740545869437
11812,wind,2030,13,4,4,-0.22571740545869437
11813,wind,2030,13,5,5,-0.22571740545869437
11814,wind,2030,13,6,6,-0.22571740545869437
11815,wind,2030,13,7,7,-0.22571740545869437
11816,wind,2030,13,8,8,-0.22571740545869437
11817,wind,2030,13,9,9,-0.22571740545869437
11818,wind,2030,13,10,10,-0.22571740545869437
11819,wind,2030,13,11,11,-0.22571740545869437
11820,wind,2030,13,12,12,-0.22571740545869437
11821,wind,2030,13,13,13,-0.22571740545869437
11822,wind,2030,13,14,14,-0.22571740545869437
11823,wind,2030,13,15,15,-0.22571740545869437
11824,wind,2030,13,16,16,-0.22571740545869437
11825,wind,2030,13,17,17,-0.22571740545869437
11826,wind,2030,13,18,18,-0.22571740545869437
11827,wind,2030,13,19,19,-0.22571740545869437
11828,wind,2030,13,20,20,-0.22571740545869437
11829,wind,2030,13,21,21,-0.319766324399817
11830,wind,2030,13,22,22,-0.22571740545869437
11831,wind,2030,13,23,23,-0.22571740545869437
11832,wind,2030,13,24,24,-0.22571740545869437
11833,wind,2030,14,1,1,-0.09137308406417954
11834,wind,2030,14,2,2,-0.09137308406417954
11835,wind,2030,14,3,3,-0.09137308406417954
11836,wind,2030,14,4,4,-0.09137308406417954
11837,wind,2030,14,5,5,-0.09137308406417954
11838,wind,2030,14,6,6,-0.09137308406417954
11839,wind,2030,14,7,7,-0.09137308406417954
11840,wind,2030,14,8,8,-0.09137308406417954
11841,wind,2030,14,9,9,-0.09137308406417954
11842,wind,2030,14,10,10,-0.09137308406417954
11843,wind,2030,14,11,11,-0.09137308406417954
11844,wind,2030,14,12,12,-0.09137308406417954
11845,wind,2030,14,13,13,-0.09137308406417954
11846,wind,2030,14,14,14,-0.09137308406417954
11847,wind,2030,14,15,15,-0.09137308406417954
11848,wind,2030,14,16,16,-0.09137308406417954
11849,wind,2030,14,17,17,-0.09137308406417954
11850,wind,2030,14,18,18,-0.09137308406417954
11851,wind,2030,14,19,19,-0.12944520242425434
11852,wind,2030,14,20,20,-0.12944520242425434
11853,wind,2030,14,21,21,-0.12944520242425434
11854,wind,2030,14,22,22,-0.12944520242425434
11855,wind,2030,14,23,23,-0.09137308406417954
11856,wind,2030,14,24,24,-0.09137308406417954
11857,wind,2030,15,1,1,-0.07200000000000001
11858,wind,2030,15,2,2,-0.07200000000000001
11859,wind,2030,15,3,3,-0.07200000000000001
11860,wind,2030,15,4,4,-0.07200000000000001
11861,wind,2030,15,5,5,-0.07200000000000001
11862,wind,2030,15,6,6,-0.07200000000000001
11863,wind,2030,15,7,7,-0.07200000000000001
11864,wind,2030,15,8,8,-0.07200000000000001
11865,wind,2030,15,9,9,-0.07200000000000001
11866,wind,2030,15,10,10,-0.07200000000000001
11867,wind,2030,15,11,11,-0.07200000000000001
11868,wind,2030,15,12,12,-0.07200000000000001
11869,wind,2030,15,13,13,-0.07200000000000001
11870,wind,2030,15,14,14,-0.07200000000000001
11871,wind,2030,15,15,15,-0.07200000000000001
11872,wind,2030,15,16,16,-0.07200000000000001
11873,wind,2030,15,17,17,-0.07200000000000001
11874,wind,2030,15,18,18,-0.07200000000000001
11875,wind,2030,15,19,19,-0.07200000000000001
11876,wind,2030,15,20,20,-0.07200000000000001
11877,wind,2030,15,21,21,-0.07200000000000001
11878,wind,2030,15,22,22,-0.07200000000000001
11879,wind,2030,15,23,23,-0.07200000000000001
11880,wind,2030,15,24,24,-0.07200000000000001
11881,wind,2030,16,1,1,-0.024
11882,wind,2030,16,2,2,-0.024
11883,wind,2030,16,3,3,-0.024
11884,wind,2030,16,4,4,-0.024
11885,wind,2030,16,5,5,-0.024
11886,wind,2030,16,6,6,-0.024
11887,wind,2030,16,7,7,-0.024
11888,wind,2030,16,8,8,-0.024
11889,wind,2030,16,9,9,-0.024
11890,wind,2030,16,10,10,-0.024
11891,wind,2030,16,11,11,-0.024
11892,wind,2030,16,12,12,-0.024
11893,wind,2030,16,13,13,-0.024
11894,wind,2030,16,14,14,-0.024
11895,wind,2030,16,15,15,-0.024
11896,wind,2030,16,16,16,-0.024
11897,wind,2030,16,17,17,-0.024
11898,wind,2030,16,18,18,-0.024
11899,wind,2030,16,19,19,-0.024
11900,wind,2030,16,20,20,-0.024
11901,wind,2030,16,21,21,-0.024
11902,wind,2030,16,22,22,-0.024
11903,wind,2030,16,23,23,-0.024
11904,wind,2030,16,24,24,-0.024
11905,wind,2030,17,1,1,-0.04760377182477564
11906,wind,2030,17,2,2,-0.04760377182477564
11907,wind,2030,17,3,3,-0.04760377182477564
11908,wind,2030,17,4,4,-0.04760377182477564
11909,wind,2030,17,5,5,-0.04760377182477564
11910,wind,2030,17,6,6,-0.04760377182477564
11911,wind,2030,17,7,7,-0.04760377182477564
11912,wind,2030,17,8,8,-0.04760377182477564
11913,wind,2030,17,9,9,-0.04760377182477564
11914,wind,2030,17,10,10,-0.04760377182477564
11915,wind,2030,17,11,11,-0.04760377182477564
11916,wind,2030,17,12,12,-0.04760377182477564
11917,wind,2030,17,13,13,-0.04760377182477564
11918,wind,2030,17,14,14,-0.04760377182477564
11919,wind,2030,17,15,15,-0.04760377182477564
11920,wind,2030,17,16,16,-0.04760377182477564
11921,wind,2030,17,17,17,-0.04760377182477564
11922,wind,2030,17,18,18,-0.04760377182477564
11923,wind,2030,17,19,19,-0.04760377182477564
11924,wind,2030,17,20,20,-0.04760377182477564
11925,wind,2030,17,21,21,-0.04760377182477564
11926,wind,2030,17,22,22,-0.04760377182477564
11927,wind,2030,17,23,23,-0.04760377182477564
11928,wind,2030,17,24,24,-0.04760377182477564
11929,wind,2030,18,1,1,-0.024652370289911074
11930,wind,2030,18,2,2,-0.024652370289911074
11931,wind,2030,18,3,3,-0.024652370289911074
11932,wind,2030,18,4,4,-0.024652370289911074
11933,wind,2030,18,5,5,-0.024652370289911074
11934,wind,2030,18,6,6,-0.024652370289911074
11935,wind,2030,18,7,7,-0.024652370289911074
11936,wind,2030,18,8,8,-0.024652370289911074
11937,wind,2030,18,9,9,-0.024652370289911074
11938,wind,2030,18,10,10,-0.024652370289911074
11939,wind,2030,18,11,11,-0.024652370289911074
11940,wind,2030,18,12,12,-0.024652370289911074
11941,wind,2030,18,13,13,-0.024652370289911074
11942,wind,2030,18,14,14,-0.024652370289911074
11943,wind,2030,18,15,15,-0.024652370289911074
11944,wind,2030,18,16,16,-0.024652370289911074
11945,wind,2030,18,17,17,-0.024652370289911074
11946,wind,2030,18,18,18,-0.034924191244040684
11947,wind,2030,18,19,19,-0.034924191244040684
11948,wind,2030,18,20,20,-0.034924191244040684
11949,wind,2030,18,21,21,-0.034924191244040684
11950,wind,2030,18,22,22,-0.034924191244040684
11951,wind,2030,18,23,23,-0.024652370289911074
11952,wind,2030,18,24,24,-0.024652370289911074
11953,wind,2030,19,1,1,-0.024644643481493388
11954,wind,2030,19,2,2,-0.024644643481493388
11955,wind,2030,19,3,3,-0.024644643481493388
11956,wind,2030,19,4,4,-0.024644643481493388
11957,wind,2030,19,5,5,-0.024644643481493388
11958,wind,2030,19,6,6,-0.024644643481493388
11959,wind,2030,19,7,7,-0.024644643481493388
11960,wind,2030,19,8,8,-0.024644643481493388
11961,wind,2030,19,9,9,-0.024644643481493388
11962,wind,2030,19,10,10,-0.024644643481493388
11963,wind,2030,19,11,11,-0.024644643481493388
11964,wind,2030,19,12,12,-0.024644643481493388
11965,wind,2030,19,13,13,-0.024644643481493388
11966,wind,2030,19,14,14,-0.024644643481493388
11967,wind,2030,19,15,15,-0.024644643481493388
11968,wind,2030,19,16,16,-0.024644643481493388
11969,wind,2030,19,17,17,-0.024644643481493388
11970,wind,2030,19,18,18,-0.024644643481493388
11971,wind,2030,19,19,19,-0.024644643481493388
11972,wind,2030,19,20,20,-0.024644643481493388
11973,wind,2030,19,21,21,-0.024644643481493388
11974,wind,2030,19,22,22,-0.024644643481493388
11975,wind,2030,19,23,23,-0.024644643481493388
11976,wind,2030,19,24,24,-0.024644643481493388
11977,wind,2030,20,1,1,-0.06284996368966576
11978,wind,2030,20,2,2,-0.06284996368966576
11979,wind,2030,20,3,3,-0.06284996368966576
11980,wind,2030,20,4,4,-0.06284996368966576
11981,wind,2030,20,5,5,-0.06284996368966576
11982,wind,2030,20,6,6,-0.06284996368966576
11983,wind,2030,20,7,7,-0.06284996368966576
11984,wind,2030,20,8,8,-0.06284996368966576
11985,wind,2030,20,9,9,-0.06284996368966576
11986,wind,2030,20,10,10,-0.06284996368966576
11987,wind,2030,20,11,11,-0.06284996368966576
11988,wind,2030,20,12,12,-0.06284996368966576
11989,wind,2030,20,13,13,-0.06284996368966576
11990,wind,2030,20,14,14,-0.06284996368966576
11991,wind,2030,20,15,15,-0.06284996368966576
11992,wind,2030,20,16,16,-0.06284996368966576
11993,wind,2030,20,17,17,-0.06284996368966576
11994,wind,2030,20,18,18,-0.06284996368966576
11995,wind,2030,20,19,19,-0.06284996368966576
11996,wind,2030,20,20,20,-0.06284996368966576
11997,wind,2030,20,21,21,-0.06284996368966576
11998,wind,2030,20,22,22,-0.06284996368966576
11999,wind,2030,20,23,23,-0.06284996368966576
12000,wind,2030,20,24,24,-0.06284996368966576
12001,wind,2030,21,1,1,-0.02741193865305102
12002,wind,2030,21,2,2,-0.02741193865305102
12003,wind,2030,21,3,3,-0.02741193865305102
12004,wind,2030,21,4,4,-0.02741193865305102
12005,wind,2030,21,5,5,-0.02741193865305102
12006,wind,2030,21,6,6,-0.02741193865305102
12007,wind,2030,21,7,7,-0.02741193865305102
12008,wind,2030,21,8,8,-0.02741193865305102
12009,wind,2030,21,9,9,-0.02741193865305102
12010,wind,2030,21,10,10,-0.02741193865305102
12011,wind,2030,21,11,11,-0.02741193865305102
12012,wind,2030,21,12,12,-0.02741193865305102
12013,wind,2030,21,13,13,-0.02741193865305102
12014,wind,2030,21,14,14,-0.02741193865305102
12015,wind,2030,21,15,15,-0.02741193865305102
12016,wind,2030,21,16,16,-0.02741193865305102
12017,wind,2030,21,17,17,-0.03883357975848895
12018,wind,2030,21,18,18,-0.03883357975848895
12019,wind,2030,21,19,19,-0.03883357975848895
12020,wind,2030,21,20,20,-0.03883357975848895
12021,wind,2030,21,21,21,-0.03883357975848895
12022,wind,2030,21,22,22,-0.03883357975848895
12023,wind,2030,21,23,23,-0.02741193865305102
12024,wind,2030,21,24,24,-0.02741193865305102
12025,wind,2030,22,1,1,-0.1425435421961064
12026,wind,2030,22,2,2,-0.1425435421961064
12027,wind,2030,22,3,3,-0.1425435421961064
12028,wind,2030,22,4,4,-0.1425435421961064
12029,wind,2030,22,5,5,-0.1425435421961064
12030,wind,2030,22,6,6,-0.1425435421961064
12031,wind,2030,22,7,7,-0.1425435421961064
12032,wind,2030,22,8,8,-0.1425435421961064
12033,wind,2030,22,9,9,-0.1425435421961064
12034,wind,2030,22,10,10,-0.1425435421961064
12035,wind,2030,22,11,11,-0.1425435421961064
12036,wind,2030,22,12,12,-0.1425435421961064
12037,wind,2030,22,13,13,-0.1425435421961064
12038,wind,2030,22,14,14,-0.1425435421961064
12039,wind,2030,22,15,15,-0.1425435421961064
12040,wind,2030,22,16,16,-0.1425435421961064
12041,wind,2030,22,17,17,-0.1425435421961064
12042,wind,2030,22,18,18,-0.1425435421961064
12043,wind,2030,22,19,19,-0.1425435421961064
12044,wind,2030,22,20,20,-0.20193668477781743
12045,wind,2030,22,21,21,-0.20193668477781743
12046,wind,2030,22,22,22,-0.1425435421961064
12047,wind,2030,22,23,23,-0.1425435421961064
12048,wind,2030,22,24,24,-0.1425435421961064
12049,wind,2030,23,1,1,-0.09097144182675944
12050,wind,2030,23,2,2,-0.09097144182675944
12051,wind,2030,23,3,3,-0.09097144182675944
12052,wind,2030,23,4,4,-0.09097144182675944
12053,wind,2030,23,5,5,-0.09097144182675944
12054,wind,2030,23,6,6,-0.09097144182675944
12055,wind,2030,23,7,7,-0.09097144182675944
12056,wind,2030,23,8,8,-0.09097144182675944
12057,wind,2030,23,9,9,-0.09097144182675944
12058,wind,2030,23,10,10,-0.09097144182675944
12059,wind,2030,23,11,11,-0.09097144182675944
12060,wind,2030,23,12,12,-0.09097144182675944
12061,wind,2030,23,13,13,-0.09097144182675944
12062,wind,2030,23,14,14,-0.09097144182675944
12063,wind,2030,23,15,15,-0.09097144182675944
12064,wind,2030,23,16,16,-0.09097144182675944
12065,wind,2030,23,17,17,-0.09097144182675944
12066,wind,2030,23,18,18,-0.09097144182675944
12067,wind,2030,23,19,19,-0.09097144182675944
12068,wind,2030,23,20,20,-0.09097144182675944
12069,wind,2030,23,21,21,-0.09097144182675944
12070,wind,2030,23,22,22,-0.09097144182675944
12071,wind,2030,23,23,23,-0.09097144182675944
12072,wind,2030,23,24,24,-0.09097144182675944
12073,wind,2030,24,1,1,-0.26739135906400563
12074,wind,2030,24,2,2,-0.26739135906400563
12075,wind,2030,24,3,3,-0.26739135906400563
12076,wind,2030,24,4,4,-0.26739135906400563
12077,wind,2030,24,5,5,-0.26739135906400563
12078,wind,2030,24,6,6,-0.26739135906400563
12079,wind,2030,24,7,7,-0.26739135906400563
12080,wind,2030,24,8,8,-0.26739135906400563
12081,wind,2030,24,9,9,-0.26739135906400563
12082,wind,2030,24,10,10,-0.26739135906400563
12083,wind,2030,24,11,11,-0.26739135906400563
12084,wind,2030,24,12,12,-0.26739135906400563
12085,wind,2030,24,13,13,-0.26739135906400563
12086,wind,2030,24,14,14,-0.26739135906400563
12087,wind,2030,24,15,15,-0.26739135906400563
12088,wind,2030,24,16,16,-0.26739135906400563
12089,wind,2030,24,17,17,-0.26739135906400563
12090,wind,2030,24,18,18,-0.26739135906400563
12091,wind,2030,24,19,19,-0.26739135906400563
12092,wind,2030,24,20,20,-0.26739135906400563
12093,wind,2030,24,21,21,-0.26739135906400563
12094,wind,2030,24,22,22,-0.26739135906400563
12095,wind,2030,24,23,23,-0.26739135906400563
12096,wind,2030,24,24,24,-0.26739135906400563
12097,wind,2030,25,1,1,-0.17936497831286713
12098,wind,2030,25,2,2,-0.17936497831286713
12099,wind,2030,25,3,3,-0.17936497831286713
12100,wind,2030,25,4,4,-0.17936497831286713
12101,wind,2030,25,5,5,-0.17936497831286713
12102,wind,2030,25,6,6,-0.17936497831286713
12103,wind,2030,25,7,7,-0.17936497831286713
12104,wind,2030,25,8,8,-0.17936497831286713
12105,wind,2030,25,9,9,-0.17936497831286713
12106,wind,2030,25,10,10,-0.17936497831286713
12107,wind,2030,25,11,11,-0.17936497831286713
12108,wind,2030,25,12,12,-0.17936497831286713
12109,wind,2030,25,13,13,-0.17936497831286713
12110,wind,2030,25,14,14,-0.17936497831286713
12111,wind,2030,25,15,15,-0.17936497831286713
12112,wind,2030,25,16,16,-0.17936497831286713
12113,wind,2030,25,17,17,-0.17936497831286713
12114,wind,2030,25,18,18,-0.17936497831286713
12115,wind,2030,25,19,19,-0.17936497831286713
12116,wind,2030,25,20,20,-0.17936497831286713
12117,wind,2030,25,21,21,-0.17936497831286713
12118,wind,2030,25,22,22,-0.17936497831286713
12119,wind,2030,25,23,23,-0.17936497831286713
12120,wind,2030,25,24,24,-0.17936497831286713
12121,wind,2030,26,1,1,-0.055343092590010336
12122,wind,2030,26,2,2,-0.055343092590010336
12123,wind,2030,26,3,3,-0.055343092590010336
12124,wind,2030,26,4,4,-0.055343092590010336
12125,wind,2030,26,5,5,-0.055343092590010336
12126,wind,2030,26,6,6,-0.055343092590010336
12127,wind,2030,26,7,7,-0.055343092590010336
12128,wind,2030,26,8,8,-0.055343092590010336
12129,wind,2030,26,9,9,-0.055343092590010336
12130,wind,2030,26,10,10,-0.055343092590010336
12131,wind,2030,26,11,11,-0.055343092590010336
12132,wind,2030,26,12,12,-0.055343092590010336
12133,wind,2030,26,13,13,-0.055343092590010336
12134,wind,2030,26,14,14,-0.055343092590010336
12135,wind,2030,26,15,15,-0.055343092590010336
12136,wind,2030,26,16,16,-0.055343092590010336
12137,wind,2030,26,17,17,-0.055343092590010336
12138,wind,2030,26,18,18,-0.07840271450251465
12139,wind,2030,26,19,19,-0.07840271450251465
12140,wind,2030,26,20,20,-0.07840271450251465
12141,wind,2030,26,21,21,-0.07840271450251465
12142,wind,2030,26,22,22,-0.07840271450251465
12143,wind,2030,26,23,23,-0.055343092590010336
12144,wind,2030,26,24,24,-0.055343092590010336
12145,wind,2030,27,1,1,-0.0738685952959215
12146,wind,2030,27,2,2,-0.0738685952959215
12147,wind,2030,27,3,3,-0.0738685952959215
12148,wind,2030,27,4,4,-0.0738685952959215
12149,wind,2030,27,5,5,-0.0738685952959215
12150,wind,2030,27,6,6,-0.0738685952959215
12151,wind,2030,27,7,7,-0.0738685952959215
12152,wind,2030,27,8,8,-0.0738685952959215
12153,wind,2030,27,9,9,-0.0738685952959215
12154,wind,2030,27,10,10,-0.0738685952959215
12155,wind,2030,27,11,11,-0.0738685952959215
12156,wind,2030,27,12,12,-0.0738685952959215
12157,wind,2030,27,13,13,-0.0738685952959215
12158,wind,2030,27,14,14,-0.0738685952959215
12159,wind,2030,27,15,15,-0.0738685952959215
12160,wind,2030,27,16,16,-0.0738685952959215
12161,wind,2030,27,17,17,-0.0738685952959215
12162,wind,2030,27,18,18,-0.0738685952959215
12163,wind,2030,27,19,19,-0.10464717666922214
12164,wind,2030,27,20,20,-0.10464717666922214
12165,wind,2030,27,21,21,-0.10464717666922214
12166,wind,2030,27,22,22,-0.10464717666922214
12167,wind,2030,27,23,23,-0.0738685952959215
12168,wind,2030,27,24,24,-0.0738685952959215
12169,wind,2030,28,1,1,-0.09207491554409969
12170,wind,2030,28,2,2,-0.09207491554409969
12171,wind,2030,28,3,3,-0.09207491554409969
12172,wind,2030,28,4,4,-0.09207491554409969
12173,wind,2030,28,5,5,-0.09207491554409969
12174,wind,2030,28,6,6,-0.09207491554409969
12175,wind,2030,28,7,7,-0.09207491554409969
12176,wind,2030,28,8,8,-0.09207491554409969
12177,wind,2030,28,9,9,-0.09207491554409969
12178,wind,2030,28,10,10,-0.09207491554409969
12179,wind,2030,28,11,11,-0.09207491554409969
12180,wind,2030,28,12,12,-0.09207491554409969
12181,wind,2030,28,13,13,-0.09207491554409969
12182,wind,2030,28,14,14,-0.09207491554409969
12183,wind,2030,28,15,15,-0.09207491554409969
12184,wind,2030,28,16,16,-0.09207491554409969
12185,wind,2030,28,17,17,-0.09207491554409969
12186,wind,2030,28,18,18,-0.09207491554409969
12187,wind,2030,28,19,19,-0.09207491554409969
12188,wind,2030,28,20,20,-0.09207491554409969
12189,wind,2030,28,21,21,-0.09207491554409969
12190,wind,2030,28,22,22,-0.09207491554409969
12191,wind,2030,28,23,23,-0.09207491554409969
12192,wind,2030,28,24,24,-0.09207491554409969
12193,wind,2030,29,1,1,-0.09506610893380799
12194,wind,2030,29,2,2,-0.09506610893380799
12195,wind,2030,29,3,3,-0.09506610893380799
12196,wind,2030,29,4,4,-0.09506610893380799
12197,wind,2030,29,5,5,-0.09506610893380799
12198,wind,2030,29,6,6,-0.09506610893380799
12199,wind,2030,29,7,7,-0.09506610893380799
12200,wind,2030,29,8,8,-0.09506610893380799
12201,wind,2030,29,9,9,-0.09506610893380799
12202,wind,2030,29,10,10,-0.09506610893380799
12203,wind,2030,29,11,11,-0.09506610893380799
12204,wind,2030,29,12,12,-0.09506610893380799
12205,wind,2030,29,13,13,-0.09506610893380799
12206,wind,2030,29,14,14,-0.09506610893380799
12207,wind,2030,29,15,15,-0.09506610893380799
12208,wind,2030,29,16,16,-0.09506610893380799
12209,wind,2030,29,17,17,-0.09506610893380799
12210,wind,2030,29,18,18,-0.09506610893380799
12211,wind,2030,29,19,19,-0.09506610893380799
12212,wind,2030,29,20,20,-0.09506610893380799
12213,wind,2030,29,21,21,-0.09506610893380799
12214,wind,2030,29,22,22,-0.09506610893380799
12215,wind,2030,29,23,23,-0.09506610893380799
12216,wind,2030,29,24,24,-0.09506610893380799
12217,wind,2030,30,1,1,-0.252415270224728
12218,wind,2030,30,2,2,-0.252415270224728
12219,wind,2030,30,3,3,-0.252415270224728
12220,wind,2030,30,4,4,-0.252415270224728
12221,wind,2030,30,5,5,-0.252415270224728
12222,wind,2030,30,6,6,-0.252415270224728
12223,wind,2030,30,7,7,-0.252415270224728
12224,wind,2030,30,8,8,-0.252415270224728
12225,wind,2030,30,9,9,-0.252415270224728
12226,wind,2030,30,10,10,-0.252415270224728
12227,wind,2030,30,11,11,-0.252415270224728
12228,wind,2030,30,12,12,-0.252415270224728
12229,wind,2030,30,13,13,-0.252415270224728
12230,wind,2030,30,14,14,-0.252415270224728
12231,wind,2030,30,15,15,-0.252415270224728
12232,wind,2030,30,16,16,-0.252415270224728
12233,wind,2030,30,17,17,-0.252415270224728
12234,wind,2030,30,18,18,-0.252415270224728
12235,wind,2030,30,19,19,-0.252415270224728
12236,wind,2030,30,20,20,-0.252415270224728
12237,wind,2030,30,21,21,-0.252415270224728
12238,wind,2030,30,22,22,-0.252415270224728
12239,wind,2030,30,23,23,-0.252415270224728
12240,wind,2030,30,24,24,-0.252415270224728
12241,wind,2030,31,1,1,-0.04660910945167829
12242,wind,2030,31,2,2,-0.04660910945167829
12243,wind,2030,31,3,3,-0.04660910945167829
12244,wind,2030,31,4,4,-0.04660910945167829
12245,wind,2030,31,5,5,-0.04660910945167829
12246,wind,2030,31,6,6,-0.04660910945167829
12247,wind,2030,31,7,7,-0.04660910945167829
12248,wind,2030,31,8,8,-0.04660910945167829
12249,wind,2030,31,9,9,-0.04660910945167829
12250,wind,2030,31,10,10,-0.04660910945167829
12251,wind,2030,31,11,11,-0.04660910945167829
12252,wind,2030,31,12,12,-0.04660910945167829
12253,wind,2030,31,13,13,-0.04660910945167829
12254,wind,2030,31,14,14,-0.04660910945167829
12255,wind,2030,31,15,15,-0.04660910945167829
12256,wind,2030,31,16,16,-0.04660910945167829
12257,wind,2030,31,17,17,-0.04660910945167829
12258,wind,2030,31,18,18,-0.04660910945167829
12259,wind,2030,31,19,19,-0.04660910945167829
12260,wind,2030,31,20,20,-0.04660910945167829
12261,wind,2030,31,21,21,-0.04660910945167829
12262,wind,2030,31,22,22,-0.04660910945167829
12263,wind,2030,31,23,23,-0.04660910945167829
12264,wind,2030,31,24,24,-0.04660910945167829
12265,wind,2030,32,1,1,-0.047444309405481354
12266,wind,2030,32,2,2,-0.047444309405481354
12267,wind,2030,32,3,3,-0.047444309405481354
12268,wind,2030,32,4,4,-0.047444309405481354
12269,wind,2030,32,5,5,-0.047444309405481354
12270,wind,2030,32,6,6,-0.047444309405481354
12271,wind,2030,32,7,7,-0.047444309405481354
12272,wind,2030,32,8,8,-0.047444309405481354
12273,wind,2030,32,9,9,-0.047444309405481354
12274,wind,2030,32,10,10,-0.047444309405481354
12275,wind,2030,32,11,11,-0.047444309405481354
12276,wind,2030,32,12,12,-0.047444309405481354
12277,wind,2030,32,13,13,-0.047444309405481354
12278,wind,2030,32,14,14,-0.047444309405481354
12279,wind,2030,32,15,15,-0.047444309405481354
12280,wind,2030,32,16,16,-0.047444309405481354
12281,wind,2030,32,17,17,-0.047444309405481354
12282,wind,2030,32,18,18,-0.047444309405481354
12283,wind,2030,32,19,19,-0.047444309405481354
12284,wind,2030,32,20,20,-0.047444309405481354
12285,wind,2030,32,21,21,-0.047444309405481354
12286,wind,2030,32,22,22,-0.047444309405481354
12287,wind,2030,32,23,23,-0.047444309405481354
12288,wind,2030,32,24,24,-0.047444309405481354
12289,wind,2030,33,1,1,-0.024
12290,wind,2030,33,2,2,-0.024
12291,wind,2030,33,3,3,-0.024
12292,wind,2030,33,4,4,-0.024
12293,wind,2030,33,5,5,-0.024
12294,wind,2030,33,6,6,-0.024
12295,wind,2030,33,7,7,-0.024
12296,wind,2030,33,8,8,-0.024
12297,wind,2030,33,9,9,-0.024
12298,wind,2030,33,10,10,-0.024
12299,wind,2030,33,11,11,-0.024
12300,wind,2030,33,12,12,-0.024
12301,wind,2030,33,13,13,-0.024
12302,wind,2030,33,14,14,-0.024
12303,wind,2030,33,15,15,-0.024
12304,wind,2030,33,16,16,-0.024
12305,wind,2030,33,17,17,-0.024
12306,wind,2030,33,18,18,-0.024
12307,wind,2030,33,19,19,-0.024
12308,wind,2030,33,20,20,-0.024
12309,wind,2030,33,21,21,-0.024
12310,wind,2030,33,22,22,-0.024
12311,wind,2030,33,23,23,-0.024
12312,wind,2030,33,24,24,-0.024
12313,wind,2030,34,1,1,-0.057470497513999054
12314,wind,2030,34,2,2,-0.057470497513999054
12315,wind,2030,34,3,3,-0.057470497513999054
12316,wind,2030,34,4,4,-0.057470497513999054
12317,wind,2030,34,5,5,-0.057470497513999054
12318,wind,2030,34,6,6,-0.057470497513999054
12319,wind,2030,34,7,7,-0.08141653814483199
12320,wind,2030,34,8,8,-0.08141653814483199
12321,wind,2030,34,9,9,-0.08141653814483199
12322,wind,2030,34,10,10,-0.08141653814483199
12323,wind,2030,34,11,11,-0.08141653814483199
12324,wind,2030,34,12,12,-0.08141653814483199
12325,wind,2030,34,13,13,-0.08141653814483199
12326,wind,2030,34,14,14,-0.08141653814483199
12327,wind,2030,34,15,15,-0.08141653814483199
12328,wind,2030,34,16,16,-0.08141653814483199
12329,wind,2030,34,17,17,-0.08141653814483199
12330,wind,2030,34,18,18,-0.08141653814483199
12331,wind,2030,34,19,19,-0.08141653814483199
12332,wind,2030,34,20,20,-0.08141653814483199
12333,wind,2030,34,21,21,-0.08141653814483199
12334,wind,2030,34,22,22,-0.08141653814483199
12335,wind,2030,34,23,23,-0.08141653814483199
12336,wind,2030,34,24,24,-0.08141653814483199
12337,wind,2030,35,1,1,-0.13441007583464962
12338,wind,2030,35,2,2,-0.13441007583464962
12339,wind,2030,35,3,3,-0.13441007583464962
12340,wind,2030,35,4,4,-0.13441007583464962
12341,wind,2030,35,5,5,-0.13441007583464962
12342,wind,2030,35,6,6,-0.13441007583464962
12343,wind,2030,35,7,7,-0.13441007583464962
12344,wind,2030,35,8,8,-0.13441007583464962
12345,wind,2030,35,9,9,-0.13441007583464962
12346,wind,2030,35,10,10,-0.13441007583464962
12347,wind,2030,35,11,11,-0.13441007583464962
12348,wind,2030,35,12,12,-0.13441007583464962
12349,wind,2030,35,13,13,-0.13441007583464962
12350,wind,2030,35,14,14,-0.13441007583464962
12351,wind,2030,35,15,15,-0.13441007583464962
12352,wind,2030,35,16,16,-0.13441007583464962
12353,wind,2030,35,17,17,-0.13441007583464962
12354,wind,2030,35,18,18,-0.13441007583464962
12355,wind,2030,35,19,19,-0.13441007583464962
12356,wind,2030,35,20,20,-0.13441007583464962
12357,wind,2030,35,21,21,-0.13441007583464962
12358,wind,2030,35,22,22,-0.13441007583464962
12359,wind,2030,35,23,23,-0.13441007583464962
12360,wind,2030,35,24,24,-0.13441007583464962
12361,wind,2030,36,1,1,-0.04830004204352026
12362,wind,2030,36,2,2,-0.04830004204352026
12363,wind,2030,36,3,3,-0.04830004204352026
12364,wind,2030,36,4,4,-0.04830004204352026
12365,wind,2030,36,5,5,-0.04830004204352026
12366,wind,2030,36,6,6,-0.04830004204352026
12367,wind,2030,36,7,7,-0.04830004204352026
12368,wind,2030,36,8,8,-0.04830004204352026
12369,wind,2030,36,9,9,-0.04830004204352026
12370,wind,2030,36,10,10,-0.04830004204352026
12371,wind,2030,36,11,11,-0.04830004204352026
12372,wind,2030,36,12,12,-0.04830004204352026
12373,wind,2030,36,13,13,-0.04830004204352026
12374,wind,2030,36,14,14,-0.04830004204352026
12375,wind,2030,36,15,15,-0.04830004204352026
12376,wind,2030,36,16,16,-0.04830004204352026
12377,wind,2030,36,17,17,-0.04830004204352026
12378,wind,2030,36,18,18,-0.04830004204352026
12379,wind,2030,36,19,19,-0.06842505956165369
12380,wind,2030,36,20,20,-0.06842505956165369
12381,wind,2030,36,21,21,-0.04830004204352026
12382,wind,2030,36,22,22,-0.04830004204352026
12383,wind,2030,36,23,23,-0.04830004204352026
12384,wind,2030,36,24,24,-0.04830004204352026
12385,wind,2030,37,1,1,-0.024
12386,wind,2030,37,2,2,-0.024
12387,wind,2030,37,3,3,-0.024
12388,wind,2030,37,4,4,-0.024
12389,wind,2030,37,5,5,-0.024
12390,wind,2030,37,6,6,-0.024
12391,wind,2030,37,7,7,-0.024
12392,wind,2030,37,8,8,-0.024
12393,wind,2030,37,9,9,-0.024
12394,wind,2030,37,10,10,-0.024
12395,wind,2030,37,11,11,-0.024
12396,wind,2030,37,12,12,-0.024
12397,wind,2030,37,13,13,-0.024
12398,wind,2030,37,14,14,-0.024
12399,wind,2030,37,15,15,-0.024
12400,wind,2030,37,16,16,-0.024
12401,wind,2030,37,17,17,-0.024
12402,wind,2030,37,18,18,-0.024
12403,wind,2030,37,19,19,-0.024
12404,wind,2030,37,20,20,-0.024
12405,wind,2030,37,21,21,-0.024
12406,wind,2030,37,22,22,-0.024
12407,wind,2030,37,23,23,-0.024
12408,wind,2030,37,24,24,-0.024
12409,wind,2030,38,1,1,-0.03886643425677861
12410,wind,2030,38,2,2,-0.03886643425677861
12411,wind,2030,38,3,3,-0.03886643425677861
12412,wind,2030,38,4,4,-0.03886643425677861
12413,wind,2030,38,5,5,-0.03886643425677861
12414,wind,2030,38,6,6,-0.03886643425677861
12415,wind,2030,38,7,7,-0.03886643425677861
12416,wind,2030,38,8,8,-0.03886643425677861
12417,wind,2030,38,9,9,-0.03886643425677861
12418,wind,2030,38,10,10,-0.03886643425677861
12419,wind,2030,38,11,11,-0.03886643425677861
12420,wind,2030,38,12,12,-0.03886643425677861
12421,wind,2030,38,13,13,-0.03886643425677861
12422,wind,2030,38,14,14,-0.03886643425677861
12423,wind,2030,38,15,15,-0.03886643425677861
12424,wind,2030,38,16,16,-0.03886643425677861
12425,wind,2030,38,17,17,-0.03886643425677861
12426,wind,2030,38,18,18,-0.03886643425677861
12427,wind,2030,38,19,19,-0.055060781863769705
12428,wind,2030,38,20,20,-0.055060781863769705
12429,wind,2030,38,21,21,-0.055060781863769705
12430,wind,2030,38,22,22,-0.03886643425677861
12431,wind,2030,38,23,23,-0.03886643425677861
12432,wind,2030,38,24,24,-0.03886643425677861
12433,wind,2030,39,1,1,-0.051489124164256356
12434,wind,2030,39,2,2,-0.051489124164256356
12435,wind,2030,39,3,3,-0.051489124164256356
12436,wind,2030,39,4,4,-0.051489124164256356
12437,wind,2030,39,5,5,-0.051489124164256356
12438,wind,2030,39,6,6,-0.051489124164256356
12439,wind,2030,39,7,7,-0.051489124164256356
12440,wind,2030,39,8,8,-0.051489124164256356
12441,wind,2030,39,9,9,-0.051489124164256356
12442,wind,2030,39,10,10,-0.051489124164256356
12443,wind,2030,39,11,11,-0.051489124164256356
12444,wind,2030,39,12,12,-0.051489124164256356
12445,wind,2030,39,13,13,-0.051489124164256356
12446,wind,2030,39,14,14,-0.051489124164256356
12447,wind,2030,39,15,15,-0.051489124164256356
12448,wind,2030,39,16,16,-0.051489124164256356
12449,wind,2030,39,17,17,-0.051489124164256356
12450,wind,2030,39,18,18,-0.051489124164256356
12451,wind,2030,39,19,19,-0.07294292589936317
12452,wind,2030,39,20,20,-0.07294292589936317
12453,wind,2030,39,21,21,-0.07294292589936317
12454,wind,2030,39,22,22,-0.051489124164256356
12455,wind,2030,39,23,23,-0.051489124164256356
12456,wind,2030,39,24,24,-0.051489124164256356
12457,wind,2030,40,1,1,-0.09435512139732972
12458,wind,2030,40,2,2,-0.09435512139732972
12459,wind,2030,40,3,3,-0.09435512139732972
12460,wind,2030,40,4,4,-0.09435512139732972
12461,wind,2030,40,5,5,-0.09435512139732972
12462,wind,2030,40,6,6,-0.09435512139732972
12463,wind,2030,40,7,7,-0.09435512139732972
12464,wind,2030,40,8,8,-0.09435512139732972
12465,wind,2030,40,9,9,-0.09435512139732972
12466,wind,2030,40,10,10,-0.09435512139732972
12467,wind,2030,40,11,11,-0.09435512139732972
12468,wind,2030,40,12,12,-0.09435512139732972
12469,wind,2030,40,13,13,-0.09435512139732972
12470,wind,2030,40,14,14,-0.09435512139732972
12471,wind,2030,40,15,15,-0.09435512139732972
12472,wind,2030,40,16,16,-0.09435512139732972
12473,wind,2030,40,17,17,-0.09435512139732972
12474,wind,2030,40,18,18,-0.09435512139732972
12475,wind,2030,40,19,19,-0.09435512139732972
12476,wind,2030,40,20,20,-0.1336697553128838
12477,wind,2030,40,21,21,-0.1336697553128838
12478,wind,2030,40,22,22,-0.09435512139732972
12479,wind,2030,40,23,23,-0.09435512139732972
12480,wind,2030,40,24,24,-0.09435512139732972
12481,wind,2030,41,1,1,-0.11217030347352068
12482,wind,2030,41,2,2,-0.11217030347352068
12483,wind,2030,41,3,3,-0.11217030347352068
12484,wind,2030,41,4,4,-0.11217030347352068
12485,wind,2030,41,5,5,-0.11217030347352068
12486,wind,2030,41,6,6,-0.11217030347352068
12487,wind,2030,41,7,7,-0.11217030347352068
12488,wind,2030,41,8,8,-0.11217030347352068
12489,wind,2030,41,9,9,-0.11217030347352068
12490,wind,2030,41,10,10,-0.11217030347352068
12491,wind,2030,41,11,11,-0.11217030347352068
12492,wind,2030,41,12,12,-0.11217030347352068
12493,wind,2030,41,13,13,-0.11217030347352068
12494,wind,2030,41,14,14,-0.11217030347352068
12495,wind,2030,41,15,15,-0.11217030347352068
12496,wind,2030,41,16,16,-0.11217030347352068
12497,wind,2030,41,17,17,-0.11217030347352068
12498,wind,2030,41,18,18,-0.11217030347352068
12499,wind,2030,41,19,19,-0.11217030347352068
12500,wind,2030,41,20,20,-0.11217030347352068
12501,wind,2030,41,21,21,-0.11217030347352068
12502,wind,2030,41,22,22,-0.11217030347352068
12503,wind,2030,41,23,23,-0.11217030347352068
12504,wind,2030,41,24,24,-0.11217030347352068
12505,wind,2030,42,1,1,-0.07200000000000001
12506,wind,2030,42,2,2,-0.07200000000000001
12507,wind,2030,42,3,3,-0.07200000000000001
12508,wind,2030,42,4,4,-0.07200000000000001
12509,wind,2030,42,5,5,-0.07200000000000001
12510,wind,2030,42,6,6,-0.07200000000000001
12511,wind,2030,42,7,7,-0.07200000000000001
12512,wind,2030,42,8,8,-0.07200000000000001
12513,wind,2030,42,9,9,-0.07200000000000001
12514,wind,2030,42,10,10,-0.07200000000000001
12515,wind,2030,42,11,11,-0.07200000000000001
12516,wind,2030,42,12,12,-0.07200000000000001
12517,wind,2030,42,13,13,-0.07200000000000001
12518,wind,2030,42,14,14,-0.07200000000000001
12519,wind,2030,42,15,15,-0.07200000000000001
12520,wind,2030,42,16,16,-0.07200000000000001
12521,wind,2030,42,17,17,-0.07200000000000001
12522,wind,2030,42,18,18,-0.07200000000000001
12523,wind,2030,42,19,19,-0.07200000000000001
12524,wind,2030,42,20,20,-0.07200000000000001
12525,wind,2030,42,21,21,-0.07200000000000001
12526,wind,2030,42,22,22,-0.07200000000000001
12527,wind,2030,42,23,23,-0.07200000000000001
12528,wind,2030,42,24,24,-0.07200000000000001
12529,wind,2030,43,1,1,-1.5355650524265931
12530,wind,2030,43,2,2,-1.5355650524265931
12531,wind,2030,43,3,3,-1.5355650524265931
12532,wind,2030,43,4,4,-1.5355650524265931
12533,wind,2030,43,5,5,-1.5355650524265931
12534,wind,2030,43,6,6,-1.5355650524265931
12535,wind,2030,43,7,7,-1.5355650524265931
12536,wind,2030,43,8,8,-1.5355650524265931
12537,wind,2030,43,9,9,-1.5355650524265931
12538,wind,2030,43,10,10,-1.5355650524265931
12539,wind,2030,43,11,11,-1.5355650524265931
12540,wind,2030,43,12,12,-1.5355650524265931
12541,wind,2030,43,13,13,-1.5355650524265931
12542,wind,2030,43,14,14,-1.5355650524265931
12543,wind,2030,43,15,15,-1.5355650524265931
12544,wind,2030,43,16,16,-1.5355650524265931
12545,wind,2030,43,17,17,-1.5355650524265931
12546,wind,2030,43,18,18,-1.5355650524265931
12547,wind,2030,43,19,19,-1.5355650524265931
12548,wind,2030,43,20,20,-1.5355650524265931
12549,wind,2030,43,21,21,-1.5355650524265931
12550,wind,2030,43,22,22,-1.5355650524265931
12551,wind,2030,43,23,23,-1.5355650524265931
12552,wind,2030,43,24,24,-1.5355650524265931
12553,wind,2030,44,1,1,-0.12438467744961397
12554,wind,2030,44,2,2,-0.12438467744961397
12555,wind,2030,44,3,3,-0.12438467744961397
12556,wind,2030,44,4,4,-0.12438467744961397
12557,wind,2030,44,5,5,-0.12438467744961397
12558,wind,2030,44,6,6,-0.12438467744961397
12559,wind,2030,44,7,7,-0.12438467744961397
12560,wind,2030,44,8,8,-0.12438467744961397
12561,wind,2030,44,9,9,-0.12438467744961397
12562,wind,2030,44,10,10,-0.12438467744961397
12563,wind,2030,44,11,11,-0.12438467744961397
12564,wind,2030,44,12,12,-0.12438467744961397
12565,wind,2030,44,13,13,-0.12438467744961397
12566,wind,2030,44,14,14,-0.12438467744961397
12567,wind,2030,44,15,15,-0.12438467744961397
12568,wind,2030,44,16,16,-0.12438467744961397
12569,wind,2030,44,17,17,-0.12438467744961397
12570,wind,2030,44,18,18,-0.12438467744961397
12571,wind,2030,44,19,19,-0.12438467744961397
12572,wind,2030,44,20,20,-0.12438467744961397
12573,wind,2030,44,21,21,-0.12438467744961397
12574,wind,2030,44,22,22,-0.12438467744961397
12575,wind,2030,44,23,23,-0.12438467744961397
12576,wind,2030,44,24,24,-0.12438467744961397
12577,wind,2030,45,1,1,-0.024
12578,wind,2030,45,2,2,-0.024
12579,wind,2030,45,3,3,-0.024
12580,wind,2030,45,4,4,-0.024
12581,wind,2030,45,5,5,-0.024
12582,wind,2030,45,6,6,-0.024
12583,wind,2030,45,7,7,-0.024
12584,wind,2030,45,8,8,-0.024
12585,wind,2030,45,9,9,-0.024
12586,wind,2030,45,10,10,-0.024
12587,wind,2030,45,11,11,-0.024
12588,wind,2030,45,12,12,-0.024
12589,wind,2030,45,13,13,-0.024
12590,wind,2030,45,14,14,-0.024
12591,wind,2030,45,15,15,-0.024
12592,wind,2030,45,16,16,-0.024
12593,wind,2030,45,17,17,-0.024
12594,wind,2030,45,18,18,-0.024
12595,wind,2030,45,19,19,-0.024
12596,wind,2030,45,20,20,-0.024
12597,wind,2030,45,21,21,-0.024
12598,wind,2030,45,22,22,-0.024
12599,wind,2030,45,23,23,-0.024
12600,wind,2030,45,24,24,-0.024
12601,wind,2030,46,1,1,-0.5041030951868966
12602,wind,2030,46,2,2,-0.5041030951868966
12603,wind,2030,46,3,3,-0.5041030951868966
12604,wind,2030,46,4,4,-0.5041030951868966
12605,wind,2030,46,5,5,-0.5041030951868966
12606,wind,2030,46,6,6,-0.5041030951868966
12607,wind,2030,46,7,7,-0.5041030951868966
12608,wind,2030,46,8,8,-0.5041030951868966
12609,wind,2030,46,9,9,-0.5041030951868966
12610,wind,2030,46,10,10,-0.5041030951868966
12611,wind,2030,46,11,11,-0.5041030951868966
12612,wind,2030,46,12,12,-0.5041030951868966
12613,wind,2030,46,13,13,-0.5041030951868966
12614,wind,2030,46,14,14,-0.5041030951868966
12615,wind,2030,46,15,15,-0.5041030951868966
12616,wind,2030,46,16,16,-0.5041030951868966
12617,wind,2030,46,17,17,-0.5041030951868966
12618,wind,2030,46,18,18,-0.5041030951868966
12619,wind,2030,46,19,19,-0.5041030951868966
12620,wind,2030,46,20,20,-0.5041030951868966
12621,wind,2030,46,21,21,-0.5041030951868966
12622,wind,2030,46,22,22,-0.5041030951868966
12623,wind,2030,46,23,23,-0.5041030951868966
12624,wind,2030,46,24,24,-0.5041030951868966
12625,wind,2030,47,1,1,-0.09278598583304254
12626,wind,2030,47,2,2,-0.09278598583304254
12627,wind,2030,47,3,3,-0.09278598583304254
12628,wind,2030,47,4,4,-0.09278598583304254
12629,wind,2030,47,5,5,-0.09278598583304254
12630,wind,2030,47,6,6,-0.09278598583304254
12631,wind,2030,47,7,7,-0.09278598583304254
12632,wind,2030,47,8,8,-0.09278598583304254
12633,wind,2030,47,9,9,-0.09278598583304254
12634,wind,2030,47,10,10,-0.09278598583304254
12635,wind,2030,47,11,11,-0.09278598583304254
12636,wind,2030,47,12,12,-0.09278598583304254
12637,wind,2030,47,13,13,-0.09278598583304254
12638,wind,2030,47,14,14,-0.09278598583304254
12639,wind,2030,47,15,15,-0.09278598583304254
12640,wind,2030,47,16,16,-0.09278598583304254
12641,wind,2030,47,17,17,-0.09278598583304254
12642,wind,2030,47,18,18,-0.09278598583304254
12643,wind,2030,47,19,19,-0.09278598583304254
12644,wind,2030,47,20,20,-0.09278598583304254
12645,wind,2030,47,21,21,-0.09278598583304254
12646,wind,2030,47,22,22,-0.09278598583304254
12647,wind,2030,47,23,23,-0.09278598583304254
12648,wind,2030,47,24,24,-0.09278598583304254
12649,wind,2030,48,1,1,-0.1005583774666784
12650,wind,2030,48,2,2,-0.1005583774666784
12651,wind,2030,48,3,3,-0.1005583774666784
12652,wind,2030,48,4,4,-0.1005583774666784
12653,wind,2030,48,5,5,-0.1005583774666784
12654,wind,2030,48,6,6,-0.1005583774666784
12655,wind,2030,48,7,7,-0.1005583774666784
12656,wind,2030,48,8,8,-0.1005583774666784
12657,wind,2030,48,9,9,-0.1005583774666784
12658,wind,2030,48,10,10,-0.1005583774666784
12659,wind,2030,48,11,11,-0.1005583774666784
12660,wind,2030,48,12,12,-0.1005583774666784
12661,wind,2030,48,13,13,-0.1005583774666784
12662,wind,2030,48,14,14,-0.1005583774666784
12663,wind,2030,48,15,15,-0.1005583774666784
12664,wind,2030,48,16,16,-0.1005583774666784
12665,wind,2030,48,17,17,-0.1005583774666784
12666,wind,2030,48,18,18,-0.1005583774666784
12667,wind,2030,48,19,19,-0.1005583774666784
12668,wind,2030,48,20,20,-0.1005583774666784
12669,wind,2030,48,21,21,-0.1005583774666784
12670,wind,2030,48,22,22,-0.1005583774666784
12671,wind,2030,48,23,23,-0.1005583774666784
12672,wind,2030,48,24,24,-0.1005583774666784
12673,wind,2030,49,1,1,-0.04906798406012168
12674,wind,2030,49,2,2,-0.04906798406012168
12675,wind,2030,49,3,3,-0.04906798406012168
12676,wind,2030,49,4,4,-0.04906798406012168
12677,wind,2030,49,5,5,-0.04906798406012168
12678,wind,2030,49,6,6,-0.04906798406012168
12679,wind,2030,49,7,7,-0.04906798406012168
12680,wind,2030,49,8,8,-0.04906798406012168
12681,wind,2030,49,9,9,-0.04906798406012168
12682,wind,2030,49,10,10,-0.04906798406012168
12683,wind,2030,49,11,11,-0.04906798406012168
12684,wind,2030,49,12,12,-0.04906798406012168
12685,wind,2030,49,13,13,-0.04906798406012168
12686,wind,2030,49,14,14,-0.04906798406012168
12687,wind,2030,49,15,15,-0.04906798406012168
12688,wind,2030,49,16,16,-0.04906798406012168
12689,wind,2030,49,17,17,-0.04906798406012168
12690,wind,2030,49,18,18,-0.04906798406012168
12691,wind,2030,49,19,19,-0.04906798406012168
12692,wind,2030,49,20,20,-0.04906798406012168
12693,wind,2030,49,21,21,-0.04906798406012168
12694,wind,2030,49,22,22,-0.04906798406012168
12695,wind,2030,49,23,23,-0.04906798406012168
12696,wind,2030,49,24,24,-0.04906798406012168
12697,wind,2030,50,1,1,-0.02442206262393481
12698,wind,2030,50,2,2,-0.02442206262393481
12699,wind,2030,50,3,3,-0.02442206262393481
12700,wind,2030,50,4,4,-0.02442206262393481
12701,wind,2030,50,5,5,-0.02442206262393481
12702,wind,2030,50,6,6,-0.02442206262393481
12703,wind,2030,50,7,7,-0.02442206262393481
12704,wind,2030,50,8,8,-0.02442206262393481
12705,wind,2030,50,9,9,-0.02442206262393481
12706,wind,2030,50,10,10,-0.02442206262393481
12707,wind,2030,50,11,11,-0.02442206262393481
12708,wind,2030,50,12,12,-0.02442206262393481
12709,wind,2030,50,13,13,-0.02442206262393481
12710,wind,2030,50,14,14,-0.02442206262393481
12711,wind,2030,50,15,15,-0.02442206262393481
12712,wind,2030,50,16,16,-0.02442206262393481
12713,wind,2030,50,17,17,-0.02442206262393481
12714,wind,2030,50,18,18,-0.02442206262393481
12715,wind,2030,50,19,19,-0.02442206262393481
12716,wind,2030,50,20,20,-0.02442206262393481
12717,wind,2030,50,21,21,-0.02442206262393481
12718,wind,2030,50,22,22,-0.02442206262393481
12719,wind,2030,50,23,23,-0.02442206262393481
12720,wind,2030,50,24,24,-0.02442206262393481
12721,wind,2030,51,1,1,-0.15781668762603002
12722,wind,2030,51,2,2,-0.15781668762603002
12723,wind,2030,51,3,3,-0.15781668762603002
12724,wind,2030,51,4,4,-0.15781668762603002
12725,wind,2030,51,5,5,-0.15781668762603002
12726,wind,2030,51,6,6,-0.15781668762603002
12727,wind,2030,51,7,7,-0.15781668762603002
12728,wind,2030,51,8,8,-0.15781668762603002
12729,wind,2030,51,9,9,-0.15781668762603002
12730,wind,2030,51,10,10,-0.15781668762603002
12731,wind,2030,51,11,11,-0.15781668762603002
12732,wind,2030,51,12,12,-0.15781668762603002
12733,wind,2030,51,13,13,-0.15781668762603002
12734,wind,2030,51,14,14,-0.15781668762603002
12735,wind,2030,51,15,15,-0.15781668762603002
12736,wind,2030,51,16,16,-0.15781668762603002
12737,wind,2030,51,17,17,-0.15781668762603002
12738,wind,2030,51,18,18,-0.15781668762603002
12739,wind,2030,51,19,19,-0.15781668762603002
12740,wind,2030,51,20,20,-0.15781668762603002
12741,wind,2030,51,21,21,-0.15781668762603002
12742,wind,2030,51,22,22,-0.15781668762603002
12743,wind,2030,51,23,23,-0.15781668762603002
12744,wind,2030,51,24,24,-0.15781668762603002
12745,wind,2030,52,1,1,-0.0407090990575913
12746,wind,2030,52,2,2,-0.0407090990575913
12747,wind,2030,52,3,3,-0.0407090990575913
12748,wind,2030,52,4,4,-0.0407090990575913
12749,wind,2030,52,5,5,-0.0407090990575913
12750,wind,2030,52,6,6,-0.0407090990575913
12751,wind,2030,52,7,7,-0.0407090990575913
12752,wind,2030,52,8,8,-0.0407090990575913
12753,wind,2030,52,9,9,-0.0407090990575913
12754,wind,2030,52,10,10,-0.0407090990575913
12755,wind,2030,52,11,11,-0.0407090990575913
12756,wind,2030,52,12,12,-0.0407090990575913
12757,wind,2030,52,13,13,-0.0407090990575913
12758,wind,2030,52,14,14,-0.0407090990575913
12759,wind,2030,52,15,15,-0.0407090990575913
12760,wind,2030,52,16,16,-0.0407090990575913
12761,wind,2030,52,17,17,-0.0407090990575913
12762,wind,2030,52,18,18,-0.0407090990575913
12763,wind,2030,52,19,19,-0.0407090990575913
12764,wind,2030,52,20,20,-0.0407090990575913
12765,wind,2030,52,21,21,-0.0407090990575913
12766,wind,2030,52,22,22,-0.0407090990575913
12767,wind,2030,52,23,23,-0.0407090990575913
12768,wind,2030,52,24,24,-0.0407090990575913
12769,wind,2030,53,1,1,-0.025165545699809253
12770,wind,2030,53,2,2,-0.025165545699809253
12771,wind,2030,53,3,3,-0.025165545699809253
12772,wind,2030,53,4,4,-0.025165545699809253
12773,wind,2030,53,5,5,-0.025165545699809253
12774,wind,2030,53,6,6,-0.025165545699809253
12775,wind,2030,53,7,7,-0.025165545699809253
12776,wind,2030,53,8,8,-0.025165545699809253
12777,wind,2030,53,9,9,-0.025165545699809253
12778,wind,2030,53,10,10,-0.025165545699809253
12779,wind,2030,53,11,11,-0.025165545699809253
12780,wind,2030,53,12,12,-0.025165545699809253
12781,wind,2030,53,13,13,-0.025165545699809253
12782,wind,2030,53,14,14,-0.025165545699809253
12783,wind,2030,53,15,15,-0.025165545699809253
12784,wind,2030,53,16,16,-0.025165545699809253
12785,wind,2030,53,17,17,-0.025165545699809253
12786,wind,2030,53,18,18,-0.025165545699809253
12787,wind,2030,53,19,19,-0.025165545699809253
12788,wind,2030,53,20,20,-0.025165545699809253
12789,wind,2030,53,21,21,-0.025165545699809253
12790,wind,2030,53,22,22,-0.025165545699809253
12791,wind,2030,53,23,23,-0.025165545699809253
12792,wind,2030,53,24,24,-0.025165545699809253
12793,wind,2030,54,1,1,-0.07030698586721869
12794,wind,2030,54,2,2,-0.07030698586721869
12795,wind,2030,54,3,3,-0.07030698586721869
12796,wind,2030,54,4,4,-0.07030698586721869
12797,wind,2030,54,5,5,-0.07030698586721869
12798,wind,2030,54,6,6,-0.07030698586721869
12799,wind,2030,54,7,7,-0.07030698586721869
12800,wind,2030,54,8,8,-0.07030698586721869
12801,wind,2030,54,9,9,-0.07030698586721869
12802,wind,2030,54,10,10,-0.07030698586721869
12803,wind,2030,54,11,11,-0.07030698586721869
12804,wind,2030,54,12,12,-0.07030698586721869
12805,wind,2030,54,13,13,-0.07030698586721869
12806,wind,2030,54,14,14,-0.07030698586721869
12807,wind,2030,54,15,15,-0.07030698586721869
12808,wind,2030,54,16,16,-0.07030698586721869
12809,wind,2030,54,17,17,-0.07030698586721869
12810,wind,2030,54,18,18,-0.09960156331189315
12811,wind,2030,54,19,19,-0.09960156331189315
12812,wind,2030,54,20,20,-0.09960156331189315
12813,wind,2030,54,21,21,-0.07030698586721869
12814,wind,2030,54,22,22,-0.07030698586721869
12815,wind,2030,54,23,23,-0.07030698586721869
12816,wind,2030,54,24,24,-0.07030698586721869
12817,wind,2030,55,1,1,-0.1404471714418664
12818,wind,2030,55,2,2,-0.1404471714418664
12819,wind,2030,55,3,3,-0.1404471714418664
12820,wind,2030,55,4,4,-0.1404471714418664
12821,wind,2030,55,5,5,-0.1404471714418664
12822,wind,2030,55,6,6,-0.1404471714418664
12823,wind,2030,55,7,7,-0.1404471714418664
12824,wind,2030,55,8,8,-0.1404471714418664
12825,wind,2030,55,9,9,-0.1404471714418664
12826,wind,2030,55,10,10,-0.1404471714418664
12827,wind,2030,55,11,11,-0.1404471714418664
12828,wind,2030,55,12,12,-0.1404471714418664
12829,wind,2030,55,13,13,-0.1404471714418664
12830,wind,2030,55,14,14,-0.1404471714418664
12831,wind,2030,55,15,15,-0.1404471714418664
12832,wind,2030,55,16,16,-0.1404471714418664
12833,wind,2030,55,17,17,-0.1404471714418664
12834,wind,2030,55,18,18,-0.1404471714418664
12835,wind,2030,55,19,19,-0.1404471714418664
12836,wind,2030,55,20,20,-0.1404471714418664
12837,wind,2030,55,21,21,-0.1404471714418664
12838,wind,2030,55,22,22,-0.1404471714418664
12839,wind,2030,55,23,23,-0.1404471714418664
12840,wind,2030,55,24,24,-0.1404471714418664
12841,wind,2030,56,1,1,-0.14451031133096714
12842,wind,2030,56,2,2,-0.14451031133096714
12843,wind,2030,56,3,3,-0.14451031133096714
12844,wind,2030,56,4,4,-0.14451031133096714
12845,wind,2030,56,5,5,-0.14451031133096714
12846,wind,2030,56,6,6,-0.14451031133096714
12847,wind,2030,56,7,7,-0.14451031133096714
12848,wind,2030,56,8,8,-0.14451031133096714
12849,wind,2030,56,9,9,-0.14451031133096714
12850,wind,2030,56,10,10,-0.14451031133096714
12851,wind,2030,56,11,11,-0.14451031133096714
12852,wind,2030,56,12,12,-0.14451031133096714
12853,wind,2030,56,13,13,-0.14451031133096714
12854,wind,2030,56,14,14,-0.14451031133096714
12855,wind,2030,56,15,15,-0.14451031133096714
12856,wind,2030,56,16,16,-0.14451031133096714
12857,wind,2030,56,17,17,-0.14451031133096714
12858,wind,2030,56,18,18,-0.14451031133096714
12859,wind,2030,56,19,19,-0.14451031133096714
12860,wind,2030,56,20,20,-0.14451031133096714
12861,wind,2030,56,21,21,-0.14451031133096714
12862,wind,2030,56,22,22,-0.14451031133096714
12863,wind,2030,56,23,23,-0.14451031133096714
12864,wind,2030,56,24,24,-0.14451031133096714
12865,wind,2030,57,1,1,-0.22207354134250948
12866,wind,2030,57,2,2,-0.22207354134250948
12867,wind,2030,57,3,3,-0.22207354134250948
12868,wind,2030,57,4,4,-0.22207354134250948
12869,wind,2030,57,5,5,-0.22207354134250948
12870,wind,2030,57,6,6,-0.22207354134250948
12871,wind,2030,57,7,7,-0.22207354134250948
12872,wind,2030,57,8,8,-0.22207354134250948
12873,wind,2030,57,9,9,-0.22207354134250948
12874,wind,2030,57,10,10,-0.22207354134250948
12875,wind,2030,57,11,11,-0.22207354134250948
12876,wind,2030,57,12,12,-0.22207354134250948
12877,wind,2030,57,13,13,-0.22207354134250948
12878,wind,2030,57,14,14,-0.22207354134250948
12879,wind,2030,57,15,15,-0.22207354134250948
12880,wind,2030,57,16,16,-0.22207354134250948
12881,wind,2030,57,17,17,-0.22207354134250948
12882,wind,2030,57,18,18,-0.22207354134250948
12883,wind,2030,57,19,19,-0.22207354134250948
12884,wind,2030,57,20,20,-0.22207354134250948
12885,wind,2030,57,21,21,-0.22207354134250948
12886,wind,2030,57,22,22,-0.22207354134250948
12887,wind,2030,57,23,23,-0.22207354134250948
12888,wind,2030,57,24,24,-0.22207354134250948
12889,wind,2030,58,1,1,-0.17548697825312734
12890,wind,2030,58,2,2,-0.17548697825312734
12891,wind,2030,58,3,3,-0.17548697825312734
12892,wind,2030,58,4,4,-0.17548697825312734
12893,wind,2030,58,5,5,-0.17548697825312734
12894,wind,2030,58,6,6,-0.17548697825312734
12895,wind,2030,58,7,7,-0.17548697825312734
12896,wind,2030,58,8,8,-0.17548697825312734
12897,wind,2030,58,9,9,-0.17548697825312734
12898,wind,2030,58,10,10,-0.17548697825312734
12899,wind,2030,58,11,11,-0.17548697825312734
12900,wind,2030,58,12,12,-0.17548697825312734
12901,wind,2030,58,13,13,-0.17548697825312734
12902,wind,2030,58,14,14,-0.17548697825312734
12903,wind,2030,58,15,15,-0.17548697825312734
12904,wind,2030,58,16,16,-0.17548697825312734
12905,wind,2030,58,17,17,-0.17548697825312734
12906,wind,2030,58,18,18,-0.17548697825312734
12907,wind,2030,58,19,19,-0.17548697825312734
12908,wind,2030,58,20,20,-0.17548697825312734
12909,wind,2030,58,21,21,-0.17548697825312734
12910,wind,2030,58,22,22,-0.17548697825312734
12911,wind,2030,58,23,23,-0.17548697825312734
12912,wind,2030,58,24,24,-0.17548697825312734
12913,wind,2030,59,1,1,-0.04687148025798804
12914,wind,2030,59,2,2,-0.04687148025798804
12915,wind,2030,59,3,3,-0.04687148025798804
12916,wind,2030,59,4,4,-0.04687148025798804
12917,wind,2030,59,5,5,-0.04687148025798804
12918,wind,2030,59,6,6,-0.04687148025798804
12919,wind,2030,59,7,7,-0.04687148025798804
12920,wind,2030,59,8,8,-0.04687148025798804
12921,wind,2030,59,9,9,-0.04687148025798804
12922,wind,2030,59,10,10,-0.04687148025798804
12923,wind,2030,59,11,11,-0.06640126369881638
12924,wind,2030,59,12,12,-0.06640126369881638
12925,wind,2030,59,13,13,-0.06640126369881638
12926,wind,2030,59,14,14,-0.06640126369881638
12927,wind,2030,59,15,15,-0.06640126369881638
12928,wind,2030,59,16,16,-0.06640126369881638
12929,wind,2030,59,17,17,-0.06640126369881638
12930,wind,2030,59,18,18,-0.06640126369881638
12931,wind,2030,59,19,19,-0.06640126369881638
12932,wind,2030,59,20,20,-0.06640126369881638
12933,wind,2030,59,21,21,-0.06640126369881638
12934,wind,2030,59,22,22,-0.06640126369881638
12935,wind,2030,59,23,23,-0.06640126369881638
12936,wind,2030,59,24,24,-0.06640126369881638
12937,wind,2030,60,1,1,-0.04599966883035805
12938,wind,2030,60,2,2,-0.04599966883035805
12939,wind,2030,60,3,3,-0.04599966883035805
12940,wind,2030,60,4,4,-0.04599966883035805
12941,wind,2030,60,5,5,-0.04599966883035805
12942,wind,2030,60,6,6,-0.04599966883035805
12943,wind,2030,60,7,7,-0.04599966883035805
12944,wind,2030,60,8,8,-0.04599966883035805
12945,wind,2030,60,9,9,-0.04599966883035805
12946,wind,2030,60,10,10,-0.04599966883035805
12947,wind,2030,60,11,11,-0.04599966883035805
12948,wind,2030,60,12,12,-0.04599966883035805
12949,wind,2030,60,13,13,-0.04599966883035805
12950,wind,2030,60,14,14,-0.04599966883035805
12951,wind,2030,60,15,15,-0.04599966883035805
12952,wind,2030,60,16,16,-0.04599966883035805
12953,wind,2030,60,17,17,-0.04599966883035805
12954,wind,2030,60,18,18,-0.04599966883035805
12955,wind,2030,60,19,19,-0.04599966883035805
12956,wind,2030,60,20,20,-0.04599966883035805
12957,wind,2030,60,21,21,-0.04599966883035805
12958,wind,2030,60,22,22,-0.04599966883035805
12959,wind,2030,60,23,23,-0.04599966883035805
12960,wind,2030,60,24,24,-0.04599966883035805
12961,wind,2030,61,1,1,-0.024
12962,wind,2030,61,2,2,-0.024
12963,wind,2030,61,3,3,-0.024
12964,wind,2030,61,4,4,-0.024
12965,wind,2030,61,5,5,-0.024
12966,wind,2030,61,6,6,-0.024
12967,wind,2030,61,7,7,-0.024
12968,wind,2030,61,8,8,-0.024
12969,wind,2030,61,9,9,-0.024
12970,wind,2030,61,10,10,-0.024
12971,wind,2030,61,11,11,-0.024
12972,wind,2030,61,12,12,-0.024
12973,wind,2030,61,13,13,-0.024
12974,wind,2030,61,14,14,-0.024
12975,wind,2030,61,15,15,-0.024
12976,wind,2030,61,16,16,-0.024
12977,wind,2030,61,17,17,-0.024
12978,wind,2030,61,18,18,-0.024
12979,wind,2030,61,19,19,-0.024
12980,wind,2030,61,20,20,-0.024
12981,wind,2030,61,21,21,-0.024
12982,wind,2030,61,22,22,-0.024
12983,wind,2030,61,23,23,-0.024
12984,wind,2030,61,24,24,-0.024
12985,wind,2030,62,1,1,-0.08867223378906179
12986,wind,2030,62,2,2,-0.08867223378906179
12987,wind,2030,62,3,3,-0.08867223378906179
12988,wind,2030,62,4,4,-0.08867223378906179
12989,wind,2030,62,5,5,-0.08867223378906179
12990,wind,2030,62,6,6,-0.08867223378906179
12991,wind,2030,62,7,7,-0.08867223378906179
12992,wind,2030,62,8,8,-0.08867223378906179
12993,wind,2030,62,9,9,-0.08867223378906179
12994,wind,2030,62,10,10,-0.08867223378906179
12995,wind,2030,62,11,11,-0.08867223378906179
12996,wind,2030,62,12,12,-0.08867223378906179
12997,wind,2030,62,13,13,-0.08867223378906179
12998,wind,2030,62,14,14,-0.08867223378906179
12999,wind,2030,62,15,15,-0.08867223378906179
13000,wind,2030,62,16,16,-0.08867223378906179
13001,wind,2030,62,17,17,-0.08867223378906179
13002,wind,2030,62,18,18,-0.08867223378906179
13003,wind,2030,62,19,19,-0.08867223378906179
13004,wind,2030,62,20,20,-0.08867223378906179
13005,wind,2030,62,21,21,-0.08867223378906179
13006,wind,2030,62,22,22,-0.08867223378906179
13007,wind,2030,62,23,23,-0.08867223378906179
13008,wind,2030,62,24,24,-0.08867223378906179
13009,wind,2030,63,1,1,-0.2961091552902894
13010,wind,2030,63,2,2,-0.2961091552902894
13011,wind,2030,63,3,3,-0.2961091552902894
13012,wind,2030,63,4,4,-0.2961091552902894
13013,wind,2030,63,5,5,-0.2961091552902894
13014,wind,2030,63,6,6,-0.2961091552902894
13015,wind,2030,63,7,7,-0.2961091552902894
13016,wind,2030,63,8,8,-0.2961091552902894
13017,wind,2030,63,9,9,-0.2961091552902894
13018,wind,2030,63,10,10,-0.2961091552902894
13019,wind,2030,63,11,11,-0.2961091552902894
13020,wind,2030,63,12,12,-0.2961091552902894
13021,wind,2030,63,13,13,-0.2961091552902894
13022,wind,2030,63,14,14,-0.2961091552902894
13023,wind,2030,63,15,15,-0.2961091552902894
13024,wind,2030,63,16,16,-0.2961091552902894
13025,wind,2030,63,17,17,-0.2961091552902894
13026,wind,2030,63,18,18,-0.2961091552902894
13027,wind,2030,63,19,19,-0.2961091552902894
13028,wind,2030,63,20,20,-0.2961091552902894
13029,wind,2030,63,21,21,-0.2961091552902894
13030,wind,2030,63,22,22,-0.2961091552902894
13031,wind,2030,63,23,23,-0.2961091552902894
13032,wind,2030,63,24,24,-0.2961091552902894
13033,wind,2030,64,1,1,-0.025646695604527696
13034,wind,2030,64,2,2,-0.025646695604527696
13035,wind,2030,64,3,3,-0.025646695604527696
13036,wind,2030,64,4,4,-0.025646695604527696
13037,wind,2030,64,5,5,-0.025646695604527696
13038,wind,2030,64,6,6,-0.025646695604527696
13039,wind,2030,64,7,7,-0.025646695604527696
13040,wind,2030,64,8,8,-0.025646695604527696
13041,wind,2030,64,9,9,-0.025646695604527696
13042,wind,2030,64,10,10,-0.025646695604527696
13043,wind,2030,64,11,11,-0.025646695604527696
13044,wind,2030,64,12,12,-0.025646695604527696
13045,wind,2030,64,13,13,-0.025646695604527696
13046,wind,2030,64,14,14,-0.025646695604527696
13047,wind,2030,64,15,15,-0.025646695604527696
13048,wind,2030,64,16,16,-0.025646695604527696
13049,wind,2030,64,17,17,-0.025646695604527696
13050,wind,2030,64,18,18,-0.025646695604527696
13051,wind,2030,64,19,19,-0.025646695604527696
13052,wind,2030,64,20,20,-0.0363328187730809
13053,wind,2030,64,21,21,-0.025646695604527696
13054,wind,2030,64,22,22,-0.025646695604527696
13055,wind,2030,64,23,23,-0.025646695604527696
13056,wind,2030,64,24,24,-0.025646695604527696
13057,wind,2030,65,1,1,-0.049382468511304616
13058,wind,2030,65,2,2,-0.049382468511304616
13059,wind,2030,65,3,3,-0.049382468511304616
13060,wind,2030,65,4,4,-0.049382468511304616
13061,wind,2030,65,5,5,-0.049382468511304616
13062,wind,2030,65,6,6,-0.049382468511304616
13063,wind,2030,65,7,7,-0.049382468511304616
13064,wind,2030,65,8,8,-0.049382468511304616
13065,wind,2030,65,9,9,-0.049382468511304616
13066,wind,2030,65,10,10,-0.049382468511304616
13067,wind,2030,65,11,11,-0.049382468511304616
13068,wind,2030,65,12,12,-0.049382468511304616
13069,wind,2030,65,13,13,-0.049382468511304616
13070,wind,2030,65,14,14,-0.049382468511304616
13071,wind,2030,65,15,15,-0.049382468511304616
13072,wind,2030,65,16,16,-0.049382468511304616
13073,wind,2030,65,17,17,-0.049382468511304616
13074,wind,2030,65,18,18,-0.049382468511304616
13075,wind,2030,65,19,19,-0.049382468511304616
13076,wind,2030,65,20,20,-0.049382468511304616
13077,wind,2030,65,21,21,-0.049382468511304616
13078,wind,2030,65,22,22,-0.049382468511304616
13079,wind,2030,65,23,23,-0.049382468511304616
13080,wind,2030,65,24,24,-0.049382468511304616
13081,wind,2030,66,1,1,-0.048
13082,wind,2030,66,2,2,-0.048
13083,wind,2030,66,3,3,-0.048
13084,wind,2030,66,4,4,-0.048
13085,wind,2030,66,5,5,-0.048
13086,wind,2030,66,6,6,-0.048
13087,wind,2030,66,7,7,-0.048
13088,wind,2030,66,8,8,-0.048
13089,wind,2030,66,9,9,-0.048
13090,wind,2030,66,10,10,-0.048
13091,wind,2030,66,11,11,-0.048
13092,wind,2030,66,12,12,-0.048
13093,wind,2030,66,13,13,-0.048
13094,wind,2030,66,14,14,-0.048
13095,wind,2030,66,15,15,-0.048
13096,wind,2030,66,16,16,-0.048
13097,wind,2030,66,17,17,-0.048
13098,wind,2030,66,18,18,-0.048
13099,wind,2030,66,19,19,-0.048
13100,wind,2030,66,20,20,-0.048
13101,wind,2030,66,21,21,-0.048
13102,wind,2030,66,22,22,-0.048
13103,wind,2030,66,23,23,-0.048
13104,wind,2030,66,24,24,-0.048
13105,wind,2030,67,1,1,-0.19912639666474624
13106,wind,2030,67,2,2,-0.19912639666474624
13107,wind,2030,67,3,3,-0.19912639666474624
13108,wind,2030,67,4,4,-0.19912639666474624
13109,wind,2030,67,5,5,-0.19912639666474624
13110,wind,2030,67,6,6,-0.19912639666474624
13111,wind,2030,67,7,7,-0.19912639666474624
13112,wind,2030,67,8,8,-0.19912639666474624
13113,wind,2030,67,9,9,-0.19912639666474624
13114,wind,2030,67,10,10,-0.19912639666474624
13115,wind,2030,67,11,11,-0.19912639666474624
13116,wind,2030,67,12,12,-0.19912639666474624
13117,wind,2030,67,13,13,-0.19912639666474624
13118,wind,2030,67,14,14,-0.19912639666474624
13119,wind,2030,67,15,15,-0.19912639666474624
13120,wind,2030,67,16,16,-0.19912639666474624
13121,wind,2030,67,17,17,-0.19912639666474624
13122,wind,2030,67,18,18,-0.19912639666474624
13123,wind,2030,67,19,19,-0.19912639666474624
13124,wind,2030,67,20,20,-0.19912639666474624
13125,wind,2030,67,21,21,-0.19912639666474624
13126,wind,2030,67,22,22,-0.19912639666474624
13127,wind,2030,67,23,23,-0.19912639666474624
13128,wind,2030,67,24,24,-0.19912639666474624
13129,wind,2030,68,1,1,-0.08974506279507256
13130,wind,2030,68,2,2,-0.08974506279507256
13131,wind,2030,68,3,3,-0.08974506279507256
13132,wind,2030,68,4,4,-0.08974506279507256
13133,wind,2030,68,5,5,-0.08974506279507256
13134,wind,2030,68,6,6,-0.08974506279507256
13135,wind,2030,68,7,7,-0.08974506279507256
13136,wind,2030,68,8,8,-0.08974506279507256
13137,wind,2030,68,9,9,-0.08974506279507256
13138,wind,2030,68,10,10,-0.08974506279507256
13139,wind,2030,68,11,11,-0.08974506279507256
13140,wind,2030,68,12,12,-0.08974506279507256
13141,wind,2030,68,13,13,-0.08974506279507256
13142,wind,2030,68,14,14,-0.08974506279507256
13143,wind,2030,68,15,15,-0.08974506279507256
13144,wind,2030,68,16,16,-0.08974506279507256
13145,wind,2030,68,17,17,-0.08974506279507256
13146,wind,2030,68,18,18,-0.08974506279507256
13147,wind,2030,68,19,19,-0.08974506279507256
13148,wind,2030,68,20,20,-0.08974506279507256
13149,wind,2030,68,21,21,-0.08974506279507256
13150,wind,2030,68,22,22,-0.08974506279507256
13151,wind,2030,68,23,23,-0.08974506279507256
13152,wind,2030,68,24,24,-0.08974506279507256
13153,wind,2030,69,1,1,-0.04207654990191217
13154,wind,2030,69,2,2,-0.04207654990191217
13155,wind,2030,69,3,3,-0.04207654990191217
13156,wind,2030,69,4,4,-0.04207654990191217
13157,wind,2030,69,5,5,-0.04207654990191217
13158,wind,2030,69,6,6,-0.04207654990191217
13159,wind,2030,69,7,7,-0.04207654990191217
13160,wind,2030,69,8,8,-0.04207654990191217
13161,wind,2030,69,9,9,-0.04207654990191217
13162,wind,2030,69,10,10,-0.04207654990191217
13163,wind,2030,69,11,11,-0.04207654990191217
13164,wind,2030,69,12,12,-0.04207654990191217
13165,wind,2030,69,13,13,-0.04207654990191217
13166,wind,2030,69,14,14,-0.04207654990191217
13167,wind,2030,69,15,15,-0.04207654990191217
13168,wind,2030,69,16,16,-0.04207654990191217
13169,wind,2030,69,17,17,-0.04207654990191217
13170,wind,2030,69,18,18,-0.05960844569437557
13171,wind,2030,69,19,19,-0.05960844569437557
13172,wind,2030,69,20,20,-0.05960844569437557
13173,wind,2030,69,21,21,-0.04714358985968636
13174,wind,2030,69,22,22,-0.04207654990191217
13175,wind,2030,69,23,23,-0.04207654990191217
13176,wind,2030,69,24,24,-0.04207654990191217
13177,wind,2030,70,1,1,-0.11812231942751356
13178,wind,2030,70,2,2,-0.11812231942751356
13179,wind,2030,70,3,3,-0.11812231942751356
13180,wind,2030,70,4,4,-0.11812231942751356
13181,wind,2030,70,5,5,-0.11812231942751356
13182,wind,2030,70,6,6,-0.11812231942751356
13183,wind,2030,70,7,7,-0.11812231942751356
13184,wind,2030,70,8,8,-0.11812231942751356
13185,wind,2030,70,9,9,-0.11812231942751356
13186,wind,2030,70,10,10,-0.11812231942751356
13187,wind,2030,70,11,11,-0.11812231942751356
13188,wind,2030,70,12,12,-0.11812231942751356
13189,wind,2030,70,13,13,-0.11812231942751356
13190,wind,2030,70,14,14,-0.11812231942751356
13191,wind,2030,70,15,15,-0.11812231942751356
13192,wind,2030,70,16,16,-0.11812231942751356
13193,wind,2030,70,17,17,-0.11812231942751356
13194,wind,2030,70,18,18,-0.11812231942751356
13195,wind,2030,70,19,19,-0.16733995252231085
13196,wind,2030,70,20,20,-0.16733995252231085
13197,wind,2030,70,21,21,-0.16733995252231085
13198,wind,2030,70,22,22,-0.11812231942751356
13199,wind,2030,70,23,23,-0.11812231942751356
13200,wind,2030,70,24,24,-0.11812231942751356
13201,wind,2030,71,1,1,-0.1051159834393724
13202,wind,2030,71,2,2,-0.1051159834393724
13203,wind,2030,71,3,3,-0.1051159834393724
13204,wind,2030,71,4,4,-0.1051159834393724
13205,wind,2030,71,5,5,-0.1051159834393724
13206,wind,2030,71,6,6,-0.1051159834393724
13207,wind,2030,71,7,7,-0.1051159834393724
13208,wind,2030,71,8,8,-0.1051159834393724
13209,wind,2030,71,9,9,-0.1051159834393724
13210,wind,2030,71,10,10,-0.1051159834393724
13211,wind,2030,71,11,11,-0.1051159834393724
13212,wind,2030,71,12,12,-0.1051159834393724
13213,wind,2030,71,13,13,-0.1051159834393724
13214,wind,2030,71,14,14,-0.1051159834393724
13215,wind,2030,71,15,15,-0.1051159834393724
13216,wind,2030,71,16,16,-0.1051159834393724
13217,wind,2030,71,17,17,-0.1051159834393724
13218,wind,2030,71,18,18,-0.1051159834393724
13219,wind,2030,71,19,19,-0.1051159834393724
13220,wind,2030,71,20,20,-0.1051159834393724
13221,wind,2030,71,21,21,-0.1051159834393724
13222,wind,2030,71,22,22,-0.1051159834393724
13223,wind,2030,71,23,23,-0.1051159834393724
13224,wind,2030,71,24,24,-0.1051159834393724
13225,wind,2030,72,1,1,-0.09258117211922466
13226,wind,2030,72,2,2,-0.09258117211922466
13227,wind,2030,72,3,3,-0.09258117211922466
13228,wind,2030,72,4,4,-0.09258117211922466
13229,wind,2030,72,5,5,-0.09258117211922466
13230,wind,2030,72,6,6,-0.09258117211922466
13231,wind,2030,72,7,7,-0.09258117211922466
13232,wind,2030,72,8,8,-0.09258117211922466
13233,wind,2030,72,9,9,-0.09258117211922466
13234,wind,2030,72,10,10,-0.09258117211922466
13235,wind,2030,72,11,11,-0.09258117211922466
13236,wind,2030,72,12,12,-0.09258117211922466
13237,wind,2030,72,13,13,-0.09258117211922466
13238,wind,2030,72,14,14,-0.09258117211922466
13239,wind,2030,72,15,15,-0.09258117211922466
13240,wind,2030,72,16,16,-0.09258117211922466
13241,wind,2030,72,17,17,-0.09258117211922466
13242,wind,2030,72,18,18,-0.09258117211922466
13243,wind,2030,72,19,19,-0.09258117211922466
13244,wind,2030,72,20,20,-0.09258117211922466
13245,wind,2030,72,21,21,-0.09258117211922466
13246,wind,2030,72,22,22,-0.09258117211922466
13247,wind,2030,72,23,23,-0.09258117211922466
13248,wind,2030,72,24,24,-0.09258117211922466
13249,wind,2030,73,1,1,-0.08993774855668324
13250,wind,2030,73,2,2,-0.08993774855668324
13251,wind,2030,73,3,3,-0.08993774855668324
13252,wind,2030,73,4,4,-0.08993774855668324
13253,wind,2030,73,5,5,-0.08993774855668324
13254,wind,2030,73,6,6,-0.08993774855668324
13255,wind,2030,73,7,7,-0.08993774855668324
13256,wind,2030,73,8,8,-0.08993774855668324
13257,wind,2030,73,9,9,-0.08993774855668324
13258,wind,2030,73,10,10,-0.08993774855668324
13259,wind,2030,73,11,11,-0.08993774855668324
13260,wind,2030,73,12,12,-0.08993774855668324
13261,wind,2030,73,13,13,-0.08993774855668324
13262,wind,2030,73,14,14,-0.08993774855668324
13263,wind,2030,73,15,15,-0.08993774855668324
13264,wind,2030,73,16,16,-0.08993774855668324
13265,wind,2030,73,17,17,-0.08993774855668324
13266,wind,2030,73,18,18,-0.08993774855668324
13267,wind,2030,73,19,19,-0.08993774855668324
13268,wind,2030,73,20,20,-0.08993774855668324
13269,wind,2030,73,21,21,-0.08993774855668324
13270,wind,2030,73,22,22,-0.08993774855668324
13271,wind,2030,73,23,23,-0.08993774855668324
13272,wind,2030,73,24,24,-0.08993774855668324
13273,wind,2030,74,1,1,-0.025379443213259474
13274,wind,2030,74,2,2,-0.025379443213259474
13275,wind,2030,74,3,3,-0.025379443213259474
13276,wind,2030,74,4,4,-0.025379443213259474
13277,wind,2030,74,5,5,-0.025379443213259474
13278,wind,2030,74,6,6,-0.025379443213259474
13279,wind,2030,74,7,7,-0.025379443213259474
13280,wind,2030,74,8,8,-0.025379443213259474
13281,wind,2030,74,9,9,-0.025379443213259474
13282,wind,2030,74,10,10,-0.025379443213259474
13283,wind,2030,74,11,11,-0.025379443213259474
13284,wind,2030,74,12,12,-0.025379443213259474
13285,wind,2030,74,13,13,-0.025379443213259474
13286,wind,2030,74,14,14,-0.025379443213259474
13287,wind,2030,74,15,15,-0.025379443213259474
13288,wind,2030,74,16,16,-0.025379443213259474
13289,wind,2030,74,17,17,-0.025379443213259474
13290,wind,2030,74,18,18,-0.025379443213259474
13291,wind,2030,74,19,19,-0.025379443213259474
13292,wind,2030,74,20,20,-0.025379443213259474
13293,wind,2030,74,21,21,-0.025379443213259474
13294,wind,2030,74,22,22,-0.025379443213259474
13295,wind,2030,74,23,23,-0.025379443213259474
13296,wind,2030,74,24,24,-0.025379443213259474
13297,wind,2030,75,1,1,-0.4494282546946955
13298,wind,2030,75,2,2,-0.4494282546946955
13299,wind,2030,75,3,3,-0.4494282546946955
13300,wind,2030,75,4,4,-0.4494282546946955
13301,wind,2030,75,5,5,-0.4494282546946955
13302,wind,2030,75,6,6,-0.4494282546946955
13303,wind,2030,75,7,7,-0.4494282546946955
13304,wind,2030,75,8,8,-0.4494282546946955
13305,wind,2030,75,9,9,-0.4494282546946955
13306,wind,2030,75,10,10,-0.4494282546946955
13307,wind,2030,75,11,11,-0.4494282546946955
13308,wind,2030,75,12,12,-0.4494282546946955
13309,wind,2030,75,13,13,-0.4494282546946955
13310,wind,2030,75,14,14,-0.4494282546946955
13311,wind,2030,75,15,15,-0.4494282546946955
13312,wind,2030,75,16,16,-0.4494282546946955
13313,wind,2030,75,17,17,-0.4494282546946955
13314,wind,2030,75,18,18,-0.4494282546946955
13315,wind,2030,75,19,19,-0.4494282546946955
13316,wind,2030,75,20,20,-0.4494282546946955
13317,wind,2030,75,21,21,-0.4494282546946955
13318,wind,2030,75,22,22,-0.4494282546946955
13319,wind,2030,75,23,23,-0.4494282546946955
13320,wind,2030,75,24,24,-0.4494282546946955
13321,wind,2030,76,1,1,-0.39639564265608457
13322,wind,2030,76,2,2,-0.39639564265608457
13323,wind,2030,76,3,3,-0.39639564265608457
13324,wind,2030,76,4,4,-0.39639564265608457
13325,wind,2030,76,5,5,-0.39639564265608457
13326,wind,2030,76,6,6,-0.39639564265608457
13327,wind,2030,76,7,7,-0.39639564265608457
13328,wind,2030,76,8,8,-0.39639564265608457
13329,wind,2030,76,9,9,-0.39639564265608457
13330,wind,2030,76,10,10,-0.39639564265608457
13331,wind,2030,76,11,11,-0.39639564265608457
13332,wind,2030,76,12,12,-0.39639564265608457
13333,wind,2030,76,13,13,-0.39639564265608457
13334,wind,2030,76,14,14,-0.39639564265608457
13335,wind,2030,76,15,15,-0.39639564265608457
13336,wind,2030,76,16,16,-0.39639564265608457
13337,wind,2030,76,17,17,-0.39639564265608457
13338,wind,2030,76,18,18,-0.39639564265608457
13339,wind,2030,76,19,19,-0.39639564265608457
13340,wind,2030,76,20,20,-0.39639564265608457
13341,wind,2030,76,21,21,-0.39639564265608457
13342,wind,2030,76,22,22,-0.39639564265608457
13343,wind,2030,76,23,23,-0.39639564265608457
13344,wind,2030,76,24,24,-0.39639564265608457
13345,wind,2030,77,1,1,-0.024676632694409794
13346,wind,2030,77,2,2,-0.024676632694409794
13347,wind,2030,77,3,3,-0.024676632694409794
13348,wind,2030,77,4,4,-0.024676632694409794
13349,wind,2030,77,5,5,-0.024676632694409794
13350,wind,2030,77,6,6,-0.024676632694409794
13351,wind,2030,77,7,7,-0.024676632694409794
13352,wind,2030,77,8,8,-0.024676632694409794
13353,wind,2030,77,9,9,-0.024676632694409794
13354,wind,2030,77,10,10,-0.024676632694409794
13355,wind,2030,77,11,11,-0.024676632694409794
13356,wind,2030,77,12,12,-0.024676632694409794
13357,wind,2030,77,13,13,-0.024676632694409794
13358,wind,2030,77,14,14,-0.024676632694409794
13359,wind,2030,77,15,15,-0.024676632694409794
13360,wind,2030,77,16,16,-0.024676632694409794
13361,wind,2030,77,17,17,-0.024676632694409794
13362,wind,2030,77,18,18,-0.024676632694409794
13363,wind,2030,77,19,19,-0.024676632694409794
13364,wind,2030,77,20,20,-0.024676632694409794
13365,wind,2030,77,21,21,-0.024676632694409794
13366,wind,2030,77,22,22,-0.024676632694409794
13367,wind,2030,77,23,23,-0.024676632694409794
13368,wind,2030,77,24,24,-0.024676632694409794
13369,wind,2030,78,1,1,-0.17199252223347578
13370,wind,2030,78,2,2,-0.17199252223347578
13371,wind,2030,78,3,3,-0.17199252223347578
13372,wind,2030,78,4,4,-0.17199252223347578
13373,wind,2030,78,5,5,-0.17199252223347578
13374,wind,2030,78,6,6,-0.17199252223347578
13375,wind,2030,78,7,7,-0.17199252223347578
13376,wind,2030,78,8,8,-0.17199252223347578
13377,wind,2030,78,9,9,-0.17199252223347578
13378,wind,2030,78,10,10,-0.17199252223347578
13379,wind,2030,78,11,11,-0.17199252223347578
13380,wind,2030,78,12,12,-0.17199252223347578
13381,wind,2030,78,13,13,-0.17199252223347578
13382,wind,2030,78,14,14,-0.17199252223347578
13383,wind,2030,78,15,15,-0.17199252223347578
13384,wind,2030,78,16,16,-0.17199252223347578
13385,wind,2030,78,17,17,-0.17199252223347578
13386,wind,2030,78,18,18,-0.17199252223347578
13387,wind,2030,78,19,19,-0.17199252223347578
13388,wind,2030,78,20,20,-0.17199252223347578
13389,wind,2030,78,21,21,-0.17199252223347578
13390,wind,2030,78,22,22,-0.17199252223347578
13391,wind,2030,78,23,23,-0.17199252223347578
13392,wind,2030,78,24,24,-0.17199252223347578
13393,wind,2030,79,1,1,-0.05142201599759058
13394,wind,2030,79,2,2,-0.05142201599759058
13395,wind,2030,79,3,3,-0.05142201599759058
13396,wind,2030,79,4,4,-0.05142201599759058
13397,wind,2030,79,5,5,-0.05142201599759058
13398,wind,2030,79,6,6,-0.05142201599759058
13399,wind,2030,79,7,7,-0.05142201599759058
13400,wind,2030,79,8,8,-0.07284785599658665
13401,wind,2030,79,9,9,-0.07284785599658665
13402,wind,2030,79,10,10,-0.07284785599658665
13403,wind,2030,79,11,11,-0.07284785599658665
13404,wind,2030,79,12,12,-0.07284785599658665
13405,wind,2030,79,13,13,-0.05142201599759058
13406,wind,2030,79,14,14,-0.05142201599759058
13407,wind,2030,79,15,15,-0.05142201599759058
13408,wind,2030,79,16,16,-0.05142201599759058
13409,wind,2030,79,17,17,-0.07284785599658665
13410,wind,2030,79,18,18,-0.07284785599658665
13411,wind,2030,79,19,19,-0.07284785599658665
13412,wind,2030,79,20,20,-0.07284785599658665
13413,wind,2030,79,21,21,-0.07284785599658665
13414,wind,2030,79,22,22,-0.07284785599658665
13415,wind,2030,79,23,23,-0.07284785599658665
13416,wind,2030,79,24,24,-0.05142201599759058
13417,wind,2030,80,1,1,-0.05032009775684147
13418,wind,2030,80,2,2,-0.05032009775684147
13419,wind,2030,80,3,3,-0.05032009775684147
13420,wind,2030,80,4,4,-0.05032009775684147
13421,wind,2030,80,5,5,-0.05032009775684147
13422,wind,2030,80,6,6,-0.05032009775684147
13423,wind,2030,80,7,7,-0.05032009775684147
13424,wind,2030,80,8,8,-0.05032009775684147
13425,wind,2030,80,9,9,-0.05032009775684147
13426,wind,2030,80,10,10,-0.05032009775684147
13427,wind,2030,80,11,11,-0.05032009775684147
13428,wind,2030,80,12,12,-0.05032009775684147
13429,wind,2030,80,13,13,-0.05032009775684147
13430,wind,2030,80,14,14,-0.05032009775684147
13431,wind,2030,80,15,15,-0.05032009775684147
13432,wind,2030,80,16,16,-0.05032009775684147
13433,wind,2030,80,17,17,-0.05032009775684147
13434,wind,2030,80,18,18,-0.05032009775684147
13435,wind,2030,80,19,19,-0.07128680515552542
13436,wind,2030,80,20,20,-0.07128680515552542
13437,wind,2030,80,21,21,-0.05032009775684147
13438,wind,2030,80,22,22,-0.05032009775684147
13439,wind,2030,80,23,23,-0.05032009775684147
13440,wind,2030,80,24,24,-0.05032009775684147
13441,wind,2030,81,1,1,-0.6572623460657953
13442,wind,2030,81,2,2,-0.6572623460657953
13443,wind,2030,81,3,3,-0.6572623460657953
13444,wind,2030,81,4,4,-0.6572623460657953
13445,wind,2030,81,5,5,-0.6572623460657953
13446,wind,2030,81,6,6,-0.6572623460657953
13447,wind,2030,81,7,7,-0.6572623460657953
13448,wind,2030,81,8,8,-0.6572623460657953
13449,wind,2030,81,9,9,-0.6572623460657953
13450,wind,2030,81,10,10,-0.6572623460657953
13451,wind,2030,81,11,11,-0.6572623460657953
13452,wind,2030,81,12,12,-0.6572623460657953
13453,wind,2030,81,13,13,-0.6572623460657953
13454,wind,2030,81,14,14,0.0
13455,wind,2030,81,15,15,0.0
13456,wind,2030,81,16,16,0.0
13457,wind,2030,81,17,17,-0.6572623460657953
13458,wind,2030,81,18,18,-0.6572623460657953
13459,wind,2030,81,19,19,-0.6572623460657953
13460,wind,2030,81,20,20,-0.6572623460657953
13461,wind,2030,81,21,21,-0.6572623460657953
13462,wind,2030,81,22,22,-0.6572623460657953
13463,wind,2030,81,23,23,-0.6572623460657953
13464,wind,2030,81,24,24,-0.6572623460657953
13465,wind,2030,82,1,1,-0.3071150043192725
13466,wind,2030,82,2,2,-0.3071150043192725
13467,wind,2030,82,3,3,-0.3071150043192725
13468,wind,2030,82,4,4,-0.3071150043192725
13469,wind,2030,82,5,5,-0.3071150043192725
13470,wind,2030,82,6,6,-0.3071150043192725
13471,wind,2030,82,7,7,-0.3071150043192725
13472,wind,2030,82,8,8,-0.3071150043192725
13473,wind,2030,82,9,9,-0.3071150043192725
13474,wind,2030,82,10,10,-0.3071150043192725
13475,wind,2030,82,11,11,-0.3071150043192725
13476,wind,2030,82,12,12,-0.3071150043192725
13477,wind,2030,82,13,13,-0.3071150043192725
13478,wind,2030,82,14,14,-0.3071150043192725
13479,wind,2030,82,15,15,-0.3071150043192725
13480,wind,2030,82,16,16,-0.3071150043192725
13481,wind,2030,82,17,17,-0.3071150043192725
13482,wind,2030,82,18,18,-0.3071150043192725
13483,wind,2030,82,19,19,-0.3071150043192725
13484,wind,2030,82,20,20,-0.3071150043192725
13485,wind,2030,82,21,21,-0.3071150043192725
13486,wind,2030,82,22,22,-0.3071150043192725
13487,wind,2030,82,23,23,-0.3071150043192725
13488,wind,2030,82,24,24,-0.3071150043192725
13489,wind,2030,83,1,1,-0.0479164375608491
13490,wind,2030,83,2,2,-0.0479164375608491
13491,wind,2030,83,3,3,-0.0479164375608491
13492,wind,2030,83,4,4,-0.0479164375608491
13493,wind,2030,83,5,5,-0.0479164375608491
13494,wind,2030,83,6,6,-0.0479164375608491
13495,wind,2030,83,7,7,-0.0479164375608491
13496,wind,2030,83,8,8,-0.0479164375608491
13497,wind,2030,83,9,9,-0.0479164375608491
13498,wind,2030,83,10,10,-0.0479164375608491
13499,wind,2030,83,11,11,-0.0479164375608491
13500,wind,2030,83,12,12,-0.0479164375608491
13501,wind,2030,83,13,13,-0.0479164375608491
13502,wind,2030,83,14,14,-0.0479164375608491
13503,wind,2030,83,15,15,-0.0479164375608491
13504,wind,2030,83,16,16,-0.0479164375608491
13505,wind,2030,83,17,17,-0.0479164375608491
13506,wind,2030,83,18,18,-0.0479164375608491
13507,wind,2030,83,19,19,-0.0479164375608491
13508,wind,2030,83,20,20,-0.0479164375608491
13509,wind,2030,83,21,21,-0.0479164375608491
13510,wind,2030,83,22,22,-0.0479164375608491
13511,wind,2030,83,23,23,-0.0479164375608491
13512,wind,2030,83,24,24,-0.0479164375608491
13513,wind,2030,84,1,1,-0.3005276999820918
13514,wind,2030,84,2,2,-0.3005276999820918
13515,wind,2030,84,3,3,-0.3005276999820918
13516,wind,2030,84,4,4,-0.3005276999820918
13517,wind,2030,84,5,5,-0.3005276999820918
13518,wind,2030,84,6,6,-0.3005276999820918
13519,wind,2030,84,7,7,-0.3005276999820918
13520,wind,2030,84,8,8,-0.3005276999820918
13521,wind,2030,84,9,9,-0.3005276999820918
13522,wind,2030,84,10,10,-0.3005276999820918
13523,wind,2030,84,11,11,-0.3005276999820918
13524,wind,2030,84,12,12,-0.3005276999820918
13525,wind,2030,84,13,13,-0.3005276999820918
13526,wind,2030,84,14,14,-0.3005276999820918
13527,wind,2030,84,15,15,-0.3005276999820918
13528,wind,2030,84,16,16,-0.3005276999820918
13529,wind,2030,84,17,17,-0.3005276999820918
13530,wind,2030,84,18,18,-0.3005276999820918
13531,wind,2030,84,19,19,-0.3005276999820918
13532,wind,2030,84,20,20,-0.3005276999820918
13533,wind,2030,84,21,21,-0.3005276999820918
13534,wind,2030,84,22,22,-0.3005276999820918
13535,wind,2030,84,23,23,-0.3005276999820918
13536,wind,2030,84,24,24,-0.3005276999820918
13537,wind,2030,85,1,1,-0.6344658173134825
13538,wind,2030,85,2,2,-0.6344658173134825
13539,wind,2030,85,3,3,-0.6344658173134825
13540,wind,2030,85,4,4,-0.6344658173134825
13541,wind,2030,85,5,5,-0.6344658173134825
13542,wind,2030,85,6,6,-0.6344658173134825
13543,wind,2030,85,7,7,-0.6344658173134825
13544,wind,2030,85,8,8,-0.6344658173134825
13545,wind,2030,85,9,9,-0.6344658173134825
13546,wind,2030,85,10,10,-0.6344658173134825
13547,wind,2030,85,11,11,-0.6344658173134825
13548,wind,2030,85,12,12,-0.6344658173134825
13549,wind,2030,85,13,13,0.0
13550,wind,2030,85,14,14,0.0
13551,wind,2030,85,15,15,0.0
13552,wind,2030,85,16,16,0.0
13553,wind,2030,85,17,17,-0.6344658173134825
13554,wind,2030,85,18,18,-0.6344658173134825
13555,wind,2030,85,19,19,-0.6344658173134825
13556,wind,2030,85,20,20,-0.6344658173134825
13557,wind,2030,85,21,21,-0.6344658173134825
13558,wind,2030,85,22,22,-0.6344658173134825
13559,wind,2030,85,23,23,-0.6344658173134825
13560,wind,2030,85,24,24,-0.6344658173134825
13561,wind,2030,86,1,1,-0.11447960647874982
13562,wind,2030,86,2,2,-0.11447960647874982
13563,wind,2030,86,3,3,-0.11447960647874982
13564,wind,2030,86,4,4,-0.11447960647874982
13565,wind,2030,86,5,5,-0.11447960647874982
13566,wind,2030,86,6,6,-0.11447960647874982
13567,wind,2030,86,7,7,-0.11447960647874982
13568,wind,2030,86,8,8,-0.11447960647874982
13569,wind,2030,86,9,9,-0.11447960647874982
13570,wind,2030,86,10,10,-0.11447960647874982
13571,wind,2030,86,11,11,-0.11447960647874982
13572,wind,2030,86,12,12,-0.11447960647874982
13573,wind,2030,86,13,13,-0.11447960647874982
13574,wind,2030,86,14,14,-0.11447960647874982
13575,wind,2030,86,15,15,-0.11447960647874982
13576,wind,2030,86,16,16,-0.11447960647874982
13577,wind,2030,86,17,17,-0.11447960647874982
13578,wind,2030,86,18,18,-0.11447960647874982
13579,wind,2030,86,19,19,-0.11447960647874982
13580,wind,2030,86,20,20,-0.11447960647874982
13581,wind,2030,86,21,21,-0.11447960647874982
13582,wind,2030,86,22,22,-0.11447960647874982
13583,wind,2030,86,23,23,-0.11447960647874982
13584,wind,2030,86,24,24,-0.11447960647874982
13585,wind,2030,87,1,1,-1.0094980914787912
13586,wind,2030,87,2,2,-1.0094980914787912
13587,wind,2030,87,3,3,-1.0094980914787912
13588,wind,2030,87,4,4,-1.0094980914787912
13589,wind,2030,87,5,5,-1.0094980914787912
13590,wind,2030,87,6,6,-1.0094980914787912
13591,wind,2030,87,7,7,-1.0094980914787912
13592,wind,2030,87,8,8,-1.0094980914787912
13593,wind,2030,87,9,9,-1.0094980914787912
13594,wind,2030,87,10,10,-1.0094980914787912
13595,wind,2030,87,11,11,-1.0094980914787912
13596,wind,2030,87,12,12,-1.0094980914787912
13597,wind,2030,87,13,13,-1.0094980914787912
13598,wind,2030,87,14,14,-1.0094980914787912
13599,wind,2030,87,15,15,-1.0094980914787912
13600,wind,2030,87,16,16,-1.0094980914787912
13601,wind,2030,87,17,17,-1.0094980914787912
13602,wind,2030,87,18,18,-1.0094980914787912
13603,wind,2030,87,19,19,-1.0094980914787912
13604,wind,2030,87,20,20,-1.0094980914787912
13605,wind,2030,87,21,21,-1.0094980914787912
13606,wind,2030,87,22,22,-1.0094980914787912
13607,wind,2030,87,23,23,-1.0094980914787912
13608,wind,2030,87,24,24,-1.0094980914787912
13609,wind,2030,88,1,1,-0.30017987197302476
13610,wind,2030,88,2,2,-0.30017987197302476
13611,wind,2030,88,3,3,-0.30017987197302476
13612,wind,2030,88,4,4,-0.30017987197302476
13613,wind,2030,88,5,5,-0.30017987197302476
13614,wind,2030,88,6,6,-0.30017987197302476
13615,wind,2030,88,7,7,-0.30017987197302476
13616,wind,2030,88,8,8,-0.30017987197302476
13617,wind,2030,88,9,9,-0.30017987197302476
13618,wind,2030,88,10,10,-0.30017987197302476
13619,wind,2030,88,11,11,-0.30017987197302476
13620,wind,2030,88,12,12,-0.30017987197302476
13621,wind,2030,88,13,13,-0.30017987197302476
13622,wind,2030,88,14,14,-0.30017987197302476
13623,wind,2030,88,15,15,-0.30017987197302476
13624,wind,2030,88,16,16,-0.30017987197302476
13625,wind,2030,88,17,17,-0.30017987197302476
13626,wind,2030,88,18,18,-0.30017987197302476
13627,wind,2030,88,19,19,-0.30017987197302476
13628,wind,2030,88,20,20,-0.30017987197302476
13629,wind,2030,88,21,21,-0.30017987197302476
13630,wind,2030,88,22,22,-0.30017987197302476
13631,wind,2030,88,23,23,-0.30017987197302476
13632,wind,2030,88,24,24,-0.30017987197302476
13633,wind,2030,89,1,1,-0.07200000000000001
13634,wind,2030,89,2,2,-0.07200000000000001
13635,wind,2030,89,3,3,-0.07200000000000001
13636,wind,2030,89,4,4,-0.07200000000000001
13637,wind,2030,89,5,5,-0.07200000000000001
13638,wind,2030,89,6,6,-0.07200000000000001
13639,wind,2030,89,7,7,-0.07200000000000001
13640,wind,2030,89,8,8,-0.07200000000000001
13641,wind,2030,89,9,9,-0.07200000000000001
13642,wind,2030,89,10,10,-0.07200000000000001
13643,wind,2030,89,11,11,-0.07200000000000001
13644,wind,2030,89,12,12,-0.07200000000000001
13645,wind,2030,89,13,13,-0.07200000000000001
13646,wind,2030,89,14,14,-0.07200000000000001
13647,wind,2030,89,15,15,-0.07200000000000001
13648,wind,2030,89,16,16,-0.07200000000000001
13649,wind,2030,89,17,17,-0.07200000000000001
13650,wind,2030,89,18,18,-0.07200000000000001
13651,wind,2030,89,19,19,-0.07200000000000001
13652,wind,2030,89,20,20,-0.07200000000000001
13653,wind,2030,89,21,21,-0.07200000000000001
13654,wind,2030,89,22,22,-0.07200000000000001
13655,wind,2030,89,23,23,-0.07200000000000001
13656,wind,2030,89,24,24,-0.07200000000000001
13657,wind,2030,90,1,1,-0.06619424374339994
13658,wind,2030,90,2,2,-0.06619424374339994
13659,wind,2030,90,3,3,-0.06619424374339994
13660,wind,2030,90,4,4,-0.06619424374339994
13661,wind,2030,90,5,5,-0.06619424374339994
13662,wind,2030,90,6,6,-0.06619424374339994
13663,wind,2030,90,7,7,-0.06619424374339994
13664,wind,2030,90,8,8,-0.06619424374339994
13665,wind,2030,90,9,9,-0.06619424374339994
13666,wind,2030,90,10,10,-0.06619424374339994
13667,wind,2030,90,11,11,-0.06619424374339994
13668,wind,2030,90,12,12,-0.06619424374339994
13669,wind,2030,90,13,13,-0.06619424374339994
13670,wind,2030,90,14,14,-0.06619424374339994
13671,wind,2030,90,15,15,-0.06619424374339994
13672,wind,2030,90,16,16,-0.06619424374339994
13673,wind,2030,90,17,17,-0.06619424374339994
13674,wind,2030,90,18,18,-0.06619424374339994
13675,wind,2030,90,19,19,-0.06619424374339994
13676,wind,2030,90,20,20,-0.06619424374339994
13677,wind,2030,90,21,21,-0.06619424374339994
13678,wind,2030,90,22,22,-0.06619424374339994
13679,wind,2030,90,23,23,-0.06619424374339994
13680,wind,2030,90,24,24,-0.06619424374339994
13681,wind,2030,91,1,1,-0.05567673908247594
13682,wind,2030,91,2,2,-0.05567673908247594
13683,wind,2030,91,3,3,-0.05567673908247594
13684,wind,2030,91,4,4,-0.05567673908247594
13685,wind,2030,91,5,5,-0.05567673908247594
13686,wind,2030,91,6,6,-0.05567673908247594
13687,wind,2030,91,7,7,-0.05567673908247594
13688,wind,2030,91,8,8,-0.05567673908247594
13689,wind,2030,91,9,9,-0.05567673908247594
13690,wind,2030,91,10,10,-0.05567673908247594
13691,wind,2030,91,11,11,-0.05567673908247594
13692,wind,2030,91,12,12,-0.05567673908247594
13693,wind,2030,91,13,13,-0.05567673908247594
13694,wind,2030,91,14,14,-0.05567673908247594
13695,wind,2030,91,15,15,-0.05567673908247594
13696,wind,2030,91,16,16,-0.05567673908247594
13697,wind,2030,91,17,17,-0.05567673908247594
13698,wind,2030,91,18,18,-0.05567673908247594
13699,wind,2030,91,19,19,-0.07887538036684091
13700,wind,2030,91,20,20,-0.07887538036684091
13701,wind,2030,91,21,21,-0.07887538036684091
13702,wind,2030,91,22,22,-0.07887538036684091
13703,wind,2030,91,23,23,-0.05567673908247594
13704,wind,2030,91,24,24,-0.05567673908247594
13705,wind,2030,92,1,1,-0.15662446235227173
13706,wind,2030,92,2,2,-0.15662446235227173
13707,wind,2030,92,3,3,-0.15662446235227173
13708,wind,2030,92,4,4,-0.15662446235227173
13709,wind,2030,92,5,5,-0.15662446235227173
13710,wind,2030,92,6,6,-0.15662446235227173
13711,wind,2030,92,7,7,-0.15662446235227173
13712,wind,2030,92,8,8,-0.15662446235227173
13713,wind,2030,92,9,9,-0.15662446235227173
13714,wind,2030,92,10,10,-0.15662446235227173
13715,wind,2030,92,11,11,-0.15662446235227173
13716,wind,2030,92,12,12,-0.15662446235227173
13717,wind,2030,92,13,13,-0.15662446235227173
13718,wind,2030,92,14,14,-0.15662446235227173
13719,wind,2030,92,15,15,-0.15662446235227173
13720,wind,2030,92,16,16,-0.15662446235227173
13721,wind,2030,92,17,17,-0.15662446235227173
13722,wind,2030,92,18,18,-0.15662446235227173
13723,wind,2030,92,19,19,-0.15662446235227173
13724,wind,2030,92,20,20,-0.15662446235227173
13725,wind,2030,92,21,21,-0.15662446235227173
13726,wind,2030,92,22,22,-0.15662446235227173
13727,wind,2030,92,23,23,-0.15662446235227173
13728,wind,2030,92,24,24,-0.15662446235227173
13729,wind,2030,93,1,1,-0.02648862088554681
13730,wind,2030,93,2,2,-0.02648862088554681
13731,wind,2030,93,3,3,-0.02648862088554681
13732,wind,2030,93,4,4,-0.02648862088554681
13733,wind,2030,93,5,5,-0.02648862088554681
13734,wind,2030,93,6,6,-0.02648862088554681
13735,wind,2030,93,7,7,-0.02648862088554681
13736,wind,2030,93,8,8,-0.02648862088554681
13737,wind,2030,93,9,9,-0.02648862088554681
13738,wind,2030,93,10,10,-0.02648862088554681
13739,wind,2030,93,11,11,-0.02648862088554681
13740,wind,2030,93,12,12,-0.02648862088554681
13741,wind,2030,93,13,13,-0.02648862088554681
13742,wind,2030,93,14,14,-0.02648862088554681
13743,wind,2030,93,15,15,-0.02648862088554681
13744,wind,2030,93,16,16,-0.02648862088554681
13745,wind,2030,93,17,17,-0.02648862088554681
13746,wind,2030,93,18,18,-0.02648862088554681
13747,wind,2030,93,19,19,-0.02648862088554681
13748,wind,2030,93,20,20,-0.02648862088554681
13749,wind,2030,93,21,21,-0.02648862088554681
13750,wind,2030,93,22,22,-0.02648862088554681
13751,wind,2030,93,23,23,-0.02648862088554681
13752,wind,2030,93,24,24,-0.02648862088554681
13753,wind,2030,94,1,1,-0.07592898726648116
13754,wind,2030,94,2,2,-0.07592898726648116
13755,wind,2030,94,3,3,-0.07592898726648116
13756,wind,2030,94,4,4,-0.07592898726648116
13757,wind,2030,94,5,5,-0.07592898726648116
13758,wind,2030,94,6,6,-0.07592898726648116
13759,wind,2030,94,7,7,-0.07592898726648116
13760,wind,2030,94,8,8,-0.07592898726648116
13761,wind,2030,94,9,9,-0.07592898726648116
13762,wind,2030,94,10,10,-0.07592898726648116
13763,wind,2030,94,11,11,-0.07592898726648116
13764,wind,2030,94,12,12,-0.07592898726648116
13765,wind,2030,94,13,13,-0.07592898726648116
13766,wind,2030,94,14,14,-0.07592898726648116
13767,wind,2030,94,15,15,-0.07592898726648116
13768,wind,2030,94,16,16,-0.07592898726648116
13769,wind,2030,94,17,17,-0.10756606529418164
13770,wind,2030,94,18,18,-0.10756606529418164
13771,wind,2030,94,19,19,-0.10756606529418164
13772,wind,2030,94,20,20,-0.10756606529418164
13773,wind,2030,94,21,21,-0.10756606529418164
13774,wind,2030,94,22,22,-0.10756606529418164
13775,wind,2030,94,23,23,-0.10756606529418164
13776,wind,2030,94,24,24,-0.07592898726648116
13777,wind,2030,95,1,1,-0.1637669125413173
13778,wind,2030,95,2,2,-0.1637669125413173
13779,wind,2030,95,3,3,-0.1637669125413173
13780,wind,2030,95,4,4,-0.1637669125413173
13781,wind,2030,95,5,5,-0.1637669125413173
13782,wind,2030,95,6,6,-0.1637669125413173
13783,wind,2030,95,7,7,-0.1637669125413173
13784,wind,2030,95,8,8,-0.1637669125413173
13785,wind,2030,95,9,9,-0.1637669125413173
13786,wind,2030,95,10,10,-0.1637669125413173
13787,wind,2030,95,11,11,-0.1637669125413173
13788,wind,2030,95,12,12,-0.1637669125413173
13789,wind,2030,95,13,13,-0.1637669125413173
13790,wind,2030,95,14,14,-0.1637669125413173
13791,wind,2030,95,15,15,-0.1637669125413173
13792,wind,2030,95,16,16,-0.1637669125413173
13793,wind,2030,95,17,17,-0.1637669125413173
13794,wind,2030,95,18,18,-0.1637669125413173
13795,wind,2030,95,19,19,-0.1637669125413173
13796,wind,2030,95,20,20,-0.1637669125413173
13797,wind,2030,95,21,21,-0.1637669125413173
13798,wind,2030,95,22,22,-0.1637669125413173
13799,wind,2030,95,23,23,-0.1637669125413173
13800,wind,2030,95,24,24,-0.1637669125413173
13801,wind,2030,96,1,1,-0.07085155935732122
13802,wind,2030,96,2,2,-0.07085155935732122
13803,wind,2030,96,3,3,-0.07085155935732122
13804,wind,2030,96,4,4,-0.07085155935732122
13805,wind,2030,96,5,5,-0.07085155935732122
13806,wind,2030,96,6,6,-0.07085155935732122
13807,wind,2030,96,7,7,-0.07085155935732122
13808,wind,2030,96,8,8,-0.07085155935732122
13809,wind,2030,96,9,9,-0.07085155935732122
13810,wind,2030,96,10,10,-0.07085155935732122
13811,wind,2030,96,11,11,-0.07085155935732122
13812,wind,2030,96,12,12,-0.07085155935732122
13813,wind,2030,96,13,13,-0.07085155935732122
13814,wind,2030,96,14,14,-0.07085155935732122
13815,wind,2030,96,15,15,-0.07085155935732122
13816,wind,2030,96,16,16,-0.07085155935732122
13817,wind,2030,96,17,17,-0.07085155935732122
13818,wind,2030,96,18,18,-0.07085155935732122
13819,wind,2030,96,19,19,-0.07085155935732122
13820,wind,2030,96,20,20,-0.07085155935732122
13821,wind,2030,96,21,21,-0.07085155935732122
13822,wind,2030,96,22,22,-0.07085155935732122
13823,wind,2030,96,23,23,-0.07085155935732122
13824,wind,2030,96,24,24,-0.07085155935732122
13825,wind,2030,97,1,1,-0.02437142307008564
13826,wind,2030,97,2,2,-0.02437142307008564
13827,wind,2030,97,3,3,-0.02437142307008564
13828,wind,2030,97,4,4,-0.02437142307008564
13829,wind,2030,97,5,5,-0.02437142307008564
13830,wind,2030,97,6,6,-0.02437142307008564
13831,wind,2030,97,7,7,-0.02437142307008564
13832,wind,2030,97,8,8,-0.02437142307008564
13833,wind,2030,97,9,9,-0.02437142307008564
13834,wind,2030,97,10,10,-0.02437142307008564
13835,wind,2030,97,11,11,-0.02437142307008564
13836,wind,2030,97,12,12,-0.02437142307008564
13837,wind,2030,97,13,13,-0.02437142307008564
13838,wind,2030,97,14,14,-0.02437142307008564
13839,wind,2030,97,15,15,-0.02437142307008564
13840,wind,2030,97,16,16,-0.02437142307008564
13841,wind,2030,97,17,17,-0.02437142307008564
13842,wind,2030,97,18,18,-0.03452618268262132
13843,wind,2030,97,19,19,-0.03452618268262132
13844,wind,2030,97,20,20,-0.03452618268262132
13845,wind,2030,97,21,21,-0.03452618268262132
13846,wind,2030,97,22,22,-0.02437142307008564
13847,wind,2030,97,23,23,-0.02437142307008564
13848,wind,2030,97,24,24,-0.02437142307008564
13849,wind,2030,98,1,1,-0.2260366167980411
13850,wind,2030,98,2,2,-0.2260366167980411
13851,wind,2030,98,3,3,-0.2260366167980411
13852,wind,2030,98,4,4,-0.2260366167980411
13853,wind,2030,98,5,5,-0.2260366167980411
13854,wind,2030,98,6,6,-0.2260366167980411
13855,wind,2030,98,7,7,-0.2260366167980411
13856,wind,2030,98,8,8,-0.2260366167980411
13857,wind,2030,98,9,9,-0.2260366167980411
13858,wind,2030,98,10,10,-0.2260366167980411
13859,wind,2030,98,11,11,-0.2260366167980411
13860,wind,2030,98,12,12,-0.2260366167980411
13861,wind,2030,98,13,13,-0.2260366167980411
13862,wind,2030,98,14,14,-0.2260366167980411
13863,wind,2030,98,15,15,-0.2260366167980411
13864,wind,2030,98,16,16,-0.2260366167980411
13865,wind,2030,98,17,17,-0.2260366167980411
13866,wind,2030,98,18,18,-0.2260366167980411
13867,wind,2030,98,19,19,-0.2260366167980411
13868,wind,2030,98,20,20,-0.2260366167980411
13869,wind,2030,98,21,21,-0.2260366167980411
13870,wind,2030,98,22,22,-0.2260366167980411
13871,wind,2030,98,23,23,-0.2260366167980411
13872,wind,2030,98,24,24,-0.2260366167980411
13873,wind,2030,99,1,1,-0.06879666347389667
13874,wind,2030,99,2,2,-0.04856235068745647
13875,wind,2030,99,3,3,-0.04856235068745647
13876,wind,2030,99,4,4,-0.04856235068745647
13877,wind,2030,99,5,5,-0.04856235068745647
13878,wind,2030,99,6,6,-0.04856235068745647
13879,wind,2030,99,7,7,-0.06879666347389667
13880,wind,2030,99,8,8,-0.06879666347389667
13881,wind,2030,99,9,9,-0.06879666347389667
13882,wind,2030,99,10,10,-0.06879666347389667
13883,wind,2030,99,11,11,-0.06879666347389667
13884,wind,2030,99,12,12,-0.06879666347389667
13885,wind,2030,99,13,13,-0.06879666347389667
13886,wind,2030,99,14,14,-0.06879666347389667
13887,wind,2030,99,15,15,-0.06879666347389667
13888,wind,2030,99,16,16,-0.06879666347389667
13889,wind,2030,99,17,17,-0.06879666347389667
13890,wind,2030,99,18,18,-20.232289355161548
13891,wind,2030,99,19,19,-20.232289355161548
13892,wind,2030,99,20,20,-20.232289355161548
13893,wind,2030,99,21,21,-20.232289355161548
13894,wind,2030,99,22,22,-0.06879666347389667
13895,wind,2030,99,23,23,-0.06879666347389667
13896,wind,2030,99,24,24,-0.06879666347389667
13897,wind,2030,100,1,1,-0.24604438396643805
13898,wind,2030,100,2,2,-0.24604438396643805
13899,wind,2030,100,3,3,-0.24604438396643805
13900,wind,2030,100,4,4,-0.24604438396643805
13901,wind,2030,100,5,5,-0.24604438396643805
13902,wind,2030,100,6,6,-0.24604438396643805
13903,wind,2030,100,7,7,-0.24604438396643805
13904,wind,2030,100,8,8,-0.24604438396643805
13905,wind,2030,100,9,9,-0.24604438396643805
13906,wind,2030,100,10,10,-0.24604438396643805
13907,wind,2030,100,11,11,-0.24604438396643805
13908,wind,2030,100,12,12,-0.2108889569873489
13909,wind,2030,100,13,13,0.0
13910,wind,2030,100,14,14,0.0
13911,wind,2030,100,15,15,0.0
13912,wind,2030,100,16,16,-0.24604438396643805
13913,wind,2030,100,17,17,-0.24604438396643805
13914,wind,2030,100,18,18,-0.24604438396643805
13915,wind,2030,100,19,19,-0.24604438396643805
13916,wind,2030,100,20,20,-0.24604438396643805
13917,wind,2030,100,21,21,-0.24604438396643805
13918,wind,2030,100,22,22,-0.24604438396643805
13919,wind,2030,100,23,23,-0.24604438396643805
13920,wind,2030,100,24,24,-0.24604438396643805
13921,wind,2030,101,1,1,-0.13518651541709986
13922,wind,2030,101,2,2,-0.13518651541709986
13923,wind,2030,101,3,3,-0.13518651541709986
13924,wind,2030,101,4,4,-0.13518651541709986
13925,wind,2030,101,5,5,-0.13518651541709986
13926,wind,2030,101,6,6,-0.13518651541709986
13927,wind,2030,101,7,7,-0.13518651541709986
13928,wind,2030,101,8,8,-0.13518651541709986
13929,wind,2030,101,9,9,-0.13518651541709986
13930,wind,2030,101,10,10,-0.13518651541709986
13931,wind,2030,101,11,11,-0.13518651541709986
13932,wind,2030,101,12,12,-0.13518651541709986
13933,wind,2030,101,13,13,-0.13518651541709986
13934,wind,2030,101,14,14,-0.13518651541709986
13935,wind,2030,101,15,15,-0.13518651541709986
13936,wind,2030,101,16,16,-0.13518651541709986
13937,wind,2030,101,17,17,-0.13518651541709986
13938,wind,2030,101,18,18,-0.13518651541709986
13939,wind,2030,101,19,19,-0.13518651541709986
13940,wind,2030,101,20,20,-0.13518651541709986
13941,wind,2030,101,21,21,-0.13518651541709986
13942,wind,2030,101,22,22,-0.13518651541709986
13943,wind,2030,101,23,23,-0.13518651541709986
13944,wind,2030,101,24,24,-0.13518651541709986
13945,wind,2030,102,1,1,-0.17274509345643885
13946,wind,2030,102,2,2,-0.17274509345643885
13947,wind,2030,102,3,3,-0.17274509345643885
13948,wind,2030,102,4,4,-0.17274509345643885
13949,wind,2030,102,5,5,-0.17274509345643885
13950,wind,2030,102,6,6,-0.17274509345643885
13951,wind,2030,102,7,7,-0.17274509345643885
13952,wind,2030,102,8,8,-0.17274509345643885
13953,wind,2030,102,9,9,-0.17274509345643885
13954,wind,2030,102,10,10,-0.17274509345643885
13955,wind,2030,102,11,11,-0.17274509345643885
13956,wind,2030,102,12,12,-0.17274509345643885
13957,wind,2030,102,13,13,-0.17274509345643885
13958,wind,2030,102,14,14,-0.17274509345643885
13959,wind,2030,102,15,15,-0.17274509345643885
13960,wind,2030,102,16,16,-0.17274509345643885
13961,wind,2030,102,17,17,-0.17274509345643885
13962,wind,2030,102,18,18,-0.17274509345643885
13963,wind,2030,102,19,19,-0.17274509345643885
13964,wind,2030,102,20,20,-0.24472221572995506
13965,wind,2030,102,21,21,-0.24472221572995506
13966,wind,2030,102,22,22,-0.17274509345643885
13967,wind,2030,102,23,23,-0.17274509345643885
13968,wind,2030,102,24,24,-0.17274509345643885
13969,wind,2030,103,1,1,-0.12133699759268748
13970,wind,2030,103,2,2,-0.12133699759268748
13971,wind,2030,103,3,3,-0.12133699759268748
13972,wind,2030,103,4,4,-0.12133699759268748
13973,wind,2030,103,5,5,-0.12133699759268748
13974,wind,2030,103,6,6,-0.12133699759268748
13975,wind,2030,103,7,7,-0.17189407992297392
13976,wind,2030,103,8,8,-0.17189407992297392
13977,wind,2030,103,9,9,-0.12133699759268748
13978,wind,2030,103,10,10,-0.12133699759268748
13979,wind,2030,103,11,11,-0.12133699759268748
13980,wind,2030,103,12,12,-0.12133699759268748
13981,wind,2030,103,13,13,-0.12133699759268748
13982,wind,2030,103,14,14,-0.12133699759268748
13983,wind,2030,103,15,15,-0.12133699759268748
13984,wind,2030,103,16,16,-0.12133699759268748
13985,wind,2030,103,17,17,-0.12133699759268748
13986,wind,2030,103,18,18,-0.12133699759268748
13987,wind,2030,103,19,19,-0.12133699759268748
13988,wind,2030,103,20,20,-0.12133699759268748
13989,wind,2030,103,21,21,-0.12133699759268748
13990,wind,2030,103,22,22,-0.12133699759268748
13991,wind,2030,103,23,23,-0.12133699759268748
13992,wind,2030,103,24,24,-0.12133699759268748
13993,wind,2030,104,1,1,-0.07521889125765881
13994,wind,2030,104,2,2,-0.07521889125765881
13995,wind,2030,104,3,3,-0.07521889125765881
13996,wind,2030,104,4,4,-0.07521889125765881
13997,wind,2030,104,5,5,-0.07521889125765881
13998,wind,2030,104,6,6,-0.07521889125765881
13999,wind,2030,104,7,7,-0.07521889125765881
14000,wind,2030,104,8,8,-0.07521889125765881
14001,wind,2030,104,9,9,-0.07521889125765881
14002,wind,2030,104,10,10,-0.07521889125765881
14003,wind,2030,104,11,11,-0.07521889125765881
14004,wind,2030,104,12,12,-0.07521889125765881
14005,wind,2030,104,13,13,-0.07521889125765881
14006,wind,2030,104,14,14,-0.07521889125765881
14007,wind,2030,104,15,15,-0.07521889125765881
14008,wind,2030,104,16,16,-0.07521889125765881
14009,wind,2030,104,17,17,-0.07521889125765881
14010,wind,2030,104,18,18,-0.10656009594834999
14011,wind,2030,104,19,19,-0.10656009594834999
14012,wind,2030,104,20,20,-0.10656009594834999
14013,wind,2030,104,21,21,-0.10656009594834999
14014,wind,2030,104,22,22,-0.10656009594834999
14015,wind,2030,104,23,23,-0.10656009594834999
14016,wind,2030,104,24,24,-0.07521889125765881
14017,wind,2030,105,1,1,-0.04947809973141086
14018,wind,2030,105,2,2,-0.04947809973141086
14019,wind,2030,105,3,3,-0.04947809973141086
14020,wind,2030,105,4,4,-0.04947809973141086
14021,wind,2030,105,5,5,-0.04947809973141086
14022,wind,2030,105,6,6,-0.04947809973141086
14023,wind,2030,105,7,7,-0.04947809973141086
14024,wind,2030,105,8,8,-0.04947809973141086
14025,wind,2030,105,9,9,-0.04947809973141086
14026,wind,2030,105,10,10,-0.04947809973141086
14027,wind,2030,105,11,11,-0.04947809973141086
14028,wind,2030,105,12,12,-0.04947809973141086
14029,wind,2030,105,13,13,-0.04947809973141086
14030,wind,2030,105,14,14,-0.04947809973141086
14031,wind,2030,105,15,15,-0.04947809973141086
14032,wind,2030,105,16,16,-0.04947809973141086
14033,wind,2030,105,17,17,-0.04947809973141086
14034,wind,2030,105,18,18,-0.04947809973141086
14035,wind,2030,105,19,19,-0.04947809973141086
14036,wind,2030,105,20,20,-0.04947809973141086
14037,wind,2030,105,21,21,-0.04947809973141086
14038,wind,2030,105,22,22,-0.04947809973141086
14039,wind,2030,105,23,23,-0.04947809973141086
14040,wind,2030,105,24,24,-0.04947809973141086
14041,wind,2030,106,1,1,-0.18850234963658008
14042,wind,2030,106,2,2,-0.18850234963658008
14043,wind,2030,106,3,3,-0.18850234963658008
14044,wind,2030,106,4,4,-0.18850234963658008
14045,wind,2030,106,5,5,-0.18850234963658008
14046,wind,2030,106,6,6,-0.18850234963658008
14047,wind,2030,106,7,7,-0.18850234963658008
14048,wind,2030,106,8,8,-0.18850234963658008
14049,wind,2030,106,9,9,-0.18850234963658008
14050,wind,2030,106,10,10,-0.18850234963658008
14051,wind,2030,106,11,11,-0.18850234963658008
14052,wind,2030,106,12,12,-0.18850234963658008
14053,wind,2030,106,13,13,-0.18850234963658008
14054,wind,2030,106,14,14,-0.18850234963658008
14055,wind,2030,106,15,15,-0.18850234963658008
14056,wind,2030,106,16,16,-0.18850234963658008
14057,wind,2030,106,17,17,-0.18850234963658008
14058,wind,2030,106,18,18,-0.18850234963658008
14059,wind,2030,106,19,19,-0.18850234963658008
14060,wind,2030,106,20,20,-0.18850234963658008
14061,wind,2030,106,21,21,-0.18850234963658008
14062,wind,2030,106,22,22,-0.18850234963658008
14063,wind,2030,106,23,23,-0.18850234963658008
14064,wind,2030,106,24,24,-0.18850234963658008
14065,wind,2030,107,1,1,-0.0744224600928411
14066,wind,2030,107,2,2,-0.0744224600928411
14067,wind,2030,107,3,3,-0.0744224600928411
14068,wind,2030,107,4,4,-0.0744224600928411
14069,wind,2030,107,5,5,-0.0744224600928411
14070,wind,2030,107,6,6,-0.0744224600928411
14071,wind,2030,107,7,7,-0.0744224600928411
14072,wind,2030,107,8,8,-0.0744224600928411
14073,wind,2030,107,9,9,-0.0744224600928411
14074,wind,2030,107,10,10,-0.0744224600928411
14075,wind,2030,107,11,11,-0.0744224600928411
14076,wind,2030,107,12,12,-0.0744224600928411
14077,wind,2030,107,13,13,-0.0744224600928411
14078,wind,2030,107,14,14,-0.0744224600928411
14079,wind,2030,107,15,15,-0.0744224600928411
14080,wind,2030,107,16,16,-0.0744224600928411
14081,wind,2030,107,17,17,-0.0744224600928411
14082,wind,2030,107,18,18,-0.0744224600928411
14083,wind,2030,107,19,19,-0.0744224600928411
14084,wind,2030,107,20,20,-0.0744224600928411
14085,wind,2030,107,21,21,-0.0744224600928411
14086,wind,2030,107,22,22,-0.0744224600928411
14087,wind,2030,107,23,23,-0.0744224600928411
14088,wind,2030,107,24,24,-0.0744224600928411
14089,wind,2030,108,1,1,-0.1414714667785804
14090,wind,2030,108,2,2,-0.1414714667785804
14091,wind,2030,108,3,3,-0.1414714667785804
14092,wind,2030,108,4,4,-0.1414714667785804
14093,wind,2030,108,5,5,-0.1414714667785804
14094,wind,2030,108,6,6,-0.1414714667785804
14095,wind,2030,108,7,7,-0.1414714667785804
14096,wind,2030,108,8,8,-0.1414714667785804
14097,wind,2030,108,9,9,-0.1414714667785804
14098,wind,2030,108,10,10,-0.1414714667785804
14099,wind,2030,108,11,11,-0.1414714667785804
14100,wind,2030,108,12,12,-0.1414714667785804
14101,wind,2030,108,13,13,-0.1414714667785804
14102,wind,2030,108,14,14,-0.1414714667785804
14103,wind,2030,108,15,15,-0.1414714667785804
14104,wind,2030,108,16,16,-0.1414714667785804
14105,wind,2030,108,17,17,-0.1414714667785804
14106,wind,2030,108,18,18,-0.1414714667785804
14107,wind,2030,108,19,19,-0.1414714667785804
14108,wind,2030,108,20,20,-0.1414714667785804
14109,wind,2030,108,21,21,-0.1414714667785804
14110,wind,2030,108,22,22,-0.1414714667785804
14111,wind,2030,108,23,23,-0.1414714667785804
14112,wind,2030,108,24,24,-0.1414714667785804
14113,wind,2030,109,1,1,-0.5017305068522574
14114,wind,2030,109,2,2,-0.5017305068522574
14115,wind,2030,109,3,3,-0.5017305068522574
14116,wind,2030,109,4,4,-0.5017305068522574
14117,wind,2030,109,5,5,-0.5017305068522574
14118,wind,2030,109,6,6,-0.5017305068522574
14119,wind,2030,109,7,7,-0.5017305068522574
14120,wind,2030,109,8,8,-0.5017305068522574
14121,wind,2030,109,9,9,-0.5017305068522574
14122,wind,2030,109,10,10,-0.5017305068522574
14123,wind,2030,109,11,11,-0.5017305068522574
14124,wind,2030,109,12,12,-0.5017305068522574
14125,wind,2030,109,13,13,-0.5017305068522574
14126,wind,2030,109,14,14,-0.5017305068522574
14127,wind,2030,109,15,15,-0.5017305068522574
14128,wind,2030,109,16,16,-0.5017305068522574
14129,wind,2030,109,17,17,-0.5017305068522574
14130,wind,2030,109,18,18,-0.5017305068522574
14131,wind,2030,109,19,19,-0.5017305068522574
14132,wind,2030,109,20,20,-0.5017305068522574
14133,wind,2030,109,21,21,-0.5017305068522574
14134,wind,2030,109,22,22,-0.5017305068522574
14135,wind,2030,109,23,23,-0.5017305068522574
14136,wind,2030,109,24,24,-0.5017305068522574
14137,wind,2030,110,1,1,-0.23801435214634087
14138,wind,2030,110,2,2,-0.23801435214634087
14139,wind,2030,110,3,3,-0.23801435214634087
14140,wind,2030,110,4,4,-0.23801435214634087
14141,wind,2030,110,5,5,-0.23801435214634087
14142,wind,2030,110,6,6,-0.23801435214634087
14143,wind,2030,110,7,7,-0.23801435214634087
14144,wind,2030,110,8,8,-0.23801435214634087
14145,wind,2030,110,9,9,-0.23801435214634087
14146,wind,2030,110,10,10,-0.23801435214634087
14147,wind,2030,110,11,11,-0.23801435214634087
14148,wind,2030,110,12,12,-0.23801435214634087
14149,wind,2030,110,13,13,-0.23801435214634087
14150,wind,2030,110,14,14,-0.23801435214634087
14151,wind,2030,110,15,15,-0.23801435214634087
14152,wind,2030,110,16,16,-0.23801435214634087
14153,wind,2030,110,17,17,-0.23801435214634087
14154,wind,2030,110,18,18,-0.23801435214634087
14155,wind,2030,110,19,19,-0.23801435214634087
14156,wind,2030,110,20,20,-0.23801435214634087
14157,wind,2030,110,21,21,-0.23801435214634087
14158,wind,2030,110,22,22,-0.23801435214634087
14159,wind,2030,110,23,23,-0.23801435214634087
14160,wind,2030,110,24,24,-0.23801435214634087
14161,wind,2030,111,1,1,-0.122113698841325
14162,wind,2030,111,2,2,-0.122113698841325
14163,wind,2030,111,3,3,-0.122113698841325
14164,wind,2030,111,4,4,-0.122113698841325
14165,wind,2030,111,5,5,-0.122113698841325
14166,wind,2030,111,6,6,-0.122113698841325
14167,wind,2030,111,7,7,-0.122113698841325
14168,wind,2030,111,8,8,-0.122113698841325
14169,wind,2030,111,9,9,-0.122113698841325
14170,wind,2030,111,10,10,-0.122113698841325
14171,wind,2030,111,11,11,-0.122113698841325
14172,wind,2030,111,12,12,-0.122113698841325
14173,wind,2030,111,13,13,-0.122113698841325
14174,wind,2030,111,14,14,-0.122113698841325
14175,wind,2030,111,15,15,-0.122113698841325
14176,wind,2030,111,16,16,-0.122113698841325
14177,wind,2030,111,17,17,-0.122113698841325
14178,wind,2030,111,18,18,-0.122113698841325
14179,wind,2030,111,19,19,-0.1729944066918771
14180,wind,2030,111,20,20,-0.1729944066918771
14181,wind,2030,111,21,21,-0.1729944066918771
14182,wind,2030,111,22,22,-0.122113698841325
14183,wind,2030,111,23,23,-0.122113698841325
14184,wind,2030,111,24,24,-0.122113698841325
14185,wind,2030,112,1,1,-0.4238282777671188
14186,wind,2030,112,2,2,-0.4238282777671188
14187,wind,2030,112,3,3,-0.4238282777671188
14188,wind,2030,112,4,4,-0.4238282777671188
14189,wind,2030,112,5,5,-0.4238282777671188
14190,wind,2030,112,6,6,-0.4238282777671188
14191,wind,2030,112,7,7,-0.4238282777671188
14192,wind,2030,112,8,8,-0.4238282777671188
14193,wind,2030,112,9,9,-0.4238282777671188
14194,wind,2030,112,10,10,-0.4238282777671188
14195,wind,2030,112,11,11,-0.4238282777671188
14196,wind,2030,112,12,12,-0.4238282777671188
14197,wind,2030,112,13,13,-0.4238282777671188
14198,wind,2030,112,14,14,-0.4238282777671188
14199,wind,2030,112,15,15,-0.4238282777671188
14200,wind,2030,112,16,16,-0.4238282777671188
14201,wind,2030,112,17,17,-0.4238282777671188
14202,wind,2030,112,18,18,-0.4238282777671188
14203,wind,2030,112,19,19,-0.4238282777671188
14204,wind,2030,112,20,20,-0.4238282777671188
14205,wind,2030,112,21,21,-0.4238282777671188
14206,wind,2030,112,22,22,-0.4238282777671188
14207,wind,2030,112,23,23,-0.4238282777671188
14208,wind,2030,112,24,24,-0.4238282777671188
14209,wind,2030,113,1,1,-0.04522296033607508
14210,wind,2030,113,2,2,-0.04522296033607508
14211,wind,2030,113,3,3,-0.04522296033607508
14212,wind,2030,113,4,4,-0.04522296033607508
14213,wind,2030,113,5,5,-0.04522296033607508
14214,wind,2030,113,6,6,-0.06406586047610635
14215,wind,2030,113,7,7,-0.06406586047610635
14216,wind,2030,113,8,8,-0.06406586047610635
14217,wind,2030,113,9,9,-0.06406586047610635
14218,wind,2030,113,10,10,-0.06406586047610635
14219,wind,2030,113,11,11,-0.06406586047610635
14220,wind,2030,113,12,12,-0.06406586047610635
14221,wind,2030,113,13,13,-0.06406586047610635
14222,wind,2030,113,14,14,-0.06406586047610635
14223,wind,2030,113,15,15,-0.06406586047610635
14224,wind,2030,113,16,16,-0.06406586047610635
14225,wind,2030,113,17,17,-0.06406586047610635
14226,wind,2030,113,18,18,-0.06406586047610635
14227,wind,2030,113,19,19,-18.841015850017275
14228,wind,2030,113,20,20,-3.8389590364025414
14229,wind,2030,113,21,21,-0.06406586047610635
14230,wind,2030,113,22,22,-0.06406586047610635
14231,wind,2030,113,23,23,-0.06406586047610635
14232,wind,2030,113,24,24,-0.06406586047610635
14233,wind,2030,114,1,1,-0.3028075400133938
14234,wind,2030,114,2,2,-0.3028075400133938
14235,wind,2030,114,3,3,-0.3028075400133938
14236,wind,2030,114,4,4,-0.3028075400133938
14237,wind,2030,114,5,5,-0.3028075400133938
14238,wind,2030,114,6,6,-0.3028075400133938
14239,wind,2030,114,7,7,-0.3028075400133938
14240,wind,2030,114,8,8,-0.3028075400133938
14241,wind,2030,114,9,9,-0.3028075400133938
14242,wind,2030,114,10,10,-0.3028075400133938
14243,wind,2030,114,11,11,-0.3028075400133938
14244,wind,2030,114,12,12,-0.3028075400133938
14245,wind,2030,114,13,13,-0.3028075400133938
14246,wind,2030,114,14,14,-0.3028075400133938
14247,wind,2030,114,15,15,-0.3028075400133938
14248,wind,2030,114,16,16,-0.3028075400133938
14249,wind,2030,114,17,17,-0.3028075400133938
14250,wind,2030,114,18,18,-0.3028075400133938
14251,wind,2030,114,19,19,-0.3028075400133938
14252,wind,2030,114,20,20,-0.3028075400133938
14253,wind,2030,114,21,21,-0.3028075400133938
14254,wind,2030,114,22,22,-0.3028075400133938
14255,wind,2030,114,23,23,-0.3028075400133938
14256,wind,2030,114,24,24,-0.3028075400133938
14257,wind,2030,115,1,1,-0.05294854261131437
14258,wind,2030,115,2,2,-0.05294854261131437
14259,wind,2030,115,3,3,-0.05294854261131437
14260,wind,2030,115,4,4,-0.05294854261131437
14261,wind,2030,115,5,5,-0.05294854261131437
14262,wind,2030,115,6,6,-0.05294854261131437
14263,wind,2030,115,7,7,-0.05294854261131437
14264,wind,2030,115,8,8,-0.05294854261131437
14265,wind,2030,115,9,9,-0.05294854261131437
14266,wind,2030,115,10,10,-0.05294854261131437
14267,wind,2030,115,11,11,-0.05294854261131437
14268,wind,2030,115,12,12,-0.05294854261131437
14269,wind,2030,115,13,13,-0.05294854261131437
14270,wind,2030,115,14,14,-0.05294854261131437
14271,wind,2030,115,15,15,-0.05294854261131437
14272,wind,2030,115,16,16,-0.05294854261131437
14273,wind,2030,115,17,17,-0.05294854261131437
14274,wind,2030,115,18,18,-0.05294854261131437
14275,wind,2030,115,19,19,-0.05294854261131437
14276,wind,2030,115,20,20,-0.05294854261131437
14277,wind,2030,115,21,21,-0.05294854261131437
14278,wind,2030,115,22,22,-0.05294854261131437
14279,wind,2030,115,23,23,-0.05294854261131437
14280,wind,2030,115,24,24,-0.05294854261131437
14281,wind,2030,116,1,1,-0.24593608039540593
14282,wind,2030,116,2,2,-0.24593608039540593
14283,wind,2030,116,3,3,-0.24593608039540593
14284,wind,2030,116,4,4,-0.24593608039540593
14285,wind,2030,116,5,5,-0.24593608039540593
14286,wind,2030,116,6,6,-0.24593608039540593
14287,wind,2030,116,7,7,-0.24593608039540593
14288,wind,2030,116,8,8,-0.24593608039540593
14289,wind,2030,116,9,9,-0.24593608039540593
14290,wind,2030,116,10,10,-0.24593608039540593
14291,wind,2030,116,11,11,-0.24593608039540593
14292,wind,2030,116,12,12,-0.24593608039540593
14293,wind,2030,116,13,13,-0.24593608039540593
14294,wind,2030,116,14,14,-0.24593608039540593
14295,wind,2030,116,15,15,-0.24593608039540593
14296,wind,2030,116,16,16,-0.24593608039540593
14297,wind,2030,116,17,17,-0.3484094472268251
14298,wind,2030,116,18,18,-0.3484094472268251
14299,wind,2030,116,19,19,-0.3484094472268251
14300,wind,2030,116,20,20,-0.3484094472268251
14301,wind,2030,116,21,21,-0.3484094472268251
14302,wind,2030,116,22,22,-0.3484094472268251
14303,wind,2030,116,23,23,-0.3484094472268251
14304,wind,2030,116,24,24,-0.3484094472268251
14305,wind,2030,117,1,1,-0.12897148425266772
14306,wind,2030,117,2,2,-0.12897148425266772
14307,wind,2030,117,3,3,-0.12897148425266772
14308,wind,2030,117,4,4,-0.12897148425266772
14309,wind,2030,117,5,5,-0.12897148425266772
14310,wind,2030,117,6,6,-0.12897148425266772
14311,wind,2030,117,7,7,-0.12897148425266772
14312,wind,2030,117,8,8,-0.12897148425266772
14313,wind,2030,117,9,9,-0.12897148425266772
14314,wind,2030,117,10,10,-0.12897148425266772
14315,wind,2030,117,11,11,-0.12897148425266772
14316,wind,2030,117,12,12,-0.12897148425266772
14317,wind,2030,117,13,13,-0.15615360047885232
14318,wind,2030,117,14,14,-0.18270960269127925
14319,wind,2030,117,15,15,-0.12897148425266772
14320,wind,2030,117,16,16,-0.18270960269127925
14321,wind,2030,117,17,17,-0.18270960269127925
14322,wind,2030,117,18,18,-0.18270960269127925
14323,wind,2030,117,19,19,-0.18270960269127925
14324,wind,2030,117,20,20,-0.18270960269127925
14325,wind,2030,117,21,21,-0.18270960269127925
14326,wind,2030,117,22,22,-0.18270960269127925
14327,wind,2030,117,23,23,-0.12897148425266772
14328,wind,2030,117,24,24,-0.12897148425266772
14329,wind,2030,118,1,1,-0.17890511980931462
14330,wind,2030,118,2,2,-0.17890511980931462
14331,wind,2030,118,3,3,-0.17890511980931462
14332,wind,2030,118,4,4,-0.17890511980931462
14333,wind,2030,118,5,5,-0.17890511980931462
14334,wind,2030,118,6,6,-0.17890511980931462
14335,wind,2030,118,7,7,-0.17890511980931462
14336,wind,2030,118,8,8,-0.17890511980931462
14337,wind,2030,118,9,9,-0.17890511980931462
14338,wind,2030,118,10,10,-0.17890511980931462
14339,wind,2030,118,11,11,-0.17890511980931462
14340,wind,2030,118,12,12,-0.17890511980931462
14341,wind,2030,118,13,13,-0.17890511980931462
14342,wind,2030,118,14,14,-0.17890511980931462
14343,wind,2030,118,15,15,-0.17890511980931462
14344,wind,2030,118,16,16,-0.17890511980931462
14345,wind,2030,118,17,17,-0.17890511980931462
14346,wind,2030,118,18,18,-0.17890511980931462
14347,wind,2030,118,19,19,-0.17890511980931462
14348,wind,2030,118,20,20,-0.17890511980931462
14349,wind,2030,118,21,21,-0.17890511980931462
14350,wind,2030,118,22,22,-0.17890511980931462
14351,wind,2030,118,23,23,-0.17890511980931462
14352,wind,2030,118,24,24,-0.17890511980931462
14353,wind,2030,119,1,1,-0.30306835513422836
14354,wind,2030,119,2,2,-0.30306835513422836
14355,wind,2030,119,3,3,-0.30306835513422836
14356,wind,2030,119,4,4,-0.30306835513422836
14357,wind,2030,119,5,5,-0.30306835513422836
14358,wind,2030,119,6,6,-0.30306835513422836
14359,wind,2030,119,7,7,-0.30306835513422836
14360,wind,2030,119,8,8,-0.30306835513422836
14361,wind,2030,119,9,9,-0.30306835513422836
14362,wind,2030,119,10,10,-0.30306835513422836
14363,wind,2030,119,11,11,-0.30306835513422836
14364,wind,2030,119,12,12,-0.30306835513422836
14365,wind,2030,119,13,13,-0.30306835513422836
14366,wind,2030,119,14,14,-0.30306835513422836
14367,wind,2030,119,15,15,-0.30306835513422836
14368,wind,2030,119,16,16,-0.30306835513422836
14369,wind,2030,119,17,17,-0.30306835513422836
14370,wind,2030,119,18,18,-0.30306835513422836
14371,wind,2030,119,19,19,-0.42934683644015686
14372,wind,2030,119,20,20,-0.42934683644015686
14373,wind,2030,119,21,21,-0.42934683644015686
14374,wind,2030,119,22,22,-0.42934683644015686
14375,wind,2030,119,23,23,-0.30306835513422836
14376,wind,2030,119,24,24,-0.30306835513422836
14377,wind,2030,120,1,1,-0.25194947613009405
14378,wind,2030,120,2,2,-0.25194947613009405
14379,wind,2030,120,3,3,-0.25194947613009405
14380,wind,2030,120,4,4,-0.25194947613009405
14381,wind,2030,120,5,5,-0.25194947613009405
14382,wind,2030,120,6,6,-0.25194947613009405
14383,wind,2030,120,7,7,-0.25194947613009405
14384,wind,2030,120,8,8,-0.25194947613009405
14385,wind,2030,120,9,9,-0.25194947613009405
14386,wind,2030,120,10,10,-0.25194947613009405
14387,wind,2030,120,11,11,-0.25194947613009405
14388,wind,2030,120,12,12,-0.25194947613009405
14389,wind,2030,120,13,13,-0.25194947613009405
14390,wind,2030,120,14,14,-0.25194947613009405
14391,wind,2030,120,15,15,-0.25194947613009405
14392,wind,2030,120,16,16,-0.25194947613009405
14393,wind,2030,120,17,17,-0.25194947613009405
14394,wind,2030,120,18,18,-0.25194947613009405
14395,wind,2030,120,19,19,-0.25194947613009405
14396,wind,2030,120,20,20,-0.25194947613009405
14397,wind,2030,120,21,21,-0.25194947613009405
14398,wind,2030,120,22,22,-0.25194947613009405
14399,wind,2030,120,23,23,-0.25194947613009405
14400,wind,2030,120,24,24,-0.25194947613009405
14401,wind_offshore,2030,1,1,1,-0.023
14402,wind_offshore,2030,1,2,2,-0.023
14403,wind_offshore,2030,1,3,3,-0.023
14404,wind_offshore,2030,1,4,4,-0.023
14405,wind_offshore,2030,1,5,5,-0.023
14406,wind_offshore,2030,1,6,6,-0.023
14407,wind_offshore,2030,1,7,7,-0.023
14408,wind_offshore,2030,1,8,8,-0.023
14409,wind_offshore,2030,1,9,9,-0.023
14410,wind_offshore,2030,1,10,10,-0.023
14411,wind_offshore,2030,1,11,11,-0.023
14412,wind_offshore,2030,1,12,12,-0.023
14413,wind_offshore,2030,1,13,13,-0.023
14414,wind_offshore,2030,1,14,14,-0.023
14415,wind_offshore,2030,1,15,15,-0.023
14416,wind_offshore,2030,1,16,16,-0.023
14417,wind_offshore,2030,1,17,17,-0.033
14418,wind_offshore,2030,1,18,18,-0.033
14419,wind_offshore,2030,1,19,19,-0.033
14420,wind_offshore,2030,1,20,20,-0.033
14421,wind_offshore,2030,1,21,21,-0.033
14422,wind_offshore,2030,1,22,22,-0.033
14423,wind_offshore,2030,1,23,23,-0.023
14424,wind_offshore,2030,1,24,24,-0.023
14425,wind_offshore,2030,2,1,1,-0.023
14426,wind_offshore,2030,2,2,2,-0.023
14427,wind_offshore,2030,2,3,3,-0.023
14428,wind_offshore,2030,2,4,4,-0.023
14429,wind_offshore,2030,2,5,5,-0.023
14430,wind_offshore,2030,2,6,6,-0.023
14431,wind_offshore,2030,2,7,7,-0.023
14432,wind_offshore,2030,2,8,8,-0.023
14433,wind_offshore,2030,2,9,9,-0.023
14434,wind_offshore,2030,2,10,10,-0.023
14435,wind_offshore,2030,2,11,11,-0.023
14436,wind_offshore,2030,2,12,12,-0.023
14437,wind_offshore,2030,2,13,13,-0.023
14438,wind_offshore,2030,2,14,14,-0.023
14439,wind_offshore,2030,2,15,15,-0.023
14440,wind_offshore,2030,2,16,16,-0.023
14441,wind_offshore,2030,2,17,17,-0.023
14442,wind_offshore,2030,2,18,18,-0.023
14443,wind_offshore,2030,2,19,19,-0.023
14444,wind_offshore,2030,2,20,20,-0.033
14445,wind_offshore,2030,2,21,21,-0.033
14446,wind_offshore,2030,2,22,22,-0.023
14447,wind_offshore,2030,2,23,23,-0.023
14448,wind_offshore,2030,2,24,24,-0.023
14449,wind_offshore,2030,3,1,1,-0.023
14450,wind_offshore,2030,3,2,2,-0.023
14451,wind_offshore,2030,3,3,3,-0.023
14452,wind_offshore,2030,3,4,4,-0.023
14453,wind_offshore,2030,3,5,5,-0.023
14454,wind_offshore,2030,3,6,6,-0.023
14455,wind_offshore,2030,3,7,7,-0.023
14456,wind_offshore,2030,3,8,8,-0.023
14457,wind_offshore,2030,3,9,9,-0.023
14458,wind_offshore,2030,3,10,10,-0.023
14459,wind_offshore,2030,3,11,11,-0.023
14460,wind_offshore,2030,3,12,12,-0.023
14461,wind_offshore,2030,3,13,13,-0.023
14462,wind_offshore,2030,3,14,14,-0.023
14463,wind_offshore,2030,3,15,15,-0.023
14464,wind_offshore,2030,3,16,16,-0.023
14465,wind_offshore,2030,3,17,17,-0.023
14466,wind_offshore,2030,3,18,18,-0.023
14467,wind_offshore,2030,3,19,19,-0.023
14468,wind_offshore,2030,3,20,20,-0.033
14469,wind_offshore,2030,3,21,21,-0.033
14470,wind_offshore,2030,3,22,22,-0.023
14471,wind_offshore,2030,3,23,23,-0.023
14472,wind_offshore,2030,3,24,24,-0.023
14473,wind_offshore,2030,4,1,1,-0.046
14474,wind_offshore,2030,4,2,2,-0.046
14475,wind_offshore,2030,4,3,3,-0.046
14476,wind_offshore,2030,4,4,4,-0.046
14477,wind_offshore,2030,4,5,5,-0.046
14478,wind_offshore,2030,4,6,6,-0.046
14479,wind_offshore,2030,4,7,7,-0.046
14480,wind_offshore,2030,4,8,8,-0.046
14481,wind_offshore,2030,4,9,9,-0.046
14482,wind_offshore,2030,4,10,10,-0.046
14483,wind_offshore,2030,4,11,11,-0.046
14484,wind_offshore,2030,4,12,12,-0.046
14485,wind_offshore,2030,4,13,13,-0.046
14486,wind_offshore,2030,4,14,14,-0.046
14487,wind_offshore,2030,4,15,15,-0.046
14488,wind_offshore,2030,4,16,16,-0.046
14489,wind_offshore,2030,4,17,17,-0.046
14490,wind_offshore,2030,4,18,18,-0.046
14491,wind_offshore,2030,4,19,19,-0.046
14492,wind_offshore,2030,4,20,20,-0.046
14493,wind_offshore,2030,4,21,21,-0.046
14494,wind_offshore,2030,4,22,22,-0.046
14495,wind_offshore,2030,4,23,23,-0.046
14496,wind_offshore,2030,4,24,24,-0.046
14497,wind_offshore,2030,5,1,1,-0.05761179965120359
14498,wind_offshore,2030,5,2,2,-0.05761179965120359
14499,wind_offshore,2030,5,3,3,-0.05761179965120359
14500,wind_offshore,2030,5,4,4,-0.05761179965120359
14501,wind_offshore,2030,5,5,5,-0.05761179965120359
14502,wind_offshore,2030,5,6,6,-0.05761179965120359
14503,wind_offshore,2030,5,7,7,-0.05761179965120359
14504,wind_offshore,2030,5,8,8,-0.05761179965120359
14505,wind_offshore,2030,5,9,9,-0.05761179965120359
14506,wind_offshore,2030,5,10,10,-0.05761179965120359
14507,wind_offshore,2030,5,11,11,-0.05761179965120359
14508,wind_offshore,2030,5,12,12,-0.05761179965120359
14509,wind_offshore,2030,5,13,13,-0.05761179965120359
14510,wind_offshore,2030,5,14,14,-0.05761179965120359
14511,wind_offshore,2030,5,15,15,-0.05761179965120359
14512,wind_offshore,2030,5,16,16,-0.05761179965120359
14513,wind_offshore,2030,5,17,17,-0.05761179965120359
14514,wind_offshore,2030,5,18,18,-0.05761179965120359
14515,wind_offshore,2030,5,19,19,-0.05761179965120359
14516,wind_offshore,2030,5,20,20,-0.05761179965120359
14517,wind_offshore,2030,5,21,21,-0.05761179965120359
14518,wind_offshore,2030,5,22,22,-0.05761179965120359
14519,wind_offshore,2030,5,23,23,-0.05761179965120359
14520,wind_offshore,2030,5,24,24,-0.05761179965120359
14521,wind_offshore,2030,6,1,1,-0.023
14522,wind_offshore,2030,6,2,2,-0.023
14523,wind_offshore,2030,6,3,3,-0.023
14524,wind_offshore,2030,6,4,4,-0.023
14525,wind_offshore,2030,6,5,5,-0.023
14526,wind_offshore,2030,6,6,6,-0.023
14527,wind_offshore,2030,6,7,7,-0.023
14528,wind_offshore,2030,6,8,8,-0.023
14529,wind_offshore,2030,6,9,9,-0.023
14530,wind_offshore,2030,6,10,10,-0.023
14531,wind_offshore,2030,6,11,11,-0.023
14532,wind_offshore,2030,6,12,12,-0.023
14533,wind_offshore,2030,6,13,13,-0.023
14534,wind_offshore,2030,6,14,14,-0.023
14535,wind_offshore,2030,6,15,15,-0.023
14536,wind_offshore,2030,6,16,16,-0.023
14537,wind_offshore,2030,6,17,17,-0.023
14538,wind_offshore,2030,6,18,18,-0.023
14539,wind_offshore,2030,6,19,19,-0.033
14540,wind_offshore,2030,6,20,20,-0.033
14541,wind_offshore,2030,6,21,21,-0.023
14542,wind_offshore,2030,6,22,22,-0.023
14543,wind_offshore,2030,6,23,23,-0.023
14544,wind_offshore,2030,6,24,24,-0.023
14545,wind_offshore,2030,7,1,1,-0.059734574794997455
14546,wind_offshore,2030,7,2,2,-0.059734574794997455
14547,wind_offshore,2030,7,3,3,-0.059734574794997455
14548,wind_offshore,2030,7,4,4,-0.059734574794997455
14549,wind_offshore,2030,7,5,5,-0.059734574794997455
14550,wind_offshore,2030,7,6,6,-0.059734574794997455
14551,wind_offshore,2030,7,7,7,-0.059734574794997455
14552,wind_offshore,2030,7,8,8,-0.059734574794997455
14553,wind_offshore,2030,7,9,9,-0.059734574794997455
14554,wind_offshore,2030,7,10,10,-0.059734574794997455
14555,wind_offshore,2030,7,11,11,-0.059734574794997455
14556,wind_offshore,2030,7,12,12,-0.059734574794997455
14557,wind_offshore,2030,7,13,13,-0.059734574794997455
14558,wind_offshore,2030,7,14,14,-0.059734574794997455
14559,wind_offshore,2030,7,15,15,-0.059734574794997455
14560,wind_offshore,2030,7,16,16,-0.059734574794997455
14561,wind_offshore,2030,7,17,17,-0.059734574794997455
14562,wind_offshore,2030,7,18,18,-0.059734574794997455
14563,wind_offshore,2030,7,19,19,-0.059734574794997455
14564,wind_offshore,2030,7,20,20,-0.059734574794997455
14565,wind_offshore,2030,7,21,21,-0.059734574794997455
14566,wind_offshore,2030,7,22,22,-0.059734574794997455
14567,wind_offshore,2030,7,23,23,-0.059734574794997455
14568,wind_offshore,2030,7,24,24,-0.059734574794997455
14569,wind_offshore,2030,8,1,1,-0.043293113644438504
14570,wind_offshore,2030,8,2,2,-0.043293113644438504
14571,wind_offshore,2030,8,3,3,-0.043293113644438504
14572,wind_offshore,2030,8,4,4,-0.043293113644438504
14573,wind_offshore,2030,8,5,5,-0.043293113644438504
14574,wind_offshore,2030,8,6,6,-0.043293113644438504
14575,wind_offshore,2030,8,7,7,-0.043293113644438504
14576,wind_offshore,2030,8,8,8,-0.043293113644438504
14577,wind_offshore,2030,8,9,9,-0.043293113644438504
14578,wind_offshore,2030,8,10,10,-0.043293113644438504
14579,wind_offshore,2030,8,11,11,-0.043293113644438504
14580,wind_offshore,2030,8,12,12,-0.043293113644438504
14581,wind_offshore,2030,8,13,13,-0.043293113644438504
14582,wind_offshore,2030,8,14,14,-0.043293113644438504
14583,wind_offshore,2030,8,15,15,-0.043293113644438504
14584,wind_offshore,2030,8,16,16,-0.043293113644438504
14585,wind_offshore,2030,8,17,17,-0.043293113644438504
14586,wind_offshore,2030,8,18,18,-0.043293113644438504
14587,wind_offshore,2030,8,19,19,-0.043293113644438504
14588,wind_offshore,2030,8,20,20,-0.043293113644438504
14589,wind_offshore,2030,8,21,21,-0.043293113644438504
14590,wind_offshore,2030,8,22,22,-0.043293113644438504
14591,wind_offshore,2030,8,23,23,-0.043293113644438504
14592,wind_offshore,2030,8,24,24,-0.043293113644438504
14593,wind_offshore,2030,9,1,1,-0.02332077583050631
14594,wind_offshore,2030,9,2,2,-0.02332077583050631
14595,wind_offshore,2030,9,3,3,-0.02332077583050631
14596,wind_offshore,2030,9,4,4,-0.02332077583050631
14597,wind_offshore,2030,9,5,5,-0.02332077583050631
14598,wind_offshore,2030,9,6,6,-0.02332077583050631
14599,wind_offshore,2030,9,7,7,-0.02332077583050631
14600,wind_offshore,2030,9,8,8,-0.02332077583050631
14601,wind_offshore,2030,9,9,9,-0.02332077583050631
14602,wind_offshore,2030,9,10,10,-0.02332077583050631
14603,wind_offshore,2030,9,11,11,-0.02332077583050631
14604,wind_offshore,2030,9,12,12,-0.02332077583050631
14605,wind_offshore,2030,9,13,13,-0.02332077583050631
14606,wind_offshore,2030,9,14,14,-0.02332077583050631
14607,wind_offshore,2030,9,15,15,-0.02332077583050631
14608,wind_offshore,2030,9,16,16,-0.02332077583050631
14609,wind_offshore,2030,9,17,17,-0.02332077583050631
14610,wind_offshore,2030,9,18,18,-0.02332077583050631
14611,wind_offshore,2030,9,19,19,-0.02332077583050631
14612,wind_offshore,2030,9,20,20,-0.03346024358290036
14613,wind_offshore,2030,9,21,21,-0.02332077583050631
14614,wind_offshore,2030,9,22,22,-0.02332077583050631
14615,wind_offshore,2030,9,23,23,-0.02332077583050631
14616,wind_offshore,2030,9,24,24,-0.02332077583050631
14617,wind_offshore,2030,10,1,1,-0.03763985282425309
14618,wind_offshore,2030,10,2,2,-0.03763985282425309
14619,wind_offshore,2030,10,3,3,-0.03763985282425309
14620,wind_offshore,2030,10,4,4,-0.03763985282425309
14621,wind_offshore,2030,10,5,5,-0.03763985282425309
14622,wind_offshore,2030,10,6,6,-0.03763985282425309
14623,wind_offshore,2030,10,7,7,-0.03763985282425309
14624,wind_offshore,2030,10,8,8,-0.03763985282425309
14625,wind_offshore,2030,10,9,9,-0.03763985282425309
14626,wind_offshore,2030,10,10,10,-0.03763985282425309
14627,wind_offshore,2030,10,11,11,-0.03763985282425309
14628,wind_offshore,2030,10,12,12,-0.03763985282425309
14629,wind_offshore,2030,10,13,13,-0.03763985282425309
14630,wind_offshore,2030,10,14,14,-0.03763985282425309
14631,wind_offshore,2030,10,15,15,-0.03763985282425309
14632,wind_offshore,2030,10,16,16,-0.03763985282425309
14633,wind_offshore,2030,10,17,17,-0.03763985282425309
14634,wind_offshore,2030,10,18,18,-0.03763985282425309
14635,wind_offshore,2030,10,19,19,-0.03763985282425309
14636,wind_offshore,2030,10,20,20,-0.03763985282425309
14637,wind_offshore,2030,10,21,21,-0.03763985282425309
14638,wind_offshore,2030,10,22,22,-0.03763985282425309
14639,wind_offshore,2030,10,23,23,-0.03763985282425309
14640,wind_offshore,2030,10,24,24,-0.03763985282425309
14641,wind_offshore,2030,11,1,1,-0.09147958614242788
14642,wind_offshore,2030,11,2,2,-0.09147958614242788
14643,wind_offshore,2030,11,3,3,-0.09147958614242788
14644,wind_offshore,2030,11,4,4,-0.09147958614242788
14645,wind_offshore,2030,11,5,5,-0.09147958614242788
14646,wind_offshore,2030,11,6,6,-0.09147958614242788
14647,wind_offshore,2030,11,7,7,-0.09147958614242788
14648,wind_offshore,2030,11,8,8,-0.09147958614242788
14649,wind_offshore,2030,11,9,9,-0.09147958614242788
14650,wind_offshore,2030,11,10,10,-0.09147958614242788
14651,wind_offshore,2030,11,11,11,-0.09147958614242788
14652,wind_offshore,2030,11,12,12,-0.09147958614242788
14653,wind_offshore,2030,11,13,13,-0.09147958614242788
14654,wind_offshore,2030,11,14,14,-0.09147958614242788
14655,wind_offshore,2030,11,15,15,-0.09147958614242788
14656,wind_offshore,2030,11,16,16,-0.09147958614242788
14657,wind_offshore,2030,11,17,17,-0.09147958614242788
14658,wind_offshore,2030,11,18,18,-0.09147958614242788
14659,wind_offshore,2030,11,19,19,-0.09147958614242788
14660,wind_offshore,2030,11,20,20,-0.09147958614242788
14661,wind_offshore,2030,11,21,21,-0.09147958614242788
14662,wind_offshore,2030,11,22,22,-0.09147958614242788
14663,wind_offshore,2030,11,23,23,-0.09147958614242788
14664,wind_offshore,2030,11,24,24,-0.09147958614242788
14665,wind_offshore,2030,12,1,1,-0.12328583993922153
14666,wind_offshore,2030,12,2,2,-0.12328583993922153
14667,wind_offshore,2030,12,3,3,-0.12328583993922153
14668,wind_offshore,2030,12,4,4,-0.12328583993922153
14669,wind_offshore,2030,12,5,5,-0.12328583993922153
14670,wind_offshore,2030,12,6,6,-0.12328583993922153
14671,wind_offshore,2030,12,7,7,-0.12328583993922153
14672,wind_offshore,2030,12,8,8,-0.12328583993922153
14673,wind_offshore,2030,12,9,9,-0.12328583993922153
14674,wind_offshore,2030,12,10,10,-0.12328583993922153
14675,wind_offshore,2030,12,11,11,-0.12328583993922153
14676,wind_offshore,2030,12,12,12,-0.12328583993922153
14677,wind_offshore,2030,12,13,13,-0.12328583993922153
14678,wind_offshore,2030,12,14,14,-0.12328583993922153
14679,wind_offshore,2030,12,15,15,-0.12328583993922153
14680,wind_offshore,2030,12,16,16,-0.12328583993922153
14681,wind_offshore,2030,12,17,17,-0.12328583993922153
14682,wind_offshore,2030,12,18,18,-0.12328583993922153
14683,wind_offshore,2030,12,19,19,-0.12328583993922153
14684,wind_offshore,2030,12,20,20,-0.12328583993922153
14685,wind_offshore,2030,12,21,21,-0.12328583993922153
14686,wind_offshore,2030,12,22,22,-0.12328583993922153
14687,wind_offshore,2030,12,23,23,-0.12328583993922153
14688,wind_offshore,2030,12,24,24,-0.12328583993922153
14689,wind_offshore,2030,13,1,1,-0.2163125135645821
14690,wind_offshore,2030,13,2,2,-0.2163125135645821
14691,wind_offshore,2030,13,3,3,-0.2163125135645821
14692,wind_offshore,2030,13,4,4,-0.2163125135645821
14693,wind_offshore,2030,13,5,5,-0.2163125135645821
14694,wind_offshore,2030,13,6,6,-0.2163125135645821
14695,wind_offshore,2030,13,7,7,-0.2163125135645821
14696,wind_offshore,2030,13,8,8,-0.2163125135645821
14697,wind_offshore,2030,13,9,9,-0.2163125135645821
14698,wind_offshore,2030,13,10,10,-0.2163125135645821
14699,wind_offshore,2030,13,11,11,-0.2163125135645821
14700,wind_offshore,2030,13,12,12,-0.2163125135645821
14701,wind_offshore,2030,13,13,13,-0.2163125135645821
14702,wind_offshore,2030,13,14,14,-0.2163125135645821
14703,wind_offshore,2030,13,15,15,-0.2163125135645821
14704,wind_offshore,2030,13,16,16,-0.2163125135645821
14705,wind_offshore,2030,13,17,17,-0.2163125135645821
14706,wind_offshore,2030,13,18,18,-0.2163125135645821
14707,wind_offshore,2030,13,19,19,-0.2163125135645821
14708,wind_offshore,2030,13,20,20,-0.2163125135645821
14709,wind_offshore,2030,13,21,21,-0.31036143250570475
14710,wind_offshore,2030,13,22,22,-0.2163125135645821
14711,wind_offshore,2030,13,23,23,-0.2163125135645821
14712,wind_offshore,2030,13,24,24,-0.2163125135645821
14713,wind_offshore,2030,14,1,1,-0.08756587222817205
14714,wind_offshore,2030,14,2,2,-0.08756587222817205
14715,wind_offshore,2030,14,3,3,-0.08756587222817205
14716,wind_offshore,2030,14,4,4,-0.08756587222817205
14717,wind_offshore,2030,14,5,5,-0.08756587222817205
14718,wind_offshore,2030,14,6,6,-0.08756587222817205
14719,wind_offshore,2030,14,7,7,-0.08756587222817205
14720,wind_offshore,2030,14,8,8,-0.08756587222817205
14721,wind_offshore,2030,14,9,9,-0.08756587222817205
14722,wind_offshore,2030,14,10,10,-0.08756587222817205
14723,wind_offshore,2030,14,11,11,-0.08756587222817205
14724,wind_offshore,2030,14,12,12,-0.08756587222817205
14725,wind_offshore,2030,14,13,13,-0.08756587222817205
14726,wind_offshore,2030,14,14,14,-0.08756587222817205
14727,wind_offshore,2030,14,15,15,-0.08756587222817205
14728,wind_offshore,2030,14,16,16,-0.08756587222817205
14729,wind_offshore,2030,14,17,17,-0.08756587222817205
14730,wind_offshore,2030,14,18,18,-0.08756587222817205
14731,wind_offshore,2030,14,19,19,-0.12563799058824687
14732,wind_offshore,2030,14,20,20,-0.12563799058824687
14733,wind_offshore,2030,14,21,21,-0.12563799058824687
14734,wind_offshore,2030,14,22,22,-0.12563799058824687
14735,wind_offshore,2030,14,23,23,-0.08756587222817205
14736,wind_offshore,2030,14,24,24,-0.08756587222817205
14737,wind_offshore,2030,15,1,1,-0.069
14738,wind_offshore,2030,15,2,2,-0.069
14739,wind_offshore,2030,15,3,3,-0.069
14740,wind_offshore,2030,15,4,4,-0.069
14741,wind_offshore,2030,15,5,5,-0.069
14742,wind_offshore,2030,15,6,6,-0.069
14743,wind_offshore,2030,15,7,7,-0.069
14744,wind_offshore,2030,15,8,8,-0.069
14745,wind_offshore,2030,15,9,9,-0.069
14746,wind_offshore,2030,15,10,10,-0.069
14747,wind_offshore,2030,15,11,11,-0.069
14748,wind_offshore,2030,15,12,12,-0.069
14749,wind_offshore,2030,15,13,13,-0.069
14750,wind_offshore,2030,15,14,14,-0.069
14751,wind_offshore,2030,15,15,15,-0.069
14752,wind_offshore,2030,15,16,16,-0.069
14753,wind_offshore,2030,15,17,17,-0.069
14754,wind_offshore,2030,15,18,18,-0.069
14755,wind_offshore,2030,15,19,19,-0.069
14756,wind_offshore,2030,15,20,20,-0.069
14757,wind_offshore,2030,15,21,21,-0.069
14758,wind_offshore,2030,15,22,22,-0.069
14759,wind_offshore,2030,15,23,23,-0.069
14760,wind_offshore,2030,15,24,24,-0.069
14761,wind_offshore,2030,16,1,1,-0.023
14762,wind_offshore,2030,16,2,2,-0.023
14763,wind_offshore,2030,16,3,3,-0.023
14764,wind_offshore,2030,16,4,4,-0.023
14765,wind_offshore,2030,16,5,5,-0.023
14766,wind_offshore,2030,16,6,6,-0.023
14767,wind_offshore,2030,16,7,7,-0.023
14768,wind_offshore,2030,16,8,8,-0.023
14769,wind_offshore,2030,16,9,9,-0.023
14770,wind_offshore,2030,16,10,10,-0.023
14771,wind_offshore,2030,16,11,11,-0.023
14772,wind_offshore,2030,16,12,12,-0.023
14773,wind_offshore,2030,16,13,13,-0.023
14774,wind_offshore,2030,16,14,14,-0.023
14775,wind_offshore,2030,16,15,15,-0.023
14776,wind_offshore,2030,16,16,16,-0.023
14777,wind_offshore,2030,16,17,17,-0.023
14778,wind_offshore,2030,16,18,18,-0.023
14779,wind_offshore,2030,16,19,19,-0.023
14780,wind_offshore,2030,16,20,20,-0.023
14781,wind_offshore,2030,16,21,21,-0.023
14782,wind_offshore,2030,16,22,22,-0.023
14783,wind_offshore,2030,16,23,23,-0.023
14784,wind_offshore,2030,16,24,24,-0.023
14785,wind_offshore,2030,17,1,1,-0.045620281332076656
14786,wind_offshore,2030,17,2,2,-0.045620281332076656
14787,wind_offshore,2030,17,3,3,-0.045620281332076656
14788,wind_offshore,2030,17,4,4,-0.045620281332076656
14789,wind_offshore,2030,17,5,5,-0.045620281332076656
14790,wind_offshore,2030,17,6,6,-0.045620281332076656
14791,wind_offshore,2030,17,7,7,-0.045620281332076656
14792,wind_offshore,2030,17,8,8,-0.045620281332076656
14793,wind_offshore,2030,17,9,9,-0.045620281332076656
14794,wind_offshore,2030,17,10,10,-0.045620281332076656
14795,wind_offshore,2030,17,11,11,-0.045620281332076656
14796,wind_offshore,2030,17,12,12,-0.045620281332076656
14797,wind_offshore,2030,17,13,13,-0.045620281332076656
14798,wind_offshore,2030,17,14,14,-0.045620281332076656
14799,wind_offshore,2030,17,15,15,-0.045620281332076656
14800,wind_offshore,2030,17,16,16,-0.045620281332076656
14801,wind_offshore,2030,17,17,17,-0.045620281332076656
14802,wind_offshore,2030,17,18,18,-0.045620281332076656
14803,wind_offshore,2030,17,19,19,-0.045620281332076656
14804,wind_offshore,2030,17,20,20,-0.045620281332076656
14805,wind_offshore,2030,17,21,21,-0.045620281332076656
14806,wind_offshore,2030,17,22,22,-0.045620281332076656
14807,wind_offshore,2030,17,23,23,-0.045620281332076656
14808,wind_offshore,2030,17,24,24,-0.045620281332076656
14809,wind_offshore,2030,18,1,1,-0.02362518819449811
14810,wind_offshore,2030,18,2,2,-0.02362518819449811
14811,wind_offshore,2030,18,3,3,-0.02362518819449811
14812,wind_offshore,2030,18,4,4,-0.02362518819449811
14813,wind_offshore,2030,18,5,5,-0.02362518819449811
14814,wind_offshore,2030,18,6,6,-0.02362518819449811
14815,wind_offshore,2030,18,7,7,-0.02362518819449811
14816,wind_offshore,2030,18,8,8,-0.02362518819449811
14817,wind_offshore,2030,18,9,9,-0.02362518819449811
14818,wind_offshore,2030,18,10,10,-0.02362518819449811
14819,wind_offshore,2030,18,11,11,-0.02362518819449811
14820,wind_offshore,2030,18,12,12,-0.02362518819449811
14821,wind_offshore,2030,18,13,13,-0.02362518819449811
14822,wind_offshore,2030,18,14,14,-0.02362518819449811
14823,wind_offshore,2030,18,15,15,-0.02362518819449811
14824,wind_offshore,2030,18,16,16,-0.02362518819449811
14825,wind_offshore,2030,18,17,17,-0.02362518819449811
14826,wind_offshore,2030,18,18,18,-0.03389700914862773
14827,wind_offshore,2030,18,19,19,-0.03389700914862773
14828,wind_offshore,2030,18,20,20,-0.03389700914862773
14829,wind_offshore,2030,18,21,21,-0.03389700914862773
14830,wind_offshore,2030,18,22,22,-0.03389700914862773
14831,wind_offshore,2030,18,23,23,-0.02362518819449811
14832,wind_offshore,2030,18,24,24,-0.02362518819449811
14833,wind_offshore,2030,19,1,1,-0.023617783336431164
14834,wind_offshore,2030,19,2,2,-0.023617783336431164
14835,wind_offshore,2030,19,3,3,-0.023617783336431164
14836,wind_offshore,2030,19,4,4,-0.023617783336431164
14837,wind_offshore,2030,19,5,5,-0.023617783336431164
14838,wind_offshore,2030,19,6,6,-0.023617783336431164
14839,wind_offshore,2030,19,7,7,-0.023617783336431164
14840,wind_offshore,2030,19,8,8,-0.023617783336431164
14841,wind_offshore,2030,19,9,9,-0.023617783336431164
14842,wind_offshore,2030,19,10,10,-0.023617783336431164
14843,wind_offshore,2030,19,11,11,-0.023617783336431164
14844,wind_offshore,2030,19,12,12,-0.023617783336431164
14845,wind_offshore,2030,19,13,13,-0.023617783336431164
14846,wind_offshore,2030,19,14,14,-0.023617783336431164
14847,wind_offshore,2030,19,15,15,-0.023617783336431164
14848,wind_offshore,2030,19,16,16,-0.023617783336431164
14849,wind_offshore,2030,19,17,17,-0.023617783336431164
14850,wind_offshore,2030,19,18,18,-0.023617783336431164
14851,wind_offshore,2030,19,19,19,-0.023617783336431164
14852,wind_offshore,2030,19,20,20,-0.023617783336431164
14853,wind_offshore,2030,19,21,21,-0.023617783336431164
14854,wind_offshore,2030,19,22,22,-0.023617783336431164
14855,wind_offshore,2030,19,23,23,-0.023617783336431164
14856,wind_offshore,2030,19,24,24,-0.023617783336431164
14857,wind_offshore,2030,20,1,1,-0.060231215202596354
14858,wind_offshore,2030,20,2,2,-0.060231215202596354
14859,wind_offshore,2030,20,3,3,-0.060231215202596354
14860,wind_offshore,2030,20,4,4,-0.060231215202596354
14861,wind_offshore,2030,20,5,5,-0.060231215202596354
14862,wind_offshore,2030,20,6,6,-0.060231215202596354
14863,wind_offshore,2030,20,7,7,-0.060231215202596354
14864,wind_offshore,2030,20,8,8,-0.060231215202596354
14865,wind_offshore,2030,20,9,9,-0.060231215202596354
14866,wind_offshore,2030,20,10,10,-0.060231215202596354
14867,wind_offshore,2030,20,11,11,-0.060231215202596354
14868,wind_offshore,2030,20,12,12,-0.060231215202596354
14869,wind_offshore,2030,20,13,13,-0.060231215202596354
14870,wind_offshore,2030,20,14,14,-0.060231215202596354
14871,wind_offshore,2030,20,15,15,-0.060231215202596354
14872,wind_offshore,2030,20,16,16,-0.060231215202596354
14873,wind_offshore,2030,20,17,17,-0.060231215202596354
14874,wind_offshore,2030,20,18,18,-0.060231215202596354
14875,wind_offshore,2030,20,19,19,-0.060231215202596354
14876,wind_offshore,2030,20,20,20,-0.060231215202596354
14877,wind_offshore,2030,20,21,21,-0.060231215202596354
14878,wind_offshore,2030,20,22,22,-0.060231215202596354
14879,wind_offshore,2030,20,23,23,-0.060231215202596354
14880,wind_offshore,2030,20,24,24,-0.060231215202596354
14881,wind_offshore,2030,21,1,1,-0.02626977454250723
14882,wind_offshore,2030,21,2,2,-0.02626977454250723
14883,wind_offshore,2030,21,3,3,-0.02626977454250723
14884,wind_offshore,2030,21,4,4,-0.02626977454250723
14885,wind_offshore,2030,21,5,5,-0.02626977454250723
14886,wind_offshore,2030,21,6,6,-0.02626977454250723
14887,wind_offshore,2030,21,7,7,-0.02626977454250723
14888,wind_offshore,2030,21,8,8,-0.02626977454250723
14889,wind_offshore,2030,21,9,9,-0.02626977454250723
14890,wind_offshore,2030,21,10,10,-0.02626977454250723
14891,wind_offshore,2030,21,11,11,-0.02626977454250723
14892,wind_offshore,2030,21,12,12,-0.02626977454250723
14893,wind_offshore,2030,21,13,13,-0.02626977454250723
14894,wind_offshore,2030,21,14,14,-0.02626977454250723
14895,wind_offshore,2030,21,15,15,-0.02626977454250723
14896,wind_offshore,2030,21,16,16,-0.02626977454250723
14897,wind_offshore,2030,21,17,17,-0.037691415647945155
14898,wind_offshore,2030,21,18,18,-0.037691415647945155
14899,wind_offshore,2030,21,19,19,-0.037691415647945155
14900,wind_offshore,2030,21,20,20,-0.037691415647945155
14901,wind_offshore,2030,21,21,21,-0.037691415647945155
14902,wind_offshore,2030,21,22,22,-0.037691415647945155
14903,wind_offshore,2030,21,23,23,-0.02626977454250723
14904,wind_offshore,2030,21,24,24,-0.02626977454250723
14905,wind_offshore,2030,22,1,1,-0.1366042279379353
14906,wind_offshore,2030,22,2,2,-0.1366042279379353
14907,wind_offshore,2030,22,3,3,-0.1366042279379353
14908,wind_offshore,2030,22,4,4,-0.1366042279379353
14909,wind_offshore,2030,22,5,5,-0.1366042279379353
14910,wind_offshore,2030,22,6,6,-0.1366042279379353
14911,wind_offshore,2030,22,7,7,-0.1366042279379353
14912,wind_offshore,2030,22,8,8,-0.1366042279379353
14913,wind_offshore,2030,22,9,9,-0.1366042279379353
14914,wind_offshore,2030,22,10,10,-0.1366042279379353
14915,wind_offshore,2030,22,11,11,-0.1366042279379353
14916,wind_offshore,2030,22,12,12,-0.1366042279379353
14917,wind_offshore,2030,22,13,13,-0.1366042279379353
14918,wind_offshore,2030,22,14,14,-0.1366042279379353
14919,wind_offshore,2030,22,15,15,-0.1366042279379353
14920,wind_offshore,2030,22,16,16,-0.1366042279379353
14921,wind_offshore,2030,22,17,17,-0.1366042279379353
14922,wind_offshore,2030,22,18,18,-0.1366042279379353
14923,wind_offshore,2030,22,19,19,-0.1366042279379353
14924,wind_offshore,2030,22,20,20,-0.19599737051964633
14925,wind_offshore,2030,22,21,21,-0.19599737051964633
14926,wind_offshore,2030,22,22,22,-0.1366042279379353
14927,wind_offshore,2030,22,23,23,-0.1366042279379353
14928,wind_offshore,2030,22,24,24,-0.1366042279379353
14929,wind_offshore,2030,23,1,1,-0.0871809650839778
14930,wind_offshore,2030,23,2,2,-0.0871809650839778
14931,wind_offshore,2030,23,3,3,-0.0871809650839778
14932,wind_offshore,2030,23,4,4,-0.0871809650839778
14933,wind_offshore,2030,23,5,5,-0.0871809650839778
14934,wind_offshore,2030,23,6,6,-0.0871809650839778
14935,wind_offshore,2030,23,7,7,-0.0871809650839778
14936,wind_offshore,2030,23,8,8,-0.0871809650839778
14937,wind_offshore,2030,23,9,9,-0.0871809650839778
14938,wind_offshore,2030,23,10,10,-0.0871809650839778
14939,wind_offshore,2030,23,11,11,-0.0871809650839778
14940,wind_offshore,2030,23,12,12,-0.0871809650839778
14941,wind_offshore,2030,23,13,13,-0.0871809650839778
14942,wind_offshore,2030,23,14,14,-0.0871809650839778
14943,wind_offshore,2030,23,15,15,-0.0871809650839778
14944,wind_offshore,2030,23,16,16,-0.0871809650839778
14945,wind_offshore,2030,23,17,17,-0.0871809650839778
14946,wind_offshore,2030,23,18,18,-0.0871809650839778
14947,wind_offshore,2030,23,19,19,-0.0871809650839778
14948,wind_offshore,2030,23,20,20,-0.0871809650839778
14949,wind_offshore,2030,23,21,21,-0.0871809650839778
14950,wind_offshore,2030,23,22,22,-0.0871809650839778
14951,wind_offshore,2030,23,23,23,-0.0871809650839778
14952,wind_offshore,2030,23,24,24,-0.0871809650839778
14953,wind_offshore,2030,24,1,1,-0.2562500524363387
14954,wind_offshore,2030,24,2,2,-0.2562500524363387
14955,wind_offshore,2030,24,3,3,-0.2562500524363387
14956,wind_offshore,2030,24,4,4,-0.2562500524363387
14957,wind_offshore,2030,24,5,5,-0.2562500524363387
14958,wind_offshore,2030,24,6,6,-0.2562500524363387
14959,wind_offshore,2030,24,7,7,-0.2562500524363387
14960,wind_offshore,2030,24,8,8,-0.2562500524363387
14961,wind_offshore,2030,24,9,9,-0.2562500524363387
14962,wind_offshore,2030,24,10,10,-0.2562500524363387
14963,wind_offshore,2030,24,11,11,-0.2562500524363387
14964,wind_offshore,2030,24,12,12,-0.2562500524363387
14965,wind_offshore,2030,24,13,13,-0.2562500524363387
14966,wind_offshore,2030,24,14,14,-0.2562500524363387
14967,wind_offshore,2030,24,15,15,-0.2562500524363387
14968,wind_offshore,2030,24,16,16,-0.2562500524363387
14969,wind_offshore,2030,24,17,17,-0.2562500524363387
14970,wind_offshore,2030,24,18,18,-0.2562500524363387
14971,wind_offshore,2030,24,19,19,-0.2562500524363387
14972,wind_offshore,2030,24,20,20,-0.2562500524363387
14973,wind_offshore,2030,24,21,21,-0.2562500524363387
14974,wind_offshore,2030,24,22,22,-0.2562500524363387
14975,wind_offshore,2030,24,23,23,-0.2562500524363387
14976,wind_offshore,2030,24,24,24,-0.2562500524363387
14977,wind_offshore,2030,25,1,1,-0.171891437549831
14978,wind_offshore,2030,25,2,2,-0.171891437549831
14979,wind_offshore,2030,25,3,3,-0.171891437549831
14980,wind_offshore,2030,25,4,4,-0.171891437549831
14981,wind_offshore,2030,25,5,5,-0.171891437549831
14982,wind_offshore,2030,25,6,6,-0.171891437549831
14983,wind_offshore,2030,25,7,7,-0.171891437549831
14984,wind_offshore,2030,25,8,8,-0.171891437549831
14985,wind_offshore,2030,25,9,9,-0.171891437549831
14986,wind_offshore,2030,25,10,10,-0.171891437549831
14987,wind_offshore,2030,25,11,11,-0.171891437549831
14988,wind_offshore,2030,25,12,12,-0.171891437549831
14989,wind_offshore,2030,25,13,13,-0.171891437549831
14990,wind_offshore,2030,25,14,14,-0.171891437549831
14991,wind_offshore,2030,25,15,15,-0.171891437549831
14992,wind_offshore,2030,25,16,16,-0.171891437549831
14993,wind_offshore,2030,25,17,17,-0.171891437549831
14994,wind_offshore,2030,25,18,18,-0.171891437549831
14995,wind_offshore,2030,25,19,19,-0.171891437549831
14996,wind_offshore,2030,25,20,20,-0.171891437549831
14997,wind_offshore,2030,25,21,21,-0.171891437549831
14998,wind_offshore,2030,25,22,22,-0.171891437549831
14999,wind_offshore,2030,25,23,23,-0.171891437549831
15000,wind_offshore,2030,25,24,24,-0.171891437549831
15001,wind_offshore,2030,26,1,1,-0.05303713039875991
15002,wind_offshore,2030,26,2,2,-0.05303713039875991
15003,wind_offshore,2030,26,3,3,-0.05303713039875991
15004,wind_offshore,2030,26,4,4,-0.05303713039875991
15005,wind_offshore,2030,26,5,5,-0.05303713039875991
15006,wind_offshore,2030,26,6,6,-0.05303713039875991
15007,wind_offshore,2030,26,7,7,-0.05303713039875991
15008,wind_offshore,2030,26,8,8,-0.05303713039875991
15009,wind_offshore,2030,26,9,9,-0.05303713039875991
15010,wind_offshore,2030,26,10,10,-0.05303713039875991
15011,wind_offshore,2030,26,11,11,-0.05303713039875991
15012,wind_offshore,2030,26,12,12,-0.05303713039875991
15013,wind_offshore,2030,26,13,13,-0.05303713039875991
15014,wind_offshore,2030,26,14,14,-0.05303713039875991
15015,wind_offshore,2030,26,15,15,-0.05303713039875991
15016,wind_offshore,2030,26,16,16,-0.05303713039875991
15017,wind_offshore,2030,26,17,17,-0.05303713039875991
15018,wind_offshore,2030,26,18,18,-0.07609675231126421
15019,wind_offshore,2030,26,19,19,-0.07609675231126421
15020,wind_offshore,2030,26,20,20,-0.07609675231126421
15021,wind_offshore,2030,26,21,21,-0.07609675231126421
15022,wind_offshore,2030,26,22,22,-0.07609675231126421
15023,wind_offshore,2030,26,23,23,-0.05303713039875991
15024,wind_offshore,2030,26,24,24,-0.05303713039875991
15025,wind_offshore,2030,27,1,1,-0.07079073715859145
15026,wind_offshore,2030,27,2,2,-0.07079073715859145
15027,wind_offshore,2030,27,3,3,-0.07079073715859145
15028,wind_offshore,2030,27,4,4,-0.07079073715859145
15029,wind_offshore,2030,27,5,5,-0.07079073715859145
15030,wind_offshore,2030,27,6,6,-0.07079073715859145
15031,wind_offshore,2030,27,7,7,-0.07079073715859145
15032,wind_offshore,2030,27,8,8,-0.07079073715859145
15033,wind_offshore,2030,27,9,9,-0.07079073715859145
15034,wind_offshore,2030,27,10,10,-0.07079073715859145
15035,wind_offshore,2030,27,11,11,-0.07079073715859145
15036,wind_offshore,2030,27,12,12,-0.07079073715859145
15037,wind_offshore,2030,27,13,13,-0.07079073715859145
15038,wind_offshore,2030,27,14,14,-0.07079073715859145
15039,wind_offshore,2030,27,15,15,-0.07079073715859145
15040,wind_offshore,2030,27,16,16,-0.07079073715859145
15041,wind_offshore,2030,27,17,17,-0.07079073715859145
15042,wind_offshore,2030,27,18,18,-0.07079073715859145
15043,wind_offshore,2030,27,19,19,-0.10156931853189209
15044,wind_offshore,2030,27,20,20,-0.10156931853189209
15045,wind_offshore,2030,27,21,21,-0.10156931853189209
15046,wind_offshore,2030,27,22,22,-0.10156931853189209
15047,wind_offshore,2030,27,23,23,-0.07079073715859145
15048,wind_offshore,2030,27,24,24,-0.07079073715859145
15049,wind_offshore,2030,28,1,1,-0.0882384607297622
15050,wind_offshore,2030,28,2,2,-0.0882384607297622
15051,wind_offshore,2030,28,3,3,-0.0882384607297622
15052,wind_offshore,2030,28,4,4,-0.0882384607297622
15053,wind_offshore,2030,28,5,5,-0.0882384607297622
15054,wind_offshore,2030,28,6,6,-0.0882384607297622
15055,wind_offshore,2030,28,7,7,-0.0882384607297622
15056,wind_offshore,2030,28,8,8,-0.0882384607297622
15057,wind_offshore,2030,28,9,9,-0.0882384607297622
15058,wind_offshore,2030,28,10,10,-0.0882384607297622
15059,wind_offshore,2030,28,11,11,-0.0882384607297622
15060,wind_offshore,2030,28,12,12,-0.0882384607297622
15061,wind_offshore,2030,28,13,13,-0.0882384607297622
15062,wind_offshore,2030,28,14,14,-0.0882384607297622
15063,wind_offshore,2030,28,15,15,-0.0882384607297622
15064,wind_offshore,2030,28,16,16,-0.0882384607297622
15065,wind_offshore,2030,28,17,17,-0.0882384607297622
15066,wind_offshore,2030,28,18,18,-0.0882384607297622
15067,wind_offshore,2030,28,19,19,-0.0882384607297622
15068,wind_offshore,2030,28,20,20,-0.0882384607297622
15069,wind_offshore,2030,28,21,21,-0.0882384607297622
15070,wind_offshore,2030,28,22,22,-0.0882384607297622
15071,wind_offshore,2030,28,23,23,-0.0882384607297622
15072,wind_offshore,2030,28,24,24,-0.0882384607297622
15073,wind_offshore,2030,29,1,1,-0.09110502106156598
15074,wind_offshore,2030,29,2,2,-0.09110502106156598
15075,wind_offshore,2030,29,3,3,-0.09110502106156598
15076,wind_offshore,2030,29,4,4,-0.09110502106156598
15077,wind_offshore,2030,29,5,5,-0.09110502106156598
15078,wind_offshore,2030,29,6,6,-0.09110502106156598
15079,wind_offshore,2030,29,7,7,-0.09110502106156598
15080,wind_offshore,2030,29,8,8,-0.09110502106156598
15081,wind_offshore,2030,29,9,9,-0.09110502106156598
15082,wind_offshore,2030,29,10,10,-0.09110502106156598
15083,wind_offshore,2030,29,11,11,-0.09110502106156598
15084,wind_offshore,2030,29,12,12,-0.09110502106156598
15085,wind_offshore,2030,29,13,13,-0.09110502106156598
15086,wind_offshore,2030,29,14,14,-0.09110502106156598
15087,wind_offshore,2030,29,15,15,-0.09110502106156598
15088,wind_offshore,2030,29,16,16,-0.09110502106156598
15089,wind_offshore,2030,29,17,17,-0.09110502106156598
15090,wind_offshore,2030,29,18,18,-0.09110502106156598
15091,wind_offshore,2030,29,19,19,-0.09110502106156598
15092,wind_offshore,2030,29,20,20,-0.09110502106156598
15093,wind_offshore,2030,29,21,21,-0.09110502106156598
15094,wind_offshore,2030,29,22,22,-0.09110502106156598
15095,wind_offshore,2030,29,23,23,-0.09110502106156598
15096,wind_offshore,2030,29,24,24,-0.09110502106156598
15097,wind_offshore,2030,30,1,1,-0.24189796729869764
15098,wind_offshore,2030,30,2,2,-0.24189796729869764
15099,wind_offshore,2030,30,3,3,-0.24189796729869764
15100,wind_offshore,2030,30,4,4,-0.24189796729869764
15101,wind_offshore,2030,30,5,5,-0.24189796729869764
15102,wind_offshore,2030,30,6,6,-0.24189796729869764
15103,wind_offshore,2030,30,7,7,-0.24189796729869764
15104,wind_offshore,2030,30,8,8,-0.24189796729869764
15105,wind_offshore,2030,30,9,9,-0.24189796729869764
15106,wind_offshore,2030,30,10,10,-0.24189796729869764
15107,wind_offshore,2030,30,11,11,-0.24189796729869764
15108,wind_offshore,2030,30,12,12,-0.24189796729869764
15109,wind_offshore,2030,30,13,13,-0.24189796729869764
15110,wind_offshore,2030,30,14,14,-0.24189796729869764
15111,wind_offshore,2030,30,15,15,-0.24189796729869764
15112,wind_offshore,2030,30,16,16,-0.24189796729869764
15113,wind_offshore,2030,30,17,17,-0.24189796729869764
15114,wind_offshore,2030,30,18,18,-0.24189796729869764
15115,wind_offshore,2030,30,19,19,-0.24189796729869764
15116,wind_offshore,2030,30,20,20,-0.24189796729869764
15117,wind_offshore,2030,30,21,21,-0.24189796729869764
15118,wind_offshore,2030,30,22,22,-0.24189796729869764
15119,wind_offshore,2030,30,23,23,-0.24189796729869764
15120,wind_offshore,2030,30,24,24,-0.24189796729869764
15121,wind_offshore,2030,31,1,1,-0.04466706322452503
15122,wind_offshore,2030,31,2,2,-0.04466706322452503
15123,wind_offshore,2030,31,3,3,-0.04466706322452503
15124,wind_offshore,2030,31,4,4,-0.04466706322452503
15125,wind_offshore,2030,31,5,5,-0.04466706322452503
15126,wind_offshore,2030,31,6,6,-0.04466706322452503
15127,wind_offshore,2030,31,7,7,-0.04466706322452503
15128,wind_offshore,2030,31,8,8,-0.04466706322452503
15129,wind_offshore,2030,31,9,9,-0.04466706322452503
15130,wind_offshore,2030,31,10,10,-0.04466706322452503
15131,wind_offshore,2030,31,11,11,-0.04466706322452503
15132,wind_offshore,2030,31,12,12,-0.04466706322452503
15133,wind_offshore,2030,31,13,13,-0.04466706322452503
15134,wind_offshore,2030,31,14,14,-0.04466706322452503
15135,wind_offshore,2030,31,15,15,-0.04466706322452503
15136,wind_offshore,2030,31,16,16,-0.04466706322452503
15137,wind_offshore,2030,31,17,17,-0.04466706322452503
15138,wind_offshore,2030,31,18,18,-0.04466706322452503
15139,wind_offshore,2030,31,19,19,-0.04466706322452503
15140,wind_offshore,2030,31,20,20,-0.04466706322452503
15141,wind_offshore,2030,31,21,21,-0.04466706322452503
15142,wind_offshore,2030,31,22,22,-0.04466706322452503
15143,wind_offshore,2030,31,23,23,-0.04466706322452503
15144,wind_offshore,2030,31,24,24,-0.04466706322452503
15145,wind_offshore,2030,32,1,1,-0.045467463180252965
15146,wind_offshore,2030,32,2,2,-0.045467463180252965
15147,wind_offshore,2030,32,3,3,-0.045467463180252965
15148,wind_offshore,2030,32,4,4,-0.045467463180252965
15149,wind_offshore,2030,32,5,5,-0.045467463180252965
15150,wind_offshore,2030,32,6,6,-0.045467463180252965
15151,wind_offshore,2030,32,7,7,-0.045467463180252965
15152,wind_offshore,2030,32,8,8,-0.045467463180252965
15153,wind_offshore,2030,32,9,9,-0.045467463180252965
15154,wind_offshore,2030,32,10,10,-0.045467463180252965
15155,wind_offshore,2030,32,11,11,-0.045467463180252965
15156,wind_offshore,2030,32,12,12,-0.045467463180252965
15157,wind_offshore,2030,32,13,13,-0.045467463180252965
15158,wind_offshore,2030,32,14,14,-0.045467463180252965
15159,wind_offshore,2030,32,15,15,-0.045467463180252965
15160,wind_offshore,2030,32,16,16,-0.045467463180252965
15161,wind_offshore,2030,32,17,17,-0.045467463180252965
15162,wind_offshore,2030,32,18,18,-0.045467463180252965
15163,wind_offshore,2030,32,19,19,-0.045467463180252965
15164,wind_offshore,2030,32,20,20,-0.045467463180252965
15165,wind_offshore,2030,32,21,21,-0.045467463180252965
15166,wind_offshore,2030,32,22,22,-0.045467463180252965
15167,wind_offshore,2030,32,23,23,-0.045467463180252965
15168,wind_offshore,2030,32,24,24,-0.045467463180252965
15169,wind_offshore,2030,33,1,1,-0.023
15170,wind_offshore,2030,33,2,2,-0.023
15171,wind_offshore,2030,33,3,3,-0.023
15172,wind_offshore,2030,33,4,4,-0.023
15173,wind_offshore,2030,33,5,5,-0.023
15174,wind_offshore,2030,33,6,6,-0.023
15175,wind_offshore,2030,33,7,7,-0.023
15176,wind_offshore,2030,33,8,8,-0.023
15177,wind_offshore,2030,33,9,9,-0.023
15178,wind_offshore,2030,33,10,10,-0.023
15179,wind_offshore,2030,33,11,11,-0.023
15180,wind_offshore,2030,33,12,12,-0.023
15181,wind_offshore,2030,33,13,13,-0.023
15182,wind_offshore,2030,33,14,14,-0.023
15183,wind_offshore,2030,33,15,15,-0.023
15184,wind_offshore,2030,33,16,16,-0.023
15185,wind_offshore,2030,33,17,17,-0.023
15186,wind_offshore,2030,33,18,18,-0.023
15187,wind_offshore,2030,33,19,19,-0.023
15188,wind_offshore,2030,33,20,20,-0.023
15189,wind_offshore,2030,33,21,21,-0.023
15190,wind_offshore,2030,33,22,22,-0.023
15191,wind_offshore,2030,33,23,23,-0.023
15192,wind_offshore,2030,33,24,24,-0.023
15193,wind_offshore,2030,34,1,1,-0.055075893450915764
15194,wind_offshore,2030,34,2,2,-0.055075893450915764
15195,wind_offshore,2030,34,3,3,-0.055075893450915764
15196,wind_offshore,2030,34,4,4,-0.055075893450915764
15197,wind_offshore,2030,34,5,5,-0.055075893450915764
15198,wind_offshore,2030,34,6,6,-0.055075893450915764
15199,wind_offshore,2030,34,7,7,-0.0790219340817487
15200,wind_offshore,2030,34,8,8,-0.0790219340817487
15201,wind_offshore,2030,34,9,9,-0.0790219340817487
15202,wind_offshore,2030,34,10,10,-0.0790219340817487
15203,wind_offshore,2030,34,11,11,-0.0790219340817487
15204,wind_offshore,2030,34,12,12,-0.0790219340817487
15205,wind_offshore,2030,34,13,13,-0.0790219340817487
15206,wind_offshore,2030,34,14,14,-0.0790219340817487
15207,wind_offshore,2030,34,15,15,-0.0790219340817487
15208,wind_offshore,2030,34,16,16,-0.0790219340817487
15209,wind_offshore,2030,34,17,17,-0.0790219340817487
15210,wind_offshore,2030,34,18,18,-0.0790219340817487
15211,wind_offshore,2030,34,19,19,-0.0790219340817487
15212,wind_offshore,2030,34,20,20,-0.0790219340817487
15213,wind_offshore,2030,34,21,21,-0.0790219340817487
15214,wind_offshore,2030,34,22,22,-0.0790219340817487
15215,wind_offshore,2030,34,23,23,-0.0790219340817487
15216,wind_offshore,2030,34,24,24,-0.0790219340817487
15217,wind_offshore,2030,35,1,1,-0.1288096560082059
15218,wind_offshore,2030,35,2,2,-0.1288096560082059
15219,wind_offshore,2030,35,3,3,-0.1288096560082059
15220,wind_offshore,2030,35,4,4,-0.1288096560082059
15221,wind_offshore,2030,35,5,5,-0.1288096560082059
15222,wind_offshore,2030,35,6,6,-0.1288096560082059
15223,wind_offshore,2030,35,7,7,-0.1288096560082059
15224,wind_offshore,2030,35,8,8,-0.1288096560082059
15225,wind_offshore,2030,35,9,9,-0.1288096560082059
15226,wind_offshore,2030,35,10,10,-0.1288096560082059
15227,wind_offshore,2030,35,11,11,-0.1288096560082059
15228,wind_offshore,2030,35,12,12,-0.1288096560082059
15229,wind_offshore,2030,35,13,13,-0.1288096560082059
15230,wind_offshore,2030,35,14,14,-0.1288096560082059
15231,wind_offshore,2030,35,15,15,-0.1288096560082059
15232,wind_offshore,2030,35,16,16,-0.1288096560082059
15233,wind_offshore,2030,35,17,17,-0.1288096560082059
15234,wind_offshore,2030,35,18,18,-0.1288096560082059
15235,wind_offshore,2030,35,19,19,-0.1288096560082059
15236,wind_offshore,2030,35,20,20,-0.1288096560082059
15237,wind_offshore,2030,35,21,21,-0.1288096560082059
15238,wind_offshore,2030,35,22,22,-0.1288096560082059
15239,wind_offshore,2030,35,23,23,-0.1288096560082059
15240,wind_offshore,2030,35,24,24,-0.1288096560082059
15241,wind_offshore,2030,36,1,1,-0.04628754029170691
15242,wind_offshore,2030,36,2,2,-0.04628754029170691
15243,wind_offshore,2030,36,3,3,-0.04628754029170691
15244,wind_offshore,2030,36,4,4,-0.04628754029170691
15245,wind_offshore,2030,36,5,5,-0.04628754029170691
15246,wind_offshore,2030,36,6,6,-0.04628754029170691
15247,wind_offshore,2030,36,7,7,-0.04628754029170691
15248,wind_offshore,2030,36,8,8,-0.04628754029170691
15249,wind_offshore,2030,36,9,9,-0.04628754029170691
15250,wind_offshore,2030,36,10,10,-0.04628754029170691
15251,wind_offshore,2030,36,11,11,-0.04628754029170691
15252,wind_offshore,2030,36,12,12,-0.04628754029170691
15253,wind_offshore,2030,36,13,13,-0.04628754029170691
15254,wind_offshore,2030,36,14,14,-0.04628754029170691
15255,wind_offshore,2030,36,15,15,-0.04628754029170691
15256,wind_offshore,2030,36,16,16,-0.04628754029170691
15257,wind_offshore,2030,36,17,17,-0.04628754029170691
15258,wind_offshore,2030,36,18,18,-0.04628754029170691
15259,wind_offshore,2030,36,19,19,-0.06641255780984034
15260,wind_offshore,2030,36,20,20,-0.06641255780984034
15261,wind_offshore,2030,36,21,21,-0.04628754029170691
15262,wind_offshore,2030,36,22,22,-0.04628754029170691
15263,wind_offshore,2030,36,23,23,-0.04628754029170691
15264,wind_offshore,2030,36,24,24,-0.04628754029170691
15265,wind_offshore,2030,37,1,1,-0.023
15266,wind_offshore,2030,37,2,2,-0.023
15267,wind_offshore,2030,37,3,3,-0.023
15268,wind_offshore,2030,37,4,4,-0.023
15269,wind_offshore,2030,37,5,5,-0.023
15270,wind_offshore,2030,37,6,6,-0.023
15271,wind_offshore,2030,37,7,7,-0.023
15272,wind_offshore,2030,37,8,8,-0.023
15273,wind_offshore,2030,37,9,9,-0.023
15274,wind_offshore,2030,37,10,10,-0.023
15275,wind_offshore,2030,37,11,11,-0.023
15276,wind_offshore,2030,37,12,12,-0.023
15277,wind_offshore,2030,37,13,13,-0.023
15278,wind_offshore,2030,37,14,14,-0.023
15279,wind_offshore,2030,37,15,15,-0.023
15280,wind_offshore,2030,37,16,16,-0.023
15281,wind_offshore,2030,37,17,17,-0.023
15282,wind_offshore,2030,37,18,18,-0.023
15283,wind_offshore,2030,37,19,19,-0.023
15284,wind_offshore,2030,37,20,20,-0.023
15285,wind_offshore,2030,37,21,21,-0.023
15286,wind_offshore,2030,37,22,22,-0.023
15287,wind_offshore,2030,37,23,23,-0.023
15288,wind_offshore,2030,37,24,24,-0.023
15289,wind_offshore,2030,38,1,1,-0.03724699949607951
15290,wind_offshore,2030,38,2,2,-0.03724699949607951
15291,wind_offshore,2030,38,3,3,-0.03724699949607951
15292,wind_offshore,2030,38,4,4,-0.03724699949607951
15293,wind_offshore,2030,38,5,5,-0.03724699949607951
15294,wind_offshore,2030,38,6,6,-0.03724699949607951
15295,wind_offshore,2030,38,7,7,-0.03724699949607951
15296,wind_offshore,2030,38,8,8,-0.03724699949607951
15297,wind_offshore,2030,38,9,9,-0.03724699949607951
15298,wind_offshore,2030,38,10,10,-0.03724699949607951
15299,wind_offshore,2030,38,11,11,-0.03724699949607951
15300,wind_offshore,2030,38,12,12,-0.03724699949607951
15301,wind_offshore,2030,38,13,13,-0.03724699949607951
15302,wind_offshore,2030,38,14,14,-0.03724699949607951
15303,wind_offshore,2030,38,15,15,-0.03724699949607951
15304,wind_offshore,2030,38,16,16,-0.03724699949607951
15305,wind_offshore,2030,38,17,17,-0.03724699949607951
15306,wind_offshore,2030,38,18,18,-0.03724699949607951
15307,wind_offshore,2030,38,19,19,-0.0534413471030706
15308,wind_offshore,2030,38,20,20,-0.0534413471030706
15309,wind_offshore,2030,38,21,21,-0.0534413471030706
15310,wind_offshore,2030,38,22,22,-0.03724699949607951
15311,wind_offshore,2030,38,23,23,-0.03724699949607951
15312,wind_offshore,2030,38,24,24,-0.03724699949607951
15313,wind_offshore,2030,39,1,1,-0.049343743990745675
15314,wind_offshore,2030,39,2,2,-0.049343743990745675
15315,wind_offshore,2030,39,3,3,-0.049343743990745675
15316,wind_offshore,2030,39,4,4,-0.049343743990745675
15317,wind_offshore,2030,39,5,5,-0.049343743990745675
15318,wind_offshore,2030,39,6,6,-0.049343743990745675
15319,wind_offshore,2030,39,7,7,-0.049343743990745675
15320,wind_offshore,2030,39,8,8,-0.049343743990745675
15321,wind_offshore,2030,39,9,9,-0.049343743990745675
15322,wind_offshore,2030,39,10,10,-0.049343743990745675
15323,wind_offshore,2030,39,11,11,-0.049343743990745675
15324,wind_offshore,2030,39,12,12,-0.049343743990745675
15325,wind_offshore,2030,39,13,13,-0.049343743990745675
15326,wind_offshore,2030,39,14,14,-0.049343743990745675
15327,wind_offshore,2030,39,15,15,-0.049343743990745675
15328,wind_offshore,2030,39,16,16,-0.049343743990745675
15329,wind_offshore,2030,39,17,17,-0.049343743990745675
15330,wind_offshore,2030,39,18,18,-0.049343743990745675
15331,wind_offshore,2030,39,19,19,-0.07079754572585249
15332,wind_offshore,2030,39,20,20,-0.07079754572585249
15333,wind_offshore,2030,39,21,21,-0.07079754572585249
15334,wind_offshore,2030,39,22,22,-0.049343743990745675
15335,wind_offshore,2030,39,23,23,-0.049343743990745675
15336,wind_offshore,2030,39,24,24,-0.049343743990745675
15337,wind_offshore,2030,40,1,1,-0.09042365800577433
15338,wind_offshore,2030,40,2,2,-0.09042365800577433
15339,wind_offshore,2030,40,3,3,-0.09042365800577433
15340,wind_offshore,2030,40,4,4,-0.09042365800577433
15341,wind_offshore,2030,40,5,5,-0.09042365800577433
15342,wind_offshore,2030,40,6,6,-0.09042365800577433
15343,wind_offshore,2030,40,7,7,-0.09042365800577433
15344,wind_offshore,2030,40,8,8,-0.09042365800577433
15345,wind_offshore,2030,40,9,9,-0.09042365800577433
15346,wind_offshore,2030,40,10,10,-0.09042365800577433
15347,wind_offshore,2030,40,11,11,-0.09042365800577433
15348,wind_offshore,2030,40,12,12,-0.09042365800577433
15349,wind_offshore,2030,40,13,13,-0.09042365800577433
15350,wind_offshore,2030,40,14,14,-0.09042365800577433
15351,wind_offshore,2030,40,15,15,-0.09042365800577433
15352,wind_offshore,2030,40,16,16,-0.09042365800577433
15353,wind_offshore,2030,40,17,17,-0.09042365800577433
15354,wind_offshore,2030,40,18,18,-0.09042365800577433
15355,wind_offshore,2030,40,19,19,-0.09042365800577433
15356,wind_offshore,2030,40,20,20,-0.12973829192132838
15357,wind_offshore,2030,40,21,21,-0.12973829192132838
15358,wind_offshore,2030,40,22,22,-0.09042365800577433
15359,wind_offshore,2030,40,23,23,-0.09042365800577433
15360,wind_offshore,2030,40,24,24,-0.09042365800577433
15361,wind_offshore,2030,41,1,1,-0.10749654082879065
15362,wind_offshore,2030,41,2,2,-0.10749654082879065
15363,wind_offshore,2030,41,3,3,-0.10749654082879065
15364,wind_offshore,2030,41,4,4,-0.10749654082879065
15365,wind_offshore,2030,41,5,5,-0.10749654082879065
15366,wind_offshore,2030,41,6,6,-0.10749654082879065
15367,wind_offshore,2030,41,7,7,-0.10749654082879065
15368,wind_offshore,2030,41,8,8,-0.10749654082879065
15369,wind_offshore,2030,41,9,9,-0.10749654082879065
15370,wind_offshore,2030,41,10,10,-0.10749654082879065
15371,wind_offshore,2030,41,11,11,-0.10749654082879065
15372,wind_offshore,2030,41,12,12,-0.10749654082879065
15373,wind_offshore,2030,41,13,13,-0.10749654082879065
15374,wind_offshore,2030,41,14,14,-0.10749654082879065
15375,wind_offshore,2030,41,15,15,-0.10749654082879065
15376,wind_offshore,2030,41,16,16,-0.10749654082879065
15377,wind_offshore,2030,41,17,17,-0.10749654082879065
15378,wind_offshore,2030,41,18,18,-0.10749654082879065
15379,wind_offshore,2030,41,19,19,-0.10749654082879065
15380,wind_offshore,2030,41,20,20,-0.10749654082879065
15381,wind_offshore,2030,41,21,21,-0.10749654082879065
15382,wind_offshore,2030,41,22,22,-0.10749654082879065
15383,wind_offshore,2030,41,23,23,-0.10749654082879065
15384,wind_offshore,2030,41,24,24,-0.10749654082879065
15385,wind_offshore,2030,42,1,1,-0.069
15386,wind_offshore,2030,42,2,2,-0.069
15387,wind_offshore,2030,42,3,3,-0.069
15388,wind_offshore,2030,42,4,4,-0.069
15389,wind_offshore,2030,42,5,5,-0.069
15390,wind_offshore,2030,42,6,6,-0.069
15391,wind_offshore,2030,42,7,7,-0.069
15392,wind_offshore,2030,42,8,8,-0.069
15393,wind_offshore,2030,42,9,9,-0.069
15394,wind_offshore,2030,42,10,10,-0.069
15395,wind_offshore,2030,42,11,11,-0.069
15396,wind_offshore,2030,42,12,12,-0.069
15397,wind_offshore,2030,42,13,13,-0.069
15398,wind_offshore,2030,42,14,14,-0.069
15399,wind_offshore,2030,42,15,15,-0.069
15400,wind_offshore,2030,42,16,16,-0.069
15401,wind_offshore,2030,42,17,17,-0.069
15402,wind_offshore,2030,42,18,18,-0.069
15403,wind_offshore,2030,42,19,19,-0.069
15404,wind_offshore,2030,42,20,20,-0.069
15405,wind_offshore,2030,42,21,21,-0.069
15406,wind_offshore,2030,42,22,22,-0.069
15407,wind_offshore,2030,42,23,23,-0.069
15408,wind_offshore,2030,42,24,24,-0.069
15409,wind_offshore,2030,43,1,1,-1.4715831752421518
15410,wind_offshore,2030,43,2,2,-1.4715831752421518
15411,wind_offshore,2030,43,3,3,-1.4715831752421518
15412,wind_offshore,2030,43,4,4,-1.4715831752421518
15413,wind_offshore,2030,43,5,5,-1.4715831752421518
15414,wind_offshore,2030,43,6,6,-1.4715831752421518
15415,wind_offshore,2030,43,7,7,-1.4715831752421518
15416,wind_offshore,2030,43,8,8,-1.4715831752421518
15417,wind_offshore,2030,43,9,9,-1.4715831752421518
15418,wind_offshore,2030,43,10,10,-1.4715831752421518
15419,wind_offshore,2030,43,11,11,-1.4715831752421518
15420,wind_offshore,2030,43,12,12,-1.4715831752421518
15421,wind_offshore,2030,43,13,13,-1.4715831752421518
15422,wind_offshore,2030,43,14,14,-1.4715831752421518
15423,wind_offshore,2030,43,15,15,-1.4715831752421518
15424,wind_offshore,2030,43,16,16,-1.4715831752421518
15425,wind_offshore,2030,43,17,17,-1.4715831752421518
15426,wind_offshore,2030,43,18,18,-1.4715831752421518
15427,wind_offshore,2030,43,19,19,-1.4715831752421518
15428,wind_offshore,2030,43,20,20,-1.4715831752421518
15429,wind_offshore,2030,43,21,21,-1.4715831752421518
15430,wind_offshore,2030,43,22,22,-1.4715831752421518
15431,wind_offshore,2030,43,23,23,-1.4715831752421518
15432,wind_offshore,2030,43,24,24,-1.4715831752421518
15433,wind_offshore,2030,44,1,1,-0.11920198255588006
15434,wind_offshore,2030,44,2,2,-0.11920198255588006
15435,wind_offshore,2030,44,3,3,-0.11920198255588006
15436,wind_offshore,2030,44,4,4,-0.11920198255588006
15437,wind_offshore,2030,44,5,5,-0.11920198255588006
15438,wind_offshore,2030,44,6,6,-0.11920198255588006
15439,wind_offshore,2030,44,7,7,-0.11920198255588006
15440,wind_offshore,2030,44,8,8,-0.11920198255588006
15441,wind_offshore,2030,44,9,9,-0.11920198255588006
15442,wind_offshore,2030,44,10,10,-0.11920198255588006
15443,wind_offshore,2030,44,11,11,-0.11920198255588006
15444,wind_offshore,2030,44,12,12,-0.11920198255588006
15445,wind_offshore,2030,44,13,13,-0.11920198255588006
15446,wind_offshore,2030,44,14,14,-0.11920198255588006
15447,wind_offshore,2030,44,15,15,-0.11920198255588006
15448,wind_offshore,2030,44,16,16,-0.11920198255588006
15449,wind_offshore,2030,44,17,17,-0.11920198255588006
15450,wind_offshore,2030,44,18,18,-0.11920198255588006
15451,wind_offshore,2030,44,19,19,-0.11920198255588006
15452,wind_offshore,2030,44,20,20,-0.11920198255588006
15453,wind_offshore,2030,44,21,21,-0.11920198255588006
15454,wind_offshore,2030,44,22,22,-0.11920198255588006
15455,wind_offshore,2030,44,23,23,-0.11920198255588006
15456,wind_offshore,2030,44,24,24,-0.11920198255588006
15457,wind_offshore,2030,45,1,1,-0.023
15458,wind_offshore,2030,45,2,2,-0.023
15459,wind_offshore,2030,45,3,3,-0.023
15460,wind_offshore,2030,45,4,4,-0.023
15461,wind_offshore,2030,45,5,5,-0.023
15462,wind_offshore,2030,45,6,6,-0.023
15463,wind_offshore,2030,45,7,7,-0.023
15464,wind_offshore,2030,45,8,8,-0.023
15465,wind_offshore,2030,45,9,9,-0.023
15466,wind_offshore,2030,45,10,10,-0.023
15467,wind_offshore,2030,45,11,11,-0.023
15468,wind_offshore,2030,45,12,12,-0.023
15469,wind_offshore,2030,45,13,13,-0.023
15470,wind_offshore,2030,45,14,14,-0.023
15471,wind_offshore,2030,45,15,15,-0.023
15472,wind_offshore,2030,45,16,16,-0.023
15473,wind_offshore,2030,45,17,17,-0.023
15474,wind_offshore,2030,45,18,18,-0.023
15475,wind_offshore,2030,45,19,19,-0.023
15476,wind_offshore,2030,45,20,20,-0.023
15477,wind_offshore,2030,45,21,21,-0.023
15478,wind_offshore,2030,45,22,22,-0.023
15479,wind_offshore,2030,45,23,23,-0.023
15480,wind_offshore,2030,45,24,24,-0.023
15481,wind_offshore,2030,46,1,1,-0.4830987995541092
15482,wind_offshore,2030,46,2,2,-0.4830987995541092
15483,wind_offshore,2030,46,3,3,-0.4830987995541092
15484,wind_offshore,2030,46,4,4,-0.4830987995541092
15485,wind_offshore,2030,46,5,5,-0.4830987995541092
15486,wind_offshore,2030,46,6,6,-0.4830987995541092
15487,wind_offshore,2030,46,7,7,-0.4830987995541092
15488,wind_offshore,2030,46,8,8,-0.4830987995541092
15489,wind_offshore,2030,46,9,9,-0.4830987995541092
15490,wind_offshore,2030,46,10,10,-0.4830987995541092
15491,wind_offshore,2030,46,11,11,-0.4830987995541092
15492,wind_offshore,2030,46,12,12,-0.4830987995541092
15493,wind_offshore,2030,46,13,13,-0.4830987995541092
15494,wind_offshore,2030,46,14,14,-0.4830987995541092
15495,wind_offshore,2030,46,15,15,-0.4830987995541092
15496,wind_offshore,2030,46,16,16,-0.4830987995541092
15497,wind_offshore,2030,46,17,17,-0.4830987995541092
15498,wind_offshore,2030,46,18,18,-0.4830987995541092
15499,wind_offshore,2030,46,19,19,-0.4830987995541092
15500,wind_offshore,2030,46,20,20,-0.4830987995541092
15501,wind_offshore,2030,46,21,21,-0.4830987995541092
15502,wind_offshore,2030,46,22,22,-0.4830987995541092
15503,wind_offshore,2030,46,23,23,-0.4830987995541092
15504,wind_offshore,2030,46,24,24,-0.4830987995541092
15505,wind_offshore,2030,47,1,1,-0.0889199030899991
15506,wind_offshore,2030,47,2,2,-0.0889199030899991
15507,wind_offshore,2030,47,3,3,-0.0889199030899991
15508,wind_offshore,2030,47,4,4,-0.0889199030899991
15509,wind_offshore,2030,47,5,5,-0.0889199030899991
15510,wind_offshore,2030,47,6,6,-0.0889199030899991
15511,wind_offshore,2030,47,7,7,-0.0889199030899991
15512,wind_offshore,2030,47,8,8,-0.0889199030899991
15513,wind_offshore,2030,47,9,9,-0.0889199030899991
15514,wind_offshore,2030,47,10,10,-0.0889199030899991
15515,wind_offshore,2030,47,11,11,-0.0889199030899991
15516,wind_offshore,2030,47,12,12,-0.0889199030899991
15517,wind_offshore,2030,47,13,13,-0.0889199030899991
15518,wind_offshore,2030,47,14,14,-0.0889199030899991
15519,wind_offshore,2030,47,15,15,-0.0889199030899991
15520,wind_offshore,2030,47,16,16,-0.0889199030899991
15521,wind_offshore,2030,47,17,17,-0.0889199030899991
15522,wind_offshore,2030,47,18,18,-0.0889199030899991
15523,wind_offshore,2030,47,19,19,-0.0889199030899991
15524,wind_offshore,2030,47,20,20,-0.0889199030899991
15525,wind_offshore,2030,47,21,21,-0.0889199030899991
15526,wind_offshore,2030,47,22,22,-0.0889199030899991
15527,wind_offshore,2030,47,23,23,-0.0889199030899991
15528,wind_offshore,2030,47,24,24,-0.0889199030899991
15529,wind_offshore,2030,48,1,1,-0.09636844507223345
15530,wind_offshore,2030,48,2,2,-0.09636844507223345
15531,wind_offshore,2030,48,3,3,-0.09636844507223345
15532,wind_offshore,2030,48,4,4,-0.09636844507223345
15533,wind_offshore,2030,48,5,5,-0.09636844507223345
15534,wind_offshore,2030,48,6,6,-0.09636844507223345
15535,wind_offshore,2030,48,7,7,-0.09636844507223345
15536,wind_offshore,2030,48,8,8,-0.09636844507223345
15537,wind_offshore,2030,48,9,9,-0.09636844507223345
15538,wind_offshore,2030,48,10,10,-0.09636844507223345
15539,wind_offshore,2030,48,11,11,-0.09636844507223345
15540,wind_offshore,2030,48,12,12,-0.09636844507223345
15541,wind_offshore,2030,48,13,13,-0.09636844507223345
15542,wind_offshore,2030,48,14,14,-0.09636844507223345
15543,wind_offshore,2030,48,15,15,-0.09636844507223345
15544,wind_offshore,2030,48,16,16,-0.09636844507223345
15545,wind_offshore,2030,48,17,17,-0.09636844507223345
15546,wind_offshore,2030,48,18,18,-0.09636844507223345
15547,wind_offshore,2030,48,19,19,-0.09636844507223345
15548,wind_offshore,2030,48,20,20,-0.09636844507223345
15549,wind_offshore,2030,48,21,21,-0.09636844507223345
15550,wind_offshore,2030,48,22,22,-0.09636844507223345
15551,wind_offshore,2030,48,23,23,-0.09636844507223345
15552,wind_offshore,2030,48,24,24,-0.09636844507223345
15553,wind_offshore,2030,49,1,1,-0.047023484724283277
15554,wind_offshore,2030,49,2,2,-0.047023484724283277
15555,wind_offshore,2030,49,3,3,-0.047023484724283277
15556,wind_offshore,2030,49,4,4,-0.047023484724283277
15557,wind_offshore,2030,49,5,5,-0.047023484724283277
15558,wind_offshore,2030,49,6,6,-0.047023484724283277
15559,wind_offshore,2030,49,7,7,-0.047023484724283277
15560,wind_offshore,2030,49,8,8,-0.047023484724283277
15561,wind_offshore,2030,49,9,9,-0.047023484724283277
15562,wind_offshore,2030,49,10,10,-0.047023484724283277
15563,wind_offshore,2030,49,11,11,-0.047023484724283277
15564,wind_offshore,2030,49,12,12,-0.047023484724283277
15565,wind_offshore,2030,49,13,13,-0.047023484724283277
15566,wind_offshore,2030,49,14,14,-0.047023484724283277
15567,wind_offshore,2030,49,15,15,-0.047023484724283277
15568,wind_offshore,2030,49,16,16,-0.047023484724283277
15569,wind_offshore,2030,49,17,17,-0.047023484724283277
15570,wind_offshore,2030,49,18,18,-0.047023484724283277
15571,wind_offshore,2030,49,19,19,-0.047023484724283277
15572,wind_offshore,2030,49,20,20,-0.047023484724283277
15573,wind_offshore,2030,49,21,21,-0.047023484724283277
15574,wind_offshore,2030,49,22,22,-0.047023484724283277
15575,wind_offshore,2030,49,23,23,-0.047023484724283277
15576,wind_offshore,2030,49,24,24,-0.047023484724283277
15577,wind_offshore,2030,50,1,1,-0.023404476681270863
15578,wind_offshore,2030,50,2,2,-0.023404476681270863
15579,wind_offshore,2030,50,3,3,-0.023404476681270863
15580,wind_offshore,2030,50,4,4,-0.023404476681270863
15581,wind_offshore,2030,50,5,5,-0.023404476681270863
15582,wind_offshore,2030,50,6,6,-0.023404476681270863
15583,wind_offshore,2030,50,7,7,-0.023404476681270863
15584,wind_offshore,2030,50,8,8,-0.023404476681270863
15585,wind_offshore,2030,50,9,9,-0.023404476681270863
15586,wind_offshore,2030,50,10,10,-0.023404476681270863
15587,wind_offshore,2030,50,11,11,-0.023404476681270863
15588,wind_offshore,2030,50,12,12,-0.023404476681270863
15589,wind_offshore,2030,50,13,13,-0.023404476681270863
15590,wind_offshore,2030,50,14,14,-0.023404476681270863
15591,wind_offshore,2030,50,15,15,-0.023404476681270863
15592,wind_offshore,2030,50,16,16,-0.023404476681270863
15593,wind_offshore,2030,50,17,17,-0.023404476681270863
15594,wind_offshore,2030,50,18,18,-0.023404476681270863
15595,wind_offshore,2030,50,19,19,-0.023404476681270863
15596,wind_offshore,2030,50,20,20,-0.023404476681270863
15597,wind_offshore,2030,50,21,21,-0.023404476681270863
15598,wind_offshore,2030,50,22,22,-0.023404476681270863
15599,wind_offshore,2030,50,23,23,-0.023404476681270863
15600,wind_offshore,2030,50,24,24,-0.023404476681270863
15601,wind_offshore,2030,51,1,1,-0.15124099230827878
15602,wind_offshore,2030,51,2,2,-0.15124099230827878
15603,wind_offshore,2030,51,3,3,-0.15124099230827878
15604,wind_offshore,2030,51,4,4,-0.15124099230827878
15605,wind_offshore,2030,51,5,5,-0.15124099230827878
15606,wind_offshore,2030,51,6,6,-0.15124099230827878
15607,wind_offshore,2030,51,7,7,-0.15124099230827878
15608,wind_offshore,2030,51,8,8,-0.15124099230827878
15609,wind_offshore,2030,51,9,9,-0.15124099230827878
15610,wind_offshore,2030,51,10,10,-0.15124099230827878
15611,wind_offshore,2030,51,11,11,-0.15124099230827878
15612,wind_offshore,2030,51,12,12,-0.15124099230827878
15613,wind_offshore,2030,51,13,13,-0.15124099230827878
15614,wind_offshore,2030,51,14,14,-0.15124099230827878
15615,wind_offshore,2030,51,15,15,-0.15124099230827878
15616,wind_offshore,2030,51,16,16,-0.15124099230827878
15617,wind_offshore,2030,51,17,17,-0.15124099230827878
15618,wind_offshore,2030,51,18,18,-0.15124099230827878
15619,wind_offshore,2030,51,19,19,-0.15124099230827878
15620,wind_offshore,2030,51,20,20,-0.15124099230827878
15621,wind_offshore,2030,51,21,21,-0.15124099230827878
15622,wind_offshore,2030,51,22,22,-0.15124099230827878
15623,wind_offshore,2030,51,23,23,-0.15124099230827878
15624,wind_offshore,2030,51,24,24,-0.15124099230827878
15625,wind_offshore,2030,52,1,1,-0.03901288659685832
15626,wind_offshore,2030,52,2,2,-0.03901288659685832
15627,wind_offshore,2030,52,3,3,-0.03901288659685832
15628,wind_offshore,2030,52,4,4,-0.03901288659685832
15629,wind_offshore,2030,52,5,5,-0.03901288659685832
15630,wind_offshore,2030,52,6,6,-0.03901288659685832
15631,wind_offshore,2030,52,7,7,-0.03901288659685832
15632,wind_offshore,2030,52,8,8,-0.03901288659685832
15633,wind_offshore,2030,52,9,9,-0.03901288659685832
15634,wind_offshore,2030,52,10,10,-0.03901288659685832
15635,wind_offshore,2030,52,11,11,-0.03901288659685832
15636,wind_offshore,2030,52,12,12,-0.03901288659685832
15637,wind_offshore,2030,52,13,13,-0.03901288659685832
15638,wind_offshore,2030,52,14,14,-0.03901288659685832
15639,wind_offshore,2030,52,15,15,-0.03901288659685832
15640,wind_offshore,2030,52,16,16,-0.03901288659685832
15641,wind_offshore,2030,52,17,17,-0.03901288659685832
15642,wind_offshore,2030,52,18,18,-0.03901288659685832
15643,wind_offshore,2030,52,19,19,-0.03901288659685832
15644,wind_offshore,2030,52,20,20,-0.03901288659685832
15645,wind_offshore,2030,52,21,21,-0.03901288659685832
15646,wind_offshore,2030,52,22,22,-0.03901288659685832
15647,wind_offshore,2030,52,23,23,-0.03901288659685832
15648,wind_offshore,2030,52,24,24,-0.03901288659685832
15649,wind_offshore,2030,53,1,1,-0.024116981295650534
15650,wind_offshore,2030,53,2,2,-0.024116981295650534
15651,wind_offshore,2030,53,3,3,-0.024116981295650534
15652,wind_offshore,2030,53,4,4,-0.024116981295650534
15653,wind_offshore,2030,53,5,5,-0.024116981295650534
15654,wind_offshore,2030,53,6,6,-0.024116981295650534
15655,wind_offshore,2030,53,7,7,-0.024116981295650534
15656,wind_offshore,2030,53,8,8,-0.024116981295650534
15657,wind_offshore,2030,53,9,9,-0.024116981295650534
15658,wind_offshore,2030,53,10,10,-0.024116981295650534
15659,wind_offshore,2030,53,11,11,-0.024116981295650534
15660,wind_offshore,2030,53,12,12,-0.024116981295650534
15661,wind_offshore,2030,53,13,13,-0.024116981295650534
15662,wind_offshore,2030,53,14,14,-0.024116981295650534
15663,wind_offshore,2030,53,15,15,-0.024116981295650534
15664,wind_offshore,2030,53,16,16,-0.024116981295650534
15665,wind_offshore,2030,53,17,17,-0.024116981295650534
15666,wind_offshore,2030,53,18,18,-0.024116981295650534
15667,wind_offshore,2030,53,19,19,-0.024116981295650534
15668,wind_offshore,2030,53,20,20,-0.024116981295650534
15669,wind_offshore,2030,53,21,21,-0.024116981295650534
15670,wind_offshore,2030,53,22,22,-0.024116981295650534
15671,wind_offshore,2030,53,23,23,-0.024116981295650534
15672,wind_offshore,2030,53,24,24,-0.024116981295650534
15673,wind_offshore,2030,54,1,1,-0.06737752812275125
15674,wind_offshore,2030,54,2,2,-0.06737752812275125
15675,wind_offshore,2030,54,3,3,-0.06737752812275125
15676,wind_offshore,2030,54,4,4,-0.06737752812275125
15677,wind_offshore,2030,54,5,5,-0.06737752812275125
15678,wind_offshore,2030,54,6,6,-0.06737752812275125
15679,wind_offshore,2030,54,7,7,-0.06737752812275125
15680,wind_offshore,2030,54,8,8,-0.06737752812275125
15681,wind_offshore,2030,54,9,9,-0.06737752812275125
15682,wind_offshore,2030,54,10,10,-0.06737752812275125
15683,wind_offshore,2030,54,11,11,-0.06737752812275125
15684,wind_offshore,2030,54,12,12,-0.06737752812275125
15685,wind_offshore,2030,54,13,13,-0.06737752812275125
15686,wind_offshore,2030,54,14,14,-0.06737752812275125
15687,wind_offshore,2030,54,15,15,-0.06737752812275125
15688,wind_offshore,2030,54,16,16,-0.06737752812275125
15689,wind_offshore,2030,54,17,17,-0.06737752812275125
15690,wind_offshore,2030,54,18,18,-0.09667210556742571
15691,wind_offshore,2030,54,19,19,-0.09667210556742571
15692,wind_offshore,2030,54,20,20,-0.09667210556742571
15693,wind_offshore,2030,54,21,21,-0.06737752812275125
15694,wind_offshore,2030,54,22,22,-0.06737752812275125
15695,wind_offshore,2030,54,23,23,-0.06737752812275125
15696,wind_offshore,2030,54,24,24,-0.06737752812275125
15697,wind_offshore,2030,55,1,1,-0.13459520596512195
15698,wind_offshore,2030,55,2,2,-0.13459520596512195
15699,wind_offshore,2030,55,3,3,-0.13459520596512195
15700,wind_offshore,2030,55,4,4,-0.13459520596512195
15701,wind_offshore,2030,55,5,5,-0.13459520596512195
15702,wind_offshore,2030,55,6,6,-0.13459520596512195
15703,wind_offshore,2030,55,7,7,-0.13459520596512195
15704,wind_offshore,2030,55,8,8,-0.13459520596512195
15705,wind_offshore,2030,55,9,9,-0.13459520596512195
15706,wind_offshore,2030,55,10,10,-0.13459520596512195
15707,wind_offshore,2030,55,11,11,-0.13459520596512195
15708,wind_offshore,2030,55,12,12,-0.13459520596512195
15709,wind_offshore,2030,55,13,13,-0.13459520596512195
15710,wind_offshore,2030,55,14,14,-0.13459520596512195
15711,wind_offshore,2030,55,15,15,-0.13459520596512195
15712,wind_offshore,2030,55,16,16,-0.13459520596512195
15713,wind_offshore,2030,55,17,17,-0.13459520596512195
15714,wind_offshore,2030,55,18,18,-0.13459520596512195
15715,wind_offshore,2030,55,19,19,-0.13459520596512195
15716,wind_offshore,2030,55,20,20,-0.13459520596512195
15717,wind_offshore,2030,55,21,21,-0.13459520596512195
15718,wind_offshore,2030,55,22,22,-0.13459520596512195
15719,wind_offshore,2030,55,23,23,-0.13459520596512195
15720,wind_offshore,2030,55,24,24,-0.13459520596512195
15721,wind_offshore,2030,56,1,1,-0.13848904835884351
15722,wind_offshore,2030,56,2,2,-0.13848904835884351
15723,wind_offshore,2030,56,3,3,-0.13848904835884351
15724,wind_offshore,2030,56,4,4,-0.13848904835884351
15725,wind_offshore,2030,56,5,5,-0.13848904835884351
15726,wind_offshore,2030,56,6,6,-0.13848904835884351
15727,wind_offshore,2030,56,7,7,-0.13848904835884351
15728,wind_offshore,2030,56,8,8,-0.13848904835884351
15729,wind_offshore,2030,56,9,9,-0.13848904835884351
15730,wind_offshore,2030,56,10,10,-0.13848904835884351
15731,wind_offshore,2030,56,11,11,-0.13848904835884351
15732,wind_offshore,2030,56,12,12,-0.13848904835884351
15733,wind_offshore,2030,56,13,13,-0.13848904835884351
15734,wind_offshore,2030,56,14,14,-0.13848904835884351
15735,wind_offshore,2030,56,15,15,-0.13848904835884351
15736,wind_offshore,2030,56,16,16,-0.13848904835884351
15737,wind_offshore,2030,56,17,17,-0.13848904835884351
15738,wind_offshore,2030,56,18,18,-0.13848904835884351
15739,wind_offshore,2030,56,19,19,-0.13848904835884351
15740,wind_offshore,2030,56,20,20,-0.13848904835884351
15741,wind_offshore,2030,56,21,21,-0.13848904835884351
15742,wind_offshore,2030,56,22,22,-0.13848904835884351
15743,wind_offshore,2030,56,23,23,-0.13848904835884351
15744,wind_offshore,2030,56,24,24,-0.13848904835884351
15745,wind_offshore,2030,57,1,1,-0.2128204771199049
15746,wind_offshore,2030,57,2,2,-0.2128204771199049
15747,wind_offshore,2030,57,3,3,-0.2128204771199049
15748,wind_offshore,2030,57,4,4,-0.2128204771199049
15749,wind_offshore,2030,57,5,5,-0.2128204771199049
15750,wind_offshore,2030,57,6,6,-0.2128204771199049
15751,wind_offshore,2030,57,7,7,-0.2128204771199049
15752,wind_offshore,2030,57,8,8,-0.2128204771199049
15753,wind_offshore,2030,57,9,9,-0.2128204771199049
15754,wind_offshore,2030,57,10,10,-0.2128204771199049
15755,wind_offshore,2030,57,11,11,-0.2128204771199049
15756,wind_offshore,2030,57,12,12,-0.2128204771199049
15757,wind_offshore,2030,57,13,13,-0.2128204771199049
15758,wind_offshore,2030,57,14,14,-0.2128204771199049
15759,wind_offshore,2030,57,15,15,-0.2128204771199049
15760,wind_offshore,2030,57,16,16,-0.2128204771199049
15761,wind_offshore,2030,57,17,17,-0.2128204771199049
15762,wind_offshore,2030,57,18,18,-0.2128204771199049
15763,wind_offshore,2030,57,19,19,-0.2128204771199049
15764,wind_offshore,2030,57,20,20,-0.2128204771199049
15765,wind_offshore,2030,57,21,21,-0.2128204771199049
15766,wind_offshore,2030,57,22,22,-0.2128204771199049
15767,wind_offshore,2030,57,23,23,-0.2128204771199049
15768,wind_offshore,2030,57,24,24,-0.2128204771199049
15769,wind_offshore,2030,58,1,1,-0.1681750208259137
15770,wind_offshore,2030,58,2,2,-0.1681750208259137
15771,wind_offshore,2030,58,3,3,-0.1681750208259137
15772,wind_offshore,2030,58,4,4,-0.1681750208259137
15773,wind_offshore,2030,58,5,5,-0.1681750208259137
15774,wind_offshore,2030,58,6,6,-0.1681750208259137
15775,wind_offshore,2030,58,7,7,-0.1681750208259137
15776,wind_offshore,2030,58,8,8,-0.1681750208259137
15777,wind_offshore,2030,58,9,9,-0.1681750208259137
15778,wind_offshore,2030,58,10,10,-0.1681750208259137
15779,wind_offshore,2030,58,11,11,-0.1681750208259137
15780,wind_offshore,2030,58,12,12,-0.1681750208259137
15781,wind_offshore,2030,58,13,13,-0.1681750208259137
15782,wind_offshore,2030,58,14,14,-0.1681750208259137
15783,wind_offshore,2030,58,15,15,-0.1681750208259137
15784,wind_offshore,2030,58,16,16,-0.1681750208259137
15785,wind_offshore,2030,58,17,17,-0.1681750208259137
15786,wind_offshore,2030,58,18,18,-0.1681750208259137
15787,wind_offshore,2030,58,19,19,-0.1681750208259137
15788,wind_offshore,2030,58,20,20,-0.1681750208259137
15789,wind_offshore,2030,58,21,21,-0.1681750208259137
15790,wind_offshore,2030,58,22,22,-0.1681750208259137
15791,wind_offshore,2030,58,23,23,-0.1681750208259137
15792,wind_offshore,2030,58,24,24,-0.1681750208259137
15793,wind_offshore,2030,59,1,1,-0.0449185019139052
15794,wind_offshore,2030,59,2,2,-0.0449185019139052
15795,wind_offshore,2030,59,3,3,-0.0449185019139052
15796,wind_offshore,2030,59,4,4,-0.0449185019139052
15797,wind_offshore,2030,59,5,5,-0.0449185019139052
15798,wind_offshore,2030,59,6,6,-0.0449185019139052
15799,wind_offshore,2030,59,7,7,-0.0449185019139052
15800,wind_offshore,2030,59,8,8,-0.0449185019139052
15801,wind_offshore,2030,59,9,9,-0.0449185019139052
15802,wind_offshore,2030,59,10,10,-0.0449185019139052
15803,wind_offshore,2030,59,11,11,-0.06444828535473356
15804,wind_offshore,2030,59,12,12,-0.06444828535473356
15805,wind_offshore,2030,59,13,13,-0.06444828535473356
15806,wind_offshore,2030,59,14,14,-0.06444828535473356
15807,wind_offshore,2030,59,15,15,-0.06444828535473356
15808,wind_offshore,2030,59,16,16,-0.06444828535473356
15809,wind_offshore,2030,59,17,17,-0.06444828535473356
15810,wind_offshore,2030,59,18,18,-0.06444828535473356
15811,wind_offshore,2030,59,19,19,-0.06444828535473356
15812,wind_offshore,2030,59,20,20,-0.06444828535473356
15813,wind_offshore,2030,59,21,21,-0.06444828535473356
15814,wind_offshore,2030,59,22,22,-0.06444828535473356
15815,wind_offshore,2030,59,23,23,-0.06444828535473356
15816,wind_offshore,2030,59,24,24,-0.06444828535473356
15817,wind_offshore,2030,60,1,1,-0.04408301596242646
15818,wind_offshore,2030,60,2,2,-0.04408301596242646
15819,wind_offshore,2030,60,3,3,-0.04408301596242646
15820,wind_offshore,2030,60,4,4,-0.04408301596242646
15821,wind_offshore,2030,60,5,5,-0.04408301596242646
15822,wind_offshore,2030,60,6,6,-0.04408301596242646
15823,wind_offshore,2030,60,7,7,-0.04408301596242646
15824,wind_offshore,2030,60,8,8,-0.04408301596242646
15825,wind_offshore,2030,60,9,9,-0.04408301596242646
15826,wind_offshore,2030,60,10,10,-0.04408301596242646
15827,wind_offshore,2030,60,11,11,-0.04408301596242646
15828,wind_offshore,2030,60,12,12,-0.04408301596242646
15829,wind_offshore,2030,60,13,13,-0.04408301596242646
15830,wind_offshore,2030,60,14,14,-0.04408301596242646
15831,wind_offshore,2030,60,15,15,-0.04408301596242646
15832,wind_offshore,2030,60,16,16,-0.04408301596242646
15833,wind_offshore,2030,60,17,17,-0.04408301596242646
15834,wind_offshore,2030,60,18,18,-0.04408301596242646
15835,wind_offshore,2030,60,19,19,-0.04408301596242646
15836,wind_offshore,2030,60,20,20,-0.04408301596242646
15837,wind_offshore,2030,60,21,21,-0.04408301596242646
15838,wind_offshore,2030,60,22,22,-0.04408301596242646
15839,wind_offshore,2030,60,23,23,-0.04408301596242646
15840,wind_offshore,2030,60,24,24,-0.04408301596242646
15841,wind_offshore,2030,61,1,1,-0.023
15842,wind_offshore,2030,61,2,2,-0.023
15843,wind_offshore,2030,61,3,3,-0.023
15844,wind_offshore,2030,61,4,4,-0.023
15845,wind_offshore,2030,61,5,5,-0.023
15846,wind_offshore,2030,61,6,6,-0.023
15847,wind_offshore,2030,61,7,7,-0.023
15848,wind_offshore,2030,61,8,8,-0.023
15849,wind_offshore,2030,61,9,9,-0.023
15850,wind_offshore,2030,61,10,10,-0.023
15851,wind_offshore,2030,61,11,11,-0.023
15852,wind_offshore,2030,61,12,12,-0.023
15853,wind_offshore,2030,61,13,13,-0.023
15854,wind_offshore,2030,61,14,14,-0.023
15855,wind_offshore,2030,61,15,15,-0.023
15856,wind_offshore,2030,61,16,16,-0.023
15857,wind_offshore,2030,61,17,17,-0.023
15858,wind_offshore,2030,61,18,18,-0.023
15859,wind_offshore,2030,61,19,19,-0.023
15860,wind_offshore,2030,61,20,20,-0.023
15861,wind_offshore,2030,61,21,21,-0.023
15862,wind_offshore,2030,61,22,22,-0.023
15863,wind_offshore,2030,61,23,23,-0.023
15864,wind_offshore,2030,61,24,24,-0.023
15865,wind_offshore,2030,62,1,1,-0.08497755738118422
15866,wind_offshore,2030,62,2,2,-0.08497755738118422
15867,wind_offshore,2030,62,3,3,-0.08497755738118422
15868,wind_offshore,2030,62,4,4,-0.08497755738118422
15869,wind_offshore,2030,62,5,5,-0.08497755738118422
15870,wind_offshore,2030,62,6,6,-0.08497755738118422
15871,wind_offshore,2030,62,7,7,-0.08497755738118422
15872,wind_offshore,2030,62,8,8,-0.08497755738118422
15873,wind_offshore,2030,62,9,9,-0.08497755738118422
15874,wind_offshore,2030,62,10,10,-0.08497755738118422
15875,wind_offshore,2030,62,11,11,-0.08497755738118422
15876,wind_offshore,2030,62,12,12,-0.08497755738118422
15877,wind_offshore,2030,62,13,13,-0.08497755738118422
15878,wind_offshore,2030,62,14,14,-0.08497755738118422
15879,wind_offshore,2030,62,15,15,-0.08497755738118422
15880,wind_offshore,2030,62,16,16,-0.08497755738118422
15881,wind_offshore,2030,62,17,17,-0.08497755738118422
15882,wind_offshore,2030,62,18,18,-0.08497755738118422
15883,wind_offshore,2030,62,19,19,-0.08497755738118422
15884,wind_offshore,2030,62,20,20,-0.08497755738118422
15885,wind_offshore,2030,62,21,21,-0.08497755738118422
15886,wind_offshore,2030,62,22,22,-0.08497755738118422
15887,wind_offshore,2030,62,23,23,-0.08497755738118422
15888,wind_offshore,2030,62,24,24,-0.08497755738118422
15889,wind_offshore,2030,63,1,1,-0.2837712738198607
15890,wind_offshore,2030,63,2,2,-0.2837712738198607
15891,wind_offshore,2030,63,3,3,-0.2837712738198607
15892,wind_offshore,2030,63,4,4,-0.2837712738198607
15893,wind_offshore,2030,63,5,5,-0.2837712738198607
15894,wind_offshore,2030,63,6,6,-0.2837712738198607
15895,wind_offshore,2030,63,7,7,-0.2837712738198607
15896,wind_offshore,2030,63,8,8,-0.2837712738198607
15897,wind_offshore,2030,63,9,9,-0.2837712738198607
15898,wind_offshore,2030,63,10,10,-0.2837712738198607
15899,wind_offshore,2030,63,11,11,-0.2837712738198607
15900,wind_offshore,2030,63,12,12,-0.2837712738198607
15901,wind_offshore,2030,63,13,13,-0.2837712738198607
15902,wind_offshore,2030,63,14,14,-0.2837712738198607
15903,wind_offshore,2030,63,15,15,-0.2837712738198607
15904,wind_offshore,2030,63,16,16,-0.2837712738198607
15905,wind_offshore,2030,63,17,17,-0.2837712738198607
15906,wind_offshore,2030,63,18,18,-0.2837712738198607
15907,wind_offshore,2030,63,19,19,-0.2837712738198607
15908,wind_offshore,2030,63,20,20,-0.2837712738198607
15909,wind_offshore,2030,63,21,21,-0.2837712738198607
15910,wind_offshore,2030,63,22,22,-0.2837712738198607
15911,wind_offshore,2030,63,23,23,-0.2837712738198607
15912,wind_offshore,2030,63,24,24,-0.2837712738198607
15913,wind_offshore,2030,64,1,1,-0.024578083287672373
15914,wind_offshore,2030,64,2,2,-0.024578083287672373
15915,wind_offshore,2030,64,3,3,-0.024578083287672373
15916,wind_offshore,2030,64,4,4,-0.024578083287672373
15917,wind_offshore,2030,64,5,5,-0.024578083287672373
15918,wind_offshore,2030,64,6,6,-0.024578083287672373
15919,wind_offshore,2030,64,7,7,-0.024578083287672373
15920,wind_offshore,2030,64,8,8,-0.024578083287672373
15921,wind_offshore,2030,64,9,9,-0.024578083287672373
15922,wind_offshore,2030,64,10,10,-0.024578083287672373
15923,wind_offshore,2030,64,11,11,-0.024578083287672373
15924,wind_offshore,2030,64,12,12,-0.024578083287672373
15925,wind_offshore,2030,64,13,13,-0.024578083287672373
15926,wind_offshore,2030,64,14,14,-0.024578083287672373
15927,wind_offshore,2030,64,15,15,-0.024578083287672373
15928,wind_offshore,2030,64,16,16,-0.024578083287672373
15929,wind_offshore,2030,64,17,17,-0.024578083287672373
15930,wind_offshore,2030,64,18,18,-0.024578083287672373
15931,wind_offshore,2030,64,19,19,-0.024578083287672373
15932,wind_offshore,2030,64,20,20,-0.035264206456225584
15933,wind_offshore,2030,64,21,21,-0.024578083287672373
15934,wind_offshore,2030,64,22,22,-0.024578083287672373
15935,wind_offshore,2030,64,23,23,-0.024578083287672373
15936,wind_offshore,2030,64,24,24,-0.024578083287672373
15937,wind_offshore,2030,65,1,1,-0.04732486565666692
15938,wind_offshore,2030,65,2,2,-0.04732486565666692
15939,wind_offshore,2030,65,3,3,-0.04732486565666692
15940,wind_offshore,2030,65,4,4,-0.04732486565666692
15941,wind_offshore,2030,65,5,5,-0.04732486565666692
15942,wind_offshore,2030,65,6,6,-0.04732486565666692
15943,wind_offshore,2030,65,7,7,-0.04732486565666692
15944,wind_offshore,2030,65,8,8,-0.04732486565666692
15945,wind_offshore,2030,65,9,9,-0.04732486565666692
15946,wind_offshore,2030,65,10,10,-0.04732486565666692
15947,wind_offshore,2030,65,11,11,-0.04732486565666692
15948,wind_offshore,2030,65,12,12,-0.04732486565666692
15949,wind_offshore,2030,65,13,13,-0.04732486565666692
15950,wind_offshore,2030,65,14,14,-0.04732486565666692
15951,wind_offshore,2030,65,15,15,-0.04732486565666692
15952,wind_offshore,2030,65,16,16,-0.04732486565666692
15953,wind_offshore,2030,65,17,17,-0.04732486565666692
15954,wind_offshore,2030,65,18,18,-0.04732486565666692
15955,wind_offshore,2030,65,19,19,-0.04732486565666692
15956,wind_offshore,2030,65,20,20,-0.04732486565666692
15957,wind_offshore,2030,65,21,21,-0.04732486565666692
15958,wind_offshore,2030,65,22,22,-0.04732486565666692
15959,wind_offshore,2030,65,23,23,-0.04732486565666692
15960,wind_offshore,2030,65,24,24,-0.04732486565666692
15961,wind_offshore,2030,66,1,1,-0.046
15962,wind_offshore,2030,66,2,2,-0.046
15963,wind_offshore,2030,66,3,3,-0.046
15964,wind_offshore,2030,66,4,4,-0.046
15965,wind_offshore,2030,66,5,5,-0.046
15966,wind_offshore,2030,66,6,6,-0.046
15967,wind_offshore,2030,66,7,7,-0.046
15968,wind_offshore,2030,66,8,8,-0.046
15969,wind_offshore,2030,66,9,9,-0.046
15970,wind_offshore,2030,66,10,10,-0.046
15971,wind_offshore,2030,66,11,11,-0.046
15972,wind_offshore,2030,66,12,12,-0.046
15973,wind_offshore,2030,66,13,13,-0.046
15974,wind_offshore,2030,66,14,14,-0.046
15975,wind_offshore,2030,66,15,15,-0.046
15976,wind_offshore,2030,66,16,16,-0.046
15977,wind_offshore,2030,66,17,17,-0.046
15978,wind_offshore,2030,66,18,18,-0.046
15979,wind_offshore,2030,66,19,19,-0.046
15980,wind_offshore,2030,66,20,20,-0.046
15981,wind_offshore,2030,66,21,21,-0.046
15982,wind_offshore,2030,66,22,22,-0.046
15983,wind_offshore,2030,66,23,23,-0.046
15984,wind_offshore,2030,66,24,24,-0.046
15985,wind_offshore,2030,67,1,1,-0.19082946347038182
15986,wind_offshore,2030,67,2,2,-0.19082946347038182
15987,wind_offshore,2030,67,3,3,-0.19082946347038182
15988,wind_offshore,2030,67,4,4,-0.19082946347038182
15989,wind_offshore,2030,67,5,5,-0.19082946347038182
15990,wind_offshore,2030,67,6,6,-0.19082946347038182
15991,wind_offshore,2030,67,7,7,-0.19082946347038182
15992,wind_offshore,2030,67,8,8,-0.19082946347038182
15993,wind_offshore,2030,67,9,9,-0.19082946347038182
15994,wind_offshore,2030,67,10,10,-0.19082946347038182
15995,wind_offshore,2030,67,11,11,-0.19082946347038182
15996,wind_offshore,2030,67,12,12,-0.19082946347038182
15997,wind_offshore,2030,67,13,13,-0.19082946347038182
15998,wind_offshore,2030,67,14,14,-0.19082946347038182
15999,wind_offshore,2030,67,15,15,-0.19082946347038182
16000,wind_offshore,2030,67,16,16,-0.19082946347038182
16001,wind_offshore,2030,67,17,17,-0.19082946347038182
16002,wind_offshore,2030,67,18,18,-0.19082946347038182
16003,wind_offshore,2030,67,19,19,-0.19082946347038182
16004,wind_offshore,2030,67,20,20,-0.19082946347038182
16005,wind_offshore,2030,67,21,21,-0.19082946347038182
16006,wind_offshore,2030,67,22,22,-0.19082946347038182
16007,wind_offshore,2030,67,23,23,-0.19082946347038182
16008,wind_offshore,2030,67,24,24,-0.19082946347038182
16009,wind_offshore,2030,68,1,1,-0.08600568517861121
16010,wind_offshore,2030,68,2,2,-0.08600568517861121
16011,wind_offshore,2030,68,3,3,-0.08600568517861121
16012,wind_offshore,2030,68,4,4,-0.08600568517861121
16013,wind_offshore,2030,68,5,5,-0.08600568517861121
16014,wind_offshore,2030,68,6,6,-0.08600568517861121
16015,wind_offshore,2030,68,7,7,-0.08600568517861121
16016,wind_offshore,2030,68,8,8,-0.08600568517861121
16017,wind_offshore,2030,68,9,9,-0.08600568517861121
16018,wind_offshore,2030,68,10,10,-0.08600568517861121
16019,wind_offshore,2030,68,11,11,-0.08600568517861121
16020,wind_offshore,2030,68,12,12,-0.08600568517861121
16021,wind_offshore,2030,68,13,13,-0.08600568517861121
16022,wind_offshore,2030,68,14,14,-0.08600568517861121
16023,wind_offshore,2030,68,15,15,-0.08600568517861121
16024,wind_offshore,2030,68,16,16,-0.08600568517861121
16025,wind_offshore,2030,68,17,17,-0.08600568517861121
16026,wind_offshore,2030,68,18,18,-0.08600568517861121
16027,wind_offshore,2030,68,19,19,-0.08600568517861121
16028,wind_offshore,2030,68,20,20,-0.08600568517861121
16029,wind_offshore,2030,68,21,21,-0.08600568517861121
16030,wind_offshore,2030,68,22,22,-0.08600568517861121
16031,wind_offshore,2030,68,23,23,-0.08600568517861121
16032,wind_offshore,2030,68,24,24,-0.08600568517861121
16033,wind_offshore,2030,69,1,1,-0.04032336032266583
16034,wind_offshore,2030,69,2,2,-0.04032336032266583
16035,wind_offshore,2030,69,3,3,-0.04032336032266583
16036,wind_offshore,2030,69,4,4,-0.04032336032266583
16037,wind_offshore,2030,69,5,5,-0.04032336032266583
16038,wind_offshore,2030,69,6,6,-0.04032336032266583
16039,wind_offshore,2030,69,7,7,-0.04032336032266583
16040,wind_offshore,2030,69,8,8,-0.04032336032266583
16041,wind_offshore,2030,69,9,9,-0.04032336032266583
16042,wind_offshore,2030,69,10,10,-0.04032336032266583
16043,wind_offshore,2030,69,11,11,-0.04032336032266583
16044,wind_offshore,2030,69,12,12,-0.04032336032266583
16045,wind_offshore,2030,69,13,13,-0.04032336032266583
16046,wind_offshore,2030,69,14,14,-0.04032336032266583
16047,wind_offshore,2030,69,15,15,-0.04032336032266583
16048,wind_offshore,2030,69,16,16,-0.04032336032266583
16049,wind_offshore,2030,69,17,17,-0.04032336032266583
16050,wind_offshore,2030,69,18,18,-0.057855256115129226
16051,wind_offshore,2030,69,19,19,-0.057855256115129226
16052,wind_offshore,2030,69,20,20,-0.057855256115129226
16053,wind_offshore,2030,69,21,21,-0.045390400280440016
16054,wind_offshore,2030,69,22,22,-0.04032336032266583
16055,wind_offshore,2030,69,23,23,-0.04032336032266583
16056,wind_offshore,2030,69,24,24,-0.04032336032266583
16057,wind_offshore,2030,70,1,1,-0.11320055611803383
16058,wind_offshore,2030,70,2,2,-0.11320055611803383
16059,wind_offshore,2030,70,3,3,-0.11320055611803383
16060,wind_offshore,2030,70,4,4,-0.11320055611803383
16061,wind_offshore,2030,70,5,5,-0.11320055611803383
16062,wind_offshore,2030,70,6,6,-0.11320055611803383
16063,wind_offshore,2030,70,7,7,-0.11320055611803383
16064,wind_offshore,2030,70,8,8,-0.11320055611803383
16065,wind_offshore,2030,70,9,9,-0.11320055611803383
16066,wind_offshore,2030,70,10,10,-0.11320055611803383
16067,wind_offshore,2030,70,11,11,-0.11320055611803383
16068,wind_offshore,2030,70,12,12,-0.11320055611803383
16069,wind_offshore,2030,70,13,13,-0.11320055611803383
16070,wind_offshore,2030,70,14,14,-0.11320055611803383
16071,wind_offshore,2030,70,15,15,-0.11320055611803383
16072,wind_offshore,2030,70,16,16,-0.11320055611803383
16073,wind_offshore,2030,70,17,17,-0.11320055611803383
16074,wind_offshore,2030,70,18,18,-0.11320055611803383
16075,wind_offshore,2030,70,19,19,-0.16241818921283113
16076,wind_offshore,2030,70,20,20,-0.16241818921283113
16077,wind_offshore,2030,70,21,21,-0.16241818921283113
16078,wind_offshore,2030,70,22,22,-0.11320055611803383
16079,wind_offshore,2030,70,23,23,-0.11320055611803383
16080,wind_offshore,2030,70,24,24,-0.11320055611803383
16081,wind_offshore,2030,71,1,1,-0.10073615079606521
16082,wind_offshore,2030,71,2,2,-0.10073615079606521
16083,wind_offshore,2030,71,3,3,-0.10073615079606521
16084,wind_offshore,2030,71,4,4,-0.10073615079606521
16085,wind_offshore,2030,71,5,5,-0.10073615079606521
16086,wind_offshore,2030,71,6,6,-0.10073615079606521
16087,wind_offshore,2030,71,7,7,-0.10073615079606521
16088,wind_offshore,2030,71,8,8,-0.10073615079606521
16089,wind_offshore,2030,71,9,9,-0.10073615079606521
16090,wind_offshore,2030,71,10,10,-0.10073615079606521
16091,wind_offshore,2030,71,11,11,-0.10073615079606521
16092,wind_offshore,2030,71,12,12,-0.10073615079606521
16093,wind_offshore,2030,71,13,13,-0.10073615079606521
16094,wind_offshore,2030,71,14,14,-0.10073615079606521
16095,wind_offshore,2030,71,15,15,-0.10073615079606521
16096,wind_offshore,2030,71,16,16,-0.10073615079606521
16097,wind_offshore,2030,71,17,17,-0.10073615079606521
16098,wind_offshore,2030,71,18,18,-0.10073615079606521
16099,wind_offshore,2030,71,19,19,-0.10073615079606521
16100,wind_offshore,2030,71,20,20,-0.10073615079606521
16101,wind_offshore,2030,71,21,21,-0.10073615079606521
16102,wind_offshore,2030,71,22,22,-0.10073615079606521
16103,wind_offshore,2030,71,23,23,-0.10073615079606521
16104,wind_offshore,2030,71,24,24,-0.10073615079606521
16105,wind_offshore,2030,72,1,1,-0.08872362328092363
16106,wind_offshore,2030,72,2,2,-0.08872362328092363
16107,wind_offshore,2030,72,3,3,-0.08872362328092363
16108,wind_offshore,2030,72,4,4,-0.08872362328092363
16109,wind_offshore,2030,72,5,5,-0.08872362328092363
16110,wind_offshore,2030,72,6,6,-0.08872362328092363
16111,wind_offshore,2030,72,7,7,-0.08872362328092363
16112,wind_offshore,2030,72,8,8,-0.08872362328092363
16113,wind_offshore,2030,72,9,9,-0.08872362328092363
16114,wind_offshore,2030,72,10,10,-0.08872362328092363
16115,wind_offshore,2030,72,11,11,-0.08872362328092363
16116,wind_offshore,2030,72,12,12,-0.08872362328092363
16117,wind_offshore,2030,72,13,13,-0.08872362328092363
16118,wind_offshore,2030,72,14,14,-0.08872362328092363
16119,wind_offshore,2030,72,15,15,-0.08872362328092363
16120,wind_offshore,2030,72,16,16,-0.08872362328092363
16121,wind_offshore,2030,72,17,17,-0.08872362328092363
16122,wind_offshore,2030,72,18,18,-0.08872362328092363
16123,wind_offshore,2030,72,19,19,-0.08872362328092363
16124,wind_offshore,2030,72,20,20,-0.08872362328092363
16125,wind_offshore,2030,72,21,21,-0.08872362328092363
16126,wind_offshore,2030,72,22,22,-0.08872362328092363
16127,wind_offshore,2030,72,23,23,-0.08872362328092363
16128,wind_offshore,2030,72,24,24,-0.08872362328092363
16129,wind_offshore,2030,73,1,1,-0.08619034236682144
16130,wind_offshore,2030,73,2,2,-0.08619034236682144
16131,wind_offshore,2030,73,3,3,-0.08619034236682144
16132,wind_offshore,2030,73,4,4,-0.08619034236682144
16133,wind_offshore,2030,73,5,5,-0.08619034236682144
16134,wind_offshore,2030,73,6,6,-0.08619034236682144
16135,wind_offshore,2030,73,7,7,-0.08619034236682144
16136,wind_offshore,2030,73,8,8,-0.08619034236682144
16137,wind_offshore,2030,73,9,9,-0.08619034236682144
16138,wind_offshore,2030,73,10,10,-0.08619034236682144
16139,wind_offshore,2030,73,11,11,-0.08619034236682144
16140,wind_offshore,2030,73,12,12,-0.08619034236682144
16141,wind_offshore,2030,73,13,13,-0.08619034236682144
16142,wind_offshore,2030,73,14,14,-0.08619034236682144
16143,wind_offshore,2030,73,15,15,-0.08619034236682144
16144,wind_offshore,2030,73,16,16,-0.08619034236682144
16145,wind_offshore,2030,73,17,17,-0.08619034236682144
16146,wind_offshore,2030,73,18,18,-0.08619034236682144
16147,wind_offshore,2030,73,19,19,-0.08619034236682144
16148,wind_offshore,2030,73,20,20,-0.08619034236682144
16149,wind_offshore,2030,73,21,21,-0.08619034236682144
16150,wind_offshore,2030,73,22,22,-0.08619034236682144
16151,wind_offshore,2030,73,23,23,-0.08619034236682144
16152,wind_offshore,2030,73,24,24,-0.08619034236682144
16153,wind_offshore,2030,74,1,1,-0.024321966412706994
16154,wind_offshore,2030,74,2,2,-0.024321966412706994
16155,wind_offshore,2030,74,3,3,-0.024321966412706994
16156,wind_offshore,2030,74,4,4,-0.024321966412706994
16157,wind_offshore,2030,74,5,5,-0.024321966412706994
16158,wind_offshore,2030,74,6,6,-0.024321966412706994
16159,wind_offshore,2030,74,7,7,-0.024321966412706994
16160,wind_offshore,2030,74,8,8,-0.024321966412706994
16161,wind_offshore,2030,74,9,9,-0.024321966412706994
16162,wind_offshore,2030,74,10,10,-0.024321966412706994
16163,wind_offshore,2030,74,11,11,-0.024321966412706994
16164,wind_offshore,2030,74,12,12,-0.024321966412706994
16165,wind_offshore,2030,74,13,13,-0.024321966412706994
16166,wind_offshore,2030,74,14,14,-0.024321966412706994
16167,wind_offshore,2030,74,15,15,-0.024321966412706994
16168,wind_offshore,2030,74,16,16,-0.024321966412706994
16169,wind_offshore,2030,74,17,17,-0.024321966412706994
16170,wind_offshore,2030,74,18,18,-0.024321966412706994
16171,wind_offshore,2030,74,19,19,-0.024321966412706994
16172,wind_offshore,2030,74,20,20,-0.024321966412706994
16173,wind_offshore,2030,74,21,21,-0.024321966412706994
16174,wind_offshore,2030,74,22,22,-0.024321966412706994
16175,wind_offshore,2030,74,23,23,-0.024321966412706994
16176,wind_offshore,2030,74,24,24,-0.024321966412706994
16177,wind_offshore,2030,75,1,1,-0.43070207741574984
16178,wind_offshore,2030,75,2,2,-0.43070207741574984
16179,wind_offshore,2030,75,3,3,-0.43070207741574984
16180,wind_offshore,2030,75,4,4,-0.43070207741574984
16181,wind_offshore,2030,75,5,5,-0.43070207741574984
16182,wind_offshore,2030,75,6,6,-0.43070207741574984
16183,wind_offshore,2030,75,7,7,-0.43070207741574984
16184,wind_offshore,2030,75,8,8,-0.43070207741574984
16185,wind_offshore,2030,75,9,9,-0.43070207741574984
16186,wind_offshore,2030,75,10,10,-0.43070207741574984
16187,wind_offshore,2030,75,11,11,-0.43070207741574984
16188,wind_offshore,2030,75,12,12,-0.43070207741574984
16189,wind_offshore,2030,75,13,13,-0.43070207741574984
16190,wind_offshore,2030,75,14,14,-0.43070207741574984
16191,wind_offshore,2030,75,15,15,-0.43070207741574984
16192,wind_offshore,2030,75,16,16,-0.43070207741574984
16193,wind_offshore,2030,75,17,17,-0.43070207741574984
16194,wind_offshore,2030,75,18,18,-0.43070207741574984
16195,wind_offshore,2030,75,19,19,-0.43070207741574984
16196,wind_offshore,2030,75,20,20,-0.43070207741574984
16197,wind_offshore,2030,75,21,21,-0.43070207741574984
16198,wind_offshore,2030,75,22,22,-0.43070207741574984
16199,wind_offshore,2030,75,23,23,-0.43070207741574984
16200,wind_offshore,2030,75,24,24,-0.43070207741574984
16201,wind_offshore,2030,76,1,1,-0.37987915754541435
16202,wind_offshore,2030,76,2,2,-0.37987915754541435
16203,wind_offshore,2030,76,3,3,-0.37987915754541435
16204,wind_offshore,2030,76,4,4,-0.37987915754541435
16205,wind_offshore,2030,76,5,5,-0.37987915754541435
16206,wind_offshore,2030,76,6,6,-0.37987915754541435
16207,wind_offshore,2030,76,7,7,-0.37987915754541435
16208,wind_offshore,2030,76,8,8,-0.37987915754541435
16209,wind_offshore,2030,76,9,9,-0.37987915754541435
16210,wind_offshore,2030,76,10,10,-0.37987915754541435
16211,wind_offshore,2030,76,11,11,-0.37987915754541435
16212,wind_offshore,2030,76,12,12,-0.37987915754541435
16213,wind_offshore,2030,76,13,13,-0.37987915754541435
16214,wind_offshore,2030,76,14,14,-0.37987915754541435
16215,wind_offshore,2030,76,15,15,-0.37987915754541435
16216,wind_offshore,2030,76,16,16,-0.37987915754541435
16217,wind_offshore,2030,76,17,17,-0.37987915754541435
16218,wind_offshore,2030,76,18,18,-0.37987915754541435
16219,wind_offshore,2030,76,19,19,-0.37987915754541435
16220,wind_offshore,2030,76,20,20,-0.37987915754541435
16221,wind_offshore,2030,76,21,21,-0.37987915754541435
16222,wind_offshore,2030,76,22,22,-0.37987915754541435
16223,wind_offshore,2030,76,23,23,-0.37987915754541435
16224,wind_offshore,2030,76,24,24,-0.37987915754541435
16225,wind_offshore,2030,77,1,1,-0.023648439665476053
16226,wind_offshore,2030,77,2,2,-0.023648439665476053
16227,wind_offshore,2030,77,3,3,-0.023648439665476053
16228,wind_offshore,2030,77,4,4,-0.023648439665476053
16229,wind_offshore,2030,77,5,5,-0.023648439665476053
16230,wind_offshore,2030,77,6,6,-0.023648439665476053
16231,wind_offshore,2030,77,7,7,-0.023648439665476053
16232,wind_offshore,2030,77,8,8,-0.023648439665476053
16233,wind_offshore,2030,77,9,9,-0.023648439665476053
16234,wind_offshore,2030,77,10,10,-0.023648439665476053
16235,wind_offshore,2030,77,11,11,-0.023648439665476053
16236,wind_offshore,2030,77,12,12,-0.023648439665476053
16237,wind_offshore,2030,77,13,13,-0.023648439665476053
16238,wind_offshore,2030,77,14,14,-0.023648439665476053
16239,wind_offshore,2030,77,15,15,-0.023648439665476053
16240,wind_offshore,2030,77,16,16,-0.023648439665476053
16241,wind_offshore,2030,77,17,17,-0.023648439665476053
16242,wind_offshore,2030,77,18,18,-0.023648439665476053
16243,wind_offshore,2030,77,19,19,-0.023648439665476053
16244,wind_offshore,2030,77,20,20,-0.023648439665476053
16245,wind_offshore,2030,77,21,21,-0.023648439665476053
16246,wind_offshore,2030,77,22,22,-0.023648439665476053
16247,wind_offshore,2030,77,23,23,-0.023648439665476053
16248,wind_offshore,2030,77,24,24,-0.023648439665476053
16249,wind_offshore,2030,78,1,1,-0.1648261671404143
16250,wind_offshore,2030,78,2,2,-0.1648261671404143
16251,wind_offshore,2030,78,3,3,-0.1648261671404143
16252,wind_offshore,2030,78,4,4,-0.1648261671404143
16253,wind_offshore,2030,78,5,5,-0.1648261671404143
16254,wind_offshore,2030,78,6,6,-0.1648261671404143
16255,wind_offshore,2030,78,7,7,-0.1648261671404143
16256,wind_offshore,2030,78,8,8,-0.1648261671404143
16257,wind_offshore,2030,78,9,9,-0.1648261671404143
16258,wind_offshore,2030,78,10,10,-0.1648261671404143
16259,wind_offshore,2030,78,11,11,-0.1648261671404143
16260,wind_offshore,2030,78,12,12,-0.1648261671404143
16261,wind_offshore,2030,78,13,13,-0.1648261671404143
16262,wind_offshore,2030,78,14,14,-0.1648261671404143
16263,wind_offshore,2030,78,15,15,-0.1648261671404143
16264,wind_offshore,2030,78,16,16,-0.1648261671404143
16265,wind_offshore,2030,78,17,17,-0.1648261671404143
16266,wind_offshore,2030,78,18,18,-0.1648261671404143
16267,wind_offshore,2030,78,19,19,-0.1648261671404143
16268,wind_offshore,2030,78,20,20,-0.1648261671404143
16269,wind_offshore,2030,78,21,21,-0.1648261671404143
16270,wind_offshore,2030,78,22,22,-0.1648261671404143
16271,wind_offshore,2030,78,23,23,-0.1648261671404143
16272,wind_offshore,2030,78,24,24,-0.1648261671404143
16273,wind_offshore,2030,79,1,1,-0.04927943199769097
16274,wind_offshore,2030,79,2,2,-0.04927943199769097
16275,wind_offshore,2030,79,3,3,-0.04927943199769097
16276,wind_offshore,2030,79,4,4,-0.04927943199769097
16277,wind_offshore,2030,79,5,5,-0.04927943199769097
16278,wind_offshore,2030,79,6,6,-0.04927943199769097
16279,wind_offshore,2030,79,7,7,-0.04927943199769097
16280,wind_offshore,2030,79,8,8,-0.07070527199668705
16281,wind_offshore,2030,79,9,9,-0.07070527199668705
16282,wind_offshore,2030,79,10,10,-0.07070527199668705
16283,wind_offshore,2030,79,11,11,-0.07070527199668705
16284,wind_offshore,2030,79,12,12,-0.07070527199668705
16285,wind_offshore,2030,79,13,13,-0.04927943199769097
16286,wind_offshore,2030,79,14,14,-0.04927943199769097
16287,wind_offshore,2030,79,15,15,-0.04927943199769097
16288,wind_offshore,2030,79,16,16,-0.04927943199769097
16289,wind_offshore,2030,79,17,17,-0.07070527199668705
16290,wind_offshore,2030,79,18,18,-0.07070527199668705
16291,wind_offshore,2030,79,19,19,-0.07070527199668705
16292,wind_offshore,2030,79,20,20,-0.07070527199668705
16293,wind_offshore,2030,79,21,21,-0.07070527199668705
16294,wind_offshore,2030,79,22,22,-0.07070527199668705
16295,wind_offshore,2030,79,23,23,-0.07070527199668705
16296,wind_offshore,2030,79,24,24,-0.04927943199769097
16297,wind_offshore,2030,80,1,1,-0.04822342701697308
16298,wind_offshore,2030,80,2,2,-0.04822342701697308
16299,wind_offshore,2030,80,3,3,-0.04822342701697308
16300,wind_offshore,2030,80,4,4,-0.04822342701697308
16301,wind_offshore,2030,80,5,5,-0.04822342701697308
16302,wind_offshore,2030,80,6,6,-0.04822342701697308
16303,wind_offshore,2030,80,7,7,-0.04822342701697308
16304,wind_offshore,2030,80,8,8,-0.04822342701697308
16305,wind_offshore,2030,80,9,9,-0.04822342701697308
16306,wind_offshore,2030,80,10,10,-0.04822342701697308
16307,wind_offshore,2030,80,11,11,-0.04822342701697308
16308,wind_offshore,2030,80,12,12,-0.04822342701697308
16309,wind_offshore,2030,80,13,13,-0.04822342701697308
16310,wind_offshore,2030,80,14,14,-0.04822342701697308
16311,wind_offshore,2030,80,15,15,-0.04822342701697308
16312,wind_offshore,2030,80,16,16,-0.04822342701697308
16313,wind_offshore,2030,80,17,17,-0.04822342701697308
16314,wind_offshore,2030,80,18,18,-0.04822342701697308
16315,wind_offshore,2030,80,19,19,-0.06919013441565702
16316,wind_offshore,2030,80,20,20,-0.06919013441565702
16317,wind_offshore,2030,80,21,21,-0.04822342701697308
16318,wind_offshore,2030,80,22,22,-0.04822342701697308
16319,wind_offshore,2030,80,23,23,-0.04822342701697308
16320,wind_offshore,2030,80,24,24,-0.04822342701697308
16321,wind_offshore,2030,81,1,1,-0.6298764149797205
16322,wind_offshore,2030,81,2,2,-0.6298764149797205
16323,wind_offshore,2030,81,3,3,-0.6298764149797205
16324,wind_offshore,2030,81,4,4,-0.6298764149797205
16325,wind_offshore,2030,81,5,5,-0.6298764149797205
16326,wind_offshore,2030,81,6,6,-0.6298764149797205
16327,wind_offshore,2030,81,7,7,-0.6298764149797205
16328,wind_offshore,2030,81,8,8,-0.6298764149797205
16329,wind_offshore,2030,81,9,9,-0.6298764149797205
16330,wind_offshore,2030,81,10,10,-0.6298764149797205
16331,wind_offshore,2030,81,11,11,-0.6298764149797205
16332,wind_offshore,2030,81,12,12,-0.6298764149797205
16333,wind_offshore,2030,81,13,13,-0.6298764149797205
16334,wind_offshore,2030,81,14,14,0.0
16335,wind_offshore,2030,81,15,15,0.0
16336,wind_offshore,2030,81,16,16,0.0
16337,wind_offshore,2030,81,17,17,-0.6298764149797205
16338,wind_offshore,2030,81,18,18,-0.6298764149797205
16339,wind_offshore,2030,81,19,19,-0.6298764149797205
16340,wind_offshore,2030,81,20,20,-0.6298764149797205
16341,wind_offshore,2030,81,21,21,-0.6298764149797205
16342,wind_offshore,2030,81,22,22,-0.6298764149797205
16343,wind_offshore,2030,81,23,23,-0.6298764149797205
16344,wind_offshore,2030,81,24,24,-0.6298764149797205
16345,wind_offshore,2030,82,1,1,-0.2943185458059695
16346,wind_offshore,2030,82,2,2,-0.2943185458059695
16347,wind_offshore,2030,82,3,3,-0.2943185458059695
16348,wind_offshore,2030,82,4,4,-0.2943185458059695
16349,wind_offshore,2030,82,5,5,-0.2943185458059695
16350,wind_offshore,2030,82,6,6,-0.2943185458059695
16351,wind_offshore,2030,82,7,7,-0.2943185458059695
16352,wind_offshore,2030,82,8,8,-0.2943185458059695
16353,wind_offshore,2030,82,9,9,-0.2943185458059695
16354,wind_offshore,2030,82,10,10,-0.2943185458059695
16355,wind_offshore,2030,82,11,11,-0.2943185458059695
16356,wind_offshore,2030,82,12,12,-0.2943185458059695
16357,wind_offshore,2030,82,13,13,-0.2943185458059695
16358,wind_offshore,2030,82,14,14,-0.2943185458059695
16359,wind_offshore,2030,82,15,15,-0.2943185458059695
16360,wind_offshore,2030,82,16,16,-0.2943185458059695
16361,wind_offshore,2030,82,17,17,-0.2943185458059695
16362,wind_offshore,2030,82,18,18,-0.2943185458059695
16363,wind_offshore,2030,82,19,19,-0.2943185458059695
16364,wind_offshore,2030,82,20,20,-0.2943185458059695
16365,wind_offshore,2030,82,21,21,-0.2943185458059695
16366,wind_offshore,2030,82,22,22,-0.2943185458059695
16367,wind_offshore,2030,82,23,23,-0.2943185458059695
16368,wind_offshore,2030,82,24,24,-0.2943185458059695
16369,wind_offshore,2030,83,1,1,-0.04591991932914706
16370,wind_offshore,2030,83,2,2,-0.04591991932914706
16371,wind_offshore,2030,83,3,3,-0.04591991932914706
16372,wind_offshore,2030,83,4,4,-0.04591991932914706
16373,wind_offshore,2030,83,5,5,-0.04591991932914706
16374,wind_offshore,2030,83,6,6,-0.04591991932914706
16375,wind_offshore,2030,83,7,7,-0.04591991932914706
16376,wind_offshore,2030,83,8,8,-0.04591991932914706
16377,wind_offshore,2030,83,9,9,-0.04591991932914706
16378,wind_offshore,2030,83,10,10,-0.04591991932914706
16379,wind_offshore,2030,83,11,11,-0.04591991932914706
16380,wind_offshore,2030,83,12,12,-0.04591991932914706
16381,wind_offshore,2030,83,13,13,-0.04591991932914706
16382,wind_offshore,2030,83,14,14,-0.04591991932914706
16383,wind_offshore,2030,83,15,15,-0.04591991932914706
16384,wind_offshore,2030,83,16,16,-0.04591991932914706
16385,wind_offshore,2030,83,17,17,-0.04591991932914706
16386,wind_offshore,2030,83,18,18,-0.04591991932914706
16387,wind_offshore,2030,83,19,19,-0.04591991932914706
16388,wind_offshore,2030,83,20,20,-0.04591991932914706
16389,wind_offshore,2030,83,21,21,-0.04591991932914706
16390,wind_offshore,2030,83,22,22,-0.04591991932914706
16391,wind_offshore,2030,83,23,23,-0.04591991932914706
16392,wind_offshore,2030,83,24,24,-0.04591991932914706
16393,wind_offshore,2030,84,1,1,-0.28800571248283796
16394,wind_offshore,2030,84,2,2,-0.28800571248283796
16395,wind_offshore,2030,84,3,3,-0.28800571248283796
16396,wind_offshore,2030,84,4,4,-0.28800571248283796
16397,wind_offshore,2030,84,5,5,-0.28800571248283796
16398,wind_offshore,2030,84,6,6,-0.28800571248283796
16399,wind_offshore,2030,84,7,7,-0.28800571248283796
16400,wind_offshore,2030,84,8,8,-0.28800571248283796
16401,wind_offshore,2030,84,9,9,-0.28800571248283796
16402,wind_offshore,2030,84,10,10,-0.28800571248283796
16403,wind_offshore,2030,84,11,11,-0.28800571248283796
16404,wind_offshore,2030,84,12,12,-0.28800571248283796
16405,wind_offshore,2030,84,13,13,-0.28800571248283796
16406,wind_offshore,2030,84,14,14,-0.28800571248283796
16407,wind_offshore,2030,84,15,15,-0.28800571248283796
16408,wind_offshore,2030,84,16,16,-0.28800571248283796
16409,wind_offshore,2030,84,17,17,-0.28800571248283796
16410,wind_offshore,2030,84,18,18,-0.28800571248283796
16411,wind_offshore,2030,84,19,19,-0.28800571248283796
16412,wind_offshore,2030,84,20,20,-0.28800571248283796
16413,wind_offshore,2030,84,21,21,-0.28800571248283796
16414,wind_offshore,2030,84,22,22,-0.28800571248283796
16415,wind_offshore,2030,84,23,23,-0.28800571248283796
16416,wind_offshore,2030,84,24,24,-0.28800571248283796
16417,wind_offshore,2030,85,1,1,-0.6080297415920873
16418,wind_offshore,2030,85,2,2,-0.6080297415920873
16419,wind_offshore,2030,85,3,3,-0.6080297415920873
16420,wind_offshore,2030,85,4,4,-0.6080297415920873
16421,wind_offshore,2030,85,5,5,-0.6080297415920873
16422,wind_offshore,2030,85,6,6,-0.6080297415920873
16423,wind_offshore,2030,85,7,7,-0.6080297415920873
16424,wind_offshore,2030,85,8,8,-0.6080297415920873
16425,wind_offshore,2030,85,9,9,-0.6080297415920873
16426,wind_offshore,2030,85,10,10,-0.6080297415920873
16427,wind_offshore,2030,85,11,11,-0.6080297415920873
16428,wind_offshore,2030,85,12,12,-0.6080297415920873
16429,wind_offshore,2030,85,13,13,0.0
16430,wind_offshore,2030,85,14,14,0.0
16431,wind_offshore,2030,85,15,15,0.0
16432,wind_offshore,2030,85,16,16,0.0
16433,wind_offshore,2030,85,17,17,-0.6080297415920873
16434,wind_offshore,2030,85,18,18,-0.6080297415920873
16435,wind_offshore,2030,85,19,19,-0.6080297415920873
16436,wind_offshore,2030,85,20,20,-0.6080297415920873
16437,wind_offshore,2030,85,21,21,-0.6080297415920873
16438,wind_offshore,2030,85,22,22,-0.6080297415920873
16439,wind_offshore,2030,85,23,23,-0.6080297415920873
16440,wind_offshore,2030,85,24,24,-0.6080297415920873
16441,wind_offshore,2030,86,1,1,-0.10970962287546857
16442,wind_offshore,2030,86,2,2,-0.10970962287546857
16443,wind_offshore,2030,86,3,3,-0.10970962287546857
16444,wind_offshore,2030,86,4,4,-0.10970962287546857
16445,wind_offshore,2030,86,5,5,-0.10970962287546857
16446,wind_offshore,2030,86,6,6,-0.10970962287546857
16447,wind_offshore,2030,86,7,7,-0.10970962287546857
16448,wind_offshore,2030,86,8,8,-0.10970962287546857
16449,wind_offshore,2030,86,9,9,-0.10970962287546857
16450,wind_offshore,2030,86,10,10,-0.10970962287546857
16451,wind_offshore,2030,86,11,11,-0.10970962287546857
16452,wind_offshore,2030,86,12,12,-0.10970962287546857
16453,wind_offshore,2030,86,13,13,-0.10970962287546857
16454,wind_offshore,2030,86,14,14,-0.10970962287546857
16455,wind_offshore,2030,86,15,15,-0.10970962287546857
16456,wind_offshore,2030,86,16,16,-0.10970962287546857
16457,wind_offshore,2030,86,17,17,-0.10970962287546857
16458,wind_offshore,2030,86,18,18,-0.10970962287546857
16459,wind_offshore,2030,86,19,19,-0.10970962287546857
16460,wind_offshore,2030,86,20,20,-0.10970962287546857
16461,wind_offshore,2030,86,21,21,-0.10970962287546857
16462,wind_offshore,2030,86,22,22,-0.10970962287546857
16463,wind_offshore,2030,86,23,23,-0.10970962287546857
16464,wind_offshore,2030,86,24,24,-0.10970962287546857
16465,wind_offshore,2030,87,1,1,-0.9674356710005082
16466,wind_offshore,2030,87,2,2,-0.9674356710005082
16467,wind_offshore,2030,87,3,3,-0.9674356710005082
16468,wind_offshore,2030,87,4,4,-0.9674356710005082
16469,wind_offshore,2030,87,5,5,-0.9674356710005082
16470,wind_offshore,2030,87,6,6,-0.9674356710005082
16471,wind_offshore,2030,87,7,7,-0.9674356710005082
16472,wind_offshore,2030,87,8,8,-0.9674356710005082
16473,wind_offshore,2030,87,9,9,-0.9674356710005082
16474,wind_offshore,2030,87,10,10,-0.9674356710005082
16475,wind_offshore,2030,87,11,11,-0.9674356710005082
16476,wind_offshore,2030,87,12,12,-0.9674356710005082
16477,wind_offshore,2030,87,13,13,-0.9674356710005082
16478,wind_offshore,2030,87,14,14,-0.9674356710005082
16479,wind_offshore,2030,87,15,15,-0.9674356710005082
16480,wind_offshore,2030,87,16,16,-0.9674356710005082
16481,wind_offshore,2030,87,17,17,-0.9674356710005082
16482,wind_offshore,2030,87,18,18,-0.9674356710005082
16483,wind_offshore,2030,87,19,19,-0.9674356710005082
16484,wind_offshore,2030,87,20,20,-0.9674356710005082
16485,wind_offshore,2030,87,21,21,-0.9674356710005082
16486,wind_offshore,2030,87,22,22,-0.9674356710005082
16487,wind_offshore,2030,87,23,23,-0.9674356710005082
16488,wind_offshore,2030,87,24,24,-0.9674356710005082
16489,wind_offshore,2030,88,1,1,-0.2876723773074821
16490,wind_offshore,2030,88,2,2,-0.2876723773074821
16491,wind_offshore,2030,88,3,3,-0.2876723773074821
16492,wind_offshore,2030,88,4,4,-0.2876723773074821
16493,wind_offshore,2030,88,5,5,-0.2876723773074821
16494,wind_offshore,2030,88,6,6,-0.2876723773074821
16495,wind_offshore,2030,88,7,7,-0.2876723773074821
16496,wind_offshore,2030,88,8,8,-0.2876723773074821
16497,wind_offshore,2030,88,9,9,-0.2876723773074821
16498,wind_offshore,2030,88,10,10,-0.2876723773074821
16499,wind_offshore,2030,88,11,11,-0.2876723773074821
16500,wind_offshore,2030,88,12,12,-0.2876723773074821
16501,wind_offshore,2030,88,13,13,-0.2876723773074821
16502,wind_offshore,2030,88,14,14,-0.2876723773074821
16503,wind_offshore,2030,88,15,15,-0.2876723773074821
16504,wind_offshore,2030,88,16,16,-0.2876723773074821
16505,wind_offshore,2030,88,17,17,-0.2876723773074821
16506,wind_offshore,2030,88,18,18,-0.2876723773074821
16507,wind_offshore,2030,88,19,19,-0.2876723773074821
16508,wind_offshore,2030,88,20,20,-0.2876723773074821
16509,wind_offshore,2030,88,21,21,-0.2876723773074821
16510,wind_offshore,2030,88,22,22,-0.2876723773074821
16511,wind_offshore,2030,88,23,23,-0.2876723773074821
16512,wind_offshore,2030,88,24,24,-0.2876723773074821
16513,wind_offshore,2030,89,1,1,-0.069
16514,wind_offshore,2030,89,2,2,-0.069
16515,wind_offshore,2030,89,3,3,-0.069
16516,wind_offshore,2030,89,4,4,-0.069
16517,wind_offshore,2030,89,5,5,-0.069
16518,wind_offshore,2030,89,6,6,-0.069
16519,wind_offshore,2030,89,7,7,-0.069
16520,wind_offshore,2030,89,8,8,-0.069
16521,wind_offshore,2030,89,9,9,-0.069
16522,wind_offshore,2030,89,10,10,-0.069
16523,wind_offshore,2030,89,11,11,-0.069
16524,wind_offshore,2030,89,12,12,-0.069
16525,wind_offshore,2030,89,13,13,-0.069
16526,wind_offshore,2030,89,14,14,-0.069
16527,wind_offshore,2030,89,15,15,-0.069
16528,wind_offshore,2030,89,16,16,-0.069
16529,wind_offshore,2030,89,17,17,-0.069
16530,wind_offshore,2030,89,18,18,-0.069
16531,wind_offshore,2030,89,19,19,-0.069
16532,wind_offshore,2030,89,20,20,-0.069
16533,wind_offshore,2030,89,21,21,-0.069
16534,wind_offshore,2030,89,22,22,-0.069
16535,wind_offshore,2030,89,23,23,-0.069
16536,wind_offshore,2030,89,24,24,-0.069
16537,wind_offshore,2030,90,1,1,-0.0634361502540916
16538,wind_offshore,2030,90,2,2,-0.0634361502540916
16539,wind_offshore,2030,90,3,3,-0.0634361502540916
16540,wind_offshore,2030,90,4,4,-0.0634361502540916
16541,wind_offshore,2030,90,5,5,-0.0634361502540916
16542,wind_offshore,2030,90,6,6,-0.0634361502540916
16543,wind_offshore,2030,90,7,7,-0.0634361502540916
16544,wind_offshore,2030,90,8,8,-0.0634361502540916
16545,wind_offshore,2030,90,9,9,-0.0634361502540916
16546,wind_offshore,2030,90,10,10,-0.0634361502540916
16547,wind_offshore,2030,90,11,11,-0.0634361502540916
16548,wind_offshore,2030,90,12,12,-0.0634361502540916
16549,wind_offshore,2030,90,13,13,-0.0634361502540916
16550,wind_offshore,2030,90,14,14,-0.0634361502540916
16551,wind_offshore,2030,90,15,15,-0.0634361502540916
16552,wind_offshore,2030,90,16,16,-0.0634361502540916
16553,wind_offshore,2030,90,17,17,-0.0634361502540916
16554,wind_offshore,2030,90,18,18,-0.0634361502540916
16555,wind_offshore,2030,90,19,19,-0.0634361502540916
16556,wind_offshore,2030,90,20,20,-0.0634361502540916
16557,wind_offshore,2030,90,21,21,-0.0634361502540916
16558,wind_offshore,2030,90,22,22,-0.0634361502540916
16559,wind_offshore,2030,90,23,23,-0.0634361502540916
16560,wind_offshore,2030,90,24,24,-0.0634361502540916
16561,wind_offshore,2030,91,1,1,-0.053356874954039436
16562,wind_offshore,2030,91,2,2,-0.053356874954039436
16563,wind_offshore,2030,91,3,3,-0.053356874954039436
16564,wind_offshore,2030,91,4,4,-0.053356874954039436
16565,wind_offshore,2030,91,5,5,-0.053356874954039436
16566,wind_offshore,2030,91,6,6,-0.053356874954039436
16567,wind_offshore,2030,91,7,7,-0.053356874954039436
16568,wind_offshore,2030,91,8,8,-0.053356874954039436
16569,wind_offshore,2030,91,9,9,-0.053356874954039436
16570,wind_offshore,2030,91,10,10,-0.053356874954039436
16571,wind_offshore,2030,91,11,11,-0.053356874954039436
16572,wind_offshore,2030,91,12,12,-0.053356874954039436
16573,wind_offshore,2030,91,13,13,-0.053356874954039436
16574,wind_offshore,2030,91,14,14,-0.053356874954039436
16575,wind_offshore,2030,91,15,15,-0.053356874954039436
16576,wind_offshore,2030,91,16,16,-0.053356874954039436
16577,wind_offshore,2030,91,17,17,-0.053356874954039436
16578,wind_offshore,2030,91,18,18,-0.053356874954039436
16579,wind_offshore,2030,91,19,19,-0.07655551623840443
16580,wind_offshore,2030,91,20,20,-0.07655551623840443
16581,wind_offshore,2030,91,21,21,-0.07655551623840443
16582,wind_offshore,2030,91,22,22,-0.07655551623840443
16583,wind_offshore,2030,91,23,23,-0.053356874954039436
16584,wind_offshore,2030,91,24,24,-0.053356874954039436
16585,wind_offshore,2030,92,1,1,-0.15009844308759374
16586,wind_offshore,2030,92,2,2,-0.15009844308759374
16587,wind_offshore,2030,92,3,3,-0.15009844308759374
16588,wind_offshore,2030,92,4,4,-0.15009844308759374
16589,wind_offshore,2030,92,5,5,-0.15009844308759374
16590,wind_offshore,2030,92,6,6,-0.15009844308759374
16591,wind_offshore,2030,92,7,7,-0.15009844308759374
16592,wind_offshore,2030,92,8,8,-0.15009844308759374
16593,wind_offshore,2030,92,9,9,-0.15009844308759374
16594,wind_offshore,2030,92,10,10,-0.15009844308759374
16595,wind_offshore,2030,92,11,11,-0.15009844308759374
16596,wind_offshore,2030,92,12,12,-0.15009844308759374
16597,wind_offshore,2030,92,13,13,-0.15009844308759374
16598,wind_offshore,2030,92,14,14,-0.15009844308759374
16599,wind_offshore,2030,92,15,15,-0.15009844308759374
16600,wind_offshore,2030,92,16,16,-0.15009844308759374
16601,wind_offshore,2030,92,17,17,-0.15009844308759374
16602,wind_offshore,2030,92,18,18,-0.15009844308759374
16603,wind_offshore,2030,92,19,19,-0.15009844308759374
16604,wind_offshore,2030,92,20,20,-0.15009844308759374
16605,wind_offshore,2030,92,21,21,-0.15009844308759374
16606,wind_offshore,2030,92,22,22,-0.15009844308759374
16607,wind_offshore,2030,92,23,23,-0.15009844308759374
16608,wind_offshore,2030,92,24,24,-0.15009844308759374
16609,wind_offshore,2030,93,1,1,-0.025384928348649027
16610,wind_offshore,2030,93,2,2,-0.025384928348649027
16611,wind_offshore,2030,93,3,3,-0.025384928348649027
16612,wind_offshore,2030,93,4,4,-0.025384928348649027
16613,wind_offshore,2030,93,5,5,-0.025384928348649027
16614,wind_offshore,2030,93,6,6,-0.025384928348649027
16615,wind_offshore,2030,93,7,7,-0.025384928348649027
16616,wind_offshore,2030,93,8,8,-0.025384928348649027
16617,wind_offshore,2030,93,9,9,-0.025384928348649027
16618,wind_offshore,2030,93,10,10,-0.025384928348649027
16619,wind_offshore,2030,93,11,11,-0.025384928348649027
16620,wind_offshore,2030,93,12,12,-0.025384928348649027
16621,wind_offshore,2030,93,13,13,-0.025384928348649027
16622,wind_offshore,2030,93,14,14,-0.025384928348649027
16623,wind_offshore,2030,93,15,15,-0.025384928348649027
16624,wind_offshore,2030,93,16,16,-0.025384928348649027
16625,wind_offshore,2030,93,17,17,-0.025384928348649027
16626,wind_offshore,2030,93,18,18,-0.025384928348649027
16627,wind_offshore,2030,93,19,19,-0.025384928348649027
16628,wind_offshore,2030,93,20,20,-0.025384928348649027
16629,wind_offshore,2030,93,21,21,-0.025384928348649027
16630,wind_offshore,2030,93,22,22,-0.025384928348649027
16631,wind_offshore,2030,93,23,23,-0.025384928348649027
16632,wind_offshore,2030,93,24,24,-0.025384928348649027
16633,wind_offshore,2030,94,1,1,-0.07276527946371111
16634,wind_offshore,2030,94,2,2,-0.07276527946371111
16635,wind_offshore,2030,94,3,3,-0.07276527946371111
16636,wind_offshore,2030,94,4,4,-0.07276527946371111
16637,wind_offshore,2030,94,5,5,-0.07276527946371111
16638,wind_offshore,2030,94,6,6,-0.07276527946371111
16639,wind_offshore,2030,94,7,7,-0.07276527946371111
16640,wind_offshore,2030,94,8,8,-0.07276527946371111
16641,wind_offshore,2030,94,9,9,-0.07276527946371111
16642,wind_offshore,2030,94,10,10,-0.07276527946371111
16643,wind_offshore,2030,94,11,11,-0.07276527946371111
16644,wind_offshore,2030,94,12,12,-0.07276527946371111
16645,wind_offshore,2030,94,13,13,-0.07276527946371111
16646,wind_offshore,2030,94,14,14,-0.07276527946371111
16647,wind_offshore,2030,94,15,15,-0.07276527946371111
16648,wind_offshore,2030,94,16,16,-0.07276527946371111
16649,wind_offshore,2030,94,17,17,-0.1044023574914116
16650,wind_offshore,2030,94,18,18,-0.1044023574914116
16651,wind_offshore,2030,94,19,19,-0.1044023574914116
16652,wind_offshore,2030,94,20,20,-0.1044023574914116
16653,wind_offshore,2030,94,21,21,-0.1044023574914116
16654,wind_offshore,2030,94,22,22,-0.1044023574914116
16655,wind_offshore,2030,94,23,23,-0.1044023574914116
16656,wind_offshore,2030,94,24,24,-0.07276527946371111
16657,wind_offshore,2030,95,1,1,-0.15694329118542907
16658,wind_offshore,2030,95,2,2,-0.15694329118542907
16659,wind_offshore,2030,95,3,3,-0.15694329118542907
16660,wind_offshore,2030,95,4,4,-0.15694329118542907
16661,wind_offshore,2030,95,5,5,-0.15694329118542907
16662,wind_offshore,2030,95,6,6,-0.15694329118542907
16663,wind_offshore,2030,95,7,7,-0.15694329118542907
16664,wind_offshore,2030,95,8,8,-0.15694329118542907
16665,wind_offshore,2030,95,9,9,-0.15694329118542907
16666,wind_offshore,2030,95,10,10,-0.15694329118542907
16667,wind_offshore,2030,95,11,11,-0.15694329118542907
16668,wind_offshore,2030,95,12,12,-0.15694329118542907
16669,wind_offshore,2030,95,13,13,-0.15694329118542907
16670,wind_offshore,2030,95,14,14,-0.15694329118542907
16671,wind_offshore,2030,95,15,15,-0.15694329118542907
16672,wind_offshore,2030,95,16,16,-0.15694329118542907
16673,wind_offshore,2030,95,17,17,-0.15694329118542907
16674,wind_offshore,2030,95,18,18,-0.15694329118542907
16675,wind_offshore,2030,95,19,19,-0.15694329118542907
16676,wind_offshore,2030,95,20,20,-0.15694329118542907
16677,wind_offshore,2030,95,21,21,-0.15694329118542907
16678,wind_offshore,2030,95,22,22,-0.15694329118542907
16679,wind_offshore,2030,95,23,23,-0.15694329118542907
16680,wind_offshore,2030,95,24,24,-0.15694329118542907
16681,wind_offshore,2030,96,1,1,-0.06789941105076616
16682,wind_offshore,2030,96,2,2,-0.06789941105076616
16683,wind_offshore,2030,96,3,3,-0.06789941105076616
16684,wind_offshore,2030,96,4,4,-0.06789941105076616
16685,wind_offshore,2030,96,5,5,-0.06789941105076616
16686,wind_offshore,2030,96,6,6,-0.06789941105076616
16687,wind_offshore,2030,96,7,7,-0.06789941105076616
16688,wind_offshore,2030,96,8,8,-0.06789941105076616
16689,wind_offshore,2030,96,9,9,-0.06789941105076616
16690,wind_offshore,2030,96,10,10,-0.06789941105076616
16691,wind_offshore,2030,96,11,11,-0.06789941105076616
16692,wind_offshore,2030,96,12,12,-0.06789941105076616
16693,wind_offshore,2030,96,13,13,-0.06789941105076616
16694,wind_offshore,2030,96,14,14,-0.06789941105076616
16695,wind_offshore,2030,96,15,15,-0.06789941105076616
16696,wind_offshore,2030,96,16,16,-0.06789941105076616
16697,wind_offshore,2030,96,17,17,-0.06789941105076616
16698,wind_offshore,2030,96,18,18,-0.06789941105076616
16699,wind_offshore,2030,96,19,19,-0.06789941105076616
16700,wind_offshore,2030,96,20,20,-0.06789941105076616
16701,wind_offshore,2030,96,21,21,-0.06789941105076616
16702,wind_offshore,2030,96,22,22,-0.06789941105076616
16703,wind_offshore,2030,96,23,23,-0.06789941105076616
16704,wind_offshore,2030,96,24,24,-0.06789941105076616
16705,wind_offshore,2030,97,1,1,-0.02335594710883207
16706,wind_offshore,2030,97,2,2,-0.02335594710883207
16707,wind_offshore,2030,97,3,3,-0.02335594710883207
16708,wind_offshore,2030,97,4,4,-0.02335594710883207
16709,wind_offshore,2030,97,5,5,-0.02335594710883207
16710,wind_offshore,2030,97,6,6,-0.02335594710883207
16711,wind_offshore,2030,97,7,7,-0.02335594710883207
16712,wind_offshore,2030,97,8,8,-0.02335594710883207
16713,wind_offshore,2030,97,9,9,-0.02335594710883207
16714,wind_offshore,2030,97,10,10,-0.02335594710883207
16715,wind_offshore,2030,97,11,11,-0.02335594710883207
16716,wind_offshore,2030,97,12,12,-0.02335594710883207
16717,wind_offshore,2030,97,13,13,-0.02335594710883207
16718,wind_offshore,2030,97,14,14,-0.02335594710883207
16719,wind_offshore,2030,97,15,15,-0.02335594710883207
16720,wind_offshore,2030,97,16,16,-0.02335594710883207
16721,wind_offshore,2030,97,17,17,-0.02335594710883207
16722,wind_offshore,2030,97,18,18,-0.03351070672136775
16723,wind_offshore,2030,97,19,19,-0.03351070672136775
16724,wind_offshore,2030,97,20,20,-0.03351070672136775
16725,wind_offshore,2030,97,21,21,-0.03351070672136775
16726,wind_offshore,2030,97,22,22,-0.02335594710883207
16727,wind_offshore,2030,97,23,23,-0.02335594710883207
16728,wind_offshore,2030,97,24,24,-0.02335594710883207
16729,wind_offshore,2030,98,1,1,-0.21661842443145607
16730,wind_offshore,2030,98,2,2,-0.21661842443145607
16731,wind_offshore,2030,98,3,3,-0.21661842443145607
16732,wind_offshore,2030,98,4,4,-0.21661842443145607
16733,wind_offshore,2030,98,5,5,-0.21661842443145607
16734,wind_offshore,2030,98,6,6,-0.21661842443145607
16735,wind_offshore,2030,98,7,7,-0.21661842443145607
16736,wind_offshore,2030,98,8,8,-0.21661842443145607
16737,wind_offshore,2030,98,9,9,-0.21661842443145607
16738,wind_offshore,2030,98,10,10,-0.21661842443145607
16739,wind_offshore,2030,98,11,11,-0.21661842443145607
16740,wind_offshore,2030,98,12,12,-0.21661842443145607
16741,wind_offshore,2030,98,13,13,-0.21661842443145607
16742,wind_offshore,2030,98,14,14,-0.21661842443145607
16743,wind_offshore,2030,98,15,15,-0.21661842443145607
16744,wind_offshore,2030,98,16,16,-0.21661842443145607
16745,wind_offshore,2030,98,17,17,-0.21661842443145607
16746,wind_offshore,2030,98,18,18,-0.21661842443145607
16747,wind_offshore,2030,98,19,19,-0.21661842443145607
16748,wind_offshore,2030,98,20,20,-0.21661842443145607
16749,wind_offshore,2030,98,21,21,-0.21661842443145607
16750,wind_offshore,2030,98,22,22,-0.21661842443145607
16751,wind_offshore,2030,98,23,23,-0.21661842443145607
16752,wind_offshore,2030,98,24,24,-0.21661842443145607
16753,wind_offshore,2030,99,1,1,-0.06677323219525265
16754,wind_offshore,2030,99,2,2,-0.04653891940881245
16755,wind_offshore,2030,99,3,3,-0.04653891940881245
16756,wind_offshore,2030,99,4,4,-0.04653891940881245
16757,wind_offshore,2030,99,5,5,-0.04653891940881245
16758,wind_offshore,2030,99,6,6,-0.04653891940881245
16759,wind_offshore,2030,99,7,7,-0.06677323219525265
16760,wind_offshore,2030,99,8,8,-0.06677323219525265
16761,wind_offshore,2030,99,9,9,-0.06677323219525265
16762,wind_offshore,2030,99,10,10,-0.06677323219525265
16763,wind_offshore,2030,99,11,11,-0.06677323219525265
16764,wind_offshore,2030,99,12,12,-0.06677323219525265
16765,wind_offshore,2030,99,13,13,-0.06677323219525265
16766,wind_offshore,2030,99,14,14,-0.06677323219525265
16767,wind_offshore,2030,99,15,15,-0.06677323219525265
16768,wind_offshore,2030,99,16,16,-0.06677323219525265
16769,wind_offshore,2030,99,17,17,-0.06677323219525265
16770,wind_offshore,2030,99,18,18,-20.230265923882904
16771,wind_offshore,2030,99,19,19,-20.230265923882904
16772,wind_offshore,2030,99,20,20,-20.230265923882904
16773,wind_offshore,2030,99,21,21,-20.230265923882904
16774,wind_offshore,2030,99,22,22,-0.06677323219525265
16775,wind_offshore,2030,99,23,23,-0.06677323219525265
16776,wind_offshore,2030,99,24,24,-0.06677323219525265
16777,wind_offshore,2030,100,1,1,-0.23579253463450314
16778,wind_offshore,2030,100,2,2,-0.23579253463450314
16779,wind_offshore,2030,100,3,3,-0.23579253463450314
16780,wind_offshore,2030,100,4,4,-0.23579253463450314
16781,wind_offshore,2030,100,5,5,-0.23579253463450314
16782,wind_offshore,2030,100,6,6,-0.23579253463450314
16783,wind_offshore,2030,100,7,7,-0.23579253463450314
16784,wind_offshore,2030,100,8,8,-0.23579253463450314
16785,wind_offshore,2030,100,9,9,-0.23579253463450314
16786,wind_offshore,2030,100,10,10,-0.23579253463450314
16787,wind_offshore,2030,100,11,11,-0.23579253463450314
16788,wind_offshore,2030,100,12,12,-0.20063710765541398
16789,wind_offshore,2030,100,13,13,0.0
16790,wind_offshore,2030,100,14,14,0.0
16791,wind_offshore,2030,100,15,15,0.0
16792,wind_offshore,2030,100,16,16,-0.23579253463450314
16793,wind_offshore,2030,100,17,17,-0.23579253463450314
16794,wind_offshore,2030,100,18,18,-0.23579253463450314
16795,wind_offshore,2030,100,19,19,-0.23579253463450314
16796,wind_offshore,2030,100,20,20,-0.23579253463450314
16797,wind_offshore,2030,100,21,21,-0.23579253463450314
16798,wind_offshore,2030,100,22,22,-0.23579253463450314
16799,wind_offshore,2030,100,23,23,-0.23579253463450314
16800,wind_offshore,2030,100,24,24,-0.23579253463450314
16801,wind_offshore,2030,101,1,1,-0.12955374394138738
16802,wind_offshore,2030,101,2,2,-0.12955374394138738
16803,wind_offshore,2030,101,3,3,-0.12955374394138738
16804,wind_offshore,2030,101,4,4,-0.12955374394138738
16805,wind_offshore,2030,101,5,5,-0.12955374394138738
16806,wind_offshore,2030,101,6,6,-0.12955374394138738
16807,wind_offshore,2030,101,7,7,-0.12955374394138738
16808,wind_offshore,2030,101,8,8,-0.12955374394138738
16809,wind_offshore,2030,101,9,9,-0.12955374394138738
16810,wind_offshore,2030,101,10,10,-0.12955374394138738
16811,wind_offshore,2030,101,11,11,-0.12955374394138738
16812,wind_offshore,2030,101,12,12,-0.12955374394138738
16813,wind_offshore,2030,101,13,13,-0.12955374394138738
16814,wind_offshore,2030,101,14,14,-0.12955374394138738
16815,wind_offshore,2030,101,15,15,-0.12955374394138738
16816,wind_offshore,2030,101,16,16,-0.12955374394138738
16817,wind_offshore,2030,101,17,17,-0.12955374394138738
16818,wind_offshore,2030,101,18,18,-0.12955374394138738
16819,wind_offshore,2030,101,19,19,-0.12955374394138738
16820,wind_offshore,2030,101,20,20,-0.12955374394138738
16821,wind_offshore,2030,101,21,21,-0.12955374394138738
16822,wind_offshore,2030,101,22,22,-0.12955374394138738
16823,wind_offshore,2030,101,23,23,-0.12955374394138738
16824,wind_offshore,2030,101,24,24,-0.12955374394138738
16825,wind_offshore,2030,102,1,1,-0.16554738122908721
16826,wind_offshore,2030,102,2,2,-0.16554738122908721
16827,wind_offshore,2030,102,3,3,-0.16554738122908721
16828,wind_offshore,2030,102,4,4,-0.16554738122908721
16829,wind_offshore,2030,102,5,5,-0.16554738122908721
16830,wind_offshore,2030,102,6,6,-0.16554738122908721
16831,wind_offshore,2030,102,7,7,-0.16554738122908721
16832,wind_offshore,2030,102,8,8,-0.16554738122908721
16833,wind_offshore,2030,102,9,9,-0.16554738122908721
16834,wind_offshore,2030,102,10,10,-0.16554738122908721
16835,wind_offshore,2030,102,11,11,-0.16554738122908721
16836,wind_offshore,2030,102,12,12,-0.16554738122908721
16837,wind_offshore,2030,102,13,13,-0.16554738122908721
16838,wind_offshore,2030,102,14,14,-0.16554738122908721
16839,wind_offshore,2030,102,15,15,-0.16554738122908721
16840,wind_offshore,2030,102,16,16,-0.16554738122908721
16841,wind_offshore,2030,102,17,17,-0.16554738122908721
16842,wind_offshore,2030,102,18,18,-0.16554738122908721
16843,wind_offshore,2030,102,19,19,-0.16554738122908721
16844,wind_offshore,2030,102,20,20,-0.23752450350260343
16845,wind_offshore,2030,102,21,21,-0.23752450350260343
16846,wind_offshore,2030,102,22,22,-0.16554738122908721
16847,wind_offshore,2030,102,23,23,-0.16554738122908721
16848,wind_offshore,2030,102,24,24,-0.16554738122908721
16849,wind_offshore,2030,103,1,1,-0.11628128935965884
16850,wind_offshore,2030,103,2,2,-0.11628128935965884
16851,wind_offshore,2030,103,3,3,-0.11628128935965884
16852,wind_offshore,2030,103,4,4,-0.11628128935965884
16853,wind_offshore,2030,103,5,5,-0.11628128935965884
16854,wind_offshore,2030,103,6,6,-0.11628128935965884
16855,wind_offshore,2030,103,7,7,-0.16683837168994528
16856,wind_offshore,2030,103,8,8,-0.16683837168994528
16857,wind_offshore,2030,103,9,9,-0.11628128935965884
16858,wind_offshore,2030,103,10,10,-0.11628128935965884
16859,wind_offshore,2030,103,11,11,-0.11628128935965884
16860,wind_offshore,2030,103,12,12,-0.11628128935965884
16861,wind_offshore,2030,103,13,13,-0.11628128935965884
16862,wind_offshore,2030,103,14,14,-0.11628128935965884
16863,wind_offshore,2030,103,15,15,-0.11628128935965884
16864,wind_offshore,2030,103,16,16,-0.11628128935965884
16865,wind_offshore,2030,103,17,17,-0.11628128935965884
16866,wind_offshore,2030,103,18,18,-0.11628128935965884
16867,wind_offshore,2030,103,19,19,-0.11628128935965884
16868,wind_offshore,2030,103,20,20,-0.11628128935965884
16869,wind_offshore,2030,103,21,21,-0.11628128935965884
16870,wind_offshore,2030,103,22,22,-0.11628128935965884
16871,wind_offshore,2030,103,23,23,-0.11628128935965884
16872,wind_offshore,2030,103,24,24,-0.11628128935965884
16873,wind_offshore,2030,104,1,1,-0.0720847707885897
16874,wind_offshore,2030,104,2,2,-0.0720847707885897
16875,wind_offshore,2030,104,3,3,-0.0720847707885897
16876,wind_offshore,2030,104,4,4,-0.0720847707885897
16877,wind_offshore,2030,104,5,5,-0.0720847707885897
16878,wind_offshore,2030,104,6,6,-0.0720847707885897
16879,wind_offshore,2030,104,7,7,-0.0720847707885897
16880,wind_offshore,2030,104,8,8,-0.0720847707885897
16881,wind_offshore,2030,104,9,9,-0.0720847707885897
16882,wind_offshore,2030,104,10,10,-0.0720847707885897
16883,wind_offshore,2030,104,11,11,-0.0720847707885897
16884,wind_offshore,2030,104,12,12,-0.0720847707885897
16885,wind_offshore,2030,104,13,13,-0.0720847707885897
16886,wind_offshore,2030,104,14,14,-0.0720847707885897
16887,wind_offshore,2030,104,15,15,-0.0720847707885897
16888,wind_offshore,2030,104,16,16,-0.0720847707885897
16889,wind_offshore,2030,104,17,17,-0.0720847707885897
16890,wind_offshore,2030,104,18,18,-0.10342597547928088
16891,wind_offshore,2030,104,19,19,-0.10342597547928088
16892,wind_offshore,2030,104,20,20,-0.10342597547928088
16893,wind_offshore,2030,104,21,21,-0.10342597547928088
16894,wind_offshore,2030,104,22,22,-0.10342597547928088
16895,wind_offshore,2030,104,23,23,-0.10342597547928088
16896,wind_offshore,2030,104,24,24,-0.0720847707885897
16897,wind_offshore,2030,105,1,1,-0.04741651224260208
16898,wind_offshore,2030,105,2,2,-0.04741651224260208
16899,wind_offshore,2030,105,3,3,-0.04741651224260208
16900,wind_offshore,2030,105,4,4,-0.04741651224260208
16901,wind_offshore,2030,105,5,5,-0.04741651224260208
16902,wind_offshore,2030,105,6,6,-0.04741651224260208
16903,wind_offshore,2030,105,7,7,-0.04741651224260208
16904,wind_offshore,2030,105,8,8,-0.04741651224260208
16905,wind_offshore,2030,105,9,9,-0.04741651224260208
16906,wind_offshore,2030,105,10,10,-0.04741651224260208
16907,wind_offshore,2030,105,11,11,-0.04741651224260208
16908,wind_offshore,2030,105,12,12,-0.04741651224260208
16909,wind_offshore,2030,105,13,13,-0.04741651224260208
16910,wind_offshore,2030,105,14,14,-0.04741651224260208
16911,wind_offshore,2030,105,15,15,-0.04741651224260208
16912,wind_offshore,2030,105,16,16,-0.04741651224260208
16913,wind_offshore,2030,105,17,17,-0.04741651224260208
16914,wind_offshore,2030,105,18,18,-0.04741651224260208
16915,wind_offshore,2030,105,19,19,-0.04741651224260208
16916,wind_offshore,2030,105,20,20,-0.04741651224260208
16917,wind_offshore,2030,105,21,21,-0.04741651224260208
16918,wind_offshore,2030,105,22,22,-0.04741651224260208
16919,wind_offshore,2030,105,23,23,-0.04741651224260208
16920,wind_offshore,2030,105,24,24,-0.04741651224260208
16921,wind_offshore,2030,106,1,1,-0.18064808506838922
16922,wind_offshore,2030,106,2,2,-0.18064808506838922
16923,wind_offshore,2030,106,3,3,-0.18064808506838922
16924,wind_offshore,2030,106,4,4,-0.18064808506838922
16925,wind_offshore,2030,106,5,5,-0.18064808506838922
16926,wind_offshore,2030,106,6,6,-0.18064808506838922
16927,wind_offshore,2030,106,7,7,-0.18064808506838922
16928,wind_offshore,2030,106,8,8,-0.18064808506838922
16929,wind_offshore,2030,106,9,9,-0.18064808506838922
16930,wind_offshore,2030,106,10,10,-0.18064808506838922
16931,wind_offshore,2030,106,11,11,-0.18064808506838922
16932,wind_offshore,2030,106,12,12,-0.18064808506838922
16933,wind_offshore,2030,106,13,13,-0.18064808506838922
16934,wind_offshore,2030,106,14,14,-0.18064808506838922
16935,wind_offshore,2030,106,15,15,-0.18064808506838922
16936,wind_offshore,2030,106,16,16,-0.18064808506838922
16937,wind_offshore,2030,106,17,17,-0.18064808506838922
16938,wind_offshore,2030,106,18,18,-0.18064808506838922
16939,wind_offshore,2030,106,19,19,-0.18064808506838922
16940,wind_offshore,2030,106,20,20,-0.18064808506838922
16941,wind_offshore,2030,106,21,21,-0.18064808506838922
16942,wind_offshore,2030,106,22,22,-0.18064808506838922
16943,wind_offshore,2030,106,23,23,-0.18064808506838922
16944,wind_offshore,2030,106,24,24,-0.18064808506838922
16945,wind_offshore,2030,107,1,1,-0.0713215242556394
16946,wind_offshore,2030,107,2,2,-0.0713215242556394
16947,wind_offshore,2030,107,3,3,-0.0713215242556394
16948,wind_offshore,2030,107,4,4,-0.0713215242556394
16949,wind_offshore,2030,107,5,5,-0.0713215242556394
16950,wind_offshore,2030,107,6,6,-0.0713215242556394
16951,wind_offshore,2030,107,7,7,-0.0713215242556394
16952,wind_offshore,2030,107,8,8,-0.0713215242556394
16953,wind_offshore,2030,107,9,9,-0.0713215242556394
16954,wind_offshore,2030,107,10,10,-0.0713215242556394
16955,wind_offshore,2030,107,11,11,-0.0713215242556394
16956,wind_offshore,2030,107,12,12,-0.0713215242556394
16957,wind_offshore,2030,107,13,13,-0.0713215242556394
16958,wind_offshore,2030,107,14,14,-0.0713215242556394
16959,wind_offshore,2030,107,15,15,-0.0713215242556394
16960,wind_offshore,2030,107,16,16,-0.0713215242556394
16961,wind_offshore,2030,107,17,17,-0.0713215242556394
16962,wind_offshore,2030,107,18,18,-0.0713215242556394
16963,wind_offshore,2030,107,19,19,-0.0713215242556394
16964,wind_offshore,2030,107,20,20,-0.0713215242556394
16965,wind_offshore,2030,107,21,21,-0.0713215242556394
16966,wind_offshore,2030,107,22,22,-0.0713215242556394
16967,wind_offshore,2030,107,23,23,-0.0713215242556394
16968,wind_offshore,2030,107,24,24,-0.0713215242556394
16969,wind_offshore,2030,108,1,1,-0.13557682232947288
16970,wind_offshore,2030,108,2,2,-0.13557682232947288
16971,wind_offshore,2030,108,3,3,-0.13557682232947288
16972,wind_offshore,2030,108,4,4,-0.13557682232947288
16973,wind_offshore,2030,108,5,5,-0.13557682232947288
16974,wind_offshore,2030,108,6,6,-0.13557682232947288
16975,wind_offshore,2030,108,7,7,-0.13557682232947288
16976,wind_offshore,2030,108,8,8,-0.13557682232947288
16977,wind_offshore,2030,108,9,9,-0.13557682232947288
16978,wind_offshore,2030,108,10,10,-0.13557682232947288
16979,wind_offshore,2030,108,11,11,-0.13557682232947288
16980,wind_offshore,2030,108,12,12,-0.13557682232947288
16981,wind_offshore,2030,108,13,13,-0.13557682232947288
16982,wind_offshore,2030,108,14,14,-0.13557682232947288
16983,wind_offshore,2030,108,15,15,-0.13557682232947288
16984,wind_offshore,2030,108,16,16,-0.13557682232947288
16985,wind_offshore,2030,108,17,17,-0.13557682232947288
16986,wind_offshore,2030,108,18,18,-0.13557682232947288
16987,wind_offshore,2030,108,19,19,-0.13557682232947288
16988,wind_offshore,2030,108,20,20,-0.13557682232947288
16989,wind_offshore,2030,108,21,21,-0.13557682232947288
16990,wind_offshore,2030,108,22,22,-0.13557682232947288
16991,wind_offshore,2030,108,23,23,-0.13557682232947288
16992,wind_offshore,2030,108,24,24,-0.13557682232947288
16993,wind_offshore,2030,109,1,1,-0.48082506906674666
16994,wind_offshore,2030,109,2,2,-0.48082506906674666
16995,wind_offshore,2030,109,3,3,-0.48082506906674666
16996,wind_offshore,2030,109,4,4,-0.48082506906674666
16997,wind_offshore,2030,109,5,5,-0.48082506906674666
16998,wind_offshore,2030,109,6,6,-0.48082506906674666
16999,wind_offshore,2030,109,7,7,-0.48082506906674666
17000,wind_offshore,2030,109,8,8,-0.48082506906674666
17001,wind_offshore,2030,109,9,9,-0.48082506906674666
17002,wind_offshore,2030,109,10,10,-0.48082506906674666
17003,wind_offshore,2030,109,11,11,-0.48082506906674666
17004,wind_offshore,2030,109,12,12,-0.48082506906674666
17005,wind_offshore,2030,109,13,13,-0.48082506906674666
17006,wind_offshore,2030,109,14,14,-0.48082506906674666
17007,wind_offshore,2030,109,15,15,-0.48082506906674666
17008,wind_offshore,2030,109,16,16,-0.48082506906674666
17009,wind_offshore,2030,109,17,17,-0.48082506906674666
17010,wind_offshore,2030,109,18,18,-0.48082506906674666
17011,wind_offshore,2030,109,19,19,-0.48082506906674666
17012,wind_offshore,2030,109,20,20,-0.48082506906674666
17013,wind_offshore,2030,109,21,21,-0.48082506906674666
17014,wind_offshore,2030,109,22,22,-0.48082506906674666
17015,wind_offshore,2030,109,23,23,-0.48082506906674666
17016,wind_offshore,2030,109,24,24,-0.48082506906674666
17017,wind_offshore,2030,110,1,1,-0.22809708747357668
17018,wind_offshore,2030,110,2,2,-0.22809708747357668
17019,wind_offshore,2030,110,3,3,-0.22809708747357668
17020,wind_offshore,2030,110,4,4,-0.22809708747357668
17021,wind_offshore,2030,110,5,5,-0.22809708747357668
17022,wind_offshore,2030,110,6,6,-0.22809708747357668
17023,wind_offshore,2030,110,7,7,-0.22809708747357668
17024,wind_offshore,2030,110,8,8,-0.22809708747357668
17025,wind_offshore,2030,110,9,9,-0.22809708747357668
17026,wind_offshore,2030,110,10,10,-0.22809708747357668
17027,wind_offshore,2030,110,11,11,-0.22809708747357668
17028,wind_offshore,2030,110,12,12,-0.22809708747357668
17029,wind_offshore,2030,110,13,13,-0.22809708747357668
17030,wind_offshore,2030,110,14,14,-0.22809708747357668
17031,wind_offshore,2030,110,15,15,-0.22809708747357668
17032,wind_offshore,2030,110,16,16,-0.22809708747357668
17033,wind_offshore,2030,110,17,17,-0.22809708747357668
17034,wind_offshore,2030,110,18,18,-0.22809708747357668
17035,wind_offshore,2030,110,19,19,-0.22809708747357668
17036,wind_offshore,2030,110,20,20,-0.22809708747357668
17037,wind_offshore,2030,110,21,21,-0.22809708747357668
17038,wind_offshore,2030,110,22,22,-0.22809708747357668
17039,wind_offshore,2030,110,23,23,-0.22809708747357668
17040,wind_offshore,2030,110,24,24,-0.22809708747357668
17041,wind_offshore,2030,111,1,1,-0.1170256280562698
17042,wind_offshore,2030,111,2,2,-0.1170256280562698
17043,wind_offshore,2030,111,3,3,-0.1170256280562698
17044,wind_offshore,2030,111,4,4,-0.1170256280562698
17045,wind_offshore,2030,111,5,5,-0.1170256280562698
17046,wind_offshore,2030,111,6,6,-0.1170256280562698
17047,wind_offshore,2030,111,7,7,-0.1170256280562698
17048,wind_offshore,2030,111,8,8,-0.1170256280562698
17049,wind_offshore,2030,111,9,9,-0.1170256280562698
17050,wind_offshore,2030,111,10,10,-0.1170256280562698
17051,wind_offshore,2030,111,11,11,-0.1170256280562698
17052,wind_offshore,2030,111,12,12,-0.1170256280562698
17053,wind_offshore,2030,111,13,13,-0.1170256280562698
17054,wind_offshore,2030,111,14,14,-0.1170256280562698
17055,wind_offshore,2030,111,15,15,-0.1170256280562698
17056,wind_offshore,2030,111,16,16,-0.1170256280562698
17057,wind_offshore,2030,111,17,17,-0.1170256280562698
17058,wind_offshore,2030,111,18,18,-0.1170256280562698
17059,wind_offshore,2030,111,19,19,-0.1679063359068219
17060,wind_offshore,2030,111,20,20,-0.1679063359068219
17061,wind_offshore,2030,111,21,21,-0.1679063359068219
17062,wind_offshore,2030,111,22,22,-0.1170256280562698
17063,wind_offshore,2030,111,23,23,-0.1170256280562698
17064,wind_offshore,2030,111,24,24,-0.1170256280562698
17065,wind_offshore,2030,112,1,1,-0.40616876619348885
17066,wind_offshore,2030,112,2,2,-0.40616876619348885
17067,wind_offshore,2030,112,3,3,-0.40616876619348885
17068,wind_offshore,2030,112,4,4,-0.40616876619348885
17069,wind_offshore,2030,112,5,5,-0.40616876619348885
17070,wind_offshore,2030,112,6,6,-0.40616876619348885
17071,wind_offshore,2030,112,7,7,-0.40616876619348885
17072,wind_offshore,2030,112,8,8,-0.40616876619348885
17073,wind_offshore,2030,112,9,9,-0.40616876619348885
17074,wind_offshore,2030,112,10,10,-0.40616876619348885
17075,wind_offshore,2030,112,11,11,-0.40616876619348885
17076,wind_offshore,2030,112,12,12,-0.40616876619348885
17077,wind_offshore,2030,112,13,13,-0.40616876619348885
17078,wind_offshore,2030,112,14,14,-0.40616876619348885
17079,wind_offshore,2030,112,15,15,-0.40616876619348885
17080,wind_offshore,2030,112,16,16,-0.40616876619348885
17081,wind_offshore,2030,112,17,17,-0.40616876619348885
17082,wind_offshore,2030,112,18,18,-0.40616876619348885
17083,wind_offshore,2030,112,19,19,-0.40616876619348885
17084,wind_offshore,2030,112,20,20,-0.40616876619348885
17085,wind_offshore,2030,112,21,21,-0.40616876619348885
17086,wind_offshore,2030,112,22,22,-0.40616876619348885
17087,wind_offshore,2030,112,23,23,-0.40616876619348885
17088,wind_offshore,2030,112,24,24,-0.40616876619348885
17089,wind_offshore,2030,113,1,1,-0.04333867032207195
17090,wind_offshore,2030,113,2,2,-0.04333867032207195
17091,wind_offshore,2030,113,3,3,-0.04333867032207195
17092,wind_offshore,2030,113,4,4,-0.04333867032207195
17093,wind_offshore,2030,113,5,5,-0.04333867032207195
17094,wind_offshore,2030,113,6,6,-0.06218157046210322
17095,wind_offshore,2030,113,7,7,-0.06218157046210322
17096,wind_offshore,2030,113,8,8,-0.06218157046210322
17097,wind_offshore,2030,113,9,9,-0.06218157046210322
17098,wind_offshore,2030,113,10,10,-0.06218157046210322
17099,wind_offshore,2030,113,11,11,-0.06218157046210322
17100,wind_offshore,2030,113,12,12,-0.06218157046210322
17101,wind_offshore,2030,113,13,13,-0.06218157046210322
17102,wind_offshore,2030,113,14,14,-0.06218157046210322
17103,wind_offshore,2030,113,15,15,-0.06218157046210322
17104,wind_offshore,2030,113,16,16,-0.06218157046210322
17105,wind_offshore,2030,113,17,17,-0.06218157046210322
17106,wind_offshore,2030,113,18,18,-0.06218157046210322
17107,wind_offshore,2030,113,19,19,-18.839131560003274
17108,wind_offshore,2030,113,20,20,-3.8370747463885384
17109,wind_offshore,2030,113,21,21,-0.06218157046210322
17110,wind_offshore,2030,113,22,22,-0.06218157046210322
17111,wind_offshore,2030,113,23,23,-0.06218157046210322
17112,wind_offshore,2030,113,24,24,-0.06218157046210322
17113,wind_offshore,2030,114,1,1,-0.2901905591795024
17114,wind_offshore,2030,114,2,2,-0.2901905591795024
17115,wind_offshore,2030,114,3,3,-0.2901905591795024
17116,wind_offshore,2030,114,4,4,-0.2901905591795024
17117,wind_offshore,2030,114,5,5,-0.2901905591795024
17118,wind_offshore,2030,114,6,6,-0.2901905591795024
17119,wind_offshore,2030,114,7,7,-0.2901905591795024
17120,wind_offshore,2030,114,8,8,-0.2901905591795024
17121,wind_offshore,2030,114,9,9,-0.2901905591795024
17122,wind_offshore,2030,114,10,10,-0.2901905591795024
17123,wind_offshore,2030,114,11,11,-0.2901905591795024
17124,wind_offshore,2030,114,12,12,-0.2901905591795024
17125,wind_offshore,2030,114,13,13,-0.2901905591795024
17126,wind_offshore,2030,114,14,14,-0.2901905591795024
17127,wind_offshore,2030,114,15,15,-0.2901905591795024
17128,wind_offshore,2030,114,16,16,-0.2901905591795024
17129,wind_offshore,2030,114,17,17,-0.2901905591795024
17130,wind_offshore,2030,114,18,18,-0.2901905591795024
17131,wind_offshore,2030,114,19,19,-0.2901905591795024
17132,wind_offshore,2030,114,20,20,-0.2901905591795024
17133,wind_offshore,2030,114,21,21,-0.2901905591795024
17134,wind_offshore,2030,114,22,22,-0.2901905591795024
17135,wind_offshore,2030,114,23,23,-0.2901905591795024
17136,wind_offshore,2030,114,24,24,-0.2901905591795024
17137,wind_offshore,2030,115,1,1,-0.05074235333584294
17138,wind_offshore,2030,115,2,2,-0.05074235333584294
17139,wind_offshore,2030,115,3,3,-0.05074235333584294
17140,wind_offshore,2030,115,4,4,-0.05074235333584294
17141,wind_offshore,2030,115,5,5,-0.05074235333584294
17142,wind_offshore,2030,115,6,6,-0.05074235333584294
17143,wind_offshore,2030,115,7,7,-0.05074235333584294
17144,wind_offshore,2030,115,8,8,-0.05074235333584294
17145,wind_offshore,2030,115,9,9,-0.05074235333584294
17146,wind_offshore,2030,115,10,10,-0.05074235333584294
17147,wind_offshore,2030,115,11,11,-0.05074235333584294
17148,wind_offshore,2030,115,12,12,-0.05074235333584294
17149,wind_offshore,2030,115,13,13,-0.05074235333584294
17150,wind_offshore,2030,115,14,14,-0.05074235333584294
17151,wind_offshore,2030,115,15,15,-0.05074235333584294
17152,wind_offshore,2030,115,16,16,-0.05074235333584294
17153,wind_offshore,2030,115,17,17,-0.05074235333584294
17154,wind_offshore,2030,115,18,18,-0.05074235333584294
17155,wind_offshore,2030,115,19,19,-0.05074235333584294
17156,wind_offshore,2030,115,20,20,-0.05074235333584294
17157,wind_offshore,2030,115,21,21,-0.05074235333584294
17158,wind_offshore,2030,115,22,22,-0.05074235333584294
17159,wind_offshore,2030,115,23,23,-0.05074235333584294
17160,wind_offshore,2030,115,24,24,-0.05074235333584294
17161,wind_offshore,2030,116,1,1,-0.23568874371226403
17162,wind_offshore,2030,116,2,2,-0.23568874371226403
17163,wind_offshore,2030,116,3,3,-0.23568874371226403
17164,wind_offshore,2030,116,4,4,-0.23568874371226403
17165,wind_offshore,2030,116,5,5,-0.23568874371226403
17166,wind_offshore,2030,116,6,6,-0.23568874371226403
17167,wind_offshore,2030,116,7,7,-0.23568874371226403
17168,wind_offshore,2030,116,8,8,-0.23568874371226403
17169,wind_offshore,2030,116,9,9,-0.23568874371226403
17170,wind_offshore,2030,116,10,10,-0.23568874371226403
17171,wind_offshore,2030,116,11,11,-0.23568874371226403
17172,wind_offshore,2030,116,12,12,-0.23568874371226403
17173,wind_offshore,2030,116,13,13,-0.23568874371226403
17174,wind_offshore,2030,116,14,14,-0.23568874371226403
17175,wind_offshore,2030,116,15,15,-0.23568874371226403
17176,wind_offshore,2030,116,16,16,-0.23568874371226403
17177,wind_offshore,2030,116,17,17,-0.33816211054368317
17178,wind_offshore,2030,116,18,18,-0.33816211054368317
17179,wind_offshore,2030,116,19,19,-0.33816211054368317
17180,wind_offshore,2030,116,20,20,-0.33816211054368317
17181,wind_offshore,2030,116,21,21,-0.33816211054368317
17182,wind_offshore,2030,116,22,22,-0.33816211054368317
17183,wind_offshore,2030,116,23,23,-0.33816211054368317
17184,wind_offshore,2030,116,24,24,-0.33816211054368317
17185,wind_offshore,2030,117,1,1,-0.12359767240880656
17186,wind_offshore,2030,117,2,2,-0.12359767240880656
17187,wind_offshore,2030,117,3,3,-0.12359767240880656
17188,wind_offshore,2030,117,4,4,-0.12359767240880656
17189,wind_offshore,2030,117,5,5,-0.12359767240880656
17190,wind_offshore,2030,117,6,6,-0.12359767240880656
17191,wind_offshore,2030,117,7,7,-0.12359767240880656
17192,wind_offshore,2030,117,8,8,-0.12359767240880656
17193,wind_offshore,2030,117,9,9,-0.12359767240880656
17194,wind_offshore,2030,117,10,10,-0.12359767240880656
17195,wind_offshore,2030,117,11,11,-0.12359767240880656
17196,wind_offshore,2030,117,12,12,-0.12359767240880656
17197,wind_offshore,2030,117,13,13,-0.15077978863499117
17198,wind_offshore,2030,117,14,14,-0.1773357908474181
17199,wind_offshore,2030,117,15,15,-0.12359767240880656
17200,wind_offshore,2030,117,16,16,-0.1773357908474181
17201,wind_offshore,2030,117,17,17,-0.1773357908474181
17202,wind_offshore,2030,117,18,18,-0.1773357908474181
17203,wind_offshore,2030,117,19,19,-0.1773357908474181
17204,wind_offshore,2030,117,20,20,-0.1773357908474181
17205,wind_offshore,2030,117,21,21,-0.1773357908474181
17206,wind_offshore,2030,117,22,22,-0.1773357908474181
17207,wind_offshore,2030,117,23,23,-0.12359767240880656
17208,wind_offshore,2030,117,24,24,-0.12359767240880656
17209,wind_offshore,2030,118,1,1,-0.17145073981725983
17210,wind_offshore,2030,118,2,2,-0.17145073981725983
17211,wind_offshore,2030,118,3,3,-0.17145073981725983
17212,wind_offshore,2030,118,4,4,-0.17145073981725983
17213,wind_offshore,2030,118,5,5,-0.17145073981725983
17214,wind_offshore,2030,118,6,6,-0.17145073981725983
17215,wind_offshore,2030,118,7,7,-0.17145073981725983
17216,wind_offshore,2030,118,8,8,-0.17145073981725983
17217,wind_offshore,2030,118,9,9,-0.17145073981725983
17218,wind_offshore,2030,118,10,10,-0.17145073981725983
17219,wind_offshore,2030,118,11,11,-0.17145073981725983
17220,wind_offshore,2030,118,12,12,-0.17145073981725983
17221,wind_offshore,2030,118,13,13,-0.17145073981725983
17222,wind_offshore,2030,118,14,14,-0.17145073981725983
17223,wind_offshore,2030,118,15,15,-0.17145073981725983
17224,wind_offshore,2030,118,16,16,-0.17145073981725983
17225,wind_offshore,2030,118,17,17,-0.17145073981725983
17226,wind_offshore,2030,118,18,18,-0.17145073981725983
17227,wind_offshore,2030,118,19,19,-0.17145073981725983
17228,wind_offshore,2030,118,20,20,-0.17145073981725983
17229,wind_offshore,2030,118,21,21,-0.17145073981725983
17230,wind_offshore,2030,118,22,22,-0.17145073981725983
17231,wind_offshore,2030,118,23,23,-0.17145073981725983
17232,wind_offshore,2030,118,24,24,-0.17145073981725983
17233,wind_offshore,2030,119,1,1,-0.29044050700363555
17234,wind_offshore,2030,119,2,2,-0.29044050700363555
17235,wind_offshore,2030,119,3,3,-0.29044050700363555
17236,wind_offshore,2030,119,4,4,-0.29044050700363555
17237,wind_offshore,2030,119,5,5,-0.29044050700363555
17238,wind_offshore,2030,119,6,6,-0.29044050700363555
17239,wind_offshore,2030,119,7,7,-0.29044050700363555
17240,wind_offshore,2030,119,8,8,-0.29044050700363555
17241,wind_offshore,2030,119,9,9,-0.29044050700363555
17242,wind_offshore,2030,119,10,10,-0.29044050700363555
17243,wind_offshore,2030,119,11,11,-0.29044050700363555
17244,wind_offshore,2030,119,12,12,-0.29044050700363555
17245,wind_offshore,2030,119,13,13,-0.29044050700363555
17246,wind_offshore,2030,119,14,14,-0.29044050700363555
17247,wind_offshore,2030,119,15,15,-0.29044050700363555
17248,wind_offshore,2030,119,16,16,-0.29044050700363555
17249,wind_offshore,2030,119,17,17,-0.29044050700363555
17250,wind_offshore,2030,119,18,18,-0.29044050700363555
17251,wind_offshore,2030,119,19,19,-0.41671898830956405
17252,wind_offshore,2030,119,20,20,-0.41671898830956405
17253,wind_offshore,2030,119,21,21,-0.41671898830956405
17254,wind_offshore,2030,119,22,22,-0.41671898830956405
17255,wind_offshore,2030,119,23,23,-0.29044050700363555
17256,wind_offshore,2030,119,24,24,-0.29044050700363555
17257,wind_offshore,2030,120,1,1,-0.24145158129134012
17258,wind_offshore,2030,120,2,2,-0.24145158129134012
17259,wind_offshore,2030,120,3,3,-0.24145158129134012
17260,wind_offshore,2030,120,4,4,-0.24145158129134012
17261,wind_offshore,2030,120,5,5,-0.24145158129134012
17262,wind_offshore,2030,120,6,6,-0.24145158129134012
17263,wind_offshore,2030,120,7,7,-0.24145158129134012
17264,wind_offshore,2030,120,8,8,-0.24145158129134012
17265,wind_offshore,2030,120,9,9,-0.24145158129134012
17266,wind_offshore,2030,120,10,10,-0.24145158129134012
17267,wind_offshore,2030,120,11,11,-0.24145158129134012
17268,wind_offshore,2030,120,12,12,-0.24145158129134012
17269,wind_offshore,2030,120,13,13,-0.24145158129134012
17270,wind_offshore,2030,120,14,14,-0.24145158129134012
17271,wind_offshore,2030,120,15,15,-0.24145158129134012
17272,wind_offshore,2030,120,16,16,-0.24145158129134012
17273,wind_offshore,2030,120,17,17,-0.24145158129134012
17274,wind_offshore,2030,120,18,18,-0.24145158129134012
17275,wind_offshore,2030,120,19,19,-0.24145158129134012
17276,wind_offshore,2030,120,20,20,-0.24145158129134012
17277,wind_offshore,2030,120,21,21,-0.24145158129134012
17278,wind_offshore,2030,120,22,22,-0.24145158129134012
17279,wind_offshore,2030,120,23,23,-0.24145158129134012
17280,wind_offshore,2030,120,24,24,-0.24145158129134012
