rep_period,timestep,year,scenario,profile_name,value
1,1,2030,0,demand,0.4941430817638269
1,2,2030,0,demand,0.4980866415133411
1,3,2030,0,demand,0.492409510924972
1,4,2030,0,demand,0.4828756589147563
1,5,2030,0,demand,0.49775290172867465
1,6,2030,0,demand,0.5204584903173192
1,7,2030,0,demand,0.5655040083911906
1,8,2030,0,demand,0.5951674979662934
1,9,2030,0,demand,0.609143944394765
1,10,2030,0,demand,0.6150920143982812
1,11,2030,0,demand,0.6214915784089278
1,12,2030,0,demand,0.6054324273289524
1,13,2030,0,demand,0.6072744734685994
1,14,2030,0,demand,0.5939729544427945
1,15,2030,0,demand,0.5935235270114674
1,16,2030,0,demand,0.5901798251520216
1,17,2030,0,demand,0.5900319053190816
1,18,2030,0,demand,0.5822507796853237
1,19,2030,0,demand,0.59650645628432
1,20,2030,0,demand,0.6152209908356205
1,21,2030,0,demand,0.6123905619933432
1,22,2030,0,demand,0.5743019157301676
1,23,2030,0,demand,0.5399022984464974
1,24,2030,0,demand,0.5373666043414178
1,1,2030,0,solar,0.0
1,2,2030,0,solar,0.0
1,3,2030,0,solar,0.0
1,4,2030,0,solar,0.0
1,5,2030,0,solar,0.0
1,6,2030,0,solar,0.0
1,7,2030,0,solar,0.007088880359513734
1,8,2030,0,solar,0.09609947465863368
1,9,2030,0,solar,0.22268956338966
1,10,2030,0,solar,0.34101758723503584
1,11,2030,0,solar,0.4019774404207527
1,12,2030,0,solar,0.4429828400234627
1,13,2030,0,solar,0.4559241820985063
1,14,2030,0,solar,0.44723797124723597
1,15,2030,0,solar,0.4108935303141121
1,16,2030,0,solar,0.3538271390443301
1,17,2030,0,solar,0.2676255314995385
1,18,2030,0,solar,0.15280658221882318
1,19,2030,0,solar,0.0355029476851597
1,20,2030,0,solar,8.794119494253863e-7
1,21,2030,0,solar,0.0
1,22,2030,0,solar,0.0
1,23,2030,0,solar,0.0
1,24,2030,0,solar,0.0
1,1,2030,0,wind_offshore,0.15944004698152545
1,2,2030,0,wind_offshore,0.20180627160866274
1,3,2030,0,wind_offshore,0.24170236214414384
1,4,2030,0,wind_offshore,0.29445348700594404
1,5,2030,0,wind_offshore,0.3867392444106615
1,6,2030,0,wind_offshore,0.4436193742309169
1,7,2030,0,wind_offshore,0.49831003004780033
1,8,2030,0,wind_offshore,0.48534507604552
1,9,2030,0,wind_offshore,0.44316551289503975
1,10,2030,0,wind_offshore,0.4635597614264915
1,11,2030,0,wind_offshore,0.40132925032475714
1,12,2030,0,wind_offshore,0.3457504895263827
1,13,2030,0,wind_offshore,0.3051089463658932
1,14,2030,0,wind_offshore,0.2616239383736186
1,15,2030,0,wind_offshore,0.2454373756953637
1,16,2030,0,wind_offshore,0.2626679929889232
1,17,2030,0,wind_offshore,0.3086891832698039
1,18,2030,0,wind_offshore,0.37333665780541864
1,19,2030,0,wind_offshore,0.4589755268172776
1,20,2030,0,wind_offshore,0.4615951173685892
1,21,2030,0,wind_offshore,0.48128632767378793
1,22,2030,0,wind_offshore,0.4935371007812347
1,23,2030,0,wind_offshore,0.436402533009021
1,24,2030,0,wind_offshore,0.4002853018058188
1,1,2030,0,wind_onshore,0.17560777799762475
1,2,2030,0,wind_onshore,0.15871122492148465
1,3,2030,0,wind_onshore,0.1415227530533201
1,4,2030,0,wind_onshore,0.1317608863603791
1,5,2030,0,wind_onshore,0.12350983763583781
1,6,2030,0,wind_onshore,0.11683279575549256
1,7,2030,0,wind_onshore,0.11672749071792896
1,8,2030,0,wind_onshore,0.10978004181509743
1,9,2030,0,wind_onshore,0.10122685589836099
1,10,2030,0,wind_onshore,0.09424555352271342
1,11,2030,0,wind_onshore,0.0905476125149589
1,12,2030,0,wind_onshore,0.09822771098028873
1,13,2030,0,wind_onshore,0.12233607032764666
1,14,2030,0,wind_onshore,0.15198954292274466
1,15,2030,0,wind_onshore,0.18356065871179275
1,16,2030,0,wind_onshore,0.20099560628578425
1,17,2030,0,wind_onshore,0.22037321735913776
1,18,2030,0,wind_onshore,0.2304954656639924
1,19,2030,0,wind_onshore,0.2266979144732175
1,20,2030,0,wind_onshore,0.1969117817765084
1,21,2030,0,wind_onshore,0.180532193601385
1,22,2030,0,wind_onshore,0.1627309417767412
1,23,2030,0,wind_onshore,0.1373516725863766
1,24,2030,0,wind_onshore,0.12902752642532067
2,1,2030,0,demand,0.5115234657830583
2,2,2030,0,demand,0.4928835302567964
2,3,2030,0,demand,0.47510651902052203
2,4,2030,0,demand,0.4563828291301098
2,5,2030,0,demand,0.4569644467795443
2,6,2030,0,demand,0.47048285486315045
2,7,2030,0,demand,0.49561219374002785
2,8,2030,0,demand,0.5337990460735184
2,9,2030,0,demand,0.5748230485065212
2,10,2030,0,demand,0.6039188377404019
2,11,2030,0,demand,0.6182643441798745
2,12,2030,0,demand,0.624398314300635
2,13,2030,0,demand,0.620455731368658
2,14,2030,0,demand,0.614345769704467
2,15,2030,0,demand,0.5912870028387508
2,16,2030,0,demand,0.5810528738886792
2,17,2030,0,demand,0.5724395837696361
2,18,2030,0,demand,0.5730816210796625
2,19,2030,0,demand,0.5969097151139092
2,20,2030,0,demand,0.6184457559727985
2,21,2030,0,demand,0.6274755788034095
2,22,2030,0,demand,0.5929130925148669
2,23,2030,0,demand,0.5411121201333544
2,24,2030,0,demand,0.5212065952344157
2,1,2030,0,solar,0.0
2,2,2030,0,solar,0.0
2,3,2030,0,solar,0.0
2,4,2030,0,solar,0.0
2,5,2030,0,solar,0.0
2,6,2030,0,solar,0.0
2,7,2030,0,solar,0.0
2,8,2030,0,solar,0.0
2,9,2030,0,solar,0.009554737591652476
2,10,2030,0,solar,0.05431114695377677
2,11,2030,0,solar,0.10651406622288685
2,12,2030,0,solar,0.13801565478609787
2,13,2030,0,solar,0.14190723657711254
2,14,2030,0,solar,0.1104779111912358
2,15,2030,0,solar,0.07202786979243272
2,16,2030,0,solar,0.046171006947908336
2,17,2030,0,solar,0.018821344510905832
2,18,2030,0,solar,0.0
2,19,2030,0,solar,0.0
2,20,2030,0,solar,0.0
2,21,2030,0,solar,0.0
2,22,2030,0,solar,0.0
2,23,2030,0,solar,0.0
2,24,2030,0,solar,0.0
2,1,2030,0,wind_offshore,0.6394230713378874
2,2,2030,0,wind_offshore,0.6378739105505892
2,3,2030,0,wind_offshore,0.6433994116564313
2,4,2030,0,wind_offshore,0.6390921554892187
2,5,2030,0,wind_offshore,0.6384292083086637
2,6,2030,0,wind_offshore,0.6359859644088941
2,7,2030,0,wind_offshore,0.634638765133261
2,8,2030,0,wind_offshore,0.6299645732133167
2,9,2030,0,wind_offshore,0.625851546568977
2,10,2030,0,wind_offshore,0.623223732815778
2,11,2030,0,wind_offshore,0.6299808144858021
2,12,2030,0,wind_offshore,0.621609749751197
2,13,2030,0,wind_offshore,0.6333425131530654
2,14,2030,0,wind_offshore,0.6317129782122728
2,15,2030,0,wind_offshore,0.6337794131370121
2,16,2030,0,wind_offshore,0.6288927088328187
2,17,2030,0,wind_offshore,0.6336184980561577
2,18,2030,0,wind_offshore,0.6282207458987438
2,19,2030,0,wind_offshore,0.6379763281605245
2,20,2030,0,wind_offshore,0.6390809979851411
2,21,2030,0,wind_offshore,0.6344468495487681
2,22,2030,0,wind_offshore,0.6318194551941746
2,23,2030,0,wind_offshore,0.6378662741805102
2,24,2030,0,wind_offshore,0.6262859202356155
2,1,2030,0,wind_onshore,0.4902317707653252
2,2,2030,0,wind_onshore,0.4839799326565099
2,3,2030,0,wind_onshore,0.467199515496394
2,4,2030,0,wind_onshore,0.45906892566949964
2,5,2030,0,wind_onshore,0.45508795108190814
2,6,2030,0,wind_onshore,0.4525850776133905
2,7,2030,0,wind_onshore,0.43133033279700933
2,8,2030,0,wind_onshore,0.42440046499511397
2,9,2030,0,wind_onshore,0.4178470225320507
2,10,2030,0,wind_onshore,0.4293816052850151
2,11,2030,0,wind_onshore,0.45155863433261817
2,12,2030,0,wind_onshore,0.45901100409260026
2,13,2030,0,wind_onshore,0.47962761167328866
2,14,2030,0,wind_onshore,0.4784497420177371
2,15,2030,0,wind_onshore,0.49582324177699516
2,16,2030,0,wind_onshore,0.4985226214514352
2,17,2030,0,wind_onshore,0.5285681462285529
2,18,2030,0,wind_onshore,0.532899957300663
2,19,2030,0,wind_onshore,0.5257519159103664
2,20,2030,0,wind_onshore,0.5176058882613652
2,21,2030,0,wind_onshore,0.5157226815739624
2,22,2030,0,wind_onshore,0.5098304271620034
2,23,2030,0,wind_onshore,0.5049412913130188
2,24,2030,0,wind_onshore,0.5103523640541671
3,1,2030,0,demand,0.45632162190041403
3,2,2030,0,demand,0.4701284031590886
3,3,2030,0,demand,0.4715795824010993
3,4,2030,0,demand,0.4750754684504123
3,5,2030,0,demand,0.48998623986009276
3,6,2030,0,demand,0.5269973016346646
3,7,2030,0,demand,0.5669866930996028
3,8,2030,0,demand,0.6166455585624456
3,9,2030,0,demand,0.6325605670095814
3,10,2030,0,demand,0.645793219825213
3,11,2030,0,demand,0.6456791211744751
3,12,2030,0,demand,0.631321361877075
3,13,2030,0,demand,0.6262906216326278
3,14,2030,0,demand,0.6024621073607447
3,15,2030,0,demand,0.5929927651865091
3,16,2030,0,demand,0.5872596914856693
3,17,2030,0,demand,0.584108757515059
3,18,2030,0,demand,0.5969843454756113
3,19,2030,0,demand,0.6117273087805315
3,20,2030,0,demand,0.6213222346492165
3,21,2030,0,demand,0.6165261126612601
3,22,2030,0,demand,0.5718072166069007
3,23,2030,0,demand,0.5186130822439552
3,24,2030,0,demand,0.5145605011507088
3,1,2030,0,solar,0.0
3,2,2030,0,solar,0.0
3,3,2030,0,solar,0.0
3,4,2030,0,solar,0.0
3,5,2030,0,solar,0.0
3,6,2030,0,solar,0.0
3,7,2030,0,solar,0.006041921360472872
3,8,2030,0,solar,0.10149784687698815
3,9,2030,0,solar,0.2571866905282494
3,10,2030,0,solar,0.3867480812147019
3,11,2030,0,solar,0.46717811393828274
3,12,2030,0,solar,0.5189538650540986
3,13,2030,0,solar,0.5519476616521493
3,14,2030,0,solar,0.5521617769697234
3,15,2030,0,solar,0.5014487856918985
3,16,2030,0,solar,0.42373400711911374
3,17,2030,0,solar,0.31291102643745716
3,18,2030,0,solar,0.16997512617492838
3,19,2030,0,solar,0.031376097465273756
3,20,2030,0,solar,0.0
3,21,2030,0,solar,0.0
3,22,2030,0,solar,0.0
3,23,2030,0,solar,0.0
3,24,2030,0,solar,0.0
3,1,2030,0,wind_offshore,0.6502294724891943
3,2,2030,0,wind_offshore,0.6541143137159874
3,3,2030,0,wind_offshore,0.6456065217000468
3,4,2030,0,wind_offshore,0.6538608335889132
3,5,2030,0,wind_offshore,0.6387337389032077
3,6,2030,0,wind_offshore,0.6332766141115352
3,7,2030,0,wind_offshore,0.6361117935879117
3,8,2030,0,wind_offshore,0.6220640190556275
3,9,2030,0,wind_offshore,0.6416454352277531
3,10,2030,0,wind_offshore,0.644546683253931
3,11,2030,0,wind_offshore,0.6496567540490457
3,12,2030,0,wind_offshore,0.6678448931076205
3,13,2030,0,wind_offshore,0.673036241821631
3,14,2030,0,wind_offshore,0.6733439984627917
3,15,2030,0,wind_offshore,0.6563079346793578
3,16,2030,0,wind_offshore,0.6629550491833764
3,17,2030,0,wind_offshore,0.6579886746990646
3,18,2030,0,wind_offshore,0.6464952220807242
3,19,2030,0,wind_offshore,0.6291797757195833
3,20,2030,0,wind_offshore,0.6144806979476349
3,21,2030,0,wind_offshore,0.6035610460571551
3,22,2030,0,wind_offshore,0.6197303961541761
3,23,2030,0,wind_offshore,0.5917083288675898
3,24,2030,0,wind_offshore,0.5510232055384972
3,1,2030,0,wind_onshore,0.23766589092499996
3,2,2030,0,wind_onshore,0.23960408967042737
3,3,2030,0,wind_onshore,0.2343748442092873
3,4,2030,0,wind_onshore,0.2346425884759104
3,5,2030,0,wind_onshore,0.24677528096747364
3,6,2030,0,wind_onshore,0.2569597539394693
3,7,2030,0,wind_onshore,0.27045189078196014
3,8,2030,0,wind_onshore,0.2918023927513954
3,9,2030,0,wind_onshore,0.31779188916774487
3,10,2030,0,wind_onshore,0.3385552271721516
3,11,2030,0,wind_onshore,0.34741135903939996
3,12,2030,0,wind_onshore,0.3652739549637805
3,13,2030,0,wind_onshore,0.3844909625291163
3,14,2030,0,wind_onshore,0.4045962968876365
3,15,2030,0,wind_onshore,0.41139612798660014
3,16,2030,0,wind_onshore,0.4171789550878762
3,17,2030,0,wind_onshore,0.42898200952241244
3,18,2030,0,wind_onshore,0.4323319152029143
3,19,2030,0,wind_onshore,0.4153449724128596
3,20,2030,0,wind_onshore,0.3916170037669643
3,21,2030,0,wind_onshore,0.392832154019145
3,22,2030,0,wind_onshore,0.3862001544597051
3,23,2030,0,wind_onshore,0.3470072214248808
3,24,2030,0,wind_onshore,0.33353224378261476
4,1,2030,0,demand,0.5093996959414382
4,2,2030,0,demand,0.49953927412904914
4,3,2030,0,demand,0.4931622689488007
4,4,2030,0,demand,0.481183076765344
4,5,2030,0,demand,0.4827710313880048
4,6,2030,0,demand,0.5068852732410768
4,7,2030,0,demand,0.5457205946214855
4,8,2030,0,demand,0.5859698123743771
4,9,2030,0,demand,0.6238694403692345
4,10,2030,0,demand,0.631710343152568
4,11,2030,0,demand,0.6468561609375058
4,12,2030,0,demand,0.6466418060711489
4,13,2030,0,demand,0.6314918031317556
4,14,2030,0,demand,0.6321603076228851
4,15,2030,0,demand,0.6151975558266192
4,16,2030,0,demand,0.610339070631402
4,17,2030,0,demand,0.6070698445234765
4,18,2030,0,demand,0.615853401478614
4,19,2030,0,demand,0.6427585499646151
4,20,2030,0,demand,0.6570051123295173
4,21,2030,0,demand,0.6594224948301756
4,22,2030,0,demand,0.6124022265365391
4,23,2030,0,demand,0.5679607960205687
4,24,2030,0,demand,0.56005249643651
4,1,2030,0,solar,0.0
4,2,2030,0,solar,0.0
4,3,2030,0,solar,0.0
4,4,2030,0,solar,0.0
4,5,2030,0,solar,0.0
4,6,2030,0,solar,0.0
4,7,2030,0,solar,0.0
4,8,2030,0,solar,0.0
4,9,2030,0,solar,0.012769257385989257
4,10,2030,0,solar,0.04930194777092903
4,11,2030,0,solar,0.09105993355305589
4,12,2030,0,solar,0.12175707500817748
4,13,2030,0,solar,0.13641162342099916
4,14,2030,0,solar,0.13460610466010103
4,15,2030,0,solar,0.11571491631707062
4,16,2030,0,solar,0.09172615981012029
4,17,2030,0,solar,0.05014122697035059
4,18,2030,0,solar,0.011143860653604766
4,19,2030,0,solar,0.0
4,20,2030,0,solar,0.0
4,21,2030,0,solar,0.0
4,22,2030,0,solar,0.0
4,23,2030,0,solar,0.0
4,24,2030,0,solar,0.0
4,1,2030,0,wind_offshore,0.0
4,2,2030,0,wind_offshore,0.0
4,3,2030,0,wind_offshore,0.010576172727121615
4,4,2030,0,wind_offshore,0.03937324962071744
4,5,2030,0,wind_offshore,0.10973432026584427
4,6,2030,0,wind_offshore,0.22953643004177807
4,7,2030,0,wind_offshore,0.41392396077708815
4,8,2030,0,wind_offshore,0.615184375245585
4,9,2030,0,wind_offshore,0.6527296134343993
4,10,2030,0,wind_offshore,0.6544195277239048
4,11,2030,0,wind_offshore,0.6565786538799969
4,12,2030,0,wind_offshore,0.6542764142903879
4,13,2030,0,wind_offshore,0.6478878563108151
4,14,2030,0,wind_offshore,0.6444318597952303
4,15,2030,0,wind_offshore,0.633366231420752
4,16,2030,0,wind_offshore,0.6401765485893652
4,17,2030,0,wind_offshore,0.6485885780960928
4,18,2030,0,wind_offshore,0.6585635919620115
4,19,2030,0,wind_offshore,0.6430620794115006
4,20,2030,0,wind_offshore,0.6315677462544812
4,21,2030,0,wind_offshore,0.645553766421093
4,22,2030,0,wind_offshore,0.6435442341351199
4,23,2030,0,wind_offshore,0.65562695581635
4,24,2030,0,wind_offshore,0.6499650462902321
4,1,2030,0,wind_onshore,0.30129685963250324
4,2,2030,0,wind_onshore,0.285536488122765
4,3,2030,0,wind_onshore,0.2672948488630663
4,4,2030,0,wind_onshore,0.25115799483368656
4,5,2030,0,wind_onshore,0.2446817274757061
4,6,2030,0,wind_onshore,0.24848458181769156
4,7,2030,0,wind_onshore,0.24772148684952489
4,8,2030,0,wind_onshore,0.2521234763093834
4,9,2030,0,wind_onshore,0.26758433487587
4,10,2030,0,wind_onshore,0.28444097564127196
4,11,2030,0,wind_onshore,0.3309872151055271
4,12,2030,0,wind_onshore,0.3618268385670552
4,13,2030,0,wind_onshore,0.3900397572800491
4,14,2030,0,wind_onshore,0.40556976690851204
4,15,2030,0,wind_onshore,0.41214945540177483
4,16,2030,0,wind_onshore,0.40951500806108143
4,17,2030,0,wind_onshore,0.38347069770523223
4,18,2030,0,wind_onshore,0.3592700291555653
4,19,2030,0,wind_onshore,0.35606141936983604
4,20,2030,0,wind_onshore,0.3574747105392442
4,21,2030,0,wind_onshore,0.3655050964350821
4,22,2030,0,wind_onshore,0.3761114605603268
4,23,2030,0,wind_onshore,0.3843931087275004
4,24,2030,0,wind_onshore,0.3864305298221455
5,1,2030,0,demand,0.5571004721445156
5,2,2030,0,demand,0.5485266961135851
5,3,2030,0,demand,0.5396854925570655
5,4,2030,0,demand,0.5326941567803359
5,5,2030,0,demand,0.5277493194131198
5,6,2030,0,demand,0.5137127370827631
5,7,2030,0,demand,0.5079068060294509
5,8,2030,0,demand,0.5285090265398905
5,9,2030,0,demand,0.5637123855270885
5,10,2030,0,demand,0.6108433343560319
5,11,2030,0,demand,0.6458289936230426
5,12,2030,0,demand,0.6650124113253947
5,13,2030,0,demand,0.665165922740386
5,14,2030,0,demand,0.6660211167722322
5,15,2030,0,demand,0.6534887643707371
5,16,2030,0,demand,0.6503156208136118
5,17,2030,0,demand,0.6524168983531554
5,18,2030,0,demand,0.6513885577775462
5,19,2030,0,demand,0.6399952443325265
5,20,2030,0,demand,0.6342466657297534
5,21,2030,0,demand,0.6454666573482112
5,22,2030,0,demand,0.6130884193141608
5,23,2030,0,demand,0.5949474113221443
5,24,2030,0,demand,0.5901262234334788
5,1,2030,0,solar,0.0
5,2,2030,0,solar,0.0
5,3,2030,0,solar,0.0
5,4,2030,0,solar,0.0
5,5,2030,0,solar,0.0
5,6,2030,0,solar,0.000397252856264828
5,7,2030,0,solar,0.031507115892366426
5,8,2030,0,solar,0.13749979679591182
5,9,2030,0,solar,0.25872360585573806
5,10,2030,0,solar,0.36828824442465113
5,11,2030,0,solar,0.4484564188148511
5,12,2030,0,solar,0.48538675419881677
5,13,2030,0,solar,0.4866029006373848
5,14,2030,0,solar,0.46761179594522617
5,15,2030,0,solar,0.43598533519753757
5,16,2030,0,solar,0.3772225878448139
5,17,2030,0,solar,0.2871404770875281
5,18,2030,0,solar,0.18408672940104712
5,19,2030,0,solar,0.0749266264445768
5,20,2030,0,solar,0.005592393989904533
5,21,2030,0,solar,0.0
5,22,2030,0,solar,0.0
5,23,2030,0,solar,0.0
5,24,2030,0,solar,0.0
5,1,2030,0,wind_offshore,0.6589835706125453
5,2,2030,0,wind_offshore,0.6627288571585387
5,3,2030,0,wind_offshore,0.6535384831074669
5,4,2030,0,wind_offshore,0.6622691568230336
5,5,2030,0,wind_offshore,0.6623634927849966
5,6,2030,0,wind_offshore,0.660596986895914
5,7,2030,0,wind_offshore,0.6493863184683122
5,8,2030,0,wind_offshore,0.6555055463972315
5,9,2030,0,wind_offshore,0.6651907511888898
5,10,2030,0,wind_offshore,0.6659746364894363
5,11,2030,0,wind_offshore,0.6732760486453668
5,12,2030,0,wind_offshore,0.6738827486742912
5,13,2030,0,wind_offshore,0.6696902845826577
5,14,2030,0,wind_offshore,0.6572763994654259
5,15,2030,0,wind_offshore,0.6596950574535472
5,16,2030,0,wind_offshore,0.6627853615305196
5,17,2030,0,wind_offshore,0.6688771903060267
5,18,2030,0,wind_offshore,0.6838981054458679
5,19,2030,0,wind_offshore,0.6862282439311413
5,20,2030,0,wind_offshore,0.690176834491723
5,21,2030,0,wind_offshore,0.689939456963741
5,22,2030,0,wind_offshore,0.6984602982669685
5,23,2030,0,wind_offshore,0.6875095167474083
5,24,2030,0,wind_offshore,0.6845059521389407
5,1,2030,0,wind_onshore,0.1818940248977805
5,2,2030,0,wind_onshore,0.15043314485804607
5,3,2030,0,wind_onshore,0.12794511518257248
5,4,2030,0,wind_onshore,0.11890377988378181
5,5,2030,0,wind_onshore,0.11711977258386042
5,6,2030,0,wind_onshore,0.1269095694220934
5,7,2030,0,wind_onshore,0.1293974748414931
5,8,2030,0,wind_onshore,0.12288847087747859
5,9,2030,0,wind_onshore,0.13638781798790006
5,10,2030,0,wind_onshore,0.14887416604432868
5,11,2030,0,wind_onshore,0.1696258722665766
5,12,2030,0,wind_onshore,0.17279135644818622
5,13,2030,0,wind_onshore,0.1796960116982676
5,14,2030,0,wind_onshore,0.19903857317950693
5,15,2030,0,wind_onshore,0.22644769374456405
5,16,2030,0,wind_onshore,0.2527381316825525
5,17,2030,0,wind_onshore,0.2843769352691107
5,18,2030,0,wind_onshore,0.31265999170119463
5,19,2030,0,wind_onshore,0.325132660761498
5,20,2030,0,wind_onshore,0.32756612262094964
5,21,2030,0,wind_onshore,0.3487298163721054
5,22,2030,0,wind_onshore,0.3440225862061011
5,23,2030,0,wind_onshore,0.306797193806987
5,24,2030,0,wind_onshore,0.2888006491801385
6,1,2030,0,demand,0.6842398582063786
6,2,2030,0,demand,0.6585744558257705
6,3,2030,0,demand,0.6422065288651451
6,4,2030,0,demand,0.6182342659270484
6,5,2030,0,demand,0.6218517945811801
6,6,2030,0,demand,0.6341882078707215
6,7,2030,0,demand,0.660597429250719
6,8,2030,0,demand,0.7139736439603874
6,9,2030,0,demand,0.7966602060176886
6,10,2030,0,demand,0.8639760231496572
6,11,2030,0,demand,0.9286708321526976
6,12,2030,0,demand,1.0045310719838367
6,13,2030,0,demand,1.0170350615930106
6,14,2030,0,demand,1.0138767202805985
6,15,2030,0,demand,1.005802618658046
6,16,2030,0,demand,1.0096997162017156
6,17,2030,0,demand,1.015896425528793
6,18,2030,0,demand,0.980827310444131
6,19,2030,0,demand,0.94324424742862
6,20,2030,0,demand,0.915509306524932
6,21,2030,0,demand,0.9176241719285101
6,22,2030,0,demand,0.8612328720483209
6,23,2030,0,demand,0.7687304626783661
6,24,2030,0,demand,0.7361157604569206
6,1,2030,0,solar,0.0
6,2,2030,0,solar,0.0
6,3,2030,0,solar,0.0
6,4,2030,0,solar,0.0
6,5,2030,0,solar,0.0
6,6,2030,0,solar,7.535724807904363e-5
6,7,2030,0,solar,0.015019964583543656
6,8,2030,0,solar,0.1194724591935919
6,9,2030,0,solar,0.25614163598112577
6,10,2030,0,solar,0.36668398628802795
6,11,2030,0,solar,0.43498695616218497
6,12,2030,0,solar,0.47980204235155954
6,13,2030,0,solar,0.49453100419301194
6,14,2030,0,solar,0.48789146506589265
6,15,2030,0,solar,0.4593890755445283
6,16,2030,0,solar,0.39183818932437436
6,17,2030,0,solar,0.29961387198505784
6,18,2030,0,solar,0.1887955558656803
6,19,2030,0,solar,0.07177024534328169
6,20,2030,0,solar,0.001284994297422528
6,21,2030,0,solar,0.0
6,22,2030,0,solar,0.0
6,23,2030,0,solar,0.0
6,24,2030,0,solar,0.0
6,1,2030,0,wind_offshore,0.2526252970754366
6,2,2030,0,wind_offshore,0.20786646954468027
6,3,2030,0,wind_offshore,0.15954453042734396
6,4,2030,0,wind_offshore,0.11955565990317953
6,5,2030,0,wind_offshore,0.08944966144039132
6,6,2030,0,wind_offshore,0.0812781881533924
6,7,2030,0,wind_offshore,0.09711266144320455
6,8,2030,0,wind_offshore,0.1264344646928619
6,9,2030,0,wind_offshore,0.16598841220700625
6,10,2030,0,wind_offshore,0.1763647114918817
6,11,2030,0,wind_offshore,0.12452005156730413
6,12,2030,0,wind_offshore,0.0875454732734553
6,13,2030,0,wind_offshore,0.06351108455100657
6,14,2030,0,wind_offshore,0.04487783124677889
6,15,2030,0,wind_offshore,0.03152075684498582
6,16,2030,0,wind_offshore,0.042399409763008884
6,17,2030,0,wind_offshore,0.07143812207860088
6,18,2030,0,wind_offshore,0.0965207759074542
6,19,2030,0,wind_offshore,0.10977366051626113
6,20,2030,0,wind_offshore,0.11824332383477619
6,21,2030,0,wind_offshore,0.1238076713781234
6,22,2030,0,wind_offshore,0.12959782945282047
6,23,2030,0,wind_offshore,0.112764803634151
6,24,2030,0,wind_offshore,0.09956326146902764
6,1,2030,0,wind_onshore,0.14003262875450212
6,2,2030,0,wind_onshore,0.1372102504639524
6,3,2030,0,wind_onshore,0.12759828566891002
6,4,2030,0,wind_onshore,0.11333532755744616
6,5,2030,0,wind_onshore,0.10417058804217541
6,6,2030,0,wind_onshore,0.09581360926070845
6,7,2030,0,wind_onshore,0.08322830994579308
6,8,2030,0,wind_onshore,0.06811914913079149
6,9,2030,0,wind_onshore,0.0617599701392235
6,10,2030,0,wind_onshore,0.06725757138719886
6,11,2030,0,wind_onshore,0.061769981214344516
6,12,2030,0,wind_onshore,0.07054614382979155
6,13,2030,0,wind_onshore,0.08751810422790508
6,14,2030,0,wind_onshore,0.10580809152841564
6,15,2030,0,wind_onshore,0.1298725480295012
6,16,2030,0,wind_onshore,0.1482935761119168
6,17,2030,0,wind_onshore,0.1678206723213476
6,18,2030,0,wind_onshore,0.18738626991537607
6,19,2030,0,wind_onshore,0.20712521227506137
6,20,2030,0,wind_onshore,0.20969777281679497
6,21,2030,0,wind_onshore,0.21679520019809503
6,22,2030,0,wind_onshore,0.20567923348600067
6,23,2030,0,wind_onshore,0.1755252151571825
6,24,2030,0,wind_onshore,0.16339602387528868
7,1,2030,0,demand,0.5000291363580032
7,2,2030,0,demand,0.47782351361222003
7,3,2030,0,demand,0.47532910767229053
7,4,2030,0,demand,0.46968401742619265
7,5,2030,0,demand,0.4810092815743826
7,6,2030,0,demand,0.49302255310532017
7,7,2030,0,demand,0.52283218083378
7,8,2030,0,demand,0.5705252311128173
7,9,2030,0,demand,0.6040231970267099
7,10,2030,0,demand,0.6329527882929411
7,11,2030,0,demand,0.6382516943039498
7,12,2030,0,demand,0.6314673739324349
7,13,2030,0,demand,0.6384887958729899
7,14,2030,0,demand,0.6145358694138583
7,15,2030,0,demand,0.5940294340626152
7,16,2030,0,demand,0.5766470660549898
7,17,2030,0,demand,0.5727504342466812
7,18,2030,0,demand,0.586332501733774
7,19,2030,0,demand,0.6051796519424009
7,20,2030,0,demand,0.6315532290494172
7,21,2030,0,demand,0.6367537943072049
7,22,2030,0,demand,0.6002213069457024
7,23,2030,0,demand,0.5462949619388424
7,24,2030,0,demand,0.529341365623439
7,1,2030,0,solar,0.0
7,2,2030,0,solar,0.0
7,3,2030,0,solar,0.0
7,4,2030,0,solar,0.0
7,5,2030,0,solar,0.0
7,6,2030,0,solar,0.0
7,7,2030,0,solar,0.0
7,8,2030,0,solar,0.046387714426641566
7,9,2030,0,solar,0.19953902663713255
7,10,2030,0,solar,0.35631885098970734
7,11,2030,0,solar,0.46416333828240686
7,12,2030,0,solar,0.5346176251902769
7,13,2030,0,solar,0.5613788175445721
7,14,2030,0,solar,0.5568390543024064
7,15,2030,0,solar,0.5145540848274041
7,16,2030,0,solar,0.42699301308406734
7,17,2030,0,solar,0.2989783672777847
7,18,2030,0,solar,0.14506974705119538
7,19,2030,0,solar,0.01955319127584694
7,20,2030,0,solar,0.0
7,21,2030,0,solar,0.0
7,22,2030,0,solar,0.0
7,23,2030,0,solar,0.0
7,24,2030,0,solar,0.0
7,1,2030,0,wind_offshore,0.6401851274067832
7,2,2030,0,wind_offshore,0.6397399679091679
7,3,2030,0,wind_offshore,0.6335999220491586
7,4,2030,0,wind_offshore,0.6434138922098087
7,5,2030,0,wind_offshore,0.6440974135823295
7,6,2030,0,wind_offshore,0.6470865451618827
7,7,2030,0,wind_offshore,0.6324525062777543
7,8,2030,0,wind_offshore,0.6391580804652166
7,9,2030,0,wind_offshore,0.6452748452201068
7,10,2030,0,wind_offshore,0.6534163309183517
7,11,2030,0,wind_offshore,0.6459194471771028
7,12,2030,0,wind_offshore,0.6553487051176407
7,13,2030,0,wind_offshore,0.661963859632434
7,14,2030,0,wind_offshore,0.6463907654286318
7,15,2030,0,wind_offshore,0.6448157596602369
7,16,2030,0,wind_offshore,0.6439531842137276
7,17,2030,0,wind_offshore,0.6356756122358987
7,18,2030,0,wind_offshore,0.6288816824002015
7,19,2030,0,wind_offshore,0.6423282083960177
7,20,2030,0,wind_offshore,0.6487899802307292
7,21,2030,0,wind_offshore,0.6465574228058241
7,22,2030,0,wind_offshore,0.6562280336434609
7,23,2030,0,wind_offshore,0.6468886303018289
7,24,2030,0,wind_offshore,0.6276429366878576
7,1,2030,0,wind_onshore,0.1595205044734342
7,2,2030,0,wind_onshore,0.14630098959267293
7,3,2030,0,wind_onshore,0.13250269793114158
7,4,2030,0,wind_onshore,0.12375438049054288
7,5,2030,0,wind_onshore,0.12408055476538014
7,6,2030,0,wind_onshore,0.12525254865183982
7,7,2030,0,wind_onshore,0.1272649020137061
7,8,2030,0,wind_onshore,0.13020778240119696
7,9,2030,0,wind_onshore,0.11560666652967069
7,10,2030,0,wind_onshore,0.09874609192991553
7,11,2030,0,wind_onshore,0.09013972839930708
7,12,2030,0,wind_onshore,0.10056329540508271
7,13,2030,0,wind_onshore,0.10687532430014776
7,14,2030,0,wind_onshore,0.11737948054251239
7,15,2030,0,wind_onshore,0.12812960117007863
7,16,2030,0,wind_onshore,0.13664841605188907
7,17,2030,0,wind_onshore,0.14930877951623223
7,18,2030,0,wind_onshore,0.15895633848510565
7,19,2030,0,wind_onshore,0.17512991910524517
7,20,2030,0,wind_onshore,0.19813004016986935
7,21,2030,0,wind_onshore,0.1958934461544113
7,22,2030,0,wind_onshore,0.18593395166239102
7,23,2030,0,wind_onshore,0.16512953819460424
7,24,2030,0,wind_onshore,0.1566861749436765
8,1,2030,0,demand,0.5415105707695178
8,2,2030,0,demand,0.5430609261634176
8,3,2030,0,demand,0.5234709718845955
8,4,2030,0,demand,0.5230107617228444
8,5,2030,0,demand,0.5364981121812294
8,6,2030,0,demand,0.5645978469377597
8,7,2030,0,demand,0.5855130948522301
8,8,2030,0,demand,0.6305760966595355
8,9,2030,0,demand,0.6894922375953977
8,10,2030,0,demand,0.7183554138790913
8,11,2030,0,demand,0.7544788658056597
8,12,2030,0,demand,0.7648963679652614
8,13,2030,0,demand,0.7614824521693689
8,14,2030,0,demand,0.7545384288200191
8,15,2030,0,demand,0.7597705969415468
8,16,2030,0,demand,0.7473794349634285
8,17,2030,0,demand,0.7485075294815501
8,18,2030,0,demand,0.740062282774818
8,19,2030,0,demand,0.7366954243463538
8,20,2030,0,demand,0.7361386216126723
8,21,2030,0,demand,0.7221681901247715
8,22,2030,0,demand,0.6714503150555587
8,23,2030,0,demand,0.624663954045884
8,24,2030,0,demand,0.6141908172060776
8,1,2030,0,solar,0.0
8,2,2030,0,solar,0.0
8,3,2030,0,solar,0.0
8,4,2030,0,solar,0.0
8,5,2030,0,solar,0.0
8,6,2030,0,solar,0.0
8,7,2030,0,solar,0.004352271112913456
8,8,2030,0,solar,0.08629411370816427
8,9,2030,0,solar,0.22345042356948952
8,10,2030,0,solar,0.3456290337087092
8,11,2030,0,solar,0.41429702032482296
8,12,2030,0,solar,0.469395405208529
8,13,2030,0,solar,0.49409068429494984
8,14,2030,0,solar,0.4902332828688941
8,15,2030,0,solar,0.45056870608562005
8,16,2030,0,solar,0.3832645710870007
8,17,2030,0,solar,0.28292798209484205
8,18,2030,0,solar,0.1524261710712623
8,19,2030,0,solar,0.028337518773336744
8,20,2030,0,solar,0.0
8,21,2030,0,solar,0.0
8,22,2030,0,solar,0.0
8,23,2030,0,solar,0.0
8,24,2030,0,solar,0.0
8,1,2030,0,wind_offshore,0.6626337913017315
8,2,2030,0,wind_offshore,0.6744756978778303
8,3,2030,0,wind_offshore,0.6764965200105206
8,4,2030,0,wind_offshore,0.6792115395099163
8,5,2030,0,wind_offshore,0.6797280736236099
8,6,2030,0,wind_offshore,0.6734748091199929
8,7,2030,0,wind_offshore,0.6653572735656299
8,8,2030,0,wind_offshore,0.6686478750875705
8,9,2030,0,wind_offshore,0.6746222760470847
8,10,2030,0,wind_offshore,0.6690786905839841
8,11,2030,0,wind_offshore,0.6727278081381637
8,12,2030,0,wind_offshore,0.6767053394583835
8,13,2030,0,wind_offshore,0.6686822405328899
8,14,2030,0,wind_offshore,0.6604597002868008
8,15,2030,0,wind_offshore,0.6573856048647883
8,16,2030,0,wind_offshore,0.6700889259819593
8,17,2030,0,wind_offshore,0.6822440247072027
8,18,2030,0,wind_offshore,0.6857434817841286
8,19,2030,0,wind_offshore,0.6768071735812992
8,20,2030,0,wind_offshore,0.6805631533609809
8,21,2030,0,wind_offshore,0.6929414524433831
8,22,2030,0,wind_offshore,0.697230634084489
8,23,2030,0,wind_offshore,0.6982585984013582
8,24,2030,0,wind_offshore,0.7116371658397944
8,1,2030,0,wind_onshore,0.22879734345100564
8,2,2030,0,wind_onshore,0.22828830677171935
8,3,2030,0,wind_onshore,0.23158165128793354
8,4,2030,0,wind_onshore,0.24550352511838522
8,5,2030,0,wind_onshore,0.2515766315766643
8,6,2030,0,wind_onshore,0.2582344179829476
8,7,2030,0,wind_onshore,0.266117644291387
8,8,2030,0,wind_onshore,0.2818811127758277
8,9,2030,0,wind_onshore,0.28427678069784473
8,10,2030,0,wind_onshore,0.27689476399573204
8,11,2030,0,wind_onshore,0.261295813649024
8,12,2030,0,wind_onshore,0.2662687430894742
8,13,2030,0,wind_onshore,0.28051428545178614
8,14,2030,0,wind_onshore,0.3009335450923594
8,15,2030,0,wind_onshore,0.3122982798351801
8,16,2030,0,wind_onshore,0.3240042642168027
8,17,2030,0,wind_onshore,0.3378360305282934
8,18,2030,0,wind_onshore,0.3618513312415755
8,19,2030,0,wind_onshore,0.3734625762877081
8,20,2030,0,wind_onshore,0.3863042848577493
8,21,2030,0,wind_onshore,0.4022928878395
8,22,2030,0,wind_onshore,0.3936063858254904
8,23,2030,0,wind_onshore,0.34469606090675475
8,24,2030,0,wind_onshore,0.32287999832788955
9,1,2030,0,demand,0.49825738719912144
9,2,2030,0,demand,0.49308717940826796
9,3,2030,0,demand,0.49911003212893157
9,4,2030,0,demand,0.49051288471894383
9,5,2030,0,demand,0.5060469367505445
9,6,2030,0,demand,0.5359030905615206
9,7,2030,0,demand,0.575279687187019
9,8,2030,0,demand,0.6122844411230564
9,9,2030,0,demand,0.630638263059131
9,10,2030,0,demand,0.63681180509073
9,11,2030,0,demand,0.6407931858368541
9,12,2030,0,demand,0.6427466356242247
9,13,2030,0,demand,0.6357127664279221
9,14,2030,0,demand,0.6218985337908958
9,15,2030,0,demand,0.6164300484852847
9,16,2030,0,demand,0.6188422178794453
9,17,2030,0,demand,0.615951664484552
9,18,2030,0,demand,0.6246355633736005
9,19,2030,0,demand,0.6393545200465298
9,20,2030,0,demand,0.6392980706514177
9,21,2030,0,demand,0.629930905513696
9,22,2030,0,demand,0.5834008358536159
9,23,2030,0,demand,0.5408418248783453
9,24,2030,0,demand,0.5408935838505781
9,1,2030,0,solar,0.0
9,2,2030,0,solar,0.0
9,3,2030,0,solar,0.0
9,4,2030,0,solar,0.0
9,5,2030,0,solar,0.0
9,6,2030,0,solar,0.0
9,7,2030,0,solar,4.8440954154185624e-5
9,8,2030,0,solar,0.06703579649285718
9,9,2030,0,solar,0.2007930216859167
9,10,2030,0,solar,0.31461733943288867
9,11,2030,0,solar,0.38365388017868546
9,12,2030,0,solar,0.4187461065211464
9,13,2030,0,solar,0.42340498889467976
9,14,2030,0,solar,0.3884609140147001
9,15,2030,0,solar,0.32979520977376753
9,16,2030,0,solar,0.24110050921592258
9,17,2030,0,solar,0.14429611572714685
9,18,2030,0,solar,0.06061877845699497
9,19,2030,0,solar,0.003269427605533083
9,20,2030,0,solar,0.0
9,21,2030,0,solar,0.0
9,22,2030,0,solar,0.0
9,23,2030,0,solar,0.0
9,24,2030,0,solar,0.0
9,1,2030,0,wind_offshore,0.5394133445602168
9,2,2030,0,wind_offshore,0.5035753845098254
9,3,2030,0,wind_offshore,0.5154952373819065
9,4,2030,0,wind_offshore,0.5625957217518899
9,5,2030,0,wind_offshore,0.5944766094425484
9,6,2030,0,wind_offshore,0.6183105163596971
9,7,2030,0,wind_offshore,0.6249606626507421
9,8,2030,0,wind_offshore,0.6279298750517858
9,9,2030,0,wind_offshore,0.6315913585787359
9,10,2030,0,wind_offshore,0.6268099063022299
9,11,2030,0,wind_offshore,0.6376336393865814
9,12,2030,0,wind_offshore,0.6329174654835932
9,13,2030,0,wind_offshore,0.6365384680937761
9,14,2030,0,wind_offshore,0.6290681249641163
9,15,2030,0,wind_offshore,0.6333320677057019
9,16,2030,0,wind_offshore,0.6421352518672707
9,17,2030,0,wind_offshore,0.6287124273976519
9,18,2030,0,wind_offshore,0.6072766502341002
9,19,2030,0,wind_offshore,0.5739978102259399
9,20,2030,0,wind_offshore,0.553726804994468
9,21,2030,0,wind_offshore,0.4895575562605725
9,22,2030,0,wind_offshore,0.4380765957834763
9,23,2030,0,wind_offshore,0.45180073146483524
9,24,2030,0,wind_offshore,0.4400535516781016
9,1,2030,0,wind_onshore,0.1681439816680263
9,2,2030,0,wind_onshore,0.1883406295167919
9,3,2030,0,wind_onshore,0.20457946908909402
9,4,2030,0,wind_onshore,0.2277119314811036
9,5,2030,0,wind_onshore,0.24235728093635145
9,6,2030,0,wind_onshore,0.2584003729359933
9,7,2030,0,wind_onshore,0.2687329881971867
9,8,2030,0,wind_onshore,0.2772222192261158
9,9,2030,0,wind_onshore,0.294678658685787
9,10,2030,0,wind_onshore,0.33932722911235924
9,11,2030,0,wind_onshore,0.340114833753647
9,12,2030,0,wind_onshore,0.36095811372952086
9,13,2030,0,wind_onshore,0.38297398889146844
9,14,2030,0,wind_onshore,0.39953217003521185
9,15,2030,0,wind_onshore,0.4176644408602172
9,16,2030,0,wind_onshore,0.4234980665981458
9,17,2030,0,wind_onshore,0.3842080218078304
9,18,2030,0,wind_onshore,0.33982536368251226
9,19,2030,0,wind_onshore,0.2732149644525088
9,20,2030,0,wind_onshore,0.23091356204562752
9,21,2030,0,wind_onshore,0.21106370819148643
9,22,2030,0,wind_onshore,0.1834351776309317
9,23,2030,0,wind_onshore,0.18910064208995706
9,24,2030,0,wind_onshore,0.18009067897366918
10,1,2030,0,demand,0.5833091961193829
10,2,2030,0,demand,0.5749235035020973
10,3,2030,0,demand,0.5599117406614132
10,4,2030,0,demand,0.5469859820071857
10,5,2030,0,demand,0.5561095817371015
10,6,2030,0,demand,0.5828516076023076
10,7,2030,0,demand,0.6025843901438791
10,8,2030,0,demand,0.6370598815696572
10,9,2030,0,demand,0.6961916781284556
10,10,2030,0,demand,0.7324667087593614
10,11,2030,0,demand,0.7541251402411596
10,12,2030,0,demand,0.801025556217791
10,13,2030,0,demand,0.8135004824486911
10,14,2030,0,demand,0.8087255398206225
10,15,2030,0,demand,0.8035342509629961
10,16,2030,0,demand,0.79372674730099
10,17,2030,0,demand,0.7741766046277648
10,18,2030,0,demand,0.7517994797346145
10,19,2030,0,demand,0.7332892205451526
10,20,2030,0,demand,0.7257919639181113
10,21,2030,0,demand,0.7160787232558404
10,22,2030,0,demand,0.6630406696949149
10,23,2030,0,demand,0.6186295236714991
10,24,2030,0,demand,0.5939593352838269
10,1,2030,0,solar,0.0
10,2,2030,0,solar,0.0
10,3,2030,0,solar,0.0
10,4,2030,0,solar,0.0
10,5,2030,0,solar,0.0
10,6,2030,0,solar,0.0
10,7,2030,0,solar,0.00885075017403794
10,8,2030,0,solar,0.10317016108684224
10,9,2030,0,solar,0.23992505799451988
10,10,2030,0,solar,0.3569823206737753
10,11,2030,0,solar,0.4269778434466431
10,12,2030,0,solar,0.47949029570683
10,13,2030,0,solar,0.503042013405296
10,14,2030,0,solar,0.4939095546873231
10,15,2030,0,solar,0.45845763546556023
10,16,2030,0,solar,0.4006311328266278
10,17,2030,0,solar,0.3094033715454493
10,18,2030,0,solar,0.18722132862993104
10,19,2030,0,solar,0.060253016066101485
10,20,2030,0,solar,0.0006219427049633625
10,21,2030,0,solar,0.0
10,22,2030,0,solar,0.0
10,23,2030,0,solar,0.0
10,24,2030,0,solar,0.0
10,1,2030,0,wind_offshore,0.06298404976427452
10,2,2030,0,wind_offshore,0.05818620198649689
10,3,2030,0,wind_offshore,0.062024209367059775
10,4,2030,0,wind_offshore,0.0728533644837073
10,5,2030,0,wind_offshore,0.06733786122997563
10,6,2030,0,wind_offshore,0.0440279115522192
10,7,2030,0,wind_offshore,0.013600027855590358
10,8,2030,0,wind_offshore,0.002909297444825516
10,9,2030,0,wind_offshore,0.0010645923756973724
10,10,2030,0,wind_offshore,0.005205021820870523
10,11,2030,0,wind_offshore,0.024988480293797705
10,12,2030,0,wind_offshore,0.05450035263291515
10,13,2030,0,wind_offshore,0.08307188288910156
10,14,2030,0,wind_offshore,0.10205168579060875
10,15,2030,0,wind_offshore,0.13704705168666004
10,16,2030,0,wind_offshore,0.17169800544284178
10,17,2030,0,wind_offshore,0.20052234714121484
10,18,2030,0,wind_offshore,0.24058609530572167
10,19,2030,0,wind_offshore,0.2554108587575606
10,20,2030,0,wind_offshore,0.2521638419672391
10,21,2030,0,wind_offshore,0.24458606683446982
10,22,2030,0,wind_offshore,0.23874578811676284
10,23,2030,0,wind_offshore,0.20476687177082023
10,24,2030,0,wind_offshore,0.22644181648461212
10,1,2030,0,wind_onshore,0.15350489406747495
10,2,2030,0,wind_onshore,0.15064482791590336
10,3,2030,0,wind_onshore,0.13511347420128997
10,4,2030,0,wind_onshore,0.12547664106350845
10,5,2030,0,wind_onshore,0.10918026851299735
10,6,2030,0,wind_onshore,0.0953211295911282
10,7,2030,0,wind_onshore,0.07922612883583656
10,8,2030,0,wind_onshore,0.0624254128983551
10,9,2030,0,wind_onshore,0.053443969446404914
10,10,2030,0,wind_onshore,0.05164954980838994
10,11,2030,0,wind_onshore,0.048649026429978405
10,12,2030,0,wind_onshore,0.05867924884030717
10,13,2030,0,wind_onshore,0.07706091124483044
10,14,2030,0,wind_onshore,0.0950093451799333
10,15,2030,0,wind_onshore,0.11338920580445049
10,16,2030,0,wind_onshore,0.12996029523780342
10,17,2030,0,wind_onshore,0.14439139814607366
10,18,2030,0,wind_onshore,0.15634053339710924
10,19,2030,0,wind_onshore,0.1661649088523554
10,20,2030,0,wind_onshore,0.16777170934450863
10,21,2030,0,wind_onshore,0.1768791662773649
10,22,2030,0,wind_onshore,0.1662977397892993
10,23,2030,0,wind_onshore,0.1353956963009475
10,24,2030,0,wind_onshore,0.12059606968384211
11,1,2030,0,demand,0.48626544158170626
11,2,2030,0,demand,0.4879424905505765
11,3,2030,0,demand,0.48204896719582824
11,4,2030,0,demand,0.48038714028693424
11,5,2030,0,demand,0.48716488992656665
11,6,2030,0,demand,0.5170225169749826
11,7,2030,0,demand,0.5596090850613358
11,8,2030,0,demand,0.5923044123203912
11,9,2030,0,demand,0.6132901920623484
11,10,2030,0,demand,0.6380419091677442
11,11,2030,0,demand,0.6344231577152432
11,12,2030,0,demand,0.638116820272311
11,13,2030,0,demand,0.6189399919301224
11,14,2030,0,demand,0.6138375553576308
11,15,2030,0,demand,0.6113840162861817
11,16,2030,0,demand,0.610601586000638
11,17,2030,0,demand,0.6043579603925261
11,18,2030,0,demand,0.6068195024879157
11,19,2030,0,demand,0.6271736054441573
11,20,2030,0,demand,0.6313697770358537
11,21,2030,0,demand,0.6233611712666273
11,22,2030,0,demand,0.5760321765896368
11,23,2030,0,demand,0.5320046057490716
11,24,2030,0,demand,0.5279252839997908
11,1,2030,0,solar,0.0
11,2,2030,0,solar,0.0
11,3,2030,0,solar,0.0
11,4,2030,0,solar,0.0
11,5,2030,0,solar,0.0
11,6,2030,0,solar,0.0
11,7,2030,0,solar,0.00035220333607459604
11,8,2030,0,solar,0.07212110255140304
11,9,2030,0,solar,0.20594795690800818
11,10,2030,0,solar,0.33194611117464184
11,11,2030,0,solar,0.40877116125956575
11,12,2030,0,solar,0.4669885393883763
11,13,2030,0,solar,0.4893995527550822
11,14,2030,0,solar,0.47814692090389066
11,15,2030,0,solar,0.426485289697766
11,16,2030,0,solar,0.3416075991716554
11,17,2030,0,solar,0.23545828075681655
11,18,2030,0,solar,0.10471759783556793
11,19,2030,0,solar,0.009819213540432694
11,20,2030,0,solar,0.0
11,21,2030,0,solar,0.0
11,22,2030,0,solar,0.0
11,23,2030,0,solar,0.0
11,24,2030,0,solar,0.0
11,1,2030,0,wind_offshore,0.6209598156434925
11,2,2030,0,wind_offshore,0.6261065071568593
11,3,2030,0,wind_offshore,0.6361626082684051
11,4,2030,0,wind_offshore,0.6429406150983027
11,5,2030,0,wind_offshore,0.5966644952274275
11,6,2030,0,wind_offshore,0.4637958324583236
11,7,2030,0,wind_offshore,0.41939639089680664
11,8,2030,0,wind_offshore,0.3387932849672002
11,9,2030,0,wind_offshore,0.27626575868638326
11,10,2030,0,wind_offshore,0.24181496323318882
11,11,2030,0,wind_offshore,0.1438774634480294
11,12,2030,0,wind_offshore,0.1808629873239937
11,13,2030,0,wind_offshore,0.20107541843540677
11,14,2030,0,wind_offshore,0.20029343724426285
11,15,2030,0,wind_offshore,0.22300877312956985
11,16,2030,0,wind_offshore,0.28402502187082396
11,17,2030,0,wind_offshore,0.32249766561397597
11,18,2030,0,wind_offshore,0.32887824948097544
11,19,2030,0,wind_offshore,0.32808739054007036
11,20,2030,0,wind_offshore,0.3712667993306539
11,21,2030,0,wind_offshore,0.4134028444833017
11,22,2030,0,wind_offshore,0.4413262947656726
11,23,2030,0,wind_offshore,0.44585186444395164
11,24,2030,0,wind_offshore,0.4973260028331086
11,1,2030,0,wind_onshore,0.16774280740600298
11,2,2030,0,wind_onshore,0.17441594114267836
11,3,2030,0,wind_onshore,0.17409847013497684
11,4,2030,0,wind_onshore,0.16906734744674917
11,5,2030,0,wind_onshore,0.16686919219831997
11,6,2030,0,wind_onshore,0.17093196693920518
11,7,2030,0,wind_onshore,0.17207356573098082
11,8,2030,0,wind_onshore,0.16294072308371116
11,9,2030,0,wind_onshore,0.13838947464253046
11,10,2030,0,wind_onshore,0.14011257901101762
11,11,2030,0,wind_onshore,0.1214088905669804
11,12,2030,0,wind_onshore,0.1136805941882367
11,13,2030,0,wind_onshore,0.11198662320670745
11,14,2030,0,wind_onshore,0.12708509203223045
11,15,2030,0,wind_onshore,0.14557779057074127
11,16,2030,0,wind_onshore,0.16347649543172257
11,17,2030,0,wind_onshore,0.1802744326006555
11,18,2030,0,wind_onshore,0.1806709466423695
11,19,2030,0,wind_onshore,0.16554598601741102
11,20,2030,0,wind_onshore,0.17125871027317013
11,21,2030,0,wind_onshore,0.157387265383063
11,22,2030,0,wind_onshore,0.1436627539745507
11,23,2030,0,wind_onshore,0.1351812026619272
11,24,2030,0,wind_onshore,0.13566607678731407
12,1,2030,0,demand,0.5177055535132711
12,2,2030,0,demand,0.5037753969535341
12,3,2030,0,demand,0.48721418217821905
12,4,2030,0,demand,0.4801612631817881
12,5,2030,0,demand,0.48504623788664203
12,6,2030,0,demand,0.518415611781766
12,7,2030,0,demand,0.5609346921802689
12,8,2030,0,demand,0.6192799717044791
12,9,2030,0,demand,0.6454319959845229
12,10,2030,0,demand,0.6747385273559645
12,11,2030,0,demand,0.6894197642830426
12,12,2030,0,demand,0.6876029913099714
12,13,2030,0,demand,0.667679451519816
12,14,2030,0,demand,0.6546827445188621
12,15,2030,0,demand,0.6341267158065143
12,16,2030,0,demand,0.6248523605297372
12,17,2030,0,demand,0.6338796525653181
12,18,2030,0,demand,0.6521734490663887
12,19,2030,0,demand,0.6639456269989492
12,20,2030,0,demand,0.6897669391967534
12,21,2030,0,demand,0.6954323003265791
12,22,2030,0,demand,0.6566887774744441
12,23,2030,0,demand,0.6062177101605317
12,24,2030,0,demand,0.5778679894668176
12,1,2030,0,solar,0.0
12,2,2030,0,solar,0.0
12,3,2030,0,solar,0.0
12,4,2030,0,solar,0.0
12,5,2030,0,solar,0.0
12,6,2030,0,solar,0.0
12,7,2030,0,solar,0.0
12,8,2030,0,solar,0.0
12,9,2030,0,solar,0.03860697925850608
12,10,2030,0,solar,0.1568028175659564
12,11,2030,0,solar,0.26645115478826503
12,12,2030,0,solar,0.33687835338438843
12,13,2030,0,solar,0.3783732992297362
12,14,2030,0,solar,0.3810126350115212
12,15,2030,0,solar,0.3309490135984206
12,16,2030,0,solar,0.24915532222249726
12,17,2030,0,solar,0.12864108990349715
12,18,2030,0,solar,0.0034801372186177753
12,19,2030,0,solar,0.0
12,20,2030,0,solar,0.0
12,21,2030,0,solar,0.0
12,22,2030,0,solar,0.0
12,23,2030,0,solar,0.0
12,24,2030,0,solar,0.0
12,1,2030,0,wind_offshore,0.38516095775783243
12,2,2030,0,wind_offshore,0.5551590826502211
12,3,2030,0,wind_offshore,0.6114202144394698
12,4,2030,0,wind_offshore,0.51556844939485
12,5,2030,0,wind_offshore,0.5303612328932267
12,6,2030,0,wind_offshore,0.5375642627462371
12,7,2030,0,wind_offshore,0.38038650186648926
12,8,2030,0,wind_offshore,0.2513809944564074
12,9,2030,0,wind_offshore,0.2362381022160088
12,10,2030,0,wind_offshore,0.33403373623358046
12,11,2030,0,wind_offshore,0.3513203398454132
12,12,2030,0,wind_offshore,0.3029028681220214
12,13,2030,0,wind_offshore,0.24009795753738858
12,14,2030,0,wind_offshore,0.2318385700023794
12,15,2030,0,wind_offshore,0.17487650543360578
12,16,2030,0,wind_offshore,0.15997739544989345
12,17,2030,0,wind_offshore,0.200788298278075
12,18,2030,0,wind_offshore,0.19709544962623365
12,19,2030,0,wind_offshore,0.20662002929226342
12,20,2030,0,wind_offshore,0.23514257367751107
12,21,2030,0,wind_offshore,0.23841709568113117
12,22,2030,0,wind_offshore,0.21124890231508492
12,23,2030,0,wind_offshore,0.166469529217123
12,24,2030,0,wind_offshore,0.16587773537734984
12,1,2030,0,wind_onshore,0.2195393114004904
12,2,2030,0,wind_onshore,0.22893881656531942
12,3,2030,0,wind_onshore,0.24099480729774622
12,4,2030,0,wind_onshore,0.2534533122940724
12,5,2030,0,wind_onshore,0.2687213917224992
12,6,2030,0,wind_onshore,0.2915267374407094
12,7,2030,0,wind_onshore,0.31324104604332154
12,8,2030,0,wind_onshore,0.3238183019390128
12,9,2030,0,wind_onshore,0.32477493563315574
12,10,2030,0,wind_onshore,0.3281166951003566
12,11,2030,0,wind_onshore,0.3116442755464076
12,12,2030,0,wind_onshore,0.34601239643228177
12,13,2030,0,wind_onshore,0.37070397164441077
12,14,2030,0,wind_onshore,0.37656375016989374
12,15,2030,0,wind_onshore,0.370970576476551
12,16,2030,0,wind_onshore,0.3555481645525488
12,17,2030,0,wind_onshore,0.32580263692928507
12,18,2030,0,wind_onshore,0.33291638203476104
12,19,2030,0,wind_onshore,0.33790432597155706
12,20,2030,0,wind_onshore,0.34436318227148444
12,21,2030,0,wind_onshore,0.3450881905261887
12,22,2030,0,wind_onshore,0.33531299916955054
12,23,2030,0,wind_onshore,0.29989985671604524
12,24,2030,0,wind_onshore,0.28710570366635996
13,1,2030,0,demand,0.49352756205760184
13,2,2030,0,demand,0.47096719591808545
13,3,2030,0,demand,0.45985505575349944
13,4,2030,0,demand,0.4357970205476009
13,5,2030,0,demand,0.4267047419185101
13,6,2030,0,demand,0.4167038136665051
13,7,2030,0,demand,0.42416113361144625
13,8,2030,0,demand,0.4555238184993861
13,9,2030,0,demand,0.48557822373033777
13,10,2030,0,demand,0.5207484675050325
13,11,2030,0,demand,0.533778709269886
13,12,2030,0,demand,0.5382875152814257
13,13,2030,0,demand,0.5438889915056239
13,14,2030,0,demand,0.5455501561004563
13,15,2030,0,demand,0.5323259088608401
13,16,2030,0,demand,0.5193356596236263
13,17,2030,0,demand,0.5169614360076337
13,18,2030,0,demand,0.5423309369000477
13,19,2030,0,demand,0.5733004530538134
13,20,2030,0,demand,0.5963731513385666
13,21,2030,0,demand,0.6128345202280691
13,22,2030,0,demand,0.5989436060071981
13,23,2030,0,demand,0.560837509194718
13,24,2030,0,demand,0.5424772069177598
13,1,2030,0,solar,0.0
13,2,2030,0,solar,0.0
13,3,2030,0,solar,0.0
13,4,2030,0,solar,0.0
13,5,2030,0,solar,0.0
13,6,2030,0,solar,0.0
13,7,2030,0,solar,0.0
13,8,2030,0,solar,0.0
13,9,2030,0,solar,0.057505244684119904
13,10,2030,0,solar,0.17470121953074447
13,11,2030,0,solar,0.28693167060635727
13,12,2030,0,solar,0.3644551200303933
13,13,2030,0,solar,0.3997950191414384
13,14,2030,0,solar,0.40484243904152156
13,15,2030,0,solar,0.35279242870946076
13,16,2030,0,solar,0.26934123930187737
13,17,2030,0,solar,0.15299021008277003
13,18,2030,0,solar,0.027791166089326892
13,19,2030,0,solar,0.0
13,20,2030,0,solar,0.0
13,21,2030,0,solar,0.0
13,22,2030,0,solar,0.0
13,23,2030,0,solar,0.0
13,24,2030,0,solar,0.0
13,1,2030,0,wind_offshore,0.6571556893238313
13,2,2030,0,wind_offshore,0.6619112500595149
13,3,2030,0,wind_offshore,0.6600911472079698
13,4,2030,0,wind_offshore,0.6594906804312883
13,5,2030,0,wind_offshore,0.6607365392732402
13,6,2030,0,wind_offshore,0.6684091181576125
13,7,2030,0,wind_offshore,0.6615631963737348
13,8,2030,0,wind_offshore,0.6534699106076965
13,9,2030,0,wind_offshore,0.6416184995918692
13,10,2030,0,wind_offshore,0.6322896195096522
13,11,2030,0,wind_offshore,0.6600657608226453
13,12,2030,0,wind_offshore,0.6511820443144192
13,13,2030,0,wind_offshore,0.6503094130211108
13,14,2030,0,wind_offshore,0.6362452243049538
13,15,2030,0,wind_offshore,0.6374263960560121
13,16,2030,0,wind_offshore,0.6407915271269472
13,17,2030,0,wind_offshore,0.6339461627317919
13,18,2030,0,wind_offshore,0.6191660650580461
13,19,2030,0,wind_offshore,0.6025574522815142
13,20,2030,0,wind_offshore,0.583950953212879
13,21,2030,0,wind_offshore,0.5822639254069127
13,22,2030,0,wind_offshore,0.5922875857183638
13,23,2030,0,wind_offshore,0.6093998067301886
13,24,2030,0,wind_offshore,0.6026790881852129
13,1,2030,0,wind_onshore,0.3574810766906521
13,2,2030,0,wind_onshore,0.34521696857184986
13,3,2030,0,wind_onshore,0.3287255467983369
13,4,2030,0,wind_onshore,0.3125569025298045
13,5,2030,0,wind_onshore,0.30143926812599875
13,6,2030,0,wind_onshore,0.3006884341062113
13,7,2030,0,wind_onshore,0.30144343608639695
13,8,2030,0,wind_onshore,0.31256321494994754
13,9,2030,0,wind_onshore,0.31947393636270377
13,10,2030,0,wind_onshore,0.32005105733120215
13,11,2030,0,wind_onshore,0.31088027920497746
13,12,2030,0,wind_onshore,0.32471767932320583
13,13,2030,0,wind_onshore,0.3293423967410074
13,14,2030,0,wind_onshore,0.3370203469004904
13,15,2030,0,wind_onshore,0.34568638377306343
13,16,2030,0,wind_onshore,0.3433663603755955
13,17,2030,0,wind_onshore,0.3267502423168264
13,18,2030,0,wind_onshore,0.3306712585267637
13,19,2030,0,wind_onshore,0.3404131408432298
13,20,2030,0,wind_onshore,0.3534081377766672
13,21,2030,0,wind_onshore,0.362949907103764
13,22,2030,0,wind_onshore,0.3649178402880548
13,23,2030,0,wind_onshore,0.3727503785118497
13,24,2030,0,wind_onshore,0.38044569216807894
14,1,2030,0,demand,0.5050524621358762
14,2,2030,0,demand,0.48816329938890596
14,3,2030,0,demand,0.4676393923018942
14,4,2030,0,demand,0.4483487668929721
14,5,2030,0,demand,0.439489939343622
14,6,2030,0,demand,0.43484546666232465
14,7,2030,0,demand,0.44059398118932647
14,8,2030,0,demand,0.4694986286697889
14,9,2030,0,demand,0.5101133398322794
14,10,2030,0,demand,0.5441311890653429
14,11,2030,0,demand,0.5638080675998812
14,12,2030,0,demand,0.5661090749519896
14,13,2030,0,demand,0.5701751217237966
14,14,2030,0,demand,0.5740488087299893
14,15,2030,0,demand,0.5596485587950923
14,16,2030,0,demand,0.5401216771427653
14,17,2030,0,demand,0.5355826776080865
14,18,2030,0,demand,0.552453852660188
14,19,2030,0,demand,0.5850057759765825
14,20,2030,0,demand,0.6018319201612535
14,21,2030,0,demand,0.613843493007701
14,22,2030,0,demand,0.5967470185543319
14,23,2030,0,demand,0.5622796027592896
14,24,2030,0,demand,0.5321249292315017
14,1,2030,0,solar,0.0
14,2,2030,0,solar,0.0
14,3,2030,0,solar,0.0
14,4,2030,0,solar,0.0
14,5,2030,0,solar,0.0
14,6,2030,0,solar,0.0
14,7,2030,0,solar,0.0
14,8,2030,0,solar,0.0
14,9,2030,0,solar,0.03581753200794608
14,10,2030,0,solar,0.14927971530389916
14,11,2030,0,solar,0.24904701747864466
14,12,2030,0,solar,0.3127374032488193
14,13,2030,0,solar,0.3319199436159395
14,14,2030,0,solar,0.3326417388584882
14,15,2030,0,solar,0.2929482717056456
14,16,2030,0,solar,0.212414219367784
14,17,2030,0,solar,0.10686296340742882
14,18,2030,0,solar,0.00041283325341376944
14,19,2030,0,solar,0.0
14,20,2030,0,solar,0.0
14,21,2030,0,solar,0.0
14,22,2030,0,solar,0.0
14,23,2030,0,solar,0.0
14,24,2030,0,solar,0.0
14,1,2030,0,wind_offshore,0.6281322452546625
14,2,2030,0,wind_offshore,0.6360322867144704
14,3,2030,0,wind_offshore,0.6379264718926984
14,4,2030,0,wind_offshore,0.6592725858819521
14,5,2030,0,wind_offshore,0.6541108227605195
14,6,2030,0,wind_offshore,0.6317881680545263
14,7,2030,0,wind_offshore,0.6215359126890176
14,8,2030,0,wind_offshore,0.6128449205479684
14,9,2030,0,wind_offshore,0.5364181728054843
14,10,2030,0,wind_offshore,0.4794669386624041
14,11,2030,0,wind_offshore,0.437701113238057
14,12,2030,0,wind_offshore,0.4819457492425537
14,13,2030,0,wind_offshore,0.4059858392141732
14,14,2030,0,wind_offshore,0.3529278213012682
14,15,2030,0,wind_offshore,0.359831254170967
14,16,2030,0,wind_offshore,0.32531498944097625
14,17,2030,0,wind_offshore,0.2901630785734968
14,18,2030,0,wind_offshore,0.28217091662392346
14,19,2030,0,wind_offshore,0.3058226667662576
14,20,2030,0,wind_offshore,0.3086067721617722
14,21,2030,0,wind_offshore,0.2834683793075328
14,22,2030,0,wind_offshore,0.23470846989880226
14,23,2030,0,wind_offshore,0.20781186461393572
14,24,2030,0,wind_offshore,0.17415469308820486
14,1,2030,0,wind_onshore,0.3150839389261905
14,2,2030,0,wind_onshore,0.3199524193367347
14,3,2030,0,wind_onshore,0.3445885226394626
14,4,2030,0,wind_onshore,0.3800983869929006
14,5,2030,0,wind_onshore,0.41008071210124913
14,6,2030,0,wind_onshore,0.4322043822263799
14,7,2030,0,wind_onshore,0.4474508425142591
14,8,2030,0,wind_onshore,0.4769515546230802
14,9,2030,0,wind_onshore,0.4849041847189151
14,10,2030,0,wind_onshore,0.4811270661314647
14,11,2030,0,wind_onshore,0.42726064287289106
14,12,2030,0,wind_onshore,0.48073471870127593
14,13,2030,0,wind_onshore,0.551497086580557
14,14,2030,0,wind_onshore,0.5576444580394336
14,15,2030,0,wind_onshore,0.5565129559764884
14,16,2030,0,wind_onshore,0.5433113768744682
14,17,2030,0,wind_onshore,0.5170412593441053
14,18,2030,0,wind_onshore,0.504520805807593
14,19,2030,0,wind_onshore,0.5094374136063574
14,20,2030,0,wind_onshore,0.5049240482270931
14,21,2030,0,wind_onshore,0.5059032213085356
14,22,2030,0,wind_onshore,0.49730228291032286
14,23,2030,0,wind_onshore,0.5046781827586925
14,24,2030,0,wind_onshore,0.4804858227045348
15,1,2030,0,demand,0.5417711683004034
15,2,2030,0,demand,0.530941537941107
15,3,2030,0,demand,0.5176941142845738
15,4,2030,0,demand,0.5047286962575621
15,5,2030,0,demand,0.514303213183424
15,6,2030,0,demand,0.5290264197454132
15,7,2030,0,demand,0.5683498991220208
15,8,2030,0,demand,0.6154913064402528
15,9,2030,0,demand,0.6330390112485027
15,10,2030,0,demand,0.6505952170913061
15,11,2030,0,demand,0.6546149051872796
15,12,2030,0,demand,0.6614011936015864
15,13,2030,0,demand,0.6658463820688795
15,14,2030,0,demand,0.6542440181353143
15,15,2030,0,demand,0.6359094418610466
15,16,2030,0,demand,0.6258249324311914
15,17,2030,0,demand,0.6287364366020162
15,18,2030,0,demand,0.6386829135265037
15,19,2030,0,demand,0.6615938257878715
15,20,2030,0,demand,0.6865672654001894
15,21,2030,0,demand,0.6735751925109644
15,22,2030,0,demand,0.6202631140469518
15,23,2030,0,demand,0.5710584199858006
15,24,2030,0,demand,0.553673914338247
15,1,2030,0,solar,0.0
15,2,2030,0,solar,0.0
15,3,2030,0,solar,0.0
15,4,2030,0,solar,0.0
15,5,2030,0,solar,0.0
15,6,2030,0,solar,0.0
15,7,2030,0,solar,0.0
15,8,2030,0,solar,0.0009599044385728957
15,9,2030,0,solar,0.10600950160635957
15,10,2030,0,solar,0.21976265886392024
15,11,2030,0,solar,0.29466431915004837
15,12,2030,0,solar,0.33694168337937974
15,13,2030,0,solar,0.3424377958117242
15,14,2030,0,solar,0.30414852927550473
15,15,2030,0,solar,0.2353824472546898
15,16,2030,0,solar,0.14932668191474766
15,17,2030,0,solar,0.05873092222502833
15,18,2030,0,solar,0.0
15,19,2030,0,solar,0.0
15,20,2030,0,solar,0.0
15,21,2030,0,solar,0.0
15,22,2030,0,solar,0.0
15,23,2030,0,solar,0.0
15,24,2030,0,solar,0.0
15,1,2030,0,wind_offshore,0.4064465983520503
15,2,2030,0,wind_offshore,0.3862512966667656
15,3,2030,0,wind_offshore,0.38557150337357504
15,4,2030,0,wind_offshore,0.4077599354780693
15,5,2030,0,wind_offshore,0.42655203391616014
15,6,2030,0,wind_offshore,0.4125085344684205
15,7,2030,0,wind_offshore,0.38158551261043716
15,8,2030,0,wind_offshore,0.28759008389860213
15,9,2030,0,wind_offshore,0.19317868092243803
15,10,2030,0,wind_offshore,0.11280151677627756
15,11,2030,0,wind_offshore,0.1271762548431042
15,12,2030,0,wind_offshore,0.09095870693081846
15,13,2030,0,wind_offshore,0.07679575198037142
15,14,2030,0,wind_offshore,0.05023225735087366
15,15,2030,0,wind_offshore,0.02406054237473198
15,16,2030,0,wind_offshore,0.009565082431097337
15,17,2030,0,wind_offshore,0.00561243227916006
15,18,2030,0,wind_offshore,0.011466698095541664
15,19,2030,0,wind_offshore,0.025998236647633257
15,20,2030,0,wind_offshore,0.03667153527279871
15,21,2030,0,wind_offshore,0.03488837709429004
15,22,2030,0,wind_offshore,0.03960191504127156
15,23,2030,0,wind_offshore,0.05337703523306414
15,24,2030,0,wind_offshore,0.03763490966681878
15,1,2030,0,wind_onshore,0.026747331624703274
15,2,2030,0,wind_onshore,0.02180235711668347
15,3,2030,0,wind_onshore,0.020613835595603817
15,4,2030,0,wind_onshore,0.01948314148667597
15,5,2030,0,wind_onshore,0.02003827932959224
15,6,2030,0,wind_onshore,0.023949330855675317
15,7,2030,0,wind_onshore,0.02781861337736819
15,8,2030,0,wind_onshore,0.034291298833408354
15,9,2030,0,wind_onshore,0.039246909350175184
15,10,2030,0,wind_onshore,0.03853465136850355
15,11,2030,0,wind_onshore,0.025301333109629322
15,12,2030,0,wind_onshore,0.03533996768161021
15,13,2030,0,wind_onshore,0.04602607738969043
15,14,2030,0,wind_onshore,0.05963628600584862
15,15,2030,0,wind_onshore,0.07316500513618387
15,16,2030,0,wind_onshore,0.08585188000378507
15,17,2030,0,wind_onshore,0.08811112771396575
15,18,2030,0,wind_onshore,0.10432697148306762
15,19,2030,0,wind_onshore,0.11644624607621726
15,20,2030,0,wind_onshore,0.11536376744432177
15,21,2030,0,wind_onshore,0.11210397857163806
15,22,2030,0,wind_onshore,0.11748230084866089
15,23,2030,0,wind_onshore,0.113978479556374
15,24,2030,0,wind_onshore,0.1342190241191836
16,1,2030,0,demand,0.5159670386151645
16,2,2030,0,demand,0.5022774713392957
16,3,2030,0,demand,0.49898777001144684
16,4,2030,0,demand,0.490961995157033
16,5,2030,0,demand,0.4978417010852328
16,6,2030,0,demand,0.523743273103114
16,7,2030,0,demand,0.5708252665001351
16,8,2030,0,demand,0.6172695455331798
16,9,2030,0,demand,0.6596575096450252
16,10,2030,0,demand,0.6759421814804186
16,11,2030,0,demand,0.6831565528607009
16,12,2030,0,demand,0.6913866305154319
16,13,2030,0,demand,0.6794330357115328
16,14,2030,0,demand,0.668924477283449
16,15,2030,0,demand,0.6580789841467642
16,16,2030,0,demand,0.6478583253888138
16,17,2030,0,demand,0.6547431825735468
16,18,2030,0,demand,0.6621905575285782
16,19,2030,0,demand,0.6872562236768359
16,20,2030,0,demand,0.711179633163689
16,21,2030,0,demand,0.7061300998169066
16,22,2030,0,demand,0.6543540402125655
16,23,2030,0,demand,0.6020198998788815
16,24,2030,0,demand,0.5726750049996584
16,1,2030,0,solar,0.0
16,2,2030,0,solar,0.0
16,3,2030,0,solar,0.0
16,4,2030,0,solar,0.0
16,5,2030,0,solar,0.0
16,6,2030,0,solar,0.0
16,7,2030,0,solar,0.0
16,8,2030,0,solar,0.0
16,9,2030,0,solar,0.028456453728957425
16,10,2030,0,solar,0.08957440661708302
16,11,2030,0,solar,0.15659313619573642
16,12,2030,0,solar,0.20248529232434004
16,13,2030,0,solar,0.21573281186093565
16,14,2030,0,solar,0.19412891282827183
16,15,2030,0,solar,0.16348204405029812
16,16,2030,0,solar,0.12196424958457963
16,17,2030,0,solar,0.0692705957925356
16,18,2030,0,solar,0.018449424495162767
16,19,2030,0,solar,0.0
16,20,2030,0,solar,0.0
16,21,2030,0,solar,0.0
16,22,2030,0,solar,0.0
16,23,2030,0,solar,0.0
16,24,2030,0,solar,0.0
16,1,2030,0,wind_offshore,0.6590623355649035
16,2,2030,0,wind_offshore,0.6641987351568649
16,3,2030,0,wind_offshore,0.6683171619190298
16,4,2030,0,wind_offshore,0.6746411129326229
16,5,2030,0,wind_offshore,0.6772075688880905
16,6,2030,0,wind_offshore,0.6766185635118315
16,7,2030,0,wind_offshore,0.6661874016432708
16,8,2030,0,wind_offshore,0.6600568566078893
16,9,2030,0,wind_offshore,0.6592445620089422
16,10,2030,0,wind_offshore,0.663749530448223
16,11,2030,0,wind_offshore,0.6571066247603957
16,12,2030,0,wind_offshore,0.6604553247808691
16,13,2030,0,wind_offshore,0.6508310327063243
16,14,2030,0,wind_offshore,0.645380004041474
16,15,2030,0,wind_offshore,0.6645009998835826
16,16,2030,0,wind_offshore,0.6659418230335213
16,17,2030,0,wind_offshore,0.6555358343835693
16,18,2030,0,wind_offshore,0.6424068900278779
16,19,2030,0,wind_offshore,0.6476658375988866
16,20,2030,0,wind_offshore,0.6531447729718578
16,21,2030,0,wind_offshore,0.6560292852454503
16,22,2030,0,wind_offshore,0.6586527789497492
16,23,2030,0,wind_offshore,0.6567581202312252
16,24,2030,0,wind_offshore,0.639661533088257
16,1,2030,0,wind_onshore,0.33659619155212095
16,2,2030,0,wind_onshore,0.3446057252352698
16,3,2030,0,wind_onshore,0.3463486081929753
16,4,2030,0,wind_onshore,0.3513975222225002
16,5,2030,0,wind_onshore,0.35788769296044504
16,6,2030,0,wind_onshore,0.3701200594958673
16,7,2030,0,wind_onshore,0.3773178155528951
16,8,2030,0,wind_onshore,0.3763058436102387
16,9,2030,0,wind_onshore,0.38094855235712494
16,10,2030,0,wind_onshore,0.38746127472058167
16,11,2030,0,wind_onshore,0.3991244886860045
16,12,2030,0,wind_onshore,0.4368943572475175
16,13,2030,0,wind_onshore,0.457830048632054
16,14,2030,0,wind_onshore,0.46784192683778436
16,15,2030,0,wind_onshore,0.4591467866376143
16,16,2030,0,wind_onshore,0.4626817618050186
16,17,2030,0,wind_onshore,0.45137354742112956
16,18,2030,0,wind_onshore,0.445585103490654
16,19,2030,0,wind_onshore,0.4502196373717914
16,20,2030,0,wind_onshore,0.4627759712682217
16,21,2030,0,wind_onshore,0.46099913598929826
16,22,2030,0,wind_onshore,0.46050714305892704
16,23,2030,0,wind_onshore,0.4451855147681877
16,24,2030,0,wind_onshore,0.4435800017507016
17,1,2030,0,demand,0.4433214376058166
17,2,2030,0,demand,0.432339889949778
17,3,2030,0,demand,0.4256157081472129
17,4,2030,0,demand,0.416894435609441
17,5,2030,0,demand,0.3940573985006185
17,6,2030,0,demand,0.37928343340717496
17,7,2030,0,demand,0.38684190762711634
17,8,2030,0,demand,0.40442964356381017
17,9,2030,0,demand,0.4361487296828959
17,10,2030,0,demand,0.4635545634232931
17,11,2030,0,demand,0.4873502651378176
17,12,2030,0,demand,0.47850694138679056
17,13,2030,0,demand,0.4747267657996882
17,14,2030,0,demand,0.47805689494726844
17,15,2030,0,demand,0.464467682464137
17,16,2030,0,demand,0.4560778407527717
17,17,2030,0,demand,0.4460837022211592
17,18,2030,0,demand,0.47603615284750117
17,19,2030,0,demand,0.5114359762725135
17,20,2030,0,demand,0.5284261034980934
17,21,2030,0,demand,0.5343817766226849
17,22,2030,0,demand,0.5164821768332374
17,23,2030,0,demand,0.48470750332079504
17,24,2030,0,demand,0.4648500726270864
17,1,2030,0,solar,0.0
17,2,2030,0,solar,0.0
17,3,2030,0,solar,0.0
17,4,2030,0,solar,0.0
17,5,2030,0,solar,0.0
17,6,2030,0,solar,0.0
17,7,2030,0,solar,0.0
17,8,2030,0,solar,0.010580616867111247
17,9,2030,0,solar,0.13471862479577112
17,10,2030,0,solar,0.26480783210794556
17,11,2030,0,solar,0.35258064773251147
17,12,2030,0,solar,0.4092251787456496
17,13,2030,0,solar,0.43895382790528836
17,14,2030,0,solar,0.4225097402105008
17,15,2030,0,solar,0.35971712427461444
17,16,2030,0,solar,0.26276341787419466
17,17,2030,0,solar,0.12838201541070818
17,18,2030,0,solar,0.004070005646465279
17,19,2030,0,solar,0.0
17,20,2030,0,solar,0.0
17,21,2030,0,solar,0.0
17,22,2030,0,solar,0.0
17,23,2030,0,solar,0.0
17,24,2030,0,solar,0.0
17,1,2030,0,wind_offshore,0.016872986467242015
17,2,2030,0,wind_offshore,0.02391116612970226
17,3,2030,0,wind_offshore,0.028353401344539855
17,4,2030,0,wind_offshore,0.03001297995893146
17,5,2030,0,wind_offshore,0.035424315957417886
17,6,2030,0,wind_offshore,0.053979988252308694
17,7,2030,0,wind_offshore,0.07506784612485236
17,8,2030,0,wind_offshore,0.09102740349236843
17,9,2030,0,wind_offshore,0.11649896024855634
17,10,2030,0,wind_offshore,0.16881954145454267
17,11,2030,0,wind_offshore,0.19098627463799886
17,12,2030,0,wind_offshore,0.24091592883283774
17,13,2030,0,wind_offshore,0.2791724510329296
17,14,2030,0,wind_offshore,0.33406081386793646
17,15,2030,0,wind_offshore,0.3469645313762905
17,16,2030,0,wind_offshore,0.4268373562091776
17,17,2030,0,wind_offshore,0.4951986651017517
17,18,2030,0,wind_offshore,0.5628129953265788
17,19,2030,0,wind_offshore,0.6268027417503743
17,20,2030,0,wind_offshore,0.6391298533218257
17,21,2030,0,wind_offshore,0.6359479527870424
17,22,2030,0,wind_offshore,0.6131495857620151
17,23,2030,0,wind_offshore,0.5896404938120161
17,24,2030,0,wind_offshore,0.5701736960050863
17,1,2030,0,wind_onshore,0.23789317570363017
17,2,2030,0,wind_onshore,0.23398686253011025
17,3,2030,0,wind_onshore,0.22987320496001873
17,4,2030,0,wind_onshore,0.2279223321011155
17,5,2030,0,wind_onshore,0.2295703771491008
17,6,2030,0,wind_onshore,0.231434240357111
17,7,2030,0,wind_onshore,0.23023683592865626
17,8,2030,0,wind_onshore,0.2350958750939112
17,9,2030,0,wind_onshore,0.2299737671460454
17,10,2030,0,wind_onshore,0.2321816060799574
17,11,2030,0,wind_onshore,0.24817035506133503
17,12,2030,0,wind_onshore,0.26547519759834387
17,13,2030,0,wind_onshore,0.2659853950932922
17,14,2030,0,wind_onshore,0.2600283499951112
17,15,2030,0,wind_onshore,0.2450352712408377
17,16,2030,0,wind_onshore,0.22521233164771143
17,17,2030,0,wind_onshore,0.1972231240556506
17,18,2030,0,wind_onshore,0.19273614744457482
17,19,2030,0,wind_onshore,0.19901505195478375
17,20,2030,0,wind_onshore,0.1962650364363511
17,21,2030,0,wind_onshore,0.1950151468589983
17,22,2030,0,wind_onshore,0.18522681296989804
17,23,2030,0,wind_onshore,0.15231518622191864
17,24,2030,0,wind_onshore,0.13618619278123484
18,1,2030,0,demand,0.5270345535730606
18,2,2030,0,demand,0.5079446428999658
18,3,2030,0,demand,0.49706906573503823
18,4,2030,0,demand,0.4887412484519605
18,5,2030,0,demand,0.5042269158221451
18,6,2030,0,demand,0.532684704605767
18,7,2030,0,demand,0.577913438648043
18,8,2030,0,demand,0.622941824177999
18,9,2030,0,demand,0.6601763891523692
18,10,2030,0,demand,0.6818647363949429
18,11,2030,0,demand,0.6790108867634426
18,12,2030,0,demand,0.6790239266485957
18,13,2030,0,demand,0.6721681758413377
18,14,2030,0,demand,0.6714348545594213
18,15,2030,0,demand,0.6534181337152644
18,16,2030,0,demand,0.6517706695669646
18,17,2030,0,demand,0.6476631917589031
18,18,2030,0,demand,0.6583823393880164
18,19,2030,0,demand,0.6785374244856583
18,20,2030,0,demand,0.7109847702825818
18,21,2030,0,demand,0.7045475345748736
18,22,2030,0,demand,0.6634045733381326
18,23,2030,0,demand,0.5996106124863356
18,24,2030,0,demand,0.562603293616023
18,1,2030,0,solar,0.0
18,2,2030,0,solar,0.0
18,3,2030,0,solar,0.0
18,4,2030,0,solar,0.0
18,5,2030,0,solar,0.0
18,6,2030,0,solar,0.0
18,7,2030,0,solar,0.0
18,8,2030,0,solar,0.0
18,9,2030,0,solar,0.07529778777686164
18,10,2030,0,solar,0.17591946880488452
18,11,2030,0,solar,0.258124905809455
18,12,2030,0,solar,0.30343553478496826
18,13,2030,0,solar,0.3064150435253539
18,14,2030,0,solar,0.28006388963431633
18,15,2030,0,solar,0.22605861172074454
18,16,2030,0,solar,0.15091245753727006
18,17,2030,0,solar,0.06516352392898883
18,18,2030,0,solar,0.0
18,19,2030,0,solar,0.0
18,20,2030,0,solar,0.0
18,21,2030,0,solar,0.0
18,22,2030,0,solar,0.0
18,23,2030,0,solar,0.0
18,24,2030,0,solar,0.0
18,1,2030,0,wind_offshore,0.4362022933247343
18,2,2030,0,wind_offshore,0.4515567118029353
18,3,2030,0,wind_offshore,0.5151165094268422
18,4,2030,0,wind_offshore,0.5793967578494482
18,5,2030,0,wind_offshore,0.5832683523731659
18,6,2030,0,wind_offshore,0.5584321855573898
18,7,2030,0,wind_offshore,0.5137491624514733
18,8,2030,0,wind_offshore,0.46496369377613617
18,9,2030,0,wind_offshore,0.4305255723457003
18,10,2030,0,wind_offshore,0.4133808219009018
18,11,2030,0,wind_offshore,0.3898014419317689
18,12,2030,0,wind_offshore,0.3889183977206957
18,13,2030,0,wind_offshore,0.42025698757931573
18,14,2030,0,wind_offshore,0.4514852730665771
18,15,2030,0,wind_offshore,0.46397055786473596
18,16,2030,0,wind_offshore,0.47432689985020726
18,17,2030,0,wind_offshore,0.4501821972563819
18,18,2030,0,wind_offshore,0.42420498940067364
18,19,2030,0,wind_offshore,0.3932024705268414
18,20,2030,0,wind_offshore,0.3864859664479418
18,21,2030,0,wind_offshore,0.3560749678857925
18,22,2030,0,wind_offshore,0.3343691209238662
18,23,2030,0,wind_offshore,0.3581574700256494
18,24,2030,0,wind_offshore,0.35997634260704553
18,1,2030,0,wind_onshore,0.24082693401268723
18,2,2030,0,wind_onshore,0.24243705912335495
18,3,2030,0,wind_onshore,0.23557273244718516
18,4,2030,0,wind_onshore,0.23788551779810582
18,5,2030,0,wind_onshore,0.23736455392498554
18,6,2030,0,wind_onshore,0.23948709603378784
18,7,2030,0,wind_onshore,0.23548257529106803
18,8,2030,0,wind_onshore,0.22616654424805355
18,9,2030,0,wind_onshore,0.2310584168227992
18,10,2030,0,wind_onshore,0.21276414899422622
18,11,2030,0,wind_onshore,0.20153935561419292
18,12,2030,0,wind_onshore,0.2247947700134348
18,13,2030,0,wind_onshore,0.23489360246552426
18,14,2030,0,wind_onshore,0.241770821046269
18,15,2030,0,wind_onshore,0.23552502211823217
18,16,2030,0,wind_onshore,0.214930784884612
18,17,2030,0,wind_onshore,0.17163168332340928
18,18,2030,0,wind_onshore,0.1470846113881345
18,19,2030,0,wind_onshore,0.1311047334062244
18,20,2030,0,wind_onshore,0.12752328291546497
18,21,2030,0,wind_onshore,0.1317997007117928
18,22,2030,0,wind_onshore,0.1344964245857105
18,23,2030,0,wind_onshore,0.16244503479801914
18,24,2030,0,wind_onshore,0.15292496909203387
19,1,2030,0,demand,0.47794506391815894
19,2,2030,0,demand,0.47420993021719204
19,3,2030,0,demand,0.47285114809172024
19,4,2030,0,demand,0.4629169815582269
19,5,2030,0,demand,0.4736947238926538
19,6,2030,0,demand,0.507776684509876
19,7,2030,0,demand,0.5389718873641898
19,8,2030,0,demand,0.5655846871935482
19,9,2030,0,demand,0.593027884156984
19,10,2030,0,demand,0.5959410492553658
19,11,2030,0,demand,0.5996797950506144
19,12,2030,0,demand,0.5920461927458538
19,13,2030,0,demand,0.583718797396431
19,14,2030,0,demand,0.566339988028073
19,15,2030,0,demand,0.563057093199392
19,16,2030,0,demand,0.5739055721921366
19,17,2030,0,demand,0.5697402478669601
19,18,2030,0,demand,0.5776957420848641
19,19,2030,0,demand,0.5918031204768307
19,20,2030,0,demand,0.6104549527515019
19,21,2030,0,demand,0.6051427737090187
19,22,2030,0,demand,0.5695271094559132
19,23,2030,0,demand,0.53281859976678
19,24,2030,0,demand,0.5256601058843556
19,1,2030,0,solar,0.0
19,2,2030,0,solar,0.0
19,3,2030,0,solar,0.0
19,4,2030,0,solar,0.0
19,5,2030,0,solar,0.0
19,6,2030,0,solar,0.0
19,7,2030,0,solar,0.006202608611125798
19,8,2030,0,solar,0.10173451679207574
19,9,2030,0,solar,0.24646624320119329
19,10,2030,0,solar,0.37791781953224085
19,11,2030,0,solar,0.4609364856905268
19,12,2030,0,solar,0.5114611957197261
19,13,2030,0,solar,0.5273066846760152
19,14,2030,0,solar,0.523068140346458
19,15,2030,0,solar,0.48063677356756745
19,16,2030,0,solar,0.40334373431598414
19,17,2030,0,solar,0.29245256566898264
19,18,2030,0,solar,0.15835958248979312
19,19,2030,0,solar,0.03265838227061089
19,20,2030,0,solar,5.181355767847296e-7
19,21,2030,0,solar,0.0
19,22,2030,0,solar,0.0
19,23,2030,0,solar,0.0
19,24,2030,0,solar,0.0
19,1,2030,0,wind_offshore,0.19382003241717602
19,2,2030,0,wind_offshore,0.24529702685153074
19,3,2030,0,wind_offshore,0.27451279712889654
19,4,2030,0,wind_offshore,0.3007136413475411
19,5,2030,0,wind_offshore,0.3374686513705832
19,6,2030,0,wind_offshore,0.4280584869074153
19,7,2030,0,wind_offshore,0.5206254055702108
19,8,2030,0,wind_offshore,0.5120708393871913
19,9,2030,0,wind_offshore,0.431737554475989
19,10,2030,0,wind_offshore,0.3761000672317986
19,11,2030,0,wind_offshore,0.3952088997617046
19,12,2030,0,wind_offshore,0.35362745221476277
19,13,2030,0,wind_offshore,0.301648441526492
19,14,2030,0,wind_offshore,0.24819454039445535
19,15,2030,0,wind_offshore,0.2112759398189525
19,16,2030,0,wind_offshore,0.2114922437436405
19,17,2030,0,wind_offshore,0.22674493877091062
19,18,2030,0,wind_offshore,0.2257236399428578
19,19,2030,0,wind_offshore,0.1968696047094504
19,20,2030,0,wind_offshore,0.16202396413737966
19,21,2030,0,wind_offshore,0.14901167511664984
19,22,2030,0,wind_offshore,0.13105460389132226
19,23,2030,0,wind_offshore,0.15207199800412638
19,24,2030,0,wind_offshore,0.17730886863694434
19,1,2030,0,wind_onshore,0.11223565420673766
19,2,2030,0,wind_onshore,0.11324968011672829
19,3,2030,0,wind_onshore,0.11517210426509099
19,4,2030,0,wind_onshore,0.11782382366581622
19,5,2030,0,wind_onshore,0.12247503960772904
19,6,2030,0,wind_onshore,0.12617162720868605
19,7,2030,0,wind_onshore,0.1234447007281165
19,8,2030,0,wind_onshore,0.11477601855854765
19,9,2030,0,wind_onshore,0.11646593827889203
19,10,2030,0,wind_onshore,0.14320596051717974
19,11,2030,0,wind_onshore,0.18317155968057502
19,12,2030,0,wind_onshore,0.231006789049953
19,13,2030,0,wind_onshore,0.273146184812953
19,14,2030,0,wind_onshore,0.32060716810011175
19,15,2030,0,wind_onshore,0.3459675963391465
19,16,2030,0,wind_onshore,0.3686283271724704
19,17,2030,0,wind_onshore,0.3756178383737928
19,18,2030,0,wind_onshore,0.37890234256073213
19,19,2030,0,wind_onshore,0.3552191479602804
19,20,2030,0,wind_onshore,0.3390862843097805
19,21,2030,0,wind_onshore,0.3161083956166001
19,22,2030,0,wind_onshore,0.2820647222575576
19,23,2030,0,wind_onshore,0.2335662731905796
19,24,2030,0,wind_onshore,0.20476501708745523
20,1,2030,0,demand,0.47618116523245035
20,2,2030,0,demand,0.4738657022063513
20,3,2030,0,demand,0.4758827911732745
20,4,2030,0,demand,0.4670034132315393
20,5,2030,0,demand,0.482134847429451
20,6,2030,0,demand,0.507315861300667
20,7,2030,0,demand,0.5393527501446334
20,8,2030,0,demand,0.5789158485057584
20,9,2030,0,demand,0.5973206614343718
20,10,2030,0,demand,0.6089152863408247
20,11,2030,0,demand,0.6235432407490071
20,12,2030,0,demand,0.617873011917685
20,13,2030,0,demand,0.6108353851634819
20,14,2030,0,demand,0.5918626928773766
20,15,2030,0,demand,0.5908212645427728
20,16,2030,0,demand,0.5924845479128482
20,17,2030,0,demand,0.5921127337892856
20,18,2030,0,demand,0.5869042324680753
20,19,2030,0,demand,0.5874454765852077
20,20,2030,0,demand,0.5908884435015207
20,21,2030,0,demand,0.5819219760460781
20,22,2030,0,demand,0.5467604168075647
20,23,2030,0,demand,0.5095481599502393
20,24,2030,0,demand,0.5081757799306239
20,1,2030,0,solar,0.0
20,2,2030,0,solar,0.0
20,3,2030,0,solar,0.0
20,4,2030,0,solar,0.0
20,5,2030,0,solar,0.0
20,6,2030,0,solar,0.0
20,7,2030,0,solar,0.024135001586124718
20,8,2030,0,solar,0.1117056440326363
20,9,2030,0,solar,0.22239509855162584
20,10,2030,0,solar,0.32345335770735995
20,11,2030,0,solar,0.37499748822341755
20,12,2030,0,solar,0.41446281013739317
20,13,2030,0,solar,0.4322202442568954
20,14,2030,0,solar,0.40818909569616746
20,15,2030,0,solar,0.35857787628573057
20,16,2030,0,solar,0.29703358852523454
20,17,2030,0,solar,0.217724358378138
20,18,2030,0,solar,0.13151191194161385
20,19,2030,0,solar,0.04727714485773797
20,20,2030,0,solar,0.000395311697930379
20,21,2030,0,solar,0.0
20,22,2030,0,solar,0.0
20,23,2030,0,solar,0.0
20,24,2030,0,solar,0.0
20,1,2030,0,wind_offshore,0.1568840274183893
20,2,2030,0,wind_offshore,0.14944160918170132
20,3,2030,0,wind_offshore,0.13313979673720316
20,4,2030,0,wind_offshore,0.10515615987778643
20,5,2030,0,wind_offshore,0.08308385968382948
20,6,2030,0,wind_offshore,0.06790982726196737
20,7,2030,0,wind_offshore,0.06163124328861667
20,8,2030,0,wind_offshore,0.044395324799880925
20,9,2030,0,wind_offshore,0.029190233740707828
20,10,2030,0,wind_offshore,0.019503394246128198
20,11,2030,0,wind_offshore,0.0015350668794433763
20,12,2030,0,wind_offshore,0.0004987920897580427
20,13,2030,0,wind_offshore,0.0023855837197559607
20,14,2030,0,wind_offshore,0.006256189549924024
20,15,2030,0,wind_offshore,0.013943727832328499
20,16,2030,0,wind_offshore,0.01733589024846396
20,17,2030,0,wind_offshore,0.02088949059461003
20,18,2030,0,wind_offshore,0.029214563784702392
20,19,2030,0,wind_offshore,0.03111916154222275
20,20,2030,0,wind_offshore,0.031116810476584565
20,21,2030,0,wind_offshore,0.030876874225371106
20,22,2030,0,wind_offshore,0.030373951948806707
20,23,2030,0,wind_offshore,0.03644336233063264
20,24,2030,0,wind_offshore,0.07008465066829858
20,1,2030,0,wind_onshore,0.08115552537406877
20,2,2030,0,wind_onshore,0.0794284676548554
20,3,2030,0,wind_onshore,0.07648246538174269
20,4,2030,0,wind_onshore,0.07509576078245701
20,5,2030,0,wind_onshore,0.07487430634110931
20,6,2030,0,wind_onshore,0.07395378211933192
20,7,2030,0,wind_onshore,0.07202217433360378
20,8,2030,0,wind_onshore,0.06633040017525321
20,9,2030,0,wind_onshore,0.06561669257642035
20,10,2030,0,wind_onshore,0.06523163110149051
20,11,2030,0,wind_onshore,0.060875503199584825
20,12,2030,0,wind_onshore,0.06511090973761739
20,13,2030,0,wind_onshore,0.0705111469990244
20,14,2030,0,wind_onshore,0.08022407940759424
20,15,2030,0,wind_onshore,0.1002074921586134
20,16,2030,0,wind_onshore,0.12571391824261396
20,17,2030,0,wind_onshore,0.14437772848041674
20,18,2030,0,wind_onshore,0.15323504195898383
20,19,2030,0,wind_onshore,0.15067464519975526
20,20,2030,0,wind_onshore,0.14095333553997041
20,21,2030,0,wind_onshore,0.1290250804904793
20,22,2030,0,wind_onshore,0.11319050394111847
20,23,2030,0,wind_onshore,0.10740758659841286
20,24,2030,0,wind_onshore,0.10180257074626109
21,1,2030,0,demand,0.5082893781212497
21,2,2030,0,demand,0.49159882355266277
21,3,2030,0,demand,0.47803699854179493
21,4,2030,0,demand,0.4690242618259425
21,5,2030,0,demand,0.46874055487424077
21,6,2030,0,demand,0.4876795684083557
21,7,2030,0,demand,0.5245416239314468
21,8,2030,0,demand,0.568579808753887
21,9,2030,0,demand,0.6009647975874078
21,10,2030,0,demand,0.60748330093384
21,11,2030,0,demand,0.6281385464087185
21,12,2030,0,demand,0.615248871822668
21,13,2030,0,demand,0.603519822507398
21,14,2030,0,demand,0.5926324973176957
21,15,2030,0,demand,0.5710823707795121
21,16,2030,0,demand,0.5648112482121356
21,17,2030,0,demand,0.5623412913796075
21,18,2030,0,demand,0.57274524734074
21,19,2030,0,demand,0.6069003343643289
21,20,2030,0,demand,0.6166925721093508
21,21,2030,0,demand,0.622015271565968
21,22,2030,0,demand,0.5972717440586336
21,23,2030,0,demand,0.5456966666048815
21,24,2030,0,demand,0.5363718296872538
21,1,2030,0,solar,0.0
21,2,2030,0,solar,0.0
21,3,2030,0,solar,0.0
21,4,2030,0,solar,0.0
21,5,2030,0,solar,0.0
21,6,2030,0,solar,0.0
21,7,2030,0,solar,0.0
21,8,2030,0,solar,0.045289686815013205
21,9,2030,0,solar,0.19432079476783146
21,10,2030,0,solar,0.3517684332702328
21,11,2030,0,solar,0.45520386204382773
21,12,2030,0,solar,0.5243844432466538
21,13,2030,0,solar,0.5645086465525547
21,14,2030,0,solar,0.5628232559127682
21,15,2030,0,solar,0.5097073854223348
21,16,2030,0,solar,0.4207464885142039
21,17,2030,0,solar,0.2978604970288567
21,18,2030,0,solar,0.1429872373956325
21,19,2030,0,solar,0.018924331510910268
21,20,2030,0,solar,0.0
21,21,2030,0,solar,0.0
21,22,2030,0,solar,0.0
21,23,2030,0,solar,0.0
21,24,2030,0,solar,0.0
21,1,2030,0,wind_offshore,0.6217567500328491
21,2,2030,0,wind_offshore,0.6219187084788829
21,3,2030,0,wind_offshore,0.6164147574083991
21,4,2030,0,wind_offshore,0.6162048849040181
21,5,2030,0,wind_offshore,0.6163555668928317
21,6,2030,0,wind_offshore,0.6155845887013566
21,7,2030,0,wind_offshore,0.6121154218018191
21,8,2030,0,wind_offshore,0.6213833754667842
21,9,2030,0,wind_offshore,0.6284179322174368
21,10,2030,0,wind_offshore,0.631304482569182
21,11,2030,0,wind_offshore,0.6321117024637488
21,12,2030,0,wind_offshore,0.6405565597227024
21,13,2030,0,wind_offshore,0.6457115646996088
21,14,2030,0,wind_offshore,0.6414611098306926
21,15,2030,0,wind_offshore,0.6298223307681398
21,16,2030,0,wind_offshore,0.625707735614881
21,17,2030,0,wind_offshore,0.6276128960232401
21,18,2030,0,wind_offshore,0.606422458743601
21,19,2030,0,wind_offshore,0.3969161576716369
21,20,2030,0,wind_offshore,0.1623236772940084
21,21,2030,0,wind_offshore,0.2036613385371228
21,22,2030,0,wind_offshore,0.3921615011842895
21,23,2030,0,wind_offshore,0.5078865713152617
21,24,2030,0,wind_offshore,0.5434888239658472
21,1,2030,0,wind_onshore,0.09187865509719109
21,2,2030,0,wind_onshore,0.09619395885290186
21,3,2030,0,wind_onshore,0.09854699140452013
21,4,2030,0,wind_onshore,0.10001885687974796
21,5,2030,0,wind_onshore,0.09802606058280355
21,6,2030,0,wind_onshore,0.09701893820891488
21,7,2030,0,wind_onshore,0.09846587537461306
21,8,2030,0,wind_onshore,0.10097326064886158
21,9,2030,0,wind_onshore,0.10170693818237848
21,10,2030,0,wind_onshore,0.09052363883271435
21,11,2030,0,wind_onshore,0.08679659000710732
21,12,2030,0,wind_onshore,0.10409966553016772
21,13,2030,0,wind_onshore,0.12190639430341264
21,14,2030,0,wind_onshore,0.13950183378264058
21,15,2030,0,wind_onshore,0.15534455676697134
21,16,2030,0,wind_onshore,0.16498327090717205
21,17,2030,0,wind_onshore,0.16345812406478968
21,18,2030,0,wind_onshore,0.14828142067385722
21,19,2030,0,wind_onshore,0.14166153696663591
21,20,2030,0,wind_onshore,0.1596382978725924
21,21,2030,0,wind_onshore,0.17035673291133263
21,22,2030,0,wind_onshore,0.17571422583258214
21,23,2030,0,wind_onshore,0.18187327589124225
21,24,2030,0,wind_onshore,0.1812282096641496
22,1,2030,0,demand,0.5071880164334974
22,2,2030,0,demand,0.5031457429140348
22,3,2030,0,demand,0.4857170716729714
22,4,2030,0,demand,0.48243911761931996
22,5,2030,0,demand,0.49665972966000693
22,6,2030,0,demand,0.5085641646627692
22,7,2030,0,demand,0.5351249422486398
22,8,2030,0,demand,0.56323524074039
22,9,2030,0,demand,0.6005702468596689
22,10,2030,0,demand,0.6351940230397919
22,11,2030,0,demand,0.6524035126191307
22,12,2030,0,demand,0.6619644552721462
22,13,2030,0,demand,0.6571738704899959
22,14,2030,0,demand,0.6667064115166219
22,15,2030,0,demand,0.6568149250294482
22,16,2030,0,demand,0.6528392678240489
22,17,2030,0,demand,0.6520325152771127
22,18,2030,0,demand,0.6478560512721769
22,19,2030,0,demand,0.6452265417740921
22,20,2030,0,demand,0.657579901348598
22,21,2030,0,demand,0.6424534845547271
22,22,2030,0,demand,0.6138762286795849
22,23,2030,0,demand,0.5752578286502034
22,24,2030,0,demand,0.5684857291843732
22,1,2030,0,solar,0.0
22,2,2030,0,solar,0.0
22,3,2030,0,solar,0.0
22,4,2030,0,solar,0.0
22,5,2030,0,solar,0.0
22,6,2030,0,solar,0.0001264194317766158
22,7,2030,0,solar,0.023837819624416657
22,8,2030,0,solar,0.1375370630725492
22,9,2030,0,solar,0.2756453506971071
22,10,2030,0,solar,0.3958144989483253
22,11,2030,0,solar,0.4748691486334085
22,12,2030,0,solar,0.5186434559168321
22,13,2030,0,solar,0.5349185670382619
22,14,2030,0,solar,0.5259811676342133
22,15,2030,0,solar,0.49038501895660336
22,16,2030,0,solar,0.42606054028155554
22,17,2030,0,solar,0.3363990234237062
22,18,2030,0,solar,0.21384814199589836
22,19,2030,0,solar,0.082525549956316
22,20,2030,0,solar,0.0025154921744504006
22,21,2030,0,solar,0.0
22,22,2030,0,solar,0.0
22,23,2030,0,solar,0.0
22,24,2030,0,solar,0.0
22,1,2030,0,wind_offshore,0.16389880463364528
22,2,2030,0,wind_offshore,0.17246997820782153
22,3,2030,0,wind_offshore,0.19778414896813468
22,4,2030,0,wind_offshore,0.22543791811503525
22,5,2030,0,wind_offshore,0.25172247369050677
22,6,2030,0,wind_offshore,0.25853036264957263
22,7,2030,0,wind_offshore,0.2799464399204159
22,8,2030,0,wind_offshore,0.3210306971242585
22,9,2030,0,wind_offshore,0.37230682694602896
22,10,2030,0,wind_offshore,0.44571919445001973
22,11,2030,0,wind_offshore,0.4872601109182249
22,12,2030,0,wind_offshore,0.508072508253551
22,13,2030,0,wind_offshore,0.5217663965761953
22,14,2030,0,wind_offshore,0.5189266814000147
22,15,2030,0,wind_offshore,0.5076536402206643
22,16,2030,0,wind_offshore,0.5227029830462228
22,17,2030,0,wind_offshore,0.556015086703395
22,18,2030,0,wind_offshore,0.5694270208203309
22,19,2030,0,wind_offshore,0.5541607855376554
22,20,2030,0,wind_offshore,0.5612188167558135
22,21,2030,0,wind_offshore,0.5733497731500381
22,22,2030,0,wind_offshore,0.5862666535307562
22,23,2030,0,wind_offshore,0.598203396098887
22,24,2030,0,wind_offshore,0.6002125817276254
22,1,2030,0,wind_onshore,0.1800652443986826
22,2,2030,0,wind_onshore,0.16409989016401483
22,3,2030,0,wind_onshore,0.15044600017267812
22,4,2030,0,wind_onshore,0.14200659844128175
22,5,2030,0,wind_onshore,0.1385783694392142
22,6,2030,0,wind_onshore,0.13699729958650594
22,7,2030,0,wind_onshore,0.1288939460913687
22,8,2030,0,wind_onshore,0.11061093989799636
22,9,2030,0,wind_onshore,0.09526772836052753
22,10,2030,0,wind_onshore,0.08677922461314969
22,11,2030,0,wind_onshore,0.06749867753390199
22,12,2030,0,wind_onshore,0.06037844056601176
22,13,2030,0,wind_onshore,0.0556215316479887
22,14,2030,0,wind_onshore,0.05065845381346803
22,15,2030,0,wind_onshore,0.04903561693712842
22,16,2030,0,wind_onshore,0.05395198047836936
22,17,2030,0,wind_onshore,0.06707363369340277
22,18,2030,0,wind_onshore,0.08637306968981327
22,19,2030,0,wind_onshore,0.11477862769080423
22,20,2030,0,wind_onshore,0.1397712018698536
22,21,2030,0,wind_onshore,0.17206083409059317
22,22,2030,0,wind_onshore,0.184001229473477
22,23,2030,0,wind_onshore,0.16558642370191826
22,24,2030,0,wind_onshore,0.14803459308836658
23,1,2030,0,demand,0.5020879078869064
23,2,2030,0,demand,0.4815373894606296
23,3,2030,0,demand,0.48102966086135923
23,4,2030,0,demand,0.47030732870978764
23,5,2030,0,demand,0.4589099785620375
23,6,2030,0,demand,0.4530580328851739
23,7,2030,0,demand,0.4557250046927298
23,8,2030,0,demand,0.48622917617025235
23,9,2030,0,demand,0.5168344099649811
23,10,2030,0,demand,0.5497230262793826
23,11,2030,0,demand,0.5625583308416533
23,12,2030,0,demand,0.5641675516187218
23,13,2030,0,demand,0.5704151290201827
23,14,2030,0,demand,0.5781735496826259
23,15,2030,0,demand,0.5539893232344738
23,16,2030,0,demand,0.5376323261650999
23,17,2030,0,demand,0.5343751494457181
23,18,2030,0,demand,0.5679440308732572
23,19,2030,0,demand,0.6025392449414507
23,20,2030,0,demand,0.6193841679018793
23,21,2030,0,demand,0.6293891328965036
23,22,2030,0,demand,0.6162666141878907
23,23,2030,0,demand,0.5760458351545795
23,24,2030,0,demand,0.5521397912897719
23,1,2030,0,solar,0.0
23,2,2030,0,solar,0.0
23,3,2030,0,solar,0.0
23,4,2030,0,solar,0.0
23,5,2030,0,solar,0.0
23,6,2030,0,solar,0.0
23,7,2030,0,solar,0.0
23,8,2030,0,solar,0.0
23,9,2030,0,solar,0.02401031677360945
23,10,2030,0,solar,0.08204868948216139
23,11,2030,0,solar,0.13678927927971143
23,12,2030,0,solar,0.16524928352452506
23,13,2030,0,solar,0.18041332805010615
23,14,2030,0,solar,0.19378185250458746
23,15,2030,0,solar,0.16458827888136998
23,16,2030,0,solar,0.10044269674005597
23,17,2030,0,solar,0.03733737780739039
23,18,2030,0,solar,0.0
23,19,2030,0,solar,0.0
23,20,2030,0,solar,0.0
23,21,2030,0,solar,0.0
23,22,2030,0,solar,0.0
23,23,2030,0,solar,0.0
23,24,2030,0,solar,0.0
23,1,2030,0,wind_offshore,0.0861845835317396
23,2,2030,0,wind_offshore,0.12488152087036362
23,3,2030,0,wind_offshore,0.16022424781627315
23,4,2030,0,wind_offshore,0.2257926142484095
23,5,2030,0,wind_offshore,0.3424284619648622
23,6,2030,0,wind_offshore,0.509419833987304
23,7,2030,0,wind_offshore,0.6253694361876931
23,8,2030,0,wind_offshore,0.67979138079475
23,9,2030,0,wind_offshore,0.6967863073705806
23,10,2030,0,wind_offshore,0.6801669361953715
23,11,2030,0,wind_offshore,0.6744614379006414
23,12,2030,0,wind_offshore,0.6840487940641392
23,13,2030,0,wind_offshore,0.686637087711053
23,14,2030,0,wind_offshore,0.6891638401828211
23,15,2030,0,wind_offshore,0.6981268431085028
23,16,2030,0,wind_offshore,0.693158812318435
23,17,2030,0,wind_offshore,0.6892521523936078
23,18,2030,0,wind_offshore,0.6994893499400586
23,19,2030,0,wind_offshore,0.6947640146642411
23,20,2030,0,wind_offshore,0.6933560722525836
23,21,2030,0,wind_offshore,0.7053956560647916
23,22,2030,0,wind_offshore,0.702641279138923
23,23,2030,0,wind_offshore,0.7078427381636255
23,24,2030,0,wind_offshore,0.6994938461353126
23,1,2030,0,wind_onshore,0.07831510628336993
23,2,2030,0,wind_onshore,0.09944257235346955
23,3,2030,0,wind_onshore,0.12319983775361124
23,4,2030,0,wind_onshore,0.13996032906566797
23,5,2030,0,wind_onshore,0.16118826898452732
23,6,2030,0,wind_onshore,0.18252568239568273
23,7,2030,0,wind_onshore,0.1954667240274637
23,8,2030,0,wind_onshore,0.20379212919587905
23,9,2030,0,wind_onshore,0.21256358042804901
23,10,2030,0,wind_onshore,0.23837941448218058
23,11,2030,0,wind_onshore,0.24197152384023796
23,12,2030,0,wind_onshore,0.24252407151327568
23,13,2030,0,wind_onshore,0.2430421645475405
23,14,2030,0,wind_onshore,0.23819009022848647
23,15,2030,0,wind_onshore,0.23613674684653047
23,16,2030,0,wind_onshore,0.23694753911848113
23,17,2030,0,wind_onshore,0.22500036870403994
23,18,2030,0,wind_onshore,0.23371474795404862
23,19,2030,0,wind_onshore,0.2554939502456786
23,20,2030,0,wind_onshore,0.25958668105229327
23,21,2030,0,wind_onshore,0.2570197785613548
23,22,2030,0,wind_onshore,0.2544621297944797
23,23,2030,0,wind_onshore,0.1915163480876993
23,24,2030,0,wind_onshore,0.2024537551603642
24,1,2030,0,demand,0.5964142621043635
24,2,2030,0,demand,0.5790651361750628
24,3,2030,0,demand,0.566462170686462
24,4,2030,0,demand,0.5539027171011146
24,5,2030,0,demand,0.5548743691053664
24,6,2030,0,demand,0.5776654521641121
24,7,2030,0,demand,0.6032548730798496
24,8,2030,0,demand,0.628621096349936
24,9,2030,0,demand,0.6983294055726598
24,10,2030,0,demand,0.7332306698116401
24,11,2030,0,demand,0.7787203990135529
24,12,2030,0,demand,0.8083527350196711
24,13,2030,0,demand,0.8216118635963425
24,14,2030,0,demand,0.8195723729046641
24,15,2030,0,demand,0.8135540275308303
24,16,2030,0,demand,0.8048379395106707
24,17,2030,0,demand,0.8028864753706515
24,18,2030,0,demand,0.7890740950041222
24,19,2030,0,demand,0.7625210174583706
24,20,2030,0,demand,0.7591644633924044
24,21,2030,0,demand,0.753189998027769
24,22,2030,0,demand,0.7101775083850032
24,23,2030,0,demand,0.6531422816536216
24,24,2030,0,demand,0.6253301678008216
24,1,2030,0,solar,0.0
24,2,2030,0,solar,0.0
24,3,2030,0,solar,0.0
24,4,2030,0,solar,0.0
24,5,2030,0,solar,0.0
24,6,2030,0,solar,0.0
24,7,2030,0,solar,0.010007912074180895
24,8,2030,0,solar,0.10587904179174659
24,9,2030,0,solar,0.23549111316380913
24,10,2030,0,solar,0.3466717334243681
24,11,2030,0,solar,0.4154584013365828
24,12,2030,0,solar,0.4698347648355186
24,13,2030,0,solar,0.4924939907244429
24,14,2030,0,solar,0.4945135879363947
24,15,2030,0,solar,0.4607942204198746
24,16,2030,0,solar,0.3878184640571206
24,17,2030,0,solar,0.29478910800387204
24,18,2030,0,solar,0.18087156785907224
24,19,2030,0,solar,0.06194597272464943
24,20,2030,0,solar,0.000775355670358515
24,21,2030,0,solar,0.0
24,22,2030,0,solar,0.0
24,23,2030,0,solar,0.0
24,24,2030,0,solar,0.0
24,1,2030,0,wind_offshore,0.2963642629637874
24,2,2030,0,wind_offshore,0.3064758820825167
24,3,2030,0,wind_offshore,0.31403936369093416
24,4,2030,0,wind_offshore,0.3416984753587453
24,5,2030,0,wind_offshore,0.34214359800977284
24,6,2030,0,wind_offshore,0.3098350037076469
24,7,2030,0,wind_offshore,0.2661660416633297
24,8,2030,0,wind_offshore,0.22904819337081567
24,9,2030,0,wind_offshore,0.2520022133906227
24,10,2030,0,wind_offshore,0.32596719023748083
24,11,2030,0,wind_offshore,0.4051776762953142
24,12,2030,0,wind_offshore,0.46337637674108123
24,13,2030,0,wind_offshore,0.49790143396160064
24,14,2030,0,wind_offshore,0.5026734550606258
24,15,2030,0,wind_offshore,0.484375024195085
24,16,2030,0,wind_offshore,0.4840406948074876
24,17,2030,0,wind_offshore,0.4777992473868522
24,18,2030,0,wind_offshore,0.42339928955188
24,19,2030,0,wind_offshore,0.3899559143963307
24,20,2030,0,wind_offshore,0.36424392810539374
24,21,2030,0,wind_offshore,0.31450455457650345
24,22,2030,0,wind_offshore,0.2643359120353466
24,23,2030,0,wind_offshore,0.12056075306140361
24,24,2030,0,wind_offshore,0.08691887127232968
24,1,2030,0,wind_onshore,0.15427313021406291
24,2,2030,0,wind_onshore,0.13963271726166804
24,3,2030,0,wind_onshore,0.12232802628493333
24,4,2030,0,wind_onshore,0.10698749313469448
24,5,2030,0,wind_onshore,0.09698588212811733
24,6,2030,0,wind_onshore,0.09002788383250437
24,7,2030,0,wind_onshore,0.08898989678888226
24,8,2030,0,wind_onshore,0.07515991644468689
24,9,2030,0,wind_onshore,0.06987853116305603
24,10,2030,0,wind_onshore,0.06888027442651837
24,11,2030,0,wind_onshore,0.06507000527019567
24,12,2030,0,wind_onshore,0.07928626991319498
24,13,2030,0,wind_onshore,0.09968458179104764
24,14,2030,0,wind_onshore,0.11906012817625676
24,15,2030,0,wind_onshore,0.1382999046218702
24,16,2030,0,wind_onshore,0.15545313960397728
24,17,2030,0,wind_onshore,0.18073507108610434
24,18,2030,0,wind_onshore,0.18777178064757033
24,19,2030,0,wind_onshore,0.18528918705654204
24,20,2030,0,wind_onshore,0.18606529836792096
24,21,2030,0,wind_onshore,0.19889412892194558
24,22,2030,0,wind_onshore,0.20562549106846692
24,23,2030,0,wind_onshore,0.19530093991666378
24,24,2030,0,wind_onshore,0.1670596241719061
25,1,2030,0,demand,0.5418308949577763
25,2,2030,0,demand,0.5332070627749749
25,3,2030,0,demand,0.5161898047955931
25,4,2030,0,demand,0.4945284990245424
25,5,2030,0,demand,0.4936494640339579
25,6,2030,0,demand,0.49626902661963906
25,7,2030,0,demand,0.5138006170726725
25,8,2030,0,demand,0.5533285531520836
25,9,2030,0,demand,0.5987664089550365
25,10,2030,0,demand,0.6244328217586186
25,11,2030,0,demand,0.6334889977085605
25,12,2030,0,demand,0.6437832175461715
25,13,2030,0,demand,0.6394227525353775
25,14,2030,0,demand,0.6208054619470815
25,15,2030,0,demand,0.609995654459363
25,16,2030,0,demand,0.6044192400625326
25,17,2030,0,demand,0.6073447325561739
25,18,2030,0,demand,0.62703329799347
25,19,2030,0,demand,0.659014970555297
25,20,2030,0,demand,0.6874179337136923
25,21,2030,0,demand,0.6954332639803666
25,22,2030,0,demand,0.6566440578172825
25,23,2030,0,demand,0.6164060930427907
25,24,2030,0,demand,0.589717876968838
25,1,2030,0,solar,0.0
25,2,2030,0,solar,0.0
25,3,2030,0,solar,0.0
25,4,2030,0,solar,0.0
25,5,2030,0,solar,0.0
25,6,2030,0,solar,0.0
25,7,2030,0,solar,0.0
25,8,2030,0,solar,0.0
25,9,2030,0,solar,0.04986791226495873
25,10,2030,0,solar,0.20110910937896853
25,11,2030,0,solar,0.3224566600562144
25,12,2030,0,solar,0.40812496426563605
25,13,2030,0,solar,0.44524097098135823
25,14,2030,0,solar,0.4379433928373652
25,15,2030,0,solar,0.37643146351823614
25,16,2030,0,solar,0.27046301529932065
25,17,2030,0,solar,0.13612054517043473
25,18,2030,0,solar,0.0
25,19,2030,0,solar,0.0
25,20,2030,0,solar,0.0
25,21,2030,0,solar,0.0
25,22,2030,0,solar,0.0
25,23,2030,0,solar,0.0
25,24,2030,0,solar,0.0
25,1,2030,0,wind_offshore,0.07804126276286419
25,2,2030,0,wind_offshore,0.0730944947078932
25,3,2030,0,wind_offshore,0.06663769425578245
25,4,2030,0,wind_offshore,0.057345196136128165
25,5,2030,0,wind_offshore,0.043719464953985654
25,6,2030,0,wind_offshore,0.03449845200382289
25,7,2030,0,wind_offshore,0.03587588419142222
25,8,2030,0,wind_offshore,0.02734604251506766
25,9,2030,0,wind_offshore,0.014737999150716543
25,10,2030,0,wind_offshore,0.008596031923287265
25,11,2030,0,wind_offshore,0.015637154192358567
25,12,2030,0,wind_offshore,0.015334271647654734
25,13,2030,0,wind_offshore,0.0008088976562889103
25,14,2030,0,wind_offshore,0.0
25,15,2030,0,wind_offshore,0.0
25,16,2030,0,wind_offshore,0.0003266776693297416
25,17,2030,0,wind_offshore,0.0029642006818595217
25,18,2030,0,wind_offshore,0.004936731757165527
25,19,2030,0,wind_offshore,0.006532057163126926
25,20,2030,0,wind_offshore,0.0122313197890179
25,21,2030,0,wind_offshore,0.024560774320810285
25,22,2030,0,wind_offshore,0.03711549099102484
25,23,2030,0,wind_offshore,0.052942122159736045
25,24,2030,0,wind_offshore,0.049735861620073346
25,1,2030,0,wind_onshore,0.3142299909521235
25,2,2030,0,wind_onshore,0.3044005384281127
25,3,2030,0,wind_onshore,0.2957971559742792
25,4,2030,0,wind_onshore,0.2936376394060609
25,5,2030,0,wind_onshore,0.2847209171290391
25,6,2030,0,wind_onshore,0.2768159301345391
25,7,2030,0,wind_onshore,0.26994908518701977
25,8,2030,0,wind_onshore,0.26612174277283923
25,9,2030,0,wind_onshore,0.26258331330373236
25,10,2030,0,wind_onshore,0.24814567607043223
25,11,2030,0,wind_onshore,0.22598305518573122
25,12,2030,0,wind_onshore,0.2490429380316324
25,13,2030,0,wind_onshore,0.2555773714169338
25,14,2030,0,wind_onshore,0.2578943037807694
25,15,2030,0,wind_onshore,0.2594500698394926
25,16,2030,0,wind_onshore,0.26697390578935215
25,17,2030,0,wind_onshore,0.2539162928776192
25,18,2030,0,wind_onshore,0.2603728152913028
25,19,2030,0,wind_onshore,0.27388368156810605
25,20,2030,0,wind_onshore,0.268701840527829
25,21,2030,0,wind_onshore,0.24072416957917844
25,22,2030,0,wind_onshore,0.20568079842177173
25,23,2030,0,wind_onshore,0.18696346115341403
25,24,2030,0,wind_onshore,0.17941633018622136
26,1,2030,0,demand,0.5163652820933533
26,2,2030,0,demand,0.5101782026338965
26,3,2030,0,demand,0.49940626909689273
26,4,2030,0,demand,0.4926380245922228
26,5,2030,0,demand,0.5096058252227295
26,6,2030,0,demand,0.5367312838778162
26,7,2030,0,demand,0.5580566610228096
26,8,2030,0,demand,0.5967225420956423
26,9,2030,0,demand,0.6398104197022522
26,10,2030,0,demand,0.6759906461160774
26,11,2030,0,demand,0.707582112424415
26,12,2030,0,demand,0.7283028622698005
26,13,2030,0,demand,0.7469261165790215
26,14,2030,0,demand,0.7243286885558625
26,15,2030,0,demand,0.717468478086652
26,16,2030,0,demand,0.713164346134219
26,17,2030,0,demand,0.7106574135207202
26,18,2030,0,demand,0.711163376275405
26,19,2030,0,demand,0.7016628470257318
26,20,2030,0,demand,0.6862302151607018
26,21,2030,0,demand,0.6693986927700898
26,22,2030,0,demand,0.6299034304968618
26,23,2030,0,demand,0.5929586552514454
26,24,2030,0,demand,0.5868998264980321
26,1,2030,0,solar,0.0
26,2,2030,0,solar,0.0
26,3,2030,0,solar,0.0
26,4,2030,0,solar,0.0
26,5,2030,0,solar,0.0
26,6,2030,0,solar,0.00011665696125497288
26,7,2030,0,solar,0.02665874372073854
26,8,2030,0,solar,0.11702799152641351
26,9,2030,0,solar,0.22516177037801066
26,10,2030,0,solar,0.31108058841728714
26,11,2030,0,solar,0.36293194844170024
26,12,2030,0,solar,0.398452469036583
26,13,2030,0,solar,0.41925875426560016
26,14,2030,0,solar,0.4041307738536081
26,15,2030,0,solar,0.3718415534448744
26,16,2030,0,solar,0.3163820197349962
26,17,2030,0,solar,0.23544323488288332
26,18,2030,0,solar,0.15007414940326091
26,19,2030,0,solar,0.06731834338721931
26,20,2030,0,solar,0.009229272581441593
26,21,2030,0,solar,0.0
26,22,2030,0,solar,0.0
26,23,2030,0,solar,0.0
26,24,2030,0,solar,0.0
26,1,2030,0,wind_offshore,0.23962457467393228
26,2,2030,0,wind_offshore,0.2733238451170402
26,3,2030,0,wind_offshore,0.2984500801643514
26,4,2030,0,wind_offshore,0.2951700427002073
26,5,2030,0,wind_offshore,0.2579996270326801
26,6,2030,0,wind_offshore,0.2084107284921676
26,7,2030,0,wind_offshore,0.19360183115539292
26,8,2030,0,wind_offshore,0.2103469612974133
26,9,2030,0,wind_offshore,0.22891095246868223
26,10,2030,0,wind_offshore,0.22971339871466454
26,11,2030,0,wind_offshore,0.22679054601746765
26,12,2030,0,wind_offshore,0.2423042583341565
26,13,2030,0,wind_offshore,0.2596963430166101
26,14,2030,0,wind_offshore,0.29212932934200486
26,15,2030,0,wind_offshore,0.33263059114753957
26,16,2030,0,wind_offshore,0.3361403242442864
26,17,2030,0,wind_offshore,0.30922582801591136
26,18,2030,0,wind_offshore,0.29430855734636324
26,19,2030,0,wind_offshore,0.27335214911768274
26,20,2030,0,wind_offshore,0.2489204307040918
26,21,2030,0,wind_offshore,0.2457886263072649
26,22,2030,0,wind_offshore,0.2864362146080262
26,23,2030,0,wind_offshore,0.3243931503554724
26,24,2030,0,wind_offshore,0.3401565415487372
26,1,2030,0,wind_onshore,0.03795273534712125
26,2,2030,0,wind_onshore,0.035043583675863604
26,3,2030,0,wind_onshore,0.034131181694162085
26,4,2030,0,wind_onshore,0.03003472518274715
26,5,2030,0,wind_onshore,0.025667395344191414
26,6,2030,0,wind_onshore,0.02175331894616359
26,7,2030,0,wind_onshore,0.017185301741316317
26,8,2030,0,wind_onshore,0.01303107158382659
26,9,2030,0,wind_onshore,0.016333883211262064
26,10,2030,0,wind_onshore,0.021684214890135396
26,11,2030,0,wind_onshore,0.027043196740655067
26,12,2030,0,wind_onshore,0.036446647380342166
26,13,2030,0,wind_onshore,0.047301356935344804
26,14,2030,0,wind_onshore,0.05868021995724621
26,15,2030,0,wind_onshore,0.07374972187048763
26,16,2030,0,wind_onshore,0.09118707385765527
26,17,2030,0,wind_onshore,0.11453688624169622
26,18,2030,0,wind_onshore,0.1283865091211265
26,19,2030,0,wind_onshore,0.11637276084916949
26,20,2030,0,wind_onshore,0.09229626298547024
26,21,2030,0,wind_onshore,0.09145651095550922
26,22,2030,0,wind_onshore,0.0857731092934559
26,23,2030,0,wind_onshore,0.07273114892217997
26,24,2030,0,wind_onshore,0.07156459347689738
27,1,2030,0,demand,0.505480483004258
27,2,2030,0,demand,0.4872396193641378
27,3,2030,0,demand,0.4688703022355934
27,4,2030,0,demand,0.45898161148266703
27,5,2030,0,demand,0.4508377002334124
27,6,2030,0,demand,0.45890772142446373
27,7,2030,0,demand,0.48193153269738187
27,8,2030,0,demand,0.5136593780473337
27,9,2030,0,demand,0.5534531372053273
27,10,2030,0,demand,0.5652091799508459
27,11,2030,0,demand,0.5776012119419228
27,12,2030,0,demand,0.5814743353453725
27,13,2030,0,demand,0.5811862012425453
27,14,2030,0,demand,0.5876829169063932
27,15,2030,0,demand,0.5610241758301848
27,16,2030,0,demand,0.5534493466807475
27,17,2030,0,demand,0.5592715424808372
27,18,2030,0,demand,0.5795836977985714
27,19,2030,0,demand,0.6095492288746412
27,20,2030,0,demand,0.6296898403696635
27,21,2030,0,demand,0.6371237954788036
27,22,2030,0,demand,0.6104066165229246
27,23,2030,0,demand,0.5650523704094942
27,24,2030,0,demand,0.5413668364983705
27,1,2030,0,solar,0.0
27,2,2030,0,solar,0.0
27,3,2030,0,solar,0.0
27,4,2030,0,solar,0.0
27,5,2030,0,solar,0.0
27,6,2030,0,solar,0.0
27,7,2030,0,solar,0.0
27,8,2030,0,solar,0.0
27,9,2030,0,solar,0.05338046703320123
27,10,2030,0,solar,0.2049544515336908
27,11,2030,0,solar,0.3325757474428452
27,12,2030,0,solar,0.418701115861773
27,13,2030,0,solar,0.4590268213761542
27,14,2030,0,solar,0.45855276865497996
27,15,2030,0,solar,0.4101458498391804
27,16,2030,0,solar,0.3145001439462734
27,17,2030,0,solar,0.17368254394440608
27,18,2030,0,solar,0.01086555226043884
27,19,2030,0,solar,0.0
27,20,2030,0,solar,0.0
27,21,2030,0,solar,0.0
27,22,2030,0,solar,0.0
27,23,2030,0,solar,0.0
27,24,2030,0,solar,0.0
27,1,2030,0,wind_offshore,0.6568394712135232
27,2,2030,0,wind_offshore,0.6652114513405689
27,3,2030,0,wind_offshore,0.6681061639124377
27,4,2030,0,wind_offshore,0.6597154283821226
27,5,2030,0,wind_offshore,0.654942087732655
27,6,2030,0,wind_offshore,0.6611481519954283
27,7,2030,0,wind_offshore,0.6696119666752763
27,8,2030,0,wind_offshore,0.6613457175224438
27,9,2030,0,wind_offshore,0.6696447667069145
27,10,2030,0,wind_offshore,0.6745750839691214
27,11,2030,0,wind_offshore,0.6660387865927644
27,12,2030,0,wind_offshore,0.653101847440419
27,13,2030,0,wind_offshore,0.6319189241861073
27,14,2030,0,wind_offshore,0.5884924718151047
27,15,2030,0,wind_offshore,0.5544733918230088
27,16,2030,0,wind_offshore,0.5546297460598533
27,17,2030,0,wind_offshore,0.5646763948357861
27,18,2030,0,wind_offshore,0.5411390126797745
27,19,2030,0,wind_offshore,0.4973946543343641
27,20,2030,0,wind_offshore,0.42996599181218625
27,21,2030,0,wind_offshore,0.3452131906689637
27,22,2030,0,wind_offshore,0.26023222923225436
27,23,2030,0,wind_offshore,0.17858797924018419
27,24,2030,0,wind_offshore,0.08066586848122441
27,1,2030,0,wind_onshore,0.45805961832763525
27,2,2030,0,wind_onshore,0.4350747594273879
27,3,2030,0,wind_onshore,0.4156903921448965
27,4,2030,0,wind_onshore,0.4142775177285096
27,5,2030,0,wind_onshore,0.4043093292145717
27,6,2030,0,wind_onshore,0.40402086445870333
27,7,2030,0,wind_onshore,0.40389916991918773
27,8,2030,0,wind_onshore,0.40075064458179194
27,9,2030,0,wind_onshore,0.39651205956409624
27,10,2030,0,wind_onshore,0.3764402983067002
27,11,2030,0,wind_onshore,0.3609779418398893
27,12,2030,0,wind_onshore,0.34774948221420515
27,13,2030,0,wind_onshore,0.3209502151702675
27,14,2030,0,wind_onshore,0.303597436384408
27,15,2030,0,wind_onshore,0.3034741242613583
27,16,2030,0,wind_onshore,0.2967977723434531
27,17,2030,0,wind_onshore,0.2732706093528917
27,18,2030,0,wind_onshore,0.27018351138815117
27,19,2030,0,wind_onshore,0.2757076191992405
27,20,2030,0,wind_onshore,0.27889791151088567
27,21,2030,0,wind_onshore,0.27054101253783586
27,22,2030,0,wind_onshore,0.2555002418847097
27,23,2030,0,wind_onshore,0.2330476382061952
27,24,2030,0,wind_onshore,0.21341926054896915
28,1,2030,0,demand,0.4891186547152028
28,2,2030,0,demand,0.47356542551400704
28,3,2030,0,demand,0.46266602418603026
28,4,2030,0,demand,0.44180259212598294
28,5,2030,0,demand,0.4338729792287521
28,6,2030,0,demand,0.41791543515925816
28,7,2030,0,demand,0.42150154008234625
28,8,2030,0,demand,0.4526561036800829
28,9,2030,0,demand,0.4895589375151469
28,10,2030,0,demand,0.5234012739569305
28,11,2030,0,demand,0.5472679278870669
28,12,2030,0,demand,0.5441551866898401
28,13,2030,0,demand,0.549119204459696
28,14,2030,0,demand,0.5410984154698613
28,15,2030,0,demand,0.5277859415217716
28,16,2030,0,demand,0.5093186130096966
28,17,2030,0,demand,0.5047560760802364
28,18,2030,0,demand,0.5274506806050944
28,19,2030,0,demand,0.5638707321631589
28,20,2030,0,demand,0.5898772604421969
28,21,2030,0,demand,0.6089128685265786
28,22,2030,0,demand,0.5963363234314949
28,23,2030,0,demand,0.563705200498733
28,24,2030,0,demand,0.5482967042691324
28,1,2030,0,solar,0.0
28,2,2030,0,solar,0.0
28,3,2030,0,solar,0.0
28,4,2030,0,solar,0.0
28,5,2030,0,solar,0.0
28,6,2030,0,solar,0.0
28,7,2030,0,solar,0.0
28,8,2030,0,solar,0.01208661689995823
28,9,2030,0,solar,0.14277135274483924
28,10,2030,0,solar,0.2971348948442896
28,11,2030,0,solar,0.39334132155512247
28,12,2030,0,solar,0.44045037852218627
28,13,2030,0,solar,0.45122602266685685
28,14,2030,0,solar,0.4273420740031894
28,15,2030,0,solar,0.38673198479909476
28,16,2030,0,solar,0.29853959506261946
28,17,2030,0,solar,0.18161558655062104
28,18,2030,0,solar,0.0756842762014828
28,19,2030,0,solar,1.6926344569720565e-5
28,20,2030,0,solar,0.0
28,21,2030,0,solar,0.0
28,22,2030,0,solar,0.0
28,23,2030,0,solar,0.0
28,24,2030,0,solar,0.0
28,1,2030,0,wind_offshore,0.512713751143658
28,2,2030,0,wind_offshore,0.47978439447931714
28,3,2030,0,wind_offshore,0.42611753286654214
28,4,2030,0,wind_offshore,0.33822447614238993
28,5,2030,0,wind_offshore,0.3133530511048695
28,6,2030,0,wind_offshore,0.29951452848255034
28,7,2030,0,wind_offshore,0.2624586848827577
28,8,2030,0,wind_offshore,0.2075188800147034
28,9,2030,0,wind_offshore,0.16219579011099997
28,10,2030,0,wind_offshore,0.15932283723380755
28,11,2030,0,wind_offshore,0.11218353525933744
28,12,2030,0,wind_offshore,0.21022878119228144
28,13,2030,0,wind_offshore,0.38061018540157954
28,14,2030,0,wind_offshore,0.5662929905829818
28,15,2030,0,wind_offshore,0.6456107871093303
28,16,2030,0,wind_offshore,0.6597590139014454
28,17,2030,0,wind_offshore,0.6694805009641238
28,18,2030,0,wind_offshore,0.6411941847890142
28,19,2030,0,wind_offshore,0.6442654505107662
28,20,2030,0,wind_offshore,0.6607618356116344
28,21,2030,0,wind_offshore,0.6562928765096826
28,22,2030,0,wind_offshore,0.655366385812453
28,23,2030,0,wind_offshore,0.6478825365843216
28,24,2030,0,wind_offshore,0.652962253855476
28,1,2030,0,wind_onshore,0.47052485232302943
28,2,2030,0,wind_onshore,0.4622481070786193
28,3,2030,0,wind_onshore,0.4499972027204644
28,4,2030,0,wind_onshore,0.44133509392162784
28,5,2030,0,wind_onshore,0.43956897064087785
28,6,2030,0,wind_onshore,0.43034789859724165
28,7,2030,0,wind_onshore,0.41536937556611087
28,8,2030,0,wind_onshore,0.39078135226844835
28,9,2030,0,wind_onshore,0.3635717746326485
28,10,2030,0,wind_onshore,0.3711942260833794
28,11,2030,0,wind_onshore,0.4102832871490641
28,12,2030,0,wind_onshore,0.45118148479060194
28,13,2030,0,wind_onshore,0.47204654322243317
28,14,2030,0,wind_onshore,0.4776585684490508
28,15,2030,0,wind_onshore,0.48868711340060206
28,16,2030,0,wind_onshore,0.5052034289522362
28,17,2030,0,wind_onshore,0.5183820979632872
28,18,2030,0,wind_onshore,0.4807302259568109
28,19,2030,0,wind_onshore,0.4284345589414981
28,20,2030,0,wind_onshore,0.4066065142511816
28,21,2030,0,wind_onshore,0.41471230149383725
28,22,2030,0,wind_onshore,0.42354906749491533
28,23,2030,0,wind_onshore,0.4421673502675035
28,24,2030,0,wind_onshore,0.45564401326031434
29,1,2030,0,demand,0.5699950016730554
29,2,2030,0,demand,0.549006121778131
29,3,2030,0,demand,0.5395531323602438
29,4,2030,0,demand,0.5259945276790291
29,5,2030,0,demand,0.5122590893696224
29,6,2030,0,demand,0.48590140791712416
29,7,2030,0,demand,0.46369998802300294
29,8,2030,0,demand,0.47861907745839694
29,9,2030,0,demand,0.5187434898168319
29,10,2030,0,demand,0.5624382471562678
29,11,2030,0,demand,0.607979560012795
29,12,2030,0,demand,0.6395049542911515
29,13,2030,0,demand,0.6414677943007374
29,14,2030,0,demand,0.649246971146473
29,15,2030,0,demand,0.65197494324369
29,16,2030,0,demand,0.6545079493382762
29,17,2030,0,demand,0.6541181112563195
29,18,2030,0,demand,0.6620418716083178
29,19,2030,0,demand,0.6611193089982134
29,20,2030,0,demand,0.6428224138055962
29,21,2030,0,demand,0.6465393653653752
29,22,2030,0,demand,0.6390281031115582
29,23,2030,0,demand,0.6086397815021174
29,24,2030,0,demand,0.5994137045983388
29,1,2030,0,solar,0.0
29,2,2030,0,solar,0.0
29,3,2030,0,solar,0.0
29,4,2030,0,solar,0.0
29,5,2030,0,solar,0.0
29,6,2030,0,solar,0.0001403155964568042
29,7,2030,0,solar,0.01901190096289411
29,8,2030,0,solar,0.12899288596941594
29,9,2030,0,solar,0.2651528643540034
29,10,2030,0,solar,0.3793919353097558
29,11,2030,0,solar,0.45507365608458594
29,12,2030,0,solar,0.5087694072571091
29,13,2030,0,solar,0.5066669869089768
29,14,2030,0,solar,0.48654211058584285
29,15,2030,0,solar,0.45270244799049886
29,16,2030,0,solar,0.39271842897664766
29,17,2030,0,solar,0.30897468927088384
29,18,2030,0,solar,0.20220786566148075
29,19,2030,0,solar,0.07704045204972013
29,20,2030,0,solar,0.0020699938257508336
29,21,2030,0,solar,0.0
29,22,2030,0,solar,0.0
29,23,2030,0,solar,0.0
29,24,2030,0,solar,0.0
29,1,2030,0,wind_offshore,0.6740501788750762
29,2,2030,0,wind_offshore,0.6665820438780501
29,3,2030,0,wind_offshore,0.6700810564080447
29,4,2030,0,wind_offshore,0.6638838628076982
29,5,2030,0,wind_offshore,0.6661195222370649
29,6,2030,0,wind_offshore,0.6592714632091674
29,7,2030,0,wind_offshore,0.6680344602079107
29,8,2030,0,wind_offshore,0.6679360708120081
29,9,2030,0,wind_offshore,0.6704842517474602
29,10,2030,0,wind_offshore,0.6525630281407259
29,11,2030,0,wind_offshore,0.5609256451503376
29,12,2030,0,wind_offshore,0.5549504410848741
29,13,2030,0,wind_offshore,0.5388616150886907
29,14,2030,0,wind_offshore,0.514938024449641
29,15,2030,0,wind_offshore,0.47287209789955054
29,16,2030,0,wind_offshore,0.4432879929625246
29,17,2030,0,wind_offshore,0.399955010188637
29,18,2030,0,wind_offshore,0.3414231806193142
29,19,2030,0,wind_offshore,0.2619518021337838
29,20,2030,0,wind_offshore,0.17319989591950075
29,21,2030,0,wind_offshore,0.09233137014674181
29,22,2030,0,wind_offshore,0.04414821073473218
29,23,2030,0,wind_offshore,0.017233572947083907
29,24,2030,0,wind_offshore,0.004259130111959536
29,1,2030,0,wind_onshore,0.20971700602745644
29,2,2030,0,wind_onshore,0.20809126839791084
29,3,2030,0,wind_onshore,0.20473739221913517
29,4,2030,0,wind_onshore,0.19942820565707042
29,5,2030,0,wind_onshore,0.18890457954050094
29,6,2030,0,wind_onshore,0.1736248273632448
29,7,2030,0,wind_onshore,0.16161011064338518
29,8,2030,0,wind_onshore,0.13207380973118374
29,9,2030,0,wind_onshore,0.1269035080624234
29,10,2030,0,wind_onshore,0.1293238122251677
29,11,2030,0,wind_onshore,0.12538101653658945
29,12,2030,0,wind_onshore,0.13016739060070984
29,13,2030,0,wind_onshore,0.14377022900973807
29,14,2030,0,wind_onshore,0.15880969351303362
29,15,2030,0,wind_onshore,0.16948893533429543
29,16,2030,0,wind_onshore,0.1715598169955518
29,17,2030,0,wind_onshore,0.16880771575886958
29,18,2030,0,wind_onshore,0.163336061059422
29,19,2030,0,wind_onshore,0.13864728803610402
29,20,2030,0,wind_onshore,0.11675086751927252
29,21,2030,0,wind_onshore,0.11083903836402181
29,22,2030,0,wind_onshore,0.10068259250258886
29,23,2030,0,wind_onshore,0.08556997345472227
29,24,2030,0,wind_onshore,0.08495132917289891
30,1,2030,0,demand,0.5535941953983391
30,2,2030,0,demand,0.5302577510623777
30,3,2030,0,demand,0.5152038976320594
30,4,2030,0,demand,0.4933815621683893
30,5,2030,0,demand,0.48249818184248955
30,6,2030,0,demand,0.4858487401928715
30,7,2030,0,demand,0.49694638116804635
30,8,2030,0,demand,0.5261827012910785
30,9,2030,0,demand,0.5687322559132476
30,10,2030,0,demand,0.6108556358620543
30,11,2030,0,demand,0.6290530793287794
30,12,2030,0,demand,0.6369357053912491
30,13,2030,0,demand,0.6278600358284667
30,14,2030,0,demand,0.6273450449297965
30,15,2030,0,demand,0.6097992297142124
30,16,2030,0,demand,0.5897312874080751
30,17,2030,0,demand,0.5921914920823809
30,18,2030,0,demand,0.6127825436564731
30,19,2030,0,demand,0.6441546167826926
30,20,2030,0,demand,0.65686137182143
30,21,2030,0,demand,0.6587139271167283
30,22,2030,0,demand,0.6288379241386187
30,23,2030,0,demand,0.5856259048600615
30,24,2030,0,demand,0.5704610557509343
30,1,2030,0,solar,0.0
30,2,2030,0,solar,0.0
30,3,2030,0,solar,0.0
30,4,2030,0,solar,0.0
30,5,2030,0,solar,0.0
30,6,2030,0,solar,0.0
30,7,2030,0,solar,0.0
30,8,2030,0,solar,0.0
30,9,2030,0,solar,0.04376925130011197
30,10,2030,0,solar,0.17016944087739477
30,11,2030,0,solar,0.2732237219221347
30,12,2030,0,solar,0.3399821875801167
30,13,2030,0,solar,0.3607985072870314
30,14,2030,0,solar,0.3312488847434229
30,15,2030,0,solar,0.2722864043002825
30,16,2030,0,solar,0.18630922198812205
30,17,2030,0,solar,0.08581024486588959
30,18,2030,0,solar,0.0
30,19,2030,0,solar,0.0
30,20,2030,0,solar,0.0
30,21,2030,0,solar,0.0
30,22,2030,0,solar,0.0
30,23,2030,0,solar,0.0
30,24,2030,0,solar,0.0
30,1,2030,0,wind_offshore,0.06029378960175534
30,2,2030,0,wind_offshore,0.07846361370948574
30,3,2030,0,wind_offshore,0.07563860512914806
30,4,2030,0,wind_offshore,0.05987625095914512
30,5,2030,0,wind_offshore,0.05075291633612519
30,6,2030,0,wind_offshore,0.041750610073708505
30,7,2030,0,wind_offshore,0.05886815603755497
30,8,2030,0,wind_offshore,0.08256541694478813
30,9,2030,0,wind_offshore,0.13023730525522184
30,10,2030,0,wind_offshore,0.1924760394875118
30,11,2030,0,wind_offshore,0.23295389713077885
30,12,2030,0,wind_offshore,0.34381912775656615
30,13,2030,0,wind_offshore,0.46728396063077504
30,14,2030,0,wind_offshore,0.52263949681375
30,15,2030,0,wind_offshore,0.4116975500691289
30,16,2030,0,wind_offshore,0.2603460367745684
30,17,2030,0,wind_offshore,0.18855775361185767
30,18,2030,0,wind_offshore,0.2159486287193202
30,19,2030,0,wind_offshore,0.2353357938784327
30,20,2030,0,wind_offshore,0.2548841003677036
30,21,2030,0,wind_offshore,0.21288692037516857
30,22,2030,0,wind_offshore,0.15717940577350484
30,23,2030,0,wind_offshore,0.12109080322367123
30,24,2030,0,wind_offshore,0.09987356733897794
30,1,2030,0,wind_onshore,0.16858742348318703
30,2,2030,0,wind_onshore,0.14954024923436843
30,3,2030,0,wind_onshore,0.1337016969186097
30,4,2030,0,wind_onshore,0.12726636462770027
30,5,2030,0,wind_onshore,0.12266441383789947
30,6,2030,0,wind_onshore,0.11855021300768148
30,7,2030,0,wind_onshore,0.11523554611261261
30,8,2030,0,wind_onshore,0.10989290222535339
30,9,2030,0,wind_onshore,0.10508868057920659
30,10,2030,0,wind_onshore,0.09721827215593595
30,11,2030,0,wind_onshore,0.09754381006930712
30,12,2030,0,wind_onshore,0.10471625768238377
30,13,2030,0,wind_onshore,0.09986124308449422
30,14,2030,0,wind_onshore,0.09388851812001804
30,15,2030,0,wind_onshore,0.08098743559596562
30,16,2030,0,wind_onshore,0.07354726350611035
30,17,2030,0,wind_onshore,0.06471479070085903
30,18,2030,0,wind_onshore,0.07487725420068019
30,19,2030,0,wind_onshore,0.08779054325934643
30,20,2030,0,wind_onshore,0.0957775323871582
30,21,2030,0,wind_onshore,0.10249626290913312
30,22,2030,0,wind_onshore,0.11095497987725542
30,23,2030,0,wind_onshore,0.13608922258761694
30,24,2030,0,wind_onshore,0.1345050058720912
31,1,2030,0,demand,0.4704960999064261
31,2,2030,0,demand,0.45487544611942665
31,3,2030,0,demand,0.44627648113571805
31,4,2030,0,demand,0.43830520451835975
31,5,2030,0,demand,0.4312200827515467
31,6,2030,0,demand,0.43542656909680333
31,7,2030,0,demand,0.44962499317212407
31,8,2030,0,demand,0.48434113093657816
31,9,2030,0,demand,0.5165970319145305
31,10,2030,0,demand,0.5413982335118546
31,11,2030,0,demand,0.5436463417273918
31,12,2030,0,demand,0.5332820422726179
31,13,2030,0,demand,0.5311266475708808
31,14,2030,0,demand,0.5248501658430972
31,15,2030,0,demand,0.5134272066205294
31,16,2030,0,demand,0.496387242787339
31,17,2030,0,demand,0.5023014241394262
31,18,2030,0,demand,0.5141490422791898
31,19,2030,0,demand,0.5469953434243681
31,20,2030,0,demand,0.570358222030027
31,21,2030,0,demand,0.5789277233643796
31,22,2030,0,demand,0.564373587829494
31,23,2030,0,demand,0.5226045023023947
31,24,2030,0,demand,0.5086999508883587
31,1,2030,0,solar,0.0
31,2,2030,0,solar,0.0
31,3,2030,0,solar,0.0
31,4,2030,0,solar,0.0
31,5,2030,0,solar,0.0
31,6,2030,0,solar,0.0
31,7,2030,0,solar,0.0078145744922873
31,8,2030,0,solar,0.12197708868983205
31,9,2030,0,solar,0.28430266662653897
31,10,2030,0,solar,0.4100940961832725
31,11,2030,0,solar,0.4944362213583084
31,12,2030,0,solar,0.5446797973818762
31,13,2030,0,solar,0.5434055735509172
31,14,2030,0,solar,0.5159421884524803
31,15,2030,0,solar,0.45086121010222835
31,16,2030,0,solar,0.3602686253037298
31,17,2030,0,solar,0.25662755785179897
31,18,2030,0,solar,0.14386689529112076
31,19,2030,0,solar,0.03825899305188981
31,20,2030,0,solar,6.851950288260395e-7
31,21,2030,0,solar,0.0
31,22,2030,0,solar,0.0
31,23,2030,0,solar,0.0
31,24,2030,0,solar,0.0
31,1,2030,0,wind_offshore,0.2742973780061629
31,2,2030,0,wind_offshore,0.2601170998210114
31,3,2030,0,wind_offshore,0.27315243670484257
31,4,2030,0,wind_offshore,0.3005837613655948
31,5,2030,0,wind_offshore,0.3408373750008996
31,6,2030,0,wind_offshore,0.40178696283767895
31,7,2030,0,wind_offshore,0.45251564895553914
31,8,2030,0,wind_offshore,0.4767212520313896
31,9,2030,0,wind_offshore,0.4667135039792797
31,10,2030,0,wind_offshore,0.46523534503322483
31,11,2030,0,wind_offshore,0.46491083577540926
31,12,2030,0,wind_offshore,0.4655397650527317
31,13,2030,0,wind_offshore,0.49234908990893966
31,14,2030,0,wind_offshore,0.5308137787201465
31,15,2030,0,wind_offshore,0.5603932086180141
31,16,2030,0,wind_offshore,0.5999638754488249
31,17,2030,0,wind_offshore,0.5668029248055525
31,18,2030,0,wind_offshore,0.5204553105046592
31,19,2030,0,wind_offshore,0.5415662206448225
31,20,2030,0,wind_offshore,0.5469453716260522
31,21,2030,0,wind_offshore,0.4966737415764492
31,22,2030,0,wind_offshore,0.42399224674669034
31,23,2030,0,wind_offshore,0.25178109757975636
31,24,2030,0,wind_offshore,0.16659533958633937
31,1,2030,0,wind_onshore,0.108269843155509
31,2,2030,0,wind_onshore,0.09703612275634088
31,3,2030,0,wind_onshore,0.08821716269232147
31,4,2030,0,wind_onshore,0.08155330512557686
31,5,2030,0,wind_onshore,0.07275098850793496
31,6,2030,0,wind_onshore,0.06539609331691522
31,7,2030,0,wind_onshore,0.057165027525807065
31,8,2030,0,wind_onshore,0.05267632178100445
31,9,2030,0,wind_onshore,0.0593322770989134
31,10,2030,0,wind_onshore,0.06785598587664259
31,11,2030,0,wind_onshore,0.09612367684516082
31,12,2030,0,wind_onshore,0.11192700630032831
31,13,2030,0,wind_onshore,0.13466803388060225
31,14,2030,0,wind_onshore,0.1412720942749105
31,15,2030,0,wind_onshore,0.15100238545621592
31,16,2030,0,wind_onshore,0.14610954505252977
31,17,2030,0,wind_onshore,0.1412149388031652
31,18,2030,0,wind_onshore,0.12719427581900308
31,19,2030,0,wind_onshore,0.1105223217276799
31,20,2030,0,wind_onshore,0.08903637479737339
31,21,2030,0,wind_onshore,0.06982486939311612
31,22,2030,0,wind_onshore,0.05090776530273327
31,23,2030,0,wind_onshore,0.030522659096665627
31,24,2030,0,wind_onshore,0.02766996762743528
32,1,2030,0,demand,0.4505340833630358
32,2,2030,0,demand,0.4471412079687531
32,3,2030,0,demand,0.44232632809566413
32,4,2030,0,demand,0.4297069610081112
32,5,2030,0,demand,0.42443723643806874
32,6,2030,0,demand,0.42405895692831147
32,7,2030,0,demand,0.4367619159073098
32,8,2030,0,demand,0.461228213208857
32,9,2030,0,demand,0.47467941917472933
32,10,2030,0,demand,0.488888686022993
32,11,2030,0,demand,0.4967865187295949
32,12,2030,0,demand,0.49390060167280825
32,13,2030,0,demand,0.49141570273230756
32,14,2030,0,demand,0.4848991239386337
32,15,2030,0,demand,0.47070991586220173
32,16,2030,0,demand,0.46346772363022165
32,17,2030,0,demand,0.45992116309778425
32,18,2030,0,demand,0.4764970966360121
32,19,2030,0,demand,0.4894647999343634
32,20,2030,0,demand,0.5087553414533728
32,21,2030,0,demand,0.5101743581525894
32,22,2030,0,demand,0.48310027948632517
32,23,2030,0,demand,0.45851332546728857
32,24,2030,0,demand,0.4477558464050043
32,1,2030,0,solar,0.0
32,2,2030,0,solar,0.0
32,3,2030,0,solar,0.0
32,4,2030,0,solar,0.0
32,5,2030,0,solar,0.0
32,6,2030,0,solar,0.0
32,7,2030,0,solar,0.0
32,8,2030,0,solar,0.04324530067186591
32,9,2030,0,solar,0.16765156562447125
32,10,2030,0,solar,0.3015678676670325
32,11,2030,0,solar,0.3919135027512877
32,12,2030,0,solar,0.4500733199929825
32,13,2030,0,solar,0.45573973722286387
32,14,2030,0,solar,0.4307043616208352
32,15,2030,0,solar,0.36867029570457427
32,16,2030,0,solar,0.2761236541281118
32,17,2030,0,solar,0.14934364987544746
32,18,2030,0,solar,0.032600127658117935
32,19,2030,0,solar,0.0
32,20,2030,0,solar,0.0
32,21,2030,0,solar,0.0
32,22,2030,0,solar,0.0
32,23,2030,0,solar,0.0
32,24,2030,0,solar,0.0
32,1,2030,0,wind_offshore,0.64914488542845
32,2,2030,0,wind_offshore,0.6247350122622877
32,3,2030,0,wind_offshore,0.6031322536135689
32,4,2030,0,wind_offshore,0.5994317302783575
32,5,2030,0,wind_offshore,0.5883682761610475
32,6,2030,0,wind_offshore,0.585075000503689
32,7,2030,0,wind_offshore,0.5547356902315562
32,8,2030,0,wind_offshore,0.5294671198786624
32,9,2030,0,wind_offshore,0.5128449967122017
32,10,2030,0,wind_offshore,0.481372813779168
32,11,2030,0,wind_offshore,0.4542014791870579
32,12,2030,0,wind_offshore,0.39847793412313215
32,13,2030,0,wind_offshore,0.34835304571140396
32,14,2030,0,wind_offshore,0.3183142332122684
32,15,2030,0,wind_offshore,0.3125936191798108
32,16,2030,0,wind_offshore,0.3232636110084671
32,17,2030,0,wind_offshore,0.3327721904069769
32,18,2030,0,wind_offshore,0.34046471410293794
32,19,2030,0,wind_offshore,0.3448534275802688
32,20,2030,0,wind_offshore,0.3386388737952743
32,21,2030,0,wind_offshore,0.32866726682002734
32,22,2030,0,wind_offshore,0.33460985341466626
32,23,2030,0,wind_offshore,0.3575679966146227
32,24,2030,0,wind_offshore,0.33103238343510927
32,1,2030,0,wind_onshore,0.2499282821221195
32,2,2030,0,wind_onshore,0.2326226552514663
32,3,2030,0,wind_onshore,0.2126551895211449
32,4,2030,0,wind_onshore,0.19882439677663782
32,5,2030,0,wind_onshore,0.18397044446332192
32,6,2030,0,wind_onshore,0.17404280371973058
32,7,2030,0,wind_onshore,0.163818317382808
32,8,2030,0,wind_onshore,0.1583112450742482
32,9,2030,0,wind_onshore,0.14245456087332659
32,10,2030,0,wind_onshore,0.12417096569100662
32,11,2030,0,wind_onshore,0.11208776900079181
32,12,2030,0,wind_onshore,0.10550529070178366
32,13,2030,0,wind_onshore,0.10034940317013344
32,14,2030,0,wind_onshore,0.08814851428227888
32,15,2030,0,wind_onshore,0.07950231365557181
32,16,2030,0,wind_onshore,0.075901065720678
32,17,2030,0,wind_onshore,0.08313654909271301
32,18,2030,0,wind_onshore,0.10035302227257462
32,19,2030,0,wind_onshore,0.1213282540190798
32,20,2030,0,wind_onshore,0.12398787706134075
32,21,2030,0,wind_onshore,0.11612672602914532
32,22,2030,0,wind_onshore,0.10618449908009958
32,23,2030,0,wind_onshore,0.08962239284656737
32,24,2030,0,wind_onshore,0.07495384678636882
33,1,2030,0,demand,0.5208873111402802
33,2,2030,0,demand,0.5292103037551819
33,3,2030,0,demand,0.5196848206646295
33,4,2030,0,demand,0.5028158650300241
33,5,2030,0,demand,0.516393197202197
33,6,2030,0,demand,0.5397191215418591
33,7,2030,0,demand,0.5538998651648138
33,8,2030,0,demand,0.5851781694764472
33,9,2030,0,demand,0.6336790645710071
33,10,2030,0,demand,0.6618622819860485
33,11,2030,0,demand,0.6893726222115
33,12,2030,0,demand,0.7152350646628809
33,13,2030,0,demand,0.7264303084503292
33,14,2030,0,demand,0.7170442621436102
33,15,2030,0,demand,0.7015706791263718
33,16,2030,0,demand,0.6958822290077477
33,17,2030,0,demand,0.6866089893336066
33,18,2030,0,demand,0.6747959362224537
33,19,2030,0,demand,0.661014724695026
33,20,2030,0,demand,0.6629459412412055
33,21,2030,0,demand,0.6460394386920236
33,22,2030,0,demand,0.6106738716598035
33,23,2030,0,demand,0.5686555304795381
33,24,2030,0,demand,0.5553534702907685
33,1,2030,0,solar,0.0
33,2,2030,0,solar,0.0
33,3,2030,0,solar,0.0
33,4,2030,0,solar,0.0
33,5,2030,0,solar,0.0
33,6,2030,0,solar,0.0
33,7,2030,0,solar,0.002144893321923814
33,8,2030,0,solar,0.07177483818552644
33,9,2030,0,solar,0.18567701005221726
33,10,2030,0,solar,0.2994800256266989
33,11,2030,0,solar,0.3763147060312649
33,12,2030,0,solar,0.4286492400481449
33,13,2030,0,solar,0.45127663221490766
33,14,2030,0,solar,0.4358741753291113
33,15,2030,0,solar,0.399536926694609
33,16,2030,0,solar,0.3353480189438934
33,17,2030,0,solar,0.23417143103884897
33,18,2030,0,solar,0.12019309884600661
33,19,2030,0,solar,0.024598889331207133
33,20,2030,0,solar,0.0
33,21,2030,0,solar,0.0
33,22,2030,0,solar,0.0
33,23,2030,0,solar,0.0
33,24,2030,0,solar,0.0
33,1,2030,0,wind_offshore,0.6955094703371224
33,2,2030,0,wind_offshore,0.6913510385208478
33,3,2030,0,wind_offshore,0.6896373345218789
33,4,2030,0,wind_offshore,0.6826812044921272
33,5,2030,0,wind_offshore,0.6708046379681628
33,6,2030,0,wind_offshore,0.6630236648295851
33,7,2030,0,wind_offshore,0.6550663666368159
33,8,2030,0,wind_offshore,0.6551208910712738
33,9,2030,0,wind_offshore,0.6587566425108502
33,10,2030,0,wind_offshore,0.651068635342248
33,11,2030,0,wind_offshore,0.6497249080650679
33,12,2030,0,wind_offshore,0.646029846763186
33,13,2030,0,wind_offshore,0.6415650084793736
33,14,2030,0,wind_offshore,0.6343074223954688
33,15,2030,0,wind_offshore,0.6356330801259208
33,16,2030,0,wind_offshore,0.6323007533714361
33,17,2030,0,wind_offshore,0.6360751454636008
33,18,2030,0,wind_offshore,0.6371941451648686
33,19,2030,0,wind_offshore,0.6359071390557228
33,20,2030,0,wind_offshore,0.6363544107089347
33,21,2030,0,wind_offshore,0.6295788812090626
33,22,2030,0,wind_offshore,0.6303981198513313
33,23,2030,0,wind_offshore,0.6198810020328834
33,24,2030,0,wind_offshore,0.6204879682433398
33,1,2030,0,wind_onshore,0.2369416514626339
33,2,2030,0,wind_onshore,0.22011539569594135
33,3,2030,0,wind_onshore,0.19751589088912827
33,4,2030,0,wind_onshore,0.18377673696955724
33,5,2030,0,wind_onshore,0.16354666312364738
33,6,2030,0,wind_onshore,0.15085839712880839
33,7,2030,0,wind_onshore,0.14192044077514304
33,8,2030,0,wind_onshore,0.12142488599719985
33,9,2030,0,wind_onshore,0.10586204149710864
33,10,2030,0,wind_onshore,0.1034764423432439
33,11,2030,0,wind_onshore,0.09168006742048772
33,12,2030,0,wind_onshore,0.09497393920378414
33,13,2030,0,wind_onshore,0.10338143469725343
33,14,2030,0,wind_onshore,0.11120005919115424
33,15,2030,0,wind_onshore,0.12375297592385032
33,16,2030,0,wind_onshore,0.14614316271529565
33,17,2030,0,wind_onshore,0.17340215101767315
33,18,2030,0,wind_onshore,0.20457552745786423
33,19,2030,0,wind_onshore,0.22544064765090355
33,20,2030,0,wind_onshore,0.2464747853959809
33,21,2030,0,wind_onshore,0.23572438778576996
33,22,2030,0,wind_onshore,0.2163066053349699
33,23,2030,0,wind_onshore,0.19365441160707586
33,24,2030,0,wind_onshore,0.17841271337703724
34,1,2030,0,demand,0.4949532950969558
34,2,2030,0,demand,0.4886049434902931
34,3,2030,0,demand,0.4745616784275692
34,4,2030,0,demand,0.46679568310176944
34,5,2030,0,demand,0.4675291672618588
34,6,2030,0,demand,0.48579059546605013
34,7,2030,0,demand,0.5053857015701279
34,8,2030,0,demand,0.5383389904821446
34,9,2030,0,demand,0.5581522849097814
34,10,2030,0,demand,0.5717924746231495
34,11,2030,0,demand,0.5746146849825516
34,12,2030,0,demand,0.5586762700260761
34,13,2030,0,demand,0.5523183763769594
34,14,2030,0,demand,0.5369942842057469
34,15,2030,0,demand,0.5214282866549597
34,16,2030,0,demand,0.5080011020925492
34,17,2030,0,demand,0.49697822741192793
34,18,2030,0,demand,0.5024763846239665
34,19,2030,0,demand,0.5233010853433973
34,20,2030,0,demand,0.5554335168863958
34,21,2030,0,demand,0.5616425788515359
34,22,2030,0,demand,0.5360770859838607
34,23,2030,0,demand,0.49880096244483074
34,24,2030,0,demand,0.4876814217814464
34,1,2030,0,solar,0.0
34,2,2030,0,solar,0.0
34,3,2030,0,solar,0.0
34,4,2030,0,solar,0.0
34,5,2030,0,solar,0.0
34,6,2030,0,solar,0.0
34,7,2030,0,solar,0.006872831550070253
34,8,2030,0,solar,0.09973890916862126
34,9,2030,0,solar,0.24529593100953193
34,10,2030,0,solar,0.37177892570340476
34,11,2030,0,solar,0.46177971196208656
34,12,2030,0,solar,0.5373743239924763
34,13,2030,0,solar,0.5622375199378628
34,14,2030,0,solar,0.5348695299965002
34,15,2030,0,solar,0.46949944115957976
34,16,2030,0,solar,0.38067411776563514
34,17,2030,0,solar,0.28044376449377434
34,18,2030,0,solar,0.15676402153044716
34,19,2030,0,solar,0.036324220285832695
34,20,2030,0,solar,6.286613108680761e-7
34,21,2030,0,solar,0.0
34,22,2030,0,solar,0.0
34,23,2030,0,solar,0.0
34,24,2030,0,solar,0.0
34,1,2030,0,wind_offshore,0.38656743947540506
34,2,2030,0,wind_offshore,0.42373239521572464
34,3,2030,0,wind_offshore,0.46070937823195157
34,4,2030,0,wind_offshore,0.5243522824911597
34,5,2030,0,wind_offshore,0.5560081374020475
34,6,2030,0,wind_offshore,0.582456381855691
34,7,2030,0,wind_offshore,0.5902763201845852
34,8,2030,0,wind_offshore,0.5861177631444064
34,9,2030,0,wind_offshore,0.5621470143997414
34,10,2030,0,wind_offshore,0.5255687278899086
34,11,2030,0,wind_offshore,0.3568910546365348
34,12,2030,0,wind_offshore,0.30649684543371564
34,13,2030,0,wind_offshore,0.25384943482332967
34,14,2030,0,wind_offshore,0.2197752553900984
34,15,2030,0,wind_offshore,0.23222954264842918
34,16,2030,0,wind_offshore,0.2585113986870539
34,17,2030,0,wind_offshore,0.26277951188949705
34,18,2030,0,wind_offshore,0.2893559583180597
34,19,2030,0,wind_offshore,0.3304500693655734
34,20,2030,0,wind_offshore,0.35238402709778727
34,21,2030,0,wind_offshore,0.36298144710180874
34,22,2030,0,wind_offshore,0.37389893528466644
34,23,2030,0,wind_offshore,0.30938254191742265
34,24,2030,0,wind_offshore,0.29834011216446943
34,1,2030,0,wind_onshore,0.12012949822887378
34,2,2030,0,wind_onshore,0.11710506750082962
34,3,2030,0,wind_onshore,0.12773008655625387
34,4,2030,0,wind_onshore,0.13808513762727181
34,5,2030,0,wind_onshore,0.14500244384519226
34,6,2030,0,wind_onshore,0.1556596450824785
34,7,2030,0,wind_onshore,0.16320813282678634
34,8,2030,0,wind_onshore,0.16645925822920365
34,9,2030,0,wind_onshore,0.18651994624935261
34,10,2030,0,wind_onshore,0.2044300684995098
34,11,2030,0,wind_onshore,0.21689897185861587
34,12,2030,0,wind_onshore,0.24402527258087206
34,13,2030,0,wind_onshore,0.259177949692116
34,14,2030,0,wind_onshore,0.272691962546459
34,15,2030,0,wind_onshore,0.2896613499563421
34,16,2030,0,wind_onshore,0.2981186786134722
34,17,2030,0,wind_onshore,0.29743666854860723
34,18,2030,0,wind_onshore,0.2693893807312736
34,19,2030,0,wind_onshore,0.2304456580961529
34,20,2030,0,wind_onshore,0.176539961557451
34,21,2030,0,wind_onshore,0.15153533333026553
34,22,2030,0,wind_onshore,0.12558790876700512
34,23,2030,0,wind_onshore,0.13632115857221025
34,24,2030,0,wind_onshore,0.12207811896886672
35,1,2030,0,demand,0.5312861390210393
35,2,2030,0,demand,0.5188635141632261
35,3,2030,0,demand,0.5191360593419362
35,4,2030,0,demand,0.5038010828981375
35,5,2030,0,demand,0.5059894841012381
35,6,2030,0,demand,0.5374162433254965
35,7,2030,0,demand,0.5890922211803291
35,8,2030,0,demand,0.6322013477388926
35,9,2030,0,demand,0.659057501261105
35,10,2030,0,demand,0.6851229452128051
35,11,2030,0,demand,0.6857461830486127
35,12,2030,0,demand,0.6810940656857177
35,13,2030,0,demand,0.6800520281437015
35,14,2030,0,demand,0.6651069030606847
35,15,2030,0,demand,0.6463587969106476
35,16,2030,0,demand,0.6318260663378481
35,17,2030,0,demand,0.6321237550115227
35,18,2030,0,demand,0.6531195183441539
35,19,2030,0,demand,0.6940144592220792
35,20,2030,0,demand,0.7269735086714668
35,21,2030,0,demand,0.7157358826348795
35,22,2030,0,demand,0.670348641725585
35,23,2030,0,demand,0.6125438871537526
35,24,2030,0,demand,0.5953981299267841
35,1,2030,0,solar,0.0
35,2,2030,0,solar,0.0
35,3,2030,0,solar,0.0
35,4,2030,0,solar,0.0
35,5,2030,0,solar,0.0
35,6,2030,0,solar,0.0
35,7,2030,0,solar,0.0
35,8,2030,0,solar,0.0
35,9,2030,0,solar,0.05495315774897437
35,10,2030,0,solar,0.13268543339357486
35,11,2030,0,solar,0.2032364685335953
35,12,2030,0,solar,0.25201621848432204
35,13,2030,0,solar,0.2773787597404609
35,14,2030,0,solar,0.2656263703367326
35,15,2030,0,solar,0.21809689893489564
35,16,2030,0,solar,0.14723827256022026
35,17,2030,0,solar,0.0617313140236162
35,18,2030,0,solar,0.0
35,19,2030,0,solar,0.0
35,20,2030,0,solar,0.0
35,21,2030,0,solar,0.0
35,22,2030,0,solar,0.0
35,23,2030,0,solar,0.0
35,24,2030,0,solar,0.0
35,1,2030,0,wind_offshore,0.20330388621390907
35,2,2030,0,wind_offshore,0.20491349553423227
35,3,2030,0,wind_offshore,0.18169555727984335
35,4,2030,0,wind_offshore,0.18287342020652933
35,5,2030,0,wind_offshore,0.20380292400285252
35,6,2030,0,wind_offshore,0.21715542278645603
35,7,2030,0,wind_offshore,0.2170842138301428
35,8,2030,0,wind_offshore,0.26519588014301154
35,9,2030,0,wind_offshore,0.3121823863280443
35,10,2030,0,wind_offshore,0.3424974481764693
35,11,2030,0,wind_offshore,0.3015019667151677
35,12,2030,0,wind_offshore,0.19852677896455448
35,13,2030,0,wind_offshore,0.08895872749762697
35,14,2030,0,wind_offshore,0.0384191900361535
35,15,2030,0,wind_offshore,0.02207728727064014
35,16,2030,0,wind_offshore,0.0342284800760493
35,17,2030,0,wind_offshore,0.0531206000522803
35,18,2030,0,wind_offshore,0.09216805565010426
35,19,2030,0,wind_offshore,0.18367551209826233
35,20,2030,0,wind_offshore,0.2885424254192837
35,21,2030,0,wind_offshore,0.25733868868554277
35,22,2030,0,wind_offshore,0.28108901505293127
35,23,2030,0,wind_offshore,0.4306096176467035
35,24,2030,0,wind_offshore,0.5320964854920196
35,1,2030,0,wind_onshore,0.22596669938971561
35,2,2030,0,wind_onshore,0.22824303830161377
35,3,2030,0,wind_onshore,0.2376622768125438
35,4,2030,0,wind_onshore,0.2406280211739738
35,5,2030,0,wind_onshore,0.24582956521477053
35,6,2030,0,wind_onshore,0.25436287266829977
35,7,2030,0,wind_onshore,0.26540840289056544
35,8,2030,0,wind_onshore,0.27887532215354
35,9,2030,0,wind_onshore,0.29128480043219424
35,10,2030,0,wind_onshore,0.2913256163116252
35,11,2030,0,wind_onshore,0.26368305227654126
35,12,2030,0,wind_onshore,0.3143866540249772
35,13,2030,0,wind_onshore,0.35510457360479497
35,14,2030,0,wind_onshore,0.3798107516404256
35,15,2030,0,wind_onshore,0.3714688483894461
35,16,2030,0,wind_onshore,0.36929766821324056
35,17,2030,0,wind_onshore,0.3613749076725064
35,18,2030,0,wind_onshore,0.3636613193327346
35,19,2030,0,wind_onshore,0.3789444544771441
35,20,2030,0,wind_onshore,0.38222987141870474
35,21,2030,0,wind_onshore,0.3894865822584349
35,22,2030,0,wind_onshore,0.39111298179207554
35,23,2030,0,wind_onshore,0.3816864151886962
35,24,2030,0,wind_onshore,0.38408369756245014
36,1,2030,0,demand,0.5032773277119779
36,2,2030,0,demand,0.4905010449692448
36,3,2030,0,demand,0.48100816362232324
36,4,2030,0,demand,0.4679635577053553
36,5,2030,0,demand,0.4664845119787612
36,6,2030,0,demand,0.49770382123674717
36,7,2030,0,demand,0.5370193708427866
36,8,2030,0,demand,0.5853059489673986
36,9,2030,0,demand,0.6149252186928394
36,10,2030,0,demand,0.6380185207596408
36,11,2030,0,demand,0.6480554345310651
36,12,2030,0,demand,0.6345085009621256
36,13,2030,0,demand,0.630892095384219
36,14,2030,0,demand,0.6059990006233318
36,15,2030,0,demand,0.5924372016885591
36,16,2030,0,demand,0.5845203174846967
36,17,2030,0,demand,0.5798352708047009
36,18,2030,0,demand,0.5913680977114598
36,19,2030,0,demand,0.6207453534235275
36,20,2030,0,demand,0.6566986869596011
36,21,2030,0,demand,0.6480856644232914
36,22,2030,0,demand,0.6197894852702658
36,23,2030,0,demand,0.5716830813853611
36,24,2030,0,demand,0.5574384581929339
36,1,2030,0,solar,0.0
36,2,2030,0,solar,0.0
36,3,2030,0,solar,0.0
36,4,2030,0,solar,0.0
36,5,2030,0,solar,0.0
36,6,2030,0,solar,0.0
36,7,2030,0,solar,0.0
36,8,2030,0,solar,0.0
36,9,2030,0,solar,0.07704268700092311
36,10,2030,0,solar,0.2019976865264775
36,11,2030,0,solar,0.31147698221779585
36,12,2030,0,solar,0.39580153899437076
36,13,2030,0,solar,0.43437900991009715
36,14,2030,0,solar,0.4432010298183347
36,15,2030,0,solar,0.3993154373960204
36,16,2030,0,solar,0.314983352590701
36,17,2030,0,solar,0.19402527643104753
36,18,2030,0,solar,0.0653558456496338
36,19,2030,0,solar,0.0
36,20,2030,0,solar,0.0
36,21,2030,0,solar,0.0
36,22,2030,0,solar,0.0
36,23,2030,0,solar,0.0
36,24,2030,0,solar,0.0
36,1,2030,0,wind_offshore,0.6503541991208572
36,2,2030,0,wind_offshore,0.6607065948094911
36,3,2030,0,wind_offshore,0.6652422814163788
36,4,2030,0,wind_offshore,0.6608621293015005
36,5,2030,0,wind_offshore,0.6647255870960194
36,6,2030,0,wind_offshore,0.6536604893677369
36,7,2030,0,wind_offshore,0.6530320497868585
36,8,2030,0,wind_offshore,0.6516206687327039
36,9,2030,0,wind_offshore,0.6378796763791937
36,10,2030,0,wind_offshore,0.6300198294217897
36,11,2030,0,wind_offshore,0.651400353586477
36,12,2030,0,wind_offshore,0.6606728265439722
36,13,2030,0,wind_offshore,0.6568259482571223
36,14,2030,0,wind_offshore,0.6602763769367908
36,15,2030,0,wind_offshore,0.6683328107180554
36,16,2030,0,wind_offshore,0.6703049483072904
36,17,2030,0,wind_offshore,0.6617870667726127
36,18,2030,0,wind_offshore,0.6584389617088755
36,19,2030,0,wind_offshore,0.6641346630694008
36,20,2030,0,wind_offshore,0.6525839416216643
36,21,2030,0,wind_offshore,0.6585916148576637
36,22,2030,0,wind_offshore,0.653919088810261
36,23,2030,0,wind_offshore,0.6456625312237184
36,24,2030,0,wind_offshore,0.6487588028179108
36,1,2030,0,wind_onshore,0.13908269655276598
36,2,2030,0,wind_onshore,0.1617998917711326
36,3,2030,0,wind_onshore,0.1791267120575619
36,4,2030,0,wind_onshore,0.188917564350111
36,5,2030,0,wind_onshore,0.20315949372351516
36,6,2030,0,wind_onshore,0.20134739895363912
36,7,2030,0,wind_onshore,0.2008665342829906
36,8,2030,0,wind_onshore,0.20669479411470026
36,9,2030,0,wind_onshore,0.20399138131795813
36,10,2030,0,wind_onshore,0.19120529338798145
36,11,2030,0,wind_onshore,0.17236128617796634
36,12,2030,0,wind_onshore,0.1817001435386258
36,13,2030,0,wind_onshore,0.20443483017837813
36,14,2030,0,wind_onshore,0.21750459702539107
36,15,2030,0,wind_onshore,0.2315321187650808
36,16,2030,0,wind_onshore,0.24637075445091353
36,17,2030,0,wind_onshore,0.23745122952421502
36,18,2030,0,wind_onshore,0.244419378487588
36,19,2030,0,wind_onshore,0.26395612707902555
36,20,2030,0,wind_onshore,0.28448864348694797
36,21,2030,0,wind_onshore,0.29491378202392377
36,22,2030,0,wind_onshore,0.30116939942297666
36,23,2030,0,wind_onshore,0.299521976427888
36,24,2030,0,wind_onshore,0.3158717864794087
37,1,2030,0,demand,0.44153198417240874
37,2,2030,0,demand,0.4378502883547828
37,3,2030,0,demand,0.4299629565564484
37,4,2030,0,demand,0.41768699740884385
37,5,2030,0,demand,0.424802106904142
37,6,2030,0,demand,0.43161853111886717
37,7,2030,0,demand,0.4446800253249222
37,8,2030,0,demand,0.46141266182868795
37,9,2030,0,demand,0.4879422755591387
37,10,2030,0,demand,0.5029347400480182
37,11,2030,0,demand,0.5181446327384811
37,12,2030,0,demand,0.5098070675677271
37,13,2030,0,demand,0.511470709497602
37,14,2030,0,demand,0.5125817921498221
37,15,2030,0,demand,0.5051676156911488
37,16,2030,0,demand,0.49799013235732453
37,17,2030,0,demand,0.5028458315468234
37,18,2030,0,demand,0.5186058297811819
37,19,2030,0,demand,0.538687998806061
37,20,2030,0,demand,0.5486927111860269
37,21,2030,0,demand,0.5472638996652676
37,22,2030,0,demand,0.5329783256541524
37,23,2030,0,demand,0.5025218773771326
37,24,2030,0,demand,0.4971222986187991
37,1,2030,0,solar,0.0
37,2,2030,0,solar,0.0
37,3,2030,0,solar,0.0
37,4,2030,0,solar,0.0
37,5,2030,0,solar,0.0
37,6,2030,0,solar,0.0
37,7,2030,0,solar,0.0
37,8,2030,0,solar,0.05098437653446584
37,9,2030,0,solar,0.17782379362204453
37,10,2030,0,solar,0.30546447426410617
37,11,2030,0,solar,0.39149279993120994
37,12,2030,0,solar,0.4500931905612595
37,13,2030,0,solar,0.46419244789628306
37,14,2030,0,solar,0.4470250178380454
37,15,2030,0,solar,0.38760906297289777
37,16,2030,0,solar,0.30234436488660615
37,17,2030,0,solar,0.18584239434617417
37,18,2030,0,solar,0.05773814929961808
37,19,2030,0,solar,0.0
37,20,2030,0,solar,0.0
37,21,2030,0,solar,0.0
37,22,2030,0,solar,0.0
37,23,2030,0,solar,0.0
37,24,2030,0,solar,0.0
37,1,2030,0,wind_offshore,0.6383907280589844
37,2,2030,0,wind_offshore,0.6191061987225145
37,3,2030,0,wind_offshore,0.5889574949648453
37,4,2030,0,wind_offshore,0.5735154470400086
37,5,2030,0,wind_offshore,0.5555373696216164
37,6,2030,0,wind_offshore,0.5330903967885441
37,7,2030,0,wind_offshore,0.5239850244879526
37,8,2030,0,wind_offshore,0.4782284909150116
37,9,2030,0,wind_offshore,0.41591573185156194
37,10,2030,0,wind_offshore,0.375933157376474
37,11,2030,0,wind_offshore,0.3420898531899986
37,12,2030,0,wind_offshore,0.31954482632104675
37,13,2030,0,wind_offshore,0.2641554593344507
37,14,2030,0,wind_offshore,0.22228830556691687
37,15,2030,0,wind_offshore,0.18769518114487907
37,16,2030,0,wind_offshore,0.1699968478390912
37,17,2030,0,wind_offshore,0.15149858831296228
37,18,2030,0,wind_offshore,0.13886601543496482
37,19,2030,0,wind_offshore,0.12241006023871269
37,20,2030,0,wind_offshore,0.11169755597106105
37,21,2030,0,wind_offshore,0.09559042916945291
37,22,2030,0,wind_offshore,0.08625216528799379
37,23,2030,0,wind_offshore,0.08194314513172227
37,24,2030,0,wind_offshore,0.059638187641322685
37,1,2030,0,wind_onshore,0.08114505166570317
37,2,2030,0,wind_onshore,0.08458635245651505
37,3,2030,0,wind_onshore,0.08376761478989642
37,4,2030,0,wind_onshore,0.08475093551021817
37,5,2030,0,wind_onshore,0.08462171921782902
37,6,2030,0,wind_onshore,0.08742648506352682
37,7,2030,0,wind_onshore,0.0909738907463895
37,8,2030,0,wind_onshore,0.09310161249290215
37,9,2030,0,wind_onshore,0.08782525142316737
37,10,2030,0,wind_onshore,0.08699732328925347
37,11,2030,0,wind_onshore,0.08423666330889462
37,12,2030,0,wind_onshore,0.09766888602623751
37,13,2030,0,wind_onshore,0.11111721887188673
37,14,2030,0,wind_onshore,0.11110739468458652
37,15,2030,0,wind_onshore,0.1084177115762151
37,16,2030,0,wind_onshore,0.10801958625856056
37,17,2030,0,wind_onshore,0.11289202521862958
37,18,2030,0,wind_onshore,0.12019441808071364
37,19,2030,0,wind_onshore,0.13876868912445817
37,20,2030,0,wind_onshore,0.1514371441850717
37,21,2030,0,wind_onshore,0.1580641152595013
37,22,2030,0,wind_onshore,0.16632264337550698
37,23,2030,0,wind_onshore,0.149326852931544
37,24,2030,0,wind_onshore,0.15891858897323768
38,1,2030,0,demand,0.5123325453266108
38,2,2030,0,demand,0.4981513945551677
38,3,2030,0,demand,0.48517553263018964
38,4,2030,0,demand,0.48451615498562217
38,5,2030,0,demand,0.4906561355107424
38,6,2030,0,demand,0.5143611771657997
38,7,2030,0,demand,0.5418027265434765
38,8,2030,0,demand,0.5825264798064542
38,9,2030,0,demand,0.604320926156887
38,10,2030,0,demand,0.6298415803628332
38,11,2030,0,demand,0.6513520919705595
38,12,2030,0,demand,0.6575912659854249
38,13,2030,0,demand,0.6482555858798562
38,14,2030,0,demand,0.6443383823533005
38,15,2030,0,demand,0.6169525691787386
38,16,2030,0,demand,0.6131637856649977
38,17,2030,0,demand,0.609521958287375
38,18,2030,0,demand,0.6156233628795151
38,19,2030,0,demand,0.64394780168571
38,20,2030,0,demand,0.6515087230802112
38,21,2030,0,demand,0.6641488457486704
38,22,2030,0,demand,0.619753521641595
38,23,2030,0,demand,0.5640202707650945
38,24,2030,0,demand,0.5416547072929342
38,1,2030,0,solar,0.0
38,2,2030,0,solar,0.0
38,3,2030,0,solar,0.0
38,4,2030,0,solar,0.0
38,5,2030,0,solar,0.0
38,6,2030,0,solar,0.0
38,7,2030,0,solar,0.0
38,8,2030,0,solar,0.008092724729203242
38,9,2030,0,solar,0.07185242685988365
38,10,2030,0,solar,0.14974612202786639
38,11,2030,0,solar,0.21613834375148833
38,12,2030,0,solar,0.26402678315917383
38,13,2030,0,solar,0.3125449733929403
38,14,2030,0,solar,0.31876655377515595
38,15,2030,0,solar,0.28520043708024456
38,16,2030,0,solar,0.2153120477397503
38,17,2030,0,solar,0.10702188163419761
38,18,2030,0,solar,0.008258985260240794
38,19,2030,0,solar,0.0
38,20,2030,0,solar,0.0
38,21,2030,0,solar,0.0
38,22,2030,0,solar,0.0
38,23,2030,0,solar,0.0
38,24,2030,0,solar,0.0
38,1,2030,0,wind_offshore,0.4060562760211012
38,2,2030,0,wind_offshore,0.42998958453016317
38,3,2030,0,wind_offshore,0.4418522559191698
38,4,2030,0,wind_offshore,0.45850372473681356
38,5,2030,0,wind_offshore,0.4733349030342019
38,6,2030,0,wind_offshore,0.5069276468222677
38,7,2030,0,wind_offshore,0.520571538437266
38,8,2030,0,wind_offshore,0.5131148766764413
38,9,2030,0,wind_offshore,0.5975222999920744
38,10,2030,0,wind_offshore,0.6274005379884747
38,11,2030,0,wind_offshore,0.6163349707800023
38,12,2030,0,wind_offshore,0.5875173421703948
38,13,2030,0,wind_offshore,0.5465433712638992
38,14,2030,0,wind_offshore,0.46849222773488863
38,15,2030,0,wind_offshore,0.4380049923554996
38,16,2030,0,wind_offshore,0.4713724513355467
38,17,2030,0,wind_offshore,0.5040472613583039
38,18,2030,0,wind_offshore,0.5523496972679364
38,19,2030,0,wind_offshore,0.5997024730348359
38,20,2030,0,wind_offshore,0.6113475208118841
38,21,2030,0,wind_offshore,0.6056637821376446
38,22,2030,0,wind_offshore,0.6019997001330699
38,23,2030,0,wind_offshore,0.6226201851129964
38,24,2030,0,wind_offshore,0.5915090334109758
38,1,2030,0,wind_onshore,0.09052971339900485
38,2,2030,0,wind_onshore,0.0979471408188413
38,3,2030,0,wind_onshore,0.09976633212727178
38,4,2030,0,wind_onshore,0.1062079074670335
38,5,2030,0,wind_onshore,0.11912039790045609
38,6,2030,0,wind_onshore,0.1362919598655058
38,7,2030,0,wind_onshore,0.15636610086441452
38,8,2030,0,wind_onshore,0.17377133196557892
38,9,2030,0,wind_onshore,0.18750735891318518
38,10,2030,0,wind_onshore,0.18559326412787197
38,11,2030,0,wind_onshore,0.15378738139210202
38,12,2030,0,wind_onshore,0.16908507122004088
38,13,2030,0,wind_onshore,0.18096950062397435
38,14,2030,0,wind_onshore,0.19051646060107916
38,15,2030,0,wind_onshore,0.18851858893279938
38,16,2030,0,wind_onshore,0.18338075872903595
38,17,2030,0,wind_onshore,0.1863521602240648
38,18,2030,0,wind_onshore,0.1948917309309447
38,19,2030,0,wind_onshore,0.21686329049805647
38,20,2030,0,wind_onshore,0.21871994210272194
38,21,2030,0,wind_onshore,0.20775665052335643
38,22,2030,0,wind_onshore,0.18956470564949274
38,23,2030,0,wind_onshore,0.16283584347305047
38,24,2030,0,wind_onshore,0.1515575082275823
39,1,2030,0,demand,0.48251815894133354
39,2,2030,0,demand,0.4776562387706207
39,3,2030,0,demand,0.48311850217779656
39,4,2030,0,demand,0.48118318261658055
39,5,2030,0,demand,0.4933025949271983
39,6,2030,0,demand,0.5154749041776392
39,7,2030,0,demand,0.5447039994865468
39,8,2030,0,demand,0.5688152196620266
39,9,2030,0,demand,0.5826257136909034
39,10,2030,0,demand,0.5951406218788805
39,11,2030,0,demand,0.6036529813956947
39,12,2030,0,demand,0.6148349885431175
39,13,2030,0,demand,0.6152378250299048
39,14,2030,0,demand,0.5983441804581526
39,15,2030,0,demand,0.5943763124275069
39,16,2030,0,demand,0.5934243277802208
39,17,2030,0,demand,0.5948964472983674
39,18,2030,0,demand,0.5783502894507156
39,19,2030,0,demand,0.5858303351215727
39,20,2030,0,demand,0.5841269537091504
39,21,2030,0,demand,0.5810456489510906
39,22,2030,0,demand,0.5423382109625892
39,23,2030,0,demand,0.4996132072864465
39,24,2030,0,demand,0.5016853143809394
39,1,2030,0,solar,0.0
39,2,2030,0,solar,0.0
39,3,2030,0,solar,0.0
39,4,2030,0,solar,0.0
39,5,2030,0,solar,0.0
39,6,2030,0,solar,0.0003994646476213256
39,7,2030,0,solar,0.02979569177474117
39,8,2030,0,solar,0.14745593376205995
39,9,2030,0,solar,0.27951019917808195
39,10,2030,0,solar,0.39662110906309656
39,11,2030,0,solar,0.4692599222348363
39,12,2030,0,solar,0.5225468333286115
39,13,2030,0,solar,0.5362098681923532
39,14,2030,0,solar,0.5351133541402048
39,15,2030,0,solar,0.5032445643905178
39,16,2030,0,solar,0.43368303707483113
39,17,2030,0,solar,0.3295672480469634
39,18,2030,0,solar,0.20336323674588758
39,19,2030,0,solar,0.06783808624038637
39,20,2030,0,solar,0.00048045226427781434
39,21,2030,0,solar,0.0
39,22,2030,0,solar,0.0
39,23,2030,0,solar,0.0
39,24,2030,0,solar,0.0
39,1,2030,0,wind_offshore,0.15120429323544557
39,2,2030,0,wind_offshore,0.1558462815663114
39,3,2030,0,wind_offshore,0.1707918521075542
39,4,2030,0,wind_offshore,0.19493534250404093
39,5,2030,0,wind_offshore,0.22455936980806282
39,6,2030,0,wind_offshore,0.2557209780912977
39,7,2030,0,wind_offshore,0.258989632699835
39,8,2030,0,wind_offshore,0.24201752781973523
39,9,2030,0,wind_offshore,0.25412598486069654
39,10,2030,0,wind_offshore,0.2550181537405378
39,11,2030,0,wind_offshore,0.16606473039187306
39,12,2030,0,wind_offshore,0.13352652372797902
39,13,2030,0,wind_offshore,0.11565948657632563
39,14,2030,0,wind_offshore,0.1273800301587584
39,15,2030,0,wind_offshore,0.15899383553389246
39,16,2030,0,wind_offshore,0.18985480717501574
39,17,2030,0,wind_offshore,0.2167509306167427
39,18,2030,0,wind_offshore,0.2409244178613845
39,19,2030,0,wind_offshore,0.2577050962977967
39,20,2030,0,wind_offshore,0.2823321383334851
39,21,2030,0,wind_offshore,0.29758010913480826
39,22,2030,0,wind_offshore,0.320948738520415
39,23,2030,0,wind_offshore,0.26906103844078477
39,24,2030,0,wind_offshore,0.2502125568449547
39,1,2030,0,wind_onshore,0.24893882144553217
39,2,2030,0,wind_onshore,0.235069499446593
39,3,2030,0,wind_onshore,0.22895977002645213
39,4,2030,0,wind_onshore,0.23180631442825714
39,5,2030,0,wind_onshore,0.24846984589766316
39,6,2030,0,wind_onshore,0.24275009679603382
39,7,2030,0,wind_onshore,0.2419426190228397
39,8,2030,0,wind_onshore,0.24934650049687507
39,9,2030,0,wind_onshore,0.25958044428954
39,10,2030,0,wind_onshore,0.24895431496728565
39,11,2030,0,wind_onshore,0.21670885095124645
39,12,2030,0,wind_onshore,0.21331848487993518
39,13,2030,0,wind_onshore,0.2085152437010377
39,14,2030,0,wind_onshore,0.22034186228784597
39,15,2030,0,wind_onshore,0.24141633053269365
39,16,2030,0,wind_onshore,0.27173181415902536
39,17,2030,0,wind_onshore,0.292338408856227
39,18,2030,0,wind_onshore,0.3117591122357132
39,19,2030,0,wind_onshore,0.32839261856467866
39,20,2030,0,wind_onshore,0.3249251086930838
39,21,2030,0,wind_onshore,0.323276735522068
39,22,2030,0,wind_onshore,0.3099377020202577
39,23,2030,0,wind_onshore,0.2666311484262821
39,24,2030,0,wind_onshore,0.2608958331835271
40,1,2030,0,demand,0.45657950274689807
40,2,2030,0,demand,0.4431186945132008
40,3,2030,0,demand,0.4288446471707724
40,4,2030,0,demand,0.4215697442862848
40,5,2030,0,demand,0.41955764747244095
40,6,2030,0,demand,0.41348642015485226
40,7,2030,0,demand,0.42331673980089746
40,8,2030,0,demand,0.4367525197908101
40,9,2030,0,demand,0.46913853717252674
40,10,2030,0,demand,0.48604693906387314
40,11,2030,0,demand,0.508291426209119
40,12,2030,0,demand,0.5097717760141893
40,13,2030,0,demand,0.5150299985777116
40,14,2030,0,demand,0.5148441759378932
40,15,2030,0,demand,0.5029668191037218
40,16,2030,0,demand,0.4952344522487884
40,17,2030,0,demand,0.48713618748528087
40,18,2030,0,demand,0.5010164746720279
40,19,2030,0,demand,0.5164228339572494
40,20,2030,0,demand,0.5370115812366585
40,21,2030,0,demand,0.5455675016552806
40,22,2030,0,demand,0.5300324272943858
40,23,2030,0,demand,0.49688346505935915
40,24,2030,0,demand,0.4893138270062393
40,1,2030,0,solar,0.0
40,2,2030,0,solar,0.0
40,3,2030,0,solar,0.0
40,4,2030,0,solar,0.0
40,5,2030,0,solar,0.0
40,6,2030,0,solar,0.0
40,7,2030,0,solar,0.021100689732705884
40,8,2030,0,solar,0.11650975721115567
40,9,2030,0,solar,0.2212173159739867
40,10,2030,0,solar,0.30299440158891777
40,11,2030,0,solar,0.35981704511894413
40,12,2030,0,solar,0.3949930735898408
40,13,2030,0,solar,0.39514047323335544
40,14,2030,0,solar,0.38314252309630475
40,15,2030,0,solar,0.34769421621628954
40,16,2030,0,solar,0.29619779336144325
40,17,2030,0,solar,0.21593896126407888
40,18,2030,0,solar,0.12620997666020586
40,19,2030,0,solar,0.04244603921349328
40,20,2030,0,solar,0.00022062278678351008
40,21,2030,0,solar,0.0
40,22,2030,0,solar,0.0
40,23,2030,0,solar,0.0
40,24,2030,0,solar,0.0
40,1,2030,0,wind_offshore,0.015535777801639936
40,2,2030,0,wind_offshore,0.03855505552095857
40,3,2030,0,wind_offshore,0.04907177864652591
40,4,2030,0,wind_offshore,0.040009331702524714
40,5,2030,0,wind_offshore,0.019878123196514753
40,6,2030,0,wind_offshore,0.0029384551071903347
40,7,2030,0,wind_offshore,0.0
40,8,2030,0,wind_offshore,0.0
40,9,2030,0,wind_offshore,0.0
40,10,2030,0,wind_offshore,0.0
40,11,2030,0,wind_offshore,0.0
40,12,2030,0,wind_offshore,0.0
40,13,2030,0,wind_offshore,0.0
40,14,2030,0,wind_offshore,3.544956381331718e-6
40,15,2030,0,wind_offshore,0.0014218283299322607
40,16,2030,0,wind_offshore,0.011107619341466951
40,17,2030,0,wind_offshore,0.03439429484331761
40,18,2030,0,wind_offshore,0.041892642559564396
40,19,2030,0,wind_offshore,0.047247643683470376
40,20,2030,0,wind_offshore,0.061336980270828775
40,21,2030,0,wind_offshore,0.05534031667665029
40,22,2030,0,wind_offshore,0.042476695010107486
40,23,2030,0,wind_offshore,0.040914289666157344
40,24,2030,0,wind_offshore,0.005533537137887014
40,1,2030,0,wind_onshore,0.12987867504282058
40,2,2030,0,wind_onshore,0.11954786809622425
40,3,2030,0,wind_onshore,0.11276431229884183
40,4,2030,0,wind_onshore,0.10256606734147339
40,5,2030,0,wind_onshore,0.09152352471460026
40,6,2030,0,wind_onshore,0.08507470770344736
40,7,2030,0,wind_onshore,0.0790625224835378
40,8,2030,0,wind_onshore,0.07057964003190798
40,9,2030,0,wind_onshore,0.07026872575608162
40,10,2030,0,wind_onshore,0.07699613844943615
40,11,2030,0,wind_onshore,0.0717539024324047
40,12,2030,0,wind_onshore,0.0890022029660729
40,13,2030,0,wind_onshore,0.11132916245417497
40,14,2030,0,wind_onshore,0.12007869405168363
40,15,2030,0,wind_onshore,0.12149453478752573
40,16,2030,0,wind_onshore,0.12285343832566015
40,17,2030,0,wind_onshore,0.12471627846165088
40,18,2030,0,wind_onshore,0.12210160044024254
40,19,2030,0,wind_onshore,0.11296807806792453
40,20,2030,0,wind_onshore,0.11523371784312456
40,21,2030,0,wind_onshore,0.1131840113411912
40,22,2030,0,wind_onshore,0.10795410437641295
40,23,2030,0,wind_onshore,0.11370046742465056
40,24,2030,0,wind_onshore,0.10269582712273985
41,1,2030,0,demand,0.5496659711197829
41,2,2030,0,demand,0.529768568199311
41,3,2030,0,demand,0.5121918480852028
41,4,2030,0,demand,0.4936148284917234
41,5,2030,0,demand,0.4766888026012672
41,6,2030,0,demand,0.4711322159055852
41,7,2030,0,demand,0.48368531844760776
41,8,2030,0,demand,0.5039251943642653
41,9,2030,0,demand,0.5516515591024228
41,10,2030,0,demand,0.5866251322709483
41,11,2030,0,demand,0.5864252493460316
41,12,2030,0,demand,0.5835544814312308
41,13,2030,0,demand,0.5950939848570891
41,14,2030,0,demand,0.5878413273630428
41,15,2030,0,demand,0.5754692965128249
41,16,2030,0,demand,0.56451980806332
41,17,2030,0,demand,0.5518396857521923
41,18,2030,0,demand,0.558599026129594
41,19,2030,0,demand,0.5792927602414515
41,20,2030,0,demand,0.6036868381458325
41,21,2030,0,demand,0.618968958009357
41,22,2030,0,demand,0.6045754345179339
41,23,2030,0,demand,0.5645542525585125
41,24,2030,0,demand,0.5471699158363894
41,1,2030,0,solar,0.0
41,2,2030,0,solar,0.0
41,3,2030,0,solar,0.0
41,4,2030,0,solar,0.0
41,5,2030,0,solar,0.0
41,6,2030,0,solar,0.0
41,7,2030,0,solar,0.0
41,8,2030,0,solar,0.018464725037871242
41,9,2030,0,solar,0.11553191899337646
41,10,2030,0,solar,0.2276024842623972
41,11,2030,0,solar,0.3145881628995973
41,12,2030,0,solar,0.35043296447257705
41,13,2030,0,solar,0.35255749494262945
41,14,2030,0,solar,0.32424699538563495
41,15,2030,0,solar,0.2727961333625989
41,16,2030,0,solar,0.20737539346430706
41,17,2030,0,solar,0.1332583139849699
41,18,2030,0,solar,0.06292216617492265
41,19,2030,0,solar,0.00300398563368279
41,20,2030,0,solar,0.0
41,21,2030,0,solar,0.0
41,22,2030,0,solar,0.0
41,23,2030,0,solar,0.0
41,24,2030,0,solar,0.0
41,1,2030,0,wind_offshore,0.6576172389229998
41,2,2030,0,wind_offshore,0.6596397962736794
41,3,2030,0,wind_offshore,0.6621912040155221
41,4,2030,0,wind_offshore,0.660190419068893
41,5,2030,0,wind_offshore,0.6573508419979306
41,6,2030,0,wind_offshore,0.6532976442910837
41,7,2030,0,wind_offshore,0.6589337764861193
41,8,2030,0,wind_offshore,0.6425843121688062
41,9,2030,0,wind_offshore,0.6094443962198711
41,10,2030,0,wind_offshore,0.5845695141881986
41,11,2030,0,wind_offshore,0.5905930707661039
41,12,2030,0,wind_offshore,0.5462103201568802
41,13,2030,0,wind_offshore,0.5288883994369806
41,14,2030,0,wind_offshore,0.4682495147521355
41,15,2030,0,wind_offshore,0.3754056236003319
41,16,2030,0,wind_offshore,0.23711379524039677
41,17,2030,0,wind_offshore,0.12806792914022433
41,18,2030,0,wind_offshore,0.07361275581248083
41,19,2030,0,wind_offshore,0.035944229723305056
41,20,2030,0,wind_offshore,0.014046105877189146
41,21,2030,0,wind_offshore,0.004154585128662709
41,22,2030,0,wind_offshore,0.00035730432735073194
41,23,2030,0,wind_offshore,9.16099011114863e-5
41,24,2030,0,wind_offshore,0.0039010633055162427
41,1,2030,0,wind_onshore,0.37926151199116725
41,2,2030,0,wind_onshore,0.37254860366385395
41,3,2030,0,wind_onshore,0.3773234588959378
41,4,2030,0,wind_onshore,0.3807027535749966
41,5,2030,0,wind_onshore,0.3675219923863723
41,6,2030,0,wind_onshore,0.3627731152653403
41,7,2030,0,wind_onshore,0.35786989690993204
41,8,2030,0,wind_onshore,0.3548798564887518
41,9,2030,0,wind_onshore,0.3420868689988932
41,10,2030,0,wind_onshore,0.31903275978650064
41,11,2030,0,wind_onshore,0.326912221903008
41,12,2030,0,wind_onshore,0.37504727624128104
41,13,2030,0,wind_onshore,0.4306050939658099
41,14,2030,0,wind_onshore,0.4649756153972513
41,15,2030,0,wind_onshore,0.47830663002133056
41,16,2030,0,wind_onshore,0.4567495038558536
41,17,2030,0,wind_onshore,0.436349657404549
41,18,2030,0,wind_onshore,0.4124761813988547
41,19,2030,0,wind_onshore,0.40190442692236666
41,20,2030,0,wind_onshore,0.40237634540967926
41,21,2030,0,wind_onshore,0.4033146998447486
41,22,2030,0,wind_onshore,0.4024597765072089
41,23,2030,0,wind_onshore,0.368835617935971
41,24,2030,0,wind_onshore,0.37880282988521247
42,1,2030,0,demand,0.4793722506138462
42,2,2030,0,demand,0.47764813050369687
42,3,2030,0,demand,0.4896352205747072
42,4,2030,0,demand,0.4827807222963858
42,5,2030,0,demand,0.48840789228838094
42,6,2030,0,demand,0.522155863269216
42,7,2030,0,demand,0.5525284754545121
42,8,2030,0,demand,0.5819934155056127
42,9,2030,0,demand,0.6060728649698045
42,10,2030,0,demand,0.6105249090986445
42,11,2030,0,demand,0.6282393813797122
42,12,2030,0,demand,0.6257215442114432
42,13,2030,0,demand,0.6111124845326084
42,14,2030,0,demand,0.595889798904853
42,15,2030,0,demand,0.5960895616937989
42,16,2030,0,demand,0.5965248377300296
42,17,2030,0,demand,0.6056976624745639
42,18,2030,0,demand,0.6063025113840755
42,19,2030,0,demand,0.6169232800951191
42,20,2030,0,demand,0.6188383607430747
42,21,2030,0,demand,0.6045197891621454
42,22,2030,0,demand,0.5649897881303629
42,23,2030,0,demand,0.5191440107712184
42,24,2030,0,demand,0.5173768778902081
42,1,2030,0,solar,0.0
42,2,2030,0,solar,0.0
42,3,2030,0,solar,0.0
42,4,2030,0,solar,0.0
42,5,2030,0,solar,0.0
42,6,2030,0,solar,0.0
42,7,2030,0,solar,0.0
42,8,2030,0,solar,0.05433321435351266
42,9,2030,0,solar,0.1968794410589546
42,10,2030,0,solar,0.34632640589221014
42,11,2030,0,solar,0.43974619077314625
42,12,2030,0,solar,0.5013103801260957
42,13,2030,0,solar,0.5081590402721256
42,14,2030,0,solar,0.4779003024367674
42,15,2030,0,solar,0.4134994953528481
42,16,2030,0,solar,0.31485997266128013
42,17,2030,0,solar,0.18242780873346082
42,18,2030,0,solar,0.05328482430932995
42,19,2030,0,solar,0.0
42,20,2030,0,solar,0.0
42,21,2030,0,solar,0.0
42,22,2030,0,solar,0.0
42,23,2030,0,solar,0.0
42,24,2030,0,solar,0.0
42,1,2030,0,wind_offshore,0.2905235206771197
42,2,2030,0,wind_offshore,0.30003801021076015
42,3,2030,0,wind_offshore,0.3116845848824153
42,4,2030,0,wind_offshore,0.2888002484203617
42,5,2030,0,wind_offshore,0.25301609212388965
42,6,2030,0,wind_offshore,0.17811889457501606
42,7,2030,0,wind_offshore,0.1166467669951833
42,8,2030,0,wind_offshore,0.05196901537609023
42,9,2030,0,wind_offshore,0.02530286549232906
42,10,2030,0,wind_offshore,0.08210636086870957
42,11,2030,0,wind_offshore,0.15893441904160263
42,12,2030,0,wind_offshore,0.3197910660243062
42,13,2030,0,wind_offshore,0.435813650025195
42,14,2030,0,wind_offshore,0.47701829094640197
42,15,2030,0,wind_offshore,0.47033785894345415
42,16,2030,0,wind_offshore,0.4835552943548958
42,17,2030,0,wind_offshore,0.5171705749831815
42,18,2030,0,wind_offshore,0.5401648654436874
42,19,2030,0,wind_offshore,0.5401709968711336
42,20,2030,0,wind_offshore,0.5678355296940286
42,21,2030,0,wind_offshore,0.6106555209303185
42,22,2030,0,wind_offshore,0.6444475372521185
42,23,2030,0,wind_offshore,0.5095975155574024
42,24,2030,0,wind_offshore,0.5258084945699606
42,1,2030,0,wind_onshore,0.2178021093195165
42,2,2030,0,wind_onshore,0.2081715821419649
42,3,2030,0,wind_onshore,0.19392486614509186
42,4,2030,0,wind_onshore,0.1774846659466262
42,5,2030,0,wind_onshore,0.16592412731823886
42,6,2030,0,wind_onshore,0.15298939552386914
42,7,2030,0,wind_onshore,0.14087972061244364
42,8,2030,0,wind_onshore,0.1310094004383643
42,9,2030,0,wind_onshore,0.10357274168325162
42,10,2030,0,wind_onshore,0.09252002934136454
42,11,2030,0,wind_onshore,0.10196010884571548
42,12,2030,0,wind_onshore,0.11607193227983587
42,13,2030,0,wind_onshore,0.12628847432127202
42,14,2030,0,wind_onshore,0.12584491429938227
42,15,2030,0,wind_onshore,0.12016730482450685
42,16,2030,0,wind_onshore,0.11048107228539789
42,17,2030,0,wind_onshore,0.09425250117783916
42,18,2030,0,wind_onshore,0.08064871935793093
42,19,2030,0,wind_onshore,0.0895993773317979
42,20,2030,0,wind_onshore,0.1006419926251534
42,21,2030,0,wind_onshore,0.10514767605659416
42,22,2030,0,wind_onshore,0.10580029987684202
42,23,2030,0,wind_onshore,0.08695357110695386
42,24,2030,0,wind_onshore,0.07171670045032158
43,1,2030,0,demand,0.4575742641719243
43,2,2030,0,demand,0.4656823521904178
43,3,2030,0,demand,0.4696162868677663
43,4,2030,0,demand,0.46455919285487385
43,5,2030,0,demand,0.47683195058350153
43,6,2030,0,demand,0.5044004577013278
43,7,2030,0,demand,0.545071324606064
43,8,2030,0,demand,0.5816795584247036
43,9,2030,0,demand,0.5941066100565595
43,10,2030,0,demand,0.600631012842762
43,11,2030,0,demand,0.6068329892890615
43,12,2030,0,demand,0.6135807669365237
43,13,2030,0,demand,0.6077133252081685
43,14,2030,0,demand,0.6060827209499499
43,15,2030,0,demand,0.6014027154060174
43,16,2030,0,demand,0.6056498415279662
43,17,2030,0,demand,0.6060723270552618
43,18,2030,0,demand,0.5992011361731152
43,19,2030,0,demand,0.6152830737816064
43,20,2030,0,demand,0.6306432221944296
43,21,2030,0,demand,0.6059530069904427
43,22,2030,0,demand,0.5603384436730685
43,23,2030,0,demand,0.5239389323366168
43,24,2030,0,demand,0.5108754964672869
43,1,2030,0,solar,0.0
43,2,2030,0,solar,0.0
43,3,2030,0,solar,0.0
43,4,2030,0,solar,0.0
43,5,2030,0,solar,0.0
43,6,2030,0,solar,0.0
43,7,2030,0,solar,0.0
43,8,2030,0,solar,0.04712349127313732
43,9,2030,0,solar,0.17467808330677623
43,10,2030,0,solar,0.31261736700580095
43,11,2030,0,solar,0.4010169630215453
43,12,2030,0,solar,0.4469341789533164
43,13,2030,0,solar,0.44921158501186653
43,14,2030,0,solar,0.4050130283490864
43,15,2030,0,solar,0.3080264352337768
43,16,2030,0,solar,0.21307321947692692
43,17,2030,0,solar,0.12459001227398617
43,18,2030,0,solar,0.03585026267430287
43,19,2030,0,solar,0.0
43,20,2030,0,solar,0.0
43,21,2030,0,solar,0.0
43,22,2030,0,solar,0.0
43,23,2030,0,solar,0.0
43,24,2030,0,solar,0.0
43,1,2030,0,wind_offshore,0.008292306419575741
43,2,2030,0,wind_offshore,0.020290207143235105
43,3,2030,0,wind_offshore,0.02731744770026954
43,4,2030,0,wind_offshore,0.026281070933035
43,5,2030,0,wind_offshore,0.03246266007798782
43,6,2030,0,wind_offshore,0.04031948409836764
43,7,2030,0,wind_offshore,0.0468420646822395
43,8,2030,0,wind_offshore,0.053168030512366134
43,9,2030,0,wind_offshore,0.0637336546903957
43,10,2030,0,wind_offshore,0.08640595529481507
43,11,2030,0,wind_offshore,0.13553661132883726
43,12,2030,0,wind_offshore,0.24825319187887343
43,13,2030,0,wind_offshore,0.3655955134105663
43,14,2030,0,wind_offshore,0.4319640875149922
43,15,2030,0,wind_offshore,0.45804475029096825
43,16,2030,0,wind_offshore,0.48378098457020935
43,17,2030,0,wind_offshore,0.5098408520555966
43,18,2030,0,wind_offshore,0.5030984512436563
43,19,2030,0,wind_offshore,0.47436251571019916
43,20,2030,0,wind_offshore,0.4676492554219415
43,21,2030,0,wind_offshore,0.4463593502544276
43,22,2030,0,wind_offshore,0.4149263284151791
43,23,2030,0,wind_offshore,0.49060909962654714
43,24,2030,0,wind_offshore,0.529869314954322
43,1,2030,0,wind_onshore,0.0872737397068883
43,2,2030,0,wind_onshore,0.08520670680413273
43,3,2030,0,wind_onshore,0.08106249815586562
43,4,2030,0,wind_onshore,0.07714565786246762
43,5,2030,0,wind_onshore,0.07589059419016131
43,6,2030,0,wind_onshore,0.0783504894424414
43,7,2030,0,wind_onshore,0.08148682568547373
43,8,2030,0,wind_onshore,0.08462470659940037
43,9,2030,0,wind_onshore,0.07889081478426999
43,10,2030,0,wind_onshore,0.07618380857153204
43,11,2030,0,wind_onshore,0.07876105574558666
43,12,2030,0,wind_onshore,0.09779760203356445
43,13,2030,0,wind_onshore,0.112883917847279
43,14,2030,0,wind_onshore,0.11514862064014447
43,15,2030,0,wind_onshore,0.10737241814099852
43,16,2030,0,wind_onshore,0.10811864978430147
43,17,2030,0,wind_onshore,0.10891983912835373
43,18,2030,0,wind_onshore,0.10743453235270467
43,19,2030,0,wind_onshore,0.1202426172768892
43,20,2030,0,wind_onshore,0.13361213664608423
43,21,2030,0,wind_onshore,0.1395144423172485
43,22,2030,0,wind_onshore,0.1465819447635877
43,23,2030,0,wind_onshore,0.13821455496515397
43,24,2030,0,wind_onshore,0.13992467935942066
44,1,2030,0,demand,0.49761344492232285
44,2,2030,0,demand,0.48714070178341745
44,3,2030,0,demand,0.475821941934087
44,4,2030,0,demand,0.45935009183277786
44,5,2030,0,demand,0.44997328846612966
44,6,2030,0,demand,0.43838336391949956
44,7,2030,0,demand,0.4230964872343509
44,8,2030,0,demand,0.4399288570861095
44,9,2030,0,demand,0.46567145790490444
44,10,2030,0,demand,0.4969421247814303
44,11,2030,0,demand,0.5183478772921365
44,12,2030,0,demand,0.534652235048796
44,13,2030,0,demand,0.5512235236655423
44,14,2030,0,demand,0.5668707015501772
44,15,2030,0,demand,0.5583252110418156
44,16,2030,0,demand,0.5522696841050682
44,17,2030,0,demand,0.5562526195191061
44,18,2030,0,demand,0.5736820389599713
44,19,2030,0,demand,0.5898919610493435
44,20,2030,0,demand,0.5945224127301827
44,21,2030,0,demand,0.588940881919375
44,22,2030,0,demand,0.5703081304990611
44,23,2030,0,demand,0.5479166220540707
44,24,2030,0,demand,0.5339050437245617
44,1,2030,0,solar,0.0
44,2,2030,0,solar,0.0
44,3,2030,0,solar,0.0
44,4,2030,0,solar,0.0
44,5,2030,0,solar,0.0
44,6,2030,0,solar,0.0
44,7,2030,0,solar,0.002072291688221039
44,8,2030,0,solar,0.07954855091927367
44,9,2030,0,solar,0.2110639219165916
44,10,2030,0,solar,0.3431761707767594
44,11,2030,0,solar,0.43521322200397333
44,12,2030,0,solar,0.4837427532376606
44,13,2030,0,solar,0.4968168625964026
44,14,2030,0,solar,0.45699419643175826
44,15,2030,0,solar,0.4015865101015481
44,16,2030,0,solar,0.33367735084849975
44,17,2030,0,solar,0.244625948184766
44,18,2030,0,solar,0.13335281750121336
44,19,2030,0,solar,0.02330956132698932
44,20,2030,0,solar,0.0
44,21,2030,0,solar,0.0
44,22,2030,0,solar,0.0
44,23,2030,0,solar,0.0
44,24,2030,0,solar,0.0
44,1,2030,0,wind_offshore,0.677070991211865
44,2,2030,0,wind_offshore,0.6814873401431117
44,3,2030,0,wind_offshore,0.6768547893830049
44,4,2030,0,wind_offshore,0.6690283354294424
44,5,2030,0,wind_offshore,0.6680088608063267
44,6,2030,0,wind_offshore,0.6725992395365951
44,7,2030,0,wind_offshore,0.6692650530043742
44,8,2030,0,wind_offshore,0.6703114492466757
44,9,2030,0,wind_offshore,0.6794695326248353
44,10,2030,0,wind_offshore,0.6757285440476042
44,11,2030,0,wind_offshore,0.6710530386708512
44,12,2030,0,wind_offshore,0.6615928597646171
44,13,2030,0,wind_offshore,0.6509810502753092
44,14,2030,0,wind_offshore,0.6458565674431751
44,15,2030,0,wind_offshore,0.6497455966210487
44,16,2030,0,wind_offshore,0.645927644535421
44,17,2030,0,wind_offshore,0.6538646650133001
44,18,2030,0,wind_offshore,0.6471224231517839
44,19,2030,0,wind_offshore,0.6226451193397402
44,20,2030,0,wind_offshore,0.6011245078120017
44,21,2030,0,wind_offshore,0.5725634407325316
44,22,2030,0,wind_offshore,0.5193907712698743
44,23,2030,0,wind_offshore,0.42669228793302405
44,24,2030,0,wind_offshore,0.363820149344749
44,1,2030,0,wind_onshore,0.1604206530709372
44,2,2030,0,wind_onshore,0.140289432121103
44,3,2030,0,wind_onshore,0.12338974592169362
44,4,2030,0,wind_onshore,0.09997132440151485
44,5,2030,0,wind_onshore,0.07839437195330251
44,6,2030,0,wind_onshore,0.06249781980139779
44,7,2030,0,wind_onshore,0.055814041035579534
44,8,2030,0,wind_onshore,0.04733750658051962
44,9,2030,0,wind_onshore,0.03390039863854617
44,10,2030,0,wind_onshore,0.028819943799052644
44,11,2030,0,wind_onshore,0.02995884226675149
44,12,2030,0,wind_onshore,0.03451054591792508
44,13,2030,0,wind_onshore,0.04885760917663841
44,14,2030,0,wind_onshore,0.06724585917497904
44,15,2030,0,wind_onshore,0.0918392430630086
44,16,2030,0,wind_onshore,0.11260004494313203
44,17,2030,0,wind_onshore,0.1284848652897341
44,18,2030,0,wind_onshore,0.1545499690106266
44,19,2030,0,wind_onshore,0.15941732244226497
44,20,2030,0,wind_onshore,0.14910372470921046
44,21,2030,0,wind_onshore,0.13631439612650437
44,22,2030,0,wind_onshore,0.12764171378388534
44,23,2030,0,wind_onshore,0.12674680813122385
44,24,2030,0,wind_onshore,0.11953523934872554
45,1,2030,0,demand,0.4886299103469943
45,2,2030,0,demand,0.48263465017241314
45,3,2030,0,demand,0.47666529006063935
45,4,2030,0,demand,0.4679547019265678
45,5,2030,0,demand,0.4589903170917426
45,6,2030,0,demand,0.47061064806786135
45,7,2030,0,demand,0.48159891215763273
45,8,2030,0,demand,0.5117913134098676
45,9,2030,0,demand,0.5365999061507479
45,10,2030,0,demand,0.5596356849932965
45,11,2030,0,demand,0.5713709860397646
45,12,2030,0,demand,0.5711538881372111
45,13,2030,0,demand,0.5793604736726929
45,14,2030,0,demand,0.5735649005968372
45,15,2030,0,demand,0.5536172786071252
45,16,2030,0,demand,0.5509785024381605
45,17,2030,0,demand,0.5442978594392854
45,18,2030,0,demand,0.5524466942735904
45,19,2030,0,demand,0.5618510399790635
45,20,2030,0,demand,0.5668599887156613
45,21,2030,0,demand,0.564496224923393
45,22,2030,0,demand,0.5442225197380484
45,23,2030,0,demand,0.5072716060648476
45,24,2030,0,demand,0.5018244187275873
45,1,2030,0,solar,0.0
45,2,2030,0,solar,0.0
45,3,2030,0,solar,0.0
45,4,2030,0,solar,0.0
45,5,2030,0,solar,0.0
45,6,2030,0,solar,0.0
45,7,2030,0,solar,0.0
45,8,2030,0,solar,0.061295014696004145
45,9,2030,0,solar,0.20020515920048546
45,10,2030,0,solar,0.3229355735749214
45,11,2030,0,solar,0.39816482085594107
45,12,2030,0,solar,0.45959460278437814
45,13,2030,0,solar,0.46774450316141547
45,14,2030,0,solar,0.4556082127187292
45,15,2030,0,solar,0.3994564268214821
45,16,2030,0,solar,0.3163295298177817
45,17,2030,0,solar,0.19836051223136247
45,18,2030,0,solar,0.07059001645686712
45,19,2030,0,solar,1.209744521717239e-6
45,20,2030,0,solar,0.0
45,21,2030,0,solar,0.0
45,22,2030,0,solar,0.0
45,23,2030,0,solar,0.0
45,24,2030,0,solar,0.0
45,1,2030,0,wind_offshore,0.07295150972141885
45,2,2030,0,wind_offshore,0.06768283016385883
45,3,2030,0,wind_offshore,0.06623272242121438
45,4,2030,0,wind_offshore,0.050806320559582216
45,5,2030,0,wind_offshore,0.03173226656566465
45,6,2030,0,wind_offshore,0.01219054400846167
45,7,2030,0,wind_offshore,0.00216561927685855
45,8,2030,0,wind_offshore,0.0004615555777951249
45,9,2030,0,wind_offshore,0.0
45,10,2030,0,wind_offshore,0.0
45,11,2030,0,wind_offshore,0.0
45,12,2030,0,wind_offshore,2.5141428509826213e-5
45,13,2030,0,wind_offshore,0.0025001838458187852
45,14,2030,0,wind_offshore,0.014974831596719227
45,15,2030,0,wind_offshore,0.04064552614342863
45,16,2030,0,wind_offshore,0.0651371705525631
45,17,2030,0,wind_offshore,0.09631314890972766
45,18,2030,0,wind_offshore,0.12829330115083223
45,19,2030,0,wind_offshore,0.16666419671688845
45,20,2030,0,wind_offshore,0.21960481870084989
45,21,2030,0,wind_offshore,0.25884108151785606
45,22,2030,0,wind_offshore,0.25236244901163163
45,23,2030,0,wind_offshore,0.2128556992174163
45,24,2030,0,wind_offshore,0.17086071403119507
45,1,2030,0,wind_onshore,0.11030547757416426
45,2,2030,0,wind_onshore,0.10207501354683174
45,3,2030,0,wind_onshore,0.10276029050454823
45,4,2030,0,wind_onshore,0.10378637716365091
45,5,2030,0,wind_onshore,0.09831469949806007
45,6,2030,0,wind_onshore,0.09103356226804822
45,7,2030,0,wind_onshore,0.08171072053978126
45,8,2030,0,wind_onshore,0.0721320188436446
45,9,2030,0,wind_onshore,0.06330453391653822
45,10,2030,0,wind_onshore,0.05788585020195939
45,11,2030,0,wind_onshore,0.0670987372093246
45,12,2030,0,wind_onshore,0.06517582993926574
45,13,2030,0,wind_onshore,0.0629137530294164
45,14,2030,0,wind_onshore,0.06241414589673726
45,15,2030,0,wind_onshore,0.06498807144440488
45,16,2030,0,wind_onshore,0.07334748960663053
45,17,2030,0,wind_onshore,0.08781268691804893
45,18,2030,0,wind_onshore,0.09520543653376352
45,19,2030,0,wind_onshore,0.09955776601574727
45,20,2030,0,wind_onshore,0.08777318841824742
45,21,2030,0,wind_onshore,0.06956441928907682
45,22,2030,0,wind_onshore,0.05917108441631905
45,23,2030,0,wind_onshore,0.05385821836038256
45,24,2030,0,wind_onshore,0.04864685838499208
46,1,2030,0,demand,0.5408301737504395
46,2,2030,0,demand,0.5289599609481498
46,3,2030,0,demand,0.5201962718622195
46,4,2030,0,demand,0.507446728462361
46,5,2030,0,demand,0.4973537881564245
46,6,2030,0,demand,0.47645560732898845
46,7,2030,0,demand,0.4692586202078593
46,8,2030,0,demand,0.48277828693232167
46,9,2030,0,demand,0.5277452535375743
46,10,2030,0,demand,0.564652968947151
46,11,2030,0,demand,0.5995899225948326
46,12,2030,0,demand,0.6209887455084543
46,13,2030,0,demand,0.6278374738846177
46,14,2030,0,demand,0.6243403455153906
46,15,2030,0,demand,0.6274109723697903
46,16,2030,0,demand,0.6188784015368465
46,17,2030,0,demand,0.6207481556162633
46,18,2030,0,demand,0.6230715742290815
46,19,2030,0,demand,0.6256835044992559
46,20,2030,0,demand,0.6128669931701285
46,21,2030,0,demand,0.6125614282734451
46,22,2030,0,demand,0.5948725521644216
46,23,2030,0,demand,0.5716322064644754
46,24,2030,0,demand,0.5636608467906853
46,1,2030,0,solar,0.0
46,2,2030,0,solar,0.0
46,3,2030,0,solar,0.0
46,4,2030,0,solar,0.0
46,5,2030,0,solar,0.0
46,6,2030,0,solar,0.0
46,7,2030,0,solar,0.005167708316090997
46,8,2030,0,solar,0.08717476600732263
46,9,2030,0,solar,0.21860673317269597
46,10,2030,0,solar,0.34391285399739197
46,11,2030,0,solar,0.4302677108664485
46,12,2030,0,solar,0.47325491707096534
46,13,2030,0,solar,0.493010519049436
46,14,2030,0,solar,0.4882916803625461
46,15,2030,0,solar,0.4511226422679106
46,16,2030,0,solar,0.3897952048745533
46,17,2030,0,solar,0.2888929680974516
46,18,2030,0,solar,0.16402478795664802
46,19,2030,0,solar,0.042643112550081595
46,20,2030,0,solar,0.00012606154751494388
46,21,2030,0,solar,0.0
46,22,2030,0,solar,0.0
46,23,2030,0,solar,0.0
46,24,2030,0,solar,0.0
46,1,2030,0,wind_offshore,0.049538764742487765
46,2,2030,0,wind_offshore,0.055954991515730315
46,3,2030,0,wind_offshore,0.06234652328392157
46,4,2030,0,wind_offshore,0.06293053806767906
46,5,2030,0,wind_offshore,0.0556085389624901
46,6,2030,0,wind_offshore,0.04403508188273324
46,7,2030,0,wind_offshore,0.037430888308314585
46,8,2030,0,wind_offshore,0.03896005719822143
46,9,2030,0,wind_offshore,0.037949657514590354
46,10,2030,0,wind_offshore,0.044713391885873886
46,11,2030,0,wind_offshore,0.03258400200612648
46,12,2030,0,wind_offshore,0.03011550405510508
46,13,2030,0,wind_offshore,0.026611786406578995
46,14,2030,0,wind_offshore,0.03321951352722176
46,15,2030,0,wind_offshore,0.038753809685352365
46,16,2030,0,wind_offshore,0.037721579567970336
46,17,2030,0,wind_offshore,0.04264334739593578
46,18,2030,0,wind_offshore,0.06453076464045951
46,19,2030,0,wind_offshore,0.09228105122012327
46,20,2030,0,wind_offshore,0.09979510942695287
46,21,2030,0,wind_offshore,0.09191454034023812
46,22,2030,0,wind_offshore,0.09200290135748289
46,23,2030,0,wind_offshore,0.07156612240355269
46,24,2030,0,wind_offshore,0.08273535587969887
46,1,2030,0,wind_onshore,0.11113653666212098
46,2,2030,0,wind_onshore,0.09096801026050531
46,3,2030,0,wind_onshore,0.078720229410097
46,4,2030,0,wind_onshore,0.06507985240986502
46,5,2030,0,wind_onshore,0.05544586303376642
46,6,2030,0,wind_onshore,0.0490376005368576
46,7,2030,0,wind_onshore,0.043711115142640235
46,8,2030,0,wind_onshore,0.031237729079285965
46,9,2030,0,wind_onshore,0.023838590905175542
46,10,2030,0,wind_onshore,0.018799707605568317
46,11,2030,0,wind_onshore,0.018482288149318078
46,12,2030,0,wind_onshore,0.019215366526790446
46,13,2030,0,wind_onshore,0.022953667977392518
46,14,2030,0,wind_onshore,0.030916521416474198
46,15,2030,0,wind_onshore,0.04066135614592561
46,16,2030,0,wind_onshore,0.054325634590103165
46,17,2030,0,wind_onshore,0.07680223900699755
46,18,2030,0,wind_onshore,0.10126568790088483
46,19,2030,0,wind_onshore,0.1294902834317839
46,20,2030,0,wind_onshore,0.1513104646411337
46,21,2030,0,wind_onshore,0.17419268524129192
46,22,2030,0,wind_onshore,0.1796348655667802
46,23,2030,0,wind_onshore,0.15334721835051798
46,24,2030,0,wind_onshore,0.1443989105386269
47,1,2030,0,demand,0.5172075801086543
47,2,2030,0,demand,0.5021223130535317
47,3,2030,0,demand,0.4940680099576669
47,4,2030,0,demand,0.48356745516090477
47,5,2030,0,demand,0.49235818613859744
47,6,2030,0,demand,0.512973950876163
47,7,2030,0,demand,0.5552680821777665
47,8,2030,0,demand,0.6005966956523772
47,9,2030,0,demand,0.6479118581068295
47,10,2030,0,demand,0.6592345389560104
47,11,2030,0,demand,0.6526298718121814
47,12,2030,0,demand,0.633697742674696
47,13,2030,0,demand,0.6218221601908116
47,14,2030,0,demand,0.5987780651152058
47,15,2030,0,demand,0.5966463531792584
47,16,2030,0,demand,0.5924981026400424
47,17,2030,0,demand,0.5820558919236559
47,18,2030,0,demand,0.569177956314183
47,19,2030,0,demand,0.5943867826664402
47,20,2030,0,demand,0.61692925769091
47,21,2030,0,demand,0.6078897971858054
47,22,2030,0,demand,0.5721190016592215
47,23,2030,0,demand,0.5301195600274727
47,24,2030,0,demand,0.5177361037246966
47,1,2030,0,solar,0.0
47,2,2030,0,solar,0.0
47,3,2030,0,solar,0.0
47,4,2030,0,solar,0.0
47,5,2030,0,solar,0.0
47,6,2030,0,solar,0.0
47,7,2030,0,solar,0.0
47,8,2030,0,solar,0.03381289876133596
47,9,2030,0,solar,0.17191957275230418
47,10,2030,0,solar,0.33254381927314425
47,11,2030,0,solar,0.4422424140014454
47,12,2030,0,solar,0.526984211951504
47,13,2030,0,solar,0.5489712545110739
47,14,2030,0,solar,0.5382524825210281
47,15,2030,0,solar,0.48547112435316436
47,16,2030,0,solar,0.39506217520374837
47,17,2030,0,solar,0.28225655112461845
47,18,2030,0,solar,0.13108128948991302
47,19,2030,0,solar,0.013920930127461002
47,20,2030,0,solar,0.0
47,21,2030,0,solar,0.0
47,22,2030,0,solar,0.0
47,23,2030,0,solar,0.0
47,24,2030,0,solar,0.0
47,1,2030,0,wind_offshore,0.5178670202494963
47,2,2030,0,wind_offshore,0.5165204895922961
47,3,2030,0,wind_offshore,0.5050521959793245
47,4,2030,0,wind_offshore,0.4774024447113071
47,5,2030,0,wind_offshore,0.43703970937250425
47,6,2030,0,wind_offshore,0.43437252089003375
47,7,2030,0,wind_offshore,0.45098616296434607
47,8,2030,0,wind_offshore,0.4595353841736706
47,9,2030,0,wind_offshore,0.44820484931747934
47,10,2030,0,wind_offshore,0.45047907323901243
47,11,2030,0,wind_offshore,0.4512235073549668
47,12,2030,0,wind_offshore,0.4340659265773053
47,13,2030,0,wind_offshore,0.3944502900644896
47,14,2030,0,wind_offshore,0.37733695078286333
47,15,2030,0,wind_offshore,0.3571965677666291
47,16,2030,0,wind_offshore,0.34238656074845714
47,17,2030,0,wind_offshore,0.2984311334374046
47,18,2030,0,wind_offshore,0.24300972334929924
47,19,2030,0,wind_offshore,0.23766304991770532
47,20,2030,0,wind_offshore,0.20541038812896145
47,21,2030,0,wind_offshore,0.14579660989831617
47,22,2030,0,wind_offshore,0.15641987553661377
47,23,2030,0,wind_offshore,0.13520287977721973
47,24,2030,0,wind_offshore,0.15834542026687073
47,1,2030,0,wind_onshore,0.23720140974698908
47,2,2030,0,wind_onshore,0.23576652407939627
47,3,2030,0,wind_onshore,0.22990339217522482
47,4,2030,0,wind_onshore,0.23403639097245918
47,5,2030,0,wind_onshore,0.22666547734339973
47,6,2030,0,wind_onshore,0.2295231082457044
47,7,2030,0,wind_onshore,0.2251329509015078
47,8,2030,0,wind_onshore,0.2236418998868218
47,9,2030,0,wind_onshore,0.22924222829889604
47,10,2030,0,wind_onshore,0.23071625324961967
47,11,2030,0,wind_onshore,0.22588368858191163
47,12,2030,0,wind_onshore,0.22466060658769255
47,13,2030,0,wind_onshore,0.21480102247070976
47,14,2030,0,wind_onshore,0.20448972282871697
47,15,2030,0,wind_onshore,0.19943424256140202
47,16,2030,0,wind_onshore,0.20275799781026818
47,17,2030,0,wind_onshore,0.20477860506378195
47,18,2030,0,wind_onshore,0.20291412871456796
47,19,2030,0,wind_onshore,0.19981485016822148
47,20,2030,0,wind_onshore,0.20525798732261646
47,21,2030,0,wind_onshore,0.1970593965972529
47,22,2030,0,wind_onshore,0.17806827964753025
47,23,2030,0,wind_onshore,0.15418066110000717
47,24,2030,0,wind_onshore,0.14335169445738907
48,1,2030,0,demand,0.5661656863093841
48,2,2030,0,demand,0.5529898487617041
48,3,2030,0,demand,0.5410321198746523
48,4,2030,0,demand,0.5181383089865088
48,5,2030,0,demand,0.5302511703430729
48,6,2030,0,demand,0.5203214406501927
48,7,2030,0,demand,0.5503304178329573
48,8,2030,0,demand,0.5865970151540836
48,9,2030,0,demand,0.6457610630002585
48,10,2030,0,demand,0.6925697172280346
48,11,2030,0,demand,0.7328453858333528
48,12,2030,0,demand,0.7483285175521674
48,13,2030,0,demand,0.7509459885457389
48,14,2030,0,demand,0.7528196761952091
48,15,2030,0,demand,0.7494225151988592
48,16,2030,0,demand,0.7501229628851499
48,17,2030,0,demand,0.7433261921652093
48,18,2030,0,demand,0.7399505561093704
48,19,2030,0,demand,0.7268252370717835
48,20,2030,0,demand,0.7089705451127624
48,21,2030,0,demand,0.6932745974915128
48,22,2030,0,demand,0.6480858634746267
48,23,2030,0,demand,0.597153505350975
48,24,2030,0,demand,0.5889691559598025
48,1,2030,0,solar,0.0
48,2,2030,0,solar,0.0
48,3,2030,0,solar,0.0
48,4,2030,0,solar,0.0
48,5,2030,0,solar,0.0
48,6,2030,0,solar,0.0
48,7,2030,0,solar,0.00451785444686061
48,8,2030,0,solar,0.09014189904017358
48,9,2030,0,solar,0.23484566201104734
48,10,2030,0,solar,0.3586433588356394
48,11,2030,0,solar,0.4382839442199082
48,12,2030,0,solar,0.49270778592436015
48,13,2030,0,solar,0.5137963797772231
48,14,2030,0,solar,0.5141933939318765
48,15,2030,0,solar,0.4781998956136231
48,16,2030,0,solar,0.40087208719046025
48,17,2030,0,solar,0.29371669914251325
48,18,2030,0,solar,0.1603056021709219
48,19,2030,0,solar,0.030161008005292884
48,20,2030,0,solar,0.0
48,21,2030,0,solar,0.0
48,22,2030,0,solar,0.0
48,23,2030,0,solar,0.0
48,24,2030,0,solar,0.0
48,1,2030,0,wind_offshore,0.45081089213260744
48,2,2030,0,wind_offshore,0.44209695915169406
48,3,2030,0,wind_offshore,0.3996203498181137
48,4,2030,0,wind_offshore,0.375461041832796
48,5,2030,0,wind_offshore,0.3639842632697823
48,6,2030,0,wind_offshore,0.3547797644154464
48,7,2030,0,wind_offshore,0.3526874281925958
48,8,2030,0,wind_offshore,0.3706449303734206
48,9,2030,0,wind_offshore,0.40465412242346727
48,10,2030,0,wind_offshore,0.4385508119206401
48,11,2030,0,wind_offshore,0.42547774765390184
48,12,2030,0,wind_offshore,0.4914223548953923
48,13,2030,0,wind_offshore,0.533588735040259
48,14,2030,0,wind_offshore,0.5544827825403378
48,15,2030,0,wind_offshore,0.5561380675894306
48,16,2030,0,wind_offshore,0.5919785547256152
48,17,2030,0,wind_offshore,0.6436643705982951
48,18,2030,0,wind_offshore,0.6593958415490526
48,19,2030,0,wind_offshore,0.6713254549743283
48,20,2030,0,wind_offshore,0.6454319981399589
48,21,2030,0,wind_offshore,0.6583994679208127
48,22,2030,0,wind_offshore,0.6531908343206883
48,23,2030,0,wind_offshore,0.6385122411497534
48,24,2030,0,wind_offshore,0.6415851462959372
48,1,2030,0,wind_onshore,0.25682375796237084
48,2,2030,0,wind_onshore,0.24585692124441552
48,3,2030,0,wind_onshore,0.22266616092152508
48,4,2030,0,wind_onshore,0.2022565169731817
48,5,2030,0,wind_onshore,0.1861304375067501
48,6,2030,0,wind_onshore,0.17728543855033377
48,7,2030,0,wind_onshore,0.17101137950253323
48,8,2030,0,wind_onshore,0.1564703159725647
48,9,2030,0,wind_onshore,0.15687449677873275
48,10,2030,0,wind_onshore,0.15892528370047945
48,11,2030,0,wind_onshore,0.1302609470092889
48,12,2030,0,wind_onshore,0.1261188742212733
48,13,2030,0,wind_onshore,0.12454730433607984
48,14,2030,0,wind_onshore,0.1436201016051984
48,15,2030,0,wind_onshore,0.16398635626575167
48,16,2030,0,wind_onshore,0.18044594863570604
48,17,2030,0,wind_onshore,0.19309060169028586
48,18,2030,0,wind_onshore,0.21359622544085935
48,19,2030,0,wind_onshore,0.22879617241444536
48,20,2030,0,wind_onshore,0.2568726888535695
48,21,2030,0,wind_onshore,0.27038210468640916
48,22,2030,0,wind_onshore,0.261283286918106
48,23,2030,0,wind_onshore,0.23265000961169854
48,24,2030,0,wind_onshore,0.22402649633471425
49,1,2030,0,demand,0.4934324835145147
49,2,2030,0,demand,0.4874725080119006
49,3,2030,0,demand,0.47607974605953374
49,4,2030,0,demand,0.47242319615330003
49,5,2030,0,demand,0.4721512405479932
49,6,2030,0,demand,0.49659848336560036
49,7,2030,0,demand,0.5336758275700498
49,8,2030,0,demand,0.5791107217069825
49,9,2030,0,demand,0.6191902609203846
49,10,2030,0,demand,0.6440412173692628
49,11,2030,0,demand,0.6587524712917566
49,12,2030,0,demand,0.6597134738243219
49,13,2030,0,demand,0.658695918264058
49,14,2030,0,demand,0.6406757702992419
49,15,2030,0,demand,0.6346481394042653
49,16,2030,0,demand,0.6277266268015614
49,17,2030,0,demand,0.633132513369494
49,18,2030,0,demand,0.634398733515528
49,19,2030,0,demand,0.6528063616834849
49,20,2030,0,demand,0.6715373611214472
49,21,2030,0,demand,0.6876931777552412
49,22,2030,0,demand,0.6450391612169702
49,23,2030,0,demand,0.5910036933140822
49,24,2030,0,demand,0.5693097021849276
49,1,2030,0,solar,0.0
49,2,2030,0,solar,0.0
49,3,2030,0,solar,0.0
49,4,2030,0,solar,0.0
49,5,2030,0,solar,0.0
49,6,2030,0,solar,0.0
49,7,2030,0,solar,0.0
49,8,2030,0,solar,0.03959392767694982
49,9,2030,0,solar,0.18790082470868702
49,10,2030,0,solar,0.3513299864267683
49,11,2030,0,solar,0.46390066932764024
49,12,2030,0,solar,0.5291222834765839
49,13,2030,0,solar,0.5648697097182203
49,14,2030,0,solar,0.5468780604363709
49,15,2030,0,solar,0.48226835477297253
49,16,2030,0,solar,0.38540439631521206
49,17,2030,0,solar,0.2602649588057518
49,18,2030,0,solar,0.12012755830580235
49,19,2030,0,solar,0.013523416474220142
49,20,2030,0,solar,0.0
49,21,2030,0,solar,0.0
49,22,2030,0,solar,0.0
49,23,2030,0,solar,0.0
49,24,2030,0,solar,0.0
49,1,2030,0,wind_offshore,0.13412785364230614
49,2,2030,0,wind_offshore,0.12601427236929866
49,3,2030,0,wind_offshore,0.18315675394999806
49,4,2030,0,wind_offshore,0.3416512145000627
49,5,2030,0,wind_offshore,0.48318467779113106
49,6,2030,0,wind_offshore,0.4606608275444334
49,7,2030,0,wind_offshore,0.3726290943443951
49,8,2030,0,wind_offshore,0.3205234268172057
49,9,2030,0,wind_offshore,0.31361718904738967
49,10,2030,0,wind_offshore,0.31714909495744836
49,11,2030,0,wind_offshore,0.2748062444277913
49,12,2030,0,wind_offshore,0.29477654259628994
49,13,2030,0,wind_offshore,0.3253615238036621
49,14,2030,0,wind_offshore,0.3664504284648349
49,15,2030,0,wind_offshore,0.3553204816566527
49,16,2030,0,wind_offshore,0.3690880825166213
49,17,2030,0,wind_offshore,0.3685287430441723
49,18,2030,0,wind_offshore,0.3270853845626402
49,19,2030,0,wind_offshore,0.2749206087714662
49,20,2030,0,wind_offshore,0.24681389596831477
49,21,2030,0,wind_offshore,0.21748724502146874
49,22,2030,0,wind_offshore,0.1806133547190653
49,23,2030,0,wind_offshore,0.19266569728843094
49,24,2030,0,wind_offshore,0.21020709772965426
49,1,2030,0,wind_onshore,0.13820935121902883
49,2,2030,0,wind_onshore,0.12795901429864126
49,3,2030,0,wind_onshore,0.1135582699920583
49,4,2030,0,wind_onshore,0.10155553620558257
49,5,2030,0,wind_onshore,0.09561351002552498
49,6,2030,0,wind_onshore,0.09056035390267099
49,7,2030,0,wind_onshore,0.09325544491877992
49,8,2030,0,wind_onshore,0.0993607041502276
49,9,2030,0,wind_onshore,0.10363143540253197
49,10,2030,0,wind_onshore,0.11063519030474696
49,11,2030,0,wind_onshore,0.11407199177192294
49,12,2030,0,wind_onshore,0.13455265669793048
49,13,2030,0,wind_onshore,0.15191017696113282
49,14,2030,0,wind_onshore,0.1700358347849201
49,15,2030,0,wind_onshore,0.19539049695677826
49,16,2030,0,wind_onshore,0.2229551243887181
49,17,2030,0,wind_onshore,0.24032878755670553
49,18,2030,0,wind_onshore,0.23547258694113388
49,19,2030,0,wind_onshore,0.22667203023652638
49,20,2030,0,wind_onshore,0.22967198746646783
49,21,2030,0,wind_onshore,0.2349419800687006
49,22,2030,0,wind_onshore,0.2073729097688776
49,23,2030,0,wind_onshore,0.1889404565028253
49,24,2030,0,wind_onshore,0.1878463740832661
50,1,2030,0,demand,0.5432335045107064
50,2,2030,0,demand,0.528761538040616
50,3,2030,0,demand,0.5225482805753459
50,4,2030,0,demand,0.5112810149705078
50,5,2030,0,demand,0.5102740076427842
50,6,2030,0,demand,0.5372215310689962
50,7,2030,0,demand,0.581133348392507
50,8,2030,0,demand,0.6280121540742538
50,9,2030,0,demand,0.6637565662765773
50,10,2030,0,demand,0.68371010053898
50,11,2030,0,demand,0.6794969999917295
50,12,2030,0,demand,0.6717535278158634
50,13,2030,0,demand,0.6716807817622684
50,14,2030,0,demand,0.6603536765239637
50,15,2030,0,demand,0.6574891739359986
50,16,2030,0,demand,0.6511964210573977
50,17,2030,0,demand,0.6538079829754765
50,18,2030,0,demand,0.6662752631445676
50,19,2030,0,demand,0.6925806699112163
50,20,2030,0,demand,0.7277220601970984
50,21,2030,0,demand,0.7193443676398427
50,22,2030,0,demand,0.6746368447502806
50,23,2030,0,demand,0.6181671435874827
50,24,2030,0,demand,0.5875643299009217
50,1,2030,0,solar,0.0
50,2,2030,0,solar,0.0
50,3,2030,0,solar,0.0
50,4,2030,0,solar,0.0
50,5,2030,0,solar,0.0
50,6,2030,0,solar,0.0
50,7,2030,0,solar,0.0
50,8,2030,0,solar,0.0
50,9,2030,0,solar,0.04581237811076448
50,10,2030,0,solar,0.17866808180754973
50,11,2030,0,solar,0.2884304107019986
50,12,2030,0,solar,0.36714359602291824
50,13,2030,0,solar,0.40110960744951674
50,14,2030,0,solar,0.4001298430725688
50,15,2030,0,solar,0.34709409133094715
50,16,2030,0,solar,0.25680132404579853
50,17,2030,0,solar,0.13278652864600368
50,18,2030,0,solar,0.006587811754015508
50,19,2030,0,solar,0.0
50,20,2030,0,solar,0.0
50,21,2030,0,solar,0.0
50,22,2030,0,solar,0.0
50,23,2030,0,solar,0.0
50,24,2030,0,solar,0.0
50,1,2030,0,wind_offshore,0.33819707761261364
50,2,2030,0,wind_offshore,0.409317809687005
50,3,2030,0,wind_offshore,0.38489447758590617
50,4,2030,0,wind_offshore,0.35361265711199263
50,5,2030,0,wind_offshore,0.3782402162784369
50,6,2030,0,wind_offshore,0.4658119649122175
50,7,2030,0,wind_offshore,0.5221523669369409
50,8,2030,0,wind_offshore,0.5411733679941848
50,9,2030,0,wind_offshore,0.5315016373330107
50,10,2030,0,wind_offshore,0.5522133597275465
50,11,2030,0,wind_offshore,0.48696424703911523
50,12,2030,0,wind_offshore,0.5431311686448853
50,13,2030,0,wind_offshore,0.5116126428255614
50,14,2030,0,wind_offshore,0.48347645693009883
50,15,2030,0,wind_offshore,0.5012406289644625
50,16,2030,0,wind_offshore,0.5855775442436784
50,17,2030,0,wind_offshore,0.6075504128283636
50,18,2030,0,wind_offshore,0.5709269295414553
50,19,2030,0,wind_offshore,0.543095784738342
50,20,2030,0,wind_offshore,0.5759461064370164
50,21,2030,0,wind_offshore,0.5780320189162126
50,22,2030,0,wind_offshore,0.5831859527344366
50,23,2030,0,wind_offshore,0.5692719631763796
50,24,2030,0,wind_offshore,0.6243217431751661
50,1,2030,0,wind_onshore,0.30665960860752595
50,2,2030,0,wind_onshore,0.3103017888951895
50,3,2030,0,wind_onshore,0.31192517128142677
50,4,2030,0,wind_onshore,0.3177496249721922
50,5,2030,0,wind_onshore,0.32618030533665365
50,6,2030,0,wind_onshore,0.32427139744175615
50,7,2030,0,wind_onshore,0.3276679403334334
50,8,2030,0,wind_onshore,0.3313795206679458
50,9,2030,0,wind_onshore,0.33025840924932004
50,10,2030,0,wind_onshore,0.32848173575696404
50,11,2030,0,wind_onshore,0.2917665375509654
50,12,2030,0,wind_onshore,0.3058173636806591
50,13,2030,0,wind_onshore,0.3347924723968702
50,14,2030,0,wind_onshore,0.3622077950196542
50,15,2030,0,wind_onshore,0.39251990026561595
50,16,2030,0,wind_onshore,0.39670050868126505
50,17,2030,0,wind_onshore,0.38662525779535883
50,18,2030,0,wind_onshore,0.4026171437534735
50,19,2030,0,wind_onshore,0.4080027288399207
50,20,2030,0,wind_onshore,0.4122643459709285
50,21,2030,0,wind_onshore,0.4186835718467651
50,22,2030,0,wind_onshore,0.4133434216102227
50,23,2030,0,wind_onshore,0.40191409870933914
50,24,2030,0,wind_onshore,0.4146367026595377
51,1,2030,0,demand,0.5150941878574723
51,2,2030,0,demand,0.4988279771655878
51,3,2030,0,demand,0.4833437072586863
51,4,2030,0,demand,0.4814945203437274
51,5,2030,0,demand,0.48525143622872496
51,6,2030,0,demand,0.4968342866958269
51,7,2030,0,demand,0.5427755160879666
51,8,2030,0,demand,0.6027234618796504
51,9,2030,0,demand,0.6434161673735403
51,10,2030,0,demand,0.6633745228736029
51,11,2030,0,demand,0.6610287505983141
51,12,2030,0,demand,0.6712591488639278
51,13,2030,0,demand,0.6599382913306369
51,14,2030,0,demand,0.6408322884344922
51,15,2030,0,demand,0.6153169919023295
51,16,2030,0,demand,0.5984493565368266
51,17,2030,0,demand,0.603517011640822
51,18,2030,0,demand,0.6318311690857034
51,19,2030,0,demand,0.6568851161490148
51,20,2030,0,demand,0.6779061947877554
51,21,2030,0,demand,0.6663299733632799
51,22,2030,0,demand,0.6217666909505505
51,23,2030,0,demand,0.5705787389463278
51,24,2030,0,demand,0.5447404896068064
51,1,2030,0,solar,0.0
51,2,2030,0,solar,0.0
51,3,2030,0,solar,0.0
51,4,2030,0,solar,0.0
51,5,2030,0,solar,0.0
51,6,2030,0,solar,0.0
51,7,2030,0,solar,0.0
51,8,2030,0,solar,0.0
51,9,2030,0,solar,0.016497271930122633
51,10,2030,0,solar,0.06350242625868976
51,11,2030,0,solar,0.12902968260972617
51,12,2030,0,solar,0.18058447938795344
51,13,2030,0,solar,0.19327117995555693
51,14,2030,0,solar,0.17900088750056006
51,15,2030,0,solar,0.1577065267181036
51,16,2030,0,solar,0.12767162589345296
51,17,2030,0,solar,0.07430992535664384
51,18,2030,0,solar,0.016610452663060243
51,19,2030,0,solar,0.0
51,20,2030,0,solar,0.0
51,21,2030,0,solar,0.0
51,22,2030,0,solar,0.0
51,23,2030,0,solar,0.0
51,24,2030,0,solar,0.0
51,1,2030,0,wind_offshore,0.6311686706083046
51,2,2030,0,wind_offshore,0.6363903756932592
51,3,2030,0,wind_offshore,0.639978762664121
51,4,2030,0,wind_offshore,0.6398859003565555
51,5,2030,0,wind_offshore,0.6393057439149362
51,6,2030,0,wind_offshore,0.6424614285562297
51,7,2030,0,wind_offshore,0.634353435941807
51,8,2030,0,wind_offshore,0.629409430040462
51,9,2030,0,wind_offshore,0.6332794899674865
51,10,2030,0,wind_offshore,0.6251782412616367
51,11,2030,0,wind_offshore,0.5484530938084413
51,12,2030,0,wind_offshore,0.41645352487309395
51,13,2030,0,wind_offshore,0.235043620626534
51,14,2030,0,wind_offshore,0.21983548192004865
51,15,2030,0,wind_offshore,0.14209207845126828
51,16,2030,0,wind_offshore,0.03917575258315535
51,17,2030,0,wind_offshore,0.026406126795613417
51,18,2030,0,wind_offshore,0.028439058820465005
51,19,2030,0,wind_offshore,0.008607322460091644
51,20,2030,0,wind_offshore,0.00622858112499805
51,21,2030,0,wind_offshore,0.00012756057842212815
51,22,2030,0,wind_offshore,0.0007697795034321812
51,23,2030,0,wind_offshore,0.04806198293665791
51,24,2030,0,wind_offshore,0.06258705254443826
51,1,2030,0,wind_onshore,0.3969397712567778
51,2,2030,0,wind_onshore,0.41299801221980326
51,3,2030,0,wind_onshore,0.4391046993294031
51,4,2030,0,wind_onshore,0.4580001453449401
51,5,2030,0,wind_onshore,0.4712662964990325
51,6,2030,0,wind_onshore,0.4869609145863547
51,7,2030,0,wind_onshore,0.48749130232415505
51,8,2030,0,wind_onshore,0.49223931494569956
51,9,2030,0,wind_onshore,0.4764831033079317
51,10,2030,0,wind_onshore,0.4611394894072846
51,11,2030,0,wind_onshore,0.4657023538046222
51,12,2030,0,wind_onshore,0.4836522117095118
51,13,2030,0,wind_onshore,0.5121579871041886
51,14,2030,0,wind_onshore,0.5019955234310177
51,15,2030,0,wind_onshore,0.48983786339395324
51,16,2030,0,wind_onshore,0.4576851324827674
51,17,2030,0,wind_onshore,0.40807935502559717
51,18,2030,0,wind_onshore,0.36020061196385444
51,19,2030,0,wind_onshore,0.3265614032836637
51,20,2030,0,wind_onshore,0.2950824097205796
51,21,2030,0,wind_onshore,0.26972559081108816
51,22,2030,0,wind_onshore,0.2433078450543091
51,23,2030,0,wind_onshore,0.2271563695055222
51,24,2030,0,wind_onshore,0.22212118656178934
52,1,2030,0,demand,0.5817880700374741
52,2,2030,0,demand,0.5675795916505483
52,3,2030,0,demand,0.5557690675172904
52,4,2030,0,demand,0.5418492593088102
52,5,2030,0,demand,0.5418110197510251
52,6,2030,0,demand,0.5317870063812778
52,7,2030,0,demand,0.5077431059669174
52,8,2030,0,demand,0.5176420923071636
52,9,2030,0,demand,0.5731312027599523
52,10,2030,0,demand,0.6262394518799206
52,11,2030,0,demand,0.6865845631194505
52,12,2030,0,demand,0.7235871603925702
52,13,2030,0,demand,0.7352836507942683
52,14,2030,0,demand,0.7335619517378945
52,15,2030,0,demand,0.731811436575217
52,16,2030,0,demand,0.7246296189820626
52,17,2030,0,demand,0.7170613404551136
52,18,2030,0,demand,0.7160754356538545
52,19,2030,0,demand,0.6903832786451776
52,20,2030,0,demand,0.679147439779558
52,21,2030,0,demand,0.6840443637425426
52,22,2030,0,demand,0.6670723430497691
52,23,2030,0,demand,0.6381746764054788
52,24,2030,0,demand,0.6124860727122938
52,1,2030,0,solar,0.0
52,2,2030,0,solar,0.0
52,3,2030,0,solar,0.0
52,4,2030,0,solar,0.0
52,5,2030,0,solar,0.0
52,6,2030,0,solar,0.0
52,7,2030,0,solar,0.010365223279491033
52,8,2030,0,solar,0.10822358441138308
52,9,2030,0,solar,0.2361561289165458
52,10,2030,0,solar,0.35705504144190353
52,11,2030,0,solar,0.4327582790192123
52,12,2030,0,solar,0.4847436085243052
52,13,2030,0,solar,0.5061242811829836
52,14,2030,0,solar,0.5102795897245556
52,15,2030,0,solar,0.47973463121192694
52,16,2030,0,solar,0.4170157081764074
52,17,2030,0,solar,0.32672408597855906
52,18,2030,0,solar,0.20434480102702168
52,19,2030,0,solar,0.069211915415567
52,20,2030,0,solar,0.000511381662233817
52,21,2030,0,solar,0.0
52,22,2030,0,solar,0.0
52,23,2030,0,solar,0.0
52,24,2030,0,solar,0.0
52,1,2030,0,wind_offshore,0.10453465651355899
52,2,2030,0,wind_offshore,0.13075272873986155
52,3,2030,0,wind_offshore,0.14496759027743877
52,4,2030,0,wind_offshore,0.15345116254692245
52,5,2030,0,wind_offshore,0.1660861250452764
52,6,2030,0,wind_offshore,0.17784347393966435
52,7,2030,0,wind_offshore,0.204843921559771
52,8,2030,0,wind_offshore,0.24762816325579587
52,9,2030,0,wind_offshore,0.3007125852435042
52,10,2030,0,wind_offshore,0.31988944225738475
52,11,2030,0,wind_offshore,0.3065537900542255
52,12,2030,0,wind_offshore,0.22877979575206503
52,13,2030,0,wind_offshore,0.14941682536395479
52,14,2030,0,wind_offshore,0.11081348083965233
52,15,2030,0,wind_offshore,0.11319212192904467
52,16,2030,0,wind_offshore,0.1317423122672172
52,17,2030,0,wind_offshore,0.13214409305402153
52,18,2030,0,wind_offshore,0.11403928931321644
52,19,2030,0,wind_offshore,0.0900157375559667
52,20,2030,0,wind_offshore,0.0792056946103979
52,21,2030,0,wind_offshore,0.07652867214400307
52,22,2030,0,wind_offshore,0.0680723809672629
52,23,2030,0,wind_offshore,0.04128158183251825
52,24,2030,0,wind_offshore,0.038888165735363585
52,1,2030,0,wind_onshore,0.14636553513231446
52,2,2030,0,wind_onshore,0.127573983429009
52,3,2030,0,wind_onshore,0.10931617744489523
52,4,2030,0,wind_onshore,0.09239395015455922
52,5,2030,0,wind_onshore,0.07908300296272243
52,6,2030,0,wind_onshore,0.0712032667125147
52,7,2030,0,wind_onshore,0.06402237729754225
52,8,2030,0,wind_onshore,0.04484264839649841
52,9,2030,0,wind_onshore,0.032384140681156096
52,10,2030,0,wind_onshore,0.03152561242070712
52,11,2030,0,wind_onshore,0.0342596030857805
52,12,2030,0,wind_onshore,0.03700324226851127
52,13,2030,0,wind_onshore,0.04130021033582256
52,14,2030,0,wind_onshore,0.042023682048109315
52,15,2030,0,wind_onshore,0.0463769086437418
52,16,2030,0,wind_onshore,0.05142781885406484
52,17,2030,0,wind_onshore,0.05951585023726994
52,18,2030,0,wind_onshore,0.07204640159627052
52,19,2030,0,wind_onshore,0.08581446525003905
52,20,2030,0,wind_onshore,0.09442973831848894
52,21,2030,0,wind_onshore,0.0985197120160038
52,22,2030,0,wind_onshore,0.09655503329966865
52,23,2030,0,wind_onshore,0.08879190961292613
52,24,2030,0,wind_onshore,0.07890027201904339
53,1,2030,0,demand,0.5119851669779446
53,2,2030,0,demand,0.4976485675357032
53,3,2030,0,demand,0.483190719578867
53,4,2030,0,demand,0.4691642393785444
53,5,2030,0,demand,0.4503391046020753
53,6,2030,0,demand,0.4379316842269437
53,7,2030,0,demand,0.44188585228665045
53,8,2030,0,demand,0.4713172823651024
53,9,2030,0,demand,0.4974644627717604
53,10,2030,0,demand,0.5312894099894351
53,11,2030,0,demand,0.5485891608742397
53,12,2030,0,demand,0.5502268573719288
53,13,2030,0,demand,0.5539923093341624
53,14,2030,0,demand,0.5499414017499248
53,15,2030,0,demand,0.5302165078599547
53,16,2030,0,demand,0.5345338013897567
53,17,2030,0,demand,0.5347085181975736
53,18,2030,0,demand,0.5561207749268652
53,19,2030,0,demand,0.5912910964711698
53,20,2030,0,demand,0.6057236430315202
53,21,2030,0,demand,0.6204468073573951
53,22,2030,0,demand,0.6150627611087193
53,23,2030,0,demand,0.5796576556125751
53,24,2030,0,demand,0.5487909579880412
53,1,2030,0,solar,0.0
53,2,2030,0,solar,0.0
53,3,2030,0,solar,0.0
53,4,2030,0,solar,0.0
53,5,2030,0,solar,0.0
53,6,2030,0,solar,0.0
53,7,2030,0,solar,0.0
53,8,2030,0,solar,0.0
53,9,2030,0,solar,0.026148145387868593
53,10,2030,0,solar,0.0953411677536823
53,11,2030,0,solar,0.1569196058774911
53,12,2030,0,solar,0.2122304353272293
53,13,2030,0,solar,0.2425595426269872
53,14,2030,0,solar,0.22391640609188967
53,15,2030,0,solar,0.18061745194335946
53,16,2030,0,solar,0.1188172038682094
53,17,2030,0,solar,0.04954101210030356
53,18,2030,0,solar,0.0
53,19,2030,0,solar,0.0
53,20,2030,0,solar,0.0
53,21,2030,0,solar,0.0
53,22,2030,0,solar,0.0
53,23,2030,0,solar,0.0
53,24,2030,0,solar,0.0
53,1,2030,0,wind_offshore,0.07437144533979152
53,2,2030,0,wind_offshore,0.021268936892399812
53,3,2030,0,wind_offshore,0.005036350370746174
53,4,2030,0,wind_offshore,0.014411044351848158
53,5,2030,0,wind_offshore,0.033134202120016464
53,6,2030,0,wind_offshore,0.055756066832096385
53,7,2030,0,wind_offshore,0.0785201355167685
53,8,2030,0,wind_offshore,0.10761719620082527
53,9,2030,0,wind_offshore,0.14159749104476838
53,10,2030,0,wind_offshore,0.1983353633627133
53,11,2030,0,wind_offshore,0.16207354039031144
53,12,2030,0,wind_offshore,0.187802996605013
53,13,2030,0,wind_offshore,0.2554246398990729
53,14,2030,0,wind_offshore,0.34637889694471685
53,15,2030,0,wind_offshore,0.4363582621627342
53,16,2030,0,wind_offshore,0.48591857969611624
53,17,2030,0,wind_offshore,0.46391539385379865
53,18,2030,0,wind_offshore,0.4757476095194558
53,19,2030,0,wind_offshore,0.5291308386716996
53,20,2030,0,wind_offshore,0.5711577154853829
53,21,2030,0,wind_offshore,0.5918843477934734
53,22,2030,0,wind_offshore,0.5909172815938691
53,23,2030,0,wind_offshore,0.512944898841663
53,24,2030,0,wind_offshore,0.5548015197240833
53,1,2030,0,wind_onshore,0.12135396201850361
53,2,2030,0,wind_onshore,0.12109555930895315
53,3,2030,0,wind_onshore,0.12759253410870666
53,4,2030,0,wind_onshore,0.12992148479484367
53,5,2030,0,wind_onshore,0.13418610578437512
53,6,2030,0,wind_onshore,0.1409037537446383
53,7,2030,0,wind_onshore,0.14162388042562546
53,8,2030,0,wind_onshore,0.135802054657559
53,9,2030,0,wind_onshore,0.12843143909053154
53,10,2030,0,wind_onshore,0.12556291941858175
53,11,2030,0,wind_onshore,0.10615414483910197
53,12,2030,0,wind_onshore,0.10693218164067061
53,13,2030,0,wind_onshore,0.1383520357064021
53,14,2030,0,wind_onshore,0.17240112589618117
53,15,2030,0,wind_onshore,0.1833008402760543
53,16,2030,0,wind_onshore,0.16318599903626146
53,17,2030,0,wind_onshore,0.14571458165008042
53,18,2030,0,wind_onshore,0.1304629761751315
53,19,2030,0,wind_onshore,0.12036006688357298
53,20,2030,0,wind_onshore,0.11703491882975862
53,21,2030,0,wind_onshore,0.11596332810054294
53,22,2030,0,wind_onshore,0.1187953317294242
53,23,2030,0,wind_onshore,0.11621965980056027
53,24,2030,0,wind_onshore,0.12148947481154357
54,1,2030,0,demand,0.5143490235130616
54,2,2030,0,demand,0.5034867017693088
54,3,2030,0,demand,0.49066674108686126
54,4,2030,0,demand,0.48091502359749216
54,5,2030,0,demand,0.4746584282059069
54,6,2030,0,demand,0.4757830433938874
54,7,2030,0,demand,0.48365377200725296
54,8,2030,0,demand,0.5145965993819338
54,9,2030,0,demand,0.5572583289433367
54,10,2030,0,demand,0.5805728620855886
54,11,2030,0,demand,0.5919895651347755
54,12,2030,0,demand,0.5931819597200177
54,13,2030,0,demand,0.5950988607500273
54,14,2030,0,demand,0.5987129310082994
54,15,2030,0,demand,0.5881591611624353
54,16,2030,0,demand,0.5693180697190587
54,17,2030,0,demand,0.5592762205287135
54,18,2030,0,demand,0.5738586896911692
54,19,2030,0,demand,0.5961444828236712
54,20,2030,0,demand,0.6232183667267918
54,21,2030,0,demand,0.6328972141968287
54,22,2030,0,demand,0.6088043062899354
54,23,2030,0,demand,0.5633181270110259
54,24,2030,0,demand,0.5367746516548292
54,1,2030,0,solar,0.0
54,2,2030,0,solar,0.0
54,3,2030,0,solar,0.0
54,4,2030,0,solar,0.0
54,5,2030,0,solar,0.0
54,6,2030,0,solar,0.0
54,7,2030,0,solar,0.0
54,8,2030,0,solar,0.0
54,9,2030,0,solar,0.04569420083317011
54,10,2030,0,solar,0.17726806717382498
54,11,2030,0,solar,0.29752403049455367
54,12,2030,0,solar,0.3759331719600574
54,13,2030,0,solar,0.4001591841482315
54,14,2030,0,solar,0.3782635908026698
54,15,2030,0,solar,0.3216344955104614
54,16,2030,0,solar,0.23692918453686318
54,17,2030,0,solar,0.11988543338708385
54,18,2030,0,solar,0.0009509807387125983
54,19,2030,0,solar,0.0
54,20,2030,0,solar,0.0
54,21,2030,0,solar,0.0
54,22,2030,0,solar,0.0
54,23,2030,0,solar,0.0
54,24,2030,0,solar,0.0
54,1,2030,0,wind_offshore,0.1826459976102867
54,2,2030,0,wind_offshore,0.19033395765131256
54,3,2030,0,wind_offshore,0.17024057898540979
54,4,2030,0,wind_offshore,0.1722900436417387
54,5,2030,0,wind_offshore,0.18497806104539724
54,6,2030,0,wind_offshore,0.18397601489889462
54,7,2030,0,wind_offshore,0.1803866288540558
54,8,2030,0,wind_offshore,0.17946667205105915
54,9,2030,0,wind_offshore,0.1838959405512516
54,10,2030,0,wind_offshore,0.1951183091694964
54,11,2030,0,wind_offshore,0.17802950240596752
54,12,2030,0,wind_offshore,0.13136826716193387
54,13,2030,0,wind_offshore,0.1052562772759635
54,14,2030,0,wind_offshore,0.10430429112228612
54,15,2030,0,wind_offshore,0.13103468203429758
54,16,2030,0,wind_offshore,0.15929346276159717
54,17,2030,0,wind_offshore,0.15054391768986058
54,18,2030,0,wind_offshore,0.134798756390816
54,19,2030,0,wind_offshore,0.13008538452173712
54,20,2030,0,wind_offshore,0.12228925582652675
54,21,2030,0,wind_offshore,0.10545956851813518
54,22,2030,0,wind_offshore,0.08906230081236381
54,23,2030,0,wind_offshore,0.04400746412347252
54,24,2030,0,wind_offshore,0.01966563543020083
54,1,2030,0,wind_onshore,0.45711407737916276
54,2,2030,0,wind_onshore,0.4436768455135603
54,3,2030,0,wind_onshore,0.433862569285722
54,4,2030,0,wind_onshore,0.4342138963052896
54,5,2030,0,wind_onshore,0.4386657614018827
54,6,2030,0,wind_onshore,0.43610546334927475
54,7,2030,0,wind_onshore,0.4296534939319185
54,8,2030,0,wind_onshore,0.41078151429049464
54,9,2030,0,wind_onshore,0.39172962798966915
54,10,2030,0,wind_onshore,0.3664602509814839
54,11,2030,0,wind_onshore,0.33431211916982884
54,12,2030,0,wind_onshore,0.3547648166926243
54,13,2030,0,wind_onshore,0.36165194872494083
54,14,2030,0,wind_onshore,0.365584314851218
54,15,2030,0,wind_onshore,0.36869674700934274
54,16,2030,0,wind_onshore,0.36948562319799294
54,17,2030,0,wind_onshore,0.3506685655729615
54,18,2030,0,wind_onshore,0.34588448505891695
54,19,2030,0,wind_onshore,0.35312154535899526
54,20,2030,0,wind_onshore,0.35706944815655917
54,21,2030,0,wind_onshore,0.3552672765747545
54,22,2030,0,wind_onshore,0.3394681319515241
54,23,2030,0,wind_onshore,0.29895810866611344
54,24,2030,0,wind_onshore,0.3032110609553295
55,1,2030,0,demand,0.6875820598931549
55,2,2030,0,demand,0.6589112698343438
55,3,2030,0,demand,0.6386071788867153
55,4,2030,0,demand,0.6337103870484835
55,5,2030,0,demand,0.6367082490311279
55,6,2030,0,demand,0.653400270182167
55,7,2030,0,demand,0.6796806122939115
55,8,2030,0,demand,0.7299511072312782
55,9,2030,0,demand,0.7904363927262303
55,10,2030,0,demand,0.8659852120617081
55,11,2030,0,demand,0.934670896731091
55,12,2030,0,demand,0.9914032877985888
55,13,2030,0,demand,1.008199419565533
55,14,2030,0,demand,0.9900848231344648
55,15,2030,0,demand,0.9929019466242588
55,16,2030,0,demand,0.9958398993611022
55,17,2030,0,demand,0.9638591896746198
55,18,2030,0,demand,0.9489448197761131
55,19,2030,0,demand,0.8995415430959186
55,20,2030,0,demand,0.8709732163373746
55,21,2030,0,demand,0.8576820670717978
55,22,2030,0,demand,0.805288955113659
55,23,2030,0,demand,0.7517495195664605
55,24,2030,0,demand,0.7331232816343208
55,1,2030,0,solar,0.0
55,2,2030,0,solar,0.0
55,3,2030,0,solar,0.0
55,4,2030,0,solar,0.0
55,5,2030,0,solar,0.0
55,6,2030,0,solar,1.2718964280511746e-6
55,7,2030,0,solar,0.012774258129062539
55,8,2030,0,solar,0.11857457432843414
55,9,2030,0,solar,0.25905752171687974
55,10,2030,0,solar,0.38479785260898025
55,11,2030,0,solar,0.44878564098586754
55,12,2030,0,solar,0.49310355146897616
55,13,2030,0,solar,0.5167889544688273
55,14,2030,0,solar,0.5084937365149647
55,15,2030,0,solar,0.4728523913961339
55,16,2030,0,solar,0.4042394268708803
55,17,2030,0,solar,0.2895985527690988
55,18,2030,0,solar,0.17057481985071124
55,19,2030,0,solar,0.06557146058823649
55,20,2030,0,solar,0.0039492342364912236
55,21,2030,0,solar,0.0
55,22,2030,0,solar,0.0
55,23,2030,0,solar,0.0
55,24,2030,0,solar,0.0
55,1,2030,0,wind_offshore,0.6507474522124175
55,2,2030,0,wind_offshore,0.6515591591218406
55,3,2030,0,wind_offshore,0.6550933390169768
55,4,2030,0,wind_offshore,0.6654665799763648
55,5,2030,0,wind_offshore,0.6666057602898731
55,6,2030,0,wind_offshore,0.6612071951641957
55,7,2030,0,wind_offshore,0.6621877946010032
55,8,2030,0,wind_offshore,0.6598075116893252
55,9,2030,0,wind_offshore,0.6623756326731634
55,10,2030,0,wind_offshore,0.6649238812447755
55,11,2030,0,wind_offshore,0.6604053606490923
55,12,2030,0,wind_offshore,0.6467623100742713
55,13,2030,0,wind_offshore,0.6453664270148626
55,14,2030,0,wind_offshore,0.6429982534532432
55,15,2030,0,wind_offshore,0.6390245686096622
55,16,2030,0,wind_offshore,0.6129636679514964
55,17,2030,0,wind_offshore,0.5622645777797356
55,18,2030,0,wind_offshore,0.5240420409426129
55,19,2030,0,wind_offshore,0.45213036825293823
55,20,2030,0,wind_offshore,0.37251141600488025
55,21,2030,0,wind_offshore,0.2968658834177797
55,22,2030,0,wind_offshore,0.27335495034726426
55,23,2030,0,wind_offshore,0.20208868227460283
55,24,2030,0,wind_offshore,0.1797742159602875
55,1,2030,0,wind_onshore,0.1372088724451341
55,2,2030,0,wind_onshore,0.12601293116476117
55,3,2030,0,wind_onshore,0.11600201975906314
55,4,2030,0,wind_onshore,0.11032657381959701
55,5,2030,0,wind_onshore,0.10696032148330575
55,6,2030,0,wind_onshore,0.10272470114816654
55,7,2030,0,wind_onshore,0.09713204031208654
55,8,2030,0,wind_onshore,0.08121133967684865
55,9,2030,0,wind_onshore,0.0676409125591023
55,10,2030,0,wind_onshore,0.06754627401746943
55,11,2030,0,wind_onshore,0.07098892615425212
55,12,2030,0,wind_onshore,0.078152307493001
55,13,2030,0,wind_onshore,0.08388467017443064
55,14,2030,0,wind_onshore,0.08671619403073351
55,15,2030,0,wind_onshore,0.08924047293102398
55,16,2030,0,wind_onshore,0.08849053388200233
55,17,2030,0,wind_onshore,0.08769990639230953
55,18,2030,0,wind_onshore,0.0857575750819858
55,19,2030,0,wind_onshore,0.09917345790057236
55,20,2030,0,wind_onshore,0.10644047132255749
55,21,2030,0,wind_onshore,0.10163217561917479
55,22,2030,0,wind_onshore,0.0927460975869688
55,23,2030,0,wind_onshore,0.06615306909638653
55,24,2030,0,wind_onshore,0.07750406119833222
56,1,2030,0,demand,0.466648547096098
56,2,2030,0,demand,0.47288750920936207
56,3,2030,0,demand,0.47308136759124064
56,4,2030,0,demand,0.46765035424367507
56,5,2030,0,demand,0.4753499080937496
56,6,2030,0,demand,0.5017142683387567
56,7,2030,0,demand,0.5403491704514501
56,8,2030,0,demand,0.5721420473221689
56,9,2030,0,demand,0.6086963881375455
56,10,2030,0,demand,0.6273732443033567
56,11,2030,0,demand,0.6455562079124718
56,12,2030,0,demand,0.6500456664290655
56,13,2030,0,demand,0.6331500397909433
56,14,2030,0,demand,0.6318156885059585
56,15,2030,0,demand,0.6206619110549269
56,16,2030,0,demand,0.6222890041739192
56,17,2030,0,demand,0.61365544179759
56,18,2030,0,demand,0.6094609184286076
56,19,2030,0,demand,0.6241568443944475
56,20,2030,0,demand,0.6260375299738304
56,21,2030,0,demand,0.6224160486390167
56,22,2030,0,demand,0.5922091066353051
56,23,2030,0,demand,0.5518289583135355
56,24,2030,0,demand,0.5460556266295895
56,1,2030,0,solar,0.0
56,2,2030,0,solar,0.0
56,3,2030,0,solar,0.0
56,4,2030,0,solar,0.0
56,5,2030,0,solar,0.0
56,6,2030,0,solar,0.00015675034754380546
56,7,2030,0,solar,0.031200391895116416
56,8,2030,0,solar,0.15116842222687232
56,9,2030,0,solar,0.2931793912660736
56,10,2030,0,solar,0.414073762229231
56,11,2030,0,solar,0.4933321693071082
56,12,2030,0,solar,0.5316223453833968
56,13,2030,0,solar,0.5464931996445869
56,14,2030,0,solar,0.5419104376661988
56,15,2030,0,solar,0.4972234341451686
56,16,2030,0,solar,0.4294371093092337
56,17,2030,0,solar,0.32336381839841033
56,18,2030,0,solar,0.19757486278997838
56,19,2030,0,solar,0.06552112192678766
56,20,2030,0,solar,0.0014130034755052193
56,21,2030,0,solar,0.0
56,22,2030,0,solar,0.0
56,23,2030,0,solar,0.0
56,24,2030,0,solar,0.0
56,1,2030,0,wind_offshore,0.14554395227848943
56,2,2030,0,wind_offshore,0.13039864934434273
56,3,2030,0,wind_offshore,0.11938634199564424
56,4,2030,0,wind_offshore,0.10834603060131029
56,5,2030,0,wind_offshore,0.11547763058149338
56,6,2030,0,wind_offshore,0.1200166872140255
56,7,2030,0,wind_offshore,0.10477331517734068
56,8,2030,0,wind_offshore,0.08473963350537739
56,9,2030,0,wind_offshore,0.07608150207384913
56,10,2030,0,wind_offshore,0.09334443769678485
56,11,2030,0,wind_offshore,0.11125299225578662
56,12,2030,0,wind_offshore,0.10536374770626676
56,13,2030,0,wind_offshore,0.09517590814877523
56,14,2030,0,wind_offshore,0.11197166985873774
56,15,2030,0,wind_offshore,0.14027774879978622
56,16,2030,0,wind_offshore,0.15785224074936394
56,17,2030,0,wind_offshore,0.16413651756353384
56,18,2030,0,wind_offshore,0.17171131971616646
56,19,2030,0,wind_offshore,0.18983858012078067
56,20,2030,0,wind_offshore,0.2076545963877818
56,21,2030,0,wind_offshore,0.20942214550267418
56,22,2030,0,wind_offshore,0.22963955251464033
56,23,2030,0,wind_offshore,0.2798979957654076
56,24,2030,0,wind_offshore,0.3200533381015137
56,1,2030,0,wind_onshore,0.11670063722693197
56,2,2030,0,wind_onshore,0.10155635949978777
56,3,2030,0,wind_onshore,0.09222671556574548
56,4,2030,0,wind_onshore,0.08100711232292208
56,5,2030,0,wind_onshore,0.07385839161084463
56,6,2030,0,wind_onshore,0.07185474171207666
56,7,2030,0,wind_onshore,0.06648893307054161
56,8,2030,0,wind_onshore,0.05612777733659336
56,9,2030,0,wind_onshore,0.06102609849575547
56,10,2030,0,wind_onshore,0.06965603306247237
56,11,2030,0,wind_onshore,0.07969734378061515
56,12,2030,0,wind_onshore,0.1025910726664559
56,13,2030,0,wind_onshore,0.12491239457477675
56,14,2030,0,wind_onshore,0.15286758388897587
56,15,2030,0,wind_onshore,0.1877608460445957
56,16,2030,0,wind_onshore,0.22271571540555732
56,17,2030,0,wind_onshore,0.22541242823088015
56,18,2030,0,wind_onshore,0.22000921350320107
56,19,2030,0,wind_onshore,0.20146164751638904
56,20,2030,0,wind_onshore,0.17425815653519983
56,21,2030,0,wind_onshore,0.1639722415195599
56,22,2030,0,wind_onshore,0.150681800060769
56,23,2030,0,wind_onshore,0.13314210970844037
56,24,2030,0,wind_onshore,0.12052355671008909
57,1,2030,0,demand,0.504966512092037
57,2,2030,0,demand,0.4846698059543591
57,3,2030,0,demand,0.4710223334725817
57,4,2030,0,demand,0.4597442478652245
57,5,2030,0,demand,0.4520718210745764
57,6,2030,0,demand,0.4549956560348448
57,7,2030,0,demand,0.4645037727063822
57,8,2030,0,demand,0.49617725402020063
57,9,2030,0,demand,0.5358547611266046
57,10,2030,0,demand,0.568871129998491
57,11,2030,0,demand,0.5929813628588065
57,12,2030,0,demand,0.6011053653637897
57,13,2030,0,demand,0.6017824221411646
57,14,2030,0,demand,0.5982004614304751
57,15,2030,0,demand,0.5858785721329007
57,16,2030,0,demand,0.5770405154948098
57,17,2030,0,demand,0.575936941729927
57,18,2030,0,demand,0.5847077622767444
57,19,2030,0,demand,0.6036848906947241
57,20,2030,0,demand,0.6168813161616282
57,21,2030,0,demand,0.629611931904377
57,22,2030,0,demand,0.6044375465405378
57,23,2030,0,demand,0.5637707152447001
57,24,2030,0,demand,0.5441234505265212
57,1,2030,0,solar,0.0
57,2,2030,0,solar,0.0
57,3,2030,0,solar,0.0
57,4,2030,0,solar,0.0
57,5,2030,0,solar,0.0
57,6,2030,0,solar,0.0
57,7,2030,0,solar,0.0
57,8,2030,0,solar,0.0
57,9,2030,0,solar,0.021948533575249788
57,10,2030,0,solar,0.06417613150913748
57,11,2030,0,solar,0.106763508026149
57,12,2030,0,solar,0.14140768041340407
57,13,2030,0,solar,0.16804734299643387
57,14,2030,0,solar,0.1720303692097096
57,15,2030,0,solar,0.15750784616860536
57,16,2030,0,solar,0.1261405355284739
57,17,2030,0,solar,0.07239135902342962
57,18,2030,0,solar,0.023274578808070986
57,19,2030,0,solar,0.0
57,20,2030,0,solar,0.0
57,21,2030,0,solar,0.0
57,22,2030,0,solar,0.0
57,23,2030,0,solar,0.0
57,24,2030,0,solar,0.0
57,1,2030,0,wind_offshore,0.6562793572305062
57,2,2030,0,wind_offshore,0.6618561544950263
57,3,2030,0,wind_offshore,0.6548594400366818
57,4,2030,0,wind_offshore,0.643877367409503
57,5,2030,0,wind_offshore,0.6558225464370346
57,6,2030,0,wind_offshore,0.6618759443472242
57,7,2030,0,wind_offshore,0.66323642153307
57,8,2030,0,wind_offshore,0.6436383599259708
57,9,2030,0,wind_offshore,0.642049767406889
57,10,2030,0,wind_offshore,0.6323117126223454
57,11,2030,0,wind_offshore,0.6338244476282004
57,12,2030,0,wind_offshore,0.6199536313585627
57,13,2030,0,wind_offshore,0.619598259751576
57,14,2030,0,wind_offshore,0.6399219232817432
57,15,2030,0,wind_offshore,0.5973871735847184
57,16,2030,0,wind_offshore,0.5379477418721172
57,17,2030,0,wind_offshore,0.5524445897077963
57,18,2030,0,wind_offshore,0.5545788636607099
57,19,2030,0,wind_offshore,0.5014490025250928
57,20,2030,0,wind_offshore,0.42961885531622823
57,21,2030,0,wind_offshore,0.43288569109144304
57,22,2030,0,wind_offshore,0.49953715545790683
57,23,2030,0,wind_offshore,0.5205013036608623
57,24,2030,0,wind_offshore,0.5047496212043171
57,1,2030,0,wind_onshore,0.1168438395901528
57,2,2030,0,wind_onshore,0.11322052490865497
57,3,2030,0,wind_onshore,0.11297533125277882
57,4,2030,0,wind_onshore,0.11059872971420583
57,5,2030,0,wind_onshore,0.10851797698304406
57,6,2030,0,wind_onshore,0.10583182091881103
57,7,2030,0,wind_onshore,0.11081666265860086
57,8,2030,0,wind_onshore,0.11973745857370878
57,9,2030,0,wind_onshore,0.11961068179542433
57,10,2030,0,wind_onshore,0.12100454122072651
57,11,2030,0,wind_onshore,0.11792085230381867
57,12,2030,0,wind_onshore,0.12529133254872526
57,13,2030,0,wind_onshore,0.1294662517982328
57,14,2030,0,wind_onshore,0.13915824917332228
57,15,2030,0,wind_onshore,0.15002042166512938
57,16,2030,0,wind_onshore,0.1507784970463047
57,17,2030,0,wind_onshore,0.15183541673130904
57,18,2030,0,wind_onshore,0.146457007467481
57,19,2030,0,wind_onshore,0.14815829226359462
57,20,2030,0,wind_onshore,0.14836768665661182
57,21,2030,0,wind_onshore,0.1432756516907102
57,22,2030,0,wind_onshore,0.13194256033785665
57,23,2030,0,wind_onshore,0.13143168618122728
57,24,2030,0,wind_onshore,0.14180251737556615
58,1,2030,0,demand,0.4783834330765101
58,2,2030,0,demand,0.46934722858392997
58,3,2030,0,demand,0.45838625856926707
58,4,2030,0,demand,0.45020053365177715
58,5,2030,0,demand,0.45029786517053766
58,6,2030,0,demand,0.45016480368148853
58,7,2030,0,demand,0.46613476420218153
58,8,2030,0,demand,0.49678026224900657
58,9,2030,0,demand,0.5408321464099263
58,10,2030,0,demand,0.5548703799180157
58,11,2030,0,demand,0.5657900507700584
58,12,2030,0,demand,0.5593222432017062
58,13,2030,0,demand,0.5607662076968489
58,14,2030,0,demand,0.5495416446923822
58,15,2030,0,demand,0.5360135766171686
58,16,2030,0,demand,0.5291709043442717
58,17,2030,0,demand,0.5226779274051859
58,18,2030,0,demand,0.5178996763689332
58,19,2030,0,demand,0.520834934334137
58,20,2030,0,demand,0.5402610090187171
58,21,2030,0,demand,0.5507017199035715
58,22,2030,0,demand,0.5257882796517354
58,23,2030,0,demand,0.4941348984762731
58,24,2030,0,demand,0.486295958443475
58,1,2030,0,solar,0.0
58,2,2030,0,solar,0.0
58,3,2030,0,solar,0.0
58,4,2030,0,solar,0.0
58,5,2030,0,solar,0.0
58,6,2030,0,solar,0.00017141823556674648
58,7,2030,0,solar,0.027720618284578495
58,8,2030,0,solar,0.14540285253567248
58,9,2030,0,solar,0.2854901721353249
58,10,2030,0,solar,0.4064381135772904
58,11,2030,0,solar,0.48303336431270505
58,12,2030,0,solar,0.5218502600055861
58,13,2030,0,solar,0.5363782770010969
58,14,2030,0,solar,0.5272833924134058
58,15,2030,0,solar,0.4810164059778335
58,16,2030,0,solar,0.41359091741750714
58,17,2030,0,solar,0.3094168736694634
58,18,2030,0,solar,0.18539799767410398
58,19,2030,0,solar,0.058989788132775264
58,20,2030,0,solar,0.0015717272715693622
58,21,2030,0,solar,0.0
58,22,2030,0,solar,0.0
58,23,2030,0,solar,0.0
58,24,2030,0,solar,0.0
58,1,2030,0,wind_offshore,0.4984642883982462
58,2,2030,0,wind_offshore,0.4841779641246715
58,3,2030,0,wind_offshore,0.47188846953187413
58,4,2030,0,wind_offshore,0.40691517197495153
58,5,2030,0,wind_offshore,0.35677056188948486
58,6,2030,0,wind_offshore,0.3148250823781877
58,7,2030,0,wind_offshore,0.2713815878698419
58,8,2030,0,wind_offshore,0.25284344847613166
58,9,2030,0,wind_offshore,0.23816305534765864
58,10,2030,0,wind_offshore,0.2048236810621219
58,11,2030,0,wind_offshore,0.1419693016649577
58,12,2030,0,wind_offshore,0.13930826555786824
58,13,2030,0,wind_offshore,0.15707137408618996
58,14,2030,0,wind_offshore,0.16849815780380042
58,15,2030,0,wind_offshore,0.14904210461582443
58,16,2030,0,wind_offshore,0.10446180130880252
58,17,2030,0,wind_offshore,0.06902045476094319
58,18,2030,0,wind_offshore,0.04570307254154509
58,19,2030,0,wind_offshore,0.02660943317086284
58,20,2030,0,wind_offshore,0.013990994605936119
58,21,2030,0,wind_offshore,0.007546499491566573
58,22,2030,0,wind_offshore,0.0178009479620445
58,23,2030,0,wind_offshore,0.013787774017562244
58,24,2030,0,wind_offshore,0.02301318852842818
58,1,2030,0,wind_onshore,0.14456504902971562
58,2,2030,0,wind_onshore,0.13164509688032838
58,3,2030,0,wind_onshore,0.1191772048429449
58,4,2030,0,wind_onshore,0.11383403310150719
58,5,2030,0,wind_onshore,0.10637595060417875
58,6,2030,0,wind_onshore,0.10198712887072729
58,7,2030,0,wind_onshore,0.09919293452991415
58,8,2030,0,wind_onshore,0.08404286462298344
58,9,2030,0,wind_onshore,0.0835702152913366
58,10,2030,0,wind_onshore,0.0919291100555075
58,11,2030,0,wind_onshore,0.0973571580160605
58,12,2030,0,wind_onshore,0.12087989770658393
58,13,2030,0,wind_onshore,0.13933912343614405
58,14,2030,0,wind_onshore,0.16305842582192562
58,15,2030,0,wind_onshore,0.19547275750654214
58,16,2030,0,wind_onshore,0.22139259868396308
58,17,2030,0,wind_onshore,0.2290226518963197
58,18,2030,0,wind_onshore,0.2203467595661891
58,19,2030,0,wind_onshore,0.1961768975776059
58,20,2030,0,wind_onshore,0.18152010758064632
58,21,2030,0,wind_onshore,0.18246698358147678
58,22,2030,0,wind_onshore,0.17740542909050588
58,23,2030,0,wind_onshore,0.15392826962639
58,24,2030,0,wind_onshore,0.16508882050662121
59,1,2030,0,demand,0.5146126993744112
59,2,2030,0,demand,0.49768963228631935
59,3,2030,0,demand,0.48348020635576716
59,4,2030,0,demand,0.47453657792398707
59,5,2030,0,demand,0.473148594325182
59,6,2030,0,demand,0.47474210627485974
59,7,2030,0,demand,0.4788186166187304
59,8,2030,0,demand,0.5093524090775083
59,9,2030,0,demand,0.5484405163773849
59,10,2030,0,demand,0.5668640729773501
59,11,2030,0,demand,0.5852778941639534
59,12,2030,0,demand,0.5830849229361779
59,13,2030,0,demand,0.574410953403377
59,14,2030,0,demand,0.5746456290951943
59,15,2030,0,demand,0.552300209665595
59,16,2030,0,demand,0.5430619037451555
59,17,2030,0,demand,0.5276511862794931
59,18,2030,0,demand,0.5395740883095649
59,19,2030,0,demand,0.5665917303812673
59,20,2030,0,demand,0.5933395421060917
59,21,2030,0,demand,0.598187854999437
59,22,2030,0,demand,0.580111183410115
59,23,2030,0,demand,0.5461577828049106
59,24,2030,0,demand,0.5241076728309519
59,1,2030,0,solar,0.0
59,2,2030,0,solar,0.0
59,3,2030,0,solar,0.0
59,4,2030,0,solar,0.0
59,5,2030,0,solar,0.0
59,6,2030,0,solar,0.0
59,7,2030,0,solar,0.0
59,8,2030,0,solar,0.0
59,9,2030,0,solar,0.07689169230839497
59,10,2030,0,solar,0.21395559812226386
59,11,2030,0,solar,0.3347185043155262
59,12,2030,0,solar,0.41974494728067435
59,13,2030,0,solar,0.45305001925293475
59,14,2030,0,solar,0.45604216670184883
59,15,2030,0,solar,0.4130084221539756
59,16,2030,0,solar,0.32771242885629376
59,17,2030,0,solar,0.2022948651895299
59,18,2030,0,solar,0.06815302424713669
59,19,2030,0,solar,0.0
59,20,2030,0,solar,0.0
59,21,2030,0,solar,0.0
59,22,2030,0,solar,0.0
59,23,2030,0,solar,0.0
59,24,2030,0,solar,0.0
59,1,2030,0,wind_offshore,0.44405136159311576
59,2,2030,0,wind_offshore,0.4641348902398496
59,3,2030,0,wind_offshore,0.45541492288296187
59,4,2030,0,wind_offshore,0.4145882746353517
59,5,2030,0,wind_offshore,0.3636097399714114
59,6,2030,0,wind_offshore,0.3403800696309726
59,7,2030,0,wind_offshore,0.349814848903951
59,8,2030,0,wind_offshore,0.389094923409077
59,9,2030,0,wind_offshore,0.4344705167342278
59,10,2030,0,wind_offshore,0.4792414133930842
59,11,2030,0,wind_offshore,0.45605769141105895
59,12,2030,0,wind_offshore,0.4871294707553387
59,13,2030,0,wind_offshore,0.534055261691937
59,14,2030,0,wind_offshore,0.5764430255842644
59,15,2030,0,wind_offshore,0.6033974450192661
59,16,2030,0,wind_offshore,0.6150942557695068
59,17,2030,0,wind_offshore,0.6350466652343939
59,18,2030,0,wind_offshore,0.6322114928001575
59,19,2030,0,wind_offshore,0.6204768766741329
59,20,2030,0,wind_offshore,0.6018150054359094
59,21,2030,0,wind_offshore,0.5740801145320548
59,22,2030,0,wind_offshore,0.5404846911977014
59,23,2030,0,wind_offshore,0.5555708925893479
59,24,2030,0,wind_offshore,0.5236940742631607
59,1,2030,0,wind_onshore,0.09013804572946804
59,2,2030,0,wind_onshore,0.08176842609151871
59,3,2030,0,wind_onshore,0.06550703698351672
59,4,2030,0,wind_onshore,0.05085014901165643
59,5,2030,0,wind_onshore,0.04370203370516753
59,6,2030,0,wind_onshore,0.039446842704682815
59,7,2030,0,wind_onshore,0.0376999085757667
59,8,2030,0,wind_onshore,0.040649601626876995
59,9,2030,0,wind_onshore,0.045095213620269484
59,10,2030,0,wind_onshore,0.04699327569718003
59,11,2030,0,wind_onshore,0.03753294926027948
59,12,2030,0,wind_onshore,0.0379849273662241
59,13,2030,0,wind_onshore,0.048777847314859145
59,14,2030,0,wind_onshore,0.05142730079946406
59,15,2030,0,wind_onshore,0.05340430160966192
59,16,2030,0,wind_onshore,0.052161692416953745
59,17,2030,0,wind_onshore,0.05157928557305472
59,18,2030,0,wind_onshore,0.05107681169251334
59,19,2030,0,wind_onshore,0.05723517938899111
59,20,2030,0,wind_onshore,0.059372581821177765
59,21,2030,0,wind_onshore,0.059861513065639624
59,22,2030,0,wind_onshore,0.05997928611326901
59,23,2030,0,wind_onshore,0.0589273421690392
59,24,2030,0,wind_onshore,0.05868492505682866
60,1,2030,0,demand,0.48144462015622996
60,2,2030,0,demand,0.4866900936248482
60,3,2030,0,demand,0.4845465919138089
60,4,2030,0,demand,0.4738218103870032
60,5,2030,0,demand,0.48714537465098834
60,6,2030,0,demand,0.5219781674362987
60,7,2030,0,demand,0.5683742596627263
60,8,2030,0,demand,0.6002538448442851
60,9,2030,0,demand,0.628562905027098
60,10,2030,0,demand,0.636900818791916
60,11,2030,0,demand,0.6380373305716217
60,12,2030,0,demand,0.6307826316342656
60,13,2030,0,demand,0.625443713183407
60,14,2030,0,demand,0.616948711301359
60,15,2030,0,demand,0.6068599132825271
60,16,2030,0,demand,0.6051917489219437
60,17,2030,0,demand,0.6031251797910311
60,18,2030,0,demand,0.611673467301213
60,19,2030,0,demand,0.6249118091477261
60,20,2030,0,demand,0.6367471674262486
60,21,2030,0,demand,0.6204116916466674
60,22,2030,0,demand,0.5671489695283117
60,23,2030,0,demand,0.5278857709177648
60,24,2030,0,demand,0.5294653417886995
60,1,2030,0,solar,0.0
60,2,2030,0,solar,0.0
60,3,2030,0,solar,0.0
60,4,2030,0,solar,0.0
60,5,2030,0,solar,0.0
60,6,2030,0,solar,0.0
60,7,2030,0,solar,5.836564132376645e-5
60,8,2030,0,solar,0.06069761240332615
60,9,2030,0,solar,0.17907299550070813
60,10,2030,0,solar,0.29369624784258025
60,11,2030,0,solar,0.3700805464738388
60,12,2030,0,solar,0.4270348345648848
60,13,2030,0,solar,0.4376566806249204
60,14,2030,0,solar,0.4234308636434127
60,15,2030,0,solar,0.3734448562530483
60,16,2030,0,solar,0.29782686622615434
60,17,2030,0,solar,0.2026920790905989
60,18,2030,0,solar,0.0908628909865193
60,19,2030,0,solar,0.006790845127009908
60,20,2030,0,solar,0.0
60,21,2030,0,solar,0.0
60,22,2030,0,solar,0.0
60,23,2030,0,solar,0.0
60,24,2030,0,solar,0.0
60,1,2030,0,wind_offshore,0.17355324708606185
60,2,2030,0,wind_offshore,0.23278004521481133
60,3,2030,0,wind_offshore,0.21992829807416392
60,4,2030,0,wind_offshore,0.18963881158131526
60,5,2030,0,wind_offshore,0.17771319743876055
60,6,2030,0,wind_offshore,0.18084110134440512
60,7,2030,0,wind_offshore,0.17858359639699295
60,8,2030,0,wind_offshore,0.1756076341776525
60,9,2030,0,wind_offshore,0.18737467483074144
60,10,2030,0,wind_offshore,0.22339556453596351
60,11,2030,0,wind_offshore,0.13053519093786242
60,12,2030,0,wind_offshore,0.15872925960786605
60,13,2030,0,wind_offshore,0.19458011965301342
60,14,2030,0,wind_offshore,0.23218943005149437
60,15,2030,0,wind_offshore,0.25013402053842404
60,16,2030,0,wind_offshore,0.25293144955236363
60,17,2030,0,wind_offshore,0.2439814834263437
60,18,2030,0,wind_offshore,0.23802473242003824
60,19,2030,0,wind_offshore,0.23628009312090298
60,20,2030,0,wind_offshore,0.21331507831722635
60,21,2030,0,wind_offshore,0.207502609182219
60,22,2030,0,wind_offshore,0.20645758866837322
60,23,2030,0,wind_offshore,0.14028674775842354
60,24,2030,0,wind_offshore,0.15257851279947446
60,1,2030,0,wind_onshore,0.09700687411794927
60,2,2030,0,wind_onshore,0.09209943424741467
60,3,2030,0,wind_onshore,0.0845466547866445
60,4,2030,0,wind_onshore,0.07939578759902569
60,5,2030,0,wind_onshore,0.07194766955589738
60,6,2030,0,wind_onshore,0.06564817407171411
60,7,2030,0,wind_onshore,0.05580916315826418
60,8,2030,0,wind_onshore,0.04798462284701591
60,9,2030,0,wind_onshore,0.033918071106262854
60,10,2030,0,wind_onshore,0.034314650734449274
60,11,2030,0,wind_onshore,0.04387239502801754
60,12,2030,0,wind_onshore,0.055178641663196984
60,13,2030,0,wind_onshore,0.0769073284927934
60,14,2030,0,wind_onshore,0.10149470406358285
60,15,2030,0,wind_onshore,0.11747360994119062
60,16,2030,0,wind_onshore,0.12549924252902833
60,17,2030,0,wind_onshore,0.12920394643320332
60,18,2030,0,wind_onshore,0.13271033502578658
60,19,2030,0,wind_onshore,0.12169562310763779
60,20,2030,0,wind_onshore,0.10633411544484878
60,21,2030,0,wind_onshore,0.08478412137622299
60,22,2030,0,wind_onshore,0.06323406145973073
60,23,2030,0,wind_onshore,0.05277405174707259
60,24,2030,0,wind_onshore,0.04736511243780883
61,1,2030,1,demand,0.4685716931100617
61,2,2030,1,demand,0.4648042721341089
61,3,2030,1,demand,0.4714742019846094
61,4,2030,1,demand,0.47260014447743387
61,5,2030,1,demand,0.488666855043171
61,6,2030,1,demand,0.5304068017856867
61,7,2030,1,demand,0.5662765037846876
61,8,2030,1,demand,0.6107478137845351
61,9,2030,1,demand,0.6373244313489009
61,10,2030,1,demand,0.6498555349618201
61,11,2030,1,demand,0.654665771776354
61,12,2030,1,demand,0.6591969703368896
61,13,2030,1,demand,0.6634695142457772
61,14,2030,1,demand,0.6584075876459512
61,15,2030,1,demand,0.6499221069206745
61,16,2030,1,demand,0.6410492743046456
61,17,2030,1,demand,0.6456919191640433
61,18,2030,1,demand,0.6337561634653804
61,19,2030,1,demand,0.636826631985566
61,20,2030,1,demand,0.6505340156547821
61,21,2030,1,demand,0.6185966757801846
61,22,2030,1,demand,0.5768667049758537
61,23,2030,1,demand,0.5344409047756925
61,24,2030,1,demand,0.533080960818039
61,1,2030,1,solar,0.0
61,2,2030,1,solar,0.0
61,3,2030,1,solar,0.0
61,4,2030,1,solar,0.0
61,5,2030,1,solar,0.0
61,6,2030,1,solar,0.0
61,7,2030,1,solar,0.0
61,8,2030,1,solar,0.07657531989278467
61,9,2030,1,solar,0.2851980305454185
61,10,2030,1,solar,0.5123461945520126
61,11,2030,1,solar,0.6845139472710207
61,12,2030,1,solar,0.8143187655953432
61,13,2030,1,solar,0.8674983823640599
61,14,2030,1,solar,0.8537311231003332
61,15,2030,1,solar,0.7385479601861181
61,16,2030,1,solar,0.5635098398999118
61,17,2030,1,solar,0.3342361151811679
61,18,2030,1,solar,0.1049593746080356
61,19,2030,1,solar,0.0
61,20,2030,1,solar,0.0
61,21,2030,1,solar,0.0
61,22,2030,1,solar,0.0
61,23,2030,1,solar,0.0
61,24,2030,1,solar,0.0
61,1,2030,1,wind_offshore,0.090391047889106
61,2,2030,1,wind_offshore,0.08806725848527912
61,3,2030,1,wind_offshore,0.09997625861470201
61,4,2030,1,wind_offshore,0.12560584981638448
61,5,2030,1,wind_offshore,0.14707528732388991
61,6,2030,1,wind_offshore,0.187781328468752
61,7,2030,1,wind_offshore,0.22807218917115998
61,8,2030,1,wind_offshore,0.2798736529020967
61,9,2030,1,wind_offshore,0.34537648241662056
61,10,2030,1,wind_offshore,0.4682118146273629
61,11,2030,1,wind_offshore,0.7446615964892953
61,12,2030,1,wind_offshore,0.9528246289716761
61,13,2030,1,wind_offshore,1.1136195736082273
61,14,2030,1,wind_offshore,1.1676009159076768
61,15,2030,1,wind_offshore,1.1974839683295855
61,16,2030,1,wind_offshore,1.2049956025702522
61,17,2030,1,wind_offshore,1.227756203941788
61,18,2030,1,wind_offshore,1.2292899397597237
61,19,2030,1,wind_offshore,1.2201148590853577
61,20,2030,1,wind_offshore,1.1849733131526512
61,21,2030,1,wind_offshore,1.1181564992069468
61,22,2030,1,wind_offshore,1.0411747227496957
61,23,2030,1,wind_offshore,0.7133872746743564
61,24,2030,1,wind_offshore,0.6085333227519377
61,1,2030,1,wind_onshore,0.31901104210562786
61,2,2030,1,wind_onshore,0.3333337982824635
61,3,2030,1,wind_onshore,0.33776393455873355
61,4,2030,1,wind_onshore,0.3399809738015651
61,5,2030,1,wind_onshore,0.3505513524488807
61,6,2030,1,wind_onshore,0.36005775991969896
61,7,2030,1,wind_onshore,0.36397612363322085
61,8,2030,1,wind_onshore,0.3906648960305557
61,9,2030,1,wind_onshore,0.3962313005498663
61,10,2030,1,wind_onshore,0.39714279343040765
61,11,2030,1,wind_onshore,0.3849681660269923
61,12,2030,1,wind_onshore,0.45473275685698095
61,13,2030,1,wind_onshore,0.49992209028851176
61,14,2030,1,wind_onshore,0.5266517067417686
61,15,2030,1,wind_onshore,0.5296905179060334
61,16,2030,1,wind_onshore,0.5302055467868023
61,17,2030,1,wind_onshore,0.5049152979039623
61,18,2030,1,wind_onshore,0.46897242300622727
61,19,2030,1,wind_onshore,0.47230971267196514
61,20,2030,1,wind_onshore,0.4783600749506774
61,21,2030,1,wind_onshore,0.4719117898460626
61,22,2030,1,wind_onshore,0.45931097315946623
61,23,2030,1,wind_onshore,0.4169969343865998
61,24,2030,1,wind_onshore,0.4093550557314371
62,1,2030,1,demand,0.5302193100516948
62,2,2030,1,demand,0.5163211274285666
62,3,2030,1,demand,0.5008611102144902
62,4,2030,1,demand,0.48454439988913794
62,5,2030,1,demand,0.4677284232066489
62,6,2030,1,demand,0.46563205206833796
62,7,2030,1,demand,0.49115815304677246
62,8,2030,1,demand,0.5223733992954502
62,9,2030,1,demand,0.5583409005118581
62,10,2030,1,demand,0.5887682997738647
62,11,2030,1,demand,0.6097577466478873
62,12,2030,1,demand,0.6032916038529534
62,13,2030,1,demand,0.6131267657738683
62,14,2030,1,demand,0.6083673950504523
62,15,2030,1,demand,0.5942433413294097
62,16,2030,1,demand,0.585563622252406
62,17,2030,1,demand,0.5832294611373365
62,18,2030,1,demand,0.5895564085417887
62,19,2030,1,demand,0.6155947275313618
62,20,2030,1,demand,0.6385164270577072
62,21,2030,1,demand,0.6490694634209264
62,22,2030,1,demand,0.6134536661295307
62,23,2030,1,demand,0.5704496266344152
62,24,2030,1,demand,0.549791368714194
62,1,2030,1,solar,0.0
62,2,2030,1,solar,0.0
62,3,2030,1,solar,0.0
62,4,2030,1,solar,0.0
62,5,2030,1,solar,0.0
62,6,2030,1,solar,0.0
62,7,2030,1,solar,0.0
62,8,2030,1,solar,0.0
62,9,2030,1,solar,0.07152701844286258
62,10,2030,1,solar,0.2088626108413969
62,11,2030,1,solar,0.34537256206998923
62,12,2030,1,solar,0.42771385770972425
62,13,2030,1,solar,0.471122973637414
62,14,2030,1,solar,0.4685921459406708
62,15,2030,1,solar,0.388286992269618
62,16,2030,1,solar,0.2599001718944602
62,17,2030,1,solar,0.11856022798561867
62,18,2030,1,solar,0.0
62,19,2030,1,solar,0.0
62,20,2030,1,solar,0.0
62,21,2030,1,solar,0.0
62,22,2030,1,solar,0.0
62,23,2030,1,solar,0.0
62,24,2030,1,solar,0.0
62,1,2030,1,wind_offshore,1.1920704405912124
62,2,2030,1,wind_offshore,1.2286032489959013
62,3,2030,1,wind_offshore,1.2533562375535303
62,4,2030,1,wind_offshore,1.2346264867965906
62,5,2030,1,wind_offshore,1.2305856720563817
62,6,2030,1,wind_offshore,1.2253130552708889
62,7,2030,1,wind_offshore,1.2202551190284343
62,8,2030,1,wind_offshore,1.2233867006815586
62,9,2030,1,wind_offshore,1.2101399891822624
62,10,2030,1,wind_offshore,1.1894473042901612
62,11,2030,1,wind_offshore,1.199626882896472
62,12,2030,1,wind_offshore,1.2071417563538207
62,13,2030,1,wind_offshore,1.204060466165056
62,14,2030,1,wind_offshore,1.1884953264671412
62,15,2030,1,wind_offshore,1.1654683927818124
62,16,2030,1,wind_offshore,1.1615089634915776
62,17,2030,1,wind_offshore,1.1811785863139794
62,18,2030,1,wind_offshore,1.1949805955256216
62,19,2030,1,wind_offshore,1.151901980666329
62,20,2030,1,wind_offshore,1.1273697518686108
62,21,2030,1,wind_offshore,1.1555151338587533
62,22,2030,1,wind_offshore,1.1509209297087495
62,23,2030,1,wind_offshore,1.0520261571085827
62,24,2030,1,wind_offshore,0.9513931980490424
62,1,2030,1,wind_onshore,0.15596546628828584
62,2,2030,1,wind_onshore,0.16482198940351336
62,3,2030,1,wind_onshore,0.1684269322586696
62,4,2030,1,wind_onshore,0.16587374083861356
62,5,2030,1,wind_onshore,0.17110296396973868
62,6,2030,1,wind_onshore,0.1736716922255795
62,7,2030,1,wind_onshore,0.17452452504511476
62,8,2030,1,wind_onshore,0.1772993249069991
62,9,2030,1,wind_onshore,0.1732121949715001
62,10,2030,1,wind_onshore,0.156870614171313
62,11,2030,1,wind_onshore,0.14243084990556684
62,12,2030,1,wind_onshore,0.13184605113316195
62,13,2030,1,wind_onshore,0.14985614601620598
62,14,2030,1,wind_onshore,0.16896573235446113
62,15,2030,1,wind_onshore,0.16805462056029863
62,16,2030,1,wind_onshore,0.1541560777126521
62,17,2030,1,wind_onshore,0.14298488482282978
62,18,2030,1,wind_onshore,0.15654939245829025
62,19,2030,1,wind_onshore,0.16787044939088877
62,20,2030,1,wind_onshore,0.17183307835243866
62,21,2030,1,wind_onshore,0.16356412583235178
62,22,2030,1,wind_onshore,0.14525720597212957
62,23,2030,1,wind_onshore,0.12298866530123269
62,24,2030,1,wind_onshore,0.12500506341427148
63,1,2030,1,demand,0.48765345302599494
63,2,2030,1,demand,0.5000432135024321
63,3,2030,1,demand,0.4900093202968134
63,4,2030,1,demand,0.48263671758916293
63,5,2030,1,demand,0.4934340223868565
63,6,2030,1,demand,0.5272023538721684
63,7,2030,1,demand,0.5661037467093255
63,8,2030,1,demand,0.6002909852451135
63,9,2030,1,demand,0.6257808495731934
63,10,2030,1,demand,0.6077745329435457
63,11,2030,1,demand,0.6132803400699949
63,12,2030,1,demand,0.6088161803452247
63,13,2030,1,demand,0.602477203752808
63,14,2030,1,demand,0.5847710572459222
63,15,2030,1,demand,0.582086823295828
63,16,2030,1,demand,0.5786522163447796
63,17,2030,1,demand,0.5775116002065478
63,18,2030,1,demand,0.573539348433817
63,19,2030,1,demand,0.5985954658469771
63,20,2030,1,demand,0.6169530472030251
63,21,2030,1,demand,0.5950369767111104
63,22,2030,1,demand,0.5590829575634273
63,23,2030,1,demand,0.5240923654668271
63,24,2030,1,demand,0.5155098918237381
63,1,2030,1,solar,0.0
63,2,2030,1,solar,0.0
63,3,2030,1,solar,0.0
63,4,2030,1,solar,0.0
63,5,2030,1,solar,0.0
63,6,2030,1,solar,0.0
63,7,2030,1,solar,0.0017625919009128604
63,8,2030,1,solar,0.14903665127528648
63,9,2030,1,solar,0.4436961848703966
63,10,2030,1,solar,0.7004539996364259
63,11,2030,1,solar,0.8506199852720329
63,12,2030,1,solar,0.9647114226196901
63,13,2030,1,solar,1.0089433863707402
63,14,2030,1,solar,1.0003736340499634
63,15,2030,1,solar,0.9048448249186591
63,16,2030,1,solar,0.7610129133768212
63,17,2030,1,solar,0.5479259068206291
63,18,2030,1,solar,0.27442386649388745
63,19,2030,1,solar,0.04453561723442088
63,20,2030,1,solar,0.0
63,21,2030,1,solar,0.0
63,22,2030,1,solar,0.0
63,23,2030,1,solar,0.0
63,24,2030,1,solar,0.0
63,1,2030,1,wind_offshore,0.8537132738811892
63,2,2030,1,wind_offshore,0.8271301841288221
63,3,2030,1,wind_offshore,0.9279103936380521
63,4,2030,1,wind_offshore,1.1324757129666831
63,5,2030,1,wind_offshore,1.1806215349237796
63,6,2030,1,wind_offshore,1.1859550251231121
63,7,2030,1,wind_offshore,1.1552079720257642
63,8,2030,1,wind_offshore,1.177064808165332
63,9,2030,1,wind_offshore,1.2032070445609704
63,10,2030,1,wind_offshore,1.2133010612724828
63,11,2030,1,wind_offshore,1.2141700137147642
63,12,2030,1,wind_offshore,1.1973848326443033
63,13,2030,1,wind_offshore,1.211803647379421
63,14,2030,1,wind_offshore,1.2216258359499046
63,15,2030,1,wind_offshore,1.2236407268964176
63,16,2030,1,wind_offshore,1.2373912589352851
63,17,2030,1,wind_offshore,1.240189662664867
63,18,2030,1,wind_offshore,1.2276481727567454
63,19,2030,1,wind_offshore,1.231749939586667
63,20,2030,1,wind_offshore,1.2326097893589663
63,21,2030,1,wind_offshore,1.2502533995451897
63,22,2030,1,wind_offshore,1.24077229504684
63,23,2030,1,wind_offshore,1.2451269755523218
63,24,2030,1,wind_offshore,1.2477871254264912
63,1,2030,1,wind_onshore,0.22343930506851745
63,2,2030,1,wind_onshore,0.20269208635535996
63,3,2030,1,wind_onshore,0.17961964404676106
63,4,2030,1,wind_onshore,0.16995957464350167
63,5,2030,1,wind_onshore,0.1599742350536865
63,6,2030,1,wind_onshore,0.1626875517780883
63,7,2030,1,wind_onshore,0.158803319846117
63,8,2030,1,wind_onshore,0.15064130996972183
63,9,2030,1,wind_onshore,0.11734077176215223
63,10,2030,1,wind_onshore,0.1147525400039474
63,11,2030,1,wind_onshore,0.12248790677703006
63,12,2030,1,wind_onshore,0.13675867008733605
63,13,2030,1,wind_onshore,0.17431458956036688
63,14,2030,1,wind_onshore,0.2159790662432594
63,15,2030,1,wind_onshore,0.25922842338683505
63,16,2030,1,wind_onshore,0.29878935334796936
63,17,2030,1,wind_onshore,0.3448030677251735
63,18,2030,1,wind_onshore,0.3902966907842297
63,19,2030,1,wind_onshore,0.4326803817335719
63,20,2030,1,wind_onshore,0.4853730992075487
63,21,2030,1,wind_onshore,0.48979028258741447
63,22,2030,1,wind_onshore,0.4755292227812634
63,23,2030,1,wind_onshore,0.40365610293810417
63,24,2030,1,wind_onshore,0.36685409776291117
64,1,2030,1,demand,0.5341702452782429
64,2,2030,1,demand,0.5241895205903986
64,3,2030,1,demand,0.5025712484637394
64,4,2030,1,demand,0.49712398989835466
64,5,2030,1,demand,0.5164572605855599
64,6,2030,1,demand,0.5482456606018123
64,7,2030,1,demand,0.5904627088826403
64,8,2030,1,demand,0.6214682815724332
64,9,2030,1,demand,0.65992605898589
64,10,2030,1,demand,0.687011511770934
64,11,2030,1,demand,0.7001644165017049
64,12,2030,1,demand,0.71364223614365
64,13,2030,1,demand,0.7231242277796457
64,14,2030,1,demand,0.7116721305456801
64,15,2030,1,demand,0.7138684745013515
64,16,2030,1,demand,0.7209699249084501
64,17,2030,1,demand,0.7155867956431486
64,18,2030,1,demand,0.705556001210905
64,19,2030,1,demand,0.6924555704161501
64,20,2030,1,demand,0.6794841724335073
64,21,2030,1,demand,0.6591832810417249
64,22,2030,1,demand,0.6167320615327598
64,23,2030,1,demand,0.5680108851037339
64,24,2030,1,demand,0.5663834459504531
64,1,2030,1,solar,0.0
64,2,2030,1,solar,0.0
64,3,2030,1,solar,0.0
64,4,2030,1,solar,0.0
64,5,2030,1,solar,0.0
64,6,2030,1,solar,0.0004035233329623626
64,7,2030,1,solar,0.052977971735547025
64,8,2030,1,solar,0.27632601762431913
64,9,2030,1,solar,0.5253947352388324
64,10,2030,1,solar,0.730737668208917
64,11,2030,1,solar,0.8560859877815359
64,12,2030,1,solar,0.9458879412950146
64,13,2030,1,solar,0.9850210051429928
64,14,2030,1,solar,0.9606366894204119
64,15,2030,1,solar,0.8947881890723018
64,16,2030,1,solar,0.769999242960117
64,17,2030,1,solar,0.5899506144919918
64,18,2030,1,solar,0.35605739850899354
64,19,2030,1,solar,0.11459544548077677
64,20,2030,1,solar,0.0014444879392156561
64,21,2030,1,solar,0.0
64,22,2030,1,solar,0.0
64,23,2030,1,solar,0.0
64,24,2030,1,solar,0.0
64,1,2030,1,wind_offshore,1.2342651985915063
64,2,2030,1,wind_offshore,1.243239778125091
64,3,2030,1,wind_offshore,1.2494428659787797
64,4,2030,1,wind_offshore,1.2456416913144213
64,5,2030,1,wind_offshore,1.1973011061443604
64,6,2030,1,wind_offshore,1.098183979416364
64,7,2030,1,wind_offshore,1.0273097093969552
64,8,2030,1,wind_offshore,0.984998770825737
64,9,2030,1,wind_offshore,1.0057485869025795
64,10,2030,1,wind_offshore,1.0380715229137338
64,11,2030,1,wind_offshore,1.0508699444360732
64,12,2030,1,wind_offshore,1.1415070293265155
64,13,2030,1,wind_offshore,1.1939348560340985
64,14,2030,1,wind_offshore,1.1839334646812825
64,15,2030,1,wind_offshore,1.148220800125623
64,16,2030,1,wind_offshore,1.0743696399861944
64,17,2030,1,wind_offshore,0.9918715522781184
64,18,2030,1,wind_offshore,0.8445087497969125
64,19,2030,1,wind_offshore,0.7215404666858429
64,20,2030,1,wind_offshore,0.6251532849853267
64,21,2030,1,wind_offshore,0.5320417187546608
64,22,2030,1,wind_offshore,0.4306362712905923
64,23,2030,1,wind_offshore,0.3423293307113881
64,24,2030,1,wind_offshore,0.37151061807553476
64,1,2030,1,wind_onshore,0.22898879594036575
64,2,2030,1,wind_onshore,0.22885193154322495
64,3,2030,1,wind_onshore,0.22136752118461933
64,4,2030,1,wind_onshore,0.22290532006085892
64,5,2030,1,wind_onshore,0.2370186301530157
64,6,2030,1,wind_onshore,0.24441541505614095
64,7,2030,1,wind_onshore,0.2318426087144582
64,8,2030,1,wind_onshore,0.18866810103703108
64,9,2030,1,wind_onshore,0.19849714491707693
64,10,2030,1,wind_onshore,0.24807255721614266
64,11,2030,1,wind_onshore,0.25209627054260386
64,12,2030,1,wind_onshore,0.2785059561063078
64,13,2030,1,wind_onshore,0.30910052342184796
64,14,2030,1,wind_onshore,0.31468665271133867
64,15,2030,1,wind_onshore,0.3340381327698236
64,16,2030,1,wind_onshore,0.3563315696454096
64,17,2030,1,wind_onshore,0.37104105342208316
64,18,2030,1,wind_onshore,0.3911307064106961
64,19,2030,1,wind_onshore,0.4020968708949779
64,20,2030,1,wind_onshore,0.39454393465031773
64,21,2030,1,wind_onshore,0.37496529677854784
64,22,2030,1,wind_onshore,0.328012733285576
64,23,2030,1,wind_onshore,0.2941727620441474
64,24,2030,1,wind_onshore,0.26975422498484564
65,1,2030,1,demand,0.48925488877179285
65,2,2030,1,demand,0.4658931515899904
65,3,2030,1,demand,0.44474455752193287
65,4,2030,1,demand,0.43969965708250147
65,5,2030,1,demand,0.44682062411881707
65,6,2030,1,demand,0.46608274198096983
65,7,2030,1,demand,0.5003559345704177
65,8,2030,1,demand,0.547831673526623
65,9,2030,1,demand,0.5857873688200711
65,10,2030,1,demand,0.6027497014910047
65,11,2030,1,demand,0.6117840604882134
65,12,2030,1,demand,0.6090706249442861
65,13,2030,1,demand,0.599119260967661
65,14,2030,1,demand,0.5870335656290396
65,15,2030,1,demand,0.5829271902668934
65,16,2030,1,demand,0.5794285157807313
65,17,2030,1,demand,0.5789245414404077
65,18,2030,1,demand,0.5883118113191733
65,19,2030,1,demand,0.6115278790677084
65,20,2030,1,demand,0.6477443526960392
65,21,2030,1,demand,0.6436949695422409
65,22,2030,1,demand,0.6110745472537588
65,23,2030,1,demand,0.561882426572078
65,24,2030,1,demand,0.5464673703036808
65,1,2030,1,solar,0.0
65,2,2030,1,solar,0.0
65,3,2030,1,solar,0.0
65,4,2030,1,solar,0.0
65,5,2030,1,solar,0.0
65,6,2030,1,solar,0.0
65,7,2030,1,solar,0.0
65,8,2030,1,solar,0.0
65,9,2030,1,solar,0.13543189154089544
65,10,2030,1,solar,0.34864122216144544
65,11,2030,1,solar,0.534767206448816
65,12,2030,1,solar,0.6799078298649065
65,13,2030,1,solar,0.7769978701965307
65,14,2030,1,solar,0.813281261838582
65,15,2030,1,solar,0.7556091877071007
65,16,2030,1,solar,0.6195654640909625
65,17,2030,1,solar,0.40090849285212593
65,18,2030,1,solar,0.1506512274418526
65,19,2030,1,solar,0.0
65,20,2030,1,solar,0.0
65,21,2030,1,solar,0.0
65,22,2030,1,solar,0.0
65,23,2030,1,solar,0.0
65,24,2030,1,solar,0.0
65,1,2030,1,wind_offshore,1.1552516818372958
65,2,2030,1,wind_offshore,1.0436338682197286
65,3,2030,1,wind_offshore,1.0584047502504665
65,4,2030,1,wind_offshore,1.0707060262114079
65,5,2030,1,wind_offshore,1.0418224793781063
65,6,2030,1,wind_offshore,0.9631688136893459
65,7,2030,1,wind_offshore,0.8513874738353453
65,8,2030,1,wind_offshore,0.9450257327705872
65,9,2030,1,wind_offshore,1.0793416350972351
65,10,2030,1,wind_offshore,1.1893213975137245
65,11,2030,1,wind_offshore,1.1856661721149286
65,12,2030,1,wind_offshore,1.1834616035945345
65,13,2030,1,wind_offshore,1.2005858425114007
65,14,2030,1,wind_offshore,1.2013919791680308
65,15,2030,1,wind_offshore,1.18757135559148
65,16,2030,1,wind_offshore,1.171701255722673
65,17,2030,1,wind_offshore,1.1841235329637636
65,18,2030,1,wind_offshore,1.1585490061062127
65,19,2030,1,wind_offshore,1.1288896008791742
65,20,2030,1,wind_offshore,1.1431979980611346
65,21,2030,1,wind_offshore,1.1610515192444961
65,22,2030,1,wind_offshore,1.1360532857746939
65,23,2030,1,wind_offshore,1.0649629640213558
65,24,2030,1,wind_offshore,0.874195504547846
65,1,2030,1,wind_onshore,0.748417753865501
65,2,2030,1,wind_onshore,0.726056110903096
65,3,2030,1,wind_onshore,0.6849610456268208
65,4,2030,1,wind_onshore,0.6501040433944515
65,5,2030,1,wind_onshore,0.6059492995036748
65,6,2030,1,wind_onshore,0.5427070486505097
65,7,2030,1,wind_onshore,0.46262370427258515
65,8,2030,1,wind_onshore,0.4203936736372836
65,9,2030,1,wind_onshore,0.38295119464523186
65,10,2030,1,wind_onshore,0.33490777775131736
65,11,2030,1,wind_onshore,0.31455963377149104
65,12,2030,1,wind_onshore,0.30969811218649534
65,13,2030,1,wind_onshore,0.3181493006068766
65,14,2030,1,wind_onshore,0.3438565129384463
65,15,2030,1,wind_onshore,0.37548809051038845
65,16,2030,1,wind_onshore,0.43081785271116296
65,17,2030,1,wind_onshore,0.45176802095995927
65,18,2030,1,wind_onshore,0.46827358658948254
65,19,2030,1,wind_onshore,0.5140251238628853
65,20,2030,1,wind_onshore,0.5397231014392587
65,21,2030,1,wind_onshore,0.5492762040489126
65,22,2030,1,wind_onshore,0.5672537232507615
65,23,2030,1,wind_onshore,0.6124533240783162
65,24,2030,1,wind_onshore,0.6055765275068672
66,1,2030,1,demand,0.5630592272178397
66,2,2030,1,demand,0.5487105786572212
66,3,2030,1,demand,0.5351662976300865
66,4,2030,1,demand,0.5161752164476756
66,5,2030,1,demand,0.5309164289793018
66,6,2030,1,demand,0.5531636696716075
66,7,2030,1,demand,0.5739959383868939
66,8,2030,1,demand,0.609416211907014
66,9,2030,1,demand,0.6647987797461613
66,10,2030,1,demand,0.6977041512366312
66,11,2030,1,demand,0.7318924380800323
66,12,2030,1,demand,0.7507456563648318
66,13,2030,1,demand,0.7419399122082386
66,14,2030,1,demand,0.7453150852248178
66,15,2030,1,demand,0.7444994947424695
66,16,2030,1,demand,0.7356332414269968
66,17,2030,1,demand,0.7351266294094999
66,18,2030,1,demand,0.7246430676705872
66,19,2030,1,demand,0.7005396651474709
66,20,2030,1,demand,0.6873468246633688
66,21,2030,1,demand,0.6683155058388159
66,22,2030,1,demand,0.6286722719530562
66,23,2030,1,demand,0.582275088638734
66,24,2030,1,demand,0.5668737521610878
66,1,2030,1,solar,0.0
66,2,2030,1,solar,0.0
66,3,2030,1,solar,0.0
66,4,2030,1,solar,0.0
66,5,2030,1,solar,0.0
66,6,2030,1,solar,0.0
66,7,2030,1,solar,0.014144813654656538
66,8,2030,1,solar,0.1881679533259243
66,9,2030,1,solar,0.4369731727550273
66,10,2030,1,solar,0.6640314486101574
66,11,2030,1,solar,0.8119469526921124
66,12,2030,1,solar,0.9253629821240829
66,13,2030,1,solar,0.966950336913492
66,14,2030,1,solar,0.9422757634812581
66,15,2030,1,solar,0.8632744348969349
66,16,2030,1,solar,0.7430314196576951
66,17,2030,1,solar,0.5646334612127335
66,18,2030,1,solar,0.35318726404475603
66,19,2030,1,solar,0.11442280674611936
66,20,2030,1,solar,0.002406691158120984
66,21,2030,1,solar,0.0
66,22,2030,1,solar,0.0
66,23,2030,1,solar,0.0
66,24,2030,1,solar,0.0
66,1,2030,1,wind_offshore,0.09925553321415666
66,2,2030,1,wind_offshore,0.09211386750157291
66,3,2030,1,wind_offshore,0.10476402002596394
66,4,2030,1,wind_offshore,0.13180597527751572
66,5,2030,1,wind_offshore,0.1766603292337471
66,6,2030,1,wind_offshore,0.1957085869940135
66,7,2030,1,wind_offshore,0.24816364627954424
66,8,2030,1,wind_offshore,0.28240870587671757
66,9,2030,1,wind_offshore,0.2887559978963507
66,10,2030,1,wind_offshore,0.28466494719716107
66,11,2030,1,wind_offshore,0.240144706059901
66,12,2030,1,wind_offshore,0.1857379996738662
66,13,2030,1,wind_offshore,0.1439091590741402
66,14,2030,1,wind_offshore,0.1166017616811159
66,15,2030,1,wind_offshore,0.11473461222429035
66,16,2030,1,wind_offshore,0.12647324242168978
66,17,2030,1,wind_offshore,0.15087349626209717
66,18,2030,1,wind_offshore,0.19464490667470877
66,19,2030,1,wind_offshore,0.22031145798193807
66,20,2030,1,wind_offshore,0.23413827301796414
66,21,2030,1,wind_offshore,0.2563044698617793
66,22,2030,1,wind_offshore,0.2939328664985771
66,23,2030,1,wind_offshore,0.19725483888721587
66,24,2030,1,wind_offshore,0.17217977296984172
66,1,2030,1,wind_onshore,0.2511548903499877
66,2,2030,1,wind_onshore,0.21176002553958853
66,3,2030,1,wind_onshore,0.19010421517262854
66,4,2030,1,wind_onshore,0.17338982745450907
66,5,2030,1,wind_onshore,0.1687877783907541
66,6,2030,1,wind_onshore,0.16669670203391934
66,7,2030,1,wind_onshore,0.1679591104351899
66,8,2030,1,wind_onshore,0.15665466592888969
66,9,2030,1,wind_onshore,0.15921781138083657
66,10,2030,1,wind_onshore,0.1617386760902535
66,11,2030,1,wind_onshore,0.13591764841111703
66,12,2030,1,wind_onshore,0.14182449946011894
66,13,2030,1,wind_onshore,0.15661259721664855
66,14,2030,1,wind_onshore,0.18033133891642586
66,15,2030,1,wind_onshore,0.21643079162458478
66,16,2030,1,wind_onshore,0.24719145972147094
66,17,2030,1,wind_onshore,0.2960310490091972
66,18,2030,1,wind_onshore,0.35700563734864244
66,19,2030,1,wind_onshore,0.42440500152526744
66,20,2030,1,wind_onshore,0.474656776997147
66,21,2030,1,wind_onshore,0.5259937234378546
66,22,2030,1,wind_onshore,0.5056898222765973
66,23,2030,1,wind_onshore,0.4065032080805512
66,24,2030,1,wind_onshore,0.3728446856807331
67,1,2030,1,demand,0.5098369323494081
67,2,2030,1,demand,0.4954429082735656
67,3,2030,1,demand,0.47627219015059097
67,4,2030,1,demand,0.46290456091997
67,5,2030,1,demand,0.4695411677768241
67,6,2030,1,demand,0.49608352800032735
67,7,2030,1,demand,0.5437160603011898
67,8,2030,1,demand,0.5875519879313079
67,9,2030,1,demand,0.6332310494881899
67,10,2030,1,demand,0.656296824918668
67,11,2030,1,demand,0.6612659003636296
67,12,2030,1,demand,0.6603300697050425
67,13,2030,1,demand,0.6391801669578846
67,14,2030,1,demand,0.6340712782229307
67,15,2030,1,demand,0.624881436055259
67,16,2030,1,demand,0.6104793071426404
67,17,2030,1,demand,0.6090967772814888
67,18,2030,1,demand,0.6251002697632804
67,19,2030,1,demand,0.6454113711194326
67,20,2030,1,demand,0.6705014875540384
67,21,2030,1,demand,0.664668849591002
67,22,2030,1,demand,0.6249882890300782
67,23,2030,1,demand,0.5700629555261223
67,24,2030,1,demand,0.5579851691647737
67,1,2030,1,solar,0.0
67,2,2030,1,solar,0.0
67,3,2030,1,solar,0.0
67,4,2030,1,solar,0.0
67,5,2030,1,solar,0.0
67,6,2030,1,solar,0.0
67,7,2030,1,solar,0.0
67,8,2030,1,solar,0.0
67,9,2030,1,solar,0.07103037024620461
67,10,2030,1,solar,0.22159620720951062
67,11,2030,1,solar,0.361463242699284
67,12,2030,1,solar,0.4503119624085677
67,13,2030,1,solar,0.4867350863497139
67,14,2030,1,solar,0.4703121713608414
67,15,2030,1,solar,0.4058750803725195
67,16,2030,1,solar,0.2936595087769155
67,17,2030,1,solar,0.14682467437687605
67,18,2030,1,solar,0.022053225120246798
67,19,2030,1,solar,0.0
67,20,2030,1,solar,0.0
67,21,2030,1,solar,0.0
67,22,2030,1,solar,0.0
67,23,2030,1,solar,0.0
67,24,2030,1,solar,0.0
67,1,2030,1,wind_offshore,1.201071912253413
67,2,2030,1,wind_offshore,1.1737025654659015
67,3,2030,1,wind_offshore,1.1711563492719053
67,4,2030,1,wind_offshore,1.180160841885674
67,5,2030,1,wind_offshore,1.2089657322835876
67,6,2030,1,wind_offshore,1.2496764472688835
67,7,2030,1,wind_offshore,1.2250824759590584
67,8,2030,1,wind_offshore,1.2069964905420711
67,9,2030,1,wind_offshore,0.9555204607492478
67,10,2030,1,wind_offshore,0.38645416549138684
67,11,2030,1,wind_offshore,0.07695406811565988
67,12,2030,1,wind_offshore,0.03727338523452635
67,13,2030,1,wind_offshore,0.12088994178801409
67,14,2030,1,wind_offshore,0.29472428527191813
67,15,2030,1,wind_offshore,0.45675787450971694
67,16,2030,1,wind_offshore,0.5140506185472654
67,17,2030,1,wind_offshore,0.6454023935835803
67,18,2030,1,wind_offshore,0.5426361102651414
67,19,2030,1,wind_offshore,0.3250622623178961
67,20,2030,1,wind_offshore,0.1828240703560828
67,21,2030,1,wind_offshore,0.11366225343963038
67,22,2030,1,wind_offshore,0.036302013149204865
67,23,2030,1,wind_offshore,0.0008436919263622195
67,24,2030,1,wind_offshore,0.0
67,1,2030,1,wind_onshore,0.8733534681402699
67,2,2030,1,wind_onshore,0.8650071899131879
67,3,2030,1,wind_onshore,0.841770254740038
67,4,2030,1,wind_onshore,0.8383036318248824
67,5,2030,1,wind_onshore,0.8566745460571972
67,6,2030,1,wind_onshore,0.8673392747027117
67,7,2030,1,wind_onshore,0.8811168258631162
67,8,2030,1,wind_onshore,0.8940740174096294
67,9,2030,1,wind_onshore,0.9118502055724901
67,10,2030,1,wind_onshore,0.9130245558869985
67,11,2030,1,wind_onshore,0.9002357086635816
67,12,2030,1,wind_onshore,0.9152987621660991
67,13,2030,1,wind_onshore,0.936167171671042
67,14,2030,1,wind_onshore,0.9393462890054435
67,15,2030,1,wind_onshore,0.9317964823959346
67,16,2030,1,wind_onshore,0.8980388076446552
67,17,2030,1,wind_onshore,0.8785805840645264
67,18,2030,1,wind_onshore,0.8376157722632731
67,19,2030,1,wind_onshore,0.8199041341947448
67,20,2030,1,wind_onshore,0.7823813881197308
67,21,2030,1,wind_onshore,0.7415971704610872
67,22,2030,1,wind_onshore,0.7071245277778706
67,23,2030,1,wind_onshore,0.6577471864165193
67,24,2030,1,wind_onshore,0.6210891167241699
68,1,2030,1,demand,0.5139782402979656
68,2,2030,1,demand,0.502169239529967
68,3,2030,1,demand,0.4886713162859299
68,4,2030,1,demand,0.47944954159332853
68,5,2030,1,demand,0.4872797502124647
68,6,2030,1,demand,0.514440001296361
68,7,2030,1,demand,0.5664822612937991
68,8,2030,1,demand,0.6127447863982589
68,9,2030,1,demand,0.6426400358803955
68,10,2030,1,demand,0.6608966485342809
68,11,2030,1,demand,0.6806548135497906
68,12,2030,1,demand,0.6720843196898988
68,13,2030,1,demand,0.6621118897634545
68,14,2030,1,demand,0.6344628667726082
68,15,2030,1,demand,0.6261417647566847
68,16,2030,1,demand,0.6192998652203168
68,17,2030,1,demand,0.6185906184437827
68,18,2030,1,demand,0.6343140892787903
68,19,2030,1,demand,0.6599282764311116
68,20,2030,1,demand,0.6815718587312474
68,21,2030,1,demand,0.667199489640184
68,22,2030,1,demand,0.6199450013409026
68,23,2030,1,demand,0.5659314158503903
68,24,2030,1,demand,0.5507553702153306
68,1,2030,1,solar,0.0
68,2,2030,1,solar,0.0
68,3,2030,1,solar,0.0
68,4,2030,1,solar,0.0
68,5,2030,1,solar,0.0
68,6,2030,1,solar,0.0
68,7,2030,1,solar,0.0
68,8,2030,1,solar,0.0
68,9,2030,1,solar,0.03740865213852337
68,10,2030,1,solar,0.12146590920778019
68,11,2030,1,solar,0.20097267943441915
68,12,2030,1,solar,0.26703786822541514
68,13,2030,1,solar,0.29351633170809727
68,14,2030,1,solar,0.2783709457748734
68,15,2030,1,solar,0.25822179823215397
68,16,2030,1,solar,0.2155262089212887
68,17,2030,1,solar,0.1389748597821576
68,18,2030,1,solar,0.04069824696779388
68,19,2030,1,solar,0.0
68,20,2030,1,solar,0.0
68,21,2030,1,solar,0.0
68,22,2030,1,solar,0.0
68,23,2030,1,solar,0.0
68,24,2030,1,solar,0.0
68,1,2030,1,wind_offshore,1.1578229706346466
68,2,2030,1,wind_offshore,0.987987229107655
68,3,2030,1,wind_offshore,0.6143537706310823
68,4,2030,1,wind_offshore,0.2689882255216248
68,5,2030,1,wind_offshore,0.12271213795347886
68,6,2030,1,wind_offshore,0.07370508429990104
68,7,2030,1,wind_offshore,0.12788591547207892
68,8,2030,1,wind_offshore,0.16104968290724248
68,9,2030,1,wind_offshore,0.08295201228248779
68,10,2030,1,wind_offshore,0.015330610152199263
68,11,2030,1,wind_offshore,0.007016312614337201
68,12,2030,1,wind_offshore,0.00015858202920766455
68,13,2030,1,wind_offshore,0.0
68,14,2030,1,wind_offshore,0.0
68,15,2030,1,wind_offshore,0.0
68,16,2030,1,wind_offshore,0.0011434777508301554
68,17,2030,1,wind_offshore,0.00034054293860259126
68,18,2030,1,wind_offshore,0.005459745475051779
68,19,2030,1,wind_offshore,0.016002745510620173
68,20,2030,1,wind_offshore,0.03646956772493413
68,21,2030,1,wind_offshore,0.04241691501494026
68,22,2030,1,wind_offshore,0.09520424754646035
68,23,2030,1,wind_offshore,0.2277075420525973
68,24,2030,1,wind_offshore,0.3107731024034524
68,1,2030,1,wind_onshore,0.808757763218306
68,2,2030,1,wind_onshore,0.7992261194056587
68,3,2030,1,wind_onshore,0.7733444653226023
68,4,2030,1,wind_onshore,0.7358334142381806
68,5,2030,1,wind_onshore,0.7041807724787257
68,6,2030,1,wind_onshore,0.6568997606413668
68,7,2030,1,wind_onshore,0.5830506374600702
68,8,2030,1,wind_onshore,0.5291171503156407
68,9,2030,1,wind_onshore,0.4956676899678633
68,10,2030,1,wind_onshore,0.49258443828001586
68,11,2030,1,wind_onshore,0.4714045033374393
68,12,2030,1,wind_onshore,0.5099911285540516
68,13,2030,1,wind_onshore,0.5394224375240606
68,14,2030,1,wind_onshore,0.4987147239654722
68,15,2030,1,wind_onshore,0.46757023438420603
68,16,2030,1,wind_onshore,0.43884630130333924
68,17,2030,1,wind_onshore,0.41374851384654293
68,18,2030,1,wind_onshore,0.37300524289121884
68,19,2030,1,wind_onshore,0.35597884541947084
68,20,2030,1,wind_onshore,0.350172581070846
68,21,2030,1,wind_onshore,0.3286924607604759
68,22,2030,1,wind_onshore,0.29600213112178897
68,23,2030,1,wind_onshore,0.27684859372486803
68,24,2030,1,wind_onshore,0.26515146447901033
69,1,2030,1,demand,0.5363097820151568
69,2,2030,1,demand,0.5203164110287588
69,3,2030,1,demand,0.5165915718027844
69,4,2030,1,demand,0.507629834795401
69,5,2030,1,demand,0.5150581939019951
69,6,2030,1,demand,0.5176357185424802
69,7,2030,1,demand,0.5460349238251312
69,8,2030,1,demand,0.5885454262717383
69,9,2030,1,demand,0.6354192374562676
69,10,2030,1,demand,0.6774911019827905
69,11,2030,1,demand,0.7085308536146179
69,12,2030,1,demand,0.7317921875648266
69,13,2030,1,demand,0.7349055609716685
69,14,2030,1,demand,0.7323418435577419
69,15,2030,1,demand,0.7310998460811061
69,16,2030,1,demand,0.7287332118387742
69,17,2030,1,demand,0.7280451040643688
69,18,2030,1,demand,0.7116743453567629
69,19,2030,1,demand,0.7048086555116558
69,20,2030,1,demand,0.6930255822038748
69,21,2030,1,demand,0.6869107273898075
69,22,2030,1,demand,0.6428264017839357
69,23,2030,1,demand,0.602878353440591
69,24,2030,1,demand,0.5907748902621541
69,1,2030,1,solar,0.0
69,2,2030,1,solar,0.0
69,3,2030,1,solar,0.0
69,4,2030,1,solar,0.0
69,5,2030,1,solar,0.0
69,6,2030,1,solar,0.0003295641327490498
69,7,2030,1,solar,0.041486314837374076
69,8,2030,1,solar,0.23016522377620832
69,9,2030,1,solar,0.470789231385605
69,10,2030,1,solar,0.6647571420931478
69,11,2030,1,solar,0.8053236862614537
69,12,2030,1,solar,0.8625729411112598
69,13,2030,1,solar,0.9022588650880805
69,14,2030,1,solar,0.883762899573692
69,15,2030,1,solar,0.7945937799142193
69,16,2030,1,solar,0.6715498393982389
69,17,2030,1,solar,0.5285095722728711
69,18,2030,1,solar,0.3469313165933582
69,19,2030,1,solar,0.1455784714078475
69,20,2030,1,solar,0.0076257672175126905
69,21,2030,1,solar,0.0
69,22,2030,1,solar,0.0
69,23,2030,1,solar,0.0
69,24,2030,1,solar,0.0
69,1,2030,1,wind_offshore,0.8814966646379442
69,2,2030,1,wind_offshore,1.0916888229982336
69,3,2030,1,wind_offshore,1.133315274824904
69,4,2030,1,wind_offshore,1.1534773550956428
69,5,2030,1,wind_offshore,1.1776182119651106
69,6,2030,1,wind_offshore,1.18056714845104
69,7,2030,1,wind_offshore,1.152056927721167
69,8,2030,1,wind_offshore,1.044579586131854
69,9,2030,1,wind_offshore,0.8199260494841593
69,10,2030,1,wind_offshore,0.5770240552412516
69,11,2030,1,wind_offshore,0.4643756448561424
69,12,2030,1,wind_offshore,0.3046833903507418
69,13,2030,1,wind_offshore,0.15212982431910793
69,14,2030,1,wind_offshore,0.06453210631532257
69,15,2030,1,wind_offshore,0.05130839390017132
69,16,2030,1,wind_offshore,0.05699598829787128
69,17,2030,1,wind_offshore,0.06417344584198087
69,18,2030,1,wind_offshore,0.06652549590750693
69,19,2030,1,wind_offshore,0.06350767608190223
69,20,2030,1,wind_offshore,0.060307780963766024
69,21,2030,1,wind_offshore,0.05629608770263807
69,22,2030,1,wind_offshore,0.05535032684202401
69,23,2030,1,wind_offshore,0.12782112867825157
69,24,2030,1,wind_offshore,0.1518799828475113
69,1,2030,1,wind_onshore,0.14522486334170276
69,2,2030,1,wind_onshore,0.16192854160883347
69,3,2030,1,wind_onshore,0.17638927686130818
69,4,2030,1,wind_onshore,0.19537493895457472
69,5,2030,1,wind_onshore,0.20930208329795988
69,6,2030,1,wind_onshore,0.21720554312393103
69,7,2030,1,wind_onshore,0.22473046214861508
69,8,2030,1,wind_onshore,0.22008590764321131
69,9,2030,1,wind_onshore,0.2528609669803166
69,10,2030,1,wind_onshore,0.2616486756605825
69,11,2030,1,wind_onshore,0.2203367640917348
69,12,2030,1,wind_onshore,0.23126038520353023
69,13,2030,1,wind_onshore,0.24280176111928548
69,14,2030,1,wind_onshore,0.25832377000474505
69,15,2030,1,wind_onshore,0.2754312106733213
69,16,2030,1,wind_onshore,0.27984738063031994
69,17,2030,1,wind_onshore,0.2694417374018707
69,18,2030,1,wind_onshore,0.2473890154214782
69,19,2030,1,wind_onshore,0.20124670022288538
69,20,2030,1,wind_onshore,0.16893376129814938
69,21,2030,1,wind_onshore,0.16127700373220222
69,22,2030,1,wind_onshore,0.13042858877760383
69,23,2030,1,wind_onshore,0.09256197239897708
69,24,2030,1,wind_onshore,0.0756829102960259
70,1,2030,1,demand,0.5408749266208434
70,2,2030,1,demand,0.5322461787317976
70,3,2030,1,demand,0.5174184087893843
70,4,2030,1,demand,0.5093096289188113
70,5,2030,1,demand,0.5179131307640723
70,6,2030,1,demand,0.5491599824946292
70,7,2030,1,demand,0.5945543041601529
70,8,2030,1,demand,0.6472839349849354
70,9,2030,1,demand,0.7037797300449649
70,10,2030,1,demand,0.7412655043693115
70,11,2030,1,demand,0.7439795152195351
70,12,2030,1,demand,0.7417501853037606
70,13,2030,1,demand,0.7394682227926032
70,14,2030,1,demand,0.732825312166317
70,15,2030,1,demand,0.7118728701138602
70,16,2030,1,demand,0.7105690118812918
70,17,2030,1,demand,0.7061233458776407
70,18,2030,1,demand,0.7299307919808783
70,19,2030,1,demand,0.7655578931497682
70,20,2030,1,demand,0.7901742647407196
70,21,2030,1,demand,0.78340754274945
70,22,2030,1,demand,0.7352829251861589
70,23,2030,1,demand,0.662059895346202
70,24,2030,1,demand,0.6150855162279155
70,1,2030,1,solar,0.0
70,2,2030,1,solar,0.0
70,3,2030,1,solar,0.0
70,4,2030,1,solar,0.0
70,5,2030,1,solar,0.0
70,6,2030,1,solar,0.0
70,7,2030,1,solar,0.0
70,8,2030,1,solar,0.0
70,9,2030,1,solar,0.13141904814883731
70,10,2030,1,solar,0.35945330189687924
70,11,2030,1,solar,0.5441549754777334
70,12,2030,1,solar,0.6513914896345104
70,13,2030,1,solar,0.6787480723267989
70,14,2030,1,solar,0.6404210535858238
70,15,2030,1,solar,0.5281393419533293
70,16,2030,1,solar,0.3526673533911624
70,17,2030,1,solar,0.15106090963211394
70,18,2030,1,solar,0.0
70,19,2030,1,solar,0.0
70,20,2030,1,solar,0.0
70,21,2030,1,solar,0.0
70,22,2030,1,solar,0.0
70,23,2030,1,solar,0.0
70,24,2030,1,solar,0.0
70,1,2030,1,wind_offshore,1.2362820119538886
70,2,2030,1,wind_offshore,1.2458120274092745
70,3,2030,1,wind_offshore,1.24626627547295
70,4,2030,1,wind_offshore,1.2308392560079666
70,5,2030,1,wind_offshore,1.224456048050796
70,6,2030,1,wind_offshore,1.2278009891708004
70,7,2030,1,wind_offshore,1.2180790067366052
70,8,2030,1,wind_offshore,1.2241895762760266
70,9,2030,1,wind_offshore,1.228673798247414
70,10,2030,1,wind_offshore,1.22197175855131
70,11,2030,1,wind_offshore,1.2175812736363574
70,12,2030,1,wind_offshore,1.212813636903239
70,13,2030,1,wind_offshore,1.2124691734170963
70,14,2030,1,wind_offshore,1.1962622664881264
70,15,2030,1,wind_offshore,1.2304155475106027
70,16,2030,1,wind_offshore,1.2416039363519793
70,17,2030,1,wind_offshore,1.252344250563416
70,18,2030,1,wind_offshore,1.2538142851669227
70,19,2030,1,wind_offshore,1.23883596723967
70,20,2030,1,wind_offshore,1.2253762322868587
70,21,2030,1,wind_offshore,1.227613948229176
70,22,2030,1,wind_offshore,1.237041731705128
70,23,2030,1,wind_offshore,1.1971887943578996
70,24,2030,1,wind_offshore,1.198140516737965
70,1,2030,1,wind_onshore,0.6167245615003387
70,2,2030,1,wind_onshore,0.6083472305016506
70,3,2030,1,wind_onshore,0.597698716498044
70,4,2030,1,wind_onshore,0.5930128223629508
70,5,2030,1,wind_onshore,0.5767259095584075
70,6,2030,1,wind_onshore,0.577190840903786
70,7,2030,1,wind_onshore,0.5717173532538344
70,8,2030,1,wind_onshore,0.5571282543029802
70,9,2030,1,wind_onshore,0.5314785974641697
70,10,2030,1,wind_onshore,0.5084903896037414
70,11,2030,1,wind_onshore,0.4655864629717164
70,12,2030,1,wind_onshore,0.4801700925082399
70,13,2030,1,wind_onshore,0.4944589062944732
70,14,2030,1,wind_onshore,0.50145887521648
70,15,2030,1,wind_onshore,0.48590111862934965
70,16,2030,1,wind_onshore,0.47602325256016265
70,17,2030,1,wind_onshore,0.4363114097356616
70,18,2030,1,wind_onshore,0.48328409936404654
70,19,2030,1,wind_onshore,0.5079898135817562
70,20,2030,1,wind_onshore,0.518185712058562
70,21,2030,1,wind_onshore,0.4997850128984398
70,22,2030,1,wind_onshore,0.47751446519411467
70,23,2030,1,wind_onshore,0.3967722181106577
70,24,2030,1,wind_onshore,0.4118109560059025
71,1,2030,1,demand,0.4521580210256617
71,2,2030,1,demand,0.4363758152680033
71,3,2030,1,demand,0.42668073910184956
71,4,2030,1,demand,0.4138648046342423
71,5,2030,1,demand,0.4006308166532104
71,6,2030,1,demand,0.3942872658718438
71,7,2030,1,demand,0.4050986059997239
71,8,2030,1,demand,0.42722176165071146
71,9,2030,1,demand,0.4514849696936759
71,10,2030,1,demand,0.4647239652818578
71,11,2030,1,demand,0.4795937190451987
71,12,2030,1,demand,0.4847526859936636
71,13,2030,1,demand,0.48040564575583833
71,14,2030,1,demand,0.4763756906439149
71,15,2030,1,demand,0.47177469765909597
71,16,2030,1,demand,0.4666004829002035
71,17,2030,1,demand,0.469470048453473
71,18,2030,1,demand,0.4876540225043933
71,19,2030,1,demand,0.511506286188331
71,20,2030,1,demand,0.5359169300766575
71,21,2030,1,demand,0.5499399943761759
71,22,2030,1,demand,0.5328686675776971
71,23,2030,1,demand,0.5089643878824689
71,24,2030,1,demand,0.49759075511481426
71,1,2030,1,solar,0.0
71,2,2030,1,solar,0.0
71,3,2030,1,solar,0.0
71,4,2030,1,solar,0.0
71,5,2030,1,solar,0.0
71,6,2030,1,solar,0.0
71,7,2030,1,solar,0.0
71,8,2030,1,solar,0.01996353773782844
71,9,2030,1,solar,0.25061358225273656
71,10,2030,1,solar,0.4994126442194119
71,11,2030,1,solar,0.675507053074864
71,12,2030,1,solar,0.7741692563213745
71,13,2030,1,solar,0.8121515839096787
71,14,2030,1,solar,0.7748142168664687
71,15,2030,1,solar,0.6621001295971033
71,16,2030,1,solar,0.47501119710993894
71,17,2030,1,solar,0.23395089105728822
71,18,2030,1,solar,0.007389748822313186
71,19,2030,1,solar,0.0
71,20,2030,1,solar,0.0
71,21,2030,1,solar,0.0
71,22,2030,1,solar,0.0
71,23,2030,1,solar,0.0
71,24,2030,1,solar,0.0
71,1,2030,1,wind_offshore,0.03286973082373992
71,2,2030,1,wind_offshore,0.04755418415172991
71,3,2030,1,wind_offshore,0.055875803961487884
71,4,2030,1,wind_offshore,0.059032475535906896
71,5,2030,1,wind_offshore,0.06964823375772806
71,6,2030,1,wind_offshore,0.10606710099426059
71,7,2030,1,wind_offshore,0.1478297137937141
71,8,2030,1,wind_offshore,0.18072198273032514
71,9,2030,1,wind_offshore,0.22695548808518629
71,10,2030,1,wind_offshore,0.3323595208445218
71,11,2030,1,wind_offshore,0.3761426083630583
71,12,2030,1,wind_offshore,0.47050407886901097
71,13,2030,1,wind_offshore,0.5444327659908224
71,14,2030,1,wind_offshore,0.6544635191276162
71,15,2030,1,wind_offshore,0.6824966632426984
71,16,2030,1,wind_offshore,0.8220804118813102
71,17,2030,1,wind_offshore,0.9687906927325368
71,18,2030,1,wind_offshore,1.088577113047851
71,19,2030,1,wind_offshore,1.195663127881131
71,20,2030,1,wind_offshore,1.2278979054689247
71,21,2030,1,wind_offshore,1.2243449602991385
71,22,2030,1,wind_offshore,1.1746926239466013
71,23,2030,1,wind_offshore,1.1179353028848118
71,24,2030,1,wind_offshore,1.102871811526865
71,1,2030,1,wind_onshore,0.42550557556218277
71,2,2030,1,wind_onshore,0.4189824150915735
71,3,2030,1,wind_onshore,0.4134709567477644
71,4,2030,1,wind_onshore,0.4110183841896352
71,5,2030,1,wind_onshore,0.4248103118046724
71,6,2030,1,wind_onshore,0.43816094567809394
71,7,2030,1,wind_onshore,0.44200201930638905
71,8,2030,1,wind_onshore,0.4498602090092595
71,9,2030,1,wind_onshore,0.4251918145258509
71,10,2030,1,wind_onshore,0.4269997184477668
71,11,2030,1,wind_onshore,0.45172511452743735
71,12,2030,1,wind_onshore,0.4781853833062763
71,13,2030,1,wind_onshore,0.4921951560258533
71,14,2030,1,wind_onshore,0.48599751536792624
71,15,2030,1,wind_onshore,0.4562381539799195
71,16,2030,1,wind_onshore,0.41750079875759344
71,17,2030,1,wind_onshore,0.3681395157014375
71,18,2030,1,wind_onshore,0.3597763122571464
71,19,2030,1,wind_onshore,0.3834223003014943
71,20,2030,1,wind_onshore,0.3802260761951376
71,21,2030,1,wind_onshore,0.3781136824886086
71,22,2030,1,wind_onshore,0.35407773750141575
71,23,2030,1,wind_onshore,0.2903784241388742
71,24,2030,1,wind_onshore,0.2560888846608354
72,1,2030,1,demand,0.45897329680505017
72,2,2030,1,demand,0.45068811504235523
72,3,2030,1,demand,0.44586755753614654
72,4,2030,1,demand,0.4327083955702782
72,5,2030,1,demand,0.42908614597925493
72,6,2030,1,demand,0.4239767895003175
72,7,2030,1,demand,0.43399014500314065
72,8,2030,1,demand,0.4567002186326588
72,9,2030,1,demand,0.4827856133734125
72,10,2030,1,demand,0.5044881199173715
72,11,2030,1,demand,0.5186363382886904
72,12,2030,1,demand,0.5234989705810105
72,13,2030,1,demand,0.5234497962040942
72,14,2030,1,demand,0.5147062059576376
72,15,2030,1,demand,0.5108722092353631
72,16,2030,1,demand,0.5096358967306455
72,17,2030,1,demand,0.513342926749698
72,18,2030,1,demand,0.5214755209288287
72,19,2030,1,demand,0.5350885394530792
72,20,2030,1,demand,0.5455848331127171
72,21,2030,1,demand,0.5429884251471132
72,22,2030,1,demand,0.5262508508908844
72,23,2030,1,demand,0.4911560720219415
72,24,2030,1,demand,0.48423790536183076
72,1,2030,1,solar,0.0
72,2,2030,1,solar,0.0
72,3,2030,1,solar,0.0
72,4,2030,1,solar,0.0
72,5,2030,1,solar,0.0
72,6,2030,1,solar,0.0
72,7,2030,1,solar,0.0
72,8,2030,1,solar,0.08533090804274236
72,9,2030,1,solar,0.31533566189856943
72,10,2030,1,solar,0.5606358080100317
72,11,2030,1,solar,0.7035748161021083
72,12,2030,1,solar,0.8017447739379633
72,13,2030,1,solar,0.7949529729647575
72,14,2030,1,solar,0.7308662345000361
72,15,2030,1,solar,0.6023936076690715
72,16,2030,1,solar,0.4237706603939489
72,17,2030,1,solar,0.24532527028228215
72,18,2030,1,solar,0.0737963621343087
72,19,2030,1,solar,0.0
72,20,2030,1,solar,0.0
72,21,2030,1,solar,0.0
72,22,2030,1,solar,0.0
72,23,2030,1,solar,0.0
72,24,2030,1,solar,0.0
72,1,2030,1,wind_offshore,0.0
72,2,2030,1,wind_offshore,0.0
72,3,2030,1,wind_offshore,0.0
72,4,2030,1,wind_offshore,4.798562426324191e-5
72,5,2030,1,wind_offshore,0.0007470728387999961
72,6,2030,1,wind_offshore,0.003274316969719925
72,7,2030,1,wind_offshore,0.010413661301321505
72,8,2030,1,wind_offshore,0.015732264400717087
72,9,2030,1,wind_offshore,0.015977471734090167
72,10,2030,1,wind_offshore,0.010820466158284678
72,11,2030,1,wind_offshore,0.00674746286389571
72,12,2030,1,wind_offshore,0.00016436642103724445
72,13,2030,1,wind_offshore,0.0
72,14,2030,1,wind_offshore,7.454543730284172e-5
72,15,2030,1,wind_offshore,0.0022716584253126525
72,16,2030,1,wind_offshore,0.001505085350114173
72,17,2030,1,wind_offshore,0.0009605822582746641
72,18,2030,1,wind_offshore,0.017124590977462044
72,19,2030,1,wind_offshore,0.028390674796157735
72,20,2030,1,wind_offshore,0.019570957069446206
72,21,2030,1,wind_offshore,0.008241190948907127
72,22,2030,1,wind_offshore,0.0055438845004524085
72,23,2030,1,wind_offshore,0.003219020121577773
72,24,2030,1,wind_offshore,0.003964420787193793
72,1,2030,1,wind_onshore,0.1771867935093188
72,2,2030,1,wind_onshore,0.16795607391460962
72,3,2030,1,wind_onshore,0.15671742246752582
72,4,2030,1,wind_onshore,0.14533043619689132
72,5,2030,1,wind_onshore,0.14045572901887463
72,6,2030,1,wind_onshore,0.13267831309415445
72,7,2030,1,wind_onshore,0.12681379292293704
72,8,2030,1,wind_onshore,0.11921103389237925
72,9,2030,1,wind_onshore,0.10364469123902016
72,10,2030,1,wind_onshore,0.10273856350294908
72,11,2030,1,wind_onshore,0.10982842012453449
72,12,2030,1,wind_onshore,0.12441994509633135
72,13,2030,1,wind_onshore,0.1312780266704415
72,14,2030,1,wind_onshore,0.13424816901089454
72,15,2030,1,wind_onshore,0.14444524994747043
72,16,2030,1,wind_onshore,0.15292917556375282
72,17,2030,1,wind_onshore,0.16720959727531554
72,18,2030,1,wind_onshore,0.1779140648621943
72,19,2030,1,wind_onshore,0.19825257930229798
72,20,2030,1,wind_onshore,0.20504660047278295
72,21,2030,1,wind_onshore,0.20228393958581517
72,22,2030,1,wind_onshore,0.19169169917643936
72,23,2030,1,wind_onshore,0.16327365733893892
72,24,2030,1,wind_onshore,0.16566959476383486
73,1,2030,1,demand,0.6460491494322785
73,2,2030,1,demand,0.6374900803744236
73,3,2030,1,demand,0.6224029527651141
73,4,2030,1,demand,0.5991005087166686
73,5,2030,1,demand,0.6078825014951005
73,6,2030,1,demand,0.6327439583627213
73,7,2030,1,demand,0.6514122549976493
73,8,2030,1,demand,0.6881046356260642
73,9,2030,1,demand,0.757712307273472
73,10,2030,1,demand,0.8200660708475129
73,11,2030,1,demand,0.8706279320318155
73,12,2030,1,demand,0.909102361727667
73,13,2030,1,demand,0.9227756201170169
73,14,2030,1,demand,0.9153660747803822
73,15,2030,1,demand,0.9118540686632662
73,16,2030,1,demand,0.8914829450356682
73,17,2030,1,demand,0.8827711417437308
73,18,2030,1,demand,0.8835674391979657
73,19,2030,1,demand,0.875085251429369
73,20,2030,1,demand,0.8594028952211531
73,21,2030,1,demand,0.8559722765139702
73,22,2030,1,demand,0.8016686553125537
73,23,2030,1,demand,0.7411927253735796
73,24,2030,1,demand,0.7120942772580487
73,1,2030,1,solar,0.0
73,2,2030,1,solar,0.0
73,3,2030,1,solar,0.0
73,4,2030,1,solar,0.0
73,5,2030,1,solar,0.0
73,6,2030,1,solar,0.00018912530014013118
73,7,2030,1,solar,0.0304944234057414
73,8,2030,1,solar,0.23423382927873315
73,9,2030,1,solar,0.49573363240738755
73,10,2030,1,solar,0.7313926633164001
73,11,2030,1,solar,0.8700000390079737
73,12,2030,1,solar,0.959817662574384
73,13,2030,1,solar,1.0156269447039523
73,14,2030,1,solar,0.9980024485974807
73,15,2030,1,solar,0.9365737160554387
73,16,2030,1,solar,0.8072268816958892
73,17,2030,1,solar,0.6261620056852605
73,18,2030,1,solar,0.3938639078782343
73,19,2030,1,solar,0.14087948648018947
73,20,2030,1,solar,0.0027794751535447073
73,21,2030,1,solar,0.0
73,22,2030,1,solar,0.0
73,23,2030,1,solar,0.0
73,24,2030,1,solar,0.0
73,1,2030,1,wind_offshore,0.006926765764801903
73,2,2030,1,wind_offshore,0.008633924844887104
73,3,2030,1,wind_offshore,0.00927247603322674
73,4,2030,1,wind_offshore,0.010749457596229051
73,5,2030,1,wind_offshore,0.009235199165425166
73,6,2030,1,wind_offshore,0.009921866831190366
73,7,2030,1,wind_offshore,0.016116364979441182
73,8,2030,1,wind_offshore,0.032386287508545504
73,9,2030,1,wind_offshore,0.06294643443447612
73,10,2030,1,wind_offshore,0.11774520906322022
73,11,2030,1,wind_offshore,0.231198906768329
73,12,2030,1,wind_offshore,0.3412257012440068
73,13,2030,1,wind_offshore,0.43756655212737455
73,14,2030,1,wind_offshore,0.5371489403144345
73,15,2030,1,wind_offshore,0.6545351636807784
73,16,2030,1,wind_offshore,0.759740603510933
73,17,2030,1,wind_offshore,0.849633740796147
73,18,2030,1,wind_offshore,0.9649400818499144
73,19,2030,1,wind_offshore,1.065939452046562
73,20,2030,1,wind_offshore,1.119878228022098
73,21,2030,1,wind_offshore,1.1589557908953578
73,22,2030,1,wind_offshore,1.162275852052142
73,23,2030,1,wind_offshore,1.197218848122236
73,24,2030,1,wind_offshore,1.2003747925869779
73,1,2030,1,wind_onshore,0.28401561393003405
73,2,2030,1,wind_onshore,0.2475449617826723
73,3,2030,1,wind_onshore,0.21657876856684224
73,4,2030,1,wind_onshore,0.1976395280300193
73,5,2030,1,wind_onshore,0.17841914017292174
73,6,2030,1,wind_onshore,0.16920739262233345
73,7,2030,1,wind_onshore,0.1602599033231156
73,8,2030,1,wind_onshore,0.1336775233511034
73,9,2030,1,wind_onshore,0.11589345243398055
73,10,2030,1,wind_onshore,0.1319161893735644
73,11,2030,1,wind_onshore,0.1469294764697562
73,12,2030,1,wind_onshore,0.16044029852662026
73,13,2030,1,wind_onshore,0.17478276011049193
73,14,2030,1,wind_onshore,0.18990821322747237
73,15,2030,1,wind_onshore,0.21473468477744465
73,16,2030,1,wind_onshore,0.23942358576505474
73,17,2030,1,wind_onshore,0.27024406134072737
73,18,2030,1,wind_onshore,0.3050795081097736
73,19,2030,1,wind_onshore,0.352319819341696
73,20,2030,1,wind_onshore,0.40238788594963093
73,21,2030,1,wind_onshore,0.43656104408666757
73,22,2030,1,wind_onshore,0.41627047649604454
73,23,2030,1,wind_onshore,0.39308670943941587
73,24,2030,1,wind_onshore,0.3613961353687774
74,1,2030,1,demand,0.5156740554174684
74,2,2030,1,demand,0.5130163826771904
74,3,2030,1,demand,0.500293234880175
74,4,2030,1,demand,0.4954004650361873
74,5,2030,1,demand,0.4987373945881422
74,6,2030,1,demand,0.5208539492158949
74,7,2030,1,demand,0.5593260114990547
74,8,2030,1,demand,0.6061038771530648
74,9,2030,1,demand,0.6402263091495999
74,10,2030,1,demand,0.6728837421552201
74,11,2030,1,demand,0.6710097959106281
74,12,2030,1,demand,0.6615789512644172
74,13,2030,1,demand,0.6467330027913961
74,14,2030,1,demand,0.6177314292064141
74,15,2030,1,demand,0.6240039055309203
74,16,2030,1,demand,0.6074797268805847
74,17,2030,1,demand,0.6018415204252131
74,18,2030,1,demand,0.6046217740109494
74,19,2030,1,demand,0.6336592270104436
74,20,2030,1,demand,0.6553614105908385
74,21,2030,1,demand,0.6524187014765999
74,22,2030,1,demand,0.6143649302476322
74,23,2030,1,demand,0.5600346278997499
74,24,2030,1,demand,0.5498313385619503
74,1,2030,1,solar,0.0
74,2,2030,1,solar,0.0
74,3,2030,1,solar,0.0
74,4,2030,1,solar,0.0
74,5,2030,1,solar,0.0
74,6,2030,1,solar,0.0
74,7,2030,1,solar,0.0
74,8,2030,1,solar,0.0
74,9,2030,1,solar,0.22181011977096662
74,10,2030,1,solar,0.5251615163128108
74,11,2030,1,solar,0.7503492671863394
74,12,2030,1,solar,0.9036459653908704
74,13,2030,1,solar,0.9803321365412014
74,14,2030,1,solar,0.9995308223642593
74,15,2030,1,solar,0.90104947975628
74,16,2030,1,solar,0.7301191716207243
74,17,2030,1,solar,0.4832905299156634
74,18,2030,1,solar,0.1921799361830602
74,19,2030,1,solar,0.0
74,20,2030,1,solar,0.0
74,21,2030,1,solar,0.0
74,22,2030,1,solar,0.0
74,23,2030,1,solar,0.0
74,24,2030,1,solar,0.0
74,1,2030,1,wind_offshore,1.2029951777997854
74,2,2030,1,wind_offshore,1.1927677084587565
74,3,2030,1,wind_offshore,1.1874394024092412
74,4,2030,1,wind_offshore,1.1997954932014852
74,5,2030,1,wind_offshore,1.20831114546411
74,6,2030,1,wind_offshore,1.207395709816351
74,7,2030,1,wind_offshore,1.1941166553231053
74,8,2030,1,wind_offshore,1.205023916580869
74,9,2030,1,wind_offshore,1.2296164239050942
74,10,2030,1,wind_offshore,1.249305906630049
74,11,2030,1,wind_offshore,1.2555317057639572
74,12,2030,1,wind_offshore,1.2433177620803166
74,13,2030,1,wind_offshore,1.241695332700201
74,14,2030,1,wind_offshore,1.2311305177737655
74,15,2030,1,wind_offshore,1.2271999566605705
74,16,2030,1,wind_offshore,1.216207469773878
74,17,2030,1,wind_offshore,1.2017614285655365
74,18,2030,1,wind_offshore,1.218174629829754
74,19,2030,1,wind_offshore,1.2053277324349616
74,20,2030,1,wind_offshore,1.2243408352099643
74,21,2030,1,wind_offshore,1.2304434426199207
74,22,2030,1,wind_offshore,1.2328694971349727
74,23,2030,1,wind_offshore,1.0479445056070673
74,24,2030,1,wind_offshore,0.7979048426415263
74,1,2030,1,wind_onshore,0.1460011093135254
74,2,2030,1,wind_onshore,0.15745782923423332
74,3,2030,1,wind_onshore,0.17152451830005935
74,4,2030,1,wind_onshore,0.18423873317292186
74,5,2030,1,wind_onshore,0.19619969936150303
74,6,2030,1,wind_onshore,0.20851425915205493
74,7,2030,1,wind_onshore,0.2182420558454034
74,8,2030,1,wind_onshore,0.23419825209257455
74,9,2030,1,wind_onshore,0.24363242797566828
74,10,2030,1,wind_onshore,0.22927691029515926
74,11,2030,1,wind_onshore,0.17945405925177785
74,12,2030,1,wind_onshore,0.2147819331419421
74,13,2030,1,wind_onshore,0.29395941577510176
74,14,2030,1,wind_onshore,0.3613848222790137
74,15,2030,1,wind_onshore,0.4135261023409237
74,16,2030,1,wind_onshore,0.4414205513845782
74,17,2030,1,wind_onshore,0.4452261463480149
74,18,2030,1,wind_onshore,0.43363348719466005
74,19,2030,1,wind_onshore,0.4562381786566478
74,20,2030,1,wind_onshore,0.4547644801564308
74,21,2030,1,wind_onshore,0.4690037685154452
74,22,2030,1,wind_onshore,0.47075284957951835
74,23,2030,1,wind_onshore,0.41353236129708265
74,24,2030,1,wind_onshore,0.38155322505198225
75,1,2030,1,demand,0.5285279836796888
75,2,2030,1,demand,0.5060304333369787
75,3,2030,1,demand,0.48382936690767586
75,4,2030,1,demand,0.46519150800944453
75,5,2030,1,demand,0.46224995753898185
75,6,2030,1,demand,0.4869942638491116
75,7,2030,1,demand,0.5211465329273287
75,8,2030,1,demand,0.5644392910466369
75,9,2030,1,demand,0.5920344410636692
75,10,2030,1,demand,0.6134085734480451
75,11,2030,1,demand,0.6406057464525868
75,12,2030,1,demand,0.6383631821955776
75,13,2030,1,demand,0.6280624809703548
75,14,2030,1,demand,0.6145202752790555
75,15,2030,1,demand,0.5951101083981606
75,16,2030,1,demand,0.5862646873409745
75,17,2030,1,demand,0.585855331237451
75,18,2030,1,demand,0.6093915390068037
75,19,2030,1,demand,0.6407286580506117
75,20,2030,1,demand,0.6644936418673776
75,21,2030,1,demand,0.6589116365800904
75,22,2030,1,demand,0.641634033107186
75,23,2030,1,demand,0.5847609537377932
75,24,2030,1,demand,0.5637873389362442
75,1,2030,1,solar,0.0
75,2,2030,1,solar,0.0
75,3,2030,1,solar,0.0
75,4,2030,1,solar,0.0
75,5,2030,1,solar,0.0
75,6,2030,1,solar,0.0
75,7,2030,1,solar,0.0
75,8,2030,1,solar,0.002162372249219315
75,9,2030,1,solar,0.20466544456168392
75,10,2030,1,solar,0.4744629761980583
75,11,2030,1,solar,0.6727380097757021
75,12,2030,1,solar,0.7851206838491004
75,13,2030,1,solar,0.8678671754110345
75,14,2030,1,solar,0.8848039238406238
75,15,2030,1,solar,0.7809773085279691
75,16,2030,1,solar,0.5959714917684302
75,17,2030,1,solar,0.3717851611845079
75,18,2030,1,solar,0.14489992641054375
75,19,2030,1,solar,1.3581721097579729e-6
75,20,2030,1,solar,0.0
75,21,2030,1,solar,0.0
75,22,2030,1,solar,0.0
75,23,2030,1,solar,0.0
75,24,2030,1,solar,0.0
75,1,2030,1,wind_offshore,1.2318679479193968
75,2,2030,1,wind_offshore,1.234597733476005
75,3,2030,1,wind_offshore,1.2447035711552115
75,4,2030,1,wind_offshore,1.252156109453091
75,5,2030,1,wind_offshore,1.2122314820645828
75,6,2030,1,wind_offshore,1.2148321089168161
75,7,2030,1,wind_offshore,1.21659040103212
75,8,2030,1,wind_offshore,1.21270600276527
75,9,2030,1,wind_offshore,1.2209032687242207
75,10,2030,1,wind_offshore,1.228951550523223
75,11,2030,1,wind_offshore,1.253976674965866
75,12,2030,1,wind_offshore,1.2685462803724175
75,13,2030,1,wind_offshore,1.2681312394317532
75,14,2030,1,wind_offshore,1.2538429175833483
75,15,2030,1,wind_offshore,1.267800680368395
75,16,2030,1,wind_offshore,1.263239097825198
75,17,2030,1,wind_offshore,1.2530183624746905
75,18,2030,1,wind_offshore,1.2674688203526645
75,19,2030,1,wind_offshore,1.2613952109627888
75,20,2030,1,wind_offshore,1.2353499831248567
75,21,2030,1,wind_offshore,1.247252378195275
75,22,2030,1,wind_offshore,1.2525314135948478
75,23,2030,1,wind_offshore,1.2415907942826185
75,24,2030,1,wind_offshore,1.2139903548875801
75,1,2030,1,wind_onshore,1.1224180919471347
75,2,2030,1,wind_onshore,1.1107918341311527
75,3,2030,1,wind_onshore,1.1235600704992832
75,4,2030,1,wind_onshore,1.111731135391007
75,5,2030,1,wind_onshore,1.087043326388638
75,6,2030,1,wind_onshore,1.065751543895642
75,7,2030,1,wind_onshore,1.0552675352121852
75,8,2030,1,wind_onshore,1.0212599885295364
75,9,2030,1,wind_onshore,1.0071917370598262
75,10,2030,1,wind_onshore,1.0191571613406363
75,11,2030,1,wind_onshore,0.9807021030245563
75,12,2030,1,wind_onshore,0.9941786742067314
75,13,2030,1,wind_onshore,0.9827992287632721
75,14,2030,1,wind_onshore,1.0002376628098308
75,15,2030,1,wind_onshore,1.01299755974314
75,16,2030,1,wind_onshore,1.0336936898803761
75,17,2030,1,wind_onshore,1.0570343525369463
75,18,2030,1,wind_onshore,1.007935536021412
75,19,2030,1,wind_onshore,0.9599240794522909
75,20,2030,1,wind_onshore,0.9286096250215493
75,21,2030,1,wind_onshore,0.8861078737755245
75,22,2030,1,wind_onshore,0.841047651689924
75,23,2030,1,wind_onshore,0.7872177214880262
75,24,2030,1,wind_onshore,0.7623047884680259
76,1,2030,1,demand,0.7044318241117756
76,2,2030,1,demand,0.6656818539110902
76,3,2030,1,demand,0.6525312038521901
76,4,2030,1,demand,0.6471673017894477
76,5,2030,1,demand,0.668189364061757
76,6,2030,1,demand,0.6858061092641876
76,7,2030,1,demand,0.7130943220760739
76,8,2030,1,demand,0.7552945410941387
76,9,2030,1,demand,0.821496093411252
76,10,2030,1,demand,0.8983070470746183
76,11,2030,1,demand,0.9549717374172206
76,12,2030,1,demand,0.9952673613124194
76,13,2030,1,demand,1.0113545837360007
76,14,2030,1,demand,1.0035844859066558
76,15,2030,1,demand,0.9849065308965749
76,16,2030,1,demand,0.9740701641979658
76,17,2030,1,demand,0.9548328986728339
76,18,2030,1,demand,0.9450271122904595
76,19,2030,1,demand,0.9034407383505698
76,20,2030,1,demand,0.8840063407745732
76,21,2030,1,demand,0.8663473805369939
76,22,2030,1,demand,0.808317400620981
76,23,2030,1,demand,0.7568818393197946
76,24,2030,1,demand,0.7183721601307038
76,1,2030,1,solar,0.0
76,2,2030,1,solar,0.0
76,3,2030,1,solar,0.0
76,4,2030,1,solar,0.0
76,5,2030,1,solar,0.0
76,6,2030,1,solar,0.00018114373684969482
76,7,2030,1,solar,0.029102086995049906
76,8,2030,1,solar,0.22344300553359556
76,9,2030,1,solar,0.4652938935785768
76,10,2030,1,solar,0.6726276727324021
76,11,2030,1,solar,0.8092297801988185
76,12,2030,1,solar,0.8996987805373327
76,13,2030,1,solar,0.9318527322004196
76,14,2030,1,solar,0.9207368279400354
76,15,2030,1,solar,0.8477507561482296
76,16,2030,1,solar,0.7251718506916149
76,17,2030,1,solar,0.545741454893244
76,18,2030,1,solar,0.3378690884573064
76,19,2030,1,solar,0.13159042965107026
76,20,2030,1,solar,0.005689442030077837
76,21,2030,1,solar,0.0
76,22,2030,1,solar,0.0
76,23,2030,1,solar,0.0
76,24,2030,1,solar,0.0
76,1,2030,1,wind_offshore,1.223275111251735
76,2,2030,1,wind_offshore,1.2381925564316796
76,3,2030,1,wind_offshore,1.2307941424803082
76,4,2030,1,wind_offshore,1.2429075649808425
76,5,2030,1,wind_offshore,1.2683390926037816
76,6,2030,1,wind_offshore,1.2842332114772448
76,7,2030,1,wind_offshore,1.2606738895834744
76,8,2030,1,wind_offshore,1.262143261245469
76,9,2030,1,wind_offshore,1.2556685443482638
76,10,2030,1,wind_offshore,1.2714124973803158
76,11,2030,1,wind_offshore,1.261441361520808
76,12,2030,1,wind_offshore,1.242540937946165
76,13,2030,1,wind_offshore,1.179569656708965
76,14,2030,1,wind_offshore,1.125845725351053
76,15,2030,1,wind_offshore,1.0534858392276718
76,16,2030,1,wind_offshore,0.9861735077963627
76,17,2030,1,wind_offshore,0.9409801574361858
76,18,2030,1,wind_offshore,0.9239818512911395
76,19,2030,1,wind_offshore,0.7235726823458161
76,20,2030,1,wind_offshore,0.8351336128329925
76,21,2030,1,wind_offshore,0.8712435824479463
76,22,2030,1,wind_offshore,0.8016857016365135
76,23,2030,1,wind_offshore,0.5995083237068807
76,24,2030,1,wind_offshore,0.5312452354913256
76,1,2030,1,wind_onshore,0.3175526966055923
76,2,2030,1,wind_onshore,0.29023468383989925
76,3,2030,1,wind_onshore,0.26805997282592053
76,4,2030,1,wind_onshore,0.2447542403418035
76,5,2030,1,wind_onshore,0.21464756217511
76,6,2030,1,wind_onshore,0.20398499669314996
76,7,2030,1,wind_onshore,0.18460821728496962
76,8,2030,1,wind_onshore,0.15514318565838933
76,9,2030,1,wind_onshore,0.12199325224424681
76,10,2030,1,wind_onshore,0.12363304901326522
76,11,2030,1,wind_onshore,0.11027863155446437
76,12,2030,1,wind_onshore,0.13020567758127097
76,13,2030,1,wind_onshore,0.1573161906316156
76,14,2030,1,wind_onshore,0.18263711785553255
76,15,2030,1,wind_onshore,0.20159714136464207
76,16,2030,1,wind_onshore,0.22828623717564483
76,17,2030,1,wind_onshore,0.25831542756144366
76,18,2030,1,wind_onshore,0.2919192114603499
76,19,2030,1,wind_onshore,0.30703559321952906
76,20,2030,1,wind_onshore,0.3053820568009781
76,21,2030,1,wind_onshore,0.31546189547783143
76,22,2030,1,wind_onshore,0.30154327370833983
76,23,2030,1,wind_onshore,0.278698474065342
76,24,2030,1,wind_onshore,0.2567973913255346
77,1,2030,1,demand,0.5204129385711229
77,2,2030,1,demand,0.4989633176274623
77,3,2030,1,demand,0.4888639382998965
77,4,2030,1,demand,0.47671134926120673
77,5,2030,1,demand,0.4795997643933165
77,6,2030,1,demand,0.5056347293164187
77,7,2030,1,demand,0.5497902749899528
77,8,2030,1,demand,0.6104797832346753
77,9,2030,1,demand,0.6597993400409945
77,10,2030,1,demand,0.6873782122554037
77,11,2030,1,demand,0.68451039141452
77,12,2030,1,demand,0.6809552962432168
77,13,2030,1,demand,0.6719743757266111
77,14,2030,1,demand,0.6502256842217483
77,15,2030,1,demand,0.6341750663300317
77,16,2030,1,demand,0.6171472943255478
77,17,2030,1,demand,0.6095587481353647
77,18,2030,1,demand,0.6293697727394247
77,19,2030,1,demand,0.6624730528441547
77,20,2030,1,demand,0.6933255651667951
77,21,2030,1,demand,0.6953947211035214
77,22,2030,1,demand,0.6593953373170787
77,23,2030,1,demand,0.6013018904939149
77,24,2030,1,demand,0.5709286297086245
77,1,2030,1,solar,0.0
77,2,2030,1,solar,0.0
77,3,2030,1,solar,0.0
77,4,2030,1,solar,0.0
77,5,2030,1,solar,0.0
77,6,2030,1,solar,0.0
77,7,2030,1,solar,0.0
77,8,2030,1,solar,0.007966733288027874
77,9,2030,1,solar,0.25671971693098533
77,10,2030,1,solar,0.5564462499562791
77,11,2030,1,solar,0.7729838538265547
77,12,2030,1,solar,0.9098913567184169
77,13,2030,1,solar,0.953472797277016
77,14,2030,1,solar,0.9166196767294914
77,15,2030,1,solar,0.8095554483466953
77,16,2030,1,solar,0.6393855991154017
77,17,2030,1,solar,0.4180288291440348
77,18,2030,1,solar,0.17425246619319595
77,19,2030,1,solar,9.350179938787172e-5
77,20,2030,1,solar,0.0
77,21,2030,1,solar,0.0
77,22,2030,1,solar,0.0
77,23,2030,1,solar,0.0
77,24,2030,1,solar,0.0
77,1,2030,1,wind_offshore,0.06505112162402718
77,2,2030,1,wind_offshore,0.08430442306027736
77,3,2030,1,wind_offshore,0.09253645191584221
77,4,2030,1,wind_offshore,0.07594466361932634
77,5,2030,1,wind_offshore,0.06638116220762154
77,6,2030,1,wind_offshore,0.07817200114217425
77,7,2030,1,wind_offshore,0.10010302534734974
77,8,2030,1,wind_offshore,0.1109026641600921
77,9,2030,1,wind_offshore,0.11049682145904331
77,10,2030,1,wind_offshore,0.1171153932902703
77,11,2030,1,wind_offshore,0.10212283653088006
77,12,2030,1,wind_offshore,0.06936775318353651
77,13,2030,1,wind_offshore,0.058422857400500815
77,14,2030,1,wind_offshore,0.07194500599061561
77,15,2030,1,wind_offshore,0.09120272912402823
77,16,2030,1,wind_offshore,0.09976278302677395
77,17,2030,1,wind_offshore,0.09527856676024901
77,18,2030,1,wind_offshore,0.08262250441929611
77,19,2030,1,wind_offshore,0.053290389294537804
77,20,2030,1,wind_offshore,0.016741088789267264
77,21,2030,1,wind_offshore,0.0012694805471885188
77,22,2030,1,wind_offshore,0.0002480673526226722
77,23,2030,1,wind_offshore,0.0020108645377230542
77,24,2030,1,wind_offshore,0.03445123503152612
77,1,2030,1,wind_onshore,0.5246268915084514
77,2,2030,1,wind_onshore,0.5050879415132326
77,3,2030,1,wind_onshore,0.48236332380909475
77,4,2030,1,wind_onshore,0.4718421625988023
77,5,2030,1,wind_onshore,0.45890468430359443
77,6,2030,1,wind_onshore,0.4640120494938764
77,7,2030,1,wind_onshore,0.4784336698996579
77,8,2030,1,wind_onshore,0.4914425523291479
77,9,2030,1,wind_onshore,0.47717117736731135
77,10,2030,1,wind_onshore,0.44677735597727686
77,11,2030,1,wind_onshore,0.4873572388927537
77,12,2030,1,wind_onshore,0.5020355037637936
77,13,2030,1,wind_onshore,0.49057942918261277
77,14,2030,1,wind_onshore,0.45822466128657513
77,15,2030,1,wind_onshore,0.4289769526207006
77,16,2030,1,wind_onshore,0.4289864299032769
77,17,2030,1,wind_onshore,0.4268867579344875
77,18,2030,1,wind_onshore,0.41722415151238174
77,19,2030,1,wind_onshore,0.42115840703757773
77,20,2030,1,wind_onshore,0.43463741751536467
77,21,2030,1,wind_onshore,0.42643960355077504
77,22,2030,1,wind_onshore,0.41020692329230607
77,23,2030,1,wind_onshore,0.3991458590873146
77,24,2030,1,wind_onshore,0.37273468379373387
78,1,2030,1,demand,0.5258745035384684
78,2,2030,1,demand,0.5046118070233625
78,3,2030,1,demand,0.49498421268087384
78,4,2030,1,demand,0.4819471427663741
78,5,2030,1,demand,0.48911079050140693
78,6,2030,1,demand,0.5077805712346464
78,7,2030,1,demand,0.5419479595691978
78,8,2030,1,demand,0.5882981983354497
78,9,2030,1,demand,0.6218265649829916
78,10,2030,1,demand,0.6402044633269606
78,11,2030,1,demand,0.6510851139464143
78,12,2030,1,demand,0.6306224431041361
78,13,2030,1,demand,0.6123473169043311
78,14,2030,1,demand,0.6127067588610001
78,15,2030,1,demand,0.6002789562622153
78,16,2030,1,demand,0.5969968162145154
78,17,2030,1,demand,0.6106237496625323
78,18,2030,1,demand,0.6161402309199214
78,19,2030,1,demand,0.637430568670238
78,20,2030,1,demand,0.6519972975491707
78,21,2030,1,demand,0.642797204475578
78,22,2030,1,demand,0.6055835157083764
78,23,2030,1,demand,0.5505806650262768
78,24,2030,1,demand,0.5282863521730494
78,1,2030,1,solar,0.0
78,2,2030,1,solar,0.0
78,3,2030,1,solar,0.0
78,4,2030,1,solar,0.0
78,5,2030,1,solar,0.0
78,6,2030,1,solar,0.0
78,7,2030,1,solar,0.0
78,8,2030,1,solar,0.005511926694015373
78,9,2030,1,solar,0.2178384043830452
78,10,2030,1,solar,0.44400732503646434
78,11,2030,1,solar,0.6059054516776319
78,12,2030,1,solar,0.7110569540140946
78,13,2030,1,solar,0.7269892796313128
78,14,2030,1,solar,0.6935950391548772
78,15,2030,1,solar,0.5813921202278937
78,16,2030,1,solar,0.40904654453475986
78,17,2030,1,solar,0.18677077015389484
78,18,2030,1,solar,0.000564875332928139
78,19,2030,1,solar,0.0
78,20,2030,1,solar,0.0
78,21,2030,1,solar,0.0
78,22,2030,1,solar,0.0
78,23,2030,1,solar,0.0
78,24,2030,1,solar,0.0
78,1,2030,1,wind_offshore,0.22772937851164066
78,2,2030,1,wind_offshore,0.26381187465282857
78,3,2030,1,wind_offshore,0.3166586732032344
78,4,2030,1,wind_offshore,0.3654042862716742
78,5,2030,1,wind_offshore,0.39378288360431185
78,6,2030,1,wind_offshore,0.43664914262559174
78,7,2030,1,wind_offshore,0.5015812741882515
78,8,2030,1,wind_offshore,0.5789308629405481
78,9,2030,1,wind_offshore,0.6702467088317751
78,10,2030,1,wind_offshore,0.7198611120375595
78,11,2030,1,wind_offshore,0.7334379856180964
78,12,2030,1,wind_offshore,0.7264606211713925
78,13,2030,1,wind_offshore,0.7125351842691535
78,14,2030,1,wind_offshore,0.7263716591766487
78,15,2030,1,wind_offshore,0.7399680123825253
78,16,2030,1,wind_offshore,0.7957290818556144
78,17,2030,1,wind_offshore,0.8204281585261631
78,18,2030,1,wind_offshore,0.797863156933637
78,19,2030,1,wind_offshore,0.8074494972958638
78,20,2030,1,wind_offshore,0.7372386898246757
78,21,2030,1,wind_offshore,0.6699858893255655
78,22,2030,1,wind_offshore,0.6920907546332014
78,23,2030,1,wind_offshore,0.7645673997465048
78,24,2030,1,wind_offshore,0.7314555951316305
78,1,2030,1,wind_onshore,0.17954873576094937
78,2,2030,1,wind_onshore,0.183772572167634
78,3,2030,1,wind_onshore,0.18458364321095777
78,4,2030,1,wind_onshore,0.1866574967313271
78,5,2030,1,wind_onshore,0.1927237114375233
78,6,2030,1,wind_onshore,0.19763817214539914
78,7,2030,1,wind_onshore,0.18827427329251453
78,8,2030,1,wind_onshore,0.1705142180757013
78,9,2030,1,wind_onshore,0.14960587092651162
78,10,2030,1,wind_onshore,0.1181570015834404
78,11,2030,1,wind_onshore,0.0797684810060823
78,12,2030,1,wind_onshore,0.0725660962498696
78,13,2030,1,wind_onshore,0.07216895805185865
78,14,2030,1,wind_onshore,0.07793674134180055
78,15,2030,1,wind_onshore,0.07837092221792373
78,16,2030,1,wind_onshore,0.07239415891948216
78,17,2030,1,wind_onshore,0.07116241320949165
78,18,2030,1,wind_onshore,0.08998231319193403
78,19,2030,1,wind_onshore,0.10417746023013823
78,20,2030,1,wind_onshore,0.10482728629709366
78,21,2030,1,wind_onshore,0.09804307307630442
78,22,2030,1,wind_onshore,0.0892193842013921
78,23,2030,1,wind_onshore,0.07828009536354935
78,24,2030,1,wind_onshore,0.06546800731230444
79,1,2030,1,demand,0.5153409852380818
79,2,2030,1,demand,0.5018739682641015
79,3,2030,1,demand,0.49088662183079534
79,4,2030,1,demand,0.48092297112559573
79,5,2030,1,demand,0.465391018892813
79,6,2030,1,demand,0.44941482375610503
79,7,2030,1,demand,0.4475874517193164
79,8,2030,1,demand,0.46386060924880096
79,9,2030,1,demand,0.4945226873617474
79,10,2030,1,demand,0.5254463044543733
79,11,2030,1,demand,0.5407433692108251
79,12,2030,1,demand,0.5408147941071866
79,13,2030,1,demand,0.5438970403841374
79,14,2030,1,demand,0.5465829290959385
79,15,2030,1,demand,0.5376605897308406
79,16,2030,1,demand,0.5194651407939586
79,17,2030,1,demand,0.5227395524649163
79,18,2030,1,demand,0.5413940814597069
79,19,2030,1,demand,0.5674744867723649
79,20,2030,1,demand,0.5886916257733996
79,21,2030,1,demand,0.6031065276319492
79,22,2030,1,demand,0.5950744503467037
79,23,2030,1,demand,0.5611341450625764
79,24,2030,1,demand,0.5601585206348452
79,1,2030,1,solar,0.0
79,2,2030,1,solar,0.0
79,3,2030,1,solar,0.0
79,4,2030,1,solar,0.0
79,5,2030,1,solar,0.0
79,6,2030,1,solar,0.0
79,7,2030,1,solar,0.0
79,8,2030,1,solar,0.0
79,9,2030,1,solar,0.017710266726941107
79,10,2030,1,solar,0.11493033167700363
79,11,2030,1,solar,0.22971490310726236
79,12,2030,1,solar,0.3287536095590068
79,13,2030,1,solar,0.3978201891990198
79,14,2030,1,solar,0.4246079314349198
79,15,2030,1,solar,0.40610252340935343
79,16,2030,1,solar,0.313433902512741
79,17,2030,1,solar,0.1580544975180393
79,18,2030,1,solar,0.0
79,19,2030,1,solar,0.0
79,20,2030,1,solar,0.0
79,21,2030,1,solar,0.0
79,22,2030,1,solar,0.0
79,23,2030,1,solar,0.0
79,24,2030,1,solar,0.0
79,1,2030,1,wind_offshore,0.6923230528760526
79,2,2030,1,wind_offshore,0.6924697386290426
79,3,2030,1,wind_offshore,0.793037649244221
79,4,2030,1,wind_offshore,0.9917810464377154
79,5,2030,1,wind_offshore,1.1046567002796752
79,6,2030,1,wind_offshore,1.14764357890641
79,7,2030,1,wind_offshore,1.1566258338648228
79,8,2030,1,wind_offshore,1.147990662999485
79,9,2030,1,wind_offshore,1.130232040480749
79,10,2030,1,wind_offshore,1.0836452585836267
79,11,2030,1,wind_offshore,0.9050339964348368
79,12,2030,1,wind_offshore,0.7280624784284417
79,13,2030,1,wind_offshore,0.6173660855471432
79,14,2030,1,wind_offshore,0.572736993316847
79,15,2030,1,wind_offshore,0.5588762341583096
79,16,2030,1,wind_offshore,0.5315578977819297
79,17,2030,1,wind_offshore,0.4769162468718576
79,18,2030,1,wind_offshore,0.43218848828918643
79,19,2030,1,wind_offshore,0.4092536268123602
79,20,2030,1,wind_offshore,0.37620281040652076
79,21,2030,1,wind_offshore,0.33532523517481516
79,22,2030,1,wind_offshore,0.2763739905259373
79,23,2030,1,wind_offshore,0.17978102462980308
79,24,2030,1,wind_offshore,0.15147048820693665
79,1,2030,1,wind_onshore,0.7560508038957513
79,2,2030,1,wind_onshore,0.7486317034578975
79,3,2030,1,wind_onshore,0.7379528297420851
79,4,2030,1,wind_onshore,0.7277603625140455
79,5,2030,1,wind_onshore,0.7427164062823944
79,6,2030,1,wind_onshore,0.7684350375073954
79,7,2030,1,wind_onshore,0.7845001040781715
79,8,2030,1,wind_onshore,0.780875816335581
79,9,2030,1,wind_onshore,0.7851050823609022
79,10,2030,1,wind_onshore,0.7750723477557055
79,11,2030,1,wind_onshore,0.7617615845329574
79,12,2030,1,wind_onshore,0.7866108347311138
79,13,2030,1,wind_onshore,0.8010917197415531
79,14,2030,1,wind_onshore,0.7931460901493473
79,15,2030,1,wind_onshore,0.7863633382237389
79,16,2030,1,wind_onshore,0.7873988074561029
79,17,2030,1,wind_onshore,0.7346173500610413
79,18,2030,1,wind_onshore,0.6905709674416398
79,19,2030,1,wind_onshore,0.6561541263978952
79,20,2030,1,wind_onshore,0.6209733176641328
79,21,2030,1,wind_onshore,0.5947721272656987
79,22,2030,1,wind_onshore,0.5668612821948722
79,23,2030,1,wind_onshore,0.5794922965264535
79,24,2030,1,wind_onshore,0.5707179770686986
80,1,2030,1,demand,0.49517655705607955
80,2,2030,1,demand,0.48684988795651285
80,3,2030,1,demand,0.48106658171746913
80,4,2030,1,demand,0.4751034919773546
80,5,2030,1,demand,0.48785373227678114
80,6,2030,1,demand,0.5040803249901621
80,7,2030,1,demand,0.5293714844678316
80,8,2030,1,demand,0.5596720717041862
80,9,2030,1,demand,0.6058765361436674
80,10,2030,1,demand,0.6355149111292737
80,11,2030,1,demand,0.6604160873708913
80,12,2030,1,demand,0.6595289476115999
80,13,2030,1,demand,0.6498268048535895
80,14,2030,1,demand,0.6412944222895415
80,15,2030,1,demand,0.640212054963266
80,16,2030,1,demand,0.6251119430067117
80,17,2030,1,demand,0.6229466401371978
80,18,2030,1,demand,0.6144079897972824
80,19,2030,1,demand,0.6040792370756977
80,20,2030,1,demand,0.6017790300026333
80,21,2030,1,demand,0.5940216538681726
80,22,2030,1,demand,0.5532711168445107
80,23,2030,1,demand,0.5118494356567991
80,24,2030,1,demand,0.5054477520965136
80,1,2030,1,solar,0.0
80,2,2030,1,solar,0.0
80,3,2030,1,solar,0.0
80,4,2030,1,solar,0.0
80,5,2030,1,solar,0.0
80,6,2030,1,solar,0.00045272283977948024
80,7,2030,1,solar,0.052074065060992
80,8,2030,1,solar,0.24359518334837016
80,9,2030,1,solar,0.4697221503423235
80,10,2030,1,solar,0.676588812831273
80,11,2030,1,solar,0.8038213234262424
80,12,2030,1,solar,0.8583401203069565
80,13,2030,1,solar,0.8908884300242165
80,14,2030,1,solar,0.8775167115316205
80,15,2030,1,solar,0.8163631256874794
80,16,2030,1,solar,0.7238064099672936
80,17,2030,1,solar,0.5490968519452533
80,18,2030,1,solar,0.36684979889354213
80,19,2030,1,solar,0.15233426922220153
80,20,2030,1,solar,0.010376067743273445
80,21,2030,1,solar,0.0
80,22,2030,1,solar,0.0
80,23,2030,1,solar,0.0
80,24,2030,1,solar,0.0
80,1,2030,1,wind_offshore,0.2232006473331643
80,2,2030,1,wind_offshore,0.21102010657817205
80,3,2030,1,wind_offshore,0.1900884626180643
80,4,2030,1,wind_offshore,0.1741840395502163
80,5,2030,1,wind_offshore,0.16353559674936188
80,6,2030,1,wind_offshore,0.16202781821403603
80,7,2030,1,wind_offshore,0.1588686417910722
80,8,2030,1,wind_offshore,0.15966110757968824
80,9,2030,1,wind_offshore,0.16095167003166957
80,10,2030,1,wind_offshore,0.1615064006408961
80,11,2030,1,wind_offshore,0.1050928577872743
80,12,2030,1,wind_offshore,0.10942216159680404
80,13,2030,1,wind_offshore,0.11942415933321457
80,14,2030,1,wind_offshore,0.14143035050142228
80,15,2030,1,wind_offshore,0.16321311171863467
80,16,2030,1,wind_offshore,0.18809290940992057
80,17,2030,1,wind_offshore,0.21094819655093291
80,18,2030,1,wind_offshore,0.24551660963247002
80,19,2030,1,wind_offshore,0.2763273629017096
80,20,2030,1,wind_offshore,0.32724878879968444
80,21,2030,1,wind_offshore,0.3589308348538999
80,22,2030,1,wind_offshore,0.3907089021111784
80,23,2030,1,wind_offshore,0.3045707168063315
80,24,2030,1,wind_offshore,0.28521055367602727
80,1,2030,1,wind_onshore,0.2796881445779048
80,2,2030,1,wind_onshore,0.24328945744084432
80,3,2030,1,wind_onshore,0.21563125300517672
80,4,2030,1,wind_onshore,0.1944927903135049
80,5,2030,1,wind_onshore,0.17646282026050295
80,6,2030,1,wind_onshore,0.16144519505563357
80,7,2030,1,wind_onshore,0.15076081682280276
80,8,2030,1,wind_onshore,0.13361913734485809
80,9,2030,1,wind_onshore,0.1321208436202157
80,10,2030,1,wind_onshore,0.13721005551150978
80,11,2030,1,wind_onshore,0.09997290074456665
80,12,2030,1,wind_onshore,0.12221988165543515
80,13,2030,1,wind_onshore,0.15198245173974276
80,14,2030,1,wind_onshore,0.19446788888232291
80,15,2030,1,wind_onshore,0.24054856595164242
80,16,2030,1,wind_onshore,0.2773870829756045
80,17,2030,1,wind_onshore,0.30802406095538926
80,18,2030,1,wind_onshore,0.3334486972054464
80,19,2030,1,wind_onshore,0.3428169461577077
80,20,2030,1,wind_onshore,0.3479143214044602
80,21,2030,1,wind_onshore,0.3844573474827652
80,22,2030,1,wind_onshore,0.4035025891203996
80,23,2030,1,wind_onshore,0.309071954771946
80,24,2030,1,wind_onshore,0.3082482519887151
81,1,2030,1,demand,0.5479489513000718
81,2,2030,1,demand,0.540157463831863
81,3,2030,1,demand,0.5233973296258306
81,4,2030,1,demand,0.5095929442786199
81,5,2030,1,demand,0.5050901846398316
81,6,2030,1,demand,0.4893568875817935
81,7,2030,1,demand,0.4826764036410903
81,8,2030,1,demand,0.4941019834335934
81,9,2030,1,demand,0.520386468952384
81,10,2030,1,demand,0.5592383158665946
81,11,2030,1,demand,0.5904275568882589
81,12,2030,1,demand,0.6184205887670912
81,13,2030,1,demand,0.6246782274345725
81,14,2030,1,demand,0.6378653136390473
81,15,2030,1,demand,0.6402405898409514
81,16,2030,1,demand,0.6349310860571955
81,17,2030,1,demand,0.6398900325791038
81,18,2030,1,demand,0.6548470253436047
81,19,2030,1,demand,0.652213354043907
81,20,2030,1,demand,0.6466424655686196
81,21,2030,1,demand,0.6281965225611702
81,22,2030,1,demand,0.6286401583713377
81,23,2030,1,demand,0.5969055408996068
81,24,2030,1,demand,0.5883897526198273
81,1,2030,1,solar,0.0
81,2,2030,1,solar,0.0
81,3,2030,1,solar,0.0
81,4,2030,1,solar,0.0
81,5,2030,1,solar,0.0
81,6,2030,1,solar,0.0
81,7,2030,1,solar,0.00922922582434376
81,8,2030,1,solar,0.15405419679732063
81,9,2030,1,solar,0.39132330549908806
81,10,2030,1,solar,0.5954264591691412
81,11,2030,1,solar,0.7525322283175174
81,12,2030,1,solar,0.8518006935585138
81,13,2030,1,solar,0.889674110584146
81,14,2030,1,solar,0.8814778623669917
81,15,2030,1,solar,0.809847764338149
81,16,2030,1,solar,0.69281166880164
81,17,2030,1,solar,0.5126192112758118
81,18,2030,1,solar,0.2933939435116412
81,19,2030,1,solar,0.07846545089576268
81,20,2030,1,solar,0.00023013432224733505
81,21,2030,1,solar,0.0
81,22,2030,1,solar,0.0
81,23,2030,1,solar,0.0
81,24,2030,1,solar,0.0
81,1,2030,1,wind_offshore,0.08502583867892229
81,2,2030,1,wind_offshore,0.09501085951483353
81,3,2030,1,wind_offshore,0.10820375621890929
81,4,2030,1,wind_offshore,0.11031967017835079
81,5,2030,1,wind_offshore,0.09792583849984322
81,6,2030,1,wind_offshore,0.07804972342080804
81,7,2030,1,wind_offshore,0.06730614875823288
81,8,2030,1,wind_offshore,0.06895073116920722
81,9,2030,1,wind_offshore,0.06789711512457096
81,10,2030,1,wind_offshore,0.07994748544706776
81,11,2030,1,wind_offshore,0.059678630959688284
81,12,2030,1,wind_offshore,0.05408024559685426
81,13,2030,1,wind_offshore,0.04789911975653467
81,14,2030,1,wind_offshore,0.05913583294558111
81,15,2030,1,wind_offshore,0.06877652327588675
81,16,2030,1,wind_offshore,0.06736370644578545
81,17,2030,1,wind_offshore,0.0756553876919329
81,18,2030,1,wind_offshore,0.11379770687494081
81,19,2030,1,wind_offshore,0.1633176298554215
81,20,2030,1,wind_offshore,0.17882702686616347
81,21,2030,1,wind_offshore,0.16864359731987144
81,22,2030,1,wind_offshore,0.1688262873552315
81,23,2030,1,wind_offshore,0.13292014216136228
81,24,2030,1,wind_offshore,0.1549000424424448
81,1,2030,1,wind_onshore,0.20791965414622046
81,2,2030,1,wind_onshore,0.17095405918176343
81,3,2030,1,wind_onshore,0.14680044380267535
81,4,2030,1,wind_onshore,0.12254983616299389
81,5,2030,1,wind_onshore,0.10325882533909465
81,6,2030,1,wind_onshore,0.09128531521221381
81,7,2030,1,wind_onshore,0.07999682029027426
81,8,2030,1,wind_onshore,0.05803832627775147
81,9,2030,1,wind_onshore,0.044242860850677586
81,10,2030,1,wind_onshore,0.03462141013102112
81,11,2030,1,wind_onshore,0.034231527035519536
81,12,2030,1,wind_onshore,0.036737388413172783
81,13,2030,1,wind_onshore,0.04349392615668227
81,14,2030,1,wind_onshore,0.05900826797969086
81,15,2030,1,wind_onshore,0.07693990275066899
81,16,2030,1,wind_onshore,0.10106633149739412
81,17,2030,1,wind_onshore,0.14309657460283332
81,18,2030,1,wind_onshore,0.18852976117333917
81,19,2030,1,wind_onshore,0.23853720591084074
81,20,2030,1,wind_onshore,0.28945433839814544
81,21,2030,1,wind_onshore,0.32478504243436923
81,22,2030,1,wind_onshore,0.34151049736176137
81,23,2030,1,wind_onshore,0.2964972402586893
81,24,2030,1,wind_onshore,0.2841355231628128
82,1,2030,1,demand,0.45543941058074616
82,2,2030,1,demand,0.44564994589398893
82,3,2030,1,demand,0.43522541596081776
82,4,2030,1,demand,0.42779677849070147
82,5,2030,1,demand,0.4300249335247219
82,6,2030,1,demand,0.4490068241973607
82,7,2030,1,demand,0.48730846844197956
82,8,2030,1,demand,0.5177564926924387
82,9,2030,1,demand,0.5494305975253013
82,10,2030,1,demand,0.5740837114475721
82,11,2030,1,demand,0.5835028908692454
82,12,2030,1,demand,0.5860339472966895
82,13,2030,1,demand,0.5711001886191523
82,14,2030,1,demand,0.5542616673774834
82,15,2030,1,demand,0.5444257964679879
82,16,2030,1,demand,0.5335520614051942
82,17,2030,1,demand,0.5359402719816155
82,18,2030,1,demand,0.5503132172818715
82,19,2030,1,demand,0.5582610203677176
82,20,2030,1,demand,0.5900600558256901
82,21,2030,1,demand,0.583782421561201
82,22,2030,1,demand,0.5464013726258038
82,23,2030,1,demand,0.49708539726787215
82,24,2030,1,demand,0.48168058928937796
82,1,2030,1,solar,0.0
82,2,2030,1,solar,0.0
82,3,2030,1,solar,0.0
82,4,2030,1,solar,0.0
82,5,2030,1,solar,0.0
82,6,2030,1,solar,0.0
82,7,2030,1,solar,0.0003960821022053223
82,8,2030,1,solar,0.13792307136406542
82,9,2030,1,solar,0.4538493397761718
82,10,2030,1,solar,0.7507153272157739
82,11,2030,1,solar,0.9368626552294022
82,12,2030,1,solar,1.0638294070728787
82,13,2030,1,solar,1.1182904494045547
82,14,2030,1,solar,1.0921422479383656
82,15,2030,1,solar,1.0206083823743202
82,16,2030,1,solar,0.848110451300302
82,17,2030,1,solar,0.6204776366370711
82,18,2030,1,solar,0.3142907557741629
82,19,2030,1,solar,0.048120003769892714
82,20,2030,1,solar,0.0
82,21,2030,1,solar,0.0
82,22,2030,1,solar,0.0
82,23,2030,1,solar,0.0
82,24,2030,1,solar,0.0
82,1,2030,1,wind_offshore,1.24318120393479
82,2,2030,1,wind_offshore,1.2426294730479914
82,3,2030,1,wind_offshore,1.2217354915577505
82,4,2030,1,wind_offshore,1.2079236775029383
82,5,2030,1,wind_offshore,1.2040284493926545
82,6,2030,1,wind_offshore,1.1959224100846793
82,7,2030,1,wind_offshore,1.2044129531609968
82,8,2030,1,wind_offshore,1.1987460368378575
82,9,2030,1,wind_offshore,1.1853284324977922
82,10,2030,1,wind_offshore,1.2018938638288672
82,11,2030,1,wind_offshore,1.1981287000471663
82,12,2030,1,wind_offshore,1.1799191279160126
82,13,2030,1,wind_offshore,1.1895025719081949
82,14,2030,1,wind_offshore,1.2029375560608688
82,15,2030,1,wind_offshore,1.2181283175454773
82,16,2030,1,wind_offshore,1.2182329279434543
82,17,2030,1,wind_offshore,1.2273394552330643
82,18,2030,1,wind_offshore,1.1982345023950518
82,19,2030,1,wind_offshore,1.2030573148388921
82,20,2030,1,wind_offshore,1.1848603832623148
82,21,2030,1,wind_offshore,1.172279326098415
82,22,2030,1,wind_offshore,1.1820847894865911
82,23,2030,1,wind_offshore,1.1912996962802993
82,24,2030,1,wind_offshore,1.1954016788606052
82,1,2030,1,wind_onshore,0.45807591441717643
82,2,2030,1,wind_onshore,0.441026151404896
82,3,2030,1,wind_onshore,0.428618132871093
82,4,2030,1,wind_onshore,0.4113923574438054
82,5,2030,1,wind_onshore,0.3991437166759213
82,6,2030,1,wind_onshore,0.37446793952056023
82,7,2030,1,wind_onshore,0.3716694443112532
82,8,2030,1,wind_onshore,0.375641088799382
82,9,2030,1,wind_onshore,0.3225614139294938
82,10,2030,1,wind_onshore,0.3359882497642508
82,11,2030,1,wind_onshore,0.3520079969417346
82,12,2030,1,wind_onshore,0.38402698814494285
82,13,2030,1,wind_onshore,0.41363667042369495
82,14,2030,1,wind_onshore,0.4307672788707722
82,15,2030,1,wind_onshore,0.44108677619192865
82,16,2030,1,wind_onshore,0.4448539323965026
82,17,2030,1,wind_onshore,0.47144555908921815
82,18,2030,1,wind_onshore,0.48935414132887467
82,19,2030,1,wind_onshore,0.4881490150541075
82,20,2030,1,wind_onshore,0.5163080907462587
82,21,2030,1,wind_onshore,0.48954456300819077
82,22,2030,1,wind_onshore,0.44717490068595717
82,23,2030,1,wind_onshore,0.39340400148048604
82,24,2030,1,wind_onshore,0.3651727910814759
83,1,2030,1,demand,0.48808118934507416
83,2,2030,1,demand,0.46942897671565514
83,3,2030,1,demand,0.45891908528444336
83,4,2030,1,demand,0.44815051717549537
83,5,2030,1,demand,0.4502221091463177
83,6,2030,1,demand,0.46516063792297074
83,7,2030,1,demand,0.4993925370255976
83,8,2030,1,demand,0.5381278531753708
83,9,2030,1,demand,0.566194209098204
83,10,2030,1,demand,0.5887195553107515
83,11,2030,1,demand,0.5963967234104687
83,12,2030,1,demand,0.599734309401587
83,13,2030,1,demand,0.6012604567475462
83,14,2030,1,demand,0.5959166503083851
83,15,2030,1,demand,0.5767646172377325
83,16,2030,1,demand,0.5655547067456991
83,17,2030,1,demand,0.5623198960493754
83,18,2030,1,demand,0.5894271089886051
83,19,2030,1,demand,0.6062897706517859
83,20,2030,1,demand,0.6376750380464496
83,21,2030,1,demand,0.6472079260509045
83,22,2030,1,demand,0.6043905423686542
83,23,2030,1,demand,0.5527890013662164
83,24,2030,1,demand,0.5311138937035653
83,1,2030,1,solar,0.0
83,2,2030,1,solar,0.0
83,3,2030,1,solar,0.0
83,4,2030,1,solar,0.0
83,5,2030,1,solar,0.0
83,6,2030,1,solar,0.0
83,7,2030,1,solar,0.0
83,8,2030,1,solar,0.09183552638493589
83,9,2030,1,solar,0.37958565620106616
83,10,2030,1,solar,0.6753600886144561
83,11,2030,1,solar,0.8821754548618359
83,12,2030,1,solar,1.0222524312859906
83,13,2030,1,solar,1.077322037377165
83,14,2030,1,solar,1.0447315332998224
83,15,2030,1,solar,0.9682538659955094
83,16,2030,1,solar,0.8023807724676127
83,17,2030,1,solar,0.5684863696520182
83,18,2030,1,solar,0.27539340349196784
83,19,2030,1,solar,0.041324161037488524
83,20,2030,1,solar,0.0
83,21,2030,1,solar,0.0
83,22,2030,1,solar,0.0
83,23,2030,1,solar,0.0
83,24,2030,1,solar,0.0
83,1,2030,1,wind_offshore,0.008591645536557292
83,2,2030,1,wind_offshore,0.0005558170569819688
83,3,2030,1,wind_offshore,0.0
83,4,2030,1,wind_offshore,0.0
83,5,2030,1,wind_offshore,0.0
83,6,2030,1,wind_offshore,0.0
83,7,2030,1,wind_offshore,0.0
83,8,2030,1,wind_offshore,0.0005864304544126834
83,9,2030,1,wind_offshore,0.001235579771578396
83,10,2030,1,wind_offshore,0.001212145990288324
83,11,2030,1,wind_offshore,0.009719744282841185
83,12,2030,1,wind_offshore,0.00908662689820755
83,13,2030,1,wind_offshore,0.01774189652198128
83,14,2030,1,wind_offshore,0.05829010483590031
83,15,2030,1,wind_offshore,0.13145592270762332
83,16,2030,1,wind_offshore,0.18241901368104654
83,17,2030,1,wind_offshore,0.18025167759871855
83,18,2030,1,wind_offshore,0.13031246411803424
83,19,2030,1,wind_offshore,0.05472042110052896
83,20,2030,1,wind_offshore,0.006122642767171998
83,21,2030,1,wind_offshore,9.230419598308911e-6
83,22,2030,1,wind_offshore,0.0
83,23,2030,1,wind_offshore,0.0008283493176305885
83,24,2030,1,wind_offshore,0.0
83,1,2030,1,wind_onshore,0.41039484585255076
83,2,2030,1,wind_onshore,0.40078031331828945
83,3,2030,1,wind_onshore,0.3804983126792958
83,4,2030,1,wind_onshore,0.3604028937144426
83,5,2030,1,wind_onshore,0.3385014612007645
83,6,2030,1,wind_onshore,0.3199233723379071
83,7,2030,1,wind_onshore,0.3025543167690801
83,8,2030,1,wind_onshore,0.29608561073503653
83,9,2030,1,wind_onshore,0.2621165040502072
83,10,2030,1,wind_onshore,0.263043681401421
83,11,2030,1,wind_onshore,0.20553027284016026
83,12,2030,1,wind_onshore,0.2164423609862337
83,13,2030,1,wind_onshore,0.23494016418909403
83,14,2030,1,wind_onshore,0.24522580200247157
83,15,2030,1,wind_onshore,0.24462663212063782
83,16,2030,1,wind_onshore,0.23711531497859387
83,17,2030,1,wind_onshore,0.22587972578635088
83,18,2030,1,wind_onshore,0.2127453327192751
83,19,2030,1,wind_onshore,0.2090720741751575
83,20,2030,1,wind_onshore,0.22020046173079813
83,21,2030,1,wind_onshore,0.19375369076665203
83,22,2030,1,wind_onshore,0.1711824784724426
83,23,2030,1,wind_onshore,0.13453693113572446
83,24,2030,1,wind_onshore,0.12248075327318254
84,1,2030,1,demand,0.4441340422252315
84,2,2030,1,demand,0.4435271849384065
84,3,2030,1,demand,0.42909869864766
84,4,2030,1,demand,0.4166606439484106
84,5,2030,1,demand,0.4110239319874237
84,6,2030,1,demand,0.40864698490162377
84,7,2030,1,demand,0.4195300029850881
84,8,2030,1,demand,0.4384193988633215
84,9,2030,1,demand,0.4608524016854025
84,10,2030,1,demand,0.4840371163101797
84,11,2030,1,demand,0.4975814016512552
84,12,2030,1,demand,0.5013058419249076
84,13,2030,1,demand,0.5000699741730831
84,14,2030,1,demand,0.5006488067647257
84,15,2030,1,demand,0.49846086780126386
84,16,2030,1,demand,0.49269965503582686
84,17,2030,1,demand,0.4976131327282314
84,18,2030,1,demand,0.5145264335809395
84,19,2030,1,demand,0.5258690069198542
84,20,2030,1,demand,0.5332277933668954
84,21,2030,1,demand,0.5316684936708103
84,22,2030,1,demand,0.5160319422136794
84,23,2030,1,demand,0.4910160374239324
84,24,2030,1,demand,0.4836824608444895
84,1,2030,1,solar,0.0
84,2,2030,1,solar,0.0
84,3,2030,1,solar,0.0
84,4,2030,1,solar,0.0
84,5,2030,1,solar,0.0
84,6,2030,1,solar,0.0
84,7,2030,1,solar,0.0
84,8,2030,1,solar,0.09956301373842619
84,9,2030,1,solar,0.3539399618703486
84,10,2030,1,solar,0.6154910482655735
84,11,2030,1,solar,0.7574569356303827
84,12,2030,1,solar,0.8474777533081748
84,13,2030,1,solar,0.8635485041709202
84,14,2030,1,solar,0.8268142275247863
84,15,2030,1,solar,0.7285744881805558
84,16,2030,1,solar,0.562714355974312
84,17,2030,1,solar,0.3445797277043206
84,18,2030,1,solar,0.10728410586886113
84,19,2030,1,solar,0.0
84,20,2030,1,solar,0.0
84,21,2030,1,solar,0.0
84,22,2030,1,solar,0.0
84,23,2030,1,solar,0.0
84,24,2030,1,solar,0.0
84,1,2030,1,wind_offshore,1.106743440901106
84,2,2030,1,wind_offshore,1.0914365916022493
84,3,2030,1,wind_offshore,1.0498530611746917
84,4,2030,1,wind_offshore,1.0043274547756307
84,5,2030,1,wind_offshore,0.9517660340844004
84,6,2030,1,wind_offshore,0.9367330519649978
84,7,2030,1,wind_offshore,0.9126372325189882
84,8,2030,1,wind_offshore,0.8313709018000213
84,9,2030,1,wind_offshore,0.7297794823889384
84,10,2030,1,wind_offshore,0.6596895052646841
84,11,2030,1,wind_offshore,0.6078412169004641
84,12,2030,1,wind_offshore,0.5747679633085107
84,13,2030,1,wind_offshore,0.4671334648894074
84,14,2030,1,wind_offshore,0.3963621147782632
84,15,2030,1,wind_offshore,0.3358678453954468
84,16,2030,1,wind_offshore,0.31143539745703946
84,17,2030,1,wind_offshore,0.2830118613735558
84,18,2030,1,wind_offshore,0.25850960071281825
84,19,2030,1,wind_offshore,0.22496371609096275
84,20,2030,1,wind_offshore,0.20356328672997956
84,21,2030,1,wind_offshore,0.17149502775496986
84,22,2030,1,wind_offshore,0.15636756782919664
84,23,2030,1,wind_offshore,0.1491370801202791
84,24,2030,1,wind_offshore,0.10946277923198527
84,1,2030,1,wind_onshore,0.13744410125538797
84,2,2030,1,wind_onshore,0.1427453065377632
84,3,2030,1,wind_onshore,0.14406212893901965
84,4,2030,1,wind_onshore,0.14347327366575383
84,5,2030,1,wind_onshore,0.14533049981960428
84,6,2030,1,wind_onshore,0.1542949807636278
84,7,2030,1,wind_onshore,0.1609279255112021
84,8,2030,1,wind_onshore,0.16414546902273452
84,9,2030,1,wind_onshore,0.15439875031435793
84,10,2030,1,wind_onshore,0.15423430238805158
84,11,2030,1,wind_onshore,0.14715271002383243
84,12,2030,1,wind_onshore,0.1746484044891372
84,13,2030,1,wind_onshore,0.20026731319013272
84,14,2030,1,wind_onshore,0.20478307757108774
84,15,2030,1,wind_onshore,0.20053111502524598
84,16,2030,1,wind_onshore,0.19887976995547246
84,17,2030,1,wind_onshore,0.20667504805335496
84,18,2030,1,wind_onshore,0.2202637785740028
84,19,2030,1,wind_onshore,0.25842918300236395
84,20,2030,1,wind_onshore,0.285016080432687
84,21,2030,1,wind_onshore,0.30428952367491097
84,22,2030,1,wind_onshore,0.31768688820641217
84,23,2030,1,wind_onshore,0.2872058556896113
84,24,2030,1,wind_onshore,0.30699334394309935
85,1,2030,1,demand,0.497648566751529
85,2,2030,1,demand,0.48469217348205934
85,3,2030,1,demand,0.4739250650448655
85,4,2030,1,demand,0.47107732010688536
85,5,2030,1,demand,0.4793810809206594
85,6,2030,1,demand,0.5076425587828495
85,7,2030,1,demand,0.5613485134344083
85,8,2030,1,demand,0.6055465941606023
85,9,2030,1,demand,0.6378550618024991
85,10,2030,1,demand,0.6663925950449877
85,11,2030,1,demand,0.6876468431042714
85,12,2030,1,demand,0.6929296626121849
85,13,2030,1,demand,0.6811499933541875
85,14,2030,1,demand,0.6624052823745389
85,15,2030,1,demand,0.6412861004928362
85,16,2030,1,demand,0.6420219292022723
85,17,2030,1,demand,0.6533569110977919
85,18,2030,1,demand,0.6642576715662944
85,19,2030,1,demand,0.693515478407536
85,20,2030,1,demand,0.6976597710701965
85,21,2030,1,demand,0.6929585949013929
85,22,2030,1,demand,0.6464668967562485
85,23,2030,1,demand,0.5970377061893571
85,24,2030,1,demand,0.5778730283700725
85,1,2030,1,solar,0.0
85,2,2030,1,solar,0.0
85,3,2030,1,solar,0.0
85,4,2030,1,solar,0.0
85,5,2030,1,solar,0.0
85,6,2030,1,solar,0.0
85,7,2030,1,solar,0.0
85,8,2030,1,solar,0.0
85,9,2030,1,solar,0.05766891133606202
85,10,2030,1,solar,0.18535208268917008
85,11,2030,1,solar,0.3024548237376027
85,12,2030,1,solar,0.41755593610510927
85,13,2030,1,solar,0.48950391896378387
85,14,2030,1,solar,0.44809752467047936
85,15,2030,1,solar,0.3580851127958256
85,16,2030,1,solar,0.23306786416021652
85,17,2030,1,solar,0.09973635315953709
85,18,2030,1,solar,0.0
85,19,2030,1,solar,0.0
85,20,2030,1,solar,0.0
85,21,2030,1,solar,0.0
85,22,2030,1,solar,0.0
85,23,2030,1,solar,0.0
85,24,2030,1,solar,0.0
85,1,2030,1,wind_offshore,0.6879421009371592
85,2,2030,1,wind_offshore,0.8102022473887873
85,3,2030,1,wind_offshore,0.8638028206932847
85,4,2030,1,wind_offshore,0.9020388532897997
85,5,2030,1,wind_offshore,0.8494684761678646
85,6,2030,1,wind_offshore,0.7417169523910575
85,7,2030,1,wind_offshore,0.6393780548395883
85,8,2030,1,wind_offshore,0.5335769269025559
85,9,2030,1,wind_offshore,0.4671830527478325
85,10,2030,1,wind_offshore,0.43390875519717237
85,11,2030,1,wind_offshore,0.47286157291740244
85,12,2030,1,wind_offshore,0.44045636321132536
85,13,2030,1,wind_offshore,0.3633652624388241
85,14,2030,1,wind_offshore,0.28184232559347916
85,15,2030,1,wind_offshore,0.23171602477974895
85,16,2030,1,wind_offshore,0.2526130222547949
85,17,2030,1,wind_offshore,0.3067514143004328
85,18,2030,1,wind_offshore,0.3412991422344547
85,19,2030,1,wind_offshore,0.32980569240844876
85,20,2030,1,wind_offshore,0.3168119424652417
85,21,2030,1,wind_offshore,0.3094380349072343
85,22,2030,1,wind_offshore,0.3241809871121677
85,23,2030,1,wind_offshore,0.3293205835404966
85,24,2030,1,wind_offshore,0.3343276984780806
85,1,2030,1,wind_onshore,0.6031987267277551
85,2,2030,1,wind_onshore,0.5810270361828797
85,3,2030,1,wind_onshore,0.5750013364479614
85,4,2030,1,wind_onshore,0.5571636944792171
85,5,2030,1,wind_onshore,0.5376098873527411
85,6,2030,1,wind_onshore,0.5359814195246733
85,7,2030,1,wind_onshore,0.5471117611148257
85,8,2030,1,wind_onshore,0.5307408391443807
85,9,2030,1,wind_onshore,0.5332344489347861
85,10,2030,1,wind_onshore,0.5440470440812699
85,11,2030,1,wind_onshore,0.5243160986680228
85,12,2030,1,wind_onshore,0.5496459266825496
85,13,2030,1,wind_onshore,0.5647910279949392
85,14,2030,1,wind_onshore,0.5448136223353081
85,15,2030,1,wind_onshore,0.5102471546256133
85,16,2030,1,wind_onshore,0.45539836298520425
85,17,2030,1,wind_onshore,0.39513218122060345
85,18,2030,1,wind_onshore,0.3831969116134875
85,19,2030,1,wind_onshore,0.3812027244701754
85,20,2030,1,wind_onshore,0.3823948539520484
85,21,2030,1,wind_onshore,0.3679299723528159
85,22,2030,1,wind_onshore,0.33921715346575526
85,23,2030,1,wind_onshore,0.2742083625759397
85,24,2030,1,wind_onshore,0.25298036971396864
86,1,2030,1,demand,0.47660643396535485
86,2,2030,1,demand,0.47977989604997223
86,3,2030,1,demand,0.4685877560537181
86,4,2030,1,demand,0.4690681745698448
86,5,2030,1,demand,0.4793905039768211
86,6,2030,1,demand,0.5064060831844417
86,7,2030,1,demand,0.5567761622450716
86,8,2030,1,demand,0.5823839094783202
86,9,2030,1,demand,0.596255095971524
86,10,2030,1,demand,0.6023584752259553
86,11,2030,1,demand,0.5929886022760811
86,12,2030,1,demand,0.5890558324526753
86,13,2030,1,demand,0.5848227656785172
86,14,2030,1,demand,0.5758288968946784
86,15,2030,1,demand,0.5712440312289642
86,16,2030,1,demand,0.5735035202054852
86,17,2030,1,demand,0.5725967432691228
86,18,2030,1,demand,0.578784678596815
86,19,2030,1,demand,0.5829237699261184
86,20,2030,1,demand,0.5941600103553518
86,21,2030,1,demand,0.5742946505510395
86,22,2030,1,demand,0.5232398768460754
86,23,2030,1,demand,0.4909755822035353
86,24,2030,1,demand,0.5002294370892104
86,1,2030,1,solar,0.0
86,2,2030,1,solar,0.0
86,3,2030,1,solar,0.0
86,4,2030,1,solar,0.0
86,5,2030,1,solar,0.0
86,6,2030,1,solar,0.0
86,7,2030,1,solar,0.0
86,8,2030,1,solar,0.06159083612068729
86,9,2030,1,solar,0.2799776054300521
86,10,2030,1,solar,0.5200963168299535
86,11,2030,1,solar,0.6884928867520257
86,12,2030,1,solar,0.7996843901973502
86,13,2030,1,solar,0.798862545036404
86,14,2030,1,solar,0.717568678787785
86,15,2030,1,solar,0.5771112173328574
86,16,2030,1,solar,0.41284818287046515
86,17,2030,1,solar,0.2191887496330856
86,18,2030,1,solar,0.041335671621345396
86,19,2030,1,solar,0.0
86,20,2030,1,solar,0.0
86,21,2030,1,solar,0.0
86,22,2030,1,solar,0.0
86,23,2030,1,solar,0.0
86,24,2030,1,solar,0.0
86,1,2030,1,wind_offshore,0.14321157322182965
86,2,2030,1,wind_offshore,0.1683404356538247
86,3,2030,1,wind_offshore,0.22376671536911907
86,4,2030,1,wind_offshore,0.3847222987861396
86,5,2030,1,wind_offshore,0.6159127180113559
86,6,2030,1,wind_offshore,0.7992541428037779
86,7,2030,1,wind_offshore,0.9786498714965594
86,8,2030,1,wind_offshore,1.1009633115387283
86,9,2030,1,wind_offshore,1.157932293927157
86,10,2030,1,wind_offshore,1.1775591245564772
86,11,2030,1,wind_offshore,1.1772610722943153
86,12,2030,1,wind_offshore,1.18728219436538
86,13,2030,1,wind_offshore,1.1722073435193527
86,14,2030,1,wind_offshore,1.1608293293221046
86,15,2030,1,wind_offshore,1.154295704659808
86,16,2030,1,wind_offshore,1.1733124379965496
86,17,2030,1,wind_offshore,1.1695974634196102
86,18,2030,1,wind_offshore,1.1656430253921444
86,19,2030,1,wind_offshore,1.175853900917176
86,20,2030,1,wind_offshore,1.1742087334388152
86,21,2030,1,wind_offshore,1.168682552429581
86,22,2030,1,wind_offshore,1.1676449042813402
86,23,2030,1,wind_offshore,1.172820873161635
86,24,2030,1,wind_offshore,1.1746972499190804
86,1,2030,1,wind_onshore,0.3114182595984165
86,2,2030,1,wind_onshore,0.31768257013308654
86,3,2030,1,wind_onshore,0.3106148408316774
86,4,2030,1,wind_onshore,0.30266938044542024
86,5,2030,1,wind_onshore,0.29839978753794144
86,6,2030,1,wind_onshore,0.2969139935262831
86,7,2030,1,wind_onshore,0.29936210960762977
86,8,2030,1,wind_onshore,0.30074304823315384
86,9,2030,1,wind_onshore,0.3317038081728898
86,10,2030,1,wind_onshore,0.3129676289349481
86,11,2030,1,wind_onshore,0.31619573711732596
86,12,2030,1,wind_onshore,0.4067546320934412
86,13,2030,1,wind_onshore,0.5064752463923015
86,14,2030,1,wind_onshore,0.5530643993964138
86,15,2030,1,wind_onshore,0.5910648471846698
86,16,2030,1,wind_onshore,0.6031491062552566
86,17,2030,1,wind_onshore,0.6288830664110772
86,18,2030,1,wind_onshore,0.6292439337731588
86,19,2030,1,wind_onshore,0.6701656219704262
86,20,2030,1,wind_onshore,0.6946101102842436
86,21,2030,1,wind_onshore,0.7051569461338673
86,22,2030,1,wind_onshore,0.692112072842234
86,23,2030,1,wind_onshore,0.6923500069685287
86,24,2030,1,wind_onshore,0.6915736400655064
87,1,2030,1,demand,0.4892519826264893
87,2,2030,1,demand,0.4660072076976413
87,3,2030,1,demand,0.4496123017243676
87,4,2030,1,demand,0.43786452282336347
87,5,2030,1,demand,0.42277796980933513
87,6,2030,1,demand,0.4068438484614475
87,7,2030,1,demand,0.4140263058955592
87,8,2030,1,demand,0.43815705444005953
87,9,2030,1,demand,0.4751500923081106
87,10,2030,1,demand,0.5127420139249315
87,11,2030,1,demand,0.5340069095751091
87,12,2030,1,demand,0.5338551040922553
87,13,2030,1,demand,0.53228260807334
87,14,2030,1,demand,0.5317444362950058
87,15,2030,1,demand,0.5131190594544537
87,16,2030,1,demand,0.5030831840966361
87,17,2030,1,demand,0.50824010950108
87,18,2030,1,demand,0.5298144442281023
87,19,2030,1,demand,0.5632720112256805
87,20,2030,1,demand,0.581213161513411
87,21,2030,1,demand,0.5854535731248643
87,22,2030,1,demand,0.5759868648869733
87,23,2030,1,demand,0.5388565573798327
87,24,2030,1,demand,0.5190977871650098
87,1,2030,1,solar,0.0
87,2,2030,1,solar,0.0
87,3,2030,1,solar,0.0
87,4,2030,1,solar,0.0
87,5,2030,1,solar,0.0
87,6,2030,1,solar,0.0
87,7,2030,1,solar,0.0
87,8,2030,1,solar,0.017888005633356584
87,9,2030,1,solar,0.12098575275547531
87,10,2030,1,solar,0.2541386244270828
87,11,2030,1,solar,0.3855339981193508
87,12,2030,1,solar,0.457863023685131
87,13,2030,1,solar,0.46201842463402665
87,14,2030,1,solar,0.4565739623674492
87,15,2030,1,solar,0.4252592735515478
87,16,2030,1,solar,0.3406902143359105
87,17,2030,1,solar,0.23654339038796648
87,18,2030,1,solar,0.11985746631429263
87,19,2030,1,solar,0.008368382768387196
87,20,2030,1,solar,0.0
87,21,2030,1,solar,0.0
87,22,2030,1,solar,0.0
87,23,2030,1,solar,0.0
87,24,2030,1,solar,0.0
87,1,2030,1,wind_offshore,0.037406350803192746
87,2,2030,1,wind_offshore,0.07048101403211132
87,3,2030,1,wind_offshore,0.11410950129321738
87,4,2030,1,wind_offshore,0.18003440127416126
87,5,2030,1,wind_offshore,0.26946010918866364
87,6,2030,1,wind_offshore,0.3690547745219684
87,7,2030,1,wind_offshore,0.4833272509515934
87,8,2030,1,wind_offshore,0.6650261399160513
87,9,2030,1,wind_offshore,0.8827081271120122
87,10,2030,1,wind_offshore,1.0863281273352738
87,11,2030,1,wind_offshore,1.2321013021989462
87,12,2030,1,wind_offshore,1.249153983598032
87,13,2030,1,wind_offshore,1.2305483373105282
87,14,2030,1,wind_offshore,1.2374329723938704
87,15,2030,1,wind_offshore,1.2397971605240952
87,16,2030,1,wind_offshore,1.2473570627935107
87,17,2030,1,wind_offshore,1.2443938027168586
87,18,2030,1,wind_offshore,1.2376481090457623
87,19,2030,1,wind_offshore,1.235062915240892
87,20,2030,1,wind_offshore,1.236380550386742
87,21,2030,1,wind_offshore,1.2434351908431311
87,22,2030,1,wind_offshore,1.2380734972931127
87,23,2030,1,wind_offshore,1.2410733931436781
87,24,2030,1,wind_offshore,1.2270308522935713
87,1,2030,1,wind_onshore,0.6352246040342089
87,2,2030,1,wind_onshore,0.6337072601963267
87,3,2030,1,wind_onshore,0.6435162500224971
87,4,2030,1,wind_onshore,0.6482837698783772
87,5,2030,1,wind_onshore,0.6500150686892462
87,6,2030,1,wind_onshore,0.655581972884882
87,7,2030,1,wind_onshore,0.6591095402516864
87,8,2030,1,wind_onshore,0.6793620430106431
87,9,2030,1,wind_onshore,0.6853023594995152
87,10,2030,1,wind_onshore,0.6983910296984214
87,11,2030,1,wind_onshore,0.82311754111599
87,12,2030,1,wind_onshore,0.8517913387953658
87,13,2030,1,wind_onshore,0.8728674138194509
87,14,2030,1,wind_onshore,0.857412186897597
87,15,2030,1,wind_onshore,0.8554684203968156
87,16,2030,1,wind_onshore,0.828112332649601
87,17,2030,1,wind_onshore,0.7786943886447308
87,18,2030,1,wind_onshore,0.7384120237571749
87,19,2030,1,wind_onshore,0.7298146650142912
87,20,2030,1,wind_onshore,0.7159231512444207
87,21,2030,1,wind_onshore,0.7081655410211497
87,22,2030,1,wind_onshore,0.685517523984621
87,23,2030,1,wind_onshore,0.5767754956741309
87,24,2030,1,wind_onshore,0.5846594817897217
88,1,2030,1,demand,0.5197312651408423
88,2,2030,1,demand,0.5072926356875725
88,3,2030,1,demand,0.49982815378683604
88,4,2030,1,demand,0.48818080204394737
88,5,2030,1,demand,0.4935386872844166
88,6,2030,1,demand,0.524639850308811
88,7,2030,1,demand,0.5644447035606309
88,8,2030,1,demand,0.6020175200390849
88,9,2030,1,demand,0.6310638795447447
88,10,2030,1,demand,0.6496482194866517
88,11,2030,1,demand,0.6509782196610597
88,12,2030,1,demand,0.6384177987567757
88,13,2030,1,demand,0.6312207915459677
88,14,2030,1,demand,0.6294704299597925
88,15,2030,1,demand,0.6143340017608322
88,16,2030,1,demand,0.6215862440317566
88,17,2030,1,demand,0.6159928081837494
88,18,2030,1,demand,0.6310339385185135
88,19,2030,1,demand,0.6781513876127633
88,20,2030,1,demand,0.7040014613432487
88,21,2030,1,demand,0.7005132539392515
88,22,2030,1,demand,0.6518225766086266
88,23,2030,1,demand,0.5969960490380968
88,24,2030,1,demand,0.5750281199000368
88,1,2030,1,solar,0.0
88,2,2030,1,solar,0.0
88,3,2030,1,solar,0.0
88,4,2030,1,solar,0.0
88,5,2030,1,solar,0.0
88,6,2030,1,solar,0.0
88,7,2030,1,solar,0.0
88,8,2030,1,solar,0.0
88,9,2030,1,solar,0.025312531930898656
88,10,2030,1,solar,0.10222372378500755
88,11,2030,1,solar,0.1870089260618804
88,12,2030,1,solar,0.24944638110695888
88,13,2030,1,solar,0.30528741507141155
88,14,2030,1,solar,0.2973670050308596
88,15,2030,1,solar,0.22465081263333725
88,16,2030,1,solar,0.150608312464787
88,17,2030,1,solar,0.0591646635999262
88,18,2030,1,solar,0.0
88,19,2030,1,solar,0.0
88,20,2030,1,solar,0.0
88,21,2030,1,solar,0.0
88,22,2030,1,solar,0.0
88,23,2030,1,solar,0.0
88,24,2030,1,solar,0.0
88,1,2030,1,wind_offshore,0.15612289110570615
88,2,2030,1,wind_offshore,0.21005593053878463
88,3,2030,1,wind_offshore,0.29343577514972086
88,4,2030,1,wind_offshore,0.3613605089488179
88,5,2030,1,wind_offshore,0.46220426825881256
88,6,2030,1,wind_offshore,0.6038160074635863
88,7,2030,1,wind_offshore,0.6338073371902402
88,8,2030,1,wind_offshore,0.5883608650265847
88,9,2030,1,wind_offshore,0.5202835315049008
88,10,2030,1,wind_offshore,0.4737885313900608
88,11,2030,1,wind_offshore,0.5566119977587956
88,12,2030,1,wind_offshore,0.9035684243111481
88,13,2030,1,wind_offshore,1.1328414479936666
88,14,2030,1,wind_offshore,1.2111377494410556
88,15,2030,1,wind_offshore,1.2435781543672344
88,16,2030,1,wind_offshore,1.2650320044099592
88,17,2030,1,wind_offshore,1.2674959406433044
88,18,2030,1,wind_offshore,1.252381285794335
88,19,2030,1,wind_offshore,1.2375286804727756
88,20,2030,1,wind_offshore,1.2383430126902815
88,21,2030,1,wind_offshore,1.228565736415846
88,22,2030,1,wind_offshore,1.2234114161341514
88,23,2030,1,wind_offshore,1.2135722990775772
88,24,2030,1,wind_offshore,1.2364322319583114
88,1,2030,1,wind_onshore,0.16203617471127713
88,2,2030,1,wind_onshore,0.15562429585248969
88,3,2030,1,wind_onshore,0.15120067110760466
88,4,2030,1,wind_onshore,0.15704004959645093
88,5,2030,1,wind_onshore,0.14739843444643214
88,6,2030,1,wind_onshore,0.15084030113711872
88,7,2030,1,wind_onshore,0.14680261515694099
88,8,2030,1,wind_onshore,0.14907551073195344
88,9,2030,1,wind_onshore,0.15574919916646332
88,10,2030,1,wind_onshore,0.16104721479171985
88,11,2030,1,wind_onshore,0.1655928808838609
88,12,2030,1,wind_onshore,0.1919658620303121
88,13,2030,1,wind_onshore,0.23142561339629825
88,14,2030,1,wind_onshore,0.28041816655652646
88,15,2030,1,wind_onshore,0.32065118038232726
88,16,2030,1,wind_onshore,0.29957492407059677
88,17,2030,1,wind_onshore,0.27387749687520146
88,18,2030,1,wind_onshore,0.2890592241173056
88,19,2030,1,wind_onshore,0.2935586480219095
88,20,2030,1,wind_onshore,0.29504675372495237
88,21,2030,1,wind_onshore,0.3024064876991136
88,22,2030,1,wind_onshore,0.31816433317959286
88,23,2030,1,wind_onshore,0.3376821415987567
88,24,2030,1,wind_onshore,0.3567863235282782
89,1,2030,1,demand,0.5174723419133449
89,2,2030,1,demand,0.515992863611532
89,3,2030,1,demand,0.4850412897582484
89,4,2030,1,demand,0.48308991980881344
89,5,2030,1,demand,0.4958191886103668
89,6,2030,1,demand,0.5162462510032688
89,7,2030,1,demand,0.552108573442064
89,8,2030,1,demand,0.5960273387234922
89,9,2030,1,demand,0.6306510964460873
89,10,2030,1,demand,0.6617812735326366
89,11,2030,1,demand,0.6821856410367034
89,12,2030,1,demand,0.7083705864673652
89,13,2030,1,demand,0.707050205187464
89,14,2030,1,demand,0.697763225172574
89,15,2030,1,demand,0.6926995761425384
89,16,2030,1,demand,0.703972649598288
89,17,2030,1,demand,0.7134240559181902
89,18,2030,1,demand,0.7083612098727521
89,19,2030,1,demand,0.6969733498627781
89,20,2030,1,demand,0.692112050110055
89,21,2030,1,demand,0.6804541994037032
89,22,2030,1,demand,0.6379502367735357
89,23,2030,1,demand,0.5941969944622802
89,24,2030,1,demand,0.5866025169541076
89,1,2030,1,solar,0.0
89,2,2030,1,solar,0.0
89,3,2030,1,solar,0.0
89,4,2030,1,solar,0.0
89,5,2030,1,solar,0.0
89,6,2030,1,solar,0.0
89,7,2030,1,solar,0.004931516271677561
89,8,2030,1,solar,0.1584286807705544
89,9,2030,1,solar,0.423955721206239
89,10,2030,1,solar,0.6618633068859657
89,11,2030,1,solar,0.8263477981964985
89,12,2030,1,solar,0.9375682591228715
89,13,2030,1,solar,0.9423499930255099
89,14,2030,1,solar,0.9326458749811101
89,15,2030,1,solar,0.830505830316172
89,16,2030,1,solar,0.6781905555030764
89,17,2030,1,solar,0.48919403889358026
89,18,2030,1,solar,0.255862147575048
89,19,2030,1,solar,0.04779756329418266
89,20,2030,1,solar,0.0
89,21,2030,1,solar,0.0
89,22,2030,1,solar,0.0
89,23,2030,1,solar,0.0
89,24,2030,1,solar,0.0
89,1,2030,1,wind_offshore,1.1961770011413073
89,2,2030,1,wind_offshore,1.2191172669531605
89,3,2030,1,wind_offshore,1.2366008468450882
89,4,2030,1,wind_offshore,1.2226348504788054
89,5,2030,1,wind_offshore,1.230448470155359
89,6,2030,1,wind_offshore,1.2437503992993895
89,7,2030,1,wind_offshore,1.2463075008241757
89,8,2030,1,wind_offshore,1.2518047095118423
89,9,2030,1,wind_offshore,1.2516303781803026
89,10,2030,1,wind_offshore,1.2605228803339261
89,11,2030,1,wind_offshore,1.2431222965347812
89,12,2030,1,wind_offshore,1.257363769604125
89,13,2030,1,wind_offshore,1.2458226310506204
89,14,2030,1,wind_offshore,1.2540408675579935
89,15,2030,1,wind_offshore,1.2549469985420654
89,16,2030,1,wind_offshore,1.260320877438442
89,17,2030,1,wind_offshore,1.265434277723435
89,18,2030,1,wind_offshore,1.2599228294694589
89,19,2030,1,wind_offshore,1.2759885015327568
89,20,2030,1,wind_offshore,1.2916454620669644
89,21,2030,1,wind_offshore,1.2775521593021375
89,22,2030,1,wind_offshore,1.2688045470247318
89,23,2030,1,wind_offshore,1.2746729694113006
89,24,2030,1,wind_offshore,1.266099179172961
89,1,2030,1,wind_onshore,0.37331569172256013
89,2,2030,1,wind_onshore,0.3561835413112577
89,3,2030,1,wind_onshore,0.33083411664448614
89,4,2030,1,wind_onshore,0.3057819399731746
89,5,2030,1,wind_onshore,0.2917765832214089
89,6,2030,1,wind_onshore,0.2794521422389205
89,7,2030,1,wind_onshore,0.27773531546070923
89,8,2030,1,wind_onshore,0.2635764797705537
89,9,2030,1,wind_onshore,0.22168236917250414
89,10,2030,1,wind_onshore,0.22030300141408754
89,11,2030,1,wind_onshore,0.19572994132799093
89,12,2030,1,wind_onshore,0.2004635153578067
89,13,2030,1,wind_onshore,0.212166096035932
89,14,2030,1,wind_onshore,0.22186871089050622
89,15,2030,1,wind_onshore,0.24438654403213977
89,16,2030,1,wind_onshore,0.2910650653007001
89,17,2030,1,wind_onshore,0.3496590184152571
89,18,2030,1,wind_onshore,0.4254001239901626
89,19,2030,1,wind_onshore,0.4799170196520902
89,20,2030,1,wind_onshore,0.5333552690028133
89,21,2030,1,wind_onshore,0.5085497743108438
89,22,2030,1,wind_onshore,0.4738331627575496
89,23,2030,1,wind_onshore,0.4049175051450809
89,24,2030,1,wind_onshore,0.40504822599945833
90,1,2030,1,demand,0.5543178489672216
90,2,2030,1,demand,0.537670342860965
90,3,2030,1,demand,0.5297075048592165
90,4,2030,1,demand,0.526758055624015
90,5,2030,1,demand,0.5196102374479762
90,6,2030,1,demand,0.5065827264828026
90,7,2030,1,demand,0.4993184086535997
90,8,2030,1,demand,0.5210575816489352
90,9,2030,1,demand,0.5656699289686328
90,10,2030,1,demand,0.5955222254195081
90,11,2030,1,demand,0.6276198853796386
90,12,2030,1,demand,0.6435358969136277
90,13,2030,1,demand,0.6452700156149371
90,14,2030,1,demand,0.6462333524146824
90,15,2030,1,demand,0.6336396228634085
90,16,2030,1,demand,0.6303517194004635
90,17,2030,1,demand,0.6217081149710209
90,18,2030,1,demand,0.6131875328244037
90,19,2030,1,demand,0.5963134140858322
90,20,2030,1,demand,0.603685649281366
90,21,2030,1,demand,0.6089343224411901
90,22,2030,1,demand,0.5901546121150496
90,23,2030,1,demand,0.5631326120412999
90,24,2030,1,demand,0.5578553537634364
90,1,2030,1,solar,0.0
90,2,2030,1,solar,0.0
90,3,2030,1,solar,0.0
90,4,2030,1,solar,0.0
90,5,2030,1,solar,0.0
90,6,2030,1,solar,0.00023461565209527665
90,7,2030,1,solar,0.034705743214281375
90,8,2030,1,solar,0.22867454348458466
90,9,2030,1,solar,0.471583084123767
90,10,2030,1,solar,0.6848547742363716
90,11,2030,1,solar,0.8255705800581622
90,12,2030,1,solar,0.9097244567509956
90,13,2030,1,solar,0.9539820471607524
90,14,2030,1,solar,0.9314298423464502
90,15,2030,1,solar,0.852904700787979
90,16,2030,1,solar,0.7407722671408514
90,17,2030,1,solar,0.5661131541140247
90,18,2030,1,solar,0.36228658514777246
90,19,2030,1,solar,0.13505694197726328
90,20,2030,1,solar,0.004260917619943807
90,21,2030,1,solar,0.0
90,22,2030,1,solar,0.0
90,23,2030,1,solar,0.0
90,24,2030,1,solar,0.0
90,1,2030,1,wind_offshore,1.1190329806548638
90,2,2030,1,wind_offshore,1.114345642139298
90,3,2030,1,wind_offshore,1.1092152072361026
90,4,2030,1,wind_offshore,1.084144895231392
90,5,2030,1,wind_offshore,1.0706322543206108
90,6,2030,1,wind_offshore,1.0531336852412736
90,7,2030,1,wind_offshore,0.969878741156924
90,8,2030,1,wind_offshore,0.897969975815725
90,9,2030,1,wind_offshore,0.8727287003282036
90,10,2030,1,wind_offshore,0.9240234031712061
90,11,2030,1,wind_offshore,0.9017713373630245
90,12,2030,1,wind_offshore,1.0101016542339627
90,13,2030,1,wind_offshore,1.1224020865573345
90,14,2030,1,wind_offshore,1.185951386720777
90,15,2030,1,wind_offshore,1.2112005369613374
90,16,2030,1,wind_offshore,1.2096107151804616
90,17,2030,1,wind_offshore,1.2176120788729194
90,18,2030,1,wind_offshore,1.21793467082296
90,19,2030,1,wind_offshore,1.2131152808042418
90,20,2030,1,wind_offshore,1.2097865700265027
90,21,2030,1,wind_offshore,1.2061271820031578
90,22,2030,1,wind_offshore,1.2089480188228783
90,23,2030,1,wind_offshore,1.2402231838805844
90,24,2030,1,wind_offshore,1.253163180493656
90,1,2030,1,wind_onshore,0.3622793074931872
90,2,2030,1,wind_onshore,0.33851646407417874
90,3,2030,1,wind_onshore,0.3216303178686811
90,4,2030,1,wind_onshore,0.30619277500339526
90,5,2030,1,wind_onshore,0.29964580984182376
90,6,2030,1,wind_onshore,0.28603092106874806
90,7,2030,1,wind_onshore,0.27737462463327406
90,8,2030,1,wind_onshore,0.24766631310518178
90,9,2030,1,wind_onshore,0.26686832240188096
90,10,2030,1,wind_onshore,0.28528794880375974
90,11,2030,1,wind_onshore,0.29576630390304554
90,12,2030,1,wind_onshore,0.2931811488025532
90,13,2030,1,wind_onshore,0.3047208536379336
90,14,2030,1,wind_onshore,0.3340434463324149
90,15,2030,1,wind_onshore,0.3894925898162944
90,16,2030,1,wind_onshore,0.424740829953431
90,17,2030,1,wind_onshore,0.4501424167655137
90,18,2030,1,wind_onshore,0.46298213220732093
90,19,2030,1,wind_onshore,0.4418111420613938
90,20,2030,1,wind_onshore,0.40451304102683083
90,21,2030,1,wind_onshore,0.3948597931217127
90,22,2030,1,wind_onshore,0.36425265624714004
90,23,2030,1,wind_onshore,0.39129939237665073
90,24,2030,1,wind_onshore,0.38699839682166554
91,1,2030,1,demand,0.5005401230461667
91,2,2030,1,demand,0.46913904693672726
91,3,2030,1,demand,0.4551800983565856
91,4,2030,1,demand,0.43972434586201326
91,5,2030,1,demand,0.43099427528487955
91,6,2030,1,demand,0.4263734362305142
91,7,2030,1,demand,0.43522443746157913
91,8,2030,1,demand,0.46549204200807753
91,9,2030,1,demand,0.5043604041397205
91,10,2030,1,demand,0.5371827726510113
91,11,2030,1,demand,0.5527056516160458
91,12,2030,1,demand,0.5519303703069653
91,13,2030,1,demand,0.5586577812335759
91,14,2030,1,demand,0.5608907453712595
91,15,2030,1,demand,0.5416699958090773
91,16,2030,1,demand,0.521519477625331
91,17,2030,1,demand,0.5125548239165694
91,18,2030,1,demand,0.5339117984093412
91,19,2030,1,demand,0.5821140763828427
91,20,2030,1,demand,0.609358017102565
91,21,2030,1,demand,0.6219416775763192
91,22,2030,1,demand,0.593618527394608
91,23,2030,1,demand,0.5509249322169844
91,24,2030,1,demand,0.5331248182283553
91,1,2030,1,solar,0.0
91,2,2030,1,solar,0.0
91,3,2030,1,solar,0.0
91,4,2030,1,solar,0.0
91,5,2030,1,solar,0.0
91,6,2030,1,solar,0.0
91,7,2030,1,solar,0.0
91,8,2030,1,solar,0.022079486401403958
91,9,2030,1,solar,0.2621435424977363
91,10,2030,1,solar,0.5378316970571692
91,11,2030,1,solar,0.7078713666738129
91,12,2030,1,solar,0.7994961479130002
91,13,2030,1,solar,0.8163676079287215
91,14,2030,1,solar,0.7778156183449979
91,15,2030,1,solar,0.6913462741979468
91,16,2030,1,solar,0.5341460626161769
91,17,2030,1,solar,0.32617918614123725
91,18,2030,1,solar,0.13553602565394243
91,19,2030,1,solar,3.099793745749556e-5
91,20,2030,1,solar,0.0
91,21,2030,1,solar,0.0
91,22,2030,1,solar,0.0
91,23,2030,1,solar,0.0
91,24,2030,1,solar,0.0
91,1,2030,1,wind_offshore,0.9985067812785916
91,2,2030,1,wind_offshore,0.9340841818334008
91,3,2030,1,wind_offshore,0.8509951790256758
91,4,2030,1,wind_offshore,0.6857683485735593
91,5,2030,1,wind_offshore,0.6260327338230001
91,6,2030,1,wind_offshore,0.5975567942460982
91,7,2030,1,wind_offshore,0.5298242658352568
91,8,2030,1,wind_offshore,0.4186245859169264
91,9,2030,1,wind_offshore,0.3325547671054409
91,10,2030,1,wind_offshore,0.32360498198935034
91,11,2030,1,wind_offshore,0.22536693073936878
91,12,2030,1,wind_offshore,0.4154443257311449
91,13,2030,1,wind_offshore,0.7482874891555975
91,14,2030,1,wind_offshore,1.1177876539827518
91,15,2030,1,wind_offshore,1.2650252199784506
91,16,2030,1,wind_offshore,1.2673449311897511
91,17,2030,1,wind_offshore,1.2779016354634796
91,18,2030,1,wind_offshore,1.2520843754406827
91,19,2030,1,wind_offshore,1.2608847506455987
91,20,2030,1,wind_offshore,1.3047820842475588
91,21,2030,1,wind_offshore,1.3182741802883444
91,22,2030,1,wind_offshore,1.3102246006168232
91,23,2030,1,wind_offshore,1.3006470830496206
91,24,2030,1,wind_offshore,1.275469277274467
91,1,2030,1,wind_onshore,0.8212259323249171
91,2,2030,1,wind_onshore,0.8039861649925408
91,3,2030,1,wind_onshore,0.7795218887422757
91,4,2030,1,wind_onshore,0.7861172678572111
91,5,2030,1,wind_onshore,0.7812519435232119
91,6,2030,1,wind_onshore,0.7640029179562906
91,7,2030,1,wind_onshore,0.7346906496164638
91,8,2030,1,wind_onshore,0.7121382872567442
91,9,2030,1,wind_onshore,0.6555826053693011
91,10,2030,1,wind_onshore,0.6635373270045292
91,11,2030,1,wind_onshore,0.7388885940642363
91,12,2030,1,wind_onshore,0.8017723441593503
91,13,2030,1,wind_onshore,0.8512069379297263
91,14,2030,1,wind_onshore,0.8674499637970889
91,15,2030,1,wind_onshore,0.9073063807123678
91,16,2030,1,wind_onshore,0.9196280756440102
91,17,2030,1,wind_onshore,0.9647107074718467
91,18,2030,1,wind_onshore,0.8827912407882353
91,19,2030,1,wind_onshore,0.7956901318394739
91,20,2030,1,wind_onshore,0.7481991975884469
91,21,2030,1,wind_onshore,0.7614655284798972
91,22,2030,1,wind_onshore,0.7821627491356169
91,23,2030,1,wind_onshore,0.8384455243149516
91,24,2030,1,wind_onshore,0.8645698967308896
92,1,2030,1,demand,0.48755421007136146
92,2,2030,1,demand,0.48537966129581045
92,3,2030,1,demand,0.4929838300057726
92,4,2030,1,demand,0.48681704843256207
92,5,2030,1,demand,0.5031791010263622
92,6,2030,1,demand,0.5395452656500825
92,7,2030,1,demand,0.575335043623882
92,8,2030,1,demand,0.6212855264925605
92,9,2030,1,demand,0.6475188761935643
92,10,2030,1,demand,0.6516701562581806
92,11,2030,1,demand,0.6607119558850757
92,12,2030,1,demand,0.6529126342799165
92,13,2030,1,demand,0.6330560612928738
92,14,2030,1,demand,0.6163929417373075
92,15,2030,1,demand,0.5983037777946818
92,16,2030,1,demand,0.5933419124684636
92,17,2030,1,demand,0.5894410916812688
92,18,2030,1,demand,0.5965556371322078
92,19,2030,1,demand,0.5988406638623329
92,20,2030,1,demand,0.6123946452126499
92,21,2030,1,demand,0.5944518080895855
92,22,2030,1,demand,0.5523235773280126
92,23,2030,1,demand,0.5099680647705929
92,24,2030,1,demand,0.5076483820710211
92,1,2030,1,solar,0.0
92,2,2030,1,solar,0.0
92,3,2030,1,solar,0.0
92,4,2030,1,solar,0.0
92,5,2030,1,solar,0.0
92,6,2030,1,solar,0.0
92,7,2030,1,solar,0.0
92,8,2030,1,solar,0.13122354530882416
92,9,2030,1,solar,0.40993591870518453
92,10,2030,1,solar,0.6829103887290128
92,11,2030,1,solar,0.834868805263619
92,12,2030,1,solar,0.8956465207678351
92,13,2030,1,solar,0.8984823881919547
92,14,2030,1,solar,0.8668862590968438
92,15,2030,1,solar,0.7945095610669546
92,16,2030,1,solar,0.657045800956137
92,17,2030,1,solar,0.43931253741650955
92,18,2030,1,solar,0.1749908506226434
92,19,2030,1,solar,0.0017246776865408415
92,20,2030,1,solar,0.0
92,21,2030,1,solar,0.0
92,22,2030,1,solar,0.0
92,23,2030,1,solar,0.0
92,24,2030,1,solar,0.0
92,1,2030,1,wind_offshore,0.24000731166666484
92,2,2030,1,wind_offshore,0.30053172294334174
92,3,2030,1,wind_offshore,0.2654165222925393
92,4,2030,1,wind_offshore,0.20619125648243333
92,5,2030,1,wind_offshore,0.1829152953424937
92,6,2030,1,wind_offshore,0.09626060468122813
92,7,2030,1,wind_offshore,0.13809663140985698
92,8,2030,1,wind_offshore,0.15208145668428263
92,9,2030,1,wind_offshore,0.22802608352973897
92,10,2030,1,wind_offshore,0.30131127208585917
92,11,2030,1,wind_offshore,0.38750316085467246
92,12,2030,1,wind_offshore,0.4157711655843933
92,13,2030,1,wind_offshore,0.3639985227889734
92,14,2030,1,wind_offshore,0.43031621478276394
92,15,2030,1,wind_offshore,0.43504215697478826
92,16,2030,1,wind_offshore,0.618993525527171
92,17,2030,1,wind_offshore,0.6936658833735285
92,18,2030,1,wind_offshore,0.7200726337240032
92,19,2030,1,wind_offshore,0.7907146489240554
92,20,2030,1,wind_offshore,0.8360668004226093
92,21,2030,1,wind_offshore,0.8485320006319442
92,22,2030,1,wind_offshore,0.7649499945886866
92,23,2030,1,wind_offshore,0.668309628567172
92,24,2030,1,wind_offshore,0.6929445976792341
92,1,2030,1,wind_onshore,0.2168322860190341
92,2,2030,1,wind_onshore,0.20143539274122135
92,3,2030,1,wind_onshore,0.1938940299765861
92,4,2030,1,wind_onshore,0.19168578817986823
92,5,2030,1,wind_onshore,0.17260483295133605
92,6,2030,1,wind_onshore,0.15846000943431895
92,7,2030,1,wind_onshore,0.1503826458365172
92,8,2030,1,wind_onshore,0.1409791656022224
92,9,2030,1,wind_onshore,0.12113953481600923
92,10,2030,1,wind_onshore,0.13031426134824678
92,11,2030,1,wind_onshore,0.11042707227891803
92,12,2030,1,wind_onshore,0.12188313136537388
92,13,2030,1,wind_onshore,0.129839788745749
92,14,2030,1,wind_onshore,0.1691578628442884
92,15,2030,1,wind_onshore,0.21806227717424131
92,16,2030,1,wind_onshore,0.24336151349126217
92,17,2030,1,wind_onshore,0.2674237543375567
92,18,2030,1,wind_onshore,0.26975505545920453
92,19,2030,1,wind_onshore,0.24479968427944945
92,20,2030,1,wind_onshore,0.254418033647649
92,21,2030,1,wind_onshore,0.2764618515773958
92,22,2030,1,wind_onshore,0.2742887941400941
92,23,2030,1,wind_onshore,0.2795954994721995
92,24,2030,1,wind_onshore,0.2819547164771263
93,1,2030,1,demand,0.49934928214451024
93,2,2030,1,demand,0.48468897364647906
93,3,2030,1,demand,0.48045565970698617
93,4,2030,1,demand,0.47064291225008736
93,5,2030,1,demand,0.46953602906363767
93,6,2030,1,demand,0.4949424954563494
93,7,2030,1,demand,0.5347003117086933
93,8,2030,1,demand,0.5689968677985849
93,9,2030,1,demand,0.5993910933095777
93,10,2030,1,demand,0.6325549859453162
93,11,2030,1,demand,0.6446107265244198
93,12,2030,1,demand,0.6508250031062421
93,13,2030,1,demand,0.6320049302144013
93,14,2030,1,demand,0.6372795828836728
93,15,2030,1,demand,0.6287809427816672
93,16,2030,1,demand,0.6244023791687151
93,17,2030,1,demand,0.6192713100995623
93,18,2030,1,demand,0.6333590901879111
93,19,2030,1,demand,0.6523921064571214
93,20,2030,1,demand,0.6786885081622841
93,21,2030,1,demand,0.6705077567727795
93,22,2030,1,demand,0.6239807284655531
93,23,2030,1,demand,0.5718367031782977
93,24,2030,1,demand,0.5557683827078478
93,1,2030,1,solar,0.0
93,2,2030,1,solar,0.0
93,3,2030,1,solar,0.0
93,4,2030,1,solar,0.0
93,5,2030,1,solar,0.0
93,6,2030,1,solar,0.0
93,7,2030,1,solar,0.0
93,8,2030,1,solar,0.0
93,9,2030,1,solar,0.12517919526061821
93,10,2030,1,solar,0.257525106133656
93,11,2030,1,solar,0.3766103796325043
93,12,2030,1,solar,0.47613790747757373
93,13,2030,1,solar,0.5183066954956606
93,14,2030,1,solar,0.4949474650720409
93,15,2030,1,solar,0.40845338211857907
93,16,2030,1,solar,0.27711869062084254
93,17,2030,1,solar,0.1277074376098897
93,18,2030,1,solar,0.0
93,19,2030,1,solar,0.0
93,20,2030,1,solar,0.0
93,21,2030,1,solar,0.0
93,22,2030,1,solar,0.0
93,23,2030,1,solar,0.0
93,24,2030,1,solar,0.0
93,1,2030,1,wind_offshore,1.212395255210384
93,2,2030,1,wind_offshore,1.194982738164575
93,3,2030,1,wind_offshore,1.1665100999199716
93,4,2030,1,wind_offshore,1.164795373102718
93,5,2030,1,wind_offshore,1.109238082328952
93,6,2030,1,wind_offshore,1.0772430761357485
93,7,2030,1,wind_offshore,1.0304847648344284
93,8,2030,1,wind_offshore,0.9965880366723958
93,9,2030,1,wind_offshore,1.0436129314504605
93,10,2030,1,wind_offshore,1.1067501757399794
93,11,2030,1,wind_offshore,1.158869103793263
93,12,2030,1,wind_offshore,1.1464252840752394
93,13,2030,1,wind_offshore,1.177752489661928
93,14,2030,1,wind_offshore,1.1650385924611555
93,15,2030,1,wind_offshore,1.1522489937586167
93,16,2030,1,wind_offshore,1.0295388304200106
93,17,2030,1,wind_offshore,0.8992053033497376
93,18,2030,1,wind_offshore,1.0520141116453217
93,19,2030,1,wind_offshore,1.0472105646842502
93,20,2030,1,wind_offshore,0.9652007578607165
93,21,2030,1,wind_offshore,0.9500873915858375
93,22,2030,1,wind_offshore,0.8835595825417605
93,23,2030,1,wind_offshore,0.9697122053728541
93,24,2030,1,wind_offshore,0.7959370384251102
93,1,2030,1,wind_onshore,0.5586553293625844
93,2,2030,1,wind_onshore,0.5940473222917013
93,3,2030,1,wind_onshore,0.6206141125177679
93,4,2030,1,wind_onshore,0.6178886035258105
93,5,2030,1,wind_onshore,0.6349710935929069
93,6,2030,1,wind_onshore,0.6344100521592745
93,7,2030,1,wind_onshore,0.6484398167714807
93,8,2030,1,wind_onshore,0.6503973324731944
93,9,2030,1,wind_onshore,0.6504781139526516
93,10,2030,1,wind_onshore,0.6317428322620785
93,11,2030,1,wind_onshore,0.63640615065777
93,12,2030,1,wind_onshore,0.7324287032391977
93,13,2030,1,wind_onshore,0.7646083838611615
93,14,2030,1,wind_onshore,0.7791624104681092
93,15,2030,1,wind_onshore,0.7764697523322592
93,16,2030,1,wind_onshore,0.7646879696597316
93,17,2030,1,wind_onshore,0.6897359997748856
93,18,2030,1,wind_onshore,0.6058856695122747
93,19,2030,1,wind_onshore,0.5636876277265356
93,20,2030,1,wind_onshore,0.6000118529107696
93,21,2030,1,wind_onshore,0.628451939959492
93,22,2030,1,wind_onshore,0.6399412595016024
93,23,2030,1,wind_onshore,0.5867083713054091
93,24,2030,1,wind_onshore,0.604506572657209
94,1,2030,1,demand,0.5198105651718095
94,2,2030,1,demand,0.5010151556528614
94,3,2030,1,demand,0.49380661336381365
94,4,2030,1,demand,0.4764613324750997
94,5,2030,1,demand,0.48004692127561577
94,6,2030,1,demand,0.4682415149832605
94,7,2030,1,demand,0.4792084292372157
94,8,2030,1,demand,0.5120058452315402
94,9,2030,1,demand,0.5495438449619401
94,10,2030,1,demand,0.5808694192743244
94,11,2030,1,demand,0.6046182069634782
94,12,2030,1,demand,0.6062429740945784
94,13,2030,1,demand,0.616177393014378
94,14,2030,1,demand,0.6021400276475325
94,15,2030,1,demand,0.583404432216291
94,16,2030,1,demand,0.5686700686637943
94,17,2030,1,demand,0.5644349014490543
94,18,2030,1,demand,0.5681875775912918
94,19,2030,1,demand,0.581551649652008
94,20,2030,1,demand,0.599681110569279
94,21,2030,1,demand,0.6143057943451776
94,22,2030,1,demand,0.5953723126657954
94,23,2030,1,demand,0.5614595560576594
94,24,2030,1,demand,0.5427689219389141
94,1,2030,1,solar,0.0
94,2,2030,1,solar,0.0
94,3,2030,1,solar,0.0
94,4,2030,1,solar,0.0
94,5,2030,1,solar,0.0
94,6,2030,1,solar,0.0
94,7,2030,1,solar,0.0
94,8,2030,1,solar,9.611107942888297e-5
94,9,2030,1,solar,0.11479552312527788
94,10,2030,1,solar,0.27466493533889025
94,11,2030,1,solar,0.4105328351485759
94,12,2030,1,solar,0.5118353792129905
94,13,2030,1,solar,0.5637753467483522
94,14,2030,1,solar,0.5488126388380563
94,15,2030,1,solar,0.4411090958203398
94,16,2030,1,solar,0.27212488498023574
94,17,2030,1,solar,0.1080767107156639
94,18,2030,1,solar,0.0
94,19,2030,1,solar,0.0
94,20,2030,1,solar,0.0
94,21,2030,1,solar,0.0
94,22,2030,1,solar,0.0
94,23,2030,1,solar,0.0
94,24,2030,1,solar,0.0
94,1,2030,1,wind_offshore,0.032775282755086156
94,2,2030,1,wind_offshore,0.012348758475191075
94,3,2030,1,wind_offshore,0.0027327532127756414
94,4,2030,1,wind_offshore,0.0
94,5,2030,1,wind_offshore,0.0
94,6,2030,1,wind_offshore,0.0004085402824517852
94,7,2030,1,wind_offshore,0.015344768001214473
94,8,2030,1,wind_offshore,0.04637294862627568
94,9,2030,1,wind_offshore,0.10077097240423982
94,10,2030,1,wind_offshore,0.15150616610828938
94,11,2030,1,wind_offshore,0.32074260247614306
94,12,2030,1,wind_offshore,0.32742297365136946
94,13,2030,1,wind_offshore,0.2698544953344425
94,14,2030,1,wind_offshore,0.21453837019782476
94,15,2030,1,wind_offshore,0.1573186106145296
94,16,2030,1,wind_offshore,0.09639171412108784
94,17,2030,1,wind_offshore,0.038499991599842874
94,18,2030,1,wind_offshore,0.0036669599952840397
94,19,2030,1,wind_offshore,0.0
94,20,2030,1,wind_offshore,0.0009426559555040357
94,21,2030,1,wind_offshore,0.025408850894254233
94,22,2030,1,wind_offshore,0.0423695665468187
94,23,2030,1,wind_offshore,0.06380652174132444
94,24,2030,1,wind_offshore,0.032589360045436465
94,1,2030,1,wind_onshore,0.27035199933011006
94,2,2030,1,wind_onshore,0.2661473259939759
94,3,2030,1,wind_onshore,0.2550683278818216
94,4,2030,1,wind_onshore,0.25848765731031337
94,5,2030,1,wind_onshore,0.26830414760608096
94,6,2030,1,wind_onshore,0.28354323095797757
94,7,2030,1,wind_onshore,0.30738772357537897
94,8,2030,1,wind_onshore,0.3333534533855374
94,9,2030,1,wind_onshore,0.3590135521621788
94,10,2030,1,wind_onshore,0.359850806890944
94,11,2030,1,wind_onshore,0.36458828796375764
94,12,2030,1,wind_onshore,0.41553590515071254
94,13,2030,1,wind_onshore,0.492601340814853
94,14,2030,1,wind_onshore,0.5434142508480494
94,15,2030,1,wind_onshore,0.5741984729526013
94,16,2030,1,wind_onshore,0.6158599144825513
94,17,2030,1,wind_onshore,0.6581443147099889
94,18,2030,1,wind_onshore,0.6873203690799161
94,19,2030,1,wind_onshore,0.7139873311720086
94,20,2030,1,wind_onshore,0.7316600532391148
94,21,2030,1,wind_onshore,0.7053375754904067
94,22,2030,1,wind_onshore,0.700902982610975
94,23,2030,1,wind_onshore,0.6879129048652466
94,24,2030,1,wind_onshore,0.7142801030238641
95,1,2030,1,demand,0.497875960329893
95,2,2030,1,demand,0.49467876409925354
95,3,2030,1,demand,0.4909128571625074
95,4,2030,1,demand,0.4860567727371877
95,5,2030,1,demand,0.49660752557395205
95,6,2030,1,demand,0.5308778184728621
95,7,2030,1,demand,0.5673660906747428
95,8,2030,1,demand,0.601483847533633
95,9,2030,1,demand,0.6267445047928821
95,10,2030,1,demand,0.6389020636178089
95,11,2030,1,demand,0.6365555697688422
95,12,2030,1,demand,0.6363605357254276
95,13,2030,1,demand,0.619728936602864
95,14,2030,1,demand,0.6058328746647677
95,15,2030,1,demand,0.593540617622941
95,16,2030,1,demand,0.5858247097283241
95,17,2030,1,demand,0.5828518764054704
95,18,2030,1,demand,0.573111691882748
95,19,2030,1,demand,0.5778273733607261
95,20,2030,1,demand,0.5845349188312957
95,21,2030,1,demand,0.575636521870978
95,22,2030,1,demand,0.5454542573652377
95,23,2030,1,demand,0.5119170312995626
95,24,2030,1,demand,0.49646449775248697
95,1,2030,1,solar,0.0
95,2,2030,1,solar,0.0
95,3,2030,1,solar,0.0
95,4,2030,1,solar,0.0
95,5,2030,1,solar,0.0
95,6,2030,1,solar,0.0014222737608249592
95,7,2030,1,solar,0.061804802204149814
95,8,2030,1,solar,0.25521848334714486
95,9,2030,1,solar,0.48440341684704613
95,10,2030,1,solar,0.6630627359767087
95,11,2030,1,solar,0.7707987260418492
95,12,2030,1,solar,0.8259791970156278
95,13,2030,1,solar,0.8562451800794205
95,14,2030,1,solar,0.8364271249352826
95,15,2030,1,solar,0.7410358381088124
95,16,2030,1,solar,0.6023656736480067
95,17,2030,1,solar,0.47030053783877207
95,18,2030,1,solar,0.314924271129796
95,19,2030,1,solar,0.1332471663217642
95,20,2030,1,solar,0.008091795838531727
95,21,2030,1,solar,0.0
95,22,2030,1,solar,0.0
95,23,2030,1,solar,0.0
95,24,2030,1,solar,0.0
95,1,2030,1,wind_offshore,0.7122603463556282
95,2,2030,1,wind_offshore,0.6507859549074464
95,3,2030,1,wind_offshore,0.5921935667778537
95,4,2030,1,wind_offshore,0.5238086595698751
95,5,2030,1,wind_offshore,0.46049537123006473
95,6,2030,1,wind_offshore,0.4895914401549597
95,7,2030,1,wind_offshore,0.5726624619615506
95,8,2030,1,wind_offshore,0.5928387145879439
95,9,2030,1,wind_offshore,0.5386923018828147
95,10,2030,1,wind_offshore,0.4637756856876754
95,11,2030,1,wind_offshore,0.3867289709522481
95,12,2030,1,wind_offshore,0.29566264134416187
95,13,2030,1,wind_offshore,0.23685499310150657
95,14,2030,1,wind_offshore,0.20405232545616203
95,15,2030,1,wind_offshore,0.1992395028985441
95,16,2030,1,wind_offshore,0.2412318543867685
95,17,2030,1,wind_offshore,0.35432602482773373
95,18,2030,1,wind_offshore,0.48416434562529453
95,19,2030,1,wind_offshore,0.5944271915693012
95,20,2030,1,wind_offshore,0.6697182526027305
95,21,2030,1,wind_offshore,0.6474261807847081
95,22,2030,1,wind_offshore,0.6453628274271043
95,23,2030,1,wind_offshore,0.513589062139598
95,24,2030,1,wind_offshore,0.5977008132568573
95,1,2030,1,wind_onshore,0.3131338141732989
95,2,2030,1,wind_onshore,0.29342143060852616
95,3,2030,1,wind_onshore,0.2728204362374942
95,4,2030,1,wind_onshore,0.2524021625711713
95,5,2030,1,wind_onshore,0.2359024113667042
95,6,2030,1,wind_onshore,0.23074231929235264
95,7,2030,1,wind_onshore,0.23840619252328785
95,8,2030,1,wind_onshore,0.2631286327768862
95,9,2030,1,wind_onshore,0.27852171690746896
95,10,2030,1,wind_onshore,0.278471191892463
95,11,2030,1,wind_onshore,0.2227430168099922
95,12,2030,1,wind_onshore,0.21829862998679822
95,13,2030,1,wind_onshore,0.2192218342115571
95,14,2030,1,wind_onshore,0.24826276108457718
95,15,2030,1,wind_onshore,0.28598920632676056
95,16,2030,1,wind_onshore,0.3328036705194304
95,17,2030,1,wind_onshore,0.3835080366025494
95,18,2030,1,wind_onshore,0.4060813942212402
95,19,2030,1,wind_onshore,0.3958072555343623
95,20,2030,1,wind_onshore,0.3621289669577844
95,21,2030,1,wind_onshore,0.34594828615973805
95,22,2030,1,wind_onshore,0.3227179195197267
95,23,2030,1,wind_onshore,0.25288588164168796
95,24,2030,1,wind_onshore,0.2792466086769505
96,1,2030,1,demand,0.5297740446190662
96,2,2030,1,demand,0.514996813300922
96,3,2030,1,demand,0.499817606563761
96,4,2030,1,demand,0.489592017824368
96,5,2030,1,demand,0.4927412101701941
96,6,2030,1,demand,0.5219856938620356
96,7,2030,1,demand,0.5662770823092518
96,8,2030,1,demand,0.6208776316483394
96,9,2030,1,demand,0.6515566051494942
96,10,2030,1,demand,0.6674148984730572
96,11,2030,1,demand,0.672312552223866
96,12,2030,1,demand,0.678085569624317
96,13,2030,1,demand,0.6740417052258808
96,14,2030,1,demand,0.6565667209567535
96,15,2030,1,demand,0.6425639940634994
96,16,2030,1,demand,0.6403717118236716
96,17,2030,1,demand,0.6480376486790845
96,18,2030,1,demand,0.6652707221594274
96,19,2030,1,demand,0.7053321937219132
96,20,2030,1,demand,0.723548609771401
96,21,2030,1,demand,0.7175786093183255
96,22,2030,1,demand,0.6748331229926541
96,23,2030,1,demand,0.6195722853398704
96,24,2030,1,demand,0.5882088843408274
96,1,2030,1,solar,0.0
96,2,2030,1,solar,0.0
96,3,2030,1,solar,0.0
96,4,2030,1,solar,0.0
96,5,2030,1,solar,0.0
96,6,2030,1,solar,0.0
96,7,2030,1,solar,0.0
96,8,2030,1,solar,0.0
96,9,2030,1,solar,0.08076270665179482
96,10,2030,1,solar,0.30564550746876695
96,11,2030,1,solar,0.4904888542174592
96,12,2030,1,solar,0.6257496844740255
96,13,2030,1,solar,0.7226075282290895
96,14,2030,1,solar,0.7409732713474609
96,15,2030,1,solar,0.653919501566754
96,16,2030,1,solar,0.4959728978091899
96,17,2030,1,solar,0.2609701178658931
96,18,2030,1,solar,0.009666611463882802
96,19,2030,1,solar,0.0
96,20,2030,1,solar,0.0
96,21,2030,1,solar,0.0
96,22,2030,1,solar,0.0
96,23,2030,1,solar,0.0
96,24,2030,1,solar,0.0
96,1,2030,1,wind_offshore,0.29697040913225586
96,2,2030,1,wind_offshore,0.23816851357976843
96,3,2030,1,wind_offshore,0.19054293463530672
96,4,2030,1,wind_offshore,0.23649029332930363
96,5,2030,1,wind_offshore,0.3276995567830106
96,6,2030,1,wind_offshore,0.3854077010509509
96,7,2030,1,wind_offshore,0.4051931758393143
96,8,2030,1,wind_offshore,0.4641179528376384
96,9,2030,1,wind_offshore,0.5347811765940027
96,10,2030,1,wind_offshore,0.5046652920995807
96,11,2030,1,wind_offshore,0.2246735310628892
96,12,2030,1,wind_offshore,0.21291048896079806
96,13,2030,1,wind_offshore,0.21688079254250353
96,14,2030,1,wind_offshore,0.2071091496758845
96,15,2030,1,wind_offshore,0.15407440053657542
96,16,2030,1,wind_offshore,0.15603918600867628
96,17,2030,1,wind_offshore,0.2140096985121467
96,18,2030,1,wind_offshore,0.2912437888599012
96,19,2030,1,wind_offshore,0.4663598709094926
96,20,2030,1,wind_offshore,0.5784697787782361
96,21,2030,1,wind_offshore,0.49117051154969743
96,22,2030,1,wind_offshore,0.3963773191496518
96,23,2030,1,wind_offshore,0.2754907366139296
96,24,2030,1,wind_offshore,0.35566294763741935
96,1,2030,1,wind_onshore,0.5088180774463809
96,2,2030,1,wind_onshore,0.49369943985504083
96,3,2030,1,wind_onshore,0.4784203144406777
96,4,2030,1,wind_onshore,0.4620486109595708
96,5,2030,1,wind_onshore,0.44632918799452925
96,6,2030,1,wind_onshore,0.4607567590406826
96,7,2030,1,wind_onshore,0.46909909260308114
96,8,2030,1,wind_onshore,0.46534290282205226
96,9,2030,1,wind_onshore,0.47534735301341946
96,10,2030,1,wind_onshore,0.45968359012878307
96,11,2030,1,wind_onshore,0.436114957877828
96,12,2030,1,wind_onshore,0.46619099154695337
96,13,2030,1,wind_onshore,0.4784759005575093
96,14,2030,1,wind_onshore,0.4625420960093407
96,15,2030,1,wind_onshore,0.45822936247997653
96,16,2030,1,wind_onshore,0.4601740049824444
96,17,2030,1,wind_onshore,0.4585435463222541
96,18,2030,1,wind_onshore,0.5063982507003792
96,19,2030,1,wind_onshore,0.5323877213317335
96,20,2030,1,wind_onshore,0.5394781839094909
96,21,2030,1,wind_onshore,0.5470411874907604
96,22,2030,1,wind_onshore,0.5452377086811379
96,23,2030,1,wind_onshore,0.5449330119838217
96,24,2030,1,wind_onshore,0.5492251693268192
97,1,2030,1,demand,0.5190996080871654
97,2,2030,1,demand,0.5072566269301804
97,3,2030,1,demand,0.5061997632426856
97,4,2030,1,demand,0.493190281048149
97,5,2030,1,demand,0.5055132453301366
97,6,2030,1,demand,0.525810409668785
97,7,2030,1,demand,0.5697185908933646
97,8,2030,1,demand,0.6096020727454938
97,9,2030,1,demand,0.6421905954651682
97,10,2030,1,demand,0.6569681418042691
97,11,2030,1,demand,0.6825801752113494
97,12,2030,1,demand,0.6927097676636246
97,13,2030,1,demand,0.6825658066886903
97,14,2030,1,demand,0.6720854665670782
97,15,2030,1,demand,0.6627964691896007
97,16,2030,1,demand,0.6672375624806142
97,17,2030,1,demand,0.6531639390978423
97,18,2030,1,demand,0.645050444949165
97,19,2030,1,demand,0.6404929396874889
97,20,2030,1,demand,0.6508913657644156
97,21,2030,1,demand,0.646932061675522
97,22,2030,1,demand,0.6152085111523848
97,23,2030,1,demand,0.5703579367153654
97,24,2030,1,demand,0.5605659957088828
97,1,2030,1,solar,0.0
97,2,2030,1,solar,0.0
97,3,2030,1,solar,0.0
97,4,2030,1,solar,0.0
97,5,2030,1,solar,0.0
97,6,2030,1,solar,0.0001944283445229498
97,7,2030,1,solar,0.043315750849482595
97,8,2030,1,solar,0.2217239288783286
97,9,2030,1,solar,0.4380714547803914
97,10,2030,1,solar,0.6122978899663063
97,11,2030,1,solar,0.7496271205643485
97,12,2030,1,solar,0.8432027704386522
97,13,2030,1,solar,0.8828515270179726
97,14,2030,1,solar,0.8513152371810011
97,15,2030,1,solar,0.7706398661333804
97,16,2030,1,solar,0.6452561648068572
97,17,2030,1,solar,0.4723741204812442
97,18,2030,1,solar,0.28293863363532723
97,19,2030,1,solar,0.10293981729371345
97,20,2030,1,solar,0.002408546735973956
97,21,2030,1,solar,0.0
97,22,2030,1,solar,0.0
97,23,2030,1,solar,0.0
97,24,2030,1,solar,0.0
97,1,2030,1,wind_offshore,1.2933847467343857
97,2,2030,1,wind_offshore,1.2862603775685593
97,3,2030,1,wind_offshore,1.2564230068342321
97,4,2030,1,wind_offshore,1.1644339500729275
97,5,2030,1,wind_offshore,1.0063038703274187
97,6,2030,1,wind_offshore,0.8417675771981821
97,7,2030,1,wind_offshore,0.6813873272198856
97,8,2030,1,wind_offshore,0.6122391381091442
97,9,2030,1,wind_offshore,0.6084865431127622
97,10,2030,1,wind_offshore,0.5582301248836432
97,11,2030,1,wind_offshore,0.41152798816237324
97,12,2030,1,wind_offshore,0.34820220978697697
97,13,2030,1,wind_offshore,0.29941516955560155
97,14,2030,1,wind_offshore,0.2506979278572946
97,15,2030,1,wind_offshore,0.21769867019044284
97,16,2030,1,wind_offshore,0.20321320337794563
97,17,2030,1,wind_offshore,0.20639044529222125
97,18,2030,1,wind_offshore,0.2062578154479952
97,19,2030,1,wind_offshore,0.23472648478455854
97,20,2030,1,wind_offshore,0.27370793830974416
97,21,2030,1,wind_offshore,0.3657579189803622
97,22,2030,1,wind_offshore,0.5832178799883543
97,23,2030,1,wind_offshore,0.8815074860057173
97,24,2030,1,wind_offshore,0.9031000286778696
97,1,2030,1,wind_onshore,0.5673755148325307
97,2,2030,1,wind_onshore,0.5551922585939404
97,3,2030,1,wind_onshore,0.5300351238897261
97,4,2030,1,wind_onshore,0.499900168279701
97,5,2030,1,wind_onshore,0.4716716357041488
97,6,2030,1,wind_onshore,0.43836245670813306
97,7,2030,1,wind_onshore,0.4180726403937696
97,8,2030,1,wind_onshore,0.39751864522273006
97,9,2030,1,wind_onshore,0.3986704135861862
97,10,2030,1,wind_onshore,0.4507065923919884
97,11,2030,1,wind_onshore,0.5091527445553029
97,12,2030,1,wind_onshore,0.5654852422640704
97,13,2030,1,wind_onshore,0.6175041897226403
97,14,2030,1,wind_onshore,0.6759822512853902
97,15,2030,1,wind_onshore,0.7214670995028346
97,16,2030,1,wind_onshore,0.7267890556998919
97,17,2030,1,wind_onshore,0.7322254521431807
97,18,2030,1,wind_onshore,0.6550066123206256
97,19,2030,1,wind_onshore,0.5369783632781913
97,20,2030,1,wind_onshore,0.44612901634926244
97,21,2030,1,wind_onshore,0.38369276665339297
97,22,2030,1,wind_onshore,0.3349092716690874
97,23,2030,1,wind_onshore,0.3206017352292618
97,24,2030,1,wind_onshore,0.29506573992254037
98,1,2030,1,demand,0.5126170178765233
98,2,2030,1,demand,0.496366264589253
98,3,2030,1,demand,0.47992325113878787
98,4,2030,1,demand,0.45723159879082076
98,5,2030,1,demand,0.4541171604680908
98,6,2030,1,demand,0.4573918746112096
98,7,2030,1,demand,0.469858537185427
98,8,2030,1,demand,0.5061788695315367
98,9,2030,1,demand,0.5336631307624838
98,10,2030,1,demand,0.5759480674323182
98,11,2030,1,demand,0.5879385915996528
98,12,2030,1,demand,0.5885144377443297
98,13,2030,1,demand,0.597107787158721
98,14,2030,1,demand,0.5984749913841981
98,15,2030,1,demand,0.5813352824703132
98,16,2030,1,demand,0.575385553137361
98,17,2030,1,demand,0.5702955239168196
98,18,2030,1,demand,0.5821107538097775
98,19,2030,1,demand,0.588803793644112
98,20,2030,1,demand,0.6000018599340571
98,21,2030,1,demand,0.6089059447988266
98,22,2030,1,demand,0.5823464043013804
98,23,2030,1,demand,0.5402736513661434
98,24,2030,1,demand,0.5162736523448703
98,1,2030,1,solar,0.0
98,2,2030,1,solar,0.0
98,3,2030,1,solar,0.0
98,4,2030,1,solar,0.0
98,5,2030,1,solar,0.0
98,6,2030,1,solar,0.0
98,7,2030,1,solar,0.0
98,8,2030,1,solar,0.0
98,9,2030,1,solar,0.015609291429618291
98,10,2030,1,solar,0.06329298394111132
98,11,2030,1,solar,0.11615320127101741
98,12,2030,1,solar,0.16709335371724685
98,13,2030,1,solar,0.19874402381409395
98,14,2030,1,solar,0.19545820099564332
98,15,2030,1,solar,0.1726309526976932
98,16,2030,1,solar,0.12951482602521114
98,17,2030,1,solar,0.06085123072797079
98,18,2030,1,solar,0.0
98,19,2030,1,solar,0.0
98,20,2030,1,solar,0.0
98,21,2030,1,solar,0.0
98,22,2030,1,solar,0.0
98,23,2030,1,solar,0.0
98,24,2030,1,solar,0.0
98,1,2030,1,wind_offshore,1.1858191648512753
98,2,2030,1,wind_offshore,1.1940492688218438
98,3,2030,1,wind_offshore,1.1900312108563218
98,4,2030,1,wind_offshore,1.2080285613887791
98,5,2030,1,wind_offshore,1.2071192926286098
98,6,2030,1,wind_offshore,1.214476493005979
98,7,2030,1,wind_offshore,1.2108366284789063
98,8,2030,1,wind_offshore,1.2163048580855957
98,9,2030,1,wind_offshore,1.1948889015341768
98,10,2030,1,wind_offshore,1.1663385908326636
98,11,2030,1,wind_offshore,1.1514307466564369
98,12,2030,1,wind_offshore,1.1801438750975528
98,13,2030,1,wind_offshore,1.1990469635111831
98,14,2030,1,wind_offshore,1.202161328469345
98,15,2030,1,wind_offshore,1.2015754864728336
98,16,2030,1,wind_offshore,1.212116638534007
98,17,2030,1,wind_offshore,1.1999768398177124
98,18,2030,1,wind_offshore,1.2017198305113475
98,19,2030,1,wind_offshore,1.1952950573618348
98,20,2030,1,wind_offshore,1.2027648657440277
98,21,2030,1,wind_offshore,1.2013329042250964
98,22,2030,1,wind_offshore,1.2155205478617455
98,23,2030,1,wind_offshore,1.221540006261663
98,24,2030,1,wind_offshore,1.2078380419623969
98,1,2030,1,wind_onshore,1.0069554153584956
98,2,2030,1,wind_onshore,0.9995292936165501
98,3,2030,1,wind_onshore,0.9890254902760993
98,4,2030,1,wind_onshore,0.9624359165457931
98,5,2030,1,wind_onshore,0.9406126179510202
98,6,2030,1,wind_onshore,0.90533421328893
98,7,2030,1,wind_onshore,0.8616613756938444
98,8,2030,1,wind_onshore,0.8227336077214218
98,9,2030,1,wind_onshore,0.7823954062702355
98,10,2030,1,wind_onshore,0.7756519567944091
98,11,2030,1,wind_onshore,0.7286915312743728
98,12,2030,1,wind_onshore,0.7515636527082066
98,13,2030,1,wind_onshore,0.7967895199523126
98,14,2030,1,wind_onshore,0.8094238289314994
98,15,2030,1,wind_onshore,0.8262236257134932
98,16,2030,1,wind_onshore,0.7902874584543393
98,17,2030,1,wind_onshore,0.7718011578820865
98,18,2030,1,wind_onshore,0.766196000849877
98,19,2030,1,wind_onshore,0.7572413585799095
98,20,2030,1,wind_onshore,0.7740919949394784
98,21,2030,1,wind_onshore,0.7849546614602082
98,22,2030,1,wind_onshore,0.7874745417764024
98,23,2030,1,wind_onshore,0.7767014512768287
98,24,2030,1,wind_onshore,0.8393312763682401
99,1,2030,1,demand,0.4813761806371342
99,2,2030,1,demand,0.4725532653351532
99,3,2030,1,demand,0.473974380048044
99,4,2030,1,demand,0.46299556428830213
99,5,2030,1,demand,0.4680174832665595
99,6,2030,1,demand,0.49358094409699316
99,7,2030,1,demand,0.534672367614004
99,8,2030,1,demand,0.5855273471874345
99,9,2030,1,demand,0.6071273162037081
99,10,2030,1,demand,0.6237920072189919
99,11,2030,1,demand,0.6355465604643487
99,12,2030,1,demand,0.628835071170097
99,13,2030,1,demand,0.6313718884433935
99,14,2030,1,demand,0.611276805405305
99,15,2030,1,demand,0.5959150840058032
99,16,2030,1,demand,0.596648568189762
99,17,2030,1,demand,0.6033464060058571
99,18,2030,1,demand,0.6096262453137373
99,19,2030,1,demand,0.6346395451455593
99,20,2030,1,demand,0.6509091064845869
99,21,2030,1,demand,0.6575178963867104
99,22,2030,1,demand,0.6231627250891862
99,23,2030,1,demand,0.582424085103643
99,24,2030,1,demand,0.5656975511937292
99,1,2030,1,solar,0.0
99,2,2030,1,solar,0.0
99,3,2030,1,solar,0.0
99,4,2030,1,solar,0.0
99,5,2030,1,solar,0.0
99,6,2030,1,solar,0.0
99,7,2030,1,solar,0.0
99,8,2030,1,solar,0.0018072925381522975
99,9,2030,1,solar,0.19497858475055424
99,10,2030,1,solar,0.40412935197643873
99,11,2030,1,solar,0.5377274173491955
99,12,2030,1,solar,0.6104215585267959
99,13,2030,1,solar,0.6236457561605258
99,14,2030,1,solar,0.5516124344487874
99,15,2030,1,solar,0.4301340314387553
99,16,2030,1,solar,0.27209862788079664
99,17,2030,1,solar,0.10882234065996296
99,18,2030,1,solar,0.0
99,19,2030,1,solar,0.0
99,20,2030,1,solar,0.0
99,21,2030,1,solar,0.0
99,22,2030,1,solar,0.0
99,23,2030,1,solar,0.0
99,24,2030,1,solar,0.0
99,1,2030,1,wind_offshore,0.6905542617618484
99,2,2030,1,wind_offshore,0.6641554261111499
99,3,2030,1,wind_offshore,0.648301180412103
99,4,2030,1,wind_offshore,0.6713334664096527
99,5,2030,1,wind_offshore,0.7075289167251114
99,6,2030,1,wind_offshore,0.6977884224601295
99,7,2030,1,wind_offshore,0.6486655424689236
99,8,2030,1,wind_offshore,0.49156367978051047
99,9,2030,1,wind_offshore,0.32974238515379156
99,10,2030,1,wind_offshore,0.19071410868695404
99,11,2030,1,wind_offshore,0.21612563340222554
99,12,2030,1,wind_offshore,0.15725620102030313
99,13,2030,1,wind_offshore,0.1329797384258665
99,14,2030,1,wind_offshore,0.08704077977282872
99,15,2030,1,wind_offshore,0.0417580908351261
99,16,2030,1,wind_offshore,0.0163258595789143
99,17,2030,1,wind_offshore,0.009655755715791779
99,18,2030,1,wind_offshore,0.019973271486322525
99,19,2030,1,wind_offshore,0.04673451352751384
99,20,2030,1,wind_offshore,0.06641494843643071
99,21,2030,1,wind_offshore,0.06408374805278703
99,22,2030,1,wind_offshore,0.07002757980618192
99,23,2030,1,wind_offshore,0.09437236070232075
99,24,2030,1,wind_offshore,0.06619672246724505
99,1,2030,1,wind_onshore,0.04900619575144048
99,2,2030,1,wind_onshore,0.04063242454817906
99,3,2030,1,wind_onshore,0.038018831276845
99,4,2030,1,wind_onshore,0.03642194953066499
99,5,2030,1,wind_onshore,0.03780196264047486
99,6,2030,1,wind_onshore,0.04494294027020388
99,7,2030,1,wind_onshore,0.05297041745220718
99,8,2030,1,wind_onshore,0.0651987109772746
99,9,2030,1,wind_onshore,0.07403007307426415
99,10,2030,1,wind_onshore,0.07156931950610779
99,11,2030,1,wind_onshore,0.04702977494327953
99,12,2030,1,wind_onshore,0.06740746444873066
99,13,2030,1,wind_onshore,0.08985029101563555
99,14,2030,1,wind_onshore,0.11728496824934206
99,15,2030,1,wind_onshore,0.14217722484878956
99,16,2030,1,wind_onshore,0.16291999840292243
99,17,2030,1,wind_onshore,0.1655248341872611
99,18,2030,1,wind_onshore,0.19592360984096882
99,19,2030,1,wind_onshore,0.22115906302395735
99,20,2030,1,wind_onshore,0.21761592120210213
99,21,2030,1,wind_onshore,0.20740794120078943
99,22,2030,1,wind_onshore,0.216403827842265
99,23,2030,1,wind_onshore,0.21249074328063303
99,24,2030,1,wind_onshore,0.2461082523257271
100,1,2030,1,demand,0.485027057584087
100,2,2030,1,demand,0.48519104682016306
100,3,2030,1,demand,0.47706643324354786
100,4,2030,1,demand,0.48173046480137954
100,5,2030,1,demand,0.49874575000768556
100,6,2030,1,demand,0.5321690709792839
100,7,2030,1,demand,0.5747737500740961
100,8,2030,1,demand,0.6097476267362342
100,9,2030,1,demand,0.6310813673638035
100,10,2030,1,demand,0.6405949266670987
100,11,2030,1,demand,0.648379196917516
100,12,2030,1,demand,0.6452851866660159
100,13,2030,1,demand,0.63256491785182
100,14,2030,1,demand,0.6202532230821401
100,15,2030,1,demand,0.6127533316920416
100,16,2030,1,demand,0.6110177235976844
100,17,2030,1,demand,0.6151045485932584
100,18,2030,1,demand,0.615980812906572
100,19,2030,1,demand,0.6217726945782113
100,20,2030,1,demand,0.6261027090763708
100,21,2030,1,demand,0.6082487977369927
100,22,2030,1,demand,0.565775073263358
100,23,2030,1,demand,0.5244480344705488
100,24,2030,1,demand,0.517372419301832
100,1,2030,1,solar,0.0
100,2,2030,1,solar,0.0
100,3,2030,1,solar,0.0
100,4,2030,1,solar,0.0
100,5,2030,1,solar,0.0
100,6,2030,1,solar,0.0
100,7,2030,1,solar,0.0
100,8,2030,1,solar,0.08971604705036218
100,9,2030,1,solar,0.3278620403180608
100,10,2030,1,solar,0.5758834299519682
100,11,2030,1,solar,0.7340598161613179
100,12,2030,1,solar,0.8281489721574111
100,13,2030,1,solar,0.8275335148126983
100,14,2030,1,solar,0.7454625781668853
100,15,2030,1,solar,0.5720433317756755
100,16,2030,1,solar,0.3958411380854949
100,17,2030,1,solar,0.2322766785340785
100,18,2030,1,solar,0.06644022251059332
100,19,2030,1,solar,0.0
100,20,2030,1,solar,0.0
100,21,2030,1,solar,0.0
100,22,2030,1,solar,0.0
100,23,2030,1,solar,0.0
100,24,2030,1,solar,0.0
100,1,2030,1,wind_offshore,0.015490013749827756
100,2,2030,1,wind_offshore,0.037432181579707784
100,3,2030,1,wind_offshore,0.049834339207913865
100,4,2030,1,wind_offshore,0.046630640657448034
100,5,2030,1,wind_offshore,0.05724202407461482
100,6,2030,1,wind_offshore,0.07115747990151815
100,7,2030,1,wind_offshore,0.08174029554261608
100,8,2030,1,wind_offshore,0.09410132641460432
100,9,2030,1,wind_offshore,0.1114790973391333
100,10,2030,1,wind_offshore,0.15084507664944394
100,11,2030,1,wind_offshore,0.23717783322709743
100,12,2030,1,wind_offshore,0.43758139581844874
100,13,2030,1,wind_offshore,0.6465919347061208
100,14,2030,1,wind_offshore,0.7586972830674041
100,15,2030,1,wind_offshore,0.8166038229094463
100,16,2030,1,wind_offshore,0.8827610591011981
100,17,2030,1,wind_offshore,0.936446556613027
100,18,2030,1,wind_offshore,0.9276810574552347
100,19,2030,1,wind_offshore,0.8767610895534267
100,20,2030,1,wind_offshore,0.8722056723861636
100,21,2030,1,wind_offshore,0.8387385465783243
100,22,2030,1,wind_offshore,0.7725004225939436
100,23,2030,1,wind_offshore,0.9071742052849147
100,24,2030,1,wind_offshore,1.0055353403516758
100,1,2030,1,wind_onshore,0.15919730150468037
100,2,2030,1,wind_onshore,0.1525513652522353
100,3,2030,1,wind_onshore,0.14545380365235236
100,4,2030,1,wind_onshore,0.13939711186238174
100,5,2030,1,wind_onshore,0.13759822045242862
100,6,2030,1,wind_onshore,0.13916426645079633
100,7,2030,1,wind_onshore,0.14443912433397882
100,8,2030,1,wind_onshore,0.1522950138232949
100,9,2030,1,wind_onshore,0.1426630272437428
100,10,2030,1,wind_onshore,0.13540861732245071
100,11,2030,1,wind_onshore,0.1399653588064282
100,12,2030,1,wind_onshore,0.17435929996457372
100,13,2030,1,wind_onshore,0.20168749182028758
100,14,2030,1,wind_onshore,0.2044508072984332
100,15,2030,1,wind_onshore,0.19184911486811038
100,16,2030,1,wind_onshore,0.1968158237106337
100,17,2030,1,wind_onshore,0.19979500189306182
100,18,2030,1,wind_onshore,0.20247642582830794
100,19,2030,1,wind_onshore,0.22694710590688696
100,20,2030,1,wind_onshore,0.24489871504245947
100,21,2030,1,wind_onshore,0.2572375148179106
100,22,2030,1,wind_onshore,0.26884261679538873
100,23,2030,1,wind_onshore,0.252299309425627
100,24,2030,1,wind_onshore,0.2592989582488927
101,1,2030,1,demand,0.484417264643675
101,2,2030,1,demand,0.46915005006098326
101,3,2030,1,demand,0.45638156064796875
101,4,2030,1,demand,0.4460464950095244
101,5,2030,1,demand,0.4393224258017287
101,6,2030,1,demand,0.43970603823881665
101,7,2030,1,demand,0.4579470674046919
101,8,2030,1,demand,0.4931577387349168
101,9,2030,1,demand,0.5413726475071965
101,10,2030,1,demand,0.5739073918650025
101,11,2030,1,demand,0.5826910805756237
101,12,2030,1,demand,0.594865122593344
101,13,2030,1,demand,0.5920229378074933
101,14,2030,1,demand,0.5913249135693777
101,15,2030,1,demand,0.5723208233046951
101,16,2030,1,demand,0.5596210614077571
101,17,2030,1,demand,0.5598502807672003
101,18,2030,1,demand,0.5665745472714235
101,19,2030,1,demand,0.5756628414145896
101,20,2030,1,demand,0.5986899467189954
101,21,2030,1,demand,0.6176322387007295
101,22,2030,1,demand,0.5996571855019114
101,23,2030,1,demand,0.5514875923390254
101,24,2030,1,demand,0.530321963310501
101,1,2030,1,solar,0.0
101,2,2030,1,solar,0.0
101,3,2030,1,solar,0.0
101,4,2030,1,solar,0.0
101,5,2030,1,solar,0.0
101,6,2030,1,solar,0.0
101,7,2030,1,solar,0.0
101,8,2030,1,solar,0.0
101,9,2030,1,solar,0.03062827322132892
101,10,2030,1,solar,0.11260337018622871
101,11,2030,1,solar,0.20657272971617072
101,12,2030,1,solar,0.2840556767053222
101,13,2030,1,solar,0.30888464737610644
101,14,2030,1,solar,0.2952998078791805
101,15,2030,1,solar,0.219533230601496
101,16,2030,1,solar,0.12188133513711488
101,17,2030,1,solar,0.04218914176980513
101,18,2030,1,solar,0.0
101,19,2030,1,solar,0.0
101,20,2030,1,solar,0.0
101,21,2030,1,solar,0.0
101,22,2030,1,solar,0.0
101,23,2030,1,solar,0.0
101,24,2030,1,solar,0.0
101,1,2030,1,wind_offshore,1.2237823001365844
101,2,2030,1,wind_offshore,1.2283713850639209
101,3,2030,1,wind_offshore,1.227154438240363
101,4,2030,1,wind_offshore,1.2141012452479676
101,5,2030,1,wind_offshore,1.2084847638639142
101,6,2030,1,wind_offshore,1.2047577081596719
101,7,2030,1,wind_offshore,1.1778671584372373
101,8,2030,1,wind_offshore,1.125644211402883
101,9,2030,1,wind_offshore,0.9679554108236296
101,10,2030,1,wind_offshore,0.8800938426063406
101,11,2030,1,wind_offshore,1.147819311779547
101,12,2030,1,wind_offshore,1.1497906124929054
101,13,2030,1,wind_offshore,1.0405602009999046
101,14,2030,1,wind_offshore,0.9964695830744998
101,15,2030,1,wind_offshore,0.9972112698813345
101,16,2030,1,wind_offshore,0.9817039903583653
101,17,2030,1,wind_offshore,1.0800093003211848
101,18,2030,1,wind_offshore,1.1225799118316468
101,19,2030,1,wind_offshore,1.1202791635369607
101,20,2030,1,wind_offshore,1.1281932401838977
101,21,2030,1,wind_offshore,1.1478173256552966
101,22,2030,1,wind_offshore,1.1629259794671993
101,23,2030,1,wind_offshore,1.1579941223545511
101,24,2030,1,wind_offshore,1.167383185719378
101,1,2030,1,wind_onshore,0.7049439316036389
101,2,2030,1,wind_onshore,0.7331498166007393
101,3,2030,1,wind_onshore,0.7532418273074454
101,4,2030,1,wind_onshore,0.7618434404130559
101,5,2030,1,wind_onshore,0.7771922861593364
101,6,2030,1,wind_onshore,0.8132326405692185
101,7,2030,1,wind_onshore,0.8252384880905906
101,8,2030,1,wind_onshore,0.8412669795777096
101,9,2030,1,wind_onshore,0.8737792685595546
101,10,2030,1,wind_onshore,0.900390405873
101,11,2030,1,wind_onshore,0.8982067681332447
101,12,2030,1,wind_onshore,0.8946219420201109
101,13,2030,1,wind_onshore,0.9283636025202289
101,14,2030,1,wind_onshore,0.9666495082916547
101,15,2030,1,wind_onshore,1.0106691765342641
101,16,2030,1,wind_onshore,1.0149714411155422
101,17,2030,1,wind_onshore,1.0224990854569742
101,18,2030,1,wind_onshore,1.0102771337814116
101,19,2030,1,wind_onshore,0.9934452592075451
101,20,2030,1,wind_onshore,0.998442520837235
101,21,2030,1,wind_onshore,0.9987553749341267
101,22,2030,1,wind_onshore,1.0043422934169848
101,23,2030,1,wind_onshore,1.029739337969957
101,24,2030,1,wind_onshore,1.0273805224017118
102,1,2030,1,demand,0.5532251858348579
102,2,2030,1,demand,0.5295603829900639
102,3,2030,1,demand,0.5141647655816735
102,4,2030,1,demand,0.4978958768966775
102,5,2030,1,demand,0.48847414837520475
102,6,2030,1,demand,0.48983974277812004
102,7,2030,1,demand,0.5107842875089733
102,8,2030,1,demand,0.5501744645710474
102,9,2030,1,demand,0.6029810413642341
102,10,2030,1,demand,0.6445372676291397
102,11,2030,1,demand,0.6740692246584035
102,12,2030,1,demand,0.680299869561792
102,13,2030,1,demand,0.6784518068108107
102,14,2030,1,demand,0.6661073325529873
102,15,2030,1,demand,0.6456863234468991
102,16,2030,1,demand,0.6224868446400448
102,17,2030,1,demand,0.6138732497748643
102,18,2030,1,demand,0.6194936623012857
102,19,2030,1,demand,0.6404037259255612
102,20,2030,1,demand,0.6683093414054173
102,21,2030,1,demand,0.6872848459550244
102,22,2030,1,demand,0.6502145808241144
102,23,2030,1,demand,0.5964116598085366
102,24,2030,1,demand,0.5580826651109057
102,1,2030,1,solar,0.0
102,2,2030,1,solar,0.0
102,3,2030,1,solar,0.0
102,4,2030,1,solar,0.0
102,5,2030,1,solar,0.0
102,6,2030,1,solar,0.0
102,7,2030,1,solar,0.0
102,8,2030,1,solar,0.0002884573321955593
102,9,2030,1,solar,0.14907629630825608
102,10,2030,1,solar,0.35505558377689167
102,11,2030,1,solar,0.5491563499018086
102,12,2030,1,solar,0.6878955961846235
102,13,2030,1,solar,0.763534473724431
102,14,2030,1,solar,0.7687910515309957
102,15,2030,1,solar,0.7011388749743809
102,16,2030,1,solar,0.5872230137648877
102,17,2030,1,solar,0.4010995427165267
102,18,2030,1,solar,0.1667258533971829
102,19,2030,1,solar,0.0
102,20,2030,1,solar,0.0
102,21,2030,1,solar,0.0
102,22,2030,1,solar,0.0
102,23,2030,1,solar,0.0
102,24,2030,1,solar,0.0
102,1,2030,1,wind_offshore,1.2433320030425161
102,2,2030,1,wind_offshore,1.2464388673799118
102,3,2030,1,wind_offshore,1.2522489036970814
102,4,2030,1,wind_offshore,1.240352964972483
102,5,2030,1,wind_offshore,1.247915031543079
102,6,2030,1,wind_offshore,1.2518710902716077
102,7,2030,1,wind_offshore,1.2519864990470828
102,8,2030,1,wind_offshore,1.2484931741316438
102,9,2030,1,wind_offshore,1.241205459220805
102,10,2030,1,wind_offshore,1.228830140859322
102,11,2030,1,wind_offshore,1.2014520135662827
102,12,2030,1,wind_offshore,1.2363165514248928
102,13,2030,1,wind_offshore,1.2428980672914949
102,14,2030,1,wind_offshore,1.2259913402939642
102,15,2030,1,wind_offshore,1.1939632466288204
102,16,2030,1,wind_offshore,1.1591085156451313
102,17,2030,1,wind_offshore,1.180341584281665
102,18,2030,1,wind_offshore,1.1664930835756218
102,19,2030,1,wind_offshore,1.1918043981496071
102,20,2030,1,wind_offshore,1.2241589974360187
102,21,2030,1,wind_offshore,1.232491974949885
102,22,2030,1,wind_offshore,1.231468409567277
102,23,2030,1,wind_offshore,1.2378466110362154
102,24,2030,1,wind_offshore,1.2019465645578025
102,1,2030,1,wind_onshore,0.6856011812296676
102,2,2030,1,wind_onshore,0.6944142502365417
102,3,2030,1,wind_onshore,0.7022928301971112
102,4,2030,1,wind_onshore,0.7003961363898557
102,5,2030,1,wind_onshore,0.7244793630414357
102,6,2030,1,wind_onshore,0.7270748687677437
102,7,2030,1,wind_onshore,0.743554521026473
102,8,2030,1,wind_onshore,0.7548582883077517
102,9,2030,1,wind_onshore,0.7599927891069398
102,10,2030,1,wind_onshore,0.7256340895584955
102,11,2030,1,wind_onshore,0.739777983859763
102,12,2030,1,wind_onshore,0.7947700252473172
102,13,2030,1,wind_onshore,0.8282256341363827
102,14,2030,1,wind_onshore,0.8660523341650752
102,15,2030,1,wind_onshore,0.8919434088486707
102,16,2030,1,wind_onshore,0.8888516624122255
102,17,2030,1,wind_onshore,0.8859572451933507
102,18,2030,1,wind_onshore,0.8351787152655887
102,19,2030,1,wind_onshore,0.7974935133347486
102,20,2030,1,wind_onshore,0.7977477136780728
102,21,2030,1,wind_onshore,0.7936605135932471
102,22,2030,1,wind_onshore,0.7920357718949708
102,23,2030,1,wind_onshore,0.7943625642004476
102,24,2030,1,wind_onshore,0.8024463007705922
103,1,2030,1,demand,0.5472764428884166
103,2,2030,1,demand,0.542195065466353
103,3,2030,1,demand,0.5301690106961253
103,4,2030,1,demand,0.5280743663094095
103,5,2030,1,demand,0.5421424872285071
103,6,2030,1,demand,0.5577945803673331
103,7,2030,1,demand,0.5719583055898407
103,8,2030,1,demand,0.6125422282111399
103,9,2030,1,demand,0.6717635339588021
103,10,2030,1,demand,0.7003169492271384
103,11,2030,1,demand,0.7351218804475491
103,12,2030,1,demand,0.759598565234295
103,13,2030,1,demand,0.7785513241589327
103,14,2030,1,demand,0.7729590646094634
103,15,2030,1,demand,0.7640056105999761
103,16,2030,1,demand,0.7571316605565638
103,17,2030,1,demand,0.7514924457641894
103,18,2030,1,demand,0.7428177957463367
103,19,2030,1,demand,0.7258055523203765
103,20,2030,1,demand,0.7126156788985688
103,21,2030,1,demand,0.6971836583597245
103,22,2030,1,demand,0.6621770462011305
103,23,2030,1,demand,0.6140687121211635
103,24,2030,1,demand,0.5994249167563651
103,1,2030,1,solar,0.0
103,2,2030,1,solar,0.0
103,3,2030,1,solar,0.0
103,4,2030,1,solar,0.0
103,5,2030,1,solar,0.0
103,6,2030,1,solar,0.0
103,7,2030,1,solar,0.008511092204539232
103,8,2030,1,solar,0.16824034224155396
103,9,2030,1,solar,0.4322151942531836
103,10,2030,1,solar,0.6702782007290767
103,11,2030,1,solar,0.8304009017618459
103,12,2030,1,solar,0.9470240098352942
103,13,2030,1,solar,0.9945803442621292
103,14,2030,1,solar,0.985920567610808
103,15,2030,1,solar,0.911959134491766
103,16,2030,1,solar,0.7648066381794372
103,17,2030,1,solar,0.5615509077342143
103,18,2030,1,solar,0.2998471940286034
103,19,2030,1,solar,0.054253467965093484
103,20,2030,1,solar,0.0
103,21,2030,1,solar,0.0
103,22,2030,1,solar,0.0
103,23,2030,1,solar,0.0
103,24,2030,1,solar,0.0
103,1,2030,1,wind_offshore,1.1921213475934285
103,2,2030,1,wind_offshore,1.208446511596091
103,3,2030,1,wind_offshore,1.1959684973102245
103,4,2030,1,wind_offshore,1.2252257446280268
103,5,2030,1,wind_offshore,1.233740148340117
103,6,2030,1,wind_offshore,1.2390095555422924
103,7,2030,1,wind_offshore,1.239399516242842
103,8,2030,1,wind_offshore,1.2647952894342516
103,9,2030,1,wind_offshore,1.26715268571876
103,10,2030,1,wind_offshore,1.2590440675044576
103,11,2030,1,wind_offshore,1.2560275546174438
103,12,2030,1,wind_offshore,1.2373550642991562
103,13,2030,1,wind_offshore,1.2240714302913376
103,14,2030,1,wind_offshore,1.2069339958658178
103,15,2030,1,wind_offshore,1.2211131540022706
103,16,2030,1,wind_offshore,1.2302447794991966
103,17,2030,1,wind_offshore,1.2372430725957895
103,18,2030,1,wind_offshore,1.2408689135977953
103,19,2030,1,wind_offshore,1.2426776711007543
103,20,2030,1,wind_offshore,1.2368304475564
103,21,2030,1,wind_offshore,1.2354423034286106
103,22,2030,1,wind_offshore,1.2488792422202948
103,23,2030,1,wind_offshore,1.2331588908027502
103,24,2030,1,wind_offshore,1.2460969114975686
103,1,2030,1,wind_onshore,0.39299477650710285
103,2,2030,1,wind_onshore,0.39274762665176904
103,3,2030,1,wind_onshore,0.399692997306383
103,4,2030,1,wind_onshore,0.4310361233570183
103,5,2030,1,wind_onshore,0.43601301947928195
103,6,2030,1,wind_onshore,0.43835272355466326
103,7,2030,1,wind_onshore,0.46045257335748124
103,8,2030,1,wind_onshore,0.4910670802401542
103,9,2030,1,wind_onshore,0.5143792582350221
103,10,2030,1,wind_onshore,0.5165234824221407
103,11,2030,1,wind_onshore,0.48084972993105723
103,12,2030,1,wind_onshore,0.49124415026107615
103,13,2030,1,wind_onshore,0.5193314278730936
103,14,2030,1,wind_onshore,0.539935082927099
103,15,2030,1,wind_onshore,0.5623830332680918
103,16,2030,1,wind_onshore,0.5765915263294183
103,17,2030,1,wind_onshore,0.6000189218624608
103,18,2030,1,wind_onshore,0.6309687823250778
103,19,2030,1,wind_onshore,0.6391004187777963
103,20,2030,1,wind_onshore,0.6604822037404039
103,21,2030,1,wind_onshore,0.6934800122556746
103,22,2030,1,wind_onshore,0.6828565775459504
103,23,2030,1,wind_onshore,0.5933198198471169
103,24,2030,1,wind_onshore,0.5640954124110498
104,1,2030,1,demand,0.44672876799493444
104,2,2030,1,demand,0.4451408080978467
104,3,2030,1,demand,0.44219136091601485
104,4,2030,1,demand,0.444095906935278
104,5,2030,1,demand,0.45727731656458526
104,6,2030,1,demand,0.4971019982973943
104,7,2030,1,demand,0.5301871955718942
104,8,2030,1,demand,0.5628528932587505
104,9,2030,1,demand,0.5788407320909469
104,10,2030,1,demand,0.5887731827970463
104,11,2030,1,demand,0.5951890901787953
104,12,2030,1,demand,0.6080245501361643
104,13,2030,1,demand,0.6075481305809335
104,14,2030,1,demand,0.6057723625115539
104,15,2030,1,demand,0.6054802841391346
104,16,2030,1,demand,0.6067199593246341
104,17,2030,1,demand,0.6074997945293275
104,18,2030,1,demand,0.612677345095257
104,19,2030,1,demand,0.6212036196698364
104,20,2030,1,demand,0.6367546051503326
104,21,2030,1,demand,0.6091580171586651
104,22,2030,1,demand,0.574640381727552
104,23,2030,1,demand,0.5371042433034117
104,24,2030,1,demand,0.5475457253824961
104,1,2030,1,solar,0.0
104,2,2030,1,solar,0.0
104,3,2030,1,solar,0.0
104,4,2030,1,solar,0.0
104,5,2030,1,solar,0.0
104,6,2030,1,solar,0.0
104,7,2030,1,solar,0.0
104,8,2030,1,solar,0.10105215586132346
104,9,2030,1,solar,0.3441654398637276
104,10,2030,1,solar,0.5784526764496537
104,11,2030,1,solar,0.7312253917969357
104,12,2030,1,solar,0.8017091802610836
104,13,2030,1,solar,0.8248175138418281
104,14,2030,1,solar,0.7827961794796734
104,15,2030,1,solar,0.6769145108625901
104,16,2030,1,solar,0.505013197483109
104,17,2030,1,solar,0.30229929474007944
104,18,2030,1,solar,0.10444881682262837
104,19,2030,1,solar,0.0
104,20,2030,1,solar,0.0
104,21,2030,1,solar,0.0
104,22,2030,1,solar,0.0
104,23,2030,1,solar,0.0
104,24,2030,1,solar,0.0
104,1,2030,1,wind_offshore,1.2074075460647928
104,2,2030,1,wind_offshore,1.208281366811333
104,3,2030,1,wind_offshore,1.2088872151553989
104,4,2030,1,wind_offshore,1.2038869974442359
104,5,2030,1,wind_offshore,1.1823144348508592
104,6,2030,1,wind_offshore,1.2002772642490942
104,7,2030,1,wind_offshore,1.2087445065807132
104,8,2030,1,wind_offshore,1.1592325002668458
104,9,2030,1,wind_offshore,1.1049181955733218
104,10,2030,1,wind_offshore,1.0232530878340247
104,11,2030,1,wind_offshore,1.102871466326113
104,12,2030,1,wind_offshore,1.1016597047563093
104,13,2030,1,wind_offshore,1.0505677604768728
104,14,2030,1,wind_offshore,0.9246158347767934
104,15,2030,1,wind_offshore,0.8377932956619601
104,16,2030,1,wind_offshore,0.7587157850515813
104,17,2030,1,wind_offshore,0.6904921843169171
104,18,2030,1,wind_offshore,0.6463785270310003
104,19,2030,1,wind_offshore,0.6052945807146001
104,20,2030,1,wind_offshore,0.5239787899395899
104,21,2030,1,wind_offshore,0.4245497058431864
104,22,2030,1,wind_offshore,0.36251226551527643
104,23,2030,1,wind_offshore,0.47935883469893387
104,24,2030,1,wind_offshore,0.44743386208811364
104,1,2030,1,wind_onshore,0.4044392704327227
104,2,2030,1,wind_onshore,0.3873642709136655
104,3,2030,1,wind_onshore,0.3659767413775545
104,4,2030,1,wind_onshore,0.3614344073202506
104,5,2030,1,wind_onshore,0.3624408342488894
104,6,2030,1,wind_onshore,0.36568036408916715
104,7,2030,1,wind_onshore,0.3753443555027509
104,8,2030,1,wind_onshore,0.3889893615441522
104,9,2030,1,wind_onshore,0.3734119542603114
104,10,2030,1,wind_onshore,0.4089726033006844
104,11,2030,1,wind_onshore,0.48284229168339643
104,12,2030,1,wind_onshore,0.5046258191533703
104,13,2030,1,wind_onshore,0.544270550679585
104,14,2030,1,wind_onshore,0.559502193177271
104,15,2030,1,wind_onshore,0.5489901404380988
104,16,2030,1,wind_onshore,0.5187888332583616
104,17,2030,1,wind_onshore,0.4764584905100975
104,18,2030,1,wind_onshore,0.3872117063177071
104,19,2030,1,wind_onshore,0.3332143474519771
104,20,2030,1,wind_onshore,0.2984880702815701
104,21,2030,1,wind_onshore,0.24891487671659782
104,22,2030,1,wind_onshore,0.2002090417089324
104,23,2030,1,wind_onshore,0.1831164850641294
104,24,2030,1,wind_onshore,0.13801876809554858
105,1,2030,1,demand,0.4814902254100215
105,2,2030,1,demand,0.4831706322207503
105,3,2030,1,demand,0.4719863118354218
105,4,2030,1,demand,0.46589248826324603
105,5,2030,1,demand,0.48068327677319334
105,6,2030,1,demand,0.5106748739176408
105,7,2030,1,demand,0.5456699743477758
105,8,2030,1,demand,0.5698533522668314
105,9,2030,1,demand,0.5987986001303764
105,10,2030,1,demand,0.5979513129138532
105,11,2030,1,demand,0.6090675340059652
105,12,2030,1,demand,0.6157701894632789
105,13,2030,1,demand,0.6118851662492747
105,14,2030,1,demand,0.5879974055041169
105,15,2030,1,demand,0.5807989011000536
105,16,2030,1,demand,0.5758587155768712
105,17,2030,1,demand,0.5777137437399754
105,18,2030,1,demand,0.5782598248446573
105,19,2030,1,demand,0.5907122941531487
105,20,2030,1,demand,0.6072894169977813
105,21,2030,1,demand,0.5888713465383257
105,22,2030,1,demand,0.545724877924297
105,23,2030,1,demand,0.5056131614189922
105,24,2030,1,demand,0.5027248436275442
105,1,2030,1,solar,0.0
105,2,2030,1,solar,0.0
105,3,2030,1,solar,0.0
105,4,2030,1,solar,0.0
105,5,2030,1,solar,0.0
105,6,2030,1,solar,0.0
105,7,2030,1,solar,0.00010354549439428163
105,8,2030,1,solar,0.10716130918566032
105,9,2030,1,solar,0.31306354664490676
105,10,2030,1,solar,0.5137792434618532
105,11,2030,1,solar,0.6549645040360488
105,12,2030,1,solar,0.74916251164037
105,13,2030,1,solar,0.8017649759748088
105,14,2030,1,solar,0.7761422110908346
105,15,2030,1,solar,0.6764223873134574
105,16,2030,1,solar,0.5447267540406175
105,17,2030,1,solar,0.3702658493764476
105,18,2030,1,solar,0.16428556863404015
105,19,2030,1,solar,0.012241584381356784
105,20,2030,1,solar,0.0
105,21,2030,1,solar,0.0
105,22,2030,1,solar,0.0
105,23,2030,1,solar,0.0
105,24,2030,1,solar,0.0
105,1,2030,1,wind_offshore,0.3000052945817296
105,2,2030,1,wind_offshore,0.4064316225746326
105,3,2030,1,wind_offshore,0.38254456863370573
105,4,2030,1,wind_offshore,0.3285067036801589
105,5,2030,1,wind_offshore,0.30480346779258916
105,6,2030,1,wind_offshore,0.3057027329114982
105,7,2030,1,wind_offshore,0.2996127427215179
105,8,2030,1,wind_offshore,0.2914573261684806
105,9,2030,1,wind_offshore,0.31340493256510205
105,10,2030,1,wind_offshore,0.37791568937781206
105,11,2030,1,wind_offshore,0.22246194469523742
105,12,2030,1,wind_offshore,0.27039488762256886
105,13,2030,1,wind_offshore,0.3411087724807231
105,14,2030,1,wind_offshore,0.4049143983602413
105,15,2030,1,wind_offshore,0.4328375576718546
105,16,2030,1,wind_offshore,0.4259925004054025
105,17,2030,1,wind_offshore,0.42054010793337027
105,18,2030,1,wind_offshore,0.4083218577484097
105,19,2030,1,wind_offshore,0.4047794716207767
105,20,2030,1,wind_offshore,0.3776540160666441
105,21,2030,1,wind_offshore,0.369484798584853
105,22,2030,1,wind_offshore,0.3660254845663058
105,23,2030,1,wind_offshore,0.25219642024228184
105,24,2030,1,wind_offshore,0.2741846295726068
105,1,2030,1,wind_onshore,0.1821430136881867
105,2,2030,1,wind_onshore,0.17490785715806745
105,3,2030,1,wind_onshore,0.16243041118482088
105,4,2030,1,wind_onshore,0.1510885713670526
105,5,2030,1,wind_onshore,0.13965701428522906
105,6,2030,1,wind_onshore,0.1254315949996845
105,7,2030,1,wind_onshore,0.10784482968669613
105,8,2030,1,wind_onshore,0.09270578090963941
105,9,2030,1,wind_onshore,0.06529658427157434
105,10,2030,1,wind_onshore,0.06482840540611526
105,11,2030,1,wind_onshore,0.08282945956125783
105,12,2030,1,wind_onshore,0.10367523374114955
105,13,2030,1,wind_onshore,0.14389773330009378
105,14,2030,1,wind_onshore,0.18905255111453897
105,15,2030,1,wind_onshore,0.2229294099186926
105,16,2030,1,wind_onshore,0.2509512649993616
105,17,2030,1,wind_onshore,0.2607893102219755
105,18,2030,1,wind_onshore,0.2644370631431999
105,19,2030,1,wind_onshore,0.2393184117453272
105,20,2030,1,wind_onshore,0.2077778282983488
105,21,2030,1,wind_onshore,0.16296558662151764
105,22,2030,1,wind_onshore,0.12068935836340568
105,23,2030,1,wind_onshore,0.10148298506347761
105,24,2030,1,wind_onshore,0.09159384401894646
106,1,2030,1,demand,0.600884008348892
106,2,2030,1,demand,0.5913783865877105
106,3,2030,1,demand,0.5702595965842019
106,4,2030,1,demand,0.5658742147912489
106,5,2030,1,demand,0.5730682216427174
106,6,2030,1,demand,0.5882972863966192
106,7,2030,1,demand,0.5959886647194743
106,8,2030,1,demand,0.6300869672576749
106,9,2030,1,demand,0.6848181956249496
106,10,2030,1,demand,0.7277283243873444
106,11,2030,1,demand,0.7748497834253191
106,12,2030,1,demand,0.8063905201457414
106,13,2030,1,demand,0.8050707633227137
106,14,2030,1,demand,0.7871492483115167
106,15,2030,1,demand,0.7884545010862063
106,16,2030,1,demand,0.7760050553689718
106,17,2030,1,demand,0.7797431664197026
106,18,2030,1,demand,0.7643796448292195
106,19,2030,1,demand,0.7481067168125021
106,20,2030,1,demand,0.7293631335755415
106,21,2030,1,demand,0.7180874870641701
106,22,2030,1,demand,0.6712756621475416
106,23,2030,1,demand,0.6215671717367958
106,24,2030,1,demand,0.610879414059425
106,1,2030,1,solar,0.0
106,2,2030,1,solar,0.0
106,3,2030,1,solar,0.0
106,4,2030,1,solar,0.0
106,5,2030,1,solar,0.0
106,6,2030,1,solar,0.0
106,7,2030,1,solar,0.02150583072291823
106,8,2030,1,solar,0.2207983635229643
106,9,2030,1,solar,0.4805377974389947
106,10,2030,1,solar,0.7029785763861994
106,11,2030,1,solar,0.8497941195947525
106,12,2030,1,solar,0.9547084255919
106,13,2030,1,solar,0.9982293472121146
106,14,2030,1,solar,0.9933653916381998
106,15,2030,1,solar,0.9374906620385663
106,16,2030,1,solar,0.8167417767859582
106,17,2030,1,solar,0.6407343158627266
106,18,2030,1,solar,0.39632468781159746
106,19,2030,1,solar,0.13404632871482844
106,20,2030,1,solar,0.0009108924142302473
106,21,2030,1,solar,0.0
106,22,2030,1,solar,0.0
106,23,2030,1,solar,0.0
106,24,2030,1,solar,0.0
106,1,2030,1,wind_offshore,0.41028120483685165
106,2,2030,1,wind_offshore,0.5375392076514379
106,3,2030,1,wind_offshore,0.6157454600145645
106,4,2030,1,wind_offshore,0.6565462270652163
106,5,2030,1,wind_offshore,0.6538433436471459
106,6,2030,1,wind_offshore,0.6003687019640656
106,7,2030,1,wind_offshore,0.4832391632516618
106,8,2030,1,wind_offshore,0.3655976055164925
106,9,2030,1,wind_offshore,0.26968191502331706
106,10,2030,1,wind_offshore,0.20417032800815127
106,11,2030,1,wind_offshore,0.2241040660945035
106,12,2030,1,wind_offshore,0.18689798257947018
106,13,2030,1,wind_offshore,0.15113020662897336
106,14,2030,1,wind_offshore,0.09989984709702453
106,15,2030,1,wind_offshore,0.05022315710806029
106,16,2030,1,wind_offshore,0.01228524658876954
106,17,2030,1,wind_offshore,0.0
106,18,2030,1,wind_offshore,0.0
106,19,2030,1,wind_offshore,0.00042765888049456444
106,20,2030,1,wind_offshore,0.00623248365394828
106,21,2030,1,wind_offshore,0.02112391102094003
106,22,2030,1,wind_offshore,0.05216660215491586
106,23,2030,1,wind_offshore,0.043943087733795703
106,24,2030,1,wind_offshore,0.10979781823654126
106,1,2030,1,wind_onshore,0.17518821231786927
106,2,2030,1,wind_onshore,0.16009857576596448
106,3,2030,1,wind_onshore,0.14204412852080925
106,4,2030,1,wind_onshore,0.12905626061807948
106,5,2030,1,wind_onshore,0.1296631830055126
106,6,2030,1,wind_onshore,0.12571030591066493
106,7,2030,1,wind_onshore,0.11554135890461831
106,8,2030,1,wind_onshore,0.10147933131420932
106,9,2030,1,wind_onshore,0.08966684650985264
106,10,2030,1,wind_onshore,0.0829806488299377
106,11,2030,1,wind_onshore,0.06354203627293874
106,12,2030,1,wind_onshore,0.06800829071338
106,13,2030,1,wind_onshore,0.06568933662491766
106,14,2030,1,wind_onshore,0.07086980306882666
106,15,2030,1,wind_onshore,0.08273239301493213
106,16,2030,1,wind_onshore,0.10696894039078239
106,17,2030,1,wind_onshore,0.14331584732635907
106,18,2030,1,wind_onshore,0.20406151578193935
106,19,2030,1,wind_onshore,0.26478955926105935
106,20,2030,1,wind_onshore,0.3097004732380402
106,21,2030,1,wind_onshore,0.34856213509596856
106,22,2030,1,wind_onshore,0.33474453734908655
106,23,2030,1,wind_onshore,0.28748785186161
106,24,2030,1,wind_onshore,0.27203176765556125
107,1,2030,1,demand,0.5156807664327568
107,2,2030,1,demand,0.4937764735238953
107,3,2030,1,demand,0.4842130616719162
107,4,2030,1,demand,0.47350228560214697
107,5,2030,1,demand,0.48452055829152046
107,6,2030,1,demand,0.5242047569223063
107,7,2030,1,demand,0.5761550667128913
107,8,2030,1,demand,0.6348846891556059
107,9,2030,1,demand,0.6763387456104335
107,10,2030,1,demand,0.6936897763120781
107,11,2030,1,demand,0.7065980164100764
107,12,2030,1,demand,0.6983625355611595
107,13,2030,1,demand,0.6920029295242547
107,14,2030,1,demand,0.6700691219389665
107,15,2030,1,demand,0.6490817637169852
107,16,2030,1,demand,0.6415244468724784
107,17,2030,1,demand,0.6345030394917011
107,18,2030,1,demand,0.656710384833736
107,19,2030,1,demand,0.6921214690384258
107,20,2030,1,demand,0.7295909187813312
107,21,2030,1,demand,0.7170987668941704
107,22,2030,1,demand,0.6764504890239549
107,23,2030,1,demand,0.625219602617773
107,24,2030,1,demand,0.5932628018485764
107,1,2030,1,solar,0.0
107,2,2030,1,solar,0.0
107,3,2030,1,solar,0.0
107,4,2030,1,solar,0.0
107,5,2030,1,solar,0.0
107,6,2030,1,solar,0.0
107,7,2030,1,solar,0.0
107,8,2030,1,solar,0.0
107,9,2030,1,solar,0.0930164878452452
107,10,2030,1,solar,0.2629799972762086
107,11,2030,1,solar,0.4447838014029587
107,12,2030,1,solar,0.6211581158127394
107,13,2030,1,solar,0.7434357183979213
107,14,2030,1,solar,0.7794824667888347
107,15,2030,1,solar,0.7136250634511175
107,16,2030,1,solar,0.5708740540564878
107,17,2030,1,solar,0.35294390877739235
107,18,2030,1,solar,0.11729271066293978
107,19,2030,1,solar,0.0
107,20,2030,1,solar,0.0
107,21,2030,1,solar,0.0
107,22,2030,1,solar,0.0
107,23,2030,1,solar,0.0
107,24,2030,1,solar,0.0
107,1,2030,1,wind_offshore,0.0388831715951206
107,2,2030,1,wind_offshore,0.006104309710286059
107,3,2030,1,wind_offshore,0.0019114699454981605
107,4,2030,1,wind_offshore,0.0004801550766435615
107,5,2030,1,wind_offshore,0.0
107,6,2030,1,wind_offshore,4.210742198703892e-5
107,7,2030,1,wind_offshore,0.0032317438045889554
107,8,2030,1,wind_offshore,0.02640852970100479
107,9,2030,1,wind_offshore,0.06430702161198343
107,10,2030,1,wind_offshore,0.16761398747515996
107,11,2030,1,wind_offshore,0.3016488961281292
107,12,2030,1,wind_offshore,0.3740373702759083
107,13,2030,1,wind_offshore,0.26440435653702127
107,14,2030,1,wind_offshore,0.19355571034587934
107,15,2030,1,wind_offshore,0.1961308476741699
107,16,2030,1,wind_offshore,0.1637379775366016
107,17,2030,1,wind_offshore,0.13630050103636573
107,18,2030,1,wind_offshore,0.14526846618976624
107,19,2030,1,wind_offshore,0.2454590378233569
107,20,2030,1,wind_offshore,0.4085088347983345
107,21,2030,1,wind_offshore,0.6081005140120795
107,22,2030,1,wind_offshore,0.74385273976603
107,23,2030,1,wind_offshore,0.6885868536802751
107,24,2030,1,wind_offshore,0.7953963259801282
107,1,2030,1,wind_onshore,0.2860109059023826
107,2,2030,1,wind_onshore,0.32848822399543254
107,3,2030,1,wind_onshore,0.36768364326698655
107,4,2030,1,wind_onshore,0.37706817593086
107,5,2030,1,wind_onshore,0.3942649618298646
107,6,2030,1,wind_onshore,0.3645935552540045
107,7,2030,1,wind_onshore,0.3406472767192446
107,8,2030,1,wind_onshore,0.32990419964638606
107,9,2030,1,wind_onshore,0.31411389216115726
107,10,2030,1,wind_onshore,0.29167599875944294
107,11,2030,1,wind_onshore,0.2868439187261512
107,12,2030,1,wind_onshore,0.3044285956254978
107,13,2030,1,wind_onshore,0.32419321074230584
107,14,2030,1,wind_onshore,0.3248193046733115
107,15,2030,1,wind_onshore,0.3248425332248228
107,16,2030,1,wind_onshore,0.3322921025673768
107,17,2030,1,wind_onshore,0.3445103297229747
107,18,2030,1,wind_onshore,0.3536109092423143
107,19,2030,1,wind_onshore,0.36708935046536034
107,20,2030,1,wind_onshore,0.33931675912437786
107,21,2030,1,wind_onshore,0.28220846214654954
107,22,2030,1,wind_onshore,0.22149018650900285
107,23,2030,1,wind_onshore,0.1837336716367044
107,24,2030,1,wind_onshore,0.17144699613109327
108,1,2030,1,demand,0.4747570845539522
108,2,2030,1,demand,0.4781357211211949
108,3,2030,1,demand,0.48589189500861046
108,4,2030,1,demand,0.4832357614591597
108,5,2030,1,demand,0.5044618224422108
108,6,2030,1,demand,0.521810453554024
108,7,2030,1,demand,0.5341292665065798
108,8,2030,1,demand,0.5649113808141343
108,9,2030,1,demand,0.5976837881577886
108,10,2030,1,demand,0.5973622526784625
108,11,2030,1,demand,0.5979508177330191
108,12,2030,1,demand,0.6027817237382651
108,13,2030,1,demand,0.5989323369554006
108,14,2030,1,demand,0.5877124192499356
108,15,2030,1,demand,0.5858090516686487
108,16,2030,1,demand,0.5796586671048716
108,17,2030,1,demand,0.5661141774071909
108,18,2030,1,demand,0.5573518079779056
108,19,2030,1,demand,0.5688887731667432
108,20,2030,1,demand,0.5776194780375793
108,21,2030,1,demand,0.5592990772726291
108,22,2030,1,demand,0.5200149606316415
108,23,2030,1,demand,0.4880836024131876
108,24,2030,1,demand,0.4876928342876709
108,1,2030,1,solar,0.0
108,2,2030,1,solar,0.0
108,3,2030,1,solar,0.0
108,4,2030,1,solar,0.0
108,5,2030,1,solar,0.0
108,6,2030,1,solar,0.0004903911157667074
108,7,2030,1,solar,0.05839738576177422
108,8,2030,1,solar,0.2905917858085491
108,9,2030,1,solar,0.5598495420026156
108,10,2030,1,solar,0.7774246657890824
108,11,2030,1,solar,0.9105299339395804
108,12,2030,1,solar,1.0040491542560284
108,13,2030,1,solar,1.033666120362735
108,14,2030,1,solar,1.026664715805951
108,15,2030,1,solar,0.97072735838574
108,16,2030,1,solar,0.8420891891950522
108,17,2030,1,solar,0.639098861724656
108,18,2030,1,solar,0.39051279762234
108,19,2030,1,solar,0.12849401519590295
108,20,2030,1,solar,0.000964275952259897
108,21,2030,1,solar,0.0
108,22,2030,1,solar,0.0
108,23,2030,1,solar,0.0
108,24,2030,1,solar,0.0
108,1,2030,1,wind_offshore,0.38796696232928796
108,2,2030,1,wind_offshore,0.3703238773092292
108,3,2030,1,wind_offshore,0.3805869133110893
108,4,2030,1,wind_offshore,0.37146207734530357
108,5,2030,1,wind_offshore,0.38403001506074375
108,6,2030,1,wind_offshore,0.40392688453975983
108,7,2030,1,wind_offshore,0.45556167546486726
108,8,2030,1,wind_offshore,0.5215434684137059
108,9,2030,1,wind_offshore,0.5301131307537779
108,10,2030,1,wind_offshore,0.47607507279758343
108,11,2030,1,wind_offshore,0.3831567089266981
108,12,2030,1,wind_offshore,0.3318314455572117
108,13,2030,1,wind_offshore,0.2913392053144294
108,14,2030,1,wind_offshore,0.2795026723564771
108,15,2030,1,wind_offshore,0.31728064764151154
108,16,2030,1,wind_offshore,0.36756442503477704
108,17,2030,1,wind_offshore,0.4128055986133566
108,18,2030,1,wind_offshore,0.43263059815755617
108,19,2030,1,wind_offshore,0.43085078895372947
108,20,2030,1,wind_offshore,0.44145683390280094
108,21,2030,1,wind_offshore,0.41358445865077886
108,22,2030,1,wind_offshore,0.4116142282794106
108,23,2030,1,wind_offshore,0.3250794181159209
108,24,2030,1,wind_offshore,0.29109881100666135
108,1,2030,1,wind_onshore,0.45207000093855987
108,2,2030,1,wind_onshore,0.4255764295403888
108,3,2030,1,wind_onshore,0.4002073481190821
108,4,2030,1,wind_onshore,0.37606557045814903
108,5,2030,1,wind_onshore,0.3733945398476493
108,6,2030,1,wind_onshore,0.3796253737189705
108,7,2030,1,wind_onshore,0.42050589575524355
108,8,2030,1,wind_onshore,0.44914225985296663
108,9,2030,1,wind_onshore,0.4795150265933842
108,10,2030,1,wind_onshore,0.4953272880322877
108,11,2030,1,wind_onshore,0.5184946042883136
108,12,2030,1,wind_onshore,0.5144146892382028
108,13,2030,1,wind_onshore,0.509938067607621
108,14,2030,1,wind_onshore,0.5243980506933845
108,15,2030,1,wind_onshore,0.5622340174921944
108,16,2030,1,wind_onshore,0.6017483378908959
108,17,2030,1,wind_onshore,0.6438375066034285
108,18,2030,1,wind_onshore,0.6606136087289555
108,19,2030,1,wind_onshore,0.6685636222498681
108,20,2030,1,wind_onshore,0.6329436286399837
108,21,2030,1,wind_onshore,0.6360510120340809
108,22,2030,1,wind_onshore,0.6244398946298106
108,23,2030,1,wind_onshore,0.5838096636371716
108,24,2030,1,wind_onshore,0.5580336775028761
109,1,2030,1,demand,0.4904895960757162
109,2,2030,1,demand,0.47772101457869537
109,3,2030,1,demand,0.45904161647661296
109,4,2030,1,demand,0.44619980546440585
109,5,2030,1,demand,0.446145682228878
109,6,2030,1,demand,0.473007259038109
109,7,2030,1,demand,0.49883935102659216
109,8,2030,1,demand,0.5491652617739501
109,9,2030,1,demand,0.5826806713710451
109,10,2030,1,demand,0.606161646091618
109,11,2030,1,demand,0.6133474454737234
109,12,2030,1,demand,0.6123778220471379
109,13,2030,1,demand,0.6096791355678531
109,14,2030,1,demand,0.5980870980475039
109,15,2030,1,demand,0.5854361693693085
109,16,2030,1,demand,0.5821713964212125
109,17,2030,1,demand,0.578154642709494
109,18,2030,1,demand,0.5770159407316189
109,19,2030,1,demand,0.6028197938589993
109,20,2030,1,demand,0.6320234449202022
109,21,2030,1,demand,0.6233710224868861
109,22,2030,1,demand,0.5792165325200703
109,23,2030,1,demand,0.533502351487832
109,24,2030,1,demand,0.5181735340283332
109,1,2030,1,solar,0.0
109,2,2030,1,solar,0.0
109,3,2030,1,solar,0.0
109,4,2030,1,solar,0.0
109,5,2030,1,solar,0.0
109,6,2030,1,solar,0.0
109,7,2030,1,solar,0.0
109,8,2030,1,solar,0.03864449941101969
109,9,2030,1,solar,0.22377578910367335
109,10,2030,1,solar,0.448817531002509
109,11,2030,1,solar,0.6110388959177387
109,12,2030,1,solar,0.7174475401648218
109,13,2030,1,solar,0.7707787993355121
109,14,2030,1,solar,0.7564508257613597
109,15,2030,1,solar,0.6651252047967341
109,16,2030,1,solar,0.5560515890049949
109,17,2030,1,solar,0.3837080303208691
109,18,2030,1,solar,0.1774786813957648
109,19,2030,1,solar,0.01607175400819224
109,20,2030,1,solar,0.0
109,21,2030,1,solar,0.0
109,22,2030,1,solar,0.0
109,23,2030,1,solar,0.0
109,24,2030,1,solar,0.0
109,1,2030,1,wind_offshore,1.2245464310543421
109,2,2030,1,wind_offshore,1.2252557956535732
109,3,2030,1,wind_offshore,1.2322952366341748
109,4,2030,1,wind_offshore,1.236938256084151
109,5,2030,1,wind_offshore,1.2452326774564058
109,6,2030,1,wind_offshore,1.2349260546833052
109,7,2030,1,wind_offshore,1.2460099707936456
109,8,2030,1,wind_offshore,1.23598453177708
109,9,2030,1,wind_offshore,1.2327669190759813
109,10,2030,1,wind_offshore,1.243136128103722
109,11,2030,1,wind_offshore,1.2406692979466993
109,12,2030,1,wind_offshore,1.2547503669234745
109,13,2030,1,wind_offshore,1.2689733539559265
109,14,2030,1,wind_offshore,1.2690867070204317
109,15,2030,1,wind_offshore,1.26342117843627
109,16,2030,1,wind_offshore,1.253608980532539
109,17,2030,1,wind_offshore,1.2674511736574754
109,18,2030,1,wind_offshore,1.277489988612956
109,19,2030,1,wind_offshore,1.2842287080028145
109,20,2030,1,wind_offshore,1.289115602993899
109,21,2030,1,wind_offshore,1.2809914313817847
109,22,2030,1,wind_offshore,1.302260377576231
109,23,2030,1,wind_offshore,1.295538585374482
109,24,2030,1,wind_offshore,1.2896047041154595
109,1,2030,1,wind_onshore,0.615786425573246
109,2,2030,1,wind_onshore,0.6504352296581738
109,3,2030,1,wind_onshore,0.6766962192131422
109,4,2030,1,wind_onshore,0.6959322065513016
109,5,2030,1,wind_onshore,0.7229758376125516
109,6,2030,1,wind_onshore,0.733282424433228
109,7,2030,1,wind_onshore,0.729247956195299
109,8,2030,1,wind_onshore,0.723999827323259
109,9,2030,1,wind_onshore,0.7092073569150616
109,10,2030,1,wind_onshore,0.7096543404363834
109,11,2030,1,wind_onshore,0.7953957720626968
109,12,2030,1,wind_onshore,0.8363419121692348
109,13,2030,1,wind_onshore,0.8616306178072635
109,14,2030,1,wind_onshore,0.8672912309805626
109,15,2030,1,wind_onshore,0.8428243557616117
109,16,2030,1,wind_onshore,0.8350305414955185
109,17,2030,1,wind_onshore,0.8297682132259733
109,18,2030,1,wind_onshore,0.7558344808099533
109,19,2030,1,wind_onshore,0.7444371599930267
109,20,2030,1,wind_onshore,0.748508049903031
109,21,2030,1,wind_onshore,0.7362359964793858
109,22,2030,1,wind_onshore,0.7074099814373725
109,23,2030,1,wind_onshore,0.6135502675623922
109,24,2030,1,wind_onshore,0.5876041981621106
110,1,2030,1,demand,0.5104594504490925
110,2,2030,1,demand,0.5135881582303827
110,3,2030,1,demand,0.5073801087076548
110,4,2030,1,demand,0.5041811553653665
110,5,2030,1,demand,0.5242140191973688
110,6,2030,1,demand,0.5551112112777946
110,7,2030,1,demand,0.5988352749797845
110,8,2030,1,demand,0.6383222863124853
110,9,2030,1,demand,0.6585548833023426
110,10,2030,1,demand,0.6567487179624433
110,11,2030,1,demand,0.6586152323585155
110,12,2030,1,demand,0.6540147848723413
110,13,2030,1,demand,0.6303437030683802
110,14,2030,1,demand,0.6147511179163979
110,15,2030,1,demand,0.6099981658938824
110,16,2030,1,demand,0.6097763439157078
110,17,2030,1,demand,0.6034233010248706
110,18,2030,1,demand,0.5961832914226246
110,19,2030,1,demand,0.6099176046440639
110,20,2030,1,demand,0.630879410618747
110,21,2030,1,demand,0.6221504311787448
110,22,2030,1,demand,0.5811157980143006
110,23,2030,1,demand,0.5358598512056056
110,24,2030,1,demand,0.5338647563477696
110,1,2030,1,solar,0.0
110,2,2030,1,solar,0.0
110,3,2030,1,solar,0.0
110,4,2030,1,solar,0.0
110,5,2030,1,solar,0.0
110,6,2030,1,solar,0.0
110,7,2030,1,solar,0.013426526442255067
110,8,2030,1,solar,0.18184700382746558
110,9,2030,1,solar,0.4341733367476328
110,10,2030,1,solar,0.6655507105781495
110,11,2030,1,solar,0.8045712282197292
110,12,2030,1,solar,0.877931180789139
110,13,2030,1,solar,0.8988513825857675
110,14,2030,1,solar,0.8800560603018364
110,15,2030,1,solar,0.8099218626816296
110,16,2030,1,solar,0.6806339135170479
110,17,2030,1,solar,0.5064029139763697
110,18,2030,1,solar,0.2816479206843425
110,19,2030,1,solar,0.06714564198016432
110,20,2030,1,solar,1.646820955824089e-6
110,21,2030,1,solar,0.0
110,22,2030,1,solar,0.0
110,23,2030,1,solar,0.0
110,24,2030,1,solar,0.0
110,1,2030,1,wind_offshore,0.2913281623235355
110,2,2030,1,wind_offshore,0.36635647114454295
110,3,2030,1,wind_offshore,0.42818322852410584
110,4,2030,1,wind_offshore,0.5246730537662327
110,5,2030,1,wind_offshore,0.6960949962328534
110,6,2030,1,wind_offshore,0.8029669953787961
110,7,2030,1,wind_offshore,0.8970165550319075
110,8,2030,1,wind_offshore,0.8582723936360607
110,9,2030,1,wind_offshore,0.7784981495154226
110,10,2030,1,wind_offshore,0.8294046249334744
110,11,2030,1,wind_offshore,0.7127302630150464
110,12,2030,1,wind_offshore,0.6163149520532709
110,13,2030,1,wind_offshore,0.5454488090998505
110,14,2030,1,wind_offshore,0.4570019817389872
110,15,2030,1,wind_offshore,0.4297121134935598
110,16,2030,1,wind_offshore,0.4609378177764716
110,17,2030,1,wind_offshore,0.5436505345350098
110,18,2030,1,wind_offshore,0.6748888339156994
110,19,2030,1,wind_offshore,0.8467198138581932
110,20,2030,1,wind_offshore,0.8747791441360645
110,21,2030,1,wind_offshore,0.9120213326613347
110,22,2030,1,wind_offshore,0.9505519248695907
110,23,2030,1,wind_offshore,0.8399475855294826
110,24,2030,1,wind_offshore,0.781094891702168
110,1,2030,1,wind_onshore,0.3432424539365486
110,2,2030,1,wind_onshore,0.30720418042837744
110,3,2030,1,wind_onshore,0.2736436239359615
110,4,2030,1,wind_onshore,0.2575710283207515
110,5,2030,1,wind_onshore,0.23855090299785334
110,6,2030,1,wind_onshore,0.2274755316226309
110,7,2030,1,wind_onshore,0.22829712206261524
110,8,2030,1,wind_onshore,0.21532493470777966
110,9,2030,1,wind_onshore,0.1995991638354185
110,10,2030,1,wind_onshore,0.18650842828014458
110,11,2030,1,wind_onshore,0.17814302325095552
110,12,2030,1,wind_onshore,0.1924364843015899
110,13,2030,1,wind_onshore,0.23912361806513563
110,14,2030,1,wind_onshore,0.29703793389199606
110,15,2030,1,wind_onshore,0.3574271089030324
110,16,2030,1,wind_onshore,0.4003418731149133
110,17,2030,1,wind_onshore,0.4364653792712465
110,18,2030,1,wind_onshore,0.4498746194063725
110,19,2030,1,wind_onshore,0.4377370129077386
110,20,2030,1,wind_onshore,0.38351994698822267
110,21,2030,1,wind_onshore,0.34192580069949474
110,22,2030,1,wind_onshore,0.31063799138410914
110,23,2030,1,wind_onshore,0.2599190955555236
110,24,2030,1,wind_onshore,0.24648588880593703
111,1,2030,1,demand,0.47019944752098536
111,2,2030,1,demand,0.46140566271594796
111,3,2030,1,demand,0.44744401920158033
111,4,2030,1,demand,0.4402724169564672
111,5,2030,1,demand,0.43403000433302874
111,6,2030,1,demand,0.4381708730356126
111,7,2030,1,demand,0.44989085221681263
111,8,2030,1,demand,0.47268961667628473
111,9,2030,1,demand,0.5009497019619228
111,10,2030,1,demand,0.5158782442812788
111,11,2030,1,demand,0.5167158095501929
111,12,2030,1,demand,0.5189559268071777
111,13,2030,1,demand,0.513957186811045
111,14,2030,1,demand,0.5080442099667644
111,15,2030,1,demand,0.4981824548562685
111,16,2030,1,demand,0.4849681480598157
111,17,2030,1,demand,0.4896761692755668
111,18,2030,1,demand,0.5040473716543387
111,19,2030,1,demand,0.5221439439431403
111,20,2030,1,demand,0.5572807644712052
111,21,2030,1,demand,0.5565626516616718
111,22,2030,1,demand,0.5306225498663805
111,23,2030,1,demand,0.49770914199959077
111,24,2030,1,demand,0.4764020500768301
111,1,2030,1,solar,0.0
111,2,2030,1,solar,0.0
111,3,2030,1,solar,0.0
111,4,2030,1,solar,0.0
111,5,2030,1,solar,0.0
111,6,2030,1,solar,0.0
111,7,2030,1,solar,0.025186062676465372
111,8,2030,1,solar,0.2098364555343241
111,9,2030,1,solar,0.452752320198268
111,10,2030,1,solar,0.6926624843475147
111,11,2030,1,solar,0.8496143999375415
111,12,2030,1,solar,0.9048313106560952
111,13,2030,1,solar,0.9192843867032632
111,14,2030,1,solar,0.9192749258447713
111,15,2030,1,solar,0.8719590452448015
111,16,2030,1,solar,0.7554821907749718
111,17,2030,1,solar,0.5861874483918283
111,18,2030,1,solar,0.3284841560475154
111,19,2030,1,solar,0.07906879218424614
111,20,2030,1,solar,0.0004233411303137963
111,21,2030,1,solar,0.0
111,22,2030,1,solar,0.0
111,23,2030,1,solar,0.0
111,24,2030,1,solar,0.0
111,1,2030,1,wind_offshore,0.8049829888536156
111,2,2030,1,wind_offshore,0.8075444886706497
111,3,2030,1,wind_offshore,0.8275197496329775
111,4,2030,1,wind_offshore,0.7500748219946289
111,5,2030,1,wind_offshore,0.672947594023818
111,6,2030,1,wind_offshore,0.6227924880149796
111,7,2030,1,wind_offshore,0.5113237620048975
111,8,2030,1,wind_offshore,0.36861469222182996
111,9,2030,1,wind_offshore,0.2856471141824225
111,10,2030,1,wind_offshore,0.2798914446014424
111,11,2030,1,wind_offshore,0.2228453211294317
111,12,2030,1,wind_offshore,0.23865465321721394
111,13,2030,1,wind_offshore,0.2534986366574615
111,14,2030,1,wind_offshore,0.2645442333432154
111,15,2030,1,wind_offshore,0.2141870630197025
111,16,2030,1,wind_offshore,0.13731278749870618
111,17,2030,1,wind_offshore,0.07871893544201465
111,18,2030,1,wind_offshore,0.04370528519558284
111,19,2030,1,wind_offshore,0.01630571392839778
111,20,2030,1,wind_offshore,0.004744187519485201
111,21,2030,1,wind_offshore,0.00016000242691793898
111,22,2030,1,wind_offshore,0.0
111,23,2030,1,wind_offshore,0.0
111,24,2030,1,wind_offshore,0.005119019355425392
111,1,2030,1,wind_onshore,0.2432010188053598
111,2,2030,1,wind_onshore,0.24118123021157753
111,3,2030,1,wind_onshore,0.2263005879920429
111,4,2030,1,wind_onshore,0.21558420182567942
111,5,2030,1,wind_onshore,0.20515636830922834
111,6,2030,1,wind_onshore,0.18983637707922157
111,7,2030,1,wind_onshore,0.17337801981753512
111,8,2030,1,wind_onshore,0.14055847129769658
111,9,2030,1,wind_onshore,0.11486308190709227
111,10,2030,1,wind_onshore,0.11130981539862816
111,11,2030,1,wind_onshore,0.07955220041202386
111,12,2030,1,wind_onshore,0.07950045123427149
111,13,2030,1,wind_onshore,0.08633997069100473
111,14,2030,1,wind_onshore,0.10476499756705303
111,15,2030,1,wind_onshore,0.1290322204931268
111,16,2030,1,wind_onshore,0.1534982331228186
111,17,2030,1,wind_onshore,0.17202833859340438
111,18,2030,1,wind_onshore,0.16919788570086186
111,19,2030,1,wind_onshore,0.15499420648266796
111,20,2030,1,wind_onshore,0.16894608489305338
111,21,2030,1,wind_onshore,0.1713507859563765
111,22,2030,1,wind_onshore,0.177169761670784
111,23,2030,1,wind_onshore,0.1586373301392928
111,24,2030,1,wind_onshore,0.13959922500568428
112,1,2030,1,demand,0.4557047797477748
112,2,2030,1,demand,0.4645690059266893
112,3,2030,1,demand,0.463932731894989
112,4,2030,1,demand,0.4660622413026799
112,5,2030,1,demand,0.4767857290734511
112,6,2030,1,demand,0.5125684514507096
112,7,2030,1,demand,0.5434813430691612
112,8,2030,1,demand,0.5778030381764425
112,9,2030,1,demand,0.5948624091535737
112,10,2030,1,demand,0.5883336419691741
112,11,2030,1,demand,0.5862998060381901
112,12,2030,1,demand,0.5866368641287323
112,13,2030,1,demand,0.586601983915712
112,14,2030,1,demand,0.5803185727427471
112,15,2030,1,demand,0.5683601462529898
112,16,2030,1,demand,0.5781171161256716
112,17,2030,1,demand,0.5783387801631836
112,18,2030,1,demand,0.5802463516818902
112,19,2030,1,demand,0.5890191474403139
112,20,2030,1,demand,0.5989194831364355
112,21,2030,1,demand,0.5798276409313807
112,22,2030,1,demand,0.5460009484493017
112,23,2030,1,demand,0.5078541510854964
112,24,2030,1,demand,0.5108387415634763
112,1,2030,1,solar,0.0
112,2,2030,1,solar,0.0
112,3,2030,1,solar,0.0
112,4,2030,1,solar,0.0
112,5,2030,1,solar,0.0
112,6,2030,1,solar,0.0
112,7,2030,1,solar,6.66033953738581e-5
112,8,2030,1,solar,0.1216849135778255
112,9,2030,1,solar,0.36476637140371465
112,10,2030,1,solar,0.5920661513524728
112,11,2030,1,solar,0.7492405788900796
112,12,2030,1,solar,0.8317604463961631
112,13,2030,1,solar,0.8481749827417929
112,14,2030,1,solar,0.7917779473475921
112,15,2030,1,solar,0.6518380902333436
112,16,2030,1,solar,0.49991769229216376
112,17,2030,1,solar,0.33505950716301136
112,18,2030,1,solar,0.14543194841947885
112,19,2030,1,solar,0.004684416076321964
112,20,2030,1,solar,0.0
112,21,2030,1,solar,0.0
112,22,2030,1,solar,0.0
112,23,2030,1,solar,0.0
112,24,2030,1,solar,0.0
112,1,2030,1,wind_offshore,0.5754048547592538
112,2,2030,1,wind_offshore,0.6280642960775346
112,3,2030,1,wind_offshore,0.6544606274164135
112,4,2030,1,wind_offshore,0.6614124154212114
112,5,2030,1,wind_offshore,0.7018224820254972
112,6,2030,1,wind_offshore,0.7115445815552005
112,7,2030,1,wind_offshore,0.6539042846543348
112,8,2030,1,wind_offshore,0.5950638048332707
112,9,2030,1,wind_offshore,0.563633549127661
112,10,2030,1,wind_offshore,0.5716384991822969
112,11,2030,1,wind_offshore,0.5451857828986251
112,12,2030,1,wind_offshore,0.575238915615988
112,13,2030,1,wind_offshore,0.602418095305516
112,14,2030,1,wind_offshore,0.6318023656293413
112,15,2030,1,wind_offshore,0.6901254673015644
112,16,2030,1,wind_offshore,0.7610291712413534
112,17,2030,1,wind_offshore,0.8220677728421216
112,18,2030,1,wind_offshore,0.8637331187898122
112,19,2030,1,wind_offshore,0.8924387213877291
112,20,2030,1,wind_offshore,0.9588707791607388
112,21,2030,1,wind_offshore,0.9480812080530152
112,22,2030,1,wind_offshore,0.903273707063891
112,23,2030,1,wind_offshore,0.6367518655703224
112,24,2030,1,wind_offshore,0.6019562049303765
112,1,2030,1,wind_onshore,0.2918966785671847
112,2,2030,1,wind_onshore,0.27442100034034417
112,3,2030,1,wind_onshore,0.2611652673194925
112,4,2030,1,wind_onshore,0.2513932563334248
112,5,2030,1,wind_onshore,0.24955414372737217
112,6,2030,1,wind_onshore,0.24044617747348992
112,7,2030,1,wind_onshore,0.22509454021703817
112,8,2030,1,wind_onshore,0.20636668501171568
112,9,2030,1,wind_onshore,0.1986406080952129
112,10,2030,1,wind_onshore,0.17076020002963369
112,11,2030,1,wind_onshore,0.1390469115461036
112,12,2030,1,wind_onshore,0.13104462069312423
112,13,2030,1,wind_onshore,0.12547988475991953
112,14,2030,1,wind_onshore,0.13657905213639124
112,15,2030,1,wind_onshore,0.15874228364749643
112,16,2030,1,wind_onshore,0.18906391684203794
112,17,2030,1,wind_onshore,0.22760729570949273
112,18,2030,1,wind_onshore,0.2567434979613923
112,19,2030,1,wind_onshore,0.29051492765762355
112,20,2030,1,wind_onshore,0.3169466323256339
112,21,2030,1,wind_onshore,0.31166836977155066
112,22,2030,1,wind_onshore,0.2931175533376352
112,23,2030,1,wind_onshore,0.24328626128283884
112,24,2030,1,wind_onshore,0.22709904033596934
113,1,2030,1,demand,0.5295725559876937
113,2,2030,1,demand,0.5209081571103756
113,3,2030,1,demand,0.5080314272105514
113,4,2030,1,demand,0.5008667241603233
113,5,2030,1,demand,0.5120932463992434
113,6,2030,1,demand,0.5345538448905761
113,7,2030,1,demand,0.5482757256013627
113,8,2030,1,demand,0.5864178358330626
113,9,2030,1,demand,0.626088181452268
113,10,2030,1,demand,0.6734943318677625
113,11,2030,1,demand,0.7135234096619982
113,12,2030,1,demand,0.7403794972874574
113,13,2030,1,demand,0.7461075797180752
113,14,2030,1,demand,0.7455073708725743
113,15,2030,1,demand,0.7439341823418396
113,16,2030,1,demand,0.7313774858938965
113,17,2030,1,demand,0.7216260808286711
113,18,2030,1,demand,0.6957919326518819
113,19,2030,1,demand,0.6845344101595278
113,20,2030,1,demand,0.6782279691095547
113,21,2030,1,demand,0.6719641181273962
113,22,2030,1,demand,0.6290350607745543
113,23,2030,1,demand,0.5935376045459738
113,24,2030,1,demand,0.5806248751565449
113,1,2030,1,solar,0.0
113,2,2030,1,solar,0.0
113,3,2030,1,solar,0.0
113,4,2030,1,solar,0.0
113,5,2030,1,solar,0.0
113,6,2030,1,solar,0.0
113,7,2030,1,solar,0.01661619245887935
113,8,2030,1,solar,0.1959068715885848
113,9,2030,1,solar,0.4370193317147367
113,10,2030,1,solar,0.6699270241637089
113,11,2030,1,solar,0.8293713495730572
113,12,2030,1,solar,0.91583573774222
113,13,2030,1,solar,0.9356864501347558
113,14,2030,1,solar,0.9094664272375685
113,15,2030,1,solar,0.8184242315041217
113,16,2030,1,solar,0.6987738849592102
113,17,2030,1,solar,0.5257040484300808
113,18,2030,1,solar,0.3260474685703
113,19,2030,1,solar,0.10937873329825448
113,20,2030,1,solar,0.0020562773170792483
113,21,2030,1,solar,0.0
113,22,2030,1,solar,0.0
113,23,2030,1,solar,0.0
113,24,2030,1,solar,0.0
113,1,2030,1,wind_offshore,0.18303270310996092
113,2,2030,1,wind_offshore,0.1849169287829868
113,3,2030,1,wind_offshore,0.2021401608014464
113,4,2030,1,wind_offshore,0.23927940757599553
113,5,2030,1,wind_offshore,0.31391341057961797
113,6,2030,1,wind_offshore,0.3856080382519455
113,7,2030,1,wind_offshore,0.44811485461846323
113,8,2030,1,wind_offshore,0.5034620572266373
113,9,2030,1,wind_offshore,0.5324677614505195
113,10,2030,1,wind_offshore,0.539326580345557
113,11,2030,1,wind_offshore,0.5567030187245116
113,12,2030,1,wind_offshore,0.5592263258375507
113,13,2030,1,wind_offshore,0.5426093598506204
113,14,2030,1,wind_offshore,0.5831804201503663
113,15,2030,1,wind_offshore,0.6259581872700134
113,16,2030,1,wind_offshore,0.7370040335035531
113,17,2030,1,wind_offshore,0.9072434175495115
113,18,2030,1,wind_offshore,1.0249861796550468
113,19,2030,1,wind_offshore,1.0735080281449003
113,20,2030,1,wind_offshore,1.1145071100255095
113,21,2030,1,wind_offshore,1.1306174892874432
113,22,2030,1,wind_offshore,1.154652266501059
113,23,2030,1,wind_offshore,1.1195473931781554
113,24,2030,1,wind_offshore,1.1234094180306569
113,1,2030,1,wind_onshore,0.3430637740377192
113,2,2030,1,wind_onshore,0.30689412751884954
113,3,2030,1,wind_onshore,0.29207750940718114
113,4,2030,1,wind_onshore,0.2744865363342037
113,5,2030,1,wind_onshore,0.2624929651916548
113,6,2030,1,wind_onshore,0.25691448997227057
113,7,2030,1,wind_onshore,0.26543631286698266
113,8,2030,1,wind_onshore,0.28061080963855767
113,9,2030,1,wind_onshore,0.2754924985076613
113,10,2030,1,wind_onshore,0.25400499947480265
113,11,2030,1,wind_onshore,0.23461024975240038
113,12,2030,1,wind_onshore,0.22018160140541984
113,13,2030,1,wind_onshore,0.20657835543402006
113,14,2030,1,wind_onshore,0.21273351316182357
113,15,2030,1,wind_onshore,0.2157494729592142
113,16,2030,1,wind_onshore,0.23069596493340072
113,17,2030,1,wind_onshore,0.2819490942543347
113,18,2030,1,wind_onshore,0.37184732445474944
113,19,2030,1,wind_onshore,0.48935865777252047
113,20,2030,1,wind_onshore,0.5334913569309451
113,21,2030,1,wind_onshore,0.5564435417603284
113,22,2030,1,wind_onshore,0.5345660498785217
113,23,2030,1,wind_onshore,0.44452898872755053
113,24,2030,1,wind_onshore,0.4156363362880837
114,1,2030,1,demand,0.5264689815322184
114,2,2030,1,demand,0.5041432417831045
114,3,2030,1,demand,0.4914608392565609
114,4,2030,1,demand,0.47403117885781554
114,5,2030,1,demand,0.4650458523441357
114,6,2030,1,demand,0.4537688383459356
114,7,2030,1,demand,0.46777028120555914
114,8,2030,1,demand,0.4983578902131325
114,9,2030,1,demand,0.5421734903581374
114,10,2030,1,demand,0.5691761623492387
114,11,2030,1,demand,0.587926907984548
114,12,2030,1,demand,0.5784803276197263
114,13,2030,1,demand,0.5781127280595372
114,14,2030,1,demand,0.5688403117283496
114,15,2030,1,demand,0.5465303818401374
114,16,2030,1,demand,0.5263271698217903
114,17,2030,1,demand,0.5180066681424994
114,18,2030,1,demand,0.5157221028085563
114,19,2030,1,demand,0.5401836850382885
114,20,2030,1,demand,0.5718024503736066
114,21,2030,1,demand,0.5753436752136204
114,22,2030,1,demand,0.5637811497983687
114,23,2030,1,demand,0.5277973022488713
114,24,2030,1,demand,0.5082655418262106
114,1,2030,1,solar,0.0
114,2,2030,1,solar,0.0
114,3,2030,1,solar,0.0
114,4,2030,1,solar,0.0
114,5,2030,1,solar,0.0
114,6,2030,1,solar,0.0
114,7,2030,1,solar,0.0
114,8,2030,1,solar,0.0
114,9,2030,1,solar,0.18985093533751857
114,10,2030,1,solar,0.4319731624503674
114,11,2030,1,solar,0.6220548698900658
114,12,2030,1,solar,0.747448421253129
114,13,2030,1,solar,0.7859404534118727
114,14,2030,1,solar,0.7357761504426196
114,15,2030,1,solar,0.6102455838032896
114,16,2030,1,solar,0.42153634900479764
114,17,2030,1,solar,0.18601925837301098
114,18,2030,1,solar,0.0
114,19,2030,1,solar,0.0
114,20,2030,1,solar,0.0
114,21,2030,1,solar,0.0
114,22,2030,1,solar,0.0
114,23,2030,1,solar,0.0
114,24,2030,1,solar,0.0
114,1,2030,1,wind_offshore,1.2592562462176902
114,2,2030,1,wind_offshore,1.2566506301558082
114,3,2030,1,wind_offshore,1.2402662744251158
114,4,2030,1,wind_offshore,1.2483679444579239
114,5,2030,1,wind_offshore,1.2520440119934197
114,6,2030,1,wind_offshore,1.224490706475869
114,7,2030,1,wind_offshore,1.2462519469773965
114,8,2030,1,wind_offshore,1.2563348607459894
114,9,2030,1,wind_offshore,1.1760589962912533
114,10,2030,1,wind_offshore,1.095000402758832
114,11,2030,1,wind_offshore,0.9885931061345808
114,12,2030,1,wind_offshore,0.8560351707185155
114,13,2030,1,wind_offshore,0.8111414727046182
114,14,2030,1,wind_offshore,0.7919581207013555
114,15,2030,1,wind_offshore,0.8478497067681093
114,16,2030,1,wind_offshore,0.8757325538722419
114,17,2030,1,wind_offshore,0.8406484326459553
114,18,2030,1,wind_offshore,0.7524081611238924
114,19,2030,1,wind_offshore,0.6756529395310352
114,20,2030,1,wind_offshore,0.6827745925771412
114,21,2030,1,wind_offshore,0.5787331589251015
114,22,2030,1,wind_offshore,0.43380327332986723
114,23,2030,1,wind_offshore,0.2702240689060456
114,24,2030,1,wind_offshore,0.137411737510559
114,1,2030,1,wind_onshore,0.11953575529094723
114,2,2030,1,wind_onshore,0.13913214743080854
114,3,2030,1,wind_onshore,0.1580821505607337
114,4,2030,1,wind_onshore,0.1785510698668963
114,5,2030,1,wind_onshore,0.19416684976704457
114,6,2030,1,wind_onshore,0.21187344400361685
114,7,2030,1,wind_onshore,0.23819356033126998
114,8,2030,1,wind_onshore,0.2624397995325972
114,9,2030,1,wind_onshore,0.2906298007771214
114,10,2030,1,wind_onshore,0.2962696187378901
114,11,2030,1,wind_onshore,0.3058264504101514
114,12,2030,1,wind_onshore,0.36077090901549386
114,13,2030,1,wind_onshore,0.3723505588873331
114,14,2030,1,wind_onshore,0.3778465988571995
114,15,2030,1,wind_onshore,0.36222435283287785
114,16,2030,1,wind_onshore,0.3574637159694216
114,17,2030,1,wind_onshore,0.33913315849500053
114,18,2030,1,wind_onshore,0.33247516548475325
114,19,2030,1,wind_onshore,0.3132640934725578
114,20,2030,1,wind_onshore,0.3021134601330888
114,21,2030,1,wind_onshore,0.3091462091435495
114,22,2030,1,wind_onshore,0.32813215754879854
114,23,2030,1,wind_onshore,0.3167407936361879
114,24,2030,1,wind_onshore,0.34720520927430026
115,1,2030,1,demand,0.545269010236828
115,2,2030,1,demand,0.5395118692525211
115,3,2030,1,demand,0.5323820735808553
115,4,2030,1,demand,0.5224062537604067
115,5,2030,1,demand,0.5275140137943342
115,6,2030,1,demand,0.5282964792688282
115,7,2030,1,demand,0.5418129775892767
115,8,2030,1,demand,0.5712596350339014
115,9,2030,1,demand,0.6078885974053391
115,10,2030,1,demand,0.6240902526392453
115,11,2030,1,demand,0.6325218278078476
115,12,2030,1,demand,0.6414605358598247
115,13,2030,1,demand,0.6382717567812382
115,14,2030,1,demand,0.6208948723022382
115,15,2030,1,demand,0.5959119202898349
115,16,2030,1,demand,0.5933836661843439
115,17,2030,1,demand,0.5850591914889228
115,18,2030,1,demand,0.5807439379908823
115,19,2030,1,demand,0.5779666167375228
115,20,2030,1,demand,0.5875887007669246
115,21,2030,1,demand,0.5939382067446133
115,22,2030,1,demand,0.5797494198582035
115,23,2030,1,demand,0.5535814199295781
115,24,2030,1,demand,0.5454761369165824
115,1,2030,1,solar,0.0
115,2,2030,1,solar,0.0
115,3,2030,1,solar,0.0
115,4,2030,1,solar,0.0
115,5,2030,1,solar,0.0
115,6,2030,1,solar,0.0009890881125942438
115,7,2030,1,solar,0.06756765027946786
115,8,2030,1,solar,0.22216414409441534
115,9,2030,1,solar,0.3910737026837501
115,10,2030,1,solar,0.5373736197603556
115,11,2030,1,solar,0.6439616538875557
115,12,2030,1,solar,0.7494572513872516
115,13,2030,1,solar,0.7816877238789124
115,14,2030,1,solar,0.7572063699427194
115,15,2030,1,solar,0.7115858059156256
115,16,2030,1,solar,0.61083631774149
115,17,2030,1,solar,0.4472115912670758
115,18,2030,1,solar,0.29128302130549044
115,19,2030,1,solar,0.12600340882490582
115,20,2030,1,solar,0.014610757917042094
115,21,2030,1,solar,0.0
115,22,2030,1,solar,0.0
115,23,2030,1,solar,0.0
115,24,2030,1,solar,0.0
115,1,2030,1,wind_offshore,1.1903653186341911
115,2,2030,1,wind_offshore,1.1857504062616349
115,3,2030,1,wind_offshore,1.1818759145745639
115,4,2030,1,wind_offshore,1.1535433350548858
115,5,2030,1,wind_offshore,1.149882329907454
115,6,2030,1,wind_offshore,1.1300948815348155
115,7,2030,1,wind_offshore,1.138921970826086
115,8,2030,1,wind_offshore,1.145173368525111
115,9,2030,1,wind_offshore,1.1180534372642505
115,10,2030,1,wind_offshore,1.1238432460833523
115,11,2030,1,wind_offshore,1.128743051400725
115,12,2030,1,wind_offshore,1.129844399211914
115,13,2030,1,wind_offshore,1.1430640055103218
115,14,2030,1,wind_offshore,1.1598918738090012
115,15,2030,1,wind_offshore,1.166210335175007
115,16,2030,1,wind_offshore,1.1826675708027297
115,17,2030,1,wind_offshore,1.1707160359435342
115,18,2030,1,wind_offshore,1.166301835599073
115,19,2030,1,wind_offshore,1.1811237190053037
115,20,2030,1,wind_offshore,1.1932808896423477
115,21,2030,1,wind_offshore,1.1772675970784596
115,22,2030,1,wind_offshore,1.164011341236721
115,23,2030,1,wind_offshore,1.158800158206417
115,24,2030,1,wind_offshore,1.1390540615663156
115,1,2030,1,wind_onshore,0.4110284979283783
115,2,2030,1,wind_onshore,0.4106000403022723
115,3,2030,1,wind_onshore,0.40074963922145557
115,4,2030,1,wind_onshore,0.3864780751657084
115,5,2030,1,wind_onshore,0.3706136242874653
115,6,2030,1,wind_onshore,0.3564062198039155
115,7,2030,1,wind_onshore,0.3535856295067525
115,8,2030,1,wind_onshore,0.37601407180837265
115,9,2030,1,wind_onshore,0.3740146690256935
115,10,2030,1,wind_onshore,0.37829250032794326
115,11,2030,1,wind_onshore,0.32800805118723103
115,12,2030,1,wind_onshore,0.32106645323240307
115,13,2030,1,wind_onshore,0.32570963940631
115,14,2030,1,wind_onshore,0.34335909632383493
115,15,2030,1,wind_onshore,0.3629558975079205
115,16,2030,1,wind_onshore,0.3931358089721826
115,17,2030,1,wind_onshore,0.4533871233247232
115,18,2030,1,wind_onshore,0.5314952307311404
115,19,2030,1,wind_onshore,0.5786464330101116
115,20,2030,1,wind_onshore,0.5795822396467195
115,21,2030,1,wind_onshore,0.5515361546723224
115,22,2030,1,wind_onshore,0.5328931789980825
115,23,2030,1,wind_onshore,0.46011117700442977
115,24,2030,1,wind_onshore,0.4415931875836272
116,1,2030,1,demand,0.536186307104885
116,2,2030,1,demand,0.5174030224558892
116,3,2030,1,demand,0.4950901965681077
116,4,2030,1,demand,0.47475672202862584
116,5,2030,1,demand,0.4630154764683847
116,6,2030,1,demand,0.458106997271582
116,7,2030,1,demand,0.46958653727655525
116,8,2030,1,demand,0.4912991780964011
116,9,2030,1,demand,0.5291685387908917
116,10,2030,1,demand,0.5593208860510299
116,11,2030,1,demand,0.5748055855390433
116,12,2030,1,demand,0.5707098472531776
116,13,2030,1,demand,0.5712054327463906
116,14,2030,1,demand,0.5612786829714624
116,15,2030,1,demand,0.5493204263583766
116,16,2030,1,demand,0.5406088228965666
116,17,2030,1,demand,0.5308173296004746
116,18,2030,1,demand,0.5329813313184193
116,19,2030,1,demand,0.5508314922238521
116,20,2030,1,demand,0.5742286841149411
116,21,2030,1,demand,0.5980069855151776
116,22,2030,1,demand,0.5921679474956739
116,23,2030,1,demand,0.5517464820030475
116,24,2030,1,demand,0.5468813681456585
116,1,2030,1,solar,0.0
116,2,2030,1,solar,0.0
116,3,2030,1,solar,0.0
116,4,2030,1,solar,0.0
116,5,2030,1,solar,0.0
116,6,2030,1,solar,0.0
116,7,2030,1,solar,0.0
116,8,2030,1,solar,0.03601064761375143
116,9,2030,1,solar,0.22513697130836524
116,10,2030,1,solar,0.45579668484247304
116,11,2030,1,solar,0.6273106110569897
116,12,2030,1,solar,0.7190433895923961
116,13,2030,1,solar,0.7160651757165037
116,14,2030,1,solar,0.6585494766529758
116,15,2030,1,solar,0.5593122176946126
116,16,2030,1,solar,0.4241590604932919
116,17,2030,1,solar,0.274371825349344
116,18,2030,1,solar,0.12840055907560072
116,19,2030,1,solar,0.006273825608203482
116,20,2030,1,solar,0.0
116,21,2030,1,solar,0.0
116,22,2030,1,solar,0.0
116,23,2030,1,solar,0.0
116,24,2030,1,solar,0.0
116,1,2030,1,wind_offshore,1.2556515964878672
116,2,2030,1,wind_offshore,1.275194897447266
116,3,2030,1,wind_offshore,1.2837192118425993
116,4,2030,1,wind_offshore,1.2919994667524313
116,5,2030,1,wind_offshore,1.3146155743341663
116,6,2030,1,wind_offshore,1.2975783433714394
116,7,2030,1,wind_offshore,1.2954770514960376
116,8,2030,1,wind_offshore,1.2608353074082386
116,9,2030,1,wind_offshore,1.1938031055100655
116,10,2030,1,wind_offshore,1.1152574679815261
116,11,2030,1,wind_offshore,1.106501325229281
116,12,2030,1,wind_offshore,1.0263874188022126
116,13,2030,1,wind_offshore,0.9922698828662718
116,14,2030,1,wind_offshore,0.8666939220092349
116,15,2030,1,wind_offshore,0.6891152979273238
116,16,2030,1,wind_offshore,0.4392064788377837
116,17,2030,1,wind_offshore,0.23877138560488792
116,18,2030,1,wind_offshore,0.1378684729038488
116,19,2030,1,wind_offshore,0.06710820315209302
116,20,2030,1,wind_offshore,0.02596799452460699
116,21,2030,1,wind_offshore,0.00750450168315644
116,22,2030,1,wind_offshore,0.0006514736428801805
116,23,2030,1,wind_offshore,0.00016940803781535319
116,24,2030,1,wind_offshore,0.00723877158618159
116,1,2030,1,wind_onshore,0.700393452315632
116,2,2030,1,wind_onshore,0.6976634028331029
116,3,2030,1,wind_onshore,0.7032484956718201
116,4,2030,1,wind_onshore,0.715246072625366
116,5,2030,1,wind_onshore,0.7023422974210234
116,6,2030,1,wind_onshore,0.6941009817719854
116,7,2030,1,wind_onshore,0.6680606838228885
116,8,2030,1,wind_onshore,0.6574261087763135
116,9,2030,1,wind_onshore,0.6368757939326184
116,10,2030,1,wind_onshore,0.5905919291153495
116,11,2030,1,wind_onshore,0.5952752307139245
116,12,2030,1,wind_onshore,0.6828647582623397
116,13,2030,1,wind_onshore,0.7721193045705036
116,14,2030,1,wind_onshore,0.8006755218987254
116,15,2030,1,wind_onshore,0.8135364723348317
116,16,2030,1,wind_onshore,0.7675505400119149
116,17,2030,1,wind_onshore,0.7317012305330945
116,18,2030,1,wind_onshore,0.6810971972594364
116,19,2030,1,wind_onshore,0.646806117153585
116,20,2030,1,wind_onshore,0.6539457272498747
116,21,2030,1,wind_onshore,0.6679034959423857
116,22,2030,1,wind_onshore,0.6673600603003874
116,23,2030,1,wind_onshore,0.6097901527664951
116,24,2030,1,wind_onshore,0.6222729146320352
117,1,2030,1,demand,0.5149454403316639
117,2,2030,1,demand,0.5034740457017574
117,3,2030,1,demand,0.4800561498344297
117,4,2030,1,demand,0.47678769060163656
117,5,2030,1,demand,0.4855066083095576
117,6,2030,1,demand,0.4963244676002907
117,7,2030,1,demand,0.5251756941923953
117,8,2030,1,demand,0.5677250481328998
117,9,2030,1,demand,0.5996886535736934
117,10,2030,1,demand,0.6283497980597097
117,11,2030,1,demand,0.6394288539427997
117,12,2030,1,demand,0.6359958923224014
117,13,2030,1,demand,0.6384222094750797
117,14,2030,1,demand,0.6294177277070891
117,15,2030,1,demand,0.6069351374703688
117,16,2030,1,demand,0.5902014821995764
117,17,2030,1,demand,0.5867235848380589
117,18,2030,1,demand,0.5976826649104067
117,19,2030,1,demand,0.6101092001094628
117,20,2030,1,demand,0.6430844822479773
117,21,2030,1,demand,0.6506119090951936
117,22,2030,1,demand,0.6061902881829697
117,23,2030,1,demand,0.5558532535115971
117,24,2030,1,demand,0.5266518875981551
117,1,2030,1,solar,0.0
117,2,2030,1,solar,0.0
117,3,2030,1,solar,0.0
117,4,2030,1,solar,0.0
117,5,2030,1,solar,0.0
117,6,2030,1,solar,0.0
117,7,2030,1,solar,0.0
117,8,2030,1,solar,0.07911820929159312
117,9,2030,1,solar,0.34471491807650234
117,10,2030,1,solar,0.6239859564704666
117,11,2030,1,solar,0.8094824971583346
117,12,2030,1,solar,0.922516261659645
117,13,2030,1,solar,0.9796846789800411
117,14,2030,1,solar,0.9688064547066195
117,15,2030,1,solar,0.9005559405793008
117,16,2030,1,solar,0.7491760798975461
117,17,2030,1,solar,0.5273857428304262
117,18,2030,1,solar,0.2556229377291977
117,19,2030,1,solar,0.03444994296500867
117,20,2030,1,solar,0.0
117,21,2030,1,solar,0.0
117,22,2030,1,solar,0.0
117,23,2030,1,solar,0.0
117,24,2030,1,solar,0.0
117,1,2030,1,wind_offshore,1.2183127786023624
117,2,2030,1,wind_offshore,1.2275761480872192
117,3,2030,1,wind_offshore,1.212646052730246
117,4,2030,1,wind_offshore,1.2060147548959077
117,5,2030,1,wind_offshore,1.2032758130524412
117,6,2030,1,wind_offshore,1.200795250546213
117,7,2030,1,wind_offshore,1.2196325828786205
117,8,2030,1,wind_offshore,1.208332913806074
117,9,2030,1,wind_offshore,1.201843291587136
117,10,2030,1,wind_offshore,1.1991103303186088
117,11,2030,1,wind_offshore,1.2100546250012112
117,12,2030,1,wind_offshore,1.2128426359937188
117,13,2030,1,wind_offshore,1.2239225752688896
117,14,2030,1,wind_offshore,1.231162623789866
117,15,2030,1,wind_offshore,1.2186668909326794
117,16,2030,1,wind_offshore,1.2322513073710688
117,17,2030,1,wind_offshore,1.2199926602017943
117,18,2030,1,wind_offshore,1.2335057224756667
117,19,2030,1,wind_offshore,1.2297618758768996
117,20,2030,1,wind_offshore,1.2210562279201325
117,21,2030,1,wind_offshore,1.1979589449117047
117,22,2030,1,wind_offshore,1.1998865905956997
117,23,2030,1,wind_offshore,1.1742360293460394
117,24,2030,1,wind_offshore,1.1438025507334235
117,1,2030,1,wind_onshore,0.2998189162526665
117,2,2030,1,wind_onshore,0.2737007126778533
117,3,2030,1,wind_onshore,0.24476870059794917
117,4,2030,1,wind_onshore,0.2338482519889008
117,5,2030,1,wind_onshore,0.23497745421906716
117,6,2030,1,wind_onshore,0.23680144436803363
117,7,2030,1,wind_onshore,0.23913333993162705
117,8,2030,1,wind_onshore,0.24329412801559192
117,9,2030,1,wind_onshore,0.21650893448078312
117,10,2030,1,wind_onshore,0.18507802978806612
117,11,2030,1,wind_onshore,0.17093273391647795
117,12,2030,1,wind_onshore,0.18595683754757542
117,13,2030,1,wind_onshore,0.1970467967020835
117,14,2030,1,wind_onshore,0.21384629245172093
117,15,2030,1,wind_onshore,0.23197712201150603
117,16,2030,1,wind_onshore,0.24923158891815606
117,17,2030,1,wind_onshore,0.272405962926508
117,18,2030,1,wind_onshore,0.2866718521018349
117,19,2030,1,wind_onshore,0.3122955593687215
117,20,2030,1,wind_onshore,0.3590869471201965
117,21,2030,1,wind_onshore,0.3573422986813046
117,22,2030,1,wind_onshore,0.3364740381801493
117,23,2030,1,wind_onshore,0.2949433200270515
117,24,2030,1,wind_onshore,0.27986397356623094
118,1,2030,1,demand,0.4685061373549637
118,2,2030,1,demand,0.47844904719762027
118,3,2030,1,demand,0.47908077567777785
118,4,2030,1,demand,0.4734720413565038
118,5,2030,1,demand,0.4825470206546547
118,6,2030,1,demand,0.5015758444931768
118,7,2030,1,demand,0.5315819283924614
118,8,2030,1,demand,0.5648805428470384
118,9,2030,1,demand,0.5869895179871657
118,10,2030,1,demand,0.6004960824495745
118,11,2030,1,demand,0.6078852626440728
118,12,2030,1,demand,0.6210965083087134
118,13,2030,1,demand,0.6208208593279848
118,14,2030,1,demand,0.6015989960724686
118,15,2030,1,demand,0.5801722075297681
118,16,2030,1,demand,0.588401188307492
118,17,2030,1,demand,0.5733033775390807
118,18,2030,1,demand,0.5823744977990346
118,19,2030,1,demand,0.5907541209323157
118,20,2030,1,demand,0.5878291115484108
118,21,2030,1,demand,0.5757581896193402
118,22,2030,1,demand,0.533322507699163
118,23,2030,1,demand,0.49373041301725124
118,24,2030,1,demand,0.4909949186188254
118,1,2030,1,solar,0.0
118,2,2030,1,solar,0.0
118,3,2030,1,solar,0.0
118,4,2030,1,solar,0.0
118,5,2030,1,solar,0.0
118,6,2030,1,solar,0.0007405857226971507
118,7,2030,1,solar,0.057795678040064635
118,8,2030,1,solar,0.3043096210317528
118,9,2030,1,solar,0.5824169251491215
118,10,2030,1,solar,0.8126108046820419
118,11,2030,1,solar,0.97031906091857
118,12,2030,1,solar,1.078202794638354
118,13,2030,1,solar,1.1206992641041273
118,14,2030,1,solar,1.1171634722998622
118,15,2030,1,solar,1.0267866837823627
118,16,2030,1,solar,0.8679703995151137
118,17,2030,1,solar,0.6484528961510354
118,18,2030,1,solar,0.3901180821480187
118,19,2030,1,solar,0.12636450846375138
118,20,2030,1,solar,0.0009874452877139158
118,21,2030,1,solar,0.0
118,22,2030,1,solar,0.0
118,23,2030,1,solar,0.0
118,24,2030,1,solar,0.0
118,1,2030,1,wind_offshore,0.2740366524149328
118,2,2030,1,wind_offshore,0.23713427021319491
118,3,2030,1,wind_offshore,0.18715031147910857
118,4,2030,1,wind_offshore,0.16528791507579488
118,5,2030,1,wind_offshore,0.15372066519096253
118,6,2030,1,wind_offshore,0.15221237549277505
118,7,2030,1,wind_offshore,0.14589345557390063
118,8,2030,1,wind_offshore,0.14017714370547554
118,9,2030,1,wind_offshore,0.13041331570246428
118,10,2030,1,wind_offshore,0.11529218997766442
118,11,2030,1,wind_offshore,0.10421828353275533
118,12,2030,1,wind_offshore,0.12334006124866892
118,13,2030,1,wind_offshore,0.17056887809651253
118,14,2030,1,wind_offshore,0.17948992737615163
118,15,2030,1,wind_offshore,0.2145477137981558
118,16,2030,1,wind_offshore,0.3274291793518791
118,17,2030,1,wind_offshore,0.41461413773859584
118,18,2030,1,wind_offshore,0.42017688240874007
118,19,2030,1,wind_offshore,0.4693337524541688
118,20,2030,1,wind_offshore,0.556737166791559
118,21,2030,1,wind_offshore,0.6347567572713503
118,22,2030,1,wind_offshore,0.7570488123225353
118,23,2030,1,wind_offshore,0.7181524708772763
118,24,2030,1,wind_offshore,0.6819481094537323
118,1,2030,1,wind_onshore,0.5437023975823743
118,2,2030,1,wind_onshore,0.5148377746106467
118,3,2030,1,wind_onshore,0.48661374907917104
118,4,2030,1,wind_onshore,0.47506432443704466
118,5,2030,1,wind_onshore,0.4795917772505257
118,6,2030,1,wind_onshore,0.4853811361375109
118,7,2030,1,wind_onshore,0.4735640434624275
118,8,2030,1,wind_onshore,0.44595017525995934
118,9,2030,1,wind_onshore,0.4241806880775789
118,10,2030,1,wind_onshore,0.3997042946674104
118,11,2030,1,wind_onshore,0.3617935510762029
118,12,2030,1,wind_onshore,0.35941341542831695
118,13,2030,1,wind_onshore,0.35444362661698176
118,14,2030,1,wind_onshore,0.3687635405398225
118,15,2030,1,wind_onshore,0.38295271866568187
118,16,2030,1,wind_onshore,0.40124820785219933
118,17,2030,1,wind_onshore,0.42197793086924856
118,18,2030,1,wind_onshore,0.4388966331374309
118,19,2030,1,wind_onshore,0.4495377489195966
118,20,2030,1,wind_onshore,0.4420745744635239
118,21,2030,1,wind_onshore,0.4680290412307769
118,22,2030,1,wind_onshore,0.4395732410315234
118,23,2030,1,wind_onshore,0.37774613308230126
118,24,2030,1,wind_onshore,0.3732147548430566
119,1,2030,1,demand,0.4945242747225206
119,2,2030,1,demand,0.48866953395074775
119,3,2030,1,demand,0.4811814410707191
119,4,2030,1,demand,0.47473263857032694
119,5,2030,1,demand,0.47701812462788873
119,6,2030,1,demand,0.5035202371684246
119,7,2030,1,demand,0.5434259028715805
119,8,2030,1,demand,0.580714711478952
119,9,2030,1,demand,0.6148675038218266
119,10,2030,1,demand,0.6221934480164338
119,11,2030,1,demand,0.6413886522724205
119,12,2030,1,demand,0.6435724642448096
119,13,2030,1,demand,0.6317523978695
119,14,2030,1,demand,0.6108465526793789
119,15,2030,1,demand,0.5901594163560022
119,16,2030,1,demand,0.5847300317487902
119,17,2030,1,demand,0.5860748547767571
119,18,2030,1,demand,0.5973044533209355
119,19,2030,1,demand,0.6172657315589657
119,20,2030,1,demand,0.6264707137805757
119,21,2030,1,demand,0.6247441996831493
119,22,2030,1,demand,0.5792946321052261
119,23,2030,1,demand,0.5463199240425904
119,24,2030,1,demand,0.5356887654269707
119,1,2030,1,solar,0.0
119,2,2030,1,solar,0.0
119,3,2030,1,solar,0.0
119,4,2030,1,solar,0.0
119,5,2030,1,solar,0.0
119,6,2030,1,solar,0.0
119,7,2030,1,solar,0.0
119,8,2030,1,solar,0.015054795781798726
119,9,2030,1,solar,0.13321059717973682
119,10,2030,1,solar,0.27948334180764567
119,11,2030,1,solar,0.4028791829253444
119,12,2030,1,solar,0.5048494293723372
119,13,2030,1,solar,0.5929782474805179
119,14,2030,1,solar,0.6205900760594102
119,15,2030,1,solar,0.5507546285551869
119,16,2030,1,solar,0.4207385546514821
119,17,2030,1,solar,0.20378252289778392
119,18,2030,1,solar,0.01585042410202072
119,19,2030,1,solar,0.0
119,20,2030,1,solar,0.0
119,21,2030,1,solar,0.0
119,22,2030,1,solar,0.0
119,23,2030,1,solar,0.0
119,24,2030,1,solar,0.0
119,1,2030,1,wind_offshore,0.8386261574718283
119,2,2030,1,wind_offshore,0.8649585977128752
119,3,2030,1,wind_offshore,0.8757981494281707
119,4,2030,1,wind_offshore,0.8876783227226278
119,5,2030,1,wind_offshore,0.9227081559642489
119,6,2030,1,wind_offshore,0.962339779566518
119,7,2030,1,wind_offshore,0.9952739710002251
119,8,2030,1,wind_offshore,0.9724149201993862
119,9,2030,1,wind_offshore,1.1382421247506018
119,10,2030,1,wind_offshore,1.2039455066257951
119,11,2030,1,wind_offshore,1.2219219726790627
119,12,2030,1,wind_offshore,1.188158346083593
119,13,2030,1,wind_offshore,1.1016959053431215
119,14,2030,1,wind_offshore,0.9468728245126359
119,15,2030,1,wind_offshore,0.8869615369928653
119,16,2030,1,wind_offshore,0.9516244455664933
119,17,2030,1,wind_offshore,1.0122542205416174
119,18,2030,1,wind_offshore,1.1089338730154585
119,19,2030,1,wind_offshore,1.1899901742401637
119,20,2030,1,wind_offshore,1.2259591529670337
119,21,2030,1,wind_offshore,1.2304682963425309
119,22,2030,1,wind_offshore,1.2309033272283425
119,23,2030,1,wind_offshore,1.2439320582992108
119,24,2030,1,wind_offshore,1.1968431270338278
119,1,2030,1,wind_onshore,0.1699932627179779
119,2,2030,1,wind_onshore,0.18207865180724916
119,3,2030,1,wind_onshore,0.1912691594121966
119,4,2030,1,wind_onshore,0.20473479413963672
119,5,2030,1,wind_onshore,0.22189299650717417
119,6,2030,1,wind_onshore,0.2568755504395043
119,7,2030,1,wind_onshore,0.29540418957775205
119,8,2030,1,wind_onshore,0.3325092725331535
119,9,2030,1,wind_onshore,0.35517537989844505
119,10,2030,1,wind_onshore,0.35222276102459715
119,11,2030,1,wind_onshore,0.2900661555723934
119,12,2030,1,wind_onshore,0.31476542671048674
119,13,2030,1,wind_onshore,0.34601276752162063
119,14,2030,1,wind_onshore,0.3557726313584312
119,15,2030,1,wind_onshore,0.35723030367436165
119,16,2030,1,wind_onshore,0.35413013811802535
119,17,2030,1,wind_onshore,0.3539377944699881
119,18,2030,1,wind_onshore,0.37142882769903957
119,19,2030,1,wind_onshore,0.40673146281932226
119,20,2030,1,wind_onshore,0.41765784751097335
119,21,2030,1,wind_onshore,0.40110124973531786
119,22,2030,1,wind_onshore,0.36352635942459505
119,23,2030,1,wind_onshore,0.304657709761818
119,24,2030,1,wind_onshore,0.2850977982223778
120,1,2030,1,demand,0.5335003282769557
120,2,2030,1,demand,0.5243649927842639
120,3,2030,1,demand,0.5132623751810703
120,4,2030,1,demand,0.4978443930719782
120,5,2030,1,demand,0.49333199408387346
120,6,2030,1,demand,0.4789397845447636
120,7,2030,1,demand,0.46245133434942226
120,8,2030,1,demand,0.48527334296332114
120,9,2030,1,demand,0.5246712687969073
120,10,2030,1,demand,0.562619707484671
120,11,2030,1,demand,0.602832783344924
120,12,2030,1,demand,0.6266251653995196
120,13,2030,1,demand,0.6388689331674618
120,14,2030,1,demand,0.6429544630554639
120,15,2030,1,demand,0.6388170268388293
120,16,2030,1,demand,0.637565741075748
120,17,2030,1,demand,0.6378706561494912
120,18,2030,1,demand,0.6428399093066809
120,19,2030,1,demand,0.6372738994630319
120,20,2030,1,demand,0.623386000546515
120,21,2030,1,demand,0.6283657914511589
120,22,2030,1,demand,0.6262776606509701
120,23,2030,1,demand,0.595020960524461
120,24,2030,1,demand,0.5839491903475553
120,1,2030,1,solar,0.0
120,2,2030,1,solar,0.0
120,3,2030,1,solar,0.0
120,4,2030,1,solar,0.0
120,5,2030,1,solar,0.0
120,6,2030,1,solar,0.0
120,7,2030,1,solar,0.0152071726000592
120,8,2030,1,solar,0.1878903039771154
120,9,2030,1,solar,0.4242723652575623
120,10,2030,1,solar,0.6377887441213321
120,11,2030,1,solar,0.7880459005375445
120,12,2030,1,solar,0.9030992192587635
120,13,2030,1,solar,0.939144291413568
120,14,2030,1,solar,0.9225096325150007
120,15,2030,1,solar,0.8392123343664575
120,16,2030,1,solar,0.7281997460242051
120,17,2030,1,solar,0.5628021223459567
120,18,2030,1,solar,0.34401565035904136
120,19,2030,1,solar,0.11318097807116977
120,20,2030,1,solar,0.002865664049437811
120,21,2030,1,solar,0.0
120,22,2030,1,solar,0.0
120,23,2030,1,solar,0.0
120,24,2030,1,solar,0.0
120,1,2030,1,wind_offshore,0.6274974014336444
120,2,2030,1,wind_offshore,0.8052105188138924
120,3,2030,1,wind_offshore,0.8567172718648328
120,4,2030,1,wind_offshore,0.8140114365488942
120,5,2030,1,wind_offshore,0.7904953619065649
120,6,2030,1,wind_offshore,0.7626876668421241
120,7,2030,1,wind_offshore,0.6856592989298839
120,8,2030,1,wind_offshore,0.5911307924664915
120,9,2030,1,wind_offshore,0.5430488682306635
120,10,2030,1,wind_offshore,0.5066780811137089
120,11,2030,1,wind_offshore,0.5356888421789671
120,12,2030,1,wind_offshore,0.5226465982743772
120,13,2030,1,wind_offshore,0.5757521655428532
120,14,2030,1,wind_offshore,0.6619411503827832
120,15,2030,1,wind_offshore,0.7346838535397823
120,16,2030,1,wind_offshore,0.7224911151796175
120,17,2030,1,wind_offshore,0.6527284614201628
120,18,2030,1,wind_offshore,0.5683431629045295
120,19,2030,1,wind_offshore,0.48041368593706146
120,20,2030,1,wind_offshore,0.38140904663294595
120,21,2030,1,wind_offshore,0.28300286573695316
120,22,2030,1,wind_offshore,0.20532449282401788
120,23,2030,1,wind_offshore,0.2076434672838742
120,24,2030,1,wind_offshore,0.15354954267657586
120,1,2030,1,wind_onshore,0.2762135914094915
120,2,2030,1,wind_onshore,0.27339034752024416
120,3,2030,1,wind_onshore,0.25870857400096825
120,4,2030,1,wind_onshore,0.2381790728765993
120,5,2030,1,wind_onshore,0.22272818523671145
120,6,2030,1,wind_onshore,0.20778574038198472
120,7,2030,1,wind_onshore,0.1985496372384117
120,8,2030,1,wind_onshore,0.16647425986263148
120,9,2030,1,wind_onshore,0.14473007952348138
120,10,2030,1,wind_onshore,0.14340913113704035
120,11,2030,1,wind_onshore,0.1692196834442202
120,12,2030,1,wind_onshore,0.19471933607516276
120,13,2030,1,wind_onshore,0.2211642192213093
120,14,2030,1,wind_onshore,0.24071875660033307
120,15,2030,1,wind_onshore,0.2735175170511849
120,16,2030,1,wind_onshore,0.3082570910599846
120,17,2030,1,wind_onshore,0.3449737189625721
120,18,2030,1,wind_onshore,0.3417478504236229
120,19,2030,1,wind_onshore,0.3483530064910526
120,20,2030,1,wind_onshore,0.32995833161834753
120,21,2030,1,wind_onshore,0.29468392897120516
120,22,2030,1,wind_onshore,0.23396454433543884
120,23,2030,1,wind_onshore,0.18086063642484992
120,24,2030,1,wind_onshore,0.18176983261796703
