id,from_asset,to_asset,year,rep_period,capacity_coefficient,conversion_coefficient,time_block_start,time_block_end,solution
1,ens,e_demand,2030,1,1.0,1.0,1,1,0.0
2,ens,e_demand,2030,1,1.0,1.0,2,2,0.0
3,ens,e_demand,2030,1,1.0,1.0,3,3,0.0
4,ens,e_demand,2030,1,1.0,1.0,4,4,0.0
5,ens,e_demand,2030,1,1.0,1.0,5,5,0.0
6,ens,e_demand,2030,1,1.0,1.0,6,6,0.0
7,ens,e_demand,2030,1,1.0,1.0,7,7,0.0
8,ens,e_demand,2030,1,1.0,1.0,8,8,0.0
9,ens,e_demand,2030,1,1.0,1.0,9,9,0.0
10,ens,e_demand,2030,1,1.0,1.0,10,10,0.0
11,ens,e_demand,2030,1,1.0,1.0,11,11,0.0
12,ens,e_demand,2030,1,1.0,1.0,12,12,0.0
13,ens,e_demand,2030,1,1.0,1.0,13,13,0.0
14,ens,e_demand,2030,1,1.0,1.0,14,14,0.0
15,ens,e_demand,2030,1,1.0,1.0,15,15,0.0
16,ens,e_demand,2030,1,1.0,1.0,16,16,0.0
17,ens,e_demand,2030,1,1.0,1.0,17,17,0.0
18,ens,e_demand,2030,1,1.0,1.0,18,18,0.0
19,ens,e_demand,2030,1,1.0,1.0,19,19,0.0
20,ens,e_demand,2030,1,1.0,1.0,20,20,0.0
21,ens,e_demand,2030,1,1.0,1.0,21,21,0.0
22,ens,e_demand,2030,1,1.0,1.0,22,22,0.0
23,ens,e_demand,2030,1,1.0,1.0,23,23,0.0
24,ens,e_demand,2030,1,1.0,1.0,24,24,0.0
25,wind_offshore,e_demand,2030,1,1.0,1.0,1,1,0.26739461941193243
26,wind_offshore,e_demand,2030,1,1.0,1.0,2,2,0.24056610116051913
27,wind_offshore,e_demand,2030,1,1.0,1.0,3,3,0.2214844244127792
28,wind_offshore,e_demand,2030,1,1.0,1.0,4,4,0.204698942511026
29,wind_offshore,e_demand,2030,1,1.0,1.0,5,5,0.19699155984451422
30,wind_offshore,e_demand,2030,1,1.0,1.0,6,6,0.2064106644856497
31,wind_offshore,e_demand,2030,1,1.0,1.0,7,7,0.23309917603763913
32,wind_offshore,e_demand,2030,1,1.0,1.0,8,8,0.2982002403163652
33,wind_offshore,e_demand,2030,1,1.0,1.0,9,9,0.3753172143127269
34,wind_offshore,e_demand,2030,1,1.0,1.0,10,10,0.3106030947046788
35,wind_offshore,e_demand,2030,1,1.0,1.0,11,11,0.28076747653014933
36,wind_offshore,e_demand,2030,1,1.0,1.0,12,12,0.32356599166197086
37,wind_offshore,e_demand,2030,1,1.0,1.0,13,13,0.28348342478940936
38,wind_offshore,e_demand,2030,1,1.0,1.0,14,14,0.15087173479218574
39,wind_offshore,e_demand,2030,1,1.0,1.0,15,15,0.16889088722538084
40,wind_offshore,e_demand,2030,1,1.0,1.0,16,16,0.2488092081270367
41,wind_offshore,e_demand,2030,1,1.0,1.0,17,17,0.36641925817025056
42,wind_offshore,e_demand,2030,1,1.0,1.0,18,18,0.38152144572847446
43,wind_offshore,e_demand,2030,1,1.0,1.0,19,19,0.37685763819630236
44,wind_offshore,e_demand,2030,1,1.0,1.0,20,20,0.3774255267341687
45,wind_offshore,e_demand,2030,1,1.0,1.0,21,21,0.37358414006499446
46,wind_offshore,e_demand,2030,1,1.0,1.0,22,22,0.3703834968154441
47,wind_offshore,e_demand,2030,1,1.0,1.0,23,23,0.37459788392067317
48,wind_offshore,e_demand,2030,1,1.0,1.0,24,24,0.36942655634412236
49,ocgt,e_demand,2030,1,1.0,1.0,1,1,0.0
50,ocgt,e_demand,2030,1,1.0,1.0,2,2,0.0
51,ocgt,e_demand,2030,1,1.0,1.0,3,3,0.0
52,ocgt,e_demand,2030,1,1.0,1.0,4,4,0.0
53,ocgt,e_demand,2030,1,1.0,1.0,5,5,0.0
54,ocgt,e_demand,2030,1,1.0,1.0,6,6,0.0
55,ocgt,e_demand,2030,1,1.0,1.0,7,7,0.0
56,ocgt,e_demand,2030,1,1.0,1.0,8,8,0.0
57,ocgt,e_demand,2030,1,1.0,1.0,9,9,0.0
58,ocgt,e_demand,2030,1,1.0,1.0,10,10,0.0
59,ocgt,e_demand,2030,1,1.0,1.0,11,11,0.0
60,ocgt,e_demand,2030,1,1.0,1.0,12,12,0.0
61,ocgt,e_demand,2030,1,1.0,1.0,13,13,0.0
62,ocgt,e_demand,2030,1,1.0,1.0,14,14,0.0
63,ocgt,e_demand,2030,1,1.0,1.0,15,15,0.0
64,ocgt,e_demand,2030,1,1.0,1.0,16,16,0.0
65,ocgt,e_demand,2030,1,1.0,1.0,17,17,0.0
66,ocgt,e_demand,2030,1,1.0,1.0,18,18,0.0
67,ocgt,e_demand,2030,1,1.0,1.0,19,19,0.0
68,ocgt,e_demand,2030,1,1.0,1.0,20,20,0.0
69,ocgt,e_demand,2030,1,1.0,1.0,21,21,0.0
70,ocgt,e_demand,2030,1,1.0,1.0,22,22,0.0
71,ocgt,e_demand,2030,1,1.0,1.0,23,23,0.0
72,ocgt,e_demand,2030,1,1.0,1.0,24,24,0.0
73,battery,e_demand,2030,1,1.0,1.0,1,1,0.0
74,battery,e_demand,2030,1,1.0,1.0,2,2,0.0
75,battery,e_demand,2030,1,1.0,1.0,3,3,0.0
76,battery,e_demand,2030,1,1.0,1.0,4,4,0.0
77,battery,e_demand,2030,1,1.0,1.0,5,5,0.0
78,battery,e_demand,2030,1,1.0,1.0,6,6,0.0
79,battery,e_demand,2030,1,1.0,1.0,7,7,0.0
80,battery,e_demand,2030,1,1.0,1.0,8,8,0.0
81,battery,e_demand,2030,1,1.0,1.0,9,9,0.0
82,battery,e_demand,2030,1,1.0,1.0,10,10,0.0
83,battery,e_demand,2030,1,1.0,1.0,11,11,0.0
84,battery,e_demand,2030,1,1.0,1.0,12,12,0.0
85,battery,e_demand,2030,1,1.0,1.0,13,13,0.0
86,battery,e_demand,2030,1,1.0,1.0,14,14,0.0
87,battery,e_demand,2030,1,1.0,1.0,15,15,0.0
88,battery,e_demand,2030,1,1.0,1.0,16,16,0.0
89,battery,e_demand,2030,1,1.0,1.0,17,17,0.0
90,battery,e_demand,2030,1,1.0,1.0,18,18,0.0
91,battery,e_demand,2030,1,1.0,1.0,19,19,0.0
92,battery,e_demand,2030,1,1.0,1.0,20,20,0.0
93,battery,e_demand,2030,1,1.0,1.0,21,21,0.04689403258011135
94,battery,e_demand,2030,1,1.0,1.0,22,22,0.08282063810580348
95,battery,e_demand,2030,1,1.0,1.0,23,23,0.0602853293140852
96,battery,e_demand,2030,1,1.0,1.0,24,24,0.0
97,ccgt,e_demand,2030,1,1.0,1.0,1,1,0.0
98,ccgt,e_demand,2030,1,1.0,1.0,2,2,0.0
99,ccgt,e_demand,2030,1,1.0,1.0,3,3,0.0
100,ccgt,e_demand,2030,1,1.0,1.0,4,4,0.0
101,ccgt,e_demand,2030,1,1.0,1.0,5,5,0.0
102,ccgt,e_demand,2030,1,1.0,1.0,6,6,0.0
103,ccgt,e_demand,2030,1,1.0,1.0,7,7,0.0
104,ccgt,e_demand,2030,1,1.0,1.0,8,8,0.0
105,ccgt,e_demand,2030,1,1.0,1.0,9,9,0.0
106,ccgt,e_demand,2030,1,1.0,1.0,10,10,0.0
107,ccgt,e_demand,2030,1,1.0,1.0,11,11,0.0
108,ccgt,e_demand,2030,1,1.0,1.0,12,12,0.0
109,ccgt,e_demand,2030,1,1.0,1.0,13,13,0.0
110,ccgt,e_demand,2030,1,1.0,1.0,14,14,0.0
111,ccgt,e_demand,2030,1,1.0,1.0,15,15,0.0
112,ccgt,e_demand,2030,1,1.0,1.0,16,16,0.0
113,ccgt,e_demand,2030,1,1.0,1.0,17,17,0.0
114,ccgt,e_demand,2030,1,1.0,1.0,18,18,0.09317088525923284
115,ccgt,e_demand,2030,1,1.0,1.0,19,19,0.13593009496254832
116,ccgt,e_demand,2030,1,1.0,1.0,20,20,0.16867973158256883
117,ccgt,e_demand,2030,1,1.0,1.0,21,21,0.13111030218640507
118,ccgt,e_demand,2030,1,1.0,1.0,22,22,0.06147501484182055
119,ccgt,e_demand,2030,1,1.0,1.0,23,23,0.0
120,ccgt,e_demand,2030,1,1.0,1.0,24,24,0.03484124052940579
121,e_demand,battery,2030,1,1.0,1.0,1,1,0.0
122,e_demand,battery,2030,1,1.0,1.0,2,2,0.0
123,e_demand,battery,2030,1,1.0,1.0,3,3,0.0
124,e_demand,battery,2030,1,1.0,1.0,4,4,0.0
125,e_demand,battery,2030,1,1.0,1.0,5,5,0.0
126,e_demand,battery,2030,1,1.0,1.0,6,6,0.0020329906520686145
127,e_demand,battery,2030,1,1.0,1.0,7,7,0.0
128,e_demand,battery,2030,1,1.0,1.0,8,8,0.0
129,e_demand,battery,2030,1,1.0,1.0,9,9,0.042852048925798136
130,e_demand,battery,2030,1,1.0,1.0,10,10,0.0
131,e_demand,battery,2030,1,1.0,1.0,11,11,0.0
132,e_demand,battery,2030,1,1.0,1.0,12,12,0.08282063810580348
133,e_demand,battery,2030,1,1.0,1.0,13,13,0.08282063810580348
134,e_demand,battery,2030,1,1.0,1.0,14,14,0.0
135,e_demand,battery,2030,1,1.0,1.0,15,15,0.0
136,e_demand,battery,2030,1,1.0,1.0,16,16,0.0
137,e_demand,battery,2030,1,1.0,1.0,17,17,0.0
138,e_demand,battery,2030,1,1.0,1.0,18,18,0.0
139,e_demand,battery,2030,1,1.0,1.0,19,19,0.0
140,e_demand,battery,2030,1,1.0,1.0,20,20,0.0
141,e_demand,battery,2030,1,1.0,1.0,21,21,0.0
142,e_demand,battery,2030,1,1.0,1.0,22,22,0.0
143,e_demand,battery,2030,1,1.0,1.0,23,23,0.0
144,e_demand,battery,2030,1,1.0,1.0,24,24,0.0
145,wind,e_demand,2030,1,1.0,1.0,1,1,0.43765313968967257
146,wind,e_demand,2030,1,1.0,1.0,2,2,0.45789074130480323
147,wind,e_demand,2030,1,1.0,1.0,3,3,0.4678435068749423
148,wind,e_demand,2030,1,1.0,1.0,4,4,0.4643056878038065
149,wind,e_demand,2030,1,1.0,1.0,5,5,0.46270148978652514
150,wind,e_demand,2030,1,1.0,1.0,6,6,0.46346744857034994
151,wind,e_demand,2030,1,1.0,1.0,7,7,0.4449676641027262
152,wind,e_demand,2030,1,1.0,1.0,8,8,0.43224758744848996
153,wind,e_demand,2030,1,1.0,1.0,9,9,0.4242848596171638
154,wind,e_demand,2030,1,1.0,1.0,10,10,0.4223304905873989
155,wind,e_demand,2030,1,1.0,1.0,11,11,0.4078502236104795
156,wind,e_demand,2030,1,1.0,1.0,12,12,0.40590856304291184
157,wind,e_demand,2030,1,1.0,1.0,13,13,0.4041088193564599
158,wind,e_demand,2030,1,1.0,1.0,14,14,0.4125209124487834
159,wind,e_demand,2030,1,1.0,1.0,15,15,0.42346297286761303
160,wind,e_demand,2030,1,1.0,1.0,16,16,0.4088542724730549
161,wind,e_demand,2030,1,1.0,1.0,17,17,0.37149013503692896
162,wind,e_demand,2030,1,1.0,1.0,18,18,0.33851495423860295
163,wind,e_demand,2030,1,1.0,1.0,19,19,0.31993281971326065
164,wind,e_demand,2030,1,1.0,1.0,20,20,0.3109820632679504
165,wind,e_demand,2030,1,1.0,1.0,21,21,0.3191461854205506
166,wind,e_demand,2030,1,1.0,1.0,22,22,0.3320806360854791
167,wind,e_demand,2030,1,1.0,1.0,23,23,0.3461707212625789
168,wind,e_demand,2030,1,1.0,1.0,24,24,0.3650626860188924
169,hydro_reservoir,e_demand,2030,1,1.0,1.0,1,1,0.0
170,hydro_reservoir,e_demand,2030,1,1.0,1.0,2,2,0.0
171,hydro_reservoir,e_demand,2030,1,1.0,1.0,3,3,0.0
172,hydro_reservoir,e_demand,2030,1,1.0,1.0,4,4,0.0
173,hydro_reservoir,e_demand,2030,1,1.0,1.0,5,5,0.0
174,hydro_reservoir,e_demand,2030,1,1.0,1.0,6,6,0.0
175,hydro_reservoir,e_demand,2030,1,1.0,1.0,7,7,0.0
176,hydro_reservoir,e_demand,2030,1,1.0,1.0,8,8,0.0
177,hydro_reservoir,e_demand,2030,1,1.0,1.0,9,9,0.0
178,hydro_reservoir,e_demand,2030,1,1.0,1.0,10,10,0.0
179,hydro_reservoir,e_demand,2030,1,1.0,1.0,11,11,0.0
180,hydro_reservoir,e_demand,2030,1,1.0,1.0,12,12,0.0
181,hydro_reservoir,e_demand,2030,1,1.0,1.0,13,13,0.0
182,hydro_reservoir,e_demand,2030,1,1.0,1.0,14,14,0.0
183,hydro_reservoir,e_demand,2030,1,1.0,1.0,15,15,0.0
184,hydro_reservoir,e_demand,2030,1,1.0,1.0,16,16,0.0
185,hydro_reservoir,e_demand,2030,1,1.0,1.0,17,17,0.0
186,hydro_reservoir,e_demand,2030,1,1.0,1.0,18,18,0.0
187,hydro_reservoir,e_demand,2030,1,1.0,1.0,19,19,0.0
188,hydro_reservoir,e_demand,2030,1,1.0,1.0,20,20,0.0
189,hydro_reservoir,e_demand,2030,1,1.0,1.0,21,21,0.0
190,hydro_reservoir,e_demand,2030,1,1.0,1.0,22,22,0.0
191,hydro_reservoir,e_demand,2030,1,1.0,1.0,23,23,0.0
192,hydro_reservoir,e_demand,2030,1,1.0,1.0,24,24,0.0
193,solar,e_demand,2030,1,1.0,1.0,1,1,0.0
194,solar,e_demand,2030,1,1.0,1.0,2,2,0.0
195,solar,e_demand,2030,1,1.0,1.0,3,3,0.0
196,solar,e_demand,2030,1,1.0,1.0,4,4,0.0
197,solar,e_demand,2030,1,1.0,1.0,5,5,0.0
198,solar,e_demand,2030,1,1.0,1.0,6,6,0.0
199,solar,e_demand,2030,1,1.0,1.0,7,7,0.0
200,solar,e_demand,2030,1,1.0,1.0,8,8,0.0
201,solar,e_demand,2030,1,1.0,1.0,9,9,0.01757873955243577
202,solar,e_demand,2030,1,1.0,1.0,10,10,0.08971739973658505
203,solar,e_demand,2030,1,1.0,1.0,11,11,0.15566953875681097
204,solar,e_demand,2030,1,1.0,1.0,12,12,0.1978626416143117
205,solar,e_demand,2030,1,1.0,1.0,13,13,0.2359478633189638
206,solar,e_demand,2030,1,1.0,1.0,14,14,0.25356579110875455
207,solar,e_demand,2030,1,1.0,1.0,15,15,0.21994156756829128
208,solar,e_demand,2030,1,1.0,1.0,16,16,0.1417237031192982
209,solar,e_demand,2030,1,1.0,1.0,17,17,0.051789782971559555
210,solar,e_demand,2030,1,1.0,1.0,18,18,0.0
211,solar,e_demand,2030,1,1.0,1.0,19,19,0.0
212,solar,e_demand,2030,1,1.0,1.0,20,20,0.0
213,solar,e_demand,2030,1,1.0,1.0,21,21,0.0
214,solar,e_demand,2030,1,1.0,1.0,22,22,0.0
215,solar,e_demand,2030,1,1.0,1.0,23,23,0.0
216,solar,e_demand,2030,1,1.0,1.0,24,24,0.0
217,hydro_reservoir,spillage,2030,1,0.0,1.0,1,1,0.0
218,hydro_reservoir,spillage,2030,1,0.0,1.0,2,2,0.0
219,hydro_reservoir,spillage,2030,1,0.0,1.0,3,3,0.0
220,hydro_reservoir,spillage,2030,1,0.0,1.0,4,4,0.0
221,hydro_reservoir,spillage,2030,1,0.0,1.0,5,5,0.0
222,hydro_reservoir,spillage,2030,1,0.0,1.0,6,6,0.0
223,hydro_reservoir,spillage,2030,1,0.0,1.0,7,7,0.0
224,hydro_reservoir,spillage,2030,1,0.0,1.0,8,8,0.0
225,hydro_reservoir,spillage,2030,1,0.0,1.0,9,9,0.0
226,hydro_reservoir,spillage,2030,1,0.0,1.0,10,10,0.0
227,hydro_reservoir,spillage,2030,1,0.0,1.0,11,11,0.0
228,hydro_reservoir,spillage,2030,1,0.0,1.0,12,12,0.0
229,hydro_reservoir,spillage,2030,1,0.0,1.0,13,13,0.0
230,hydro_reservoir,spillage,2030,1,0.0,1.0,14,14,0.0
231,hydro_reservoir,spillage,2030,1,0.0,1.0,15,15,0.0
232,hydro_reservoir,spillage,2030,1,0.0,1.0,16,16,0.0
233,hydro_reservoir,spillage,2030,1,0.0,1.0,17,17,0.0
234,hydro_reservoir,spillage,2030,1,0.0,1.0,18,18,0.0
235,hydro_reservoir,spillage,2030,1,0.0,1.0,19,19,0.0
236,hydro_reservoir,spillage,2030,1,0.0,1.0,20,20,0.0
237,hydro_reservoir,spillage,2030,1,0.0,1.0,21,21,0.0
238,hydro_reservoir,spillage,2030,1,0.0,1.0,22,22,0.0
239,hydro_reservoir,spillage,2030,1,0.0,1.0,23,23,0.0
240,hydro_reservoir,spillage,2030,1,0.0,1.0,24,24,0.0
241,ens,e_demand,2030,2,1.0,1.0,1,1,0.0
242,ens,e_demand,2030,2,1.0,1.0,2,2,0.0
243,ens,e_demand,2030,2,1.0,1.0,3,3,0.0
244,ens,e_demand,2030,2,1.0,1.0,4,4,0.0
245,ens,e_demand,2030,2,1.0,1.0,5,5,0.0
246,ens,e_demand,2030,2,1.0,1.0,6,6,0.0
247,ens,e_demand,2030,2,1.0,1.0,7,7,0.0
248,ens,e_demand,2030,2,1.0,1.0,8,8,0.0
249,ens,e_demand,2030,2,1.0,1.0,9,9,0.0
250,ens,e_demand,2030,2,1.0,1.0,10,10,0.0
251,ens,e_demand,2030,2,1.0,1.0,11,11,0.0
252,ens,e_demand,2030,2,1.0,1.0,12,12,0.0
253,ens,e_demand,2030,2,1.0,1.0,13,13,0.0
254,ens,e_demand,2030,2,1.0,1.0,14,14,0.0
255,ens,e_demand,2030,2,1.0,1.0,15,15,0.0
256,ens,e_demand,2030,2,1.0,1.0,16,16,0.0
257,ens,e_demand,2030,2,1.0,1.0,17,17,0.0
258,ens,e_demand,2030,2,1.0,1.0,18,18,0.0
259,ens,e_demand,2030,2,1.0,1.0,19,19,0.0
260,ens,e_demand,2030,2,1.0,1.0,20,20,0.0
261,ens,e_demand,2030,2,1.0,1.0,21,21,0.0
262,ens,e_demand,2030,2,1.0,1.0,22,22,0.0
263,ens,e_demand,2030,2,1.0,1.0,23,23,0.0
264,ens,e_demand,2030,2,1.0,1.0,24,24,0.0
265,wind_offshore,e_demand,2030,2,1.0,1.0,1,1,0.004990888803478484
266,wind_offshore,e_demand,2030,2,1.0,1.0,2,2,0.00823621475787448
267,wind_offshore,e_demand,2030,2,1.0,1.0,3,3,0.017133820380112755
268,wind_offshore,e_demand,2030,2,1.0,1.0,4,4,0.02033520755395087
269,wind_offshore,e_demand,2030,2,1.0,1.0,5,5,0.018228183770141765
270,wind_offshore,e_demand,2030,2,1.0,1.0,6,6,0.02075045498049287
271,wind_offshore,e_demand,2030,2,1.0,1.0,7,7,0.017164050229399465
272,wind_offshore,e_demand,2030,2,1.0,1.0,8,8,0.006937099309845501
273,wind_offshore,e_demand,2030,2,1.0,1.0,9,9,0.005170580601174415
274,wind_offshore,e_demand,2030,2,1.0,1.0,10,10,0.006701339520706707
275,wind_offshore,e_demand,2030,2,1.0,1.0,11,11,0.0029768157230630338
276,wind_offshore,e_demand,2030,2,1.0,1.0,12,12,0.0027565895211525454
277,wind_offshore,e_demand,2030,2,1.0,1.0,13,13,0.001852557633354559
278,wind_offshore,e_demand,2030,2,1.0,1.0,14,14,0.0011314485610486981
279,wind_offshore,e_demand,2030,2,1.0,1.0,15,15,0.0013113547001259596
280,wind_offshore,e_demand,2030,2,1.0,1.0,16,16,0.001054464647761241
281,wind_offshore,e_demand,2030,2,1.0,1.0,17,17,0.0005869813466772794
282,wind_offshore,e_demand,2030,2,1.0,1.0,18,18,0.00011464740265174534
283,wind_offshore,e_demand,2030,2,1.0,1.0,19,19,0.0
284,wind_offshore,e_demand,2030,2,1.0,1.0,20,20,0.0
285,wind_offshore,e_demand,2030,2,1.0,1.0,21,21,1.981485050291624e-05
286,wind_offshore,e_demand,2030,2,1.0,1.0,22,22,0.0003928804915067144
287,wind_offshore,e_demand,2030,2,1.0,1.0,23,23,0.00036664113424991155
288,wind_offshore,e_demand,2030,2,1.0,1.0,24,24,0.0009496157872896262
289,ocgt,e_demand,2030,2,1.0,1.0,1,1,0.0
290,ocgt,e_demand,2030,2,1.0,1.0,2,2,0.0
291,ocgt,e_demand,2030,2,1.0,1.0,3,3,0.0
292,ocgt,e_demand,2030,2,1.0,1.0,4,4,0.0
293,ocgt,e_demand,2030,2,1.0,1.0,5,5,0.0
294,ocgt,e_demand,2030,2,1.0,1.0,6,6,0.0
295,ocgt,e_demand,2030,2,1.0,1.0,7,7,0.0
296,ocgt,e_demand,2030,2,1.0,1.0,8,8,0.0
297,ocgt,e_demand,2030,2,1.0,1.0,9,9,0.0
298,ocgt,e_demand,2030,2,1.0,1.0,10,10,0.0
299,ocgt,e_demand,2030,2,1.0,1.0,11,11,0.0
300,ocgt,e_demand,2030,2,1.0,1.0,12,12,0.0
301,ocgt,e_demand,2030,2,1.0,1.0,13,13,0.0
302,ocgt,e_demand,2030,2,1.0,1.0,14,14,0.0
303,ocgt,e_demand,2030,2,1.0,1.0,15,15,0.0
304,ocgt,e_demand,2030,2,1.0,1.0,16,16,0.0
305,ocgt,e_demand,2030,2,1.0,1.0,17,17,0.0
306,ocgt,e_demand,2030,2,1.0,1.0,18,18,0.0
307,ocgt,e_demand,2030,2,1.0,1.0,19,19,0.0
308,ocgt,e_demand,2030,2,1.0,1.0,20,20,0.0
309,ocgt,e_demand,2030,2,1.0,1.0,21,21,0.0
310,ocgt,e_demand,2030,2,1.0,1.0,22,22,0.0
311,ocgt,e_demand,2030,2,1.0,1.0,23,23,0.0
312,ocgt,e_demand,2030,2,1.0,1.0,24,24,0.0
313,battery,e_demand,2030,2,1.0,1.0,1,1,0.0
314,battery,e_demand,2030,2,1.0,1.0,2,2,0.0
315,battery,e_demand,2030,2,1.0,1.0,3,3,0.0
316,battery,e_demand,2030,2,1.0,1.0,4,4,0.0
317,battery,e_demand,2030,2,1.0,1.0,5,5,0.0
318,battery,e_demand,2030,2,1.0,1.0,6,6,0.0
319,battery,e_demand,2030,2,1.0,1.0,7,7,0.0
320,battery,e_demand,2030,2,1.0,1.0,8,8,0.0
321,battery,e_demand,2030,2,1.0,1.0,9,9,0.0
322,battery,e_demand,2030,2,1.0,1.0,10,10,0.0
323,battery,e_demand,2030,2,1.0,1.0,11,11,0.0
324,battery,e_demand,2030,2,1.0,1.0,12,12,0.0
325,battery,e_demand,2030,2,1.0,1.0,13,13,0.0
326,battery,e_demand,2030,2,1.0,1.0,14,14,0.0
327,battery,e_demand,2030,2,1.0,1.0,15,15,0.0
328,battery,e_demand,2030,2,1.0,1.0,16,16,0.0
329,battery,e_demand,2030,2,1.0,1.0,17,17,0.0
330,battery,e_demand,2030,2,1.0,1.0,18,18,0.0
331,battery,e_demand,2030,2,1.0,1.0,19,19,0.0
332,battery,e_demand,2030,2,1.0,1.0,20,20,0.0
333,battery,e_demand,2030,2,1.0,1.0,21,21,0.0
334,battery,e_demand,2030,2,1.0,1.0,22,22,0.0
335,battery,e_demand,2030,2,1.0,1.0,23,23,0.0
336,battery,e_demand,2030,2,1.0,1.0,24,24,0.0
337,ccgt,e_demand,2030,2,1.0,1.0,1,1,0.6762914494905025
338,ccgt,e_demand,2030,2,1.0,1.0,2,2,0.6665739934403552
339,ccgt,e_demand,2030,2,1.0,1.0,3,3,0.6522305082710025
340,ccgt,e_demand,2030,2,1.0,1.0,4,4,0.6358140949775581
341,ccgt,e_demand,2030,2,1.0,1.0,5,5,0.6311860979048997
342,ccgt,e_demand,2030,2,1.0,1.0,6,6,0.6316201011659037
343,ccgt,e_demand,2030,2,1.0,1.0,7,7,0.6416189492690529
344,ccgt,e_demand,2030,2,1.0,1.0,8,8,0.5831482047344771
345,ccgt,e_demand,2030,2,1.0,1.0,9,9,0.47134338206972076
346,ccgt,e_demand,2030,2,1.0,1.0,10,10,0.3615083415333859
347,ccgt,e_demand,2030,2,1.0,1.0,11,11,0.30296337554109665
348,ccgt,e_demand,2030,2,1.0,1.0,12,12,0.26262649639701985
349,ccgt,e_demand,2030,2,1.0,1.0,13,13,0.23217488069276349
350,ccgt,e_demand,2030,2,1.0,1.0,14,14,0.23118367341606316
351,ccgt,e_demand,2030,2,1.0,1.0,15,15,0.27128098132389944
352,ccgt,e_demand,2030,2,1.0,1.0,16,16,0.31908511306671705
353,ccgt,e_demand,2030,2,1.0,1.0,17,17,0.41752295038836085
354,ccgt,e_demand,2030,2,1.0,1.0,18,18,0.5522551157796352
355,ccgt,e_demand,2030,2,1.0,1.0,19,19,0.674331506600558
356,ccgt,e_demand,2030,2,1.0,1.0,20,20,0.7295657386791772
357,ccgt,e_demand,2030,2,1.0,1.0,21,21,0.7419126641200507
358,ccgt,e_demand,2030,2,1.0,1.0,22,22,0.6989475482692157
359,ccgt,e_demand,2030,2,1.0,1.0,23,23,0.6553982161268876
360,ccgt,e_demand,2030,2,1.0,1.0,24,24,0.6475543677674825
361,e_demand,battery,2030,2,1.0,1.0,1,1,0.0
362,e_demand,battery,2030,2,1.0,1.0,2,2,0.0
363,e_demand,battery,2030,2,1.0,1.0,3,3,0.0
364,e_demand,battery,2030,2,1.0,1.0,4,4,0.0
365,e_demand,battery,2030,2,1.0,1.0,5,5,0.0
366,e_demand,battery,2030,2,1.0,1.0,6,6,0.0
367,e_demand,battery,2030,2,1.0,1.0,7,7,0.0
368,e_demand,battery,2030,2,1.0,1.0,8,8,0.0
369,e_demand,battery,2030,2,1.0,1.0,9,9,0.0
370,e_demand,battery,2030,2,1.0,1.0,10,10,0.0
371,e_demand,battery,2030,2,1.0,1.0,11,11,0.0
372,e_demand,battery,2030,2,1.0,1.0,12,12,0.0
373,e_demand,battery,2030,2,1.0,1.0,13,13,0.0
374,e_demand,battery,2030,2,1.0,1.0,14,14,0.0
375,e_demand,battery,2030,2,1.0,1.0,15,15,0.0
376,e_demand,battery,2030,2,1.0,1.0,16,16,0.0
377,e_demand,battery,2030,2,1.0,1.0,17,17,0.0
378,e_demand,battery,2030,2,1.0,1.0,18,18,0.0
379,e_demand,battery,2030,2,1.0,1.0,19,19,0.0
380,e_demand,battery,2030,2,1.0,1.0,20,20,0.0
381,e_demand,battery,2030,2,1.0,1.0,21,21,0.0
382,e_demand,battery,2030,2,1.0,1.0,22,22,0.0
383,e_demand,battery,2030,2,1.0,1.0,23,23,0.0
384,e_demand,battery,2030,2,1.0,1.0,24,24,0.0
385,wind,e_demand,2030,2,1.0,1.0,1,1,0.03705729598790695
386,wind,e_demand,2030,2,1.0,1.0,2,2,0.03257610658472977
387,wind,e_demand,2030,2,1.0,1.0,3,3,0.025939683306835173
388,wind,e_demand,2030,2,1.0,1.0,4,4,0.02183517351904189
389,wind,e_demand,2030,2,1.0,1.0,5,5,0.019586532587918287
390,wind,e_demand,2030,2,1.0,1.0,6,6,0.01872518950388567
391,wind,e_demand,2030,2,1.0,1.0,7,7,0.018539945868116713
392,wind,e_demand,2030,2,1.0,1.0,8,8,0.017214228682737653
393,wind,e_demand,2030,2,1.0,1.0,9,9,0.01393889705033102
394,wind,e_demand,2030,2,1.0,1.0,10,10,0.01582219050396479
395,wind,e_demand,2030,2,1.0,1.0,11,11,0.012845779567579636
396,wind,e_demand,2030,2,1.0,1.0,12,12,0.014908611072428917
397,wind,e_demand,2030,2,1.0,1.0,13,13,0.018615727774177648
398,wind,e_demand,2030,2,1.0,1.0,14,14,0.024585023604444766
399,wind,e_demand,2030,2,1.0,1.0,15,15,0.031050970020596168
400,wind,e_demand,2030,2,1.0,1.0,16,16,0.0389828371920993
401,wind,e_demand,2030,2,1.0,1.0,17,17,0.04824699507667422
402,wind,e_demand,2030,2,1.0,1.0,18,18,0.06261116013696229
403,wind,e_demand,2030,2,1.0,1.0,19,19,0.06859635571785869
404,wind,e_demand,2030,2,1.0,1.0,20,20,0.07659795131634872
405,wind,e_demand,2030,2,1.0,1.0,21,21,0.08160456477938038
406,wind,e_demand,2030,2,1.0,1.0,22,22,0.08228426019813624
407,wind,e_demand,2030,2,1.0,1.0,23,23,0.07135348846196815
408,wind,e_demand,2030,2,1.0,1.0,24,24,0.07389392148688789
409,hydro_reservoir,e_demand,2030,2,1.0,1.0,1,1,0.0
410,hydro_reservoir,e_demand,2030,2,1.0,1.0,2,2,0.0
411,hydro_reservoir,e_demand,2030,2,1.0,1.0,3,3,0.0
412,hydro_reservoir,e_demand,2030,2,1.0,1.0,4,4,0.0
413,hydro_reservoir,e_demand,2030,2,1.0,1.0,5,5,0.0
414,hydro_reservoir,e_demand,2030,2,1.0,1.0,6,6,0.0
415,hydro_reservoir,e_demand,2030,2,1.0,1.0,7,7,0.0
416,hydro_reservoir,e_demand,2030,2,1.0,1.0,8,8,0.0
417,hydro_reservoir,e_demand,2030,2,1.0,1.0,9,9,0.0
418,hydro_reservoir,e_demand,2030,2,1.0,1.0,10,10,0.0
419,hydro_reservoir,e_demand,2030,2,1.0,1.0,11,11,0.0
420,hydro_reservoir,e_demand,2030,2,1.0,1.0,12,12,0.0
421,hydro_reservoir,e_demand,2030,2,1.0,1.0,13,13,0.0
422,hydro_reservoir,e_demand,2030,2,1.0,1.0,14,14,0.0
423,hydro_reservoir,e_demand,2030,2,1.0,1.0,15,15,0.0
424,hydro_reservoir,e_demand,2030,2,1.0,1.0,16,16,0.0
425,hydro_reservoir,e_demand,2030,2,1.0,1.0,17,17,0.0
426,hydro_reservoir,e_demand,2030,2,1.0,1.0,18,18,0.0
427,hydro_reservoir,e_demand,2030,2,1.0,1.0,19,19,0.0
428,hydro_reservoir,e_demand,2030,2,1.0,1.0,20,20,0.0
429,hydro_reservoir,e_demand,2030,2,1.0,1.0,21,21,0.0
430,hydro_reservoir,e_demand,2030,2,1.0,1.0,22,22,0.0
431,hydro_reservoir,e_demand,2030,2,1.0,1.0,23,23,0.0
432,hydro_reservoir,e_demand,2030,2,1.0,1.0,24,24,0.0
433,solar,e_demand,2030,2,1.0,1.0,1,1,0.0
434,solar,e_demand,2030,2,1.0,1.0,2,2,0.0
435,solar,e_demand,2030,2,1.0,1.0,3,3,0.0
436,solar,e_demand,2030,2,1.0,1.0,4,4,0.0
437,solar,e_demand,2030,2,1.0,1.0,5,5,0.0
438,solar,e_demand,2030,2,1.0,1.0,6,6,0.0
439,solar,e_demand,2030,2,1.0,1.0,7,7,0.013694135910799436
440,solar,e_demand,2030,2,1.0,1.0,8,8,0.12053833599066344
441,solar,e_demand,2030,2,1.0,1.0,9,9,0.2701142458901306
442,solar,e_demand,2030,2,1.0,1.0,10,10,0.3997785342600256
443,solar,e_demand,2030,2,1.0,1.0,11,11,0.4791313161657178
444,solar,e_demand,2030,2,1.0,1.0,12,12,0.5141061946226206
445,solar,e_demand,2030,2,1.0,1.0,13,13,0.5316685100357452
446,solar,e_demand,2030,2,1.0,1.0,14,14,0.5277115855179919
447,solar,e_demand,2030,2,1.0,1.0,15,15,0.46357991757791184
448,solar,e_demand,2030,2,1.0,1.0,16,16,0.3822279356761282
449,solar,e_demand,2030,2,1.0,1.0,17,17,0.2790782234392629
450,solar,e_demand,2030,2,1.0,1.0,18,18,0.15378185747656753
451,solar,e_demand,2030,2,1.0,1.0,19,19,0.04090333668240003
452,solar,e_demand,2030,2,1.0,1.0,20,20,0.0001457577912232494
453,solar,e_demand,2030,2,1.0,1.0,21,21,0.0
454,solar,e_demand,2030,2,1.0,1.0,22,22,0.0
455,solar,e_demand,2030,2,1.0,1.0,23,23,0.0
456,solar,e_demand,2030,2,1.0,1.0,24,24,0.0
457,hydro_reservoir,spillage,2030,2,0.0,1.0,1,1,0.0
458,hydro_reservoir,spillage,2030,2,0.0,1.0,2,2,0.0
459,hydro_reservoir,spillage,2030,2,0.0,1.0,3,3,0.0
460,hydro_reservoir,spillage,2030,2,0.0,1.0,4,4,0.0
461,hydro_reservoir,spillage,2030,2,0.0,1.0,5,5,0.0
462,hydro_reservoir,spillage,2030,2,0.0,1.0,6,6,0.0
463,hydro_reservoir,spillage,2030,2,0.0,1.0,7,7,0.0
464,hydro_reservoir,spillage,2030,2,0.0,1.0,8,8,0.0
465,hydro_reservoir,spillage,2030,2,0.0,1.0,9,9,0.0
466,hydro_reservoir,spillage,2030,2,0.0,1.0,10,10,0.0
467,hydro_reservoir,spillage,2030,2,0.0,1.0,11,11,0.0
468,hydro_reservoir,spillage,2030,2,0.0,1.0,12,12,0.0
469,hydro_reservoir,spillage,2030,2,0.0,1.0,13,13,0.0
470,hydro_reservoir,spillage,2030,2,0.0,1.0,14,14,0.0
471,hydro_reservoir,spillage,2030,2,0.0,1.0,15,15,0.0
472,hydro_reservoir,spillage,2030,2,0.0,1.0,16,16,0.0
473,hydro_reservoir,spillage,2030,2,0.0,1.0,17,17,0.0
474,hydro_reservoir,spillage,2030,2,0.0,1.0,18,18,0.0
475,hydro_reservoir,spillage,2030,2,0.0,1.0,19,19,0.0
476,hydro_reservoir,spillage,2030,2,0.0,1.0,20,20,0.0
477,hydro_reservoir,spillage,2030,2,0.0,1.0,21,21,0.0
478,hydro_reservoir,spillage,2030,2,0.0,1.0,22,22,0.0
479,hydro_reservoir,spillage,2030,2,0.0,1.0,23,23,0.0
480,hydro_reservoir,spillage,2030,2,0.0,1.0,24,24,0.0
481,ens,e_demand,2030,3,1.0,1.0,1,1,0.0
482,ens,e_demand,2030,3,1.0,1.0,2,2,0.0
483,ens,e_demand,2030,3,1.0,1.0,3,3,0.0
484,ens,e_demand,2030,3,1.0,1.0,4,4,0.0
485,ens,e_demand,2030,3,1.0,1.0,5,5,0.0
486,ens,e_demand,2030,3,1.0,1.0,6,6,0.0
487,ens,e_demand,2030,3,1.0,1.0,7,7,0.0
488,ens,e_demand,2030,3,1.0,1.0,8,8,0.0
489,ens,e_demand,2030,3,1.0,1.0,9,9,0.0
490,ens,e_demand,2030,3,1.0,1.0,10,10,0.0
491,ens,e_demand,2030,3,1.0,1.0,11,11,0.0
492,ens,e_demand,2030,3,1.0,1.0,12,12,0.0
493,ens,e_demand,2030,3,1.0,1.0,13,13,0.0
494,ens,e_demand,2030,3,1.0,1.0,14,14,0.0
495,ens,e_demand,2030,3,1.0,1.0,15,15,0.0
496,ens,e_demand,2030,3,1.0,1.0,16,16,0.0
497,ens,e_demand,2030,3,1.0,1.0,17,17,0.0
498,ens,e_demand,2030,3,1.0,1.0,18,18,0.0
499,ens,e_demand,2030,3,1.0,1.0,19,19,0.0
500,ens,e_demand,2030,3,1.0,1.0,20,20,0.0
501,ens,e_demand,2030,3,1.0,1.0,21,21,0.0
502,ens,e_demand,2030,3,1.0,1.0,22,22,0.0
503,ens,e_demand,2030,3,1.0,1.0,23,23,0.0
504,ens,e_demand,2030,3,1.0,1.0,24,24,0.0
505,wind_offshore,e_demand,2030,3,1.0,1.0,1,1,0.39549294854296047
506,wind_offshore,e_demand,2030,3,1.0,1.0,2,2,0.3988944490294121
507,wind_offshore,e_demand,2030,3,1.0,1.0,3,3,0.39455040961390064
508,wind_offshore,e_demand,2030,3,1.0,1.0,4,4,0.3962462315895335
509,wind_offshore,e_demand,2030,3,1.0,1.0,5,5,0.39903307543496996
510,wind_offshore,e_demand,2030,3,1.0,1.0,6,6,0.40130787783761734
511,wind_offshore,e_demand,2030,3,1.0,1.0,7,7,0.40136015645904727
512,wind_offshore,e_demand,2030,3,1.0,1.0,8,8,0.39992513942401076
513,wind_offshore,e_demand,2030,3,1.0,1.0,9,9,0.3958116342429759
514,wind_offshore,e_demand,2030,3,1.0,1.0,10,10,0.3909558903199773
515,wind_offshore,e_demand,2030,3,1.0,1.0,11,11,0.3953798616523675
516,wind_offshore,e_demand,2030,3,1.0,1.0,12,12,0.3923400275997875
517,wind_offshore,e_demand,2030,3,1.0,1.0,13,13,0.39349988977761124
518,wind_offshore,e_demand,2030,3,1.0,1.0,14,14,0.39399555655645024
519,wind_offshore,e_demand,2030,3,1.0,1.0,15,15,0.3863890068815361
520,wind_offshore,e_demand,2030,3,1.0,1.0,16,16,0.37065096257271857
521,wind_offshore,e_demand,2030,3,1.0,1.0,17,17,0.3461635293867294
522,wind_offshore,e_demand,2030,3,1.0,1.0,18,18,0.31181210850594876
523,wind_offshore,e_demand,2030,3,1.0,1.0,19,19,0.2741434987323578
524,wind_offshore,e_demand,2030,3,1.0,1.0,20,20,0.22586317737622885
525,wind_offshore,e_demand,2030,3,1.0,1.0,21,21,0.1770321493544487
526,wind_offshore,e_demand,2030,3,1.0,1.0,22,22,0.15976701539285873
527,wind_offshore,e_demand,2030,3,1.0,1.0,23,23,0.11767968399664046
528,wind_offshore,e_demand,2030,3,1.0,1.0,24,24,0.1034284516307092
529,ocgt,e_demand,2030,3,1.0,1.0,1,1,0.0
530,ocgt,e_demand,2030,3,1.0,1.0,2,2,0.0
531,ocgt,e_demand,2030,3,1.0,1.0,3,3,0.0
532,ocgt,e_demand,2030,3,1.0,1.0,4,4,0.0
533,ocgt,e_demand,2030,3,1.0,1.0,5,5,0.0
534,ocgt,e_demand,2030,3,1.0,1.0,6,6,0.0
535,ocgt,e_demand,2030,3,1.0,1.0,7,7,0.0
536,ocgt,e_demand,2030,3,1.0,1.0,8,8,0.0
537,ocgt,e_demand,2030,3,1.0,1.0,9,9,0.0
538,ocgt,e_demand,2030,3,1.0,1.0,10,10,0.0
539,ocgt,e_demand,2030,3,1.0,1.0,11,11,0.0
540,ocgt,e_demand,2030,3,1.0,1.0,12,12,0.0
541,ocgt,e_demand,2030,3,1.0,1.0,13,13,0.0
542,ocgt,e_demand,2030,3,1.0,1.0,14,14,0.0
543,ocgt,e_demand,2030,3,1.0,1.0,15,15,0.0
544,ocgt,e_demand,2030,3,1.0,1.0,16,16,0.0
545,ocgt,e_demand,2030,3,1.0,1.0,17,17,0.0
546,ocgt,e_demand,2030,3,1.0,1.0,18,18,0.0
547,ocgt,e_demand,2030,3,1.0,1.0,19,19,0.0
548,ocgt,e_demand,2030,3,1.0,1.0,20,20,0.0
549,ocgt,e_demand,2030,3,1.0,1.0,21,21,0.0
550,ocgt,e_demand,2030,3,1.0,1.0,22,22,0.0
551,ocgt,e_demand,2030,3,1.0,1.0,23,23,0.0
552,ocgt,e_demand,2030,3,1.0,1.0,24,24,0.0
553,battery,e_demand,2030,3,1.0,1.0,1,1,0.0
554,battery,e_demand,2030,3,1.0,1.0,2,2,0.0
555,battery,e_demand,2030,3,1.0,1.0,3,3,0.0
556,battery,e_demand,2030,3,1.0,1.0,4,4,0.0
557,battery,e_demand,2030,3,1.0,1.0,5,5,0.0
558,battery,e_demand,2030,3,1.0,1.0,6,6,0.0
559,battery,e_demand,2030,3,1.0,1.0,7,7,0.0
560,battery,e_demand,2030,3,1.0,1.0,8,8,0.0
561,battery,e_demand,2030,3,1.0,1.0,9,9,0.0
562,battery,e_demand,2030,3,1.0,1.0,10,10,0.0
563,battery,e_demand,2030,3,1.0,1.0,11,11,0.0
564,battery,e_demand,2030,3,1.0,1.0,12,12,0.0
565,battery,e_demand,2030,3,1.0,1.0,13,13,0.0
566,battery,e_demand,2030,3,1.0,1.0,14,14,0.0
567,battery,e_demand,2030,3,1.0,1.0,15,15,0.0
568,battery,e_demand,2030,3,1.0,1.0,16,16,0.0
569,battery,e_demand,2030,3,1.0,1.0,17,17,0.0
570,battery,e_demand,2030,3,1.0,1.0,18,18,0.0
571,battery,e_demand,2030,3,1.0,1.0,19,19,0.009811368460556025
572,battery,e_demand,2030,3,1.0,1.0,20,20,0.08282063810580348
573,battery,e_demand,2030,3,1.0,1.0,21,21,0.08100644970827697
574,battery,e_demand,2030,3,1.0,1.0,22,22,0.01636154372536354
575,battery,e_demand,2030,3,1.0,1.0,23,23,0.0
576,battery,e_demand,2030,3,1.0,1.0,24,24,0.0
577,ccgt,e_demand,2030,3,1.0,1.0,1,1,0.3776425880543224
578,ccgt,e_demand,2030,3,1.0,1.0,2,2,0.4547101417315915
579,ccgt,e_demand,2030,3,1.0,1.0,3,3,0.4531830530943532
580,ccgt,e_demand,2030,3,1.0,1.0,4,4,0.4009910685293492
581,ccgt,e_demand,2030,3,1.0,1.0,5,5,0.37397282364688256
582,ccgt,e_demand,2030,3,1.0,1.0,6,6,0.4137449897018006
583,ccgt,e_demand,2030,3,1.0,1.0,7,7,0.43021264035444684
584,ccgt,e_demand,2030,3,1.0,1.0,8,8,0.41290745358517317
585,ccgt,e_demand,2030,3,1.0,1.0,9,9,0.43259230120992753
586,ccgt,e_demand,2030,3,1.0,1.0,10,10,0.42912394397750836
587,ccgt,e_demand,2030,3,1.0,1.0,11,11,0.46506639983729886
588,ccgt,e_demand,2030,3,1.0,1.0,12,12,0.4752427400921922
589,ccgt,e_demand,2030,3,1.0,1.0,13,13,0.4905860317630275
590,ccgt,e_demand,2030,3,1.0,1.0,14,14,0.4791252017300196
591,ccgt,e_demand,2030,3,1.0,1.0,15,15,0.5109251330366162
592,ccgt,e_demand,2030,3,1.0,1.0,16,16,0.5835684094140626
593,ccgt,e_demand,2030,3,1.0,1.0,17,17,0.6899405033093247
594,ccgt,e_demand,2030,3,1.0,1.0,18,18,0.8206275241378834
595,ccgt,e_demand,2030,3,1.0,1.0,19,19,0.9022582399739966
596,ccgt,e_demand,2030,3,1.0,1.0,20,20,0.9022582399739966
597,ccgt,e_demand,2030,3,1.0,1.0,21,21,0.9022582399739966
598,ccgt,e_demand,2030,3,1.0,1.0,22,22,0.9022582399739966
599,ccgt,e_demand,2030,3,1.0,1.0,23,23,0.8900865681425822
600,ccgt,e_demand,2030,3,1.0,1.0,24,24,0.850468998700288
601,e_demand,battery,2030,3,1.0,1.0,1,1,0.0
602,e_demand,battery,2030,3,1.0,1.0,2,2,0.08282063810580348
603,e_demand,battery,2030,3,1.0,1.0,3,3,0.08282063810580348
604,e_demand,battery,2030,3,1.0,1.0,4,4,0.04488503957786675
605,e_demand,battery,2030,3,1.0,1.0,5,5,0.0
606,e_demand,battery,2030,3,1.0,1.0,6,6,0.0
607,e_demand,battery,2030,3,1.0,1.0,7,7,0.0
608,e_demand,battery,2030,3,1.0,1.0,8,8,0.0
609,e_demand,battery,2030,3,1.0,1.0,9,9,0.0
610,e_demand,battery,2030,3,1.0,1.0,10,10,0.0
611,e_demand,battery,2030,3,1.0,1.0,11,11,0.0
612,e_demand,battery,2030,3,1.0,1.0,12,12,0.0
613,e_demand,battery,2030,3,1.0,1.0,13,13,0.0
614,e_demand,battery,2030,3,1.0,1.0,14,14,0.0
615,e_demand,battery,2030,3,1.0,1.0,15,15,0.0
616,e_demand,battery,2030,3,1.0,1.0,16,16,0.0
617,e_demand,battery,2030,3,1.0,1.0,17,17,0.0
618,e_demand,battery,2030,3,1.0,1.0,18,18,0.0
619,e_demand,battery,2030,3,1.0,1.0,19,19,0.0
620,e_demand,battery,2030,3,1.0,1.0,20,20,0.0
621,e_demand,battery,2030,3,1.0,1.0,21,21,0.0
622,e_demand,battery,2030,3,1.0,1.0,22,22,0.0
623,e_demand,battery,2030,3,1.0,1.0,23,23,0.0
624,e_demand,battery,2030,3,1.0,1.0,24,24,0.0
625,wind,e_demand,2030,3,1.0,1.0,1,1,0.11025049177268953
626,wind,e_demand,2030,3,1.0,1.0,2,2,0.09986554637426971
627,wind,e_demand,2030,3,1.0,1.0,3,3,0.09160946234259053
628,wind,e_demand,2030,3,1.0,1.0,4,4,0.08752341949969776
629,wind,e_demand,2030,3,1.0,1.0,5,5,0.08344262915425323
630,wind,e_demand,2030,3,1.0,1.0,6,6,0.0808202640102428
631,wind,e_demand,2030,3,1.0,1.0,7,7,0.0779726792062387
632,wind,e_demand,2030,3,1.0,1.0,8,8,0.06578323837825671
633,wind,e_demand,2030,3,1.0,1.0,9,9,0.05502724205904162
634,wind,e_demand,2030,3,1.0,1.0,10,10,0.055384300291096505
635,wind,e_demand,2030,3,1.0,1.0,11,11,0.057948581515413364
636,wind,e_demand,2030,3,1.0,1.0,12,12,0.0642339484210824
637,wind,e_demand,2030,3,1.0,1.0,13,13,0.06802412686665751
638,wind,e_demand,2030,3,1.0,1.0,14,14,0.07064041138202537
639,wind,e_demand,2030,3,1.0,1.0,15,15,0.07274757578053101
640,wind,e_demand,2030,3,1.0,1.0,16,16,0.07332274070126517
641,wind,e_demand,2030,3,1.0,1.0,17,17,0.07440153734842672
642,wind,e_demand,2030,3,1.0,1.0,18,18,0.07280672327705705
643,wind,e_demand,2030,3,1.0,1.0,19,19,0.08189213359671592
644,wind,e_demand,2030,3,1.0,1.0,20,20,0.08690855807489832
645,wind,e_demand,2030,3,1.0,1.0,21,21,0.08174040796814062
646,wind,e_demand,2030,3,1.0,1.0,22,22,0.07521030526361741
647,wind,e_demand,2030,3,1.0,1.0,23,23,0.05333876682426425
648,wind,e_demand,2030,3,1.0,1.0,24,24,0.06207613252094257
649,hydro_reservoir,e_demand,2030,3,1.0,1.0,1,1,0.1
650,hydro_reservoir,e_demand,2030,3,1.0,1.0,2,2,0.1
651,hydro_reservoir,e_demand,2030,3,1.0,1.0,3,3,0.1
652,hydro_reservoir,e_demand,2030,3,1.0,1.0,4,4,0.1
653,hydro_reservoir,e_demand,2030,3,1.0,1.0,5,5,0.1
654,hydro_reservoir,e_demand,2030,3,1.0,1.0,6,6,0.1
655,hydro_reservoir,e_demand,2030,3,1.0,1.0,7,7,0.1
656,hydro_reservoir,e_demand,2030,3,1.0,1.0,8,8,0.1
657,hydro_reservoir,e_demand,2030,3,1.0,1.0,9,9,0.1
658,hydro_reservoir,e_demand,2030,3,1.0,1.0,10,10,0.1
659,hydro_reservoir,e_demand,2030,3,1.0,1.0,11,11,0.1
660,hydro_reservoir,e_demand,2030,3,1.0,1.0,12,12,0.1
661,hydro_reservoir,e_demand,2030,3,1.0,1.0,13,13,0.1
662,hydro_reservoir,e_demand,2030,3,1.0,1.0,14,14,0.1
663,hydro_reservoir,e_demand,2030,3,1.0,1.0,15,15,0.1
664,hydro_reservoir,e_demand,2030,3,1.0,1.0,16,16,0.1
665,hydro_reservoir,e_demand,2030,3,1.0,1.0,17,17,0.1
666,hydro_reservoir,e_demand,2030,3,1.0,1.0,18,18,0.1
667,hydro_reservoir,e_demand,2030,3,1.0,1.0,19,19,0.1
668,hydro_reservoir,e_demand,2030,3,1.0,1.0,20,20,0.1
669,hydro_reservoir,e_demand,2030,3,1.0,1.0,21,21,0.1
670,hydro_reservoir,e_demand,2030,3,1.0,1.0,22,22,0.1
671,hydro_reservoir,e_demand,2030,3,1.0,1.0,23,23,0.1
672,hydro_reservoir,e_demand,2030,3,1.0,1.0,24,24,0.1
673,solar,e_demand,2030,3,1.0,1.0,1,1,0.0
674,solar,e_demand,2030,3,1.0,1.0,2,2,0.0
675,solar,e_demand,2030,3,1.0,1.0,3,3,0.0
676,solar,e_demand,2030,3,1.0,1.0,4,4,0.0
677,solar,e_demand,2030,3,1.0,1.0,5,5,0.0
678,solar,e_demand,2030,3,1.0,1.0,6,6,1.2586721806874003e-06
679,solar,e_demand,2030,3,1.0,1.0,7,7,0.012669284659667726
680,solar,e_demand,2030,3,1.0,1.0,8,8,0.1184996588636203
681,solar,e_demand,2030,3,1.0,1.0,9,9,0.2553438148977327
682,solar,e_demand,2030,3,1.0,1.0,10,10,0.3718429980327706
683,solar,e_demand,2030,3,1.0,1.0,11,11,0.4490617137802086
684,solar,e_demand,2030,3,1.0,1.0,12,12,0.49979577019207483
685,solar,e_demand,2030,3,1.0,1.0,13,13,0.5129603676566505
686,solar,e_demand,2030,3,1.0,1.0,14,14,0.5142454831052201
687,solar,e_demand,2030,3,1.0,1.0,15,15,0.4763628171465036
688,solar,e_demand,2030,3,1.0,1.0,16,16,0.39861201591221374
689,solar,e_demand,2030,3,1.0,1.0,17,17,0.2923845008495881
690,solar,e_demand,2030,3,1.0,1.0,18,18,0.17506265035544386
691,solar,e_demand,2030,3,1.0,1.0,19,19,0.06525369258895303
692,solar,e_demand,2030,3,1.0,1.0,20,20,0.003821553381260646
693,solar,e_demand,2030,3,1.0,1.0,21,21,0.0
694,solar,e_demand,2030,3,1.0,1.0,22,22,0.0
695,solar,e_demand,2030,3,1.0,1.0,23,23,0.0
696,solar,e_demand,2030,3,1.0,1.0,24,24,0.0
697,hydro_reservoir,spillage,2030,3,0.0,1.0,1,1,0.0
698,hydro_reservoir,spillage,2030,3,0.0,1.0,2,2,0.0
699,hydro_reservoir,spillage,2030,3,0.0,1.0,3,3,0.0
700,hydro_reservoir,spillage,2030,3,0.0,1.0,4,4,0.0
701,hydro_reservoir,spillage,2030,3,0.0,1.0,5,5,0.0
702,hydro_reservoir,spillage,2030,3,0.0,1.0,6,6,0.0
703,hydro_reservoir,spillage,2030,3,0.0,1.0,7,7,0.0
704,hydro_reservoir,spillage,2030,3,0.0,1.0,8,8,0.0
705,hydro_reservoir,spillage,2030,3,0.0,1.0,9,9,0.0
706,hydro_reservoir,spillage,2030,3,0.0,1.0,10,10,0.0
707,hydro_reservoir,spillage,2030,3,0.0,1.0,11,11,0.0
708,hydro_reservoir,spillage,2030,3,0.0,1.0,12,12,0.0
709,hydro_reservoir,spillage,2030,3,0.0,1.0,13,13,0.0
710,hydro_reservoir,spillage,2030,3,0.0,1.0,14,14,0.0
711,hydro_reservoir,spillage,2030,3,0.0,1.0,15,15,0.0
712,hydro_reservoir,spillage,2030,3,0.0,1.0,16,16,0.0
713,hydro_reservoir,spillage,2030,3,0.0,1.0,17,17,0.0
714,hydro_reservoir,spillage,2030,3,0.0,1.0,18,18,0.0
715,hydro_reservoir,spillage,2030,3,0.0,1.0,19,19,0.0
716,hydro_reservoir,spillage,2030,3,0.0,1.0,20,20,0.0
717,hydro_reservoir,spillage,2030,3,0.0,1.0,21,21,0.0
718,hydro_reservoir,spillage,2030,3,0.0,1.0,22,22,0.0
719,hydro_reservoir,spillage,2030,3,0.0,1.0,23,23,0.0
720,hydro_reservoir,spillage,2030,3,0.0,1.0,24,24,0.0
721,ens,e_demand,2030,4,1.0,1.0,1,1,0.0
722,ens,e_demand,2030,4,1.0,1.0,2,2,0.0
723,ens,e_demand,2030,4,1.0,1.0,3,3,0.0
724,ens,e_demand,2030,4,1.0,1.0,4,4,0.0
725,ens,e_demand,2030,4,1.0,1.0,5,5,0.0
726,ens,e_demand,2030,4,1.0,1.0,6,6,0.0
727,ens,e_demand,2030,4,1.0,1.0,7,7,0.0
728,ens,e_demand,2030,4,1.0,1.0,8,8,0.0
729,ens,e_demand,2030,4,1.0,1.0,9,9,0.0
730,ens,e_demand,2030,4,1.0,1.0,10,10,0.0
731,ens,e_demand,2030,4,1.0,1.0,11,11,0.0
732,ens,e_demand,2030,4,1.0,1.0,12,12,0.0
733,ens,e_demand,2030,4,1.0,1.0,13,13,0.0
734,ens,e_demand,2030,4,1.0,1.0,14,14,0.0
735,ens,e_demand,2030,4,1.0,1.0,15,15,0.0
736,ens,e_demand,2030,4,1.0,1.0,16,16,0.0
737,ens,e_demand,2030,4,1.0,1.0,17,17,0.0
738,ens,e_demand,2030,4,1.0,1.0,18,18,0.0
739,ens,e_demand,2030,4,1.0,1.0,19,19,0.0
740,ens,e_demand,2030,4,1.0,1.0,20,20,0.0
741,ens,e_demand,2030,4,1.0,1.0,21,21,0.0
742,ens,e_demand,2030,4,1.0,1.0,22,22,0.0
743,ens,e_demand,2030,4,1.0,1.0,23,23,0.0
744,ens,e_demand,2030,4,1.0,1.0,24,24,0.0
745,wind_offshore,e_demand,2030,4,1.0,1.0,1,1,0.2144118079038697
746,wind_offshore,e_demand,2030,4,1.0,1.0,2,2,0.2957333531806075
747,wind_offshore,e_demand,2030,4,1.0,1.0,3,3,0.35064596919517743
748,wind_offshore,e_demand,2030,4,1.0,1.0,4,4,0.3335469606116662
749,wind_offshore,e_demand,2030,4,1.0,1.0,5,5,0.32466020060805517
750,wind_offshore,e_demand,2030,4,1.0,1.0,6,6,0.2875735838447645
751,wind_offshore,e_demand,2030,4,1.0,1.0,7,7,0.263234015044757
752,wind_offshore,e_demand,2030,4,1.0,1.0,8,8,0.22267926296450452
753,wind_offshore,e_demand,2030,4,1.0,1.0,9,9,0.14135239059677843
754,wind_offshore,e_demand,2030,4,1.0,1.0,10,10,0.0809148463819217
755,wind_offshore,e_demand,2030,4,1.0,1.0,11,11,0.03572175591120219
756,wind_offshore,e_demand,2030,4,1.0,1.0,12,12,0.0
757,wind_offshore,e_demand,2030,4,1.0,1.0,13,13,0.0
758,wind_offshore,e_demand,2030,4,1.0,1.0,14,14,0.0
759,wind_offshore,e_demand,2030,4,1.0,1.0,15,15,0.0
760,wind_offshore,e_demand,2030,4,1.0,1.0,16,16,0.0
761,wind_offshore,e_demand,2030,4,1.0,1.0,17,17,0.0
762,wind_offshore,e_demand,2030,4,1.0,1.0,18,18,0.09518759417472283
763,wind_offshore,e_demand,2030,4,1.0,1.0,19,19,0.11777966278421931
764,wind_offshore,e_demand,2030,4,1.0,1.0,20,20,0.08756351108711187
765,wind_offshore,e_demand,2030,4,1.0,1.0,21,21,0.06512793255654707
766,wind_offshore,e_demand,2030,4,1.0,1.0,22,22,0.044220765712782314
767,wind_offshore,e_demand,2030,4,1.0,1.0,23,23,0.029621920260884803
768,wind_offshore,e_demand,2030,4,1.0,1.0,24,24,0.027168806209488628
769,ocgt,e_demand,2030,4,1.0,1.0,1,1,0.0
770,ocgt,e_demand,2030,4,1.0,1.0,2,2,0.0
771,ocgt,e_demand,2030,4,1.0,1.0,3,3,0.0
772,ocgt,e_demand,2030,4,1.0,1.0,4,4,0.0
773,ocgt,e_demand,2030,4,1.0,1.0,5,5,0.0
774,ocgt,e_demand,2030,4,1.0,1.0,6,6,0.0
775,ocgt,e_demand,2030,4,1.0,1.0,7,7,0.0
776,ocgt,e_demand,2030,4,1.0,1.0,8,8,0.0
777,ocgt,e_demand,2030,4,1.0,1.0,9,9,0.0
778,ocgt,e_demand,2030,4,1.0,1.0,10,10,0.0
779,ocgt,e_demand,2030,4,1.0,1.0,11,11,0.0
780,ocgt,e_demand,2030,4,1.0,1.0,12,12,0.0
781,ocgt,e_demand,2030,4,1.0,1.0,13,13,0.0
782,ocgt,e_demand,2030,4,1.0,1.0,14,14,0.0
783,ocgt,e_demand,2030,4,1.0,1.0,15,15,0.0
784,ocgt,e_demand,2030,4,1.0,1.0,16,16,0.0
785,ocgt,e_demand,2030,4,1.0,1.0,17,17,0.0
786,ocgt,e_demand,2030,4,1.0,1.0,18,18,0.0
787,ocgt,e_demand,2030,4,1.0,1.0,19,19,0.0
788,ocgt,e_demand,2030,4,1.0,1.0,20,20,0.0
789,ocgt,e_demand,2030,4,1.0,1.0,21,21,0.0
790,ocgt,e_demand,2030,4,1.0,1.0,22,22,0.0
791,ocgt,e_demand,2030,4,1.0,1.0,23,23,0.0
792,ocgt,e_demand,2030,4,1.0,1.0,24,24,0.0
793,battery,e_demand,2030,4,1.0,1.0,1,1,0.0
794,battery,e_demand,2030,4,1.0,1.0,2,2,0.0
795,battery,e_demand,2030,4,1.0,1.0,3,3,0.0
796,battery,e_demand,2030,4,1.0,1.0,4,4,0.0
797,battery,e_demand,2030,4,1.0,1.0,5,5,0.0
798,battery,e_demand,2030,4,1.0,1.0,6,6,0.0
799,battery,e_demand,2030,4,1.0,1.0,7,7,0.0
800,battery,e_demand,2030,4,1.0,1.0,8,8,0.0
801,battery,e_demand,2030,4,1.0,1.0,9,9,0.0
802,battery,e_demand,2030,4,1.0,1.0,10,10,0.0
803,battery,e_demand,2030,4,1.0,1.0,11,11,0.0
804,battery,e_demand,2030,4,1.0,1.0,12,12,0.0
805,battery,e_demand,2030,4,1.0,1.0,13,13,0.0
806,battery,e_demand,2030,4,1.0,1.0,14,14,0.0
807,battery,e_demand,2030,4,1.0,1.0,15,15,0.0
808,battery,e_demand,2030,4,1.0,1.0,16,16,0.0
809,battery,e_demand,2030,4,1.0,1.0,17,17,0.0
810,battery,e_demand,2030,4,1.0,1.0,18,18,0.0
811,battery,e_demand,2030,4,1.0,1.0,19,19,0.0
812,battery,e_demand,2030,4,1.0,1.0,20,20,0.0
813,battery,e_demand,2030,4,1.0,1.0,21,21,0.024358723788393065
814,battery,e_demand,2030,4,1.0,1.0,22,22,0.08282063810580348
815,battery,e_demand,2030,4,1.0,1.0,23,23,0.08282063810580348
816,battery,e_demand,2030,4,1.0,1.0,24,24,0.0
817,ccgt,e_demand,2030,4,1.0,1.0,1,1,0.0863013249442533
818,ccgt,e_demand,2030,4,1.0,1.0,2,2,0.0789704052850484
819,ccgt,e_demand,2030,4,1.0,1.0,3,3,0.004361535507005243
820,ccgt,e_demand,2030,4,1.0,1.0,4,4,0.0
821,ccgt,e_demand,2030,4,1.0,1.0,5,5,0.0
822,ccgt,e_demand,2030,4,1.0,1.0,6,6,0.0
823,ccgt,e_demand,2030,4,1.0,1.0,7,7,0.0
824,ccgt,e_demand,2030,4,1.0,1.0,8,8,0.0
825,ccgt,e_demand,2030,4,1.0,1.0,9,9,0.0
826,ccgt,e_demand,2030,4,1.0,1.0,10,10,0.0
827,ccgt,e_demand,2030,4,1.0,1.0,11,11,0.0
828,ccgt,e_demand,2030,4,1.0,1.0,12,12,0.0
829,ccgt,e_demand,2030,4,1.0,1.0,13,13,0.0
830,ccgt,e_demand,2030,4,1.0,1.0,14,14,0.0
831,ccgt,e_demand,2030,4,1.0,1.0,15,15,0.0
832,ccgt,e_demand,2030,4,1.0,1.0,16,16,0.0
833,ccgt,e_demand,2030,4,1.0,1.0,17,17,0.0
834,ccgt,e_demand,2030,4,1.0,1.0,18,18,0.0
835,ccgt,e_demand,2030,4,1.0,1.0,19,19,0.14208559382814198
836,ccgt,e_demand,2030,4,1.0,1.0,20,20,0.21579706221320127
837,ccgt,e_demand,2030,4,1.0,1.0,21,21,0.2779421473550164
838,ccgt,e_demand,2030,4,1.0,1.0,22,22,0.23329310508446677
839,ccgt,e_demand,2030,4,1.0,1.0,23,23,0.2543557452183393
840,ccgt,e_demand,2030,4,1.0,1.0,24,24,0.33636511735324426
841,e_demand,battery,2030,4,1.0,1.0,1,1,0.0
842,e_demand,battery,2030,4,1.0,1.0,2,2,0.0
843,e_demand,battery,2030,4,1.0,1.0,3,3,0.0
844,e_demand,battery,2030,4,1.0,1.0,4,4,0.0
845,e_demand,battery,2030,4,1.0,1.0,5,5,0.0
846,e_demand,battery,2030,4,1.0,1.0,6,6,0.0
847,e_demand,battery,2030,4,1.0,1.0,7,7,0.0
848,e_demand,battery,2030,4,1.0,1.0,8,8,0.0
849,e_demand,battery,2030,4,1.0,1.0,9,9,0.0
850,e_demand,battery,2030,4,1.0,1.0,10,10,0.0
851,e_demand,battery,2030,4,1.0,1.0,11,11,0.0
852,e_demand,battery,2030,4,1.0,1.0,12,12,0.0
853,e_demand,battery,2030,4,1.0,1.0,13,13,0.0
854,e_demand,battery,2030,4,1.0,1.0,14,14,0.08282063810580348
855,e_demand,battery,2030,4,1.0,1.0,15,15,0.08282063810580348
856,e_demand,battery,2030,4,1.0,1.0,16,16,0.04488503957786675
857,e_demand,battery,2030,4,1.0,1.0,17,17,0.0
858,e_demand,battery,2030,4,1.0,1.0,18,18,0.0
859,e_demand,battery,2030,4,1.0,1.0,19,19,0.0
860,e_demand,battery,2030,4,1.0,1.0,20,20,0.0
861,e_demand,battery,2030,4,1.0,1.0,21,21,0.0
862,e_demand,battery,2030,4,1.0,1.0,22,22,0.0
863,e_demand,battery,2030,4,1.0,1.0,23,23,0.0
864,e_demand,battery,2030,4,1.0,1.0,24,24,0.0
865,wind,e_demand,2030,4,1.0,1.0,1,1,0.3679476965504232
866,wind,e_demand,2030,4,1.0,1.0,2,2,0.37590148641779514
867,wind,e_demand,2030,4,1.0,1.0,3,3,0.38746752560937414
868,wind,e_demand,2030,4,1.0,1.0,4,4,0.40158990719641907
869,wind,e_demand,2030,4,1.0,1.0,5,5,0.416308983525207
870,wind,e_demand,2030,4,1.0,1.0,6,6,0.4421168194569778
871,wind,e_demand,2030,4,1.0,1.0,7,7,0.44709769686481954
872,wind,e_demand,2030,4,1.0,1.0,8,8,0.442903929694621
873,wind,e_demand,2030,4,1.0,1.0,9,9,0.47368483266425565
874,wind,e_demand,2030,4,1.0,1.0,10,10,0.4764260898190584
875,wind,e_demand,2030,4,1.0,1.0,11,11,0.4540276983602524
876,wind,e_demand,2030,4,1.0,1.0,12,12,0.4305122124780214
877,wind,e_demand,2030,4,1.0,1.0,13,13,0.38377214543239085
878,wind,e_demand,2030,4,1.0,1.0,14,14,0.4234046399078864
879,wind,e_demand,2030,4,1.0,1.0,15,15,0.4243876949032802
880,wind,e_demand,2030,4,1.0,1.0,16,16,0.4275433489033119
881,wind,e_demand,2030,4,1.0,1.0,17,17,0.45211658717841335
882,wind,e_demand,2030,4,1.0,1.0,18,18,0.4706088713118591
883,wind,e_demand,2030,4,1.0,1.0,19,19,0.450240380219707
884,wind,e_demand,2030,4,1.0,1.0,20,20,0.40952630612140606
885,wind,e_demand,2030,4,1.0,1.0,21,21,0.3781145918436199
886,wind,e_demand,2030,4,1.0,1.0,22,22,0.34575135977973503
887,wind,e_demand,2030,4,1.0,1.0,23,23,0.3011200460623537
888,wind,e_demand,2030,4,1.0,1.0,24,24,0.28814231070154916
889,hydro_reservoir,e_demand,2030,4,1.0,1.0,1,1,0.1
890,hydro_reservoir,e_demand,2030,4,1.0,1.0,2,2,0.0
891,hydro_reservoir,e_demand,2030,4,1.0,1.0,3,3,0.0
892,hydro_reservoir,e_demand,2030,4,1.0,1.0,4,4,0.0
893,hydro_reservoir,e_demand,2030,4,1.0,1.0,5,5,0.0
894,hydro_reservoir,e_demand,2030,4,1.0,1.0,6,6,0.0
895,hydro_reservoir,e_demand,2030,4,1.0,1.0,7,7,0.0
896,hydro_reservoir,e_demand,2030,4,1.0,1.0,8,8,0.0
897,hydro_reservoir,e_demand,2030,4,1.0,1.0,9,9,0.0
898,hydro_reservoir,e_demand,2030,4,1.0,1.0,10,10,0.0
899,hydro_reservoir,e_demand,2030,4,1.0,1.0,11,11,0.0
900,hydro_reservoir,e_demand,2030,4,1.0,1.0,12,12,0.0
901,hydro_reservoir,e_demand,2030,4,1.0,1.0,13,13,0.0
902,hydro_reservoir,e_demand,2030,4,1.0,1.0,14,14,0.0
903,hydro_reservoir,e_demand,2030,4,1.0,1.0,15,15,0.0
904,hydro_reservoir,e_demand,2030,4,1.0,1.0,16,16,0.0
905,hydro_reservoir,e_demand,2030,4,1.0,1.0,17,17,0.0
906,hydro_reservoir,e_demand,2030,4,1.0,1.0,18,18,0.0
907,hydro_reservoir,e_demand,2030,4,1.0,1.0,19,19,0.0
908,hydro_reservoir,e_demand,2030,4,1.0,1.0,20,20,0.1
909,hydro_reservoir,e_demand,2030,4,1.0,1.0,21,21,0.1
910,hydro_reservoir,e_demand,2030,4,1.0,1.0,22,22,0.1
911,hydro_reservoir,e_demand,2030,4,1.0,1.0,23,23,0.1
912,hydro_reservoir,e_demand,2030,4,1.0,1.0,24,24,0.1
913,solar,e_demand,2030,4,1.0,1.0,1,1,0.0
914,solar,e_demand,2030,4,1.0,1.0,2,2,0.0
915,solar,e_demand,2030,4,1.0,1.0,3,3,0.0
916,solar,e_demand,2030,4,1.0,1.0,4,4,0.0
917,solar,e_demand,2030,4,1.0,1.0,5,5,0.0
918,solar,e_demand,2030,4,1.0,1.0,6,6,1.5337750918098565e-05
919,solar,e_demand,2030,4,1.0,1.0,7,7,0.025521189394379435
920,solar,e_demand,2030,4,1.0,1.0,8,8,0.11006334987058193
921,solar,e_demand,2030,4,1.0,1.0,9,9,0.2046502752930762
922,solar,e_demand,2030,4,1.0,1.0,10,10,0.28544146907208895
923,solar,e_demand,2030,4,1.0,1.0,11,11,0.3533179011346102
924,solar,e_demand,2030,4,1.0,1.0,12,12,0.4135762476576911
925,solar,e_demand,2030,4,1.0,1.0,13,13,0.45684116039523975
926,solar,e_demand,2030,4,1.0,1.0,14,14,0.46806743284308955
927,solar,e_demand,2030,4,1.0,1.0,15,15,0.44850609062660574
928,solar,e_demand,2030,4,1.0,1.0,16,16,0.3933098824235197
929,solar,e_demand,2030,4,1.0,1.0,17,17,0.3103471644086527
930,solar,e_demand,2030,4,1.0,1.0,18,18,0.19408251416806754
931,solar,e_demand,2030,4,1.0,1.0,19,19,0.05857692453959664
932,solar,e_demand,2030,4,1.0,1.0,20,20,0.0014357942252216725
933,solar,e_demand,2030,4,1.0,1.0,21,21,0.0
934,solar,e_demand,2030,4,1.0,1.0,22,22,0.0
935,solar,e_demand,2030,4,1.0,1.0,23,23,0.0
936,solar,e_demand,2030,4,1.0,1.0,24,24,0.0
937,hydro_reservoir,spillage,2030,4,0.0,1.0,1,1,0.0
938,hydro_reservoir,spillage,2030,4,0.0,1.0,2,2,0.0
939,hydro_reservoir,spillage,2030,4,0.0,1.0,3,3,0.0
940,hydro_reservoir,spillage,2030,4,0.0,1.0,4,4,0.0
941,hydro_reservoir,spillage,2030,4,0.0,1.0,5,5,0.0
942,hydro_reservoir,spillage,2030,4,0.0,1.0,6,6,0.0
943,hydro_reservoir,spillage,2030,4,0.0,1.0,7,7,0.0
944,hydro_reservoir,spillage,2030,4,0.0,1.0,8,8,0.0
945,hydro_reservoir,spillage,2030,4,0.0,1.0,9,9,0.0
946,hydro_reservoir,spillage,2030,4,0.0,1.0,10,10,0.0
947,hydro_reservoir,spillage,2030,4,0.0,1.0,11,11,0.0
948,hydro_reservoir,spillage,2030,4,0.0,1.0,12,12,0.0
949,hydro_reservoir,spillage,2030,4,0.0,1.0,13,13,0.0
950,hydro_reservoir,spillage,2030,4,0.0,1.0,14,14,0.0
951,hydro_reservoir,spillage,2030,4,0.0,1.0,15,15,0.0
952,hydro_reservoir,spillage,2030,4,0.0,1.0,16,16,0.0
953,hydro_reservoir,spillage,2030,4,0.0,1.0,17,17,0.0
954,hydro_reservoir,spillage,2030,4,0.0,1.0,18,18,0.0
955,hydro_reservoir,spillage,2030,4,0.0,1.0,19,19,0.0
956,hydro_reservoir,spillage,2030,4,0.0,1.0,20,20,0.0
957,hydro_reservoir,spillage,2030,4,0.0,1.0,21,21,0.0
958,hydro_reservoir,spillage,2030,4,0.0,1.0,22,22,0.0
959,hydro_reservoir,spillage,2030,4,0.0,1.0,23,23,0.0
960,hydro_reservoir,spillage,2030,4,0.0,1.0,24,24,0.0
961,ens,e_demand,2030,5,1.0,1.0,1,1,0.0
962,ens,e_demand,2030,5,1.0,1.0,2,2,0.0
963,ens,e_demand,2030,5,1.0,1.0,3,3,0.0
964,ens,e_demand,2030,5,1.0,1.0,4,4,0.0
965,ens,e_demand,2030,5,1.0,1.0,5,5,0.0
966,ens,e_demand,2030,5,1.0,1.0,6,6,0.0
967,ens,e_demand,2030,5,1.0,1.0,7,7,0.0
968,ens,e_demand,2030,5,1.0,1.0,8,8,0.0
969,ens,e_demand,2030,5,1.0,1.0,9,9,0.0
970,ens,e_demand,2030,5,1.0,1.0,10,10,0.0
971,ens,e_demand,2030,5,1.0,1.0,11,11,0.0
972,ens,e_demand,2030,5,1.0,1.0,12,12,0.0
973,ens,e_demand,2030,5,1.0,1.0,13,13,0.0
974,ens,e_demand,2030,5,1.0,1.0,14,14,0.0
975,ens,e_demand,2030,5,1.0,1.0,15,15,0.0
976,ens,e_demand,2030,5,1.0,1.0,16,16,0.0
977,ens,e_demand,2030,5,1.0,1.0,17,17,0.0
978,ens,e_demand,2030,5,1.0,1.0,18,18,0.0
979,ens,e_demand,2030,5,1.0,1.0,19,19,0.0
980,ens,e_demand,2030,5,1.0,1.0,20,20,0.0
981,ens,e_demand,2030,5,1.0,1.0,21,21,0.0
982,ens,e_demand,2030,5,1.0,1.0,22,22,0.0
983,ens,e_demand,2030,5,1.0,1.0,23,23,0.0
984,ens,e_demand,2030,5,1.0,1.0,24,24,0.0
985,wind_offshore,e_demand,2030,5,1.0,1.0,1,1,0.008277074493817139
986,wind_offshore,e_demand,2030,5,1.0,1.0,2,2,0.036241178864606975
987,wind_offshore,e_demand,2030,5,1.0,1.0,3,3,0.036058501458433444
988,wind_offshore,e_demand,2030,5,1.0,1.0,4,4,0.034453323265863665
989,wind_offshore,e_demand,2030,5,1.0,1.0,5,5,0.0586212942555386
990,wind_offshore,e_demand,2030,5,1.0,1.0,6,6,0.09533015261744227
991,wind_offshore,e_demand,2030,5,1.0,1.0,7,7,0.11580770429683841
992,wind_offshore,e_demand,2030,5,1.0,1.0,8,8,0.14002186289691512
993,wind_offshore,e_demand,2030,5,1.0,1.0,9,9,0.16001710916868134
994,wind_offshore,e_demand,2030,5,1.0,1.0,10,10,0.19330638601512376
995,wind_offshore,e_demand,2030,5,1.0,1.0,11,11,0.27991014301141537
996,wind_offshore,e_demand,2030,5,1.0,1.0,12,12,0.3173055206445572
997,wind_offshore,e_demand,2030,5,1.0,1.0,13,13,0.34906761235755146
998,wind_offshore,e_demand,2030,5,1.0,1.0,14,14,0.3530497018629134
999,wind_offshore,e_demand,2030,5,1.0,1.0,15,15,0.37816190826292906
1000,wind_offshore,e_demand,2030,5,1.0,1.0,16,16,0.3732472365728039
1001,wind_offshore,e_demand,2030,5,1.0,1.0,17,17,0.36913949605857466
1002,wind_offshore,e_demand,2030,5,1.0,1.0,18,18,0.35669087370111313
1003,wind_offshore,e_demand,2030,5,1.0,1.0,19,19,0.3287797639173667
1004,wind_offshore,e_demand,2030,5,1.0,1.0,20,20,0.3314614148425371
1005,wind_offshore,e_demand,2030,5,1.0,1.0,21,21,0.33885176251594284
1006,wind_offshore,e_demand,2030,5,1.0,1.0,22,22,0.3242507623809642
1007,wind_offshore,e_demand,2030,5,1.0,1.0,23,23,0.3084548613386094
1008,wind_offshore,e_demand,2030,5,1.0,1.0,24,24,0.30660205553915465
1009,ocgt,e_demand,2030,5,1.0,1.0,1,1,0.0
1010,ocgt,e_demand,2030,5,1.0,1.0,2,2,0.0
1011,ocgt,e_demand,2030,5,1.0,1.0,3,3,0.0
1012,ocgt,e_demand,2030,5,1.0,1.0,4,4,0.0
1013,ocgt,e_demand,2030,5,1.0,1.0,5,5,0.0
1014,ocgt,e_demand,2030,5,1.0,1.0,6,6,0.0
1015,ocgt,e_demand,2030,5,1.0,1.0,7,7,0.0
1016,ocgt,e_demand,2030,5,1.0,1.0,8,8,0.0
1017,ocgt,e_demand,2030,5,1.0,1.0,9,9,0.0
1018,ocgt,e_demand,2030,5,1.0,1.0,10,10,0.0
1019,ocgt,e_demand,2030,5,1.0,1.0,11,11,0.0
1020,ocgt,e_demand,2030,5,1.0,1.0,12,12,0.0
1021,ocgt,e_demand,2030,5,1.0,1.0,13,13,0.0
1022,ocgt,e_demand,2030,5,1.0,1.0,14,14,0.0
1023,ocgt,e_demand,2030,5,1.0,1.0,15,15,0.0
1024,ocgt,e_demand,2030,5,1.0,1.0,16,16,0.0
1025,ocgt,e_demand,2030,5,1.0,1.0,17,17,0.0
1026,ocgt,e_demand,2030,5,1.0,1.0,18,18,0.0
1027,ocgt,e_demand,2030,5,1.0,1.0,19,19,0.0
1028,ocgt,e_demand,2030,5,1.0,1.0,20,20,0.0
1029,ocgt,e_demand,2030,5,1.0,1.0,21,21,0.0
1030,ocgt,e_demand,2030,5,1.0,1.0,22,22,0.0
1031,ocgt,e_demand,2030,5,1.0,1.0,23,23,0.0
1032,ocgt,e_demand,2030,5,1.0,1.0,24,24,0.0
1033,battery,e_demand,2030,5,1.0,1.0,1,1,0.0
1034,battery,e_demand,2030,5,1.0,1.0,2,2,0.0
1035,battery,e_demand,2030,5,1.0,1.0,3,3,0.0
1036,battery,e_demand,2030,5,1.0,1.0,4,4,0.0
1037,battery,e_demand,2030,5,1.0,1.0,5,5,0.0
1038,battery,e_demand,2030,5,1.0,1.0,6,6,0.0
1039,battery,e_demand,2030,5,1.0,1.0,7,7,0.0
1040,battery,e_demand,2030,5,1.0,1.0,8,8,0.0
1041,battery,e_demand,2030,5,1.0,1.0,9,9,0.0
1042,battery,e_demand,2030,5,1.0,1.0,10,10,0.0
1043,battery,e_demand,2030,5,1.0,1.0,11,11,0.0
1044,battery,e_demand,2030,5,1.0,1.0,12,12,0.0
1045,battery,e_demand,2030,5,1.0,1.0,13,13,0.0
1046,battery,e_demand,2030,5,1.0,1.0,14,14,0.0
1047,battery,e_demand,2030,5,1.0,1.0,15,15,0.0
1048,battery,e_demand,2030,5,1.0,1.0,16,16,0.0
1049,battery,e_demand,2030,5,1.0,1.0,17,17,0.0
1050,battery,e_demand,2030,5,1.0,1.0,18,18,0.0
1051,battery,e_demand,2030,5,1.0,1.0,19,19,0.0
1052,battery,e_demand,2030,5,1.0,1.0,20,20,0.0
1053,battery,e_demand,2030,5,1.0,1.0,21,21,0.0
1054,battery,e_demand,2030,5,1.0,1.0,22,22,0.0
1055,battery,e_demand,2030,5,1.0,1.0,23,23,0.0
1056,battery,e_demand,2030,5,1.0,1.0,24,24,0.0
1057,ccgt,e_demand,2030,5,1.0,1.0,1,1,0.4155052126087799
1058,ccgt,e_demand,2030,5,1.0,1.0,2,2,0.3725815956744602
1059,ccgt,e_demand,2030,5,1.0,1.0,3,3,0.3435357853797797
1060,ccgt,e_demand,2030,5,1.0,1.0,4,4,0.3242431650903889
1061,ccgt,e_demand,2030,5,1.0,1.0,5,5,0.286418580489255
1062,ccgt,e_demand,2030,5,1.0,1.0,6,6,0.28024521584647966
1063,ccgt,e_demand,2030,5,1.0,1.0,7,7,0.3480322884661236
1064,ccgt,e_demand,2030,5,1.0,1.0,8,8,0.41233467527031703
1065,ccgt,e_demand,2030,5,1.0,1.0,9,9,0.47446493412767354
1066,ccgt,e_demand,2030,5,1.0,1.0,10,10,0.46217962095488346
1067,ccgt,e_demand,2030,5,1.0,1.0,11,11,0.3828227113193996
1068,ccgt,e_demand,2030,5,1.0,1.0,12,12,0.31491732015964885
1069,ccgt,e_demand,2030,5,1.0,1.0,13,13,0.24658362826705602
1070,ccgt,e_demand,2030,5,1.0,1.0,14,14,0.22209991611837365
1071,ccgt,e_demand,2030,5,1.0,1.0,15,15,0.18512194608445603
1072,ccgt,e_demand,2030,5,1.0,1.0,16,16,0.2323347643875198
1073,ccgt,e_demand,2030,5,1.0,1.0,17,17,0.3252879013412134
1074,ccgt,e_demand,2030,5,1.0,1.0,18,18,0.4101916345818145
1075,ccgt,e_demand,2030,5,1.0,1.0,19,19,0.5014147042009507
1076,ccgt,e_demand,2030,5,1.0,1.0,20,20,0.5395950329946345
1077,ccgt,e_demand,2030,5,1.0,1.0,21,21,0.5204348199174672
1078,ccgt,e_demand,2030,5,1.0,1.0,22,22,0.48210935819073764
1079,ccgt,e_demand,2030,5,1.0,1.0,23,23,0.35303243882012453
1080,ccgt,e_demand,2030,5,1.0,1.0,24,24,0.32751441342942245
1081,e_demand,battery,2030,5,1.0,1.0,1,1,0.0
1082,e_demand,battery,2030,5,1.0,1.0,2,2,0.0
1083,e_demand,battery,2030,5,1.0,1.0,3,3,0.0
1084,e_demand,battery,2030,5,1.0,1.0,4,4,0.0
1085,e_demand,battery,2030,5,1.0,1.0,5,5,0.0
1086,e_demand,battery,2030,5,1.0,1.0,6,6,0.0
1087,e_demand,battery,2030,5,1.0,1.0,7,7,0.0
1088,e_demand,battery,2030,5,1.0,1.0,8,8,0.0
1089,e_demand,battery,2030,5,1.0,1.0,9,9,0.0
1090,e_demand,battery,2030,5,1.0,1.0,10,10,0.0
1091,e_demand,battery,2030,5,1.0,1.0,11,11,0.0
1092,e_demand,battery,2030,5,1.0,1.0,12,12,0.0
1093,e_demand,battery,2030,5,1.0,1.0,13,13,0.0
1094,e_demand,battery,2030,5,1.0,1.0,14,14,0.0
1095,e_demand,battery,2030,5,1.0,1.0,15,15,0.0
1096,e_demand,battery,2030,5,1.0,1.0,16,16,0.0
1097,e_demand,battery,2030,5,1.0,1.0,17,17,0.0
1098,e_demand,battery,2030,5,1.0,1.0,18,18,0.0
1099,e_demand,battery,2030,5,1.0,1.0,19,19,0.0
1100,e_demand,battery,2030,5,1.0,1.0,20,20,0.0
1101,e_demand,battery,2030,5,1.0,1.0,21,21,0.0
1102,e_demand,battery,2030,5,1.0,1.0,22,22,0.0
1103,e_demand,battery,2030,5,1.0,1.0,23,23,0.0
1104,e_demand,battery,2030,5,1.0,1.0,24,24,0.0
1105,wind,e_demand,2030,5,1.0,1.0,1,1,0.29736700530912435
1106,wind,e_demand,2030,5,1.0,1.0,2,2,0.2962682739840505
1107,wind,e_demand,2030,5,1.0,1.0,3,3,0.3131507730973635
1108,wind,e_demand,2030,5,1.0,1.0,4,4,0.32794990905435023
1109,wind,e_demand,2030,5,1.0,1.0,5,5,0.34560040230296035
1110,wind,e_demand,2030,5,1.0,1.0,6,6,0.35969808478076204
1111,wind,e_demand,2030,5,1.0,1.0,7,7,0.344438086231276
1112,wind,e_demand,2030,5,1.0,1.0,8,8,0.3266589988430389
1113,wind,e_demand,2030,5,1.0,1.0,9,9,0.2999746418520929
1114,wind,e_demand,2030,5,1.0,1.0,10,10,0.27656266746950536
1115,wind,e_demand,2030,5,1.0,1.0,11,11,0.2375984916508042
1116,wind,e_demand,2030,5,1.0,1.0,12,12,0.248369403244821
1117,wind,e_demand,2030,5,1.0,1.0,13,13,0.26043418236691734
1118,wind,e_demand,2030,5,1.0,1.0,14,14,0.2737278739059096
1119,wind,e_demand,2030,5,1.0,1.0,15,15,0.28838067181740745
1120,wind,e_demand,2030,5,1.0,1.0,16,16,0.27627631404887804
1121,wind,e_demand,2030,5,1.0,1.0,17,17,0.2350369459394093
1122,wind,e_demand,2030,5,1.0,1.0,18,18,0.20013846855911954
1123,wind,e_demand,2030,5,1.0,1.0,19,19,0.1787940777685207
1124,wind,e_demand,2030,5,1.0,1.0,20,20,0.18105704665902686
1125,wind,e_demand,2030,5,1.0,1.0,21,21,0.17606647273570677
1126,wind,e_demand,2030,5,1.0,1.0,22,22,0.17486595141781536
1127,wind,e_demand,2030,5,1.0,1.0,23,23,0.2349399990618541
1128,wind,e_demand,2030,5,1.0,1.0,24,24,0.2294541398502132
1129,hydro_reservoir,e_demand,2030,5,1.0,1.0,1,1,0.0
1130,hydro_reservoir,e_demand,2030,5,1.0,1.0,2,2,0.0
1131,hydro_reservoir,e_demand,2030,5,1.0,1.0,3,3,0.0
1132,hydro_reservoir,e_demand,2030,5,1.0,1.0,4,4,0.0
1133,hydro_reservoir,e_demand,2030,5,1.0,1.0,5,5,0.0
1134,hydro_reservoir,e_demand,2030,5,1.0,1.0,6,6,0.0
1135,hydro_reservoir,e_demand,2030,5,1.0,1.0,7,7,0.0
1136,hydro_reservoir,e_demand,2030,5,1.0,1.0,8,8,0.0
1137,hydro_reservoir,e_demand,2030,5,1.0,1.0,9,9,0.0
1138,hydro_reservoir,e_demand,2030,5,1.0,1.0,10,10,0.0
1139,hydro_reservoir,e_demand,2030,5,1.0,1.0,11,11,0.0
1140,hydro_reservoir,e_demand,2030,5,1.0,1.0,12,12,0.0
1141,hydro_reservoir,e_demand,2030,5,1.0,1.0,13,13,0.0
1142,hydro_reservoir,e_demand,2030,5,1.0,1.0,14,14,0.0
1143,hydro_reservoir,e_demand,2030,5,1.0,1.0,15,15,0.0
1144,hydro_reservoir,e_demand,2030,5,1.0,1.0,16,16,0.0
1145,hydro_reservoir,e_demand,2030,5,1.0,1.0,17,17,0.0
1146,hydro_reservoir,e_demand,2030,5,1.0,1.0,18,18,0.0
1147,hydro_reservoir,e_demand,2030,5,1.0,1.0,19,19,0.0
1148,hydro_reservoir,e_demand,2030,5,1.0,1.0,20,20,0.0
1149,hydro_reservoir,e_demand,2030,5,1.0,1.0,21,21,0.0
1150,hydro_reservoir,e_demand,2030,5,1.0,1.0,22,22,0.0
1151,hydro_reservoir,e_demand,2030,5,1.0,1.0,23,23,0.0
1152,hydro_reservoir,e_demand,2030,5,1.0,1.0,24,24,0.0
1153,solar,e_demand,2030,5,1.0,1.0,1,1,0.0
1154,solar,e_demand,2030,5,1.0,1.0,2,2,0.0
1155,solar,e_demand,2030,5,1.0,1.0,3,3,0.0
1156,solar,e_demand,2030,5,1.0,1.0,4,4,0.0
1157,solar,e_demand,2030,5,1.0,1.0,5,5,0.0
1158,solar,e_demand,2030,5,1.0,1.0,6,6,0.0
1159,solar,e_demand,2030,5,1.0,1.0,7,7,0.0
1160,solar,e_demand,2030,5,1.0,1.0,8,8,0.0
1161,solar,e_demand,2030,5,1.0,1.0,9,9,0.02471335378527661
1162,solar,e_demand,2030,5,1.0,1.0,10,10,0.06272502791804287
1163,solar,e_demand,2030,5,1.0,1.0,11,11,0.09495302425831006
1164,solar,e_demand,2030,5,1.0,1.0,12,12,0.1175148399864376
1165,solar,e_demand,2030,5,1.0,1.0,13,13,0.13447495330599177
1166,solar,e_demand,2030,5,1.0,1.0,14,14,0.13033926769483917
1167,solar,e_demand,2030,5,1.0,1.0,15,15,0.10630257270229708
1168,solar,e_demand,2030,5,1.0,1.0,16,16,0.07256231117032011
1169,solar,e_demand,2030,5,1.0,1.0,17,17,0.026892731330937763
1170,solar,e_demand,2030,5,1.0,1.0,18,18,0.0
1171,solar,e_demand,2030,5,1.0,1.0,19,19,0.0
1172,solar,e_demand,2030,5,1.0,1.0,20,20,0.0
1173,solar,e_demand,2030,5,1.0,1.0,21,21,0.0
1174,solar,e_demand,2030,5,1.0,1.0,22,22,0.0
1175,solar,e_demand,2030,5,1.0,1.0,23,23,0.0
1176,solar,e_demand,2030,5,1.0,1.0,24,24,0.0
1177,hydro_reservoir,spillage,2030,5,0.0,1.0,1,1,0.0
1178,hydro_reservoir,spillage,2030,5,0.0,1.0,2,2,0.0
1179,hydro_reservoir,spillage,2030,5,0.0,1.0,3,3,0.0
1180,hydro_reservoir,spillage,2030,5,0.0,1.0,4,4,0.0
1181,hydro_reservoir,spillage,2030,5,0.0,1.0,5,5,0.0
1182,hydro_reservoir,spillage,2030,5,0.0,1.0,6,6,0.0
1183,hydro_reservoir,spillage,2030,5,0.0,1.0,7,7,0.0
1184,hydro_reservoir,spillage,2030,5,0.0,1.0,8,8,0.0
1185,hydro_reservoir,spillage,2030,5,0.0,1.0,9,9,0.0
1186,hydro_reservoir,spillage,2030,5,0.0,1.0,10,10,0.0
1187,hydro_reservoir,spillage,2030,5,0.0,1.0,11,11,0.0
1188,hydro_reservoir,spillage,2030,5,0.0,1.0,12,12,0.0
1189,hydro_reservoir,spillage,2030,5,0.0,1.0,13,13,0.0
1190,hydro_reservoir,spillage,2030,5,0.0,1.0,14,14,0.0
1191,hydro_reservoir,spillage,2030,5,0.0,1.0,15,15,0.0
1192,hydro_reservoir,spillage,2030,5,0.0,1.0,16,16,0.0
1193,hydro_reservoir,spillage,2030,5,0.0,1.0,17,17,0.0
1194,hydro_reservoir,spillage,2030,5,0.0,1.0,18,18,0.0
1195,hydro_reservoir,spillage,2030,5,0.0,1.0,19,19,0.0
1196,hydro_reservoir,spillage,2030,5,0.0,1.0,20,20,0.0
1197,hydro_reservoir,spillage,2030,5,0.0,1.0,21,21,0.0
1198,hydro_reservoir,spillage,2030,5,0.0,1.0,22,22,0.0
1199,hydro_reservoir,spillage,2030,5,0.0,1.0,23,23,0.0
1200,hydro_reservoir,spillage,2030,5,0.0,1.0,24,24,0.0
1201,ens,e_demand,2030,6,1.0,1.0,1,1,0.0
1202,ens,e_demand,2030,6,1.0,1.0,2,2,0.0
1203,ens,e_demand,2030,6,1.0,1.0,3,3,0.0
1204,ens,e_demand,2030,6,1.0,1.0,4,4,0.0
1205,ens,e_demand,2030,6,1.0,1.0,5,5,0.0
1206,ens,e_demand,2030,6,1.0,1.0,6,6,0.0
1207,ens,e_demand,2030,6,1.0,1.0,7,7,0.0
1208,ens,e_demand,2030,6,1.0,1.0,8,8,0.0
1209,ens,e_demand,2030,6,1.0,1.0,9,9,0.0
1210,ens,e_demand,2030,6,1.0,1.0,10,10,0.0
1211,ens,e_demand,2030,6,1.0,1.0,11,11,0.0
1212,ens,e_demand,2030,6,1.0,1.0,12,12,0.0
1213,ens,e_demand,2030,6,1.0,1.0,13,13,0.0
1214,ens,e_demand,2030,6,1.0,1.0,14,14,0.0
1215,ens,e_demand,2030,6,1.0,1.0,15,15,0.0
1216,ens,e_demand,2030,6,1.0,1.0,16,16,0.0
1217,ens,e_demand,2030,6,1.0,1.0,17,17,0.0
1218,ens,e_demand,2030,6,1.0,1.0,18,18,0.0
1219,ens,e_demand,2030,6,1.0,1.0,19,19,0.0
1220,ens,e_demand,2030,6,1.0,1.0,20,20,0.0
1221,ens,e_demand,2030,6,1.0,1.0,21,21,0.0
1222,ens,e_demand,2030,6,1.0,1.0,22,22,0.0
1223,ens,e_demand,2030,6,1.0,1.0,23,23,0.0
1224,ens,e_demand,2030,6,1.0,1.0,24,24,0.0
1225,wind_offshore,e_demand,2030,6,1.0,1.0,1,1,0.2921361123062741
1226,wind_offshore,e_demand,2030,6,1.0,1.0,2,2,0.28956369916630526
1227,wind_offshore,e_demand,2030,6,1.0,1.0,3,3,0.27544725683603893
1228,wind_offshore,e_demand,2030,6,1.0,1.0,4,4,0.2469676546069306
1229,wind_offshore,e_demand,2030,6,1.0,1.0,5,5,0.1928006401407623
1230,wind_offshore,e_demand,2030,6,1.0,1.0,6,6,0.15149370336629664
1231,wind_offshore,e_demand,2030,6,1.0,1.0,7,7,0.11410362495624213
1232,wind_offshore,e_demand,2030,6,1.0,1.0,8,8,0.09254108127267219
1233,wind_offshore,e_demand,2030,6,1.0,1.0,9,9,0.06541488974492339
1234,wind_offshore,e_demand,2030,6,1.0,1.0,10,10,0.03254445979140513
1235,wind_offshore,e_demand,2030,6,1.0,1.0,11,11,0.014582641513368352
1236,wind_offshore,e_demand,2030,6,1.0,1.0,12,12,0.0015541386402074982
1237,wind_offshore,e_demand,2030,6,1.0,1.0,13,13,7.584047526487078e-06
1238,wind_offshore,e_demand,2030,6,1.0,1.0,14,14,0.0
1239,wind_offshore,e_demand,2030,6,1.0,1.0,15,15,0.00010555086374699445
1240,wind_offshore,e_demand,2030,6,1.0,1.0,16,16,0.0036426398844587693
1241,wind_offshore,e_demand,2030,6,1.0,1.0,17,17,0.014359262058109
1242,wind_offshore,e_demand,2030,6,1.0,1.0,18,18,0.034049864019092706
1243,wind_offshore,e_demand,2030,6,1.0,1.0,19,19,0.08361813289730059
1244,wind_offshore,e_demand,2030,6,1.0,1.0,20,20,0.17173480105221722
1245,wind_offshore,e_demand,2030,6,1.0,1.0,21,21,0.28481287746181067
1246,wind_offshore,e_demand,2030,6,1.0,1.0,22,22,0.37502016642638164
1247,wind_offshore,e_demand,2030,6,1.0,1.0,23,23,0.396923237078145
1248,wind_offshore,e_demand,2030,6,1.0,1.0,24,24,0.39858463381285864
1249,ocgt,e_demand,2030,6,1.0,1.0,1,1,0.0
1250,ocgt,e_demand,2030,6,1.0,1.0,2,2,0.0
1251,ocgt,e_demand,2030,6,1.0,1.0,3,3,0.0
1252,ocgt,e_demand,2030,6,1.0,1.0,4,4,0.0
1253,ocgt,e_demand,2030,6,1.0,1.0,5,5,0.0
1254,ocgt,e_demand,2030,6,1.0,1.0,6,6,0.0
1255,ocgt,e_demand,2030,6,1.0,1.0,7,7,0.0
1256,ocgt,e_demand,2030,6,1.0,1.0,8,8,0.0
1257,ocgt,e_demand,2030,6,1.0,1.0,9,9,0.0
1258,ocgt,e_demand,2030,6,1.0,1.0,10,10,0.0
1259,ocgt,e_demand,2030,6,1.0,1.0,11,11,0.0
1260,ocgt,e_demand,2030,6,1.0,1.0,12,12,0.0
1261,ocgt,e_demand,2030,6,1.0,1.0,13,13,0.0
1262,ocgt,e_demand,2030,6,1.0,1.0,14,14,0.0
1263,ocgt,e_demand,2030,6,1.0,1.0,15,15,0.0
1264,ocgt,e_demand,2030,6,1.0,1.0,16,16,0.0
1265,ocgt,e_demand,2030,6,1.0,1.0,17,17,0.0
1266,ocgt,e_demand,2030,6,1.0,1.0,18,18,0.0
1267,ocgt,e_demand,2030,6,1.0,1.0,19,19,0.0
1268,ocgt,e_demand,2030,6,1.0,1.0,20,20,0.0
1269,ocgt,e_demand,2030,6,1.0,1.0,21,21,0.0
1270,ocgt,e_demand,2030,6,1.0,1.0,22,22,0.0
1271,ocgt,e_demand,2030,6,1.0,1.0,23,23,0.0
1272,ocgt,e_demand,2030,6,1.0,1.0,24,24,0.0
1273,battery,e_demand,2030,6,1.0,1.0,1,1,0.0
1274,battery,e_demand,2030,6,1.0,1.0,2,2,0.0
1275,battery,e_demand,2030,6,1.0,1.0,3,3,0.0
1276,battery,e_demand,2030,6,1.0,1.0,4,4,0.0
1277,battery,e_demand,2030,6,1.0,1.0,5,5,0.0
1278,battery,e_demand,2030,6,1.0,1.0,6,6,0.0
1279,battery,e_demand,2030,6,1.0,1.0,7,7,0.0
1280,battery,e_demand,2030,6,1.0,1.0,8,8,0.0
1281,battery,e_demand,2030,6,1.0,1.0,9,9,0.0
1282,battery,e_demand,2030,6,1.0,1.0,10,10,0.0
1283,battery,e_demand,2030,6,1.0,1.0,11,11,0.0
1284,battery,e_demand,2030,6,1.0,1.0,12,12,0.0
1285,battery,e_demand,2030,6,1.0,1.0,13,13,0.0
1286,battery,e_demand,2030,6,1.0,1.0,14,14,0.0
1287,battery,e_demand,2030,6,1.0,1.0,15,15,0.0
1288,battery,e_demand,2030,6,1.0,1.0,16,16,0.0
1289,battery,e_demand,2030,6,1.0,1.0,17,17,0.0
1290,battery,e_demand,2030,6,1.0,1.0,18,18,0.0
1291,battery,e_demand,2030,6,1.0,1.0,19,19,0.0
1292,battery,e_demand,2030,6,1.0,1.0,20,20,0.0
1293,battery,e_demand,2030,6,1.0,1.0,21,21,0.0
1294,battery,e_demand,2030,6,1.0,1.0,22,22,0.0
1295,battery,e_demand,2030,6,1.0,1.0,23,23,0.0
1296,battery,e_demand,2030,6,1.0,1.0,24,24,0.0
1297,ccgt,e_demand,2030,6,1.0,1.0,1,1,0.17391773462024404
1298,ccgt,e_demand,2030,6,1.0,1.0,2,2,0.14514253405555688
1299,ccgt,e_demand,2030,6,1.0,1.0,3,3,0.13694353074168159
1300,ccgt,e_demand,2030,6,1.0,1.0,4,4,0.14472909541061332
1301,ccgt,e_demand,2030,6,1.0,1.0,5,5,0.1851623517876529
1302,ccgt,e_demand,2030,6,1.0,1.0,6,6,0.23342348393940057
1303,ccgt,e_demand,2030,6,1.0,1.0,7,7,0.3011661288772592
1304,ccgt,e_demand,2030,6,1.0,1.0,8,8,0.35845062739512445
1305,ccgt,e_demand,2030,6,1.0,1.0,9,9,0.42188404346646124
1306,ccgt,e_demand,2030,6,1.0,1.0,10,10,0.46084121940512524
1307,ccgt,e_demand,2030,6,1.0,1.0,11,11,0.45234372925823413
1308,ccgt,e_demand,2030,6,1.0,1.0,12,12,0.4054548519363034
1309,ccgt,e_demand,2030,6,1.0,1.0,13,13,0.3826389721752065
1310,ccgt,e_demand,2030,6,1.0,1.0,14,14,0.3654571217776078
1311,ccgt,e_demand,2030,6,1.0,1.0,15,15,0.3980737627643107
1312,ccgt,e_demand,2030,6,1.0,1.0,16,16,0.44828747024625715
1313,ccgt,e_demand,2030,6,1.0,1.0,17,17,0.526270503484851
1314,ccgt,e_demand,2030,6,1.0,1.0,18,18,0.5807197279236587
1315,ccgt,e_demand,2030,6,1.0,1.0,19,19,0.5549755916677186
1316,ccgt,e_demand,2030,6,1.0,1.0,20,20,0.5021633500981846
1317,ccgt,e_demand,2030,6,1.0,1.0,21,21,0.41635012112828507
1318,ccgt,e_demand,2030,6,1.0,1.0,22,22,0.2974147734089612
1319,ccgt,e_demand,2030,6,1.0,1.0,23,23,0.2008102868460064
1320,ccgt,e_demand,2030,6,1.0,1.0,24,24,0.1395963814309363
1321,e_demand,battery,2030,6,1.0,1.0,1,1,0.0
1322,e_demand,battery,2030,6,1.0,1.0,2,2,0.0
1323,e_demand,battery,2030,6,1.0,1.0,3,3,0.0
1324,e_demand,battery,2030,6,1.0,1.0,4,4,0.0
1325,e_demand,battery,2030,6,1.0,1.0,5,5,0.0
1326,e_demand,battery,2030,6,1.0,1.0,6,6,0.0
1327,e_demand,battery,2030,6,1.0,1.0,7,7,0.0
1328,e_demand,battery,2030,6,1.0,1.0,8,8,0.0
1329,e_demand,battery,2030,6,1.0,1.0,9,9,0.0
1330,e_demand,battery,2030,6,1.0,1.0,10,10,0.0
1331,e_demand,battery,2030,6,1.0,1.0,11,11,0.0
1332,e_demand,battery,2030,6,1.0,1.0,12,12,0.0
1333,e_demand,battery,2030,6,1.0,1.0,13,13,0.0
1334,e_demand,battery,2030,6,1.0,1.0,14,14,0.0
1335,e_demand,battery,2030,6,1.0,1.0,15,15,0.0
1336,e_demand,battery,2030,6,1.0,1.0,16,16,0.0
1337,e_demand,battery,2030,6,1.0,1.0,17,17,0.0
1338,e_demand,battery,2030,6,1.0,1.0,18,18,0.0
1339,e_demand,battery,2030,6,1.0,1.0,19,19,0.0
1340,e_demand,battery,2030,6,1.0,1.0,20,20,0.0
1341,e_demand,battery,2030,6,1.0,1.0,21,21,0.0
1342,e_demand,battery,2030,6,1.0,1.0,22,22,0.0
1343,e_demand,battery,2030,6,1.0,1.0,23,23,0.0
1344,e_demand,battery,2030,6,1.0,1.0,24,24,0.0
1345,wind,e_demand,2030,6,1.0,1.0,1,1,0.22273522058188247
1346,wind,e_demand,2030,6,1.0,1.0,2,2,0.230530056186738
1347,wind,e_demand,2030,6,1.0,1.0,3,3,0.22701093309012466
1348,wind,e_demand,2030,6,1.0,1.0,4,4,0.2264848271956391
1349,wind,e_demand,2030,6,1.0,1.0,5,5,0.22508276983080722
1350,wind,e_demand,2030,6,1.0,1.0,6,6,0.2236618528523401
1351,wind,e_demand,2030,6,1.0,1.0,7,7,0.21775020876357493
1352,wind,e_demand,2030,6,1.0,1.0,8,8,0.21700869901435252
1353,wind,e_demand,2030,6,1.0,1.0,9,9,0.21276137483577184
1354,wind,e_demand,2030,6,1.0,1.0,10,10,0.20623140260062112
1355,wind,e_demand,2030,6,1.0,1.0,11,11,0.20245848604274408
1356,wind,e_demand,2030,6,1.0,1.0,12,12,0.22793660640249483
1357,wind,e_demand,2030,6,1.0,1.0,13,13,0.2467574394334288
1358,wind,e_demand,2030,6,1.0,1.0,14,14,0.2620439976201579
1359,wind,e_demand,2030,6,1.0,1.0,15,15,0.26293143061839874
1360,wind,e_demand,2030,6,1.0,1.0,16,16,0.24067746390150432
1361,wind,e_demand,2030,6,1.0,1.0,17,17,0.19985200267131126
1362,wind,e_demand,2030,6,1.0,1.0,18,18,0.1748735632672528
1363,wind,e_demand,2030,6,1.0,1.0,19,19,0.16138435289159173
1364,wind,e_demand,2030,6,1.0,1.0,20,20,0.16316175289336404
1365,wind,e_demand,2030,6,1.0,1.0,21,21,0.15446510409931205
1366,wind,e_demand,2030,6,1.0,1.0,22,22,0.15362846112054462
1367,wind,e_demand,2030,6,1.0,1.0,23,23,0.1595073475533659
1368,wind,e_demand,2030,6,1.0,1.0,24,24,0.18005021974970012
1369,hydro_reservoir,e_demand,2030,6,1.0,1.0,1,1,0.1
1370,hydro_reservoir,e_demand,2030,6,1.0,1.0,2,2,0.1
1371,hydro_reservoir,e_demand,2030,6,1.0,1.0,3,3,0.1
1372,hydro_reservoir,e_demand,2030,6,1.0,1.0,4,4,0.1
1373,hydro_reservoir,e_demand,2030,6,1.0,1.0,5,5,0.1
1374,hydro_reservoir,e_demand,2030,6,1.0,1.0,6,6,0.1
1375,hydro_reservoir,e_demand,2030,6,1.0,1.0,7,7,0.1
1376,hydro_reservoir,e_demand,2030,6,1.0,1.0,8,8,0.1
1377,hydro_reservoir,e_demand,2030,6,1.0,1.0,9,9,0.1
1378,hydro_reservoir,e_demand,2030,6,1.0,1.0,10,10,0.1
1379,hydro_reservoir,e_demand,2030,6,1.0,1.0,11,11,0.1
1380,hydro_reservoir,e_demand,2030,6,1.0,1.0,12,12,0.1
1381,hydro_reservoir,e_demand,2030,6,1.0,1.0,13,13,0.1
1382,hydro_reservoir,e_demand,2030,6,1.0,1.0,14,14,0.1
1383,hydro_reservoir,e_demand,2030,6,1.0,1.0,15,15,0.1
1384,hydro_reservoir,e_demand,2030,6,1.0,1.0,16,16,0.1
1385,hydro_reservoir,e_demand,2030,6,1.0,1.0,17,17,0.1
1386,hydro_reservoir,e_demand,2030,6,1.0,1.0,18,18,0.1
1387,hydro_reservoir,e_demand,2030,6,1.0,1.0,19,19,0.1
1388,hydro_reservoir,e_demand,2030,6,1.0,1.0,20,20,0.1
1389,hydro_reservoir,e_demand,2030,6,1.0,1.0,21,21,0.1
1390,hydro_reservoir,e_demand,2030,6,1.0,1.0,22,22,0.1
1391,hydro_reservoir,e_demand,2030,6,1.0,1.0,23,23,0.1
1392,hydro_reservoir,e_demand,2030,6,1.0,1.0,24,24,0.1
1393,solar,e_demand,2030,6,1.0,1.0,1,1,0.0
1394,solar,e_demand,2030,6,1.0,1.0,2,2,0.0
1395,solar,e_demand,2030,6,1.0,1.0,3,3,0.0
1396,solar,e_demand,2030,6,1.0,1.0,4,4,0.0
1397,solar,e_demand,2030,6,1.0,1.0,5,5,0.0
1398,solar,e_demand,2030,6,1.0,1.0,6,6,0.0
1399,solar,e_demand,2030,6,1.0,1.0,7,7,0.0
1400,solar,e_demand,2030,6,1.0,1.0,8,8,0.0
1401,solar,e_demand,2030,6,1.0,1.0,9,9,0.032887499692936036
1402,solar,e_demand,2030,6,1.0,1.0,10,10,0.08216220350858681
1403,solar,e_demand,2030,6,1.0,1.0,11,11,0.13367790930442197
1404,solar,e_demand,2030,6,1.0,1.0,12,12,0.18181488025637596
1405,solar,e_demand,2030,6,1.0,1.0,13,13,0.1978003445309998
1406,solar,e_demand,2030,6,1.0,1.0,14,14,0.1797974730135733
1407,solar,e_demand,2030,6,1.0,1.0,15,15,0.12994628500248362
1408,solar,e_demand,2030,6,1.0,1.0,16,16,0.08079077593391525
1409,solar,e_demand,2030,6,1.0,1.0,17,17,0.03167772431266038
1410,solar,e_demand,2030,6,1.0,1.0,18,18,0.0
1411,solar,e_demand,2030,6,1.0,1.0,19,19,0.0
1412,solar,e_demand,2030,6,1.0,1.0,20,20,0.0
1413,solar,e_demand,2030,6,1.0,1.0,21,21,0.0
1414,solar,e_demand,2030,6,1.0,1.0,22,22,0.0
1415,solar,e_demand,2030,6,1.0,1.0,23,23,0.0
1416,solar,e_demand,2030,6,1.0,1.0,24,24,0.0
1417,hydro_reservoir,spillage,2030,6,0.0,1.0,1,1,0.0
1418,hydro_reservoir,spillage,2030,6,0.0,1.0,2,2,0.0
1419,hydro_reservoir,spillage,2030,6,0.0,1.0,3,3,0.0
1420,hydro_reservoir,spillage,2030,6,0.0,1.0,4,4,0.0
1421,hydro_reservoir,spillage,2030,6,0.0,1.0,5,5,0.0
1422,hydro_reservoir,spillage,2030,6,0.0,1.0,6,6,0.0
1423,hydro_reservoir,spillage,2030,6,0.0,1.0,7,7,0.0
1424,hydro_reservoir,spillage,2030,6,0.0,1.0,8,8,0.0
1425,hydro_reservoir,spillage,2030,6,0.0,1.0,9,9,0.0
1426,hydro_reservoir,spillage,2030,6,0.0,1.0,10,10,0.0
1427,hydro_reservoir,spillage,2030,6,0.0,1.0,11,11,0.0
1428,hydro_reservoir,spillage,2030,6,0.0,1.0,12,12,0.0
1429,hydro_reservoir,spillage,2030,6,0.0,1.0,13,13,0.0
1430,hydro_reservoir,spillage,2030,6,0.0,1.0,14,14,0.0
1431,hydro_reservoir,spillage,2030,6,0.0,1.0,15,15,0.0
1432,hydro_reservoir,spillage,2030,6,0.0,1.0,16,16,0.0
1433,hydro_reservoir,spillage,2030,6,0.0,1.0,17,17,0.0
1434,hydro_reservoir,spillage,2030,6,0.0,1.0,18,18,0.0
1435,hydro_reservoir,spillage,2030,6,0.0,1.0,19,19,0.0
1436,hydro_reservoir,spillage,2030,6,0.0,1.0,20,20,0.0
1437,hydro_reservoir,spillage,2030,6,0.0,1.0,21,21,0.0
1438,hydro_reservoir,spillage,2030,6,0.0,1.0,22,22,0.0
1439,hydro_reservoir,spillage,2030,6,0.0,1.0,23,23,0.0
1440,hydro_reservoir,spillage,2030,6,0.0,1.0,24,24,0.0
1441,ens,e_demand,2030,7,1.0,1.0,1,1,0.0
1442,ens,e_demand,2030,7,1.0,1.0,2,2,0.0
1443,ens,e_demand,2030,7,1.0,1.0,3,3,0.0
1444,ens,e_demand,2030,7,1.0,1.0,4,4,0.0
1445,ens,e_demand,2030,7,1.0,1.0,5,5,0.0
1446,ens,e_demand,2030,7,1.0,1.0,6,6,0.0
1447,ens,e_demand,2030,7,1.0,1.0,7,7,0.0
1448,ens,e_demand,2030,7,1.0,1.0,8,8,0.0
1449,ens,e_demand,2030,7,1.0,1.0,9,9,0.0
1450,ens,e_demand,2030,7,1.0,1.0,10,10,0.0
1451,ens,e_demand,2030,7,1.0,1.0,11,11,0.0
1452,ens,e_demand,2030,7,1.0,1.0,12,12,0.0
1453,ens,e_demand,2030,7,1.0,1.0,13,13,0.0
1454,ens,e_demand,2030,7,1.0,1.0,14,14,0.0
1455,ens,e_demand,2030,7,1.0,1.0,15,15,0.0
1456,ens,e_demand,2030,7,1.0,1.0,16,16,0.0
1457,ens,e_demand,2030,7,1.0,1.0,17,17,0.0
1458,ens,e_demand,2030,7,1.0,1.0,18,18,0.0
1459,ens,e_demand,2030,7,1.0,1.0,19,19,0.0
1460,ens,e_demand,2030,7,1.0,1.0,20,20,0.0
1461,ens,e_demand,2030,7,1.0,1.0,21,21,0.0
1462,ens,e_demand,2030,7,1.0,1.0,22,22,0.0
1463,ens,e_demand,2030,7,1.0,1.0,23,23,0.0
1464,ens,e_demand,2030,7,1.0,1.0,24,24,0.0
1465,wind_offshore,e_demand,2030,7,1.0,1.0,1,1,0.02071982374171433
1466,wind_offshore,e_demand,2030,7,1.0,1.0,2,2,0.026885321232426523
1467,wind_offshore,e_demand,2030,7,1.0,1.0,3,3,0.03795103273374629
1468,wind_offshore,e_demand,2030,7,1.0,1.0,4,4,0.05398195473750688
1469,wind_offshore,e_demand,2030,7,1.0,1.0,5,5,0.09172354745768825
1470,wind_offshore,e_demand,2030,7,1.0,1.0,6,6,0.15310123963813543
1471,wind_offshore,e_demand,2030,7,1.0,1.0,7,7,0.22225216831211408
1472,wind_offshore,e_demand,2030,7,1.0,1.0,8,8,0.2880327251080714
1473,wind_offshore,e_demand,2030,7,1.0,1.0,9,9,0.2645669083806278
1474,wind_offshore,e_demand,2030,7,1.0,1.0,10,10,0.17950573909397616
1475,wind_offshore,e_demand,2030,7,1.0,1.0,11,11,0.11491902100403362
1476,wind_offshore,e_demand,2030,7,1.0,1.0,12,12,0.06564867262893381
1477,wind_offshore,e_demand,2030,7,1.0,1.0,13,13,0.11479921565293583
1478,wind_offshore,e_demand,2030,7,1.0,1.0,14,14,0.06898460317501753
1479,wind_offshore,e_demand,2030,7,1.0,1.0,15,15,0.023770465737420476
1480,wind_offshore,e_demand,2030,7,1.0,1.0,16,16,0.16206115292148182
1481,wind_offshore,e_demand,2030,7,1.0,1.0,17,17,0.17819055334684397
1482,wind_offshore,e_demand,2030,7,1.0,1.0,18,18,0.31180696293353516
1483,wind_offshore,e_demand,2030,7,1.0,1.0,19,19,0.4005886584862614
1484,wind_offshore,e_demand,2030,7,1.0,1.0,20,20,0.40101557844827773
1485,wind_offshore,e_demand,2030,7,1.0,1.0,21,21,0.39699626053278714
1486,wind_offshore,e_demand,2030,7,1.0,1.0,22,22,0.39864458638883
1487,wind_offshore,e_demand,2030,7,1.0,1.0,23,23,0.39290422519488344
1488,wind_offshore,e_demand,2030,7,1.0,1.0,24,24,0.3891000205778021
1489,ocgt,e_demand,2030,7,1.0,1.0,1,1,0.0
1490,ocgt,e_demand,2030,7,1.0,1.0,2,2,0.0
1491,ocgt,e_demand,2030,7,1.0,1.0,3,3,0.0
1492,ocgt,e_demand,2030,7,1.0,1.0,4,4,0.0
1493,ocgt,e_demand,2030,7,1.0,1.0,5,5,0.0
1494,ocgt,e_demand,2030,7,1.0,1.0,6,6,0.0
1495,ocgt,e_demand,2030,7,1.0,1.0,7,7,0.0
1496,ocgt,e_demand,2030,7,1.0,1.0,8,8,0.0
1497,ocgt,e_demand,2030,7,1.0,1.0,9,9,0.0
1498,ocgt,e_demand,2030,7,1.0,1.0,10,10,0.0
1499,ocgt,e_demand,2030,7,1.0,1.0,11,11,0.0
1500,ocgt,e_demand,2030,7,1.0,1.0,12,12,0.0
1501,ocgt,e_demand,2030,7,1.0,1.0,13,13,0.0
1502,ocgt,e_demand,2030,7,1.0,1.0,14,14,0.0
1503,ocgt,e_demand,2030,7,1.0,1.0,15,15,0.0
1504,ocgt,e_demand,2030,7,1.0,1.0,16,16,0.0
1505,ocgt,e_demand,2030,7,1.0,1.0,17,17,0.0
1506,ocgt,e_demand,2030,7,1.0,1.0,18,18,0.0
1507,ocgt,e_demand,2030,7,1.0,1.0,19,19,0.0
1508,ocgt,e_demand,2030,7,1.0,1.0,20,20,0.0
1509,ocgt,e_demand,2030,7,1.0,1.0,21,21,0.0
1510,ocgt,e_demand,2030,7,1.0,1.0,22,22,0.0
1511,ocgt,e_demand,2030,7,1.0,1.0,23,23,0.0
1512,ocgt,e_demand,2030,7,1.0,1.0,24,24,0.0
1513,battery,e_demand,2030,7,1.0,1.0,1,1,0.0
1514,battery,e_demand,2030,7,1.0,1.0,2,2,0.0
1515,battery,e_demand,2030,7,1.0,1.0,3,3,0.0
1516,battery,e_demand,2030,7,1.0,1.0,4,4,0.0
1517,battery,e_demand,2030,7,1.0,1.0,5,5,0.0
1518,battery,e_demand,2030,7,1.0,1.0,6,6,0.0
1519,battery,e_demand,2030,7,1.0,1.0,7,7,0.0
1520,battery,e_demand,2030,7,1.0,1.0,8,8,0.0
1521,battery,e_demand,2030,7,1.0,1.0,9,9,0.0
1522,battery,e_demand,2030,7,1.0,1.0,10,10,0.0
1523,battery,e_demand,2030,7,1.0,1.0,11,11,0.0
1524,battery,e_demand,2030,7,1.0,1.0,12,12,0.0
1525,battery,e_demand,2030,7,1.0,1.0,13,13,0.0
1526,battery,e_demand,2030,7,1.0,1.0,14,14,0.0
1527,battery,e_demand,2030,7,1.0,1.0,15,15,0.0
1528,battery,e_demand,2030,7,1.0,1.0,16,16,0.0
1529,battery,e_demand,2030,7,1.0,1.0,17,17,0.0
1530,battery,e_demand,2030,7,1.0,1.0,18,18,0.0
1531,battery,e_demand,2030,7,1.0,1.0,19,19,0.043810382973325956
1532,battery,e_demand,2030,7,1.0,1.0,20,20,0.013568840663320704
1533,battery,e_demand,2030,7,1.0,1.0,21,21,0.08282063810580348
1534,battery,e_demand,2030,7,1.0,1.0,22,22,0.0
1535,battery,e_demand,2030,7,1.0,1.0,23,23,0.049800138257549885
1536,battery,e_demand,2030,7,1.0,1.0,24,24,0.0
1537,ccgt,e_demand,2030,7,1.0,1.0,1,1,0.42788568476214583
1538,ccgt,e_demand,2030,7,1.0,1.0,2,2,0.42141815914513786
1539,ccgt,e_demand,2030,7,1.0,1.0,3,3,0.3970879242904413
1540,ccgt,e_demand,2030,7,1.0,1.0,4,4,0.37254046154065823
1541,ccgt,e_demand,2030,7,1.0,1.0,5,5,0.31397931084790554
1542,ccgt,e_demand,2030,7,1.0,1.0,6,6,0.25227412716638703
1543,ccgt,e_demand,2030,7,1.0,1.0,7,7,0.1586543499199613
1544,ccgt,e_demand,2030,7,1.0,1.0,8,8,0.0
1545,ccgt,e_demand,2030,7,1.0,1.0,9,9,0.0
1546,ccgt,e_demand,2030,7,1.0,1.0,10,10,0.0
1547,ccgt,e_demand,2030,7,1.0,1.0,11,11,0.0
1548,ccgt,e_demand,2030,7,1.0,1.0,12,12,0.0
1549,ccgt,e_demand,2030,7,1.0,1.0,13,13,0.0
1550,ccgt,e_demand,2030,7,1.0,1.0,14,14,0.0
1551,ccgt,e_demand,2030,7,1.0,1.0,15,15,0.0
1552,ccgt,e_demand,2030,7,1.0,1.0,16,16,0.0
1553,ccgt,e_demand,2030,7,1.0,1.0,17,17,0.0
1554,ccgt,e_demand,2030,7,1.0,1.0,18,18,0.0
1555,ccgt,e_demand,2030,7,1.0,1.0,19,19,0.0
1556,ccgt,e_demand,2030,7,1.0,1.0,20,20,0.0
1557,ccgt,e_demand,2030,7,1.0,1.0,21,21,0.04322550055983082
1558,ccgt,e_demand,2030,7,1.0,1.0,22,22,0.0
1559,ccgt,e_demand,2030,7,1.0,1.0,23,23,0.02317781397411217
1560,ccgt,e_demand,2030,7,1.0,1.0,24,24,0.0
1561,e_demand,battery,2030,7,1.0,1.0,1,1,0.0
1562,e_demand,battery,2030,7,1.0,1.0,2,2,0.0
1563,e_demand,battery,2030,7,1.0,1.0,3,3,0.0
1564,e_demand,battery,2030,7,1.0,1.0,4,4,0.0
1565,e_demand,battery,2030,7,1.0,1.0,5,5,0.0
1566,e_demand,battery,2030,7,1.0,1.0,6,6,0.0
1567,e_demand,battery,2030,7,1.0,1.0,7,7,0.0
1568,e_demand,battery,2030,7,1.0,1.0,8,8,0.0
1569,e_demand,battery,2030,7,1.0,1.0,9,9,0.0
1570,e_demand,battery,2030,7,1.0,1.0,10,10,0.0
1571,e_demand,battery,2030,7,1.0,1.0,11,11,0.0
1572,e_demand,battery,2030,7,1.0,1.0,12,12,0.0
1573,e_demand,battery,2030,7,1.0,1.0,13,13,0.08282063810580348
1574,e_demand,battery,2030,7,1.0,1.0,14,14,0.04488503957786675
1575,e_demand,battery,2030,7,1.0,1.0,15,15,0.0
1576,e_demand,battery,2030,7,1.0,1.0,16,16,0.08282063810580348
1577,e_demand,battery,2030,7,1.0,1.0,17,17,0.0
1578,e_demand,battery,2030,7,1.0,1.0,18,18,0.0
1579,e_demand,battery,2030,7,1.0,1.0,19,19,0.0
1580,e_demand,battery,2030,7,1.0,1.0,20,20,0.0
1581,e_demand,battery,2030,7,1.0,1.0,21,21,0.0
1582,e_demand,battery,2030,7,1.0,1.0,22,22,0.0
1583,e_demand,battery,2030,7,1.0,1.0,23,23,0.0
1584,e_demand,battery,2030,7,1.0,1.0,24,24,0.0
1585,wind,e_demand,2030,7,1.0,1.0,1,1,0.1434338493247418
1586,wind,e_demand,2030,7,1.0,1.0,2,2,0.13612074057361295
1587,wind,e_demand,2030,7,1.0,1.0,3,3,0.12699691268971752
1588,wind,e_demand,2030,7,1.0,1.0,4,4,0.12156899456090509
1589,wind,e_demand,2030,7,1.0,1.0,5,5,0.12351741783409559
1590,wind,e_demand,2030,7,1.0,1.0,6,6,0.12604938915204306
1591,wind,e_demand,2030,7,1.0,1.0,7,7,0.1251798148855823
1592,wind,e_demand,2030,7,1.0,1.0,8,8,0.13229420659256863
1593,wind,e_demand,2030,7,1.0,1.0,9,9,0.13830474088031086
1594,wind,e_demand,2030,7,1.0,1.0,10,10,0.14730368467294092
1595,wind,e_demand,2030,7,1.0,1.0,11,11,0.1354894055425178
1596,wind,e_demand,2030,7,1.0,1.0,12,12,0.14114445999882894
1597,wind,e_demand,2030,7,1.0,1.0,13,13,0.14660119524425133
1598,wind,e_demand,2030,7,1.0,1.0,14,14,0.1528025199572671
1599,wind,e_demand,2030,7,1.0,1.0,15,15,0.16330350474964514
1600,wind,e_demand,2030,7,1.0,1.0,16,16,0.17484411366332187
1601,wind,e_demand,2030,7,1.0,1.0,17,17,0.18859900680157865
1602,wind,e_demand,2030,7,1.0,1.0,18,18,0.207280245808679
1603,wind,e_demand,2030,7,1.0,1.0,19,19,0.22096363894971402
1604,wind,e_demand,2030,7,1.0,1.0,20,20,0.2416464426558315
1605,wind,e_demand,2030,7,1.0,1.0,21,21,0.2533560560022521
1606,wind,e_demand,2030,7,1.0,1.0,22,22,0.24822563345521156
1607,wind,e_demand,2030,7,1.0,1.0,23,23,0.2335376830259851
1608,wind,e_demand,2030,7,1.0,1.0,24,24,0.21486336209144205
1609,hydro_reservoir,e_demand,2030,7,1.0,1.0,1,1,0.1
1610,hydro_reservoir,e_demand,2030,7,1.0,1.0,2,2,0.1
1611,hydro_reservoir,e_demand,2030,7,1.0,1.0,3,3,0.1
1612,hydro_reservoir,e_demand,2030,7,1.0,1.0,4,4,0.1
1613,hydro_reservoir,e_demand,2030,7,1.0,1.0,5,5,0.1
1614,hydro_reservoir,e_demand,2030,7,1.0,1.0,6,6,0.1
1615,hydro_reservoir,e_demand,2030,7,1.0,1.0,7,7,0.1
1616,hydro_reservoir,e_demand,2030,7,1.0,1.0,8,8,0.08299118480732895
1617,hydro_reservoir,e_demand,2030,7,1.0,1.0,9,9,0.0
1618,hydro_reservoir,e_demand,2030,7,1.0,1.0,10,10,0.0
1619,hydro_reservoir,e_demand,2030,7,1.0,1.0,11,11,0.0
1620,hydro_reservoir,e_demand,2030,7,1.0,1.0,12,12,0.0
1621,hydro_reservoir,e_demand,2030,7,1.0,1.0,13,13,0.0
1622,hydro_reservoir,e_demand,2030,7,1.0,1.0,14,14,0.0
1623,hydro_reservoir,e_demand,2030,7,1.0,1.0,15,15,0.0
1624,hydro_reservoir,e_demand,2030,7,1.0,1.0,16,16,0.0
1625,hydro_reservoir,e_demand,2030,7,1.0,1.0,17,17,0.0
1626,hydro_reservoir,e_demand,2030,7,1.0,1.0,18,18,0.0
1627,hydro_reservoir,e_demand,2030,7,1.0,1.0,19,19,0.0
1628,hydro_reservoir,e_demand,2030,7,1.0,1.0,20,20,0.1
1629,hydro_reservoir,e_demand,2030,7,1.0,1.0,21,21,0.0
1630,hydro_reservoir,e_demand,2030,7,1.0,1.0,22,22,0.09868513424726946
1631,hydro_reservoir,e_demand,2030,7,1.0,1.0,23,23,0.0
1632,hydro_reservoir,e_demand,2030,7,1.0,1.0,24,24,0.08525993142312258
1633,solar,e_demand,2030,7,1.0,1.0,1,1,0.0
1634,solar,e_demand,2030,7,1.0,1.0,2,2,0.0
1635,solar,e_demand,2030,7,1.0,1.0,3,3,0.0
1636,solar,e_demand,2030,7,1.0,1.0,4,4,0.0
1637,solar,e_demand,2030,7,1.0,1.0,5,5,0.0
1638,solar,e_demand,2030,7,1.0,1.0,6,6,0.00029878043787738334
1639,solar,e_demand,2030,7,1.0,1.0,7,7,0.027204947782330752
1640,solar,e_demand,2030,7,1.0,1.0,8,8,0.15057312202255393
1641,solar,e_demand,2030,7,1.0,1.0,9,9,0.29418361721786146
1642,solar,e_demand,2030,7,1.0,1.0,10,10,0.41156930963530447
1643,solar,e_demand,2030,7,1.0,1.0,11,11,0.4962651614718976
1644,solar,e_demand,2030,7,1.0,1.0,12,12,0.5497491237748835
1645,solar,e_demand,2030,7,1.0,1.0,13,13,0.5721880984391271
1646,solar,e_demand,2030,7,1.0,1.0,14,14,0.5632059100750872
1647,solar,e_demand,2030,7,1.0,1.0,15,15,0.5320229454057925
1648,solar,e_demand,2030,7,1.0,1.0,16,16,0.457536796388088
1649,solar,e_demand,2030,7,1.0,1.0,17,17,0.3409627174226262
1650,solar,e_demand,2030,7,1.0,1.0,18,18,0.19667179134241972
1651,solar,e_demand,2030,7,1.0,1.0,19,19,0.058589574515829995
1652,solar,e_demand,2030,7,1.0,1.0,20,20,0.0008813739462171501
1653,solar,e_demand,2030,7,1.0,1.0,21,21,0.0
1654,solar,e_demand,2030,7,1.0,1.0,22,22,0.0
1655,solar,e_demand,2030,7,1.0,1.0,23,23,0.0
1656,solar,e_demand,2030,7,1.0,1.0,24,24,0.0
1657,hydro_reservoir,spillage,2030,7,0.0,1.0,1,1,0.0
1658,hydro_reservoir,spillage,2030,7,0.0,1.0,2,2,0.0
1659,hydro_reservoir,spillage,2030,7,0.0,1.0,3,3,0.0
1660,hydro_reservoir,spillage,2030,7,0.0,1.0,4,4,0.0
1661,hydro_reservoir,spillage,2030,7,0.0,1.0,5,5,0.0
1662,hydro_reservoir,spillage,2030,7,0.0,1.0,6,6,0.0
1663,hydro_reservoir,spillage,2030,7,0.0,1.0,7,7,0.0
1664,hydro_reservoir,spillage,2030,7,0.0,1.0,8,8,0.0
1665,hydro_reservoir,spillage,2030,7,0.0,1.0,9,9,0.0
1666,hydro_reservoir,spillage,2030,7,0.0,1.0,10,10,0.0
1667,hydro_reservoir,spillage,2030,7,0.0,1.0,11,11,0.0
1668,hydro_reservoir,spillage,2030,7,0.0,1.0,12,12,0.0
1669,hydro_reservoir,spillage,2030,7,0.0,1.0,13,13,0.0
1670,hydro_reservoir,spillage,2030,7,0.0,1.0,14,14,0.0
1671,hydro_reservoir,spillage,2030,7,0.0,1.0,15,15,0.0
1672,hydro_reservoir,spillage,2030,7,0.0,1.0,16,16,0.0
1673,hydro_reservoir,spillage,2030,7,0.0,1.0,17,17,0.0
1674,hydro_reservoir,spillage,2030,7,0.0,1.0,18,18,0.0
1675,hydro_reservoir,spillage,2030,7,0.0,1.0,19,19,0.0
1676,hydro_reservoir,spillage,2030,7,0.0,1.0,20,20,0.0
1677,hydro_reservoir,spillage,2030,7,0.0,1.0,21,21,0.0
1678,hydro_reservoir,spillage,2030,7,0.0,1.0,22,22,0.0
1679,hydro_reservoir,spillage,2030,7,0.0,1.0,23,23,0.0
1680,hydro_reservoir,spillage,2030,7,0.0,1.0,24,24,0.0
1681,ens,e_demand,2030,8,1.0,1.0,1,1,0.0
1682,ens,e_demand,2030,8,1.0,1.0,2,2,0.0
1683,ens,e_demand,2030,8,1.0,1.0,3,3,0.0
1684,ens,e_demand,2030,8,1.0,1.0,4,4,0.0
1685,ens,e_demand,2030,8,1.0,1.0,5,5,0.0
1686,ens,e_demand,2030,8,1.0,1.0,6,6,0.0
1687,ens,e_demand,2030,8,1.0,1.0,7,7,0.0
1688,ens,e_demand,2030,8,1.0,1.0,8,8,0.0
1689,ens,e_demand,2030,8,1.0,1.0,9,9,0.0
1690,ens,e_demand,2030,8,1.0,1.0,10,10,0.0
1691,ens,e_demand,2030,8,1.0,1.0,11,11,0.0
1692,ens,e_demand,2030,8,1.0,1.0,12,12,0.0
1693,ens,e_demand,2030,8,1.0,1.0,13,13,0.0
1694,ens,e_demand,2030,8,1.0,1.0,14,14,0.0
1695,ens,e_demand,2030,8,1.0,1.0,15,15,0.0
1696,ens,e_demand,2030,8,1.0,1.0,16,16,0.0
1697,ens,e_demand,2030,8,1.0,1.0,17,17,0.0
1698,ens,e_demand,2030,8,1.0,1.0,18,18,0.0
1699,ens,e_demand,2030,8,1.0,1.0,19,19,0.0
1700,ens,e_demand,2030,8,1.0,1.0,20,20,0.0
1701,ens,e_demand,2030,8,1.0,1.0,21,21,0.0
1702,ens,e_demand,2030,8,1.0,1.0,22,22,0.0
1703,ens,e_demand,2030,8,1.0,1.0,23,23,0.0
1704,ens,e_demand,2030,8,1.0,1.0,24,24,0.0
1705,wind_offshore,e_demand,2030,8,1.0,1.0,1,1,0.29286278831167434
1706,wind_offshore,e_demand,2030,8,1.0,1.0,2,2,0.25948468110861883
1707,wind_offshore,e_demand,2030,8,1.0,1.0,3,3,0.2684388425311995
1708,wind_offshore,e_demand,2030,8,1.0,1.0,4,4,0.22600002660306845
1709,wind_offshore,e_demand,2030,8,1.0,1.0,5,5,0.20547136266634414
1710,wind_offshore,e_demand,2030,8,1.0,1.0,6,6,0.21000034344532542
1711,wind_offshore,e_demand,2030,8,1.0,1.0,7,7,0.22057510184743917
1712,wind_offshore,e_demand,2030,8,1.0,1.0,8,8,0.27131370633373253
1713,wind_offshore,e_demand,2030,8,1.0,1.0,9,9,0.3131251077991626
1714,wind_offshore,e_demand,2030,8,1.0,1.0,10,10,0.33984041723054575
1715,wind_offshore,e_demand,2030,8,1.0,1.0,11,11,0.3155688296689024
1716,wind_offshore,e_demand,2030,8,1.0,1.0,12,12,0.28526166333780045
1717,wind_offshore,e_demand,2030,8,1.0,1.0,13,13,0.27610857443256187
1718,wind_offshore,e_demand,2030,8,1.0,1.0,14,14,0.24769284053324292
1719,wind_offshore,e_demand,2030,8,1.0,1.0,15,15,0.3459726341625679
1720,wind_offshore,e_demand,2030,8,1.0,1.0,16,16,0.295379685360123
1721,wind_offshore,e_demand,2030,8,1.0,1.0,17,17,0.31861970106338144
1722,wind_offshore,e_demand,2030,8,1.0,1.0,18,18,0.38022288831233664
1723,wind_offshore,e_demand,2030,8,1.0,1.0,19,19,0.3879471359372872
1724,wind_offshore,e_demand,2030,8,1.0,1.0,20,20,0.3871836825055136
1725,wind_offshore,e_demand,2030,8,1.0,1.0,21,21,0.39110672963847515
1726,wind_offshore,e_demand,2030,8,1.0,1.0,22,22,0.3852540074147254
1727,wind_offshore,e_demand,2030,8,1.0,1.0,23,23,0.32603724868845013
1728,wind_offshore,e_demand,2030,8,1.0,1.0,24,24,0.3103551942256593
1729,ocgt,e_demand,2030,8,1.0,1.0,1,1,0.0
1730,ocgt,e_demand,2030,8,1.0,1.0,2,2,0.0
1731,ocgt,e_demand,2030,8,1.0,1.0,3,3,0.0
1732,ocgt,e_demand,2030,8,1.0,1.0,4,4,0.0
1733,ocgt,e_demand,2030,8,1.0,1.0,5,5,0.0
1734,ocgt,e_demand,2030,8,1.0,1.0,6,6,0.0
1735,ocgt,e_demand,2030,8,1.0,1.0,7,7,0.0
1736,ocgt,e_demand,2030,8,1.0,1.0,8,8,0.0
1737,ocgt,e_demand,2030,8,1.0,1.0,9,9,0.0
1738,ocgt,e_demand,2030,8,1.0,1.0,10,10,0.0
1739,ocgt,e_demand,2030,8,1.0,1.0,11,11,0.0
1740,ocgt,e_demand,2030,8,1.0,1.0,12,12,0.0
1741,ocgt,e_demand,2030,8,1.0,1.0,13,13,0.0
1742,ocgt,e_demand,2030,8,1.0,1.0,14,14,0.0
1743,ocgt,e_demand,2030,8,1.0,1.0,15,15,0.0
1744,ocgt,e_demand,2030,8,1.0,1.0,16,16,0.0
1745,ocgt,e_demand,2030,8,1.0,1.0,17,17,0.0
1746,ocgt,e_demand,2030,8,1.0,1.0,18,18,0.0
1747,ocgt,e_demand,2030,8,1.0,1.0,19,19,0.0
1748,ocgt,e_demand,2030,8,1.0,1.0,20,20,0.0
1749,ocgt,e_demand,2030,8,1.0,1.0,21,21,0.0
1750,ocgt,e_demand,2030,8,1.0,1.0,22,22,0.0
1751,ocgt,e_demand,2030,8,1.0,1.0,23,23,0.0
1752,ocgt,e_demand,2030,8,1.0,1.0,24,24,0.0
1753,battery,e_demand,2030,8,1.0,1.0,1,1,0.0
1754,battery,e_demand,2030,8,1.0,1.0,2,2,0.0
1755,battery,e_demand,2030,8,1.0,1.0,3,3,0.0
1756,battery,e_demand,2030,8,1.0,1.0,4,4,0.0
1757,battery,e_demand,2030,8,1.0,1.0,5,5,0.0
1758,battery,e_demand,2030,8,1.0,1.0,6,6,0.0
1759,battery,e_demand,2030,8,1.0,1.0,7,7,0.0
1760,battery,e_demand,2030,8,1.0,1.0,8,8,0.0
1761,battery,e_demand,2030,8,1.0,1.0,9,9,0.0
1762,battery,e_demand,2030,8,1.0,1.0,10,10,0.0
1763,battery,e_demand,2030,8,1.0,1.0,11,11,0.0
1764,battery,e_demand,2030,8,1.0,1.0,12,12,0.0
1765,battery,e_demand,2030,8,1.0,1.0,13,13,0.0
1766,battery,e_demand,2030,8,1.0,1.0,14,14,0.0
1767,battery,e_demand,2030,8,1.0,1.0,15,15,0.0
1768,battery,e_demand,2030,8,1.0,1.0,16,16,0.0
1769,battery,e_demand,2030,8,1.0,1.0,17,17,0.0
1770,battery,e_demand,2030,8,1.0,1.0,18,18,0.0
1771,battery,e_demand,2030,8,1.0,1.0,19,19,0.025570270596869005
1772,battery,e_demand,2030,8,1.0,1.0,20,20,0.03981671154793742
1773,battery,e_demand,2030,8,1.0,1.0,21,21,0.022728338332342057
1774,battery,e_demand,2030,8,1.0,1.0,22,22,0.004555433303977396
1775,battery,e_demand,2030,8,1.0,1.0,23,23,0.0
1776,battery,e_demand,2030,8,1.0,1.0,24,24,0.0
1777,ccgt,e_demand,2030,8,1.0,1.0,1,1,0.0
1778,ccgt,e_demand,2030,8,1.0,1.0,2,2,0.0
1779,ccgt,e_demand,2030,8,1.0,1.0,3,3,0.0
1780,ccgt,e_demand,2030,8,1.0,1.0,4,4,0.0
1781,ccgt,e_demand,2030,8,1.0,1.0,5,5,0.0
1782,ccgt,e_demand,2030,8,1.0,1.0,6,6,0.0
1783,ccgt,e_demand,2030,8,1.0,1.0,7,7,0.0
1784,ccgt,e_demand,2030,8,1.0,1.0,8,8,0.0
1785,ccgt,e_demand,2030,8,1.0,1.0,9,9,0.0
1786,ccgt,e_demand,2030,8,1.0,1.0,10,10,0.0
1787,ccgt,e_demand,2030,8,1.0,1.0,11,11,0.0
1788,ccgt,e_demand,2030,8,1.0,1.0,12,12,0.0
1789,ccgt,e_demand,2030,8,1.0,1.0,13,13,0.0
1790,ccgt,e_demand,2030,8,1.0,1.0,14,14,0.0
1791,ccgt,e_demand,2030,8,1.0,1.0,15,15,0.0
1792,ccgt,e_demand,2030,8,1.0,1.0,16,16,0.0
1793,ccgt,e_demand,2030,8,1.0,1.0,17,17,0.0
1794,ccgt,e_demand,2030,8,1.0,1.0,18,18,0.0
1795,ccgt,e_demand,2030,8,1.0,1.0,19,19,0.0
1796,ccgt,e_demand,2030,8,1.0,1.0,20,20,0.0
1797,ccgt,e_demand,2030,8,1.0,1.0,21,21,0.0
1798,ccgt,e_demand,2030,8,1.0,1.0,22,22,0.0
1799,ccgt,e_demand,2030,8,1.0,1.0,23,23,0.0
1800,ccgt,e_demand,2030,8,1.0,1.0,24,24,0.0
1801,e_demand,battery,2030,8,1.0,1.0,1,1,0.0
1802,e_demand,battery,2030,8,1.0,1.0,2,2,0.0
1803,e_demand,battery,2030,8,1.0,1.0,3,3,0.019861637551953727
1804,e_demand,battery,2030,8,1.0,1.0,4,4,0.0
1805,e_demand,battery,2030,8,1.0,1.0,5,5,0.0
1806,e_demand,battery,2030,8,1.0,1.0,6,6,0.0
1807,e_demand,battery,2030,8,1.0,1.0,7,7,0.0
1808,e_demand,battery,2030,8,1.0,1.0,8,8,0.0
1809,e_demand,battery,2030,8,1.0,1.0,9,9,0.0
1810,e_demand,battery,2030,8,1.0,1.0,10,10,0.0
1811,e_demand,battery,2030,8,1.0,1.0,11,11,0.0
1812,e_demand,battery,2030,8,1.0,1.0,12,12,0.0
1813,e_demand,battery,2030,8,1.0,1.0,13,13,0.0
1814,e_demand,battery,2030,8,1.0,1.0,14,14,0.0
1815,e_demand,battery,2030,8,1.0,1.0,15,15,0.08282063810580348
1816,e_demand,battery,2030,8,1.0,1.0,16,16,0.0
1817,e_demand,battery,2030,8,1.0,1.0,17,17,0.0
1818,e_demand,battery,2030,8,1.0,1.0,18,18,0.0
1819,e_demand,battery,2030,8,1.0,1.0,19,19,0.0
1820,e_demand,battery,2030,8,1.0,1.0,20,20,0.0
1821,e_demand,battery,2030,8,1.0,1.0,21,21,0.0
1822,e_demand,battery,2030,8,1.0,1.0,22,22,0.0
1823,e_demand,battery,2030,8,1.0,1.0,23,23,0.0
1824,e_demand,battery,2030,8,1.0,1.0,24,24,0.0
1825,wind,e_demand,2030,8,1.0,1.0,1,1,0.41412432567746704
1826,wind,e_demand,2030,8,1.0,1.0,2,2,0.42858725366325773
1827,wind,e_demand,2030,8,1.0,1.0,3,3,0.427589422611306
1828,wind,e_demand,2030,8,1.0,1.0,4,4,0.4401080867760578
1829,wind,e_demand,2030,8,1.0,1.0,5,5,0.4422682697195651
1830,wind,e_demand,2030,8,1.0,1.0,6,6,0.44317757673040475
1831,wind,e_demand,2030,8,1.0,1.0,7,7,0.4352832320545296
1832,wind,e_demand,2030,8,1.0,1.0,8,8,0.42676442020260685
1833,wind,e_demand,2030,8,1.0,1.0,9,9,0.42220388915794266
1834,wind,e_demand,2030,8,1.0,1.0,10,10,0.4186590505966371
1835,wind,e_demand,2030,8,1.0,1.0,11,11,0.4068124151667734
1836,wind,e_demand,2030,8,1.0,1.0,12,12,0.4057925150816999
1837,wind,e_demand,2030,8,1.0,1.0,13,13,0.4161687504173221
1838,wind,e_demand,2030,8,1.0,1.0,14,14,0.44348837790258666
1839,wind,e_demand,2030,8,1.0,1.0,15,15,0.45764835277715715
1840,wind,e_demand,2030,8,1.0,1.0,16,16,0.46253845479211275
1841,wind,e_demand,2030,8,1.0,1.0,17,17,0.46474730708008066
1842,wind,e_demand,2030,8,1.0,1.0,18,18,0.4484321328603129
1843,wind,e_demand,2030,8,1.0,1.0,19,19,0.44953550806250736
1844,wind,e_demand,2030,8,1.0,1.0,20,20,0.4648777864168341
1845,wind,e_demand,2030,8,1.0,1.0,21,21,0.473945374268852
1846,wind,e_demand,2030,8,1.0,1.0,22,22,0.4632016032343876
1847,wind,e_demand,2030,8,1.0,1.0,23,23,0.45977769660856654
1848,wind,e_demand,2030,8,1.0,1.0,24,24,0.45375332089063053
1849,hydro_reservoir,e_demand,2030,8,1.0,1.0,1,1,0.0
1850,hydro_reservoir,e_demand,2030,8,1.0,1.0,2,2,0.0
1851,hydro_reservoir,e_demand,2030,8,1.0,1.0,3,3,0.0
1852,hydro_reservoir,e_demand,2030,8,1.0,1.0,4,4,0.0
1853,hydro_reservoir,e_demand,2030,8,1.0,1.0,5,5,0.0
1854,hydro_reservoir,e_demand,2030,8,1.0,1.0,6,6,0.0
1855,hydro_reservoir,e_demand,2030,8,1.0,1.0,7,7,0.0
1856,hydro_reservoir,e_demand,2030,8,1.0,1.0,8,8,0.0
1857,hydro_reservoir,e_demand,2030,8,1.0,1.0,9,9,0.0
1858,hydro_reservoir,e_demand,2030,8,1.0,1.0,10,10,0.0
1859,hydro_reservoir,e_demand,2030,8,1.0,1.0,11,11,0.0
1860,hydro_reservoir,e_demand,2030,8,1.0,1.0,12,12,0.0
1861,hydro_reservoir,e_demand,2030,8,1.0,1.0,13,13,0.0
1862,hydro_reservoir,e_demand,2030,8,1.0,1.0,14,14,0.0
1863,hydro_reservoir,e_demand,2030,8,1.0,1.0,15,15,0.0
1864,hydro_reservoir,e_demand,2030,8,1.0,1.0,16,16,0.0
1865,hydro_reservoir,e_demand,2030,8,1.0,1.0,17,17,0.0
1866,hydro_reservoir,e_demand,2030,8,1.0,1.0,18,18,0.0
1867,hydro_reservoir,e_demand,2030,8,1.0,1.0,19,19,0.0
1868,hydro_reservoir,e_demand,2030,8,1.0,1.0,20,20,0.0
1869,hydro_reservoir,e_demand,2030,8,1.0,1.0,21,21,0.0
1870,hydro_reservoir,e_demand,2030,8,1.0,1.0,22,22,0.0
1871,hydro_reservoir,e_demand,2030,8,1.0,1.0,23,23,0.0
1872,hydro_reservoir,e_demand,2030,8,1.0,1.0,24,24,0.0
1873,solar,e_demand,2030,8,1.0,1.0,1,1,0.0
1874,solar,e_demand,2030,8,1.0,1.0,2,2,0.0
1875,solar,e_demand,2030,8,1.0,1.0,3,3,0.0
1876,solar,e_demand,2030,8,1.0,1.0,4,4,0.0
1877,solar,e_demand,2030,8,1.0,1.0,5,5,0.0
1878,solar,e_demand,2030,8,1.0,1.0,6,6,0.0
1879,solar,e_demand,2030,8,1.0,1.0,7,7,0.0
1880,solar,e_demand,2030,8,1.0,1.0,8,8,0.0
1881,solar,e_demand,2030,8,1.0,1.0,9,9,0.007380852529352319
1882,solar,e_demand,2030,8,1.0,1.0,10,10,0.03958993776371626
1883,solar,e_demand,2030,8,1.0,1.0,11,11,0.09300667426306265
1884,solar,e_demand,2030,8,1.0,1.0,12,12,0.136115658515673
1885,solar,e_demand,2030,8,1.0,1.0,13,13,0.15028299053320318
1886,solar,e_demand,2030,8,1.0,1.0,14,14,0.13381117692730637
1887,solar,e_demand,2030,8,1.0,1.0,15,15,0.09330690852595148
1888,solar,e_demand,2030,8,1.0,1.0,16,16,0.05167103673469969
1889,solar,e_demand,2030,8,1.0,1.0,17,17,0.018029326675345007
1890,solar,e_demand,2030,8,1.0,1.0,18,18,0.0
1891,solar,e_demand,2030,8,1.0,1.0,19,19,0.0
1892,solar,e_demand,2030,8,1.0,1.0,20,20,0.0
1893,solar,e_demand,2030,8,1.0,1.0,21,21,0.0
1894,solar,e_demand,2030,8,1.0,1.0,22,22,0.0
1895,solar,e_demand,2030,8,1.0,1.0,23,23,0.0
1896,solar,e_demand,2030,8,1.0,1.0,24,24,0.0
1897,hydro_reservoir,spillage,2030,8,0.0,1.0,1,1,0.0
1898,hydro_reservoir,spillage,2030,8,0.0,1.0,2,2,0.0
1899,hydro_reservoir,spillage,2030,8,0.0,1.0,3,3,0.0
1900,hydro_reservoir,spillage,2030,8,0.0,1.0,4,4,0.0
1901,hydro_reservoir,spillage,2030,8,0.0,1.0,5,5,0.0
1902,hydro_reservoir,spillage,2030,8,0.0,1.0,6,6,0.0
1903,hydro_reservoir,spillage,2030,8,0.0,1.0,7,7,0.0
1904,hydro_reservoir,spillage,2030,8,0.0,1.0,8,8,0.0
1905,hydro_reservoir,spillage,2030,8,0.0,1.0,9,9,0.0
1906,hydro_reservoir,spillage,2030,8,0.0,1.0,10,10,0.0
1907,hydro_reservoir,spillage,2030,8,0.0,1.0,11,11,0.0
1908,hydro_reservoir,spillage,2030,8,0.0,1.0,12,12,0.0
1909,hydro_reservoir,spillage,2030,8,0.0,1.0,13,13,0.0
1910,hydro_reservoir,spillage,2030,8,0.0,1.0,14,14,0.0
1911,hydro_reservoir,spillage,2030,8,0.0,1.0,15,15,0.0
1912,hydro_reservoir,spillage,2030,8,0.0,1.0,16,16,0.0
1913,hydro_reservoir,spillage,2030,8,0.0,1.0,17,17,0.0
1914,hydro_reservoir,spillage,2030,8,0.0,1.0,18,18,0.0
1915,hydro_reservoir,spillage,2030,8,0.0,1.0,19,19,0.0
1916,hydro_reservoir,spillage,2030,8,0.0,1.0,20,20,0.0
1917,hydro_reservoir,spillage,2030,8,0.0,1.0,21,21,0.0
1918,hydro_reservoir,spillage,2030,8,0.0,1.0,22,22,0.0
1919,hydro_reservoir,spillage,2030,8,0.0,1.0,23,23,0.0
1920,hydro_reservoir,spillage,2030,8,0.0,1.0,24,24,0.0
1921,ens,e_demand,2030,9,1.0,1.0,1,1,0.0
1922,ens,e_demand,2030,9,1.0,1.0,2,2,0.0
1923,ens,e_demand,2030,9,1.0,1.0,3,3,0.0
1924,ens,e_demand,2030,9,1.0,1.0,4,4,0.0
1925,ens,e_demand,2030,9,1.0,1.0,5,5,0.0
1926,ens,e_demand,2030,9,1.0,1.0,6,6,0.0
1927,ens,e_demand,2030,9,1.0,1.0,7,7,0.0
1928,ens,e_demand,2030,9,1.0,1.0,8,8,0.0
1929,ens,e_demand,2030,9,1.0,1.0,9,9,0.0
1930,ens,e_demand,2030,9,1.0,1.0,10,10,0.0
1931,ens,e_demand,2030,9,1.0,1.0,11,11,0.0
1932,ens,e_demand,2030,9,1.0,1.0,12,12,0.0
1933,ens,e_demand,2030,9,1.0,1.0,13,13,0.0
1934,ens,e_demand,2030,9,1.0,1.0,14,14,0.0
1935,ens,e_demand,2030,9,1.0,1.0,15,15,0.0
1936,ens,e_demand,2030,9,1.0,1.0,16,16,0.0
1937,ens,e_demand,2030,9,1.0,1.0,17,17,0.0
1938,ens,e_demand,2030,9,1.0,1.0,18,18,0.0
1939,ens,e_demand,2030,9,1.0,1.0,19,19,0.0
1940,ens,e_demand,2030,9,1.0,1.0,20,20,0.0
1941,ens,e_demand,2030,9,1.0,1.0,21,21,0.0
1942,ens,e_demand,2030,9,1.0,1.0,22,22,0.0
1943,ens,e_demand,2030,9,1.0,1.0,23,23,0.0
1944,ens,e_demand,2030,9,1.0,1.0,24,24,0.0
1945,wind_offshore,e_demand,2030,9,1.0,1.0,1,1,0.3591891827113614
1946,wind_offshore,e_demand,2030,9,1.0,1.0,2,2,0.30650136882145396
1947,wind_offshore,e_demand,2030,9,1.0,1.0,3,3,0.19058978303709462
1948,wind_offshore,e_demand,2030,9,1.0,1.0,4,4,0.08344769738946534
1949,wind_offshore,e_demand,2030,9,1.0,1.0,5,5,0.03806874941867297
1950,wind_offshore,e_demand,2030,9,1.0,1.0,6,6,0.02286538586882761
1951,wind_offshore,e_demand,2030,9,1.0,1.0,7,7,0.03967380042005164
1952,wind_offshore,e_demand,2030,9,1.0,1.0,8,8,0.04996213190317691
1953,wind_offshore,e_demand,2030,9,1.0,1.0,9,9,0.02573404246737097
1954,wind_offshore,e_demand,2030,9,1.0,1.0,10,10,0.004755985561433959
1955,wind_offshore,e_demand,2030,9,1.0,1.0,11,11,0.0021766571034687516
1956,wind_offshore,e_demand,2030,9,1.0,1.0,12,12,4.919659646464591e-05
1957,wind_offshore,e_demand,2030,9,1.0,1.0,13,13,0.0
1958,wind_offshore,e_demand,2030,9,1.0,1.0,14,14,0.0
1959,wind_offshore,e_demand,2030,9,1.0,1.0,15,15,0.0
1960,wind_offshore,e_demand,2030,9,1.0,1.0,16,16,0.00035473889289325077
1961,wind_offshore,e_demand,2030,9,1.0,1.0,17,17,0.00010564597775059018
1962,wind_offshore,e_demand,2030,9,1.0,1.0,18,18,0.001693766287881609
1963,wind_offshore,e_demand,2030,9,1.0,1.0,19,19,0.0049645008147893846
1964,wind_offshore,e_demand,2030,9,1.0,1.0,20,20,0.011313883518631019
1965,wind_offshore,e_demand,2030,9,1.0,1.0,21,21,0.013158917575285627
1966,wind_offshore,e_demand,2030,9,1.0,1.0,22,22,0.029535029736125314
1967,wind_offshore,e_demand,2030,9,1.0,1.0,23,23,0.07064127073092456
1968,wind_offshore,e_demand,2030,9,1.0,1.0,24,24,0.09641053899611586
1969,ocgt,e_demand,2030,9,1.0,1.0,1,1,0.0
1970,ocgt,e_demand,2030,9,1.0,1.0,2,2,0.0
1971,ocgt,e_demand,2030,9,1.0,1.0,3,3,0.0
1972,ocgt,e_demand,2030,9,1.0,1.0,4,4,0.0
1973,ocgt,e_demand,2030,9,1.0,1.0,5,5,0.0
1974,ocgt,e_demand,2030,9,1.0,1.0,6,6,0.0
1975,ocgt,e_demand,2030,9,1.0,1.0,7,7,0.0
1976,ocgt,e_demand,2030,9,1.0,1.0,8,8,0.0
1977,ocgt,e_demand,2030,9,1.0,1.0,9,9,0.0
1978,ocgt,e_demand,2030,9,1.0,1.0,10,10,0.0
1979,ocgt,e_demand,2030,9,1.0,1.0,11,11,0.0
1980,ocgt,e_demand,2030,9,1.0,1.0,12,12,0.0
1981,ocgt,e_demand,2030,9,1.0,1.0,13,13,0.0
1982,ocgt,e_demand,2030,9,1.0,1.0,14,14,0.0
1983,ocgt,e_demand,2030,9,1.0,1.0,15,15,0.0
1984,ocgt,e_demand,2030,9,1.0,1.0,16,16,0.0
1985,ocgt,e_demand,2030,9,1.0,1.0,17,17,0.0
1986,ocgt,e_demand,2030,9,1.0,1.0,18,18,0.0
1987,ocgt,e_demand,2030,9,1.0,1.0,19,19,0.0
1988,ocgt,e_demand,2030,9,1.0,1.0,20,20,0.0
1989,ocgt,e_demand,2030,9,1.0,1.0,21,21,0.0
1990,ocgt,e_demand,2030,9,1.0,1.0,22,22,0.0
1991,ocgt,e_demand,2030,9,1.0,1.0,23,23,0.0
1992,ocgt,e_demand,2030,9,1.0,1.0,24,24,0.0
1993,battery,e_demand,2030,9,1.0,1.0,1,1,0.0
1994,battery,e_demand,2030,9,1.0,1.0,2,2,0.0
1995,battery,e_demand,2030,9,1.0,1.0,3,3,0.0
1996,battery,e_demand,2030,9,1.0,1.0,4,4,0.0
1997,battery,e_demand,2030,9,1.0,1.0,5,5,0.0
1998,battery,e_demand,2030,9,1.0,1.0,6,6,0.0
1999,battery,e_demand,2030,9,1.0,1.0,7,7,0.0
2000,battery,e_demand,2030,9,1.0,1.0,8,8,0.0
2001,battery,e_demand,2030,9,1.0,1.0,9,9,0.0
2002,battery,e_demand,2030,9,1.0,1.0,10,10,0.0
2003,battery,e_demand,2030,9,1.0,1.0,11,11,0.0
2004,battery,e_demand,2030,9,1.0,1.0,12,12,0.0
2005,battery,e_demand,2030,9,1.0,1.0,13,13,0.0
2006,battery,e_demand,2030,9,1.0,1.0,14,14,0.0
2007,battery,e_demand,2030,9,1.0,1.0,15,15,0.0
2008,battery,e_demand,2030,9,1.0,1.0,16,16,0.0
2009,battery,e_demand,2030,9,1.0,1.0,17,17,0.0
2010,battery,e_demand,2030,9,1.0,1.0,18,18,0.0
2011,battery,e_demand,2030,9,1.0,1.0,19,19,0.0
2012,battery,e_demand,2030,9,1.0,1.0,20,20,0.0
2013,battery,e_demand,2030,9,1.0,1.0,21,21,0.0
2014,battery,e_demand,2030,9,1.0,1.0,22,22,0.0
2015,battery,e_demand,2030,9,1.0,1.0,23,23,0.0
2016,battery,e_demand,2030,9,1.0,1.0,24,24,0.0
2017,ccgt,e_demand,2030,9,1.0,1.0,1,1,0.042703799761469596
2018,ccgt,e_demand,2030,9,1.0,1.0,2,2,0.08202785190370315
2019,ccgt,e_demand,2030,9,1.0,1.0,3,3,0.08950357438628076
2020,ccgt,e_demand,2030,9,1.0,1.0,4,4,0.19993106285419043
2021,ccgt,e_demand,2030,9,1.0,1.0,5,5,0.2714999196511303
2022,ccgt,e_demand,2030,9,1.0,1.0,6,6,0.3490202193697173
2023,ccgt,e_demand,2030,9,1.0,1.0,7,7,0.44397603880236214
2024,ccgt,e_demand,2030,9,1.0,1.0,8,8,0.5276938933046861
2025,ccgt,e_demand,2030,9,1.0,1.0,9,9,0.5914511069301155
2026,ccgt,e_demand,2030,9,1.0,1.0,10,10,0.5949816244694652
2027,ccgt,e_demand,2030,9,1.0,1.0,11,11,0.5931273145376799
2028,ccgt,e_demand,2030,9,1.0,1.0,12,12,0.5284479923350636
2029,ccgt,e_demand,2030,9,1.0,1.0,13,13,0.48554197217086603
2030,ccgt,e_demand,2030,9,1.0,1.0,14,14,0.4709766944266449
2031,ccgt,e_demand,2030,9,1.0,1.0,15,15,0.4837916923510235
2032,ccgt,e_demand,2030,9,1.0,1.0,16,16,0.509768829699793
2033,ccgt,e_demand,2030,9,1.0,1.0,17,17,0.5625178866457249
2034,ccgt,e_demand,2030,9,1.0,1.0,18,18,0.6571695428734212
2035,ccgt,e_demand,2030,9,1.0,1.0,19,19,0.7224779480691731
2036,ccgt,e_demand,2030,9,1.0,1.0,20,20,0.7512436115609249
2037,ccgt,e_demand,2030,9,1.0,1.0,21,21,0.7376424176163447
2038,ccgt,e_demand,2030,9,1.0,1.0,22,22,0.6653027149099832
2039,ccgt,e_demand,2030,9,1.0,1.0,23,23,0.5519167597228029
2040,ccgt,e_demand,2030,9,1.0,1.0,24,24,0.5087213757231741
2041,e_demand,battery,2030,9,1.0,1.0,1,1,0.0
2042,e_demand,battery,2030,9,1.0,1.0,2,2,0.0
2043,e_demand,battery,2030,9,1.0,1.0,3,3,0.0
2044,e_demand,battery,2030,9,1.0,1.0,4,4,0.0
2045,e_demand,battery,2030,9,1.0,1.0,5,5,0.0
2046,e_demand,battery,2030,9,1.0,1.0,6,6,0.0
2047,e_demand,battery,2030,9,1.0,1.0,7,7,0.0
2048,e_demand,battery,2030,9,1.0,1.0,8,8,0.0
2049,e_demand,battery,2030,9,1.0,1.0,9,9,0.0
2050,e_demand,battery,2030,9,1.0,1.0,10,10,0.0
2051,e_demand,battery,2030,9,1.0,1.0,11,11,0.0
2052,e_demand,battery,2030,9,1.0,1.0,12,12,0.0
2053,e_demand,battery,2030,9,1.0,1.0,13,13,0.0
2054,e_demand,battery,2030,9,1.0,1.0,14,14,0.0
2055,e_demand,battery,2030,9,1.0,1.0,15,15,0.0
2056,e_demand,battery,2030,9,1.0,1.0,16,16,0.0
2057,e_demand,battery,2030,9,1.0,1.0,17,17,0.0
2058,e_demand,battery,2030,9,1.0,1.0,18,18,0.0
2059,e_demand,battery,2030,9,1.0,1.0,19,19,0.0
2060,e_demand,battery,2030,9,1.0,1.0,20,20,0.0
2061,e_demand,battery,2030,9,1.0,1.0,21,21,0.0
2062,e_demand,battery,2030,9,1.0,1.0,22,22,0.0
2063,e_demand,battery,2030,9,1.0,1.0,23,23,0.0
2064,e_demand,battery,2030,9,1.0,1.0,24,24,0.0
2065,wind,e_demand,2030,9,1.0,1.0,1,1,0.36907437797411735
2066,wind,e_demand,2030,9,1.0,1.0,2,2,0.36472463856979337
2067,wind,e_demand,2030,9,1.0,1.0,3,3,0.3529136170055195
2068,wind,e_demand,2030,9,1.0,1.0,4,4,0.335795552146337
2069,wind,e_demand,2030,9,1.0,1.0,5,5,0.32135095624889387
2070,wind,e_demand,2030,9,1.0,1.0,6,6,0.2997743967059967
2071,wind,e_demand,2030,9,1.0,1.0,7,7,0.2660735527182848
2072,wind,e_demand,2030,9,1.0,1.0,8,8,0.24146115438952545
2073,wind,e_demand,2030,9,1.0,1.0,9,9,0.22619658527763242
2074,wind,e_demand,2030,9,1.0,1.0,10,10,0.22478955186097418
2075,wind,e_demand,2030,9,1.0,1.0,11,11,0.21512414687820466
2076,wind,e_demand,2030,9,1.0,1.0,12,12,0.23273304703054543
2077,wind,e_demand,2030,9,1.0,1.0,13,13,0.24616394382694265
2078,wind,e_demand,2030,9,1.0,1.0,14,14,0.22758709085109166
2079,wind,e_demand,2030,9,1.0,1.0,15,15,0.2133743888007443
2080,wind,e_demand,2030,9,1.0,1.0,16,16,0.20026630104328616
2081,wind,e_demand,2030,9,1.0,1.0,17,17,0.18881299485518427
2082,wind,e_demand,2030,9,1.0,1.0,18,18,0.1702199153592559
2083,wind,e_demand,2030,9,1.0,1.0,19,19,0.162449965762705
2084,wind,e_demand,2030,9,1.0,1.0,20,20,0.15980029301731513
2085,wind,e_demand,2030,9,1.0,1.0,21,21,0.14999789926864568
2086,wind,e_demand,2030,9,1.0,1.0,22,22,0.13507975736524544
2087,wind,e_demand,2030,9,1.0,1.0,23,23,0.12633909332185814
2088,wind,e_demand,2030,9,1.0,1.0,24,24,0.12100114060370601
2089,hydro_reservoir,e_demand,2030,9,1.0,1.0,1,1,0.0
2090,hydro_reservoir,e_demand,2030,9,1.0,1.0,2,2,0.0
2091,hydro_reservoir,e_demand,2030,9,1.0,1.0,3,3,0.1
2092,hydro_reservoir,e_demand,2030,9,1.0,1.0,4,4,0.1
2093,hydro_reservoir,e_demand,2030,9,1.0,1.0,5,5,0.1
2094,hydro_reservoir,e_demand,2030,9,1.0,1.0,6,6,0.1
2095,hydro_reservoir,e_demand,2030,9,1.0,1.0,7,7,0.1
2096,hydro_reservoir,e_demand,2030,9,1.0,1.0,8,8,0.1
2097,hydro_reservoir,e_demand,2030,9,1.0,1.0,9,9,0.1
2098,hydro_reservoir,e_demand,2030,9,1.0,1.0,10,10,0.1
2099,hydro_reservoir,e_demand,2030,9,1.0,1.0,11,11,0.1
2100,hydro_reservoir,e_demand,2030,9,1.0,1.0,12,12,0.1
2101,hydro_reservoir,e_demand,2030,9,1.0,1.0,13,13,0.1
2102,hydro_reservoir,e_demand,2030,9,1.0,1.0,14,14,0.1
2103,hydro_reservoir,e_demand,2030,9,1.0,1.0,15,15,0.1
2104,hydro_reservoir,e_demand,2030,9,1.0,1.0,16,16,0.1
2105,hydro_reservoir,e_demand,2030,9,1.0,1.0,17,17,0.1
2106,hydro_reservoir,e_demand,2030,9,1.0,1.0,18,18,0.1
2107,hydro_reservoir,e_demand,2030,9,1.0,1.0,19,19,0.1
2108,hydro_reservoir,e_demand,2030,9,1.0,1.0,20,20,0.1
2109,hydro_reservoir,e_demand,2030,9,1.0,1.0,21,21,0.1
2110,hydro_reservoir,e_demand,2030,9,1.0,1.0,22,22,0.1
2111,hydro_reservoir,e_demand,2030,9,1.0,1.0,23,23,0.1
2112,hydro_reservoir,e_demand,2030,9,1.0,1.0,24,24,0.1
2113,solar,e_demand,2030,9,1.0,1.0,1,1,0.0
2114,solar,e_demand,2030,9,1.0,1.0,2,2,0.0
2115,solar,e_demand,2030,9,1.0,1.0,3,3,0.0
2116,solar,e_demand,2030,9,1.0,1.0,4,4,0.0
2117,solar,e_demand,2030,9,1.0,1.0,5,5,0.0
2118,solar,e_demand,2030,9,1.0,1.0,6,6,0.0
2119,solar,e_demand,2030,9,1.0,1.0,7,7,0.0
2120,solar,e_demand,2030,9,1.0,1.0,8,8,0.0
2121,solar,e_demand,2030,9,1.0,1.0,9,9,0.02057831914547436
2122,solar,e_demand,2030,9,1.0,1.0,10,10,0.06681781090954801
2123,solar,e_demand,2030,9,1.0,1.0,11,11,0.11055410180533268
2124,solar,e_demand,2030,9,1.0,1.0,12,12,0.14689624357277448
2125,solar,e_demand,2030,9,1.0,1.0,13,13,0.1614619186473731
2126,solar,e_demand,2030,9,1.0,1.0,14,14,0.15313051488117582
2127,solar,e_demand,2030,9,1.0,1.0,15,15,0.14204656598325924
2128,solar,e_demand,2030,9,1.0,1.0,16,16,0.11855992819450274
2129,solar,e_demand,2030,9,1.0,1.0,17,17,0.07644940018701449
2130,solar,e_demand,2030,9,1.0,1.0,18,18,0.02238790939762673
2131,solar,e_demand,2030,9,1.0,1.0,19,19,0.0
2132,solar,e_demand,2030,9,1.0,1.0,20,20,0.0
2133,solar,e_demand,2030,9,1.0,1.0,21,21,0.0
2134,solar,e_demand,2030,9,1.0,1.0,22,22,0.0
2135,solar,e_demand,2030,9,1.0,1.0,23,23,0.0
2136,solar,e_demand,2030,9,1.0,1.0,24,24,0.0
2137,hydro_reservoir,spillage,2030,9,0.0,1.0,1,1,0.0
2138,hydro_reservoir,spillage,2030,9,0.0,1.0,2,2,0.0
2139,hydro_reservoir,spillage,2030,9,0.0,1.0,3,3,0.0
2140,hydro_reservoir,spillage,2030,9,0.0,1.0,4,4,0.0
2141,hydro_reservoir,spillage,2030,9,0.0,1.0,5,5,0.0
2142,hydro_reservoir,spillage,2030,9,0.0,1.0,6,6,0.0
2143,hydro_reservoir,spillage,2030,9,0.0,1.0,7,7,0.0
2144,hydro_reservoir,spillage,2030,9,0.0,1.0,8,8,0.0
2145,hydro_reservoir,spillage,2030,9,0.0,1.0,9,9,0.0
2146,hydro_reservoir,spillage,2030,9,0.0,1.0,10,10,0.0
2147,hydro_reservoir,spillage,2030,9,0.0,1.0,11,11,0.0
2148,hydro_reservoir,spillage,2030,9,0.0,1.0,12,12,0.0
2149,hydro_reservoir,spillage,2030,9,0.0,1.0,13,13,0.0
2150,hydro_reservoir,spillage,2030,9,0.0,1.0,14,14,0.0
2151,hydro_reservoir,spillage,2030,9,0.0,1.0,15,15,0.0
2152,hydro_reservoir,spillage,2030,9,0.0,1.0,16,16,0.0
2153,hydro_reservoir,spillage,2030,9,0.0,1.0,17,17,0.0
2154,hydro_reservoir,spillage,2030,9,0.0,1.0,18,18,0.0
2155,hydro_reservoir,spillage,2030,9,0.0,1.0,19,19,0.0
2156,hydro_reservoir,spillage,2030,9,0.0,1.0,20,20,0.0
2157,hydro_reservoir,spillage,2030,9,0.0,1.0,21,21,0.0
2158,hydro_reservoir,spillage,2030,9,0.0,1.0,22,22,0.0
2159,hydro_reservoir,spillage,2030,9,0.0,1.0,23,23,0.0
2160,hydro_reservoir,spillage,2030,9,0.0,1.0,24,24,0.0
2161,ens,e_demand,2030,10,1.0,1.0,1,1,0.0
2162,ens,e_demand,2030,10,1.0,1.0,2,2,0.0
2163,ens,e_demand,2030,10,1.0,1.0,3,3,0.0
2164,ens,e_demand,2030,10,1.0,1.0,4,4,0.0
2165,ens,e_demand,2030,10,1.0,1.0,5,5,0.0
2166,ens,e_demand,2030,10,1.0,1.0,6,6,0.0
2167,ens,e_demand,2030,10,1.0,1.0,7,7,0.0
2168,ens,e_demand,2030,10,1.0,1.0,8,8,0.0
2169,ens,e_demand,2030,10,1.0,1.0,9,9,0.0
2170,ens,e_demand,2030,10,1.0,1.0,10,10,0.0
2171,ens,e_demand,2030,10,1.0,1.0,11,11,0.0
2172,ens,e_demand,2030,10,1.0,1.0,12,12,0.0
2173,ens,e_demand,2030,10,1.0,1.0,13,13,0.0
2174,ens,e_demand,2030,10,1.0,1.0,14,14,0.0
2175,ens,e_demand,2030,10,1.0,1.0,15,15,0.0
2176,ens,e_demand,2030,10,1.0,1.0,16,16,0.0
2177,ens,e_demand,2030,10,1.0,1.0,17,17,0.0
2178,ens,e_demand,2030,10,1.0,1.0,18,18,0.0
2179,ens,e_demand,2030,10,1.0,1.0,19,19,0.0
2180,ens,e_demand,2030,10,1.0,1.0,20,20,0.0
2181,ens,e_demand,2030,10,1.0,1.0,21,21,0.0
2182,ens,e_demand,2030,10,1.0,1.0,22,22,0.0
2183,ens,e_demand,2030,10,1.0,1.0,23,23,0.0
2184,ens,e_demand,2030,10,1.0,1.0,24,24,0.0
2185,wind_offshore,e_demand,2030,10,1.0,1.0,1,1,0.3704617403038263
2186,wind_offshore,e_demand,2030,10,1.0,1.0,2,2,0.36851819607855124
2187,wind_offshore,e_demand,2030,10,1.0,1.0,3,3,0.3821818953841671
2188,wind_offshore,e_demand,2030,10,1.0,1.0,4,4,0.38864215590191814
2189,wind_offshore,e_demand,2030,10,1.0,1.0,5,5,0.38926499771121825
2190,wind_offshore,e_demand,2030,10,1.0,1.0,6,6,0.3938786971501603
2191,wind_offshore,e_demand,2030,10,1.0,1.0,7,7,0.39158338165060386
2192,wind_offshore,e_demand,2030,10,1.0,1.0,8,8,0.3840901253644443
2193,wind_offshore,e_demand,2030,10,1.0,1.0,9,9,0.3823263743383737
2194,wind_offshore,e_demand,2030,10,1.0,1.0,10,10,0.3796440004751256
2195,wind_offshore,e_demand,2030,10,1.0,1.0,11,11,0.37924179260951124
2196,wind_offshore,e_demand,2030,10,1.0,1.0,12,12,0.37208153873482996
2197,wind_offshore,e_demand,2030,10,1.0,1.0,13,13,0.36837510616475955
2198,wind_offshore,e_demand,2030,10,1.0,1.0,14,14,0.36625797265164484
2199,wind_offshore,e_demand,2030,10,1.0,1.0,15,15,0.26046228854603487
2200,wind_offshore,e_demand,2030,10,1.0,1.0,16,16,0.05006717156056091
2201,wind_offshore,e_demand,2030,10,1.0,1.0,17,17,0.006510694089269486
2202,wind_offshore,e_demand,2030,10,1.0,1.0,18,18,0.02426902007488524
2203,wind_offshore,e_demand,2030,10,1.0,1.0,19,19,0.04356507332966195
2204,wind_offshore,e_demand,2030,10,1.0,1.0,20,20,0.04789973375895437
2205,wind_offshore,e_demand,2030,10,1.0,1.0,21,21,0.04365429840166567
2206,wind_offshore,e_demand,2030,10,1.0,1.0,22,22,0.03900124175470093
2207,wind_offshore,e_demand,2030,10,1.0,1.0,23,23,0.03924131747949993
2208,wind_offshore,e_demand,2030,10,1.0,1.0,24,24,0.029843548142907416
2209,ocgt,e_demand,2030,10,1.0,1.0,1,1,0.0
2210,ocgt,e_demand,2030,10,1.0,1.0,2,2,0.0
2211,ocgt,e_demand,2030,10,1.0,1.0,3,3,0.0
2212,ocgt,e_demand,2030,10,1.0,1.0,4,4,0.0
2213,ocgt,e_demand,2030,10,1.0,1.0,5,5,0.0
2214,ocgt,e_demand,2030,10,1.0,1.0,6,6,0.0
2215,ocgt,e_demand,2030,10,1.0,1.0,7,7,0.0
2216,ocgt,e_demand,2030,10,1.0,1.0,8,8,0.0
2217,ocgt,e_demand,2030,10,1.0,1.0,9,9,0.0
2218,ocgt,e_demand,2030,10,1.0,1.0,10,10,0.0
2219,ocgt,e_demand,2030,10,1.0,1.0,11,11,0.0
2220,ocgt,e_demand,2030,10,1.0,1.0,12,12,0.0
2221,ocgt,e_demand,2030,10,1.0,1.0,13,13,0.0
2222,ocgt,e_demand,2030,10,1.0,1.0,14,14,0.0
2223,ocgt,e_demand,2030,10,1.0,1.0,15,15,0.0
2224,ocgt,e_demand,2030,10,1.0,1.0,16,16,0.0
2225,ocgt,e_demand,2030,10,1.0,1.0,17,17,0.0
2226,ocgt,e_demand,2030,10,1.0,1.0,18,18,0.0
2227,ocgt,e_demand,2030,10,1.0,1.0,19,19,0.0
2228,ocgt,e_demand,2030,10,1.0,1.0,20,20,0.0
2229,ocgt,e_demand,2030,10,1.0,1.0,21,21,0.0
2230,ocgt,e_demand,2030,10,1.0,1.0,22,22,0.0
2231,ocgt,e_demand,2030,10,1.0,1.0,23,23,0.0
2232,ocgt,e_demand,2030,10,1.0,1.0,24,24,0.0
2233,battery,e_demand,2030,10,1.0,1.0,1,1,0.0
2234,battery,e_demand,2030,10,1.0,1.0,2,2,0.0
2235,battery,e_demand,2030,10,1.0,1.0,3,3,0.0
2236,battery,e_demand,2030,10,1.0,1.0,4,4,0.0
2237,battery,e_demand,2030,10,1.0,1.0,5,5,0.0
2238,battery,e_demand,2030,10,1.0,1.0,6,6,0.0
2239,battery,e_demand,2030,10,1.0,1.0,7,7,0.0
2240,battery,e_demand,2030,10,1.0,1.0,8,8,0.0
2241,battery,e_demand,2030,10,1.0,1.0,9,9,0.0
2242,battery,e_demand,2030,10,1.0,1.0,10,10,0.0
2243,battery,e_demand,2030,10,1.0,1.0,11,11,0.0
2244,battery,e_demand,2030,10,1.0,1.0,12,12,0.0
2245,battery,e_demand,2030,10,1.0,1.0,13,13,0.0
2246,battery,e_demand,2030,10,1.0,1.0,14,14,0.0
2247,battery,e_demand,2030,10,1.0,1.0,15,15,0.0
2248,battery,e_demand,2030,10,1.0,1.0,16,16,0.0
2249,battery,e_demand,2030,10,1.0,1.0,17,17,0.0
2250,battery,e_demand,2030,10,1.0,1.0,18,18,0.0
2251,battery,e_demand,2030,10,1.0,1.0,19,19,0.0
2252,battery,e_demand,2030,10,1.0,1.0,20,20,0.08282063810580348
2253,battery,e_demand,2030,10,1.0,1.0,21,21,0.0
2254,battery,e_demand,2030,10,1.0,1.0,22,22,0.0
2255,battery,e_demand,2030,10,1.0,1.0,23,23,0.0
2256,battery,e_demand,2030,10,1.0,1.0,24,24,0.048971713230811405
2257,ccgt,e_demand,2030,10,1.0,1.0,1,1,0.2769474830955477
2258,ccgt,e_demand,2030,10,1.0,1.0,2,2,0.25503072872268256
2259,ccgt,e_demand,2030,10,1.0,1.0,3,3,0.2239085624132432
2260,ccgt,e_demand,2030,10,1.0,1.0,4,4,0.20660972280564635
2261,ccgt,e_demand,2030,10,1.0,1.0,5,5,0.20931845015656805
2262,ccgt,e_demand,2030,10,1.0,1.0,6,6,0.2419715118896344
2263,ccgt,e_demand,2030,10,1.0,1.0,7,7,0.29696074693701074
2264,ccgt,e_demand,2030,10,1.0,1.0,8,8,0.3672917256325162
2265,ccgt,e_demand,2030,10,1.0,1.0,9,9,0.3264247456523166
2266,ccgt,e_demand,2030,10,1.0,1.0,10,10,0.21631259410801523
2267,ccgt,e_demand,2030,10,1.0,1.0,11,11,0.1124757099913608
2268,ccgt,e_demand,2030,10,1.0,1.0,12,12,0.009451643696979206
2269,ccgt,e_demand,2030,10,1.0,1.0,13,13,0.0
2270,ccgt,e_demand,2030,10,1.0,1.0,14,14,0.0
2271,ccgt,e_demand,2030,10,1.0,1.0,15,15,0.05258662656938051
2272,ccgt,e_demand,2030,10,1.0,1.0,16,16,0.3605394935706371
2273,ccgt,e_demand,2030,10,1.0,1.0,17,17,0.5499476493202478
2274,ccgt,e_demand,2030,10,1.0,1.0,18,18,0.7139362941227612
2275,ccgt,e_demand,2030,10,1.0,1.0,19,19,0.8063833257293217
2276,ccgt,e_demand,2030,10,1.0,1.0,20,20,0.7704024770827537
2277,ccgt,e_demand,2030,10,1.0,1.0,21,21,0.8532592799505546
2278,ccgt,e_demand,2030,10,1.0,1.0,22,22,0.8018102100891915
2279,ccgt,e_demand,2030,10,1.0,1.0,23,23,0.6945658286707016
2280,ccgt,e_demand,2030,10,1.0,1.0,24,24,0.6307120921182756
2281,e_demand,battery,2030,10,1.0,1.0,1,1,0.0
2282,e_demand,battery,2030,10,1.0,1.0,2,2,0.0
2283,e_demand,battery,2030,10,1.0,1.0,3,3,0.0
2284,e_demand,battery,2030,10,1.0,1.0,4,4,0.0
2285,e_demand,battery,2030,10,1.0,1.0,5,5,0.0
2286,e_demand,battery,2030,10,1.0,1.0,6,6,0.0
2287,e_demand,battery,2030,10,1.0,1.0,7,7,0.0
2288,e_demand,battery,2030,10,1.0,1.0,8,8,0.0
2289,e_demand,battery,2030,10,1.0,1.0,9,9,0.0
2290,e_demand,battery,2030,10,1.0,1.0,10,10,0.0
2291,e_demand,battery,2030,10,1.0,1.0,11,11,0.0
2292,e_demand,battery,2030,10,1.0,1.0,12,12,0.0
2293,e_demand,battery,2030,10,1.0,1.0,13,13,0.06320966808435152
2294,e_demand,battery,2030,10,1.0,1.0,14,14,0.08282063810580348
2295,e_demand,battery,2030,10,1.0,1.0,15,15,0.0
2296,e_demand,battery,2030,10,1.0,1.0,16,16,0.0
2297,e_demand,battery,2030,10,1.0,1.0,17,17,0.0
2298,e_demand,battery,2030,10,1.0,1.0,18,18,0.0
2299,e_demand,battery,2030,10,1.0,1.0,19,19,0.0
2300,e_demand,battery,2030,10,1.0,1.0,20,20,0.0
2301,e_demand,battery,2030,10,1.0,1.0,21,21,0.0
2302,e_demand,battery,2030,10,1.0,1.0,22,22,0.0
2303,e_demand,battery,2030,10,1.0,1.0,23,23,0.0
2304,e_demand,battery,2030,10,1.0,1.0,24,24,0.0
2305,wind,e_demand,2030,10,1.0,1.0,1,1,0.09899209866592266
2306,wind,e_demand,2030,10,1.0,1.0,2,2,0.10193697621725474
2307,wind,e_demand,2030,10,1.0,1.0,3,3,0.10151820032786125
2308,wind,e_demand,2030,10,1.0,1.0,4,4,0.10123361675648265
2309,wind,e_demand,2030,10,1.0,1.0,5,5,0.09828675622911984
2310,wind,e_demand,2030,10,1.0,1.0,6,6,0.09756394657396499
2311,wind,e_demand,2030,10,1.0,1.0,7,7,0.10177450220023965
2312,wind,e_demand,2030,10,1.0,1.0,8,8,0.10275378494464403
2313,wind,e_demand,2030,10,1.0,1.0,9,9,0.10676027627329787
2314,wind,e_demand,2030,10,1.0,1.0,10,10,0.1105070827260251
2315,wind,e_demand,2030,10,1.0,1.0,11,11,0.11072278112469733
2316,wind,e_demand,2030,10,1.0,1.0,12,12,0.11899705619651227
2317,wind,e_demand,2030,10,1.0,1.0,13,13,0.12987016018162117
2318,wind,e_demand,2030,10,1.0,1.0,14,14,0.14056392718024716
2319,wind,e_demand,2030,10,1.0,1.0,15,15,0.14421755424992663
2320,wind,e_demand,2030,10,1.0,1.0,16,16,0.13804860166633165
2321,wind,e_demand,2030,10,1.0,1.0,17,17,0.12167709821661607
2322,wind,e_demand,2030,10,1.0,1.0,18,18,0.1072551432405952
2323,wind,e_demand,2030,10,1.0,1.0,19,19,0.09922808795355818
2324,wind,e_demand,2030,10,1.0,1.0,20,20,0.09569241338941693
2325,wind,e_demand,2030,10,1.0,1.0,21,21,0.09535980920324628
2326,wind,e_demand,2030,10,1.0,1.0,22,22,0.0980143599206189
2327,wind,e_demand,2030,10,1.0,1.0,23,23,0.12989947321481343
2328,wind,e_demand,2030,10,1.0,1.0,24,24,0.1327964562343088
2329,hydro_reservoir,e_demand,2030,10,1.0,1.0,1,1,0.0
2330,hydro_reservoir,e_demand,2030,10,1.0,1.0,2,2,0.0
2331,hydro_reservoir,e_demand,2030,10,1.0,1.0,3,3,0.0
2332,hydro_reservoir,e_demand,2030,10,1.0,1.0,4,4,0.0
2333,hydro_reservoir,e_demand,2030,10,1.0,1.0,5,5,0.0
2334,hydro_reservoir,e_demand,2030,10,1.0,1.0,6,6,0.0
2335,hydro_reservoir,e_demand,2030,10,1.0,1.0,7,7,0.0
2336,hydro_reservoir,e_demand,2030,10,1.0,1.0,8,8,0.0
2337,hydro_reservoir,e_demand,2030,10,1.0,1.0,9,9,0.0
2338,hydro_reservoir,e_demand,2030,10,1.0,1.0,10,10,0.0
2339,hydro_reservoir,e_demand,2030,10,1.0,1.0,11,11,0.0
2340,hydro_reservoir,e_demand,2030,10,1.0,1.0,12,12,0.0
2341,hydro_reservoir,e_demand,2030,10,1.0,1.0,13,13,0.0
2342,hydro_reservoir,e_demand,2030,10,1.0,1.0,14,14,0.0
2343,hydro_reservoir,e_demand,2030,10,1.0,1.0,15,15,0.0
2344,hydro_reservoir,e_demand,2030,10,1.0,1.0,16,16,0.0
2345,hydro_reservoir,e_demand,2030,10,1.0,1.0,17,17,0.0
2346,hydro_reservoir,e_demand,2030,10,1.0,1.0,18,18,0.0
2347,hydro_reservoir,e_demand,2030,10,1.0,1.0,19,19,0.0
2348,hydro_reservoir,e_demand,2030,10,1.0,1.0,20,20,0.0
2349,hydro_reservoir,e_demand,2030,10,1.0,1.0,21,21,0.0
2350,hydro_reservoir,e_demand,2030,10,1.0,1.0,22,22,0.0
2351,hydro_reservoir,e_demand,2030,10,1.0,1.0,23,23,0.0
2352,hydro_reservoir,e_demand,2030,10,1.0,1.0,24,24,0.0
2353,solar,e_demand,2030,10,1.0,1.0,1,1,0.0
2354,solar,e_demand,2030,10,1.0,1.0,2,2,0.0
2355,solar,e_demand,2030,10,1.0,1.0,3,3,0.0
2356,solar,e_demand,2030,10,1.0,1.0,4,4,0.0
2357,solar,e_demand,2030,10,1.0,1.0,5,5,0.0
2358,solar,e_demand,2030,10,1.0,1.0,6,6,0.0
2359,solar,e_demand,2030,10,1.0,1.0,7,7,0.0
2360,solar,e_demand,2030,10,1.0,1.0,8,8,0.0
2361,solar,e_demand,2030,10,1.0,1.0,9,9,0.07534950462464131
2362,solar,e_demand,2030,10,1.0,1.0,10,10,0.20625376165988807
2363,solar,e_demand,2030,10,1.0,1.0,11,11,0.3276400771685485
2364,solar,e_demand,2030,10,1.0,1.0,12,12,0.418399887041437
2365,solar,e_demand,2030,10,1.0,1.0,13,13,0.46358575640761257
2366,solar,e_demand,2030,10,1.0,1.0,14,14,0.4637079652750557
2367,solar,e_demand,2030,10,1.0,1.0,15,15,0.4148455171676967
2368,solar,e_demand,2030,10,1.0,1.0,16,16,0.3218327885636304
2369,solar,e_demand,2030,10,1.0,1.0,17,17,0.19127606044724615
2370,solar,e_demand,2030,10,1.0,1.0,18,18,0.06017850422721464
2371,solar,e_demand,2030,10,1.0,1.0,19,19,0.0
2372,solar,e_demand,2030,10,1.0,1.0,20,20,0.0
2373,solar,e_demand,2030,10,1.0,1.0,21,21,0.0
2374,solar,e_demand,2030,10,1.0,1.0,22,22,0.0
2375,solar,e_demand,2030,10,1.0,1.0,23,23,0.0
2376,solar,e_demand,2030,10,1.0,1.0,24,24,0.0
2377,hydro_reservoir,spillage,2030,10,0.0,1.0,1,1,0.0
2378,hydro_reservoir,spillage,2030,10,0.0,1.0,2,2,0.0
2379,hydro_reservoir,spillage,2030,10,0.0,1.0,3,3,0.0
2380,hydro_reservoir,spillage,2030,10,0.0,1.0,4,4,0.0
2381,hydro_reservoir,spillage,2030,10,0.0,1.0,5,5,0.0
2382,hydro_reservoir,spillage,2030,10,0.0,1.0,6,6,0.0
2383,hydro_reservoir,spillage,2030,10,0.0,1.0,7,7,0.0
2384,hydro_reservoir,spillage,2030,10,0.0,1.0,8,8,0.0
2385,hydro_reservoir,spillage,2030,10,0.0,1.0,9,9,0.0
2386,hydro_reservoir,spillage,2030,10,0.0,1.0,10,10,0.0
2387,hydro_reservoir,spillage,2030,10,0.0,1.0,11,11,0.0
2388,hydro_reservoir,spillage,2030,10,0.0,1.0,12,12,0.0
2389,hydro_reservoir,spillage,2030,10,0.0,1.0,13,13,0.0
2390,hydro_reservoir,spillage,2030,10,0.0,1.0,14,14,0.0
2391,hydro_reservoir,spillage,2030,10,0.0,1.0,15,15,0.0
2392,hydro_reservoir,spillage,2030,10,0.0,1.0,16,16,0.0
2393,hydro_reservoir,spillage,2030,10,0.0,1.0,17,17,0.0
2394,hydro_reservoir,spillage,2030,10,0.0,1.0,18,18,0.0
2395,hydro_reservoir,spillage,2030,10,0.0,1.0,19,19,0.0
2396,hydro_reservoir,spillage,2030,10,0.0,1.0,20,20,0.0
2397,hydro_reservoir,spillage,2030,10,0.0,1.0,21,21,0.0
2398,hydro_reservoir,spillage,2030,10,0.0,1.0,22,22,0.0
2399,hydro_reservoir,spillage,2030,10,0.0,1.0,23,23,0.0
2400,hydro_reservoir,spillage,2030,10,0.0,1.0,24,24,0.0
2401,ens,e_demand,2030,11,1.0,1.0,1,1,0.0
2402,ens,e_demand,2030,11,1.0,1.0,2,2,0.0
2403,ens,e_demand,2030,11,1.0,1.0,3,3,0.0
2404,ens,e_demand,2030,11,1.0,1.0,4,4,0.0
2405,ens,e_demand,2030,11,1.0,1.0,5,5,0.0
2406,ens,e_demand,2030,11,1.0,1.0,6,6,0.0
2407,ens,e_demand,2030,11,1.0,1.0,7,7,0.0
2408,ens,e_demand,2030,11,1.0,1.0,8,8,0.0
2409,ens,e_demand,2030,11,1.0,1.0,9,9,0.0
2410,ens,e_demand,2030,11,1.0,1.0,10,10,0.0
2411,ens,e_demand,2030,11,1.0,1.0,11,11,0.0
2412,ens,e_demand,2030,11,1.0,1.0,12,12,0.0
2413,ens,e_demand,2030,11,1.0,1.0,13,13,0.0
2414,ens,e_demand,2030,11,1.0,1.0,14,14,0.0
2415,ens,e_demand,2030,11,1.0,1.0,15,15,0.0
2416,ens,e_demand,2030,11,1.0,1.0,16,16,0.0
2417,ens,e_demand,2030,11,1.0,1.0,17,17,0.0
2418,ens,e_demand,2030,11,1.0,1.0,18,18,0.0
2419,ens,e_demand,2030,11,1.0,1.0,19,19,0.0
2420,ens,e_demand,2030,11,1.0,1.0,20,20,0.0
2421,ens,e_demand,2030,11,1.0,1.0,21,21,0.0
2422,ens,e_demand,2030,11,1.0,1.0,22,22,0.0
2423,ens,e_demand,2030,11,1.0,1.0,23,23,0.0
2424,ens,e_demand,2030,11,1.0,1.0,24,24,0.0
2425,ocgt,e_demand,2030,11,1.0,1.0,1,1,0.0
2426,ocgt,e_demand,2030,11,1.0,1.0,2,2,0.0
2427,ocgt,e_demand,2030,11,1.0,1.0,3,3,0.0
2428,ocgt,e_demand,2030,11,1.0,1.0,4,4,0.0
2429,ocgt,e_demand,2030,11,1.0,1.0,5,5,0.0
2430,ocgt,e_demand,2030,11,1.0,1.0,6,6,0.0
2431,ocgt,e_demand,2030,11,1.0,1.0,7,7,0.0
2432,ocgt,e_demand,2030,11,1.0,1.0,8,8,0.0
2433,ocgt,e_demand,2030,11,1.0,1.0,9,9,0.0
2434,ocgt,e_demand,2030,11,1.0,1.0,10,10,0.0
2435,ocgt,e_demand,2030,11,1.0,1.0,11,11,0.0
2436,ocgt,e_demand,2030,11,1.0,1.0,12,12,0.0
2437,ocgt,e_demand,2030,11,1.0,1.0,13,13,0.0
2438,ocgt,e_demand,2030,11,1.0,1.0,14,14,0.0
2439,ocgt,e_demand,2030,11,1.0,1.0,15,15,0.0
2440,ocgt,e_demand,2030,11,1.0,1.0,16,16,0.0
2441,ocgt,e_demand,2030,11,1.0,1.0,17,17,0.0
2442,ocgt,e_demand,2030,11,1.0,1.0,18,18,0.0
2443,ocgt,e_demand,2030,11,1.0,1.0,19,19,0.0
2444,ocgt,e_demand,2030,11,1.0,1.0,20,20,0.0
2445,ocgt,e_demand,2030,11,1.0,1.0,21,21,0.0
2446,ocgt,e_demand,2030,11,1.0,1.0,22,22,0.0
2447,ocgt,e_demand,2030,11,1.0,1.0,23,23,0.0
2448,ocgt,e_demand,2030,11,1.0,1.0,24,24,0.0
2449,wind_offshore,e_demand,2030,11,1.0,1.0,1,1,0.0044851846022769875
2450,wind_offshore,e_demand,2030,11,1.0,1.0,2,2,5.478809663589307e-05
2451,wind_offshore,e_demand,2030,11,1.0,1.0,3,3,0.0
2452,wind_offshore,e_demand,2030,11,1.0,1.0,4,4,0.0
2453,wind_offshore,e_demand,2030,11,1.0,1.0,5,5,0.0
2454,wind_offshore,e_demand,2030,11,1.0,1.0,6,6,6.610011244258834e-05
2455,wind_offshore,e_demand,2030,11,1.0,1.0,7,7,0.004980128969025392
2456,wind_offshore,e_demand,2030,11,1.0,1.0,8,8,0.012235349326331114
2457,wind_offshore,e_demand,2030,11,1.0,1.0,9,9,0.015540550958653948
2458,wind_offshore,e_demand,2030,11,1.0,1.0,10,10,0.029436231616343136
2459,wind_offshore,e_demand,2030,11,1.0,1.0,11,11,0.04299070788721748
2460,wind_offshore,e_demand,2030,11,1.0,1.0,12,12,0.07468137980641965
2461,wind_offshore,e_demand,2030,11,1.0,1.0,13,13,0.11624975453087295
2462,wind_offshore,e_demand,2030,11,1.0,1.0,14,14,0.16708128803069364
2463,wind_offshore,e_demand,2030,11,1.0,1.0,15,15,0.22891352524023348
2464,wind_offshore,e_demand,2030,11,1.0,1.0,16,16,0.27250631886431115
2465,wind_offshore,e_demand,2030,11,1.0,1.0,17,17,0.29776637578523174
2466,wind_offshore,e_demand,2030,11,1.0,1.0,18,18,0.29084111004381996
2467,wind_offshore,e_demand,2030,11,1.0,1.0,19,19,0.30209664317538565
2468,wind_offshore,e_demand,2030,11,1.0,1.0,20,20,0.28292271868927676
2469,wind_offshore,e_demand,2030,11,1.0,1.0,21,21,0.29957901484433724
2470,wind_offshore,e_demand,2030,11,1.0,1.0,22,22,0.2978562933177663
2471,wind_offshore,e_demand,2030,11,1.0,1.0,23,23,0.30838957736963113
2472,wind_offshore,e_demand,2030,11,1.0,1.0,24,24,0.30817157209247026
2473,ccgt,e_demand,2030,11,1.0,1.0,1,1,0.5673317601148582
2474,ccgt,e_demand,2030,11,1.0,1.0,2,2,0.5588376739837533
2475,ccgt,e_demand,2030,11,1.0,1.0,3,3,0.5644881486776052
2476,ccgt,e_demand,2030,11,1.0,1.0,4,4,0.561699292890413
2477,ccgt,e_demand,2030,11,1.0,1.0,5,5,0.5843754676389358
2478,ccgt,e_demand,2030,11,1.0,1.0,6,6,0.6368629904444375
2479,ccgt,e_demand,2030,11,1.0,1.0,7,7,0.7243870604021958
2480,ccgt,e_demand,2030,11,1.0,1.0,8,8,0.8126196711675914
2481,ccgt,e_demand,2030,11,1.0,1.0,9,9,0.82798637305582
2482,ccgt,e_demand,2030,11,1.0,1.0,10,10,0.7392295793204948
2483,ccgt,e_demand,2030,11,1.0,1.0,11,11,0.658116787037553
2484,ccgt,e_demand,2030,11,1.0,1.0,12,12,0.555131894321796
2485,ccgt,e_demand,2030,11,1.0,1.0,13,13,0.4795032878906744
2486,ccgt,e_demand,2030,11,1.0,1.0,14,14,0.39553845798298143
2487,ccgt,e_demand,2030,11,1.0,1.0,15,15,0.32951813135089697
2488,ccgt,e_demand,2030,11,1.0,1.0,16,16,0.3350037869542631
2489,ccgt,e_demand,2030,11,1.0,1.0,17,17,0.39900524251179914
2490,ccgt,e_demand,2030,11,1.0,1.0,18,18,0.5422744966201908
2491,ccgt,e_demand,2030,11,1.0,1.0,19,19,0.6546687233765928
2492,ccgt,e_demand,2030,11,1.0,1.0,20,20,0.7189914639341317
2493,ccgt,e_demand,2030,11,1.0,1.0,21,21,0.665248849513956
2494,ccgt,e_demand,2030,11,1.0,1.0,22,22,0.606899021644786
2495,ccgt,e_demand,2030,11,1.0,1.0,23,23,0.4968101827214779
2496,ccgt,e_demand,2030,11,1.0,1.0,24,24,0.4527718119591671
2497,battery,e_demand,2030,11,1.0,1.0,1,1,0.0
2498,battery,e_demand,2030,11,1.0,1.0,2,2,0.0
2499,battery,e_demand,2030,11,1.0,1.0,3,3,0.0
2500,battery,e_demand,2030,11,1.0,1.0,4,4,0.0
2501,battery,e_demand,2030,11,1.0,1.0,5,5,0.0
2502,battery,e_demand,2030,11,1.0,1.0,6,6,0.0
2503,battery,e_demand,2030,11,1.0,1.0,7,7,0.0
2504,battery,e_demand,2030,11,1.0,1.0,8,8,0.0
2505,battery,e_demand,2030,11,1.0,1.0,9,9,0.0
2506,battery,e_demand,2030,11,1.0,1.0,10,10,0.0
2507,battery,e_demand,2030,11,1.0,1.0,11,11,0.0
2508,battery,e_demand,2030,11,1.0,1.0,12,12,0.0
2509,battery,e_demand,2030,11,1.0,1.0,13,13,0.0
2510,battery,e_demand,2030,11,1.0,1.0,14,14,0.0
2511,battery,e_demand,2030,11,1.0,1.0,15,15,0.0
2512,battery,e_demand,2030,11,1.0,1.0,16,16,0.0
2513,battery,e_demand,2030,11,1.0,1.0,17,17,0.0
2514,battery,e_demand,2030,11,1.0,1.0,18,18,0.0
2515,battery,e_demand,2030,11,1.0,1.0,19,19,0.0
2516,battery,e_demand,2030,11,1.0,1.0,20,20,0.0
2517,battery,e_demand,2030,11,1.0,1.0,21,21,0.0
2518,battery,e_demand,2030,11,1.0,1.0,22,22,0.0
2519,battery,e_demand,2030,11,1.0,1.0,23,23,0.0
2520,battery,e_demand,2030,11,1.0,1.0,24,24,0.0
2521,wind,e_demand,2030,11,1.0,1.0,1,1,0.23090064699800927
2522,wind,e_demand,2030,11,1.0,1.0,2,2,0.21209140125315057
2523,wind,e_demand,2030,11,1.0,1.0,3,3,0.1974797486118571
2524,wind,e_demand,2030,11,1.0,1.0,4,4,0.184057837828867
2525,wind,e_demand,2030,11,1.0,1.0,5,5,0.17328823932826676
2526,wind,e_demand,2030,11,1.0,1.0,6,6,0.1577252695923537
2527,wind,e_demand,2030,11,1.0,1.0,7,7,0.14014214614198253
2528,wind,e_demand,2030,11,1.0,1.0,8,8,0.12164602964492346
2529,wind,e_demand,2030,11,1.0,1.0,9,9,0.10365107988685576
2530,wind,e_demand,2030,11,1.0,1.0,10,10,0.09566981769862823
2531,wind,e_demand,2030,11,1.0,1.0,11,11,0.07320392666900943
2532,wind,e_demand,2030,11,1.0,1.0,12,12,0.0670441047557821
2533,wind,e_demand,2030,11,1.0,1.0,13,13,0.05814319627299876
2534,wind,e_demand,2030,11,1.0,1.0,14,14,0.05745719149625405
2535,wind,e_demand,2030,11,1.0,1.0,15,15,0.05870160730888339
2536,wind,e_demand,2030,11,1.0,1.0,16,16,0.06870138813756956
2537,wind,e_demand,2030,11,1.0,1.0,17,17,0.07923395501797215
2538,wind,e_demand,2030,11,1.0,1.0,18,18,0.07465867538909532
2539,wind,e_demand,2030,11,1.0,1.0,19,19,0.07162396792059185
2540,wind,e_demand,2030,11,1.0,1.0,20,20,0.07323358730092858
2541,wind,e_demand,2030,11,1.0,1.0,21,21,0.0746621206642788
2542,wind,e_demand,2030,11,1.0,1.0,22,22,0.07229775810487013
2543,wind,e_demand,2030,11,1.0,1.0,23,23,0.08556113977318672
2544,wind,e_demand,2030,11,1.0,1.0,24,24,0.08322447199866795
2545,e_demand,battery,2030,11,1.0,1.0,1,1,0.0
2546,e_demand,battery,2030,11,1.0,1.0,2,2,0.0
2547,e_demand,battery,2030,11,1.0,1.0,3,3,0.0
2548,e_demand,battery,2030,11,1.0,1.0,4,4,0.0
2549,e_demand,battery,2030,11,1.0,1.0,5,5,0.0
2550,e_demand,battery,2030,11,1.0,1.0,6,6,0.0
2551,e_demand,battery,2030,11,1.0,1.0,7,7,0.0
2552,e_demand,battery,2030,11,1.0,1.0,8,8,0.0
2553,e_demand,battery,2030,11,1.0,1.0,9,9,0.0
2554,e_demand,battery,2030,11,1.0,1.0,10,10,0.0
2555,e_demand,battery,2030,11,1.0,1.0,11,11,0.0
2556,e_demand,battery,2030,11,1.0,1.0,12,12,0.0
2557,e_demand,battery,2030,11,1.0,1.0,13,13,0.0
2558,e_demand,battery,2030,11,1.0,1.0,14,14,0.0
2559,e_demand,battery,2030,11,1.0,1.0,15,15,0.0
2560,e_demand,battery,2030,11,1.0,1.0,16,16,0.0
2561,e_demand,battery,2030,11,1.0,1.0,17,17,0.0
2562,e_demand,battery,2030,11,1.0,1.0,18,18,0.0
2563,e_demand,battery,2030,11,1.0,1.0,19,19,0.0
2564,e_demand,battery,2030,11,1.0,1.0,20,20,0.0
2565,e_demand,battery,2030,11,1.0,1.0,21,21,0.0
2566,e_demand,battery,2030,11,1.0,1.0,22,22,0.0
2567,e_demand,battery,2030,11,1.0,1.0,23,23,0.0
2568,e_demand,battery,2030,11,1.0,1.0,24,24,0.0
2569,solar,e_demand,2030,11,1.0,1.0,1,1,0.0
2570,solar,e_demand,2030,11,1.0,1.0,2,2,0.0
2571,solar,e_demand,2030,11,1.0,1.0,3,3,0.0
2572,solar,e_demand,2030,11,1.0,1.0,4,4,0.0
2573,solar,e_demand,2030,11,1.0,1.0,5,5,0.0
2574,solar,e_demand,2030,11,1.0,1.0,6,6,0.0
2575,solar,e_demand,2030,11,1.0,1.0,7,7,0.0
2576,solar,e_demand,2030,11,1.0,1.0,8,8,0.0
2577,solar,e_demand,2030,11,1.0,1.0,9,9,0.07735959050873305
2578,solar,e_demand,2030,11,1.0,1.0,10,10,0.1963486372475992
2579,solar,e_demand,2030,11,1.0,1.0,11,11,0.30091502690281174
2580,solar,e_demand,2030,11,1.0,1.0,12,12,0.3799822330161244
2581,solar,e_demand,2030,11,1.0,1.0,13,13,0.41122149241329686
2582,solar,e_demand,2030,11,1.0,1.0,14,14,0.4067030255073118
2583,solar,e_demand,2030,11,1.0,1.0,15,15,0.3647698678725754
2584,solar,e_demand,2030,11,1.0,1.0,16,16,0.29800973399875436
2585,solar,e_demand,2030,11,1.0,1.0,17,17,0.19755628009626403
2586,solar,e_demand,2030,11,1.0,1.0,18,18,0.08111563016953637
2587,solar,e_demand,2030,11,1.0,1.0,19,19,0.0
2588,solar,e_demand,2030,11,1.0,1.0,20,20,0.0
2589,solar,e_demand,2030,11,1.0,1.0,21,21,0.0
2590,solar,e_demand,2030,11,1.0,1.0,22,22,0.0
2591,solar,e_demand,2030,11,1.0,1.0,23,23,0.0
2592,solar,e_demand,2030,11,1.0,1.0,24,24,0.0
2593,hydro_reservoir,e_demand,2030,11,1.0,1.0,1,1,0.0
2594,hydro_reservoir,e_demand,2030,11,1.0,1.0,2,2,0.0
2595,hydro_reservoir,e_demand,2030,11,1.0,1.0,3,3,0.0
2596,hydro_reservoir,e_demand,2030,11,1.0,1.0,4,4,0.0
2597,hydro_reservoir,e_demand,2030,11,1.0,1.0,5,5,0.0
2598,hydro_reservoir,e_demand,2030,11,1.0,1.0,6,6,0.0
2599,hydro_reservoir,e_demand,2030,11,1.0,1.0,7,7,0.0
2600,hydro_reservoir,e_demand,2030,11,1.0,1.0,8,8,0.0
2601,hydro_reservoir,e_demand,2030,11,1.0,1.0,9,9,0.0
2602,hydro_reservoir,e_demand,2030,11,1.0,1.0,10,10,0.0
2603,hydro_reservoir,e_demand,2030,11,1.0,1.0,11,11,0.0
2604,hydro_reservoir,e_demand,2030,11,1.0,1.0,12,12,0.0
2605,hydro_reservoir,e_demand,2030,11,1.0,1.0,13,13,0.0
2606,hydro_reservoir,e_demand,2030,11,1.0,1.0,14,14,0.0
2607,hydro_reservoir,e_demand,2030,11,1.0,1.0,15,15,0.0
2608,hydro_reservoir,e_demand,2030,11,1.0,1.0,16,16,0.0
2609,hydro_reservoir,e_demand,2030,11,1.0,1.0,17,17,0.0
2610,hydro_reservoir,e_demand,2030,11,1.0,1.0,18,18,0.0
2611,hydro_reservoir,e_demand,2030,11,1.0,1.0,19,19,0.0
2612,hydro_reservoir,e_demand,2030,11,1.0,1.0,20,20,0.0
2613,hydro_reservoir,e_demand,2030,11,1.0,1.0,21,21,0.0
2614,hydro_reservoir,e_demand,2030,11,1.0,1.0,22,22,0.0
2615,hydro_reservoir,e_demand,2030,11,1.0,1.0,23,23,0.0
2616,hydro_reservoir,e_demand,2030,11,1.0,1.0,24,24,0.0
2617,hydro_reservoir,spillage,2030,11,0.0,1.0,1,1,0.0
2618,hydro_reservoir,spillage,2030,11,0.0,1.0,2,2,0.0
2619,hydro_reservoir,spillage,2030,11,0.0,1.0,3,3,0.0
2620,hydro_reservoir,spillage,2030,11,0.0,1.0,4,4,0.0
2621,hydro_reservoir,spillage,2030,11,0.0,1.0,5,5,0.0
2622,hydro_reservoir,spillage,2030,11,0.0,1.0,6,6,0.0
2623,hydro_reservoir,spillage,2030,11,0.0,1.0,7,7,0.0
2624,hydro_reservoir,spillage,2030,11,0.0,1.0,8,8,0.0
2625,hydro_reservoir,spillage,2030,11,0.0,1.0,9,9,0.0
2626,hydro_reservoir,spillage,2030,11,0.0,1.0,10,10,0.0
2627,hydro_reservoir,spillage,2030,11,0.0,1.0,11,11,0.0
2628,hydro_reservoir,spillage,2030,11,0.0,1.0,12,12,0.0
2629,hydro_reservoir,spillage,2030,11,0.0,1.0,13,13,0.0
2630,hydro_reservoir,spillage,2030,11,0.0,1.0,14,14,0.0
2631,hydro_reservoir,spillage,2030,11,0.0,1.0,15,15,0.0
2632,hydro_reservoir,spillage,2030,11,0.0,1.0,16,16,0.0
2633,hydro_reservoir,spillage,2030,11,0.0,1.0,17,17,0.0
2634,hydro_reservoir,spillage,2030,11,0.0,1.0,18,18,0.0
2635,hydro_reservoir,spillage,2030,11,0.0,1.0,19,19,0.0
2636,hydro_reservoir,spillage,2030,11,0.0,1.0,20,20,0.0
2637,hydro_reservoir,spillage,2030,11,0.0,1.0,21,21,0.0
2638,hydro_reservoir,spillage,2030,11,0.0,1.0,22,22,0.0
2639,hydro_reservoir,spillage,2030,11,0.0,1.0,23,23,0.0
2640,hydro_reservoir,spillage,2030,11,0.0,1.0,24,24,0.0
2641,ens,e_demand,2030,12,1.0,1.0,1,1,0.0
2642,ens,e_demand,2030,12,1.0,1.0,2,2,0.0
2643,ens,e_demand,2030,12,1.0,1.0,3,3,0.0
2644,ens,e_demand,2030,12,1.0,1.0,4,4,0.0
2645,ens,e_demand,2030,12,1.0,1.0,5,5,0.0
2646,ens,e_demand,2030,12,1.0,1.0,6,6,0.0
2647,ens,e_demand,2030,12,1.0,1.0,7,7,0.0
2648,ens,e_demand,2030,12,1.0,1.0,8,8,0.0
2649,ens,e_demand,2030,12,1.0,1.0,9,9,0.0
2650,ens,e_demand,2030,12,1.0,1.0,10,10,0.0
2651,ens,e_demand,2030,12,1.0,1.0,11,11,0.0
2652,ens,e_demand,2030,12,1.0,1.0,12,12,0.0
2653,ens,e_demand,2030,12,1.0,1.0,13,13,0.0
2654,ens,e_demand,2030,12,1.0,1.0,14,14,0.0
2655,ens,e_demand,2030,12,1.0,1.0,15,15,0.0
2656,ens,e_demand,2030,12,1.0,1.0,16,16,0.0
2657,ens,e_demand,2030,12,1.0,1.0,17,17,0.0
2658,ens,e_demand,2030,12,1.0,1.0,18,18,0.0
2659,ens,e_demand,2030,12,1.0,1.0,19,19,0.0
2660,ens,e_demand,2030,12,1.0,1.0,20,20,0.0
2661,ens,e_demand,2030,12,1.0,1.0,21,21,0.0
2662,ens,e_demand,2030,12,1.0,1.0,22,22,0.0
2663,ens,e_demand,2030,12,1.0,1.0,23,23,0.0
2664,ens,e_demand,2030,12,1.0,1.0,24,24,0.0
2665,ocgt,e_demand,2030,12,1.0,1.0,1,1,0.0
2666,ocgt,e_demand,2030,12,1.0,1.0,2,2,0.0
2667,ocgt,e_demand,2030,12,1.0,1.0,3,3,0.0
2668,ocgt,e_demand,2030,12,1.0,1.0,4,4,0.0
2669,ocgt,e_demand,2030,12,1.0,1.0,5,5,0.0
2670,ocgt,e_demand,2030,12,1.0,1.0,6,6,0.0
2671,ocgt,e_demand,2030,12,1.0,1.0,7,7,0.0
2672,ocgt,e_demand,2030,12,1.0,1.0,8,8,0.0
2673,ocgt,e_demand,2030,12,1.0,1.0,9,9,0.0
2674,ocgt,e_demand,2030,12,1.0,1.0,10,10,0.0
2675,ocgt,e_demand,2030,12,1.0,1.0,11,11,0.0
2676,ocgt,e_demand,2030,12,1.0,1.0,12,12,0.0
2677,ocgt,e_demand,2030,12,1.0,1.0,13,13,0.0
2678,ocgt,e_demand,2030,12,1.0,1.0,14,14,0.0
2679,ocgt,e_demand,2030,12,1.0,1.0,15,15,0.0
2680,ocgt,e_demand,2030,12,1.0,1.0,16,16,0.0
2681,ocgt,e_demand,2030,12,1.0,1.0,17,17,0.0
2682,ocgt,e_demand,2030,12,1.0,1.0,18,18,0.0
2683,ocgt,e_demand,2030,12,1.0,1.0,19,19,0.0
2684,ocgt,e_demand,2030,12,1.0,1.0,20,20,0.0
2685,ocgt,e_demand,2030,12,1.0,1.0,21,21,0.0
2686,ocgt,e_demand,2030,12,1.0,1.0,22,22,0.0
2687,ocgt,e_demand,2030,12,1.0,1.0,23,23,0.0
2688,ocgt,e_demand,2030,12,1.0,1.0,24,24,0.0
2689,wind_offshore,e_demand,2030,12,1.0,1.0,1,1,0.09816806180861098
2690,wind_offshore,e_demand,2030,12,1.0,1.0,2,2,0.09093689337960656
2691,wind_offshore,e_demand,2030,12,1.0,1.0,3,3,0.07625098086918534
2692,wind_offshore,e_demand,2030,12,1.0,1.0,4,4,0.06080669124074486
2693,wind_offshore,e_demand,2030,12,1.0,1.0,5,5,0.046701680791000996
2694,wind_offshore,e_demand,2030,12,1.0,1.0,6,6,0.03729205806100136
2695,wind_offshore,e_demand,2030,12,1.0,1.0,7,7,0.03245596689791261
2696,wind_offshore,e_demand,2030,12,1.0,1.0,8,8,0.028339166801836103
2697,wind_offshore,e_demand,2030,12,1.0,1.0,9,9,0.027635856846757796
2698,wind_offshore,e_demand,2030,12,1.0,1.0,10,10,0.027713442493445647
2699,wind_offshore,e_demand,2030,12,1.0,1.0,11,11,0.0328928491859745
2700,wind_offshore,e_demand,2030,12,1.0,1.0,12,12,0.03287998480634845
2701,wind_offshore,e_demand,2030,12,1.0,1.0,13,13,0.027964825078477605
2702,wind_offshore,e_demand,2030,12,1.0,1.0,14,14,0.024647213957247848
2703,wind_offshore,e_demand,2030,12,1.0,1.0,15,15,0.01905520577923533
2704,wind_offshore,e_demand,2030,12,1.0,1.0,16,16,0.010588990117316635
2705,wind_offshore,e_demand,2030,12,1.0,1.0,17,17,0.006208953322982745
2706,wind_offshore,e_demand,2030,12,1.0,1.0,18,18,0.004816578545933813
2707,wind_offshore,e_demand,2030,12,1.0,1.0,19,19,0.0032911233614933352
2708,wind_offshore,e_demand,2030,12,1.0,1.0,20,20,0.0014619612819594834
2709,wind_offshore,e_demand,2030,12,1.0,1.0,21,21,0.0011938670399128644
2710,wind_offshore,e_demand,2030,12,1.0,1.0,22,22,0.0016014099341704752
2711,wind_offshore,e_demand,2030,12,1.0,1.0,23,23,0.0009706864117597427
2712,wind_offshore,e_demand,2030,12,1.0,1.0,24,24,0.001991124844368333
2713,ccgt,e_demand,2030,12,1.0,1.0,1,1,0.7878131107799091
2714,ccgt,e_demand,2030,12,1.0,1.0,2,2,0.7819394837286386
2715,ccgt,e_demand,2030,12,1.0,1.0,3,3,0.7260893611674997
2716,ccgt,e_demand,2030,12,1.0,1.0,4,4,0.6854006414642293
2717,ccgt,e_demand,2030,12,1.0,1.0,5,5,0.719882817984216
2718,ccgt,e_demand,2030,12,1.0,1.0,6,6,0.7750322681810904
2719,ccgt,e_demand,2030,12,1.0,1.0,7,7,0.8384263969832016
2720,ccgt,e_demand,2030,12,1.0,1.0,8,8,0.8826382347289949
2721,ccgt,e_demand,2030,12,1.0,1.0,9,9,0.8755563131110137
2722,ccgt,e_demand,2030,12,1.0,1.0,10,10,0.8740104151875357
2723,ccgt,e_demand,2030,12,1.0,1.0,11,11,0.8604754439461063
2724,ccgt,e_demand,2030,12,1.0,1.0,12,12,0.9022582399739966
2725,ccgt,e_demand,2030,12,1.0,1.0,13,13,0.8174136083579571
2726,ccgt,e_demand,2030,12,1.0,1.0,14,14,0.9022582399739966
2727,ccgt,e_demand,2030,12,1.0,1.0,15,15,0.8935349610465056
2728,ccgt,e_demand,2030,12,1.0,1.0,16,16,0.9022582399739966
2729,ccgt,e_demand,2030,12,1.0,1.0,17,17,0.9022582399739966
2730,ccgt,e_demand,2030,12,1.0,1.0,18,18,0.8967514806467639
2731,ccgt,e_demand,2030,12,1.0,1.0,19,19,0.9022582399739966
2732,ccgt,e_demand,2030,12,1.0,1.0,20,20,0.9022582399739966
2733,ccgt,e_demand,2030,12,1.0,1.0,21,21,0.9022582399739966
2734,ccgt,e_demand,2030,12,1.0,1.0,22,22,0.9022582399739966
2735,ccgt,e_demand,2030,12,1.0,1.0,23,23,0.9022582399739966
2736,ccgt,e_demand,2030,12,1.0,1.0,24,24,0.8721442948391762
2737,battery,e_demand,2030,12,1.0,1.0,1,1,0.0
2738,battery,e_demand,2030,12,1.0,1.0,2,2,0.0
2739,battery,e_demand,2030,12,1.0,1.0,3,3,0.0
2740,battery,e_demand,2030,12,1.0,1.0,4,4,0.0
2741,battery,e_demand,2030,12,1.0,1.0,5,5,0.0
2742,battery,e_demand,2030,12,1.0,1.0,6,6,0.0
2743,battery,e_demand,2030,12,1.0,1.0,7,7,0.0
2744,battery,e_demand,2030,12,1.0,1.0,8,8,0.0
2745,battery,e_demand,2030,12,1.0,1.0,9,9,0.0
2746,battery,e_demand,2030,12,1.0,1.0,10,10,0.0
2747,battery,e_demand,2030,12,1.0,1.0,11,11,0.0
2748,battery,e_demand,2030,12,1.0,1.0,12,12,0.0
2749,battery,e_demand,2030,12,1.0,1.0,13,13,0.0
2750,battery,e_demand,2030,12,1.0,1.0,14,14,0.0
2751,battery,e_demand,2030,12,1.0,1.0,15,15,0.0
2752,battery,e_demand,2030,12,1.0,1.0,16,16,0.0
2753,battery,e_demand,2030,12,1.0,1.0,17,17,0.0
2754,battery,e_demand,2030,12,1.0,1.0,18,18,0.0
2755,battery,e_demand,2030,12,1.0,1.0,19,19,0.04069885191378542
2756,battery,e_demand,2030,12,1.0,1.0,20,20,0.07679007243741598
2757,battery,e_demand,2030,12,1.0,1.0,21,21,0.07102681126626154
2758,battery,e_demand,2030,12,1.0,1.0,22,22,0.0014842643825370907
2759,battery,e_demand,2030,12,1.0,1.0,23,23,0.0
2760,battery,e_demand,2030,12,1.0,1.0,24,24,0.0
2761,wind,e_demand,2030,12,1.0,1.0,1,1,0.036136832714447176
2762,wind,e_demand,2030,12,1.0,1.0,2,2,0.03663345756399771
2763,wind,e_demand,2030,12,1.0,1.0,3,3,0.036984570411996306
2764,wind,e_demand,2030,12,1.0,1.0,4,4,0.03647891653805491
2765,wind,e_demand,2030,12,1.0,1.0,5,5,0.034642387205701154
2766,wind,e_demand,2030,12,1.0,1.0,6,6,0.03456659673562404
2767,wind,e_demand,2030,12,1.0,1.0,7,7,0.03622686515092519
2768,wind,e_demand,2030,12,1.0,1.0,8,8,0.03699958139906047
2769,wind,e_demand,2030,12,1.0,1.0,9,9,0.037557354451385465
2770,wind,e_demand,2030,12,1.0,1.0,10,10,0.036994359169151954
2771,wind,e_demand,2030,12,1.0,1.0,11,11,0.032779673999093616
2772,wind,e_demand,2030,12,1.0,1.0,12,12,0.03526218158583685
2773,wind,e_demand,2030,12,1.0,1.0,13,13,0.035767477046693204
2774,wind,e_demand,2030,12,1.0,1.0,14,14,0.03594438756585473
2775,wind,e_demand,2030,12,1.0,1.0,15,15,0.037839111765929245
2776,wind,e_demand,2030,12,1.0,1.0,16,16,0.03525774130242883
2777,wind,e_demand,2030,12,1.0,1.0,17,17,0.03272842823717134
2778,wind,e_demand,2030,12,1.0,1.0,18,18,0.031693301833338954
2779,wind,e_demand,2030,12,1.0,1.0,19,19,0.03084376538607174
2780,wind,e_demand,2030,12,1.0,1.0,20,20,0.02728685779968206
2781,wind,e_demand,2030,12,1.0,1.0,21,21,0.022864317492077575
2782,wind,e_demand,2030,12,1.0,1.0,22,22,0.01767244697371345
2783,wind,e_demand,2030,12,1.0,1.0,23,23,0.016336380341524813
2784,wind,e_demand,2030,12,1.0,1.0,24,24,0.012814535682901139
2785,e_demand,battery,2030,12,1.0,1.0,1,1,0.08282063810580348
2786,e_demand,battery,2030,12,1.0,1.0,2,2,0.08282063810580348
2787,e_demand,battery,2030,12,1.0,1.0,3,3,0.04488503957786675
2788,e_demand,battery,2030,12,1.0,1.0,4,4,0.0
2789,e_demand,battery,2030,12,1.0,1.0,5,5,0.0
2790,e_demand,battery,2030,12,1.0,1.0,6,6,0.0
2791,e_demand,battery,2030,12,1.0,1.0,7,7,0.0
2792,e_demand,battery,2030,12,1.0,1.0,8,8,0.0
2793,e_demand,battery,2030,12,1.0,1.0,9,9,0.0
2794,e_demand,battery,2030,12,1.0,1.0,10,10,0.0
2795,e_demand,battery,2030,12,1.0,1.0,11,11,0.0
2796,e_demand,battery,2030,12,1.0,1.0,12,12,0.0
2797,e_demand,battery,2030,12,1.0,1.0,13,13,0.0
2798,e_demand,battery,2030,12,1.0,1.0,14,14,0.0
2799,e_demand,battery,2030,12,1.0,1.0,15,15,0.0
2800,e_demand,battery,2030,12,1.0,1.0,16,16,0.0
2801,e_demand,battery,2030,12,1.0,1.0,17,17,0.0
2802,e_demand,battery,2030,12,1.0,1.0,18,18,0.0
2803,e_demand,battery,2030,12,1.0,1.0,19,19,0.0
2804,e_demand,battery,2030,12,1.0,1.0,20,20,0.0
2805,e_demand,battery,2030,12,1.0,1.0,21,21,0.0
2806,e_demand,battery,2030,12,1.0,1.0,22,22,0.0
2807,e_demand,battery,2030,12,1.0,1.0,23,23,0.0
2808,e_demand,battery,2030,12,1.0,1.0,24,24,0.0
2809,solar,e_demand,2030,12,1.0,1.0,1,1,0.0
2810,solar,e_demand,2030,12,1.0,1.0,2,2,0.0
2811,solar,e_demand,2030,12,1.0,1.0,3,3,0.0
2812,solar,e_demand,2030,12,1.0,1.0,4,4,0.0
2813,solar,e_demand,2030,12,1.0,1.0,5,5,0.0
2814,solar,e_demand,2030,12,1.0,1.0,6,6,0.0
2815,solar,e_demand,2030,12,1.0,1.0,7,7,0.0
2816,solar,e_demand,2030,12,1.0,1.0,8,8,0.0
2817,solar,e_demand,2030,12,1.0,1.0,9,9,0.004280197729027251
2818,solar,e_demand,2030,12,1.0,1.0,10,10,0.020187724277214294
2819,solar,e_demand,2030,12,1.0,1.0,11,11,0.03771465813795123
2820,solar,e_demand,2030,12,1.0,1.0,12,12,0.050666146100160105
2821,solar,e_demand,2030,12,1.0,1.0,13,13,0.05426746415952911
2822,solar,e_demand,2030,12,1.0,1.0,14,14,0.051773040120421
2823,solar,e_demand,2030,12,1.0,1.0,15,15,0.043798273090282426
2824,solar,e_demand,2030,12,1.0,1.0,16,16,0.028959212642491114
2825,solar,e_demand,2030,12,1.0,1.0,17,17,0.011884760535951703
2826,solar,e_demand,2030,12,1.0,1.0,18,18,0.0
2827,solar,e_demand,2030,12,1.0,1.0,19,19,0.0
2828,solar,e_demand,2030,12,1.0,1.0,20,20,0.0
2829,solar,e_demand,2030,12,1.0,1.0,21,21,0.0
2830,solar,e_demand,2030,12,1.0,1.0,22,22,0.0
2831,solar,e_demand,2030,12,1.0,1.0,23,23,0.0
2832,solar,e_demand,2030,12,1.0,1.0,24,24,0.0
2833,hydro_reservoir,e_demand,2030,12,1.0,1.0,1,1,0.0
2834,hydro_reservoir,e_demand,2030,12,1.0,1.0,2,2,0.0
2835,hydro_reservoir,e_demand,2030,12,1.0,1.0,3,3,0.0
2836,hydro_reservoir,e_demand,2030,12,1.0,1.0,4,4,0.0
2837,hydro_reservoir,e_demand,2030,12,1.0,1.0,5,5,0.0
2838,hydro_reservoir,e_demand,2030,12,1.0,1.0,6,6,0.0
2839,hydro_reservoir,e_demand,2030,12,1.0,1.0,7,7,0.0
2840,hydro_reservoir,e_demand,2030,12,1.0,1.0,8,8,0.037528503532308743
2841,hydro_reservoir,e_demand,2030,12,1.0,1.0,9,9,0.1
2842,hydro_reservoir,e_demand,2030,12,1.0,1.0,10,10,0.1
2843,hydro_reservoir,e_demand,2030,12,1.0,1.0,11,11,0.1
2844,hydro_reservoir,e_demand,2030,12,1.0,1.0,12,12,0.021515509711644364
2845,hydro_reservoir,e_demand,2030,12,1.0,1.0,13,13,0.1
2846,hydro_reservoir,e_demand,2030,12,1.0,1.0,14,14,0.004554592055812601
2847,hydro_reservoir,e_demand,2030,12,1.0,1.0,15,15,0.0
2848,hydro_reservoir,e_demand,2030,12,1.0,1.0,16,16,0.018576430502981314
2849,hydro_reservoir,e_demand,2030,12,1.0,1.0,17,17,0.04708303559467516
2850,hydro_reservoir,e_demand,2030,12,1.0,1.0,18,18,0.1
2851,hydro_reservoir,e_demand,2030,12,1.0,1.0,19,19,0.1
2852,hydro_reservoir,e_demand,2030,12,1.0,1.0,20,20,0.1
2853,hydro_reservoir,e_demand,2030,12,1.0,1.0,21,21,0.1
2854,hydro_reservoir,e_demand,2030,12,1.0,1.0,22,22,0.1
2855,hydro_reservoir,e_demand,2030,12,1.0,1.0,23,23,0.01725103826484098
2856,hydro_reservoir,e_demand,2030,12,1.0,1.0,24,24,0.0
2857,hydro_reservoir,spillage,2030,12,0.0,1.0,1,1,0.0
2858,hydro_reservoir,spillage,2030,12,0.0,1.0,2,2,0.0
2859,hydro_reservoir,spillage,2030,12,0.0,1.0,3,3,0.0
2860,hydro_reservoir,spillage,2030,12,0.0,1.0,4,4,0.0
2861,hydro_reservoir,spillage,2030,12,0.0,1.0,5,5,0.0
2862,hydro_reservoir,spillage,2030,12,0.0,1.0,6,6,0.0
2863,hydro_reservoir,spillage,2030,12,0.0,1.0,7,7,0.0
2864,hydro_reservoir,spillage,2030,12,0.0,1.0,8,8,0.0
2865,hydro_reservoir,spillage,2030,12,0.0,1.0,9,9,0.0
2866,hydro_reservoir,spillage,2030,12,0.0,1.0,10,10,0.0
2867,hydro_reservoir,spillage,2030,12,0.0,1.0,11,11,0.0
2868,hydro_reservoir,spillage,2030,12,0.0,1.0,12,12,0.0
2869,hydro_reservoir,spillage,2030,12,0.0,1.0,13,13,0.0
2870,hydro_reservoir,spillage,2030,12,0.0,1.0,14,14,0.0
2871,hydro_reservoir,spillage,2030,12,0.0,1.0,15,15,0.0
2872,hydro_reservoir,spillage,2030,12,0.0,1.0,16,16,0.0
2873,hydro_reservoir,spillage,2030,12,0.0,1.0,17,17,0.0
2874,hydro_reservoir,spillage,2030,12,0.0,1.0,18,18,0.0
2875,hydro_reservoir,spillage,2030,12,0.0,1.0,19,19,0.0
2876,hydro_reservoir,spillage,2030,12,0.0,1.0,20,20,0.0
2877,hydro_reservoir,spillage,2030,12,0.0,1.0,21,21,0.0
2878,hydro_reservoir,spillage,2030,12,0.0,1.0,22,22,0.0
2879,hydro_reservoir,spillage,2030,12,0.0,1.0,23,23,0.0
2880,hydro_reservoir,spillage,2030,12,0.0,1.0,24,24,0.0
2881,ens,e_demand,2030,13,1.0,1.0,1,1,0.0
2882,ens,e_demand,2030,13,1.0,1.0,2,2,0.0
2883,ens,e_demand,2030,13,1.0,1.0,3,3,0.0
2884,ens,e_demand,2030,13,1.0,1.0,4,4,0.0
2885,ens,e_demand,2030,13,1.0,1.0,5,5,0.0
2886,ens,e_demand,2030,13,1.0,1.0,6,6,0.0
2887,ens,e_demand,2030,13,1.0,1.0,7,7,0.0
2888,ens,e_demand,2030,13,1.0,1.0,8,8,0.0
2889,ens,e_demand,2030,13,1.0,1.0,9,9,0.0
2890,ens,e_demand,2030,13,1.0,1.0,10,10,0.0
2891,ens,e_demand,2030,13,1.0,1.0,11,11,0.0
2892,ens,e_demand,2030,13,1.0,1.0,12,12,0.0
2893,ens,e_demand,2030,13,1.0,1.0,13,13,0.0
2894,ens,e_demand,2030,13,1.0,1.0,14,14,0.0
2895,ens,e_demand,2030,13,1.0,1.0,15,15,0.0
2896,ens,e_demand,2030,13,1.0,1.0,16,16,0.0
2897,ens,e_demand,2030,13,1.0,1.0,17,17,0.0
2898,ens,e_demand,2030,13,1.0,1.0,18,18,0.0
2899,ens,e_demand,2030,13,1.0,1.0,19,19,0.0
2900,ens,e_demand,2030,13,1.0,1.0,20,20,0.0
2901,ens,e_demand,2030,13,1.0,1.0,21,21,0.0
2902,ens,e_demand,2030,13,1.0,1.0,22,22,0.0
2903,ens,e_demand,2030,13,1.0,1.0,23,23,0.0
2904,ens,e_demand,2030,13,1.0,1.0,24,24,0.0
2905,wind_offshore,e_demand,2030,13,1.0,1.0,1,1,0.0005489121273537499
2906,wind_offshore,e_demand,2030,13,1.0,1.0,2,2,9.161946492342682e-05
2907,wind_offshore,e_demand,2030,13,1.0,1.0,3,3,4.242851006035325e-05
2908,wind_offshore,e_demand,2030,13,1.0,1.0,4,4,4.079714643122482e-06
2909,wind_offshore,e_demand,2030,13,1.0,1.0,5,5,0.0
2910,wind_offshore,e_demand,2030,13,1.0,1.0,6,6,0.0
2911,wind_offshore,e_demand,2030,13,1.0,1.0,7,7,0.0
2912,wind_offshore,e_demand,2030,13,1.0,1.0,8,8,0.0
2913,wind_offshore,e_demand,2030,13,1.0,1.0,9,9,0.0
2914,wind_offshore,e_demand,2030,13,1.0,1.0,10,10,0.0
2915,wind_offshore,e_demand,2030,13,1.0,1.0,11,11,0.0
2916,wind_offshore,e_demand,2030,13,1.0,1.0,12,12,0.0
2917,wind_offshore,e_demand,2030,13,1.0,1.0,13,13,0.000297188453199625
2918,wind_offshore,e_demand,2030,13,1.0,1.0,14,14,0.0017722090089079285
2919,wind_offshore,e_demand,2030,13,1.0,1.0,15,15,0.0026338580545586933
2920,wind_offshore,e_demand,2030,13,1.0,1.0,16,16,0.0026752232577127283
2921,wind_offshore,e_demand,2030,13,1.0,1.0,17,17,0.0025653173381514666
2922,wind_offshore,e_demand,2030,13,1.0,1.0,18,18,0.0022772250766975055
2923,wind_offshore,e_demand,2030,13,1.0,1.0,19,19,0.0005159120381849674
2924,wind_offshore,e_demand,2030,13,1.0,1.0,20,20,0.0
2925,wind_offshore,e_demand,2030,13,1.0,1.0,21,21,0.0
2926,wind_offshore,e_demand,2030,13,1.0,1.0,22,22,0.0
2927,wind_offshore,e_demand,2030,13,1.0,1.0,23,23,0.0
2928,wind_offshore,e_demand,2030,13,1.0,1.0,24,24,0.0026347022771130144
2929,ocgt,e_demand,2030,13,1.0,1.0,1,1,0.0
2930,ocgt,e_demand,2030,13,1.0,1.0,2,2,0.0
2931,ocgt,e_demand,2030,13,1.0,1.0,3,3,0.0
2932,ocgt,e_demand,2030,13,1.0,1.0,4,4,0.0
2933,ocgt,e_demand,2030,13,1.0,1.0,5,5,0.0
2934,ocgt,e_demand,2030,13,1.0,1.0,6,6,0.0
2935,ocgt,e_demand,2030,13,1.0,1.0,7,7,0.0
2936,ocgt,e_demand,2030,13,1.0,1.0,8,8,0.0
2937,ocgt,e_demand,2030,13,1.0,1.0,9,9,0.0
2938,ocgt,e_demand,2030,13,1.0,1.0,10,10,0.0
2939,ocgt,e_demand,2030,13,1.0,1.0,11,11,0.0
2940,ocgt,e_demand,2030,13,1.0,1.0,12,12,0.0
2941,ocgt,e_demand,2030,13,1.0,1.0,13,13,0.0
2942,ocgt,e_demand,2030,13,1.0,1.0,14,14,0.0
2943,ocgt,e_demand,2030,13,1.0,1.0,15,15,0.0
2944,ocgt,e_demand,2030,13,1.0,1.0,16,16,0.0
2945,ocgt,e_demand,2030,13,1.0,1.0,17,17,0.0
2946,ocgt,e_demand,2030,13,1.0,1.0,18,18,0.0
2947,ocgt,e_demand,2030,13,1.0,1.0,19,19,0.0
2948,ocgt,e_demand,2030,13,1.0,1.0,20,20,0.0
2949,ocgt,e_demand,2030,13,1.0,1.0,21,21,0.0
2950,ocgt,e_demand,2030,13,1.0,1.0,22,22,0.0
2951,ocgt,e_demand,2030,13,1.0,1.0,23,23,0.0
2952,ocgt,e_demand,2030,13,1.0,1.0,24,24,0.0
2953,ccgt,e_demand,2030,13,1.0,1.0,1,1,0.6107934374640527
2954,ccgt,e_demand,2030,13,1.0,1.0,2,2,0.5916531454564949
2955,ccgt,e_demand,2030,13,1.0,1.0,3,3,0.58061922674955
2956,ccgt,e_demand,2030,13,1.0,1.0,4,4,0.5497854711176975
2957,ccgt,e_demand,2030,13,1.0,1.0,5,5,0.5620622218666796
2958,ccgt,e_demand,2030,13,1.0,1.0,6,6,0.6069681538962879
2959,ccgt,e_demand,2030,13,1.0,1.0,7,7,0.6632925295845342
2960,ccgt,e_demand,2030,13,1.0,1.0,8,8,0.6451869786913975
2961,ccgt,e_demand,2030,13,1.0,1.0,9,9,0.5399245465992498
2962,ccgt,e_demand,2030,13,1.0,1.0,10,10,0.4068217157979996
2963,ccgt,e_demand,2030,13,1.0,1.0,11,11,0.32385784317730293
2964,ccgt,e_demand,2030,13,1.0,1.0,12,12,0.20712444703475874
2965,ccgt,e_demand,2030,13,1.0,1.0,13,13,0.1618377215767094
2966,ccgt,e_demand,2030,13,1.0,1.0,14,14,0.10871127955290344
2967,ccgt,e_demand,2030,13,1.0,1.0,15,15,0.11313000959513847
2968,ccgt,e_demand,2030,13,1.0,1.0,16,16,0.1661529532454023
2969,ccgt,e_demand,2030,13,1.0,1.0,17,17,0.2656781896495518
2970,ccgt,e_demand,2030,13,1.0,1.0,18,18,0.3886816278302475
2971,ccgt,e_demand,2030,13,1.0,1.0,19,19,0.5279542210188732
2972,ccgt,e_demand,2030,13,1.0,1.0,20,20,0.6394302736631372
2973,ccgt,e_demand,2030,13,1.0,1.0,21,21,0.6370787009303218
2974,ccgt,e_demand,2030,13,1.0,1.0,22,22,0.5759955846365622
2975,ccgt,e_demand,2030,13,1.0,1.0,23,23,0.5280748945041769
2976,ccgt,e_demand,2030,13,1.0,1.0,24,24,0.5040400784146203
2977,battery,e_demand,2030,13,1.0,1.0,1,1,0.0
2978,battery,e_demand,2030,13,1.0,1.0,2,2,0.0
2979,battery,e_demand,2030,13,1.0,1.0,3,3,0.0
2980,battery,e_demand,2030,13,1.0,1.0,4,4,0.0
2981,battery,e_demand,2030,13,1.0,1.0,5,5,0.0
2982,battery,e_demand,2030,13,1.0,1.0,6,6,0.0
2983,battery,e_demand,2030,13,1.0,1.0,7,7,0.0
2984,battery,e_demand,2030,13,1.0,1.0,8,8,0.0
2985,battery,e_demand,2030,13,1.0,1.0,9,9,0.0
2986,battery,e_demand,2030,13,1.0,1.0,10,10,0.0
2987,battery,e_demand,2030,13,1.0,1.0,11,11,0.0
2988,battery,e_demand,2030,13,1.0,1.0,12,12,0.0
2989,battery,e_demand,2030,13,1.0,1.0,13,13,0.0
2990,battery,e_demand,2030,13,1.0,1.0,14,14,0.0
2991,battery,e_demand,2030,13,1.0,1.0,15,15,0.0
2992,battery,e_demand,2030,13,1.0,1.0,16,16,0.0
2993,battery,e_demand,2030,13,1.0,1.0,17,17,0.0
2994,battery,e_demand,2030,13,1.0,1.0,18,18,0.0
2995,battery,e_demand,2030,13,1.0,1.0,19,19,0.0
2996,battery,e_demand,2030,13,1.0,1.0,20,20,0.0
2997,battery,e_demand,2030,13,1.0,1.0,21,21,0.0
2998,battery,e_demand,2030,13,1.0,1.0,22,22,0.0
2999,battery,e_demand,2030,13,1.0,1.0,23,23,0.0
3000,battery,e_demand,2030,13,1.0,1.0,24,24,0.0
3001,wind,e_demand,2030,13,1.0,1.0,1,1,0.16066826721591548
3002,wind,e_demand,2030,13,1.0,1.0,2,2,0.17334209980840418
3003,wind,e_demand,2030,13,1.0,1.0,3,3,0.18234921269874121
3004,wind,e_demand,2030,13,1.0,1.0,4,4,0.19503570121999486
3005,wind,e_demand,2030,13,1.0,1.0,5,5,0.20951492767006205
3006,wind,e_demand,2030,13,1.0,1.0,6,6,0.21913772231370185
3007,wind,e_demand,2030,13,1.0,1.0,7,7,0.23565396747654646
3008,wind,e_demand,2030,13,1.0,1.0,8,8,0.23392825908120146
3009,wind,e_demand,2030,13,1.0,1.0,9,9,0.26265280760844484
3010,wind,e_demand,2030,13,1.0,1.0,10,10,0.2980664990988551
3011,wind,e_demand,2030,13,1.0,1.0,11,11,0.2867379638775634
3012,wind,e_demand,2030,13,1.0,1.0,12,12,0.30695964930585656
3013,wind,e_demand,2030,13,1.0,1.0,13,13,0.31558033500278426
3014,wind,e_demand,2030,13,1.0,1.0,14,14,0.326260893275392
3015,wind,e_demand,2030,13,1.0,1.0,15,15,0.33852895165719227
3016,wind,e_demand,2030,13,1.0,1.0,16,16,0.352036010794794
3017,wind,e_demand,2030,13,1.0,1.0,17,17,0.3602590850739662
3018,wind,e_demand,2030,13,1.0,1.0,18,18,0.35573097435134376
3019,wind,e_demand,2030,13,1.0,1.0,19,19,0.3428003582629702
3020,wind,e_demand,2030,13,1.0,1.0,20,20,0.3185255977370354
3021,wind,e_demand,2030,13,1.0,1.0,21,21,0.30510381813692
3022,wind,e_demand,2030,13,1.0,1.0,22,22,0.2896534160159404
3023,wind,e_demand,2030,13,1.0,1.0,23,23,0.26429531980215354
3024,wind,e_demand,2030,13,1.0,1.0,24,24,0.2533699594430159
3025,e_demand,battery,2030,13,1.0,1.0,1,1,0.0
3026,e_demand,battery,2030,13,1.0,1.0,2,2,0.0
3027,e_demand,battery,2030,13,1.0,1.0,3,3,0.0
3028,e_demand,battery,2030,13,1.0,1.0,4,4,0.0
3029,e_demand,battery,2030,13,1.0,1.0,5,5,0.0
3030,e_demand,battery,2030,13,1.0,1.0,6,6,0.0
3031,e_demand,battery,2030,13,1.0,1.0,7,7,0.0
3032,e_demand,battery,2030,13,1.0,1.0,8,8,0.0
3033,e_demand,battery,2030,13,1.0,1.0,9,9,0.0
3034,e_demand,battery,2030,13,1.0,1.0,10,10,0.0
3035,e_demand,battery,2030,13,1.0,1.0,11,11,0.0
3036,e_demand,battery,2030,13,1.0,1.0,12,12,0.0
3037,e_demand,battery,2030,13,1.0,1.0,13,13,0.0
3038,e_demand,battery,2030,13,1.0,1.0,14,14,0.0
3039,e_demand,battery,2030,13,1.0,1.0,15,15,0.0
3040,e_demand,battery,2030,13,1.0,1.0,16,16,0.0
3041,e_demand,battery,2030,13,1.0,1.0,17,17,0.0
3042,e_demand,battery,2030,13,1.0,1.0,18,18,0.0
3043,e_demand,battery,2030,13,1.0,1.0,19,19,0.0
3044,e_demand,battery,2030,13,1.0,1.0,20,20,0.0
3045,e_demand,battery,2030,13,1.0,1.0,21,21,0.0
3046,e_demand,battery,2030,13,1.0,1.0,22,22,0.0
3047,e_demand,battery,2030,13,1.0,1.0,23,23,0.0
3048,e_demand,battery,2030,13,1.0,1.0,24,24,0.0
3049,solar,e_demand,2030,13,1.0,1.0,1,1,0.0
3050,solar,e_demand,2030,13,1.0,1.0,2,2,0.0
3051,solar,e_demand,2030,13,1.0,1.0,3,3,0.0
3052,solar,e_demand,2030,13,1.0,1.0,4,4,0.0
3053,solar,e_demand,2030,13,1.0,1.0,5,5,0.0
3054,solar,e_demand,2030,13,1.0,1.0,6,6,0.0
3055,solar,e_demand,2030,13,1.0,1.0,7,7,0.008443696089302342
3056,solar,e_demand,2030,13,1.0,1.0,8,8,0.098996595227528
3057,solar,e_demand,2030,13,1.0,1.0,9,9,0.224200305195195
3058,solar,e_demand,2030,13,1.0,1.0,10,10,0.3299116135049654
3059,solar,e_demand,2030,13,1.0,1.0,11,11,0.412267493319056
3060,solar,e_demand,2030,13,1.0,1.0,12,12,0.47389034793522467
3061,solar,e_demand,2030,13,1.0,1.0,13,13,0.4945396982279763
3062,solar,e_demand,2030,13,1.0,1.0,14,14,0.48429037398899516
3063,solar,e_demand,2030,13,1.0,1.0,15,15,0.43742681470379846
3064,solar,e_demand,2030,13,1.0,1.0,16,16,0.3605286030965142
3065,solar,e_demand,2030,13,1.0,1.0,17,17,0.25175561704940963
3066,solar,e_demand,2030,13,1.0,1.0,18,18,0.1372188567332814
3067,solar,e_demand,2030,13,1.0,1.0,19,19,0.03842873107188235
3068,solar,e_demand,2030,13,1.0,1.0,20,20,2.0950340426860817e-06
3069,solar,e_demand,2030,13,1.0,1.0,21,21,0.0
3070,solar,e_demand,2030,13,1.0,1.0,22,22,0.0
3071,solar,e_demand,2030,13,1.0,1.0,23,23,0.0
3072,solar,e_demand,2030,13,1.0,1.0,24,24,0.0
3073,hydro_reservoir,e_demand,2030,13,1.0,1.0,1,1,0.0
3074,hydro_reservoir,e_demand,2030,13,1.0,1.0,2,2,0.0
3075,hydro_reservoir,e_demand,2030,13,1.0,1.0,3,3,0.0
3076,hydro_reservoir,e_demand,2030,13,1.0,1.0,4,4,0.0
3077,hydro_reservoir,e_demand,2030,13,1.0,1.0,5,5,0.0
3078,hydro_reservoir,e_demand,2030,13,1.0,1.0,6,6,0.0
3079,hydro_reservoir,e_demand,2030,13,1.0,1.0,7,7,0.0
3080,hydro_reservoir,e_demand,2030,13,1.0,1.0,8,8,0.0
3081,hydro_reservoir,e_demand,2030,13,1.0,1.0,9,9,0.0
3082,hydro_reservoir,e_demand,2030,13,1.0,1.0,10,10,0.0
3083,hydro_reservoir,e_demand,2030,13,1.0,1.0,11,11,0.0
3084,hydro_reservoir,e_demand,2030,13,1.0,1.0,12,12,0.0
3085,hydro_reservoir,e_demand,2030,13,1.0,1.0,13,13,0.0
3086,hydro_reservoir,e_demand,2030,13,1.0,1.0,14,14,0.0
3087,hydro_reservoir,e_demand,2030,13,1.0,1.0,15,15,0.0
3088,hydro_reservoir,e_demand,2030,13,1.0,1.0,16,16,0.0
3089,hydro_reservoir,e_demand,2030,13,1.0,1.0,17,17,0.0
3090,hydro_reservoir,e_demand,2030,13,1.0,1.0,18,18,0.0
3091,hydro_reservoir,e_demand,2030,13,1.0,1.0,19,19,0.0
3092,hydro_reservoir,e_demand,2030,13,1.0,1.0,20,20,0.0
3093,hydro_reservoir,e_demand,2030,13,1.0,1.0,21,21,0.0
3094,hydro_reservoir,e_demand,2030,13,1.0,1.0,22,22,0.0
3095,hydro_reservoir,e_demand,2030,13,1.0,1.0,23,23,0.0
3096,hydro_reservoir,e_demand,2030,13,1.0,1.0,24,24,0.0
3097,hydro_reservoir,spillage,2030,13,0.0,1.0,1,1,0.0
3098,hydro_reservoir,spillage,2030,13,0.0,1.0,2,2,0.0
3099,hydro_reservoir,spillage,2030,13,0.0,1.0,3,3,0.0
3100,hydro_reservoir,spillage,2030,13,0.0,1.0,4,4,0.0
3101,hydro_reservoir,spillage,2030,13,0.0,1.0,5,5,0.0
3102,hydro_reservoir,spillage,2030,13,0.0,1.0,6,6,0.0
3103,hydro_reservoir,spillage,2030,13,0.0,1.0,7,7,0.0
3104,hydro_reservoir,spillage,2030,13,0.0,1.0,8,8,0.0
3105,hydro_reservoir,spillage,2030,13,0.0,1.0,9,9,0.0
3106,hydro_reservoir,spillage,2030,13,0.0,1.0,10,10,0.0
3107,hydro_reservoir,spillage,2030,13,0.0,1.0,11,11,0.0
3108,hydro_reservoir,spillage,2030,13,0.0,1.0,12,12,0.0
3109,hydro_reservoir,spillage,2030,13,0.0,1.0,13,13,0.0
3110,hydro_reservoir,spillage,2030,13,0.0,1.0,14,14,0.0
3111,hydro_reservoir,spillage,2030,13,0.0,1.0,15,15,0.0
3112,hydro_reservoir,spillage,2030,13,0.0,1.0,16,16,0.0
3113,hydro_reservoir,spillage,2030,13,0.0,1.0,17,17,0.0
3114,hydro_reservoir,spillage,2030,13,0.0,1.0,18,18,0.0
3115,hydro_reservoir,spillage,2030,13,0.0,1.0,19,19,0.0
3116,hydro_reservoir,spillage,2030,13,0.0,1.0,20,20,0.0
3117,hydro_reservoir,spillage,2030,13,0.0,1.0,21,21,0.0
3118,hydro_reservoir,spillage,2030,13,0.0,1.0,22,22,0.0
3119,hydro_reservoir,spillage,2030,13,0.0,1.0,23,23,0.0
3120,hydro_reservoir,spillage,2030,13,0.0,1.0,24,24,0.0
3121,ens,e_demand,2030,14,1.0,1.0,1,1,0.0
3122,ens,e_demand,2030,14,1.0,1.0,2,2,0.0
3123,ens,e_demand,2030,14,1.0,1.0,3,3,0.0
3124,ens,e_demand,2030,14,1.0,1.0,4,4,0.0
3125,ens,e_demand,2030,14,1.0,1.0,5,5,0.0
3126,ens,e_demand,2030,14,1.0,1.0,6,6,0.0
3127,ens,e_demand,2030,14,1.0,1.0,7,7,0.0
3128,ens,e_demand,2030,14,1.0,1.0,8,8,0.0
3129,ens,e_demand,2030,14,1.0,1.0,9,9,0.0
3130,ens,e_demand,2030,14,1.0,1.0,10,10,0.0
3131,ens,e_demand,2030,14,1.0,1.0,11,11,0.0
3132,ens,e_demand,2030,14,1.0,1.0,12,12,0.0
3133,ens,e_demand,2030,14,1.0,1.0,13,13,0.0
3134,ens,e_demand,2030,14,1.0,1.0,14,14,0.0
3135,ens,e_demand,2030,14,1.0,1.0,15,15,0.0
3136,ens,e_demand,2030,14,1.0,1.0,16,16,0.0
3137,ens,e_demand,2030,14,1.0,1.0,17,17,0.0
3138,ens,e_demand,2030,14,1.0,1.0,18,18,0.0
3139,ens,e_demand,2030,14,1.0,1.0,19,19,0.0
3140,ens,e_demand,2030,14,1.0,1.0,20,20,0.0
3141,ens,e_demand,2030,14,1.0,1.0,21,21,0.0
3142,ens,e_demand,2030,14,1.0,1.0,22,22,0.0
3143,ens,e_demand,2030,14,1.0,1.0,23,23,0.0
3144,ens,e_demand,2030,14,1.0,1.0,24,24,0.0
3145,wind_offshore,e_demand,2030,14,1.0,1.0,1,1,0.3726062182920781
3146,wind_offshore,e_demand,2030,14,1.0,1.0,2,2,0.36411547872887745
3147,wind_offshore,e_demand,2030,14,1.0,1.0,3,3,0.36332557099952345
3148,wind_offshore,e_demand,2030,14,1.0,1.0,4,4,0.3661190173420997
3149,wind_offshore,e_demand,2030,14,1.0,1.0,5,5,0.3750551028253974
3150,wind_offshore,e_demand,2030,14,1.0,1.0,6,6,0.3876847092626823
3151,wind_offshore,e_demand,2030,14,1.0,1.0,7,7,0.3800549690705693
3152,wind_offshore,e_demand,2030,14,1.0,1.0,8,8,0.3744441887654451
3153,wind_offshore,e_demand,2030,14,1.0,1.0,9,9,0.29642926601497466
3154,wind_offshore,e_demand,2030,14,1.0,1.0,10,10,0.11988892894581749
3155,wind_offshore,e_demand,2030,14,1.0,1.0,11,11,0.023873311839397345
3156,wind_offshore,e_demand,2030,14,1.0,1.0,12,12,0.011563250271271324
3157,wind_offshore,e_demand,2030,14,1.0,1.0,13,13,0.03750345302361673
3158,wind_offshore,e_demand,2030,14,1.0,1.0,14,14,0.09143174547140273
3159,wind_offshore,e_demand,2030,14,1.0,1.0,15,15,0.1416991127341298
3160,wind_offshore,e_demand,2030,14,1.0,1.0,16,16,0.15947292999987134
3161,wind_offshore,e_demand,2030,14,1.0,1.0,17,17,0.20022193733483495
3162,wind_offshore,e_demand,2030,14,1.0,1.0,18,18,0.16834095185464437
3163,wind_offshore,e_demand,2030,14,1.0,1.0,19,19,0.10084343746287167
3164,wind_offshore,e_demand,2030,14,1.0,1.0,20,20,0.05671715804288325
3165,wind_offshore,e_demand,2030,14,1.0,1.0,21,21,0.03526122123465391
3166,wind_offshore,e_demand,2030,14,1.0,1.0,22,22,0.011261903386398237
3167,wind_offshore,e_demand,2030,14,1.0,1.0,23,23,0.0002617369158983859
3168,wind_offshore,e_demand,2030,14,1.0,1.0,24,24,0.0
3169,ocgt,e_demand,2030,14,1.0,1.0,1,1,0.0
3170,ocgt,e_demand,2030,14,1.0,1.0,2,2,0.0
3171,ocgt,e_demand,2030,14,1.0,1.0,3,3,0.0
3172,ocgt,e_demand,2030,14,1.0,1.0,4,4,0.0
3173,ocgt,e_demand,2030,14,1.0,1.0,5,5,0.0
3174,ocgt,e_demand,2030,14,1.0,1.0,6,6,0.0
3175,ocgt,e_demand,2030,14,1.0,1.0,7,7,0.0
3176,ocgt,e_demand,2030,14,1.0,1.0,8,8,0.0
3177,ocgt,e_demand,2030,14,1.0,1.0,9,9,0.0
3178,ocgt,e_demand,2030,14,1.0,1.0,10,10,0.0
3179,ocgt,e_demand,2030,14,1.0,1.0,11,11,0.0
3180,ocgt,e_demand,2030,14,1.0,1.0,12,12,0.0
3181,ocgt,e_demand,2030,14,1.0,1.0,13,13,0.0
3182,ocgt,e_demand,2030,14,1.0,1.0,14,14,0.0
3183,ocgt,e_demand,2030,14,1.0,1.0,15,15,0.0
3184,ocgt,e_demand,2030,14,1.0,1.0,16,16,0.0
3185,ocgt,e_demand,2030,14,1.0,1.0,17,17,0.0
3186,ocgt,e_demand,2030,14,1.0,1.0,18,18,0.0
3187,ocgt,e_demand,2030,14,1.0,1.0,19,19,0.0
3188,ocgt,e_demand,2030,14,1.0,1.0,20,20,0.0
3189,ocgt,e_demand,2030,14,1.0,1.0,21,21,0.0
3190,ocgt,e_demand,2030,14,1.0,1.0,22,22,0.0
3191,ocgt,e_demand,2030,14,1.0,1.0,23,23,0.0
3192,ocgt,e_demand,2030,14,1.0,1.0,24,24,0.0
3193,ccgt,e_demand,2030,14,1.0,1.0,1,1,0.0
3194,ccgt,e_demand,2030,14,1.0,1.0,2,2,0.0
3195,ccgt,e_demand,2030,14,1.0,1.0,3,3,0.0
3196,ccgt,e_demand,2030,14,1.0,1.0,4,4,0.0
3197,ccgt,e_demand,2030,14,1.0,1.0,5,5,0.0
3198,ccgt,e_demand,2030,14,1.0,1.0,6,6,0.0
3199,ccgt,e_demand,2030,14,1.0,1.0,7,7,0.033423884441673934
3200,ccgt,e_demand,2030,14,1.0,1.0,8,8,0.0
3201,ccgt,e_demand,2030,14,1.0,1.0,9,9,0.09822351394295427
3202,ccgt,e_demand,2030,14,1.0,1.0,10,10,0.22600106178675544
3203,ccgt,e_demand,2030,14,1.0,1.0,11,11,0.25836626552987263
3204,ccgt,e_demand,2030,14,1.0,1.0,12,12,0.21352334587053473
3205,ccgt,e_demand,2030,14,1.0,1.0,13,13,0.1262988629536101
3206,ccgt,e_demand,2030,14,1.0,1.0,14,14,0.07229062230201327
3207,ccgt,e_demand,2030,14,1.0,1.0,15,15,0.04713035825968659
3208,ccgt,e_demand,2030,14,1.0,1.0,16,16,0.08488781432818282
3209,ccgt,e_demand,2030,14,1.0,1.0,17,17,0.0488972151608118
3210,ccgt,e_demand,2030,14,1.0,1.0,18,18,0.274934429070449
3211,ccgt,e_demand,2030,14,1.0,1.0,19,19,0.3931126255435016
3212,ccgt,e_demand,2030,14,1.0,1.0,20,20,0.49199748145133076
3213,ccgt,e_demand,2030,14,1.0,1.0,21,21,0.523316226726229
3214,ccgt,e_demand,2030,14,1.0,1.0,22,22,0.5035261992859865
3215,ccgt,e_demand,2030,14,1.0,1.0,23,23,0.43031285546016435
3216,ccgt,e_demand,2030,14,1.0,1.0,24,24,0.37072480766659943
3217,battery,e_demand,2030,14,1.0,1.0,1,1,0.0
3218,battery,e_demand,2030,14,1.0,1.0,2,2,0.0
3219,battery,e_demand,2030,14,1.0,1.0,3,3,0.0
3220,battery,e_demand,2030,14,1.0,1.0,4,4,0.0
3221,battery,e_demand,2030,14,1.0,1.0,5,5,0.0
3222,battery,e_demand,2030,14,1.0,1.0,6,6,0.0
3223,battery,e_demand,2030,14,1.0,1.0,7,7,0.0
3224,battery,e_demand,2030,14,1.0,1.0,8,8,0.0
3225,battery,e_demand,2030,14,1.0,1.0,9,9,0.0
3226,battery,e_demand,2030,14,1.0,1.0,10,10,0.0
3227,battery,e_demand,2030,14,1.0,1.0,11,11,0.0
3228,battery,e_demand,2030,14,1.0,1.0,12,12,0.0
3229,battery,e_demand,2030,14,1.0,1.0,13,13,0.0
3230,battery,e_demand,2030,14,1.0,1.0,14,14,0.0
3231,battery,e_demand,2030,14,1.0,1.0,15,15,0.0
3232,battery,e_demand,2030,14,1.0,1.0,16,16,0.0
3233,battery,e_demand,2030,14,1.0,1.0,17,17,0.08282063810580348
3234,battery,e_demand,2030,14,1.0,1.0,18,18,0.0
3235,battery,e_demand,2030,14,1.0,1.0,19,19,0.0
3236,battery,e_demand,2030,14,1.0,1.0,20,20,0.0
3237,battery,e_demand,2030,14,1.0,1.0,21,21,0.0
3238,battery,e_demand,2030,14,1.0,1.0,22,22,0.0
3239,battery,e_demand,2030,14,1.0,1.0,23,23,0.024358723788393065
3240,battery,e_demand,2030,14,1.0,1.0,24,24,0.08282063810580348
3241,wind,e_demand,2030,14,1.0,1.0,1,1,0.39855245002254386
3242,wind,e_demand,2030,14,1.0,1.0,2,2,0.3947436489387665
3243,wind,e_demand,2030,14,1.0,1.0,3,3,0.3841395375656306
3244,wind,e_demand,2030,14,1.0,1.0,4,4,0.38255755374517175
3245,wind,e_demand,2030,14,1.0,1.0,5,5,0.3909410698626885
3246,wind,e_demand,2030,14,1.0,1.0,6,6,0.3958078894100435
3247,wind,e_demand,2030,14,1.0,1.0,7,7,0.4020952369395415
3248,wind,e_demand,2030,14,1.0,1.0,8,8,0.40800821561846146
3249,wind,e_demand,2030,14,1.0,1.0,9,9,0.4161203301320228
3250,wind,e_demand,2030,14,1.0,1.0,10,10,0.41665624166395815
3251,wind,e_demand,2030,14,1.0,1.0,11,11,0.41082008645327295
3252,wind,e_demand,2030,14,1.0,1.0,12,12,0.4176940694363975
3253,wind,e_demand,2030,14,1.0,1.0,13,13,0.42721731064362534
3254,wind,e_demand,2030,14,1.0,1.0,14,14,0.42866809208408024
3255,wind,e_demand,2030,14,1.0,1.0,15,15,0.4252227586295471
3256,wind,e_demand,2030,14,1.0,1.0,16,16,0.40981753672342003
3257,wind,e_demand,2030,14,1.0,1.0,17,17,0.4009378299794134
3258,wind,e_demand,2030,14,1.0,1.0,18,18,0.3822436509285555
3259,wind,e_demand,2030,14,1.0,1.0,19,19,0.3741609936727756
3260,wind,e_demand,2030,14,1.0,1.0,20,20,0.35703759183684364
3261,wind,e_demand,2030,14,1.0,1.0,21,21,0.3384258264256202
3262,wind,e_demand,2030,14,1.0,1.0,22,22,0.3226943308727325
3263,wind,e_demand,2030,14,1.0,1.0,23,23,0.30016111712472765
3264,wind,e_demand,2030,14,1.0,1.0,24,24,0.2834323079747576
3265,e_demand,battery,2030,14,1.0,1.0,1,1,0.0064032697905098135
3266,e_demand,battery,2030,14,1.0,1.0,2,2,0.01569476525729563
3267,e_demand,battery,2030,14,1.0,1.0,3,3,0.03305682333926763
3268,e_demand,battery,2030,14,1.0,1.0,4,4,0.05431972970731641
3269,e_demand,battery,2030,14,1.0,1.0,5,5,0.06168442102284971
3270,e_demand,battery,2030,14,1.0,1.0,6,6,0.03936730667223476
3271,e_demand,battery,2030,14,1.0,1.0,7,7,0.0
3272,e_demand,battery,2030,14,1.0,1.0,8,8,0.0
3273,e_demand,battery,2030,14,1.0,1.0,9,9,0.0
3274,e_demand,battery,2030,14,1.0,1.0,10,10,0.0
3275,e_demand,battery,2030,14,1.0,1.0,11,11,0.0
3276,e_demand,battery,2030,14,1.0,1.0,12,12,0.0
3277,e_demand,battery,2030,14,1.0,1.0,13,13,0.0
3278,e_demand,battery,2030,14,1.0,1.0,14,14,0.0
3279,e_demand,battery,2030,14,1.0,1.0,15,15,0.0
3280,e_demand,battery,2030,14,1.0,1.0,16,16,0.0
3281,e_demand,battery,2030,14,1.0,1.0,17,17,0.0
3282,e_demand,battery,2030,14,1.0,1.0,18,18,0.0
3283,e_demand,battery,2030,14,1.0,1.0,19,19,0.0
3284,e_demand,battery,2030,14,1.0,1.0,20,20,0.0
3285,e_demand,battery,2030,14,1.0,1.0,21,21,0.0
3286,e_demand,battery,2030,14,1.0,1.0,22,22,0.0
3287,e_demand,battery,2030,14,1.0,1.0,23,23,0.0
3288,e_demand,battery,2030,14,1.0,1.0,24,24,0.0
3289,solar,e_demand,2030,14,1.0,1.0,1,1,0.0
3290,solar,e_demand,2030,14,1.0,1.0,2,2,0.0
3291,solar,e_demand,2030,14,1.0,1.0,3,3,0.0
3292,solar,e_demand,2030,14,1.0,1.0,4,4,0.0
3293,solar,e_demand,2030,14,1.0,1.0,5,5,0.0
3294,solar,e_demand,2030,14,1.0,1.0,6,6,0.0
3295,solar,e_demand,2030,14,1.0,1.0,7,7,0.0
3296,solar,e_demand,2030,14,1.0,1.0,8,8,0.0
3297,solar,e_demand,2030,14,1.0,1.0,9,9,0.03907346414233308
3298,solar,e_demand,2030,14,1.0,1.0,10,10,0.12189900498147099
3299,solar,e_demand,2030,14,1.0,1.0,11,11,0.1988391867229016
3300,solar,e_demand,2030,14,1.0,1.0,12,12,0.24771443897936019
3301,solar,e_demand,2030,14,1.0,1.0,13,13,0.26775062381597486
3302,solar,e_demand,2030,14,1.0,1.0,14,14,0.25871645747689986
3303,solar,e_demand,2030,14,1.0,1.0,15,15,0.22326992445952504
3304,solar,e_demand,2030,14,1.0,1.0,16,16,0.16154067966248653
3305,solar,e_demand,2030,14,1.0,1.0,17,17,0.08076754534136954
3306,solar,e_demand,2030,14,1.0,1.0,18,18,0.012131372791271713
3307,solar,e_demand,2030,14,1.0,1.0,19,19,0.0
3308,solar,e_demand,2030,14,1.0,1.0,20,20,0.0
3309,solar,e_demand,2030,14,1.0,1.0,21,21,0.0
3310,solar,e_demand,2030,14,1.0,1.0,22,22,0.0
3311,solar,e_demand,2030,14,1.0,1.0,23,23,0.0
3312,solar,e_demand,2030,14,1.0,1.0,24,24,0.0
3313,hydro_reservoir,e_demand,2030,14,1.0,1.0,1,1,0.0
3314,hydro_reservoir,e_demand,2030,14,1.0,1.0,2,2,0.0
3315,hydro_reservoir,e_demand,2030,14,1.0,1.0,3,3,0.0
3316,hydro_reservoir,e_demand,2030,14,1.0,1.0,4,4,0.0
3317,hydro_reservoir,e_demand,2030,14,1.0,1.0,5,5,0.0
3318,hydro_reservoir,e_demand,2030,14,1.0,1.0,6,6,0.0
3319,hydro_reservoir,e_demand,2030,14,1.0,1.0,7,7,0.0
3320,hydro_reservoir,e_demand,2030,14,1.0,1.0,8,8,0.09887557751305542
3321,hydro_reservoir,e_demand,2030,14,1.0,1.0,9,9,0.1
3322,hydro_reservoir,e_demand,2030,14,1.0,1.0,10,10,0.1
3323,hydro_reservoir,e_demand,2030,14,1.0,1.0,11,11,0.1
3324,hydro_reservoir,e_demand,2030,14,1.0,1.0,12,12,0.1
3325,hydro_reservoir,e_demand,2030,14,1.0,1.0,13,13,0.1
3326,hydro_reservoir,e_demand,2030,14,1.0,1.0,14,14,0.1
3327,hydro_reservoir,e_demand,2030,14,1.0,1.0,15,15,0.1
3328,hydro_reservoir,e_demand,2030,14,1.0,1.0,16,16,0.1
3329,hydro_reservoir,e_demand,2030,14,1.0,1.0,17,17,0.1
3330,hydro_reservoir,e_demand,2030,14,1.0,1.0,18,18,0.1
3331,hydro_reservoir,e_demand,2030,14,1.0,1.0,19,19,0.1
3332,hydro_reservoir,e_demand,2030,14,1.0,1.0,20,20,0.1
3333,hydro_reservoir,e_demand,2030,14,1.0,1.0,21,21,0.1
3334,hydro_reservoir,e_demand,2030,14,1.0,1.0,22,22,0.1
3335,hydro_reservoir,e_demand,2030,14,1.0,1.0,23,23,0.1
3336,hydro_reservoir,e_demand,2030,14,1.0,1.0,24,24,0.1
3337,hydro_reservoir,spillage,2030,14,0.0,1.0,1,1,0.0
3338,hydro_reservoir,spillage,2030,14,0.0,1.0,2,2,0.0
3339,hydro_reservoir,spillage,2030,14,0.0,1.0,3,3,0.0
3340,hydro_reservoir,spillage,2030,14,0.0,1.0,4,4,0.0
3341,hydro_reservoir,spillage,2030,14,0.0,1.0,5,5,0.0
3342,hydro_reservoir,spillage,2030,14,0.0,1.0,6,6,0.0
3343,hydro_reservoir,spillage,2030,14,0.0,1.0,7,7,0.0
3344,hydro_reservoir,spillage,2030,14,0.0,1.0,8,8,0.0
3345,hydro_reservoir,spillage,2030,14,0.0,1.0,9,9,0.0
3346,hydro_reservoir,spillage,2030,14,0.0,1.0,10,10,0.0
3347,hydro_reservoir,spillage,2030,14,0.0,1.0,11,11,0.0
3348,hydro_reservoir,spillage,2030,14,0.0,1.0,12,12,0.0
3349,hydro_reservoir,spillage,2030,14,0.0,1.0,13,13,0.0
3350,hydro_reservoir,spillage,2030,14,0.0,1.0,14,14,0.0
3351,hydro_reservoir,spillage,2030,14,0.0,1.0,15,15,0.0
3352,hydro_reservoir,spillage,2030,14,0.0,1.0,16,16,0.0
3353,hydro_reservoir,spillage,2030,14,0.0,1.0,17,17,0.0
3354,hydro_reservoir,spillage,2030,14,0.0,1.0,18,18,0.0
3355,hydro_reservoir,spillage,2030,14,0.0,1.0,19,19,0.0
3356,hydro_reservoir,spillage,2030,14,0.0,1.0,20,20,0.0
3357,hydro_reservoir,spillage,2030,14,0.0,1.0,21,21,0.0
3358,hydro_reservoir,spillage,2030,14,0.0,1.0,22,22,0.0
3359,hydro_reservoir,spillage,2030,14,0.0,1.0,23,23,0.0
3360,hydro_reservoir,spillage,2030,14,0.0,1.0,24,24,0.0
3361,ens,e_demand,2030,15,1.0,1.0,1,1,0.0
3362,ens,e_demand,2030,15,1.0,1.0,2,2,0.0
3363,ens,e_demand,2030,15,1.0,1.0,3,3,0.0
3364,ens,e_demand,2030,15,1.0,1.0,4,4,0.0
3365,ens,e_demand,2030,15,1.0,1.0,5,5,0.0
3366,ens,e_demand,2030,15,1.0,1.0,6,6,0.0
3367,ens,e_demand,2030,15,1.0,1.0,7,7,0.0
3368,ens,e_demand,2030,15,1.0,1.0,8,8,0.0
3369,ens,e_demand,2030,15,1.0,1.0,9,9,0.0
3370,ens,e_demand,2030,15,1.0,1.0,10,10,0.0
3371,ens,e_demand,2030,15,1.0,1.0,11,11,0.0
3372,ens,e_demand,2030,15,1.0,1.0,12,12,0.0
3373,ens,e_demand,2030,15,1.0,1.0,13,13,0.0
3374,ens,e_demand,2030,15,1.0,1.0,14,14,0.0
3375,ens,e_demand,2030,15,1.0,1.0,15,15,0.0
3376,ens,e_demand,2030,15,1.0,1.0,16,16,0.0
3377,ens,e_demand,2030,15,1.0,1.0,17,17,0.0
3378,ens,e_demand,2030,15,1.0,1.0,18,18,0.0
3379,ens,e_demand,2030,15,1.0,1.0,19,19,0.0
3380,ens,e_demand,2030,15,1.0,1.0,20,20,0.0
3381,ens,e_demand,2030,15,1.0,1.0,21,21,0.0
3382,ens,e_demand,2030,15,1.0,1.0,22,22,0.0
3383,ens,e_demand,2030,15,1.0,1.0,23,23,0.0
3384,ens,e_demand,2030,15,1.0,1.0,24,24,0.0
3385,wind_offshore,e_demand,2030,15,1.0,1.0,1,1,0.002148877157384826
3386,wind_offshore,e_demand,2030,15,1.0,1.0,2,2,0.0026784858197505144
3387,wind_offshore,e_demand,2030,15,1.0,1.0,3,3,0.002876582320922331
3388,wind_offshore,e_demand,2030,15,1.0,1.0,4,4,0.003334783456976622
3389,wind_offshore,e_demand,2030,15,1.0,1.0,5,5,0.0028650179902610143
3390,wind_offshore,e_demand,2030,15,1.0,1.0,6,6,0.00307804157324048
3391,wind_offshore,e_demand,2030,15,1.0,1.0,7,7,0.004999748763034484
3392,wind_offshore,e_demand,2030,15,1.0,1.0,8,8,0.010047135387954218
3393,wind_offshore,e_demand,2030,15,1.0,1.0,9,9,0.01952775071194222
3394,wind_offshore,e_demand,2030,15,1.0,1.0,10,10,0.03652786866753401
3395,wind_offshore,e_demand,2030,15,1.0,1.0,11,11,0.07172439005969687
3396,wind_offshore,e_demand,2030,15,1.0,1.0,12,12,0.10585778988541203
3397,wind_offshore,e_demand,2030,15,1.0,1.0,13,13,0.135745425878284
3398,wind_offshore,e_demand,2030,15,1.0,1.0,14,14,0.1666386777246775
3399,wind_offshore,e_demand,2030,15,1.0,1.0,15,15,0.20305517895320188
3400,wind_offshore,e_demand,2030,15,1.0,1.0,16,16,0.2356928592444032
3401,wind_offshore,e_demand,2030,15,1.0,1.0,17,17,0.2635802335077913
3402,wind_offshore,e_demand,2030,15,1.0,1.0,18,18,0.2993514968658141
3403,wind_offshore,e_demand,2030,15,1.0,1.0,19,19,0.33068433630275396
3404,wind_offshore,e_demand,2030,15,1.0,1.0,20,20,0.34741765853809037
3405,wind_offshore,e_demand,2030,15,1.0,1.0,21,21,0.3595406153516905
3406,wind_offshore,e_demand,2030,15,1.0,1.0,22,22,0.36057059150841103
3407,wind_offshore,e_demand,2030,15,1.0,1.0,23,23,0.3714108896526287
3408,wind_offshore,e_demand,2030,15,1.0,1.0,24,24,0.37238995220512905
3409,ocgt,e_demand,2030,15,1.0,1.0,1,1,0.0
3410,ocgt,e_demand,2030,15,1.0,1.0,2,2,0.0
3411,ocgt,e_demand,2030,15,1.0,1.0,3,3,0.0
3412,ocgt,e_demand,2030,15,1.0,1.0,4,4,0.0
3413,ocgt,e_demand,2030,15,1.0,1.0,5,5,0.0
3414,ocgt,e_demand,2030,15,1.0,1.0,6,6,0.0
3415,ocgt,e_demand,2030,15,1.0,1.0,7,7,0.0
3416,ocgt,e_demand,2030,15,1.0,1.0,8,8,0.0
3417,ocgt,e_demand,2030,15,1.0,1.0,9,9,0.0
3418,ocgt,e_demand,2030,15,1.0,1.0,10,10,0.0
3419,ocgt,e_demand,2030,15,1.0,1.0,11,11,0.0
3420,ocgt,e_demand,2030,15,1.0,1.0,12,12,0.0
3421,ocgt,e_demand,2030,15,1.0,1.0,13,13,0.0
3422,ocgt,e_demand,2030,15,1.0,1.0,14,14,0.0
3423,ocgt,e_demand,2030,15,1.0,1.0,15,15,0.0
3424,ocgt,e_demand,2030,15,1.0,1.0,16,16,0.0
3425,ocgt,e_demand,2030,15,1.0,1.0,17,17,0.0
3426,ocgt,e_demand,2030,15,1.0,1.0,18,18,0.0
3427,ocgt,e_demand,2030,15,1.0,1.0,19,19,0.0
3428,ocgt,e_demand,2030,15,1.0,1.0,20,20,0.0
3429,ocgt,e_demand,2030,15,1.0,1.0,21,21,0.0
3430,ocgt,e_demand,2030,15,1.0,1.0,22,22,0.0
3431,ocgt,e_demand,2030,15,1.0,1.0,23,23,0.0
3432,ocgt,e_demand,2030,15,1.0,1.0,24,24,0.0
3433,battery,e_demand,2030,15,1.0,1.0,1,1,0.0
3434,battery,e_demand,2030,15,1.0,1.0,2,2,0.0
3435,battery,e_demand,2030,15,1.0,1.0,3,3,0.0
3436,battery,e_demand,2030,15,1.0,1.0,4,4,0.0
3437,battery,e_demand,2030,15,1.0,1.0,5,5,0.0
3438,battery,e_demand,2030,15,1.0,1.0,6,6,0.0
3439,battery,e_demand,2030,15,1.0,1.0,7,7,0.0
3440,battery,e_demand,2030,15,1.0,1.0,8,8,0.0
3441,battery,e_demand,2030,15,1.0,1.0,9,9,0.0
3442,battery,e_demand,2030,15,1.0,1.0,10,10,0.0
3443,battery,e_demand,2030,15,1.0,1.0,11,11,0.0
3444,battery,e_demand,2030,15,1.0,1.0,12,12,0.0
3445,battery,e_demand,2030,15,1.0,1.0,13,13,0.0
3446,battery,e_demand,2030,15,1.0,1.0,14,14,0.0
3447,battery,e_demand,2030,15,1.0,1.0,15,15,0.0
3448,battery,e_demand,2030,15,1.0,1.0,16,16,0.0
3449,battery,e_demand,2030,15,1.0,1.0,17,17,0.0
3450,battery,e_demand,2030,15,1.0,1.0,18,18,0.0
3451,battery,e_demand,2030,15,1.0,1.0,19,19,0.0
3452,battery,e_demand,2030,15,1.0,1.0,20,20,0.0
3453,battery,e_demand,2030,15,1.0,1.0,21,21,0.0
3454,battery,e_demand,2030,15,1.0,1.0,22,22,0.0
3455,battery,e_demand,2030,15,1.0,1.0,23,23,0.0
3456,battery,e_demand,2030,15,1.0,1.0,24,24,0.0
3457,ccgt,e_demand,2030,15,1.0,1.0,1,1,0.8373151037360926
3458,ccgt,e_demand,2030,15,1.0,1.0,2,2,0.8405901731563962
3459,ccgt,e_demand,2030,15,1.0,1.0,3,3,0.7318927222362586
3460,ccgt,e_demand,2030,15,1.0,1.0,4,4,0.7051237252889783
3461,ccgt,e_demand,2030,15,1.0,1.0,5,5,0.7275376509901282
3462,ccgt,e_demand,2030,15,1.0,1.0,6,6,0.7687165314191017
3463,ccgt,e_demand,2030,15,1.0,1.0,7,7,0.7822096329360437
3464,ccgt,e_demand,2030,15,1.0,1.0,8,8,0.7322555484704948
3465,ccgt,e_demand,2030,15,1.0,1.0,9,9,0.6914523717350938
3466,ccgt,e_demand,2030,15,1.0,1.0,10,10,0.6310360707805014
3467,ccgt,e_demand,2030,15,1.0,1.0,11,11,0.5885838199832365
3468,ccgt,e_demand,2030,15,1.0,1.0,12,12,0.5565881966677311
3469,ccgt,e_demand,2030,15,1.0,1.0,13,13,0.5099648884432667
3470,ccgt,e_demand,2030,15,1.0,1.0,14,14,0.47075001003405714
3471,ccgt,e_demand,2030,15,1.0,1.0,15,15,0.4515276572519463
3472,ccgt,e_demand,2030,15,1.0,1.0,16,16,0.4482196493767222
3473,ccgt,e_demand,2030,15,1.0,1.0,17,17,0.49280264616762215
3474,ccgt,e_demand,2030,15,1.0,1.0,18,18,0.5701148321840208
3475,ccgt,e_demand,2030,15,1.0,1.0,19,19,0.6436662354035366
3476,ccgt,e_demand,2030,15,1.0,1.0,20,20,0.6565291048142321
3477,ccgt,e_demand,2030,15,1.0,1.0,21,21,0.6251943692133448
3478,ccgt,e_demand,2030,15,1.0,1.0,22,22,0.5519685058954696
3479,ccgt,e_demand,2030,15,1.0,1.0,23,23,0.460994161092374
3480,ccgt,e_demand,2030,15,1.0,1.0,24,24,0.43082933256976574
3481,wind,e_demand,2030,15,1.0,1.0,1,1,0.12960974325494024
3482,wind,e_demand,2030,15,1.0,1.0,2,2,0.11296646158548859
3483,wind,e_demand,2030,15,1.0,1.0,3,3,0.09883512459049043
3484,wind,e_demand,2030,15,1.0,1.0,4,4,0.09019225432904808
3485,wind,e_demand,2030,15,1.0,1.0,5,5,0.08142108326226136
3486,wind,e_demand,2030,15,1.0,1.0,6,6,0.07721732763615274
3487,wind,e_demand,2030,15,1.0,1.0,7,7,0.07313416553530559
3488,wind,e_demand,2030,15,1.0,1.0,8,8,0.061003369641363964
3489,wind,e_demand,2030,15,1.0,1.0,9,9,0.05288765785460366
3490,wind,e_demand,2030,15,1.0,1.0,10,10,0.06019958973132258
3491,wind,e_demand,2030,15,1.0,1.0,11,11,0.0670508619519741
3492,wind,e_demand,2030,15,1.0,1.0,12,12,0.07321648838962733
3493,wind,e_demand,2030,15,1.0,1.0,13,13,0.07976163123514493
3494,wind,e_demand,2030,15,1.0,1.0,14,14,0.08666409011048481
3495,wind,e_demand,2030,15,1.0,1.0,15,15,0.09799358203169539
3496,wind,e_demand,2030,15,1.0,1.0,16,16,0.10926029400563311
3497,wind,e_demand,2030,15,1.0,1.0,17,17,0.12332513315684311
3498,wind,e_demand,2030,15,1.0,1.0,18,18,0.13922219335515837
3499,wind,e_demand,2030,15,1.0,1.0,19,19,0.16078017928885163
3500,wind,e_demand,2030,15,1.0,1.0,20,20,0.1836286036009189
3501,wind,e_demand,2030,15,1.0,1.0,21,21,0.1992234302059199
3502,wind,e_demand,2030,15,1.0,1.0,22,22,0.18996388556494984
3503,wind,e_demand,2030,15,1.0,1.0,23,23,0.1793840373153666
3504,wind,e_demand,2030,15,1.0,1.0,24,24,0.1649221311121782
3505,e_demand,battery,2030,15,1.0,1.0,1,1,0.0
3506,e_demand,battery,2030,15,1.0,1.0,2,2,0.0
3507,e_demand,battery,2030,15,1.0,1.0,3,3,0.0
3508,e_demand,battery,2030,15,1.0,1.0,4,4,0.0
3509,e_demand,battery,2030,15,1.0,1.0,5,5,0.0
3510,e_demand,battery,2030,15,1.0,1.0,6,6,0.0
3511,e_demand,battery,2030,15,1.0,1.0,7,7,0.0
3512,e_demand,battery,2030,15,1.0,1.0,8,8,0.0
3513,e_demand,battery,2030,15,1.0,1.0,9,9,0.0
3514,e_demand,battery,2030,15,1.0,1.0,10,10,0.0
3515,e_demand,battery,2030,15,1.0,1.0,11,11,0.0
3516,e_demand,battery,2030,15,1.0,1.0,12,12,0.0
3517,e_demand,battery,2030,15,1.0,1.0,13,13,0.0
3518,e_demand,battery,2030,15,1.0,1.0,14,14,0.0
3519,e_demand,battery,2030,15,1.0,1.0,15,15,0.0
3520,e_demand,battery,2030,15,1.0,1.0,16,16,0.0
3521,e_demand,battery,2030,15,1.0,1.0,17,17,0.0
3522,e_demand,battery,2030,15,1.0,1.0,18,18,0.0
3523,e_demand,battery,2030,15,1.0,1.0,19,19,0.0
3524,e_demand,battery,2030,15,1.0,1.0,20,20,0.0
3525,e_demand,battery,2030,15,1.0,1.0,21,21,0.0
3526,e_demand,battery,2030,15,1.0,1.0,22,22,0.0
3527,e_demand,battery,2030,15,1.0,1.0,23,23,0.0
3528,e_demand,battery,2030,15,1.0,1.0,24,24,0.0
3529,solar,e_demand,2030,15,1.0,1.0,1,1,0.0
3530,solar,e_demand,2030,15,1.0,1.0,2,2,0.0
3531,solar,e_demand,2030,15,1.0,1.0,3,3,0.0
3532,solar,e_demand,2030,15,1.0,1.0,4,4,0.0
3533,solar,e_demand,2030,15,1.0,1.0,5,5,0.0
3534,solar,e_demand,2030,15,1.0,1.0,6,6,0.00010403691558722036
3535,solar,e_demand,2030,15,1.0,1.0,7,7,0.01677483526209025
3536,solar,e_demand,2030,15,1.0,1.0,8,8,0.1288508999392832
3537,solar,e_demand,2030,15,1.0,1.0,9,9,0.27270068060856817
3538,solar,e_demand,2030,15,1.0,1.0,10,10,0.4023355770919112
3539,solar,e_demand,2030,15,1.0,1.0,11,11,0.4785828260528158
3540,solar,e_demand,2030,15,1.0,1.0,12,12,0.5279910676487298
3541,solar,e_demand,2030,15,1.0,1.0,13,13,0.5586914846188294
3542,solar,e_demand,2030,15,1.0,1.0,14,14,0.5489963343013538
3543,solar,e_demand,2030,15,1.0,1.0,15,15,0.5152046847580558
3544,solar,e_demand,2030,15,1.0,1.0,16,16,0.4440516149267436
3545,solar,e_demand,2030,15,1.0,1.0,17,17,0.3444486997833396
3546,solar,e_demand,2030,15,1.0,1.0,18,18,0.216662636391955
3547,solar,e_demand,2030,15,1.0,1.0,19,19,0.07749712614891112
3548,solar,e_demand,2030,15,1.0,1.0,20,20,0.0015289758784882291
3549,solar,e_demand,2030,15,1.0,1.0,21,21,0.0
3550,solar,e_demand,2030,15,1.0,1.0,22,22,0.0
3551,solar,e_demand,2030,15,1.0,1.0,23,23,0.0
3552,solar,e_demand,2030,15,1.0,1.0,24,24,0.0
3553,hydro_reservoir,e_demand,2030,15,1.0,1.0,1,1,0.0
3554,hydro_reservoir,e_demand,2030,15,1.0,1.0,2,2,0.0
3555,hydro_reservoir,e_demand,2030,15,1.0,1.0,3,3,0.1
3556,hydro_reservoir,e_demand,2030,15,1.0,1.0,4,4,0.1
3557,hydro_reservoir,e_demand,2030,15,1.0,1.0,5,5,0.1
3558,hydro_reservoir,e_demand,2030,15,1.0,1.0,6,6,0.1
3559,hydro_reservoir,e_demand,2030,15,1.0,1.0,7,7,0.1
3560,hydro_reservoir,e_demand,2030,15,1.0,1.0,8,8,0.1
3561,hydro_reservoir,e_demand,2030,15,1.0,1.0,9,9,0.1
3562,hydro_reservoir,e_demand,2030,15,1.0,1.0,10,10,0.1
3563,hydro_reservoir,e_demand,2030,15,1.0,1.0,11,11,0.1
3564,hydro_reservoir,e_demand,2030,15,1.0,1.0,12,12,0.1
3565,hydro_reservoir,e_demand,2030,15,1.0,1.0,13,13,0.1
3566,hydro_reservoir,e_demand,2030,15,1.0,1.0,14,14,0.1
3567,hydro_reservoir,e_demand,2030,15,1.0,1.0,15,15,0.1
3568,hydro_reservoir,e_demand,2030,15,1.0,1.0,16,16,0.1
3569,hydro_reservoir,e_demand,2030,15,1.0,1.0,17,17,0.1
3570,hydro_reservoir,e_demand,2030,15,1.0,1.0,18,18,0.1
3571,hydro_reservoir,e_demand,2030,15,1.0,1.0,19,19,0.1
3572,hydro_reservoir,e_demand,2030,15,1.0,1.0,20,20,0.1
3573,hydro_reservoir,e_demand,2030,15,1.0,1.0,21,21,0.1
3574,hydro_reservoir,e_demand,2030,15,1.0,1.0,22,22,0.1
3575,hydro_reservoir,e_demand,2030,15,1.0,1.0,23,23,0.1
3576,hydro_reservoir,e_demand,2030,15,1.0,1.0,24,24,0.1
3577,hydro_reservoir,spillage,2030,15,0.0,1.0,1,1,0.0
3578,hydro_reservoir,spillage,2030,15,0.0,1.0,2,2,0.0
3579,hydro_reservoir,spillage,2030,15,0.0,1.0,3,3,0.0
3580,hydro_reservoir,spillage,2030,15,0.0,1.0,4,4,0.0
3581,hydro_reservoir,spillage,2030,15,0.0,1.0,5,5,0.0
3582,hydro_reservoir,spillage,2030,15,0.0,1.0,6,6,0.0
3583,hydro_reservoir,spillage,2030,15,0.0,1.0,7,7,0.0
3584,hydro_reservoir,spillage,2030,15,0.0,1.0,8,8,0.0
3585,hydro_reservoir,spillage,2030,15,0.0,1.0,9,9,0.0
3586,hydro_reservoir,spillage,2030,15,0.0,1.0,10,10,0.0
3587,hydro_reservoir,spillage,2030,15,0.0,1.0,11,11,0.0
3588,hydro_reservoir,spillage,2030,15,0.0,1.0,12,12,0.0
3589,hydro_reservoir,spillage,2030,15,0.0,1.0,13,13,0.0
3590,hydro_reservoir,spillage,2030,15,0.0,1.0,14,14,0.0
3591,hydro_reservoir,spillage,2030,15,0.0,1.0,15,15,0.0
3592,hydro_reservoir,spillage,2030,15,0.0,1.0,16,16,0.0
3593,hydro_reservoir,spillage,2030,15,0.0,1.0,17,17,0.0
3594,hydro_reservoir,spillage,2030,15,0.0,1.0,18,18,0.0
3595,hydro_reservoir,spillage,2030,15,0.0,1.0,19,19,0.0
3596,hydro_reservoir,spillage,2030,15,0.0,1.0,20,20,0.0
3597,hydro_reservoir,spillage,2030,15,0.0,1.0,21,21,0.0
3598,hydro_reservoir,spillage,2030,15,0.0,1.0,22,22,0.0
3599,hydro_reservoir,spillage,2030,15,0.0,1.0,23,23,0.0
3600,hydro_reservoir,spillage,2030,15,0.0,1.0,24,24,0.0
3601,ens,e_demand,2030,16,1.0,1.0,1,1,0.0
3602,ens,e_demand,2030,16,1.0,1.0,2,2,0.0
3603,ens,e_demand,2030,16,1.0,1.0,3,3,0.0
3604,ens,e_demand,2030,16,1.0,1.0,4,4,0.0
3605,ens,e_demand,2030,16,1.0,1.0,5,5,0.0
3606,ens,e_demand,2030,16,1.0,1.0,6,6,0.0
3607,ens,e_demand,2030,16,1.0,1.0,7,7,0.0
3608,ens,e_demand,2030,16,1.0,1.0,8,8,0.0
3609,ens,e_demand,2030,16,1.0,1.0,9,9,0.0
3610,ens,e_demand,2030,16,1.0,1.0,10,10,0.0
3611,ens,e_demand,2030,16,1.0,1.0,11,11,0.0
3612,ens,e_demand,2030,16,1.0,1.0,12,12,0.0
3613,ens,e_demand,2030,16,1.0,1.0,13,13,0.0
3614,ens,e_demand,2030,16,1.0,1.0,14,14,0.0
3615,ens,e_demand,2030,16,1.0,1.0,15,15,0.0
3616,ens,e_demand,2030,16,1.0,1.0,16,16,0.0
3617,ens,e_demand,2030,16,1.0,1.0,17,17,0.0
3618,ens,e_demand,2030,16,1.0,1.0,18,18,0.0
3619,ens,e_demand,2030,16,1.0,1.0,19,19,0.0
3620,ens,e_demand,2030,16,1.0,1.0,20,20,0.0
3621,ens,e_demand,2030,16,1.0,1.0,21,21,0.0
3622,ens,e_demand,2030,16,1.0,1.0,22,22,0.0
3623,ens,e_demand,2030,16,1.0,1.0,23,23,0.0
3624,ens,e_demand,2030,16,1.0,1.0,24,24,0.0
3625,wind_offshore,e_demand,2030,16,1.0,1.0,1,1,0.36981370913346895
3626,wind_offshore,e_demand,2030,16,1.0,1.0,2,2,0.38114721168596905
3627,wind_offshore,e_demand,2030,16,1.0,1.0,3,3,0.3888262834915706
3628,wind_offshore,e_demand,2030,16,1.0,1.0,4,4,0.383015789109096
3629,wind_offshore,e_demand,2030,16,1.0,1.0,5,5,0.3817622149610308
3630,wind_offshore,e_demand,2030,16,1.0,1.0,6,6,0.3801265012448888
3631,wind_offshore,e_demand,2030,16,1.0,1.0,7,7,0.37855738745874795
3632,wind_offshore,e_demand,2030,16,1.0,1.0,8,8,0.37952889198328077
3633,wind_offshore,e_demand,2030,16,1.0,1.0,9,9,0.3754193902738464
3634,wind_offshore,e_demand,2030,16,1.0,1.0,10,10,0.3689999386279498
3635,wind_offshore,e_demand,2030,16,1.0,1.0,11,11,0.37215792962716326
3636,wind_offshore,e_demand,2030,16,1.0,1.0,12,12,0.3744892542975011
3637,wind_offshore,e_demand,2030,16,1.0,1.0,13,13,0.3735333515967693
3638,wind_offshore,e_demand,2030,16,1.0,1.0,14,14,0.36870460838759145
3639,wind_offshore,e_demand,2030,16,1.0,1.0,15,15,0.3615610072494586
3640,wind_offshore,e_demand,2030,16,1.0,1.0,16,16,0.3603326811522632
3641,wind_offshore,e_demand,2030,16,1.0,1.0,17,17,0.3664347502293231
3642,wind_offshore,e_demand,2030,16,1.0,1.0,18,18,0.37071652087495727
3643,wind_offshore,e_demand,2030,16,1.0,1.0,19,19,0.35735232543567935
3644,wind_offshore,e_demand,2030,16,1.0,1.0,20,20,0.3497417395037812
3645,wind_offshore,e_demand,2030,16,1.0,1.0,21,21,0.35847322696822226
3646,wind_offshore,e_demand,2030,16,1.0,1.0,22,22,0.3570479758929698
3647,wind_offshore,e_demand,2030,16,1.0,1.0,23,23,0.32636804170129546
3648,wind_offshore,e_demand,2030,16,1.0,1.0,24,24,0.29514887328333866
3649,ocgt,e_demand,2030,16,1.0,1.0,1,1,0.0
3650,ocgt,e_demand,2030,16,1.0,1.0,2,2,0.0
3651,ocgt,e_demand,2030,16,1.0,1.0,3,3,0.0
3652,ocgt,e_demand,2030,16,1.0,1.0,4,4,0.0
3653,ocgt,e_demand,2030,16,1.0,1.0,5,5,0.0
3654,ocgt,e_demand,2030,16,1.0,1.0,6,6,0.0
3655,ocgt,e_demand,2030,16,1.0,1.0,7,7,0.0
3656,ocgt,e_demand,2030,16,1.0,1.0,8,8,0.0
3657,ocgt,e_demand,2030,16,1.0,1.0,9,9,0.0
3658,ocgt,e_demand,2030,16,1.0,1.0,10,10,0.0
3659,ocgt,e_demand,2030,16,1.0,1.0,11,11,0.0
3660,ocgt,e_demand,2030,16,1.0,1.0,12,12,0.0
3661,ocgt,e_demand,2030,16,1.0,1.0,13,13,0.0
3662,ocgt,e_demand,2030,16,1.0,1.0,14,14,0.0
3663,ocgt,e_demand,2030,16,1.0,1.0,15,15,0.0
3664,ocgt,e_demand,2030,16,1.0,1.0,16,16,0.0
3665,ocgt,e_demand,2030,16,1.0,1.0,17,17,0.0
3666,ocgt,e_demand,2030,16,1.0,1.0,18,18,0.0
3667,ocgt,e_demand,2030,16,1.0,1.0,19,19,0.0
3668,ocgt,e_demand,2030,16,1.0,1.0,20,20,0.0
3669,ocgt,e_demand,2030,16,1.0,1.0,21,21,0.0
3670,ocgt,e_demand,2030,16,1.0,1.0,22,22,0.0
3671,ocgt,e_demand,2030,16,1.0,1.0,23,23,0.0
3672,ocgt,e_demand,2030,16,1.0,1.0,24,24,0.0
3673,battery,e_demand,2030,16,1.0,1.0,1,1,0.0
3674,battery,e_demand,2030,16,1.0,1.0,2,2,0.0
3675,battery,e_demand,2030,16,1.0,1.0,3,3,0.0
3676,battery,e_demand,2030,16,1.0,1.0,4,4,0.0
3677,battery,e_demand,2030,16,1.0,1.0,5,5,0.0
3678,battery,e_demand,2030,16,1.0,1.0,6,6,0.0
3679,battery,e_demand,2030,16,1.0,1.0,7,7,0.0
3680,battery,e_demand,2030,16,1.0,1.0,8,8,0.0
3681,battery,e_demand,2030,16,1.0,1.0,9,9,0.0
3682,battery,e_demand,2030,16,1.0,1.0,10,10,0.0
3683,battery,e_demand,2030,16,1.0,1.0,11,11,0.0
3684,battery,e_demand,2030,16,1.0,1.0,12,12,0.0
3685,battery,e_demand,2030,16,1.0,1.0,13,13,0.0
3686,battery,e_demand,2030,16,1.0,1.0,14,14,0.0
3687,battery,e_demand,2030,16,1.0,1.0,15,15,0.0
3688,battery,e_demand,2030,16,1.0,1.0,16,16,0.0
3689,battery,e_demand,2030,16,1.0,1.0,17,17,0.0
3690,battery,e_demand,2030,16,1.0,1.0,18,18,0.0
3691,battery,e_demand,2030,16,1.0,1.0,19,19,0.0
3692,battery,e_demand,2030,16,1.0,1.0,20,20,0.0
3693,battery,e_demand,2030,16,1.0,1.0,21,21,0.0
3694,battery,e_demand,2030,16,1.0,1.0,22,22,0.0
3695,battery,e_demand,2030,16,1.0,1.0,23,23,0.0
3696,battery,e_demand,2030,16,1.0,1.0,24,24,0.0
3697,ccgt,e_demand,2030,16,1.0,1.0,1,1,0.34820994470761807
3698,ccgt,e_demand,2030,16,1.0,1.0,2,2,0.3181184185024982
3699,ccgt,e_demand,2030,16,1.0,1.0,3,3,0.28560421513162876
3700,ccgt,e_demand,2030,16,1.0,1.0,4,4,0.26810478589928094
3701,ccgt,e_demand,2030,16,1.0,1.0,5,5,0.24174805344869166
3702,ccgt,e_demand,2030,16,1.0,1.0,6,6,0.23906697839193847
3703,ccgt,e_demand,2030,16,1.0,1.0,7,7,0.27853605573718665
3704,ccgt,e_demand,2030,16,1.0,1.0,8,8,0.3231211483103327
3705,ccgt,e_demand,2030,16,1.0,1.0,9,9,0.3437003844144066
3706,ccgt,e_demand,2030,16,1.0,1.0,10,10,0.32767072324341084
3707,ccgt,e_demand,2030,16,1.0,1.0,11,11,0.28749298333341766
3708,ccgt,e_demand,2030,16,1.0,1.0,12,12,0.2349972385839797
3709,ccgt,e_demand,2030,16,1.0,1.0,13,13,0.11860788162510316
3710,ccgt,e_demand,2030,16,1.0,1.0,14,14,0.10896915776190891
3711,ccgt,e_demand,2030,16,1.0,1.0,15,15,0.1395179394551047
3712,ccgt,e_demand,2030,16,1.0,1.0,16,16,0.20469421945753982
3713,ccgt,e_demand,2030,16,1.0,1.0,17,17,0.277939273378295
3714,ccgt,e_demand,2030,16,1.0,1.0,18,18,0.34217720781705796
3715,ccgt,e_demand,2030,16,1.0,1.0,19,19,0.38943254858701865
3716,ccgt,e_demand,2030,16,1.0,1.0,20,20,0.429617348994675
3717,ccgt,e_demand,2030,16,1.0,1.0,21,21,0.4404889297854032
3718,ccgt,e_demand,2030,16,1.0,1.0,22,22,0.39684479738561096
3719,ccgt,e_demand,2030,16,1.0,1.0,23,23,0.47318085954354555
3720,ccgt,e_demand,2030,16,1.0,1.0,24,24,0.47249246335532513
3721,wind,e_demand,2030,16,1.0,1.0,1,1,0.07117441102108403
3722,wind,e_demand,2030,16,1.0,1.0,2,2,0.07521606095438264
3723,wind,e_demand,2030,16,1.0,1.0,3,3,0.07686116669853595
3724,wind,e_demand,2030,16,1.0,1.0,4,4,0.07569602482533
3725,wind,e_demand,2030,16,1.0,1.0,5,5,0.07808236640025089
3726,wind,e_demand,2030,16,1.0,1.0,6,6,0.07925459846567971
3727,wind,e_demand,2030,16,1.0,1.0,7,7,0.07964378637422401
3728,wind,e_demand,2030,16,1.0,1.0,8,8,0.0809100586495619
3729,wind,e_demand,2030,16,1.0,1.0,9,9,0.07904490815920856
3730,wind,e_demand,2030,16,1.0,1.0,10,10,0.0715874727647803
3731,wind,e_demand,2030,16,1.0,1.0,11,11,0.06499792610835504
3732,wind,e_demand,2030,16,1.0,1.0,12,12,0.06016758233847144
3733,wind,e_demand,2030,16,1.0,1.0,13,13,0.06838643953962338
3734,wind,e_demand,2030,16,1.0,1.0,14,14,0.07710704663842716
3735,wind,e_demand,2030,16,1.0,1.0,15,15,0.07669126328030854
3736,wind,e_demand,2030,16,1.0,1.0,16,16,0.07034870152754161
3737,wind,e_demand,2030,16,1.0,1.0,17,17,0.06525075841706893
3738,wind,e_demand,2030,16,1.0,1.0,18,18,0.07144088412066776
3739,wind,e_demand,2030,16,1.0,1.0,19,19,0.07660721727434473
3740,wind,e_demand,2030,16,1.0,1.0,20,20,0.07841555208810463
3741,wind,e_demand,2030,16,1.0,1.0,21,21,0.07464203837776416
3742,wind,e_demand,2030,16,1.0,1.0,22,22,0.06628772591571522
3743,wind,e_demand,2030,16,1.0,1.0,23,23,0.056125538706781886
3744,wind,e_demand,2030,16,1.0,1.0,24,24,0.05704571643262721
3745,e_demand,battery,2030,16,1.0,1.0,1,1,0.0
3746,e_demand,battery,2030,16,1.0,1.0,2,2,0.0
3747,e_demand,battery,2030,16,1.0,1.0,3,3,0.0
3748,e_demand,battery,2030,16,1.0,1.0,4,4,0.0
3749,e_demand,battery,2030,16,1.0,1.0,5,5,0.0
3750,e_demand,battery,2030,16,1.0,1.0,6,6,0.0
3751,e_demand,battery,2030,16,1.0,1.0,7,7,0.0
3752,e_demand,battery,2030,16,1.0,1.0,8,8,0.0
3753,e_demand,battery,2030,16,1.0,1.0,9,9,0.0
3754,e_demand,battery,2030,16,1.0,1.0,10,10,0.0
3755,e_demand,battery,2030,16,1.0,1.0,11,11,0.0
3756,e_demand,battery,2030,16,1.0,1.0,12,12,0.0
3757,e_demand,battery,2030,16,1.0,1.0,13,13,0.0
3758,e_demand,battery,2030,16,1.0,1.0,14,14,0.0
3759,e_demand,battery,2030,16,1.0,1.0,15,15,0.0
3760,e_demand,battery,2030,16,1.0,1.0,16,16,0.0
3761,e_demand,battery,2030,16,1.0,1.0,17,17,0.0
3762,e_demand,battery,2030,16,1.0,1.0,18,18,0.0
3763,e_demand,battery,2030,16,1.0,1.0,19,19,0.0
3764,e_demand,battery,2030,16,1.0,1.0,20,20,0.0
3765,e_demand,battery,2030,16,1.0,1.0,21,21,0.0
3766,e_demand,battery,2030,16,1.0,1.0,22,22,0.0
3767,e_demand,battery,2030,16,1.0,1.0,23,23,0.0
3768,e_demand,battery,2030,16,1.0,1.0,24,24,0.0
3769,solar,e_demand,2030,16,1.0,1.0,1,1,0.0
3770,solar,e_demand,2030,16,1.0,1.0,2,2,0.0
3771,solar,e_demand,2030,16,1.0,1.0,3,3,0.0
3772,solar,e_demand,2030,16,1.0,1.0,4,4,0.0
3773,solar,e_demand,2030,16,1.0,1.0,5,5,0.0
3774,solar,e_demand,2030,16,1.0,1.0,6,6,0.0
3775,solar,e_demand,2030,16,1.0,1.0,7,7,0.0
3776,solar,e_demand,2030,16,1.0,1.0,8,8,0.0
3777,solar,e_demand,2030,16,1.0,1.0,9,9,0.03934666792032559
3778,solar,e_demand,2030,16,1.0,1.0,10,10,0.11489431502465608
3779,solar,e_demand,2030,16,1.0,1.0,11,11,0.18998778090289495
3780,solar,e_demand,2030,16,1.0,1.0,12,12,0.23528333055947792
3781,solar,e_demand,2030,16,1.0,1.0,13,13,0.25916247589930663
3782,solar,e_demand,2030,16,1.0,1.0,14,14,0.2577702797877511
3783,solar,e_demand,2030,16,1.0,1.0,15,15,0.21359480200924275
3784,solar,e_demand,2030,16,1.0,1.0,16,16,0.1429698312412643
3785,solar,e_demand,2030,16,1.0,1.0,17,17,0.06521940968131783
3786,solar,e_demand,2030,16,1.0,1.0,18,18,0.0
3787,solar,e_demand,2030,16,1.0,1.0,19,19,0.0
3788,solar,e_demand,2030,16,1.0,1.0,20,20,0.0
3789,solar,e_demand,2030,16,1.0,1.0,21,21,0.0
3790,solar,e_demand,2030,16,1.0,1.0,22,22,0.0
3791,solar,e_demand,2030,16,1.0,1.0,23,23,0.0
3792,solar,e_demand,2030,16,1.0,1.0,24,24,0.0
3793,hydro_reservoir,e_demand,2030,16,1.0,1.0,1,1,0.006130900215371082
3794,hydro_reservoir,e_demand,2030,16,1.0,1.0,2,2,0.0
3795,hydro_reservoir,e_demand,2030,16,1.0,1.0,3,3,0.0
3796,hydro_reservoir,e_demand,2030,16,1.0,1.0,4,4,0.0
3797,hydro_reservoir,e_demand,2030,16,1.0,1.0,5,5,0.0
3798,hydro_reservoir,e_demand,2030,16,1.0,1.0,6,6,0.0
3799,hydro_reservoir,e_demand,2030,16,1.0,1.0,7,7,0.0
3800,hydro_reservoir,e_demand,2030,16,1.0,1.0,8,8,0.0
3801,hydro_reservoir,e_demand,2030,16,1.0,1.0,9,9,0.0
3802,hydro_reservoir,e_demand,2030,16,1.0,1.0,10,10,0.0
3803,hydro_reservoir,e_demand,2030,16,1.0,1.0,11,11,0.0
3804,hydro_reservoir,e_demand,2030,16,1.0,1.0,12,12,0.0
3805,hydro_reservoir,e_demand,2030,16,1.0,1.0,13,13,0.1
3806,hydro_reservoir,e_demand,2030,16,1.0,1.0,14,14,0.1
3807,hydro_reservoir,e_demand,2030,16,1.0,1.0,15,15,0.1
3808,hydro_reservoir,e_demand,2030,16,1.0,1.0,16,16,0.1
3809,hydro_reservoir,e_demand,2030,16,1.0,1.0,17,17,0.1
3810,hydro_reservoir,e_demand,2030,16,1.0,1.0,18,18,0.1
3811,hydro_reservoir,e_demand,2030,16,1.0,1.0,19,19,0.1
3812,hydro_reservoir,e_demand,2030,16,1.0,1.0,20,20,0.1
3813,hydro_reservoir,e_demand,2030,16,1.0,1.0,21,21,0.1
3814,hydro_reservoir,e_demand,2030,16,1.0,1.0,22,22,0.1
3815,hydro_reservoir,e_demand,2030,16,1.0,1.0,23,23,0.0
3816,hydro_reservoir,e_demand,2030,16,1.0,1.0,24,24,0.0
3817,hydro_reservoir,spillage,2030,16,0.0,1.0,1,1,0.0
3818,hydro_reservoir,spillage,2030,16,0.0,1.0,2,2,0.0
3819,hydro_reservoir,spillage,2030,16,0.0,1.0,3,3,0.0
3820,hydro_reservoir,spillage,2030,16,0.0,1.0,4,4,0.0
3821,hydro_reservoir,spillage,2030,16,0.0,1.0,5,5,0.0
3822,hydro_reservoir,spillage,2030,16,0.0,1.0,6,6,0.0
3823,hydro_reservoir,spillage,2030,16,0.0,1.0,7,7,0.0
3824,hydro_reservoir,spillage,2030,16,0.0,1.0,8,8,0.0
3825,hydro_reservoir,spillage,2030,16,0.0,1.0,9,9,0.0
3826,hydro_reservoir,spillage,2030,16,0.0,1.0,10,10,0.0
3827,hydro_reservoir,spillage,2030,16,0.0,1.0,11,11,0.0
3828,hydro_reservoir,spillage,2030,16,0.0,1.0,12,12,0.0
3829,hydro_reservoir,spillage,2030,16,0.0,1.0,13,13,0.0
3830,hydro_reservoir,spillage,2030,16,0.0,1.0,14,14,0.0
3831,hydro_reservoir,spillage,2030,16,0.0,1.0,15,15,0.0
3832,hydro_reservoir,spillage,2030,16,0.0,1.0,16,16,0.0
3833,hydro_reservoir,spillage,2030,16,0.0,1.0,17,17,0.0
3834,hydro_reservoir,spillage,2030,16,0.0,1.0,18,18,0.0
3835,hydro_reservoir,spillage,2030,16,0.0,1.0,19,19,0.0
3836,hydro_reservoir,spillage,2030,16,0.0,1.0,20,20,0.0
3837,hydro_reservoir,spillage,2030,16,0.0,1.0,21,21,0.0
3838,hydro_reservoir,spillage,2030,16,0.0,1.0,22,22,0.0
3839,hydro_reservoir,spillage,2030,16,0.0,1.0,23,23,0.0
3840,hydro_reservoir,spillage,2030,16,0.0,1.0,24,24,0.0
3841,ens,e_demand,2030,17,1.0,1.0,1,1,0.0
3842,ens,e_demand,2030,17,1.0,1.0,2,2,0.0
3843,ens,e_demand,2030,17,1.0,1.0,3,3,0.0
3844,ens,e_demand,2030,17,1.0,1.0,4,4,0.0
3845,ens,e_demand,2030,17,1.0,1.0,5,5,0.0
3846,ens,e_demand,2030,17,1.0,1.0,6,6,0.0
3847,ens,e_demand,2030,17,1.0,1.0,7,7,0.0
3848,ens,e_demand,2030,17,1.0,1.0,8,8,0.0
3849,ens,e_demand,2030,17,1.0,1.0,9,9,0.0
3850,ens,e_demand,2030,17,1.0,1.0,10,10,0.0
3851,ens,e_demand,2030,17,1.0,1.0,11,11,0.0
3852,ens,e_demand,2030,17,1.0,1.0,12,12,0.0
3853,ens,e_demand,2030,17,1.0,1.0,13,13,0.0
3854,ens,e_demand,2030,17,1.0,1.0,14,14,0.0
3855,ens,e_demand,2030,17,1.0,1.0,15,15,0.0
3856,ens,e_demand,2030,17,1.0,1.0,16,16,0.0
3857,ens,e_demand,2030,17,1.0,1.0,17,17,0.0
3858,ens,e_demand,2030,17,1.0,1.0,18,18,0.0
3859,ens,e_demand,2030,17,1.0,1.0,19,19,0.0
3860,ens,e_demand,2030,17,1.0,1.0,20,20,0.0
3861,ens,e_demand,2030,17,1.0,1.0,21,21,0.0
3862,ens,e_demand,2030,17,1.0,1.0,22,22,0.0
3863,ens,e_demand,2030,17,1.0,1.0,23,23,0.0
3864,ens,e_demand,2030,17,1.0,1.0,24,24,0.0
3865,wind_offshore,e_demand,2030,17,1.0,1.0,1,1,0.37470400510513063
3866,wind_offshore,e_demand,2030,17,1.0,1.0,2,2,0.38091017489636897
3867,wind_offshore,e_demand,2030,17,1.0,1.0,3,3,0.37979357858284907
3868,wind_offshore,e_demand,2030,17,1.0,1.0,4,4,0.37580274416049964
3869,wind_offshore,e_demand,2030,17,1.0,1.0,5,5,0.37664034852460937
3870,wind_offshore,e_demand,2030,17,1.0,1.0,6,6,0.37522834520960696
3871,wind_offshore,e_demand,2030,17,1.0,1.0,7,7,0.3763512164925999
3872,wind_offshore,e_demand,2030,17,1.0,1.0,8,8,0.36722626916853135
3873,wind_offshore,e_demand,2030,17,1.0,1.0,9,9,0.3637136511596767
3874,wind_offshore,e_demand,2030,17,1.0,1.0,10,10,0.3373466372482524
3875,wind_offshore,e_demand,2030,17,1.0,1.0,11,11,0.2630181318630394
3876,wind_offshore,e_demand,2030,17,1.0,1.0,12,12,0.18350381707054467
3877,wind_offshore,e_demand,2030,17,1.0,1.0,13,13,0.11226677845778926
3878,wind_offshore,e_demand,2030,17,1.0,1.0,14,14,0.06542444980885329
3879,wind_offshore,e_demand,2030,17,1.0,1.0,15,15,0.03003231557140681
3880,wind_offshore,e_demand,2030,17,1.0,1.0,16,16,0.008299347583241657
3881,wind_offshore,e_demand,2030,17,1.0,1.0,17,17,0.0008798991381437328
3882,wind_offshore,e_demand,2030,17,1.0,1.0,18,18,0.0
3883,wind_offshore,e_demand,2030,17,1.0,1.0,19,19,4.942723581354912e-05
3884,wind_offshore,e_demand,2030,17,1.0,1.0,20,20,0.001985045714108187
3885,wind_offshore,e_demand,2030,17,1.0,1.0,21,21,0.012053287777194483
3886,wind_offshore,e_demand,2030,17,1.0,1.0,22,22,0.028497295144600008
3887,wind_offshore,e_demand,2030,17,1.0,1.0,23,23,0.01350500005766286
3888,wind_offshore,e_demand,2030,17,1.0,1.0,24,24,0.018680888315452414
3889,ocgt,e_demand,2030,17,1.0,1.0,1,1,0.0
3890,ocgt,e_demand,2030,17,1.0,1.0,2,2,0.0
3891,ocgt,e_demand,2030,17,1.0,1.0,3,3,0.0
3892,ocgt,e_demand,2030,17,1.0,1.0,4,4,0.0
3893,ocgt,e_demand,2030,17,1.0,1.0,5,5,0.0
3894,ocgt,e_demand,2030,17,1.0,1.0,6,6,0.0
3895,ocgt,e_demand,2030,17,1.0,1.0,7,7,0.0
3896,ocgt,e_demand,2030,17,1.0,1.0,8,8,0.0
3897,ocgt,e_demand,2030,17,1.0,1.0,9,9,0.0
3898,ocgt,e_demand,2030,17,1.0,1.0,10,10,0.0
3899,ocgt,e_demand,2030,17,1.0,1.0,11,11,0.0
3900,ocgt,e_demand,2030,17,1.0,1.0,12,12,0.0
3901,ocgt,e_demand,2030,17,1.0,1.0,13,13,0.0
3902,ocgt,e_demand,2030,17,1.0,1.0,14,14,0.0
3903,ocgt,e_demand,2030,17,1.0,1.0,15,15,0.0
3904,ocgt,e_demand,2030,17,1.0,1.0,16,16,0.0
3905,ocgt,e_demand,2030,17,1.0,1.0,17,17,0.0
3906,ocgt,e_demand,2030,17,1.0,1.0,18,18,0.0
3907,ocgt,e_demand,2030,17,1.0,1.0,19,19,0.0
3908,ocgt,e_demand,2030,17,1.0,1.0,20,20,0.0
3909,ocgt,e_demand,2030,17,1.0,1.0,21,21,0.0
3910,ocgt,e_demand,2030,17,1.0,1.0,22,22,0.0
3911,ocgt,e_demand,2030,17,1.0,1.0,23,23,0.0
3912,ocgt,e_demand,2030,17,1.0,1.0,24,24,0.0
3913,battery,e_demand,2030,17,1.0,1.0,1,1,0.0
3914,battery,e_demand,2030,17,1.0,1.0,2,2,0.0
3915,battery,e_demand,2030,17,1.0,1.0,3,3,0.0
3916,battery,e_demand,2030,17,1.0,1.0,4,4,0.0
3917,battery,e_demand,2030,17,1.0,1.0,5,5,0.0
3918,battery,e_demand,2030,17,1.0,1.0,6,6,0.0
3919,battery,e_demand,2030,17,1.0,1.0,7,7,0.0
3920,battery,e_demand,2030,17,1.0,1.0,8,8,0.0
3921,battery,e_demand,2030,17,1.0,1.0,9,9,0.0
3922,battery,e_demand,2030,17,1.0,1.0,10,10,0.0
3923,battery,e_demand,2030,17,1.0,1.0,11,11,0.0
3924,battery,e_demand,2030,17,1.0,1.0,12,12,0.0
3925,battery,e_demand,2030,17,1.0,1.0,13,13,0.0
3926,battery,e_demand,2030,17,1.0,1.0,14,14,0.0
3927,battery,e_demand,2030,17,1.0,1.0,15,15,0.0
3928,battery,e_demand,2030,17,1.0,1.0,16,16,0.0
3929,battery,e_demand,2030,17,1.0,1.0,17,17,0.0
3930,battery,e_demand,2030,17,1.0,1.0,18,18,0.0
3931,battery,e_demand,2030,17,1.0,1.0,19,19,0.0
3932,battery,e_demand,2030,17,1.0,1.0,20,20,0.0
3933,battery,e_demand,2030,17,1.0,1.0,21,21,0.0
3934,battery,e_demand,2030,17,1.0,1.0,22,22,0.0
3935,battery,e_demand,2030,17,1.0,1.0,23,23,0.0
3936,battery,e_demand,2030,17,1.0,1.0,24,24,0.0
3937,ccgt,e_demand,2030,17,1.0,1.0,1,1,0.21343070647822196
3938,ccgt,e_demand,2030,17,1.0,1.0,2,2,0.19776144545551574
3939,ccgt,e_demand,2030,17,1.0,1.0,3,3,0.200801134988424
3940,ccgt,e_demand,2030,17,1.0,1.0,4,4,0.21603089248921398
3941,ccgt,e_demand,2030,17,1.0,1.0,5,5,0.2587554873286149
3942,ccgt,e_demand,2030,17,1.0,1.0,6,6,0.3221904911370144
3943,ccgt,e_demand,2030,17,1.0,1.0,7,7,0.37589341838824636
3944,ccgt,e_demand,2030,17,1.0,1.0,8,8,0.37267676901707336
3945,ccgt,e_demand,2030,17,1.0,1.0,9,9,0.27552475038383795
3946,ccgt,e_demand,2030,17,1.0,1.0,10,10,0.1878854827688834
3947,ccgt,e_demand,2030,17,1.0,1.0,11,11,0.17221475580078416
3948,ccgt,e_demand,2030,17,1.0,1.0,12,12,0.20353737129600713
3949,ccgt,e_demand,2030,17,1.0,1.0,13,13,0.2525843477554637
3950,ccgt,e_demand,2030,17,1.0,1.0,14,14,0.3042549531754788
3951,ccgt,e_demand,2030,17,1.0,1.0,15,15,0.39748867909376057
3952,ccgt,e_demand,2030,17,1.0,1.0,16,16,0.5075185746622055
3953,ccgt,e_demand,2030,17,1.0,1.0,17,17,0.6546072564279046
3954,ccgt,e_demand,2030,17,1.0,1.0,18,18,0.782511792213564
3955,ccgt,e_demand,2030,17,1.0,1.0,19,19,0.8356125965444445
3956,ccgt,e_demand,2030,17,1.0,1.0,20,20,0.8500574246665205
3957,ccgt,e_demand,2030,17,1.0,1.0,21,21,0.8083085802240271
3958,ccgt,e_demand,2030,17,1.0,1.0,22,22,0.7158752706205519
3959,ccgt,e_demand,2030,17,1.0,1.0,23,23,0.6860907765474216
3960,ccgt,e_demand,2030,17,1.0,1.0,24,24,0.671199072726638
3961,e_demand,battery,2030,17,1.0,1.0,1,1,0.0
3962,e_demand,battery,2030,17,1.0,1.0,2,2,0.0
3963,e_demand,battery,2030,17,1.0,1.0,3,3,0.0
3964,e_demand,battery,2030,17,1.0,1.0,4,4,0.0
3965,e_demand,battery,2030,17,1.0,1.0,5,5,0.0
3966,e_demand,battery,2030,17,1.0,1.0,6,6,0.0
3967,e_demand,battery,2030,17,1.0,1.0,7,7,0.0
3968,e_demand,battery,2030,17,1.0,1.0,8,8,0.0
3969,e_demand,battery,2030,17,1.0,1.0,9,9,0.0
3970,e_demand,battery,2030,17,1.0,1.0,10,10,0.0
3971,e_demand,battery,2030,17,1.0,1.0,11,11,0.0
3972,e_demand,battery,2030,17,1.0,1.0,12,12,0.0
3973,e_demand,battery,2030,17,1.0,1.0,13,13,0.0
3974,e_demand,battery,2030,17,1.0,1.0,14,14,0.0
3975,e_demand,battery,2030,17,1.0,1.0,15,15,0.0
3976,e_demand,battery,2030,17,1.0,1.0,16,16,0.0
3977,e_demand,battery,2030,17,1.0,1.0,17,17,0.0
3978,e_demand,battery,2030,17,1.0,1.0,18,18,0.0
3979,e_demand,battery,2030,17,1.0,1.0,19,19,0.0
3980,e_demand,battery,2030,17,1.0,1.0,20,20,0.0
3981,e_demand,battery,2030,17,1.0,1.0,21,21,0.0
3982,e_demand,battery,2030,17,1.0,1.0,22,22,0.0
3983,e_demand,battery,2030,17,1.0,1.0,23,23,0.0
3984,e_demand,battery,2030,17,1.0,1.0,24,24,0.0
3985,wind,e_demand,2030,17,1.0,1.0,1,1,0.09922396463856001
3986,wind,e_demand,2030,17,1.0,1.0,2,2,0.0938087852335194
3987,wind,e_demand,2030,17,1.0,1.0,3,3,0.08815512066796945
3988,wind,e_demand,2030,17,1.0,1.0,4,4,0.08066721842960638
3989,wind,e_demand,2030,17,1.0,1.0,5,5,0.07293778127354607
3990,wind,e_demand,2030,17,1.0,1.0,6,6,0.06624926203078917
3991,wind,e_demand,2030,17,1.0,1.0,7,7,0.06179240082445494
3992,wind,e_demand,2030,17,1.0,1.0,8,8,0.05883527329690755
3993,wind,e_demand,2030,17,1.0,1.0,9,9,0.053978993649132945
3994,wind,e_demand,2030,17,1.0,1.0,10,10,0.043026138011129
3995,wind,e_demand,2030,17,1.0,1.0,11,11,0.036255300389490444
3996,wind,e_demand,2030,17,1.0,1.0,12,12,0.03666466895547155
3997,wind,e_demand,2030,17,1.0,1.0,13,13,0.038288518189209614
3998,wind,e_demand,2030,17,1.0,1.0,14,14,0.041615449134094255
3999,wind,e_demand,2030,17,1.0,1.0,15,15,0.04439953339953431
4000,wind,e_demand,2030,17,1.0,1.0,16,16,0.047807853944307525
4001,wind,e_demand,2030,17,1.0,1.0,17,17,0.0521080826464626
4002,wind,e_demand,2030,17,1.0,1.0,18,18,0.06009486444737437
4003,wind,e_demand,2030,17,1.0,1.0,19,19,0.0718832020007367
4004,wind,e_demand,2030,17,1.0,1.0,20,20,0.07820852041932087
4005,wind,e_demand,2030,17,1.0,1.0,21,21,0.07449134791868421
4006,wind,e_demand,2030,17,1.0,1.0,22,22,0.07409609733750393
4007,wind,e_demand,2030,17,1.0,1.0,23,23,0.06367421937148
4008,wind,e_demand,2030,17,1.0,1.0,24,24,0.06443713053905634
4009,solar,e_demand,2030,17,1.0,1.0,1,1,0.0
4010,solar,e_demand,2030,17,1.0,1.0,2,2,0.0
4011,solar,e_demand,2030,17,1.0,1.0,3,3,0.0
4012,solar,e_demand,2030,17,1.0,1.0,4,4,0.0
4013,solar,e_demand,2030,17,1.0,1.0,5,5,0.0
4014,solar,e_demand,2030,17,1.0,1.0,6,6,0.0
4015,solar,e_demand,2030,17,1.0,1.0,7,7,0.0
4016,solar,e_demand,2030,17,1.0,1.0,8,8,0.04966854599838999
4017,solar,e_demand,2030,17,1.0,1.0,9,9,0.18397865262937907
4018,solar,e_demand,2030,17,1.0,1.0,10,10,0.330928107656587
4019,solar,e_demand,2030,17,1.0,1.0,11,11,0.42987442539909315
4020,solar,e_demand,2030,17,1.0,1.0,12,12,0.494695779622794
4021,solar,e_demand,2030,17,1.0,1.0,13,13,0.5152109822814972
4022,solar,e_demand,2030,17,1.0,1.0,14,14,0.4881372479007198
4023,solar,e_demand,2030,17,1.0,1.0,15,15,0.41384719572076806
4024,solar,e_demand,2030,17,1.0,1.0,16,16,0.3226834726597138
4025,solar,e_demand,2030,17,1.0,1.0,17,17,0.1800037153628134
4026,solar,e_demand,2030,17,1.0,1.0,18,18,0.045332605782664424
4027,solar,e_demand,2030,17,1.0,1.0,19,19,0.0
4028,solar,e_demand,2030,17,1.0,1.0,20,20,0.0
4029,solar,e_demand,2030,17,1.0,1.0,21,21,0.0
4030,solar,e_demand,2030,17,1.0,1.0,22,22,0.0
4031,solar,e_demand,2030,17,1.0,1.0,23,23,0.0
4032,solar,e_demand,2030,17,1.0,1.0,24,24,0.0
4033,hydro_reservoir,e_demand,2030,17,1.0,1.0,1,1,0.0
4034,hydro_reservoir,e_demand,2030,17,1.0,1.0,2,2,0.0
4035,hydro_reservoir,e_demand,2030,17,1.0,1.0,3,3,0.0
4036,hydro_reservoir,e_demand,2030,17,1.0,1.0,4,4,0.0
4037,hydro_reservoir,e_demand,2030,17,1.0,1.0,5,5,0.0
4038,hydro_reservoir,e_demand,2030,17,1.0,1.0,6,6,0.0
4039,hydro_reservoir,e_demand,2030,17,1.0,1.0,7,7,0.0
4040,hydro_reservoir,e_demand,2030,17,1.0,1.0,8,8,0.0
4041,hydro_reservoir,e_demand,2030,17,1.0,1.0,9,9,0.0
4042,hydro_reservoir,e_demand,2030,17,1.0,1.0,10,10,0.0
4043,hydro_reservoir,e_demand,2030,17,1.0,1.0,11,11,0.0
4044,hydro_reservoir,e_demand,2030,17,1.0,1.0,12,12,0.0
4045,hydro_reservoir,e_demand,2030,17,1.0,1.0,13,13,0.0
4046,hydro_reservoir,e_demand,2030,17,1.0,1.0,14,14,0.0
4047,hydro_reservoir,e_demand,2030,17,1.0,1.0,15,15,0.0
4048,hydro_reservoir,e_demand,2030,17,1.0,1.0,16,16,0.0
4049,hydro_reservoir,e_demand,2030,17,1.0,1.0,17,17,0.0
4050,hydro_reservoir,e_demand,2030,17,1.0,1.0,18,18,0.0
4051,hydro_reservoir,e_demand,2030,17,1.0,1.0,19,19,0.0
4052,hydro_reservoir,e_demand,2030,17,1.0,1.0,20,20,0.0
4053,hydro_reservoir,e_demand,2030,17,1.0,1.0,21,21,0.0
4054,hydro_reservoir,e_demand,2030,17,1.0,1.0,22,22,0.0
4055,hydro_reservoir,e_demand,2030,17,1.0,1.0,23,23,0.0
4056,hydro_reservoir,e_demand,2030,17,1.0,1.0,24,24,0.0
4057,hydro_reservoir,spillage,2030,17,0.0,1.0,1,1,0.0
4058,hydro_reservoir,spillage,2030,17,0.0,1.0,2,2,0.0
4059,hydro_reservoir,spillage,2030,17,0.0,1.0,3,3,0.0
4060,hydro_reservoir,spillage,2030,17,0.0,1.0,4,4,0.0
4061,hydro_reservoir,spillage,2030,17,0.0,1.0,5,5,0.0
4062,hydro_reservoir,spillage,2030,17,0.0,1.0,6,6,0.0
4063,hydro_reservoir,spillage,2030,17,0.0,1.0,7,7,0.0
4064,hydro_reservoir,spillage,2030,17,0.0,1.0,8,8,0.0
4065,hydro_reservoir,spillage,2030,17,0.0,1.0,9,9,0.0
4066,hydro_reservoir,spillage,2030,17,0.0,1.0,10,10,0.0
4067,hydro_reservoir,spillage,2030,17,0.0,1.0,11,11,0.0
4068,hydro_reservoir,spillage,2030,17,0.0,1.0,12,12,0.0
4069,hydro_reservoir,spillage,2030,17,0.0,1.0,13,13,0.0
4070,hydro_reservoir,spillage,2030,17,0.0,1.0,14,14,0.0
4071,hydro_reservoir,spillage,2030,17,0.0,1.0,15,15,0.0
4072,hydro_reservoir,spillage,2030,17,0.0,1.0,16,16,0.0
4073,hydro_reservoir,spillage,2030,17,0.0,1.0,17,17,0.0
4074,hydro_reservoir,spillage,2030,17,0.0,1.0,18,18,0.0
4075,hydro_reservoir,spillage,2030,17,0.0,1.0,19,19,0.0
4076,hydro_reservoir,spillage,2030,17,0.0,1.0,20,20,0.0
4077,hydro_reservoir,spillage,2030,17,0.0,1.0,21,21,0.0
4078,hydro_reservoir,spillage,2030,17,0.0,1.0,22,22,0.0
4079,hydro_reservoir,spillage,2030,17,0.0,1.0,23,23,0.0
4080,hydro_reservoir,spillage,2030,17,0.0,1.0,24,24,0.0
4081,ens,e_demand,2030,18,1.0,1.0,1,1,0.0
4082,ens,e_demand,2030,18,1.0,1.0,2,2,0.0
4083,ens,e_demand,2030,18,1.0,1.0,3,3,0.0
4084,ens,e_demand,2030,18,1.0,1.0,4,4,0.0
4085,ens,e_demand,2030,18,1.0,1.0,5,5,0.0
4086,ens,e_demand,2030,18,1.0,1.0,6,6,0.0
4087,ens,e_demand,2030,18,1.0,1.0,7,7,0.0
4088,ens,e_demand,2030,18,1.0,1.0,8,8,0.0
4089,ens,e_demand,2030,18,1.0,1.0,9,9,0.0
4090,ens,e_demand,2030,18,1.0,1.0,10,10,0.0
4091,ens,e_demand,2030,18,1.0,1.0,11,11,0.0
4092,ens,e_demand,2030,18,1.0,1.0,12,12,0.0
4093,ens,e_demand,2030,18,1.0,1.0,13,13,0.0
4094,ens,e_demand,2030,18,1.0,1.0,14,14,0.0
4095,ens,e_demand,2030,18,1.0,1.0,15,15,0.0
4096,ens,e_demand,2030,18,1.0,1.0,16,16,0.0
4097,ens,e_demand,2030,18,1.0,1.0,17,17,0.0
4098,ens,e_demand,2030,18,1.0,1.0,18,18,0.0
4099,ens,e_demand,2030,18,1.0,1.0,19,19,0.0
4100,ens,e_demand,2030,18,1.0,1.0,20,20,0.0
4101,ens,e_demand,2030,18,1.0,1.0,21,21,0.0
4102,ens,e_demand,2030,18,1.0,1.0,22,22,0.0
4103,ens,e_demand,2030,18,1.0,1.0,23,23,0.0
4104,ens,e_demand,2030,18,1.0,1.0,24,24,0.0
4105,wind_offshore,e_demand,2030,18,1.0,1.0,1,1,0.3606209969333695
4106,wind_offshore,e_demand,2030,18,1.0,1.0,2,2,0.2452839768806629
4107,wind_offshore,e_demand,2030,18,1.0,1.0,3,3,0.23315672893060335
4108,wind_offshore,e_demand,2030,18,1.0,1.0,4,4,0.2581960188013511
4109,wind_offshore,e_demand,2030,18,1.0,1.0,5,5,0.29066861291525303
4110,wind_offshore,e_demand,2030,18,1.0,1.0,6,6,0.1620688635145951
4111,wind_offshore,e_demand,2030,18,1.0,1.0,7,7,0.0472301669441117
4112,wind_offshore,e_demand,2030,18,1.0,1.0,8,8,0.032589050310113984
4113,wind_offshore,e_demand,2030,18,1.0,1.0,9,9,0.19322014751457103
4114,wind_offshore,e_demand,2030,18,1.0,1.0,10,10,0.3345553697780708
4115,wind_offshore,e_demand,2030,18,1.0,1.0,11,11,0.23256749522207004
4116,wind_offshore,e_demand,2030,18,1.0,1.0,12,12,0.15873720254177748
4117,wind_offshore,e_demand,2030,18,1.0,1.0,13,13,0.1578671149644379
4118,wind_offshore,e_demand,2030,18,1.0,1.0,14,14,0.06270773737941376
4119,wind_offshore,e_demand,2030,18,1.0,1.0,15,15,0.09684918058652889
4120,wind_offshore,e_demand,2030,18,1.0,1.0,16,16,0.16343128079143526
4121,wind_offshore,e_demand,2030,18,1.0,1.0,17,17,0.29516847488989617
4122,wind_offshore,e_demand,2030,18,1.0,1.0,18,18,0.2562548991564082
4123,wind_offshore,e_demand,2030,18,1.0,1.0,19,19,0.21647746267126242
4124,wind_offshore,e_demand,2030,18,1.0,1.0,20,20,0.19788758575015938
4125,wind_offshore,e_demand,2030,18,1.0,1.0,21,21,0.23087277985477966
4126,wind_offshore,e_demand,2030,18,1.0,1.0,22,22,0.2571884842054818
4127,wind_offshore,e_demand,2030,18,1.0,1.0,23,23,0.2630928129062314
4128,wind_offshore,e_demand,2030,18,1.0,1.0,24,24,0.35644222948256415
4129,ocgt,e_demand,2030,18,1.0,1.0,1,1,0.0
4130,ocgt,e_demand,2030,18,1.0,1.0,2,2,0.0
4131,ocgt,e_demand,2030,18,1.0,1.0,3,3,0.0
4132,ocgt,e_demand,2030,18,1.0,1.0,4,4,0.0
4133,ocgt,e_demand,2030,18,1.0,1.0,5,5,0.0
4134,ocgt,e_demand,2030,18,1.0,1.0,6,6,0.0
4135,ocgt,e_demand,2030,18,1.0,1.0,7,7,0.0
4136,ocgt,e_demand,2030,18,1.0,1.0,8,8,0.0
4137,ocgt,e_demand,2030,18,1.0,1.0,9,9,0.0
4138,ocgt,e_demand,2030,18,1.0,1.0,10,10,0.0
4139,ocgt,e_demand,2030,18,1.0,1.0,11,11,0.0
4140,ocgt,e_demand,2030,18,1.0,1.0,12,12,0.0
4141,ocgt,e_demand,2030,18,1.0,1.0,13,13,0.0
4142,ocgt,e_demand,2030,18,1.0,1.0,14,14,0.0
4143,ocgt,e_demand,2030,18,1.0,1.0,15,15,0.0
4144,ocgt,e_demand,2030,18,1.0,1.0,16,16,0.0
4145,ocgt,e_demand,2030,18,1.0,1.0,17,17,0.0
4146,ocgt,e_demand,2030,18,1.0,1.0,18,18,0.0
4147,ocgt,e_demand,2030,18,1.0,1.0,19,19,0.0
4148,ocgt,e_demand,2030,18,1.0,1.0,20,20,0.0
4149,ocgt,e_demand,2030,18,1.0,1.0,21,21,0.0
4150,ocgt,e_demand,2030,18,1.0,1.0,22,22,0.0
4151,ocgt,e_demand,2030,18,1.0,1.0,23,23,0.0
4152,ocgt,e_demand,2030,18,1.0,1.0,24,24,0.0
4153,battery,e_demand,2030,18,1.0,1.0,1,1,0.0
4154,battery,e_demand,2030,18,1.0,1.0,2,2,0.0
4155,battery,e_demand,2030,18,1.0,1.0,3,3,0.0
4156,battery,e_demand,2030,18,1.0,1.0,4,4,0.0
4157,battery,e_demand,2030,18,1.0,1.0,5,5,0.0
4158,battery,e_demand,2030,18,1.0,1.0,6,6,0.029596095407529277
4159,battery,e_demand,2030,18,1.0,1.0,7,7,0.08282063810580348
4160,battery,e_demand,2030,18,1.0,1.0,8,8,0.024956889550182323
4161,battery,e_demand,2030,18,1.0,1.0,9,9,0.05262637693648495
4162,battery,e_demand,2030,18,1.0,1.0,10,10,0.0
4163,battery,e_demand,2030,18,1.0,1.0,11,11,0.0
4164,battery,e_demand,2030,18,1.0,1.0,12,12,0.0
4165,battery,e_demand,2030,18,1.0,1.0,13,13,0.0
4166,battery,e_demand,2030,18,1.0,1.0,14,14,0.0
4167,battery,e_demand,2030,18,1.0,1.0,15,15,0.0
4168,battery,e_demand,2030,18,1.0,1.0,16,16,0.0
4169,battery,e_demand,2030,18,1.0,1.0,17,17,0.0
4170,battery,e_demand,2030,18,1.0,1.0,18,18,0.0
4171,battery,e_demand,2030,18,1.0,1.0,19,19,0.0
4172,battery,e_demand,2030,18,1.0,1.0,20,20,0.08282063810580348
4173,battery,e_demand,2030,18,1.0,1.0,21,21,0.0
4174,battery,e_demand,2030,18,1.0,1.0,22,22,0.0
4175,battery,e_demand,2030,18,1.0,1.0,23,23,0.08282063810580348
4176,battery,e_demand,2030,18,1.0,1.0,24,24,0.024358723788393065
4177,ccgt,e_demand,2030,18,1.0,1.0,1,1,0.0
4178,ccgt,e_demand,2030,18,1.0,1.0,2,2,0.0
4179,ccgt,e_demand,2030,18,1.0,1.0,3,3,0.0
4180,ccgt,e_demand,2030,18,1.0,1.0,4,4,0.0
4181,ccgt,e_demand,2030,18,1.0,1.0,5,5,0.0
4182,ccgt,e_demand,2030,18,1.0,1.0,6,6,0.0
4183,ccgt,e_demand,2030,18,1.0,1.0,7,7,0.05584655430533275
4184,ccgt,e_demand,2030,18,1.0,1.0,8,8,0.15342168793074135
4185,ccgt,e_demand,2030,18,1.0,1.0,9,9,0.0
4186,ccgt,e_demand,2030,18,1.0,1.0,10,10,0.0
4187,ccgt,e_demand,2030,18,1.0,1.0,11,11,0.0
4188,ccgt,e_demand,2030,18,1.0,1.0,12,12,0.0
4189,ccgt,e_demand,2030,18,1.0,1.0,13,13,0.0
4190,ccgt,e_demand,2030,18,1.0,1.0,14,14,0.0
4191,ccgt,e_demand,2030,18,1.0,1.0,15,15,0.0
4192,ccgt,e_demand,2030,18,1.0,1.0,16,16,0.0
4193,ccgt,e_demand,2030,18,1.0,1.0,17,17,0.0
4194,ccgt,e_demand,2030,18,1.0,1.0,18,18,0.09400248053033572
4195,ccgt,e_demand,2030,18,1.0,1.0,19,19,0.18104756226150986
4196,ccgt,e_demand,2030,18,1.0,1.0,20,20,0.15614827417782667
4197,ccgt,e_demand,2030,18,1.0,1.0,21,21,0.25787333531778633
4198,ccgt,e_demand,2030,18,1.0,1.0,22,22,0.24902999756686583
4199,ccgt,e_demand,2030,18,1.0,1.0,23,23,0.14753129531603676
4200,ccgt,e_demand,2030,18,1.0,1.0,24,24,0.11522091033246723
4201,e_demand,battery,2030,18,1.0,1.0,1,1,0.08282063810580348
4202,e_demand,battery,2030,18,1.0,1.0,2,2,0.0
4203,e_demand,battery,2030,18,1.0,1.0,3,3,0.0
4204,e_demand,battery,2030,18,1.0,1.0,4,4,0.04488503957786675
4205,e_demand,battery,2030,18,1.0,1.0,5,5,0.08282063810580348
4206,e_demand,battery,2030,18,1.0,1.0,6,6,0.0
4207,e_demand,battery,2030,18,1.0,1.0,7,7,0.0
4208,e_demand,battery,2030,18,1.0,1.0,8,8,0.0
4209,e_demand,battery,2030,18,1.0,1.0,9,9,0.0
4210,e_demand,battery,2030,18,1.0,1.0,10,10,0.08282063810580348
4211,e_demand,battery,2030,18,1.0,1.0,11,11,0.0
4212,e_demand,battery,2030,18,1.0,1.0,12,12,0.0
4213,e_demand,battery,2030,18,1.0,1.0,13,13,0.08282063810580348
4214,e_demand,battery,2030,18,1.0,1.0,14,14,0.0
4215,e_demand,battery,2030,18,1.0,1.0,15,15,0.0
4216,e_demand,battery,2030,18,1.0,1.0,16,16,0.0
4217,e_demand,battery,2030,18,1.0,1.0,17,17,0.04488503957786675
4218,e_demand,battery,2030,18,1.0,1.0,18,18,0.0
4219,e_demand,battery,2030,18,1.0,1.0,19,19,0.0
4220,e_demand,battery,2030,18,1.0,1.0,20,20,0.0
4221,e_demand,battery,2030,18,1.0,1.0,21,21,0.0
4222,e_demand,battery,2030,18,1.0,1.0,22,22,0.0
4223,e_demand,battery,2030,18,1.0,1.0,23,23,0.0
4224,e_demand,battery,2030,18,1.0,1.0,24,24,0.0
4225,wind,e_demand,2030,18,1.0,1.0,1,1,0.46638656609034307
4226,wind,e_demand,2030,18,1.0,1.0,2,2,0.4739588267915504
4227,wind,e_demand,2030,18,1.0,1.0,3,3,0.46867001839890543
4228,wind,e_demand,2030,18,1.0,1.0,4,4,0.461758415900432
4229,wind,e_demand,2030,18,1.0,1.0,5,5,0.45744609001936964
4230,wind,e_demand,2030,18,1.0,1.0,6,6,0.4543093833275565
4231,wind,e_demand,2030,18,1.0,1.0,7,7,0.44498187458636235
4232,wind,e_demand,2030,18,1.0,1.0,8,8,0.44254295137044636
4233,wind,e_demand,2030,18,1.0,1.0,9,9,0.4369664516393036
4234,wind,e_demand,2030,18,1.0,1.0,10,10,0.42930048873161225
4235,wind,e_demand,2030,18,1.0,1.0,11,11,0.41290437952601433
4236,wind,e_demand,2030,18,1.0,1.0,12,12,0.4350484530071658
4237,wind,e_demand,2030,18,1.0,1.0,13,13,0.4709305288396531
4238,wind,e_demand,2030,18,1.0,1.0,14,14,0.47800976436005593
4239,wind,e_demand,2030,18,1.0,1.0,15,15,0.46581189220811353
4240,wind,e_demand,2030,18,1.0,1.0,16,16,0.45185926233300255
4241,wind,e_demand,2030,18,1.0,1.0,17,17,0.4415671930878371
4242,wind,e_demand,2030,18,1.0,1.0,18,18,0.42707712062733577
4243,wind,e_demand,2030,18,1.0,1.0,19,19,0.41054865479795155
4244,wind,e_demand,2030,18,1.0,1.0,20,20,0.3898611451760798
4245,wind,e_demand,2030,18,1.0,1.0,21,21,0.36297637486196466
4246,wind,e_demand,2030,18,1.0,1.0,22,22,0.3314409528689103
4247,wind,e_demand,2030,18,1.0,1.0,23,23,0.30315056601598345
4248,wind,e_demand,2030,18,1.0,1.0,24,24,0.2849935669288171
4249,solar,e_demand,2030,18,1.0,1.0,1,1,0.0
4250,solar,e_demand,2030,18,1.0,1.0,2,2,0.0
4251,solar,e_demand,2030,18,1.0,1.0,3,3,0.0
4252,solar,e_demand,2030,18,1.0,1.0,4,4,0.0
4253,solar,e_demand,2030,18,1.0,1.0,5,5,0.0
4254,solar,e_demand,2030,18,1.0,1.0,6,6,0.0
4255,solar,e_demand,2030,18,1.0,1.0,7,7,0.0
4256,solar,e_demand,2030,18,1.0,1.0,8,8,0.0
4257,solar,e_demand,2030,18,1.0,1.0,9,9,0.017963142296308382
4258,solar,e_demand,2030,18,1.0,1.0,10,10,0.07949560103657372
4259,solar,e_demand,2030,18,1.0,1.0,11,11,0.13943665472462635
4260,solar,e_demand,2030,18,1.0,1.0,12,12,0.18909549223097072
4261,solar,e_demand,2030,18,1.0,1.0,13,13,0.23123232871486699
4262,solar,e_demand,2030,18,1.0,1.0,14,14,0.23154889553939645
4263,solar,e_demand,2030,18,1.0,1.0,15,15,0.1977855000621422
4264,solar,e_demand,2030,18,1.0,1.0,16,16,0.13544383609356497
4265,solar,e_demand,2030,18,1.0,1.0,17,17,0.06260853215801399
4266,solar,e_demand,2030,18,1.0,1.0,18,18,0.0
4267,solar,e_demand,2030,18,1.0,1.0,19,19,0.0
4268,solar,e_demand,2030,18,1.0,1.0,20,20,0.0
4269,solar,e_demand,2030,18,1.0,1.0,21,21,0.0
4270,solar,e_demand,2030,18,1.0,1.0,22,22,0.0
4271,solar,e_demand,2030,18,1.0,1.0,23,23,0.0
4272,solar,e_demand,2030,18,1.0,1.0,24,24,0.0
4273,hydro_reservoir,e_demand,2030,18,1.0,1.0,1,1,0.0
4274,hydro_reservoir,e_demand,2030,18,1.0,1.0,2,2,0.0
4275,hydro_reservoir,e_demand,2030,18,1.0,1.0,3,3,0.0
4276,hydro_reservoir,e_demand,2030,18,1.0,1.0,4,4,0.0
4277,hydro_reservoir,e_demand,2030,18,1.0,1.0,5,5,0.0
4278,hydro_reservoir,e_demand,2030,18,1.0,1.0,6,6,0.0
4279,hydro_reservoir,e_demand,2030,18,1.0,1.0,7,7,0.0
4280,hydro_reservoir,e_demand,2030,18,1.0,1.0,8,8,0.0
4281,hydro_reservoir,e_demand,2030,18,1.0,1.0,9,9,0.0
4282,hydro_reservoir,e_demand,2030,18,1.0,1.0,10,10,0.0
4283,hydro_reservoir,e_demand,2030,18,1.0,1.0,11,11,0.0
4284,hydro_reservoir,e_demand,2030,18,1.0,1.0,12,12,0.0
4285,hydro_reservoir,e_demand,2030,18,1.0,1.0,13,13,0.0
4286,hydro_reservoir,e_demand,2030,18,1.0,1.0,14,14,0.0
4287,hydro_reservoir,e_demand,2030,18,1.0,1.0,15,15,0.0
4288,hydro_reservoir,e_demand,2030,18,1.0,1.0,16,16,0.0
4289,hydro_reservoir,e_demand,2030,18,1.0,1.0,17,17,0.0
4290,hydro_reservoir,e_demand,2030,18,1.0,1.0,18,18,0.0
4291,hydro_reservoir,e_demand,2030,18,1.0,1.0,19,19,0.0
4292,hydro_reservoir,e_demand,2030,18,1.0,1.0,20,20,0.0
4293,hydro_reservoir,e_demand,2030,18,1.0,1.0,21,21,0.0
4294,hydro_reservoir,e_demand,2030,18,1.0,1.0,22,22,0.0
4295,hydro_reservoir,e_demand,2030,18,1.0,1.0,23,23,0.0
4296,hydro_reservoir,e_demand,2030,18,1.0,1.0,24,24,0.0
4297,hydro_reservoir,spillage,2030,18,0.0,1.0,1,1,0.0
4298,hydro_reservoir,spillage,2030,18,0.0,1.0,2,2,0.0
4299,hydro_reservoir,spillage,2030,18,0.0,1.0,3,3,0.0
4300,hydro_reservoir,spillage,2030,18,0.0,1.0,4,4,0.0
4301,hydro_reservoir,spillage,2030,18,0.0,1.0,5,5,0.0
4302,hydro_reservoir,spillage,2030,18,0.0,1.0,6,6,0.0
4303,hydro_reservoir,spillage,2030,18,0.0,1.0,7,7,0.0
4304,hydro_reservoir,spillage,2030,18,0.0,1.0,8,8,0.0
4305,hydro_reservoir,spillage,2030,18,0.0,1.0,9,9,0.0
4306,hydro_reservoir,spillage,2030,18,0.0,1.0,10,10,0.0
4307,hydro_reservoir,spillage,2030,18,0.0,1.0,11,11,0.0
4308,hydro_reservoir,spillage,2030,18,0.0,1.0,12,12,0.0
4309,hydro_reservoir,spillage,2030,18,0.0,1.0,13,13,0.0
4310,hydro_reservoir,spillage,2030,18,0.0,1.0,14,14,0.0
4311,hydro_reservoir,spillage,2030,18,0.0,1.0,15,15,0.0
4312,hydro_reservoir,spillage,2030,18,0.0,1.0,16,16,0.0
4313,hydro_reservoir,spillage,2030,18,0.0,1.0,17,17,0.0
4314,hydro_reservoir,spillage,2030,18,0.0,1.0,18,18,0.0
4315,hydro_reservoir,spillage,2030,18,0.0,1.0,19,19,0.0
4316,hydro_reservoir,spillage,2030,18,0.0,1.0,20,20,0.0
4317,hydro_reservoir,spillage,2030,18,0.0,1.0,21,21,0.0
4318,hydro_reservoir,spillage,2030,18,0.0,1.0,22,22,0.0
4319,hydro_reservoir,spillage,2030,18,0.0,1.0,23,23,0.0
4320,hydro_reservoir,spillage,2030,18,0.0,1.0,24,24,0.0
4321,ens,e_demand,2030,19,1.0,1.0,1,1,0.0
4322,ens,e_demand,2030,19,1.0,1.0,2,2,0.0
4323,ens,e_demand,2030,19,1.0,1.0,3,3,0.0
4324,ens,e_demand,2030,19,1.0,1.0,4,4,0.0
4325,ens,e_demand,2030,19,1.0,1.0,5,5,0.0
4326,ens,e_demand,2030,19,1.0,1.0,6,6,0.0
4327,ens,e_demand,2030,19,1.0,1.0,7,7,0.0
4328,ens,e_demand,2030,19,1.0,1.0,8,8,0.0
4329,ens,e_demand,2030,19,1.0,1.0,9,9,0.0
4330,ens,e_demand,2030,19,1.0,1.0,10,10,0.0
4331,ens,e_demand,2030,19,1.0,1.0,11,11,0.0
4332,ens,e_demand,2030,19,1.0,1.0,12,12,0.0
4333,ens,e_demand,2030,19,1.0,1.0,13,13,0.0
4334,ens,e_demand,2030,19,1.0,1.0,14,14,0.0
4335,ens,e_demand,2030,19,1.0,1.0,15,15,0.0
4336,ens,e_demand,2030,19,1.0,1.0,16,16,0.0
4337,ens,e_demand,2030,19,1.0,1.0,17,17,0.0
4338,ens,e_demand,2030,19,1.0,1.0,18,18,0.0
4339,ens,e_demand,2030,19,1.0,1.0,19,19,0.0
4340,ens,e_demand,2030,19,1.0,1.0,20,20,0.0
4341,ens,e_demand,2030,19,1.0,1.0,21,21,0.0
4342,ens,e_demand,2030,19,1.0,1.0,22,22,0.0
4343,ens,e_demand,2030,19,1.0,1.0,23,23,0.0
4344,ens,e_demand,2030,19,1.0,1.0,24,24,0.0
4345,wind_offshore,e_demand,2030,19,1.0,1.0,1,1,0.1298202099420263
4346,wind_offshore,e_demand,2030,19,1.0,1.0,2,2,0.1815613114300924
4347,wind_offshore,e_demand,2030,19,1.0,1.0,3,3,0.24317803295303583
4348,wind_offshore,e_demand,2030,19,1.0,1.0,4,4,0.2998031005847023
4349,wind_offshore,e_demand,2030,19,1.0,1.0,5,5,0.18442727035228235
4350,wind_offshore,e_demand,2030,19,1.0,1.0,6,6,0.14973842565483395
4351,wind_offshore,e_demand,2030,19,1.0,1.0,7,7,0.2676616925975428
4352,wind_offshore,e_demand,2030,19,1.0,1.0,8,8,0.34216527997045126
4353,wind_offshore,e_demand,2030,19,1.0,1.0,9,9,0.30963700828730273
4354,wind_offshore,e_demand,2030,19,1.0,1.0,10,10,0.22505656200477106
4355,wind_offshore,e_demand,2030,19,1.0,1.0,11,11,0.2006021516729948
4356,wind_offshore,e_demand,2030,19,1.0,1.0,12,12,0.12314750496636163
4357,wind_offshore,e_demand,2030,19,1.0,1.0,13,13,0.12175382844461928
4358,wind_offshore,e_demand,2030,19,1.0,1.0,14,14,0.15253425190361328
4359,wind_offshore,e_demand,2030,19,1.0,1.0,15,15,0.1537277790234791
4360,wind_offshore,e_demand,2030,19,1.0,1.0,16,16,0.14325418696676706
4361,wind_offshore,e_demand,2030,19,1.0,1.0,17,17,0.15108092079504137
4362,wind_offshore,e_demand,2030,19,1.0,1.0,18,18,0.1733603541771828
4363,wind_offshore,e_demand,2030,19,1.0,1.0,19,19,0.20709947883606025
4364,wind_offshore,e_demand,2030,19,1.0,1.0,20,20,0.24589946748654673
4365,wind_offshore,e_demand,2030,19,1.0,1.0,21,21,0.29098788191236175
4366,wind_offshore,e_demand,2030,19,1.0,1.0,22,22,0.3122406919272278
4367,wind_offshore,e_demand,2030,19,1.0,1.0,23,23,0.23542887700410745
4368,wind_offshore,e_demand,2030,19,1.0,1.0,24,24,0.23430685542005253
4369,ocgt,e_demand,2030,19,1.0,1.0,1,1,0.0
4370,ocgt,e_demand,2030,19,1.0,1.0,2,2,0.0
4371,ocgt,e_demand,2030,19,1.0,1.0,3,3,0.0
4372,ocgt,e_demand,2030,19,1.0,1.0,4,4,0.0
4373,ocgt,e_demand,2030,19,1.0,1.0,5,5,0.0
4374,ocgt,e_demand,2030,19,1.0,1.0,6,6,0.0
4375,ocgt,e_demand,2030,19,1.0,1.0,7,7,0.0
4376,ocgt,e_demand,2030,19,1.0,1.0,8,8,0.0
4377,ocgt,e_demand,2030,19,1.0,1.0,9,9,0.0
4378,ocgt,e_demand,2030,19,1.0,1.0,10,10,0.0
4379,ocgt,e_demand,2030,19,1.0,1.0,11,11,0.0
4380,ocgt,e_demand,2030,19,1.0,1.0,12,12,0.0
4381,ocgt,e_demand,2030,19,1.0,1.0,13,13,0.0
4382,ocgt,e_demand,2030,19,1.0,1.0,14,14,0.0
4383,ocgt,e_demand,2030,19,1.0,1.0,15,15,0.0
4384,ocgt,e_demand,2030,19,1.0,1.0,16,16,0.0
4385,ocgt,e_demand,2030,19,1.0,1.0,17,17,0.0
4386,ocgt,e_demand,2030,19,1.0,1.0,18,18,0.0
4387,ocgt,e_demand,2030,19,1.0,1.0,19,19,0.0
4388,ocgt,e_demand,2030,19,1.0,1.0,20,20,0.0
4389,ocgt,e_demand,2030,19,1.0,1.0,21,21,0.0
4390,ocgt,e_demand,2030,19,1.0,1.0,22,22,0.0
4391,ocgt,e_demand,2030,19,1.0,1.0,23,23,0.0
4392,ocgt,e_demand,2030,19,1.0,1.0,24,24,0.0
4393,battery,e_demand,2030,19,1.0,1.0,1,1,0.0
4394,battery,e_demand,2030,19,1.0,1.0,2,2,0.0
4395,battery,e_demand,2030,19,1.0,1.0,3,3,0.0
4396,battery,e_demand,2030,19,1.0,1.0,4,4,0.0
4397,battery,e_demand,2030,19,1.0,1.0,5,5,0.0
4398,battery,e_demand,2030,19,1.0,1.0,6,6,0.0
4399,battery,e_demand,2030,19,1.0,1.0,7,7,0.0
4400,battery,e_demand,2030,19,1.0,1.0,8,8,0.0
4401,battery,e_demand,2030,19,1.0,1.0,9,9,0.0
4402,battery,e_demand,2030,19,1.0,1.0,10,10,0.0
4403,battery,e_demand,2030,19,1.0,1.0,11,11,0.0
4404,battery,e_demand,2030,19,1.0,1.0,12,12,0.0
4405,battery,e_demand,2030,19,1.0,1.0,13,13,0.0
4406,battery,e_demand,2030,19,1.0,1.0,14,14,0.0
4407,battery,e_demand,2030,19,1.0,1.0,15,15,0.0
4408,battery,e_demand,2030,19,1.0,1.0,16,16,0.0
4409,battery,e_demand,2030,19,1.0,1.0,17,17,0.0
4410,battery,e_demand,2030,19,1.0,1.0,18,18,0.0
4411,battery,e_demand,2030,19,1.0,1.0,19,19,0.0
4412,battery,e_demand,2030,19,1.0,1.0,20,20,0.0
4413,battery,e_demand,2030,19,1.0,1.0,21,21,0.0
4414,battery,e_demand,2030,19,1.0,1.0,22,22,0.0
4415,battery,e_demand,2030,19,1.0,1.0,23,23,0.0
4416,battery,e_demand,2030,19,1.0,1.0,24,24,0.0
4417,ccgt,e_demand,2030,19,1.0,1.0,1,1,0.6311019371657223
4418,ccgt,e_demand,2030,19,1.0,1.0,2,2,0.5313974718627535
4419,ccgt,e_demand,2030,19,1.0,1.0,3,3,0.4388234297588218
4420,ccgt,e_demand,2030,19,1.0,1.0,4,4,0.370115508765926
4421,ccgt,e_demand,2030,19,1.0,1.0,5,5,0.5297592185631831
4422,ccgt,e_demand,2030,19,1.0,1.0,6,6,0.587474675561103
4423,ccgt,e_demand,2030,19,1.0,1.0,7,7,0.4460074017174597
4424,ccgt,e_demand,2030,19,1.0,1.0,8,8,0.33765822246668886
4425,ccgt,e_demand,2030,19,1.0,1.0,9,9,0.3182722539920855
4426,ccgt,e_demand,2030,19,1.0,1.0,10,10,0.2944156052952259
4427,ccgt,e_demand,2030,19,1.0,1.0,11,11,0.2881021609008733
4428,ccgt,e_demand,2030,19,1.0,1.0,12,12,0.29158100897584516
4429,ccgt,e_demand,2030,19,1.0,1.0,13,13,0.2344565999743793
4430,ccgt,e_demand,2030,19,1.0,1.0,14,14,0.18233287618587912
4431,ccgt,e_demand,2030,19,1.0,1.0,15,15,0.18897720347165387
4432,ccgt,e_demand,2030,19,1.0,1.0,16,16,0.24329445697442453
4433,ccgt,e_demand,2030,19,1.0,1.0,17,17,0.321906398257905
4434,ccgt,e_demand,2030,19,1.0,1.0,18,18,0.42872224262260417
4435,ccgt,e_demand,2030,19,1.0,1.0,19,19,0.5373301040823415
4436,ccgt,e_demand,2030,19,1.0,1.0,20,20,0.5983111955457991
4437,ccgt,e_demand,2030,19,1.0,1.0,21,21,0.5626875057038088
4438,ccgt,e_demand,2030,19,1.0,1.0,22,22,0.4987647252799836
4439,ccgt,e_demand,2030,19,1.0,1.0,23,23,0.5007947904369947
4440,ccgt,e_demand,2030,19,1.0,1.0,24,24,0.47257545038318327
4441,e_demand,battery,2030,19,1.0,1.0,1,1,0.0
4442,e_demand,battery,2030,19,1.0,1.0,2,2,0.0
4443,e_demand,battery,2030,19,1.0,1.0,3,3,0.0
4444,e_demand,battery,2030,19,1.0,1.0,4,4,0.0
4445,e_demand,battery,2030,19,1.0,1.0,5,5,0.0
4446,e_demand,battery,2030,19,1.0,1.0,6,6,0.0
4447,e_demand,battery,2030,19,1.0,1.0,7,7,0.0
4448,e_demand,battery,2030,19,1.0,1.0,8,8,0.0
4449,e_demand,battery,2030,19,1.0,1.0,9,9,0.0
4450,e_demand,battery,2030,19,1.0,1.0,10,10,0.0
4451,e_demand,battery,2030,19,1.0,1.0,11,11,0.0
4452,e_demand,battery,2030,19,1.0,1.0,12,12,0.0
4453,e_demand,battery,2030,19,1.0,1.0,13,13,0.0
4454,e_demand,battery,2030,19,1.0,1.0,14,14,0.0
4455,e_demand,battery,2030,19,1.0,1.0,15,15,0.0
4456,e_demand,battery,2030,19,1.0,1.0,16,16,0.0
4457,e_demand,battery,2030,19,1.0,1.0,17,17,0.0
4458,e_demand,battery,2030,19,1.0,1.0,18,18,0.0
4459,e_demand,battery,2030,19,1.0,1.0,19,19,0.0
4460,e_demand,battery,2030,19,1.0,1.0,20,20,0.0
4461,e_demand,battery,2030,19,1.0,1.0,21,21,0.0
4462,e_demand,battery,2030,19,1.0,1.0,22,22,0.0
4463,e_demand,battery,2030,19,1.0,1.0,23,23,0.0
4464,e_demand,battery,2030,19,1.0,1.0,24,24,0.0
4465,wind,e_demand,2030,19,1.0,1.0,1,1,0.0750166513708066
4466,wind,e_demand,2030,19,1.0,1.0,2,2,0.08404044285137509
4467,wind,e_demand,2030,19,1.0,1.0,3,3,0.09581296185521039
4468,wind,e_demand,2030,19,1.0,1.0,4,4,0.09548482239325605
4469,wind,e_demand,2030,19,1.0,1.0,5,5,0.09013387828264273
4470,wind,e_demand,2030,19,1.0,1.0,6,6,0.10095949554147637
4471,wind,e_demand,2030,19,1.0,1.0,7,7,0.11364719187986365
4472,wind,e_demand,2030,19,1.0,1.0,8,8,0.11480608678379141
4473,wind,e_demand,2030,19,1.0,1.0,9,9,0.13520852840653896
4474,wind,e_demand,2030,19,1.0,1.0,10,10,0.18242793187708903
4475,wind,e_demand,2030,19,1.0,1.0,11,11,0.2249764635477144
4476,wind,e_demand,2030,19,1.0,1.0,12,12,0.3024773438474053
4477,wind,e_demand,2030,19,1.0,1.0,13,13,0.3590705279180979
4478,wind,e_demand,2030,19,1.0,1.0,14,14,0.38727463749098906
4479,wind,e_demand,2030,19,1.0,1.0,15,15,0.3988762349220016
4480,wind,e_demand,2030,19,1.0,1.0,16,16,0.4101561568082439
4481,wind,e_demand,2030,19,1.0,1.0,17,17,0.40931907056268946
4482,wind,e_demand,2030,19,1.0,1.0,18,18,0.3875131248961314
4483,wind,e_demand,2030,19,1.0,1.0,19,19,0.32752585456975997
4484,wind,e_demand,2030,19,1.0,1.0,20,20,0.27138747421591636
4485,wind,e_demand,2030,19,1.0,1.0,21,21,0.23047019103708966
4486,wind,e_demand,2030,19,1.0,1.0,22,22,0.20586841818659218
4487,wind,e_demand,2030,19,1.0,1.0,23,23,0.18236783581086538
4488,wind,e_demand,2030,19,1.0,1.0,24,24,0.17476288341126478
4489,hydro_reservoir,e_demand,2030,19,1.0,1.0,1,1,0.1
4490,hydro_reservoir,e_demand,2030,19,1.0,1.0,2,2,0.1
4491,hydro_reservoir,e_demand,2030,19,1.0,1.0,3,3,0.1
4492,hydro_reservoir,e_demand,2030,19,1.0,1.0,4,4,0.1
4493,hydro_reservoir,e_demand,2030,19,1.0,1.0,5,5,0.1
4494,hydro_reservoir,e_demand,2030,19,1.0,1.0,6,6,0.1
4495,hydro_reservoir,e_demand,2030,19,1.0,1.0,7,7,0.1
4496,hydro_reservoir,e_demand,2030,19,1.0,1.0,8,8,0.1
4497,hydro_reservoir,e_demand,2030,19,1.0,1.0,9,9,0.1
4498,hydro_reservoir,e_demand,2030,19,1.0,1.0,10,10,0.1
4499,hydro_reservoir,e_demand,2030,19,1.0,1.0,11,11,0.1
4500,hydro_reservoir,e_demand,2030,19,1.0,1.0,12,12,0.1
4501,hydro_reservoir,e_demand,2030,19,1.0,1.0,13,13,0.1
4502,hydro_reservoir,e_demand,2030,19,1.0,1.0,14,14,0.1
4503,hydro_reservoir,e_demand,2030,19,1.0,1.0,15,15,0.1
4504,hydro_reservoir,e_demand,2030,19,1.0,1.0,16,16,0.1
4505,hydro_reservoir,e_demand,2030,19,1.0,1.0,17,17,0.1
4506,hydro_reservoir,e_demand,2030,19,1.0,1.0,18,18,0.1
4507,hydro_reservoir,e_demand,2030,19,1.0,1.0,19,19,0.1
4508,hydro_reservoir,e_demand,2030,19,1.0,1.0,20,20,0.1
4509,hydro_reservoir,e_demand,2030,19,1.0,1.0,21,21,0.1
4510,hydro_reservoir,e_demand,2030,19,1.0,1.0,22,22,0.1
4511,hydro_reservoir,e_demand,2030,19,1.0,1.0,23,23,0.1
4512,hydro_reservoir,e_demand,2030,19,1.0,1.0,24,24,0.1
4513,solar,e_demand,2030,19,1.0,1.0,1,1,0.0
4514,solar,e_demand,2030,19,1.0,1.0,2,2,0.0
4515,solar,e_demand,2030,19,1.0,1.0,3,3,0.0
4516,solar,e_demand,2030,19,1.0,1.0,4,4,0.0
4517,solar,e_demand,2030,19,1.0,1.0,5,5,0.0
4518,solar,e_demand,2030,19,1.0,1.0,6,6,1.882203348810183e-06
4519,solar,e_demand,2030,19,1.0,1.0,7,7,0.014765079026909744
4520,solar,e_demand,2030,19,1.0,1.0,8,8,0.11159017489989667
4521,solar,e_demand,2030,19,1.0,1.0,9,9,0.24515496863602104
4522,solar,e_demand,2030,19,1.0,1.0,10,10,0.36910717766585965
4523,solar,e_demand,2030,19,1.0,1.0,11,11,0.4531770593488846
4524,solar,e_demand,2030,19,1.0,1.0,12,12,0.5161611782410708
4525,solar,e_demand,2030,19,1.0,1.0,13,13,0.5367294409382926
4526,solar,e_demand,2030,19,1.0,1.0,14,14,0.5361880136460297
4527,solar,e_demand,2030,19,1.0,1.0,15,15,0.49518483411685815
4528,solar,e_demand,2030,19,1.0,1.0,16,16,0.43292637979265314
4529,solar,e_demand,2030,19,1.0,1.0,17,17,0.33719611822102824
4530,solar,e_demand,2030,19,1.0,1.0,18,18,0.21248231578939347
4531,solar,e_demand,2030,19,1.0,1.0,19,19,0.07633523294825187
4532,solar,e_demand,2030,19,1.0,1.0,20,20,0.0007861002265146102
4533,solar,e_demand,2030,19,1.0,1.0,21,21,0.0
4534,solar,e_demand,2030,19,1.0,1.0,22,22,0.0
4535,solar,e_demand,2030,19,1.0,1.0,23,23,0.0
4536,solar,e_demand,2030,19,1.0,1.0,24,24,0.0
4537,hydro_reservoir,spillage,2030,19,0.0,1.0,1,1,0.0
4538,hydro_reservoir,spillage,2030,19,0.0,1.0,2,2,0.0
4539,hydro_reservoir,spillage,2030,19,0.0,1.0,3,3,0.0
4540,hydro_reservoir,spillage,2030,19,0.0,1.0,4,4,0.0
4541,hydro_reservoir,spillage,2030,19,0.0,1.0,5,5,0.0
4542,hydro_reservoir,spillage,2030,19,0.0,1.0,6,6,0.0
4543,hydro_reservoir,spillage,2030,19,0.0,1.0,7,7,0.0
4544,hydro_reservoir,spillage,2030,19,0.0,1.0,8,8,0.0
4545,hydro_reservoir,spillage,2030,19,0.0,1.0,9,9,0.0
4546,hydro_reservoir,spillage,2030,19,0.0,1.0,10,10,0.0
4547,hydro_reservoir,spillage,2030,19,0.0,1.0,11,11,0.0
4548,hydro_reservoir,spillage,2030,19,0.0,1.0,12,12,0.0
4549,hydro_reservoir,spillage,2030,19,0.0,1.0,13,13,0.0
4550,hydro_reservoir,spillage,2030,19,0.0,1.0,14,14,0.0
4551,hydro_reservoir,spillage,2030,19,0.0,1.0,15,15,0.0
4552,hydro_reservoir,spillage,2030,19,0.0,1.0,16,16,0.0
4553,hydro_reservoir,spillage,2030,19,0.0,1.0,17,17,0.0
4554,hydro_reservoir,spillage,2030,19,0.0,1.0,18,18,0.0
4555,hydro_reservoir,spillage,2030,19,0.0,1.0,19,19,0.0
4556,hydro_reservoir,spillage,2030,19,0.0,1.0,20,20,0.0
4557,hydro_reservoir,spillage,2030,19,0.0,1.0,21,21,0.0
4558,hydro_reservoir,spillage,2030,19,0.0,1.0,22,22,0.0
4559,hydro_reservoir,spillage,2030,19,0.0,1.0,23,23,0.0
4560,hydro_reservoir,spillage,2030,19,0.0,1.0,24,24,0.0
4561,ens,e_demand,2030,20,1.0,1.0,1,1,0.0
4562,ens,e_demand,2030,20,1.0,1.0,2,2,0.0
4563,ens,e_demand,2030,20,1.0,1.0,3,3,0.0
4564,ens,e_demand,2030,20,1.0,1.0,4,4,0.0
4565,ens,e_demand,2030,20,1.0,1.0,5,5,0.0
4566,ens,e_demand,2030,20,1.0,1.0,6,6,0.0
4567,ens,e_demand,2030,20,1.0,1.0,7,7,0.0
4568,ens,e_demand,2030,20,1.0,1.0,8,8,0.0
4569,ens,e_demand,2030,20,1.0,1.0,9,9,0.0
4570,ens,e_demand,2030,20,1.0,1.0,10,10,0.0
4571,ens,e_demand,2030,20,1.0,1.0,11,11,0.0
4572,ens,e_demand,2030,20,1.0,1.0,12,12,0.0
4573,ens,e_demand,2030,20,1.0,1.0,13,13,0.0
4574,ens,e_demand,2030,20,1.0,1.0,14,14,0.0
4575,ens,e_demand,2030,20,1.0,1.0,15,15,0.0
4576,ens,e_demand,2030,20,1.0,1.0,16,16,0.0
4577,ens,e_demand,2030,20,1.0,1.0,17,17,0.0
4578,ens,e_demand,2030,20,1.0,1.0,18,18,0.0
4579,ens,e_demand,2030,20,1.0,1.0,19,19,0.0
4580,ens,e_demand,2030,20,1.0,1.0,20,20,0.0
4581,ens,e_demand,2030,20,1.0,1.0,21,21,0.0
4582,ens,e_demand,2030,20,1.0,1.0,22,22,0.0
4583,ens,e_demand,2030,20,1.0,1.0,23,23,0.0
4584,ens,e_demand,2030,20,1.0,1.0,24,24,0.0
4585,ocgt,e_demand,2030,20,1.0,1.0,1,1,0.0
4586,ocgt,e_demand,2030,20,1.0,1.0,2,2,0.0
4587,ocgt,e_demand,2030,20,1.0,1.0,3,3,0.0
4588,ocgt,e_demand,2030,20,1.0,1.0,4,4,0.0
4589,ocgt,e_demand,2030,20,1.0,1.0,5,5,0.0
4590,ocgt,e_demand,2030,20,1.0,1.0,6,6,0.0
4591,ocgt,e_demand,2030,20,1.0,1.0,7,7,0.0
4592,ocgt,e_demand,2030,20,1.0,1.0,8,8,0.0
4593,ocgt,e_demand,2030,20,1.0,1.0,9,9,0.0
4594,ocgt,e_demand,2030,20,1.0,1.0,10,10,0.0
4595,ocgt,e_demand,2030,20,1.0,1.0,11,11,0.0
4596,ocgt,e_demand,2030,20,1.0,1.0,12,12,0.0
4597,ocgt,e_demand,2030,20,1.0,1.0,13,13,0.0
4598,ocgt,e_demand,2030,20,1.0,1.0,14,14,0.0
4599,ocgt,e_demand,2030,20,1.0,1.0,15,15,0.0
4600,ocgt,e_demand,2030,20,1.0,1.0,16,16,0.0
4601,ocgt,e_demand,2030,20,1.0,1.0,17,17,0.0
4602,ocgt,e_demand,2030,20,1.0,1.0,18,18,0.0
4603,ocgt,e_demand,2030,20,1.0,1.0,19,19,0.0
4604,ocgt,e_demand,2030,20,1.0,1.0,20,20,0.0
4605,ocgt,e_demand,2030,20,1.0,1.0,21,21,0.0
4606,ocgt,e_demand,2030,20,1.0,1.0,22,22,0.0
4607,ocgt,e_demand,2030,20,1.0,1.0,23,23,0.0
4608,ocgt,e_demand,2030,20,1.0,1.0,24,24,0.0
4609,wind_offshore,e_demand,2030,20,1.0,1.0,1,1,0.3097648291626295
4610,wind_offshore,e_demand,2030,20,1.0,1.0,2,2,0.28977913063207117
4611,wind_offshore,e_demand,2030,20,1.0,1.0,3,3,0.2640025898587872
4612,wind_offshore,e_demand,2030,20,1.0,1.0,4,4,0.21274458954501407
4613,wind_offshore,e_demand,2030,20,1.0,1.0,5,5,0.19421292521877168
4614,wind_offshore,e_demand,2030,20,1.0,1.0,6,6,0.18537888951298584
4615,wind_offshore,e_demand,2030,20,1.0,1.0,7,7,0.1643663581157821
4616,wind_offshore,e_demand,2030,20,1.0,1.0,8,8,0.12986909630576937
4617,wind_offshore,e_demand,2030,20,1.0,1.0,9,9,0.10316782274400323
4618,wind_offshore,e_demand,2030,20,1.0,1.0,10,10,0.10039134820271062
4619,wind_offshore,e_demand,2030,20,1.0,1.0,11,11,0.06991514740640399
4620,wind_offshore,e_demand,2030,20,1.0,1.0,12,12,0.022209978683726428
4621,wind_offshore,e_demand,2030,20,1.0,1.0,13,13,0.04534588512899185
4622,wind_offshore,e_demand,2030,20,1.0,1.0,14,14,0.10042573330176285
4623,wind_offshore,e_demand,2030,20,1.0,1.0,15,15,0.1009726120951418
4624,wind_offshore,e_demand,2030,20,1.0,1.0,16,16,0.0687783034886531
4625,wind_offshore,e_demand,2030,20,1.0,1.0,17,17,0.1491595639149239
4626,wind_offshore,e_demand,2030,20,1.0,1.0,18,18,0.32345063191844087
4627,wind_offshore,e_demand,2030,20,1.0,1.0,19,19,0.3911618395594292
4628,wind_offshore,e_demand,2030,20,1.0,1.0,20,20,0.4047800245320881
4629,wind_offshore,e_demand,2030,20,1.0,1.0,21,21,0.4089656514136282
4630,wind_offshore,e_demand,2030,20,1.0,1.0,22,22,0.40646844586777625
4631,wind_offshore,e_demand,2030,20,1.0,1.0,23,23,0.4034972311012549
4632,wind_offshore,e_demand,2030,20,1.0,1.0,24,24,0.39568636907121096
4633,ccgt,e_demand,2030,20,1.0,1.0,1,1,0.0
4634,ccgt,e_demand,2030,20,1.0,1.0,2,2,0.04703256750853391
4635,ccgt,e_demand,2030,20,1.0,1.0,3,3,0.06303489050525879
4636,ccgt,e_demand,2030,20,1.0,1.0,4,4,0.08809947898135262
4637,ccgt,e_demand,2030,20,1.0,1.0,5,5,0.09575631480290259
4638,ccgt,e_demand,2030,20,1.0,1.0,6,6,0.005530637241819014
4639,ccgt,e_demand,2030,20,1.0,1.0,7,7,0.05319624341826451
4640,ccgt,e_demand,2030,20,1.0,1.0,8,8,0.13124080150762818
4641,ccgt,e_demand,2030,20,1.0,1.0,9,9,0.10999556834871163
4642,ccgt,e_demand,2030,20,1.0,1.0,10,10,0.006720755974733039
4643,ccgt,e_demand,2030,20,1.0,1.0,11,11,0.0
4644,ccgt,e_demand,2030,20,1.0,1.0,12,12,0.0
4645,ccgt,e_demand,2030,20,1.0,1.0,13,13,0.0
4646,ccgt,e_demand,2030,20,1.0,1.0,14,14,0.0
4647,ccgt,e_demand,2030,20,1.0,1.0,15,15,0.0
4648,ccgt,e_demand,2030,20,1.0,1.0,16,16,0.0
4649,ccgt,e_demand,2030,20,1.0,1.0,17,17,0.0
4650,ccgt,e_demand,2030,20,1.0,1.0,18,18,0.0
4651,ccgt,e_demand,2030,20,1.0,1.0,19,19,0.036060584711254194
4652,ccgt,e_demand,2030,20,1.0,1.0,20,20,0.0009068571359306388
4653,ccgt,e_demand,2030,20,1.0,1.0,21,21,0.07645416805961747
4654,ccgt,e_demand,2030,20,1.0,1.0,22,22,0.027021528685573726
4655,ccgt,e_demand,2030,20,1.0,1.0,23,23,0.0
4656,ccgt,e_demand,2030,20,1.0,1.0,24,24,0.00945676687201813
4657,battery,e_demand,2030,20,1.0,1.0,1,1,0.0
4658,battery,e_demand,2030,20,1.0,1.0,2,2,0.0
4659,battery,e_demand,2030,20,1.0,1.0,3,3,0.0
4660,battery,e_demand,2030,20,1.0,1.0,4,4,0.0
4661,battery,e_demand,2030,20,1.0,1.0,5,5,0.0
4662,battery,e_demand,2030,20,1.0,1.0,6,6,0.0
4663,battery,e_demand,2030,20,1.0,1.0,7,7,0.0
4664,battery,e_demand,2030,20,1.0,1.0,8,8,0.0
4665,battery,e_demand,2030,20,1.0,1.0,9,9,0.0
4666,battery,e_demand,2030,20,1.0,1.0,10,10,0.0
4667,battery,e_demand,2030,20,1.0,1.0,11,11,0.0
4668,battery,e_demand,2030,20,1.0,1.0,12,12,0.0
4669,battery,e_demand,2030,20,1.0,1.0,13,13,0.0
4670,battery,e_demand,2030,20,1.0,1.0,14,14,0.0
4671,battery,e_demand,2030,20,1.0,1.0,15,15,0.0
4672,battery,e_demand,2030,20,1.0,1.0,16,16,0.0
4673,battery,e_demand,2030,20,1.0,1.0,17,17,0.0
4674,battery,e_demand,2030,20,1.0,1.0,18,18,0.0
4675,battery,e_demand,2030,20,1.0,1.0,19,19,0.08282063810580348
4676,battery,e_demand,2030,20,1.0,1.0,20,20,0.06691150066222626
4677,battery,e_demand,2030,20,1.0,1.0,21,21,0.0
4678,battery,e_demand,2030,20,1.0,1.0,22,22,0.0
4679,battery,e_demand,2030,20,1.0,1.0,23,23,0.04026786123197029
4680,battery,e_demand,2030,20,1.0,1.0,24,24,0.0
4681,wind,e_demand,2030,20,1.0,1.0,1,1,0.3747641926093266
4682,wind,e_demand,2030,20,1.0,1.0,2,2,0.36689687226448586
4683,wind,e_demand,2030,20,1.0,1.0,3,3,0.3557326671708324
4684,wind,e_demand,2030,20,1.0,1.0,4,4,0.3587424502666532
4685,wind,e_demand,2030,20,1.0,1.0,5,5,0.35652217290564514
4686,wind,e_demand,2030,20,1.0,1.0,6,6,0.34865062759096643
4687,wind,e_demand,2030,20,1.0,1.0,7,7,0.33527405465832205
4688,wind,e_demand,2030,20,1.0,1.0,8,8,0.32498234620332245
4689,wind,e_demand,2030,20,1.0,1.0,9,9,0.2991733165249565
4690,wind,e_demand,2030,20,1.0,1.0,10,10,0.3028034318363647
4691,wind,e_demand,2030,20,1.0,1.0,11,11,0.3371897750461748
4692,wind,e_demand,2030,20,1.0,1.0,12,12,0.3658866012239897
4693,wind,e_demand,2030,20,1.0,1.0,13,13,0.38844594195118326
4694,wind,e_demand,2030,20,1.0,1.0,14,14,0.3958584020734314
4695,wind,e_demand,2030,20,1.0,1.0,15,15,0.41404676817052816
4696,wind,e_demand,2030,20,1.0,1.0,16,16,0.41966973971937155
4697,wind,e_demand,2030,20,1.0,1.0,17,17,0.4402430745991304
4698,wind,e_demand,2030,20,1.0,1.0,18,18,0.40285935157938096
4699,wind,e_demand,2030,20,1.0,1.0,19,19,0.3631110003818634
4700,wind,e_demand,2030,20,1.0,1.0,20,20,0.3414386433236025
4701,wind,e_demand,2030,20,1.0,1.0,21,21,0.3474926968912333
4702,wind,e_demand,2030,20,1.0,1.0,22,22,0.356937816538562
4703,wind,e_demand,2030,20,1.0,1.0,23,23,0.3826223059922514
4704,wind,e_demand,2030,20,1.0,1.0,24,24,0.39454409139930396
4705,e_demand,battery,2030,20,1.0,1.0,1,1,0.0
4706,e_demand,battery,2030,20,1.0,1.0,2,2,0.0
4707,e_demand,battery,2030,20,1.0,1.0,3,3,0.0
4708,e_demand,battery,2030,20,1.0,1.0,4,4,0.0
4709,e_demand,battery,2030,20,1.0,1.0,5,5,0.0
4710,e_demand,battery,2030,20,1.0,1.0,6,6,0.0
4711,e_demand,battery,2030,20,1.0,1.0,7,7,0.0
4712,e_demand,battery,2030,20,1.0,1.0,8,8,0.0
4713,e_demand,battery,2030,20,1.0,1.0,9,9,0.0
4714,e_demand,battery,2030,20,1.0,1.0,10,10,0.0
4715,e_demand,battery,2030,20,1.0,1.0,11,11,0.0
4716,e_demand,battery,2030,20,1.0,1.0,12,12,0.0
4717,e_demand,battery,2030,20,1.0,1.0,13,13,0.04488503957786675
4718,e_demand,battery,2030,20,1.0,1.0,14,14,0.08282063810580348
4719,e_demand,battery,2030,20,1.0,1.0,15,15,0.08282063810580348
4720,e_demand,battery,2030,20,1.0,1.0,16,16,0.0
4721,e_demand,battery,2030,20,1.0,1.0,17,17,0.0
4722,e_demand,battery,2030,20,1.0,1.0,18,18,0.0
4723,e_demand,battery,2030,20,1.0,1.0,19,19,0.0
4724,e_demand,battery,2030,20,1.0,1.0,20,20,0.0
4725,e_demand,battery,2030,20,1.0,1.0,21,21,0.0
4726,e_demand,battery,2030,20,1.0,1.0,22,22,0.0
4727,e_demand,battery,2030,20,1.0,1.0,23,23,0.0
4728,e_demand,battery,2030,20,1.0,1.0,24,24,0.0
4729,solar,e_demand,2030,20,1.0,1.0,1,1,0.0
4730,solar,e_demand,2030,20,1.0,1.0,2,2,0.0
4731,solar,e_demand,2030,20,1.0,1.0,3,3,0.0
4732,solar,e_demand,2030,20,1.0,1.0,4,4,0.0
4733,solar,e_demand,2030,20,1.0,1.0,5,5,0.0
4734,solar,e_demand,2030,20,1.0,1.0,6,6,0.0
4735,solar,e_demand,2030,20,1.0,1.0,7,7,0.0
4736,solar,e_demand,2030,20,1.0,1.0,8,8,0.01214581899539636
4737,solar,e_demand,2030,20,1.0,1.0,9,9,0.14420389859190938
4738,solar,e_demand,2030,20,1.0,1.0,10,10,0.29585862296270865
4739,solar,e_demand,2030,20,1.0,1.0,11,11,0.3893966252356886
4740,solar,e_demand,2030,20,1.0,1.0,12,12,0.4397989755527319
4741,solar,e_demand,2030,20,1.0,1.0,13,13,0.44907988434805557
4742,solar,e_demand,2030,20,1.0,1.0,14,14,0.4278726207874983
4743,solar,e_demand,2030,20,1.0,1.0,15,15,0.3803062515537494
4744,solar,e_demand,2030,20,1.0,1.0,16,16,0.29383117322997193
4745,solar,e_demand,2030,20,1.0,1.0,17,17,0.17942959736079972
4746,solar,e_demand,2030,20,1.0,1.0,18,18,0.07455771411619007
4747,solar,e_demand,2030,20,1.0,1.0,19,19,1.705181591386192e-05
4748,solar,e_demand,2030,20,1.0,1.0,20,20,0.0
4749,solar,e_demand,2030,20,1.0,1.0,21,21,0.0
4750,solar,e_demand,2030,20,1.0,1.0,22,22,0.0
4751,solar,e_demand,2030,20,1.0,1.0,23,23,0.0
4752,solar,e_demand,2030,20,1.0,1.0,24,24,0.0
4753,hydro_reservoir,e_demand,2030,20,1.0,1.0,1,1,0.06628116279729401
4754,hydro_reservoir,e_demand,2030,20,1.0,1.0,2,2,0.0
4755,hydro_reservoir,e_demand,2030,20,1.0,1.0,3,3,0.0
4756,hydro_reservoir,e_demand,2030,20,1.0,1.0,4,4,0.0
4757,hydro_reservoir,e_demand,2030,20,1.0,1.0,5,5,0.0
4758,hydro_reservoir,e_demand,2030,20,1.0,1.0,6,6,0.1
4759,hydro_reservoir,e_demand,2030,20,1.0,1.0,7,7,0.1
4760,hydro_reservoir,e_demand,2030,20,1.0,1.0,8,8,0.1
4761,hydro_reservoir,e_demand,2030,20,1.0,1.0,9,9,0.1
4762,hydro_reservoir,e_demand,2030,20,1.0,1.0,10,10,0.1
4763,hydro_reservoir,e_demand,2030,20,1.0,1.0,11,11,0.032556929735801265
4764,hydro_reservoir,e_demand,2030,20,1.0,1.0,12,12,0.0
4765,hydro_reservoir,e_demand,2030,20,1.0,1.0,13,13,0.0
4766,hydro_reservoir,e_demand,2030,20,1.0,1.0,14,14,0.0
4767,hydro_reservoir,e_demand,2030,20,1.0,1.0,15,15,0.0
4768,hydro_reservoir,e_demand,2030,20,1.0,1.0,16,16,0.0
4769,hydro_reservoir,e_demand,2030,20,1.0,1.0,17,17,0.0
4770,hydro_reservoir,e_demand,2030,20,1.0,1.0,18,18,0.0
4771,hydro_reservoir,e_demand,2030,20,1.0,1.0,19,19,0.0
4772,hydro_reservoir,e_demand,2030,20,1.0,1.0,20,20,0.1
4773,hydro_reservoir,e_demand,2030,20,1.0,1.0,21,21,0.1
4774,hydro_reservoir,e_demand,2030,20,1.0,1.0,22,22,0.1
4775,hydro_reservoir,e_demand,2030,20,1.0,1.0,23,23,0.0
4776,hydro_reservoir,e_demand,2030,20,1.0,1.0,24,24,0.0
4777,hydro_reservoir,spillage,2030,20,0.0,1.0,1,1,0.0
4778,hydro_reservoir,spillage,2030,20,0.0,1.0,2,2,0.0
4779,hydro_reservoir,spillage,2030,20,0.0,1.0,3,3,0.0
4780,hydro_reservoir,spillage,2030,20,0.0,1.0,4,4,0.0
4781,hydro_reservoir,spillage,2030,20,0.0,1.0,5,5,0.0
4782,hydro_reservoir,spillage,2030,20,0.0,1.0,6,6,0.0
4783,hydro_reservoir,spillage,2030,20,0.0,1.0,7,7,0.0
4784,hydro_reservoir,spillage,2030,20,0.0,1.0,8,8,0.0
4785,hydro_reservoir,spillage,2030,20,0.0,1.0,9,9,0.0
4786,hydro_reservoir,spillage,2030,20,0.0,1.0,10,10,0.0
4787,hydro_reservoir,spillage,2030,20,0.0,1.0,11,11,0.0
4788,hydro_reservoir,spillage,2030,20,0.0,1.0,12,12,0.0
4789,hydro_reservoir,spillage,2030,20,0.0,1.0,13,13,0.0
4790,hydro_reservoir,spillage,2030,20,0.0,1.0,14,14,0.0
4791,hydro_reservoir,spillage,2030,20,0.0,1.0,15,15,0.0
4792,hydro_reservoir,spillage,2030,20,0.0,1.0,16,16,0.0
4793,hydro_reservoir,spillage,2030,20,0.0,1.0,17,17,0.0
4794,hydro_reservoir,spillage,2030,20,0.0,1.0,18,18,0.0
4795,hydro_reservoir,spillage,2030,20,0.0,1.0,19,19,0.0
4796,hydro_reservoir,spillage,2030,20,0.0,1.0,20,20,0.0
4797,hydro_reservoir,spillage,2030,20,0.0,1.0,21,21,0.0
4798,hydro_reservoir,spillage,2030,20,0.0,1.0,22,22,0.0
4799,hydro_reservoir,spillage,2030,20,0.0,1.0,23,23,0.0
4800,hydro_reservoir,spillage,2030,20,0.0,1.0,24,24,0.0
