rep_period,timestep,year,scenario,profile_name,value
1,1,2030,5,demand,0.6496494029312273
1,2,2030,5,demand,0.6289743562266255
1,3,2030,5,demand,0.6234876817728816
1,4,2030,5,demand,0.6261738661408603
1,5,2030,5,demand,0.6395690674439456
1,6,2030,5,demand,0.6530499980353706
1,7,2030,5,demand,0.6502066433054355
1,8,2030,5,demand,0.7760715268029048
1,9,2030,5,demand,0.8321849180749489
1,10,2030,5,demand,0.8414686855914071
1,11,2030,5,demand,0.8413007990684084
1,12,2030,5,demand,0.817453768695236
1,13,2030,5,demand,0.833956656700637
1,14,2030,5,demand,0.8404613664534151
1,15,2030,5,demand,0.8288593360981029
1,16,2030,5,demand,0.7845801586706246
1,17,2030,5,demand,0.7423013313044069
1,18,2030,5,demand,0.7332568913845637
1,19,2030,5,demand,0.7175612875110288
1,20,2030,5,demand,0.7179327810938343
1,21,2030,5,demand,0.7228693592807313
1,22,2030,5,demand,0.6655128933277609
1,23,2030,5,demand,0.7038338852156271
1,24,2030,5,demand,0.6540501730660009
1,1,2030,5,solar,0.0
1,2,2030,5,solar,0.0
1,3,2030,5,solar,0.0
1,4,2030,5,solar,0.0
1,5,2030,5,solar,0.0
1,6,2030,5,solar,0.0027175000000000003
1,7,2030,5,solar,0.0426875
1,8,2030,5,solar,0.1064075
1,9,2030,5,solar,0.1608075
1,10,2030,5,solar,0.1798575
1,11,2030,5,solar,0.18714
1,12,2030,5,solar,0.1822625
1,13,2030,5,solar,0.18510500000000002
1,14,2030,5,solar,0.1711275
1,15,2030,5,solar,0.1454
1,16,2030,5,solar,0.123865
1,17,2030,5,solar,0.10143500000000001
1,18,2030,5,solar,0.08415
1,19,2030,5,solar,0.045235000000000004
1,20,2030,5,solar,0.005997500000000001
1,21,2030,5,solar,0.0
1,22,2030,5,solar,0.0
1,23,2030,5,solar,0.0
1,24,2030,5,solar,0.0
1,1,2030,5,wind_offshore,0.9522117895887857
1,2,2030,5,wind_offshore,0.9497438369991381
1,3,2030,5,wind_offshore,0.9481697174830184
1,4,2030,5,wind_offshore,0.9503402955061949
1,5,2030,5,wind_offshore,0.9515404894549336
1,6,2030,5,wind_offshore,0.9513009139697087
1,7,2030,5,wind_offshore,0.9524324076035418
1,8,2030,5,wind_offshore,0.9526287307959961
1,9,2030,5,wind_offshore,0.9533901560156799
1,10,2030,5,wind_offshore,0.953917029368337
1,11,2030,5,wind_offshore,0.9522606710744334
1,12,2030,5,wind_offshore,0.9489037060447066
1,13,2030,5,wind_offshore,0.9489366638268132
1,14,2030,5,wind_offshore,0.949045079330129
1,15,2030,5,wind_offshore,0.9515236181404697
1,16,2030,5,wind_offshore,0.9503283922571076
1,17,2030,5,wind_offshore,0.9504594610635388
1,18,2030,5,wind_offshore,0.9493762989407644
1,19,2030,5,wind_offshore,0.9459737564215311
1,20,2030,5,wind_offshore,0.9467546142313457
1,21,2030,5,wind_offshore,0.9454822859448214
1,22,2030,5,wind_offshore,0.9442475750083756
1,23,2030,5,wind_offshore,0.9386518930694258
1,24,2030,5,wind_offshore,0.9302542574602836
1,1,2030,5,wind_onshore,0.7413705642127218
1,2,2030,5,wind_onshore,0.7312707489734946
1,3,2030,5,wind_onshore,0.7426828656325197
1,4,2030,5,wind_onshore,0.7624719782776075
1,5,2030,5,wind_onshore,0.7908628572258634
1,6,2030,5,wind_onshore,0.8092120550454645
1,7,2030,5,wind_onshore,0.8072926973448665
1,8,2030,5,wind_onshore,0.7761391954308213
1,9,2030,5,wind_onshore,0.7714325979513605
1,10,2030,5,wind_onshore,0.7798672706975259
1,11,2030,5,wind_onshore,0.7690936600299358
1,12,2030,5,wind_onshore,0.7632444243136477
1,13,2030,5,wind_onshore,0.7589860577831684
1,14,2030,5,wind_onshore,0.7345824764988853
1,15,2030,5,wind_onshore,0.7214691004259386
1,16,2030,5,wind_onshore,0.7194649391199486
1,17,2030,5,wind_onshore,0.7454628264249548
1,18,2030,5,wind_onshore,0.7838125929216131
1,19,2030,5,wind_onshore,0.8173590529079687
1,20,2030,5,wind_onshore,0.8205386299980053
1,21,2030,5,wind_onshore,0.8002190580033924
1,22,2030,5,wind_onshore,0.7696817592623385
1,23,2030,5,wind_onshore,0.7467020767637644
1,24,2030,5,wind_onshore,0.7145512005014728
2,1,2030,5,demand,0.6055881207782791
2,2,2030,5,demand,0.5852131265828663
2,3,2030,5,demand,0.5758150533486217
2,4,2030,5,demand,0.5723323010098196
2,5,2030,5,demand,0.5850273797914636
2,6,2030,5,demand,0.6126643591199888
2,7,2030,5,demand,0.6323499469550029
2,8,2030,5,demand,0.7528246014481107
2,9,2030,5,demand,0.8094773728259589
2,10,2030,5,demand,0.8321420534307791
2,11,2030,5,demand,0.821040110590782
2,12,2030,5,demand,0.8093952155912999
2,13,2030,5,demand,0.8261410032469969
2,14,2030,5,demand,0.8137352608134995
2,15,2030,5,demand,0.8019117631299763
2,16,2030,5,demand,0.7681344235241168
2,17,2030,5,demand,0.7119281588563713
2,18,2030,5,demand,0.7150036970755597
2,19,2030,5,demand,0.7267057449339349
2,20,2030,5,demand,0.7435836985758223
2,21,2030,5,demand,0.7051162524870423
2,22,2030,5,demand,0.6320391782847713
2,23,2030,5,demand,0.6740179531417999
2,24,2030,5,demand,0.6256344860350562
2,1,2030,5,solar,0.0
2,2,2030,5,solar,0.0
2,3,2030,5,solar,0.0
2,4,2030,5,solar,0.0
2,5,2030,5,solar,0.0
2,6,2030,5,solar,0.0
2,7,2030,5,solar,0.00278
2,8,2030,5,solar,0.0589675
2,9,2030,5,solar,0.2058275
2,10,2030,5,solar,0.28675
2,11,2030,5,solar,0.3311025
2,12,2030,5,solar,0.3422225
2,13,2030,5,solar,0.3487875
2,14,2030,5,solar,0.3387525
2,15,2030,5,solar,0.3188425
2,16,2030,5,solar,0.271885
2,17,2030,5,solar,0.202405
2,18,2030,5,solar,0.08872
2,19,2030,5,solar,0.0082525
2,20,2030,5,solar,0.0
2,21,2030,5,solar,0.0
2,22,2030,5,solar,0.0
2,23,2030,5,solar,0.0
2,24,2030,5,solar,0.0
2,1,2030,5,wind_offshore,0.9197858540591558
2,2,2030,5,wind_offshore,0.9094535110989197
2,3,2030,5,wind_offshore,0.9045863378527519
2,4,2030,5,wind_offshore,0.9031465506030828
2,5,2030,5,wind_offshore,0.9033812608726679
2,6,2030,5,wind_offshore,0.9061442112756727
2,7,2030,5,wind_offshore,0.91138713472453
2,8,2030,5,wind_offshore,0.9143481166372889
2,9,2030,5,wind_offshore,0.9177609780786911
2,10,2030,5,wind_offshore,0.9247165396467635
2,11,2030,5,wind_offshore,0.9241246613575267
2,12,2030,5,wind_offshore,0.9190950933045888
2,13,2030,5,wind_offshore,0.9195733415861788
2,14,2030,5,wind_offshore,0.9240438744303245
2,15,2030,5,wind_offshore,0.9236930139859623
2,16,2030,5,wind_offshore,0.9218000985514662
2,17,2030,5,wind_offshore,0.9198751772400395
2,18,2030,5,wind_offshore,0.919492860441971
2,19,2030,5,wind_offshore,0.9136086036219471
2,20,2030,5,wind_offshore,0.9125472035913457
2,21,2030,5,wind_offshore,0.9045887757138942
2,22,2030,5,wind_offshore,0.8973396983692098
2,23,2030,5,wind_offshore,0.8930463782304556
2,24,2030,5,wind_offshore,0.8770260200156476
2,1,2030,5,wind_onshore,0.5091740587354034
2,2,2030,5,wind_onshore,0.5023091035861864
2,3,2030,5,wind_onshore,0.49318872913921086
2,4,2030,5,wind_onshore,0.4992958845292792
2,5,2030,5,wind_onshore,0.5049490619268725
2,6,2030,5,wind_onshore,0.4986835826318396
2,7,2030,5,wind_onshore,0.4816863503057102
2,8,2030,5,wind_onshore,0.4452484480274711
2,9,2030,5,wind_onshore,0.41689127428523554
2,10,2030,5,wind_onshore,0.4583501630033341
2,11,2030,5,wind_onshore,0.5028041947078901
2,12,2030,5,wind_onshore,0.5464481863803496
2,13,2030,5,wind_onshore,0.6113053299210566
2,14,2030,5,wind_onshore,0.6543750871761991
2,15,2030,5,wind_onshore,0.6628836502989633
2,16,2030,5,wind_onshore,0.6303363460275517
2,17,2030,5,wind_onshore,0.5913614214054095
2,18,2030,5,wind_onshore,0.553128466404951
2,19,2030,5,wind_onshore,0.46930299374840534
2,20,2030,5,wind_onshore,0.42109994469614576
2,21,2030,5,wind_onshore,0.4040716845693558
2,22,2030,5,wind_onshore,0.3735438800960338
2,23,2030,5,wind_onshore,0.3563334667001997
2,24,2030,5,wind_onshore,0.2946415977522802
3,1,2030,5,demand,0.6061632214208915
3,2,2030,5,demand,0.5821625927394437
3,3,2030,5,demand,0.5707105886387261
3,4,2030,5,demand,0.5689852867108887
3,5,2030,5,demand,0.5751327910955846
3,6,2030,5,demand,0.5863990484048994
3,7,2030,5,demand,0.5935252954981407
3,8,2030,5,demand,0.7073023493397059
3,9,2030,5,demand,0.7676843447603332
3,10,2030,5,demand,0.7973538226332466
3,11,2030,5,demand,0.8013759550778529
3,12,2030,5,demand,0.7840372065111395
3,13,2030,5,demand,0.8042514582909152
3,14,2030,5,demand,0.8077484988444407
3,15,2030,5,demand,0.7993863211776348
3,16,2030,5,demand,0.7707848873552873
3,17,2030,5,demand,0.7066879561066044
3,18,2030,5,demand,0.7044339902340053
3,19,2030,5,demand,0.6867487524602519
3,20,2030,5,demand,0.6987651410425396
3,21,2030,5,demand,0.6840339916628267
3,22,2030,5,demand,0.6210694014309648
3,23,2030,5,demand,0.6716282492293294
3,24,2030,5,demand,0.6275705391300621
3,1,2030,5,solar,0.0
3,2,2030,5,solar,0.0
3,3,2030,5,solar,0.0
3,4,2030,5,solar,0.0
3,5,2030,5,solar,0.0
3,6,2030,5,solar,2.5e-6
3,7,2030,5,solar,0.016287500000000003
3,8,2030,5,solar,0.0663775
3,9,2030,5,solar,0.1326925
3,10,2030,5,solar,0.19620749999999998
3,11,2030,5,solar,0.24718
3,12,2030,5,solar,0.28017000000000003
3,13,2030,5,solar,0.294825
3,14,2030,5,solar,0.287245
3,15,2030,5,solar,0.26325750000000003
3,16,2030,5,solar,0.2165875
3,17,2030,5,solar,0.16236250000000002
3,18,2030,5,solar,0.10913999999999999
3,19,2030,5,solar,0.03028
3,20,2030,5,solar,0.0012475000000000001
3,21,2030,5,solar,0.0
3,22,2030,5,solar,0.0
3,23,2030,5,solar,0.0
3,24,2030,5,solar,0.0
3,1,2030,5,wind_offshore,0.8181146199872806
3,2,2030,5,wind_offshore,0.8352942045952932
3,3,2030,5,wind_offshore,0.8262846178419327
3,4,2030,5,wind_offshore,0.7859128123321268
3,5,2030,5,wind_offshore,0.7249419542651467
3,6,2030,5,wind_offshore,0.6281419222459804
3,7,2030,5,wind_offshore,0.5140972527834768
3,8,2030,5,wind_offshore,0.40758928257139704
3,9,2030,5,wind_offshore,0.3229548872750283
3,10,2030,5,wind_offshore,0.2650719231286421
3,11,2030,5,wind_offshore,0.21439043829130958
3,12,2030,5,wind_offshore,0.17255633881621416
3,13,2030,5,wind_offshore,0.15177157930590807
3,14,2030,5,wind_offshore,0.1378702211044442
3,15,2030,5,wind_offshore,0.12753364774014536
3,16,2030,5,wind_offshore,0.118426173557105
3,17,2030,5,wind_offshore,0.11474623862278761
3,18,2030,5,wind_offshore,0.12755044245135255
3,19,2030,5,wind_offshore,0.15064403927213887
3,20,2030,5,wind_offshore,0.17452623058979863
3,21,2030,5,wind_offshore,0.18780371571037763
3,22,2030,5,wind_offshore,0.19938058382256182
3,23,2030,5,wind_offshore,0.22805963463459128
3,24,2030,5,wind_offshore,0.26426686884696626
3,1,2030,5,wind_onshore,0.3739986499532238
3,2,2030,5,wind_onshore,0.3541614774012672
3,3,2030,5,wind_onshore,0.3228342343773265
3,4,2030,5,wind_onshore,0.2804075176164074
3,5,2030,5,wind_onshore,0.21332032874063525
3,6,2030,5,wind_onshore,0.16420568018920115
3,7,2030,5,wind_onshore,0.11902826825360696
3,8,2030,5,wind_onshore,0.08601879281135051
3,9,2030,5,wind_onshore,0.07139256581306123
3,10,2030,5,wind_onshore,0.06805247332756768
3,11,2030,5,wind_onshore,0.06269467617812072
3,12,2030,5,wind_onshore,0.05767578573232735
3,13,2030,5,wind_onshore,0.0615543984857364
3,14,2030,5,wind_onshore,0.06001319132401141
3,15,2030,5,wind_onshore,0.05564813561161495
3,16,2030,5,wind_onshore,0.05136744882237762
3,17,2030,5,wind_onshore,0.044088042160877305
3,18,2030,5,wind_onshore,0.04031936998560399
3,19,2030,5,wind_onshore,0.040657374325649566
3,20,2030,5,wind_onshore,0.04106594763992192
3,21,2030,5,wind_onshore,0.04798855846892437
3,22,2030,5,wind_onshore,0.06085708744702514
3,23,2030,5,wind_onshore,0.09350792917952419
3,24,2030,5,wind_onshore,0.13152110310333817
4,1,2030,5,demand,0.6213801701011963
4,2,2030,5,demand,0.5904890498694414
4,3,2030,5,demand,0.5871670399462763
4,4,2030,5,demand,0.5813267321781311
4,5,2030,5,demand,0.573796843018957
4,6,2030,5,demand,0.5881136341716944
4,7,2030,5,demand,0.6106390046829625
4,8,2030,5,demand,0.7324567513600595
4,9,2030,5,demand,0.7824404985158118
4,10,2030,5,demand,0.811670613785984
4,11,2030,5,demand,0.8130137059699735
4,12,2030,5,demand,0.7887808937992721
4,13,2030,5,demand,0.7912027461948699
4,14,2030,5,demand,0.792388668016903
4,15,2030,5,demand,0.7714850098767284
4,16,2030,5,demand,0.7450089479944705
4,17,2030,5,demand,0.6923604487928245
4,18,2030,5,demand,0.6849591535661598
4,19,2030,5,demand,0.6767005654560977
4,20,2030,5,demand,0.6590224717897062
4,21,2030,5,demand,0.6386581937553357
4,22,2030,5,demand,0.6232554982836281
4,23,2030,5,demand,0.6817085847166111
4,24,2030,5,demand,0.6277241374383374
4,1,2030,5,solar,0.0
4,2,2030,5,solar,0.0
4,3,2030,5,solar,0.0
4,4,2030,5,solar,0.0
4,5,2030,5,solar,0.00174
4,6,2030,5,solar,0.031795000000000004
4,7,2030,5,solar,0.07480500000000001
4,8,2030,5,solar,0.1006125
4,9,2030,5,solar,0.13277250000000002
4,10,2030,5,solar,0.1718325
4,11,2030,5,solar,0.200865
4,12,2030,5,solar,0.218635
4,13,2030,5,solar,0.22611750000000003
4,14,2030,5,solar,0.2180625
4,15,2030,5,solar,0.195765
4,16,2030,5,solar,0.1750875
4,17,2030,5,solar,0.1482175
4,18,2030,5,solar,0.11926500000000001
4,19,2030,5,solar,0.084375
4,20,2030,5,solar,0.039425
4,21,2030,5,solar,0.0066275
4,22,2030,5,solar,0.0
4,23,2030,5,solar,0.0
4,24,2030,5,solar,0.0
4,1,2030,5,wind_offshore,0.5875124856403829
4,2,2030,5,wind_offshore,0.6097417273567338
4,3,2030,5,wind_offshore,0.6523800251821915
4,4,2030,5,wind_offshore,0.70731422582379
4,5,2030,5,wind_offshore,0.7698337652417483
4,6,2030,5,wind_offshore,0.8060640614492884
4,7,2030,5,wind_offshore,0.8338674981666861
4,8,2030,5,wind_offshore,0.8542642015991543
4,9,2030,5,wind_offshore,0.861376241782798
4,10,2030,5,wind_offshore,0.8567210125290652
4,11,2030,5,wind_offshore,0.8244142163905674
4,12,2030,5,wind_offshore,0.7847017794593335
4,13,2030,5,wind_offshore,0.7907868808695653
4,14,2030,5,wind_offshore,0.8086399708577164
4,15,2030,5,wind_offshore,0.8392444139481351
4,16,2030,5,wind_offshore,0.8620356810372145
4,17,2030,5,wind_offshore,0.8576079375463115
4,18,2030,5,wind_offshore,0.8455032776101438
4,19,2030,5,wind_offshore,0.8298936409666919
4,20,2030,5,wind_offshore,0.7996020636517601
4,21,2030,5,wind_offshore,0.7691378855015341
4,22,2030,5,wind_offshore,0.740994411207059
4,23,2030,5,wind_offshore,0.7240867128726983
4,24,2030,5,wind_offshore,0.7065473516949109
4,1,2030,5,wind_onshore,0.14014715273413594
4,2,2030,5,wind_onshore,0.14427559904448603
4,3,2030,5,wind_onshore,0.16015190399311321
4,4,2030,5,wind_onshore,0.18533078476509124
4,5,2030,5,wind_onshore,0.2223717631566629
4,6,2030,5,wind_onshore,0.22881765673575277
4,7,2030,5,wind_onshore,0.2504033017966284
4,8,2030,5,wind_onshore,0.2594180532314567
4,9,2030,5,wind_onshore,0.2726807708378787
4,10,2030,5,wind_onshore,0.28643395666986204
4,11,2030,5,wind_onshore,0.27359962552887623
4,12,2030,5,wind_onshore,0.2715818384315213
4,13,2030,5,wind_onshore,0.2935352361761815
4,14,2030,5,wind_onshore,0.32357223734094365
4,15,2030,5,wind_onshore,0.34821523792860554
4,16,2030,5,wind_onshore,0.37237215061937085
4,17,2030,5,wind_onshore,0.37566888294707423
4,18,2030,5,wind_onshore,0.3650430144804902
4,19,2030,5,wind_onshore,0.37613961960872955
4,20,2030,5,wind_onshore,0.416718768925134
4,21,2030,5,wind_onshore,0.41470548590940376
4,22,2030,5,wind_onshore,0.3977977720299588
4,23,2030,5,wind_onshore,0.4108666415283742
4,24,2030,5,wind_onshore,0.3971846624784368
5,1,2030,5,demand,0.6518247836228483
5,2,2030,5,demand,0.6247700490442971
5,3,2030,5,demand,0.620580030076692
5,4,2030,5,demand,0.6116034591767846
5,5,2030,5,demand,0.623723437315816
5,6,2030,5,demand,0.661240717125497
5,7,2030,5,demand,0.6638876089029866
5,8,2030,5,demand,0.7804937292597633
5,9,2030,5,demand,0.8200185032380667
5,10,2030,5,demand,0.8453122153519723
5,11,2030,5,demand,0.852613493075574
5,12,2030,5,demand,0.8231404781551058
5,13,2030,5,demand,0.8229475872563413
5,14,2030,5,demand,0.815699890337952
5,15,2030,5,demand,0.7852338444942151
5,16,2030,5,demand,0.7476486956645985
5,17,2030,5,demand,0.7218370357669736
5,18,2030,5,demand,0.7220049222899722
5,19,2030,5,demand,0.7432229211540591
5,20,2030,5,demand,0.722312118906523
5,21,2030,5,demand,0.6762397705312716
5,22,2030,5,demand,0.6271061721515552
5,23,2030,5,demand,0.6883633207239839
5,24,2030,5,demand,0.6429196537965572
5,1,2030,5,solar,0.0
5,2,2030,5,solar,0.0
5,3,2030,5,solar,0.0
5,4,2030,5,solar,0.0
5,5,2030,5,solar,0.0
5,6,2030,5,solar,0.0
5,7,2030,5,solar,0.0
5,8,2030,5,solar,0.0099975
5,9,2030,5,solar,0.1027975
5,10,2030,5,solar,0.2219775
5,11,2030,5,solar,0.27299249999999997
5,12,2030,5,solar,0.285395
5,13,2030,5,solar,0.276735
5,14,2030,5,solar,0.2685725
5,15,2030,5,solar,0.2518475
5,16,2030,5,solar,0.21582
5,17,2030,5,solar,0.090815
5,18,2030,5,solar,0.0050975
5,19,2030,5,solar,0.0
5,20,2030,5,solar,0.0
5,21,2030,5,solar,0.0
5,22,2030,5,solar,0.0
5,23,2030,5,solar,0.0
5,24,2030,5,solar,0.0
5,1,2030,5,wind_offshore,0.06470502776334108
5,2,2030,5,wind_offshore,0.050249355205596306
5,3,2030,5,wind_offshore,0.038879885114552176
5,4,2030,5,wind_offshore,0.03192570681747661
5,5,2030,5,wind_offshore,0.03130486119281434
5,6,2030,5,wind_offshore,0.03532371456411851
5,7,2030,5,wind_offshore,0.04169534400888613
5,8,2030,5,wind_offshore,0.05161992851453373
5,9,2030,5,wind_offshore,0.05885459771833288
5,10,2030,5,wind_offshore,0.07015551560309781
5,11,2030,5,wind_offshore,0.06864825521151746
5,12,2030,5,wind_offshore,0.05803906607023575
5,13,2030,5,wind_offshore,0.06342651633800048
5,14,2030,5,wind_offshore,0.07355702310570703
5,15,2030,5,wind_offshore,0.09235043362003614
5,16,2030,5,wind_offshore,0.11893752448825029
5,17,2030,5,wind_offshore,0.15147170776177019
5,18,2030,5,wind_offshore,0.19602109315608474
5,19,2030,5,wind_offshore,0.22270930679589265
5,20,2030,5,wind_offshore,0.2414721024157391
5,21,2030,5,wind_offshore,0.24719795235332917
5,22,2030,5,wind_offshore,0.24012742056757883
5,23,2030,5,wind_offshore,0.21948831448659092
5,24,2030,5,wind_offshore,0.2117384777956276
5,1,2030,5,wind_onshore,0.029121122889990445
5,2,2030,5,wind_onshore,0.02133131184879676
5,3,2030,5,wind_onshore,0.01553814292205011
5,4,2030,5,wind_onshore,0.012492832494000506
5,5,2030,5,wind_onshore,0.011586848535980571
5,6,2030,5,wind_onshore,0.012098193992870637
5,7,2030,5,wind_onshore,0.012669724231172352
5,8,2030,5,wind_onshore,0.014771499784613526
5,9,2030,5,wind_onshore,0.014758985791300121
5,10,2030,5,wind_onshore,0.015077641611723286
5,11,2030,5,wind_onshore,0.015256746843377413
5,12,2030,5,wind_onshore,0.016186757201369993
5,13,2030,5,wind_onshore,0.022671490743842265
5,14,2030,5,wind_onshore,0.030455744486055314
5,15,2030,5,wind_onshore,0.03662800763641575
5,16,2030,5,wind_onshore,0.040226059868129486
5,17,2030,5,wind_onshore,0.041335455577581955
5,18,2030,5,wind_onshore,0.052674417152417816
5,19,2030,5,wind_onshore,0.06431962702970884
5,20,2030,5,wind_onshore,0.0620180847284619
5,21,2030,5,wind_onshore,0.05889391103214383
5,22,2030,5,wind_onshore,0.057514061008058684
5,23,2030,5,wind_onshore,0.055013883864103746
5,24,2030,5,wind_onshore,0.051485687848611836
6,1,2030,5,demand,0.6429125096891957
6,2,2030,5,demand,0.6183403524188161
6,3,2030,5,demand,0.6103746727105815
6,4,2030,5,demand,0.6103818168179432
6,5,2030,5,demand,0.6118070662365914
6,6,2030,5,demand,0.5925286925211913
6,7,2030,5,demand,0.6420302124300324
6,8,2030,5,demand,0.7055806194655493
6,9,2030,5,demand,0.7543070037256521
6,10,2030,5,demand,0.811166954216988
6,11,2030,5,demand,0.8191433500862652
6,12,2030,5,demand,0.8068590574779158
6,13,2030,5,demand,0.8012616493600667
6,14,2030,5,demand,0.7939103628849334
6,15,2030,5,demand,0.7911920300338274
6,16,2030,5,demand,0.7889523523759515
6,17,2030,5,demand,0.7839621933838422
6,18,2030,5,demand,0.8193719615218379
6,19,2030,5,demand,0.817293026279599
6,20,2030,5,demand,0.7805187336355291
6,21,2030,5,demand,0.7446017338748567
6,22,2030,5,demand,0.7245732288864838
6,23,2030,5,demand,0.6934070605213055
6,24,2030,5,demand,0.6556433090076478
6,1,2030,5,solar,0.0
6,2,2030,5,solar,0.0
6,3,2030,5,solar,0.0
6,4,2030,5,solar,0.0
6,5,2030,5,solar,0.0
6,6,2030,5,solar,0.0
6,7,2030,5,solar,0.0
6,8,2030,5,solar,0.0064199999999999995
6,9,2030,5,solar,0.124545
6,10,2030,5,solar,0.3114125
6,11,2030,5,solar,0.3394425
6,12,2030,5,solar,0.3141075
6,13,2030,5,solar,0.3067825
6,14,2030,5,solar,0.34188250000000003
6,15,2030,5,solar,0.3868825
6,16,2030,5,solar,0.31367
6,17,2030,5,solar,0.08111750000000001
6,18,2030,5,solar,0.00015999999999999999
6,19,2030,5,solar,0.0
6,20,2030,5,solar,0.0
6,21,2030,5,solar,0.0
6,22,2030,5,solar,0.0
6,23,2030,5,solar,0.0
6,24,2030,5,solar,0.0
6,1,2030,5,wind_offshore,0.15177532337992294
6,2,2030,5,wind_offshore,0.14046101697411742
6,3,2030,5,wind_offshore,0.11185271986628993
6,4,2030,5,wind_offshore,0.10004367949897652
6,5,2030,5,wind_offshore,0.09141101572655308
6,6,2030,5,wind_offshore,0.0804720044299797
6,7,2030,5,wind_offshore,0.08017179489002649
6,8,2030,5,wind_offshore,0.0842585614921676
6,9,2030,5,wind_offshore,0.09136977750339367
6,10,2030,5,wind_offshore,0.09444327363445336
6,11,2030,5,wind_offshore,0.08705037636398219
6,12,2030,5,wind_offshore,0.07483837527063915
6,13,2030,5,wind_offshore,0.06920972097813805
6,14,2030,5,wind_offshore,0.06135685268894665
6,15,2030,5,wind_offshore,0.05623048799697908
6,16,2030,5,wind_offshore,0.050489312037130404
6,17,2030,5,wind_offshore,0.03561332277475256
6,18,2030,5,wind_offshore,0.020685444565370373
6,19,2030,5,wind_offshore,0.015599358976448709
6,20,2030,5,wind_offshore,0.0162104532635285
6,21,2030,5,wind_offshore,0.018759732202846803
6,22,2030,5,wind_offshore,0.022296740799118264
6,23,2030,5,wind_offshore,0.021955193703318707
6,24,2030,5,wind_offshore,0.0237577901868328
6,1,2030,5,wind_onshore,0.04374419061473955
6,2,2030,5,wind_onshore,0.04832749904764649
6,3,2030,5,wind_onshore,0.05183669814139076
6,4,2030,5,wind_onshore,0.055962982266441606
6,5,2030,5,wind_onshore,0.05652594086822332
6,6,2030,5,wind_onshore,0.05700385298188114
6,7,2030,5,wind_onshore,0.06532874287034329
6,8,2030,5,wind_onshore,0.08324614253201795
6,9,2030,5,wind_onshore,0.0869756809727939
6,10,2030,5,wind_onshore,0.07344276798454186
6,11,2030,5,wind_onshore,0.05432951016522868
6,12,2030,5,wind_onshore,0.03547132318664853
6,13,2030,5,wind_onshore,0.026435410340392596
6,14,2030,5,wind_onshore,0.022961479909299577
6,15,2030,5,wind_onshore,0.020931312696712688
6,16,2030,5,wind_onshore,0.01480952177919875
6,17,2030,5,wind_onshore,0.007959197245654958
6,18,2030,5,wind_onshore,0.00654772327054639
6,19,2030,5,wind_onshore,0.0060658793915510665
6,20,2030,5,wind_onshore,0.00791632928225698
6,21,2030,5,wind_onshore,0.010344462008775833
6,22,2030,5,wind_onshore,0.013502988597961271
6,23,2030,5,wind_onshore,0.016485956195783358
6,24,2030,5,wind_onshore,0.019992912734687257
7,1,2030,5,demand,0.6873988662301617
7,2,2030,5,demand,0.6611871363202847
7,3,2030,5,demand,0.6501709227686273
7,4,2030,5,demand,0.6485527824512147
7,5,2030,5,demand,0.6682347982325478
7,6,2030,5,demand,0.6996545824090645
7,7,2030,5,demand,0.6992938049873013
7,8,2030,5,demand,0.8380680904872638
7,9,2030,5,demand,0.8960282335122933
7,10,2030,5,demand,0.9047476165471815
7,11,2030,5,demand,0.9010791174169765
7,12,2030,5,demand,0.8667266771685045
7,13,2030,5,demand,0.8725062600240757
7,14,2030,5,demand,0.8734242778200471
7,15,2030,5,demand,0.8603005525967045
7,16,2030,5,demand,0.8365428235655525
7,17,2030,5,demand,0.8394611914227847
7,18,2030,5,demand,0.8437226514640062
7,19,2030,5,demand,0.8336244557083204
7,20,2030,5,demand,0.8039549778354069
7,21,2030,5,demand,0.7527531603744942
7,22,2030,5,demand,0.6785866097995721
7,23,2030,5,demand,0.7361645430807534
7,24,2030,5,demand,0.6841768738100596
7,1,2030,5,solar,0.0
7,2,2030,5,solar,0.0
7,3,2030,5,solar,0.0
7,4,2030,5,solar,0.0
7,5,2030,5,solar,0.0
7,6,2030,5,solar,0.0
7,7,2030,5,solar,0.0
7,8,2030,5,solar,0.0
7,9,2030,5,solar,0.0024324999999999998
7,10,2030,5,solar,0.016085000000000002
7,11,2030,5,solar,0.032709999999999996
7,12,2030,5,solar,0.054819999999999994
7,13,2030,5,solar,0.0658125
7,14,2030,5,solar,0.05636
7,15,2030,5,solar,0.0434575
7,16,2030,5,solar,0.0256275
7,17,2030,5,solar,0.0036474999999999997
7,18,2030,5,solar,0.0
7,19,2030,5,solar,0.0
7,20,2030,5,solar,0.0
7,21,2030,5,solar,0.0
7,22,2030,5,solar,0.0
7,23,2030,5,solar,0.0
7,24,2030,5,solar,0.0
7,1,2030,5,wind_offshore,0.9198504938974861
7,2,2030,5,wind_offshore,0.9209130523935367
7,3,2030,5,wind_offshore,0.9253149944584159
7,4,2030,5,wind_offshore,0.9358950342895145
7,5,2030,5,wind_offshore,0.9467266258111762
7,6,2030,5,wind_offshore,0.9553665746419497
7,7,2030,5,wind_offshore,0.9577973657809775
7,8,2030,5,wind_offshore,0.9556320886213505
7,9,2030,5,wind_offshore,0.9503773468654952
7,10,2030,5,wind_offshore,0.9494859711310984
7,11,2030,5,wind_offshore,0.9481755914389154
7,12,2030,5,wind_offshore,0.9479789722369822
7,13,2030,5,wind_offshore,0.9580203539842597
7,14,2030,5,wind_offshore,0.9652442727851941
7,15,2030,5,wind_offshore,0.9686027302649549
7,16,2030,5,wind_offshore,0.9704620730455853
7,17,2030,5,wind_offshore,0.9709715268941833
7,18,2030,5,wind_offshore,0.9710789678769305
7,19,2030,5,wind_offshore,0.968590933415666
7,20,2030,5,wind_offshore,0.9678073453446351
7,21,2030,5,wind_offshore,0.9654729340908073
7,22,2030,5,wind_offshore,0.9659300928749995
7,23,2030,5,wind_offshore,0.9637010182377516
7,24,2030,5,wind_offshore,0.9636724376064937
7,1,2030,5,wind_onshore,0.4749207780857833
7,2,2030,5,wind_onshore,0.45933992408560403
7,3,2030,5,wind_onshore,0.45793655521726295
7,4,2030,5,wind_onshore,0.4560966727017083
7,5,2030,5,wind_onshore,0.4651576837147649
7,6,2030,5,wind_onshore,0.49574215780937436
7,7,2030,5,wind_onshore,0.5590554972746121
7,8,2030,5,wind_onshore,0.6271750561770988
7,9,2030,5,wind_onshore,0.6560227210534108
7,10,2030,5,wind_onshore,0.6318062106012242
7,11,2030,5,wind_onshore,0.5392234060448484
7,12,2030,5,wind_onshore,0.43784457418740863
7,13,2030,5,wind_onshore,0.4185535122850674
7,14,2030,5,wind_onshore,0.4384367922427823
7,15,2030,5,wind_onshore,0.5191485550164125
7,16,2030,5,wind_onshore,0.6558927718777541
7,17,2030,5,wind_onshore,0.7207904844026172
7,18,2030,5,wind_onshore,0.7542802410739765
7,19,2030,5,wind_onshore,0.7634597778511538
7,20,2030,5,wind_onshore,0.7651060855882695
7,21,2030,5,wind_onshore,0.7637161456056563
7,22,2030,5,wind_onshore,0.7589593559792177
7,23,2030,5,wind_onshore,0.7548138231887153
7,24,2030,5,wind_onshore,0.7441253823652683
8,1,2030,5,demand,0.646291672471254
8,2,2030,5,demand,0.625034381016678
8,3,2030,5,demand,0.6141431893438495
8,4,2030,5,demand,0.6145003947119317
8,5,2030,5,demand,0.6289350636361363
8,6,2030,5,demand,0.6621194423309793
8,7,2030,5,demand,0.6761218927598044
8,8,2030,5,demand,0.8133101864254817
8,9,2030,5,demand,0.8677732888969857
8,10,2030,5,demand,0.8822079578211902
8,11,2030,5,demand,0.8875803265571476
8,12,2030,5,demand,0.8459087483166697
8,13,2030,5,demand,0.8546817121567704
8,14,2030,5,demand,0.8491235966294102
8,15,2030,5,demand,0.8336958967819369
8,16,2030,5,demand,0.8118742208457909
8,17,2030,5,demand,0.8167715064421988
8,18,2030,5,demand,0.8340852506331465
8,19,2030,5,demand,0.8235119717379112
8,20,2030,5,demand,0.7933316901886402
8,21,2030,5,demand,0.746669952956053
8,22,2030,5,demand,0.681712156770292
8,23,2030,5,demand,0.7257984432990059
8,24,2030,5,demand,0.6700243971266401
8,1,2030,5,solar,0.0
8,2,2030,5,solar,0.0
8,3,2030,5,solar,0.0
8,4,2030,5,solar,0.0
8,5,2030,5,solar,0.0
8,6,2030,5,solar,0.0
8,7,2030,5,solar,0.0
8,8,2030,5,solar,0.0
8,9,2030,5,solar,0.033065
8,10,2030,5,solar,0.11367499999999998
8,11,2030,5,solar,0.13868
8,12,2030,5,solar,0.14688
8,13,2030,5,solar,0.15171
8,14,2030,5,solar,0.1372025
8,15,2030,5,solar,0.11308
8,16,2030,5,solar,0.081535
8,17,2030,5,solar,0.014685
8,18,2030,5,solar,0.0
8,19,2030,5,solar,0.0
8,20,2030,5,solar,0.0
8,21,2030,5,solar,0.0
8,22,2030,5,solar,0.0
8,23,2030,5,solar,0.0
8,24,2030,5,solar,0.0
8,1,2030,5,wind_offshore,0.776181091869811
8,2,2030,5,wind_offshore,0.7604135199598315
8,3,2030,5,wind_offshore,0.7454099504413376
8,4,2030,5,wind_offshore,0.7493132606142008
8,5,2030,5,wind_offshore,0.7418101647102463
8,6,2030,5,wind_offshore,0.7453729297419296
8,7,2030,5,wind_offshore,0.7495918462554005
8,8,2030,5,wind_offshore,0.7506819348084998
8,9,2030,5,wind_offshore,0.7506764611425785
8,10,2030,5,wind_offshore,0.7582807572742699
8,11,2030,5,wind_offshore,0.7590239514828462
8,12,2030,5,wind_offshore,0.7499040032330048
8,13,2030,5,wind_offshore,0.7580450856236083
8,14,2030,5,wind_offshore,0.7484904975093536
8,15,2030,5,wind_offshore,0.7416121283741374
8,16,2030,5,wind_offshore,0.7383547997162858
8,17,2030,5,wind_offshore,0.7419340198933515
8,18,2030,5,wind_offshore,0.7508530908216656
8,19,2030,5,wind_offshore,0.7673253230063996
8,20,2030,5,wind_offshore,0.7735521212261743
8,21,2030,5,wind_offshore,0.780410789709244
8,22,2030,5,wind_offshore,0.7908555392916393
8,23,2030,5,wind_offshore,0.7775100572751167
8,24,2030,5,wind_offshore,0.7825371654925248
8,1,2030,5,wind_onshore,0.24909848944185614
8,2,2030,5,wind_onshore,0.24144940268455056
8,3,2030,5,wind_onshore,0.23533575231055218
8,4,2030,5,wind_onshore,0.234215098573686
8,5,2030,5,wind_onshore,0.24297333971765833
8,6,2030,5,wind_onshore,0.2565571645121067
8,7,2030,5,wind_onshore,0.27132785421520966
8,8,2030,5,wind_onshore,0.2730130410280975
8,9,2030,5,wind_onshore,0.2649498110350292
8,10,2030,5,wind_onshore,0.2586340070356742
8,11,2030,5,wind_onshore,0.24488266384695456
8,12,2030,5,wind_onshore,0.23850893420555777
8,13,2030,5,wind_onshore,0.2547276666869123
8,14,2030,5,wind_onshore,0.2764748700486101
8,15,2030,5,wind_onshore,0.3026441717710728
8,16,2030,5,wind_onshore,0.32917392868270906
8,17,2030,5,wind_onshore,0.32445587897464995
8,18,2030,5,wind_onshore,0.3128421260362467
8,19,2030,5,wind_onshore,0.30028738457381754
8,20,2030,5,wind_onshore,0.2923629345786039
8,21,2030,5,wind_onshore,0.2901821326284664
8,22,2030,5,wind_onshore,0.29777254432442696
8,23,2030,5,wind_onshore,0.3004883123616571
8,24,2030,5,wind_onshore,0.31648259468064005
9,1,2030,5,demand,0.5939896624766478
9,2,2030,5,demand,0.5724537508349675
9,3,2030,5,demand,0.5626270311590242
9,4,2030,5,demand,0.5619197645302214
9,5,2030,5,demand,0.5619054763154981
9,6,2030,5,demand,0.5512250358098382
9,7,2030,5,demand,0.5577833263678287
9,8,2030,5,demand,0.6696350432754303
9,9,2030,5,demand,0.7339284374765584
9,10,2030,5,demand,0.7587577826119571
9,11,2030,5,demand,0.764865994406164
9,12,2030,5,demand,0.7690881618568964
9,13,2030,5,demand,0.7811581312443964
9,14,2030,5,demand,0.7829548742458503
9,15,2030,5,demand,0.7881272079756815
9,16,2030,5,demand,0.7588256516318929
9,17,2030,5,demand,0.7176827373361767
9,18,2030,5,demand,0.7207582755553651
9,19,2030,5,demand,0.7135391550664223
9,20,2030,5,demand,0.6779293519223007
9,21,2030,5,demand,0.6596332929691268
9,22,2030,5,demand,0.6187154180553026
9,23,2030,5,demand,0.6776793081646432
9,24,2030,5,demand,0.6334572835960579
9,1,2030,5,solar,0.0
9,2,2030,5,solar,0.0
9,3,2030,5,solar,0.0
9,4,2030,5,solar,0.0
9,5,2030,5,solar,0.0
9,6,2030,5,solar,0.010777499999999999
9,7,2030,5,solar,0.14315
9,8,2030,5,solar,0.33181499999999997
9,9,2030,5,solar,0.45845
9,10,2030,5,solar,0.52746
9,11,2030,5,solar,0.5447
9,12,2030,5,solar,0.53813
9,13,2030,5,solar,0.5397325
9,14,2030,5,solar,0.53935
9,15,2030,5,solar,0.5398175000000001
9,16,2030,5,solar,0.53417
9,17,2030,5,solar,0.51007
9,18,2030,5,solar,0.44393000000000005
9,19,2030,5,solar,0.27489
9,20,2030,5,solar,0.061724999999999995
9,21,2030,5,solar,0.0
9,22,2030,5,solar,0.0
9,23,2030,5,solar,0.0
9,24,2030,5,solar,0.0
9,1,2030,5,wind_offshore,0.017153361161008303
9,2,2030,5,wind_offshore,0.024600786326291656
9,3,2030,5,wind_offshore,0.03591112207639832
9,4,2030,5,wind_offshore,0.05069956671454059
9,5,2030,5,wind_offshore,0.0673519772496046
9,6,2030,5,wind_offshore,0.07844006065950007
9,7,2030,5,wind_offshore,0.0845173578693239
9,8,2030,5,wind_offshore,0.08740031822496953
9,9,2030,5,wind_offshore,0.09039676972491345
9,10,2030,5,wind_offshore,0.08602870730024077
9,11,2030,5,wind_offshore,0.07359221844993041
9,12,2030,5,wind_offshore,0.061442932843352886
9,13,2030,5,wind_offshore,0.06033308139198525
9,14,2030,5,wind_offshore,0.05869137111673493
9,15,2030,5,wind_offshore,0.06350449518976756
9,16,2030,5,wind_offshore,0.0628396471813641
9,17,2030,5,wind_offshore,0.060931833640260405
9,18,2030,5,wind_offshore,0.05355227902935392
9,19,2030,5,wind_offshore,0.04514068275034803
9,20,2030,5,wind_offshore,0.035346061074381506
9,21,2030,5,wind_offshore,0.026791591976724545
9,22,2030,5,wind_offshore,0.024278064052282503
9,23,2030,5,wind_offshore,0.03405303494622423
9,24,2030,5,wind_offshore,0.05875046708683998
9,1,2030,5,wind_onshore,0.012734435286763508
9,2,2030,5,wind_onshore,0.009972227671786363
9,3,2030,5,wind_onshore,0.009928371969068022
9,4,2030,5,wind_onshore,0.012866045809025867
9,5,2030,5,wind_onshore,0.017618937161151385
9,6,2030,5,wind_onshore,0.024887696619975537
9,7,2030,5,wind_onshore,0.025521322215238687
9,8,2030,5,wind_onshore,0.01816030136681257
9,9,2030,5,wind_onshore,0.01574242528350965
9,10,2030,5,wind_onshore,0.020947235098934675
9,11,2030,5,wind_onshore,0.028372703299353007
9,12,2030,5,wind_onshore,0.035930978298209675
9,13,2030,5,wind_onshore,0.049549479262419815
9,14,2030,5,wind_onshore,0.061143170098813995
9,15,2030,5,wind_onshore,0.07078088528870481
9,16,2030,5,wind_onshore,0.07724529166417674
9,17,2030,5,wind_onshore,0.07802595380926748
9,18,2030,5,wind_onshore,0.07992542801705067
9,19,2030,5,wind_onshore,0.07599601931488063
9,20,2030,5,wind_onshore,0.04868390729111663
9,21,2030,5,wind_onshore,0.02944756057148789
9,22,2030,5,wind_onshore,0.018215667456507795
9,23,2030,5,wind_onshore,0.011501200704112036
9,24,2030,5,wind_onshore,0.007641204559431515
10,1,2030,5,demand,0.5548185218127458
10,2,2030,5,demand,0.5405481673578592
10,3,2030,5,demand,0.5290604427203333
10,4,2030,5,demand,0.5304856921389814
10,5,2030,5,demand,0.5334933613382342
10,6,2030,5,demand,0.5623948476697708
10,7,2030,5,demand,0.5498176466595941
10,8,2030,5,demand,0.6499673157088206
10,9,2030,5,demand,0.7096277562859215
10,10,2030,5,demand,0.7445231486938786
10,11,2030,5,demand,0.7525066886705174
10,12,2030,5,demand,0.7443302577951141
10,13,2030,5,demand,0.7582112583987913
10,14,2030,5,demand,0.7579112058896021
10,15,2030,5,demand,0.757754035527646
10,16,2030,5,demand,0.7238909666334467
10,17,2030,5,demand,0.6823622705402017
10,18,2030,5,demand,0.6529214041028608
10,19,2030,5,demand,0.6335858775285675
10,20,2030,5,demand,0.6010516126036343
10,21,2030,5,demand,0.5904747616547182
10,22,2030,5,demand,0.5588692306867988
10,23,2030,5,demand,0.6176545181120981
10,24,2030,5,demand,0.5682637318673626
10,1,2030,5,solar,0.0
10,2,2030,5,solar,0.0
10,3,2030,5,solar,0.0
10,4,2030,5,solar,0.0
10,5,2030,5,solar,0.0
10,6,2030,5,solar,0.013429999999999997
10,7,2030,5,solar,0.16084249999999997
10,8,2030,5,solar,0.35684999999999995
10,9,2030,5,solar,0.48318249999999996
10,10,2030,5,solar,0.5503575
10,11,2030,5,solar,0.565105
10,12,2030,5,solar,0.5556450000000001
10,13,2030,5,solar,0.555315
10,14,2030,5,solar,0.553855
10,15,2030,5,solar,0.5535075
10,16,2030,5,solar,0.5512825
10,17,2030,5,solar,0.5314825
10,18,2030,5,solar,0.47042
10,19,2030,5,solar,0.29970250000000004
10,20,2030,5,solar,0.07222250000000001
10,21,2030,5,solar,0.0
10,22,2030,5,solar,0.0
10,23,2030,5,solar,0.0
10,24,2030,5,solar,0.0
10,1,2030,5,wind_offshore,0.37383165375353694
10,2,2030,5,wind_offshore,0.3267682786754147
10,3,2030,5,wind_offshore,0.28305397605368765
10,4,2030,5,wind_offshore,0.24048283965273404
10,5,2030,5,wind_offshore,0.21928785723704242
10,6,2030,5,wind_offshore,0.2044692966556385
10,7,2030,5,wind_offshore,0.195398998763662
10,8,2030,5,wind_offshore,0.18195289207814597
10,9,2030,5,wind_offshore,0.1541072990284316
10,10,2030,5,wind_offshore,0.13017313248481768
10,11,2030,5,wind_offshore,0.11733907762805575
10,12,2030,5,wind_offshore,0.10926652210911811
10,13,2030,5,wind_offshore,0.11329645840074218
10,14,2030,5,wind_offshore,0.12487775026979224
10,15,2030,5,wind_offshore,0.13651678219809546
10,16,2030,5,wind_offshore,0.14620763484454474
10,17,2030,5,wind_offshore,0.16326826657421106
10,18,2030,5,wind_offshore,0.1795743364307789
10,19,2030,5,wind_offshore,0.20177773202563692
10,20,2030,5,wind_offshore,0.2283888577830978
10,21,2030,5,wind_offshore,0.24379438081374014
10,22,2030,5,wind_offshore,0.237625822175305
10,23,2030,5,wind_offshore,0.22204837495605603
10,24,2030,5,wind_offshore,0.18044457193656246
10,1,2030,5,wind_onshore,0.1128849846272794
10,2,2030,5,wind_onshore,0.09588726433954044
10,3,2030,5,wind_onshore,0.0800961692766111
10,4,2030,5,wind_onshore,0.07248304603584717
10,5,2030,5,wind_onshore,0.06743715987507574
10,6,2030,5,wind_onshore,0.07201210129158847
10,7,2030,5,wind_onshore,0.06045557267340948
10,8,2030,5,wind_onshore,0.03193132538116185
10,9,2030,5,wind_onshore,0.01781942521729949
10,10,2030,5,wind_onshore,0.013376170386192822
10,11,2030,5,wind_onshore,0.014492680275536693
10,12,2030,5,wind_onshore,0.017586248588421564
10,13,2030,5,wind_onshore,0.02671514681669311
10,14,2030,5,wind_onshore,0.03720665146941973
10,15,2030,5,wind_onshore,0.04254632593325965
10,16,2030,5,wind_onshore,0.04743486391069444
10,17,2030,5,wind_onshore,0.049424238649272215
10,18,2030,5,wind_onshore,0.05285500587230948
10,19,2030,5,wind_onshore,0.0553806293552845
10,20,2030,5,wind_onshore,0.049130454748040356
10,21,2030,5,wind_onshore,0.04533767481876103
10,22,2030,5,wind_onshore,0.04552173888800937
10,23,2030,5,wind_onshore,0.04085070269252903
10,24,2030,5,wind_onshore,0.033698231778569954
11,1,2030,5,demand,0.595818553961229
11,2,2030,5,demand,0.5813481645002161
11,3,2030,5,demand,0.5809266621658791
11,4,2030,5,demand,0.585016663630421
11,5,2030,5,demand,0.5978974892034679
11,6,2030,5,demand,0.6135216520033863
11,7,2030,5,demand,0.6397333819132635
11,8,2030,5,demand,0.7738282770913483
11,9,2030,5,demand,0.8301095548863908
11,10,2030,5,demand,0.855496140395998
11,11,2030,5,demand,0.8657729388357249
11,12,2030,5,demand,0.8373501076974186
11,13,2030,5,demand,0.838689627827727
11,14,2030,5,demand,0.843547620833646
11,15,2030,5,demand,0.8227225478744495
11,16,2030,5,demand,0.7699847473307829
11,17,2030,5,demand,0.7159895838914668
11,18,2030,5,demand,0.6751931588027905
11,19,2030,5,demand,0.6612478612328586
11,20,2030,5,demand,0.6530357098206472
11,21,2030,5,demand,0.6446735321538413
11,22,2030,5,demand,0.590478333708399
11,23,2030,5,demand,0.6395583512829031
11,24,2030,5,demand,0.5957256805655277
11,1,2030,5,solar,0.0
11,2,2030,5,solar,0.0
11,3,2030,5,solar,0.0
11,4,2030,5,solar,0.0
11,5,2030,5,solar,0.00039249999999999995
11,6,2030,5,solar,0.0604075
11,7,2030,5,solar,0.304785
11,8,2030,5,solar,0.50876
11,9,2030,5,solar,0.60041
11,10,2030,5,solar,0.62571
11,11,2030,5,solar,0.6193025000000001
11,12,2030,5,solar,0.60222
11,13,2030,5,solar,0.5913075
11,14,2030,5,solar,0.57587
11,15,2030,5,solar,0.5539975
11,16,2030,5,solar,0.5280375
11,17,2030,5,solar,0.4782825
11,18,2030,5,solar,0.3998775
11,19,2030,5,solar,0.26404
11,20,2030,5,solar,0.07982500000000001
11,21,2030,5,solar,0.000875
11,22,2030,5,solar,0.0
11,23,2030,5,solar,0.0
11,24,2030,5,solar,0.0
11,1,2030,5,wind_offshore,0.21326950884331625
11,2,2030,5,wind_offshore,0.24110693647356796
11,3,2030,5,wind_offshore,0.23041976371981301
11,4,2030,5,wind_offshore,0.22031255661339927
11,5,2030,5,wind_offshore,0.20738415352504894
11,6,2030,5,wind_offshore,0.2045706801825621
11,7,2030,5,wind_offshore,0.20231972645472673
11,8,2030,5,wind_offshore,0.21419843949527484
11,9,2030,5,wind_offshore,0.21949968884081245
11,10,2030,5,wind_offshore,0.2462560600547431
11,11,2030,5,wind_offshore,0.27339546249922214
11,12,2030,5,wind_offshore,0.3080619477643841
11,13,2030,5,wind_offshore,0.3803160974447071
11,14,2030,5,wind_offshore,0.4418020656923037
11,15,2030,5,wind_offshore,0.4916867950424871
11,16,2030,5,wind_offshore,0.529733721005947
11,17,2030,5,wind_offshore,0.5335857463575312
11,18,2030,5,wind_offshore,0.4943652972778967
11,19,2030,5,wind_offshore,0.42256122120788875
11,20,2030,5,wind_offshore,0.3222589610436722
11,21,2030,5,wind_offshore,0.23498113441628227
11,22,2030,5,wind_offshore,0.17321206346414286
11,23,2030,5,wind_offshore,0.13611051627956383
11,24,2030,5,wind_offshore,0.12131369629897389
11,1,2030,5,wind_onshore,0.037198891995660316
11,2,2030,5,wind_onshore,0.049169522301688
11,3,2030,5,wind_onshore,0.0629220292748843
11,4,2030,5,wind_onshore,0.07785140237892459
11,5,2030,5,wind_onshore,0.09024461525086198
11,6,2030,5,wind_onshore,0.1001905465264625
11,7,2030,5,wind_onshore,0.09499025923861243
11,8,2030,5,wind_onshore,0.08882846130214402
11,9,2030,5,wind_onshore,0.09813236077083883
11,10,2030,5,wind_onshore,0.12109650983766601
11,11,2030,5,wind_onshore,0.1374434992739501
11,12,2030,5,wind_onshore,0.15557343103007804
11,13,2030,5,wind_onshore,0.20181790389297571
11,14,2030,5,wind_onshore,0.24363499203264571
11,15,2030,5,wind_onshore,0.29438357450527214
11,16,2030,5,wind_onshore,0.3200539512269701
11,17,2030,5,wind_onshore,0.2988917893297466
11,18,2030,5,wind_onshore,0.2627037437197511
11,19,2030,5,wind_onshore,0.24015825183663136
11,20,2030,5,wind_onshore,0.21558555148828784
11,21,2030,5,wind_onshore,0.17037559432316246
11,22,2030,5,wind_onshore,0.13732795529925523
11,23,2030,5,wind_onshore,0.12118188223543756
11,24,2030,5,wind_onshore,0.10401137375241415
12,1,2030,5,demand,0.6021053684394769
12,2,2030,5,demand,0.5829127240124166
12,3,2030,5,demand,0.5737396901600638
12,4,2030,5,demand,0.5638093809273766
12,5,2030,5,demand,0.569763994413308
12,6,2030,5,demand,0.5772760233040782
12,7,2030,5,demand,0.5876885597836765
12,8,2030,5,demand,0.7069522880789854
12,9,2030,5,demand,0.7685130612142839
12,10,2030,5,demand,0.8046765326789331
12,11,2030,5,demand,0.8126029197966788
12,12,2030,5,demand,0.7884344045922322
12,13,2030,5,demand,0.8050373101006962
12,14,2030,5,demand,0.8042157377541069
12,15,2030,5,demand,0.7955856560612393
12,16,2030,5,demand,0.7641551557236802
12,17,2030,5,demand,0.7153894788730886
12,18,2030,5,demand,0.70397676736286
12,19,2030,5,demand,0.6916817585934683
12,20,2030,5,demand,0.6947394365442524
12,21,2030,5,demand,0.6940821786669811
12,22,2030,5,demand,0.6325892745516181
12,23,2030,5,demand,0.6882097224157085
12,24,2030,5,demand,0.6384617308028905
12,1,2030,5,solar,0.0
12,2,2030,5,solar,0.0
12,3,2030,5,solar,0.0
12,4,2030,5,solar,0.0
12,5,2030,5,solar,0.0
12,6,2030,5,solar,0.0009825
12,7,2030,5,solar,0.028157500000000002
12,8,2030,5,solar,0.09009500000000001
12,9,2030,5,solar,0.16260750000000002
12,10,2030,5,solar,0.2353125
12,11,2030,5,solar,0.288265
12,12,2030,5,solar,0.3182725
12,13,2030,5,solar,0.32644500000000004
12,14,2030,5,solar,0.31652
12,15,2030,5,solar,0.2973
12,16,2030,5,solar,0.2593125
12,17,2030,5,solar,0.2109475
12,18,2030,5,solar,0.15048
12,19,2030,5,solar,0.0618175
12,20,2030,5,solar,0.006252499999999999
12,21,2030,5,solar,0.0
12,22,2030,5,solar,0.0
12,23,2030,5,solar,0.0
12,24,2030,5,solar,0.0
12,1,2030,5,wind_offshore,0.0328286480396493
12,2,2030,5,wind_offshore,0.033126097715385244
12,3,2030,5,wind_offshore,0.03458848256673864
12,4,2030,5,wind_offshore,0.035541975150693614
12,5,2030,5,wind_offshore,0.0394764980894646
12,6,2030,5,wind_offshore,0.04254231116406158
12,7,2030,5,wind_offshore,0.05076978702144393
12,8,2030,5,wind_offshore,0.06219579439659641
12,9,2030,5,wind_offshore,0.08640033248569032
12,10,2030,5,wind_offshore,0.11348838111110482
12,11,2030,5,wind_offshore,0.14402327553596928
12,12,2030,5,wind_offshore,0.17145292227196193
12,13,2030,5,wind_offshore,0.23560536372703367
12,14,2030,5,wind_offshore,0.31033722921674073
12,15,2030,5,wind_offshore,0.3960229797694215
12,16,2030,5,wind_offshore,0.4978808703249731
12,17,2030,5,wind_offshore,0.5817588115950217
12,18,2030,5,wind_offshore,0.6626313150889475
12,19,2030,5,wind_offshore,0.7042960792233253
12,20,2030,5,wind_offshore,0.7153265681788089
12,21,2030,5,wind_offshore,0.7115804188176016
12,22,2030,5,wind_offshore,0.7005706506022357
12,23,2030,5,wind_offshore,0.7245951269306824
12,24,2030,5,wind_offshore,0.7296921082084146
12,1,2030,5,wind_onshore,0.03695106449338154
12,2,2030,5,wind_onshore,0.036573139841067526
12,3,2030,5,wind_onshore,0.03570955035881234
12,4,2030,5,wind_onshore,0.03490763106532634
12,5,2030,5,wind_onshore,0.03480752284453277
12,6,2030,5,wind_onshore,0.037992424463691214
12,7,2030,5,wind_onshore,0.03936775592765728
12,8,2030,5,wind_onshore,0.02998671930948709
12,9,2030,5,wind_onshore,0.0299502849345302
12,10,2030,5,wind_onshore,0.03836914107632318
12,11,2030,5,wind_onshore,0.04969525343270311
12,12,2030,5,wind_onshore,0.0629177789151003
12,13,2030,5,wind_onshore,0.08837412924544992
12,14,2030,5,wind_onshore,0.11094845836177879
12,15,2030,5,wind_onshore,0.1326810806402486
12,16,2030,5,wind_onshore,0.15549569347903786
12,17,2030,5,wind_onshore,0.1742440390404777
12,18,2030,5,wind_onshore,0.19990338501834812
12,19,2030,5,wind_onshore,0.2352359398293609
12,20,2030,5,wind_onshore,0.2532002972619048
12,21,2030,5,wind_onshore,0.2868571224664073
12,22,2030,5,wind_onshore,0.32309149431845186
12,23,2030,5,wind_onshore,0.41638397678673755
12,24,2030,5,wind_onshore,0.46781731888511735
13,1,2030,5,demand,0.6019339098627975
13,2,2030,5,demand,0.5811874220845791
13,3,2030,5,demand,0.577843979839329
13,4,2030,5,demand,0.5754292715510929
13,5,2030,5,demand,0.5807694918039229
13,6,2030,5,demand,0.5899675300320414
13,7,2030,5,demand,0.648788537994149
13,8,2030,5,demand,0.7825869527167254
13,9,2030,5,demand,0.8429439437615869
13,10,2030,5,demand,0.8625759507913886
13,11,2030,5,demand,0.8792324371050649
13,12,2030,5,demand,0.8580430146704245
13,13,2030,5,demand,0.8549317559144279
13,14,2030,5,demand,0.8643476894170766
13,15,2030,5,demand,0.8521241217213013
13,16,2030,5,demand,0.820175673600023
13,17,2030,5,demand,0.7717672021175135
13,18,2030,5,demand,0.7583434243849817
13,19,2030,5,demand,0.7438730349239688
13,20,2030,5,demand,0.7249232901472044
13,21,2030,5,demand,0.7209583105614912
13,22,2030,5,demand,0.6851056077670735
13,23,2030,5,demand,0.6842733192594418
13,24,2030,5,demand,0.6378330493550658
13,1,2030,5,solar,0.0
13,2,2030,5,solar,0.0
13,3,2030,5,solar,0.0
13,4,2030,5,solar,0.0
13,5,2030,5,solar,0.0
13,6,2030,5,solar,0.01416
13,7,2030,5,solar,0.0519625
13,8,2030,5,solar,0.08516499999999999
13,9,2030,5,solar,0.132335
13,10,2030,5,solar,0.1783925
13,11,2030,5,solar,0.21488500000000002
13,12,2030,5,solar,0.23719250000000003
13,13,2030,5,solar,0.248145
13,14,2030,5,solar,0.2403225
13,15,2030,5,solar,0.21825499999999998
13,16,2030,5,solar,0.2254325
13,17,2030,5,solar,0.22485249999999998
13,18,2030,5,solar,0.22050750000000002
13,19,2030,5,solar,0.1576825
13,20,2030,5,solar,0.05699
13,21,2030,5,solar,0.00165
13,22,2030,5,solar,0.0
13,23,2030,5,solar,0.0
13,24,2030,5,solar,0.0
13,1,2030,5,wind_offshore,0.820084036573039
13,2,2030,5,wind_offshore,0.8444100867170097
13,3,2030,5,wind_offshore,0.8559172365946296
13,4,2030,5,wind_offshore,0.8649771702375856
13,5,2030,5,wind_offshore,0.8651723345248334
13,6,2030,5,wind_offshore,0.8617094923655878
13,7,2030,5,wind_offshore,0.8512079370766807
13,8,2030,5,wind_offshore,0.8477137198973872
13,9,2030,5,wind_offshore,0.8450202728801579
13,10,2030,5,wind_offshore,0.8397634654664269
13,11,2030,5,wind_offshore,0.8159725018116373
13,12,2030,5,wind_offshore,0.7705906351277498
13,13,2030,5,wind_offshore,0.7412704701880697
13,14,2030,5,wind_offshore,0.7079251425658077
13,15,2030,5,wind_offshore,0.67701783448418
13,16,2030,5,wind_offshore,0.629326074908234
13,17,2030,5,wind_offshore,0.5431531675143676
13,18,2030,5,wind_offshore,0.4608560210850947
13,19,2030,5,wind_offshore,0.3674414892980924
13,20,2030,5,wind_offshore,0.2800953852150834
13,21,2030,5,wind_offshore,0.2135968515956511
13,22,2030,5,wind_offshore,0.17630951417189625
13,23,2030,5,wind_offshore,0.1654536078318616
13,24,2030,5,wind_offshore,0.17224252237704404
13,1,2030,5,wind_onshore,0.6550957908117543
13,2,2030,5,wind_onshore,0.6854820772004886
13,3,2030,5,wind_onshore,0.70913865166061
13,4,2030,5,wind_onshore,0.7141800442221118
13,5,2030,5,wind_onshore,0.7139054742465067
13,6,2030,5,wind_onshore,0.6691162139113147
13,7,2030,5,wind_onshore,0.5886820698046146
13,8,2030,5,wind_onshore,0.5318017609652151
13,9,2030,5,wind_onshore,0.4959564252886177
13,10,2030,5,wind_onshore,0.4669042235239506
13,11,2030,5,wind_onshore,0.40538465622964004
13,12,2030,5,wind_onshore,0.36104835047495365
13,13,2030,5,wind_onshore,0.35081806968663926
13,14,2030,5,wind_onshore,0.3286018690473698
13,15,2030,5,wind_onshore,0.3143278159516606
13,16,2030,5,wind_onshore,0.2952389556878193
13,17,2030,5,wind_onshore,0.2700149166318502
13,18,2030,5,wind_onshore,0.2493427485396054
13,19,2030,5,wind_onshore,0.2505908608161904
13,20,2030,5,wind_onshore,0.23831858440807357
13,21,2030,5,wind_onshore,0.19239345596795984
13,22,2030,5,wind_onshore,0.1545368132477941
13,23,2030,5,wind_onshore,0.14471270748116963
13,24,2030,5,wind_onshore,0.1361279311851033
14,1,2030,5,demand,0.6449342920725413
14,2,2030,5,demand,0.6232340659615433
14,3,2030,5,demand,0.6104711181599638
14,4,2030,5,demand,0.6071955449346493
14,5,2030,5,demand,0.611896367578612
14,6,2030,5,demand,0.6007908526849342
14,7,2030,5,demand,0.6578651263971196
14,8,2030,5,demand,0.7242481720015289
14,9,2030,5,demand,0.7666127286560863
14,10,2030,5,demand,0.7934317076917032
14,11,2030,5,demand,0.8103953906219302
14,12,2030,5,demand,0.8127279416755075
14,13,2030,5,demand,0.8130672867751858
14,14,2030,5,demand,0.8075841843751229
14,15,2030,5,demand,0.7961571846501709
14,16,2030,5,demand,0.8077092062539517
14,17,2030,5,demand,0.8602719761672579
14,18,2030,5,demand,0.8385431736268133
14,19,2030,5,demand,0.8179931488010402
14,20,2030,5,demand,0.7910312876181904
14,21,2030,5,demand,0.7700419001896761
14,22,2030,5,demand,0.7367932245285782
14,23,2030,5,demand,0.6934427810581137
14,24,2030,5,demand,0.657775825055099
14,1,2030,5,solar,0.0
14,2,2030,5,solar,0.0
14,3,2030,5,solar,0.0
14,4,2030,5,solar,0.0
14,5,2030,5,solar,0.0
14,6,2030,5,solar,0.0
14,7,2030,5,solar,0.0
14,8,2030,5,solar,0.0
14,9,2030,5,solar,0.023275
14,10,2030,5,solar,0.09575
14,11,2030,5,solar,0.15566000000000002
14,12,2030,5,solar,0.18246
14,13,2030,5,solar,0.20256
14,14,2030,5,solar,0.226315
14,15,2030,5,solar,0.2577875
14,16,2030,5,solar,0.194965
14,17,2030,5,solar,0.03586
14,18,2030,5,solar,0.0
14,19,2030,5,solar,0.0
14,20,2030,5,solar,0.0
14,21,2030,5,solar,0.0
14,22,2030,5,solar,0.0
14,23,2030,5,solar,0.0
14,24,2030,5,solar,0.0
14,1,2030,5,wind_offshore,0.43654900065978863
14,2,2030,5,wind_offshore,0.44615928520464354
14,3,2030,5,wind_offshore,0.466773720876736
14,4,2030,5,wind_offshore,0.4798416785507162
14,5,2030,5,wind_offshore,0.4862514146119364
14,6,2030,5,wind_offshore,0.4868643036979148
14,7,2030,5,wind_offshore,0.4734599369529406
14,8,2030,5,wind_offshore,0.4924479094256165
14,9,2030,5,wind_offshore,0.5128933659994656
14,10,2030,5,wind_offshore,0.5635146711676923
14,11,2030,5,wind_offshore,0.5709245368720779
14,12,2030,5,wind_offshore,0.586888131492484
14,13,2030,5,wind_offshore,0.619070151110314
14,14,2030,5,wind_offshore,0.6350470111014213
14,15,2030,5,wind_offshore,0.6395431881376251
14,16,2030,5,wind_offshore,0.62278316006826
14,17,2030,5,wind_offshore,0.6039688521482567
14,18,2030,5,wind_offshore,0.5768199590682316
14,19,2030,5,wind_offshore,0.5539300949625376
14,20,2030,5,wind_offshore,0.5327379683429949
14,21,2030,5,wind_offshore,0.4903668584889312
14,22,2030,5,wind_offshore,0.4360575467166824
14,23,2030,5,wind_offshore,0.3590104771708018
14,24,2030,5,wind_offshore,0.30474247633415197
14,1,2030,5,wind_onshore,0.04371444504437828
14,2,2030,5,wind_onshore,0.05424295470530957
14,3,2030,5,wind_onshore,0.07045238654721936
14,4,2030,5,wind_onshore,0.08464656311600655
14,5,2030,5,wind_onshore,0.08947995714128973
14,6,2030,5,wind_onshore,0.08959479063020585
14,7,2030,5,wind_onshore,0.09028679170933468
14,8,2030,5,wind_onshore,0.09442625529490636
14,9,2030,5,wind_onshore,0.10345571570057233
14,10,2030,5,wind_onshore,0.10812760683194461
14,11,2030,5,wind_onshore,0.11020225573942596
14,12,2030,5,wind_onshore,0.11012923842977561
14,13,2030,5,wind_onshore,0.12786594253546466
14,14,2030,5,wind_onshore,0.14580880733436044
14,15,2030,5,wind_onshore,0.15185967183080365
14,16,2030,5,wind_onshore,0.1565776105524931
14,17,2030,5,wind_onshore,0.14505721990053413
14,18,2030,5,wind_onshore,0.13257736061103387
14,19,2030,5,wind_onshore,0.11379994762900279
14,20,2030,5,wind_onshore,0.09841438159771301
14,21,2030,5,wind_onshore,0.08448395270480291
14,22,2030,5,wind_onshore,0.07369208432013136
14,23,2030,5,wind_onshore,0.06257275382581327
14,24,2030,5,wind_onshore,0.05118985770892332
15,1,2030,5,demand,0.608049265764366
15,2,2030,5,demand,0.5867741140413858
15,3,2030,5,demand,0.5796442948944638
15,4,2030,5,demand,0.5793442423852746
15,5,2030,5,demand,0.5782833424420702
15,6,2030,5,demand,0.5949041082189384
15,7,2030,5,demand,0.6006694028597862
15,8,2030,5,demand,0.7137284739115061
15,9,2030,5,demand,0.7729245475101
15,10,2030,5,demand,0.802261824390697
15,11,2030,5,demand,0.7908098202899794
15,12,2030,5,demand,0.7767645052169844
15,13,2030,5,demand,0.7804865851524017
15,14,2030,5,demand,0.7821975988655158
15,15,2030,5,demand,0.7674092966269098
15,16,2030,5,demand,0.7448446335251526
15,17,2030,5,demand,0.704216094959475
15,18,2030,5,demand,0.706312890470118
15,19,2030,5,demand,0.7057556500959097
15,20,2030,5,demand,0.6661237145071817
15,21,2030,5,demand,0.6465595764973157
15,22,2030,5,demand,0.6278098667266772
15,23,2030,5,demand,0.688641940911088
15,24,2030,5,demand,0.6461809388071484
15,1,2030,5,solar,0.0
15,2,2030,5,solar,0.0
15,3,2030,5,solar,0.0
15,4,2030,5,solar,0.0
15,5,2030,5,solar,0.0
15,6,2030,5,solar,0.0200525
15,7,2030,5,solar,0.0850525
15,8,2030,5,solar,0.14179750000000002
15,9,2030,5,solar,0.202425
15,10,2030,5,solar,0.2679825
15,11,2030,5,solar,0.3212775
15,12,2030,5,solar,0.3563925
15,13,2030,5,solar,0.35482250000000004
15,14,2030,5,solar,0.3344475
15,15,2030,5,solar,0.297585
15,16,2030,5,solar,0.24342250000000004
15,17,2030,5,solar,0.18068
15,18,2030,5,solar,0.115535
15,19,2030,5,solar,0.07131000000000001
15,20,2030,5,solar,0.025605000000000003
15,21,2030,5,solar,0.002415
15,22,2030,5,solar,0.0
15,23,2030,5,solar,0.0
15,24,2030,5,solar,0.0
15,1,2030,5,wind_offshore,0.6225108337410956
15,2,2030,5,wind_offshore,0.5797681781930082
15,3,2030,5,wind_offshore,0.5392737438941035
15,4,2030,5,wind_offshore,0.5161139330908521
15,5,2030,5,wind_offshore,0.48368439548946984
15,6,2030,5,wind_offshore,0.4609439224931111
15,7,2030,5,wind_offshore,0.4472297895167875
15,8,2030,5,wind_offshore,0.44219007405426075
15,9,2030,5,wind_offshore,0.4264869447452543
15,10,2030,5,wind_offshore,0.41566545805827687
15,11,2030,5,wind_offshore,0.39649934810529297
15,12,2030,5,wind_offshore,0.38121048550934056
15,13,2030,5,wind_offshore,0.3795358492456097
15,14,2030,5,wind_offshore,0.3874965492009851
15,15,2030,5,wind_offshore,0.40986934215872206
15,16,2030,5,wind_offshore,0.4247839721655357
15,17,2030,5,wind_offshore,0.4418404943272697
15,18,2030,5,wind_offshore,0.453904591482622
15,19,2030,5,wind_offshore,0.44549522863755203
15,20,2030,5,wind_offshore,0.4333703230412783
15,21,2030,5,wind_offshore,0.40350515573514373
15,22,2030,5,wind_offshore,0.37410357746491674
15,23,2030,5,wind_offshore,0.3475249192132285
15,24,2030,5,wind_offshore,0.3121570039028647
15,1,2030,5,wind_onshore,0.3000511473640062
15,2,2030,5,wind_onshore,0.25515303564977126
15,3,2030,5,wind_onshore,0.21952935381341357
15,4,2030,5,wind_onshore,0.18999805181312912
15,5,2030,5,wind_onshore,0.17995992693281096
15,6,2030,5,wind_onshore,0.16172735969603744
15,7,2030,5,wind_onshore,0.14456020120896473
15,8,2030,5,wind_onshore,0.1382416533569682
15,9,2030,5,wind_onshore,0.14240752520040798
15,10,2030,5,wind_onshore,0.1553478970068905
15,11,2030,5,wind_onshore,0.15999756794788383
15,12,2030,5,wind_onshore,0.1629188811734517
15,13,2030,5,wind_onshore,0.18247342494161783
15,14,2030,5,wind_onshore,0.1907370903037791
15,15,2030,5,wind_onshore,0.20009923473768598
15,16,2030,5,wind_onshore,0.20391834231909484
15,17,2030,5,wind_onshore,0.200178909520286
15,18,2030,5,wind_onshore,0.1911829916928796
15,19,2030,5,wind_onshore,0.18585202000133105
15,20,2030,5,wind_onshore,0.19636571743573256
15,21,2030,5,wind_onshore,0.1824808763293883
15,22,2030,5,wind_onshore,0.1679521180850701
15,23,2030,5,wind_onshore,0.14947202161892803
15,24,2030,5,wind_onshore,0.12107327772609083
16,1,2030,5,demand,0.7249911591671401
16,2,2030,5,demand,0.7110244292751232
16,3,2030,5,demand,0.7006083207418441
16,4,2030,5,demand,0.7018478233690896
16,5,2030,5,demand,0.702926583580698
16,6,2030,5,demand,0.6894027883451034
16,7,2030,5,demand,0.7591792849462942
16,8,2030,5,demand,0.7503098756568114
16,9,2030,5,demand,0.8784180088658373
16,10,2030,5,demand,0.9036795724966155
16,11,2030,5,demand,0.9056334858600256
16,12,2030,5,demand,0.9132562484149013
16,13,2030,5,demand,0.8832367092812671
16,14,2030,5,demand,0.8862693828562856
16,15,2030,5,demand,0.8892484756260917
16,16,2030,5,demand,0.8754853527938818
16,17,2030,5,demand,0.8439119703090899
16,18,2030,5,demand,0.8200327914527901
16,19,2030,5,demand,0.8460587745712643
16,20,2030,5,demand,0.840764991016285
16,21,2030,5,demand,0.8031941304013918
16,22,2030,5,demand,0.7563073537869128
16,23,2030,5,demand,0.6983186343324368
16,24,2030,5,demand,0.7675378905594193
16,1,2030,5,solar,0.0
16,2,2030,5,solar,0.0
16,3,2030,5,solar,0.0
16,4,2030,5,solar,0.0
16,5,2030,5,solar,0.0
16,6,2030,5,solar,0.0
16,7,2030,5,solar,0.0
16,8,2030,5,solar,0.00035
16,9,2030,5,solar,0.01782
16,10,2030,5,solar,0.047125
16,11,2030,5,solar,0.0874
16,12,2030,5,solar,0.1247975
16,13,2030,5,solar,0.14663500000000002
16,14,2030,5,solar,0.146675
16,15,2030,5,solar,0.12986999999999999
16,16,2030,5,solar,0.10486999999999999
16,17,2030,5,solar,0.07239
16,18,2030,5,solar,0.0192975
16,19,2030,5,solar,0.0
16,20,2030,5,solar,0.0
16,21,2030,5,solar,0.0
16,22,2030,5,solar,0.0
16,23,2030,5,solar,0.0
16,24,2030,5,solar,0.0
16,1,2030,5,wind_offshore,0.9164190156380475
16,2,2030,5,wind_offshore,0.9138235004280019
16,3,2030,5,wind_offshore,0.9124926282115972
16,4,2030,5,wind_offshore,0.9092910523842842
16,5,2030,5,wind_offshore,0.9043478831037441
16,6,2030,5,wind_offshore,0.8977887179557655
16,7,2030,5,wind_offshore,0.8947363728330986
16,8,2030,5,wind_offshore,0.8970386838189116
16,9,2030,5,wind_offshore,0.8933557674830963
16,10,2030,5,wind_offshore,0.8943237534324426
16,11,2030,5,wind_offshore,0.8925269582156461
16,12,2030,5,wind_offshore,0.8937650694615403
16,13,2030,5,wind_offshore,0.8960640250434327
16,14,2030,5,wind_offshore,0.9054300319970996
16,15,2030,5,wind_offshore,0.917012748172894
16,16,2030,5,wind_offshore,0.9221385641740011
16,17,2030,5,wind_offshore,0.9195715703258001
16,18,2030,5,wind_offshore,0.910801295724806
16,19,2030,5,wind_offshore,0.894051073686992
16,20,2030,5,wind_offshore,0.8638217140898805
16,21,2030,5,wind_offshore,0.8210185902415932
16,22,2030,5,wind_offshore,0.7733282744315653
16,23,2030,5,wind_offshore,0.7349986494039222
16,24,2030,5,wind_offshore,0.7097380320414421
16,1,2030,5,wind_onshore,0.5888983601732543
16,2,2030,5,wind_onshore,0.6139960027533907
16,3,2030,5,wind_onshore,0.6293552445237175
16,4,2030,5,wind_onshore,0.6220995514082964
16,5,2030,5,wind_onshore,0.599686854413597
16,6,2030,5,wind_onshore,0.5749321873651032
16,7,2030,5,wind_onshore,0.5497227022761451
16,8,2030,5,wind_onshore,0.5153312943106544
16,9,2030,5,wind_onshore,0.47256872492012286
16,10,2030,5,wind_onshore,0.4348578519242079
16,11,2030,5,wind_onshore,0.4070241460816837
16,12,2030,5,wind_onshore,0.36891353808404614
16,13,2030,5,wind_onshore,0.3802830232124429
16,14,2030,5,wind_onshore,0.38537306157049284
16,15,2030,5,wind_onshore,0.38494752578069547
16,16,2030,5,wind_onshore,0.40615755291721
16,17,2030,5,wind_onshore,0.460338739199665
16,18,2030,5,wind_onshore,0.46552799135776857
16,19,2030,5,wind_onshore,0.43227604971003336
16,20,2030,5,wind_onshore,0.37895734719117063
16,21,2030,5,wind_onshore,0.325803469078778
16,22,2030,5,wind_onshore,0.2945644300391812
16,23,2030,5,wind_onshore,0.26376739951888234
16,24,2030,5,wind_onshore,0.2398395070105086
17,1,2030,5,demand,0.7057235016127823
17,2,2030,5,demand,0.6843733367625049
17,3,2030,5,demand,0.6636447092526907
17,4,2030,5,demand,0.6632267789720344
17,5,2030,5,demand,0.6639554779229223
17,6,2030,5,demand,0.6437590864115506
17,7,2030,5,demand,0.6626588224367836
17,8,2030,5,demand,0.692371164953867
17,9,2030,5,demand,0.756343074323721
17,10,2030,5,demand,0.8245621555200732
17,11,2030,5,demand,0.8524098860157671
17,12,2030,5,demand,0.8819257655804051
17,13,2030,5,demand,0.863454675996871
17,14,2030,5,demand,0.8616329286196514
17,15,2030,5,demand,0.8483163124975442
17,16,2030,5,demand,0.8509381998992681
17,17,2030,5,demand,0.8219295519573069
17,18,2030,5,demand,0.8390682655178943
17,19,2030,5,demand,0.8331029358709203
17,20,2030,5,demand,0.8368643083968266
17,21,2030,5,demand,0.8048479912556126
17,22,2030,5,demand,0.7711635250454544
17,23,2030,5,demand,0.7412940121664148
17,24,2030,5,demand,0.708370393390272
17,1,2030,5,solar,0.0
17,2,2030,5,solar,0.0
17,3,2030,5,solar,0.0
17,4,2030,5,solar,0.0
17,5,2030,5,solar,0.0
17,6,2030,5,solar,0.0
17,7,2030,5,solar,0.000165
17,8,2030,5,solar,0.060012499999999996
17,9,2030,5,solar,0.33385
17,10,2030,5,solar,0.49822
17,11,2030,5,solar,0.5177625
17,12,2030,5,solar,0.494085
17,13,2030,5,solar,0.4770675
17,14,2030,5,solar,0.482395
17,15,2030,5,solar,0.49743
17,16,2030,5,solar,0.497165
17,17,2030,5,solar,0.42755000000000004
17,18,2030,5,solar,0.1856325
17,19,2030,5,solar,0.0156675
17,20,2030,5,solar,0.0
17,21,2030,5,solar,0.0
17,22,2030,5,solar,0.0
17,23,2030,5,solar,0.0
17,24,2030,5,solar,0.0
17,1,2030,5,wind_offshore,0.8911890743624911
17,2,2030,5,wind_offshore,0.8886429016367225
17,3,2030,5,wind_offshore,0.8878111699725292
17,4,2030,5,wind_offshore,0.8921909170179942
17,5,2030,5,wind_offshore,0.902502121726982
17,6,2030,5,wind_offshore,0.9053096174400446
17,7,2030,5,wind_offshore,0.9077202902563706
17,8,2030,5,wind_offshore,0.9031941595301342
17,9,2030,5,wind_offshore,0.8877188523023696
17,10,2030,5,wind_offshore,0.8625954510776608
17,11,2030,5,wind_offshore,0.8182099770885294
17,12,2030,5,wind_offshore,0.7497198153849307
17,13,2030,5,wind_offshore,0.7172448846239601
17,14,2030,5,wind_offshore,0.6958537260716171
17,15,2030,5,wind_offshore,0.676734863064506
17,16,2030,5,wind_offshore,0.6480279397266028
17,17,2030,5,wind_offshore,0.6236109627501841
17,18,2030,5,wind_offshore,0.6119442037785147
17,19,2030,5,wind_offshore,0.6278948517777777
17,20,2030,5,wind_offshore,0.6517612215378698
17,21,2030,5,wind_offshore,0.7030980389155385
17,22,2030,5,wind_offshore,0.7370310052952614
17,23,2030,5,wind_offshore,0.7419549861510254
17,24,2030,5,wind_offshore,0.7226869030048201
17,1,2030,5,wind_onshore,0.39893631427045567
17,2,2030,5,wind_onshore,0.4038730589532737
17,3,2030,5,wind_onshore,0.42014387903027167
17,4,2030,5,wind_onshore,0.43204321871529966
17,5,2030,5,wind_onshore,0.42914340089870845
17,6,2030,5,wind_onshore,0.4346670206650027
17,7,2030,5,wind_onshore,0.45339766314334806
17,8,2030,5,wind_onshore,0.4445650116619386
17,9,2030,5,wind_onshore,0.4358162136676117
17,10,2030,5,wind_onshore,0.4069537750165209
17,11,2030,5,wind_onshore,0.35299983267779933
17,12,2030,5,wind_onshore,0.28466490788708537
17,13,2030,5,wind_onshore,0.25065380344273724
17,14,2030,5,wind_onshore,0.23523381435653984
17,15,2030,5,wind_onshore,0.22326908528798256
17,16,2030,5,wind_onshore,0.2088275467375887
17,17,2030,5,wind_onshore,0.19391199889163427
17,18,2030,5,wind_onshore,0.18875488347514965
17,19,2030,5,wind_onshore,0.1886994249208025
17,20,2030,5,wind_onshore,0.22273376849297535
17,21,2030,5,wind_onshore,0.2655905871486664
17,22,2030,5,wind_onshore,0.30335335983048856
17,23,2030,5,wind_onshore,0.32491196137201045
17,24,2030,5,wind_onshore,0.32113771350692066
18,1,2030,5,demand,0.6719425899532419
18,2,2030,5,demand,0.6466881704298252
18,3,2030,5,demand,0.6394690499408825
18,4,2030,5,demand,0.6408764390911268
18,5,2030,5,demand,0.6528642512439677
18,6,2030,5,demand,0.6809906019267659
18,7,2030,5,demand,0.688602648320599
18,8,2030,5,demand,0.8271804708681163
18,9,2030,5,demand,0.8805719572353734
18,10,2030,5,demand,0.8919918128529637
18,11,2030,5,demand,0.8852834960403785
18,12,2030,5,demand,0.8554639919128705
18,13,2030,5,demand,0.8630938985751079
18,14,2030,5,demand,0.8676732713939225
18,15,2030,5,demand,0.8531635893424208
18,16,2030,5,demand,0.8223617704526863
18,17,2030,5,demand,0.8327600187175613
18,18,2030,5,demand,0.8387253483645353
18,19,2030,5,demand,0.8420437862340195
18,20,2030,5,demand,0.806373258177324
18,21,2030,5,demand,0.7641730159920843
18,22,2030,5,demand,0.6965183192773021
18,23,2030,5,demand,0.7480487656768506
18,24,2030,5,demand,0.6972291579597859
18,1,2030,5,solar,0.0
18,2,2030,5,solar,0.0
18,3,2030,5,solar,0.0
18,4,2030,5,solar,0.0
18,5,2030,5,solar,0.0
18,6,2030,5,solar,0.0
18,7,2030,5,solar,0.0
18,8,2030,5,solar,0.0
18,9,2030,5,solar,0.010700000000000001
18,10,2030,5,solar,0.06361750000000001
18,11,2030,5,solar,0.11012250000000001
18,12,2030,5,solar,0.135455
18,13,2030,5,solar,0.1385475
18,14,2030,5,solar,0.12716
18,15,2030,5,solar,0.1084275
18,16,2030,5,solar,0.0758175
18,17,2030,5,solar,0.010105
18,18,2030,5,solar,0.0
18,19,2030,5,solar,0.0
18,20,2030,5,solar,0.0
18,21,2030,5,solar,0.0
18,22,2030,5,solar,0.0
18,23,2030,5,solar,0.0
18,24,2030,5,solar,0.0
18,1,2030,5,wind_offshore,0.9697969853683007
18,2,2030,5,wind_offshore,0.969027874001144
18,3,2030,5,wind_offshore,0.9678236694211039
18,4,2030,5,wind_offshore,0.9658229150776091
18,5,2030,5,wind_offshore,0.9650803495516962
18,6,2030,5,wind_offshore,0.9654624111571213
18,7,2030,5,wind_offshore,0.9656026133323099
18,8,2030,5,wind_offshore,0.9652067064376634
18,9,2030,5,wind_offshore,0.9666398418897748
18,10,2030,5,wind_offshore,0.9655973868721464
18,11,2030,5,wind_offshore,0.9639999011684532
18,12,2030,5,wind_offshore,0.9642695683053388
18,13,2030,5,wind_offshore,0.9656937064693962
18,14,2030,5,wind_offshore,0.9664418892333538
18,15,2030,5,wind_offshore,0.9664452719669985
18,16,2030,5,wind_offshore,0.9672970531103117
18,17,2030,5,wind_offshore,0.9641263828300859
18,18,2030,5,wind_offshore,0.9619200534295873
18,19,2030,5,wind_offshore,0.9596929791309647
18,20,2030,5,wind_offshore,0.9550484097013859
18,21,2030,5,wind_offshore,0.9525405912722789
18,22,2030,5,wind_offshore,0.9472962281696855
18,23,2030,5,wind_offshore,0.9358271286677181
18,24,2030,5,wind_offshore,0.9289133495831705
18,1,2030,5,wind_onshore,0.7385000192009689
18,2,2030,5,wind_onshore,0.7301507765188484
18,3,2030,5,wind_onshore,0.7158097747851078
18,4,2030,5,wind_onshore,0.7079514814400822
18,5,2030,5,wind_onshore,0.71197847871102
18,6,2030,5,wind_onshore,0.7288014262891657
18,7,2030,5,wind_onshore,0.758289680821876
18,8,2030,5,wind_onshore,0.7675731654937081
18,9,2030,5,wind_onshore,0.7532123376022684
18,10,2030,5,wind_onshore,0.7297622170415278
18,11,2030,5,wind_onshore,0.6899440722371672
18,12,2030,5,wind_onshore,0.6618154792363834
18,13,2030,5,wind_onshore,0.6767643693004276
18,14,2030,5,wind_onshore,0.6998993294641304
18,15,2030,5,wind_onshore,0.7565200204019996
18,16,2030,5,wind_onshore,0.79408242652278
18,17,2030,5,wind_onshore,0.7826384881943707
18,18,2030,5,wind_onshore,0.7524972170947286
18,19,2030,5,wind_onshore,0.7163706487468416
18,20,2030,5,wind_onshore,0.6744480688350005
18,21,2030,5,wind_onshore,0.6245989797309722
18,22,2030,5,wind_onshore,0.5778077025602015
18,23,2030,5,wind_onshore,0.5360359337447979
18,24,2030,5,wind_onshore,0.5043785107570982
19,1,2030,5,demand,0.6449342920725413
19,2,2030,5,demand,0.6255094641562274
19,3,2030,5,demand,0.6066740250972492
19,4,2030,5,demand,0.5986619086911638
19,5,2030,5,demand,0.6011980668045479
19,6,2030,5,demand,0.5766294815878493
19,7,2030,5,demand,0.6013945297569931
19,8,2030,5,demand,0.6338609256619909
19,9,2030,5,demand,0.6764183732153127
19,10,2030,5,demand,0.6953073930795033
19,11,2030,5,demand,0.718765069601466
19,12,2030,5,demand,0.7257019978496236
19,13,2030,5,demand,0.7323031530517842
19,14,2030,5,demand,0.73258891734625
19,15,2030,5,demand,0.7363681501405603
19,16,2030,5,demand,0.747377219584856
19,17,2030,5,demand,0.8000007144107362
19,18,2030,5,demand,0.7872877753606882
19,19,2030,5,demand,0.7621726659308236
19,20,2030,5,demand,0.747737997006619
19,21,2030,5,demand,0.7117888487628192
19,22,2030,5,demand,0.6713889216327142
19,23,2030,5,demand,0.6370257652231998
19,24,2030,5,demand,0.5985011662755267
19,1,2030,5,solar,0.0
19,2,2030,5,solar,0.0
19,3,2030,5,solar,0.0
19,4,2030,5,solar,0.0
19,5,2030,5,solar,0.0
19,6,2030,5,solar,0.0
19,7,2030,5,solar,0.0
19,8,2030,5,solar,0.0
19,9,2030,5,solar,0.04808
19,10,2030,5,solar,0.15352749999999998
19,11,2030,5,solar,0.1884075
19,12,2030,5,solar,0.193885
19,13,2030,5,solar,0.20134999999999997
19,14,2030,5,solar,0.20293499999999998
19,15,2030,5,solar,0.1981325
19,16,2030,5,solar,0.12896
19,17,2030,5,solar,0.021762500000000004
19,18,2030,5,solar,0.0
19,19,2030,5,solar,0.0
19,20,2030,5,solar,0.0
19,21,2030,5,solar,0.0
19,22,2030,5,solar,0.0
19,23,2030,5,solar,0.0
19,24,2030,5,solar,0.0
19,1,2030,5,wind_offshore,0.2561154508859886
19,2,2030,5,wind_offshore,0.21573949897524672
19,3,2030,5,wind_offshore,0.19152227750014444
19,4,2030,5,wind_offshore,0.1804232677158849
19,5,2030,5,wind_offshore,0.1788940876304627
19,6,2030,5,wind_offshore,0.19444306197249694
19,7,2030,5,wind_offshore,0.2393969328088273
19,8,2030,5,wind_offshore,0.3101851265137321
19,9,2030,5,wind_offshore,0.3915970665822269
19,10,2030,5,wind_offshore,0.5042813787575922
19,11,2030,5,wind_offshore,0.5876133289297963
19,12,2030,5,wind_offshore,0.6845265291115529
19,13,2030,5,wind_offshore,0.754353833175152
19,14,2030,5,wind_offshore,0.8138790581714568
19,15,2030,5,wind_offshore,0.8594222284333906
19,16,2030,5,wind_offshore,0.8941371749969703
19,17,2030,5,wind_offshore,0.9179685850405714
19,18,2030,5,wind_offshore,0.935423735510358
19,19,2030,5,wind_offshore,0.9455251615981329
19,20,2030,5,wind_offshore,0.9513746491293444
19,21,2030,5,wind_offshore,0.9524080865697209
19,22,2030,5,wind_offshore,0.9523297277369195
19,23,2030,5,wind_offshore,0.9524245610001637
19,24,2030,5,wind_offshore,0.9532930600910504
19,1,2030,5,wind_onshore,0.044248552872021535
19,2,2030,5,wind_onshore,0.04141962387914189
19,3,2030,5,wind_onshore,0.04048698859123487
19,4,2030,5,wind_onshore,0.039355854915726914
19,5,2030,5,wind_onshore,0.038214232516418936
19,6,2030,5,wind_onshore,0.04262725450476563
19,7,2030,5,wind_onshore,0.05421333397284389
19,8,2030,5,wind_onshore,0.0898612338570498
19,9,2030,5,wind_onshore,0.13247653536800275
19,10,2030,5,wind_onshore,0.16190925747151683
19,11,2030,5,wind_onshore,0.16598359660695816
19,12,2030,5,wind_onshore,0.15580583967568506
19,13,2030,5,wind_onshore,0.15907891106329392
19,14,2030,5,wind_onshore,0.16977014238169322
19,15,2030,5,wind_onshore,0.18355563664195682
19,16,2030,5,wind_onshore,0.22025636714168192
19,17,2030,5,wind_onshore,0.27175576137636
19,18,2030,5,wind_onshore,0.3498432581453076
19,19,2030,5,wind_onshore,0.4488406794505813
19,20,2030,5,wind_onshore,0.5274806932777105
19,21,2030,5,wind_onshore,0.5969361492752014
19,22,2030,5,wind_onshore,0.6443668318639085
19,23,2030,5,wind_onshore,0.6867192775252795
19,24,2030,5,wind_onshore,0.705755900562822
20,1,2030,5,demand,0.6399727095098785
20,2,2030,5,demand,0.6212551482223675
20,3,2030,5,demand,0.6001764594518326
20,4,2030,5,demand,0.5968544495286675
20,5,2030,5,demand,0.5946647806223232
20,6,2030,5,demand,0.6201549556886741
20,7,2030,5,demand,0.7032159199288447
20,8,2030,5,demand,0.7188329386214016
20,9,2030,5,demand,0.8442941800529379
20,10,2030,5,demand,0.8840547095741755
20,11,2030,5,demand,0.8792038606756183
20,12,2030,5,demand,0.8821043682644463
20,13,2030,5,demand,0.8632189204539367
20,14,2030,5,demand,0.8593003775660741
20,15,2030,5,demand,0.8596504388267947
20,16,2030,5,demand,0.8519169426078136
20,17,2030,5,demand,0.8116170329807717
20,18,2030,5,demand,0.7958571321409817
20,19,2030,5,demand,0.8129672692721226
20,20,2030,5,demand,0.7992684434061675
20,21,2030,5,demand,0.7693024850777458
20,22,2030,5,demand,0.717939925201196
20,23,2030,5,demand,0.6523855960507374
20,24,2030,5,demand,0.7248268446978221
20,1,2030,5,solar,0.0
20,2,2030,5,solar,0.0
20,3,2030,5,solar,0.0
20,4,2030,5,solar,0.0
20,5,2030,5,solar,0.0
20,6,2030,5,solar,0.0
20,7,2030,5,solar,0.0
20,8,2030,5,solar,0.00028250000000000004
20,9,2030,5,solar,0.044675
20,10,2030,5,solar,0.17022749999999998
20,11,2030,5,solar,0.2259875
20,12,2030,5,solar,0.2367425
20,13,2030,5,solar,0.218495
20,14,2030,5,solar,0.1853125
20,15,2030,5,solar,0.1310125
20,16,2030,5,solar,0.0899875
20,17,2030,5,solar,0.0463225
20,18,2030,5,solar,0.00698
20,19,2030,5,solar,0.0
20,20,2030,5,solar,0.0
20,21,2030,5,solar,0.0
20,22,2030,5,solar,0.0
20,23,2030,5,solar,0.0
20,24,2030,5,solar,0.0
20,1,2030,5,wind_offshore,0.5276406196943677
20,2,2030,5,wind_offshore,0.5988323985349564
20,3,2030,5,wind_offshore,0.6886421636904592
20,4,2030,5,wind_offshore,0.8074720168523318
20,5,2030,5,wind_offshore,0.8946779714311798
20,6,2030,5,wind_offshore,0.9401933907378052
20,7,2030,5,wind_offshore,0.9531102298478843
20,8,2030,5,wind_offshore,0.9591354003855557
20,9,2030,5,wind_offshore,0.9592565906047655
20,10,2030,5,wind_offshore,0.9593833098402523
20,11,2030,5,wind_offshore,0.9563188943958078
20,12,2030,5,wind_offshore,0.9537064584661775
20,13,2030,5,wind_offshore,0.9550211212698634
20,14,2030,5,wind_offshore,0.9531835900750061
20,15,2030,5,wind_offshore,0.9231385323056039
20,16,2030,5,wind_offshore,0.7934595854388118
20,17,2030,5,wind_offshore,0.6137964206693364
20,18,2030,5,wind_offshore,0.4240352329412984
20,19,2030,5,wind_offshore,0.27020296870826616
20,20,2030,5,wind_offshore,0.14935440209564435
20,21,2030,5,wind_offshore,0.06488767805969485
20,22,2030,5,wind_offshore,0.021800825113819623
20,23,2030,5,wind_offshore,0.007759003623959759
20,24,2030,5,wind_offshore,0.004081391135754809
20,1,2030,5,wind_onshore,0.14876727298158998
20,2,2030,5,wind_onshore,0.16587121884080927
20,3,2030,5,wind_onshore,0.19442498714864093
20,4,2030,5,wind_onshore,0.2487700637704609
20,5,2030,5,wind_onshore,0.3398559225654798
20,6,2030,5,wind_onshore,0.4777297873019764
20,7,2030,5,wind_onshore,0.6057642865296472
20,8,2030,5,wind_onshore,0.7287803969002231
20,9,2030,5,wind_onshore,0.7767408266846536
20,10,2030,5,wind_onshore,0.7914457845924234
20,11,2030,5,wind_onshore,0.7904293348085445
20,12,2030,5,wind_onshore,0.7674124309772383
20,13,2030,5,wind_onshore,0.7806273169446688
20,14,2030,5,wind_onshore,0.7803700404236649
20,15,2030,5,wind_onshore,0.7546608770099831
20,16,2030,5,wind_onshore,0.7193529522029104
20,17,2030,5,wind_onshore,0.6763785503447316
20,18,2030,5,wind_onshore,0.553400213373691
20,19,2030,5,wind_onshore,0.37765815125230995
20,20,2030,5,wind_onshore,0.2274521100103416
20,21,2030,5,wind_onshore,0.12220646520582426
20,22,2030,5,wind_onshore,0.05413586900635757
20,23,2030,5,wind_onshore,0.022982276149653938
20,24,2030,5,wind_onshore,0.010814310997774287
21,1,2030,2,demand,0.6136002371843644
21,2,2030,2,demand,0.5882279398894807
21,3,2030,2,demand,0.5787298491521731
21,4,2030,2,demand,0.5775117788470125
21,5,2030,2,demand,0.5799836399941419
21,6,2030,2,demand,0.5635021843108258
21,7,2030,2,demand,0.5930930770027613
21,8,2030,2,demand,0.6607906383617134
21,9,2030,2,demand,0.7269629327989542
21,10,2030,2,demand,0.7549464013345193
21,11,2030,2,demand,0.7662305189122383
21,12,2030,2,demand,0.7674771656468453
21,13,2030,2,demand,0.7605188050766027
21,14,2030,2,demand,0.7546070562348411
21,15,2030,2,demand,0.7498026440341345
21,16,2030,2,demand,0.7444838561033896
21,17,2030,2,demand,0.7340463152480257
21,18,2030,2,demand,0.7466520926876489
21,19,2030,2,demand,0.7406296101817819
21,20,2030,2,demand,0.7331175812910117
21,21,2030,2,demand,0.7102528656800654
21,22,2030,2,demand,0.6713174805590978
21,23,2030,2,demand,0.6361327518029941
21,24,2030,2,demand,0.6003407739211505
21,1,2030,2,solar,0.0
21,2,2030,2,solar,0.0
21,3,2030,2,solar,0.0
21,4,2030,2,solar,0.0
21,5,2030,2,solar,0.0
21,6,2030,2,solar,0.0
21,7,2030,2,solar,0.057887499999999995
21,8,2030,2,solar,0.2889175
21,9,2030,2,solar,0.431285
21,10,2030,2,solar,0.49757
21,11,2030,2,solar,0.5072525
21,12,2030,2,solar,0.48593
21,13,2030,2,solar,0.48106750000000004
21,14,2030,2,solar,0.471245
21,15,2030,2,solar,0.45571
21,16,2030,2,solar,0.4180325
21,17,2030,2,solar,0.34299
21,18,2030,2,solar,0.21117000000000002
21,19,2030,2,solar,0.060794999999999995
21,20,2030,2,solar,0.0
21,21,2030,2,solar,0.0
21,22,2030,2,solar,0.0
21,23,2030,2,solar,0.0
21,24,2030,2,solar,0.0
21,1,2030,2,wind_offshore,0.3678586905860535
21,2,2030,2,wind_offshore,0.2935772573237425
21,3,2030,2,wind_offshore,0.23367649806059126
21,4,2030,2,wind_offshore,0.18978699059723253
21,5,2030,2,wind_offshore,0.16729710596014602
21,6,2030,2,wind_offshore,0.16781389424962645
21,7,2030,2,wind_offshore,0.172667823562632
21,8,2030,2,wind_offshore,0.1871632406754751
21,9,2030,2,wind_offshore,0.2014100846079333
21,10,2030,2,wind_offshore,0.2150011084188848
21,11,2030,2,wind_offshore,0.21579116997564304
21,12,2030,2,wind_offshore,0.21489248939826397
21,13,2030,2,wind_offshore,0.23229856322132153
21,14,2030,2,wind_offshore,0.24464039667145657
21,15,2030,2,wind_offshore,0.2568169645735691
21,16,2030,2,wind_offshore,0.2788610144909523
21,17,2030,2,wind_offshore,0.3108509772118234
21,18,2030,2,wind_offshore,0.35551214658398095
21,19,2030,2,wind_offshore,0.39266032733272155
21,20,2030,2,wind_offshore,0.42895712230977745
21,21,2030,2,wind_offshore,0.46255476648410454
21,22,2030,2,wind_offshore,0.472504369772865
21,23,2030,2,wind_offshore,0.4510013136004667
21,24,2030,2,wind_offshore,0.3995696450271562
21,1,2030,2,wind_onshore,0.14539138293446222
21,2,2030,2,wind_onshore,0.11540151743643849
21,3,2030,2,wind_onshore,0.08623420448229534
21,4,2030,2,wind_onshore,0.0675730884024901
21,5,2030,2,wind_onshore,0.05311956792988186
21,6,2030,2,wind_onshore,0.046574825267105824
21,7,2030,2,wind_onshore,0.05034234640642864
21,8,2030,2,wind_onshore,0.055328740029989935
21,9,2030,2,wind_onshore,0.052824385829600314
21,10,2030,2,wind_onshore,0.06218116806652305
21,11,2030,2,wind_onshore,0.06353330645156052
21,12,2030,2,wind_onshore,0.06051878686572926
21,13,2030,2,wind_onshore,0.07232481625032501
21,14,2030,2,wind_onshore,0.08355119990999778
21,15,2030,2,wind_onshore,0.09262855786280942
21,16,2030,2,wind_onshore,0.09834959157789314
21,17,2030,2,wind_onshore,0.10573242676058103
21,18,2030,2,wind_onshore,0.1176535616149848
21,19,2030,2,wind_onshore,0.13240915503397643
21,20,2030,2,wind_onshore,0.14746456423019408
21,21,2030,2,wind_onshore,0.15160285084614522
21,22,2030,2,wind_onshore,0.1447957093119194
21,23,2030,2,wind_onshore,0.14433610202986555
21,24,2030,2,wind_onshore,0.123847921107128
22,1,2030,2,demand,0.6125214769727559
22,2,2030,2,demand,0.5818768284449779
22,3,2030,2,demand,0.5785333861997278
22,4,2030,2,demand,0.5727823797736032
22,5,2030,2,demand,0.5656632767877235
22,6,2030,2,demand,0.5811016927962394
22,7,2030,2,demand,0.5992620137095421
22,8,2030,2,demand,0.7244803554907824
22,9,2030,2,demand,0.7788577286739465
22,10,2030,2,demand,0.8112491114516469
22,11,2030,2,demand,0.813728116706138
22,12,2030,2,demand,0.7900846933927723
22,13,2030,2,demand,0.7925136898957318
22,14,2030,2,demand,0.7917135498712274
22,15,2030,2,demand,0.7675271743983769
22,16,2030,2,demand,0.7383756443091828
22,17,2030,2,demand,0.6784865922965091
22,18,2030,2,demand,0.6763469321416963
22,19,2030,2,demand,0.6655021771667184
22,20,2030,2,demand,0.6463238209543813
22,21,2030,2,demand,0.6256130537129712
22,22,2030,2,demand,0.6107211619176214
22,23,2030,2,demand,0.670449471514658
22,24,2030,2,demand,0.6191833570874903
22,1,2030,2,solar,0.0
22,2,2030,2,solar,0.0
22,3,2030,2,solar,0.0
22,4,2030,2,solar,0.0
22,5,2030,2,solar,0.0013874999999999998
22,6,2030,2,solar,0.027477500000000002
22,7,2030,2,solar,0.107515
22,8,2030,2,solar,0.2108275
22,9,2030,2,solar,0.334185
22,10,2030,2,solar,0.35877000000000003
22,11,2030,2,solar,0.371985
22,12,2030,2,solar,0.3780175
22,13,2030,2,solar,0.3205525
22,14,2030,2,solar,0.247195
22,15,2030,2,solar,0.16366250000000002
22,16,2030,2,solar,0.11873249999999999
22,17,2030,2,solar,0.07616500000000001
22,18,2030,2,solar,0.041685
22,19,2030,2,solar,0.024485
22,20,2030,2,solar,0.01035
22,21,2030,2,solar,0.0012000000000000001
22,22,2030,2,solar,0.0
22,23,2030,2,solar,0.0
22,24,2030,2,solar,0.0
22,1,2030,2,wind_offshore,0.5155647038285733
22,2,2030,2,wind_offshore,0.5050076956781169
22,3,2030,2,wind_offshore,0.4928060799900452
22,4,2030,2,wind_offshore,0.47935632815863166
22,5,2030,2,wind_offshore,0.45811449590414877
22,6,2030,2,wind_offshore,0.45725567258204597
22,7,2030,2,wind_offshore,0.4978477531796663
22,8,2030,2,wind_offshore,0.5570759052571981
22,9,2030,2,wind_offshore,0.6331279008184528
22,10,2030,2,wind_offshore,0.712419268557064
22,11,2030,2,wind_offshore,0.7623054008868418
22,12,2030,2,wind_offshore,0.8013662594094516
22,13,2030,2,wind_offshore,0.8477265475830329
22,14,2030,2,wind_offshore,0.8888736460099439
22,15,2030,2,wind_offshore,0.9120331333971157
22,16,2030,2,wind_offshore,0.9274450391034748
22,17,2030,2,wind_offshore,0.9277691066496828
22,18,2030,2,wind_offshore,0.9232901244489672
22,19,2030,2,wind_offshore,0.9143534558636568
22,20,2030,2,wind_offshore,0.8994853082503309
22,21,2030,2,wind_offshore,0.8790208696303484
22,22,2030,2,wind_offshore,0.8701082514455736
22,23,2030,2,wind_offshore,0.8742515334786232
22,24,2030,2,wind_offshore,0.8887128820377275
22,1,2030,2,wind_onshore,0.24261148033075255
22,2,2030,2,wind_onshore,0.21591934686321312
22,3,2030,2,wind_onshore,0.19253158890612027
22,4,2030,2,wind_onshore,0.1768536536814147
22,5,2030,2,wind_onshore,0.17052312704759645
22,6,2030,2,wind_onshore,0.16144756859454973
22,7,2030,2,wind_onshore,0.17017770934840198
22,8,2030,2,wind_onshore,0.20126458603333006
22,9,2030,2,wind_onshore,0.2474827845163243
22,10,2030,2,wind_onshore,0.29143706518413465
22,11,2030,2,wind_onshore,0.29287565772781143
22,12,2030,2,wind_onshore,0.2928437327066308
22,13,2030,2,wind_onshore,0.32455760407316
22,14,2030,2,wind_onshore,0.3463576327221626
22,15,2030,2,wind_onshore,0.36346056316641207
22,16,2030,2,wind_onshore,0.3697073111073468
22,17,2030,2,wind_onshore,0.35401085649063835
22,18,2030,2,wind_onshore,0.33090768855507313
22,19,2030,2,wind_onshore,0.3205610657673679
22,20,2030,2,wind_onshore,0.37003260912323477
22,21,2030,2,wind_onshore,0.40950114699589146
22,22,2030,2,wind_onshore,0.4524925530351651
22,23,2030,2,wind_onshore,0.5119892846571473
22,24,2030,2,wind_onshore,0.51756266640345
23,1,2030,2,demand,0.6576436590689085
23,2,2030,2,demand,0.6331893795699962
23,3,2030,2,demand,0.622616100674761
23,4,2030,2,demand,0.6232197777468199
23,5,2030,2,demand,0.6424195662812421
23,6,2030,2,demand,0.7224264246243094
23,7,2030,2,demand,0.7125246918210687
23,8,2030,2,demand,0.861257862983165
23,9,2030,2,demand,0.9173283896110391
23,10,2030,2,demand,0.9420112805455241
23,11,2030,2,demand,0.937539069337134
23,12,2030,2,demand,0.9045190051116088
23,13,2030,2,demand,0.9071730409964602
23,14,2030,2,demand,0.8986501209140171
23,15,2030,2,demand,0.8944100931948805
23,16,2030,2,demand,0.8746244878568036
23,17,2030,2,demand,0.8616972255859061
23,18,2030,2,demand,0.8562248393468856
23,19,2030,2,demand,0.8357712599704948
23,20,2030,2,demand,0.814974763440745
23,21,2030,2,demand,0.7703169483230994
23,22,2030,2,demand,0.7146929284053282
23,23,2030,2,demand,0.7907240910016397
23,24,2030,2,demand,0.7277630728234584
23,1,2030,2,solar,0.0
23,2,2030,2,solar,0.0
23,3,2030,2,solar,0.0
23,4,2030,2,solar,0.0
23,5,2030,2,solar,0.0
23,6,2030,2,solar,0.0
23,7,2030,2,solar,0.0
23,8,2030,2,solar,0.0
23,9,2030,2,solar,4.5e-5
23,10,2030,2,solar,0.016527499999999997
23,11,2030,2,solar,0.04433
23,12,2030,2,solar,0.06446
23,13,2030,2,solar,0.06846
23,14,2030,2,solar,0.0510625
23,15,2030,2,solar,0.029685000000000003
23,16,2030,2,solar,0.0117175
23,17,2030,2,solar,0.0001675
23,18,2030,2,solar,0.0
23,19,2030,2,solar,0.0
23,20,2030,2,solar,0.0
23,21,2030,2,solar,0.0
23,22,2030,2,solar,0.0
23,23,2030,2,solar,0.0
23,24,2030,2,solar,0.0
23,1,2030,2,wind_offshore,0.9536368459042822
23,2,2030,2,wind_offshore,0.9560052845579301
23,3,2030,2,wind_offshore,0.9550212660754116
23,4,2030,2,wind_offshore,0.9511824774714647
23,5,2030,2,wind_offshore,0.9416218536323459
23,6,2030,2,wind_offshore,0.8905455361935385
23,7,2030,2,wind_offshore,0.7817204783390349
23,8,2030,2,wind_offshore,0.6518916521364445
23,9,2030,2,wind_offshore,0.49761414694569417
23,10,2030,2,wind_offshore,0.33729160535015756
23,11,2030,2,wind_offshore,0.20698614191061268
23,12,2030,2,wind_offshore,0.12426128808600409
23,13,2030,2,wind_offshore,0.06458805738875957
23,14,2030,2,wind_offshore,0.02713289115084873
23,15,2030,2,wind_offshore,0.016397576346449182
23,16,2030,2,wind_offshore,0.03577445460050764
23,17,2030,2,wind_offshore,0.09236513601657426
23,18,2030,2,wind_offshore,0.18168718490744556
23,19,2030,2,wind_offshore,0.304491463804578
23,20,2030,2,wind_offshore,0.44276849463481543
23,21,2030,2,wind_offshore,0.5663190651218591
23,22,2030,2,wind_offshore,0.6661498283624571
23,23,2030,2,wind_offshore,0.7044844523557813
23,24,2030,2,wind_offshore,0.756539559443686
23,1,2030,2,wind_onshore,0.9005958603670339
23,2,2030,2,wind_onshore,0.9019646229482594
23,3,2030,2,wind_onshore,0.881809308254366
23,4,2030,2,wind_onshore,0.854828455084309
23,5,2030,2,wind_onshore,0.8000432385199205
23,6,2030,2,wind_onshore,0.6788247383517448
23,7,2030,2,wind_onshore,0.5323425397228305
23,8,2030,2,wind_onshore,0.38379415494429714
23,9,2030,2,wind_onshore,0.2414563933029736
23,10,2030,2,wind_onshore,0.14056903669294926
23,11,2030,2,wind_onshore,0.08302431526828018
23,12,2030,2,wind_onshore,0.050069040796486844
23,13,2030,2,wind_onshore,0.030952984885410047
23,14,2030,2,wind_onshore,0.018274923169055244
23,15,2030,2,wind_onshore,0.01688710371662349
23,16,2030,2,wind_onshore,0.026293998505841104
23,17,2030,2,wind_onshore,0.05146865697691848
23,18,2030,2,wind_onshore,0.09688295494358534
23,19,2030,2,wind_onshore,0.15793586876553584
23,20,2030,2,wind_onshore,0.22751008007533408
23,21,2030,2,wind_onshore,0.2914764262919923
23,22,2030,2,wind_onshore,0.34567514013024514
23,23,2030,2,wind_onshore,0.37975582090606613
23,24,2030,2,wind_onshore,0.4102199198335573
24,1,2030,2,demand,0.5670170851327554
24,2,2030,2,demand,0.5441809459512558
24,3,2030,2,demand,0.5370868473411419
24,4,2030,2,demand,0.5364760261617212
24,5,2030,2,demand,0.5321252647784791
24,6,2030,2,demand,0.5720965454668853
24,7,2030,2,demand,0.5915035131147951
24,8,2030,2,demand,0.7124818271768989
24,9,2030,2,demand,0.778507667413226
24,10,2030,2,demand,0.8017867412511475
24,11,2030,2,demand,0.8145425449453655
24,12,2030,2,demand,0.8179538562105512
24,13,2030,2,demand,0.8276662701687081
24,14,2030,2,demand,0.8262767412868681
24,15,2030,2,demand,0.8235262599526346
24,16,2030,2,demand,0.7988469410718304
24,17,2030,2,demand,0.7339177213155159
24,18,2030,2,demand,0.7390721947769432
24,19,2030,2,demand,0.7052698507953178
24,20,2030,2,demand,0.6697707813153017
24,21,2030,2,demand,0.6458130172780236
24,22,2030,2,demand,0.6140824644312755
24,23,2030,2,demand,0.6711138734992911
24,24,2030,2,demand,0.6286171508585432
24,1,2030,2,solar,0.0
24,2,2030,2,solar,0.0
24,3,2030,2,solar,0.0
24,4,2030,2,solar,0.0
24,5,2030,2,solar,1.5e-5
24,6,2030,2,solar,0.011175000000000001
24,7,2030,2,solar,0.04239999999999999
24,8,2030,2,solar,0.07627
24,9,2030,2,solar,0.1328
24,10,2030,2,solar,0.1993025
24,11,2030,2,solar,0.2594575
24,12,2030,2,solar,0.30393
24,13,2030,2,solar,0.3159575
24,14,2030,2,solar,0.30900249999999996
24,15,2030,2,solar,0.2855425
24,16,2030,2,solar,0.24073
24,17,2030,2,solar,0.18663249999999998
24,18,2030,2,solar,0.1284625
24,19,2030,2,solar,0.0772325
24,20,2030,2,solar,0.027750000000000004
24,21,2030,2,solar,0.0025175
24,22,2030,2,solar,0.0
24,23,2030,2,solar,0.0
24,24,2030,2,solar,0.0
24,1,2030,2,wind_offshore,0.12398628276034815
24,2,2030,2,wind_offshore,0.10587975093751704
24,3,2030,2,wind_offshore,0.08465748186082343
24,4,2030,2,wind_offshore,0.0676961200131934
24,5,2030,2,wind_offshore,0.05634683283898303
24,6,2030,2,wind_offshore,0.04751740830576349
24,7,2030,2,wind_offshore,0.04141026381041343
24,8,2030,2,wind_offshore,0.04160541601077796
24,9,2030,2,wind_offshore,0.04140660058938063
24,10,2030,2,wind_offshore,0.045829414527634504
24,11,2030,2,wind_offshore,0.05004376127383677
24,12,2030,2,wind_offshore,0.04795344407885042
24,13,2030,2,wind_offshore,0.05324066021493492
24,14,2030,2,wind_offshore,0.06119359476394007
24,15,2030,2,wind_offshore,0.06805654583849177
24,16,2030,2,wind_offshore,0.06826802021489395
24,17,2030,2,wind_offshore,0.06644501416052566
24,18,2030,2,wind_offshore,0.059955821782658285
24,19,2030,2,wind_offshore,0.04909031411105079
24,20,2030,2,wind_offshore,0.03770720687546921
24,21,2030,2,wind_offshore,0.026548532181346892
24,22,2030,2,wind_offshore,0.017783100289577115
24,23,2030,2,wind_offshore,0.012188065264179204
24,24,2030,2,wind_offshore,0.010709744299312207
24,1,2030,2,wind_onshore,0.01481462081654597
24,2,2030,2,wind_onshore,0.015357457614130288
24,3,2030,2,wind_onshore,0.015706850494421203
24,4,2030,2,wind_onshore,0.014769430456352617
24,5,2030,2,wind_onshore,0.012129610690538794
24,6,2030,2,wind_onshore,0.01053002379617999
24,7,2030,2,wind_onshore,0.0067026870550501
24,8,2030,2,wind_onshore,0.005846207768612575
24,9,2030,2,wind_onshore,0.006892260624589895
24,10,2030,2,wind_onshore,0.010426442370457981
24,11,2030,2,wind_onshore,0.014068924162294041
24,12,2030,2,wind_onshore,0.017038425149807412
24,13,2030,2,wind_onshore,0.02542532697625239
24,14,2030,2,wind_onshore,0.03391665265651597
24,15,2030,2,wind_onshore,0.04032918054000252
24,16,2030,2,wind_onshore,0.04478482430934856
24,17,2030,2,wind_onshore,0.042507027879793255
24,18,2030,2,wind_onshore,0.03721948331198335
24,19,2030,2,wind_onshore,0.031845468854216144
24,20,2030,2,wind_onshore,0.027179748502642584
24,21,2030,2,wind_onshore,0.024052246292170683
24,22,2030,2,wind_onshore,0.023646586188100727
24,23,2030,2,wind_onshore,0.02246888976187951
24,24,2030,2,wind_onshore,0.020665870690089013
25,1,2030,2,demand,0.6663273215669886
25,2,2030,2,demand,0.6590260438433869
25,3,2030,2,demand,0.6421266578794147
25,4,2030,2,demand,0.6379330668581288
25,5,2030,2,demand,0.6323392307939605
25,6,2030,2,demand,0.6343717293383485
25,7,2030,2,demand,0.6505924251029646
25,8,2030,2,demand,0.6685920036006301
25,9,2030,2,demand,0.6706780829502307
25,10,2030,2,demand,0.6863236780722342
25,11,2030,2,demand,0.7166039771245684
25,12,2030,2,demand,0.7344320970455545
25,13,2030,2,demand,0.7484917003332726
25,14,2030,2,demand,0.7477844337044697
25,15,2030,2,demand,0.7490739450832468
25,16,2030,2,demand,0.756443091826784
25,17,2030,2,demand,0.7789398859086055
25,18,2030,2,demand,0.8170965633271537
25,19,2030,2,demand,0.8260517019049763
25,20,2030,2,demand,0.8107133033995235
25,21,2030,2,demand,0.7835871277473557
25,22,2030,2,demand,0.762508438976821
25,23,2030,2,demand,0.737239731238681
25,24,2030,2,demand,0.70566992080757
25,1,2030,2,solar,0.0
25,2,2030,2,solar,0.0
25,3,2030,2,solar,0.0
25,4,2030,2,solar,0.0
25,5,2030,2,solar,0.0
25,6,2030,2,solar,0.0
25,7,2030,2,solar,0.0
25,8,2030,2,solar,0.0
25,9,2030,2,solar,1.25e-5
25,10,2030,2,solar,0.0122325
25,11,2030,2,solar,0.0544125
25,12,2030,2,solar,0.09585749999999998
25,13,2030,2,solar,0.10736
25,14,2030,2,solar,0.1121825
25,15,2030,2,solar,0.12195
25,16,2030,2,solar,0.049324999999999994
25,17,2030,2,solar,0.0023625
25,18,2030,2,solar,0.0
25,19,2030,2,solar,0.0
25,20,2030,2,solar,0.0
25,21,2030,2,solar,0.0
25,22,2030,2,solar,0.0
25,23,2030,2,solar,0.0
25,24,2030,2,solar,0.0
25,1,2030,2,wind_offshore,0.9470774675387139
25,2,2030,2,wind_offshore,0.9492517333810693
25,3,2030,2,wind_offshore,0.9478921363496274
25,4,2030,2,wind_offshore,0.9467273447493092
25,5,2030,2,wind_offshore,0.944211079327244
25,6,2030,2,wind_offshore,0.9440388954338517
25,7,2030,2,wind_offshore,0.9459188427665
25,8,2030,2,wind_offshore,0.9458357243597202
25,9,2030,2,wind_offshore,0.9477640024263706
25,10,2030,2,wind_offshore,0.9474202580540927
25,11,2030,2,wind_offshore,0.9458781147063484
25,12,2030,2,wind_offshore,0.945077616420751
25,13,2030,2,wind_offshore,0.9451759371436175
25,14,2030,2,wind_offshore,0.9418992096147246
25,15,2030,2,wind_offshore,0.940100785924666
25,16,2030,2,wind_offshore,0.9396808302217006
25,17,2030,2,wind_offshore,0.943936806575821
25,18,2030,2,wind_offshore,0.9434019951346516
25,19,2030,2,wind_offshore,0.9451187089358878
25,20,2030,2,wind_offshore,0.9430742075244412
25,21,2030,2,wind_offshore,0.9432249415737329
25,22,2030,2,wind_offshore,0.9447795833269468
25,23,2030,2,wind_offshore,0.9396747093883567
25,24,2030,2,wind_offshore,0.9389455970539587
25,1,2030,2,wind_onshore,0.7644809004371489
25,2,2030,2,wind_onshore,0.7866134350769579
25,3,2030,2,wind_onshore,0.7977358777684437
25,4,2030,2,wind_onshore,0.8056982757900596
25,5,2030,2,wind_onshore,0.8088488893281391
25,6,2030,2,wind_onshore,0.8066174229826107
25,7,2030,2,wind_onshore,0.8037270930085303
25,8,2030,2,wind_onshore,0.7989208182342858
25,9,2030,2,wind_onshore,0.7871474659284086
25,10,2030,2,wind_onshore,0.7588619726850532
25,11,2030,2,wind_onshore,0.7291730107751129
25,12,2030,2,wind_onshore,0.6944176066599848
25,13,2030,2,wind_onshore,0.6963391925195747
25,14,2030,2,wind_onshore,0.7031976610705419
25,15,2030,2,wind_onshore,0.7038168104420557
25,16,2030,2,wind_onshore,0.6983414342089321
25,17,2030,2,wind_onshore,0.6956465952469334
25,18,2030,2,wind_onshore,0.6917040305953631
25,19,2030,2,wind_onshore,0.7006484750941963
25,20,2030,2,wind_onshore,0.7237498198020857
25,21,2030,2,wind_onshore,0.7611322704068219
25,22,2030,2,wind_onshore,0.7988592614955322
25,23,2030,2,wind_onshore,0.8145194615038778
25,24,2030,2,wind_onshore,0.8161297539386351
26,1,2030,2,demand,0.5624234240992174
26,2,2030,2,demand,0.547017156573829
26,3,2030,2,demand,0.5428199934988623
26,4,2030,2,demand,0.5387335640880011
26,5,2030,2,demand,0.5334469246403835
26,6,2030,2,demand,0.5953363267143179
26,7,2030,2,demand,0.6176259416826516
26,8,2030,2,demand,0.7421870255866205
26,9,2030,2,demand,0.8131565881172064
26,10,2030,2,demand,0.8558747780861651
26,11,2030,2,demand,0.8533707684559084
26,12,2030,2,demand,0.8269661476472668
26,13,2030,2,demand,0.8387360645255777
26,14,2030,2,demand,0.8377323174412666
26,15,2030,2,demand,0.8303345942682827
26,16,2030,2,demand,0.7918528599647796
26,17,2030,2,demand,0.7345964115148722
26,18,2030,2,demand,0.7293383484967013
26,19,2030,2,demand,0.7189793928223154
26,20,2030,2,demand,0.693274894535115
26,21,2030,2,demand,0.6601691010212501
26,22,2030,2,demand,0.6343074323720937
26,23,2030,2,demand,0.6944429560887442
26,24,2030,2,demand,0.6475776117963501
26,1,2030,2,solar,0.0
26,2,2030,2,solar,0.0
26,3,2030,2,solar,0.0
26,4,2030,2,solar,0.0
26,5,2030,2,solar,0.0027125
26,6,2030,2,solar,0.047069999999999994
26,7,2030,2,solar,0.170445
26,8,2030,2,solar,0.29594000000000004
26,9,2030,2,solar,0.42360499999999995
26,10,2030,2,solar,0.46253999999999995
26,11,2030,2,solar,0.471955
26,12,2030,2,solar,0.4705425
26,13,2030,2,solar,0.48784000000000005
26,14,2030,2,solar,0.493475
26,15,2030,2,solar,0.48845500000000003
26,16,2030,2,solar,0.41952749999999994
26,17,2030,2,solar,0.328835
26,18,2030,2,solar,0.2275525
26,19,2030,2,solar,0.15054
26,20,2030,2,solar,0.06102
26,21,2030,2,solar,0.009519999999999999
26,22,2030,2,solar,0.0
26,23,2030,2,solar,0.0
26,24,2030,2,solar,0.0
26,1,2030,2,wind_offshore,0.9204468069618053
26,2,2030,2,wind_offshore,0.911431835807108
26,3,2030,2,wind_offshore,0.8912387753452621
26,4,2030,2,wind_offshore,0.8623456736737732
26,5,2030,2,wind_offshore,0.8156605488401959
26,6,2030,2,wind_offshore,0.7636823939128752
26,7,2030,2,wind_offshore,0.7124954697915767
26,8,2030,2,wind_offshore,0.6519562887661872
26,9,2030,2,wind_offshore,0.5831573081302839
26,10,2030,2,wind_offshore,0.525628568415213
26,11,2030,2,wind_offshore,0.45476052566936864
26,12,2030,2,wind_offshore,0.40099908633374276
26,13,2030,2,wind_offshore,0.3632170189961925
26,14,2030,2,wind_offshore,0.3506143711471792
26,15,2030,2,wind_offshore,0.34083165630762086
26,16,2030,2,wind_offshore,0.3285608469091263
26,17,2030,2,wind_offshore,0.30748280419367213
26,18,2030,2,wind_offshore,0.29057529868684806
26,19,2030,2,wind_offshore,0.27996168005179967
26,20,2030,2,wind_offshore,0.2631092575038979
26,21,2030,2,wind_offshore,0.25859495782101477
26,22,2030,2,wind_offshore,0.2607520223427451
26,23,2030,2,wind_offshore,0.25148801456066683
26,24,2030,2,wind_offshore,0.26117896866172374
26,1,2030,2,wind_onshore,0.5630595498980526
26,2,2030,2,wind_onshore,0.5387197878149578
26,3,2030,2,wind_onshore,0.5011079321241011
26,4,2030,2,wind_onshore,0.45288341557782996
26,5,2030,2,wind_onshore,0.39594114293822574
26,6,2030,2,wind_onshore,0.3200980639019165
26,7,2030,2,wind_onshore,0.2903738007397808
26,8,2030,2,wind_onshore,0.27997708945081157
26,9,2030,2,wind_onshore,0.27950308905916005
26,10,2030,2,wind_onshore,0.2825007045671034
26,11,2030,2,wind_onshore,0.25271344016622205
26,12,2030,2,wind_onshore,0.22702132920187848
26,13,2030,2,wind_onshore,0.21626439506260345
26,14,2030,2,wind_onshore,0.2091925773567847
26,15,2030,2,wind_onshore,0.20315670459979623
26,16,2030,2,wind_onshore,0.1947849906620418
26,17,2030,2,wind_onshore,0.17279206212260834
26,18,2030,2,wind_onshore,0.15201546590617945
26,19,2030,2,wind_onshore,0.12717004605509719
26,20,2030,2,wind_onshore,0.10646966413204931
26,21,2030,2,wind_onshore,0.08532568454328417
26,22,2030,2,wind_onshore,0.07734210962200462
26,23,2030,2,wind_onshore,0.06153911816686136
26,24,2030,2,wind_onshore,0.05413078890561497
27,1,2030,2,demand,0.7167218548960355
27,2,2030,2,demand,0.7005475958292702
27,3,2030,2,demand,0.6798296844804984
27,4,2030,2,demand,0.6754146261310016
27,5,2030,2,demand,0.669742204885855
27,6,2030,2,demand,0.6616157827619834
27,7,2030,2,demand,0.736839661226429
27,8,2030,2,demand,0.7302992309368426
27,9,2030,2,demand,0.8517954927826655
27,10,2030,2,demand,0.8855478280127594
27,11,2030,2,demand,0.8888019689159888
27,12,2030,2,demand,0.8875803265571476
27,13,2030,2,demand,0.8584466567363574
27,14,2030,2,demand,0.8685877171362132
27,15,2030,2,demand,0.8674482320120307
27,16,2030,2,demand,0.8580644469925094
27,17,2030,2,demand,0.8220152812456466
27,18,2030,2,demand,0.8032870037970931
27,19,2030,2,demand,0.8096845519394467
27,20,2030,2,demand,0.8207043375447847
27,21,2030,2,demand,0.7844801411675615
27,22,2030,2,demand,0.7331282974520541
27,23,2030,2,demand,0.6780543738011295
27,24,2030,2,demand,0.7426799689945741
27,1,2030,2,solar,0.0
27,2,2030,2,solar,0.0
27,3,2030,2,solar,0.0
27,4,2030,2,solar,0.0
27,5,2030,2,solar,0.0
27,6,2030,2,solar,0.0
27,7,2030,2,solar,0.0
27,8,2030,2,solar,0.0012799999999999999
27,9,2030,2,solar,0.0176675
27,10,2030,2,solar,0.05216
27,11,2030,2,solar,0.11535249999999998
27,12,2030,2,solar,0.1824925
27,13,2030,2,solar,0.20815
27,14,2030,2,solar,0.21216749999999998
27,15,2030,2,solar,0.19928749999999998
27,16,2030,2,solar,0.1387025
27,17,2030,2,solar,0.076825
27,18,2030,2,solar,0.01909
27,19,2030,2,solar,0.0
27,20,2030,2,solar,0.0
27,21,2030,2,solar,0.0
27,22,2030,2,solar,0.0
27,23,2030,2,solar,0.0
27,24,2030,2,solar,0.0
27,1,2030,2,wind_offshore,0.9374183258279055
27,2,2030,2,wind_offshore,0.9462484218145355
27,3,2030,2,wind_offshore,0.948058545616985
27,4,2030,2,wind_offshore,0.9499773589166463
27,5,2030,2,wind_offshore,0.9495952200942848
27,6,2030,2,wind_offshore,0.9494804330458937
27,7,2030,2,wind_offshore,0.9550153059100958
27,8,2030,2,wind_offshore,0.9563941893739457
27,9,2030,2,wind_offshore,0.9566465217283222
27,10,2030,2,wind_offshore,0.956582960390731
27,11,2030,2,wind_offshore,0.956404359600594
27,12,2030,2,wind_offshore,0.9552712246692179
27,13,2030,2,wind_offshore,0.9542025354490059
27,14,2030,2,wind_offshore,0.9536934062828396
27,15,2030,2,wind_offshore,0.9539770514944214
27,16,2030,2,wind_offshore,0.9539832602658944
27,17,2030,2,wind_offshore,0.9527213125182313
27,18,2030,2,wind_offshore,0.9562475467060078
27,19,2030,2,wind_offshore,0.9523469661872231
27,20,2030,2,wind_offshore,0.9520367145154018
27,21,2030,2,wind_offshore,0.9505234645542626
27,22,2030,2,wind_offshore,0.9458598141660032
27,23,2030,2,wind_offshore,0.9259301285939917
27,24,2030,2,wind_offshore,0.8630946055674604
27,1,2030,2,wind_onshore,0.5413127100252364
27,2,2030,2,wind_onshore,0.6208484624159316
27,3,2030,2,wind_onshore,0.7205627597905492
27,4,2030,2,wind_onshore,0.8022014851632984
27,5,2030,2,wind_onshore,0.8647954155574478
27,6,2030,2,wind_onshore,0.8874676989041356
27,7,2030,2,wind_onshore,0.8958498802874615
27,8,2030,2,wind_onshore,0.8853796353492018
27,9,2030,2,wind_onshore,0.8674570702153397
27,10,2030,2,wind_onshore,0.8497520403118934
27,11,2030,2,wind_onshore,0.8394559719192141
27,12,2030,2,wind_onshore,0.8129515770630231
27,13,2030,2,wind_onshore,0.7884387492808534
27,14,2030,2,wind_onshore,0.7580930638819456
27,15,2030,2,wind_onshore,0.7504484831112463
27,16,2030,2,wind_onshore,0.7646719568702626
27,17,2030,2,wind_onshore,0.8109931400399237
27,18,2030,2,wind_onshore,0.85653571017609
27,19,2030,2,wind_onshore,0.8606776093926594
27,20,2030,2,wind_onshore,0.8343002607912846
27,21,2030,2,wind_onshore,0.7805493307170588
27,22,2030,2,wind_onshore,0.6800020626198243
27,23,2030,2,wind_onshore,0.5611003584314427
27,24,2030,2,wind_onshore,0.44058663998308417
28,1,2030,2,demand,0.630835396194334
28,2,2030,2,demand,0.6253665820089945
28,3,2030,2,demand,0.6142289186321893
28,4,2030,2,demand,0.6169043868391254
28,5,2030,2,demand,0.6365399659226079
28,6,2030,2,demand,0.6750645648702809
28,7,2030,2,demand,0.7014513254105184
28,8,2030,2,demand,0.7534961475401053
28,9,2030,2,demand,0.853295755328611
28,10,2030,2,demand,0.8829866655236095
28,11,2030,2,demand,0.8830866830266725
28,12,2030,2,demand,0.8694200056438448
28,13,2030,2,demand,0.8534172051537591
28,14,2030,2,demand,0.8586681240645685
28,15,2030,2,demand,0.8588860193390986
28,16,2030,2,demand,0.8268089772853107
28,17,2030,2,demand,0.7743712292508331
28,18,2030,2,demand,0.7240659972638069
28,19,2030,2,demand,0.7193937510492908
28,20,2030,2,demand,0.755696532607492
28,21,2030,2,demand,0.7250947487238838
28,22,2030,2,demand,0.6566792045750863
28,23,2030,2,demand,0.6620730056331287
28,24,2030,2,demand,0.6570185496747645
28,1,2030,2,solar,0.0
28,2,2030,2,solar,0.0
28,3,2030,2,solar,0.0
28,4,2030,2,solar,0.0
28,5,2030,2,solar,0.0
28,6,2030,2,solar,0.0
28,7,2030,2,solar,0.0008075000000000001
28,8,2030,2,solar,0.021275
28,9,2030,2,solar,0.0520175
28,10,2030,2,solar,0.09478249999999999
28,11,2030,2,solar,0.1437425
28,12,2030,2,solar,0.18168499999999999
28,13,2030,2,solar,0.2258075
28,14,2030,2,solar,0.2475975
28,15,2030,2,solar,0.25125
28,16,2030,2,solar,0.2330375
28,17,2030,2,solar,0.20836
28,18,2030,2,solar,0.13063
28,19,2030,2,solar,0.021815
28,20,2030,2,solar,0.0
28,21,2030,2,solar,0.0
28,22,2030,2,solar,0.0
28,23,2030,2,solar,0.0
28,24,2030,2,solar,0.0
28,1,2030,2,wind_offshore,0.8788453096995438
28,2,2030,2,wind_offshore,0.8766744850397162
28,3,2030,2,wind_offshore,0.8658820425413255
28,4,2030,2,wind_offshore,0.847309967856469
28,5,2030,2,wind_offshore,0.8358656312845283
28,6,2030,2,wind_offshore,0.8272143615083192
28,7,2030,2,wind_offshore,0.8210048456062005
28,8,2030,2,wind_offshore,0.8242447072317117
28,9,2030,2,wind_offshore,0.8294108244699608
28,10,2030,2,wind_offshore,0.831865873805518
28,11,2030,2,wind_offshore,0.8199463614125461
28,12,2030,2,wind_offshore,0.8208677615068846
28,13,2030,2,wind_offshore,0.8394044575449072
28,14,2030,2,wind_offshore,0.8447090875429268
28,15,2030,2,wind_offshore,0.8298213414716331
28,16,2030,2,wind_offshore,0.7873259991343156
28,17,2030,2,wind_offshore,0.7324341103177414
28,18,2030,2,wind_offshore,0.6694103661233629
28,19,2030,2,wind_offshore,0.6246757073357163
28,20,2030,2,wind_offshore,0.6302128602665253
28,21,2030,2,wind_offshore,0.664109184146798
28,22,2030,2,wind_offshore,0.6954486875325258
28,23,2030,2,wind_offshore,0.7307785855664116
28,24,2030,2,wind_offshore,0.733803082224239
28,1,2030,2,wind_onshore,0.5610820331151374
28,2,2030,2,wind_onshore,0.5412121406851211
28,3,2030,2,wind_onshore,0.5213880587674715
28,4,2030,2,wind_onshore,0.5119807354386318
28,5,2030,2,wind_onshore,0.5054710559640481
28,6,2030,2,wind_onshore,0.495187746173497
28,7,2030,2,wind_onshore,0.4830487506110229
28,8,2030,2,wind_onshore,0.41790795017382965
28,9,2030,2,wind_onshore,0.3567249508149088
28,10,2030,2,wind_onshore,0.3142728190518229
28,11,2030,2,wind_onshore,0.30066727631449686
28,12,2030,2,wind_onshore,0.30768457252693565
28,13,2030,2,wind_onshore,0.36240804853232045
28,14,2030,2,wind_onshore,0.41038116144975273
28,15,2030,2,wind_onshore,0.43329962004926537
28,16,2030,2,wind_onshore,0.4072908713295287
28,17,2030,2,wind_onshore,0.3615621642490488
28,18,2030,2,wind_onshore,0.30267606941135955
28,19,2030,2,wind_onshore,0.23127831466019697
28,20,2030,2,wind_onshore,0.21760347173184827
28,21,2030,2,wind_onshore,0.22390419610751106
28,22,2030,2,wind_onshore,0.23291762931197477
28,23,2030,2,wind_onshore,0.2470868610565264
28,24,2030,2,wind_onshore,0.2564138726865636
29,1,2030,2,demand,0.6285207054091609
29,2,2030,2,demand,0.6039485481387814
29,3,2030,2,demand,0.6022125300499016
29,4,2030,2,demand,0.5992548696021804
29,5,2030,2,demand,0.5875813981732518
29,6,2030,2,demand,0.608088558354855
29,7,2030,2,demand,0.633635886280099
29,8,2030,2,demand,0.7644837846623159
29,9,2030,2,demand,0.825351579383535
29,10,2030,2,demand,0.8398755496497602
29,11,2030,2,demand,0.841247218263196
29,12,2030,2,demand,0.8178824151369347
29,13,2030,2,demand,0.8225546613514508
29,14,2030,2,demand,0.8380609463799021
29,15,2030,2,demand,0.8198184682319407
29,16,2030,2,demand,0.7834013809559531
29,17,2030,2,demand,0.7273022778986323
29,18,2030,2,demand,0.7087454590267583
29,19,2030,2,demand,0.7009298055731181
29,20,2030,2,demand,0.6862343767302136
29,21,2030,2,demand,0.6729534811449147
29,22,2030,2,demand,0.6348039478337282
29,23,2030,2,demand,0.6782579808609365
29,24,2030,2,demand,0.6259273944368837
29,1,2030,2,solar,0.0
29,2,2030,2,solar,0.0
29,3,2030,2,solar,0.0
29,4,2030,2,solar,0.0
29,5,2030,2,solar,0.0008650000000000001
29,6,2030,2,solar,0.034034999999999996
29,7,2030,2,solar,0.1129975
29,8,2030,2,solar,0.17187249999999998
29,9,2030,2,solar,0.2286725
29,10,2030,2,solar,0.25395999999999996
29,11,2030,2,solar,0.26863499999999996
29,12,2030,2,solar,0.27127
29,13,2030,2,solar,0.2597675
29,14,2030,2,solar,0.228795
29,15,2030,2,solar,0.1849575
29,16,2030,2,solar,0.1466825
29,17,2030,2,solar,0.1043775
29,18,2030,2,solar,0.0632225
29,19,2030,2,solar,0.0403
29,20,2030,2,solar,0.014339999999999999
29,21,2030,2,solar,0.0007899999999999999
29,22,2030,2,solar,0.0
29,23,2030,2,solar,0.0
29,24,2030,2,solar,0.0
29,1,2030,2,wind_offshore,0.7450144901844431
29,2,2030,2,wind_offshore,0.7586702883851888
29,3,2030,2,wind_offshore,0.750949359677488
29,4,2030,2,wind_offshore,0.7463992313273152
29,5,2030,2,wind_offshore,0.7454341582130926
29,6,2030,2,wind_offshore,0.7524827456705969
29,7,2030,2,wind_offshore,0.7708550626164334
29,8,2030,2,wind_offshore,0.8053125378345615
29,9,2030,2,wind_offshore,0.8520758920747715
29,10,2030,2,wind_offshore,0.8863657947042238
29,11,2030,2,wind_offshore,0.8934322052367581
29,12,2030,2,wind_offshore,0.8901437098817652
29,13,2030,2,wind_offshore,0.8947141174894072
29,14,2030,2,wind_offshore,0.9037362309192254
29,15,2030,2,wind_offshore,0.9090020360569993
29,16,2030,2,wind_offshore,0.9107395915309311
29,17,2030,2,wind_offshore,0.9091399012327374
29,18,2030,2,wind_offshore,0.913121363946412
29,19,2030,2,wind_offshore,0.9091312289854553
29,20,2030,2,wind_offshore,0.914639472862528
29,21,2030,2,wind_offshore,0.9140153168782855
29,22,2030,2,wind_offshore,0.9187528720123422
29,23,2030,2,wind_offshore,0.9271507661478924
29,24,2030,2,wind_offshore,0.9396832581251212
29,1,2030,2,wind_onshore,0.4674950040107032
29,2,2030,2,wind_onshore,0.464362468352544
29,3,2030,2,wind_onshore,0.4409352709053276
29,4,2030,2,wind_onshore,0.41411594394670814
29,5,2030,2,wind_onshore,0.380615273094515
29,6,2030,2,wind_onshore,0.3295435585910543
29,7,2030,2,wind_onshore,0.29285717503293335
29,8,2030,2,wind_onshore,0.29767896810517785
29,9,2030,2,wind_onshore,0.3201495945037416
29,10,2030,2,wind_onshore,0.3626514976416965
29,11,2030,2,wind_onshore,0.38376905570344827
29,12,2030,2,wind_onshore,0.3922114371205022
29,13,2030,2,wind_onshore,0.4214177990823588
29,14,2030,2,wind_onshore,0.4437887332833227
29,15,2030,2,wind_onshore,0.4544651765368015
29,16,2030,2,wind_onshore,0.4503908222720929
29,17,2030,2,wind_onshore,0.43185714347916165
29,18,2030,2,wind_onshore,0.4368648005142503
29,19,2030,2,wind_onshore,0.49242495583218826
29,20,2030,2,wind_onshore,0.6081142892398395
29,21,2030,2,wind_onshore,0.67434360109149
29,22,2030,2,wind_onshore,0.7003322995498655
29,23,2030,2,wind_onshore,0.7154093201072564
29,24,2030,2,wind_onshore,0.7190281436796441
30,1,2030,2,demand,0.7413690252937122
30,2,2030,2,demand,0.721929909162675
30,3,2030,2,demand,0.7005047311851003
30,4,2030,2,demand,0.6901386314033527
30,5,2030,2,demand,0.694868030476762
30,6,2030,2,demand,0.6760290193641031
30,7,2030,2,demand,0.7353644030562491
30,8,2030,2,demand,0.7289061300013217
30,9,2030,2,demand,0.8654728863265357
30,10,2030,2,demand,0.8904272533407632
30,11,2030,2,demand,0.8876553396844449
30,12,2030,2,demand,0.8860443434743939
30,13,2030,2,demand,0.8616757932638213
30,14,2030,2,demand,0.8756675275316038
30,15,2030,2,demand,0.8724562512725441
30,16,2030,2,demand,0.865347864447707
30,17,2030,2,demand,0.8450728877553573
30,18,2030,2,demand,0.8402470432325657
30,19,2030,2,demand,0.8173251747627264
30,20,2030,2,demand,0.7970609142314191
30,21,2030,2,demand,0.760976027947748
30,22,2030,2,demand,0.721687009512379
30,23,2030,2,demand,0.6832338516383225
30,24,2030,2,demand,0.7681594278998826
30,1,2030,2,solar,0.0
30,2,2030,2,solar,0.0
30,3,2030,2,solar,0.0
30,4,2030,2,solar,0.0
30,5,2030,2,solar,0.0
30,6,2030,2,solar,0.0
30,7,2030,2,solar,0.0
30,8,2030,2,solar,0.0
30,9,2030,2,solar,0.0
30,10,2030,2,solar,0.0041075
30,11,2030,2,solar,0.014225000000000002
30,12,2030,2,solar,0.027402500000000003
30,13,2030,2,solar,0.041632499999999996
30,14,2030,2,solar,0.03898
30,15,2030,2,solar,0.028972499999999998
30,16,2030,2,solar,0.0137575
30,17,2030,2,solar,0.001035
30,18,2030,2,solar,0.0
30,19,2030,2,solar,0.0
30,20,2030,2,solar,0.0
30,21,2030,2,solar,0.0
30,22,2030,2,solar,0.0
30,23,2030,2,solar,0.0
30,24,2030,2,solar,0.0
30,1,2030,2,wind_offshore,0.6070703186508594
30,2,2030,2,wind_offshore,0.6730522935459926
30,3,2030,2,wind_offshore,0.7518821741107727
30,4,2030,2,wind_offshore,0.8083871247096082
30,5,2030,2,wind_offshore,0.8801286393968721
30,6,2030,2,wind_offshore,0.9217483358025054
30,7,2030,2,wind_offshore,0.9353222280736098
30,8,2030,2,wind_offshore,0.9442114132898551
30,9,2030,2,wind_offshore,0.9472941773815604
30,10,2030,2,wind_offshore,0.9470391688381232
30,11,2030,2,wind_offshore,0.9484181848196184
30,12,2030,2,wind_offshore,0.945722368441333
30,13,2030,2,wind_offshore,0.937406001708352
30,14,2030,2,wind_offshore,0.927932512402875
30,15,2030,2,wind_offshore,0.9248245905202521
30,16,2030,2,wind_offshore,0.9263822520386604
30,17,2030,2,wind_offshore,0.9345116760130212
30,18,2030,2,wind_offshore,0.9374544271530876
30,19,2030,2,wind_offshore,0.9338544085358828
30,20,2030,2,wind_offshore,0.9262996768979582
30,21,2030,2,wind_offshore,0.88206419648986
30,22,2030,2,wind_offshore,0.8162877169486334
30,23,2030,2,wind_offshore,0.7205618960420065
30,24,2030,2,wind_offshore,0.6359257112577882
30,1,2030,2,wind_onshore,0.22410115091675303
30,2,2030,2,wind_onshore,0.2606343866741303
30,3,2030,2,wind_onshore,0.3161017706911169
30,4,2030,2,wind_onshore,0.36848314823010164
30,5,2030,2,wind_onshore,0.4355687151095525
30,6,2030,2,wind_onshore,0.5101802518694328
30,7,2030,2,wind_onshore,0.5927282911880419
30,8,2030,2,wind_onshore,0.6863764157203602
30,9,2030,2,wind_onshore,0.762505470354374
30,10,2030,2,wind_onshore,0.7827180327664469
30,11,2030,2,wind_onshore,0.7419904146243664
30,12,2030,2,wind_onshore,0.6342582772778832
30,13,2030,2,wind_onshore,0.5833980137369663
30,14,2030,2,wind_onshore,0.519404200835721
30,15,2030,2,wind_onshore,0.47388257494949787
30,16,2030,2,wind_onshore,0.4833079350493971
30,17,2030,2,wind_onshore,0.5061600113801452
30,18,2030,2,wind_onshore,0.5342945313724303
30,19,2030,2,wind_onshore,0.5363922608182041
30,20,2030,2,wind_onshore,0.5171916856242297
30,21,2030,2,wind_onshore,0.46254353620235117
30,22,2030,2,wind_onshore,0.4384739999608514
30,23,2030,2,wind_onshore,0.42208883103036515
30,24,2030,2,wind_onshore,0.42548229443673435
31,1,2030,2,demand,0.5720108161785455
31,2,2030,2,demand,0.5490818036013445
31,3,2030,2,demand,0.5413233030065976
31,4,2030,2,demand,0.5424092073255677
31,5,2030,2,demand,0.5583048462052288
31,6,2030,2,demand,0.6213337334033456
31,7,2030,2,demand,0.6297066272311941
31,8,2030,2,demand,0.7671378205471672
31,9,2030,2,demand,0.8336423159767246
31,10,2030,2,demand,0.8606148933206169
31,11,2030,2,demand,0.8700236827159039
31,12,2030,2,demand,0.8282735192944479
31,13,2030,2,demand,0.8507810295373119
31,14,2030,2,demand,0.849573675393194
31,15,2030,2,demand,0.83713935653025
31,16,2030,2,demand,0.7959714378587681
31,17,2030,2,demand,0.7489346349896947
31,18,2030,2,demand,0.7440945022521799
31,19,2030,2,demand,0.7431907726709318
31,20,2030,2,demand,0.750599212004958
31,21,2030,2,demand,0.7360823858460945
31,22,2030,2,demand,0.6584366549860512
31,23,2030,2,demand,0.6866415908498272
31,24,2030,2,demand,0.6340431003997128
31,1,2030,2,solar,0.0
31,2,2030,2,solar,0.0
31,3,2030,2,solar,0.0
31,4,2030,2,solar,0.0
31,5,2030,2,solar,0.0
31,6,2030,2,solar,0.0008075
31,7,2030,2,solar,0.0380775
31,8,2030,2,solar,0.1701725
31,9,2030,2,solar,0.334265
31,10,2030,2,solar,0.350905
31,11,2030,2,solar,0.3473075
31,12,2030,2,solar,0.332265
31,13,2030,2,solar,0.4002275
31,14,2030,2,solar,0.450375
31,15,2030,2,solar,0.5001625
31,16,2030,2,solar,0.53496
31,17,2030,2,solar,0.56328
31,18,2030,2,solar,0.48652500000000004
31,19,2030,2,solar,0.1637125
31,20,2030,2,solar,0.0065375
31,21,2030,2,solar,0.0
31,22,2030,2,solar,0.0
31,23,2030,2,solar,0.0
31,24,2030,2,solar,0.0
31,1,2030,2,wind_offshore,0.14374862903835844
31,2,2030,2,wind_offshore,0.20334400910981654
31,3,2030,2,wind_offshore,0.330799484588493
31,4,2030,2,wind_offshore,0.5195780781876086
31,5,2030,2,wind_offshore,0.67430915077558
31,6,2030,2,wind_offshore,0.7759729934512059
31,7,2030,2,wind_offshore,0.8465759583242058
31,8,2030,2,wind_offshore,0.9052110532452133
31,9,2030,2,wind_offshore,0.9423211834936697
31,10,2030,2,wind_offshore,0.9515049215155509
31,11,2030,2,wind_offshore,0.9528360588949457
31,12,2030,2,wind_offshore,0.9517682924524385
31,13,2030,2,wind_offshore,0.9531833453084589
31,14,2030,2,wind_offshore,0.9469457691384635
31,15,2030,2,wind_offshore,0.9436555052078544
31,16,2030,2,wind_offshore,0.9404707009849125
31,17,2030,2,wind_offshore,0.9289509746301052
31,18,2030,2,wind_offshore,0.9203784853986736
31,19,2030,2,wind_offshore,0.9224819276842452
31,20,2030,2,wind_offshore,0.9338491258921554
31,21,2030,2,wind_offshore,0.9412296634899503
31,22,2030,2,wind_offshore,0.9459705599097876
31,23,2030,2,wind_offshore,0.9481107780888312
31,24,2030,2,wind_offshore,0.946940567730755
31,1,2030,2,wind_onshore,0.08728504183864932
31,2,2030,2,wind_onshore,0.06984653328177522
31,3,2030,2,wind_onshore,0.1014843485579763
31,4,2030,2,wind_onshore,0.17966523806534415
31,5,2030,2,wind_onshore,0.2712611615472417
31,6,2030,2,wind_onshore,0.3719149582630412
31,7,2030,2,wind_onshore,0.44854605407922205
31,8,2030,2,wind_onshore,0.521226920841843
31,9,2030,2,wind_onshore,0.5949924571134091
31,10,2030,2,wind_onshore,0.6428115783704365
31,11,2030,2,wind_onshore,0.6272690794474617
31,12,2030,2,wind_onshore,0.6019659910142425
31,13,2030,2,wind_onshore,0.6133099887004746
31,14,2030,2,wind_onshore,0.6161483495293869
31,15,2030,2,wind_onshore,0.6220356048523487
31,16,2030,2,wind_onshore,0.6164554605179143
31,17,2030,2,wind_onshore,0.5800319822618687
31,18,2030,2,wind_onshore,0.5474605782399433
31,19,2030,2,wind_onshore,0.5412636309328674
31,20,2030,2,wind_onshore,0.5464550586078831
31,21,2030,2,wind_onshore,0.5754786856245359
31,22,2030,2,wind_onshore,0.6089449635997692
31,23,2030,2,wind_onshore,0.6612521171839314
31,24,2030,2,wind_onshore,0.6762767725871922
32,1,2030,2,demand,0.6726105639915557
32,2,2030,2,demand,0.6488063982625532
32,3,2030,2,demand,0.632689292054681
32,4,2030,2,demand,0.6350432754303431
32,5,2030,2,demand,0.6465310000678691
32,6,2030,2,demand,0.678911666684527
32,7,2030,2,demand,0.6826015981368169
32,8,2030,2,demand,0.8128565356080172
32,9,2030,2,demand,0.8620758632760734
32,10,2030,2,demand,0.876935606588296
32,11,2030,2,demand,0.8631617675950435
32,12,2030,2,demand,0.8336030233862355
32,13,2030,2,demand,0.8473018492521905
32,14,2030,2,demand,0.8422081007033374
32,15,2030,2,demand,0.8372965268922062
32,16,2030,2,demand,0.7974181195995014
32,17,2030,2,demand,0.7664126936499602
32,18,2030,2,demand,0.7891095227379078
32,19,2030,2,demand,0.827426942572093
32,20,2030,2,demand,0.8069340706052132
32,21,2030,2,demand,0.7545534754296288
32,22,2030,2,demand,0.6855985511750271
32,23,2030,2,demand,0.7295205232344232
32,24,2030,2,demand,0.6833374411950662
32,1,2030,2,solar,0.0
32,2,2030,2,solar,0.0
32,3,2030,2,solar,0.0
32,4,2030,2,solar,0.0
32,5,2030,2,solar,0.0
32,6,2030,2,solar,0.0
32,7,2030,2,solar,0.0
32,8,2030,2,solar,0.0043
32,9,2030,2,solar,0.032715
32,10,2030,2,solar,0.0778525
32,11,2030,2,solar,0.1372775
32,12,2030,2,solar,0.18128249999999999
32,13,2030,2,solar,0.2080975
32,14,2030,2,solar,0.2163175
32,15,2030,2,solar,0.2203575
32,16,2030,2,solar,0.169705
32,17,2030,2,solar,0.0688025
32,18,2030,2,solar,0.004885
32,19,2030,2,solar,0.0
32,20,2030,2,solar,0.0
32,21,2030,2,solar,0.0
32,22,2030,2,solar,0.0
32,23,2030,2,solar,0.0
32,24,2030,2,solar,0.0
32,1,2030,2,wind_offshore,0.9387748863989838
32,2,2030,2,wind_offshore,0.939380425006182
32,3,2030,2,wind_offshore,0.9350334456597887
32,4,2030,2,wind_offshore,0.9255632248338657
32,5,2030,2,wind_offshore,0.9138608890244414
32,6,2030,2,wind_offshore,0.8939264065785466
32,7,2030,2,wind_offshore,0.8771018907616066
32,8,2030,2,wind_offshore,0.859097049911283
32,9,2030,2,wind_offshore,0.8403741838674191
32,10,2030,2,wind_offshore,0.8001232735579517
32,11,2030,2,wind_offshore,0.7425752119543843
32,12,2030,2,wind_offshore,0.6806583709800516
32,13,2030,2,wind_offshore,0.6611002030141245
32,14,2030,2,wind_offshore,0.6928143683678047
32,15,2030,2,wind_offshore,0.7053286264915362
32,16,2030,2,wind_offshore,0.7651675906551774
32,17,2030,2,wind_offshore,0.8392862556309497
32,18,2030,2,wind_offshore,0.8910385348744179
32,19,2030,2,wind_offshore,0.926142828866428
32,20,2030,2,wind_offshore,0.9444822100155332
32,21,2030,2,wind_offshore,0.9520825199750846
32,22,2030,2,wind_offshore,0.950107043179804
32,23,2030,2,wind_offshore,0.9507620429091131
32,24,2030,2,wind_offshore,0.9533191844299925
32,1,2030,2,wind_onshore,0.6325465381865694
32,2,2030,2,wind_onshore,0.6112972394746434
32,3,2030,2,wind_onshore,0.5944860292238181
32,4,2030,2,wind_onshore,0.5823856549733295
32,5,2030,2,wind_onshore,0.5729853519332576
32,6,2030,2,wind_onshore,0.5517510735557182
32,7,2030,2,wind_onshore,0.4899866740025421
32,8,2030,2,wind_onshore,0.3737115752072372
32,9,2030,2,wind_onshore,0.2670043808612557
32,10,2030,2,wind_onshore,0.2006005476722879
32,11,2030,2,wind_onshore,0.17904332664862832
32,12,2030,2,wind_onshore,0.17652248715331906
32,13,2030,2,wind_onshore,0.20778759512096245
32,14,2030,2,wind_onshore,0.24012923959228188
32,15,2030,2,wind_onshore,0.27778546831381984
32,16,2030,2,wind_onshore,0.30377335593692645
32,17,2030,2,wind_onshore,0.346544691817377
32,18,2030,2,wind_onshore,0.37387304217685247
32,19,2030,2,wind_onshore,0.44210884964611424
32,20,2030,2,wind_onshore,0.5472419927394142
32,21,2030,2,wind_onshore,0.6481970538254616
32,22,2030,2,wind_onshore,0.7313031538566789
32,23,2030,2,wind_onshore,0.8120014814810073
32,24,2030,2,wind_onshore,0.8534600278294644
33,1,2030,2,demand,0.5619447689059872
33,2,2030,2,demand,0.5425628056338431
33,3,2030,2,demand,0.5383013455926215
33,4,2030,2,demand,0.5433343692289008
33,5,2030,2,demand,0.5420734342795703
33,6,2030,2,demand,0.5999049833720902
33,7,2030,2,demand,0.6203335583727152
33,8,2030,2,demand,0.7547749427578399
33,9,2030,2,demand,0.8158892091830356
33,10,2030,2,demand,0.8423152623137621
33,11,2030,2,demand,0.8490164350189855
33,12,2030,2,demand,0.8203864247671914
33,13,2030,2,demand,0.8316312497544213
33,14,2030,2,demand,0.8355998013938154
33,15,2030,2,demand,0.8263624705752078
33,16,2030,2,demand,0.7795721394101112
33,17,2030,2,demand,0.7297312744015918
33,18,2030,2,demand,0.7138749281124197
33,19,2030,2,demand,0.7095813195880708
33,20,2030,2,demand,0.6952681004890141
33,21,2030,2,demand,0.6764719540205251
33,22,2030,2,demand,0.6428660729913449
33,23,2030,2,demand,0.6883311722408565
33,24,2030,2,demand,0.6347396508674732
33,1,2030,2,solar,0.0
33,2,2030,2,solar,0.0
33,3,2030,2,solar,0.0
33,4,2030,2,solar,0.0
33,5,2030,2,solar,0.0010299999999999999
33,6,2030,2,solar,0.03287
33,7,2030,2,solar,0.11519999999999998
33,8,2030,2,solar,0.1956875
33,9,2030,2,solar,0.276615
33,10,2030,2,solar,0.32347750000000003
33,11,2030,2,solar,0.35084
33,12,2030,2,solar,0.36178
33,13,2030,2,solar,0.361285
33,14,2030,2,solar,0.34292
33,15,2030,2,solar,0.31089
33,16,2030,2,solar,0.266965
33,17,2030,2,solar,0.21306499999999998
33,18,2030,2,solar,0.15196750000000003
33,19,2030,2,solar,0.0943175
33,20,2030,2,solar,0.031735
33,21,2030,2,solar,0.002035
33,22,2030,2,solar,0.0
33,23,2030,2,solar,0.0
33,24,2030,2,solar,0.0
33,1,2030,2,wind_offshore,0.34414200211116924
33,2,2030,2,wind_offshore,0.3508192084860804
33,3,2030,2,wind_offshore,0.35041554998279045
33,4,2030,2,wind_offshore,0.36116453591083275
33,5,2030,2,wind_offshore,0.35310059174951214
33,6,2030,2,wind_offshore,0.3466099866280883
33,7,2030,2,wind_offshore,0.3403338425835693
33,8,2030,2,wind_offshore,0.347571142046898
33,9,2030,2,wind_offshore,0.35357103109960086
33,10,2030,2,wind_offshore,0.36892006369140756
33,11,2030,2,wind_offshore,0.3696881197513799
33,12,2030,2,wind_offshore,0.35376310878200784
33,13,2030,2,wind_offshore,0.39107477538843394
33,14,2030,2,wind_offshore,0.419304636132913
33,15,2030,2,wind_offshore,0.46112963177978594
33,16,2030,2,wind_offshore,0.5078345512848003
33,17,2030,2,wind_offshore,0.550430030500558
33,18,2030,2,wind_offshore,0.6043079470009092
33,19,2030,2,wind_offshore,0.6446740000728645
33,20,2030,2,wind_offshore,0.6756000999481353
33,21,2030,2,wind_offshore,0.7087693875627266
33,22,2030,2,wind_offshore,0.7643379972406497
33,23,2030,2,wind_offshore,0.8122572424410032
33,24,2030,2,wind_offshore,0.8541781857240901
33,1,2030,2,wind_onshore,0.12211662797925907
33,2,2030,2,wind_onshore,0.13883411872933105
33,3,2030,2,wind_onshore,0.15328619258863738
33,4,2030,2,wind_onshore,0.16028960676999016
33,5,2030,2,wind_onshore,0.15147869353841434
33,6,2030,2,wind_onshore,0.1367563952556643
33,7,2030,2,wind_onshore,0.12369665536758935
33,8,2030,2,wind_onshore,0.1286760941354691
33,9,2030,2,wind_onshore,0.14373459725607793
33,10,2030,2,wind_onshore,0.16485210464990613
33,11,2030,2,wind_onshore,0.16583317291038513
33,12,2030,2,wind_onshore,0.16637620011535542
33,13,2030,2,wind_onshore,0.18467780999437733
33,14,2030,2,wind_onshore,0.20559703058767037
33,15,2030,2,wind_onshore,0.22630623739417602
33,16,2030,2,wind_onshore,0.24207355794169863
33,17,2030,2,wind_onshore,0.2368168525475379
33,18,2030,2,wind_onshore,0.23431469876701438
33,19,2030,2,wind_onshore,0.2567748437560398
33,20,2030,2,wind_onshore,0.291132905546534
33,21,2030,2,wind_onshore,0.3079800690773392
33,22,2030,2,wind_onshore,0.31787602725630326
33,23,2030,2,wind_onshore,0.3280207220224123
33,24,2030,2,wind_onshore,0.33164752787796187
34,1,2030,2,demand,0.7004725827019729
34,2,2030,2,demand,0.6781829677336391
34,3,2030,2,demand,0.6586724105289854
34,4,2030,2,demand,0.6538144175230666
34,5,2030,2,demand,0.655900496872667
34,6,2030,2,demand,0.6500030362456288
34,7,2030,2,demand,0.7146965004590089
34,8,2030,2,demand,0.7114066390189713
34,9,2030,2,demand,0.8295201660290551
34,10,2030,2,demand,0.870488049694411
34,11,2030,2,demand,0.8790824108504703
34,12,2030,2,demand,0.8786430482477291
34,13,2030,2,demand,0.8578965604695108
34,14,2030,2,demand,0.8755389335990942
34,15,2030,2,demand,0.8753246103782448
34,16,2030,2,demand,0.8502845140756775
34,17,2030,2,demand,0.8233369411075511
34,18,2030,2,demand,0.8033655889780712
34,19,2030,2,demand,0.8109704912645428
34,20,2030,2,demand,0.7969716128893986
34,21,2030,2,demand,0.7649981603923545
34,22,2030,2,demand,0.72277648588503
34,23,2030,2,demand,0.677761465399302
34,24,2030,2,demand,0.7512136052380596
34,1,2030,2,solar,0.0
34,2,2030,2,solar,0.0
34,3,2030,2,solar,0.0
34,4,2030,2,solar,0.0
34,5,2030,2,solar,0.0
34,6,2030,2,solar,0.0
34,7,2030,2,solar,0.0
34,8,2030,2,solar,0.0003425
34,9,2030,2,solar,0.0476975
34,10,2030,2,solar,0.1811575
34,11,2030,2,solar,0.26037
34,12,2030,2,solar,0.2817525
34,13,2030,2,solar,0.2829425
34,14,2030,2,solar,0.28187
34,15,2030,2,solar,0.27756000000000003
34,16,2030,2,solar,0.2855175
34,17,2030,2,solar,0.2066875
34,18,2030,2,solar,0.0448725
34,19,2030,2,solar,0.0
34,20,2030,2,solar,0.0
34,21,2030,2,solar,0.0
34,22,2030,2,solar,0.0
34,23,2030,2,solar,0.0
34,24,2030,2,solar,0.0
34,1,2030,2,wind_offshore,0.9539347985771092
34,2,2030,2,wind_offshore,0.9540938623491035
34,3,2030,2,wind_offshore,0.9522884583703926
34,4,2030,2,wind_offshore,0.9520711001864901
34,5,2030,2,wind_offshore,0.9540172801699548
34,6,2030,2,wind_offshore,0.9543482881809632
34,7,2030,2,wind_offshore,0.9534178464369198
34,8,2030,2,wind_offshore,0.955173671729395
34,9,2030,2,wind_offshore,0.9522302520870166
34,10,2030,2,wind_offshore,0.9525688297755452
34,11,2030,2,wind_offshore,0.9510530421821398
34,12,2030,2,wind_offshore,0.9498753932752612
34,13,2030,2,wind_offshore,0.9507863646403769
34,14,2030,2,wind_offshore,0.9499728551751883
34,15,2030,2,wind_offshore,0.9402915867443837
34,16,2030,2,wind_offshore,0.9275972545093149
34,17,2030,2,wind_offshore,0.9077980029641366
34,18,2030,2,wind_offshore,0.8935392974555971
34,19,2030,2,wind_offshore,0.8869513890417331
34,20,2030,2,wind_offshore,0.8823083151858506
34,21,2030,2,wind_offshore,0.8721726311303483
34,22,2030,2,wind_offshore,0.8551999803174313
34,23,2030,2,wind_offshore,0.8222057807238143
34,24,2030,2,wind_offshore,0.7788995977610204
34,1,2030,2,wind_onshore,0.8905852017977419
34,2,2030,2,wind_onshore,0.8844860653755284
34,3,2030,2,wind_onshore,0.8713112978682647
34,4,2030,2,wind_onshore,0.8665402158590968
34,5,2030,2,wind_onshore,0.8587110774882653
34,6,2030,2,wind_onshore,0.8411666497574565
34,7,2030,2,wind_onshore,0.8368380114788663
34,8,2030,2,wind_onshore,0.8312324126575078
34,9,2030,2,wind_onshore,0.8084267019825256
34,10,2030,2,wind_onshore,0.7690129661477284
34,11,2030,2,wind_onshore,0.7317703742071837
34,12,2030,2,wind_onshore,0.7101591275042607
34,13,2030,2,wind_onshore,0.7188567492641489
34,14,2030,2,wind_onshore,0.7145458713382651
34,15,2030,2,wind_onshore,0.6859417496168264
34,16,2030,2,wind_onshore,0.6633633853227924
34,17,2030,2,wind_onshore,0.6640410813271701
34,18,2030,2,wind_onshore,0.62599408299972
34,19,2030,2,wind_onshore,0.5781272848937306
34,20,2030,2,wind_onshore,0.5345989575591513
34,21,2030,2,wind_onshore,0.5108991234984057
34,22,2030,2,wind_onshore,0.47454267227204405
34,23,2030,2,wind_onshore,0.4301327443105715
34,24,2030,2,wind_onshore,0.38196995864043326
35,1,2030,2,demand,0.7611153380413002
35,2,2030,2,demand,0.7471879007397723
35,3,2030,2,demand,0.7270486620872939
35,4,2030,2,demand,0.7148072341231144
35,5,2030,2,demand,0.707359502198599
35,6,2030,2,demand,0.6934142046286672
35,7,2030,2,demand,0.7643373304614023
35,8,2030,2,demand,0.7667556108033192
35,9,2030,2,demand,0.9046368828830761
35,10,2030,2,demand,0.9272765591121304
35,11,2030,2,demand,0.9306057131426572
35,12,2030,2,demand,0.9282481577133143
35,13,2030,2,demand,0.9026793974659851
35,14,2030,2,demand,0.9088911988169359
35,15,2030,2,demand,0.9054048744244529
35,16,2030,2,demand,0.9070194426881847
35,17,2030,2,demand,0.8787502098581538
35,18,2030,2,demand,0.8584895213805274
35,19,2030,2,demand,0.8576143682287258
35,20,2030,2,demand,0.8397219513414848
35,21,2030,2,demand,0.8032155627234766
35,22,2030,2,demand,0.7537319030830395
35,23,2030,2,demand,0.7040410643291148
35,24,2030,2,demand,0.781286725176906
35,1,2030,2,solar,0.0
35,2,2030,2,solar,0.0
35,3,2030,2,solar,0.0
35,4,2030,2,solar,0.0
35,5,2030,2,solar,0.0
35,6,2030,2,solar,0.0
35,7,2030,2,solar,0.0
35,8,2030,2,solar,0.0
35,9,2030,2,solar,0.0061200000000000004
35,10,2030,2,solar,0.041585
35,11,2030,2,solar,0.0769525
35,12,2030,2,solar,0.1129575
35,13,2030,2,solar,0.12484750000000001
35,14,2030,2,solar,0.11079
35,15,2030,2,solar,0.07979250000000002
35,16,2030,2,solar,0.0508525
35,17,2030,2,solar,0.021294999999999998
35,18,2030,2,solar,0.0014724999999999999
35,19,2030,2,solar,0.0
35,20,2030,2,solar,0.0
35,21,2030,2,solar,0.0
35,22,2030,2,solar,0.0
35,23,2030,2,solar,0.0
35,24,2030,2,solar,0.0
35,1,2030,2,wind_offshore,0.19903283293250934
35,2,2030,2,wind_offshore,0.19628506343404567
35,3,2030,2,wind_offshore,0.20115865072226302
35,4,2030,2,wind_offshore,0.20339134364685177
35,5,2030,2,wind_offshore,0.19602173914008136
35,6,2030,2,wind_offshore,0.19721996162957506
35,7,2030,2,wind_offshore,0.19271599749729806
35,8,2030,2,wind_offshore,0.1923525074181694
35,9,2030,2,wind_offshore,0.18090573305252164
35,10,2030,2,wind_offshore,0.17940531813096489
35,11,2030,2,wind_offshore,0.17802754119746875
35,12,2030,2,wind_offshore,0.17421482264665555
35,13,2030,2,wind_offshore,0.17187934254965395
35,14,2030,2,wind_offshore,0.18515133700724873
35,15,2030,2,wind_offshore,0.20163281667214633
35,16,2030,2,wind_offshore,0.2161468728771414
35,17,2030,2,wind_offshore,0.2260778943116351
35,18,2030,2,wind_offshore,0.2273526524533608
35,19,2030,2,wind_offshore,0.2277521420344089
35,20,2030,2,wind_offshore,0.23490606766995492
35,21,2030,2,wind_offshore,0.23929361712845268
35,22,2030,2,wind_offshore,0.2389496792128641
35,23,2030,2,wind_offshore,0.2387261688792379
35,24,2030,2,wind_offshore,0.2669732021709221
35,1,2030,2,wind_onshore,0.1081043618784293
35,2,2030,2,wind_onshore,0.10528825235030369
35,3,2030,2,wind_onshore,0.10242219785988471
35,4,2030,2,wind_onshore,0.09975830503482112
35,5,2030,2,wind_onshore,0.09317337212106168
35,6,2030,2,wind_onshore,0.08738674085376888
35,7,2030,2,wind_onshore,0.07752291189373232
35,8,2030,2,wind_onshore,0.06315557552811454
35,9,2030,2,wind_onshore,0.05761530825584657
35,10,2030,2,wind_onshore,0.04965846195636576
35,11,2030,2,wind_onshore,0.05058198351377242
35,12,2030,2,wind_onshore,0.051704753485577695
35,13,2030,2,wind_onshore,0.05796195989336516
35,14,2030,2,wind_onshore,0.061901013185562105
35,15,2030,2,wind_onshore,0.06604611716557575
35,16,2030,2,wind_onshore,0.06665618571299602
35,17,2030,2,wind_onshore,0.0669656384723606
35,18,2030,2,wind_onshore,0.07272653887690324
35,19,2030,2,wind_onshore,0.07937404541521645
35,20,2030,2,wind_onshore,0.08018575719383685
35,21,2030,2,wind_onshore,0.07758655373742637
35,22,2030,2,wind_onshore,0.07571510086383516
35,23,2030,2,wind_onshore,0.07970186628629342
35,24,2030,2,wind_onshore,0.08836934562014187
36,1,2030,2,demand,0.6909173391057721
36,2,2030,2,demand,0.6689420648613508
36,3,2030,2,demand,0.642826780400856
36,4,2030,2,demand,0.6428660729913449
36,5,2030,2,demand,0.6410193212383597
36,6,2030,2,demand,0.6298459373247461
36,7,2030,2,demand,0.7030658936742502
36,8,2030,2,demand,0.7175934359941561
36,9,2030,2,demand,0.8538458515954578
36,10,2030,2,demand,0.8911523802379703
36,11,2030,2,demand,0.8840475654668138
36,12,2030,2,demand,0.8883411739911629
36,13,2030,2,demand,0.8682233676607692
36,14,2030,2,demand,0.8559283588913774
36,15,2030,2,demand,0.8704380409428794
36,16,2030,2,demand,0.872116906172866
36,17,2030,2,demand,0.8261231429785928
36,18,2030,2,demand,0.7898953745476888
36,19,2030,2,demand,0.8008258588110063
36,20,2030,2,demand,0.8332993988233656
36,21,2030,2,demand,0.7977931852359877
36,22,2030,2,demand,0.7420012787952178
36,23,2030,2,demand,0.6737607652767806
36,24,2030,2,demand,0.7263128190290444
36,1,2030,2,solar,0.0
36,2,2030,2,solar,0.0
36,3,2030,2,solar,0.0
36,4,2030,2,solar,0.0
36,5,2030,2,solar,0.0
36,6,2030,2,solar,0.0
36,7,2030,2,solar,0.0
36,8,2030,2,solar,0.007754999999999999
36,9,2030,2,solar,0.035135
36,10,2030,2,solar,0.07033249999999999
36,11,2030,2,solar,0.122305
36,12,2030,2,solar,0.1689325
36,13,2030,2,solar,0.1998375
36,14,2030,2,solar,0.206165
36,15,2030,2,solar,0.19185
36,16,2030,2,solar,0.164575
36,17,2030,2,solar,0.1363225
36,18,2030,2,solar,0.0736175
36,19,2030,2,solar,0.00723
36,20,2030,2,solar,0.0
36,21,2030,2,solar,0.0
36,22,2030,2,solar,0.0
36,23,2030,2,solar,0.0
36,24,2030,2,solar,0.0
36,1,2030,2,wind_offshore,0.8191617668720214
36,2,2030,2,wind_offshore,0.7840538087392941
36,3,2030,2,wind_offshore,0.7390992010143289
36,4,2030,2,wind_offshore,0.6920368791904529
36,5,2030,2,wind_offshore,0.6464625529851388
36,6,2030,2,wind_offshore,0.5861106349402212
36,7,2030,2,wind_offshore,0.5393845255964113
36,8,2030,2,wind_offshore,0.5000930856600213
36,9,2030,2,wind_offshore,0.45713935499050634
36,10,2030,2,wind_offshore,0.4293255677031034
36,11,2030,2,wind_offshore,0.37572778499321025
36,12,2030,2,wind_offshore,0.32819704429116514
36,13,2030,2,wind_offshore,0.29930222326627365
36,14,2030,2,wind_offshore,0.24091654832858428
36,15,2030,2,wind_offshore,0.2022395474652073
36,16,2030,2,wind_offshore,0.15930913792357138
36,17,2030,2,wind_offshore,0.12921053862875626
36,18,2030,2,wind_offshore,0.11415289074663323
36,19,2030,2,wind_offshore,0.11185673974222883
36,20,2030,2,wind_offshore,0.11620703660865697
36,21,2030,2,wind_offshore,0.13074157135514355
36,22,2030,2,wind_offshore,0.13341545497102306
36,23,2030,2,wind_offshore,0.11542300947832967
36,24,2030,2,wind_offshore,0.09206092826039534
36,1,2030,2,wind_onshore,0.2547986257935566
36,2,2030,2,wind_onshore,0.2300520581459168
36,3,2030,2,wind_onshore,0.21460654353792477
36,4,2030,2,wind_onshore,0.1946075535468569
36,5,2030,2,wind_onshore,0.17176048699354995
36,6,2030,2,wind_onshore,0.14954444266473896
36,7,2030,2,wind_onshore,0.13275385337105736
36,8,2030,2,wind_onshore,0.11225072080265018
36,9,2030,2,wind_onshore,0.08531740916936564
36,10,2030,2,wind_onshore,0.06916759191644103
36,11,2030,2,wind_onshore,0.06243675494550833
36,12,2030,2,wind_onshore,0.05205562674671215
36,13,2030,2,wind_onshore,0.046451447884097684
36,14,2030,2,wind_onshore,0.034284192443916284
36,15,2030,2,wind_onshore,0.02228411254952412
36,16,2030,2,wind_onshore,0.01519095398033998
36,17,2030,2,wind_onshore,0.009548725339547405
36,18,2030,2,wind_onshore,0.0040667696819116856
36,19,2030,2,wind_onshore,0.007800617942424602
36,20,2030,2,wind_onshore,0.01327075723327032
36,21,2030,2,wind_onshore,0.014089590009712247
36,22,2030,2,wind_onshore,0.014032627856630479
36,23,2030,2,wind_onshore,0.012659094319393969
36,24,2030,2,wind_onshore,0.011913751409264739
37,1,2030,2,demand,0.6322427853445782
37,2,2030,2,demand,0.622073148515276
37,3,2030,2,demand,0.606959789391715
37,4,2030,2,demand,0.5973259606145361
37,5,2030,2,demand,0.6019446260238399
37,6,2030,2,demand,0.5860311268757747
37,7,2030,2,demand,0.5990119699518845
37,8,2030,2,demand,0.6281384956653129
37,9,2030,2,demand,0.672360520233898
37,10,2030,2,demand,0.7211512014602556
37,11,2030,2,demand,0.7251233251533304
37,12,2030,2,demand,0.7430228861479331
37,13,2030,2,demand,0.7407796364363765
37,14,2030,2,demand,0.7355394336866095
37,15,2030,2,demand,0.733131869505735
37,16,2030,2,demand,0.7298134316362507
37,17,2030,2,demand,0.7452661358594898
37,18,2030,2,demand,0.7496990544773908
37,19,2030,2,demand,0.7535675886137218
37,20,2030,2,demand,0.7322531443002526
37,21,2030,2,demand,0.7023729152601705
37,22,2030,2,demand,0.6657057842265254
37,23,2030,2,demand,0.6294172908830473
37,24,2030,2,demand,0.5966579865762223
37,1,2030,2,solar,0.0
37,2,2030,2,solar,0.0
37,3,2030,2,solar,0.0
37,4,2030,2,solar,0.0
37,5,2030,2,solar,0.0
37,6,2030,2,solar,0.0
37,7,2030,2,solar,0.0
37,8,2030,2,solar,0.05858
37,9,2030,2,solar,0.3580475
37,10,2030,2,solar,0.49380500000000005
37,11,2030,2,solar,0.48031250000000003
37,12,2030,2,solar,0.43903
37,13,2030,2,solar,0.427
37,14,2030,2,solar,0.44648249999999995
37,15,2030,2,solar,0.47049250000000004
37,16,2030,2,solar,0.47065250000000003
37,17,2030,2,solar,0.2665625
37,18,2030,2,solar,0.04023
37,19,2030,2,solar,0.0
37,20,2030,2,solar,0.0
37,21,2030,2,solar,0.0
37,22,2030,2,solar,0.0
37,23,2030,2,solar,0.0
37,24,2030,2,solar,0.0
37,1,2030,2,wind_offshore,0.5384778350037016
37,2,2030,2,wind_offshore,0.43805756792130035
37,3,2030,2,wind_offshore,0.3737698939626497
37,4,2030,2,wind_offshore,0.33712221049000846
37,5,2030,2,wind_offshore,0.293381147944481
37,6,2030,2,wind_offshore,0.24865687778943033
37,7,2030,2,wind_offshore,0.22310034024851433
37,8,2030,2,wind_offshore,0.19132120504184513
37,9,2030,2,wind_offshore,0.17462799286764316
37,10,2030,2,wind_offshore,0.14405567341824294
37,11,2030,2,wind_offshore,0.11521499936925292
37,12,2030,2,wind_offshore,0.0989833522696868
37,13,2030,2,wind_offshore,0.0939229913326351
37,14,2030,2,wind_offshore,0.09993546630411716
37,15,2030,2,wind_offshore,0.12097370448508697
37,16,2030,2,wind_offshore,0.1456689480299422
37,17,2030,2,wind_offshore,0.16625459404243106
37,18,2030,2,wind_offshore,0.1850200953171468
37,19,2030,2,wind_offshore,0.19839289530000384
37,20,2030,2,wind_offshore,0.195702762532211
37,21,2030,2,wind_offshore,0.19047831303725327
37,22,2030,2,wind_offshore,0.16667465862195585
37,23,2030,2,wind_offshore,0.15610058716211378
37,24,2030,2,wind_offshore,0.15287678237410107
37,1,2030,2,wind_onshore,0.17671475610224546
37,2,2030,2,wind_onshore,0.14039251165014774
37,3,2030,2,wind_onshore,0.11777564763975296
37,4,2030,2,wind_onshore,0.10400635294326069
37,5,2030,2,wind_onshore,0.08855444613547259
37,6,2030,2,wind_onshore,0.07869597244175926
37,7,2030,2,wind_onshore,0.07709928285841096
37,8,2030,2,wind_onshore,0.08995004930606998
37,9,2030,2,wind_onshore,0.09862224612151266
37,10,2030,2,wind_onshore,0.09404868038464803
37,11,2030,2,wind_onshore,0.08806591857835003
37,12,2030,2,wind_onshore,0.07739948714356762
37,13,2030,2,wind_onshore,0.08454021825062491
37,14,2030,2,wind_onshore,0.09765664757919167
37,15,2030,2,wind_onshore,0.11433295384431048
37,16,2030,2,wind_onshore,0.1214282268726589
37,17,2030,2,wind_onshore,0.1319937731051073
37,18,2030,2,wind_onshore,0.12071634767152714
37,19,2030,2,wind_onshore,0.10904868601849746
37,20,2030,2,wind_onshore,0.08891739545325811
37,21,2030,2,wind_onshore,0.07634680534946138
37,22,2030,2,wind_onshore,0.06582987960654141
37,23,2030,2,wind_onshore,0.05954491824043351
37,24,2030,2,wind_onshore,0.05255046133398801
38,1,2030,2,demand,0.6868773463927617
38,2,2030,2,demand,0.6633410846898208
38,3,2030,2,demand,0.6526177795399909
38,4,2030,2,demand,0.6543252211994243
38,5,2030,2,demand,0.6565756150183426
38,6,2030,2,demand,0.6354790659794035
38,7,2030,2,demand,0.6802797632442821
38,8,2030,2,demand,0.7470450185925394
38,9,2030,2,demand,0.7904026061703656
38,10,2030,2,demand,0.8307060878510883
38,11,2030,2,demand,0.8372465181406746
38,12,2030,2,demand,0.8251586884847707
38,13,2030,2,demand,0.8197648874267284
38,14,2030,2,demand,0.8133851995527789
38,15,2030,2,demand,0.8115348757461127
38,16,2030,2,demand,0.8127529460512732
38,17,2030,2,demand,0.822994023954192
38,18,2030,2,demand,0.8600326485706428
38,19,2030,2,demand,0.8599897839264729
38,20,2030,2,demand,0.8218331065079246
38,21,2030,2,demand,0.7853731545877671
38,22,2030,2,demand,0.7655589728202437
38,23,2030,2,demand,0.7354179838614615
38,24,2030,2,demand,0.697972145125397
38,1,2030,2,solar,0.0
38,2,2030,2,solar,0.0
38,3,2030,2,solar,0.0
38,4,2030,2,solar,0.0
38,5,2030,2,solar,0.0
38,6,2030,2,solar,0.0
38,7,2030,2,solar,0.0
38,8,2030,2,solar,0.006932499999999999
38,9,2030,2,solar,0.12647750000000002
38,10,2030,2,solar,0.3133125
38,11,2030,2,solar,0.34567749999999997
38,12,2030,2,solar,0.3235425
38,13,2030,2,solar,0.3171575
38,14,2030,2,solar,0.3523675
38,15,2030,2,solar,0.39556500000000006
38,16,2030,2,solar,0.3208525
38,17,2030,2,solar,0.0850875
38,18,2030,2,solar,0.000215
38,19,2030,2,solar,0.0
38,20,2030,2,solar,0.0
38,21,2030,2,solar,0.0
38,22,2030,2,solar,0.0
38,23,2030,2,solar,0.0
38,24,2030,2,solar,0.0
38,1,2030,2,wind_offshore,0.5403468656059681
38,2,2030,2,wind_offshore,0.4773007292701976
38,3,2030,2,wind_offshore,0.43743023571096995
38,4,2030,2,wind_offshore,0.4180037492743754
38,5,2030,2,wind_offshore,0.41179593645488405
38,6,2030,2,wind_offshore,0.4227320910194789
38,7,2030,2,wind_offshore,0.45100376758753424
38,8,2030,2,wind_offshore,0.47045826744340613
38,9,2030,2,wind_offshore,0.4937616618499249
38,10,2030,2,wind_offshore,0.5138229602262732
38,11,2030,2,wind_offshore,0.4659297238072462
38,12,2030,2,wind_offshore,0.4102861556850123
38,13,2030,2,wind_offshore,0.3664646591264273
38,14,2030,2,wind_offshore,0.33251378007498034
38,15,2030,2,wind_offshore,0.3225853836516611
38,16,2030,2,wind_offshore,0.3327355416862831
38,17,2030,2,wind_offshore,0.3695671722087421
38,18,2030,2,wind_offshore,0.40132545365159433
38,19,2030,2,wind_offshore,0.42707656471499755
38,20,2030,2,wind_offshore,0.4113321329771145
38,21,2030,2,wind_offshore,0.3588765198737412
38,22,2030,2,wind_offshore,0.28531323216801757
38,23,2030,2,wind_offshore,0.2213822986299025
38,24,2030,2,wind_offshore,0.14981301396868307
38,1,2030,2,wind_onshore,0.2627447826218496
38,2,2030,2,wind_onshore,0.24505723691973355
38,3,2030,2,wind_onshore,0.22933679227828635
38,4,2030,2,wind_onshore,0.2215218875004089
38,5,2030,2,wind_onshore,0.21897312282865009
38,6,2030,2,wind_onshore,0.22221821449229845
38,7,2030,2,wind_onshore,0.23187612494092963
38,8,2030,2,wind_onshore,0.2493696999840059
38,9,2030,2,wind_onshore,0.25860167449045957
38,10,2030,2,wind_onshore,0.2420589317102621
38,11,2030,2,wind_onshore,0.21844211797048618
38,12,2030,2,wind_onshore,0.1862483609597162
38,13,2030,2,wind_onshore,0.18069266614283963
38,14,2030,2,wind_onshore,0.17783780196251858
38,15,2030,2,wind_onshore,0.17884909100520843
38,16,2030,2,wind_onshore,0.17945712130357575
38,17,2030,2,wind_onshore,0.19880599242533234
38,18,2030,2,wind_onshore,0.2024660170004901
38,19,2030,2,wind_onshore,0.21169180378187594
38,20,2030,2,wind_onshore,0.20805922720744138
38,21,2030,2,wind_onshore,0.18238456339895961
38,22,2030,2,wind_onshore,0.1592640074922748
38,23,2030,2,wind_onshore,0.12526635025348093
38,24,2030,2,wind_onshore,0.08576518171337037
39,1,2030,2,demand,0.5681172776664488
39,2,2030,2,demand,0.551389350279156
39,3,2030,2,demand,0.5513572017960285
39,4,2030,2,demand,0.5488353318973678
39,5,2030,2,demand,0.5461562916367507
39,6,2030,2,demand,0.5972795239166855
39,7,2030,2,demand,0.61931195102
39,8,2030,2,demand,0.7512993345263993
39,9,2030,2,demand,0.8122385703212348
39,10,2030,2,demand,0.8340781065257848
39,11,2030,2,demand,0.8397683880393355
39,12,2030,2,demand,0.8201042325264065
39,13,2030,2,demand,0.8409221613782413
39,14,2030,2,demand,0.8400291479580356
39,15,2030,2,demand,0.8290236505674207
39,16,2030,2,demand,0.8043228993645316
39,17,2030,2,demand,0.7476737000403643
39,18,2030,2,demand,0.73732188847334
39,19,2030,2,demand,0.7155466492350447
39,20,2030,2,demand,0.680583387807152
39,21,2030,2,demand,0.6445592264360549
39,22,2030,2,demand,0.6231197602437569
39,23,2030,2,demand,0.6732499616004229
39,24,2030,2,demand,0.6263524688249015
39,1,2030,2,solar,0.0
39,2,2030,2,solar,0.0
39,3,2030,2,solar,0.0
39,4,2030,2,solar,0.0
39,5,2030,2,solar,0.0055375
39,6,2030,2,solar,0.1085425
39,7,2030,2,solar,0.34480750000000004
39,8,2030,2,solar,0.49114500000000005
39,9,2030,2,solar,0.587195
39,10,2030,2,solar,0.6249674999999999
39,11,2030,2,solar,0.6237174999999999
39,12,2030,2,solar,0.6123575
39,13,2030,2,solar,0.6056
39,14,2030,2,solar,0.6000049999999999
39,15,2030,2,solar,0.59088
39,16,2030,2,solar,0.58699
39,17,2030,2,solar,0.5659075
39,18,2030,2,solar,0.52207
39,19,2030,2,solar,0.40178250000000004
39,20,2030,2,solar,0.16918499999999997
39,21,2030,2,solar,0.022977499999999998
39,22,2030,2,solar,0.0
39,23,2030,2,solar,0.0
39,24,2030,2,solar,0.0
39,1,2030,2,wind_offshore,0.1196256419800514
39,2,2030,2,wind_offshore,0.1273959369919803
39,3,2030,2,wind_offshore,0.13119063952762594
39,4,2030,2,wind_offshore,0.12796446837178224
39,5,2030,2,wind_offshore,0.12984226402280358
39,6,2030,2,wind_offshore,0.13939019856696075
39,7,2030,2,wind_offshore,0.1509562523458911
39,8,2030,2,wind_offshore,0.1459016066713617
39,9,2030,2,wind_offshore,0.1307015651484916
39,10,2030,2,wind_offshore,0.10947817441170551
39,11,2030,2,wind_offshore,0.09696182843650208
39,12,2030,2,wind_offshore,0.07516331661142332
39,13,2030,2,wind_offshore,0.06721748732478139
39,14,2030,2,wind_offshore,0.06322763086349754
39,15,2030,2,wind_offshore,0.06681022839089042
39,16,2030,2,wind_offshore,0.070143145690873
39,17,2030,2,wind_offshore,0.07398698256782046
39,18,2030,2,wind_offshore,0.08457118013700227
39,19,2030,2,wind_offshore,0.09452403921296978
39,20,2030,2,wind_offshore,0.11190370276117323
39,21,2030,2,wind_offshore,0.13239222907229373
39,22,2030,2,wind_offshore,0.14719959979495317
39,23,2030,2,wind_offshore,0.1515703235601841
39,24,2030,2,wind_offshore,0.14118046092539427
39,1,2030,2,wind_onshore,0.014992825341400545
39,2,2030,2,wind_onshore,0.01496559978945031
39,3,2030,2,wind_onshore,0.015840298403873576
39,4,2030,2,wind_onshore,0.017697292252968684
39,5,2030,2,wind_onshore,0.022129445988868887
39,6,2030,2,wind_onshore,0.0341529676814932
39,7,2030,2,wind_onshore,0.02921264697005961
39,8,2030,2,wind_onshore,0.02178934270053455
39,9,2030,2,wind_onshore,0.015062765216639852
39,10,2030,2,wind_onshore,0.009508388928352894
39,11,2030,2,wind_onshore,0.0047030511082038085
39,12,2030,2,wind_onshore,0.001891500830764316
39,13,2030,2,wind_onshore,0.0014027987354920664
39,14,2030,2,wind_onshore,0.0016751397139529694
39,15,2030,2,wind_onshore,0.0026198141162684
39,16,2030,2,wind_onshore,0.00420950429356492
39,17,2030,2,wind_onshore,0.006442723608502436
39,18,2030,2,wind_onshore,0.008969188993188902
39,19,2030,2,wind_onshore,0.010696009052772116
39,20,2030,2,wind_onshore,0.017152523022315135
39,21,2030,2,wind_onshore,0.0319134330568467
39,22,2030,2,wind_onshore,0.05367191167407554
39,23,2030,2,wind_onshore,0.06587002745078041
39,24,2030,2,wind_onshore,0.06770826436745159
40,1,2030,2,demand,0.6383009883872535
40,2,2030,2,demand,0.6221017249447225
40,3,2030,2,demand,0.6144039492625495
40,4,2030,2,demand,0.6107175898639404
40,5,2030,2,demand,0.627331211533447
40,6,2030,2,demand,0.6634339580855222
40,7,2030,2,demand,0.6729856296280421
40,8,2030,2,demand,0.7992255787619977
40,9,2030,2,demand,0.8480948451693332
40,10,2030,2,demand,0.8658265196409373
40,11,2030,2,demand,0.863051033930938
40,12,2030,2,demand,0.839596929462656
40,13,2030,2,demand,0.8472982771985098
40,14,2030,2,demand,0.8427224764333758
40,15,2030,2,demand,0.8244228454265211
40,16,2030,2,demand,0.786887705348436
40,17,2030,2,demand,0.7411475579655011
40,18,2030,2,demand,0.7586434768941708
40,19,2030,2,demand,0.7970859186071849
40,20,2030,2,demand,0.7707670270868832
40,21,2030,2,demand,0.7184685891459577
40,22,2030,2,demand,0.6463416812227855
40,23,2030,2,demand,0.7022550374887034
40,24,2030,2,demand,0.6605798871945447
40,1,2030,2,solar,0.0
40,2,2030,2,solar,0.0
40,3,2030,2,solar,0.0
40,4,2030,2,solar,0.0
40,5,2030,2,solar,0.0
40,6,2030,2,solar,0.0
40,7,2030,2,solar,0.0
40,8,2030,2,solar,0.03743
40,9,2030,2,solar,0.27739250000000004
40,10,2030,2,solar,0.41962499999999997
40,11,2030,2,solar,0.42251000000000005
40,12,2030,2,solar,0.393315
40,13,2030,2,solar,0.38337
40,14,2030,2,solar,0.39866999999999997
40,15,2030,2,solar,0.4152425
40,16,2030,2,solar,0.399735
40,17,2030,2,solar,0.207825
40,18,2030,2,solar,0.025374999999999998
40,19,2030,2,solar,0.0
40,20,2030,2,solar,0.0
40,21,2030,2,solar,0.0
40,22,2030,2,solar,0.0
40,23,2030,2,solar,0.0
40,24,2030,2,solar,0.0
40,1,2030,2,wind_offshore,0.9330529922086952
40,2,2030,2,wind_offshore,0.9261996127136742
40,3,2030,2,wind_offshore,0.922214817340457
40,4,2030,2,wind_offshore,0.9183843172433905
40,5,2030,2,wind_offshore,0.9171213736294761
40,6,2030,2,wind_offshore,0.9213175269996317
40,7,2030,2,wind_offshore,0.931296077125884
40,8,2030,2,wind_offshore,0.9408090752537828
40,9,2030,2,wind_offshore,0.9491417184710425
40,10,2030,2,wind_offshore,0.9504435769835075
40,11,2030,2,wind_offshore,0.9531770428189851
40,12,2030,2,wind_offshore,0.9555780750569196
40,13,2030,2,wind_offshore,0.9590980346917265
40,14,2030,2,wind_offshore,0.956916626808651
40,15,2030,2,wind_offshore,0.9536768070442198
40,16,2030,2,wind_offshore,0.9533299886402239
40,17,2030,2,wind_offshore,0.9523804360903998
40,18,2030,2,wind_offshore,0.9510774840784456
40,19,2030,2,wind_offshore,0.9446979215367772
40,20,2030,2,wind_offshore,0.941250720590553
40,21,2030,2,wind_offshore,0.9287762841299954
40,22,2030,2,wind_offshore,0.9054400314357999
40,23,2030,2,wind_offshore,0.8825329366996149
40,24,2030,2,wind_offshore,0.8285589401199002
40,1,2030,2,wind_onshore,0.40805269461360644
40,2,2030,2,wind_onshore,0.37385827919615505
40,3,2030,2,wind_onshore,0.3505724094602334
40,4,2030,2,wind_onshore,0.33271085082787616
40,5,2030,2,wind_onshore,0.3182574653281616
40,6,2030,2,wind_onshore,0.31533280812708736
40,7,2030,2,wind_onshore,0.33884020934950837
40,8,2030,2,wind_onshore,0.3936619676028412
40,9,2030,2,wind_onshore,0.4592512712564569
40,10,2030,2,wind_onshore,0.515914492687445
40,11,2030,2,wind_onshore,0.5639980846374679
40,12,2030,2,wind_onshore,0.5970482191101781
40,13,2030,2,wind_onshore,0.6387921029666301
40,14,2030,2,wind_onshore,0.6311672930725379
40,15,2030,2,wind_onshore,0.5919956398246043
40,16,2030,2,wind_onshore,0.551198562840419
40,17,2030,2,wind_onshore,0.5066750221571173
40,18,2030,2,wind_onshore,0.41694950401534336
40,19,2030,2,wind_onshore,0.3362470485559395
40,20,2030,2,wind_onshore,0.2739620724943661
40,21,2030,2,wind_onshore,0.2286865369107739
40,22,2030,2,wind_onshore,0.19939332883372102
40,23,2030,2,wind_onshore,0.1799734999966257
40,24,2030,2,wind_onshore,0.15171564348918642
41,1,2030,1,demand,0.6090673010634005
41,2,2030,1,demand,0.5833485145614768
41,3,2030,1,demand,0.5750934985050955
41,4,2030,1,demand,0.5811981382456216
41,5,2030,1,demand,0.5861454325935611
41,6,2030,1,demand,0.6072955624377123
41,7,2030,1,demand,0.6264060496301138
41,8,2030,1,demand,0.7570289086304389
41,9,2030,1,demand,0.8129779854331651
41,10,2030,1,demand,0.8384717325531968
41,11,2030,1,demand,0.8545316859021758
41,12,2030,1,demand,0.8253551514372159
41,13,2030,1,demand,0.828755746541359
41,14,2030,1,demand,0.8428725026879704
41,15,2030,1,demand,0.8338602112512548
41,16,2030,1,demand,0.7842801061614354
41,17,2030,1,demand,0.7383863604702252
41,18,2030,1,demand,0.7241267221763809
41,19,2030,1,demand,0.7109065515036561
41,20,2030,1,demand,0.6857592935906641
41,21,2030,1,demand,0.6601762451286118
41,22,2030,1,demand,0.6368971712906902
41,23,2030,1,demand,0.6890205786012553
41,24,2030,1,demand,0.6374972763090684
41,1,2030,1,solar,0.0
41,2,2030,1,solar,0.0
41,3,2030,1,solar,0.0
41,4,2030,1,solar,0.0
41,5,2030,1,solar,0.000565
41,6,2030,1,solar,0.0137475
41,7,2030,1,solar,0.0369375
41,8,2030,1,solar,0.06216
41,9,2030,1,solar,0.0979825
41,10,2030,1,solar,0.1381125
41,11,2030,1,solar,0.1726575
41,12,2030,1,solar,0.1985825
41,13,2030,1,solar,0.2251925
41,14,2030,1,solar,0.237895
41,15,2030,1,solar,0.2372575
41,16,2030,1,solar,0.21835
41,17,2030,1,solar,0.19138750000000002
41,18,2030,1,solar,0.160295
41,19,2030,1,solar,0.1107775
41,20,2030,1,solar,0.0465575
41,21,2030,1,solar,0.007275
41,22,2030,1,solar,0.0
41,23,2030,1,solar,0.0
41,24,2030,1,solar,0.0
41,1,2030,1,wind_offshore,0.839062910939146
41,2,2030,1,wind_offshore,0.8463030806947732
41,3,2030,1,wind_offshore,0.8598547928259186
41,4,2030,1,wind_offshore,0.8675036387981225
41,5,2030,1,wind_offshore,0.87091550877358
41,6,2030,1,wind_offshore,0.8736189156913511
41,7,2030,1,wind_offshore,0.8755540281876172
41,8,2030,1,wind_offshore,0.883637177954776
41,9,2030,1,wind_offshore,0.8880254433814401
41,10,2030,1,wind_offshore,0.8897422347232156
41,11,2030,1,wind_offshore,0.8625672804780413
41,12,2030,1,wind_offshore,0.8400898752516388
41,13,2030,1,wind_offshore,0.8294891418687118
41,14,2030,1,wind_offshore,0.8434053355979134
41,15,2030,1,wind_offshore,0.8537726543904253
41,16,2030,1,wind_offshore,0.8741424227429834
41,17,2030,1,wind_offshore,0.8785749091498789
41,18,2030,1,wind_offshore,0.8740309428343183
41,19,2030,1,wind_offshore,0.8732039301056381
41,20,2030,1,wind_offshore,0.8599195473664045
41,21,2030,1,wind_offshore,0.8455520495676523
41,22,2030,1,wind_offshore,0.8216228443852583
41,23,2030,1,wind_offshore,0.8178071188765164
41,24,2030,1,wind_offshore,0.80998396000886
41,1,2030,1,wind_onshore,0.7778883460421959
41,2,2030,1,wind_onshore,0.7742887518958781
41,3,2030,1,wind_onshore,0.7760275187155092
41,4,2030,1,wind_onshore,0.779174067353332
41,5,2030,1,wind_onshore,0.7725245639087759
41,6,2030,1,wind_onshore,0.7419004786867149
41,7,2030,1,wind_onshore,0.7147804864826488
41,8,2030,1,wind_onshore,0.6795726442212296
41,9,2030,1,wind_onshore,0.6601213977839613
41,10,2030,1,wind_onshore,0.6412977163462578
41,11,2030,1,wind_onshore,0.5728619978380891
41,12,2030,1,wind_onshore,0.5204966437636642
41,13,2030,1,wind_onshore,0.5184447998953796
41,14,2030,1,wind_onshore,0.5288040778353361
41,15,2030,1,wind_onshore,0.544618309120369
41,16,2030,1,wind_onshore,0.5649416194075264
41,17,2030,1,wind_onshore,0.5596099016862519
41,18,2030,1,wind_onshore,0.5638991670285496
41,19,2030,1,wind_onshore,0.5883124805809534
41,20,2030,1,wind_onshore,0.651039138105543
41,21,2030,1,wind_onshore,0.6549666300168779
41,22,2030,1,wind_onshore,0.6279693896629058
41,23,2030,1,wind_onshore,0.6274982707136392
41,24,2030,1,wind_onshore,0.6161038202848019
42,1,2030,1,demand,0.7594150404892286
42,2,2030,1,demand,0.7532175273530012
42,3,2030,1,demand,0.7338677125639845
42,4,2030,1,demand,0.7232837175077068
42,5,2030,1,demand,0.715321609853153
42,6,2030,1,demand,0.6948358819936347
42,7,2030,1,demand,0.7194223274787374
42,8,2030,1,demand,0.7692489042725335
42,9,2030,1,demand,0.8189683194559048
42,10,2030,1,demand,0.8824401413104437
42,11,2030,1,demand,0.9121024750759955
42,12,2030,1,demand,0.9361281081332091
42,13,2030,1,demand,0.9322774342652822
42,14,2030,1,demand,0.9255369689695697
42,15,2030,1,demand,0.9206075348900343
42,16,2030,1,demand,0.9146600655114645
42,17,2030,1,demand,0.8972820243542621
42,18,2030,1,demand,0.935645880886298
42,19,2030,1,demand,0.9421112980485872
42,20,2030,1,demand,0.9176177259591858
42,21,2030,1,demand,0.8774285499962494
42,22,2030,1,demand,0.8349068229797357
42,23,2030,1,demand,0.8083521759164998
42,24,2030,1,demand,0.7743605130897907
42,1,2030,1,solar,0.0
42,2,2030,1,solar,0.0
42,3,2030,1,solar,0.0
42,4,2030,1,solar,0.0
42,5,2030,1,solar,0.0
42,6,2030,1,solar,0.0
42,7,2030,1,solar,0.0
42,8,2030,1,solar,0.0
42,9,2030,1,solar,0.0036324999999999994
42,10,2030,1,solar,0.0366125
42,11,2030,1,solar,0.074395
42,12,2030,1,solar,0.1058125
42,13,2030,1,solar,0.12318749999999999
42,14,2030,1,solar,0.120315
42,15,2030,1,solar,0.1028175
42,16,2030,1,solar,0.071975
42,17,2030,1,solar,0.027147499999999998
42,18,2030,1,solar,0.001225
42,19,2030,1,solar,0.0
42,20,2030,1,solar,0.0
42,21,2030,1,solar,0.0
42,22,2030,1,solar,0.0
42,23,2030,1,solar,0.0
42,24,2030,1,solar,0.0
42,1,2030,1,wind_offshore,0.9097946496288813
42,2,2030,1,wind_offshore,0.8988913032361462
42,3,2030,1,wind_offshore,0.879844911099118
42,4,2030,1,wind_offshore,0.8546976641356621
42,5,2030,1,wind_offshore,0.8317683470422547
42,6,2030,1,wind_offshore,0.7973385831364335
42,7,2030,1,wind_offshore,0.7486145095151112
42,8,2030,1,wind_offshore,0.6821513382193519
42,9,2030,1,wind_offshore,0.6256192365331421
42,10,2030,1,wind_offshore,0.6030615523716701
42,11,2030,1,wind_offshore,0.5662641904268446
42,12,2030,1,wind_offshore,0.540665573086978
42,13,2030,1,wind_offshore,0.5292782681661776
42,14,2030,1,wind_offshore,0.5234852247614578
42,15,2030,1,wind_offshore,0.49558197089683975
42,16,2030,1,wind_offshore,0.45743538082939866
42,17,2030,1,wind_offshore,0.44244446881016575
42,18,2030,1,wind_offshore,0.4123008579216254
42,19,2030,1,wind_offshore,0.39697379127455656
42,20,2030,1,wind_offshore,0.39852357061182
42,21,2030,1,wind_offshore,0.4152059912053721
42,22,2030,1,wind_offshore,0.4374085110237799
42,23,2030,1,wind_offshore,0.46281463450367377
42,24,2030,1,wind_offshore,0.4803755451361448
42,1,2030,1,wind_onshore,0.5936865331022154
42,2,2030,1,wind_onshore,0.595091213348412
42,3,2030,1,wind_onshore,0.5966509788890692
42,4,2030,1,wind_onshore,0.5813514058721324
42,5,2030,1,wind_onshore,0.5622027475568809
42,6,2030,1,wind_onshore,0.5230586257982183
42,7,2030,1,wind_onshore,0.494455300272829
42,8,2030,1,wind_onshore,0.45918366726568194
42,9,2030,1,wind_onshore,0.40004700655324216
42,10,2030,1,wind_onshore,0.34987948448354844
42,11,2030,1,wind_onshore,0.31245914535858954
42,12,2030,1,wind_onshore,0.27531978526133294
42,13,2030,1,wind_onshore,0.27236147182385884
42,14,2030,1,wind_onshore,0.2529020803914485
42,15,2030,1,wind_onshore,0.23252646107630318
42,16,2030,1,wind_onshore,0.22409964443559455
42,17,2030,1,wind_onshore,0.21681442442036908
42,18,2030,1,wind_onshore,0.20112164742438768
42,19,2030,1,wind_onshore,0.19609425661896507
42,20,2030,1,wind_onshore,0.18623116422284933
42,21,2030,1,wind_onshore,0.1735231274869875
42,22,2030,1,wind_onshore,0.16751080053302295
42,23,2030,1,wind_onshore,0.1632180240887995
42,24,2030,1,wind_onshore,0.16660795227680913
43,1,2030,1,demand,0.725877028479984
43,2,2030,1,demand,0.7093026994009667
43,3,2030,1,demand,0.6929105450596711
43,4,2030,1,demand,0.694768012973699
43,5,2030,1,demand,0.6979685730717162
43,6,2030,1,demand,0.682519440902158
43,7,2030,1,demand,0.7496919103700291
43,8,2030,1,demand,0.7402616886526572
43,9,2030,1,demand,0.8555640094159335
43,10,2030,1,demand,0.9012327157252519
43,11,2030,1,demand,0.8997860339845187
43,12,2030,1,demand,0.9005183049890874
43,13,2030,1,demand,0.8713203382020426
43,14,2030,1,demand,0.8863086754467746
43,15,2030,1,demand,0.8759675800407929
43,16,2030,1,demand,0.8582716261059972
43,17,2030,1,demand,0.8125743433672321
43,18,2030,1,demand,0.792813742404921
43,19,2030,1,demand,0.8061410746880705
43,20,2030,1,demand,0.8022939728738243
43,21,2030,1,demand,0.7709920664687749
43,22,2030,1,demand,0.7208154284142583
43,23,2030,1,demand,0.6768720240327771
43,24,2030,1,demand,0.7434229561601853
43,1,2030,1,solar,0.0
43,2,2030,1,solar,0.0
43,3,2030,1,solar,0.0
43,4,2030,1,solar,0.0
43,5,2030,1,solar,0.0
43,6,2030,1,solar,0.0
43,7,2030,1,solar,0.0
43,8,2030,1,solar,0.031505000000000005
43,9,2030,1,solar,0.28636249999999996
43,10,2030,1,solar,0.49163500000000004
43,11,2030,1,solar,0.495625
43,12,2030,1,solar,0.4595825
43,13,2030,1,solar,0.438975
43,14,2030,1,solar,0.445365
43,15,2030,1,solar,0.46476
43,16,2030,1,solar,0.43144249999999995
43,17,2030,1,solar,0.2987725
43,18,2030,1,solar,0.08794749999999998
43,19,2030,1,solar,0.0039725
43,20,2030,1,solar,0.0
43,21,2030,1,solar,0.0
43,22,2030,1,solar,0.0
43,23,2030,1,solar,0.0
43,24,2030,1,solar,0.0
43,1,2030,1,wind_offshore,0.454883113915853
43,2,2030,1,wind_offshore,0.4004941770526077
43,3,2030,1,wind_offshore,0.36408576091273304
43,4,2030,1,wind_offshore,0.3385680386359679
43,5,2030,1,wind_offshore,0.3412529018554863
43,6,2030,1,wind_offshore,0.3728086283441801
43,7,2030,1,wind_offshore,0.4314615330449521
43,8,2030,1,wind_offshore,0.5195207036956481
43,9,2030,1,wind_offshore,0.6550061549539319
43,10,2030,1,wind_offshore,0.7628777564206127
43,11,2030,1,wind_offshore,0.8240271305483672
43,12,2030,1,wind_offshore,0.8778679547087144
43,13,2030,1,wind_offshore,0.9105943633342708
43,14,2030,1,wind_offshore,0.9233292747562155
43,15,2030,1,wind_offshore,0.9270842333238203
43,16,2030,1,wind_offshore,0.927473791876176
43,17,2030,1,wind_offshore,0.9314406177419275
43,18,2030,1,wind_offshore,0.9308916023207969
43,19,2030,1,wind_offshore,0.9328478347488658
43,20,2030,1,wind_offshore,0.9366261369382948
43,21,2030,1,wind_offshore,0.9376583047857674
43,22,2030,1,wind_offshore,0.9380447474030195
43,23,2030,1,wind_offshore,0.939218681046637
43,24,2030,1,wind_offshore,0.9309377938285779
43,1,2030,1,wind_onshore,0.12774133032258816
43,2,2030,1,wind_onshore,0.11124080003807478
43,3,2030,1,wind_onshore,0.09914031021815178
43,4,2030,1,wind_onshore,0.08485049383011331
43,5,2030,1,wind_onshore,0.07321711365975893
43,6,2030,1,wind_onshore,0.07071782226658849
43,7,2030,1,wind_onshore,0.08945115766204906
43,8,2030,1,wind_onshore,0.12466311044866221
43,9,2030,1,wind_onshore,0.15154747681565475
43,10,2030,1,wind_onshore,0.18211613998845025
43,11,2030,1,wind_onshore,0.2151300295736314
43,12,2030,1,wind_onshore,0.24698448909295112
43,13,2030,1,wind_onshore,0.3029274540513547
43,14,2030,1,wind_onshore,0.35552041038715276
43,15,2030,1,wind_onshore,0.3839018545449061
43,16,2030,1,wind_onshore,0.3793056149385855
43,17,2030,1,wind_onshore,0.3768924509899222
43,18,2030,1,wind_onshore,0.40152951627858646
43,19,2030,1,wind_onshore,0.4276887779609107
43,20,2030,1,wind_onshore,0.4744819326155256
43,21,2030,1,wind_onshore,0.5275722667327629
43,22,2030,1,wind_onshore,0.5664911386962848
43,23,2030,1,wind_onshore,0.5988554995034887
43,24,2030,1,wind_onshore,0.6062595791479398
44,1,2030,1,demand,0.6123071537519066
44,2,2030,1,demand,0.6070276584116506
44,3,2030,1,demand,0.5960971741483331
44,4,2030,1,demand,0.599504913359838
44,5,2030,1,demand,0.6205943182914153
44,6,2030,1,demand,0.6607620619322667
44,7,2030,1,demand,0.6961432536408158
44,8,2030,1,demand,0.7470092980557311
44,9,2030,1,demand,0.8460409143028602
44,10,2030,1,demand,0.8753031780561599
44,11,2030,1,demand,0.874052959267872
44,12,2030,1,demand,0.8589253119295878
44,13,2030,1,demand,0.8414079606788331
44,14,2030,1,demand,0.8450478833795915
44,15,2030,1,demand,0.8436440662830282
44,16,2030,1,demand,0.8100131808780824
44,17,2030,1,demand,0.7566038342424211
44,18,2030,1,demand,0.7058270911695261
44,19,2030,1,demand,0.6945036810013181
44,20,2030,1,demand,0.7329282624459281
44,21,2030,1,demand,0.7014156048737101
44,22,2030,1,demand,0.6346682097938567
44,23,2030,1,demand,0.6403013384485142
44,24,2030,1,demand,0.6378866301602781
44,1,2030,1,solar,0.0
44,2,2030,1,solar,0.0
44,3,2030,1,solar,0.0
44,4,2030,1,solar,0.0
44,5,2030,1,solar,0.0
44,6,2030,1,solar,0.0
44,7,2030,1,solar,0.0009075
44,8,2030,1,solar,0.027174999999999998
44,9,2030,1,solar,0.08115
44,10,2030,1,solar,0.14663500000000002
44,11,2030,1,solar,0.19942
44,12,2030,1,solar,0.2322525
44,13,2030,1,solar,0.242755
44,14,2030,1,solar,0.23860750000000003
44,15,2030,1,solar,0.2186475
44,16,2030,1,solar,0.1967175
44,17,2030,1,solar,0.1672625
44,18,2030,1,solar,0.0987025
44,19,2030,1,solar,0.016785
44,20,2030,1,solar,0.0
44,21,2030,1,solar,0.0
44,22,2030,1,solar,0.0
44,23,2030,1,solar,0.0
44,24,2030,1,solar,0.0
44,1,2030,1,wind_offshore,0.03294969745209373
44,2,2030,1,wind_offshore,0.03773579394189752
44,3,2030,1,wind_offshore,0.04518682439832669
44,4,2030,1,wind_offshore,0.057233244273961745
44,5,2030,1,wind_offshore,0.0666561769727426
44,6,2030,1,wind_offshore,0.07922323772506429
44,7,2030,1,wind_offshore,0.09214776498541245
44,8,2030,1,wind_offshore,0.116793006175736
44,9,2030,1,wind_offshore,0.13189249482293003
44,10,2030,1,wind_offshore,0.14226816075164095
44,11,2030,1,wind_offshore,0.1583156539759443
44,12,2030,1,wind_offshore,0.16485392919868797
44,13,2030,1,wind_offshore,0.1888517498149793
44,14,2030,1,wind_offshore,0.20013569031094758
44,15,2030,1,wind_offshore,0.20622251658052437
44,16,2030,1,wind_offshore,0.19635728198289773
44,17,2030,1,wind_offshore,0.19047157573887857
44,18,2030,1,wind_offshore,0.1925957249245392
44,19,2030,1,wind_offshore,0.20769455362826503
44,20,2030,1,wind_offshore,0.24485219714128373
44,21,2030,1,wind_offshore,0.28936349657430604
44,22,2030,1,wind_offshore,0.35780698377175946
44,23,2030,1,wind_offshore,0.4258940111255221
44,24,2030,1,wind_offshore,0.48110446873350016
44,1,2030,1,wind_onshore,0.035510389121927166
44,2,2030,1,wind_onshore,0.035002596667056574
44,3,2030,1,wind_onshore,0.035636557845670117
44,4,2030,1,wind_onshore,0.03572010711883732
44,5,2030,1,wind_onshore,0.03657967183223228
44,6,2030,1,wind_onshore,0.038404388211806244
44,7,2030,1,wind_onshore,0.042114228079229404
44,8,2030,1,wind_onshore,0.053405199357963895
44,9,2030,1,wind_onshore,0.05245397188912526
44,10,2030,1,wind_onshore,0.05361883819295894
44,11,2030,1,wind_onshore,0.05549181590208102
44,12,2030,1,wind_onshore,0.05546225038720487
44,13,2030,1,wind_onshore,0.06288452596530308
44,14,2030,1,wind_onshore,0.061955211108517164
44,15,2030,1,wind_onshore,0.05963885566482216
44,16,2030,1,wind_onshore,0.05762835542637238
44,17,2030,1,wind_onshore,0.05175460472391251
44,18,2030,1,wind_onshore,0.04006492476694932
44,19,2030,1,wind_onshore,0.04418743629133769
44,20,2030,1,wind_onshore,0.0496810487035734
44,21,2030,1,wind_onshore,0.0530414060180662
44,22,2030,1,wind_onshore,0.05608465641389011
44,23,2030,1,wind_onshore,0.06289258207848761
44,24,2030,1,wind_onshore,0.07593027277282659
45,1,2030,1,demand,0.6065311429500163
45,2,2030,1,demand,0.5813481645002161
45,3,2030,1,demand,0.5757436122750053
45,4,2030,1,demand,0.5711678115098714
45,5,2030,1,demand,0.5651953377555359
45,6,2030,1,demand,0.5817232301367025
45,7,2030,1,demand,0.5956649556529536
45,8,2030,1,demand,0.719733096148969
45,9,2030,1,demand,0.765551828712882
45,10,2030,1,demand,0.7969180320841862
45,11,2030,1,demand,0.820979385678208
45,12,2030,1,demand,0.8038585323860247
45,13,2030,1,demand,0.8108990501909263
45,14,2030,1,demand,0.8170572707366647
45,15,2030,1,demand,0.8002936228125637
45,16,2030,1,demand,0.763355015699176
45,17,2030,1,demand,0.7162431997028051
45,18,2030,1,demand,0.7132569628256374
45,19,2030,1,demand,0.6946537072559127
45,20,2030,1,demand,0.6657593650317377
45,21,2030,1,demand,0.6342359912984773
45,22,2030,1,demand,0.6117963500755489
45,23,2030,1,demand,0.6685920036006301
45,24,2030,1,demand,0.6179152780307983
45,1,2030,1,solar,0.0
45,2,2030,1,solar,0.0
45,3,2030,1,solar,0.0
45,4,2030,1,solar,0.0
45,5,2030,1,solar,0.0025525
45,6,2030,1,solar,0.043914999999999996
45,7,2030,1,solar,0.14765
45,8,2030,1,solar,0.2442325
45,9,2030,1,solar,0.3438375
45,10,2030,1,solar,0.42203499999999994
45,11,2030,1,solar,0.46894500000000006
45,12,2030,1,solar,0.4966475
45,13,2030,1,solar,0.5078625
45,14,2030,1,solar,0.510405
45,15,2030,1,solar,0.50499
45,16,2030,1,solar,0.48754000000000003
45,17,2030,1,solar,0.4540625
45,18,2030,1,solar,0.40236000000000005
45,19,2030,1,solar,0.27449999999999997
45,20,2030,1,solar,0.10144
45,21,2030,1,solar,0.013927499999999999
45,22,2030,1,solar,0.0
45,23,2030,1,solar,0.0
45,24,2030,1,solar,0.0
45,1,2030,1,wind_offshore,0.0385773046330011
45,2,2030,1,wind_offshore,0.042323654728279175
45,3,2030,1,wind_offshore,0.043751980960398104
45,4,2030,1,wind_offshore,0.03776559445209374
45,5,2030,1,wind_offshore,0.03332340712323799
45,6,2030,1,wind_offshore,0.03356032544776706
45,7,2030,1,wind_offshore,0.03606050635634376
45,8,2030,1,wind_offshore,0.03951360304029785
45,9,2030,1,wind_offshore,0.05057959741255868
45,10,2030,1,wind_offshore,0.06782473685239632
45,11,2030,1,wind_offshore,0.07725387463863136
45,12,2030,1,wind_offshore,0.08300932659876012
45,13,2030,1,wind_offshore,0.09029442320736754
45,14,2030,1,wind_offshore,0.10313604202820553
45,15,2030,1,wind_offshore,0.12065875965061587
45,16,2030,1,wind_offshore,0.15303548545997364
45,17,2030,1,wind_offshore,0.20129307717967476
45,18,2030,1,wind_offshore,0.27139022217241354
45,19,2030,1,wind_offshore,0.33895109425514247
45,20,2030,1,wind_offshore,0.3910523056402756
45,21,2030,1,wind_offshore,0.44636784945464913
45,22,2030,1,wind_offshore,0.5049260929883863
45,23,2030,1,wind_offshore,0.5687266934148512
45,24,2030,1,wind_offshore,0.6280227110980103
45,1,2030,1,wind_onshore,0.025336527809501772
45,2,2030,1,wind_onshore,0.02801950251616722
45,3,2030,1,wind_onshore,0.02929822621296857
45,4,2030,1,wind_onshore,0.02824168132566912
45,5,2030,1,wind_onshore,0.02206726333531336
45,6,2030,1,wind_onshore,0.01936405094802437
45,7,2030,1,wind_onshore,0.010565937628350683
45,8,2030,1,wind_onshore,0.010307684923242882
45,9,2030,1,wind_onshore,0.013095726088481708
45,10,2030,1,wind_onshore,0.01858537696904214
45,11,2030,1,wind_onshore,0.023252614890807235
45,12,2030,1,wind_onshore,0.022843736493281492
45,13,2030,1,wind_onshore,0.02624110517789689
45,14,2030,1,wind_onshore,0.029902084582330606
45,15,2030,1,wind_onshore,0.032903131388114376
45,16,2030,1,wind_onshore,0.03721983857172047
45,17,2030,1,wind_onshore,0.043718767008723694
45,18,2030,1,wind_onshore,0.049050521677761263
45,19,2030,1,wind_onshore,0.05273359623137167
45,20,2030,1,wind_onshore,0.05693133382216467
45,21,2030,1,wind_onshore,0.06467064333958508
45,22,2030,1,wind_onshore,0.07617545447775607
45,23,2030,1,wind_onshore,0.08284370838369631
45,24,2030,1,wind_onshore,0.08978390041651735
46,1,2030,1,demand,0.6133894860171959
46,2,2030,1,demand,0.5927037231515515
46,3,2030,1,demand,0.5816982257609368
46,4,2030,1,demand,0.5820089944311684
46,5,2030,1,demand,0.5730395676386225
46,6,2030,1,demand,0.5754399877121353
46,7,2030,1,demand,0.5837057199295591
46,8,2030,1,demand,0.6884883426028127
46,9,2030,1,demand,0.741008247871949
46,10,2030,1,demand,0.7766180510160707
46,11,2030,1,demand,0.7817868126922212
46,12,2030,1,demand,0.7802651178241906
46,13,2030,1,demand,0.8012402170379817
46,14,2030,1,demand,0.7930566420552169
46,15,2030,1,demand,0.779857903704577
46,16,2030,1,demand,0.7558465588620866
46,17,2030,1,demand,0.7206332536765363
46,18,2030,1,demand,0.7208332886826624
46,19,2030,1,demand,0.6970505552757447
46,20,2030,1,demand,0.6656807798507596
46,21,2030,1,demand,0.6314283571053506
46,22,2030,1,demand,0.6137359752242356
46,23,2030,1,demand,0.6712388953781199
46,24,2030,1,demand,0.6224089215612733
46,1,2030,1,solar,0.0
46,2,2030,1,solar,0.0
46,3,2030,1,solar,0.0
46,4,2030,1,solar,0.0
46,5,2030,1,solar,0.00022999999999999998
46,6,2030,1,solar,0.022855
46,7,2030,1,solar,0.10304250000000001
46,8,2030,1,solar,0.1841775
46,9,2030,1,solar,0.275665
46,10,2030,1,solar,0.36809000000000003
46,11,2030,1,solar,0.43306749999999994
46,12,2030,1,solar,0.46985
46,13,2030,1,solar,0.47914999999999996
46,14,2030,1,solar,0.47681
46,15,2030,1,solar,0.46575500000000003
46,16,2030,1,solar,0.44043750000000004
46,17,2030,1,solar,0.39779000000000003
46,18,2030,1,solar,0.33330499999999996
46,19,2030,1,solar,0.228825
46,20,2030,1,solar,0.08104499999999999
46,21,2030,1,solar,0.0066725000000000005
46,22,2030,1,solar,0.0
46,23,2030,1,solar,0.0
46,24,2030,1,solar,0.0
46,1,2030,1,wind_offshore,0.12534258924536637
46,2,2030,1,wind_offshore,0.0957577153195235
46,3,2030,1,wind_offshore,0.06735724201982576
46,4,2030,1,wind_offshore,0.04705408107471978
46,5,2030,1,wind_offshore,0.03411559754643882
46,6,2030,1,wind_offshore,0.025506903790333425
46,7,2030,1,wind_offshore,0.017755846500122824
46,8,2030,1,wind_offshore,0.010925813561403494
46,9,2030,1,wind_offshore,0.006694431184210529
46,10,2030,1,wind_offshore,0.004931887567251431
46,11,2030,1,wind_offshore,0.0035098179766081495
46,12,2030,1,wind_offshore,0.0021529353157894713
46,13,2030,1,wind_offshore,0.0012546064646429256
46,14,2030,1,wind_offshore,0.0005085672950522897
46,15,2030,1,wind_offshore,0.0005700409408912496
46,16,2030,1,wind_offshore,0.001949865874266815
46,17,2030,1,wind_offshore,0.007921513213021451
46,18,2030,1,wind_offshore,0.020777914288648433
46,19,2030,1,wind_offshore,0.035060857862885514
46,20,2030,1,wind_offshore,0.05448395872272425
46,21,2030,1,wind_offshore,0.06915715636282735
46,22,2030,1,wind_offshore,0.07249556180365184
46,23,2030,1,wind_offshore,0.05972759557067748
46,24,2030,1,wind_offshore,0.03534660504411175
46,1,2030,1,wind_onshore,0.01606237855551828
46,2,2030,1,wind_onshore,0.015668267228254273
46,3,2030,1,wind_onshore,0.013496367530231724
46,4,2030,1,wind_onshore,0.01117896659344578
46,5,2030,1,wind_onshore,0.009314382283393506
46,6,2030,1,wind_onshore,0.008297265449375205
46,7,2030,1,wind_onshore,0.0037647328435778285
46,8,2030,1,wind_onshore,0.0011578591510271099
46,9,2030,1,wind_onshore,0.00019800507026692646
46,10,2030,1,wind_onshore,0.00010508510086588388
46,11,2030,1,wind_onshore,5.3847023669699774e-5
46,12,2030,1,wind_onshore,2.589956331877729e-6
46,13,2030,1,wind_onshore,2.589956331877729e-6
46,14,2030,1,wind_onshore,3.308857949829758e-5
46,15,2030,1,wind_onshore,0.00010902163539068906
46,16,2030,1,wind_onshore,0.0005677508213156323
46,17,2030,1,wind_onshore,0.003714565978415657
46,18,2030,1,wind_onshore,0.011664056588275351
46,19,2030,1,wind_onshore,0.022525695851690567
46,20,2030,1,wind_onshore,0.03882031302426264
46,21,2030,1,wind_onshore,0.053965541311540105
46,22,2030,1,wind_onshore,0.06550905280830462
46,23,2030,1,wind_onshore,0.05586972373494708
46,24,2030,1,wind_onshore,0.03824143019572893
47,1,2030,1,demand,0.6302960160885298
47,2,2030,1,demand,0.6046879632507117
47,3,2030,1,demand,0.5955470778814865
47,4,2030,1,demand,0.5936967540748203
47,5,2030,1,demand,0.5938753567588614
47,6,2030,1,demand,0.5751720836860736
47,7,2030,1,demand,0.6276241199352744
47,8,2030,1,demand,0.6909530596425804
47,9,2030,1,demand,0.7408117849195037
47,10,2030,1,demand,0.7878771642180239
47,11,2030,1,demand,0.7957499705305571
47,12,2030,1,demand,0.7835978439083984
47,13,2030,1,demand,0.7785398158963533
47,14,2030,1,demand,0.7714814378230477
47,15,2030,1,demand,0.7692096116820444
47,16,2030,1,demand,0.7657054270211573
47,17,2030,1,demand,0.771009926737179
47,18,2030,1,demand,0.8086665166404121
47,19,2030,1,demand,0.8051944804626524
47,20,2030,1,demand,0.7700847648338459
47,21,2030,1,demand,0.7340427431943447
47,22,2030,1,demand,0.710888691235252
47,23,2030,1,demand,0.6810834753224672
47,24,2030,1,demand,0.6427731995956436
47,1,2030,1,solar,0.0
47,2,2030,1,solar,0.0
47,3,2030,1,solar,0.0
47,4,2030,1,solar,0.0
47,5,2030,1,solar,0.0
47,6,2030,1,solar,0.0
47,7,2030,1,solar,0.0
47,8,2030,1,solar,0.0017375
47,9,2030,1,solar,0.024237500000000002
47,10,2030,1,solar,0.05802499999999999
47,11,2030,1,solar,0.09952749999999999
47,12,2030,1,solar,0.1326775
47,13,2030,1,solar,0.14788250000000003
47,14,2030,1,solar,0.13924750000000002
47,15,2030,1,solar,0.12012
47,16,2030,1,solar,0.085695
47,17,2030,1,solar,0.0288875
47,18,2030,1,solar,0.000155
47,19,2030,1,solar,0.0
47,20,2030,1,solar,0.0
47,21,2030,1,solar,0.0
47,22,2030,1,solar,0.0
47,23,2030,1,solar,0.0
47,24,2030,1,solar,0.0
47,1,2030,1,wind_offshore,0.8332410966272091
47,2,2030,1,wind_offshore,0.7879966973355161
47,3,2030,1,wind_offshore,0.7309949641415573
47,4,2030,1,wind_offshore,0.6535748554959857
47,5,2030,1,wind_offshore,0.5902487244447634
47,6,2030,1,wind_offshore,0.5449828253863661
47,7,2030,1,wind_offshore,0.5076852060785144
47,8,2030,1,wind_offshore,0.47794410167675105
47,9,2030,1,wind_offshore,0.4598437376455416
47,10,2030,1,wind_offshore,0.5119593922012609
47,11,2030,1,wind_offshore,0.554809772671907
47,12,2030,1,wind_offshore,0.5992798822371653
47,13,2030,1,wind_offshore,0.6864448497876035
47,14,2030,1,wind_offshore,0.7771521216435358
47,15,2030,1,wind_offshore,0.828229345934093
47,16,2030,1,wind_offshore,0.8706863378065757
47,17,2030,1,wind_offshore,0.9000545380759435
47,18,2030,1,wind_offshore,0.9182094474575105
47,19,2030,1,wind_offshore,0.9305743144068961
47,20,2030,1,wind_offshore,0.9366583346648953
47,21,2030,1,wind_offshore,0.9425859605615888
47,22,2030,1,wind_offshore,0.9405188288964889
47,23,2030,1,wind_offshore,0.9417371941101671
47,24,2030,1,wind_offshore,0.9408491061700301
47,1,2030,1,wind_onshore,0.2909512801206016
47,2,2030,1,wind_onshore,0.28296655372230045
47,3,2030,1,wind_onshore,0.2712448324746914
47,4,2030,1,wind_onshore,0.2552794681159022
47,5,2030,1,wind_onshore,0.24271596719621424
47,6,2030,1,wind_onshore,0.2307568625211817
47,7,2030,1,wind_onshore,0.22329764361635573
47,8,2030,1,wind_onshore,0.21608625575031096
47,9,2030,1,wind_onshore,0.20819068106820435
47,10,2030,1,wind_onshore,0.19616941636728605
47,11,2030,1,wind_onshore,0.19813448236371123
47,12,2030,1,wind_onshore,0.19932137672301417
47,13,2030,1,wind_onshore,0.21980636820488209
47,14,2030,1,wind_onshore,0.225589320408849
47,15,2030,1,wind_onshore,0.23012865506819055
47,16,2030,1,wind_onshore,0.2363133133696795
47,17,2030,1,wind_onshore,0.26739117701845455
47,18,2030,1,wind_onshore,0.3094171952303306
47,19,2030,1,wind_onshore,0.39560869233802043
47,20,2030,1,wind_onshore,0.45439628656008746
47,21,2030,1,wind_onshore,0.5230114091660146
47,22,2030,1,wind_onshore,0.5612668743549347
47,23,2030,1,wind_onshore,0.5927908551657226
47,24,2030,1,wind_onshore,0.5650514712864112
48,1,2030,1,demand,0.5965293926437127
48,2,2030,1,demand,0.5763187129176177
48,3,2030,1,demand,0.5630413893859997
48,4,2030,1,demand,0.5527288704094646
48,5,2030,1,demand,0.545970544845348
48,6,2030,1,demand,0.5042525299070195
48,7,2030,1,demand,0.5253955156438092
48,8,2030,1,demand,0.5698390075406053
48,9,2030,1,demand,0.6076420516447522
48,10,2030,1,demand,0.6363149265407161
48,11,2030,1,demand,0.6565827591257041
48,12,2030,1,demand,0.6768791681401388
48,13,2030,1,demand,0.6838196684419773
48,14,2030,1,demand,0.6603834242420995
48,15,2030,1,demand,0.6710138559962279
48,16,2030,1,demand,0.6789973959728667
48,17,2030,1,demand,0.6890634432454252
48,18,2030,1,demand,0.6935035059706878
48,19,2030,1,demand,0.6971434286714461
48,20,2030,1,demand,0.6853270750952846
48,21,2030,1,demand,0.6784508717597009
48,22,2030,1,demand,0.6471811138377789
48,23,2030,1,demand,0.6117927780218682
48,24,2030,1,demand,0.5677279238152392
48,1,2030,1,solar,0.0
48,2,2030,1,solar,0.0
48,3,2030,1,solar,0.0
48,4,2030,1,solar,0.0
48,5,2030,1,solar,0.0
48,6,2030,1,solar,0.0008025
48,7,2030,1,solar,0.0225575
48,8,2030,1,solar,0.071145
48,9,2030,1,solar,0.1360725
48,10,2030,1,solar,0.21362000000000003
48,11,2030,1,solar,0.28327749999999996
48,12,2030,1,solar,0.33547000000000005
48,13,2030,1,solar,0.363985
48,14,2030,1,solar,0.37540500000000004
48,15,2030,1,solar,0.3783975
48,16,2030,1,solar,0.36987
48,17,2030,1,solar,0.35233
48,18,2030,1,solar,0.3037775
48,19,2030,1,solar,0.14461
48,20,2030,1,solar,0.018244999999999997
48,21,2030,1,solar,0.0
48,22,2030,1,solar,0.0
48,23,2030,1,solar,0.0
48,24,2030,1,solar,0.0
48,1,2030,1,wind_offshore,0.9475107908857127
48,2,2030,1,wind_offshore,0.9396259165053353
48,3,2030,1,wind_offshore,0.9234903967780513
48,4,2030,1,wind_offshore,0.9054187404346166
48,5,2030,1,wind_offshore,0.8784369488892319
48,6,2030,1,wind_offshore,0.8242440861691488
48,7,2030,1,wind_offshore,0.7793551935343702
48,8,2030,1,wind_offshore,0.744836239000832
48,9,2030,1,wind_offshore,0.7033218585683977
48,10,2030,1,wind_offshore,0.7086542673769497
48,11,2030,1,wind_offshore,0.694327774994796
48,12,2030,1,wind_offshore,0.7174858562466611
48,13,2030,1,wind_offshore,0.7344581865307543
48,14,2030,1,wind_offshore,0.7477894759336556
48,15,2030,1,wind_offshore,0.7398422498577788
48,16,2030,1,wind_offshore,0.7233230663013396
48,17,2030,1,wind_offshore,0.6938367781415533
48,18,2030,1,wind_offshore,0.6439920587806179
48,19,2030,1,wind_offshore,0.5786868032181799
48,20,2030,1,wind_offshore,0.520889777552875
48,21,2030,1,wind_offshore,0.4693576400202589
48,22,2030,1,wind_offshore,0.4277658683785225
48,23,2030,1,wind_offshore,0.40931969894091264
48,24,2030,1,wind_offshore,0.3859147898199591
48,1,2030,1,wind_onshore,0.8208856265981301
48,2,2030,1,wind_onshore,0.8020520800565221
48,3,2030,1,wind_onshore,0.7757513115857575
48,4,2030,1,wind_onshore,0.735623660437149
48,5,2030,1,wind_onshore,0.6831442846588112
48,6,2030,1,wind_onshore,0.6068313982659156
48,7,2030,1,wind_onshore,0.47442056317938586
48,8,2030,1,wind_onshore,0.3759478550309171
48,9,2030,1,wind_onshore,0.30986755746376415
48,10,2030,1,wind_onshore,0.2856888482706403
48,11,2030,1,wind_onshore,0.26624649694858255
48,12,2030,1,wind_onshore,0.2650139152367476
48,13,2030,1,wind_onshore,0.28604384533084126
48,14,2030,1,wind_onshore,0.3117769959994801
48,15,2030,1,wind_onshore,0.34359724735992797
48,16,2030,1,wind_onshore,0.3619425840924544
48,17,2030,1,wind_onshore,0.37159293907838564
48,18,2030,1,wind_onshore,0.39169512311928156
48,19,2030,1,wind_onshore,0.3963457322031976
48,20,2030,1,wind_onshore,0.34220544717850016
48,21,2030,1,wind_onshore,0.2831912130947221
48,22,2030,1,wind_onshore,0.24102410584440853
48,23,2030,1,wind_onshore,0.23867552179898893
48,24,2030,1,wind_onshore,0.2298898188482426
49,1,2030,1,demand,0.6273740761776169
49,2,2030,1,demand,0.607341999135563
49,3,2030,1,demand,0.6006836910745095
49,4,2030,1,demand,0.6021696654057317
49,5,2030,1,demand,0.6141289011291261
49,6,2030,1,demand,0.6411979239224008
49,7,2030,1,demand,0.6287886094352226
49,8,2030,1,demand,0.7567681487117388
49,9,2030,1,demand,0.8062053716543253
49,10,2030,1,demand,0.8396469382141876
49,11,2030,1,demand,0.8459730452829245
49,12,2030,1,demand,0.8202685469957243
49,13,2030,1,demand,0.8279234580337274
49,14,2030,1,demand,0.8255909069801501
49,15,2030,1,demand,0.7930959346457058
49,16,2030,1,demand,0.7640301338448514
49,17,2030,1,demand,0.7154359155709392
49,18,2030,1,demand,0.7143392950909266
49,19,2030,1,demand,0.7067593971802208
49,20,2030,1,demand,0.7139606574007595
49,21,2030,1,demand,0.7104314683641065
49,22,2030,1,demand,0.6497672807026944
49,23,2030,1,demand,0.7097313458426654
49,24,2030,1,demand,0.6604405771009927
49,1,2030,1,solar,0.0
49,2,2030,1,solar,0.0
49,3,2030,1,solar,0.0
49,4,2030,1,solar,0.0
49,5,2030,1,solar,0.0
49,6,2030,1,solar,0.00011
49,7,2030,1,solar,0.015595000000000001
49,8,2030,1,solar,0.0657
49,9,2030,1,solar,0.1290975
49,10,2030,1,solar,0.21626499999999999
49,11,2030,1,solar,0.2897375
49,12,2030,1,solar,0.33533999999999997
49,13,2030,1,solar,0.37719749999999996
49,14,2030,1,solar,0.40799250000000004
49,15,2030,1,solar,0.435295
49,16,2030,1,solar,0.41627
49,17,2030,1,solar,0.3759275
49,18,2030,1,solar,0.2796125
49,19,2030,1,solar,0.08349
49,20,2030,1,solar,0.002565
49,21,2030,1,solar,0.0
49,22,2030,1,solar,0.0
49,23,2030,1,solar,0.0
49,24,2030,1,solar,0.0
49,1,2030,1,wind_offshore,0.659454712702612
49,2,2030,1,wind_offshore,0.6302474009016258
49,3,2030,1,wind_offshore,0.5799383354175317
49,4,2030,1,wind_offshore,0.5243990435638726
49,5,2030,1,wind_offshore,0.4496801621223587
49,6,2030,1,wind_offshore,0.37633941480452016
49,7,2030,1,wind_offshore,0.32983381182330307
49,8,2030,1,wind_offshore,0.3191281900062207
49,9,2030,1,wind_offshore,0.35328499234628974
49,10,2030,1,wind_offshore,0.39329283668287257
49,11,2030,1,wind_offshore,0.3636188132176563
49,12,2030,1,wind_offshore,0.2793061864320009
49,13,2030,1,wind_offshore,0.20954220896028825
49,14,2030,1,wind_offshore,0.15005149173500182
49,15,2030,1,wind_offshore,0.0953397456189221
49,16,2030,1,wind_offshore,0.05666932968680265
49,17,2030,1,wind_offshore,0.02922156915673547
49,18,2030,1,wind_offshore,0.010170737996054658
49,19,2030,1,wind_offshore,0.0038158570667364234
49,20,2030,1,wind_offshore,0.007682282548199242
49,21,2030,1,wind_offshore,0.03383008007664828
49,22,2030,1,wind_offshore,0.0745137830559843
49,23,2030,1,wind_offshore,0.11497533455270478
49,24,2030,1,wind_offshore,0.13599774966771833
49,1,2030,1,wind_onshore,0.2591301570539429
49,2,2030,1,wind_onshore,0.23471301724547516
49,3,2030,1,wind_onshore,0.20969933890686385
49,4,2030,1,wind_onshore,0.17899004444124283
49,5,2030,1,wind_onshore,0.15515576537642733
49,6,2030,1,wind_onshore,0.12760068202956046
49,7,2030,1,wind_onshore,0.09915863064269456
49,8,2030,1,wind_onshore,0.07467973709841458
49,9,2030,1,wind_onshore,0.07204217327959975
49,10,2030,1,wind_onshore,0.08076726694939199
49,11,2030,1,wind_onshore,0.07609038078046407
49,12,2030,1,wind_onshore,0.06385283770012398
49,13,2030,1,wind_onshore,0.056635940163413424
49,14,2030,1,wind_onshore,0.0449341350098953
49,15,2030,1,wind_onshore,0.03367609118579948
49,16,2030,1,wind_onshore,0.024829359135469683
49,17,2030,1,wind_onshore,0.01474709520427569
49,18,2030,1,wind_onshore,0.005679971068788855
49,19,2030,1,wind_onshore,0.005971643939843641
49,20,2030,1,wind_onshore,0.020198483153799972
49,21,2030,1,wind_onshore,0.044351557352436365
49,22,2030,1,wind_onshore,0.07318440256475675
49,23,2030,1,wind_onshore,0.08594562970553286
49,24,2030,1,wind_onshore,0.07904050497775755
50,1,2030,1,demand,0.6031698404363621
50,2,2030,1,demand,0.5876921318373572
50,3,2030,1,demand,0.5839128990430469
50,4,2030,1,demand,0.5842843926258524
50,5,2030,1,demand,0.5761258220188533
50,6,2030,1,demand,0.5954220560026577
50,7,2030,1,demand,0.6132573200310055
50,8,2030,1,demand,0.7389185964686678
50,9,2030,1,demand,0.8104561155345043
50,10,2030,1,demand,0.8292558340566742
50,11,2030,1,demand,0.8310168565213198
50,12,2030,1,demand,0.80657329318345
50,13,2030,1,demand,0.8226725391229179
50,14,2030,1,demand,0.8173966158363428
50,15,2030,1,demand,0.8106204300038222
50,16,2030,1,demand,0.7615939932345305
50,17,2030,1,demand,0.7096206121785599
50,18,2030,1,demand,0.7103278788073628
50,19,2030,1,demand,0.7045518680054724
50,20,2030,1,demand,0.6711031573382484
50,21,2030,1,demand,0.6576079385321003
50,22,2030,1,demand,0.6238627474093681
50,23,2030,1,demand,0.6682990951988026
50,24,2030,1,demand,0.6186832695721751
50,1,2030,1,solar,0.0
50,2,2030,1,solar,0.0
50,3,2030,1,solar,0.0
50,4,2030,1,solar,0.0
50,5,2030,1,solar,0.0014000000000000002
50,6,2030,1,solar,0.041955
50,7,2030,1,solar,0.13962750000000002
50,8,2030,1,solar,0.2258375
50,9,2030,1,solar,0.309775
50,10,2030,1,solar,0.402555
50,11,2030,1,solar,0.466995
50,12,2030,1,solar,0.504555
50,13,2030,1,solar,0.49503749999999996
50,14,2030,1,solar,0.46984
50,15,2030,1,solar,0.43162249999999996
50,16,2030,1,solar,0.37684249999999997
50,17,2030,1,solar,0.30619749999999996
50,18,2030,1,solar,0.22213
50,19,2030,1,solar,0.1503225
50,20,2030,1,solar,0.0562
50,21,2030,1,solar,0.0046625
50,22,2030,1,solar,0.0
50,23,2030,1,solar,0.0
50,24,2030,1,solar,0.0
50,1,2030,1,wind_offshore,0.43925381497820504
50,2,2030,1,wind_offshore,0.4395754379311884
50,3,2030,1,wind_offshore,0.3934840570454995
50,4,2030,1,wind_offshore,0.34310784788225046
50,5,2030,1,wind_offshore,0.2910322317207422
50,6,2030,1,wind_offshore,0.2521633000893009
50,7,2030,1,wind_offshore,0.23832322348425977
50,8,2030,1,wind_offshore,0.2390612513479683
50,9,2030,1,wind_offshore,0.23979907232639514
50,10,2030,1,wind_offshore,0.24096408184121768
50,11,2030,1,wind_offshore,0.21206442458687247
50,12,2030,1,wind_offshore,0.17015745728971696
50,13,2030,1,wind_offshore,0.15165383117622727
50,14,2030,1,wind_offshore,0.1305302975478547
50,15,2030,1,wind_offshore,0.11000872673071416
50,16,2030,1,wind_offshore,0.0833077232330929
50,17,2030,1,wind_offshore,0.0562316886610751
50,18,2030,1,wind_offshore,0.03355831467993769
50,19,2030,1,wind_offshore,0.01799632718799849
50,20,2030,1,wind_offshore,0.01253437644468361
50,21,2030,1,wind_offshore,0.014193225727003564
50,22,2030,1,wind_offshore,0.017238066622666935
50,23,2030,1,wind_offshore,0.018674002807521697
50,24,2030,1,wind_offshore,0.017220928164815713
50,1,2030,1,wind_onshore,0.13269318851542736
50,2,2030,1,wind_onshore,0.14389535527114347
50,3,2030,1,wind_onshore,0.1479798616363829
50,4,2030,1,wind_onshore,0.142980490951794
50,5,2030,1,wind_onshore,0.12937854250326072
50,6,2030,1,wind_onshore,0.110417570417629
50,7,2030,1,wind_onshore,0.09051679815485159
50,8,2030,1,wind_onshore,0.08250116574744741
50,9,2030,1,wind_onshore,0.09519880119037796
50,10,2030,1,wind_onshore,0.11546156304470326
50,11,2030,1,wind_onshore,0.11584956212179988
50,12,2030,1,wind_onshore,0.10513692875039207
50,13,2030,1,wind_onshore,0.10068324139173647
50,14,2030,1,wind_onshore,0.0879787200888192
50,15,2030,1,wind_onshore,0.07314879429015782
50,16,2030,1,wind_onshore,0.05844446460754913
50,17,2030,1,wind_onshore,0.041896425543616056
50,18,2030,1,wind_onshore,0.026553294220563312
50,19,2030,1,wind_onshore,0.012811705178979112
50,20,2030,1,wind_onshore,0.00736908177520291
50,21,2030,1,wind_onshore,0.00782866057669062
50,22,2030,1,wind_onshore,0.011119599735932798
50,23,2030,1,wind_onshore,0.013655591542065155
50,24,2030,1,wind_onshore,0.016205008002026358
51,1,2030,1,demand,0.6053845137184721
51,2,2030,1,demand,0.5796835874849527
51,3,2030,1,demand,0.5725323360159457
51,4,2030,1,demand,0.569542527085097
51,5,2030,1,demand,0.5771367132105262
51,6,2030,1,demand,0.6070312304653315
51,7,2030,1,demand,0.6020910802247535
51,8,2030,1,demand,0.7183435672671289
51,9,2030,1,demand,0.7522673610739022
51,10,2030,1,demand,0.7901847108958353
51,11,2030,1,demand,0.8016117106207873
51,12,2030,1,demand,0.7645159331454434
51,13,2030,1,demand,0.7766823479823255
51,14,2030,1,demand,0.7729674121542699
51,15,2030,1,demand,0.7486845912320371
51,16,2030,1,demand,0.7248768534493537
51,17,2030,1,demand,0.6812513618454659
51,18,2030,1,demand,0.6799297019835615
51,19,2030,1,demand,0.6816621480187605
51,20,2030,1,demand,0.6926426410336094
51,21,2030,1,demand,0.6600690835181872
51,22,2030,1,demand,0.6180367278559462
51,23,2030,1,demand,0.6680811999242725
51,24,2030,1,demand,0.622658965318931
51,1,2030,1,solar,0.0
51,2,2030,1,solar,0.0
51,3,2030,1,solar,0.0
51,4,2030,1,solar,0.0
51,5,2030,1,solar,0.0
51,6,2030,1,solar,0.0
51,7,2030,1,solar,0.002985
51,8,2030,1,solar,0.030804999999999996
51,9,2030,1,solar,0.070045
51,10,2030,1,solar,0.12719
51,11,2030,1,solar,0.18335249999999997
51,12,2030,1,solar,0.22268500000000002
51,13,2030,1,solar,0.2430525
51,14,2030,1,solar,0.24424249999999997
51,15,2030,1,solar,0.232525
51,16,2030,1,solar,0.2117525
51,17,2030,1,solar,0.17628499999999997
51,18,2030,1,solar,0.09829500000000001
51,19,2030,1,solar,0.015280000000000002
51,20,2030,1,solar,0.0
51,21,2030,1,solar,0.0
51,22,2030,1,solar,0.0
51,23,2030,1,solar,0.0
51,24,2030,1,solar,0.0
51,1,2030,1,wind_offshore,0.691618001468073
51,2,2030,1,wind_offshore,0.6207550171286335
51,3,2030,1,wind_offshore,0.5415222041355114
51,4,2030,1,wind_offshore,0.478588075772369
51,5,2030,1,wind_offshore,0.46310568771164023
51,6,2030,1,wind_offshore,0.45466612852613913
51,7,2030,1,wind_offshore,0.4632404202834083
51,8,2030,1,wind_offshore,0.46881805491172707
51,9,2030,1,wind_offshore,0.46640167091855506
51,10,2030,1,wind_offshore,0.4477544164700557
51,11,2030,1,wind_offshore,0.42290293076645663
51,12,2030,1,wind_offshore,0.38728495754670406
51,13,2030,1,wind_offshore,0.37224695840498284
51,14,2030,1,wind_offshore,0.366346220275485
51,15,2030,1,wind_offshore,0.3806546638171621
51,16,2030,1,wind_offshore,0.3915466837374929
51,17,2030,1,wind_offshore,0.4107441774097684
51,18,2030,1,wind_offshore,0.4065858947447393
51,19,2030,1,wind_offshore,0.393984660133096
51,20,2030,1,wind_offshore,0.35469950118128235
51,21,2030,1,wind_offshore,0.31203581822582505
51,22,2030,1,wind_offshore,0.24969123855072473
51,23,2030,1,wind_offshore,0.19671331639632045
51,24,2030,1,wind_offshore,0.13609800954105425
51,1,2030,1,wind_onshore,0.1783879216131273
51,2,2030,1,wind_onshore,0.15363241536454197
51,3,2030,1,wind_onshore,0.13605205712681492
51,4,2030,1,wind_onshore,0.1201717630599152
51,5,2030,1,wind_onshore,0.10911320423542938
51,6,2030,1,wind_onshore,0.10390267087806469
51,7,2030,1,wind_onshore,0.10899853078579602
51,8,2030,1,wind_onshore,0.10541166170338245
51,9,2030,1,wind_onshore,0.09265607574334137
51,10,2030,1,wind_onshore,0.09739196889966104
51,11,2030,1,wind_onshore,0.09534628196026897
51,12,2030,1,wind_onshore,0.09365190621418128
51,13,2030,1,wind_onshore,0.10589813898169331
51,14,2030,1,wind_onshore,0.12206213770005929
51,15,2030,1,wind_onshore,0.14017616986659137
51,16,2030,1,wind_onshore,0.1543790538147233
51,17,2030,1,wind_onshore,0.1653390958850646
51,18,2030,1,wind_onshore,0.18225413880619964
51,19,2030,1,wind_onshore,0.18172200228256277
51,20,2030,1,wind_onshore,0.17618054429591967
51,21,2030,1,wind_onshore,0.15269013679809937
51,22,2030,1,wind_onshore,0.11901469194158444
51,23,2030,1,wind_onshore,0.09956722673109006
51,24,2030,1,wind_onshore,0.07618570932598874
52,1,2030,1,demand,0.6854020882225819
52,2,2030,1,demand,0.6696064668459838
52,3,2030,1,demand,0.650278084379052
52,4,2030,1,demand,0.65209268764891
52,5,2030,1,demand,0.654389518165679
52,6,2030,1,demand,0.679736811084797
52,7,2030,1,demand,0.7542427067593972
52,8,2030,1,demand,0.7503277359252155
52,9,2030,1,demand,0.8945529753421134
52,10,2030,1,demand,0.927083668213366
52,11,2030,1,demand,0.9274122971520017
52,12,2030,1,demand,0.9240259902625817
52,13,2030,1,demand,0.8939135777332462
52,14,2030,1,demand,0.909351993741762
52,15,2030,1,demand,0.9124561083903969
52,16,2030,1,demand,0.905483459605431
52,17,2030,1,demand,0.88537636943608
52,18,2030,1,demand,0.8806576865237131
52,19,2030,1,demand,0.8606220374279785
52,20,2030,1,demand,0.8434261710084979
52,21,2030,1,demand,0.8099417398044658
52,22,2030,1,demand,0.758479162424853
52,23,2030,1,demand,0.7025622341052541
52,24,2030,1,demand,0.7806866201585279
52,1,2030,1,solar,0.0
52,2,2030,1,solar,0.0
52,3,2030,1,solar,0.0
52,4,2030,1,solar,0.0
52,5,2030,1,solar,0.0
52,6,2030,1,solar,0.0
52,7,2030,1,solar,0.0
52,8,2030,1,solar,0.0
52,9,2030,1,solar,0.0
52,10,2030,1,solar,0.02204
52,11,2030,1,solar,0.108865
52,12,2030,1,solar,0.15644000000000002
52,13,2030,1,solar,0.1524275
52,14,2030,1,solar,0.17881
52,15,2030,1,solar,0.23184
52,16,2030,1,solar,0.118075
52,17,2030,1,solar,0.008955
52,18,2030,1,solar,0.0
52,19,2030,1,solar,0.0
52,20,2030,1,solar,0.0
52,21,2030,1,solar,0.0
52,22,2030,1,solar,0.0
52,23,2030,1,solar,0.0
52,24,2030,1,solar,0.0
52,1,2030,1,wind_offshore,0.055842119492413196
52,2,2030,1,wind_offshore,0.10915322152409214
52,3,2030,1,wind_offshore,0.2083623896188659
52,4,2030,1,wind_offshore,0.343299090377656
52,5,2030,1,wind_offshore,0.4288981780613024
52,6,2030,1,wind_offshore,0.48651973414305305
52,7,2030,1,wind_offshore,0.5172522129621691
52,8,2030,1,wind_offshore,0.5110267145273889
52,9,2030,1,wind_offshore,0.5382281734144077
52,10,2030,1,wind_offshore,0.6015011305455314
52,11,2030,1,wind_offshore,0.6355430644271204
52,12,2030,1,wind_offshore,0.6726743352913351
52,13,2030,1,wind_offshore,0.7448685633030941
52,14,2030,1,wind_offshore,0.7983279855884411
52,15,2030,1,wind_offshore,0.8161467049763925
52,16,2030,1,wind_offshore,0.8214815405887107
52,17,2030,1,wind_offshore,0.7953069386696295
52,18,2030,1,wind_offshore,0.7773727104003929
52,19,2030,1,wind_offshore,0.7384600583407434
52,20,2030,1,wind_offshore,0.6780114235355768
52,21,2030,1,wind_offshore,0.6203059117211988
52,22,2030,1,wind_offshore,0.5540828065741832
52,23,2030,1,wind_offshore,0.49123856987013365
52,24,2030,1,wind_offshore,0.44142104104996216
52,1,2030,1,wind_onshore,0.07770365316727403
52,2,2030,1,wind_onshore,0.08464286754610842
52,3,2030,1,wind_onshore,0.10763947611719352
52,4,2030,1,wind_onshore,0.16327981150077128
52,5,2030,1,wind_onshore,0.24943085212053123
52,6,2030,1,wind_onshore,0.37767425474044136
52,7,2030,1,wind_onshore,0.4629812919443308
52,8,2030,1,wind_onshore,0.4424731608646733
52,9,2030,1,wind_onshore,0.35024766409029273
52,10,2030,1,wind_onshore,0.25902105621019433
52,11,2030,1,wind_onshore,0.21788010103003647
52,12,2030,1,wind_onshore,0.21344599762162628
52,13,2030,1,wind_onshore,0.25524167055920816
52,14,2030,1,wind_onshore,0.2922624810672091
52,15,2030,1,wind_onshore,0.31988386095908194
52,16,2030,1,wind_onshore,0.33295791744571274
52,17,2030,1,wind_onshore,0.3174893241828747
52,18,2030,1,wind_onshore,0.2927298527207301
52,19,2030,1,wind_onshore,0.2670091587615566
52,20,2030,1,wind_onshore,0.24009664506235137
52,21,2030,1,wind_onshore,0.21558261711543442
52,22,2030,1,wind_onshore,0.18782045450720308
52,23,2030,1,wind_onshore,0.16310878784337682
52,24,2030,1,wind_onshore,0.1354244265888518
53,1,2030,1,demand,0.6269311415211948
53,2,2030,1,demand,0.6117927780218682
53,3,2030,1,demand,0.6058274483748942
53,4,2030,1,demand,0.6113819918485736
53,5,2030,1,demand,0.6268025475886853
53,6,2030,1,demand,0.723519473050641
53,7,2030,1,demand,0.7112780450864615
53,8,2030,1,demand,0.8155069994391876
53,9,2030,1,demand,0.867201760308054
53,10,2030,1,demand,0.8881125625555901
53,11,2030,1,demand,0.8703201631714123
53,12,2030,1,demand,0.8386860557740462
53,13,2030,1,demand,0.8503702433640173
53,14,2030,1,demand,0.8485413518794361
53,15,2030,1,demand,0.8317241231501228
53,16,2030,1,demand,0.7867162467717566
53,17,2030,1,demand,0.7936353147515102
53,18,2030,1,demand,0.8251336841090049
53,19,2030,1,demand,0.8211365560401642
53,20,2030,1,demand,0.786626945429736
53,21,2030,1,demand,0.7269129240474226
53,22,2030,1,demand,0.6674239420470011
53,23,2030,1,demand,0.7175398551889438
53,24,2030,1,demand,0.6702208600790853
53,1,2030,1,solar,0.0
53,2,2030,1,solar,0.0
53,3,2030,1,solar,0.0
53,4,2030,1,solar,0.0
53,5,2030,1,solar,0.0
53,6,2030,1,solar,0.0
53,7,2030,1,solar,0.0
53,8,2030,1,solar,0.00288
53,9,2030,1,solar,0.05903
53,10,2030,1,solar,0.1544375
53,11,2030,1,solar,0.197865
53,12,2030,1,solar,0.21342499999999998
53,13,2030,1,solar,0.21903499999999998
53,14,2030,1,solar,0.2181125
53,15,2030,1,solar,0.2136425
53,16,2030,1,solar,0.16118749999999998
53,17,2030,1,solar,0.045735
53,18,2030,1,solar,0.0
53,19,2030,1,solar,0.0
53,20,2030,1,solar,0.0
53,21,2030,1,solar,0.0
53,22,2030,1,solar,0.0
53,23,2030,1,solar,0.0
53,24,2030,1,solar,0.0
53,1,2030,1,wind_offshore,0.8859072967596907
53,2,2030,1,wind_offshore,0.8925149832962418
53,3,2030,1,wind_offshore,0.9035950187430609
53,4,2030,1,wind_offshore,0.9106471025549007
53,5,2030,1,wind_offshore,0.9148397081335462
53,6,2030,1,wind_offshore,0.9206294518379595
53,7,2030,1,wind_offshore,0.922507569496602
53,8,2030,1,wind_offshore,0.9299911503514504
53,9,2030,1,wind_offshore,0.935659508461165
53,10,2030,1,wind_offshore,0.939405216341791
53,11,2030,1,wind_offshore,0.9387793162061003
53,12,2030,1,wind_offshore,0.937519892717902
53,13,2030,1,wind_offshore,0.9364699099731888
53,14,2030,1,wind_offshore,0.9382069533536288
53,15,2030,1,wind_offshore,0.9399083082457519
53,16,2030,1,wind_offshore,0.9420414530769411
53,17,2030,1,wind_offshore,0.9433953710877493
53,18,2030,1,wind_offshore,0.9426024262754442
53,19,2030,1,wind_offshore,0.9444317694191435
53,20,2030,1,wind_offshore,0.9443499073159747
53,21,2030,1,wind_offshore,0.9463918806000162
53,22,2030,1,wind_offshore,0.9448635389823957
53,23,2030,1,wind_offshore,0.9451189341373945
53,24,2030,1,wind_offshore,0.9466176252383525
53,1,2030,1,wind_onshore,0.2739277426187632
53,2,2030,1,wind_onshore,0.292773263967966
53,3,2030,1,wind_onshore,0.3142429067868113
53,4,2030,1,wind_onshore,0.3368477589344081
53,5,2030,1,wind_onshore,0.3564411426208845
53,6,2030,1,wind_onshore,0.37339330612181476
53,7,2030,1,wind_onshore,0.39999192218749335
53,8,2030,1,wind_onshore,0.4363045474468865
53,9,2030,1,wind_onshore,0.4750370879413445
53,10,2030,1,wind_onshore,0.4840421518601343
53,11,2030,1,wind_onshore,0.4703678349675176
53,12,2030,1,wind_onshore,0.4470811102049976
53,13,2030,1,wind_onshore,0.4608489489337903
53,14,2030,1,wind_onshore,0.47985767254878503
53,15,2030,1,wind_onshore,0.5041246648581859
53,16,2030,1,wind_onshore,0.5793417880306647
53,17,2030,1,wind_onshore,0.7402374202083835
53,18,2030,1,wind_onshore,0.8333617611963078
53,19,2030,1,wind_onshore,0.8753795417028718
53,20,2030,1,wind_onshore,0.8874498108732566
53,21,2030,1,wind_onshore,0.8881131833811049
53,22,2030,1,wind_onshore,0.8803903416207157
53,23,2030,1,wind_onshore,0.8806594322043607
53,24,2030,1,wind_onshore,0.8747089495485418
54,1,2030,1,demand,0.6837017906705102
54,2,2030,1,demand,0.658218759711521
54,3,2030,1,demand,0.6520212465752936
54,4,2030,1,demand,0.6584723755228594
54,5,2030,1,demand,0.6756218052444892
54,6,2030,1,demand,0.7059592571557166
54,7,2030,1,demand,0.7086561576847378
54,8,2030,1,demand,0.8517919207289848
54,9,2030,1,demand,0.9041082189383142
54,10,2030,1,demand,0.9206182510510769
54,11,2030,1,demand,0.9141885544255959
54,12,2030,1,demand,0.8784930219931345
54,13,2030,1,demand,0.8901593493147015
54,14,2030,1,demand,0.8837653732260289
54,15,2030,1,demand,0.8751067151037146
54,16,2030,1,demand,0.8655514715075139
54,17,2030,1,demand,0.858053730831467
54,18,2030,1,demand,0.8572142982164737
54,19,2030,1,demand,0.8561712585416733
54,20,2030,1,demand,0.8243978410507553
54,21,2030,1,demand,0.773610381816818
54,22,2030,1,demand,0.696821943840172
54,23,2030,1,demand,0.750459901911406
54,24,2030,1,demand,0.6969969744705323
54,1,2030,1,solar,0.0
54,2,2030,1,solar,0.0
54,3,2030,1,solar,0.0
54,4,2030,1,solar,0.0
54,5,2030,1,solar,0.0
54,6,2030,1,solar,0.0
54,7,2030,1,solar,0.0
54,8,2030,1,solar,0.0
54,9,2030,1,solar,0.0122075
54,10,2030,1,solar,0.138655
54,11,2030,1,solar,0.235395
54,12,2030,1,solar,0.2110475
54,13,2030,1,solar,0.1908025
54,14,2030,1,solar,0.21279750000000003
54,15,2030,1,solar,0.2212575
54,16,2030,1,solar,0.09295
54,17,2030,1,solar,0.004932499999999999
54,18,2030,1,solar,0.0
54,19,2030,1,solar,0.0
54,20,2030,1,solar,0.0
54,21,2030,1,solar,0.0
54,22,2030,1,solar,0.0
54,23,2030,1,solar,0.0
54,24,2030,1,solar,0.0
54,1,2030,1,wind_offshore,0.36575595017376245
54,2,2030,1,wind_offshore,0.4583260557297875
54,3,2030,1,wind_offshore,0.5436968013339452
54,4,2030,1,wind_offshore,0.6473313506587653
54,5,2030,1,wind_offshore,0.7283153081251084
54,6,2030,1,wind_offshore,0.7838790091170217
54,7,2030,1,wind_offshore,0.8450153566699548
54,8,2030,1,wind_offshore,0.8836132770673657
54,9,2030,1,wind_offshore,0.902303102930846
54,10,2030,1,wind_offshore,0.9195531976966456
54,11,2030,1,wind_offshore,0.9242414762820919
54,12,2030,1,wind_offshore,0.9331607689075814
54,13,2030,1,wind_offshore,0.9384735046542425
54,14,2030,1,wind_offshore,0.9404190679048253
54,15,2030,1,wind_offshore,0.9411677611208247
54,16,2030,1,wind_offshore,0.9415399259780259
54,17,2030,1,wind_offshore,0.9361129775499013
54,18,2030,1,wind_offshore,0.9336649602802967
54,19,2030,1,wind_offshore,0.930606513717643
54,20,2030,1,wind_offshore,0.9320477965794297
54,21,2030,1,wind_offshore,0.9289082889312121
54,22,2030,1,wind_offshore,0.9291745788605906
54,23,2030,1,wind_offshore,0.9243256200830694
54,24,2030,1,wind_offshore,0.9241787773173279
54,1,2030,1,wind_onshore,0.07069135230366637
54,2,2030,1,wind_onshore,0.09672233454401263
54,3,2030,1,wind_onshore,0.14953641863423253
54,4,2030,1,wind_onshore,0.19698689500088862
54,5,2030,1,wind_onshore,0.24260559959607284
54,6,2030,1,wind_onshore,0.29637012473513985
54,7,2030,1,wind_onshore,0.3523948348044042
54,8,2030,1,wind_onshore,0.4095239597131137
54,9,2030,1,wind_onshore,0.4479492241251724
54,10,2030,1,wind_onshore,0.4921728380079121
54,11,2030,1,wind_onshore,0.5049484628600062
54,12,2030,1,wind_onshore,0.5354405857393525
54,13,2030,1,wind_onshore,0.5999426873437931
54,14,2030,1,wind_onshore,0.666490301932142
54,15,2030,1,wind_onshore,0.7452914641467394
54,16,2030,1,wind_onshore,0.8097178598162378
54,17,2030,1,wind_onshore,0.8252074535069256
54,18,2030,1,wind_onshore,0.8196330275882956
54,19,2030,1,wind_onshore,0.817766027961065
54,20,2030,1,wind_onshore,0.8184616050440274
54,21,2030,1,wind_onshore,0.8234815669817213
54,22,2030,1,wind_onshore,0.8208551015611191
54,23,2030,1,wind_onshore,0.8171255744655043
54,24,2030,1,wind_onshore,0.810867029206108
55,1,2030,1,demand,0.649817289454226
55,2,2030,1,demand,0.6268739886623017
55,3,2030,1,demand,0.6218445370797032
55,4,2030,1,demand,0.6251915513786341
55,5,2030,1,demand,0.6433804487213834
55,6,2030,1,demand,0.6830945415447703
55,7,2030,1,demand,0.6863236780722342
55,8,2030,1,demand,0.8152462395204876
55,9,2030,1,demand,0.8768463052462754
55,10,2030,1,demand,0.8934420666473776
55,11,2030,1,demand,0.8825901675650383
55,12,2030,1,demand,0.8543637993791772
55,13,2030,1,demand,0.863311793849638
55,14,2030,1,demand,0.8642155234308861
55,15,2030,1,demand,0.8460837789470301
55,16,2030,1,demand,0.8181753235387622
55,17,2030,1,demand,0.8108097488489058
55,18,2030,1,demand,0.7912420387853589
55,19,2030,1,demand,0.7809545241845895
55,20,2030,1,demand,0.7460234112398242
55,21,2030,1,demand,0.6954181267436087
55,22,2030,1,demand,0.6318212830102412
55,23,2030,1,demand,0.6856378437655162
55,24,2030,1,demand,0.6431018285342792
55,1,2030,1,solar,0.0
55,2,2030,1,solar,0.0
55,3,2030,1,solar,0.0
55,4,2030,1,solar,0.0
55,5,2030,1,solar,0.0
55,6,2030,1,solar,0.0
55,7,2030,1,solar,0.0
55,8,2030,1,solar,0.0
55,9,2030,1,solar,0.006642500000000001
55,10,2030,1,solar,0.025195000000000002
55,11,2030,1,solar,0.0393775
55,12,2030,1,solar,0.05338
55,13,2030,1,solar,0.0550775
55,14,2030,1,solar,0.0402275
55,15,2030,1,solar,0.023075000000000002
55,16,2030,1,solar,0.0137875
55,17,2030,1,solar,0.001885
55,18,2030,1,solar,0.0
55,19,2030,1,solar,0.0
55,20,2030,1,solar,0.0
55,21,2030,1,solar,0.0
55,22,2030,1,solar,0.0
55,23,2030,1,solar,0.0
55,24,2030,1,solar,0.0
55,1,2030,1,wind_offshore,0.1249850333255502
55,2,2030,1,wind_offshore,0.09211888051105165
55,3,2030,1,wind_offshore,0.08514764626038254
55,4,2030,1,wind_offshore,0.0901233287928265
55,5,2030,1,wind_offshore,0.10769283540720646
55,6,2030,1,wind_offshore,0.13854900252938848
55,7,2030,1,wind_offshore,0.16782168332915331
55,8,2030,1,wind_offshore,0.1952953039519988
55,9,2030,1,wind_offshore,0.22106825624081772
55,10,2030,1,wind_offshore,0.22039362355013845
55,11,2030,1,wind_offshore,0.2102988771289934
55,12,2030,1,wind_offshore,0.18650587058743084
55,13,2030,1,wind_offshore,0.1820873851200832
55,14,2030,1,wind_offshore,0.2094970580739332
55,15,2030,1,wind_offshore,0.28175132846011797
55,16,2030,1,wind_offshore,0.3908443365094572
55,17,2030,1,wind_offshore,0.5213292199287644
55,18,2030,1,wind_offshore,0.6128017357284041
55,19,2030,1,wind_offshore,0.6527669683299764
55,20,2030,1,wind_offshore,0.6693787001897977
55,21,2030,1,wind_offshore,0.6621094567051501
55,22,2030,1,wind_offshore,0.66267256181577
55,23,2030,1,wind_offshore,0.6463201656916401
55,24,2030,1,wind_offshore,0.6677193315932999
55,1,2030,1,wind_onshore,0.0707647032079881
55,2,2030,1,wind_onshore,0.06235832200914928
55,3,2030,1,wind_onshore,0.05919483062091014
55,4,2030,1,wind_onshore,0.06586484173631464
55,5,2030,1,wind_onshore,0.08407535561397993
55,6,2030,1,wind_onshore,0.11309653875420847
55,7,2030,1,wind_onshore,0.1441132062046716
55,8,2030,1,wind_onshore,0.16187868644695724
55,9,2030,1,wind_onshore,0.15334541307647784
55,10,2030,1,wind_onshore,0.1374139366938693
55,11,2030,1,wind_onshore,0.10566640704124615
55,12,2030,1,wind_onshore,0.07116403901629445
55,13,2030,1,wind_onshore,0.061969041792653085
55,14,2030,1,wind_onshore,0.05972352546493284
55,15,2030,1,wind_onshore,0.06298182465184367
55,16,2030,1,wind_onshore,0.06888370609657817
55,17,2030,1,wind_onshore,0.08446801166136159
55,18,2030,1,wind_onshore,0.11659159190575157
55,19,2030,1,wind_onshore,0.16266182248144817
55,20,2030,1,wind_onshore,0.19596569459720975
55,21,2030,1,wind_onshore,0.22336569905594605
55,22,2030,1,wind_onshore,0.25549930696817674
55,23,2030,1,wind_onshore,0.3176978975061916
55,24,2030,1,wind_onshore,0.39235220668873405
56,1,2030,1,demand,0.7235516215337685
56,2,2030,1,demand,0.6960146597083061
56,3,2030,1,demand,0.684551939446546
56,4,2030,1,demand,0.6814835453347193
56,5,2030,1,demand,0.6778686270097267
56,6,2030,1,demand,0.6529035438344567
56,7,2030,1,demand,0.6703173055284675
56,8,2030,1,demand,0.7030944701036967
56,9,2030,1,demand,0.7288954138402792
56,10,2030,1,demand,0.7543713006919068
56,11,2030,1,demand,0.7725530539272945
56,12,2030,1,demand,0.7890416537179721
56,13,2030,1,demand,0.7987897882129373
56,14,2030,1,demand,0.7952034463173913
56,15,2030,1,demand,0.8013295183800022
56,16,2030,1,demand,0.8212758661337163
56,17,2030,1,demand,0.8685662848141282
56,18,2030,1,demand,0.8538279913270537
56,19,2030,1,demand,0.8423974195484211
56,20,2030,1,demand,0.8185932538194184
56,21,2030,1,demand,0.78950959275016
56,22,2030,1,demand,0.7521601994634776
56,23,2030,1,demand,0.7223871320338202
56,24,2030,1,demand,0.6809763137120425
56,1,2030,1,solar,0.0
56,2,2030,1,solar,0.0
56,3,2030,1,solar,0.0
56,4,2030,1,solar,0.0
56,5,2030,1,solar,0.0
56,6,2030,1,solar,0.0
56,7,2030,1,solar,0.0
56,8,2030,1,solar,0.0
56,9,2030,1,solar,0.000165
56,10,2030,1,solar,0.027895
56,11,2030,1,solar,0.1029225
56,12,2030,1,solar,0.1235825
56,13,2030,1,solar,0.1186575
56,14,2030,1,solar,0.1205375
56,15,2030,1,solar,0.10798
56,16,2030,1,solar,0.039920000000000004
56,17,2030,1,solar,0.0006425000000000001
56,18,2030,1,solar,0.0
56,19,2030,1,solar,0.0
56,20,2030,1,solar,0.0
56,21,2030,1,solar,0.0
56,22,2030,1,solar,0.0
56,23,2030,1,solar,0.0
56,24,2030,1,solar,0.0
56,1,2030,1,wind_offshore,0.9285837687018579
56,2,2030,1,wind_offshore,0.9303378877998684
56,3,2030,1,wind_offshore,0.932977981513297
56,4,2030,1,wind_offshore,0.9310623038668585
56,5,2030,1,wind_offshore,0.9331878332833563
56,6,2030,1,wind_offshore,0.9347872816674853
56,7,2030,1,wind_offshore,0.9342633354388766
56,8,2030,1,wind_offshore,0.9336955122102677
56,9,2030,1,wind_offshore,0.9349890418317776
56,10,2030,1,wind_offshore,0.9343657420603866
56,11,2030,1,wind_offshore,0.9345025184013755
56,12,2030,1,wind_offshore,0.934602590465242
56,13,2030,1,wind_offshore,0.9345716162717597
56,14,2030,1,wind_offshore,0.9383266197693851
56,15,2030,1,wind_offshore,0.9391982412502251
56,16,2030,1,wind_offshore,0.940590699593384
56,17,2030,1,wind_offshore,0.9433111601755096
56,18,2030,1,wind_offshore,0.9426575150370916
56,19,2030,1,wind_offshore,0.9426575150370916
56,20,2030,1,wind_offshore,0.9427991758881519
56,21,2030,1,wind_offshore,0.9428041058881519
56,22,2030,1,wind_offshore,0.9445808850652174
56,23,2030,1,wind_offshore,0.9461054192486694
56,24,2030,1,wind_offshore,0.9433944192486695
56,1,2030,1,wind_onshore,0.7999200436816559
56,2,2030,1,wind_onshore,0.7099412619486369
56,3,2030,1,wind_onshore,0.6931589360401595
56,4,2030,1,wind_onshore,0.7602884260746943
56,5,2030,1,wind_onshore,0.8237162924554732
56,6,2030,1,wind_onshore,0.8473055801294728
56,7,2030,1,wind_onshore,0.8601612086561965
56,8,2030,1,wind_onshore,0.875551270809756
56,9,2030,1,wind_onshore,0.8871020825680774
56,10,2030,1,wind_onshore,0.8843661304289872
56,11,2030,1,wind_onshore,0.8630995870493161
56,12,2030,1,wind_onshore,0.8294006507012076
56,13,2030,1,wind_onshore,0.8102769884977905
56,14,2030,1,wind_onshore,0.8135101460345627
56,15,2030,1,wind_onshore,0.8495583911014523
56,16,2030,1,wind_onshore,0.8655054723463957
56,17,2030,1,wind_onshore,0.8679179261399771
56,18,2030,1,wind_onshore,0.8632205994419455
56,19,2030,1,wind_onshore,0.855765990428542
56,20,2030,1,wind_onshore,0.856940038881657
56,21,2030,1,wind_onshore,0.8583245748377478
56,22,2030,1,wind_onshore,0.8624859984101687
56,23,2030,1,wind_onshore,0.868104365129577
56,24,2030,1,wind_onshore,0.8720139386468255
57,1,2030,1,demand,0.6566542001993205
57,2,2030,1,demand,0.6331679472479113
57,3,2030,1,demand,0.627209761708299
57,4,2030,1,demand,0.6201799600644399
57,5,2030,1,demand,0.6323392307939605
57,6,2030,1,demand,0.6229483016670775
57,7,2030,1,demand,0.6714317862768842
57,8,2030,1,demand,0.7289775710749381
57,9,2030,1,demand,0.7702990880546953
57,10,2030,1,demand,0.7966537001118054
57,11,2030,1,demand,0.8110705087676058
57,12,2030,1,demand,0.8116491814638991
57,13,2030,1,demand,0.8109990676939893
57,14,2030,1,demand,0.8046122357126784
57,15,2030,1,demand,0.7932923975981511
57,16,2030,1,demand,0.804719397323103
57,17,2030,1,demand,0.8610328236012732
57,18,2030,1,demand,0.8484877710742238
57,19,2030,1,demand,0.8270697372040108
57,20,2030,1,demand,0.8008079985426022
57,21,2030,1,demand,0.7710206428982215
57,22,2030,1,demand,0.7400402213244461
57,23,2030,1,demand,0.7060056938535673
57,24,2030,1,demand,0.6660629895946076
57,1,2030,1,solar,0.0
57,2,2030,1,solar,0.0
57,3,2030,1,solar,0.0
57,4,2030,1,solar,0.0
57,5,2030,1,solar,0.0
57,6,2030,1,solar,0.0
57,7,2030,1,solar,0.0
57,8,2030,1,solar,0.0
57,9,2030,1,solar,0.0094675
57,10,2030,1,solar,0.0288025
57,11,2030,1,solar,0.0543
57,12,2030,1,solar,0.08038500000000001
57,13,2030,1,solar,0.0827825
57,14,2030,1,solar,0.06364500000000001
57,15,2030,1,solar,0.03848
57,16,2030,1,solar,0.0236675
57,17,2030,1,solar,0.0044675
57,18,2030,1,solar,0.0
57,19,2030,1,solar,0.0
57,20,2030,1,solar,0.0
57,21,2030,1,solar,0.0
57,22,2030,1,solar,0.0
57,23,2030,1,solar,0.0
57,24,2030,1,solar,0.0
57,1,2030,1,wind_offshore,0.8402641123130271
57,2,2030,1,wind_offshore,0.8598226199751906
57,3,2030,1,wind_offshore,0.8733052004166871
57,4,2030,1,wind_offshore,0.8894786026708833
57,5,2030,1,wind_offshore,0.898060514571686
57,6,2030,1,wind_offshore,0.9054857630683698
57,7,2030,1,wind_offshore,0.9080308980977645
57,8,2030,1,wind_offshore,0.9076417081771063
57,9,2030,1,wind_offshore,0.8998861494296242
57,10,2030,1,wind_offshore,0.8942609787450259
57,11,2030,1,wind_offshore,0.8795347453502826
57,12,2030,1,wind_offshore,0.8608798831012038
57,13,2030,1,wind_offshore,0.8601538620582169
57,14,2030,1,wind_offshore,0.8529757615829034
57,15,2030,1,wind_offshore,0.8410622377296323
57,16,2030,1,wind_offshore,0.8221682153699337
57,17,2030,1,wind_offshore,0.784745981905101
57,18,2030,1,wind_offshore,0.7395024614738392
57,19,2030,1,wind_offshore,0.7139931440914191
57,20,2030,1,wind_offshore,0.6993802220324244
57,21,2030,1,wind_offshore,0.6892720884688855
57,22,2030,1,wind_offshore,0.6873512448901168
57,23,2030,1,wind_offshore,0.6872410989732253
57,24,2030,1,wind_offshore,0.7274822302493243
57,1,2030,1,wind_onshore,0.2782542334113027
57,2,2030,1,wind_onshore,0.3070604035584488
57,3,2030,1,wind_onshore,0.33651317783651924
57,4,2030,1,wind_onshore,0.3796787518349856
57,5,2030,1,wind_onshore,0.4266857136613946
57,6,2030,1,wind_onshore,0.47386436953585304
57,7,2030,1,wind_onshore,0.5146541488390766
57,8,2030,1,wind_onshore,0.5286527104929182
57,9,2030,1,wind_onshore,0.4869302264736253
57,10,2030,1,wind_onshore,0.4306934168604211
57,11,2030,1,wind_onshore,0.36964488982243904
57,12,2030,1,wind_onshore,0.3166099307518886
57,13,2030,1,wind_onshore,0.30742272300669793
57,14,2030,1,wind_onshore,0.32065198156051394
57,15,2030,1,wind_onshore,0.3543287959415391
57,16,2030,1,wind_onshore,0.39818680178492655
57,17,2030,1,wind_onshore,0.3809609527167972
57,18,2030,1,wind_onshore,0.36687792749364084
57,19,2030,1,wind_onshore,0.34496997590615325
57,20,2030,1,wind_onshore,0.3309086025857914
57,21,2030,1,wind_onshore,0.32671907128605415
57,22,2030,1,wind_onshore,0.32869105094917045
57,23,2030,1,wind_onshore,0.3494972754956526
57,24,2030,1,wind_onshore,0.3844793766918764
58,1,2030,1,demand,0.669420720054581
58,2,2030,1,demand,0.6453093577090276
58,3,2030,1,demand,0.6309425578047587
58,4,2030,1,demand,0.6177438194541187
58,5,2030,1,demand,0.6211801350950702
58,6,2030,1,demand,0.6003157695453848
58,7,2030,1,demand,0.6212015674171552
58,8,2030,1,demand,0.6563791520658974
58,9,2030,1,demand,0.71600387210619
58,10,2030,1,demand,0.7509349850509554
58,11,2030,1,demand,0.7534961475401053
58,12,2030,1,demand,0.7551428642869645
58,13,2030,1,demand,0.7498526527856662
58,14,2030,1,demand,0.7460055509714201
58,15,2030,1,demand,0.744112362520584
58,16,2030,1,demand,0.7716600405070888
58,17,2030,1,demand,0.827344785337434
58,18,2030,1,demand,0.8365892602634033
58,19,2030,1,demand,0.8307703848173431
58,20,2030,1,demand,0.8119349457583649
58,21,2030,1,demand,0.7782897721386958
58,22,2030,1,demand,0.7413190165421806
58,23,2030,1,demand,0.700490442970377
58,24,2030,1,demand,0.6541573346764256
58,1,2030,1,solar,0.0
58,2,2030,1,solar,0.0
58,3,2030,1,solar,0.0
58,4,2030,1,solar,0.0
58,5,2030,1,solar,0.0
58,6,2030,1,solar,0.0
58,7,2030,1,solar,0.0
58,8,2030,1,solar,0.0
58,9,2030,1,solar,0.0085875
58,10,2030,1,solar,0.038305
58,11,2030,1,solar,0.066885
58,12,2030,1,solar,0.0915
58,13,2030,1,solar,0.108465
58,14,2030,1,solar,0.10617499999999999
58,15,2030,1,solar,0.100235
58,16,2030,1,solar,0.0811325
58,17,2030,1,solar,0.013170000000000001
58,18,2030,1,solar,0.0
58,19,2030,1,solar,0.0
58,20,2030,1,solar,0.0
58,21,2030,1,solar,0.0
58,22,2030,1,solar,0.0
58,23,2030,1,solar,0.0
58,24,2030,1,solar,0.0
58,1,2030,1,wind_offshore,0.42243050909089747
58,2,2030,1,wind_offshore,0.4191011984868367
58,3,2030,1,wind_offshore,0.4235525725828388
58,4,2030,1,wind_offshore,0.42674750218500324
58,5,2030,1,wind_offshore,0.45400995199467326
58,6,2030,1,wind_offshore,0.4664798460264084
58,7,2030,1,wind_offshore,0.4745237867771638
58,8,2030,1,wind_offshore,0.49765119752243525
58,9,2030,1,wind_offshore,0.5064624411194627
58,10,2030,1,wind_offshore,0.537852432872612
58,11,2030,1,wind_offshore,0.5346549048074315
58,12,2030,1,wind_offshore,0.5358928618323098
58,13,2030,1,wind_offshore,0.5558259902336854
58,14,2030,1,wind_offshore,0.5898005313459427
58,15,2030,1,wind_offshore,0.6240023020842543
58,16,2030,1,wind_offshore,0.6283116176593383
58,17,2030,1,wind_offshore,0.5976383189756818
58,18,2030,1,wind_offshore,0.5452685537064603
58,19,2030,1,wind_offshore,0.5008038843550362
58,20,2030,1,wind_offshore,0.44275010669356196
58,21,2030,1,wind_offshore,0.3689895280111055
58,22,2030,1,wind_offshore,0.303653917981366
58,23,2030,1,wind_offshore,0.23910064888038654
58,24,2030,1,wind_offshore,0.1834007272059844
58,1,2030,1,wind_onshore,0.1879598257712947
58,2,2030,1,wind_onshore,0.16456366616480453
58,3,2030,1,wind_onshore,0.15096451230260838
58,4,2030,1,wind_onshore,0.1397722875756424
58,5,2030,1,wind_onshore,0.13726848980989528
58,6,2030,1,wind_onshore,0.1387325557033104
58,7,2030,1,wind_onshore,0.14275341944223824
58,8,2030,1,wind_onshore,0.14119158988342576
58,9,2030,1,wind_onshore,0.13954903725924714
58,10,2030,1,wind_onshore,0.1371301331276096
58,11,2030,1,wind_onshore,0.13335255374777266
58,12,2030,1,wind_onshore,0.13057154845225513
58,13,2030,1,wind_onshore,0.1495802919698103
58,14,2030,1,wind_onshore,0.17807330936739255
58,15,2030,1,wind_onshore,0.210813589563285
58,16,2030,1,wind_onshore,0.24526487524130258
58,17,2030,1,wind_onshore,0.24508175344510158
58,18,2030,1,wind_onshore,0.23061343310492372
58,19,2030,1,wind_onshore,0.20678359321557452
58,20,2030,1,wind_onshore,0.17073961115786168
58,21,2030,1,wind_onshore,0.1402572140487306
58,22,2030,1,wind_onshore,0.11644066978556158
58,23,2030,1,wind_onshore,0.09486543451014844
58,24,2030,1,wind_onshore,0.08150295507149258
59,1,2030,1,demand,0.595879278873803
59,2,2030,1,demand,0.5755185728931135
59,3,2030,1,demand,0.5668920632539266
59,4,2030,1,demand,0.5650774599840687
59,5,2030,1,demand,0.5628842190240435
59,6,2030,1,demand,0.5660526306389333
59,7,2030,1,demand,0.5693674964547367
59,8,2030,1,demand,0.6697814974763441
59,9,2030,1,demand,0.7356108747602259
59,10,2030,1,demand,0.773771124232455
59,11,2030,1,demand,0.8047408296451879
59,12,2030,1,demand,0.8032512832602848
59,13,2030,1,demand,0.8127958106954432
59,14,2030,1,demand,0.8171465720786852
59,15,2030,1,demand,0.8035620519305164
59,16,2030,1,demand,0.7938353497576361
59,17,2030,1,demand,0.7705991405638845
59,18,2030,1,demand,0.7568503059463978
59,19,2030,1,demand,0.7293276323356587
59,20,2030,1,demand,0.6925890602283971
59,21,2030,1,demand,0.6558969248189863
59,22,2030,1,demand,0.6269204253601524
59,23,2030,1,demand,0.6811513443424029
59,24,2030,1,demand,0.6312819029044369
59,1,2030,1,solar,0.0
59,2,2030,1,solar,0.0
59,3,2030,1,solar,0.0
59,4,2030,1,solar,0.0
59,5,2030,1,solar,3.25e-5
59,6,2030,1,solar,0.031000000000000003
59,7,2030,1,solar,0.1965325
59,8,2030,1,solar,0.3700225
59,9,2030,1,solar,0.4844225
59,10,2030,1,solar,0.53938
59,11,2030,1,solar,0.5539725
59,12,2030,1,solar,0.54788
59,13,2030,1,solar,0.5434225
59,14,2030,1,solar,0.5377925
59,15,2030,1,solar,0.530245
59,16,2030,1,solar,0.5199524999999999
59,17,2030,1,solar,0.4902575
59,18,2030,1,solar,0.43279249999999997
59,19,2030,1,solar,0.286835
59,20,2030,1,solar,0.0907925
59,21,2030,1,solar,0.00391
59,22,2030,1,solar,0.0
59,23,2030,1,solar,0.0
59,24,2030,1,solar,0.0
59,1,2030,1,wind_offshore,0.5240262015185458
59,2,2030,1,wind_offshore,0.48925766119708514
59,3,2030,1,wind_offshore,0.4652120412853665
59,4,2030,1,wind_offshore,0.45335165093656016
59,5,2030,1,wind_offshore,0.4509276215549307
59,6,2030,1,wind_offshore,0.4524432372517486
59,7,2030,1,wind_offshore,0.4564270220307413
59,8,2030,1,wind_offshore,0.4435316407267665
59,9,2030,1,wind_offshore,0.42056210112822406
59,10,2030,1,wind_offshore,0.3964079060832312
59,11,2030,1,wind_offshore,0.37643369153152617
59,12,2030,1,wind_offshore,0.3603853706311393
59,13,2030,1,wind_offshore,0.37415270656930283
59,14,2030,1,wind_offshore,0.3915183691820192
59,15,2030,1,wind_offshore,0.4247790243207542
59,16,2030,1,wind_offshore,0.4665182738091896
59,17,2030,1,wind_offshore,0.5243577689204947
59,18,2030,1,wind_offshore,0.5998807259231193
59,19,2030,1,wind_offshore,0.6747154997633151
59,20,2030,1,wind_offshore,0.7393654066646755
59,21,2030,1,wind_offshore,0.783521613103673
59,22,2030,1,wind_offshore,0.7921947162274046
59,23,2030,1,wind_offshore,0.7792867457422071
59,24,2030,1,wind_offshore,0.7357489909532636
59,1,2030,1,wind_onshore,0.16220465400290338
59,2,2030,1,wind_onshore,0.15258721187755964
59,3,2030,1,wind_onshore,0.14345588035243484
59,4,2030,1,wind_onshore,0.1417657641910015
59,5,2030,1,wind_onshore,0.1495635664249091
59,6,2030,1,wind_onshore,0.15053914705472887
59,7,2030,1,wind_onshore,0.1315219127984751
59,8,2030,1,wind_onshore,0.0974858188650636
59,9,2030,1,wind_onshore,0.07189508302539939
59,10,2030,1,wind_onshore,0.05871368573070869
59,11,2030,1,wind_onshore,0.05029428655929988
59,12,2030,1,wind_onshore,0.046430976754535315
59,13,2030,1,wind_onshore,0.05131174891361391
59,14,2030,1,wind_onshore,0.055958373456367894
59,15,2030,1,wind_onshore,0.05858006254646007
59,16,2030,1,wind_onshore,0.05964808518085368
59,17,2030,1,wind_onshore,0.06375447965085061
59,18,2030,1,wind_onshore,0.06796444061193077
59,19,2030,1,wind_onshore,0.0823030049051734
59,20,2030,1,wind_onshore,0.11151716332711263
59,21,2030,1,wind_onshore,0.15273026788783473
59,22,2030,1,wind_onshore,0.18865725210064133
59,23,2030,1,wind_onshore,0.2055134150116673
59,24,2030,1,wind_onshore,0.18412333588986862
60,1,2030,1,demand,0.6054345224700037
60,2,2030,1,demand,0.582962732763948
60,3,2030,1,demand,0.574761297512779
60,4,2030,1,demand,0.5707748856049809
60,5,2030,1,demand,0.5699961779025615
60,6,2030,1,demand,0.5753399702090723
60,7,2030,1,demand,0.5605088033262964
60,8,2030,1,demand,0.6496494029312273
60,9,2030,1,demand,0.7038481734303503
60,10,2030,1,demand,0.7261592207207691
60,11,2030,1,demand,0.7366896349718344
60,12,2030,1,demand,0.7372147268629153
60,13,2030,1,demand,0.7415011912799027
60,14,2030,1,demand,0.7501848537779826
60,15,2030,1,demand,0.7415583441387957
60,16,2030,1,demand,0.7184257245017879
60,17,2030,1,demand,0.6952823887037375
60,18,2030,1,demand,0.6886669452868538
60,19,2030,1,demand,0.6753360409500234
60,20,2030,1,demand,0.6619729881300657
60,21,2030,1,demand,0.6406121071187458
60,22,2030,1,demand,0.6164328757532568
60,23,2030,1,demand,0.6758539887337427
60,24,2030,1,demand,0.6297352036606406
60,1,2030,1,solar,0.0
60,2,2030,1,solar,0.0
60,3,2030,1,solar,0.0
60,4,2030,1,solar,0.0
60,5,2030,1,solar,0.0
60,6,2030,1,solar,0.005605000000000001
60,7,2030,1,solar,0.06546500000000001
60,8,2030,1,solar,0.15793
60,9,2030,1,solar,0.2571525
60,10,2030,1,solar,0.37219250000000004
60,11,2030,1,solar,0.4508825
60,12,2030,1,solar,0.49277499999999996
60,13,2030,1,solar,0.50535
60,14,2030,1,solar,0.5090875
60,15,2030,1,solar,0.5103125
60,16,2030,1,solar,0.49780749999999996
60,17,2030,1,solar,0.4677525
60,18,2030,1,solar,0.3997775
60,19,2030,1,solar,0.240435
60,20,2030,1,solar,0.05117
60,21,2030,1,solar,0.0
60,22,2030,1,solar,0.0
60,23,2030,1,solar,0.0
60,24,2030,1,solar,0.0
60,1,2030,1,wind_offshore,0.6436036481299843
60,2,2030,1,wind_offshore,0.7177844102659546
60,3,2030,1,wind_offshore,0.8012557445918044
60,4,2030,1,wind_offshore,0.8529910880002929
60,5,2030,1,wind_offshore,0.8806306069407017
60,6,2030,1,wind_offshore,0.8969037393599442
60,7,2030,1,wind_offshore,0.8944043628746373
60,8,2030,1,wind_offshore,0.8956302759317059
60,9,2030,1,wind_offshore,0.8998681622839813
60,10,2030,1,wind_offshore,0.90294754564326
60,11,2030,1,wind_offshore,0.9028230466458946
60,12,2030,1,wind_offshore,0.900464814954878
60,13,2030,1,wind_offshore,0.885446454742733
60,14,2030,1,wind_offshore,0.8795923636366166
60,15,2030,1,wind_offshore,0.8709621273200471
60,16,2030,1,wind_offshore,0.849191903487647
60,17,2030,1,wind_offshore,0.83490130763928
60,18,2030,1,wind_offshore,0.812571730331058
60,19,2030,1,wind_offshore,0.7890330098728877
60,20,2030,1,wind_offshore,0.7746870421751977
60,21,2030,1,wind_offshore,0.7450816733966954
60,22,2030,1,wind_offshore,0.7181528385837546
60,23,2030,1,wind_offshore,0.7197587237903332
60,24,2030,1,wind_offshore,0.7030584231137229
60,1,2030,1,wind_onshore,0.32307735780651675
60,2,2030,1,wind_onshore,0.3174714783006361
60,3,2030,1,wind_onshore,0.322793570659926
60,4,2030,1,wind_onshore,0.3503273387073091
60,5,2030,1,wind_onshore,0.378897466315042
60,6,2030,1,wind_onshore,0.42840527819245033
60,7,2030,1,wind_onshore,0.44489838968816
60,8,2030,1,wind_onshore,0.4775735246753495
60,9,2030,1,wind_onshore,0.5020521883004464
60,10,2030,1,wind_onshore,0.5393389032116193
60,11,2030,1,wind_onshore,0.5219492596093251
60,12,2030,1,wind_onshore,0.5200989048412631
60,13,2030,1,wind_onshore,0.5119995793194725
60,14,2030,1,wind_onshore,0.4930290845982287
60,15,2030,1,wind_onshore,0.47103000852919136
60,16,2030,1,wind_onshore,0.4362688958248835
60,17,2030,1,wind_onshore,0.40738207984392905
60,18,2030,1,wind_onshore,0.412564786879957
60,19,2030,1,wind_onshore,0.4193301493572527
60,20,2030,1,wind_onshore,0.34732989303033834
60,21,2030,1,wind_onshore,0.2742617255865273
60,22,2030,1,wind_onshore,0.23136198270062142
60,23,2030,1,wind_onshore,0.23105523598302732
60,24,2030,1,wind_onshore,0.2201369136694683
61,1,2030,3,demand,0.6263953334690714
61,2,2030,3,demand,0.5998371143521545
61,3,2030,3,demand,0.5871991884294038
61,4,2030,3,demand,0.585441738018439
61,5,2030,3,demand,0.586913424134938
61,6,2030,3,demand,0.5740718911523803
61,7,2030,3,demand,0.6129358351997315
61,8,2030,3,demand,0.6800475797550286
61,9,2030,3,demand,0.7475522502152162
61,10,2030,3,demand,0.7775217805973188
61,11,2030,3,demand,0.7924922575736469
61,12,2030,3,demand,0.7993720329629114
61,13,2030,3,demand,0.7953891931087941
61,14,2030,3,demand,0.7796614407521317
61,15,2030,3,demand,0.7782183310650792
61,16,2030,3,demand,0.7674200127879522
61,17,2030,3,demand,0.7619333383342086
61,18,2030,3,demand,0.7677700740486728
61,19,2030,3,demand,0.7421977417476631
61,20,2030,3,demand,0.7553786198298988
61,21,2030,3,demand,0.730392104332544
61,22,2030,3,demand,0.6921818461087834
61,23,2030,3,demand,0.656950680654829
61,24,2030,3,demand,0.6214587552821744
61,1,2030,3,solar,0.0
61,2,2030,3,solar,0.0
61,3,2030,3,solar,0.0
61,4,2030,3,solar,0.0
61,5,2030,3,solar,0.0
61,6,2030,3,solar,0.0
61,7,2030,3,solar,0.0258375
61,8,2030,3,solar,0.2014225
61,9,2030,3,solar,0.37173750000000005
61,10,2030,3,solar,0.4408225
61,11,2030,3,solar,0.4578425
61,12,2030,3,solar,0.44398750000000003
61,13,2030,3,solar,0.4281075
61,14,2030,3,solar,0.40080000000000005
61,15,2030,3,solar,0.36058
61,16,2030,3,solar,0.28735
61,17,2030,3,solar,0.193815
61,18,2030,3,solar,0.0916725
61,19,2030,3,solar,0.02098
61,20,2030,3,solar,0.0
61,21,2030,3,solar,0.0
61,22,2030,3,solar,0.0
61,23,2030,3,solar,0.0
61,24,2030,3,solar,0.0
61,1,2030,3,wind_offshore,0.47681992312007715
61,2,2030,3,wind_offshore,0.4622805990379105
61,3,2030,3,wind_offshore,0.4386313039889463
61,4,2030,3,wind_offshore,0.41241704520658323
61,5,2030,3,wind_offshore,0.37875258403733725
61,6,2030,3,wind_offshore,0.33433382328149874
61,7,2030,3,wind_offshore,0.2964475966311308
61,8,2030,3,wind_offshore,0.25747652499140267
61,9,2030,3,wind_offshore,0.2312968282193218
61,10,2030,3,wind_offshore,0.20810148819164004
61,11,2030,3,wind_offshore,0.18866757091263409
61,12,2030,3,wind_offshore,0.1625422927468055
61,13,2030,3,wind_offshore,0.15450722823349602
61,14,2030,3,wind_offshore,0.1551731924168464
61,15,2030,3,wind_offshore,0.16684249749493427
61,16,2030,3,wind_offshore,0.18476583378235006
61,17,2030,3,wind_offshore,0.21429052213837696
61,18,2030,3,wind_offshore,0.2470264175500285
61,19,2030,3,wind_offshore,0.2782835656129534
61,20,2030,3,wind_offshore,0.29849653824563993
61,21,2030,3,wind_offshore,0.3052178940754222
61,22,2030,3,wind_offshore,0.29885262252023054
61,23,2030,3,wind_offshore,0.30719928769075244
61,24,2030,3,wind_offshore,0.3032313094258661
61,1,2030,3,wind_onshore,0.20789814923923172
61,2,2030,3,wind_onshore,0.20601349844516725
61,3,2030,3,wind_onshore,0.19981793456349667
61,4,2030,3,wind_onshore,0.1847529056830942
61,5,2030,3,wind_onshore,0.15747607594644966
61,6,2030,3,wind_onshore,0.1304241842703557
61,7,2030,3,wind_onshore,0.1069362806118556
61,8,2030,3,wind_onshore,0.08955532521679234
61,9,2030,3,wind_onshore,0.07738598087160109
61,10,2030,3,wind_onshore,0.07377879594274285
61,11,2030,3,wind_onshore,0.0657113639356472
61,12,2030,3,wind_onshore,0.05832929810330008
61,13,2030,3,wind_onshore,0.05639290498718052
61,14,2030,3,wind_onshore,0.059592814782181334
61,15,2030,3,wind_onshore,0.06672441642743437
61,16,2030,3,wind_onshore,0.07401294594448957
61,17,2030,3,wind_onshore,0.07755096416074642
61,18,2030,3,wind_onshore,0.08136327404159285
61,19,2030,3,wind_onshore,0.09051332542551707
61,20,2030,3,wind_onshore,0.09906601343791549
61,21,2030,3,wind_onshore,0.10091144172214005
61,22,2030,3,wind_onshore,0.1016132646404472
61,23,2030,3,wind_onshore,0.10205276227648041
61,24,2030,3,wind_onshore,0.09787896105709534
62,1,2030,3,demand,0.6281206353969088
62,2,2030,3,demand,0.6056238413150873
62,3,2030,3,demand,0.5999621362309833
62,4,2030,3,demand,0.5980046508138925
62,5,2030,3,demand,0.6095245239345457
62,6,2030,3,demand,0.6547824440705695
62,7,2030,3,demand,0.6576972398741209
62,8,2030,3,demand,0.7758250550989281
62,9,2030,3,demand,0.819386249736561
62,10,2030,3,demand,0.8400255759043547
62,11,2030,3,demand,0.8422545374011882
62,12,2030,3,demand,0.820618608256445
62,13,2030,3,demand,0.8183146336323143
62,14,2030,3,demand,0.8088987001296656
62,15,2030,3,demand,0.7829548742458503
62,16,2030,3,demand,0.7386971291404568
62,17,2030,3,demand,0.7090597997506707
62,18,2030,3,demand,0.7173969730417109
62,19,2030,3,demand,0.7503063036031307
62,20,2030,3,demand,0.7249232901472044
62,21,2030,3,demand,0.6844554939971639
62,22,2030,3,demand,0.6361827605545256
62,23,2030,3,demand,0.6991902154305576
62,24,2030,3,demand,0.654328793253105
62,1,2030,3,solar,0.0
62,2,2030,3,solar,0.0
62,3,2030,3,solar,0.0
62,4,2030,3,solar,0.0
62,5,2030,3,solar,0.0
62,6,2030,3,solar,0.0
62,7,2030,3,solar,0.0
62,8,2030,3,solar,0.0202875
62,9,2030,3,solar,0.14782499999999998
62,10,2030,3,solar,0.23417
62,11,2030,3,solar,0.2635825
62,12,2030,3,solar,0.26949
62,13,2030,3,solar,0.25151
62,14,2030,3,solar,0.22290749999999998
62,15,2030,3,solar,0.18398
62,16,2030,3,solar,0.146305
62,17,2030,3,solar,0.0724225
62,18,2030,3,solar,0.009075
62,19,2030,3,solar,0.0
62,20,2030,3,solar,0.0
62,21,2030,3,solar,0.0
62,22,2030,3,solar,0.0
62,23,2030,3,solar,0.0
62,24,2030,3,solar,0.0
62,1,2030,3,wind_offshore,0.03184046988192907
62,2,2030,3,wind_offshore,0.025834065672684807
62,3,2030,3,wind_offshore,0.022395780671947908
62,4,2030,3,wind_offshore,0.022092392005649726
62,5,2030,3,wind_offshore,0.024307025841523475
62,6,2030,3,wind_offshore,0.02542498227881418
62,7,2030,3,wind_offshore,0.02507097618804806
62,8,2030,3,wind_offshore,0.024455613949432638
62,9,2030,3,wind_offshore,0.02177636067379453
62,10,2030,3,wind_offshore,0.020203795507496337
62,11,2030,3,wind_offshore,0.0188569916724155
62,12,2030,3,wind_offshore,0.01703331369101086
62,13,2030,3,wind_offshore,0.02024533448377696
62,14,2030,3,wind_offshore,0.026387720717091778
62,15,2030,3,wind_offshore,0.0440108602650325
62,16,2030,3,wind_offshore,0.06068996615655449
62,17,2030,3,wind_offshore,0.06988404322972933
62,18,2030,3,wind_offshore,0.07710361976654515
62,19,2030,3,wind_offshore,0.08471697846317341
62,20,2030,3,wind_offshore,0.0852712574352028
62,21,2030,3,wind_offshore,0.08102386477962875
62,22,2030,3,wind_offshore,0.07034886097294733
62,23,2030,3,wind_offshore,0.05727565972262087
62,24,2030,3,wind_offshore,0.0468598692532224
62,1,2030,3,wind_onshore,0.0070429374190025635
62,2,2030,3,wind_onshore,0.007360224800090802
62,3,2030,3,wind_onshore,0.007028343590233673
62,4,2030,3,wind_onshore,0.007408730497311489
62,5,2030,3,wind_onshore,0.007721192569261751
62,6,2030,3,wind_onshore,0.007553325957642206
62,7,2030,3,wind_onshore,0.007182170971419134
62,8,2030,3,wind_onshore,0.006805879097068729
62,9,2030,3,wind_onshore,0.005298472637990434
62,10,2030,3,wind_onshore,0.004279279390740792
62,11,2030,3,wind_onshore,0.004213975022408828
62,12,2030,3,wind_onshore,0.004102141907739137
62,13,2030,3,wind_onshore,0.00585489490401982
62,14,2030,3,wind_onshore,0.009837268364331301
62,15,2030,3,wind_onshore,0.01486179812277231
62,16,2030,3,wind_onshore,0.017699769787117098
62,17,2030,3,wind_onshore,0.017008188454156952
62,18,2030,3,wind_onshore,0.02324146416268362
62,19,2030,3,wind_onshore,0.03356858492291516
62,20,2030,3,wind_onshore,0.0323952591644733
62,21,2030,3,wind_onshore,0.029727990853811115
62,22,2030,3,wind_onshore,0.02597404076472459
62,23,2030,3,wind_onshore,0.020691451866159002
62,24,2030,3,wind_onshore,0.016488580918320787
63,1,2030,3,demand,0.6450200213608811
63,2,2030,3,demand,0.6204871566809906
63,3,2030,3,demand,0.615200517233373
63,4,2030,3,demand,0.6231090440827145
63,5,2030,3,demand,0.6437840907873164
63,6,2030,3,demand,0.723097970716304
63,7,2030,3,demand,0.7125532682505153
63,8,2030,3,demand,0.8618615400552241
63,9,2030,3,demand,0.9210611857074988
63,10,2030,3,demand,0.9472800597247376
63,11,2030,3,demand,0.9416004943722295
63,12,2030,3,demand,0.9093412775807195
63,13,2030,3,demand,0.9126061346449915
63,14,2030,3,demand,0.9046654593125226
63,15,2030,3,demand,0.9010934056316999
63,16,2030,3,demand,0.8827044732828246
63,17,2030,3,demand,0.8721704869780783
63,18,2030,3,demand,0.8666480919875265
63,19,2030,3,demand,0.850377387471379
63,20,2030,3,demand,0.8289593536011659
63,21,2030,3,demand,0.7839443331154381
63,22,2030,3,demand,0.7190901264864209
63,23,2030,3,demand,0.7953141799814969
63,24,2030,3,demand,0.7416655057492204
63,1,2030,3,solar,0.0
63,2,2030,3,solar,0.0
63,3,2030,3,solar,0.0
63,4,2030,3,solar,0.0
63,5,2030,3,solar,0.0
63,6,2030,3,solar,0.0
63,7,2030,3,solar,0.0
63,8,2030,3,solar,0.0
63,9,2030,3,solar,0.00054
63,10,2030,3,solar,0.045325000000000004
63,11,2030,3,solar,0.16641999999999998
63,12,2030,3,solar,0.1685675
63,13,2030,3,solar,0.15028
63,14,2030,3,solar,0.1885975
63,15,2030,3,solar,0.203465
63,16,2030,3,solar,0.06643750000000001
63,17,2030,3,solar,0.001005
63,18,2030,3,solar,0.0
63,19,2030,3,solar,0.0
63,20,2030,3,solar,0.0
63,21,2030,3,solar,0.0
63,22,2030,3,solar,0.0
63,23,2030,3,solar,0.0
63,24,2030,3,solar,0.0
63,1,2030,3,wind_offshore,0.9340184321370499
63,2,2030,3,wind_offshore,0.9346197185740085
63,3,2030,3,wind_offshore,0.930972821640517
63,4,2030,3,wind_offshore,0.9316319874224791
63,5,2030,3,wind_offshore,0.9331233184715122
63,6,2030,3,wind_offshore,0.929556176209449
63,7,2030,3,wind_offshore,0.9321052129396543
63,8,2030,3,wind_offshore,0.9320528804113649
63,9,2030,3,wind_offshore,0.9293176372842055
63,10,2030,3,wind_offshore,0.9318464738410364
63,11,2030,3,wind_offshore,0.932523484608825
63,12,2030,3,wind_offshore,0.9329255074973043
63,13,2030,3,wind_offshore,0.9343649255305474
63,14,2030,3,wind_offshore,0.9331545022643557
63,15,2030,3,wind_offshore,0.9316227178210017
63,16,2030,3,wind_offshore,0.9292152412232219
63,17,2030,3,wind_offshore,0.9293533055549004
63,18,2030,3,wind_offshore,0.9295444754915254
63,19,2030,3,wind_offshore,0.9294400492338492
63,20,2030,3,wind_offshore,0.9304244395377057
63,21,2030,3,wind_offshore,0.9325282680766397
63,22,2030,3,wind_offshore,0.9333409911775976
63,23,2030,3,wind_offshore,0.9375756479190679
63,24,2030,3,wind_offshore,0.9397505754505469
63,1,2030,3,wind_onshore,0.8294853271401778
63,2,2030,3,wind_onshore,0.8424583474657977
63,3,2030,3,wind_onshore,0.8374792814936476
63,4,2030,3,wind_onshore,0.8181737020623241
63,5,2030,3,wind_onshore,0.8050163691449939
63,6,2030,3,wind_onshore,0.8155939610724154
63,7,2030,3,wind_onshore,0.827169797024293
63,8,2030,3,wind_onshore,0.8014744725119888
63,9,2030,3,wind_onshore,0.7565036230443308
63,10,2030,3,wind_onshore,0.7118468341678109
63,11,2030,3,wind_onshore,0.7009247715808522
63,12,2030,3,wind_onshore,0.717587238977093
63,13,2030,3,wind_onshore,0.7526755828948176
63,14,2030,3,wind_onshore,0.7780791058670832
63,15,2030,3,wind_onshore,0.8067554386530694
63,16,2030,3,wind_onshore,0.8197627720266962
63,17,2030,3,wind_onshore,0.8139496834610181
63,18,2030,3,wind_onshore,0.8173980768788915
63,19,2030,3,wind_onshore,0.8154677888027492
63,20,2030,3,wind_onshore,0.8159556442277694
63,21,2030,3,wind_onshore,0.8016277599454575
63,22,2030,3,wind_onshore,0.7987913888127883
63,23,2030,3,wind_onshore,0.7885618505321723
63,24,2030,3,wind_onshore,0.7866250111032289
64,1,2030,3,demand,0.6167079238866802
64,2,2030,3,demand,0.5910998710488622
64,3,2030,3,demand,0.5839629077945784
64,4,2030,3,demand,0.5774974906322893
64,5,2030,3,demand,0.5761365381798959
64,6,2030,3,demand,0.5963472179059907
64,7,2030,3,demand,0.6037092205421664
64,8,2030,3,demand,0.7258698843726223
64,9,2030,3,demand,0.7896810513268394
64,10,2030,3,demand,0.8333672678433012
64,11,2030,3,demand,0.8508953352550983
64,12,2030,3,demand,0.8466731678043659
64,13,2030,3,demand,0.8468231940589604
64,14,2030,3,demand,0.8518240692121122
64,15,2030,3,demand,0.8267053877285668
64,16,2030,3,demand,0.7888916274633775
64,17,2030,3,demand,0.7443481180635182
64,18,2030,3,demand,0.7254269497162005
64,19,2030,3,demand,0.7023729152601705
64,20,2030,3,demand,0.6698350782815564
64,21,2030,3,demand,0.6294422952588131
64,22,2030,3,demand,0.6093030566063347
64,23,2030,3,demand,0.6664737757679022
64,24,2030,3,demand,0.6222088865551472
64,1,2030,3,solar,0.0
64,2,2030,3,solar,0.0
64,3,2030,3,solar,0.0
64,4,2030,3,solar,0.0
64,5,2030,3,solar,0.0028975
64,6,2030,3,solar,0.0519125
64,7,2030,3,solar,0.1696925
64,8,2030,3,solar,0.2658325
64,9,2030,3,solar,0.35984249999999995
64,10,2030,3,solar,0.42464500000000005
64,11,2030,3,solar,0.46238999999999997
64,12,2030,3,solar,0.4852325
64,13,2030,3,solar,0.48546
64,14,2030,3,solar,0.47807
64,15,2030,3,solar,0.45996499999999996
64,16,2030,3,solar,0.405905
64,17,2030,3,solar,0.33171500000000004
64,18,2030,3,solar,0.24312500000000004
64,19,2030,3,solar,0.1397825
64,20,2030,3,solar,0.04629
64,21,2030,3,solar,0.0053325000000000004
64,22,2030,3,solar,0.0
64,23,2030,3,solar,0.0
64,24,2030,3,solar,0.0
64,1,2030,3,wind_offshore,0.1812210845254281
64,2,2030,3,wind_offshore,0.1652871833678608
64,3,2030,3,wind_offshore,0.1584635697564588
64,4,2030,3,wind_offshore,0.14770531941103304
64,5,2030,3,wind_offshore,0.12962501540157373
64,6,2030,3,wind_offshore,0.11490968711690311
64,7,2030,3,wind_offshore,0.10007292213597241
64,8,2030,3,wind_offshore,0.08368954251568861
64,9,2030,3,wind_offshore,0.07434920924210178
64,10,2030,3,wind_offshore,0.07162931722209506
64,11,2030,3,wind_offshore,0.06669160810554753
64,12,2030,3,wind_offshore,0.06495196056565264
64,13,2030,3,wind_offshore,0.0772270812761833
64,14,2030,3,wind_offshore,0.10315922483708051
64,15,2030,3,wind_offshore,0.14248618068449068
64,16,2030,3,wind_offshore,0.1922049731689271
64,17,2030,3,wind_offshore,0.23419820862631696
64,18,2030,3,wind_offshore,0.26942526340290984
64,19,2030,3,wind_offshore,0.30159368167702216
64,20,2030,3,wind_offshore,0.3128490045301983
64,21,2030,3,wind_offshore,0.3087674681255522
64,22,2030,3,wind_offshore,0.3209840957283462
64,23,2030,3,wind_offshore,0.34120425194036763
64,24,2030,3,wind_offshore,0.3650448641526952
64,1,2030,3,wind_onshore,0.04436860320412867
64,2,2030,3,wind_onshore,0.04490413123207956
64,3,2030,3,wind_onshore,0.048074560197223136
64,4,2030,3,wind_onshore,0.04878102018167441
64,5,2030,3,wind_onshore,0.04628201582474084
64,6,2030,3,wind_onshore,0.03954400010097925
64,7,2030,3,wind_onshore,0.026276059058276076
64,8,2030,3,wind_onshore,0.020691727372702858
64,9,2030,3,wind_onshore,0.018109634257347056
64,10,2030,3,wind_onshore,0.01897851157815328
64,11,2030,3,wind_onshore,0.019168858002997044
64,12,2030,3,wind_onshore,0.01964067092085607
64,13,2030,3,wind_onshore,0.024178845164863808
64,14,2030,3,wind_onshore,0.030441772764431173
64,15,2030,3,wind_onshore,0.040566677159029604
64,16,2030,3,wind_onshore,0.051132869106459075
64,17,2030,3,wind_onshore,0.057917235486923846
64,18,2030,3,wind_onshore,0.06679630960268736
64,19,2030,3,wind_onshore,0.0825498892520793
64,20,2030,3,wind_onshore,0.118835128272586
64,21,2030,3,wind_onshore,0.16422911569051896
64,22,2030,3,wind_onshore,0.20220239183261962
64,23,2030,3,wind_onshore,0.23217320037764688
64,24,2030,3,wind_onshore,0.23758239639911422
65,1,2030,3,demand,0.6081742876431948
65,2,2030,3,demand,0.5819589856796368
65,3,2030,3,demand,0.5726287814653279
65,4,2030,3,demand,0.5680101160560241
65,5,2030,3,demand,0.5708498987322782
65,6,2030,3,demand,0.5535004340045222
65,7,2030,3,demand,0.5908248229154388
65,8,2030,3,demand,0.6639447617618798
65,9,2030,3,demand,0.7100849791570668
65,10,2030,3,demand,0.745019664155513
65,11,2030,3,demand,0.7661305014091753
65,12,2030,3,demand,0.765912606134645
65,13,2030,3,demand,0.7516065311429501
65,14,2030,3,demand,0.7462627388364393
65,15,2030,3,demand,0.7530996495815339
65,16,2030,3,demand,0.7435158295558866
65,17,2030,3,demand,0.742397776753789
65,18,2030,3,demand,0.7490560848148426
65,19,2030,3,demand,0.7371504298966605
65,20,2030,3,demand,0.758314847955535
65,21,2030,3,demand,0.717111208747245
65,22,2030,3,demand,0.6815514143546549
65,23,2030,3,demand,0.6508174644848563
65,24,2030,3,demand,0.6203621348021617
65,1,2030,3,solar,0.0
65,2,2030,3,solar,0.0
65,3,2030,3,solar,0.0
65,4,2030,3,solar,0.0
65,5,2030,3,solar,0.0
65,6,2030,3,solar,0.0
65,7,2030,3,solar,0.0044275
65,8,2030,3,solar,0.0548925
65,9,2030,3,solar,0.1489625
65,10,2030,3,solar,0.2271225
65,11,2030,3,solar,0.286745
65,12,2030,3,solar,0.3159225
65,13,2030,3,solar,0.32757000000000003
65,14,2030,3,solar,0.318955
65,15,2030,3,solar,0.29891999999999996
65,16,2030,3,solar,0.26744999999999997
65,17,2030,3,solar,0.2172875
65,18,2030,3,solar,0.1159725
65,19,2030,3,solar,0.019880000000000002
65,20,2030,3,solar,0.0
65,21,2030,3,solar,0.0
65,22,2030,3,solar,0.0
65,23,2030,3,solar,0.0
65,24,2030,3,solar,0.0
65,1,2030,3,wind_offshore,0.8352595980869997
65,2,2030,3,wind_offshore,0.801989479300286
65,3,2030,3,wind_offshore,0.7707348101286118
65,4,2030,3,wind_offshore,0.7309763417760173
65,5,2030,3,wind_offshore,0.6896308953236067
65,6,2030,3,wind_offshore,0.6614342396834776
65,7,2030,3,wind_offshore,0.6380597901143648
65,8,2030,3,wind_offshore,0.6201089039417748
65,9,2030,3,wind_offshore,0.5957203801311802
65,10,2030,3,wind_offshore,0.5673911536383385
65,11,2030,3,wind_offshore,0.5032105515701735
65,12,2030,3,wind_offshore,0.4556029876588518
65,13,2030,3,wind_offshore,0.4400020756694035
65,14,2030,3,wind_offshore,0.4421302500265894
65,15,2030,3,wind_offshore,0.458787139996113
65,16,2030,3,wind_offshore,0.4711708347846748
65,17,2030,3,wind_offshore,0.47021537611969777
65,18,2030,3,wind_offshore,0.4678692500423104
65,19,2030,3,wind_offshore,0.4673261556273728
65,20,2030,3,wind_offshore,0.44405311829164335
65,21,2030,3,wind_offshore,0.40853773003444593
65,22,2030,3,wind_offshore,0.36627891533920304
65,23,2030,3,wind_offshore,0.31030411169353866
65,24,2030,3,wind_offshore,0.2636040248321203
65,1,2030,3,wind_onshore,0.6219397444145595
65,2,2030,3,wind_onshore,0.5981114224197226
65,3,2030,3,wind_onshore,0.5723622580490305
65,4,2030,3,wind_onshore,0.5431062489657598
65,5,2030,3,wind_onshore,0.4957846472965317
65,6,2030,3,wind_onshore,0.45625920479965854
65,7,2030,3,wind_onshore,0.4235923653573369
65,8,2030,3,wind_onshore,0.37363437295116975
65,9,2030,3,wind_onshore,0.3249954059469143
65,10,2030,3,wind_onshore,0.3134496137303161
65,11,2030,3,wind_onshore,0.29428059697548953
65,12,2030,3,wind_onshore,0.2804211153709651
65,13,2030,3,wind_onshore,0.28721842835668276
65,14,2030,3,wind_onshore,0.29101587563026005
65,15,2030,3,wind_onshore,0.290319468827813
65,16,2030,3,wind_onshore,0.2752411319325318
65,17,2030,3,wind_onshore,0.26203730968452155
65,18,2030,3,wind_onshore,0.2481077144597583
65,19,2030,3,wind_onshore,0.21409755835212915
65,20,2030,3,wind_onshore,0.19851644599978693
65,21,2030,3,wind_onshore,0.18244482665252368
65,22,2030,3,wind_onshore,0.15880654654022716
65,23,2030,3,wind_onshore,0.1452712106495774
65,24,2030,3,wind_onshore,0.11515263960932205
66,1,2030,3,demand,0.6179045618697557
66,2,2030,3,demand,0.5948076627695562
66,3,2030,3,demand,0.5900068226225303
66,4,2030,3,demand,0.5892138267053877
66,5,2030,3,demand,0.5806873345692639
66,6,2030,3,demand,0.5983404238598897
66,7,2030,3,demand,0.6036020589317417
66,8,2030,3,demand,0.7179935060064083
66,9,2030,3,demand,0.7691417426621088
66,10,2030,3,demand,0.8004793696039665
66,11,2030,3,demand,0.8099345956971042
66,12,2030,3,demand,0.7906240734985766
66,13,2030,3,demand,0.7953749048940707
66,14,2030,3,demand,0.8065375726466417
66,15,2030,3,demand,0.7742390632646429
66,16,2030,3,demand,0.7380148668874196
66,17,2030,3,demand,0.7115280888441191
66,18,2030,3,demand,0.7016263560408785
66,19,2030,3,demand,0.6886526570721305
66,20,2030,3,demand,0.6656200549381855
66,21,2030,3,demand,0.6339895195945005
66,22,2030,3,demand,0.6145468314097824
66,23,2030,3,demand,0.6822086722319264
66,24,2030,3,demand,0.631624820057796
66,1,2030,3,solar,0.0
66,2,2030,3,solar,0.0
66,3,2030,3,solar,0.0
66,4,2030,3,solar,0.0
66,5,2030,3,solar,0.0010625
66,6,2030,3,solar,0.042874999999999996
66,7,2030,3,solar,0.17832750000000003
66,8,2030,3,solar,0.2992975
66,9,2030,3,solar,0.4061825
66,10,2030,3,solar,0.46915
66,11,2030,3,solar,0.4979325
66,12,2030,3,solar,0.50461
66,13,2030,3,solar,0.5014500000000001
66,14,2030,3,solar,0.48687749999999996
66,15,2030,3,solar,0.4604025
66,16,2030,3,solar,0.42364749999999995
66,17,2030,3,solar,0.366665
66,18,2030,3,solar,0.28802
66,19,2030,3,solar,0.2069125
66,20,2030,3,solar,0.08358249999999999
66,21,2030,3,solar,0.0106225
66,22,2030,3,solar,0.0
66,23,2030,3,solar,0.0
66,24,2030,3,solar,0.0
66,1,2030,3,wind_offshore,0.35427701932904976
66,2,2030,3,wind_offshore,0.39725493726412325
66,3,2030,3,wind_offshore,0.42818891553499067
66,4,2030,3,wind_offshore,0.4589171291020223
66,5,2030,3,wind_offshore,0.462162051840334
66,6,2030,3,wind_offshore,0.47080565845115857
66,7,2030,3,wind_offshore,0.488535250090518
66,8,2030,3,wind_offshore,0.5388351281189415
66,9,2030,3,wind_offshore,0.5760416719198157
66,10,2030,3,wind_offshore,0.611285993023672
66,11,2030,3,wind_offshore,0.6199753189215027
66,12,2030,3,wind_offshore,0.6276126914997305
66,13,2030,3,wind_offshore,0.657012521546277
66,14,2030,3,wind_offshore,0.6742779229868303
66,15,2030,3,wind_offshore,0.6956418066911141
66,16,2030,3,wind_offshore,0.7033461788138351
66,17,2030,3,wind_offshore,0.7056820955254538
66,18,2030,3,wind_offshore,0.7076403149223477
66,19,2030,3,wind_offshore,0.7070028013159664
66,20,2030,3,wind_offshore,0.7043318557458058
66,21,2030,3,wind_offshore,0.7128930481159141
66,22,2030,3,wind_offshore,0.7251399709139418
66,23,2030,3,wind_offshore,0.7589740349527682
66,24,2030,3,wind_offshore,0.7786977748999039
66,1,2030,3,wind_onshore,0.19983552731447227
66,2,2030,3,wind_onshore,0.1955792428958856
66,3,2030,3,wind_onshore,0.19335654168914349
66,4,2030,3,wind_onshore,0.1908804843970069
66,5,2030,3,wind_onshore,0.18828268310141605
66,6,2030,3,wind_onshore,0.1768628996629414
66,7,2030,3,wind_onshore,0.17724770250499222
66,8,2030,3,wind_onshore,0.21712888058896912
66,9,2030,3,wind_onshore,0.2649525027740705
66,10,2030,3,wind_onshore,0.30751127008031626
66,11,2030,3,wind_onshore,0.31267996117571545
66,12,2030,3,wind_onshore,0.3201360802795946
66,13,2030,3,wind_onshore,0.3405109925624481
66,14,2030,3,wind_onshore,0.36021164931894273
66,15,2030,3,wind_onshore,0.3640916517847993
66,16,2030,3,wind_onshore,0.33726067271275084
66,17,2030,3,wind_onshore,0.28512603915766715
66,18,2030,3,wind_onshore,0.22657727429870828
66,19,2030,3,wind_onshore,0.1742960389362062
66,20,2030,3,wind_onshore,0.15989576302064457
66,21,2030,3,wind_onshore,0.16028329568369437
66,22,2030,3,wind_onshore,0.1902783270993561
66,23,2030,3,wind_onshore,0.2652529700458578
66,24,2030,3,wind_onshore,0.32479448408894446
67,1,2030,3,demand,0.5508785466027983
67,2,2030,3,demand,0.5282674468031906
67,3,2030,3,demand,0.5219877764323043
67,4,2030,3,demand,0.5198445442238107
67,5,2030,3,demand,0.5189943954477748
67,6,2030,3,demand,0.5819875621090834
67,7,2030,3,demand,0.6085493532796812
67,8,2030,3,demand,0.7399330597140215
67,9,2030,3,demand,0.8003757800472225
67,10,2030,3,demand,0.8317205510964418
67,11,2030,3,demand,0.8432975770759884
67,12,2030,3,demand,0.8172358734207058
67,13,2030,3,demand,0.8222581808959426
67,14,2030,3,demand,0.8151998028226368
67,15,2030,3,demand,0.798836224910788
67,16,2030,3,demand,0.7466235162582023
67,17,2030,3,demand,0.6908744744616022
67,18,2030,3,demand,0.6598690485120611
67,19,2030,3,demand,0.6471632535693748
67,20,2030,3,demand,0.6229518737207582
67,21,2030,3,demand,0.5992477254948188
67,22,2030,3,demand,0.5814446099495983
67,23,2030,3,demand,0.6433161517551287
67,24,2030,3,demand,0.5917785612482185
67,1,2030,3,solar,0.0
67,2,2030,3,solar,0.0
67,3,2030,3,solar,0.0
67,4,2030,3,solar,0.0
67,5,2030,3,solar,0.005265
67,6,2030,3,solar,0.10092500000000001
67,7,2030,3,solar,0.32252
67,8,2030,3,solar,0.46322
67,9,2030,3,solar,0.560535
67,10,2030,3,solar,0.5918475
67,11,2030,3,solar,0.587595
67,12,2030,3,solar,0.57456
67,13,2030,3,solar,0.5548425
67,14,2030,3,solar,0.529805
67,15,2030,3,solar,0.492215
67,16,2030,3,solar,0.4894825
67,17,2030,3,solar,0.4757075
67,18,2030,3,solar,0.44704999999999995
67,19,2030,3,solar,0.339675
67,20,2030,3,solar,0.14395750000000002
67,21,2030,3,solar,0.020542499999999998
67,22,2030,3,solar,0.0
67,23,2030,3,solar,0.0
67,24,2030,3,solar,0.0
67,1,2030,3,wind_offshore,0.09852290579516663
67,2,2030,3,wind_offshore,0.1024450805825199
67,3,2030,3,wind_offshore,0.10974332635565207
67,4,2030,3,wind_offshore,0.12280246088865862
67,5,2030,3,wind_offshore,0.13674296835539568
67,6,2030,3,wind_offshore,0.1598668177261031
67,7,2030,3,wind_offshore,0.19647685593397007
67,8,2030,3,wind_offshore,0.23169511821138383
67,9,2030,3,wind_offshore,0.26555000133332485
67,10,2030,3,wind_offshore,0.3069551055520194
67,11,2030,3,wind_offshore,0.3292856760420452
67,12,2030,3,wind_offshore,0.35036414866833904
67,13,2030,3,wind_offshore,0.4170358498851826
67,14,2030,3,wind_offshore,0.497112360903541
67,15,2030,3,wind_offshore,0.5793067120852008
67,16,2030,3,wind_offshore,0.6806857643989255
67,17,2030,3,wind_offshore,0.7559724551718208
67,18,2030,3,wind_offshore,0.809911844209014
67,19,2030,3,wind_offshore,0.8370591975057768
67,20,2030,3,wind_offshore,0.8523814574534081
67,21,2030,3,wind_offshore,0.8630072076692133
67,22,2030,3,wind_offshore,0.8649578779402229
67,23,2030,3,wind_offshore,0.8678268533089201
67,24,2030,3,wind_offshore,0.8695390424491464
67,1,2030,3,wind_onshore,0.0777251795573119
67,2,2030,3,wind_onshore,0.06962676727976731
67,3,2030,3,wind_onshore,0.06436705869616187
67,4,2030,3,wind_onshore,0.06468706643741338
67,5,2030,3,wind_onshore,0.0762053183127816
67,6,2030,3,wind_onshore,0.0938300601334397
67,7,2030,3,wind_onshore,0.09931223498483488
67,8,2030,3,wind_onshore,0.1126919727206621
67,9,2030,3,wind_onshore,0.13340694475954842
67,10,2030,3,wind_onshore,0.16198029617083504
67,11,2030,3,wind_onshore,0.18908511606440528
67,12,2030,3,wind_onshore,0.21595827151308608
67,13,2030,3,wind_onshore,0.2603664411644579
67,14,2030,3,wind_onshore,0.30449506713996893
67,15,2030,3,wind_onshore,0.334945828014527
67,16,2030,3,wind_onshore,0.36983239311474214
67,17,2030,3,wind_onshore,0.4014650648330387
67,18,2030,3,wind_onshore,0.4292113668195988
67,19,2030,3,wind_onshore,0.4838646241593041
67,20,2030,3,wind_onshore,0.5383619694100265
67,21,2030,3,wind_onshore,0.5094968318803106
67,22,2030,3,wind_onshore,0.4681804251578595
67,23,2030,3,wind_onshore,0.46198132782370155
67,24,2030,3,wind_onshore,0.4448831656301391
68,1,2030,3,demand,0.705001946769256
68,2,2030,3,demand,0.6818550389175249
68,3,2030,3,demand,0.662994595482781
68,4,2030,3,demand,0.6583544977513923
68,5,2030,3,demand,0.6615800622251752
68,6,2030,3,demand,0.6565041739447262
68,7,2030,3,demand,0.7215369832577845
68,8,2030,3,demand,0.7193008776535895
68,9,2030,3,demand,0.8372036534965047
68,10,2030,3,demand,0.8780536593903934
68,11,2030,3,demand,0.886544430989709
68,12,2030,3,demand,0.8857442909652047
68,13,2030,3,demand,0.8643941261149273
68,14,2030,3,demand,0.8812863679715379
68,15,2030,3,demand,0.8801254505252706
68,16,2030,3,demand,0.8542637818761141
68,17,2030,3,demand,0.8268232655000339
68,18,2030,3,demand,0.8066590224717898
68,19,2030,3,demand,0.8137495490282228
68,20,2030,3,demand,0.7957821190136846
68,21,2030,3,demand,0.7636264917789185
68,22,2030,3,demand,0.7200438648192006
68,23,2030,3,demand,0.6758146961432536
68,24,2030,3,demand,0.7503027315494497
68,1,2030,3,solar,0.0
68,2,2030,3,solar,0.0
68,3,2030,3,solar,0.0
68,4,2030,3,solar,0.0
68,5,2030,3,solar,0.0
68,6,2030,3,solar,0.0
68,7,2030,3,solar,0.0
68,8,2030,3,solar,0.0006775
68,9,2030,3,solar,0.090005
68,10,2030,3,solar,0.3474825
68,11,2030,3,solar,0.43868999999999997
68,12,2030,3,solar,0.41829
68,13,2030,3,solar,0.3895225
68,14,2030,3,solar,0.40496
68,15,2030,3,solar,0.45131499999999997
68,16,2030,3,solar,0.47960250000000004
68,17,2030,3,solar,0.301015
68,18,2030,3,solar,0.051157499999999995
68,19,2030,3,solar,0.0
68,20,2030,3,solar,0.0
68,21,2030,3,solar,0.0
68,22,2030,3,solar,0.0
68,23,2030,3,solar,0.0
68,24,2030,3,solar,0.0
68,1,2030,3,wind_offshore,0.9400208851950769
68,2,2030,3,wind_offshore,0.937856720219559
68,3,2030,3,wind_offshore,0.9351144644565456
68,4,2030,3,wind_offshore,0.9344021269616931
68,5,2030,3,wind_offshore,0.9292825955298925
68,6,2030,3,wind_offshore,0.9229780604868065
68,7,2030,3,wind_offshore,0.9142063117678036
68,8,2030,3,wind_offshore,0.8916977108871995
68,9,2030,3,wind_offshore,0.83926513075564
68,10,2030,3,wind_offshore,0.7690033818349038
68,11,2030,3,wind_offshore,0.6673323120975706
68,12,2030,3,wind_offshore,0.5660877925854503
68,13,2030,3,wind_offshore,0.45639468132339106
68,14,2030,3,wind_offshore,0.41070956033238953
68,15,2030,3,wind_offshore,0.36437436625980957
68,16,2030,3,wind_offshore,0.35401086219496064
68,17,2030,3,wind_offshore,0.35908714766803707
68,18,2030,3,wind_offshore,0.37849440351337427
68,19,2030,3,wind_offshore,0.4126664459213028
68,20,2030,3,wind_offshore,0.4744086165383111
68,21,2030,3,wind_offshore,0.5312592778027149
68,22,2030,3,wind_offshore,0.5874225926739258
68,23,2030,3,wind_offshore,0.655431438304307
68,24,2030,3,wind_offshore,0.7173268175665879
68,1,2030,3,wind_onshore,0.6377768580468222
68,2,2030,3,wind_onshore,0.5947352472228312
68,3,2030,3,wind_onshore,0.5621102361294039
68,4,2030,3,wind_onshore,0.5160526452828623
68,5,2030,3,wind_onshore,0.4893797362902015
68,6,2030,3,wind_onshore,0.4758068078967162
68,7,2030,3,wind_onshore,0.461015820357964
68,8,2030,3,wind_onshore,0.45230955179344545
68,9,2030,3,wind_onshore,0.40924187378614685
68,10,2030,3,wind_onshore,0.3600498009147018
68,11,2030,3,wind_onshore,0.30316137582796104
68,12,2030,3,wind_onshore,0.250824433603709
68,13,2030,3,wind_onshore,0.21333014520421484
68,14,2030,3,wind_onshore,0.18047215475880987
68,15,2030,3,wind_onshore,0.14413112021425548
68,16,2030,3,wind_onshore,0.11235973786508874
68,17,2030,3,wind_onshore,0.07093458798761802
68,18,2030,3,wind_onshore,0.041946234832562164
68,19,2030,3,wind_onshore,0.03904446038272406
68,20,2030,3,wind_onshore,0.05665247712444408
68,21,2030,3,wind_onshore,0.08763008361604001
68,22,2030,3,wind_onshore,0.12732970246500683
68,23,2030,3,wind_onshore,0.17093087576041147
68,24,2030,3,wind_onshore,0.20946848249044192
69,1,2030,3,demand,0.6581723230136702
69,2,2030,3,demand,0.6394869102092866
69,3,2030,3,demand,0.6179081339234367
69,4,2030,3,demand,0.6127893809988176
69,5,2030,3,demand,0.6119463763301435
69,6,2030,3,demand,0.6309175534289929
69,7,2030,3,demand,0.7075345328289594
69,8,2030,3,demand,0.7253840850720306
69,9,2030,3,demand,0.8591717836335644
69,10,2030,3,demand,0.8848834260281264
69,11,2030,3,demand,0.8966140503159482
69,12,2030,3,demand,0.8947887308850478
69,13,2030,3,demand,0.8722597883200989
69,14,2030,3,demand,0.8775321395529933
69,15,2030,3,demand,0.872942050573136
69,16,2030,3,demand,0.860832788595147
69,17,2030,3,demand,0.8185575332826102
69,18,2030,3,demand,0.8179681444252744
69,19,2030,3,demand,0.8290986636947181
69,20,2030,3,demand,0.80744130222789
69,21,2030,3,demand,0.7717850623859176
69,22,2030,3,demand,0.7233908791181315
69,23,2030,3,demand,0.6639519058692415
69,24,2030,3,demand,0.7431800565098893
69,1,2030,3,solar,0.0
69,2,2030,3,solar,0.0
69,3,2030,3,solar,0.0
69,4,2030,3,solar,0.0
69,5,2030,3,solar,0.0
69,6,2030,3,solar,0.0
69,7,2030,3,solar,0.0
69,8,2030,3,solar,0.0
69,9,2030,3,solar,0.0042049999999999995
69,10,2030,3,solar,0.01894
69,11,2030,3,solar,0.03079
69,12,2030,3,solar,0.045027500000000005
69,13,2030,3,solar,0.0571025
69,14,2030,3,solar,0.0543975
69,15,2030,3,solar,0.040345
69,16,2030,3,solar,0.02475
69,17,2030,3,solar,0.013300000000000001
69,18,2030,3,solar,0.0014624999999999998
69,19,2030,3,solar,0.0
69,20,2030,3,solar,0.0
69,21,2030,3,solar,0.0
69,22,2030,3,solar,0.0
69,23,2030,3,solar,0.0
69,24,2030,3,solar,0.0
69,1,2030,3,wind_offshore,0.8537241974647892
69,2,2030,3,wind_offshore,0.8699711526101285
69,3,2030,3,wind_offshore,0.8778326916169655
69,4,2030,3,wind_offshore,0.8856493422281175
69,5,2030,3,wind_offshore,0.8955025413896669
69,6,2030,3,wind_offshore,0.903359433377139
69,7,2030,3,wind_offshore,0.9150202601015313
69,8,2030,3,wind_offshore,0.9265780509671575
69,9,2030,3,wind_offshore,0.9311468005420324
69,10,2030,3,wind_offshore,0.9343455914459784
69,11,2030,3,wind_offshore,0.9345556273300111
69,12,2030,3,wind_offshore,0.9329868820240725
69,13,2030,3,wind_offshore,0.9353815518609268
69,14,2030,3,wind_offshore,0.9374210121987273
69,15,2030,3,wind_offshore,0.9357870162015822
69,16,2030,3,wind_offshore,0.9362106530055054
69,17,2030,3,wind_offshore,0.9342629492260752
69,18,2030,3,wind_offshore,0.9364349027376612
69,19,2030,3,wind_offshore,0.9381078017288436
69,20,2030,3,wind_offshore,0.9372202296784574
69,21,2030,3,wind_offshore,0.9392086808212969
69,22,2030,3,wind_offshore,0.9370150269928765
69,23,2030,3,wind_offshore,0.9355625815384427
69,24,2030,3,wind_offshore,0.9325276447518065
69,1,2030,3,wind_onshore,0.4136848688102595
69,2,2030,3,wind_onshore,0.4032115564534603
69,3,2030,3,wind_onshore,0.39257770308100326
69,4,2030,3,wind_onshore,0.39095112979413643
69,5,2030,3,wind_onshore,0.42027916900884665
69,6,2030,3,wind_onshore,0.47322409984490055
69,7,2030,3,wind_onshore,0.5159688815603563
69,8,2030,3,wind_onshore,0.5510393162362031
69,9,2030,3,wind_onshore,0.5484775492077969
69,10,2030,3,wind_onshore,0.5354351990411297
69,11,2030,3,wind_onshore,0.5181152308749014
69,12,2030,3,wind_onshore,0.5032818472106012
69,13,2030,3,wind_onshore,0.5198714554967043
69,14,2030,3,wind_onshore,0.4997580400942736
69,15,2030,3,wind_onshore,0.46716362290623437
69,16,2030,3,wind_onshore,0.48880754204742627
69,17,2030,3,wind_onshore,0.5656362287059701
69,18,2030,3,wind_onshore,0.6307942220091345
69,19,2030,3,wind_onshore,0.6441868478509715
69,20,2030,3,wind_onshore,0.653859211811531
69,21,2030,3,wind_onshore,0.6558620676021882
69,22,2030,3,wind_onshore,0.6568579972179724
69,23,2030,3,wind_onshore,0.656040607135187
69,24,2030,3,wind_onshore,0.6298477394317749
70,1,2030,3,demand,0.6611049790856257
70,2,2030,3,demand,0.6348575286389405
70,3,2030,3,demand,0.6221410175352116
70,4,2030,3,demand,0.6182474790231148
70,5,2030,3,demand,0.6338895020914375
70,6,2030,3,demand,0.660354847812653
70,7,2030,3,demand,0.6627409796714425
70,8,2030,3,demand,0.8034584623737726
70,9,2030,3,demand,0.864683462463074
70,10,2030,3,demand,0.878100096088244
70,11,2030,3,demand,0.8742494222203172
70,12,2030,3,demand,0.8408221438751783
70,13,2030,3,demand,0.8474447313994234
70,14,2030,3,demand,0.8497094134330652
70,15,2030,3,demand,0.8370857757250376
70,16,2030,3,demand,0.8130565706141432
70,17,2030,3,demand,0.821283010241078
70,18,2030,3,demand,0.8249729416933679
70,19,2030,3,demand,0.8155891566738466
70,20,2030,3,demand,0.7869770066904566
70,21,2030,3,demand,0.7343570839182572
70,22,2030,3,demand,0.6603584198663338
70,23,2030,3,demand,0.7193115938146319
70,24,2030,3,demand,0.6684491214533972
70,1,2030,3,solar,0.0
70,2,2030,3,solar,0.0
70,3,2030,3,solar,0.0
70,4,2030,3,solar,0.0
70,5,2030,3,solar,0.0
70,6,2030,3,solar,0.0
70,7,2030,3,solar,0.0
70,8,2030,3,solar,0.0
70,9,2030,3,solar,0.0032000000000000006
70,10,2030,3,solar,0.021634999999999998
70,11,2030,3,solar,0.045985
70,12,2030,3,solar,0.07184
70,13,2030,3,solar,0.0780125
70,14,2030,3,solar,0.0697
70,15,2030,3,solar,0.059985000000000004
70,16,2030,3,solar,0.03347
70,17,2030,3,solar,0.0031075
70,18,2030,3,solar,0.0
70,19,2030,3,solar,0.0
70,20,2030,3,solar,0.0
70,21,2030,3,solar,0.0
70,22,2030,3,solar,0.0
70,23,2030,3,solar,0.0
70,24,2030,3,solar,0.0
70,1,2030,3,wind_offshore,0.3197440527870865
70,2,2030,3,wind_offshore,0.34016595399371224
70,3,2030,3,wind_offshore,0.3521519887510892
70,4,2030,3,wind_offshore,0.35716704748460015
70,5,2030,3,wind_offshore,0.35422184144616864
70,6,2030,3,wind_offshore,0.35393665364577875
70,7,2030,3,wind_offshore,0.35045452228246204
70,8,2030,3,wind_offshore,0.33024102330935556
70,9,2030,3,wind_offshore,0.30493284429671125
70,10,2030,3,wind_offshore,0.2733846280137861
70,11,2030,3,wind_offshore,0.26808891915473165
70,12,2030,3,wind_offshore,0.27417464789542
70,13,2030,3,wind_offshore,0.292324772203937
70,14,2030,3,wind_offshore,0.32385393239278676
70,15,2030,3,wind_offshore,0.34719657239351503
70,16,2030,3,wind_offshore,0.3545560517930894
70,17,2030,3,wind_offshore,0.35111492983230974
70,18,2030,3,wind_offshore,0.34025979121427974
70,19,2030,3,wind_offshore,0.33853124751303215
70,20,2030,3,wind_offshore,0.35875680086441314
70,21,2030,3,wind_offshore,0.3877615707848496
70,22,2030,3,wind_offshore,0.4125273452791566
70,23,2030,3,wind_offshore,0.39849624787822735
70,24,2030,3,wind_offshore,0.4064882838555291
70,1,2030,3,wind_onshore,0.1005418504218362
70,2,2030,3,wind_onshore,0.09961870516908623
70,3,2030,3,wind_onshore,0.10518351356788569
70,4,2030,3,wind_onshore,0.1112894454833306
70,5,2030,3,wind_onshore,0.1235300211498955
70,6,2030,3,wind_onshore,0.13751385529593613
70,7,2030,3,wind_onshore,0.14602404006395586
70,8,2030,3,wind_onshore,0.13796937915211296
70,9,2030,3,wind_onshore,0.1213314806124687
70,10,2030,3,wind_onshore,0.10739452314032406
70,11,2030,3,wind_onshore,0.09870502844264568
70,12,2030,3,wind_onshore,0.09334091479034498
70,13,2030,3,wind_onshore,0.10788042730289384
70,14,2030,3,wind_onshore,0.12661967512744166
70,15,2030,3,wind_onshore,0.15049514511172518
70,16,2030,3,wind_onshore,0.1629447321780324
70,17,2030,3,wind_onshore,0.15891341489178565
70,18,2030,3,wind_onshore,0.15480743306992734
70,19,2030,3,wind_onshore,0.15129424987571702
70,20,2030,3,wind_onshore,0.15642044967247884
70,21,2030,3,wind_onshore,0.17130980645431587
70,22,2030,3,wind_onshore,0.1849500578916252
70,23,2030,3,wind_onshore,0.19187210960052678
70,24,2030,3,wind_onshore,0.20548812612135586
71,1,2030,3,demand,0.6378009008719383
71,2,2030,3,demand,0.6164435919142994
71,3,2030,3,demand,0.6156720283192416
71,4,2030,3,demand,0.618908308954067
71,5,2030,3,demand,0.6335680172601634
71,6,2030,3,demand,0.6669810073905791
71,7,2030,3,demand,0.6723783805023023
71,8,2030,3,demand,0.8051337555500784
71,9,2030,3,demand,0.8680590531914515
71,10,2030,3,demand,0.8731099370961347
71,11,2030,3,demand,0.8721026179581427
71,12,2030,3,demand,0.8465660061939412
71,13,2030,3,demand,0.8566177652517762
71,14,2030,3,demand,0.8558640619251227
71,15,2030,3,demand,0.8381538197756037
71,16,2030,3,demand,0.7953248961425393
71,17,2030,3,demand,0.7347178613400203
71,18,2030,3,demand,0.7314851527588757
71,19,2030,3,demand,0.7392150769241761
71,20,2030,3,demand,0.7731495868919919
71,21,2030,3,demand,0.747455804765834
71,22,2030,3,demand,0.6754289143457248
71,23,2030,3,demand,0.7215298391504228
71,24,2030,3,demand,0.6754467746141289
71,1,2030,3,solar,0.0
71,2,2030,3,solar,0.0
71,3,2030,3,solar,0.0
71,4,2030,3,solar,0.0
71,5,2030,3,solar,0.0
71,6,2030,3,solar,0.0
71,7,2030,3,solar,0.012602499999999999
71,8,2030,3,solar,0.07863250000000001
71,9,2030,3,solar,0.1444
71,10,2030,3,solar,0.16882499999999998
71,11,2030,3,solar,0.181265
71,12,2030,3,solar,0.1846
71,13,2030,3,solar,0.169885
71,14,2030,3,solar,0.14123
71,15,2030,3,solar,0.10274
71,16,2030,3,solar,0.0677775
71,17,2030,3,solar,0.0367
71,18,2030,3,solar,0.0205675
71,19,2030,3,solar,0.005105
71,20,2030,3,solar,0.0
71,21,2030,3,solar,0.0
71,22,2030,3,solar,0.0
71,23,2030,3,solar,0.0
71,24,2030,3,solar,0.0
71,1,2030,3,wind_offshore,0.35621731971611764
71,2,2030,3,wind_offshore,0.32213597380284154
71,3,2030,3,wind_offshore,0.29002248608291653
71,4,2030,3,wind_offshore,0.25436351690688314
71,5,2030,3,wind_offshore,0.21985884558042543
71,6,2030,3,wind_offshore,0.18660012292484046
71,7,2030,3,wind_offshore,0.15819386349077139
71,8,2030,3,wind_offshore,0.13120373226005078
71,9,2030,3,wind_offshore,0.11621768251502497
71,10,2030,3,wind_offshore,0.107591631993859
71,11,2030,3,wind_offshore,0.09560531526365346
71,12,2030,3,wind_offshore,0.08534795383640385
71,13,2030,3,wind_offshore,0.0839156905602227
71,14,2030,3,wind_offshore,0.08498532181515596
71,15,2030,3,wind_offshore,0.0908039040319267
71,16,2030,3,wind_offshore,0.10308776061624594
71,17,2030,3,wind_offshore,0.10517816581629368
71,18,2030,3,wind_offshore,0.1136832922279345
71,19,2030,3,wind_offshore,0.1137873765956573
71,20,2030,3,wind_offshore,0.10477252368029752
71,21,2030,3,wind_offshore,0.10541327065748324
71,22,2030,3,wind_offshore,0.10421732355269822
71,23,2030,3,wind_offshore,0.10418326617414159
71,24,2030,3,wind_offshore,0.10513675024019267
71,1,2030,3,wind_onshore,0.18290265683431653
71,2,2030,3,wind_onshore,0.16282183431362476
71,3,2030,3,wind_onshore,0.1478008540065504
71,4,2030,3,wind_onshore,0.13272729491844384
71,5,2030,3,wind_onshore,0.11930895920847698
71,6,2030,3,wind_onshore,0.10223223119977654
71,7,2030,3,wind_onshore,0.08634864919120563
71,8,2030,3,wind_onshore,0.06875705416249508
71,9,2030,3,wind_onshore,0.055984597186074354
71,10,2030,3,wind_onshore,0.05082480756577496
71,11,2030,3,wind_onshore,0.045546277943215224
71,12,2030,3,wind_onshore,0.04059265113989319
71,13,2030,3,wind_onshore,0.03866913173015181
71,14,2030,3,wind_onshore,0.03755682910749229
71,15,2030,3,wind_onshore,0.03780802694056649
71,16,2030,3,wind_onshore,0.03779610038058352
71,17,2030,3,wind_onshore,0.041093016466504345
71,18,2030,3,wind_onshore,0.0455198014233233
71,19,2030,3,wind_onshore,0.0506321496114064
71,20,2030,3,wind_onshore,0.05502292552676448
71,21,2030,3,wind_onshore,0.059746274651843054
71,22,2030,3,wind_onshore,0.058767039520362316
71,23,2030,3,wind_onshore,0.051668485907012056
71,24,2030,3,wind_onshore,0.04202491029414526
72,1,2030,3,demand,0.6036020589317417
72,2,2030,3,demand,0.5838771785062387
72,3,2030,3,demand,0.5705962829209398
72,4,2030,3,demand,0.5666956003014814
72,5,2030,3,demand,0.5636736428875053
72,6,2030,3,demand,0.5354151262185168
72,7,2030,3,demand,0.5588120778279057
72,8,2030,3,demand,0.624027061878686
72,9,2030,3,demand,0.6882347267914742
72,10,2030,3,demand,0.7059949776925248
72,11,2030,3,demand,0.7527745926965791
72,12,2030,3,demand,0.7593150229861654
72,13,2030,3,demand,0.7750677797185936
72,14,2030,3,demand,0.7692238998967676
72,15,2030,3,demand,0.785355294319363
72,16,2030,3,demand,0.7855874778086165
72,17,2030,3,demand,0.775685745005376
72,18,2030,3,demand,0.7642587452804241
72,19,2030,3,demand,0.7398294701572775
72,20,2030,3,demand,0.6976792367235695
72,21,2030,3,demand,0.6896778364785265
72,22,2030,3,demand,0.6758897092705509
72,23,2030,3,demand,0.6595439916271062
72,24,2030,3,demand,0.6285099892481185
72,1,2030,3,solar,0.0
72,2,2030,3,solar,0.0
72,3,2030,3,solar,0.0
72,4,2030,3,solar,0.0
72,5,2030,3,solar,0.0
72,6,2030,3,solar,0.0233425
72,7,2030,3,solar,0.1551425
72,8,2030,3,solar,0.2994925
72,9,2030,3,solar,0.407725
72,10,2030,3,solar,0.4824575
72,11,2030,3,solar,0.5218700000000001
72,12,2030,3,solar,0.5355575
72,13,2030,3,solar,0.5416449999999999
72,14,2030,3,solar,0.5442
72,15,2030,3,solar,0.5458025
72,16,2030,3,solar,0.5364749999999999
72,17,2030,3,solar,0.5073475000000001
72,18,2030,3,solar,0.4498575
72,19,2030,3,solar,0.29794
72,20,2030,3,solar,0.093775
72,21,2030,3,solar,0.0038775
72,22,2030,3,solar,0.0
72,23,2030,3,solar,0.0
72,24,2030,3,solar,0.0
72,1,2030,3,wind_offshore,0.13344743819611987
72,2,2030,3,wind_offshore,0.10339479509151603
72,3,2030,3,wind_offshore,0.07550809258192531
72,4,2030,3,wind_offshore,0.0573478977593719
72,5,2030,3,wind_offshore,0.043960519501058004
72,6,2030,3,wind_offshore,0.03635244472700791
72,7,2030,3,wind_offshore,0.030044526243920382
72,8,2030,3,wind_offshore,0.026638209059936132
72,9,2030,3,wind_offshore,0.022295931078440988
72,10,2030,3,wind_offshore,0.02058331914345369
72,11,2030,3,wind_offshore,0.019011617053515
72,12,2030,3,wind_offshore,0.01683421020584622
72,13,2030,3,wind_offshore,0.017763250159747807
72,14,2030,3,wind_offshore,0.020447652961563787
72,15,2030,3,wind_offshore,0.023596545441229584
72,16,2030,3,wind_offshore,0.024622334959646087
72,17,2030,3,wind_offshore,0.0264334799451447
72,18,2030,3,wind_offshore,0.02801957914218239
72,19,2030,3,wind_offshore,0.02941391038321113
72,20,2030,3,wind_offshore,0.029509925457974026
72,21,2030,3,wind_offshore,0.028596378671639784
72,22,2030,3,wind_offshore,0.029308234004688724
72,23,2030,3,wind_offshore,0.031705369879983375
72,24,2030,3,wind_offshore,0.03978847889935009
72,1,2030,3,wind_onshore,0.07381370561669198
72,2,2030,3,wind_onshore,0.057481668707394816
72,3,2030,3,wind_onshore,0.04363920734197346
72,4,2030,3,wind_onshore,0.034871604570022016
72,5,2030,3,wind_onshore,0.03218862322409545
72,6,2030,3,wind_onshore,0.03560723529933952
72,7,2030,3,wind_onshore,0.028268625626930468
72,8,2030,3,wind_onshore,0.016641424822993307
72,9,2030,3,wind_onshore,0.011507597962363529
72,10,2030,3,wind_onshore,0.009165181361936177
72,11,2030,3,wind_onshore,0.009169747470195732
72,12,2030,3,wind_onshore,0.010739547027767232
72,13,2030,3,wind_onshore,0.017730838261217848
72,14,2030,3,wind_onshore,0.027416628711982097
72,15,2030,3,wind_onshore,0.0386248231351454
72,16,2030,3,wind_onshore,0.04653498543928769
72,17,2030,3,wind_onshore,0.04873752241706452
72,18,2030,3,wind_onshore,0.04405634356900094
72,19,2030,3,wind_onshore,0.03739649790346117
72,20,2030,3,wind_onshore,0.028631511403603895
72,21,2030,3,wind_onshore,0.022190966694508478
72,22,2030,3,wind_onshore,0.01872239191911894
72,23,2030,3,wind_onshore,0.013719591571307928
72,24,2030,3,wind_onshore,0.009302500192818279
73,1,2030,3,demand,0.6054309504163229
73,2,2030,3,demand,0.5859525416947966
73,3,2030,3,demand,0.5744148083057392
73,4,2030,3,demand,0.5672028319241582
73,5,2030,3,demand,0.5742469217827406
73,6,2030,3,demand,0.5905533468356963
73,7,2030,3,demand,0.5987547820868653
73,8,2030,3,demand,0.715400195034131
73,9,2030,3,demand,0.7634085965043883
73,10,2030,3,demand,0.7904097502777272
73,11,2030,3,demand,0.787734282070791
73,12,2030,3,demand,0.7647588327957393
73,13,2030,3,demand,0.7755535790191855
73,14,2030,3,demand,0.7807080524806127
73,15,2030,3,demand,0.7797328818257482
73,16,2030,3,demand,0.7445981618211759
73,17,2030,3,demand,0.6833695896781937
73,18,2030,3,demand,0.6849662976735215
73,19,2030,3,demand,0.6872381238145246
73,20,2030,3,demand,0.7075309607752787
73,21,2030,3,demand,0.6975184943079324
73,22,2030,3,demand,0.6367435729824148
73,23,2030,3,demand,0.6830159563637922
73,24,2030,3,demand,0.6364113719900983
73,1,2030,3,solar,0.0
73,2,2030,3,solar,0.0
73,3,2030,3,solar,0.0
73,4,2030,3,solar,0.0
73,5,2030,3,solar,0.0
73,6,2030,3,solar,0.0
73,7,2030,3,solar,0.0076175
73,8,2030,3,solar,0.0340825
73,9,2030,3,solar,0.0701075
73,10,2030,3,solar,0.121955
73,11,2030,3,solar,0.1733475
73,12,2030,3,solar,0.2130725
73,13,2030,3,solar,0.23485250000000002
73,14,2030,3,solar,0.2348
73,15,2030,3,solar,0.2183675
73,16,2030,3,solar,0.19596249999999998
73,17,2030,3,solar,0.16826750000000001
73,18,2030,3,solar,0.1344475
73,19,2030,3,solar,0.0355125
73,20,2030,3,solar,0.0012050000000000001
73,21,2030,3,solar,0.0
73,22,2030,3,solar,0.0
73,23,2030,3,solar,0.0
73,24,2030,3,solar,0.0
73,1,2030,3,wind_offshore,0.9463049037055141
73,2,2030,3,wind_offshore,0.9482235654517039
73,3,2030,3,wind_offshore,0.9477614760537172
73,4,2030,3,wind_offshore,0.9469572262796031
73,5,2030,3,wind_offshore,0.9459323205774283
73,6,2030,3,wind_offshore,0.9447331961359076
73,7,2030,3,wind_offshore,0.9340107721566535
73,8,2030,3,wind_offshore,0.9242701985230877
73,9,2030,3,wind_offshore,0.9190387870583456
73,10,2030,3,wind_offshore,0.9121804402247046
73,11,2030,3,wind_offshore,0.8944341457856381
73,12,2030,3,wind_offshore,0.8755473386879277
73,13,2030,3,wind_offshore,0.8515516877179211
73,14,2030,3,wind_offshore,0.846850455931994
73,15,2030,3,wind_offshore,0.8183891709163597
73,16,2030,3,wind_offshore,0.7886642435631642
73,17,2030,3,wind_offshore,0.7695878819396482
73,18,2030,3,wind_offshore,0.7551823576166335
73,19,2030,3,wind_offshore,0.7616108208884471
73,20,2030,3,wind_offshore,0.7906537373295625
73,21,2030,3,wind_offshore,0.8060444496538053
73,22,2030,3,wind_offshore,0.8176140313486905
73,23,2030,3,wind_offshore,0.8413486981188681
73,24,2030,3,wind_offshore,0.8496482780482144
73,1,2030,3,wind_onshore,0.7129215861628111
73,2,2030,3,wind_onshore,0.7435379853383481
73,3,2030,3,wind_onshore,0.7423499770478122
73,4,2030,3,wind_onshore,0.737560816383367
73,5,2030,3,wind_onshore,0.7410647646820521
73,6,2030,3,wind_onshore,0.7385589517178225
73,7,2030,3,wind_onshore,0.6391477222234683
73,8,2030,3,wind_onshore,0.5350475366316945
73,9,2030,3,wind_onshore,0.4462292022666006
73,10,2030,3,wind_onshore,0.40706032728274033
73,11,2030,3,wind_onshore,0.38123387466807696
73,12,2030,3,wind_onshore,0.37743489145415976
73,13,2030,3,wind_onshore,0.40046946731982835
73,14,2030,3,wind_onshore,0.396777630010258
73,15,2030,3,wind_onshore,0.38991209597594106
73,16,2030,3,wind_onshore,0.35970883149657107
73,17,2030,3,wind_onshore,0.31963850453749043
73,18,2030,3,wind_onshore,0.29156553683781683
73,19,2030,3,wind_onshore,0.28655714664089316
73,20,2030,3,wind_onshore,0.25886816519062233
73,21,2030,3,wind_onshore,0.24953869285984812
73,22,2030,3,wind_onshore,0.25277034911317325
73,23,2030,3,wind_onshore,0.27977225224241187
73,24,2030,3,wind_onshore,0.279183663368857
74,1,2030,3,demand,0.7524388196505817
74,2,2030,3,demand,0.7334497822833282
74,3,2030,3,demand,0.7076917031909157
74,4,2030,3,demand,0.704419702019282
74,5,2030,3,demand,0.7038303131619462
74,6,2030,3,demand,0.6816835803408454
74,7,2030,3,demand,0.6961218213187308
74,8,2030,3,demand,0.7392900900514733
74,9,2030,3,demand,0.7800043579054906
74,10,2030,3,demand,0.8262517369111023
74,11,2030,3,demand,0.8493772124407487
74,12,2030,3,demand,0.8755353615454133
74,13,2030,3,demand,0.8741172562341267
74,14,2030,3,demand,0.8645191479937561
74,15,2030,3,demand,0.8591682115798837
74,16,2030,3,demand,0.8596147182899865
74,17,2030,3,demand,0.8736814656850663
74,18,2030,3,demand,0.9163210704730471
74,19,2030,3,demand,0.916624695035917
74,20,2030,3,demand,0.8921025465170691
74,21,2030,3,demand,0.8646405978189041
74,22,2030,3,demand,0.8311954592053611
74,23,2030,3,demand,0.8032548553139657
74,24,2030,3,demand,0.7728388182217603
74,1,2030,3,solar,0.0
74,2,2030,3,solar,0.0
74,3,2030,3,solar,0.0
74,4,2030,3,solar,0.0
74,5,2030,3,solar,0.0
74,6,2030,3,solar,0.0
74,7,2030,3,solar,0.0
74,8,2030,3,solar,0.0
74,9,2030,3,solar,0.0
74,10,2030,3,solar,0.0148025
74,11,2030,3,solar,0.0550025
74,12,2030,3,solar,0.08137499999999999
74,13,2030,3,solar,0.0908125
74,14,2030,3,solar,0.0837975
74,15,2030,3,solar,0.068845
74,16,2030,3,solar,0.0315325
74,17,2030,3,solar,0.00231
74,18,2030,3,solar,0.0
74,19,2030,3,solar,0.0
74,20,2030,3,solar,0.0
74,21,2030,3,solar,0.0
74,22,2030,3,solar,0.0
74,23,2030,3,solar,0.0
74,24,2030,3,solar,0.0
74,1,2030,3,wind_offshore,0.12804718928151865
74,2,2030,3,wind_offshore,0.09661715619260954
74,3,2030,3,wind_offshore,0.08234086546529581
74,4,2030,3,wind_offshore,0.07563049567154284
74,5,2030,3,wind_offshore,0.0624812411452572
74,6,2030,3,wind_offshore,0.05514416926985481
74,7,2030,3,wind_offshore,0.04891707785632005
74,8,2030,3,wind_offshore,0.04600415616216112
74,9,2030,3,wind_offshore,0.04193497242383008
74,10,2030,3,wind_offshore,0.04318199479881445
74,11,2030,3,wind_offshore,0.05405000743458439
74,12,2030,3,wind_offshore,0.06667097322776852
74,13,2030,3,wind_offshore,0.07994350323346991
74,14,2030,3,wind_offshore,0.09789669476043632
74,15,2030,3,wind_offshore,0.1300978913027057
74,16,2030,3,wind_offshore,0.15341929970148271
74,17,2030,3,wind_offshore,0.1733009995831707
74,18,2030,3,wind_offshore,0.191587669316802
74,19,2030,3,wind_offshore,0.20103489856291185
74,20,2030,3,wind_offshore,0.2143625652243148
74,21,2030,3,wind_offshore,0.2293699060910549
74,22,2030,3,wind_offshore,0.2720992742764312
74,23,2030,3,wind_offshore,0.29754187210263655
74,24,2030,3,wind_offshore,0.33859975828461925
74,1,2030,3,wind_onshore,0.03962818632144344
74,2,2030,3,wind_onshore,0.032423233750933415
74,3,2030,3,wind_onshore,0.029630229187402168
74,4,2030,3,wind_onshore,0.025563172864396678
74,5,2030,3,wind_onshore,0.019048658567143436
74,6,2030,3,wind_onshore,0.015112900879308305
74,7,2030,3,wind_onshore,0.008125183590408536
74,8,2030,3,wind_onshore,0.006864037084495086
74,9,2030,3,wind_onshore,0.005588927197116124
74,10,2030,3,wind_onshore,0.007414109446698543
74,11,2030,3,wind_onshore,0.00787328170219501
74,12,2030,3,wind_onshore,0.00887824615866976
74,13,2030,3,wind_onshore,0.012350543272974726
74,14,2030,3,wind_onshore,0.014623847741964435
74,15,2030,3,wind_onshore,0.01808572038949938
74,16,2030,3,wind_onshore,0.019234442818258427
74,17,2030,3,wind_onshore,0.024066407074723656
74,18,2030,3,wind_onshore,0.029679509603444933
74,19,2030,3,wind_onshore,0.03357070303761161
74,20,2030,3,wind_onshore,0.03934010288297067
74,21,2030,3,wind_onshore,0.04289204414943368
74,22,2030,3,wind_onshore,0.048541256916521905
74,23,2030,3,wind_onshore,0.0625135901035567
74,24,2030,3,wind_onshore,0.08079562243939437
75,1,2030,3,demand,0.611774917753464
75,2,2030,3,demand,0.5887458876732
75,3,2030,3,demand,0.580040792853035
75,4,2030,3,demand,0.5755328611078367
75,5,2030,3,demand,0.5738075591799994
75,6,2030,3,demand,0.5744255244667817
75,7,2030,3,demand,0.5514465031380492
75,8,2030,3,demand,0.6372115120146026
75,9,2030,3,demand,0.6871631106872275
75,10,2030,3,demand,0.7047126104211094
75,11,2030,3,demand,0.7145250418823295
75,12,2030,3,demand,0.7110601498119314
75,13,2030,3,demand,0.7136534607842087
75,14,2030,3,demand,0.7199045547256484
75,15,2030,3,demand,0.7093669963672214
75,16,2030,3,demand,0.6865915820982958
75,17,2030,3,demand,0.6651949805501678
75,18,2030,3,demand,0.6653092862679542
75,19,2030,3,demand,0.6565541826962575
75,20,2030,3,demand,0.6441627284774837
75,21,2030,3,demand,0.635954149118953
75,22,2030,3,demand,0.6150040542809277
75,23,2030,3,demand,0.6766684169729703
75,24,2030,3,demand,0.6318391432786453
75,1,2030,3,solar,0.0
75,2,2030,3,solar,0.0
75,3,2030,3,solar,0.0
75,4,2030,3,solar,0.0
75,5,2030,3,solar,0.0
75,6,2030,3,solar,0.0010699999999999998
75,7,2030,3,solar,0.0123125
75,8,2030,3,solar,0.0237175
75,9,2030,3,solar,0.039377499999999996
75,10,2030,3,solar,0.061544999999999996
75,11,2030,3,solar,0.08232
75,12,2030,3,solar,0.0970025
75,13,2030,3,solar,0.11288500000000001
75,14,2030,3,solar,0.1171225
75,15,2030,3,solar,0.110015
75,16,2030,3,solar,0.11459749999999999
75,17,2030,3,solar,0.11162249999999999
75,18,2030,3,solar,0.10619
75,19,2030,3,solar,0.070385
75,20,2030,3,solar,0.0189625
75,21,2030,3,solar,0.0
75,22,2030,3,solar,0.0
75,23,2030,3,solar,0.0
75,24,2030,3,solar,0.0
75,1,2030,3,wind_offshore,0.6668173257546874
75,2,2030,3,wind_offshore,0.6751110333171404
75,3,2030,3,wind_offshore,0.6857684824393099
75,4,2030,3,wind_offshore,0.6815826212602965
75,5,2030,3,wind_offshore,0.6728958534239744
75,6,2030,3,wind_offshore,0.6642370427444527
75,7,2030,3,wind_offshore,0.6478384084370388
75,8,2030,3,wind_offshore,0.6372232869460002
75,9,2030,3,wind_offshore,0.6171885984932448
75,10,2030,3,wind_offshore,0.5946315623542382
75,11,2030,3,wind_offshore,0.548905384736101
75,12,2030,3,wind_offshore,0.5062356878299354
75,13,2030,3,wind_offshore,0.4570411396588772
75,14,2030,3,wind_offshore,0.4073769732881101
75,15,2030,3,wind_offshore,0.3542828497841235
75,16,2030,3,wind_offshore,0.3078319772917984
75,17,2030,3,wind_offshore,0.2699338334088095
75,18,2030,3,wind_offshore,0.23721371815397757
75,19,2030,3,wind_offshore,0.19398033113801091
75,20,2030,3,wind_offshore,0.14955141097090469
75,21,2030,3,wind_offshore,0.13113891201429884
75,22,2030,3,wind_offshore,0.14144291852642338
75,23,2030,3,wind_offshore,0.2092310800795873
75,24,2030,3,wind_offshore,0.32127752618382055
75,1,2030,3,wind_onshore,0.30698920605978974
75,2,2030,3,wind_onshore,0.33814036650984863
75,3,2030,3,wind_onshore,0.3583423832266284
75,4,2030,3,wind_onshore,0.37414218856562054
75,5,2030,3,wind_onshore,0.3965905768943216
75,6,2030,3,wind_onshore,0.4012800316575247
75,7,2030,3,wind_onshore,0.3449592305663004
75,8,2030,3,wind_onshore,0.27998468899549145
75,9,2030,3,wind_onshore,0.23176325337249368
75,10,2030,3,wind_onshore,0.21567453796632755
75,11,2030,3,wind_onshore,0.20971410516440264
75,12,2030,3,wind_onshore,0.20957801254798702
75,13,2030,3,wind_onshore,0.2119321412010579
75,14,2030,3,wind_onshore,0.2046406895838419
75,15,2030,3,wind_onshore,0.19189333637033548
75,16,2030,3,wind_onshore,0.1805292450618563
75,17,2030,3,wind_onshore,0.17120259847192282
75,18,2030,3,wind_onshore,0.16843539718859066
75,19,2030,3,wind_onshore,0.1723329795079713
75,20,2030,3,wind_onshore,0.14596938138380464
75,21,2030,3,wind_onshore,0.11851612505302489
75,22,2030,3,wind_onshore,0.10102974873380313
75,23,2030,3,wind_onshore,0.10934209250090826
75,24,2030,3,wind_onshore,0.1238494819097798
76,1,2030,3,demand,0.6219052619922772
76,2,2030,3,demand,0.5925251204675104
76,3,2030,3,demand,0.5788084343331512
76,4,2030,3,demand,0.5793263821168705
76,5,2030,3,demand,0.5892031105443453
76,6,2030,3,demand,0.6076170472689864
76,7,2030,3,demand,0.6064132651785491
76,8,2030,3,demand,0.7144821772381595
76,9,2030,3,demand,0.7653589378141175
76,10,2030,3,demand,0.7951927301563488
76,11,2030,3,demand,0.8067697561358952
76,12,2030,3,demand,0.7848302024282822
76,13,2030,3,demand,0.7923850959632223
76,14,2030,3,demand,0.7906026411764916
76,15,2030,3,demand,0.7861732946122715
76,16,2030,3,demand,0.7395758543459392
76,17,2030,3,demand,0.7133355480066156
76,18,2030,3,demand,0.701276294780158
76,19,2030,3,demand,0.6895063779018471
76,20,2030,3,demand,0.689067015299106
76,21,2030,3,demand,0.66976363720794
76,22,2030,3,demand,0.6267382506224304
76,23,2030,3,demand,0.6808584359405754
76,24,2030,3,demand,0.6307853874428025
76,1,2030,3,solar,0.0
76,2,2030,3,solar,0.0
76,3,2030,3,solar,0.0
76,4,2030,3,solar,0.0
76,5,2030,3,solar,0.0
76,6,2030,3,solar,9.5e-5
76,7,2030,3,solar,0.0190175
76,8,2030,3,solar,0.09297500000000002
76,9,2030,3,solar,0.1985325
76,10,2030,3,solar,0.3021875
76,11,2030,3,solar,0.381675
76,12,2030,3,solar,0.4296775
76,13,2030,3,solar,0.42532749999999997
76,14,2030,3,solar,0.4092375
76,15,2030,3,solar,0.3850275
76,16,2030,3,solar,0.363715
76,17,2030,3,solar,0.33044500000000004
76,18,2030,3,solar,0.246895
76,19,2030,3,solar,0.061177499999999996
76,20,2030,3,solar,0.0013775
76,21,2030,3,solar,0.0
76,22,2030,3,solar,0.0
76,23,2030,3,solar,0.0
76,24,2030,3,solar,0.0
76,1,2030,3,wind_offshore,0.8619573524647853
76,2,2030,3,wind_offshore,0.8430884775251565
76,3,2030,3,wind_offshore,0.8129155067774306
76,4,2030,3,wind_offshore,0.7760068983118097
76,5,2030,3,wind_offshore,0.7468845402295635
76,6,2030,3,wind_offshore,0.7334252610211744
76,7,2030,3,wind_offshore,0.7313957509912498
76,8,2030,3,wind_offshore,0.7420019583293297
76,9,2030,3,wind_offshore,0.7750449112947655
76,10,2030,3,wind_offshore,0.8099788819545375
76,11,2030,3,wind_offshore,0.8092549302671874
76,12,2030,3,wind_offshore,0.8191266145969913
76,13,2030,3,wind_offshore,0.8293808124291199
76,14,2030,3,wind_offshore,0.8466043093353632
76,15,2030,3,wind_offshore,0.8355834154091326
76,16,2030,3,wind_offshore,0.8370655395002844
76,17,2030,3,wind_offshore,0.8405082448498428
76,18,2030,3,wind_offshore,0.8494171603189223
76,19,2030,3,wind_offshore,0.8478911091872638
76,20,2030,3,wind_offshore,0.8582236477610826
76,21,2030,3,wind_offshore,0.8563033271159118
76,22,2030,3,wind_offshore,0.8477547421868995
76,23,2030,3,wind_offshore,0.8568272288488906
76,24,2030,3,wind_offshore,0.8650740098351711
76,1,2030,3,wind_onshore,0.2842456574516766
76,2,2030,3,wind_onshore,0.2817770328635727
76,3,2030,3,wind_onshore,0.2718805205735831
76,4,2030,3,wind_onshore,0.2562432627684767
76,5,2030,3,wind_onshore,0.22026481531766762
76,6,2030,3,wind_onshore,0.20093348068229488
76,7,2030,3,wind_onshore,0.19091974890732177
76,8,2030,3,wind_onshore,0.20385302441788872
76,9,2030,3,wind_onshore,0.24404671837580189
76,10,2030,3,wind_onshore,0.28965917281480236
76,11,2030,3,wind_onshore,0.3037753318450754
76,12,2030,3,wind_onshore,0.32719357075127453
76,13,2030,3,wind_onshore,0.36055062758480433
76,14,2030,3,wind_onshore,0.38214826728537543
76,15,2030,3,wind_onshore,0.4072908227271459
76,16,2030,3,wind_onshore,0.41758388937015206
76,17,2030,3,wind_onshore,0.42074562997502357
76,18,2030,3,wind_onshore,0.45618448168472214
76,19,2030,3,wind_onshore,0.4930423807251535
76,20,2030,3,wind_onshore,0.4430827498890914
76,21,2030,3,wind_onshore,0.35304292797880105
76,22,2030,3,wind_onshore,0.30092629881715033
76,23,2030,3,wind_onshore,0.3094644762735275
76,24,2030,3,wind_onshore,0.30101579367696707
77,1,2030,3,demand,0.6474383017027979
77,2,2030,3,demand,0.6260845647988398
77,3,2030,3,demand,0.6136609620969384
77,4,2030,3,demand,0.6111748127350859
77,5,2030,3,demand,0.6179902911580956
77,6,2030,3,demand,0.6055988369393215
77,7,2030,3,demand,0.6595046990366172
77,8,2030,3,demand,0.7226478919525202
77,9,2030,3,demand,0.7672306939428687
77,10,2030,3,demand,0.7912777593221672
77,11,2030,3,demand,0.8181324588945923
77,12,2030,3,demand,0.8202828352104476
77,13,2030,3,demand,0.8204542937871271
77,14,2030,3,demand,0.8144032348518133
77,15,2030,3,demand,0.8023689860011217
77,16,2030,3,demand,0.81304228239942
77,17,2030,3,demand,0.8679304592589417
77,18,2030,3,demand,0.8515668813470929
77,19,2030,3,demand,0.8223653425063673
77,20,2030,3,demand,0.7989648188432976
77,21,2030,3,demand,0.7718922239963423
77,22,2030,3,demand,0.73788627295491
77,23,2030,3,demand,0.6946858557390401
77,24,2030,3,demand,0.656747073595022
77,1,2030,3,solar,0.0
77,2,2030,3,solar,0.0
77,3,2030,3,solar,0.0
77,4,2030,3,solar,0.0
77,5,2030,3,solar,0.0
77,6,2030,3,solar,0.0
77,7,2030,3,solar,0.0
77,8,2030,3,solar,0.0
77,9,2030,3,solar,0.05222
77,10,2030,3,solar,0.17500999999999997
77,11,2030,3,solar,0.21752
77,12,2030,3,solar,0.21941249999999998
77,13,2030,3,solar,0.23687249999999999
77,14,2030,3,solar,0.27140499999999995
77,15,2030,3,solar,0.3158375
77,16,2030,3,solar,0.23517
77,17,2030,3,solar,0.041755
77,18,2030,3,solar,0.0
77,19,2030,3,solar,0.0
77,20,2030,3,solar,0.0
77,21,2030,3,solar,0.0
77,22,2030,3,solar,0.0
77,23,2030,3,solar,0.0
77,24,2030,3,solar,0.0
77,1,2030,3,wind_offshore,0.031975040328394676
77,2,2030,3,wind_offshore,0.03180367765389339
77,3,2030,3,wind_offshore,0.03427895739429297
77,4,2030,3,wind_offshore,0.03742409044833381
77,5,2030,3,wind_offshore,0.05272669700601813
77,6,2030,3,wind_offshore,0.07400306605002856
77,7,2030,3,wind_offshore,0.11063343263260474
77,8,2030,3,wind_offshore,0.16938034562384335
77,9,2030,3,wind_offshore,0.22928652610125078
77,10,2030,3,wind_offshore,0.2948529442856662
77,11,2030,3,wind_offshore,0.33354252474713303
77,12,2030,3,wind_offshore,0.3508692055605804
77,13,2030,3,wind_offshore,0.37989558153483544
77,14,2030,3,wind_offshore,0.40810100619693446
77,15,2030,3,wind_offshore,0.4446960354303308
77,16,2030,3,wind_offshore,0.5065986036022014
77,17,2030,3,wind_offshore,0.5845371094875822
77,18,2030,3,wind_offshore,0.6732407131010784
77,19,2030,3,wind_offshore,0.7641205316025506
77,20,2030,3,wind_offshore,0.8300958510777907
77,21,2030,3,wind_offshore,0.8749277936180685
77,22,2030,3,wind_offshore,0.8987057917373121
77,23,2030,3,wind_offshore,0.902719379396717
77,24,2030,3,wind_offshore,0.9082761885877753
77,1,2030,3,wind_onshore,0.011636748455234852
77,2,2030,3,wind_onshore,0.012550430659780074
77,3,2030,3,wind_onshore,0.015229286521269137
77,4,2030,3,wind_onshore,0.016408455255699183
77,5,2030,3,wind_onshore,0.018115392343137943
77,6,2030,3,wind_onshore,0.022154034866633712
77,7,2030,3,wind_onshore,0.02992138992885654
77,8,2030,3,wind_onshore,0.0430803794806723
77,9,2030,3,wind_onshore,0.055493198991877844
77,10,2030,3,wind_onshore,0.06331917059891905
77,11,2030,3,wind_onshore,0.056143285039880184
77,12,2030,3,wind_onshore,0.04489788550400685
77,13,2030,3,wind_onshore,0.04729974357183778
77,14,2030,3,wind_onshore,0.05764996532510341
77,15,2030,3,wind_onshore,0.0745848000101413
77,16,2030,3,wind_onshore,0.1024347404712732
77,17,2030,3,wind_onshore,0.12787987766002742
77,18,2030,3,wind_onshore,0.15538837637409772
77,19,2030,3,wind_onshore,0.20217959457628196
77,20,2030,3,wind_onshore,0.26056120362491697
77,21,2030,3,wind_onshore,0.32286324851718434
77,22,2030,3,wind_onshore,0.37796352054449334
77,23,2030,3,wind_onshore,0.4116779946784538
77,24,2030,3,wind_onshore,0.44321433343536865
78,1,2030,3,demand,0.6215623448389183
78,2,2030,3,demand,0.6007229836649985
78,3,2030,3,demand,0.5975617161574704
78,4,2030,3,demand,0.5954184839489768
78,5,2030,3,demand,0.5959614361084619
78,6,2030,3,demand,0.6148040192748017
78,7,2030,3,demand,0.6412765091033787
78,8,2030,3,demand,0.7683844672817743
78,9,2030,3,demand,0.8310097124139583
78,10,2030,3,demand,0.8435619090483691
78,11,2030,3,demand,0.8513597022336052
78,12,2030,3,demand,0.8287093098435083
78,13,2030,3,demand,0.8389896803369161
78,14,2030,3,demand,0.8495272386953431
78,15,2030,3,demand,0.8485056313426279
78,16,2030,3,demand,0.795167725780583
78,17,2030,3,demand,0.7413440209179464
78,18,2030,3,demand,0.7241267221763809
78,19,2030,3,demand,0.7078703058749568
78,20,2030,3,demand,0.68574143332226
78,21,2030,3,demand,0.6591832142053432
78,22,2030,3,demand,0.6332358162678469
78,23,2030,3,demand,0.6792152912473969
78,24,2030,3,demand,0.6306210729734847
78,1,2030,3,solar,0.0
78,2,2030,3,solar,0.0
78,3,2030,3,solar,0.0
78,4,2030,3,solar,0.0
78,5,2030,3,solar,0.0032475
78,6,2030,3,solar,0.063195
78,7,2030,3,solar,0.2169325
78,8,2030,3,solar,0.3424275
78,9,2030,3,solar,0.4522475
78,10,2030,3,solar,0.48742499999999994
78,11,2030,3,solar,0.492795
78,12,2030,3,solar,0.48807999999999996
78,13,2030,3,solar,0.5001599999999999
78,14,2030,3,solar,0.5014475
78,15,2030,3,solar,0.49236250000000004
78,16,2030,3,solar,0.44792
78,17,2030,3,solar,0.3829475
78,18,2030,3,solar,0.30306500000000003
78,19,2030,3,solar,0.22355250000000002
78,20,2030,3,solar,0.093575
78,21,2030,3,solar,0.011814999999999999
78,22,2030,3,solar,0.0
78,23,2030,3,solar,0.0
78,24,2030,3,solar,0.0
78,1,2030,3,wind_offshore,0.44148002672024017
78,2,2030,3,wind_offshore,0.41791585832795713
78,3,2030,3,wind_offshore,0.3935980906022744
78,4,2030,3,wind_offshore,0.36805954407686386
78,5,2030,3,wind_offshore,0.33948315059821055
78,6,2030,3,wind_offshore,0.314489807524394
78,7,2030,3,wind_offshore,0.3037744758094306
78,8,2030,3,wind_offshore,0.29394374385271504
78,9,2030,3,wind_offshore,0.2898111253168645
78,10,2030,3,wind_offshore,0.2784121006339085
78,11,2030,3,wind_offshore,0.26031198332085975
78,12,2030,3,wind_offshore,0.2374241311428869
78,13,2030,3,wind_offshore,0.24148707340659428
78,14,2030,3,wind_offshore,0.25333096378611863
78,15,2030,3,wind_offshore,0.25970707505611323
78,16,2030,3,wind_offshore,0.27033185252594755
78,17,2030,3,wind_offshore,0.2735632487145964
78,18,2030,3,wind_offshore,0.28102544950485014
78,19,2030,3,wind_offshore,0.275441876367529
78,20,2030,3,wind_offshore,0.2604189672715787
78,21,2030,3,wind_offshore,0.2512728144383937
78,22,2030,3,wind_offshore,0.24008774986594555
78,23,2030,3,wind_offshore,0.224451783925429
78,24,2030,3,wind_offshore,0.22794101323762023
78,1,2030,3,wind_onshore,0.15807797698726372
78,2,2030,3,wind_onshore,0.14011866317814026
78,3,2030,3,wind_onshore,0.1313185825064494
78,4,2030,3,wind_onshore,0.12431632899238095
78,5,2030,3,wind_onshore,0.1214989683570921
78,6,2030,3,wind_onshore,0.11154103790605961
78,7,2030,3,wind_onshore,0.09491314745136023
78,8,2030,3,wind_onshore,0.0869064329174659
78,9,2030,3,wind_onshore,0.091791372863479
78,10,2030,3,wind_onshore,0.10343896867559157
78,11,2030,3,wind_onshore,0.10620458834679494
78,12,2030,3,wind_onshore,0.11194155363550296
78,13,2030,3,wind_onshore,0.13217404257335766
78,14,2030,3,wind_onshore,0.1510605145078542
78,15,2030,3,wind_onshore,0.16925344123647795
78,16,2030,3,wind_onshore,0.18672674763946628
78,17,2030,3,wind_onshore,0.1881946129882627
78,18,2030,3,wind_onshore,0.18643575197318324
78,19,2030,3,wind_onshore,0.1701652560497521
78,20,2030,3,wind_onshore,0.15810216604919186
78,21,2030,3,wind_onshore,0.1316057945214569
78,22,2030,3,wind_onshore,0.11323810631938164
78,23,2030,3,wind_onshore,0.10033690034756478
78,24,2030,3,wind_onshore,0.08969791016505411
79,1,2030,3,demand,0.6452379166354112
79,2,2030,3,demand,0.6271704691178099
79,3,2030,3,demand,0.6179224221381598
79,4,2030,3,demand,0.6192262217316602
79,5,2030,3,demand,0.6255201803172699
79,6,2030,3,demand,0.6452129122596455
79,7,2030,3,demand,0.7081560701694226
79,8,2030,3,demand,0.7576147254340939
79,9,2030,3,demand,0.8437512278934529
79,10,2030,3,demand,0.864379837900204
79,11,2030,3,demand,0.8607184828773607
79,12,2030,3,demand,0.8477019192644427
79,13,2030,3,demand,0.8459730452829245
79,14,2030,3,demand,0.8492914831524089
79,15,2030,3,demand,0.8447799793535298
79,16,2030,3,demand,0.8195469921521981
79,17,2030,3,demand,0.76454450957489
79,18,2030,3,demand,0.7587149179677872
79,19,2030,3,demand,0.7656768505917108
79,20,2030,3,demand,0.7948712453250748
79,21,2030,3,demand,0.7654375229950956
79,22,2030,3,demand,0.7040267761143915
79,23,2030,3,demand,0.7006404692249716
79,24,2030,3,demand,0.698979464263389
79,1,2030,3,solar,0.0
79,2,2030,3,solar,0.0
79,3,2030,3,solar,0.0
79,4,2030,3,solar,0.0
79,5,2030,3,solar,0.0
79,6,2030,3,solar,0.0
79,7,2030,3,solar,0.0007675
79,8,2030,3,solar,0.014475
79,9,2030,3,solar,0.031145
79,10,2030,3,solar,0.066715
79,11,2030,3,solar,0.1096375
79,12,2030,3,solar,0.14593250000000002
79,13,2030,3,solar,0.16516
79,14,2030,3,solar,0.1697075
79,15,2030,3,solar,0.16187
79,16,2030,3,solar,0.14007
79,17,2030,3,solar,0.1116275
79,18,2030,3,solar,0.0656225
79,19,2030,3,solar,0.0118625
79,20,2030,3,solar,0.0
79,21,2030,3,solar,0.0
79,22,2030,3,solar,0.0
79,23,2030,3,solar,0.0
79,24,2030,3,solar,0.0
79,1,2030,3,wind_offshore,0.34293277420190516
79,2,2030,3,wind_offshore,0.2651771816389027
79,3,2030,3,wind_offshore,0.22159200160356277
79,4,2030,3,wind_offshore,0.23174425791258696
79,5,2030,3,wind_offshore,0.27672258953474094
79,6,2030,3,wind_offshore,0.3206217930118168
79,7,2030,3,wind_offshore,0.3589386589055321
79,8,2030,3,wind_offshore,0.39552115435255797
79,9,2030,3,wind_offshore,0.4288142862853
79,10,2030,3,wind_offshore,0.45303136613627215
79,11,2030,3,wind_offshore,0.4616646698597588
79,12,2030,3,wind_offshore,0.4803860516478514
79,13,2030,3,wind_offshore,0.5276620010166817
79,14,2030,3,wind_offshore,0.5832225538216268
79,15,2030,3,wind_offshore,0.6659474835385245
79,16,2030,3,wind_offshore,0.7762919395458312
79,17,2030,3,wind_offshore,0.8906629325570186
79,18,2030,3,wind_offshore,0.9295028316684532
79,19,2030,3,wind_offshore,0.9308373219455629
79,20,2030,3,wind_offshore,0.9276541502592967
79,21,2030,3,wind_offshore,0.9277248545483824
79,22,2030,3,wind_offshore,0.9272887613244731
79,23,2030,3,wind_offshore,0.9327370997528259
79,24,2030,3,wind_offshore,0.9303656915365657
79,1,2030,3,wind_onshore,0.36859025354690644
79,2,2030,3,wind_onshore,0.3073473566602585
79,3,2030,3,wind_onshore,0.23573926353072733
79,4,2030,3,wind_onshore,0.15698086100288688
79,5,2030,3,wind_onshore,0.07955610720317281
79,6,2030,3,wind_onshore,0.03496051313019853
79,7,2030,3,wind_onshore,0.01622240672737105
79,8,2030,3,wind_onshore,0.014751698137344353
79,9,2030,3,wind_onshore,0.015466232285608544
79,10,2030,3,wind_onshore,0.01977446954517544
79,11,2030,3,wind_onshore,0.02533424847995887
79,12,2030,3,wind_onshore,0.029741503412370307
79,13,2030,3,wind_onshore,0.039619602553440825
79,14,2030,3,wind_onshore,0.05924027349040503
79,15,2030,3,wind_onshore,0.09903054420845235
79,16,2030,3,wind_onshore,0.1729726985266566
79,17,2030,3,wind_onshore,0.3066432021497841
79,18,2030,3,wind_onshore,0.53188304374485
79,19,2030,3,wind_onshore,0.70847957325679
79,20,2030,3,wind_onshore,0.7650604030650754
79,21,2030,3,wind_onshore,0.7697704195911299
79,22,2030,3,wind_onshore,0.7601481724259713
79,23,2030,3,wind_onshore,0.7704544414595699
79,24,2030,3,wind_onshore,0.7976331626628277
80,1,2030,3,demand,0.5741683366017625
80,2,2030,3,demand,0.5511571667899026
80,3,2030,3,demand,0.5455133219742027
80,4,2030,3,demand,0.5450668152640998
80,5,2030,3,demand,0.5515072280506231
80,6,2030,3,demand,0.6096638340280978
80,7,2030,3,demand,0.60585245275066
80,8,2030,3,demand,0.7370039756957468
80,9,2030,3,demand,0.803147693703541
80,10,2030,3,demand,0.8343317223371234
80,11,2030,3,demand,0.8226618229618755
80,12,2030,3,demand,0.7930995066993868
80,13,2030,3,demand,0.8060446292386882
80,14,2030,3,demand,0.8108276091173099
80,15,2030,3,demand,0.8052730656436305
80,16,2030,3,demand,0.7733460498444371
80,17,2030,3,demand,0.7061664362692043
80,18,2030,3,demand,0.7047054663137478
80,19,2030,3,demand,0.7003011241252934
80,20,2030,3,demand,0.7238195255598302
80,21,2030,3,demand,0.7049948026618945
80,22,2030,3,demand,0.6430018110312162
80,23,2030,3,demand,0.6992795167725782
80,24,2030,3,demand,0.653021421605924
80,1,2030,3,solar,0.0
80,2,2030,3,solar,0.0
80,3,2030,3,solar,0.0
80,4,2030,3,solar,0.0
80,5,2030,3,solar,0.0
80,6,2030,3,solar,0.0
80,7,2030,3,solar,0.0193175
80,8,2030,3,solar,0.0992175
80,9,2030,3,solar,0.16442500000000002
80,10,2030,3,solar,0.2400375
80,11,2030,3,solar,0.29296
80,12,2030,3,solar,0.31886000000000003
80,13,2030,3,solar,0.31463250000000004
80,14,2030,3,solar,0.28719
80,15,2030,3,solar,0.24341749999999998
80,16,2030,3,solar,0.20092749999999998
80,17,2030,3,solar,0.145165
80,18,2030,3,solar,0.08654
80,19,2030,3,solar,0.02272
80,20,2030,3,solar,0.0
80,21,2030,3,solar,0.0
80,22,2030,3,solar,0.0
80,23,2030,3,solar,0.0
80,24,2030,3,solar,0.0
80,1,2030,3,wind_offshore,0.8744588984227355
80,2,2030,3,wind_offshore,0.8612951009951042
80,3,2030,3,wind_offshore,0.8513155727368161
80,4,2030,3,wind_offshore,0.847126713983447
80,5,2030,3,wind_offshore,0.8315506153771562
80,6,2030,3,wind_offshore,0.804162740669485
80,7,2030,3,wind_offshore,0.7755243435218512
80,8,2030,3,wind_offshore,0.7469667287988294
80,9,2030,3,wind_offshore,0.7102057055160632
80,10,2030,3,wind_offshore,0.6583135220962434
80,11,2030,3,wind_offshore,0.5858389034195013
80,12,2030,3,wind_offshore,0.5243806117112912
80,13,2030,3,wind_offshore,0.5113791258296898
80,14,2030,3,wind_offshore,0.51072962528093
80,15,2030,3,wind_offshore,0.5262656081727668
80,16,2030,3,wind_offshore,0.5253372028230208
80,17,2030,3,wind_offshore,0.532670334318987
80,18,2030,3,wind_offshore,0.546931572881369
80,19,2030,3,wind_offshore,0.5268582773243781
80,20,2030,3,wind_offshore,0.5120777459548175
80,21,2030,3,wind_offshore,0.4879777160362836
80,22,2030,3,wind_offshore,0.446856521425371
80,23,2030,3,wind_offshore,0.4210513871594202
80,24,2030,3,wind_offshore,0.38935987377650877
80,1,2030,3,wind_onshore,0.36899604058434576
80,2,2030,3,wind_onshore,0.3516001142868651
80,3,2030,3,wind_onshore,0.33253150935054954
80,4,2030,3,wind_onshore,0.3202140838827282
80,5,2030,3,wind_onshore,0.3082648784310658
80,6,2030,3,wind_onshore,0.302749753696896
80,7,2030,3,wind_onshore,0.2871589205205425
80,8,2030,3,wind_onshore,0.2584219695892393
80,9,2030,3,wind_onshore,0.24200051323021454
80,10,2030,3,wind_onshore,0.2597433203808159
80,11,2030,3,wind_onshore,0.28138643421145854
80,12,2030,3,wind_onshore,0.29506346570962
80,13,2030,3,wind_onshore,0.3294999100879221
80,14,2030,3,wind_onshore,0.3431504058539256
80,15,2030,3,wind_onshore,0.3318948380925216
80,16,2030,3,wind_onshore,0.2989161039969519
80,17,2030,3,wind_onshore,0.2620701260003645
80,18,2030,3,wind_onshore,0.22398812183556255
80,19,2030,3,wind_onshore,0.16842792633093048
80,20,2030,3,wind_onshore,0.14078161624848068
80,21,2030,3,wind_onshore,0.12133737925700083
80,22,2030,3,wind_onshore,0.10888588694945905
80,23,2030,3,wind_onshore,0.10804500509431343
80,24,2030,3,wind_onshore,0.09931846366882406
81,1,2030,4,demand,0.6276419802036786
81,2,2030,4,demand,0.6086636589974674
81,3,2030,4,demand,0.6029555172155128
81,4,2030,4,demand,0.6027269057799401
81,5,2030,4,demand,0.606234662494508
81,6,2030,4,demand,0.6358148390254009
81,7,2030,4,demand,0.6300924090287229
81,8,2030,4,demand,0.7479130276369794
81,9,2030,4,demand,0.8076699136634625
81,10,2030,4,demand,0.8254444527792365
81,11,2030,4,demand,0.8228297094848742
81,12,2030,4,demand,0.790213287325282
81,13,2030,4,demand,0.8013830991852146
81,14,2030,4,demand,0.8012652214137475
81,15,2030,4,demand,0.8018688984858066
81,16,2030,4,demand,0.7531746627088313
81,17,2030,4,demand,0.7073416419301949
81,18,2030,4,demand,0.7043161124625382
81,19,2030,4,demand,0.7098849441509407
81,20,2030,4,demand,0.7418226761111767
81,21,2030,4,demand,0.7066415194087537
81,22,2030,4,demand,0.632992916617551
81,23,2030,4,demand,0.6727891666755969
81,24,2030,4,demand,0.6265060671331768
81,1,2030,4,solar,0.0
81,2,2030,4,solar,0.0
81,3,2030,4,solar,0.0
81,4,2030,4,solar,0.0
81,5,2030,4,solar,0.0
81,6,2030,4,solar,0.0
81,7,2030,4,solar,0.0091325
81,8,2030,4,solar,0.0846925
81,9,2030,4,solar,0.185205
81,10,2030,4,solar,0.258725
81,11,2030,4,solar,0.30520749999999996
81,12,2030,4,solar,0.323
81,13,2030,4,solar,0.3104425
81,14,2030,4,solar,0.27588250000000003
81,15,2030,4,solar,0.22500749999999997
81,16,2030,4,solar,0.1605
81,17,2030,4,solar,0.0951025
81,18,2030,4,solar,0.04221
81,19,2030,4,solar,0.007500000000000001
81,20,2030,4,solar,0.0
81,21,2030,4,solar,0.0
81,22,2030,4,solar,0.0
81,23,2030,4,solar,0.0
81,24,2030,4,solar,0.0
81,1,2030,4,wind_offshore,0.18857592251859542
81,2,2030,4,wind_offshore,0.18848510690029177
81,3,2030,4,wind_offshore,0.18876181114017387
81,4,2030,4,wind_offshore,0.20111107096531305
81,5,2030,4,wind_offshore,0.2287710419756986
81,6,2030,4,wind_offshore,0.2766099477606563
81,7,2030,4,wind_offshore,0.33259450276968006
81,8,2030,4,wind_offshore,0.4112225016127765
81,9,2030,4,wind_offshore,0.5126684820024825
81,10,2030,4,wind_offshore,0.5870799553614096
81,11,2030,4,wind_offshore,0.625152051104759
81,12,2030,4,wind_offshore,0.6735366973551737
81,13,2030,4,wind_offshore,0.7262527537563617
81,14,2030,4,wind_offshore,0.7613044006081914
81,15,2030,4,wind_offshore,0.8098884070843666
81,16,2030,4,wind_offshore,0.8427021687670687
81,17,2030,4,wind_offshore,0.8643353583853031
81,18,2030,4,wind_offshore,0.882971147726032
81,19,2030,4,wind_offshore,0.896633655427782
81,20,2030,4,wind_offshore,0.8977260345148156
81,21,2030,4,wind_offshore,0.8972396976115977
81,22,2030,4,wind_offshore,0.8970687305114182
81,23,2030,4,wind_offshore,0.8982555477160682
81,24,2030,4,wind_offshore,0.8908535725704622
81,1,2030,4,wind_onshore,0.04398970565470388
81,2,2030,4,wind_onshore,0.04437691487885066
81,3,2030,4,wind_onshore,0.047227855146553685
81,4,2030,4,wind_onshore,0.05739764011878247
81,5,2030,4,wind_onshore,0.07601998867004736
81,6,2030,4,wind_onshore,0.10736878648649945
81,7,2030,4,wind_onshore,0.13650819631245403
81,8,2030,4,wind_onshore,0.13470448583903516
81,9,2030,4,wind_onshore,0.11822276573813385
81,10,2030,4,wind_onshore,0.12332764620687109
81,11,2030,4,wind_onshore,0.12984142063629692
81,12,2030,4,wind_onshore,0.14289841547153312
81,13,2030,4,wind_onshore,0.17248857792561403
81,14,2030,4,wind_onshore,0.19198986166993168
81,15,2030,4,wind_onshore,0.2014518188996167
81,16,2030,4,wind_onshore,0.2008234222110305
81,17,2030,4,wind_onshore,0.2006510688603181
81,18,2030,4,wind_onshore,0.20708114705259434
81,19,2030,4,wind_onshore,0.21382476264489186
81,20,2030,4,wind_onshore,0.242197751030109
81,21,2030,4,wind_onshore,0.2677351441634654
81,22,2030,4,wind_onshore,0.27451157745091387
81,23,2030,4,wind_onshore,0.29094581888011606
81,24,2030,4,wind_onshore,0.2745382519630293
82,1,2030,4,demand,0.7140892513332691
82,2,2030,4,demand,0.6808798682626602
82,3,2030,4,demand,0.6769398930527128
82,4,2030,4,demand,0.6763969408932278
82,5,2030,4,demand,0.6873667177470344
82,6,2030,4,demand,0.7133248318455729
82,7,2030,4,demand,0.7170683441030753
82,8,2030,4,demand,0.8624509289125598
82,9,2030,4,demand,0.9165461098549389
82,10,2030,4,demand,0.928312454679569
82,11,2030,4,demand,0.9102628674303719
82,12,2030,4,demand,0.889262763840815
82,13,2030,4,demand,0.8972141553343264
82,14,2030,4,demand,0.8952030891120232
82,15,2030,4,demand,0.8798218259624007
82,16,2030,4,demand,0.8672339087911813
82,17,2030,4,demand,0.8592932334587124
82,18,2030,4,demand,0.8553282538729993
82,19,2030,4,demand,0.8423152623137621
82,20,2030,4,demand,0.8112633996663703
82,21,2030,4,demand,0.7644373479644653
82,22,2030,4,demand,0.6996402941943412
82,23,2030,4,demand,0.756485956470954
82,24,2030,4,demand,0.7088383324224596
82,1,2030,4,solar,0.0
82,2,2030,4,solar,0.0
82,3,2030,4,solar,0.0
82,4,2030,4,solar,0.0
82,5,2030,4,solar,0.0
82,6,2030,4,solar,0.0
82,7,2030,4,solar,0.0
82,8,2030,4,solar,0.0
82,9,2030,4,solar,0.0031325
82,10,2030,4,solar,0.038810000000000004
82,11,2030,4,solar,0.0830625
82,12,2030,4,solar,0.1069425
82,13,2030,4,solar,0.10887
82,14,2030,4,solar,0.09599
82,15,2030,4,solar,0.07524249999999999
82,16,2030,4,solar,0.0251625
82,17,2030,4,solar,0.001235
82,18,2030,4,solar,0.0
82,19,2030,4,solar,0.0
82,20,2030,4,solar,0.0
82,21,2030,4,solar,0.0
82,22,2030,4,solar,0.0
82,23,2030,4,solar,0.0
82,24,2030,4,solar,0.0
82,1,2030,4,wind_offshore,0.43491886979097766
82,2,2030,4,wind_offshore,0.3970358110977429
82,3,2030,4,wind_offshore,0.37666961573683777
82,4,2030,4,wind_offshore,0.3453456455770427
82,5,2030,4,wind_offshore,0.32135005712647424
82,6,2030,4,wind_offshore,0.30369091631674616
82,7,2030,4,wind_offshore,0.29042315772716276
82,8,2030,4,wind_offshore,0.27529358716608504
82,9,2030,4,wind_offshore,0.2619738066607281
82,10,2030,4,wind_offshore,0.2610644192177467
82,11,2030,4,wind_offshore,0.26050877660521815
82,12,2030,4,wind_offshore,0.2625533049360238
82,13,2030,4,wind_offshore,0.2729113512434745
82,14,2030,4,wind_offshore,0.2913877906656904
82,15,2030,4,wind_offshore,0.3180179938107668
82,16,2030,4,wind_offshore,0.31698030948484984
82,17,2030,4,wind_offshore,0.3255164357987437
82,18,2030,4,wind_offshore,0.3243492524804631
82,19,2030,4,wind_offshore,0.3215095682170615
82,20,2030,4,wind_offshore,0.32710501394010244
82,21,2030,4,wind_offshore,0.31610121250932993
82,22,2030,4,wind_offshore,0.31015718877736376
82,23,2030,4,wind_offshore,0.3021633022354952
82,24,2030,4,wind_offshore,0.2821638268500088
82,1,2030,4,wind_onshore,0.14608093503512315
82,2,2030,4,wind_onshore,0.12617341510438865
82,3,2030,4,wind_onshore,0.11325593644727297
82,4,2030,4,wind_onshore,0.10210901743871553
82,5,2030,4,wind_onshore,0.09528870001019007
82,6,2030,4,wind_onshore,0.08724740192174936
82,7,2030,4,wind_onshore,0.08237114418873706
82,8,2030,4,wind_onshore,0.07316643820571726
82,9,2030,4,wind_onshore,0.06889381889531712
82,10,2030,4,wind_onshore,0.06690427821933184
82,11,2030,4,wind_onshore,0.0674603808642769
82,12,2030,4,wind_onshore,0.06622893666895803
82,13,2030,4,wind_onshore,0.07671154092054941
82,14,2030,4,wind_onshore,0.08204883917529322
82,15,2030,4,wind_onshore,0.08147434128547323
82,16,2030,4,wind_onshore,0.07939454263392606
82,17,2030,4,wind_onshore,0.07383366821335052
82,18,2030,4,wind_onshore,0.07231950074884581
82,19,2030,4,wind_onshore,0.07205421280797622
82,20,2030,4,wind_onshore,0.06704291482632418
82,21,2030,4,wind_onshore,0.06731115900087395
82,22,2030,4,wind_onshore,0.06627813783742821
82,23,2030,4,wind_onshore,0.0690955587456602
82,24,2030,4,wind_onshore,0.07100826425379286
83,1,2030,4,demand,0.5430057402902652
83,2,2030,4,demand,0.525077602866216
83,3,2030,4,demand,0.5191908584002201
83,4,2030,4,demand,0.5184014345367582
83,5,2030,4,demand,0.5103214491107373
83,6,2030,4,demand,0.5687638193826777
83,7,2030,4,demand,0.5993084504073928
83,8,2030,4,demand,0.7254126615014771
83,9,2030,4,demand,0.7861518622901866
83,10,2030,4,demand,0.8141996277920065
83,11,2030,4,demand,0.8247943390093267
83,12,2030,4,demand,0.7940425288711239
83,13,2030,4,demand,0.8120456794224704
83,14,2030,4,demand,0.8093702112155342
83,15,2030,4,demand,0.7848944993945369
83,16,2030,4,demand,0.744151655111073
83,17,2030,4,demand,0.687152394526185
83,18,2030,4,demand,0.6462881004175731
83,19,2030,4,demand,0.6384581587492097
83,20,2030,4,demand,0.6082350125557686
83,21,2030,4,demand,0.5860775635736254
83,22,2030,4,demand,0.5692174702001421
83,23,2030,4,demand,0.630856828516419
83,24,2030,4,demand,0.583848602076792
83,1,2030,4,solar,0.0
83,2,2030,4,solar,0.0
83,3,2030,4,solar,0.0
83,4,2030,4,solar,0.0
83,5,2030,4,solar,0.0041800000000000006
83,6,2030,4,solar,0.07880999999999999
83,7,2030,4,solar,0.270955
83,8,2030,4,solar,0.41708749999999994
83,9,2030,4,solar,0.5305875
83,10,2030,4,solar,0.5896475000000001
83,11,2030,4,solar,0.6059675
83,12,2030,4,solar,0.60708
83,13,2030,4,solar,0.578045
83,14,2030,4,solar,0.547195
83,15,2030,4,solar,0.5056099999999999
83,16,2030,4,solar,0.45780750000000003
83,17,2030,4,solar,0.387575
83,18,2030,4,solar,0.2987875
83,19,2030,4,solar,0.2120075
83,20,2030,4,solar,0.08778999999999999
83,21,2030,4,solar,0.014262500000000001
83,22,2030,4,solar,0.0
83,23,2030,4,solar,0.0
83,24,2030,4,solar,0.0
83,1,2030,4,wind_offshore,0.8663613284173465
83,2,2030,4,wind_offshore,0.8495729817260812
83,3,2030,4,wind_offshore,0.7999298187293437
83,4,2030,4,wind_offshore,0.7517345421488362
83,5,2030,4,wind_offshore,0.7108312080076535
83,6,2030,4,wind_offshore,0.6795475598813991
83,7,2030,4,wind_offshore,0.671386696962167
83,8,2030,4,wind_offshore,0.652590228679121
83,9,2030,4,wind_offshore,0.6396907148418851
83,10,2030,4,wind_offshore,0.6257463405506081
83,11,2030,4,wind_offshore,0.5554660301880372
83,12,2030,4,wind_offshore,0.49128537932440847
83,13,2030,4,wind_offshore,0.47253480839332135
83,14,2030,4,wind_offshore,0.4551285184739622
83,15,2030,4,wind_offshore,0.4298819585896176
83,16,2030,4,wind_offshore,0.4051621318544304
83,17,2030,4,wind_offshore,0.3775747380241932
83,18,2030,4,wind_offshore,0.35910200350263954
83,19,2030,4,wind_offshore,0.3346800884802561
83,20,2030,4,wind_offshore,0.31889147984066624
83,21,2030,4,wind_offshore,0.3084060792060532
83,22,2030,4,wind_offshore,0.30791469020824225
83,23,2030,4,wind_offshore,0.30348459724320964
83,24,2030,4,wind_offshore,0.30639159283609774
83,1,2030,4,wind_onshore,0.21402809228893183
83,2,2030,4,wind_onshore,0.21339161180255448
83,3,2030,4,wind_onshore,0.2045724787380194
83,4,2030,4,wind_onshore,0.19483618377573844
83,5,2030,4,wind_onshore,0.19341182696170445
83,6,2030,4,wind_onshore,0.1751344185546051
83,7,2030,4,wind_onshore,0.16242309359974322
83,8,2030,4,wind_onshore,0.1629775747474207
83,9,2030,4,wind_onshore,0.16929085548949588
83,10,2030,4,wind_onshore,0.17907822918263638
83,11,2030,4,wind_onshore,0.1689517070736618
83,12,2030,4,wind_onshore,0.1568370264693223
83,13,2030,4,wind_onshore,0.15441274656393122
83,14,2030,4,wind_onshore,0.13992355390245886
83,15,2030,4,wind_onshore,0.1213171741852915
83,16,2030,4,wind_onshore,0.1053052411736532
83,17,2030,4,wind_onshore,0.08655726546550381
83,18,2030,4,wind_onshore,0.07320867096918326
83,19,2030,4,wind_onshore,0.057318120138193346
83,20,2030,4,wind_onshore,0.042292972125540534
83,21,2030,4,wind_onshore,0.0359569301050297
83,22,2030,4,wind_onshore,0.03287950169990274
83,23,2030,4,wind_onshore,0.024833842298823162
83,24,2030,4,wind_onshore,0.018384100625908787
84,1,2030,4,demand,0.607988540851792
84,2,2030,4,demand,0.5884101146272026
84,3,2030,4,demand,0.5794514039956993
84,4,2030,4,demand,0.5708677590006823
84,5,2030,4,demand,0.5785405303070894
84,6,2030,4,demand,0.5930073477144214
84,7,2030,4,demand,0.6017481630713947
84,8,2030,4,demand,0.7208082843068966
84,9,2030,4,demand,0.7815974938471376
84,10,2030,4,demand,0.8132387453518652
84,11,2030,4,demand,0.8129529810573994
84,12,2030,4,demand,0.7853910148561712
84,13,2030,4,demand,0.7969358923525903
84,14,2030,4,demand,0.7923850959632223
84,15,2030,4,demand,0.7819475551078582
84,16,2030,4,demand,0.7519244439205433
84,17,2030,4,demand,0.7070844540651757
84,18,2030,4,demand,0.7030480334058461
84,19,2030,4,demand,0.693278466588796
84,20,2030,4,demand,0.701136984686606
84,21,2030,4,demand,0.7004118577893989
84,22,2030,4,demand,0.6387724994731221
84,23,2030,4,demand,0.6932998989108808
84,24,2030,4,demand,0.6425481602137517
84,1,2030,4,solar,0.0
84,2,2030,4,solar,0.0
84,3,2030,4,solar,0.0
84,4,2030,4,solar,0.0
84,5,2030,4,solar,0.0
84,6,2030,4,solar,0.0009299999999999999
84,7,2030,4,solar,0.035527500000000004
84,8,2030,4,solar,0.13127
84,9,2030,4,solar,0.24808500000000003
84,10,2030,4,solar,0.33609500000000003
84,11,2030,4,solar,0.3921425
84,12,2030,4,solar,0.4207125
84,13,2030,4,solar,0.4389525
84,14,2030,4,solar,0.44462749999999995
84,15,2030,4,solar,0.44609499999999996
84,16,2030,4,solar,0.43079999999999996
84,17,2030,4,solar,0.4015525
84,18,2030,4,solar,0.32220499999999996
84,19,2030,4,solar,0.12175000000000001
84,20,2030,4,solar,0.009380000000000001
84,21,2030,4,solar,0.0
84,22,2030,4,solar,0.0
84,23,2030,4,solar,0.0
84,24,2030,4,solar,0.0
84,1,2030,4,wind_offshore,0.2777824334636777
84,2,2030,4,wind_offshore,0.25996809776743063
84,3,2030,4,wind_offshore,0.23819913967634998
84,4,2030,4,wind_offshore,0.21162350247224893
84,5,2030,4,wind_offshore,0.18893084309762267
84,6,2030,4,wind_offshore,0.16344211304991677
84,7,2030,4,wind_offshore,0.14416432879870433
84,8,2030,4,wind_offshore,0.13015206536303014
84,9,2030,4,wind_offshore,0.11928485677214523
84,10,2030,4,wind_offshore,0.11380724107755748
84,11,2030,4,wind_offshore,0.11406924365725897
84,12,2030,4,wind_offshore,0.11375016009541382
84,13,2030,4,wind_offshore,0.12856363938835874
84,14,2030,4,wind_offshore,0.14141982474076792
84,15,2030,4,wind_offshore,0.16226398151725285
84,16,2030,4,wind_offshore,0.17119459499265874
84,17,2030,4,wind_offshore,0.1766814501261877
84,18,2030,4,wind_offshore,0.17889394627521793
84,19,2030,4,wind_offshore,0.18105179534738192
84,20,2030,4,wind_offshore,0.19058822453800747
84,21,2030,4,wind_offshore,0.1989803981450048
84,22,2030,4,wind_offshore,0.21416942291809443
84,23,2030,4,wind_offshore,0.24753757316834532
84,24,2030,4,wind_offshore,0.26422920684206885
84,1,2030,4,wind_onshore,0.11805871362697427
84,2,2030,4,wind_onshore,0.13823608414610136
84,3,2030,4,wind_onshore,0.15182154961460945
84,4,2030,4,wind_onshore,0.15592093986237798
84,5,2030,4,wind_onshore,0.13836431417885905
84,6,2030,4,wind_onshore,0.11453908561730088
84,7,2030,4,wind_onshore,0.08935877136515438
84,8,2030,4,wind_onshore,0.0638894204620386
84,9,2030,4,wind_onshore,0.05767517696136308
84,10,2030,4,wind_onshore,0.06373087073658687
84,11,2030,4,wind_onshore,0.07305647334094392
84,12,2030,4,wind_onshore,0.08374193863077355
84,13,2030,4,wind_onshore,0.10635062135957338
84,14,2030,4,wind_onshore,0.12388375803730117
84,15,2030,4,wind_onshore,0.13633829371269973
84,16,2030,4,wind_onshore,0.1371178542081056
84,17,2030,4,wind_onshore,0.12563659825913098
84,18,2030,4,wind_onshore,0.11249907260114742
84,19,2030,4,wind_onshore,0.1013596672238273
84,20,2030,4,wind_onshore,0.07603559826925746
84,21,2030,4,wind_onshore,0.05967353305957749
84,22,2030,4,wind_onshore,0.05574502019067873
84,23,2030,4,wind_onshore,0.06128744827863705
84,24,2030,4,wind_onshore,0.06785986312290829
85,1,2030,4,demand,0.6370579137063273
85,2,2030,4,demand,0.6207407724923291
85,3,2030,4,demand,0.6125429092948409
85,4,2030,4,demand,0.6081635714821522
85,5,2030,4,demand,0.6238627474093681
85,6,2030,4,demand,0.6521498405078032
85,7,2030,4,demand,0.6675346757111067
85,8,2030,4,demand,0.780943808023547
85,9,2030,4,demand,0.8285735718036371
85,10,2030,4,demand,0.8565963329296913
85,11,2030,4,demand,0.8535493711399496
85,12,2030,4,demand,0.8298702272897758
85,13,2030,4,demand,0.8379966494136474
85,14,2030,4,demand,0.833149372568771
85,15,2030,4,demand,0.8149033223671286
85,16,2030,4,demand,0.7776932391739982
85,17,2030,4,demand,0.731942375630021
85,18,2030,4,demand,0.7518994395447776
85,19,2030,4,demand,0.7868126922211388
85,20,2030,4,demand,0.7680451221820962
85,21,2030,4,demand,0.7164253744405272
85,22,2030,4,demand,0.6449128597504564
85,23,2030,4,demand,0.701297727102243
85,24,2030,4,demand,0.6599369175319967
85,1,2030,4,solar,0.0
85,2,2030,4,solar,0.0
85,3,2030,4,solar,0.0
85,4,2030,4,solar,0.0
85,5,2030,4,solar,0.0
85,6,2030,4,solar,0.0
85,7,2030,4,solar,0.0
85,8,2030,4,solar,0.027464999999999996
85,9,2030,4,solar,0.20706750000000002
85,10,2030,4,solar,0.3282725
85,11,2030,4,solar,0.34946
85,12,2030,4,solar,0.34019
85,13,2030,4,solar,0.33255999999999997
85,14,2030,4,solar,0.32719
85,15,2030,4,solar,0.30892749999999997
85,16,2030,4,solar,0.27389749999999996
85,17,2030,4,solar,0.14165
85,18,2030,4,solar,0.020152499999999997
85,19,2030,4,solar,0.0
85,20,2030,4,solar,0.0
85,21,2030,4,solar,0.0
85,22,2030,4,solar,0.0
85,23,2030,4,solar,0.0
85,24,2030,4,solar,0.0
85,1,2030,4,wind_offshore,0.9297475910476803
85,2,2030,4,wind_offshore,0.9301413979643048
85,3,2030,4,wind_offshore,0.9335612568356716
85,4,2030,4,wind_offshore,0.9353082610293
85,5,2030,4,wind_offshore,0.9357773076258256
85,6,2030,4,wind_offshore,0.9367617422715611
85,7,2030,4,wind_offshore,0.9363023509022826
85,8,2030,4,wind_offshore,0.9367383470386691
85,9,2030,4,wind_offshore,0.9365222594481245
85,10,2030,4,wind_offshore,0.9368667271662526
85,11,2030,4,wind_offshore,0.9343100671078682
85,12,2030,4,wind_offshore,0.9357103136950896
85,13,2030,4,wind_offshore,0.9363247991647123
85,14,2030,4,wind_offshore,0.9379984087089686
85,15,2030,4,wind_offshore,0.9404008714838286
85,16,2030,4,wind_offshore,0.9408711829300747
85,17,2030,4,wind_offshore,0.9393291128984687
85,18,2030,4,wind_offshore,0.9385849357810939
85,19,2030,4,wind_offshore,0.938590233741505
85,20,2030,4,wind_offshore,0.9385628536528698
85,21,2030,4,wind_offshore,0.9398143558738637
85,22,2030,4,wind_offshore,0.9369242087690577
85,23,2030,4,wind_offshore,0.9364753910829035
85,24,2030,4,wind_offshore,0.9314255321641692
85,1,2030,4,wind_onshore,0.5738608687428637
85,2,2030,4,wind_onshore,0.5893431441924263
85,3,2030,4,wind_onshore,0.6155775958268768
85,4,2030,4,wind_onshore,0.6343848996382422
85,5,2030,4,wind_onshore,0.6492119734480599
85,6,2030,4,wind_onshore,0.6606566987668687
85,7,2030,4,wind_onshore,0.6952501900249051
85,8,2030,4,wind_onshore,0.7376735218492575
85,9,2030,4,wind_onshore,0.7709352250054209
85,10,2030,4,wind_onshore,0.7948817140285096
85,11,2030,4,wind_onshore,0.7958122729077612
85,12,2030,4,wind_onshore,0.798491008598029
85,13,2030,4,wind_onshore,0.7901697099258974
85,14,2030,4,wind_onshore,0.7845415612603943
85,15,2030,4,wind_onshore,0.7823018412083589
85,16,2030,4,wind_onshore,0.7897463644781526
85,17,2030,4,wind_onshore,0.8074137772281401
85,18,2030,4,wind_onshore,0.775529855229443
85,19,2030,4,wind_onshore,0.7354823779972844
85,20,2030,4,wind_onshore,0.7150163178851632
85,21,2030,4,wind_onshore,0.7052730576982138
85,22,2030,4,wind_onshore,0.7045568247572149
85,23,2030,4,wind_onshore,0.7103578052328102
85,24,2030,4,wind_onshore,0.678349471614303
86,1,2030,4,demand,0.580565884744116
86,2,2030,4,demand,0.5501962843497612
86,3,2030,4,demand,0.5379727166539859
86,4,2030,4,demand,0.5345506892277577
86,5,2030,4,demand,0.534043457605081
86,6,2030,4,demand,0.5890030755382193
86,7,2030,4,demand,0.6186618372500903
86,8,2030,4,demand,0.7590685512821888
86,9,2030,4,demand,0.8245442952516691
86,10,2030,4,demand,0.8603005525967045
86,11,2030,4,demand,0.8832902900864794
86,12,2030,4,demand,0.8798932670360171
86,13,2030,4,demand,0.900929091162382
86,14,2030,4,demand,0.9110594354011953
86,15,2030,4,demand,0.9120238898950174
86,16,2030,4,demand,0.875299606002479
86,17,2030,4,demand,0.8115027272629853
86,18,2030,4,demand,0.8076377651803353
86,19,2030,4,demand,0.7821190136845377
86,20,2030,4,demand,0.7438337423334799
86,21,2030,4,demand,0.7017299455976225
86,22,2030,4,demand,0.6633196523677358
86,23,2030,4,demand,0.7147000725126897
86,24,2030,4,demand,0.6635339755885852
86,1,2030,4,solar,0.0
86,2,2030,4,solar,0.0
86,3,2030,4,solar,0.0
86,4,2030,4,solar,0.0
86,5,2030,4,solar,0.0012575000000000002
86,6,2030,4,solar,0.04457
86,7,2030,4,solar,0.18222750000000001
86,8,2030,4,solar,0.3158525
86,9,2030,4,solar,0.43642000000000003
86,10,2030,4,solar,0.503045
86,11,2030,4,solar,0.5311425000000001
86,12,2030,4,solar,0.536675
86,13,2030,4,solar,0.5374125000000001
86,14,2030,4,solar,0.5340324999999999
86,15,2030,4,solar,0.5271325
86,16,2030,4,solar,0.518605
86,17,2030,4,solar,0.4919775
86,18,2030,4,solar,0.43750749999999994
86,19,2030,4,solar,0.3273875
86,20,2030,4,solar,0.1311275
86,21,2030,4,solar,0.014772500000000001
86,22,2030,4,solar,0.0
86,23,2030,4,solar,0.0
86,24,2030,4,solar,0.0
86,1,2030,4,wind_offshore,0.8733332404816009
86,2,2030,4,wind_offshore,0.8753252770454177
86,3,2030,4,wind_offshore,0.876405564497339
86,4,2030,4,wind_offshore,0.8857222975116981
86,5,2030,4,wind_offshore,0.8907348173374443
86,6,2030,4,wind_offshore,0.9009286531706441
86,7,2030,4,wind_offshore,0.9119226079541317
86,8,2030,4,wind_offshore,0.9173480600369732
86,9,2030,4,wind_offshore,0.9239004216348394
86,10,2030,4,wind_offshore,0.9292295541441797
86,11,2030,4,wind_offshore,0.9294290962498591
86,12,2030,4,wind_offshore,0.9314185221643676
86,13,2030,4,wind_offshore,0.9395314314904479
86,14,2030,4,wind_offshore,0.9468879148044189
86,15,2030,4,wind_offshore,0.9528045593008204
86,16,2030,4,wind_offshore,0.9542077506540918
86,17,2030,4,wind_offshore,0.9575011807390228
86,18,2030,4,wind_offshore,0.9620926083859258
86,19,2030,4,wind_offshore,0.9643330220303536
86,20,2030,4,wind_offshore,0.9636427552434137
86,21,2030,4,wind_offshore,0.9636192227269473
86,22,2030,4,wind_offshore,0.9636518676858027
86,23,2030,4,wind_offshore,0.961260374016199
86,24,2030,4,wind_offshore,0.9610675057485742
86,1,2030,4,wind_onshore,0.3504753394489543
86,2,2030,4,wind_onshore,0.32993407421766907
86,3,2030,4,wind_onshore,0.3272533678527622
86,4,2030,4,wind_onshore,0.33060806890139305
86,5,2030,4,wind_onshore,0.3565396122997539
86,6,2030,4,wind_onshore,0.355269896568407
86,7,2030,4,wind_onshore,0.3553738376470564
86,8,2030,4,wind_onshore,0.339061161570898
86,9,2030,4,wind_onshore,0.310120284803896
86,10,2030,4,wind_onshore,0.2942731925438543
86,11,2030,4,wind_onshore,0.2732540955171614
86,12,2030,4,wind_onshore,0.27642215462916647
86,13,2030,4,wind_onshore,0.3058733264843826
86,14,2030,4,wind_onshore,0.3605716092192639
86,15,2030,4,wind_onshore,0.4297086634443522
86,16,2030,4,wind_onshore,0.48293244587801115
86,17,2030,4,wind_onshore,0.5353794822005653
86,18,2030,4,wind_onshore,0.5919153591486095
86,19,2030,4,wind_onshore,0.6694024089403104
86,20,2030,4,wind_onshore,0.7611745100806951
86,21,2030,4,wind_onshore,0.7745744100017088
86,22,2030,4,wind_onshore,0.780238289610612
86,23,2030,4,wind_onshore,0.7991558275088071
86,24,2030,4,wind_onshore,0.7847338686335585
87,1,2030,4,demand,0.7106565077459985
87,2,2030,4,demand,0.6948108776178689
87,3,2030,4,demand,0.6749252547767288
87,4,2030,4,demand,0.6694278641619427
87,5,2030,4,demand,0.6610513982804134
87,6,2030,4,demand,0.6422945444024133
87,7,2030,4,demand,0.6720176030805391
87,8,2030,4,demand,0.7173112437533712
87,9,2030,4,demand,0.7727137963429315
87,10,2030,4,demand,0.8380859507556679
87,11,2030,4,demand,0.8875267457519352
87,12,2030,4,demand,0.9023757729031152
87,13,2030,4,demand,0.9009255191087012
87,14,2030,4,demand,0.8815614161049613
87,15,2030,4,demand,0.8765998335422985
87,16,2030,4,demand,0.874274426596083
87,17,2030,4,demand,0.8621151558665624
87,18,2030,4,demand,0.8901379169926166
87,19,2030,4,demand,0.8981536054523829
87,20,2030,4,demand,0.8628438548174503
87,21,2030,4,demand,0.8315348043050392
87,22,2030,4,demand,0.7921600565813303
87,23,2030,4,demand,0.7713671321052613
87,24,2030,4,demand,0.7385006661880116
87,1,2030,4,solar,0.0
87,2,2030,4,solar,0.0
87,3,2030,4,solar,0.0
87,4,2030,4,solar,0.0
87,5,2030,4,solar,0.0
87,6,2030,4,solar,0.0
87,7,2030,4,solar,0.0
87,8,2030,4,solar,0.0
87,9,2030,4,solar,0.0005175
87,10,2030,4,solar,0.0219875
87,11,2030,4,solar,0.058207499999999995
87,12,2030,4,solar,0.086565
87,13,2030,4,solar,0.0997275
87,14,2030,4,solar,0.0995575
87,15,2030,4,solar,0.093795
87,16,2030,4,solar,0.0840275
87,17,2030,4,solar,0.0271975
87,18,2030,4,solar,0.0
87,19,2030,4,solar,0.0
87,20,2030,4,solar,0.0
87,21,2030,4,solar,0.0
87,22,2030,4,solar,0.0
87,23,2030,4,solar,0.0
87,24,2030,4,solar,0.0
87,1,2030,4,wind_offshore,0.03038984575910914
87,2,2030,4,wind_offshore,0.03262101098816835
87,3,2030,4,wind_offshore,0.03458511292529745
87,4,2030,4,wind_offshore,0.03803118908124431
87,5,2030,4,wind_offshore,0.04518543556624304
87,6,2030,4,wind_offshore,0.04942261779704114
87,7,2030,4,wind_offshore,0.06181834107180655
87,8,2030,4,wind_offshore,0.082489420269816
87,9,2030,4,wind_offshore,0.10088419380679339
87,10,2030,4,wind_offshore,0.11128722724981133
87,11,2030,4,wind_offshore,0.1054613993805803
87,12,2030,4,wind_offshore,0.09151390527360836
87,13,2030,4,wind_offshore,0.0812931833251453
87,14,2030,4,wind_offshore,0.0703347276097601
87,15,2030,4,wind_offshore,0.06813243353885204
87,16,2030,4,wind_offshore,0.07027374513248179
87,17,2030,4,wind_offshore,0.09200296201202329
87,18,2030,4,wind_offshore,0.11886720296701944
87,19,2030,4,wind_offshore,0.1380981476334752
87,20,2030,4,wind_offshore,0.13946959284021127
87,21,2030,4,wind_offshore,0.1394917845170225
87,22,2030,4,wind_offshore,0.1379196295918045
87,23,2030,4,wind_offshore,0.10918112934717959
87,24,2030,4,wind_offshore,0.10010885674293156
87,1,2030,4,wind_onshore,0.006913423865834113
87,2,2030,4,wind_onshore,0.005563002047388259
87,3,2030,4,wind_onshore,0.005172113477985567
87,4,2030,4,wind_onshore,0.005773570508932225
87,5,2030,4,wind_onshore,0.007573954095109939
87,6,2030,4,wind_onshore,0.011666331112398717
87,7,2030,4,wind_onshore,0.017103233165960824
87,8,2030,4,wind_onshore,0.02883505002163241
87,9,2030,4,wind_onshore,0.0406269748204256
87,10,2030,4,wind_onshore,0.04530848775877149
87,11,2030,4,wind_onshore,0.028414621128134022
87,12,2030,4,wind_onshore,0.016042859364507635
87,13,2030,4,wind_onshore,0.010486390454680016
87,14,2030,4,wind_onshore,0.007617224224143154
87,15,2030,4,wind_onshore,0.006819668742039743
87,16,2030,4,wind_onshore,0.007026367863252797
87,17,2030,4,wind_onshore,0.016456720956650687
87,18,2030,4,wind_onshore,0.0267128878205284
87,19,2030,4,wind_onshore,0.03723628794763991
87,20,2030,4,wind_onshore,0.039616812400946055
87,21,2030,4,wind_onshore,0.033160250764326896
87,22,2030,4,wind_onshore,0.024009307797018913
87,23,2030,4,wind_onshore,0.017704441784652625
87,24,2030,4,wind_onshore,0.014228650773495647
88,1,2030,4,demand,0.7101028394254709
88,2,2030,4,demand,0.6887741068972785
88,3,2030,4,demand,0.6699529560530236
88,4,2030,4,demand,0.6708745459026759
88,5,2030,4,demand,0.6736393154516326
88,6,2030,4,demand,0.6618015295533862
88,7,2030,4,demand,0.7251626177438195
88,8,2030,4,demand,0.7189901089833579
88,9,2030,4,demand,0.8303917471271759
88,10,2030,4,demand,0.8794396162185526
88,11,2030,4,demand,0.8839082553732618
88,12,2030,4,demand,0.8966854913895647
88,13,2030,4,demand,0.8556390225432309
88,14,2030,4,demand,0.8664766334108469
88,15,2030,4,demand,0.8639833399416327
88,16,2030,4,demand,0.8472161199638509
88,17,2030,4,demand,0.8085272065468601
88,18,2030,4,demand,0.7969966172651644
88,19,2030,4,demand,0.8027226193155231
88,20,2030,4,demand,0.8135852345589051
88,21,2030,4,demand,0.7906205014448957
88,22,2030,4,demand,0.7413154444884998
88,23,2030,4,demand,0.694928755389336
88,24,2030,4,demand,0.7592507260199106
88,1,2030,4,solar,0.0
88,2,2030,4,solar,0.0
88,3,2030,4,solar,0.0
88,4,2030,4,solar,0.0
88,5,2030,4,solar,0.0
88,6,2030,4,solar,0.0
88,7,2030,4,solar,0.0
88,8,2030,4,solar,0.00672
88,9,2030,4,solar,0.027819999999999998
88,10,2030,4,solar,0.06799000000000001
88,11,2030,4,solar,0.1393675
88,12,2030,4,solar,0.2098175
88,13,2030,4,solar,0.235195
88,14,2030,4,solar,0.23585250000000002
88,15,2030,4,solar,0.2198075
88,16,2030,4,solar,0.1853325
88,17,2030,4,solar,0.14433249999999997
88,18,2030,4,solar,0.069205
88,19,2030,4,solar,0.0075225000000000005
88,20,2030,4,solar,0.0
88,21,2030,4,solar,0.0
88,22,2030,4,solar,0.0
88,23,2030,4,solar,0.0
88,24,2030,4,solar,0.0
88,1,2030,4,wind_offshore,0.8499595059387215
88,2,2030,4,wind_offshore,0.8398528707591502
88,3,2030,4,wind_offshore,0.8254226239957423
88,4,2030,4,wind_offshore,0.811267923017643
88,5,2030,4,wind_offshore,0.8198131515767754
88,6,2030,4,wind_offshore,0.8309371328415236
88,7,2030,4,wind_offshore,0.8467468907905857
88,8,2030,4,wind_offshore,0.8545581157505333
88,9,2030,4,wind_offshore,0.8533587372281347
88,10,2030,4,wind_offshore,0.8516053712649547
88,11,2030,4,wind_offshore,0.8248303673336479
88,12,2030,4,wind_offshore,0.8055177641173943
88,13,2030,4,wind_offshore,0.809409023770105
88,14,2030,4,wind_offshore,0.8124287190487232
88,15,2030,4,wind_offshore,0.8215874632926413
88,16,2030,4,wind_offshore,0.8360729741842988
88,17,2030,4,wind_offshore,0.8574461577019099
88,18,2030,4,wind_offshore,0.8747816075304354
88,19,2030,4,wind_offshore,0.8852594964472454
88,20,2030,4,wind_offshore,0.8899730635059059
88,21,2030,4,wind_offshore,0.884995721818401
88,22,2030,4,wind_offshore,0.8555935888730622
88,23,2030,4,wind_offshore,0.8001432277516001
88,24,2030,4,wind_offshore,0.717490590322506
88,1,2030,4,wind_onshore,0.36229972727153237
88,2,2030,4,wind_onshore,0.35523358568743135
88,3,2030,4,wind_onshore,0.36391128586817456
88,4,2030,4,wind_onshore,0.3738049485685743
88,5,2030,4,wind_onshore,0.3879007523566584
88,6,2030,4,wind_onshore,0.39873092930728726
88,7,2030,4,wind_onshore,0.4047743513149542
88,8,2030,4,wind_onshore,0.37457655971451526
88,9,2030,4,wind_onshore,0.3519023253691082
88,10,2030,4,wind_onshore,0.32817887126914963
88,11,2030,4,wind_onshore,0.3036208750783629
88,12,2030,4,wind_onshore,0.2803440280340056
88,13,2030,4,wind_onshore,0.2902244006343491
88,14,2030,4,wind_onshore,0.3041091582384503
88,15,2030,4,wind_onshore,0.31372925016964054
88,16,2030,4,wind_onshore,0.32986772111755125
88,17,2030,4,wind_onshore,0.3572746837474265
88,18,2030,4,wind_onshore,0.40679568567218954
88,19,2030,4,wind_onshore,0.4298566081971241
88,20,2030,4,wind_onshore,0.4439437573144342
88,21,2030,4,wind_onshore,0.44368746455675756
88,22,2030,4,wind_onshore,0.4156737252311513
88,23,2030,4,wind_onshore,0.3692774421901999
88,24,2030,4,wind_onshore,0.3090008384147526
89,1,2030,4,demand,0.5616125679136706
89,2,2030,4,demand,0.5436665702212173
89,3,2030,4,demand,0.5420055652596347
89,4,2030,4,demand,0.5387942890005751
89,5,2030,4,demand,0.5373333190451187
89,6,2030,4,demand,0.5701569203181985
89,7,2030,4,demand,0.5661312158199113
89,8,2030,4,demand,0.6855199659940491
89,9,2030,4,demand,0.7676093316330358
89,10,2030,4,demand,0.7983861461470044
89,11,2030,4,demand,0.8084950580637327
89,12,2030,4,demand,0.8045836592832318
89,13,2030,4,demand,0.8207650624573587
89,14,2030,4,demand,0.8267196759432901
89,15,2030,4,demand,0.8275912570414109
89,16,2030,4,demand,0.7948998217545213
89,17,2030,4,demand,0.7525709856367722
89,18,2030,4,demand,0.7468271233180093
89,19,2030,4,demand,0.7320673975088497
89,20,2030,4,demand,0.6970398391147022
89,21,2030,4,demand,0.693014134616415
89,22,2030,4,demand,0.6360648827830585
89,23,2030,4,demand,0.677500705480602
89,24,2030,4,demand,0.6241163632207065
89,1,2030,4,solar,0.0
89,2,2030,4,solar,0.0
89,3,2030,4,solar,0.0
89,4,2030,4,solar,0.0
89,5,2030,4,solar,0.0
89,6,2030,4,solar,0.00669
89,7,2030,4,solar,0.1298725
89,8,2030,4,solar,0.3488
89,9,2030,4,solar,0.500945
89,10,2030,4,solar,0.564245
89,11,2030,4,solar,0.5719925
89,12,2030,4,solar,0.55696
89,13,2030,4,solar,0.551795
89,14,2030,4,solar,0.5507225
89,15,2030,4,solar,0.5547175
89,16,2030,4,solar,0.5551325
89,17,2030,4,solar,0.53678
89,18,2030,4,solar,0.46420500000000003
89,19,2030,4,solar,0.24612750000000003
89,20,2030,4,solar,0.037297500000000004
89,21,2030,4,solar,0.0
89,22,2030,4,solar,0.0
89,23,2030,4,solar,0.0
89,24,2030,4,solar,0.0
89,1,2030,4,wind_offshore,0.39112751051578754
89,2,2030,4,wind_offshore,0.38951226807783307
89,3,2030,4,wind_offshore,0.3628020089744272
89,4,2030,4,wind_offshore,0.33581832472045314
89,5,2030,4,wind_offshore,0.3249248295821796
89,6,2030,4,wind_offshore,0.3211932137124096
89,7,2030,4,wind_offshore,0.31315776462569656
89,8,2030,4,wind_offshore,0.28449223064175355
89,9,2030,4,wind_offshore,0.252326443979476
89,10,2030,4,wind_offshore,0.21195331084070712
89,11,2030,4,wind_offshore,0.16703803706655754
89,12,2030,4,wind_offshore,0.13447268962560388
89,13,2030,4,wind_offshore,0.12736552864140668
89,14,2030,4,wind_offshore,0.1395596103398793
89,15,2030,4,wind_offshore,0.15618231736704222
89,16,2030,4,wind_offshore,0.16882479619744717
89,17,2030,4,wind_offshore,0.172213784079079
89,18,2030,4,wind_offshore,0.17453905645609694
89,19,2030,4,wind_offshore,0.18249346592659454
89,20,2030,4,wind_offshore,0.20685709203098532
89,21,2030,4,wind_offshore,0.24890562133853505
89,22,2030,4,wind_offshore,0.28019816238779216
89,23,2030,4,wind_offshore,0.3254921281681536
89,24,2030,4,wind_offshore,0.32750608269085774
89,1,2030,4,wind_onshore,0.18653525868002097
89,2,2030,4,wind_onshore,0.18643917061544257
89,3,2030,4,wind_onshore,0.17559437822253104
89,4,2030,4,wind_onshore,0.1761741158902601
89,5,2030,4,wind_onshore,0.1888027240883426
89,6,2030,4,wind_onshore,0.20633916106555436
89,7,2030,4,wind_onshore,0.17970507197732738
89,8,2030,4,wind_onshore,0.12638234423785782
89,9,2030,4,wind_onshore,0.0853360392949138
89,10,2030,4,wind_onshore,0.06106827462749042
89,11,2030,4,wind_onshore,0.047017604428695986
89,12,2030,4,wind_onshore,0.040294707371718905
89,13,2030,4,wind_onshore,0.04668199201721773
89,14,2030,4,wind_onshore,0.05211629015172203
89,15,2030,4,wind_onshore,0.0574084840929164
89,16,2030,4,wind_onshore,0.057066578733777545
89,17,2030,4,wind_onshore,0.05039569209411649
89,18,2030,4,wind_onshore,0.0462290313358747
89,19,2030,4,wind_onshore,0.04248620291487539
89,20,2030,4,wind_onshore,0.047586547592818815
89,21,2030,4,wind_onshore,0.06862713906069322
89,22,2030,4,wind_onshore,0.09300673230914218
89,23,2030,4,wind_onshore,0.12060205369359067
89,24,2030,4,wind_onshore,0.12232294401048764
90,1,2030,4,demand,0.725455526145647
90,2,2030,4,demand,0.7033980946665667
90,3,2030,4,demand,0.6981900403999273
90,4,2030,4,demand,0.7044161299656012
90,5,2030,4,demand,0.7110708659729739
90,6,2030,4,demand,0.7454375944361692
90,7,2030,4,demand,0.734521398387575
90,8,2030,4,demand,0.8668838475304608
90,9,2030,4,demand,0.9041760879582499
90,10,2030,4,demand,0.9261620783637137
90,11,2030,4,demand,0.9321131197959643
90,12,2030,4,demand,0.8953602594739795
90,13,2030,4,demand,0.8943886608727957
90,14,2030,4,demand,0.8904629738775715
90,15,2030,4,demand,0.8625187979324953
90,16,2030,4,demand,0.846144503859604
90,17,2030,4,demand,0.8542387775003483
90,18,2030,4,demand,0.8410829037938783
90,19,2030,4,demand,0.8192183632135623
90,20,2030,4,demand,0.7980003643494754
90,21,2030,4,demand,0.7589471014570407
90,22,2030,4,demand,0.7122710760097303
90,23,2030,4,demand,0.7881879328882555
90,24,2030,4,demand,0.7423870605927466
90,1,2030,4,solar,0.0
90,2,2030,4,solar,0.0
90,3,2030,4,solar,0.0
90,4,2030,4,solar,0.0
90,5,2030,4,solar,0.0
90,6,2030,4,solar,0.0
90,7,2030,4,solar,0.0
90,8,2030,4,solar,0.0
90,9,2030,4,solar,0.0021374999999999996
90,10,2030,4,solar,0.0352225
90,11,2030,4,solar,0.086255
90,12,2030,4,solar,0.112905
90,13,2030,4,solar,0.12325499999999999
90,14,2030,4,solar,0.1318525
90,15,2030,4,solar,0.1415475
90,16,2030,4,solar,0.037375000000000005
90,17,2030,4,solar,0.0010725
90,18,2030,4,solar,0.0
90,19,2030,4,solar,0.0
90,20,2030,4,solar,0.0
90,21,2030,4,solar,0.0
90,22,2030,4,solar,0.0
90,23,2030,4,solar,0.0
90,24,2030,4,solar,0.0
90,1,2030,4,wind_offshore,0.9279750266766473
90,2,2030,4,wind_offshore,0.9286243784011514
90,3,2030,4,wind_offshore,0.9288430730423536
90,4,2030,4,wind_offshore,0.9318085791793387
90,5,2030,4,wind_offshore,0.932015018897538
90,6,2030,4,wind_offshore,0.9315098932245666
90,7,2030,4,wind_offshore,0.9306214331959604
90,8,2030,4,wind_offshore,0.9317802736534536
90,9,2030,4,wind_offshore,0.9286138807562757
90,10,2030,4,wind_offshore,0.932115649604255
90,11,2030,4,wind_offshore,0.9321144541137746
90,12,2030,4,wind_offshore,0.9315113103546051
90,13,2030,4,wind_offshore,0.9267845281424881
90,14,2030,4,wind_offshore,0.9239827175490182
90,15,2030,4,wind_offshore,0.9297809327480723
90,16,2030,4,wind_offshore,0.9303650468336415
90,17,2030,4,wind_offshore,0.9282022954076287
90,18,2030,4,wind_offshore,0.9292730690484473
90,19,2030,4,wind_offshore,0.9294093270840135
90,20,2030,4,wind_offshore,0.9279961219354224
90,21,2030,4,wind_offshore,0.9294791104633803
90,22,2030,4,wind_offshore,0.9279204504918012
90,23,2030,4,wind_offshore,0.9262001096492263
90,24,2030,4,wind_offshore,0.9198209527481025
90,1,2030,4,wind_onshore,0.7396614996749346
90,2,2030,4,wind_onshore,0.787113966513064
90,3,2030,4,wind_onshore,0.807785446387889
90,4,2030,4,wind_onshore,0.8254667418607613
90,5,2030,4,wind_onshore,0.83777089735242
90,6,2030,4,wind_onshore,0.8435065568492751
90,7,2030,4,wind_onshore,0.8402871120531531
90,8,2030,4,wind_onshore,0.8312359750172547
90,9,2030,4,wind_onshore,0.7885663961285796
90,10,2030,4,wind_onshore,0.7356203954967138
90,11,2030,4,wind_onshore,0.6724200282366675
90,12,2030,4,wind_onshore,0.6299665544173126
90,13,2030,4,wind_onshore,0.6071001048109999
90,14,2030,4,wind_onshore,0.5884767944073173
90,15,2030,4,wind_onshore,0.5996769541549305
90,16,2030,4,wind_onshore,0.6707196246661054
90,17,2030,4,wind_onshore,0.7117227610594272
90,18,2030,4,wind_onshore,0.7347505861913572
90,19,2030,4,wind_onshore,0.746631385537505
90,20,2030,4,wind_onshore,0.7280801180014749
90,21,2030,4,wind_onshore,0.685852168602275
90,22,2030,4,wind_onshore,0.6375998944326156
90,23,2030,4,wind_onshore,0.5856899046472709
90,24,2030,4,wind_onshore,0.5260955856752276
91,1,2030,4,demand,0.6141431893438495
91,2,2030,4,demand,0.589913949226829
91,3,2030,4,demand,0.5811981382456216
91,4,2030,4,demand,0.5703283788948781
91,5,2030,4,demand,0.5669527881665006
91,6,2030,4,demand,0.539783747870163
91,7,2030,4,demand,0.5676671989026651
91,8,2030,4,demand,0.5891816782222604
91,9,2030,4,demand,0.6263238923954549
91,10,2030,4,demand,0.6568970998496166
91,11,2030,4,demand,0.6857807259127491
91,12,2030,4,demand,0.6991259184643027
91,13,2030,4,demand,0.709877800043579
91,14,2030,4,demand,0.7068201220927949
91,15,2030,4,demand,0.702708688306168
91,16,2030,4,demand,0.707520244614236
91,17,2030,4,demand,0.7076917031909157
91,18,2030,4,demand,0.7249161460398427
91,19,2030,4,demand,0.7276487671056721
91,20,2030,4,demand,0.7145214698286486
91,21,2030,4,demand,0.6823872749159675
91,22,2030,4,demand,0.6621658790288302
91,23,2030,4,demand,0.6372150840682834
91,24,2030,4,demand,0.6000228611435573
91,1,2030,4,solar,0.0
91,2,2030,4,solar,0.0
91,3,2030,4,solar,0.0
91,4,2030,4,solar,0.0
91,5,2030,4,solar,0.0
91,6,2030,4,solar,0.0
91,7,2030,4,solar,0.0
91,8,2030,4,solar,0.0077375
91,9,2030,4,solar,0.08481749999999999
91,10,2030,4,solar,0.17233
91,11,2030,4,solar,0.21339000000000002
91,12,2030,4,solar,0.228325
91,13,2030,4,solar,0.25452
91,14,2030,4,solar,0.2805425
91,15,2030,4,solar,0.31911
91,16,2030,4,solar,0.30828
91,17,2030,4,solar,0.11839999999999999
91,18,2030,4,solar,0.00413
91,19,2030,4,solar,0.0
91,20,2030,4,solar,0.0
91,21,2030,4,solar,0.0
91,22,2030,4,solar,0.0
91,23,2030,4,solar,0.0
91,24,2030,4,solar,0.0
91,1,2030,4,wind_offshore,0.5476899284708615
91,2,2030,4,wind_offshore,0.48948698938959345
91,3,2030,4,wind_offshore,0.4445753010276778
91,4,2030,4,wind_offshore,0.4293587683607801
91,5,2030,4,wind_offshore,0.436486319140536
91,6,2030,4,wind_offshore,0.454579616850233
91,7,2030,4,wind_offshore,0.47333456843967614
91,8,2030,4,wind_offshore,0.4967836678659949
91,9,2030,4,wind_offshore,0.5288446252982694
91,10,2030,4,wind_offshore,0.5558923495052102
91,11,2030,4,wind_offshore,0.5594764607109228
91,12,2030,4,wind_offshore,0.5496790622706264
91,13,2030,4,wind_offshore,0.5546481959704652
91,14,2030,4,wind_offshore,0.576476556701084
91,15,2030,4,wind_offshore,0.6178264248426245
91,16,2030,4,wind_offshore,0.6727983027809796
91,17,2030,4,wind_offshore,0.7490746578352405
91,18,2030,4,wind_offshore,0.818266753113895
91,19,2030,4,wind_offshore,0.8590726446997182
91,20,2030,4,wind_offshore,0.884199307224334
91,21,2030,4,wind_offshore,0.897013874630148
91,22,2030,4,wind_offshore,0.8944181161400966
91,23,2030,4,wind_offshore,0.9021060853872104
91,24,2030,4,wind_offshore,0.8908169313302691
91,1,2030,4,wind_onshore,0.13441282009104905
91,2,2030,4,wind_onshore,0.12120414070366113
91,3,2030,4,wind_onshore,0.1204284810957837
91,4,2030,4,wind_onshore,0.12607953143013237
91,5,2030,4,wind_onshore,0.14078932297937208
91,6,2030,4,wind_onshore,0.1656111209425689
91,7,2030,4,wind_onshore,0.18779093182495055
91,8,2030,4,wind_onshore,0.21401488004630176
91,9,2030,4,wind_onshore,0.22327004944353396
91,10,2030,4,wind_onshore,0.22217069230662673
91,11,2030,4,wind_onshore,0.2104970584994563
91,12,2030,4,wind_onshore,0.19197287594426618
91,13,2030,4,wind_onshore,0.2023055003600179
91,14,2030,4,wind_onshore,0.22007897201935395
91,15,2030,4,wind_onshore,0.24006906292697958
91,16,2030,4,wind_onshore,0.26725516066802374
91,17,2030,4,wind_onshore,0.3173452415128697
91,18,2030,4,wind_onshore,0.3644290973480328
91,19,2030,4,wind_onshore,0.41001513883876084
91,20,2030,4,wind_onshore,0.4403063838735334
91,21,2030,4,wind_onshore,0.47323145977705056
91,22,2030,4,wind_onshore,0.49794929549581607
91,23,2030,4,wind_onshore,0.5359094153292516
91,24,2030,4,wind_onshore,0.5337297037747967
92,1,2030,4,demand,0.6678347282202957
92,2,2030,4,demand,0.6485813588806613
92,3,2030,4,demand,0.6277027051162525
92,4,2030,4,demand,0.6231340484584803
92,5,2030,4,demand,0.6167293562087652
92,6,2030,4,demand,0.5926572864537009
92,7,2030,4,demand,0.6211729909877086
92,8,2030,4,demand,0.6646948930348526
92,9,2030,4,demand,0.7202796203621348
92,10,2030,4,demand,0.7822154591339199
92,11,2030,4,demand,0.8355569367496455
92,12,2030,4,demand,0.8594468317669878
92,13,2030,4,demand,0.8358462730977921
92,14,2030,4,demand,0.8165893317044769
92,15,2030,4,demand,0.8192505116966898
92,16,2030,4,demand,0.8072019746312749
92,17,2030,4,demand,0.8032191347771575
92,18,2030,4,demand,0.8318884376194405
92,19,2030,4,demand,0.8285521394815523
92,20,2030,4,demand,0.8207329139742312
92,21,2030,4,demand,0.7938282056502746
92,22,2030,4,demand,0.7627549106807978
92,23,2030,4,demand,0.7279059549706913
92,24,2030,4,demand,0.6966361970487693
92,1,2030,4,solar,0.0
92,2,2030,4,solar,0.0
92,3,2030,4,solar,0.0
92,4,2030,4,solar,0.0
92,5,2030,4,solar,0.0
92,6,2030,4,solar,0.0
92,7,2030,4,solar,0.0
92,8,2030,4,solar,0.014965000000000001
92,9,2030,4,solar,0.12436499999999999
92,10,2030,4,solar,0.2193625
92,11,2030,4,solar,0.25741250000000004
92,12,2030,4,solar,0.2783125
92,13,2030,4,solar,0.27626249999999997
92,14,2030,4,solar,0.26008749999999997
92,15,2030,4,solar,0.23131
92,16,2030,4,solar,0.2085475
92,17,2030,4,solar,0.1678575
92,18,2030,4,solar,0.0712025
92,19,2030,4,solar,0.00447
92,20,2030,4,solar,0.0
92,21,2030,4,solar,0.0
92,22,2030,4,solar,0.0
92,23,2030,4,solar,0.0
92,24,2030,4,solar,0.0
92,1,2030,4,wind_offshore,0.9307451654212318
92,2,2030,4,wind_offshore,0.9369674021885995
92,3,2030,4,wind_offshore,0.9385496218912163
92,4,2030,4,wind_offshore,0.9374114709302621
92,5,2030,4,wind_offshore,0.9340705659060018
92,6,2030,4,wind_offshore,0.9294018730901173
92,7,2030,4,wind_offshore,0.9223463539545912
92,8,2030,4,wind_offshore,0.9116109352039631
92,9,2030,4,wind_offshore,0.8970941152093154
92,10,2030,4,wind_offshore,0.8769262759597922
92,11,2030,4,wind_offshore,0.8371805863931272
92,12,2030,4,wind_offshore,0.7826093139092037
92,13,2030,4,wind_offshore,0.7404507496428202
92,14,2030,4,wind_offshore,0.6846308953158952
92,15,2030,4,wind_offshore,0.607967530953466
92,16,2030,4,wind_offshore,0.5348534849623978
92,17,2030,4,wind_offshore,0.4677956239813917
92,18,2030,4,wind_offshore,0.4058535379786161
92,19,2030,4,wind_offshore,0.35167509212810755
92,20,2030,4,wind_offshore,0.2987835055723022
92,21,2030,4,wind_offshore,0.2521530660031159
92,22,2030,4,wind_offshore,0.22685745432295162
92,23,2030,4,wind_offshore,0.19155935914122985
92,24,2030,4,wind_offshore,0.17450914855399985
92,1,2030,4,wind_onshore,0.6274804025612724
92,2,2030,4,wind_onshore,0.6356321472843124
92,3,2030,4,wind_onshore,0.6505346582714492
92,4,2030,4,wind_onshore,0.6650028674062802
92,5,2030,4,wind_onshore,0.6708651072827053
92,6,2030,4,wind_onshore,0.676458591541576
92,7,2030,4,wind_onshore,0.6635306021409976
92,8,2030,4,wind_onshore,0.613583402264033
92,9,2030,4,wind_onshore,0.5493749105730671
92,10,2030,4,wind_onshore,0.4956718190304112
92,11,2030,4,wind_onshore,0.4421335881938384
92,12,2030,4,wind_onshore,0.4012790626639116
92,13,2030,4,wind_onshore,0.37846752037893805
92,14,2030,4,wind_onshore,0.3468527557630788
92,15,2030,4,wind_onshore,0.30184727866257927
92,16,2030,4,wind_onshore,0.26255549003232864
92,17,2030,4,wind_onshore,0.2349959746503279
92,18,2030,4,wind_onshore,0.22134328250076177
92,19,2030,4,wind_onshore,0.19253987729474187
92,20,2030,4,wind_onshore,0.16612684541489248
92,21,2030,4,wind_onshore,0.14176522006558362
92,22,2030,4,wind_onshore,0.11297828910929127
92,23,2030,4,wind_onshore,0.09862677766408504
92,24,2030,4,wind_onshore,0.08716098449293168
93,1,2030,4,demand,0.6398762640604964
93,2,2030,4,demand,0.6127572325156903
93,3,2030,4,demand,0.5983439959135707
93,4,2030,4,demand,0.5902961589706771
93,5,2030,4,demand,0.582480505517037
93,6,2030,4,demand,0.5959007111958878
93,7,2030,4,demand,0.6131501584205808
93,8,2030,4,demand,0.753703326653593
93,9,2030,4,demand,0.817232301367025
93,10,2030,4,demand,0.8516311783133478
93,11,2030,4,demand,0.8677018478233692
93,12,2030,4,demand,0.8631439073266394
93,13,2030,4,demand,0.8768855978367643
93,14,2030,4,demand,0.8901986419051906
93,15,2030,4,demand,0.8864944222381774
93,16,2030,4,demand,0.8529992748731028
93,17,2030,4,demand,0.7919314451457578
93,18,2030,4,demand,0.7744962511296619
93,19,2030,4,demand,0.7382970591282046
93,20,2030,4,demand,0.7030658936742502
93,21,2030,4,demand,0.6588867337498348
93,22,2030,4,demand,0.627288346889277
93,23,2030,4,demand,0.6675525359795108
93,24,2030,4,demand,0.6199263442531016
93,1,2030,4,solar,0.0
93,2,2030,4,solar,0.0
93,3,2030,4,solar,0.0
93,4,2030,4,solar,0.0
93,5,2030,4,solar,0.0010425
93,6,2030,4,solar,0.040577499999999996
93,7,2030,4,solar,0.16044
93,8,2030,4,solar,0.271135
93,9,2030,4,solar,0.3796375
93,10,2030,4,solar,0.4524
93,11,2030,4,solar,0.4920425
93,12,2030,4,solar,0.5076475
93,13,2030,4,solar,0.507385
93,14,2030,4,solar,0.4993675
93,15,2030,4,solar,0.4841
93,16,2030,4,solar,0.45453
93,17,2030,4,solar,0.405765
93,18,2030,4,solar,0.3353775
93,19,2030,4,solar,0.24278249999999996
93,20,2030,4,solar,0.09663250000000001
93,21,2030,4,solar,0.01054
93,22,2030,4,solar,0.0
93,23,2030,4,solar,0.0
93,24,2030,4,solar,0.0
93,1,2030,4,wind_offshore,0.9599041930831042
93,2,2030,4,wind_offshore,0.9592149861499802
93,3,2030,4,wind_offshore,0.959013208345891
93,4,2030,4,wind_offshore,0.9598964402965929
93,5,2030,4,wind_offshore,0.9588611189968155
93,6,2030,4,wind_offshore,0.955164667329696
93,7,2030,4,wind_offshore,0.9520785883763762
93,8,2030,4,wind_offshore,0.9486542605079182
93,9,2030,4,wind_offshore,0.9461354168120467
93,10,2030,4,wind_offshore,0.9426713660103385
93,11,2030,4,wind_offshore,0.9351844855988724
93,12,2030,4,wind_offshore,0.9305424654269909
93,13,2030,4,wind_offshore,0.931894933004654
93,14,2030,4,wind_offshore,0.9351026380890901
93,15,2030,4,wind_offshore,0.9368846578388385
93,16,2030,4,wind_offshore,0.9371481786507798
93,17,2030,4,wind_offshore,0.9408543909620958
93,18,2030,4,wind_offshore,0.9437266851358884
93,19,2030,4,wind_offshore,0.9422250073937092
93,20,2030,4,wind_offshore,0.9460757547652544
93,21,2030,4,wind_offshore,0.9367214459953801
93,22,2030,4,wind_offshore,0.9295606841784249
93,23,2030,4,wind_offshore,0.9176765444089254
93,24,2030,4,wind_offshore,0.8996878620395524
93,1,2030,4,wind_onshore,0.7762244880605795
93,2,2030,4,wind_onshore,0.7475192899931598
93,3,2030,4,wind_onshore,0.7173700171793254
93,4,2030,4,wind_onshore,0.712349790552132
93,5,2030,4,wind_onshore,0.7228443130711376
93,6,2030,4,wind_onshore,0.6829227703413497
93,7,2030,4,wind_onshore,0.6250973326711994
93,8,2030,4,wind_onshore,0.5215867845809087
93,9,2030,4,wind_onshore,0.43877296732505144
93,10,2030,4,wind_onshore,0.4057242651443555
93,11,2030,4,wind_onshore,0.37602360507144417
93,12,2030,4,wind_onshore,0.3724079582048413
93,13,2030,4,wind_onshore,0.38766824200127953
93,14,2030,4,wind_onshore,0.40108689520711704
93,15,2030,4,wind_onshore,0.41230758900116704
93,16,2030,4,wind_onshore,0.42090852460519873
93,17,2030,4,wind_onshore,0.43866394758237215
93,18,2030,4,wind_onshore,0.4659651469308021
93,19,2030,4,wind_onshore,0.5245970846419439
93,20,2030,4,wind_onshore,0.5886450749542491
93,21,2030,4,wind_onshore,0.5720775791292925
93,22,2030,4,wind_onshore,0.5342699331956695
93,23,2030,4,wind_onshore,0.5414198789373188
93,24,2030,4,wind_onshore,0.48528256743833714
94,1,2030,4,demand,0.6614729006147505
94,2,2030,4,demand,0.6400120021003676
94,3,2030,4,demand,0.6363792235069708
94,4,2030,4,demand,0.6447306850127343
94,5,2030,4,demand,0.6639090412250716
94,6,2030,4,demand,0.7376576615193373
94,7,2030,4,demand,0.726502137874128
94,8,2030,4,demand,0.8734599983568553
94,9,2030,4,demand,0.9309593464570586
94,10,2030,4,demand,0.9556565256062669
94,11,2030,4,demand,0.9477515708106062
94,12,2030,4,demand,0.9142492793381699
94,13,2030,4,demand,0.916342502795132
94,14,2030,4,demand,0.9073230672510546
94,15,2030,4,demand,0.902925869169962
94,16,2030,4,demand,0.8846155220020647
94,17,2030,4,demand,0.8755496497601366
94,18,2030,4,demand,0.8707273772910259
94,19,2030,4,demand,0.8525849166461275
94,20,2030,4,demand,0.8313419134062747
94,21,2030,4,demand,0.782051144664602
94,22,2030,4,demand,0.7223692717654161
94,23,2030,4,demand,0.7994363299291662
94,24,2030,4,demand,0.7373504649027867
94,1,2030,4,solar,0.0
94,2,2030,4,solar,0.0
94,3,2030,4,solar,0.0
94,4,2030,4,solar,0.0
94,5,2030,4,solar,0.0
94,6,2030,4,solar,0.0
94,7,2030,4,solar,0.0
94,8,2030,4,solar,0.0
94,9,2030,4,solar,0.0001275
94,10,2030,4,solar,0.01507
94,11,2030,4,solar,0.03665
94,12,2030,4,solar,0.05768
94,13,2030,4,solar,0.061777500000000006
94,14,2030,4,solar,0.042207499999999995
94,15,2030,4,solar,0.022320000000000003
94,16,2030,4,solar,0.008815
94,17,2030,4,solar,7.25e-5
94,18,2030,4,solar,0.0
94,19,2030,4,solar,0.0
94,20,2030,4,solar,0.0
94,21,2030,4,solar,0.0
94,22,2030,4,solar,0.0
94,23,2030,4,solar,0.0
94,24,2030,4,solar,0.0
94,1,2030,4,wind_offshore,0.5733140300436422
94,2,2030,4,wind_offshore,0.5819755186478341
94,3,2030,4,wind_offshore,0.6797214256465651
94,4,2030,4,wind_offshore,0.8168903400234588
94,5,2030,4,wind_offshore,0.8813451818147056
94,6,2030,4,wind_offshore,0.9121359903253908
94,7,2030,4,wind_offshore,0.9229843851381315
94,8,2030,4,wind_offshore,0.9306091759355606
94,9,2030,4,wind_offshore,0.9347377049158273
94,10,2030,4,wind_offshore,0.936780370482928
94,11,2030,4,wind_offshore,0.9392994380001637
94,12,2030,4,wind_offshore,0.9373396999303201
94,13,2030,4,wind_offshore,0.9352282343741914
94,14,2030,4,wind_offshore,0.9329517707826086
94,15,2030,4,wind_offshore,0.9350318061581919
94,16,2030,4,wind_offshore,0.935306698018966
94,17,2030,4,wind_offshore,0.9344916177901849
94,18,2030,4,wind_offshore,0.9325092347601134
94,19,2030,4,wind_offshore,0.9290714224294689
94,20,2030,4,wind_offshore,0.926461661450624
94,21,2030,4,wind_offshore,0.9287984043517732
94,22,2030,4,wind_offshore,0.9342547295996974
94,23,2030,4,wind_offshore,0.9353634653133376
94,24,2030,4,wind_offshore,0.9396584481386698
94,1,2030,4,wind_onshore,0.16063709511645546
94,2,2030,4,wind_onshore,0.15243100509145904
94,3,2030,4,wind_onshore,0.1582670684973721
94,4,2030,4,wind_onshore,0.177898301407677
94,5,2030,4,wind_onshore,0.22367668383524186
94,6,2030,4,wind_onshore,0.2855334046226161
94,7,2030,4,wind_onshore,0.3710624849977656
94,8,2030,4,wind_onshore,0.4886955618428159
94,9,2030,4,wind_onshore,0.6031547620582258
94,10,2030,4,wind_onshore,0.6763054679757061
94,11,2030,4,wind_onshore,0.7083770977690157
94,12,2030,4,wind_onshore,0.7303348231090612
94,13,2030,4,wind_onshore,0.7564313034831635
94,14,2030,4,wind_onshore,0.7880421763132457
94,15,2030,4,wind_onshore,0.8250082815324604
94,16,2030,4,wind_onshore,0.8385986581368898
94,17,2030,4,wind_onshore,0.8154247475219641
94,18,2030,4,wind_onshore,0.7821874994127319
94,19,2030,4,wind_onshore,0.735994203744025
94,20,2030,4,wind_onshore,0.6954413296013112
94,21,2030,4,wind_onshore,0.6521465410044454
94,22,2030,4,wind_onshore,0.6166802307999373
94,23,2030,4,wind_onshore,0.5910631080575833
94,24,2030,4,wind_onshore,0.5934460284324066
95,1,2030,4,demand,0.5931145093248461
95,2,2030,4,demand,0.5714321434822522
95,3,2030,4,demand,0.5612482184382267
95,4,2030,4,demand,0.5599694232204921
95,5,2030,4,demand,0.5591371347128605
95,6,2030,4,demand,0.5473457855124647
95,7,2030,4,demand,0.5522144946794261
95,8,2030,4,demand,0.6580473011348414
95,9,2030,4,demand,0.7171683616061383
95,10,2030,4,demand,0.7416476454808163
95,11,2030,4,demand,0.7425656632767877
95,12,2030,4,demand,0.7469521451968381
95,13,2030,4,demand,0.7580576600905159
95,14,2030,4,demand,0.7597543855889067
95,15,2030,4,demand,0.7657340034506038
95,16,2030,4,demand,0.7376398012509332
95,17,2030,4,demand,0.6979042761054614
95,18,2030,4,demand,0.7028372822386775
95,19,2030,4,demand,0.6978328350318449
95,20,2030,4,demand,0.666802404706538
95,21,2030,4,demand,0.6538501380598748
95,22,2030,4,demand,0.6193691038788931
95,23,2030,4,demand,0.678972391597101
95,24,2030,4,demand,0.6345253276466238
95,1,2030,4,solar,0.0
95,2,2030,4,solar,0.0
95,3,2030,4,solar,0.0
95,4,2030,4,solar,0.0
95,5,2030,4,solar,0.0
95,6,2030,4,solar,0.010897500000000001
95,7,2030,4,solar,0.154665
95,8,2030,4,solar,0.36602500000000004
95,9,2030,4,solar,0.5051049999999999
95,10,2030,4,solar,0.576265
95,11,2030,4,solar,0.5907724999999999
95,12,2030,4,solar,0.5798975
95,13,2030,4,solar,0.5751824999999999
95,14,2030,4,solar,0.57317
95,15,2030,4,solar,0.5750825
95,16,2030,4,solar,0.5733524999999999
95,17,2030,4,solar,0.55193
95,18,2030,4,solar,0.4839775
95,19,2030,4,solar,0.29519749999999995
95,20,2030,4,solar,0.06341
95,21,2030,4,solar,0.0
95,22,2030,4,solar,0.0
95,23,2030,4,solar,0.0
95,24,2030,4,solar,0.0
95,1,2030,4,wind_offshore,0.03508262220448652
95,2,2030,4,wind_offshore,0.026906476449977786
95,3,2030,4,wind_offshore,0.02070886389227175
95,4,2030,4,wind_offshore,0.017692876405995303
95,5,2030,4,wind_offshore,0.01423746365266516
95,6,2030,4,wind_offshore,0.013208431942028927
95,7,2030,4,wind_offshore,0.013660433393510786
95,8,2030,4,wind_offshore,0.013923920763121257
95,9,2030,4,wind_offshore,0.014657869802720973
95,10,2030,4,wind_offshore,0.015894142262037426
95,11,2030,4,wind_offshore,0.016150926551474442
95,12,2030,4,wind_offshore,0.01408594161656042
95,13,2030,4,wind_offshore,0.014359721152262247
95,14,2030,4,wind_offshore,0.01395159144906416
95,15,2030,4,wind_offshore,0.014275431188397148
95,16,2030,4,wind_offshore,0.012755561794994083
95,17,2030,4,wind_offshore,0.00945974508552142
95,18,2030,4,wind_offshore,0.009439443050282915
95,19,2030,4,wind_offshore,0.012096326234314586
95,20,2030,4,wind_offshore,0.026999999308571138
95,21,2030,4,wind_offshore,0.055487266535163116
95,22,2030,4,wind_offshore,0.08778123739275676
95,23,2030,4,wind_offshore,0.11901993804053065
95,24,2030,4,wind_offshore,0.14859081357717194
95,1,2030,4,wind_onshore,0.05153056796812304
95,2,2030,4,wind_onshore,0.043241889010722956
95,3,2030,4,wind_onshore,0.03526958357701055
95,4,2030,4,wind_onshore,0.030558617943308837
95,5,2030,4,wind_onshore,0.02795931498177667
95,6,2030,4,wind_onshore,0.028682524822927966
95,7,2030,4,wind_onshore,0.026980975993350025
95,8,2030,4,wind_onshore,0.017250676764846855
95,9,2030,4,wind_onshore,0.01413774038755711
95,10,2030,4,wind_onshore,0.014755325505324768
95,11,2030,4,wind_onshore,0.016458643358719997
95,12,2030,4,wind_onshore,0.01838751948085839
95,13,2030,4,wind_onshore,0.022546494604634922
95,14,2030,4,wind_onshore,0.025034618567014257
95,15,2030,4,wind_onshore,0.026532291563579963
95,16,2030,4,wind_onshore,0.0302929601839329
95,17,2030,4,wind_onshore,0.03515292594987086
95,18,2030,4,wind_onshore,0.038432980670639875
95,19,2030,4,wind_onshore,0.037117914544418026
95,20,2030,4,wind_onshore,0.029468166841292862
95,21,2030,4,wind_onshore,0.025243232374970316
95,22,2030,4,wind_onshore,0.02505253600931681
95,23,2030,4,wind_onshore,0.030181490258514604
95,24,2030,4,wind_onshore,0.03631108339030409
96,1,2030,4,demand,0.608188575857918
96,2,2030,4,demand,0.5782190454758154
96,3,2030,4,demand,0.5690924483213133
96,4,2030,4,demand,0.5686959503627421
96,5,2030,4,demand,0.5652060539165783
96,6,2030,4,demand,0.5982654107325925
96,7,2030,4,demand,0.6198584752331658
96,8,2030,4,demand,0.7504456136966826
96,9,2030,4,demand,0.8207936388868052
96,10,2030,4,demand,0.8409078731635179
96,11,2030,4,demand,0.8651156809584535
96,12,2030,4,demand,0.8248050551703692
96,13,2030,4,demand,0.8271768988144355
96,14,2030,4,demand,0.8371750770670582
96,15,2030,4,demand,0.8305739218648979
96,16,2030,4,demand,0.786523355872992
96,17,2030,4,demand,0.7252412029247977
96,18,2030,4,demand,0.7201295941075402
96,19,2030,4,demand,0.7116531107229479
96,20,2030,4,demand,0.6856735643023244
96,21,2030,4,demand,0.6505209840293481
96,22,2030,4,demand,0.62686684455494
96,23,2030,4,demand,0.6812870823822741
96,24,2030,4,demand,0.6249272194062533
96,1,2030,4,solar,0.0
96,2,2030,4,solar,0.0
96,3,2030,4,solar,0.0
96,4,2030,4,solar,0.0
96,5,2030,4,solar,0.0023975
96,6,2030,4,solar,0.037435
96,7,2030,4,solar,0.1284725
96,8,2030,4,solar,0.23379250000000001
96,9,2030,4,solar,0.3498975
96,10,2030,4,solar,0.4391075
96,11,2030,4,solar,0.4945775
96,12,2030,4,solar,0.528815
96,13,2030,4,solar,0.5360975
96,14,2030,4,solar,0.5368075000000001
96,15,2030,4,solar,0.5302775
96,16,2030,4,solar,0.45399
96,17,2030,4,solar,0.34904250000000003
96,18,2030,4,solar,0.23154249999999998
96,19,2030,4,solar,0.13337
96,20,2030,4,solar,0.0438225
96,21,2030,4,solar,0.0047625
96,22,2030,4,solar,0.0
96,23,2030,4,solar,0.0
96,24,2030,4,solar,0.0
96,1,2030,4,wind_offshore,0.13483904714258313
96,2,2030,4,wind_offshore,0.12660513361140208
96,3,2030,4,wind_offshore,0.1033134909066611
96,4,2030,4,wind_offshore,0.08249593850102789
96,5,2030,4,wind_offshore,0.06865019009856205
96,6,2030,4,wind_offshore,0.06497228053490461
96,7,2030,4,wind_offshore,0.06783160408589206
96,8,2030,4,wind_offshore,0.07392261662345573
96,9,2030,4,wind_offshore,0.08209222974770189
96,10,2030,4,wind_offshore,0.09541057286014022
96,11,2030,4,wind_offshore,0.09615211990233881
96,12,2030,4,wind_offshore,0.08482825479356354
96,13,2030,4,wind_offshore,0.0831959266480498
96,14,2030,4,wind_offshore,0.10638895864202079
96,15,2030,4,wind_offshore,0.15175648134516495
96,16,2030,4,wind_offshore,0.22135201602788007
96,17,2030,4,wind_offshore,0.27492184997232444
96,18,2030,4,wind_offshore,0.3279541390256285
96,19,2030,4,wind_offshore,0.37988029776513177
96,20,2030,4,wind_offshore,0.4562491640539589
96,21,2030,4,wind_offshore,0.5369669323446413
96,22,2030,4,wind_offshore,0.6125140417772046
96,23,2030,4,wind_offshore,0.671461979892222
96,24,2030,4,wind_offshore,0.6951191078453827
96,1,2030,4,wind_onshore,0.05541095280648201
96,2,2030,4,wind_onshore,0.04727504901581022
96,3,2030,4,wind_onshore,0.038549007844372006
96,4,2030,4,wind_onshore,0.03346866116545895
96,5,2030,4,wind_onshore,0.033275553307834105
96,6,2030,4,wind_onshore,0.04038417246294289
96,7,2030,4,wind_onshore,0.03640424653963179
96,8,2030,4,wind_onshore,0.03474110669506077
96,9,2030,4,wind_onshore,0.03461028510203082
96,10,2030,4,wind_onshore,0.035686437577787194
96,11,2030,4,wind_onshore,0.02500198217858795
96,12,2030,4,wind_onshore,0.016044020460303184
96,13,2030,4,wind_onshore,0.01635950933296409
96,14,2030,4,wind_onshore,0.02441894578481594
96,15,2030,4,wind_onshore,0.040773798146919615
96,16,2030,4,wind_onshore,0.06088633083896941
96,17,2030,4,wind_onshore,0.07327158882435468
96,18,2030,4,wind_onshore,0.08028577718754258
96,19,2030,4,wind_onshore,0.08971668834406785
96,20,2030,4,wind_onshore,0.10974994163052827
96,21,2030,4,wind_onshore,0.1458053112105241
96,22,2030,4,wind_onshore,0.1997988937081011
96,23,2030,4,wind_onshore,0.24215439783527337
96,24,2030,4,wind_onshore,0.2711043240097686
97,1,2030,4,demand,0.669924379623577
97,2,2030,4,demand,0.6475276030448185
97,3,2030,4,demand,0.638393861782955
97,4,2030,4,demand,0.6361934767155681
97,5,2030,4,demand,0.6408335744469569
97,6,2030,4,demand,0.6602655464706324
97,7,2030,4,demand,0.6550574922039929
97,8,2030,4,demand,0.7870448757103923
97,9,2030,4,demand,0.8329922022068148
97,10,2030,4,demand,0.8551032144911075
97,11,2030,4,demand,0.8551210747595116
97,12,2030,4,demand,0.8233083646781044
97,13,2030,4,demand,0.8216723640922876
97,14,2030,4,demand,0.8148033048640655
97,15,2030,4,demand,0.7934638561748306
97,16,2030,4,demand,0.7767073523580913
97,17,2030,4,demand,0.7836728570356956
97,18,2030,4,demand,0.7734032027033303
97,19,2030,4,demand,0.7661983704291109
97,20,2030,4,demand,0.7475629663762587
97,21,2030,4,demand,0.7023621990991281
97,22,2030,4,demand,0.6611014070319449
97,23,2030,4,demand,0.7153466142289187
97,24,2030,4,demand,0.6679633221528054
97,1,2030,4,solar,0.0
97,2,2030,4,solar,0.0
97,3,2030,4,solar,0.0
97,4,2030,4,solar,0.0
97,5,2030,4,solar,0.0
97,6,2030,4,solar,0.0
97,7,2030,4,solar,0.0
97,8,2030,4,solar,0.0
97,9,2030,4,solar,0.0046675
97,10,2030,4,solar,0.0294325
97,11,2030,4,solar,0.0606525
97,12,2030,4,solar,0.0933125
97,13,2030,4,solar,0.11187
97,14,2030,4,solar,0.108375
97,15,2030,4,solar,0.10214999999999999
97,16,2030,4,solar,0.064595
97,17,2030,4,solar,0.00741
97,18,2030,4,solar,0.0
97,19,2030,4,solar,0.0
97,20,2030,4,solar,0.0
97,21,2030,4,solar,0.0
97,22,2030,4,solar,0.0
97,23,2030,4,solar,0.0
97,24,2030,4,solar,0.0
97,1,2030,4,wind_offshore,0.7508668024106411
97,2,2030,4,wind_offshore,0.7434212497455364
97,3,2030,4,wind_offshore,0.7258512680090864
97,4,2030,4,wind_offshore,0.7195525060376176
97,5,2030,4,wind_offshore,0.7148376763943185
97,6,2030,4,wind_offshore,0.7139980960943517
97,7,2030,4,wind_offshore,0.7062690096550035
97,8,2030,4,wind_offshore,0.7183092263465568
97,9,2030,4,wind_offshore,0.7130754291864407
97,10,2030,4,wind_offshore,0.7178600026025957
97,11,2030,4,wind_offshore,0.6866569475512978
97,12,2030,4,wind_offshore,0.6354797379781381
97,13,2030,4,wind_offshore,0.5879988924932447
97,14,2030,4,wind_offshore,0.5530510389638909
97,15,2030,4,wind_offshore,0.5310954464345369
97,16,2030,4,wind_offshore,0.5087536773236758
97,17,2030,4,wind_offshore,0.48436068387609
97,18,2030,4,wind_offshore,0.4837410447265989
97,19,2030,4,wind_offshore,0.5009507515400414
97,20,2030,4,wind_offshore,0.5269426478331481
97,21,2030,4,wind_offshore,0.5617269985077546
97,22,2030,4,wind_offshore,0.5827156586144404
97,23,2030,4,wind_offshore,0.5902260510381172
97,24,2030,4,wind_offshore,0.6171746894083717
97,1,2030,4,wind_onshore,0.23022433222365088
97,2,2030,4,wind_onshore,0.2291836612176853
97,3,2030,4,wind_onshore,0.22892749077974373
97,4,2030,4,wind_onshore,0.22846990441362733
97,5,2030,4,wind_onshore,0.22552415546682336
97,6,2030,4,wind_onshore,0.22803396884177718
97,7,2030,4,wind_onshore,0.22853135204833525
97,8,2030,4,wind_onshore,0.2203774872883488
97,9,2030,4,wind_onshore,0.2046141426220361
97,10,2030,4,wind_onshore,0.18871635690035451
97,11,2030,4,wind_onshore,0.16366771322329526
97,12,2030,4,wind_onshore,0.13278131191205475
97,13,2030,4,wind_onshore,0.12410889635527708
97,14,2030,4,wind_onshore,0.12240591998613821
97,15,2030,4,wind_onshore,0.12588041613401238
97,16,2030,4,wind_onshore,0.13040380118414222
97,17,2030,4,wind_onshore,0.12689742024649917
97,18,2030,4,wind_onshore,0.13281020032838436
97,19,2030,4,wind_onshore,0.14000354482887276
97,20,2030,4,wind_onshore,0.1516519502916934
97,21,2030,4,wind_onshore,0.16558285509852363
97,22,2030,4,wind_onshore,0.17249514202941574
97,23,2030,4,wind_onshore,0.17453875157608728
97,24,2030,4,wind_onshore,0.1766180014637681
98,1,2030,4,demand,0.6064668459837614
98,2,2030,4,demand,0.5869955813695968
98,3,2030,4,demand,0.58453443638351
98,4,2030,4,demand,0.5793442423852746
98,5,2030,4,demand,0.5929501948555284
98,6,2030,4,demand,0.6186618372500903
98,7,2030,4,demand,0.6252415601301657
98,8,2030,4,demand,0.7439766244807128
98,9,2030,4,demand,0.8024297109136956
98,10,2030,4,demand,0.8155677243517616
98,11,2030,4,demand,0.8145496890527272
98,12,2030,4,demand,0.7976217266593083
98,13,2030,4,demand,0.7988183646423839
98,14,2030,4,demand,0.8033655889780712
98,15,2030,4,demand,0.7924208165000305
98,16,2030,4,demand,0.7488453336476741
98,17,2030,4,demand,0.7059449689409932
98,18,2030,4,demand,0.7070058688841977
98,19,2030,4,demand,0.7332390311161596
98,20,2030,4,demand,0.7417476629838793
98,21,2030,4,demand,0.6934999339170069
98,22,2030,4,demand,0.6238627474093681
98,23,2030,4,demand,0.6624123507328068
98,24,2030,4,demand,0.6196048594218275
98,1,2030,4,solar,0.0
98,2,2030,4,solar,0.0
98,3,2030,4,solar,0.0
98,4,2030,4,solar,0.0
98,5,2030,4,solar,0.0
98,6,2030,4,solar,0.0
98,7,2030,4,solar,0.0008475
98,8,2030,4,solar,0.0329
98,9,2030,4,solar,0.12496
98,10,2030,4,solar,0.20331499999999997
98,11,2030,4,solar,0.25968749999999996
98,12,2030,4,solar,0.2845075
98,13,2030,4,solar,0.2866125
98,14,2030,4,solar,0.27197499999999997
98,15,2030,4,solar,0.247955
98,16,2030,4,solar,0.2333925
98,17,2030,4,solar,0.195
98,18,2030,4,solar,0.07869749999999999
98,19,2030,4,solar,0.0019225000000000002
98,20,2030,4,solar,0.0
98,21,2030,4,solar,0.0
98,22,2030,4,solar,0.0
98,23,2030,4,solar,0.0
98,24,2030,4,solar,0.0
98,1,2030,4,wind_offshore,0.09532723640025718
98,2,2030,4,wind_offshore,0.09528988286272197
98,3,2030,4,wind_offshore,0.09577495824058897
98,4,2030,4,wind_offshore,0.09236062124629059
98,5,2030,4,wind_offshore,0.08937804309674335
98,6,2030,4,wind_offshore,0.08471932058709658
98,7,2030,4,wind_offshore,0.08051749442471566
98,8,2030,4,wind_offshore,0.07421736537419144
98,9,2030,4,wind_offshore,0.06732436848004071
98,10,2030,4,wind_offshore,0.06094650387840393
98,11,2030,4,wind_offshore,0.05485121365530689
98,12,2030,4,wind_offshore,0.04615465177816998
98,13,2030,4,wind_offshore,0.0424492304155193
98,14,2030,4,wind_offshore,0.04367534464094775
98,15,2030,4,wind_offshore,0.04507611067753946
98,16,2030,4,wind_offshore,0.05559283497342348
98,17,2030,4,wind_offshore,0.06872666605067938
98,18,2030,4,wind_offshore,0.07635357653919454
98,19,2030,4,wind_offshore,0.08090521836628792
98,20,2030,4,wind_offshore,0.08636453794003361
98,21,2030,4,wind_offshore,0.09178691761802123
98,22,2030,4,wind_offshore,0.08918487022347209
98,23,2030,4,wind_offshore,0.08877459436424506
98,24,2030,4,wind_offshore,0.08707289523426709
98,1,2030,4,wind_onshore,0.053177637927301506
98,2,2030,4,wind_onshore,0.05395202200950622
98,3,2030,4,wind_onshore,0.051425114259090264
98,4,2030,4,wind_onshore,0.048431248621241145
98,5,2030,4,wind_onshore,0.042168793330335845
98,6,2030,4,wind_onshore,0.03645781818932035
98,7,2030,4,wind_onshore,0.034992496264422385
98,8,2030,4,wind_onshore,0.032066306626930115
98,9,2030,4,wind_onshore,0.026679028406653402
98,10,2030,4,wind_onshore,0.028099106490464508
98,11,2030,4,wind_onshore,0.027182563971922168
98,12,2030,4,wind_onshore,0.02526352550190205
98,13,2030,4,wind_onshore,0.029110479584094077
98,14,2030,4,wind_onshore,0.03506095680040393
98,15,2030,4,wind_onshore,0.040340856443283564
98,16,2030,4,wind_onshore,0.042715752480083025
98,17,2030,4,wind_onshore,0.039011339010876896
98,18,2030,4,wind_onshore,0.03251975096211622
98,19,2030,4,wind_onshore,0.04398204787882612
98,20,2030,4,wind_onshore,0.04855877487686806
98,21,2030,4,wind_onshore,0.04870188664299051
98,22,2030,4,wind_onshore,0.049514781538968045
98,23,2030,4,wind_onshore,0.04828175786843639
98,24,2030,4,wind_onshore,0.048047512647069024
99,1,2030,4,demand,0.6557504706180725
99,2,2030,4,demand,0.6389010934056317
99,3,2030,4,demand,0.6214408950137703
99,4,2030,4,demand,0.6194584052209137
99,5,2030,4,demand,0.6174080464081215
99,6,2030,4,demand,0.6351968737386187
99,7,2030,4,demand,0.6979221363738655
99,8,2030,4,demand,0.6900493300613322
99,9,2030,4,demand,0.81612496472597
99,10,2030,4,demand,0.8506738679268873
99,11,2030,4,demand,0.8487735353686896
99,12,2030,4,demand,0.8500844790695515
99,13,2030,4,demand,0.8323742369200325
99,14,2030,4,demand,0.839293304899786
99,15,2030,4,demand,0.8519097985004519
99,16,2030,4,demand,0.8412543623705577
99,17,2030,4,demand,0.8328993288111134
99,18,2030,4,demand,0.8461516479669656
99,19,2030,4,demand,0.8281449253619384
99,20,2030,4,demand,0.8036156327357288
99,21,2030,4,demand,0.7726530714303574
99,22,2030,4,demand,0.7273951512943337
99,23,2030,4,demand,0.6783972909544884
99,24,2030,4,demand,0.7542284185446739
99,1,2030,4,solar,0.0
99,2,2030,4,solar,0.0
99,3,2030,4,solar,0.0
99,4,2030,4,solar,0.0
99,5,2030,4,solar,0.0
99,6,2030,4,solar,0.0
99,7,2030,4,solar,0.0
99,8,2030,4,solar,0.0
99,9,2030,4,solar,5.0e-6
99,10,2030,4,solar,0.0130825
99,11,2030,4,solar,0.06906999999999999
99,12,2030,4,solar,0.121725
99,13,2030,4,solar,0.129935
99,14,2030,4,solar,0.1625975
99,15,2030,4,solar,0.21888749999999998
99,16,2030,4,solar,0.089455
99,17,2030,4,solar,0.00372
99,18,2030,4,solar,0.0
99,19,2030,4,solar,0.0
99,20,2030,4,solar,0.0
99,21,2030,4,solar,0.0
99,22,2030,4,solar,0.0
99,23,2030,4,solar,0.0
99,24,2030,4,solar,0.0
99,1,2030,4,wind_offshore,0.9089251625057855
99,2,2030,4,wind_offshore,0.9268832092179298
99,3,2030,4,wind_offshore,0.931316401332282
99,4,2030,4,wind_offshore,0.926238721770488
99,5,2030,4,wind_offshore,0.9212667575276585
99,6,2030,4,wind_offshore,0.9167642601962985
99,7,2030,4,wind_offshore,0.9118729960046067
99,8,2030,4,wind_offshore,0.9190926878227902
99,9,2030,4,wind_offshore,0.9246380818442642
99,10,2030,4,wind_offshore,0.9319194301401956
99,11,2030,4,wind_offshore,0.9329514134492107
99,12,2030,4,wind_offshore,0.9363596058438595
99,13,2030,4,wind_offshore,0.9357403492820505
99,14,2030,4,wind_offshore,0.9355903039858996
99,15,2030,4,wind_offshore,0.935977811277737
99,16,2030,4,wind_offshore,0.9346844553114715
99,17,2030,4,wind_offshore,0.934908303349218
99,18,2030,4,wind_offshore,0.9376173846863225
99,19,2030,4,wind_offshore,0.937513026846751
99,20,2030,4,wind_offshore,0.9354415133901319
99,21,2030,4,wind_offshore,0.9396350603896151
99,22,2030,4,wind_offshore,0.9418849817698656
99,23,2030,4,wind_offshore,0.9385461518360763
99,24,2030,4,wind_offshore,0.9394643190964287
99,1,2030,4,wind_onshore,0.5120765350718065
99,2,2030,4,wind_onshore,0.5710999730414588
99,3,2030,4,wind_onshore,0.6619220670996159
99,4,2030,4,wind_onshore,0.7266725242706923
99,5,2030,4,wind_onshore,0.7540278157856214
99,6,2030,4,wind_onshore,0.7308794396773558
99,7,2030,4,wind_onshore,0.6894094053457787
99,8,2030,4,wind_onshore,0.6479044172516701
99,9,2030,4,wind_onshore,0.6283449421833708
99,10,2030,4,wind_onshore,0.6193932578804693
99,11,2030,4,wind_onshore,0.6304868106204237
99,12,2030,4,wind_onshore,0.6455465741301849
99,13,2030,4,wind_onshore,0.7079719418492496
99,14,2030,4,wind_onshore,0.7517437091715299
99,15,2030,4,wind_onshore,0.7732750540169978
99,16,2030,4,wind_onshore,0.801879020254249
99,17,2030,4,wind_onshore,0.8089362357524167
99,18,2030,4,wind_onshore,0.8065782700850388
99,19,2030,4,wind_onshore,0.7914894575887981
99,20,2030,4,wind_onshore,0.7876602084670626
99,21,2030,4,wind_onshore,0.7794759321551821
99,22,2030,4,wind_onshore,0.7718083098394519
99,23,2030,4,wind_onshore,0.7605356807386392
99,24,2030,4,wind_onshore,0.7541447464219417
100,1,2030,4,demand,0.5716678990251866
100,2,2030,4,demand,0.5576225839521917
100,3,2030,4,demand,0.5551721551271472
100,4,2030,4,demand,0.5572975270672368
100,5,2030,4,demand,0.5701604923718794
100,6,2030,4,demand,0.6151933731260114
100,7,2030,4,demand,0.6308461123553765
100,8,2030,4,demand,0.7535961650431683
100,9,2030,4,demand,0.8030298159320739
100,10,2030,4,demand,0.8275376762361986
100,11,2030,4,demand,0.8275698247193259
100,12,2030,4,demand,0.801133055427557
100,13,2030,4,demand,0.8116884740543882
100,14,2030,4,demand,0.807280559812253
100,15,2030,4,demand,0.788763033530868
100,16,2030,4,demand,0.7486524427489096
100,17,2030,4,demand,0.694264353404703
100,18,2030,4,demand,0.6635411196959469
100,19,2030,4,demand,0.6603048390611215
100,20,2030,4,demand,0.6322856499887481
100,21,2030,4,demand,0.6342574236205621
100,22,2030,4,demand,0.5851416855092498
100,23,2030,4,demand,0.6323963836528536
100,24,2030,4,demand,0.5834235276887741
100,1,2030,4,solar,0.0
100,2,2030,4,solar,0.0
100,3,2030,4,solar,0.0
100,4,2030,4,solar,0.0
100,5,2030,4,solar,0.0
100,6,2030,4,solar,0.0028000000000000004
100,7,2030,4,solar,0.0210325
100,8,2030,4,solar,0.0425575
100,9,2030,4,solar,0.08215
100,10,2030,4,solar,0.1507575
100,11,2030,4,solar,0.22393250000000003
100,12,2030,4,solar,0.2858175
100,13,2030,4,solar,0.3212775
100,14,2030,4,solar,0.33595
100,15,2030,4,solar,0.3382175
100,16,2030,4,solar,0.31012249999999997
100,17,2030,4,solar,0.27101749999999997
100,18,2030,4,solar,0.219525
100,19,2030,4,solar,0.1297925
100,20,2030,4,solar,0.03243
100,21,2030,4,solar,0.0
100,22,2030,4,solar,0.0
100,23,2030,4,solar,0.0
100,24,2030,4,solar,0.0
100,1,2030,4,wind_offshore,0.3702383661527363
100,2,2030,4,wind_offshore,0.38375560255885677
100,3,2030,4,wind_offshore,0.38271347176899495
100,4,2030,4,wind_offshore,0.3807785144618933
100,5,2030,4,wind_offshore,0.38101753772565494
100,6,2030,4,wind_offshore,0.37536543877544415
100,7,2030,4,wind_offshore,0.3776453469387902
100,8,2030,4,wind_offshore,0.3822974941220961
100,9,2030,4,wind_offshore,0.3873573380260442
100,10,2030,4,wind_offshore,0.4086743796510749
100,11,2030,4,wind_offshore,0.39944822738511165
100,12,2030,4,wind_offshore,0.4060445835464451
100,13,2030,4,wind_offshore,0.4298229688668091
100,14,2030,4,wind_offshore,0.4583097176550636
100,15,2030,4,wind_offshore,0.5046630958879171
100,16,2030,4,wind_offshore,0.5638573996675891
100,17,2030,4,wind_offshore,0.6134489210232645
100,18,2030,4,wind_offshore,0.6432187014611332
100,19,2030,4,wind_offshore,0.6748537627210202
100,20,2030,4,wind_offshore,0.7093926413369188
100,21,2030,4,wind_offshore,0.7419576472834554
100,22,2030,4,wind_offshore,0.7636254421411697
100,23,2030,4,wind_offshore,0.7720529319236189
100,24,2030,4,wind_offshore,0.7570960684971753
100,1,2030,4,wind_onshore,0.08866122537418092
100,2,2030,4,wind_onshore,0.08313877824735258
100,3,2030,4,wind_onshore,0.07994683220861898
100,4,2030,4,wind_onshore,0.07412059526795982
100,5,2030,4,wind_onshore,0.06691680509684503
100,6,2030,4,wind_onshore,0.062656371915128
100,7,2030,4,wind_onshore,0.05058564661296063
100,8,2030,4,wind_onshore,0.045323921027331696
100,9,2030,4,wind_onshore,0.048651333493151934
100,10,2030,4,wind_onshore,0.05734400275297663
100,11,2030,4,wind_onshore,0.06058423609297367
100,12,2030,4,wind_onshore,0.06133813712882133
100,13,2030,4,wind_onshore,0.06995451804564011
100,14,2030,4,wind_onshore,0.07716404754314019
100,15,2030,4,wind_onshore,0.08361125416963595
100,16,2030,4,wind_onshore,0.08923319953523236
100,17,2030,4,wind_onshore,0.08956283621253089
100,18,2030,4,wind_onshore,0.09234808352468875
100,19,2030,4,wind_onshore,0.10358345179493689
100,20,2030,4,wind_onshore,0.1328333629634863
100,21,2030,4,wind_onshore,0.17817169017046536
100,22,2030,4,wind_onshore,0.2321624885265602
100,23,2030,4,wind_onshore,0.2704106594339556
100,24,2030,4,wind_onshore,0.2700837104019358
