id,asset,year,rep_period,time_block_start,time_block_end,dual_max_output_flows_limit_simple_method
1,ccgt,2030,1,1,1,0.0
2,ccgt,2030,1,2,2,0.0
3,ccgt,2030,1,3,3,0.0
4,ccgt,2030,1,4,4,0.0
5,ccgt,2030,1,5,5,0.0
6,ccgt,2030,1,6,6,0.0
7,ccgt,2030,1,7,7,0.0
8,ccgt,2030,1,8,8,0.0
9,ccgt,2030,1,9,9,0.0
10,ccgt,2030,1,10,10,0.0
11,ccgt,2030,1,11,11,0.0
12,ccgt,2030,1,12,12,0.0
13,ccgt,2030,1,13,13,0.0
14,ccgt,2030,1,14,14,0.0
15,ccgt,2030,1,15,15,0.0
16,ccgt,2030,1,16,16,0.0
17,ccgt,2030,1,17,17,0.0
18,ccgt,2030,1,18,18,0.0
19,ccgt,2030,1,19,19,0.0
20,ccgt,2030,1,20,20,-0.06474842879682127
21,ccgt,2030,1,21,21,-0.06474842879682127
22,ccgt,2030,1,22,22,0.0
23,ccgt,2030,1,23,23,0.0
24,ccgt,2030,1,24,24,0.0
25,ccgt,2030,2,1,1,0.0
26,ccgt,2030,2,2,2,0.0
27,ccgt,2030,2,3,3,0.0
28,ccgt,2030,2,4,4,0.0
29,ccgt,2030,2,5,5,0.0
30,ccgt,2030,2,6,6,0.0
31,ccgt,2030,2,7,7,0.0
32,ccgt,2030,2,8,8,0.0
33,ccgt,2030,2,9,9,0.0
34,ccgt,2030,2,10,10,0.0
35,ccgt,2030,2,11,11,0.0
36,ccgt,2030,2,12,12,0.0
37,ccgt,2030,2,13,13,0.0
38,ccgt,2030,2,14,14,0.0
39,ccgt,2030,2,15,15,0.0
40,ccgt,2030,2,16,16,0.0
41,ccgt,2030,2,17,17,0.0
42,ccgt,2030,2,18,18,0.0
43,ccgt,2030,2,19,19,-0.08267304258843661
44,ccgt,2030,2,20,20,-0.08267304258843661
45,ccgt,2030,2,21,21,-0.08267304258843661
46,ccgt,2030,2,22,22,-0.08267304258843661
47,ccgt,2030,2,23,23,0.0
48,ccgt,2030,2,24,24,0.0
49,ccgt,2030,3,1,1,0.0
50,ccgt,2030,3,2,2,0.0
51,ccgt,2030,3,3,3,0.0
52,ccgt,2030,3,4,4,0.0
53,ccgt,2030,3,5,5,0.0
54,ccgt,2030,3,6,6,0.0
55,ccgt,2030,3,7,7,0.0
56,ccgt,2030,3,8,8,0.0
57,ccgt,2030,3,9,9,0.0
58,ccgt,2030,3,10,10,0.0
59,ccgt,2030,3,11,11,0.0
60,ccgt,2030,3,12,12,0.0
61,ccgt,2030,3,13,13,0.0
62,ccgt,2030,3,14,14,0.0
63,ccgt,2030,3,15,15,0.0
64,ccgt,2030,3,16,16,0.0
65,ccgt,2030,3,17,17,0.0
66,ccgt,2030,3,18,18,0.0
67,ccgt,2030,3,19,19,-0.08263739752691213
68,ccgt,2030,3,20,20,-0.08263739752691213
69,ccgt,2030,3,21,21,-0.08263739752691213
70,ccgt,2030,3,22,22,0.0
71,ccgt,2030,3,23,23,0.0
72,ccgt,2030,3,24,24,0.0
73,ccgt,2030,4,1,1,0.0
74,ccgt,2030,4,2,2,0.0
75,ccgt,2030,4,3,3,0.0
76,ccgt,2030,4,4,4,0.0
77,ccgt,2030,4,5,5,0.0
78,ccgt,2030,4,6,6,0.0
79,ccgt,2030,4,7,7,0.0
80,ccgt,2030,4,8,8,0.0
81,ccgt,2030,4,9,9,0.0
82,ccgt,2030,4,10,10,0.0
83,ccgt,2030,4,11,11,0.0
84,ccgt,2030,4,12,12,0.0
85,ccgt,2030,4,13,13,0.0
86,ccgt,2030,4,14,14,0.0
87,ccgt,2030,4,15,15,0.0
88,ccgt,2030,4,16,16,0.0
89,ccgt,2030,4,17,17,-0.016895075800706733
90,ccgt,2030,4,18,18,-0.016895075800706733
91,ccgt,2030,4,19,19,-16.852838111204964
92,ccgt,2030,4,20,20,-16.852838111204964
93,ccgt,2030,4,21,21,-16.852838111204964
94,ccgt,2030,4,22,22,-16.852838111204964
95,ccgt,2030,4,23,23,-0.016895075800706733
96,ccgt,2030,4,24,24,-0.016895075800706733
97,ccgt,2030,5,1,1,0.0
98,ccgt,2030,5,2,2,0.0
99,ccgt,2030,5,3,3,0.0
100,ccgt,2030,5,4,4,0.0
101,ccgt,2030,5,5,5,0.0
102,ccgt,2030,5,6,6,0.0
103,ccgt,2030,5,7,7,0.0
104,ccgt,2030,5,8,8,0.0
105,ccgt,2030,5,9,9,0.0
106,ccgt,2030,5,10,10,0.0
107,ccgt,2030,5,11,11,0.0
108,ccgt,2030,5,12,12,0.0
109,ccgt,2030,5,13,13,0.0
110,ccgt,2030,5,14,14,0.0
111,ccgt,2030,5,15,15,0.0
112,ccgt,2030,5,16,16,0.0
113,ccgt,2030,5,17,17,0.0
114,ccgt,2030,5,18,18,0.0
115,ccgt,2030,5,19,19,0.0
116,ccgt,2030,5,20,20,-0.1440589958930122
117,ccgt,2030,5,21,21,-0.1440589958930122
118,ccgt,2030,5,22,22,0.0
119,ccgt,2030,5,23,23,0.0
120,ccgt,2030,5,24,24,0.0
121,ccgt,2030,6,1,1,0.0
122,ccgt,2030,6,2,2,0.0
123,ccgt,2030,6,3,3,0.0
124,ccgt,2030,6,4,4,0.0
125,ccgt,2030,6,5,5,0.0
126,ccgt,2030,6,6,6,0.0
127,ccgt,2030,6,7,7,0.0
128,ccgt,2030,6,8,8,0.0
129,ccgt,2030,6,9,9,0.0
130,ccgt,2030,6,10,10,0.0
131,ccgt,2030,6,11,11,0.0
132,ccgt,2030,6,12,12,0.0
133,ccgt,2030,6,13,13,0.0
134,ccgt,2030,6,14,14,0.0
135,ccgt,2030,6,15,15,0.0
136,ccgt,2030,6,16,16,0.0
137,ccgt,2030,6,17,17,0.0
138,ccgt,2030,6,18,18,0.0
139,ccgt,2030,6,19,19,0.0
140,ccgt,2030,6,20,20,0.0
141,ccgt,2030,6,21,21,0.0
142,ccgt,2030,6,22,22,0.0
143,ccgt,2030,6,23,23,0.0
144,ccgt,2030,6,24,24,0.0
145,ccgt,2030,7,1,1,0.0
146,ccgt,2030,7,2,2,0.0
147,ccgt,2030,7,3,3,0.0
148,ccgt,2030,7,4,4,0.0
149,ccgt,2030,7,5,5,0.0
150,ccgt,2030,7,6,6,0.0
151,ccgt,2030,7,7,7,0.0
152,ccgt,2030,7,8,8,0.0
153,ccgt,2030,7,9,9,0.0
154,ccgt,2030,7,10,10,0.0
155,ccgt,2030,7,11,11,0.0
156,ccgt,2030,7,12,12,0.0
157,ccgt,2030,7,13,13,0.0
158,ccgt,2030,7,14,14,0.0
159,ccgt,2030,7,15,15,0.0
160,ccgt,2030,7,16,16,0.0
161,ccgt,2030,7,17,17,0.0
162,ccgt,2030,7,18,18,0.0
163,ccgt,2030,7,19,19,0.0
164,ccgt,2030,7,20,20,0.0
165,ccgt,2030,7,21,21,0.0
166,ccgt,2030,7,22,22,0.0
167,ccgt,2030,7,23,23,0.0
168,ccgt,2030,7,24,24,0.0
169,ccgt,2030,8,1,1,0.0
170,ccgt,2030,8,2,2,0.0
171,ccgt,2030,8,3,3,0.0
172,ccgt,2030,8,4,4,0.0
173,ccgt,2030,8,5,5,0.0
174,ccgt,2030,8,6,6,0.0
175,ccgt,2030,8,7,7,0.0
176,ccgt,2030,8,8,8,0.0
177,ccgt,2030,8,9,9,0.0
178,ccgt,2030,8,10,10,0.0
179,ccgt,2030,8,11,11,0.0
180,ccgt,2030,8,12,12,0.0
181,ccgt,2030,8,13,13,0.0
182,ccgt,2030,8,14,14,0.0
183,ccgt,2030,8,15,15,0.0
184,ccgt,2030,8,16,16,0.0
185,ccgt,2030,8,17,17,0.0
186,ccgt,2030,8,18,18,0.0
187,ccgt,2030,8,19,19,0.0
188,ccgt,2030,8,20,20,-1.9429670046252978
189,ccgt,2030,8,21,21,-0.9026595393927103
190,ccgt,2030,8,22,22,0.0
191,ccgt,2030,8,23,23,0.0
192,ccgt,2030,8,24,24,0.0
193,ccgt,2030,9,1,1,0.0
194,ccgt,2030,9,2,2,0.0
195,ccgt,2030,9,3,3,0.0
196,ccgt,2030,9,4,4,0.0
197,ccgt,2030,9,5,5,0.0
198,ccgt,2030,9,6,6,0.0
199,ccgt,2030,9,7,7,0.0
200,ccgt,2030,9,8,8,0.0
201,ccgt,2030,9,9,9,0.0
202,ccgt,2030,9,10,10,0.0
203,ccgt,2030,9,11,11,0.0
204,ccgt,2030,9,12,12,0.0
205,ccgt,2030,9,13,13,0.0
206,ccgt,2030,9,14,14,0.0
207,ccgt,2030,9,15,15,0.0
208,ccgt,2030,9,16,16,0.0
209,ccgt,2030,9,17,17,0.0
210,ccgt,2030,9,18,18,0.0
211,ccgt,2030,9,19,19,-0.10385859568676703
212,ccgt,2030,9,20,20,-0.10385859568676703
213,ccgt,2030,9,21,21,-0.10385859568676703
214,ccgt,2030,9,22,22,-0.10385859568676703
215,ccgt,2030,9,23,23,0.0
216,ccgt,2030,9,24,24,0.0
217,ccgt,2030,10,1,1,0.0
218,ccgt,2030,10,2,2,0.0
219,ccgt,2030,10,3,3,0.0
220,ccgt,2030,10,4,4,0.0
221,ccgt,2030,10,5,5,0.0
222,ccgt,2030,10,6,6,0.0
223,ccgt,2030,10,7,7,0.0
224,ccgt,2030,10,8,8,0.0
225,ccgt,2030,10,9,9,0.0
226,ccgt,2030,10,10,10,0.0
227,ccgt,2030,10,11,11,0.0
228,ccgt,2030,10,12,12,0.0
229,ccgt,2030,10,13,13,0.0
230,ccgt,2030,10,14,14,0.0
231,ccgt,2030,10,15,15,0.0
232,ccgt,2030,10,16,16,0.0
233,ccgt,2030,10,17,17,0.0
234,ccgt,2030,10,18,18,0.0
235,ccgt,2030,10,19,19,0.0
236,ccgt,2030,10,20,20,0.0
237,ccgt,2030,10,21,21,0.0
238,ccgt,2030,10,22,22,0.0
239,ccgt,2030,10,23,23,0.0
240,ccgt,2030,10,24,24,0.0
241,ccgt,2030,11,1,1,0.0
242,ccgt,2030,11,2,2,0.0
243,ccgt,2030,11,3,3,0.0
244,ccgt,2030,11,4,4,0.0
245,ccgt,2030,11,5,5,0.0
246,ccgt,2030,11,6,6,0.0
247,ccgt,2030,11,7,7,0.0
248,ccgt,2030,11,8,8,0.0
249,ccgt,2030,11,9,9,0.0
250,ccgt,2030,11,10,10,0.0
251,ccgt,2030,11,11,11,0.0
252,ccgt,2030,11,12,12,0.0
253,ccgt,2030,11,13,13,0.0
254,ccgt,2030,11,14,14,0.0
255,ccgt,2030,11,15,15,0.0
256,ccgt,2030,11,16,16,0.0
257,ccgt,2030,11,17,17,0.0
258,ccgt,2030,11,18,18,0.0
259,ccgt,2030,11,19,19,-0.1022373218958903
260,ccgt,2030,11,20,20,-0.1022373218958903
261,ccgt,2030,11,21,21,-35.96427911249709
262,ccgt,2030,11,22,22,-0.1022373218958903
263,ccgt,2030,11,23,23,-0.1022373218958903
264,ccgt,2030,11,24,24,0.0
265,ccgt,2030,12,1,1,0.0
266,ccgt,2030,12,2,2,0.0
267,ccgt,2030,12,3,3,0.0
268,ccgt,2030,12,4,4,0.0
269,ccgt,2030,12,5,5,0.0
270,ccgt,2030,12,6,6,0.0
271,ccgt,2030,12,7,7,0.0
272,ccgt,2030,12,8,8,0.0
273,ccgt,2030,12,9,9,0.0
274,ccgt,2030,12,10,10,0.0
275,ccgt,2030,12,11,11,0.0
276,ccgt,2030,12,12,12,0.0
277,ccgt,2030,12,13,13,0.0
278,ccgt,2030,12,14,14,0.0
279,ccgt,2030,12,15,15,0.0
280,ccgt,2030,12,16,16,0.0
281,ccgt,2030,12,17,17,0.0
282,ccgt,2030,12,18,18,0.0
283,ccgt,2030,12,19,19,0.0
284,ccgt,2030,12,20,20,-0.04616069682166889
285,ccgt,2030,12,21,21,-0.04616069682166889
286,ccgt,2030,12,22,22,-0.04616069682166889
287,ccgt,2030,12,23,23,0.0
288,ccgt,2030,12,24,24,0.0
289,ccgt,2030,13,1,1,0.0
290,ccgt,2030,13,2,2,0.0
291,ccgt,2030,13,3,3,0.0
292,ccgt,2030,13,4,4,0.0
293,ccgt,2030,13,5,5,0.0
294,ccgt,2030,13,6,6,0.0
295,ccgt,2030,13,7,7,0.0
296,ccgt,2030,13,8,8,0.0
297,ccgt,2030,13,9,9,0.0
298,ccgt,2030,13,10,10,0.0
299,ccgt,2030,13,11,11,0.0
300,ccgt,2030,13,12,12,0.0
301,ccgt,2030,13,13,13,0.0
302,ccgt,2030,13,14,14,0.0
303,ccgt,2030,13,15,15,0.0
304,ccgt,2030,13,16,16,0.0
305,ccgt,2030,13,17,17,0.0
306,ccgt,2030,13,18,18,0.0
307,ccgt,2030,13,19,19,-0.03768796923167028
308,ccgt,2030,13,20,20,-0.03768796923167028
309,ccgt,2030,13,21,21,-0.03768796923167028
310,ccgt,2030,13,22,22,-0.03768796923167028
311,ccgt,2030,13,23,23,-0.03768796923167028
312,ccgt,2030,13,24,24,-0.03768796923167028
313,ccgt,2030,14,1,1,0.0
314,ccgt,2030,14,2,2,0.0
315,ccgt,2030,14,3,3,0.0
316,ccgt,2030,14,4,4,0.0
317,ccgt,2030,14,5,5,0.0
318,ccgt,2030,14,6,6,0.0
319,ccgt,2030,14,7,7,0.0
320,ccgt,2030,14,8,8,0.0
321,ccgt,2030,14,9,9,0.0
322,ccgt,2030,14,10,10,0.0
323,ccgt,2030,14,11,11,0.0
324,ccgt,2030,14,12,12,0.0
325,ccgt,2030,14,13,13,0.0
326,ccgt,2030,14,14,14,0.0
327,ccgt,2030,14,15,15,0.0
328,ccgt,2030,14,16,16,0.0
329,ccgt,2030,14,17,17,0.0
330,ccgt,2030,14,18,18,0.0
331,ccgt,2030,14,19,19,0.0
332,ccgt,2030,14,20,20,0.0
333,ccgt,2030,14,21,21,0.0
334,ccgt,2030,14,22,22,0.0
335,ccgt,2030,14,23,23,0.0
336,ccgt,2030,14,24,24,0.0
337,ccgt,2030,15,1,1,0.0
338,ccgt,2030,15,2,2,0.0
339,ccgt,2030,15,3,3,0.0
340,ccgt,2030,15,4,4,0.0
341,ccgt,2030,15,5,5,0.0
342,ccgt,2030,15,6,6,0.0
343,ccgt,2030,15,7,7,0.0
344,ccgt,2030,15,8,8,0.0
345,ccgt,2030,15,9,9,0.0
346,ccgt,2030,15,10,10,0.0
347,ccgt,2030,15,11,11,0.0
348,ccgt,2030,15,12,12,0.0
349,ccgt,2030,15,13,13,0.0
350,ccgt,2030,15,14,14,0.0
351,ccgt,2030,15,15,15,0.0
352,ccgt,2030,15,16,16,0.0
353,ccgt,2030,15,17,17,0.0
354,ccgt,2030,15,18,18,0.0
355,ccgt,2030,15,19,19,0.0
356,ccgt,2030,15,20,20,0.0
357,ccgt,2030,15,21,21,0.0
358,ccgt,2030,15,22,22,0.0
359,ccgt,2030,15,23,23,0.0
360,ccgt,2030,15,24,24,0.0
361,ccgt,2030,16,1,1,0.0
362,ccgt,2030,16,2,2,0.0
363,ccgt,2030,16,3,3,0.0
364,ccgt,2030,16,4,4,0.0
365,ccgt,2030,16,5,5,0.0
366,ccgt,2030,16,6,6,0.0
367,ccgt,2030,16,7,7,0.0
368,ccgt,2030,16,8,8,0.0
369,ccgt,2030,16,9,9,0.0
370,ccgt,2030,16,10,10,0.0
371,ccgt,2030,16,11,11,0.0
372,ccgt,2030,16,12,12,0.0
373,ccgt,2030,16,13,13,0.0
374,ccgt,2030,16,14,14,0.0
375,ccgt,2030,16,15,15,0.0
376,ccgt,2030,16,16,16,0.0
377,ccgt,2030,16,17,17,0.0
378,ccgt,2030,16,18,18,0.0
379,ccgt,2030,16,19,19,0.0
380,ccgt,2030,16,20,20,0.0
381,ccgt,2030,16,21,21,0.0
382,ccgt,2030,16,22,22,0.0
383,ccgt,2030,16,23,23,0.0
384,ccgt,2030,16,24,24,0.0
385,ccgt,2030,17,1,1,0.0
386,ccgt,2030,17,2,2,0.0
387,ccgt,2030,17,3,3,0.0
388,ccgt,2030,17,4,4,0.0
389,ccgt,2030,17,5,5,0.0
390,ccgt,2030,17,6,6,0.0
391,ccgt,2030,17,7,7,0.0
392,ccgt,2030,17,8,8,0.0
393,ccgt,2030,17,9,9,0.0
394,ccgt,2030,17,10,10,0.0
395,ccgt,2030,17,11,11,0.0
396,ccgt,2030,17,12,12,0.0
397,ccgt,2030,17,13,13,0.0
398,ccgt,2030,17,14,14,0.0
399,ccgt,2030,17,15,15,0.0
400,ccgt,2030,17,16,16,0.0
401,ccgt,2030,17,17,17,0.0
402,ccgt,2030,17,18,18,0.0
403,ccgt,2030,17,19,19,0.0
404,ccgt,2030,17,20,20,-0.18475497863627666
405,ccgt,2030,17,21,21,-0.18475497863627666
406,ccgt,2030,17,22,22,0.0
407,ccgt,2030,17,23,23,0.0
408,ccgt,2030,17,24,24,0.0
409,ccgt,2030,18,1,1,0.0
410,ccgt,2030,18,2,2,0.0
411,ccgt,2030,18,3,3,0.0
412,ccgt,2030,18,4,4,0.0
413,ccgt,2030,18,5,5,0.0
414,ccgt,2030,18,6,6,0.0
415,ccgt,2030,18,7,7,0.0
416,ccgt,2030,18,8,8,0.0
417,ccgt,2030,18,9,9,0.0
418,ccgt,2030,18,10,10,0.0
419,ccgt,2030,18,11,11,0.0
420,ccgt,2030,18,12,12,0.0
421,ccgt,2030,18,13,13,0.0
422,ccgt,2030,18,14,14,0.0
423,ccgt,2030,18,15,15,0.0
424,ccgt,2030,18,16,16,0.0
425,ccgt,2030,18,17,17,0.0
426,ccgt,2030,18,18,18,0.0
427,ccgt,2030,18,19,19,0.0
428,ccgt,2030,18,20,20,-0.03888958263614972
429,ccgt,2030,18,21,21,-0.03888958263614972
430,ccgt,2030,18,22,22,0.0
431,ccgt,2030,18,23,23,0.0
432,ccgt,2030,18,24,24,0.0
433,ccgt,2030,19,1,1,0.0
434,ccgt,2030,19,2,2,0.0
435,ccgt,2030,19,3,3,0.0
436,ccgt,2030,19,4,4,0.0
437,ccgt,2030,19,5,5,0.0
438,ccgt,2030,19,6,6,0.0
439,ccgt,2030,19,7,7,0.0
440,ccgt,2030,19,8,8,0.0
441,ccgt,2030,19,9,9,0.0
442,ccgt,2030,19,10,10,0.0
443,ccgt,2030,19,11,11,0.0
444,ccgt,2030,19,12,12,0.0
445,ccgt,2030,19,13,13,0.0
446,ccgt,2030,19,14,14,0.0
447,ccgt,2030,19,15,15,0.0
448,ccgt,2030,19,16,16,0.0
449,ccgt,2030,19,17,17,0.0
450,ccgt,2030,19,18,18,0.0
451,ccgt,2030,19,19,19,0.0
452,ccgt,2030,19,20,20,0.0
453,ccgt,2030,19,21,21,0.0
454,ccgt,2030,19,22,22,0.0
455,ccgt,2030,19,23,23,0.0
456,ccgt,2030,19,24,24,0.0
457,ccgt,2030,20,1,1,0.0
458,ccgt,2030,20,2,2,0.0
459,ccgt,2030,20,3,3,0.0
460,ccgt,2030,20,4,4,0.0
461,ccgt,2030,20,5,5,0.0
462,ccgt,2030,20,6,6,0.0
463,ccgt,2030,20,7,7,0.0
464,ccgt,2030,20,8,8,0.0
465,ccgt,2030,20,9,9,0.0
466,ccgt,2030,20,10,10,0.0
467,ccgt,2030,20,11,11,0.0
468,ccgt,2030,20,12,12,0.0
469,ccgt,2030,20,13,13,0.0
470,ccgt,2030,20,14,14,0.0
471,ccgt,2030,20,15,15,0.0
472,ccgt,2030,20,16,16,0.0
473,ccgt,2030,20,17,17,0.0
474,ccgt,2030,20,18,18,0.0
475,ccgt,2030,20,19,19,0.0
476,ccgt,2030,20,20,20,-0.047440818539249974
477,ccgt,2030,20,21,21,-0.047440818539249974
478,ccgt,2030,20,22,22,-0.047440818539249974
479,ccgt,2030,20,23,23,0.0
480,ccgt,2030,20,24,24,0.0
481,ens,2030,1,1,1,0.0
482,ens,2030,1,2,2,0.0
483,ens,2030,1,3,3,0.0
484,ens,2030,1,4,4,0.0
485,ens,2030,1,5,5,0.0
486,ens,2030,1,6,6,0.0
487,ens,2030,1,7,7,0.0
488,ens,2030,1,8,8,0.0
489,ens,2030,1,9,9,0.0
490,ens,2030,1,10,10,0.0
491,ens,2030,1,11,11,0.0
492,ens,2030,1,12,12,0.0
493,ens,2030,1,13,13,0.0
494,ens,2030,1,14,14,0.0
495,ens,2030,1,15,15,0.0
496,ens,2030,1,16,16,0.0
497,ens,2030,1,17,17,0.0
498,ens,2030,1,18,18,0.0
499,ens,2030,1,19,19,0.0
500,ens,2030,1,20,20,0.0
501,ens,2030,1,21,21,0.0
502,ens,2030,1,22,22,0.0
503,ens,2030,1,23,23,0.0
504,ens,2030,1,24,24,0.0
505,ens,2030,2,1,1,0.0
506,ens,2030,2,2,2,0.0
507,ens,2030,2,3,3,0.0
508,ens,2030,2,4,4,0.0
509,ens,2030,2,5,5,0.0
510,ens,2030,2,6,6,0.0
511,ens,2030,2,7,7,0.0
512,ens,2030,2,8,8,0.0
513,ens,2030,2,9,9,0.0
514,ens,2030,2,10,10,0.0
515,ens,2030,2,11,11,0.0
516,ens,2030,2,12,12,0.0
517,ens,2030,2,13,13,0.0
518,ens,2030,2,14,14,0.0
519,ens,2030,2,15,15,0.0
520,ens,2030,2,16,16,0.0
521,ens,2030,2,17,17,0.0
522,ens,2030,2,18,18,0.0
523,ens,2030,2,19,19,0.0
524,ens,2030,2,20,20,0.0
525,ens,2030,2,21,21,0.0
526,ens,2030,2,22,22,0.0
527,ens,2030,2,23,23,0.0
528,ens,2030,2,24,24,0.0
529,ens,2030,3,1,1,0.0
530,ens,2030,3,2,2,0.0
531,ens,2030,3,3,3,0.0
532,ens,2030,3,4,4,0.0
533,ens,2030,3,5,5,0.0
534,ens,2030,3,6,6,0.0
535,ens,2030,3,7,7,0.0
536,ens,2030,3,8,8,0.0
537,ens,2030,3,9,9,0.0
538,ens,2030,3,10,10,0.0
539,ens,2030,3,11,11,0.0
540,ens,2030,3,12,12,0.0
541,ens,2030,3,13,13,0.0
542,ens,2030,3,14,14,0.0
543,ens,2030,3,15,15,0.0
544,ens,2030,3,16,16,0.0
545,ens,2030,3,17,17,0.0
546,ens,2030,3,18,18,0.0
547,ens,2030,3,19,19,0.0
548,ens,2030,3,20,20,0.0
549,ens,2030,3,21,21,0.0
550,ens,2030,3,22,22,0.0
551,ens,2030,3,23,23,0.0
552,ens,2030,3,24,24,0.0
553,ens,2030,4,1,1,0.0
554,ens,2030,4,2,2,0.0
555,ens,2030,4,3,3,0.0
556,ens,2030,4,4,4,0.0
557,ens,2030,4,5,5,0.0
558,ens,2030,4,6,6,0.0
559,ens,2030,4,7,7,0.0
560,ens,2030,4,8,8,0.0
561,ens,2030,4,9,9,0.0
562,ens,2030,4,10,10,0.0
563,ens,2030,4,11,11,0.0
564,ens,2030,4,12,12,0.0
565,ens,2030,4,13,13,0.0
566,ens,2030,4,14,14,0.0
567,ens,2030,4,15,15,0.0
568,ens,2030,4,16,16,0.0
569,ens,2030,4,17,17,0.0
570,ens,2030,4,18,18,0.0
571,ens,2030,4,19,19,0.0
572,ens,2030,4,20,20,0.0
573,ens,2030,4,21,21,0.0
574,ens,2030,4,22,22,0.0
575,ens,2030,4,23,23,0.0
576,ens,2030,4,24,24,0.0
577,ens,2030,5,1,1,0.0
578,ens,2030,5,2,2,0.0
579,ens,2030,5,3,3,0.0
580,ens,2030,5,4,4,0.0
581,ens,2030,5,5,5,0.0
582,ens,2030,5,6,6,0.0
583,ens,2030,5,7,7,0.0
584,ens,2030,5,8,8,0.0
585,ens,2030,5,9,9,0.0
586,ens,2030,5,10,10,0.0
587,ens,2030,5,11,11,0.0
588,ens,2030,5,12,12,0.0
589,ens,2030,5,13,13,0.0
590,ens,2030,5,14,14,0.0
591,ens,2030,5,15,15,0.0
592,ens,2030,5,16,16,0.0
593,ens,2030,5,17,17,0.0
594,ens,2030,5,18,18,0.0
595,ens,2030,5,19,19,0.0
596,ens,2030,5,20,20,0.0
597,ens,2030,5,21,21,0.0
598,ens,2030,5,22,22,0.0
599,ens,2030,5,23,23,0.0
600,ens,2030,5,24,24,0.0
601,ens,2030,6,1,1,0.0
602,ens,2030,6,2,2,0.0
603,ens,2030,6,3,3,0.0
604,ens,2030,6,4,4,0.0
605,ens,2030,6,5,5,0.0
606,ens,2030,6,6,6,0.0
607,ens,2030,6,7,7,0.0
608,ens,2030,6,8,8,0.0
609,ens,2030,6,9,9,0.0
610,ens,2030,6,10,10,0.0
611,ens,2030,6,11,11,0.0
612,ens,2030,6,12,12,0.0
613,ens,2030,6,13,13,0.0
614,ens,2030,6,14,14,0.0
615,ens,2030,6,15,15,0.0
616,ens,2030,6,16,16,0.0
617,ens,2030,6,17,17,0.0
618,ens,2030,6,18,18,0.0
619,ens,2030,6,19,19,0.0
620,ens,2030,6,20,20,0.0
621,ens,2030,6,21,21,0.0
622,ens,2030,6,22,22,0.0
623,ens,2030,6,23,23,0.0
624,ens,2030,6,24,24,0.0
625,ens,2030,7,1,1,0.0
626,ens,2030,7,2,2,0.0
627,ens,2030,7,3,3,0.0
628,ens,2030,7,4,4,0.0
629,ens,2030,7,5,5,0.0
630,ens,2030,7,6,6,0.0
631,ens,2030,7,7,7,0.0
632,ens,2030,7,8,8,0.0
633,ens,2030,7,9,9,0.0
634,ens,2030,7,10,10,0.0
635,ens,2030,7,11,11,0.0
636,ens,2030,7,12,12,0.0
637,ens,2030,7,13,13,0.0
638,ens,2030,7,14,14,0.0
639,ens,2030,7,15,15,0.0
640,ens,2030,7,16,16,0.0
641,ens,2030,7,17,17,0.0
642,ens,2030,7,18,18,0.0
643,ens,2030,7,19,19,0.0
644,ens,2030,7,20,20,0.0
645,ens,2030,7,21,21,0.0
646,ens,2030,7,22,22,0.0
647,ens,2030,7,23,23,0.0
648,ens,2030,7,24,24,0.0
649,ens,2030,8,1,1,0.0
650,ens,2030,8,2,2,0.0
651,ens,2030,8,3,3,0.0
652,ens,2030,8,4,4,0.0
653,ens,2030,8,5,5,0.0
654,ens,2030,8,6,6,0.0
655,ens,2030,8,7,7,0.0
656,ens,2030,8,8,8,0.0
657,ens,2030,8,9,9,0.0
658,ens,2030,8,10,10,0.0
659,ens,2030,8,11,11,0.0
660,ens,2030,8,12,12,0.0
661,ens,2030,8,13,13,0.0
662,ens,2030,8,14,14,0.0
663,ens,2030,8,15,15,0.0
664,ens,2030,8,16,16,0.0
665,ens,2030,8,17,17,0.0
666,ens,2030,8,18,18,0.0
667,ens,2030,8,19,19,0.0
668,ens,2030,8,20,20,0.0
669,ens,2030,8,21,21,0.0
670,ens,2030,8,22,22,0.0
671,ens,2030,8,23,23,0.0
672,ens,2030,8,24,24,0.0
673,ens,2030,9,1,1,0.0
674,ens,2030,9,2,2,0.0
675,ens,2030,9,3,3,0.0
676,ens,2030,9,4,4,0.0
677,ens,2030,9,5,5,0.0
678,ens,2030,9,6,6,0.0
679,ens,2030,9,7,7,0.0
680,ens,2030,9,8,8,0.0
681,ens,2030,9,9,9,0.0
682,ens,2030,9,10,10,0.0
683,ens,2030,9,11,11,0.0
684,ens,2030,9,12,12,0.0
685,ens,2030,9,13,13,0.0
686,ens,2030,9,14,14,0.0
687,ens,2030,9,15,15,0.0
688,ens,2030,9,16,16,0.0
689,ens,2030,9,17,17,0.0
690,ens,2030,9,18,18,0.0
691,ens,2030,9,19,19,0.0
692,ens,2030,9,20,20,0.0
693,ens,2030,9,21,21,0.0
694,ens,2030,9,22,22,0.0
695,ens,2030,9,23,23,0.0
696,ens,2030,9,24,24,0.0
697,ens,2030,10,1,1,0.0
698,ens,2030,10,2,2,0.0
699,ens,2030,10,3,3,0.0
700,ens,2030,10,4,4,0.0
701,ens,2030,10,5,5,0.0
702,ens,2030,10,6,6,0.0
703,ens,2030,10,7,7,0.0
704,ens,2030,10,8,8,0.0
705,ens,2030,10,9,9,0.0
706,ens,2030,10,10,10,0.0
707,ens,2030,10,11,11,0.0
708,ens,2030,10,12,12,0.0
709,ens,2030,10,13,13,0.0
710,ens,2030,10,14,14,0.0
711,ens,2030,10,15,15,0.0
712,ens,2030,10,16,16,0.0
713,ens,2030,10,17,17,0.0
714,ens,2030,10,18,18,0.0
715,ens,2030,10,19,19,0.0
716,ens,2030,10,20,20,0.0
717,ens,2030,10,21,21,0.0
718,ens,2030,10,22,22,0.0
719,ens,2030,10,23,23,0.0
720,ens,2030,10,24,24,0.0
721,ens,2030,11,1,1,0.0
722,ens,2030,11,2,2,0.0
723,ens,2030,11,3,3,0.0
724,ens,2030,11,4,4,0.0
725,ens,2030,11,5,5,0.0
726,ens,2030,11,6,6,0.0
727,ens,2030,11,7,7,0.0
728,ens,2030,11,8,8,0.0
729,ens,2030,11,9,9,0.0
730,ens,2030,11,10,10,0.0
731,ens,2030,11,11,11,0.0
732,ens,2030,11,12,12,0.0
733,ens,2030,11,13,13,0.0
734,ens,2030,11,14,14,0.0
735,ens,2030,11,15,15,0.0
736,ens,2030,11,16,16,0.0
737,ens,2030,11,17,17,0.0
738,ens,2030,11,18,18,0.0
739,ens,2030,11,19,19,0.0
740,ens,2030,11,20,20,0.0
741,ens,2030,11,21,21,0.0
742,ens,2030,11,22,22,0.0
743,ens,2030,11,23,23,0.0
744,ens,2030,11,24,24,0.0
745,ens,2030,12,1,1,0.0
746,ens,2030,12,2,2,0.0
747,ens,2030,12,3,3,0.0
748,ens,2030,12,4,4,0.0
749,ens,2030,12,5,5,0.0
750,ens,2030,12,6,6,0.0
751,ens,2030,12,7,7,0.0
752,ens,2030,12,8,8,0.0
753,ens,2030,12,9,9,0.0
754,ens,2030,12,10,10,0.0
755,ens,2030,12,11,11,0.0
756,ens,2030,12,12,12,0.0
757,ens,2030,12,13,13,0.0
758,ens,2030,12,14,14,0.0
759,ens,2030,12,15,15,0.0
760,ens,2030,12,16,16,0.0
761,ens,2030,12,17,17,0.0
762,ens,2030,12,18,18,0.0
763,ens,2030,12,19,19,0.0
764,ens,2030,12,20,20,0.0
765,ens,2030,12,21,21,0.0
766,ens,2030,12,22,22,0.0
767,ens,2030,12,23,23,0.0
768,ens,2030,12,24,24,0.0
769,ens,2030,13,1,1,0.0
770,ens,2030,13,2,2,0.0
771,ens,2030,13,3,3,0.0
772,ens,2030,13,4,4,0.0
773,ens,2030,13,5,5,0.0
774,ens,2030,13,6,6,0.0
775,ens,2030,13,7,7,0.0
776,ens,2030,13,8,8,0.0
777,ens,2030,13,9,9,0.0
778,ens,2030,13,10,10,0.0
779,ens,2030,13,11,11,0.0
780,ens,2030,13,12,12,0.0
781,ens,2030,13,13,13,0.0
782,ens,2030,13,14,14,0.0
783,ens,2030,13,15,15,0.0
784,ens,2030,13,16,16,0.0
785,ens,2030,13,17,17,0.0
786,ens,2030,13,18,18,0.0
787,ens,2030,13,19,19,0.0
788,ens,2030,13,20,20,0.0
789,ens,2030,13,21,21,0.0
790,ens,2030,13,22,22,0.0
791,ens,2030,13,23,23,0.0
792,ens,2030,13,24,24,0.0
793,ens,2030,14,1,1,0.0
794,ens,2030,14,2,2,0.0
795,ens,2030,14,3,3,0.0
796,ens,2030,14,4,4,0.0
797,ens,2030,14,5,5,0.0
798,ens,2030,14,6,6,0.0
799,ens,2030,14,7,7,0.0
800,ens,2030,14,8,8,0.0
801,ens,2030,14,9,9,0.0
802,ens,2030,14,10,10,0.0
803,ens,2030,14,11,11,0.0
804,ens,2030,14,12,12,0.0
805,ens,2030,14,13,13,0.0
806,ens,2030,14,14,14,0.0
807,ens,2030,14,15,15,0.0
808,ens,2030,14,16,16,0.0
809,ens,2030,14,17,17,0.0
810,ens,2030,14,18,18,0.0
811,ens,2030,14,19,19,0.0
812,ens,2030,14,20,20,0.0
813,ens,2030,14,21,21,0.0
814,ens,2030,14,22,22,0.0
815,ens,2030,14,23,23,0.0
816,ens,2030,14,24,24,0.0
817,ens,2030,15,1,1,0.0
818,ens,2030,15,2,2,0.0
819,ens,2030,15,3,3,0.0
820,ens,2030,15,4,4,0.0
821,ens,2030,15,5,5,0.0
822,ens,2030,15,6,6,0.0
823,ens,2030,15,7,7,0.0
824,ens,2030,15,8,8,0.0
825,ens,2030,15,9,9,0.0
826,ens,2030,15,10,10,0.0
827,ens,2030,15,11,11,0.0
828,ens,2030,15,12,12,0.0
829,ens,2030,15,13,13,0.0
830,ens,2030,15,14,14,0.0
831,ens,2030,15,15,15,0.0
832,ens,2030,15,16,16,0.0
833,ens,2030,15,17,17,0.0
834,ens,2030,15,18,18,0.0
835,ens,2030,15,19,19,0.0
836,ens,2030,15,20,20,0.0
837,ens,2030,15,21,21,0.0
838,ens,2030,15,22,22,0.0
839,ens,2030,15,23,23,0.0
840,ens,2030,15,24,24,0.0
841,ens,2030,16,1,1,0.0
842,ens,2030,16,2,2,0.0
843,ens,2030,16,3,3,0.0
844,ens,2030,16,4,4,0.0
845,ens,2030,16,5,5,0.0
846,ens,2030,16,6,6,0.0
847,ens,2030,16,7,7,0.0
848,ens,2030,16,8,8,0.0
849,ens,2030,16,9,9,0.0
850,ens,2030,16,10,10,0.0
851,ens,2030,16,11,11,0.0
852,ens,2030,16,12,12,0.0
853,ens,2030,16,13,13,0.0
854,ens,2030,16,14,14,0.0
855,ens,2030,16,15,15,0.0
856,ens,2030,16,16,16,0.0
857,ens,2030,16,17,17,0.0
858,ens,2030,16,18,18,0.0
859,ens,2030,16,19,19,0.0
860,ens,2030,16,20,20,0.0
861,ens,2030,16,21,21,0.0
862,ens,2030,16,22,22,0.0
863,ens,2030,16,23,23,0.0
864,ens,2030,16,24,24,0.0
865,ens,2030,17,1,1,0.0
866,ens,2030,17,2,2,0.0
867,ens,2030,17,3,3,0.0
868,ens,2030,17,4,4,0.0
869,ens,2030,17,5,5,0.0
870,ens,2030,17,6,6,0.0
871,ens,2030,17,7,7,0.0
872,ens,2030,17,8,8,0.0
873,ens,2030,17,9,9,0.0
874,ens,2030,17,10,10,0.0
875,ens,2030,17,11,11,0.0
876,ens,2030,17,12,12,0.0
877,ens,2030,17,13,13,0.0
878,ens,2030,17,14,14,0.0
879,ens,2030,17,15,15,0.0
880,ens,2030,17,16,16,0.0
881,ens,2030,17,17,17,0.0
882,ens,2030,17,18,18,0.0
883,ens,2030,17,19,19,0.0
884,ens,2030,17,20,20,0.0
885,ens,2030,17,21,21,0.0
886,ens,2030,17,22,22,0.0
887,ens,2030,17,23,23,0.0
888,ens,2030,17,24,24,0.0
889,ens,2030,18,1,1,0.0
890,ens,2030,18,2,2,0.0
891,ens,2030,18,3,3,0.0
892,ens,2030,18,4,4,0.0
893,ens,2030,18,5,5,0.0
894,ens,2030,18,6,6,0.0
895,ens,2030,18,7,7,0.0
896,ens,2030,18,8,8,0.0
897,ens,2030,18,9,9,0.0
898,ens,2030,18,10,10,0.0
899,ens,2030,18,11,11,0.0
900,ens,2030,18,12,12,0.0
901,ens,2030,18,13,13,0.0
902,ens,2030,18,14,14,0.0
903,ens,2030,18,15,15,0.0
904,ens,2030,18,16,16,0.0
905,ens,2030,18,17,17,0.0
906,ens,2030,18,18,18,0.0
907,ens,2030,18,19,19,0.0
908,ens,2030,18,20,20,0.0
909,ens,2030,18,21,21,0.0
910,ens,2030,18,22,22,0.0
911,ens,2030,18,23,23,0.0
912,ens,2030,18,24,24,0.0
913,ens,2030,19,1,1,0.0
914,ens,2030,19,2,2,0.0
915,ens,2030,19,3,3,0.0
916,ens,2030,19,4,4,0.0
917,ens,2030,19,5,5,0.0
918,ens,2030,19,6,6,0.0
919,ens,2030,19,7,7,0.0
920,ens,2030,19,8,8,0.0
921,ens,2030,19,9,9,0.0
922,ens,2030,19,10,10,0.0
923,ens,2030,19,11,11,0.0
924,ens,2030,19,12,12,0.0
925,ens,2030,19,13,13,0.0
926,ens,2030,19,14,14,0.0
927,ens,2030,19,15,15,0.0
928,ens,2030,19,16,16,0.0
929,ens,2030,19,17,17,0.0
930,ens,2030,19,18,18,0.0
931,ens,2030,19,19,19,0.0
932,ens,2030,19,20,20,0.0
933,ens,2030,19,21,21,0.0
934,ens,2030,19,22,22,0.0
935,ens,2030,19,23,23,0.0
936,ens,2030,19,24,24,0.0
937,ens,2030,20,1,1,0.0
938,ens,2030,20,2,2,0.0
939,ens,2030,20,3,3,0.0
940,ens,2030,20,4,4,0.0
941,ens,2030,20,5,5,0.0
942,ens,2030,20,6,6,0.0
943,ens,2030,20,7,7,0.0
944,ens,2030,20,8,8,0.0
945,ens,2030,20,9,9,0.0
946,ens,2030,20,10,10,0.0
947,ens,2030,20,11,11,0.0
948,ens,2030,20,12,12,0.0
949,ens,2030,20,13,13,0.0
950,ens,2030,20,14,14,0.0
951,ens,2030,20,15,15,0.0
952,ens,2030,20,16,16,0.0
953,ens,2030,20,17,17,0.0
954,ens,2030,20,18,18,0.0
955,ens,2030,20,19,19,0.0
956,ens,2030,20,20,20,0.0
957,ens,2030,20,21,21,0.0
958,ens,2030,20,22,22,0.0
959,ens,2030,20,23,23,0.0
960,ens,2030,20,24,24,0.0
961,ocgt,2030,1,1,1,0.0
962,ocgt,2030,1,2,2,0.0
963,ocgt,2030,1,3,3,0.0
964,ocgt,2030,1,4,4,0.0
965,ocgt,2030,1,5,5,0.0
966,ocgt,2030,1,6,6,0.0
967,ocgt,2030,1,7,7,0.0
968,ocgt,2030,1,8,8,0.0
969,ocgt,2030,1,9,9,0.0
970,ocgt,2030,1,10,10,0.0
971,ocgt,2030,1,11,11,0.0
972,ocgt,2030,1,12,12,0.0
973,ocgt,2030,1,13,13,0.0
974,ocgt,2030,1,14,14,0.0
975,ocgt,2030,1,15,15,0.0
976,ocgt,2030,1,16,16,0.0
977,ocgt,2030,1,17,17,0.0
978,ocgt,2030,1,18,18,0.0
979,ocgt,2030,1,19,19,0.0
980,ocgt,2030,1,20,20,0.0
981,ocgt,2030,1,21,21,0.0
982,ocgt,2030,1,22,22,0.0
983,ocgt,2030,1,23,23,0.0
984,ocgt,2030,1,24,24,0.0
985,ocgt,2030,2,1,1,0.0
986,ocgt,2030,2,2,2,0.0
987,ocgt,2030,2,3,3,0.0
988,ocgt,2030,2,4,4,0.0
989,ocgt,2030,2,5,5,0.0
990,ocgt,2030,2,6,6,0.0
991,ocgt,2030,2,7,7,0.0
992,ocgt,2030,2,8,8,0.0
993,ocgt,2030,2,9,9,0.0
994,ocgt,2030,2,10,10,0.0
995,ocgt,2030,2,11,11,0.0
996,ocgt,2030,2,12,12,0.0
997,ocgt,2030,2,13,13,0.0
998,ocgt,2030,2,14,14,0.0
999,ocgt,2030,2,15,15,0.0
1000,ocgt,2030,2,16,16,0.0
1001,ocgt,2030,2,17,17,0.0
1002,ocgt,2030,2,18,18,0.0
1003,ocgt,2030,2,19,19,0.0
1004,ocgt,2030,2,20,20,0.0
1005,ocgt,2030,2,21,21,0.0
1006,ocgt,2030,2,22,22,0.0
1007,ocgt,2030,2,23,23,0.0
1008,ocgt,2030,2,24,24,0.0
1009,ocgt,2030,3,1,1,0.0
1010,ocgt,2030,3,2,2,0.0
1011,ocgt,2030,3,3,3,0.0
1012,ocgt,2030,3,4,4,0.0
1013,ocgt,2030,3,5,5,0.0
1014,ocgt,2030,3,6,6,0.0
1015,ocgt,2030,3,7,7,0.0
1016,ocgt,2030,3,8,8,0.0
1017,ocgt,2030,3,9,9,0.0
1018,ocgt,2030,3,10,10,0.0
1019,ocgt,2030,3,11,11,0.0
1020,ocgt,2030,3,12,12,0.0
1021,ocgt,2030,3,13,13,0.0
1022,ocgt,2030,3,14,14,0.0
1023,ocgt,2030,3,15,15,0.0
1024,ocgt,2030,3,16,16,0.0
1025,ocgt,2030,3,17,17,0.0
1026,ocgt,2030,3,18,18,0.0
1027,ocgt,2030,3,19,19,0.0
1028,ocgt,2030,3,20,20,0.0
1029,ocgt,2030,3,21,21,0.0
1030,ocgt,2030,3,22,22,0.0
1031,ocgt,2030,3,23,23,0.0
1032,ocgt,2030,3,24,24,0.0
1033,ocgt,2030,4,1,1,0.0
1034,ocgt,2030,4,2,2,0.0
1035,ocgt,2030,4,3,3,0.0
1036,ocgt,2030,4,4,4,0.0
1037,ocgt,2030,4,5,5,0.0
1038,ocgt,2030,4,6,6,0.0
1039,ocgt,2030,4,7,7,0.0
1040,ocgt,2030,4,8,8,0.0
1041,ocgt,2030,4,9,9,0.0
1042,ocgt,2030,4,10,10,0.0
1043,ocgt,2030,4,11,11,0.0
1044,ocgt,2030,4,12,12,0.0
1045,ocgt,2030,4,13,13,0.0
1046,ocgt,2030,4,14,14,0.0
1047,ocgt,2030,4,15,15,0.0
1048,ocgt,2030,4,16,16,0.0
1049,ocgt,2030,4,17,17,0.0
1050,ocgt,2030,4,18,18,0.0
1051,ocgt,2030,4,19,19,-16.83594303540426
1052,ocgt,2030,4,20,20,-16.83594303540426
1053,ocgt,2030,4,21,21,-16.83594303540426
1054,ocgt,2030,4,22,22,-16.83594303540426
1055,ocgt,2030,4,23,23,0.0
1056,ocgt,2030,4,24,24,0.0
1057,ocgt,2030,5,1,1,0.0
1058,ocgt,2030,5,2,2,0.0
1059,ocgt,2030,5,3,3,0.0
1060,ocgt,2030,5,4,4,0.0
1061,ocgt,2030,5,5,5,0.0
1062,ocgt,2030,5,6,6,0.0
1063,ocgt,2030,5,7,7,0.0
1064,ocgt,2030,5,8,8,0.0
1065,ocgt,2030,5,9,9,0.0
1066,ocgt,2030,5,10,10,0.0
1067,ocgt,2030,5,11,11,0.0
1068,ocgt,2030,5,12,12,0.0
1069,ocgt,2030,5,13,13,0.0
1070,ocgt,2030,5,14,14,0.0
1071,ocgt,2030,5,15,15,0.0
1072,ocgt,2030,5,16,16,0.0
1073,ocgt,2030,5,17,17,0.0
1074,ocgt,2030,5,18,18,0.0
1075,ocgt,2030,5,19,19,0.0
1076,ocgt,2030,5,20,20,0.0
1077,ocgt,2030,5,21,21,0.0
1078,ocgt,2030,5,22,22,0.0
1079,ocgt,2030,5,23,23,0.0
1080,ocgt,2030,5,24,24,0.0
1081,ocgt,2030,6,1,1,0.0
1082,ocgt,2030,6,2,2,0.0
1083,ocgt,2030,6,3,3,0.0
1084,ocgt,2030,6,4,4,0.0
1085,ocgt,2030,6,5,5,0.0
1086,ocgt,2030,6,6,6,0.0
1087,ocgt,2030,6,7,7,0.0
1088,ocgt,2030,6,8,8,0.0
1089,ocgt,2030,6,9,9,0.0
1090,ocgt,2030,6,10,10,0.0
1091,ocgt,2030,6,11,11,0.0
1092,ocgt,2030,6,12,12,0.0
1093,ocgt,2030,6,13,13,0.0
1094,ocgt,2030,6,14,14,0.0
1095,ocgt,2030,6,15,15,0.0
1096,ocgt,2030,6,16,16,0.0
1097,ocgt,2030,6,17,17,0.0
1098,ocgt,2030,6,18,18,0.0
1099,ocgt,2030,6,19,19,0.0
1100,ocgt,2030,6,20,20,0.0
1101,ocgt,2030,6,21,21,0.0
1102,ocgt,2030,6,22,22,0.0
1103,ocgt,2030,6,23,23,0.0
1104,ocgt,2030,6,24,24,0.0
1105,ocgt,2030,7,1,1,0.0
1106,ocgt,2030,7,2,2,0.0
1107,ocgt,2030,7,3,3,0.0
1108,ocgt,2030,7,4,4,0.0
1109,ocgt,2030,7,5,5,0.0
1110,ocgt,2030,7,6,6,0.0
1111,ocgt,2030,7,7,7,0.0
1112,ocgt,2030,7,8,8,0.0
1113,ocgt,2030,7,9,9,0.0
1114,ocgt,2030,7,10,10,0.0
1115,ocgt,2030,7,11,11,0.0
1116,ocgt,2030,7,12,12,0.0
1117,ocgt,2030,7,13,13,0.0
1118,ocgt,2030,7,14,14,0.0
1119,ocgt,2030,7,15,15,0.0
1120,ocgt,2030,7,16,16,0.0
1121,ocgt,2030,7,17,17,0.0
1122,ocgt,2030,7,18,18,0.0
1123,ocgt,2030,7,19,19,0.0
1124,ocgt,2030,7,20,20,0.0
1125,ocgt,2030,7,21,21,0.0
1126,ocgt,2030,7,22,22,0.0
1127,ocgt,2030,7,23,23,0.0
1128,ocgt,2030,7,24,24,0.0
1129,ocgt,2030,8,1,1,0.0
1130,ocgt,2030,8,2,2,0.0
1131,ocgt,2030,8,3,3,0.0
1132,ocgt,2030,8,4,4,0.0
1133,ocgt,2030,8,5,5,0.0
1134,ocgt,2030,8,6,6,0.0
1135,ocgt,2030,8,7,7,0.0
1136,ocgt,2030,8,8,8,0.0
1137,ocgt,2030,8,9,9,0.0
1138,ocgt,2030,8,10,10,0.0
1139,ocgt,2030,8,11,11,0.0
1140,ocgt,2030,8,12,12,0.0
1141,ocgt,2030,8,13,13,0.0
1142,ocgt,2030,8,14,14,0.0
1143,ocgt,2030,8,15,15,0.0
1144,ocgt,2030,8,16,16,0.0
1145,ocgt,2030,8,17,17,0.0
1146,ocgt,2030,8,18,18,0.0
1147,ocgt,2030,8,19,19,0.0
1148,ocgt,2030,8,20,20,0.0
1149,ocgt,2030,8,21,21,0.0
1150,ocgt,2030,8,22,22,0.0
1151,ocgt,2030,8,23,23,0.0
1152,ocgt,2030,8,24,24,0.0
1153,ocgt,2030,9,1,1,0.0
1154,ocgt,2030,9,2,2,0.0
1155,ocgt,2030,9,3,3,0.0
1156,ocgt,2030,9,4,4,0.0
1157,ocgt,2030,9,5,5,0.0
1158,ocgt,2030,9,6,6,0.0
1159,ocgt,2030,9,7,7,0.0
1160,ocgt,2030,9,8,8,0.0
1161,ocgt,2030,9,9,9,0.0
1162,ocgt,2030,9,10,10,0.0
1163,ocgt,2030,9,11,11,0.0
1164,ocgt,2030,9,12,12,0.0
1165,ocgt,2030,9,13,13,0.0
1166,ocgt,2030,9,14,14,0.0
1167,ocgt,2030,9,15,15,0.0
1168,ocgt,2030,9,16,16,0.0
1169,ocgt,2030,9,17,17,0.0
1170,ocgt,2030,9,18,18,0.0
1171,ocgt,2030,9,19,19,0.0
1172,ocgt,2030,9,20,20,0.0
1173,ocgt,2030,9,21,21,0.0
1174,ocgt,2030,9,22,22,0.0
1175,ocgt,2030,9,23,23,0.0
1176,ocgt,2030,9,24,24,0.0
1177,ocgt,2030,10,1,1,0.0
1178,ocgt,2030,10,2,2,0.0
1179,ocgt,2030,10,3,3,0.0
1180,ocgt,2030,10,4,4,0.0
1181,ocgt,2030,10,5,5,0.0
1182,ocgt,2030,10,6,6,0.0
1183,ocgt,2030,10,7,7,0.0
1184,ocgt,2030,10,8,8,0.0
1185,ocgt,2030,10,9,9,0.0
1186,ocgt,2030,10,10,10,0.0
1187,ocgt,2030,10,11,11,0.0
1188,ocgt,2030,10,12,12,0.0
1189,ocgt,2030,10,13,13,0.0
1190,ocgt,2030,10,14,14,0.0
1191,ocgt,2030,10,15,15,0.0
1192,ocgt,2030,10,16,16,0.0
1193,ocgt,2030,10,17,17,0.0
1194,ocgt,2030,10,18,18,0.0
1195,ocgt,2030,10,19,19,0.0
1196,ocgt,2030,10,20,20,0.0
1197,ocgt,2030,10,21,21,0.0
1198,ocgt,2030,10,22,22,0.0
1199,ocgt,2030,10,23,23,0.0
1200,ocgt,2030,10,24,24,0.0
1201,ocgt,2030,11,1,1,0.0
1202,ocgt,2030,11,2,2,0.0
1203,ocgt,2030,11,3,3,0.0
1204,ocgt,2030,11,4,4,0.0
1205,ocgt,2030,11,5,5,0.0
1206,ocgt,2030,11,6,6,0.0
1207,ocgt,2030,11,7,7,0.0
1208,ocgt,2030,11,8,8,0.0
1209,ocgt,2030,11,9,9,0.0
1210,ocgt,2030,11,10,10,0.0
1211,ocgt,2030,11,11,11,0.0
1212,ocgt,2030,11,12,12,0.0
1213,ocgt,2030,11,13,13,0.0
1214,ocgt,2030,11,14,14,0.0
1215,ocgt,2030,11,15,15,0.0
1216,ocgt,2030,11,16,16,0.0
1217,ocgt,2030,11,17,17,0.0
1218,ocgt,2030,11,18,18,0.0
1219,ocgt,2030,11,19,19,0.0
1220,ocgt,2030,11,20,20,0.0
1221,ocgt,2030,11,21,21,-35.8620417906012
1222,ocgt,2030,11,22,22,0.0
1223,ocgt,2030,11,23,23,0.0
1224,ocgt,2030,11,24,24,0.0
1225,ocgt,2030,12,1,1,0.0
1226,ocgt,2030,12,2,2,0.0
1227,ocgt,2030,12,3,3,0.0
1228,ocgt,2030,12,4,4,0.0
1229,ocgt,2030,12,5,5,0.0
1230,ocgt,2030,12,6,6,0.0
1231,ocgt,2030,12,7,7,0.0
1232,ocgt,2030,12,8,8,0.0
1233,ocgt,2030,12,9,9,0.0
1234,ocgt,2030,12,10,10,0.0
1235,ocgt,2030,12,11,11,0.0
1236,ocgt,2030,12,12,12,0.0
1237,ocgt,2030,12,13,13,0.0
1238,ocgt,2030,12,14,14,0.0
1239,ocgt,2030,12,15,15,0.0
1240,ocgt,2030,12,16,16,0.0
1241,ocgt,2030,12,17,17,0.0
1242,ocgt,2030,12,18,18,0.0
1243,ocgt,2030,12,19,19,0.0
1244,ocgt,2030,12,20,20,0.0
1245,ocgt,2030,12,21,21,0.0
1246,ocgt,2030,12,22,22,0.0
1247,ocgt,2030,12,23,23,0.0
1248,ocgt,2030,12,24,24,0.0
1249,ocgt,2030,13,1,1,0.0
1250,ocgt,2030,13,2,2,0.0
1251,ocgt,2030,13,3,3,0.0
1252,ocgt,2030,13,4,4,0.0
1253,ocgt,2030,13,5,5,0.0
1254,ocgt,2030,13,6,6,0.0
1255,ocgt,2030,13,7,7,0.0
1256,ocgt,2030,13,8,8,0.0
1257,ocgt,2030,13,9,9,0.0
1258,ocgt,2030,13,10,10,0.0
1259,ocgt,2030,13,11,11,0.0
1260,ocgt,2030,13,12,12,0.0
1261,ocgt,2030,13,13,13,0.0
1262,ocgt,2030,13,14,14,0.0
1263,ocgt,2030,13,15,15,0.0
1264,ocgt,2030,13,16,16,0.0
1265,ocgt,2030,13,17,17,0.0
1266,ocgt,2030,13,18,18,0.0
1267,ocgt,2030,13,19,19,0.0
1268,ocgt,2030,13,20,20,0.0
1269,ocgt,2030,13,21,21,0.0
1270,ocgt,2030,13,22,22,0.0
1271,ocgt,2030,13,23,23,0.0
1272,ocgt,2030,13,24,24,0.0
1273,ocgt,2030,14,1,1,0.0
1274,ocgt,2030,14,2,2,0.0
1275,ocgt,2030,14,3,3,0.0
1276,ocgt,2030,14,4,4,0.0
1277,ocgt,2030,14,5,5,0.0
1278,ocgt,2030,14,6,6,0.0
1279,ocgt,2030,14,7,7,0.0
1280,ocgt,2030,14,8,8,0.0
1281,ocgt,2030,14,9,9,0.0
1282,ocgt,2030,14,10,10,0.0
1283,ocgt,2030,14,11,11,0.0
1284,ocgt,2030,14,12,12,0.0
1285,ocgt,2030,14,13,13,0.0
1286,ocgt,2030,14,14,14,0.0
1287,ocgt,2030,14,15,15,0.0
1288,ocgt,2030,14,16,16,0.0
1289,ocgt,2030,14,17,17,0.0
1290,ocgt,2030,14,18,18,0.0
1291,ocgt,2030,14,19,19,0.0
1292,ocgt,2030,14,20,20,0.0
1293,ocgt,2030,14,21,21,0.0
1294,ocgt,2030,14,22,22,0.0
1295,ocgt,2030,14,23,23,0.0
1296,ocgt,2030,14,24,24,0.0
1297,ocgt,2030,15,1,1,0.0
1298,ocgt,2030,15,2,2,0.0
1299,ocgt,2030,15,3,3,0.0
1300,ocgt,2030,15,4,4,0.0
1301,ocgt,2030,15,5,5,0.0
1302,ocgt,2030,15,6,6,0.0
1303,ocgt,2030,15,7,7,0.0
1304,ocgt,2030,15,8,8,0.0
1305,ocgt,2030,15,9,9,0.0
1306,ocgt,2030,15,10,10,0.0
1307,ocgt,2030,15,11,11,0.0
1308,ocgt,2030,15,12,12,0.0
1309,ocgt,2030,15,13,13,0.0
1310,ocgt,2030,15,14,14,0.0
1311,ocgt,2030,15,15,15,0.0
1312,ocgt,2030,15,16,16,0.0
1313,ocgt,2030,15,17,17,0.0
1314,ocgt,2030,15,18,18,0.0
1315,ocgt,2030,15,19,19,0.0
1316,ocgt,2030,15,20,20,0.0
1317,ocgt,2030,15,21,21,0.0
1318,ocgt,2030,15,22,22,0.0
1319,ocgt,2030,15,23,23,0.0
1320,ocgt,2030,15,24,24,0.0
1321,ocgt,2030,16,1,1,0.0
1322,ocgt,2030,16,2,2,0.0
1323,ocgt,2030,16,3,3,0.0
1324,ocgt,2030,16,4,4,0.0
1325,ocgt,2030,16,5,5,0.0
1326,ocgt,2030,16,6,6,0.0
1327,ocgt,2030,16,7,7,0.0
1328,ocgt,2030,16,8,8,0.0
1329,ocgt,2030,16,9,9,0.0
1330,ocgt,2030,16,10,10,0.0
1331,ocgt,2030,16,11,11,0.0
1332,ocgt,2030,16,12,12,0.0
1333,ocgt,2030,16,13,13,0.0
1334,ocgt,2030,16,14,14,0.0
1335,ocgt,2030,16,15,15,0.0
1336,ocgt,2030,16,16,16,0.0
1337,ocgt,2030,16,17,17,0.0
1338,ocgt,2030,16,18,18,0.0
1339,ocgt,2030,16,19,19,0.0
1340,ocgt,2030,16,20,20,0.0
1341,ocgt,2030,16,21,21,0.0
1342,ocgt,2030,16,22,22,0.0
1343,ocgt,2030,16,23,23,0.0
1344,ocgt,2030,16,24,24,0.0
1345,ocgt,2030,17,1,1,0.0
1346,ocgt,2030,17,2,2,0.0
1347,ocgt,2030,17,3,3,0.0
1348,ocgt,2030,17,4,4,0.0
1349,ocgt,2030,17,5,5,0.0
1350,ocgt,2030,17,6,6,0.0
1351,ocgt,2030,17,7,7,0.0
1352,ocgt,2030,17,8,8,0.0
1353,ocgt,2030,17,9,9,0.0
1354,ocgt,2030,17,10,10,0.0
1355,ocgt,2030,17,11,11,0.0
1356,ocgt,2030,17,12,12,0.0
1357,ocgt,2030,17,13,13,0.0
1358,ocgt,2030,17,14,14,0.0
1359,ocgt,2030,17,15,15,0.0
1360,ocgt,2030,17,16,16,0.0
1361,ocgt,2030,17,17,17,0.0
1362,ocgt,2030,17,18,18,0.0
1363,ocgt,2030,17,19,19,0.0
1364,ocgt,2030,17,20,20,0.0
1365,ocgt,2030,17,21,21,0.0
1366,ocgt,2030,17,22,22,0.0
1367,ocgt,2030,17,23,23,0.0
1368,ocgt,2030,17,24,24,0.0
1369,ocgt,2030,18,1,1,0.0
1370,ocgt,2030,18,2,2,0.0
1371,ocgt,2030,18,3,3,0.0
1372,ocgt,2030,18,4,4,0.0
1373,ocgt,2030,18,5,5,0.0
1374,ocgt,2030,18,6,6,0.0
1375,ocgt,2030,18,7,7,0.0
1376,ocgt,2030,18,8,8,0.0
1377,ocgt,2030,18,9,9,0.0
1378,ocgt,2030,18,10,10,0.0
1379,ocgt,2030,18,11,11,0.0
1380,ocgt,2030,18,12,12,0.0
1381,ocgt,2030,18,13,13,0.0
1382,ocgt,2030,18,14,14,0.0
1383,ocgt,2030,18,15,15,0.0
1384,ocgt,2030,18,16,16,0.0
1385,ocgt,2030,18,17,17,0.0
1386,ocgt,2030,18,18,18,0.0
1387,ocgt,2030,18,19,19,0.0
1388,ocgt,2030,18,20,20,0.0
1389,ocgt,2030,18,21,21,0.0
1390,ocgt,2030,18,22,22,0.0
1391,ocgt,2030,18,23,23,0.0
1392,ocgt,2030,18,24,24,0.0
1393,ocgt,2030,19,1,1,0.0
1394,ocgt,2030,19,2,2,0.0
1395,ocgt,2030,19,3,3,0.0
1396,ocgt,2030,19,4,4,0.0
1397,ocgt,2030,19,5,5,0.0
1398,ocgt,2030,19,6,6,0.0
1399,ocgt,2030,19,7,7,0.0
1400,ocgt,2030,19,8,8,0.0
1401,ocgt,2030,19,9,9,0.0
1402,ocgt,2030,19,10,10,0.0
1403,ocgt,2030,19,11,11,0.0
1404,ocgt,2030,19,12,12,0.0
1405,ocgt,2030,19,13,13,0.0
1406,ocgt,2030,19,14,14,0.0
1407,ocgt,2030,19,15,15,0.0
1408,ocgt,2030,19,16,16,0.0
1409,ocgt,2030,19,17,17,0.0
1410,ocgt,2030,19,18,18,0.0
1411,ocgt,2030,19,19,19,0.0
1412,ocgt,2030,19,20,20,0.0
1413,ocgt,2030,19,21,21,0.0
1414,ocgt,2030,19,22,22,0.0
1415,ocgt,2030,19,23,23,0.0
1416,ocgt,2030,19,24,24,0.0
1417,ocgt,2030,20,1,1,0.0
1418,ocgt,2030,20,2,2,0.0
1419,ocgt,2030,20,3,3,0.0
1420,ocgt,2030,20,4,4,0.0
1421,ocgt,2030,20,5,5,0.0
1422,ocgt,2030,20,6,6,0.0
1423,ocgt,2030,20,7,7,0.0
1424,ocgt,2030,20,8,8,0.0
1425,ocgt,2030,20,9,9,0.0
1426,ocgt,2030,20,10,10,0.0
1427,ocgt,2030,20,11,11,0.0
1428,ocgt,2030,20,12,12,0.0
1429,ocgt,2030,20,13,13,0.0
1430,ocgt,2030,20,14,14,0.0
1431,ocgt,2030,20,15,15,0.0
1432,ocgt,2030,20,16,16,0.0
1433,ocgt,2030,20,17,17,0.0
1434,ocgt,2030,20,18,18,0.0
1435,ocgt,2030,20,19,19,0.0
1436,ocgt,2030,20,20,20,0.0
1437,ocgt,2030,20,21,21,0.0
1438,ocgt,2030,20,22,22,0.0
1439,ocgt,2030,20,23,23,0.0
1440,ocgt,2030,20,24,24,0.0
1441,solar,2030,1,1,1,-0.16187107199205314
1442,solar,2030,1,2,2,-0.16187107199205314
1443,solar,2030,1,3,3,-0.16187107199205314
1444,solar,2030,1,4,4,-0.16187107199205314
1445,solar,2030,1,5,5,-0.16187107199205314
1446,solar,2030,1,6,6,-0.16187107199205314
1447,solar,2030,1,7,7,-0.16187107199205314
1448,solar,2030,1,8,8,-0.16187107199205314
1449,solar,2030,1,9,9,-0.16187107199205314
1450,solar,2030,1,10,10,-0.16187107199205314
1451,solar,2030,1,11,11,-0.16187107199205314
1452,solar,2030,1,12,12,-0.16187107199205314
1453,solar,2030,1,13,13,-0.16187107199205314
1454,solar,2030,1,14,14,-0.16187107199205314
1455,solar,2030,1,15,15,-0.16187107199205314
1456,solar,2030,1,16,16,-0.16187107199205314
1457,solar,2030,1,17,17,-0.16187107199205314
1458,solar,2030,1,18,18,-0.16187107199205314
1459,solar,2030,1,19,19,-0.16187107199205314
1460,solar,2030,1,20,20,-0.2266195007888744
1461,solar,2030,1,21,21,-0.2266195007888744
1462,solar,2030,1,22,22,-0.16187107199205314
1463,solar,2030,1,23,23,-0.16187107199205314
1464,solar,2030,1,24,24,-0.16187107199205314
1465,solar,2030,2,1,1,-0.20668260647109143
1466,solar,2030,2,2,2,-0.20668260647109143
1467,solar,2030,2,3,3,-0.20668260647109143
1468,solar,2030,2,4,4,-0.20668260647109143
1469,solar,2030,2,5,5,-0.20668260647109143
1470,solar,2030,2,6,6,-0.20668260647109143
1471,solar,2030,2,7,7,-0.20668260647109143
1472,solar,2030,2,8,8,-0.20668260647109143
1473,solar,2030,2,9,9,-0.20668260647109143
1474,solar,2030,2,10,10,-0.20668260647109143
1475,solar,2030,2,11,11,-0.20668260647109143
1476,solar,2030,2,12,12,-0.20668260647109143
1477,solar,2030,2,13,13,-0.20668260647109143
1478,solar,2030,2,14,14,-0.20668260647109143
1479,solar,2030,2,15,15,-0.20668260647109143
1480,solar,2030,2,16,16,-0.20668260647109143
1481,solar,2030,2,17,17,-0.20668260647109143
1482,solar,2030,2,18,18,-0.20668260647109143
1483,solar,2030,2,19,19,-0.28935564905952804
1484,solar,2030,2,20,20,-0.28935564905952804
1485,solar,2030,2,21,21,-0.28935564905952804
1486,solar,2030,2,22,22,-0.28935564905952804
1487,solar,2030,2,23,23,-0.20668260647109143
1488,solar,2030,2,24,24,-0.20668260647109143
1489,solar,2030,3,1,1,-0.20659349381728026
1490,solar,2030,3,2,2,-0.20659349381728026
1491,solar,2030,3,3,3,-0.20659349381728026
1492,solar,2030,3,4,4,-0.20659349381728026
1493,solar,2030,3,5,5,-0.20659349381728026
1494,solar,2030,3,6,6,-0.20659349381728026
1495,solar,2030,3,7,7,-0.20659349381728026
1496,solar,2030,3,8,8,-0.20659349381728026
1497,solar,2030,3,9,9,-0.20659349381728026
1498,solar,2030,3,10,10,-0.20659349381728026
1499,solar,2030,3,11,11,-0.20659349381728026
1500,solar,2030,3,12,12,-0.20659349381728026
1501,solar,2030,3,13,13,-0.20659349381728026
1502,solar,2030,3,14,14,-0.20659349381728026
1503,solar,2030,3,15,15,-0.20659349381728026
1504,solar,2030,3,16,16,-0.20659349381728026
1505,solar,2030,3,17,17,-0.20659349381728026
1506,solar,2030,3,18,18,-0.20659349381728026
1507,solar,2030,3,19,19,-0.2892308913441924
1508,solar,2030,3,20,20,-0.2892308913441924
1509,solar,2030,3,21,21,-0.2892308913441924
1510,solar,2030,3,22,22,-0.20659349381728026
1511,solar,2030,3,23,23,-0.20659349381728026
1512,solar,2030,3,24,24,-0.20659349381728026
1513,solar,2030,4,1,1,-0.04223768950176683
1514,solar,2030,4,2,2,-0.04223768950176683
1515,solar,2030,4,3,3,-0.04223768950176683
1516,solar,2030,4,4,4,-0.04223768950176683
1517,solar,2030,4,5,5,-0.04223768950176683
1518,solar,2030,4,6,6,-0.04223768950176683
1519,solar,2030,4,7,7,-0.04223768950176683
1520,solar,2030,4,8,8,-0.04223768950176683
1521,solar,2030,4,9,9,-0.04223768950176683
1522,solar,2030,4,10,10,-0.04223768950176683
1523,solar,2030,4,11,11,-0.04223768950176683
1524,solar,2030,4,12,12,-0.04223768950176683
1525,solar,2030,4,13,13,-0.04223768950176683
1526,solar,2030,4,14,14,-0.04223768950176683
1527,solar,2030,4,15,15,-0.04223768950176683
1528,solar,2030,4,16,16,-0.04223768950176683
1529,solar,2030,4,17,17,-0.059132765302473564
1530,solar,2030,4,18,18,-0.059132765302473564
1531,solar,2030,4,19,19,-16.89507580070673
1532,solar,2030,4,20,20,-16.89507580070673
1533,solar,2030,4,21,21,-16.89507580070673
1534,solar,2030,4,22,22,-16.89507580070673
1535,solar,2030,4,23,23,-0.059132765302473564
1536,solar,2030,4,24,24,-0.059132765302473564
1537,solar,2030,5,1,1,-0.3601474897325303
1538,solar,2030,5,2,2,-0.3601474897325303
1539,solar,2030,5,3,3,-0.3601474897325303
1540,solar,2030,5,4,4,-0.3601474897325303
1541,solar,2030,5,5,5,-0.3601474897325303
1542,solar,2030,5,6,6,-0.3601474897325303
1543,solar,2030,5,7,7,-0.3601474897325303
1544,solar,2030,5,8,8,-0.3601474897325303
1545,solar,2030,5,9,9,-0.3601474897325303
1546,solar,2030,5,10,10,-0.3601474897325303
1547,solar,2030,5,11,11,-0.3601474897325303
1548,solar,2030,5,12,12,-0.3601474897325303
1549,solar,2030,5,13,13,-0.3601474897325303
1550,solar,2030,5,14,14,-0.3601474897325303
1551,solar,2030,5,15,15,-0.3601474897325303
1552,solar,2030,5,16,16,-0.3601474897325303
1553,solar,2030,5,17,17,-0.3601474897325303
1554,solar,2030,5,18,18,-0.3601474897325303
1555,solar,2030,5,19,19,-0.3601474897325303
1556,solar,2030,5,20,20,-0.5042064856255425
1557,solar,2030,5,21,21,-0.5042064856255425
1558,solar,2030,5,22,22,-0.3601474897325303
1559,solar,2030,5,23,23,-0.3601474897325303
1560,solar,2030,5,24,24,-0.3601474897325303
1561,solar,2030,6,1,1,-0.969442396410229
1562,solar,2030,6,2,2,-0.969442396410229
1563,solar,2030,6,3,3,-0.969442396410229
1564,solar,2030,6,4,4,-0.969442396410229
1565,solar,2030,6,5,5,-0.969442396410229
1566,solar,2030,6,6,6,-0.969442396410229
1567,solar,2030,6,7,7,-0.969442396410229
1568,solar,2030,6,8,8,-0.969442396410229
1569,solar,2030,6,9,9,-0.969442396410229
1570,solar,2030,6,10,10,-0.969442396410229
1571,solar,2030,6,11,11,-0.969442396410229
1572,solar,2030,6,12,12,-0.969442396410229
1573,solar,2030,6,13,13,-0.969442396410229
1574,solar,2030,6,14,14,-0.969442396410229
1575,solar,2030,6,15,15,-0.969442396410229
1576,solar,2030,6,16,16,-0.969442396410229
1577,solar,2030,6,17,17,-0.969442396410229
1578,solar,2030,6,18,18,-0.969442396410229
1579,solar,2030,6,19,19,-0.969442396410229
1580,solar,2030,6,20,20,-0.969442396410229
1581,solar,2030,6,21,21,-0.969442396410229
1582,solar,2030,6,22,22,-0.969442396410229
1583,solar,2030,6,23,23,-0.969442396410229
1584,solar,2030,6,24,24,-0.969442396410229
1585,solar,2030,7,1,1,-0.8714905143264828
1586,solar,2030,7,2,2,-0.8714905143264828
1587,solar,2030,7,3,3,-0.8714905143264828
1588,solar,2030,7,4,4,-0.8714905143264828
1589,solar,2030,7,5,5,-0.8714905143264828
1590,solar,2030,7,6,6,-0.8714905143264828
1591,solar,2030,7,7,7,-0.8714905143264828
1592,solar,2030,7,8,8,-0.8714905143264828
1593,solar,2030,7,9,9,-0.8714905143264828
1594,solar,2030,7,10,10,-0.8714905143264828
1595,solar,2030,7,11,11,-0.8714905143264828
1596,solar,2030,7,12,12,-0.8714905143264828
1597,solar,2030,7,13,13,-0.8714905143264828
1598,solar,2030,7,14,14,-0.8714905143264828
1599,solar,2030,7,15,15,-0.8714905143264828
1600,solar,2030,7,16,16,-0.8714905143264828
1601,solar,2030,7,17,17,-0.8714905143264828
1602,solar,2030,7,18,18,-0.8714905143264828
1603,solar,2030,7,19,19,-0.8714905143264828
1604,solar,2030,7,20,20,-0.8714905143264828
1605,solar,2030,7,21,21,-0.8714905143264828
1606,solar,2030,7,22,22,-0.8714905143264828
1607,solar,2030,7,23,23,-0.8714905143264828
1608,solar,2030,7,24,24,-0.8714905143264828
1609,solar,2030,8,1,1,-4.857417511563243
1610,solar,2030,8,2,2,-4.857417511563243
1611,solar,2030,8,3,3,-4.857417511563243
1612,solar,2030,8,4,4,-4.857417511563243
1613,solar,2030,8,5,5,-4.857417511563243
1614,solar,2030,8,6,6,-4.857417511563243
1615,solar,2030,8,7,7,-4.857417511563243
1616,solar,2030,8,8,8,-4.857417511563243
1617,solar,2030,8,9,9,-4.857417511563243
1618,solar,2030,8,10,10,-4.857417511563243
1619,solar,2030,8,11,11,-4.857417511563243
1620,solar,2030,8,12,12,-4.857417511563243
1621,solar,2030,8,13,13,-4.857417511563243
1622,solar,2030,8,14,14,-4.857417511563243
1623,solar,2030,8,15,15,-4.857417511563243
1624,solar,2030,8,16,16,-4.857417511563243
1625,solar,2030,8,17,17,-4.857417511563243
1626,solar,2030,8,18,18,-4.857417511563243
1627,solar,2030,8,19,19,-4.857417511563243
1628,solar,2030,8,20,20,-6.800384516188541
1629,solar,2030,8,21,21,-5.760077050955953
1630,solar,2030,8,22,22,-4.857417511563243
1631,solar,2030,8,23,23,-4.857417511563243
1632,solar,2030,8,24,24,-4.857417511563243
1633,solar,2030,9,1,1,-0.25964648921691763
1634,solar,2030,9,2,2,-0.25964648921691763
1635,solar,2030,9,3,3,-0.25964648921691763
1636,solar,2030,9,4,4,-0.25964648921691763
1637,solar,2030,9,5,5,-0.25964648921691763
1638,solar,2030,9,6,6,-0.25964648921691763
1639,solar,2030,9,7,7,-0.25964648921691763
1640,solar,2030,9,8,8,-0.25964648921691763
1641,solar,2030,9,9,9,-0.25964648921691763
1642,solar,2030,9,10,10,-0.25964648921691763
1643,solar,2030,9,11,11,-0.25964648921691763
1644,solar,2030,9,12,12,-0.25964648921691763
1645,solar,2030,9,13,13,-0.25964648921691763
1646,solar,2030,9,14,14,-0.25964648921691763
1647,solar,2030,9,15,15,-0.25964648921691763
1648,solar,2030,9,16,16,-0.25964648921691763
1649,solar,2030,9,17,17,-0.25964648921691763
1650,solar,2030,9,18,18,-0.25964648921691763
1651,solar,2030,9,19,19,-0.36350508490368466
1652,solar,2030,9,20,20,-0.36350508490368466
1653,solar,2030,9,21,21,-0.36350508490368466
1654,solar,2030,9,22,22,-0.36350508490368466
1655,solar,2030,9,23,23,-0.25964648921691763
1656,solar,2030,9,24,24,-0.25964648921691763
1657,solar,2030,10,1,1,-1.189470736968406
1658,solar,2030,10,2,2,-1.189470736968406
1659,solar,2030,10,3,3,-1.189470736968406
1660,solar,2030,10,4,4,-1.189470736968406
1661,solar,2030,10,5,5,-1.189470736968406
1662,solar,2030,10,6,6,-1.189470736968406
1663,solar,2030,10,7,7,-1.189470736968406
1664,solar,2030,10,8,8,-1.189470736968406
1665,solar,2030,10,9,9,-1.189470736968406
1666,solar,2030,10,10,10,-1.189470736968406
1667,solar,2030,10,11,11,-1.189470736968406
1668,solar,2030,10,12,12,-1.189470736968406
1669,solar,2030,10,13,13,-1.189470736968406
1670,solar,2030,10,14,14,-1.189470736968406
1671,solar,2030,10,15,15,-1.189470736968406
1672,solar,2030,10,16,16,-1.189470736968406
1673,solar,2030,10,17,17,-1.189470736968406
1674,solar,2030,10,18,18,-1.189470736968406
1675,solar,2030,10,19,19,-1.189470736968406
1676,solar,2030,10,20,20,-1.189470736968406
1677,solar,2030,10,21,21,-1.189470736968406
1678,solar,2030,10,22,22,-1.189470736968406
1679,solar,2030,10,23,23,-1.189470736968406
1680,solar,2030,10,24,24,-1.189470736968406
1681,solar,2030,11,1,1,-0.25559330473972564
1682,solar,2030,11,2,2,-0.25559330473972564
1683,solar,2030,11,3,3,-0.25559330473972564
1684,solar,2030,11,4,4,-0.25559330473972564
1685,solar,2030,11,5,5,-0.25559330473972564
1686,solar,2030,11,6,6,-0.25559330473972564
1687,solar,2030,11,7,7,-0.25559330473972564
1688,solar,2030,11,8,8,-0.25559330473972564
1689,solar,2030,11,9,9,-0.25559330473972564
1690,solar,2030,11,10,10,-0.25559330473972564
1691,solar,2030,11,11,11,-0.25559330473972564
1692,solar,2030,11,12,12,-0.25559330473972564
1693,solar,2030,11,13,13,-0.25559330473972564
1694,solar,2030,11,14,14,-0.25559330473972564
1695,solar,2030,11,15,15,-0.25559330473972564
1696,solar,2030,11,16,16,-0.25559330473972564
1697,solar,2030,11,17,17,-0.25559330473972564
1698,solar,2030,11,18,18,-0.25559330473972564
1699,solar,2030,11,19,19,-0.35783062663561593
1700,solar,2030,11,20,20,-0.35783062663561593
1701,solar,2030,11,21,21,-36.219872417236814
1702,solar,2030,11,22,22,-0.35783062663561593
1703,solar,2030,11,23,23,-0.35783062663561593
1704,solar,2030,11,24,24,-0.25559330473972564
1705,solar,2030,12,1,1,-0.11540174205417218
1706,solar,2030,12,2,2,-0.11540174205417218
1707,solar,2030,12,3,3,-0.11540174205417218
1708,solar,2030,12,4,4,-0.11540174205417218
1709,solar,2030,12,5,5,-0.11540174205417218
1710,solar,2030,12,6,6,-0.11540174205417218
1711,solar,2030,12,7,7,-0.11540174205417218
1712,solar,2030,12,8,8,-0.11540174205417218
1713,solar,2030,12,9,9,-0.11540174205417218
1714,solar,2030,12,10,10,-0.11540174205417218
1715,solar,2030,12,11,11,-0.11540174205417218
1716,solar,2030,12,12,12,-0.11540174205417218
1717,solar,2030,12,13,13,0.0
1718,solar,2030,12,14,14,0.0
1719,solar,2030,12,15,15,-0.11540174205417218
1720,solar,2030,12,16,16,-0.11540174205417218
1721,solar,2030,12,17,17,-0.11540174205417218
1722,solar,2030,12,18,18,-0.11540174205417218
1723,solar,2030,12,19,19,-0.11540174205417218
1724,solar,2030,12,20,20,-0.16156243887584107
1725,solar,2030,12,21,21,-0.16156243887584107
1726,solar,2030,12,22,22,-0.16156243887584107
1727,solar,2030,12,23,23,-0.11540174205417218
1728,solar,2030,12,24,24,-0.11540174205417218
1729,solar,2030,13,1,1,-0.0942199230791757
1730,solar,2030,13,2,2,-0.0942199230791757
1731,solar,2030,13,3,3,-0.0942199230791757
1732,solar,2030,13,4,4,-0.0942199230791757
1733,solar,2030,13,5,5,-0.0942199230791757
1734,solar,2030,13,6,6,-0.0942199230791757
1735,solar,2030,13,7,7,-0.0942199230791757
1736,solar,2030,13,8,8,-0.0942199230791757
1737,solar,2030,13,9,9,-0.0942199230791757
1738,solar,2030,13,10,10,-0.0942199230791757
1739,solar,2030,13,11,11,0.0
1740,solar,2030,13,12,12,0.0
1741,solar,2030,13,13,13,0.0
1742,solar,2030,13,14,14,0.0
1743,solar,2030,13,15,15,0.0
1744,solar,2030,13,16,16,-0.0942199230791757
1745,solar,2030,13,17,17,-0.0942199230791757
1746,solar,2030,13,18,18,-0.0942199230791757
1747,solar,2030,13,19,19,-0.131907892310846
1748,solar,2030,13,20,20,-0.131907892310846
1749,solar,2030,13,21,21,-0.131907892310846
1750,solar,2030,13,22,22,-0.131907892310846
1751,solar,2030,13,23,23,-0.131907892310846
1752,solar,2030,13,24,24,-0.131907892310846
1753,solar,2030,14,1,1,-1.0131001709831426
1754,solar,2030,14,2,2,-1.0131001709831426
1755,solar,2030,14,3,3,-1.0131001709831426
1756,solar,2030,14,4,4,-1.0131001709831426
1757,solar,2030,14,5,5,-1.0131001709831426
1758,solar,2030,14,6,6,-1.0131001709831426
1759,solar,2030,14,7,7,-1.0131001709831426
1760,solar,2030,14,8,8,-1.0131001709831426
1761,solar,2030,14,9,9,-1.0131001709831426
1762,solar,2030,14,10,10,-1.0131001709831426
1763,solar,2030,14,11,11,-1.0131001709831426
1764,solar,2030,14,12,12,0.0
1765,solar,2030,14,13,13,0.0
1766,solar,2030,14,14,14,0.0
1767,solar,2030,14,15,15,-1.0131001709831426
1768,solar,2030,14,16,16,-1.0131001709831426
1769,solar,2030,14,17,17,-1.0131001709831426
1770,solar,2030,14,18,18,-1.0131001709831426
1771,solar,2030,14,19,19,-1.0131001709831426
1772,solar,2030,14,20,20,-1.0131001709831426
1773,solar,2030,14,21,21,-1.0131001709831426
1774,solar,2030,14,22,22,-1.0131001709831426
1775,solar,2030,14,23,23,-1.0131001709831426
1776,solar,2030,14,24,24,-1.0131001709831426
1777,solar,2030,15,1,1,-0.7036768952444475
1778,solar,2030,15,2,2,-0.7036768952444475
1779,solar,2030,15,3,3,-0.7036768952444475
1780,solar,2030,15,4,4,-0.7036768952444475
1781,solar,2030,15,5,5,-0.7036768952444475
1782,solar,2030,15,6,6,-0.7036768952444475
1783,solar,2030,15,7,7,-0.7036768952444475
1784,solar,2030,15,8,8,-0.7036768952444475
1785,solar,2030,15,9,9,-0.7036768952444475
1786,solar,2030,15,10,10,-0.7036768952444475
1787,solar,2030,15,11,11,-0.7036768952444475
1788,solar,2030,15,12,12,-0.7036768952444475
1789,solar,2030,15,13,13,-0.7036768952444475
1790,solar,2030,15,14,14,-0.7036768952444475
1791,solar,2030,15,15,15,-0.7036768952444475
1792,solar,2030,15,16,16,-0.7036768952444475
1793,solar,2030,15,17,17,-0.7036768952444475
1794,solar,2030,15,18,18,-0.7036768952444475
1795,solar,2030,15,19,19,-0.7036768952444475
1796,solar,2030,15,20,20,-0.7036768952444475
1797,solar,2030,15,21,21,-0.7036768952444475
1798,solar,2030,15,22,22,-0.7036768952444475
1799,solar,2030,15,23,23,-0.7036768952444475
1800,solar,2030,15,24,24,-0.7036768952444475
1801,solar,2030,16,1,1,-6.105408504090866
1802,solar,2030,16,2,2,-6.105408504090866
1803,solar,2030,16,3,3,-6.105408504090866
1804,solar,2030,16,4,4,-6.105408504090866
1805,solar,2030,16,5,5,-6.105408504090866
1806,solar,2030,16,6,6,-6.105408504090866
1807,solar,2030,16,7,7,-6.105408504090866
1808,solar,2030,16,8,8,-6.105408504090866
1809,solar,2030,16,9,9,-6.105408504090866
1810,solar,2030,16,10,10,-6.105408504090866
1811,solar,2030,16,11,11,-6.105408504090866
1812,solar,2030,16,12,12,-2.5350500258390407
1813,solar,2030,16,13,13,0.0
1814,solar,2030,16,14,14,0.0
1815,solar,2030,16,15,15,-6.105408504090866
1816,solar,2030,16,16,16,-6.105408504090866
1817,solar,2030,16,17,17,-6.105408504090866
1818,solar,2030,16,18,18,-6.105408504090866
1819,solar,2030,16,19,19,-6.105408504090866
1820,solar,2030,16,20,20,-6.105408504090866
1821,solar,2030,16,21,21,-6.105408504090866
1822,solar,2030,16,22,22,-6.105408504090866
1823,solar,2030,16,23,23,-6.105408504090866
1824,solar,2030,16,24,24,-6.105408504090866
1825,solar,2030,17,1,1,-0.4618874465906916
1826,solar,2030,17,2,2,-0.4618874465906916
1827,solar,2030,17,3,3,-0.4618874465906916
1828,solar,2030,17,4,4,-0.4618874465906916
1829,solar,2030,17,5,5,-0.4618874465906916
1830,solar,2030,17,6,6,-0.4618874465906916
1831,solar,2030,17,7,7,-0.4618874465906916
1832,solar,2030,17,8,8,-0.4618874465906916
1833,solar,2030,17,9,9,-0.4618874465906916
1834,solar,2030,17,10,10,-0.4618874465906916
1835,solar,2030,17,11,11,0.0
1836,solar,2030,17,12,12,0.0
1837,solar,2030,17,13,13,0.0
1838,solar,2030,17,14,14,0.0
1839,solar,2030,17,15,15,0.0
1840,solar,2030,17,16,16,-0.4618874465906916
1841,solar,2030,17,17,17,-0.4618874465906916
1842,solar,2030,17,18,18,-0.4618874465906916
1843,solar,2030,17,19,19,-0.4618874465906916
1844,solar,2030,17,20,20,-0.6466424252269682
1845,solar,2030,17,21,21,-0.6466424252269682
1846,solar,2030,17,22,22,-0.4618874465906916
1847,solar,2030,17,23,23,-0.4618874465906916
1848,solar,2030,17,24,24,-0.4618874465906916
1849,solar,2030,18,1,1,-0.09722395659037428
1850,solar,2030,18,2,2,-0.09722395659037428
1851,solar,2030,18,3,3,-0.09722395659037428
1852,solar,2030,18,4,4,-0.09722395659037428
1853,solar,2030,18,5,5,-0.09722395659037428
1854,solar,2030,18,6,6,-0.09722395659037428
1855,solar,2030,18,7,7,-0.09722395659037428
1856,solar,2030,18,8,8,-0.09722395659037428
1857,solar,2030,18,9,9,-0.09722395659037428
1858,solar,2030,18,10,10,-0.09722395659037428
1859,solar,2030,18,11,11,0.0
1860,solar,2030,18,12,12,0.0
1861,solar,2030,18,13,13,0.0
1862,solar,2030,18,14,14,0.0
1863,solar,2030,18,15,15,0.0
1864,solar,2030,18,16,16,-0.09722395659037428
1865,solar,2030,18,17,17,-0.09722395659037428
1866,solar,2030,18,18,18,-0.09722395659037428
1867,solar,2030,18,19,19,-0.09722395659037428
1868,solar,2030,18,20,20,-0.136113539226524
1869,solar,2030,18,21,21,-0.136113539226524
1870,solar,2030,18,22,22,-0.09722395659037428
1871,solar,2030,18,23,23,-0.09722395659037428
1872,solar,2030,18,24,24,-0.09722395659037428
1873,solar,2030,19,1,1,-0.15988601027928184
1874,solar,2030,19,2,2,-0.15988601027928184
1875,solar,2030,19,3,3,-0.15988601027928184
1876,solar,2030,19,4,4,-0.15988601027928184
1877,solar,2030,19,5,5,-0.15988601027928184
1878,solar,2030,19,6,6,-0.15988601027928184
1879,solar,2030,19,7,7,-0.15988601027928184
1880,solar,2030,19,8,8,-0.15988601027928184
1881,solar,2030,19,9,9,-0.15988601027928184
1882,solar,2030,19,10,10,-0.15988601027928184
1883,solar,2030,19,11,11,0.0
1884,solar,2030,19,12,12,0.0
1885,solar,2030,19,13,13,-0.15988601027928184
1886,solar,2030,19,14,14,-0.15988601027928184
1887,solar,2030,19,15,15,-0.15988601027928184
1888,solar,2030,19,16,16,-0.15988601027928184
1889,solar,2030,19,17,17,-0.15988601027928184
1890,solar,2030,19,18,18,-0.15988601027928184
1891,solar,2030,19,19,19,-0.15988601027928184
1892,solar,2030,19,20,20,-0.15988601027928184
1893,solar,2030,19,21,21,-0.15988601027928184
1894,solar,2030,19,22,22,-0.15988601027928184
1895,solar,2030,19,23,23,-0.15988601027928184
1896,solar,2030,19,24,24,-0.15988601027928184
1897,solar,2030,20,1,1,-0.11860204634812493
1898,solar,2030,20,2,2,-0.11860204634812493
1899,solar,2030,20,3,3,-0.11860204634812493
1900,solar,2030,20,4,4,-0.11860204634812493
1901,solar,2030,20,5,5,-0.11860204634812493
1902,solar,2030,20,6,6,-0.11860204634812493
1903,solar,2030,20,7,7,-0.11860204634812493
1904,solar,2030,20,8,8,-0.11860204634812493
1905,solar,2030,20,9,9,-0.11860204634812493
1906,solar,2030,20,10,10,-0.11860204634812493
1907,solar,2030,20,11,11,-0.11860204634812493
1908,solar,2030,20,12,12,0.0
1909,solar,2030,20,13,13,0.0
1910,solar,2030,20,14,14,0.0
1911,solar,2030,20,15,15,-0.11860204634812493
1912,solar,2030,20,16,16,-0.11860204634812493
1913,solar,2030,20,17,17,-0.11860204634812493
1914,solar,2030,20,18,18,-0.11860204634812493
1915,solar,2030,20,19,19,-0.11860204634812493
1916,solar,2030,20,20,20,-0.1660428648873749
1917,solar,2030,20,21,21,-0.1660428648873749
1918,solar,2030,20,22,22,-0.1660428648873749
1919,solar,2030,20,23,23,-0.11860204634812493
1920,solar,2030,20,24,24,-0.11860204634812493
1921,wind,2030,1,1,1,-0.15539622911237103
1922,wind,2030,1,2,2,-0.15539622911237103
1923,wind,2030,1,3,3,-0.15539622911237103
1924,wind,2030,1,4,4,-0.15539622911237103
1925,wind,2030,1,5,5,-0.15539622911237103
1926,wind,2030,1,6,6,-0.15539622911237103
1927,wind,2030,1,7,7,-0.15539622911237103
1928,wind,2030,1,8,8,-0.15539622911237103
1929,wind,2030,1,9,9,-0.15539622911237103
1930,wind,2030,1,10,10,-0.15539622911237103
1931,wind,2030,1,11,11,-0.15539622911237103
1932,wind,2030,1,12,12,-0.15539622911237103
1933,wind,2030,1,13,13,-0.15539622911237103
1934,wind,2030,1,14,14,-0.15539622911237103
1935,wind,2030,1,15,15,-0.15539622911237103
1936,wind,2030,1,16,16,-0.15539622911237103
1937,wind,2030,1,17,17,-0.15539622911237103
1938,wind,2030,1,18,18,-0.15539622911237103
1939,wind,2030,1,19,19,-0.15539622911237103
1940,wind,2030,1,20,20,-0.2201446579091923
1941,wind,2030,1,21,21,-0.2201446579091923
1942,wind,2030,1,22,22,-0.15539622911237103
1943,wind,2030,1,23,23,-0.15539622911237103
1944,wind,2030,1,24,24,-0.15539622911237103
1945,wind,2030,2,1,1,-0.1984153022122478
1946,wind,2030,2,2,2,-0.1984153022122478
1947,wind,2030,2,3,3,-0.1984153022122478
1948,wind,2030,2,4,4,-0.1984153022122478
1949,wind,2030,2,5,5,-0.1984153022122478
1950,wind,2030,2,6,6,-0.1984153022122478
1951,wind,2030,2,7,7,-0.1984153022122478
1952,wind,2030,2,8,8,-0.1984153022122478
1953,wind,2030,2,9,9,-0.1984153022122478
1954,wind,2030,2,10,10,-0.1984153022122478
1955,wind,2030,2,11,11,-0.1984153022122478
1956,wind,2030,2,12,12,-0.1984153022122478
1957,wind,2030,2,13,13,-0.1984153022122478
1958,wind,2030,2,14,14,-0.1984153022122478
1959,wind,2030,2,15,15,-0.1984153022122478
1960,wind,2030,2,16,16,-0.1984153022122478
1961,wind,2030,2,17,17,-0.1984153022122478
1962,wind,2030,2,18,18,-0.1984153022122478
1963,wind,2030,2,19,19,-0.2810883448006844
1964,wind,2030,2,20,20,-0.2810883448006844
1965,wind,2030,2,21,21,-0.2810883448006844
1966,wind,2030,2,22,22,-0.2810883448006844
1967,wind,2030,2,23,23,-0.1984153022122478
1968,wind,2030,2,24,24,-0.1984153022122478
1969,wind,2030,3,1,1,-0.19832975406458905
1970,wind,2030,3,2,2,-0.19832975406458905
1971,wind,2030,3,3,3,-0.19832975406458905
1972,wind,2030,3,4,4,-0.19832975406458905
1973,wind,2030,3,5,5,-0.19832975406458905
1974,wind,2030,3,6,6,-0.19832975406458905
1975,wind,2030,3,7,7,-0.19832975406458905
1976,wind,2030,3,8,8,-0.19832975406458905
1977,wind,2030,3,9,9,-0.19832975406458905
1978,wind,2030,3,10,10,-0.19832975406458905
1979,wind,2030,3,11,11,-0.19832975406458905
1980,wind,2030,3,12,12,-0.19832975406458905
1981,wind,2030,3,13,13,-0.19832975406458905
1982,wind,2030,3,14,14,-0.19832975406458905
1983,wind,2030,3,15,15,-0.19832975406458905
1984,wind,2030,3,16,16,-0.19832975406458905
1985,wind,2030,3,17,17,-0.19832975406458905
1986,wind,2030,3,18,18,-0.19832975406458905
1987,wind,2030,3,19,19,-0.28096715159150115
1988,wind,2030,3,20,20,-0.28096715159150115
1989,wind,2030,3,21,21,-0.28096715159150115
1990,wind,2030,3,22,22,-0.19832975406458905
1991,wind,2030,3,23,23,-0.19832975406458905
1992,wind,2030,3,24,24,-0.19832975406458905
1993,wind,2030,4,1,1,-0.04054818192169616
1994,wind,2030,4,2,2,-0.04054818192169616
1995,wind,2030,4,3,3,-0.04054818192169616
1996,wind,2030,4,4,4,-0.04054818192169616
1997,wind,2030,4,5,5,-0.04054818192169616
1998,wind,2030,4,6,6,-0.04054818192169616
1999,wind,2030,4,7,7,-0.04054818192169616
2000,wind,2030,4,8,8,-0.04054818192169616
2001,wind,2030,4,9,9,-0.04054818192169616
2002,wind,2030,4,10,10,-0.04054818192169616
2003,wind,2030,4,11,11,-0.04054818192169616
2004,wind,2030,4,12,12,-0.04054818192169616
2005,wind,2030,4,13,13,-0.04054818192169616
2006,wind,2030,4,14,14,-0.04054818192169616
2007,wind,2030,4,15,15,-0.04054818192169616
2008,wind,2030,4,16,16,-0.04054818192169616
2009,wind,2030,4,17,17,-0.05744325772240289
2010,wind,2030,4,18,18,-0.05744325772240289
2011,wind,2030,4,19,19,-16.89338629312666
2012,wind,2030,4,20,20,-16.89338629312666
2013,wind,2030,4,21,21,-16.89338629312666
2014,wind,2030,4,22,22,-16.89338629312666
2015,wind,2030,4,23,23,-0.05744325772240289
2016,wind,2030,4,24,24,-0.05744325772240289
2017,wind,2030,5,1,1,-0.3457415901432291
2018,wind,2030,5,2,2,-0.3457415901432291
2019,wind,2030,5,3,3,-0.3457415901432291
2020,wind,2030,5,4,4,-0.3457415901432291
2021,wind,2030,5,5,5,-0.3457415901432291
2022,wind,2030,5,6,6,-0.3457415901432291
2023,wind,2030,5,7,7,-0.3457415901432291
2024,wind,2030,5,8,8,-0.3457415901432291
2025,wind,2030,5,9,9,-0.3457415901432291
2026,wind,2030,5,10,10,-0.3457415901432291
2027,wind,2030,5,11,11,-0.3457415901432291
2028,wind,2030,5,12,12,-0.3457415901432291
2029,wind,2030,5,13,13,-0.3457415901432291
2030,wind,2030,5,14,14,-0.3457415901432291
2031,wind,2030,5,15,15,-0.3457415901432291
2032,wind,2030,5,16,16,-0.3457415901432291
2033,wind,2030,5,17,17,-0.3457415901432291
2034,wind,2030,5,18,18,-0.3457415901432291
2035,wind,2030,5,19,19,-0.3457415901432291
2036,wind,2030,5,20,20,-0.48980058603624127
2037,wind,2030,5,21,21,-0.48980058603624127
2038,wind,2030,5,22,22,-0.3457415901432291
2039,wind,2030,5,23,23,-0.3457415901432291
2040,wind,2030,5,24,24,-0.3457415901432291
2041,wind,2030,6,1,1,-0.9306647005538199
2042,wind,2030,6,2,2,-0.9306647005538199
2043,wind,2030,6,3,3,-0.9306647005538199
2044,wind,2030,6,4,4,-0.9306647005538199
2045,wind,2030,6,5,5,-0.9306647005538199
2046,wind,2030,6,6,6,-0.9306647005538199
2047,wind,2030,6,7,7,-0.9306647005538199
2048,wind,2030,6,8,8,-0.9306647005538199
2049,wind,2030,6,9,9,-0.9306647005538199
2050,wind,2030,6,10,10,-0.9306647005538199
2051,wind,2030,6,11,11,-0.9306647005538199
2052,wind,2030,6,12,12,-0.9306647005538199
2053,wind,2030,6,13,13,-0.9306647005538199
2054,wind,2030,6,14,14,-0.9306647005538199
2055,wind,2030,6,15,15,-0.9306647005538199
2056,wind,2030,6,16,16,-0.9306647005538199
2057,wind,2030,6,17,17,-0.9306647005538199
2058,wind,2030,6,18,18,-0.9306647005538199
2059,wind,2030,6,19,19,-0.9306647005538199
2060,wind,2030,6,20,20,-0.9306647005538199
2061,wind,2030,6,21,21,-0.9306647005538199
2062,wind,2030,6,22,22,-0.9306647005538199
2063,wind,2030,6,23,23,-0.9306647005538199
2064,wind,2030,6,24,24,-0.9306647005538199
2065,wind,2030,7,1,1,-0.8366308937534235
2066,wind,2030,7,2,2,-0.8366308937534235
2067,wind,2030,7,3,3,-0.8366308937534235
2068,wind,2030,7,4,4,-0.8366308937534235
2069,wind,2030,7,5,5,-0.8366308937534235
2070,wind,2030,7,6,6,-0.8366308937534235
2071,wind,2030,7,7,7,-0.8366308937534235
2072,wind,2030,7,8,8,-0.8366308937534235
2073,wind,2030,7,9,9,-0.8366308937534235
2074,wind,2030,7,10,10,-0.8366308937534235
2075,wind,2030,7,11,11,-0.8366308937534235
2076,wind,2030,7,12,12,-0.8366308937534235
2077,wind,2030,7,13,13,-0.8366308937534235
2078,wind,2030,7,14,14,-0.8366308937534235
2079,wind,2030,7,15,15,-0.8366308937534235
2080,wind,2030,7,16,16,-0.8366308937534235
2081,wind,2030,7,17,17,-0.8366308937534235
2082,wind,2030,7,18,18,-0.8366308937534235
2083,wind,2030,7,19,19,-0.8366308937534235
2084,wind,2030,7,20,20,-0.8366308937534235
2085,wind,2030,7,21,21,-0.8366308937534235
2086,wind,2030,7,22,22,-0.8366308937534235
2087,wind,2030,7,23,23,-0.8366308937534235
2088,wind,2030,7,24,24,-0.8366308937534235
2089,wind,2030,8,1,1,-4.663120811100714
2090,wind,2030,8,2,2,-4.663120811100714
2091,wind,2030,8,3,3,-4.663120811100714
2092,wind,2030,8,4,4,-4.663120811100714
2093,wind,2030,8,5,5,-4.663120811100714
2094,wind,2030,8,6,6,-4.663120811100714
2095,wind,2030,8,7,7,-4.663120811100714
2096,wind,2030,8,8,8,-4.663120811100714
2097,wind,2030,8,9,9,-4.663120811100714
2098,wind,2030,8,10,10,-4.663120811100714
2099,wind,2030,8,11,11,-4.663120811100714
2100,wind,2030,8,12,12,-4.663120811100714
2101,wind,2030,8,13,13,-4.663120811100714
2102,wind,2030,8,14,14,-4.663120811100714
2103,wind,2030,8,15,15,-4.663120811100714
2104,wind,2030,8,16,16,-4.663120811100714
2105,wind,2030,8,17,17,-4.663120811100714
2106,wind,2030,8,18,18,-4.663120811100714
2107,wind,2030,8,19,19,-4.663120811100714
2108,wind,2030,8,20,20,-6.606087815726012
2109,wind,2030,8,21,21,-5.565780350493424
2110,wind,2030,8,22,22,-4.663120811100714
2111,wind,2030,8,23,23,-4.663120811100714
2112,wind,2030,8,24,24,-4.663120811100714
2113,wind,2030,9,1,1,-0.24926062964824092
2114,wind,2030,9,2,2,-0.24926062964824092
2115,wind,2030,9,3,3,-0.24926062964824092
2116,wind,2030,9,4,4,-0.24926062964824092
2117,wind,2030,9,5,5,-0.24926062964824092
2118,wind,2030,9,6,6,-0.24926062964824092
2119,wind,2030,9,7,7,-0.24926062964824092
2120,wind,2030,9,8,8,-0.24926062964824092
2121,wind,2030,9,9,9,-0.24926062964824092
2122,wind,2030,9,10,10,-0.24926062964824092
2123,wind,2030,9,11,11,-0.24926062964824092
2124,wind,2030,9,12,12,-0.24926062964824092
2125,wind,2030,9,13,13,-0.24926062964824092
2126,wind,2030,9,14,14,-0.24926062964824092
2127,wind,2030,9,15,15,-0.24926062964824092
2128,wind,2030,9,16,16,-0.24926062964824092
2129,wind,2030,9,17,17,-0.24926062964824092
2130,wind,2030,9,18,18,-0.24926062964824092
2131,wind,2030,9,19,19,-0.35311922533500795
2132,wind,2030,9,20,20,-0.35311922533500795
2133,wind,2030,9,21,21,-0.35311922533500795
2134,wind,2030,9,22,22,-0.35311922533500795
2135,wind,2030,9,23,23,-0.24926062964824092
2136,wind,2030,9,24,24,-0.24926062964824092
2137,wind,2030,10,1,1,-1.1418919074896698
2138,wind,2030,10,2,2,-1.1418919074896698
2139,wind,2030,10,3,3,-1.1418919074896698
2140,wind,2030,10,4,4,-1.1418919074896698
2141,wind,2030,10,5,5,-1.1418919074896698
2142,wind,2030,10,6,6,-1.1418919074896698
2143,wind,2030,10,7,7,-1.1418919074896698
2144,wind,2030,10,8,8,-1.1418919074896698
2145,wind,2030,10,9,9,-1.1418919074896698
2146,wind,2030,10,10,10,-1.1418919074896698
2147,wind,2030,10,11,11,-1.1418919074896698
2148,wind,2030,10,12,12,-1.1418919074896698
2149,wind,2030,10,13,13,-1.1418919074896698
2150,wind,2030,10,14,14,-1.1418919074896698
2151,wind,2030,10,15,15,-1.1418919074896698
2152,wind,2030,10,16,16,-1.1418919074896698
2153,wind,2030,10,17,17,-1.1418919074896698
2154,wind,2030,10,18,18,-1.1418919074896698
2155,wind,2030,10,19,19,-1.1418919074896698
2156,wind,2030,10,20,20,-1.1418919074896698
2157,wind,2030,10,21,21,-1.1418919074896698
2158,wind,2030,10,22,22,-1.1418919074896698
2159,wind,2030,10,23,23,-1.1418919074896698
2160,wind,2030,10,24,24,-1.1418919074896698
2161,wind,2030,11,1,1,-0.2453695725501366
2162,wind,2030,11,2,2,-0.2453695725501366
2163,wind,2030,11,3,3,-0.2453695725501366
2164,wind,2030,11,4,4,-0.2453695725501366
2165,wind,2030,11,5,5,-0.2453695725501366
2166,wind,2030,11,6,6,-0.2453695725501366
2167,wind,2030,11,7,7,-0.2453695725501366
2168,wind,2030,11,8,8,-0.2453695725501366
2169,wind,2030,11,9,9,-0.2453695725501366
2170,wind,2030,11,10,10,-0.2453695725501366
2171,wind,2030,11,11,11,-0.2453695725501366
2172,wind,2030,11,12,12,-0.2453695725501366
2173,wind,2030,11,13,13,-0.2453695725501366
2174,wind,2030,11,14,14,-0.2453695725501366
2175,wind,2030,11,15,15,-0.2453695725501366
2176,wind,2030,11,16,16,-0.2453695725501366
2177,wind,2030,11,17,17,-0.2453695725501366
2178,wind,2030,11,18,18,-0.2453695725501366
2179,wind,2030,11,19,19,-0.3476068944460269
2180,wind,2030,11,20,20,-0.3476068944460269
2181,wind,2030,11,21,21,-36.20964868504723
2182,wind,2030,11,22,22,-0.3476068944460269
2183,wind,2030,11,23,23,-0.3476068944460269
2184,wind,2030,11,24,24,-0.2453695725501366
2185,wind,2030,12,1,1,-0.11078567237200529
2186,wind,2030,12,2,2,-0.11078567237200529
2187,wind,2030,12,3,3,-0.11078567237200529
2188,wind,2030,12,4,4,-0.11078567237200529
2189,wind,2030,12,5,5,-0.11078567237200529
2190,wind,2030,12,6,6,-0.11078567237200529
2191,wind,2030,12,7,7,-0.11078567237200529
2192,wind,2030,12,8,8,-0.11078567237200529
2193,wind,2030,12,9,9,-0.11078567237200529
2194,wind,2030,12,10,10,-0.11078567237200529
2195,wind,2030,12,11,11,-0.11078567237200529
2196,wind,2030,12,12,12,-0.11078567237200529
2197,wind,2030,12,13,13,0.0
2198,wind,2030,12,14,14,0.0
2199,wind,2030,12,15,15,-0.11078567237200529
2200,wind,2030,12,16,16,-0.11078567237200529
2201,wind,2030,12,17,17,-0.11078567237200529
2202,wind,2030,12,18,18,-0.11078567237200529
2203,wind,2030,12,19,19,-0.11078567237200529
2204,wind,2030,12,20,20,-0.1569463691936742
2205,wind,2030,12,21,21,-0.1569463691936742
2206,wind,2030,12,22,22,-0.1569463691936742
2207,wind,2030,12,23,23,-0.11078567237200529
2208,wind,2030,12,24,24,-0.11078567237200529
2209,wind,2030,13,1,1,-0.09045112615600867
2210,wind,2030,13,2,2,-0.09045112615600867
2211,wind,2030,13,3,3,-0.09045112615600867
2212,wind,2030,13,4,4,-0.09045112615600867
2213,wind,2030,13,5,5,-0.09045112615600867
2214,wind,2030,13,6,6,-0.09045112615600867
2215,wind,2030,13,7,7,-0.09045112615600867
2216,wind,2030,13,8,8,-0.09045112615600867
2217,wind,2030,13,9,9,-0.09045112615600867
2218,wind,2030,13,10,10,-0.09045112615600867
2219,wind,2030,13,11,11,0.0
2220,wind,2030,13,12,12,0.0
2221,wind,2030,13,13,13,0.0
2222,wind,2030,13,14,14,0.0
2223,wind,2030,13,15,15,0.0
2224,wind,2030,13,16,16,-0.09045112615600867
2225,wind,2030,13,17,17,-0.09045112615600867
2226,wind,2030,13,18,18,-0.09045112615600867
2227,wind,2030,13,19,19,-0.12813909538767895
2228,wind,2030,13,20,20,-0.12813909538767895
2229,wind,2030,13,21,21,-0.12813909538767895
2230,wind,2030,13,22,22,-0.12813909538767895
2231,wind,2030,13,23,23,-0.12813909538767895
2232,wind,2030,13,24,24,-0.12813909538767895
2233,wind,2030,14,1,1,-0.972576164143817
2234,wind,2030,14,2,2,-0.972576164143817
2235,wind,2030,14,3,3,-0.972576164143817
2236,wind,2030,14,4,4,-0.972576164143817
2237,wind,2030,14,5,5,-0.972576164143817
2238,wind,2030,14,6,6,-0.972576164143817
2239,wind,2030,14,7,7,-0.972576164143817
2240,wind,2030,14,8,8,-0.972576164143817
2241,wind,2030,14,9,9,-0.972576164143817
2242,wind,2030,14,10,10,-0.972576164143817
2243,wind,2030,14,11,11,-0.972576164143817
2244,wind,2030,14,12,12,0.0
2245,wind,2030,14,13,13,0.0
2246,wind,2030,14,14,14,0.0
2247,wind,2030,14,15,15,-0.972576164143817
2248,wind,2030,14,16,16,-0.972576164143817
2249,wind,2030,14,17,17,-0.972576164143817
2250,wind,2030,14,18,18,-0.972576164143817
2251,wind,2030,14,19,19,-0.972576164143817
2252,wind,2030,14,20,20,-0.972576164143817
2253,wind,2030,14,21,21,-0.972576164143817
2254,wind,2030,14,22,22,-0.972576164143817
2255,wind,2030,14,23,23,-0.972576164143817
2256,wind,2030,14,24,24,-0.972576164143817
2257,wind,2030,15,1,1,-0.6755298194346696
2258,wind,2030,15,2,2,-0.6755298194346696
2259,wind,2030,15,3,3,-0.6755298194346696
2260,wind,2030,15,4,4,-0.6755298194346696
2261,wind,2030,15,5,5,-0.6755298194346696
2262,wind,2030,15,6,6,-0.6755298194346696
2263,wind,2030,15,7,7,-0.6755298194346696
2264,wind,2030,15,8,8,-0.6755298194346696
2265,wind,2030,15,9,9,-0.6755298194346696
2266,wind,2030,15,10,10,-0.6755298194346696
2267,wind,2030,15,11,11,-0.6755298194346696
2268,wind,2030,15,12,12,-0.6755298194346696
2269,wind,2030,15,13,13,-0.6755298194346696
2270,wind,2030,15,14,14,-0.6755298194346696
2271,wind,2030,15,15,15,-0.6755298194346696
2272,wind,2030,15,16,16,-0.6755298194346696
2273,wind,2030,15,17,17,-0.6755298194346696
2274,wind,2030,15,18,18,-0.6755298194346696
2275,wind,2030,15,19,19,-0.6755298194346696
2276,wind,2030,15,20,20,-0.6755298194346696
2277,wind,2030,15,21,21,-0.6755298194346696
2278,wind,2030,15,22,22,-0.6755298194346696
2279,wind,2030,15,23,23,-0.6755298194346696
2280,wind,2030,15,24,24,-0.6755298194346696
2281,wind,2030,16,1,1,-5.861192163927231
2282,wind,2030,16,2,2,-5.861192163927231
2283,wind,2030,16,3,3,-5.861192163927231
2284,wind,2030,16,4,4,-5.861192163927231
2285,wind,2030,16,5,5,-5.861192163927231
2286,wind,2030,16,6,6,-5.861192163927231
2287,wind,2030,16,7,7,-5.861192163927231
2288,wind,2030,16,8,8,-5.861192163927231
2289,wind,2030,16,9,9,-5.861192163927231
2290,wind,2030,16,10,10,-5.861192163927231
2291,wind,2030,16,11,11,-5.861192163927231
2292,wind,2030,16,12,12,-2.290833685675406
2293,wind,2030,16,13,13,0.0
2294,wind,2030,16,14,14,0.0
2295,wind,2030,16,15,15,-5.861192163927231
2296,wind,2030,16,16,16,-5.861192163927231
2297,wind,2030,16,17,17,-5.861192163927231
2298,wind,2030,16,18,18,-5.861192163927231
2299,wind,2030,16,19,19,-5.861192163927231
2300,wind,2030,16,20,20,-5.861192163927231
2301,wind,2030,16,21,21,-5.861192163927231
2302,wind,2030,16,22,22,-5.861192163927231
2303,wind,2030,16,23,23,-5.861192163927231
2304,wind,2030,16,24,24,-5.861192163927231
2305,wind,2030,17,1,1,-0.4434119487270639
2306,wind,2030,17,2,2,-0.4434119487270639
2307,wind,2030,17,3,3,-0.4434119487270639
2308,wind,2030,17,4,4,-0.4434119487270639
2309,wind,2030,17,5,5,-0.4434119487270639
2310,wind,2030,17,6,6,-0.4434119487270639
2311,wind,2030,17,7,7,-0.4434119487270639
2312,wind,2030,17,8,8,-0.4434119487270639
2313,wind,2030,17,9,9,-0.4434119487270639
2314,wind,2030,17,10,10,-0.4434119487270639
2315,wind,2030,17,11,11,0.0
2316,wind,2030,17,12,12,0.0
2317,wind,2030,17,13,13,0.0
2318,wind,2030,17,14,14,0.0
2319,wind,2030,17,15,15,0.0
2320,wind,2030,17,16,16,-0.4434119487270639
2321,wind,2030,17,17,17,-0.4434119487270639
2322,wind,2030,17,18,18,-0.4434119487270639
2323,wind,2030,17,19,19,-0.4434119487270639
2324,wind,2030,17,20,20,-0.6281669273633406
2325,wind,2030,17,21,21,-0.6281669273633406
2326,wind,2030,17,22,22,-0.4434119487270639
2327,wind,2030,17,23,23,-0.4434119487270639
2328,wind,2030,17,24,24,-0.4434119487270639
2329,wind,2030,18,1,1,-0.0933349983267593
2330,wind,2030,18,2,2,-0.0933349983267593
2331,wind,2030,18,3,3,-0.0933349983267593
2332,wind,2030,18,4,4,-0.0933349983267593
2333,wind,2030,18,5,5,-0.0933349983267593
2334,wind,2030,18,6,6,-0.0933349983267593
2335,wind,2030,18,7,7,-0.0933349983267593
2336,wind,2030,18,8,8,-0.0933349983267593
2337,wind,2030,18,9,9,-0.0933349983267593
2338,wind,2030,18,10,10,-0.0933349983267593
2339,wind,2030,18,11,11,0.0
2340,wind,2030,18,12,12,0.0
2341,wind,2030,18,13,13,0.0
2342,wind,2030,18,14,14,0.0
2343,wind,2030,18,15,15,0.0
2344,wind,2030,18,16,16,-0.0933349983267593
2345,wind,2030,18,17,17,-0.0933349983267593
2346,wind,2030,18,18,18,-0.0933349983267593
2347,wind,2030,18,19,19,-0.0933349983267593
2348,wind,2030,18,20,20,-0.13222458096290904
2349,wind,2030,18,21,21,-0.13222458096290904
2350,wind,2030,18,22,22,-0.0933349983267593
2351,wind,2030,18,23,23,-0.0933349983267593
2352,wind,2030,18,24,24,-0.0933349983267593
2353,wind,2030,19,1,1,-0.15349056986811058
2354,wind,2030,19,2,2,-0.15349056986811058
2355,wind,2030,19,3,3,-0.15349056986811058
2356,wind,2030,19,4,4,-0.15349056986811058
2357,wind,2030,19,5,5,-0.15349056986811058
2358,wind,2030,19,6,6,-0.15349056986811058
2359,wind,2030,19,7,7,-0.15349056986811058
2360,wind,2030,19,8,8,-0.15349056986811058
2361,wind,2030,19,9,9,-0.15349056986811058
2362,wind,2030,19,10,10,-0.15349056986811058
2363,wind,2030,19,11,11,0.0
2364,wind,2030,19,12,12,0.0
2365,wind,2030,19,13,13,-0.15349056986811058
2366,wind,2030,19,14,14,-0.15349056986811058
2367,wind,2030,19,15,15,-0.15349056986811058
2368,wind,2030,19,16,16,-0.15349056986811058
2369,wind,2030,19,17,17,-0.15349056986811058
2370,wind,2030,19,18,18,-0.15349056986811058
2371,wind,2030,19,19,19,-0.15349056986811058
2372,wind,2030,19,20,20,-0.15349056986811058
2373,wind,2030,19,21,21,-0.15349056986811058
2374,wind,2030,19,22,22,-0.15349056986811058
2375,wind,2030,19,23,23,-0.15349056986811058
2376,wind,2030,19,24,24,-0.15349056986811058
2377,wind,2030,20,1,1,-0.11385796449419994
2378,wind,2030,20,2,2,-0.11385796449419994
2379,wind,2030,20,3,3,-0.11385796449419994
2380,wind,2030,20,4,4,-0.11385796449419994
2381,wind,2030,20,5,5,-0.11385796449419994
2382,wind,2030,20,6,6,-0.11385796449419994
2383,wind,2030,20,7,7,-0.11385796449419994
2384,wind,2030,20,8,8,-0.11385796449419994
2385,wind,2030,20,9,9,-0.11385796449419994
2386,wind,2030,20,10,10,-0.11385796449419994
2387,wind,2030,20,11,11,-0.11385796449419994
2388,wind,2030,20,12,12,0.0
2389,wind,2030,20,13,13,0.0
2390,wind,2030,20,14,14,0.0
2391,wind,2030,20,15,15,-0.11385796449419994
2392,wind,2030,20,16,16,-0.11385796449419994
2393,wind,2030,20,17,17,-0.11385796449419994
2394,wind,2030,20,18,18,-0.11385796449419994
2395,wind,2030,20,19,19,-0.11385796449419994
2396,wind,2030,20,20,20,-0.1612987830334499
2397,wind,2030,20,21,21,-0.1612987830334499
2398,wind,2030,20,22,22,-0.1612987830334499
2399,wind,2030,20,23,23,-0.11385796449419994
2400,wind,2030,20,24,24,-0.11385796449419994
2401,wind_offshore,2030,1,1,1,-0.14892138623268888
2402,wind_offshore,2030,1,2,2,-0.14892138623268888
2403,wind_offshore,2030,1,3,3,-0.14892138623268888
2404,wind_offshore,2030,1,4,4,-0.14892138623268888
2405,wind_offshore,2030,1,5,5,-0.14892138623268888
2406,wind_offshore,2030,1,6,6,-0.14892138623268888
2407,wind_offshore,2030,1,7,7,-0.14892138623268888
2408,wind_offshore,2030,1,8,8,-0.14892138623268888
2409,wind_offshore,2030,1,9,9,-0.14892138623268888
2410,wind_offshore,2030,1,10,10,-0.14892138623268888
2411,wind_offshore,2030,1,11,11,-0.14892138623268888
2412,wind_offshore,2030,1,12,12,-0.14892138623268888
2413,wind_offshore,2030,1,13,13,-0.14892138623268888
2414,wind_offshore,2030,1,14,14,-0.14892138623268888
2415,wind_offshore,2030,1,15,15,-0.14892138623268888
2416,wind_offshore,2030,1,16,16,-0.14892138623268888
2417,wind_offshore,2030,1,17,17,-0.14892138623268888
2418,wind_offshore,2030,1,18,18,-0.14892138623268888
2419,wind_offshore,2030,1,19,19,-0.14892138623268888
2420,wind_offshore,2030,1,20,20,-0.21366981502951016
2421,wind_offshore,2030,1,21,21,-0.21366981502951016
2422,wind_offshore,2030,1,22,22,-0.14892138623268888
2423,wind_offshore,2030,1,23,23,-0.14892138623268888
2424,wind_offshore,2030,1,24,24,-0.14892138623268888
2425,wind_offshore,2030,2,1,1,-0.19014799795340412
2426,wind_offshore,2030,2,2,2,-0.19014799795340412
2427,wind_offshore,2030,2,3,3,-0.19014799795340412
2428,wind_offshore,2030,2,4,4,-0.19014799795340412
2429,wind_offshore,2030,2,5,5,-0.19014799795340412
2430,wind_offshore,2030,2,6,6,-0.19014799795340412
2431,wind_offshore,2030,2,7,7,-0.19014799795340412
2432,wind_offshore,2030,2,8,8,-0.19014799795340412
2433,wind_offshore,2030,2,9,9,-0.19014799795340412
2434,wind_offshore,2030,2,10,10,-0.19014799795340412
2435,wind_offshore,2030,2,11,11,-0.19014799795340412
2436,wind_offshore,2030,2,12,12,-0.19014799795340412
2437,wind_offshore,2030,2,13,13,-0.19014799795340412
2438,wind_offshore,2030,2,14,14,-0.19014799795340412
2439,wind_offshore,2030,2,15,15,-0.19014799795340412
2440,wind_offshore,2030,2,16,16,-0.19014799795340412
2441,wind_offshore,2030,2,17,17,-0.19014799795340412
2442,wind_offshore,2030,2,18,18,-0.19014799795340412
2443,wind_offshore,2030,2,19,19,-0.27282104054184075
2444,wind_offshore,2030,2,20,20,-0.27282104054184075
2445,wind_offshore,2030,2,21,21,-0.27282104054184075
2446,wind_offshore,2030,2,22,22,-0.27282104054184075
2447,wind_offshore,2030,2,23,23,-0.19014799795340412
2448,wind_offshore,2030,2,24,24,-0.19014799795340412
2449,wind_offshore,2030,3,1,1,-0.19006601431189785
2450,wind_offshore,2030,3,2,2,-0.19006601431189785
2451,wind_offshore,2030,3,3,3,-0.19006601431189785
2452,wind_offshore,2030,3,4,4,-0.19006601431189785
2453,wind_offshore,2030,3,5,5,-0.19006601431189785
2454,wind_offshore,2030,3,6,6,-0.19006601431189785
2455,wind_offshore,2030,3,7,7,-0.19006601431189785
2456,wind_offshore,2030,3,8,8,-0.19006601431189785
2457,wind_offshore,2030,3,9,9,-0.19006601431189785
2458,wind_offshore,2030,3,10,10,-0.19006601431189785
2459,wind_offshore,2030,3,11,11,-0.19006601431189785
2460,wind_offshore,2030,3,12,12,-0.19006601431189785
2461,wind_offshore,2030,3,13,13,-0.19006601431189785
2462,wind_offshore,2030,3,14,14,-0.19006601431189785
2463,wind_offshore,2030,3,15,15,-0.19006601431189785
2464,wind_offshore,2030,3,16,16,-0.19006601431189785
2465,wind_offshore,2030,3,17,17,-0.19006601431189785
2466,wind_offshore,2030,3,18,18,-0.19006601431189785
2467,wind_offshore,2030,3,19,19,-0.27270341183881
2468,wind_offshore,2030,3,20,20,-0.27270341183881
2469,wind_offshore,2030,3,21,21,-0.27270341183881
2470,wind_offshore,2030,3,22,22,-0.19006601431189785
2471,wind_offshore,2030,3,23,23,-0.19006601431189785
2472,wind_offshore,2030,3,24,24,-0.19006601431189785
2473,wind_offshore,2030,4,1,1,-0.03885867434162549
2474,wind_offshore,2030,4,2,2,-0.03885867434162549
2475,wind_offshore,2030,4,3,3,-0.03885867434162549
2476,wind_offshore,2030,4,4,4,-0.03885867434162549
2477,wind_offshore,2030,4,5,5,-0.03885867434162549
2478,wind_offshore,2030,4,6,6,-0.03885867434162549
2479,wind_offshore,2030,4,7,7,-0.03885867434162549
2480,wind_offshore,2030,4,8,8,-0.03885867434162549
2481,wind_offshore,2030,4,9,9,-0.03885867434162549
2482,wind_offshore,2030,4,10,10,-0.03885867434162549
2483,wind_offshore,2030,4,11,11,-0.03885867434162549
2484,wind_offshore,2030,4,12,12,-0.03885867434162549
2485,wind_offshore,2030,4,13,13,-0.03885867434162549
2486,wind_offshore,2030,4,14,14,-0.03885867434162549
2487,wind_offshore,2030,4,15,15,-0.03885867434162549
2488,wind_offshore,2030,4,16,16,-0.03885867434162549
2489,wind_offshore,2030,4,17,17,-0.05575375014233222
2490,wind_offshore,2030,4,18,18,-0.05575375014233222
2491,wind_offshore,2030,4,19,19,-16.89169678554659
2492,wind_offshore,2030,4,20,20,-16.89169678554659
2493,wind_offshore,2030,4,21,21,-16.89169678554659
2494,wind_offshore,2030,4,22,22,-16.89169678554659
2495,wind_offshore,2030,4,23,23,-0.05575375014233222
2496,wind_offshore,2030,4,24,24,-0.05575375014233222
2497,wind_offshore,2030,5,1,1,-0.33133569055392786
2498,wind_offshore,2030,5,2,2,-0.33133569055392786
2499,wind_offshore,2030,5,3,3,-0.33133569055392786
2500,wind_offshore,2030,5,4,4,-0.33133569055392786
2501,wind_offshore,2030,5,5,5,-0.33133569055392786
2502,wind_offshore,2030,5,6,6,-0.33133569055392786
2503,wind_offshore,2030,5,7,7,-0.33133569055392786
2504,wind_offshore,2030,5,8,8,-0.33133569055392786
2505,wind_offshore,2030,5,9,9,-0.33133569055392786
2506,wind_offshore,2030,5,10,10,-0.33133569055392786
2507,wind_offshore,2030,5,11,11,-0.33133569055392786
2508,wind_offshore,2030,5,12,12,-0.33133569055392786
2509,wind_offshore,2030,5,13,13,-0.33133569055392786
2510,wind_offshore,2030,5,14,14,-0.33133569055392786
2511,wind_offshore,2030,5,15,15,-0.33133569055392786
2512,wind_offshore,2030,5,16,16,-0.33133569055392786
2513,wind_offshore,2030,5,17,17,-0.33133569055392786
2514,wind_offshore,2030,5,18,18,-0.33133569055392786
2515,wind_offshore,2030,5,19,19,-0.33133569055392786
2516,wind_offshore,2030,5,20,20,-0.47539468644694005
2517,wind_offshore,2030,5,21,21,-0.47539468644694005
2518,wind_offshore,2030,5,22,22,-0.33133569055392786
2519,wind_offshore,2030,5,23,23,-0.33133569055392786
2520,wind_offshore,2030,5,24,24,-0.33133569055392786
2521,wind_offshore,2030,6,1,1,-0.8918870046974107
2522,wind_offshore,2030,6,2,2,-0.8918870046974107
2523,wind_offshore,2030,6,3,3,-0.8918870046974107
2524,wind_offshore,2030,6,4,4,-0.8918870046974107
2525,wind_offshore,2030,6,5,5,-0.8918870046974107
2526,wind_offshore,2030,6,6,6,-0.8918870046974107
2527,wind_offshore,2030,6,7,7,-0.8918870046974107
2528,wind_offshore,2030,6,8,8,-0.8918870046974107
2529,wind_offshore,2030,6,9,9,-0.8918870046974107
2530,wind_offshore,2030,6,10,10,-0.8918870046974107
2531,wind_offshore,2030,6,11,11,-0.8918870046974107
2532,wind_offshore,2030,6,12,12,-0.8918870046974107
2533,wind_offshore,2030,6,13,13,-0.8918870046974107
2534,wind_offshore,2030,6,14,14,-0.8918870046974107
2535,wind_offshore,2030,6,15,15,-0.8918870046974107
2536,wind_offshore,2030,6,16,16,-0.8918870046974107
2537,wind_offshore,2030,6,17,17,-0.8918870046974107
2538,wind_offshore,2030,6,18,18,-0.8918870046974107
2539,wind_offshore,2030,6,19,19,-0.8918870046974107
2540,wind_offshore,2030,6,20,20,-0.8918870046974107
2541,wind_offshore,2030,6,21,21,-0.8918870046974107
2542,wind_offshore,2030,6,22,22,-0.8918870046974107
2543,wind_offshore,2030,6,23,23,-0.8918870046974107
2544,wind_offshore,2030,6,24,24,-0.8918870046974107
2545,wind_offshore,2030,7,1,1,-0.8017712731803642
2546,wind_offshore,2030,7,2,2,-0.8017712731803642
2547,wind_offshore,2030,7,3,3,-0.8017712731803642
2548,wind_offshore,2030,7,4,4,-0.8017712731803642
2549,wind_offshore,2030,7,5,5,-0.8017712731803642
2550,wind_offshore,2030,7,6,6,-0.8017712731803642
2551,wind_offshore,2030,7,7,7,-0.8017712731803642
2552,wind_offshore,2030,7,8,8,-0.8017712731803642
2553,wind_offshore,2030,7,9,9,-0.8017712731803642
2554,wind_offshore,2030,7,10,10,-0.8017712731803642
2555,wind_offshore,2030,7,11,11,-0.8017712731803642
2556,wind_offshore,2030,7,12,12,-0.8017712731803642
2557,wind_offshore,2030,7,13,13,-0.8017712731803642
2558,wind_offshore,2030,7,14,14,-0.8017712731803642
2559,wind_offshore,2030,7,15,15,-0.8017712731803642
2560,wind_offshore,2030,7,16,16,-0.8017712731803642
2561,wind_offshore,2030,7,17,17,-0.8017712731803642
2562,wind_offshore,2030,7,18,18,-0.8017712731803642
2563,wind_offshore,2030,7,19,19,-0.8017712731803642
2564,wind_offshore,2030,7,20,20,-0.8017712731803642
2565,wind_offshore,2030,7,21,21,-0.8017712731803642
2566,wind_offshore,2030,7,22,22,-0.8017712731803642
2567,wind_offshore,2030,7,23,23,-0.8017712731803642
2568,wind_offshore,2030,7,24,24,-0.8017712731803642
2569,wind_offshore,2030,8,1,1,-4.468824110638184
2570,wind_offshore,2030,8,2,2,-4.468824110638184
2571,wind_offshore,2030,8,3,3,-4.468824110638184
2572,wind_offshore,2030,8,4,4,-4.468824110638184
2573,wind_offshore,2030,8,5,5,-4.468824110638184
2574,wind_offshore,2030,8,6,6,-4.468824110638184
2575,wind_offshore,2030,8,7,7,-4.468824110638184
2576,wind_offshore,2030,8,8,8,-4.468824110638184
2577,wind_offshore,2030,8,9,9,-4.468824110638184
2578,wind_offshore,2030,8,10,10,-4.468824110638184
2579,wind_offshore,2030,8,11,11,-4.468824110638184
2580,wind_offshore,2030,8,12,12,-4.468824110638184
2581,wind_offshore,2030,8,13,13,-4.468824110638184
2582,wind_offshore,2030,8,14,14,-4.468824110638184
2583,wind_offshore,2030,8,15,15,-4.468824110638184
2584,wind_offshore,2030,8,16,16,-4.468824110638184
2585,wind_offshore,2030,8,17,17,-4.468824110638184
2586,wind_offshore,2030,8,18,18,-4.468824110638184
2587,wind_offshore,2030,8,19,19,-4.468824110638184
2588,wind_offshore,2030,8,20,20,-6.4117911152634814
2589,wind_offshore,2030,8,21,21,-5.371483650030894
2590,wind_offshore,2030,8,22,22,-4.468824110638184
2591,wind_offshore,2030,8,23,23,-4.468824110638184
2592,wind_offshore,2030,8,24,24,-4.468824110638184
2593,wind_offshore,2030,9,1,1,-0.23887477007956423
2594,wind_offshore,2030,9,2,2,-0.23887477007956423
2595,wind_offshore,2030,9,3,3,-0.23887477007956423
2596,wind_offshore,2030,9,4,4,-0.23887477007956423
2597,wind_offshore,2030,9,5,5,-0.23887477007956423
2598,wind_offshore,2030,9,6,6,-0.23887477007956423
2599,wind_offshore,2030,9,7,7,-0.23887477007956423
2600,wind_offshore,2030,9,8,8,-0.23887477007956423
2601,wind_offshore,2030,9,9,9,-0.23887477007956423
2602,wind_offshore,2030,9,10,10,-0.23887477007956423
2603,wind_offshore,2030,9,11,11,-0.23887477007956423
2604,wind_offshore,2030,9,12,12,-0.23887477007956423
2605,wind_offshore,2030,9,13,13,-0.23887477007956423
2606,wind_offshore,2030,9,14,14,-0.23887477007956423
2607,wind_offshore,2030,9,15,15,-0.23887477007956423
2608,wind_offshore,2030,9,16,16,-0.23887477007956423
2609,wind_offshore,2030,9,17,17,-0.23887477007956423
2610,wind_offshore,2030,9,18,18,-0.23887477007956423
2611,wind_offshore,2030,9,19,19,-0.34273336576633123
2612,wind_offshore,2030,9,20,20,-0.34273336576633123
2613,wind_offshore,2030,9,21,21,-0.34273336576633123
2614,wind_offshore,2030,9,22,22,-0.34273336576633123
2615,wind_offshore,2030,9,23,23,-0.23887477007956423
2616,wind_offshore,2030,9,24,24,-0.23887477007956423
2617,wind_offshore,2030,10,1,1,-1.0943130780109336
2618,wind_offshore,2030,10,2,2,-1.0943130780109336
2619,wind_offshore,2030,10,3,3,-1.0943130780109336
2620,wind_offshore,2030,10,4,4,-1.0943130780109336
2621,wind_offshore,2030,10,5,5,-1.0943130780109336
2622,wind_offshore,2030,10,6,6,-1.0943130780109336
2623,wind_offshore,2030,10,7,7,-1.0943130780109336
2624,wind_offshore,2030,10,8,8,-1.0943130780109336
2625,wind_offshore,2030,10,9,9,-1.0943130780109336
2626,wind_offshore,2030,10,10,10,-1.0943130780109336
2627,wind_offshore,2030,10,11,11,-1.0943130780109336
2628,wind_offshore,2030,10,12,12,-1.0943130780109336
2629,wind_offshore,2030,10,13,13,-1.0943130780109336
2630,wind_offshore,2030,10,14,14,-1.0943130780109336
2631,wind_offshore,2030,10,15,15,-1.0943130780109336
2632,wind_offshore,2030,10,16,16,-1.0943130780109336
2633,wind_offshore,2030,10,17,17,-1.0943130780109336
2634,wind_offshore,2030,10,18,18,-1.0943130780109336
2635,wind_offshore,2030,10,19,19,-1.0943130780109336
2636,wind_offshore,2030,10,20,20,-1.0943130780109336
2637,wind_offshore,2030,10,21,21,-1.0943130780109336
2638,wind_offshore,2030,10,22,22,-1.0943130780109336
2639,wind_offshore,2030,10,23,23,-1.0943130780109336
2640,wind_offshore,2030,10,24,24,-1.0943130780109336
2641,wind_offshore,2030,11,1,1,-0.2351458403605476
2642,wind_offshore,2030,11,2,2,-0.2351458403605476
2643,wind_offshore,2030,11,3,3,-0.2351458403605476
2644,wind_offshore,2030,11,4,4,-0.2351458403605476
2645,wind_offshore,2030,11,5,5,-0.2351458403605476
2646,wind_offshore,2030,11,6,6,-0.2351458403605476
2647,wind_offshore,2030,11,7,7,-0.2351458403605476
2648,wind_offshore,2030,11,8,8,-0.2351458403605476
2649,wind_offshore,2030,11,9,9,-0.2351458403605476
2650,wind_offshore,2030,11,10,10,-0.2351458403605476
2651,wind_offshore,2030,11,11,11,-0.2351458403605476
2652,wind_offshore,2030,11,12,12,-0.2351458403605476
2653,wind_offshore,2030,11,13,13,-0.2351458403605476
2654,wind_offshore,2030,11,14,14,-0.2351458403605476
2655,wind_offshore,2030,11,15,15,-0.2351458403605476
2656,wind_offshore,2030,11,16,16,-0.2351458403605476
2657,wind_offshore,2030,11,17,17,-0.2351458403605476
2658,wind_offshore,2030,11,18,18,-0.2351458403605476
2659,wind_offshore,2030,11,19,19,-0.3373831622564379
2660,wind_offshore,2030,11,20,20,-0.3373831622564379
2661,wind_offshore,2030,11,21,21,-36.19942495285763
2662,wind_offshore,2030,11,22,22,-0.3373831622564379
2663,wind_offshore,2030,11,23,23,-0.3373831622564379
2664,wind_offshore,2030,11,24,24,-0.2351458403605476
2665,wind_offshore,2030,12,1,1,-0.10616960268983841
2666,wind_offshore,2030,12,2,2,-0.10616960268983841
2667,wind_offshore,2030,12,3,3,-0.10616960268983841
2668,wind_offshore,2030,12,4,4,-0.10616960268983841
2669,wind_offshore,2030,12,5,5,-0.10616960268983841
2670,wind_offshore,2030,12,6,6,-0.10616960268983841
2671,wind_offshore,2030,12,7,7,-0.10616960268983841
2672,wind_offshore,2030,12,8,8,-0.10616960268983841
2673,wind_offshore,2030,12,9,9,-0.10616960268983841
2674,wind_offshore,2030,12,10,10,-0.10616960268983841
2675,wind_offshore,2030,12,11,11,-0.10616960268983841
2676,wind_offshore,2030,12,12,12,-0.10616960268983841
2677,wind_offshore,2030,12,13,13,0.0
2678,wind_offshore,2030,12,14,14,0.0
2679,wind_offshore,2030,12,15,15,-0.10616960268983841
2680,wind_offshore,2030,12,16,16,-0.10616960268983841
2681,wind_offshore,2030,12,17,17,-0.10616960268983841
2682,wind_offshore,2030,12,18,18,-0.10616960268983841
2683,wind_offshore,2030,12,19,19,-0.10616960268983841
2684,wind_offshore,2030,12,20,20,-0.15233029951150728
2685,wind_offshore,2030,12,21,21,-0.15233029951150728
2686,wind_offshore,2030,12,22,22,-0.15233029951150728
2687,wind_offshore,2030,12,23,23,-0.10616960268983841
2688,wind_offshore,2030,12,24,24,-0.10616960268983841
2689,wind_offshore,2030,13,1,1,-0.08668232923284165
2690,wind_offshore,2030,13,2,2,-0.08668232923284165
2691,wind_offshore,2030,13,3,3,-0.08668232923284165
2692,wind_offshore,2030,13,4,4,-0.08668232923284165
2693,wind_offshore,2030,13,5,5,-0.08668232923284165
2694,wind_offshore,2030,13,6,6,-0.08668232923284165
2695,wind_offshore,2030,13,7,7,-0.08668232923284165
2696,wind_offshore,2030,13,8,8,-0.08668232923284165
2697,wind_offshore,2030,13,9,9,-0.08668232923284165
2698,wind_offshore,2030,13,10,10,-0.08668232923284165
2699,wind_offshore,2030,13,11,11,0.0
2700,wind_offshore,2030,13,12,12,0.0
2701,wind_offshore,2030,13,13,13,0.0
2702,wind_offshore,2030,13,14,14,0.0
2703,wind_offshore,2030,13,15,15,0.0
2704,wind_offshore,2030,13,16,16,-0.08668232923284165
2705,wind_offshore,2030,13,17,17,-0.08668232923284165
2706,wind_offshore,2030,13,18,18,-0.08668232923284165
2707,wind_offshore,2030,13,19,19,-0.12437029846451193
2708,wind_offshore,2030,13,20,20,-0.12437029846451193
2709,wind_offshore,2030,13,21,21,-0.12437029846451193
2710,wind_offshore,2030,13,22,22,-0.12437029846451193
2711,wind_offshore,2030,13,23,23,-0.12437029846451193
2712,wind_offshore,2030,13,24,24,-0.12437029846451193
2713,wind_offshore,2030,14,1,1,-0.9320521573044912
2714,wind_offshore,2030,14,2,2,-0.9320521573044912
2715,wind_offshore,2030,14,3,3,-0.9320521573044912
2716,wind_offshore,2030,14,4,4,-0.9320521573044912
2717,wind_offshore,2030,14,5,5,-0.9320521573044912
2718,wind_offshore,2030,14,6,6,-0.9320521573044912
2719,wind_offshore,2030,14,7,7,-0.9320521573044912
2720,wind_offshore,2030,14,8,8,-0.9320521573044912
2721,wind_offshore,2030,14,9,9,-0.9320521573044912
2722,wind_offshore,2030,14,10,10,-0.9320521573044912
2723,wind_offshore,2030,14,11,11,-0.9320521573044912
2724,wind_offshore,2030,14,12,12,0.0
2725,wind_offshore,2030,14,13,13,0.0
2726,wind_offshore,2030,14,14,14,0.0
2727,wind_offshore,2030,14,15,15,-0.9320521573044912
2728,wind_offshore,2030,14,16,16,-0.9320521573044912
2729,wind_offshore,2030,14,17,17,-0.9320521573044912
2730,wind_offshore,2030,14,18,18,-0.9320521573044912
2731,wind_offshore,2030,14,19,19,-0.9320521573044912
2732,wind_offshore,2030,14,20,20,-0.9320521573044912
2733,wind_offshore,2030,14,21,21,-0.9320521573044912
2734,wind_offshore,2030,14,22,22,-0.9320521573044912
2735,wind_offshore,2030,14,23,23,-0.9320521573044912
2736,wind_offshore,2030,14,24,24,-0.9320521573044912
2737,wind_offshore,2030,15,1,1,-0.6473827436248918
2738,wind_offshore,2030,15,2,2,-0.6473827436248918
2739,wind_offshore,2030,15,3,3,-0.6473827436248918
2740,wind_offshore,2030,15,4,4,-0.6473827436248918
2741,wind_offshore,2030,15,5,5,-0.6473827436248918
2742,wind_offshore,2030,15,6,6,-0.6473827436248918
2743,wind_offshore,2030,15,7,7,-0.6473827436248918
2744,wind_offshore,2030,15,8,8,-0.6473827436248918
2745,wind_offshore,2030,15,9,9,-0.6473827436248918
2746,wind_offshore,2030,15,10,10,-0.6473827436248918
2747,wind_offshore,2030,15,11,11,-0.6473827436248918
2748,wind_offshore,2030,15,12,12,-0.6473827436248918
2749,wind_offshore,2030,15,13,13,-0.6473827436248918
2750,wind_offshore,2030,15,14,14,-0.6473827436248918
2751,wind_offshore,2030,15,15,15,-0.6473827436248918
2752,wind_offshore,2030,15,16,16,-0.6473827436248918
2753,wind_offshore,2030,15,17,17,-0.6473827436248918
2754,wind_offshore,2030,15,18,18,-0.6473827436248918
2755,wind_offshore,2030,15,19,19,-0.6473827436248918
2756,wind_offshore,2030,15,20,20,-0.6473827436248918
2757,wind_offshore,2030,15,21,21,-0.6473827436248918
2758,wind_offshore,2030,15,22,22,-0.6473827436248918
2759,wind_offshore,2030,15,23,23,-0.6473827436248918
2760,wind_offshore,2030,15,24,24,-0.6473827436248918
2761,wind_offshore,2030,16,1,1,-5.616975823763596
2762,wind_offshore,2030,16,2,2,-5.616975823763596
2763,wind_offshore,2030,16,3,3,-5.616975823763596
2764,wind_offshore,2030,16,4,4,-5.616975823763596
2765,wind_offshore,2030,16,5,5,-5.616975823763596
2766,wind_offshore,2030,16,6,6,-5.616975823763596
2767,wind_offshore,2030,16,7,7,-5.616975823763596
2768,wind_offshore,2030,16,8,8,-5.616975823763596
2769,wind_offshore,2030,16,9,9,-5.616975823763596
2770,wind_offshore,2030,16,10,10,-5.616975823763596
2771,wind_offshore,2030,16,11,11,-5.616975823763596
2772,wind_offshore,2030,16,12,12,-2.0466173455117715
2773,wind_offshore,2030,16,13,13,0.0
2774,wind_offshore,2030,16,14,14,0.0
2775,wind_offshore,2030,16,15,15,-5.616975823763596
2776,wind_offshore,2030,16,16,16,-5.616975823763596
2777,wind_offshore,2030,16,17,17,-5.616975823763596
2778,wind_offshore,2030,16,18,18,-5.616975823763596
2779,wind_offshore,2030,16,19,19,-5.616975823763596
2780,wind_offshore,2030,16,20,20,-5.616975823763596
2781,wind_offshore,2030,16,21,21,-5.616975823763596
2782,wind_offshore,2030,16,22,22,-5.616975823763596
2783,wind_offshore,2030,16,23,23,-5.616975823763596
2784,wind_offshore,2030,16,24,24,-5.616975823763596
2785,wind_offshore,2030,17,1,1,-0.42493645086343623
2786,wind_offshore,2030,17,2,2,-0.42493645086343623
2787,wind_offshore,2030,17,3,3,-0.42493645086343623
2788,wind_offshore,2030,17,4,4,-0.42493645086343623
2789,wind_offshore,2030,17,5,5,-0.42493645086343623
2790,wind_offshore,2030,17,6,6,-0.42493645086343623
2791,wind_offshore,2030,17,7,7,-0.42493645086343623
2792,wind_offshore,2030,17,8,8,-0.42493645086343623
2793,wind_offshore,2030,17,9,9,-0.42493645086343623
2794,wind_offshore,2030,17,10,10,-0.42493645086343623
2795,wind_offshore,2030,17,11,11,0.0
2796,wind_offshore,2030,17,12,12,0.0
2797,wind_offshore,2030,17,13,13,0.0
2798,wind_offshore,2030,17,14,14,0.0
2799,wind_offshore,2030,17,15,15,0.0
2800,wind_offshore,2030,17,16,16,-0.42493645086343623
2801,wind_offshore,2030,17,17,17,-0.42493645086343623
2802,wind_offshore,2030,17,18,18,-0.42493645086343623
2803,wind_offshore,2030,17,19,19,-0.42493645086343623
2804,wind_offshore,2030,17,20,20,-0.6096914294997129
2805,wind_offshore,2030,17,21,21,-0.6096914294997129
2806,wind_offshore,2030,17,22,22,-0.42493645086343623
2807,wind_offshore,2030,17,23,23,-0.42493645086343623
2808,wind_offshore,2030,17,24,24,-0.42493645086343623
2809,wind_offshore,2030,18,1,1,-0.08944604006314434
2810,wind_offshore,2030,18,2,2,-0.08944604006314434
2811,wind_offshore,2030,18,3,3,-0.08944604006314434
2812,wind_offshore,2030,18,4,4,-0.08944604006314434
2813,wind_offshore,2030,18,5,5,-0.08944604006314434
2814,wind_offshore,2030,18,6,6,-0.08944604006314434
2815,wind_offshore,2030,18,7,7,-0.08944604006314434
2816,wind_offshore,2030,18,8,8,-0.08944604006314434
2817,wind_offshore,2030,18,9,9,-0.08944604006314434
2818,wind_offshore,2030,18,10,10,-0.08944604006314434
2819,wind_offshore,2030,18,11,11,0.0
2820,wind_offshore,2030,18,12,12,0.0
2821,wind_offshore,2030,18,13,13,0.0
2822,wind_offshore,2030,18,14,14,0.0
2823,wind_offshore,2030,18,15,15,0.0
2824,wind_offshore,2030,18,16,16,-0.08944604006314434
2825,wind_offshore,2030,18,17,17,-0.08944604006314434
2826,wind_offshore,2030,18,18,18,-0.08944604006314434
2827,wind_offshore,2030,18,19,19,-0.08944604006314434
2828,wind_offshore,2030,18,20,20,-0.12833562269929405
2829,wind_offshore,2030,18,21,21,-0.12833562269929405
2830,wind_offshore,2030,18,22,22,-0.08944604006314434
2831,wind_offshore,2030,18,23,23,-0.08944604006314434
2832,wind_offshore,2030,18,24,24,-0.08944604006314434
2833,wind_offshore,2030,19,1,1,-0.14709512945693928
2834,wind_offshore,2030,19,2,2,-0.14709512945693928
2835,wind_offshore,2030,19,3,3,-0.14709512945693928
2836,wind_offshore,2030,19,4,4,-0.14709512945693928
2837,wind_offshore,2030,19,5,5,-0.14709512945693928
2838,wind_offshore,2030,19,6,6,-0.14709512945693928
2839,wind_offshore,2030,19,7,7,-0.14709512945693928
2840,wind_offshore,2030,19,8,8,-0.14709512945693928
2841,wind_offshore,2030,19,9,9,-0.14709512945693928
2842,wind_offshore,2030,19,10,10,-0.14709512945693928
2843,wind_offshore,2030,19,11,11,0.0
2844,wind_offshore,2030,19,12,12,0.0
2845,wind_offshore,2030,19,13,13,-0.14709512945693928
2846,wind_offshore,2030,19,14,14,-0.14709512945693928
2847,wind_offshore,2030,19,15,15,-0.14709512945693928
2848,wind_offshore,2030,19,16,16,-0.14709512945693928
2849,wind_offshore,2030,19,17,17,-0.14709512945693928
2850,wind_offshore,2030,19,18,18,-0.14709512945693928
2851,wind_offshore,2030,19,19,19,-0.14709512945693928
2852,wind_offshore,2030,19,20,20,-0.14709512945693928
2853,wind_offshore,2030,19,21,21,-0.14709512945693928
2854,wind_offshore,2030,19,22,22,-0.14709512945693928
2855,wind_offshore,2030,19,23,23,-0.14709512945693928
2856,wind_offshore,2030,19,24,24,-0.14709512945693928
2857,wind_offshore,2030,20,1,1,-0.10911388264027494
2858,wind_offshore,2030,20,2,2,-0.10911388264027494
2859,wind_offshore,2030,20,3,3,-0.10911388264027494
2860,wind_offshore,2030,20,4,4,-0.10911388264027494
2861,wind_offshore,2030,20,5,5,-0.10911388264027494
2862,wind_offshore,2030,20,6,6,-0.10911388264027494
2863,wind_offshore,2030,20,7,7,-0.10911388264027494
2864,wind_offshore,2030,20,8,8,-0.10911388264027494
2865,wind_offshore,2030,20,9,9,-0.10911388264027494
2866,wind_offshore,2030,20,10,10,-0.10911388264027494
2867,wind_offshore,2030,20,11,11,-0.10911388264027494
2868,wind_offshore,2030,20,12,12,0.0
2869,wind_offshore,2030,20,13,13,0.0
2870,wind_offshore,2030,20,14,14,0.0
2871,wind_offshore,2030,20,15,15,-0.10911388264027494
2872,wind_offshore,2030,20,16,16,-0.10911388264027494
2873,wind_offshore,2030,20,17,17,-0.10911388264027494
2874,wind_offshore,2030,20,18,18,-0.10911388264027494
2875,wind_offshore,2030,20,19,19,-0.10911388264027494
2876,wind_offshore,2030,20,20,20,-0.1565547011795249
2877,wind_offshore,2030,20,21,21,-0.1565547011795249
2878,wind_offshore,2030,20,22,22,-0.1565547011795249
2879,wind_offshore,2030,20,23,23,-0.10911388264027494
2880,wind_offshore,2030,20,24,24,-0.10911388264027494
