DAY,WS01,WS02,WS03,WS04,WS05,WS06,WS07,WS08,WS09,WS10,WS11,WS12,WS13,WS14,WS15,WS16,WS17,WS18,WS19,WS20,WS21,WS22,WS23,WS24,WS25,WS26,WS27,WS28,WS29,WS30,WS31,WS32,WS33,WS34,WS35,WS36
1,22496.0,22740.0,24323.0,12827.0,22570.0,12289.0,14051.0,17773.0,14966.0,14389.0,13955.0,18003.0,21695.0,16080.0,23546.0,25671.0,21170.0,22953.0,14183.0,15636.0,16387.0,20269.0,19077.0,20819.0,13935.0,22245.0,16572.0,13602.0,13999.0,20363.0,20217.0,14066.0,12027.0,14064.0,11838.0,20695.0
2,22496.0,22740.0,24323.0,12827.0,22570.0,12289.0,14051.0,17773.0,14966.0,14436.0,13955.0,18003.0,21695.0,16080.0,23546.0,25671.0,21170.0,22953.0,14183.0,15636.0,16387.0,19800.0,19077.0,20819.0,13935.0,22245.0,16572.0,13602.0,13999.0,20363.0,20217.0,14066.0,12027.0,13553.0,11838.0,20695.0
3,22496.0,22740.0,24323.0,13018.0,22570.0,12289.0,14051.0,17773.0,19622.0,14436.0,13955.0,18003.0,21695.0,16080.0,23546.0,25366.0,21170.0,22953.0,14183.0,15636.0,19678.0,19800.0,19077.0,20819.0,13935.0,22245.0,16572.0,16221.0,13999.0,20363.0,20217.0,14066.0,13552.0,13553.0,11838.0,20695.0
4,22496.0,22740.0,24686.0,13018.0,22570.0,12289.0,14051.0,17773.0,19622.0,14436.0,13955.0,18003.0,21695.0,16080.0,23453.0,25366.0,21170.0,22953.0,14183.0,15636.0,19678.0,19800.0,19077.0,20819.0,13935.0,22245.0,15796.0,16221.0,13999.0,20363.0,20217.0,14066.0,13552.0,13553.0,11838.0,20695.0
5,22496.0,23477.0,24686.0,13018.0,22570.0,12289.0,14051.0,23256.0,19622.0,14436.0,13955.0,18003.0,21695.0,15418.0,23453.0,25366.0,21170.0,22953.0,14183.0,15131.0,19678.0,19800.0,19077.0,20819.0,13935.0,21013.0,15796.0,16221.0,13999.0,20363.0,20217.0,14059.0,13552.0,13553.0,11838.0,20695.0
6,21704.0,23477.0,24686.0,13018.0,22570.0,12289.0,14115.0,23256.0,19622.0,14436.0,13955.0,18003.0,21117.0,15418.0,23453.0,25366.0,21170.0,22953.0,15436.0,15131.0,19678.0,19800.0,19077.0,20819.0,13999.0,21013.0,15796.0,16221.0,13999.0,20363.0,18186.0,14059.0,13552.0,13553.0,11838.0,20695.0
7,21704.0,23477.0,24686.0,13018.0,22570.0,13082.0,14115.0,23256.0,19622.0,14436.0,13955.0,18209.0,21117.0,15418.0,23453.0,25366.0,21170.0,22131.0,15436.0,15131.0,19678.0,19800.0,19077.0,22718.0,13999.0,21013.0,15796.0,16221.0,13999.0,21215.0,18186.0,14059.0,13552.0,13553.0,11838.0,20867.0
8,21704.0,23477.0,24686.0,13018.0,23084.0,13082.0,14115.0,23256.0,19622.0,14436.0,19391.0,18209.0,21117.0,15418.0,23453.0,25366.0,20566.0,22131.0,15436.0,15131.0,19678.0,19800.0,18774.0,22718.0,13999.0,21013.0,15796.0,16221.0,22333.0,21215.0,18186.0,14059.0,13552.0,13553.0,12416.0,20867.0
9,21704.0,23477.0,24686.0,13018.0,23084.0,13082.0,14115.0,23256.0,19622.0,14309.0,19391.0,18209.0,21117.0,15418.0,23453.0,25366.0,20566.0,22131.0,15436.0,15131.0,19678.0,19410.0,18774.0,22718.0,13999.0,21013.0,15796.0,16221.0,22333.0,21215.0,18186.0,14059.0,13552.0,14347.0,12416.0,20867.0
10,21704.0,23477.0,24686.0,13322.0,23084.0,13082.0,14115.0,23256.0,18743.0,14309.0,19391.0,18209.0,21117.0,15418.0,23453.0,25963.0,20566.0,22131.0,15436.0,15131.0,20283.0,19410.0,18774.0,22718.0,13999.0,21013.0,15796.0,13507.0,22333.0,21215.0,18186.0,14059.0,12773.0,14347.0,12416.0,20867.0
11,21704.0,23477.0,23788.0,13322.0,23084.0,13082.0,14115.0,23256.0,18743.0,14309.0,19391.0,18209.0,21117.0,15418.0,23405.0,25963.0,20566.0,22131.0,15436.0,15131.0,20283.0,19410.0,18774.0,22718.0,13999.0,21013.0,13933.0,13507.0,22333.0,21215.0,18186.0,14059.0,12773.0,14347.0,12416.0,20867.0
12,21704.0,21551.0,23788.0,13322.0,23084.0,13082.0,14115.0,20918.0,18743.0,14309.0,19391.0,18209.0,21117.0,14004.0,23405.0,25963.0,20566.0,22131.0,15436.0,23343.0,20283.0,19410.0,18774.0,22718.0,13999.0,20807.0,13933.0,13507.0,22333.0,21215.0,18186.0,14219.0,12773.0,14347.0,12416.0,20867.0
13,19612.0,21551.0,23788.0,13322.0,23084.0,13082.0,13766.0,20918.0,18743.0,14309.0,19391.0,18209.0,21745.0,14004.0,23405.0,25963.0,20566.0,22131.0,16661.0,23343.0,20283.0,19410.0,18774.0,22718.0,13670.0,20807.0,13933.0,13507.0,22333.0,21215.0,17072.0,14219.0,12773.0,14347.0,12416.0,20867.0
14,19612.0,21551.0,23788.0,13322.0,23084.0,13993.0,13766.0,20918.0,18743.0,14309.0,19391.0,18621.0,21745.0,14004.0,23405.0,25963.0,20566.0,20352.0,16661.0,23343.0,20283.0,19410.0,18774.0,20892.0,13670.0,20807.0,13933.0,13507.0,22333.0,20261.0,17072.0,14219.0,12773.0,14347.0,12416.0,20013.0
15,19612.0,21551.0,23788.0,13322.0,22157.0,13993.0,13766.0,20918.0,18743.0,14309.0,15505.0,18621.0,21745.0,14004.0,23405.0,25963.0,20291.0,20352.0,16661.0,23343.0,20283.0,19410.0,18676.0,20892.0,13670.0,20807.0,13933.0,13507.0,20292.0,20261.0,17072.0,14219.0,12773.0,14347.0,12960.0,20013.0
16,19612.0,21551.0,23788.0,13322.0,22157.0,13993.0,13766.0,20918.0,18743.0,14390.0,15505.0,18621.0,21745.0,14004.0,23405.0,25963.0,20291.0,20352.0,16661.0,23343.0,20283.0,19301.0,18676.0,20892.0,13670.0,20807.0,13933.0,13507.0,20292.0,20261.0,17072.0,14219.0,12773.0,13961.0,12960.0,20013.0
17,19612.0,21551.0,23788.0,13785.0,22157.0,13993.0,13766.0,20918.0,19637.0,14390.0,15505.0,18621.0,21745.0,14004.0,23405.0,26224.0,20291.0,20352.0,16661.0,23343.0,17669.0,19301.0,18676.0,20892.0,13670.0,20807.0,13933.0,12160.0,20292.0,20261.0,17072.0,14219.0,17902.0,13961.0,12960.0,20013.0
18,19612.0,21551.0,22343.0,13785.0,22157.0,13993.0,13766.0,20918.0,19637.0,14390.0,15505.0,18621.0,21745.0,14004.0,24774.0,26224.0,20291.0,20352.0,16661.0,23343.0,17669.0,19301.0,18676.0,20892.0,13670.0,20807.0,14572.0,12160.0,20292.0,20261.0,17072.0,14219.0,17902.0,13961.0,12960.0,20013.0
19,19612.0,18777.0,22343.0,13785.0,22157.0,13993.0,13766.0,19941.0,19637.0,14390.0,15505.0,18621.0,21745.0,14638.0,24774.0,26224.0,20291.0,20352.0,16661.0,22479.0,17669.0,19301.0,18676.0,20892.0,13670.0,20219.0,14572.0,12160.0,20292.0,20261.0,17072.0,15117.0,17902.0,13961.0,12960.0,20013.0
20,20914.0,18777.0,22343.0,13785.0,22157.0,13993.0,13566.0,19941.0,19637.0,14390.0,15505.0,18621.0,22376.0,14638.0,24774.0,26224.0,20291.0,20352.0,19611.0,22479.0,17669.0,19301.0,18676.0,20892.0,15156.0,20219.0,14572.0,12160.0,20292.0,20261.0,15843.0,15117.0,17902.0,13961.0,12960.0,20013.0
21,20914.0,18777.0,22343.0,13785.0,22157.0,13895.0,13566.0,19941.0,19637.0,14390.0,15505.0,17817.0,22376.0,14638.0,24774.0,26224.0,20291.0,19096.0,19611.0,22479.0,17669.0,19301.0,18676.0,22030.0,15156.0,20219.0,14572.0,12160.0,20292.0,20621.0,15843.0,15117.0,17902.0,13961.0,12960.0,20391.0
22,20914.0,18777.0,22343.0,13785.0,22696.0,13895.0,13566.0,19941.0,19637.0,14390.0,13991.0,17817.0,22376.0,14638.0,24774.0,26224.0,21229.0,19096.0,19611.0,22479.0,17669.0,19301.0,19503.0,22030.0,15156.0,20219.0,14572.0,12160.0,17520.0,20621.0,15843.0,15117.0,17902.0,13961.0,14333.0,20391.0
23,20914.0,18777.0,22343.0,13785.0,22696.0,13895.0,13566.0,19941.0,19637.0,14326.0,13991.0,17817.0,22376.0,14638.0,24774.0,26224.0,21229.0,19096.0,19611.0,22479.0,17669.0,19032.0,19503.0,22030.0,15156.0,20219.0,14572.0,12160.0,17520.0,20621.0,15843.0,15117.0,17902.0,13993.0,14333.0,20391.0
24,20914.0,18777.0,22343.0,14114.0,22696.0,13895.0,13566.0,19941.0,18972.0,14326.0,13991.0,17817.0,22376.0,14638.0,24774.0,23731.0,21229.0,19096.0,19611.0,22479.0,23072.0,19032.0,19503.0,22030.0,15156.0,20219.0,14572.0,12337.0,17520.0,20621.0,15843.0,15117.0,18018.0,13993.0,14333.0,20391.0
25,20914.0,18777.0,20517.0,14114.0,22696.0,13895.0,13566.0,19941.0,18972.0,14326.0,13991.0,17817.0,22376.0,14638.0,24673.0,23731.0,21229.0,19096.0,19611.0,22479.0,23072.0,19032.0,19503.0,22030.0,15156.0,20219.0,15413.0,12337.0,17520.0,20621.0,15843.0,15117.0,18018.0,13993.0,14333.0,20391.0
26,20914.0,18509.0,20517.0,14114.0,22696.0,13895.0,13566.0,17115.0,18972.0,14326.0,13991.0,17817.0,22376.0,18379.0,24673.0,23731.0,21229.0,19096.0,19611.0,25627.0,23072.0,19032.0,19503.0,22030.0,15156.0,20563.0,15413.0,12337.0,17520.0,20621.0,15843.0,15928.0,18018.0,13993.0,14333.0,20391.0
27,20669.0,18509.0,20517.0,14114.0,22696.0,13895.0,14083.0,17115.0,18972.0,14326.0,13991.0,17817.0,22449.0,18379.0,24673.0,23731.0,21229.0,19096.0,22661.0,25627.0,23072.0,19032.0,19503.0,22030.0,15652.0,20563.0,15413.0,12337.0,17520.0,20621.0,15128.0,15928.0,18018.0,13993.0,14333.0,20391.0
28,20669.0,18509.0,20517.0,14114.0,22696.0,15641.0,14083.0,17115.0,18972.0,14326.0,13991.0,17175.0,22449.0,18379.0,24673.0,23731.0,21229.0,18163.0,22661.0,25627.0,23072.0,19032.0,19503.0,21215.0,15652.0,20563.0,15413.0,12337.0,17520.0,19337.0,15128.0,15928.0,18018.0,13993.0,14333.0,18243.0
29,20669.0,18509.0,20517.0,14114.0,22438.0,15641.0,14083.0,17115.0,18972.0,14326.0,14083.0,17175.0,22449.0,18379.0,24673.0,23731.0,22031.0,18163.0,22661.0,25627.0,23072.0,19032.0,20558.0,21215.0,15652.0,20563.0,15413.0,12337.0,16038.0,19337.0,15128.0,15928.0,18018.0,13993.0,15538.0,18243.0
30,20669.0,18509.0,20517.0,14114.0,22438.0,15641.0,14083.0,17115.0,18972.0,14639.0,14083.0,17175.0,22449.0,18379.0,24673.0,23731.0,22031.0,18163.0,22661.0,25627.0,23072.0,19636.0,20558.0,21215.0,15652.0,20563.0,15413.0,12337.0,16038.0,19337.0,15128.0,15928.0,18018.0,13910.0,15538.0,18243.0
31,20669.0,18509.0,20517.0,14310.0,22438.0,15641.0,14083.0,17115.0,18028.0,14639.0,14083.0,17175.0,22449.0,18379.0,24673.0,23498.0,22031.0,18163.0,22661.0,25627.0,23455.0,19636.0,20558.0,21215.0,15652.0,20563.0,15413.0,16219.0,16038.0,19337.0,15128.0,15928.0,18848.0,13910.0,15538.0,18243.0
32,20669.0,18509.0,21453.0,14310.0,22438.0,15641.0,14083.0,17115.0,18028.0,14639.0,14083.0,17175.0,22449.0,18379.0,24576.0,23498.0,22031.0,18163.0,22661.0,25627.0,23455.0,19636.0,20558.0,21215.0,15652.0,20563.0,14715.0,16219.0,16038.0,19337.0,15128.0,15928.0,18848.0,13910.0,15538.0,18243.0
33,20669.0,20422.0,21453.0,14310.0,22438.0,15641.0,14083.0,16953.0,18028.0,14639.0,14083.0,17175.0,22449.0,14801.0,24576.0,23498.0,22031.0,18163.0,22661.0,22969.0,23455.0,19636.0,20558.0,21215.0,15652.0,21120.0,14715.0,16219.0,16038.0,19337.0,15128.0,16461.0,18848.0,13910.0,15538.0,18243.0
34,21822.0,20422.0,21453.0,14310.0,22438.0,15641.0,14589.0,16953.0,18028.0,14639.0,14083.0,17175.0,20006.0,14801.0,24576.0,23498.0,22031.0,18163.0,23471.0,22969.0,23455.0,19636.0,20558.0,21215.0,15984.0,21120.0,14715.0,16219.0,16038.0,19337.0,14482.0,16461.0,18848.0,13910.0,15538.0,18243.0
35,21822.0,20422.0,21453.0,14310.0,22438.0,13821.0,14589.0,16953.0,18028.0,14639.0,14083.0,16916.0,20006.0,14801.0,24576.0,23498.0,22031.0,16827.0,23471.0,22969.0,23455.0,19636.0,20558.0,19981.0,15984.0,21120.0,14715.0,16219.0,16038.0,20892.0,14482.0,16461.0,18848.0,13910.0,15538.0,18443.0
36,21822.0,20422.0,21453.0,14310.0,22733.0,13821.0,14589.0,16953.0,18028.0,14639.0,13980.0,16916.0,20006.0,14801.0,24576.0,23498.0,21644.0,16827.0,23471.0,22969.0,23455.0,19636.0,20420.0,19981.0,15984.0,21120.0,14715.0,16219.0,14525.0,20892.0,14482.0,16461.0,18848.0,13910.0,15988.0,18443.0
37,21822.0,20422.0,21453.0,14310.0,22733.0,13821.0,14589.0,16953.0,18028.0,14828.0,13980.0,16916.0,20006.0,14801.0,24576.0,23498.0,21644.0,16827.0,23471.0,22969.0,23455.0,20421.0,20420.0,19981.0,15984.0,21120.0,14715.0,16219.0,14525.0,20892.0,14482.0,16461.0,18848.0,14318.0,15988.0,18443.0
38,21822.0,20422.0,21453.0,22268.0,22733.0,13821.0,14589.0,16953.0,17657.0,14828.0,13980.0,16916.0,20006.0,14801.0,24576.0,23553.0,21644.0,16827.0,23471.0,22969.0,22330.0,20421.0,20420.0,19981.0,15984.0,21120.0,14715.0,23918.0,14525.0,20892.0,14482.0,16461.0,18490.0,14318.0,15988.0,18443.0
39,21822.0,20422.0,21890.0,22268.0,22733.0,13821.0,14589.0,16953.0,17657.0,14828.0,13980.0,16916.0,20006.0,14801.0,25645.0,23553.0,21644.0,16827.0,23471.0,22969.0,22330.0,20421.0,20420.0,19981.0,15984.0,21120.0,15634.0,23918.0,14525.0,20892.0,14482.0,16461.0,18490.0,14318.0,15988.0,18443.0
40,21822.0,21380.0,21890.0,22268.0,22733.0,13821.0,14589.0,19851.0,17657.0,14828.0,13980.0,16916.0,20006.0,14735.0,25645.0,23553.0,21644.0,16827.0,23471.0,22421.0,22330.0,20421.0,20420.0,19981.0,15984.0,21448.0,15634.0,23918.0,14525.0,20892.0,14482.0,16773.0,18490.0,14318.0,15988.0,18443.0
41,20716.0,21380.0,21890.0,22268.0,22733.0,13821.0,14825.0,19851.0,17657.0,14828.0,13980.0,16916.0,19396.0,14735.0,25645.0,23553.0,21644.0,16827.0,21929.0,22421.0,22330.0,20421.0,20420.0,19981.0,15343.0,21448.0,15634.0,23918.0,14525.0,20892.0,14485.0,16773.0,18490.0,14318.0,15988.0,18443.0
42,20716.0,21380.0,21890.0,22268.0,22733.0,14324.0,14825.0,19851.0,17657.0,14828.0,13980.0,17553.0,19396.0,14735.0,25645.0,23553.0,21644.0,17896.0,21929.0,22421.0,22330.0,20421.0,20420.0,18242.0,15343.0,21448.0,15634.0,23918.0,14525.0,21642.0,14485.0,16773.0,18490.0,14318.0,15988.0,19535.0
43,20716.0,21380.0,21890.0,22268.0,20941.0,14324.0,14825.0,19851.0,17657.0,14828.0,14471.0,17553.0,19396.0,14735.0,25645.0,23553.0,22565.0,17896.0,21929.0,22421.0,22330.0,20421.0,19807.0,18242.0,15343.0,21448.0,15634.0,23918.0,14729.0,21642.0,14485.0,16773.0,18490.0,14318.0,16277.0,19535.0
44,20716.0,21380.0,21890.0,22268.0,20941.0,14324.0,14825.0,19851.0,17657.0,14921.0,14471.0,17553.0,19396.0,14735.0,25645.0,23553.0,22565.0,17896.0,21929.0,22421.0,22330.0,20279.0,19807.0,18242.0,15343.0,21448.0,15634.0,23918.0,14729.0,21642.0,14485.0,16773.0,18490.0,14530.0,16277.0,19535.0
45,20716.0,21380.0,21890.0,21773.0,20941.0,14324.0,14825.0,19851.0,18361.0,14921.0,14471.0,17553.0,19396.0,14735.0,25645.0,23469.0,22565.0,17896.0,21929.0,22421.0,21711.0,20279.0,19807.0,18242.0,15343.0,21448.0,15634.0,22079.0,14729.0,21642.0,14485.0,16773.0,16039.0,14530.0,16277.0,19535.0
46,20716.0,21380.0,21026.0,21773.0,20941.0,14324.0,14825.0,19851.0,18361.0,14921.0,14471.0,17553.0,19396.0,14735.0,25916.0,23469.0,22565.0,17896.0,21929.0,22421.0,21711.0,20279.0,19807.0,18242.0,15343.0,21448.0,14460.0,22079.0,14729.0,21642.0,14485.0,16773.0,16039.0,14530.0,16277.0,19535.0
47,20716.0,20596.0,21026.0,21773.0,20941.0,14324.0,14825.0,20087.0,18361.0,14921.0,14471.0,17553.0,19396.0,14809.0,25916.0,23469.0,22565.0,17896.0,21929.0,21282.0,21711.0,20279.0,19807.0,18242.0,15343.0,21399.0,14460.0,22079.0,14729.0,21642.0,14485.0,17029.0,16039.0,14530.0,16277.0,19535.0
48,20046.0,20596.0,21026.0,21773.0,20941.0,14324.0,15430.0,20087.0,18361.0,14921.0,14471.0,17553.0,20289.0,14809.0,25916.0,23469.0,22565.0,17896.0,22451.0,21282.0,21711.0,20279.0,19807.0,18242.0,15199.0,21399.0,14460.0,22079.0,14729.0,21642.0,15794.0,17029.0,16039.0,14530.0,16277.0,19535.0
49,20046.0,20596.0,21026.0,21773.0,20941.0,14696.0,15430.0,20087.0,18361.0,14921.0,14471.0,16871.0,20289.0,14809.0,25916.0,23469.0,22565.0,19848.0,22451.0,21282.0,21711.0,20279.0,19807.0,18458.0,15199.0,21399.0,14460.0,22079.0,14729.0,19916.0,15794.0,17029.0,16039.0,14530.0,16277.0,20772.0
50,20046.0,20596.0,21026.0,21773.0,19692.0,14696.0,15430.0,20087.0,18361.0,14921.0,24143.0,16871.0,20289.0,14809.0,25916.0,23469.0,21224.0,19848.0,22451.0,21282.0,21711.0,20279.0,18286.0,18458.0,15199.0,21399.0,14460.0,22079.0,15204.0,19916.0,15794.0,17029.0,16039.0,14530.0,16314.0,20772.0
51,20046.0,20596.0,21026.0,21773.0,19692.0,14696.0,15430.0,20087.0,18361.0,14903.0,24143.0,16871.0,20289.0,14809.0,25916.0,23469.0,21224.0,19848.0,22451.0,21282.0,21711.0,18408.0,18286.0,18458.0,15199.0,21399.0,14460.0,22079.0,15204.0,19916.0,15794.0,17029.0,16039.0,14765.0,16314.0,20772.0
52,20046.0,20596.0,21026.0,20942.0,19692.0,14696.0,15430.0,20087.0,19561.0,14903.0,24143.0,16871.0,20289.0,14809.0,25916.0,22132.0,21224.0,19848.0,22451.0,21282.0,18826.0,18408.0,18286.0,18458.0,15199.0,21399.0,14460.0,20734.0,15204.0,19916.0,15794.0,17029.0,14565.0,14765.0,16314.0,20772.0
53,20046.0,20596.0,20210.0,20942.0,19692.0,14696.0,15430.0,20087.0,19561.0,14903.0,24143.0,16871.0,20289.0,14809.0,22428.0,22132.0,21224.0,19848.0,22451.0,21282.0,18826.0,18408.0,18286.0,18458.0,15199.0,21399.0,14858.0,20734.0,15204.0,19916.0,15794.0,17029.0,14565.0,14765.0,16314.0,20772.0
54,20046.0,19952.0,20210.0,20942.0,19692.0,14696.0,15430.0,20031.0,19561.0,14903.0,24143.0,16871.0,20289.0,15134.0,22428.0,22132.0,21224.0,19848.0,22451.0,18515.0,18826.0,18408.0,18286.0,18458.0,15199.0,21344.0,14858.0,20734.0,15204.0,19916.0,15794.0,16838.0,14565.0,14765.0,16314.0,20772.0
55,17784.0,19952.0,20210.0,20942.0,19692.0,14696.0,15783.0,20031.0,19561.0,14903.0,24143.0,16871.0,19627.0,15134.0,22428.0,22132.0,21224.0,19848.0,23357.0,18515.0,18826.0,18408.0,18286.0,18458.0,13624.0,21344.0,14858.0,20734.0,15204.0,19916.0,14709.0,16838.0,14565.0,14765.0,16314.0,20772.0
56,17784.0,19952.0,20210.0,20942.0,19692.0,15875.0,15783.0,20031.0,19561.0,14903.0,24143.0,15646.0,19627.0,15134.0,22428.0,22132.0,21224.0,18277.0,23357.0,18515.0,18826.0,18408.0,18286.0,18922.0,13624.0,21344.0,14858.0,20734.0,15204.0,19427.0,14709.0,16838.0,14565.0,14765.0,16314.0,20385.0
57,17784.0,19952.0,20210.0,20942.0,18936.0,15875.0,15783.0,20031.0,19561.0,14903.0,23033.0,15646.0,19627.0,15134.0,22428.0,22132.0,21240.0,18277.0,23357.0,18515.0,18826.0,18408.0,18677.0,18922.0,13624.0,21344.0,14858.0,20734.0,15401.0,19427.0,14709.0,16838.0,14565.0,14765.0,15591.0,20385.0
58,17784.0,19952.0,20210.0,20942.0,18936.0,15875.0,15783.0,20031.0,19561.0,14843.0,23033.0,15646.0,19627.0,15134.0,22428.0,22132.0,21240.0,18277.0,23357.0,18515.0,18826.0,16502.0,18677.0,18922.0,13624.0,21344.0,14858.0,20734.0,15401.0,19427.0,14709.0,16838.0,14565.0,13890.0,15591.0,20385.0
59,17784.0,19952.0,20210.0,20129.0,18936.0,15875.0,15783.0,20031.0,19821.0,14843.0,23033.0,15646.0,19627.0,15134.0,22428.0,20890.0,21240.0,18277.0,23357.0,18515.0,17512.0,16502.0,18677.0,18922.0,13624.0,21344.0,14858.0,19899.0,15401.0,19427.0,14709.0,16838.0,14856.0,13890.0,15591.0,20385.0
60,17784.0,19952.0,20232.0,20129.0,18936.0,15875.0,15783.0,17758.0,19821.0,14843.0,23033.0,15646.0,19627.0,15134.0,20866.0,20890.0,21240.0,18277.0,23357.0,18923.0,17512.0,16502.0,18677.0,18922.0,13624.0,21344.0,15598.0,19899.0,15401.0,19427.0,14709.0,16521.0,14856.0,13890.0,15591.0,20385.0
61,17784.0,19440.0,20232.0,20129.0,18936.0,15875.0,15783.0,17758.0,19821.0,14843.0,23033.0,15646.0,19627.0,15145.0,20866.0,20890.0,21240.0,18277.0,23357.0,18923.0,17512.0,16502.0,18677.0,18922.0,13624.0,20795.0,15598.0,19899.0,15401.0,19427.0,14709.0,16521.0,14856.0,13890.0,15591.0,20385.0
62,18094.0,19440.0,20232.0,20129.0,18936.0,15875.0,16115.0,17758.0,19821.0,14843.0,23033.0,13942.0,19494.0,15145.0,20866.0,20890.0,21240.0,18277.0,22771.0,18923.0,17512.0,16502.0,18677.0,19335.0,14669.0,20795.0,15598.0,19899.0,15401.0,19427.0,15101.0,16521.0,14856.0,13890.0,15591.0,20845.0
63,18094.0,19440.0,20232.0,20129.0,18936.0,17396.0,16115.0,17758.0,19821.0,14843.0,23033.0,13942.0,19494.0,15145.0,20866.0,20890.0,21240.0,17618.0,22771.0,18923.0,17512.0,16502.0,18677.0,19335.0,14669.0,20795.0,15598.0,19899.0,15401.0,18334.0,15101.0,16521.0,14856.0,13890.0,15591.0,20845.0
64,18094.0,19440.0,20232.0,20129.0,19831.0,17396.0,16115.0,17758.0,19821.0,14843.0,21206.0,13942.0,19494.0,15145.0,20866.0,20890.0,19722.0,17618.0,22771.0,18923.0,17512.0,16502.0,19422.0,19335.0,14669.0,20795.0,15598.0,19899.0,15811.0,18334.0,15101.0,16521.0,14856.0,13890.0,15347.0,20845.0
65,18094.0,19440.0,20232.0,19419.0,19831.0,17396.0,16115.0,17758.0,19821.0,14859.0,21206.0,13942.0,19494.0,15145.0,20866.0,20574.0,19722.0,17618.0,22771.0,18923.0,17512.0,16823.0,19422.0,19335.0,14669.0,20795.0,15598.0,20400.0,15811.0,18334.0,15101.0,16521.0,14856.0,15548.0,15347.0,20845.0
66,18094.0,19440.0,20232.0,19419.0,19831.0,17396.0,16115.0,17758.0,19343.0,14859.0,21206.0,13942.0,19494.0,15145.0,20866.0,20574.0,19722.0,17618.0,22771.0,18923.0,16184.0,16823.0,19422.0,19335.0,14669.0,20795.0,15598.0,20400.0,15811.0,18334.0,15101.0,16521.0,14997.0,15548.0,15347.0,20845.0
67,18094.0,19440.0,20039.0,19419.0,19831.0,17396.0,16115.0,17065.0,19343.0,14859.0,21206.0,13942.0,19494.0,15145.0,18201.0,20574.0,19722.0,17618.0,22771.0,19003.0,16184.0,16823.0,19422.0,19335.0,14669.0,20795.0,15764.0,20400.0,15811.0,18334.0,15101.0,16572.0,14997.0,15548.0,15347.0,20845.0
68,18094.0,18960.0,20039.0,19419.0,19831.0,17396.0,16115.0,17065.0,19343.0,14859.0,21206.0,13942.0,19494.0,14990.0,18201.0,20574.0,19722.0,17618.0,22771.0,19003.0,16184.0,16823.0,19422.0,19335.0,14669.0,20177.0,15764.0,20400.0,15811.0,18334.0,15101.0,16572.0,14997.0,15548.0,15347.0,20845.0
69,18348.0,18960.0,20039.0,19419.0,19831.0,17396.0,16387.0,17065.0,19343.0,14859.0,21206.0,13747.0,19803.0,14990.0,18201.0,20574.0,19722.0,17618.0,22532.0,19003.0,16184.0,16823.0,19422.0,19551.0,15663.0,20177.0,15764.0,20400.0,15811.0,18334.0,15031.0,16572.0,14997.0,15548.0,15347.0,21313.0
70,18348.0,18960.0,20039.0,19419.0,19831.0,15653.0,16387.0,17065.0,19343.0,14859.0,21206.0,13747.0,19803.0,14990.0,18201.0,20574.0,19722.0,18009.0,22532.0,19003.0,16184.0,16823.0,19422.0,19551.0,15663.0,20177.0,15764.0,20400.0,15811.0,17668.0,15031.0,16572.0,14997.0,15548.0,15347.0,21313.0
71,18348.0,18960.0,20039.0,19419.0,20268.0,15653.0,16387.0,17065.0,19343.0,14859.0,20002.0,13747.0,19803.0,14990.0,18201.0,20574.0,19045.0,18009.0,22532.0,19003.0,16184.0,16823.0,18868.0,19551.0,15663.0,20177.0,15764.0,20400.0,15941.0,17668.0,15031.0,16572.0,14997.0,15548.0,15670.0,21313.0
72,18348.0,18960.0,20039.0,18924.0,20268.0,15653.0,16387.0,17065.0,19343.0,14599.0,20002.0,13747.0,19803.0,14990.0,18201.0,20365.0,19045.0,18009.0,22532.0,19003.0,16184.0,16546.0,18868.0,19551.0,15663.0,20177.0,15764.0,19782.0,15941.0,17668.0,15031.0,16572.0,14997.0,16444.0,15670.0,21313.0
73,18348.0,18960.0,20039.0,18924.0,20268.0,15653.0,16387.0,17065.0,20260.0,14599.0,20002.0,13747.0,19803.0,14990.0,18201.0,20365.0,19045.0,18009.0,22532.0,19003.0,16216.0,16546.0,18868.0,19551.0,15663.0,20177.0,15764.0,19782.0,15941.0,17668.0,15031.0,16572.0,17365.0,16444.0,15670.0,21313.0
74,18348.0,18960.0,18847.0,18924.0,20268.0,15653.0,16387.0,16021.0,20260.0,14599.0,20002.0,13747.0,19803.0,14990.0,18029.0,20365.0,19045.0,18009.0,22532.0,19583.0,16216.0,16546.0,18868.0,19551.0,15663.0,20177.0,16092.0,19782.0,15941.0,17668.0,15031.0,16331.0,17365.0,16444.0,15670.0,21313.0
75,18348.0,18258.0,18847.0,18924.0,20268.0,15653.0,16387.0,16021.0,20260.0,14599.0,20002.0,13747.0,19803.0,14950.0,18029.0,20365.0,19045.0,18009.0,22532.0,19583.0,16216.0,16546.0,18868.0,19551.0,15663.0,19695.0,16092.0,19782.0,15941.0,17668.0,15031.0,16331.0,17365.0,16444.0,15670.0,21313.0
76,18953.0,18258.0,18847.0,18924.0,20268.0,15653.0,16445.0,16021.0,20260.0,14599.0,20002.0,15290.0,19316.0,14950.0,18029.0,20365.0,19045.0,18009.0,22174.0,19583.0,16216.0,16546.0,18868.0,19920.0,15606.0,19695.0,16092.0,19782.0,15941.0,17668.0,15274.0,16331.0,17365.0,16444.0,15670.0,20085.0
77,18953.0,18258.0,18847.0,18924.0,20268.0,15197.0,16445.0,16021.0,20260.0,14599.0,20002.0,15290.0,19316.0,14950.0,18029.0,20365.0,19045.0,18134.0,22174.0,19583.0,16216.0,16546.0,18868.0,19920.0,15606.0,19695.0,16092.0,19782.0,15941.0,18172.0,15274.0,16331.0,17365.0,16444.0,15670.0,20085.0
78,18953.0,18258.0,18847.0,18924.0,19882.0,15197.0,16445.0,16021.0,20260.0,14599.0,18171.0,15290.0,19316.0,14950.0,18029.0,20365.0,19889.0,18134.0,22174.0,19583.0,16216.0,16546.0,18930.0,19920.0,15606.0,19695.0,16092.0,19782.0,15782.0,18172.0,15274.0,16331.0,17365.0,16444.0,15937.0,20085.0
79,18953.0,18258.0,18847.0,19094.0,19882.0,15197.0,16445.0,16021.0,20260.0,14912.0,18171.0,15290.0,19316.0,14950.0,18029.0,20314.0,19889.0,18134.0,22174.0,19583.0,16216.0,16075.0,18930.0,19920.0,15606.0,19695.0,16092.0,18770.0,15782.0,18172.0,15274.0,16331.0,17365.0,17975.0,15937.0,20085.0
80,18953.0,18258.0,18847.0,19094.0,19882.0,15197.0,16445.0,16021.0,20503.0,14912.0,18171.0,15290.0,19316.0,14950.0,18029.0,20314.0,19889.0,18134.0,22174.0,19583.0,15432.0,16075.0,18930.0,19920.0,15606.0,19695.0,16092.0,18770.0,15782.0,18172.0,15274.0,16331.0,18054.0,17975.0,15937.0,20085.0
81,18953.0,18258.0,18314.0,19094.0,19882.0,15197.0,16445.0,15720.0,20503.0,14912.0,18171.0,15290.0,19316.0,14950.0,18360.0,20314.0,19889.0,18134.0,22174.0,20036.0,15432.0,16075.0,18930.0,19920.0,15606.0,19695.0,16297.0,18770.0,15782.0,18172.0,15274.0,16500.0,18054.0,17975.0,15937.0,20085.0
82,18953.0,20029.0,18314.0,19094.0,19882.0,15197.0,16445.0,15720.0,20503.0,14912.0,18171.0,15290.0,19316.0,14941.0,18360.0,20314.0,19889.0,18134.0,22174.0,20036.0,15432.0,16075.0,18930.0,19920.0,15606.0,18677.0,16297.0,18770.0,15782.0,18172.0,15274.0,16500.0,18054.0,17975.0,15937.0,20085.0
83,18425.0,20029.0,18314.0,19094.0,19882.0,15197.0,16697.0,15720.0,20503.0,14912.0,18171.0,16209.0,19409.0,14941.0,18360.0,20314.0,19889.0,18134.0,20109.0,20036.0,15432.0,16075.0,18930.0,19254.0,16166.0,18677.0,16297.0,18770.0,15782.0,18172.0,15009.0,16500.0,18054.0,17975.0,15937.0,19240.0
84,18425.0,20029.0,18314.0,19094.0,19882.0,15680.0,16697.0,15720.0,20503.0,14912.0,18171.0,16209.0,19409.0,14941.0,18360.0,20314.0,19889.0,18194.0,20109.0,20036.0,15432.0,16075.0,18930.0,19254.0,16166.0,18677.0,16297.0,18770.0,15782.0,19234.0,15009.0,16500.0,18054.0,17975.0,15937.0,19240.0
85,18425.0,20029.0,18314.0,19094.0,19575.0,15680.0,16697.0,15720.0,20503.0,14912.0,18562.0,16209.0,19409.0,14941.0,18360.0,20314.0,19827.0,18194.0,20109.0,20036.0,15432.0,16075.0,19649.0,19254.0,16166.0,18677.0,16297.0,18770.0,15322.0,19234.0,15009.0,16500.0,18054.0,17975.0,14860.0,19240.0
86,18425.0,20029.0,18314.0,21400.0,19575.0,15680.0,16697.0,15720.0,20503.0,14721.0,18562.0,16209.0,19409.0,14941.0,18360.0,19836.0,19827.0,18194.0,20109.0,20036.0,15432.0,16442.0,19649.0,19254.0,16166.0,18677.0,16297.0,19209.0,15322.0,19234.0,15009.0,16500.0,18054.0,17630.0,14860.0,19240.0
87,18425.0,20029.0,18314.0,21400.0,19575.0,15680.0,16697.0,15720.0,21073.0,14721.0,18562.0,16209.0,19409.0,14941.0,18360.0,19836.0,19827.0,18194.0,20109.0,20036.0,15627.0,16442.0,19649.0,19254.0,16166.0,18677.0,16297.0,19209.0,15322.0,19234.0,15009.0,16500.0,16813.0,17630.0,14860.0,19240.0
88,18425.0,20029.0,18211.0,21400.0,19575.0,15680.0,16697.0,14865.0,21073.0,14721.0,18562.0,16209.0,19409.0,14941.0,18830.0,19836.0,19827.0,18194.0,20109.0,19946.0,15627.0,16442.0,19649.0,19254.0,16166.0,18677.0,16608.0,19209.0,15322.0,19234.0,15009.0,15849.0,16813.0,17630.0,14860.0,19240.0
89,18425.0,19165.0,18211.0,21400.0,19575.0,15680.0,16697.0,14865.0,21073.0,14721.0,18562.0,16209.0,19409.0,14889.0,18830.0,19836.0,19827.0,18194.0,20109.0,19946.0,15627.0,16442.0,19649.0,19254.0,16166.0,17858.0,16608.0,19209.0,15322.0,19234.0,15009.0,15849.0,16813.0,17630.0,14860.0,19240.0
90,18489.0,19165.0,18211.0,21400.0,19575.0,15680.0,15112.0,14865.0,21073.0,14721.0,18562.0,15351.0,19952.0,14889.0,18830.0,19836.0,19827.0,18194.0,17819.0,19946.0,15627.0,16442.0,19649.0,18161.0,15347.0,17858.0,16608.0,19209.0,15322.0,19234.0,14974.0,15849.0,16813.0,17630.0,14860.0,18990.0
91,18489.0,19165.0,18211.0,21400.0,19575.0,15141.0,15112.0,14865.0,21073.0,14721.0,18562.0,15351.0,19952.0,14889.0,18830.0,19836.0,19827.0,18750.0,17819.0,19946.0,15627.0,16442.0,19649.0,18161.0,15347.0,17858.0,16608.0,19209.0,15322.0,19030.0,14974.0,15849.0,16813.0,17630.0,14860.0,18990.0
92,18489.0,19165.0,18211.0,21400.0,19610.0,15141.0,15112.0,14865.0,21073.0,14721.0,19032.0,15351.0,19952.0,14889.0,18830.0,19836.0,19869.0,18750.0,17819.0,19946.0,15627.0,16442.0,19410.0,18161.0,15347.0,17858.0,16608.0,19209.0,16941.0,19030.0,14974.0,15849.0,16813.0,17630.0,14994.0,18990.0
93,18489.0,19165.0,18211.0,19744.0,19610.0,15141.0,15112.0,14865.0,21073.0,18897.0,19032.0,15351.0,19952.0,14889.0,18830.0,19445.0,19869.0,18750.0,17819.0,19946.0,15627.0,15765.0,19410.0,18161.0,15347.0,17858.0,16608.0,20765.0,16941.0,19030.0,14974.0,15849.0,16813.0,18835.0,14994.0,18990.0
94,18489.0,19165.0,18211.0,19744.0,19610.0,15141.0,15112.0,14865.0,20340.0,18897.0,19032.0,15351.0,19952.0,14889.0,18830.0,19445.0,19869.0,18750.0,17819.0,19946.0,16182.0,15765.0,19410.0,18161.0,15347.0,17858.0,16608.0,20765.0,16941.0,19030.0,14974.0,15849.0,17681.0,18835.0,14994.0,18990.0
95,18489.0,19165.0,19278.0,19744.0,19610.0,15141.0,15112.0,14917.0,20340.0,18897.0,19032.0,15351.0,19952.0,14889.0,19068.0,19445.0,19869.0,18750.0,17819.0,19818.0,16182.0,15765.0,19410.0,18161.0,15347.0,17858.0,16477.0,20765.0,16941.0,19030.0,14974.0,15172.0,17681.0,18835.0,14994.0,18990.0
96,18489.0,17593.0,19278.0,19744.0,19610.0,15141.0,15112.0,14917.0,20340.0,18897.0,19032.0,15351.0,19952.0,14406.0,19068.0,19445.0,19869.0,18750.0,17819.0,19818.0,16182.0,15765.0,19410.0,18161.0,15347.0,17667.0,16477.0,20765.0,16941.0,19030.0,14974.0,15172.0,17681.0,18835.0,14994.0,18990.0
97,19358.0,17593.0,19278.0,19744.0,19610.0,15141.0,14872.0,14917.0,20340.0,18897.0,19032.0,14975.0,19078.0,14406.0,19068.0,19445.0,19869.0,18750.0,18638.0,19818.0,16182.0,15765.0,19410.0,16487.0,15746.0,17667.0,16477.0,20765.0,16941.0,19030.0,15045.0,15172.0,17681.0,18835.0,14994.0,20187.0
98,19358.0,17593.0,19278.0,19744.0,19610.0,15636.0,14872.0,14917.0,20340.0,18897.0,19032.0,14975.0,19078.0,14406.0,19068.0,19445.0,19869.0,18527.0,18638.0,19818.0,16182.0,15765.0,19410.0,16487.0,15746.0,17667.0,16477.0,20765.0,16941.0,19872.0,15045.0,15172.0,17681.0,18835.0,14994.0,20187.0
99,19358.0,17593.0,19278.0,19744.0,19639.0,15636.0,14872.0,14917.0,20340.0,18897.0,18831.0,14975.0,19078.0,14406.0,19068.0,19445.0,21849.0,18527.0,18638.0,19818.0,16182.0,15765.0,19042.0,16487.0,15746.0,17667.0,16477.0,20765.0,18087.0,19872.0,15045.0,15172.0,17681.0,18835.0,15267.0,20187.0
100,19358.0,17593.0,19278.0,23267.0,19639.0,15636.0,14872.0,14917.0,20340.0,21753.0,18831.0,14975.0,19078.0,14406.0,19068.0,18734.0,21849.0,18527.0,18638.0,19818.0,16182.0,15650.0,19042.0,16487.0,15746.0,17667.0,16477.0,19236.0,18087.0,19872.0,15045.0,15172.0,17681.0,18771.0,15267.0,20187.0
101,19358.0,17593.0,19278.0,23267.0,19639.0,15636.0,14872.0,14917.0,20191.0,21753.0,18831.0,14975.0,19078.0,14406.0,19068.0,18734.0,21849.0,18527.0,18638.0,19818.0,15880.0,15650.0,19042.0,16487.0,15746.0,17667.0,16477.0,19236.0,18087.0,19872.0,15045.0,15172.0,17730.0,18771.0,15267.0,20187.0
102,19358.0,17593.0,20087.0,23267.0,19639.0,15636.0,14872.0,14875.0,20191.0,21753.0,18831.0,14975.0,19078.0,14406.0,20224.0,18734.0,21849.0,18527.0,18638.0,19678.0,15880.0,15650.0,19042.0,16487.0,15746.0,17667.0,16313.0,19236.0,18087.0,19872.0,15045.0,15225.0,17730.0,18771.0,15267.0,20187.0
103,19358.0,16957.0,20087.0,23267.0,19639.0,15636.0,14872.0,14875.0,20191.0,21753.0,18831.0,14975.0,19078.0,15099.0,20224.0,18734.0,21849.0,18527.0,18638.0,19678.0,15880.0,15650.0,19042.0,16487.0,15746.0,17990.0,16313.0,19236.0,18087.0,19872.0,15045.0,15225.0,17730.0,18771.0,15267.0,20187.0
104,19743.0,16957.0,20087.0,23267.0,19639.0,15636.0,14510.0,14875.0,20191.0,21753.0,18831.0,15495.0,18537.0,15099.0,20224.0,18734.0,21849.0,18527.0,17862.0,19678.0,15880.0,15650.0,19042.0,15907.0,16014.0,17990.0,16313.0,19236.0,18087.0,19872.0,15565.0,15225.0,17730.0,18771.0,15267.0,20267.0
105,19743.0,16957.0,20087.0,23267.0,19639.0,15592.0,14510.0,14875.0,20191.0,21753.0,18831.0,15495.0,18537.0,15099.0,20224.0,18734.0,21849.0,18273.0,17862.0,19678.0,15880.0,15650.0,19042.0,15907.0,16014.0,17990.0,16313.0,19236.0,18087.0,18946.0,15565.0,15225.0,17730.0,18771.0,15267.0,20267.0
106,19743.0,16957.0,20087.0,23267.0,19013.0,15592.0,14510.0,14875.0,20191.0,21753.0,19276.0,15495.0,18537.0,15099.0,20224.0,18734.0,21724.0,18273.0,17862.0,19678.0,15880.0,15650.0,19161.0,15907.0,16014.0,17990.0,16313.0,19236.0,17978.0,18946.0,15565.0,15225.0,17730.0,18771.0,15471.0,20267.0
107,19743.0,16957.0,20087.0,22818.0,19013.0,15592.0,14510.0,14875.0,20191.0,19960.0,19276.0,15495.0,18537.0,15099.0,20224.0,18431.0,21724.0,18273.0,17862.0,19678.0,15880.0,15083.0,19161.0,15907.0,16014.0,17990.0,16313.0,19108.0,17978.0,18946.0,15565.0,15225.0,17730.0,18373.0,15471.0,20267.0
108,19743.0,16957.0,20087.0,22818.0,19013.0,15592.0,14510.0,14875.0,20094.0,19960.0,19276.0,15495.0,18537.0,15099.0,20224.0,18431.0,21724.0,18273.0,17862.0,19678.0,15585.0,15083.0,19161.0,15907.0,16014.0,17990.0,16313.0,19108.0,17978.0,18946.0,15565.0,15225.0,17288.0,18373.0,15471.0,20267.0
109,19743.0,16957.0,18997.0,22818.0,19013.0,15592.0,14510.0,14312.0,20094.0,19960.0,19276.0,15495.0,18537.0,15099.0,20325.0,18431.0,21724.0,18273.0,17862.0,19766.0,15585.0,15083.0,19161.0,15907.0,16014.0,17990.0,15936.0,19108.0,17978.0,18946.0,15565.0,14911.0,17288.0,18373.0,15471.0,20267.0
110,19743.0,19739.0,18997.0,22818.0,19013.0,15592.0,14510.0,14312.0,20094.0,19960.0,19276.0,15495.0,18537.0,16190.0,20325.0,18431.0,21724.0,18273.0,17862.0,19766.0,15585.0,15083.0,19161.0,15907.0,16014.0,18578.0,15936.0,19108.0,17978.0,18946.0,15565.0,14911.0,17288.0,18373.0,15471.0,20267.0
111,20385.0,19739.0,18997.0,22818.0,19013.0,15592.0,14569.0,14312.0,20094.0,19960.0,19276.0,16665.0,19235.0,16190.0,20325.0,18431.0,21724.0,18273.0,17116.0,19766.0,15585.0,15083.0,19161.0,15170.0,15458.0,18578.0,15936.0,19108.0,17978.0,18946.0,15619.0,14911.0,17288.0,18373.0,15471.0,20224.0
112,20385.0,19739.0,18997.0,22818.0,19013.0,15585.0,14569.0,14312.0,20094.0,19960.0,19276.0,16665.0,19235.0,16190.0,20325.0,18431.0,21724.0,18551.0,17116.0,19766.0,15585.0,15083.0,19161.0,15170.0,15458.0,18578.0,15936.0,19108.0,17978.0,18806.0,15619.0,14911.0,17288.0,18373.0,15471.0,20224.0
113,20385.0,19739.0,18997.0,22818.0,18940.0,15585.0,14569.0,14312.0,20094.0,19960.0,20171.0,16665.0,19235.0,16190.0,20325.0,18431.0,19017.0,18551.0,17116.0,19766.0,15585.0,15083.0,20744.0,15170.0,15458.0,18578.0,15936.0,19108.0,18255.0,18806.0,15619.0,14911.0,17288.0,18373.0,15396.0,20224.0
114,20385.0,19739.0,18997.0,22557.0,18940.0,15585.0,14569.0,14312.0,20094.0,19764.0,20171.0,16665.0,19235.0,16190.0,20325.0,19526.0,19017.0,18551.0,17116.0,19766.0,15585.0,15010.0,20744.0,15170.0,15458.0,18578.0,15936.0,18487.0,18255.0,18806.0,15619.0,14911.0,17288.0,18233.0,15396.0,20224.0
115,20385.0,19739.0,18997.0,22557.0,18940.0,15585.0,14569.0,14312.0,19683.0,19764.0,20171.0,16665.0,19235.0,16190.0,20325.0,19526.0,19017.0,18551.0,17116.0,19766.0,16520.0,15010.0,20744.0,15170.0,15458.0,18578.0,15936.0,18487.0,18255.0,18806.0,15619.0,14911.0,16483.0,18233.0,15396.0,20224.0
116,20385.0,19739.0,19681.0,22557.0,18940.0,15585.0,14569.0,14335.0,19683.0,19764.0,20171.0,16665.0,19235.0,16190.0,20354.0,19526.0,19017.0,18551.0,17116.0,19806.0,16520.0,15010.0,20744.0,15170.0,15458.0,18578.0,16151.0,18487.0,18255.0,18806.0,15619.0,14562.0,16483.0,18233.0,15396.0,20224.0
117,20385.0,20723.0,19681.0,22557.0,18940.0,15585.0,14569.0,14335.0,19683.0,19764.0,20171.0,16665.0,19235.0,19212.0,20354.0,19526.0,19017.0,18551.0,17116.0,19806.0,16520.0,15010.0,20744.0,15170.0,15458.0,17878.0,16151.0,18487.0,18255.0,18806.0,15619.0,14562.0,16483.0,18233.0,15396.0,20224.0
118,20703.0,20723.0,19681.0,22557.0,18940.0,15585.0,14598.0,14335.0,19683.0,19764.0,20171.0,16894.0,18705.0,19212.0,20354.0,19526.0,19017.0,18551.0,16332.0,19806.0,16520.0,15010.0,20744.0,14461.0,14051.0,17878.0,16151.0,18487.0,18255.0,18806.0,15804.0,14562.0,16483.0,18233.0,15396.0,20955.0
119,20703.0,20723.0,19681.0,22557.0,18940.0,15161.0,14598.0,14335.0,19683.0,19764.0,20171.0,16894.0,18705.0,19212.0,20354.0,19526.0,19017.0,17734.0,16332.0,19806.0,16520.0,15010.0,20744.0,14461.0,14051.0,17878.0,16151.0,18487.0,18255.0,18833.0,15804.0,14562.0,16483.0,18233.0,15396.0,20955.0
120,20703.0,20723.0,19681.0,22557.0,18655.0,15161.0,14598.0,14335.0,19683.0,19764.0,20415.0,16894.0,18705.0,19212.0,20354.0,19526.0,18541.0,17734.0,16332.0,19806.0,16520.0,15010.0,21341.0,14461.0,14051.0,17878.0,16151.0,18487.0,19300.0,18833.0,15804.0,14562.0,16483.0,18233.0,15120.0,20955.0
121,20703.0,20723.0,19681.0,21454.0,18655.0,15161.0,14598.0,14335.0,19683.0,18849.0,20415.0,16894.0,18705.0,19212.0,20354.0,19632.0,18541.0,17734.0,16332.0,19806.0,16520.0,14967.0,21341.0,14461.0,14051.0,17878.0,16151.0,18901.0,19300.0,18833.0,15804.0,14562.0,16483.0,18890.0,15120.0,20955.0
122,20703.0,20723.0,19681.0,21454.0,18655.0,15161.0,14598.0,14335.0,19049.0,18849.0,20415.0,16894.0,18705.0,19212.0,20354.0,19632.0,18541.0,17734.0,16332.0,19806.0,19284.0,14967.0,21341.0,14461.0,14051.0,17878.0,16151.0,18901.0,19300.0,18833.0,15804.0,14562.0,15871.0,18890.0,15120.0,20955.0
123,20703.0,20723.0,20044.0,21454.0,18655.0,15161.0,14598.0,14187.0,19049.0,18849.0,20415.0,16894.0,18705.0,19212.0,19465.0,19632.0,18541.0,17734.0,16332.0,20110.0,19284.0,14967.0,21341.0,14461.0,14051.0,17878.0,15959.0,18901.0,19300.0,18833.0,15804.0,13756.0,15871.0,18890.0,15120.0,20955.0
124,20703.0,20643.0,20044.0,21454.0,18655.0,15161.0,14598.0,14187.0,19049.0,18849.0,20415.0,16894.0,18705.0,19015.0,19465.0,19632.0,18541.0,17734.0,16332.0,20110.0,19284.0,14967.0,21341.0,14461.0,14051.0,16263.0,15959.0,18901.0,19300.0,18833.0,15804.0,13756.0,15871.0,18890.0,15120.0,20955.0
125,20456.0,20643.0,20044.0,21454.0,18655.0,15161.0,15939.0,14187.0,19049.0,18849.0,20415.0,16670.0,18619.0,19015.0,19465.0,19632.0,18541.0,17734.0,15465.0,20110.0,19284.0,14967.0,21341.0,14358.0,14318.0,16263.0,15959.0,18901.0,19300.0,18833.0,15583.0,13756.0,15871.0,18890.0,15120.0,21152.0
126,20456.0,20643.0,20044.0,21454.0,18655.0,14842.0,15939.0,14187.0,19049.0,18849.0,20415.0,16670.0,18619.0,19015.0,19465.0,19632.0,18541.0,17851.0,15465.0,20110.0,19284.0,14967.0,21341.0,14358.0,14318.0,16263.0,15959.0,18901.0,19300.0,18584.0,15583.0,13756.0,15871.0,18890.0,15120.0,21152.0
127,20456.0,20643.0,20044.0,21454.0,18593.0,14842.0,15939.0,14187.0,19049.0,18849.0,20236.0,16670.0,18619.0,19015.0,19465.0,19632.0,18546.0,17851.0,15465.0,20110.0,19284.0,14967.0,20061.0,14358.0,14318.0,16263.0,15959.0,18901.0,18685.0,18584.0,15583.0,13756.0,15871.0,18890.0,15346.0,21152.0
128,20456.0,20643.0,20044.0,19248.0,18593.0,14842.0,15939.0,14187.0,19049.0,19244.0,20236.0,16670.0,18619.0,19015.0,19465.0,18616.0,18546.0,17851.0,15465.0,20110.0,19284.0,14583.0,20061.0,14358.0,14318.0,16263.0,15959.0,19643.0,18685.0,18584.0,15583.0,13756.0,15871.0,17358.0,15346.0,21152.0
129,20456.0,20643.0,20044.0,19248.0,18593.0,14842.0,15939.0,14187.0,17066.0,19244.0,20236.0,16670.0,18619.0,19015.0,19465.0,18616.0,18546.0,17851.0,15465.0,20110.0,18503.0,14583.0,20061.0,14358.0,14318.0,16263.0,15959.0,19643.0,18685.0,18584.0,15583.0,13756.0,16063.0,17358.0,15346.0,21152.0
130,20456.0,20643.0,19712.0,19248.0,18593.0,14842.0,15939.0,14304.0,17066.0,19244.0,20236.0,16670.0,18619.0,19015.0,18133.0,18616.0,18546.0,17851.0,15465.0,19862.0,18503.0,14583.0,20061.0,14358.0,14318.0,16263.0,15367.0,19643.0,18685.0,18584.0,15583.0,13620.0,16063.0,17358.0,15346.0,21152.0
131,20456.0,20184.0,19712.0,19248.0,18593.0,14842.0,15939.0,14304.0,17066.0,19244.0,20236.0,16670.0,18619.0,18756.0,18133.0,18616.0,18546.0,17851.0,15465.0,19862.0,18503.0,14583.0,20061.0,14358.0,14318.0,16104.0,15367.0,19643.0,18685.0,18584.0,15583.0,13620.0,16063.0,17358.0,15346.0,21152.0
132,19801.0,20184.0,19712.0,19248.0,18593.0,14842.0,16001.0,14304.0,17066.0,19244.0,20236.0,16420.0,18503.0,18756.0,18133.0,18616.0,18546.0,17851.0,14959.0,19862.0,18503.0,14583.0,20061.0,15720.0,14381.0,16104.0,15367.0,19643.0,18685.0,18584.0,15881.0,13620.0,16063.0,17358.0,15346.0,20059.0
133,19801.0,20184.0,19712.0,19248.0,18593.0,15362.0,16001.0,14304.0,17066.0,19244.0,20236.0,16420.0,18503.0,18756.0,18133.0,18616.0,18546.0,17277.0,14959.0,19862.0,18503.0,14583.0,20061.0,15720.0,14381.0,16104.0,15367.0,19643.0,18685.0,18534.0,15881.0,13620.0,16063.0,17358.0,15346.0,20059.0
134,19801.0,20184.0,19712.0,19248.0,17485.0,15362.0,16001.0,14304.0,17066.0,19244.0,19590.0,16420.0,18503.0,18756.0,18133.0,18616.0,18594.0,17277.0,14959.0,19862.0,18503.0,14583.0,18124.0,15720.0,14381.0,16104.0,15367.0,19643.0,18308.0,18534.0,15881.0,13620.0,16063.0,17358.0,16571.0,20059.0
135,19801.0,20184.0,19712.0,19244.0,17485.0,15362.0,16001.0,14304.0,17066.0,18969.0,19590.0,16420.0,18503.0,18756.0,18133.0,19087.0,18594.0,17277.0,14959.0,19862.0,18503.0,14227.0,18124.0,15720.0,14381.0,16104.0,15367.0,20069.0,18308.0,18534.0,15881.0,13620.0,16063.0,16770.0,16571.0,20059.0
136,19801.0,20184.0,19712.0,19244.0,17485.0,15362.0,16001.0,14304.0,16894.0,18969.0,19590.0,16420.0,18503.0,18756.0,18133.0,19087.0,18594.0,17277.0,14959.0,19862.0,18973.0,14227.0,18124.0,15720.0,14381.0,16104.0,15367.0,20069.0,18308.0,18534.0,15881.0,13620.0,15752.0,16770.0,16571.0,20059.0
137,19801.0,20184.0,19328.0,19244.0,17485.0,15362.0,16001.0,14544.0,16894.0,18969.0,19590.0,16420.0,18503.0,18756.0,16400.0,19087.0,18594.0,17277.0,14959.0,19368.0,18973.0,14227.0,18124.0,15720.0,14381.0,16104.0,14424.0,20069.0,18308.0,18534.0,15881.0,13665.0,15752.0,16770.0,16571.0,20059.0
138,19801.0,19548.0,19328.0,19244.0,17485.0,15362.0,16001.0,14544.0,16894.0,18969.0,19590.0,16420.0,18503.0,18939.0,16400.0,19087.0,18594.0,17277.0,14959.0,19368.0,18973.0,14227.0,18124.0,15720.0,14381.0,15256.0,14424.0,20069.0,18308.0,18534.0,15881.0,13665.0,15752.0,16770.0,16571.0,20059.0
139,20470.0,19548.0,19328.0,19244.0,17485.0,15362.0,16654.0,14544.0,16894.0,18969.0,19590.0,16241.0,18599.0,18939.0,16400.0,19087.0,18594.0,17277.0,14252.0,19368.0,18973.0,14227.0,18124.0,16762.0,14569.0,15256.0,14424.0,20069.0,18308.0,18534.0,15920.0,13665.0,15752.0,16770.0,16571.0,20910.0
140,20470.0,19548.0,19328.0,19244.0,17485.0,15025.0,16654.0,14544.0,16894.0,18969.0,19590.0,16241.0,18599.0,18939.0,16400.0,19087.0,18594.0,17135.0,14252.0,19368.0,18973.0,14227.0,18124.0,16762.0,14569.0,15256.0,14424.0,20069.0,18308.0,18464.0,15920.0,13665.0,15752.0,16770.0,16571.0,20910.0
141,20470.0,19548.0,19328.0,19244.0,16395.0,15025.0,16654.0,14544.0,16894.0,18969.0,17622.0,16241.0,18599.0,18939.0,16400.0,19087.0,18398.0,17135.0,14252.0,19368.0,18973.0,14227.0,16561.0,16762.0,14569.0,15256.0,14424.0,20069.0,17849.0,18464.0,15920.0,13665.0,15752.0,16770.0,16215.0,20910.0
142,20470.0,19548.0,19328.0,19034.0,16395.0,15025.0,16654.0,14544.0,16894.0,18430.0,17622.0,16241.0,18599.0,18939.0,16400.0,19079.0,18398.0,17135.0,14252.0,19368.0,18973.0,14318.0,16561.0,16762.0,14569.0,15256.0,14424.0,19038.0,17849.0,18464.0,15920.0,13665.0,15752.0,16906.0,16215.0,20910.0
143,20470.0,19548.0,19328.0,19034.0,16395.0,15025.0,16654.0,14544.0,17090.0,18430.0,17622.0,16241.0,18599.0,18939.0,16400.0,19079.0,18398.0,17135.0,14252.0,19368.0,19762.0,14318.0,16561.0,16762.0,14569.0,15256.0,14424.0,19038.0,17849.0,18464.0,15920.0,13665.0,15460.0,16906.0,16215.0,20910.0
144,20470.0,19548.0,18798.0,19034.0,16395.0,15025.0,16654.0,14791.0,17090.0,18430.0,17622.0,16241.0,18599.0,18939.0,15569.0,19079.0,18398.0,17135.0,14252.0,18864.0,19762.0,14318.0,16561.0,16762.0,14569.0,15256.0,14779.0,19038.0,17849.0,18464.0,15920.0,13830.0,15460.0,16906.0,16215.0,20910.0
145,20470.0,18870.0,18798.0,19034.0,16395.0,15025.0,16654.0,14791.0,17090.0,18430.0,17622.0,16241.0,18599.0,18018.0,15569.0,19079.0,18398.0,17135.0,14252.0,18864.0,19762.0,14318.0,16561.0,16762.0,14569.0,15336.0,14779.0,19038.0,17849.0,18464.0,15920.0,13830.0,15460.0,16906.0,16215.0,20910.0
146,20405.0,18870.0,18798.0,19034.0,16395.0,15025.0,16614.0,14791.0,17090.0,18430.0,17622.0,15844.0,17726.0,18018.0,15569.0,19079.0,18398.0,17135.0,14305.0,18864.0,19762.0,14318.0,16561.0,18938.0,14175.0,15336.0,14779.0,19038.0,17849.0,18464.0,15719.0,13830.0,15460.0,16906.0,16215.0,20480.0
147,20405.0,18870.0,18798.0,19034.0,16395.0,15677.0,16614.0,14791.0,17090.0,18430.0,17622.0,15844.0,17726.0,18018.0,15569.0,19079.0,18398.0,16668.0,14305.0,18864.0,19762.0,14318.0,16561.0,18938.0,14175.0,15336.0,14779.0,19038.0,17849.0,18011.0,15719.0,13830.0,15460.0,16906.0,16215.0,20480.0
148,20405.0,18870.0,18798.0,19034.0,15585.0,15677.0,16614.0,14791.0,17090.0,18430.0,16268.0,15844.0,17726.0,18018.0,15569.0,19079.0,16730.0,16668.0,14305.0,18864.0,19762.0,14318.0,16070.0,18938.0,14175.0,15336.0,14779.0,19038.0,17493.0,18011.0,15719.0,13830.0,15460.0,16906.0,15794.0,20480.0
149,20405.0,18870.0,18798.0,18867.0,15585.0,15677.0,16614.0,14791.0,17090.0,17719.0,16268.0,15844.0,17726.0,18018.0,15569.0,18784.0,16730.0,16668.0,14305.0,18864.0,19762.0,14348.0,16070.0,18938.0,14175.0,15336.0,14779.0,17742.0,17493.0,18011.0,15719.0,13830.0,15460.0,16373.0,15794.0,20480.0
150,20405.0,18870.0,18798.0,18867.0,15585.0,15677.0,16614.0,14791.0,16691.0,17719.0,16268.0,15844.0,17726.0,18018.0,15569.0,18784.0,16730.0,16668.0,14305.0,18864.0,19292.0,14348.0,16070.0,18938.0,14175.0,15336.0,14779.0,17742.0,17493.0,18011.0,15719.0,13830.0,14963.0,16373.0,15794.0,20480.0
151,20405.0,18870.0,19071.0,18867.0,15585.0,15677.0,16614.0,14758.0,16691.0,17719.0,16268.0,15844.0,17726.0,18018.0,15346.0,18784.0,16730.0,16668.0,14305.0,18938.0,19292.0,14348.0,16070.0,18938.0,14175.0,15336.0,14085.0,17742.0,17493.0,18011.0,15719.0,14044.0,14963.0,16373.0,15794.0,20480.0
152,20405.0,19108.0,19071.0,18867.0,15585.0,15677.0,16614.0,14758.0,16691.0,17719.0,16268.0,15844.0,17726.0,17506.0,15346.0,18784.0,16730.0,16668.0,14305.0,18938.0,19292.0,14348.0,16070.0,18938.0,14175.0,15584.0,14085.0,17742.0,17493.0,18011.0,15719.0,14044.0,14963.0,16373.0,15794.0,20480.0
153,19135.0,19108.0,19071.0,18867.0,15585.0,15677.0,16740.0,14758.0,16691.0,17719.0,16268.0,15822.0,16423.0,17506.0,15346.0,18784.0,16730.0,16668.0,14333.0,18938.0,19292.0,14348.0,16070.0,18910.0,14716.0,15584.0,14085.0,17742.0,17493.0,18011.0,15125.0,14044.0,14963.0,16373.0,15794.0,18006.0
154,19135.0,19108.0,19071.0,18867.0,15585.0,15447.0,16740.0,14758.0,16691.0,17719.0,16268.0,15822.0,16423.0,17506.0,15346.0,18784.0,16730.0,16192.0,14333.0,18938.0,19292.0,14348.0,16070.0,18910.0,14716.0,15584.0,14085.0,17742.0,17493.0,17131.0,15125.0,14044.0,14963.0,16373.0,15794.0,18006.0
155,19135.0,19108.0,19071.0,18867.0,14971.0,15447.0,16740.0,14758.0,16691.0,17719.0,15838.0,15822.0,16423.0,17506.0,15346.0,18784.0,16532.0,16192.0,14333.0,18938.0,19292.0,14348.0,15908.0,18910.0,14716.0,15584.0,14085.0,17742.0,21125.0,17131.0,15125.0,14044.0,14963.0,16373.0,15036.0,18006.0
156,19135.0,19108.0,19071.0,17979.0,14971.0,15447.0,16740.0,14758.0,16691.0,16476.0,15838.0,15822.0,16423.0,17506.0,15346.0,18572.0,16532.0,16192.0,14333.0,18938.0,19292.0,14393.0,15908.0,18910.0,14716.0,15584.0,14085.0,15967.0,21125.0,17131.0,15125.0,14044.0,14963.0,16379.0,15036.0,18006.0
157,19135.0,19108.0,19071.0,17979.0,14971.0,15447.0,16740.0,14758.0,16540.0,16476.0,15838.0,15822.0,16423.0,17506.0,15346.0,18572.0,16532.0,16192.0,14333.0,18938.0,18471.0,14393.0,15908.0,18910.0,14716.0,15584.0,14085.0,15967.0,21125.0,17131.0,15125.0,14044.0,14948.0,16379.0,15036.0,18006.0
158,19135.0,19108.0,18484.0,17979.0,14971.0,15447.0,16740.0,14794.0,16540.0,16476.0,15838.0,15822.0,16423.0,17506.0,15524.0,18572.0,16532.0,16192.0,14333.0,18622.0,18471.0,14393.0,15908.0,18910.0,14716.0,15584.0,13975.0,15967.0,21125.0,17131.0,15125.0,14313.0,14948.0,16379.0,15036.0,18006.0
159,19135.0,18971.0,18484.0,17979.0,14971.0,15447.0,16740.0,14794.0,16540.0,16476.0,15838.0,15822.0,16423.0,17218.0,15524.0,18572.0,16532.0,16192.0,14333.0,18622.0,18471.0,14393.0,15908.0,18910.0,14716.0,15034.0,13975.0,15967.0,21125.0,17131.0,15125.0,14313.0,14948.0,16379.0,15036.0,18006.0
160,18209.0,18971.0,18484.0,17979.0,14971.0,15447.0,16005.0,14794.0,16540.0,16476.0,15838.0,15917.0,15995.0,17218.0,15524.0,18572.0,16532.0,16192.0,13762.0,18622.0,18471.0,14393.0,15908.0,18201.0,13776.0,15034.0,13975.0,15967.0,21125.0,17131.0,15255.0,14313.0,14948.0,16379.0,15036.0,16216.0
161,18209.0,18971.0,18484.0,17979.0,14971.0,15874.0,16005.0,14794.0,16540.0,16476.0,15838.0,15917.0,15995.0,17218.0,15524.0,18572.0,16532.0,15696.0,13762.0,18622.0,18471.0,14393.0,15908.0,18201.0,13776.0,15034.0,13975.0,15967.0,21125.0,16203.0,15255.0,14313.0,14948.0,16379.0,15036.0,16216.0
162,18209.0,18971.0,18484.0,17979.0,14702.0,15874.0,16005.0,14794.0,16540.0,16476.0,15212.0,15917.0,15995.0,17218.0,15524.0,18572.0,16619.0,15696.0,13762.0,18622.0,18471.0,14393.0,15900.0,18201.0,13776.0,15034.0,13975.0,15967.0,21132.0,16203.0,15255.0,14313.0,14948.0,16379.0,14399.0,16216.0
163,18209.0,18971.0,18484.0,16734.0,14702.0,15874.0,16005.0,14794.0,16540.0,16005.0,15212.0,15917.0,15995.0,17218.0,15524.0,18393.0,16619.0,15696.0,13762.0,18622.0,18471.0,14500.0,15900.0,18201.0,13776.0,15034.0,13975.0,15319.0,21132.0,16203.0,15255.0,14313.0,14948.0,15868.0,14399.0,16216.0
164,18209.0,18971.0,18484.0,16734.0,14702.0,15874.0,16005.0,14794.0,16548.0,16005.0,15212.0,15917.0,15995.0,17218.0,15524.0,18393.0,16619.0,15696.0,13762.0,18622.0,18238.0,14500.0,15900.0,18201.0,13776.0,15034.0,13975.0,15319.0,21132.0,16203.0,15255.0,14313.0,15024.0,15868.0,14399.0,16216.0
165,18209.0,18971.0,17390.0,16734.0,14702.0,15874.0,16005.0,14892.0,16548.0,16005.0,15212.0,15917.0,15995.0,17218.0,15510.0,18393.0,16619.0,15696.0,13762.0,18102.0,18238.0,14500.0,15900.0,18201.0,13776.0,15034.0,14197.0,15319.0,21132.0,16203.0,15255.0,14283.0,15024.0,15868.0,14399.0,16216.0
166,18209.0,18457.0,17390.0,16734.0,14702.0,15874.0,16005.0,14892.0,16548.0,16005.0,15212.0,15917.0,15995.0,17352.0,15510.0,18393.0,16619.0,15696.0,13762.0,18102.0,18238.0,14500.0,15900.0,18201.0,13776.0,14817.0,14197.0,15319.0,21132.0,16203.0,15255.0,14283.0,15024.0,15868.0,14399.0,16216.0
167,16879.0,18457.0,17390.0,16734.0,14702.0,15874.0,16006.0,14892.0,16548.0,16005.0,15212.0,15113.0,15950.0,17352.0,15510.0,18393.0,16619.0,15696.0,13792.0,18102.0,18238.0,14500.0,15900.0,17792.0,13514.0,14817.0,14197.0,15319.0,21132.0,16203.0,15413.0,14283.0,15024.0,15868.0,14399.0,15794.0
168,16879.0,18457.0,17390.0,16734.0,14702.0,15785.0,16006.0,14892.0,16548.0,16005.0,15212.0,15113.0,15950.0,17352.0,15510.0,18393.0,16619.0,15299.0,13792.0,18102.0,18238.0,14500.0,15900.0,17792.0,13514.0,14817.0,14197.0,15319.0,21132.0,15439.0,15413.0,14283.0,15024.0,15868.0,14399.0,15794.0
169,16879.0,18457.0,17390.0,16734.0,14407.0,15785.0,16006.0,14892.0,16548.0,16005.0,14932.0,15113.0,15950.0,17352.0,15510.0,18393.0,16301.0,15299.0,13792.0,18102.0,18238.0,14500.0,16151.0,17792.0,13514.0,14817.0,14197.0,15319.0,19052.0,15439.0,15413.0,14283.0,15024.0,15868.0,14564.0,15794.0
170,16879.0,18457.0,17390.0,15401.0,14407.0,15785.0,16006.0,14892.0,16548.0,18570.0,14932.0,15113.0,15950.0,17352.0,15510.0,17054.0,16301.0,15299.0,13792.0,18102.0,18238.0,13832.0,16151.0,17792.0,13514.0,14817.0,14197.0,15258.0,19052.0,15439.0,15413.0,14283.0,15024.0,15458.0,14564.0,15794.0
171,16879.0,18457.0,17390.0,15401.0,14407.0,15785.0,16006.0,14892.0,16819.0,18570.0,14932.0,15113.0,15950.0,17352.0,15510.0,17054.0,16301.0,15299.0,13792.0,18102.0,17856.0,13832.0,16151.0,17792.0,13514.0,14817.0,14197.0,15258.0,19052.0,15439.0,15413.0,14283.0,14701.0,15458.0,14564.0,15794.0
172,16879.0,18457.0,16408.0,15401.0,14407.0,15785.0,16006.0,14176.0,16819.0,18570.0,14932.0,15113.0,15950.0,17352.0,15024.0,17054.0,16301.0,15299.0,13792.0,17840.0,17856.0,13832.0,16151.0,17792.0,13514.0,14817.0,14591.0,15258.0,19052.0,15439.0,15413.0,14482.0,14701.0,15458.0,14564.0,15794.0
173,16879.0,17221.0,16408.0,15401.0,14407.0,15785.0,16006.0,14176.0,16819.0,18570.0,14932.0,15113.0,15950.0,16847.0,15024.0,17054.0,16301.0,15299.0,13792.0,17840.0,17856.0,13832.0,16151.0,17792.0,13514.0,14762.0,14591.0,15258.0,19052.0,15439.0,15413.0,14482.0,14701.0,15458.0,14564.0,15794.0
174,16302.0,17221.0,16408.0,15401.0,14407.0,15785.0,15663.0,14176.0,16819.0,18570.0,14932.0,14804.0,16056.0,16847.0,15024.0,17054.0,16301.0,15299.0,13710.0,17840.0,17856.0,13832.0,16151.0,17054.0,13494.0,14762.0,14591.0,15258.0,19052.0,15439.0,14450.0,14482.0,14701.0,15458.0,14564.0,15364.0
175,16302.0,17221.0,16408.0,15401.0,14407.0,15569.0,15663.0,14176.0,16819.0,18570.0,14932.0,14804.0,16056.0,16847.0,15024.0,17054.0,16301.0,15298.0,13710.0,17840.0,17856.0,13832.0,16151.0,17054.0,13494.0,14762.0,14591.0,15258.0,19052.0,14896.0,14450.0,14482.0,14701.0,15458.0,14564.0,15364.0
176,16302.0,17221.0,16408.0,15401.0,13876.0,15569.0,15663.0,14176.0,16819.0,18570.0,15036.0,14804.0,16056.0,16847.0,15024.0,17054.0,15675.0,15298.0,13710.0,17840.0,17856.0,13832.0,15769.0,17054.0,13494.0,14762.0,14591.0,15258.0,18532.0,14896.0,14450.0,14482.0,14701.0,15458.0,14324.0,15364.0
177,16302.0,17221.0,16408.0,15112.0,13876.0,15569.0,15663.0,14176.0,16819.0,15924.0,15036.0,14804.0,16056.0,16847.0,15024.0,16231.0,15675.0,15298.0,13710.0,17840.0,17856.0,13182.0,15769.0,17054.0,13494.0,14762.0,14591.0,14602.0,18532.0,14896.0,14450.0,14482.0,14701.0,15160.0,14324.0,15364.0
178,16302.0,17221.0,16408.0,15112.0,13876.0,15569.0,15663.0,14176.0,16339.0,15924.0,15036.0,14804.0,16056.0,16847.0,15024.0,16231.0,15675.0,15298.0,13710.0,17840.0,17634.0,13182.0,15769.0,17054.0,13494.0,14762.0,14591.0,14602.0,18532.0,14896.0,14450.0,14482.0,14116.0,15160.0,14324.0,15364.0
179,16302.0,17221.0,15415.0,15112.0,13876.0,15569.0,15663.0,13603.0,16339.0,15924.0,15036.0,14804.0,16056.0,16847.0,14474.0,16231.0,15675.0,15298.0,13710.0,16173.0,17634.0,13182.0,15769.0,17054.0,13494.0,14762.0,14402.0,14602.0,18532.0,14896.0,14450.0,14693.0,14116.0,15160.0,14324.0,15364.0
180,16302.0,16404.0,15415.0,15112.0,13876.0,15569.0,15663.0,13603.0,16339.0,15924.0,15036.0,14804.0,16056.0,16486.0,14474.0,16231.0,15675.0,15298.0,13710.0,16173.0,17634.0,13182.0,15769.0,17054.0,13494.0,14403.0,14402.0,14602.0,18532.0,14896.0,14450.0,14693.0,14116.0,15160.0,14324.0,15364.0
181,15331.0,16404.0,15415.0,15112.0,13876.0,15569.0,15416.0,13603.0,16339.0,15924.0,15036.0,14891.0,16039.0,16486.0,14474.0,16231.0,15675.0,15298.0,13576.0,16173.0,17634.0,13182.0,15769.0,16639.0,14209.0,14403.0,14402.0,14602.0,18532.0,14896.0,14468.0,14693.0,14116.0,15160.0,14324.0,14294.0
182,15331.0,16404.0,15415.0,15112.0,13876.0,15036.0,15416.0,13603.0,16339.0,15924.0,15036.0,14891.0,16039.0,16486.0,14474.0,16231.0,15675.0,14827.0,13576.0,16173.0,17634.0,13182.0,15769.0,16639.0,14209.0,14403.0,14402.0,14602.0,18532.0,14829.0,14468.0,14693.0,14116.0,15160.0,14324.0,14294.0
183,15331.0,16404.0,15415.0,15112.0,13580.0,15036.0,15416.0,13603.0,16339.0,15924.0,14965.0,14891.0,16039.0,16486.0,14474.0,16231.0,15357.0,14827.0,13576.0,16173.0,17634.0,13182.0,15085.0,16639.0,14209.0,14403.0,14402.0,14602.0,16102.0,14829.0,14468.0,14693.0,14116.0,15160.0,13862.0,14294.0
184,15331.0,16404.0,15415.0,14915.0,13580.0,15036.0,15416.0,13603.0,16339.0,15884.0,14965.0,14891.0,16039.0,16486.0,14474.0,15440.0,15357.0,14827.0,13576.0,16173.0,17634.0,12787.0,15085.0,16639.0,14209.0,14403.0,14402.0,14141.0,16102.0,14829.0,14468.0,14693.0,14116.0,14592.0,13862.0,14294.0
185,15331.0,16404.0,15415.0,14915.0,13580.0,15036.0,15416.0,13603.0,15484.0,15884.0,14965.0,14891.0,16039.0,16486.0,14474.0,15440.0,15357.0,14827.0,13576.0,16173.0,16877.0,12787.0,15085.0,16639.0,14209.0,14403.0,14402.0,14141.0,16102.0,14829.0,14468.0,14693.0,13481.0,14592.0,13862.0,14294.0
186,15331.0,16404.0,16509.0,14915.0,13580.0,15036.0,15416.0,13434.0,15484.0,15884.0,14965.0,14891.0,16039.0,16486.0,13538.0,15440.0,15357.0,14827.0,13576.0,17276.0,16877.0,12787.0,15085.0,16639.0,14209.0,14403.0,13616.0,14141.0,16102.0,14829.0,14468.0,14940.0,13481.0,14592.0,13862.0,14294.0
187,15331.0,15897.0,16509.0,14915.0,13580.0,15036.0,15416.0,13434.0,15484.0,15884.0,14965.0,14891.0,16039.0,16043.0,13538.0,15440.0,15357.0,14827.0,13576.0,17276.0,16877.0,12787.0,15085.0,16639.0,14209.0,14160.0,13616.0,14141.0,16102.0,14829.0,14468.0,14940.0,13481.0,14592.0,13862.0,14294.0
188,14930.0,15897.0,16509.0,14915.0,13580.0,15036.0,15080.0,13434.0,15484.0,15884.0,14965.0,15428.0,16282.0,16043.0,13538.0,15440.0,15357.0,14827.0,13861.0,17276.0,16877.0,12787.0,15085.0,16441.0,13494.0,14160.0,13616.0,14141.0,16102.0,14829.0,13956.0,14940.0,13481.0,14592.0,13862.0,13738.0
189,14930.0,15897.0,16509.0,14915.0,13580.0,14455.0,15080.0,13434.0,15484.0,15884.0,14965.0,15428.0,16282.0,16043.0,13538.0,15440.0,15357.0,14536.0,13861.0,17276.0,16877.0,12787.0,15085.0,16441.0,13494.0,14160.0,13616.0,14141.0,16102.0,15137.0,13956.0,14940.0,13481.0,14592.0,13862.0,13738.0
190,14930.0,15897.0,16509.0,14915.0,13446.0,14455.0,15080.0,13434.0,15484.0,15884.0,14906.0,15428.0,16282.0,16043.0,13538.0,15440.0,14699.0,14536.0,13861.0,17276.0,16877.0,12787.0,15130.0,16441.0,13494.0,14160.0,13616.0,14141.0,15956.0,15137.0,13956.0,14940.0,13481.0,14592.0,13483.0,13738.0
191,14930.0,15897.0,16509.0,14579.0,13446.0,14455.0,15080.0,13434.0,15484.0,15953.0,14906.0,15428.0,16282.0,16043.0,13538.0,14476.0,14699.0,14536.0,13861.0,17276.0,16877.0,13248.0,15130.0,16441.0,13494.0,14160.0,13616.0,13386.0,15956.0,15137.0,13956.0,14940.0,13481.0,14159.0,13483.0,13738.0
192,14930.0,15897.0,16509.0,14579.0,13446.0,14455.0,15080.0,13434.0,14707.0,15953.0,14906.0,15428.0,16282.0,16043.0,13538.0,14476.0,14699.0,14536.0,13861.0,17276.0,16152.0,13248.0,15130.0,16441.0,13494.0,14160.0,13616.0,13386.0,15956.0,15137.0,13956.0,14940.0,13458.0,14159.0,13483.0,13738.0
193,14930.0,15897.0,16057.0,14579.0,13446.0,14455.0,15080.0,13397.0,14707.0,15953.0,14906.0,15428.0,16282.0,16043.0,12938.0,14476.0,14699.0,14536.0,13861.0,16178.0,16152.0,13248.0,15130.0,16441.0,13494.0,14160.0,13937.0,13386.0,15956.0,15137.0,13956.0,14943.0,13458.0,14159.0,13483.0,13738.0
194,14930.0,15510.0,16057.0,14579.0,13446.0,14455.0,15080.0,13397.0,14707.0,15953.0,14906.0,15428.0,16282.0,15050.0,12938.0,14476.0,14699.0,14536.0,13861.0,16178.0,16152.0,13248.0,15130.0,16441.0,13494.0,14022.0,13937.0,13386.0,15956.0,15137.0,13956.0,14943.0,13458.0,14159.0,13483.0,13738.0
195,14354.0,15510.0,16057.0,14579.0,13446.0,14455.0,14655.0,13397.0,14707.0,15953.0,14906.0,15447.0,16102.0,15050.0,12938.0,14476.0,14699.0,14536.0,14150.0,16178.0,16152.0,13248.0,15130.0,15993.0,13007.0,14022.0,13937.0,13386.0,15956.0,15137.0,14187.0,14943.0,13458.0,14159.0,13483.0,13179.0
196,14354.0,15510.0,16057.0,14579.0,13446.0,14014.0,14655.0,13397.0,14707.0,15953.0,14906.0,15447.0,16102.0,15050.0,12938.0,14476.0,14699.0,14309.0,14150.0,16178.0,16152.0,13248.0,15130.0,15993.0,13007.0,14022.0,13937.0,13386.0,15956.0,14742.0,14187.0,14943.0,13458.0,14159.0,13483.0,13179.0
197,14354.0,15510.0,16057.0,14579.0,13362.0,14014.0,14655.0,13397.0,14707.0,15953.0,14452.0,15447.0,16102.0,15050.0,12938.0,14476.0,14300.0,14309.0,14150.0,16178.0,16152.0,13248.0,14824.0,15993.0,13007.0,14022.0,13937.0,13386.0,15990.0,14742.0,14187.0,14943.0,13458.0,14159.0,13429.0,13179.0
198,14354.0,15510.0,16057.0,14202.0,13362.0,14014.0,14655.0,13397.0,14707.0,16077.0,14452.0,15447.0,16102.0,15050.0,12938.0,14073.0,14300.0,14309.0,14150.0,16178.0,16152.0,14106.0,14824.0,15993.0,13007.0,14022.0,13937.0,12924.0,15990.0,14742.0,14187.0,14943.0,13458.0,14036.0,13429.0,13179.0
199,14354.0,15510.0,16057.0,14202.0,13362.0,14014.0,14655.0,13397.0,14104.0,16077.0,14452.0,15447.0,16102.0,15050.0,12938.0,14073.0,14300.0,14309.0,14150.0,16178.0,15291.0,14106.0,14824.0,15993.0,13007.0,14022.0,13937.0,12924.0,15990.0,14742.0,14187.0,14943.0,13480.0,14036.0,13429.0,13179.0
200,14354.0,15510.0,15336.0,14202.0,13362.0,14014.0,14655.0,13694.0,14104.0,16077.0,14452.0,15447.0,16102.0,15050.0,12936.0,14073.0,14300.0,14309.0,14150.0,16207.0,15291.0,14106.0,14824.0,15993.0,13007.0,14022.0,14141.0,12924.0,15990.0,14742.0,14187.0,14965.0,13480.0,14036.0,13429.0,13179.0
201,14354.0,14959.0,15336.0,14202.0,13362.0,14014.0,14655.0,13694.0,14104.0,16077.0,14452.0,15447.0,16102.0,14343.0,12936.0,14073.0,14300.0,14309.0,14150.0,16207.0,15291.0,14106.0,14824.0,15993.0,13007.0,13966.0,14141.0,12924.0,15990.0,14742.0,14187.0,14965.0,13480.0,14036.0,13429.0,13179.0
202,13865.0,14959.0,15336.0,14202.0,13362.0,14014.0,14173.0,13694.0,14104.0,16077.0,14452.0,15329.0,15871.0,14343.0,12936.0,14073.0,14300.0,14309.0,14776.0,16207.0,15291.0,14106.0,14824.0,15791.0,13253.0,13966.0,14141.0,12924.0,15990.0,14742.0,14920.0,14965.0,13480.0,14036.0,13429.0,13249.0
203,13865.0,14959.0,15336.0,14202.0,13362.0,13605.0,14173.0,13694.0,14104.0,16077.0,14452.0,15329.0,15871.0,14343.0,12936.0,14073.0,14300.0,13725.0,14776.0,16207.0,15291.0,14106.0,14824.0,15791.0,13253.0,13966.0,14141.0,12924.0,15990.0,13872.0,14920.0,14965.0,13480.0,14036.0,13429.0,13249.0
204,13865.0,14959.0,15336.0,14202.0,13389.0,13605.0,14173.0,13694.0,14104.0,16077.0,14157.0,15329.0,15871.0,14343.0,12936.0,14073.0,13545.0,13725.0,14776.0,16207.0,15291.0,14106.0,14229.0,15791.0,13253.0,13966.0,14141.0,12924.0,16016.0,13872.0,14920.0,14965.0,13480.0,14036.0,13109.0,13249.0
205,13865.0,14959.0,15336.0,13937.0,13389.0,13605.0,14173.0,13694.0,14104.0,15982.0,14157.0,15329.0,15871.0,14343.0,12936.0,13620.0,13545.0,13725.0,14776.0,16207.0,15291.0,14597.0,14229.0,15791.0,13253.0,13966.0,14141.0,12842.0,16016.0,13872.0,14920.0,14965.0,13480.0,13455.0,13109.0,13249.0
206,13865.0,14959.0,15336.0,13937.0,13389.0,13605.0,14173.0,13694.0,13859.0,15982.0,14157.0,15329.0,15871.0,14343.0,12936.0,13620.0,13545.0,13725.0,14776.0,16207.0,14335.0,14597.0,14229.0,15791.0,13253.0,13966.0,14141.0,12842.0,16016.0,13872.0,14920.0,14965.0,13923.0,13455.0,13109.0,13249.0
207,13865.0,14959.0,14301.0,13937.0,13389.0,13605.0,14173.0,14192.0,13859.0,15982.0,14157.0,15329.0,15871.0,14343.0,12986.0,13620.0,13545.0,13725.0,14776.0,16399.0,14335.0,14597.0,14229.0,15791.0,13253.0,13966.0,14749.0,12842.0,16016.0,13872.0,14920.0,14917.0,13923.0,13455.0,13109.0,13249.0
208,13865.0,14903.0,14301.0,13937.0,13389.0,13605.0,14173.0,14192.0,13859.0,15982.0,14157.0,15329.0,15871.0,13850.0,12986.0,13620.0,13545.0,13725.0,14776.0,16399.0,14335.0,14597.0,14229.0,15791.0,13253.0,14416.0,14749.0,12842.0,16016.0,13872.0,14920.0,14917.0,13923.0,13455.0,13109.0,13249.0
209,13340.0,14903.0,14301.0,13937.0,13389.0,13605.0,13820.0,14192.0,13859.0,15982.0,14157.0,15135.0,14408.0,13850.0,12986.0,13620.0,13545.0,13725.0,14912.0,16399.0,14335.0,14597.0,14229.0,15245.0,13897.0,14416.0,14749.0,12842.0,16016.0,13872.0,15263.0,14917.0,13923.0,13455.0,13109.0,13328.0
210,13340.0,14903.0,14301.0,13937.0,13389.0,13512.0,13820.0,14192.0,13859.0,15982.0,14157.0,15135.0,14408.0,13850.0,12986.0,13620.0,13545.0,13357.0,14912.0,16399.0,14335.0,14597.0,14229.0,15245.0,13897.0,14416.0,14749.0,12842.0,16016.0,13346.0,15263.0,14917.0,13923.0,13455.0,13109.0,13328.0
211,13340.0,14903.0,14301.0,13937.0,13302.0,13512.0,13820.0,14192.0,13859.0,15982.0,13796.0,15135.0,14408.0,13850.0,12986.0,13620.0,13220.0,13357.0,14912.0,16399.0,14335.0,14597.0,14016.0,15245.0,13897.0,14416.0,14749.0,12842.0,15771.0,13346.0,15263.0,14917.0,13923.0,13455.0,13340.0,13328.0
212,13340.0,14903.0,14301.0,13833.0,13302.0,13512.0,13820.0,14192.0,13859.0,15510.0,13796.0,15135.0,14408.0,13850.0,12986.0,13495.0,13220.0,13357.0,14912.0,16399.0,14335.0,13472.0,14016.0,15245.0,13897.0,14416.0,14749.0,12816.0,15771.0,13346.0,15263.0,14917.0,13923.0,13246.0,13340.0,13328.0
213,13340.0,14903.0,14301.0,13833.0,13302.0,13512.0,13820.0,14192.0,13692.0,15510.0,13796.0,15135.0,14408.0,13850.0,12986.0,13495.0,13220.0,13357.0,14912.0,16399.0,14092.0,13472.0,14016.0,15245.0,13897.0,14416.0,14749.0,12816.0,15771.0,13346.0,15263.0,14917.0,14470.0,13246.0,13340.0,13328.0
214,13340.0,14903.0,13586.0,13833.0,13302.0,13512.0,13820.0,14391.0,13692.0,15510.0,13796.0,15135.0,14408.0,13850.0,13067.0,13495.0,13220.0,13357.0,14912.0,16331.0,14092.0,13472.0,14016.0,15245.0,13897.0,14416.0,14914.0,12816.0,15771.0,13346.0,15263.0,14880.0,14470.0,13246.0,13340.0,13328.0
215,13340.0,14561.0,13586.0,13833.0,13302.0,13512.0,13820.0,14391.0,13692.0,15510.0,13796.0,15135.0,14408.0,13471.0,13067.0,13495.0,13220.0,13357.0,14912.0,16331.0,14092.0,13472.0,14016.0,15245.0,13897.0,13865.0,14914.0,12816.0,15771.0,13346.0,15263.0,14880.0,14470.0,13246.0,13340.0,13328.0
216,13624.0,14561.0,13586.0,13833.0,13302.0,13512.0,13392.0,14391.0,13692.0,15510.0,13796.0,14340.0,14050.0,13471.0,13067.0,13495.0,13220.0,13357.0,14891.0,16331.0,14092.0,13472.0,14016.0,15111.0,14693.0,13865.0,14914.0,12816.0,15771.0,13346.0,15298.0,14880.0,14470.0,13246.0,13340.0,13328.0
217,13624.0,14561.0,13586.0,13833.0,13302.0,13522.0,13392.0,14391.0,13692.0,15510.0,13796.0,14340.0,14050.0,13471.0,13067.0,13495.0,13220.0,13240.0,14891.0,16331.0,14092.0,13472.0,14016.0,15111.0,14693.0,13865.0,14914.0,12816.0,15771.0,12815.0,15298.0,14880.0,14470.0,13246.0,13340.0,13328.0
218,13624.0,14561.0,13586.0,13833.0,13220.0,13522.0,13392.0,14391.0,13692.0,15510.0,13685.0,14340.0,14050.0,13471.0,13067.0,13495.0,12906.0,13240.0,14891.0,16331.0,14092.0,13472.0,13643.0,15111.0,14693.0,13865.0,14914.0,12816.0,14879.0,12815.0,15298.0,14880.0,14470.0,13246.0,13239.0,13328.0
219,13624.0,14561.0,13586.0,13534.0,13220.0,13522.0,13392.0,14391.0,13692.0,14893.0,13685.0,14340.0,14050.0,13471.0,13067.0,13299.0,12906.0,13240.0,14891.0,16331.0,14092.0,14232.0,13643.0,15111.0,14693.0,13865.0,14914.0,13000.0,14879.0,12815.0,15298.0,14880.0,14470.0,13091.0,13239.0,13328.0
220,13624.0,14561.0,13586.0,13534.0,13220.0,13522.0,13392.0,14391.0,13570.0,14893.0,13685.0,14340.0,14050.0,13471.0,13067.0,13299.0,12906.0,13240.0,14891.0,16331.0,13986.0,14232.0,13643.0,15111.0,14693.0,13865.0,14914.0,13000.0,14879.0,12815.0,15298.0,14880.0,14732.0,13091.0,13239.0,13328.0
221,13624.0,14561.0,13415.0,13534.0,13220.0,13522.0,13392.0,14576.0,13570.0,14893.0,13685.0,14340.0,14050.0,13471.0,13301.0,13299.0,12906.0,13240.0,14891.0,16366.0,13986.0,14232.0,13643.0,15111.0,14693.0,13865.0,14904.0,13000.0,14879.0,12815.0,15298.0,14868.0,14732.0,13091.0,13239.0,13328.0
222,13624.0,13996.0,13415.0,13534.0,13220.0,13522.0,13392.0,14576.0,13570.0,14893.0,13685.0,14340.0,14050.0,13523.0,13301.0,13299.0,12906.0,13240.0,14891.0,16366.0,13986.0,14232.0,13643.0,15111.0,14693.0,14218.0,14904.0,13000.0,14879.0,12815.0,15298.0,14868.0,14732.0,13091.0,13239.0,13328.0
223,13444.0,13996.0,13415.0,13534.0,13220.0,13522.0,13388.0,14576.0,13570.0,14893.0,13685.0,14800.0,13737.0,13523.0,13301.0,13299.0,12906.0,13240.0,14878.0,16366.0,13986.0,14232.0,13643.0,15235.0,14776.0,14218.0,14904.0,13000.0,14879.0,12815.0,15124.0,14868.0,14732.0,13091.0,13239.0,13482.0
224,13444.0,13996.0,13415.0,13534.0,13220.0,13547.0,13388.0,14576.0,13570.0,14893.0,13685.0,14800.0,13737.0,13523.0,13301.0,13299.0,12906.0,13124.0,14878.0,16366.0,13986.0,14232.0,13643.0,15235.0,14776.0,14218.0,14904.0,13000.0,14879.0,13403.0,15124.0,14868.0,14732.0,13091.0,13239.0,13482.0
225,13444.0,13996.0,13415.0,13534.0,13162.0,13547.0,13388.0,14576.0,13570.0,14893.0,13463.0,14800.0,13737.0,13523.0,13301.0,13299.0,12821.0,13124.0,14878.0,16366.0,13986.0,14232.0,13037.0,15235.0,14776.0,14218.0,14904.0,13000.0,14399.0,13403.0,15124.0,14868.0,14732.0,13091.0,13369.0,13482.0
226,13444.0,13996.0,13415.0,13471.0,13162.0,13547.0,13388.0,14576.0,13570.0,14616.0,13463.0,14800.0,13737.0,13523.0,13301.0,13459.0,12821.0,13124.0,14878.0,16366.0,13986.0,14506.0,13037.0,15235.0,14776.0,14218.0,14904.0,13221.0,14399.0,13403.0,15124.0,14868.0,14732.0,13059.0,13369.0,13482.0
227,13444.0,13996.0,13415.0,13471.0,13162.0,13547.0,13388.0,14576.0,13435.0,14616.0,13463.0,14800.0,13737.0,13523.0,13301.0,13459.0,12821.0,13124.0,14878.0,16366.0,13476.0,14506.0,13037.0,15235.0,14776.0,14218.0,14904.0,13221.0,14399.0,13403.0,15124.0,14868.0,14998.0,13059.0,13369.0,13482.0
228,13444.0,13996.0,13209.0,13471.0,13162.0,13547.0,13388.0,14717.0,13435.0,14616.0,13463.0,14800.0,13737.0,13523.0,13788.0,13459.0,12821.0,13124.0,14878.0,15199.0,13476.0,14506.0,13037.0,15235.0,14776.0,14218.0,14889.0,13221.0,14399.0,13403.0,15124.0,14878.0,14998.0,13059.0,13369.0,13482.0
229,13444.0,13690.0,13209.0,13471.0,13162.0,13547.0,13388.0,14717.0,13435.0,14616.0,13463.0,14800.0,13737.0,13257.0,13788.0,13459.0,12821.0,13124.0,14878.0,15199.0,13476.0,14506.0,13037.0,15235.0,14776.0,14394.0,14889.0,13221.0,14399.0,13403.0,15124.0,14878.0,14998.0,13059.0,13369.0,13482.0
230,13348.0,13690.0,13209.0,13471.0,13162.0,13547.0,13367.0,14717.0,13435.0,14616.0,13463.0,14038.0,13416.0,13257.0,13788.0,13459.0,12821.0,13124.0,13813.0,15199.0,13476.0,14506.0,13037.0,15583.0,14884.0,14394.0,14889.0,13221.0,14399.0,13403.0,14986.0,14878.0,14998.0,13059.0,13369.0,13542.0
231,13348.0,13690.0,13209.0,13471.0,13162.0,13268.0,13367.0,14717.0,13435.0,14616.0,13463.0,14038.0,13416.0,13257.0,13788.0,13459.0,12821.0,13151.0,13813.0,15199.0,13476.0,14506.0,13037.0,15583.0,14884.0,14394.0,14889.0,13221.0,14399.0,13511.0,14986.0,14878.0,14998.0,13059.0,13369.0,13542.0
232,13348.0,13690.0,13209.0,13471.0,12939.0,13268.0,13367.0,14717.0,13435.0,14616.0,13453.0,14038.0,13416.0,13257.0,13788.0,13459.0,12776.0,13151.0,13813.0,15199.0,13476.0,14506.0,12954.0,15583.0,14884.0,14394.0,14889.0,13221.0,14231.0,13511.0,14986.0,14878.0,14998.0,13059.0,13501.0,13542.0
233,13348.0,13690.0,13209.0,13417.0,12939.0,13268.0,13367.0,14717.0,13435.0,14317.0,13453.0,14038.0,13416.0,13257.0,13788.0,13592.0,12776.0,13151.0,13813.0,15199.0,13476.0,14415.0,12954.0,15583.0,14884.0,14394.0,14889.0,13681.0,14231.0,13511.0,14986.0,14878.0,14998.0,13130.0,13501.0,13542.0
234,13348.0,13690.0,13209.0,13417.0,12939.0,13268.0,13367.0,14717.0,13386.0,14317.0,13453.0,14038.0,13416.0,13257.0,13788.0,13592.0,12776.0,13151.0,13813.0,15199.0,13189.0,14415.0,12954.0,15583.0,14884.0,14394.0,14889.0,13681.0,14231.0,13511.0,14986.0,14878.0,14987.0,13130.0,13501.0,13542.0
235,13348.0,13690.0,13274.0,13417.0,12939.0,13268.0,13367.0,14836.0,13386.0,14317.0,13453.0,14038.0,13416.0,13257.0,14323.0,13592.0,12776.0,13151.0,13813.0,14499.0,13189.0,14415.0,12954.0,15583.0,14884.0,14394.0,14891.0,13681.0,14231.0,13511.0,14986.0,14868.0,14987.0,13130.0,13501.0,13542.0
236,13348.0,13489.0,13274.0,13417.0,12939.0,13268.0,13367.0,14836.0,13386.0,14317.0,13453.0,14038.0,13416.0,13223.0,14323.0,13592.0,12776.0,13151.0,13813.0,14499.0,13189.0,14415.0,12954.0,15583.0,14884.0,14154.0,14891.0,13681.0,14231.0,13511.0,14986.0,14868.0,14987.0,13130.0,13501.0,13542.0
237,13189.0,13489.0,13274.0,13417.0,12939.0,13268.0,13306.0,14836.0,13386.0,14317.0,13453.0,13628.0,13364.0,13223.0,14323.0,13592.0,12776.0,13151.0,14289.0,14499.0,13189.0,14415.0,12954.0,15544.0,14883.0,14154.0,14891.0,13681.0,14231.0,13511.0,13659.0,14868.0,14987.0,13130.0,13501.0,12316.0
238,13189.0,13489.0,13274.0,13417.0,12939.0,13199.0,13306.0,14836.0,13386.0,14317.0,13453.0,13628.0,13364.0,13223.0,14323.0,13592.0,12776.0,13355.0,14289.0,14499.0,13189.0,14415.0,12954.0,15544.0,14883.0,14154.0,14891.0,13681.0,14231.0,13502.0,13659.0,14868.0,14987.0,13130.0,13501.0,12316.0
239,13189.0,13489.0,13274.0,13417.0,13108.0,13199.0,13306.0,14836.0,13386.0,14317.0,13368.0,13628.0,13364.0,13223.0,14323.0,13592.0,12870.0,13355.0,14289.0,14499.0,13189.0,14415.0,13000.0,15544.0,14883.0,14154.0,14891.0,13681.0,13816.0,13502.0,13659.0,14868.0,14987.0,13130.0,13401.0,12316.0
240,13189.0,13489.0,13274.0,13276.0,13108.0,13199.0,13306.0,14836.0,13386.0,14481.0,13368.0,13628.0,13364.0,13223.0,14323.0,12034.0,12870.0,13355.0,14289.0,14499.0,13189.0,13958.0,13000.0,15544.0,14883.0,14154.0,14891.0,13641.0,13816.0,13502.0,13659.0,14868.0,14987.0,12701.0,13401.0,12316.0
241,13189.0,13489.0,13274.0,13276.0,13108.0,13199.0,13306.0,14836.0,13202.0,14481.0,13368.0,13628.0,13364.0,13223.0,14323.0,12034.0,12870.0,13355.0,14289.0,14499.0,13058.0,13958.0,13000.0,15544.0,14883.0,14154.0,14891.0,13641.0,13816.0,13502.0,13659.0,14868.0,15035.0,12701.0,13401.0,12316.0
242,13189.0,13489.0,13470.0,13276.0,13108.0,13199.0,13306.0,12694.0,13202.0,14481.0,13368.0,13628.0,13364.0,13223.0,14718.0,12034.0,12870.0,13355.0,14289.0,14134.0,13058.0,13958.0,13000.0,15544.0,14883.0,14154.0,14878.0,13641.0,13816.0,13502.0,13659.0,14866.0,15035.0,12701.0,13401.0,12316.0
243,13189.0,13696.0,13470.0,13276.0,13108.0,13199.0,13306.0,12694.0,13202.0,14481.0,13368.0,13628.0,13364.0,13024.0,14718.0,12034.0,12870.0,13355.0,14289.0,14134.0,13058.0,13958.0,13000.0,15544.0,14883.0,12729.0,14878.0,13641.0,13816.0,13502.0,13659.0,14866.0,15035.0,12701.0,13401.0,12316.0
244,13006.0,13696.0,13470.0,13276.0,13108.0,13199.0,12613.0,12694.0,13202.0,14481.0,13368.0,13033.0,13274.0,13024.0,14718.0,12034.0,12870.0,13355.0,14436.0,14134.0,13058.0,13958.0,13000.0,15491.0,14916.0,12729.0,14878.0,13641.0,13816.0,13502.0,14323.0,14866.0,15035.0,12701.0,13401.0,12949.0
245,13006.0,13696.0,13470.0,13276.0,13108.0,13176.0,12613.0,12694.0,13202.0,14481.0,13368.0,13033.0,13274.0,13024.0,14718.0,12034.0,12870.0,13917.0,14436.0,14134.0,13058.0,13958.0,13000.0,15491.0,14916.0,12729.0,14878.0,13641.0,13816.0,12646.0,14323.0,14866.0,15035.0,12701.0,13401.0,12949.0
246,13006.0,13696.0,13470.0,13276.0,13358.0,13176.0,12613.0,12694.0,13202.0,14481.0,13210.0,13033.0,13274.0,13024.0,14718.0,12034.0,13000.0,13917.0,14436.0,14134.0,13058.0,13958.0,13066.0,15491.0,14916.0,12729.0,14878.0,13641.0,13767.0,12646.0,14323.0,14866.0,15035.0,12701.0,13861.0,12949.0
247,13006.0,13696.0,13470.0,13320.0,13358.0,13176.0,12613.0,12694.0,13202.0,14396.0,13210.0,13033.0,13274.0,13024.0,14718.0,12524.0,13000.0,13917.0,14436.0,14134.0,13058.0,14294.0,13066.0,15491.0,14916.0,12729.0,14878.0,12818.0,13767.0,12646.0,14323.0,14866.0,15035.0,13069.0,13861.0,12949.0
248,13006.0,13696.0,13470.0,13320.0,13358.0,13176.0,12613.0,12694.0,12902.0,14396.0,13210.0,13033.0,13274.0,13024.0,14718.0,12524.0,13000.0,13917.0,14436.0,14134.0,13356.0,14294.0,13066.0,15491.0,14916.0,12729.0,14878.0,12818.0,13767.0,12646.0,14323.0,14866.0,13792.0,13069.0,13861.0,12949.0
249,13006.0,13696.0,12629.0,13320.0,13358.0,13176.0,12613.0,12557.0,12902.0,14396.0,13210.0,13033.0,13274.0,13024.0,14918.0,12524.0,13000.0,13917.0,14436.0,14131.0,13356.0,14294.0,13066.0,15491.0,14916.0,12729.0,14484.0,12818.0,13767.0,12646.0,14323.0,13713.0,13792.0,13069.0,13861.0,12949.0
250,13006.0,14032.0,12629.0,13320.0,13358.0,13176.0,12613.0,12557.0,12902.0,14396.0,13210.0,13033.0,13274.0,13200.0,14918.0,12524.0,13000.0,13917.0,14436.0,14131.0,13356.0,14294.0,13066.0,15491.0,14916.0,13473.0,14484.0,12818.0,13767.0,12646.0,14323.0,13713.0,13792.0,13069.0,13861.0,12949.0
251,12071.0,14032.0,12629.0,13320.0,13358.0,13176.0,13189.0,12557.0,12902.0,14396.0,13210.0,11329.0,13183.0,13200.0,14918.0,12524.0,13000.0,13917.0,14622.0,14131.0,13356.0,14294.0,13066.0,15407.0,14865.0,13473.0,14484.0,12818.0,13767.0,12646.0,14525.0,13713.0,13792.0,13069.0,13861.0,13015.0
252,12071.0,14032.0,12629.0,13320.0,13358.0,12987.0,13189.0,12557.0,12902.0,14396.0,13210.0,11329.0,13183.0,13200.0,14918.0,12524.0,13000.0,14446.0,14622.0,14131.0,13356.0,14294.0,13066.0,15407.0,14865.0,13473.0,14484.0,12818.0,13767.0,12869.0,14525.0,13713.0,13792.0,13069.0,13861.0,13015.0
253,12071.0,14032.0,12629.0,13320.0,13267.0,12987.0,13189.0,12557.0,12902.0,14396.0,13244.0,11329.0,13183.0,13200.0,14918.0,12524.0,12732.0,14446.0,14622.0,14131.0,13356.0,14294.0,13212.0,15407.0,14865.0,13473.0,14484.0,12818.0,13810.0,12869.0,14525.0,13713.0,13792.0,13069.0,14129.0,13015.0
254,12071.0,14032.0,12629.0,13586.0,13267.0,12987.0,13189.0,12557.0,12902.0,14607.0,13244.0,11329.0,13183.0,13200.0,14918.0,12558.0,12732.0,14446.0,14622.0,14131.0,13356.0,12794.0,13212.0,15407.0,14865.0,13473.0,14484.0,13353.0,13810.0,12869.0,14525.0,13713.0,13792.0,12285.0,14129.0,13015.0
255,12071.0,14032.0,12629.0,13586.0,13267.0,12987.0,13189.0,12557.0,12956.0,14607.0,13244.0,11329.0,13183.0,13200.0,14918.0,12558.0,12732.0,14446.0,14622.0,14131.0,12732.0,12794.0,13212.0,15407.0,14865.0,13473.0,14484.0,13353.0,13810.0,12869.0,14525.0,13713.0,14459.0,12285.0,14129.0,13015.0
256,12071.0,14032.0,13495.0,13586.0,13267.0,12987.0,13189.0,13061.0,12956.0,14607.0,13244.0,11329.0,13183.0,13200.0,14979.0,12558.0,12732.0,14446.0,14622.0,14392.0,12732.0,12794.0,13212.0,15407.0,14865.0,13473.0,14382.0,13353.0,13810.0,12869.0,14525.0,14024.0,14459.0,12285.0,14129.0,13015.0
257,12071.0,14121.0,13495.0,13586.0,13267.0,12987.0,13189.0,13061.0,12956.0,14607.0,13244.0,11329.0,13183.0,13283.0,14979.0,12558.0,12732.0,14446.0,14622.0,14392.0,12732.0,12794.0,13212.0,15407.0,14865.0,13738.0,14382.0,13353.0,13810.0,12869.0,14525.0,14024.0,14459.0,12285.0,14129.0,13015.0
258,12292.0,14121.0,13495.0,13586.0,13267.0,12987.0,12468.0,13061.0,12956.0,14607.0,13244.0,12452.0,13270.0,13283.0,14979.0,12558.0,12732.0,14446.0,14741.0,14392.0,12732.0,12794.0,13212.0,15374.0,14905.0,13738.0,14382.0,13353.0,13810.0,12869.0,12442.0,14024.0,14459.0,12285.0,14129.0,13200.0
259,12292.0,14121.0,13495.0,13586.0,13267.0,12833.0,12468.0,13061.0,12956.0,14607.0,13244.0,12452.0,13270.0,13283.0,14979.0,12558.0,12732.0,14454.0,14741.0,14392.0,12732.0,12794.0,13212.0,15374.0,14905.0,13738.0,14382.0,13353.0,13810.0,13451.0,12442.0,14024.0,14459.0,12285.0,14129.0,13200.0
260,12292.0,14121.0,13495.0,13586.0,13857.0,12833.0,12468.0,13061.0,12956.0,14607.0,13520.0,12452.0,13270.0,13283.0,14979.0,12558.0,13096.0,14454.0,14741.0,14392.0,12732.0,12794.0,13298.0,15374.0,14905.0,13738.0,14382.0,13353.0,13827.0,13451.0,12442.0,14024.0,14459.0,12285.0,12161.0,13200.0
261,12292.0,14121.0,13495.0,14155.0,13857.0,12833.0,12468.0,13061.0,12956.0,14090.0,13520.0,12452.0,13270.0,13283.0,14979.0,12461.0,13096.0,14454.0,14741.0,14392.0,12732.0,12459.0,13298.0,15374.0,14905.0,13738.0,14382.0,11854.0,13827.0,13451.0,12442.0,14024.0,14459.0,12893.0,12161.0,13200.0
262,12292.0,14121.0,13495.0,14155.0,13857.0,12833.0,12468.0,13061.0,13080.0,14090.0,13520.0,12452.0,13270.0,13283.0,14979.0,12461.0,13096.0,14454.0,14741.0,14392.0,15850.0,12459.0,13298.0,15374.0,14905.0,13738.0,14382.0,11854.0,13827.0,13451.0,12442.0,14024.0,14728.0,12893.0,12161.0,13200.0
263,12292.0,14121.0,12333.0,14155.0,13857.0,12833.0,12468.0,12622.0,13080.0,14090.0,13520.0,12452.0,13270.0,13283.0,13131.0,12461.0,13096.0,14454.0,14741.0,14071.0,15850.0,12459.0,13298.0,15374.0,14905.0,13738.0,14126.0,11854.0,13827.0,13451.0,12442.0,14013.0,14728.0,12893.0,12161.0,13200.0
264,12292.0,14232.0,12333.0,14155.0,13857.0,12833.0,12468.0,12622.0,13080.0,14090.0,13520.0,12452.0,13270.0,12471.0,13131.0,12461.0,13096.0,14454.0,14741.0,14071.0,15850.0,12459.0,13298.0,15374.0,14905.0,13465.0,14126.0,11854.0,13827.0,13451.0,12442.0,14013.0,14728.0,12893.0,12161.0,13200.0
265,15966.0,14232.0,12333.0,14155.0,13857.0,12833.0,12736.0,12622.0,13080.0,14090.0,13520.0,11802.0,13537.0,12471.0,13131.0,12461.0,13096.0,14454.0,12856.0,14071.0,15850.0,12459.0,13298.0,15339.0,14267.0,13465.0,14126.0,11854.0,13827.0,13451.0,11746.0,14013.0,14728.0,12893.0,12161.0,13049.0
266,15966.0,14232.0,12333.0,14155.0,13857.0,11325.0,12736.0,12622.0,13080.0,14090.0,13520.0,11802.0,13537.0,12471.0,13131.0,12461.0,13096.0,15003.0,12856.0,14071.0,15850.0,12459.0,13298.0,15339.0,14267.0,13465.0,14126.0,11854.0,13827.0,13144.0,11746.0,14013.0,14728.0,12893.0,12161.0,13049.0
267,15966.0,14232.0,12333.0,14155.0,14250.0,11325.0,12736.0,12622.0,13080.0,14090.0,13792.0,11802.0,13537.0,12471.0,13131.0,12461.0,13535.0,15003.0,12856.0,14071.0,15850.0,12459.0,13502.0,15339.0,14267.0,13465.0,14126.0,11854.0,13438.0,13144.0,11746.0,14013.0,14728.0,12893.0,12502.0,13049.0
268,15966.0,14232.0,12333.0,14079.0,14250.0,11325.0,12736.0,12622.0,13080.0,14160.0,13792.0,11802.0,13537.0,12471.0,13131.0,12791.0,13535.0,15003.0,12856.0,14071.0,15850.0,12915.0,13502.0,15339.0,14267.0,13465.0,14126.0,12260.0,13438.0,13144.0,11746.0,14013.0,14728.0,11651.0,12502.0,13049.0
269,15966.0,14232.0,12333.0,14079.0,14250.0,11325.0,12736.0,12622.0,11912.0,14160.0,13792.0,11802.0,13537.0,12471.0,13131.0,12791.0,13535.0,15003.0,12856.0,14071.0,16573.0,12915.0,13502.0,15339.0,14267.0,13465.0,14126.0,12260.0,13438.0,13144.0,11746.0,14013.0,12941.0,11651.0,12502.0,13049.0
270,15966.0,14232.0,12858.0,14079.0,14250.0,11325.0,12736.0,12069.0,11912.0,14160.0,13792.0,11802.0,13537.0,12471.0,13052.0,12791.0,13535.0,15003.0,12856.0,13911.0,16573.0,12915.0,13502.0,15339.0,14267.0,13465.0,14053.0,12260.0,13438.0,13144.0,11746.0,13752.0,12941.0,11651.0,12502.0,13049.0
271,15966.0,14628.0,12858.0,14079.0,14250.0,11325.0,12736.0,12069.0,11912.0,14160.0,13792.0,11802.0,13537.0,12404.0,13052.0,12791.0,13535.0,15003.0,12856.0,13911.0,16573.0,12915.0,13502.0,15339.0,14267.0,12677.0,14053.0,12260.0,13438.0,13144.0,11746.0,13752.0,12941.0,11651.0,12502.0,13049.0
272,16414.0,14628.0,12858.0,14079.0,14250.0,11325.0,12776.0,12069.0,11912.0,14160.0,13792.0,12236.0,12565.0,12404.0,13052.0,12791.0,13535.0,15003.0,13389.0,13911.0,16573.0,12915.0,13502.0,15361.0,13073.0,12677.0,14053.0,12260.0,13438.0,13144.0,12308.0,13752.0,12941.0,11651.0,12502.0,13816.0
273,16414.0,14628.0,12858.0,14079.0,14250.0,14629.0,12776.0,12069.0,11912.0,14160.0,13792.0,12236.0,12565.0,12404.0,13052.0,12791.0,13535.0,15259.0,13389.0,13911.0,16573.0,12915.0,13502.0,15361.0,13073.0,12677.0,14053.0,12260.0,13438.0,12838.0,12308.0,13752.0,12941.0,11651.0,12502.0,13816.0
274,16414.0,14628.0,12858.0,14079.0,14614.0,14629.0,12776.0,12069.0,11912.0,14160.0,14233.0,12236.0,12565.0,12404.0,13052.0,12791.0,12076.0,15259.0,13389.0,13911.0,16573.0,12915.0,12431.0,15361.0,13073.0,12677.0,14053.0,12260.0,13609.0,12838.0,12308.0,13752.0,12941.0,11651.0,12581.0,13816.0
275,16414.0,14628.0,12858.0,12321.0,14614.0,14629.0,12776.0,12069.0,11912.0,16001.0,14233.0,12236.0,12565.0,12404.0,13052.0,13155.0,12076.0,15259.0,13389.0,13911.0,16573.0,11435.0,12431.0,15361.0,13073.0,12677.0,14053.0,11753.0,13609.0,12838.0,12308.0,13752.0,12941.0,12186.0,12581.0,13816.0
276,16414.0,14628.0,12858.0,12321.0,14614.0,14629.0,12776.0,12069.0,13397.0,16001.0,14233.0,12236.0,12565.0,12404.0,13052.0,13155.0,12076.0,15259.0,13389.0,13911.0,16410.0,11435.0,12431.0,15361.0,13073.0,12677.0,14053.0,11753.0,13609.0,12838.0,12308.0,13752.0,13237.0,12186.0,12581.0,13816.0
277,16414.0,14628.0,13151.0,12321.0,14614.0,14629.0,12776.0,11820.0,13397.0,16001.0,14233.0,12236.0,12565.0,12404.0,12883.0,13155.0,12076.0,15259.0,13389.0,14092.0,16410.0,11435.0,12431.0,15361.0,13073.0,12677.0,14474.0,11753.0,13609.0,12838.0,12308.0,12134.0,13237.0,12186.0,12581.0,13816.0
278,16414.0,13957.0,13151.0,12321.0,14614.0,14629.0,12776.0,11820.0,13397.0,16001.0,14233.0,12236.0,12565.0,11985.0,12883.0,13155.0,12076.0,15259.0,13389.0,14092.0,16410.0,11435.0,12431.0,15361.0,13073.0,11628.0,14474.0,11753.0,13609.0,12838.0,12308.0,12134.0,13237.0,12186.0,12581.0,13816.0
279,16321.0,13957.0,13151.0,12321.0,14614.0,14629.0,12920.0,11820.0,13397.0,16001.0,14233.0,12686.0,12582.0,11985.0,12883.0,13155.0,12076.0,15259.0,13449.0,14092.0,16410.0,11435.0,12431.0,15345.0,13538.0,11628.0,14474.0,11753.0,13609.0,12838.0,11590.0,12134.0,13237.0,12186.0,12581.0,14146.0
280,16321.0,13957.0,13151.0,12321.0,14614.0,15865.0,12920.0,11820.0,13397.0,16001.0,14233.0,12686.0,12582.0,11985.0,12883.0,13155.0,12076.0,15262.0,13449.0,14092.0,16410.0,11435.0,12431.0,15345.0,13538.0,11628.0,14474.0,11753.0,13609.0,13151.0,11590.0,12134.0,13237.0,12186.0,12581.0,14146.0
281,16321.0,13957.0,13151.0,12321.0,14851.0,15865.0,12920.0,11820.0,13397.0,16001.0,14976.0,12686.0,12582.0,11985.0,12883.0,13155.0,14996.0,15262.0,13449.0,14092.0,16410.0,11435.0,14537.0,15345.0,13538.0,11628.0,14474.0,11753.0,15252.0,13151.0,11590.0,12134.0,13237.0,12186.0,12119.0,14146.0
282,16321.0,13957.0,13151.0,12665.0,14851.0,15865.0,12920.0,11820.0,13397.0,16601.0,14976.0,12686.0,12582.0,11985.0,12883.0,11504.0,14996.0,15262.0,13449.0,14092.0,16410.0,12258.0,14537.0,15345.0,13538.0,11628.0,14474.0,18512.0,15252.0,13151.0,11590.0,12134.0,13237.0,11546.0,12119.0,14146.0
283,16321.0,13957.0,13151.0,12665.0,14851.0,15865.0,12920.0,11820.0,15835.0,16601.0,14976.0,12686.0,12582.0,11985.0,12883.0,11504.0,14996.0,15262.0,13449.0,14092.0,16539.0,12258.0,14537.0,15345.0,13538.0,11628.0,14474.0,18512.0,15252.0,13151.0,11590.0,12134.0,12309.0,11546.0,12119.0,14146.0
284,16321.0,13957.0,13265.0,12665.0,14851.0,15865.0,12920.0,11740.0,15835.0,16601.0,14976.0,12686.0,12582.0,11985.0,12649.0,11504.0,14996.0,15262.0,13449.0,14048.0,16539.0,12258.0,14537.0,15345.0,13538.0,11628.0,14977.0,18512.0,15252.0,13151.0,11590.0,12356.0,12309.0,11546.0,12119.0,14146.0
285,16321.0,12709.0,13265.0,12665.0,14851.0,15865.0,12920.0,11740.0,15835.0,16601.0,14976.0,12686.0,12582.0,12448.0,12649.0,11504.0,14996.0,15262.0,13449.0,14048.0,16539.0,12258.0,14537.0,15345.0,13538.0,11588.0,14977.0,18512.0,15252.0,13151.0,11590.0,12356.0,12309.0,11546.0,12119.0,14146.0
286,16294.0,12709.0,13265.0,12665.0,14851.0,15865.0,13228.0,11740.0,15835.0,16601.0,14976.0,12963.0,13056.0,12448.0,12649.0,11504.0,14996.0,15262.0,11714.0,14048.0,16539.0,12258.0,14537.0,12807.0,14969.0,11588.0,14977.0,18512.0,15252.0,13151.0,12066.0,12356.0,12309.0,11546.0,12119.0,14689.0
287,16294.0,12709.0,13265.0,12665.0,14851.0,15772.0,13228.0,11740.0,15835.0,16601.0,14976.0,12963.0,13056.0,12448.0,12649.0,11504.0,14996.0,14355.0,11714.0,14048.0,16539.0,12258.0,14537.0,12807.0,14969.0,11588.0,14977.0,18512.0,15252.0,14790.0,12066.0,12356.0,12309.0,11546.0,12119.0,14689.0
288,16294.0,12709.0,13265.0,12665.0,12649.0,15772.0,13228.0,11740.0,15835.0,16601.0,15252.0,12963.0,13056.0,12448.0,12649.0,11504.0,16987.0,14355.0,11714.0,14048.0,16539.0,12258.0,14909.0,12807.0,14969.0,11588.0,14977.0,18512.0,17052.0,14790.0,12066.0,12356.0,12309.0,11546.0,12304.0,14689.0
289,16294.0,12709.0,13265.0,14658.0,12649.0,15772.0,13228.0,11740.0,15835.0,16507.0,15252.0,12963.0,13056.0,12448.0,12649.0,11905.0,16987.0,14355.0,11714.0,14048.0,16539.0,12531.0,14909.0,12807.0,14969.0,11588.0,14977.0,17905.0,17052.0,14790.0,12066.0,12356.0,12309.0,11754.0,12304.0,14689.0
290,16294.0,12709.0,13265.0,14658.0,12649.0,15772.0,13228.0,11740.0,15299.0,16507.0,15252.0,12963.0,13056.0,12448.0,12649.0,11905.0,16987.0,14355.0,11714.0,14048.0,15542.0,12531.0,14909.0,12807.0,14969.0,11588.0,14977.0,17905.0,17052.0,14790.0,12066.0,12356.0,13105.0,11754.0,12304.0,14689.0
291,16294.0,12709.0,12527.0,14658.0,12649.0,15772.0,13228.0,11746.0,15299.0,16507.0,15252.0,12963.0,13056.0,12448.0,16858.0,11905.0,16987.0,14355.0,11714.0,12784.0,15542.0,12531.0,14909.0,12807.0,14969.0,11588.0,15001.0,17905.0,17052.0,14790.0,12066.0,12422.0,13105.0,11754.0,12304.0,14689.0
292,16294.0,12140.0,12527.0,14658.0,12649.0,15772.0,13228.0,11746.0,15299.0,16507.0,15252.0,12963.0,13056.0,11664.0,16858.0,11905.0,16987.0,14355.0,11714.0,12784.0,15542.0,12531.0,14909.0,12807.0,14969.0,12045.0,15001.0,17905.0,17052.0,14790.0,12066.0,12422.0,13105.0,11754.0,12304.0,14689.0
293,15011.0,12140.0,12527.0,14658.0,12649.0,15772.0,14195.0,11746.0,15299.0,16507.0,15252.0,15547.0,13157.0,11664.0,16858.0,11905.0,16987.0,14355.0,11548.0,12784.0,15542.0,12531.0,14909.0,13081.0,17046.0,12045.0,15001.0,17905.0,17052.0,14790.0,12500.0,12422.0,13105.0,11754.0,12304.0,14805.0
294,15011.0,12140.0,12527.0,14658.0,12649.0,15161.0,14195.0,11746.0,15299.0,16507.0,15252.0,15547.0,13157.0,11664.0,16858.0,11905.0,16987.0,13298.0,11548.0,12784.0,15542.0,12531.0,14909.0,13081.0,17046.0,12045.0,15001.0,17905.0,17052.0,16466.0,12500.0,12422.0,13105.0,11754.0,12304.0,14805.0
295,15011.0,12140.0,12527.0,14658.0,12625.0,15161.0,14195.0,11746.0,15299.0,16507.0,15089.0,15547.0,13157.0,11664.0,16858.0,11905.0,16393.0,13298.0,11548.0,12784.0,15542.0,12531.0,14323.0,13081.0,17046.0,12045.0,15001.0,17905.0,17164.0,16466.0,12500.0,12422.0,13105.0,11754.0,12525.0,14805.0
296,15011.0,12140.0,12527.0,16512.0,12625.0,15161.0,14195.0,11746.0,15299.0,15826.0,15089.0,15547.0,13157.0,11664.0,16858.0,12151.0,16393.0,13298.0,11548.0,12784.0,15542.0,13469.0,14323.0,13081.0,17046.0,12045.0,15001.0,17462.0,17164.0,16466.0,12500.0,12422.0,13105.0,12374.0,12525.0,14805.0
297,15011.0,12140.0,12527.0,16512.0,12625.0,15161.0,14195.0,11746.0,14305.0,15826.0,15089.0,15547.0,13157.0,11664.0,16858.0,12151.0,16393.0,13298.0,11548.0,12784.0,15666.0,13469.0,14323.0,13081.0,17046.0,12045.0,15001.0,17462.0,17164.0,16466.0,12500.0,12422.0,17809.0,12374.0,12525.0,14805.0
298,15011.0,12140.0,14120.0,16512.0,12625.0,15161.0,14195.0,13320.0,14305.0,15826.0,15089.0,15547.0,13157.0,11664.0,16722.0,12151.0,16393.0,13298.0,11548.0,14375.0,15666.0,13469.0,14323.0,13081.0,17046.0,12045.0,13118.0,17462.0,17164.0,16466.0,12500.0,12315.0,17809.0,12374.0,12525.0,14805.0
299,15011.0,16397.0,14120.0,16512.0,12625.0,15161.0,14195.0,13320.0,14305.0,15826.0,15089.0,15547.0,13157.0,12265.0,16722.0,12151.0,16393.0,13298.0,11548.0,14375.0,15666.0,13469.0,14323.0,13081.0,17046.0,12348.0,13118.0,17462.0,17164.0,16466.0,12500.0,12315.0,17809.0,12374.0,12525.0,14805.0
300,14796.0,16397.0,14120.0,16512.0,12625.0,15161.0,14788.0,13320.0,14305.0,15826.0,15089.0,13309.0,13645.0,12265.0,16722.0,12151.0,16393.0,13298.0,12279.0,14375.0,15666.0,13469.0,14323.0,13060.0,15862.0,12348.0,13118.0,17462.0,17164.0,16466.0,14489.0,12315.0,17809.0,12374.0,12525.0,14308.0
301,14796.0,16397.0,14120.0,16512.0,12625.0,14561.0,14788.0,13320.0,14305.0,15826.0,15089.0,13309.0,13645.0,12265.0,16722.0,12151.0,16393.0,13813.0,12279.0,14375.0,15666.0,13469.0,14323.0,13060.0,15862.0,12348.0,13118.0,17462.0,17164.0,16731.0,14489.0,12315.0,17809.0,12374.0,12525.0,14308.0
302,14796.0,16397.0,14120.0,16512.0,11742.0,14561.0,14788.0,13320.0,14305.0,15826.0,13906.0,13309.0,13645.0,12265.0,16722.0,12151.0,16187.0,13813.0,12279.0,14375.0,15666.0,13469.0,13662.0,13060.0,15862.0,12348.0,13118.0,17462.0,17547.0,16731.0,14489.0,12315.0,17809.0,12374.0,15294.0,14308.0
303,14796.0,16397.0,14120.0,16471.0,11742.0,14561.0,14788.0,13320.0,14305.0,17128.0,13906.0,13309.0,13645.0,12265.0,16722.0,15145.0,16187.0,13813.0,12279.0,14375.0,15666.0,15338.0,13662.0,13060.0,15862.0,12348.0,13118.0,14360.0,17547.0,16731.0,14489.0,12315.0,17809.0,12987.0,15294.0,14308.0
304,14796.0,16397.0,14120.0,16471.0,11742.0,14561.0,14788.0,13320.0,13971.0,17128.0,13906.0,13309.0,13645.0,12265.0,16722.0,15145.0,16187.0,13813.0,12279.0,14375.0,17023.0,15338.0,13662.0,13060.0,15862.0,12348.0,13118.0,14360.0,17547.0,16731.0,14489.0,12315.0,18071.0,12987.0,15294.0,14308.0
305,14796.0,16397.0,15750.0,16471.0,11742.0,14561.0,14788.0,14341.0,13971.0,17128.0,13906.0,13309.0,13645.0,12265.0,16664.0,15145.0,16187.0,13813.0,12279.0,15029.0,17023.0,15338.0,13662.0,13060.0,15862.0,12348.0,13496.0,14360.0,17547.0,16731.0,14489.0,12647.0,18071.0,12987.0,15294.0,14308.0
306,14796.0,16210.0,15750.0,16471.0,11742.0,14561.0,14788.0,14341.0,13971.0,17128.0,13906.0,13309.0,13645.0,11633.0,16664.0,15145.0,16187.0,13813.0,12279.0,15029.0,17023.0,15338.0,13662.0,13060.0,15862.0,14699.0,13496.0,14360.0,17547.0,16731.0,14489.0,12647.0,18071.0,12987.0,15294.0,14308.0
307,15979.0,16210.0,15750.0,16471.0,11742.0,14561.0,12542.0,14341.0,13971.0,17128.0,13906.0,21730.0,15603.0,11633.0,16664.0,15145.0,16187.0,13813.0,12648.0,15029.0,17023.0,15338.0,13662.0,12865.0,15938.0,14699.0,13496.0,14360.0,17547.0,16731.0,16949.0,12647.0,18071.0,12987.0,15294.0,12618.0
308,15979.0,16210.0,15750.0,16471.0,11742.0,14550.0,12542.0,14341.0,13971.0,17128.0,13906.0,21730.0,15603.0,11633.0,16664.0,15145.0,16187.0,13449.0,12648.0,15029.0,17023.0,15338.0,13662.0,12865.0,15938.0,14699.0,13496.0,14360.0,17547.0,15464.0,16949.0,12647.0,18071.0,12987.0,15294.0,12618.0
309,15979.0,16210.0,15750.0,16471.0,12431.0,14550.0,12542.0,14341.0,13971.0,17128.0,14233.0,21730.0,15603.0,11633.0,16664.0,15145.0,15273.0,13449.0,12648.0,15029.0,17023.0,15338.0,14813.0,12865.0,15938.0,14699.0,13496.0,14360.0,18258.0,15464.0,16949.0,12647.0,18071.0,12987.0,14184.0,12618.0
310,15979.0,16210.0,15750.0,16115.0,12431.0,14550.0,12542.0,14341.0,13971.0,18232.0,14233.0,21730.0,15603.0,11633.0,16664.0,15305.0,15273.0,13449.0,12648.0,15029.0,17023.0,14532.0,14813.0,12865.0,15938.0,14699.0,13496.0,13686.0,18258.0,15464.0,16949.0,12647.0,18071.0,13022.0,14184.0,12618.0
311,15979.0,16210.0,15750.0,16115.0,12431.0,14550.0,12542.0,14341.0,14408.0,18232.0,14233.0,21730.0,15603.0,11633.0,16664.0,15305.0,15273.0,13449.0,12648.0,15029.0,15997.0,14532.0,14813.0,12865.0,15938.0,14699.0,13496.0,13686.0,18258.0,15464.0,16949.0,12647.0,17120.0,13022.0,14184.0,12618.0
312,15979.0,16210.0,16116.0,16115.0,12431.0,14550.0,12542.0,14096.0,14408.0,18232.0,14233.0,21730.0,15603.0,11633.0,18352.0,15305.0,15273.0,13449.0,12648.0,14439.0,15997.0,14532.0,14813.0,12865.0,15938.0,14699.0,13249.0,13686.0,18258.0,15464.0,16949.0,14916.0,17120.0,13022.0,14184.0,12618.0
313,15979.0,16164.0,16116.0,16115.0,12431.0,14550.0,12542.0,14096.0,14408.0,18232.0,14233.0,21730.0,15603.0,14482.0,18352.0,15305.0,15273.0,13449.0,12648.0,14439.0,15997.0,14532.0,14813.0,12865.0,15938.0,15348.0,13249.0,13686.0,18258.0,15464.0,16949.0,14916.0,17120.0,13022.0,14184.0,12618.0
314,16401.0,16164.0,16116.0,16115.0,12431.0,14550.0,14230.0,14096.0,14408.0,18232.0,14233.0,23098.0,14687.0,14482.0,18352.0,15305.0,15273.0,13449.0,12844.0,14439.0,15997.0,14532.0,14813.0,15110.0,14491.0,15348.0,13249.0,13686.0,18258.0,15464.0,12310.0,14916.0,17120.0,13022.0,14184.0,13662.0
315,16401.0,16164.0,16116.0,16115.0,12431.0,14946.0,14230.0,14096.0,14408.0,18232.0,14233.0,23098.0,14687.0,14482.0,18352.0,15305.0,15273.0,12972.0,12844.0,14439.0,15997.0,14532.0,14813.0,15110.0,14491.0,15348.0,13249.0,13686.0,18258.0,15927.0,12310.0,14916.0,17120.0,13022.0,14184.0,13662.0
316,16401.0,16164.0,16116.0,16115.0,12587.0,14946.0,14230.0,14096.0,14408.0,18232.0,14289.0,23098.0,14687.0,14482.0,18352.0,15305.0,17979.0,12972.0,12844.0,14439.0,15997.0,14532.0,16178.0,15110.0,14491.0,15348.0,13249.0,13686.0,21099.0,15927.0,12310.0,14916.0,17120.0,13022.0,16278.0,13662.0
317,16401.0,16164.0,16116.0,18221.0,12587.0,14946.0,14230.0,14096.0,14408.0,17534.0,14289.0,23098.0,14687.0,14482.0,18352.0,15475.0,17979.0,12972.0,12844.0,14439.0,15997.0,14072.0,16178.0,15110.0,14491.0,15348.0,13249.0,13029.0,21099.0,15927.0,12310.0,14916.0,17120.0,13075.0,16278.0,13662.0
318,16401.0,16164.0,16116.0,18221.0,12587.0,14946.0,14230.0,14096.0,14754.0,17534.0,14289.0,23098.0,14687.0,14482.0,18352.0,15475.0,17979.0,12972.0,12844.0,14439.0,15510.0,14072.0,16178.0,15110.0,14491.0,15348.0,13249.0,13029.0,21099.0,15927.0,12310.0,14916.0,17493.0,13075.0,16278.0,13662.0
319,16401.0,16164.0,15898.0,18221.0,12587.0,14946.0,14230.0,14125.0,14754.0,17534.0,14289.0,23098.0,14687.0,14482.0,18515.0,15475.0,17979.0,12972.0,12844.0,15222.0,15510.0,14072.0,16178.0,15110.0,14491.0,15348.0,12594.0,13029.0,21099.0,15927.0,12310.0,17609.0,17493.0,13075.0,16278.0,13662.0
320,16401.0,16936.0,15898.0,18221.0,12587.0,14946.0,14230.0,14125.0,14754.0,17534.0,14289.0,23098.0,14687.0,13678.0,18515.0,15475.0,17979.0,12972.0,12844.0,15222.0,15510.0,14072.0,16178.0,15110.0,14491.0,15166.0,12594.0,13029.0,21099.0,15927.0,12310.0,17609.0,17493.0,13075.0,16278.0,13662.0
321,16000.0,16936.0,15898.0,18221.0,12587.0,14946.0,15877.0,14125.0,14754.0,17534.0,14289.0,25006.0,14892.0,13678.0,18515.0,15475.0,17979.0,12972.0,12893.0,15222.0,15510.0,14072.0,16178.0,15223.0,13735.0,15166.0,12594.0,13029.0,21099.0,15927.0,11873.0,17609.0,17493.0,13075.0,16278.0,12812.0
322,16000.0,16936.0,15898.0,18221.0,12587.0,14749.0,15877.0,14125.0,14754.0,17534.0,14289.0,25006.0,14892.0,13678.0,18515.0,15475.0,17979.0,12740.0,12893.0,15222.0,15510.0,14072.0,16178.0,15223.0,13735.0,15166.0,12594.0,13029.0,21099.0,15950.0,11873.0,17609.0,17493.0,13075.0,16278.0,12812.0
323,16000.0,16936.0,15898.0,18221.0,12139.0,14749.0,15877.0,14125.0,14754.0,17534.0,13709.0,25006.0,14892.0,13678.0,18515.0,15475.0,17619.0,12740.0,12893.0,15222.0,15510.0,14072.0,16062.0,15223.0,13735.0,15166.0,12594.0,13029.0,19206.0,15950.0,11873.0,17609.0,17493.0,13075.0,16839.0,12812.0
324,16000.0,16936.0,15898.0,18016.0,12139.0,14749.0,15877.0,14125.0,14754.0,17329.0,13709.0,25006.0,14892.0,13678.0,18515.0,16922.0,17619.0,12740.0,12893.0,15222.0,15510.0,15648.0,16062.0,15223.0,13735.0,15166.0,12594.0,13463.0,19206.0,15950.0,11873.0,17609.0,17493.0,13124.0,16839.0,12812.0
325,16000.0,16936.0,15898.0,18016.0,12139.0,14749.0,15877.0,14125.0,14860.0,17329.0,13709.0,25006.0,14892.0,13678.0,18515.0,16922.0,17619.0,12740.0,12893.0,15222.0,15983.0,15648.0,16062.0,15223.0,13735.0,15166.0,12594.0,13463.0,19206.0,15950.0,11873.0,17609.0,17727.0,13124.0,16839.0,12812.0
326,16000.0,16936.0,15442.0,18016.0,12139.0,14749.0,15877.0,13697.0,14860.0,17329.0,13709.0,25006.0,14892.0,13678.0,24043.0,16922.0,17619.0,12740.0,12893.0,15666.0,15983.0,15648.0,16062.0,15223.0,13735.0,15166.0,12240.0,13463.0,19206.0,15950.0,11873.0,15683.0,17727.0,13124.0,16839.0,12812.0
327,16000.0,18133.0,15442.0,18016.0,12139.0,14749.0,15877.0,13697.0,14860.0,17329.0,13709.0,25006.0,14892.0,14457.0,24043.0,16922.0,17619.0,12740.0,12893.0,15666.0,15983.0,15648.0,16062.0,15223.0,13735.0,14462.0,12240.0,13463.0,19206.0,15950.0,11873.0,15683.0,17727.0,13124.0,16839.0,12812.0
328,15623.0,18133.0,15442.0,18016.0,12139.0,14749.0,15358.0,13697.0,14860.0,17329.0,13709.0,24636.0,14746.0,14457.0,24043.0,16922.0,17619.0,12740.0,14992.0,15666.0,15983.0,15648.0,16062.0,18268.0,15870.0,14462.0,12240.0,13463.0,19206.0,15950.0,12097.0,15683.0,17727.0,13124.0,16839.0,17100.0
329,15623.0,18133.0,15442.0,18016.0,12139.0,14036.0,15358.0,13697.0,14860.0,17329.0,13709.0,24636.0,14746.0,14457.0,24043.0,16922.0,17619.0,13062.0,14992.0,15666.0,15983.0,15648.0,16062.0,18268.0,15870.0,14462.0,12240.0,13463.0,19206.0,16167.0,12097.0,15683.0,17727.0,13124.0,16839.0,17100.0
330,15623.0,18133.0,15442.0,18016.0,17332.0,14036.0,15358.0,13697.0,14860.0,17329.0,13260.0,24636.0,14746.0,14457.0,24043.0,16922.0,17374.0,13062.0,14992.0,15666.0,15983.0,15648.0,17305.0,18268.0,15870.0,14462.0,12240.0,13463.0,18389.0,16167.0,12097.0,15683.0,17727.0,13124.0,16405.0,17100.0
331,15623.0,18133.0,15442.0,17637.0,17332.0,14036.0,15358.0,13697.0,14860.0,16920.0,13260.0,24636.0,14746.0,14457.0,24043.0,17882.0,17374.0,13062.0,14992.0,15666.0,15983.0,17037.0,17305.0,18268.0,15870.0,14462.0,12240.0,14375.0,18389.0,16167.0,12097.0,15683.0,17727.0,12915.0,16405.0,17100.0
332,15623.0,18133.0,15442.0,17637.0,17332.0,14036.0,15358.0,13697.0,14474.0,16920.0,13260.0,24636.0,14746.0,14457.0,24043.0,17882.0,17374.0,13062.0,14992.0,15666.0,16005.0,17037.0,17305.0,18268.0,15870.0,14462.0,12240.0,14375.0,18389.0,16167.0,12097.0,15683.0,16330.0,12915.0,16405.0,17100.0
333,15623.0,18133.0,15337.0,17637.0,17332.0,14036.0,15358.0,12573.0,14474.0,16920.0,13260.0,24636.0,14746.0,14457.0,24847.0,17882.0,17374.0,13062.0,14992.0,15951.0,16005.0,17037.0,17305.0,18268.0,15870.0,14462.0,11864.0,14375.0,18389.0,16167.0,12097.0,13774.0,16330.0,12915.0,16405.0,17100.0
334,15623.0,18075.0,15337.0,17637.0,17332.0,14036.0,15358.0,12573.0,14474.0,16920.0,13260.0,24636.0,14746.0,18586.0,24847.0,17882.0,17374.0,13062.0,14992.0,15951.0,16005.0,17037.0,17305.0,18268.0,15870.0,14637.0,11864.0,14375.0,18389.0,16167.0,12097.0,13774.0,16330.0,12915.0,16405.0,17100.0
335,15726.0,18075.0,15337.0,17637.0,17332.0,14036.0,14307.0,12573.0,14474.0,16920.0,13260.0,23924.0,14970.0,18586.0,24847.0,17882.0,17374.0,13062.0,15624.0,15951.0,16005.0,17037.0,17305.0,16867.0,15491.0,14637.0,11864.0,14375.0,18389.0,16167.0,12543.0,13774.0,16330.0,12915.0,16405.0,16011.0
336,15726.0,18075.0,15337.0,17637.0,17332.0,13462.0,14307.0,12573.0,14474.0,16920.0,13260.0,23924.0,14970.0,18586.0,24847.0,17882.0,17374.0,15206.0,15624.0,15951.0,16005.0,17037.0,17305.0,16867.0,15491.0,14637.0,11864.0,14375.0,18389.0,19707.0,12543.0,13774.0,16330.0,12915.0,16405.0,16011.0
337,15726.0,18075.0,15337.0,17637.0,15974.0,13462.0,14307.0,12573.0,14474.0,16920.0,14563.0,23924.0,14970.0,18586.0,24847.0,17882.0,17398.0,15206.0,15624.0,15951.0,16005.0,17037.0,16880.0,16867.0,15491.0,14637.0,11864.0,14375.0,18511.0,19707.0,12543.0,13774.0,16330.0,12915.0,16595.0,16011.0
338,15726.0,18075.0,15337.0,18582.0,15974.0,13462.0,14307.0,12573.0,14474.0,16635.0,14563.0,23924.0,14970.0,18586.0,24847.0,17449.0,17398.0,15206.0,15624.0,15951.0,16005.0,16457.0,16880.0,16867.0,15491.0,14637.0,11864.0,14043.0,18511.0,19707.0,12543.0,13774.0,16330.0,14527.0,16595.0,16011.0
339,15726.0,18075.0,15337.0,18582.0,15974.0,13462.0,14307.0,12573.0,14107.0,16635.0,14563.0,23924.0,14970.0,18586.0,24847.0,17449.0,17398.0,15206.0,15624.0,15951.0,19878.0,16457.0,16880.0,16867.0,15491.0,14637.0,11864.0,14043.0,18511.0,19707.0,12543.0,13774.0,13227.0,14527.0,16595.0,16011.0
340,15726.0,18075.0,15004.0,18582.0,15974.0,13462.0,14307.0,11936.0,14107.0,16635.0,14563.0,23924.0,14970.0,18586.0,25171.0,17449.0,17398.0,15206.0,15624.0,17580.0,19878.0,16457.0,16880.0,16867.0,15491.0,14637.0,11879.0,14043.0,18511.0,19707.0,12543.0,12790.0,13227.0,14527.0,16595.0,16011.0
341,15726.0,22758.0,15004.0,18582.0,15974.0,13462.0,14307.0,11936.0,14107.0,16635.0,14563.0,23924.0,14970.0,22401.0,25171.0,17449.0,17398.0,15206.0,15624.0,17580.0,19878.0,16457.0,16880.0,16867.0,15491.0,14212.0,11879.0,14043.0,18511.0,19707.0,12543.0,12790.0,13227.0,14527.0,16595.0,16011.0
342,15709.0,22758.0,15004.0,18582.0,15974.0,13462.0,12777.0,11936.0,14107.0,16635.0,14563.0,25290.0,16003.0,22401.0,25171.0,17449.0,17398.0,15206.0,13085.0,17580.0,19878.0,16457.0,16880.0,13653.0,15518.0,14212.0,11879.0,14043.0,18511.0,19707.0,12149.0,12790.0,13227.0,14527.0,16595.0,12664.0
343,15709.0,22758.0,15004.0,18582.0,15974.0,12375.0,12777.0,11936.0,14107.0,16635.0,14563.0,25290.0,16003.0,22401.0,25171.0,17449.0,17398.0,13065.0,13085.0,17580.0,19878.0,16457.0,16880.0,13653.0,15518.0,14212.0,11879.0,14043.0,18511.0,20462.0,12149.0,12790.0,13227.0,14527.0,16595.0,12664.0
344,15709.0,22758.0,15004.0,18582.0,12804.0,12375.0,12777.0,11936.0,14107.0,16635.0,18161.0,25290.0,16003.0,22401.0,25171.0,17449.0,17663.0,13065.0,13085.0,17580.0,19878.0,16457.0,16539.0,13653.0,15518.0,14212.0,11879.0,14043.0,21052.0,20462.0,12149.0,12790.0,13227.0,14527.0,18302.0,12664.0
345,15709.0,22758.0,15004.0,18255.0,12804.0,12375.0,12777.0,11936.0,14107.0,15781.0,18161.0,25290.0,16003.0,22401.0,25171.0,16899.0,17663.0,13065.0,13085.0,17580.0,19878.0,16720.0,16539.0,13653.0,15518.0,14212.0,11879.0,13327.0,21052.0,20462.0,12149.0,12790.0,13227.0,13154.0,18302.0,12664.0
346,15709.0,22758.0,15004.0,18255.0,12804.0,12375.0,12777.0,11936.0,14258.0,15781.0,18161.0,25290.0,16003.0,22401.0,25171.0,16899.0,17663.0,13065.0,13085.0,17580.0,19921.0,16720.0,16539.0,13653.0,15518.0,14212.0,11879.0,13327.0,21052.0,20462.0,12149.0,12790.0,14230.0,13154.0,18302.0,12664.0
347,15709.0,22758.0,14587.0,18255.0,12804.0,12375.0,12777.0,15522.0,14258.0,15781.0,18161.0,25290.0,16003.0,22401.0,24775.0,16899.0,17663.0,13065.0,13085.0,17445.0,19921.0,16720.0,16539.0,13653.0,15518.0,14212.0,11819.0,13327.0,21052.0,20462.0,12149.0,13048.0,14230.0,13154.0,18302.0,12664.0
348,15709.0,21011.0,14587.0,18255.0,12804.0,12375.0,12777.0,15522.0,14258.0,15781.0,18161.0,25290.0,16003.0,24155.0,24775.0,16899.0,17663.0,13065.0,13085.0,17445.0,19921.0,16720.0,16539.0,13653.0,15518.0,14363.0,11819.0,13327.0,21052.0,20462.0,12149.0,13048.0,14230.0,13154.0,18302.0,12664.0
349,21830.0,21011.0,14587.0,18255.0,12804.0,12375.0,13118.0,15522.0,14258.0,15781.0,18161.0,22928.0,15908.0,24155.0,24775.0,16899.0,17663.0,13065.0,16045.0,17445.0,19921.0,16720.0,16539.0,12449.0,21148.0,14363.0,11819.0,13327.0,21052.0,20462.0,12427.0,13048.0,14230.0,13154.0,18302.0,14277.0
350,21830.0,21011.0,14587.0,18255.0,12804.0,12132.0,13118.0,15522.0,14258.0,15781.0,18161.0,22928.0,15908.0,24155.0,24775.0,16899.0,17663.0,12860.0,16045.0,17445.0,19921.0,16720.0,16539.0,12449.0,21148.0,14363.0,11819.0,13327.0,21052.0,20933.0,12427.0,13048.0,14230.0,13154.0,18302.0,14277.0
351,21830.0,21011.0,14587.0,18255.0,12360.0,12132.0,13118.0,15522.0,14258.0,15781.0,18410.0,22928.0,15908.0,24155.0,24775.0,16899.0,19336.0,12860.0,16045.0,17445.0,19921.0,16720.0,16080.0,12449.0,21148.0,14363.0,11819.0,13327.0,19382.0,20933.0,12427.0,13048.0,14230.0,13154.0,17493.0,14277.0
352,21830.0,21011.0,14587.0,21153.0,12360.0,12132.0,13118.0,15522.0,14258.0,15235.0,18410.0,22928.0,15908.0,24155.0,24775.0,20535.0,19336.0,12860.0,16045.0,17445.0,19921.0,20084.0,16080.0,12449.0,21148.0,14363.0,11819.0,14229.0,19382.0,20933.0,12427.0,13048.0,14230.0,12023.0,17493.0,14277.0
353,21830.0,21011.0,14587.0,21153.0,12360.0,12132.0,13118.0,15522.0,14223.0,15235.0,18410.0,22928.0,15908.0,24155.0,24775.0,20535.0,19336.0,12860.0,16045.0,17445.0,18900.0,20084.0,16080.0,12449.0,21148.0,14363.0,11819.0,14229.0,19382.0,20933.0,12427.0,13048.0,14065.0,12023.0,17493.0,14277.0
354,21830.0,21011.0,12994.0,21153.0,12360.0,12132.0,13118.0,16140.0,14223.0,15235.0,18410.0,22928.0,15908.0,24155.0,25468.0,20535.0,19336.0,12860.0,16045.0,16557.0,18900.0,20084.0,16080.0,12449.0,21148.0,14363.0,11906.0,14229.0,19382.0,20933.0,12427.0,12045.0,14065.0,12023.0,17493.0,14277.0
355,21830.0,22541.0,12994.0,21153.0,12360.0,12132.0,13118.0,16140.0,14223.0,15235.0,18410.0,22928.0,15908.0,24424.0,25468.0,20535.0,19336.0,12860.0,16045.0,16557.0,18900.0,20084.0,16080.0,12449.0,21148.0,16003.0,11906.0,14229.0,19382.0,20933.0,12427.0,12045.0,14065.0,12023.0,17493.0,14277.0
356,23456.0,22541.0,12994.0,21153.0,12360.0,12132.0,16784.0,16140.0,14223.0,15235.0,18410.0,23071.0,16141.0,24424.0,25468.0,20535.0,19336.0,12860.0,16661.0,16557.0,18900.0,20084.0,16080.0,13520.0,21140.0,16003.0,11906.0,14229.0,19382.0,20933.0,12749.0,12045.0,14065.0,12023.0,17493.0,15008.0
357,23456.0,22541.0,12994.0,21153.0,12360.0,12968.0,16784.0,16140.0,14223.0,15235.0,18410.0,23071.0,16141.0,24424.0,25468.0,20535.0,19336.0,12744.0,16661.0,16557.0,18900.0,20084.0,16080.0,13520.0,21140.0,16003.0,11906.0,14229.0,19382.0,20344.0,12749.0,12045.0,14065.0,12023.0,17493.0,15008.0
358,23456.0,22541.0,12994.0,21153.0,12175.0,12968.0,16784.0,16140.0,14223.0,15235.0,18681.0,23071.0,16141.0,24424.0,25468.0,20535.0,22009.0,12744.0,16661.0,16557.0,18900.0,20084.0,15902.0,13520.0,21140.0,16003.0,11906.0,14229.0,21861.0,20344.0,12749.0,12045.0,14065.0,12023.0,16354.0,15008.0
359,23456.0,22541.0,12994.0,21808.0,12175.0,12968.0,16784.0,16140.0,14223.0,14522.0,18681.0,23071.0,16141.0,24424.0,25468.0,20641.0,22009.0,12744.0,16661.0,16557.0,18900.0,19081.0,15902.0,13520.0,21140.0,16003.0,11906.0,13857.0,21861.0,20344.0,12749.0,12045.0,14065.0,11814.0,16354.0,15008.0
360,23456.0,22541.0,12994.0,21808.0,12175.0,12968.0,16784.0,16140.0,14389.0,14522.0,18681.0,23071.0,16141.0,24424.0,25468.0,20641.0,22009.0,12744.0,16661.0,16557.0,20269.0,19081.0,15902.0,13520.0,21140.0,16003.0,11906.0,13857.0,21861.0,20344.0,12749.0,12045.0,14064.0,11814.0,16354.0,15008.0
361,23456.0,22541.0,12827.0,21808.0,12175.0,12968.0,16784.0,14966.0,14389.0,14522.0,18681.0,23071.0,16141.0,24424.0,25671.0,20641.0,22009.0,12744.0,16661.0,16387.0,20269.0,19081.0,15902.0,13520.0,21140.0,16003.0,13602.0,13857.0,21861.0,20344.0,12749.0,12027.0,14064.0,11814.0,16354.0,15008.0
362,23456.0,24323.0,12827.0,21808.0,12175.0,12968.0,16784.0,14966.0,14389.0,14522.0,18681.0,23071.0,16141.0,23546.0,25671.0,20641.0,22009.0,12744.0,16661.0,16387.0,20269.0,19081.0,15902.0,13520.0,21140.0,16572.0,13602.0,13857.0,21861.0,20344.0,12749.0,12027.0,14064.0,11814.0,16354.0,15008.0
363,22740.0,24323.0,12827.0,21808.0,12175.0,12968.0,17773.0,14966.0,14389.0,14522.0,18681.0,23258.0,16080.0,23546.0,25671.0,20641.0,22009.0,12744.0,15636.0,16387.0,20269.0,19081.0,15902.0,13774.0,22245.0,16572.0,13602.0,13857.0,21861.0,20344.0,14066.0,12027.0,14064.0,11814.0,16354.0,14786.0
364,22740.0,24323.0,12827.0,21808.0,12175.0,14051.0,17773.0,14966.0,14389.0,14522.0,18681.0,23258.0,16080.0,23546.0,25671.0,20641.0,22009.0,14183.0,15636.0,16387.0,20269.0,19081.0,15902.0,13774.0,22245.0,16572.0,13602.0,13857.0,21861.0,20217.0,14066.0,12027.0,14064.0,11814.0,16354.0,14786.0
365,22740.0,24323.0,12827.0,21808.0,12289.0,14051.0,17773.0,14966.0,14389.0,14522.0,18003.0,23258.0,16080.0,23546.0,25671.0,20641.0,22953.0,14183.0,15636.0,16387.0,20269.0,19081.0,20819.0,13774.0,22245.0,16572.0,13602.0,13857.0,20363.0,20217.0,14066.0,12027.0,14064.0,11814.0,20695.0,14786.0
