id,asset,year,rep_period,time_block_start,time_block_end,dual_balance_consumer
1,e_demand,2030,1,1,1,0.0020741918059838205
2,e_demand,2030,1,2,2,0.0020741918059838205
3,e_demand,2030,1,3,3,0.0020741918059838205
4,e_demand,2030,1,4,4,0.0020741918059838205
5,e_demand,2030,1,5,5,0.0020741918059838205
6,e_demand,2030,1,6,6,0.0020741918059838205
7,e_demand,2030,1,7,7,0.0020741918059838205
8,e_demand,2030,1,8,8,0.0020741918059838205
9,e_demand,2030,1,9,9,0.0020741918059838205
10,e_demand,2030,1,10,10,0.0020741918059838205
11,e_demand,2030,1,11,11,0.0020741918059838205
12,e_demand,2030,1,12,12,0.0020741918059838205
13,e_demand,2030,1,13,13,0.0020741918059838205
14,e_demand,2030,1,14,14,0.0020741918059838205
15,e_demand,2030,1,15,15,0.0020741918059838205
16,e_demand,2030,1,16,16,0.0020741918059838205
17,e_demand,2030,1,17,17,0.0020741918059838205
18,e_demand,2030,1,18,18,0.05185479514959551
19,e_demand,2030,1,19,19,0.05185479514959551
20,e_demand,2030,1,20,20,0.05185479514959551
21,e_demand,2030,1,21,21,0.05185479514959551
22,e_demand,2030,1,22,22,0.05185479514959551
23,e_demand,2030,1,23,23,0.05185479514959551
24,e_demand,2030,1,24,24,0.0020741918059838205
25,e_demand,2030,2,1,1,0.04392896633227148
26,e_demand,2030,2,2,2,0.04392896633227148
27,e_demand,2030,2,3,3,0.04392896633227148
28,e_demand,2030,2,4,4,0.04392896633227148
29,e_demand,2030,2,5,5,0.04392896633227148
30,e_demand,2030,2,6,6,0.04392896633227148
31,e_demand,2030,2,7,7,0.04392896633227148
32,e_demand,2030,2,8,8,0.04392896633227148
33,e_demand,2030,2,9,9,0.04392896633227148
34,e_demand,2030,2,10,10,0.04392896633227148
35,e_demand,2030,2,11,11,0.04392896633227148
36,e_demand,2030,2,12,12,0.04392896633227148
37,e_demand,2030,2,13,13,0.039645892114875014
38,e_demand,2030,2,14,14,0.039645892114875014
39,e_demand,2030,2,15,15,0.04392896633227151
40,e_demand,2030,2,16,16,0.04392896633227148
41,e_demand,2030,2,17,17,0.04392896633227148
42,e_demand,2030,2,18,18,0.04392896633227148
43,e_demand,2030,2,19,19,0.04392896633227148
44,e_demand,2030,2,20,20,0.04392896633227148
45,e_demand,2030,2,21,21,0.04392896633227148
46,e_demand,2030,2,22,22,0.04392896633227148
47,e_demand,2030,2,23,23,0.04392896633227148
48,e_demand,2030,2,24,24,0.04392896633227148
49,e_demand,2030,3,1,1,0.06515875703747778
50,e_demand,2030,3,2,2,0.06515875703747778
51,e_demand,2030,3,3,3,0.06515875703747778
52,e_demand,2030,3,4,4,0.06515875703747778
53,e_demand,2030,3,5,5,0.06515875703747778
54,e_demand,2030,3,6,6,0.06515875703747781
55,e_demand,2030,3,7,7,0.06515875703747778
56,e_demand,2030,3,8,8,0.06515875703747778
57,e_demand,2030,3,9,9,0.06515875703747778
58,e_demand,2030,3,10,10,0.06515875703747778
59,e_demand,2030,3,11,11,0.06515875703747778
60,e_demand,2030,3,12,12,0.06515875703747778
61,e_demand,2030,3,13,13,0.06515875703747778
62,e_demand,2030,3,14,14,0.06515875703747778
63,e_demand,2030,3,15,15,0.06515875703747778
64,e_demand,2030,3,16,16,0.06515875703747778
65,e_demand,2030,3,17,17,0.0912222598524689
66,e_demand,2030,3,18,18,0.0912222598524689
67,e_demand,2030,3,19,19,0.0912222598524689
68,e_demand,2030,3,20,20,0.0912222598524689
69,e_demand,2030,3,21,21,0.0912222598524689
70,e_demand,2030,3,22,22,0.0912222598524689
71,e_demand,2030,3,23,23,0.0912222598524689
72,e_demand,2030,3,24,24,0.0912222598524689
73,e_demand,2030,4,1,1,0.0015533546825641398
74,e_demand,2030,4,2,2,0.0015533546825641398
75,e_demand,2030,4,3,3,0.0015533546825641398
76,e_demand,2030,4,4,4,0.0015533546825641398
77,e_demand,2030,4,5,5,0.0015533546825641398
78,e_demand,2030,4,6,6,0.0015533546825641398
79,e_demand,2030,4,7,7,0.0015533546825641398
80,e_demand,2030,4,8,8,0.0015533546825641398
81,e_demand,2030,4,9,9,0.0015533546825641398
82,e_demand,2030,4,10,10,0.0015533546825641398
83,e_demand,2030,4,11,11,0.0015533546825641398
84,e_demand,2030,4,12,12,0.0015533546825641398
85,e_demand,2030,4,13,13,0.0015533546825641398
86,e_demand,2030,4,14,14,0.0015533546825641398
87,e_demand,2030,4,15,15,0.0015533546825641398
88,e_demand,2030,4,16,16,0.0015533546825641398
89,e_demand,2030,4,17,17,0.0015533546825641398
90,e_demand,2030,4,18,18,0.0015533546825641398
91,e_demand,2030,4,19,19,0.0015533546825641398
92,e_demand,2030,4,20,20,0.0015533546825641398
93,e_demand,2030,4,21,21,0.0015533546825641398
94,e_demand,2030,4,22,22,0.0017211686233397673
95,e_demand,2030,4,23,23,0.03883386706410352
96,e_demand,2030,4,24,24,0.03883386706410352
97,e_demand,2030,5,1,1,0.038831167905834005
98,e_demand,2030,5,2,2,0.03883116790583399
99,e_demand,2030,5,3,3,0.03504512903501518
100,e_demand,2030,5,4,4,0.03504512903501518
101,e_demand,2030,5,5,5,0.0015532467162333594
102,e_demand,2030,5,6,6,0.0015532467162333594
103,e_demand,2030,5,7,7,0.03883116790583399
104,e_demand,2030,5,8,8,0.03883116790583399
105,e_demand,2030,5,9,9,0.03883116790583399
106,e_demand,2030,5,10,10,0.03883116790583399
107,e_demand,2030,5,11,11,0.03883116790583399
108,e_demand,2030,5,12,12,0.03883116790583399
109,e_demand,2030,5,13,13,0.03883116790583399
110,e_demand,2030,5,14,14,0.03883116790583399
111,e_demand,2030,5,15,15,0.03883116790583399
112,e_demand,2030,5,16,16,0.03883116790583399
113,e_demand,2030,5,17,17,0.03883116790583399
114,e_demand,2030,5,18,18,0.03883116790583399
115,e_demand,2030,5,19,19,0.03883116790583399
116,e_demand,2030,5,20,20,0.03883116790583399
117,e_demand,2030,5,21,21,0.03883116790583399
118,e_demand,2030,5,22,22,0.03883116790583399
119,e_demand,2030,5,23,23,0.03883116790583399
120,e_demand,2030,5,24,24,0.03883116790583399
121,e_demand,2030,6,1,1,0.04246889725308835
122,e_demand,2030,6,2,2,0.04246889725308835
123,e_demand,2030,6,3,3,0.04246889725308835
124,e_demand,2030,6,4,4,0.04246889725308835
125,e_demand,2030,6,5,5,0.04246889725308835
126,e_demand,2030,6,6,6,0.04246889725308835
127,e_demand,2030,6,7,7,0.04246889725308835
128,e_demand,2030,6,8,8,0.04246889725308835
129,e_demand,2030,6,9,9,0.04246889725308835
130,e_demand,2030,6,10,10,0.04246889725308835
131,e_demand,2030,6,11,11,0.04246889725308835
132,e_demand,2030,6,12,12,0.04246889725308835
133,e_demand,2030,6,13,13,0.04246889725308836
134,e_demand,2030,6,14,14,0.04246889725308835
135,e_demand,2030,6,15,15,0.04246889725308835
136,e_demand,2030,6,16,16,0.04246889725308835
137,e_demand,2030,6,17,17,0.04246889725308835
138,e_demand,2030,6,18,18,0.04246889725308835
139,e_demand,2030,6,19,19,0.04246889725308835
140,e_demand,2030,6,20,20,0.04246889725308835
141,e_demand,2030,6,21,21,0.04246889725308835
142,e_demand,2030,6,22,22,0.04246889725308835
143,e_demand,2030,6,23,23,0.04246889725308835
144,e_demand,2030,6,24,24,0.04246889725308835
145,e_demand,2030,7,1,1,0.04154390881617914
146,e_demand,2030,7,2,2,0.04154390881617914
147,e_demand,2030,7,3,3,0.04154390881617914
148,e_demand,2030,7,4,4,0.04154390881617914
149,e_demand,2030,7,5,5,0.04154390881617914
150,e_demand,2030,7,6,6,0.04154390881617914
151,e_demand,2030,7,7,7,0.04154390881617914
152,e_demand,2030,7,8,8,0.04154390881617914
153,e_demand,2030,7,9,9,0.0016617563526471655
154,e_demand,2030,7,10,10,0.0016617563526471655
155,e_demand,2030,7,11,11,0.0016617563526471655
156,e_demand,2030,7,12,12,0.0016617563526471655
157,e_demand,2030,7,13,13,0.0
158,e_demand,2030,7,14,14,0.0
159,e_demand,2030,7,15,15,0.0016617563526471655
160,e_demand,2030,7,16,16,0.0016617563526471655
161,e_demand,2030,7,17,17,0.0016617563526471655
162,e_demand,2030,7,18,18,0.0016617563526471655
163,e_demand,2030,7,19,19,0.04154390881617914
164,e_demand,2030,7,20,20,0.04154390881617914
165,e_demand,2030,7,21,21,0.04154390881617914
166,e_demand,2030,7,22,22,0.04154390881617914
167,e_demand,2030,7,23,23,0.04154390881617914
168,e_demand,2030,7,24,24,0.04154390881617914
169,e_demand,2030,8,1,1,0.0012895285235224139
170,e_demand,2030,8,2,2,0.0012895285235224139
171,e_demand,2030,8,3,3,0.0012895285235224139
172,e_demand,2030,8,4,4,0.0012895285235224139
173,e_demand,2030,8,5,5,0.0012895285235224139
174,e_demand,2030,8,6,6,0.0012895285235224139
175,e_demand,2030,8,7,7,0.0012895285235224139
176,e_demand,2030,8,8,8,0.0012895285235224139
177,e_demand,2030,8,9,9,0.0012895285235224139
178,e_demand,2030,8,10,10,0.0012895285235224139
179,e_demand,2030,8,11,11,0.0012895285235224139
180,e_demand,2030,8,12,12,0.0012895285235224139
181,e_demand,2030,8,13,13,0.0012895285235224139
182,e_demand,2030,8,14,14,0.0012895285235224139
183,e_demand,2030,8,15,15,0.0012895285235224139
184,e_demand,2030,8,16,16,0.0012895285235224139
185,e_demand,2030,8,17,17,0.0012895285235224139
186,e_demand,2030,8,18,18,0.0012895285235224139
187,e_demand,2030,8,19,19,0.0012895285235224139
188,e_demand,2030,8,20,20,0.0012895285235224139
189,e_demand,2030,8,21,21,0.0012895285235224139
190,e_demand,2030,8,22,22,0.0012895285235224139
191,e_demand,2030,8,23,23,0.0012895285235224139
192,e_demand,2030,8,24,24,0.0012895285235224139
193,e_demand,2030,9,1,1,0.0020424824052168488
194,e_demand,2030,9,2,2,0.0020424824052168488
195,e_demand,2030,9,3,3,0.0020424824052168488
196,e_demand,2030,9,4,4,0.0020424824052168488
197,e_demand,2030,9,5,5,0.05106206013042122
198,e_demand,2030,9,6,6,0.05106206013042122
199,e_demand,2030,9,7,7,0.05106206013042122
200,e_demand,2030,9,8,8,0.05106206013042122
201,e_demand,2030,9,9,9,0.05106206013042122
202,e_demand,2030,9,10,10,0.05106206013042122
203,e_demand,2030,9,11,11,0.05106206013042122
204,e_demand,2030,9,12,12,0.05106206013042122
205,e_demand,2030,9,13,13,0.05106206013042122
206,e_demand,2030,9,14,14,0.05106206013042122
207,e_demand,2030,9,15,15,0.05106206013042122
208,e_demand,2030,9,16,16,0.05106206013042122
209,e_demand,2030,9,17,17,0.05106206013042122
210,e_demand,2030,9,18,18,0.05106206013042122
211,e_demand,2030,9,19,19,0.05106206013042122
212,e_demand,2030,9,20,20,0.05106206013042122
213,e_demand,2030,9,21,21,0.05106206013042122
214,e_demand,2030,9,22,22,0.05106206013042122
215,e_demand,2030,9,23,23,0.05106206013042122
216,e_demand,2030,9,24,24,0.05106206013042122
217,e_demand,2030,10,1,1,0.03776155363383832
218,e_demand,2030,10,2,2,0.03776155363383832
219,e_demand,2030,10,3,3,0.03776155363383832
220,e_demand,2030,10,4,4,0.03776155363383832
221,e_demand,2030,10,5,5,0.03776155363383832
222,e_demand,2030,10,6,6,0.03776155363383832
223,e_demand,2030,10,7,7,0.03776155363383832
224,e_demand,2030,10,8,8,0.03776155363383832
225,e_demand,2030,10,9,9,0.03776155363383832
226,e_demand,2030,10,10,10,0.03776155363383832
227,e_demand,2030,10,11,11,0.03776155363383832
228,e_demand,2030,10,12,12,0.03776155363383832
229,e_demand,2030,10,13,13,0.0015104621453535326
230,e_demand,2030,10,14,14,0.0015104621453535326
231,e_demand,2030,10,15,15,0.03407980215453908
232,e_demand,2030,10,16,16,0.03776155363383832
233,e_demand,2030,10,17,17,0.03776155363383832
234,e_demand,2030,10,18,18,0.03776155363383832
235,e_demand,2030,10,19,19,0.03776155363383832
236,e_demand,2030,10,20,20,0.03776155363383832
237,e_demand,2030,10,21,21,0.03776155363383832
238,e_demand,2030,10,22,22,0.03776155363383832
239,e_demand,2030,10,23,23,0.03776155363383832
240,e_demand,2030,10,24,24,0.03776155363383832
241,e_demand,2030,11,1,1,0.033199017396685654
242,e_demand,2030,11,2,2,0.033199017396685654
243,e_demand,2030,11,3,3,0.033199017396685654
244,e_demand,2030,11,4,4,0.033199017396685654
245,e_demand,2030,11,5,5,0.033199017396685654
246,e_demand,2030,11,6,6,0.033199017396685654
247,e_demand,2030,11,7,7,0.033199017396685654
248,e_demand,2030,11,8,8,0.033199017396685654
249,e_demand,2030,11,9,9,0.033199017396685654
250,e_demand,2030,11,10,10,0.033199017396685654
251,e_demand,2030,11,11,11,0.033199017396685654
252,e_demand,2030,11,12,12,0.033199017396685654
253,e_demand,2030,11,13,13,0.033199017396685654
254,e_demand,2030,11,14,14,0.033199017396685654
255,e_demand,2030,11,15,15,0.033199017396685654
256,e_demand,2030,11,16,16,0.033199017396685654
257,e_demand,2030,11,17,17,0.033199017396685654
258,e_demand,2030,11,18,18,0.033199017396685654
259,e_demand,2030,11,19,19,0.033199017396685654
260,e_demand,2030,11,20,20,0.03678561484397302
261,e_demand,2030,11,21,21,0.033199017396685654
262,e_demand,2030,11,22,22,0.033199017396685675
263,e_demand,2030,11,23,23,0.033199017396685654
264,e_demand,2030,11,24,24,0.033199017396685654
265,e_demand,2030,12,1,1,0.19045365779162848
266,e_demand,2030,12,2,2,0.19045365779162846
267,e_demand,2030,12,3,3,0.19045365779162848
268,e_demand,2030,12,4,4,0.19045365779162848
269,e_demand,2030,12,5,5,0.19045365779162848
270,e_demand,2030,12,6,6,0.19045365779162848
271,e_demand,2030,12,7,7,0.19045365779162848
272,e_demand,2030,12,8,8,0.2666351209082799
273,e_demand,2030,12,9,9,0.2666351209082799
274,e_demand,2030,12,10,10,0.2666351209082799
275,e_demand,2030,12,11,11,0.2666351209082799
276,e_demand,2030,12,12,12,0.2406381966197226
277,e_demand,2030,12,13,13,0.2406381966197226
278,e_demand,2030,12,14,14,0.2406381966197226
279,e_demand,2030,12,15,15,0.2406381966197226
280,e_demand,2030,12,16,16,0.2406381966197226
281,e_demand,2030,12,17,17,0.2666351209082799
282,e_demand,2030,12,18,18,0.2666351209082799
283,e_demand,2030,12,19,19,0.2666351209082799
284,e_demand,2030,12,20,20,0.2666351209082799
285,e_demand,2030,12,21,21,0.2666351209082799
286,e_demand,2030,12,22,22,0.2666351209082799
287,e_demand,2030,12,23,23,0.2666351209082799
288,e_demand,2030,12,24,24,0.19045365779162843
289,e_demand,2030,13,1,1,0.05256075224905108
290,e_demand,2030,13,2,2,0.05256075224905108
291,e_demand,2030,13,3,3,0.05256075224905108
292,e_demand,2030,13,4,4,0.05256075224905108
293,e_demand,2030,13,5,5,0.05256075224905108
294,e_demand,2030,13,6,6,0.05256075224905108
295,e_demand,2030,13,7,7,0.05256075224905108
296,e_demand,2030,13,8,8,0.05256075224905108
297,e_demand,2030,13,9,9,0.05256075224905108
298,e_demand,2030,13,10,10,0.002102430089962043
299,e_demand,2030,13,11,11,0.002102430089962043
300,e_demand,2030,13,12,12,0.002102430089962043
301,e_demand,2030,13,13,13,0.002102430089962043
302,e_demand,2030,13,14,14,0.002102430089962043
303,e_demand,2030,13,15,15,0.002102430089962043
304,e_demand,2030,13,16,16,0.002102430089962043
305,e_demand,2030,13,17,17,0.002102430089962043
306,e_demand,2030,13,18,18,0.002102430089962043
307,e_demand,2030,13,19,19,0.05256075224905108
308,e_demand,2030,13,20,20,0.05256075224905108
309,e_demand,2030,13,21,21,0.05256075224905108
310,e_demand,2030,13,22,22,0.05256075224905108
311,e_demand,2030,13,23,23,0.05256075224905108
312,e_demand,2030,13,24,24,0.05256075224905108
313,e_demand,2030,14,1,1,0.0013379466205677986
314,e_demand,2030,14,2,2,0.0013379466205677986
315,e_demand,2030,14,3,3,0.0013379466205677986
316,e_demand,2030,14,4,4,0.0013379466205677986
317,e_demand,2030,14,5,5,0.0013379466205677986
318,e_demand,2030,14,6,6,0.0013379466205677986
319,e_demand,2030,14,7,7,0.0013379466205677986
320,e_demand,2030,14,8,8,0.0013379466205677986
321,e_demand,2030,14,9,9,0.0013379466205677986
322,e_demand,2030,14,10,10,0.0013379466205677986
323,e_demand,2030,14,11,11,0.0013379466205677986
324,e_demand,2030,14,12,12,0.0013379466205677986
325,e_demand,2030,14,13,13,0.0013379466205677986
326,e_demand,2030,14,14,14,0.0013379466205677986
327,e_demand,2030,14,15,15,0.0013379466205677986
328,e_demand,2030,14,16,16,0.0013379466205677986
329,e_demand,2030,14,17,17,0.0013379466205677986
330,e_demand,2030,14,18,18,0.03344866551419498
331,e_demand,2030,14,19,19,0.03344866551419497
332,e_demand,2030,14,20,20,0.03344866551419497
333,e_demand,2030,14,21,21,0.03344866551419497
334,e_demand,2030,14,22,22,0.03344866551419497
335,e_demand,2030,14,23,23,0.03344866551419497
336,e_demand,2030,14,24,24,0.03344866551419497
337,e_demand,2030,15,1,1,0.04246143136189176
338,e_demand,2030,15,2,2,0.04246143136189176
339,e_demand,2030,15,3,3,0.04246143136189176
340,e_demand,2030,15,4,4,0.04246143136189176
341,e_demand,2030,15,5,5,0.04246143136189176
342,e_demand,2030,15,6,6,0.04246143136189176
343,e_demand,2030,15,7,7,0.04246143136189176
344,e_demand,2030,15,8,8,0.04246143136189176
345,e_demand,2030,15,9,9,0.04246143136189176
346,e_demand,2030,15,10,10,0.04246143136189176
347,e_demand,2030,15,11,11,0.04246143136189176
348,e_demand,2030,15,12,12,0.04246143136189176
349,e_demand,2030,15,13,13,0.04246143136189176
350,e_demand,2030,15,14,14,0.04246143136189176
351,e_demand,2030,15,15,15,0.04246143136189176
352,e_demand,2030,15,16,16,0.04246143136189176
353,e_demand,2030,15,17,17,0.04246143136189176
354,e_demand,2030,15,18,18,0.04246143136189176
355,e_demand,2030,15,19,19,0.04246143136189176
356,e_demand,2030,15,20,20,0.04246143136189176
357,e_demand,2030,15,21,21,0.04246143136189178
358,e_demand,2030,15,22,22,0.04246143136189176
359,e_demand,2030,15,23,23,0.04246143136189176
360,e_demand,2030,15,24,24,0.04246143136189176
361,e_demand,2030,16,1,1,0.035702059280989754
362,e_demand,2030,16,2,2,0.035702059280989754
363,e_demand,2030,16,3,3,0.035702059280989754
364,e_demand,2030,16,4,4,0.035702059280989754
365,e_demand,2030,16,5,5,0.035702059280989754
366,e_demand,2030,16,6,6,0.035702059280989754
367,e_demand,2030,16,7,7,0.035702059280989754
368,e_demand,2030,16,8,8,0.035702059280989754
369,e_demand,2030,16,9,9,0.035702059280989754
370,e_demand,2030,16,10,10,0.035702059280989754
371,e_demand,2030,16,11,11,0.035702059280989754
372,e_demand,2030,16,12,12,0.035702059280989754
373,e_demand,2030,16,13,13,0.035702059280989754
374,e_demand,2030,16,14,14,0.035702059280989754
375,e_demand,2030,16,15,15,0.035702059280989754
376,e_demand,2030,16,16,16,0.035702059280989754
377,e_demand,2030,16,17,17,0.035702059280989754
378,e_demand,2030,16,18,18,0.035702059280989754
379,e_demand,2030,16,19,19,0.035702059280989754
380,e_demand,2030,16,20,20,0.035702059280989754
381,e_demand,2030,16,21,21,0.035702059280989774
382,e_demand,2030,16,22,22,0.035702059280989754
383,e_demand,2030,16,23,23,0.035702059280989754
384,e_demand,2030,16,24,24,0.035702059280989754
385,e_demand,2030,17,1,1,0.04293791580867807
386,e_demand,2030,17,2,2,0.04293791580867807
387,e_demand,2030,17,3,3,0.04293791580867807
388,e_demand,2030,17,4,4,0.04293791580867807
389,e_demand,2030,17,5,5,0.04293791580867807
390,e_demand,2030,17,6,6,0.04293791580867807
391,e_demand,2030,17,7,7,0.04293791580867807
392,e_demand,2030,17,8,8,0.04293791580867807
393,e_demand,2030,17,9,9,0.04293791580867807
394,e_demand,2030,17,10,10,0.04293791580867807
395,e_demand,2030,17,11,11,0.04293791580867807
396,e_demand,2030,17,12,12,0.04293791580867807
397,e_demand,2030,17,13,13,0.04293791580867807
398,e_demand,2030,17,14,14,0.04293791580867807
399,e_demand,2030,17,15,15,0.04293791580867807
400,e_demand,2030,17,16,16,0.04293791580867807
401,e_demand,2030,17,17,17,0.04293791580867807
402,e_demand,2030,17,18,18,0.04293791580867807
403,e_demand,2030,17,19,19,0.04293791580867807
404,e_demand,2030,17,20,20,0.04293791580867807
405,e_demand,2030,17,21,21,0.04293791580867807
406,e_demand,2030,17,22,22,0.04293791580867807
407,e_demand,2030,17,23,23,0.04293791580867807
408,e_demand,2030,17,24,24,0.04293791580867807
409,e_demand,2030,18,1,1,0.0014878538204809177
410,e_demand,2030,18,2,2,0.0014878538204809177
411,e_demand,2030,18,3,3,0.0014878538204809177
412,e_demand,2030,18,4,4,0.0014878538204809177
413,e_demand,2030,18,5,5,0.0014878538204809177
414,e_demand,2030,18,6,6,0.0014878538204809177
415,e_demand,2030,18,7,7,0.0014878538204809177
416,e_demand,2030,18,8,8,0.0014878538204809177
417,e_demand,2030,18,9,9,0.0014878538204809177
418,e_demand,2030,18,10,10,0.0014878538204809177
419,e_demand,2030,18,11,11,0.0014878538204809177
420,e_demand,2030,18,12,12,0.0014878538204809177
421,e_demand,2030,18,13,13,0.0014878538204809177
422,e_demand,2030,18,14,14,0.0014878538204809177
423,e_demand,2030,18,15,15,0.0014878538204809177
424,e_demand,2030,18,16,16,0.0014878538204809177
425,e_demand,2030,18,17,17,0.0014878538204809177
426,e_demand,2030,18,18,18,0.0014878538204809177
427,e_demand,2030,18,19,19,0.0014878538204809177
428,e_demand,2030,18,20,20,0.0014878538204809177
429,e_demand,2030,18,21,21,0.037196345512022944
430,e_demand,2030,18,22,22,0.037196345512022944
431,e_demand,2030,18,23,23,0.037196345512022944
432,e_demand,2030,18,24,24,0.037196345512022944
433,e_demand,2030,19,1,1,0.04399682746165071
434,e_demand,2030,19,2,2,0.04399682746165071
435,e_demand,2030,19,3,3,0.04399682746165071
436,e_demand,2030,19,4,4,0.04399682746165071
437,e_demand,2030,19,5,5,0.04399682746165071
438,e_demand,2030,19,6,6,0.04399682746165071
439,e_demand,2030,19,7,7,0.04399682746165071
440,e_demand,2030,19,8,8,0.04399682746165071
441,e_demand,2030,19,9,9,0.04399682746165071
442,e_demand,2030,19,10,10,0.04399682746165071
443,e_demand,2030,19,11,11,0.04399682746165071
444,e_demand,2030,19,12,12,0.0017598730984660284
445,e_demand,2030,19,13,13,0.0017598730984660284
446,e_demand,2030,19,14,14,0.0017598730984660284
447,e_demand,2030,19,15,15,0.0017598730984660284
448,e_demand,2030,19,16,16,0.0017598730984660284
449,e_demand,2030,19,17,17,0.0017598730984660284
450,e_demand,2030,19,18,18,0.04399682746165071
451,e_demand,2030,19,19,19,0.04399682746165071
452,e_demand,2030,19,20,20,0.04399682746165071
453,e_demand,2030,19,21,21,0.04399682746165071
454,e_demand,2030,19,22,22,0.04399682746165071
455,e_demand,2030,19,23,23,0.04399682746165071
456,e_demand,2030,19,24,24,0.04399682746165071
457,e_demand,2030,20,1,1,0.0015414567277618155
458,e_demand,2030,20,2,2,0.0015414567277618155
459,e_demand,2030,20,3,3,0.0015414567277618155
460,e_demand,2030,20,4,4,0.0015414567277618155
461,e_demand,2030,20,5,5,0.0015414567277618155
462,e_demand,2030,20,6,6,0.0015414567277618155
463,e_demand,2030,20,7,7,0.0015414567277618155
464,e_demand,2030,20,8,8,0.0015414567277618155
465,e_demand,2030,20,9,9,0.0015414567277618155
466,e_demand,2030,20,10,10,0.0015414567277618155
467,e_demand,2030,20,11,11,0.0015414567277618155
468,e_demand,2030,20,12,12,0.0015414567277618155
469,e_demand,2030,20,13,13,0.0015414567277618155
470,e_demand,2030,20,14,14,0.0015414567277618155
471,e_demand,2030,20,15,15,0.0015414567277618155
472,e_demand,2030,20,16,16,0.0015414567277618155
473,e_demand,2030,20,17,17,0.0015414567277618155
474,e_demand,2030,20,18,18,0.0015414567277618155
475,e_demand,2030,20,19,19,0.03853641819404539
476,e_demand,2030,20,20,20,0.03853641819404541
477,e_demand,2030,20,21,21,0.03853641819404539
478,e_demand,2030,20,22,22,0.03853641819404541
479,e_demand,2030,20,23,23,0.0015414567277618155
480,e_demand,2030,20,24,24,0.0015414567277618155
481,e_demand,2030,21,1,1,0.05539668160210958
482,e_demand,2030,21,2,2,0.05539668160210958
483,e_demand,2030,21,3,3,0.05539668160210958
484,e_demand,2030,21,4,4,0.05539668160210958
485,e_demand,2030,21,5,5,0.05539668160210958
486,e_demand,2030,21,6,6,0.05539668160210958
487,e_demand,2030,21,7,7,0.05539668160210958
488,e_demand,2030,21,8,8,0.05539668160210958
489,e_demand,2030,21,9,9,0.05539668160210958
490,e_demand,2030,21,10,10,0.05539668160210958
491,e_demand,2030,21,11,11,0.05539668160210958
492,e_demand,2030,21,12,12,0.05539668160210958
493,e_demand,2030,21,13,13,0.049995505145903896
494,e_demand,2030,21,14,14,0.049995505145903896
495,e_demand,2030,21,15,15,0.002215867264084383
496,e_demand,2030,21,16,16,0.049995505145903896
497,e_demand,2030,21,17,17,0.05539668160210958
498,e_demand,2030,21,18,18,0.05539668160210958
499,e_demand,2030,21,19,19,0.05539668160210958
500,e_demand,2030,21,20,20,0.05539668160210958
501,e_demand,2030,21,21,21,0.05539668160210958
502,e_demand,2030,21,22,22,0.05539668160210958
503,e_demand,2030,21,23,23,0.05539668160210958
504,e_demand,2030,21,24,24,0.05539668160210958
505,e_demand,2030,22,1,1,0.05533052707387005
506,e_demand,2030,22,2,2,0.05533052707387005
507,e_demand,2030,22,3,3,0.05533052707387005
508,e_demand,2030,22,4,4,0.05533052707387005
509,e_demand,2030,22,5,5,0.05533052707387005
510,e_demand,2030,22,6,6,0.05533052707387005
511,e_demand,2030,22,7,7,0.05533052707387005
512,e_demand,2030,22,8,8,0.05533052707387005
513,e_demand,2030,22,9,9,0.05533052707387005
514,e_demand,2030,22,10,10,0.05533052707387005
515,e_demand,2030,22,11,11,0.002213221082954802
516,e_demand,2030,22,12,12,0.002213221082954802
517,e_demand,2030,22,13,13,0.002213221082954802
518,e_demand,2030,22,14,14,0.002213221082954802
519,e_demand,2030,22,15,15,0.002213221082954802
520,e_demand,2030,22,16,16,0.002213221082954802
521,e_demand,2030,22,17,17,0.002213221082954802
522,e_demand,2030,22,18,18,0.05533052707387005
523,e_demand,2030,22,19,19,0.05533052707387005
524,e_demand,2030,22,20,20,0.05533052707387005
525,e_demand,2030,22,21,21,0.05533052707387005
526,e_demand,2030,22,22,22,0.05533052707387005
527,e_demand,2030,22,23,23,0.05533052707387005
528,e_demand,2030,22,24,24,0.05533052707387005
529,e_demand,2030,23,1,1,0.044824909413039606
530,e_demand,2030,23,2,2,0.044824909413039606
531,e_demand,2030,23,3,3,0.044824909413039606
532,e_demand,2030,23,4,4,0.044824909413039606
533,e_demand,2030,23,5,5,0.044824909413039606
534,e_demand,2030,23,6,6,0.044824909413039606
535,e_demand,2030,23,7,7,0.044824909413039606
536,e_demand,2030,23,8,8,0.044824909413039606
537,e_demand,2030,23,9,9,0.044824909413039606
538,e_demand,2030,23,10,10,0.044824909413039606
539,e_demand,2030,23,11,11,0.0017929963765215841
540,e_demand,2030,23,12,12,0.0017929963765215841
541,e_demand,2030,23,13,13,0.0017929963765215841
542,e_demand,2030,23,14,14,0.0017929963765215841
543,e_demand,2030,23,15,15,0.0017929963765215841
544,e_demand,2030,23,16,16,0.0017929963765215841
545,e_demand,2030,23,17,17,0.0017929963765215841
546,e_demand,2030,23,18,18,0.044824909413039606
547,e_demand,2030,23,19,19,0.044824909413039606
548,e_demand,2030,23,20,20,0.044824909413039606
549,e_demand,2030,23,21,21,0.044824909413039606
550,e_demand,2030,23,22,22,0.044824909413039606
551,e_demand,2030,23,23,23,0.044824909413039606
552,e_demand,2030,23,24,24,0.044824909413039654
553,e_demand,2030,24,1,1,0.03162530352147914
554,e_demand,2030,24,2,2,0.03162530352147914
555,e_demand,2030,24,3,3,0.03162530352147914
556,e_demand,2030,24,4,4,0.03162530352147914
557,e_demand,2030,24,5,5,0.03162530352147914
558,e_demand,2030,24,6,6,0.03162530352147914
559,e_demand,2030,24,7,7,0.03162530352147914
560,e_demand,2030,24,8,8,0.031625303521479124
561,e_demand,2030,24,9,9,0.03162530352147914
562,e_demand,2030,24,10,10,0.03162530352147914
563,e_demand,2030,24,11,11,0.03162530352147913
564,e_demand,2030,24,12,12,0.03162530352147914
565,e_demand,2030,24,13,13,0.03162530352147914
566,e_demand,2030,24,14,14,0.03162530352147914
567,e_demand,2030,24,15,15,0.03162530352147914
568,e_demand,2030,24,16,16,0.03162530352147914
569,e_demand,2030,24,17,17,0.03162530352147914
570,e_demand,2030,24,18,18,0.0442754249300708
571,e_demand,2030,24,19,19,0.0442754249300708
572,e_demand,2030,24,20,20,0.0442754249300708
573,e_demand,2030,24,21,21,0.0442754249300708
574,e_demand,2030,24,22,22,0.0442754249300708
575,e_demand,2030,24,23,23,0.0442754249300708
576,e_demand,2030,24,24,24,0.03162530352147914
577,e_demand,2030,25,1,1,0.039086442084687596
578,e_demand,2030,25,2,2,0.0015634576833875038
579,e_demand,2030,25,3,3,0.0015634576833875038
580,e_demand,2030,25,4,4,0.0015634576833875038
581,e_demand,2030,25,5,5,0.0015634576833875038
582,e_demand,2030,25,6,6,0.0015634576833875038
583,e_demand,2030,25,7,7,0.0015634576833875038
584,e_demand,2030,25,8,8,0.0017323630840858767
585,e_demand,2030,25,9,9,0.039086442084687596
586,e_demand,2030,25,10,10,0.039086442084687596
587,e_demand,2030,25,11,11,0.0017323630840858767
588,e_demand,2030,25,12,12,0.0015634576833875038
589,e_demand,2030,25,13,13,0.0015634576833875038
590,e_demand,2030,25,14,14,0.0015634576833875038
591,e_demand,2030,25,15,15,0.0015634576833875038
592,e_demand,2030,25,16,16,0.0015634576833875038
593,e_demand,2030,25,17,17,0.039086442084687596
594,e_demand,2030,25,18,18,0.039086442084687596
595,e_demand,2030,25,19,19,0.039086442084687596
596,e_demand,2030,25,20,20,0.039086442084687596
597,e_demand,2030,25,21,21,0.039086442084687596
598,e_demand,2030,25,22,22,0.039086442084687596
599,e_demand,2030,25,23,23,0.039086442084687596
600,e_demand,2030,25,24,24,0.039086442084687596
601,e_demand,2030,26,1,1,0.028754699854030494
602,e_demand,2030,26,2,2,0.028754699854030494
603,e_demand,2030,26,3,3,0.028754699854030494
604,e_demand,2030,26,4,4,0.028754699854030494
605,e_demand,2030,26,5,5,0.028754699854030494
606,e_demand,2030,26,6,6,0.028754699854030494
607,e_demand,2030,26,7,7,0.028754699854030494
608,e_demand,2030,26,8,8,0.028754699854030494
609,e_demand,2030,26,9,9,0.028754699854030494
610,e_demand,2030,26,10,10,0.028754699854030494
611,e_demand,2030,26,11,11,0.028754699854030494
612,e_demand,2030,26,12,12,0.028754699854030494
613,e_demand,2030,26,13,13,0.028754699854030494
614,e_demand,2030,26,14,14,0.028754699854030494
615,e_demand,2030,26,15,15,0.028754699854030494
616,e_demand,2030,26,16,16,0.028754699854030494
617,e_demand,2030,26,17,17,0.028754699854030494
618,e_demand,2030,26,18,18,0.028754699854030494
619,e_demand,2030,26,19,19,0.028754699854030518
620,e_demand,2030,26,20,20,0.028754699854030518
621,e_demand,2030,26,21,21,0.028754699854030518
622,e_demand,2030,26,22,22,0.028754699854030494
623,e_demand,2030,26,23,23,0.028754699854030494
624,e_demand,2030,26,24,24,0.028754699854030494
625,e_demand,2030,27,1,1,0.001471655353465921
626,e_demand,2030,27,2,2,0.001471655353465921
627,e_demand,2030,27,3,3,0.001471655353465921
628,e_demand,2030,27,4,4,0.001471655353465921
629,e_demand,2030,27,5,5,0.001471655353465921
630,e_demand,2030,27,6,6,0.001471655353465921
631,e_demand,2030,27,7,7,0.001471655353465921
632,e_demand,2030,27,8,8,0.001471655353465921
633,e_demand,2030,27,9,9,0.001471655353465921
634,e_demand,2030,27,10,10,0.001471655353465921
635,e_demand,2030,27,11,11,0.001471655353465921
636,e_demand,2030,27,12,12,0.001471655353465921
637,e_demand,2030,27,13,13,0.001471655353465921
638,e_demand,2030,27,14,14,0.001471655353465921
639,e_demand,2030,27,15,15,0.001471655353465921
640,e_demand,2030,27,16,16,0.001471655353465921
641,e_demand,2030,27,17,17,0.001471655353465921
642,e_demand,2030,27,18,18,0.001471655353465921
643,e_demand,2030,27,19,19,0.001471655353465921
644,e_demand,2030,27,20,20,0.001471655353465921
645,e_demand,2030,27,21,21,0.001471655353465921
646,e_demand,2030,27,22,22,0.001471655353465921
647,e_demand,2030,27,23,23,0.001471655353465921
648,e_demand,2030,27,24,24,0.001471655353465921
649,e_demand,2030,28,1,1,0.039911951733454076
650,e_demand,2030,28,2,2,0.039911951733454076
651,e_demand,2030,28,3,3,0.039911951733454076
652,e_demand,2030,28,4,4,0.039911951733454076
653,e_demand,2030,28,5,5,0.039911951733454076
654,e_demand,2030,28,6,6,0.039911951733454076
655,e_demand,2030,28,7,7,0.039911951733454076
656,e_demand,2030,28,8,8,0.039911951733454076
657,e_demand,2030,28,9,9,0.039911951733454076
658,e_demand,2030,28,10,10,0.039911951733454076
659,e_demand,2030,28,11,11,0.039911951733454076
660,e_demand,2030,28,12,12,0.039911951733454076
661,e_demand,2030,28,13,13,0.039911951733454076
662,e_demand,2030,28,14,14,0.039911951733454076
663,e_demand,2030,28,15,15,0.039911951733454076
664,e_demand,2030,28,16,16,0.039911951733454076
665,e_demand,2030,28,17,17,0.039911951733454076
666,e_demand,2030,28,18,18,0.039911951733454076
667,e_demand,2030,28,19,19,0.039911951733454076
668,e_demand,2030,28,20,20,0.039911951733454076
669,e_demand,2030,28,21,21,0.039911951733454076
670,e_demand,2030,28,22,22,0.039911951733454076
671,e_demand,2030,28,23,23,0.039911951733454076
672,e_demand,2030,28,24,24,0.039911951733454076
673,e_demand,2030,29,1,1,0.05693587114938438
674,e_demand,2030,29,2,2,0.05693587114938438
675,e_demand,2030,29,3,3,0.05693587114938441
676,e_demand,2030,29,4,4,0.05693587114938438
677,e_demand,2030,29,5,5,0.05693587114938438
678,e_demand,2030,29,6,6,0.05693587114938438
679,e_demand,2030,29,7,7,0.05693587114938438
680,e_demand,2030,29,8,8,0.05693587114938438
681,e_demand,2030,29,9,9,0.05693587114938438
682,e_demand,2030,29,10,10,0.05693587114938438
683,e_demand,2030,29,11,11,0.05693587114938438
684,e_demand,2030,29,12,12,0.05693587114938438
685,e_demand,2030,29,13,13,0.05693587114938438
686,e_demand,2030,29,14,14,0.05693587114938439
687,e_demand,2030,29,15,15,0.05693587114938438
688,e_demand,2030,29,16,16,0.05693587114938438
689,e_demand,2030,29,17,17,0.05693587114938438
690,e_demand,2030,29,18,18,0.05693587114938438
691,e_demand,2030,29,19,19,0.05693587114938438
692,e_demand,2030,29,20,20,0.05693587114938438
693,e_demand,2030,29,21,21,0.05693587114938438
694,e_demand,2030,29,22,22,0.05693587114938438
695,e_demand,2030,29,23,23,0.05693587114938438
696,e_demand,2030,29,24,24,0.05693587114938438
697,e_demand,2030,30,1,1,0.03418669362393311
698,e_demand,2030,30,2,2,0.03418669362393311
699,e_demand,2030,30,3,3,0.03418669362393311
700,e_demand,2030,30,4,4,0.03418669362393311
701,e_demand,2030,30,5,5,0.03418669362393311
702,e_demand,2030,30,6,6,0.03418669362393311
703,e_demand,2030,30,7,7,0.03418669362393311
704,e_demand,2030,30,8,8,0.03418669362393311
705,e_demand,2030,30,9,9,0.03418669362393311
706,e_demand,2030,30,10,10,0.03418669362393311
707,e_demand,2030,30,11,11,0.0013674677449573246
708,e_demand,2030,30,12,12,0.0013674677449573246
709,e_demand,2030,30,13,13,0.0013674677449573246
710,e_demand,2030,30,14,14,0.0013674677449573246
711,e_demand,2030,30,15,15,0.0013674677449573246
712,e_demand,2030,30,16,16,0.0013674677449573246
713,e_demand,2030,30,17,17,0.0013674677449573246
714,e_demand,2030,30,18,18,0.03418669362393311
715,e_demand,2030,30,19,19,0.03418669362393311
716,e_demand,2030,30,20,20,0.03418669362393311
717,e_demand,2030,30,21,21,0.03418669362393311
718,e_demand,2030,30,22,22,0.03418669362393311
719,e_demand,2030,30,23,23,0.03418669362393311
720,e_demand,2030,30,24,24,0.03418669362393311
721,e_demand,2030,31,1,1,0.04645767252554624
722,e_demand,2030,31,2,2,0.04645767252554624
723,e_demand,2030,31,3,3,0.04645767252554624
724,e_demand,2030,31,4,4,0.04645767252554624
725,e_demand,2030,31,5,5,0.04645767252554624
726,e_demand,2030,31,6,6,0.04645767252554624
727,e_demand,2030,31,7,7,0.04645767252554624
728,e_demand,2030,31,8,8,0.04645767252554624
729,e_demand,2030,31,9,9,0.04645767252554624
730,e_demand,2030,31,10,10,0.04645767252554624
731,e_demand,2030,31,11,11,0.04645767252554624
732,e_demand,2030,31,12,12,0.04192804945430548
733,e_demand,2030,31,13,13,0.0018583069010218495
734,e_demand,2030,31,14,14,0.0018583069010218495
735,e_demand,2030,31,15,15,0.04192804945430548
736,e_demand,2030,31,16,16,0.04645767252554624
737,e_demand,2030,31,17,17,0.04645767252554624
738,e_demand,2030,31,18,18,0.04645767252554624
739,e_demand,2030,31,19,19,0.04645767252554624
740,e_demand,2030,31,20,20,0.04645767252554624
741,e_demand,2030,31,21,21,0.04645767252554624
742,e_demand,2030,31,22,22,0.04645767252554624
743,e_demand,2030,31,23,23,0.04645767252554624
744,e_demand,2030,31,24,24,0.04645767252554624
745,e_demand,2030,32,1,1,0.0013692947890820509
746,e_demand,2030,32,2,2,0.0013692947890820509
747,e_demand,2030,32,3,3,0.0013692947890820509
748,e_demand,2030,32,4,4,0.0013692947890820509
749,e_demand,2030,32,5,5,0.0013692947890820509
750,e_demand,2030,32,6,6,0.0013692947890820509
751,e_demand,2030,32,7,7,0.0013692947890820509
752,e_demand,2030,32,8,8,0.001517224143027203
753,e_demand,2030,32,9,9,0.001517224143027203
754,e_demand,2030,32,10,10,0.0013692947890820509
755,e_demand,2030,32,11,11,0.0013692947890820509
756,e_demand,2030,32,12,12,0.0013692947890820509
757,e_demand,2030,32,13,13,0.0013692947890820509
758,e_demand,2030,32,14,14,0.0013692947890820509
759,e_demand,2030,32,15,15,0.0013692947890820509
760,e_demand,2030,32,16,16,0.0013692947890820509
761,e_demand,2030,32,17,17,0.0013692947890820509
762,e_demand,2030,32,18,18,0.0013692947890820509
763,e_demand,2030,32,19,19,0.03423236972705129
764,e_demand,2030,32,20,20,0.03423236972705127
765,e_demand,2030,32,21,21,0.03423236972705127
766,e_demand,2030,32,22,22,0.03423236972705127
767,e_demand,2030,32,23,23,0.03423236972705127
768,e_demand,2030,32,24,24,0.03423236972705127
769,e_demand,2030,33,1,1,0.03099213064120504
770,e_demand,2030,33,2,2,0.03099213064120504
771,e_demand,2030,33,3,3,0.03099213064120504
772,e_demand,2030,33,4,4,0.03434031095978398
773,e_demand,2030,33,5,5,0.034340310959784
774,e_demand,2030,33,6,6,0.03434031095978398
775,e_demand,2030,33,7,7,0.03434031095978398
776,e_demand,2030,33,8,8,0.03434031095978398
777,e_demand,2030,33,9,9,0.03434031095978398
778,e_demand,2030,33,10,10,0.03434031095978398
779,e_demand,2030,33,11,11,0.001373612438391359
780,e_demand,2030,33,12,12,0.001373612438391359
781,e_demand,2030,33,13,13,0.001373612438391359
782,e_demand,2030,33,14,14,0.001373612438391359
783,e_demand,2030,33,15,15,0.001373612438391359
784,e_demand,2030,33,16,16,0.001373612438391359
785,e_demand,2030,33,17,17,0.03434031095978398
786,e_demand,2030,33,18,18,0.03434031095978398
787,e_demand,2030,33,19,19,0.03434031095978398
788,e_demand,2030,33,20,20,0.03434031095978398
789,e_demand,2030,33,21,21,0.03434031095978398
790,e_demand,2030,33,22,22,0.03434031095978398
791,e_demand,2030,33,23,23,0.03434031095978398
792,e_demand,2030,33,24,24,0.03434031095978398
793,e_demand,2030,34,1,1,0.041847651501086616
794,e_demand,2030,34,2,2,0.041847651501086616
795,e_demand,2030,34,3,3,0.041847651501086616
796,e_demand,2030,34,4,4,0.041847651501086616
797,e_demand,2030,34,5,5,0.041847651501086616
798,e_demand,2030,34,6,6,0.041847651501086616
799,e_demand,2030,34,7,7,0.041847651501086616
800,e_demand,2030,34,8,8,0.041847651501086616
801,e_demand,2030,34,9,9,0.041847651501086616
802,e_demand,2030,34,10,10,0.0016739060600434645
803,e_demand,2030,34,11,11,0.0016739060600434645
804,e_demand,2030,34,12,12,0.0016739060600434645
805,e_demand,2030,34,13,13,0.0016739060600434645
806,e_demand,2030,34,14,14,0.0016739060600434645
807,e_demand,2030,34,15,15,0.0016739060600434645
808,e_demand,2030,34,16,16,0.0016739060600434645
809,e_demand,2030,34,17,17,0.0016739060600434645
810,e_demand,2030,34,18,18,0.0016739060600434645
811,e_demand,2030,34,19,19,0.0016739060600434645
812,e_demand,2030,34,20,20,0.041847651501086644
813,e_demand,2030,34,21,21,0.041847651501086616
814,e_demand,2030,34,22,22,0.041847651501086644
815,e_demand,2030,34,23,23,0.041847651501086644
816,e_demand,2030,34,24,24,0.0016739060600434645
817,e_demand,2030,35,1,1,0.02562812853706204
818,e_demand,2030,35,2,2,0.02562812853706204
819,e_demand,2030,35,3,3,0.02562812853706204
820,e_demand,2030,35,4,4,0.02562812853706204
821,e_demand,2030,35,5,5,0.02562812853706204
822,e_demand,2030,35,6,6,0.02562812853706204
823,e_demand,2030,35,7,7,0.02562812853706204
824,e_demand,2030,35,8,8,0.02562812853706204
825,e_demand,2030,35,9,9,0.0010251251414824815
826,e_demand,2030,35,10,10,0.0010251251414824815
827,e_demand,2030,35,11,11,0.0010251251414824815
828,e_demand,2030,35,12,12,0.0010251251414824815
829,e_demand,2030,35,13,13,0.0010251251414824815
830,e_demand,2030,35,14,14,0.0010251251414824815
831,e_demand,2030,35,15,15,0.0010251251414824815
832,e_demand,2030,35,16,16,0.0010251251414824815
833,e_demand,2030,35,17,17,0.0010251251414824815
834,e_demand,2030,35,18,18,0.0010251251414824815
835,e_demand,2030,35,19,19,0.02562812853706204
836,e_demand,2030,35,20,20,0.02562812853706204
837,e_demand,2030,35,21,21,0.02562812853706204
838,e_demand,2030,35,22,22,0.02562812853706204
839,e_demand,2030,35,23,23,0.02562812853706204
840,e_demand,2030,35,24,24,0.02562812853706204
841,e_demand,2030,36,1,1,0.04529574648513222
842,e_demand,2030,36,2,2,0.04529574648513222
843,e_demand,2030,36,3,3,0.04529574648513222
844,e_demand,2030,36,4,4,0.04529574648513222
845,e_demand,2030,36,5,5,0.04529574648513222
846,e_demand,2030,36,6,6,0.04529574648513222
847,e_demand,2030,36,7,7,0.04529574648513222
848,e_demand,2030,36,8,8,0.04529574648513222
849,e_demand,2030,36,9,9,0.04529574648513222
850,e_demand,2030,36,10,10,0.04529574648513222
851,e_demand,2030,36,11,11,0.04529574648513222
852,e_demand,2030,36,12,12,0.04529574648513222
853,e_demand,2030,36,13,13,0.04529574648513222
854,e_demand,2030,36,14,14,0.04529574648513222
855,e_demand,2030,36,15,15,0.04529574648513222
856,e_demand,2030,36,16,16,0.04529574648513222
857,e_demand,2030,36,17,17,0.04529574648513222
858,e_demand,2030,36,18,18,0.04529574648513222
859,e_demand,2030,36,19,19,0.04529574648513222
860,e_demand,2030,36,20,20,0.04529574648513222
861,e_demand,2030,36,21,21,0.04529574648513222
862,e_demand,2030,36,22,22,0.04529574648513222
863,e_demand,2030,36,23,23,0.04529574648513222
864,e_demand,2030,36,24,24,0.04529574648513222
865,e_demand,2030,37,1,1,0.02998943724222279
866,e_demand,2030,37,2,2,0.02998943724222279
867,e_demand,2030,37,3,3,0.02998943724222279
868,e_demand,2030,37,4,4,0.02998943724222279
869,e_demand,2030,37,5,5,0.02998943724222279
870,e_demand,2030,37,6,6,0.02998943724222279
871,e_demand,2030,37,7,7,0.02998943724222279
872,e_demand,2030,37,8,8,0.02998943724222279
873,e_demand,2030,37,9,9,0.02998943724222279
874,e_demand,2030,37,10,10,0.02998943724222279
875,e_demand,2030,37,11,11,0.0011995774896889117
876,e_demand,2030,37,12,12,0.0011995774896889117
877,e_demand,2030,37,13,13,0.0011995774896889117
878,e_demand,2030,37,14,14,0.0011995774896889117
879,e_demand,2030,37,15,15,0.0011995774896889117
880,e_demand,2030,37,16,16,0.0011995774896889117
881,e_demand,2030,37,17,17,0.02998943724222279
882,e_demand,2030,37,18,18,0.02998943724222279
883,e_demand,2030,37,19,19,0.02998943724222279
884,e_demand,2030,37,20,20,0.02998943724222279
885,e_demand,2030,37,21,21,0.02998943724222279
886,e_demand,2030,37,22,22,0.02998943724222279
887,e_demand,2030,37,23,23,0.02998943724222279
888,e_demand,2030,37,24,24,0.02998943724222279
889,e_demand,2030,38,1,1,0.05040068255952284
890,e_demand,2030,38,2,2,0.05040068255952284
891,e_demand,2030,38,3,3,0.05040068255952284
892,e_demand,2030,38,4,4,0.05040068255952284
893,e_demand,2030,38,5,5,0.05040068255952284
894,e_demand,2030,38,6,6,0.05040068255952284
895,e_demand,2030,38,7,7,0.05040068255952284
896,e_demand,2030,38,8,8,0.05040068255952284
897,e_demand,2030,38,9,9,0.05040068255952284
898,e_demand,2030,38,10,10,0.05040068255952284
899,e_demand,2030,38,11,11,0.05040068255952284
900,e_demand,2030,38,12,12,0.05040068255952284
901,e_demand,2030,38,13,13,0.05040068255952284
902,e_demand,2030,38,14,14,0.05040068255952284
903,e_demand,2030,38,15,15,0.05040068255952284
904,e_demand,2030,38,16,16,0.05040068255952284
905,e_demand,2030,38,17,17,0.05040068255952284
906,e_demand,2030,38,18,18,0.05040068255952284
907,e_demand,2030,38,19,19,0.05040068255952284
908,e_demand,2030,38,20,20,0.05040068255952284
909,e_demand,2030,38,21,21,0.05040068255952284
910,e_demand,2030,38,22,22,0.05040068255952284
911,e_demand,2030,38,23,23,0.05040068255952284
912,e_demand,2030,38,24,24,0.05040068255952284
913,e_demand,2030,39,1,1,0.033671957633311815
914,e_demand,2030,39,2,2,0.033671957633311836
915,e_demand,2030,39,3,3,0.033671957633311836
916,e_demand,2030,39,4,4,0.033671957633311836
917,e_demand,2030,39,5,5,0.033671957633311836
918,e_demand,2030,39,6,6,0.033671957633311815
919,e_demand,2030,39,7,7,0.033671957633311815
920,e_demand,2030,39,8,8,0.033671957633311815
921,e_demand,2030,39,9,9,0.033671957633311815
922,e_demand,2030,39,10,10,0.0013468783053324726
923,e_demand,2030,39,11,11,0.0013468783053324726
924,e_demand,2030,39,12,12,0.0013468783053324726
925,e_demand,2030,39,13,13,0.0013468783053324726
926,e_demand,2030,39,14,14,0.0013468783053324726
927,e_demand,2030,39,15,15,0.0013468783053324726
928,e_demand,2030,39,16,16,0.0013468783053324726
929,e_demand,2030,39,17,17,0.0013468783053324726
930,e_demand,2030,39,18,18,0.033671957633311815
931,e_demand,2030,39,19,19,0.033671957633311815
932,e_demand,2030,39,20,20,0.033671957633311815
933,e_demand,2030,39,21,21,0.033671957633311815
934,e_demand,2030,39,22,22,0.033671957633311815
935,e_demand,2030,39,23,23,0.033671957633311815
936,e_demand,2030,39,24,24,0.033671957633311815
937,e_demand,2030,40,1,1,0.03832305679660756
938,e_demand,2030,40,2,2,0.03832305679660756
939,e_demand,2030,40,3,3,0.03832305679660756
940,e_demand,2030,40,4,4,0.03832305679660756
941,e_demand,2030,40,5,5,0.03832305679660756
942,e_demand,2030,40,6,6,0.03832305679660756
943,e_demand,2030,40,7,7,0.03832305679660756
944,e_demand,2030,40,8,8,0.03832305679660756
945,e_demand,2030,40,9,9,0.03832305679660756
946,e_demand,2030,40,10,10,0.03832305679660756
947,e_demand,2030,40,11,11,0.03832305679660756
948,e_demand,2030,40,12,12,0.03832305679660756
949,e_demand,2030,40,13,13,0.03832305679660756
950,e_demand,2030,40,14,14,0.03832305679660756
951,e_demand,2030,40,15,15,0.03832305679660756
952,e_demand,2030,40,16,16,0.03832305679660756
953,e_demand,2030,40,17,17,0.03832305679660756
954,e_demand,2030,40,18,18,0.03832305679660756
955,e_demand,2030,40,19,19,0.03832305679660756
956,e_demand,2030,40,20,20,0.03832305679660756
957,e_demand,2030,40,21,21,0.03832305679660756
958,e_demand,2030,40,22,22,0.03832305679660756
959,e_demand,2030,40,23,23,0.03832305679660756
960,e_demand,2030,40,24,24,0.03832305679660756
961,e_demand,2030,41,1,1,0.030527971405397404
962,e_demand,2030,41,2,2,0.030527971405397404
963,e_demand,2030,41,3,3,0.030527971405397404
964,e_demand,2030,41,4,4,0.030527971405397404
965,e_demand,2030,41,5,5,0.030527971405397404
966,e_demand,2030,41,6,6,0.030527971405397404
967,e_demand,2030,41,7,7,0.030527971405397404
968,e_demand,2030,41,8,8,0.030527971405397404
969,e_demand,2030,41,9,9,0.030527971405397404
970,e_demand,2030,41,10,10,0.030527971405397404
971,e_demand,2030,41,11,11,0.030527971405397404
972,e_demand,2030,41,12,12,0.030527971405397404
973,e_demand,2030,41,13,13,0.030527971405397404
974,e_demand,2030,41,14,14,0.030527971405397404
975,e_demand,2030,41,15,15,0.030527971405397404
976,e_demand,2030,41,16,16,0.030527971405397404
977,e_demand,2030,41,17,17,0.030527971405397404
978,e_demand,2030,41,18,18,0.04273915996755637
979,e_demand,2030,41,19,19,0.042739159967556374
980,e_demand,2030,41,20,20,0.04273915996755637
981,e_demand,2030,41,21,21,0.04273915996755637
982,e_demand,2030,41,22,22,0.04273915996755637
983,e_demand,2030,41,23,23,0.030527971405397425
984,e_demand,2030,41,24,24,0.030527971405397404
985,e_demand,2030,42,1,1,0.03809748686740155
986,e_demand,2030,42,2,2,0.03809748686740155
987,e_demand,2030,42,3,3,0.03809748686740155
988,e_demand,2030,42,4,4,0.03809748686740155
989,e_demand,2030,42,5,5,0.03809748686740155
990,e_demand,2030,42,6,6,0.03809748686740155
991,e_demand,2030,42,7,7,0.03809748686740155
992,e_demand,2030,42,8,8,0.03809748686740155
993,e_demand,2030,42,9,9,0.03809748686740155
994,e_demand,2030,42,10,10,0.03809748686740155
995,e_demand,2030,42,11,11,0.03809748686740155
996,e_demand,2030,42,12,12,0.03809748686740155
997,e_demand,2030,42,13,13,0.03809748686740155
998,e_demand,2030,42,14,14,0.03809748686740155
999,e_demand,2030,42,15,15,0.03809748686740155
1000,e_demand,2030,42,16,16,0.03809748686740155
1001,e_demand,2030,42,17,17,0.03809748686740155
1002,e_demand,2030,42,18,18,0.03809748686740155
1003,e_demand,2030,42,19,19,0.03809748686740155
1004,e_demand,2030,42,20,20,0.042213281847536345
1005,e_demand,2030,42,21,21,0.03809748686740155
1006,e_demand,2030,42,22,22,0.038097486867401574
1007,e_demand,2030,42,23,23,0.03809748686740155
1008,e_demand,2030,42,24,24,0.03809748686740155
1009,e_demand,2030,43,1,1,0.03917326453060309
1010,e_demand,2030,43,2,2,0.03917326453060309
1011,e_demand,2030,43,3,3,0.03917326453060309
1012,e_demand,2030,43,4,4,0.03917326453060309
1013,e_demand,2030,43,5,5,0.03917326453060309
1014,e_demand,2030,43,6,6,0.03917326453060309
1015,e_demand,2030,43,7,7,0.03917326453060309
1016,e_demand,2030,43,8,8,0.03917326453060309
1017,e_demand,2030,43,9,9,0.03917326453060309
1018,e_demand,2030,43,10,10,0.03917326453060309
1019,e_demand,2030,43,11,11,0.03917326453060309
1020,e_demand,2030,43,12,12,0.03917326453060309
1021,e_demand,2030,43,13,13,0.03917326453060309
1022,e_demand,2030,43,14,14,0.03917326453060309
1023,e_demand,2030,43,15,15,0.0391732645306031
1024,e_demand,2030,43,16,16,0.0391732645306031
1025,e_demand,2030,43,17,17,0.03917326453060309
1026,e_demand,2030,43,18,18,0.03917326453060309
1027,e_demand,2030,43,19,19,0.03917326453060309
1028,e_demand,2030,43,20,20,0.03917326453060309
1029,e_demand,2030,43,21,21,0.03917326453060309
1030,e_demand,2030,43,22,22,0.03917326453060309
1031,e_demand,2030,43,23,23,0.03917326453060309
1032,e_demand,2030,43,24,24,0.03917326453060309
1033,e_demand,2030,44,1,1,0.03085473083100055
1034,e_demand,2030,44,2,2,0.03085473083100055
1035,e_demand,2030,44,3,3,0.03085473083100055
1036,e_demand,2030,44,4,4,0.03085473083100055
1037,e_demand,2030,44,5,5,0.03085473083100055
1038,e_demand,2030,44,6,6,0.03085473083100055
1039,e_demand,2030,44,7,7,0.03085473083100055
1040,e_demand,2030,44,8,8,0.03085473083100055
1041,e_demand,2030,44,9,9,0.03085473083100055
1042,e_demand,2030,44,10,10,0.03085473083100055
1043,e_demand,2030,44,11,11,0.03085473083100055
1044,e_demand,2030,44,12,12,0.001234189233240022
1045,e_demand,2030,44,13,13,0.001234189233240022
1046,e_demand,2030,44,14,14,0.001234189233240022
1047,e_demand,2030,44,15,15,0.001234189233240022
1048,e_demand,2030,44,16,16,0.001234189233240022
1049,e_demand,2030,44,17,17,0.001234189233240022
1050,e_demand,2030,44,18,18,0.030854730831000567
1051,e_demand,2030,44,19,19,0.03085473083100055
1052,e_demand,2030,44,20,20,0.03085473083100055
1053,e_demand,2030,44,21,21,0.030854730831000567
1054,e_demand,2030,44,22,22,0.030854730831000567
1055,e_demand,2030,44,23,23,0.001234189233240022
1056,e_demand,2030,44,24,24,0.001234189233240022
1057,e_demand,2030,45,1,1,0.039411717245995063
1058,e_demand,2030,45,2,2,0.039411717245995063
1059,e_demand,2030,45,3,3,0.039411717245995063
1060,e_demand,2030,45,4,4,0.04366949279334632
1061,e_demand,2030,45,5,5,0.04366949279334632
1062,e_demand,2030,45,6,6,0.04366949279334632
1063,e_demand,2030,45,7,7,0.04366949279334632
1064,e_demand,2030,45,8,8,0.04366949279334632
1065,e_demand,2030,45,9,9,0.04366949279334632
1066,e_demand,2030,45,10,10,0.04366949279334632
1067,e_demand,2030,45,11,11,0.04366949279334632
1068,e_demand,2030,45,12,12,0.04366949279334632
1069,e_demand,2030,45,13,13,0.04366949279334632
1070,e_demand,2030,45,14,14,0.04366949279334632
1071,e_demand,2030,45,15,15,0.04366949279334632
1072,e_demand,2030,45,16,16,0.04366949279334632
1073,e_demand,2030,45,17,17,0.04366949279334632
1074,e_demand,2030,45,18,18,0.04366949279334632
1075,e_demand,2030,45,19,19,0.04366949279334632
1076,e_demand,2030,45,20,20,0.04366949279334635
1077,e_demand,2030,45,21,21,0.04366949279334632
1078,e_demand,2030,45,22,22,0.04366949279334632
1079,e_demand,2030,45,23,23,0.04366949279334632
1080,e_demand,2030,45,24,24,0.04366949279334632
1081,e_demand,2030,46,1,1,0.03743636448663922
1082,e_demand,2030,46,2,2,0.03743636448663922
1083,e_demand,2030,46,3,3,0.03743636448663922
1084,e_demand,2030,46,4,4,0.03743636448663922
1085,e_demand,2030,46,5,5,0.03743636448663922
1086,e_demand,2030,46,6,6,0.03743636448663922
1087,e_demand,2030,46,7,7,0.03743636448663922
1088,e_demand,2030,46,8,8,0.03743636448663922
1089,e_demand,2030,46,9,9,0.03743636448663922
1090,e_demand,2030,46,10,10,0.03743636448663922
1091,e_demand,2030,46,11,11,0.03743636448663922
1092,e_demand,2030,46,12,12,0.03743636448663925
1093,e_demand,2030,46,13,13,0.033786318949191894
1094,e_demand,2030,46,14,14,0.001497454579465569
1095,e_demand,2030,46,15,15,0.023168343693405577
1096,e_demand,2030,46,16,16,0.03743636448663925
1097,e_demand,2030,46,17,17,0.03743636448663922
1098,e_demand,2030,46,18,18,0.03743636448663922
1099,e_demand,2030,46,19,19,0.03743636448663922
1100,e_demand,2030,46,20,20,0.03743636448663922
1101,e_demand,2030,46,21,21,0.03743636448663924
1102,e_demand,2030,46,22,22,0.03743636448663922
1103,e_demand,2030,46,23,23,0.03743636448663922
1104,e_demand,2030,46,24,24,0.03743636448663922
1105,e_demand,2030,47,1,1,0.03016627712139134
1106,e_demand,2030,47,2,2,0.03016627712139134
1107,e_demand,2030,47,3,3,0.03016627712139134
1108,e_demand,2030,47,4,4,0.03016627712139134
1109,e_demand,2030,47,5,5,0.03016627712139134
1110,e_demand,2030,47,6,6,0.03016627712139134
1111,e_demand,2030,47,7,7,0.03016627712139134
1112,e_demand,2030,47,8,8,0.03016627712139134
1113,e_demand,2030,47,9,9,0.03016627712139134
1114,e_demand,2030,47,10,10,0.03016627712139134
1115,e_demand,2030,47,11,11,0.03016627712139134
1116,e_demand,2030,47,12,12,0.030166277121391357
1117,e_demand,2030,47,13,13,0.0012066510848556535
1118,e_demand,2030,47,14,14,0.0012066510848556535
1119,e_demand,2030,47,15,15,0.0012066510848556535
1120,e_demand,2030,47,16,16,0.0012066510848556535
1121,e_demand,2030,47,17,17,0.030166277121391357
1122,e_demand,2030,47,18,18,0.03016627712139134
1123,e_demand,2030,47,19,19,0.03016627712139134
1124,e_demand,2030,47,20,20,0.03016627712139134
1125,e_demand,2030,47,21,21,0.03016627712139134
1126,e_demand,2030,47,22,22,0.03016627712139134
1127,e_demand,2030,47,23,23,0.03016627712139134
1128,e_demand,2030,47,24,24,0.03016627712139134
1129,e_demand,2030,48,1,1,0.038417302029628966
1130,e_demand,2030,48,2,2,0.038417302029628966
1131,e_demand,2030,48,3,3,0.038417302029628966
1132,e_demand,2030,48,4,4,0.038417302029628966
1133,e_demand,2030,48,5,5,0.038417302029628966
1134,e_demand,2030,48,6,6,0.038417302029628966
1135,e_demand,2030,48,7,7,0.038417302029628966
1136,e_demand,2030,48,8,8,0.038417302029628966
1137,e_demand,2030,48,9,9,0.038417302029628966
1138,e_demand,2030,48,10,10,0.038417302029628966
1139,e_demand,2030,48,11,11,0.038417302029628966
1140,e_demand,2030,48,12,12,0.0015366920811851585
1141,e_demand,2030,48,13,13,0.0015366920811851585
1142,e_demand,2030,48,14,14,0.0015366920811851585
1143,e_demand,2030,48,15,15,0.0015366920811851585
1144,e_demand,2030,48,16,16,0.0015366920811851585
1145,e_demand,2030,48,17,17,0.038417302029628966
1146,e_demand,2030,48,18,18,0.038417302029628966
1147,e_demand,2030,48,19,19,0.038417302029628966
1148,e_demand,2030,48,20,20,0.038417302029628966
1149,e_demand,2030,48,21,21,0.038417302029628966
1150,e_demand,2030,48,22,22,0.038417302029628966
1151,e_demand,2030,48,23,23,0.038417302029628966
1152,e_demand,2030,48,24,24,0.038417302029628966
1153,e_demand,2030,49,1,1,0.02912076230884296
1154,e_demand,2030,49,2,2,0.02912076230884296
1155,e_demand,2030,49,3,3,0.02912076230884296
1156,e_demand,2030,49,4,4,0.02912076230884296
1157,e_demand,2030,49,5,5,0.02912076230884296
1158,e_demand,2030,49,6,6,0.02912076230884296
1159,e_demand,2030,49,7,7,0.02912076230884296
1160,e_demand,2030,49,8,8,0.02912076230884296
1161,e_demand,2030,49,9,9,0.02912076230884296
1162,e_demand,2030,49,10,10,0.02912076230884296
1163,e_demand,2030,49,11,11,0.02912076230884296
1164,e_demand,2030,49,12,12,0.0011648304923537183
1165,e_demand,2030,49,13,13,0.0011648304923537183
1166,e_demand,2030,49,14,14,0.0011648304923537183
1167,e_demand,2030,49,15,15,0.0011648304923537183
1168,e_demand,2030,49,16,16,0.0011648304923537183
1169,e_demand,2030,49,17,17,0.0011648304923537183
1170,e_demand,2030,49,18,18,0.0011648304923537183
1171,e_demand,2030,49,19,19,0.02912076230884298
1172,e_demand,2030,49,20,20,0.029120762308842977
1173,e_demand,2030,49,21,21,0.029120762308842977
1174,e_demand,2030,49,22,22,0.02912076230884298
1175,e_demand,2030,49,23,23,0.0011648304923537183
1176,e_demand,2030,49,24,24,0.0011648304923537183
1177,e_demand,2030,50,1,1,0.038125878723399675
1178,e_demand,2030,50,2,2,0.038125878723399675
1179,e_demand,2030,50,3,3,0.038125878723399675
1180,e_demand,2030,50,4,4,0.038125878723399675
1181,e_demand,2030,50,5,5,0.038125878723399675
1182,e_demand,2030,50,6,6,0.038125878723399675
1183,e_demand,2030,50,7,7,0.038125878723399675
1184,e_demand,2030,50,8,8,0.038125878723399675
1185,e_demand,2030,50,9,9,0.038125878723399675
1186,e_demand,2030,50,10,10,0.038125878723399675
1187,e_demand,2030,50,11,11,0.038125878723399675
1188,e_demand,2030,50,12,12,0.038125878723399675
1189,e_demand,2030,50,13,13,0.038125878723399675
1190,e_demand,2030,50,14,14,0.038125878723399675
1191,e_demand,2030,50,15,15,0.038125878723399675
1192,e_demand,2030,50,16,16,0.038125878723399675
1193,e_demand,2030,50,17,17,0.038125878723399675
1194,e_demand,2030,50,18,18,0.038125878723399675
1195,e_demand,2030,50,19,19,0.038125878723399675
1196,e_demand,2030,50,20,20,0.038125878723399675
1197,e_demand,2030,50,21,21,0.038125878723399675
1198,e_demand,2030,50,22,22,0.038125878723399675
1199,e_demand,2030,50,23,23,0.038125878723399675
1200,e_demand,2030,50,24,24,0.038125878723399675
1201,e_demand,2030,51,1,1,0.03951371829880844
1202,e_demand,2030,51,2,2,0.03951371829880844
1203,e_demand,2030,51,3,3,0.03951371829880844
1204,e_demand,2030,51,4,4,0.03951371829880844
1205,e_demand,2030,51,5,5,0.03951371829880844
1206,e_demand,2030,51,6,6,0.03951371829880844
1207,e_demand,2030,51,7,7,0.03951371829880844
1208,e_demand,2030,51,8,8,0.03951371829880844
1209,e_demand,2030,51,9,9,0.03951371829880844
1210,e_demand,2030,51,10,10,0.03951371829880844
1211,e_demand,2030,51,11,11,0.0015805487319523375
1212,e_demand,2030,51,12,12,0.0015805487319523375
1213,e_demand,2030,51,13,13,0.0015805487319523375
1214,e_demand,2030,51,14,14,0.0015805487319523375
1215,e_demand,2030,51,15,15,0.0015805487319523375
1216,e_demand,2030,51,16,16,0.0015805487319523375
1217,e_demand,2030,51,17,17,0.03951371829880844
1218,e_demand,2030,51,18,18,0.03951371829880844
1219,e_demand,2030,51,19,19,0.03951371829880844
1220,e_demand,2030,51,20,20,0.03951371829880844
1221,e_demand,2030,51,21,21,0.03951371829880844
1222,e_demand,2030,51,22,22,0.03951371829880844
1223,e_demand,2030,51,23,23,0.03951371829880844
1224,e_demand,2030,51,24,24,0.03951371829880844
1225,e_demand,2030,52,1,1,0.027741526894709878
1226,e_demand,2030,52,2,2,0.027741526894709906
1227,e_demand,2030,52,3,3,0.027741526894709906
1228,e_demand,2030,52,4,4,0.027741526894709906
1229,e_demand,2030,52,5,5,0.027741526894709878
1230,e_demand,2030,52,6,6,0.027741526894709906
1231,e_demand,2030,52,7,7,0.027741526894709878
1232,e_demand,2030,52,8,8,0.027741526894709878
1233,e_demand,2030,52,9,9,0.027741526894709878
1234,e_demand,2030,52,10,10,0.027741526894709878
1235,e_demand,2030,52,11,11,0.0011096610757883952
1236,e_demand,2030,52,12,12,0.0011096610757883952
1237,e_demand,2030,52,13,13,0.0011096610757883952
1238,e_demand,2030,52,14,14,0.0011096610757883952
1239,e_demand,2030,52,15,15,0.0011096610757883952
1240,e_demand,2030,52,16,16,0.0011096610757883952
1241,e_demand,2030,52,17,17,0.027741526894709878
1242,e_demand,2030,52,18,18,0.027741526894709878
1243,e_demand,2030,52,19,19,0.027741526894709878
1244,e_demand,2030,52,20,20,0.027741526894709878
1245,e_demand,2030,52,21,21,0.027741526894709878
1246,e_demand,2030,52,22,22,0.027741526894709878
1247,e_demand,2030,52,23,23,0.027741526894709878
1248,e_demand,2030,52,24,24,0.027741526894709878
1249,e_demand,2030,53,1,1,0.06996444988117077
1250,e_demand,2030,53,2,2,0.06996444988117077
1251,e_demand,2030,53,3,3,0.06996444988117077
1252,e_demand,2030,53,4,4,0.06996444988117077
1253,e_demand,2030,53,5,5,0.06996444988117077
1254,e_demand,2030,53,6,6,0.06996444988117077
1255,e_demand,2030,53,7,7,0.06996444988117077
1256,e_demand,2030,53,8,8,0.06996444988117077
1257,e_demand,2030,53,9,9,0.06996444988117077
1258,e_demand,2030,53,10,10,0.06996444988117077
1259,e_demand,2030,53,11,11,0.06996444988117077
1260,e_demand,2030,53,12,12,0.06996444988117077
1261,e_demand,2030,53,13,13,0.06314291601775662
1262,e_demand,2030,53,14,14,0.0027985779952468307
1263,e_demand,2030,53,15,15,0.0027985779952468307
1264,e_demand,2030,53,16,16,0.06996444988117077
1265,e_demand,2030,53,17,17,0.06996444988117077
1266,e_demand,2030,53,18,18,0.06996444988117077
1267,e_demand,2030,53,19,19,0.06996444988117077
1268,e_demand,2030,53,20,20,0.06996444988117077
1269,e_demand,2030,53,21,21,0.06996444988117077
1270,e_demand,2030,53,22,22,0.06996444988117077
1271,e_demand,2030,53,23,23,0.06996444988117077
1272,e_demand,2030,53,24,24,0.06996444988117077
1273,e_demand,2030,54,1,1,0.0390523592999466
1274,e_demand,2030,54,2,2,0.0390523592999466
1275,e_demand,2030,54,3,3,0.0390523592999466
1276,e_demand,2030,54,4,4,0.0390523592999466
1277,e_demand,2030,54,5,5,0.0390523592999466
1278,e_demand,2030,54,6,6,0.0390523592999466
1279,e_demand,2030,54,7,7,0.0390523592999466
1280,e_demand,2030,54,8,8,0.0390523592999466
1281,e_demand,2030,54,9,9,0.0390523592999466
1282,e_demand,2030,54,10,10,0.0390523592999466
1283,e_demand,2030,54,11,11,0.0390523592999466
1284,e_demand,2030,54,12,12,0.0390523592999466
1285,e_demand,2030,54,13,13,0.0390523592999466
1286,e_demand,2030,54,14,14,0.0390523592999466
1287,e_demand,2030,54,15,15,0.0390523592999466
1288,e_demand,2030,54,16,16,0.0390523592999466
1289,e_demand,2030,54,17,17,0.0390523592999466
1290,e_demand,2030,54,18,18,0.0390523592999466
1291,e_demand,2030,54,19,19,0.0390523592999466
1292,e_demand,2030,54,20,20,0.054673303019925235
1293,e_demand,2030,54,21,21,0.054673303019925235
1294,e_demand,2030,54,22,22,0.04327131224370814
1295,e_demand,2030,54,23,23,0.04327131224370814
1296,e_demand,2030,54,24,24,0.0390523592999466
1297,e_demand,2030,55,1,1,0.04768753559037456
1298,e_demand,2030,55,2,2,0.04768753559037456
1299,e_demand,2030,55,3,3,0.04768753559037456
1300,e_demand,2030,55,4,4,0.047687535590374544
1301,e_demand,2030,55,5,5,0.047687535590374544
1302,e_demand,2030,55,6,6,0.04768753559037456
1303,e_demand,2030,55,7,7,0.04768753559037456
1304,e_demand,2030,55,8,8,0.04768753559037456
1305,e_demand,2030,55,9,9,0.04768753559037456
1306,e_demand,2030,55,10,10,0.04768753559037456
1307,e_demand,2030,55,11,11,0.04768753559037456
1308,e_demand,2030,55,12,12,0.04768753559037456
1309,e_demand,2030,55,13,13,0.04768753559037456
1310,e_demand,2030,55,14,14,0.04768753559037456
1311,e_demand,2030,55,15,15,0.04768753559037456
1312,e_demand,2030,55,16,16,0.04768753559037456
1313,e_demand,2030,55,17,17,0.04768753559037456
1314,e_demand,2030,55,18,18,0.04768753559037456
1315,e_demand,2030,55,19,19,0.04768753559037456
1316,e_demand,2030,55,20,20,0.04768753559037456
1317,e_demand,2030,55,21,21,0.04768753559037456
1318,e_demand,2030,55,22,22,0.04768753559037456
1319,e_demand,2030,55,23,23,0.04768753559037456
1320,e_demand,2030,55,24,24,0.04768753559037456
1321,e_demand,2030,56,1,1,0.031283262423920155
1322,e_demand,2030,56,2,2,0.031283262423920155
1323,e_demand,2030,56,3,3,0.031283262423920155
1324,e_demand,2030,56,4,4,0.031283262423920155
1325,e_demand,2030,56,5,5,0.031283262423920155
1326,e_demand,2030,56,6,6,0.031283262423920155
1327,e_demand,2030,56,7,7,0.031283262423920155
1328,e_demand,2030,56,8,8,0.031283262423920155
1329,e_demand,2030,56,9,9,0.031283262423920155
1330,e_demand,2030,56,10,10,0.031283262423920155
1331,e_demand,2030,56,11,11,0.031283262423920155
1332,e_demand,2030,56,12,12,0.031283262423920155
1333,e_demand,2030,56,13,13,0.031283262423920155
1334,e_demand,2030,56,14,14,0.031283262423920155
1335,e_demand,2030,56,15,15,0.031283262423920155
1336,e_demand,2030,56,16,16,0.031283262423920155
1337,e_demand,2030,56,17,17,0.031283262423920155
1338,e_demand,2030,56,18,18,0.031283262423920155
1339,e_demand,2030,56,19,19,0.031283262423920155
1340,e_demand,2030,56,20,20,0.031283262423920155
1341,e_demand,2030,56,21,21,0.031283262423920155
1342,e_demand,2030,56,22,22,0.031283262423920155
1343,e_demand,2030,56,23,23,0.031283262423920155
1344,e_demand,2030,56,24,24,0.031283262423920155
1345,e_demand,2030,57,1,1,0.0015682602889623956
1346,e_demand,2030,57,2,2,0.0015682602889623956
1347,e_demand,2030,57,3,3,0.0015682602889623956
1348,e_demand,2030,57,4,4,0.0015682602889623956
1349,e_demand,2030,57,5,5,0.0015682602889623956
1350,e_demand,2030,57,6,6,0.0015682602889623956
1351,e_demand,2030,57,7,7,0.0015682602889623956
1352,e_demand,2030,57,8,8,0.0015682602889623956
1353,e_demand,2030,57,9,9,0.0015682602889623956
1354,e_demand,2030,57,10,10,0.0015682602889623956
1355,e_demand,2030,57,11,11,0.0015682602889623956
1356,e_demand,2030,57,12,12,0.0015682602889623956
1357,e_demand,2030,57,13,13,0.0015682602889623956
1358,e_demand,2030,57,14,14,0.0015682602889623956
1359,e_demand,2030,57,15,15,0.0015682602889623956
1360,e_demand,2030,57,16,16,0.0015682602889623956
1361,e_demand,2030,57,17,17,0.0015682602889623956
1362,e_demand,2030,57,18,18,0.0015682602889623956
1363,e_demand,2030,57,19,19,0.0015682602889623956
1364,e_demand,2030,57,20,20,0.0015682602889623956
1365,e_demand,2030,57,21,21,0.0015682602889623956
1366,e_demand,2030,57,22,22,0.0015682602889623956
1367,e_demand,2030,57,23,23,0.0015682602889623956
1368,e_demand,2030,57,24,24,0.0015682602889623956
1369,e_demand,2030,58,1,1,0.03917035854501349
1370,e_demand,2030,58,2,2,0.03917035854501349
1371,e_demand,2030,58,3,3,0.039170358545013474
1372,e_demand,2030,58,4,4,0.039170358545013474
1373,e_demand,2030,58,5,5,0.039170358545013474
1374,e_demand,2030,58,6,6,0.039170358545013474
1375,e_demand,2030,58,7,7,0.039170358545013474
1376,e_demand,2030,58,8,8,0.039170358545013474
1377,e_demand,2030,58,9,9,0.001566814341800539
1378,e_demand,2030,58,10,10,0.001566814341800539
1379,e_demand,2030,58,11,11,0.0
1380,e_demand,2030,58,12,12,0.0
1381,e_demand,2030,58,13,13,0.0
1382,e_demand,2030,58,14,14,0.0
1383,e_demand,2030,58,15,15,0.0
1384,e_demand,2030,58,16,16,0.001566814341800539
1385,e_demand,2030,58,17,17,0.001566814341800539
1386,e_demand,2030,58,18,18,0.039170358545013474
1387,e_demand,2030,58,19,19,0.039170358545013474
1388,e_demand,2030,58,20,20,0.039170358545013474
1389,e_demand,2030,58,21,21,0.039170358545013474
1390,e_demand,2030,58,22,22,0.039170358545013474
1391,e_demand,2030,58,23,23,0.039170358545013474
1392,e_demand,2030,58,24,24,0.039170358545013474
1393,e_demand,2030,59,1,1,0.04638439772877857
1394,e_demand,2030,59,2,2,0.04638439772877857
1395,e_demand,2030,59,3,3,0.04638439772877857
1396,e_demand,2030,59,4,4,0.04638439772877857
1397,e_demand,2030,59,5,5,0.04638439772877857
1398,e_demand,2030,59,6,6,0.04638439772877857
1399,e_demand,2030,59,7,7,0.04638439772877857
1400,e_demand,2030,59,8,8,0.04638439772877857
1401,e_demand,2030,59,9,9,0.04638439772877857
1402,e_demand,2030,59,10,10,0.04638439772877857
1403,e_demand,2030,59,11,11,0.04638439772877857
1404,e_demand,2030,59,12,12,0.04638439772877857
1405,e_demand,2030,59,13,13,0.04638439772877857
1406,e_demand,2030,59,14,14,0.04638439772877857
1407,e_demand,2030,59,15,15,0.04638439772877859
1408,e_demand,2030,59,16,16,0.04638439772877857
1409,e_demand,2030,59,17,17,0.04638439772877857
1410,e_demand,2030,59,18,18,0.04638439772877857
1411,e_demand,2030,59,19,19,0.04638439772877857
1412,e_demand,2030,59,20,20,0.04638439772877857
1413,e_demand,2030,59,21,21,0.04638439772877857
1414,e_demand,2030,59,22,22,0.04638439772877857
1415,e_demand,2030,59,23,23,0.04638439772877857
1416,e_demand,2030,59,24,24,0.04638439772877857
1417,e_demand,2030,60,1,1,0.034246260897965175
1418,e_demand,2030,60,2,2,0.034246260897965175
1419,e_demand,2030,60,3,3,0.034246260897965175
1420,e_demand,2030,60,4,4,0.034246260897965175
1421,e_demand,2030,60,5,5,0.034246260897965175
1422,e_demand,2030,60,6,6,0.034246260897965175
1423,e_demand,2030,60,7,7,0.034246260897965175
1424,e_demand,2030,60,8,8,0.034246260897965175
1425,e_demand,2030,60,9,9,0.034246260897965175
1426,e_demand,2030,60,10,10,0.034246260897965175
1427,e_demand,2030,60,11,11,0.034246260897965175
1428,e_demand,2030,60,12,12,0.034246260897965175
1429,e_demand,2030,60,13,13,0.034246260897965175
1430,e_demand,2030,60,14,14,0.034246260897965175
1431,e_demand,2030,60,15,15,0.034246260897965175
1432,e_demand,2030,60,16,16,0.034246260897965175
1433,e_demand,2030,60,17,17,0.034246260897965175
1434,e_demand,2030,60,18,18,0.034246260897965175
1435,e_demand,2030,60,19,19,0.034246260897965175
1436,e_demand,2030,60,20,20,0.034246260897965175
1437,e_demand,2030,60,21,21,0.034246260897965175
1438,e_demand,2030,60,22,22,0.034246260897965175
1439,e_demand,2030,60,23,23,0.034246260897965175
1440,e_demand,2030,60,24,24,0.034246260897965175
1441,e_demand,2030,61,1,1,0.031170521052960865
1442,e_demand,2030,61,2,2,0.031170521052960865
1443,e_demand,2030,61,3,3,0.031170521052960865
1444,e_demand,2030,61,4,4,0.031170521052960865
1445,e_demand,2030,61,5,5,0.031170521052960865
1446,e_demand,2030,61,6,6,0.031170521052960865
1447,e_demand,2030,61,7,7,0.031170521052960865
1448,e_demand,2030,61,8,8,0.031170521052960865
1449,e_demand,2030,61,9,9,0.031170521052960865
1450,e_demand,2030,61,10,10,0.031170521052960885
1451,e_demand,2030,61,11,11,0.0012468208421184347
1452,e_demand,2030,61,12,12,0.0012468208421184347
1453,e_demand,2030,61,13,13,0.0012468208421184347
1454,e_demand,2030,61,14,14,0.0012468208421184347
1455,e_demand,2030,61,15,15,0.0012468208421184347
1456,e_demand,2030,61,16,16,0.0012468208421184347
1457,e_demand,2030,61,17,17,0.0012468208421184347
1458,e_demand,2030,61,18,18,0.031170521052960885
1459,e_demand,2030,61,19,19,0.031170521052960865
1460,e_demand,2030,61,20,20,0.031170521052960865
1461,e_demand,2030,61,21,21,0.031170521052960865
1462,e_demand,2030,61,22,22,0.031170521052960865
1463,e_demand,2030,61,23,23,0.031170521052960865
1464,e_demand,2030,61,24,24,0.031170521052960865
1465,e_demand,2030,62,1,1,0.02968556617543145
1466,e_demand,2030,62,2,2,0.02968556617543145
1467,e_demand,2030,62,3,3,0.02968556617543145
1468,e_demand,2030,62,4,4,0.02968556617543145
1469,e_demand,2030,62,5,5,0.02968556617543145
1470,e_demand,2030,62,6,6,0.02968556617543145
1471,e_demand,2030,62,7,7,0.02968556617543145
1472,e_demand,2030,62,8,8,0.02968556617543145
1473,e_demand,2030,62,9,9,0.029685566175431475
1474,e_demand,2030,62,10,10,0.001187422647017258
1475,e_demand,2030,62,11,11,0.001187422647017258
1476,e_demand,2030,62,12,12,0.001187422647017258
1477,e_demand,2030,62,13,13,0.001187422647017258
1478,e_demand,2030,62,14,14,0.001187422647017258
1479,e_demand,2030,62,15,15,0.001187422647017258
1480,e_demand,2030,62,16,16,0.001187422647017258
1481,e_demand,2030,62,17,17,0.001187422647017258
1482,e_demand,2030,62,18,18,0.02968556617543145
1483,e_demand,2030,62,19,19,0.02968556617543145
1484,e_demand,2030,62,20,20,0.02968556617543145
1485,e_demand,2030,62,21,21,0.02968556617543145
1486,e_demand,2030,62,22,22,0.02968556617543145
1487,e_demand,2030,62,23,23,0.02968556617543145
1488,e_demand,2030,62,24,24,0.02968556617543145
1489,e_demand,2030,63,1,1,0.029958697079652076
1490,e_demand,2030,63,2,2,0.029958697079652076
1491,e_demand,2030,63,3,3,0.029958697079652076
1492,e_demand,2030,63,4,4,0.029958697079652076
1493,e_demand,2030,63,5,5,0.029958697079652076
1494,e_demand,2030,63,6,6,0.029958697079652076
1495,e_demand,2030,63,7,7,0.029958697079652076
1496,e_demand,2030,63,8,8,0.029958697079652076
1497,e_demand,2030,63,9,9,0.029958697079652076
1498,e_demand,2030,63,10,10,0.029958697079652076
1499,e_demand,2030,63,11,11,0.029958697079652076
1500,e_demand,2030,63,12,12,0.029958697079652076
1501,e_demand,2030,63,13,13,0.029958697079652076
1502,e_demand,2030,63,14,14,0.029958697079652076
1503,e_demand,2030,63,15,15,0.029958697079652097
1504,e_demand,2030,63,16,16,0.029958697079652076
1505,e_demand,2030,63,17,17,0.029958697079652076
1506,e_demand,2030,63,18,18,0.029958697079652076
1507,e_demand,2030,63,19,19,0.029958697079652076
1508,e_demand,2030,63,20,20,0.029958697079652076
1509,e_demand,2030,63,21,21,0.029958697079652076
1510,e_demand,2030,63,22,22,0.029958697079652076
1511,e_demand,2030,63,23,23,0.029958697079652076
1512,e_demand,2030,63,24,24,0.029958697079652076
1513,e_demand,2030,64,1,1,0.02801872466478182
1514,e_demand,2030,64,2,2,0.02801872466478182
1515,e_demand,2030,64,3,3,0.02801872466478182
1516,e_demand,2030,64,4,4,0.02801872466478182
1517,e_demand,2030,64,5,5,0.02801872466478182
1518,e_demand,2030,64,6,6,0.02801872466478182
1519,e_demand,2030,64,7,7,0.02801872466478182
1520,e_demand,2030,64,8,8,0.02801872466478182
1521,e_demand,2030,64,9,9,0.02801872466478182
1522,e_demand,2030,64,10,10,0.02801872466478182
1523,e_demand,2030,64,11,11,0.0011207489865912728
1524,e_demand,2030,64,12,12,0.0011207489865912728
1525,e_demand,2030,64,13,13,0.0011207489865912728
1526,e_demand,2030,64,14,14,0.0011207489865912728
1527,e_demand,2030,64,15,15,0.0011207489865912728
1528,e_demand,2030,64,16,16,0.0011207489865912728
1529,e_demand,2030,64,17,17,0.0011207489865912728
1530,e_demand,2030,64,18,18,0.02801872466478182
1531,e_demand,2030,64,19,19,0.02801872466478182
1532,e_demand,2030,64,20,20,0.028018724664781842
1533,e_demand,2030,64,21,21,0.02801872466478182
1534,e_demand,2030,64,22,22,0.028018724664781842
1535,e_demand,2030,64,23,23,0.02801872466478182
1536,e_demand,2030,64,24,24,0.02801872466478182
1537,e_demand,2030,65,1,1,0.03706893273260827
1538,e_demand,2030,65,2,2,0.03706893273260827
1539,e_demand,2030,65,3,3,0.03706893273260827
1540,e_demand,2030,65,4,4,0.03706893273260827
1541,e_demand,2030,65,5,5,0.03706893273260827
1542,e_demand,2030,65,6,6,0.03706893273260827
1543,e_demand,2030,65,7,7,0.03706893273260827
1544,e_demand,2030,65,8,8,0.03706893273260827
1545,e_demand,2030,65,9,9,0.03706893273260827
1546,e_demand,2030,65,10,10,0.03706893273260827
1547,e_demand,2030,65,11,11,0.03706893273260827
1548,e_demand,2030,65,12,12,0.001482757309304331
1549,e_demand,2030,65,13,13,0.001482757309304331
1550,e_demand,2030,65,14,14,0.001482757309304331
1551,e_demand,2030,65,15,15,0.001482757309304331
1552,e_demand,2030,65,16,16,0.001482757309304331
1553,e_demand,2030,65,17,17,0.001482757309304331
1554,e_demand,2030,65,18,18,0.03706893273260827
1555,e_demand,2030,65,19,19,0.03706893273260827
1556,e_demand,2030,65,20,20,0.03706893273260827
1557,e_demand,2030,65,21,21,0.03706893273260827
1558,e_demand,2030,65,22,22,0.03706893273260827
1559,e_demand,2030,65,23,23,0.03706893273260827
1560,e_demand,2030,65,24,24,0.03706893273260827
1561,e_demand,2030,66,1,1,0.02541620944089394
1562,e_demand,2030,66,2,2,0.02541620944089394
1563,e_demand,2030,66,3,3,0.02541620944089394
1564,e_demand,2030,66,4,4,0.02541620944089396
1565,e_demand,2030,66,5,5,0.02541620944089396
1566,e_demand,2030,66,6,6,0.02541620944089394
1567,e_demand,2030,66,7,7,0.02541620944089394
1568,e_demand,2030,66,8,8,0.02541620944089394
1569,e_demand,2030,66,9,9,0.02541620944089394
1570,e_demand,2030,66,10,10,0.02541620944089394
1571,e_demand,2030,66,11,11,0.02541620944089396
1572,e_demand,2030,66,12,12,0.0010166483776357575
1573,e_demand,2030,66,13,13,0.0010166483776357575
1574,e_demand,2030,66,14,14,0.0010166483776357575
1575,e_demand,2030,66,15,15,0.0010166483776357575
1576,e_demand,2030,66,16,16,0.0010166483776357575
1577,e_demand,2030,66,17,17,0.02541620944089394
1578,e_demand,2030,66,18,18,0.02541620944089396
1579,e_demand,2030,66,19,19,0.02541620944089396
1580,e_demand,2030,66,20,20,0.02541620944089394
1581,e_demand,2030,66,21,21,0.02541620944089396
1582,e_demand,2030,66,22,22,0.02541620944089396
1583,e_demand,2030,66,23,23,0.02541620944089396
1584,e_demand,2030,66,24,24,0.0010166483776357575
1585,e_demand,2030,67,1,1,0.038040535292331826
1586,e_demand,2030,67,2,2,0.038040535292331826
1587,e_demand,2030,67,3,3,0.038040535292331826
1588,e_demand,2030,67,4,4,0.038040535292331826
1589,e_demand,2030,67,5,5,0.038040535292331826
1590,e_demand,2030,67,6,6,0.038040535292331826
1591,e_demand,2030,67,7,7,0.038040535292331826
1592,e_demand,2030,67,8,8,0.038040535292331826
1593,e_demand,2030,67,9,9,0.038040535292331826
1594,e_demand,2030,67,10,10,0.038040535292331826
1595,e_demand,2030,67,11,11,0.038040535292331826
1596,e_demand,2030,67,12,12,0.038040535292331826
1597,e_demand,2030,67,13,13,0.038040535292331826
1598,e_demand,2030,67,14,14,0.038040535292331826
1599,e_demand,2030,67,15,15,0.038040535292331826
1600,e_demand,2030,67,16,16,0.038040535292331826
1601,e_demand,2030,67,17,17,0.038040535292331826
1602,e_demand,2030,67,18,18,0.038040535292331826
1603,e_demand,2030,67,19,19,0.038040535292331826
1604,e_demand,2030,67,20,20,0.038040535292331826
1605,e_demand,2030,67,21,21,0.038040535292331826
1606,e_demand,2030,67,22,22,0.038040535292331826
1607,e_demand,2030,67,23,23,0.038040535292331826
1608,e_demand,2030,67,24,24,0.038040535292331826
1609,e_demand,2030,68,1,1,0.028948823948007497
1610,e_demand,2030,68,2,2,0.028948823948007497
1611,e_demand,2030,68,3,3,0.028948823948007497
1612,e_demand,2030,68,4,4,0.028948823948007497
1613,e_demand,2030,68,5,5,0.028948823948007497
1614,e_demand,2030,68,6,6,0.028948823948007497
1615,e_demand,2030,68,7,7,0.028948823948007497
1616,e_demand,2030,68,8,8,0.028948823948007497
1617,e_demand,2030,68,9,9,0.028948823948007497
1618,e_demand,2030,68,10,10,0.028948823948007497
1619,e_demand,2030,68,11,11,0.028948823948007497
1620,e_demand,2030,68,12,12,0.028948823948007497
1621,e_demand,2030,68,13,13,0.028948823948007497
1622,e_demand,2030,68,14,14,0.028948823948007497
1623,e_demand,2030,68,15,15,0.028948823948007497
1624,e_demand,2030,68,16,16,0.028948823948007497
1625,e_demand,2030,68,17,17,0.028948823948007497
1626,e_demand,2030,68,18,18,0.028948823948007497
1627,e_demand,2030,68,19,19,0.028948823948007497
1628,e_demand,2030,68,20,20,0.02894882394800752
1629,e_demand,2030,68,21,21,0.028948823948007497
1630,e_demand,2030,68,22,22,0.028948823948007497
1631,e_demand,2030,68,23,23,0.028948823948007497
1632,e_demand,2030,68,24,24,0.028948823948007497
1633,e_demand,2030,69,1,1,0.05100510637200359
1634,e_demand,2030,69,2,2,0.05100510637200359
1635,e_demand,2030,69,3,3,0.05100510637200359
1636,e_demand,2030,69,4,4,0.05100510637200359
1637,e_demand,2030,69,5,5,0.05100510637200359
1638,e_demand,2030,69,6,6,0.05100510637200359
1639,e_demand,2030,69,7,7,0.05100510637200359
1640,e_demand,2030,69,8,8,0.05100510637200359
1641,e_demand,2030,69,9,9,0.05100510637200359
1642,e_demand,2030,69,10,10,0.05100510637200363
1643,e_demand,2030,69,11,11,0.0020402042548801434
1644,e_demand,2030,69,12,12,0.0020402042548801434
1645,e_demand,2030,69,13,13,0.0020402042548801434
1646,e_demand,2030,69,14,14,0.0020402042548801434
1647,e_demand,2030,69,15,15,0.0020402042548801434
1648,e_demand,2030,69,16,16,0.0020402042548801434
1649,e_demand,2030,69,17,17,0.05100510637200359
1650,e_demand,2030,69,18,18,0.05100510637200359
1651,e_demand,2030,69,19,19,0.05100510637200359
1652,e_demand,2030,69,20,20,0.05100510637200359
1653,e_demand,2030,69,21,21,0.05100510637200359
1654,e_demand,2030,69,22,22,0.05100510637200359
1655,e_demand,2030,69,23,23,0.05100510637200359
1656,e_demand,2030,69,24,24,0.05100510637200359
1657,e_demand,2030,70,1,1,0.03050676048892147
1658,e_demand,2030,70,2,2,0.03050676048892147
1659,e_demand,2030,70,3,3,0.03050676048892147
1660,e_demand,2030,70,4,4,0.03050676048892147
1661,e_demand,2030,70,5,5,0.03050676048892147
1662,e_demand,2030,70,6,6,0.03050676048892147
1663,e_demand,2030,70,7,7,0.03050676048892147
1664,e_demand,2030,70,8,8,0.03050676048892147
1665,e_demand,2030,70,9,9,0.03050676048892147
1666,e_demand,2030,70,10,10,0.03050676048892147
1667,e_demand,2030,70,11,11,0.03050676048892147
1668,e_demand,2030,70,12,12,0.03050676048892147
1669,e_demand,2030,70,13,13,0.027532351341251628
1670,e_demand,2030,70,14,14,0.027532351341251628
1671,e_demand,2030,70,15,15,0.03050676048892147
1672,e_demand,2030,70,16,16,0.03050676048892147
1673,e_demand,2030,70,17,17,0.03050676048892147
1674,e_demand,2030,70,18,18,0.03050676048892147
1675,e_demand,2030,70,19,19,0.030506760488921494
1676,e_demand,2030,70,20,20,0.030506760488921494
1677,e_demand,2030,70,21,21,0.030506760488921494
1678,e_demand,2030,70,22,22,0.030506760488921494
1679,e_demand,2030,70,23,23,0.03050676048892147
1680,e_demand,2030,70,24,24,0.03050676048892147
1681,e_demand,2030,71,1,1,0.04449256844880005
1682,e_demand,2030,71,2,2,0.04449256844880005
1683,e_demand,2030,71,3,3,0.04449256844880005
1684,e_demand,2030,71,4,4,0.04449256844880005
1685,e_demand,2030,71,5,5,0.04449256844880005
1686,e_demand,2030,71,6,6,0.04449256844880005
1687,e_demand,2030,71,7,7,0.04449256844880005
1688,e_demand,2030,71,8,8,0.04449256844880005
1689,e_demand,2030,71,9,9,0.04449256844880005
1690,e_demand,2030,71,10,10,0.04449256844880005
1691,e_demand,2030,71,11,11,0.04449256844880005
1692,e_demand,2030,71,12,12,0.0017797027379520018
1693,e_demand,2030,71,13,13,0.0017797027379520018
1694,e_demand,2030,71,14,14,0.0017797027379520018
1695,e_demand,2030,71,15,15,0.0017797027379520018
1696,e_demand,2030,71,16,16,0.0017797027379520018
1697,e_demand,2030,71,17,17,0.0017797027379520018
1698,e_demand,2030,71,18,18,0.0017797027379520018
1699,e_demand,2030,71,19,19,0.04449256844880005
1700,e_demand,2030,71,20,20,0.04449256844880005
1701,e_demand,2030,71,21,21,0.04449256844880005
1702,e_demand,2030,71,22,22,0.04449256844880006
1703,e_demand,2030,71,23,23,0.044492568448800056
1704,e_demand,2030,71,24,24,0.04449256844880006
1705,e_demand,2030,72,1,1,0.041991791594689735
1706,e_demand,2030,72,2,2,0.041991791594689735
1707,e_demand,2030,72,3,3,0.041991791594689735
1708,e_demand,2030,72,4,4,0.04199179159468975
1709,e_demand,2030,72,5,5,0.04199179159468975
1710,e_demand,2030,72,6,6,0.041991791594689735
1711,e_demand,2030,72,7,7,0.041991791594689735
1712,e_demand,2030,72,8,8,0.041991791594689735
1713,e_demand,2030,72,9,9,0.041991791594689735
1714,e_demand,2030,72,10,10,0.041991791594689735
1715,e_demand,2030,72,11,11,0.041991791594689735
1716,e_demand,2030,72,12,12,0.03789759191420749
1717,e_demand,2030,72,13,13,0.0016796716637875893
1718,e_demand,2030,72,14,14,0.03789759191420749
1719,e_demand,2030,72,15,15,0.04199179159468974
1720,e_demand,2030,72,16,16,0.041991791594689735
1721,e_demand,2030,72,17,17,0.041991791594689735
1722,e_demand,2030,72,18,18,0.041991791594689735
1723,e_demand,2030,72,19,19,0.041991791594689735
1724,e_demand,2030,72,20,20,0.041991791594689735
1725,e_demand,2030,72,21,21,0.041991791594689735
1726,e_demand,2030,72,22,22,0.041991791594689735
1727,e_demand,2030,72,23,23,0.041991791594689735
1728,e_demand,2030,72,24,24,0.041991791594689735
1729,e_demand,2030,73,1,1,0.03626696603753739
1730,e_demand,2030,73,2,2,0.03626696603753739
1731,e_demand,2030,73,3,3,0.03626696603753739
1732,e_demand,2030,73,4,4,0.03626696603753739
1733,e_demand,2030,73,5,5,0.03626696603753739
1734,e_demand,2030,73,6,6,0.03626696603753739
1735,e_demand,2030,73,7,7,0.03626696603753739
1736,e_demand,2030,73,8,8,0.03626696603753739
1737,e_demand,2030,73,9,9,0.03626696603753739
1738,e_demand,2030,73,10,10,0.03626696603753739
1739,e_demand,2030,73,11,11,0.03626696603753739
1740,e_demand,2030,73,12,12,0.0014506786415014953
1741,e_demand,2030,73,13,13,0.0014506786415014953
1742,e_demand,2030,73,14,14,0.0014506786415014953
1743,e_demand,2030,73,15,15,0.0014506786415014953
1744,e_demand,2030,73,16,16,0.0014506786415014953
1745,e_demand,2030,73,17,17,0.03626696603753739
1746,e_demand,2030,73,18,18,0.03626696603753739
1747,e_demand,2030,73,19,19,0.03626696603753739
1748,e_demand,2030,73,20,20,0.03626696603753739
1749,e_demand,2030,73,21,21,0.03626696603753739
1750,e_demand,2030,73,22,22,0.03626696603753739
1751,e_demand,2030,73,23,23,0.03626696603753739
1752,e_demand,2030,73,24,24,0.03626696603753739
1753,e_demand,2030,74,1,1,0.040865021137796206
1754,e_demand,2030,74,2,2,0.040865021137796206
1755,e_demand,2030,74,3,3,0.040865021137796206
1756,e_demand,2030,74,4,4,0.040865021137796206
1757,e_demand,2030,74,5,5,0.040865021137796206
1758,e_demand,2030,74,6,6,0.040865021137796206
1759,e_demand,2030,74,7,7,0.040865021137796206
1760,e_demand,2030,74,8,8,0.040865021137796206
1761,e_demand,2030,74,9,9,0.040865021137796206
1762,e_demand,2030,74,10,10,0.040865021137796206
1763,e_demand,2030,74,11,11,0.040865021137796206
1764,e_demand,2030,74,12,12,0.040865021137796206
1765,e_demand,2030,74,13,13,0.040865021137796206
1766,e_demand,2030,74,14,14,0.040865021137796206
1767,e_demand,2030,74,15,15,0.040865021137796206
1768,e_demand,2030,74,16,16,0.040865021137796206
1769,e_demand,2030,74,17,17,0.040865021137796206
1770,e_demand,2030,74,18,18,0.040865021137796206
1771,e_demand,2030,74,19,19,0.040865021137796206
1772,e_demand,2030,74,20,20,0.04086502113779622
1773,e_demand,2030,74,21,21,0.040865021137796206
1774,e_demand,2030,74,22,22,0.040865021137796206
1775,e_demand,2030,74,23,23,0.040865021137796206
1776,e_demand,2030,74,24,24,0.040865021137796206
1777,e_demand,2030,75,1,1,0.10639852082519413
1778,e_demand,2030,75,2,2,0.1063985208251941
1779,e_demand,2030,75,3,3,0.1063985208251941
1780,e_demand,2030,75,4,4,0.10639852082519413
1781,e_demand,2030,75,5,5,0.1063985208251941
1782,e_demand,2030,75,6,6,0.10639852082519413
1783,e_demand,2030,75,7,7,0.14895792915527178
1784,e_demand,2030,75,8,8,0.14895792915527178
1785,e_demand,2030,75,9,9,0.14895792915527178
1786,e_demand,2030,75,10,10,0.14895792915527178
1787,e_demand,2030,75,11,11,0.14895792915527178
1788,e_demand,2030,75,12,12,0.14895792915527178
1789,e_demand,2030,75,13,13,0.14895792915527178
1790,e_demand,2030,75,14,14,0.14895792915527178
1791,e_demand,2030,75,15,15,0.14895792915527178
1792,e_demand,2030,75,16,16,0.14895792915527178
1793,e_demand,2030,75,17,17,0.14895792915527178
1794,e_demand,2030,75,18,18,0.14895792915527178
1795,e_demand,2030,75,19,19,0.14895792915527178
1796,e_demand,2030,75,20,20,0.14895792915527178
1797,e_demand,2030,75,21,21,0.14895792915527178
1798,e_demand,2030,75,22,22,0.14895792915527178
1799,e_demand,2030,75,23,23,0.14895792915527178
1800,e_demand,2030,75,24,24,0.14895792915527178
1801,e_demand,2030,76,1,1,0.0011823197369355924
1802,e_demand,2030,76,2,2,0.0011823197369355924
1803,e_demand,2030,76,3,3,0.0011823197369355924
1804,e_demand,2030,76,4,4,0.0011823197369355924
1805,e_demand,2030,76,5,5,0.0011823197369355924
1806,e_demand,2030,76,6,6,0.0011823197369355924
1807,e_demand,2030,76,7,7,0.0013100495700117368
1808,e_demand,2030,76,8,8,0.0013100495700117368
1809,e_demand,2030,76,9,9,0.0011823197369355924
1810,e_demand,2030,76,10,10,0.0011823197369355924
1811,e_demand,2030,76,11,11,0.0011823197369355924
1812,e_demand,2030,76,12,12,0.0011823197369355924
1813,e_demand,2030,76,13,13,0.0011823197369355924
1814,e_demand,2030,76,14,14,0.0011823197369355924
1815,e_demand,2030,76,15,15,0.0011823197369355924
1816,e_demand,2030,76,16,16,0.0011823197369355924
1817,e_demand,2030,76,17,17,0.0011823197369355924
1818,e_demand,2030,76,18,18,0.029557993423389814
1819,e_demand,2030,76,19,19,0.029557993423389814
1820,e_demand,2030,76,20,20,0.029557993423389814
1821,e_demand,2030,76,21,21,0.029557993423389814
1822,e_demand,2030,76,22,22,0.029557993423389814
1823,e_demand,2030,76,23,23,0.029557993423389814
1824,e_demand,2030,76,24,24,0.029557993423389814
1825,e_demand,2030,77,1,1,0.03280138462138639
1826,e_demand,2030,77,2,2,0.03280138462138636
1827,e_demand,2030,77,3,3,0.03280138462138636
1828,e_demand,2030,77,4,4,0.0013120553848554545
1829,e_demand,2030,77,5,5,0.0013120553848554545
1830,e_demand,2030,77,6,6,0.0013120553848554545
1831,e_demand,2030,77,7,7,0.0013120553848554545
1832,e_demand,2030,77,8,8,0.0013120553848554545
1833,e_demand,2030,77,9,9,0.0013120553848554545
1834,e_demand,2030,77,10,10,0.0013120553848554545
1835,e_demand,2030,77,11,11,0.0013120553848554545
1836,e_demand,2030,77,12,12,0.0013120553848554545
1837,e_demand,2030,77,13,13,0.0013120553848554545
1838,e_demand,2030,77,14,14,0.0013120553848554545
1839,e_demand,2030,77,15,15,0.0013120553848554545
1840,e_demand,2030,77,16,16,0.0013120553848554545
1841,e_demand,2030,77,17,17,0.0013120553848554545
1842,e_demand,2030,77,18,18,0.0013120553848554545
1843,e_demand,2030,77,19,19,0.03280138462138636
1844,e_demand,2030,77,20,20,0.032801384621386376
1845,e_demand,2030,77,21,21,0.03280138462138636
1846,e_demand,2030,77,22,22,0.03280138462138636
1847,e_demand,2030,77,23,23,0.03280138462138636
1848,e_demand,2030,77,24,24,0.03280138462138636
1849,e_demand,2030,78,1,1,0.03269498932799588
1850,e_demand,2030,78,2,2,0.03269498932799588
1851,e_demand,2030,78,3,3,0.03269498932799588
1852,e_demand,2030,78,4,4,0.03269498932799588
1853,e_demand,2030,78,5,5,0.03269498932799588
1854,e_demand,2030,78,6,6,0.03269498932799588
1855,e_demand,2030,78,7,7,0.03269498932799588
1856,e_demand,2030,78,8,8,0.03269498932799588
1857,e_demand,2030,78,9,9,0.03269498932799588
1858,e_demand,2030,78,10,10,0.03269498932799588
1859,e_demand,2030,78,11,11,0.03269498932799588
1860,e_demand,2030,78,12,12,0.03269498932799588
1861,e_demand,2030,78,13,13,0.03269498932799588
1862,e_demand,2030,78,14,14,0.03269498932799588
1863,e_demand,2030,78,15,15,0.03269498932799588
1864,e_demand,2030,78,16,16,0.03269498932799588
1865,e_demand,2030,78,17,17,0.03269498932799588
1866,e_demand,2030,78,18,18,0.03269498932799588
1867,e_demand,2030,78,19,19,0.03269498932799588
1868,e_demand,2030,78,20,20,0.03269498932799588
1869,e_demand,2030,78,21,21,0.03269498932799588
1870,e_demand,2030,78,22,22,0.03269498932799588
1871,e_demand,2030,78,23,23,0.03269498932799588
1872,e_demand,2030,78,24,24,0.03269498932799588
1873,e_demand,2030,79,1,1,0.033646441722986364
1874,e_demand,2030,79,2,2,0.033646441722986364
1875,e_demand,2030,79,3,3,0.033646441722986364
1876,e_demand,2030,79,4,4,0.033646441722986364
1877,e_demand,2030,79,5,5,0.033646441722986364
1878,e_demand,2030,79,6,6,0.033646441722986364
1879,e_demand,2030,79,7,7,0.033646441722986364
1880,e_demand,2030,79,8,8,0.033646441722986364
1881,e_demand,2030,79,9,9,0.033646441722986364
1882,e_demand,2030,79,10,10,0.033646441722986364
1883,e_demand,2030,79,11,11,0.033646441722986364
1884,e_demand,2030,79,12,12,0.033646441722986364
1885,e_demand,2030,79,13,13,0.033646441722986364
1886,e_demand,2030,79,14,14,0.033646441722986385
1887,e_demand,2030,79,15,15,0.033646441722986385
1888,e_demand,2030,79,16,16,0.033646441722986364
1889,e_demand,2030,79,17,17,0.033646441722986364
1890,e_demand,2030,79,18,18,0.033646441722986364
1891,e_demand,2030,79,19,19,0.033646441722986364
1892,e_demand,2030,79,20,20,0.033646441722986364
1893,e_demand,2030,79,21,21,0.033646441722986364
1894,e_demand,2030,79,22,22,0.033646441722986364
1895,e_demand,2030,79,23,23,0.033646441722986364
1896,e_demand,2030,79,24,24,0.033646441722986364
1897,e_demand,2030,80,1,1,0.03127840538781604
1898,e_demand,2030,80,2,2,0.03127840538781604
1899,e_demand,2030,80,3,3,0.03127840538781604
1900,e_demand,2030,80,4,4,0.031278405387816025
1901,e_demand,2030,80,5,5,0.03127840538781604
1902,e_demand,2030,80,6,6,0.031278405387816025
1903,e_demand,2030,80,7,7,0.031278405387816025
1904,e_demand,2030,80,8,8,0.031278405387816025
1905,e_demand,2030,80,9,9,0.031278405387816025
1906,e_demand,2030,80,10,10,0.031278405387816025
1907,e_demand,2030,80,11,11,0.0012511362155126409
1908,e_demand,2030,80,12,12,0.0012511362155126409
1909,e_demand,2030,80,13,13,0.0012511362155126409
1910,e_demand,2030,80,14,14,0.0012511362155126409
1911,e_demand,2030,80,15,15,0.0012511362155126409
1912,e_demand,2030,80,16,16,0.0012511362155126409
1913,e_demand,2030,80,17,17,0.0012511362155126409
1914,e_demand,2030,80,18,18,0.031278405387816025
1915,e_demand,2030,80,19,19,0.031278405387816025
1916,e_demand,2030,80,20,20,0.031278405387816025
1917,e_demand,2030,80,21,21,0.031278405387816025
1918,e_demand,2030,80,22,22,0.031278405387816025
1919,e_demand,2030,80,23,23,0.031278405387816025
1920,e_demand,2030,80,24,24,0.031278405387816025
1921,e_demand,2030,81,1,1,0.031572612874817975
1922,e_demand,2030,81,2,2,0.031572612874817975
1923,e_demand,2030,81,3,3,0.031572612874817975
1924,e_demand,2030,81,4,4,0.031572612874817975
1925,e_demand,2030,81,5,5,0.031572612874817975
1926,e_demand,2030,81,6,6,0.031572612874817975
1927,e_demand,2030,81,7,7,0.031572612874817975
1928,e_demand,2030,81,8,8,0.031572612874817975
1929,e_demand,2030,81,9,9,0.031572612874817975
1930,e_demand,2030,81,10,10,0.031572612874817975
1931,e_demand,2030,81,11,11,0.031572612874817975
1932,e_demand,2030,81,12,12,0.031572612874817975
1933,e_demand,2030,81,13,13,0.031572612874817975
1934,e_demand,2030,81,14,14,0.031572612874817975
1935,e_demand,2030,81,15,15,0.031572612874817975
1936,e_demand,2030,81,16,16,0.031572612874817996
1937,e_demand,2030,81,17,17,0.031572612874817996
1938,e_demand,2030,81,18,18,0.031572612874817975
1939,e_demand,2030,81,19,19,0.031572612874817975
1940,e_demand,2030,81,20,20,0.031572612874817975
1941,e_demand,2030,81,21,21,0.031572612874817975
1942,e_demand,2030,81,22,22,0.001262904514992719
1943,e_demand,2030,81,23,23,0.001262904514992719
1944,e_demand,2030,81,24,24,0.001262904514992719
1945,e_demand,2030,82,1,1,0.027705624644460303
1946,e_demand,2030,82,2,2,0.027705624644460303
1947,e_demand,2030,82,3,3,0.027705624644460303
1948,e_demand,2030,82,4,4,0.027705624644460303
1949,e_demand,2030,82,5,5,0.027705624644460303
1950,e_demand,2030,82,6,6,0.027705624644460303
1951,e_demand,2030,82,7,7,0.027705624644460303
1952,e_demand,2030,82,8,8,0.027705624644460303
1953,e_demand,2030,82,9,9,0.027705624644460303
1954,e_demand,2030,82,10,10,0.027705624644460303
1955,e_demand,2030,82,11,11,0.027705624644460327
1956,e_demand,2030,82,12,12,0.0011082249857784121
1957,e_demand,2030,82,13,13,0.0011082249857784121
1958,e_demand,2030,82,14,14,0.0011082249857784121
1959,e_demand,2030,82,15,15,0.0011082249857784121
1960,e_demand,2030,82,16,16,0.0011082249857784121
1961,e_demand,2030,82,17,17,0.027705624644460303
1962,e_demand,2030,82,18,18,0.027705624644460303
1963,e_demand,2030,82,19,19,0.027705624644460303
1964,e_demand,2030,82,20,20,0.027705624644460303
1965,e_demand,2030,82,21,21,0.027705624644460303
1966,e_demand,2030,82,22,22,0.027705624644460303
1967,e_demand,2030,82,23,23,0.027705624644460303
1968,e_demand,2030,82,24,24,0.027705624644460303
1969,e_demand,2030,83,1,1,0.13278600636331409
1970,e_demand,2030,83,2,2,0.13278600636331409
1971,e_demand,2030,83,3,3,0.13278600636331409
1972,e_demand,2030,83,4,4,0.13278600636331409
1973,e_demand,2030,83,5,5,0.13278600636331409
1974,e_demand,2030,83,6,6,0.13278600636331409
1975,e_demand,2030,83,7,7,0.13278600636331409
1976,e_demand,2030,83,8,8,0.13278600636331409
1977,e_demand,2030,83,9,9,0.13278600636331409
1978,e_demand,2030,83,10,10,0.13278600636331409
1979,e_demand,2030,83,11,11,0.13278600636331409
1980,e_demand,2030,83,12,12,0.13278600636331409
1981,e_demand,2030,83,13,13,0.13278600636331409
1982,e_demand,2030,83,14,14,0.13278600636331409
1983,e_demand,2030,83,15,15,0.13278600636331409
1984,e_demand,2030,83,16,16,0.13278600636331409
1985,e_demand,2030,83,17,17,0.13278600636331409
1986,e_demand,2030,83,18,18,0.13278600636331409
1987,e_demand,2030,83,19,19,0.13278600636331409
1988,e_demand,2030,83,20,20,0.14713130898982169
1989,e_demand,2030,83,21,21,0.14713130898982169
1990,e_demand,2030,83,22,22,0.13278600636331409
1991,e_demand,2030,83,23,23,0.13278600636331409
1992,e_demand,2030,83,24,24,0.13278600636331409
1993,e_demand,2030,84,1,1,0.04792198417241748
1994,e_demand,2030,84,2,2,0.04792198417241748
1995,e_demand,2030,84,3,3,0.04792198417241748
1996,e_demand,2030,84,4,4,0.04792198417241748
1997,e_demand,2030,84,5,5,0.04792198417241748
1998,e_demand,2030,84,6,6,0.04792198417241748
1999,e_demand,2030,84,7,7,0.04792198417241748
2000,e_demand,2030,84,8,8,0.04792198417241748
2001,e_demand,2030,84,9,9,0.04792198417241748
2002,e_demand,2030,84,10,10,0.04792198417241748
2003,e_demand,2030,84,11,11,0.001916879366896699
2004,e_demand,2030,84,12,12,0.001916879366896699
2005,e_demand,2030,84,13,13,0.0019168793668966992
2006,e_demand,2030,84,14,14,0.0
2007,e_demand,2030,84,15,15,0.001916879366896699
2008,e_demand,2030,84,16,16,0.001916879366896699
2009,e_demand,2030,84,17,17,0.001916879366896699
2010,e_demand,2030,84,18,18,0.04792198417241748
2011,e_demand,2030,84,19,19,0.04792198417241748
2012,e_demand,2030,84,20,20,0.04792198417241748
2013,e_demand,2030,84,21,21,0.04792198417241748
2014,e_demand,2030,84,22,22,0.04792198417241748
2015,e_demand,2030,84,23,23,0.04792198417241748
2016,e_demand,2030,84,24,24,0.04792198417241748
2017,e_demand,2030,85,1,1,0.031330430670302695
2018,e_demand,2030,85,2,2,0.031330430670302695
2019,e_demand,2030,85,3,3,0.031330430670302695
2020,e_demand,2030,85,4,4,0.031330430670302695
2021,e_demand,2030,85,5,5,0.031330430670302695
2022,e_demand,2030,85,6,6,0.031330430670302695
2023,e_demand,2030,85,7,7,0.031330430670302695
2024,e_demand,2030,85,8,8,0.031330430670302695
2025,e_demand,2030,85,9,9,0.031330430670302695
2026,e_demand,2030,85,10,10,0.031330430670302695
2027,e_demand,2030,85,11,11,0.03133043067030273
2028,e_demand,2030,85,12,12,0.0012532172268121078
2029,e_demand,2030,85,13,13,0.0012532172268121078
2030,e_demand,2030,85,14,14,0.0012532172268121078
2031,e_demand,2030,85,15,15,0.0012532172268121078
2032,e_demand,2030,85,16,16,0.0012532172268121078
2033,e_demand,2030,85,17,17,0.0012532172268121078
2034,e_demand,2030,85,18,18,0.031330430670302695
2035,e_demand,2030,85,19,19,0.031330430670302695
2036,e_demand,2030,85,20,20,0.031330430670302695
2037,e_demand,2030,85,21,21,0.031330430670302695
2038,e_demand,2030,85,22,22,0.031330430670302695
2039,e_demand,2030,85,23,23,0.031330430670302695
2040,e_demand,2030,85,24,24,0.03133043067030273
2041,e_demand,2030,86,1,1,0.0015152977986061232
2042,e_demand,2030,86,2,2,0.0015152977986061232
2043,e_demand,2030,86,3,3,0.0015152977986061232
2044,e_demand,2030,86,4,4,0.0015152977986061232
2045,e_demand,2030,86,5,5,0.0015152977986061232
2046,e_demand,2030,86,6,6,0.0015152977986061232
2047,e_demand,2030,86,7,7,0.0015152977986061232
2048,e_demand,2030,86,8,8,0.0015152977986061232
2049,e_demand,2030,86,9,9,0.0015152977986061232
2050,e_demand,2030,86,10,10,0.0015152977986061232
2051,e_demand,2030,86,11,11,0.0015152977986061232
2052,e_demand,2030,86,12,12,0.0015152977986061232
2053,e_demand,2030,86,13,13,0.0015152977986061232
2054,e_demand,2030,86,14,14,0.0015152977986061232
2055,e_demand,2030,86,15,15,0.0015152977986061232
2056,e_demand,2030,86,16,16,0.0015152977986061232
2057,e_demand,2030,86,17,17,0.0015152977986061232
2058,e_demand,2030,86,18,18,0.0015152977986061232
2059,e_demand,2030,86,19,19,0.0015152977986061232
2060,e_demand,2030,86,20,20,0.0015152977986061232
2061,e_demand,2030,86,21,21,0.0015152977986061232
2062,e_demand,2030,86,22,22,0.0015152977986061232
2063,e_demand,2030,86,23,23,0.0015152977986061232
2064,e_demand,2030,86,24,24,0.0015152977986061232
2065,e_demand,2030,87,1,1,0.03138895986837217
2066,e_demand,2030,87,2,2,0.03138895986837217
2067,e_demand,2030,87,3,3,0.03138895986837217
2068,e_demand,2030,87,4,4,0.03138895986837217
2069,e_demand,2030,87,5,5,0.03138895986837217
2070,e_demand,2030,87,6,6,0.03138895986837217
2071,e_demand,2030,87,7,7,0.03138895986837217
2072,e_demand,2030,87,8,8,0.03138895986837217
2073,e_demand,2030,87,9,9,0.03138895986837217
2074,e_demand,2030,87,10,10,0.03138895986837217
2075,e_demand,2030,87,11,11,0.03138895986837217
2076,e_demand,2030,87,12,12,0.03138895986837217
2077,e_demand,2030,87,13,13,0.03138895986837217
2078,e_demand,2030,87,14,14,0.03138895986837217
2079,e_demand,2030,87,15,15,0.03138895986837217
2080,e_demand,2030,87,16,16,0.03138895986837217
2081,e_demand,2030,87,17,17,0.03138895986837217
2082,e_demand,2030,87,18,18,0.03138895986837217
2083,e_demand,2030,87,19,19,0.03138895986837217
2084,e_demand,2030,87,20,20,0.03138895986837217
2085,e_demand,2030,87,21,21,0.03138895986837217
2086,e_demand,2030,87,22,22,0.03138895986837217
2087,e_demand,2030,87,23,23,0.03138895986837217
2088,e_demand,2030,87,24,24,0.03138895986837217
2089,e_demand,2030,88,1,1,0.03192533798088966
2090,e_demand,2030,88,2,2,0.03192533798088966
2091,e_demand,2030,88,3,3,0.03192533798088966
2092,e_demand,2030,88,4,4,0.03192533798088966
2093,e_demand,2030,88,5,5,0.03192533798088966
2094,e_demand,2030,88,6,6,0.03192533798088966
2095,e_demand,2030,88,7,7,0.03192533798088966
2096,e_demand,2030,88,8,8,0.03192533798088966
2097,e_demand,2030,88,9,9,0.03192533798088966
2098,e_demand,2030,88,10,10,0.03192533798088966
2099,e_demand,2030,88,11,11,0.03192533798088966
2100,e_demand,2030,88,12,12,0.03192533798088966
2101,e_demand,2030,88,13,13,0.03192533798088968
2102,e_demand,2030,88,14,14,0.03192533798088968
2103,e_demand,2030,88,15,15,0.03192533798088968
2104,e_demand,2030,88,16,16,0.03192533798088968
2105,e_demand,2030,88,17,17,0.03192533798088966
2106,e_demand,2030,88,18,18,0.03192533798088966
2107,e_demand,2030,88,19,19,0.03192533798088966
2108,e_demand,2030,88,20,20,0.03192533798088966
2109,e_demand,2030,88,21,21,0.03192533798088966
2110,e_demand,2030,88,22,22,0.03192533798088966
2111,e_demand,2030,88,23,23,0.03192533798088966
2112,e_demand,2030,88,24,24,0.03192533798088966
2113,e_demand,2030,89,1,1,0.028162963761115774
2114,e_demand,2030,89,2,2,0.028162963761115774
2115,e_demand,2030,89,3,3,0.028162963761115774
2116,e_demand,2030,89,4,4,0.0011265185504446308
2117,e_demand,2030,89,5,5,0.0011265185504446308
2118,e_demand,2030,89,6,6,0.0011265185504446308
2119,e_demand,2030,89,7,7,0.0012482200004926656
2120,e_demand,2030,89,8,8,0.0012482200004926656
2121,e_demand,2030,89,9,9,0.0011265185504446308
2122,e_demand,2030,89,10,10,0.0011265185504446308
2123,e_demand,2030,89,11,11,0.0011265185504446308
2124,e_demand,2030,89,12,12,0.0011265185504446308
2125,e_demand,2030,89,13,13,0.0011265185504446308
2126,e_demand,2030,89,14,14,0.0011265185504446308
2127,e_demand,2030,89,15,15,0.0011265185504446308
2128,e_demand,2030,89,16,16,0.0011265185504446308
2129,e_demand,2030,89,17,17,0.0011265185504446308
2130,e_demand,2030,89,18,18,0.0011265185504446308
2131,e_demand,2030,89,19,19,0.028162963761115774
2132,e_demand,2030,89,20,20,0.028162963761115774
2133,e_demand,2030,89,21,21,0.028162963761115774
2134,e_demand,2030,89,22,22,0.028162963761115774
2135,e_demand,2030,89,23,23,0.028162963761115774
2136,e_demand,2030,89,24,24,0.028162963761115774
2137,e_demand,2030,90,1,1,0.001142458839403583
2138,e_demand,2030,90,2,2,0.001142458839403583
2139,e_demand,2030,90,3,3,0.001142458839403583
2140,e_demand,2030,90,4,4,0.001142458839403583
2141,e_demand,2030,90,5,5,0.001142458839403583
2142,e_demand,2030,90,6,6,0.001142458839403583
2143,e_demand,2030,90,7,7,0.001142458839403583
2144,e_demand,2030,90,8,8,0.001265882370530286
2145,e_demand,2030,90,9,9,0.001142458839403583
2146,e_demand,2030,90,10,10,0.001142458839403583
2147,e_demand,2030,90,11,11,0.001142458839403583
2148,e_demand,2030,90,12,12,0.001142458839403583
2149,e_demand,2030,90,13,13,0.001142458839403583
2150,e_demand,2030,90,14,14,0.001142458839403583
2151,e_demand,2030,90,15,15,0.001142458839403583
2152,e_demand,2030,90,16,16,0.001142458839403583
2153,e_demand,2030,90,17,17,0.02856147098508957
2154,e_demand,2030,90,18,18,0.02856147098508957
2155,e_demand,2030,90,19,19,0.02856147098508957
2156,e_demand,2030,90,20,20,0.02856147098508957
2157,e_demand,2030,90,21,21,0.02856147098508957
2158,e_demand,2030,90,22,22,0.02856147098508957
2159,e_demand,2030,90,23,23,0.02856147098508957
2160,e_demand,2030,90,24,24,0.02856147098508957
2161,e_demand,2030,91,1,1,0.02571946441403533
2162,e_demand,2030,91,2,2,0.02571946441403533
2163,e_demand,2030,91,3,3,0.02849802151139649
2164,e_demand,2030,91,4,4,0.028498021511396465
2165,e_demand,2030,91,5,5,0.028498021511396465
2166,e_demand,2030,91,6,6,0.02849802151139649
2167,e_demand,2030,91,7,7,0.028498021511396465
2168,e_demand,2030,91,8,8,0.0011399208604558587
2169,e_demand,2030,91,9,9,0.0011399208604558587
2170,e_demand,2030,91,10,10,0.0011399208604558587
2171,e_demand,2030,91,11,11,0.0011399208604558587
2172,e_demand,2030,91,12,12,0.0010287785765614125
2173,e_demand,2030,91,13,13,0.0
2174,e_demand,2030,91,14,14,0.0
2175,e_demand,2030,91,15,15,0.0010287785765614125
2176,e_demand,2030,91,16,16,0.0011399208604558587
2177,e_demand,2030,91,17,17,0.0011399208604558587
2178,e_demand,2030,91,18,18,0.0011399208604558587
2179,e_demand,2030,91,19,19,0.0011399208604558587
2180,e_demand,2030,91,20,20,0.0011399208604558587
2181,e_demand,2030,91,21,21,0.0011399208604558587
2182,e_demand,2030,91,22,22,0.0011399208604558587
2183,e_demand,2030,91,23,23,0.0011399208604558587
2184,e_demand,2030,91,24,24,0.0011399208604558587
2185,e_demand,2030,92,1,1,0.026414794697509614
2186,e_demand,2030,92,2,2,0.026414794697509614
2187,e_demand,2030,92,3,3,0.026414794697509614
2188,e_demand,2030,92,4,4,0.026414794697509614
2189,e_demand,2030,92,5,5,0.026414794697509614
2190,e_demand,2030,92,6,6,0.026414794697509614
2191,e_demand,2030,92,7,7,0.026414794697509614
2192,e_demand,2030,92,8,8,0.026414794697509614
2193,e_demand,2030,92,9,9,0.026414794697509614
2194,e_demand,2030,92,10,10,0.026414794697509614
2195,e_demand,2030,92,11,11,0.026414794697509614
2196,e_demand,2030,92,12,12,0.026414794697509614
2197,e_demand,2030,92,13,13,0.026414794697509635
2198,e_demand,2030,92,14,14,0.023839352214502427
2199,e_demand,2030,92,15,15,0.023839352214502427
2200,e_demand,2030,92,16,16,0.026414794697509635
2201,e_demand,2030,92,17,17,0.026414794697509614
2202,e_demand,2030,92,18,18,0.026414794697509614
2203,e_demand,2030,92,19,19,0.026414794697509614
2204,e_demand,2030,92,20,20,0.026414794697509614
2205,e_demand,2030,92,21,21,0.026414794697509614
2206,e_demand,2030,92,22,22,0.026414794697509614
2207,e_demand,2030,92,23,23,0.026414794697509614
2208,e_demand,2030,92,24,24,0.026414794697509614
2209,e_demand,2030,93,1,1,0.02940702567658647
2210,e_demand,2030,93,2,2,0.02940702567658647
2211,e_demand,2030,93,3,3,0.02940702567658647
2212,e_demand,2030,93,4,4,0.02940702567658647
2213,e_demand,2030,93,5,5,0.02940702567658647
2214,e_demand,2030,93,6,6,0.02940702567658647
2215,e_demand,2030,93,7,7,0.02940702567658647
2216,e_demand,2030,93,8,8,0.02940702567658647
2217,e_demand,2030,93,9,9,0.02940702567658647
2218,e_demand,2030,93,10,10,0.02940702567658647
2219,e_demand,2030,93,11,11,0.0011762810270634588
2220,e_demand,2030,93,12,12,0.0011762810270634588
2221,e_demand,2030,93,13,13,0.0011762810270634588
2222,e_demand,2030,93,14,14,0.0011762810270634588
2223,e_demand,2030,93,15,15,0.0011762810270634588
2224,e_demand,2030,93,16,16,0.0011762810270634588
2225,e_demand,2030,93,17,17,0.0011762810270634588
2226,e_demand,2030,93,18,18,0.0011762810270634588
2227,e_demand,2030,93,19,19,0.02940702567658647
2228,e_demand,2030,93,20,20,0.02940702567658647
2229,e_demand,2030,93,21,21,0.02940702567658647
2230,e_demand,2030,93,22,22,0.02940702567658647
2231,e_demand,2030,93,23,23,0.02940702567658647
2232,e_demand,2030,93,24,24,0.02940702567658647
2233,e_demand,2030,94,1,1,0.03197971920167641
2234,e_demand,2030,94,2,2,0.03197971920167641
2235,e_demand,2030,94,3,3,0.03197971920167641
2236,e_demand,2030,94,4,4,0.03197971920167641
2237,e_demand,2030,94,5,5,0.03197971920167641
2238,e_demand,2030,94,6,6,0.03197971920167641
2239,e_demand,2030,94,7,7,0.03197971920167641
2240,e_demand,2030,94,8,8,0.03197971920167641
2241,e_demand,2030,94,9,9,0.03197971920167641
2242,e_demand,2030,94,10,10,0.03197971920167641
2243,e_demand,2030,94,11,11,0.0012791887680670562
2244,e_demand,2030,94,12,12,0.0012791887680670562
2245,e_demand,2030,94,13,13,0.0012791887680670562
2246,e_demand,2030,94,14,14,0.0012791887680670562
2247,e_demand,2030,94,15,15,0.0012791887680670562
2248,e_demand,2030,94,16,16,0.03197971920167641
2249,e_demand,2030,94,17,17,0.03197971920167641
2250,e_demand,2030,94,18,18,0.03197971920167641
2251,e_demand,2030,94,19,19,0.03197971920167641
2252,e_demand,2030,94,20,20,0.03197971920167641
2253,e_demand,2030,94,21,21,0.03197971920167641
2254,e_demand,2030,94,22,22,0.03197971920167641
2255,e_demand,2030,94,23,23,0.03197971920167641
2256,e_demand,2030,94,24,24,0.03197971920167641
2257,e_demand,2030,95,1,1,0.033856793005095025
2258,e_demand,2030,95,2,2,0.033856793005095025
2259,e_demand,2030,95,3,3,0.033856793005095025
2260,e_demand,2030,95,4,4,0.033856793005095025
2261,e_demand,2030,95,5,5,0.033856793005095025
2262,e_demand,2030,95,6,6,0.033856793005095025
2263,e_demand,2030,95,7,7,0.033856793005095025
2264,e_demand,2030,95,8,8,0.033856793005095025
2265,e_demand,2030,95,9,9,0.033856793005095025
2266,e_demand,2030,95,10,10,0.033856793005095046
2267,e_demand,2030,95,11,11,0.001354271720203801
2268,e_demand,2030,95,12,12,0.001354271720203801
2269,e_demand,2030,95,13,13,0.001354271720203801
2270,e_demand,2030,95,14,14,0.001354271720203801
2271,e_demand,2030,95,15,15,0.001354271720203801
2272,e_demand,2030,95,16,16,0.001354271720203801
2273,e_demand,2030,95,17,17,0.033856793005095025
2274,e_demand,2030,95,18,18,0.033856793005095025
2275,e_demand,2030,95,19,19,0.033856793005095025
2276,e_demand,2030,95,20,20,0.033856793005095025
2277,e_demand,2030,95,21,21,0.033856793005095025
2278,e_demand,2030,95,22,22,0.033856793005095025
2279,e_demand,2030,95,23,23,0.033856793005095025
2280,e_demand,2030,95,24,24,0.033856793005095025
2281,e_demand,2030,96,1,1,0.025982556032004223
2282,e_demand,2030,96,2,2,0.025982556032004223
2283,e_demand,2030,96,3,3,0.025982556032004223
2284,e_demand,2030,96,4,4,0.025982556032004223
2285,e_demand,2030,96,5,5,0.025982556032004223
2286,e_demand,2030,96,6,6,0.025982556032004223
2287,e_demand,2030,96,7,7,0.025982556032004223
2288,e_demand,2030,96,8,8,0.025982556032004223
2289,e_demand,2030,96,9,9,0.025982556032004223
2290,e_demand,2030,96,10,10,0.025982556032004223
2291,e_demand,2030,96,11,11,0.025982556032004223
2292,e_demand,2030,96,12,12,0.001039302241280169
2293,e_demand,2030,96,13,13,0.001039302241280169
2294,e_demand,2030,96,14,14,0.001039302241280169
2295,e_demand,2030,96,15,15,0.001039302241280169
2296,e_demand,2030,96,16,16,0.001039302241280169
2297,e_demand,2030,96,17,17,0.025982556032004223
2298,e_demand,2030,96,18,18,0.025982556032004223
2299,e_demand,2030,96,19,19,0.025982556032004223
2300,e_demand,2030,96,20,20,0.025982556032004223
2301,e_demand,2030,96,21,21,0.025982556032004223
2302,e_demand,2030,96,22,22,0.025982556032004223
2303,e_demand,2030,96,23,23,0.025982556032004223
2304,e_demand,2030,96,24,24,0.025982556032004223
2305,e_demand,2030,97,1,1,0.0340138085112867
2306,e_demand,2030,97,2,2,0.0340138085112867
2307,e_demand,2030,97,3,3,0.0340138085112867
2308,e_demand,2030,97,4,4,0.0340138085112867
2309,e_demand,2030,97,5,5,0.0340138085112867
2310,e_demand,2030,97,6,6,0.0340138085112867
2311,e_demand,2030,97,7,7,0.0340138085112867
2312,e_demand,2030,97,8,8,0.0340138085112867
2313,e_demand,2030,97,9,9,0.0340138085112867
2314,e_demand,2030,97,10,10,0.0340138085112867
2315,e_demand,2030,97,11,11,0.0340138085112867
2316,e_demand,2030,97,12,12,0.0340138085112867
2317,e_demand,2030,97,13,13,0.0340138085112867
2318,e_demand,2030,97,14,14,0.0340138085112867
2319,e_demand,2030,97,15,15,0.0340138085112867
2320,e_demand,2030,97,16,16,0.0340138085112867
2321,e_demand,2030,97,17,17,0.0340138085112867
2322,e_demand,2030,97,18,18,0.04761933191580138
2323,e_demand,2030,97,19,19,0.04761933191580138
2324,e_demand,2030,97,20,20,0.04761933191580138
2325,e_demand,2030,97,21,21,0.04761933191580138
2326,e_demand,2030,97,22,22,0.04761933191580138
2327,e_demand,2030,97,23,23,0.04761933191580138
2328,e_demand,2030,97,24,24,0.0340138085112867
2329,e_demand,2030,98,1,1,0.03620217885315842
2330,e_demand,2030,98,2,2,0.03620217885315842
2331,e_demand,2030,98,3,3,0.03620217885315842
2332,e_demand,2030,98,4,4,0.03620217885315842
2333,e_demand,2030,98,5,5,0.03620217885315842
2334,e_demand,2030,98,6,6,0.03620217885315842
2335,e_demand,2030,98,7,7,0.03620217885315842
2336,e_demand,2030,98,8,8,0.03620217885315842
2337,e_demand,2030,98,9,9,0.03620217885315842
2338,e_demand,2030,98,10,10,0.036202178853158434
2339,e_demand,2030,98,11,11,0.0014480871541263367
2340,e_demand,2030,98,12,12,0.0014480871541263367
2341,e_demand,2030,98,13,13,0.0014480871541263367
2342,e_demand,2030,98,14,14,0.0014480871541263367
2343,e_demand,2030,98,15,15,0.0014480871541263367
2344,e_demand,2030,98,16,16,0.0014480871541263367
2345,e_demand,2030,98,17,17,0.036202178853158434
2346,e_demand,2030,98,18,18,0.03620217885315842
2347,e_demand,2030,98,19,19,0.03620217885315842
2348,e_demand,2030,98,20,20,0.03620217885315842
2349,e_demand,2030,98,21,21,0.03620217885315842
2350,e_demand,2030,98,22,22,0.03620217885315842
2351,e_demand,2030,98,23,23,0.03620217885315842
2352,e_demand,2030,98,24,24,0.03620217885315842
2353,e_demand,2030,99,1,1,0.02849093456618026
2354,e_demand,2030,99,2,2,0.02849093456618026
2355,e_demand,2030,99,3,3,0.02849093456618026
2356,e_demand,2030,99,4,4,0.02849093456618026
2357,e_demand,2030,99,5,5,0.02849093456618026
2358,e_demand,2030,99,6,6,0.02849093456618026
2359,e_demand,2030,99,7,7,0.02849093456618026
2360,e_demand,2030,99,8,8,0.02849093456618026
2361,e_demand,2030,99,9,9,0.0011396373826472103
2362,e_demand,2030,99,10,10,0.0011396373826472103
2363,e_demand,2030,99,11,11,0.0011396373826472103
2364,e_demand,2030,99,12,12,0.0011396373826472103
2365,e_demand,2030,99,13,13,0.0011396373826472103
2366,e_demand,2030,99,14,14,0.0011396373826472103
2367,e_demand,2030,99,15,15,0.0011396373826472103
2368,e_demand,2030,99,16,16,0.0011396373826472103
2369,e_demand,2030,99,17,17,0.0011396373826472103
2370,e_demand,2030,99,18,18,0.0011396373826472103
2371,e_demand,2030,99,19,19,0.02849093456618026
2372,e_demand,2030,99,20,20,0.02849093456618026
2373,e_demand,2030,99,21,21,0.02849093456618026
2374,e_demand,2030,99,22,22,0.02849093456618026
2375,e_demand,2030,99,23,23,0.02849093456618026
2376,e_demand,2030,99,24,24,0.02849093456618026
2377,e_demand,2030,100,1,1,0.028437055305578985
2378,e_demand,2030,100,2,2,0.028437055305578985
2379,e_demand,2030,100,3,3,0.028437055305578985
2380,e_demand,2030,100,4,4,0.028437055305578985
2381,e_demand,2030,100,5,5,0.028437055305578985
2382,e_demand,2030,100,6,6,0.028437055305578985
2383,e_demand,2030,100,7,7,0.028437055305578985
2384,e_demand,2030,100,8,8,0.028437055305578985
2385,e_demand,2030,100,9,9,0.028437055305579006
2386,e_demand,2030,100,10,10,0.028437055305578985
2387,e_demand,2030,100,11,11,0.028437055305578985
2388,e_demand,2030,100,12,12,0.028437055305578985
2389,e_demand,2030,100,13,13,0.028437055305578985
2390,e_demand,2030,100,14,14,0.028437055305578985
2391,e_demand,2030,100,15,15,0.028437055305578985
2392,e_demand,2030,100,16,16,0.028437055305578985
2393,e_demand,2030,100,17,17,0.028437055305578985
2394,e_demand,2030,100,18,18,0.028437055305578985
2395,e_demand,2030,100,19,19,0.03150920255465815
2396,e_demand,2030,100,20,20,0.03150920255465815
2397,e_demand,2030,100,21,21,0.03150920255465815
2398,e_demand,2030,100,22,22,0.028437055305579006
2399,e_demand,2030,100,23,23,0.028437055305578985
2400,e_demand,2030,100,24,24,0.028437055305578985
2401,e_demand,2030,101,1,1,0.025432219268664263
2402,e_demand,2030,101,2,2,0.025432219268664263
2403,e_demand,2030,101,3,3,0.025432219268664263
2404,e_demand,2030,101,4,4,0.025432219268664263
2405,e_demand,2030,101,5,5,0.025432219268664263
2406,e_demand,2030,101,6,6,0.025432219268664263
2407,e_demand,2030,101,7,7,0.025432219268664263
2408,e_demand,2030,101,8,8,0.025432219268664263
2409,e_demand,2030,101,9,9,0.025432219268664263
2410,e_demand,2030,101,10,10,0.025432219268664263
2411,e_demand,2030,101,11,11,0.025432219268664263
2412,e_demand,2030,101,12,12,0.0010172887707465706
2413,e_demand,2030,101,13,13,0.0010172887707465706
2414,e_demand,2030,101,14,14,0.0010172887707465706
2415,e_demand,2030,101,15,15,0.0010172887707465706
2416,e_demand,2030,101,16,16,0.0010172887707465706
2417,e_demand,2030,101,17,17,0.025432219268664263
2418,e_demand,2030,101,18,18,0.025432219268664263
2419,e_demand,2030,101,19,19,0.025432219268664263
2420,e_demand,2030,101,20,20,0.025432219268664263
2421,e_demand,2030,101,21,21,0.025432219268664263
2422,e_demand,2030,101,22,22,0.025432219268664263
2423,e_demand,2030,101,23,23,0.025432219268664263
2424,e_demand,2030,101,24,24,0.025432219268664263
2425,e_demand,2030,102,1,1,0.05508824427199787
2426,e_demand,2030,102,2,2,0.05508824427199787
2427,e_demand,2030,102,3,3,0.05508824427199787
2428,e_demand,2030,102,4,4,0.05508824427199787
2429,e_demand,2030,102,5,5,0.05508824427199787
2430,e_demand,2030,102,6,6,0.05508824427199787
2431,e_demand,2030,102,7,7,0.05508824427199787
2432,e_demand,2030,102,8,8,0.05508824427199787
2433,e_demand,2030,102,9,9,0.05508824427199787
2434,e_demand,2030,102,10,10,0.05508824427199787
2435,e_demand,2030,102,11,11,0.05508824427199787
2436,e_demand,2030,102,12,12,0.05508824427199787
2437,e_demand,2030,102,13,13,0.05508824427199787
2438,e_demand,2030,102,14,14,0.05508824427199787
2439,e_demand,2030,102,15,15,0.05508824427199787
2440,e_demand,2030,102,16,16,0.05508824427199787
2441,e_demand,2030,102,17,17,0.05508824427199787
2442,e_demand,2030,102,18,18,0.05508824427199787
2443,e_demand,2030,102,19,19,0.055088244271997856
2444,e_demand,2030,102,20,20,0.055088244271997856
2445,e_demand,2030,102,21,21,0.05508824427199787
2446,e_demand,2030,102,22,22,0.055088244271997856
2447,e_demand,2030,102,23,23,0.055088244271997856
2448,e_demand,2030,102,24,24,0.05508824427199787
2449,e_demand,2030,103,1,1,0.031256912091464306
2450,e_demand,2030,103,2,2,0.031256912091464306
2451,e_demand,2030,103,3,3,0.031256912091464306
2452,e_demand,2030,103,4,4,0.031256912091464306
2453,e_demand,2030,103,5,5,0.031256912091464306
2454,e_demand,2030,103,6,6,0.031256912091464306
2455,e_demand,2030,103,7,7,0.031256912091464306
2456,e_demand,2030,103,8,8,0.031256912091464306
2457,e_demand,2030,103,9,9,0.031256912091464306
2458,e_demand,2030,103,10,10,0.031256912091464306
2459,e_demand,2030,103,11,11,0.031256912091464306
2460,e_demand,2030,103,12,12,0.031256912091464306
2461,e_demand,2030,103,13,13,0.031256912091464306
2462,e_demand,2030,103,14,14,0.031256912091464306
2463,e_demand,2030,103,15,15,0.031256912091464306
2464,e_demand,2030,103,16,16,0.031256912091464306
2465,e_demand,2030,103,17,17,0.031256912091464306
2466,e_demand,2030,103,18,18,0.031256912091464306
2467,e_demand,2030,103,19,19,0.031256912091464306
2468,e_demand,2030,103,20,20,0.031256912091464306
2469,e_demand,2030,103,21,21,0.031256912091464306
2470,e_demand,2030,103,22,22,0.031256912091464306
2471,e_demand,2030,103,23,23,0.031256912091464306
2472,e_demand,2030,103,24,24,0.031256912091464306
2473,e_demand,2030,104,1,1,0.029454829810141827
2474,e_demand,2030,104,2,2,0.029454829810141827
2475,e_demand,2030,104,3,3,0.029454829810141827
2476,e_demand,2030,104,4,4,0.029454829810141827
2477,e_demand,2030,104,5,5,0.029454829810141827
2478,e_demand,2030,104,6,6,0.029454829810141827
2479,e_demand,2030,104,7,7,0.029454829810141827
2480,e_demand,2030,104,8,8,0.029454829810141827
2481,e_demand,2030,104,9,9,0.029454829810141827
2482,e_demand,2030,104,10,10,0.029454829810141827
2483,e_demand,2030,104,11,11,0.029454829810141827
2484,e_demand,2030,104,12,12,0.0011781931924056731
2485,e_demand,2030,104,13,13,0.0011781931924056731
2486,e_demand,2030,104,14,14,0.0011781931924056731
2487,e_demand,2030,104,15,15,0.0011781931924056731
2488,e_demand,2030,104,16,16,0.029454829810141848
2489,e_demand,2030,104,17,17,0.029454829810141827
2490,e_demand,2030,104,18,18,0.029454829810141827
2491,e_demand,2030,104,19,19,0.029454829810141827
2492,e_demand,2030,104,20,20,0.029454829810141827
2493,e_demand,2030,104,21,21,0.029454829810141827
2494,e_demand,2030,104,22,22,0.029454829810141827
2495,e_demand,2030,104,23,23,0.029454829810141827
2496,e_demand,2030,104,24,24,0.029454829810141827
2497,e_demand,2030,105,1,1,0.02710420821217327
2498,e_demand,2030,105,2,2,0.02710420821217327
2499,e_demand,2030,105,3,3,0.02710420821217327
2500,e_demand,2030,105,4,4,0.02710420821217327
2501,e_demand,2030,105,5,5,0.02710420821217327
2502,e_demand,2030,105,6,6,0.02710420821217327
2503,e_demand,2030,105,7,7,0.02710420821217327
2504,e_demand,2030,105,8,8,0.02710420821217327
2505,e_demand,2030,105,9,9,0.02710420821217327
2506,e_demand,2030,105,10,10,0.0010841683284869307
2507,e_demand,2030,105,11,11,0.0010841683284869307
2508,e_demand,2030,105,12,12,0.0010841683284869307
2509,e_demand,2030,105,13,13,0.0010841683284869307
2510,e_demand,2030,105,14,14,0.0010841683284869307
2511,e_demand,2030,105,15,15,0.0010841683284869307
2512,e_demand,2030,105,16,16,0.0010841683284869307
2513,e_demand,2030,105,17,17,0.0010841683284869307
2514,e_demand,2030,105,18,18,0.0010841683284869307
2515,e_demand,2030,105,19,19,0.0012012945467999232
2516,e_demand,2030,105,20,20,0.0012012945467999232
2517,e_demand,2030,105,21,21,0.0012012945467999232
2518,e_demand,2030,105,22,22,0.0010841683284869307
2519,e_demand,2030,105,23,23,0.0010841683284869307
2520,e_demand,2030,105,24,24,0.0010841683284869307
2521,e_demand,2030,106,1,1,0.06239672112215969
2522,e_demand,2030,106,2,2,0.06239672112215969
2523,e_demand,2030,106,3,3,0.06239672112215969
2524,e_demand,2030,106,4,4,0.06239672112215969
2525,e_demand,2030,106,5,5,0.06239672112215969
2526,e_demand,2030,106,6,6,0.06239672112215969
2527,e_demand,2030,106,7,7,0.06239672112215969
2528,e_demand,2030,106,8,8,0.06239672112215969
2529,e_demand,2030,106,9,9,0.06239672112215969
2530,e_demand,2030,106,10,10,0.06239672112215969
2531,e_demand,2030,106,11,11,0.06239672112215969
2532,e_demand,2030,106,12,12,0.06239672112215969
2533,e_demand,2030,106,13,13,0.06239672112215969
2534,e_demand,2030,106,14,14,0.06239672112215969
2535,e_demand,2030,106,15,15,0.06239672112215969
2536,e_demand,2030,106,16,16,0.06239672112215969
2537,e_demand,2030,106,17,17,0.06239672112215969
2538,e_demand,2030,106,18,18,0.06239672112215969
2539,e_demand,2030,106,19,19,0.06913764113258691
2540,e_demand,2030,106,20,20,0.06913764113258691
2541,e_demand,2030,106,21,21,0.06913764113258691
2542,e_demand,2030,106,22,22,0.06239672112215969
2543,e_demand,2030,106,23,23,0.06239672112215969
2544,e_demand,2030,106,24,24,0.06239672112215969
2545,e_demand,2030,107,1,1,0.026395325784366097
2546,e_demand,2030,107,2,2,0.026395325784366097
2547,e_demand,2030,107,3,3,0.026395325784366097
2548,e_demand,2030,107,4,4,0.026395325784366097
2549,e_demand,2030,107,5,5,0.026395325784366097
2550,e_demand,2030,107,6,6,0.026395325784366097
2551,e_demand,2030,107,7,7,0.026395325784366097
2552,e_demand,2030,107,8,8,0.026395325784366097
2553,e_demand,2030,107,9,9,0.026395325784366097
2554,e_demand,2030,107,10,10,0.026395325784366097
2555,e_demand,2030,107,11,11,0.026395325784366097
2556,e_demand,2030,107,12,12,0.026395325784366097
2557,e_demand,2030,107,13,13,0.026395325784366097
2558,e_demand,2030,107,14,14,0.026395325784366097
2559,e_demand,2030,107,15,15,0.026395325784366097
2560,e_demand,2030,107,16,16,0.026395325784366097
2561,e_demand,2030,107,17,17,0.026395325784366097
2562,e_demand,2030,107,18,18,0.026395325784366097
2563,e_demand,2030,107,19,19,0.026395325784366097
2564,e_demand,2030,107,20,20,0.026395325784366097
2565,e_demand,2030,107,21,21,0.026395325784366097
2566,e_demand,2030,107,22,22,0.026395325784366097
2567,e_demand,2030,107,23,23,0.026395325784366097
2568,e_demand,2030,107,24,24,0.026395325784366097
2569,e_demand,2030,108,1,1,0.028640625002253825
2570,e_demand,2030,108,2,2,0.028640625002253825
2571,e_demand,2030,108,3,3,0.028640625002253825
2572,e_demand,2030,108,4,4,0.028640625002253825
2573,e_demand,2030,108,5,5,0.028640625002253825
2574,e_demand,2030,108,6,6,0.028640625002253825
2575,e_demand,2030,108,7,7,0.028640625002253825
2576,e_demand,2030,108,8,8,0.028640625002253825
2577,e_demand,2030,108,9,9,0.028640625002253825
2578,e_demand,2030,108,10,10,0.028640625002253825
2579,e_demand,2030,108,11,11,0.028640625002253825
2580,e_demand,2030,108,12,12,0.028640625002253825
2581,e_demand,2030,108,13,13,0.0011456250000901529
2582,e_demand,2030,108,14,14,0.0011456250000901529
2583,e_demand,2030,108,15,15,0.0011456250000901529
2584,e_demand,2030,108,16,16,0.0011456250000901529
2585,e_demand,2030,108,17,17,0.028640625002253846
2586,e_demand,2030,108,18,18,0.028640625002253825
2587,e_demand,2030,108,19,19,0.028640625002253825
2588,e_demand,2030,108,20,20,0.028640625002253825
2589,e_demand,2030,108,21,21,0.028640625002253825
2590,e_demand,2030,108,22,22,0.028640625002253825
2591,e_demand,2030,108,23,23,0.028640625002253825
2592,e_demand,2030,108,24,24,0.028640625002253825
2593,e_demand,2030,109,1,1,0.08123092171111702
2594,e_demand,2030,109,2,2,0.08123092171111702
2595,e_demand,2030,109,3,3,0.08123092171111702
2596,e_demand,2030,109,4,4,0.08123092171111702
2597,e_demand,2030,109,5,5,0.08123092171111702
2598,e_demand,2030,109,6,6,0.08123092171111702
2599,e_demand,2030,109,7,7,0.08123092171111702
2600,e_demand,2030,109,8,8,0.08123092171111702
2601,e_demand,2030,109,9,9,0.08123092171111702
2602,e_demand,2030,109,10,10,0.08123092171111702
2603,e_demand,2030,109,11,11,0.08123092171111702
2604,e_demand,2030,109,12,12,0.08123092171111702
2605,e_demand,2030,109,13,13,0.08123092171111702
2606,e_demand,2030,109,14,14,0.08123092171111702
2607,e_demand,2030,109,15,15,0.08123092171111702
2608,e_demand,2030,109,16,16,0.08123092171111702
2609,e_demand,2030,109,17,17,0.08123092171111702
2610,e_demand,2030,109,18,18,0.08123092171111702
2611,e_demand,2030,109,19,19,0.08123092171111702
2612,e_demand,2030,109,20,20,0.08123092171111702
2613,e_demand,2030,109,21,21,0.08123092171111702
2614,e_demand,2030,109,22,22,0.08123092171111702
2615,e_demand,2030,109,23,23,0.08123092171111702
2616,e_demand,2030,109,24,24,0.08123092171111702
2617,e_demand,2030,110,1,1,0.026569604131431803
2618,e_demand,2030,110,2,2,0.026569604131431803
2619,e_demand,2030,110,3,3,0.026569604131431803
2620,e_demand,2030,110,4,4,0.026569604131431803
2621,e_demand,2030,110,5,5,0.026569604131431803
2622,e_demand,2030,110,6,6,0.026569604131431803
2623,e_demand,2030,110,7,7,0.026569604131431803
2624,e_demand,2030,110,8,8,0.026569604131431803
2625,e_demand,2030,110,9,9,0.026569604131431803
2626,e_demand,2030,110,10,10,0.026569604131431803
2627,e_demand,2030,110,11,11,0.026569604131431803
2628,e_demand,2030,110,12,12,0.02656960413143182
2629,e_demand,2030,110,13,13,0.02656960413143182
2630,e_demand,2030,110,14,14,0.0239790677286172
2631,e_demand,2030,110,15,15,0.026569604131431803
2632,e_demand,2030,110,16,16,0.026569604131431803
2633,e_demand,2030,110,17,17,0.026569604131431803
2634,e_demand,2030,110,18,18,0.026569604131431803
2635,e_demand,2030,110,19,19,0.026569604131431803
2636,e_demand,2030,110,20,20,0.026569604131431803
2637,e_demand,2030,110,21,21,0.026569604131431803
2638,e_demand,2030,110,22,22,0.026569604131431803
2639,e_demand,2030,110,23,23,0.026569604131431803
2640,e_demand,2030,110,24,24,0.026569604131431803
2641,e_demand,2030,111,1,1,0.2651498767762935
2642,e_demand,2030,111,2,2,0.2651498767762935
2643,e_demand,2030,111,3,3,0.2651498767762935
2644,e_demand,2030,111,4,4,0.2651498767762935
2645,e_demand,2030,111,5,5,0.2651498767762935
2646,e_demand,2030,111,6,6,0.2651498767762935
2647,e_demand,2030,111,7,7,0.2651498767762935
2648,e_demand,2030,111,8,8,0.2651498767762935
2649,e_demand,2030,111,9,9,0.2651498767762935
2650,e_demand,2030,111,10,10,0.2651498767762935
2651,e_demand,2030,111,11,11,0.2651498767762935
2652,e_demand,2030,111,12,12,0.2651498767762935
2653,e_demand,2030,111,13,13,0.2651498767762935
2654,e_demand,2030,111,14,14,0.2651498767762935
2655,e_demand,2030,111,15,15,0.2651498767762935
2656,e_demand,2030,111,16,16,0.2651498767762935
2657,e_demand,2030,111,17,17,0.2651498767762935
2658,e_demand,2030,111,18,18,0.2651498767762935
2659,e_demand,2030,111,19,19,0.2651498767762935
2660,e_demand,2030,111,20,20,0.2651498767762935
2661,e_demand,2030,111,21,21,0.2651498767762935
2662,e_demand,2030,111,22,22,0.2651498767762935
2663,e_demand,2030,111,23,23,0.2651498767762935
2664,e_demand,2030,111,24,24,0.2651498767762935
2665,e_demand,2030,112,1,1,0.032100209710967435
2666,e_demand,2030,112,2,2,0.032100209710967435
2667,e_demand,2030,112,3,3,0.032100209710967435
2668,e_demand,2030,112,4,4,0.032100209710967435
2669,e_demand,2030,112,5,5,0.032100209710967435
2670,e_demand,2030,112,6,6,0.032100209710967435
2671,e_demand,2030,112,7,7,0.032100209710967435
2672,e_demand,2030,112,8,8,0.032100209710967435
2673,e_demand,2030,112,9,9,0.032100209710967435
2674,e_demand,2030,112,10,10,0.032100209710967435
2675,e_demand,2030,112,11,11,0.032100209710967435
2676,e_demand,2030,112,12,12,0.032100209710967435
2677,e_demand,2030,112,13,13,0.032100209710967435
2678,e_demand,2030,112,14,14,0.032100209710967456
2679,e_demand,2030,112,15,15,0.032100209710967435
2680,e_demand,2030,112,16,16,0.032100209710967435
2681,e_demand,2030,112,17,17,0.032100209710967435
2682,e_demand,2030,112,18,18,0.032100209710967435
2683,e_demand,2030,112,19,19,0.032100209710967435
2684,e_demand,2030,112,20,20,0.032100209710967435
2685,e_demand,2030,112,21,21,0.032100209710967435
2686,e_demand,2030,112,22,22,0.032100209710967435
2687,e_demand,2030,112,23,23,0.032100209710967435
2688,e_demand,2030,112,24,24,0.032100209710967435
2689,e_demand,2030,113,1,1,0.030135885915271256
2690,e_demand,2030,113,2,2,0.030135885915271256
2691,e_demand,2030,113,3,3,0.030135885915271256
2692,e_demand,2030,113,4,4,0.030135885915271256
2693,e_demand,2030,113,5,5,0.030135885915271256
2694,e_demand,2030,113,6,6,0.030135885915271256
2695,e_demand,2030,113,7,7,0.030135885915271256
2696,e_demand,2030,113,8,8,0.030135885915271256
2697,e_demand,2030,113,9,9,0.030135885915271256
2698,e_demand,2030,113,10,10,0.030135885915271256
2699,e_demand,2030,113,11,11,0.030135885915271256
2700,e_demand,2030,113,12,12,0.030135885915271277
2701,e_demand,2030,113,13,13,0.030135885915271256
2702,e_demand,2030,113,14,14,0.030135885915271256
2703,e_demand,2030,113,15,15,0.030135885915271256
2704,e_demand,2030,113,16,16,0.030135885915271256
2705,e_demand,2030,113,17,17,0.030135885915271256
2706,e_demand,2030,113,18,18,0.030135885915271256
2707,e_demand,2030,113,19,19,0.030135885915271256
2708,e_demand,2030,113,20,20,0.030135885915271256
2709,e_demand,2030,113,21,21,0.030135885915271256
2710,e_demand,2030,113,22,22,0.030135885915271256
2711,e_demand,2030,113,23,23,0.030135885915271256
2712,e_demand,2030,113,24,24,0.030135885915271256
2713,e_demand,2030,114,1,1,0.0956562474569289
2714,e_demand,2030,114,2,2,0.0956562474569289
2715,e_demand,2030,114,3,3,0.0956562474569289
2716,e_demand,2030,114,4,4,0.0956562474569289
2717,e_demand,2030,114,5,5,0.0956562474569289
2718,e_demand,2030,114,6,6,0.0956562474569289
2719,e_demand,2030,114,7,7,0.0956562474569289
2720,e_demand,2030,114,8,8,0.0956562474569289
2721,e_demand,2030,114,9,9,0.0956562474569289
2722,e_demand,2030,114,10,10,0.0956562474569289
2723,e_demand,2030,114,11,11,0.0956562474569289
2724,e_demand,2030,114,12,12,0.0956562474569289
2725,e_demand,2030,114,13,13,0.0956562474569289
2726,e_demand,2030,114,14,14,0.0956562474569289
2727,e_demand,2030,114,15,15,0.0956562474569289
2728,e_demand,2030,114,16,16,0.0956562474569289
2729,e_demand,2030,114,17,17,0.0956562474569289
2730,e_demand,2030,114,18,18,0.0956562474569289
2731,e_demand,2030,114,19,19,0.0956562474569289
2732,e_demand,2030,114,20,20,0.0956562474569289
2733,e_demand,2030,114,21,21,0.0956562474569289
2734,e_demand,2030,114,22,22,0.0956562474569289
2735,e_demand,2030,114,23,23,0.0956562474569289
2736,e_demand,2030,114,24,24,0.0956562474569289
2737,e_demand,2030,115,1,1,0.02770901745628085
2738,e_demand,2030,115,2,2,0.02770901745628085
2739,e_demand,2030,115,3,3,0.02770901745628085
2740,e_demand,2030,115,4,4,0.02770901745628085
2741,e_demand,2030,115,5,5,0.02770901745628085
2742,e_demand,2030,115,6,6,0.02770901745628085
2743,e_demand,2030,115,7,7,0.02770901745628085
2744,e_demand,2030,115,8,8,0.02770901745628085
2745,e_demand,2030,115,9,9,0.02770901745628085
2746,e_demand,2030,115,10,10,0.001108360698251234
2747,e_demand,2030,115,11,11,0.001108360698251234
2748,e_demand,2030,115,12,12,0.001108360698251234
2749,e_demand,2030,115,13,13,0.001108360698251234
2750,e_demand,2030,115,14,14,0.001108360698251234
2751,e_demand,2030,115,15,15,0.001108360698251234
2752,e_demand,2030,115,16,16,0.001108360698251234
2753,e_demand,2030,115,17,17,0.02770901745628085
2754,e_demand,2030,115,18,18,0.02770901745628085
2755,e_demand,2030,115,19,19,0.02770901745628085
2756,e_demand,2030,115,20,20,0.02770901745628085
2757,e_demand,2030,115,21,21,0.02770901745628085
2758,e_demand,2030,115,22,22,0.02770901745628085
2759,e_demand,2030,115,23,23,0.02770901745628085
2760,e_demand,2030,115,24,24,0.02770901745628085
2761,e_demand,2030,116,1,1,0.031031959933731063
2762,e_demand,2030,116,2,2,0.031031959933731063
2763,e_demand,2030,116,3,3,0.031031959933731063
2764,e_demand,2030,116,4,4,0.031031959933731063
2765,e_demand,2030,116,5,5,0.031031959933731063
2766,e_demand,2030,116,6,6,0.031031959933731063
2767,e_demand,2030,116,7,7,0.031031959933731063
2768,e_demand,2030,116,8,8,0.031031959933731063
2769,e_demand,2030,116,9,9,0.031031959933731063
2770,e_demand,2030,116,10,10,0.031031959933731063
2771,e_demand,2030,116,11,11,0.031031959933731063
2772,e_demand,2030,116,12,12,0.031031959933731063
2773,e_demand,2030,116,13,13,0.031031959933731063
2774,e_demand,2030,116,14,14,0.031031959933731063
2775,e_demand,2030,116,15,15,0.031031959933731063
2776,e_demand,2030,116,16,16,0.031031959933731063
2777,e_demand,2030,116,17,17,0.031031959933731063
2778,e_demand,2030,116,18,18,0.031031959933731063
2779,e_demand,2030,116,19,19,0.031031959933731063
2780,e_demand,2030,116,20,20,0.031031959933731063
2781,e_demand,2030,116,21,21,0.031031959933731063
2782,e_demand,2030,116,22,22,0.031031959933731063
2783,e_demand,2030,116,23,23,0.031031959933731063
2784,e_demand,2030,116,24,24,0.031031959933731063
2785,e_demand,2030,117,1,1,0.034712447718136794
2786,e_demand,2030,117,2,2,0.034712447718136794
2787,e_demand,2030,117,3,3,0.034712447718136794
2788,e_demand,2030,117,4,4,0.03471244771813677
2789,e_demand,2030,117,5,5,0.03471244771813677
2790,e_demand,2030,117,6,6,0.03471244771813677
2791,e_demand,2030,117,7,7,0.03471244771813677
2792,e_demand,2030,117,8,8,0.03471244771813677
2793,e_demand,2030,117,9,9,0.03471244771813677
2794,e_demand,2030,117,10,10,0.03471244771813677
2795,e_demand,2030,117,11,11,0.03471244771813677
2796,e_demand,2030,117,12,12,0.03471244771813677
2797,e_demand,2030,117,13,13,0.03471244771813677
2798,e_demand,2030,117,14,14,0.03471244771813677
2799,e_demand,2030,117,15,15,0.03471244771813677
2800,e_demand,2030,117,16,16,0.03471244771813677
2801,e_demand,2030,117,17,17,0.03471244771813677
2802,e_demand,2030,117,18,18,0.03471244771813677
2803,e_demand,2030,117,19,19,0.03471244771813677
2804,e_demand,2030,117,20,20,0.034712447718136794
2805,e_demand,2030,117,21,21,0.03471244771813677
2806,e_demand,2030,117,22,22,0.03471244771813677
2807,e_demand,2030,117,23,23,0.03471244771813677
2808,e_demand,2030,117,24,24,0.03471244771813677
2809,e_demand,2030,118,1,1,0.052040951536377736
2810,e_demand,2030,118,2,2,0.052040951536377736
2811,e_demand,2030,118,3,3,0.052040951536377736
2812,e_demand,2030,118,4,4,0.052040951536377736
2813,e_demand,2030,118,5,5,0.052040951536377736
2814,e_demand,2030,118,6,6,0.052040951536377736
2815,e_demand,2030,118,7,7,0.052040951536377736
2816,e_demand,2030,118,8,8,0.052040951536377736
2817,e_demand,2030,118,9,9,0.052040951536377736
2818,e_demand,2030,118,10,10,0.052040951536377736
2819,e_demand,2030,118,11,11,0.052040951536377736
2820,e_demand,2030,118,12,12,0.052040951536377736
2821,e_demand,2030,118,13,13,0.052040951536377736
2822,e_demand,2030,118,14,14,0.052040951536377736
2823,e_demand,2030,118,15,15,0.052040951536377736
2824,e_demand,2030,118,16,16,0.052040951536377736
2825,e_demand,2030,118,17,17,0.052040951536377736
2826,e_demand,2030,118,18,18,0.052040951536377736
2827,e_demand,2030,118,19,19,0.052040951536377736
2828,e_demand,2030,118,20,20,0.052040951536377736
2829,e_demand,2030,118,21,21,0.052040951536377736
2830,e_demand,2030,118,22,22,0.052040951536377736
2831,e_demand,2030,118,23,23,0.052040951536377736
2832,e_demand,2030,118,24,24,0.052040951536377736
2833,e_demand,2030,119,1,1,0.036725014635367134
2834,e_demand,2030,119,2,2,0.036725014635367134
2835,e_demand,2030,119,3,3,0.036725014635367134
2836,e_demand,2030,119,4,4,0.036725014635367134
2837,e_demand,2030,119,5,5,0.036725014635367134
2838,e_demand,2030,119,6,6,0.036725014635367134
2839,e_demand,2030,119,7,7,0.036725014635367134
2840,e_demand,2030,119,8,8,0.036725014635367134
2841,e_demand,2030,119,9,9,0.036725014635367134
2842,e_demand,2030,119,10,10,0.036725014635367134
2843,e_demand,2030,119,11,11,0.036725014635367134
2844,e_demand,2030,119,12,12,0.036725014635367134
2845,e_demand,2030,119,13,13,0.036725014635367134
2846,e_demand,2030,119,14,14,0.036725014635367134
2847,e_demand,2030,119,15,15,0.036725014635367134
2848,e_demand,2030,119,16,16,0.036725014635367134
2849,e_demand,2030,119,17,17,0.036725014635367134
2850,e_demand,2030,119,18,18,0.036725014635367134
2851,e_demand,2030,119,19,19,0.036725014635367134
2852,e_demand,2030,119,20,20,0.036725014635367134
2853,e_demand,2030,119,21,21,0.036725014635367134
2854,e_demand,2030,119,22,22,0.036725014635367134
2855,e_demand,2030,119,23,23,0.036725014635367134
2856,e_demand,2030,119,24,24,0.036725014635367134
2857,e_demand,2030,120,1,1,0.0011622111652727057
2858,e_demand,2030,120,2,2,0.0011622111652727057
2859,e_demand,2030,120,3,3,0.0011622111652727057
2860,e_demand,2030,120,4,4,0.0011622111652727057
2861,e_demand,2030,120,5,5,0.0011622111652727057
2862,e_demand,2030,120,6,6,0.0011622111652727057
2863,e_demand,2030,120,7,7,0.0011622111652727057
2864,e_demand,2030,120,8,8,0.0011622111652727057
2865,e_demand,2030,120,9,9,0.0012877686041802834
2866,e_demand,2030,120,10,10,0.0011622111652727057
2867,e_demand,2030,120,11,11,0.0011622111652727057
2868,e_demand,2030,120,12,12,0.0011622111652727057
2869,e_demand,2030,120,13,13,0.0011622111652727057
2870,e_demand,2030,120,14,14,0.0011622111652727057
2871,e_demand,2030,120,15,15,0.0011622111652727057
2872,e_demand,2030,120,16,16,0.0011622111652727057
2873,e_demand,2030,120,17,17,0.029055279131817643
2874,e_demand,2030,120,18,18,0.029055279131817643
2875,e_demand,2030,120,19,19,0.029055279131817643
2876,e_demand,2030,120,20,20,0.029055279131817643
2877,e_demand,2030,120,21,21,0.029055279131817643
2878,e_demand,2030,120,22,22,0.029055279131817643
2879,e_demand,2030,120,23,23,0.029055279131817643
2880,e_demand,2030,120,24,24,0.029055279131817643
2881,e_demand,2030,121,1,1,0.0013660939634703797
2882,e_demand,2030,121,2,2,0.0013660939634703797
2883,e_demand,2030,121,3,3,0.0013660939634703797
2884,e_demand,2030,121,4,4,0.0013660939634703797
2885,e_demand,2030,121,5,5,0.0013660939634703797
2886,e_demand,2030,121,6,6,0.0013660939634703797
2887,e_demand,2030,121,7,7,0.0013660939634703797
2888,e_demand,2030,121,8,8,0.0013660939634703797
2889,e_demand,2030,121,9,9,0.0013660939634703797
2890,e_demand,2030,121,10,10,0.0013660939634703797
2891,e_demand,2030,121,11,11,0.0013660939634703797
2892,e_demand,2030,121,12,12,0.0013660939634703797
2893,e_demand,2030,121,13,13,0.0013660939634703797
2894,e_demand,2030,121,14,14,0.0013660939634703797
2895,e_demand,2030,121,15,15,0.0013660939634703797
2896,e_demand,2030,121,16,16,0.0013660939634703797
2897,e_demand,2030,121,17,17,0.0013660939634703797
2898,e_demand,2030,121,18,18,0.0013660939634703797
2899,e_demand,2030,121,19,19,0.0013660939634703797
2900,e_demand,2030,121,20,20,0.03415234908675952
2901,e_demand,2030,121,21,21,0.034152349086759515
2902,e_demand,2030,121,22,22,0.034152349086759515
2903,e_demand,2030,121,23,23,0.03415234908675952
2904,e_demand,2030,121,24,24,0.034152349086759515
2905,e_demand,2030,122,1,1,0.03188491476187607
2906,e_demand,2030,122,2,2,0.03188491476187607
2907,e_demand,2030,122,3,3,0.03188491476187607
2908,e_demand,2030,122,4,4,0.03188491476187607
2909,e_demand,2030,122,5,5,0.03188491476187607
2910,e_demand,2030,122,6,6,0.03188491476187607
2911,e_demand,2030,122,7,7,0.03188491476187607
2912,e_demand,2030,122,8,8,0.03188491476187607
2913,e_demand,2030,122,9,9,0.03188491476187607
2914,e_demand,2030,122,10,10,0.03188491476187607
2915,e_demand,2030,122,11,11,0.0012753965904750428
2916,e_demand,2030,122,12,12,0.0012753965904750428
2917,e_demand,2030,122,13,13,0.0012753965904750428
2918,e_demand,2030,122,14,14,0.0012753965904750428
2919,e_demand,2030,122,15,15,0.0012753965904750428
2920,e_demand,2030,122,16,16,0.03188491476187607
2921,e_demand,2030,122,17,17,0.03188491476187607
2922,e_demand,2030,122,18,18,0.03188491476187607
2923,e_demand,2030,122,19,19,0.03188491476187607
2924,e_demand,2030,122,20,20,0.03188491476187607
2925,e_demand,2030,122,21,21,0.03188491476187607
2926,e_demand,2030,122,22,22,0.03188491476187607
2927,e_demand,2030,122,23,23,0.03188491476187607
2928,e_demand,2030,122,24,24,0.03188491476187607
2929,e_demand,2030,123,1,1,0.028710812221881404
2930,e_demand,2030,123,2,2,0.028710812221881404
2931,e_demand,2030,123,3,3,0.028710812221881404
2932,e_demand,2030,123,4,4,0.028710812221881404
2933,e_demand,2030,123,5,5,0.028710812221881404
2934,e_demand,2030,123,6,6,0.028710812221881404
2935,e_demand,2030,123,7,7,0.028710812221881404
2936,e_demand,2030,123,8,8,0.028710812221881404
2937,e_demand,2030,123,9,9,0.028710812221881404
2938,e_demand,2030,123,10,10,0.0011484324888752563
2939,e_demand,2030,123,11,11,0.0011484324888752563
2940,e_demand,2030,123,12,12,0.0011484324888752563
2941,e_demand,2030,123,13,13,0.0011484324888752563
2942,e_demand,2030,123,14,14,0.0011484324888752563
2943,e_demand,2030,123,15,15,0.0011484324888752563
2944,e_demand,2030,123,16,16,0.0011484324888752563
2945,e_demand,2030,123,17,17,0.0011484324888752563
2946,e_demand,2030,123,18,18,0.02871081222188143
2947,e_demand,2030,123,19,19,0.028710812221881404
2948,e_demand,2030,123,20,20,0.028710812221881404
2949,e_demand,2030,123,21,21,0.028710812221881404
2950,e_demand,2030,123,22,22,0.028710812221881404
2951,e_demand,2030,123,23,23,0.028710812221881404
2952,e_demand,2030,123,24,24,0.028710812221881404
2953,e_demand,2030,124,1,1,0.02747939142462349
2954,e_demand,2030,124,2,2,0.02747939142462349
2955,e_demand,2030,124,3,3,0.02747939142462349
2956,e_demand,2030,124,4,4,0.02747939142462349
2957,e_demand,2030,124,5,5,0.02747939142462349
2958,e_demand,2030,124,6,6,0.02747939142462349
2959,e_demand,2030,124,7,7,0.02747939142462349
2960,e_demand,2030,124,8,8,0.02747939142462349
2961,e_demand,2030,124,9,9,0.02747939142462349
2962,e_demand,2030,124,10,10,0.02747939142462349
2963,e_demand,2030,124,11,11,0.02747939142462349
2964,e_demand,2030,124,12,12,0.02747939142462349
2965,e_demand,2030,124,13,13,0.02747939142462349
2966,e_demand,2030,124,14,14,0.027479391424623512
2967,e_demand,2030,124,15,15,0.02747939142462349
2968,e_demand,2030,124,16,16,0.02747939142462349
2969,e_demand,2030,124,17,17,0.02747939142462349
2970,e_demand,2030,124,18,18,0.02747939142462349
2971,e_demand,2030,124,19,19,0.02747939142462349
2972,e_demand,2030,124,20,20,0.02747939142462349
2973,e_demand,2030,124,21,21,0.02747939142462349
2974,e_demand,2030,124,22,22,0.02747939142462349
2975,e_demand,2030,124,23,23,0.02747939142462349
2976,e_demand,2030,124,24,24,0.02747939142462349
2977,e_demand,2030,125,1,1,0.022562500000000003
2978,e_demand,2030,125,2,2,0.022562500000000003
2979,e_demand,2030,125,3,3,0.022562500000000003
2980,e_demand,2030,125,4,4,0.022562500000000003
2981,e_demand,2030,125,5,5,0.025000000000000022
2982,e_demand,2030,125,6,6,0.025
2983,e_demand,2030,125,7,7,0.025
2984,e_demand,2030,125,8,8,0.025
2985,e_demand,2030,125,9,9,0.025
2986,e_demand,2030,125,10,10,0.025
2987,e_demand,2030,125,11,11,0.025
2988,e_demand,2030,125,12,12,0.025000000000000022
2989,e_demand,2030,125,13,13,0.001
2990,e_demand,2030,125,14,14,0.001
2991,e_demand,2030,125,15,15,0.001
2992,e_demand,2030,125,16,16,0.001
2993,e_demand,2030,125,17,17,0.025
2994,e_demand,2030,125,18,18,0.025
2995,e_demand,2030,125,19,19,0.025
2996,e_demand,2030,125,20,20,0.025
2997,e_demand,2030,125,21,21,0.025
2998,e_demand,2030,125,22,22,0.025
2999,e_demand,2030,125,23,23,0.025
3000,e_demand,2030,125,24,24,0.025
3001,e_demand,2030,126,1,1,0.026558245929983428
3002,e_demand,2030,126,2,2,0.026558245929983428
3003,e_demand,2030,126,3,3,0.026558245929983428
3004,e_demand,2030,126,4,4,0.026558245929983428
3005,e_demand,2030,126,5,5,0.026558245929983428
3006,e_demand,2030,126,6,6,0.026558245929983428
3007,e_demand,2030,126,7,7,0.026558245929983428
3008,e_demand,2030,126,8,8,0.026558245929983428
3009,e_demand,2030,126,9,9,0.026558245929983428
3010,e_demand,2030,126,10,10,0.026558245929983428
3011,e_demand,2030,126,11,11,0.026558245929983428
3012,e_demand,2030,126,12,12,0.026558245929983428
3013,e_demand,2030,126,13,13,0.026558245929983428
3014,e_demand,2030,126,14,14,0.026558245929983428
3015,e_demand,2030,126,15,15,0.023968816951810062
3016,e_demand,2030,126,16,16,0.02655824592998345
3017,e_demand,2030,126,17,17,0.026558245929983428
3018,e_demand,2030,126,18,18,0.026558245929983428
3019,e_demand,2030,126,19,19,0.026558245929983428
3020,e_demand,2030,126,20,20,0.026558245929983428
3021,e_demand,2030,126,21,21,0.026558245929983428
3022,e_demand,2030,126,22,22,0.026558245929983428
3023,e_demand,2030,126,23,23,0.026558245929983428
3024,e_demand,2030,126,24,24,0.026558245929983428
3025,e_demand,2030,127,1,1,0.025
3026,e_demand,2030,127,2,2,0.025
3027,e_demand,2030,127,3,3,0.025
3028,e_demand,2030,127,4,4,0.025
3029,e_demand,2030,127,5,5,0.025
3030,e_demand,2030,127,6,6,0.025
3031,e_demand,2030,127,7,7,0.025
3032,e_demand,2030,127,8,8,0.025
3033,e_demand,2030,127,9,9,0.025
3034,e_demand,2030,127,10,10,0.001
3035,e_demand,2030,127,11,11,0.001
3036,e_demand,2030,127,12,12,0.001
3037,e_demand,2030,127,13,13,0.001
3038,e_demand,2030,127,14,14,0.001
3039,e_demand,2030,127,15,15,0.001
3040,e_demand,2030,127,16,16,0.001
3041,e_demand,2030,127,17,17,0.001
3042,e_demand,2030,127,18,18,0.025
3043,e_demand,2030,127,19,19,0.025
3044,e_demand,2030,127,20,20,0.025
3045,e_demand,2030,127,21,21,0.025
3046,e_demand,2030,127,22,22,0.025
3047,e_demand,2030,127,23,23,0.025
3048,e_demand,2030,127,24,24,0.025
3049,e_demand,2030,128,1,1,0.026374659833988085
3050,e_demand,2030,128,2,2,0.026374659833988085
3051,e_demand,2030,128,3,3,0.026374659833988085
3052,e_demand,2030,128,4,4,0.026374659833988085
3053,e_demand,2030,128,5,5,0.026374659833988085
3054,e_demand,2030,128,6,6,0.026374659833988085
3055,e_demand,2030,128,7,7,0.026374659833988085
3056,e_demand,2030,128,8,8,0.026374659833988085
3057,e_demand,2030,128,9,9,0.026374659833988085
3058,e_demand,2030,128,10,10,0.026374659833988085
3059,e_demand,2030,128,11,11,0.026374659833988085
3060,e_demand,2030,128,12,12,0.026374659833988085
3061,e_demand,2030,128,13,13,0.026374659833988085
3062,e_demand,2030,128,14,14,0.026374659833988085
3063,e_demand,2030,128,15,15,0.026374659833988085
3064,e_demand,2030,128,16,16,0.026374659833988085
3065,e_demand,2030,128,17,17,0.026374659833988085
3066,e_demand,2030,128,18,18,0.026374659833988085
3067,e_demand,2030,128,19,19,0.026374659833988085
3068,e_demand,2030,128,20,20,0.026374659833988085
3069,e_demand,2030,128,21,21,0.026374659833988085
3070,e_demand,2030,128,22,22,0.026374659833988085
3071,e_demand,2030,128,23,23,0.026374659833988085
3072,e_demand,2030,128,24,24,0.026374659833988085
3073,e_demand,2030,129,1,1,0.03061704093724088
3074,e_demand,2030,129,2,2,0.03061704093724088
3075,e_demand,2030,129,3,3,0.03061704093724088
3076,e_demand,2030,129,4,4,0.03061704093724088
3077,e_demand,2030,129,5,5,0.03061704093724088
3078,e_demand,2030,129,6,6,0.03061704093724088
3079,e_demand,2030,129,7,7,0.03061704093724088
3080,e_demand,2030,129,8,8,0.03061704093724088
3081,e_demand,2030,129,9,9,0.03061704093724088
3082,e_demand,2030,129,10,10,0.03061704093724088
3083,e_demand,2030,129,11,11,0.03061704093724088
3084,e_demand,2030,129,12,12,0.03061704093724088
3085,e_demand,2030,129,13,13,0.03061704093724088
3086,e_demand,2030,129,14,14,0.03061704093724088
3087,e_demand,2030,129,15,15,0.03061704093724088
3088,e_demand,2030,129,16,16,0.03061704093724088
3089,e_demand,2030,129,17,17,0.03061704093724088
3090,e_demand,2030,129,18,18,0.03061704093724088
3091,e_demand,2030,129,19,19,0.03061704093724088
3092,e_demand,2030,129,20,20,0.0306170409372409
3093,e_demand,2030,129,21,21,0.0306170409372409
3094,e_demand,2030,129,22,22,0.0306170409372409
3095,e_demand,2030,129,23,23,0.0306170409372409
3096,e_demand,2030,129,24,24,0.0306170409372409
3097,e_demand,2030,130,1,1,0.001
3098,e_demand,2030,130,2,2,0.001
3099,e_demand,2030,130,3,3,0.001
3100,e_demand,2030,130,4,4,0.001
3101,e_demand,2030,130,5,5,0.001
3102,e_demand,2030,130,6,6,0.001
3103,e_demand,2030,130,7,7,0.001
3104,e_demand,2030,130,8,8,0.001
3105,e_demand,2030,130,9,9,0.0011080332409972298
3106,e_demand,2030,130,10,10,0.001
3107,e_demand,2030,130,11,11,0.001
3108,e_demand,2030,130,12,12,0.001
3109,e_demand,2030,130,13,13,0.001
3110,e_demand,2030,130,14,14,0.001
3111,e_demand,2030,130,15,15,0.001
3112,e_demand,2030,130,16,16,0.001
3113,e_demand,2030,130,17,17,0.001
3114,e_demand,2030,130,18,18,0.001
3115,e_demand,2030,130,19,19,0.001
3116,e_demand,2030,130,20,20,0.0011080332409972298
3117,e_demand,2030,130,21,21,0.0011080332409972298
3118,e_demand,2030,130,22,22,0.001
3119,e_demand,2030,130,23,23,0.001
3120,e_demand,2030,130,24,24,0.001
3121,e_demand,2030,131,1,1,0.02632614916558089
3122,e_demand,2030,131,2,2,0.02632614916558089
3123,e_demand,2030,131,3,3,0.02632614916558089
3124,e_demand,2030,131,4,4,0.02632614916558089
3125,e_demand,2030,131,5,5,0.02632614916558089
3126,e_demand,2030,131,6,6,0.02632614916558089
3127,e_demand,2030,131,7,7,0.02632614916558089
3128,e_demand,2030,131,8,8,0.02632614916558089
3129,e_demand,2030,131,9,9,0.02632614916558089
3130,e_demand,2030,131,10,10,0.02632614916558089
3131,e_demand,2030,131,11,11,0.026326149165580907
3132,e_demand,2030,131,12,12,0.0010530459666232355
3133,e_demand,2030,131,13,13,0.0010530459666232355
3134,e_demand,2030,131,14,14,0.0010530459666232355
3135,e_demand,2030,131,15,15,0.0010530459666232355
3136,e_demand,2030,131,16,16,0.02632614916558089
3137,e_demand,2030,131,17,17,0.02632614916558089
3138,e_demand,2030,131,18,18,0.02632614916558089
3139,e_demand,2030,131,19,19,0.02632614916558089
3140,e_demand,2030,131,20,20,0.02632614916558089
3141,e_demand,2030,131,21,21,0.02632614916558089
3142,e_demand,2030,131,22,22,0.02632614916558089
3143,e_demand,2030,131,23,23,0.02632614916558089
3144,e_demand,2030,131,24,24,0.02632614916558089
3145,e_demand,2030,132,1,1,0.033342651769069406
3146,e_demand,2030,132,2,2,0.033342651769069406
3147,e_demand,2030,132,3,3,0.033342651769069406
3148,e_demand,2030,132,4,4,0.033342651769069406
3149,e_demand,2030,132,5,5,0.033342651769069406
3150,e_demand,2030,132,6,6,0.033342651769069406
3151,e_demand,2030,132,7,7,0.033342651769069406
3152,e_demand,2030,132,8,8,0.033342651769069406
3153,e_demand,2030,132,9,9,0.033342651769069406
3154,e_demand,2030,132,10,10,0.033342651769069406
3155,e_demand,2030,132,11,11,0.033342651769069406
3156,e_demand,2030,132,12,12,0.033342651769069406
3157,e_demand,2030,132,13,13,0.033342651769069406
3158,e_demand,2030,132,14,14,0.033342651769069406
3159,e_demand,2030,132,15,15,0.033342651769069406
3160,e_demand,2030,132,16,16,0.033342651769069406
3161,e_demand,2030,132,17,17,0.033342651769069406
3162,e_demand,2030,132,18,18,0.033342651769069406
3163,e_demand,2030,132,19,19,0.033342651769069406
3164,e_demand,2030,132,20,20,0.033342651769069406
3165,e_demand,2030,132,21,21,0.033342651769069406
3166,e_demand,2030,132,22,22,0.033342651769069406
3167,e_demand,2030,132,23,23,0.033342651769069406
3168,e_demand,2030,132,24,24,0.033342651769069406
3169,e_demand,2030,133,1,1,0.02739293393877584
3170,e_demand,2030,133,2,2,0.02739293393877584
3171,e_demand,2030,133,3,3,0.02739293393877584
3172,e_demand,2030,133,4,4,0.02739293393877584
3173,e_demand,2030,133,5,5,0.02739293393877584
3174,e_demand,2030,133,6,6,0.02739293393877584
3175,e_demand,2030,133,7,7,0.02739293393877584
3176,e_demand,2030,133,8,8,0.02739293393877584
3177,e_demand,2030,133,9,9,0.02739293393877584
3178,e_demand,2030,133,10,10,0.02739293393877584
3179,e_demand,2030,133,11,11,0.02739293393877584
3180,e_demand,2030,133,12,12,0.02739293393877584
3181,e_demand,2030,133,13,13,0.02739293393877584
3182,e_demand,2030,133,14,14,0.02739293393877584
3183,e_demand,2030,133,15,15,0.02739293393877584
3184,e_demand,2030,133,16,16,0.02739293393877584
3185,e_demand,2030,133,17,17,0.02739293393877584
3186,e_demand,2030,133,18,18,0.02739293393877584
3187,e_demand,2030,133,19,19,0.02739293393877584
3188,e_demand,2030,133,20,20,0.02739293393877584
3189,e_demand,2030,133,21,21,0.02739293393877584
3190,e_demand,2030,133,22,22,0.02739293393877584
3191,e_demand,2030,133,23,23,0.02739293393877584
3192,e_demand,2030,133,24,24,0.02739293393877584
3193,e_demand,2030,134,1,1,0.0010517744693707527
3194,e_demand,2030,134,2,2,0.0010517744693707527
3195,e_demand,2030,134,3,3,0.0010517744693707527
3196,e_demand,2030,134,4,4,0.0010517744693707527
3197,e_demand,2030,134,5,5,0.0010517744693707527
3198,e_demand,2030,134,6,6,0.0010517744693707527
3199,e_demand,2030,134,7,7,0.02629436173426884
3200,e_demand,2030,134,8,8,0.026294361734268818
3201,e_demand,2030,134,9,9,0.026294361734268818
3202,e_demand,2030,134,10,10,0.026294361734268818
3203,e_demand,2030,134,11,11,0.026294361734268818
3204,e_demand,2030,134,12,12,0.026294361734268818
3205,e_demand,2030,134,13,13,0.0010517744693707527
3206,e_demand,2030,134,14,14,0.0010517744693707527
3207,e_demand,2030,134,15,15,0.0010517744693707527
3208,e_demand,2030,134,16,16,0.0010517744693707527
3209,e_demand,2030,134,17,17,0.0010517744693707527
3210,e_demand,2030,134,18,18,0.026294361734268818
3211,e_demand,2030,134,19,19,0.026294361734268818
3212,e_demand,2030,134,20,20,0.026294361734268818
3213,e_demand,2030,134,21,21,0.026294361734268818
3214,e_demand,2030,134,22,22,0.026294361734268818
3215,e_demand,2030,134,23,23,0.026294361734268818
3216,e_demand,2030,134,24,24,0.026294361734268818
3217,e_demand,2030,135,1,1,0.025789782794088247
3218,e_demand,2030,135,2,2,0.025789782794088247
3219,e_demand,2030,135,3,3,0.025789782794088247
3220,e_demand,2030,135,4,4,0.025789782794088247
3221,e_demand,2030,135,5,5,0.025789782794088247
3222,e_demand,2030,135,6,6,0.025789782794088247
3223,e_demand,2030,135,7,7,0.025789782794088247
3224,e_demand,2030,135,8,8,0.025789782794088247
3225,e_demand,2030,135,9,9,0.025789782794088247
3226,e_demand,2030,135,10,10,0.025789782794088247
3227,e_demand,2030,135,11,11,0.025789782794088247
3228,e_demand,2030,135,12,12,0.025789782794088247
3229,e_demand,2030,135,13,13,0.02327527897166464
3230,e_demand,2030,135,14,14,0.0010315913117635298
3231,e_demand,2030,135,15,15,0.02327527897166464
3232,e_demand,2030,135,16,16,0.025789782794088247
3233,e_demand,2030,135,17,17,0.025789782794088247
3234,e_demand,2030,135,18,18,0.025789782794088247
3235,e_demand,2030,135,19,19,0.025789782794088247
3236,e_demand,2030,135,20,20,0.025789782794088247
3237,e_demand,2030,135,21,21,0.025789782794088247
3238,e_demand,2030,135,22,22,0.025789782794088247
3239,e_demand,2030,135,23,23,0.025789782794088247
3240,e_demand,2030,135,24,24,0.025789782794088247
3241,e_demand,2030,136,1,1,0.0016632847316637878
3242,e_demand,2030,136,2,2,0.0016632847316637878
3243,e_demand,2030,136,3,3,0.0016632847316637878
3244,e_demand,2030,136,4,4,0.0016632847316637878
3245,e_demand,2030,136,5,5,0.0016632847316637878
3246,e_demand,2030,136,6,6,0.0016632847316637878
3247,e_demand,2030,136,7,7,0.0016632847316637878
3248,e_demand,2030,136,8,8,0.0016632847316637878
3249,e_demand,2030,136,9,9,0.0018429747719266346
3250,e_demand,2030,136,10,10,0.0016632847316637878
3251,e_demand,2030,136,11,11,0.0016632847316637878
3252,e_demand,2030,136,12,12,0.0016632847316637878
3253,e_demand,2030,136,13,13,0.0016632847316637878
3254,e_demand,2030,136,14,14,0.0016632847316637878
3255,e_demand,2030,136,15,15,0.0016632847316637878
3256,e_demand,2030,136,16,16,0.0016632847316637878
3257,e_demand,2030,136,17,17,0.041582118291594694
3258,e_demand,2030,136,18,18,0.041582118291594694
3259,e_demand,2030,136,19,19,0.041582118291594694
3260,e_demand,2030,136,20,20,0.041582118291594694
3261,e_demand,2030,136,21,21,0.041582118291594694
3262,e_demand,2030,136,22,22,0.041582118291594694
3263,e_demand,2030,136,23,23,0.041582118291594694
3264,e_demand,2030,136,24,24,0.041582118291594694
3265,e_demand,2030,137,1,1,0.02899092906369526
3266,e_demand,2030,137,2,2,0.02899092906369526
3267,e_demand,2030,137,3,3,0.028990929063695284
3268,e_demand,2030,137,4,4,0.01935469315653998
3269,e_demand,2030,137,5,5,0.0011596371625478103
3270,e_demand,2030,137,6,6,0.0011596371625478103
3271,e_demand,2030,137,7,7,0.0011596371625478103
3272,e_demand,2030,137,8,8,0.0011596371625478103
3273,e_demand,2030,137,9,9,0.0011596371625478103
3274,e_demand,2030,137,10,10,0.0011596371625478103
3275,e_demand,2030,137,11,11,0.0011596371625478103
3276,e_demand,2030,137,12,12,0.0011596371625478103
3277,e_demand,2030,137,13,13,0.0011596371625478103
3278,e_demand,2030,137,14,14,0.0011596371625478103
3279,e_demand,2030,137,15,15,0.0011596371625478103
3280,e_demand,2030,137,16,16,0.0011596371625478103
3281,e_demand,2030,137,17,17,0.0011596371625478103
3282,e_demand,2030,137,18,18,0.0011596371625478103
3283,e_demand,2030,137,19,19,0.0011596371625478103
3284,e_demand,2030,137,20,20,0.0011596371625478103
3285,e_demand,2030,137,21,21,0.0011596371625478103
3286,e_demand,2030,137,22,22,0.0011596371625478103
3287,e_demand,2030,137,23,23,0.0011596371625478103
3288,e_demand,2030,137,24,24,0.0011596371625478103
3289,e_demand,2030,138,1,1,0.028367788962475327
3290,e_demand,2030,138,2,2,0.028367788962475327
3291,e_demand,2030,138,3,3,0.028367788962475347
3292,e_demand,2030,138,4,4,0.028367788962475327
3293,e_demand,2030,138,5,5,0.028367788962475347
3294,e_demand,2030,138,6,6,0.028367788962475347
3295,e_demand,2030,138,7,7,0.028367788962475347
3296,e_demand,2030,138,8,8,0.0011347115584990131
3297,e_demand,2030,138,9,9,0.0011347115584990131
3298,e_demand,2030,138,10,10,0.0011347115584990131
3299,e_demand,2030,138,11,11,0.0011347115584990131
3300,e_demand,2030,138,12,12,0.0
3301,e_demand,2030,138,13,13,0.0
3302,e_demand,2030,138,14,14,0.0
3303,e_demand,2030,138,15,15,0.0
3304,e_demand,2030,138,16,16,0.0011347115584990131
3305,e_demand,2030,138,17,17,0.0011347115584990131
3306,e_demand,2030,138,18,18,0.0011347115584990131
3307,e_demand,2030,138,19,19,0.028367788962475347
3308,e_demand,2030,138,20,20,0.028367788962475347
3309,e_demand,2030,138,21,21,0.028367788962475327
3310,e_demand,2030,138,22,22,0.028367788962475327
3311,e_demand,2030,138,23,23,0.028367788962475327
3312,e_demand,2030,138,24,24,0.028367788962475327
3313,e_demand,2030,139,1,1,0.045896227216998264
3314,e_demand,2030,139,2,2,0.045896227216998264
3315,e_demand,2030,139,3,3,0.045896227216998264
3316,e_demand,2030,139,4,4,0.0458962272169983
3317,e_demand,2030,139,5,5,0.0458962272169983
3318,e_demand,2030,139,6,6,0.045896227216998264
3319,e_demand,2030,139,7,7,0.045896227216998264
3320,e_demand,2030,139,8,8,0.045896227216998264
3321,e_demand,2030,139,9,9,0.045896227216998264
3322,e_demand,2030,139,10,10,0.0458962272169983
3323,e_demand,2030,139,11,11,0.0018358490886799304
3324,e_demand,2030,139,12,12,0.0018358490886799304
3325,e_demand,2030,139,13,13,0.0018358490886799304
3326,e_demand,2030,139,14,14,0.0018358490886799304
3327,e_demand,2030,139,15,15,0.0018358490886799304
3328,e_demand,2030,139,16,16,0.0018358490886799304
3329,e_demand,2030,139,17,17,0.0018358490886799304
3330,e_demand,2030,139,18,18,0.045896227216998264
3331,e_demand,2030,139,19,19,0.045896227216998264
3332,e_demand,2030,139,20,20,0.045896227216998264
3333,e_demand,2030,139,21,21,0.045896227216998264
3334,e_demand,2030,139,22,22,0.045896227216998264
3335,e_demand,2030,139,23,23,0.0458962272169983
3336,e_demand,2030,139,24,24,0.045896227216998264
3337,e_demand,2030,140,1,1,0.026204717963652063
3338,e_demand,2030,140,2,2,0.026204717963652063
3339,e_demand,2030,140,3,3,0.026204717963652063
3340,e_demand,2030,140,4,4,0.026204717963652063
3341,e_demand,2030,140,5,5,0.026204717963652063
3342,e_demand,2030,140,6,6,0.026204717963652063
3343,e_demand,2030,140,7,7,0.026204717963652063
3344,e_demand,2030,140,8,8,0.026204717963652063
3345,e_demand,2030,140,9,9,0.026204717963652063
3346,e_demand,2030,140,10,10,0.026204717963652088
3347,e_demand,2030,140,11,11,0.0010481887185460825
3348,e_demand,2030,140,12,12,0.0010481887185460825
3349,e_demand,2030,140,13,13,0.0010481887185460825
3350,e_demand,2030,140,14,14,0.0010481887185460825
3351,e_demand,2030,140,15,15,0.0010481887185460825
3352,e_demand,2030,140,16,16,0.0010481887185460825
3353,e_demand,2030,140,17,17,0.026204717963652063
3354,e_demand,2030,140,18,18,0.026204717963652063
3355,e_demand,2030,140,19,19,0.026204717963652063
3356,e_demand,2030,140,20,20,0.026204717963652063
3357,e_demand,2030,140,21,21,0.026204717963652063
3358,e_demand,2030,140,22,22,0.026204717963652063
3359,e_demand,2030,140,23,23,0.026204717963652063
3360,e_demand,2030,140,24,24,0.026204717963652063
3361,e_demand,2030,141,1,1,0.02871789557482265
3362,e_demand,2030,141,2,2,0.02871789557482265
3363,e_demand,2030,141,3,3,0.02871789557482265
3364,e_demand,2030,141,4,4,0.02871789557482265
3365,e_demand,2030,141,5,5,0.02871789557482265
3366,e_demand,2030,141,6,6,0.02871789557482265
3367,e_demand,2030,141,7,7,0.02871789557482265
3368,e_demand,2030,141,8,8,0.02871789557482265
3369,e_demand,2030,141,9,9,0.02871789557482265
3370,e_demand,2030,141,10,10,0.02871789557482265
3371,e_demand,2030,141,11,11,0.02871789557482265
3372,e_demand,2030,141,12,12,0.02871789557482265
3373,e_demand,2030,141,13,13,0.02871789557482265
3374,e_demand,2030,141,14,14,0.02871789557482265
3375,e_demand,2030,141,15,15,0.02871789557482265
3376,e_demand,2030,141,16,16,0.02871789557482265
3377,e_demand,2030,141,17,17,0.02871789557482265
3378,e_demand,2030,141,18,18,0.02871789557482265
3379,e_demand,2030,141,19,19,0.02871789557482265
3380,e_demand,2030,141,20,20,0.02871789557482265
3381,e_demand,2030,141,21,21,0.02871789557482265
3382,e_demand,2030,141,22,22,0.02871789557482265
3383,e_demand,2030,141,23,23,0.02871789557482265
3384,e_demand,2030,141,24,24,0.02871789557482265
3385,e_demand,2030,142,1,1,0.0010407748946055268
3386,e_demand,2030,142,2,2,0.0010407748946055268
3387,e_demand,2030,142,3,3,0.0010407748946055268
3388,e_demand,2030,142,4,4,0.0010407748946055268
3389,e_demand,2030,142,5,5,0.0010407748946055268
3390,e_demand,2030,142,6,6,0.0010407748946055268
3391,e_demand,2030,142,7,7,0.0010407748946055268
3392,e_demand,2030,142,8,8,0.0010407748946055268
3393,e_demand,2030,142,9,9,0.0010407748946055268
3394,e_demand,2030,142,10,10,0.0010407748946055268
3395,e_demand,2030,142,11,11,0.0010407748946055268
3396,e_demand,2030,142,12,12,0.0010407748946055268
3397,e_demand,2030,142,13,13,0.0010407748946055268
3398,e_demand,2030,142,14,14,0.0010407748946055268
3399,e_demand,2030,142,15,15,0.0010407748946055268
3400,e_demand,2030,142,16,16,0.0010407748946055268
3401,e_demand,2030,142,17,17,0.0010407748946055268
3402,e_demand,2030,142,18,18,0.02601937236513817
3403,e_demand,2030,142,19,19,0.02601937236513817
3404,e_demand,2030,142,20,20,0.02601937236513817
3405,e_demand,2030,142,21,21,0.02601937236513817
3406,e_demand,2030,142,22,22,0.02601937236513817
3407,e_demand,2030,142,23,23,0.02601937236513817
3408,e_demand,2030,142,24,24,0.02601937236513817
3409,e_demand,2030,143,1,1,0.028995328306959153
3410,e_demand,2030,143,2,2,0.028995328306959153
3411,e_demand,2030,143,3,3,0.028995328306959153
3412,e_demand,2030,143,4,4,0.028995328306959153
3413,e_demand,2030,143,5,5,0.028995328306959153
3414,e_demand,2030,143,6,6,0.028995328306959153
3415,e_demand,2030,143,7,7,0.028995328306959153
3416,e_demand,2030,143,8,8,0.028995328306959153
3417,e_demand,2030,143,9,9,0.028995328306959153
3418,e_demand,2030,143,10,10,0.028995328306959153
3419,e_demand,2030,143,11,11,0.001159813132278366
3420,e_demand,2030,143,12,12,0.001159813132278366
3421,e_demand,2030,143,13,13,0.001159813132278366
3422,e_demand,2030,143,14,14,0.001159813132278366
3423,e_demand,2030,143,15,15,0.001159813132278366
3424,e_demand,2030,143,16,16,0.001159813132278366
3425,e_demand,2030,143,17,17,0.028995328306959153
3426,e_demand,2030,143,18,18,0.028995328306959153
3427,e_demand,2030,143,19,19,0.028995328306959153
3428,e_demand,2030,143,20,20,0.028995328306959153
3429,e_demand,2030,143,21,21,0.028995328306959153
3430,e_demand,2030,143,22,22,0.028995328306959153
3431,e_demand,2030,143,23,23,0.028995328306959153
3432,e_demand,2030,143,24,24,0.028995328306959153
3433,e_demand,2030,144,1,1,0.0252961399859427
3434,e_demand,2030,144,2,2,0.0252961399859427
3435,e_demand,2030,144,3,3,0.0252961399859427
3436,e_demand,2030,144,4,4,0.0252961399859427
3437,e_demand,2030,144,5,5,0.0252961399859427
3438,e_demand,2030,144,6,6,0.0252961399859427
3439,e_demand,2030,144,7,7,0.0252961399859427
3440,e_demand,2030,144,8,8,0.0252961399859427
3441,e_demand,2030,144,9,9,0.0252961399859427
3442,e_demand,2030,144,10,10,0.0252961399859427
3443,e_demand,2030,144,11,11,0.0252961399859427
3444,e_demand,2030,144,12,12,0.0252961399859427
3445,e_demand,2030,144,13,13,0.0252961399859427
3446,e_demand,2030,144,14,14,0.025296139985942722
3447,e_demand,2030,144,15,15,0.0252961399859427
3448,e_demand,2030,144,16,16,0.0252961399859427
3449,e_demand,2030,144,17,17,0.0252961399859427
3450,e_demand,2030,144,18,18,0.0252961399859427
3451,e_demand,2030,144,19,19,0.0252961399859427
3452,e_demand,2030,144,20,20,0.0252961399859427
3453,e_demand,2030,144,21,21,0.0252961399859427
3454,e_demand,2030,144,22,22,0.0252961399859427
3455,e_demand,2030,144,23,23,0.0252961399859427
3456,e_demand,2030,144,24,24,0.0252961399859427
3457,e_demand,2030,145,1,1,0.05834224967856592
3458,e_demand,2030,145,2,2,0.05834224967856592
3459,e_demand,2030,145,3,3,0.05834224967856592
3460,e_demand,2030,145,4,4,0.05834224967856592
3461,e_demand,2030,145,5,5,0.05834224967856592
3462,e_demand,2030,145,6,6,0.05834224967856592
3463,e_demand,2030,145,7,7,0.05834224967856592
3464,e_demand,2030,145,8,8,0.05834224967856592
3465,e_demand,2030,145,9,9,0.05834224967856592
3466,e_demand,2030,145,10,10,0.05834224967856592
3467,e_demand,2030,145,11,11,0.05834224967856592
3468,e_demand,2030,145,12,12,0.05834224967856592
3469,e_demand,2030,145,13,13,0.05834224967856592
3470,e_demand,2030,145,14,14,0.05834224967856592
3471,e_demand,2030,145,15,15,0.05834224967856592
3472,e_demand,2030,145,16,16,0.05834224967856592
3473,e_demand,2030,145,17,17,0.05834224967856592
3474,e_demand,2030,145,18,18,0.05834224967856592
3475,e_demand,2030,145,19,19,0.05834224967856597
3476,e_demand,2030,145,20,20,0.05834224967856597
3477,e_demand,2030,145,21,21,0.05834224967856592
3478,e_demand,2030,145,22,22,0.05834224967856592
3479,e_demand,2030,145,23,23,0.05834224967856592
3480,e_demand,2030,145,24,24,0.05834224967856592
3481,e_demand,2030,146,1,1,0.025
3482,e_demand,2030,146,2,2,0.025
3483,e_demand,2030,146,3,3,0.025
3484,e_demand,2030,146,4,4,0.025
3485,e_demand,2030,146,5,5,0.025
3486,e_demand,2030,146,6,6,0.025
3487,e_demand,2030,146,7,7,0.025
3488,e_demand,2030,146,8,8,0.025
3489,e_demand,2030,146,9,9,0.025
3490,e_demand,2030,146,10,10,0.025
3491,e_demand,2030,146,11,11,0.025
3492,e_demand,2030,146,12,12,0.001
3493,e_demand,2030,146,13,13,0.001
3494,e_demand,2030,146,14,14,0.001
3495,e_demand,2030,146,15,15,0.001
3496,e_demand,2030,146,16,16,0.001
3497,e_demand,2030,146,17,17,0.025000000000000022
3498,e_demand,2030,146,18,18,0.025
3499,e_demand,2030,146,19,19,0.025
3500,e_demand,2030,146,20,20,0.025
3501,e_demand,2030,146,21,21,0.025
3502,e_demand,2030,146,22,22,0.025
3503,e_demand,2030,146,23,23,0.025
3504,e_demand,2030,146,24,24,0.025
3505,e_demand,2030,147,1,1,0.025304729115832893
3506,e_demand,2030,147,2,2,0.025304729115832893
3507,e_demand,2030,147,3,3,0.025304729115832893
3508,e_demand,2030,147,4,4,0.025304729115832893
3509,e_demand,2030,147,5,5,0.025304729115832893
3510,e_demand,2030,147,6,6,0.025304729115832893
3511,e_demand,2030,147,7,7,0.025304729115832893
3512,e_demand,2030,147,8,8,0.025304729115832893
3513,e_demand,2030,147,9,9,0.025304729115832893
3514,e_demand,2030,147,10,10,0.025304729115832893
3515,e_demand,2030,147,11,11,0.025304729115832893
3516,e_demand,2030,147,12,12,0.025304729115832893
3517,e_demand,2030,147,13,13,0.022837518027039205
3518,e_demand,2030,147,14,14,0.025304729115832914
3519,e_demand,2030,147,15,15,0.025304729115832893
3520,e_demand,2030,147,16,16,0.025304729115832893
3521,e_demand,2030,147,17,17,0.025304729115832893
3522,e_demand,2030,147,18,18,0.025304729115832893
3523,e_demand,2030,147,19,19,0.025304729115832893
3524,e_demand,2030,147,20,20,0.025304729115832893
3525,e_demand,2030,147,21,21,0.025304729115832893
3526,e_demand,2030,147,22,22,0.025304729115832893
3527,e_demand,2030,147,23,23,0.025304729115832893
3528,e_demand,2030,147,24,24,0.025304729115832893
3529,e_demand,2030,148,1,1,0.026677286504233524
3530,e_demand,2030,148,2,2,0.026677286504233524
3531,e_demand,2030,148,3,3,0.026677286504233524
3532,e_demand,2030,148,4,4,0.026677286504233524
3533,e_demand,2030,148,5,5,0.026677286504233524
3534,e_demand,2030,148,6,6,0.026677286504233524
3535,e_demand,2030,148,7,7,0.026677286504233524
3536,e_demand,2030,148,8,8,0.026677286504233524
3537,e_demand,2030,148,9,9,0.026677286504233524
3538,e_demand,2030,148,10,10,0.026677286504233524
3539,e_demand,2030,148,11,11,0.026677286504233524
3540,e_demand,2030,148,12,12,0.026677286504233545
3541,e_demand,2030,148,13,13,0.024076251070070758
3542,e_demand,2030,148,14,14,0.0010670914601693408
3543,e_demand,2030,148,15,15,0.0010670914601693408
3544,e_demand,2030,148,16,16,0.0010670914601693408
3545,e_demand,2030,148,17,17,0.026677286504233524
3546,e_demand,2030,148,18,18,0.026677286504233524
3547,e_demand,2030,148,19,19,0.026677286504233524
3548,e_demand,2030,148,20,20,0.026677286504233524
3549,e_demand,2030,148,21,21,0.026677286504233524
3550,e_demand,2030,148,22,22,0.026677286504233524
3551,e_demand,2030,148,23,23,0.026677286504233524
3552,e_demand,2030,148,24,24,0.026677286504233524
3553,e_demand,2030,149,1,1,0.026419906459694543
3554,e_demand,2030,149,2,2,0.026419906459694543
3555,e_demand,2030,149,3,3,0.026419906459694543
3556,e_demand,2030,149,4,4,0.026419906459694543
3557,e_demand,2030,149,5,5,0.026419906459694543
3558,e_demand,2030,149,6,6,0.026419906459694543
3559,e_demand,2030,149,7,7,0.026419906459694543
3560,e_demand,2030,149,8,8,0.026419906459694543
3561,e_demand,2030,149,9,9,0.026419906459694543
3562,e_demand,2030,149,10,10,0.026419906459694543
3563,e_demand,2030,149,11,11,0.0010567962583877817
3564,e_demand,2030,149,12,12,0.0010567962583877817
3565,e_demand,2030,149,13,13,0.0010567962583877817
3566,e_demand,2030,149,14,14,0.0010567962583877817
3567,e_demand,2030,149,15,15,0.0010567962583877817
3568,e_demand,2030,149,16,16,0.0010567962583877817
3569,e_demand,2030,149,17,17,0.026419906459694543
3570,e_demand,2030,149,18,18,0.026419906459694543
3571,e_demand,2030,149,19,19,0.026419906459694543
3572,e_demand,2030,149,20,20,0.026419906459694543
3573,e_demand,2030,149,21,21,0.026419906459694543
3574,e_demand,2030,149,22,22,0.026419906459694543
3575,e_demand,2030,149,23,23,0.026419906459694543
3576,e_demand,2030,149,24,24,0.026419906459694543
3577,e_demand,2030,150,1,1,0.025602057599657876
3578,e_demand,2030,150,2,2,0.025602057599657876
3579,e_demand,2030,150,3,3,0.025602057599657876
3580,e_demand,2030,150,4,4,0.025602057599657876
3581,e_demand,2030,150,5,5,0.025602057599657876
3582,e_demand,2030,150,6,6,0.025602057599657876
3583,e_demand,2030,150,7,7,0.025602057599657876
3584,e_demand,2030,150,8,8,0.025602057599657876
3585,e_demand,2030,150,9,9,0.025602057599657876
3586,e_demand,2030,150,10,10,0.025602057599657876
3587,e_demand,2030,150,11,11,0.025602057599657876
3588,e_demand,2030,150,12,12,0.025602057599657897
3589,e_demand,2030,150,13,13,0.023105856983691234
3590,e_demand,2030,150,14,14,0.023105856983691234
3591,e_demand,2030,150,15,15,0.025602057599657876
3592,e_demand,2030,150,16,16,0.025602057599657897
3593,e_demand,2030,150,17,17,0.025602057599657876
3594,e_demand,2030,150,18,18,0.025602057599657876
3595,e_demand,2030,150,19,19,0.025602057599657876
3596,e_demand,2030,150,20,20,0.025602057599657876
3597,e_demand,2030,150,21,21,0.025602057599657876
3598,e_demand,2030,150,22,22,0.025602057599657876
3599,e_demand,2030,150,23,23,0.025602057599657876
3600,e_demand,2030,150,24,24,0.025602057599657876
3601,e_demand,2030,151,1,1,0.027512089277309127
3602,e_demand,2030,151,2,2,0.027512089277309127
3603,e_demand,2030,151,3,3,0.027512089277309127
3604,e_demand,2030,151,4,4,0.027512089277309127
3605,e_demand,2030,151,5,5,0.027512089277309127
3606,e_demand,2030,151,6,6,0.027512089277309127
3607,e_demand,2030,151,7,7,0.027512089277309127
3608,e_demand,2030,151,8,8,0.027512089277309127
3609,e_demand,2030,151,9,9,0.027512089277309127
3610,e_demand,2030,151,10,10,0.027512089277309127
3611,e_demand,2030,151,11,11,0.027512089277309127
3612,e_demand,2030,151,12,12,0.027512089277309127
3613,e_demand,2030,151,13,13,0.027512089277309127
3614,e_demand,2030,151,14,14,0.027512089277309127
3615,e_demand,2030,151,15,15,0.027512089277309127
3616,e_demand,2030,151,16,16,0.027512089277309127
3617,e_demand,2030,151,17,17,0.027512089277309127
3618,e_demand,2030,151,18,18,0.027512089277309127
3619,e_demand,2030,151,19,19,0.027512089277309127
3620,e_demand,2030,151,20,20,0.027512089277309127
3621,e_demand,2030,151,21,21,0.027512089277309127
3622,e_demand,2030,151,22,22,0.027512089277309127
3623,e_demand,2030,151,23,23,0.027512089277309127
3624,e_demand,2030,151,24,24,0.027512089277309127
3625,e_demand,2030,152,1,1,0.07582281638700211
3626,e_demand,2030,152,2,2,0.07582281638700211
3627,e_demand,2030,152,3,3,0.07582281638700211
3628,e_demand,2030,152,4,4,0.07582281638700211
3629,e_demand,2030,152,5,5,0.07582281638700211
3630,e_demand,2030,152,6,6,0.07582281638700211
3631,e_demand,2030,152,7,7,0.07582281638700211
3632,e_demand,2030,152,8,8,0.07582281638700211
3633,e_demand,2030,152,9,9,0.07582281638700211
3634,e_demand,2030,152,10,10,0.07582281638700211
3635,e_demand,2030,152,11,11,0.07582281638700211
3636,e_demand,2030,152,12,12,0.07582281638700211
3637,e_demand,2030,152,13,13,0.07582281638700211
3638,e_demand,2030,152,14,14,0.07582281638700211
3639,e_demand,2030,152,15,15,0.07582281638700211
3640,e_demand,2030,152,16,16,0.07582281638700211
3641,e_demand,2030,152,17,17,0.07582281638700211
3642,e_demand,2030,152,18,18,0.07582281638700211
3643,e_demand,2030,152,19,19,0.07582281638700211
3644,e_demand,2030,152,20,20,0.07582281638700211
3645,e_demand,2030,152,21,21,0.07582281638700211
3646,e_demand,2030,152,22,22,0.07582281638700211
3647,e_demand,2030,152,23,23,0.07582281638700211
3648,e_demand,2030,152,24,24,0.07582281638700211
3649,e_demand,2030,153,1,1,0.028053208483049347
3650,e_demand,2030,153,2,2,0.028053208483049347
3651,e_demand,2030,153,3,3,0.028053208483049347
3652,e_demand,2030,153,4,4,0.028053208483049347
3653,e_demand,2030,153,5,5,0.028053208483049347
3654,e_demand,2030,153,6,6,0.028053208483049347
3655,e_demand,2030,153,7,7,0.028053208483049347
3656,e_demand,2030,153,8,8,0.028053208483049347
3657,e_demand,2030,153,9,9,0.028053208483049347
3658,e_demand,2030,153,10,10,0.001122128339321974
3659,e_demand,2030,153,11,11,0.001122128339321974
3660,e_demand,2030,153,12,12,0.001122128339321974
3661,e_demand,2030,153,13,13,0.001122128339321974
3662,e_demand,2030,153,14,14,0.001122128339321974
3663,e_demand,2030,153,15,15,0.001122128339321974
3664,e_demand,2030,153,16,16,0.001122128339321974
3665,e_demand,2030,153,17,17,0.028053208483049347
3666,e_demand,2030,153,18,18,0.028053208483049347
3667,e_demand,2030,153,19,19,0.028053208483049347
3668,e_demand,2030,153,20,20,0.028053208483049347
3669,e_demand,2030,153,21,21,0.028053208483049347
3670,e_demand,2030,153,22,22,0.028053208483049347
3671,e_demand,2030,153,23,23,0.028053208483049347
3672,e_demand,2030,153,24,24,0.028053208483049347
3673,e_demand,2030,154,1,1,0.04613042025114228
3674,e_demand,2030,154,2,2,0.04613042025114228
3675,e_demand,2030,154,3,3,0.04613042025114228
3676,e_demand,2030,154,4,4,0.04613042025114228
3677,e_demand,2030,154,5,5,0.04613042025114228
3678,e_demand,2030,154,6,6,0.04613042025114228
3679,e_demand,2030,154,7,7,0.04613042025114228
3680,e_demand,2030,154,8,8,0.04613042025114228
3681,e_demand,2030,154,9,9,0.04613042025114228
3682,e_demand,2030,154,10,10,0.04613042025114228
3683,e_demand,2030,154,11,11,0.04613042025114228
3684,e_demand,2030,154,12,12,0.04613042025114228
3685,e_demand,2030,154,13,13,0.04613042025114228
3686,e_demand,2030,154,14,14,0.04613042025114228
3687,e_demand,2030,154,15,15,0.04613042025114228
3688,e_demand,2030,154,16,16,0.04613042025114228
3689,e_demand,2030,154,17,17,0.04613042025114228
3690,e_demand,2030,154,18,18,0.04613042025114228
3691,e_demand,2030,154,19,19,0.04613042025114228
3692,e_demand,2030,154,20,20,0.04613042025114228
3693,e_demand,2030,154,21,21,0.04613042025114228
3694,e_demand,2030,154,22,22,0.04613042025114228
3695,e_demand,2030,154,23,23,0.04613042025114228
3696,e_demand,2030,154,24,24,0.04613042025114228
3697,e_demand,2030,155,1,1,0.026387838514224146
3698,e_demand,2030,155,2,2,0.026387838514224146
3699,e_demand,2030,155,3,3,0.026387838514224146
3700,e_demand,2030,155,4,4,0.026387838514224146
3701,e_demand,2030,155,5,5,0.026387838514224146
3702,e_demand,2030,155,6,6,0.026387838514224146
3703,e_demand,2030,155,7,7,0.026387838514224146
3704,e_demand,2030,155,8,8,0.026387838514224146
3705,e_demand,2030,155,9,9,0.026387838514224146
3706,e_demand,2030,155,10,10,0.026387838514224146
3707,e_demand,2030,155,11,11,0.026387838514224146
3708,e_demand,2030,155,12,12,0.0010555135405689658
3709,e_demand,2030,155,13,13,0.0010555135405689658
3710,e_demand,2030,155,14,14,0.0010555135405689658
3711,e_demand,2030,155,15,15,0.0010555135405689658
3712,e_demand,2030,155,16,16,0.0010555135405689658
3713,e_demand,2030,155,17,17,0.026387838514224146
3714,e_demand,2030,155,18,18,0.026387838514224146
3715,e_demand,2030,155,19,19,0.026387838514224146
3716,e_demand,2030,155,20,20,0.026387838514224146
3717,e_demand,2030,155,21,21,0.026387838514224146
3718,e_demand,2030,155,22,22,0.026387838514224174
3719,e_demand,2030,155,23,23,0.026387838514224146
3720,e_demand,2030,155,24,24,0.026387838514224146
3721,e_demand,2030,156,1,1,0.028590241058555673
3722,e_demand,2030,156,2,2,0.028590241058555673
3723,e_demand,2030,156,3,3,0.028590241058555673
3724,e_demand,2030,156,4,4,0.028590241058555673
3725,e_demand,2030,156,5,5,0.028590241058555673
3726,e_demand,2030,156,6,6,0.028590241058555673
3727,e_demand,2030,156,7,7,0.028590241058555673
3728,e_demand,2030,156,8,8,0.028590241058555673
3729,e_demand,2030,156,9,9,0.028590241058555673
3730,e_demand,2030,156,10,10,0.028590241058555673
3731,e_demand,2030,156,11,11,0.028590241058555673
3732,e_demand,2030,156,12,12,0.028590241058555673
3733,e_demand,2030,156,13,13,0.028590241058555673
3734,e_demand,2030,156,14,14,0.028590241058555673
3735,e_demand,2030,156,15,15,0.028590241058555673
3736,e_demand,2030,156,16,16,0.028590241058555673
3737,e_demand,2030,156,17,17,0.028590241058555673
3738,e_demand,2030,156,18,18,0.028590241058555673
3739,e_demand,2030,156,19,19,0.028590241058555673
3740,e_demand,2030,156,20,20,0.028590241058555673
3741,e_demand,2030,156,21,21,0.028590241058555673
3742,e_demand,2030,156,22,22,0.028590241058555673
3743,e_demand,2030,156,23,23,0.028590241058555673
3744,e_demand,2030,156,24,24,0.028590241058555673
3745,e_demand,2030,157,1,1,0.025
3746,e_demand,2030,157,2,2,0.025
3747,e_demand,2030,157,3,3,0.025
3748,e_demand,2030,157,4,4,0.025
3749,e_demand,2030,157,5,5,0.025
3750,e_demand,2030,157,6,6,0.025
3751,e_demand,2030,157,7,7,0.025
3752,e_demand,2030,157,8,8,0.025
3753,e_demand,2030,157,9,9,0.025
3754,e_demand,2030,157,10,10,0.025
3755,e_demand,2030,157,11,11,0.025
3756,e_demand,2030,157,12,12,0.001
3757,e_demand,2030,157,13,13,0.001
3758,e_demand,2030,157,14,14,0.001
3759,e_demand,2030,157,15,15,0.001
3760,e_demand,2030,157,16,16,0.001
3761,e_demand,2030,157,17,17,0.025
3762,e_demand,2030,157,18,18,0.025
3763,e_demand,2030,157,19,19,0.025
3764,e_demand,2030,157,20,20,0.025
3765,e_demand,2030,157,21,21,0.025
3766,e_demand,2030,157,22,22,0.025
3767,e_demand,2030,157,23,23,0.025
3768,e_demand,2030,157,24,24,0.025
3769,e_demand,2030,158,1,1,0.028974941746244837
3770,e_demand,2030,158,2,2,0.0011589976698497934
3771,e_demand,2030,158,3,3,0.0011589976698497934
3772,e_demand,2030,158,4,4,0.0011589976698497934
3773,e_demand,2030,158,5,5,0.0011589976698497934
3774,e_demand,2030,158,6,6,0.0011589976698497934
3775,e_demand,2030,158,7,7,0.0011589976698497934
3776,e_demand,2030,158,8,8,0.0011589976698497934
3777,e_demand,2030,158,9,9,0.0011589976698497934
3778,e_demand,2030,158,10,10,0.0011589976698497934
3779,e_demand,2030,158,11,11,0.0011589976698497934
3780,e_demand,2030,158,12,12,0.0011589976698497934
3781,e_demand,2030,158,13,13,0.0011589976698497934
3782,e_demand,2030,158,14,14,0.0011589976698497934
3783,e_demand,2030,158,15,15,0.0011589976698497934
3784,e_demand,2030,158,16,16,0.0011589976698497934
3785,e_demand,2030,158,17,17,0.0011589976698497934
3786,e_demand,2030,158,18,18,0.0011589976698497934
3787,e_demand,2030,158,19,19,0.0011589976698497934
3788,e_demand,2030,158,20,20,0.0011589976698497934
3789,e_demand,2030,158,21,21,0.0011589976698497934
3790,e_demand,2030,158,22,22,0.0011589976698497934
3791,e_demand,2030,158,23,23,0.0011589976698497934
3792,e_demand,2030,158,24,24,0.0011589976698497934
3793,e_demand,2030,159,1,1,0.027164480802476396
3794,e_demand,2030,159,2,2,0.027164480802476396
3795,e_demand,2030,159,3,3,0.027164480802476396
3796,e_demand,2030,159,4,4,0.027164480802476396
3797,e_demand,2030,159,5,5,0.027164480802476396
3798,e_demand,2030,159,6,6,0.027164480802476396
3799,e_demand,2030,159,7,7,0.027164480802476396
3800,e_demand,2030,159,8,8,0.027164480802476396
3801,e_demand,2030,159,9,9,0.027164480802476396
3802,e_demand,2030,159,10,10,0.027164480802476396
3803,e_demand,2030,159,11,11,0.027164480802476396
3804,e_demand,2030,159,12,12,0.027164480802476396
3805,e_demand,2030,159,13,13,0.027164480802476396
3806,e_demand,2030,159,14,14,0.027164480802476396
3807,e_demand,2030,159,15,15,0.027164480802476396
3808,e_demand,2030,159,16,16,0.027164480802476396
3809,e_demand,2030,159,17,17,0.027164480802476396
3810,e_demand,2030,159,18,18,0.027164480802476396
3811,e_demand,2030,159,19,19,0.027164480802476396
3812,e_demand,2030,159,20,20,0.027164480802476416
3813,e_demand,2030,159,21,21,0.027164480802476416
3814,e_demand,2030,159,22,22,0.027164480802476416
3815,e_demand,2030,159,23,23,0.027164480802476396
3816,e_demand,2030,159,24,24,0.027164480802476396
3817,e_demand,2030,160,1,1,0.14251428422800697
3818,e_demand,2030,160,2,2,0.14251428422800697
3819,e_demand,2030,160,3,3,0.14251428422800697
3820,e_demand,2030,160,4,4,0.14251428422800697
3821,e_demand,2030,160,5,5,0.14251428422800697
3822,e_demand,2030,160,6,6,0.14251428422800697
3823,e_demand,2030,160,7,7,0.14251428422800697
3824,e_demand,2030,160,8,8,0.14251428422800697
3825,e_demand,2030,160,9,9,0.14251428422800697
3826,e_demand,2030,160,10,10,0.14251428422800697
3827,e_demand,2030,160,11,11,0.14251428422800697
3828,e_demand,2030,160,12,12,0.14251428422800697
3829,e_demand,2030,160,13,13,0.14251428422800697
3830,e_demand,2030,160,14,14,0.14251428422800697
3831,e_demand,2030,160,15,15,0.14251428422800697
3832,e_demand,2030,160,16,16,0.14251428422800697
3833,e_demand,2030,160,17,17,0.14251428422800697
3834,e_demand,2030,160,18,18,0.14251428422800697
3835,e_demand,2030,160,19,19,0.14251428422800697
3836,e_demand,2030,160,20,20,0.14251428422800697
3837,e_demand,2030,160,21,21,0.14251428422800697
3838,e_demand,2030,160,22,22,0.14251428422800697
3839,e_demand,2030,160,23,23,0.14251428422800697
3840,e_demand,2030,160,24,24,0.14251428422800697
3841,e_demand,2030,161,1,1,0.026072983146020003
3842,e_demand,2030,161,2,2,0.026072983146020003
3843,e_demand,2030,161,3,3,0.026072983146020003
3844,e_demand,2030,161,4,4,0.026072983146020003
3845,e_demand,2030,161,5,5,0.026072983146020003
3846,e_demand,2030,161,6,6,0.026072983146020003
3847,e_demand,2030,161,7,7,0.026072983146020003
3848,e_demand,2030,161,8,8,0.026072983146020003
3849,e_demand,2030,161,9,9,0.026072983146020003
3850,e_demand,2030,161,10,10,0.026072983146020003
3851,e_demand,2030,161,11,11,0.026072983146020003
3852,e_demand,2030,161,12,12,0.026072983146020003
3853,e_demand,2030,161,13,13,0.026072983146020003
3854,e_demand,2030,161,14,14,0.026072983146020003
3855,e_demand,2030,161,15,15,0.026072983146020003
3856,e_demand,2030,161,16,16,0.026072983146020003
3857,e_demand,2030,161,17,17,0.026072983146020003
3858,e_demand,2030,161,18,18,0.026072983146020003
3859,e_demand,2030,161,19,19,0.026072983146020003
3860,e_demand,2030,161,20,20,0.026072983146020003
3861,e_demand,2030,161,21,21,0.026072983146020003
3862,e_demand,2030,161,22,22,0.026072983146020003
3863,e_demand,2030,161,23,23,0.026072983146020003
3864,e_demand,2030,161,24,24,0.026072983146020003
3865,e_demand,2030,162,1,1,0.025
3866,e_demand,2030,162,2,2,0.025
3867,e_demand,2030,162,3,3,0.025
3868,e_demand,2030,162,4,4,0.025
3869,e_demand,2030,162,5,5,0.025
3870,e_demand,2030,162,6,6,0.025
3871,e_demand,2030,162,7,7,0.025
3872,e_demand,2030,162,8,8,0.025
3873,e_demand,2030,162,9,9,0.025
3874,e_demand,2030,162,10,10,0.025
3875,e_demand,2030,162,11,11,0.025
3876,e_demand,2030,162,12,12,0.025
3877,e_demand,2030,162,13,13,0.025
3878,e_demand,2030,162,14,14,0.025
3879,e_demand,2030,162,15,15,0.025000000000000022
3880,e_demand,2030,162,16,16,0.025
3881,e_demand,2030,162,17,17,0.025
3882,e_demand,2030,162,18,18,0.025
3883,e_demand,2030,162,19,19,0.025
3884,e_demand,2030,162,20,20,0.025
3885,e_demand,2030,162,21,21,0.025
3886,e_demand,2030,162,22,22,0.025
3887,e_demand,2030,162,23,23,0.025
3888,e_demand,2030,162,24,24,0.025
3889,e_demand,2030,163,1,1,0.02776265092048967
3890,e_demand,2030,163,2,2,0.02776265092048967
3891,e_demand,2030,163,3,3,0.02776265092048967
3892,e_demand,2030,163,4,4,0.02776265092048967
3893,e_demand,2030,163,5,5,0.02776265092048967
3894,e_demand,2030,163,6,6,0.02776265092048967
3895,e_demand,2030,163,7,7,0.02776265092048967
3896,e_demand,2030,163,8,8,0.02776265092048967
3897,e_demand,2030,163,9,9,0.02776265092048967
3898,e_demand,2030,163,10,10,0.02776265092048967
3899,e_demand,2030,163,11,11,0.02776265092048967
3900,e_demand,2030,163,12,12,0.02776265092048967
3901,e_demand,2030,163,13,13,0.02776265092048967
3902,e_demand,2030,163,14,14,0.02776265092048967
3903,e_demand,2030,163,15,15,0.02776265092048967
3904,e_demand,2030,163,16,16,0.02776265092048967
3905,e_demand,2030,163,17,17,0.02776265092048967
3906,e_demand,2030,163,18,18,0.02776265092048967
3907,e_demand,2030,163,19,19,0.02776265092048967
3908,e_demand,2030,163,20,20,0.02776265092048967
3909,e_demand,2030,163,21,21,0.02776265092048967
3910,e_demand,2030,163,22,22,0.02776265092048967
3911,e_demand,2030,163,23,23,0.02776265092048967
3912,e_demand,2030,163,24,24,0.02776265092048967
3913,e_demand,2030,164,1,1,0.029475364994278042
3914,e_demand,2030,164,2,2,0.029475364994278042
3915,e_demand,2030,164,3,3,0.029475364994278042
3916,e_demand,2030,164,4,4,0.029475364994278042
3917,e_demand,2030,164,5,5,0.029475364994278042
3918,e_demand,2030,164,6,6,0.029475364994278042
3919,e_demand,2030,164,7,7,0.029475364994278042
3920,e_demand,2030,164,8,8,0.029475364994278042
3921,e_demand,2030,164,9,9,0.029475364994278042
3922,e_demand,2030,164,10,10,0.0011790145997711216
3923,e_demand,2030,164,11,11,0.0011790145997711216
3924,e_demand,2030,164,12,12,0.0011790145997711216
3925,e_demand,2030,164,13,13,0.0011790145997711216
3926,e_demand,2030,164,14,14,0.0011790145997711216
3927,e_demand,2030,164,15,15,0.0011790145997711216
3928,e_demand,2030,164,16,16,0.0011790145997711216
3929,e_demand,2030,164,17,17,0.0011790145997711216
3930,e_demand,2030,164,18,18,0.029475364994278042
3931,e_demand,2030,164,19,19,0.029475364994278042
3932,e_demand,2030,164,20,20,0.029475364994278042
3933,e_demand,2030,164,21,21,0.029475364994278042
3934,e_demand,2030,164,22,22,0.029475364994278042
3935,e_demand,2030,164,23,23,0.029475364994278042
3936,e_demand,2030,164,24,24,0.029475364994278042
3937,e_demand,2030,165,1,1,0.025
3938,e_demand,2030,165,2,2,0.025
3939,e_demand,2030,165,3,3,0.025
3940,e_demand,2030,165,4,4,0.025
3941,e_demand,2030,165,5,5,0.025
3942,e_demand,2030,165,6,6,0.025
3943,e_demand,2030,165,7,7,0.025
3944,e_demand,2030,165,8,8,0.025
3945,e_demand,2030,165,9,9,0.025
3946,e_demand,2030,165,10,10,0.001
3947,e_demand,2030,165,11,11,0.001
3948,e_demand,2030,165,12,12,0.001
3949,e_demand,2030,165,13,13,0.001
3950,e_demand,2030,165,14,14,0.001
3951,e_demand,2030,165,15,15,0.001
3952,e_demand,2030,165,16,16,0.001
3953,e_demand,2030,165,17,17,0.025000000000000022
3954,e_demand,2030,165,18,18,0.025
3955,e_demand,2030,165,19,19,0.025
3956,e_demand,2030,165,20,20,0.025
3957,e_demand,2030,165,21,21,0.025
3958,e_demand,2030,165,22,22,0.025
3959,e_demand,2030,165,23,23,0.025
3960,e_demand,2030,165,24,24,0.025
3961,e_demand,2030,166,1,1,0.0011509987739463483
3962,e_demand,2030,166,2,2,0.0011509987739463483
3963,e_demand,2030,166,3,3,0.0011509987739463483
3964,e_demand,2030,166,4,4,0.0011509987739463483
3965,e_demand,2030,166,5,5,0.0011509987739463483
3966,e_demand,2030,166,6,6,0.0011509987739463483
3967,e_demand,2030,166,7,7,0.0011509987739463483
3968,e_demand,2030,166,8,8,0.0011509987739463483
3969,e_demand,2030,166,9,9,0.0011509987739463483
3970,e_demand,2030,166,10,10,0.0012753449018796104
3971,e_demand,2030,166,11,11,0.0012753449018796104
3972,e_demand,2030,166,12,12,0.0011509987739463483
3973,e_demand,2030,166,13,13,0.0011509987739463483
3974,e_demand,2030,166,14,14,0.0011509987739463483
3975,e_demand,2030,166,15,15,0.0011509987739463483
3976,e_demand,2030,166,16,16,0.0011509987739463483
3977,e_demand,2030,166,17,17,0.02877496934865871
3978,e_demand,2030,166,18,18,0.02877496934865871
3979,e_demand,2030,166,19,19,0.02877496934865871
3980,e_demand,2030,166,20,20,0.02877496934865871
3981,e_demand,2030,166,21,21,0.02877496934865871
3982,e_demand,2030,166,22,22,0.02877496934865873
3983,e_demand,2030,166,23,23,0.02877496934865871
3984,e_demand,2030,166,24,24,0.0011509987739463483
3985,e_demand,2030,167,1,1,0.025301843847652897
3986,e_demand,2030,167,2,2,0.025301843847652897
3987,e_demand,2030,167,3,3,0.025301843847652897
3988,e_demand,2030,167,4,4,0.025301843847652897
3989,e_demand,2030,167,5,5,0.025301843847652897
3990,e_demand,2030,167,6,6,0.025301843847652897
3991,e_demand,2030,167,7,7,0.025301843847652897
3992,e_demand,2030,167,8,8,0.025301843847652897
3993,e_demand,2030,167,9,9,0.025301843847652897
3994,e_demand,2030,167,10,10,0.025301843847652897
3995,e_demand,2030,167,11,11,0.025301843847652897
3996,e_demand,2030,167,12,12,0.025301843847652897
3997,e_demand,2030,167,13,13,0.025301843847652897
3998,e_demand,2030,167,14,14,0.025301843847652897
3999,e_demand,2030,167,15,15,0.025301843847652897
4000,e_demand,2030,167,16,16,0.025301843847652897
4001,e_demand,2030,167,17,17,0.025301843847652897
4002,e_demand,2030,167,18,18,0.025301843847652897
4003,e_demand,2030,167,19,19,0.025301843847652897
4004,e_demand,2030,167,20,20,0.025301843847652897
4005,e_demand,2030,167,21,21,0.025301843847652897
4006,e_demand,2030,167,22,22,0.025301843847652897
4007,e_demand,2030,167,23,23,0.025301843847652897
4008,e_demand,2030,167,24,24,0.025301843847652897
4009,e_demand,2030,168,1,1,0.048734741060878176
4010,e_demand,2030,168,2,2,0.048734741060878176
4011,e_demand,2030,168,3,3,0.048734741060878176
4012,e_demand,2030,168,4,4,0.048734741060878176
4013,e_demand,2030,168,5,5,0.048734741060878176
4014,e_demand,2030,168,6,6,0.048734741060878176
4015,e_demand,2030,168,7,7,0.048734741060878176
4016,e_demand,2030,168,8,8,0.048734741060878176
4017,e_demand,2030,168,9,9,0.048734741060878176
4018,e_demand,2030,168,10,10,0.048734741060878176
4019,e_demand,2030,168,11,11,0.048734741060878176
4020,e_demand,2030,168,12,12,0.04873474106087821
4021,e_demand,2030,168,13,13,0.04398310380744255
4022,e_demand,2030,168,14,14,0.001949389642435127
4023,e_demand,2030,168,15,15,0.048734741060878176
4024,e_demand,2030,168,16,16,0.048734741060878176
4025,e_demand,2030,168,17,17,0.048734741060878176
4026,e_demand,2030,168,18,18,0.048734741060878176
4027,e_demand,2030,168,19,19,0.048734741060878176
4028,e_demand,2030,168,20,20,0.048734741060878176
4029,e_demand,2030,168,21,21,0.048734741060878176
4030,e_demand,2030,168,22,22,0.048734741060878176
4031,e_demand,2030,168,23,23,0.048734741060878176
4032,e_demand,2030,168,24,24,0.048734741060878176
4033,e_demand,2030,169,1,1,0.028551310540827282
4034,e_demand,2030,169,2,2,0.028551310540827282
4035,e_demand,2030,169,3,3,0.028551310540827282
4036,e_demand,2030,169,4,4,0.028551310540827282
4037,e_demand,2030,169,5,5,0.028551310540827282
4038,e_demand,2030,169,6,6,0.028551310540827282
4039,e_demand,2030,169,7,7,0.028551310540827282
4040,e_demand,2030,169,8,8,0.028551310540827282
4041,e_demand,2030,169,9,9,0.028551310540827282
4042,e_demand,2030,169,10,10,0.028551310540827282
4043,e_demand,2030,169,11,11,0.028551310540827282
4044,e_demand,2030,169,12,12,0.0285513105408273
4045,e_demand,2030,169,13,13,0.0285513105408273
4046,e_demand,2030,169,14,14,0.0285513105408273
4047,e_demand,2030,169,15,15,0.0285513105408273
4048,e_demand,2030,169,16,16,0.028551310540827282
4049,e_demand,2030,169,17,17,0.028551310540827282
4050,e_demand,2030,169,18,18,0.028551310540827282
4051,e_demand,2030,169,19,19,0.028551310540827282
4052,e_demand,2030,169,20,20,0.028551310540827282
4053,e_demand,2030,169,21,21,0.028551310540827282
4054,e_demand,2030,169,22,22,0.028551310540827282
4055,e_demand,2030,169,23,23,0.028551310540827282
4056,e_demand,2030,169,24,24,0.028551310540827282
4057,e_demand,2030,170,1,1,0.025368719176605544
4058,e_demand,2030,170,2,2,0.025368719176605544
4059,e_demand,2030,170,3,3,0.025368719176605544
4060,e_demand,2030,170,4,4,0.025368719176605544
4061,e_demand,2030,170,5,5,0.025368719176605544
4062,e_demand,2030,170,6,6,0.025368719176605544
4063,e_demand,2030,170,7,7,0.025368719176605544
4064,e_demand,2030,170,8,8,0.025368719176605565
4065,e_demand,2030,170,9,9,0.0010147487670642216
4066,e_demand,2030,170,10,10,0.0010147487670642216
4067,e_demand,2030,170,11,11,0.0010147487670642216
4068,e_demand,2030,170,12,12,0.0010147487670642216
4069,e_demand,2030,170,13,13,0.0010147487670642216
4070,e_demand,2030,170,14,14,0.0010147487670642216
4071,e_demand,2030,170,15,15,0.0010147487670642216
4072,e_demand,2030,170,16,16,0.0010147487670642216
4073,e_demand,2030,170,17,17,0.0010147487670642216
4074,e_demand,2030,170,18,18,0.0010147487670642216
4075,e_demand,2030,170,19,19,0.0010147487670642216
4076,e_demand,2030,170,20,20,0.0010147487670642216
4077,e_demand,2030,170,21,21,0.0010147487670642216
4078,e_demand,2030,170,22,22,0.0010147487670642216
4079,e_demand,2030,170,23,23,0.0010147487670642216
4080,e_demand,2030,170,24,24,0.0010147487670642216
4081,e_demand,2030,171,1,1,0.0010221925196391478
4082,e_demand,2030,171,2,2,0.0010221925196391478
4083,e_demand,2030,171,3,3,0.0010221925196391478
4084,e_demand,2030,171,4,4,0.0010221925196391478
4085,e_demand,2030,171,5,5,0.0010221925196391478
4086,e_demand,2030,171,6,6,0.0010221925196391478
4087,e_demand,2030,171,7,7,0.0011326232904588895
4088,e_demand,2030,171,8,8,0.025554812990978695
4089,e_demand,2030,171,9,9,0.025554812990978715
4090,e_demand,2030,171,10,10,0.0010221925196391478
4091,e_demand,2030,171,11,11,0.0010221925196391478
4092,e_demand,2030,171,12,12,0.0010221925196391478
4093,e_demand,2030,171,13,13,0.0010221925196391478
4094,e_demand,2030,171,14,14,0.0010221925196391478
4095,e_demand,2030,171,15,15,0.0010221925196391478
4096,e_demand,2030,171,16,16,0.0010221925196391478
4097,e_demand,2030,171,17,17,0.0010221925196391478
4098,e_demand,2030,171,18,18,0.025554812990978695
4099,e_demand,2030,171,19,19,0.025554812990978695
4100,e_demand,2030,171,20,20,0.025554812990978695
4101,e_demand,2030,171,21,21,0.025554812990978695
4102,e_demand,2030,171,22,22,0.025554812990978695
4103,e_demand,2030,171,23,23,0.025554812990978695
4104,e_demand,2030,171,24,24,0.0010221925196391478
4105,e_demand,2030,172,1,1,0.11101936374092575
4106,e_demand,2030,172,2,2,0.11101936374092576
4107,e_demand,2030,172,3,3,0.11101936374092579
4108,e_demand,2030,172,4,4,0.11101936374092579
4109,e_demand,2030,172,5,5,0.11101936374092579
4110,e_demand,2030,172,6,6,0.11101936374092579
4111,e_demand,2030,172,7,7,0.11101936374092576
4112,e_demand,2030,172,8,8,0.11101936374092579
4113,e_demand,2030,172,9,9,0.11101936374092576
4114,e_demand,2030,172,10,10,0.11101936374092579
4115,e_demand,2030,172,11,11,0.11101936374092579
4116,e_demand,2030,172,12,12,0.1554271092372961
4117,e_demand,2030,172,13,13,0.1554271092372961
4118,e_demand,2030,172,14,14,0.1554271092372961
4119,e_demand,2030,172,15,15,0.1554271092372961
4120,e_demand,2030,172,16,16,0.1554271092372961
4121,e_demand,2030,172,17,17,0.1554271092372961
4122,e_demand,2030,172,18,18,0.1554271092372961
4123,e_demand,2030,172,19,19,0.1554271092372961
4124,e_demand,2030,172,20,20,0.1554271092372961
4125,e_demand,2030,172,21,21,0.1554271092372961
4126,e_demand,2030,172,22,22,0.1554271092372961
4127,e_demand,2030,172,23,23,0.11101936374092579
4128,e_demand,2030,172,24,24,0.11101936374092579
4129,e_demand,2030,173,1,1,0.029659084462046226
4130,e_demand,2030,173,2,2,0.029659084462046226
4131,e_demand,2030,173,3,3,0.029659084462046226
4132,e_demand,2030,173,4,4,0.029659084462046226
4133,e_demand,2030,173,5,5,0.029659084462046226
4134,e_demand,2030,173,6,6,0.029659084462046226
4135,e_demand,2030,173,7,7,0.029659084462046226
4136,e_demand,2030,173,8,8,0.029659084462046226
4137,e_demand,2030,173,9,9,0.029659084462046226
4138,e_demand,2030,173,10,10,0.029659084462046226
4139,e_demand,2030,173,11,11,0.029659084462046226
4140,e_demand,2030,173,12,12,0.029659084462046226
4141,e_demand,2030,173,13,13,0.0011863633784818491
4142,e_demand,2030,173,14,14,0.0011863633784818491
4143,e_demand,2030,173,15,15,0.0011863633784818491
4144,e_demand,2030,173,16,16,0.0011863633784818491
4145,e_demand,2030,173,17,17,0.0011863633784818491
4146,e_demand,2030,173,18,18,0.0011863633784818491
4147,e_demand,2030,173,19,19,0.029659084462046226
4148,e_demand,2030,173,20,20,0.029659084462046226
4149,e_demand,2030,173,21,21,0.029659084462046226
4150,e_demand,2030,173,22,22,0.029659084462046226
4151,e_demand,2030,173,23,23,0.029659084462046226
4152,e_demand,2030,173,24,24,0.029659084462046226
4153,e_demand,2030,174,1,1,0.02645224982875942
4154,e_demand,2030,174,2,2,0.02645224982875942
4155,e_demand,2030,174,3,3,0.02645224982875942
4156,e_demand,2030,174,4,4,0.02645224982875942
4157,e_demand,2030,174,5,5,0.02645224982875942
4158,e_demand,2030,174,6,6,0.02645224982875942
4159,e_demand,2030,174,7,7,0.02645224982875942
4160,e_demand,2030,174,8,8,0.02645224982875942
4161,e_demand,2030,174,9,9,0.02645224982875942
4162,e_demand,2030,174,10,10,0.02645224982875942
4163,e_demand,2030,174,11,11,0.02645224982875942
4164,e_demand,2030,174,12,12,0.02645224982875942
4165,e_demand,2030,174,13,13,0.023873155470455376
4166,e_demand,2030,174,14,14,0.0010580899931503767
4167,e_demand,2030,174,15,15,0.0010580899931503767
4168,e_demand,2030,174,16,16,0.023873155470455376
4169,e_demand,2030,174,17,17,0.02645224982875942
4170,e_demand,2030,174,18,18,0.02645224982875942
4171,e_demand,2030,174,19,19,0.02645224982875942
4172,e_demand,2030,174,20,20,0.02645224982875942
4173,e_demand,2030,174,21,21,0.02645224982875942
4174,e_demand,2030,174,22,22,0.02645224982875942
4175,e_demand,2030,174,23,23,0.02645224982875942
4176,e_demand,2030,174,24,24,0.02645224982875942
4177,e_demand,2030,175,1,1,0.029752646509516114
4178,e_demand,2030,175,2,2,0.029752646509516114
4179,e_demand,2030,175,3,3,0.029752646509516114
4180,e_demand,2030,175,4,4,0.029752646509516114
4181,e_demand,2030,175,5,5,0.029752646509516114
4182,e_demand,2030,175,6,6,0.029752646509516114
4183,e_demand,2030,175,7,7,0.029752646509516114
4184,e_demand,2030,175,8,8,0.029752646509516114
4185,e_demand,2030,175,9,9,0.029752646509516114
4186,e_demand,2030,175,10,10,0.029752646509516114
4187,e_demand,2030,175,11,11,0.029752646509516114
4188,e_demand,2030,175,12,12,0.029752646509516114
4189,e_demand,2030,175,13,13,0.029752646509516114
4190,e_demand,2030,175,14,14,0.029752646509516114
4191,e_demand,2030,175,15,15,0.029752646509516114
4192,e_demand,2030,175,16,16,0.029752646509516114
4193,e_demand,2030,175,17,17,0.029752646509516114
4194,e_demand,2030,175,18,18,0.029752646509516114
4195,e_demand,2030,175,19,19,0.029752646509516114
4196,e_demand,2030,175,20,20,0.029752646509516114
4197,e_demand,2030,175,21,21,0.029752646509516114
4198,e_demand,2030,175,22,22,0.029752646509516114
4199,e_demand,2030,175,23,23,0.029752646509516114
4200,e_demand,2030,175,24,24,0.029752646509516114
4201,e_demand,2030,176,1,1,0.026455680234654763
4202,e_demand,2030,176,2,2,0.026455680234654763
4203,e_demand,2030,176,3,3,0.026455680234654763
4204,e_demand,2030,176,4,4,0.026455680234654763
4205,e_demand,2030,176,5,5,0.026455680234654763
4206,e_demand,2030,176,6,6,0.026455680234654763
4207,e_demand,2030,176,7,7,0.026455680234654763
4208,e_demand,2030,176,8,8,0.026455680234654763
4209,e_demand,2030,176,9,9,0.026455680234654763
4210,e_demand,2030,176,10,10,0.026455680234654763
4211,e_demand,2030,176,11,11,0.0010582272093861904
4212,e_demand,2030,176,12,12,0.0010582272093861904
4213,e_demand,2030,176,13,13,0.0010582272093861904
4214,e_demand,2030,176,14,14,0.0010582272093861904
4215,e_demand,2030,176,15,15,0.0010582272093861904
4216,e_demand,2030,176,16,16,0.0010582272093861904
4217,e_demand,2030,176,17,17,0.0010582272093861904
4218,e_demand,2030,176,18,18,0.0010582272093861904
4219,e_demand,2030,176,19,19,0.026455680234654763
4220,e_demand,2030,176,20,20,0.026455680234654763
4221,e_demand,2030,176,21,21,0.026455680234654763
4222,e_demand,2030,176,22,22,0.026455680234654763
4223,e_demand,2030,176,23,23,0.026455680234654763
4224,e_demand,2030,176,24,24,0.026455680234654763
4225,e_demand,2030,177,1,1,0.025510445467935013
4226,e_demand,2030,177,2,2,0.025510445467935013
4227,e_demand,2030,177,3,3,0.025510445467935013
4228,e_demand,2030,177,4,4,0.025510445467935013
4229,e_demand,2030,177,5,5,0.025510445467935013
4230,e_demand,2030,177,6,6,0.025510445467935013
4231,e_demand,2030,177,7,7,0.025510445467935013
4232,e_demand,2030,177,8,8,0.025510445467935013
4233,e_demand,2030,177,9,9,0.025510445467935013
4234,e_demand,2030,177,10,10,0.025510445467935013
4235,e_demand,2030,177,11,11,0.025510445467935013
4236,e_demand,2030,177,12,12,0.025510445467935034
4237,e_demand,2030,177,13,13,0.0010204178187174005
4238,e_demand,2030,177,14,14,0.0010204178187174005
4239,e_demand,2030,177,15,15,0.0010204178187174005
4240,e_demand,2030,177,16,16,0.0010204178187174005
4241,e_demand,2030,177,17,17,0.025510445467935013
4242,e_demand,2030,177,18,18,0.025510445467935013
4243,e_demand,2030,177,19,19,0.025510445467935013
4244,e_demand,2030,177,20,20,0.025510445467935013
4245,e_demand,2030,177,21,21,0.025510445467935013
4246,e_demand,2030,177,22,22,0.025510445467935013
4247,e_demand,2030,177,23,23,0.025510445467935013
4248,e_demand,2030,177,24,24,0.025510445467935013
4249,e_demand,2030,178,1,1,0.025
4250,e_demand,2030,178,2,2,0.025
4251,e_demand,2030,178,3,3,0.025
4252,e_demand,2030,178,4,4,0.025
4253,e_demand,2030,178,5,5,0.025
4254,e_demand,2030,178,6,6,0.025
4255,e_demand,2030,178,7,7,0.025
4256,e_demand,2030,178,8,8,0.025
4257,e_demand,2030,178,9,9,0.025
4258,e_demand,2030,178,10,10,0.025
4259,e_demand,2030,178,11,11,0.025
4260,e_demand,2030,178,12,12,0.025000000000000022
4261,e_demand,2030,178,13,13,0.022562500000000003
4262,e_demand,2030,178,14,14,0.022562500000000003
4263,e_demand,2030,178,15,15,0.025
4264,e_demand,2030,178,16,16,0.025
4265,e_demand,2030,178,17,17,0.025
4266,e_demand,2030,178,18,18,0.025
4267,e_demand,2030,178,19,19,0.025
4268,e_demand,2030,178,20,20,0.025
4269,e_demand,2030,178,21,21,0.025
4270,e_demand,2030,178,22,22,0.025
4271,e_demand,2030,178,23,23,0.025
4272,e_demand,2030,178,24,24,0.025
4273,e_demand,2030,179,1,1,0.10870137478148734
4274,e_demand,2030,179,2,2,0.10870137478148734
4275,e_demand,2030,179,3,3,0.10870137478148734
4276,e_demand,2030,179,4,4,0.10870137478148734
4277,e_demand,2030,179,5,5,0.10870137478148734
4278,e_demand,2030,179,6,6,0.10870137478148734
4279,e_demand,2030,179,7,7,0.10870137478148734
4280,e_demand,2030,179,8,8,0.10870137478148734
4281,e_demand,2030,179,9,9,0.10870137478148734
4282,e_demand,2030,179,10,10,0.10870137478148734
4283,e_demand,2030,179,11,11,0.10870137478148734
4284,e_demand,2030,179,12,12,0.10870137478148734
4285,e_demand,2030,179,13,13,0.10870137478148734
4286,e_demand,2030,179,14,14,0.10870137478148734
4287,e_demand,2030,179,15,15,0.10870137478148734
4288,e_demand,2030,179,16,16,0.10870137478148734
4289,e_demand,2030,179,17,17,0.10870137478148734
4290,e_demand,2030,179,18,18,0.10870137478148734
4291,e_demand,2030,179,19,19,0.10870137478148734
4292,e_demand,2030,179,20,20,0.10870137478148735
4293,e_demand,2030,179,21,21,0.10870137478148734
4294,e_demand,2030,179,22,22,0.10870137478148734
4295,e_demand,2030,179,23,23,0.10870137478148734
4296,e_demand,2030,179,24,24,0.10870137478148734
4297,e_demand,2030,180,1,1,0.0275412296964234
4298,e_demand,2030,180,2,2,0.0275412296964234
4299,e_demand,2030,180,3,3,0.0275412296964234
4300,e_demand,2030,180,4,4,0.0275412296964234
4301,e_demand,2030,180,5,5,0.0275412296964234
4302,e_demand,2030,180,6,6,0.0275412296964234
4303,e_demand,2030,180,7,7,0.0275412296964234
4304,e_demand,2030,180,8,8,0.0275412296964234
4305,e_demand,2030,180,9,9,0.0275412296964234
4306,e_demand,2030,180,10,10,0.0275412296964234
4307,e_demand,2030,180,11,11,0.02754122969642342
4308,e_demand,2030,180,12,12,0.0011016491878569359
4309,e_demand,2030,180,13,13,0.0011016491878569359
4310,e_demand,2030,180,14,14,0.0011016491878569359
4311,e_demand,2030,180,15,15,0.0011016491878569359
4312,e_demand,2030,180,16,16,0.0011016491878569359
4313,e_demand,2030,180,17,17,0.0011016491878569359
4314,e_demand,2030,180,18,18,0.0275412296964234
4315,e_demand,2030,180,19,19,0.0275412296964234
4316,e_demand,2030,180,20,20,0.0275412296964234
4317,e_demand,2030,180,21,21,0.0275412296964234
4318,e_demand,2030,180,22,22,0.0275412296964234
4319,e_demand,2030,180,23,23,0.0275412296964234
4320,e_demand,2030,180,24,24,0.0275412296964234
4321,e_demand,2030,181,1,1,0.04876095231558103
4322,e_demand,2030,181,2,2,0.04876095231558103
4323,e_demand,2030,181,3,3,0.04876095231558103
4324,e_demand,2030,181,4,4,0.04876095231558103
4325,e_demand,2030,181,5,5,0.04876095231558103
4326,e_demand,2030,181,6,6,0.04876095231558103
4327,e_demand,2030,181,7,7,0.04876095231558103
4328,e_demand,2030,181,8,8,0.04876095231558103
4329,e_demand,2030,181,9,9,0.04876095231558103
4330,e_demand,2030,181,10,10,0.04876095231558103
4331,e_demand,2030,181,11,11,0.04876095231558103
4332,e_demand,2030,181,12,12,0.04876095231558103
4333,e_demand,2030,181,13,13,0.04876095231558103
4334,e_demand,2030,181,14,14,0.048760952315581044
4335,e_demand,2030,181,15,15,0.04876095231558103
4336,e_demand,2030,181,16,16,0.04876095231558103
4337,e_demand,2030,181,17,17,0.04876095231558103
4338,e_demand,2030,181,18,18,0.04876095231558103
4339,e_demand,2030,181,19,19,0.04876095231558103
4340,e_demand,2030,181,20,20,0.04876095231558103
4341,e_demand,2030,181,21,21,0.04876095231558103
4342,e_demand,2030,181,22,22,0.04876095231558103
4343,e_demand,2030,181,23,23,0.04876095231558103
4344,e_demand,2030,181,24,24,0.04876095231558103
4345,e_demand,2030,182,1,1,0.5008946651704592
4346,e_demand,2030,182,2,2,0.5008946651704592
4347,e_demand,2030,182,3,3,0.5008946651704592
4348,e_demand,2030,182,4,4,0.5008946651704592
4349,e_demand,2030,182,5,5,0.5008946651704592
4350,e_demand,2030,182,6,6,0.5008946651704592
4351,e_demand,2030,182,7,7,0.5008946651704592
4352,e_demand,2030,182,8,8,0.5008946651704592
4353,e_demand,2030,182,9,9,0.5008946651704592
4354,e_demand,2030,182,10,10,0.5008946651704592
4355,e_demand,2030,182,11,11,0.5008946651704592
4356,e_demand,2030,182,12,12,0.5008946651704592
4357,e_demand,2030,182,13,13,0.5008946651704592
4358,e_demand,2030,182,14,14,0.5008946651704592
4359,e_demand,2030,182,15,15,0.5008946651704592
4360,e_demand,2030,182,16,16,0.5008946651704592
4361,e_demand,2030,182,17,17,0.5008946651704592
4362,e_demand,2030,182,18,18,0.5008946651704592
4363,e_demand,2030,182,19,19,0.5008946651704592
4364,e_demand,2030,182,20,20,0.500894665170459
4365,e_demand,2030,182,21,21,0.5008946651704592
4366,e_demand,2030,182,22,22,0.5008946651704592
4367,e_demand,2030,182,23,23,0.5008946651704592
4368,e_demand,2030,182,24,24,0.5008946651704592
4369,e_demand,2030,183,1,1,0.029039272461575578
4370,e_demand,2030,183,2,2,0.029039272461575578
4371,e_demand,2030,183,3,3,0.029039272461575578
4372,e_demand,2030,183,4,4,0.029039272461575578
4373,e_demand,2030,183,5,5,0.029039272461575578
4374,e_demand,2030,183,6,6,0.029039272461575578
4375,e_demand,2030,183,7,7,0.029039272461575578
4376,e_demand,2030,183,8,8,0.029039272461575578
4377,e_demand,2030,183,9,9,0.029039272461575578
4378,e_demand,2030,183,10,10,0.029039272461575578
4379,e_demand,2030,183,11,11,0.029039272461575578
4380,e_demand,2030,183,12,12,0.029039272461575578
4381,e_demand,2030,183,13,13,0.029039272461575578
4382,e_demand,2030,183,14,14,0.0290392724615756
4383,e_demand,2030,183,15,15,0.029039272461575578
4384,e_demand,2030,183,16,16,0.029039272461575578
4385,e_demand,2030,183,17,17,0.029039272461575578
4386,e_demand,2030,183,18,18,0.029039272461575578
4387,e_demand,2030,183,19,19,0.029039272461575578
4388,e_demand,2030,183,20,20,0.029039272461575578
4389,e_demand,2030,183,21,21,0.029039272461575578
4390,e_demand,2030,183,22,22,0.029039272461575578
4391,e_demand,2030,183,23,23,0.029039272461575578
4392,e_demand,2030,183,24,24,0.029039272461575578
4393,e_demand,2030,184,1,1,0.02576406145049728
4394,e_demand,2030,184,2,2,0.02576406145049728
4395,e_demand,2030,184,3,3,0.02576406145049728
4396,e_demand,2030,184,4,4,0.02576406145049728
4397,e_demand,2030,184,5,5,0.02576406145049728
4398,e_demand,2030,184,6,6,0.02576406145049728
4399,e_demand,2030,184,7,7,0.02576406145049728
4400,e_demand,2030,184,8,8,0.02576406145049728
4401,e_demand,2030,184,9,9,0.02576406145049728
4402,e_demand,2030,184,10,10,0.02576406145049728
4403,e_demand,2030,184,11,11,0.0010305624580198912
4404,e_demand,2030,184,12,12,0.0010305624580198912
4405,e_demand,2030,184,13,13,0.0010305624580198912
4406,e_demand,2030,184,14,14,0.0010305624580198912
4407,e_demand,2030,184,15,15,0.0010305624580198912
4408,e_demand,2030,184,16,16,0.0010305624580198912
4409,e_demand,2030,184,17,17,0.0010305624580198912
4410,e_demand,2030,184,18,18,0.02576406145049728
4411,e_demand,2030,184,19,19,0.02576406145049728
4412,e_demand,2030,184,20,20,0.02576406145049728
4413,e_demand,2030,184,21,21,0.02576406145049728
4414,e_demand,2030,184,22,22,0.02576406145049728
4415,e_demand,2030,184,23,23,0.02576406145049728
4416,e_demand,2030,184,24,24,0.02576406145049728
4417,e_demand,2030,185,1,1,0.027023768030276923
4418,e_demand,2030,185,2,2,0.027023768030276923
4419,e_demand,2030,185,3,3,0.027023768030276923
4420,e_demand,2030,185,4,4,0.027023768030276923
4421,e_demand,2030,185,5,5,0.027023768030276923
4422,e_demand,2030,185,6,6,0.027023768030276923
4423,e_demand,2030,185,7,7,0.027023768030276923
4424,e_demand,2030,185,8,8,0.027023768030276923
4425,e_demand,2030,185,9,9,0.027023768030276923
4426,e_demand,2030,185,10,10,0.027023768030276923
4427,e_demand,2030,185,11,11,0.027023768030276923
4428,e_demand,2030,185,12,12,0.027023768030276923
4429,e_demand,2030,185,13,13,0.024388950647324922
4430,e_demand,2030,185,14,14,0.024388950647324922
4431,e_demand,2030,185,15,15,0.027023768030276923
4432,e_demand,2030,185,16,16,0.027023768030276923
4433,e_demand,2030,185,17,17,0.027023768030276923
4434,e_demand,2030,185,18,18,0.027023768030276923
4435,e_demand,2030,185,19,19,0.027023768030276923
4436,e_demand,2030,185,20,20,0.027023768030276923
4437,e_demand,2030,185,21,21,0.027023768030276923
4438,e_demand,2030,185,22,22,0.027023768030276923
4439,e_demand,2030,185,23,23,0.027023768030276923
4440,e_demand,2030,185,24,24,0.027023768030276923
4441,e_demand,2030,186,1,1,0.04159956322636859
4442,e_demand,2030,186,2,2,0.04159956322636859
4443,e_demand,2030,186,3,3,0.04159956322636859
4444,e_demand,2030,186,4,4,0.04159956322636859
4445,e_demand,2030,186,5,5,0.04159956322636859
4446,e_demand,2030,186,6,6,0.04159956322636861
4447,e_demand,2030,186,7,7,0.04159956322636861
4448,e_demand,2030,186,8,8,0.04159956322636859
4449,e_demand,2030,186,9,9,0.04159956322636859
4450,e_demand,2030,186,10,10,0.04159956322636859
4451,e_demand,2030,186,11,11,0.04159956322636859
4452,e_demand,2030,186,12,12,0.04159956322636859
4453,e_demand,2030,186,13,13,0.04159956322636859
4454,e_demand,2030,186,14,14,0.04159956322636859
4455,e_demand,2030,186,15,15,0.04159956322636859
4456,e_demand,2030,186,16,16,0.04159956322636859
4457,e_demand,2030,186,17,17,0.04159956322636859
4458,e_demand,2030,186,18,18,0.04159956322636861
4459,e_demand,2030,186,19,19,0.04609369886578237
4460,e_demand,2030,186,20,20,0.05823938851691603
4461,e_demand,2030,186,21,21,0.05823938851691603
4462,e_demand,2030,186,22,22,0.04609369886578237
4463,e_demand,2030,186,23,23,0.04159956322636861
4464,e_demand,2030,186,24,24,0.04159956322636861
4465,e_demand,2030,187,1,1,0.026636693147268842
4466,e_demand,2030,187,2,2,0.026636693147268842
4467,e_demand,2030,187,3,3,0.026636693147268842
4468,e_demand,2030,187,4,4,0.026636693147268842
4469,e_demand,2030,187,5,5,0.026636693147268842
4470,e_demand,2030,187,6,6,0.026636693147268842
4471,e_demand,2030,187,7,7,0.026636693147268842
4472,e_demand,2030,187,8,8,0.026636693147268842
4473,e_demand,2030,187,9,9,0.026636693147268842
4474,e_demand,2030,187,10,10,0.026636693147268842
4475,e_demand,2030,187,11,11,0.026636693147268842
4476,e_demand,2030,187,12,12,0.026636693147268842
4477,e_demand,2030,187,13,13,0.026636693147268842
4478,e_demand,2030,187,14,14,0.026636693147268842
4479,e_demand,2030,187,15,15,0.026636693147268842
4480,e_demand,2030,187,16,16,0.026636693147268842
4481,e_demand,2030,187,17,17,0.026636693147268842
4482,e_demand,2030,187,18,18,0.026636693147268842
4483,e_demand,2030,187,19,19,0.026636693147268867
4484,e_demand,2030,187,20,20,0.026636693147268842
4485,e_demand,2030,187,21,21,0.026636693147268842
4486,e_demand,2030,187,22,22,0.026636693147268842
4487,e_demand,2030,187,23,23,0.026636693147268842
4488,e_demand,2030,187,24,24,0.026636693147268842
4489,e_demand,2030,188,1,1,0.041482930864231826
4490,e_demand,2030,188,2,2,0.041482930864231826
4491,e_demand,2030,188,3,3,0.041482930864231826
4492,e_demand,2030,188,4,4,0.041482930864231826
4493,e_demand,2030,188,5,5,0.041482930864231826
4494,e_demand,2030,188,6,6,0.041482930864231826
4495,e_demand,2030,188,7,7,0.041482930864231826
4496,e_demand,2030,188,8,8,0.041482930864231826
4497,e_demand,2030,188,9,9,0.041482930864231826
4498,e_demand,2030,188,10,10,0.041482930864231826
4499,e_demand,2030,188,11,11,0.041482930864231826
4500,e_demand,2030,188,12,12,0.041482930864231826
4501,e_demand,2030,188,13,13,0.041482930864231826
4502,e_demand,2030,188,14,14,0.041482930864231826
4503,e_demand,2030,188,15,15,0.041482930864231826
4504,e_demand,2030,188,16,16,0.041482930864231826
4505,e_demand,2030,188,17,17,0.041482930864231826
4506,e_demand,2030,188,18,18,0.041482930864231826
4507,e_demand,2030,188,19,19,0.041482930864231826
4508,e_demand,2030,188,20,20,0.041482930864231826
4509,e_demand,2030,188,21,21,0.041482930864231826
4510,e_demand,2030,188,22,22,0.041482930864231826
4511,e_demand,2030,188,23,23,0.041482930864231826
4512,e_demand,2030,188,24,24,0.041482930864231826
4513,e_demand,2030,189,1,1,0.050277266321170556
4514,e_demand,2030,189,2,2,0.050277266321170556
4515,e_demand,2030,189,3,3,0.050277266321170556
4516,e_demand,2030,189,4,4,0.050277266321170556
4517,e_demand,2030,189,5,5,0.050277266321170556
4518,e_demand,2030,189,6,6,0.050277266321170556
4519,e_demand,2030,189,7,7,0.050277266321170556
4520,e_demand,2030,189,8,8,0.050277266321170556
4521,e_demand,2030,189,9,9,0.050277266321170556
4522,e_demand,2030,189,10,10,0.050277266321170556
4523,e_demand,2030,189,11,11,0.050277266321170556
4524,e_demand,2030,189,12,12,0.050277266321170556
4525,e_demand,2030,189,13,13,0.050277266321170556
4526,e_demand,2030,189,14,14,0.050277266321170556
4527,e_demand,2030,189,15,15,0.050277266321170556
4528,e_demand,2030,189,16,16,0.050277266321170556
4529,e_demand,2030,189,17,17,0.050277266321170556
4530,e_demand,2030,189,18,18,0.050277266321170556
4531,e_demand,2030,189,19,19,0.050277266321170556
4532,e_demand,2030,189,20,20,0.05027726632117055
4533,e_demand,2030,189,21,21,0.05027726632117055
4534,e_demand,2030,189,22,22,0.050277266321170556
4535,e_demand,2030,189,23,23,0.050277266321170556
4536,e_demand,2030,189,24,24,0.050277266321170556
4537,e_demand,2030,190,1,1,0.030401054089131643
4538,e_demand,2030,190,2,2,0.030401054089131643
4539,e_demand,2030,190,3,3,0.030401054089131643
4540,e_demand,2030,190,4,4,0.030401054089131643
4541,e_demand,2030,190,5,5,0.030401054089131643
4542,e_demand,2030,190,6,6,0.030401054089131643
4543,e_demand,2030,190,7,7,0.030401054089131643
4544,e_demand,2030,190,8,8,0.030401054089131643
4545,e_demand,2030,190,9,9,0.030401054089131643
4546,e_demand,2030,190,10,10,0.030401054089131643
4547,e_demand,2030,190,11,11,0.030401054089131643
4548,e_demand,2030,190,12,12,0.030401054089131643
4549,e_demand,2030,190,13,13,0.030401054089131643
4550,e_demand,2030,190,14,14,0.030401054089131643
4551,e_demand,2030,190,15,15,0.030401054089131643
4552,e_demand,2030,190,16,16,0.030401054089131643
4553,e_demand,2030,190,17,17,0.030401054089131643
4554,e_demand,2030,190,18,18,0.030401054089131643
4555,e_demand,2030,190,19,19,0.030401054089131643
4556,e_demand,2030,190,20,20,0.0425614757247843
4557,e_demand,2030,190,21,21,0.03368537849211262
4558,e_demand,2030,190,22,22,0.030401054089131643
4559,e_demand,2030,190,23,23,0.030401054089131643
4560,e_demand,2030,190,24,24,0.030401054089131643
4561,e_demand,2030,191,1,1,0.13396582269912186
4562,e_demand,2030,191,2,2,0.13396582269912186
4563,e_demand,2030,191,3,3,0.13396582269912186
4564,e_demand,2030,191,4,4,0.13396582269912186
4565,e_demand,2030,191,5,5,0.13396582269912186
4566,e_demand,2030,191,6,6,0.13396582269912186
4567,e_demand,2030,191,7,7,0.13396582269912186
4568,e_demand,2030,191,8,8,0.13396582269912186
4569,e_demand,2030,191,9,9,0.13396582269912186
4570,e_demand,2030,191,10,10,0.13396582269912186
4571,e_demand,2030,191,11,11,0.13396582269912186
4572,e_demand,2030,191,12,12,0.13396582269912186
4573,e_demand,2030,191,13,13,0.13396582269912186
4574,e_demand,2030,191,14,14,0.13396582269912186
4575,e_demand,2030,191,15,15,0.13396582269912186
4576,e_demand,2030,191,16,16,0.13396582269912186
4577,e_demand,2030,191,17,17,0.13396582269912186
4578,e_demand,2030,191,18,18,0.13396582269912186
4579,e_demand,2030,191,19,19,0.13396582269912186
4580,e_demand,2030,191,20,20,0.13396582269912186
4581,e_demand,2030,191,21,21,0.13396582269912186
4582,e_demand,2030,191,22,22,0.13396582269912186
4583,e_demand,2030,191,23,23,0.13396582269912186
4584,e_demand,2030,191,24,24,0.13396582269912186
4585,e_demand,2030,192,1,1,0.028093145762632832
4586,e_demand,2030,192,2,2,0.028093145762632832
4587,e_demand,2030,192,3,3,0.028093145762632832
4588,e_demand,2030,192,4,4,0.028093145762632832
4589,e_demand,2030,192,5,5,0.028093145762632832
4590,e_demand,2030,192,6,6,0.028093145762632832
4591,e_demand,2030,192,7,7,0.028093145762632832
4592,e_demand,2030,192,8,8,0.028093145762632832
4593,e_demand,2030,192,9,9,0.028093145762632832
4594,e_demand,2030,192,10,10,0.028093145762632832
4595,e_demand,2030,192,11,11,0.028093145762632832
4596,e_demand,2030,192,12,12,0.028093145762632832
4597,e_demand,2030,192,13,13,0.028093145762632832
4598,e_demand,2030,192,14,14,0.028093145762632832
4599,e_demand,2030,192,15,15,0.028093145762632832
4600,e_demand,2030,192,16,16,0.028093145762632832
4601,e_demand,2030,192,17,17,0.028093145762632832
4602,e_demand,2030,192,18,18,0.028093145762632832
4603,e_demand,2030,192,19,19,0.028093145762632832
4604,e_demand,2030,192,20,20,0.028093145762632832
4605,e_demand,2030,192,21,21,0.028093145762632832
4606,e_demand,2030,192,22,22,0.028093145762632832
4607,e_demand,2030,192,23,23,0.028093145762632832
4608,e_demand,2030,192,24,24,0.028093145762632832
4609,e_demand,2030,193,1,1,0.027574432400772755
4610,e_demand,2030,193,2,2,0.027574432400772755
4611,e_demand,2030,193,3,3,0.027574432400772755
4612,e_demand,2030,193,4,4,0.027574432400772755
4613,e_demand,2030,193,5,5,0.027574432400772755
4614,e_demand,2030,193,6,6,0.027574432400772755
4615,e_demand,2030,193,7,7,0.027574432400772755
4616,e_demand,2030,193,8,8,0.027574432400772755
4617,e_demand,2030,193,9,9,0.027574432400772755
4618,e_demand,2030,193,10,10,0.027574432400772755
4619,e_demand,2030,193,11,11,0.00110297729603091
4620,e_demand,2030,193,12,12,0.00110297729603091
4621,e_demand,2030,193,13,13,0.00110297729603091
4622,e_demand,2030,193,14,14,0.00110297729603091
4623,e_demand,2030,193,15,15,0.00110297729603091
4624,e_demand,2030,193,16,16,0.00110297729603091
4625,e_demand,2030,193,17,17,0.00110297729603091
4626,e_demand,2030,193,18,18,0.02757443240077278
4627,e_demand,2030,193,19,19,0.027574432400772755
4628,e_demand,2030,193,20,20,0.027574432400772755
4629,e_demand,2030,193,21,21,0.027574432400772755
4630,e_demand,2030,193,22,22,0.027574432400772755
4631,e_demand,2030,193,23,23,0.027574432400772755
4632,e_demand,2030,193,24,24,0.02757443240077278
4633,e_demand,2030,194,1,1,0.025
4634,e_demand,2030,194,2,2,0.025
4635,e_demand,2030,194,3,3,0.025
4636,e_demand,2030,194,4,4,0.025
4637,e_demand,2030,194,5,5,0.025
4638,e_demand,2030,194,6,6,0.025
4639,e_demand,2030,194,7,7,0.025
4640,e_demand,2030,194,8,8,0.025
4641,e_demand,2030,194,9,9,0.025
4642,e_demand,2030,194,10,10,0.025
4643,e_demand,2030,194,11,11,0.025
4644,e_demand,2030,194,12,12,0.025000000000000022
4645,e_demand,2030,194,13,13,0.025
4646,e_demand,2030,194,14,14,0.025000000000000022
4647,e_demand,2030,194,15,15,0.025
4648,e_demand,2030,194,16,16,0.025
4649,e_demand,2030,194,17,17,0.025
4650,e_demand,2030,194,18,18,0.025
4651,e_demand,2030,194,19,19,0.025
4652,e_demand,2030,194,20,20,0.025
4653,e_demand,2030,194,21,21,0.025
4654,e_demand,2030,194,22,22,0.025
4655,e_demand,2030,194,23,23,0.025
4656,e_demand,2030,194,24,24,0.025
4657,e_demand,2030,195,1,1,0.04749808740957993
4658,e_demand,2030,195,2,2,0.04749808740957993
4659,e_demand,2030,195,3,3,0.04749808740957993
4660,e_demand,2030,195,4,4,0.04749808740957993
4661,e_demand,2030,195,5,5,0.04749808740957993
4662,e_demand,2030,195,6,6,0.04749808740957993
4663,e_demand,2030,195,7,7,0.04749808740957993
4664,e_demand,2030,195,8,8,0.04749808740957993
4665,e_demand,2030,195,9,9,0.04749808740957993
4666,e_demand,2030,195,10,10,0.04749808740957993
4667,e_demand,2030,195,11,11,0.04749808740957993
4668,e_demand,2030,195,12,12,0.04749808740957993
4669,e_demand,2030,195,13,13,0.04749808740957993
4670,e_demand,2030,195,14,14,0.04749808740957993
4671,e_demand,2030,195,15,15,0.04749808740957993
4672,e_demand,2030,195,16,16,0.04749808740957993
4673,e_demand,2030,195,17,17,0.04749808740957993
4674,e_demand,2030,195,18,18,0.04749808740957993
4675,e_demand,2030,195,19,19,0.04749808740957993
4676,e_demand,2030,195,20,20,0.04749808740957993
4677,e_demand,2030,195,21,21,0.04749808740957993
4678,e_demand,2030,195,22,22,0.04749808740957993
4679,e_demand,2030,195,23,23,0.04749808740957993
4680,e_demand,2030,195,24,24,0.04749808740957993
4681,e_demand,2030,196,1,1,0.026453735756885668
4682,e_demand,2030,196,2,2,0.026453735756885668
4683,e_demand,2030,196,3,3,0.026453735756885668
4684,e_demand,2030,196,4,4,0.026453735756885668
4685,e_demand,2030,196,5,5,0.026453735756885668
4686,e_demand,2030,196,6,6,0.026453735756885668
4687,e_demand,2030,196,7,7,0.026453735756885668
4688,e_demand,2030,196,8,8,0.026453735756885668
4689,e_demand,2030,196,9,9,0.026453735756885668
4690,e_demand,2030,196,10,10,0.026453735756885668
4691,e_demand,2030,196,11,11,0.026453735756885668
4692,e_demand,2030,196,12,12,0.023874496520589313
4693,e_demand,2030,196,13,13,0.0010581494302754266
4694,e_demand,2030,196,14,14,0.0010581494302754266
4695,e_demand,2030,196,15,15,0.0010581494302754266
4696,e_demand,2030,196,16,16,0.026453735756885668
4697,e_demand,2030,196,17,17,0.026453735756885668
4698,e_demand,2030,196,18,18,0.026453735756885668
4699,e_demand,2030,196,19,19,0.026453735756885668
4700,e_demand,2030,196,20,20,0.026453735756885668
4701,e_demand,2030,196,21,21,0.026453735756885668
4702,e_demand,2030,196,22,22,0.026453735756885668
4703,e_demand,2030,196,23,23,0.026453735756885668
4704,e_demand,2030,196,24,24,0.026453735756885668
4705,e_demand,2030,197,1,1,0.02565903607806613
4706,e_demand,2030,197,2,2,0.02565903607806613
4707,e_demand,2030,197,3,3,0.02565903607806613
4708,e_demand,2030,197,4,4,0.02565903607806613
4709,e_demand,2030,197,5,5,0.02565903607806613
4710,e_demand,2030,197,6,6,0.02565903607806613
4711,e_demand,2030,197,7,7,0.02565903607806613
4712,e_demand,2030,197,8,8,0.02565903607806613
4713,e_demand,2030,197,9,9,0.02565903607806613
4714,e_demand,2030,197,10,10,0.02565903607806613
4715,e_demand,2030,197,11,11,0.02565903607806615
4716,e_demand,2030,197,12,12,0.02565903607806613
4717,e_demand,2030,197,13,13,0.023157280060454682
4718,e_demand,2030,197,14,14,0.023157280060454682
4719,e_demand,2030,197,15,15,0.02565903607806615
4720,e_demand,2030,197,16,16,0.02565903607806613
4721,e_demand,2030,197,17,17,0.02565903607806613
4722,e_demand,2030,197,18,18,0.02565903607806613
4723,e_demand,2030,197,19,19,0.02565903607806613
4724,e_demand,2030,197,20,20,0.02565903607806613
4725,e_demand,2030,197,21,21,0.02565903607806613
4726,e_demand,2030,197,22,22,0.02565903607806613
4727,e_demand,2030,197,23,23,0.02565903607806613
4728,e_demand,2030,197,24,24,0.02565903607806613
4729,e_demand,2030,198,1,1,0.02847056450602403
4730,e_demand,2030,198,2,2,0.02847056450602403
4731,e_demand,2030,198,3,3,0.02847056450602403
4732,e_demand,2030,198,4,4,0.02847056450602403
4733,e_demand,2030,198,5,5,0.02847056450602403
4734,e_demand,2030,198,6,6,0.02847056450602403
4735,e_demand,2030,198,7,7,0.02847056450602403
4736,e_demand,2030,198,8,8,0.02847056450602403
4737,e_demand,2030,198,9,9,0.02847056450602403
4738,e_demand,2030,198,10,10,0.02847056450602403
4739,e_demand,2030,198,11,11,0.02847056450602403
4740,e_demand,2030,198,12,12,0.02847056450602403
4741,e_demand,2030,198,13,13,0.02847056450602403
4742,e_demand,2030,198,14,14,0.02847056450602403
4743,e_demand,2030,198,15,15,0.02847056450602403
4744,e_demand,2030,198,16,16,0.02847056450602403
4745,e_demand,2030,198,17,17,0.02847056450602403
4746,e_demand,2030,198,18,18,0.02847056450602403
4747,e_demand,2030,198,19,19,0.02847056450602403
4748,e_demand,2030,198,20,20,0.02847056450602403
4749,e_demand,2030,198,21,21,0.02847056450602403
4750,e_demand,2030,198,22,22,0.02847056450602403
4751,e_demand,2030,198,23,23,0.02847056450602403
4752,e_demand,2030,198,24,24,0.02847056450602403
4753,e_demand,2030,199,1,1,0.07308353407257132
4754,e_demand,2030,199,2,2,0.07308353407257132
4755,e_demand,2030,199,3,3,0.07308353407257132
4756,e_demand,2030,199,4,4,0.07308353407257132
4757,e_demand,2030,199,5,5,0.07308353407257132
4758,e_demand,2030,199,6,6,0.07308353407257132
4759,e_demand,2030,199,7,7,0.07308353407257132
4760,e_demand,2030,199,8,8,0.07308353407257132
4761,e_demand,2030,199,9,9,0.07308353407257132
4762,e_demand,2030,199,10,10,0.07308353407257132
4763,e_demand,2030,199,11,11,0.07308353407257132
4764,e_demand,2030,199,12,12,0.0029233413629028526
4765,e_demand,2030,199,13,13,0.0029233413629028526
4766,e_demand,2030,199,14,14,0.0029233413629028526
4767,e_demand,2030,199,15,15,0.0029233413629028526
4768,e_demand,2030,199,16,16,0.0029233413629028526
4769,e_demand,2030,199,17,17,0.0029233413629028526
4770,e_demand,2030,199,18,18,0.07308353407257132
4771,e_demand,2030,199,19,19,0.07308353407257132
4772,e_demand,2030,199,20,20,0.07308353407257132
4773,e_demand,2030,199,21,21,0.07308353407257132
4774,e_demand,2030,199,22,22,0.07308353407257132
4775,e_demand,2030,199,23,23,0.07308353407257132
4776,e_demand,2030,199,24,24,0.07308353407257132
4777,e_demand,2030,200,1,1,0.04115806496416616
4778,e_demand,2030,200,2,2,0.04115806496416616
4779,e_demand,2030,200,3,3,0.04115806496416616
4780,e_demand,2030,200,4,4,0.04115806496416616
4781,e_demand,2030,200,5,5,0.04115806496416616
4782,e_demand,2030,200,6,6,0.04115806496416616
4783,e_demand,2030,200,7,7,0.04115806496416616
4784,e_demand,2030,200,8,8,0.04115806496416616
4785,e_demand,2030,200,9,9,0.04115806496416616
4786,e_demand,2030,200,10,10,0.04115806496416616
4787,e_demand,2030,200,11,11,0.04115806496416616
4788,e_demand,2030,200,12,12,0.04115806496416616
4789,e_demand,2030,200,13,13,0.04115806496416616
4790,e_demand,2030,200,14,14,0.04115806496416616
4791,e_demand,2030,200,15,15,0.04115806496416616
4792,e_demand,2030,200,16,16,0.04115806496416616
4793,e_demand,2030,200,17,17,0.04115806496416616
4794,e_demand,2030,200,18,18,0.04115806496416616
4795,e_demand,2030,200,19,19,0.04115806496416616
4796,e_demand,2030,200,20,20,0.04115806496416616
4797,e_demand,2030,200,21,21,0.04560450411541956
4798,e_demand,2030,200,22,22,0.04115806496416616
4799,e_demand,2030,200,23,23,0.04115806496416616
4800,e_demand,2030,200,24,24,0.04115806496416616
4801,e_demand,2030,201,1,1,0.04446480241643243
4802,e_demand,2030,201,2,2,0.04446480241643243
4803,e_demand,2030,201,3,3,0.04446480241643243
4804,e_demand,2030,201,4,4,0.04446480241643243
4805,e_demand,2030,201,5,5,0.04446480241643243
4806,e_demand,2030,201,6,6,0.04446480241643243
4807,e_demand,2030,201,7,7,0.04446480241643243
4808,e_demand,2030,201,8,8,0.04446480241643243
4809,e_demand,2030,201,9,9,0.04446480241643243
4810,e_demand,2030,201,10,10,0.04446480241643243
4811,e_demand,2030,201,11,11,0.04446480241643243
4812,e_demand,2030,201,12,12,0.04446480241643243
4813,e_demand,2030,201,13,13,0.04446480241643243
4814,e_demand,2030,201,14,14,0.04446480241643246
4815,e_demand,2030,201,15,15,0.04446480241643246
4816,e_demand,2030,201,16,16,0.04446480241643243
4817,e_demand,2030,201,17,17,0.04446480241643243
4818,e_demand,2030,201,18,18,0.04446480241643243
4819,e_demand,2030,201,19,19,0.04446480241643243
4820,e_demand,2030,201,20,20,0.04446480241643243
4821,e_demand,2030,201,21,21,0.04446480241643243
4822,e_demand,2030,201,22,22,0.04446480241643243
4823,e_demand,2030,201,23,23,0.04446480241643243
4824,e_demand,2030,201,24,24,0.04446480241643243
4825,e_demand,2030,202,1,1,0.04515049523133603
4826,e_demand,2030,202,2,2,0.04515049523133603
4827,e_demand,2030,202,3,3,0.04515049523133603
4828,e_demand,2030,202,4,4,0.04515049523133603
4829,e_demand,2030,202,5,5,0.04515049523133603
4830,e_demand,2030,202,6,6,0.04515049523133603
4831,e_demand,2030,202,7,7,0.04515049523133603
4832,e_demand,2030,202,8,8,0.045150495231336046
4833,e_demand,2030,202,9,9,0.04515049523133603
4834,e_demand,2030,202,10,10,0.04515049523133603
4835,e_demand,2030,202,11,11,0.04515049523133603
4836,e_demand,2030,202,12,12,0.04515049523133603
4837,e_demand,2030,202,13,13,0.04515049523133603
4838,e_demand,2030,202,14,14,0.04515049523133603
4839,e_demand,2030,202,15,15,0.04515049523133603
4840,e_demand,2030,202,16,16,0.04515049523133603
4841,e_demand,2030,202,17,17,0.04515049523133603
4842,e_demand,2030,202,18,18,0.04515049523133603
4843,e_demand,2030,202,19,19,0.045150495231336046
4844,e_demand,2030,202,20,20,0.045150495231336046
4845,e_demand,2030,202,21,21,0.04515049523133603
4846,e_demand,2030,202,22,22,0.04515049523133603
4847,e_demand,2030,202,23,23,0.04515049523133603
4848,e_demand,2030,202,24,24,0.04515049523133603
4849,e_demand,2030,203,1,1,0.025520561770996604
4850,e_demand,2030,203,2,2,0.025520561770996604
4851,e_demand,2030,203,3,3,0.025520561770996604
4852,e_demand,2030,203,4,4,0.025520561770996604
4853,e_demand,2030,203,5,5,0.025520561770996604
4854,e_demand,2030,203,6,6,0.025520561770996604
4855,e_demand,2030,203,7,7,0.025520561770996604
4856,e_demand,2030,203,8,8,0.025520561770996604
4857,e_demand,2030,203,9,9,0.025520561770996604
4858,e_demand,2030,203,10,10,0.001020822470839864
4859,e_demand,2030,203,11,11,0.001020822470839864
4860,e_demand,2030,203,12,12,0.001020822470839864
4861,e_demand,2030,203,13,13,0.001020822470839864
4862,e_demand,2030,203,14,14,0.001020822470839864
4863,e_demand,2030,203,15,15,0.001020822470839864
4864,e_demand,2030,203,16,16,0.025520561770996604
4865,e_demand,2030,203,17,17,0.025520561770996604
4866,e_demand,2030,203,18,18,0.025520561770996604
4867,e_demand,2030,203,19,19,0.025520561770996604
4868,e_demand,2030,203,20,20,0.025520561770996604
4869,e_demand,2030,203,21,21,0.025520561770996604
4870,e_demand,2030,203,22,22,0.025520561770996604
4871,e_demand,2030,203,23,23,0.025520561770996604
4872,e_demand,2030,203,24,24,0.025520561770996604
4873,e_demand,2030,204,1,1,0.036362455316088595
4874,e_demand,2030,204,2,2,0.036362455316088595
4875,e_demand,2030,204,3,3,0.036362455316088595
4876,e_demand,2030,204,4,4,0.036362455316088595
4877,e_demand,2030,204,5,5,0.036362455316088595
4878,e_demand,2030,204,6,6,0.036362455316088615
4879,e_demand,2030,204,7,7,0.036362455316088615
4880,e_demand,2030,204,8,8,0.036362455316088595
4881,e_demand,2030,204,9,9,0.036362455316088595
4882,e_demand,2030,204,10,10,0.036362455316088595
4883,e_demand,2030,204,11,11,0.036362455316088595
4884,e_demand,2030,204,12,12,0.036362455316088595
4885,e_demand,2030,204,13,13,0.036362455316088595
4886,e_demand,2030,204,14,14,0.036362455316088595
4887,e_demand,2030,204,15,15,0.036362455316088595
4888,e_demand,2030,204,16,16,0.036362455316088595
4889,e_demand,2030,204,17,17,0.036362455316088595
4890,e_demand,2030,204,18,18,0.036362455316088595
4891,e_demand,2030,204,19,19,0.036362455316088615
4892,e_demand,2030,204,20,20,0.0402908092145026
4893,e_demand,2030,204,21,21,0.0402908092145026
4894,e_demand,2030,204,22,22,0.03636245531608861
4895,e_demand,2030,204,23,23,0.03636245531608861
4896,e_demand,2030,204,24,24,0.036362455316088595
4897,e_demand,2030,205,1,1,0.029058735518495873
4898,e_demand,2030,205,2,2,0.029058735518495873
4899,e_demand,2030,205,3,3,0.029058735518495873
4900,e_demand,2030,205,4,4,0.029058735518495873
4901,e_demand,2030,205,5,5,0.029058735518495873
4902,e_demand,2030,205,6,6,0.029058735518495873
4903,e_demand,2030,205,7,7,0.029058735518495873
4904,e_demand,2030,205,8,8,0.029058735518495873
4905,e_demand,2030,205,9,9,0.029058735518495873
4906,e_demand,2030,205,10,10,0.029058735518495873
4907,e_demand,2030,205,11,11,0.029058735518495873
4908,e_demand,2030,205,12,12,0.029058735518495873
4909,e_demand,2030,205,13,13,0.001162349420739835
4910,e_demand,2030,205,14,14,0.001162349420739835
4911,e_demand,2030,205,15,15,0.001162349420739835
4912,e_demand,2030,205,16,16,0.001162349420739835
4913,e_demand,2030,205,17,17,0.029058735518495873
4914,e_demand,2030,205,18,18,0.029058735518495873
4915,e_demand,2030,205,19,19,0.029058735518495873
4916,e_demand,2030,205,20,20,0.029058735518495873
4917,e_demand,2030,205,21,21,0.029058735518495873
4918,e_demand,2030,205,22,22,0.029058735518495873
4919,e_demand,2030,205,23,23,0.029058735518495873
4920,e_demand,2030,205,24,24,0.029058735518495873
4921,e_demand,2030,206,1,1,0.001
4922,e_demand,2030,206,2,2,0.001
4923,e_demand,2030,206,3,3,0.001
4924,e_demand,2030,206,4,4,0.001
4925,e_demand,2030,206,5,5,0.001
4926,e_demand,2030,206,6,6,0.001
4927,e_demand,2030,206,7,7,0.001
4928,e_demand,2030,206,8,8,0.001
4929,e_demand,2030,206,9,9,0.0011080332409972298
4930,e_demand,2030,206,10,10,0.001
4931,e_demand,2030,206,11,11,0.001
4932,e_demand,2030,206,12,12,0.001
4933,e_demand,2030,206,13,13,0.001
4934,e_demand,2030,206,14,14,0.001
4935,e_demand,2030,206,15,15,0.001
4936,e_demand,2030,206,16,16,0.001
4937,e_demand,2030,206,17,17,0.001
4938,e_demand,2030,206,18,18,0.001
4939,e_demand,2030,206,19,19,0.0011080332409972298
4940,e_demand,2030,206,20,20,0.0011080332409972298
4941,e_demand,2030,206,21,21,0.0011080332409972298
4942,e_demand,2030,206,22,22,0.0011080332409972298
4943,e_demand,2030,206,23,23,0.001
4944,e_demand,2030,206,24,24,0.001
4945,e_demand,2030,207,1,1,0.02573545157674988
4946,e_demand,2030,207,2,2,0.02573545157674988
4947,e_demand,2030,207,3,3,0.02573545157674988
4948,e_demand,2030,207,4,4,0.02573545157674988
4949,e_demand,2030,207,5,5,0.02573545157674988
4950,e_demand,2030,207,6,6,0.02573545157674988
4951,e_demand,2030,207,7,7,0.02573545157674988
4952,e_demand,2030,207,8,8,0.02573545157674988
4953,e_demand,2030,207,9,9,0.02573545157674988
4954,e_demand,2030,207,10,10,0.02573545157674988
4955,e_demand,2030,207,11,11,0.02573545157674988
4956,e_demand,2030,207,12,12,0.02573545157674988
4957,e_demand,2030,207,13,13,0.02573545157674988
4958,e_demand,2030,207,14,14,0.02573545157674988
4959,e_demand,2030,207,15,15,0.02573545157674988
4960,e_demand,2030,207,16,16,0.02573545157674988
4961,e_demand,2030,207,17,17,0.02573545157674988
4962,e_demand,2030,207,18,18,0.02573545157674988
4963,e_demand,2030,207,19,19,0.02573545157674988
4964,e_demand,2030,207,20,20,0.02573545157674988
4965,e_demand,2030,207,21,21,0.02573545157674988
4966,e_demand,2030,207,22,22,0.02573545157674988
4967,e_demand,2030,207,23,23,0.02573545157674988
4968,e_demand,2030,207,24,24,0.02573545157674988
4969,e_demand,2030,208,1,1,0.02868137066153908
4970,e_demand,2030,208,2,2,0.02868137066153908
4971,e_demand,2030,208,3,3,0.02868137066153908
4972,e_demand,2030,208,4,4,0.02868137066153908
4973,e_demand,2030,208,5,5,0.02868137066153908
4974,e_demand,2030,208,6,6,0.02868137066153908
4975,e_demand,2030,208,7,7,0.02868137066153908
4976,e_demand,2030,208,8,8,0.02868137066153908
4977,e_demand,2030,208,9,9,0.02868137066153908
4978,e_demand,2030,208,10,10,0.02868137066153908
4979,e_demand,2030,208,11,11,0.02868137066153908
4980,e_demand,2030,208,12,12,0.02868137066153908
4981,e_demand,2030,208,13,13,0.02868137066153908
4982,e_demand,2030,208,14,14,0.02868137066153908
4983,e_demand,2030,208,15,15,0.02868137066153908
4984,e_demand,2030,208,16,16,0.02868137066153908
4985,e_demand,2030,208,17,17,0.02868137066153908
4986,e_demand,2030,208,18,18,0.02868137066153908
4987,e_demand,2030,208,19,19,0.02868137066153908
4988,e_demand,2030,208,20,20,0.02868137066153908
4989,e_demand,2030,208,21,21,0.02868137066153908
4990,e_demand,2030,208,22,22,0.02868137066153908
4991,e_demand,2030,208,23,23,0.02868137066153908
4992,e_demand,2030,208,24,24,0.02868137066153908
4993,e_demand,2030,209,1,1,0.03091393662775548
4994,e_demand,2030,209,2,2,0.03091393662775548
4995,e_demand,2030,209,3,3,0.03091393662775548
4996,e_demand,2030,209,4,4,0.03091393662775548
4997,e_demand,2030,209,5,5,0.03091393662775548
4998,e_demand,2030,209,6,6,0.03091393662775548
4999,e_demand,2030,209,7,7,0.03091393662775548
5000,e_demand,2030,209,8,8,0.03091393662775548
5001,e_demand,2030,209,9,9,0.03091393662775548
5002,e_demand,2030,209,10,10,0.03091393662775548
5003,e_demand,2030,209,11,11,0.03091393662775548
5004,e_demand,2030,209,12,12,0.03091393662775548
5005,e_demand,2030,209,13,13,0.02789982780654932
5006,e_demand,2030,209,14,14,0.0012365574651102191
5007,e_demand,2030,209,15,15,0.02789982780654932
5008,e_demand,2030,209,16,16,0.03091393662775548
5009,e_demand,2030,209,17,17,0.03091393662775548
5010,e_demand,2030,209,18,18,0.03091393662775548
5011,e_demand,2030,209,19,19,0.03091393662775548
5012,e_demand,2030,209,20,20,0.03091393662775548
5013,e_demand,2030,209,21,21,0.03091393662775548
5014,e_demand,2030,209,22,22,0.03091393662775548
5015,e_demand,2030,209,23,23,0.03091393662775548
5016,e_demand,2030,209,24,24,0.03091393662775548
5017,e_demand,2030,210,1,1,0.049599045583927116
5018,e_demand,2030,210,2,2,0.049599045583927116
5019,e_demand,2030,210,3,3,0.049599045583927116
5020,e_demand,2030,210,4,4,0.049599045583927116
5021,e_demand,2030,210,5,5,0.049599045583927116
5022,e_demand,2030,210,6,6,0.049599045583927116
5023,e_demand,2030,210,7,7,0.049599045583927116
5024,e_demand,2030,210,8,8,0.049599045583927116
5025,e_demand,2030,210,9,9,0.049599045583927116
5026,e_demand,2030,210,10,10,0.049599045583927116
5027,e_demand,2030,210,11,11,0.049599045583927116
5028,e_demand,2030,210,12,12,0.049599045583927116
5029,e_demand,2030,210,13,13,0.049599045583927116
5030,e_demand,2030,210,14,14,0.049599045583927116
5031,e_demand,2030,210,15,15,0.049599045583927116
5032,e_demand,2030,210,16,16,0.049599045583927116
5033,e_demand,2030,210,17,17,0.049599045583927116
5034,e_demand,2030,210,18,18,0.049599045583927116
5035,e_demand,2030,210,19,19,0.049599045583927116
5036,e_demand,2030,210,20,20,0.049599045583927116
5037,e_demand,2030,210,21,21,0.049599045583927116
5038,e_demand,2030,210,22,22,0.049599045583927116
5039,e_demand,2030,210,23,23,0.049599045583927116
5040,e_demand,2030,210,24,24,0.049599045583927116
5041,e_demand,2030,211,1,1,0.04019933361217531
5042,e_demand,2030,211,2,2,0.04019933361217531
5043,e_demand,2030,211,3,3,0.04019933361217531
5044,e_demand,2030,211,4,4,0.0016079733444870122
5045,e_demand,2030,211,5,5,0.0016079733444870122
5046,e_demand,2030,211,6,6,0.0016079733444870122
5047,e_demand,2030,211,7,7,0.0016079733444870122
5048,e_demand,2030,211,8,8,0.0016079733444870122
5049,e_demand,2030,211,9,9,0.0016079733444870122
5050,e_demand,2030,211,10,10,0.0016079733444870122
5051,e_demand,2030,211,11,11,0.0016079733444870122
5052,e_demand,2030,211,12,12,0.0016079733444870122
5053,e_demand,2030,211,13,13,0.0016079733444870122
5054,e_demand,2030,211,14,14,0.0016079733444870122
5055,e_demand,2030,211,15,15,0.0016079733444870122
5056,e_demand,2030,211,16,16,0.0016079733444870122
5057,e_demand,2030,211,17,17,0.0016079733444870122
5058,e_demand,2030,211,18,18,0.04019933361217531
5059,e_demand,2030,211,19,19,0.04019933361217531
5060,e_demand,2030,211,20,20,0.04019933361217531
5061,e_demand,2030,211,21,21,0.04019933361217531
5062,e_demand,2030,211,22,22,0.04019933361217531
5063,e_demand,2030,211,23,23,0.04019933361217531
5064,e_demand,2030,211,24,24,0.04019933361217531
5065,e_demand,2030,212,1,1,0.029245349358626205
5066,e_demand,2030,212,2,2,0.029245349358626205
5067,e_demand,2030,212,3,3,0.029245349358626205
5068,e_demand,2030,212,4,4,0.029245349358626205
5069,e_demand,2030,212,5,5,0.029245349358626205
5070,e_demand,2030,212,6,6,0.02924534935862623
5071,e_demand,2030,212,7,7,0.02924534935862623
5072,e_demand,2030,212,8,8,0.029245349358626205
5073,e_demand,2030,212,9,9,0.029245349358626205
5074,e_demand,2030,212,10,10,0.029245349358626205
5075,e_demand,2030,212,11,11,0.029245349358626205
5076,e_demand,2030,212,12,12,0.029245349358626205
5077,e_demand,2030,212,13,13,0.029245349358626205
5078,e_demand,2030,212,14,14,0.029245349358626205
5079,e_demand,2030,212,15,15,0.029245349358626205
5080,e_demand,2030,212,16,16,0.029245349358626205
5081,e_demand,2030,212,17,17,0.029245349358626205
5082,e_demand,2030,212,18,18,0.029245349358626205
5083,e_demand,2030,212,19,19,0.029245349358626205
5084,e_demand,2030,212,20,20,0.02924534935862623
5085,e_demand,2030,212,21,21,0.029245349358626205
5086,e_demand,2030,212,22,22,0.029245349358626205
5087,e_demand,2030,212,23,23,0.029245349358626205
5088,e_demand,2030,212,24,24,0.029245349358626205
5089,e_demand,2030,213,1,1,0.04230238232703076
5090,e_demand,2030,213,2,2,0.04230238232703076
5091,e_demand,2030,213,3,3,0.04230238232703076
5092,e_demand,2030,213,4,4,0.04230238232703076
5093,e_demand,2030,213,5,5,0.04230238232703076
5094,e_demand,2030,213,6,6,0.04230238232703076
5095,e_demand,2030,213,7,7,0.04230238232703076
5096,e_demand,2030,213,8,8,0.04230238232703076
5097,e_demand,2030,213,9,9,0.04230238232703076
5098,e_demand,2030,213,10,10,0.04230238232703076
5099,e_demand,2030,213,11,11,0.04230238232703076
5100,e_demand,2030,213,12,12,0.04230238232703076
5101,e_demand,2030,213,13,13,0.04230238232703076
5102,e_demand,2030,213,14,14,0.04230238232703076
5103,e_demand,2030,213,15,15,0.04230238232703076
5104,e_demand,2030,213,16,16,0.04230238232703076
5105,e_demand,2030,213,17,17,0.04230238232703076
5106,e_demand,2030,213,18,18,0.04230238232703076
5107,e_demand,2030,213,19,19,0.04230238232703076
5108,e_demand,2030,213,20,20,0.04230238232703076
5109,e_demand,2030,213,21,21,0.04230238232703076
5110,e_demand,2030,213,22,22,0.04230238232703076
5111,e_demand,2030,213,23,23,0.04230238232703076
5112,e_demand,2030,213,24,24,0.04230238232703076
5113,e_demand,2030,214,1,1,0.025440938257399445
5114,e_demand,2030,214,2,2,0.025440938257399445
5115,e_demand,2030,214,3,3,0.025440938257399445
5116,e_demand,2030,214,4,4,0.025440938257399445
5117,e_demand,2030,214,5,5,0.025440938257399445
5118,e_demand,2030,214,6,6,0.025440938257399445
5119,e_demand,2030,214,7,7,0.025440938257399445
5120,e_demand,2030,214,8,8,0.025440938257399445
5121,e_demand,2030,214,9,9,0.025440938257399445
5122,e_demand,2030,214,10,10,0.025440938257399445
5123,e_demand,2030,214,11,11,0.0010176375302959778
5124,e_demand,2030,214,12,12,0.0010176375302959778
5125,e_demand,2030,214,13,13,0.0010176375302959778
5126,e_demand,2030,214,14,14,0.0010176375302959778
5127,e_demand,2030,214,15,15,0.0010176375302959778
5128,e_demand,2030,214,16,16,0.0010176375302959778
5129,e_demand,2030,214,17,17,0.025440938257399445
5130,e_demand,2030,214,18,18,0.025440938257399445
5131,e_demand,2030,214,19,19,0.025440938257399445
5132,e_demand,2030,214,20,20,0.025440938257399445
5133,e_demand,2030,214,21,21,0.025440938257399445
5134,e_demand,2030,214,22,22,0.025440938257399445
5135,e_demand,2030,214,23,23,0.025440938257399445
5136,e_demand,2030,214,24,24,0.025440938257399445
5137,e_demand,2030,215,1,1,0.029631511956466485
5138,e_demand,2030,215,2,2,0.029631511956466485
5139,e_demand,2030,215,3,3,0.029631511956466485
5140,e_demand,2030,215,4,4,0.029631511956466485
5141,e_demand,2030,215,5,5,0.029631511956466485
5142,e_demand,2030,215,6,6,0.029631511956466485
5143,e_demand,2030,215,7,7,0.029631511956466485
5144,e_demand,2030,215,8,8,0.029631511956466485
5145,e_demand,2030,215,9,9,0.029631511956466485
5146,e_demand,2030,215,10,10,0.029631511956466485
5147,e_demand,2030,215,11,11,0.029631511956466485
5148,e_demand,2030,215,12,12,0.0011852604782586593
5149,e_demand,2030,215,13,13,0.0011852604782586593
5150,e_demand,2030,215,14,14,0.0011852604782586593
5151,e_demand,2030,215,15,15,0.0011852604782586593
5152,e_demand,2030,215,16,16,0.0011852604782586593
5153,e_demand,2030,215,17,17,0.029631511956466485
5154,e_demand,2030,215,18,18,0.029631511956466485
5155,e_demand,2030,215,19,19,0.029631511956466485
5156,e_demand,2030,215,20,20,0.029631511956466485
5157,e_demand,2030,215,21,21,0.029631511956466485
5158,e_demand,2030,215,22,22,0.029631511956466485
5159,e_demand,2030,215,23,23,0.029631511956466485
5160,e_demand,2030,215,24,24,0.029631511956466485
5161,e_demand,2030,216,1,1,0.025819105638900598
5162,e_demand,2030,216,2,2,0.025819105638900598
5163,e_demand,2030,216,3,3,0.025819105638900598
5164,e_demand,2030,216,4,4,0.025819105638900598
5165,e_demand,2030,216,5,5,0.025819105638900598
5166,e_demand,2030,216,6,6,0.025819105638900598
5167,e_demand,2030,216,7,7,0.025819105638900598
5168,e_demand,2030,216,8,8,0.025819105638900598
5169,e_demand,2030,216,9,9,0.025819105638900598
5170,e_demand,2030,216,10,10,0.025819105638900598
5171,e_demand,2030,216,11,11,0.025819105638900598
5172,e_demand,2030,216,12,12,0.025819105638900598
5173,e_demand,2030,216,13,13,0.023301742839107787
5174,e_demand,2030,216,14,14,0.023301742839107787
5175,e_demand,2030,216,15,15,0.025819105638900598
5176,e_demand,2030,216,16,16,0.025819105638900598
5177,e_demand,2030,216,17,17,0.025819105638900598
5178,e_demand,2030,216,18,18,0.025819105638900598
5179,e_demand,2030,216,19,19,0.025819105638900598
5180,e_demand,2030,216,20,20,0.025819105638900598
5181,e_demand,2030,216,21,21,0.025819105638900598
5182,e_demand,2030,216,22,22,0.025819105638900598
5183,e_demand,2030,216,23,23,0.025819105638900598
5184,e_demand,2030,216,24,24,0.025819105638900598
5185,e_demand,2030,217,1,1,0.0014823489724373608
5186,e_demand,2030,217,2,2,0.03344549869061795
5187,e_demand,2030,217,3,3,0.03344549869061795
5188,e_demand,2030,217,4,4,0.03344549869061795
5189,e_demand,2030,217,5,5,0.037058724310934016
5190,e_demand,2030,217,6,6,0.037058724310934016
5191,e_demand,2030,217,7,7,0.037058724310934016
5192,e_demand,2030,217,8,8,0.037058724310934016
5193,e_demand,2030,217,9,9,0.037058724310934016
5194,e_demand,2030,217,10,10,0.037058724310934016
5195,e_demand,2030,217,11,11,0.037058724310934016
5196,e_demand,2030,217,12,12,0.037058724310934016
5197,e_demand,2030,217,13,13,0.03344549869061795
5198,e_demand,2030,217,14,14,0.03344549869061795
5199,e_demand,2030,217,15,15,0.03344549869061795
5200,e_demand,2030,217,16,16,0.03705872431093404
5201,e_demand,2030,217,17,17,0.037058724310934016
5202,e_demand,2030,217,18,18,0.037058724310934016
5203,e_demand,2030,217,19,19,0.037058724310934016
5204,e_demand,2030,217,20,20,0.037058724310934016
5205,e_demand,2030,217,21,21,0.037058724310934016
5206,e_demand,2030,217,22,22,0.037058724310934016
5207,e_demand,2030,217,23,23,0.037058724310934016
5208,e_demand,2030,217,24,24,0.037058724310934016
5209,e_demand,2030,218,1,1,0.053888757306208734
5210,e_demand,2030,218,2,2,0.053888757306208734
5211,e_demand,2030,218,3,3,0.053888757306208734
5212,e_demand,2030,218,4,4,0.053888757306208734
5213,e_demand,2030,218,5,5,0.053888757306208734
5214,e_demand,2030,218,6,6,0.053888757306208734
5215,e_demand,2030,218,7,7,0.053888757306208734
5216,e_demand,2030,218,8,8,0.053888757306208734
5217,e_demand,2030,218,9,9,0.053888757306208734
5218,e_demand,2030,218,10,10,0.053888757306208734
5219,e_demand,2030,218,11,11,0.053888757306208734
5220,e_demand,2030,218,12,12,0.053888757306208734
5221,e_demand,2030,218,13,13,0.053888757306208734
5222,e_demand,2030,218,14,14,0.053888757306208734
5223,e_demand,2030,218,15,15,0.053888757306208734
5224,e_demand,2030,218,16,16,0.053888757306208734
5225,e_demand,2030,218,17,17,0.053888757306208734
5226,e_demand,2030,218,18,18,0.053888757306208734
5227,e_demand,2030,218,19,19,0.053888757306208734
5228,e_demand,2030,218,20,20,0.053888757306208734
5229,e_demand,2030,218,21,21,0.053888757306208734
5230,e_demand,2030,218,22,22,0.053888757306208734
5231,e_demand,2030,218,23,23,0.053888757306208734
5232,e_demand,2030,218,24,24,0.053888757306208734
5233,e_demand,2030,219,1,1,0.03019389849292043
5234,e_demand,2030,219,2,2,0.03019389849292043
5235,e_demand,2030,219,3,3,0.03019389849292043
5236,e_demand,2030,219,4,4,0.03019389849292043
5237,e_demand,2030,219,5,5,0.03019389849292043
5238,e_demand,2030,219,6,6,0.03019389849292043
5239,e_demand,2030,219,7,7,0.03019389849292043
5240,e_demand,2030,219,8,8,0.03019389849292043
5241,e_demand,2030,219,9,9,0.03019389849292043
5242,e_demand,2030,219,10,10,0.03019389849292043
5243,e_demand,2030,219,11,11,0.03019389849292043
5244,e_demand,2030,219,12,12,0.03019389849292043
5245,e_demand,2030,219,13,13,0.03019389849292043
5246,e_demand,2030,219,14,14,0.03019389849292043
5247,e_demand,2030,219,15,15,0.03019389849292043
5248,e_demand,2030,219,16,16,0.03019389849292043
5249,e_demand,2030,219,17,17,0.03019389849292043
5250,e_demand,2030,219,18,18,0.03019389849292043
5251,e_demand,2030,219,19,19,0.03019389849292043
5252,e_demand,2030,219,20,20,0.03019389849292043
5253,e_demand,2030,219,21,21,0.03019389849292043
5254,e_demand,2030,219,22,22,0.03019389849292043
5255,e_demand,2030,219,23,23,0.03019389849292043
5256,e_demand,2030,219,24,24,0.03019389849292043
5257,e_demand,2030,220,1,1,0.02556941569456775
5258,e_demand,2030,220,2,2,0.02556941569456775
5259,e_demand,2030,220,3,3,0.02556941569456775
5260,e_demand,2030,220,4,4,0.02556941569456775
5261,e_demand,2030,220,5,5,0.02556941569456775
5262,e_demand,2030,220,6,6,0.02556941569456775
5263,e_demand,2030,220,7,7,0.02556941569456775
5264,e_demand,2030,220,8,8,0.02556941569456775
5265,e_demand,2030,220,9,9,0.02556941569456775
5266,e_demand,2030,220,10,10,0.02556941569456777
5267,e_demand,2030,220,11,11,0.00102277662778271
5268,e_demand,2030,220,12,12,0.00102277662778271
5269,e_demand,2030,220,13,13,0.00102277662778271
5270,e_demand,2030,220,14,14,0.00102277662778271
5271,e_demand,2030,220,15,15,0.00102277662778271
5272,e_demand,2030,220,16,16,0.00102277662778271
5273,e_demand,2030,220,17,17,0.02556941569456777
5274,e_demand,2030,220,18,18,0.02556941569456775
5275,e_demand,2030,220,19,19,0.02556941569456775
5276,e_demand,2030,220,20,20,0.02556941569456775
5277,e_demand,2030,220,21,21,0.02556941569456775
5278,e_demand,2030,220,22,22,0.02556941569456775
5279,e_demand,2030,220,23,23,0.02556941569456775
5280,e_demand,2030,220,24,24,0.02556941569456775
5281,e_demand,2030,221,1,1,0.07866685849553524
5282,e_demand,2030,221,2,2,0.07866685849553524
5283,e_demand,2030,221,3,3,0.07866685849553524
5284,e_demand,2030,221,4,4,0.07866685849553529
5285,e_demand,2030,221,5,5,0.07866685849553529
5286,e_demand,2030,221,6,6,0.08716549417787843
5287,e_demand,2030,221,7,7,0.07866685849553529
5288,e_demand,2030,221,8,8,0.11013360189374939
5289,e_demand,2030,221,9,9,0.11013360189374939
5290,e_demand,2030,221,10,10,0.11013360189374939
5291,e_demand,2030,221,11,11,0.11013360189374939
5292,e_demand,2030,221,12,12,0.11013360189374939
5293,e_demand,2030,221,13,13,0.11013360189374939
5294,e_demand,2030,221,14,14,0.11013360189374939
5295,e_demand,2030,221,15,15,0.11013360189374939
5296,e_demand,2030,221,16,16,0.11013360189374939
5297,e_demand,2030,221,17,17,0.11013360189374939
5298,e_demand,2030,221,18,18,0.11013360189374939
5299,e_demand,2030,221,19,19,29.41479227769359
5300,e_demand,2030,221,20,20,0.11013360189374939
5301,e_demand,2030,221,21,21,0.11013360189374939
5302,e_demand,2030,221,22,22,0.11013360189374939
5303,e_demand,2030,221,23,23,0.11013360189374939
5304,e_demand,2030,221,24,24,0.11013360189374939
5305,e_demand,2030,222,1,1,0.044352612472334574
5306,e_demand,2030,222,2,2,0.044352612472334574
5307,e_demand,2030,222,3,3,0.044352612472334574
5308,e_demand,2030,222,4,4,0.044352612472334574
5309,e_demand,2030,222,5,5,0.044352612472334574
5310,e_demand,2030,222,6,6,0.044352612472334574
5311,e_demand,2030,222,7,7,0.044352612472334574
5312,e_demand,2030,222,8,8,0.044352612472334574
5313,e_demand,2030,222,9,9,0.044352612472334574
5314,e_demand,2030,222,10,10,0.001774104498893383
5315,e_demand,2030,222,11,11,0.001774104498893383
5316,e_demand,2030,222,12,12,0.001774104498893383
5317,e_demand,2030,222,13,13,0.001774104498893383
5318,e_demand,2030,222,14,14,0.001774104498893383
5319,e_demand,2030,222,15,15,0.001774104498893383
5320,e_demand,2030,222,16,16,0.001774104498893383
5321,e_demand,2030,222,17,17,0.001774104498893383
5322,e_demand,2030,222,18,18,0.001774104498893383
5323,e_demand,2030,222,19,19,0.044352612472334574
5324,e_demand,2030,222,20,20,0.044352612472334574
5325,e_demand,2030,222,21,21,0.044352612472334574
5326,e_demand,2030,222,22,22,0.044352612472334574
5327,e_demand,2030,222,23,23,0.044352612472334574
5328,e_demand,2030,222,24,24,0.044352612472334574
5329,e_demand,2030,223,1,1,0.02595417364014779
5330,e_demand,2030,223,2,2,0.02595417364014779
5331,e_demand,2030,223,3,3,0.02595417364014779
5332,e_demand,2030,223,4,4,0.02595417364014779
5333,e_demand,2030,223,5,5,0.02595417364014779
5334,e_demand,2030,223,6,6,0.02595417364014779
5335,e_demand,2030,223,7,7,0.02595417364014779
5336,e_demand,2030,223,8,8,0.02595417364014779
5337,e_demand,2030,223,9,9,0.02595417364014779
5338,e_demand,2030,223,10,10,0.02595417364014779
5339,e_demand,2030,223,11,11,0.02595417364014779
5340,e_demand,2030,223,12,12,0.02595417364014779
5341,e_demand,2030,223,13,13,0.02595417364014779
5342,e_demand,2030,223,14,14,0.02595417364014779
5343,e_demand,2030,223,15,15,0.02595417364014779
5344,e_demand,2030,223,16,16,0.02595417364014779
5345,e_demand,2030,223,17,17,0.02595417364014779
5346,e_demand,2030,223,18,18,0.02595417364014779
5347,e_demand,2030,223,19,19,0.02595417364014779
5348,e_demand,2030,223,20,20,0.02595417364014779
5349,e_demand,2030,223,21,21,0.02595417364014779
5350,e_demand,2030,223,22,22,0.02595417364014779
5351,e_demand,2030,223,23,23,0.02595417364014779
5352,e_demand,2030,223,24,24,0.02595417364014779
5353,e_demand,2030,224,1,1,0.0018903269392120073
5354,e_demand,2030,224,2,2,0.0018903269392120073
5355,e_demand,2030,224,3,3,0.0018903269392120073
5356,e_demand,2030,224,4,4,0.0018903269392120073
5357,e_demand,2030,224,5,5,0.0018903269392120073
5358,e_demand,2030,224,6,6,0.0018903269392120073
5359,e_demand,2030,224,7,7,0.0018903269392120073
5360,e_demand,2030,224,8,8,0.04725817348030018
5361,e_demand,2030,224,9,9,0.04725817348030018
5362,e_demand,2030,224,10,10,0.04725817348030018
5363,e_demand,2030,224,11,11,0.04725817348030018
5364,e_demand,2030,224,12,12,0.047258173480300224
5365,e_demand,2030,224,13,13,0.04725817348030018
5366,e_demand,2030,224,14,14,0.0018903269392120073
5367,e_demand,2030,224,15,15,0.0018903269392120073
5368,e_demand,2030,224,16,16,0.042650501565970916
5369,e_demand,2030,224,17,17,0.04725817348030018
5370,e_demand,2030,224,18,18,0.04725817348030018
5371,e_demand,2030,224,19,19,0.04725817348030018
5372,e_demand,2030,224,20,20,0.04725817348030018
5373,e_demand,2030,224,21,21,0.04725817348030018
5374,e_demand,2030,224,22,22,0.04725817348030018
5375,e_demand,2030,224,23,23,0.04725817348030018
5376,e_demand,2030,224,24,24,0.04725817348030018
5377,e_demand,2030,225,1,1,0.04953423511210319
5378,e_demand,2030,225,2,2,0.04953423511210319
5379,e_demand,2030,225,3,3,0.04953423511210319
5380,e_demand,2030,225,4,4,0.04953423511210319
5381,e_demand,2030,225,5,5,0.04953423511210319
5382,e_demand,2030,225,6,6,0.04953423511210319
5383,e_demand,2030,225,7,7,0.04953423511210319
5384,e_demand,2030,225,8,8,0.04953423511210319
5385,e_demand,2030,225,9,9,0.04953423511210319
5386,e_demand,2030,225,10,10,0.04953423511210319
5387,e_demand,2030,225,11,11,0.04953423511210319
5388,e_demand,2030,225,12,12,0.04953423511210319
5389,e_demand,2030,225,13,13,0.04953423511210319
5390,e_demand,2030,225,14,14,0.04953423511210319
5391,e_demand,2030,225,15,15,0.04953423511210319
5392,e_demand,2030,225,16,16,0.04953423511210319
5393,e_demand,2030,225,17,17,0.04953423511210319
5394,e_demand,2030,225,18,18,0.04953423511210319
5395,e_demand,2030,225,19,19,0.04953423511210319
5396,e_demand,2030,225,20,20,0.04953423511210319
5397,e_demand,2030,225,21,21,0.04953423511210319
5398,e_demand,2030,225,22,22,0.04953423511210319
5399,e_demand,2030,225,23,23,0.04953423511210319
5400,e_demand,2030,225,24,24,0.04953423511210319
5401,e_demand,2030,226,1,1,0.025
5402,e_demand,2030,226,2,2,0.025
5403,e_demand,2030,226,3,3,0.025
5404,e_demand,2030,226,4,4,0.025
5405,e_demand,2030,226,5,5,0.025
5406,e_demand,2030,226,6,6,0.025
5407,e_demand,2030,226,7,7,0.025
5408,e_demand,2030,226,8,8,0.025
5409,e_demand,2030,226,9,9,0.025
5410,e_demand,2030,226,10,10,0.025
5411,e_demand,2030,226,11,11,0.025
5412,e_demand,2030,226,12,12,0.025000000000000022
5413,e_demand,2030,226,13,13,0.022562500000000003
5414,e_demand,2030,226,14,14,0.022562500000000003
5415,e_demand,2030,226,15,15,0.022562500000000003
5416,e_demand,2030,226,16,16,0.025
5417,e_demand,2030,226,17,17,0.025
5418,e_demand,2030,226,18,18,0.025
5419,e_demand,2030,226,19,19,0.025
5420,e_demand,2030,226,20,20,0.025
5421,e_demand,2030,226,21,21,0.025
5422,e_demand,2030,226,22,22,0.025
5423,e_demand,2030,226,23,23,0.025
5424,e_demand,2030,226,24,24,0.025
5425,e_demand,2030,227,1,1,0.03538113784329796
5426,e_demand,2030,227,2,2,0.03538113784329796
5427,e_demand,2030,227,3,3,0.03538113784329796
5428,e_demand,2030,227,4,4,0.03538113784329796
5429,e_demand,2030,227,5,5,0.03538113784329796
5430,e_demand,2030,227,6,6,0.03538113784329796
5431,e_demand,2030,227,7,7,0.03538113784329796
5432,e_demand,2030,227,8,8,0.03538113784329796
5433,e_demand,2030,227,9,9,0.03538113784329796
5434,e_demand,2030,227,10,10,0.03538113784329796
5435,e_demand,2030,227,11,11,0.03538113784329799
5436,e_demand,2030,227,12,12,0.03193147690357641
5437,e_demand,2030,227,13,13,0.03193147690357641
5438,e_demand,2030,227,14,14,0.03193147690357641
5439,e_demand,2030,227,15,15,0.03538113784329796
5440,e_demand,2030,227,16,16,0.03538113784329799
5441,e_demand,2030,227,17,17,0.03538113784329799
5442,e_demand,2030,227,18,18,0.03538113784329796
5443,e_demand,2030,227,19,19,0.03538113784329796
5444,e_demand,2030,227,20,20,0.03538113784329796
5445,e_demand,2030,227,21,21,0.03538113784329796
5446,e_demand,2030,227,22,22,0.03538113784329796
5447,e_demand,2030,227,23,23,0.03538113784329796
5448,e_demand,2030,227,24,24,0.03538113784329796
5449,e_demand,2030,228,1,1,0.027827646571529516
5450,e_demand,2030,228,2,2,0.027827646571529516
5451,e_demand,2030,228,3,3,0.027827646571529516
5452,e_demand,2030,228,4,4,0.027827646571529516
5453,e_demand,2030,228,5,5,0.027827646571529516
5454,e_demand,2030,228,6,6,0.027827646571529516
5455,e_demand,2030,228,7,7,0.027827646571529516
5456,e_demand,2030,228,8,8,0.027827646571529516
5457,e_demand,2030,228,9,9,0.027827646571529516
5458,e_demand,2030,228,10,10,0.027827646571529516
5459,e_demand,2030,228,11,11,0.027827646571529516
5460,e_demand,2030,228,12,12,0.027827646571529516
5461,e_demand,2030,228,13,13,0.027827646571529516
5462,e_demand,2030,228,14,14,0.027827646571529516
5463,e_demand,2030,228,15,15,0.027827646571529516
5464,e_demand,2030,228,16,16,0.027827646571529516
5465,e_demand,2030,228,17,17,0.027827646571529516
5466,e_demand,2030,228,18,18,0.027827646571529516
5467,e_demand,2030,228,19,19,0.027827646571529516
5468,e_demand,2030,228,20,20,0.027827646571529516
5469,e_demand,2030,228,21,21,0.027827646571529516
5470,e_demand,2030,228,22,22,0.027827646571529516
5471,e_demand,2030,228,23,23,0.027827646571529516
5472,e_demand,2030,228,24,24,0.027827646571529516
5473,e_demand,2030,229,1,1,0.02636494765660089
5474,e_demand,2030,229,2,2,0.02636494765660089
5475,e_demand,2030,229,3,3,0.02636494765660089
5476,e_demand,2030,229,4,4,0.02636494765660089
5477,e_demand,2030,229,5,5,0.02636494765660089
5478,e_demand,2030,229,6,6,0.02636494765660089
5479,e_demand,2030,229,7,7,0.02636494765660089
5480,e_demand,2030,229,8,8,0.02636494765660089
5481,e_demand,2030,229,9,9,0.02636494765660089
5482,e_demand,2030,229,10,10,0.02636494765660089
5483,e_demand,2030,229,11,11,0.02636494765660089
5484,e_demand,2030,229,12,12,0.02636494765660089
5485,e_demand,2030,229,13,13,0.02636494765660089
5486,e_demand,2030,229,14,14,0.02636494765660089
5487,e_demand,2030,229,15,15,0.02636494765660089
5488,e_demand,2030,229,16,16,0.02636494765660089
5489,e_demand,2030,229,17,17,0.02636494765660089
5490,e_demand,2030,229,18,18,0.02636494765660089
5491,e_demand,2030,229,19,19,0.02636494765660089
5492,e_demand,2030,229,20,20,0.02636494765660089
5493,e_demand,2030,229,21,21,0.02636494765660089
5494,e_demand,2030,229,22,22,0.02636494765660089
5495,e_demand,2030,229,23,23,0.02636494765660089
5496,e_demand,2030,229,24,24,0.02636494765660089
5497,e_demand,2030,230,1,1,0.025823915201690858
5498,e_demand,2030,230,2,2,0.025823915201690858
5499,e_demand,2030,230,3,3,0.025823915201690858
5500,e_demand,2030,230,4,4,0.025823915201690858
5501,e_demand,2030,230,5,5,0.025823915201690858
5502,e_demand,2030,230,6,6,0.025823915201690858
5503,e_demand,2030,230,7,7,0.025823915201690858
5504,e_demand,2030,230,8,8,0.025823915201690858
5505,e_demand,2030,230,9,9,0.0010329566080676342
5506,e_demand,2030,230,10,10,0.0010329566080676342
5507,e_demand,2030,230,11,11,0.0010329566080676342
5508,e_demand,2030,230,12,12,0.0010329566080676342
5509,e_demand,2030,230,13,13,0.0010329566080676342
5510,e_demand,2030,230,14,14,0.0010329566080676342
5511,e_demand,2030,230,15,15,0.0010329566080676342
5512,e_demand,2030,230,16,16,0.0010329566080676342
5513,e_demand,2030,230,17,17,0.0010329566080676342
5514,e_demand,2030,230,18,18,0.025823915201690858
5515,e_demand,2030,230,19,19,0.025823915201690858
5516,e_demand,2030,230,20,20,0.025823915201690858
5517,e_demand,2030,230,21,21,0.025823915201690858
5518,e_demand,2030,230,22,22,0.025823915201690858
5519,e_demand,2030,230,23,23,0.025823915201690858
5520,e_demand,2030,230,24,24,0.025823915201690858
5521,e_demand,2030,231,1,1,0.02750212153424518
5522,e_demand,2030,231,2,2,0.02750212153424518
5523,e_demand,2030,231,3,3,0.02750212153424518
5524,e_demand,2030,231,4,4,0.02750212153424518
5525,e_demand,2030,231,5,5,0.02750212153424518
5526,e_demand,2030,231,6,6,0.02750212153424518
5527,e_demand,2030,231,7,7,0.02750212153424518
5528,e_demand,2030,231,8,8,0.02750212153424518
5529,e_demand,2030,231,9,9,0.02750212153424518
5530,e_demand,2030,231,10,10,0.02750212153424518
5531,e_demand,2030,231,11,11,0.02750212153424518
5532,e_demand,2030,231,12,12,0.02750212153424518
5533,e_demand,2030,231,13,13,0.02750212153424518
5534,e_demand,2030,231,14,14,0.02750212153424518
5535,e_demand,2030,231,15,15,0.02750212153424518
5536,e_demand,2030,231,16,16,0.02750212153424518
5537,e_demand,2030,231,17,17,0.027502121534245198
5538,e_demand,2030,231,18,18,0.02750212153424518
5539,e_demand,2030,231,19,19,0.02750212153424518
5540,e_demand,2030,231,20,20,0.02750212153424518
5541,e_demand,2030,231,21,21,0.02750212153424518
5542,e_demand,2030,231,22,22,0.02750212153424518
5543,e_demand,2030,231,23,23,0.027502121534245198
5544,e_demand,2030,231,24,24,0.027502121534245198
5545,e_demand,2030,232,1,1,0.02772677001224886
5546,e_demand,2030,232,2,2,0.02772677001224886
5547,e_demand,2030,232,3,3,0.02772677001224886
5548,e_demand,2030,232,4,4,0.02772677001224886
5549,e_demand,2030,232,5,5,0.02772677001224886
5550,e_demand,2030,232,6,6,0.02772677001224886
5551,e_demand,2030,232,7,7,0.02772677001224886
5552,e_demand,2030,232,8,8,0.027726770012248884
5553,e_demand,2030,232,9,9,0.02772677001224888
5554,e_demand,2030,232,10,10,0.02772677001224886
5555,e_demand,2030,232,11,11,0.02772677001224886
5556,e_demand,2030,232,12,12,0.02772677001224886
5557,e_demand,2030,232,13,13,0.02772677001224886
5558,e_demand,2030,232,14,14,0.02772677001224886
5559,e_demand,2030,232,15,15,0.02772677001224886
5560,e_demand,2030,232,16,16,0.02772677001224886
5561,e_demand,2030,232,17,17,0.02772677001224886
5562,e_demand,2030,232,18,18,0.02772677001224888
5563,e_demand,2030,232,19,19,0.0388174780171484
5564,e_demand,2030,232,20,20,0.0388174780171484
5565,e_demand,2030,232,21,21,0.0388174780171484
5566,e_demand,2030,232,22,22,0.0388174780171484
5567,e_demand,2030,232,23,23,0.027726770012248884
5568,e_demand,2030,232,24,24,0.027726770012248884
5569,e_demand,2030,233,1,1,0.02567193387860661
5570,e_demand,2030,233,2,2,0.02567193387860661
5571,e_demand,2030,233,3,3,0.02567193387860661
5572,e_demand,2030,233,4,4,0.02567193387860661
5573,e_demand,2030,233,5,5,0.02567193387860661
5574,e_demand,2030,233,6,6,0.02567193387860661
5575,e_demand,2030,233,7,7,0.02567193387860661
5576,e_demand,2030,233,8,8,0.02567193387860661
5577,e_demand,2030,233,9,9,0.02567193387860661
5578,e_demand,2030,233,10,10,0.02567193387860661
5579,e_demand,2030,233,11,11,0.02567193387860661
5580,e_demand,2030,233,12,12,0.02567193387860661
5581,e_demand,2030,233,13,13,0.02567193387860661
5582,e_demand,2030,233,14,14,0.02567193387860661
5583,e_demand,2030,233,15,15,0.02567193387860661
5584,e_demand,2030,233,16,16,0.02567193387860661
5585,e_demand,2030,233,17,17,0.02567193387860661
5586,e_demand,2030,233,18,18,0.02567193387860661
5587,e_demand,2030,233,19,19,0.02567193387860661
5588,e_demand,2030,233,20,20,0.02567193387860661
5589,e_demand,2030,233,21,21,0.02567193387860661
5590,e_demand,2030,233,22,22,0.02567193387860661
5591,e_demand,2030,233,23,23,0.02567193387860661
5592,e_demand,2030,233,24,24,0.02567193387860661
5593,e_demand,2030,234,1,1,0.025
5594,e_demand,2030,234,2,2,0.025
5595,e_demand,2030,234,3,3,0.025000000000000022
5596,e_demand,2030,234,4,4,0.025
5597,e_demand,2030,234,5,5,0.025
5598,e_demand,2030,234,6,6,0.025
5599,e_demand,2030,234,7,7,0.025
5600,e_demand,2030,234,8,8,0.025
5601,e_demand,2030,234,9,9,0.025
5602,e_demand,2030,234,10,10,0.025
5603,e_demand,2030,234,11,11,0.001
5604,e_demand,2030,234,12,12,0.001
5605,e_demand,2030,234,13,13,0.001
5606,e_demand,2030,234,14,14,0.001
5607,e_demand,2030,234,15,15,0.001
5608,e_demand,2030,234,16,16,0.001
5609,e_demand,2030,234,17,17,0.001
5610,e_demand,2030,234,18,18,0.025000000000000022
5611,e_demand,2030,234,19,19,0.025
5612,e_demand,2030,234,20,20,0.025
5613,e_demand,2030,234,21,21,0.025
5614,e_demand,2030,234,22,22,0.025
5615,e_demand,2030,234,23,23,0.025
5616,e_demand,2030,234,24,24,0.025
5617,e_demand,2030,235,1,1,0.05461844274153396
5618,e_demand,2030,235,2,2,0.05461844274153396
5619,e_demand,2030,235,3,3,0.05461844274153396
5620,e_demand,2030,235,4,4,0.05461844274153396
5621,e_demand,2030,235,5,5,0.05461844274153396
5622,e_demand,2030,235,6,6,0.05461844274153396
5623,e_demand,2030,235,7,7,0.05461844274153396
5624,e_demand,2030,235,8,8,0.054618442741533955
5625,e_demand,2030,235,9,9,0.05461844274153396
5626,e_demand,2030,235,10,10,0.05461844274153396
5627,e_demand,2030,235,11,11,0.05461844274153396
5628,e_demand,2030,235,12,12,0.05461844274153396
5629,e_demand,2030,235,13,13,0.05461844274153396
5630,e_demand,2030,235,14,14,0.05461844274153396
5631,e_demand,2030,235,15,15,0.05461844274153396
5632,e_demand,2030,235,16,16,0.05461844274153396
5633,e_demand,2030,235,17,17,0.05461844274153396
5634,e_demand,2030,235,18,18,0.05461844274153396
5635,e_demand,2030,235,19,19,0.07646581983814754
5636,e_demand,2030,235,20,20,0.07646581983814754
5637,e_demand,2030,235,21,21,0.07646581983814754
5638,e_demand,2030,235,22,22,0.07646581983814754
5639,e_demand,2030,235,23,23,0.05461844274153396
5640,e_demand,2030,235,24,24,0.05461844274153396
5641,e_demand,2030,236,1,1,0.10646728670308986
5642,e_demand,2030,236,2,2,0.10646728670308986
5643,e_demand,2030,236,3,3,0.10646728670308986
5644,e_demand,2030,236,4,4,0.10646728670308986
5645,e_demand,2030,236,5,5,0.10646728670308986
5646,e_demand,2030,236,6,6,0.10646728670308986
5647,e_demand,2030,236,7,7,0.10646728670308986
5648,e_demand,2030,236,8,8,0.10646728670308986
5649,e_demand,2030,236,9,9,0.10646728670308986
5650,e_demand,2030,236,10,10,0.10646728670308986
5651,e_demand,2030,236,11,11,0.10646728670308986
5652,e_demand,2030,236,12,12,0.10646728670308986
5653,e_demand,2030,236,13,13,0.10646728670308986
5654,e_demand,2030,236,14,14,0.10646728670308986
5655,e_demand,2030,236,15,15,0.10646728670308986
5656,e_demand,2030,236,16,16,0.10646728670308986
5657,e_demand,2030,236,17,17,0.10646728670308986
5658,e_demand,2030,236,18,18,0.10646728670308986
5659,e_demand,2030,236,19,19,0.10646728670308986
5660,e_demand,2030,236,20,20,0.10646728670308986
5661,e_demand,2030,236,21,21,0.10646728670308986
5662,e_demand,2030,236,22,22,0.10646728670308986
5663,e_demand,2030,236,23,23,0.10646728670308986
5664,e_demand,2030,236,24,24,0.10646728670308986
5665,e_demand,2030,237,1,1,0.02891020642084364
5666,e_demand,2030,237,2,2,0.02891020642084364
5667,e_demand,2030,237,3,3,0.02891020642084364
5668,e_demand,2030,237,4,4,0.02891020642084364
5669,e_demand,2030,237,5,5,0.02891020642084363
5670,e_demand,2030,237,6,6,0.02891020642084364
5671,e_demand,2030,237,7,7,0.02891020642084363
5672,e_demand,2030,237,8,8,0.02891020642084363
5673,e_demand,2030,237,9,9,0.02891020642084364
5674,e_demand,2030,237,10,10,0.02891020642084364
5675,e_demand,2030,237,11,11,0.02891020642084364
5676,e_demand,2030,237,12,12,0.02891020642084364
5677,e_demand,2030,237,13,13,0.02891020642084364
5678,e_demand,2030,237,14,14,0.026091461294811383
5679,e_demand,2030,237,15,15,0.02891020642084364
5680,e_demand,2030,237,16,16,0.028910206420843628
5681,e_demand,2030,237,17,17,0.02891020642084364
5682,e_demand,2030,237,18,18,0.02891020642084364
5683,e_demand,2030,237,19,19,0.02891020642084364
5684,e_demand,2030,237,20,20,0.02891020642084364
5685,e_demand,2030,237,21,21,0.02891020642084364
5686,e_demand,2030,237,22,22,0.02891020642084364
5687,e_demand,2030,237,23,23,0.02891020642084364
5688,e_demand,2030,237,24,24,0.02891020642084364
5689,e_demand,2030,238,1,1,0.02548121968823612
5690,e_demand,2030,238,2,2,0.02548121968823612
5691,e_demand,2030,238,3,3,0.02548121968823612
5692,e_demand,2030,238,4,4,0.02548121968823612
5693,e_demand,2030,238,5,5,0.02548121968823612
5694,e_demand,2030,238,6,6,0.02548121968823612
5695,e_demand,2030,238,7,7,0.02548121968823612
5696,e_demand,2030,238,8,8,0.02548121968823612
5697,e_demand,2030,238,9,9,0.02548121968823612
5698,e_demand,2030,238,10,10,0.02548121968823612
5699,e_demand,2030,238,11,11,0.02548121968823612
5700,e_demand,2030,238,12,12,0.02548121968823612
5701,e_demand,2030,238,13,13,0.02548121968823612
5702,e_demand,2030,238,14,14,0.02548121968823612
5703,e_demand,2030,238,15,15,0.02548121968823612
5704,e_demand,2030,238,16,16,0.02548121968823612
5705,e_demand,2030,238,17,17,0.02548121968823612
5706,e_demand,2030,238,18,18,0.02548121968823612
5707,e_demand,2030,238,19,19,0.02548121968823612
5708,e_demand,2030,238,20,20,0.02548121968823612
5709,e_demand,2030,238,21,21,0.02548121968823612
5710,e_demand,2030,238,22,22,0.02548121968823612
5711,e_demand,2030,238,23,23,0.02548121968823612
5712,e_demand,2030,238,24,24,0.02548121968823612
5713,e_demand,2030,239,1,1,0.030742451662115672
5714,e_demand,2030,239,2,2,0.030742451662115672
5715,e_demand,2030,239,3,3,0.030742451662115672
5716,e_demand,2030,239,4,4,0.030742451662115672
5717,e_demand,2030,239,5,5,0.030742451662115672
5718,e_demand,2030,239,6,6,0.030742451662115672
5719,e_demand,2030,239,7,7,0.030742451662115672
5720,e_demand,2030,239,8,8,0.030742451662115672
5721,e_demand,2030,239,9,9,0.030742451662115672
5722,e_demand,2030,239,10,10,0.030742451662115672
5723,e_demand,2030,239,11,11,0.030742451662115672
5724,e_demand,2030,239,12,12,0.030742451662115696
5725,e_demand,2030,239,13,13,0.030742451662115696
5726,e_demand,2030,239,14,14,0.030742451662115696
5727,e_demand,2030,239,15,15,0.030742451662115672
5728,e_demand,2030,239,16,16,0.030742451662115672
5729,e_demand,2030,239,17,17,0.030742451662115672
5730,e_demand,2030,239,18,18,0.030742451662115672
5731,e_demand,2030,239,19,19,0.030742451662115672
5732,e_demand,2030,239,20,20,0.030742451662115672
5733,e_demand,2030,239,21,21,0.030742451662115672
5734,e_demand,2030,239,22,22,0.030742451662115672
5735,e_demand,2030,239,23,23,0.030742451662115672
5736,e_demand,2030,239,24,24,0.030742451662115672
5737,e_demand,2030,240,1,1,0.028477716552629102
5738,e_demand,2030,240,2,2,0.028477716552629102
5739,e_demand,2030,240,3,3,0.028477716552629102
5740,e_demand,2030,240,4,4,0.028477716552629102
5741,e_demand,2030,240,5,5,0.028477716552629102
5742,e_demand,2030,240,6,6,0.028477716552629102
5743,e_demand,2030,240,7,7,0.028477716552629102
5744,e_demand,2030,240,8,8,0.028477716552629102
5745,e_demand,2030,240,9,9,0.001139108662105164
5746,e_demand,2030,240,10,10,0.001139108662105164
5747,e_demand,2030,240,11,11,0.001139108662105164
5748,e_demand,2030,240,12,12,0.001139108662105164
5749,e_demand,2030,240,13,13,0.001139108662105164
5750,e_demand,2030,240,14,14,0.001139108662105164
5751,e_demand,2030,240,15,15,0.001139108662105164
5752,e_demand,2030,240,16,16,0.001139108662105164
5753,e_demand,2030,240,17,17,0.001139108662105164
5754,e_demand,2030,240,18,18,0.028477716552629102
5755,e_demand,2030,240,19,19,0.028477716552629102
5756,e_demand,2030,240,20,20,0.028477716552629102
5757,e_demand,2030,240,21,21,0.028477716552629102
5758,e_demand,2030,240,22,22,0.028477716552629102
5759,e_demand,2030,240,23,23,0.028477716552629102
5760,e_demand,2030,240,24,24,0.028477716552629102
5761,e_demand,2030,241,1,1,0.06351263779870944
5762,e_demand,2030,241,2,2,0.06351263779870944
5763,e_demand,2030,241,3,3,0.06351263779870944
5764,e_demand,2030,241,4,4,0.06351263779870944
5765,e_demand,2030,241,5,5,0.06351263779870944
5766,e_demand,2030,241,6,6,0.06351263779870944
5767,e_demand,2030,241,7,7,0.06351263779870944
5768,e_demand,2030,241,8,8,0.06351263779870944
5769,e_demand,2030,241,9,9,0.06351263779870944
5770,e_demand,2030,241,10,10,0.06351263779870944
5771,e_demand,2030,241,11,11,0.06351263779870944
5772,e_demand,2030,241,12,12,0.06351263779870944
5773,e_demand,2030,241,13,13,0.06351263779870944
5774,e_demand,2030,241,14,14,0.06351263779870944
5775,e_demand,2030,241,15,15,0.06351263779870944
5776,e_demand,2030,241,16,16,0.06351263779870944
5777,e_demand,2030,241,17,17,0.06351263779870944
5778,e_demand,2030,241,18,18,0.06351263779870944
5779,e_demand,2030,241,19,19,0.06351263779870944
5780,e_demand,2030,241,20,20,0.06351263779870944
5781,e_demand,2030,241,21,21,0.06351263779870944
5782,e_demand,2030,241,22,22,0.06351263779870944
5783,e_demand,2030,241,23,23,0.06351263779870944
5784,e_demand,2030,241,24,24,0.06351263779870944
5785,e_demand,2030,242,1,1,0.04157276380607644
5786,e_demand,2030,242,2,2,0.04157276380607644
5787,e_demand,2030,242,3,3,0.04157276380607644
5788,e_demand,2030,242,4,4,0.04157276380607644
5789,e_demand,2030,242,5,5,0.04157276380607644
5790,e_demand,2030,242,6,6,0.04157276380607644
5791,e_demand,2030,242,7,7,0.04157276380607644
5792,e_demand,2030,242,8,8,0.04157276380607644
5793,e_demand,2030,242,9,9,0.04157276380607644
5794,e_demand,2030,242,10,10,0.04157276380607644
5795,e_demand,2030,242,11,11,0.041572763806076454
5796,e_demand,2030,242,12,12,0.0016629105522430574
5797,e_demand,2030,242,13,13,0.0016629105522430574
5798,e_demand,2030,242,14,14,0.0016629105522430574
5799,e_demand,2030,242,15,15,0.0016629105522430574
5800,e_demand,2030,242,16,16,0.04157276380607644
5801,e_demand,2030,242,17,17,0.04157276380607644
5802,e_demand,2030,242,18,18,0.04157276380607644
5803,e_demand,2030,242,19,19,0.04157276380607644
5804,e_demand,2030,242,20,20,0.04157276380607644
5805,e_demand,2030,242,21,21,0.04157276380607644
5806,e_demand,2030,242,22,22,0.04157276380607644
5807,e_demand,2030,242,23,23,0.04157276380607644
5808,e_demand,2030,242,24,24,0.04157276380607644
5809,e_demand,2030,243,1,1,0.0810844294685051
5810,e_demand,2030,243,2,2,0.0810844294685051
5811,e_demand,2030,243,3,3,0.0810844294685051
5812,e_demand,2030,243,4,4,0.0810844294685051
5813,e_demand,2030,243,5,5,0.0810844294685051
5814,e_demand,2030,243,6,6,0.0810844294685051
5815,e_demand,2030,243,7,7,0.0810844294685051
5816,e_demand,2030,243,8,8,0.0810844294685051
5817,e_demand,2030,243,9,9,0.0810844294685051
5818,e_demand,2030,243,10,10,0.0810844294685051
5819,e_demand,2030,243,11,11,0.0810844294685051
5820,e_demand,2030,243,12,12,0.0810844294685051
5821,e_demand,2030,243,13,13,0.0810844294685051
5822,e_demand,2030,243,14,14,0.0810844294685051
5823,e_demand,2030,243,15,15,0.0810844294685051
5824,e_demand,2030,243,16,16,0.0810844294685051
5825,e_demand,2030,243,17,17,0.0810844294685051
5826,e_demand,2030,243,18,18,0.0810844294685051
5827,e_demand,2030,243,19,19,0.0810844294685051
5828,e_demand,2030,243,20,20,0.0810844294685051
5829,e_demand,2030,243,21,21,0.0810844294685051
5830,e_demand,2030,243,22,22,0.0810844294685051
5831,e_demand,2030,243,23,23,0.0810844294685051
5832,e_demand,2030,243,24,24,0.0810844294685051
5833,e_demand,2030,244,1,1,0.025347035574017924
5834,e_demand,2030,244,2,2,0.025347035574017924
5835,e_demand,2030,244,3,3,0.025347035574017924
5836,e_demand,2030,244,4,4,0.025347035574017924
5837,e_demand,2030,244,5,5,0.025347035574017924
5838,e_demand,2030,244,6,6,0.025347035574017924
5839,e_demand,2030,244,7,7,0.025347035574017924
5840,e_demand,2030,244,8,8,0.025347035574017924
5841,e_demand,2030,244,9,9,0.025347035574017924
5842,e_demand,2030,244,10,10,0.025347035574017924
5843,e_demand,2030,244,11,11,0.025347035574017924
5844,e_demand,2030,244,12,12,0.025347035574017924
5845,e_demand,2030,244,13,13,0.025347035574017924
5846,e_demand,2030,244,14,14,0.025347035574017924
5847,e_demand,2030,244,15,15,0.025347035574017924
5848,e_demand,2030,244,16,16,0.025347035574017924
5849,e_demand,2030,244,17,17,0.025347035574017924
5850,e_demand,2030,244,18,18,0.025347035574017924
5851,e_demand,2030,244,19,19,0.025347035574017924
5852,e_demand,2030,244,20,20,0.025347035574017924
5853,e_demand,2030,244,21,21,0.025347035574017924
5854,e_demand,2030,244,22,22,0.025347035574017924
5855,e_demand,2030,244,23,23,0.025347035574017924
5856,e_demand,2030,244,24,24,0.025347035574017924
5857,e_demand,2030,245,1,1,0.025
5858,e_demand,2030,245,2,2,0.025
5859,e_demand,2030,245,3,3,0.025
5860,e_demand,2030,245,4,4,0.025
5861,e_demand,2030,245,5,5,0.025
5862,e_demand,2030,245,6,6,0.025
5863,e_demand,2030,245,7,7,0.025
5864,e_demand,2030,245,8,8,0.025
5865,e_demand,2030,245,9,9,0.025
5866,e_demand,2030,245,10,10,0.025
5867,e_demand,2030,245,11,11,0.001
5868,e_demand,2030,245,12,12,0.001
5869,e_demand,2030,245,13,13,0.001
5870,e_demand,2030,245,14,14,0.001
5871,e_demand,2030,245,15,15,0.001
5872,e_demand,2030,245,16,16,0.001
5873,e_demand,2030,245,17,17,0.025
5874,e_demand,2030,245,18,18,0.025
5875,e_demand,2030,245,19,19,0.025
5876,e_demand,2030,245,20,20,0.025
5877,e_demand,2030,245,21,21,0.025
5878,e_demand,2030,245,22,22,0.025
5879,e_demand,2030,245,23,23,0.025
5880,e_demand,2030,245,24,24,0.025
5881,e_demand,2030,246,1,1,0.05061396282452829
5882,e_demand,2030,246,2,2,0.05061396282452829
5883,e_demand,2030,246,3,3,0.05061396282452829
5884,e_demand,2030,246,4,4,0.05061396282452829
5885,e_demand,2030,246,5,5,0.05061396282452829
5886,e_demand,2030,246,6,6,0.05061396282452829
5887,e_demand,2030,246,7,7,0.05061396282452829
5888,e_demand,2030,246,8,8,0.05061396282452829
5889,e_demand,2030,246,9,9,0.05061396282452829
5890,e_demand,2030,246,10,10,0.0020245585129811316
5891,e_demand,2030,246,11,11,0.0020245585129811316
5892,e_demand,2030,246,12,12,0.0020245585129811316
5893,e_demand,2030,246,13,13,0.0020245585129811316
5894,e_demand,2030,246,14,14,0.0
5895,e_demand,2030,246,15,15,0.0020245585129811316
5896,e_demand,2030,246,16,16,0.0020245585129811316
5897,e_demand,2030,246,17,17,0.0020245585129811316
5898,e_demand,2030,246,18,18,0.05061396282452829
5899,e_demand,2030,246,19,19,0.05061396282452829
5900,e_demand,2030,246,20,20,0.05061396282452829
5901,e_demand,2030,246,21,21,0.05061396282452829
5902,e_demand,2030,246,22,22,0.05061396282452829
5903,e_demand,2030,246,23,23,0.05061396282452829
5904,e_demand,2030,246,24,24,0.05061396282452829
5905,e_demand,2030,247,1,1,0.001
5906,e_demand,2030,247,2,2,0.001
5907,e_demand,2030,247,3,3,0.001
5908,e_demand,2030,247,4,4,0.001
5909,e_demand,2030,247,5,5,0.001
5910,e_demand,2030,247,6,6,0.001
5911,e_demand,2030,247,7,7,0.0011080332409972298
5912,e_demand,2030,247,8,8,0.0011080332409972298
5913,e_demand,2030,247,9,9,0.0011080332409972298
5914,e_demand,2030,247,10,10,0.001
5915,e_demand,2030,247,11,11,0.001
5916,e_demand,2030,247,12,12,0.001
5917,e_demand,2030,247,13,13,0.001
5918,e_demand,2030,247,14,14,0.001
5919,e_demand,2030,247,15,15,0.001
5920,e_demand,2030,247,16,16,0.001
5921,e_demand,2030,247,17,17,0.001
5922,e_demand,2030,247,18,18,0.025
5923,e_demand,2030,247,19,19,0.025
5924,e_demand,2030,247,20,20,0.025
5925,e_demand,2030,247,21,21,0.025
5926,e_demand,2030,247,22,22,0.025
5927,e_demand,2030,247,23,23,0.025
5928,e_demand,2030,247,24,24,0.025
5929,e_demand,2030,248,1,1,0.025398205420892658
5930,e_demand,2030,248,2,2,0.025398205420892658
5931,e_demand,2030,248,3,3,0.025398205420892658
5932,e_demand,2030,248,4,4,0.025398205420892658
5933,e_demand,2030,248,5,5,0.025398205420892658
5934,e_demand,2030,248,6,6,0.025398205420892658
5935,e_demand,2030,248,7,7,0.025398205420892658
5936,e_demand,2030,248,8,8,0.025398205420892658
5937,e_demand,2030,248,9,9,0.02539820542089268
5938,e_demand,2030,248,10,10,0.0010159282168357062
5939,e_demand,2030,248,11,11,0.0010159282168357062
5940,e_demand,2030,248,12,12,0.0010159282168357062
5941,e_demand,2030,248,13,13,0.0010159282168357062
5942,e_demand,2030,248,14,14,0.0010159282168357062
5943,e_demand,2030,248,15,15,0.0010159282168357062
5944,e_demand,2030,248,16,16,0.0010159282168357062
5945,e_demand,2030,248,17,17,0.0010159282168357062
5946,e_demand,2030,248,18,18,0.025398205420892658
5947,e_demand,2030,248,19,19,0.025398205420892658
5948,e_demand,2030,248,20,20,0.025398205420892658
5949,e_demand,2030,248,21,21,0.025398205420892658
5950,e_demand,2030,248,22,22,0.025398205420892658
5951,e_demand,2030,248,23,23,0.025398205420892658
5952,e_demand,2030,248,24,24,0.025398205420892658
5953,e_demand,2030,249,1,1,0.05238267491598933
5954,e_demand,2030,249,2,2,0.05238267491598933
5955,e_demand,2030,249,3,3,0.05238267491598933
5956,e_demand,2030,249,4,4,0.05238267491598933
5957,e_demand,2030,249,5,5,0.05238267491598933
5958,e_demand,2030,249,6,6,0.05238267491598933
5959,e_demand,2030,249,7,7,0.05238267491598933
5960,e_demand,2030,249,8,8,0.05238267491598933
5961,e_demand,2030,249,9,9,0.05238267491598933
5962,e_demand,2030,249,10,10,0.05238267491598933
5963,e_demand,2030,249,11,11,0.002095306996639573
5964,e_demand,2030,249,12,12,0.002095306996639573
5965,e_demand,2030,249,13,13,0.002095306996639573
5966,e_demand,2030,249,14,14,0.002095306996639573
5967,e_demand,2030,249,15,15,0.002095306996639573
5968,e_demand,2030,249,16,16,0.002095306996639573
5969,e_demand,2030,249,17,17,0.05238267491598933
5970,e_demand,2030,249,18,18,0.05238267491598933
5971,e_demand,2030,249,19,19,0.05238267491598933
5972,e_demand,2030,249,20,20,0.05238267491598933
5973,e_demand,2030,249,21,21,0.05238267491598933
5974,e_demand,2030,249,22,22,0.05238267491598933
5975,e_demand,2030,249,23,23,0.05238267491598933
5976,e_demand,2030,249,24,24,0.05238267491598933
5977,e_demand,2030,250,1,1,0.030863163794367106
5978,e_demand,2030,250,2,2,0.030863163794367106
5979,e_demand,2030,250,3,3,0.030863163794367106
5980,e_demand,2030,250,4,4,0.030863163794367106
5981,e_demand,2030,250,5,5,0.030863163794367106
5982,e_demand,2030,250,6,6,0.030863163794367106
5983,e_demand,2030,250,7,7,0.030863163794367106
5984,e_demand,2030,250,8,8,0.030863163794367106
5985,e_demand,2030,250,9,9,0.030863163794367106
5986,e_demand,2030,250,10,10,0.030863163794367106
5987,e_demand,2030,250,11,11,0.030863163794367106
5988,e_demand,2030,250,12,12,0.030863163794367127
5989,e_demand,2030,250,13,13,0.030863163794367106
5990,e_demand,2030,250,14,14,0.030863163794367127
5991,e_demand,2030,250,15,15,0.030863163794367127
5992,e_demand,2030,250,16,16,0.030863163794367106
5993,e_demand,2030,250,17,17,0.030863163794367106
5994,e_demand,2030,250,18,18,0.030863163794367106
5995,e_demand,2030,250,19,19,0.030863163794367106
5996,e_demand,2030,250,20,20,0.030863163794367106
5997,e_demand,2030,250,21,21,0.030863163794367106
5998,e_demand,2030,250,22,22,0.030863163794367106
5999,e_demand,2030,250,23,23,0.030863163794367106
6000,e_demand,2030,250,24,24,0.030863163794367106
6001,e_demand,2030,251,1,1,0.02614004895492732
6002,e_demand,2030,251,2,2,0.02614004895492732
6003,e_demand,2030,251,3,3,0.02614004895492732
6004,e_demand,2030,251,4,4,0.02614004895492732
6005,e_demand,2030,251,5,5,0.02614004895492732
6006,e_demand,2030,251,6,6,0.02614004895492732
6007,e_demand,2030,251,7,7,0.02614004895492732
6008,e_demand,2030,251,8,8,0.02614004895492732
6009,e_demand,2030,251,9,9,0.02614004895492732
6010,e_demand,2030,251,10,10,0.02614004895492732
6011,e_demand,2030,251,11,11,0.02614004895492732
6012,e_demand,2030,251,12,12,0.02614004895492734
6013,e_demand,2030,251,13,13,0.02614004895492734
6014,e_demand,2030,251,14,14,0.023591394181821906
6015,e_demand,2030,251,15,15,0.02614004895492732
6016,e_demand,2030,251,16,16,0.02614004895492734
6017,e_demand,2030,251,17,17,0.02614004895492732
6018,e_demand,2030,251,18,18,0.02614004895492732
6019,e_demand,2030,251,19,19,0.02614004895492732
6020,e_demand,2030,251,20,20,0.02614004895492732
6021,e_demand,2030,251,21,21,0.02614004895492732
6022,e_demand,2030,251,22,22,0.02614004895492732
6023,e_demand,2030,251,23,23,0.02614004895492732
6024,e_demand,2030,251,24,24,0.02614004895492732
6025,e_demand,2030,252,1,1,0.13407968059092154
6026,e_demand,2030,252,2,2,0.13407968059092154
6027,e_demand,2030,252,3,3,0.13407968059092154
6028,e_demand,2030,252,4,4,0.13407968059092154
6029,e_demand,2030,252,5,5,0.13407968059092154
6030,e_demand,2030,252,6,6,0.13407968059092154
6031,e_demand,2030,252,7,7,0.13407968059092154
6032,e_demand,2030,252,8,8,0.13407968059092154
6033,e_demand,2030,252,9,9,0.13407968059092154
6034,e_demand,2030,252,10,10,0.13407968059092154
6035,e_demand,2030,252,11,11,0.13407968059092154
6036,e_demand,2030,252,12,12,0.13407968059092154
6037,e_demand,2030,252,13,13,0.13407968059092154
6038,e_demand,2030,252,14,14,0.13407968059092154
6039,e_demand,2030,252,15,15,0.13407968059092154
6040,e_demand,2030,252,16,16,0.13407968059092154
6041,e_demand,2030,252,17,17,0.13407968059092154
6042,e_demand,2030,252,18,18,0.13407968059092154
6043,e_demand,2030,252,19,19,0.1340796805909215
6044,e_demand,2030,252,20,20,0.1340796805909215
6045,e_demand,2030,252,21,21,0.13407968059092154
6046,e_demand,2030,252,22,22,0.1340796805909215
6047,e_demand,2030,252,23,23,0.13407968059092154
6048,e_demand,2030,252,24,24,0.13407968059092154
6049,e_demand,2030,253,1,1,0.025636902883056718
6050,e_demand,2030,253,2,2,0.025636902883056718
6051,e_demand,2030,253,3,3,0.025636902883056718
6052,e_demand,2030,253,4,4,0.025636902883056718
6053,e_demand,2030,253,5,5,0.025636902883056718
6054,e_demand,2030,253,6,6,0.025636902883056718
6055,e_demand,2030,253,7,7,0.025636902883056718
6056,e_demand,2030,253,8,8,0.025636902883056718
6057,e_demand,2030,253,9,9,0.025636902883056718
6058,e_demand,2030,253,10,10,0.025636902883056718
6059,e_demand,2030,253,11,11,0.025636902883056718
6060,e_demand,2030,253,12,12,0.025636902883056718
6061,e_demand,2030,253,13,13,0.025636902883056718
6062,e_demand,2030,253,14,14,0.025636902883056718
6063,e_demand,2030,253,15,15,0.025636902883056718
6064,e_demand,2030,253,16,16,0.025636902883056718
6065,e_demand,2030,253,17,17,0.025636902883056718
6066,e_demand,2030,253,18,18,0.025636902883056718
6067,e_demand,2030,253,19,19,0.025636902883056718
6068,e_demand,2030,253,20,20,0.025636902883056718
6069,e_demand,2030,253,21,21,0.02563690288305674
6070,e_demand,2030,253,22,22,0.025636902883056718
6071,e_demand,2030,253,23,23,0.025636902883056718
6072,e_demand,2030,253,24,24,0.025636902883056718
6073,e_demand,2030,254,1,1,0.24318969519232725
6074,e_demand,2030,254,2,2,0.24318969519232725
6075,e_demand,2030,254,3,3,0.24318969519232725
6076,e_demand,2030,254,4,4,0.24318969519232725
6077,e_demand,2030,254,5,5,0.24318969519232725
6078,e_demand,2030,254,6,6,0.24318969519232725
6079,e_demand,2030,254,7,7,0.24318969519232725
6080,e_demand,2030,254,8,8,0.24318969519232725
6081,e_demand,2030,254,9,9,0.24318969519232725
6082,e_demand,2030,254,10,10,0.24318969519232725
6083,e_demand,2030,254,11,11,0.24318969519232725
6084,e_demand,2030,254,12,12,0.24318969519232725
6085,e_demand,2030,254,13,13,0.24318969519232725
6086,e_demand,2030,254,14,14,0.24318969519232725
6087,e_demand,2030,254,15,15,0.24318969519232725
6088,e_demand,2030,254,16,16,0.24318969519232725
6089,e_demand,2030,254,17,17,0.24318969519232725
6090,e_demand,2030,254,18,18,0.2431896951923272
6091,e_demand,2030,254,19,19,0.2431896951923272
6092,e_demand,2030,254,20,20,0.2431896951923272
6093,e_demand,2030,254,21,21,0.2431896951923272
6094,e_demand,2030,254,22,22,0.2431896951923272
6095,e_demand,2030,254,23,23,0.24318969519232725
6096,e_demand,2030,254,24,24,0.24318969519232725
6097,e_demand,2030,255,1,1,0.025325525094524598
6098,e_demand,2030,255,2,2,0.025325525094524598
6099,e_demand,2030,255,3,3,0.025325525094524598
6100,e_demand,2030,255,4,4,0.025325525094524598
6101,e_demand,2030,255,5,5,0.025325525094524598
6102,e_demand,2030,255,6,6,0.025325525094524598
6103,e_demand,2030,255,7,7,0.025325525094524598
6104,e_demand,2030,255,8,8,0.025325525094524598
6105,e_demand,2030,255,9,9,0.025325525094524598
6106,e_demand,2030,255,10,10,0.001013021003780984
6107,e_demand,2030,255,11,11,0.001013021003780984
6108,e_demand,2030,255,12,12,0.001013021003780984
6109,e_demand,2030,255,13,13,0.001013021003780984
6110,e_demand,2030,255,14,14,0.001013021003780984
6111,e_demand,2030,255,15,15,0.001013021003780984
6112,e_demand,2030,255,16,16,0.001013021003780984
6113,e_demand,2030,255,17,17,0.001013021003780984
6114,e_demand,2030,255,18,18,0.025325525094524598
6115,e_demand,2030,255,19,19,0.025325525094524598
6116,e_demand,2030,255,20,20,0.025325525094524598
6117,e_demand,2030,255,21,21,0.025325525094524598
6118,e_demand,2030,255,22,22,0.025325525094524598
6119,e_demand,2030,255,23,23,0.025325525094524598
6120,e_demand,2030,255,24,24,0.025325525094524598
6121,e_demand,2030,256,1,1,0.1356644392434706
6122,e_demand,2030,256,2,2,0.1356644392434706
6123,e_demand,2030,256,3,3,0.1356644392434706
6124,e_demand,2030,256,4,4,0.1356644392434706
6125,e_demand,2030,256,5,5,0.1356644392434706
6126,e_demand,2030,256,6,6,0.1356644392434706
6127,e_demand,2030,256,7,7,0.1356644392434706
6128,e_demand,2030,256,8,8,0.1356644392434706
6129,e_demand,2030,256,9,9,0.1356644392434706
6130,e_demand,2030,256,10,10,0.1356644392434706
6131,e_demand,2030,256,11,11,0.1356644392434706
6132,e_demand,2030,256,12,12,0.1356644392434706
6133,e_demand,2030,256,13,13,0.1356644392434706
6134,e_demand,2030,256,14,14,0.1356644392434706
6135,e_demand,2030,256,15,15,0.1356644392434706
6136,e_demand,2030,256,16,16,0.1356644392434706
6137,e_demand,2030,256,17,17,0.1356644392434706
6138,e_demand,2030,256,18,18,0.1356644392434706
6139,e_demand,2030,256,19,19,0.1356644392434706
6140,e_demand,2030,256,20,20,0.1356644392434706
6141,e_demand,2030,256,21,21,0.1356644392434706
6142,e_demand,2030,256,22,22,0.1356644392434706
6143,e_demand,2030,256,23,23,0.1356644392434706
6144,e_demand,2030,256,24,24,0.1356644392434706
6145,e_demand,2030,257,1,1,0.02555616717289824
6146,e_demand,2030,257,2,2,0.02555616717289824
6147,e_demand,2030,257,3,3,0.02555616717289824
6148,e_demand,2030,257,4,4,0.02555616717289824
6149,e_demand,2030,257,5,5,0.02555616717289824
6150,e_demand,2030,257,6,6,0.02555616717289824
6151,e_demand,2030,257,7,7,0.02555616717289824
6152,e_demand,2030,257,8,8,0.02555616717289824
6153,e_demand,2030,257,9,9,0.02555616717289824
6154,e_demand,2030,257,10,10,0.02555616717289824
6155,e_demand,2030,257,11,11,0.02555616717289824
6156,e_demand,2030,257,12,12,0.02555616717289824
6157,e_demand,2030,257,13,13,0.025556167172898256
6158,e_demand,2030,257,14,14,0.025556167172898256
6159,e_demand,2030,257,15,15,0.025556167172898256
6160,e_demand,2030,257,16,16,0.025556167172898256
6161,e_demand,2030,257,17,17,0.02555616717289824
6162,e_demand,2030,257,18,18,0.02555616717289824
6163,e_demand,2030,257,19,19,0.02555616717289824
6164,e_demand,2030,257,20,20,0.02555616717289824
6165,e_demand,2030,257,21,21,0.02555616717289824
6166,e_demand,2030,257,22,22,0.02555616717289824
6167,e_demand,2030,257,23,23,0.02555616717289824
6168,e_demand,2030,257,24,24,0.02555616717289824
6169,e_demand,2030,258,1,1,0.044551055344200126
6170,e_demand,2030,258,2,2,0.044551055344200126
6171,e_demand,2030,258,3,3,0.044551055344200126
6172,e_demand,2030,258,4,4,0.044551055344200126
6173,e_demand,2030,258,5,5,0.044551055344200126
6174,e_demand,2030,258,6,6,0.044551055344200126
6175,e_demand,2030,258,7,7,0.044551055344200126
6176,e_demand,2030,258,8,8,0.044551055344200126
6177,e_demand,2030,258,9,9,0.001782042213768005
6178,e_demand,2030,258,10,10,0.001782042213768005
6179,e_demand,2030,258,11,11,0.001782042213768005
6180,e_demand,2030,258,12,12,0.001782042213768005
6181,e_demand,2030,258,13,13,0.001782042213768005
6182,e_demand,2030,258,14,14,0.001782042213768005
6183,e_demand,2030,258,15,15,0.001782042213768005
6184,e_demand,2030,258,16,16,0.001782042213768005
6185,e_demand,2030,258,17,17,0.001782042213768005
6186,e_demand,2030,258,18,18,0.001782042213768005
6187,e_demand,2030,258,19,19,0.044551055344200126
6188,e_demand,2030,258,20,20,0.044551055344200126
6189,e_demand,2030,258,21,21,0.044551055344200126
6190,e_demand,2030,258,22,22,0.044551055344200126
6191,e_demand,2030,258,23,23,0.044551055344200126
6192,e_demand,2030,258,24,24,0.044551055344200126
6193,e_demand,2030,259,1,1,0.025
6194,e_demand,2030,259,2,2,0.025
6195,e_demand,2030,259,3,3,0.025
6196,e_demand,2030,259,4,4,0.025
6197,e_demand,2030,259,5,5,0.025
6198,e_demand,2030,259,6,6,0.025
6199,e_demand,2030,259,7,7,0.025
6200,e_demand,2030,259,8,8,0.025
6201,e_demand,2030,259,9,9,0.025
6202,e_demand,2030,259,10,10,0.025
6203,e_demand,2030,259,11,11,0.025
6204,e_demand,2030,259,12,12,0.001
6205,e_demand,2030,259,13,13,0.001
6206,e_demand,2030,259,14,14,0.001
6207,e_demand,2030,259,15,15,0.001
6208,e_demand,2030,259,16,16,0.025000000000000022
6209,e_demand,2030,259,17,17,0.025
6210,e_demand,2030,259,18,18,0.025
6211,e_demand,2030,259,19,19,0.025
6212,e_demand,2030,259,20,20,0.025
6213,e_demand,2030,259,21,21,0.025
6214,e_demand,2030,259,22,22,0.025
6215,e_demand,2030,259,23,23,0.025
6216,e_demand,2030,259,24,24,0.025
6217,e_demand,2030,260,1,1,0.1041809196082411
6218,e_demand,2030,260,2,2,0.10418091960824112
6219,e_demand,2030,260,3,3,0.10418091960824112
6220,e_demand,2030,260,4,4,0.10418091960824112
6221,e_demand,2030,260,5,5,0.10418091960824112
6222,e_demand,2030,260,6,6,0.10418091960824112
6223,e_demand,2030,260,7,7,0.10418091960824112
6224,e_demand,2030,260,8,8,0.1041809196082411
6225,e_demand,2030,260,9,9,0.10418091960824112
6226,e_demand,2030,260,10,10,0.10418091960824112
6227,e_demand,2030,260,11,11,0.10418091960824112
6228,e_demand,2030,260,12,12,0.10418091960824112
6229,e_demand,2030,260,13,13,0.10418091960824112
6230,e_demand,2030,260,14,14,0.10418091960824112
6231,e_demand,2030,260,15,15,0.10418091960824112
6232,e_demand,2030,260,16,16,0.10418091960824112
6233,e_demand,2030,260,17,17,0.10418091960824112
6234,e_demand,2030,260,18,18,0.10418091960824112
6235,e_demand,2030,260,19,19,0.10418091960824112
6236,e_demand,2030,260,20,20,0.10418091960824112
6237,e_demand,2030,260,21,21,0.10418091960824112
6238,e_demand,2030,260,22,22,0.10418091960824112
6239,e_demand,2030,260,23,23,0.10418091960824112
6240,e_demand,2030,260,24,24,0.10418091960824112
6241,e_demand,2030,261,1,1,0.025370108173539643
6242,e_demand,2030,261,2,2,0.025370108173539643
6243,e_demand,2030,261,3,3,0.025370108173539643
6244,e_demand,2030,261,4,4,0.025370108173539643
6245,e_demand,2030,261,5,5,0.025370108173539643
6246,e_demand,2030,261,6,6,0.025370108173539643
6247,e_demand,2030,261,7,7,0.025370108173539643
6248,e_demand,2030,261,8,8,0.025370108173539643
6249,e_demand,2030,261,9,9,0.025370108173539643
6250,e_demand,2030,261,10,10,0.025370108173539643
6251,e_demand,2030,261,11,11,0.025370108173539643
6252,e_demand,2030,261,12,12,0.025370108173539664
6253,e_demand,2030,261,13,13,0.025370108173539643
6254,e_demand,2030,261,14,14,0.025370108173539664
6255,e_demand,2030,261,15,15,0.025370108173539643
6256,e_demand,2030,261,16,16,0.025370108173539643
6257,e_demand,2030,261,17,17,0.025370108173539643
6258,e_demand,2030,261,18,18,0.025370108173539643
6259,e_demand,2030,261,19,19,0.025370108173539643
6260,e_demand,2030,261,20,20,0.025370108173539643
6261,e_demand,2030,261,21,21,0.025370108173539643
6262,e_demand,2030,261,22,22,0.025370108173539643
6263,e_demand,2030,261,23,23,0.025370108173539643
6264,e_demand,2030,261,24,24,0.025370108173539643
6265,e_demand,2030,262,1,1,0.031329515290274855
6266,e_demand,2030,262,2,2,0.031329515290274855
6267,e_demand,2030,262,3,3,0.031329515290274855
6268,e_demand,2030,262,4,4,0.031329515290274855
6269,e_demand,2030,262,5,5,0.031329515290274855
6270,e_demand,2030,262,6,6,0.03132951529027488
6271,e_demand,2030,262,7,7,0.031329515290274855
6272,e_demand,2030,262,8,8,0.031329515290274855
6273,e_demand,2030,262,9,9,0.031329515290274855
6274,e_demand,2030,262,10,10,0.031329515290274855
6275,e_demand,2030,262,11,11,0.031329515290274855
6276,e_demand,2030,262,12,12,0.031329515290274855
6277,e_demand,2030,262,13,13,0.031329515290274855
6278,e_demand,2030,262,14,14,0.031329515290274855
6279,e_demand,2030,262,15,15,0.031329515290274855
6280,e_demand,2030,262,16,16,0.031329515290274855
6281,e_demand,2030,262,17,17,0.031329515290274855
6282,e_demand,2030,262,18,18,0.031329515290274855
6283,e_demand,2030,262,19,19,0.031329515290274855
6284,e_demand,2030,262,20,20,0.03132951529027488
6285,e_demand,2030,262,21,21,0.031329515290274876
6286,e_demand,2030,262,22,22,0.031329515290274855
6287,e_demand,2030,262,23,23,0.031329515290274855
6288,e_demand,2030,262,24,24,0.031329515290274855
6289,e_demand,2030,263,1,1,0.025714204119477016
6290,e_demand,2030,263,2,2,0.025714204119477016
6291,e_demand,2030,263,3,3,0.025714204119477016
6292,e_demand,2030,263,4,4,0.025714204119477016
6293,e_demand,2030,263,5,5,0.025714204119477016
6294,e_demand,2030,263,6,6,0.025714204119477016
6295,e_demand,2030,263,7,7,0.025714204119477016
6296,e_demand,2030,263,8,8,0.025714204119477016
6297,e_demand,2030,263,9,9,0.025714204119477016
6298,e_demand,2030,263,10,10,0.025714204119477016
6299,e_demand,2030,263,11,11,0.025714204119477016
6300,e_demand,2030,263,12,12,0.025714204119477016
6301,e_demand,2030,263,13,13,0.025714204119477016
6302,e_demand,2030,263,14,14,0.025714204119477016
6303,e_demand,2030,263,15,15,0.025714204119477016
6304,e_demand,2030,263,16,16,0.025714204119477016
6305,e_demand,2030,263,17,17,0.025714204119477016
6306,e_demand,2030,263,18,18,0.025714204119477016
6307,e_demand,2030,263,19,19,0.025714204119477016
6308,e_demand,2030,263,20,20,0.025714204119477016
6309,e_demand,2030,263,21,21,0.025714204119477016
6310,e_demand,2030,263,22,22,0.025714204119477016
6311,e_demand,2030,263,23,23,0.025714204119477016
6312,e_demand,2030,263,24,24,0.025714204119477016
6313,e_demand,2030,264,1,1,0.025
6314,e_demand,2030,264,2,2,0.025
6315,e_demand,2030,264,3,3,0.025
6316,e_demand,2030,264,4,4,0.025
6317,e_demand,2030,264,5,5,0.025
6318,e_demand,2030,264,6,6,0.025
6319,e_demand,2030,264,7,7,0.025
6320,e_demand,2030,264,8,8,0.025
6321,e_demand,2030,264,9,9,0.025
6322,e_demand,2030,264,10,10,0.025
6323,e_demand,2030,264,11,11,0.025
6324,e_demand,2030,264,12,12,0.025
6325,e_demand,2030,264,13,13,0.025
6326,e_demand,2030,264,14,14,0.025
6327,e_demand,2030,264,15,15,0.025
6328,e_demand,2030,264,16,16,0.025
6329,e_demand,2030,264,17,17,0.025
6330,e_demand,2030,264,18,18,0.025
6331,e_demand,2030,264,19,19,0.025
6332,e_demand,2030,264,20,20,0.025
6333,e_demand,2030,264,21,21,0.025
6334,e_demand,2030,264,22,22,0.025
6335,e_demand,2030,264,23,23,0.025
6336,e_demand,2030,264,24,24,0.025
6337,e_demand,2030,265,1,1,0.026683076620144172
6338,e_demand,2030,265,2,2,0.026683076620144172
6339,e_demand,2030,265,3,3,0.026683076620144172
6340,e_demand,2030,265,4,4,0.026683076620144172
6341,e_demand,2030,265,5,5,0.026683076620144172
6342,e_demand,2030,265,6,6,0.026683076620144172
6343,e_demand,2030,265,7,7,0.026683076620144172
6344,e_demand,2030,265,8,8,0.026683076620144172
6345,e_demand,2030,265,9,9,0.026683076620144172
6346,e_demand,2030,265,10,10,0.026683076620144172
6347,e_demand,2030,265,11,11,0.0010673230648057669
6348,e_demand,2030,265,12,12,0.0010673230648057669
6349,e_demand,2030,265,13,13,0.0010673230648057669
6350,e_demand,2030,265,14,14,0.0010673230648057669
6351,e_demand,2030,265,15,15,0.0010673230648057669
6352,e_demand,2030,265,16,16,0.026683076620144172
6353,e_demand,2030,265,17,17,0.026683076620144172
6354,e_demand,2030,265,18,18,0.026683076620144172
6355,e_demand,2030,265,19,19,0.026683076620144172
6356,e_demand,2030,265,20,20,0.026683076620144172
6357,e_demand,2030,265,21,21,0.026683076620144172
6358,e_demand,2030,265,22,22,0.026683076620144172
6359,e_demand,2030,265,23,23,0.026683076620144172
6360,e_demand,2030,265,24,24,0.026683076620144172
6361,e_demand,2030,266,1,1,0.026152318292010014
6362,e_demand,2030,266,2,2,0.026152318292010014
6363,e_demand,2030,266,3,3,0.026152318292010014
6364,e_demand,2030,266,4,4,0.026152318292010014
6365,e_demand,2030,266,5,5,0.026152318292010014
6366,e_demand,2030,266,6,6,0.026152318292010014
6367,e_demand,2030,266,7,7,0.026152318292010014
6368,e_demand,2030,266,8,8,0.026152318292010014
6369,e_demand,2030,266,9,9,0.026152318292010014
6370,e_demand,2030,266,10,10,0.026152318292010014
6371,e_demand,2030,266,11,11,0.026152318292010014
6372,e_demand,2030,266,12,12,0.026152318292010014
6373,e_demand,2030,266,13,13,0.026152318292010014
6374,e_demand,2030,266,14,14,0.026152318292010014
6375,e_demand,2030,266,15,15,0.026152318292010014
6376,e_demand,2030,266,16,16,0.026152318292010014
6377,e_demand,2030,266,17,17,0.026152318292010014
6378,e_demand,2030,266,18,18,0.026152318292010014
6379,e_demand,2030,266,19,19,0.026152318292010014
6380,e_demand,2030,266,20,20,0.026152318292010014
6381,e_demand,2030,266,21,21,0.026152318292010014
6382,e_demand,2030,266,22,22,0.026152318292010014
6383,e_demand,2030,266,23,23,0.026152318292010014
6384,e_demand,2030,266,24,24,0.026152318292010014
6385,e_demand,2030,267,1,1,0.025
6386,e_demand,2030,267,2,2,0.025
6387,e_demand,2030,267,3,3,0.025
6388,e_demand,2030,267,4,4,0.025
6389,e_demand,2030,267,5,5,0.025
6390,e_demand,2030,267,6,6,0.025
6391,e_demand,2030,267,7,7,0.025
6392,e_demand,2030,267,8,8,0.025
6393,e_demand,2030,267,9,9,0.001
6394,e_demand,2030,267,10,10,0.001
6395,e_demand,2030,267,11,11,0.001
6396,e_demand,2030,267,12,12,0.001
6397,e_demand,2030,267,13,13,0.001
6398,e_demand,2030,267,14,14,0.001
6399,e_demand,2030,267,15,15,0.001
6400,e_demand,2030,267,16,16,0.001
6401,e_demand,2030,267,17,17,0.001
6402,e_demand,2030,267,18,18,0.001
6403,e_demand,2030,267,19,19,0.001
6404,e_demand,2030,267,20,20,0.025000000000000022
6405,e_demand,2030,267,21,21,0.025
6406,e_demand,2030,267,22,22,0.025000000000000022
6407,e_demand,2030,267,23,23,0.025
6408,e_demand,2030,267,24,24,0.025
6409,e_demand,2030,268,1,1,0.04743613905862052
6410,e_demand,2030,268,2,2,0.04743613905862052
6411,e_demand,2030,268,3,3,0.04743613905862052
6412,e_demand,2030,268,4,4,0.04743613905862052
6413,e_demand,2030,268,5,5,0.04743613905862052
6414,e_demand,2030,268,6,6,0.04743613905862052
6415,e_demand,2030,268,7,7,0.04743613905862052
6416,e_demand,2030,268,8,8,0.04743613905862052
6417,e_demand,2030,268,9,9,0.04743613905862052
6418,e_demand,2030,268,10,10,0.04743613905862052
6419,e_demand,2030,268,11,11,0.04743613905862052
6420,e_demand,2030,268,12,12,0.04743613905862052
6421,e_demand,2030,268,13,13,0.04743613905862056
6422,e_demand,2030,268,14,14,0.04281111550040506
6423,e_demand,2030,268,15,15,0.04743613905862056
6424,e_demand,2030,268,16,16,0.04743613905862056
6425,e_demand,2030,268,17,17,0.04743613905862052
6426,e_demand,2030,268,18,18,0.04743613905862052
6427,e_demand,2030,268,19,19,0.04743613905862052
6428,e_demand,2030,268,20,20,0.04743613905862052
6429,e_demand,2030,268,21,21,0.04743613905862052
6430,e_demand,2030,268,22,22,0.04743613905862052
6431,e_demand,2030,268,23,23,0.04743613905862052
6432,e_demand,2030,268,24,24,0.04743613905862052
6433,e_demand,2030,269,1,1,0.2422280860081823
6434,e_demand,2030,269,2,2,0.2422280860081823
6435,e_demand,2030,269,3,3,0.2422280860081823
6436,e_demand,2030,269,4,4,0.2422280860081823
6437,e_demand,2030,269,5,5,0.2422280860081823
6438,e_demand,2030,269,6,6,0.2422280860081823
6439,e_demand,2030,269,7,7,0.24222808600818224
6440,e_demand,2030,269,8,8,0.2422280860081823
6441,e_demand,2030,269,9,9,0.2422280860081823
6442,e_demand,2030,269,10,10,0.2422280860081823
6443,e_demand,2030,269,11,11,0.2422280860081823
6444,e_demand,2030,269,12,12,0.2422280860081823
6445,e_demand,2030,269,13,13,0.2422280860081823
6446,e_demand,2030,269,14,14,0.2422280860081823
6447,e_demand,2030,269,15,15,0.2422280860081823
6448,e_demand,2030,269,16,16,0.2422280860081823
6449,e_demand,2030,269,17,17,0.2422280860081823
6450,e_demand,2030,269,18,18,0.2422280860081823
6451,e_demand,2030,269,19,19,0.24222808600818224
6452,e_demand,2030,269,20,20,0.2422280860081823
6453,e_demand,2030,269,21,21,0.2422280860081823
6454,e_demand,2030,269,22,22,0.24222808600818221
6455,e_demand,2030,269,23,23,0.2422280860081823
6456,e_demand,2030,269,24,24,0.2422280860081823
6457,e_demand,2030,270,1,1,0.02571772823615777
6458,e_demand,2030,270,2,2,0.02571772823615777
6459,e_demand,2030,270,3,3,0.02571772823615777
6460,e_demand,2030,270,4,4,0.02571772823615777
6461,e_demand,2030,270,5,5,0.02571772823615777
6462,e_demand,2030,270,6,6,0.02571772823615777
6463,e_demand,2030,270,7,7,0.02571772823615777
6464,e_demand,2030,270,8,8,0.02571772823615777
6465,e_demand,2030,270,9,9,0.02571772823615777
6466,e_demand,2030,270,10,10,0.02571772823615777
6467,e_demand,2030,270,11,11,0.02571772823615777
6468,e_demand,2030,270,12,12,0.02571772823615777
6469,e_demand,2030,270,13,13,0.02571772823615779
6470,e_demand,2030,270,14,14,0.02571772823615779
6471,e_demand,2030,270,15,15,0.02571772823615777
6472,e_demand,2030,270,16,16,0.02571772823615777
6473,e_demand,2030,270,17,17,0.02571772823615777
6474,e_demand,2030,270,18,18,0.02571772823615777
6475,e_demand,2030,270,19,19,0.02571772823615777
6476,e_demand,2030,270,20,20,0.02571772823615777
6477,e_demand,2030,270,21,21,0.02571772823615777
6478,e_demand,2030,270,22,22,0.02571772823615777
6479,e_demand,2030,270,23,23,0.02571772823615777
6480,e_demand,2030,270,24,24,0.02571772823615777
6481,e_demand,2030,271,1,1,0.5884679892501457
6482,e_demand,2030,271,2,2,0.5884679892501457
6483,e_demand,2030,271,3,3,0.5884679892501457
6484,e_demand,2030,271,4,4,0.5884679892501457
6485,e_demand,2030,271,5,5,0.5884679892501457
6486,e_demand,2030,271,6,6,0.5884679892501457
6487,e_demand,2030,271,7,7,0.5884679892501457
6488,e_demand,2030,271,8,8,0.5884679892501457
6489,e_demand,2030,271,9,9,0.5884679892501457
6490,e_demand,2030,271,10,10,0.5884679892501457
6491,e_demand,2030,271,11,11,0.5884679892501457
6492,e_demand,2030,271,12,12,0.5884679892501457
6493,e_demand,2030,271,13,13,0.5884679892501457
6494,e_demand,2030,271,14,14,0.5884679892501457
6495,e_demand,2030,271,15,15,0.5884679892501457
6496,e_demand,2030,271,16,16,0.5884679892501457
6497,e_demand,2030,271,17,17,0.5884679892501457
6498,e_demand,2030,271,18,18,0.5884679892501457
6499,e_demand,2030,271,19,19,0.6520420933519618
6500,e_demand,2030,271,20,20,0.6520420933519618
6501,e_demand,2030,271,21,21,0.5884679892501457
6502,e_demand,2030,271,22,22,0.5884679892501457
6503,e_demand,2030,271,23,23,0.5884679892501457
6504,e_demand,2030,271,24,24,0.5884679892501457
6505,e_demand,2030,272,1,1,0.0255439399910837
6506,e_demand,2030,272,2,2,0.025543939991083682
6507,e_demand,2030,272,3,3,0.025543939991083682
6508,e_demand,2030,272,4,4,0.025543939991083682
6509,e_demand,2030,272,5,5,0.025543939991083682
6510,e_demand,2030,272,6,6,0.025543939991083682
6511,e_demand,2030,272,7,7,0.025543939991083682
6512,e_demand,2030,272,8,8,0.025543939991083682
6513,e_demand,2030,272,9,9,0.025543939991083682
6514,e_demand,2030,272,10,10,0.0010217575996433472
6515,e_demand,2030,272,11,11,0.0010217575996433472
6516,e_demand,2030,272,12,12,0.0010217575996433472
6517,e_demand,2030,272,13,13,0.0010217575996433472
6518,e_demand,2030,272,14,14,0.0010217575996433472
6519,e_demand,2030,272,15,15,0.0010217575996433472
6520,e_demand,2030,272,16,16,0.0010217575996433472
6521,e_demand,2030,272,17,17,0.0010217575996433472
6522,e_demand,2030,272,18,18,0.025543939991083682
6523,e_demand,2030,272,19,19,0.025543939991083682
6524,e_demand,2030,272,20,20,0.025543939991083682
6525,e_demand,2030,272,21,21,0.025543939991083682
6526,e_demand,2030,272,22,22,0.025543939991083682
6527,e_demand,2030,272,23,23,0.025543939991083682
6528,e_demand,2030,272,24,24,0.025543939991083682
6529,e_demand,2030,273,1,1,0.02544125717674032
6530,e_demand,2030,273,2,2,0.02544125717674032
6531,e_demand,2030,273,3,3,0.02544125717674032
6532,e_demand,2030,273,4,4,0.02544125717674032
6533,e_demand,2030,273,5,5,0.02544125717674032
6534,e_demand,2030,273,6,6,0.02544125717674032
6535,e_demand,2030,273,7,7,0.02544125717674032
6536,e_demand,2030,273,8,8,0.02544125717674032
6537,e_demand,2030,273,9,9,0.02544125717674032
6538,e_demand,2030,273,10,10,0.02544125717674032
6539,e_demand,2030,273,11,11,0.02544125717674032
6540,e_demand,2030,273,12,12,0.02544125717674032
6541,e_demand,2030,273,13,13,0.02544125717674032
6542,e_demand,2030,273,14,14,0.02544125717674032
6543,e_demand,2030,273,15,15,0.02544125717674032
6544,e_demand,2030,273,16,16,0.02544125717674032
6545,e_demand,2030,273,17,17,0.02544125717674032
6546,e_demand,2030,273,18,18,0.02544125717674032
6547,e_demand,2030,273,19,19,0.02544125717674032
6548,e_demand,2030,273,20,20,0.02544125717674032
6549,e_demand,2030,273,21,21,0.02544125717674032
6550,e_demand,2030,273,22,22,0.02544125717674032
6551,e_demand,2030,273,23,23,0.02544125717674032
6552,e_demand,2030,273,24,24,0.02544125717674032
6553,e_demand,2030,274,1,1,0.06184885624107992
6554,e_demand,2030,274,2,2,0.06184885624107992
6555,e_demand,2030,274,3,3,0.06184885624107992
6556,e_demand,2030,274,4,4,0.06184885624107992
6557,e_demand,2030,274,5,5,0.06184885624107992
6558,e_demand,2030,274,6,6,0.06184885624107992
6559,e_demand,2030,274,7,7,0.06184885624107992
6560,e_demand,2030,274,8,8,0.06184885624107992
6561,e_demand,2030,274,9,9,0.06184885624107992
6562,e_demand,2030,274,10,10,0.06184885624107992
6563,e_demand,2030,274,11,11,0.06184885624107992
6564,e_demand,2030,274,12,12,0.06184885624107992
6565,e_demand,2030,274,13,13,0.06184885624107992
6566,e_demand,2030,274,14,14,0.06184885624107992
6567,e_demand,2030,274,15,15,0.06184885624107992
6568,e_demand,2030,274,16,16,0.06184885624107992
6569,e_demand,2030,274,17,17,0.06184885624107992
6570,e_demand,2030,274,18,18,0.06184885624107992
6571,e_demand,2030,274,19,19,0.06184885624107992
6572,e_demand,2030,274,20,20,0.06184885624107992
6573,e_demand,2030,274,21,21,0.06184885624107992
6574,e_demand,2030,274,22,22,0.06184885624107992
6575,e_demand,2030,274,23,23,0.06184885624107992
6576,e_demand,2030,274,24,24,0.06184885624107992
6577,e_demand,2030,275,1,1,0.025
6578,e_demand,2030,275,2,2,0.025
6579,e_demand,2030,275,3,3,0.025
6580,e_demand,2030,275,4,4,0.025
6581,e_demand,2030,275,5,5,0.025
6582,e_demand,2030,275,6,6,0.025
6583,e_demand,2030,275,7,7,0.025
6584,e_demand,2030,275,8,8,0.025
6585,e_demand,2030,275,9,9,0.025
6586,e_demand,2030,275,10,10,0.025
6587,e_demand,2030,275,11,11,0.025
6588,e_demand,2030,275,12,12,0.001
6589,e_demand,2030,275,13,13,0.001
6590,e_demand,2030,275,14,14,0.001
6591,e_demand,2030,275,15,15,0.001
6592,e_demand,2030,275,16,16,0.001
6593,e_demand,2030,275,17,17,0.001
6594,e_demand,2030,275,18,18,0.025
6595,e_demand,2030,275,19,19,0.025
6596,e_demand,2030,275,20,20,0.025
6597,e_demand,2030,275,21,21,0.025
6598,e_demand,2030,275,22,22,0.025
6599,e_demand,2030,275,23,23,0.025000000000000022
6600,e_demand,2030,275,24,24,0.025
6601,e_demand,2030,276,1,1,0.025860513192109153
6602,e_demand,2030,276,2,2,0.025860513192109153
6603,e_demand,2030,276,3,3,0.025860513192109153
6604,e_demand,2030,276,4,4,0.025860513192109153
6605,e_demand,2030,276,5,5,0.025860513192109153
6606,e_demand,2030,276,6,6,0.025860513192109153
6607,e_demand,2030,276,7,7,0.025860513192109153
6608,e_demand,2030,276,8,8,0.025860513192109153
6609,e_demand,2030,276,9,9,0.025860513192109153
6610,e_demand,2030,276,10,10,0.025860513192109153
6611,e_demand,2030,276,11,11,0.025860513192109153
6612,e_demand,2030,276,12,12,0.025860513192109174
6613,e_demand,2030,276,13,13,0.025860513192109174
6614,e_demand,2030,276,14,14,0.025860513192109174
6615,e_demand,2030,276,15,15,0.025860513192109174
6616,e_demand,2030,276,16,16,0.025860513192109153
6617,e_demand,2030,276,17,17,0.025860513192109153
6618,e_demand,2030,276,18,18,0.025860513192109153
6619,e_demand,2030,276,19,19,0.025860513192109153
6620,e_demand,2030,276,20,20,0.025860513192109153
6621,e_demand,2030,276,21,21,0.025860513192109153
6622,e_demand,2030,276,22,22,0.025860513192109153
6623,e_demand,2030,276,23,23,0.025860513192109153
6624,e_demand,2030,276,24,24,0.025860513192109153
6625,e_demand,2030,277,1,1,0.04565327878738317
6626,e_demand,2030,277,2,2,0.04565327878738317
6627,e_demand,2030,277,3,3,0.04565327878738317
6628,e_demand,2030,277,4,4,0.04565327878738317
6629,e_demand,2030,277,5,5,0.04565327878738317
6630,e_demand,2030,277,6,6,0.04565327878738317
6631,e_demand,2030,277,7,7,0.04565327878738317
6632,e_demand,2030,277,8,8,0.04565327878738317
6633,e_demand,2030,277,9,9,0.04565327878738317
6634,e_demand,2030,277,10,10,0.0456532787873832
6635,e_demand,2030,277,11,11,0.0018261311514953266
6636,e_demand,2030,277,12,12,0.0018261311514953266
6637,e_demand,2030,277,13,13,0.0018261311514953266
6638,e_demand,2030,277,14,14,0.0018261311514953266
6639,e_demand,2030,277,15,15,0.0018261311514953266
6640,e_demand,2030,277,16,16,0.0018261311514953266
6641,e_demand,2030,277,17,17,0.04565327878738317
6642,e_demand,2030,277,18,18,0.04565327878738317
6643,e_demand,2030,277,19,19,0.04565327878738317
6644,e_demand,2030,277,20,20,0.04565327878738317
6645,e_demand,2030,277,21,21,0.04565327878738317
6646,e_demand,2030,277,22,22,0.04565327878738317
6647,e_demand,2030,277,23,23,0.04565327878738317
6648,e_demand,2030,277,24,24,0.04565327878738317
6649,e_demand,2030,278,1,1,0.03999862801645066
6650,e_demand,2030,278,2,2,0.03999862801645066
6651,e_demand,2030,278,3,3,0.03999862801645066
6652,e_demand,2030,278,4,4,0.03999862801645066
6653,e_demand,2030,278,5,5,0.03999862801645066
6654,e_demand,2030,278,6,6,0.03999862801645066
6655,e_demand,2030,278,7,7,0.03999862801645066
6656,e_demand,2030,278,8,8,0.03999862801645066
6657,e_demand,2030,278,9,9,0.03999862801645066
6658,e_demand,2030,278,10,10,0.03999862801645066
6659,e_demand,2030,278,11,11,0.03999862801645066
6660,e_demand,2030,278,12,12,0.03999862801645066
6661,e_demand,2030,278,13,13,0.03999862801645066
6662,e_demand,2030,278,14,14,0.03609876178484672
6663,e_demand,2030,278,15,15,0.03609876178484672
6664,e_demand,2030,278,16,16,0.039998628016450696
6665,e_demand,2030,278,17,17,0.03999862801645066
6666,e_demand,2030,278,18,18,0.03999862801645066
6667,e_demand,2030,278,19,19,0.03999862801645066
6668,e_demand,2030,278,20,20,0.03999862801645066
6669,e_demand,2030,278,21,21,0.03999862801645066
6670,e_demand,2030,278,22,22,0.03999862801645066
6671,e_demand,2030,278,23,23,0.03999862801645066
6672,e_demand,2030,278,24,24,0.03999862801645066
6673,e_demand,2030,279,1,1,0.04674643213895831
6674,e_demand,2030,279,2,2,0.0018698572855583321
6675,e_demand,2030,279,3,3,0.0018698572855583321
6676,e_demand,2030,279,4,4,0.0018698572855583321
6677,e_demand,2030,279,5,5,0.0018698572855583321
6678,e_demand,2030,279,6,6,0.0018698572855583321
6679,e_demand,2030,279,7,7,0.0018698572855583321
6680,e_demand,2030,279,8,8,0.0018698572855583321
6681,e_demand,2030,279,9,9,0.0018698572855583321
6682,e_demand,2030,279,10,10,0.0018698572855583321
6683,e_demand,2030,279,11,11,0.0018698572855583321
6684,e_demand,2030,279,12,12,0.0018698572855583321
6685,e_demand,2030,279,13,13,0.0018698572855583321
6686,e_demand,2030,279,14,14,0.0018698572855583321
6687,e_demand,2030,279,15,15,0.0018698572855583321
6688,e_demand,2030,279,16,16,0.0018698572855583321
6689,e_demand,2030,279,17,17,0.0018698572855583321
6690,e_demand,2030,279,18,18,0.0018698572855583321
6691,e_demand,2030,279,19,19,0.0018698572855583321
6692,e_demand,2030,279,20,20,0.0018698572855583321
6693,e_demand,2030,279,21,21,0.0018698572855583321
6694,e_demand,2030,279,22,22,0.0020718640283194814
6695,e_demand,2030,279,23,23,0.0018698572855583321
6696,e_demand,2030,279,24,24,0.0018698572855583321
6697,e_demand,2030,280,1,1,0.025
6698,e_demand,2030,280,2,2,0.025
6699,e_demand,2030,280,3,3,0.025
6700,e_demand,2030,280,4,4,0.025
6701,e_demand,2030,280,5,5,0.025
6702,e_demand,2030,280,6,6,0.025
6703,e_demand,2030,280,7,7,0.025
6704,e_demand,2030,280,8,8,0.025
6705,e_demand,2030,280,9,9,0.025
6706,e_demand,2030,280,10,10,0.025
6707,e_demand,2030,280,11,11,0.025000000000000022
6708,e_demand,2030,280,12,12,0.022562500000000003
6709,e_demand,2030,280,13,13,0.022562500000000003
6710,e_demand,2030,280,14,14,0.001
6711,e_demand,2030,280,15,15,0.022562500000000003
6712,e_demand,2030,280,16,16,0.025
6713,e_demand,2030,280,17,17,0.025
6714,e_demand,2030,280,18,18,0.025
6715,e_demand,2030,280,19,19,0.025
6716,e_demand,2030,280,20,20,0.025
6717,e_demand,2030,280,21,21,0.025
6718,e_demand,2030,280,22,22,0.025
6719,e_demand,2030,280,23,23,0.025
6720,e_demand,2030,280,24,24,0.025
6721,e_demand,2030,281,1,1,0.04286494122056879
6722,e_demand,2030,281,2,2,0.04286494122056879
6723,e_demand,2030,281,3,3,0.04286494122056879
6724,e_demand,2030,281,4,4,0.04286494122056879
6725,e_demand,2030,281,5,5,0.04286494122056879
6726,e_demand,2030,281,6,6,0.04286494122056879
6727,e_demand,2030,281,7,7,0.04286494122056879
6728,e_demand,2030,281,8,8,0.04286494122056879
6729,e_demand,2030,281,9,9,0.04286494122056879
6730,e_demand,2030,281,10,10,0.04286494122056879
6731,e_demand,2030,281,11,11,0.0017145976488227514
6732,e_demand,2030,281,12,12,0.0017145976488227514
6733,e_demand,2030,281,13,13,0.0017145976488227514
6734,e_demand,2030,281,14,14,0.0017145976488227514
6735,e_demand,2030,281,15,15,0.0017145976488227514
6736,e_demand,2030,281,16,16,0.0017145976488227514
6737,e_demand,2030,281,17,17,0.0017145976488227514
6738,e_demand,2030,281,18,18,0.04286494122056879
6739,e_demand,2030,281,19,19,0.04286494122056879
6740,e_demand,2030,281,20,20,0.04286494122056879
6741,e_demand,2030,281,21,21,0.04286494122056879
6742,e_demand,2030,281,22,22,0.04286494122056879
6743,e_demand,2030,281,23,23,0.04286494122056879
6744,e_demand,2030,281,24,24,0.04286494122056879
6745,e_demand,2030,282,1,1,0.09280006969493457
6746,e_demand,2030,282,2,2,0.09280006969493457
6747,e_demand,2030,282,3,3,0.09280006969493457
6748,e_demand,2030,282,4,4,0.09280006969493457
6749,e_demand,2030,282,5,5,0.09280006969493457
6750,e_demand,2030,282,6,6,0.09280006969493457
6751,e_demand,2030,282,7,7,0.09280006969493457
6752,e_demand,2030,282,8,8,0.09280006969493457
6753,e_demand,2030,282,9,9,0.09280006969493457
6754,e_demand,2030,282,10,10,0.09280006969493457
6755,e_demand,2030,282,11,11,0.09280006969493457
6756,e_demand,2030,282,12,12,0.09280006969493457
6757,e_demand,2030,282,13,13,0.09280006969493457
6758,e_demand,2030,282,14,14,0.09280006969493457
6759,e_demand,2030,282,15,15,0.09280006969493457
6760,e_demand,2030,282,16,16,0.09280006969493457
6761,e_demand,2030,282,17,17,0.09280006969493457
6762,e_demand,2030,282,18,18,0.09280006969493457
6763,e_demand,2030,282,19,19,0.09280006969493451
6764,e_demand,2030,282,20,20,0.09280006969493453
6765,e_demand,2030,282,21,21,0.09280006969493453
6766,e_demand,2030,282,22,22,0.09280006969493453
6767,e_demand,2030,282,23,23,0.09280006969493457
6768,e_demand,2030,282,24,24,0.09280006969493457
6769,e_demand,2030,283,1,1,0.025
6770,e_demand,2030,283,2,2,0.025
6771,e_demand,2030,283,3,3,0.025
6772,e_demand,2030,283,4,4,0.025
6773,e_demand,2030,283,5,5,0.025
6774,e_demand,2030,283,6,6,0.025
6775,e_demand,2030,283,7,7,0.025
6776,e_demand,2030,283,8,8,0.025
6777,e_demand,2030,283,9,9,0.025
6778,e_demand,2030,283,10,10,0.025
6779,e_demand,2030,283,11,11,0.025
6780,e_demand,2030,283,12,12,0.025
6781,e_demand,2030,283,13,13,0.025
6782,e_demand,2030,283,14,14,0.025000000000000022
6783,e_demand,2030,283,15,15,0.025
6784,e_demand,2030,283,16,16,0.025
6785,e_demand,2030,283,17,17,0.025
6786,e_demand,2030,283,18,18,0.025
6787,e_demand,2030,283,19,19,0.025
6788,e_demand,2030,283,20,20,0.025
6789,e_demand,2030,283,21,21,0.025
6790,e_demand,2030,283,22,22,0.025
6791,e_demand,2030,283,23,23,0.025
6792,e_demand,2030,283,24,24,0.025
6793,e_demand,2030,284,1,1,0.025
6794,e_demand,2030,284,2,2,0.025
6795,e_demand,2030,284,3,3,0.025
6796,e_demand,2030,284,4,4,0.025
6797,e_demand,2030,284,5,5,0.025000000000000022
6798,e_demand,2030,284,6,6,0.025000000000000022
6799,e_demand,2030,284,7,7,0.025
6800,e_demand,2030,284,8,8,0.025
6801,e_demand,2030,284,9,9,0.025
6802,e_demand,2030,284,10,10,0.025
6803,e_demand,2030,284,11,11,0.025
6804,e_demand,2030,284,12,12,0.001
6805,e_demand,2030,284,13,13,0.001
6806,e_demand,2030,284,14,14,0.001
6807,e_demand,2030,284,15,15,0.001
6808,e_demand,2030,284,16,16,0.001
6809,e_demand,2030,284,17,17,0.025
6810,e_demand,2030,284,18,18,0.025
6811,e_demand,2030,284,19,19,0.025
6812,e_demand,2030,284,20,20,0.025
6813,e_demand,2030,284,21,21,0.025
6814,e_demand,2030,284,22,22,0.025
6815,e_demand,2030,284,23,23,0.025
6816,e_demand,2030,284,24,24,0.025
6817,e_demand,2030,285,1,1,0.026971774017652474
6818,e_demand,2030,285,2,2,0.026971774017652474
6819,e_demand,2030,285,3,3,0.026971774017652474
6820,e_demand,2030,285,4,4,0.026971774017652474
6821,e_demand,2030,285,5,5,0.026971774017652474
6822,e_demand,2030,285,6,6,0.026971774017652474
6823,e_demand,2030,285,7,7,0.026971774017652474
6824,e_demand,2030,285,8,8,0.026971774017652474
6825,e_demand,2030,285,9,9,0.026971774017652474
6826,e_demand,2030,285,10,10,0.026971774017652474
6827,e_demand,2030,285,11,11,0.026971774017652474
6828,e_demand,2030,285,12,12,0.026971774017652474
6829,e_demand,2030,285,13,13,0.026971774017652474
6830,e_demand,2030,285,14,14,0.026971774017652474
6831,e_demand,2030,285,15,15,0.026971774017652474
6832,e_demand,2030,285,16,16,0.026971774017652474
6833,e_demand,2030,285,17,17,0.026971774017652474
6834,e_demand,2030,285,18,18,0.026971774017652474
6835,e_demand,2030,285,19,19,0.026971774017652474
6836,e_demand,2030,285,20,20,0.026971774017652474
6837,e_demand,2030,285,21,21,0.026971774017652474
6838,e_demand,2030,285,22,22,0.026971774017652474
6839,e_demand,2030,285,23,23,0.026971774017652474
6840,e_demand,2030,285,24,24,0.026971774017652474
6841,e_demand,2030,286,1,1,0.030108997894262152
6842,e_demand,2030,286,2,2,0.030108997894262152
6843,e_demand,2030,286,3,3,0.030108997894262152
6844,e_demand,2030,286,4,4,0.030108997894262152
6845,e_demand,2030,286,5,5,0.030108997894262152
6846,e_demand,2030,286,6,6,0.030108997894262152
6847,e_demand,2030,286,7,7,0.030108997894262152
6848,e_demand,2030,286,8,8,0.030108997894262152
6849,e_demand,2030,286,9,9,0.030108997894262152
6850,e_demand,2030,286,10,10,0.001204359915770486
6851,e_demand,2030,286,11,11,0.001204359915770486
6852,e_demand,2030,286,12,12,0.001204359915770486
6853,e_demand,2030,286,13,13,0.001204359915770486
6854,e_demand,2030,286,14,14,0.001204359915770486
6855,e_demand,2030,286,15,15,0.001204359915770486
6856,e_demand,2030,286,16,16,0.001204359915770486
6857,e_demand,2030,286,17,17,0.001204359915770486
6858,e_demand,2030,286,18,18,0.001204359915770486
6859,e_demand,2030,286,19,19,0.030108997894262152
6860,e_demand,2030,286,20,20,0.030108997894262152
6861,e_demand,2030,286,21,21,0.030108997894262152
6862,e_demand,2030,286,22,22,0.030108997894262152
6863,e_demand,2030,286,23,23,0.030108997894262152
6864,e_demand,2030,286,24,24,0.030108997894262152
6865,e_demand,2030,287,1,1,0.0259481189489991
6866,e_demand,2030,287,2,2,0.0259481189489991
6867,e_demand,2030,287,3,3,0.0259481189489991
6868,e_demand,2030,287,4,4,0.0259481189489991
6869,e_demand,2030,287,5,5,0.0259481189489991
6870,e_demand,2030,287,6,6,0.0259481189489991
6871,e_demand,2030,287,7,7,0.0259481189489991
6872,e_demand,2030,287,8,8,0.0259481189489991
6873,e_demand,2030,287,9,9,0.0259481189489991
6874,e_demand,2030,287,10,10,0.0259481189489991
6875,e_demand,2030,287,11,11,0.0259481189489991
6876,e_demand,2030,287,12,12,0.0259481189489991
6877,e_demand,2030,287,13,13,0.0259481189489991
6878,e_demand,2030,287,14,14,0.02594811894899912
6879,e_demand,2030,287,15,15,0.02594811894899912
6880,e_demand,2030,287,16,16,0.0259481189489991
6881,e_demand,2030,287,17,17,0.0259481189489991
6882,e_demand,2030,287,18,18,0.0259481189489991
6883,e_demand,2030,287,19,19,0.0259481189489991
6884,e_demand,2030,287,20,20,0.0259481189489991
6885,e_demand,2030,287,21,21,0.0259481189489991
6886,e_demand,2030,287,22,22,0.0259481189489991
6887,e_demand,2030,287,23,23,0.0259481189489991
6888,e_demand,2030,287,24,24,0.0259481189489991
6889,e_demand,2030,288,1,1,0.08559254245615912
6890,e_demand,2030,288,2,2,0.08559254245615912
6891,e_demand,2030,288,3,3,0.08559254245615912
6892,e_demand,2030,288,4,4,0.08559254245615912
6893,e_demand,2030,288,5,5,0.08559254245615912
6894,e_demand,2030,288,6,6,0.08559254245615912
6895,e_demand,2030,288,7,7,0.08559254245615912
6896,e_demand,2030,288,8,8,0.08559254245615912
6897,e_demand,2030,288,9,9,0.08559254245615912
6898,e_demand,2030,288,10,10,0.08559254245615912
6899,e_demand,2030,288,11,11,0.08559254245615912
6900,e_demand,2030,288,12,12,0.08559254245615912
6901,e_demand,2030,288,13,13,0.08559254245615912
6902,e_demand,2030,288,14,14,0.08559254245615912
6903,e_demand,2030,288,15,15,0.08559254245615912
6904,e_demand,2030,288,16,16,0.08559254245615912
6905,e_demand,2030,288,17,17,0.08559254245615912
6906,e_demand,2030,288,18,18,0.0855925424561591
6907,e_demand,2030,288,19,19,0.0855925424561591
6908,e_demand,2030,288,20,20,0.09483938222289096
6909,e_demand,2030,288,21,21,0.09483938222289096
6910,e_demand,2030,288,22,22,0.08559254245615912
6911,e_demand,2030,288,23,23,0.08559254245615912
6912,e_demand,2030,288,24,24,0.08559254245615912
6913,e_demand,2030,289,1,1,0.030250657862516562
6914,e_demand,2030,289,2,2,0.030250657862516562
6915,e_demand,2030,289,3,3,0.030250657862516562
6916,e_demand,2030,289,4,4,0.030250657862516562
6917,e_demand,2030,289,5,5,0.030250657862516562
6918,e_demand,2030,289,6,6,0.030250657862516562
6919,e_demand,2030,289,7,7,0.030250657862516562
6920,e_demand,2030,289,8,8,0.030250657862516562
6921,e_demand,2030,289,9,9,0.030250657862516562
6922,e_demand,2030,289,10,10,0.030250657862516562
6923,e_demand,2030,289,11,11,0.030250657862516562
6924,e_demand,2030,289,12,12,0.030250657862516562
6925,e_demand,2030,289,13,13,0.030250657862516562
6926,e_demand,2030,289,14,14,0.030250657862516562
6927,e_demand,2030,289,15,15,0.030250657862516562
6928,e_demand,2030,289,16,16,0.030250657862516562
6929,e_demand,2030,289,17,17,0.030250657862516562
6930,e_demand,2030,289,18,18,0.04235092100752319
6931,e_demand,2030,289,19,19,0.04235092100752319
6932,e_demand,2030,289,20,20,0.04235092100752319
6933,e_demand,2030,289,21,21,0.04235092100752319
6934,e_demand,2030,289,22,22,0.04235092100752319
6935,e_demand,2030,289,23,23,0.030250657862516562
6936,e_demand,2030,289,24,24,0.030250657862516562
6937,e_demand,2030,290,1,1,0.025
6938,e_demand,2030,290,2,2,0.025
6939,e_demand,2030,290,3,3,0.025
6940,e_demand,2030,290,4,4,0.025
6941,e_demand,2030,290,5,5,0.025
6942,e_demand,2030,290,6,6,0.025
6943,e_demand,2030,290,7,7,0.025
6944,e_demand,2030,290,8,8,0.025
6945,e_demand,2030,290,9,9,0.025
6946,e_demand,2030,290,10,10,0.001
6947,e_demand,2030,290,11,11,0.001
6948,e_demand,2030,290,12,12,0.001
6949,e_demand,2030,290,13,13,0.001
6950,e_demand,2030,290,14,14,0.001
6951,e_demand,2030,290,15,15,0.001
6952,e_demand,2030,290,16,16,0.001
6953,e_demand,2030,290,17,17,0.001
6954,e_demand,2030,290,18,18,0.025
6955,e_demand,2030,290,19,19,0.025
6956,e_demand,2030,290,20,20,0.025
6957,e_demand,2030,290,21,21,0.025
6958,e_demand,2030,290,22,22,0.025
6959,e_demand,2030,290,23,23,0.025
6960,e_demand,2030,290,24,24,0.025
6961,e_demand,2030,291,1,1,0.025
6962,e_demand,2030,291,2,2,0.025
6963,e_demand,2030,291,3,3,0.025
6964,e_demand,2030,291,4,4,0.025
6965,e_demand,2030,291,5,5,0.025
6966,e_demand,2030,291,6,6,0.025
6967,e_demand,2030,291,7,7,0.025
6968,e_demand,2030,291,8,8,0.025
6969,e_demand,2030,291,9,9,0.025000000000000022
6970,e_demand,2030,291,10,10,0.001
6971,e_demand,2030,291,11,11,0.001
6972,e_demand,2030,291,12,12,0.001
6973,e_demand,2030,291,13,13,0.001
6974,e_demand,2030,291,14,14,0.001
6975,e_demand,2030,291,15,15,0.001
6976,e_demand,2030,291,16,16,0.001
6977,e_demand,2030,291,17,17,0.001
6978,e_demand,2030,291,18,18,0.025
6979,e_demand,2030,291,19,19,0.025
6980,e_demand,2030,291,20,20,0.025
6981,e_demand,2030,291,21,21,0.025
6982,e_demand,2030,291,22,22,0.025
6983,e_demand,2030,291,23,23,0.025
6984,e_demand,2030,291,24,24,0.025
6985,e_demand,2030,292,1,1,0.08267194802928551
6986,e_demand,2030,292,2,2,0.08267194802928551
6987,e_demand,2030,292,3,3,0.08267194802928551
6988,e_demand,2030,292,4,4,0.08267194802928551
6989,e_demand,2030,292,5,5,0.08267194802928551
6990,e_demand,2030,292,6,6,0.08267194802928551
6991,e_demand,2030,292,7,7,0.08267194802928551
6992,e_demand,2030,292,8,8,0.08267194802928551
6993,e_demand,2030,292,9,9,0.08267194802928551
6994,e_demand,2030,292,10,10,0.08267194802928551
6995,e_demand,2030,292,11,11,0.08267194802928551
6996,e_demand,2030,292,12,12,0.08267194802928551
6997,e_demand,2030,292,13,13,0.08267194802928551
6998,e_demand,2030,292,14,14,0.08267194802928551
6999,e_demand,2030,292,15,15,0.08267194802928551
7000,e_demand,2030,292,16,16,0.08267194802928551
7001,e_demand,2030,292,17,17,0.08267194802928551
7002,e_demand,2030,292,18,18,0.08267194802928551
7003,e_demand,2030,292,19,19,0.08267194802928551
7004,e_demand,2030,292,20,20,0.08267194802928551
7005,e_demand,2030,292,21,21,0.08267194802928551
7006,e_demand,2030,292,22,22,0.08267194802928551
7007,e_demand,2030,292,23,23,0.08267194802928551
7008,e_demand,2030,292,24,24,0.08267194802928551
7009,e_demand,2030,293,1,1,0.043469933610118805
7010,e_demand,2030,293,2,2,0.043469933610118805
7011,e_demand,2030,293,3,3,0.043469933610118805
7012,e_demand,2030,293,4,4,0.043469933610118805
7013,e_demand,2030,293,5,5,0.043469933610118805
7014,e_demand,2030,293,6,6,0.043469933610118805
7015,e_demand,2030,293,7,7,0.043469933610118805
7016,e_demand,2030,293,8,8,0.043469933610118805
7017,e_demand,2030,293,9,9,0.043469933610118805
7018,e_demand,2030,293,10,10,0.043469933610118805
7019,e_demand,2030,293,11,11,0.043469933610118805
7020,e_demand,2030,293,12,12,0.043469933610118784
7021,e_demand,2030,293,13,13,0.043469933610118784
7022,e_demand,2030,293,14,14,0.043469933610118784
7023,e_demand,2030,293,15,15,0.043469933610118784
7024,e_demand,2030,293,16,16,0.043469933610118805
7025,e_demand,2030,293,17,17,0.043469933610118805
7026,e_demand,2030,293,18,18,0.043469933610118805
7027,e_demand,2030,293,19,19,0.043469933610118805
7028,e_demand,2030,293,20,20,0.043469933610118805
7029,e_demand,2030,293,21,21,0.043469933610118805
7030,e_demand,2030,293,22,22,0.043469933610118805
7031,e_demand,2030,293,23,23,0.043469933610118805
7032,e_demand,2030,293,24,24,0.043469933610118805
7033,e_demand,2030,294,1,1,0.025
7034,e_demand,2030,294,2,2,0.025
7035,e_demand,2030,294,3,3,0.025
7036,e_demand,2030,294,4,4,0.025
7037,e_demand,2030,294,5,5,0.025
7038,e_demand,2030,294,6,6,0.025
7039,e_demand,2030,294,7,7,0.025
7040,e_demand,2030,294,8,8,0.025
7041,e_demand,2030,294,9,9,0.025
7042,e_demand,2030,294,10,10,0.025
7043,e_demand,2030,294,11,11,0.025000000000000022
7044,e_demand,2030,294,12,12,0.001
7045,e_demand,2030,294,13,13,0.001
7046,e_demand,2030,294,14,14,0.001
7047,e_demand,2030,294,15,15,0.001
7048,e_demand,2030,294,16,16,0.001
7049,e_demand,2030,294,17,17,0.025
7050,e_demand,2030,294,18,18,0.025
7051,e_demand,2030,294,19,19,0.025
7052,e_demand,2030,294,20,20,0.025
7053,e_demand,2030,294,21,21,0.025
7054,e_demand,2030,294,22,22,0.025
7055,e_demand,2030,294,23,23,0.025
7056,e_demand,2030,294,24,24,0.025
7057,e_demand,2030,295,1,1,0.027120479223875116
7058,e_demand,2030,295,2,2,0.027120479223875116
7059,e_demand,2030,295,3,3,0.027120479223875116
7060,e_demand,2030,295,4,4,0.027120479223875116
7061,e_demand,2030,295,5,5,0.027120479223875116
7062,e_demand,2030,295,6,6,0.027120479223875116
7063,e_demand,2030,295,7,7,0.027120479223875116
7064,e_demand,2030,295,8,8,0.027120479223875116
7065,e_demand,2030,295,9,9,0.0010848191689550046
7066,e_demand,2030,295,10,10,0.0010848191689550046
7067,e_demand,2030,295,11,11,0.0010848191689550046
7068,e_demand,2030,295,12,12,0.0010848191689550046
7069,e_demand,2030,295,13,13,0.0010848191689550046
7070,e_demand,2030,295,14,14,0.0010848191689550046
7071,e_demand,2030,295,15,15,0.0010848191689550046
7072,e_demand,2030,295,16,16,0.0010848191689550046
7073,e_demand,2030,295,17,17,0.0010848191689550046
7074,e_demand,2030,295,18,18,0.0010848191689550046
7075,e_demand,2030,295,19,19,0.027120479223875116
7076,e_demand,2030,295,20,20,0.027120479223875116
7077,e_demand,2030,295,21,21,0.027120479223875116
7078,e_demand,2030,295,22,22,0.027120479223875116
7079,e_demand,2030,295,23,23,0.027120479223875116
7080,e_demand,2030,295,24,24,0.027120479223875116
7081,e_demand,2030,296,1,1,0.03372722614585338
7082,e_demand,2030,296,2,2,0.03372722614585338
7083,e_demand,2030,296,3,3,0.03372722614585338
7084,e_demand,2030,296,4,4,0.03372722614585338
7085,e_demand,2030,296,5,5,0.03372722614585338
7086,e_demand,2030,296,6,6,0.03372722614585338
7087,e_demand,2030,296,7,7,0.03372722614585338
7088,e_demand,2030,296,8,8,0.03372722614585338
7089,e_demand,2030,296,9,9,0.03372722614585338
7090,e_demand,2030,296,10,10,0.03372722614585338
7091,e_demand,2030,296,11,11,0.03372722614585338
7092,e_demand,2030,296,12,12,0.03372722614585338
7093,e_demand,2030,296,13,13,0.03372722614585338
7094,e_demand,2030,296,14,14,0.03372722614585338
7095,e_demand,2030,296,15,15,0.03372722614585338
7096,e_demand,2030,296,16,16,0.03372722614585338
7097,e_demand,2030,296,17,17,0.03372722614585338
7098,e_demand,2030,296,18,18,0.03372722614585338
7099,e_demand,2030,296,19,19,0.03372722614585338
7100,e_demand,2030,296,20,20,0.03372722614585338
7101,e_demand,2030,296,21,21,0.03372722614585338
7102,e_demand,2030,296,22,22,0.03372722614585338
7103,e_demand,2030,296,23,23,0.03372722614585338
7104,e_demand,2030,296,24,24,0.03372722614585338
7105,e_demand,2030,297,1,1,0.02814622338044756
7106,e_demand,2030,297,2,2,0.02814622338044756
7107,e_demand,2030,297,3,3,0.02814622338044756
7108,e_demand,2030,297,4,4,0.02814622338044756
7109,e_demand,2030,297,5,5,0.02814622338044756
7110,e_demand,2030,297,6,6,0.02814622338044756
7111,e_demand,2030,297,7,7,0.02814622338044756
7112,e_demand,2030,297,8,8,0.02814622338044756
7113,e_demand,2030,297,9,9,0.02814622338044756
7114,e_demand,2030,297,10,10,0.02814622338044756
7115,e_demand,2030,297,11,11,0.02814622338044756
7116,e_demand,2030,297,12,12,0.02814622338044756
7117,e_demand,2030,297,13,13,0.02814622338044756
7118,e_demand,2030,297,14,14,0.02814622338044756
7119,e_demand,2030,297,15,15,0.02814622338044756
7120,e_demand,2030,297,16,16,0.02814622338044756
7121,e_demand,2030,297,17,17,0.02814622338044756
7122,e_demand,2030,297,18,18,0.02814622338044756
7123,e_demand,2030,297,19,19,0.02814622338044756
7124,e_demand,2030,297,20,20,0.02814622338044756
7125,e_demand,2030,297,21,21,0.02814622338044756
7126,e_demand,2030,297,22,22,0.02814622338044756
7127,e_demand,2030,297,23,23,0.02814622338044756
7128,e_demand,2030,297,24,24,0.02814622338044756
7129,e_demand,2030,298,1,1,0.043419736174517005
7130,e_demand,2030,298,2,2,0.043419736174517005
7131,e_demand,2030,298,3,3,0.043419736174517005
7132,e_demand,2030,298,4,4,0.043419736174517005
7133,e_demand,2030,298,5,5,0.043419736174517005
7134,e_demand,2030,298,6,6,0.043419736174517005
7135,e_demand,2030,298,7,7,0.043419736174517005
7136,e_demand,2030,298,8,8,0.043419736174517005
7137,e_demand,2030,298,9,9,0.043419736174517005
7138,e_demand,2030,298,10,10,0.043419736174517005
7139,e_demand,2030,298,11,11,0.043419736174517005
7140,e_demand,2030,298,12,12,0.043419736174517005
7141,e_demand,2030,298,13,13,0.043419736174517005
7142,e_demand,2030,298,14,14,0.043419736174517005
7143,e_demand,2030,298,15,15,0.043419736174517005
7144,e_demand,2030,298,16,16,0.043419736174517005
7145,e_demand,2030,298,17,17,0.043419736174517005
7146,e_demand,2030,298,18,18,0.043419736174517005
7147,e_demand,2030,298,19,19,0.043419736174517005
7148,e_demand,2030,298,20,20,0.043419736174517005
7149,e_demand,2030,298,21,21,0.043419736174517005
7150,e_demand,2030,298,22,22,0.043419736174517005
7151,e_demand,2030,298,23,23,0.043419736174517005
7152,e_demand,2030,298,24,24,0.043419736174517005
7153,e_demand,2030,299,1,1,0.06842926555469311
7154,e_demand,2030,299,2,2,0.06842926555469311
7155,e_demand,2030,299,3,3,0.06842926555469311
7156,e_demand,2030,299,4,4,0.06842926555469311
7157,e_demand,2030,299,5,5,0.06842926555469311
7158,e_demand,2030,299,6,6,0.06842926555469311
7159,e_demand,2030,299,7,7,0.06842926555469311
7160,e_demand,2030,299,8,8,0.06842926555469311
7161,e_demand,2030,299,9,9,0.06842926555469311
7162,e_demand,2030,299,10,10,0.06842926555469311
7163,e_demand,2030,299,11,11,0.06842926555469311
7164,e_demand,2030,299,12,12,0.06842926555469311
7165,e_demand,2030,299,13,13,0.06842926555469311
7166,e_demand,2030,299,14,14,0.06842926555469311
7167,e_demand,2030,299,15,15,0.06842926555469311
7168,e_demand,2030,299,16,16,0.06842926555469311
7169,e_demand,2030,299,17,17,0.06842926555469311
7170,e_demand,2030,299,18,18,0.06842926555469311
7171,e_demand,2030,299,19,19,0.06842926555469311
7172,e_demand,2030,299,20,20,0.06842926555469311
7173,e_demand,2030,299,21,21,0.06842926555469311
7174,e_demand,2030,299,22,22,0.06842926555469311
7175,e_demand,2030,299,23,23,0.06842926555469311
7176,e_demand,2030,299,24,24,0.06842926555469311
7177,e_demand,2030,300,1,1,0.027665690004139938
7178,e_demand,2030,300,2,2,0.027665690004139938
7179,e_demand,2030,300,3,3,0.027665690004139938
7180,e_demand,2030,300,4,4,0.027665690004139938
7181,e_demand,2030,300,5,5,0.027665690004139938
7182,e_demand,2030,300,6,6,0.027665690004139938
7183,e_demand,2030,300,7,7,0.027665690004139938
7184,e_demand,2030,300,8,8,0.027665690004139938
7185,e_demand,2030,300,9,9,0.027665690004139938
7186,e_demand,2030,300,10,10,0.027665690004139938
7187,e_demand,2030,300,11,11,0.027665690004139938
7188,e_demand,2030,300,12,12,0.027665690004139938
7189,e_demand,2030,300,13,13,0.027665690004139938
7190,e_demand,2030,300,14,14,0.027665690004139938
7191,e_demand,2030,300,15,15,0.027665690004139938
7192,e_demand,2030,300,16,16,0.027665690004139938
7193,e_demand,2030,300,17,17,0.027665690004139938
7194,e_demand,2030,300,18,18,0.027665690004139938
7195,e_demand,2030,300,19,19,0.027665690004139938
7196,e_demand,2030,300,20,20,0.027665690004139938
7197,e_demand,2030,300,21,21,0.027665690004139955
7198,e_demand,2030,300,22,22,0.027665690004139938
7199,e_demand,2030,300,23,23,0.027665690004139938
7200,e_demand,2030,300,24,24,0.027665690004139938
7201,e_demand,2030,301,1,1,0.02575642633160602
7202,e_demand,2030,301,2,2,0.02575642633160602
7203,e_demand,2030,301,3,3,0.02575642633160602
7204,e_demand,2030,301,4,4,0.02575642633160602
7205,e_demand,2030,301,5,5,0.02575642633160602
7206,e_demand,2030,301,6,6,0.02575642633160602
7207,e_demand,2030,301,7,7,0.02575642633160602
7208,e_demand,2030,301,8,8,0.02575642633160602
7209,e_demand,2030,301,9,9,0.02575642633160602
7210,e_demand,2030,301,10,10,0.025756426331606044
7211,e_demand,2030,301,11,11,0.0010302570532642408
7212,e_demand,2030,301,12,12,0.0010302570532642408
7213,e_demand,2030,301,13,13,0.0010302570532642408
7214,e_demand,2030,301,14,14,0.0010302570532642408
7215,e_demand,2030,301,15,15,0.0010302570532642408
7216,e_demand,2030,301,16,16,0.0010302570532642408
7217,e_demand,2030,301,17,17,0.025756426331606044
7218,e_demand,2030,301,18,18,0.02575642633160602
7219,e_demand,2030,301,19,19,0.02575642633160602
7220,e_demand,2030,301,20,20,0.02575642633160602
7221,e_demand,2030,301,21,21,0.02575642633160602
7222,e_demand,2030,301,22,22,0.02575642633160602
7223,e_demand,2030,301,23,23,0.02575642633160602
7224,e_demand,2030,301,24,24,0.02575642633160602
7225,e_demand,2030,302,1,1,0.025
7226,e_demand,2030,302,2,2,0.025
7227,e_demand,2030,302,3,3,0.025
7228,e_demand,2030,302,4,4,0.025
7229,e_demand,2030,302,5,5,0.025
7230,e_demand,2030,302,6,6,0.025
7231,e_demand,2030,302,7,7,0.025
7232,e_demand,2030,302,8,8,0.025
7233,e_demand,2030,302,9,9,0.025
7234,e_demand,2030,302,10,10,0.025
7235,e_demand,2030,302,11,11,0.025
7236,e_demand,2030,302,12,12,0.025
7237,e_demand,2030,302,13,13,0.025
7238,e_demand,2030,302,14,14,0.025
7239,e_demand,2030,302,15,15,0.025
7240,e_demand,2030,302,16,16,0.025
7241,e_demand,2030,302,17,17,0.025
7242,e_demand,2030,302,18,18,0.025
7243,e_demand,2030,302,19,19,0.025
7244,e_demand,2030,302,20,20,0.025
7245,e_demand,2030,302,21,21,0.025
7246,e_demand,2030,302,22,22,0.025
7247,e_demand,2030,302,23,23,0.025
7248,e_demand,2030,302,24,24,0.025
7249,e_demand,2030,303,1,1,0.025
7250,e_demand,2030,303,2,2,0.025
7251,e_demand,2030,303,3,3,0.025
7252,e_demand,2030,303,4,4,0.025
7253,e_demand,2030,303,5,5,0.025
7254,e_demand,2030,303,6,6,0.025
7255,e_demand,2030,303,7,7,0.025
7256,e_demand,2030,303,8,8,0.025
7257,e_demand,2030,303,9,9,0.025
7258,e_demand,2030,303,10,10,0.025
7259,e_demand,2030,303,11,11,0.025
7260,e_demand,2030,303,12,12,0.001
7261,e_demand,2030,303,13,13,0.001
7262,e_demand,2030,303,14,14,0.001
7263,e_demand,2030,303,15,15,0.001
7264,e_demand,2030,303,16,16,0.001
7265,e_demand,2030,303,17,17,0.001
7266,e_demand,2030,303,18,18,0.025
7267,e_demand,2030,303,19,19,0.025
7268,e_demand,2030,303,20,20,0.025
7269,e_demand,2030,303,21,21,0.025
7270,e_demand,2030,303,22,22,0.025
7271,e_demand,2030,303,23,23,0.025
7272,e_demand,2030,303,24,24,0.025
7273,e_demand,2030,304,1,1,0.026208855976266127
7274,e_demand,2030,304,2,2,0.026208855976266127
7275,e_demand,2030,304,3,3,0.026208855976266127
7276,e_demand,2030,304,4,4,0.026208855976266127
7277,e_demand,2030,304,5,5,0.026208855976266127
7278,e_demand,2030,304,6,6,0.026208855976266127
7279,e_demand,2030,304,7,7,0.026208855976266127
7280,e_demand,2030,304,8,8,0.026208855976266127
7281,e_demand,2030,304,9,9,0.026208855976266127
7282,e_demand,2030,304,10,10,0.026208855976266127
7283,e_demand,2030,304,11,11,0.026208855976266127
7284,e_demand,2030,304,12,12,0.026208855976266127
7285,e_demand,2030,304,13,13,0.026208855976266127
7286,e_demand,2030,304,14,14,0.026208855976266127
7287,e_demand,2030,304,15,15,0.02365349251858018
7288,e_demand,2030,304,16,16,0.026208855976266127
7289,e_demand,2030,304,17,17,0.026208855976266127
7290,e_demand,2030,304,18,18,0.026208855976266127
7291,e_demand,2030,304,19,19,0.026208855976266127
7292,e_demand,2030,304,20,20,0.026208855976266127
7293,e_demand,2030,304,21,21,0.026208855976266127
7294,e_demand,2030,304,22,22,0.026208855976266127
7295,e_demand,2030,304,23,23,0.026208855976266127
7296,e_demand,2030,304,24,24,0.026208855976266127
7297,e_demand,2030,305,1,1,0.10577062624767229
7298,e_demand,2030,305,2,2,0.10577062624767229
7299,e_demand,2030,305,3,3,0.10577062624767229
7300,e_demand,2030,305,4,4,0.10577062624767229
7301,e_demand,2030,305,5,5,0.10577062624767229
7302,e_demand,2030,305,6,6,0.10577062624767229
7303,e_demand,2030,305,7,7,0.10577062624767229
7304,e_demand,2030,305,8,8,0.10577062624767229
7305,e_demand,2030,305,9,9,0.10577062624767229
7306,e_demand,2030,305,10,10,0.10577062624767229
7307,e_demand,2030,305,11,11,0.10577062624767229
7308,e_demand,2030,305,12,12,0.10577062624767229
7309,e_demand,2030,305,13,13,0.10577062624767229
7310,e_demand,2030,305,14,14,0.10577062624767229
7311,e_demand,2030,305,15,15,0.10577062624767229
7312,e_demand,2030,305,16,16,0.10577062624767229
7313,e_demand,2030,305,17,17,0.10577062624767229
7314,e_demand,2030,305,18,18,0.10577062624767229
7315,e_demand,2030,305,19,19,0.10577062624767229
7316,e_demand,2030,305,20,20,0.10577062624767229
7317,e_demand,2030,305,21,21,0.10577062624767229
7318,e_demand,2030,305,22,22,0.10577062624767229
7319,e_demand,2030,305,23,23,0.10577062624767229
7320,e_demand,2030,305,24,24,0.10577062624767229
7321,e_demand,2030,306,1,1,0.04755446590732709
7322,e_demand,2030,306,2,2,0.04755446590732709
7323,e_demand,2030,306,3,3,0.04755446590732709
7324,e_demand,2030,306,4,4,0.04755446590732709
7325,e_demand,2030,306,5,5,0.04755446590732709
7326,e_demand,2030,306,6,6,0.04755446590732709
7327,e_demand,2030,306,7,7,0.04755446590732709
7328,e_demand,2030,306,8,8,0.04755446590732709
7329,e_demand,2030,306,9,9,0.04755446590732709
7330,e_demand,2030,306,10,10,0.04755446590732709
7331,e_demand,2030,306,11,11,0.04755446590732709
7332,e_demand,2030,306,12,12,0.04755446590732709
7333,e_demand,2030,306,13,13,0.04755446590732709
7334,e_demand,2030,306,14,14,0.04755446590732709
7335,e_demand,2030,306,15,15,0.04755446590732709
7336,e_demand,2030,306,16,16,0.04755446590732709
7337,e_demand,2030,306,17,17,0.04755446590732709
7338,e_demand,2030,306,18,18,0.04755446590732709
7339,e_demand,2030,306,19,19,0.04755446590732709
7340,e_demand,2030,306,20,20,0.04755446590732709
7341,e_demand,2030,306,21,21,0.04755446590732709
7342,e_demand,2030,306,22,22,0.04755446590732709
7343,e_demand,2030,306,23,23,0.04755446590732709
7344,e_demand,2030,306,24,24,0.04755446590732709
7345,e_demand,2030,307,1,1,0.025
7346,e_demand,2030,307,2,2,0.025
7347,e_demand,2030,307,3,3,0.025
7348,e_demand,2030,307,4,4,0.025
7349,e_demand,2030,307,5,5,0.025
7350,e_demand,2030,307,6,6,0.025
7351,e_demand,2030,307,7,7,0.025
7352,e_demand,2030,307,8,8,0.025
7353,e_demand,2030,307,9,9,0.025000000000000022
7354,e_demand,2030,307,10,10,0.001
7355,e_demand,2030,307,11,11,0.001
7356,e_demand,2030,307,12,12,0.001
7357,e_demand,2030,307,13,13,0.001
7358,e_demand,2030,307,14,14,0.001
7359,e_demand,2030,307,15,15,0.001
7360,e_demand,2030,307,16,16,0.001
7361,e_demand,2030,307,17,17,0.001
7362,e_demand,2030,307,18,18,0.025
7363,e_demand,2030,307,19,19,0.025
7364,e_demand,2030,307,20,20,0.025
7365,e_demand,2030,307,21,21,0.025
7366,e_demand,2030,307,22,22,0.025
7367,e_demand,2030,307,23,23,0.025
7368,e_demand,2030,307,24,24,0.025
7369,e_demand,2030,308,1,1,0.025
7370,e_demand,2030,308,2,2,0.025
7371,e_demand,2030,308,3,3,0.025
7372,e_demand,2030,308,4,4,0.025
7373,e_demand,2030,308,5,5,0.025
7374,e_demand,2030,308,6,6,0.025
7375,e_demand,2030,308,7,7,0.025
7376,e_demand,2030,308,8,8,0.025
7377,e_demand,2030,308,9,9,0.025
7378,e_demand,2030,308,10,10,0.025
7379,e_demand,2030,308,11,11,0.025
7380,e_demand,2030,308,12,12,0.025000000000000022
7381,e_demand,2030,308,13,13,0.022562500000000003
7382,e_demand,2030,308,14,14,0.022562500000000003
7383,e_demand,2030,308,15,15,0.025
7384,e_demand,2030,308,16,16,0.025000000000000022
7385,e_demand,2030,308,17,17,0.025
7386,e_demand,2030,308,18,18,0.025
7387,e_demand,2030,308,19,19,0.025
7388,e_demand,2030,308,20,20,0.025
7389,e_demand,2030,308,21,21,0.025
7390,e_demand,2030,308,22,22,0.025
7391,e_demand,2030,308,23,23,0.025
7392,e_demand,2030,308,24,24,0.025
7393,e_demand,2030,309,1,1,0.025
7394,e_demand,2030,309,2,2,0.025
7395,e_demand,2030,309,3,3,0.025
7396,e_demand,2030,309,4,4,0.025
7397,e_demand,2030,309,5,5,0.025
7398,e_demand,2030,309,6,6,0.025
7399,e_demand,2030,309,7,7,0.025
7400,e_demand,2030,309,8,8,0.025
7401,e_demand,2030,309,9,9,0.025
7402,e_demand,2030,309,10,10,0.025
7403,e_demand,2030,309,11,11,0.025
7404,e_demand,2030,309,12,12,0.025
7405,e_demand,2030,309,13,13,0.025
7406,e_demand,2030,309,14,14,0.025
7407,e_demand,2030,309,15,15,0.025000000000000022
7408,e_demand,2030,309,16,16,0.025
7409,e_demand,2030,309,17,17,0.025
7410,e_demand,2030,309,18,18,0.025
7411,e_demand,2030,309,19,19,0.025
7412,e_demand,2030,309,20,20,0.025
7413,e_demand,2030,309,21,21,0.025
7414,e_demand,2030,309,22,22,0.025
7415,e_demand,2030,309,23,23,0.025
7416,e_demand,2030,309,24,24,0.025
7417,e_demand,2030,310,1,1,0.04687082262059658
7418,e_demand,2030,310,2,2,0.04687082262059658
7419,e_demand,2030,310,3,3,0.04687082262059658
7420,e_demand,2030,310,4,4,0.04687082262059658
7421,e_demand,2030,310,5,5,0.04687082262059658
7422,e_demand,2030,310,6,6,0.04687082262059658
7423,e_demand,2030,310,7,7,0.04687082262059658
7424,e_demand,2030,310,8,8,0.04687082262059658
7425,e_demand,2030,310,9,9,0.04687082262059658
7426,e_demand,2030,310,10,10,0.04687082262059658
7427,e_demand,2030,310,11,11,0.04687082262059658
7428,e_demand,2030,310,12,12,0.04687082262059658
7429,e_demand,2030,310,13,13,0.04687082262059658
7430,e_demand,2030,310,14,14,0.04687082262059658
7431,e_demand,2030,310,15,15,0.04687082262059658
7432,e_demand,2030,310,16,16,0.04687082262059658
7433,e_demand,2030,310,17,17,0.04687082262059658
7434,e_demand,2030,310,18,18,0.04687082262059658
7435,e_demand,2030,310,19,19,0.04687082262059658
7436,e_demand,2030,310,20,20,0.04687082262059658
7437,e_demand,2030,310,21,21,0.04687082262059658
7438,e_demand,2030,310,22,22,0.04687082262059658
7439,e_demand,2030,310,23,23,0.04687082262059658
7440,e_demand,2030,310,24,24,0.04687082262059658
7441,e_demand,2030,311,1,1,0.026926345870363425
7442,e_demand,2030,311,2,2,0.026926345870363425
7443,e_demand,2030,311,3,3,0.026926345870363425
7444,e_demand,2030,311,4,4,0.026926345870363425
7445,e_demand,2030,311,5,5,0.026926345870363425
7446,e_demand,2030,311,6,6,0.026926345870363425
7447,e_demand,2030,311,7,7,0.026926345870363425
7448,e_demand,2030,311,8,8,0.026926345870363425
7449,e_demand,2030,311,9,9,0.026926345870363425
7450,e_demand,2030,311,10,10,0.026926345870363425
7451,e_demand,2030,311,11,11,0.026926345870363425
7452,e_demand,2030,311,12,12,0.026926345870363445
7453,e_demand,2030,311,13,13,0.02430102714800299
7454,e_demand,2030,311,14,14,0.02430102714800299
7455,e_demand,2030,311,15,15,0.026926345870363425
7456,e_demand,2030,311,16,16,0.026926345870363425
7457,e_demand,2030,311,17,17,0.026926345870363425
7458,e_demand,2030,311,18,18,0.026926345870363425
7459,e_demand,2030,311,19,19,0.026926345870363425
7460,e_demand,2030,311,20,20,0.026926345870363425
7461,e_demand,2030,311,21,21,0.026926345870363425
7462,e_demand,2030,311,22,22,0.026926345870363425
7463,e_demand,2030,311,23,23,0.026926345870363425
7464,e_demand,2030,311,24,24,0.026926345870363425
7465,e_demand,2030,312,1,1,0.07422365125007828
7466,e_demand,2030,312,2,2,0.07422365125007828
7467,e_demand,2030,312,3,3,0.07422365125007828
7468,e_demand,2030,312,4,4,0.07422365125007828
7469,e_demand,2030,312,5,5,0.07422365125007828
7470,e_demand,2030,312,6,6,0.07422365125007828
7471,e_demand,2030,312,7,7,0.07422365125007828
7472,e_demand,2030,312,8,8,0.07422365125007828
7473,e_demand,2030,312,9,9,0.07422365125007828
7474,e_demand,2030,312,10,10,0.07422365125007835
7475,e_demand,2030,312,11,11,0.06698684525319565
7476,e_demand,2030,312,12,12,0.06698684525319565
7477,e_demand,2030,312,13,13,0.06698684525319565
7478,e_demand,2030,312,14,14,0.07422365125007828
7479,e_demand,2030,312,15,15,0.07422365125007828
7480,e_demand,2030,312,16,16,0.07422365125007828
7481,e_demand,2030,312,17,17,0.07422365125007828
7482,e_demand,2030,312,18,18,0.07422365125007828
7483,e_demand,2030,312,19,19,0.07422365125007828
7484,e_demand,2030,312,20,20,0.07422365125007828
7485,e_demand,2030,312,21,21,0.07422365125007828
7486,e_demand,2030,312,22,22,0.07422365125007828
7487,e_demand,2030,312,23,23,0.07422365125007828
7488,e_demand,2030,312,24,24,0.07422365125007828
7489,e_demand,2030,313,1,1,0.027060664860630797
7490,e_demand,2030,313,2,2,0.027060664860630797
7491,e_demand,2030,313,3,3,0.027060664860630797
7492,e_demand,2030,313,4,4,0.027060664860630797
7493,e_demand,2030,313,5,5,0.027060664860630797
7494,e_demand,2030,313,6,6,0.027060664860630797
7495,e_demand,2030,313,7,7,0.027060664860630797
7496,e_demand,2030,313,8,8,0.027060664860630797
7497,e_demand,2030,313,9,9,0.027060664860630797
7498,e_demand,2030,313,10,10,0.027060664860630797
7499,e_demand,2030,313,11,11,0.027060664860630797
7500,e_demand,2030,313,12,12,0.027060664860630797
7501,e_demand,2030,313,13,13,0.027060664860630797
7502,e_demand,2030,313,14,14,0.027060664860630797
7503,e_demand,2030,313,15,15,0.027060664860630797
7504,e_demand,2030,313,16,16,0.027060664860630797
7505,e_demand,2030,313,17,17,0.027060664860630797
7506,e_demand,2030,313,18,18,0.027060664860630797
7507,e_demand,2030,313,19,19,0.027060664860630797
7508,e_demand,2030,313,20,20,0.027060664860630794
7509,e_demand,2030,313,21,21,0.027060664860630794
7510,e_demand,2030,313,22,22,0.027060664860630794
7511,e_demand,2030,313,23,23,0.027060664860630797
7512,e_demand,2030,313,24,24,0.027060664860630797
7513,e_demand,2030,314,1,1,0.2022474517766317
7514,e_demand,2030,314,2,2,0.20224745177663167
7515,e_demand,2030,314,3,3,0.2022474517766317
7516,e_demand,2030,314,4,4,0.2022474517766317
7517,e_demand,2030,314,5,5,0.20224745177663161
7518,e_demand,2030,314,6,6,0.20224745177663167
7519,e_demand,2030,314,7,7,0.2022474517766317
7520,e_demand,2030,314,8,8,0.2022474517766317
7521,e_demand,2030,314,9,9,0.20224745177663167
7522,e_demand,2030,314,10,10,0.2022474517766317
7523,e_demand,2030,314,11,11,0.20224745177663167
7524,e_demand,2030,314,12,12,0.20224745177663167
7525,e_demand,2030,314,13,13,0.20224745177663167
7526,e_demand,2030,314,14,14,0.2022474517766317
7527,e_demand,2030,314,15,15,0.20224745177663167
7528,e_demand,2030,314,16,16,0.2022474517766317
7529,e_demand,2030,314,17,17,0.2831464324872844
7530,e_demand,2030,314,18,18,0.2831464324872844
7531,e_demand,2030,314,19,19,0.2831464324872844
7532,e_demand,2030,314,20,20,0.2831464324872844
7533,e_demand,2030,314,21,21,0.2831464324872844
7534,e_demand,2030,314,22,22,0.2831464324872844
7535,e_demand,2030,314,23,23,0.20224745177663161
7536,e_demand,2030,314,24,24,0.2022474517766317
7537,e_demand,2030,315,1,1,0.025
7538,e_demand,2030,315,2,2,0.025
7539,e_demand,2030,315,3,3,0.025
7540,e_demand,2030,315,4,4,0.025
7541,e_demand,2030,315,5,5,0.025
7542,e_demand,2030,315,6,6,0.025
7543,e_demand,2030,315,7,7,0.025
7544,e_demand,2030,315,8,8,0.025
7545,e_demand,2030,315,9,9,0.025
7546,e_demand,2030,315,10,10,0.025000000000000022
7547,e_demand,2030,315,11,11,0.001
7548,e_demand,2030,315,12,12,0.001
7549,e_demand,2030,315,13,13,0.001
7550,e_demand,2030,315,14,14,0.001
7551,e_demand,2030,315,15,15,0.001
7552,e_demand,2030,315,16,16,0.001
7553,e_demand,2030,315,17,17,0.025
7554,e_demand,2030,315,18,18,0.025
7555,e_demand,2030,315,19,19,0.025
7556,e_demand,2030,315,20,20,0.025
7557,e_demand,2030,315,21,21,0.025
7558,e_demand,2030,315,22,22,0.025
7559,e_demand,2030,315,23,23,0.025
7560,e_demand,2030,315,24,24,0.025
7561,e_demand,2030,316,1,1,0.06959277547466051
7562,e_demand,2030,316,2,2,0.06959277547466051
7563,e_demand,2030,316,3,3,0.06959277547466051
7564,e_demand,2030,316,4,4,0.06959277547466051
7565,e_demand,2030,316,5,5,0.06959277547466051
7566,e_demand,2030,316,6,6,0.06959277547466051
7567,e_demand,2030,316,7,7,0.06959277547466051
7568,e_demand,2030,316,8,8,0.06959277547466051
7569,e_demand,2030,316,9,9,0.06959277547466051
7570,e_demand,2030,316,10,10,0.06959277547466051
7571,e_demand,2030,316,11,11,0.06959277547466057
7572,e_demand,2030,316,12,12,0.0027837110189864204
7573,e_demand,2030,316,13,13,0.0027837110189864204
7574,e_demand,2030,316,14,14,0.0027837110189864204
7575,e_demand,2030,316,15,15,0.0027837110189864204
7576,e_demand,2030,316,16,16,0.0027837110189864204
7577,e_demand,2030,316,17,17,0.06959277547466051
7578,e_demand,2030,316,18,18,0.06959277547466051
7579,e_demand,2030,316,19,19,0.06959277547466051
7580,e_demand,2030,316,20,20,0.06959277547466051
7581,e_demand,2030,316,21,21,0.06959277547466051
7582,e_demand,2030,316,22,22,0.06959277547466051
7583,e_demand,2030,316,23,23,0.06959277547466051
7584,e_demand,2030,316,24,24,0.06959277547466051
7585,e_demand,2030,317,1,1,0.05948526549062682
7586,e_demand,2030,317,2,2,0.05948526549062682
7587,e_demand,2030,317,3,3,0.05948526549062682
7588,e_demand,2030,317,4,4,0.05948526549062682
7589,e_demand,2030,317,5,5,0.05948526549062682
7590,e_demand,2030,317,6,6,0.05948526549062682
7591,e_demand,2030,317,7,7,0.05948526549062682
7592,e_demand,2030,317,8,8,0.05948526549062682
7593,e_demand,2030,317,9,9,0.05948526549062682
7594,e_demand,2030,317,10,10,0.05948526549062682
7595,e_demand,2030,317,11,11,0.05948526549062682
7596,e_demand,2030,317,12,12,0.05948526549062682
7597,e_demand,2030,317,13,13,0.05948526549062682
7598,e_demand,2030,317,14,14,0.05948526549062682
7599,e_demand,2030,317,15,15,0.05948526549062682
7600,e_demand,2030,317,16,16,0.05948526549062682
7601,e_demand,2030,317,17,17,0.05948526549062682
7602,e_demand,2030,317,18,18,0.05948526549062682
7603,e_demand,2030,317,19,19,0.05948526549062682
7604,e_demand,2030,317,20,20,0.05948526549062682
7605,e_demand,2030,317,21,21,0.05948526549062682
7606,e_demand,2030,317,22,22,0.05948526549062682
7607,e_demand,2030,317,23,23,0.05948526549062682
7608,e_demand,2030,317,24,24,0.05948526549062682
7609,e_demand,2030,318,1,1,0.02529737837662435
7610,e_demand,2030,318,2,2,0.02529737837662435
7611,e_demand,2030,318,3,3,0.02529737837662435
7612,e_demand,2030,318,4,4,0.02529737837662435
7613,e_demand,2030,318,5,5,0.02529737837662435
7614,e_demand,2030,318,6,6,0.02529737837662435
7615,e_demand,2030,318,7,7,0.02529737837662435
7616,e_demand,2030,318,8,8,0.02529737837662435
7617,e_demand,2030,318,9,9,0.02529737837662435
7618,e_demand,2030,318,10,10,0.02529737837662435
7619,e_demand,2030,318,11,11,0.0010118951350649738
7620,e_demand,2030,318,12,12,0.0010118951350649738
7621,e_demand,2030,318,13,13,0.0010118951350649738
7622,e_demand,2030,318,14,14,0.0010118951350649738
7623,e_demand,2030,318,15,15,0.0010118951350649738
7624,e_demand,2030,318,16,16,0.0010118951350649738
7625,e_demand,2030,318,17,17,0.0010118951350649738
7626,e_demand,2030,318,18,18,0.02529737837662435
7627,e_demand,2030,318,19,19,0.02529737837662435
7628,e_demand,2030,318,20,20,0.02529737837662435
7629,e_demand,2030,318,21,21,0.02529737837662435
7630,e_demand,2030,318,22,22,0.02529737837662435
7631,e_demand,2030,318,23,23,0.02529737837662435
7632,e_demand,2030,318,24,24,0.02529737837662435
7633,e_demand,2030,319,1,1,0.14562868931447745
7634,e_demand,2030,319,2,2,0.14562868931447745
7635,e_demand,2030,319,3,3,0.14562868931447745
7636,e_demand,2030,319,4,4,0.14562868931447745
7637,e_demand,2030,319,5,5,0.14562868931447745
7638,e_demand,2030,319,6,6,0.14562868931447745
7639,e_demand,2030,319,7,7,0.14562868931447745
7640,e_demand,2030,319,8,8,0.14562868931447745
7641,e_demand,2030,319,9,9,0.14562868931447745
7642,e_demand,2030,319,10,10,0.14562868931447745
7643,e_demand,2030,319,11,11,0.14562868931447745
7644,e_demand,2030,319,12,12,0.14562868931447745
7645,e_demand,2030,319,13,13,0.14562868931447745
7646,e_demand,2030,319,14,14,0.14562868931447745
7647,e_demand,2030,319,15,15,0.14562868931447745
7648,e_demand,2030,319,16,16,0.14562868931447745
7649,e_demand,2030,319,17,17,0.14562868931447745
7650,e_demand,2030,319,18,18,0.14562868931447745
7651,e_demand,2030,319,19,19,0.14562868931447745
7652,e_demand,2030,319,20,20,0.14562868931447745
7653,e_demand,2030,319,21,21,0.14562868931447745
7654,e_demand,2030,319,22,22,0.14562868931447745
7655,e_demand,2030,319,23,23,0.14562868931447745
7656,e_demand,2030,319,24,24,0.14562868931447745
7657,e_demand,2030,320,1,1,0.1186967724460818
7658,e_demand,2030,320,2,2,0.1186967724460818
7659,e_demand,2030,320,3,3,0.1186967724460818
7660,e_demand,2030,320,4,4,0.1186967724460818
7661,e_demand,2030,320,5,5,0.1186967724460818
7662,e_demand,2030,320,6,6,0.1186967724460818
7663,e_demand,2030,320,7,7,0.1186967724460818
7664,e_demand,2030,320,8,8,0.1186967724460818
7665,e_demand,2030,320,9,9,0.1186967724460818
7666,e_demand,2030,320,10,10,0.1186967724460818
7667,e_demand,2030,320,11,11,0.1186967724460818
7668,e_demand,2030,320,12,12,0.1186967724460818
7669,e_demand,2030,320,13,13,0.1186967724460818
7670,e_demand,2030,320,14,14,0.1186967724460818
7671,e_demand,2030,320,15,15,0.1186967724460818
7672,e_demand,2030,320,16,16,0.1186967724460818
7673,e_demand,2030,320,17,17,0.1186967724460818
7674,e_demand,2030,320,18,18,18.593985586550673
7675,e_demand,2030,320,19,19,18.593985586550673
7676,e_demand,2030,320,20,20,18.593985586550673
7677,e_demand,2030,320,21,21,18.593985586550673
7678,e_demand,2030,320,22,22,0.1186967724460818
7679,e_demand,2030,320,23,23,0.1186967724460818
7680,e_demand,2030,320,24,24,0.1186967724460818
7681,e_demand,2030,321,1,1,0.0945101415015712
7682,e_demand,2030,321,2,2,0.0945101415015712
7683,e_demand,2030,321,3,3,0.0945101415015712
7684,e_demand,2030,321,4,4,0.0945101415015712
7685,e_demand,2030,321,5,5,0.0945101415015712
7686,e_demand,2030,321,6,6,0.0945101415015712
7687,e_demand,2030,321,7,7,0.0945101415015712
7688,e_demand,2030,321,8,8,0.0945101415015712
7689,e_demand,2030,321,9,9,0.0945101415015712
7690,e_demand,2030,321,10,10,0.0945101415015712
7691,e_demand,2030,321,11,11,0.0945101415015712
7692,e_demand,2030,321,12,12,0.0945101415015712
7693,e_demand,2030,321,13,13,0.0945101415015712
7694,e_demand,2030,321,14,14,0.0945101415015712
7695,e_demand,2030,321,15,15,0.0945101415015712
7696,e_demand,2030,321,16,16,0.0945101415015712
7697,e_demand,2030,321,17,17,0.0945101415015712
7698,e_demand,2030,321,18,18,0.0945101415015712
7699,e_demand,2030,321,19,19,0.0945101415015712
7700,e_demand,2030,321,20,20,0.0945101415015712
7701,e_demand,2030,321,21,21,0.0945101415015712
7702,e_demand,2030,321,22,22,0.0945101415015712
7703,e_demand,2030,321,23,23,0.0945101415015712
7704,e_demand,2030,321,24,24,0.0945101415015712
7705,e_demand,2030,322,1,1,0.05187754910498878
7706,e_demand,2030,322,2,2,0.05187754910498878
7707,e_demand,2030,322,3,3,0.05187754910498878
7708,e_demand,2030,322,4,4,0.05187754910498878
7709,e_demand,2030,322,5,5,0.05187754910498878
7710,e_demand,2030,322,6,6,0.05187754910498878
7711,e_demand,2030,322,7,7,0.05187754910498878
7712,e_demand,2030,322,8,8,0.05187754910498878
7713,e_demand,2030,322,9,9,0.05187754910498878
7714,e_demand,2030,322,10,10,0.05187754910498878
7715,e_demand,2030,322,11,11,0.05187754910498878
7716,e_demand,2030,322,12,12,0.05187754910498878
7717,e_demand,2030,322,13,13,0.05187754910498878
7718,e_demand,2030,322,14,14,0.05187754910498878
7719,e_demand,2030,322,15,15,0.05187754910498878
7720,e_demand,2030,322,16,16,0.05187754910498878
7721,e_demand,2030,322,17,17,0.05187754910498878
7722,e_demand,2030,322,18,18,0.05187754910498878
7723,e_demand,2030,322,19,19,0.05187754910498878
7724,e_demand,2030,322,20,20,0.05187754910498878
7725,e_demand,2030,322,21,21,0.05187754910498882
7726,e_demand,2030,322,22,22,0.05187754910498878
7727,e_demand,2030,322,23,23,0.05187754910498878
7728,e_demand,2030,322,24,24,0.05187754910498878
7729,e_demand,2030,323,1,1,0.0254696305286529
7730,e_demand,2030,323,2,2,0.0254696305286529
7731,e_demand,2030,323,3,3,0.0254696305286529
7732,e_demand,2030,323,4,4,0.0254696305286529
7733,e_demand,2030,323,5,5,0.0254696305286529
7734,e_demand,2030,323,6,6,0.0254696305286529
7735,e_demand,2030,323,7,7,0.0254696305286529
7736,e_demand,2030,323,8,8,0.0254696305286529
7737,e_demand,2030,323,9,9,0.0254696305286529
7738,e_demand,2030,323,10,10,0.0254696305286529
7739,e_demand,2030,323,11,11,0.0254696305286529
7740,e_demand,2030,323,12,12,0.0254696305286529
7741,e_demand,2030,323,13,13,0.0254696305286529
7742,e_demand,2030,323,14,14,0.0254696305286529
7743,e_demand,2030,323,15,15,0.0254696305286529
7744,e_demand,2030,323,16,16,0.0254696305286529
7745,e_demand,2030,323,17,17,0.0254696305286529
7746,e_demand,2030,323,18,18,0.0254696305286529
7747,e_demand,2030,323,19,19,0.0254696305286529
7748,e_demand,2030,323,20,20,0.0254696305286529
7749,e_demand,2030,323,21,21,0.0254696305286529
7750,e_demand,2030,323,22,22,0.0254696305286529
7751,e_demand,2030,323,23,23,0.0254696305286529
7752,e_demand,2030,323,24,24,0.0254696305286529
7753,e_demand,2030,324,1,1,0.025
7754,e_demand,2030,324,2,2,0.025
7755,e_demand,2030,324,3,3,0.025
7756,e_demand,2030,324,4,4,0.025
7757,e_demand,2030,324,5,5,0.025
7758,e_demand,2030,324,6,6,0.025
7759,e_demand,2030,324,7,7,0.025
7760,e_demand,2030,324,8,8,0.025
7761,e_demand,2030,324,9,9,0.025
7762,e_demand,2030,324,10,10,0.025
7763,e_demand,2030,324,11,11,0.025
7764,e_demand,2030,324,12,12,0.025
7765,e_demand,2030,324,13,13,0.025
7766,e_demand,2030,324,14,14,0.022562500000000003
7767,e_demand,2030,324,15,15,0.001
7768,e_demand,2030,324,16,16,0.001
7769,e_demand,2030,324,17,17,0.025
7770,e_demand,2030,324,18,18,0.025
7771,e_demand,2030,324,19,19,0.025
7772,e_demand,2030,324,20,20,0.025
7773,e_demand,2030,324,21,21,0.025
7774,e_demand,2030,324,22,22,0.025
7775,e_demand,2030,324,23,23,0.025
7776,e_demand,2030,324,24,24,0.025
7777,e_demand,2030,325,1,1,0.06304500959358228
7778,e_demand,2030,325,2,2,0.06304500959358228
7779,e_demand,2030,325,3,3,0.06304500959358228
7780,e_demand,2030,325,4,4,0.06304500959358228
7781,e_demand,2030,325,5,5,0.06304500959358228
7782,e_demand,2030,325,6,6,0.06304500959358228
7783,e_demand,2030,325,7,7,0.06304500959358228
7784,e_demand,2030,325,8,8,0.06304500959358228
7785,e_demand,2030,325,9,9,0.06304500959358228
7786,e_demand,2030,325,10,10,0.0025218003837432913
7787,e_demand,2030,325,11,11,0.0025218003837432913
7788,e_demand,2030,325,12,12,0.0025218003837432913
7789,e_demand,2030,325,13,13,0.0025218003837432913
7790,e_demand,2030,325,14,14,0.0025218003837432913
7791,e_demand,2030,325,15,15,0.0025218003837432913
7792,e_demand,2030,325,16,16,0.0025218003837432913
7793,e_demand,2030,325,17,17,0.06304500959358228
7794,e_demand,2030,325,18,18,0.06304500959358228
7795,e_demand,2030,325,19,19,0.06304500959358228
7796,e_demand,2030,325,20,20,0.06304500959358228
7797,e_demand,2030,325,21,21,0.06304500959358228
7798,e_demand,2030,325,22,22,0.06304500959358228
7799,e_demand,2030,325,23,23,0.06304500959358228
7800,e_demand,2030,325,24,24,0.06304500959358228
7801,e_demand,2030,326,1,1,0.05612094368153645
7802,e_demand,2030,326,2,2,0.05612094368153645
7803,e_demand,2030,326,3,3,0.05612094368153645
7804,e_demand,2030,326,4,4,0.05612094368153645
7805,e_demand,2030,326,5,5,0.05612094368153645
7806,e_demand,2030,326,6,6,0.05612094368153645
7807,e_demand,2030,326,7,7,0.05612094368153645
7808,e_demand,2030,326,8,8,0.05612094368153645
7809,e_demand,2030,326,9,9,0.05612094368153645
7810,e_demand,2030,326,10,10,0.05612094368153645
7811,e_demand,2030,326,11,11,0.05612094368153645
7812,e_demand,2030,326,12,12,0.05612094368153645
7813,e_demand,2030,326,13,13,0.05612094368153645
7814,e_demand,2030,326,14,14,0.05612094368153646
7815,e_demand,2030,326,15,15,0.05612094368153645
7816,e_demand,2030,326,16,16,0.05612094368153645
7817,e_demand,2030,326,17,17,0.05612094368153645
7818,e_demand,2030,326,18,18,0.05612094368153645
7819,e_demand,2030,326,19,19,0.05612094368153645
7820,e_demand,2030,326,20,20,0.05612094368153645
7821,e_demand,2030,326,21,21,0.05612094368153645
7822,e_demand,2030,326,22,22,0.05612094368153645
7823,e_demand,2030,326,23,23,0.05612094368153645
7824,e_demand,2030,326,24,24,0.05612094368153645
7825,e_demand,2030,327,1,1,0.07543224731015596
7826,e_demand,2030,327,2,2,0.07543224731015596
7827,e_demand,2030,327,3,3,0.07543224731015596
7828,e_demand,2030,327,4,4,0.07543224731015596
7829,e_demand,2030,327,5,5,0.07543224731015596
7830,e_demand,2030,327,6,6,0.07543224731015596
7831,e_demand,2030,327,7,7,0.07543224731015596
7832,e_demand,2030,327,8,8,0.07543224731015596
7833,e_demand,2030,327,9,9,0.07543224731015596
7834,e_demand,2030,327,10,10,0.07543224731015596
7835,e_demand,2030,327,11,11,0.07543224731015596
7836,e_demand,2030,327,12,12,0.07543224731015596
7837,e_demand,2030,327,13,13,0.07543224731015596
7838,e_demand,2030,327,14,14,0.07543224731015596
7839,e_demand,2030,327,15,15,0.07543224731015596
7840,e_demand,2030,327,16,16,0.07543224731015596
7841,e_demand,2030,327,17,17,0.07543224731015596
7842,e_demand,2030,327,18,18,0.07543224731015596
7843,e_demand,2030,327,19,19,0.07543224731015602
7844,e_demand,2030,327,20,20,0.07543224731015602
7845,e_demand,2030,327,21,21,0.07543224731015596
7846,e_demand,2030,327,22,22,0.07543224731015596
7847,e_demand,2030,327,23,23,0.07543224731015596
7848,e_demand,2030,327,24,24,0.07543224731015596
7849,e_demand,2030,328,1,1,0.30382874875440746
7850,e_demand,2030,328,2,2,0.30382874875440746
7851,e_demand,2030,328,3,3,0.30382874875440746
7852,e_demand,2030,328,4,4,0.30382874875440746
7853,e_demand,2030,328,5,5,0.30382874875440746
7854,e_demand,2030,328,6,6,0.30382874875440746
7855,e_demand,2030,328,7,7,0.30382874875440746
7856,e_demand,2030,328,8,8,0.30382874875440746
7857,e_demand,2030,328,9,9,0.30382874875440746
7858,e_demand,2030,328,10,10,0.30382874875440746
7859,e_demand,2030,328,11,11,0.30382874875440746
7860,e_demand,2030,328,12,12,0.30382874875440746
7861,e_demand,2030,328,13,13,0.30382874875440746
7862,e_demand,2030,328,14,14,0.30382874875440746
7863,e_demand,2030,328,15,15,0.30382874875440746
7864,e_demand,2030,328,16,16,0.30382874875440746
7865,e_demand,2030,328,17,17,0.30382874875440746
7866,e_demand,2030,328,18,18,0.30382874875440746
7867,e_demand,2030,328,19,19,0.30382874875440746
7868,e_demand,2030,328,20,20,0.30382874875440746
7869,e_demand,2030,328,21,21,0.30382874875440746
7870,e_demand,2030,328,22,22,0.30382874875440746
7871,e_demand,2030,328,23,23,0.30382874875440746
7872,e_demand,2030,328,24,24,0.30382874875440746
7873,e_demand,2030,329,1,1,0.025
7874,e_demand,2030,329,2,2,0.025
7875,e_demand,2030,329,3,3,0.025
7876,e_demand,2030,329,4,4,0.025
7877,e_demand,2030,329,5,5,0.025
7878,e_demand,2030,329,6,6,0.025
7879,e_demand,2030,329,7,7,0.025
7880,e_demand,2030,329,8,8,0.025
7881,e_demand,2030,329,9,9,0.025000000000000022
7882,e_demand,2030,329,10,10,0.001
7883,e_demand,2030,329,11,11,0.001
7884,e_demand,2030,329,12,12,0.001
7885,e_demand,2030,329,13,13,0.001
7886,e_demand,2030,329,14,14,0.001
7887,e_demand,2030,329,15,15,0.001
7888,e_demand,2030,329,16,16,0.001
7889,e_demand,2030,329,17,17,0.025
7890,e_demand,2030,329,18,18,0.025
7891,e_demand,2030,329,19,19,0.025
7892,e_demand,2030,329,20,20,0.025
7893,e_demand,2030,329,21,21,0.025
7894,e_demand,2030,329,22,22,0.025
7895,e_demand,2030,329,23,23,0.025
7896,e_demand,2030,329,24,24,0.025
7897,e_demand,2030,330,1,1,0.026403577987554456
7898,e_demand,2030,330,2,2,0.026403577987554456
7899,e_demand,2030,330,3,3,0.026403577987554456
7900,e_demand,2030,330,4,4,0.026403577987554456
7901,e_demand,2030,330,5,5,0.026403577987554456
7902,e_demand,2030,330,6,6,0.026403577987554456
7903,e_demand,2030,330,7,7,0.026403577987554456
7904,e_demand,2030,330,8,8,0.026403577987554456
7905,e_demand,2030,330,9,9,0.026403577987554456
7906,e_demand,2030,330,10,10,0.026403577987554456
7907,e_demand,2030,330,11,11,0.026403577987554456
7908,e_demand,2030,330,12,12,0.026403577987554456
7909,e_demand,2030,330,13,13,0.026403577987554456
7910,e_demand,2030,330,14,14,0.026403577987554456
7911,e_demand,2030,330,15,15,0.026403577987554456
7912,e_demand,2030,330,16,16,0.026403577987554456
7913,e_demand,2030,330,17,17,0.026403577987554456
7914,e_demand,2030,330,18,18,0.026403577987554456
7915,e_demand,2030,330,19,19,0.026403577987554456
7916,e_demand,2030,330,20,20,0.029256042091473075
7917,e_demand,2030,330,21,21,0.029256042091473075
7918,e_demand,2030,330,22,22,0.026403577987554456
7919,e_demand,2030,330,23,23,0.026403577987554456
7920,e_demand,2030,330,24,24,0.026403577987554456
7921,e_demand,2030,331,1,1,0.04540683546030293
7922,e_demand,2030,331,2,2,0.04540683546030293
7923,e_demand,2030,331,3,3,0.04540683546030293
7924,e_demand,2030,331,4,4,0.04540683546030293
7925,e_demand,2030,331,5,5,0.04540683546030293
7926,e_demand,2030,331,6,6,0.04540683546030293
7927,e_demand,2030,331,7,7,0.04540683546030293
7928,e_demand,2030,331,8,8,0.04540683546030293
7929,e_demand,2030,331,9,9,0.04540683546030293
7930,e_demand,2030,331,10,10,0.04540683546030293
7931,e_demand,2030,331,11,11,0.04540683546030293
7932,e_demand,2030,331,12,12,0.04540683546030293
7933,e_demand,2030,331,13,13,0.04540683546030293
7934,e_demand,2030,331,14,14,0.04540683546030293
7935,e_demand,2030,331,15,15,0.04540683546030293
7936,e_demand,2030,331,16,16,0.04540683546030293
7937,e_demand,2030,331,17,17,0.04540683546030293
7938,e_demand,2030,331,18,18,0.04540683546030293
7939,e_demand,2030,331,19,19,0.04540683546030293
7940,e_demand,2030,331,20,20,0.04540683546030293
7941,e_demand,2030,331,21,21,0.04540683546030293
7942,e_demand,2030,331,22,22,0.04540683546030293
7943,e_demand,2030,331,23,23,0.04540683546030293
7944,e_demand,2030,331,24,24,0.04540683546030293
7945,e_demand,2030,332,1,1,0.04414877117116546
7946,e_demand,2030,332,2,2,0.04414877117116546
7947,e_demand,2030,332,3,3,0.04414877117116546
7948,e_demand,2030,332,4,4,0.04414877117116546
7949,e_demand,2030,332,5,5,0.04414877117116546
7950,e_demand,2030,332,6,6,0.04414877117116546
7951,e_demand,2030,332,7,7,0.04414877117116546
7952,e_demand,2030,332,8,8,0.04414877117116546
7953,e_demand,2030,332,9,9,0.04414877117116546
7954,e_demand,2030,332,10,10,0.0017659508468466183
7955,e_demand,2030,332,11,11,0.0017659508468466183
7956,e_demand,2030,332,12,12,0.0017659508468466183
7957,e_demand,2030,332,13,13,0.0017659508468466183
7958,e_demand,2030,332,14,14,0.0017659508468466183
7959,e_demand,2030,332,15,15,0.0017659508468466183
7960,e_demand,2030,332,16,16,0.04414877117116546
7961,e_demand,2030,332,17,17,0.04414877117116546
7962,e_demand,2030,332,18,18,0.04414877117116546
7963,e_demand,2030,332,19,19,0.04414877117116546
7964,e_demand,2030,332,20,20,0.04414877117116546
7965,e_demand,2030,332,21,21,0.04414877117116546
7966,e_demand,2030,332,22,22,0.04414877117116546
7967,e_demand,2030,332,23,23,0.04414877117116546
7968,e_demand,2030,332,24,24,0.04414877117116546
7969,e_demand,2030,333,1,1,0.0315090316110978
7970,e_demand,2030,333,2,2,0.0315090316110978
7971,e_demand,2030,333,3,3,0.0315090316110978
7972,e_demand,2030,333,4,4,0.0315090316110978
7973,e_demand,2030,333,5,5,0.0315090316110978
7974,e_demand,2030,333,6,6,0.0315090316110978
7975,e_demand,2030,333,7,7,0.0315090316110978
7976,e_demand,2030,333,8,8,0.0315090316110978
7977,e_demand,2030,333,9,9,0.0315090316110978
7978,e_demand,2030,333,10,10,0.0315090316110978
7979,e_demand,2030,333,11,11,0.0315090316110978
7980,e_demand,2030,333,12,12,0.0315090316110978
7981,e_demand,2030,333,13,13,0.0315090316110978
7982,e_demand,2030,333,14,14,0.0315090316110978
7983,e_demand,2030,333,15,15,0.0315090316110978
7984,e_demand,2030,333,16,16,0.0315090316110978
7985,e_demand,2030,333,17,17,0.0315090316110978
7986,e_demand,2030,333,18,18,0.031509031611097825
7987,e_demand,2030,333,19,19,0.044112644255536924
7988,e_demand,2030,333,20,20,0.044112644255536924
7989,e_demand,2030,333,21,21,0.03491305441672886
7990,e_demand,2030,333,22,22,0.03491305441672886
7991,e_demand,2030,333,23,23,0.03150903161109781
7992,e_demand,2030,333,24,24,0.03150903161109781
7993,e_demand,2030,334,1,1,0.08820788189405931
7994,e_demand,2030,334,2,2,0.08820788189405931
7995,e_demand,2030,334,3,3,0.08820788189405931
7996,e_demand,2030,334,4,4,0.08820788189405931
7997,e_demand,2030,334,5,5,0.08820788189405931
7998,e_demand,2030,334,6,6,0.08820788189405931
7999,e_demand,2030,334,7,7,0.08820788189405931
8000,e_demand,2030,334,8,8,0.08820788189405931
8001,e_demand,2030,334,9,9,0.08820788189405931
8002,e_demand,2030,334,10,10,0.08820788189405931
8003,e_demand,2030,334,11,11,0.08820788189405931
8004,e_demand,2030,334,12,12,0.08820788189405931
8005,e_demand,2030,334,13,13,0.08820788189405931
8006,e_demand,2030,334,14,14,0.08820788189405931
8007,e_demand,2030,334,15,15,0.08820788189405931
8008,e_demand,2030,334,16,16,0.08820788189405931
8009,e_demand,2030,334,17,17,0.08820788189405931
8010,e_demand,2030,334,18,18,0.08820788189405931
8011,e_demand,2030,334,19,19,0.08820788189405931
8012,e_demand,2030,334,20,20,0.08820788189405931
8013,e_demand,2030,334,21,21,0.08820788189405931
8014,e_demand,2030,334,22,22,0.08820788189405931
8015,e_demand,2030,334,23,23,0.08820788189405931
8016,e_demand,2030,334,24,24,0.08820788189405931
8017,e_demand,2030,335,1,1,0.36942402481731956
8018,e_demand,2030,335,2,2,0.36942402481731956
8019,e_demand,2030,335,3,3,0.36942402481731956
8020,e_demand,2030,335,4,4,0.36942402481731956
8021,e_demand,2030,335,5,5,0.36942402481731956
8022,e_demand,2030,335,6,6,0.36942402481731956
8023,e_demand,2030,335,7,7,0.3694240248173194
8024,e_demand,2030,335,8,8,0.4093340995205757
8025,e_demand,2030,335,9,9,0.4093340995205757
8026,e_demand,2030,335,10,10,0.36942402481731956
8027,e_demand,2030,335,11,11,0.36942402481731945
8028,e_demand,2030,335,12,12,0.36942402481731956
8029,e_demand,2030,335,13,13,0.36942402481731956
8030,e_demand,2030,335,14,14,0.36942402481731956
8031,e_demand,2030,335,15,15,0.36942402481731956
8032,e_demand,2030,335,16,16,0.36942402481731956
8033,e_demand,2030,335,17,17,0.36942402481731945
8034,e_demand,2030,335,18,18,0.36942402481731956
8035,e_demand,2030,335,19,19,0.36942402481731956
8036,e_demand,2030,335,20,20,0.4093340995205757
8037,e_demand,2030,335,21,21,0.36942402481731956
8038,e_demand,2030,335,22,22,0.36942402481731956
8039,e_demand,2030,335,23,23,0.36942402481731956
8040,e_demand,2030,335,24,24,0.36942402481731956
8041,e_demand,2030,336,1,1,0.10342983186002319
8042,e_demand,2030,336,2,2,0.10342983186002319
8043,e_demand,2030,336,3,3,0.10342983186002319
8044,e_demand,2030,336,4,4,0.10342983186002319
8045,e_demand,2030,336,5,5,0.10342983186002319
8046,e_demand,2030,336,6,6,0.10342983186002319
8047,e_demand,2030,336,7,7,0.10342983186002319
8048,e_demand,2030,336,8,8,0.10342983186002319
8049,e_demand,2030,336,9,9,0.10342983186002319
8050,e_demand,2030,336,10,10,0.10342983186002319
8051,e_demand,2030,336,11,11,0.10342983186002319
8052,e_demand,2030,336,12,12,0.10342983186002319
8053,e_demand,2030,336,13,13,0.10342983186002319
8054,e_demand,2030,336,14,14,0.10342983186002319
8055,e_demand,2030,336,15,15,0.10342983186002319
8056,e_demand,2030,336,16,16,0.10342983186002319
8057,e_demand,2030,336,17,17,0.10342983186002319
8058,e_demand,2030,336,18,18,0.10342983186002319
8059,e_demand,2030,336,19,19,0.10342983186002319
8060,e_demand,2030,336,20,20,0.10342983186002325
8061,e_demand,2030,336,21,21,0.10342983186002325
8062,e_demand,2030,336,22,22,0.10342983186002319
8063,e_demand,2030,336,23,23,0.10342983186002319
8064,e_demand,2030,336,24,24,0.10342983186002319
8065,e_demand,2030,337,1,1,0.06119018434632209
8066,e_demand,2030,337,2,2,0.06119018434632209
8067,e_demand,2030,337,3,3,0.06119018434632209
8068,e_demand,2030,337,4,4,0.06119018434632209
8069,e_demand,2030,337,5,5,0.06119018434632209
8070,e_demand,2030,337,6,6,0.06119018434632209
8071,e_demand,2030,337,7,7,0.06119018434632209
8072,e_demand,2030,337,8,8,0.06119018434632209
8073,e_demand,2030,337,9,9,0.06119018434632209
8074,e_demand,2030,337,10,10,0.06119018434632209
8075,e_demand,2030,337,11,11,0.061190184346322125
8076,e_demand,2030,337,12,12,0.0024476073738528836
8077,e_demand,2030,337,13,13,0.0024476073738528836
8078,e_demand,2030,337,14,14,0.0024476073738528836
8079,e_demand,2030,337,15,15,0.06119018434632209
8080,e_demand,2030,337,16,16,0.06119018434632209
8081,e_demand,2030,337,17,17,0.06119018434632209
8082,e_demand,2030,337,18,18,0.06119018434632209
8083,e_demand,2030,337,19,19,0.06119018434632209
8084,e_demand,2030,337,20,20,0.06119018434632209
8085,e_demand,2030,337,21,21,0.06119018434632209
8086,e_demand,2030,337,22,22,0.06119018434632209
8087,e_demand,2030,337,23,23,0.06119018434632209
8088,e_demand,2030,337,24,24,0.06119018434632209
8089,e_demand,2030,338,1,1,0.02601891757888238
8090,e_demand,2030,338,2,2,0.02601891757888238
8091,e_demand,2030,338,3,3,0.02601891757888238
8092,e_demand,2030,338,4,4,0.026018917578882403
8093,e_demand,2030,338,5,5,0.02601891757888238
8094,e_demand,2030,338,6,6,0.02601891757888238
8095,e_demand,2030,338,7,7,0.02601891757888238
8096,e_demand,2030,338,8,8,0.02601891757888238
8097,e_demand,2030,338,9,9,0.02601891757888238
8098,e_demand,2030,338,10,10,0.0010407567031552952
8099,e_demand,2030,338,11,11,0.0010407567031552952
8100,e_demand,2030,338,12,12,0.0010407567031552952
8101,e_demand,2030,338,13,13,0.0010407567031552952
8102,e_demand,2030,338,14,14,0.0010407567031552952
8103,e_demand,2030,338,15,15,0.0010407567031552952
8104,e_demand,2030,338,16,16,0.0010407567031552952
8105,e_demand,2030,338,17,17,0.0010407567031552952
8106,e_demand,2030,338,18,18,0.02601891757888238
8107,e_demand,2030,338,19,19,0.02601891757888238
8108,e_demand,2030,338,20,20,0.02601891757888238
8109,e_demand,2030,338,21,21,0.02601891757888238
8110,e_demand,2030,338,22,22,0.02601891757888238
8111,e_demand,2030,338,23,23,0.026018917578882403
8112,e_demand,2030,338,24,24,0.02601891757888238
8113,e_demand,2030,339,1,1,0.3019382697005531
8114,e_demand,2030,339,2,2,0.3019382697005531
8115,e_demand,2030,339,3,3,0.3019382697005531
8116,e_demand,2030,339,4,4,0.3019382697005531
8117,e_demand,2030,339,5,5,0.3019382697005531
8118,e_demand,2030,339,6,6,0.3019382697005531
8119,e_demand,2030,339,7,7,0.3019382697005531
8120,e_demand,2030,339,8,8,0.3019382697005531
8121,e_demand,2030,339,9,9,0.3019382697005531
8122,e_demand,2030,339,10,10,0.3019382697005531
8123,e_demand,2030,339,11,11,0.3019382697005531
8124,e_demand,2030,339,12,12,0.3019382697005531
8125,e_demand,2030,339,13,13,0.3019382697005531
8126,e_demand,2030,339,14,14,0.3019382697005531
8127,e_demand,2030,339,15,15,0.3019382697005531
8128,e_demand,2030,339,16,16,0.3019382697005531
8129,e_demand,2030,339,17,17,0.3019382697005531
8130,e_demand,2030,339,18,18,0.3019382697005531
8131,e_demand,2030,339,19,19,0.3019382697005531
8132,e_demand,2030,339,20,20,0.3019382697005531
8133,e_demand,2030,339,21,21,0.3019382697005531
8134,e_demand,2030,339,22,22,0.3019382697005531
8135,e_demand,2030,339,23,23,0.3019382697005531
8136,e_demand,2030,339,24,24,0.3019382697005531
8137,e_demand,2030,340,1,1,0.0493202249406701
8138,e_demand,2030,340,2,2,0.0493202249406701
8139,e_demand,2030,340,3,3,0.0493202249406701
8140,e_demand,2030,340,4,4,0.0493202249406701
8141,e_demand,2030,340,5,5,0.0493202249406701
8142,e_demand,2030,340,6,6,0.0493202249406701
8143,e_demand,2030,340,7,7,0.0493202249406701
8144,e_demand,2030,340,8,8,0.0493202249406701
8145,e_demand,2030,340,9,9,0.0493202249406701
8146,e_demand,2030,340,10,10,0.0493202249406701
8147,e_demand,2030,340,11,11,0.001972808997626804
8148,e_demand,2030,340,12,12,0.001972808997626804
8149,e_demand,2030,340,13,13,0.001972808997626804
8150,e_demand,2030,340,14,14,0.0
8151,e_demand,2030,340,15,15,0.001972808997626804
8152,e_demand,2030,340,16,16,0.001972808997626804
8153,e_demand,2030,340,17,17,0.0493202249406701
8154,e_demand,2030,340,18,18,0.0493202249406701
8155,e_demand,2030,340,19,19,0.0493202249406701
8156,e_demand,2030,340,20,20,0.0493202249406701
8157,e_demand,2030,340,21,21,0.0493202249406701
8158,e_demand,2030,340,22,22,0.0493202249406701
8159,e_demand,2030,340,23,23,0.0493202249406701
8160,e_demand,2030,340,24,24,0.0493202249406701
8161,e_demand,2030,341,1,1,0.16579302081935698
8162,e_demand,2030,341,2,2,0.15851236342949876
8163,e_demand,2030,341,3,3,0.1184235862995407
8164,e_demand,2030,341,4,4,0.11842358629954064
8165,e_demand,2030,341,5,5,0.1184235862995407
8166,e_demand,2030,341,6,6,0.1184235862995407
8167,e_demand,2030,341,7,7,0.1184235862995407
8168,e_demand,2030,341,8,8,0.1184235862995407
8169,e_demand,2030,341,9,9,0.1184235862995407
8170,e_demand,2030,341,10,10,0.1184235862995407
8171,e_demand,2030,341,11,11,0.1184235862995407
8172,e_demand,2030,341,12,12,0.1184235862995407
8173,e_demand,2030,341,13,13,0.1184235862995407
8174,e_demand,2030,341,14,14,0.1184235862995407
8175,e_demand,2030,341,15,15,0.1184235862995407
8176,e_demand,2030,341,16,16,0.1184235862995407
8177,e_demand,2030,341,17,17,0.1184235862995407
8178,e_demand,2030,341,18,18,0.1184235862995407
8179,e_demand,2030,341,19,19,0.1184235862995407
8180,e_demand,2030,341,20,20,0.11842358629954065
8181,e_demand,2030,341,21,21,0.1184235862995407
8182,e_demand,2030,341,22,22,0.11842358629954064
8183,e_demand,2030,341,23,23,0.1184235862995407
8184,e_demand,2030,341,24,24,0.1184235862995407
8185,e_demand,2030,342,1,1,0.46630601255555987
8186,e_demand,2030,342,2,2,0.46630601255555987
8187,e_demand,2030,342,3,3,0.46630601255555987
8188,e_demand,2030,342,4,4,0.46630601255555987
8189,e_demand,2030,342,5,5,0.46630601255555987
8190,e_demand,2030,342,6,6,0.46630601255555987
8191,e_demand,2030,342,7,7,0.46630601255555987
8192,e_demand,2030,342,8,8,0.46630601255555987
8193,e_demand,2030,342,9,9,0.46630601255555987
8194,e_demand,2030,342,10,10,0.46630601255555987
8195,e_demand,2030,342,11,11,0.46630601255555987
8196,e_demand,2030,342,12,12,0.46630601255555987
8197,e_demand,2030,342,13,13,0.46630601255555987
8198,e_demand,2030,342,14,14,0.46630601255555987
8199,e_demand,2030,342,15,15,0.46630601255555987
8200,e_demand,2030,342,16,16,0.46630601255555987
8201,e_demand,2030,342,17,17,0.46630601255555987
8202,e_demand,2030,342,18,18,0.46630601255555987
8203,e_demand,2030,342,19,19,0.46630601255555987
8204,e_demand,2030,342,20,20,0.46630601255555987
8205,e_demand,2030,342,21,21,0.46630601255555987
8206,e_demand,2030,342,22,22,0.46630601255555987
8207,e_demand,2030,342,23,23,0.46630601255555987
8208,e_demand,2030,342,24,24,0.46630601255555987
8209,e_demand,2030,343,1,1,0.09553109962440376
8210,e_demand,2030,343,2,2,0.09553109962440376
8211,e_demand,2030,343,3,3,0.09553109962440376
8212,e_demand,2030,343,4,4,0.09553109962440376
8213,e_demand,2030,343,5,5,0.09553109962440376
8214,e_demand,2030,343,6,6,0.09553109962440376
8215,e_demand,2030,343,7,7,0.09553109962440376
8216,e_demand,2030,343,8,8,0.09553109962440376
8217,e_demand,2030,343,9,9,0.09553109962440376
8218,e_demand,2030,343,10,10,0.09553109962440376
8219,e_demand,2030,343,11,11,0.09553109962440376
8220,e_demand,2030,343,12,12,0.09553109962440376
8221,e_demand,2030,343,13,13,0.09553109962440376
8222,e_demand,2030,343,14,14,0.09553109962440376
8223,e_demand,2030,343,15,15,0.09553109962440376
8224,e_demand,2030,343,16,16,0.09553109962440376
8225,e_demand,2030,343,17,17,0.09553109962440376
8226,e_demand,2030,343,18,18,0.09553109962440376
8227,e_demand,2030,343,19,19,0.09553109962440376
8228,e_demand,2030,343,20,20,0.09553109962440376
8229,e_demand,2030,343,21,21,0.09553109962440376
8230,e_demand,2030,343,22,22,0.09553109962440376
8231,e_demand,2030,343,23,23,0.09553109962440376
8232,e_demand,2030,343,24,24,0.09553109962440376
8233,e_demand,2030,344,1,1,0.025
8234,e_demand,2030,344,2,2,0.025
8235,e_demand,2030,344,3,3,0.025
8236,e_demand,2030,344,4,4,0.025
8237,e_demand,2030,344,5,5,0.025
8238,e_demand,2030,344,6,6,0.025
8239,e_demand,2030,344,7,7,0.025
8240,e_demand,2030,344,8,8,0.025
8241,e_demand,2030,344,9,9,0.025
8242,e_demand,2030,344,10,10,0.025
8243,e_demand,2030,344,11,11,0.025000000000000022
8244,e_demand,2030,344,12,12,0.025
8245,e_demand,2030,344,13,13,0.025
8246,e_demand,2030,344,14,14,0.025000000000000022
8247,e_demand,2030,344,15,15,0.025
8248,e_demand,2030,344,16,16,0.025
8249,e_demand,2030,344,17,17,0.025
8250,e_demand,2030,344,18,18,0.025
8251,e_demand,2030,344,19,19,0.025
8252,e_demand,2030,344,20,20,0.025
8253,e_demand,2030,344,21,21,0.025
8254,e_demand,2030,344,22,22,0.025
8255,e_demand,2030,344,23,23,0.025
8256,e_demand,2030,344,24,24,0.025
8257,e_demand,2030,345,1,1,0.1985430785097696
8258,e_demand,2030,345,2,2,0.1985430785097696
8259,e_demand,2030,345,3,3,0.1985430785097696
8260,e_demand,2030,345,4,4,0.1985430785097696
8261,e_demand,2030,345,5,5,0.1985430785097696
8262,e_demand,2030,345,6,6,0.1985430785097696
8263,e_demand,2030,345,7,7,0.1985430785097696
8264,e_demand,2030,345,8,8,0.1985430785097696
8265,e_demand,2030,345,9,9,0.19854307850976957
8266,e_demand,2030,345,10,10,0.1985430785097696
8267,e_demand,2030,345,11,11,0.1985430785097696
8268,e_demand,2030,345,12,12,0.1985430785097696
8269,e_demand,2030,345,13,13,0.1985430785097696
8270,e_demand,2030,345,14,14,0.1985430785097696
8271,e_demand,2030,345,15,15,0.1985430785097696
8272,e_demand,2030,345,16,16,0.1985430785097696
8273,e_demand,2030,345,17,17,0.1985430785097696
8274,e_demand,2030,345,18,18,0.19854307850976957
8275,e_demand,2030,345,19,19,0.21999233075874747
8276,e_demand,2030,345,20,20,0.2779603099136775
8277,e_demand,2030,345,21,21,0.2779603099136775
8278,e_demand,2030,345,22,22,0.21999233075874747
8279,e_demand,2030,345,23,23,0.1985430785097696
8280,e_demand,2030,345,24,24,0.1985430785097696
8281,e_demand,2030,346,1,1,0.04502432840716913
8282,e_demand,2030,346,2,2,0.04502432840716913
8283,e_demand,2030,346,3,3,0.04502432840716913
8284,e_demand,2030,346,4,4,0.04502432840716913
8285,e_demand,2030,346,5,5,0.04502432840716913
8286,e_demand,2030,346,6,6,0.04502432840716913
8287,e_demand,2030,346,7,7,0.04502432840716913
8288,e_demand,2030,346,8,8,0.04502432840716913
8289,e_demand,2030,346,9,9,0.04502432840716913
8290,e_demand,2030,346,10,10,0.04502432840716913
8291,e_demand,2030,346,11,11,0.04502432840716913
8292,e_demand,2030,346,12,12,0.04502432840716913
8293,e_demand,2030,346,13,13,0.04502432840716913
8294,e_demand,2030,346,14,14,0.04502432840716913
8295,e_demand,2030,346,15,15,0.04502432840716913
8296,e_demand,2030,346,16,16,0.04502432840716913
8297,e_demand,2030,346,17,17,0.04502432840716913
8298,e_demand,2030,346,18,18,0.04502432840716913
8299,e_demand,2030,346,19,19,0.04502432840716913
8300,e_demand,2030,346,20,20,0.04502432840716913
8301,e_demand,2030,346,21,21,0.04502432840716913
8302,e_demand,2030,346,22,22,0.04502432840716913
8303,e_demand,2030,346,23,23,0.04502432840716913
8304,e_demand,2030,346,24,24,0.04502432840716913
8305,e_demand,2030,347,1,1,0.11448681443562264
8306,e_demand,2030,347,2,2,0.11448681443562264
8307,e_demand,2030,347,3,3,0.11448681443562264
8308,e_demand,2030,347,4,4,0.11448681443562264
8309,e_demand,2030,347,5,5,0.11448681443562264
8310,e_demand,2030,347,6,6,0.11448681443562264
8311,e_demand,2030,347,7,7,0.11448681443562264
8312,e_demand,2030,347,8,8,0.11448681443562264
8313,e_demand,2030,347,9,9,0.11448681443562264
8314,e_demand,2030,347,10,10,0.11448681443562264
8315,e_demand,2030,347,11,11,0.11448681443562264
8316,e_demand,2030,347,12,12,0.11448681443562264
8317,e_demand,2030,347,13,13,0.11448681443562264
8318,e_demand,2030,347,14,14,0.11448681443562264
8319,e_demand,2030,347,15,15,0.11448681443562264
8320,e_demand,2030,347,16,16,0.11448681443562264
8321,e_demand,2030,347,17,17,0.11448681443562264
8322,e_demand,2030,347,18,18,0.11448681443562264
8323,e_demand,2030,347,19,19,0.11448681443562264
8324,e_demand,2030,347,20,20,0.11448681443562264
8325,e_demand,2030,347,21,21,0.11448681443562264
8326,e_demand,2030,347,22,22,0.11448681443562264
8327,e_demand,2030,347,23,23,0.11448681443562264
8328,e_demand,2030,347,24,24,0.11448681443562264
8329,e_demand,2030,348,1,1,0.025
8330,e_demand,2030,348,2,2,0.025
8331,e_demand,2030,348,3,3,0.025
8332,e_demand,2030,348,4,4,0.025
8333,e_demand,2030,348,5,5,0.025
8334,e_demand,2030,348,6,6,0.025
8335,e_demand,2030,348,7,7,0.025
8336,e_demand,2030,348,8,8,0.025
8337,e_demand,2030,348,9,9,0.025
8338,e_demand,2030,348,10,10,0.025000000000000022
8339,e_demand,2030,348,11,11,0.001
8340,e_demand,2030,348,12,12,0.001
8341,e_demand,2030,348,13,13,0.001
8342,e_demand,2030,348,14,14,0.001
8343,e_demand,2030,348,15,15,0.001
8344,e_demand,2030,348,16,16,0.001
8345,e_demand,2030,348,17,17,0.001
8346,e_demand,2030,348,18,18,0.025
8347,e_demand,2030,348,19,19,0.025
8348,e_demand,2030,348,20,20,0.025
8349,e_demand,2030,348,21,21,0.025
8350,e_demand,2030,348,22,22,0.025
8351,e_demand,2030,348,23,23,0.025
8352,e_demand,2030,348,24,24,0.025
8353,e_demand,2030,349,1,1,0.025283027010281314
8354,e_demand,2030,349,2,2,0.025283027010281314
8355,e_demand,2030,349,3,3,0.025283027010281314
8356,e_demand,2030,349,4,4,0.025283027010281314
8357,e_demand,2030,349,5,5,0.025283027010281314
8358,e_demand,2030,349,6,6,0.025283027010281314
8359,e_demand,2030,349,7,7,0.025283027010281314
8360,e_demand,2030,349,8,8,0.025283027010281314
8361,e_demand,2030,349,9,9,0.025283027010281314
8362,e_demand,2030,349,10,10,0.025283027010281314
8363,e_demand,2030,349,11,11,0.025283027010281314
8364,e_demand,2030,349,12,12,0.025283027010281314
8365,e_demand,2030,349,13,13,0.025283027010281314
8366,e_demand,2030,349,14,14,0.025283027010281314
8367,e_demand,2030,349,15,15,0.025283027010281314
8368,e_demand,2030,349,16,16,0.025283027010281314
8369,e_demand,2030,349,17,17,0.025283027010281314
8370,e_demand,2030,349,18,18,0.025283027010281314
8371,e_demand,2030,349,19,19,0.025283027010281314
8372,e_demand,2030,349,20,20,0.028014434360422502
8373,e_demand,2030,349,21,21,0.025283027010281314
8374,e_demand,2030,349,22,22,0.025283027010281334
8375,e_demand,2030,349,23,23,0.025283027010281314
8376,e_demand,2030,349,24,24,0.025283027010281314
8377,e_demand,2030,350,1,1,0.09321116351627373
8378,e_demand,2030,350,2,2,0.09321116351627373
8379,e_demand,2030,350,3,3,0.09321116351627373
8380,e_demand,2030,350,4,4,0.09321116351627373
8381,e_demand,2030,350,5,5,0.09321116351627373
8382,e_demand,2030,350,6,6,0.09321116351627373
8383,e_demand,2030,350,7,7,0.09321116351627373
8384,e_demand,2030,350,8,8,0.09321116351627373
8385,e_demand,2030,350,9,9,0.09321116351627373
8386,e_demand,2030,350,10,10,0.09321116351627373
8387,e_demand,2030,350,11,11,0.08412307507343705
8388,e_demand,2030,350,12,12,0.003728446540650949
8389,e_demand,2030,350,13,13,0.003728446540650949
8390,e_demand,2030,350,14,14,0.08412307507343705
8391,e_demand,2030,350,15,15,0.09321116351627376
8392,e_demand,2030,350,16,16,0.09321116351627373
8393,e_demand,2030,350,17,17,0.09321116351627373
8394,e_demand,2030,350,18,18,0.09321116351627373
8395,e_demand,2030,350,19,19,0.09321116351627373
8396,e_demand,2030,350,20,20,0.09321116351627373
8397,e_demand,2030,350,21,21,0.09321116351627373
8398,e_demand,2030,350,22,22,0.09321116351627373
8399,e_demand,2030,350,23,23,0.09321116351627373
8400,e_demand,2030,350,24,24,0.09321116351627373
8401,e_demand,2030,351,1,1,0.04708858545401484
8402,e_demand,2030,351,2,2,0.04708858545401484
8403,e_demand,2030,351,3,3,0.04708858545401484
8404,e_demand,2030,351,4,4,0.04708858545401484
8405,e_demand,2030,351,5,5,0.04708858545401484
8406,e_demand,2030,351,6,6,0.04708858545401484
8407,e_demand,2030,351,7,7,0.04708858545401484
8408,e_demand,2030,351,8,8,0.04708858545401484
8409,e_demand,2030,351,9,9,0.04708858545401484
8410,e_demand,2030,351,10,10,0.04708858545401484
8411,e_demand,2030,351,11,11,0.04708858545401484
8412,e_demand,2030,351,12,12,0.04708858545401484
8413,e_demand,2030,351,13,13,0.04708858545401484
8414,e_demand,2030,351,14,14,0.04708858545401484
8415,e_demand,2030,351,15,15,0.04708858545401484
8416,e_demand,2030,351,16,16,0.04708858545401484
8417,e_demand,2030,351,17,17,0.04708858545401484
8418,e_demand,2030,351,18,18,0.04708858545401484
8419,e_demand,2030,351,19,19,0.04708858545401484
8420,e_demand,2030,351,20,20,0.04708858545401484
8421,e_demand,2030,351,21,21,0.04708858545401484
8422,e_demand,2030,351,22,22,0.04708858545401484
8423,e_demand,2030,351,23,23,0.04708858545401484
8424,e_demand,2030,351,24,24,0.04708858545401484
8425,e_demand,2030,352,1,1,0.04173034600391974
8426,e_demand,2030,352,2,2,0.04173034600391974
8427,e_demand,2030,352,3,3,0.04173034600391974
8428,e_demand,2030,352,4,4,0.04173034600391974
8429,e_demand,2030,352,5,5,0.04173034600391974
8430,e_demand,2030,352,6,6,0.04173034600391974
8431,e_demand,2030,352,7,7,0.04173034600391974
8432,e_demand,2030,352,8,8,0.04173034600391974
8433,e_demand,2030,352,9,9,0.04173034600391974
8434,e_demand,2030,352,10,10,0.04173034600391974
8435,e_demand,2030,352,11,11,0.04173034600391974
8436,e_demand,2030,352,12,12,0.04173034600391974
8437,e_demand,2030,352,13,13,0.04173034600391974
8438,e_demand,2030,352,14,14,0.04173034600391974
8439,e_demand,2030,352,15,15,0.04173034600391974
8440,e_demand,2030,352,16,16,0.04173034600391974
8441,e_demand,2030,352,17,17,0.04173034600391974
8442,e_demand,2030,352,18,18,0.04173034600391974
8443,e_demand,2030,352,19,19,0.04173034600391974
8444,e_demand,2030,352,20,20,0.04173034600391974
8445,e_demand,2030,352,21,21,0.04173034600391974
8446,e_demand,2030,352,22,22,0.04173034600391974
8447,e_demand,2030,352,23,23,0.04173034600391974
8448,e_demand,2030,352,24,24,0.04173034600391974
8449,e_demand,2030,353,1,1,0.07157299911750636
8450,e_demand,2030,353,2,2,0.07157299911750636
8451,e_demand,2030,353,3,3,0.07157299911750636
8452,e_demand,2030,353,4,4,0.07157299911750636
8453,e_demand,2030,353,5,5,0.07157299911750636
8454,e_demand,2030,353,6,6,0.07157299911750636
8455,e_demand,2030,353,7,7,0.07157299911750636
8456,e_demand,2030,353,8,8,0.07157299911750636
8457,e_demand,2030,353,9,9,0.07157299911750636
8458,e_demand,2030,353,10,10,0.07157299911750636
8459,e_demand,2030,353,11,11,0.07157299911750636
8460,e_demand,2030,353,12,12,0.07157299911750636
8461,e_demand,2030,353,13,13,0.07157299911750636
8462,e_demand,2030,353,14,14,0.07157299911750636
8463,e_demand,2030,353,15,15,0.07157299911750636
8464,e_demand,2030,353,16,16,0.07157299911750636
8465,e_demand,2030,353,17,17,0.07157299911750636
8466,e_demand,2030,353,18,18,0.07157299911750636
8467,e_demand,2030,353,19,19,0.07157299911750636
8468,e_demand,2030,353,20,20,0.07157299911750636
8469,e_demand,2030,353,21,21,0.07157299911750636
8470,e_demand,2030,353,22,22,0.07157299911750636
8471,e_demand,2030,353,23,23,0.07157299911750636
8472,e_demand,2030,353,24,24,0.07157299911750636
8473,e_demand,2030,354,1,1,0.2913811068972569
8474,e_demand,2030,354,2,2,0.2913811068972568
8475,e_demand,2030,354,3,3,0.2913811068972569
8476,e_demand,2030,354,4,4,0.2913811068972569
8477,e_demand,2030,354,5,5,0.2913811068972569
8478,e_demand,2030,354,6,6,0.2913811068972568
8479,e_demand,2030,354,7,7,0.2913811068972569
8480,e_demand,2030,354,8,8,0.2913811068972568
8481,e_demand,2030,354,9,9,0.2913811068972569
8482,e_demand,2030,354,10,10,0.2913811068972569
8483,e_demand,2030,354,11,11,0.2913811068972569
8484,e_demand,2030,354,12,12,0.2913811068972569
8485,e_demand,2030,354,13,13,0.2913811068972569
8486,e_demand,2030,354,14,14,0.2913811068972569
8487,e_demand,2030,354,15,15,0.2913811068972569
8488,e_demand,2030,354,16,16,0.2913811068972569
8489,e_demand,2030,354,17,17,0.2913811068972569
8490,e_demand,2030,354,18,18,0.2913811068972568
8491,e_demand,2030,354,19,19,0.3228599522407278
8492,e_demand,2030,354,20,20,0.4079335496561597
8493,e_demand,2030,354,21,21,0.4079335496561597
8494,e_demand,2030,354,22,22,0.2913811068972569
8495,e_demand,2030,354,23,23,0.2913811068972568
8496,e_demand,2030,354,24,24,0.2913811068972568
8497,e_demand,2030,355,1,1,0.05291485855815371
8498,e_demand,2030,355,2,2,0.05291485855815371
8499,e_demand,2030,355,3,3,0.05291485855815371
8500,e_demand,2030,355,4,4,0.05291485855815371
8501,e_demand,2030,355,5,5,0.05291485855815371
8502,e_demand,2030,355,6,6,0.05291485855815371
8503,e_demand,2030,355,7,7,0.05291485855815371
8504,e_demand,2030,355,8,8,0.05291485855815371
8505,e_demand,2030,355,9,9,0.05291485855815372
8506,e_demand,2030,355,10,10,0.05291485855815371
8507,e_demand,2030,355,11,11,0.05291485855815371
8508,e_demand,2030,355,12,12,0.05291485855815371
8509,e_demand,2030,355,13,13,0.05291485855815371
8510,e_demand,2030,355,14,14,0.05291485855815371
8511,e_demand,2030,355,15,15,0.05291485855815371
8512,e_demand,2030,355,16,16,0.05291485855815371
8513,e_demand,2030,355,17,17,0.05291485855815371
8514,e_demand,2030,355,18,18,0.05291485855815372
8515,e_demand,2030,355,19,19,0.058631422225101065
8516,e_demand,2030,355,20,20,0.058631422225101065
8517,e_demand,2030,355,21,21,0.058631422225101065
8518,e_demand,2030,355,22,22,0.05291485855815371
8519,e_demand,2030,355,23,23,0.05291485855815371
8520,e_demand,2030,355,24,24,0.05291485855815371
8521,e_demand,2030,356,1,1,0.07398558999768708
8522,e_demand,2030,356,2,2,0.07398558999768708
8523,e_demand,2030,356,3,3,0.07398558999768708
8524,e_demand,2030,356,4,4,0.07398558999768708
8525,e_demand,2030,356,5,5,0.07398558999768708
8526,e_demand,2030,356,6,6,0.07398558999768708
8527,e_demand,2030,356,7,7,0.07398558999768708
8528,e_demand,2030,356,8,8,0.07398558999768708
8529,e_demand,2030,356,9,9,0.07398558999768708
8530,e_demand,2030,356,10,10,0.07398558999768708
8531,e_demand,2030,356,11,11,0.07398558999768708
8532,e_demand,2030,356,12,12,0.07398558999768708
8533,e_demand,2030,356,13,13,0.07398558999768708
8534,e_demand,2030,356,14,14,0.07398558999768708
8535,e_demand,2030,356,15,15,0.07398558999768708
8536,e_demand,2030,356,16,16,0.07398558999768708
8537,e_demand,2030,356,17,17,0.07398558999768708
8538,e_demand,2030,356,18,18,0.07398558999768708
8539,e_demand,2030,356,19,19,0.07398558999768708
8540,e_demand,2030,356,20,20,0.07398558999768708
8541,e_demand,2030,356,21,21,0.07398558999768708
8542,e_demand,2030,356,22,22,0.07398558999768708
8543,e_demand,2030,356,23,23,0.07398558999768708
8544,e_demand,2030,356,24,24,0.07398558999768708
8545,e_demand,2030,357,1,1,0.046323037268073276
8546,e_demand,2030,357,2,2,0.046323037268073276
8547,e_demand,2030,357,3,3,0.046323037268073276
8548,e_demand,2030,357,4,4,0.046323037268073276
8549,e_demand,2030,357,5,5,0.046323037268073276
8550,e_demand,2030,357,6,6,0.046323037268073276
8551,e_demand,2030,357,7,7,0.046323037268073276
8552,e_demand,2030,357,8,8,0.046323037268073276
8553,e_demand,2030,357,9,9,0.046323037268073276
8554,e_demand,2030,357,10,10,0.046323037268073276
8555,e_demand,2030,357,11,11,0.046323037268073276
8556,e_demand,2030,357,12,12,0.046323037268073276
8557,e_demand,2030,357,13,13,0.04180654113443617
8558,e_demand,2030,357,14,14,0.04180654113443617
8559,e_demand,2030,357,15,15,0.04632303726807332
8560,e_demand,2030,357,16,16,0.046323037268073276
8561,e_demand,2030,357,17,17,0.046323037268073276
8562,e_demand,2030,357,18,18,0.046323037268073276
8563,e_demand,2030,357,19,19,0.046323037268073276
8564,e_demand,2030,357,20,20,0.046323037268073276
8565,e_demand,2030,357,21,21,0.046323037268073276
8566,e_demand,2030,357,22,22,0.046323037268073276
8567,e_demand,2030,357,23,23,0.046323037268073276
8568,e_demand,2030,357,24,24,0.046323037268073276
8569,e_demand,2030,358,1,1,0.04305511391604319
8570,e_demand,2030,358,2,2,0.04305511391604319
8571,e_demand,2030,358,3,3,0.04305511391604319
8572,e_demand,2030,358,4,4,0.04305511391604319
8573,e_demand,2030,358,5,5,0.04305511391604319
8574,e_demand,2030,358,6,6,0.04305511391604319
8575,e_demand,2030,358,7,7,0.04305511391604319
8576,e_demand,2030,358,8,8,0.04305511391604319
8577,e_demand,2030,358,9,9,0.04305511391604319
8578,e_demand,2030,358,10,10,0.04305511391604319
8579,e_demand,2030,358,11,11,0.04305511391604319
8580,e_demand,2030,358,12,12,0.0017222045566417277
8581,e_demand,2030,358,13,13,0.0017222045566417277
8582,e_demand,2030,358,14,14,0.0017222045566417277
8583,e_demand,2030,358,15,15,0.0017222045566417277
8584,e_demand,2030,358,16,16,0.04305511391604319
8585,e_demand,2030,358,17,17,0.04305511391604319
8586,e_demand,2030,358,18,18,0.04305511391604319
8587,e_demand,2030,358,19,19,0.04305511391604319
8588,e_demand,2030,358,20,20,0.04305511391604319
8589,e_demand,2030,358,21,21,0.04305511391604319
8590,e_demand,2030,358,22,22,0.04305511391604319
8591,e_demand,2030,358,23,23,0.04305511391604319
8592,e_demand,2030,358,24,24,0.04305511391604319
8593,e_demand,2030,359,1,1,0.04791215490517458
8594,e_demand,2030,359,2,2,0.04791215490517458
8595,e_demand,2030,359,3,3,0.04791215490517458
8596,e_demand,2030,359,4,4,0.04791215490517458
8597,e_demand,2030,359,5,5,0.04791215490517458
8598,e_demand,2030,359,6,6,0.04791215490517458
8599,e_demand,2030,359,7,7,0.04791215490517458
8600,e_demand,2030,359,8,8,0.04791215490517458
8601,e_demand,2030,359,9,9,0.04791215490517458
8602,e_demand,2030,359,10,10,0.04791215490517458
8603,e_demand,2030,359,11,11,0.04791215490517458
8604,e_demand,2030,359,12,12,0.04791215490517458
8605,e_demand,2030,359,13,13,0.001916486196206983
8606,e_demand,2030,359,14,14,0.001916486196206983
8607,e_demand,2030,359,15,15,0.001916486196206983
8608,e_demand,2030,359,16,16,0.001916486196206983
8609,e_demand,2030,359,17,17,0.04791215490517458
8610,e_demand,2030,359,18,18,0.04791215490517458
8611,e_demand,2030,359,19,19,0.04791215490517458
8612,e_demand,2030,359,20,20,0.04791215490517458
8613,e_demand,2030,359,21,21,0.04791215490517458
8614,e_demand,2030,359,22,22,0.04791215490517458
8615,e_demand,2030,359,23,23,0.04791215490517458
8616,e_demand,2030,359,24,24,0.04791215490517458
8617,e_demand,2030,360,1,1,0.0010470805094751582
8618,e_demand,2030,360,2,2,0.0010470805094751582
8619,e_demand,2030,360,3,3,0.0010470805094751582
8620,e_demand,2030,360,4,4,0.0010470805094751582
8621,e_demand,2030,360,5,5,0.0010470805094751582
8622,e_demand,2030,360,6,6,0.0010470805094751582
8623,e_demand,2030,360,7,7,0.0010470805094751582
8624,e_demand,2030,360,8,8,0.0010470805094751582
8625,e_demand,2030,360,9,9,0.0011602000104987903
8626,e_demand,2030,360,10,10,0.0010470805094751582
8627,e_demand,2030,360,11,11,0.0010470805094751582
8628,e_demand,2030,360,12,12,0.0010470805094751582
8629,e_demand,2030,360,13,13,0.0010470805094751582
8630,e_demand,2030,360,14,14,0.0010470805094751582
8631,e_demand,2030,360,15,15,0.0010470805094751582
8632,e_demand,2030,360,16,16,0.0010470805094751582
8633,e_demand,2030,360,17,17,0.0010470805094751582
8634,e_demand,2030,360,18,18,0.0010470805094751582
8635,e_demand,2030,360,19,19,0.0010470805094751582
8636,e_demand,2030,360,20,20,0.0010470805094751582
8637,e_demand,2030,360,21,21,0.0010470805094751582
8638,e_demand,2030,360,22,22,0.0010470805094751582
8639,e_demand,2030,360,23,23,0.0010470805094751582
8640,e_demand,2030,360,24,24,0.0010470805094751582
8641,spillage,2030,1,1,1,0.0
8642,spillage,2030,1,2,2,0.0
8643,spillage,2030,1,3,3,0.0
8644,spillage,2030,1,4,4,0.0
8645,spillage,2030,1,5,5,0.0
8646,spillage,2030,1,6,6,0.0
8647,spillage,2030,1,7,7,0.0
8648,spillage,2030,1,8,8,0.0
8649,spillage,2030,1,9,9,0.0
8650,spillage,2030,1,10,10,0.0
8651,spillage,2030,1,11,11,0.0
8652,spillage,2030,1,12,12,0.0
8653,spillage,2030,1,13,13,0.0
8654,spillage,2030,1,14,14,0.0
8655,spillage,2030,1,15,15,0.0
8656,spillage,2030,1,16,16,0.0
8657,spillage,2030,1,17,17,0.0
8658,spillage,2030,1,18,18,0.0
8659,spillage,2030,1,19,19,0.0
8660,spillage,2030,1,20,20,0.0
8661,spillage,2030,1,21,21,0.0
8662,spillage,2030,1,22,22,0.0
8663,spillage,2030,1,23,23,0.0
8664,spillage,2030,1,24,24,0.0
8665,spillage,2030,2,1,1,0.0
8666,spillage,2030,2,2,2,0.0
8667,spillage,2030,2,3,3,0.0
8668,spillage,2030,2,4,4,0.0
8669,spillage,2030,2,5,5,0.0
8670,spillage,2030,2,6,6,0.0
8671,spillage,2030,2,7,7,0.0
8672,spillage,2030,2,8,8,0.0
8673,spillage,2030,2,9,9,0.0
8674,spillage,2030,2,10,10,0.0
8675,spillage,2030,2,11,11,0.0
8676,spillage,2030,2,12,12,0.0
8677,spillage,2030,2,13,13,0.0
8678,spillage,2030,2,14,14,0.0
8679,spillage,2030,2,15,15,0.0
8680,spillage,2030,2,16,16,0.0
8681,spillage,2030,2,17,17,0.0
8682,spillage,2030,2,18,18,0.0
8683,spillage,2030,2,19,19,0.0
8684,spillage,2030,2,20,20,0.0
8685,spillage,2030,2,21,21,0.0
8686,spillage,2030,2,22,22,0.0
8687,spillage,2030,2,23,23,0.0
8688,spillage,2030,2,24,24,0.0
8689,spillage,2030,3,1,1,0.0
8690,spillage,2030,3,2,2,0.0
8691,spillage,2030,3,3,3,0.0
8692,spillage,2030,3,4,4,0.0
8693,spillage,2030,3,5,5,0.0
8694,spillage,2030,3,6,6,0.0
8695,spillage,2030,3,7,7,0.0
8696,spillage,2030,3,8,8,0.0
8697,spillage,2030,3,9,9,0.0
8698,spillage,2030,3,10,10,0.0
8699,spillage,2030,3,11,11,0.0
8700,spillage,2030,3,12,12,0.0
8701,spillage,2030,3,13,13,0.0
8702,spillage,2030,3,14,14,0.0
8703,spillage,2030,3,15,15,0.0
8704,spillage,2030,3,16,16,0.0
8705,spillage,2030,3,17,17,0.0
8706,spillage,2030,3,18,18,0.0
8707,spillage,2030,3,19,19,0.0
8708,spillage,2030,3,20,20,0.0
8709,spillage,2030,3,21,21,0.0
8710,spillage,2030,3,22,22,0.0
8711,spillage,2030,3,23,23,0.0
8712,spillage,2030,3,24,24,0.0
8713,spillage,2030,4,1,1,0.0
8714,spillage,2030,4,2,2,0.0
8715,spillage,2030,4,3,3,0.0
8716,spillage,2030,4,4,4,0.0
8717,spillage,2030,4,5,5,0.0
8718,spillage,2030,4,6,6,0.0
8719,spillage,2030,4,7,7,0.0
8720,spillage,2030,4,8,8,0.0
8721,spillage,2030,4,9,9,0.0
8722,spillage,2030,4,10,10,0.0
8723,spillage,2030,4,11,11,0.0
8724,spillage,2030,4,12,12,0.0
8725,spillage,2030,4,13,13,0.0
8726,spillage,2030,4,14,14,0.0
8727,spillage,2030,4,15,15,0.0
8728,spillage,2030,4,16,16,0.0
8729,spillage,2030,4,17,17,0.0
8730,spillage,2030,4,18,18,0.0
8731,spillage,2030,4,19,19,0.0
8732,spillage,2030,4,20,20,0.0
8733,spillage,2030,4,21,21,0.0
8734,spillage,2030,4,22,22,0.0
8735,spillage,2030,4,23,23,0.0
8736,spillage,2030,4,24,24,0.0
8737,spillage,2030,5,1,1,0.0
8738,spillage,2030,5,2,2,0.0
8739,spillage,2030,5,3,3,0.0
8740,spillage,2030,5,4,4,0.0
8741,spillage,2030,5,5,5,0.0
8742,spillage,2030,5,6,6,0.0
8743,spillage,2030,5,7,7,0.0
8744,spillage,2030,5,8,8,0.0
8745,spillage,2030,5,9,9,0.0
8746,spillage,2030,5,10,10,0.0
8747,spillage,2030,5,11,11,0.0
8748,spillage,2030,5,12,12,0.0
8749,spillage,2030,5,13,13,0.0
8750,spillage,2030,5,14,14,0.0
8751,spillage,2030,5,15,15,0.0
8752,spillage,2030,5,16,16,0.0
8753,spillage,2030,5,17,17,0.0
8754,spillage,2030,5,18,18,0.0
8755,spillage,2030,5,19,19,0.0
8756,spillage,2030,5,20,20,0.0
8757,spillage,2030,5,21,21,0.0
8758,spillage,2030,5,22,22,0.0
8759,spillage,2030,5,23,23,0.0
8760,spillage,2030,5,24,24,0.0
8761,spillage,2030,6,1,1,0.0
8762,spillage,2030,6,2,2,0.0
8763,spillage,2030,6,3,3,0.0
8764,spillage,2030,6,4,4,0.0
8765,spillage,2030,6,5,5,0.0
8766,spillage,2030,6,6,6,0.0
8767,spillage,2030,6,7,7,0.0
8768,spillage,2030,6,8,8,0.0
8769,spillage,2030,6,9,9,0.0
8770,spillage,2030,6,10,10,0.0
8771,spillage,2030,6,11,11,0.0
8772,spillage,2030,6,12,12,0.0
8773,spillage,2030,6,13,13,0.0
8774,spillage,2030,6,14,14,0.0
8775,spillage,2030,6,15,15,0.0
8776,spillage,2030,6,16,16,0.0
8777,spillage,2030,6,17,17,0.0
8778,spillage,2030,6,18,18,0.0
8779,spillage,2030,6,19,19,0.0
8780,spillage,2030,6,20,20,0.0
8781,spillage,2030,6,21,21,0.0
8782,spillage,2030,6,22,22,0.0
8783,spillage,2030,6,23,23,0.0
8784,spillage,2030,6,24,24,0.0
8785,spillage,2030,7,1,1,0.0
8786,spillage,2030,7,2,2,0.0
8787,spillage,2030,7,3,3,0.0
8788,spillage,2030,7,4,4,0.0
8789,spillage,2030,7,5,5,0.0
8790,spillage,2030,7,6,6,0.0
8791,spillage,2030,7,7,7,0.0
8792,spillage,2030,7,8,8,0.0
8793,spillage,2030,7,9,9,0.0
8794,spillage,2030,7,10,10,0.0
8795,spillage,2030,7,11,11,0.0
8796,spillage,2030,7,12,12,0.0
8797,spillage,2030,7,13,13,0.0
8798,spillage,2030,7,14,14,0.0
8799,spillage,2030,7,15,15,0.0
8800,spillage,2030,7,16,16,0.0
8801,spillage,2030,7,17,17,0.0
8802,spillage,2030,7,18,18,0.0
8803,spillage,2030,7,19,19,0.0
8804,spillage,2030,7,20,20,0.0
8805,spillage,2030,7,21,21,0.0
8806,spillage,2030,7,22,22,0.0
8807,spillage,2030,7,23,23,0.0
8808,spillage,2030,7,24,24,0.0
8809,spillage,2030,8,1,1,0.0
8810,spillage,2030,8,2,2,0.0
8811,spillage,2030,8,3,3,0.0
8812,spillage,2030,8,4,4,0.0
8813,spillage,2030,8,5,5,0.0
8814,spillage,2030,8,6,6,0.0
8815,spillage,2030,8,7,7,0.0
8816,spillage,2030,8,8,8,0.0
8817,spillage,2030,8,9,9,0.0
8818,spillage,2030,8,10,10,0.0
8819,spillage,2030,8,11,11,0.0
8820,spillage,2030,8,12,12,0.0
8821,spillage,2030,8,13,13,0.0
8822,spillage,2030,8,14,14,0.0
8823,spillage,2030,8,15,15,0.0
8824,spillage,2030,8,16,16,0.0
8825,spillage,2030,8,17,17,0.0
8826,spillage,2030,8,18,18,0.0
8827,spillage,2030,8,19,19,0.0
8828,spillage,2030,8,20,20,0.0
8829,spillage,2030,8,21,21,0.0
8830,spillage,2030,8,22,22,0.0
8831,spillage,2030,8,23,23,0.0
8832,spillage,2030,8,24,24,0.0
8833,spillage,2030,9,1,1,0.0
8834,spillage,2030,9,2,2,0.0
8835,spillage,2030,9,3,3,0.0
8836,spillage,2030,9,4,4,0.0
8837,spillage,2030,9,5,5,0.0
8838,spillage,2030,9,6,6,0.0
8839,spillage,2030,9,7,7,0.0
8840,spillage,2030,9,8,8,0.0
8841,spillage,2030,9,9,9,0.0
8842,spillage,2030,9,10,10,0.0
8843,spillage,2030,9,11,11,0.0
8844,spillage,2030,9,12,12,0.0
8845,spillage,2030,9,13,13,0.0
8846,spillage,2030,9,14,14,0.0
8847,spillage,2030,9,15,15,0.0
8848,spillage,2030,9,16,16,0.0
8849,spillage,2030,9,17,17,0.0
8850,spillage,2030,9,18,18,0.0
8851,spillage,2030,9,19,19,0.0
8852,spillage,2030,9,20,20,0.0
8853,spillage,2030,9,21,21,0.0
8854,spillage,2030,9,22,22,0.0
8855,spillage,2030,9,23,23,0.0
8856,spillage,2030,9,24,24,0.0
8857,spillage,2030,10,1,1,0.0
8858,spillage,2030,10,2,2,0.0
8859,spillage,2030,10,3,3,0.0
8860,spillage,2030,10,4,4,0.0
8861,spillage,2030,10,5,5,0.0
8862,spillage,2030,10,6,6,0.0
8863,spillage,2030,10,7,7,0.0
8864,spillage,2030,10,8,8,0.0
8865,spillage,2030,10,9,9,0.0
8866,spillage,2030,10,10,10,0.0
8867,spillage,2030,10,11,11,0.0
8868,spillage,2030,10,12,12,0.0
8869,spillage,2030,10,13,13,0.0
8870,spillage,2030,10,14,14,0.0
8871,spillage,2030,10,15,15,0.0
8872,spillage,2030,10,16,16,0.0
8873,spillage,2030,10,17,17,0.0
8874,spillage,2030,10,18,18,0.0
8875,spillage,2030,10,19,19,0.0
8876,spillage,2030,10,20,20,0.0
8877,spillage,2030,10,21,21,0.0
8878,spillage,2030,10,22,22,0.0
8879,spillage,2030,10,23,23,0.0
8880,spillage,2030,10,24,24,0.0
8881,spillage,2030,11,1,1,0.0
8882,spillage,2030,11,2,2,0.0
8883,spillage,2030,11,3,3,0.0
8884,spillage,2030,11,4,4,0.0
8885,spillage,2030,11,5,5,0.0
8886,spillage,2030,11,6,6,0.0
8887,spillage,2030,11,7,7,0.0
8888,spillage,2030,11,8,8,0.0
8889,spillage,2030,11,9,9,0.0
8890,spillage,2030,11,10,10,0.0
8891,spillage,2030,11,11,11,0.0
8892,spillage,2030,11,12,12,0.0
8893,spillage,2030,11,13,13,0.0
8894,spillage,2030,11,14,14,0.0
8895,spillage,2030,11,15,15,0.0
8896,spillage,2030,11,16,16,0.0
8897,spillage,2030,11,17,17,0.0
8898,spillage,2030,11,18,18,0.0
8899,spillage,2030,11,19,19,0.0
8900,spillage,2030,11,20,20,0.0
8901,spillage,2030,11,21,21,0.0
8902,spillage,2030,11,22,22,0.0
8903,spillage,2030,11,23,23,0.0
8904,spillage,2030,11,24,24,0.0
8905,spillage,2030,12,1,1,0.0
8906,spillage,2030,12,2,2,0.0
8907,spillage,2030,12,3,3,0.0
8908,spillage,2030,12,4,4,0.0
8909,spillage,2030,12,5,5,0.0
8910,spillage,2030,12,6,6,0.0
8911,spillage,2030,12,7,7,0.0
8912,spillage,2030,12,8,8,0.0
8913,spillage,2030,12,9,9,0.0
8914,spillage,2030,12,10,10,0.0
8915,spillage,2030,12,11,11,0.0
8916,spillage,2030,12,12,12,0.0
8917,spillage,2030,12,13,13,0.0
8918,spillage,2030,12,14,14,0.0
8919,spillage,2030,12,15,15,0.0
8920,spillage,2030,12,16,16,0.0
8921,spillage,2030,12,17,17,0.0
8922,spillage,2030,12,18,18,0.0
8923,spillage,2030,12,19,19,0.0
8924,spillage,2030,12,20,20,0.0
8925,spillage,2030,12,21,21,0.0
8926,spillage,2030,12,22,22,0.0
8927,spillage,2030,12,23,23,0.0
8928,spillage,2030,12,24,24,0.0
8929,spillage,2030,13,1,1,0.0
8930,spillage,2030,13,2,2,0.0
8931,spillage,2030,13,3,3,0.0
8932,spillage,2030,13,4,4,0.0
8933,spillage,2030,13,5,5,0.0
8934,spillage,2030,13,6,6,0.0
8935,spillage,2030,13,7,7,0.0
8936,spillage,2030,13,8,8,0.0
8937,spillage,2030,13,9,9,0.0
8938,spillage,2030,13,10,10,0.0
8939,spillage,2030,13,11,11,0.0
8940,spillage,2030,13,12,12,0.0
8941,spillage,2030,13,13,13,0.0
8942,spillage,2030,13,14,14,0.0
8943,spillage,2030,13,15,15,0.0
8944,spillage,2030,13,16,16,0.0
8945,spillage,2030,13,17,17,0.0
8946,spillage,2030,13,18,18,0.0
8947,spillage,2030,13,19,19,0.0
8948,spillage,2030,13,20,20,0.0
8949,spillage,2030,13,21,21,0.0
8950,spillage,2030,13,22,22,0.0
8951,spillage,2030,13,23,23,0.0
8952,spillage,2030,13,24,24,0.0
8953,spillage,2030,14,1,1,0.0
8954,spillage,2030,14,2,2,0.0
8955,spillage,2030,14,3,3,0.0
8956,spillage,2030,14,4,4,0.0
8957,spillage,2030,14,5,5,0.0
8958,spillage,2030,14,6,6,0.0
8959,spillage,2030,14,7,7,0.0
8960,spillage,2030,14,8,8,0.0
8961,spillage,2030,14,9,9,0.0
8962,spillage,2030,14,10,10,0.0
8963,spillage,2030,14,11,11,0.0
8964,spillage,2030,14,12,12,0.0
8965,spillage,2030,14,13,13,0.0
8966,spillage,2030,14,14,14,0.0
8967,spillage,2030,14,15,15,0.0
8968,spillage,2030,14,16,16,0.0
8969,spillage,2030,14,17,17,0.0
8970,spillage,2030,14,18,18,0.0
8971,spillage,2030,14,19,19,0.0
8972,spillage,2030,14,20,20,0.0
8973,spillage,2030,14,21,21,0.0
8974,spillage,2030,14,22,22,0.0
8975,spillage,2030,14,23,23,0.0
8976,spillage,2030,14,24,24,0.0
8977,spillage,2030,15,1,1,0.0
8978,spillage,2030,15,2,2,0.0
8979,spillage,2030,15,3,3,0.0
8980,spillage,2030,15,4,4,0.0
8981,spillage,2030,15,5,5,0.0
8982,spillage,2030,15,6,6,0.0
8983,spillage,2030,15,7,7,0.0
8984,spillage,2030,15,8,8,0.0
8985,spillage,2030,15,9,9,0.0
8986,spillage,2030,15,10,10,0.0
8987,spillage,2030,15,11,11,0.0
8988,spillage,2030,15,12,12,0.0
8989,spillage,2030,15,13,13,0.0
8990,spillage,2030,15,14,14,0.0
8991,spillage,2030,15,15,15,0.0
8992,spillage,2030,15,16,16,0.0
8993,spillage,2030,15,17,17,0.0
8994,spillage,2030,15,18,18,0.0
8995,spillage,2030,15,19,19,0.0
8996,spillage,2030,15,20,20,0.0
8997,spillage,2030,15,21,21,0.0
8998,spillage,2030,15,22,22,0.0
8999,spillage,2030,15,23,23,0.0
9000,spillage,2030,15,24,24,0.0
9001,spillage,2030,16,1,1,0.0
9002,spillage,2030,16,2,2,0.0
9003,spillage,2030,16,3,3,0.0
9004,spillage,2030,16,4,4,0.0
9005,spillage,2030,16,5,5,0.0
9006,spillage,2030,16,6,6,0.0
9007,spillage,2030,16,7,7,0.0
9008,spillage,2030,16,8,8,0.0
9009,spillage,2030,16,9,9,0.0
9010,spillage,2030,16,10,10,0.0
9011,spillage,2030,16,11,11,0.0
9012,spillage,2030,16,12,12,0.0
9013,spillage,2030,16,13,13,0.0
9014,spillage,2030,16,14,14,0.0
9015,spillage,2030,16,15,15,0.0
9016,spillage,2030,16,16,16,0.0
9017,spillage,2030,16,17,17,0.0
9018,spillage,2030,16,18,18,0.0
9019,spillage,2030,16,19,19,0.0
9020,spillage,2030,16,20,20,0.0
9021,spillage,2030,16,21,21,0.0
9022,spillage,2030,16,22,22,0.0
9023,spillage,2030,16,23,23,0.0
9024,spillage,2030,16,24,24,0.0
9025,spillage,2030,17,1,1,0.0
9026,spillage,2030,17,2,2,0.0
9027,spillage,2030,17,3,3,0.0
9028,spillage,2030,17,4,4,0.0
9029,spillage,2030,17,5,5,0.0
9030,spillage,2030,17,6,6,0.0
9031,spillage,2030,17,7,7,0.0
9032,spillage,2030,17,8,8,0.0
9033,spillage,2030,17,9,9,0.0
9034,spillage,2030,17,10,10,0.0
9035,spillage,2030,17,11,11,0.0
9036,spillage,2030,17,12,12,0.0
9037,spillage,2030,17,13,13,0.0
9038,spillage,2030,17,14,14,0.0
9039,spillage,2030,17,15,15,0.0
9040,spillage,2030,17,16,16,0.0
9041,spillage,2030,17,17,17,0.0
9042,spillage,2030,17,18,18,0.0
9043,spillage,2030,17,19,19,0.0
9044,spillage,2030,17,20,20,0.0
9045,spillage,2030,17,21,21,0.0
9046,spillage,2030,17,22,22,0.0
9047,spillage,2030,17,23,23,0.0
9048,spillage,2030,17,24,24,0.0
9049,spillage,2030,18,1,1,0.0
9050,spillage,2030,18,2,2,0.0
9051,spillage,2030,18,3,3,0.0
9052,spillage,2030,18,4,4,0.0
9053,spillage,2030,18,5,5,0.0
9054,spillage,2030,18,6,6,0.0
9055,spillage,2030,18,7,7,0.0
9056,spillage,2030,18,8,8,0.0
9057,spillage,2030,18,9,9,0.0
9058,spillage,2030,18,10,10,0.0
9059,spillage,2030,18,11,11,0.0
9060,spillage,2030,18,12,12,0.0
9061,spillage,2030,18,13,13,0.0
9062,spillage,2030,18,14,14,0.0
9063,spillage,2030,18,15,15,0.0
9064,spillage,2030,18,16,16,0.0
9065,spillage,2030,18,17,17,0.0
9066,spillage,2030,18,18,18,0.0
9067,spillage,2030,18,19,19,0.0
9068,spillage,2030,18,20,20,0.0
9069,spillage,2030,18,21,21,0.0
9070,spillage,2030,18,22,22,0.0
9071,spillage,2030,18,23,23,0.0
9072,spillage,2030,18,24,24,0.0
9073,spillage,2030,19,1,1,0.0
9074,spillage,2030,19,2,2,0.0
9075,spillage,2030,19,3,3,0.0
9076,spillage,2030,19,4,4,0.0
9077,spillage,2030,19,5,5,0.0
9078,spillage,2030,19,6,6,0.0
9079,spillage,2030,19,7,7,0.0
9080,spillage,2030,19,8,8,0.0
9081,spillage,2030,19,9,9,0.0
9082,spillage,2030,19,10,10,0.0
9083,spillage,2030,19,11,11,0.0
9084,spillage,2030,19,12,12,0.0
9085,spillage,2030,19,13,13,0.0
9086,spillage,2030,19,14,14,0.0
9087,spillage,2030,19,15,15,0.0
9088,spillage,2030,19,16,16,0.0
9089,spillage,2030,19,17,17,0.0
9090,spillage,2030,19,18,18,0.0
9091,spillage,2030,19,19,19,0.0
9092,spillage,2030,19,20,20,0.0
9093,spillage,2030,19,21,21,0.0
9094,spillage,2030,19,22,22,0.0
9095,spillage,2030,19,23,23,0.0
9096,spillage,2030,19,24,24,0.0
9097,spillage,2030,20,1,1,0.0
9098,spillage,2030,20,2,2,0.0
9099,spillage,2030,20,3,3,0.0
9100,spillage,2030,20,4,4,0.0
9101,spillage,2030,20,5,5,0.0
9102,spillage,2030,20,6,6,0.0
9103,spillage,2030,20,7,7,0.0
9104,spillage,2030,20,8,8,0.0
9105,spillage,2030,20,9,9,0.0
9106,spillage,2030,20,10,10,0.0
9107,spillage,2030,20,11,11,0.0
9108,spillage,2030,20,12,12,0.0
9109,spillage,2030,20,13,13,0.0
9110,spillage,2030,20,14,14,0.0
9111,spillage,2030,20,15,15,0.0
9112,spillage,2030,20,16,16,0.0
9113,spillage,2030,20,17,17,0.0
9114,spillage,2030,20,18,18,0.0
9115,spillage,2030,20,19,19,0.0
9116,spillage,2030,20,20,20,0.0
9117,spillage,2030,20,21,21,0.0
9118,spillage,2030,20,22,22,0.0
9119,spillage,2030,20,23,23,0.0
9120,spillage,2030,20,24,24,0.0
9121,spillage,2030,21,1,1,0.0
9122,spillage,2030,21,2,2,0.0
9123,spillage,2030,21,3,3,0.0
9124,spillage,2030,21,4,4,0.0
9125,spillage,2030,21,5,5,0.0
9126,spillage,2030,21,6,6,0.0
9127,spillage,2030,21,7,7,0.0
9128,spillage,2030,21,8,8,0.0
9129,spillage,2030,21,9,9,0.0
9130,spillage,2030,21,10,10,0.0
9131,spillage,2030,21,11,11,0.0
9132,spillage,2030,21,12,12,0.0
9133,spillage,2030,21,13,13,0.0
9134,spillage,2030,21,14,14,0.0
9135,spillage,2030,21,15,15,0.0
9136,spillage,2030,21,16,16,0.0
9137,spillage,2030,21,17,17,0.0
9138,spillage,2030,21,18,18,0.0
9139,spillage,2030,21,19,19,0.0
9140,spillage,2030,21,20,20,0.0
9141,spillage,2030,21,21,21,0.0
9142,spillage,2030,21,22,22,0.0
9143,spillage,2030,21,23,23,0.0
9144,spillage,2030,21,24,24,0.0
9145,spillage,2030,22,1,1,0.0
9146,spillage,2030,22,2,2,0.0
9147,spillage,2030,22,3,3,0.0
9148,spillage,2030,22,4,4,0.0
9149,spillage,2030,22,5,5,0.0
9150,spillage,2030,22,6,6,0.0
9151,spillage,2030,22,7,7,0.0
9152,spillage,2030,22,8,8,0.0
9153,spillage,2030,22,9,9,0.0
9154,spillage,2030,22,10,10,0.0
9155,spillage,2030,22,11,11,0.0
9156,spillage,2030,22,12,12,0.0
9157,spillage,2030,22,13,13,0.0
9158,spillage,2030,22,14,14,0.0
9159,spillage,2030,22,15,15,0.0
9160,spillage,2030,22,16,16,0.0
9161,spillage,2030,22,17,17,0.0
9162,spillage,2030,22,18,18,0.0
9163,spillage,2030,22,19,19,0.0
9164,spillage,2030,22,20,20,0.0
9165,spillage,2030,22,21,21,0.0
9166,spillage,2030,22,22,22,0.0
9167,spillage,2030,22,23,23,0.0
9168,spillage,2030,22,24,24,0.0
9169,spillage,2030,23,1,1,0.0
9170,spillage,2030,23,2,2,0.0
9171,spillage,2030,23,3,3,0.0
9172,spillage,2030,23,4,4,0.0
9173,spillage,2030,23,5,5,0.0
9174,spillage,2030,23,6,6,0.0
9175,spillage,2030,23,7,7,0.0
9176,spillage,2030,23,8,8,0.0
9177,spillage,2030,23,9,9,0.0
9178,spillage,2030,23,10,10,0.0
9179,spillage,2030,23,11,11,0.0
9180,spillage,2030,23,12,12,0.0
9181,spillage,2030,23,13,13,0.0
9182,spillage,2030,23,14,14,0.0
9183,spillage,2030,23,15,15,0.0
9184,spillage,2030,23,16,16,0.0
9185,spillage,2030,23,17,17,0.0
9186,spillage,2030,23,18,18,0.0
9187,spillage,2030,23,19,19,0.0
9188,spillage,2030,23,20,20,0.0
9189,spillage,2030,23,21,21,0.0
9190,spillage,2030,23,22,22,0.0
9191,spillage,2030,23,23,23,0.0
9192,spillage,2030,23,24,24,0.0
9193,spillage,2030,24,1,1,0.0
9194,spillage,2030,24,2,2,0.0
9195,spillage,2030,24,3,3,0.0
9196,spillage,2030,24,4,4,0.0
9197,spillage,2030,24,5,5,0.0
9198,spillage,2030,24,6,6,0.0
9199,spillage,2030,24,7,7,0.0
9200,spillage,2030,24,8,8,0.0
9201,spillage,2030,24,9,9,0.0
9202,spillage,2030,24,10,10,0.0
9203,spillage,2030,24,11,11,0.0
9204,spillage,2030,24,12,12,0.0
9205,spillage,2030,24,13,13,0.0
9206,spillage,2030,24,14,14,0.0
9207,spillage,2030,24,15,15,0.0
9208,spillage,2030,24,16,16,0.0
9209,spillage,2030,24,17,17,0.0
9210,spillage,2030,24,18,18,0.0
9211,spillage,2030,24,19,19,0.0
9212,spillage,2030,24,20,20,0.0
9213,spillage,2030,24,21,21,0.0
9214,spillage,2030,24,22,22,0.0
9215,spillage,2030,24,23,23,0.0
9216,spillage,2030,24,24,24,0.0
9217,spillage,2030,25,1,1,0.0
9218,spillage,2030,25,2,2,0.0
9219,spillage,2030,25,3,3,0.0
9220,spillage,2030,25,4,4,0.0
9221,spillage,2030,25,5,5,0.0
9222,spillage,2030,25,6,6,0.0
9223,spillage,2030,25,7,7,0.0
9224,spillage,2030,25,8,8,0.0
9225,spillage,2030,25,9,9,0.0
9226,spillage,2030,25,10,10,0.0
9227,spillage,2030,25,11,11,0.0
9228,spillage,2030,25,12,12,0.0
9229,spillage,2030,25,13,13,0.0
9230,spillage,2030,25,14,14,0.0
9231,spillage,2030,25,15,15,0.0
9232,spillage,2030,25,16,16,0.0
9233,spillage,2030,25,17,17,0.0
9234,spillage,2030,25,18,18,0.0
9235,spillage,2030,25,19,19,0.0
9236,spillage,2030,25,20,20,0.0
9237,spillage,2030,25,21,21,0.0
9238,spillage,2030,25,22,22,0.0
9239,spillage,2030,25,23,23,0.0
9240,spillage,2030,25,24,24,0.0
9241,spillage,2030,26,1,1,0.0
9242,spillage,2030,26,2,2,0.0
9243,spillage,2030,26,3,3,0.0
9244,spillage,2030,26,4,4,0.0
9245,spillage,2030,26,5,5,0.0
9246,spillage,2030,26,6,6,0.0
9247,spillage,2030,26,7,7,0.0
9248,spillage,2030,26,8,8,0.0
9249,spillage,2030,26,9,9,0.0
9250,spillage,2030,26,10,10,0.0
9251,spillage,2030,26,11,11,0.0
9252,spillage,2030,26,12,12,0.0
9253,spillage,2030,26,13,13,0.0
9254,spillage,2030,26,14,14,0.0
9255,spillage,2030,26,15,15,0.0
9256,spillage,2030,26,16,16,0.0
9257,spillage,2030,26,17,17,0.0
9258,spillage,2030,26,18,18,0.0
9259,spillage,2030,26,19,19,0.0
9260,spillage,2030,26,20,20,0.0
9261,spillage,2030,26,21,21,0.0
9262,spillage,2030,26,22,22,0.0
9263,spillage,2030,26,23,23,0.0
9264,spillage,2030,26,24,24,0.0
9265,spillage,2030,27,1,1,0.0
9266,spillage,2030,27,2,2,0.0
9267,spillage,2030,27,3,3,0.0
9268,spillage,2030,27,4,4,0.0
9269,spillage,2030,27,5,5,0.0
9270,spillage,2030,27,6,6,0.0
9271,spillage,2030,27,7,7,0.0
9272,spillage,2030,27,8,8,0.0
9273,spillage,2030,27,9,9,0.0
9274,spillage,2030,27,10,10,0.0
9275,spillage,2030,27,11,11,0.0
9276,spillage,2030,27,12,12,0.0
9277,spillage,2030,27,13,13,0.0
9278,spillage,2030,27,14,14,0.0
9279,spillage,2030,27,15,15,0.0
9280,spillage,2030,27,16,16,0.0
9281,spillage,2030,27,17,17,0.0
9282,spillage,2030,27,18,18,0.0
9283,spillage,2030,27,19,19,0.0
9284,spillage,2030,27,20,20,0.0
9285,spillage,2030,27,21,21,0.0
9286,spillage,2030,27,22,22,0.0
9287,spillage,2030,27,23,23,0.0
9288,spillage,2030,27,24,24,0.0
9289,spillage,2030,28,1,1,0.0
9290,spillage,2030,28,2,2,0.0
9291,spillage,2030,28,3,3,0.0
9292,spillage,2030,28,4,4,0.0
9293,spillage,2030,28,5,5,0.0
9294,spillage,2030,28,6,6,0.0
9295,spillage,2030,28,7,7,0.0
9296,spillage,2030,28,8,8,0.0
9297,spillage,2030,28,9,9,0.0
9298,spillage,2030,28,10,10,0.0
9299,spillage,2030,28,11,11,0.0
9300,spillage,2030,28,12,12,0.0
9301,spillage,2030,28,13,13,0.0
9302,spillage,2030,28,14,14,0.0
9303,spillage,2030,28,15,15,0.0
9304,spillage,2030,28,16,16,0.0
9305,spillage,2030,28,17,17,0.0
9306,spillage,2030,28,18,18,0.0
9307,spillage,2030,28,19,19,0.0
9308,spillage,2030,28,20,20,0.0
9309,spillage,2030,28,21,21,0.0
9310,spillage,2030,28,22,22,0.0
9311,spillage,2030,28,23,23,0.0
9312,spillage,2030,28,24,24,0.0
9313,spillage,2030,29,1,1,0.0
9314,spillage,2030,29,2,2,0.0
9315,spillage,2030,29,3,3,0.0
9316,spillage,2030,29,4,4,0.0
9317,spillage,2030,29,5,5,0.0
9318,spillage,2030,29,6,6,0.0
9319,spillage,2030,29,7,7,0.0
9320,spillage,2030,29,8,8,0.0
9321,spillage,2030,29,9,9,0.0
9322,spillage,2030,29,10,10,0.0
9323,spillage,2030,29,11,11,0.0
9324,spillage,2030,29,12,12,0.0
9325,spillage,2030,29,13,13,0.0
9326,spillage,2030,29,14,14,0.0
9327,spillage,2030,29,15,15,0.0
9328,spillage,2030,29,16,16,0.0
9329,spillage,2030,29,17,17,0.0
9330,spillage,2030,29,18,18,0.0
9331,spillage,2030,29,19,19,0.0
9332,spillage,2030,29,20,20,0.0
9333,spillage,2030,29,21,21,0.0
9334,spillage,2030,29,22,22,0.0
9335,spillage,2030,29,23,23,0.0
9336,spillage,2030,29,24,24,0.0
9337,spillage,2030,30,1,1,0.0
9338,spillage,2030,30,2,2,0.0
9339,spillage,2030,30,3,3,0.0
9340,spillage,2030,30,4,4,0.0
9341,spillage,2030,30,5,5,0.0
9342,spillage,2030,30,6,6,0.0
9343,spillage,2030,30,7,7,0.0
9344,spillage,2030,30,8,8,0.0
9345,spillage,2030,30,9,9,0.0
9346,spillage,2030,30,10,10,0.0
9347,spillage,2030,30,11,11,0.0
9348,spillage,2030,30,12,12,0.0
9349,spillage,2030,30,13,13,0.0
9350,spillage,2030,30,14,14,0.0
9351,spillage,2030,30,15,15,0.0
9352,spillage,2030,30,16,16,0.0
9353,spillage,2030,30,17,17,0.0
9354,spillage,2030,30,18,18,0.0
9355,spillage,2030,30,19,19,0.0
9356,spillage,2030,30,20,20,0.0
9357,spillage,2030,30,21,21,0.0
9358,spillage,2030,30,22,22,0.0
9359,spillage,2030,30,23,23,0.0
9360,spillage,2030,30,24,24,0.0
9361,spillage,2030,31,1,1,0.0
9362,spillage,2030,31,2,2,0.0
9363,spillage,2030,31,3,3,0.0
9364,spillage,2030,31,4,4,0.0
9365,spillage,2030,31,5,5,0.0
9366,spillage,2030,31,6,6,0.0
9367,spillage,2030,31,7,7,0.0
9368,spillage,2030,31,8,8,0.0
9369,spillage,2030,31,9,9,0.0
9370,spillage,2030,31,10,10,0.0
9371,spillage,2030,31,11,11,0.0
9372,spillage,2030,31,12,12,0.0
9373,spillage,2030,31,13,13,0.0
9374,spillage,2030,31,14,14,0.0
9375,spillage,2030,31,15,15,0.0
9376,spillage,2030,31,16,16,0.0
9377,spillage,2030,31,17,17,0.0
9378,spillage,2030,31,18,18,0.0
9379,spillage,2030,31,19,19,0.0
9380,spillage,2030,31,20,20,0.0
9381,spillage,2030,31,21,21,0.0
9382,spillage,2030,31,22,22,0.0
9383,spillage,2030,31,23,23,0.0
9384,spillage,2030,31,24,24,0.0
9385,spillage,2030,32,1,1,0.0
9386,spillage,2030,32,2,2,0.0
9387,spillage,2030,32,3,3,0.0
9388,spillage,2030,32,4,4,0.0
9389,spillage,2030,32,5,5,0.0
9390,spillage,2030,32,6,6,0.0
9391,spillage,2030,32,7,7,0.0
9392,spillage,2030,32,8,8,0.0
9393,spillage,2030,32,9,9,0.0
9394,spillage,2030,32,10,10,0.0
9395,spillage,2030,32,11,11,0.0
9396,spillage,2030,32,12,12,0.0
9397,spillage,2030,32,13,13,0.0
9398,spillage,2030,32,14,14,0.0
9399,spillage,2030,32,15,15,0.0
9400,spillage,2030,32,16,16,0.0
9401,spillage,2030,32,17,17,0.0
9402,spillage,2030,32,18,18,0.0
9403,spillage,2030,32,19,19,0.0
9404,spillage,2030,32,20,20,0.0
9405,spillage,2030,32,21,21,0.0
9406,spillage,2030,32,22,22,0.0
9407,spillage,2030,32,23,23,0.0
9408,spillage,2030,32,24,24,0.0
9409,spillage,2030,33,1,1,0.0
9410,spillage,2030,33,2,2,0.0
9411,spillage,2030,33,3,3,0.0
9412,spillage,2030,33,4,4,0.0
9413,spillage,2030,33,5,5,0.0
9414,spillage,2030,33,6,6,0.0
9415,spillage,2030,33,7,7,0.0
9416,spillage,2030,33,8,8,0.0
9417,spillage,2030,33,9,9,0.0
9418,spillage,2030,33,10,10,0.0
9419,spillage,2030,33,11,11,0.0
9420,spillage,2030,33,12,12,0.0
9421,spillage,2030,33,13,13,0.0
9422,spillage,2030,33,14,14,0.0
9423,spillage,2030,33,15,15,0.0
9424,spillage,2030,33,16,16,0.0
9425,spillage,2030,33,17,17,0.0
9426,spillage,2030,33,18,18,0.0
9427,spillage,2030,33,19,19,0.0
9428,spillage,2030,33,20,20,0.0
9429,spillage,2030,33,21,21,0.0
9430,spillage,2030,33,22,22,0.0
9431,spillage,2030,33,23,23,0.0
9432,spillage,2030,33,24,24,0.0
9433,spillage,2030,34,1,1,0.0
9434,spillage,2030,34,2,2,0.0
9435,spillage,2030,34,3,3,0.0
9436,spillage,2030,34,4,4,0.0
9437,spillage,2030,34,5,5,0.0
9438,spillage,2030,34,6,6,0.0
9439,spillage,2030,34,7,7,0.0
9440,spillage,2030,34,8,8,0.0
9441,spillage,2030,34,9,9,0.0
9442,spillage,2030,34,10,10,0.0
9443,spillage,2030,34,11,11,0.0
9444,spillage,2030,34,12,12,0.0
9445,spillage,2030,34,13,13,0.0
9446,spillage,2030,34,14,14,0.0
9447,spillage,2030,34,15,15,0.0
9448,spillage,2030,34,16,16,0.0
9449,spillage,2030,34,17,17,0.0
9450,spillage,2030,34,18,18,0.0
9451,spillage,2030,34,19,19,0.0
9452,spillage,2030,34,20,20,0.0
9453,spillage,2030,34,21,21,0.0
9454,spillage,2030,34,22,22,0.0
9455,spillage,2030,34,23,23,0.0
9456,spillage,2030,34,24,24,0.0
9457,spillage,2030,35,1,1,0.0
9458,spillage,2030,35,2,2,0.0
9459,spillage,2030,35,3,3,0.0
9460,spillage,2030,35,4,4,0.0
9461,spillage,2030,35,5,5,0.0
9462,spillage,2030,35,6,6,0.0
9463,spillage,2030,35,7,7,0.0
9464,spillage,2030,35,8,8,0.0
9465,spillage,2030,35,9,9,0.0
9466,spillage,2030,35,10,10,0.0
9467,spillage,2030,35,11,11,0.0
9468,spillage,2030,35,12,12,0.0
9469,spillage,2030,35,13,13,0.0
9470,spillage,2030,35,14,14,0.0
9471,spillage,2030,35,15,15,0.0
9472,spillage,2030,35,16,16,0.0
9473,spillage,2030,35,17,17,0.0
9474,spillage,2030,35,18,18,0.0
9475,spillage,2030,35,19,19,0.0
9476,spillage,2030,35,20,20,0.0
9477,spillage,2030,35,21,21,0.0
9478,spillage,2030,35,22,22,0.0
9479,spillage,2030,35,23,23,0.0
9480,spillage,2030,35,24,24,0.0
9481,spillage,2030,36,1,1,0.0
9482,spillage,2030,36,2,2,0.0
9483,spillage,2030,36,3,3,0.0
9484,spillage,2030,36,4,4,0.0
9485,spillage,2030,36,5,5,0.0
9486,spillage,2030,36,6,6,0.0
9487,spillage,2030,36,7,7,0.0
9488,spillage,2030,36,8,8,0.0
9489,spillage,2030,36,9,9,0.0
9490,spillage,2030,36,10,10,0.0
9491,spillage,2030,36,11,11,0.0
9492,spillage,2030,36,12,12,0.0
9493,spillage,2030,36,13,13,0.0
9494,spillage,2030,36,14,14,0.0
9495,spillage,2030,36,15,15,0.0
9496,spillage,2030,36,16,16,0.0
9497,spillage,2030,36,17,17,0.0
9498,spillage,2030,36,18,18,0.0
9499,spillage,2030,36,19,19,0.0
9500,spillage,2030,36,20,20,0.0
9501,spillage,2030,36,21,21,0.0
9502,spillage,2030,36,22,22,0.0
9503,spillage,2030,36,23,23,0.0
9504,spillage,2030,36,24,24,0.0
9505,spillage,2030,37,1,1,0.0
9506,spillage,2030,37,2,2,0.0
9507,spillage,2030,37,3,3,0.0
9508,spillage,2030,37,4,4,0.0
9509,spillage,2030,37,5,5,0.0
9510,spillage,2030,37,6,6,0.0
9511,spillage,2030,37,7,7,0.0
9512,spillage,2030,37,8,8,0.0
9513,spillage,2030,37,9,9,0.0
9514,spillage,2030,37,10,10,0.0
9515,spillage,2030,37,11,11,0.0
9516,spillage,2030,37,12,12,0.0
9517,spillage,2030,37,13,13,0.0
9518,spillage,2030,37,14,14,0.0
9519,spillage,2030,37,15,15,0.0
9520,spillage,2030,37,16,16,0.0
9521,spillage,2030,37,17,17,0.0
9522,spillage,2030,37,18,18,0.0
9523,spillage,2030,37,19,19,0.0
9524,spillage,2030,37,20,20,0.0
9525,spillage,2030,37,21,21,0.0
9526,spillage,2030,37,22,22,0.0
9527,spillage,2030,37,23,23,0.0
9528,spillage,2030,37,24,24,0.0
9529,spillage,2030,38,1,1,0.0
9530,spillage,2030,38,2,2,0.0
9531,spillage,2030,38,3,3,0.0
9532,spillage,2030,38,4,4,0.0
9533,spillage,2030,38,5,5,0.0
9534,spillage,2030,38,6,6,0.0
9535,spillage,2030,38,7,7,0.0
9536,spillage,2030,38,8,8,0.0
9537,spillage,2030,38,9,9,0.0
9538,spillage,2030,38,10,10,0.0
9539,spillage,2030,38,11,11,0.0
9540,spillage,2030,38,12,12,0.0
9541,spillage,2030,38,13,13,0.0
9542,spillage,2030,38,14,14,0.0
9543,spillage,2030,38,15,15,0.0
9544,spillage,2030,38,16,16,0.0
9545,spillage,2030,38,17,17,0.0
9546,spillage,2030,38,18,18,0.0
9547,spillage,2030,38,19,19,0.0
9548,spillage,2030,38,20,20,0.0
9549,spillage,2030,38,21,21,0.0
9550,spillage,2030,38,22,22,0.0
9551,spillage,2030,38,23,23,0.0
9552,spillage,2030,38,24,24,0.0
9553,spillage,2030,39,1,1,0.0
9554,spillage,2030,39,2,2,0.0
9555,spillage,2030,39,3,3,0.0
9556,spillage,2030,39,4,4,0.0
9557,spillage,2030,39,5,5,0.0
9558,spillage,2030,39,6,6,0.0
9559,spillage,2030,39,7,7,0.0
9560,spillage,2030,39,8,8,0.0
9561,spillage,2030,39,9,9,0.0
9562,spillage,2030,39,10,10,0.0
9563,spillage,2030,39,11,11,0.0
9564,spillage,2030,39,12,12,0.0
9565,spillage,2030,39,13,13,0.0
9566,spillage,2030,39,14,14,0.0
9567,spillage,2030,39,15,15,0.0
9568,spillage,2030,39,16,16,0.0
9569,spillage,2030,39,17,17,0.0
9570,spillage,2030,39,18,18,0.0
9571,spillage,2030,39,19,19,0.0
9572,spillage,2030,39,20,20,0.0
9573,spillage,2030,39,21,21,0.0
9574,spillage,2030,39,22,22,0.0
9575,spillage,2030,39,23,23,0.0
9576,spillage,2030,39,24,24,0.0
9577,spillage,2030,40,1,1,0.0
9578,spillage,2030,40,2,2,0.0
9579,spillage,2030,40,3,3,0.0
9580,spillage,2030,40,4,4,0.0
9581,spillage,2030,40,5,5,0.0
9582,spillage,2030,40,6,6,0.0
9583,spillage,2030,40,7,7,0.0
9584,spillage,2030,40,8,8,0.0
9585,spillage,2030,40,9,9,0.0
9586,spillage,2030,40,10,10,0.0
9587,spillage,2030,40,11,11,0.0
9588,spillage,2030,40,12,12,0.0
9589,spillage,2030,40,13,13,0.0
9590,spillage,2030,40,14,14,0.0
9591,spillage,2030,40,15,15,0.0
9592,spillage,2030,40,16,16,0.0
9593,spillage,2030,40,17,17,0.0
9594,spillage,2030,40,18,18,0.0
9595,spillage,2030,40,19,19,0.0
9596,spillage,2030,40,20,20,0.0
9597,spillage,2030,40,21,21,0.0
9598,spillage,2030,40,22,22,0.0
9599,spillage,2030,40,23,23,0.0
9600,spillage,2030,40,24,24,0.0
9601,spillage,2030,41,1,1,0.0
9602,spillage,2030,41,2,2,0.0
9603,spillage,2030,41,3,3,0.0
9604,spillage,2030,41,4,4,0.0
9605,spillage,2030,41,5,5,0.0
9606,spillage,2030,41,6,6,0.0
9607,spillage,2030,41,7,7,0.0
9608,spillage,2030,41,8,8,0.0
9609,spillage,2030,41,9,9,0.0
9610,spillage,2030,41,10,10,0.0
9611,spillage,2030,41,11,11,0.0
9612,spillage,2030,41,12,12,0.0
9613,spillage,2030,41,13,13,0.0
9614,spillage,2030,41,14,14,0.0
9615,spillage,2030,41,15,15,0.0
9616,spillage,2030,41,16,16,0.0
9617,spillage,2030,41,17,17,0.0
9618,spillage,2030,41,18,18,0.0
9619,spillage,2030,41,19,19,0.0
9620,spillage,2030,41,20,20,0.0
9621,spillage,2030,41,21,21,0.0
9622,spillage,2030,41,22,22,0.0
9623,spillage,2030,41,23,23,0.0
9624,spillage,2030,41,24,24,0.0
9625,spillage,2030,42,1,1,0.0
9626,spillage,2030,42,2,2,0.0
9627,spillage,2030,42,3,3,0.0
9628,spillage,2030,42,4,4,0.0
9629,spillage,2030,42,5,5,0.0
9630,spillage,2030,42,6,6,0.0
9631,spillage,2030,42,7,7,0.0
9632,spillage,2030,42,8,8,0.0
9633,spillage,2030,42,9,9,0.0
9634,spillage,2030,42,10,10,0.0
9635,spillage,2030,42,11,11,0.0
9636,spillage,2030,42,12,12,0.0
9637,spillage,2030,42,13,13,0.0
9638,spillage,2030,42,14,14,0.0
9639,spillage,2030,42,15,15,0.0
9640,spillage,2030,42,16,16,0.0
9641,spillage,2030,42,17,17,0.0
9642,spillage,2030,42,18,18,0.0
9643,spillage,2030,42,19,19,0.0
9644,spillage,2030,42,20,20,0.0
9645,spillage,2030,42,21,21,0.0
9646,spillage,2030,42,22,22,0.0
9647,spillage,2030,42,23,23,0.0
9648,spillage,2030,42,24,24,0.0
9649,spillage,2030,43,1,1,0.0
9650,spillage,2030,43,2,2,0.0
9651,spillage,2030,43,3,3,0.0
9652,spillage,2030,43,4,4,0.0
9653,spillage,2030,43,5,5,0.0
9654,spillage,2030,43,6,6,0.0
9655,spillage,2030,43,7,7,0.0
9656,spillage,2030,43,8,8,0.0
9657,spillage,2030,43,9,9,0.0
9658,spillage,2030,43,10,10,0.0
9659,spillage,2030,43,11,11,0.0
9660,spillage,2030,43,12,12,0.0
9661,spillage,2030,43,13,13,0.0
9662,spillage,2030,43,14,14,0.0
9663,spillage,2030,43,15,15,0.0
9664,spillage,2030,43,16,16,0.0
9665,spillage,2030,43,17,17,0.0
9666,spillage,2030,43,18,18,0.0
9667,spillage,2030,43,19,19,0.0
9668,spillage,2030,43,20,20,0.0
9669,spillage,2030,43,21,21,0.0
9670,spillage,2030,43,22,22,0.0
9671,spillage,2030,43,23,23,0.0
9672,spillage,2030,43,24,24,0.0
9673,spillage,2030,44,1,1,0.0
9674,spillage,2030,44,2,2,0.0
9675,spillage,2030,44,3,3,0.0
9676,spillage,2030,44,4,4,0.0
9677,spillage,2030,44,5,5,0.0
9678,spillage,2030,44,6,6,0.0
9679,spillage,2030,44,7,7,0.0
9680,spillage,2030,44,8,8,0.0
9681,spillage,2030,44,9,9,0.0
9682,spillage,2030,44,10,10,0.0
9683,spillage,2030,44,11,11,0.0
9684,spillage,2030,44,12,12,0.0
9685,spillage,2030,44,13,13,0.0
9686,spillage,2030,44,14,14,0.0
9687,spillage,2030,44,15,15,0.0
9688,spillage,2030,44,16,16,0.0
9689,spillage,2030,44,17,17,0.0
9690,spillage,2030,44,18,18,0.0
9691,spillage,2030,44,19,19,0.0
9692,spillage,2030,44,20,20,0.0
9693,spillage,2030,44,21,21,0.0
9694,spillage,2030,44,22,22,0.0
9695,spillage,2030,44,23,23,0.0
9696,spillage,2030,44,24,24,0.0
9697,spillage,2030,45,1,1,0.0
9698,spillage,2030,45,2,2,0.0
9699,spillage,2030,45,3,3,0.0
9700,spillage,2030,45,4,4,0.0
9701,spillage,2030,45,5,5,0.0
9702,spillage,2030,45,6,6,0.0
9703,spillage,2030,45,7,7,0.0
9704,spillage,2030,45,8,8,0.0
9705,spillage,2030,45,9,9,0.0
9706,spillage,2030,45,10,10,0.0
9707,spillage,2030,45,11,11,0.0
9708,spillage,2030,45,12,12,0.0
9709,spillage,2030,45,13,13,0.0
9710,spillage,2030,45,14,14,0.0
9711,spillage,2030,45,15,15,0.0
9712,spillage,2030,45,16,16,0.0
9713,spillage,2030,45,17,17,0.0
9714,spillage,2030,45,18,18,0.0
9715,spillage,2030,45,19,19,0.0
9716,spillage,2030,45,20,20,0.0
9717,spillage,2030,45,21,21,0.0
9718,spillage,2030,45,22,22,0.0
9719,spillage,2030,45,23,23,0.0
9720,spillage,2030,45,24,24,0.0
9721,spillage,2030,46,1,1,0.0
9722,spillage,2030,46,2,2,0.0
9723,spillage,2030,46,3,3,0.0
9724,spillage,2030,46,4,4,0.0
9725,spillage,2030,46,5,5,0.0
9726,spillage,2030,46,6,6,0.0
9727,spillage,2030,46,7,7,0.0
9728,spillage,2030,46,8,8,0.0
9729,spillage,2030,46,9,9,0.0
9730,spillage,2030,46,10,10,0.0
9731,spillage,2030,46,11,11,0.0
9732,spillage,2030,46,12,12,0.0
9733,spillage,2030,46,13,13,0.0
9734,spillage,2030,46,14,14,0.0
9735,spillage,2030,46,15,15,0.0
9736,spillage,2030,46,16,16,0.0
9737,spillage,2030,46,17,17,0.0
9738,spillage,2030,46,18,18,0.0
9739,spillage,2030,46,19,19,0.0
9740,spillage,2030,46,20,20,0.0
9741,spillage,2030,46,21,21,0.0
9742,spillage,2030,46,22,22,0.0
9743,spillage,2030,46,23,23,0.0
9744,spillage,2030,46,24,24,0.0
9745,spillage,2030,47,1,1,0.0
9746,spillage,2030,47,2,2,0.0
9747,spillage,2030,47,3,3,0.0
9748,spillage,2030,47,4,4,0.0
9749,spillage,2030,47,5,5,0.0
9750,spillage,2030,47,6,6,0.0
9751,spillage,2030,47,7,7,0.0
9752,spillage,2030,47,8,8,0.0
9753,spillage,2030,47,9,9,0.0
9754,spillage,2030,47,10,10,0.0
9755,spillage,2030,47,11,11,0.0
9756,spillage,2030,47,12,12,0.0
9757,spillage,2030,47,13,13,0.0
9758,spillage,2030,47,14,14,0.0
9759,spillage,2030,47,15,15,0.0
9760,spillage,2030,47,16,16,0.0
9761,spillage,2030,47,17,17,0.0
9762,spillage,2030,47,18,18,0.0
9763,spillage,2030,47,19,19,0.0
9764,spillage,2030,47,20,20,0.0
9765,spillage,2030,47,21,21,0.0
9766,spillage,2030,47,22,22,0.0
9767,spillage,2030,47,23,23,0.0
9768,spillage,2030,47,24,24,0.0
9769,spillage,2030,48,1,1,0.0
9770,spillage,2030,48,2,2,0.0
9771,spillage,2030,48,3,3,0.0
9772,spillage,2030,48,4,4,0.0
9773,spillage,2030,48,5,5,0.0
9774,spillage,2030,48,6,6,0.0
9775,spillage,2030,48,7,7,0.0
9776,spillage,2030,48,8,8,0.0
9777,spillage,2030,48,9,9,0.0
9778,spillage,2030,48,10,10,0.0
9779,spillage,2030,48,11,11,0.0
9780,spillage,2030,48,12,12,0.0
9781,spillage,2030,48,13,13,0.0
9782,spillage,2030,48,14,14,0.0
9783,spillage,2030,48,15,15,0.0
9784,spillage,2030,48,16,16,0.0
9785,spillage,2030,48,17,17,0.0
9786,spillage,2030,48,18,18,0.0
9787,spillage,2030,48,19,19,0.0
9788,spillage,2030,48,20,20,0.0
9789,spillage,2030,48,21,21,0.0
9790,spillage,2030,48,22,22,0.0
9791,spillage,2030,48,23,23,0.0
9792,spillage,2030,48,24,24,0.0
9793,spillage,2030,49,1,1,0.0
9794,spillage,2030,49,2,2,0.0
9795,spillage,2030,49,3,3,0.0
9796,spillage,2030,49,4,4,0.0
9797,spillage,2030,49,5,5,0.0
9798,spillage,2030,49,6,6,0.0
9799,spillage,2030,49,7,7,0.0
9800,spillage,2030,49,8,8,0.0
9801,spillage,2030,49,9,9,0.0
9802,spillage,2030,49,10,10,0.0
9803,spillage,2030,49,11,11,0.0
9804,spillage,2030,49,12,12,0.0
9805,spillage,2030,49,13,13,0.0
9806,spillage,2030,49,14,14,0.0
9807,spillage,2030,49,15,15,0.0
9808,spillage,2030,49,16,16,0.0
9809,spillage,2030,49,17,17,0.0
9810,spillage,2030,49,18,18,0.0
9811,spillage,2030,49,19,19,0.0
9812,spillage,2030,49,20,20,0.0
9813,spillage,2030,49,21,21,0.0
9814,spillage,2030,49,22,22,0.0
9815,spillage,2030,49,23,23,0.0
9816,spillage,2030,49,24,24,0.0
9817,spillage,2030,50,1,1,0.0
9818,spillage,2030,50,2,2,0.0
9819,spillage,2030,50,3,3,0.0
9820,spillage,2030,50,4,4,0.0
9821,spillage,2030,50,5,5,0.0
9822,spillage,2030,50,6,6,0.0
9823,spillage,2030,50,7,7,0.0
9824,spillage,2030,50,8,8,0.0
9825,spillage,2030,50,9,9,0.0
9826,spillage,2030,50,10,10,0.0
9827,spillage,2030,50,11,11,0.0
9828,spillage,2030,50,12,12,0.0
9829,spillage,2030,50,13,13,0.0
9830,spillage,2030,50,14,14,0.0
9831,spillage,2030,50,15,15,0.0
9832,spillage,2030,50,16,16,0.0
9833,spillage,2030,50,17,17,0.0
9834,spillage,2030,50,18,18,0.0
9835,spillage,2030,50,19,19,0.0
9836,spillage,2030,50,20,20,0.0
9837,spillage,2030,50,21,21,0.0
9838,spillage,2030,50,22,22,0.0
9839,spillage,2030,50,23,23,0.0
9840,spillage,2030,50,24,24,0.0
9841,spillage,2030,51,1,1,0.0
9842,spillage,2030,51,2,2,0.0
9843,spillage,2030,51,3,3,0.0
9844,spillage,2030,51,4,4,0.0
9845,spillage,2030,51,5,5,0.0
9846,spillage,2030,51,6,6,0.0
9847,spillage,2030,51,7,7,0.0
9848,spillage,2030,51,8,8,0.0
9849,spillage,2030,51,9,9,0.0
9850,spillage,2030,51,10,10,0.0
9851,spillage,2030,51,11,11,0.0
9852,spillage,2030,51,12,12,0.0
9853,spillage,2030,51,13,13,0.0
9854,spillage,2030,51,14,14,0.0
9855,spillage,2030,51,15,15,0.0
9856,spillage,2030,51,16,16,0.0
9857,spillage,2030,51,17,17,0.0
9858,spillage,2030,51,18,18,0.0
9859,spillage,2030,51,19,19,0.0
9860,spillage,2030,51,20,20,0.0
9861,spillage,2030,51,21,21,0.0
9862,spillage,2030,51,22,22,0.0
9863,spillage,2030,51,23,23,0.0
9864,spillage,2030,51,24,24,0.0
9865,spillage,2030,52,1,1,0.0
9866,spillage,2030,52,2,2,0.0
9867,spillage,2030,52,3,3,0.0
9868,spillage,2030,52,4,4,0.0
9869,spillage,2030,52,5,5,0.0
9870,spillage,2030,52,6,6,0.0
9871,spillage,2030,52,7,7,0.0
9872,spillage,2030,52,8,8,0.0
9873,spillage,2030,52,9,9,0.0
9874,spillage,2030,52,10,10,0.0
9875,spillage,2030,52,11,11,0.0
9876,spillage,2030,52,12,12,0.0
9877,spillage,2030,52,13,13,0.0
9878,spillage,2030,52,14,14,0.0
9879,spillage,2030,52,15,15,0.0
9880,spillage,2030,52,16,16,0.0
9881,spillage,2030,52,17,17,0.0
9882,spillage,2030,52,18,18,0.0
9883,spillage,2030,52,19,19,0.0
9884,spillage,2030,52,20,20,0.0
9885,spillage,2030,52,21,21,0.0
9886,spillage,2030,52,22,22,0.0
9887,spillage,2030,52,23,23,0.0
9888,spillage,2030,52,24,24,0.0
9889,spillage,2030,53,1,1,0.0
9890,spillage,2030,53,2,2,0.0
9891,spillage,2030,53,3,3,0.0
9892,spillage,2030,53,4,4,0.0
9893,spillage,2030,53,5,5,0.0
9894,spillage,2030,53,6,6,0.0
9895,spillage,2030,53,7,7,0.0
9896,spillage,2030,53,8,8,0.0
9897,spillage,2030,53,9,9,0.0
9898,spillage,2030,53,10,10,0.0
9899,spillage,2030,53,11,11,0.0
9900,spillage,2030,53,12,12,0.0
9901,spillage,2030,53,13,13,0.0
9902,spillage,2030,53,14,14,0.0
9903,spillage,2030,53,15,15,0.0
9904,spillage,2030,53,16,16,0.0
9905,spillage,2030,53,17,17,0.0
9906,spillage,2030,53,18,18,0.0
9907,spillage,2030,53,19,19,0.0
9908,spillage,2030,53,20,20,0.0
9909,spillage,2030,53,21,21,0.0
9910,spillage,2030,53,22,22,0.0
9911,spillage,2030,53,23,23,0.0
9912,spillage,2030,53,24,24,0.0
9913,spillage,2030,54,1,1,0.0
9914,spillage,2030,54,2,2,0.0
9915,spillage,2030,54,3,3,0.0
9916,spillage,2030,54,4,4,0.0
9917,spillage,2030,54,5,5,0.0
9918,spillage,2030,54,6,6,0.0
9919,spillage,2030,54,7,7,0.0
9920,spillage,2030,54,8,8,0.0
9921,spillage,2030,54,9,9,0.0
9922,spillage,2030,54,10,10,0.0
9923,spillage,2030,54,11,11,0.0
9924,spillage,2030,54,12,12,0.0
9925,spillage,2030,54,13,13,0.0
9926,spillage,2030,54,14,14,0.0
9927,spillage,2030,54,15,15,0.0
9928,spillage,2030,54,16,16,0.0
9929,spillage,2030,54,17,17,0.0
9930,spillage,2030,54,18,18,0.0
9931,spillage,2030,54,19,19,0.0
9932,spillage,2030,54,20,20,0.0
9933,spillage,2030,54,21,21,0.0
9934,spillage,2030,54,22,22,0.0
9935,spillage,2030,54,23,23,0.0
9936,spillage,2030,54,24,24,0.0
9937,spillage,2030,55,1,1,0.0
9938,spillage,2030,55,2,2,0.0
9939,spillage,2030,55,3,3,0.0
9940,spillage,2030,55,4,4,0.0
9941,spillage,2030,55,5,5,0.0
9942,spillage,2030,55,6,6,0.0
9943,spillage,2030,55,7,7,0.0
9944,spillage,2030,55,8,8,0.0
9945,spillage,2030,55,9,9,0.0
9946,spillage,2030,55,10,10,0.0
9947,spillage,2030,55,11,11,0.0
9948,spillage,2030,55,12,12,0.0
9949,spillage,2030,55,13,13,0.0
9950,spillage,2030,55,14,14,0.0
9951,spillage,2030,55,15,15,0.0
9952,spillage,2030,55,16,16,0.0
9953,spillage,2030,55,17,17,0.0
9954,spillage,2030,55,18,18,0.0
9955,spillage,2030,55,19,19,0.0
9956,spillage,2030,55,20,20,0.0
9957,spillage,2030,55,21,21,0.0
9958,spillage,2030,55,22,22,0.0
9959,spillage,2030,55,23,23,0.0
9960,spillage,2030,55,24,24,0.0
9961,spillage,2030,56,1,1,0.0
9962,spillage,2030,56,2,2,0.0
9963,spillage,2030,56,3,3,0.0
9964,spillage,2030,56,4,4,0.0
9965,spillage,2030,56,5,5,0.0
9966,spillage,2030,56,6,6,0.0
9967,spillage,2030,56,7,7,0.0
9968,spillage,2030,56,8,8,0.0
9969,spillage,2030,56,9,9,0.0
9970,spillage,2030,56,10,10,0.0
9971,spillage,2030,56,11,11,0.0
9972,spillage,2030,56,12,12,0.0
9973,spillage,2030,56,13,13,0.0
9974,spillage,2030,56,14,14,0.0
9975,spillage,2030,56,15,15,0.0
9976,spillage,2030,56,16,16,0.0
9977,spillage,2030,56,17,17,0.0
9978,spillage,2030,56,18,18,0.0
9979,spillage,2030,56,19,19,0.0
9980,spillage,2030,56,20,20,0.0
9981,spillage,2030,56,21,21,0.0
9982,spillage,2030,56,22,22,0.0
9983,spillage,2030,56,23,23,0.0
9984,spillage,2030,56,24,24,0.0
9985,spillage,2030,57,1,1,0.0
9986,spillage,2030,57,2,2,0.0
9987,spillage,2030,57,3,3,0.0
9988,spillage,2030,57,4,4,0.0
9989,spillage,2030,57,5,5,0.0
9990,spillage,2030,57,6,6,0.0
9991,spillage,2030,57,7,7,0.0
9992,spillage,2030,57,8,8,0.0
9993,spillage,2030,57,9,9,0.0
9994,spillage,2030,57,10,10,0.0
9995,spillage,2030,57,11,11,0.0
9996,spillage,2030,57,12,12,0.0
9997,spillage,2030,57,13,13,0.0
9998,spillage,2030,57,14,14,0.0
9999,spillage,2030,57,15,15,0.0
10000,spillage,2030,57,16,16,0.0
10001,spillage,2030,57,17,17,0.0
10002,spillage,2030,57,18,18,0.0
10003,spillage,2030,57,19,19,0.0
10004,spillage,2030,57,20,20,0.0
10005,spillage,2030,57,21,21,0.0
10006,spillage,2030,57,22,22,0.0
10007,spillage,2030,57,23,23,0.0
10008,spillage,2030,57,24,24,0.0
10009,spillage,2030,58,1,1,0.0
10010,spillage,2030,58,2,2,0.0
10011,spillage,2030,58,3,3,0.0
10012,spillage,2030,58,4,4,0.0
10013,spillage,2030,58,5,5,0.0
10014,spillage,2030,58,6,6,0.0
10015,spillage,2030,58,7,7,0.0
10016,spillage,2030,58,8,8,0.0
10017,spillage,2030,58,9,9,0.0
10018,spillage,2030,58,10,10,0.0
10019,spillage,2030,58,11,11,0.0
10020,spillage,2030,58,12,12,0.0
10021,spillage,2030,58,13,13,0.0
10022,spillage,2030,58,14,14,0.0
10023,spillage,2030,58,15,15,0.0
10024,spillage,2030,58,16,16,0.0
10025,spillage,2030,58,17,17,0.0
10026,spillage,2030,58,18,18,0.0
10027,spillage,2030,58,19,19,0.0
10028,spillage,2030,58,20,20,0.0
10029,spillage,2030,58,21,21,0.0
10030,spillage,2030,58,22,22,0.0
10031,spillage,2030,58,23,23,0.0
10032,spillage,2030,58,24,24,0.0
10033,spillage,2030,59,1,1,0.0
10034,spillage,2030,59,2,2,0.0
10035,spillage,2030,59,3,3,0.0
10036,spillage,2030,59,4,4,0.0
10037,spillage,2030,59,5,5,0.0
10038,spillage,2030,59,6,6,0.0
10039,spillage,2030,59,7,7,0.0
10040,spillage,2030,59,8,8,0.0
10041,spillage,2030,59,9,9,0.0
10042,spillage,2030,59,10,10,0.0
10043,spillage,2030,59,11,11,0.0
10044,spillage,2030,59,12,12,0.0
10045,spillage,2030,59,13,13,0.0
10046,spillage,2030,59,14,14,0.0
10047,spillage,2030,59,15,15,0.0
10048,spillage,2030,59,16,16,0.0
10049,spillage,2030,59,17,17,0.0
10050,spillage,2030,59,18,18,0.0
10051,spillage,2030,59,19,19,0.0
10052,spillage,2030,59,20,20,0.0
10053,spillage,2030,59,21,21,0.0
10054,spillage,2030,59,22,22,0.0
10055,spillage,2030,59,23,23,0.0
10056,spillage,2030,59,24,24,0.0
10057,spillage,2030,60,1,1,0.0
10058,spillage,2030,60,2,2,0.0
10059,spillage,2030,60,3,3,0.0
10060,spillage,2030,60,4,4,0.0
10061,spillage,2030,60,5,5,0.0
10062,spillage,2030,60,6,6,0.0
10063,spillage,2030,60,7,7,0.0
10064,spillage,2030,60,8,8,0.0
10065,spillage,2030,60,9,9,0.0
10066,spillage,2030,60,10,10,0.0
10067,spillage,2030,60,11,11,0.0
10068,spillage,2030,60,12,12,0.0
10069,spillage,2030,60,13,13,0.0
10070,spillage,2030,60,14,14,0.0
10071,spillage,2030,60,15,15,0.0
10072,spillage,2030,60,16,16,0.0
10073,spillage,2030,60,17,17,0.0
10074,spillage,2030,60,18,18,0.0
10075,spillage,2030,60,19,19,0.0
10076,spillage,2030,60,20,20,0.0
10077,spillage,2030,60,21,21,0.0
10078,spillage,2030,60,22,22,0.0
10079,spillage,2030,60,23,23,0.0
10080,spillage,2030,60,24,24,0.0
10081,spillage,2030,61,1,1,0.0
10082,spillage,2030,61,2,2,0.0
10083,spillage,2030,61,3,3,0.0
10084,spillage,2030,61,4,4,0.0
10085,spillage,2030,61,5,5,0.0
10086,spillage,2030,61,6,6,0.0
10087,spillage,2030,61,7,7,0.0
10088,spillage,2030,61,8,8,0.0
10089,spillage,2030,61,9,9,0.0
10090,spillage,2030,61,10,10,0.0
10091,spillage,2030,61,11,11,0.0
10092,spillage,2030,61,12,12,0.0
10093,spillage,2030,61,13,13,0.0
10094,spillage,2030,61,14,14,0.0
10095,spillage,2030,61,15,15,0.0
10096,spillage,2030,61,16,16,0.0
10097,spillage,2030,61,17,17,0.0
10098,spillage,2030,61,18,18,0.0
10099,spillage,2030,61,19,19,0.0
10100,spillage,2030,61,20,20,0.0
10101,spillage,2030,61,21,21,0.0
10102,spillage,2030,61,22,22,0.0
10103,spillage,2030,61,23,23,0.0
10104,spillage,2030,61,24,24,0.0
10105,spillage,2030,62,1,1,0.0
10106,spillage,2030,62,2,2,0.0
10107,spillage,2030,62,3,3,0.0
10108,spillage,2030,62,4,4,0.0
10109,spillage,2030,62,5,5,0.0
10110,spillage,2030,62,6,6,0.0
10111,spillage,2030,62,7,7,0.0
10112,spillage,2030,62,8,8,0.0
10113,spillage,2030,62,9,9,0.0
10114,spillage,2030,62,10,10,0.0
10115,spillage,2030,62,11,11,0.0
10116,spillage,2030,62,12,12,0.0
10117,spillage,2030,62,13,13,0.0
10118,spillage,2030,62,14,14,0.0
10119,spillage,2030,62,15,15,0.0
10120,spillage,2030,62,16,16,0.0
10121,spillage,2030,62,17,17,0.0
10122,spillage,2030,62,18,18,0.0
10123,spillage,2030,62,19,19,0.0
10124,spillage,2030,62,20,20,0.0
10125,spillage,2030,62,21,21,0.0
10126,spillage,2030,62,22,22,0.0
10127,spillage,2030,62,23,23,0.0
10128,spillage,2030,62,24,24,0.0
10129,spillage,2030,63,1,1,0.0
10130,spillage,2030,63,2,2,0.0
10131,spillage,2030,63,3,3,0.0
10132,spillage,2030,63,4,4,0.0
10133,spillage,2030,63,5,5,0.0
10134,spillage,2030,63,6,6,0.0
10135,spillage,2030,63,7,7,0.0
10136,spillage,2030,63,8,8,0.0
10137,spillage,2030,63,9,9,0.0
10138,spillage,2030,63,10,10,0.0
10139,spillage,2030,63,11,11,0.0
10140,spillage,2030,63,12,12,0.0
10141,spillage,2030,63,13,13,0.0
10142,spillage,2030,63,14,14,0.0
10143,spillage,2030,63,15,15,0.0
10144,spillage,2030,63,16,16,0.0
10145,spillage,2030,63,17,17,0.0
10146,spillage,2030,63,18,18,0.0
10147,spillage,2030,63,19,19,0.0
10148,spillage,2030,63,20,20,0.0
10149,spillage,2030,63,21,21,0.0
10150,spillage,2030,63,22,22,0.0
10151,spillage,2030,63,23,23,0.0
10152,spillage,2030,63,24,24,0.0
10153,spillage,2030,64,1,1,0.0
10154,spillage,2030,64,2,2,0.0
10155,spillage,2030,64,3,3,0.0
10156,spillage,2030,64,4,4,0.0
10157,spillage,2030,64,5,5,0.0
10158,spillage,2030,64,6,6,0.0
10159,spillage,2030,64,7,7,0.0
10160,spillage,2030,64,8,8,0.0
10161,spillage,2030,64,9,9,0.0
10162,spillage,2030,64,10,10,0.0
10163,spillage,2030,64,11,11,0.0
10164,spillage,2030,64,12,12,0.0
10165,spillage,2030,64,13,13,0.0
10166,spillage,2030,64,14,14,0.0
10167,spillage,2030,64,15,15,0.0
10168,spillage,2030,64,16,16,0.0
10169,spillage,2030,64,17,17,0.0
10170,spillage,2030,64,18,18,0.0
10171,spillage,2030,64,19,19,0.0
10172,spillage,2030,64,20,20,0.0
10173,spillage,2030,64,21,21,0.0
10174,spillage,2030,64,22,22,0.0
10175,spillage,2030,64,23,23,0.0
10176,spillage,2030,64,24,24,0.0
10177,spillage,2030,65,1,1,0.0
10178,spillage,2030,65,2,2,0.0
10179,spillage,2030,65,3,3,0.0
10180,spillage,2030,65,4,4,0.0
10181,spillage,2030,65,5,5,0.0
10182,spillage,2030,65,6,6,0.0
10183,spillage,2030,65,7,7,0.0
10184,spillage,2030,65,8,8,0.0
10185,spillage,2030,65,9,9,0.0
10186,spillage,2030,65,10,10,0.0
10187,spillage,2030,65,11,11,0.0
10188,spillage,2030,65,12,12,0.0
10189,spillage,2030,65,13,13,0.0
10190,spillage,2030,65,14,14,0.0
10191,spillage,2030,65,15,15,0.0
10192,spillage,2030,65,16,16,0.0
10193,spillage,2030,65,17,17,0.0
10194,spillage,2030,65,18,18,0.0
10195,spillage,2030,65,19,19,0.0
10196,spillage,2030,65,20,20,0.0
10197,spillage,2030,65,21,21,0.0
10198,spillage,2030,65,22,22,0.0
10199,spillage,2030,65,23,23,0.0
10200,spillage,2030,65,24,24,0.0
10201,spillage,2030,66,1,1,0.0
10202,spillage,2030,66,2,2,0.0
10203,spillage,2030,66,3,3,0.0
10204,spillage,2030,66,4,4,0.0
10205,spillage,2030,66,5,5,0.0
10206,spillage,2030,66,6,6,0.0
10207,spillage,2030,66,7,7,0.0
10208,spillage,2030,66,8,8,0.0
10209,spillage,2030,66,9,9,0.0
10210,spillage,2030,66,10,10,0.0
10211,spillage,2030,66,11,11,0.0
10212,spillage,2030,66,12,12,0.0
10213,spillage,2030,66,13,13,0.0
10214,spillage,2030,66,14,14,0.0
10215,spillage,2030,66,15,15,0.0
10216,spillage,2030,66,16,16,0.0
10217,spillage,2030,66,17,17,0.0
10218,spillage,2030,66,18,18,0.0
10219,spillage,2030,66,19,19,0.0
10220,spillage,2030,66,20,20,0.0
10221,spillage,2030,66,21,21,0.0
10222,spillage,2030,66,22,22,0.0
10223,spillage,2030,66,23,23,0.0
10224,spillage,2030,66,24,24,0.0
10225,spillage,2030,67,1,1,0.0
10226,spillage,2030,67,2,2,0.0
10227,spillage,2030,67,3,3,0.0
10228,spillage,2030,67,4,4,0.0
10229,spillage,2030,67,5,5,0.0
10230,spillage,2030,67,6,6,0.0
10231,spillage,2030,67,7,7,0.0
10232,spillage,2030,67,8,8,0.0
10233,spillage,2030,67,9,9,0.0
10234,spillage,2030,67,10,10,0.0
10235,spillage,2030,67,11,11,0.0
10236,spillage,2030,67,12,12,0.0
10237,spillage,2030,67,13,13,0.0
10238,spillage,2030,67,14,14,0.0
10239,spillage,2030,67,15,15,0.0
10240,spillage,2030,67,16,16,0.0
10241,spillage,2030,67,17,17,0.0
10242,spillage,2030,67,18,18,0.0
10243,spillage,2030,67,19,19,0.0
10244,spillage,2030,67,20,20,0.0
10245,spillage,2030,67,21,21,0.0
10246,spillage,2030,67,22,22,0.0
10247,spillage,2030,67,23,23,0.0
10248,spillage,2030,67,24,24,0.0
10249,spillage,2030,68,1,1,0.0
10250,spillage,2030,68,2,2,0.0
10251,spillage,2030,68,3,3,0.0
10252,spillage,2030,68,4,4,0.0
10253,spillage,2030,68,5,5,0.0
10254,spillage,2030,68,6,6,0.0
10255,spillage,2030,68,7,7,0.0
10256,spillage,2030,68,8,8,0.0
10257,spillage,2030,68,9,9,0.0
10258,spillage,2030,68,10,10,0.0
10259,spillage,2030,68,11,11,0.0
10260,spillage,2030,68,12,12,0.0
10261,spillage,2030,68,13,13,0.0
10262,spillage,2030,68,14,14,0.0
10263,spillage,2030,68,15,15,0.0
10264,spillage,2030,68,16,16,0.0
10265,spillage,2030,68,17,17,0.0
10266,spillage,2030,68,18,18,0.0
10267,spillage,2030,68,19,19,0.0
10268,spillage,2030,68,20,20,0.0
10269,spillage,2030,68,21,21,0.0
10270,spillage,2030,68,22,22,0.0
10271,spillage,2030,68,23,23,0.0
10272,spillage,2030,68,24,24,0.0
10273,spillage,2030,69,1,1,0.0
10274,spillage,2030,69,2,2,0.0
10275,spillage,2030,69,3,3,0.0
10276,spillage,2030,69,4,4,0.0
10277,spillage,2030,69,5,5,0.0
10278,spillage,2030,69,6,6,0.0
10279,spillage,2030,69,7,7,0.0
10280,spillage,2030,69,8,8,0.0
10281,spillage,2030,69,9,9,0.0
10282,spillage,2030,69,10,10,0.0
10283,spillage,2030,69,11,11,0.0
10284,spillage,2030,69,12,12,0.0
10285,spillage,2030,69,13,13,0.0
10286,spillage,2030,69,14,14,0.0
10287,spillage,2030,69,15,15,0.0
10288,spillage,2030,69,16,16,0.0
10289,spillage,2030,69,17,17,0.0
10290,spillage,2030,69,18,18,0.0
10291,spillage,2030,69,19,19,0.0
10292,spillage,2030,69,20,20,0.0
10293,spillage,2030,69,21,21,0.0
10294,spillage,2030,69,22,22,0.0
10295,spillage,2030,69,23,23,0.0
10296,spillage,2030,69,24,24,0.0
10297,spillage,2030,70,1,1,0.0
10298,spillage,2030,70,2,2,0.0
10299,spillage,2030,70,3,3,0.0
10300,spillage,2030,70,4,4,0.0
10301,spillage,2030,70,5,5,0.0
10302,spillage,2030,70,6,6,0.0
10303,spillage,2030,70,7,7,0.0
10304,spillage,2030,70,8,8,0.0
10305,spillage,2030,70,9,9,0.0
10306,spillage,2030,70,10,10,0.0
10307,spillage,2030,70,11,11,0.0
10308,spillage,2030,70,12,12,0.0
10309,spillage,2030,70,13,13,0.0
10310,spillage,2030,70,14,14,0.0
10311,spillage,2030,70,15,15,0.0
10312,spillage,2030,70,16,16,0.0
10313,spillage,2030,70,17,17,0.0
10314,spillage,2030,70,18,18,0.0
10315,spillage,2030,70,19,19,0.0
10316,spillage,2030,70,20,20,0.0
10317,spillage,2030,70,21,21,0.0
10318,spillage,2030,70,22,22,0.0
10319,spillage,2030,70,23,23,0.0
10320,spillage,2030,70,24,24,0.0
10321,spillage,2030,71,1,1,0.0
10322,spillage,2030,71,2,2,0.0
10323,spillage,2030,71,3,3,0.0
10324,spillage,2030,71,4,4,0.0
10325,spillage,2030,71,5,5,0.0
10326,spillage,2030,71,6,6,0.0
10327,spillage,2030,71,7,7,0.0
10328,spillage,2030,71,8,8,0.0
10329,spillage,2030,71,9,9,0.0
10330,spillage,2030,71,10,10,0.0
10331,spillage,2030,71,11,11,0.0
10332,spillage,2030,71,12,12,0.0
10333,spillage,2030,71,13,13,0.0
10334,spillage,2030,71,14,14,0.0
10335,spillage,2030,71,15,15,0.0
10336,spillage,2030,71,16,16,0.0
10337,spillage,2030,71,17,17,0.0
10338,spillage,2030,71,18,18,0.0
10339,spillage,2030,71,19,19,0.0
10340,spillage,2030,71,20,20,0.0
10341,spillage,2030,71,21,21,0.0
10342,spillage,2030,71,22,22,0.0
10343,spillage,2030,71,23,23,0.0
10344,spillage,2030,71,24,24,0.0
10345,spillage,2030,72,1,1,0.0
10346,spillage,2030,72,2,2,0.0
10347,spillage,2030,72,3,3,0.0
10348,spillage,2030,72,4,4,0.0
10349,spillage,2030,72,5,5,0.0
10350,spillage,2030,72,6,6,0.0
10351,spillage,2030,72,7,7,0.0
10352,spillage,2030,72,8,8,0.0
10353,spillage,2030,72,9,9,0.0
10354,spillage,2030,72,10,10,0.0
10355,spillage,2030,72,11,11,0.0
10356,spillage,2030,72,12,12,0.0
10357,spillage,2030,72,13,13,0.0
10358,spillage,2030,72,14,14,0.0
10359,spillage,2030,72,15,15,0.0
10360,spillage,2030,72,16,16,0.0
10361,spillage,2030,72,17,17,0.0
10362,spillage,2030,72,18,18,0.0
10363,spillage,2030,72,19,19,0.0
10364,spillage,2030,72,20,20,0.0
10365,spillage,2030,72,21,21,0.0
10366,spillage,2030,72,22,22,0.0
10367,spillage,2030,72,23,23,0.0
10368,spillage,2030,72,24,24,0.0
10369,spillage,2030,73,1,1,0.0
10370,spillage,2030,73,2,2,0.0
10371,spillage,2030,73,3,3,0.0
10372,spillage,2030,73,4,4,0.0
10373,spillage,2030,73,5,5,0.0
10374,spillage,2030,73,6,6,0.0
10375,spillage,2030,73,7,7,0.0
10376,spillage,2030,73,8,8,0.0
10377,spillage,2030,73,9,9,0.0
10378,spillage,2030,73,10,10,0.0
10379,spillage,2030,73,11,11,0.0
10380,spillage,2030,73,12,12,0.0
10381,spillage,2030,73,13,13,0.0
10382,spillage,2030,73,14,14,0.0
10383,spillage,2030,73,15,15,0.0
10384,spillage,2030,73,16,16,0.0
10385,spillage,2030,73,17,17,0.0
10386,spillage,2030,73,18,18,0.0
10387,spillage,2030,73,19,19,0.0
10388,spillage,2030,73,20,20,0.0
10389,spillage,2030,73,21,21,0.0
10390,spillage,2030,73,22,22,0.0
10391,spillage,2030,73,23,23,0.0
10392,spillage,2030,73,24,24,0.0
10393,spillage,2030,74,1,1,0.0
10394,spillage,2030,74,2,2,0.0
10395,spillage,2030,74,3,3,0.0
10396,spillage,2030,74,4,4,0.0
10397,spillage,2030,74,5,5,0.0
10398,spillage,2030,74,6,6,0.0
10399,spillage,2030,74,7,7,0.0
10400,spillage,2030,74,8,8,0.0
10401,spillage,2030,74,9,9,0.0
10402,spillage,2030,74,10,10,0.0
10403,spillage,2030,74,11,11,0.0
10404,spillage,2030,74,12,12,0.0
10405,spillage,2030,74,13,13,0.0
10406,spillage,2030,74,14,14,0.0
10407,spillage,2030,74,15,15,0.0
10408,spillage,2030,74,16,16,0.0
10409,spillage,2030,74,17,17,0.0
10410,spillage,2030,74,18,18,0.0
10411,spillage,2030,74,19,19,0.0
10412,spillage,2030,74,20,20,0.0
10413,spillage,2030,74,21,21,0.0
10414,spillage,2030,74,22,22,0.0
10415,spillage,2030,74,23,23,0.0
10416,spillage,2030,74,24,24,0.0
10417,spillage,2030,75,1,1,0.0
10418,spillage,2030,75,2,2,0.0
10419,spillage,2030,75,3,3,0.0
10420,spillage,2030,75,4,4,0.0
10421,spillage,2030,75,5,5,0.0
10422,spillage,2030,75,6,6,0.0
10423,spillage,2030,75,7,7,0.0
10424,spillage,2030,75,8,8,0.0
10425,spillage,2030,75,9,9,0.0
10426,spillage,2030,75,10,10,0.0
10427,spillage,2030,75,11,11,0.0
10428,spillage,2030,75,12,12,0.0
10429,spillage,2030,75,13,13,0.0
10430,spillage,2030,75,14,14,0.0
10431,spillage,2030,75,15,15,0.0
10432,spillage,2030,75,16,16,0.0
10433,spillage,2030,75,17,17,0.0
10434,spillage,2030,75,18,18,0.0
10435,spillage,2030,75,19,19,0.0
10436,spillage,2030,75,20,20,0.0
10437,spillage,2030,75,21,21,0.0
10438,spillage,2030,75,22,22,0.0
10439,spillage,2030,75,23,23,0.0
10440,spillage,2030,75,24,24,0.0
10441,spillage,2030,76,1,1,0.0
10442,spillage,2030,76,2,2,0.0
10443,spillage,2030,76,3,3,0.0
10444,spillage,2030,76,4,4,0.0
10445,spillage,2030,76,5,5,0.0
10446,spillage,2030,76,6,6,0.0
10447,spillage,2030,76,7,7,0.0
10448,spillage,2030,76,8,8,0.0
10449,spillage,2030,76,9,9,0.0
10450,spillage,2030,76,10,10,0.0
10451,spillage,2030,76,11,11,0.0
10452,spillage,2030,76,12,12,0.0
10453,spillage,2030,76,13,13,0.0
10454,spillage,2030,76,14,14,0.0
10455,spillage,2030,76,15,15,0.0
10456,spillage,2030,76,16,16,0.0
10457,spillage,2030,76,17,17,0.0
10458,spillage,2030,76,18,18,0.0
10459,spillage,2030,76,19,19,0.0
10460,spillage,2030,76,20,20,0.0
10461,spillage,2030,76,21,21,0.0
10462,spillage,2030,76,22,22,0.0
10463,spillage,2030,76,23,23,0.0
10464,spillage,2030,76,24,24,0.0
10465,spillage,2030,77,1,1,0.0
10466,spillage,2030,77,2,2,0.0
10467,spillage,2030,77,3,3,0.0
10468,spillage,2030,77,4,4,0.0
10469,spillage,2030,77,5,5,0.0
10470,spillage,2030,77,6,6,0.0
10471,spillage,2030,77,7,7,0.0
10472,spillage,2030,77,8,8,0.0
10473,spillage,2030,77,9,9,0.0
10474,spillage,2030,77,10,10,0.0
10475,spillage,2030,77,11,11,0.0
10476,spillage,2030,77,12,12,0.0
10477,spillage,2030,77,13,13,0.0
10478,spillage,2030,77,14,14,0.0
10479,spillage,2030,77,15,15,0.0
10480,spillage,2030,77,16,16,0.0
10481,spillage,2030,77,17,17,0.0
10482,spillage,2030,77,18,18,0.0
10483,spillage,2030,77,19,19,0.0
10484,spillage,2030,77,20,20,0.0
10485,spillage,2030,77,21,21,0.0
10486,spillage,2030,77,22,22,0.0
10487,spillage,2030,77,23,23,0.0
10488,spillage,2030,77,24,24,0.0
10489,spillage,2030,78,1,1,0.0
10490,spillage,2030,78,2,2,0.0
10491,spillage,2030,78,3,3,0.0
10492,spillage,2030,78,4,4,0.0
10493,spillage,2030,78,5,5,0.0
10494,spillage,2030,78,6,6,0.0
10495,spillage,2030,78,7,7,0.0
10496,spillage,2030,78,8,8,0.0
10497,spillage,2030,78,9,9,0.0
10498,spillage,2030,78,10,10,0.0
10499,spillage,2030,78,11,11,0.0
10500,spillage,2030,78,12,12,0.0
10501,spillage,2030,78,13,13,0.0
10502,spillage,2030,78,14,14,0.0
10503,spillage,2030,78,15,15,0.0
10504,spillage,2030,78,16,16,0.0
10505,spillage,2030,78,17,17,0.0
10506,spillage,2030,78,18,18,0.0
10507,spillage,2030,78,19,19,0.0
10508,spillage,2030,78,20,20,0.0
10509,spillage,2030,78,21,21,0.0
10510,spillage,2030,78,22,22,0.0
10511,spillage,2030,78,23,23,0.0
10512,spillage,2030,78,24,24,0.0
10513,spillage,2030,79,1,1,0.0
10514,spillage,2030,79,2,2,0.0
10515,spillage,2030,79,3,3,0.0
10516,spillage,2030,79,4,4,0.0
10517,spillage,2030,79,5,5,0.0
10518,spillage,2030,79,6,6,0.0
10519,spillage,2030,79,7,7,0.0
10520,spillage,2030,79,8,8,0.0
10521,spillage,2030,79,9,9,0.0
10522,spillage,2030,79,10,10,0.0
10523,spillage,2030,79,11,11,0.0
10524,spillage,2030,79,12,12,0.0
10525,spillage,2030,79,13,13,0.0
10526,spillage,2030,79,14,14,0.0
10527,spillage,2030,79,15,15,0.0
10528,spillage,2030,79,16,16,0.0
10529,spillage,2030,79,17,17,0.0
10530,spillage,2030,79,18,18,0.0
10531,spillage,2030,79,19,19,0.0
10532,spillage,2030,79,20,20,0.0
10533,spillage,2030,79,21,21,0.0
10534,spillage,2030,79,22,22,0.0
10535,spillage,2030,79,23,23,0.0
10536,spillage,2030,79,24,24,0.0
10537,spillage,2030,80,1,1,0.0
10538,spillage,2030,80,2,2,0.0
10539,spillage,2030,80,3,3,0.0
10540,spillage,2030,80,4,4,0.0
10541,spillage,2030,80,5,5,0.0
10542,spillage,2030,80,6,6,0.0
10543,spillage,2030,80,7,7,0.0
10544,spillage,2030,80,8,8,0.0
10545,spillage,2030,80,9,9,0.0
10546,spillage,2030,80,10,10,0.0
10547,spillage,2030,80,11,11,0.0
10548,spillage,2030,80,12,12,0.0
10549,spillage,2030,80,13,13,0.0
10550,spillage,2030,80,14,14,0.0
10551,spillage,2030,80,15,15,0.0
10552,spillage,2030,80,16,16,0.0
10553,spillage,2030,80,17,17,0.0
10554,spillage,2030,80,18,18,0.0
10555,spillage,2030,80,19,19,0.0
10556,spillage,2030,80,20,20,0.0
10557,spillage,2030,80,21,21,0.0
10558,spillage,2030,80,22,22,0.0
10559,spillage,2030,80,23,23,0.0
10560,spillage,2030,80,24,24,0.0
10561,spillage,2030,81,1,1,0.0
10562,spillage,2030,81,2,2,0.0
10563,spillage,2030,81,3,3,0.0
10564,spillage,2030,81,4,4,0.0
10565,spillage,2030,81,5,5,0.0
10566,spillage,2030,81,6,6,0.0
10567,spillage,2030,81,7,7,0.0
10568,spillage,2030,81,8,8,0.0
10569,spillage,2030,81,9,9,0.0
10570,spillage,2030,81,10,10,0.0
10571,spillage,2030,81,11,11,0.0
10572,spillage,2030,81,12,12,0.0
10573,spillage,2030,81,13,13,0.0
10574,spillage,2030,81,14,14,0.0
10575,spillage,2030,81,15,15,0.0
10576,spillage,2030,81,16,16,0.0
10577,spillage,2030,81,17,17,0.0
10578,spillage,2030,81,18,18,0.0
10579,spillage,2030,81,19,19,0.0
10580,spillage,2030,81,20,20,0.0
10581,spillage,2030,81,21,21,0.0
10582,spillage,2030,81,22,22,0.0
10583,spillage,2030,81,23,23,0.0
10584,spillage,2030,81,24,24,0.0
10585,spillage,2030,82,1,1,0.0
10586,spillage,2030,82,2,2,0.0
10587,spillage,2030,82,3,3,0.0
10588,spillage,2030,82,4,4,0.0
10589,spillage,2030,82,5,5,0.0
10590,spillage,2030,82,6,6,0.0
10591,spillage,2030,82,7,7,0.0
10592,spillage,2030,82,8,8,0.0
10593,spillage,2030,82,9,9,0.0
10594,spillage,2030,82,10,10,0.0
10595,spillage,2030,82,11,11,0.0
10596,spillage,2030,82,12,12,0.0
10597,spillage,2030,82,13,13,0.0
10598,spillage,2030,82,14,14,0.0
10599,spillage,2030,82,15,15,0.0
10600,spillage,2030,82,16,16,0.0
10601,spillage,2030,82,17,17,0.0
10602,spillage,2030,82,18,18,0.0
10603,spillage,2030,82,19,19,0.0
10604,spillage,2030,82,20,20,0.0
10605,spillage,2030,82,21,21,0.0
10606,spillage,2030,82,22,22,0.0
10607,spillage,2030,82,23,23,0.0
10608,spillage,2030,82,24,24,0.0
10609,spillage,2030,83,1,1,0.0
10610,spillage,2030,83,2,2,0.0
10611,spillage,2030,83,3,3,0.0
10612,spillage,2030,83,4,4,0.0
10613,spillage,2030,83,5,5,0.0
10614,spillage,2030,83,6,6,0.0
10615,spillage,2030,83,7,7,0.0
10616,spillage,2030,83,8,8,0.0
10617,spillage,2030,83,9,9,0.0
10618,spillage,2030,83,10,10,0.0
10619,spillage,2030,83,11,11,0.0
10620,spillage,2030,83,12,12,0.0
10621,spillage,2030,83,13,13,0.0
10622,spillage,2030,83,14,14,0.0
10623,spillage,2030,83,15,15,0.0
10624,spillage,2030,83,16,16,0.0
10625,spillage,2030,83,17,17,0.0
10626,spillage,2030,83,18,18,0.0
10627,spillage,2030,83,19,19,0.0
10628,spillage,2030,83,20,20,0.0
10629,spillage,2030,83,21,21,0.0
10630,spillage,2030,83,22,22,0.0
10631,spillage,2030,83,23,23,0.0
10632,spillage,2030,83,24,24,0.0
10633,spillage,2030,84,1,1,0.0
10634,spillage,2030,84,2,2,0.0
10635,spillage,2030,84,3,3,0.0
10636,spillage,2030,84,4,4,0.0
10637,spillage,2030,84,5,5,0.0
10638,spillage,2030,84,6,6,0.0
10639,spillage,2030,84,7,7,0.0
10640,spillage,2030,84,8,8,0.0
10641,spillage,2030,84,9,9,0.0
10642,spillage,2030,84,10,10,0.0
10643,spillage,2030,84,11,11,0.0
10644,spillage,2030,84,12,12,0.0
10645,spillage,2030,84,13,13,0.0
10646,spillage,2030,84,14,14,0.0
10647,spillage,2030,84,15,15,0.0
10648,spillage,2030,84,16,16,0.0
10649,spillage,2030,84,17,17,0.0
10650,spillage,2030,84,18,18,0.0
10651,spillage,2030,84,19,19,0.0
10652,spillage,2030,84,20,20,0.0
10653,spillage,2030,84,21,21,0.0
10654,spillage,2030,84,22,22,0.0
10655,spillage,2030,84,23,23,0.0
10656,spillage,2030,84,24,24,0.0
10657,spillage,2030,85,1,1,0.0
10658,spillage,2030,85,2,2,0.0
10659,spillage,2030,85,3,3,0.0
10660,spillage,2030,85,4,4,0.0
10661,spillage,2030,85,5,5,0.0
10662,spillage,2030,85,6,6,0.0
10663,spillage,2030,85,7,7,0.0
10664,spillage,2030,85,8,8,0.0
10665,spillage,2030,85,9,9,0.0
10666,spillage,2030,85,10,10,0.0
10667,spillage,2030,85,11,11,0.0
10668,spillage,2030,85,12,12,0.0
10669,spillage,2030,85,13,13,0.0
10670,spillage,2030,85,14,14,0.0
10671,spillage,2030,85,15,15,0.0
10672,spillage,2030,85,16,16,0.0
10673,spillage,2030,85,17,17,0.0
10674,spillage,2030,85,18,18,0.0
10675,spillage,2030,85,19,19,0.0
10676,spillage,2030,85,20,20,0.0
10677,spillage,2030,85,21,21,0.0
10678,spillage,2030,85,22,22,0.0
10679,spillage,2030,85,23,23,0.0
10680,spillage,2030,85,24,24,0.0
10681,spillage,2030,86,1,1,0.0
10682,spillage,2030,86,2,2,0.0
10683,spillage,2030,86,3,3,0.0
10684,spillage,2030,86,4,4,0.0
10685,spillage,2030,86,5,5,0.0
10686,spillage,2030,86,6,6,0.0
10687,spillage,2030,86,7,7,0.0
10688,spillage,2030,86,8,8,0.0
10689,spillage,2030,86,9,9,0.0
10690,spillage,2030,86,10,10,0.0
10691,spillage,2030,86,11,11,0.0
10692,spillage,2030,86,12,12,0.0
10693,spillage,2030,86,13,13,0.0
10694,spillage,2030,86,14,14,0.0
10695,spillage,2030,86,15,15,0.0
10696,spillage,2030,86,16,16,0.0
10697,spillage,2030,86,17,17,0.0
10698,spillage,2030,86,18,18,0.0
10699,spillage,2030,86,19,19,0.0
10700,spillage,2030,86,20,20,0.0
10701,spillage,2030,86,21,21,0.0
10702,spillage,2030,86,22,22,0.0
10703,spillage,2030,86,23,23,0.0
10704,spillage,2030,86,24,24,0.0
10705,spillage,2030,87,1,1,0.0
10706,spillage,2030,87,2,2,0.0
10707,spillage,2030,87,3,3,0.0
10708,spillage,2030,87,4,4,0.0
10709,spillage,2030,87,5,5,0.0
10710,spillage,2030,87,6,6,0.0
10711,spillage,2030,87,7,7,0.0
10712,spillage,2030,87,8,8,0.0
10713,spillage,2030,87,9,9,0.0
10714,spillage,2030,87,10,10,0.0
10715,spillage,2030,87,11,11,0.0
10716,spillage,2030,87,12,12,0.0
10717,spillage,2030,87,13,13,0.0
10718,spillage,2030,87,14,14,0.0
10719,spillage,2030,87,15,15,0.0
10720,spillage,2030,87,16,16,0.0
10721,spillage,2030,87,17,17,0.0
10722,spillage,2030,87,18,18,0.0
10723,spillage,2030,87,19,19,0.0
10724,spillage,2030,87,20,20,0.0
10725,spillage,2030,87,21,21,0.0
10726,spillage,2030,87,22,22,0.0
10727,spillage,2030,87,23,23,0.0
10728,spillage,2030,87,24,24,0.0
10729,spillage,2030,88,1,1,0.0
10730,spillage,2030,88,2,2,0.0
10731,spillage,2030,88,3,3,0.0
10732,spillage,2030,88,4,4,0.0
10733,spillage,2030,88,5,5,0.0
10734,spillage,2030,88,6,6,0.0
10735,spillage,2030,88,7,7,0.0
10736,spillage,2030,88,8,8,0.0
10737,spillage,2030,88,9,9,0.0
10738,spillage,2030,88,10,10,0.0
10739,spillage,2030,88,11,11,0.0
10740,spillage,2030,88,12,12,0.0
10741,spillage,2030,88,13,13,0.0
10742,spillage,2030,88,14,14,0.0
10743,spillage,2030,88,15,15,0.0
10744,spillage,2030,88,16,16,0.0
10745,spillage,2030,88,17,17,0.0
10746,spillage,2030,88,18,18,0.0
10747,spillage,2030,88,19,19,0.0
10748,spillage,2030,88,20,20,0.0
10749,spillage,2030,88,21,21,0.0
10750,spillage,2030,88,22,22,0.0
10751,spillage,2030,88,23,23,0.0
10752,spillage,2030,88,24,24,0.0
10753,spillage,2030,89,1,1,0.0
10754,spillage,2030,89,2,2,0.0
10755,spillage,2030,89,3,3,0.0
10756,spillage,2030,89,4,4,0.0
10757,spillage,2030,89,5,5,0.0
10758,spillage,2030,89,6,6,0.0
10759,spillage,2030,89,7,7,0.0
10760,spillage,2030,89,8,8,0.0
10761,spillage,2030,89,9,9,0.0
10762,spillage,2030,89,10,10,0.0
10763,spillage,2030,89,11,11,0.0
10764,spillage,2030,89,12,12,0.0
10765,spillage,2030,89,13,13,0.0
10766,spillage,2030,89,14,14,0.0
10767,spillage,2030,89,15,15,0.0
10768,spillage,2030,89,16,16,0.0
10769,spillage,2030,89,17,17,0.0
10770,spillage,2030,89,18,18,0.0
10771,spillage,2030,89,19,19,0.0
10772,spillage,2030,89,20,20,0.0
10773,spillage,2030,89,21,21,0.0
10774,spillage,2030,89,22,22,0.0
10775,spillage,2030,89,23,23,0.0
10776,spillage,2030,89,24,24,0.0
10777,spillage,2030,90,1,1,0.0
10778,spillage,2030,90,2,2,0.0
10779,spillage,2030,90,3,3,0.0
10780,spillage,2030,90,4,4,0.0
10781,spillage,2030,90,5,5,0.0
10782,spillage,2030,90,6,6,0.0
10783,spillage,2030,90,7,7,0.0
10784,spillage,2030,90,8,8,0.0
10785,spillage,2030,90,9,9,0.0
10786,spillage,2030,90,10,10,0.0
10787,spillage,2030,90,11,11,0.0
10788,spillage,2030,90,12,12,0.0
10789,spillage,2030,90,13,13,0.0
10790,spillage,2030,90,14,14,0.0
10791,spillage,2030,90,15,15,0.0
10792,spillage,2030,90,16,16,0.0
10793,spillage,2030,90,17,17,0.0
10794,spillage,2030,90,18,18,0.0
10795,spillage,2030,90,19,19,0.0
10796,spillage,2030,90,20,20,0.0
10797,spillage,2030,90,21,21,0.0
10798,spillage,2030,90,22,22,0.0
10799,spillage,2030,90,23,23,0.0
10800,spillage,2030,90,24,24,0.0
10801,spillage,2030,91,1,1,0.0
10802,spillage,2030,91,2,2,0.0
10803,spillage,2030,91,3,3,0.0
10804,spillage,2030,91,4,4,0.0
10805,spillage,2030,91,5,5,0.0
10806,spillage,2030,91,6,6,0.0
10807,spillage,2030,91,7,7,0.0
10808,spillage,2030,91,8,8,0.0
10809,spillage,2030,91,9,9,0.0
10810,spillage,2030,91,10,10,0.0
10811,spillage,2030,91,11,11,0.0
10812,spillage,2030,91,12,12,0.0
10813,spillage,2030,91,13,13,0.0
10814,spillage,2030,91,14,14,0.0
10815,spillage,2030,91,15,15,0.0
10816,spillage,2030,91,16,16,0.0
10817,spillage,2030,91,17,17,0.0
10818,spillage,2030,91,18,18,0.0
10819,spillage,2030,91,19,19,0.0
10820,spillage,2030,91,20,20,0.0
10821,spillage,2030,91,21,21,0.0
10822,spillage,2030,91,22,22,0.0
10823,spillage,2030,91,23,23,0.0
10824,spillage,2030,91,24,24,0.0
10825,spillage,2030,92,1,1,0.0
10826,spillage,2030,92,2,2,0.0
10827,spillage,2030,92,3,3,0.0
10828,spillage,2030,92,4,4,0.0
10829,spillage,2030,92,5,5,0.0
10830,spillage,2030,92,6,6,0.0
10831,spillage,2030,92,7,7,0.0
10832,spillage,2030,92,8,8,0.0
10833,spillage,2030,92,9,9,0.0
10834,spillage,2030,92,10,10,0.0
10835,spillage,2030,92,11,11,0.0
10836,spillage,2030,92,12,12,0.0
10837,spillage,2030,92,13,13,0.0
10838,spillage,2030,92,14,14,0.0
10839,spillage,2030,92,15,15,0.0
10840,spillage,2030,92,16,16,0.0
10841,spillage,2030,92,17,17,0.0
10842,spillage,2030,92,18,18,0.0
10843,spillage,2030,92,19,19,0.0
10844,spillage,2030,92,20,20,0.0
10845,spillage,2030,92,21,21,0.0
10846,spillage,2030,92,22,22,0.0
10847,spillage,2030,92,23,23,0.0
10848,spillage,2030,92,24,24,0.0
10849,spillage,2030,93,1,1,0.0
10850,spillage,2030,93,2,2,0.0
10851,spillage,2030,93,3,3,0.0
10852,spillage,2030,93,4,4,0.0
10853,spillage,2030,93,5,5,0.0
10854,spillage,2030,93,6,6,0.0
10855,spillage,2030,93,7,7,0.0
10856,spillage,2030,93,8,8,0.0
10857,spillage,2030,93,9,9,0.0
10858,spillage,2030,93,10,10,0.0
10859,spillage,2030,93,11,11,0.0
10860,spillage,2030,93,12,12,0.0
10861,spillage,2030,93,13,13,0.0
10862,spillage,2030,93,14,14,0.0
10863,spillage,2030,93,15,15,0.0
10864,spillage,2030,93,16,16,0.0
10865,spillage,2030,93,17,17,0.0
10866,spillage,2030,93,18,18,0.0
10867,spillage,2030,93,19,19,0.0
10868,spillage,2030,93,20,20,0.0
10869,spillage,2030,93,21,21,0.0
10870,spillage,2030,93,22,22,0.0
10871,spillage,2030,93,23,23,0.0
10872,spillage,2030,93,24,24,0.0
10873,spillage,2030,94,1,1,0.0
10874,spillage,2030,94,2,2,0.0
10875,spillage,2030,94,3,3,0.0
10876,spillage,2030,94,4,4,0.0
10877,spillage,2030,94,5,5,0.0
10878,spillage,2030,94,6,6,0.0
10879,spillage,2030,94,7,7,0.0
10880,spillage,2030,94,8,8,0.0
10881,spillage,2030,94,9,9,0.0
10882,spillage,2030,94,10,10,0.0
10883,spillage,2030,94,11,11,0.0
10884,spillage,2030,94,12,12,0.0
10885,spillage,2030,94,13,13,0.0
10886,spillage,2030,94,14,14,0.0
10887,spillage,2030,94,15,15,0.0
10888,spillage,2030,94,16,16,0.0
10889,spillage,2030,94,17,17,0.0
10890,spillage,2030,94,18,18,0.0
10891,spillage,2030,94,19,19,0.0
10892,spillage,2030,94,20,20,0.0
10893,spillage,2030,94,21,21,0.0
10894,spillage,2030,94,22,22,0.0
10895,spillage,2030,94,23,23,0.0
10896,spillage,2030,94,24,24,0.0
10897,spillage,2030,95,1,1,0.0
10898,spillage,2030,95,2,2,0.0
10899,spillage,2030,95,3,3,0.0
10900,spillage,2030,95,4,4,0.0
10901,spillage,2030,95,5,5,0.0
10902,spillage,2030,95,6,6,0.0
10903,spillage,2030,95,7,7,0.0
10904,spillage,2030,95,8,8,0.0
10905,spillage,2030,95,9,9,0.0
10906,spillage,2030,95,10,10,0.0
10907,spillage,2030,95,11,11,0.0
10908,spillage,2030,95,12,12,0.0
10909,spillage,2030,95,13,13,0.0
10910,spillage,2030,95,14,14,0.0
10911,spillage,2030,95,15,15,0.0
10912,spillage,2030,95,16,16,0.0
10913,spillage,2030,95,17,17,0.0
10914,spillage,2030,95,18,18,0.0
10915,spillage,2030,95,19,19,0.0
10916,spillage,2030,95,20,20,0.0
10917,spillage,2030,95,21,21,0.0
10918,spillage,2030,95,22,22,0.0
10919,spillage,2030,95,23,23,0.0
10920,spillage,2030,95,24,24,0.0
10921,spillage,2030,96,1,1,0.0
10922,spillage,2030,96,2,2,0.0
10923,spillage,2030,96,3,3,0.0
10924,spillage,2030,96,4,4,0.0
10925,spillage,2030,96,5,5,0.0
10926,spillage,2030,96,6,6,0.0
10927,spillage,2030,96,7,7,0.0
10928,spillage,2030,96,8,8,0.0
10929,spillage,2030,96,9,9,0.0
10930,spillage,2030,96,10,10,0.0
10931,spillage,2030,96,11,11,0.0
10932,spillage,2030,96,12,12,0.0
10933,spillage,2030,96,13,13,0.0
10934,spillage,2030,96,14,14,0.0
10935,spillage,2030,96,15,15,0.0
10936,spillage,2030,96,16,16,0.0
10937,spillage,2030,96,17,17,0.0
10938,spillage,2030,96,18,18,0.0
10939,spillage,2030,96,19,19,0.0
10940,spillage,2030,96,20,20,0.0
10941,spillage,2030,96,21,21,0.0
10942,spillage,2030,96,22,22,0.0
10943,spillage,2030,96,23,23,0.0
10944,spillage,2030,96,24,24,0.0
10945,spillage,2030,97,1,1,0.0
10946,spillage,2030,97,2,2,0.0
10947,spillage,2030,97,3,3,0.0
10948,spillage,2030,97,4,4,0.0
10949,spillage,2030,97,5,5,0.0
10950,spillage,2030,97,6,6,0.0
10951,spillage,2030,97,7,7,0.0
10952,spillage,2030,97,8,8,0.0
10953,spillage,2030,97,9,9,0.0
10954,spillage,2030,97,10,10,0.0
10955,spillage,2030,97,11,11,0.0
10956,spillage,2030,97,12,12,0.0
10957,spillage,2030,97,13,13,0.0
10958,spillage,2030,97,14,14,0.0
10959,spillage,2030,97,15,15,0.0
10960,spillage,2030,97,16,16,0.0
10961,spillage,2030,97,17,17,0.0
10962,spillage,2030,97,18,18,0.0
10963,spillage,2030,97,19,19,0.0
10964,spillage,2030,97,20,20,0.0
10965,spillage,2030,97,21,21,0.0
10966,spillage,2030,97,22,22,0.0
10967,spillage,2030,97,23,23,0.0
10968,spillage,2030,97,24,24,0.0
10969,spillage,2030,98,1,1,0.0
10970,spillage,2030,98,2,2,0.0
10971,spillage,2030,98,3,3,0.0
10972,spillage,2030,98,4,4,0.0
10973,spillage,2030,98,5,5,0.0
10974,spillage,2030,98,6,6,0.0
10975,spillage,2030,98,7,7,0.0
10976,spillage,2030,98,8,8,0.0
10977,spillage,2030,98,9,9,0.0
10978,spillage,2030,98,10,10,0.0
10979,spillage,2030,98,11,11,0.0
10980,spillage,2030,98,12,12,0.0
10981,spillage,2030,98,13,13,0.0
10982,spillage,2030,98,14,14,0.0
10983,spillage,2030,98,15,15,0.0
10984,spillage,2030,98,16,16,0.0
10985,spillage,2030,98,17,17,0.0
10986,spillage,2030,98,18,18,0.0
10987,spillage,2030,98,19,19,0.0
10988,spillage,2030,98,20,20,0.0
10989,spillage,2030,98,21,21,0.0
10990,spillage,2030,98,22,22,0.0
10991,spillage,2030,98,23,23,0.0
10992,spillage,2030,98,24,24,0.0
10993,spillage,2030,99,1,1,0.0
10994,spillage,2030,99,2,2,0.0
10995,spillage,2030,99,3,3,0.0
10996,spillage,2030,99,4,4,0.0
10997,spillage,2030,99,5,5,0.0
10998,spillage,2030,99,6,6,0.0
10999,spillage,2030,99,7,7,0.0
11000,spillage,2030,99,8,8,0.0
11001,spillage,2030,99,9,9,0.0
11002,spillage,2030,99,10,10,0.0
11003,spillage,2030,99,11,11,0.0
11004,spillage,2030,99,12,12,0.0
11005,spillage,2030,99,13,13,0.0
11006,spillage,2030,99,14,14,0.0
11007,spillage,2030,99,15,15,0.0
11008,spillage,2030,99,16,16,0.0
11009,spillage,2030,99,17,17,0.0
11010,spillage,2030,99,18,18,0.0
11011,spillage,2030,99,19,19,0.0
11012,spillage,2030,99,20,20,0.0
11013,spillage,2030,99,21,21,0.0
11014,spillage,2030,99,22,22,0.0
11015,spillage,2030,99,23,23,0.0
11016,spillage,2030,99,24,24,0.0
11017,spillage,2030,100,1,1,0.0
11018,spillage,2030,100,2,2,0.0
11019,spillage,2030,100,3,3,0.0
11020,spillage,2030,100,4,4,0.0
11021,spillage,2030,100,5,5,0.0
11022,spillage,2030,100,6,6,0.0
11023,spillage,2030,100,7,7,0.0
11024,spillage,2030,100,8,8,0.0
11025,spillage,2030,100,9,9,0.0
11026,spillage,2030,100,10,10,0.0
11027,spillage,2030,100,11,11,0.0
11028,spillage,2030,100,12,12,0.0
11029,spillage,2030,100,13,13,0.0
11030,spillage,2030,100,14,14,0.0
11031,spillage,2030,100,15,15,0.0
11032,spillage,2030,100,16,16,0.0
11033,spillage,2030,100,17,17,0.0
11034,spillage,2030,100,18,18,0.0
11035,spillage,2030,100,19,19,0.0
11036,spillage,2030,100,20,20,0.0
11037,spillage,2030,100,21,21,0.0
11038,spillage,2030,100,22,22,0.0
11039,spillage,2030,100,23,23,0.0
11040,spillage,2030,100,24,24,0.0
11041,spillage,2030,101,1,1,0.0
11042,spillage,2030,101,2,2,0.0
11043,spillage,2030,101,3,3,0.0
11044,spillage,2030,101,4,4,0.0
11045,spillage,2030,101,5,5,0.0
11046,spillage,2030,101,6,6,0.0
11047,spillage,2030,101,7,7,0.0
11048,spillage,2030,101,8,8,0.0
11049,spillage,2030,101,9,9,0.0
11050,spillage,2030,101,10,10,0.0
11051,spillage,2030,101,11,11,0.0
11052,spillage,2030,101,12,12,0.0
11053,spillage,2030,101,13,13,0.0
11054,spillage,2030,101,14,14,0.0
11055,spillage,2030,101,15,15,0.0
11056,spillage,2030,101,16,16,0.0
11057,spillage,2030,101,17,17,0.0
11058,spillage,2030,101,18,18,0.0
11059,spillage,2030,101,19,19,0.0
11060,spillage,2030,101,20,20,0.0
11061,spillage,2030,101,21,21,0.0
11062,spillage,2030,101,22,22,0.0
11063,spillage,2030,101,23,23,0.0
11064,spillage,2030,101,24,24,0.0
11065,spillage,2030,102,1,1,0.0
11066,spillage,2030,102,2,2,0.0
11067,spillage,2030,102,3,3,0.0
11068,spillage,2030,102,4,4,0.0
11069,spillage,2030,102,5,5,0.0
11070,spillage,2030,102,6,6,0.0
11071,spillage,2030,102,7,7,0.0
11072,spillage,2030,102,8,8,0.0
11073,spillage,2030,102,9,9,0.0
11074,spillage,2030,102,10,10,0.0
11075,spillage,2030,102,11,11,0.0
11076,spillage,2030,102,12,12,0.0
11077,spillage,2030,102,13,13,0.0
11078,spillage,2030,102,14,14,0.0
11079,spillage,2030,102,15,15,0.0
11080,spillage,2030,102,16,16,0.0
11081,spillage,2030,102,17,17,0.0
11082,spillage,2030,102,18,18,0.0
11083,spillage,2030,102,19,19,0.0
11084,spillage,2030,102,20,20,0.0
11085,spillage,2030,102,21,21,0.0
11086,spillage,2030,102,22,22,0.0
11087,spillage,2030,102,23,23,0.0
11088,spillage,2030,102,24,24,0.0
11089,spillage,2030,103,1,1,0.0
11090,spillage,2030,103,2,2,0.0
11091,spillage,2030,103,3,3,0.0
11092,spillage,2030,103,4,4,0.0
11093,spillage,2030,103,5,5,0.0
11094,spillage,2030,103,6,6,0.0
11095,spillage,2030,103,7,7,0.0
11096,spillage,2030,103,8,8,0.0
11097,spillage,2030,103,9,9,0.0
11098,spillage,2030,103,10,10,0.0
11099,spillage,2030,103,11,11,0.0
11100,spillage,2030,103,12,12,0.0
11101,spillage,2030,103,13,13,0.0
11102,spillage,2030,103,14,14,0.0
11103,spillage,2030,103,15,15,0.0
11104,spillage,2030,103,16,16,0.0
11105,spillage,2030,103,17,17,0.0
11106,spillage,2030,103,18,18,0.0
11107,spillage,2030,103,19,19,0.0
11108,spillage,2030,103,20,20,0.0
11109,spillage,2030,103,21,21,0.0
11110,spillage,2030,103,22,22,0.0
11111,spillage,2030,103,23,23,0.0
11112,spillage,2030,103,24,24,0.0
11113,spillage,2030,104,1,1,0.0
11114,spillage,2030,104,2,2,0.0
11115,spillage,2030,104,3,3,0.0
11116,spillage,2030,104,4,4,0.0
11117,spillage,2030,104,5,5,0.0
11118,spillage,2030,104,6,6,0.0
11119,spillage,2030,104,7,7,0.0
11120,spillage,2030,104,8,8,0.0
11121,spillage,2030,104,9,9,0.0
11122,spillage,2030,104,10,10,0.0
11123,spillage,2030,104,11,11,0.0
11124,spillage,2030,104,12,12,0.0
11125,spillage,2030,104,13,13,0.0
11126,spillage,2030,104,14,14,0.0
11127,spillage,2030,104,15,15,0.0
11128,spillage,2030,104,16,16,0.0
11129,spillage,2030,104,17,17,0.0
11130,spillage,2030,104,18,18,0.0
11131,spillage,2030,104,19,19,0.0
11132,spillage,2030,104,20,20,0.0
11133,spillage,2030,104,21,21,0.0
11134,spillage,2030,104,22,22,0.0
11135,spillage,2030,104,23,23,0.0
11136,spillage,2030,104,24,24,0.0
11137,spillage,2030,105,1,1,0.0
11138,spillage,2030,105,2,2,0.0
11139,spillage,2030,105,3,3,0.0
11140,spillage,2030,105,4,4,0.0
11141,spillage,2030,105,5,5,0.0
11142,spillage,2030,105,6,6,0.0
11143,spillage,2030,105,7,7,0.0
11144,spillage,2030,105,8,8,0.0
11145,spillage,2030,105,9,9,0.0
11146,spillage,2030,105,10,10,0.0
11147,spillage,2030,105,11,11,0.0
11148,spillage,2030,105,12,12,0.0
11149,spillage,2030,105,13,13,0.0
11150,spillage,2030,105,14,14,0.0
11151,spillage,2030,105,15,15,0.0
11152,spillage,2030,105,16,16,0.0
11153,spillage,2030,105,17,17,0.0
11154,spillage,2030,105,18,18,0.0
11155,spillage,2030,105,19,19,0.0
11156,spillage,2030,105,20,20,0.0
11157,spillage,2030,105,21,21,0.0
11158,spillage,2030,105,22,22,0.0
11159,spillage,2030,105,23,23,0.0
11160,spillage,2030,105,24,24,0.0
11161,spillage,2030,106,1,1,0.0
11162,spillage,2030,106,2,2,0.0
11163,spillage,2030,106,3,3,0.0
11164,spillage,2030,106,4,4,0.0
11165,spillage,2030,106,5,5,0.0
11166,spillage,2030,106,6,6,0.0
11167,spillage,2030,106,7,7,0.0
11168,spillage,2030,106,8,8,0.0
11169,spillage,2030,106,9,9,0.0
11170,spillage,2030,106,10,10,0.0
11171,spillage,2030,106,11,11,0.0
11172,spillage,2030,106,12,12,0.0
11173,spillage,2030,106,13,13,0.0
11174,spillage,2030,106,14,14,0.0
11175,spillage,2030,106,15,15,0.0
11176,spillage,2030,106,16,16,0.0
11177,spillage,2030,106,17,17,0.0
11178,spillage,2030,106,18,18,0.0
11179,spillage,2030,106,19,19,0.0
11180,spillage,2030,106,20,20,0.0
11181,spillage,2030,106,21,21,0.0
11182,spillage,2030,106,22,22,0.0
11183,spillage,2030,106,23,23,0.0
11184,spillage,2030,106,24,24,0.0
11185,spillage,2030,107,1,1,0.0
11186,spillage,2030,107,2,2,0.0
11187,spillage,2030,107,3,3,0.0
11188,spillage,2030,107,4,4,0.0
11189,spillage,2030,107,5,5,0.0
11190,spillage,2030,107,6,6,0.0
11191,spillage,2030,107,7,7,0.0
11192,spillage,2030,107,8,8,0.0
11193,spillage,2030,107,9,9,0.0
11194,spillage,2030,107,10,10,0.0
11195,spillage,2030,107,11,11,0.0
11196,spillage,2030,107,12,12,0.0
11197,spillage,2030,107,13,13,0.0
11198,spillage,2030,107,14,14,0.0
11199,spillage,2030,107,15,15,0.0
11200,spillage,2030,107,16,16,0.0
11201,spillage,2030,107,17,17,0.0
11202,spillage,2030,107,18,18,0.0
11203,spillage,2030,107,19,19,0.0
11204,spillage,2030,107,20,20,0.0
11205,spillage,2030,107,21,21,0.0
11206,spillage,2030,107,22,22,0.0
11207,spillage,2030,107,23,23,0.0
11208,spillage,2030,107,24,24,0.0
11209,spillage,2030,108,1,1,0.0
11210,spillage,2030,108,2,2,0.0
11211,spillage,2030,108,3,3,0.0
11212,spillage,2030,108,4,4,0.0
11213,spillage,2030,108,5,5,0.0
11214,spillage,2030,108,6,6,0.0
11215,spillage,2030,108,7,7,0.0
11216,spillage,2030,108,8,8,0.0
11217,spillage,2030,108,9,9,0.0
11218,spillage,2030,108,10,10,0.0
11219,spillage,2030,108,11,11,0.0
11220,spillage,2030,108,12,12,0.0
11221,spillage,2030,108,13,13,0.0
11222,spillage,2030,108,14,14,0.0
11223,spillage,2030,108,15,15,0.0
11224,spillage,2030,108,16,16,0.0
11225,spillage,2030,108,17,17,0.0
11226,spillage,2030,108,18,18,0.0
11227,spillage,2030,108,19,19,0.0
11228,spillage,2030,108,20,20,0.0
11229,spillage,2030,108,21,21,0.0
11230,spillage,2030,108,22,22,0.0
11231,spillage,2030,108,23,23,0.0
11232,spillage,2030,108,24,24,0.0
11233,spillage,2030,109,1,1,0.0
11234,spillage,2030,109,2,2,0.0
11235,spillage,2030,109,3,3,0.0
11236,spillage,2030,109,4,4,0.0
11237,spillage,2030,109,5,5,0.0
11238,spillage,2030,109,6,6,0.0
11239,spillage,2030,109,7,7,0.0
11240,spillage,2030,109,8,8,0.0
11241,spillage,2030,109,9,9,0.0
11242,spillage,2030,109,10,10,0.0
11243,spillage,2030,109,11,11,0.0
11244,spillage,2030,109,12,12,0.0
11245,spillage,2030,109,13,13,0.0
11246,spillage,2030,109,14,14,0.0
11247,spillage,2030,109,15,15,0.0
11248,spillage,2030,109,16,16,0.0
11249,spillage,2030,109,17,17,0.0
11250,spillage,2030,109,18,18,0.0
11251,spillage,2030,109,19,19,0.0
11252,spillage,2030,109,20,20,0.0
11253,spillage,2030,109,21,21,0.0
11254,spillage,2030,109,22,22,0.0
11255,spillage,2030,109,23,23,0.0
11256,spillage,2030,109,24,24,0.0
11257,spillage,2030,110,1,1,0.0
11258,spillage,2030,110,2,2,0.0
11259,spillage,2030,110,3,3,0.0
11260,spillage,2030,110,4,4,0.0
11261,spillage,2030,110,5,5,0.0
11262,spillage,2030,110,6,6,0.0
11263,spillage,2030,110,7,7,0.0
11264,spillage,2030,110,8,8,0.0
11265,spillage,2030,110,9,9,0.0
11266,spillage,2030,110,10,10,0.0
11267,spillage,2030,110,11,11,0.0
11268,spillage,2030,110,12,12,0.0
11269,spillage,2030,110,13,13,0.0
11270,spillage,2030,110,14,14,0.0
11271,spillage,2030,110,15,15,0.0
11272,spillage,2030,110,16,16,0.0
11273,spillage,2030,110,17,17,0.0
11274,spillage,2030,110,18,18,0.0
11275,spillage,2030,110,19,19,0.0
11276,spillage,2030,110,20,20,0.0
11277,spillage,2030,110,21,21,0.0
11278,spillage,2030,110,22,22,0.0
11279,spillage,2030,110,23,23,0.0
11280,spillage,2030,110,24,24,0.0
11281,spillage,2030,111,1,1,0.0
11282,spillage,2030,111,2,2,0.0
11283,spillage,2030,111,3,3,0.0
11284,spillage,2030,111,4,4,0.0
11285,spillage,2030,111,5,5,0.0
11286,spillage,2030,111,6,6,0.0
11287,spillage,2030,111,7,7,0.0
11288,spillage,2030,111,8,8,0.0
11289,spillage,2030,111,9,9,0.0
11290,spillage,2030,111,10,10,0.0
11291,spillage,2030,111,11,11,0.0
11292,spillage,2030,111,12,12,0.0
11293,spillage,2030,111,13,13,0.0
11294,spillage,2030,111,14,14,0.0
11295,spillage,2030,111,15,15,0.0
11296,spillage,2030,111,16,16,0.0
11297,spillage,2030,111,17,17,0.0
11298,spillage,2030,111,18,18,0.0
11299,spillage,2030,111,19,19,0.0
11300,spillage,2030,111,20,20,0.0
11301,spillage,2030,111,21,21,0.0
11302,spillage,2030,111,22,22,0.0
11303,spillage,2030,111,23,23,0.0
11304,spillage,2030,111,24,24,0.0
11305,spillage,2030,112,1,1,0.0
11306,spillage,2030,112,2,2,0.0
11307,spillage,2030,112,3,3,0.0
11308,spillage,2030,112,4,4,0.0
11309,spillage,2030,112,5,5,0.0
11310,spillage,2030,112,6,6,0.0
11311,spillage,2030,112,7,7,0.0
11312,spillage,2030,112,8,8,0.0
11313,spillage,2030,112,9,9,0.0
11314,spillage,2030,112,10,10,0.0
11315,spillage,2030,112,11,11,0.0
11316,spillage,2030,112,12,12,0.0
11317,spillage,2030,112,13,13,0.0
11318,spillage,2030,112,14,14,0.0
11319,spillage,2030,112,15,15,0.0
11320,spillage,2030,112,16,16,0.0
11321,spillage,2030,112,17,17,0.0
11322,spillage,2030,112,18,18,0.0
11323,spillage,2030,112,19,19,0.0
11324,spillage,2030,112,20,20,0.0
11325,spillage,2030,112,21,21,0.0
11326,spillage,2030,112,22,22,0.0
11327,spillage,2030,112,23,23,0.0
11328,spillage,2030,112,24,24,0.0
11329,spillage,2030,113,1,1,0.0
11330,spillage,2030,113,2,2,0.0
11331,spillage,2030,113,3,3,0.0
11332,spillage,2030,113,4,4,0.0
11333,spillage,2030,113,5,5,0.0
11334,spillage,2030,113,6,6,0.0
11335,spillage,2030,113,7,7,0.0
11336,spillage,2030,113,8,8,0.0
11337,spillage,2030,113,9,9,0.0
11338,spillage,2030,113,10,10,0.0
11339,spillage,2030,113,11,11,0.0
11340,spillage,2030,113,12,12,0.0
11341,spillage,2030,113,13,13,0.0
11342,spillage,2030,113,14,14,0.0
11343,spillage,2030,113,15,15,0.0
11344,spillage,2030,113,16,16,0.0
11345,spillage,2030,113,17,17,0.0
11346,spillage,2030,113,18,18,0.0
11347,spillage,2030,113,19,19,0.0
11348,spillage,2030,113,20,20,0.0
11349,spillage,2030,113,21,21,0.0
11350,spillage,2030,113,22,22,0.0
11351,spillage,2030,113,23,23,0.0
11352,spillage,2030,113,24,24,0.0
11353,spillage,2030,114,1,1,0.0
11354,spillage,2030,114,2,2,0.0
11355,spillage,2030,114,3,3,0.0
11356,spillage,2030,114,4,4,0.0
11357,spillage,2030,114,5,5,0.0
11358,spillage,2030,114,6,6,0.0
11359,spillage,2030,114,7,7,0.0
11360,spillage,2030,114,8,8,0.0
11361,spillage,2030,114,9,9,0.0
11362,spillage,2030,114,10,10,0.0
11363,spillage,2030,114,11,11,0.0
11364,spillage,2030,114,12,12,0.0
11365,spillage,2030,114,13,13,0.0
11366,spillage,2030,114,14,14,0.0
11367,spillage,2030,114,15,15,0.0
11368,spillage,2030,114,16,16,0.0
11369,spillage,2030,114,17,17,0.0
11370,spillage,2030,114,18,18,0.0
11371,spillage,2030,114,19,19,0.0
11372,spillage,2030,114,20,20,0.0
11373,spillage,2030,114,21,21,0.0
11374,spillage,2030,114,22,22,0.0
11375,spillage,2030,114,23,23,0.0
11376,spillage,2030,114,24,24,0.0
11377,spillage,2030,115,1,1,0.0
11378,spillage,2030,115,2,2,0.0
11379,spillage,2030,115,3,3,0.0
11380,spillage,2030,115,4,4,0.0
11381,spillage,2030,115,5,5,0.0
11382,spillage,2030,115,6,6,0.0
11383,spillage,2030,115,7,7,0.0
11384,spillage,2030,115,8,8,0.0
11385,spillage,2030,115,9,9,0.0
11386,spillage,2030,115,10,10,0.0
11387,spillage,2030,115,11,11,0.0
11388,spillage,2030,115,12,12,0.0
11389,spillage,2030,115,13,13,0.0
11390,spillage,2030,115,14,14,0.0
11391,spillage,2030,115,15,15,0.0
11392,spillage,2030,115,16,16,0.0
11393,spillage,2030,115,17,17,0.0
11394,spillage,2030,115,18,18,0.0
11395,spillage,2030,115,19,19,0.0
11396,spillage,2030,115,20,20,0.0
11397,spillage,2030,115,21,21,0.0
11398,spillage,2030,115,22,22,0.0
11399,spillage,2030,115,23,23,0.0
11400,spillage,2030,115,24,24,0.0
11401,spillage,2030,116,1,1,0.0
11402,spillage,2030,116,2,2,0.0
11403,spillage,2030,116,3,3,0.0
11404,spillage,2030,116,4,4,0.0
11405,spillage,2030,116,5,5,0.0
11406,spillage,2030,116,6,6,0.0
11407,spillage,2030,116,7,7,0.0
11408,spillage,2030,116,8,8,0.0
11409,spillage,2030,116,9,9,0.0
11410,spillage,2030,116,10,10,0.0
11411,spillage,2030,116,11,11,0.0
11412,spillage,2030,116,12,12,0.0
11413,spillage,2030,116,13,13,0.0
11414,spillage,2030,116,14,14,0.0
11415,spillage,2030,116,15,15,0.0
11416,spillage,2030,116,16,16,0.0
11417,spillage,2030,116,17,17,0.0
11418,spillage,2030,116,18,18,0.0
11419,spillage,2030,116,19,19,0.0
11420,spillage,2030,116,20,20,0.0
11421,spillage,2030,116,21,21,0.0
11422,spillage,2030,116,22,22,0.0
11423,spillage,2030,116,23,23,0.0
11424,spillage,2030,116,24,24,0.0
11425,spillage,2030,117,1,1,0.0
11426,spillage,2030,117,2,2,0.0
11427,spillage,2030,117,3,3,0.0
11428,spillage,2030,117,4,4,0.0
11429,spillage,2030,117,5,5,0.0
11430,spillage,2030,117,6,6,0.0
11431,spillage,2030,117,7,7,0.0
11432,spillage,2030,117,8,8,0.0
11433,spillage,2030,117,9,9,0.0
11434,spillage,2030,117,10,10,0.0
11435,spillage,2030,117,11,11,0.0
11436,spillage,2030,117,12,12,0.0
11437,spillage,2030,117,13,13,0.0
11438,spillage,2030,117,14,14,0.0
11439,spillage,2030,117,15,15,0.0
11440,spillage,2030,117,16,16,0.0
11441,spillage,2030,117,17,17,0.0
11442,spillage,2030,117,18,18,0.0
11443,spillage,2030,117,19,19,0.0
11444,spillage,2030,117,20,20,0.0
11445,spillage,2030,117,21,21,0.0
11446,spillage,2030,117,22,22,0.0
11447,spillage,2030,117,23,23,0.0
11448,spillage,2030,117,24,24,0.0
11449,spillage,2030,118,1,1,0.0
11450,spillage,2030,118,2,2,0.0
11451,spillage,2030,118,3,3,0.0
11452,spillage,2030,118,4,4,0.0
11453,spillage,2030,118,5,5,0.0
11454,spillage,2030,118,6,6,0.0
11455,spillage,2030,118,7,7,0.0
11456,spillage,2030,118,8,8,0.0
11457,spillage,2030,118,9,9,0.0
11458,spillage,2030,118,10,10,0.0
11459,spillage,2030,118,11,11,0.0
11460,spillage,2030,118,12,12,0.0
11461,spillage,2030,118,13,13,0.0
11462,spillage,2030,118,14,14,0.0
11463,spillage,2030,118,15,15,0.0
11464,spillage,2030,118,16,16,0.0
11465,spillage,2030,118,17,17,0.0
11466,spillage,2030,118,18,18,0.0
11467,spillage,2030,118,19,19,0.0
11468,spillage,2030,118,20,20,0.0
11469,spillage,2030,118,21,21,0.0
11470,spillage,2030,118,22,22,0.0
11471,spillage,2030,118,23,23,0.0
11472,spillage,2030,118,24,24,0.0
11473,spillage,2030,119,1,1,0.0
11474,spillage,2030,119,2,2,0.0
11475,spillage,2030,119,3,3,0.0
11476,spillage,2030,119,4,4,0.0
11477,spillage,2030,119,5,5,0.0
11478,spillage,2030,119,6,6,0.0
11479,spillage,2030,119,7,7,0.0
11480,spillage,2030,119,8,8,0.0
11481,spillage,2030,119,9,9,0.0
11482,spillage,2030,119,10,10,0.0
11483,spillage,2030,119,11,11,0.0
11484,spillage,2030,119,12,12,0.0
11485,spillage,2030,119,13,13,0.0
11486,spillage,2030,119,14,14,0.0
11487,spillage,2030,119,15,15,0.0
11488,spillage,2030,119,16,16,0.0
11489,spillage,2030,119,17,17,0.0
11490,spillage,2030,119,18,18,0.0
11491,spillage,2030,119,19,19,0.0
11492,spillage,2030,119,20,20,0.0
11493,spillage,2030,119,21,21,0.0
11494,spillage,2030,119,22,22,0.0
11495,spillage,2030,119,23,23,0.0
11496,spillage,2030,119,24,24,0.0
11497,spillage,2030,120,1,1,0.0
11498,spillage,2030,120,2,2,0.0
11499,spillage,2030,120,3,3,0.0
11500,spillage,2030,120,4,4,0.0
11501,spillage,2030,120,5,5,0.0
11502,spillage,2030,120,6,6,0.0
11503,spillage,2030,120,7,7,0.0
11504,spillage,2030,120,8,8,0.0
11505,spillage,2030,120,9,9,0.0
11506,spillage,2030,120,10,10,0.0
11507,spillage,2030,120,11,11,0.0
11508,spillage,2030,120,12,12,0.0
11509,spillage,2030,120,13,13,0.0
11510,spillage,2030,120,14,14,0.0
11511,spillage,2030,120,15,15,0.0
11512,spillage,2030,120,16,16,0.0
11513,spillage,2030,120,17,17,0.0
11514,spillage,2030,120,18,18,0.0
11515,spillage,2030,120,19,19,0.0
11516,spillage,2030,120,20,20,0.0
11517,spillage,2030,120,21,21,0.0
11518,spillage,2030,120,22,22,0.0
11519,spillage,2030,120,23,23,0.0
11520,spillage,2030,120,24,24,0.0
11521,spillage,2030,121,1,1,0.0
11522,spillage,2030,121,2,2,0.0
11523,spillage,2030,121,3,3,0.0
11524,spillage,2030,121,4,4,0.0
11525,spillage,2030,121,5,5,0.0
11526,spillage,2030,121,6,6,0.0
11527,spillage,2030,121,7,7,0.0
11528,spillage,2030,121,8,8,0.0
11529,spillage,2030,121,9,9,0.0
11530,spillage,2030,121,10,10,0.0
11531,spillage,2030,121,11,11,0.0
11532,spillage,2030,121,12,12,0.0
11533,spillage,2030,121,13,13,0.0
11534,spillage,2030,121,14,14,0.0
11535,spillage,2030,121,15,15,0.0
11536,spillage,2030,121,16,16,0.0
11537,spillage,2030,121,17,17,0.0
11538,spillage,2030,121,18,18,0.0
11539,spillage,2030,121,19,19,0.0
11540,spillage,2030,121,20,20,0.0
11541,spillage,2030,121,21,21,0.0
11542,spillage,2030,121,22,22,0.0
11543,spillage,2030,121,23,23,0.0
11544,spillage,2030,121,24,24,0.0
11545,spillage,2030,122,1,1,0.0
11546,spillage,2030,122,2,2,0.0
11547,spillage,2030,122,3,3,0.0
11548,spillage,2030,122,4,4,0.0
11549,spillage,2030,122,5,5,0.0
11550,spillage,2030,122,6,6,0.0
11551,spillage,2030,122,7,7,0.0
11552,spillage,2030,122,8,8,0.0
11553,spillage,2030,122,9,9,0.0
11554,spillage,2030,122,10,10,0.0
11555,spillage,2030,122,11,11,0.0
11556,spillage,2030,122,12,12,0.0
11557,spillage,2030,122,13,13,0.0
11558,spillage,2030,122,14,14,0.0
11559,spillage,2030,122,15,15,0.0
11560,spillage,2030,122,16,16,0.0
11561,spillage,2030,122,17,17,0.0
11562,spillage,2030,122,18,18,0.0
11563,spillage,2030,122,19,19,0.0
11564,spillage,2030,122,20,20,0.0
11565,spillage,2030,122,21,21,0.0
11566,spillage,2030,122,22,22,0.0
11567,spillage,2030,122,23,23,0.0
11568,spillage,2030,122,24,24,0.0
11569,spillage,2030,123,1,1,0.0
11570,spillage,2030,123,2,2,0.0
11571,spillage,2030,123,3,3,0.0
11572,spillage,2030,123,4,4,0.0
11573,spillage,2030,123,5,5,0.0
11574,spillage,2030,123,6,6,0.0
11575,spillage,2030,123,7,7,0.0
11576,spillage,2030,123,8,8,0.0
11577,spillage,2030,123,9,9,0.0
11578,spillage,2030,123,10,10,0.0
11579,spillage,2030,123,11,11,0.0
11580,spillage,2030,123,12,12,0.0
11581,spillage,2030,123,13,13,0.0
11582,spillage,2030,123,14,14,0.0
11583,spillage,2030,123,15,15,0.0
11584,spillage,2030,123,16,16,0.0
11585,spillage,2030,123,17,17,0.0
11586,spillage,2030,123,18,18,0.0
11587,spillage,2030,123,19,19,0.0
11588,spillage,2030,123,20,20,0.0
11589,spillage,2030,123,21,21,0.0
11590,spillage,2030,123,22,22,0.0
11591,spillage,2030,123,23,23,0.0
11592,spillage,2030,123,24,24,0.0
11593,spillage,2030,124,1,1,0.0
11594,spillage,2030,124,2,2,0.0
11595,spillage,2030,124,3,3,0.0
11596,spillage,2030,124,4,4,0.0
11597,spillage,2030,124,5,5,0.0
11598,spillage,2030,124,6,6,0.0
11599,spillage,2030,124,7,7,0.0
11600,spillage,2030,124,8,8,0.0
11601,spillage,2030,124,9,9,0.0
11602,spillage,2030,124,10,10,0.0
11603,spillage,2030,124,11,11,0.0
11604,spillage,2030,124,12,12,0.0
11605,spillage,2030,124,13,13,0.0
11606,spillage,2030,124,14,14,0.0
11607,spillage,2030,124,15,15,0.0
11608,spillage,2030,124,16,16,0.0
11609,spillage,2030,124,17,17,0.0
11610,spillage,2030,124,18,18,0.0
11611,spillage,2030,124,19,19,0.0
11612,spillage,2030,124,20,20,0.0
11613,spillage,2030,124,21,21,0.0
11614,spillage,2030,124,22,22,0.0
11615,spillage,2030,124,23,23,0.0
11616,spillage,2030,124,24,24,0.0
11617,spillage,2030,125,1,1,0.0
11618,spillage,2030,125,2,2,0.0
11619,spillage,2030,125,3,3,0.0
11620,spillage,2030,125,4,4,0.0
11621,spillage,2030,125,5,5,0.0
11622,spillage,2030,125,6,6,0.0
11623,spillage,2030,125,7,7,0.0
11624,spillage,2030,125,8,8,0.0
11625,spillage,2030,125,9,9,0.0
11626,spillage,2030,125,10,10,0.0
11627,spillage,2030,125,11,11,0.0
11628,spillage,2030,125,12,12,0.0
11629,spillage,2030,125,13,13,0.0
11630,spillage,2030,125,14,14,0.0
11631,spillage,2030,125,15,15,0.0
11632,spillage,2030,125,16,16,0.0
11633,spillage,2030,125,17,17,0.0
11634,spillage,2030,125,18,18,0.0
11635,spillage,2030,125,19,19,0.0
11636,spillage,2030,125,20,20,0.0
11637,spillage,2030,125,21,21,0.0
11638,spillage,2030,125,22,22,0.0
11639,spillage,2030,125,23,23,0.0
11640,spillage,2030,125,24,24,0.0
11641,spillage,2030,126,1,1,0.0
11642,spillage,2030,126,2,2,0.0
11643,spillage,2030,126,3,3,0.0
11644,spillage,2030,126,4,4,0.0
11645,spillage,2030,126,5,5,0.0
11646,spillage,2030,126,6,6,0.0
11647,spillage,2030,126,7,7,0.0
11648,spillage,2030,126,8,8,0.0
11649,spillage,2030,126,9,9,0.0
11650,spillage,2030,126,10,10,0.0
11651,spillage,2030,126,11,11,0.0
11652,spillage,2030,126,12,12,0.0
11653,spillage,2030,126,13,13,0.0
11654,spillage,2030,126,14,14,0.0
11655,spillage,2030,126,15,15,0.0
11656,spillage,2030,126,16,16,0.0
11657,spillage,2030,126,17,17,0.0
11658,spillage,2030,126,18,18,0.0
11659,spillage,2030,126,19,19,0.0
11660,spillage,2030,126,20,20,0.0
11661,spillage,2030,126,21,21,0.0
11662,spillage,2030,126,22,22,0.0
11663,spillage,2030,126,23,23,0.0
11664,spillage,2030,126,24,24,0.0
11665,spillage,2030,127,1,1,0.0
11666,spillage,2030,127,2,2,0.0
11667,spillage,2030,127,3,3,0.0
11668,spillage,2030,127,4,4,0.0
11669,spillage,2030,127,5,5,0.0
11670,spillage,2030,127,6,6,0.0
11671,spillage,2030,127,7,7,0.0
11672,spillage,2030,127,8,8,0.0
11673,spillage,2030,127,9,9,0.0
11674,spillage,2030,127,10,10,0.0
11675,spillage,2030,127,11,11,0.0
11676,spillage,2030,127,12,12,0.0
11677,spillage,2030,127,13,13,0.0
11678,spillage,2030,127,14,14,0.0
11679,spillage,2030,127,15,15,0.0
11680,spillage,2030,127,16,16,0.0
11681,spillage,2030,127,17,17,0.0
11682,spillage,2030,127,18,18,0.0
11683,spillage,2030,127,19,19,0.0
11684,spillage,2030,127,20,20,0.0
11685,spillage,2030,127,21,21,0.0
11686,spillage,2030,127,22,22,0.0
11687,spillage,2030,127,23,23,0.0
11688,spillage,2030,127,24,24,0.0
11689,spillage,2030,128,1,1,0.0
11690,spillage,2030,128,2,2,0.0
11691,spillage,2030,128,3,3,0.0
11692,spillage,2030,128,4,4,0.0
11693,spillage,2030,128,5,5,0.0
11694,spillage,2030,128,6,6,0.0
11695,spillage,2030,128,7,7,0.0
11696,spillage,2030,128,8,8,0.0
11697,spillage,2030,128,9,9,0.0
11698,spillage,2030,128,10,10,0.0
11699,spillage,2030,128,11,11,0.0
11700,spillage,2030,128,12,12,0.0
11701,spillage,2030,128,13,13,0.0
11702,spillage,2030,128,14,14,0.0
11703,spillage,2030,128,15,15,0.0
11704,spillage,2030,128,16,16,0.0
11705,spillage,2030,128,17,17,0.0
11706,spillage,2030,128,18,18,0.0
11707,spillage,2030,128,19,19,0.0
11708,spillage,2030,128,20,20,0.0
11709,spillage,2030,128,21,21,0.0
11710,spillage,2030,128,22,22,0.0
11711,spillage,2030,128,23,23,0.0
11712,spillage,2030,128,24,24,0.0
11713,spillage,2030,129,1,1,0.0
11714,spillage,2030,129,2,2,0.0
11715,spillage,2030,129,3,3,0.0
11716,spillage,2030,129,4,4,0.0
11717,spillage,2030,129,5,5,0.0
11718,spillage,2030,129,6,6,0.0
11719,spillage,2030,129,7,7,0.0
11720,spillage,2030,129,8,8,0.0
11721,spillage,2030,129,9,9,0.0
11722,spillage,2030,129,10,10,0.0
11723,spillage,2030,129,11,11,0.0
11724,spillage,2030,129,12,12,0.0
11725,spillage,2030,129,13,13,0.0
11726,spillage,2030,129,14,14,0.0
11727,spillage,2030,129,15,15,0.0
11728,spillage,2030,129,16,16,0.0
11729,spillage,2030,129,17,17,0.0
11730,spillage,2030,129,18,18,0.0
11731,spillage,2030,129,19,19,0.0
11732,spillage,2030,129,20,20,0.0
11733,spillage,2030,129,21,21,0.0
11734,spillage,2030,129,22,22,0.0
11735,spillage,2030,129,23,23,0.0
11736,spillage,2030,129,24,24,0.0
11737,spillage,2030,130,1,1,0.0
11738,spillage,2030,130,2,2,0.0
11739,spillage,2030,130,3,3,0.0
11740,spillage,2030,130,4,4,0.0
11741,spillage,2030,130,5,5,0.0
11742,spillage,2030,130,6,6,0.0
11743,spillage,2030,130,7,7,0.0
11744,spillage,2030,130,8,8,0.0
11745,spillage,2030,130,9,9,0.0
11746,spillage,2030,130,10,10,0.0
11747,spillage,2030,130,11,11,0.0
11748,spillage,2030,130,12,12,0.0
11749,spillage,2030,130,13,13,0.0
11750,spillage,2030,130,14,14,0.0
11751,spillage,2030,130,15,15,0.0
11752,spillage,2030,130,16,16,0.0
11753,spillage,2030,130,17,17,0.0
11754,spillage,2030,130,18,18,0.0
11755,spillage,2030,130,19,19,0.0
11756,spillage,2030,130,20,20,0.0
11757,spillage,2030,130,21,21,0.0
11758,spillage,2030,130,22,22,0.0
11759,spillage,2030,130,23,23,0.0
11760,spillage,2030,130,24,24,0.0
11761,spillage,2030,131,1,1,0.0
11762,spillage,2030,131,2,2,0.0
11763,spillage,2030,131,3,3,0.0
11764,spillage,2030,131,4,4,0.0
11765,spillage,2030,131,5,5,0.0
11766,spillage,2030,131,6,6,0.0
11767,spillage,2030,131,7,7,0.0
11768,spillage,2030,131,8,8,0.0
11769,spillage,2030,131,9,9,0.0
11770,spillage,2030,131,10,10,0.0
11771,spillage,2030,131,11,11,0.0
11772,spillage,2030,131,12,12,0.0
11773,spillage,2030,131,13,13,0.0
11774,spillage,2030,131,14,14,0.0
11775,spillage,2030,131,15,15,0.0
11776,spillage,2030,131,16,16,0.0
11777,spillage,2030,131,17,17,0.0
11778,spillage,2030,131,18,18,0.0
11779,spillage,2030,131,19,19,0.0
11780,spillage,2030,131,20,20,0.0
11781,spillage,2030,131,21,21,0.0
11782,spillage,2030,131,22,22,0.0
11783,spillage,2030,131,23,23,0.0
11784,spillage,2030,131,24,24,0.0
11785,spillage,2030,132,1,1,0.0
11786,spillage,2030,132,2,2,0.0
11787,spillage,2030,132,3,3,0.0
11788,spillage,2030,132,4,4,0.0
11789,spillage,2030,132,5,5,0.0
11790,spillage,2030,132,6,6,0.0
11791,spillage,2030,132,7,7,0.0
11792,spillage,2030,132,8,8,0.0
11793,spillage,2030,132,9,9,0.0
11794,spillage,2030,132,10,10,0.0
11795,spillage,2030,132,11,11,0.0
11796,spillage,2030,132,12,12,0.0
11797,spillage,2030,132,13,13,0.0
11798,spillage,2030,132,14,14,0.0
11799,spillage,2030,132,15,15,0.0
11800,spillage,2030,132,16,16,0.0
11801,spillage,2030,132,17,17,0.0
11802,spillage,2030,132,18,18,0.0
11803,spillage,2030,132,19,19,0.0
11804,spillage,2030,132,20,20,0.0
11805,spillage,2030,132,21,21,0.0
11806,spillage,2030,132,22,22,0.0
11807,spillage,2030,132,23,23,0.0
11808,spillage,2030,132,24,24,0.0
11809,spillage,2030,133,1,1,0.0
11810,spillage,2030,133,2,2,0.0
11811,spillage,2030,133,3,3,0.0
11812,spillage,2030,133,4,4,0.0
11813,spillage,2030,133,5,5,0.0
11814,spillage,2030,133,6,6,0.0
11815,spillage,2030,133,7,7,0.0
11816,spillage,2030,133,8,8,0.0
11817,spillage,2030,133,9,9,0.0
11818,spillage,2030,133,10,10,0.0
11819,spillage,2030,133,11,11,0.0
11820,spillage,2030,133,12,12,0.0
11821,spillage,2030,133,13,13,0.0
11822,spillage,2030,133,14,14,0.0
11823,spillage,2030,133,15,15,0.0
11824,spillage,2030,133,16,16,0.0
11825,spillage,2030,133,17,17,0.0
11826,spillage,2030,133,18,18,0.0
11827,spillage,2030,133,19,19,0.0
11828,spillage,2030,133,20,20,0.0
11829,spillage,2030,133,21,21,0.0
11830,spillage,2030,133,22,22,0.0
11831,spillage,2030,133,23,23,0.0
11832,spillage,2030,133,24,24,0.0
11833,spillage,2030,134,1,1,0.0
11834,spillage,2030,134,2,2,0.0
11835,spillage,2030,134,3,3,0.0
11836,spillage,2030,134,4,4,0.0
11837,spillage,2030,134,5,5,0.0
11838,spillage,2030,134,6,6,0.0
11839,spillage,2030,134,7,7,0.0
11840,spillage,2030,134,8,8,0.0
11841,spillage,2030,134,9,9,0.0
11842,spillage,2030,134,10,10,0.0
11843,spillage,2030,134,11,11,0.0
11844,spillage,2030,134,12,12,0.0
11845,spillage,2030,134,13,13,0.0
11846,spillage,2030,134,14,14,0.0
11847,spillage,2030,134,15,15,0.0
11848,spillage,2030,134,16,16,0.0
11849,spillage,2030,134,17,17,0.0
11850,spillage,2030,134,18,18,0.0
11851,spillage,2030,134,19,19,0.0
11852,spillage,2030,134,20,20,0.0
11853,spillage,2030,134,21,21,0.0
11854,spillage,2030,134,22,22,0.0
11855,spillage,2030,134,23,23,0.0
11856,spillage,2030,134,24,24,0.0
11857,spillage,2030,135,1,1,0.0
11858,spillage,2030,135,2,2,0.0
11859,spillage,2030,135,3,3,0.0
11860,spillage,2030,135,4,4,0.0
11861,spillage,2030,135,5,5,0.0
11862,spillage,2030,135,6,6,0.0
11863,spillage,2030,135,7,7,0.0
11864,spillage,2030,135,8,8,0.0
11865,spillage,2030,135,9,9,0.0
11866,spillage,2030,135,10,10,0.0
11867,spillage,2030,135,11,11,0.0
11868,spillage,2030,135,12,12,0.0
11869,spillage,2030,135,13,13,0.0
11870,spillage,2030,135,14,14,0.0
11871,spillage,2030,135,15,15,0.0
11872,spillage,2030,135,16,16,0.0
11873,spillage,2030,135,17,17,0.0
11874,spillage,2030,135,18,18,0.0
11875,spillage,2030,135,19,19,0.0
11876,spillage,2030,135,20,20,0.0
11877,spillage,2030,135,21,21,0.0
11878,spillage,2030,135,22,22,0.0
11879,spillage,2030,135,23,23,0.0
11880,spillage,2030,135,24,24,0.0
11881,spillage,2030,136,1,1,0.0
11882,spillage,2030,136,2,2,0.0
11883,spillage,2030,136,3,3,0.0
11884,spillage,2030,136,4,4,0.0
11885,spillage,2030,136,5,5,0.0
11886,spillage,2030,136,6,6,0.0
11887,spillage,2030,136,7,7,0.0
11888,spillage,2030,136,8,8,0.0
11889,spillage,2030,136,9,9,0.0
11890,spillage,2030,136,10,10,0.0
11891,spillage,2030,136,11,11,0.0
11892,spillage,2030,136,12,12,0.0
11893,spillage,2030,136,13,13,0.0
11894,spillage,2030,136,14,14,0.0
11895,spillage,2030,136,15,15,0.0
11896,spillage,2030,136,16,16,0.0
11897,spillage,2030,136,17,17,0.0
11898,spillage,2030,136,18,18,0.0
11899,spillage,2030,136,19,19,0.0
11900,spillage,2030,136,20,20,0.0
11901,spillage,2030,136,21,21,0.0
11902,spillage,2030,136,22,22,0.0
11903,spillage,2030,136,23,23,0.0
11904,spillage,2030,136,24,24,0.0
11905,spillage,2030,137,1,1,0.0
11906,spillage,2030,137,2,2,0.0
11907,spillage,2030,137,3,3,0.0
11908,spillage,2030,137,4,4,0.0
11909,spillage,2030,137,5,5,0.0
11910,spillage,2030,137,6,6,0.0
11911,spillage,2030,137,7,7,0.0
11912,spillage,2030,137,8,8,0.0
11913,spillage,2030,137,9,9,0.0
11914,spillage,2030,137,10,10,0.0
11915,spillage,2030,137,11,11,0.0
11916,spillage,2030,137,12,12,0.0
11917,spillage,2030,137,13,13,0.0
11918,spillage,2030,137,14,14,0.0
11919,spillage,2030,137,15,15,0.0
11920,spillage,2030,137,16,16,0.0
11921,spillage,2030,137,17,17,0.0
11922,spillage,2030,137,18,18,0.0
11923,spillage,2030,137,19,19,0.0
11924,spillage,2030,137,20,20,0.0
11925,spillage,2030,137,21,21,0.0
11926,spillage,2030,137,22,22,0.0
11927,spillage,2030,137,23,23,0.0
11928,spillage,2030,137,24,24,0.0
11929,spillage,2030,138,1,1,0.0
11930,spillage,2030,138,2,2,0.0
11931,spillage,2030,138,3,3,0.0
11932,spillage,2030,138,4,4,0.0
11933,spillage,2030,138,5,5,0.0
11934,spillage,2030,138,6,6,0.0
11935,spillage,2030,138,7,7,0.0
11936,spillage,2030,138,8,8,0.0
11937,spillage,2030,138,9,9,0.0
11938,spillage,2030,138,10,10,0.0
11939,spillage,2030,138,11,11,0.0
11940,spillage,2030,138,12,12,0.0
11941,spillage,2030,138,13,13,0.0
11942,spillage,2030,138,14,14,0.0
11943,spillage,2030,138,15,15,0.0
11944,spillage,2030,138,16,16,0.0
11945,spillage,2030,138,17,17,0.0
11946,spillage,2030,138,18,18,0.0
11947,spillage,2030,138,19,19,0.0
11948,spillage,2030,138,20,20,0.0
11949,spillage,2030,138,21,21,0.0
11950,spillage,2030,138,22,22,0.0
11951,spillage,2030,138,23,23,0.0
11952,spillage,2030,138,24,24,0.0
11953,spillage,2030,139,1,1,0.0
11954,spillage,2030,139,2,2,0.0
11955,spillage,2030,139,3,3,0.0
11956,spillage,2030,139,4,4,0.0
11957,spillage,2030,139,5,5,0.0
11958,spillage,2030,139,6,6,0.0
11959,spillage,2030,139,7,7,0.0
11960,spillage,2030,139,8,8,0.0
11961,spillage,2030,139,9,9,0.0
11962,spillage,2030,139,10,10,0.0
11963,spillage,2030,139,11,11,0.0
11964,spillage,2030,139,12,12,0.0
11965,spillage,2030,139,13,13,0.0
11966,spillage,2030,139,14,14,0.0
11967,spillage,2030,139,15,15,0.0
11968,spillage,2030,139,16,16,0.0
11969,spillage,2030,139,17,17,0.0
11970,spillage,2030,139,18,18,0.0
11971,spillage,2030,139,19,19,0.0
11972,spillage,2030,139,20,20,0.0
11973,spillage,2030,139,21,21,0.0
11974,spillage,2030,139,22,22,0.0
11975,spillage,2030,139,23,23,0.0
11976,spillage,2030,139,24,24,0.0
11977,spillage,2030,140,1,1,0.0
11978,spillage,2030,140,2,2,0.0
11979,spillage,2030,140,3,3,0.0
11980,spillage,2030,140,4,4,0.0
11981,spillage,2030,140,5,5,0.0
11982,spillage,2030,140,6,6,0.0
11983,spillage,2030,140,7,7,0.0
11984,spillage,2030,140,8,8,0.0
11985,spillage,2030,140,9,9,0.0
11986,spillage,2030,140,10,10,0.0
11987,spillage,2030,140,11,11,0.0
11988,spillage,2030,140,12,12,0.0
11989,spillage,2030,140,13,13,0.0
11990,spillage,2030,140,14,14,0.0
11991,spillage,2030,140,15,15,0.0
11992,spillage,2030,140,16,16,0.0
11993,spillage,2030,140,17,17,0.0
11994,spillage,2030,140,18,18,0.0
11995,spillage,2030,140,19,19,0.0
11996,spillage,2030,140,20,20,0.0
11997,spillage,2030,140,21,21,0.0
11998,spillage,2030,140,22,22,0.0
11999,spillage,2030,140,23,23,0.0
12000,spillage,2030,140,24,24,0.0
12001,spillage,2030,141,1,1,0.0
12002,spillage,2030,141,2,2,0.0
12003,spillage,2030,141,3,3,0.0
12004,spillage,2030,141,4,4,0.0
12005,spillage,2030,141,5,5,0.0
12006,spillage,2030,141,6,6,0.0
12007,spillage,2030,141,7,7,0.0
12008,spillage,2030,141,8,8,0.0
12009,spillage,2030,141,9,9,0.0
12010,spillage,2030,141,10,10,0.0
12011,spillage,2030,141,11,11,0.0
12012,spillage,2030,141,12,12,0.0
12013,spillage,2030,141,13,13,0.0
12014,spillage,2030,141,14,14,0.0
12015,spillage,2030,141,15,15,0.0
12016,spillage,2030,141,16,16,0.0
12017,spillage,2030,141,17,17,0.0
12018,spillage,2030,141,18,18,0.0
12019,spillage,2030,141,19,19,0.0
12020,spillage,2030,141,20,20,0.0
12021,spillage,2030,141,21,21,0.0
12022,spillage,2030,141,22,22,0.0
12023,spillage,2030,141,23,23,0.0
12024,spillage,2030,141,24,24,0.0
12025,spillage,2030,142,1,1,0.0
12026,spillage,2030,142,2,2,0.0
12027,spillage,2030,142,3,3,0.0
12028,spillage,2030,142,4,4,0.0
12029,spillage,2030,142,5,5,0.0
12030,spillage,2030,142,6,6,0.0
12031,spillage,2030,142,7,7,0.0
12032,spillage,2030,142,8,8,0.0
12033,spillage,2030,142,9,9,0.0
12034,spillage,2030,142,10,10,0.0
12035,spillage,2030,142,11,11,0.0
12036,spillage,2030,142,12,12,0.0
12037,spillage,2030,142,13,13,0.0
12038,spillage,2030,142,14,14,0.0
12039,spillage,2030,142,15,15,0.0
12040,spillage,2030,142,16,16,0.0
12041,spillage,2030,142,17,17,0.0
12042,spillage,2030,142,18,18,0.0
12043,spillage,2030,142,19,19,0.0
12044,spillage,2030,142,20,20,0.0
12045,spillage,2030,142,21,21,0.0
12046,spillage,2030,142,22,22,0.0
12047,spillage,2030,142,23,23,0.0
12048,spillage,2030,142,24,24,0.0
12049,spillage,2030,143,1,1,0.0
12050,spillage,2030,143,2,2,0.0
12051,spillage,2030,143,3,3,0.0
12052,spillage,2030,143,4,4,0.0
12053,spillage,2030,143,5,5,0.0
12054,spillage,2030,143,6,6,0.0
12055,spillage,2030,143,7,7,0.0
12056,spillage,2030,143,8,8,0.0
12057,spillage,2030,143,9,9,0.0
12058,spillage,2030,143,10,10,0.0
12059,spillage,2030,143,11,11,0.0
12060,spillage,2030,143,12,12,0.0
12061,spillage,2030,143,13,13,0.0
12062,spillage,2030,143,14,14,0.0
12063,spillage,2030,143,15,15,0.0
12064,spillage,2030,143,16,16,0.0
12065,spillage,2030,143,17,17,0.0
12066,spillage,2030,143,18,18,0.0
12067,spillage,2030,143,19,19,0.0
12068,spillage,2030,143,20,20,0.0
12069,spillage,2030,143,21,21,0.0
12070,spillage,2030,143,22,22,0.0
12071,spillage,2030,143,23,23,0.0
12072,spillage,2030,143,24,24,0.0
12073,spillage,2030,144,1,1,0.0
12074,spillage,2030,144,2,2,0.0
12075,spillage,2030,144,3,3,0.0
12076,spillage,2030,144,4,4,0.0
12077,spillage,2030,144,5,5,0.0
12078,spillage,2030,144,6,6,0.0
12079,spillage,2030,144,7,7,0.0
12080,spillage,2030,144,8,8,0.0
12081,spillage,2030,144,9,9,0.0
12082,spillage,2030,144,10,10,0.0
12083,spillage,2030,144,11,11,0.0
12084,spillage,2030,144,12,12,0.0
12085,spillage,2030,144,13,13,0.0
12086,spillage,2030,144,14,14,0.0
12087,spillage,2030,144,15,15,0.0
12088,spillage,2030,144,16,16,0.0
12089,spillage,2030,144,17,17,0.0
12090,spillage,2030,144,18,18,0.0
12091,spillage,2030,144,19,19,0.0
12092,spillage,2030,144,20,20,0.0
12093,spillage,2030,144,21,21,0.0
12094,spillage,2030,144,22,22,0.0
12095,spillage,2030,144,23,23,0.0
12096,spillage,2030,144,24,24,0.0
12097,spillage,2030,145,1,1,0.0
12098,spillage,2030,145,2,2,0.0
12099,spillage,2030,145,3,3,0.0
12100,spillage,2030,145,4,4,0.0
12101,spillage,2030,145,5,5,0.0
12102,spillage,2030,145,6,6,0.0
12103,spillage,2030,145,7,7,0.0
12104,spillage,2030,145,8,8,0.0
12105,spillage,2030,145,9,9,0.0
12106,spillage,2030,145,10,10,0.0
12107,spillage,2030,145,11,11,0.0
12108,spillage,2030,145,12,12,0.0
12109,spillage,2030,145,13,13,0.0
12110,spillage,2030,145,14,14,0.0
12111,spillage,2030,145,15,15,0.0
12112,spillage,2030,145,16,16,0.0
12113,spillage,2030,145,17,17,0.0
12114,spillage,2030,145,18,18,0.0
12115,spillage,2030,145,19,19,0.0
12116,spillage,2030,145,20,20,0.0
12117,spillage,2030,145,21,21,0.0
12118,spillage,2030,145,22,22,0.0
12119,spillage,2030,145,23,23,0.0
12120,spillage,2030,145,24,24,0.0
12121,spillage,2030,146,1,1,0.0
12122,spillage,2030,146,2,2,0.0
12123,spillage,2030,146,3,3,0.0
12124,spillage,2030,146,4,4,0.0
12125,spillage,2030,146,5,5,0.0
12126,spillage,2030,146,6,6,0.0
12127,spillage,2030,146,7,7,0.0
12128,spillage,2030,146,8,8,0.0
12129,spillage,2030,146,9,9,0.0
12130,spillage,2030,146,10,10,0.0
12131,spillage,2030,146,11,11,0.0
12132,spillage,2030,146,12,12,0.0
12133,spillage,2030,146,13,13,0.0
12134,spillage,2030,146,14,14,0.0
12135,spillage,2030,146,15,15,0.0
12136,spillage,2030,146,16,16,0.0
12137,spillage,2030,146,17,17,0.0
12138,spillage,2030,146,18,18,0.0
12139,spillage,2030,146,19,19,0.0
12140,spillage,2030,146,20,20,0.0
12141,spillage,2030,146,21,21,0.0
12142,spillage,2030,146,22,22,0.0
12143,spillage,2030,146,23,23,0.0
12144,spillage,2030,146,24,24,0.0
12145,spillage,2030,147,1,1,0.0
12146,spillage,2030,147,2,2,0.0
12147,spillage,2030,147,3,3,0.0
12148,spillage,2030,147,4,4,0.0
12149,spillage,2030,147,5,5,0.0
12150,spillage,2030,147,6,6,0.0
12151,spillage,2030,147,7,7,0.0
12152,spillage,2030,147,8,8,0.0
12153,spillage,2030,147,9,9,0.0
12154,spillage,2030,147,10,10,0.0
12155,spillage,2030,147,11,11,0.0
12156,spillage,2030,147,12,12,0.0
12157,spillage,2030,147,13,13,0.0
12158,spillage,2030,147,14,14,0.0
12159,spillage,2030,147,15,15,0.0
12160,spillage,2030,147,16,16,0.0
12161,spillage,2030,147,17,17,0.0
12162,spillage,2030,147,18,18,0.0
12163,spillage,2030,147,19,19,0.0
12164,spillage,2030,147,20,20,0.0
12165,spillage,2030,147,21,21,0.0
12166,spillage,2030,147,22,22,0.0
12167,spillage,2030,147,23,23,0.0
12168,spillage,2030,147,24,24,0.0
12169,spillage,2030,148,1,1,0.0
12170,spillage,2030,148,2,2,0.0
12171,spillage,2030,148,3,3,0.0
12172,spillage,2030,148,4,4,0.0
12173,spillage,2030,148,5,5,0.0
12174,spillage,2030,148,6,6,0.0
12175,spillage,2030,148,7,7,0.0
12176,spillage,2030,148,8,8,0.0
12177,spillage,2030,148,9,9,0.0
12178,spillage,2030,148,10,10,0.0
12179,spillage,2030,148,11,11,0.0
12180,spillage,2030,148,12,12,0.0
12181,spillage,2030,148,13,13,0.0
12182,spillage,2030,148,14,14,0.0
12183,spillage,2030,148,15,15,0.0
12184,spillage,2030,148,16,16,0.0
12185,spillage,2030,148,17,17,0.0
12186,spillage,2030,148,18,18,0.0
12187,spillage,2030,148,19,19,0.0
12188,spillage,2030,148,20,20,0.0
12189,spillage,2030,148,21,21,0.0
12190,spillage,2030,148,22,22,0.0
12191,spillage,2030,148,23,23,0.0
12192,spillage,2030,148,24,24,0.0
12193,spillage,2030,149,1,1,0.0
12194,spillage,2030,149,2,2,0.0
12195,spillage,2030,149,3,3,0.0
12196,spillage,2030,149,4,4,0.0
12197,spillage,2030,149,5,5,0.0
12198,spillage,2030,149,6,6,0.0
12199,spillage,2030,149,7,7,0.0
12200,spillage,2030,149,8,8,0.0
12201,spillage,2030,149,9,9,0.0
12202,spillage,2030,149,10,10,0.0
12203,spillage,2030,149,11,11,0.0
12204,spillage,2030,149,12,12,0.0
12205,spillage,2030,149,13,13,0.0
12206,spillage,2030,149,14,14,0.0
12207,spillage,2030,149,15,15,0.0
12208,spillage,2030,149,16,16,0.0
12209,spillage,2030,149,17,17,0.0
12210,spillage,2030,149,18,18,0.0
12211,spillage,2030,149,19,19,0.0
12212,spillage,2030,149,20,20,0.0
12213,spillage,2030,149,21,21,0.0
12214,spillage,2030,149,22,22,0.0
12215,spillage,2030,149,23,23,0.0
12216,spillage,2030,149,24,24,0.0
12217,spillage,2030,150,1,1,0.0
12218,spillage,2030,150,2,2,0.0
12219,spillage,2030,150,3,3,0.0
12220,spillage,2030,150,4,4,0.0
12221,spillage,2030,150,5,5,0.0
12222,spillage,2030,150,6,6,0.0
12223,spillage,2030,150,7,7,0.0
12224,spillage,2030,150,8,8,0.0
12225,spillage,2030,150,9,9,0.0
12226,spillage,2030,150,10,10,0.0
12227,spillage,2030,150,11,11,0.0
12228,spillage,2030,150,12,12,0.0
12229,spillage,2030,150,13,13,0.0
12230,spillage,2030,150,14,14,0.0
12231,spillage,2030,150,15,15,0.0
12232,spillage,2030,150,16,16,0.0
12233,spillage,2030,150,17,17,0.0
12234,spillage,2030,150,18,18,0.0
12235,spillage,2030,150,19,19,0.0
12236,spillage,2030,150,20,20,0.0
12237,spillage,2030,150,21,21,0.0
12238,spillage,2030,150,22,22,0.0
12239,spillage,2030,150,23,23,0.0
12240,spillage,2030,150,24,24,0.0
12241,spillage,2030,151,1,1,0.0
12242,spillage,2030,151,2,2,0.0
12243,spillage,2030,151,3,3,0.0
12244,spillage,2030,151,4,4,0.0
12245,spillage,2030,151,5,5,0.0
12246,spillage,2030,151,6,6,0.0
12247,spillage,2030,151,7,7,0.0
12248,spillage,2030,151,8,8,0.0
12249,spillage,2030,151,9,9,0.0
12250,spillage,2030,151,10,10,0.0
12251,spillage,2030,151,11,11,0.0
12252,spillage,2030,151,12,12,0.0
12253,spillage,2030,151,13,13,0.0
12254,spillage,2030,151,14,14,0.0
12255,spillage,2030,151,15,15,0.0
12256,spillage,2030,151,16,16,0.0
12257,spillage,2030,151,17,17,0.0
12258,spillage,2030,151,18,18,0.0
12259,spillage,2030,151,19,19,0.0
12260,spillage,2030,151,20,20,0.0
12261,spillage,2030,151,21,21,0.0
12262,spillage,2030,151,22,22,0.0
12263,spillage,2030,151,23,23,0.0
12264,spillage,2030,151,24,24,0.0
12265,spillage,2030,152,1,1,0.0
12266,spillage,2030,152,2,2,0.0
12267,spillage,2030,152,3,3,0.0
12268,spillage,2030,152,4,4,0.0
12269,spillage,2030,152,5,5,0.0
12270,spillage,2030,152,6,6,0.0
12271,spillage,2030,152,7,7,0.0
12272,spillage,2030,152,8,8,0.0
12273,spillage,2030,152,9,9,0.0
12274,spillage,2030,152,10,10,0.0
12275,spillage,2030,152,11,11,0.0
12276,spillage,2030,152,12,12,0.0
12277,spillage,2030,152,13,13,0.0
12278,spillage,2030,152,14,14,0.0
12279,spillage,2030,152,15,15,0.0
12280,spillage,2030,152,16,16,0.0
12281,spillage,2030,152,17,17,0.0
12282,spillage,2030,152,18,18,0.0
12283,spillage,2030,152,19,19,0.0
12284,spillage,2030,152,20,20,0.0
12285,spillage,2030,152,21,21,0.0
12286,spillage,2030,152,22,22,0.0
12287,spillage,2030,152,23,23,0.0
12288,spillage,2030,152,24,24,0.0
12289,spillage,2030,153,1,1,0.0
12290,spillage,2030,153,2,2,0.0
12291,spillage,2030,153,3,3,0.0
12292,spillage,2030,153,4,4,0.0
12293,spillage,2030,153,5,5,0.0
12294,spillage,2030,153,6,6,0.0
12295,spillage,2030,153,7,7,0.0
12296,spillage,2030,153,8,8,0.0
12297,spillage,2030,153,9,9,0.0
12298,spillage,2030,153,10,10,0.0
12299,spillage,2030,153,11,11,0.0
12300,spillage,2030,153,12,12,0.0
12301,spillage,2030,153,13,13,0.0
12302,spillage,2030,153,14,14,0.0
12303,spillage,2030,153,15,15,0.0
12304,spillage,2030,153,16,16,0.0
12305,spillage,2030,153,17,17,0.0
12306,spillage,2030,153,18,18,0.0
12307,spillage,2030,153,19,19,0.0
12308,spillage,2030,153,20,20,0.0
12309,spillage,2030,153,21,21,0.0
12310,spillage,2030,153,22,22,0.0
12311,spillage,2030,153,23,23,0.0
12312,spillage,2030,153,24,24,0.0
12313,spillage,2030,154,1,1,0.0
12314,spillage,2030,154,2,2,0.0
12315,spillage,2030,154,3,3,0.0
12316,spillage,2030,154,4,4,0.0
12317,spillage,2030,154,5,5,0.0
12318,spillage,2030,154,6,6,0.0
12319,spillage,2030,154,7,7,0.0
12320,spillage,2030,154,8,8,0.0
12321,spillage,2030,154,9,9,0.0
12322,spillage,2030,154,10,10,0.0
12323,spillage,2030,154,11,11,0.0
12324,spillage,2030,154,12,12,0.0
12325,spillage,2030,154,13,13,0.0
12326,spillage,2030,154,14,14,0.0
12327,spillage,2030,154,15,15,0.0
12328,spillage,2030,154,16,16,0.0
12329,spillage,2030,154,17,17,0.0
12330,spillage,2030,154,18,18,0.0
12331,spillage,2030,154,19,19,0.0
12332,spillage,2030,154,20,20,0.0
12333,spillage,2030,154,21,21,0.0
12334,spillage,2030,154,22,22,0.0
12335,spillage,2030,154,23,23,0.0
12336,spillage,2030,154,24,24,0.0
12337,spillage,2030,155,1,1,0.0
12338,spillage,2030,155,2,2,0.0
12339,spillage,2030,155,3,3,0.0
12340,spillage,2030,155,4,4,0.0
12341,spillage,2030,155,5,5,0.0
12342,spillage,2030,155,6,6,0.0
12343,spillage,2030,155,7,7,0.0
12344,spillage,2030,155,8,8,0.0
12345,spillage,2030,155,9,9,0.0
12346,spillage,2030,155,10,10,0.0
12347,spillage,2030,155,11,11,0.0
12348,spillage,2030,155,12,12,0.0
12349,spillage,2030,155,13,13,0.0
12350,spillage,2030,155,14,14,0.0
12351,spillage,2030,155,15,15,0.0
12352,spillage,2030,155,16,16,0.0
12353,spillage,2030,155,17,17,0.0
12354,spillage,2030,155,18,18,0.0
12355,spillage,2030,155,19,19,0.0
12356,spillage,2030,155,20,20,0.0
12357,spillage,2030,155,21,21,0.0
12358,spillage,2030,155,22,22,0.0
12359,spillage,2030,155,23,23,0.0
12360,spillage,2030,155,24,24,0.0
12361,spillage,2030,156,1,1,0.0
12362,spillage,2030,156,2,2,0.0
12363,spillage,2030,156,3,3,0.0
12364,spillage,2030,156,4,4,0.0
12365,spillage,2030,156,5,5,0.0
12366,spillage,2030,156,6,6,0.0
12367,spillage,2030,156,7,7,0.0
12368,spillage,2030,156,8,8,0.0
12369,spillage,2030,156,9,9,0.0
12370,spillage,2030,156,10,10,0.0
12371,spillage,2030,156,11,11,0.0
12372,spillage,2030,156,12,12,0.0
12373,spillage,2030,156,13,13,0.0
12374,spillage,2030,156,14,14,0.0
12375,spillage,2030,156,15,15,0.0
12376,spillage,2030,156,16,16,0.0
12377,spillage,2030,156,17,17,0.0
12378,spillage,2030,156,18,18,0.0
12379,spillage,2030,156,19,19,0.0
12380,spillage,2030,156,20,20,0.0
12381,spillage,2030,156,21,21,0.0
12382,spillage,2030,156,22,22,0.0
12383,spillage,2030,156,23,23,0.0
12384,spillage,2030,156,24,24,0.0
12385,spillage,2030,157,1,1,0.0
12386,spillage,2030,157,2,2,0.0
12387,spillage,2030,157,3,3,0.0
12388,spillage,2030,157,4,4,0.0
12389,spillage,2030,157,5,5,0.0
12390,spillage,2030,157,6,6,0.0
12391,spillage,2030,157,7,7,0.0
12392,spillage,2030,157,8,8,0.0
12393,spillage,2030,157,9,9,0.0
12394,spillage,2030,157,10,10,0.0
12395,spillage,2030,157,11,11,0.0
12396,spillage,2030,157,12,12,0.0
12397,spillage,2030,157,13,13,0.0
12398,spillage,2030,157,14,14,0.0
12399,spillage,2030,157,15,15,0.0
12400,spillage,2030,157,16,16,0.0
12401,spillage,2030,157,17,17,0.0
12402,spillage,2030,157,18,18,0.0
12403,spillage,2030,157,19,19,0.0
12404,spillage,2030,157,20,20,0.0
12405,spillage,2030,157,21,21,0.0
12406,spillage,2030,157,22,22,0.0
12407,spillage,2030,157,23,23,0.0
12408,spillage,2030,157,24,24,0.0
12409,spillage,2030,158,1,1,0.0
12410,spillage,2030,158,2,2,0.0
12411,spillage,2030,158,3,3,0.0
12412,spillage,2030,158,4,4,0.0
12413,spillage,2030,158,5,5,0.0
12414,spillage,2030,158,6,6,0.0
12415,spillage,2030,158,7,7,0.0
12416,spillage,2030,158,8,8,0.0
12417,spillage,2030,158,9,9,0.0
12418,spillage,2030,158,10,10,0.0
12419,spillage,2030,158,11,11,0.0
12420,spillage,2030,158,12,12,0.0
12421,spillage,2030,158,13,13,0.0
12422,spillage,2030,158,14,14,0.0
12423,spillage,2030,158,15,15,0.0
12424,spillage,2030,158,16,16,0.0
12425,spillage,2030,158,17,17,0.0
12426,spillage,2030,158,18,18,0.0
12427,spillage,2030,158,19,19,0.0
12428,spillage,2030,158,20,20,0.0
12429,spillage,2030,158,21,21,0.0
12430,spillage,2030,158,22,22,0.0
12431,spillage,2030,158,23,23,0.0
12432,spillage,2030,158,24,24,0.0
12433,spillage,2030,159,1,1,0.0
12434,spillage,2030,159,2,2,0.0
12435,spillage,2030,159,3,3,0.0
12436,spillage,2030,159,4,4,0.0
12437,spillage,2030,159,5,5,0.0
12438,spillage,2030,159,6,6,0.0
12439,spillage,2030,159,7,7,0.0
12440,spillage,2030,159,8,8,0.0
12441,spillage,2030,159,9,9,0.0
12442,spillage,2030,159,10,10,0.0
12443,spillage,2030,159,11,11,0.0
12444,spillage,2030,159,12,12,0.0
12445,spillage,2030,159,13,13,0.0
12446,spillage,2030,159,14,14,0.0
12447,spillage,2030,159,15,15,0.0
12448,spillage,2030,159,16,16,0.0
12449,spillage,2030,159,17,17,0.0
12450,spillage,2030,159,18,18,0.0
12451,spillage,2030,159,19,19,0.0
12452,spillage,2030,159,20,20,0.0
12453,spillage,2030,159,21,21,0.0
12454,spillage,2030,159,22,22,0.0
12455,spillage,2030,159,23,23,0.0
12456,spillage,2030,159,24,24,0.0
12457,spillage,2030,160,1,1,0.0
12458,spillage,2030,160,2,2,0.0
12459,spillage,2030,160,3,3,0.0
12460,spillage,2030,160,4,4,0.0
12461,spillage,2030,160,5,5,0.0
12462,spillage,2030,160,6,6,0.0
12463,spillage,2030,160,7,7,0.0
12464,spillage,2030,160,8,8,0.0
12465,spillage,2030,160,9,9,0.0
12466,spillage,2030,160,10,10,0.0
12467,spillage,2030,160,11,11,0.0
12468,spillage,2030,160,12,12,0.0
12469,spillage,2030,160,13,13,0.0
12470,spillage,2030,160,14,14,0.0
12471,spillage,2030,160,15,15,0.0
12472,spillage,2030,160,16,16,0.0
12473,spillage,2030,160,17,17,0.0
12474,spillage,2030,160,18,18,0.0
12475,spillage,2030,160,19,19,0.0
12476,spillage,2030,160,20,20,0.0
12477,spillage,2030,160,21,21,0.0
12478,spillage,2030,160,22,22,0.0
12479,spillage,2030,160,23,23,0.0
12480,spillage,2030,160,24,24,0.0
12481,spillage,2030,161,1,1,0.0
12482,spillage,2030,161,2,2,0.0
12483,spillage,2030,161,3,3,0.0
12484,spillage,2030,161,4,4,0.0
12485,spillage,2030,161,5,5,0.0
12486,spillage,2030,161,6,6,0.0
12487,spillage,2030,161,7,7,0.0
12488,spillage,2030,161,8,8,0.0
12489,spillage,2030,161,9,9,0.0
12490,spillage,2030,161,10,10,0.0
12491,spillage,2030,161,11,11,0.0
12492,spillage,2030,161,12,12,0.0
12493,spillage,2030,161,13,13,0.0
12494,spillage,2030,161,14,14,0.0
12495,spillage,2030,161,15,15,0.0
12496,spillage,2030,161,16,16,0.0
12497,spillage,2030,161,17,17,0.0
12498,spillage,2030,161,18,18,0.0
12499,spillage,2030,161,19,19,0.0
12500,spillage,2030,161,20,20,0.0
12501,spillage,2030,161,21,21,0.0
12502,spillage,2030,161,22,22,0.0
12503,spillage,2030,161,23,23,0.0
12504,spillage,2030,161,24,24,0.0
12505,spillage,2030,162,1,1,0.0
12506,spillage,2030,162,2,2,0.0
12507,spillage,2030,162,3,3,0.0
12508,spillage,2030,162,4,4,0.0
12509,spillage,2030,162,5,5,0.0
12510,spillage,2030,162,6,6,0.0
12511,spillage,2030,162,7,7,0.0
12512,spillage,2030,162,8,8,0.0
12513,spillage,2030,162,9,9,0.0
12514,spillage,2030,162,10,10,0.0
12515,spillage,2030,162,11,11,0.0
12516,spillage,2030,162,12,12,0.0
12517,spillage,2030,162,13,13,0.0
12518,spillage,2030,162,14,14,0.0
12519,spillage,2030,162,15,15,0.0
12520,spillage,2030,162,16,16,0.0
12521,spillage,2030,162,17,17,0.0
12522,spillage,2030,162,18,18,0.0
12523,spillage,2030,162,19,19,0.0
12524,spillage,2030,162,20,20,0.0
12525,spillage,2030,162,21,21,0.0
12526,spillage,2030,162,22,22,0.0
12527,spillage,2030,162,23,23,0.0
12528,spillage,2030,162,24,24,0.0
12529,spillage,2030,163,1,1,0.0
12530,spillage,2030,163,2,2,0.0
12531,spillage,2030,163,3,3,0.0
12532,spillage,2030,163,4,4,0.0
12533,spillage,2030,163,5,5,0.0
12534,spillage,2030,163,6,6,0.0
12535,spillage,2030,163,7,7,0.0
12536,spillage,2030,163,8,8,0.0
12537,spillage,2030,163,9,9,0.0
12538,spillage,2030,163,10,10,0.0
12539,spillage,2030,163,11,11,0.0
12540,spillage,2030,163,12,12,0.0
12541,spillage,2030,163,13,13,0.0
12542,spillage,2030,163,14,14,0.0
12543,spillage,2030,163,15,15,0.0
12544,spillage,2030,163,16,16,0.0
12545,spillage,2030,163,17,17,0.0
12546,spillage,2030,163,18,18,0.0
12547,spillage,2030,163,19,19,0.0
12548,spillage,2030,163,20,20,0.0
12549,spillage,2030,163,21,21,0.0
12550,spillage,2030,163,22,22,0.0
12551,spillage,2030,163,23,23,0.0
12552,spillage,2030,163,24,24,0.0
12553,spillage,2030,164,1,1,0.0
12554,spillage,2030,164,2,2,0.0
12555,spillage,2030,164,3,3,0.0
12556,spillage,2030,164,4,4,0.0
12557,spillage,2030,164,5,5,0.0
12558,spillage,2030,164,6,6,0.0
12559,spillage,2030,164,7,7,0.0
12560,spillage,2030,164,8,8,0.0
12561,spillage,2030,164,9,9,0.0
12562,spillage,2030,164,10,10,0.0
12563,spillage,2030,164,11,11,0.0
12564,spillage,2030,164,12,12,0.0
12565,spillage,2030,164,13,13,0.0
12566,spillage,2030,164,14,14,0.0
12567,spillage,2030,164,15,15,0.0
12568,spillage,2030,164,16,16,0.0
12569,spillage,2030,164,17,17,0.0
12570,spillage,2030,164,18,18,0.0
12571,spillage,2030,164,19,19,0.0
12572,spillage,2030,164,20,20,0.0
12573,spillage,2030,164,21,21,0.0
12574,spillage,2030,164,22,22,0.0
12575,spillage,2030,164,23,23,0.0
12576,spillage,2030,164,24,24,0.0
12577,spillage,2030,165,1,1,0.0
12578,spillage,2030,165,2,2,0.0
12579,spillage,2030,165,3,3,0.0
12580,spillage,2030,165,4,4,0.0
12581,spillage,2030,165,5,5,0.0
12582,spillage,2030,165,6,6,0.0
12583,spillage,2030,165,7,7,0.0
12584,spillage,2030,165,8,8,0.0
12585,spillage,2030,165,9,9,0.0
12586,spillage,2030,165,10,10,0.0
12587,spillage,2030,165,11,11,0.0
12588,spillage,2030,165,12,12,0.0
12589,spillage,2030,165,13,13,0.0
12590,spillage,2030,165,14,14,0.0
12591,spillage,2030,165,15,15,0.0
12592,spillage,2030,165,16,16,0.0
12593,spillage,2030,165,17,17,0.0
12594,spillage,2030,165,18,18,0.0
12595,spillage,2030,165,19,19,0.0
12596,spillage,2030,165,20,20,0.0
12597,spillage,2030,165,21,21,0.0
12598,spillage,2030,165,22,22,0.0
12599,spillage,2030,165,23,23,0.0
12600,spillage,2030,165,24,24,0.0
12601,spillage,2030,166,1,1,0.0
12602,spillage,2030,166,2,2,0.0
12603,spillage,2030,166,3,3,0.0
12604,spillage,2030,166,4,4,0.0
12605,spillage,2030,166,5,5,0.0
12606,spillage,2030,166,6,6,0.0
12607,spillage,2030,166,7,7,0.0
12608,spillage,2030,166,8,8,0.0
12609,spillage,2030,166,9,9,0.0
12610,spillage,2030,166,10,10,0.0
12611,spillage,2030,166,11,11,0.0
12612,spillage,2030,166,12,12,0.0
12613,spillage,2030,166,13,13,0.0
12614,spillage,2030,166,14,14,0.0
12615,spillage,2030,166,15,15,0.0
12616,spillage,2030,166,16,16,0.0
12617,spillage,2030,166,17,17,0.0
12618,spillage,2030,166,18,18,0.0
12619,spillage,2030,166,19,19,0.0
12620,spillage,2030,166,20,20,0.0
12621,spillage,2030,166,21,21,0.0
12622,spillage,2030,166,22,22,0.0
12623,spillage,2030,166,23,23,0.0
12624,spillage,2030,166,24,24,0.0
12625,spillage,2030,167,1,1,0.0
12626,spillage,2030,167,2,2,0.0
12627,spillage,2030,167,3,3,0.0
12628,spillage,2030,167,4,4,0.0
12629,spillage,2030,167,5,5,0.0
12630,spillage,2030,167,6,6,0.0
12631,spillage,2030,167,7,7,0.0
12632,spillage,2030,167,8,8,0.0
12633,spillage,2030,167,9,9,0.0
12634,spillage,2030,167,10,10,0.0
12635,spillage,2030,167,11,11,0.0
12636,spillage,2030,167,12,12,0.0
12637,spillage,2030,167,13,13,0.0
12638,spillage,2030,167,14,14,0.0
12639,spillage,2030,167,15,15,0.0
12640,spillage,2030,167,16,16,0.0
12641,spillage,2030,167,17,17,0.0
12642,spillage,2030,167,18,18,0.0
12643,spillage,2030,167,19,19,0.0
12644,spillage,2030,167,20,20,0.0
12645,spillage,2030,167,21,21,0.0
12646,spillage,2030,167,22,22,0.0
12647,spillage,2030,167,23,23,0.0
12648,spillage,2030,167,24,24,0.0
12649,spillage,2030,168,1,1,0.0
12650,spillage,2030,168,2,2,0.0
12651,spillage,2030,168,3,3,0.0
12652,spillage,2030,168,4,4,0.0
12653,spillage,2030,168,5,5,0.0
12654,spillage,2030,168,6,6,0.0
12655,spillage,2030,168,7,7,0.0
12656,spillage,2030,168,8,8,0.0
12657,spillage,2030,168,9,9,0.0
12658,spillage,2030,168,10,10,0.0
12659,spillage,2030,168,11,11,0.0
12660,spillage,2030,168,12,12,0.0
12661,spillage,2030,168,13,13,0.0
12662,spillage,2030,168,14,14,0.0
12663,spillage,2030,168,15,15,0.0
12664,spillage,2030,168,16,16,0.0
12665,spillage,2030,168,17,17,0.0
12666,spillage,2030,168,18,18,0.0
12667,spillage,2030,168,19,19,0.0
12668,spillage,2030,168,20,20,0.0
12669,spillage,2030,168,21,21,0.0
12670,spillage,2030,168,22,22,0.0
12671,spillage,2030,168,23,23,0.0
12672,spillage,2030,168,24,24,0.0
12673,spillage,2030,169,1,1,0.0
12674,spillage,2030,169,2,2,0.0
12675,spillage,2030,169,3,3,0.0
12676,spillage,2030,169,4,4,0.0
12677,spillage,2030,169,5,5,0.0
12678,spillage,2030,169,6,6,0.0
12679,spillage,2030,169,7,7,0.0
12680,spillage,2030,169,8,8,0.0
12681,spillage,2030,169,9,9,0.0
12682,spillage,2030,169,10,10,0.0
12683,spillage,2030,169,11,11,0.0
12684,spillage,2030,169,12,12,0.0
12685,spillage,2030,169,13,13,0.0
12686,spillage,2030,169,14,14,0.0
12687,spillage,2030,169,15,15,0.0
12688,spillage,2030,169,16,16,0.0
12689,spillage,2030,169,17,17,0.0
12690,spillage,2030,169,18,18,0.0
12691,spillage,2030,169,19,19,0.0
12692,spillage,2030,169,20,20,0.0
12693,spillage,2030,169,21,21,0.0
12694,spillage,2030,169,22,22,0.0
12695,spillage,2030,169,23,23,0.0
12696,spillage,2030,169,24,24,0.0
12697,spillage,2030,170,1,1,0.0
12698,spillage,2030,170,2,2,0.0
12699,spillage,2030,170,3,3,0.0
12700,spillage,2030,170,4,4,0.0
12701,spillage,2030,170,5,5,0.0
12702,spillage,2030,170,6,6,0.0
12703,spillage,2030,170,7,7,0.0
12704,spillage,2030,170,8,8,0.0
12705,spillage,2030,170,9,9,0.0
12706,spillage,2030,170,10,10,0.0
12707,spillage,2030,170,11,11,0.0
12708,spillage,2030,170,12,12,0.0
12709,spillage,2030,170,13,13,0.0
12710,spillage,2030,170,14,14,0.0
12711,spillage,2030,170,15,15,0.0
12712,spillage,2030,170,16,16,0.0
12713,spillage,2030,170,17,17,0.0
12714,spillage,2030,170,18,18,0.0
12715,spillage,2030,170,19,19,0.0
12716,spillage,2030,170,20,20,0.0
12717,spillage,2030,170,21,21,0.0
12718,spillage,2030,170,22,22,0.0
12719,spillage,2030,170,23,23,0.0
12720,spillage,2030,170,24,24,0.0
12721,spillage,2030,171,1,1,0.0
12722,spillage,2030,171,2,2,0.0
12723,spillage,2030,171,3,3,0.0
12724,spillage,2030,171,4,4,0.0
12725,spillage,2030,171,5,5,0.0
12726,spillage,2030,171,6,6,0.0
12727,spillage,2030,171,7,7,0.0
12728,spillage,2030,171,8,8,0.0
12729,spillage,2030,171,9,9,0.0
12730,spillage,2030,171,10,10,0.0
12731,spillage,2030,171,11,11,0.0
12732,spillage,2030,171,12,12,0.0
12733,spillage,2030,171,13,13,0.0
12734,spillage,2030,171,14,14,0.0
12735,spillage,2030,171,15,15,0.0
12736,spillage,2030,171,16,16,0.0
12737,spillage,2030,171,17,17,0.0
12738,spillage,2030,171,18,18,0.0
12739,spillage,2030,171,19,19,0.0
12740,spillage,2030,171,20,20,0.0
12741,spillage,2030,171,21,21,0.0
12742,spillage,2030,171,22,22,0.0
12743,spillage,2030,171,23,23,0.0
12744,spillage,2030,171,24,24,0.0
12745,spillage,2030,172,1,1,0.0
12746,spillage,2030,172,2,2,0.0
12747,spillage,2030,172,3,3,0.0
12748,spillage,2030,172,4,4,0.0
12749,spillage,2030,172,5,5,0.0
12750,spillage,2030,172,6,6,0.0
12751,spillage,2030,172,7,7,0.0
12752,spillage,2030,172,8,8,0.0
12753,spillage,2030,172,9,9,0.0
12754,spillage,2030,172,10,10,0.0
12755,spillage,2030,172,11,11,0.0
12756,spillage,2030,172,12,12,0.0
12757,spillage,2030,172,13,13,0.0
12758,spillage,2030,172,14,14,0.0
12759,spillage,2030,172,15,15,0.0
12760,spillage,2030,172,16,16,0.0
12761,spillage,2030,172,17,17,0.0
12762,spillage,2030,172,18,18,0.0
12763,spillage,2030,172,19,19,0.0
12764,spillage,2030,172,20,20,0.0
12765,spillage,2030,172,21,21,0.0
12766,spillage,2030,172,22,22,0.0
12767,spillage,2030,172,23,23,0.0
12768,spillage,2030,172,24,24,0.0
12769,spillage,2030,173,1,1,0.0
12770,spillage,2030,173,2,2,0.0
12771,spillage,2030,173,3,3,0.0
12772,spillage,2030,173,4,4,0.0
12773,spillage,2030,173,5,5,0.0
12774,spillage,2030,173,6,6,0.0
12775,spillage,2030,173,7,7,0.0
12776,spillage,2030,173,8,8,0.0
12777,spillage,2030,173,9,9,0.0
12778,spillage,2030,173,10,10,0.0
12779,spillage,2030,173,11,11,0.0
12780,spillage,2030,173,12,12,0.0
12781,spillage,2030,173,13,13,0.0
12782,spillage,2030,173,14,14,0.0
12783,spillage,2030,173,15,15,0.0
12784,spillage,2030,173,16,16,0.0
12785,spillage,2030,173,17,17,0.0
12786,spillage,2030,173,18,18,0.0
12787,spillage,2030,173,19,19,0.0
12788,spillage,2030,173,20,20,0.0
12789,spillage,2030,173,21,21,0.0
12790,spillage,2030,173,22,22,0.0
12791,spillage,2030,173,23,23,0.0
12792,spillage,2030,173,24,24,0.0
12793,spillage,2030,174,1,1,0.0
12794,spillage,2030,174,2,2,0.0
12795,spillage,2030,174,3,3,0.0
12796,spillage,2030,174,4,4,0.0
12797,spillage,2030,174,5,5,0.0
12798,spillage,2030,174,6,6,0.0
12799,spillage,2030,174,7,7,0.0
12800,spillage,2030,174,8,8,0.0
12801,spillage,2030,174,9,9,0.0
12802,spillage,2030,174,10,10,0.0
12803,spillage,2030,174,11,11,0.0
12804,spillage,2030,174,12,12,0.0
12805,spillage,2030,174,13,13,0.0
12806,spillage,2030,174,14,14,0.0
12807,spillage,2030,174,15,15,0.0
12808,spillage,2030,174,16,16,0.0
12809,spillage,2030,174,17,17,0.0
12810,spillage,2030,174,18,18,0.0
12811,spillage,2030,174,19,19,0.0
12812,spillage,2030,174,20,20,0.0
12813,spillage,2030,174,21,21,0.0
12814,spillage,2030,174,22,22,0.0
12815,spillage,2030,174,23,23,0.0
12816,spillage,2030,174,24,24,0.0
12817,spillage,2030,175,1,1,0.0
12818,spillage,2030,175,2,2,0.0
12819,spillage,2030,175,3,3,0.0
12820,spillage,2030,175,4,4,0.0
12821,spillage,2030,175,5,5,0.0
12822,spillage,2030,175,6,6,0.0
12823,spillage,2030,175,7,7,0.0
12824,spillage,2030,175,8,8,0.0
12825,spillage,2030,175,9,9,0.0
12826,spillage,2030,175,10,10,0.0
12827,spillage,2030,175,11,11,0.0
12828,spillage,2030,175,12,12,0.0
12829,spillage,2030,175,13,13,0.0
12830,spillage,2030,175,14,14,0.0
12831,spillage,2030,175,15,15,0.0
12832,spillage,2030,175,16,16,0.0
12833,spillage,2030,175,17,17,0.0
12834,spillage,2030,175,18,18,0.0
12835,spillage,2030,175,19,19,0.0
12836,spillage,2030,175,20,20,0.0
12837,spillage,2030,175,21,21,0.0
12838,spillage,2030,175,22,22,0.0
12839,spillage,2030,175,23,23,0.0
12840,spillage,2030,175,24,24,0.0
12841,spillage,2030,176,1,1,0.0
12842,spillage,2030,176,2,2,0.0
12843,spillage,2030,176,3,3,0.0
12844,spillage,2030,176,4,4,0.0
12845,spillage,2030,176,5,5,0.0
12846,spillage,2030,176,6,6,0.0
12847,spillage,2030,176,7,7,0.0
12848,spillage,2030,176,8,8,0.0
12849,spillage,2030,176,9,9,0.0
12850,spillage,2030,176,10,10,0.0
12851,spillage,2030,176,11,11,0.0
12852,spillage,2030,176,12,12,0.0
12853,spillage,2030,176,13,13,0.0
12854,spillage,2030,176,14,14,0.0
12855,spillage,2030,176,15,15,0.0
12856,spillage,2030,176,16,16,0.0
12857,spillage,2030,176,17,17,0.0
12858,spillage,2030,176,18,18,0.0
12859,spillage,2030,176,19,19,0.0
12860,spillage,2030,176,20,20,0.0
12861,spillage,2030,176,21,21,0.0
12862,spillage,2030,176,22,22,0.0
12863,spillage,2030,176,23,23,0.0
12864,spillage,2030,176,24,24,0.0
12865,spillage,2030,177,1,1,0.0
12866,spillage,2030,177,2,2,0.0
12867,spillage,2030,177,3,3,0.0
12868,spillage,2030,177,4,4,0.0
12869,spillage,2030,177,5,5,0.0
12870,spillage,2030,177,6,6,0.0
12871,spillage,2030,177,7,7,0.0
12872,spillage,2030,177,8,8,0.0
12873,spillage,2030,177,9,9,0.0
12874,spillage,2030,177,10,10,0.0
12875,spillage,2030,177,11,11,0.0
12876,spillage,2030,177,12,12,0.0
12877,spillage,2030,177,13,13,0.0
12878,spillage,2030,177,14,14,0.0
12879,spillage,2030,177,15,15,0.0
12880,spillage,2030,177,16,16,0.0
12881,spillage,2030,177,17,17,0.0
12882,spillage,2030,177,18,18,0.0
12883,spillage,2030,177,19,19,0.0
12884,spillage,2030,177,20,20,0.0
12885,spillage,2030,177,21,21,0.0
12886,spillage,2030,177,22,22,0.0
12887,spillage,2030,177,23,23,0.0
12888,spillage,2030,177,24,24,0.0
12889,spillage,2030,178,1,1,0.0
12890,spillage,2030,178,2,2,0.0
12891,spillage,2030,178,3,3,0.0
12892,spillage,2030,178,4,4,0.0
12893,spillage,2030,178,5,5,0.0
12894,spillage,2030,178,6,6,0.0
12895,spillage,2030,178,7,7,0.0
12896,spillage,2030,178,8,8,0.0
12897,spillage,2030,178,9,9,0.0
12898,spillage,2030,178,10,10,0.0
12899,spillage,2030,178,11,11,0.0
12900,spillage,2030,178,12,12,0.0
12901,spillage,2030,178,13,13,0.0
12902,spillage,2030,178,14,14,0.0
12903,spillage,2030,178,15,15,0.0
12904,spillage,2030,178,16,16,0.0
12905,spillage,2030,178,17,17,0.0
12906,spillage,2030,178,18,18,0.0
12907,spillage,2030,178,19,19,0.0
12908,spillage,2030,178,20,20,0.0
12909,spillage,2030,178,21,21,0.0
12910,spillage,2030,178,22,22,0.0
12911,spillage,2030,178,23,23,0.0
12912,spillage,2030,178,24,24,0.0
12913,spillage,2030,179,1,1,0.0
12914,spillage,2030,179,2,2,0.0
12915,spillage,2030,179,3,3,0.0
12916,spillage,2030,179,4,4,0.0
12917,spillage,2030,179,5,5,0.0
12918,spillage,2030,179,6,6,0.0
12919,spillage,2030,179,7,7,0.0
12920,spillage,2030,179,8,8,0.0
12921,spillage,2030,179,9,9,0.0
12922,spillage,2030,179,10,10,0.0
12923,spillage,2030,179,11,11,0.0
12924,spillage,2030,179,12,12,0.0
12925,spillage,2030,179,13,13,0.0
12926,spillage,2030,179,14,14,0.0
12927,spillage,2030,179,15,15,0.0
12928,spillage,2030,179,16,16,0.0
12929,spillage,2030,179,17,17,0.0
12930,spillage,2030,179,18,18,0.0
12931,spillage,2030,179,19,19,0.0
12932,spillage,2030,179,20,20,0.0
12933,spillage,2030,179,21,21,0.0
12934,spillage,2030,179,22,22,0.0
12935,spillage,2030,179,23,23,0.0
12936,spillage,2030,179,24,24,0.0
12937,spillage,2030,180,1,1,0.0
12938,spillage,2030,180,2,2,0.0
12939,spillage,2030,180,3,3,0.0
12940,spillage,2030,180,4,4,0.0
12941,spillage,2030,180,5,5,0.0
12942,spillage,2030,180,6,6,0.0
12943,spillage,2030,180,7,7,0.0
12944,spillage,2030,180,8,8,0.0
12945,spillage,2030,180,9,9,0.0
12946,spillage,2030,180,10,10,0.0
12947,spillage,2030,180,11,11,0.0
12948,spillage,2030,180,12,12,0.0
12949,spillage,2030,180,13,13,0.0
12950,spillage,2030,180,14,14,0.0
12951,spillage,2030,180,15,15,0.0
12952,spillage,2030,180,16,16,0.0
12953,spillage,2030,180,17,17,0.0
12954,spillage,2030,180,18,18,0.0
12955,spillage,2030,180,19,19,0.0
12956,spillage,2030,180,20,20,0.0
12957,spillage,2030,180,21,21,0.0
12958,spillage,2030,180,22,22,0.0
12959,spillage,2030,180,23,23,0.0
12960,spillage,2030,180,24,24,0.0
12961,spillage,2030,181,1,1,0.0
12962,spillage,2030,181,2,2,0.0
12963,spillage,2030,181,3,3,0.0
12964,spillage,2030,181,4,4,0.0
12965,spillage,2030,181,5,5,0.0
12966,spillage,2030,181,6,6,0.0
12967,spillage,2030,181,7,7,0.0
12968,spillage,2030,181,8,8,0.0
12969,spillage,2030,181,9,9,0.0
12970,spillage,2030,181,10,10,0.0
12971,spillage,2030,181,11,11,0.0
12972,spillage,2030,181,12,12,0.0
12973,spillage,2030,181,13,13,0.0
12974,spillage,2030,181,14,14,0.0
12975,spillage,2030,181,15,15,0.0
12976,spillage,2030,181,16,16,0.0
12977,spillage,2030,181,17,17,0.0
12978,spillage,2030,181,18,18,0.0
12979,spillage,2030,181,19,19,0.0
12980,spillage,2030,181,20,20,0.0
12981,spillage,2030,181,21,21,0.0
12982,spillage,2030,181,22,22,0.0
12983,spillage,2030,181,23,23,0.0
12984,spillage,2030,181,24,24,0.0
12985,spillage,2030,182,1,1,0.0
12986,spillage,2030,182,2,2,0.0
12987,spillage,2030,182,3,3,0.0
12988,spillage,2030,182,4,4,0.0
12989,spillage,2030,182,5,5,0.0
12990,spillage,2030,182,6,6,0.0
12991,spillage,2030,182,7,7,0.0
12992,spillage,2030,182,8,8,0.0
12993,spillage,2030,182,9,9,0.0
12994,spillage,2030,182,10,10,0.0
12995,spillage,2030,182,11,11,0.0
12996,spillage,2030,182,12,12,0.0
12997,spillage,2030,182,13,13,0.0
12998,spillage,2030,182,14,14,0.0
12999,spillage,2030,182,15,15,0.0
13000,spillage,2030,182,16,16,0.0
13001,spillage,2030,182,17,17,0.0
13002,spillage,2030,182,18,18,0.0
13003,spillage,2030,182,19,19,0.0
13004,spillage,2030,182,20,20,0.0
13005,spillage,2030,182,21,21,0.0
13006,spillage,2030,182,22,22,0.0
13007,spillage,2030,182,23,23,0.0
13008,spillage,2030,182,24,24,0.0
13009,spillage,2030,183,1,1,0.0
13010,spillage,2030,183,2,2,0.0
13011,spillage,2030,183,3,3,0.0
13012,spillage,2030,183,4,4,0.0
13013,spillage,2030,183,5,5,0.0
13014,spillage,2030,183,6,6,0.0
13015,spillage,2030,183,7,7,0.0
13016,spillage,2030,183,8,8,0.0
13017,spillage,2030,183,9,9,0.0
13018,spillage,2030,183,10,10,0.0
13019,spillage,2030,183,11,11,0.0
13020,spillage,2030,183,12,12,0.0
13021,spillage,2030,183,13,13,0.0
13022,spillage,2030,183,14,14,0.0
13023,spillage,2030,183,15,15,0.0
13024,spillage,2030,183,16,16,0.0
13025,spillage,2030,183,17,17,0.0
13026,spillage,2030,183,18,18,0.0
13027,spillage,2030,183,19,19,0.0
13028,spillage,2030,183,20,20,0.0
13029,spillage,2030,183,21,21,0.0
13030,spillage,2030,183,22,22,0.0
13031,spillage,2030,183,23,23,0.0
13032,spillage,2030,183,24,24,0.0
13033,spillage,2030,184,1,1,0.0
13034,spillage,2030,184,2,2,0.0
13035,spillage,2030,184,3,3,0.0
13036,spillage,2030,184,4,4,0.0
13037,spillage,2030,184,5,5,0.0
13038,spillage,2030,184,6,6,0.0
13039,spillage,2030,184,7,7,0.0
13040,spillage,2030,184,8,8,0.0
13041,spillage,2030,184,9,9,0.0
13042,spillage,2030,184,10,10,0.0
13043,spillage,2030,184,11,11,0.0
13044,spillage,2030,184,12,12,0.0
13045,spillage,2030,184,13,13,0.0
13046,spillage,2030,184,14,14,0.0
13047,spillage,2030,184,15,15,0.0
13048,spillage,2030,184,16,16,0.0
13049,spillage,2030,184,17,17,0.0
13050,spillage,2030,184,18,18,0.0
13051,spillage,2030,184,19,19,0.0
13052,spillage,2030,184,20,20,0.0
13053,spillage,2030,184,21,21,0.0
13054,spillage,2030,184,22,22,0.0
13055,spillage,2030,184,23,23,0.0
13056,spillage,2030,184,24,24,0.0
13057,spillage,2030,185,1,1,0.0
13058,spillage,2030,185,2,2,0.0
13059,spillage,2030,185,3,3,0.0
13060,spillage,2030,185,4,4,0.0
13061,spillage,2030,185,5,5,0.0
13062,spillage,2030,185,6,6,0.0
13063,spillage,2030,185,7,7,0.0
13064,spillage,2030,185,8,8,0.0
13065,spillage,2030,185,9,9,0.0
13066,spillage,2030,185,10,10,0.0
13067,spillage,2030,185,11,11,0.0
13068,spillage,2030,185,12,12,0.0
13069,spillage,2030,185,13,13,0.0
13070,spillage,2030,185,14,14,0.0
13071,spillage,2030,185,15,15,0.0
13072,spillage,2030,185,16,16,0.0
13073,spillage,2030,185,17,17,0.0
13074,spillage,2030,185,18,18,0.0
13075,spillage,2030,185,19,19,0.0
13076,spillage,2030,185,20,20,0.0
13077,spillage,2030,185,21,21,0.0
13078,spillage,2030,185,22,22,0.0
13079,spillage,2030,185,23,23,0.0
13080,spillage,2030,185,24,24,0.0
13081,spillage,2030,186,1,1,0.0
13082,spillage,2030,186,2,2,0.0
13083,spillage,2030,186,3,3,0.0
13084,spillage,2030,186,4,4,0.0
13085,spillage,2030,186,5,5,0.0
13086,spillage,2030,186,6,6,0.0
13087,spillage,2030,186,7,7,0.0
13088,spillage,2030,186,8,8,0.0
13089,spillage,2030,186,9,9,0.0
13090,spillage,2030,186,10,10,0.0
13091,spillage,2030,186,11,11,0.0
13092,spillage,2030,186,12,12,0.0
13093,spillage,2030,186,13,13,0.0
13094,spillage,2030,186,14,14,0.0
13095,spillage,2030,186,15,15,0.0
13096,spillage,2030,186,16,16,0.0
13097,spillage,2030,186,17,17,0.0
13098,spillage,2030,186,18,18,0.0
13099,spillage,2030,186,19,19,0.0
13100,spillage,2030,186,20,20,0.0
13101,spillage,2030,186,21,21,0.0
13102,spillage,2030,186,22,22,0.0
13103,spillage,2030,186,23,23,0.0
13104,spillage,2030,186,24,24,0.0
13105,spillage,2030,187,1,1,0.0
13106,spillage,2030,187,2,2,0.0
13107,spillage,2030,187,3,3,0.0
13108,spillage,2030,187,4,4,0.0
13109,spillage,2030,187,5,5,0.0
13110,spillage,2030,187,6,6,0.0
13111,spillage,2030,187,7,7,0.0
13112,spillage,2030,187,8,8,0.0
13113,spillage,2030,187,9,9,0.0
13114,spillage,2030,187,10,10,0.0
13115,spillage,2030,187,11,11,0.0
13116,spillage,2030,187,12,12,0.0
13117,spillage,2030,187,13,13,0.0
13118,spillage,2030,187,14,14,0.0
13119,spillage,2030,187,15,15,0.0
13120,spillage,2030,187,16,16,0.0
13121,spillage,2030,187,17,17,0.0
13122,spillage,2030,187,18,18,0.0
13123,spillage,2030,187,19,19,0.0
13124,spillage,2030,187,20,20,0.0
13125,spillage,2030,187,21,21,0.0
13126,spillage,2030,187,22,22,0.0
13127,spillage,2030,187,23,23,0.0
13128,spillage,2030,187,24,24,0.0
13129,spillage,2030,188,1,1,0.0
13130,spillage,2030,188,2,2,0.0
13131,spillage,2030,188,3,3,0.0
13132,spillage,2030,188,4,4,0.0
13133,spillage,2030,188,5,5,0.0
13134,spillage,2030,188,6,6,0.0
13135,spillage,2030,188,7,7,0.0
13136,spillage,2030,188,8,8,0.0
13137,spillage,2030,188,9,9,0.0
13138,spillage,2030,188,10,10,0.0
13139,spillage,2030,188,11,11,0.0
13140,spillage,2030,188,12,12,0.0
13141,spillage,2030,188,13,13,0.0
13142,spillage,2030,188,14,14,0.0
13143,spillage,2030,188,15,15,0.0
13144,spillage,2030,188,16,16,0.0
13145,spillage,2030,188,17,17,0.0
13146,spillage,2030,188,18,18,0.0
13147,spillage,2030,188,19,19,0.0
13148,spillage,2030,188,20,20,0.0
13149,spillage,2030,188,21,21,0.0
13150,spillage,2030,188,22,22,0.0
13151,spillage,2030,188,23,23,0.0
13152,spillage,2030,188,24,24,0.0
13153,spillage,2030,189,1,1,0.0
13154,spillage,2030,189,2,2,0.0
13155,spillage,2030,189,3,3,0.0
13156,spillage,2030,189,4,4,0.0
13157,spillage,2030,189,5,5,0.0
13158,spillage,2030,189,6,6,0.0
13159,spillage,2030,189,7,7,0.0
13160,spillage,2030,189,8,8,0.0
13161,spillage,2030,189,9,9,0.0
13162,spillage,2030,189,10,10,0.0
13163,spillage,2030,189,11,11,0.0
13164,spillage,2030,189,12,12,0.0
13165,spillage,2030,189,13,13,0.0
13166,spillage,2030,189,14,14,0.0
13167,spillage,2030,189,15,15,0.0
13168,spillage,2030,189,16,16,0.0
13169,spillage,2030,189,17,17,0.0
13170,spillage,2030,189,18,18,0.0
13171,spillage,2030,189,19,19,0.0
13172,spillage,2030,189,20,20,0.0
13173,spillage,2030,189,21,21,0.0
13174,spillage,2030,189,22,22,0.0
13175,spillage,2030,189,23,23,0.0
13176,spillage,2030,189,24,24,0.0
13177,spillage,2030,190,1,1,0.0
13178,spillage,2030,190,2,2,0.0
13179,spillage,2030,190,3,3,0.0
13180,spillage,2030,190,4,4,0.0
13181,spillage,2030,190,5,5,0.0
13182,spillage,2030,190,6,6,0.0
13183,spillage,2030,190,7,7,0.0
13184,spillage,2030,190,8,8,0.0
13185,spillage,2030,190,9,9,0.0
13186,spillage,2030,190,10,10,0.0
13187,spillage,2030,190,11,11,0.0
13188,spillage,2030,190,12,12,0.0
13189,spillage,2030,190,13,13,0.0
13190,spillage,2030,190,14,14,0.0
13191,spillage,2030,190,15,15,0.0
13192,spillage,2030,190,16,16,0.0
13193,spillage,2030,190,17,17,0.0
13194,spillage,2030,190,18,18,0.0
13195,spillage,2030,190,19,19,0.0
13196,spillage,2030,190,20,20,0.0
13197,spillage,2030,190,21,21,0.0
13198,spillage,2030,190,22,22,0.0
13199,spillage,2030,190,23,23,0.0
13200,spillage,2030,190,24,24,0.0
13201,spillage,2030,191,1,1,0.0
13202,spillage,2030,191,2,2,0.0
13203,spillage,2030,191,3,3,0.0
13204,spillage,2030,191,4,4,0.0
13205,spillage,2030,191,5,5,0.0
13206,spillage,2030,191,6,6,0.0
13207,spillage,2030,191,7,7,0.0
13208,spillage,2030,191,8,8,0.0
13209,spillage,2030,191,9,9,0.0
13210,spillage,2030,191,10,10,0.0
13211,spillage,2030,191,11,11,0.0
13212,spillage,2030,191,12,12,0.0
13213,spillage,2030,191,13,13,0.0
13214,spillage,2030,191,14,14,0.0
13215,spillage,2030,191,15,15,0.0
13216,spillage,2030,191,16,16,0.0
13217,spillage,2030,191,17,17,0.0
13218,spillage,2030,191,18,18,0.0
13219,spillage,2030,191,19,19,0.0
13220,spillage,2030,191,20,20,0.0
13221,spillage,2030,191,21,21,0.0
13222,spillage,2030,191,22,22,0.0
13223,spillage,2030,191,23,23,0.0
13224,spillage,2030,191,24,24,0.0
13225,spillage,2030,192,1,1,0.0
13226,spillage,2030,192,2,2,0.0
13227,spillage,2030,192,3,3,0.0
13228,spillage,2030,192,4,4,0.0
13229,spillage,2030,192,5,5,0.0
13230,spillage,2030,192,6,6,0.0
13231,spillage,2030,192,7,7,0.0
13232,spillage,2030,192,8,8,0.0
13233,spillage,2030,192,9,9,0.0
13234,spillage,2030,192,10,10,0.0
13235,spillage,2030,192,11,11,0.0
13236,spillage,2030,192,12,12,0.0
13237,spillage,2030,192,13,13,0.0
13238,spillage,2030,192,14,14,0.0
13239,spillage,2030,192,15,15,0.0
13240,spillage,2030,192,16,16,0.0
13241,spillage,2030,192,17,17,0.0
13242,spillage,2030,192,18,18,0.0
13243,spillage,2030,192,19,19,0.0
13244,spillage,2030,192,20,20,0.0
13245,spillage,2030,192,21,21,0.0
13246,spillage,2030,192,22,22,0.0
13247,spillage,2030,192,23,23,0.0
13248,spillage,2030,192,24,24,0.0
13249,spillage,2030,193,1,1,0.0
13250,spillage,2030,193,2,2,0.0
13251,spillage,2030,193,3,3,0.0
13252,spillage,2030,193,4,4,0.0
13253,spillage,2030,193,5,5,0.0
13254,spillage,2030,193,6,6,0.0
13255,spillage,2030,193,7,7,0.0
13256,spillage,2030,193,8,8,0.0
13257,spillage,2030,193,9,9,0.0
13258,spillage,2030,193,10,10,0.0
13259,spillage,2030,193,11,11,0.0
13260,spillage,2030,193,12,12,0.0
13261,spillage,2030,193,13,13,0.0
13262,spillage,2030,193,14,14,0.0
13263,spillage,2030,193,15,15,0.0
13264,spillage,2030,193,16,16,0.0
13265,spillage,2030,193,17,17,0.0
13266,spillage,2030,193,18,18,0.0
13267,spillage,2030,193,19,19,0.0
13268,spillage,2030,193,20,20,0.0
13269,spillage,2030,193,21,21,0.0
13270,spillage,2030,193,22,22,0.0
13271,spillage,2030,193,23,23,0.0
13272,spillage,2030,193,24,24,0.0
13273,spillage,2030,194,1,1,0.0
13274,spillage,2030,194,2,2,0.0
13275,spillage,2030,194,3,3,0.0
13276,spillage,2030,194,4,4,0.0
13277,spillage,2030,194,5,5,0.0
13278,spillage,2030,194,6,6,0.0
13279,spillage,2030,194,7,7,0.0
13280,spillage,2030,194,8,8,0.0
13281,spillage,2030,194,9,9,0.0
13282,spillage,2030,194,10,10,0.0
13283,spillage,2030,194,11,11,0.0
13284,spillage,2030,194,12,12,0.0
13285,spillage,2030,194,13,13,0.0
13286,spillage,2030,194,14,14,0.0
13287,spillage,2030,194,15,15,0.0
13288,spillage,2030,194,16,16,0.0
13289,spillage,2030,194,17,17,0.0
13290,spillage,2030,194,18,18,0.0
13291,spillage,2030,194,19,19,0.0
13292,spillage,2030,194,20,20,0.0
13293,spillage,2030,194,21,21,0.0
13294,spillage,2030,194,22,22,0.0
13295,spillage,2030,194,23,23,0.0
13296,spillage,2030,194,24,24,0.0
13297,spillage,2030,195,1,1,0.0
13298,spillage,2030,195,2,2,0.0
13299,spillage,2030,195,3,3,0.0
13300,spillage,2030,195,4,4,0.0
13301,spillage,2030,195,5,5,0.0
13302,spillage,2030,195,6,6,0.0
13303,spillage,2030,195,7,7,0.0
13304,spillage,2030,195,8,8,0.0
13305,spillage,2030,195,9,9,0.0
13306,spillage,2030,195,10,10,0.0
13307,spillage,2030,195,11,11,0.0
13308,spillage,2030,195,12,12,0.0
13309,spillage,2030,195,13,13,0.0
13310,spillage,2030,195,14,14,0.0
13311,spillage,2030,195,15,15,0.0
13312,spillage,2030,195,16,16,0.0
13313,spillage,2030,195,17,17,0.0
13314,spillage,2030,195,18,18,0.0
13315,spillage,2030,195,19,19,0.0
13316,spillage,2030,195,20,20,0.0
13317,spillage,2030,195,21,21,0.0
13318,spillage,2030,195,22,22,0.0
13319,spillage,2030,195,23,23,0.0
13320,spillage,2030,195,24,24,0.0
13321,spillage,2030,196,1,1,0.0
13322,spillage,2030,196,2,2,0.0
13323,spillage,2030,196,3,3,0.0
13324,spillage,2030,196,4,4,0.0
13325,spillage,2030,196,5,5,0.0
13326,spillage,2030,196,6,6,0.0
13327,spillage,2030,196,7,7,0.0
13328,spillage,2030,196,8,8,0.0
13329,spillage,2030,196,9,9,0.0
13330,spillage,2030,196,10,10,0.0
13331,spillage,2030,196,11,11,0.0
13332,spillage,2030,196,12,12,0.0
13333,spillage,2030,196,13,13,0.0
13334,spillage,2030,196,14,14,0.0
13335,spillage,2030,196,15,15,0.0
13336,spillage,2030,196,16,16,0.0
13337,spillage,2030,196,17,17,0.0
13338,spillage,2030,196,18,18,0.0
13339,spillage,2030,196,19,19,0.0
13340,spillage,2030,196,20,20,0.0
13341,spillage,2030,196,21,21,0.0
13342,spillage,2030,196,22,22,0.0
13343,spillage,2030,196,23,23,0.0
13344,spillage,2030,196,24,24,0.0
13345,spillage,2030,197,1,1,0.0
13346,spillage,2030,197,2,2,0.0
13347,spillage,2030,197,3,3,0.0
13348,spillage,2030,197,4,4,0.0
13349,spillage,2030,197,5,5,0.0
13350,spillage,2030,197,6,6,0.0
13351,spillage,2030,197,7,7,0.0
13352,spillage,2030,197,8,8,0.0
13353,spillage,2030,197,9,9,0.0
13354,spillage,2030,197,10,10,0.0
13355,spillage,2030,197,11,11,0.0
13356,spillage,2030,197,12,12,0.0
13357,spillage,2030,197,13,13,0.0
13358,spillage,2030,197,14,14,0.0
13359,spillage,2030,197,15,15,0.0
13360,spillage,2030,197,16,16,0.0
13361,spillage,2030,197,17,17,0.0
13362,spillage,2030,197,18,18,0.0
13363,spillage,2030,197,19,19,0.0
13364,spillage,2030,197,20,20,0.0
13365,spillage,2030,197,21,21,0.0
13366,spillage,2030,197,22,22,0.0
13367,spillage,2030,197,23,23,0.0
13368,spillage,2030,197,24,24,0.0
13369,spillage,2030,198,1,1,0.0
13370,spillage,2030,198,2,2,0.0
13371,spillage,2030,198,3,3,0.0
13372,spillage,2030,198,4,4,0.0
13373,spillage,2030,198,5,5,0.0
13374,spillage,2030,198,6,6,0.0
13375,spillage,2030,198,7,7,0.0
13376,spillage,2030,198,8,8,0.0
13377,spillage,2030,198,9,9,0.0
13378,spillage,2030,198,10,10,0.0
13379,spillage,2030,198,11,11,0.0
13380,spillage,2030,198,12,12,0.0
13381,spillage,2030,198,13,13,0.0
13382,spillage,2030,198,14,14,0.0
13383,spillage,2030,198,15,15,0.0
13384,spillage,2030,198,16,16,0.0
13385,spillage,2030,198,17,17,0.0
13386,spillage,2030,198,18,18,0.0
13387,spillage,2030,198,19,19,0.0
13388,spillage,2030,198,20,20,0.0
13389,spillage,2030,198,21,21,0.0
13390,spillage,2030,198,22,22,0.0
13391,spillage,2030,198,23,23,0.0
13392,spillage,2030,198,24,24,0.0
13393,spillage,2030,199,1,1,0.0
13394,spillage,2030,199,2,2,0.0
13395,spillage,2030,199,3,3,0.0
13396,spillage,2030,199,4,4,0.0
13397,spillage,2030,199,5,5,0.0
13398,spillage,2030,199,6,6,0.0
13399,spillage,2030,199,7,7,0.0
13400,spillage,2030,199,8,8,0.0
13401,spillage,2030,199,9,9,0.0
13402,spillage,2030,199,10,10,0.0
13403,spillage,2030,199,11,11,0.0
13404,spillage,2030,199,12,12,0.0
13405,spillage,2030,199,13,13,0.0
13406,spillage,2030,199,14,14,0.0
13407,spillage,2030,199,15,15,0.0
13408,spillage,2030,199,16,16,0.0
13409,spillage,2030,199,17,17,0.0
13410,spillage,2030,199,18,18,0.0
13411,spillage,2030,199,19,19,0.0
13412,spillage,2030,199,20,20,0.0
13413,spillage,2030,199,21,21,0.0
13414,spillage,2030,199,22,22,0.0
13415,spillage,2030,199,23,23,0.0
13416,spillage,2030,199,24,24,0.0
13417,spillage,2030,200,1,1,0.0
13418,spillage,2030,200,2,2,0.0
13419,spillage,2030,200,3,3,0.0
13420,spillage,2030,200,4,4,0.0
13421,spillage,2030,200,5,5,0.0
13422,spillage,2030,200,6,6,0.0
13423,spillage,2030,200,7,7,0.0
13424,spillage,2030,200,8,8,0.0
13425,spillage,2030,200,9,9,0.0
13426,spillage,2030,200,10,10,0.0
13427,spillage,2030,200,11,11,0.0
13428,spillage,2030,200,12,12,0.0
13429,spillage,2030,200,13,13,0.0
13430,spillage,2030,200,14,14,0.0
13431,spillage,2030,200,15,15,0.0
13432,spillage,2030,200,16,16,0.0
13433,spillage,2030,200,17,17,0.0
13434,spillage,2030,200,18,18,0.0
13435,spillage,2030,200,19,19,0.0
13436,spillage,2030,200,20,20,0.0
13437,spillage,2030,200,21,21,0.0
13438,spillage,2030,200,22,22,0.0
13439,spillage,2030,200,23,23,0.0
13440,spillage,2030,200,24,24,0.0
13441,spillage,2030,201,1,1,0.0
13442,spillage,2030,201,2,2,0.0
13443,spillage,2030,201,3,3,0.0
13444,spillage,2030,201,4,4,0.0
13445,spillage,2030,201,5,5,0.0
13446,spillage,2030,201,6,6,0.0
13447,spillage,2030,201,7,7,0.0
13448,spillage,2030,201,8,8,0.0
13449,spillage,2030,201,9,9,0.0
13450,spillage,2030,201,10,10,0.0
13451,spillage,2030,201,11,11,0.0
13452,spillage,2030,201,12,12,0.0
13453,spillage,2030,201,13,13,0.0
13454,spillage,2030,201,14,14,0.0
13455,spillage,2030,201,15,15,0.0
13456,spillage,2030,201,16,16,0.0
13457,spillage,2030,201,17,17,0.0
13458,spillage,2030,201,18,18,0.0
13459,spillage,2030,201,19,19,0.0
13460,spillage,2030,201,20,20,0.0
13461,spillage,2030,201,21,21,0.0
13462,spillage,2030,201,22,22,0.0
13463,spillage,2030,201,23,23,0.0
13464,spillage,2030,201,24,24,0.0
13465,spillage,2030,202,1,1,0.0
13466,spillage,2030,202,2,2,0.0
13467,spillage,2030,202,3,3,0.0
13468,spillage,2030,202,4,4,0.0
13469,spillage,2030,202,5,5,0.0
13470,spillage,2030,202,6,6,0.0
13471,spillage,2030,202,7,7,0.0
13472,spillage,2030,202,8,8,0.0
13473,spillage,2030,202,9,9,0.0
13474,spillage,2030,202,10,10,0.0
13475,spillage,2030,202,11,11,0.0
13476,spillage,2030,202,12,12,0.0
13477,spillage,2030,202,13,13,0.0
13478,spillage,2030,202,14,14,0.0
13479,spillage,2030,202,15,15,0.0
13480,spillage,2030,202,16,16,0.0
13481,spillage,2030,202,17,17,0.0
13482,spillage,2030,202,18,18,0.0
13483,spillage,2030,202,19,19,0.0
13484,spillage,2030,202,20,20,0.0
13485,spillage,2030,202,21,21,0.0
13486,spillage,2030,202,22,22,0.0
13487,spillage,2030,202,23,23,0.0
13488,spillage,2030,202,24,24,0.0
13489,spillage,2030,203,1,1,0.0
13490,spillage,2030,203,2,2,0.0
13491,spillage,2030,203,3,3,0.0
13492,spillage,2030,203,4,4,0.0
13493,spillage,2030,203,5,5,0.0
13494,spillage,2030,203,6,6,0.0
13495,spillage,2030,203,7,7,0.0
13496,spillage,2030,203,8,8,0.0
13497,spillage,2030,203,9,9,0.0
13498,spillage,2030,203,10,10,0.0
13499,spillage,2030,203,11,11,0.0
13500,spillage,2030,203,12,12,0.0
13501,spillage,2030,203,13,13,0.0
13502,spillage,2030,203,14,14,0.0
13503,spillage,2030,203,15,15,0.0
13504,spillage,2030,203,16,16,0.0
13505,spillage,2030,203,17,17,0.0
13506,spillage,2030,203,18,18,0.0
13507,spillage,2030,203,19,19,0.0
13508,spillage,2030,203,20,20,0.0
13509,spillage,2030,203,21,21,0.0
13510,spillage,2030,203,22,22,0.0
13511,spillage,2030,203,23,23,0.0
13512,spillage,2030,203,24,24,0.0
13513,spillage,2030,204,1,1,0.0
13514,spillage,2030,204,2,2,0.0
13515,spillage,2030,204,3,3,0.0
13516,spillage,2030,204,4,4,0.0
13517,spillage,2030,204,5,5,0.0
13518,spillage,2030,204,6,6,0.0
13519,spillage,2030,204,7,7,0.0
13520,spillage,2030,204,8,8,0.0
13521,spillage,2030,204,9,9,0.0
13522,spillage,2030,204,10,10,0.0
13523,spillage,2030,204,11,11,0.0
13524,spillage,2030,204,12,12,0.0
13525,spillage,2030,204,13,13,0.0
13526,spillage,2030,204,14,14,0.0
13527,spillage,2030,204,15,15,0.0
13528,spillage,2030,204,16,16,0.0
13529,spillage,2030,204,17,17,0.0
13530,spillage,2030,204,18,18,0.0
13531,spillage,2030,204,19,19,0.0
13532,spillage,2030,204,20,20,0.0
13533,spillage,2030,204,21,21,0.0
13534,spillage,2030,204,22,22,0.0
13535,spillage,2030,204,23,23,0.0
13536,spillage,2030,204,24,24,0.0
13537,spillage,2030,205,1,1,0.0
13538,spillage,2030,205,2,2,0.0
13539,spillage,2030,205,3,3,0.0
13540,spillage,2030,205,4,4,0.0
13541,spillage,2030,205,5,5,0.0
13542,spillage,2030,205,6,6,0.0
13543,spillage,2030,205,7,7,0.0
13544,spillage,2030,205,8,8,0.0
13545,spillage,2030,205,9,9,0.0
13546,spillage,2030,205,10,10,0.0
13547,spillage,2030,205,11,11,0.0
13548,spillage,2030,205,12,12,0.0
13549,spillage,2030,205,13,13,0.0
13550,spillage,2030,205,14,14,0.0
13551,spillage,2030,205,15,15,0.0
13552,spillage,2030,205,16,16,0.0
13553,spillage,2030,205,17,17,0.0
13554,spillage,2030,205,18,18,0.0
13555,spillage,2030,205,19,19,0.0
13556,spillage,2030,205,20,20,0.0
13557,spillage,2030,205,21,21,0.0
13558,spillage,2030,205,22,22,0.0
13559,spillage,2030,205,23,23,0.0
13560,spillage,2030,205,24,24,0.0
13561,spillage,2030,206,1,1,0.0
13562,spillage,2030,206,2,2,0.0
13563,spillage,2030,206,3,3,0.0
13564,spillage,2030,206,4,4,0.0
13565,spillage,2030,206,5,5,0.0
13566,spillage,2030,206,6,6,0.0
13567,spillage,2030,206,7,7,0.0
13568,spillage,2030,206,8,8,0.0
13569,spillage,2030,206,9,9,0.0
13570,spillage,2030,206,10,10,0.0
13571,spillage,2030,206,11,11,0.0
13572,spillage,2030,206,12,12,0.0
13573,spillage,2030,206,13,13,0.0
13574,spillage,2030,206,14,14,0.0
13575,spillage,2030,206,15,15,0.0
13576,spillage,2030,206,16,16,0.0
13577,spillage,2030,206,17,17,0.0
13578,spillage,2030,206,18,18,0.0
13579,spillage,2030,206,19,19,0.0
13580,spillage,2030,206,20,20,0.0
13581,spillage,2030,206,21,21,0.0
13582,spillage,2030,206,22,22,0.0
13583,spillage,2030,206,23,23,0.0
13584,spillage,2030,206,24,24,0.0
13585,spillage,2030,207,1,1,0.0
13586,spillage,2030,207,2,2,0.0
13587,spillage,2030,207,3,3,0.0
13588,spillage,2030,207,4,4,0.0
13589,spillage,2030,207,5,5,0.0
13590,spillage,2030,207,6,6,0.0
13591,spillage,2030,207,7,7,0.0
13592,spillage,2030,207,8,8,0.0
13593,spillage,2030,207,9,9,0.0
13594,spillage,2030,207,10,10,0.0
13595,spillage,2030,207,11,11,0.0
13596,spillage,2030,207,12,12,0.0
13597,spillage,2030,207,13,13,0.0
13598,spillage,2030,207,14,14,0.0
13599,spillage,2030,207,15,15,0.0
13600,spillage,2030,207,16,16,0.0
13601,spillage,2030,207,17,17,0.0
13602,spillage,2030,207,18,18,0.0
13603,spillage,2030,207,19,19,0.0
13604,spillage,2030,207,20,20,0.0
13605,spillage,2030,207,21,21,0.0
13606,spillage,2030,207,22,22,0.0
13607,spillage,2030,207,23,23,0.0
13608,spillage,2030,207,24,24,0.0
13609,spillage,2030,208,1,1,0.0
13610,spillage,2030,208,2,2,0.0
13611,spillage,2030,208,3,3,0.0
13612,spillage,2030,208,4,4,0.0
13613,spillage,2030,208,5,5,0.0
13614,spillage,2030,208,6,6,0.0
13615,spillage,2030,208,7,7,0.0
13616,spillage,2030,208,8,8,0.0
13617,spillage,2030,208,9,9,0.0
13618,spillage,2030,208,10,10,0.0
13619,spillage,2030,208,11,11,0.0
13620,spillage,2030,208,12,12,0.0
13621,spillage,2030,208,13,13,0.0
13622,spillage,2030,208,14,14,0.0
13623,spillage,2030,208,15,15,0.0
13624,spillage,2030,208,16,16,0.0
13625,spillage,2030,208,17,17,0.0
13626,spillage,2030,208,18,18,0.0
13627,spillage,2030,208,19,19,0.0
13628,spillage,2030,208,20,20,0.0
13629,spillage,2030,208,21,21,0.0
13630,spillage,2030,208,22,22,0.0
13631,spillage,2030,208,23,23,0.0
13632,spillage,2030,208,24,24,0.0
13633,spillage,2030,209,1,1,0.0
13634,spillage,2030,209,2,2,0.0
13635,spillage,2030,209,3,3,0.0
13636,spillage,2030,209,4,4,0.0
13637,spillage,2030,209,5,5,0.0
13638,spillage,2030,209,6,6,0.0
13639,spillage,2030,209,7,7,0.0
13640,spillage,2030,209,8,8,0.0
13641,spillage,2030,209,9,9,0.0
13642,spillage,2030,209,10,10,0.0
13643,spillage,2030,209,11,11,0.0
13644,spillage,2030,209,12,12,0.0
13645,spillage,2030,209,13,13,0.0
13646,spillage,2030,209,14,14,0.0
13647,spillage,2030,209,15,15,0.0
13648,spillage,2030,209,16,16,0.0
13649,spillage,2030,209,17,17,0.0
13650,spillage,2030,209,18,18,0.0
13651,spillage,2030,209,19,19,0.0
13652,spillage,2030,209,20,20,0.0
13653,spillage,2030,209,21,21,0.0
13654,spillage,2030,209,22,22,0.0
13655,spillage,2030,209,23,23,0.0
13656,spillage,2030,209,24,24,0.0
13657,spillage,2030,210,1,1,0.0
13658,spillage,2030,210,2,2,0.0
13659,spillage,2030,210,3,3,0.0
13660,spillage,2030,210,4,4,0.0
13661,spillage,2030,210,5,5,0.0
13662,spillage,2030,210,6,6,0.0
13663,spillage,2030,210,7,7,0.0
13664,spillage,2030,210,8,8,0.0
13665,spillage,2030,210,9,9,0.0
13666,spillage,2030,210,10,10,0.0
13667,spillage,2030,210,11,11,0.0
13668,spillage,2030,210,12,12,0.0
13669,spillage,2030,210,13,13,0.0
13670,spillage,2030,210,14,14,0.0
13671,spillage,2030,210,15,15,0.0
13672,spillage,2030,210,16,16,0.0
13673,spillage,2030,210,17,17,0.0
13674,spillage,2030,210,18,18,0.0
13675,spillage,2030,210,19,19,0.0
13676,spillage,2030,210,20,20,0.0
13677,spillage,2030,210,21,21,0.0
13678,spillage,2030,210,22,22,0.0
13679,spillage,2030,210,23,23,0.0
13680,spillage,2030,210,24,24,0.0
13681,spillage,2030,211,1,1,0.0
13682,spillage,2030,211,2,2,0.0
13683,spillage,2030,211,3,3,0.0
13684,spillage,2030,211,4,4,0.0
13685,spillage,2030,211,5,5,0.0
13686,spillage,2030,211,6,6,0.0
13687,spillage,2030,211,7,7,0.0
13688,spillage,2030,211,8,8,0.0
13689,spillage,2030,211,9,9,0.0
13690,spillage,2030,211,10,10,0.0
13691,spillage,2030,211,11,11,0.0
13692,spillage,2030,211,12,12,0.0
13693,spillage,2030,211,13,13,0.0
13694,spillage,2030,211,14,14,0.0
13695,spillage,2030,211,15,15,0.0
13696,spillage,2030,211,16,16,0.0
13697,spillage,2030,211,17,17,0.0
13698,spillage,2030,211,18,18,0.0
13699,spillage,2030,211,19,19,0.0
13700,spillage,2030,211,20,20,0.0
13701,spillage,2030,211,21,21,0.0
13702,spillage,2030,211,22,22,0.0
13703,spillage,2030,211,23,23,0.0
13704,spillage,2030,211,24,24,0.0
13705,spillage,2030,212,1,1,0.0
13706,spillage,2030,212,2,2,0.0
13707,spillage,2030,212,3,3,0.0
13708,spillage,2030,212,4,4,0.0
13709,spillage,2030,212,5,5,0.0
13710,spillage,2030,212,6,6,0.0
13711,spillage,2030,212,7,7,0.0
13712,spillage,2030,212,8,8,0.0
13713,spillage,2030,212,9,9,0.0
13714,spillage,2030,212,10,10,0.0
13715,spillage,2030,212,11,11,0.0
13716,spillage,2030,212,12,12,0.0
13717,spillage,2030,212,13,13,0.0
13718,spillage,2030,212,14,14,0.0
13719,spillage,2030,212,15,15,0.0
13720,spillage,2030,212,16,16,0.0
13721,spillage,2030,212,17,17,0.0
13722,spillage,2030,212,18,18,0.0
13723,spillage,2030,212,19,19,0.0
13724,spillage,2030,212,20,20,0.0
13725,spillage,2030,212,21,21,0.0
13726,spillage,2030,212,22,22,0.0
13727,spillage,2030,212,23,23,0.0
13728,spillage,2030,212,24,24,0.0
13729,spillage,2030,213,1,1,0.0
13730,spillage,2030,213,2,2,0.0
13731,spillage,2030,213,3,3,0.0
13732,spillage,2030,213,4,4,0.0
13733,spillage,2030,213,5,5,0.0
13734,spillage,2030,213,6,6,0.0
13735,spillage,2030,213,7,7,0.0
13736,spillage,2030,213,8,8,0.0
13737,spillage,2030,213,9,9,0.0
13738,spillage,2030,213,10,10,0.0
13739,spillage,2030,213,11,11,0.0
13740,spillage,2030,213,12,12,0.0
13741,spillage,2030,213,13,13,0.0
13742,spillage,2030,213,14,14,0.0
13743,spillage,2030,213,15,15,0.0
13744,spillage,2030,213,16,16,0.0
13745,spillage,2030,213,17,17,0.0
13746,spillage,2030,213,18,18,0.0
13747,spillage,2030,213,19,19,0.0
13748,spillage,2030,213,20,20,0.0
13749,spillage,2030,213,21,21,0.0
13750,spillage,2030,213,22,22,0.0
13751,spillage,2030,213,23,23,0.0
13752,spillage,2030,213,24,24,0.0
13753,spillage,2030,214,1,1,0.0
13754,spillage,2030,214,2,2,0.0
13755,spillage,2030,214,3,3,0.0
13756,spillage,2030,214,4,4,0.0
13757,spillage,2030,214,5,5,0.0
13758,spillage,2030,214,6,6,0.0
13759,spillage,2030,214,7,7,0.0
13760,spillage,2030,214,8,8,0.0
13761,spillage,2030,214,9,9,0.0
13762,spillage,2030,214,10,10,0.0
13763,spillage,2030,214,11,11,0.0
13764,spillage,2030,214,12,12,0.0
13765,spillage,2030,214,13,13,0.0
13766,spillage,2030,214,14,14,0.0
13767,spillage,2030,214,15,15,0.0
13768,spillage,2030,214,16,16,0.0
13769,spillage,2030,214,17,17,0.0
13770,spillage,2030,214,18,18,0.0
13771,spillage,2030,214,19,19,0.0
13772,spillage,2030,214,20,20,0.0
13773,spillage,2030,214,21,21,0.0
13774,spillage,2030,214,22,22,0.0
13775,spillage,2030,214,23,23,0.0
13776,spillage,2030,214,24,24,0.0
13777,spillage,2030,215,1,1,0.0
13778,spillage,2030,215,2,2,0.0
13779,spillage,2030,215,3,3,0.0
13780,spillage,2030,215,4,4,0.0
13781,spillage,2030,215,5,5,0.0
13782,spillage,2030,215,6,6,0.0
13783,spillage,2030,215,7,7,0.0
13784,spillage,2030,215,8,8,0.0
13785,spillage,2030,215,9,9,0.0
13786,spillage,2030,215,10,10,0.0
13787,spillage,2030,215,11,11,0.0
13788,spillage,2030,215,12,12,0.0
13789,spillage,2030,215,13,13,0.0
13790,spillage,2030,215,14,14,0.0
13791,spillage,2030,215,15,15,0.0
13792,spillage,2030,215,16,16,0.0
13793,spillage,2030,215,17,17,0.0
13794,spillage,2030,215,18,18,0.0
13795,spillage,2030,215,19,19,0.0
13796,spillage,2030,215,20,20,0.0
13797,spillage,2030,215,21,21,0.0
13798,spillage,2030,215,22,22,0.0
13799,spillage,2030,215,23,23,0.0
13800,spillage,2030,215,24,24,0.0
13801,spillage,2030,216,1,1,0.0
13802,spillage,2030,216,2,2,0.0
13803,spillage,2030,216,3,3,0.0
13804,spillage,2030,216,4,4,0.0
13805,spillage,2030,216,5,5,0.0
13806,spillage,2030,216,6,6,0.0
13807,spillage,2030,216,7,7,0.0
13808,spillage,2030,216,8,8,0.0
13809,spillage,2030,216,9,9,0.0
13810,spillage,2030,216,10,10,0.0
13811,spillage,2030,216,11,11,0.0
13812,spillage,2030,216,12,12,0.0
13813,spillage,2030,216,13,13,0.0
13814,spillage,2030,216,14,14,0.0
13815,spillage,2030,216,15,15,0.0
13816,spillage,2030,216,16,16,0.0
13817,spillage,2030,216,17,17,0.0
13818,spillage,2030,216,18,18,0.0
13819,spillage,2030,216,19,19,0.0
13820,spillage,2030,216,20,20,0.0
13821,spillage,2030,216,21,21,0.0
13822,spillage,2030,216,22,22,0.0
13823,spillage,2030,216,23,23,0.0
13824,spillage,2030,216,24,24,0.0
13825,spillage,2030,217,1,1,0.0
13826,spillage,2030,217,2,2,0.0
13827,spillage,2030,217,3,3,0.0
13828,spillage,2030,217,4,4,0.0
13829,spillage,2030,217,5,5,0.0
13830,spillage,2030,217,6,6,0.0
13831,spillage,2030,217,7,7,0.0
13832,spillage,2030,217,8,8,0.0
13833,spillage,2030,217,9,9,0.0
13834,spillage,2030,217,10,10,0.0
13835,spillage,2030,217,11,11,0.0
13836,spillage,2030,217,12,12,0.0
13837,spillage,2030,217,13,13,0.0
13838,spillage,2030,217,14,14,0.0
13839,spillage,2030,217,15,15,0.0
13840,spillage,2030,217,16,16,0.0
13841,spillage,2030,217,17,17,0.0
13842,spillage,2030,217,18,18,0.0
13843,spillage,2030,217,19,19,0.0
13844,spillage,2030,217,20,20,0.0
13845,spillage,2030,217,21,21,0.0
13846,spillage,2030,217,22,22,0.0
13847,spillage,2030,217,23,23,0.0
13848,spillage,2030,217,24,24,0.0
13849,spillage,2030,218,1,1,0.0
13850,spillage,2030,218,2,2,0.0
13851,spillage,2030,218,3,3,0.0
13852,spillage,2030,218,4,4,0.0
13853,spillage,2030,218,5,5,0.0
13854,spillage,2030,218,6,6,0.0
13855,spillage,2030,218,7,7,0.0
13856,spillage,2030,218,8,8,0.0
13857,spillage,2030,218,9,9,0.0
13858,spillage,2030,218,10,10,0.0
13859,spillage,2030,218,11,11,0.0
13860,spillage,2030,218,12,12,0.0
13861,spillage,2030,218,13,13,0.0
13862,spillage,2030,218,14,14,0.0
13863,spillage,2030,218,15,15,0.0
13864,spillage,2030,218,16,16,0.0
13865,spillage,2030,218,17,17,0.0
13866,spillage,2030,218,18,18,0.0
13867,spillage,2030,218,19,19,0.0
13868,spillage,2030,218,20,20,0.0
13869,spillage,2030,218,21,21,0.0
13870,spillage,2030,218,22,22,0.0
13871,spillage,2030,218,23,23,0.0
13872,spillage,2030,218,24,24,0.0
13873,spillage,2030,219,1,1,0.0
13874,spillage,2030,219,2,2,0.0
13875,spillage,2030,219,3,3,0.0
13876,spillage,2030,219,4,4,0.0
13877,spillage,2030,219,5,5,0.0
13878,spillage,2030,219,6,6,0.0
13879,spillage,2030,219,7,7,0.0
13880,spillage,2030,219,8,8,0.0
13881,spillage,2030,219,9,9,0.0
13882,spillage,2030,219,10,10,0.0
13883,spillage,2030,219,11,11,0.0
13884,spillage,2030,219,12,12,0.0
13885,spillage,2030,219,13,13,0.0
13886,spillage,2030,219,14,14,0.0
13887,spillage,2030,219,15,15,0.0
13888,spillage,2030,219,16,16,0.0
13889,spillage,2030,219,17,17,0.0
13890,spillage,2030,219,18,18,0.0
13891,spillage,2030,219,19,19,0.0
13892,spillage,2030,219,20,20,0.0
13893,spillage,2030,219,21,21,0.0
13894,spillage,2030,219,22,22,0.0
13895,spillage,2030,219,23,23,0.0
13896,spillage,2030,219,24,24,0.0
13897,spillage,2030,220,1,1,0.0
13898,spillage,2030,220,2,2,0.0
13899,spillage,2030,220,3,3,0.0
13900,spillage,2030,220,4,4,0.0
13901,spillage,2030,220,5,5,0.0
13902,spillage,2030,220,6,6,0.0
13903,spillage,2030,220,7,7,0.0
13904,spillage,2030,220,8,8,0.0
13905,spillage,2030,220,9,9,0.0
13906,spillage,2030,220,10,10,0.0
13907,spillage,2030,220,11,11,0.0
13908,spillage,2030,220,12,12,0.0
13909,spillage,2030,220,13,13,0.0
13910,spillage,2030,220,14,14,0.0
13911,spillage,2030,220,15,15,0.0
13912,spillage,2030,220,16,16,0.0
13913,spillage,2030,220,17,17,0.0
13914,spillage,2030,220,18,18,0.0
13915,spillage,2030,220,19,19,0.0
13916,spillage,2030,220,20,20,0.0
13917,spillage,2030,220,21,21,0.0
13918,spillage,2030,220,22,22,0.0
13919,spillage,2030,220,23,23,0.0
13920,spillage,2030,220,24,24,0.0
13921,spillage,2030,221,1,1,0.0
13922,spillage,2030,221,2,2,0.0
13923,spillage,2030,221,3,3,0.0
13924,spillage,2030,221,4,4,0.0
13925,spillage,2030,221,5,5,0.0
13926,spillage,2030,221,6,6,0.0
13927,spillage,2030,221,7,7,0.0
13928,spillage,2030,221,8,8,0.0
13929,spillage,2030,221,9,9,0.0
13930,spillage,2030,221,10,10,0.0
13931,spillage,2030,221,11,11,0.0
13932,spillage,2030,221,12,12,0.0
13933,spillage,2030,221,13,13,0.0
13934,spillage,2030,221,14,14,0.0
13935,spillage,2030,221,15,15,0.0
13936,spillage,2030,221,16,16,0.0
13937,spillage,2030,221,17,17,0.0
13938,spillage,2030,221,18,18,0.0
13939,spillage,2030,221,19,19,0.0
13940,spillage,2030,221,20,20,0.0
13941,spillage,2030,221,21,21,0.0
13942,spillage,2030,221,22,22,0.0
13943,spillage,2030,221,23,23,0.0
13944,spillage,2030,221,24,24,0.0
13945,spillage,2030,222,1,1,0.0
13946,spillage,2030,222,2,2,0.0
13947,spillage,2030,222,3,3,0.0
13948,spillage,2030,222,4,4,0.0
13949,spillage,2030,222,5,5,0.0
13950,spillage,2030,222,6,6,0.0
13951,spillage,2030,222,7,7,0.0
13952,spillage,2030,222,8,8,0.0
13953,spillage,2030,222,9,9,0.0
13954,spillage,2030,222,10,10,0.0
13955,spillage,2030,222,11,11,0.0
13956,spillage,2030,222,12,12,0.0
13957,spillage,2030,222,13,13,0.0
13958,spillage,2030,222,14,14,0.0
13959,spillage,2030,222,15,15,0.0
13960,spillage,2030,222,16,16,0.0
13961,spillage,2030,222,17,17,0.0
13962,spillage,2030,222,18,18,0.0
13963,spillage,2030,222,19,19,0.0
13964,spillage,2030,222,20,20,0.0
13965,spillage,2030,222,21,21,0.0
13966,spillage,2030,222,22,22,0.0
13967,spillage,2030,222,23,23,0.0
13968,spillage,2030,222,24,24,0.0
13969,spillage,2030,223,1,1,0.0
13970,spillage,2030,223,2,2,0.0
13971,spillage,2030,223,3,3,0.0
13972,spillage,2030,223,4,4,0.0
13973,spillage,2030,223,5,5,0.0
13974,spillage,2030,223,6,6,0.0
13975,spillage,2030,223,7,7,0.0
13976,spillage,2030,223,8,8,0.0
13977,spillage,2030,223,9,9,0.0
13978,spillage,2030,223,10,10,0.0
13979,spillage,2030,223,11,11,0.0
13980,spillage,2030,223,12,12,0.0
13981,spillage,2030,223,13,13,0.0
13982,spillage,2030,223,14,14,0.0
13983,spillage,2030,223,15,15,0.0
13984,spillage,2030,223,16,16,0.0
13985,spillage,2030,223,17,17,0.0
13986,spillage,2030,223,18,18,0.0
13987,spillage,2030,223,19,19,0.0
13988,spillage,2030,223,20,20,0.0
13989,spillage,2030,223,21,21,0.0
13990,spillage,2030,223,22,22,0.0
13991,spillage,2030,223,23,23,0.0
13992,spillage,2030,223,24,24,0.0
13993,spillage,2030,224,1,1,0.0
13994,spillage,2030,224,2,2,0.0
13995,spillage,2030,224,3,3,0.0
13996,spillage,2030,224,4,4,0.0
13997,spillage,2030,224,5,5,0.0
13998,spillage,2030,224,6,6,0.0
13999,spillage,2030,224,7,7,0.0
14000,spillage,2030,224,8,8,0.0
14001,spillage,2030,224,9,9,0.0
14002,spillage,2030,224,10,10,0.0
14003,spillage,2030,224,11,11,0.0
14004,spillage,2030,224,12,12,0.0
14005,spillage,2030,224,13,13,0.0
14006,spillage,2030,224,14,14,0.0
14007,spillage,2030,224,15,15,0.0
14008,spillage,2030,224,16,16,0.0
14009,spillage,2030,224,17,17,0.0
14010,spillage,2030,224,18,18,0.0
14011,spillage,2030,224,19,19,0.0
14012,spillage,2030,224,20,20,0.0
14013,spillage,2030,224,21,21,0.0
14014,spillage,2030,224,22,22,0.0
14015,spillage,2030,224,23,23,0.0
14016,spillage,2030,224,24,24,0.0
14017,spillage,2030,225,1,1,0.0
14018,spillage,2030,225,2,2,0.0
14019,spillage,2030,225,3,3,0.0
14020,spillage,2030,225,4,4,0.0
14021,spillage,2030,225,5,5,0.0
14022,spillage,2030,225,6,6,0.0
14023,spillage,2030,225,7,7,0.0
14024,spillage,2030,225,8,8,0.0
14025,spillage,2030,225,9,9,0.0
14026,spillage,2030,225,10,10,0.0
14027,spillage,2030,225,11,11,0.0
14028,spillage,2030,225,12,12,0.0
14029,spillage,2030,225,13,13,0.0
14030,spillage,2030,225,14,14,0.0
14031,spillage,2030,225,15,15,0.0
14032,spillage,2030,225,16,16,0.0
14033,spillage,2030,225,17,17,0.0
14034,spillage,2030,225,18,18,0.0
14035,spillage,2030,225,19,19,0.0
14036,spillage,2030,225,20,20,0.0
14037,spillage,2030,225,21,21,0.0
14038,spillage,2030,225,22,22,0.0
14039,spillage,2030,225,23,23,0.0
14040,spillage,2030,225,24,24,0.0
14041,spillage,2030,226,1,1,0.0
14042,spillage,2030,226,2,2,0.0
14043,spillage,2030,226,3,3,0.0
14044,spillage,2030,226,4,4,0.0
14045,spillage,2030,226,5,5,0.0
14046,spillage,2030,226,6,6,0.0
14047,spillage,2030,226,7,7,0.0
14048,spillage,2030,226,8,8,0.0
14049,spillage,2030,226,9,9,0.0
14050,spillage,2030,226,10,10,0.0
14051,spillage,2030,226,11,11,0.0
14052,spillage,2030,226,12,12,0.0
14053,spillage,2030,226,13,13,0.0
14054,spillage,2030,226,14,14,0.0
14055,spillage,2030,226,15,15,0.0
14056,spillage,2030,226,16,16,0.0
14057,spillage,2030,226,17,17,0.0
14058,spillage,2030,226,18,18,0.0
14059,spillage,2030,226,19,19,0.0
14060,spillage,2030,226,20,20,0.0
14061,spillage,2030,226,21,21,0.0
14062,spillage,2030,226,22,22,0.0
14063,spillage,2030,226,23,23,0.0
14064,spillage,2030,226,24,24,0.0
14065,spillage,2030,227,1,1,0.0
14066,spillage,2030,227,2,2,0.0
14067,spillage,2030,227,3,3,0.0
14068,spillage,2030,227,4,4,0.0
14069,spillage,2030,227,5,5,0.0
14070,spillage,2030,227,6,6,0.0
14071,spillage,2030,227,7,7,0.0
14072,spillage,2030,227,8,8,0.0
14073,spillage,2030,227,9,9,0.0
14074,spillage,2030,227,10,10,0.0
14075,spillage,2030,227,11,11,0.0
14076,spillage,2030,227,12,12,0.0
14077,spillage,2030,227,13,13,0.0
14078,spillage,2030,227,14,14,0.0
14079,spillage,2030,227,15,15,0.0
14080,spillage,2030,227,16,16,0.0
14081,spillage,2030,227,17,17,0.0
14082,spillage,2030,227,18,18,0.0
14083,spillage,2030,227,19,19,0.0
14084,spillage,2030,227,20,20,0.0
14085,spillage,2030,227,21,21,0.0
14086,spillage,2030,227,22,22,0.0
14087,spillage,2030,227,23,23,0.0
14088,spillage,2030,227,24,24,0.0
14089,spillage,2030,228,1,1,0.0
14090,spillage,2030,228,2,2,0.0
14091,spillage,2030,228,3,3,0.0
14092,spillage,2030,228,4,4,0.0
14093,spillage,2030,228,5,5,0.0
14094,spillage,2030,228,6,6,0.0
14095,spillage,2030,228,7,7,0.0
14096,spillage,2030,228,8,8,0.0
14097,spillage,2030,228,9,9,0.0
14098,spillage,2030,228,10,10,0.0
14099,spillage,2030,228,11,11,0.0
14100,spillage,2030,228,12,12,0.0
14101,spillage,2030,228,13,13,0.0
14102,spillage,2030,228,14,14,0.0
14103,spillage,2030,228,15,15,0.0
14104,spillage,2030,228,16,16,0.0
14105,spillage,2030,228,17,17,0.0
14106,spillage,2030,228,18,18,0.0
14107,spillage,2030,228,19,19,0.0
14108,spillage,2030,228,20,20,0.0
14109,spillage,2030,228,21,21,0.0
14110,spillage,2030,228,22,22,0.0
14111,spillage,2030,228,23,23,0.0
14112,spillage,2030,228,24,24,0.0
14113,spillage,2030,229,1,1,0.0
14114,spillage,2030,229,2,2,0.0
14115,spillage,2030,229,3,3,0.0
14116,spillage,2030,229,4,4,0.0
14117,spillage,2030,229,5,5,0.0
14118,spillage,2030,229,6,6,0.0
14119,spillage,2030,229,7,7,0.0
14120,spillage,2030,229,8,8,0.0
14121,spillage,2030,229,9,9,0.0
14122,spillage,2030,229,10,10,0.0
14123,spillage,2030,229,11,11,0.0
14124,spillage,2030,229,12,12,0.0
14125,spillage,2030,229,13,13,0.0
14126,spillage,2030,229,14,14,0.0
14127,spillage,2030,229,15,15,0.0
14128,spillage,2030,229,16,16,0.0
14129,spillage,2030,229,17,17,0.0
14130,spillage,2030,229,18,18,0.0
14131,spillage,2030,229,19,19,0.0
14132,spillage,2030,229,20,20,0.0
14133,spillage,2030,229,21,21,0.0
14134,spillage,2030,229,22,22,0.0
14135,spillage,2030,229,23,23,0.0
14136,spillage,2030,229,24,24,0.0
14137,spillage,2030,230,1,1,0.0
14138,spillage,2030,230,2,2,0.0
14139,spillage,2030,230,3,3,0.0
14140,spillage,2030,230,4,4,0.0
14141,spillage,2030,230,5,5,0.0
14142,spillage,2030,230,6,6,0.0
14143,spillage,2030,230,7,7,0.0
14144,spillage,2030,230,8,8,0.0
14145,spillage,2030,230,9,9,0.0
14146,spillage,2030,230,10,10,0.0
14147,spillage,2030,230,11,11,0.0
14148,spillage,2030,230,12,12,0.0
14149,spillage,2030,230,13,13,0.0
14150,spillage,2030,230,14,14,0.0
14151,spillage,2030,230,15,15,0.0
14152,spillage,2030,230,16,16,0.0
14153,spillage,2030,230,17,17,0.0
14154,spillage,2030,230,18,18,0.0
14155,spillage,2030,230,19,19,0.0
14156,spillage,2030,230,20,20,0.0
14157,spillage,2030,230,21,21,0.0
14158,spillage,2030,230,22,22,0.0
14159,spillage,2030,230,23,23,0.0
14160,spillage,2030,230,24,24,0.0
14161,spillage,2030,231,1,1,0.0
14162,spillage,2030,231,2,2,0.0
14163,spillage,2030,231,3,3,0.0
14164,spillage,2030,231,4,4,0.0
14165,spillage,2030,231,5,5,0.0
14166,spillage,2030,231,6,6,0.0
14167,spillage,2030,231,7,7,0.0
14168,spillage,2030,231,8,8,0.0
14169,spillage,2030,231,9,9,0.0
14170,spillage,2030,231,10,10,0.0
14171,spillage,2030,231,11,11,0.0
14172,spillage,2030,231,12,12,0.0
14173,spillage,2030,231,13,13,0.0
14174,spillage,2030,231,14,14,0.0
14175,spillage,2030,231,15,15,0.0
14176,spillage,2030,231,16,16,0.0
14177,spillage,2030,231,17,17,0.0
14178,spillage,2030,231,18,18,0.0
14179,spillage,2030,231,19,19,0.0
14180,spillage,2030,231,20,20,0.0
14181,spillage,2030,231,21,21,0.0
14182,spillage,2030,231,22,22,0.0
14183,spillage,2030,231,23,23,0.0
14184,spillage,2030,231,24,24,0.0
14185,spillage,2030,232,1,1,0.0
14186,spillage,2030,232,2,2,0.0
14187,spillage,2030,232,3,3,0.0
14188,spillage,2030,232,4,4,0.0
14189,spillage,2030,232,5,5,0.0
14190,spillage,2030,232,6,6,0.0
14191,spillage,2030,232,7,7,0.0
14192,spillage,2030,232,8,8,0.0
14193,spillage,2030,232,9,9,0.0
14194,spillage,2030,232,10,10,0.0
14195,spillage,2030,232,11,11,0.0
14196,spillage,2030,232,12,12,0.0
14197,spillage,2030,232,13,13,0.0
14198,spillage,2030,232,14,14,0.0
14199,spillage,2030,232,15,15,0.0
14200,spillage,2030,232,16,16,0.0
14201,spillage,2030,232,17,17,0.0
14202,spillage,2030,232,18,18,0.0
14203,spillage,2030,232,19,19,0.0
14204,spillage,2030,232,20,20,0.0
14205,spillage,2030,232,21,21,0.0
14206,spillage,2030,232,22,22,0.0
14207,spillage,2030,232,23,23,0.0
14208,spillage,2030,232,24,24,0.0
14209,spillage,2030,233,1,1,0.0
14210,spillage,2030,233,2,2,0.0
14211,spillage,2030,233,3,3,0.0
14212,spillage,2030,233,4,4,0.0
14213,spillage,2030,233,5,5,0.0
14214,spillage,2030,233,6,6,0.0
14215,spillage,2030,233,7,7,0.0
14216,spillage,2030,233,8,8,0.0
14217,spillage,2030,233,9,9,0.0
14218,spillage,2030,233,10,10,0.0
14219,spillage,2030,233,11,11,0.0
14220,spillage,2030,233,12,12,0.0
14221,spillage,2030,233,13,13,0.0
14222,spillage,2030,233,14,14,0.0
14223,spillage,2030,233,15,15,0.0
14224,spillage,2030,233,16,16,0.0
14225,spillage,2030,233,17,17,0.0
14226,spillage,2030,233,18,18,0.0
14227,spillage,2030,233,19,19,0.0
14228,spillage,2030,233,20,20,0.0
14229,spillage,2030,233,21,21,0.0
14230,spillage,2030,233,22,22,0.0
14231,spillage,2030,233,23,23,0.0
14232,spillage,2030,233,24,24,0.0
14233,spillage,2030,234,1,1,0.0
14234,spillage,2030,234,2,2,0.0
14235,spillage,2030,234,3,3,0.0
14236,spillage,2030,234,4,4,0.0
14237,spillage,2030,234,5,5,0.0
14238,spillage,2030,234,6,6,0.0
14239,spillage,2030,234,7,7,0.0
14240,spillage,2030,234,8,8,0.0
14241,spillage,2030,234,9,9,0.0
14242,spillage,2030,234,10,10,0.0
14243,spillage,2030,234,11,11,0.0
14244,spillage,2030,234,12,12,0.0
14245,spillage,2030,234,13,13,0.0
14246,spillage,2030,234,14,14,0.0
14247,spillage,2030,234,15,15,0.0
14248,spillage,2030,234,16,16,0.0
14249,spillage,2030,234,17,17,0.0
14250,spillage,2030,234,18,18,0.0
14251,spillage,2030,234,19,19,0.0
14252,spillage,2030,234,20,20,0.0
14253,spillage,2030,234,21,21,0.0
14254,spillage,2030,234,22,22,0.0
14255,spillage,2030,234,23,23,0.0
14256,spillage,2030,234,24,24,0.0
14257,spillage,2030,235,1,1,0.0
14258,spillage,2030,235,2,2,0.0
14259,spillage,2030,235,3,3,0.0
14260,spillage,2030,235,4,4,0.0
14261,spillage,2030,235,5,5,0.0
14262,spillage,2030,235,6,6,0.0
14263,spillage,2030,235,7,7,0.0
14264,spillage,2030,235,8,8,0.0
14265,spillage,2030,235,9,9,0.0
14266,spillage,2030,235,10,10,0.0
14267,spillage,2030,235,11,11,0.0
14268,spillage,2030,235,12,12,0.0
14269,spillage,2030,235,13,13,0.0
14270,spillage,2030,235,14,14,0.0
14271,spillage,2030,235,15,15,0.0
14272,spillage,2030,235,16,16,0.0
14273,spillage,2030,235,17,17,0.0
14274,spillage,2030,235,18,18,0.0
14275,spillage,2030,235,19,19,0.0
14276,spillage,2030,235,20,20,0.0
14277,spillage,2030,235,21,21,0.0
14278,spillage,2030,235,22,22,0.0
14279,spillage,2030,235,23,23,0.0
14280,spillage,2030,235,24,24,0.0
14281,spillage,2030,236,1,1,0.0
14282,spillage,2030,236,2,2,0.0
14283,spillage,2030,236,3,3,0.0
14284,spillage,2030,236,4,4,0.0
14285,spillage,2030,236,5,5,0.0
14286,spillage,2030,236,6,6,0.0
14287,spillage,2030,236,7,7,0.0
14288,spillage,2030,236,8,8,0.0
14289,spillage,2030,236,9,9,0.0
14290,spillage,2030,236,10,10,0.0
14291,spillage,2030,236,11,11,0.0
14292,spillage,2030,236,12,12,0.0
14293,spillage,2030,236,13,13,0.0
14294,spillage,2030,236,14,14,0.0
14295,spillage,2030,236,15,15,0.0
14296,spillage,2030,236,16,16,0.0
14297,spillage,2030,236,17,17,0.0
14298,spillage,2030,236,18,18,0.0
14299,spillage,2030,236,19,19,0.0
14300,spillage,2030,236,20,20,0.0
14301,spillage,2030,236,21,21,0.0
14302,spillage,2030,236,22,22,0.0
14303,spillage,2030,236,23,23,0.0
14304,spillage,2030,236,24,24,0.0
14305,spillage,2030,237,1,1,0.0
14306,spillage,2030,237,2,2,0.0
14307,spillage,2030,237,3,3,0.0
14308,spillage,2030,237,4,4,0.0
14309,spillage,2030,237,5,5,0.0
14310,spillage,2030,237,6,6,0.0
14311,spillage,2030,237,7,7,0.0
14312,spillage,2030,237,8,8,0.0
14313,spillage,2030,237,9,9,0.0
14314,spillage,2030,237,10,10,0.0
14315,spillage,2030,237,11,11,0.0
14316,spillage,2030,237,12,12,0.0
14317,spillage,2030,237,13,13,0.0
14318,spillage,2030,237,14,14,0.0
14319,spillage,2030,237,15,15,0.0
14320,spillage,2030,237,16,16,0.0
14321,spillage,2030,237,17,17,0.0
14322,spillage,2030,237,18,18,0.0
14323,spillage,2030,237,19,19,0.0
14324,spillage,2030,237,20,20,0.0
14325,spillage,2030,237,21,21,0.0
14326,spillage,2030,237,22,22,0.0
14327,spillage,2030,237,23,23,0.0
14328,spillage,2030,237,24,24,0.0
14329,spillage,2030,238,1,1,0.0
14330,spillage,2030,238,2,2,0.0
14331,spillage,2030,238,3,3,0.0
14332,spillage,2030,238,4,4,0.0
14333,spillage,2030,238,5,5,0.0
14334,spillage,2030,238,6,6,0.0
14335,spillage,2030,238,7,7,0.0
14336,spillage,2030,238,8,8,0.0
14337,spillage,2030,238,9,9,0.0
14338,spillage,2030,238,10,10,0.0
14339,spillage,2030,238,11,11,0.0
14340,spillage,2030,238,12,12,0.0
14341,spillage,2030,238,13,13,0.0
14342,spillage,2030,238,14,14,0.0
14343,spillage,2030,238,15,15,0.0
14344,spillage,2030,238,16,16,0.0
14345,spillage,2030,238,17,17,0.0
14346,spillage,2030,238,18,18,0.0
14347,spillage,2030,238,19,19,0.0
14348,spillage,2030,238,20,20,0.0
14349,spillage,2030,238,21,21,0.0
14350,spillage,2030,238,22,22,0.0
14351,spillage,2030,238,23,23,0.0
14352,spillage,2030,238,24,24,0.0
14353,spillage,2030,239,1,1,0.0
14354,spillage,2030,239,2,2,0.0
14355,spillage,2030,239,3,3,0.0
14356,spillage,2030,239,4,4,0.0
14357,spillage,2030,239,5,5,0.0
14358,spillage,2030,239,6,6,0.0
14359,spillage,2030,239,7,7,0.0
14360,spillage,2030,239,8,8,0.0
14361,spillage,2030,239,9,9,0.0
14362,spillage,2030,239,10,10,0.0
14363,spillage,2030,239,11,11,0.0
14364,spillage,2030,239,12,12,0.0
14365,spillage,2030,239,13,13,0.0
14366,spillage,2030,239,14,14,0.0
14367,spillage,2030,239,15,15,0.0
14368,spillage,2030,239,16,16,0.0
14369,spillage,2030,239,17,17,0.0
14370,spillage,2030,239,18,18,0.0
14371,spillage,2030,239,19,19,0.0
14372,spillage,2030,239,20,20,0.0
14373,spillage,2030,239,21,21,0.0
14374,spillage,2030,239,22,22,0.0
14375,spillage,2030,239,23,23,0.0
14376,spillage,2030,239,24,24,0.0
14377,spillage,2030,240,1,1,0.0
14378,spillage,2030,240,2,2,0.0
14379,spillage,2030,240,3,3,0.0
14380,spillage,2030,240,4,4,0.0
14381,spillage,2030,240,5,5,0.0
14382,spillage,2030,240,6,6,0.0
14383,spillage,2030,240,7,7,0.0
14384,spillage,2030,240,8,8,0.0
14385,spillage,2030,240,9,9,0.0
14386,spillage,2030,240,10,10,0.0
14387,spillage,2030,240,11,11,0.0
14388,spillage,2030,240,12,12,0.0
14389,spillage,2030,240,13,13,0.0
14390,spillage,2030,240,14,14,0.0
14391,spillage,2030,240,15,15,0.0
14392,spillage,2030,240,16,16,0.0
14393,spillage,2030,240,17,17,0.0
14394,spillage,2030,240,18,18,0.0
14395,spillage,2030,240,19,19,0.0
14396,spillage,2030,240,20,20,0.0
14397,spillage,2030,240,21,21,0.0
14398,spillage,2030,240,22,22,0.0
14399,spillage,2030,240,23,23,0.0
14400,spillage,2030,240,24,24,0.0
14401,spillage,2030,241,1,1,0.0
14402,spillage,2030,241,2,2,0.0
14403,spillage,2030,241,3,3,0.0
14404,spillage,2030,241,4,4,0.0
14405,spillage,2030,241,5,5,0.0
14406,spillage,2030,241,6,6,0.0
14407,spillage,2030,241,7,7,0.0
14408,spillage,2030,241,8,8,0.0
14409,spillage,2030,241,9,9,0.0
14410,spillage,2030,241,10,10,0.0
14411,spillage,2030,241,11,11,0.0
14412,spillage,2030,241,12,12,0.0
14413,spillage,2030,241,13,13,0.0
14414,spillage,2030,241,14,14,0.0
14415,spillage,2030,241,15,15,0.0
14416,spillage,2030,241,16,16,0.0
14417,spillage,2030,241,17,17,0.0
14418,spillage,2030,241,18,18,0.0
14419,spillage,2030,241,19,19,0.0
14420,spillage,2030,241,20,20,0.0
14421,spillage,2030,241,21,21,0.0
14422,spillage,2030,241,22,22,0.0
14423,spillage,2030,241,23,23,0.0
14424,spillage,2030,241,24,24,0.0
14425,spillage,2030,242,1,1,0.0
14426,spillage,2030,242,2,2,0.0
14427,spillage,2030,242,3,3,0.0
14428,spillage,2030,242,4,4,0.0
14429,spillage,2030,242,5,5,0.0
14430,spillage,2030,242,6,6,0.0
14431,spillage,2030,242,7,7,0.0
14432,spillage,2030,242,8,8,0.0
14433,spillage,2030,242,9,9,0.0
14434,spillage,2030,242,10,10,0.0
14435,spillage,2030,242,11,11,0.0
14436,spillage,2030,242,12,12,0.0
14437,spillage,2030,242,13,13,0.0
14438,spillage,2030,242,14,14,0.0
14439,spillage,2030,242,15,15,0.0
14440,spillage,2030,242,16,16,0.0
14441,spillage,2030,242,17,17,0.0
14442,spillage,2030,242,18,18,0.0
14443,spillage,2030,242,19,19,0.0
14444,spillage,2030,242,20,20,0.0
14445,spillage,2030,242,21,21,0.0
14446,spillage,2030,242,22,22,0.0
14447,spillage,2030,242,23,23,0.0
14448,spillage,2030,242,24,24,0.0
14449,spillage,2030,243,1,1,0.0
14450,spillage,2030,243,2,2,0.0
14451,spillage,2030,243,3,3,0.0
14452,spillage,2030,243,4,4,0.0
14453,spillage,2030,243,5,5,0.0
14454,spillage,2030,243,6,6,0.0
14455,spillage,2030,243,7,7,0.0
14456,spillage,2030,243,8,8,0.0
14457,spillage,2030,243,9,9,0.0
14458,spillage,2030,243,10,10,0.0
14459,spillage,2030,243,11,11,0.0
14460,spillage,2030,243,12,12,0.0
14461,spillage,2030,243,13,13,0.0
14462,spillage,2030,243,14,14,0.0
14463,spillage,2030,243,15,15,0.0
14464,spillage,2030,243,16,16,0.0
14465,spillage,2030,243,17,17,0.0
14466,spillage,2030,243,18,18,0.0
14467,spillage,2030,243,19,19,0.0
14468,spillage,2030,243,20,20,0.0
14469,spillage,2030,243,21,21,0.0
14470,spillage,2030,243,22,22,0.0
14471,spillage,2030,243,23,23,0.0
14472,spillage,2030,243,24,24,0.0
14473,spillage,2030,244,1,1,0.0
14474,spillage,2030,244,2,2,0.0
14475,spillage,2030,244,3,3,0.0
14476,spillage,2030,244,4,4,0.0
14477,spillage,2030,244,5,5,0.0
14478,spillage,2030,244,6,6,0.0
14479,spillage,2030,244,7,7,0.0
14480,spillage,2030,244,8,8,0.0
14481,spillage,2030,244,9,9,0.0
14482,spillage,2030,244,10,10,0.0
14483,spillage,2030,244,11,11,0.0
14484,spillage,2030,244,12,12,0.0
14485,spillage,2030,244,13,13,0.0
14486,spillage,2030,244,14,14,0.0
14487,spillage,2030,244,15,15,0.0
14488,spillage,2030,244,16,16,0.0
14489,spillage,2030,244,17,17,0.0
14490,spillage,2030,244,18,18,0.0
14491,spillage,2030,244,19,19,0.0
14492,spillage,2030,244,20,20,0.0
14493,spillage,2030,244,21,21,0.0
14494,spillage,2030,244,22,22,0.0
14495,spillage,2030,244,23,23,0.0
14496,spillage,2030,244,24,24,0.0
14497,spillage,2030,245,1,1,0.0
14498,spillage,2030,245,2,2,0.0
14499,spillage,2030,245,3,3,0.0
14500,spillage,2030,245,4,4,0.0
14501,spillage,2030,245,5,5,0.0
14502,spillage,2030,245,6,6,0.0
14503,spillage,2030,245,7,7,0.0
14504,spillage,2030,245,8,8,0.0
14505,spillage,2030,245,9,9,0.0
14506,spillage,2030,245,10,10,0.0
14507,spillage,2030,245,11,11,0.0
14508,spillage,2030,245,12,12,0.0
14509,spillage,2030,245,13,13,0.0
14510,spillage,2030,245,14,14,0.0
14511,spillage,2030,245,15,15,0.0
14512,spillage,2030,245,16,16,0.0
14513,spillage,2030,245,17,17,0.0
14514,spillage,2030,245,18,18,0.0
14515,spillage,2030,245,19,19,0.0
14516,spillage,2030,245,20,20,0.0
14517,spillage,2030,245,21,21,0.0
14518,spillage,2030,245,22,22,0.0
14519,spillage,2030,245,23,23,0.0
14520,spillage,2030,245,24,24,0.0
14521,spillage,2030,246,1,1,0.0
14522,spillage,2030,246,2,2,0.0
14523,spillage,2030,246,3,3,0.0
14524,spillage,2030,246,4,4,0.0
14525,spillage,2030,246,5,5,0.0
14526,spillage,2030,246,6,6,0.0
14527,spillage,2030,246,7,7,0.0
14528,spillage,2030,246,8,8,0.0
14529,spillage,2030,246,9,9,0.0
14530,spillage,2030,246,10,10,0.0
14531,spillage,2030,246,11,11,0.0
14532,spillage,2030,246,12,12,0.0
14533,spillage,2030,246,13,13,0.0
14534,spillage,2030,246,14,14,0.0
14535,spillage,2030,246,15,15,0.0
14536,spillage,2030,246,16,16,0.0
14537,spillage,2030,246,17,17,0.0
14538,spillage,2030,246,18,18,0.0
14539,spillage,2030,246,19,19,0.0
14540,spillage,2030,246,20,20,0.0
14541,spillage,2030,246,21,21,0.0
14542,spillage,2030,246,22,22,0.0
14543,spillage,2030,246,23,23,0.0
14544,spillage,2030,246,24,24,0.0
14545,spillage,2030,247,1,1,0.0
14546,spillage,2030,247,2,2,0.0
14547,spillage,2030,247,3,3,0.0
14548,spillage,2030,247,4,4,0.0
14549,spillage,2030,247,5,5,0.0
14550,spillage,2030,247,6,6,0.0
14551,spillage,2030,247,7,7,0.0
14552,spillage,2030,247,8,8,0.0
14553,spillage,2030,247,9,9,0.0
14554,spillage,2030,247,10,10,0.0
14555,spillage,2030,247,11,11,0.0
14556,spillage,2030,247,12,12,0.0
14557,spillage,2030,247,13,13,0.0
14558,spillage,2030,247,14,14,0.0
14559,spillage,2030,247,15,15,0.0
14560,spillage,2030,247,16,16,0.0
14561,spillage,2030,247,17,17,0.0
14562,spillage,2030,247,18,18,0.0
14563,spillage,2030,247,19,19,0.0
14564,spillage,2030,247,20,20,0.0
14565,spillage,2030,247,21,21,0.0
14566,spillage,2030,247,22,22,0.0
14567,spillage,2030,247,23,23,0.0
14568,spillage,2030,247,24,24,0.0
14569,spillage,2030,248,1,1,0.0
14570,spillage,2030,248,2,2,0.0
14571,spillage,2030,248,3,3,0.0
14572,spillage,2030,248,4,4,0.0
14573,spillage,2030,248,5,5,0.0
14574,spillage,2030,248,6,6,0.0
14575,spillage,2030,248,7,7,0.0
14576,spillage,2030,248,8,8,0.0
14577,spillage,2030,248,9,9,0.0
14578,spillage,2030,248,10,10,0.0
14579,spillage,2030,248,11,11,0.0
14580,spillage,2030,248,12,12,0.0
14581,spillage,2030,248,13,13,0.0
14582,spillage,2030,248,14,14,0.0
14583,spillage,2030,248,15,15,0.0
14584,spillage,2030,248,16,16,0.0
14585,spillage,2030,248,17,17,0.0
14586,spillage,2030,248,18,18,0.0
14587,spillage,2030,248,19,19,0.0
14588,spillage,2030,248,20,20,0.0
14589,spillage,2030,248,21,21,0.0
14590,spillage,2030,248,22,22,0.0
14591,spillage,2030,248,23,23,0.0
14592,spillage,2030,248,24,24,0.0
14593,spillage,2030,249,1,1,0.0
14594,spillage,2030,249,2,2,0.0
14595,spillage,2030,249,3,3,0.0
14596,spillage,2030,249,4,4,0.0
14597,spillage,2030,249,5,5,0.0
14598,spillage,2030,249,6,6,0.0
14599,spillage,2030,249,7,7,0.0
14600,spillage,2030,249,8,8,0.0
14601,spillage,2030,249,9,9,0.0
14602,spillage,2030,249,10,10,0.0
14603,spillage,2030,249,11,11,0.0
14604,spillage,2030,249,12,12,0.0
14605,spillage,2030,249,13,13,0.0
14606,spillage,2030,249,14,14,0.0
14607,spillage,2030,249,15,15,0.0
14608,spillage,2030,249,16,16,0.0
14609,spillage,2030,249,17,17,0.0
14610,spillage,2030,249,18,18,0.0
14611,spillage,2030,249,19,19,0.0
14612,spillage,2030,249,20,20,0.0
14613,spillage,2030,249,21,21,0.0
14614,spillage,2030,249,22,22,0.0
14615,spillage,2030,249,23,23,0.0
14616,spillage,2030,249,24,24,0.0
14617,spillage,2030,250,1,1,0.0
14618,spillage,2030,250,2,2,0.0
14619,spillage,2030,250,3,3,0.0
14620,spillage,2030,250,4,4,0.0
14621,spillage,2030,250,5,5,0.0
14622,spillage,2030,250,6,6,0.0
14623,spillage,2030,250,7,7,0.0
14624,spillage,2030,250,8,8,0.0
14625,spillage,2030,250,9,9,0.0
14626,spillage,2030,250,10,10,0.0
14627,spillage,2030,250,11,11,0.0
14628,spillage,2030,250,12,12,0.0
14629,spillage,2030,250,13,13,0.0
14630,spillage,2030,250,14,14,0.0
14631,spillage,2030,250,15,15,0.0
14632,spillage,2030,250,16,16,0.0
14633,spillage,2030,250,17,17,0.0
14634,spillage,2030,250,18,18,0.0
14635,spillage,2030,250,19,19,0.0
14636,spillage,2030,250,20,20,0.0
14637,spillage,2030,250,21,21,0.0
14638,spillage,2030,250,22,22,0.0
14639,spillage,2030,250,23,23,0.0
14640,spillage,2030,250,24,24,0.0
14641,spillage,2030,251,1,1,0.0
14642,spillage,2030,251,2,2,0.0
14643,spillage,2030,251,3,3,0.0
14644,spillage,2030,251,4,4,0.0
14645,spillage,2030,251,5,5,0.0
14646,spillage,2030,251,6,6,0.0
14647,spillage,2030,251,7,7,0.0
14648,spillage,2030,251,8,8,0.0
14649,spillage,2030,251,9,9,0.0
14650,spillage,2030,251,10,10,0.0
14651,spillage,2030,251,11,11,0.0
14652,spillage,2030,251,12,12,0.0
14653,spillage,2030,251,13,13,0.0
14654,spillage,2030,251,14,14,0.0
14655,spillage,2030,251,15,15,0.0
14656,spillage,2030,251,16,16,0.0
14657,spillage,2030,251,17,17,0.0
14658,spillage,2030,251,18,18,0.0
14659,spillage,2030,251,19,19,0.0
14660,spillage,2030,251,20,20,0.0
14661,spillage,2030,251,21,21,0.0
14662,spillage,2030,251,22,22,0.0
14663,spillage,2030,251,23,23,0.0
14664,spillage,2030,251,24,24,0.0
14665,spillage,2030,252,1,1,0.0
14666,spillage,2030,252,2,2,0.0
14667,spillage,2030,252,3,3,0.0
14668,spillage,2030,252,4,4,0.0
14669,spillage,2030,252,5,5,0.0
14670,spillage,2030,252,6,6,0.0
14671,spillage,2030,252,7,7,0.0
14672,spillage,2030,252,8,8,0.0
14673,spillage,2030,252,9,9,0.0
14674,spillage,2030,252,10,10,0.0
14675,spillage,2030,252,11,11,0.0
14676,spillage,2030,252,12,12,0.0
14677,spillage,2030,252,13,13,0.0
14678,spillage,2030,252,14,14,0.0
14679,spillage,2030,252,15,15,0.0
14680,spillage,2030,252,16,16,0.0
14681,spillage,2030,252,17,17,0.0
14682,spillage,2030,252,18,18,0.0
14683,spillage,2030,252,19,19,0.0
14684,spillage,2030,252,20,20,0.0
14685,spillage,2030,252,21,21,0.0
14686,spillage,2030,252,22,22,0.0
14687,spillage,2030,252,23,23,0.0
14688,spillage,2030,252,24,24,0.0
14689,spillage,2030,253,1,1,0.0
14690,spillage,2030,253,2,2,0.0
14691,spillage,2030,253,3,3,0.0
14692,spillage,2030,253,4,4,0.0
14693,spillage,2030,253,5,5,0.0
14694,spillage,2030,253,6,6,0.0
14695,spillage,2030,253,7,7,0.0
14696,spillage,2030,253,8,8,0.0
14697,spillage,2030,253,9,9,0.0
14698,spillage,2030,253,10,10,0.0
14699,spillage,2030,253,11,11,0.0
14700,spillage,2030,253,12,12,0.0
14701,spillage,2030,253,13,13,0.0
14702,spillage,2030,253,14,14,0.0
14703,spillage,2030,253,15,15,0.0
14704,spillage,2030,253,16,16,0.0
14705,spillage,2030,253,17,17,0.0
14706,spillage,2030,253,18,18,0.0
14707,spillage,2030,253,19,19,0.0
14708,spillage,2030,253,20,20,0.0
14709,spillage,2030,253,21,21,0.0
14710,spillage,2030,253,22,22,0.0
14711,spillage,2030,253,23,23,0.0
14712,spillage,2030,253,24,24,0.0
14713,spillage,2030,254,1,1,0.0
14714,spillage,2030,254,2,2,0.0
14715,spillage,2030,254,3,3,0.0
14716,spillage,2030,254,4,4,0.0
14717,spillage,2030,254,5,5,0.0
14718,spillage,2030,254,6,6,0.0
14719,spillage,2030,254,7,7,0.0
14720,spillage,2030,254,8,8,0.0
14721,spillage,2030,254,9,9,0.0
14722,spillage,2030,254,10,10,0.0
14723,spillage,2030,254,11,11,0.0
14724,spillage,2030,254,12,12,0.0
14725,spillage,2030,254,13,13,0.0
14726,spillage,2030,254,14,14,0.0
14727,spillage,2030,254,15,15,0.0
14728,spillage,2030,254,16,16,0.0
14729,spillage,2030,254,17,17,0.0
14730,spillage,2030,254,18,18,0.0
14731,spillage,2030,254,19,19,0.0
14732,spillage,2030,254,20,20,0.0
14733,spillage,2030,254,21,21,0.0
14734,spillage,2030,254,22,22,0.0
14735,spillage,2030,254,23,23,0.0
14736,spillage,2030,254,24,24,0.0
14737,spillage,2030,255,1,1,0.0
14738,spillage,2030,255,2,2,0.0
14739,spillage,2030,255,3,3,0.0
14740,spillage,2030,255,4,4,0.0
14741,spillage,2030,255,5,5,0.0
14742,spillage,2030,255,6,6,0.0
14743,spillage,2030,255,7,7,0.0
14744,spillage,2030,255,8,8,0.0
14745,spillage,2030,255,9,9,0.0
14746,spillage,2030,255,10,10,0.0
14747,spillage,2030,255,11,11,0.0
14748,spillage,2030,255,12,12,0.0
14749,spillage,2030,255,13,13,0.0
14750,spillage,2030,255,14,14,0.0
14751,spillage,2030,255,15,15,0.0
14752,spillage,2030,255,16,16,0.0
14753,spillage,2030,255,17,17,0.0
14754,spillage,2030,255,18,18,0.0
14755,spillage,2030,255,19,19,0.0
14756,spillage,2030,255,20,20,0.0
14757,spillage,2030,255,21,21,0.0
14758,spillage,2030,255,22,22,0.0
14759,spillage,2030,255,23,23,0.0
14760,spillage,2030,255,24,24,0.0
14761,spillage,2030,256,1,1,0.0
14762,spillage,2030,256,2,2,0.0
14763,spillage,2030,256,3,3,0.0
14764,spillage,2030,256,4,4,0.0
14765,spillage,2030,256,5,5,0.0
14766,spillage,2030,256,6,6,0.0
14767,spillage,2030,256,7,7,0.0
14768,spillage,2030,256,8,8,0.0
14769,spillage,2030,256,9,9,0.0
14770,spillage,2030,256,10,10,0.0
14771,spillage,2030,256,11,11,0.0
14772,spillage,2030,256,12,12,0.0
14773,spillage,2030,256,13,13,0.0
14774,spillage,2030,256,14,14,0.0
14775,spillage,2030,256,15,15,0.0
14776,spillage,2030,256,16,16,0.0
14777,spillage,2030,256,17,17,0.0
14778,spillage,2030,256,18,18,0.0
14779,spillage,2030,256,19,19,0.0
14780,spillage,2030,256,20,20,0.0
14781,spillage,2030,256,21,21,0.0
14782,spillage,2030,256,22,22,0.0
14783,spillage,2030,256,23,23,0.0
14784,spillage,2030,256,24,24,0.0
14785,spillage,2030,257,1,1,0.0
14786,spillage,2030,257,2,2,0.0
14787,spillage,2030,257,3,3,0.0
14788,spillage,2030,257,4,4,0.0
14789,spillage,2030,257,5,5,0.0
14790,spillage,2030,257,6,6,0.0
14791,spillage,2030,257,7,7,0.0
14792,spillage,2030,257,8,8,0.0
14793,spillage,2030,257,9,9,0.0
14794,spillage,2030,257,10,10,0.0
14795,spillage,2030,257,11,11,0.0
14796,spillage,2030,257,12,12,0.0
14797,spillage,2030,257,13,13,0.0
14798,spillage,2030,257,14,14,0.0
14799,spillage,2030,257,15,15,0.0
14800,spillage,2030,257,16,16,0.0
14801,spillage,2030,257,17,17,0.0
14802,spillage,2030,257,18,18,0.0
14803,spillage,2030,257,19,19,0.0
14804,spillage,2030,257,20,20,0.0
14805,spillage,2030,257,21,21,0.0
14806,spillage,2030,257,22,22,0.0
14807,spillage,2030,257,23,23,0.0
14808,spillage,2030,257,24,24,0.0
14809,spillage,2030,258,1,1,0.0
14810,spillage,2030,258,2,2,0.0
14811,spillage,2030,258,3,3,0.0
14812,spillage,2030,258,4,4,0.0
14813,spillage,2030,258,5,5,0.0
14814,spillage,2030,258,6,6,0.0
14815,spillage,2030,258,7,7,0.0
14816,spillage,2030,258,8,8,0.0
14817,spillage,2030,258,9,9,0.0
14818,spillage,2030,258,10,10,0.0
14819,spillage,2030,258,11,11,0.0
14820,spillage,2030,258,12,12,0.0
14821,spillage,2030,258,13,13,0.0
14822,spillage,2030,258,14,14,0.0
14823,spillage,2030,258,15,15,0.0
14824,spillage,2030,258,16,16,0.0
14825,spillage,2030,258,17,17,0.0
14826,spillage,2030,258,18,18,0.0
14827,spillage,2030,258,19,19,0.0
14828,spillage,2030,258,20,20,0.0
14829,spillage,2030,258,21,21,0.0
14830,spillage,2030,258,22,22,0.0
14831,spillage,2030,258,23,23,0.0
14832,spillage,2030,258,24,24,0.0
14833,spillage,2030,259,1,1,0.0
14834,spillage,2030,259,2,2,0.0
14835,spillage,2030,259,3,3,0.0
14836,spillage,2030,259,4,4,0.0
14837,spillage,2030,259,5,5,0.0
14838,spillage,2030,259,6,6,0.0
14839,spillage,2030,259,7,7,0.0
14840,spillage,2030,259,8,8,0.0
14841,spillage,2030,259,9,9,0.0
14842,spillage,2030,259,10,10,0.0
14843,spillage,2030,259,11,11,0.0
14844,spillage,2030,259,12,12,0.0
14845,spillage,2030,259,13,13,0.0
14846,spillage,2030,259,14,14,0.0
14847,spillage,2030,259,15,15,0.0
14848,spillage,2030,259,16,16,0.0
14849,spillage,2030,259,17,17,0.0
14850,spillage,2030,259,18,18,0.0
14851,spillage,2030,259,19,19,0.0
14852,spillage,2030,259,20,20,0.0
14853,spillage,2030,259,21,21,0.0
14854,spillage,2030,259,22,22,0.0
14855,spillage,2030,259,23,23,0.0
14856,spillage,2030,259,24,24,0.0
14857,spillage,2030,260,1,1,0.0
14858,spillage,2030,260,2,2,0.0
14859,spillage,2030,260,3,3,0.0
14860,spillage,2030,260,4,4,0.0
14861,spillage,2030,260,5,5,0.0
14862,spillage,2030,260,6,6,0.0
14863,spillage,2030,260,7,7,0.0
14864,spillage,2030,260,8,8,0.0
14865,spillage,2030,260,9,9,0.0
14866,spillage,2030,260,10,10,0.0
14867,spillage,2030,260,11,11,0.0
14868,spillage,2030,260,12,12,0.0
14869,spillage,2030,260,13,13,0.0
14870,spillage,2030,260,14,14,0.0
14871,spillage,2030,260,15,15,0.0
14872,spillage,2030,260,16,16,0.0
14873,spillage,2030,260,17,17,0.0
14874,spillage,2030,260,18,18,0.0
14875,spillage,2030,260,19,19,0.0
14876,spillage,2030,260,20,20,0.0
14877,spillage,2030,260,21,21,0.0
14878,spillage,2030,260,22,22,0.0
14879,spillage,2030,260,23,23,0.0
14880,spillage,2030,260,24,24,0.0
14881,spillage,2030,261,1,1,0.0
14882,spillage,2030,261,2,2,0.0
14883,spillage,2030,261,3,3,0.0
14884,spillage,2030,261,4,4,0.0
14885,spillage,2030,261,5,5,0.0
14886,spillage,2030,261,6,6,0.0
14887,spillage,2030,261,7,7,0.0
14888,spillage,2030,261,8,8,0.0
14889,spillage,2030,261,9,9,0.0
14890,spillage,2030,261,10,10,0.0
14891,spillage,2030,261,11,11,0.0
14892,spillage,2030,261,12,12,0.0
14893,spillage,2030,261,13,13,0.0
14894,spillage,2030,261,14,14,0.0
14895,spillage,2030,261,15,15,0.0
14896,spillage,2030,261,16,16,0.0
14897,spillage,2030,261,17,17,0.0
14898,spillage,2030,261,18,18,0.0
14899,spillage,2030,261,19,19,0.0
14900,spillage,2030,261,20,20,0.0
14901,spillage,2030,261,21,21,0.0
14902,spillage,2030,261,22,22,0.0
14903,spillage,2030,261,23,23,0.0
14904,spillage,2030,261,24,24,0.0
14905,spillage,2030,262,1,1,0.0
14906,spillage,2030,262,2,2,0.0
14907,spillage,2030,262,3,3,0.0
14908,spillage,2030,262,4,4,0.0
14909,spillage,2030,262,5,5,0.0
14910,spillage,2030,262,6,6,0.0
14911,spillage,2030,262,7,7,0.0
14912,spillage,2030,262,8,8,0.0
14913,spillage,2030,262,9,9,0.0
14914,spillage,2030,262,10,10,0.0
14915,spillage,2030,262,11,11,0.0
14916,spillage,2030,262,12,12,0.0
14917,spillage,2030,262,13,13,0.0
14918,spillage,2030,262,14,14,0.0
14919,spillage,2030,262,15,15,0.0
14920,spillage,2030,262,16,16,0.0
14921,spillage,2030,262,17,17,0.0
14922,spillage,2030,262,18,18,0.0
14923,spillage,2030,262,19,19,0.0
14924,spillage,2030,262,20,20,0.0
14925,spillage,2030,262,21,21,0.0
14926,spillage,2030,262,22,22,0.0
14927,spillage,2030,262,23,23,0.0
14928,spillage,2030,262,24,24,0.0
14929,spillage,2030,263,1,1,0.0
14930,spillage,2030,263,2,2,0.0
14931,spillage,2030,263,3,3,0.0
14932,spillage,2030,263,4,4,0.0
14933,spillage,2030,263,5,5,0.0
14934,spillage,2030,263,6,6,0.0
14935,spillage,2030,263,7,7,0.0
14936,spillage,2030,263,8,8,0.0
14937,spillage,2030,263,9,9,0.0
14938,spillage,2030,263,10,10,0.0
14939,spillage,2030,263,11,11,0.0
14940,spillage,2030,263,12,12,0.0
14941,spillage,2030,263,13,13,0.0
14942,spillage,2030,263,14,14,0.0
14943,spillage,2030,263,15,15,0.0
14944,spillage,2030,263,16,16,0.0
14945,spillage,2030,263,17,17,0.0
14946,spillage,2030,263,18,18,0.0
14947,spillage,2030,263,19,19,0.0
14948,spillage,2030,263,20,20,0.0
14949,spillage,2030,263,21,21,0.0
14950,spillage,2030,263,22,22,0.0
14951,spillage,2030,263,23,23,0.0
14952,spillage,2030,263,24,24,0.0
14953,spillage,2030,264,1,1,0.0
14954,spillage,2030,264,2,2,0.0
14955,spillage,2030,264,3,3,0.0
14956,spillage,2030,264,4,4,0.0
14957,spillage,2030,264,5,5,0.0
14958,spillage,2030,264,6,6,0.0
14959,spillage,2030,264,7,7,0.0
14960,spillage,2030,264,8,8,0.0
14961,spillage,2030,264,9,9,0.0
14962,spillage,2030,264,10,10,0.0
14963,spillage,2030,264,11,11,0.0
14964,spillage,2030,264,12,12,0.0
14965,spillage,2030,264,13,13,0.0
14966,spillage,2030,264,14,14,0.0
14967,spillage,2030,264,15,15,0.0
14968,spillage,2030,264,16,16,0.0
14969,spillage,2030,264,17,17,0.0
14970,spillage,2030,264,18,18,0.0
14971,spillage,2030,264,19,19,0.0
14972,spillage,2030,264,20,20,0.0
14973,spillage,2030,264,21,21,0.0
14974,spillage,2030,264,22,22,0.0
14975,spillage,2030,264,23,23,0.0
14976,spillage,2030,264,24,24,0.0
14977,spillage,2030,265,1,1,0.0
14978,spillage,2030,265,2,2,0.0
14979,spillage,2030,265,3,3,0.0
14980,spillage,2030,265,4,4,0.0
14981,spillage,2030,265,5,5,0.0
14982,spillage,2030,265,6,6,0.0
14983,spillage,2030,265,7,7,0.0
14984,spillage,2030,265,8,8,0.0
14985,spillage,2030,265,9,9,0.0
14986,spillage,2030,265,10,10,0.0
14987,spillage,2030,265,11,11,0.0
14988,spillage,2030,265,12,12,0.0
14989,spillage,2030,265,13,13,0.0
14990,spillage,2030,265,14,14,0.0
14991,spillage,2030,265,15,15,0.0
14992,spillage,2030,265,16,16,0.0
14993,spillage,2030,265,17,17,0.0
14994,spillage,2030,265,18,18,0.0
14995,spillage,2030,265,19,19,0.0
14996,spillage,2030,265,20,20,0.0
14997,spillage,2030,265,21,21,0.0
14998,spillage,2030,265,22,22,0.0
14999,spillage,2030,265,23,23,0.0
15000,spillage,2030,265,24,24,0.0
15001,spillage,2030,266,1,1,0.0
15002,spillage,2030,266,2,2,0.0
15003,spillage,2030,266,3,3,0.0
15004,spillage,2030,266,4,4,0.0
15005,spillage,2030,266,5,5,0.0
15006,spillage,2030,266,6,6,0.0
15007,spillage,2030,266,7,7,0.0
15008,spillage,2030,266,8,8,0.0
15009,spillage,2030,266,9,9,0.0
15010,spillage,2030,266,10,10,0.0
15011,spillage,2030,266,11,11,0.0
15012,spillage,2030,266,12,12,0.0
15013,spillage,2030,266,13,13,0.0
15014,spillage,2030,266,14,14,0.0
15015,spillage,2030,266,15,15,0.0
15016,spillage,2030,266,16,16,0.0
15017,spillage,2030,266,17,17,0.0
15018,spillage,2030,266,18,18,0.0
15019,spillage,2030,266,19,19,0.0
15020,spillage,2030,266,20,20,0.0
15021,spillage,2030,266,21,21,0.0
15022,spillage,2030,266,22,22,0.0
15023,spillage,2030,266,23,23,0.0
15024,spillage,2030,266,24,24,0.0
15025,spillage,2030,267,1,1,0.0
15026,spillage,2030,267,2,2,0.0
15027,spillage,2030,267,3,3,0.0
15028,spillage,2030,267,4,4,0.0
15029,spillage,2030,267,5,5,0.0
15030,spillage,2030,267,6,6,0.0
15031,spillage,2030,267,7,7,0.0
15032,spillage,2030,267,8,8,0.0
15033,spillage,2030,267,9,9,0.0
15034,spillage,2030,267,10,10,0.0
15035,spillage,2030,267,11,11,0.0
15036,spillage,2030,267,12,12,0.0
15037,spillage,2030,267,13,13,0.0
15038,spillage,2030,267,14,14,0.0
15039,spillage,2030,267,15,15,0.0
15040,spillage,2030,267,16,16,0.0
15041,spillage,2030,267,17,17,0.0
15042,spillage,2030,267,18,18,0.0
15043,spillage,2030,267,19,19,0.0
15044,spillage,2030,267,20,20,0.0
15045,spillage,2030,267,21,21,0.0
15046,spillage,2030,267,22,22,0.0
15047,spillage,2030,267,23,23,0.0
15048,spillage,2030,267,24,24,0.0
15049,spillage,2030,268,1,1,0.0
15050,spillage,2030,268,2,2,0.0
15051,spillage,2030,268,3,3,0.0
15052,spillage,2030,268,4,4,0.0
15053,spillage,2030,268,5,5,0.0
15054,spillage,2030,268,6,6,0.0
15055,spillage,2030,268,7,7,0.0
15056,spillage,2030,268,8,8,0.0
15057,spillage,2030,268,9,9,0.0
15058,spillage,2030,268,10,10,0.0
15059,spillage,2030,268,11,11,0.0
15060,spillage,2030,268,12,12,0.0
15061,spillage,2030,268,13,13,0.0
15062,spillage,2030,268,14,14,0.0
15063,spillage,2030,268,15,15,0.0
15064,spillage,2030,268,16,16,0.0
15065,spillage,2030,268,17,17,0.0
15066,spillage,2030,268,18,18,0.0
15067,spillage,2030,268,19,19,0.0
15068,spillage,2030,268,20,20,0.0
15069,spillage,2030,268,21,21,0.0
15070,spillage,2030,268,22,22,0.0
15071,spillage,2030,268,23,23,0.0
15072,spillage,2030,268,24,24,0.0
15073,spillage,2030,269,1,1,0.0
15074,spillage,2030,269,2,2,0.0
15075,spillage,2030,269,3,3,0.0
15076,spillage,2030,269,4,4,0.0
15077,spillage,2030,269,5,5,0.0
15078,spillage,2030,269,6,6,0.0
15079,spillage,2030,269,7,7,0.0
15080,spillage,2030,269,8,8,0.0
15081,spillage,2030,269,9,9,0.0
15082,spillage,2030,269,10,10,0.0
15083,spillage,2030,269,11,11,0.0
15084,spillage,2030,269,12,12,0.0
15085,spillage,2030,269,13,13,0.0
15086,spillage,2030,269,14,14,0.0
15087,spillage,2030,269,15,15,0.0
15088,spillage,2030,269,16,16,0.0
15089,spillage,2030,269,17,17,0.0
15090,spillage,2030,269,18,18,0.0
15091,spillage,2030,269,19,19,0.0
15092,spillage,2030,269,20,20,0.0
15093,spillage,2030,269,21,21,0.0
15094,spillage,2030,269,22,22,0.0
15095,spillage,2030,269,23,23,0.0
15096,spillage,2030,269,24,24,0.0
15097,spillage,2030,270,1,1,0.0
15098,spillage,2030,270,2,2,0.0
15099,spillage,2030,270,3,3,0.0
15100,spillage,2030,270,4,4,0.0
15101,spillage,2030,270,5,5,0.0
15102,spillage,2030,270,6,6,0.0
15103,spillage,2030,270,7,7,0.0
15104,spillage,2030,270,8,8,0.0
15105,spillage,2030,270,9,9,0.0
15106,spillage,2030,270,10,10,0.0
15107,spillage,2030,270,11,11,0.0
15108,spillage,2030,270,12,12,0.0
15109,spillage,2030,270,13,13,0.0
15110,spillage,2030,270,14,14,0.0
15111,spillage,2030,270,15,15,0.0
15112,spillage,2030,270,16,16,0.0
15113,spillage,2030,270,17,17,0.0
15114,spillage,2030,270,18,18,0.0
15115,spillage,2030,270,19,19,0.0
15116,spillage,2030,270,20,20,0.0
15117,spillage,2030,270,21,21,0.0
15118,spillage,2030,270,22,22,0.0
15119,spillage,2030,270,23,23,0.0
15120,spillage,2030,270,24,24,0.0
15121,spillage,2030,271,1,1,0.0
15122,spillage,2030,271,2,2,0.0
15123,spillage,2030,271,3,3,0.0
15124,spillage,2030,271,4,4,0.0
15125,spillage,2030,271,5,5,0.0
15126,spillage,2030,271,6,6,0.0
15127,spillage,2030,271,7,7,0.0
15128,spillage,2030,271,8,8,0.0
15129,spillage,2030,271,9,9,0.0
15130,spillage,2030,271,10,10,0.0
15131,spillage,2030,271,11,11,0.0
15132,spillage,2030,271,12,12,0.0
15133,spillage,2030,271,13,13,0.0
15134,spillage,2030,271,14,14,0.0
15135,spillage,2030,271,15,15,0.0
15136,spillage,2030,271,16,16,0.0
15137,spillage,2030,271,17,17,0.0
15138,spillage,2030,271,18,18,0.0
15139,spillage,2030,271,19,19,0.0
15140,spillage,2030,271,20,20,0.0
15141,spillage,2030,271,21,21,0.0
15142,spillage,2030,271,22,22,0.0
15143,spillage,2030,271,23,23,0.0
15144,spillage,2030,271,24,24,0.0
15145,spillage,2030,272,1,1,0.0
15146,spillage,2030,272,2,2,0.0
15147,spillage,2030,272,3,3,0.0
15148,spillage,2030,272,4,4,0.0
15149,spillage,2030,272,5,5,0.0
15150,spillage,2030,272,6,6,0.0
15151,spillage,2030,272,7,7,0.0
15152,spillage,2030,272,8,8,0.0
15153,spillage,2030,272,9,9,0.0
15154,spillage,2030,272,10,10,0.0
15155,spillage,2030,272,11,11,0.0
15156,spillage,2030,272,12,12,0.0
15157,spillage,2030,272,13,13,0.0
15158,spillage,2030,272,14,14,0.0
15159,spillage,2030,272,15,15,0.0
15160,spillage,2030,272,16,16,0.0
15161,spillage,2030,272,17,17,0.0
15162,spillage,2030,272,18,18,0.0
15163,spillage,2030,272,19,19,0.0
15164,spillage,2030,272,20,20,0.0
15165,spillage,2030,272,21,21,0.0
15166,spillage,2030,272,22,22,0.0
15167,spillage,2030,272,23,23,0.0
15168,spillage,2030,272,24,24,0.0
15169,spillage,2030,273,1,1,0.0
15170,spillage,2030,273,2,2,0.0
15171,spillage,2030,273,3,3,0.0
15172,spillage,2030,273,4,4,0.0
15173,spillage,2030,273,5,5,0.0
15174,spillage,2030,273,6,6,0.0
15175,spillage,2030,273,7,7,0.0
15176,spillage,2030,273,8,8,0.0
15177,spillage,2030,273,9,9,0.0
15178,spillage,2030,273,10,10,0.0
15179,spillage,2030,273,11,11,0.0
15180,spillage,2030,273,12,12,0.0
15181,spillage,2030,273,13,13,0.0
15182,spillage,2030,273,14,14,0.0
15183,spillage,2030,273,15,15,0.0
15184,spillage,2030,273,16,16,0.0
15185,spillage,2030,273,17,17,0.0
15186,spillage,2030,273,18,18,0.0
15187,spillage,2030,273,19,19,0.0
15188,spillage,2030,273,20,20,0.0
15189,spillage,2030,273,21,21,0.0
15190,spillage,2030,273,22,22,0.0
15191,spillage,2030,273,23,23,0.0
15192,spillage,2030,273,24,24,0.0
15193,spillage,2030,274,1,1,0.0
15194,spillage,2030,274,2,2,0.0
15195,spillage,2030,274,3,3,0.0
15196,spillage,2030,274,4,4,0.0
15197,spillage,2030,274,5,5,0.0
15198,spillage,2030,274,6,6,0.0
15199,spillage,2030,274,7,7,0.0
15200,spillage,2030,274,8,8,0.0
15201,spillage,2030,274,9,9,0.0
15202,spillage,2030,274,10,10,0.0
15203,spillage,2030,274,11,11,0.0
15204,spillage,2030,274,12,12,0.0
15205,spillage,2030,274,13,13,0.0
15206,spillage,2030,274,14,14,0.0
15207,spillage,2030,274,15,15,0.0
15208,spillage,2030,274,16,16,0.0
15209,spillage,2030,274,17,17,0.0
15210,spillage,2030,274,18,18,0.0
15211,spillage,2030,274,19,19,0.0
15212,spillage,2030,274,20,20,0.0
15213,spillage,2030,274,21,21,0.0
15214,spillage,2030,274,22,22,0.0
15215,spillage,2030,274,23,23,0.0
15216,spillage,2030,274,24,24,0.0
15217,spillage,2030,275,1,1,0.0
15218,spillage,2030,275,2,2,0.0
15219,spillage,2030,275,3,3,0.0
15220,spillage,2030,275,4,4,0.0
15221,spillage,2030,275,5,5,0.0
15222,spillage,2030,275,6,6,0.0
15223,spillage,2030,275,7,7,0.0
15224,spillage,2030,275,8,8,0.0
15225,spillage,2030,275,9,9,0.0
15226,spillage,2030,275,10,10,0.0
15227,spillage,2030,275,11,11,0.0
15228,spillage,2030,275,12,12,0.0
15229,spillage,2030,275,13,13,0.0
15230,spillage,2030,275,14,14,0.0
15231,spillage,2030,275,15,15,0.0
15232,spillage,2030,275,16,16,0.0
15233,spillage,2030,275,17,17,0.0
15234,spillage,2030,275,18,18,0.0
15235,spillage,2030,275,19,19,0.0
15236,spillage,2030,275,20,20,0.0
15237,spillage,2030,275,21,21,0.0
15238,spillage,2030,275,22,22,0.0
15239,spillage,2030,275,23,23,0.0
15240,spillage,2030,275,24,24,0.0
15241,spillage,2030,276,1,1,0.0
15242,spillage,2030,276,2,2,0.0
15243,spillage,2030,276,3,3,0.0
15244,spillage,2030,276,4,4,0.0
15245,spillage,2030,276,5,5,0.0
15246,spillage,2030,276,6,6,0.0
15247,spillage,2030,276,7,7,0.0
15248,spillage,2030,276,8,8,0.0
15249,spillage,2030,276,9,9,0.0
15250,spillage,2030,276,10,10,0.0
15251,spillage,2030,276,11,11,0.0
15252,spillage,2030,276,12,12,0.0
15253,spillage,2030,276,13,13,0.0
15254,spillage,2030,276,14,14,0.0
15255,spillage,2030,276,15,15,0.0
15256,spillage,2030,276,16,16,0.0
15257,spillage,2030,276,17,17,0.0
15258,spillage,2030,276,18,18,0.0
15259,spillage,2030,276,19,19,0.0
15260,spillage,2030,276,20,20,0.0
15261,spillage,2030,276,21,21,0.0
15262,spillage,2030,276,22,22,0.0
15263,spillage,2030,276,23,23,0.0
15264,spillage,2030,276,24,24,0.0
15265,spillage,2030,277,1,1,0.0
15266,spillage,2030,277,2,2,0.0
15267,spillage,2030,277,3,3,0.0
15268,spillage,2030,277,4,4,0.0
15269,spillage,2030,277,5,5,0.0
15270,spillage,2030,277,6,6,0.0
15271,spillage,2030,277,7,7,0.0
15272,spillage,2030,277,8,8,0.0
15273,spillage,2030,277,9,9,0.0
15274,spillage,2030,277,10,10,0.0
15275,spillage,2030,277,11,11,0.0
15276,spillage,2030,277,12,12,0.0
15277,spillage,2030,277,13,13,0.0
15278,spillage,2030,277,14,14,0.0
15279,spillage,2030,277,15,15,0.0
15280,spillage,2030,277,16,16,0.0
15281,spillage,2030,277,17,17,0.0
15282,spillage,2030,277,18,18,0.0
15283,spillage,2030,277,19,19,0.0
15284,spillage,2030,277,20,20,0.0
15285,spillage,2030,277,21,21,0.0
15286,spillage,2030,277,22,22,0.0
15287,spillage,2030,277,23,23,0.0
15288,spillage,2030,277,24,24,0.0
15289,spillage,2030,278,1,1,0.0
15290,spillage,2030,278,2,2,0.0
15291,spillage,2030,278,3,3,0.0
15292,spillage,2030,278,4,4,0.0
15293,spillage,2030,278,5,5,0.0
15294,spillage,2030,278,6,6,0.0
15295,spillage,2030,278,7,7,0.0
15296,spillage,2030,278,8,8,0.0
15297,spillage,2030,278,9,9,0.0
15298,spillage,2030,278,10,10,0.0
15299,spillage,2030,278,11,11,0.0
15300,spillage,2030,278,12,12,0.0
15301,spillage,2030,278,13,13,0.0
15302,spillage,2030,278,14,14,0.0
15303,spillage,2030,278,15,15,0.0
15304,spillage,2030,278,16,16,0.0
15305,spillage,2030,278,17,17,0.0
15306,spillage,2030,278,18,18,0.0
15307,spillage,2030,278,19,19,0.0
15308,spillage,2030,278,20,20,0.0
15309,spillage,2030,278,21,21,0.0
15310,spillage,2030,278,22,22,0.0
15311,spillage,2030,278,23,23,0.0
15312,spillage,2030,278,24,24,0.0
15313,spillage,2030,279,1,1,0.0
15314,spillage,2030,279,2,2,0.0
15315,spillage,2030,279,3,3,0.0
15316,spillage,2030,279,4,4,0.0
15317,spillage,2030,279,5,5,0.0
15318,spillage,2030,279,6,6,0.0
15319,spillage,2030,279,7,7,0.0
15320,spillage,2030,279,8,8,0.0
15321,spillage,2030,279,9,9,0.0
15322,spillage,2030,279,10,10,0.0
15323,spillage,2030,279,11,11,0.0
15324,spillage,2030,279,12,12,0.0
15325,spillage,2030,279,13,13,0.0
15326,spillage,2030,279,14,14,0.0
15327,spillage,2030,279,15,15,0.0
15328,spillage,2030,279,16,16,0.0
15329,spillage,2030,279,17,17,0.0
15330,spillage,2030,279,18,18,0.0
15331,spillage,2030,279,19,19,0.0
15332,spillage,2030,279,20,20,0.0
15333,spillage,2030,279,21,21,0.0
15334,spillage,2030,279,22,22,0.0
15335,spillage,2030,279,23,23,0.0
15336,spillage,2030,279,24,24,0.0
15337,spillage,2030,280,1,1,0.0
15338,spillage,2030,280,2,2,0.0
15339,spillage,2030,280,3,3,0.0
15340,spillage,2030,280,4,4,0.0
15341,spillage,2030,280,5,5,0.0
15342,spillage,2030,280,6,6,0.0
15343,spillage,2030,280,7,7,0.0
15344,spillage,2030,280,8,8,0.0
15345,spillage,2030,280,9,9,0.0
15346,spillage,2030,280,10,10,0.0
15347,spillage,2030,280,11,11,0.0
15348,spillage,2030,280,12,12,0.0
15349,spillage,2030,280,13,13,0.0
15350,spillage,2030,280,14,14,0.0
15351,spillage,2030,280,15,15,0.0
15352,spillage,2030,280,16,16,0.0
15353,spillage,2030,280,17,17,0.0
15354,spillage,2030,280,18,18,0.0
15355,spillage,2030,280,19,19,0.0
15356,spillage,2030,280,20,20,0.0
15357,spillage,2030,280,21,21,0.0
15358,spillage,2030,280,22,22,0.0
15359,spillage,2030,280,23,23,0.0
15360,spillage,2030,280,24,24,0.0
15361,spillage,2030,281,1,1,0.0
15362,spillage,2030,281,2,2,0.0
15363,spillage,2030,281,3,3,0.0
15364,spillage,2030,281,4,4,0.0
15365,spillage,2030,281,5,5,0.0
15366,spillage,2030,281,6,6,0.0
15367,spillage,2030,281,7,7,0.0
15368,spillage,2030,281,8,8,0.0
15369,spillage,2030,281,9,9,0.0
15370,spillage,2030,281,10,10,0.0
15371,spillage,2030,281,11,11,0.0
15372,spillage,2030,281,12,12,0.0
15373,spillage,2030,281,13,13,0.0
15374,spillage,2030,281,14,14,0.0
15375,spillage,2030,281,15,15,0.0
15376,spillage,2030,281,16,16,0.0
15377,spillage,2030,281,17,17,0.0
15378,spillage,2030,281,18,18,0.0
15379,spillage,2030,281,19,19,0.0
15380,spillage,2030,281,20,20,0.0
15381,spillage,2030,281,21,21,0.0
15382,spillage,2030,281,22,22,0.0
15383,spillage,2030,281,23,23,0.0
15384,spillage,2030,281,24,24,0.0
15385,spillage,2030,282,1,1,0.0
15386,spillage,2030,282,2,2,0.0
15387,spillage,2030,282,3,3,0.0
15388,spillage,2030,282,4,4,0.0
15389,spillage,2030,282,5,5,0.0
15390,spillage,2030,282,6,6,0.0
15391,spillage,2030,282,7,7,0.0
15392,spillage,2030,282,8,8,0.0
15393,spillage,2030,282,9,9,0.0
15394,spillage,2030,282,10,10,0.0
15395,spillage,2030,282,11,11,0.0
15396,spillage,2030,282,12,12,0.0
15397,spillage,2030,282,13,13,0.0
15398,spillage,2030,282,14,14,0.0
15399,spillage,2030,282,15,15,0.0
15400,spillage,2030,282,16,16,0.0
15401,spillage,2030,282,17,17,0.0
15402,spillage,2030,282,18,18,0.0
15403,spillage,2030,282,19,19,0.0
15404,spillage,2030,282,20,20,0.0
15405,spillage,2030,282,21,21,0.0
15406,spillage,2030,282,22,22,0.0
15407,spillage,2030,282,23,23,0.0
15408,spillage,2030,282,24,24,0.0
15409,spillage,2030,283,1,1,0.0
15410,spillage,2030,283,2,2,0.0
15411,spillage,2030,283,3,3,0.0
15412,spillage,2030,283,4,4,0.0
15413,spillage,2030,283,5,5,0.0
15414,spillage,2030,283,6,6,0.0
15415,spillage,2030,283,7,7,0.0
15416,spillage,2030,283,8,8,0.0
15417,spillage,2030,283,9,9,0.0
15418,spillage,2030,283,10,10,0.0
15419,spillage,2030,283,11,11,0.0
15420,spillage,2030,283,12,12,0.0
15421,spillage,2030,283,13,13,0.0
15422,spillage,2030,283,14,14,0.0
15423,spillage,2030,283,15,15,0.0
15424,spillage,2030,283,16,16,0.0
15425,spillage,2030,283,17,17,0.0
15426,spillage,2030,283,18,18,0.0
15427,spillage,2030,283,19,19,0.0
15428,spillage,2030,283,20,20,0.0
15429,spillage,2030,283,21,21,0.0
15430,spillage,2030,283,22,22,0.0
15431,spillage,2030,283,23,23,0.0
15432,spillage,2030,283,24,24,0.0
15433,spillage,2030,284,1,1,0.0
15434,spillage,2030,284,2,2,0.0
15435,spillage,2030,284,3,3,0.0
15436,spillage,2030,284,4,4,0.0
15437,spillage,2030,284,5,5,0.0
15438,spillage,2030,284,6,6,0.0
15439,spillage,2030,284,7,7,0.0
15440,spillage,2030,284,8,8,0.0
15441,spillage,2030,284,9,9,0.0
15442,spillage,2030,284,10,10,0.0
15443,spillage,2030,284,11,11,0.0
15444,spillage,2030,284,12,12,0.0
15445,spillage,2030,284,13,13,0.0
15446,spillage,2030,284,14,14,0.0
15447,spillage,2030,284,15,15,0.0
15448,spillage,2030,284,16,16,0.0
15449,spillage,2030,284,17,17,0.0
15450,spillage,2030,284,18,18,0.0
15451,spillage,2030,284,19,19,0.0
15452,spillage,2030,284,20,20,0.0
15453,spillage,2030,284,21,21,0.0
15454,spillage,2030,284,22,22,0.0
15455,spillage,2030,284,23,23,0.0
15456,spillage,2030,284,24,24,0.0
15457,spillage,2030,285,1,1,0.0
15458,spillage,2030,285,2,2,0.0
15459,spillage,2030,285,3,3,0.0
15460,spillage,2030,285,4,4,0.0
15461,spillage,2030,285,5,5,0.0
15462,spillage,2030,285,6,6,0.0
15463,spillage,2030,285,7,7,0.0
15464,spillage,2030,285,8,8,0.0
15465,spillage,2030,285,9,9,0.0
15466,spillage,2030,285,10,10,0.0
15467,spillage,2030,285,11,11,0.0
15468,spillage,2030,285,12,12,0.0
15469,spillage,2030,285,13,13,0.0
15470,spillage,2030,285,14,14,0.0
15471,spillage,2030,285,15,15,0.0
15472,spillage,2030,285,16,16,0.0
15473,spillage,2030,285,17,17,0.0
15474,spillage,2030,285,18,18,0.0
15475,spillage,2030,285,19,19,0.0
15476,spillage,2030,285,20,20,0.0
15477,spillage,2030,285,21,21,0.0
15478,spillage,2030,285,22,22,0.0
15479,spillage,2030,285,23,23,0.0
15480,spillage,2030,285,24,24,0.0
15481,spillage,2030,286,1,1,0.0
15482,spillage,2030,286,2,2,0.0
15483,spillage,2030,286,3,3,0.0
15484,spillage,2030,286,4,4,0.0
15485,spillage,2030,286,5,5,0.0
15486,spillage,2030,286,6,6,0.0
15487,spillage,2030,286,7,7,0.0
15488,spillage,2030,286,8,8,0.0
15489,spillage,2030,286,9,9,0.0
15490,spillage,2030,286,10,10,0.0
15491,spillage,2030,286,11,11,0.0
15492,spillage,2030,286,12,12,0.0
15493,spillage,2030,286,13,13,0.0
15494,spillage,2030,286,14,14,0.0
15495,spillage,2030,286,15,15,0.0
15496,spillage,2030,286,16,16,0.0
15497,spillage,2030,286,17,17,0.0
15498,spillage,2030,286,18,18,0.0
15499,spillage,2030,286,19,19,0.0
15500,spillage,2030,286,20,20,0.0
15501,spillage,2030,286,21,21,0.0
15502,spillage,2030,286,22,22,0.0
15503,spillage,2030,286,23,23,0.0
15504,spillage,2030,286,24,24,0.0
15505,spillage,2030,287,1,1,0.0
15506,spillage,2030,287,2,2,0.0
15507,spillage,2030,287,3,3,0.0
15508,spillage,2030,287,4,4,0.0
15509,spillage,2030,287,5,5,0.0
15510,spillage,2030,287,6,6,0.0
15511,spillage,2030,287,7,7,0.0
15512,spillage,2030,287,8,8,0.0
15513,spillage,2030,287,9,9,0.0
15514,spillage,2030,287,10,10,0.0
15515,spillage,2030,287,11,11,0.0
15516,spillage,2030,287,12,12,0.0
15517,spillage,2030,287,13,13,0.0
15518,spillage,2030,287,14,14,0.0
15519,spillage,2030,287,15,15,0.0
15520,spillage,2030,287,16,16,0.0
15521,spillage,2030,287,17,17,0.0
15522,spillage,2030,287,18,18,0.0
15523,spillage,2030,287,19,19,0.0
15524,spillage,2030,287,20,20,0.0
15525,spillage,2030,287,21,21,0.0
15526,spillage,2030,287,22,22,0.0
15527,spillage,2030,287,23,23,0.0
15528,spillage,2030,287,24,24,0.0
15529,spillage,2030,288,1,1,0.0
15530,spillage,2030,288,2,2,0.0
15531,spillage,2030,288,3,3,0.0
15532,spillage,2030,288,4,4,0.0
15533,spillage,2030,288,5,5,0.0
15534,spillage,2030,288,6,6,0.0
15535,spillage,2030,288,7,7,0.0
15536,spillage,2030,288,8,8,0.0
15537,spillage,2030,288,9,9,0.0
15538,spillage,2030,288,10,10,0.0
15539,spillage,2030,288,11,11,0.0
15540,spillage,2030,288,12,12,0.0
15541,spillage,2030,288,13,13,0.0
15542,spillage,2030,288,14,14,0.0
15543,spillage,2030,288,15,15,0.0
15544,spillage,2030,288,16,16,0.0
15545,spillage,2030,288,17,17,0.0
15546,spillage,2030,288,18,18,0.0
15547,spillage,2030,288,19,19,0.0
15548,spillage,2030,288,20,20,0.0
15549,spillage,2030,288,21,21,0.0
15550,spillage,2030,288,22,22,0.0
15551,spillage,2030,288,23,23,0.0
15552,spillage,2030,288,24,24,0.0
15553,spillage,2030,289,1,1,0.0
15554,spillage,2030,289,2,2,0.0
15555,spillage,2030,289,3,3,0.0
15556,spillage,2030,289,4,4,0.0
15557,spillage,2030,289,5,5,0.0
15558,spillage,2030,289,6,6,0.0
15559,spillage,2030,289,7,7,0.0
15560,spillage,2030,289,8,8,0.0
15561,spillage,2030,289,9,9,0.0
15562,spillage,2030,289,10,10,0.0
15563,spillage,2030,289,11,11,0.0
15564,spillage,2030,289,12,12,0.0
15565,spillage,2030,289,13,13,0.0
15566,spillage,2030,289,14,14,0.0
15567,spillage,2030,289,15,15,0.0
15568,spillage,2030,289,16,16,0.0
15569,spillage,2030,289,17,17,0.0
15570,spillage,2030,289,18,18,0.0
15571,spillage,2030,289,19,19,0.0
15572,spillage,2030,289,20,20,0.0
15573,spillage,2030,289,21,21,0.0
15574,spillage,2030,289,22,22,0.0
15575,spillage,2030,289,23,23,0.0
15576,spillage,2030,289,24,24,0.0
15577,spillage,2030,290,1,1,0.0
15578,spillage,2030,290,2,2,0.0
15579,spillage,2030,290,3,3,0.0
15580,spillage,2030,290,4,4,0.0
15581,spillage,2030,290,5,5,0.0
15582,spillage,2030,290,6,6,0.0
15583,spillage,2030,290,7,7,0.0
15584,spillage,2030,290,8,8,0.0
15585,spillage,2030,290,9,9,0.0
15586,spillage,2030,290,10,10,0.0
15587,spillage,2030,290,11,11,0.0
15588,spillage,2030,290,12,12,0.0
15589,spillage,2030,290,13,13,0.0
15590,spillage,2030,290,14,14,0.0
15591,spillage,2030,290,15,15,0.0
15592,spillage,2030,290,16,16,0.0
15593,spillage,2030,290,17,17,0.0
15594,spillage,2030,290,18,18,0.0
15595,spillage,2030,290,19,19,0.0
15596,spillage,2030,290,20,20,0.0
15597,spillage,2030,290,21,21,0.0
15598,spillage,2030,290,22,22,0.0
15599,spillage,2030,290,23,23,0.0
15600,spillage,2030,290,24,24,0.0
15601,spillage,2030,291,1,1,0.0
15602,spillage,2030,291,2,2,0.0
15603,spillage,2030,291,3,3,0.0
15604,spillage,2030,291,4,4,0.0
15605,spillage,2030,291,5,5,0.0
15606,spillage,2030,291,6,6,0.0
15607,spillage,2030,291,7,7,0.0
15608,spillage,2030,291,8,8,0.0
15609,spillage,2030,291,9,9,0.0
15610,spillage,2030,291,10,10,0.0
15611,spillage,2030,291,11,11,0.0
15612,spillage,2030,291,12,12,0.0
15613,spillage,2030,291,13,13,0.0
15614,spillage,2030,291,14,14,0.0
15615,spillage,2030,291,15,15,0.0
15616,spillage,2030,291,16,16,0.0
15617,spillage,2030,291,17,17,0.0
15618,spillage,2030,291,18,18,0.0
15619,spillage,2030,291,19,19,0.0
15620,spillage,2030,291,20,20,0.0
15621,spillage,2030,291,21,21,0.0
15622,spillage,2030,291,22,22,0.0
15623,spillage,2030,291,23,23,0.0
15624,spillage,2030,291,24,24,0.0
15625,spillage,2030,292,1,1,0.0
15626,spillage,2030,292,2,2,0.0
15627,spillage,2030,292,3,3,0.0
15628,spillage,2030,292,4,4,0.0
15629,spillage,2030,292,5,5,0.0
15630,spillage,2030,292,6,6,0.0
15631,spillage,2030,292,7,7,0.0
15632,spillage,2030,292,8,8,0.0
15633,spillage,2030,292,9,9,0.0
15634,spillage,2030,292,10,10,0.0
15635,spillage,2030,292,11,11,0.0
15636,spillage,2030,292,12,12,0.0
15637,spillage,2030,292,13,13,0.0
15638,spillage,2030,292,14,14,0.0
15639,spillage,2030,292,15,15,0.0
15640,spillage,2030,292,16,16,0.0
15641,spillage,2030,292,17,17,0.0
15642,spillage,2030,292,18,18,0.0
15643,spillage,2030,292,19,19,0.0
15644,spillage,2030,292,20,20,0.0
15645,spillage,2030,292,21,21,0.0
15646,spillage,2030,292,22,22,0.0
15647,spillage,2030,292,23,23,0.0
15648,spillage,2030,292,24,24,0.0
15649,spillage,2030,293,1,1,0.0
15650,spillage,2030,293,2,2,0.0
15651,spillage,2030,293,3,3,0.0
15652,spillage,2030,293,4,4,0.0
15653,spillage,2030,293,5,5,0.0
15654,spillage,2030,293,6,6,0.0
15655,spillage,2030,293,7,7,0.0
15656,spillage,2030,293,8,8,0.0
15657,spillage,2030,293,9,9,0.0
15658,spillage,2030,293,10,10,0.0
15659,spillage,2030,293,11,11,0.0
15660,spillage,2030,293,12,12,0.0
15661,spillage,2030,293,13,13,0.0
15662,spillage,2030,293,14,14,0.0
15663,spillage,2030,293,15,15,0.0
15664,spillage,2030,293,16,16,0.0
15665,spillage,2030,293,17,17,0.0
15666,spillage,2030,293,18,18,0.0
15667,spillage,2030,293,19,19,0.0
15668,spillage,2030,293,20,20,0.0
15669,spillage,2030,293,21,21,0.0
15670,spillage,2030,293,22,22,0.0
15671,spillage,2030,293,23,23,0.0
15672,spillage,2030,293,24,24,0.0
15673,spillage,2030,294,1,1,0.0
15674,spillage,2030,294,2,2,0.0
15675,spillage,2030,294,3,3,0.0
15676,spillage,2030,294,4,4,0.0
15677,spillage,2030,294,5,5,0.0
15678,spillage,2030,294,6,6,0.0
15679,spillage,2030,294,7,7,0.0
15680,spillage,2030,294,8,8,0.0
15681,spillage,2030,294,9,9,0.0
15682,spillage,2030,294,10,10,0.0
15683,spillage,2030,294,11,11,0.0
15684,spillage,2030,294,12,12,0.0
15685,spillage,2030,294,13,13,0.0
15686,spillage,2030,294,14,14,0.0
15687,spillage,2030,294,15,15,0.0
15688,spillage,2030,294,16,16,0.0
15689,spillage,2030,294,17,17,0.0
15690,spillage,2030,294,18,18,0.0
15691,spillage,2030,294,19,19,0.0
15692,spillage,2030,294,20,20,0.0
15693,spillage,2030,294,21,21,0.0
15694,spillage,2030,294,22,22,0.0
15695,spillage,2030,294,23,23,0.0
15696,spillage,2030,294,24,24,0.0
15697,spillage,2030,295,1,1,0.0
15698,spillage,2030,295,2,2,0.0
15699,spillage,2030,295,3,3,0.0
15700,spillage,2030,295,4,4,0.0
15701,spillage,2030,295,5,5,0.0
15702,spillage,2030,295,6,6,0.0
15703,spillage,2030,295,7,7,0.0
15704,spillage,2030,295,8,8,0.0
15705,spillage,2030,295,9,9,0.0
15706,spillage,2030,295,10,10,0.0
15707,spillage,2030,295,11,11,0.0
15708,spillage,2030,295,12,12,0.0
15709,spillage,2030,295,13,13,0.0
15710,spillage,2030,295,14,14,0.0
15711,spillage,2030,295,15,15,0.0
15712,spillage,2030,295,16,16,0.0
15713,spillage,2030,295,17,17,0.0
15714,spillage,2030,295,18,18,0.0
15715,spillage,2030,295,19,19,0.0
15716,spillage,2030,295,20,20,0.0
15717,spillage,2030,295,21,21,0.0
15718,spillage,2030,295,22,22,0.0
15719,spillage,2030,295,23,23,0.0
15720,spillage,2030,295,24,24,0.0
15721,spillage,2030,296,1,1,0.0
15722,spillage,2030,296,2,2,0.0
15723,spillage,2030,296,3,3,0.0
15724,spillage,2030,296,4,4,0.0
15725,spillage,2030,296,5,5,0.0
15726,spillage,2030,296,6,6,0.0
15727,spillage,2030,296,7,7,0.0
15728,spillage,2030,296,8,8,0.0
15729,spillage,2030,296,9,9,0.0
15730,spillage,2030,296,10,10,0.0
15731,spillage,2030,296,11,11,0.0
15732,spillage,2030,296,12,12,0.0
15733,spillage,2030,296,13,13,0.0
15734,spillage,2030,296,14,14,0.0
15735,spillage,2030,296,15,15,0.0
15736,spillage,2030,296,16,16,0.0
15737,spillage,2030,296,17,17,0.0
15738,spillage,2030,296,18,18,0.0
15739,spillage,2030,296,19,19,0.0
15740,spillage,2030,296,20,20,0.0
15741,spillage,2030,296,21,21,0.0
15742,spillage,2030,296,22,22,0.0
15743,spillage,2030,296,23,23,0.0
15744,spillage,2030,296,24,24,0.0
15745,spillage,2030,297,1,1,0.0
15746,spillage,2030,297,2,2,0.0
15747,spillage,2030,297,3,3,0.0
15748,spillage,2030,297,4,4,0.0
15749,spillage,2030,297,5,5,0.0
15750,spillage,2030,297,6,6,0.0
15751,spillage,2030,297,7,7,0.0
15752,spillage,2030,297,8,8,0.0
15753,spillage,2030,297,9,9,0.0
15754,spillage,2030,297,10,10,0.0
15755,spillage,2030,297,11,11,0.0
15756,spillage,2030,297,12,12,0.0
15757,spillage,2030,297,13,13,0.0
15758,spillage,2030,297,14,14,0.0
15759,spillage,2030,297,15,15,0.0
15760,spillage,2030,297,16,16,0.0
15761,spillage,2030,297,17,17,0.0
15762,spillage,2030,297,18,18,0.0
15763,spillage,2030,297,19,19,0.0
15764,spillage,2030,297,20,20,0.0
15765,spillage,2030,297,21,21,0.0
15766,spillage,2030,297,22,22,0.0
15767,spillage,2030,297,23,23,0.0
15768,spillage,2030,297,24,24,0.0
15769,spillage,2030,298,1,1,0.0
15770,spillage,2030,298,2,2,0.0
15771,spillage,2030,298,3,3,0.0
15772,spillage,2030,298,4,4,0.0
15773,spillage,2030,298,5,5,0.0
15774,spillage,2030,298,6,6,0.0
15775,spillage,2030,298,7,7,0.0
15776,spillage,2030,298,8,8,0.0
15777,spillage,2030,298,9,9,0.0
15778,spillage,2030,298,10,10,0.0
15779,spillage,2030,298,11,11,0.0
15780,spillage,2030,298,12,12,0.0
15781,spillage,2030,298,13,13,0.0
15782,spillage,2030,298,14,14,0.0
15783,spillage,2030,298,15,15,0.0
15784,spillage,2030,298,16,16,0.0
15785,spillage,2030,298,17,17,0.0
15786,spillage,2030,298,18,18,0.0
15787,spillage,2030,298,19,19,0.0
15788,spillage,2030,298,20,20,0.0
15789,spillage,2030,298,21,21,0.0
15790,spillage,2030,298,22,22,0.0
15791,spillage,2030,298,23,23,0.0
15792,spillage,2030,298,24,24,0.0
15793,spillage,2030,299,1,1,0.0
15794,spillage,2030,299,2,2,0.0
15795,spillage,2030,299,3,3,0.0
15796,spillage,2030,299,4,4,0.0
15797,spillage,2030,299,5,5,0.0
15798,spillage,2030,299,6,6,0.0
15799,spillage,2030,299,7,7,0.0
15800,spillage,2030,299,8,8,0.0
15801,spillage,2030,299,9,9,0.0
15802,spillage,2030,299,10,10,0.0
15803,spillage,2030,299,11,11,0.0
15804,spillage,2030,299,12,12,0.0
15805,spillage,2030,299,13,13,0.0
15806,spillage,2030,299,14,14,0.0
15807,spillage,2030,299,15,15,0.0
15808,spillage,2030,299,16,16,0.0
15809,spillage,2030,299,17,17,0.0
15810,spillage,2030,299,18,18,0.0
15811,spillage,2030,299,19,19,0.0
15812,spillage,2030,299,20,20,0.0
15813,spillage,2030,299,21,21,0.0
15814,spillage,2030,299,22,22,0.0
15815,spillage,2030,299,23,23,0.0
15816,spillage,2030,299,24,24,0.0
15817,spillage,2030,300,1,1,0.0
15818,spillage,2030,300,2,2,0.0
15819,spillage,2030,300,3,3,0.0
15820,spillage,2030,300,4,4,0.0
15821,spillage,2030,300,5,5,0.0
15822,spillage,2030,300,6,6,0.0
15823,spillage,2030,300,7,7,0.0
15824,spillage,2030,300,8,8,0.0
15825,spillage,2030,300,9,9,0.0
15826,spillage,2030,300,10,10,0.0
15827,spillage,2030,300,11,11,0.0
15828,spillage,2030,300,12,12,0.0
15829,spillage,2030,300,13,13,0.0
15830,spillage,2030,300,14,14,0.0
15831,spillage,2030,300,15,15,0.0
15832,spillage,2030,300,16,16,0.0
15833,spillage,2030,300,17,17,0.0
15834,spillage,2030,300,18,18,0.0
15835,spillage,2030,300,19,19,0.0
15836,spillage,2030,300,20,20,0.0
15837,spillage,2030,300,21,21,0.0
15838,spillage,2030,300,22,22,0.0
15839,spillage,2030,300,23,23,0.0
15840,spillage,2030,300,24,24,0.0
15841,spillage,2030,301,1,1,0.0
15842,spillage,2030,301,2,2,0.0
15843,spillage,2030,301,3,3,0.0
15844,spillage,2030,301,4,4,0.0
15845,spillage,2030,301,5,5,0.0
15846,spillage,2030,301,6,6,0.0
15847,spillage,2030,301,7,7,0.0
15848,spillage,2030,301,8,8,0.0
15849,spillage,2030,301,9,9,0.0
15850,spillage,2030,301,10,10,0.0
15851,spillage,2030,301,11,11,0.0
15852,spillage,2030,301,12,12,0.0
15853,spillage,2030,301,13,13,0.0
15854,spillage,2030,301,14,14,0.0
15855,spillage,2030,301,15,15,0.0
15856,spillage,2030,301,16,16,0.0
15857,spillage,2030,301,17,17,0.0
15858,spillage,2030,301,18,18,0.0
15859,spillage,2030,301,19,19,0.0
15860,spillage,2030,301,20,20,0.0
15861,spillage,2030,301,21,21,0.0
15862,spillage,2030,301,22,22,0.0
15863,spillage,2030,301,23,23,0.0
15864,spillage,2030,301,24,24,0.0
15865,spillage,2030,302,1,1,0.0
15866,spillage,2030,302,2,2,0.0
15867,spillage,2030,302,3,3,0.0
15868,spillage,2030,302,4,4,0.0
15869,spillage,2030,302,5,5,0.0
15870,spillage,2030,302,6,6,0.0
15871,spillage,2030,302,7,7,0.0
15872,spillage,2030,302,8,8,0.0
15873,spillage,2030,302,9,9,0.0
15874,spillage,2030,302,10,10,0.0
15875,spillage,2030,302,11,11,0.0
15876,spillage,2030,302,12,12,0.0
15877,spillage,2030,302,13,13,0.0
15878,spillage,2030,302,14,14,0.0
15879,spillage,2030,302,15,15,0.0
15880,spillage,2030,302,16,16,0.0
15881,spillage,2030,302,17,17,0.0
15882,spillage,2030,302,18,18,0.0
15883,spillage,2030,302,19,19,0.0
15884,spillage,2030,302,20,20,0.0
15885,spillage,2030,302,21,21,0.0
15886,spillage,2030,302,22,22,0.0
15887,spillage,2030,302,23,23,0.0
15888,spillage,2030,302,24,24,0.0
15889,spillage,2030,303,1,1,0.0
15890,spillage,2030,303,2,2,0.0
15891,spillage,2030,303,3,3,0.0
15892,spillage,2030,303,4,4,0.0
15893,spillage,2030,303,5,5,0.0
15894,spillage,2030,303,6,6,0.0
15895,spillage,2030,303,7,7,0.0
15896,spillage,2030,303,8,8,0.0
15897,spillage,2030,303,9,9,0.0
15898,spillage,2030,303,10,10,0.0
15899,spillage,2030,303,11,11,0.0
15900,spillage,2030,303,12,12,0.0
15901,spillage,2030,303,13,13,0.0
15902,spillage,2030,303,14,14,0.0
15903,spillage,2030,303,15,15,0.0
15904,spillage,2030,303,16,16,0.0
15905,spillage,2030,303,17,17,0.0
15906,spillage,2030,303,18,18,0.0
15907,spillage,2030,303,19,19,0.0
15908,spillage,2030,303,20,20,0.0
15909,spillage,2030,303,21,21,0.0
15910,spillage,2030,303,22,22,0.0
15911,spillage,2030,303,23,23,0.0
15912,spillage,2030,303,24,24,0.0
15913,spillage,2030,304,1,1,0.0
15914,spillage,2030,304,2,2,0.0
15915,spillage,2030,304,3,3,0.0
15916,spillage,2030,304,4,4,0.0
15917,spillage,2030,304,5,5,0.0
15918,spillage,2030,304,6,6,0.0
15919,spillage,2030,304,7,7,0.0
15920,spillage,2030,304,8,8,0.0
15921,spillage,2030,304,9,9,0.0
15922,spillage,2030,304,10,10,0.0
15923,spillage,2030,304,11,11,0.0
15924,spillage,2030,304,12,12,0.0
15925,spillage,2030,304,13,13,0.0
15926,spillage,2030,304,14,14,0.0
15927,spillage,2030,304,15,15,0.0
15928,spillage,2030,304,16,16,0.0
15929,spillage,2030,304,17,17,0.0
15930,spillage,2030,304,18,18,0.0
15931,spillage,2030,304,19,19,0.0
15932,spillage,2030,304,20,20,0.0
15933,spillage,2030,304,21,21,0.0
15934,spillage,2030,304,22,22,0.0
15935,spillage,2030,304,23,23,0.0
15936,spillage,2030,304,24,24,0.0
15937,spillage,2030,305,1,1,0.0
15938,spillage,2030,305,2,2,0.0
15939,spillage,2030,305,3,3,0.0
15940,spillage,2030,305,4,4,0.0
15941,spillage,2030,305,5,5,0.0
15942,spillage,2030,305,6,6,0.0
15943,spillage,2030,305,7,7,0.0
15944,spillage,2030,305,8,8,0.0
15945,spillage,2030,305,9,9,0.0
15946,spillage,2030,305,10,10,0.0
15947,spillage,2030,305,11,11,0.0
15948,spillage,2030,305,12,12,0.0
15949,spillage,2030,305,13,13,0.0
15950,spillage,2030,305,14,14,0.0
15951,spillage,2030,305,15,15,0.0
15952,spillage,2030,305,16,16,0.0
15953,spillage,2030,305,17,17,0.0
15954,spillage,2030,305,18,18,0.0
15955,spillage,2030,305,19,19,0.0
15956,spillage,2030,305,20,20,0.0
15957,spillage,2030,305,21,21,0.0
15958,spillage,2030,305,22,22,0.0
15959,spillage,2030,305,23,23,0.0
15960,spillage,2030,305,24,24,0.0
15961,spillage,2030,306,1,1,0.0
15962,spillage,2030,306,2,2,0.0
15963,spillage,2030,306,3,3,0.0
15964,spillage,2030,306,4,4,0.0
15965,spillage,2030,306,5,5,0.0
15966,spillage,2030,306,6,6,0.0
15967,spillage,2030,306,7,7,0.0
15968,spillage,2030,306,8,8,0.0
15969,spillage,2030,306,9,9,0.0
15970,spillage,2030,306,10,10,0.0
15971,spillage,2030,306,11,11,0.0
15972,spillage,2030,306,12,12,0.0
15973,spillage,2030,306,13,13,0.0
15974,spillage,2030,306,14,14,0.0
15975,spillage,2030,306,15,15,0.0
15976,spillage,2030,306,16,16,0.0
15977,spillage,2030,306,17,17,0.0
15978,spillage,2030,306,18,18,0.0
15979,spillage,2030,306,19,19,0.0
15980,spillage,2030,306,20,20,0.0
15981,spillage,2030,306,21,21,0.0
15982,spillage,2030,306,22,22,0.0
15983,spillage,2030,306,23,23,0.0
15984,spillage,2030,306,24,24,0.0
15985,spillage,2030,307,1,1,0.0
15986,spillage,2030,307,2,2,0.0
15987,spillage,2030,307,3,3,0.0
15988,spillage,2030,307,4,4,0.0
15989,spillage,2030,307,5,5,0.0
15990,spillage,2030,307,6,6,0.0
15991,spillage,2030,307,7,7,0.0
15992,spillage,2030,307,8,8,0.0
15993,spillage,2030,307,9,9,0.0
15994,spillage,2030,307,10,10,0.0
15995,spillage,2030,307,11,11,0.0
15996,spillage,2030,307,12,12,0.0
15997,spillage,2030,307,13,13,0.0
15998,spillage,2030,307,14,14,0.0
15999,spillage,2030,307,15,15,0.0
16000,spillage,2030,307,16,16,0.0
16001,spillage,2030,307,17,17,0.0
16002,spillage,2030,307,18,18,0.0
16003,spillage,2030,307,19,19,0.0
16004,spillage,2030,307,20,20,0.0
16005,spillage,2030,307,21,21,0.0
16006,spillage,2030,307,22,22,0.0
16007,spillage,2030,307,23,23,0.0
16008,spillage,2030,307,24,24,0.0
16009,spillage,2030,308,1,1,0.0
16010,spillage,2030,308,2,2,0.0
16011,spillage,2030,308,3,3,0.0
16012,spillage,2030,308,4,4,0.0
16013,spillage,2030,308,5,5,0.0
16014,spillage,2030,308,6,6,0.0
16015,spillage,2030,308,7,7,0.0
16016,spillage,2030,308,8,8,0.0
16017,spillage,2030,308,9,9,0.0
16018,spillage,2030,308,10,10,0.0
16019,spillage,2030,308,11,11,0.0
16020,spillage,2030,308,12,12,0.0
16021,spillage,2030,308,13,13,0.0
16022,spillage,2030,308,14,14,0.0
16023,spillage,2030,308,15,15,0.0
16024,spillage,2030,308,16,16,0.0
16025,spillage,2030,308,17,17,0.0
16026,spillage,2030,308,18,18,0.0
16027,spillage,2030,308,19,19,0.0
16028,spillage,2030,308,20,20,0.0
16029,spillage,2030,308,21,21,0.0
16030,spillage,2030,308,22,22,0.0
16031,spillage,2030,308,23,23,0.0
16032,spillage,2030,308,24,24,0.0
16033,spillage,2030,309,1,1,0.0
16034,spillage,2030,309,2,2,0.0
16035,spillage,2030,309,3,3,0.0
16036,spillage,2030,309,4,4,0.0
16037,spillage,2030,309,5,5,0.0
16038,spillage,2030,309,6,6,0.0
16039,spillage,2030,309,7,7,0.0
16040,spillage,2030,309,8,8,0.0
16041,spillage,2030,309,9,9,0.0
16042,spillage,2030,309,10,10,0.0
16043,spillage,2030,309,11,11,0.0
16044,spillage,2030,309,12,12,0.0
16045,spillage,2030,309,13,13,0.0
16046,spillage,2030,309,14,14,0.0
16047,spillage,2030,309,15,15,0.0
16048,spillage,2030,309,16,16,0.0
16049,spillage,2030,309,17,17,0.0
16050,spillage,2030,309,18,18,0.0
16051,spillage,2030,309,19,19,0.0
16052,spillage,2030,309,20,20,0.0
16053,spillage,2030,309,21,21,0.0
16054,spillage,2030,309,22,22,0.0
16055,spillage,2030,309,23,23,0.0
16056,spillage,2030,309,24,24,0.0
16057,spillage,2030,310,1,1,0.0
16058,spillage,2030,310,2,2,0.0
16059,spillage,2030,310,3,3,0.0
16060,spillage,2030,310,4,4,0.0
16061,spillage,2030,310,5,5,0.0
16062,spillage,2030,310,6,6,0.0
16063,spillage,2030,310,7,7,0.0
16064,spillage,2030,310,8,8,0.0
16065,spillage,2030,310,9,9,0.0
16066,spillage,2030,310,10,10,0.0
16067,spillage,2030,310,11,11,0.0
16068,spillage,2030,310,12,12,0.0
16069,spillage,2030,310,13,13,0.0
16070,spillage,2030,310,14,14,0.0
16071,spillage,2030,310,15,15,0.0
16072,spillage,2030,310,16,16,0.0
16073,spillage,2030,310,17,17,0.0
16074,spillage,2030,310,18,18,0.0
16075,spillage,2030,310,19,19,0.0
16076,spillage,2030,310,20,20,0.0
16077,spillage,2030,310,21,21,0.0
16078,spillage,2030,310,22,22,0.0
16079,spillage,2030,310,23,23,0.0
16080,spillage,2030,310,24,24,0.0
16081,spillage,2030,311,1,1,0.0
16082,spillage,2030,311,2,2,0.0
16083,spillage,2030,311,3,3,0.0
16084,spillage,2030,311,4,4,0.0
16085,spillage,2030,311,5,5,0.0
16086,spillage,2030,311,6,6,0.0
16087,spillage,2030,311,7,7,0.0
16088,spillage,2030,311,8,8,0.0
16089,spillage,2030,311,9,9,0.0
16090,spillage,2030,311,10,10,0.0
16091,spillage,2030,311,11,11,0.0
16092,spillage,2030,311,12,12,0.0
16093,spillage,2030,311,13,13,0.0
16094,spillage,2030,311,14,14,0.0
16095,spillage,2030,311,15,15,0.0
16096,spillage,2030,311,16,16,0.0
16097,spillage,2030,311,17,17,0.0
16098,spillage,2030,311,18,18,0.0
16099,spillage,2030,311,19,19,0.0
16100,spillage,2030,311,20,20,0.0
16101,spillage,2030,311,21,21,0.0
16102,spillage,2030,311,22,22,0.0
16103,spillage,2030,311,23,23,0.0
16104,spillage,2030,311,24,24,0.0
16105,spillage,2030,312,1,1,0.0
16106,spillage,2030,312,2,2,0.0
16107,spillage,2030,312,3,3,0.0
16108,spillage,2030,312,4,4,0.0
16109,spillage,2030,312,5,5,0.0
16110,spillage,2030,312,6,6,0.0
16111,spillage,2030,312,7,7,0.0
16112,spillage,2030,312,8,8,0.0
16113,spillage,2030,312,9,9,0.0
16114,spillage,2030,312,10,10,0.0
16115,spillage,2030,312,11,11,0.0
16116,spillage,2030,312,12,12,0.0
16117,spillage,2030,312,13,13,0.0
16118,spillage,2030,312,14,14,0.0
16119,spillage,2030,312,15,15,0.0
16120,spillage,2030,312,16,16,0.0
16121,spillage,2030,312,17,17,0.0
16122,spillage,2030,312,18,18,0.0
16123,spillage,2030,312,19,19,0.0
16124,spillage,2030,312,20,20,0.0
16125,spillage,2030,312,21,21,0.0
16126,spillage,2030,312,22,22,0.0
16127,spillage,2030,312,23,23,0.0
16128,spillage,2030,312,24,24,0.0
16129,spillage,2030,313,1,1,0.0
16130,spillage,2030,313,2,2,0.0
16131,spillage,2030,313,3,3,0.0
16132,spillage,2030,313,4,4,0.0
16133,spillage,2030,313,5,5,0.0
16134,spillage,2030,313,6,6,0.0
16135,spillage,2030,313,7,7,0.0
16136,spillage,2030,313,8,8,0.0
16137,spillage,2030,313,9,9,0.0
16138,spillage,2030,313,10,10,0.0
16139,spillage,2030,313,11,11,0.0
16140,spillage,2030,313,12,12,0.0
16141,spillage,2030,313,13,13,0.0
16142,spillage,2030,313,14,14,0.0
16143,spillage,2030,313,15,15,0.0
16144,spillage,2030,313,16,16,0.0
16145,spillage,2030,313,17,17,0.0
16146,spillage,2030,313,18,18,0.0
16147,spillage,2030,313,19,19,0.0
16148,spillage,2030,313,20,20,0.0
16149,spillage,2030,313,21,21,0.0
16150,spillage,2030,313,22,22,0.0
16151,spillage,2030,313,23,23,0.0
16152,spillage,2030,313,24,24,0.0
16153,spillage,2030,314,1,1,0.0
16154,spillage,2030,314,2,2,0.0
16155,spillage,2030,314,3,3,0.0
16156,spillage,2030,314,4,4,0.0
16157,spillage,2030,314,5,5,0.0
16158,spillage,2030,314,6,6,0.0
16159,spillage,2030,314,7,7,0.0
16160,spillage,2030,314,8,8,0.0
16161,spillage,2030,314,9,9,0.0
16162,spillage,2030,314,10,10,0.0
16163,spillage,2030,314,11,11,0.0
16164,spillage,2030,314,12,12,0.0
16165,spillage,2030,314,13,13,0.0
16166,spillage,2030,314,14,14,0.0
16167,spillage,2030,314,15,15,0.0
16168,spillage,2030,314,16,16,0.0
16169,spillage,2030,314,17,17,0.0
16170,spillage,2030,314,18,18,0.0
16171,spillage,2030,314,19,19,0.0
16172,spillage,2030,314,20,20,0.0
16173,spillage,2030,314,21,21,0.0
16174,spillage,2030,314,22,22,0.0
16175,spillage,2030,314,23,23,0.0
16176,spillage,2030,314,24,24,0.0
16177,spillage,2030,315,1,1,0.0
16178,spillage,2030,315,2,2,0.0
16179,spillage,2030,315,3,3,0.0
16180,spillage,2030,315,4,4,0.0
16181,spillage,2030,315,5,5,0.0
16182,spillage,2030,315,6,6,0.0
16183,spillage,2030,315,7,7,0.0
16184,spillage,2030,315,8,8,0.0
16185,spillage,2030,315,9,9,0.0
16186,spillage,2030,315,10,10,0.0
16187,spillage,2030,315,11,11,0.0
16188,spillage,2030,315,12,12,0.0
16189,spillage,2030,315,13,13,0.0
16190,spillage,2030,315,14,14,0.0
16191,spillage,2030,315,15,15,0.0
16192,spillage,2030,315,16,16,0.0
16193,spillage,2030,315,17,17,0.0
16194,spillage,2030,315,18,18,0.0
16195,spillage,2030,315,19,19,0.0
16196,spillage,2030,315,20,20,0.0
16197,spillage,2030,315,21,21,0.0
16198,spillage,2030,315,22,22,0.0
16199,spillage,2030,315,23,23,0.0
16200,spillage,2030,315,24,24,0.0
16201,spillage,2030,316,1,1,0.0
16202,spillage,2030,316,2,2,0.0
16203,spillage,2030,316,3,3,0.0
16204,spillage,2030,316,4,4,0.0
16205,spillage,2030,316,5,5,0.0
16206,spillage,2030,316,6,6,0.0
16207,spillage,2030,316,7,7,0.0
16208,spillage,2030,316,8,8,0.0
16209,spillage,2030,316,9,9,0.0
16210,spillage,2030,316,10,10,0.0
16211,spillage,2030,316,11,11,0.0
16212,spillage,2030,316,12,12,0.0
16213,spillage,2030,316,13,13,0.0
16214,spillage,2030,316,14,14,0.0
16215,spillage,2030,316,15,15,0.0
16216,spillage,2030,316,16,16,0.0
16217,spillage,2030,316,17,17,0.0
16218,spillage,2030,316,18,18,0.0
16219,spillage,2030,316,19,19,0.0
16220,spillage,2030,316,20,20,0.0
16221,spillage,2030,316,21,21,0.0
16222,spillage,2030,316,22,22,0.0
16223,spillage,2030,316,23,23,0.0
16224,spillage,2030,316,24,24,0.0
16225,spillage,2030,317,1,1,0.0
16226,spillage,2030,317,2,2,0.0
16227,spillage,2030,317,3,3,0.0
16228,spillage,2030,317,4,4,0.0
16229,spillage,2030,317,5,5,0.0
16230,spillage,2030,317,6,6,0.0
16231,spillage,2030,317,7,7,0.0
16232,spillage,2030,317,8,8,0.0
16233,spillage,2030,317,9,9,0.0
16234,spillage,2030,317,10,10,0.0
16235,spillage,2030,317,11,11,0.0
16236,spillage,2030,317,12,12,0.0
16237,spillage,2030,317,13,13,0.0
16238,spillage,2030,317,14,14,0.0
16239,spillage,2030,317,15,15,0.0
16240,spillage,2030,317,16,16,0.0
16241,spillage,2030,317,17,17,0.0
16242,spillage,2030,317,18,18,0.0
16243,spillage,2030,317,19,19,0.0
16244,spillage,2030,317,20,20,0.0
16245,spillage,2030,317,21,21,0.0
16246,spillage,2030,317,22,22,0.0
16247,spillage,2030,317,23,23,0.0
16248,spillage,2030,317,24,24,0.0
16249,spillage,2030,318,1,1,0.0
16250,spillage,2030,318,2,2,0.0
16251,spillage,2030,318,3,3,0.0
16252,spillage,2030,318,4,4,0.0
16253,spillage,2030,318,5,5,0.0
16254,spillage,2030,318,6,6,0.0
16255,spillage,2030,318,7,7,0.0
16256,spillage,2030,318,8,8,0.0
16257,spillage,2030,318,9,9,0.0
16258,spillage,2030,318,10,10,0.0
16259,spillage,2030,318,11,11,0.0
16260,spillage,2030,318,12,12,0.0
16261,spillage,2030,318,13,13,0.0
16262,spillage,2030,318,14,14,0.0
16263,spillage,2030,318,15,15,0.0
16264,spillage,2030,318,16,16,0.0
16265,spillage,2030,318,17,17,0.0
16266,spillage,2030,318,18,18,0.0
16267,spillage,2030,318,19,19,0.0
16268,spillage,2030,318,20,20,0.0
16269,spillage,2030,318,21,21,0.0
16270,spillage,2030,318,22,22,0.0
16271,spillage,2030,318,23,23,0.0
16272,spillage,2030,318,24,24,0.0
16273,spillage,2030,319,1,1,0.0
16274,spillage,2030,319,2,2,0.0
16275,spillage,2030,319,3,3,0.0
16276,spillage,2030,319,4,4,0.0
16277,spillage,2030,319,5,5,0.0
16278,spillage,2030,319,6,6,0.0
16279,spillage,2030,319,7,7,0.0
16280,spillage,2030,319,8,8,0.0
16281,spillage,2030,319,9,9,0.0
16282,spillage,2030,319,10,10,0.0
16283,spillage,2030,319,11,11,0.0
16284,spillage,2030,319,12,12,0.0
16285,spillage,2030,319,13,13,0.0
16286,spillage,2030,319,14,14,0.0
16287,spillage,2030,319,15,15,0.0
16288,spillage,2030,319,16,16,0.0
16289,spillage,2030,319,17,17,0.0
16290,spillage,2030,319,18,18,0.0
16291,spillage,2030,319,19,19,0.0
16292,spillage,2030,319,20,20,0.0
16293,spillage,2030,319,21,21,0.0
16294,spillage,2030,319,22,22,0.0
16295,spillage,2030,319,23,23,0.0
16296,spillage,2030,319,24,24,0.0
16297,spillage,2030,320,1,1,0.0
16298,spillage,2030,320,2,2,0.0
16299,spillage,2030,320,3,3,0.0
16300,spillage,2030,320,4,4,0.0
16301,spillage,2030,320,5,5,0.0
16302,spillage,2030,320,6,6,0.0
16303,spillage,2030,320,7,7,0.0
16304,spillage,2030,320,8,8,0.0
16305,spillage,2030,320,9,9,0.0
16306,spillage,2030,320,10,10,0.0
16307,spillage,2030,320,11,11,0.0
16308,spillage,2030,320,12,12,0.0
16309,spillage,2030,320,13,13,0.0
16310,spillage,2030,320,14,14,0.0
16311,spillage,2030,320,15,15,0.0
16312,spillage,2030,320,16,16,0.0
16313,spillage,2030,320,17,17,0.0
16314,spillage,2030,320,18,18,0.0
16315,spillage,2030,320,19,19,0.0
16316,spillage,2030,320,20,20,0.0
16317,spillage,2030,320,21,21,0.0
16318,spillage,2030,320,22,22,0.0
16319,spillage,2030,320,23,23,0.0
16320,spillage,2030,320,24,24,0.0
16321,spillage,2030,321,1,1,0.0
16322,spillage,2030,321,2,2,0.0
16323,spillage,2030,321,3,3,0.0
16324,spillage,2030,321,4,4,0.0
16325,spillage,2030,321,5,5,0.0
16326,spillage,2030,321,6,6,0.0
16327,spillage,2030,321,7,7,0.0
16328,spillage,2030,321,8,8,0.0
16329,spillage,2030,321,9,9,0.0
16330,spillage,2030,321,10,10,0.0
16331,spillage,2030,321,11,11,0.0
16332,spillage,2030,321,12,12,0.0
16333,spillage,2030,321,13,13,0.0
16334,spillage,2030,321,14,14,0.0
16335,spillage,2030,321,15,15,0.0
16336,spillage,2030,321,16,16,0.0
16337,spillage,2030,321,17,17,0.0
16338,spillage,2030,321,18,18,0.0
16339,spillage,2030,321,19,19,0.0
16340,spillage,2030,321,20,20,0.0
16341,spillage,2030,321,21,21,0.0
16342,spillage,2030,321,22,22,0.0
16343,spillage,2030,321,23,23,0.0
16344,spillage,2030,321,24,24,0.0
16345,spillage,2030,322,1,1,0.0
16346,spillage,2030,322,2,2,0.0
16347,spillage,2030,322,3,3,0.0
16348,spillage,2030,322,4,4,0.0
16349,spillage,2030,322,5,5,0.0
16350,spillage,2030,322,6,6,0.0
16351,spillage,2030,322,7,7,0.0
16352,spillage,2030,322,8,8,0.0
16353,spillage,2030,322,9,9,0.0
16354,spillage,2030,322,10,10,0.0
16355,spillage,2030,322,11,11,0.0
16356,spillage,2030,322,12,12,0.0
16357,spillage,2030,322,13,13,0.0
16358,spillage,2030,322,14,14,0.0
16359,spillage,2030,322,15,15,0.0
16360,spillage,2030,322,16,16,0.0
16361,spillage,2030,322,17,17,0.0
16362,spillage,2030,322,18,18,0.0
16363,spillage,2030,322,19,19,0.0
16364,spillage,2030,322,20,20,0.0
16365,spillage,2030,322,21,21,0.0
16366,spillage,2030,322,22,22,0.0
16367,spillage,2030,322,23,23,0.0
16368,spillage,2030,322,24,24,0.0
16369,spillage,2030,323,1,1,0.0
16370,spillage,2030,323,2,2,0.0
16371,spillage,2030,323,3,3,0.0
16372,spillage,2030,323,4,4,0.0
16373,spillage,2030,323,5,5,0.0
16374,spillage,2030,323,6,6,0.0
16375,spillage,2030,323,7,7,0.0
16376,spillage,2030,323,8,8,0.0
16377,spillage,2030,323,9,9,0.0
16378,spillage,2030,323,10,10,0.0
16379,spillage,2030,323,11,11,0.0
16380,spillage,2030,323,12,12,0.0
16381,spillage,2030,323,13,13,0.0
16382,spillage,2030,323,14,14,0.0
16383,spillage,2030,323,15,15,0.0
16384,spillage,2030,323,16,16,0.0
16385,spillage,2030,323,17,17,0.0
16386,spillage,2030,323,18,18,0.0
16387,spillage,2030,323,19,19,0.0
16388,spillage,2030,323,20,20,0.0
16389,spillage,2030,323,21,21,0.0
16390,spillage,2030,323,22,22,0.0
16391,spillage,2030,323,23,23,0.0
16392,spillage,2030,323,24,24,0.0
16393,spillage,2030,324,1,1,0.0
16394,spillage,2030,324,2,2,0.0
16395,spillage,2030,324,3,3,0.0
16396,spillage,2030,324,4,4,0.0
16397,spillage,2030,324,5,5,0.0
16398,spillage,2030,324,6,6,0.0
16399,spillage,2030,324,7,7,0.0
16400,spillage,2030,324,8,8,0.0
16401,spillage,2030,324,9,9,0.0
16402,spillage,2030,324,10,10,0.0
16403,spillage,2030,324,11,11,0.0
16404,spillage,2030,324,12,12,0.0
16405,spillage,2030,324,13,13,0.0
16406,spillage,2030,324,14,14,0.0
16407,spillage,2030,324,15,15,0.0
16408,spillage,2030,324,16,16,0.0
16409,spillage,2030,324,17,17,0.0
16410,spillage,2030,324,18,18,0.0
16411,spillage,2030,324,19,19,0.0
16412,spillage,2030,324,20,20,0.0
16413,spillage,2030,324,21,21,0.0
16414,spillage,2030,324,22,22,0.0
16415,spillage,2030,324,23,23,0.0
16416,spillage,2030,324,24,24,0.0
16417,spillage,2030,325,1,1,0.0
16418,spillage,2030,325,2,2,0.0
16419,spillage,2030,325,3,3,0.0
16420,spillage,2030,325,4,4,0.0
16421,spillage,2030,325,5,5,0.0
16422,spillage,2030,325,6,6,0.0
16423,spillage,2030,325,7,7,0.0
16424,spillage,2030,325,8,8,0.0
16425,spillage,2030,325,9,9,0.0
16426,spillage,2030,325,10,10,0.0
16427,spillage,2030,325,11,11,0.0
16428,spillage,2030,325,12,12,0.0
16429,spillage,2030,325,13,13,0.0
16430,spillage,2030,325,14,14,0.0
16431,spillage,2030,325,15,15,0.0
16432,spillage,2030,325,16,16,0.0
16433,spillage,2030,325,17,17,0.0
16434,spillage,2030,325,18,18,0.0
16435,spillage,2030,325,19,19,0.0
16436,spillage,2030,325,20,20,0.0
16437,spillage,2030,325,21,21,0.0
16438,spillage,2030,325,22,22,0.0
16439,spillage,2030,325,23,23,0.0
16440,spillage,2030,325,24,24,0.0
16441,spillage,2030,326,1,1,0.0
16442,spillage,2030,326,2,2,0.0
16443,spillage,2030,326,3,3,0.0
16444,spillage,2030,326,4,4,0.0
16445,spillage,2030,326,5,5,0.0
16446,spillage,2030,326,6,6,0.0
16447,spillage,2030,326,7,7,0.0
16448,spillage,2030,326,8,8,0.0
16449,spillage,2030,326,9,9,0.0
16450,spillage,2030,326,10,10,0.0
16451,spillage,2030,326,11,11,0.0
16452,spillage,2030,326,12,12,0.0
16453,spillage,2030,326,13,13,0.0
16454,spillage,2030,326,14,14,0.0
16455,spillage,2030,326,15,15,0.0
16456,spillage,2030,326,16,16,0.0
16457,spillage,2030,326,17,17,0.0
16458,spillage,2030,326,18,18,0.0
16459,spillage,2030,326,19,19,0.0
16460,spillage,2030,326,20,20,0.0
16461,spillage,2030,326,21,21,0.0
16462,spillage,2030,326,22,22,0.0
16463,spillage,2030,326,23,23,0.0
16464,spillage,2030,326,24,24,0.0
16465,spillage,2030,327,1,1,0.0
16466,spillage,2030,327,2,2,0.0
16467,spillage,2030,327,3,3,0.0
16468,spillage,2030,327,4,4,0.0
16469,spillage,2030,327,5,5,0.0
16470,spillage,2030,327,6,6,0.0
16471,spillage,2030,327,7,7,0.0
16472,spillage,2030,327,8,8,0.0
16473,spillage,2030,327,9,9,0.0
16474,spillage,2030,327,10,10,0.0
16475,spillage,2030,327,11,11,0.0
16476,spillage,2030,327,12,12,0.0
16477,spillage,2030,327,13,13,0.0
16478,spillage,2030,327,14,14,0.0
16479,spillage,2030,327,15,15,0.0
16480,spillage,2030,327,16,16,0.0
16481,spillage,2030,327,17,17,0.0
16482,spillage,2030,327,18,18,0.0
16483,spillage,2030,327,19,19,0.0
16484,spillage,2030,327,20,20,0.0
16485,spillage,2030,327,21,21,0.0
16486,spillage,2030,327,22,22,0.0
16487,spillage,2030,327,23,23,0.0
16488,spillage,2030,327,24,24,0.0
16489,spillage,2030,328,1,1,0.0
16490,spillage,2030,328,2,2,0.0
16491,spillage,2030,328,3,3,0.0
16492,spillage,2030,328,4,4,0.0
16493,spillage,2030,328,5,5,0.0
16494,spillage,2030,328,6,6,0.0
16495,spillage,2030,328,7,7,0.0
16496,spillage,2030,328,8,8,0.0
16497,spillage,2030,328,9,9,0.0
16498,spillage,2030,328,10,10,0.0
16499,spillage,2030,328,11,11,0.0
16500,spillage,2030,328,12,12,0.0
16501,spillage,2030,328,13,13,0.0
16502,spillage,2030,328,14,14,0.0
16503,spillage,2030,328,15,15,0.0
16504,spillage,2030,328,16,16,0.0
16505,spillage,2030,328,17,17,0.0
16506,spillage,2030,328,18,18,0.0
16507,spillage,2030,328,19,19,0.0
16508,spillage,2030,328,20,20,0.0
16509,spillage,2030,328,21,21,0.0
16510,spillage,2030,328,22,22,0.0
16511,spillage,2030,328,23,23,0.0
16512,spillage,2030,328,24,24,0.0
16513,spillage,2030,329,1,1,0.0
16514,spillage,2030,329,2,2,0.0
16515,spillage,2030,329,3,3,0.0
16516,spillage,2030,329,4,4,0.0
16517,spillage,2030,329,5,5,0.0
16518,spillage,2030,329,6,6,0.0
16519,spillage,2030,329,7,7,0.0
16520,spillage,2030,329,8,8,0.0
16521,spillage,2030,329,9,9,0.0
16522,spillage,2030,329,10,10,0.0
16523,spillage,2030,329,11,11,0.0
16524,spillage,2030,329,12,12,0.0
16525,spillage,2030,329,13,13,0.0
16526,spillage,2030,329,14,14,0.0
16527,spillage,2030,329,15,15,0.0
16528,spillage,2030,329,16,16,0.0
16529,spillage,2030,329,17,17,0.0
16530,spillage,2030,329,18,18,0.0
16531,spillage,2030,329,19,19,0.0
16532,spillage,2030,329,20,20,0.0
16533,spillage,2030,329,21,21,0.0
16534,spillage,2030,329,22,22,0.0
16535,spillage,2030,329,23,23,0.0
16536,spillage,2030,329,24,24,0.0
16537,spillage,2030,330,1,1,0.0
16538,spillage,2030,330,2,2,0.0
16539,spillage,2030,330,3,3,0.0
16540,spillage,2030,330,4,4,0.0
16541,spillage,2030,330,5,5,0.0
16542,spillage,2030,330,6,6,0.0
16543,spillage,2030,330,7,7,0.0
16544,spillage,2030,330,8,8,0.0
16545,spillage,2030,330,9,9,0.0
16546,spillage,2030,330,10,10,0.0
16547,spillage,2030,330,11,11,0.0
16548,spillage,2030,330,12,12,0.0
16549,spillage,2030,330,13,13,0.0
16550,spillage,2030,330,14,14,0.0
16551,spillage,2030,330,15,15,0.0
16552,spillage,2030,330,16,16,0.0
16553,spillage,2030,330,17,17,0.0
16554,spillage,2030,330,18,18,0.0
16555,spillage,2030,330,19,19,0.0
16556,spillage,2030,330,20,20,0.0
16557,spillage,2030,330,21,21,0.0
16558,spillage,2030,330,22,22,0.0
16559,spillage,2030,330,23,23,0.0
16560,spillage,2030,330,24,24,0.0
16561,spillage,2030,331,1,1,0.0
16562,spillage,2030,331,2,2,0.0
16563,spillage,2030,331,3,3,0.0
16564,spillage,2030,331,4,4,0.0
16565,spillage,2030,331,5,5,0.0
16566,spillage,2030,331,6,6,0.0
16567,spillage,2030,331,7,7,0.0
16568,spillage,2030,331,8,8,0.0
16569,spillage,2030,331,9,9,0.0
16570,spillage,2030,331,10,10,0.0
16571,spillage,2030,331,11,11,0.0
16572,spillage,2030,331,12,12,0.0
16573,spillage,2030,331,13,13,0.0
16574,spillage,2030,331,14,14,0.0
16575,spillage,2030,331,15,15,0.0
16576,spillage,2030,331,16,16,0.0
16577,spillage,2030,331,17,17,0.0
16578,spillage,2030,331,18,18,0.0
16579,spillage,2030,331,19,19,0.0
16580,spillage,2030,331,20,20,0.0
16581,spillage,2030,331,21,21,0.0
16582,spillage,2030,331,22,22,0.0
16583,spillage,2030,331,23,23,0.0
16584,spillage,2030,331,24,24,0.0
16585,spillage,2030,332,1,1,0.0
16586,spillage,2030,332,2,2,0.0
16587,spillage,2030,332,3,3,0.0
16588,spillage,2030,332,4,4,0.0
16589,spillage,2030,332,5,5,0.0
16590,spillage,2030,332,6,6,0.0
16591,spillage,2030,332,7,7,0.0
16592,spillage,2030,332,8,8,0.0
16593,spillage,2030,332,9,9,0.0
16594,spillage,2030,332,10,10,0.0
16595,spillage,2030,332,11,11,0.0
16596,spillage,2030,332,12,12,0.0
16597,spillage,2030,332,13,13,0.0
16598,spillage,2030,332,14,14,0.0
16599,spillage,2030,332,15,15,0.0
16600,spillage,2030,332,16,16,0.0
16601,spillage,2030,332,17,17,0.0
16602,spillage,2030,332,18,18,0.0
16603,spillage,2030,332,19,19,0.0
16604,spillage,2030,332,20,20,0.0
16605,spillage,2030,332,21,21,0.0
16606,spillage,2030,332,22,22,0.0
16607,spillage,2030,332,23,23,0.0
16608,spillage,2030,332,24,24,0.0
16609,spillage,2030,333,1,1,0.0
16610,spillage,2030,333,2,2,0.0
16611,spillage,2030,333,3,3,0.0
16612,spillage,2030,333,4,4,0.0
16613,spillage,2030,333,5,5,0.0
16614,spillage,2030,333,6,6,0.0
16615,spillage,2030,333,7,7,0.0
16616,spillage,2030,333,8,8,0.0
16617,spillage,2030,333,9,9,0.0
16618,spillage,2030,333,10,10,0.0
16619,spillage,2030,333,11,11,0.0
16620,spillage,2030,333,12,12,0.0
16621,spillage,2030,333,13,13,0.0
16622,spillage,2030,333,14,14,0.0
16623,spillage,2030,333,15,15,0.0
16624,spillage,2030,333,16,16,0.0
16625,spillage,2030,333,17,17,0.0
16626,spillage,2030,333,18,18,0.0
16627,spillage,2030,333,19,19,0.0
16628,spillage,2030,333,20,20,0.0
16629,spillage,2030,333,21,21,0.0
16630,spillage,2030,333,22,22,0.0
16631,spillage,2030,333,23,23,0.0
16632,spillage,2030,333,24,24,0.0
16633,spillage,2030,334,1,1,0.0
16634,spillage,2030,334,2,2,0.0
16635,spillage,2030,334,3,3,0.0
16636,spillage,2030,334,4,4,0.0
16637,spillage,2030,334,5,5,0.0
16638,spillage,2030,334,6,6,0.0
16639,spillage,2030,334,7,7,0.0
16640,spillage,2030,334,8,8,0.0
16641,spillage,2030,334,9,9,0.0
16642,spillage,2030,334,10,10,0.0
16643,spillage,2030,334,11,11,0.0
16644,spillage,2030,334,12,12,0.0
16645,spillage,2030,334,13,13,0.0
16646,spillage,2030,334,14,14,0.0
16647,spillage,2030,334,15,15,0.0
16648,spillage,2030,334,16,16,0.0
16649,spillage,2030,334,17,17,0.0
16650,spillage,2030,334,18,18,0.0
16651,spillage,2030,334,19,19,0.0
16652,spillage,2030,334,20,20,0.0
16653,spillage,2030,334,21,21,0.0
16654,spillage,2030,334,22,22,0.0
16655,spillage,2030,334,23,23,0.0
16656,spillage,2030,334,24,24,0.0
16657,spillage,2030,335,1,1,0.0
16658,spillage,2030,335,2,2,0.0
16659,spillage,2030,335,3,3,0.0
16660,spillage,2030,335,4,4,0.0
16661,spillage,2030,335,5,5,0.0
16662,spillage,2030,335,6,6,0.0
16663,spillage,2030,335,7,7,0.0
16664,spillage,2030,335,8,8,0.0
16665,spillage,2030,335,9,9,0.0
16666,spillage,2030,335,10,10,0.0
16667,spillage,2030,335,11,11,0.0
16668,spillage,2030,335,12,12,0.0
16669,spillage,2030,335,13,13,0.0
16670,spillage,2030,335,14,14,0.0
16671,spillage,2030,335,15,15,0.0
16672,spillage,2030,335,16,16,0.0
16673,spillage,2030,335,17,17,0.0
16674,spillage,2030,335,18,18,0.0
16675,spillage,2030,335,19,19,0.0
16676,spillage,2030,335,20,20,0.0
16677,spillage,2030,335,21,21,0.0
16678,spillage,2030,335,22,22,0.0
16679,spillage,2030,335,23,23,0.0
16680,spillage,2030,335,24,24,0.0
16681,spillage,2030,336,1,1,0.0
16682,spillage,2030,336,2,2,0.0
16683,spillage,2030,336,3,3,0.0
16684,spillage,2030,336,4,4,0.0
16685,spillage,2030,336,5,5,0.0
16686,spillage,2030,336,6,6,0.0
16687,spillage,2030,336,7,7,0.0
16688,spillage,2030,336,8,8,0.0
16689,spillage,2030,336,9,9,0.0
16690,spillage,2030,336,10,10,0.0
16691,spillage,2030,336,11,11,0.0
16692,spillage,2030,336,12,12,0.0
16693,spillage,2030,336,13,13,0.0
16694,spillage,2030,336,14,14,0.0
16695,spillage,2030,336,15,15,0.0
16696,spillage,2030,336,16,16,0.0
16697,spillage,2030,336,17,17,0.0
16698,spillage,2030,336,18,18,0.0
16699,spillage,2030,336,19,19,0.0
16700,spillage,2030,336,20,20,0.0
16701,spillage,2030,336,21,21,0.0
16702,spillage,2030,336,22,22,0.0
16703,spillage,2030,336,23,23,0.0
16704,spillage,2030,336,24,24,0.0
16705,spillage,2030,337,1,1,0.0
16706,spillage,2030,337,2,2,0.0
16707,spillage,2030,337,3,3,0.0
16708,spillage,2030,337,4,4,0.0
16709,spillage,2030,337,5,5,0.0
16710,spillage,2030,337,6,6,0.0
16711,spillage,2030,337,7,7,0.0
16712,spillage,2030,337,8,8,0.0
16713,spillage,2030,337,9,9,0.0
16714,spillage,2030,337,10,10,0.0
16715,spillage,2030,337,11,11,0.0
16716,spillage,2030,337,12,12,0.0
16717,spillage,2030,337,13,13,0.0
16718,spillage,2030,337,14,14,0.0
16719,spillage,2030,337,15,15,0.0
16720,spillage,2030,337,16,16,0.0
16721,spillage,2030,337,17,17,0.0
16722,spillage,2030,337,18,18,0.0
16723,spillage,2030,337,19,19,0.0
16724,spillage,2030,337,20,20,0.0
16725,spillage,2030,337,21,21,0.0
16726,spillage,2030,337,22,22,0.0
16727,spillage,2030,337,23,23,0.0
16728,spillage,2030,337,24,24,0.0
16729,spillage,2030,338,1,1,0.0
16730,spillage,2030,338,2,2,0.0
16731,spillage,2030,338,3,3,0.0
16732,spillage,2030,338,4,4,0.0
16733,spillage,2030,338,5,5,0.0
16734,spillage,2030,338,6,6,0.0
16735,spillage,2030,338,7,7,0.0
16736,spillage,2030,338,8,8,0.0
16737,spillage,2030,338,9,9,0.0
16738,spillage,2030,338,10,10,0.0
16739,spillage,2030,338,11,11,0.0
16740,spillage,2030,338,12,12,0.0
16741,spillage,2030,338,13,13,0.0
16742,spillage,2030,338,14,14,0.0
16743,spillage,2030,338,15,15,0.0
16744,spillage,2030,338,16,16,0.0
16745,spillage,2030,338,17,17,0.0
16746,spillage,2030,338,18,18,0.0
16747,spillage,2030,338,19,19,0.0
16748,spillage,2030,338,20,20,0.0
16749,spillage,2030,338,21,21,0.0
16750,spillage,2030,338,22,22,0.0
16751,spillage,2030,338,23,23,0.0
16752,spillage,2030,338,24,24,0.0
16753,spillage,2030,339,1,1,0.0
16754,spillage,2030,339,2,2,0.0
16755,spillage,2030,339,3,3,0.0
16756,spillage,2030,339,4,4,0.0
16757,spillage,2030,339,5,5,0.0
16758,spillage,2030,339,6,6,0.0
16759,spillage,2030,339,7,7,0.0
16760,spillage,2030,339,8,8,0.0
16761,spillage,2030,339,9,9,0.0
16762,spillage,2030,339,10,10,0.0
16763,spillage,2030,339,11,11,0.0
16764,spillage,2030,339,12,12,0.0
16765,spillage,2030,339,13,13,0.0
16766,spillage,2030,339,14,14,0.0
16767,spillage,2030,339,15,15,0.0
16768,spillage,2030,339,16,16,0.0
16769,spillage,2030,339,17,17,0.0
16770,spillage,2030,339,18,18,0.0
16771,spillage,2030,339,19,19,0.0
16772,spillage,2030,339,20,20,0.0
16773,spillage,2030,339,21,21,0.0
16774,spillage,2030,339,22,22,0.0
16775,spillage,2030,339,23,23,0.0
16776,spillage,2030,339,24,24,0.0
16777,spillage,2030,340,1,1,0.0
16778,spillage,2030,340,2,2,0.0
16779,spillage,2030,340,3,3,0.0
16780,spillage,2030,340,4,4,0.0
16781,spillage,2030,340,5,5,0.0
16782,spillage,2030,340,6,6,0.0
16783,spillage,2030,340,7,7,0.0
16784,spillage,2030,340,8,8,0.0
16785,spillage,2030,340,9,9,0.0
16786,spillage,2030,340,10,10,0.0
16787,spillage,2030,340,11,11,0.0
16788,spillage,2030,340,12,12,0.0
16789,spillage,2030,340,13,13,0.0
16790,spillage,2030,340,14,14,0.0
16791,spillage,2030,340,15,15,0.0
16792,spillage,2030,340,16,16,0.0
16793,spillage,2030,340,17,17,0.0
16794,spillage,2030,340,18,18,0.0
16795,spillage,2030,340,19,19,0.0
16796,spillage,2030,340,20,20,0.0
16797,spillage,2030,340,21,21,0.0
16798,spillage,2030,340,22,22,0.0
16799,spillage,2030,340,23,23,0.0
16800,spillage,2030,340,24,24,0.0
16801,spillage,2030,341,1,1,0.0
16802,spillage,2030,341,2,2,0.0
16803,spillage,2030,341,3,3,0.0
16804,spillage,2030,341,4,4,0.0
16805,spillage,2030,341,5,5,0.0
16806,spillage,2030,341,6,6,0.0
16807,spillage,2030,341,7,7,0.0
16808,spillage,2030,341,8,8,0.0
16809,spillage,2030,341,9,9,0.0
16810,spillage,2030,341,10,10,0.0
16811,spillage,2030,341,11,11,0.0
16812,spillage,2030,341,12,12,0.0
16813,spillage,2030,341,13,13,0.0
16814,spillage,2030,341,14,14,0.0
16815,spillage,2030,341,15,15,0.0
16816,spillage,2030,341,16,16,0.0
16817,spillage,2030,341,17,17,0.0
16818,spillage,2030,341,18,18,0.0
16819,spillage,2030,341,19,19,0.0
16820,spillage,2030,341,20,20,0.0
16821,spillage,2030,341,21,21,0.0
16822,spillage,2030,341,22,22,0.0
16823,spillage,2030,341,23,23,0.0
16824,spillage,2030,341,24,24,0.0
16825,spillage,2030,342,1,1,0.0
16826,spillage,2030,342,2,2,0.0
16827,spillage,2030,342,3,3,0.0
16828,spillage,2030,342,4,4,0.0
16829,spillage,2030,342,5,5,0.0
16830,spillage,2030,342,6,6,0.0
16831,spillage,2030,342,7,7,0.0
16832,spillage,2030,342,8,8,0.0
16833,spillage,2030,342,9,9,0.0
16834,spillage,2030,342,10,10,0.0
16835,spillage,2030,342,11,11,0.0
16836,spillage,2030,342,12,12,0.0
16837,spillage,2030,342,13,13,0.0
16838,spillage,2030,342,14,14,0.0
16839,spillage,2030,342,15,15,0.0
16840,spillage,2030,342,16,16,0.0
16841,spillage,2030,342,17,17,0.0
16842,spillage,2030,342,18,18,0.0
16843,spillage,2030,342,19,19,0.0
16844,spillage,2030,342,20,20,0.0
16845,spillage,2030,342,21,21,0.0
16846,spillage,2030,342,22,22,0.0
16847,spillage,2030,342,23,23,0.0
16848,spillage,2030,342,24,24,0.0
16849,spillage,2030,343,1,1,0.0
16850,spillage,2030,343,2,2,0.0
16851,spillage,2030,343,3,3,0.0
16852,spillage,2030,343,4,4,0.0
16853,spillage,2030,343,5,5,0.0
16854,spillage,2030,343,6,6,0.0
16855,spillage,2030,343,7,7,0.0
16856,spillage,2030,343,8,8,0.0
16857,spillage,2030,343,9,9,0.0
16858,spillage,2030,343,10,10,0.0
16859,spillage,2030,343,11,11,0.0
16860,spillage,2030,343,12,12,0.0
16861,spillage,2030,343,13,13,0.0
16862,spillage,2030,343,14,14,0.0
16863,spillage,2030,343,15,15,0.0
16864,spillage,2030,343,16,16,0.0
16865,spillage,2030,343,17,17,0.0
16866,spillage,2030,343,18,18,0.0
16867,spillage,2030,343,19,19,0.0
16868,spillage,2030,343,20,20,0.0
16869,spillage,2030,343,21,21,0.0
16870,spillage,2030,343,22,22,0.0
16871,spillage,2030,343,23,23,0.0
16872,spillage,2030,343,24,24,0.0
16873,spillage,2030,344,1,1,0.0
16874,spillage,2030,344,2,2,0.0
16875,spillage,2030,344,3,3,0.0
16876,spillage,2030,344,4,4,0.0
16877,spillage,2030,344,5,5,0.0
16878,spillage,2030,344,6,6,0.0
16879,spillage,2030,344,7,7,0.0
16880,spillage,2030,344,8,8,0.0
16881,spillage,2030,344,9,9,0.0
16882,spillage,2030,344,10,10,0.0
16883,spillage,2030,344,11,11,0.0
16884,spillage,2030,344,12,12,0.0
16885,spillage,2030,344,13,13,0.0
16886,spillage,2030,344,14,14,0.0
16887,spillage,2030,344,15,15,0.0
16888,spillage,2030,344,16,16,0.0
16889,spillage,2030,344,17,17,0.0
16890,spillage,2030,344,18,18,0.0
16891,spillage,2030,344,19,19,0.0
16892,spillage,2030,344,20,20,0.0
16893,spillage,2030,344,21,21,0.0
16894,spillage,2030,344,22,22,0.0
16895,spillage,2030,344,23,23,0.0
16896,spillage,2030,344,24,24,0.0
16897,spillage,2030,345,1,1,0.0
16898,spillage,2030,345,2,2,0.0
16899,spillage,2030,345,3,3,0.0
16900,spillage,2030,345,4,4,0.0
16901,spillage,2030,345,5,5,0.0
16902,spillage,2030,345,6,6,0.0
16903,spillage,2030,345,7,7,0.0
16904,spillage,2030,345,8,8,0.0
16905,spillage,2030,345,9,9,0.0
16906,spillage,2030,345,10,10,0.0
16907,spillage,2030,345,11,11,0.0
16908,spillage,2030,345,12,12,0.0
16909,spillage,2030,345,13,13,0.0
16910,spillage,2030,345,14,14,0.0
16911,spillage,2030,345,15,15,0.0
16912,spillage,2030,345,16,16,0.0
16913,spillage,2030,345,17,17,0.0
16914,spillage,2030,345,18,18,0.0
16915,spillage,2030,345,19,19,0.0
16916,spillage,2030,345,20,20,0.0
16917,spillage,2030,345,21,21,0.0
16918,spillage,2030,345,22,22,0.0
16919,spillage,2030,345,23,23,0.0
16920,spillage,2030,345,24,24,0.0
16921,spillage,2030,346,1,1,0.0
16922,spillage,2030,346,2,2,0.0
16923,spillage,2030,346,3,3,0.0
16924,spillage,2030,346,4,4,0.0
16925,spillage,2030,346,5,5,0.0
16926,spillage,2030,346,6,6,0.0
16927,spillage,2030,346,7,7,0.0
16928,spillage,2030,346,8,8,0.0
16929,spillage,2030,346,9,9,0.0
16930,spillage,2030,346,10,10,0.0
16931,spillage,2030,346,11,11,0.0
16932,spillage,2030,346,12,12,0.0
16933,spillage,2030,346,13,13,0.0
16934,spillage,2030,346,14,14,0.0
16935,spillage,2030,346,15,15,0.0
16936,spillage,2030,346,16,16,0.0
16937,spillage,2030,346,17,17,0.0
16938,spillage,2030,346,18,18,0.0
16939,spillage,2030,346,19,19,0.0
16940,spillage,2030,346,20,20,0.0
16941,spillage,2030,346,21,21,0.0
16942,spillage,2030,346,22,22,0.0
16943,spillage,2030,346,23,23,0.0
16944,spillage,2030,346,24,24,0.0
16945,spillage,2030,347,1,1,0.0
16946,spillage,2030,347,2,2,0.0
16947,spillage,2030,347,3,3,0.0
16948,spillage,2030,347,4,4,0.0
16949,spillage,2030,347,5,5,0.0
16950,spillage,2030,347,6,6,0.0
16951,spillage,2030,347,7,7,0.0
16952,spillage,2030,347,8,8,0.0
16953,spillage,2030,347,9,9,0.0
16954,spillage,2030,347,10,10,0.0
16955,spillage,2030,347,11,11,0.0
16956,spillage,2030,347,12,12,0.0
16957,spillage,2030,347,13,13,0.0
16958,spillage,2030,347,14,14,0.0
16959,spillage,2030,347,15,15,0.0
16960,spillage,2030,347,16,16,0.0
16961,spillage,2030,347,17,17,0.0
16962,spillage,2030,347,18,18,0.0
16963,spillage,2030,347,19,19,0.0
16964,spillage,2030,347,20,20,0.0
16965,spillage,2030,347,21,21,0.0
16966,spillage,2030,347,22,22,0.0
16967,spillage,2030,347,23,23,0.0
16968,spillage,2030,347,24,24,0.0
16969,spillage,2030,348,1,1,0.0
16970,spillage,2030,348,2,2,0.0
16971,spillage,2030,348,3,3,0.0
16972,spillage,2030,348,4,4,0.0
16973,spillage,2030,348,5,5,0.0
16974,spillage,2030,348,6,6,0.0
16975,spillage,2030,348,7,7,0.0
16976,spillage,2030,348,8,8,0.0
16977,spillage,2030,348,9,9,0.0
16978,spillage,2030,348,10,10,0.0
16979,spillage,2030,348,11,11,0.0
16980,spillage,2030,348,12,12,0.0
16981,spillage,2030,348,13,13,0.0
16982,spillage,2030,348,14,14,0.0
16983,spillage,2030,348,15,15,0.0
16984,spillage,2030,348,16,16,0.0
16985,spillage,2030,348,17,17,0.0
16986,spillage,2030,348,18,18,0.0
16987,spillage,2030,348,19,19,0.0
16988,spillage,2030,348,20,20,0.0
16989,spillage,2030,348,21,21,0.0
16990,spillage,2030,348,22,22,0.0
16991,spillage,2030,348,23,23,0.0
16992,spillage,2030,348,24,24,0.0
16993,spillage,2030,349,1,1,0.0
16994,spillage,2030,349,2,2,0.0
16995,spillage,2030,349,3,3,0.0
16996,spillage,2030,349,4,4,0.0
16997,spillage,2030,349,5,5,0.0
16998,spillage,2030,349,6,6,0.0
16999,spillage,2030,349,7,7,0.0
17000,spillage,2030,349,8,8,0.0
17001,spillage,2030,349,9,9,0.0
17002,spillage,2030,349,10,10,0.0
17003,spillage,2030,349,11,11,0.0
17004,spillage,2030,349,12,12,0.0
17005,spillage,2030,349,13,13,0.0
17006,spillage,2030,349,14,14,0.0
17007,spillage,2030,349,15,15,0.0
17008,spillage,2030,349,16,16,0.0
17009,spillage,2030,349,17,17,0.0
17010,spillage,2030,349,18,18,0.0
17011,spillage,2030,349,19,19,0.0
17012,spillage,2030,349,20,20,0.0
17013,spillage,2030,349,21,21,0.0
17014,spillage,2030,349,22,22,0.0
17015,spillage,2030,349,23,23,0.0
17016,spillage,2030,349,24,24,0.0
17017,spillage,2030,350,1,1,0.0
17018,spillage,2030,350,2,2,0.0
17019,spillage,2030,350,3,3,0.0
17020,spillage,2030,350,4,4,0.0
17021,spillage,2030,350,5,5,0.0
17022,spillage,2030,350,6,6,0.0
17023,spillage,2030,350,7,7,0.0
17024,spillage,2030,350,8,8,0.0
17025,spillage,2030,350,9,9,0.0
17026,spillage,2030,350,10,10,0.0
17027,spillage,2030,350,11,11,0.0
17028,spillage,2030,350,12,12,0.0
17029,spillage,2030,350,13,13,0.0
17030,spillage,2030,350,14,14,0.0
17031,spillage,2030,350,15,15,0.0
17032,spillage,2030,350,16,16,0.0
17033,spillage,2030,350,17,17,0.0
17034,spillage,2030,350,18,18,0.0
17035,spillage,2030,350,19,19,0.0
17036,spillage,2030,350,20,20,0.0
17037,spillage,2030,350,21,21,0.0
17038,spillage,2030,350,22,22,0.0
17039,spillage,2030,350,23,23,0.0
17040,spillage,2030,350,24,24,0.0
17041,spillage,2030,351,1,1,0.0
17042,spillage,2030,351,2,2,0.0
17043,spillage,2030,351,3,3,0.0
17044,spillage,2030,351,4,4,0.0
17045,spillage,2030,351,5,5,0.0
17046,spillage,2030,351,6,6,0.0
17047,spillage,2030,351,7,7,0.0
17048,spillage,2030,351,8,8,0.0
17049,spillage,2030,351,9,9,0.0
17050,spillage,2030,351,10,10,0.0
17051,spillage,2030,351,11,11,0.0
17052,spillage,2030,351,12,12,0.0
17053,spillage,2030,351,13,13,0.0
17054,spillage,2030,351,14,14,0.0
17055,spillage,2030,351,15,15,0.0
17056,spillage,2030,351,16,16,0.0
17057,spillage,2030,351,17,17,0.0
17058,spillage,2030,351,18,18,0.0
17059,spillage,2030,351,19,19,0.0
17060,spillage,2030,351,20,20,0.0
17061,spillage,2030,351,21,21,0.0
17062,spillage,2030,351,22,22,0.0
17063,spillage,2030,351,23,23,0.0
17064,spillage,2030,351,24,24,0.0
17065,spillage,2030,352,1,1,0.0
17066,spillage,2030,352,2,2,0.0
17067,spillage,2030,352,3,3,0.0
17068,spillage,2030,352,4,4,0.0
17069,spillage,2030,352,5,5,0.0
17070,spillage,2030,352,6,6,0.0
17071,spillage,2030,352,7,7,0.0
17072,spillage,2030,352,8,8,0.0
17073,spillage,2030,352,9,9,0.0
17074,spillage,2030,352,10,10,0.0
17075,spillage,2030,352,11,11,0.0
17076,spillage,2030,352,12,12,0.0
17077,spillage,2030,352,13,13,0.0
17078,spillage,2030,352,14,14,0.0
17079,spillage,2030,352,15,15,0.0
17080,spillage,2030,352,16,16,0.0
17081,spillage,2030,352,17,17,0.0
17082,spillage,2030,352,18,18,0.0
17083,spillage,2030,352,19,19,0.0
17084,spillage,2030,352,20,20,0.0
17085,spillage,2030,352,21,21,0.0
17086,spillage,2030,352,22,22,0.0
17087,spillage,2030,352,23,23,0.0
17088,spillage,2030,352,24,24,0.0
17089,spillage,2030,353,1,1,0.0
17090,spillage,2030,353,2,2,0.0
17091,spillage,2030,353,3,3,0.0
17092,spillage,2030,353,4,4,0.0
17093,spillage,2030,353,5,5,0.0
17094,spillage,2030,353,6,6,0.0
17095,spillage,2030,353,7,7,0.0
17096,spillage,2030,353,8,8,0.0
17097,spillage,2030,353,9,9,0.0
17098,spillage,2030,353,10,10,0.0
17099,spillage,2030,353,11,11,0.0
17100,spillage,2030,353,12,12,0.0
17101,spillage,2030,353,13,13,0.0
17102,spillage,2030,353,14,14,0.0
17103,spillage,2030,353,15,15,0.0
17104,spillage,2030,353,16,16,0.0
17105,spillage,2030,353,17,17,0.0
17106,spillage,2030,353,18,18,0.0
17107,spillage,2030,353,19,19,0.0
17108,spillage,2030,353,20,20,0.0
17109,spillage,2030,353,21,21,0.0
17110,spillage,2030,353,22,22,0.0
17111,spillage,2030,353,23,23,0.0
17112,spillage,2030,353,24,24,0.0
17113,spillage,2030,354,1,1,0.0
17114,spillage,2030,354,2,2,0.0
17115,spillage,2030,354,3,3,0.0
17116,spillage,2030,354,4,4,0.0
17117,spillage,2030,354,5,5,0.0
17118,spillage,2030,354,6,6,0.0
17119,spillage,2030,354,7,7,0.0
17120,spillage,2030,354,8,8,0.0
17121,spillage,2030,354,9,9,0.0
17122,spillage,2030,354,10,10,0.0
17123,spillage,2030,354,11,11,0.0
17124,spillage,2030,354,12,12,0.0
17125,spillage,2030,354,13,13,0.0
17126,spillage,2030,354,14,14,0.0
17127,spillage,2030,354,15,15,0.0
17128,spillage,2030,354,16,16,0.0
17129,spillage,2030,354,17,17,0.0
17130,spillage,2030,354,18,18,0.0
17131,spillage,2030,354,19,19,0.0
17132,spillage,2030,354,20,20,0.0
17133,spillage,2030,354,21,21,0.0
17134,spillage,2030,354,22,22,0.0
17135,spillage,2030,354,23,23,0.0
17136,spillage,2030,354,24,24,0.0
17137,spillage,2030,355,1,1,0.0
17138,spillage,2030,355,2,2,0.0
17139,spillage,2030,355,3,3,0.0
17140,spillage,2030,355,4,4,0.0
17141,spillage,2030,355,5,5,0.0
17142,spillage,2030,355,6,6,0.0
17143,spillage,2030,355,7,7,0.0
17144,spillage,2030,355,8,8,0.0
17145,spillage,2030,355,9,9,0.0
17146,spillage,2030,355,10,10,0.0
17147,spillage,2030,355,11,11,0.0
17148,spillage,2030,355,12,12,0.0
17149,spillage,2030,355,13,13,0.0
17150,spillage,2030,355,14,14,0.0
17151,spillage,2030,355,15,15,0.0
17152,spillage,2030,355,16,16,0.0
17153,spillage,2030,355,17,17,0.0
17154,spillage,2030,355,18,18,0.0
17155,spillage,2030,355,19,19,0.0
17156,spillage,2030,355,20,20,0.0
17157,spillage,2030,355,21,21,0.0
17158,spillage,2030,355,22,22,0.0
17159,spillage,2030,355,23,23,0.0
17160,spillage,2030,355,24,24,0.0
17161,spillage,2030,356,1,1,0.0
17162,spillage,2030,356,2,2,0.0
17163,spillage,2030,356,3,3,0.0
17164,spillage,2030,356,4,4,0.0
17165,spillage,2030,356,5,5,0.0
17166,spillage,2030,356,6,6,0.0
17167,spillage,2030,356,7,7,0.0
17168,spillage,2030,356,8,8,0.0
17169,spillage,2030,356,9,9,0.0
17170,spillage,2030,356,10,10,0.0
17171,spillage,2030,356,11,11,0.0
17172,spillage,2030,356,12,12,0.0
17173,spillage,2030,356,13,13,0.0
17174,spillage,2030,356,14,14,0.0
17175,spillage,2030,356,15,15,0.0
17176,spillage,2030,356,16,16,0.0
17177,spillage,2030,356,17,17,0.0
17178,spillage,2030,356,18,18,0.0
17179,spillage,2030,356,19,19,0.0
17180,spillage,2030,356,20,20,0.0
17181,spillage,2030,356,21,21,0.0
17182,spillage,2030,356,22,22,0.0
17183,spillage,2030,356,23,23,0.0
17184,spillage,2030,356,24,24,0.0
17185,spillage,2030,357,1,1,0.0
17186,spillage,2030,357,2,2,0.0
17187,spillage,2030,357,3,3,0.0
17188,spillage,2030,357,4,4,0.0
17189,spillage,2030,357,5,5,0.0
17190,spillage,2030,357,6,6,0.0
17191,spillage,2030,357,7,7,0.0
17192,spillage,2030,357,8,8,0.0
17193,spillage,2030,357,9,9,0.0
17194,spillage,2030,357,10,10,0.0
17195,spillage,2030,357,11,11,0.0
17196,spillage,2030,357,12,12,0.0
17197,spillage,2030,357,13,13,0.0
17198,spillage,2030,357,14,14,0.0
17199,spillage,2030,357,15,15,0.0
17200,spillage,2030,357,16,16,0.0
17201,spillage,2030,357,17,17,0.0
17202,spillage,2030,357,18,18,0.0
17203,spillage,2030,357,19,19,0.0
17204,spillage,2030,357,20,20,0.0
17205,spillage,2030,357,21,21,0.0
17206,spillage,2030,357,22,22,0.0
17207,spillage,2030,357,23,23,0.0
17208,spillage,2030,357,24,24,0.0
17209,spillage,2030,358,1,1,0.0
17210,spillage,2030,358,2,2,0.0
17211,spillage,2030,358,3,3,0.0
17212,spillage,2030,358,4,4,0.0
17213,spillage,2030,358,5,5,0.0
17214,spillage,2030,358,6,6,0.0
17215,spillage,2030,358,7,7,0.0
17216,spillage,2030,358,8,8,0.0
17217,spillage,2030,358,9,9,0.0
17218,spillage,2030,358,10,10,0.0
17219,spillage,2030,358,11,11,0.0
17220,spillage,2030,358,12,12,0.0
17221,spillage,2030,358,13,13,0.0
17222,spillage,2030,358,14,14,0.0
17223,spillage,2030,358,15,15,0.0
17224,spillage,2030,358,16,16,0.0
17225,spillage,2030,358,17,17,0.0
17226,spillage,2030,358,18,18,0.0
17227,spillage,2030,358,19,19,0.0
17228,spillage,2030,358,20,20,0.0
17229,spillage,2030,358,21,21,0.0
17230,spillage,2030,358,22,22,0.0
17231,spillage,2030,358,23,23,0.0
17232,spillage,2030,358,24,24,0.0
17233,spillage,2030,359,1,1,0.0
17234,spillage,2030,359,2,2,0.0
17235,spillage,2030,359,3,3,0.0
17236,spillage,2030,359,4,4,0.0
17237,spillage,2030,359,5,5,0.0
17238,spillage,2030,359,6,6,0.0
17239,spillage,2030,359,7,7,0.0
17240,spillage,2030,359,8,8,0.0
17241,spillage,2030,359,9,9,0.0
17242,spillage,2030,359,10,10,0.0
17243,spillage,2030,359,11,11,0.0
17244,spillage,2030,359,12,12,0.0
17245,spillage,2030,359,13,13,0.0
17246,spillage,2030,359,14,14,0.0
17247,spillage,2030,359,15,15,0.0
17248,spillage,2030,359,16,16,0.0
17249,spillage,2030,359,17,17,0.0
17250,spillage,2030,359,18,18,0.0
17251,spillage,2030,359,19,19,0.0
17252,spillage,2030,359,20,20,0.0
17253,spillage,2030,359,21,21,0.0
17254,spillage,2030,359,22,22,0.0
17255,spillage,2030,359,23,23,0.0
17256,spillage,2030,359,24,24,0.0
17257,spillage,2030,360,1,1,0.0
17258,spillage,2030,360,2,2,0.0
17259,spillage,2030,360,3,3,0.0
17260,spillage,2030,360,4,4,0.0
17261,spillage,2030,360,5,5,0.0
17262,spillage,2030,360,6,6,0.0
17263,spillage,2030,360,7,7,0.0
17264,spillage,2030,360,8,8,0.0
17265,spillage,2030,360,9,9,0.0
17266,spillage,2030,360,10,10,0.0
17267,spillage,2030,360,11,11,0.0
17268,spillage,2030,360,12,12,0.0
17269,spillage,2030,360,13,13,0.0
17270,spillage,2030,360,14,14,0.0
17271,spillage,2030,360,15,15,0.0
17272,spillage,2030,360,16,16,0.0
17273,spillage,2030,360,17,17,0.0
17274,spillage,2030,360,18,18,0.0
17275,spillage,2030,360,19,19,0.0
17276,spillage,2030,360,20,20,0.0
17277,spillage,2030,360,21,21,0.0
17278,spillage,2030,360,22,22,0.0
17279,spillage,2030,360,23,23,0.0
17280,spillage,2030,360,24,24,0.0
