year,period,rep_period,weight,scenario
2050,1,4,0.2447129882135114,0
2050,1,10,0.190267114253986,0
2050,1,12,0.3705673941000166,0
2050,1,22,0.01915165042060191,0
2050,1,29,0.04338898350449313,0
2050,1,31,0.0879390707246547,0
2050,1,36,0.043972798782736286,0
2050,2,4,0.3299294067673465,0
2050,2,10,0.16025381439510786,0
2050,2,12,0.09646064546587756,0
2050,2,18,0.17659888357820638,0
2050,2,31,0.011041428325021274,0
2050,2,36,0.022321365490041274,0
2050,2,40,0.12980007954135753,0
2050,2,41,0.07359437643704156,0
2050,3,2,0.02473861902744768,0
2050,3,4,0.16692090216781505,0
2050,3,10,0.14995012003742514,0
2050,3,18,0.12867029951573733,0
2050,3,29,0.029632665616689115,0
2050,3,31,0.07340947922826847,0
2050,3,40,0.3885977076559755,0
2050,3,41,0.03808020675064168,0
2050,4,4,0.039963484741617886,0
2050,4,9,0.02344438287068147,0
2050,4,10,0.35710614137101315,0
2050,4,12,0.010829633205114894,0
2050,4,18,0.09821970418597759,0
2050,4,34,0.11611405467682773,0
2050,4,40,0.22455573733921053,0
2050,4,41,0.12976686160955667,0
2050,5,10,1.0,0
2050,6,3,0.18342177268877155,0
2050,6,6,0.012873525875594713,0
2050,6,10,0.11738327456103298,0
2050,6,12,0.1800027710252867,0
2050,6,18,0.09877339555726987,0
2050,6,27,0.049559691997557186,0
2050,6,29,0.13792357437514088,0
2050,6,33,0.05970176532495441,0
2050,6,35,0.05438763732044443,0
2050,6,42,0.10597259127394741,0
2050,7,4,0.21299589530299282,0
2050,7,6,0.046603111937898296,0
2050,7,10,0.2411799229761383,0
2050,7,12,0.15903999532517166,0
2050,7,19,0.05489471897816398,0
2050,7,29,0.2087367291500489,0
2050,7,31,0.02255597056386945,0
2050,7,41,0.05399365576571668,0
2050,8,4,0.4411602681998629,0
2050,8,10,0.08856555659091028,0
2050,8,16,0.05256037879804828,0
2050,8,18,0.11885309276208915,0
2050,8,31,0.043182480319024504,0
2050,8,39,0.04789025105503979,0
2050,8,40,0.16180244173371278,0
2050,8,42,0.045985530541312436,0
2050,9,4,0.013425805518303557,0
2050,9,7,0.06173207244406294,0
2050,9,10,0.08064034956626998,0
2050,9,18,0.29352211817076646,0
2050,9,39,0.26080827158525505,0
2050,9,40,0.2507414189813124,0
2050,9,41,0.039129963734029626,0
2050,10,18,1.0,0
2050,11,4,0.11348315991727238,0
2050,11,7,0.03866851058952427,0
2050,11,9,0.06930539780217902,0
2050,11,10,0.06670039328318884,0
2050,11,12,0.01722130107420784,0
2050,11,18,0.41720595384413134,0
2050,11,36,0.022017915077044793,0
2050,11,40,0.18766083283442928,0
2050,11,41,0.06773653557802205,0
2050,12,4,0.11091922159302979,0
2050,12,7,0.07767710190635689,0
2050,12,10,0.1630626444787053,0
2050,12,18,0.5071251036831385,0
2050,12,36,0.018281182970978364,0
2050,12,40,0.09282089718991025,0
2050,12,41,0.03011384817788087,0
2050,13,4,0.24515110785896818,0
2050,13,10,0.04407558144683447,0
2050,13,18,0.23801621893177896,0
2050,13,22,0.037119080416391934,0
2050,13,31,0.032073108862482776,0
2050,13,36,0.06772400599889926,0
2050,13,39,0.013634627722832459,0
2050,13,40,0.18617873493396364,0
2050,13,41,0.10324925343460331,0
2050,13,42,0.032778280393245214,0
2050,14,4,0.30002541256488163,0
2050,14,16,0.11328477341571197,0
2050,14,18,0.1878674856367448,0
2050,14,36,0.067239271916227,0
2050,14,39,0.042327519373853754,0
2050,14,40,0.1038514109334037,0
2050,14,41,0.12578834900780533,0
2050,14,42,0.05961577715137162,0
2050,15,4,0.33156431028284716,0
2050,15,9,0.0741251276536971,0
2050,15,16,0.09775135636554344,0
2050,15,18,0.2425406310856232,0
2050,15,21,0.023412346585045842,0
2050,15,36,0.15658309205032214,0
2050,15,40,0.07402313597692106,0
2050,16,4,0.2842114025210438,0
2050,16,9,0.12698193132322386,0
2050,16,11,0.05057200549193087,0
2050,16,12,0.017519035089884116,0
2050,16,16,0.06171232675709575,0
2050,16,18,0.01137834022935232,0
2050,16,22,0.08854124455452218,0
2050,16,23,0.030733570474903726,0
2050,16,36,0.10189043694563121,0
2050,16,40,0.2264597066124122,0
2050,17,3,0.07780463580827637,0
2050,17,4,0.1850901223049633,0
2050,17,10,0.06534722084046934,0
2050,17,12,0.20148948003551395,0
2050,17,17,0.020847440284334995,0
2050,17,22,0.07405488278860681,0
2050,17,23,0.08884770892226211,0
2050,17,33,0.10534115922028489,0
2050,17,36,0.07052473291407527,0
2050,17,40,0.0448487207730931,0
2050,17,41,0.06580389610811985,0
2050,18,4,0.21299921362777927,0
2050,18,6,0.04028445483612935,0
2050,18,10,0.11487955705624452,0
2050,18,11,0.19127527452458157,0
2050,18,23,0.043692190953143556,0
2050,18,26,0.02028257194224541,0
2050,18,27,0.03787719118297851,0
2050,18,30,0.012726698000543662,0
2050,18,35,0.2788449727641071,0
2050,18,36,0.04713787511224714,0
2050,19,35,1.0,0
2050,20,4,0.0748421260823584,0
2050,20,6,0.05240637358846467,0
2050,20,9,0.011906330042367793,0
2050,20,22,0.1680023591898204,0
2050,20,28,0.13291979231076528,0
2050,20,30,0.05031292684707264,0
2050,20,31,0.03970344527628645,0
2050,20,35,0.45465637947492915,0
2050,20,44,0.01525026718793534,0
2050,21,4,0.03911348880359688,0
2050,21,11,0.2990384166002638,0
2050,21,22,0.01605696911602849,0
2050,21,24,0.03989492850748689,0
2050,21,27,0.06273020351059606,0
2050,21,30,0.03503542173724526,0
2050,21,31,0.07826200007510555,0
2050,21,35,0.28605061881265,0
2050,21,36,0.1438179528370269,0
2050,22,1,0.01083921180005562,0
2050,22,3,0.06839268552348868,0
2050,22,5,0.02211924795303475,0
2050,22,11,0.04195667270919535,0
2050,22,13,0.030214366441309138,0
2050,22,24,0.036452500912490034,0
2050,22,27,0.0793221304304381,0
2050,22,35,0.5007879035399593,0
2050,22,37,0.20991528069002904,0
2050,23,3,1.0,0
2050,24,3,0.191389488944558,0
2050,24,4,0.054708592332357434,0
2050,24,12,0.0968270721673031,0
2050,24,16,0.07580120649642627,0
2050,24,18,0.21354830873687627,0
2050,24,20,0.16731462752488455,0
2050,24,23,0.10316554544301819,0
2050,24,30,0.010665875499504396,0
2050,24,42,0.08657928285507177,0
2050,25,3,0.35282267317615235,0
2050,25,8,0.023039699912105593,0
2050,25,11,0.013345859195971362,0
2050,25,13,0.07628711864672448,0
2050,25,16,0.01248589469474683,0
2050,25,20,0.07771847436148833,0
2050,25,28,0.17389526331678995,0
2050,25,37,0.11702760231570455,0
2050,25,39,0.15337741438031657,0
2050,26,3,0.0353114101036384,0
2050,26,4,0.1765145707763166,0
2050,26,8,0.05049226554813143,0
2050,26,12,0.15109618599137828,0
2050,26,16,0.1276756484827909,0
2050,26,18,0.12001134978507642,0
2050,26,30,0.03880744991646221,0
2050,26,31,0.038758096216400674,0
2050,26,35,0.04376151021515913,0
2050,26,37,0.10223095687587842,0
2050,26,42,0.1153405560887676,0
2050,27,4,0.12410472024598364,0
2050,27,7,0.0817124544831753,0
2050,27,11,0.058337734683722595,0
2050,27,16,0.12539937267907753,0
2050,27,20,0.14581677248392966,0
2050,27,28,0.13472658378764144,0
2050,27,30,0.08673063497479601,0
2050,27,34,0.013293174030219356,0
2050,27,35,0.13047446631379048,0
2050,27,39,0.0994040863176641,0
2050,28,4,0.17070523868710036,0
2050,28,7,0.056173167270862565,0
2050,28,8,0.030891638157335644,0
2050,28,12,0.15891822713669632,0
2050,28,16,0.24278444687435988,0
2050,28,18,0.18512104163706444,0
2050,28,30,0.028367477428463315,0
2050,28,31,0.09688713897312172,0
2050,28,42,0.03015162383499564,0
2050,29,4,0.2235991986826846,0
2050,29,9,0.30673858565684464,0
2050,29,16,0.14664942946573137,0
2050,29,18,0.03980332613015252,0
2050,29,30,0.054379908231194575,0
2050,29,31,0.02814724935476139,0
2050,29,40,0.2006823024786309,0
2050,30,9,1.0,0
2050,31,3,0.07293103375488232,0
2050,31,9,0.3865137377907783,0
2050,31,11,0.1071373684247269,0
2050,31,22,0.08948035962724606,0
2050,31,23,0.039404486057507196,0
2050,31,24,0.14344332249361086,0
2050,31,31,0.048345347060011,0
2050,31,35,0.09426879935570959,0
2050,31,43,0.01847554543552773,0
2050,32,31,1.0,0
2050,33,13,0.02896174416054658,0
2050,33,17,0.0133113318450708,0
2050,33,20,0.14149212399855043,0
2050,33,21,0.03183875555516048,0
2050,33,24,0.1929311103352942,0
2050,33,27,0.06597522044662382,0
2050,33,31,0.33144594724492854,0
2050,33,35,0.14395915823635796,0
2050,33,36,0.05008460817746709,0
2050,34,3,0.20477941336524572,0
2050,34,11,0.2568261291390599,0
2050,34,16,0.12326766471920667,0
2050,34,20,0.025484096175116,0
2050,34,27,0.07705956751140985,0
2050,34,30,0.04460864999865678,0
2050,34,31,0.07439042084392829,0
2050,34,33,0.02438214684263512,0
2050,34,35,0.1692019114047416,0
2050,35,3,0.1457917627927178,0
2050,35,5,0.036749913715467826,0
2050,35,11,0.02557788056173203,0
2050,35,14,0.028881645081875938,0
2050,35,16,0.04253943413415723,0
2050,35,23,0.0454965847224446,0
2050,35,26,0.04621392596412975,0
2050,35,27,0.02409202434496748,0
2050,35,31,0.04362934066630238,0
2050,35,33,0.013534899273718055,0
2050,35,35,0.17486155368527534,0
2050,35,37,0.3726310350572116,0
2050,36,37,1.0,0
2050,37,6,0.016547163657411476,0
2050,37,9,0.17002351673554938,0
2050,37,14,0.10506715780736288,0
2050,37,18,0.09187141661589539,0
2050,37,23,0.059886399717187164,0
2050,37,24,0.10722215225405175,0
2050,37,37,0.10182563146418468,0
2050,37,40,0.34755656174835736,0
2050,38,4,0.1371085621368533,0
2050,38,6,0.017293935826629594,0
2050,38,12,0.17955752421229418,0
2050,38,17,0.019062730925124456,0
2050,38,18,0.07231713644260698,0
2050,38,21,0.026446418112965855,0
2050,38,22,0.053219247842409625,0
2050,38,31,0.1699464169281693,0
2050,38,37,0.04478753638947002,0
2050,38,40,0.1485353204074551,0
2050,38,41,0.10434975218073865,0
2050,38,44,0.02737541859528293,0
2050,39,40,1.0,0
2050,40,20,1.0,0
2050,41,3,0.02567164625369819,0
2050,41,6,0.26957935034527747,0
2050,41,13,0.03529392970987099,0
2050,41,20,0.43867920245128306,0
2050,41,33,0.04349947119435652,0
2050,41,35,0.13136812943243947,0
2050,41,40,0.027996401076582373,0
2050,41,41,0.02791186953649195,0
2050,42,3,0.049700586220860606,0
2050,42,6,0.3267456349264224,0
2050,42,12,0.07364711746441852,0
2050,42,20,0.014747668096618517,0
2050,42,27,0.07401945522183076,0
2050,42,28,0.09676161236252225,0
2050,42,35,0.35106322567909887,0
2050,42,45,0.01331470002822801,0
2050,43,1,0.013654182616438254,0
2050,43,4,0.03365639336533199,0
2050,43,6,0.26706370783996236,0
2050,43,10,0.13034572053662538,0
2050,43,11,0.050064955129969065,0
2050,43,22,0.06433414710096375,0
2050,43,28,0.0572216940224981,0
2050,43,35,0.2983158578176305,0
2050,43,44,0.04943531369249133,0
2050,43,45,0.03590802787808945,0
2050,44,1,0.11095753725182081,0
2050,44,3,0.07896934555035186,0
2050,44,4,0.04272534575038092,0
2050,44,27,0.08105961908493536,0
2050,44,28,0.025101852287571395,0
2050,44,29,0.0334375518860716,0
2050,44,31,0.19412252368330035,0
2050,44,32,0.07854074949115229,0
2050,44,35,0.01302398221690704,0
2050,44,37,0.11210606785672803,0
2050,44,39,0.04618779443262161,0
2050,44,42,0.16892192526104768,0
2050,44,45,0.014845705247111176,0
2050,45,1,0.13952160290622906,0
2050,45,5,0.043709063466982716,0
2050,45,8,0.03422345557099168,0
2050,45,13,0.0976611270078518,0
2050,45,16,0.1716539542687739,0
2050,45,21,0.020770537469369434,0
2050,45,24,0.02297025891009454,0
2050,45,27,0.06397021229483445,0
2050,45,35,0.11123613528144996,0
2050,45,37,0.151371469100066,0
2050,45,40,0.05885717206514339,0
2050,45,42,0.084055011658213,0
2050,46,4,0.2070700009806318,0
2050,46,9,0.03681815020734791,0
2050,46,11,0.1051057501847268,0
2050,46,12,0.12359934537216602,0
2050,46,16,0.011649080238929924,0
2050,46,17,0.06745667192893556,0
2050,46,20,0.10215974553639225,0
2050,46,22,0.053822967339954314,0
2050,46,31,0.016459822669626416,0
2050,46,34,0.20425215446444886,0
2050,46,35,0.03302189802357537,0
2050,46,40,0.038584413053264745,0
2050,47,4,0.057823740066077114,0
2050,47,6,0.027572913911352213,0
2050,47,9,0.21315645008554238,0
2050,47,11,0.06680214652953743,0
2050,47,12,0.1944833081096676,0
2050,47,17,0.061956963765656944,0
2050,47,22,0.1898190625092185,0
2050,47,28,0.025853534001827903,0
2050,47,34,0.10385755083572418,0
2050,47,40,0.05867433018539572,0
2050,48,9,0.25460917336293915,0
2050,48,11,0.10042719448704784,0
2050,48,12,0.15056270943670566,0
2050,48,16,0.012636503331692115,0
2050,48,19,0.04837056921273721,0
2050,48,22,0.2884171228925363,0
2050,48,31,0.09666208577879229,0
2050,48,40,0.0483146414975494,0
2050,49,4,0.016845500281239757,0
2050,49,9,0.02440229690487939,0
2050,49,12,0.3485498047596846,0
2050,49,16,0.12428336878549426,0
2050,49,19,0.0848781705856713,0
2050,49,22,0.20609497253107412,0
2050,49,29,0.02819678207787866,0
2050,49,31,0.16674910407407784,0
2050,50,4,0.2689919591636982,0
2050,50,10,0.022111837412220264,0
2050,50,12,0.31311343041765033,0
2050,50,19,0.10681189583270267,0
2050,50,29,0.04304505223335524,0
2050,50,31,0.1861921523094369,0
2050,50,32,0.037326940976601615,0
2050,50,34,0.022406731654334766,0
2050,51,4,0.27423175200845296,0
2050,51,6,0.1765406864929415,0
2050,51,10,0.037406940108442095,0
2050,51,16,0.07390756657932664,0
2050,51,17,0.04310070139060787,0
2050,51,21,0.012314526187967075,0
2050,51,22,0.03242799458168595,0
2050,51,24,0.030787573702599193,0
2050,51,30,0.02863964765942572,0
2050,51,34,0.042842588355206566,0
2050,51,36,0.018335066989445047,0
2050,51,39,0.013704216361521521,0
2050,51,40,0.13569073723954342,0
2050,51,42,0.08007000234283466,0
2050,52,9,0.311158378794498,0
2050,52,10,0.0158551096174257,0
2050,52,11,0.2355945279100356,0
2050,52,16,0.066859070159791,0
2050,52,17,0.0427113745981204,0
2050,52,21,0.08052479388889142,0
2050,52,22,0.09210741994132854,0
2050,52,24,0.015668335254206904,0
2050,52,34,0.011564601825101542,0
2050,52,36,0.021095659722758602,0
2050,52,40,0.042285045955567084,0
2050,52,41,0.0645756823322752,0
2050,53,4,0.02828878336874137,0
2050,53,6,0.01595052525525522,0
2050,53,9,0.21631342068581008,0
2050,53,12,0.19361907346295001,0
2050,53,16,0.06102435399702287,0
2050,53,17,0.03813816085913514,0
2050,53,22,0.07052256979258732,0
2050,53,23,0.1808024602908031,0
2050,53,31,0.030058042494416744,0
2050,53,33,0.053817408944352815,0
2050,53,36,0.031136095477635392,0
2050,53,44,0.08032910537128987,0
2050,54,4,0.15434824621030485,0
2050,54,9,0.1330153465745424,0
2050,54,12,0.14170243624800524,0
2050,54,16,0.22330475141500936,0
2050,54,18,0.06362960121583035,0
2050,54,19,0.027577738638055946,0
2050,54,23,0.06808256750529966,0
2050,54,31,0.07576584333434488,0
2050,54,36,0.1125734688586073,0
2050,55,16,1.0,0
2050,56,11,0.15061014836202527,0
2050,56,14,0.033054384155896836,0
2050,56,16,0.15270499325400114,0
2050,56,20,0.010934330130799535,0
2050,56,22,0.06317936809049245,0
2050,56,23,0.12423121339051287,0
2050,56,24,0.028419896539302266,0
2050,56,26,0.05196939910065812,0
2050,56,28,0.05023162037070368,0
2050,56,33,0.10117907246587476,0
2050,56,37,0.14075688532092692,0
2050,56,43,0.09272868881880614,0
2050,57,3,0.1485156079564605,0
2050,57,8,0.04618558437021017,0
2050,57,12,0.040296838702331465,0
2050,57,16,0.21175966535830365,0
2050,57,20,0.03691345058627991,0
2050,57,23,0.16271695668649303,0
2050,57,27,0.012660017544614446,0
2050,57,32,0.04028015848627072,0
2050,57,33,0.017715128645374095,0
2050,57,35,0.030981875241735516,0
2050,57,37,0.04602517149029873,0
2050,57,42,0.15311635424242717,0
2050,57,43,0.052833190689200685,0
2050,58,9,0.011824215721311957,0
2050,58,13,0.015924881304523814,0
2050,58,16,0.29397430883997805,0
2050,58,24,0.050476174371492204,0
2050,58,27,0.027711559298395087,0
2050,58,30,0.02619930629837763,0
2050,58,32,0.09554164546348783,0
2050,58,35,0.28503806598443115,0
2050,58,37,0.07683481501489407,0
2050,58,39,0.012260347331065798,0
2050,58,42,0.07908968674206421,0
2050,58,45,0.025124993629978155,0
2050,59,1,0.021539325997870454,0
2050,59,3,0.11102715354089104,0
2050,59,8,0.08957355584151519,0
2050,59,12,0.14684124793505482,0
2050,59,16,0.29922603186959196,0
2050,59,27,0.031004089413773365,0
2050,59,29,0.026039355338929246,0
2050,59,32,0.02116594297081842,0
2050,59,35,0.09849977234542222,0
2050,59,42,0.15508352474613313,0
2050,60,4,0.27918002377914214,0
2050,60,12,0.10055654673098083,0
2050,60,16,0.3329402005566318,0
2050,60,18,0.1244857524047204,0
2050,60,21,0.07829114149871315,0
2050,60,28,0.03936206999935645,0
2050,60,40,0.02993327193094132,0
2050,60,42,0.015250993099513745,0
2050,61,7,0.11048808426803332,0
2050,61,8,0.024928290680862837,0
2050,61,9,0.04066385153677291,0
2050,61,12,0.08770289780619989,0
2050,61,16,0.1891716123651483,0
2050,61,18,0.1688845355020436,0
2050,61,24,0.014845872828454554,0
2050,61,25,0.010770504532576606,0
2050,61,39,0.1346982866258998,0
2050,61,40,0.13047626191278147,0
2050,61,41,0.08736980194122668,0
2050,62,7,0.29896922830762634,0
2050,62,10,0.11543943767749174,0
2050,62,12,0.18906479013089078,0
2050,62,21,0.04123024060997312,0
2050,62,29,0.02040067465238438,0
2050,62,34,0.037623792460763084,0
2050,62,39,0.08353393967403037,0
2050,62,41,0.17690828444808598,0
2050,62,42,0.036829612038754185,0
2050,63,5,0.013088193997509398,0
2050,63,7,0.2642865956215466,0
2050,63,8,0.05892735708440525,0
2050,63,10,0.02402702972632569,0
2050,63,11,0.07820581128247885,0
2050,63,16,0.24104806355834038,0
2050,63,23,0.07764438089490881,0
2050,63,27,0.02895900848855335,0
2050,63,39,0.0883116579286173,0
2050,63,42,0.07054311031038207,0
2050,63,43,0.05495879110693229,0
2050,64,3,0.3238635034163751,0
2050,64,7,0.12557082150154805,0
2050,64,12,0.05343548903276657,0
2050,64,16,0.07792732778094992,0
2050,64,17,0.029308860239748265,0
2050,64,20,0.05611985363942895,0
2050,64,23,0.04536988055959027,0
2050,64,37,0.19145413180303952,0
2050,64,43,0.09695013202655337,0
2050,65,3,0.17822762819070406,0
2050,65,9,0.050189069766392286,0
2050,65,10,0.11352011974755946,0
2050,65,12,0.5393442976653225,0
2050,65,23,0.017121350329893297,0
2050,65,25,0.07389359703502228,0
2050,65,40,0.027703937265106043,0
2050,66,12,1.0,0
2050,67,4,0.04260894949577567,0
2050,67,12,0.5614081290045729,0
2050,67,17,0.014625027409596522,0
2050,67,19,0.03930540069747703,0
2050,67,22,0.18176410422948835,0
2050,67,29,0.05267635326950366,0
2050,67,34,0.048763888507306286,0
2050,67,40,0.05884814738627953,0
2050,68,3,0.06629384053626883,0
2050,68,11,0.18899553332210195,0
2050,68,12,0.22626849616133116,0
2050,68,22,0.051529686847063196,0
2050,68,28,0.16014964344567703,0
2050,68,29,0.06924562311473771,0
2050,68,32,0.08427388103866103,0
2050,68,35,0.01645836005638329,0
2050,68,44,0.13678493547777587,0
2050,69,2,0.13140620405862552,0
2050,69,4,0.1369555359077898,0
2050,69,6,0.03421701246691153,0
2050,69,12,0.29001440199371786,0
2050,69,17,0.06346388331724892,0
2050,69,27,0.03243820421798046,0
2050,69,28,0.26319176292770696,0
2050,69,42,0.04831299511001907,0
2050,70,28,1.0,0
2050,71,3,0.032458369590303376,0
2050,71,9,0.09865374464757634,0
2050,71,11,0.05958294671725174,0
2050,71,12,0.08204702361495539,0
2050,71,14,0.013150338416845068,0
2050,71,18,0.08347855623164689,0
2050,71,24,0.018542215187927546,0
2050,71,25,0.05365100526414971,0
2050,71,28,0.28448757445423445,0
2050,71,39,0.09735898191639805,0
2050,71,41,0.01664040744680536,0
2050,71,42,0.052909438829189886,0
2050,71,44,0.10703939768271614,0
2050,72,2,0.014217311249019357,0
2050,72,4,0.12693045128185265,0
2050,72,6,0.15352058948520217,0
2050,72,9,0.01836112887202521,0
2050,72,11,0.14177988212493417,0
2050,72,12,0.030441783114396888,0
2050,72,20,0.014618941319710414,0
2050,72,21,0.051371022177020005,0
2050,72,28,0.038515983333064,0
2050,72,30,0.012855984137629145,0
2050,72,31,0.052412740492577464,0
2050,72,36,0.09408490627809173,0
2050,72,40,0.1758737705308754,0
2050,72,44,0.0750155056036014,0
2050,73,2,0.02216610016647718,0
2050,73,4,0.1610847775881414,0
2050,73,6,0.048064213212696105,0
2050,73,7,0.03723742153586727,0
2050,73,11,0.05190965081221921,0
2050,73,12,0.04626063021050081,0
2050,73,17,0.011449837501220769,0
2050,73,21,0.07418077421458462,0
2050,73,29,0.0721839013757201,0
2050,73,31,0.13220225289994572,0
2050,73,34,0.06711618083930737,0
2050,73,35,0.09006370176977087,0
2050,73,36,0.05179270986969469,0
2050,73,42,0.10398730165704152,0
2050,73,44,0.030300546346812344,0
2050,74,3,0.012577543594030877,0
2050,74,7,0.18487298495220664,0
2050,74,12,0.1557652246771033,0
2050,74,18,0.019925210539103098,0
2050,74,20,0.043903076482010576,0
2050,74,21,0.02278910993009493,0
2050,74,24,0.02124916023705569,0
2050,74,28,0.06401954535944136,0
2050,74,29,0.10613917180884919,0
2050,74,31,0.04788592479112884,0
2050,74,33,0.02190054041537737,0
2050,74,34,0.08366382493631114,0
2050,74,35,0.01691947179902109,0
2050,74,40,0.076466505618298,0
2050,74,42,0.06107576539736701,0
2050,74,43,0.013985728886094322,0
2050,74,44,0.04686121057650653,0
2050,75,6,0.16333472624960663,0
2050,75,7,0.022131873682840312,0
2050,75,10,0.07354752754566114,0
2050,75,12,0.17410153416246582,0
2050,75,20,0.10533958966170696,0
2050,75,22,0.033087991424528715,0
2050,75,28,0.016920351090279628,0
2050,75,33,0.0878911412711268,0
2050,75,34,0.12034962750287943,0
2050,75,40,0.158143461345944,0
2050,75,43,0.045152176062960625,0
2050,76,2,0.02402041642230948,0
2050,76,6,0.32168578723390834,0
2050,76,7,0.13009966987705235,0
2050,76,17,0.03607036571538059,0
2050,76,20,0.07930701031430698,0
2050,76,22,0.2245462303852666,0
2050,76,28,0.059422931393589756,0
2050,76,40,0.037853839016477854,0
2050,76,43,0.08699374964170799,0
2050,77,5,0.08871676038931191,0
2050,77,6,0.042524022123486424,0
2050,77,7,0.055487622029352625,0
2050,77,11,0.1122986597290645,0
2050,77,25,0.140629018013635,0
2050,77,27,0.13553385059383374,0
2050,77,28,0.035096300892249015,0
2050,77,29,0.013111931419342778,0
2050,77,31,0.013817849978388022,0
2050,77,33,0.06352347290852918,0
2050,77,35,0.08553989809991497,0
2050,77,37,0.06673426274203977,0
2050,77,42,0.056979910909049254,0
2050,77,43,0.043088046292314996,0
2050,77,44,0.04691839387948793,0
2050,78,1,0.07319792547981674,0
2050,78,11,0.1593782971184882,0
2050,78,24,0.05250369026115782,0
2050,78,27,0.10892236061628055,0
2050,78,31,0.016817918038769305,0
2050,78,35,0.08007216789041544,0
2050,78,37,0.1509602334206248,0
2050,78,42,0.2493573807050089,0
2050,78,45,0.10879002646943832,0
2050,79,3,0.10447103899782761,0
2050,79,6,0.1372413746711138,0
2050,79,11,0.16172464549133858,0
2050,79,25,0.05936527575343617,0
2050,79,31,0.10478706176114522,0
2050,79,35,0.3210643333771962,0
2050,79,42,0.035978770942081226,0
2050,79,43,0.012773083857062544,0
2050,79,44,0.0625944151487986,0
2050,80,1,0.04460249659777771,0
2050,80,12,0.2995696749884565,0
2050,80,21,0.057533582143615085,0
2050,80,24,0.1390153383607741,0
2050,80,25,0.023644674382751092,0
2050,80,27,0.08416592485633556,0
2050,80,31,0.1454991273106456,0
2050,80,40,0.08501111334461303,0
2050,80,42,0.08158693336463005,0
2050,80,44,0.039371134650401284,0
2050,81,6,0.05247489453321387,0
2050,81,9,0.10170145960691865,0
2050,81,11,0.07017904445331656,0
2050,81,13,0.0682825960930936,0
2050,81,18,0.04071233196320023,0
2050,81,20,0.10300971545016195,0
2050,81,24,0.0910636278100127,0
2050,81,26,0.10398833618979858,0
2050,81,28,0.13187502796052522,0
2050,81,37,0.08332021034687807,0
2050,81,42,0.15339275559288065,0
2050,82,4,0.12941800460744946,0
2050,82,6,0.20436933934460855,0
2050,82,11,0.23632647363986664,0
2050,82,12,0.19739814717845544,0
2050,82,17,0.10446447472848071,0
2050,82,19,0.039740400086420394,0
2050,82,22,0.04409609818670719,0
2050,82,34,0.04418706222801161,0
2050,83,11,1.0,0
2050,84,3,0.08988748658780975,0
2050,84,6,0.043746440276803036,0
2050,84,7,0.06819790796313249,0
2050,84,9,0.0217390330611983,0
2050,84,11,0.2351528782957116,0
2050,84,12,0.032897950132698285,0
2050,84,23,0.02395172470749639,0
2050,84,24,0.06493149676159465,0
2050,84,25,0.015017966484068342,0
2050,84,26,0.08861129378052385,0
2050,84,33,0.11253523762987593,0
2050,84,35,0.027824131882599263,0
2050,84,37,0.1755064524364881,0
2050,85,4,0.1884564184385784,0
2050,85,6,0.10016583235605024,0
2050,85,9,0.1491857174229353,0
2050,85,10,0.04825589508546614,0
2050,85,11,0.14769463701552588,0
2050,85,12,0.06989175857314081,0
2050,85,23,0.06632924410097749,0
2050,85,31,0.1478424796643294,0
2050,85,36,0.018777725663580436,0
2050,85,37,0.010459954302981153,0
2050,85,44,0.052940337376434735,0
2050,86,24,1.0,0
2050,87,3,0.219905623550697,0
2050,87,4,0.01671152344813581,0
2050,87,7,0.2680009939094554,0
2050,87,8,0.016228664873621217,0
2050,87,11,0.08811327852960786,0
2050,87,16,0.021096407214715538,0
2050,87,18,0.03559819511151746,0
2050,87,23,0.08309331176546401,0
2050,87,24,0.04496390009368509,0
2050,87,37,0.02270840026702076,0
2050,87,39,0.018829076789453714,0
2050,87,42,0.14921721137253768,0
2050,87,43,0.015533413074088339,0
2050,88,4,0.2861279166363712,0
2050,88,7,0.1852299417255602,0
2050,88,9,0.07288009221134106,0
2050,88,12,0.0395263370805914,0
2050,88,18,0.136854668874985,0
2050,88,21,0.08311236932343104,0
2050,88,24,0.1001332552127714,0
2050,88,28,0.036119894873313074,0
2050,88,30,0.04194795635862221,0
2050,88,36,0.01806756770301341,0
2050,89,4,0.12704310286662354,0
2050,89,7,0.46069801688195156,0
2050,89,9,0.0603835128816079,0
2050,89,12,0.017368565790485686,0
2050,89,24,0.06812649916649946,0
2050,89,40,0.16184658486901526,0
2050,89,41,0.10453371754381663,0
2050,90,4,0.032337723806911294,0
2050,90,7,0.6287019663541756,0
2050,90,9,0.014732751672424948,0
2050,90,11,0.019249236716954488,0
2050,90,16,0.05265225552364253,0
2050,90,24,0.11218303567570136,0
2050,90,36,0.02740781106498679,0
2050,90,39,0.0519256852248641,0
2050,90,41,0.060809533960339,0
2050,91,7,1.0,0
2050,92,7,0.3252804906794388,0
2050,92,18,0.09577143955869563,0
2050,92,20,0.016414267272398,0
2050,92,21,0.060268131238201295,0
2050,92,24,0.09822575638887679,0
2050,92,25,0.1549909098500659,0
2050,92,36,0.014907537310677116,0
2050,92,39,0.04042973376855018,0
2050,92,40,0.10345216024564745,0
2050,92,42,0.036843246831358804,0
2050,92,43,0.053416326856090025,0
2050,93,43,1.0,0
2050,94,5,0.06371720092489042,0
2050,94,6,0.22638657004069596,0
2050,94,21,0.014079047089423763,0
2050,94,27,0.10239880223855079,0
2050,94,28,0.07215514917219905,0
2050,94,31,0.09434575584109102,0
2050,94,35,0.04548164800622163,0
2050,94,37,0.12205351039823258,0
2050,94,42,0.029744866985582673,0
2050,94,43,0.06247830488139396,0
2050,94,44,0.16715914442171828,0
2050,95,6,0.06997855750957793,0
2050,95,14,0.05933387693188777,0
2050,95,17,0.034192543333275476,0
2050,95,22,0.054588407153383436,0
2050,95,25,0.07480028677655914,0
2050,95,26,0.051503451690126045,0
2050,95,28,0.08272323919761096,0
2050,95,37,0.29491163411178134,0
2050,95,43,0.1646640043687046,0
2050,95,44,0.1133039989270933,0
2050,96,6,0.2907040141431367,0
2050,96,14,0.13495018904927028,0
2050,96,25,0.06052963308704001,0
2050,96,37,0.29178423029920264,0
2050,96,43,0.22203193342135027,0
2050,97,6,0.2541817366140281,0
2050,97,7,0.05155462951504325,0
2050,97,9,0.05780955589664574,0
2050,97,11,0.015247966011938847,0
2050,97,14,0.01710790668873828,0
2050,97,20,0.18310633099171433,0
2050,97,22,0.08597684094157325,0
2050,97,25,0.3009541680829426,0
2050,97,33,0.02277138880540054,0
2050,97,40,0.011289476451975073,0
2050,98,6,0.3444990015922856,0
2050,98,9,0.08846296521880277,0
2050,98,11,0.11368347052293447,0
2050,98,20,0.012260907089251469,0
2050,98,22,0.07434947691215915,0
2050,98,25,0.15680026160168198,0
2050,98,26,0.02397273404418542,0
2050,98,28,0.16344625448305922,0
2050,98,34,0.011015330412536807,0
2050,98,40,0.011509598123103168,0
2050,99,6,1.0,0
2050,100,6,0.4295929581749541,0
2050,100,11,0.08882567771103601,0
2050,100,28,0.14872670184478845,0
2050,100,34,0.02393763302383038,0
2050,100,42,0.14342896404504676,0
2050,100,44,0.06836927159021941,0
2050,100,45,0.09711879361012488,0
2050,101,42,1.0,0
2050,102,2,0.05420501677455877,0
2050,102,4,0.15395596753764607,0
2050,102,6,0.055455770811993765,0
2050,102,12,0.1191787899125042,0
2050,102,19,0.03807473207502588,0
2050,102,25,0.10007063167640184,0
2050,102,29,0.05297598000056801,0
2050,102,31,0.049637768968583705,0
2050,102,34,0.25919355213260736,0
2050,102,36,0.038745292416201955,0
2050,102,44,0.07850649769390841,0
2050,103,34,1.0,0
2050,104,2,0.01806602613112116,0
2050,104,4,0.08495144408334777,0
2050,104,6,0.02635266246438281,0
2050,104,7,0.06892726152202851,0
2050,104,12,0.05233414281443287,0
2050,104,19,0.09248333262998558,0
2050,104,25,0.17336946119129068,0
2050,104,29,0.10426082879382643,0
2050,104,34,0.2749564337646299,0
2050,104,42,0.0883120972720467,0
2050,104,44,0.01598630933290759,0
2050,105,2,0.07532466569518823,0
2050,105,7,0.10422093670136251,0
2050,105,25,0.24358477225646072,0
2050,105,28,0.015468141589165058,0
2050,105,29,0.20298220929386832,0
2050,105,34,0.19338735051474168,0
2050,105,42,0.0370876640688464,0
2050,105,44,0.12794425988036698,0
2050,106,2,0.0441709997663123,0
2050,106,6,0.13172174665659894,0
2050,106,12,0.015572088742591451,0
2050,106,17,0.025922824390398495,0
2050,106,25,0.10185939597164895,0
2050,106,34,0.12571072701091313,0
2050,106,40,0.15248254728472097,0
2050,106,41,0.03244454960558126,0
2050,106,43,0.05146225581681887,0
2050,106,44,0.3186528647544155,0
2050,107,6,0.14000620221285914,0
2050,107,12,0.16742498643050796,0
2050,107,13,0.012115113562080329,0
2050,107,18,0.02867924769928388,0
2050,107,25,0.10463280204971886,0
2050,107,28,0.07716837777810115,0
2050,107,36,0.03834009547943003,0
2050,107,37,0.09836333536951321,0
2050,107,38,0.011642609388060589,0
2050,107,41,0.04624230325039513,0
2050,107,42,0.021757621361325686,0
2050,107,44,0.2536273054187242,0
2050,108,6,0.02106569662928436,0
2050,108,7,0.08748768110390996,0
2050,108,9,0.10807172135035507,0
2050,108,11,0.0765703602007719,0
2050,108,14,0.12756945881767764,0
2050,108,17,0.019042824361920167,0
2050,108,24,0.011607581241065076,0
2050,108,25,0.15711850198763494,0
2050,108,28,0.03869662327509367,0
2050,108,32,0.05515203884289857,0
2050,108,42,0.10683796683144639,0
2050,108,43,0.12223562430926657,0
2050,108,44,0.06854392104867552,0
2050,109,4,0.04527040873623208,0
2050,109,6,0.36816469054353973,0
2050,109,12,0.03014166306648778,0
2050,109,17,0.08163326549911651,0
2050,109,21,0.029142032558369776,0
2050,109,26,0.03598105590011941,0
2050,109,28,0.1598109764186675,0
2050,109,37,0.025540585999684787,0
2050,109,42,0.07970953747856195,0
2050,109,44,0.14460578379922037,0
2050,110,6,0.21166983120488142,0
2050,110,11,0.044065433989842646,0
2050,110,25,0.3184320879085591,0
2050,110,34,0.06863436124152189,0
2050,110,39,0.01783181002422652,0
2050,110,40,0.13389092116427856,0
2050,110,41,0.035388711119533636,0
2050,110,44,0.17008684334715615,0
2050,111,25,1.0,0
2050,112,6,0.2167572297275021,0
2050,112,19,0.040548001063056865,0
2050,112,25,0.32168269587953807,0
2050,112,27,0.10076430732135172,0
2050,112,28,0.04755755559896634,0
2050,112,33,0.018362213897673247,0
2050,112,42,0.21883757575615426,0
2050,112,45,0.0354904207557574,0
2050,113,2,0.11634743384468485,0
2050,113,6,0.24732278015444736,0
2050,113,17,0.1349248012693816,0
2050,113,22,0.036079212802664413,0
2050,113,25,0.07293514952400576,0
2050,113,34,0.0945742826609009,0
2050,113,44,0.2978163397439151,0
2050,114,44,1.0,0
2050,115,3,0.012998375946975076,0
2050,115,5,0.01442509851745151,0
2050,115,8,0.0857588213077382,0
2050,115,13,0.04252726804608085,0
2050,115,19,0.049151274097215245,0
2050,115,21,0.03948450648256303,0
2050,115,25,0.051981853148390794,0
2050,115,30,0.12052297597914219,0
2050,115,35,0.01787098085481604,0
2050,115,36,0.02536326519907982,0
2050,115,37,0.10218002561754319,0
2050,115,42,0.2809252710407524,0
2050,115,44,0.15681028376225173,0
2050,116,5,0.07519208097960824,0
2050,116,8,0.011076760925151584,0
2050,116,11,0.16872100071331042,0
2050,116,14,0.046647316153338225,0
2050,116,25,0.06364582785950032,0
2050,116,26,0.039253507984084515,0
2050,116,27,0.07447967286692121,0
2050,116,30,0.09338815003629598,0
2050,116,35,0.11886914633254811,0
2050,116,42,0.019464864665818076,0
2050,116,44,0.27732267285406415,0
2050,116,45,0.01193899862935918,0
2050,117,5,0.09210992473547008,0
2050,117,8,0.11240344441556302,0
2050,117,11,0.023626086846372484,0
2050,117,25,0.16897802795312503,0
2050,117,26,0.14192924853310415,0
2050,117,33,0.019582335287919417,0
2050,117,37,0.12467241599263122,0
2050,117,42,0.05278360412621532,0
2050,117,43,0.20714025962348007,0
2050,117,44,0.05677465248611924,0
2050,118,3,0.03613704192041076,0
2050,118,5,0.020707252760134583,0
2050,118,7,0.11459196739506881,0
2050,118,8,0.16058051119475714,0
2050,118,14,0.07106942781220972,0
2050,118,25,0.11300569907405383,0
2050,118,32,0.07493734479392479,0
2050,118,33,0.023674436067409498,0
2050,118,42,0.07063595499288262,0
2050,118,43,0.16520379414713796,0
2050,118,44,0.14945656984201025,0
2050,119,2,0.1128887893393167,0
2050,119,6,0.06109872945778394,0
2050,119,7,0.17074388325572828,0
2050,119,12,0.07867155891228954,0
2050,119,19,0.010513988630997532,0
2050,119,21,0.029511404683801205,0
2050,119,25,0.05781082124106143,0
2050,119,30,0.027752319736046437,0
2050,119,32,0.10712946959020318,0
2050,119,33,0.012697397454748186,0
2050,119,41,0.0345413447461791,0
2050,119,42,0.06289037018510771,0
2050,119,43,0.07065856451079214,0
2050,119,44,0.1630913582559448,0
2050,120,2,0.0794897556684777,0
2050,120,6,0.1057863184659148,0
2050,120,8,0.12017089706641249,0
2050,120,21,0.08383020876126486,0
2050,120,30,0.28347878174571395,0
2050,120,38,0.22532345532196005,0
2050,120,44,0.10192058297025627,0
2050,121,2,0.3049794273192115,0
2050,121,8,0.2655581556901633,0
2050,121,11,0.18644815951931396,0
2050,121,14,0.05077849671719353,0
2050,121,15,0.026725889467081553,0
2050,121,26,0.16550987128703618,0
2050,122,2,0.10283390656014933,0
2050,122,8,0.07661489035039408,0
2050,122,9,0.016393047550196164,0
2050,122,15,0.192735259263472,0
2050,122,26,0.14249832638742213,0
2050,122,30,0.16886994942232914,0
2050,122,43,0.04695194343182839,0
2050,122,44,0.25310267703420886,0
2050,123,8,1.0,0
2050,124,30,1.0,0
2050,125,2,0.08862224081418567,0
2050,125,7,0.07879211117188104,0
2050,125,8,0.1823111264406,0
2050,125,15,0.06241479848345852,0
2050,125,16,0.11184094833679752,0
2050,125,18,0.054795045402220036,0
2050,125,21,0.06089550877842288,0
2050,125,30,0.011799471410010358,0
2050,125,38,0.34852874916242405,0
2050,126,2,0.22903646770961889,0
2050,126,4,0.083221215280052,0
2050,126,7,0.048234275967054305,0
2050,126,8,0.18036710850301765,0
2050,126,15,0.0635359453726979,0
2050,126,16,0.04588356019977335,0
2050,126,30,0.03793086216152231,0
2050,126,36,0.08419201744436502,0
2050,126,38,0.18559340001046576,0
2050,126,41,0.042005147351432764,0
2050,127,2,0.27069336306015024,0
2050,127,5,0.03316664448999451,0
2050,127,15,0.1508220826067824,0
2050,127,19,0.05447264940607819,0
2050,127,20,0.023661389691236736,0
2050,127,30,0.19613658535031106,0
2050,127,38,0.271047285395447,0
2050,128,2,0.33746122421485897,0
2050,128,15,0.18640332904703266,0
2050,128,26,0.20075865643527802,0
2050,128,30,0.07932887943810328,0
2050,128,35,0.016942048793643815,0
2050,128,38,0.06155306112643077,0
2050,128,44,0.04149032113489684,0
2050,128,45,0.07606247980975568,0
2050,129,38,1.0,0
2050,130,15,1.0,0
2050,131,8,0.06353284816468631,0
2050,131,12,0.046163831213569366,0
2050,131,15,0.43165603938511227,0
2050,131,19,0.18399690476996022,0
2050,131,38,0.27465037646667173,0
2050,132,2,0.35172508046601464,0
2050,132,8,0.06589083789289145,0
2050,132,15,0.23141725164545246,0
2050,132,19,0.2736969347778024,0
2050,132,38,0.07726989521783909,0
2050,133,2,1.0,0
2050,134,2,0.10027845360479523,0
2050,134,8,0.060725647129496345,0
2050,134,11,0.10273642638950713,0
2050,134,14,0.08926258368273386,0
2050,134,15,0.16547281931956478,0
2050,134,26,0.17472993221887745,0
2050,134,27,0.02154704447257545,0
2050,134,30,0.039789465656235874,0
2050,134,35,0.06029367592332327,0
2050,134,43,0.04655323595111755,0
2050,134,45,0.13861071565177305,0
2050,135,26,1.0,0
2050,136,8,0.29703321611405753,0
2050,136,15,0.09573388374099889,0
2050,136,16,0.07404876728415585,0
2050,136,17,0.17980689655142992,0
2050,136,19,0.04372846131672805,0
2050,136,26,0.1420589909651614,0
2050,136,32,0.025938123330734884,0
2050,136,38,0.0884395892134998,0
2050,136,42,0.05321207148323375,0
2050,137,2,0.10195379001865874,0
2050,137,15,0.17541374251213368,0
2050,137,17,0.10375621309235829,0
2050,137,19,0.17442795673133016,0
2050,137,21,0.11532499369880088,0
2050,137,26,0.019125060571303615,0
2050,137,30,0.11546814708664054,0
2050,137,33,0.06781113197990413,0
2050,137,34,0.12671896430887006,0
2050,138,2,0.11852437782925505,0
2050,138,8,0.18224041887633183,0
2050,138,11,0.03748672194563036,0
2050,138,15,0.06287923743831393,0
2050,138,19,0.055427480126498216,0
2050,138,21,0.07304454417783934,0
2050,138,26,0.043271036297575824,0
2050,138,30,0.04707425671383518,0
2050,138,32,0.2048370309513241,0
2050,138,39,0.06165905274294711,0
2050,138,44,0.11355584290044902,0
2050,139,7,0.11856287932958985,0
2050,139,16,0.05000476326629399,0
2050,139,19,0.09602895624945622,0
2050,139,21,0.12638285122567022,0
2050,139,26,0.13962896677877423,0
2050,139,30,0.32125451779040076,0
2050,139,32,0.058191923481425566,0
2050,139,38,0.08994514187838912,0
2050,140,5,0.20741004480289613,0
2050,140,8,0.12615779239253513,0
2050,140,11,0.06916169156040916,0
2050,140,14,0.07154716091760238,0
2050,140,15,0.12110626098394277,0
2050,140,19,0.06386292438405522,0
2050,140,26,0.3164355156746767,0
2050,140,38,0.02431860928388258,0
2050,141,3,0.045422550707752786,0
2050,141,5,0.10858565734835599,0
2050,141,8,0.11782522534697434,0
2050,141,11,0.09938734448233967,0
2050,141,13,0.0339901343675447,0
2050,141,14,0.0900087672359216,0
2050,141,15,0.08758628515302463,0
2050,141,17,0.08716724790288813,0
2050,141,26,0.3120032360197379,0
2050,141,32,0.01802355143546016,0
2050,142,2,0.0132609777195739,0
2050,142,3,0.07989535921230365,0
2050,142,14,0.1098644787651029,0
2050,142,15,0.10000737468848066,0
2050,142,17,0.0916459211697688,0
2050,142,19,0.16540820705212878,0
2050,142,20,0.04790699723712877,0
2050,142,21,0.04070940156672393,0
2050,142,26,0.2450078721700826,0
2050,142,28,0.0633195820069772,0
2050,142,37,0.04297382841172873,0
2050,143,2,0.20459893159796225,0
2050,143,5,0.07798080830195274,0
2050,143,8,0.022012748868676827,0
2050,143,11,0.16913703498595026,0
2050,143,17,0.06541530412534556,0
2050,143,20,0.0927835519609747,0
2050,143,21,0.014690859295094134,0
2050,143,22,0.04078111590002399,0
2050,143,25,0.013446875005269341,0
2050,143,26,0.1857109784689836,0
2050,143,27,0.02496209089972244,0
2050,143,38,0.024998369954275554,0
2050,143,41,0.027006189367145467,0
2050,143,45,0.03647514126862317,0
2050,144,5,0.12276079581584787,0
2050,144,8,0.09490093304123681,0
2050,144,11,0.09197465394669267,0
2050,144,15,0.12507174937603985,0
2050,144,17,0.057789238268472265,0
2050,144,19,0.12260410649155558,0
2050,144,21,0.026280751374372593,0
2050,144,26,0.11390389749337484,0
2050,144,28,0.04680887463618875,0
2050,144,35,0.08992348311913327,0
2050,144,44,0.02402898408567064,0
2050,144,45,0.08395253235141484,0
2050,145,5,0.23619056388885826,0
2050,145,8,0.12062857412853757,0
2050,145,11,0.12454253358081188,0
2050,145,15,0.11417833115750364,0
2050,145,26,0.10067351464194527,0
2050,145,27,0.03272460177519794,0
2050,145,30,0.03270091296612411,0
2050,145,35,0.0244637960881267,0
2050,145,44,0.0845617286610984,0
2050,145,45,0.12933544311179626,0
2050,146,2,0.013416304757301793,0
2050,146,5,0.345389637083151,0
2050,146,8,0.11891103336312465,0
2050,146,15,0.18054093879753566,0
2050,146,17,0.031365775773869585,0
2050,146,21,0.07037522650627512,0
2050,146,25,0.043132979092514824,0
2050,146,33,0.07255819465883918,0
2050,146,34,0.1243099099673883,0
2050,147,5,0.05047735656788874,0
2050,147,7,0.022976073774423084,0
2050,147,11,0.02829887605123628,0
2050,147,14,0.011141768060820956,0
2050,147,15,0.31703584329843437,0
2050,147,17,0.13553428045457572,0
2050,147,25,0.13616114413800579,0
2050,147,26,0.041647851259147946,0
2050,147,33,0.12769132586589252,0
2050,147,34,0.05446756245881351,0
2050,147,41,0.011010872602022041,0
2050,147,43,0.06355704546873915,0
2050,148,5,0.09526796507619144,0
2050,148,8,0.06410015276059956,0
2050,148,12,0.010335819274598604,0
2050,148,19,0.31252485123461193,0
2050,148,26,0.04971489205314269,0
2050,148,29,0.06954309365551552,0
2050,148,30,0.04608700824423979,0
2050,148,38,0.19771133098004368,0
2050,148,42,0.08224805042146337,0
2050,148,43,0.07246683629959344,0
2050,149,5,0.02545634489035839,0
2050,149,8,0.13353046340833644,0
2050,149,13,0.02203171324101301,0
2050,149,19,0.18113087764568012,0
2050,149,26,0.02007322617567333,0
2050,149,27,0.041908266483357916,0
2050,149,30,0.06505057958204331,0
2050,149,32,0.015959058322164134,0
2050,149,38,0.16831251122204888,0
2050,149,44,0.06284145745460035,0
2050,149,45,0.26370550157472417,0
2050,150,2,0.24715882579082055,0
2050,150,5,0.032547027621938784,0
2050,150,13,0.07954404026822526,0
2050,150,15,0.018329445446716625,0
2050,150,19,0.24729838737683255,0
2050,150,21,0.24124561890927868,0
2050,150,30,0.12058149822085856,0
2050,150,34,0.013295156365329026,0
2050,151,2,0.08199447064927995,0
2050,151,4,0.19533291792821575,0
2050,151,8,0.10603476183788985,0
2050,151,19,0.23872171958071134,0
2050,151,21,0.012946197224667352,0
2050,151,30,0.09434167110752421,0
2050,151,32,0.12304141553947082,0
2050,151,36,0.016588971284127292,0
2050,151,38,0.13099787484811345,0
2050,152,2,0.20687962820006808,0
2050,152,4,0.16436345747907152,0
2050,152,15,0.08588065602990119,0
2050,152,19,0.2059495442601597,0
2050,152,28,0.013414181169256835,0
2050,152,30,0.10498639668725776,0
2050,152,32,0.10654850474546676,0
2050,152,45,0.1119776314288182,0
2050,153,4,0.08990519856788219,0
2050,153,8,0.03578754256546237,0
2050,153,16,0.05258514852602076,0
2050,153,19,0.27763259015618275,0
2050,153,21,0.11269029763253056,0
2050,153,38,0.3296778285172074,0
2050,153,42,0.10172139403471397,0
2050,154,2,0.44858739656129304,0
2050,154,4,0.07653260385828153,0
2050,154,5,0.011621418568068252,0
2050,154,19,0.19259546506716083,0
2050,154,21,0.062244969157377,0
2050,154,34,0.018850955875992257,0
2050,154,36,0.18956719091182717,0
2050,155,2,0.3637321798740769,0
2050,155,6,0.023976674265073376,0
2050,155,11,0.04857530144973502,0
2050,155,15,0.020721398663062423,0
2050,155,19,0.04656753589941041,0
2050,155,22,0.05688911807553942,0
2050,155,44,0.1787876009271629,0
2050,155,45,0.26075019084593964,0
2050,156,2,0.025563062093895764,0
2050,156,3,0.015872301163292152,0
2050,156,5,0.05883602401678433,0
2050,156,8,0.24408814611236684,0
2050,156,15,0.05017560929511753,0
2050,156,19,0.31149995713479817,0
2050,156,32,0.0214648952952658,0
2050,156,43,0.0748114082853127,0
2050,156,45,0.19768859660316668,0
2050,157,19,1.0,0
2050,158,2,0.3158015940936532,0
2050,158,4,0.026980500397113548,0
2050,158,6,0.11983297717821433,0
2050,158,17,0.05779538938266197,0
2050,158,19,0.37721957857943444,0
2050,158,40,0.012852679163874371,0
2050,158,45,0.08951728120504825,0
2050,159,2,0.1614206685008789,0
2050,159,4,0.017057472349230256,0
2050,159,5,0.07527899293985478,0
2050,159,8,0.06374033300310933,0
2050,159,14,0.13106692178658758,0
2050,159,19,0.10639451397006298,0
2050,159,21,0.059278550619124196,0
2050,159,27,0.01489430499562819,0
2050,159,38,0.16775408569277128,0
2050,159,44,0.1116871006864742,0
2050,159,45,0.09142705545627837,0
2050,160,2,0.09158325722196947,0
2050,160,5,0.2591956825328197,0
2050,160,8,0.14551619329786714,0
2050,160,14,0.14795809743915028,0
2050,160,21,0.03159558356015667,0
2050,160,27,0.10140523471108244,0
2050,160,30,0.016542738437237046,0
2050,160,38,0.2062032127997173,0
2050,161,2,0.16187882722018343,0
2050,161,5,0.036404826417681606,0
2050,161,8,0.03339250350305287,0
2050,161,14,0.08989340976413683,0
2050,161,19,0.1371051061698942,0
2050,161,21,0.04966814492717465,0
2050,161,27,0.1848586238457765,0
2050,161,38,0.16104739459399775,0
2050,161,45,0.14575116355810233,0
2050,162,2,0.021687051690458436,0
2050,162,5,0.05389992272522231,0
2050,162,14,0.02962991649244437,0
2050,162,19,0.04969536089805741,0
2050,162,27,0.12367734248397332,0
2050,162,29,0.057579212549163435,0
2050,162,32,0.08091275855691796,0
2050,162,38,0.09988335017099342,0
2050,162,44,0.19745132000989193,0
2050,162,45,0.28558376442287736,0
2050,163,1,0.01205032354416987,0
2050,163,2,0.03996358377736026,0
2050,163,5,0.22038391840294935,0
2050,163,11,0.08917432376637567,0
2050,163,24,0.053331923365747436,0
2050,163,27,0.0621869950791209,0
2050,163,32,0.05182524174948995,0
2050,163,38,0.10637529427719963,0
2050,163,44,0.0384688502276464,0
2050,163,45,0.32623954580994047,0
2050,164,5,0.23761845643357235,0
2050,164,8,0.03639422436807354,0
2050,164,11,0.04956012263709603,0
2050,164,14,0.022347338963507515,0
2050,164,24,0.01646557732486035,0
2050,164,27,0.12232280732738936,0
2050,164,32,0.13612110809456562,0
2050,164,33,0.011535336366449676,0
2050,164,36,0.019705073454327527,0
2050,164,37,0.013628616327348946,0
2050,164,38,0.14385408199062988,0
2050,164,42,0.014008187811896573,0
2050,164,44,0.043625648083482786,0
2050,164,45,0.13281342081679995,0
2050,165,2,0.19578440912051498,0
2050,165,5,0.15961681304841405,0
2050,165,6,0.08725338009952853,0
2050,165,17,0.17661686924704986,0
2050,165,19,0.03590017805430739,0
2050,165,21,0.04487725682293585,0
2050,165,33,0.06584476980471095,0
2050,165,44,0.1970075852748927,0
2050,165,45,0.03709873852764568,0
2050,166,2,0.21909173217299047,0
2050,166,4,0.011236817557905421,0
2050,166,5,0.24859145851930634,0
2050,166,13,0.022279552545711692,0
2050,166,17,0.11062036465948379,0
2050,166,20,0.011289494479518087,0
2050,166,22,0.05380563802554878,0
2050,166,25,0.07848363642057657,0
2050,166,27,0.06095340510166544,0
2050,166,36,0.06038526676210829,0
2050,166,44,0.03250646237766421,0
2050,166,45,0.09075617137752087,0
2050,167,2,0.09467252962351978,0
2050,167,5,0.2401902953936741,0
2050,167,11,0.10602940689141055,0
2050,167,15,0.03340288677667286,0
2050,167,17,0.08500845966934938,0
2050,167,26,0.1077707749380011,0
2050,167,27,0.05847695051498704,0
2050,167,28,0.051594767538424194,0
2050,167,33,0.035737913923886505,0
2050,167,45,0.1871160147300746,0
2050,168,5,0.04271978680073962,0
2050,168,7,0.11271292279436025,0
2050,168,8,0.14787153474898548,0
2050,168,14,0.016632493808892573,0
2050,168,16,0.028824945364670448,0
2050,168,17,0.12399623952714432,0
2050,168,19,0.15274486506343496,0
2050,168,26,0.05005947530386326,0
2050,168,33,0.22112654009685068,0
2050,168,45,0.1033111964910584,0
2050,169,2,0.07539214066624067,0
2050,169,5,0.12111742851643824,0
2050,169,10,0.04487723999276267,0
2050,169,15,0.019344417406243195,0
2050,169,17,0.10321705635366973,0
2050,169,19,0.20099097247485653,0
2050,169,20,0.08842879060069676,0
2050,169,21,0.056996251687103726,0
2050,169,23,0.08107397053763747,0
2050,169,25,0.015634476509574797,0
2050,169,32,0.06939574616825962,0
2050,169,36,0.03887071764177516,0
2050,169,38,0.07174163670966706,0
2050,169,44,0.012919154735074306,0
2050,170,2,0.019655548520721357,0
2050,170,5,0.29200676365058326,0
2050,170,15,0.06212900281357321,0
2050,170,17,0.13269980718643457,0
2050,170,19,0.046903480370174395,0
2050,170,20,0.0406721107479008,0
2050,170,21,0.045223672391242566,0
2050,170,25,0.020167238113739536,0
2050,170,32,0.08619501062534721,0
2050,170,33,0.01345027071254294,0
2050,170,35,0.05054072300030477,0
2050,170,38,0.1415498118331731,0
2050,170,43,0.014113671387401702,0
2050,170,45,0.03469288864686061,0
2050,171,1,0.0748029260783687,0
2050,171,5,0.3691651395901148,0
2050,171,15,0.11838893104759914,0
2050,171,17,0.08826582574841499,0
2050,171,26,0.08581236504946163,0
2050,171,32,0.025625775703003128,0
2050,171,35,0.028286900797885196,0
2050,171,43,0.06420985551430809,0
2050,171,45,0.1454422804708444,0
2050,172,1,0.09694770055139847,0
2050,172,5,0.253550028019379,0
2050,172,8,0.115394525832175,0
2050,172,15,0.0810712191605882,0
2050,172,26,0.03741493439059577,0
2050,172,32,0.14923591902759462,0
2050,172,43,0.09476541531979156,0
2050,172,45,0.1716202576984774,0
2050,173,1,0.07038500660461244,0
2050,173,5,0.47423635850127344,0
2050,173,8,0.09751699100778725,0
2050,173,14,0.05020583256354024,0
2050,173,15,0.04282413244824457,0
2050,173,30,0.03820027395562084,0
2050,173,38,0.04132631087535534,0
2050,173,39,0.05797393647526618,0
2050,173,45,0.12733115756829974,0
2050,174,2,0.12476166734827125,0
2050,174,5,0.2907978149732169,0
2050,174,14,0.10000501095644437,0
2050,174,21,0.04911372458553897,0
2050,174,24,0.09392721426414197,0
2050,174,32,0.09397920020276176,0
2050,174,33,0.2082023431518719,0
2050,174,38,0.03921302451775279,0
2050,175,2,0.30380633502765153,0
2050,175,5,0.1416312417536226,0
2050,175,6,0.042709528327904395,0
2050,175,17,0.29552635719738013,0
2050,175,21,0.05384981317395929,0
2050,175,22,0.03317890031625188,0
2050,175,33,0.09672045947097609,0
2050,175,44,0.03257736473225408,0
2050,176,2,0.14711028604805532,0
2050,176,5,0.050906880154613046,0
2050,176,6,0.15908896170112136,0
2050,176,10,0.035691326263120514,0
2050,176,17,0.1728531877021925,0
2050,176,35,0.054767153156227745,0
2050,176,45,0.37958220497466955,0
2050,177,1,0.035387820901344756,0
2050,177,5,0.07252290109401471,0
2050,177,10,0.02099599175877605,0
2050,177,15,0.08037089726336945,0
2050,177,17,0.0886946949790733,0
2050,177,26,0.03981994534726615,0
2050,177,32,0.1869077649583126,0
2050,177,35,0.06302955452013137,0
2050,177,43,0.04747059866896108,0
2050,177,44,0.062132225421419135,0
2050,177,45,0.3026676050873315,0
2050,178,3,0.04463382664016278,0
2050,178,5,0.3153624077924516,0
2050,178,8,0.02435350562352515,0
2050,178,26,0.09826427022350659,0
2050,178,32,0.25067643600791933,0
2050,178,35,0.07049138345571136,0
2050,178,38,0.01885926197903513,0
2050,178,45,0.1773589082776881,0
2050,179,3,0.11561394346230754,0
2050,179,5,0.2635144241495493,0
2050,179,15,0.15999370578176,0
2050,179,17,0.03342253386870973,0
2050,179,32,0.21208395200010569,0
2050,179,45,0.2153714407375678,0
2050,180,1,0.015329881547062798,0
2050,180,5,0.19069038950593384,0
2050,180,15,0.08079384624268028,0
2050,180,17,0.106654658339306,0
2050,180,26,0.06784853788020363,0
2050,180,32,0.06858231645496728,0
2050,180,35,0.08953065425342363,0
2050,180,45,0.3805697157764225,0
2050,181,5,0.16624195933845115,0
2050,181,15,0.09469966390876884,0
2050,181,17,0.08022654264905256,0
2050,181,27,0.051722995531735996,0
2050,181,32,0.1226761441406316,0
2050,181,44,0.05701404494816423,0
2050,181,45,0.42741864948319563,0
2050,182,2,0.017507361847745095,0
2050,182,5,0.26527379145171437,0
2050,182,8,0.025689993874984395,0
2050,182,25,0.04060352221713286,0
2050,182,27,0.11817957846665761,0
2050,182,32,0.3443848438447252,0
2050,182,38,0.12048308470406405,0
2050,182,45,0.06787782359297634,0
2050,183,2,0.06919153900639395,0
2050,183,5,0.3293558329113821,0
2050,183,17,0.10700086818795301,0
2050,183,32,0.18056711990009774,0
2050,183,34,0.026105095432525226,0
2050,183,38,0.0683139755690884,0
2050,183,42,0.02400707939673065,0
2050,183,45,0.19545848959582882,0
2050,184,45,1.0,0
2050,185,5,0.06354167558692857,0
2050,185,8,0.047225502213584326,0
2050,185,24,0.04493234952312808,0
2050,185,32,0.4009843383723867,0
2050,185,35,0.04349972547680554,0
2050,185,38,0.035237443723114804,0
2050,185,45,0.36457896510405197,0
2050,186,1,0.0540916849844506,0
2050,186,5,0.3671647384389712,0
2050,186,8,0.04810964924483275,0
2050,186,27,0.06687102336590733,0
2050,186,32,0.07675202903448983,0
2050,186,35,0.022570524811649322,0
2050,186,44,0.012985709940437852,0
2050,186,45,0.3514546401792609,0
2050,187,2,0.09309153847208475,0
2050,187,5,0.1258935880331038,0
2050,187,13,0.017753668140605607,0
2050,187,17,0.171680136224277,0
2050,187,19,0.23704278856824074,0
2050,187,21,0.020165745526088526,0
2050,187,32,0.13440504267621184,0
2050,187,34,0.12164345140895766,0
2050,187,45,0.07832404095043008,0
2050,188,2,0.19538259645732348,0
2050,188,4,0.050776570212318406,0
2050,188,11,0.027732234036139933,0
2050,188,17,0.06677736314477944,0
2050,188,19,0.02518415395658981,0
2050,188,22,0.024832061919387097,0
2050,188,32,0.24643976933226805,0
2050,188,36,0.13741504545013727,0
2050,188,41,0.031409734426744496,0
2050,188,45,0.19405047106431195,0
2050,189,2,0.08080655401487848,0
2050,189,5,0.05731248680090034,0
2050,189,7,0.20520268428927665,0
2050,189,8,0.015102640770860076,0
2050,189,16,0.02774282126542253,0
2050,189,18,0.048118465839091365,0
2050,189,19,0.10994504190085418,0
2050,189,21,0.360739547946896,0
2050,189,36,0.09502975717182033,0
2050,190,2,0.13375886348139607,0
2050,190,5,0.01754698295600636,0
2050,190,17,0.239007305650946,0
2050,190,20,0.023956381662253102,0
2050,190,21,0.20410813538426556,0
2050,190,22,0.06337464980954467,0
2050,190,34,0.07980169497093689,0
2050,190,36,0.13955576135216585,0
2050,190,40,0.09889022473248545,0
2050,191,10,0.026422119768490373,0
2050,191,15,0.02570846228369397,0
2050,191,17,0.4897569540045446,0
2050,191,19,0.14193188516087676,0
2050,191,21,0.027720540351331844,0
2050,191,22,0.057366313065596586,0
2050,191,32,0.02953372885280327,0
2050,191,34,0.06719799853668486,0
2050,191,41,0.03404328641197547,0
2050,191,43,0.10031871156400218,0
2050,192,5,0.08405079544416592,0
2050,192,11,0.06436706989701192,0
2050,192,17,0.09905837550976838,0
2050,192,22,0.054066960962683076,0
2050,192,26,0.03710305680625537,0
2050,192,32,0.3471846340553998,0
2050,192,45,0.31416910732471554,0
2050,193,5,0.3864046939553166,0
2050,193,11,0.03278461654857283,0
2050,193,17,0.025622597153252248,0
2050,193,27,0.023215563454804997,0
2050,193,31,0.04493785831858051,0
2050,193,32,0.3458870814308169,0
2050,193,37,0.01832495966188452,0
2050,193,45,0.12282262947677126,0
2050,194,3,0.039916866588611766,0
2050,194,5,0.662929681389059,0
2050,194,32,0.049066566548167996,0
2050,194,37,0.0421358331930581,0
2050,194,39,0.0727525885804216,0
2050,194,45,0.13319846370068156,0
2050,195,5,1.0,0
2050,196,2,0.03450376634597277,0
2050,196,5,0.671652086923124,0
2050,196,17,0.1275367747173671,0
2050,196,19,0.011944217309851079,0
2050,196,33,0.045004131598547666,0
2050,196,44,0.07171374172112602,0
2050,196,45,0.03764528138401141,0
2050,197,5,0.16213601168555067,0
2050,197,17,0.15591382957761057,0
2050,197,32,0.23749633221491365,0
2050,197,35,0.0804631055787213,0
2050,197,44,0.12640947590833312,0
2050,197,45,0.23758124503487077,0
2050,198,32,1.0,0
2050,199,2,0.02595216304509392,0
2050,199,5,0.09303732033737813,0
2050,199,12,0.016926505700329702,0
2050,199,17,0.15386340022740858,0
2050,199,19,0.1981818448737944,0
2050,199,21,0.01697741495634226,0
2050,199,28,0.04601651366118161,0
2050,199,32,0.3486776299421147,0
2050,199,33,0.02485413301381485,0
2050,199,34,0.03144230609546779,0
2050,199,42,0.015868046667293554,0
2050,199,45,0.028202721479780517,0
2050,200,5,0.14719990099193941,0
2050,200,11,0.06343126171859272,0
2050,200,17,0.05976772397844699,0
2050,200,21,0.06138065931792984,0
2050,200,28,0.01800436317637925,0
2050,200,32,0.25476174317702005,0
2050,200,36,0.060262928832367814,0
2050,200,38,0.02944974680009709,0
2050,200,39,0.029063167556385962,0
2050,200,44,0.07641088884278091,0
2050,200,45,0.2002676156080599,0
2050,201,5,0.11353285069499171,0
2050,201,15,0.04606244143059823,0
2050,201,17,0.1478008893475018,0
2050,201,21,0.0818048779382024,0
2050,201,32,0.1970448003869602,0
2050,201,33,0.024430997154053627,0
2050,201,39,0.02254510067192979,0
2050,201,41,0.04068334506741522,0
2050,201,43,0.017283743377689283,0
2050,201,44,0.10261620460803327,0
2050,201,45,0.2061947493226244,0
2050,202,5,0.19485496133048527,0
2050,202,17,0.06801071279204017,0
2050,202,19,0.12202633471079556,0
2050,202,21,0.07878081584928492,0
2050,202,29,0.06483355944688649,0
2050,202,32,0.3324114732496288,0
2050,202,33,0.0801490827316153,0
2050,202,42,0.0589330598892635,0
2050,203,2,0.140163952596908,0
2050,203,5,0.1606951150869891,0
2050,203,11,0.13716893405331593,0
2050,203,17,0.10616649872622184,0
2050,203,22,0.052803309680368726,0
2050,203,32,0.3178900081189865,0
2050,203,44,0.028360093954458473,0
2050,203,45,0.05675208778275144,0
2050,204,2,0.0370968477083098,0
2050,204,5,0.21430669767425925,0
2050,204,6,0.10630408212243264,0
2050,204,17,0.2865056719042188,0
2050,204,19,0.03482560403858991,0
2050,204,21,0.1611987184667843,0
2050,204,28,0.04096419201628056,0
2050,204,32,0.04055045215058237,0
2050,204,35,0.05363030891689896,0
2050,204,45,0.024617425001643385,0
2050,205,5,0.14725108771182904,0
2050,205,11,0.17657231306008714,0
2050,205,17,0.13283483913202934,0
2050,205,21,0.05707734144489963,0
2050,205,27,0.061535573601291645,0
2050,205,32,0.03300285404494436,0
2050,205,44,0.1278136705695223,0
2050,205,45,0.2639123204353965,0
2050,206,21,1.0,0
2050,207,2,0.059432758210668984,0
2050,207,4,0.08124002114135943,0
2050,207,17,0.3368987980332208,0
2050,207,19,0.022583059920471275,0
2050,207,21,0.10190127937724448,0
2050,207,22,0.05895990190668894,0
2050,207,30,0.07108843591994445,0
2050,207,36,0.014773055371849067,0
2050,207,41,0.17728576290240608,0
2050,207,45,0.07583692721614659,0
2050,208,4,0.02764468076552692,0
2050,208,5,0.0534503631105936,0
2050,208,8,0.07331656973315286,0
2050,208,14,0.06736610549298157,0
2050,208,16,0.08572552824805175,0
2050,208,17,0.0445902212490949,0
2050,208,21,0.207158404153728,0
2050,208,24,0.027554461454490423,0
2050,208,32,0.10357892971196793,0
2050,208,36,0.05635768802164824,0
2050,208,38,0.08460112482922166,0
2050,208,39,0.11866959941522787,0
2050,208,45,0.049986323814314296,0
2050,209,5,0.20037418545313188,0
2050,209,7,0.0787769969334093,0
2050,209,8,0.1346101856083671,0
2050,209,14,0.033351410755571805,0
2050,209,17,0.060110734601332594,0
2050,209,21,0.28735923993684276,0
2050,209,32,0.09641635746980459,0
2050,209,39,0.10900088924153997,0
2050,210,7,0.050383072164641156,0
2050,210,8,0.010161721694856213,0
2050,210,14,0.029552507174898657,0
2050,210,17,0.13810413016051348,0
2050,210,21,0.3331542243531685,0
2050,210,29,0.034287910538168806,0
2050,210,30,0.07626657421919109,0
2050,210,32,0.2190525685018744,0
2050,210,33,0.08405552886170742,0
2050,210,36,0.024981762330980244,0
2050,211,5,0.010530946561704812,0
2050,211,8,0.016310215429585228,0
2050,211,17,0.46533739118703615,0
2050,211,20,0.029271355775264286,0
2050,211,21,0.12389702317966753,0
2050,211,22,0.024894174009904072,0
2050,211,24,0.047043395392269836,0
2050,211,29,0.027742781959853344,0
2050,211,32,0.12084421953247784,0
2050,211,33,0.11683375842171932,0
2050,211,34,0.017294738550517625,0
2050,212,17,1.0,0
2050,213,5,0.1868753266030434,0
2050,213,6,0.049698645056741805,0
2050,213,11,0.02729759239646646,0
2050,213,14,0.017429015631082505,0
2050,213,17,0.2440237060008514,0
2050,213,19,0.01808360220935499,0
2050,213,32,0.1281793297983955,0
2050,213,35,0.05798679004522405,0
2050,213,43,0.07087934639700598,0
2050,213,44,0.06965918758524645,0
2050,213,45,0.1298874582765875,0
2050,214,1,0.03283667601260206,0
2050,214,5,0.05237210750397431,0
2050,214,11,0.014401456097111218,0
2050,214,17,0.19511636926294806,0
2050,214,32,0.104011325351299,0
2050,214,35,0.11955950567606315,0
2050,214,45,0.48170256009600226,0
2050,215,3,0.03261846318957904,0
2050,215,5,0.06702182270737556,0
2050,215,8,0.02904757260522564,0
2050,215,17,0.1601197533014937,0
2050,215,32,0.502807040702103,0
2050,215,35,0.021645825807249715,0
2050,215,42,0.107462003196122,0
2050,215,45,0.07927751849085131,0
2050,216,5,0.11209271215361928,0
2050,216,14,0.01775166979322288,0
2050,216,17,0.16690565986351935,0
2050,216,19,0.03335921350848524,0
2050,216,21,0.033279701877311406,0
2050,216,28,0.045548076886639664,0
2050,216,32,0.18323555478009845,0
2050,216,33,0.04774008962031644,0
2050,216,35,0.015857503488485532,0
2050,216,42,0.1594266407831878,0
2050,216,45,0.18480317724511391,0
2050,217,5,0.15423943317133618,0
2050,217,14,0.0681489257506965,0
2050,217,17,0.13186568114526434,0
2050,217,28,0.11296616389339789,0
2050,217,29,0.01775739638333753,0
2050,217,32,0.14583510973107514,0
2050,217,44,0.11449241107081047,0
2050,217,45,0.25469487885408204,0
2050,218,1,0.09200231562563438,0
2050,218,5,0.26150294156552756,0
2050,218,14,0.03315979357995074,0
2050,218,17,0.08941222056041419,0
2050,218,32,0.17848806855090044,0
2050,218,35,0.12549950008678684,0
2050,218,44,0.057352711218659654,0
2050,218,45,0.1625824488121261,0
2050,219,1,0.04596907264216646,0
2050,219,5,0.33386109797093444,0
2050,219,6,0.017310780687279873,0
2050,219,17,0.1697307504196927,0
2050,219,35,0.19403279412159338,0
2050,219,44,0.05548734892463805,0
2050,219,45,0.183608155233695,0
2050,220,5,0.21641922394384758,0
2050,220,11,0.01358309161291265,0
2050,220,17,0.19079560607569146,0
2050,220,19,0.03438729489418588,0
2050,220,32,0.03807736484601724,0
2050,220,35,0.23733051691819693,0
2050,220,43,0.03648461507503249,0
2050,220,45,0.23292228663411574,0
2050,221,3,0.0399224228006742,0
2050,221,5,0.2551757591309925,0
2050,221,14,0.02205952593486785,0
2050,221,17,0.11974643530142377,0
2050,221,32,0.14625633282987024,0
2050,221,35,0.20080568712165833,0
2050,221,43,0.07068936332246188,0
2050,221,45,0.14534447355805113,0
2050,222,1,0.06450485738026963,0
2050,222,3,0.026022872702088265,0
2050,222,5,0.34713098253236285,0
2050,222,17,0.13945183275475176,0
2050,222,32,0.15107266245849907,0
2050,222,35,0.1260312844428297,0
2050,222,43,0.018648964662288763,0
2050,222,45,0.12713654306691008,0
2050,223,1,0.019281229257721154,0
2050,223,5,0.3749346757789234,0
2050,223,17,0.15909162905593202,0
2050,223,27,0.18745808022067698,0
2050,223,35,0.07801994771571938,0
2050,223,44,0.032628890126260544,0
2050,223,45,0.14858554784476657,0
2050,224,5,0.34602558931369004,0
2050,224,14,0.06208869817508387,0
2050,224,17,0.06446385938305248,0
2050,224,27,0.198389503624739,0
2050,224,32,0.08063248688629178,0
2050,224,33,0.03534300991952667,0
2050,224,44,0.04801538275863937,0
2050,224,45,0.16504146993897684,0
2050,225,1,0.03279777001651872,0
2050,225,5,0.01567345935717276,0
2050,225,8,0.03077571310918277,0
2050,225,21,0.21786594005838236,0
2050,225,22,0.011364410491879489,0
2050,225,24,0.02891582590763864,0
2050,225,27,0.13938383267952517,0
2050,225,32,0.16560823479857784,0
2050,225,35,0.013400159126367038,0
2050,225,36,0.09261934237809176,0
2050,225,45,0.2515953120766636,0
2050,226,1,0.018383868439984748,0
2050,226,5,0.23986882393420236,0
2050,226,17,0.22499673243766616,0
2050,226,19,0.014864329672151682,0
2050,226,20,0.02924518106202279,0
2050,226,21,0.17829933357552027,0
2050,226,33,0.13274697417051726,0
2050,226,34,0.05851673489138758,0
2050,226,35,0.03831588786979932,0
2050,226,45,0.0647621339467478,0
2050,227,5,0.10640093225772616,0
2050,227,17,0.21755713290319179,0
2050,227,21,0.18572931180958832,0
2050,227,27,0.12062207328718944,0
2050,227,28,0.08223359315077271,0
2050,227,33,0.01837097411527488,0
2050,227,35,0.09503367539219898,0
2050,227,44,0.031626894037698194,0
2050,227,45,0.14242541304635942,0
2050,228,1,0.08232760658959469,0
2050,228,2,0.049613651248945234,0
2050,228,5,0.15063159915646063,0
2050,228,6,0.09699893081560011,0
2050,228,17,0.14035829569191208,0
2050,228,21,0.1899808071136832,0
2050,228,22,0.04074447266651001,0
2050,228,27,0.06522049588310462,0
2050,228,33,0.02120385828909952,0
2050,228,35,0.03979133973215983,0
2050,228,44,0.08968292197633579,0
2050,228,45,0.03344602083659417,0
2050,229,1,0.03449907631344149,0
2050,229,2,0.07948081111530307,0
2050,229,5,0.08590029800688458,0
2050,229,17,0.1739586338964364,0
2050,229,20,0.0315743205452687,0
2050,229,21,0.27266668480924305,0
2050,229,22,0.016762945573927043,0
2050,229,29,0.108744541910807,0
2050,229,33,0.05567482828902778,0
2050,229,36,0.04296072397230485,0
2050,229,44,0.09777713556735619,0
2050,230,2,0.051848569870010366,0
2050,230,5,0.23218196959336,0
2050,230,17,0.1911617256883445,0
2050,230,19,0.04536020840682385,0
2050,230,21,0.20216978280489337,0
2050,230,29,0.08729869534490145,0
2050,230,33,0.136922935284723,0
2050,230,34,0.053056113006943594,0
2050,231,5,0.35979111577507655,0
2050,231,17,0.2495234019577534,0
2050,231,19,0.07760126512456961,0
2050,231,28,0.13108658483040536,0
2050,231,32,0.03380670630719234,0
2050,231,33,0.09358649795102147,0
2050,231,35,0.05460442805398124,0
2050,232,3,0.08181255025545262,0
2050,232,5,0.17267722205348718,0
2050,232,17,0.1052393778744048,0
2050,232,32,0.1586894881788908,0
2050,232,33,0.05112949591687444,0
2050,232,35,0.10828504534900998,0
2050,232,43,0.12668075728944356,0
2050,232,45,0.19548606308243663,0
2050,233,3,0.13844110405428114,0
2050,233,5,0.11589963113381711,0
2050,233,17,0.14027915571007493,0
2050,233,19,0.03028275651376603,0
2050,233,32,0.2066605731435211,0
2050,233,35,0.11003643706117165,0
2050,233,43,0.06133933039063732,0
2050,233,45,0.1970610119927306,0
2050,234,1,0.06380199529349624,0
2050,234,5,0.2298676456855247,0
2050,234,12,0.032897479324778746,0
2050,234,14,0.03361888399362687,0
2050,234,17,0.06779004263798259,0
2050,234,19,0.030924974747722603,0
2050,234,31,0.021181461389682143,0
2050,234,32,0.16295768144333625,0
2050,234,33,0.07782420532512455,0
2050,234,35,0.07960210157520892,0
2050,234,44,0.035288944941097584,0
2050,234,45,0.16424458364241884,0
2050,235,5,0.20987298812178284,0
2050,235,16,0.08905641740242401,0
2050,235,18,0.02483296357128388,0
2050,235,19,0.07377661317745057,0
2050,235,20,0.032470456527173036,0
2050,235,21,0.17257445548951617,0
2050,235,32,0.195563172462534,0
2050,235,36,0.060323806340061854,0
2050,235,42,0.1415291269077736,0
2050,236,5,0.047051588569601906,0
2050,236,14,0.011713717388179464,0
2050,236,15,0.042890077157911474,0
2050,236,17,0.15715782615608756,0
2050,236,18,0.11595580807526427,0
2050,236,21,0.18325236254698113,0
2050,236,22,0.1256465762776196,0
2050,236,25,0.020725825389348616,0
2050,236,33,0.07606113455558866,0
2050,236,34,0.04102848709262939,0
2050,236,36,0.047004635059109914,0
2050,236,40,0.02481468555651743,0
2050,236,45,0.10669727617516053,0
2050,237,2,0.060394577425219934,0
2050,237,4,0.010905836141214124,0
2050,237,7,0.02987191661127979,0
2050,237,21,0.15330497007760133,0
2050,237,29,0.05346381319097716,0
2050,237,32,0.201428510041584,0
2050,237,33,0.07863991212065516,0
2050,237,36,0.19853601253501937,0
2050,237,38,0.01467056046837424,0
2050,237,39,0.08736492481901838,0
2050,237,41,0.06943166812197173,0
2050,237,42,0.04198729844708481,0
2050,238,4,0.012113308802965586,0
2050,238,5,0.040527104365601314,0
2050,238,16,0.06128882108297212,0
2050,238,21,0.014292223545705982,0
2050,238,27,0.08282106592753911,0
2050,238,29,0.03045435320384685,0
2050,238,32,0.36268030120803396,0
2050,238,36,0.2389422382598263,0
2050,238,38,0.08780803042419365,0
2050,238,42,0.0690725531793151,0
2050,239,4,0.06626265465367354,0
2050,239,12,0.015623942995673362,0
2050,239,18,0.034651919559510067,0
2050,239,19,0.018661610871459688,0
2050,239,21,0.2032289106831322,0
2050,239,22,0.015134310686180779,0
2050,239,30,0.052764521604539844,0
2050,239,32,0.2982637705438278,0
2050,239,34,0.0777097019788376,0
2050,239,36,0.07870732110279943,0
2050,239,42,0.06029893655508828,0
2050,239,45,0.07869239876527744,0
2050,240,2,0.034298662648860466,0
2050,240,4,0.07853284525229376,0
2050,240,6,0.047166969208476975,0
2050,240,12,0.014224591973341643,0
2050,240,17,0.1622898026902648,0
2050,240,22,0.10434294004763839,0
2050,240,27,0.015320309970784776,0
2050,240,28,0.040825418753937755,0
2050,240,32,0.17686528432658602,0
2050,240,34,0.08026347756656103,0
2050,240,42,0.054038978584022,0
2050,240,45,0.1918307189772323,0
2050,241,2,0.033947263886371204,0
2050,241,6,0.17171628865144867,0
2050,241,17,0.14925118152028227,0
2050,241,22,0.13072717475663514,0
2050,241,27,0.011944044482255278,0
2050,241,28,0.09628263099767426,0
2050,241,32,0.23776710071946167,0
2050,241,45,0.1683643149858716,0
2050,242,1,0.12119410533051217,0
2050,242,5,0.2785634835082065,0
2050,242,6,0.0745772507722235,0
2050,242,14,0.03882183879703905,0
2050,242,27,0.14609969480569748,0
2050,242,32,0.0694459103195509,0
2050,242,35,0.05145877035484647,0
2050,242,44,0.042359998191810536,0
2050,242,45,0.17747894792011348,0
2050,243,1,0.14428419339471238,0
2050,243,5,0.25458615773878235,0
2050,243,17,0.020971226397811193,0
2050,243,21,0.10899611523280418,0
2050,243,27,0.0689037195116633,0
2050,243,32,0.07087655787215093,0
2050,243,33,0.12723766014408427,0
2050,243,37,0.013564309923914273,0
2050,243,42,0.057254907542076315,0
2050,243,44,0.03952286220738798,0
2050,243,45,0.09380229003461261,0
2050,244,2,0.03788197474935166,0
2050,244,5,0.1278824898732704,0
2050,244,11,0.022627566762646788,0
2050,244,17,0.12141992725878573,0
2050,244,21,0.10584007459208317,0
2050,244,27,0.036546082556054044,0
2050,244,28,0.06394475848309117,0
2050,244,29,0.016869939447651645,0
2050,244,32,0.14179311375691867,0
2050,244,33,0.048558180900408164,0
2050,244,36,0.18993457689453233,0
2050,244,41,0.03816081613960887,0
2050,244,42,0.0485404985855974,0
2050,245,2,0.07201127743234373,0
2050,245,5,0.07873776652199602,0
2050,245,17,0.226637914948075,0
2050,245,19,0.10977996079147338,0
2050,245,21,0.059824053263344217,0
2050,245,27,0.018465763202067734,0
2050,245,28,0.12408449693905657,0
2050,245,29,0.05377010992772571,0
2050,245,33,0.10564419602604014,0
2050,245,34,0.04568377016440013,0
2050,245,36,0.10536069078347743,0
2050,246,1,0.06873211429547856,0
2050,246,5,0.06151580967050491,0
2050,246,8,0.06518880923701405,0
2050,246,16,0.05966040673118279,0
2050,246,17,0.2554991046278855,0
2050,246,27,0.0744791451631951,0
2050,246,32,0.23427090462252836,0
2050,246,33,0.01968303510388743,0
2050,246,35,0.13431919986999707,0
2050,246,45,0.02665147067832628,0
2050,247,1,0.11094814694720635,0
2050,247,5,0.11833826698180233,0
2050,247,8,0.06954778733602682,0
2050,247,16,0.03225076793323311,0
2050,247,17,0.015079577841597138,0
2050,247,21,0.06429945062963585,0
2050,247,23,0.05025215974789768,0
2050,247,27,0.043528403569166256,0
2050,247,32,0.28796499066215614,0
2050,247,33,0.04854065906882427,0
2050,247,35,0.03620128538369439,0
2050,247,39,0.05683524787299848,0
2050,247,45,0.0662132560257613,0
2050,248,4,0.023871805432741516,0
2050,248,12,0.013954316616508955,0
2050,248,17,0.09454249712881747,0
2050,248,18,0.09065351036711713,0
2050,248,19,0.026302226374013422,0
2050,248,21,0.2172894588479723,0
2050,248,29,0.08156732979946597,0
2050,248,31,0.031240233290042572,0
2050,248,32,0.14434930762977913,0
2050,248,33,0.20642103807405185,0
2050,248,36,0.06980827643948972,0
2050,249,2,0.015526578770848086,0
2050,249,5,0.2109424251208006,0
2050,249,18,0.02506750816897797,0
2050,249,19,0.035630495445073435,0
2050,249,20,0.24782197906576012,0
2050,249,21,0.10575620210538568,0
2050,249,29,0.10171312770229327,0
2050,249,33,0.027952261961339982,0
2050,249,36,0.03742041617159957,0
2050,249,39,0.1198863308216912,0
2050,249,43,0.07228267466623015,0
2050,250,1,0.057905577906813804,0
2050,250,2,0.05118647973031822,0
2050,250,5,0.13121169920102058,0
2050,250,10,0.025129410958197335,0
2050,250,18,0.09420063831321007,0
2050,250,21,0.24590447068436797,0
2050,250,22,0.13497268682632135,0
2050,250,33,0.0305371594693939,0
2050,250,40,0.07942243574364247,0
2050,250,45,0.1495294411667142,0
2050,251,2,0.08858857946092319,0
2050,251,5,0.11880824452997052,0
2050,251,6,0.05155476343221406,0
2050,251,17,0.13832411143245427,0
2050,251,22,0.17053715049100218,0
2050,251,27,0.05291011774411553,0
2050,251,28,0.12641151445161625,0
2050,251,39,0.010541626825042961,0
2050,251,41,0.03994211067817256,0
2050,251,45,0.20238178095448842,0
2050,252,5,0.12187575548250433,0
2050,252,14,0.13572363952432814,0
2050,252,17,0.09072379760986982,0
2050,252,27,0.11497319864334626,0
2050,252,28,0.07717321336377647,0
2050,252,32,0.14136825727344035,0
2050,252,33,0.044881753452480994,0
2050,252,35,0.0700692056278042,0
2050,252,45,0.20321117902244942,0
2050,253,1,0.02351185593640439,0
2050,253,3,0.07716955783462925,0
2050,253,5,0.06669138381726498,0
2050,253,8,0.020910429144650165,0
2050,253,14,0.2690691892413922,0
2050,253,17,0.061114526230061396,0
2050,253,18,0.054411529324777275,0
2050,253,32,0.2430023079241615,0
2050,253,35,0.050540370087499856,0
2050,253,43,0.10523226543673463,0
2050,253,45,0.028346585022424268,0
2050,254,1,0.018717782436939966,0
2050,254,5,0.059571883169718634,0
2050,254,17,0.20574215436323037,0
2050,254,18,0.13837821397322822,0
2050,254,19,0.10236670037102381,0
2050,254,29,0.0977531322395744,0
2050,254,32,0.13311527096852604,0
2050,254,33,0.06993397483130438,0
2050,254,35,0.07761207946381354,0
2050,254,43,0.062366743369982894,0
2050,254,45,0.034442064812657665,0
2050,255,4,0.024696991518466625,0
2050,255,6,0.03617467983076424,0
2050,255,10,0.05249275870379445,0
2050,255,17,0.1477339089433826,0
2050,255,18,0.06185985301884837,0
2050,255,19,0.14690687185176687,0
2050,255,28,0.025203850647799526,0
2050,255,29,0.14308884917239564,0
2050,255,31,0.09442570362371588,0
2050,255,32,0.18308205528179805,0
2050,255,36,0.08433447740726771,0
2050,256,5,0.15199814430668393,0
2050,256,17,0.058195215340609986,0
2050,256,21,0.059854331421205255,0
2050,256,22,0.20346083201094547,0
2050,256,28,0.03134030039051138,0
2050,256,31,0.09112948157675578,0
2050,256,34,0.052511317498354325,0
2050,256,35,0.04301111409308185,0
2050,256,36,0.09312587753894871,0
2050,256,40,0.06360563304929419,0
2050,256,41,0.03674533204047393,0
2050,256,45,0.11502242073313512,0
2050,257,9,0.0171457827447419,0
2050,257,14,0.051340000161032955,0
2050,257,17,0.09959658369900942,0
2050,257,18,0.05833970997025801,0
2050,257,21,0.07639695506356547,0
2050,257,22,0.07796234494862433,0
2050,257,33,0.05883241557376776,0
2050,257,36,0.2529227767971337,0
2050,257,40,0.07613560388643209,0
2050,257,41,0.23132782715543454,0
2050,258,36,1.0,0
2050,259,5,0.1772377844180708,0
2050,259,7,0.057664010748561915,0
2050,259,14,0.026579149352101285,0
2050,259,27,0.06658080760535977,0
2050,259,33,0.10021163254712662,0
2050,259,36,0.361765861224628,0
2050,259,37,0.20996075410415174,0
2050,260,5,0.0420903662975814,0
2050,260,18,0.17679635976756258,0
2050,260,20,0.047388314676017715,0
2050,260,21,0.135174558716831,0
2050,260,25,0.05059857115661528,0
2050,260,33,0.12217608183772102,0
2050,260,36,0.3255873270592118,0
2050,260,40,0.08911379840424517,0
2050,260,41,0.011074622084214008,0
2050,261,2,0.03260324405354791,0
2050,261,4,0.1410646623174088,0
2050,261,6,0.19774166068319937,0
2050,261,17,0.20082531643297719,0
2050,261,21,0.08779556411748878,0
2050,261,22,0.07461618429110788,0
2050,261,28,0.01267655372993197,0
2050,261,36,0.252676814374338,0
2050,262,2,0.040893216854790686,0
2050,262,6,0.12370609627420999,0
2050,262,11,0.1377852367429938,0
2050,262,17,0.07350486688668295,0
2050,262,21,0.04355173657246215,0
2050,262,22,0.058533112464719525,0
2050,262,27,0.11004105187516548,0
2050,262,28,0.06209094691412935,0
2050,262,35,0.09620070703588657,0
2050,262,36,0.18251946460599103,0
2050,262,45,0.07117356377296852,0
2050,263,1,0.06134749587185748,0
2050,263,3,0.060334075003206464,0
2050,263,5,0.14799862917723838,0
2050,263,11,0.07019549873801964,0
2050,263,14,0.0205305201559822,0
2050,263,17,0.17493155261387464,0
2050,263,28,0.1035140869347922,0
2050,263,33,0.17344234688652896,0
2050,263,37,0.03960965649567861,0
2050,263,43,0.1480961381228214,0
2050,264,1,0.12316255094089937,0
2050,264,3,0.06451747342254593,0
2050,264,5,0.08343146678541312,0
2050,264,14,0.02745067343848112,0
2050,264,17,0.014220801644821176,0
2050,264,27,0.16452593735846427,0
2050,264,32,0.15940833735223914,0
2050,264,33,0.15323562235514382,0
2050,264,37,0.05607926142405185,0
2050,264,43,0.13310183756883853,0
2050,264,44,0.02086603770910157,0
2050,265,5,0.24011492765071968,0
2050,265,14,0.12636580265923072,0
2050,265,16,0.07507979735350938,0
2050,265,17,0.11092203690279763,0
2050,265,21,0.13760771662799903,0
2050,265,27,0.024599219506570087,0
2050,265,28,0.1342563531193027,0
2050,265,31,0.03970957806697498,0
2050,265,35,0.08624561516311126,0
2050,265,41,0.025098952949784443,0
2050,266,5,0.048882890027821334,0
2050,266,11,0.2018817057448664,0
2050,266,14,0.15512548682740887,0
2050,266,16,0.016762610404169896,0
2050,266,17,0.09008345333754503,0
2050,266,26,0.0930361231177071,0
2050,266,27,0.14917250126741072,0
2050,266,28,0.057301470677831305,0
2050,266,32,0.03737479228933577,0
2050,266,36,0.045189372533779866,0
2050,266,39,0.10518959377212368,0
2050,267,3,0.14189788662895145,0
2050,267,8,0.019576743084482744,0
2050,267,14,0.1341461542382227,0
2050,267,16,0.053255600538395044,0
2050,267,17,0.03307490620601419,0
2050,267,18,0.03426973511491165,0
2050,267,21,0.043778848924695225,0
2050,267,30,0.01016078067721412,0
2050,267,32,0.17434601497414426,0
2050,267,33,0.17200814818527527,0
2050,267,36,0.07456644593490175,0
2050,267,42,0.10891873549279159,0
2050,268,1,0.11142056266719659,0
2050,268,5,0.15887952698638702,0
2050,268,11,0.01980628381915767,0
2050,268,14,0.08277987611941538,0
2050,268,17,0.10965279490814268,0
2050,268,20,0.11662752686427602,0
2050,268,28,0.19725488762773727,0
2050,268,29,0.017253547876934054,0
2050,268,32,0.022182975472026755,0
2050,268,33,0.14083111672920312,0
2050,268,35,0.011737064062043405,0
2050,268,43,0.011573836867479866,0
2050,269,1,0.0712111495502552,0
2050,269,5,0.06757565813147988,0
2050,269,11,0.05377334191128367,0
2050,269,13,0.02351912801262985,0
2050,269,14,0.18595445433229668,0
2050,269,17,0.18764496937425737,0
2050,269,28,0.1257686331287691,0
2050,269,33,0.2246556538997573,0
2050,269,34,0.014144621074183327,0
2050,269,35,0.03157210619269908,0
2050,269,39,0.014180284392388625,0
2050,270,13,0.025296804210852973,0
2050,270,14,0.4137506427365894,0
2050,270,17,0.17802448798118156,0
2050,270,18,0.038245242134797464,0
2050,270,21,0.03903471736179706,0
2050,270,26,0.09248048964220154,0
2050,270,28,0.17071841111337097,0
2050,270,33,0.013698159305187392,0
2050,270,41,0.028751045514021537,0
2050,271,9,0.15551120722101078,0
2050,271,10,0.016751802646747804,0
2050,271,14,0.5255714770108644,0
2050,271,17,0.10295039136449192,0
2050,271,22,0.023957697288620933,0
2050,271,26,0.01690024822589125,0
2050,271,28,0.0285984044351068,0
2050,271,41,0.059107762489206676,0
2050,271,45,0.07065100931805962,0
2050,272,14,1.0,0
2050,273,2,0.03684631067597283,0
2050,273,5,0.02059409234499879,0
2050,273,6,0.08977844637120504,0
2050,273,12,0.04880642111708698,0
2050,273,14,0.6927719452478844,0
2050,273,23,0.01490538366662983,0
2050,273,36,0.017422697032281886,0
2050,273,38,0.03698125695381724,0
2050,273,40,0.04189344659012292,0
2050,274,2,0.08529871298223667,0
2050,274,6,0.1730687325542613,0
2050,274,12,0.10428566568886471,0
2050,274,14,0.3123057722269261,0
2050,274,17,0.011093588585495768,0
2050,274,21,0.04791677018843031,0
2050,274,22,0.12815962833338357,0
2050,274,31,0.06978237037759788,0
2050,274,36,0.04813397047502491,0
2050,274,41,0.019954788587778858,0
2050,275,2,0.0834110558533454,0
2050,275,6,0.2517274019980058,0
2050,275,14,0.03923737579388844,0
2050,275,17,0.10441544774774313,0
2050,275,21,0.0391761308906839,0
2050,275,22,0.31084007910436523,0
2050,275,28,0.032624471450687254,0
2050,275,36,0.10956731993274886,0
2050,275,40,0.02900071722853216,0
2050,276,1,0.18922188343184163,0
2050,276,5,0.29442151513868736,0
2050,276,11,0.17825994788622335,0
2050,276,14,0.04704229560816903,0
2050,276,22,0.04829638400294242,0
2050,276,27,0.05998750049195547,0
2050,276,28,0.0898793923805762,0
2050,276,33,0.09289108105960456,0
2050,277,1,0.03935591109923839,0
2050,277,3,0.013670392397069254,0
2050,277,5,0.10823741411132295,0
2050,277,11,0.2812314208207888,0
2050,277,14,0.014532007249605627,0
2050,277,17,0.08470801905440407,0
2050,277,26,0.10811659202499713,0
2050,277,27,0.15317679123117128,0
2050,277,33,0.012947558895418888,0
2050,277,35,0.13005619661330775,0
2050,277,37,0.03561590875155567,0
2050,277,45,0.01835178775112031,0
2050,278,8,0.08572518159745529,0
2050,278,11,0.026756030884410153,0
2050,278,16,0.08025165341684913,0
2050,278,21,0.13660861496115712,0
2050,278,23,0.06105815582152191,0
2050,278,26,0.04677895267292274,0
2050,278,27,0.1747866583087627,0
2050,278,31,0.08227645225867086,0
2050,278,32,0.11757538253286412,0
2050,278,35,0.188182917545386,0
2050,279,2,0.08315773414203523,0
2050,279,4,0.1367561529622201,0
2050,279,16,0.11547923880717571,0
2050,279,17,0.02034885329295678,0
2050,279,21,0.19367181713669274,0
2050,279,28,0.06938718429674626,0
2050,279,31,0.07891622997513087,0
2050,279,33,0.19834880837639055,0
2050,279,34,0.06621003611876933,0
2050,279,35,0.03772394489188251,0
2050,280,5,0.01052825735746746,0
2050,280,16,0.057130531647373126,0
2050,280,21,0.2055975679596735,0
2050,280,29,0.18938581839535054,0
2050,280,31,0.015368087518791266,0
2050,280,33,0.3564764903958285,0
2050,280,36,0.02134709652217015,0
2050,280,41,0.10280320281283907,0
2050,280,44,0.04136294739050638,0
2050,281,1,0.04753395605405665,0
2050,281,2,0.07587662925701406,0
2050,281,5,0.08163643763752734,0
2050,281,17,0.08972951126313151,0
2050,281,30,0.05278012257702246,0
2050,281,33,0.251594245022102,0
2050,281,35,0.3067380747927904,0
2050,281,43,0.09411102339635559,0
2050,282,1,0.12716912527442423,0
2050,282,5,0.04262732328484888,0
2050,282,8,0.06644645268446642,0
2050,282,17,0.1439655019384156,0
2050,282,26,0.017219300891394913,0
2050,282,27,0.051773397384542036,0
2050,282,28,0.06203890642635762,0
2050,282,30,0.01669024443217178,0
2050,282,33,0.1585997244611008,0
2050,282,35,0.24567247185049676,0
2050,282,45,0.0677975513717809,0
2050,283,3,0.12125015975724651,0
2050,283,5,0.029555903927441035,0
2050,283,8,0.05738497147825358,0
2050,283,11,0.03152861687628241,0
2050,283,14,0.06510102102812018,0
2050,283,17,0.07330088521715832,0
2050,283,26,0.1573787075088633,0
2050,283,27,0.04050529672556801,0
2050,283,33,0.23945237183934398,0
2050,283,37,0.18454206564172276,0
2050,284,3,0.10911352778457721,0
2050,284,5,0.05568960568284758,0
2050,284,8,0.05928140106068314,0
2050,284,10,0.056298840628254264,0
2050,284,14,0.22952565412732978,0
2050,284,18,0.019350765119290392,0
2050,284,20,0.10793127806688302,0
2050,284,33,0.2695831794084867,0
2050,284,37,0.042965810124663203,0
2050,284,38,0.05025993799698462,0
2050,285,1,0.026080599249906966,0
2050,285,2,0.03559709290261547,0
2050,285,5,0.10818674343849195,0
2050,285,14,0.07061305001779794,0
2050,285,19,0.057983238461910634,0
2050,285,21,0.028731875149954553,0
2050,285,29,0.05588463384165801,0
2050,285,30,0.050631722158317405,0
2050,285,33,0.20881824324165513,0
2050,285,35,0.28230029502712733,0
2050,285,43,0.07517250651056466,0
2050,286,8,0.055889605225992484,0
2050,286,14,0.05643047175668715,0
2050,286,19,0.021731873732677275,0
2050,286,21,0.038629467050255786,0
2050,286,27,0.0283656356476618,0
2050,286,29,0.054709107268095136,0
2050,286,33,0.4790124643563645,0
2050,286,35,0.0866017440685823,0
2050,286,36,0.08996954248952536,0
2050,286,44,0.08866008840415811,0
2050,287,33,1.0,0
2050,288,2,0.01303684913289045,0
2050,288,6,0.031980018375058726,0
2050,288,10,0.05715252035193958,0
2050,288,17,0.01631811813349212,0
2050,288,20,0.060974214996006776,0
2050,288,21,0.025951172704050923,0
2050,288,22,0.030949453288230542,0
2050,288,33,0.565066940189879,0
2050,288,41,0.13795574343516304,0
2050,288,43,0.026322518942454083,0
2050,288,44,0.03429245045083487,0
2050,289,1,0.15292082345273733,0
2050,289,2,0.12604954568323914,0
2050,289,10,0.06976907530758261,0
2050,289,29,0.11786920293804115,0
2050,289,31,0.07678347582312978,0
2050,289,33,0.28376578192115043,0
2050,289,35,0.0213280330173265,0
2050,289,41,0.05358469264406904,0
2050,289,44,0.097929369212724,0
2050,290,1,0.16952976207030487,0
2050,290,5,0.139108609796577,0
2050,290,16,0.02207543260074108,0
2050,290,27,0.060562322400420227,0
2050,290,30,0.13399413717659336,0
2050,290,33,0.1399833936501815,0
2050,290,35,0.3221510245552203,0
2050,290,36,0.012595317749961624,0
2050,291,1,0.2527711352995779,0
2050,291,2,0.027408430602855718,0
2050,291,5,0.11063643328362943,0
2050,291,17,0.02290492917324198,0
2050,291,27,0.1535738212687494,0
2050,291,30,0.057009724456274335,0
2050,291,33,0.11755816632697107,0
2050,291,35,0.25813735958870015,0
2050,292,1,0.23168229428202833,0
2050,292,5,0.15380080425091774,0
2050,292,11,0.03830016848596658,0
2050,292,17,0.01519969282756913,0
2050,292,26,0.08958909843771239,0
2050,292,27,0.04866914738985701,0
2050,292,33,0.19637567547404775,0
2050,292,35,0.20028033317244606,0
2050,292,37,0.026102785679454923,0
2050,293,5,0.14481404033093515,0
2050,293,11,0.12926902121347186,0
2050,293,14,0.15408967597773895,0
2050,293,15,0.018817758098161334,0
2050,293,26,0.04831935454186664,0
2050,293,27,0.04332319126027944,0
2050,293,33,0.168160270107878,0
2050,293,35,0.2932066884696686,0
2050,294,8,0.12162127952173107,0
2050,294,12,0.03333230966920587,0
2050,294,14,0.07081807732343341,0
2050,294,16,0.16951175471335178,0
2050,294,22,0.03702211464281116,0
2050,294,23,0.019279214805501634,0
2050,294,27,0.053771220934037724,0
2050,294,29,0.06273159099417804,0
2050,294,33,0.2940865987795488,0
2050,294,35,0.08563765077970593,0
2050,294,45,0.05218818783649452,0
2050,295,2,0.018904655235313123,0
2050,295,4,0.09243094585947972,0
2050,295,12,0.31405753109309265,0
2050,295,18,0.01661586678036836,0
2050,295,22,0.12343100026258708,0
2050,295,23,0.091702106081586,0
2050,295,33,0.17537847865463438,0
2050,295,36,0.06666078605550337,0
2050,295,38,0.1008186299774354,0
2050,296,2,0.06719489236864472,0
2050,296,10,0.24431991971065797,0
2050,296,12,0.06729178626667025,0
2050,296,15,0.04476354311537034,0
2050,296,17,0.032226432708973456,0
2050,296,19,0.07173745329921022,0
2050,296,22,0.2387996045262405,0
2050,296,28,0.0515505300523827,0
2050,296,33,0.03368979304387567,0
2050,296,41,0.12403709003467858,0
2050,296,44,0.024388954873295676,0
2050,297,1,0.04607833280445178,0
2050,297,3,0.02238337955678198,0
2050,297,8,0.10145052105807992,0
2050,297,12,0.09842181117356505,0
2050,297,15,0.03202649428197278,0
2050,297,18,0.04066851141188783,0
2050,297,19,0.010688302493780737,0
2050,297,22,0.030735526682549034,0
2050,297,29,0.128239094023499,0
2050,297,32,0.07079124448876811,0
2050,297,33,0.13783297932937275,0
2050,297,35,0.15329052292063045,0
2050,297,42,0.07617607251723155,0
2050,297,45,0.05121720725742901,0
2050,298,1,0.019556413930412003,0
2050,298,2,0.13266209517331115,0
2050,298,4,0.15220103416937322,0
2050,298,19,0.0718137826783642,0
2050,298,22,0.13351525271684467,0
2050,298,28,0.18071920791740556,0
2050,298,33,0.022633967014985684,0
2050,298,34,0.025188949763369058,0
2050,298,35,0.13921855609947262,0
2050,298,41,0.01473698690700041,0
2050,298,45,0.10775375362946152,0
2050,299,2,0.037822682508711514,0
2050,299,4,0.048079238121660234,0
2050,299,8,0.08827994578802652,0
2050,299,11,0.12708415645102242,0
2050,299,22,0.19913279010323287,0
2050,299,27,0.013193803033340043,0
2050,299,29,0.05088123933232026,0
2050,299,31,0.0340804434680903,0
2050,299,32,0.15872566068172927,0
2050,299,36,0.016325055143324572,0
2050,299,39,0.1596608153608763,0
2050,299,45,0.06673417000766564,0
2050,300,2,0.09040577171197381,0
2050,300,5,0.08847280783586944,0
2050,300,8,0.03299920434339167,0
2050,300,11,0.06329500645374754,0
2050,300,16,0.0687569688739456,0
2050,300,22,0.10655036265131554,0
2050,300,23,0.09113500795699962,0
2050,300,27,0.16036236760336628,0
2050,300,28,0.08193391672120232,0
2050,300,29,0.06892785158870951,0
2050,300,31,0.018815585598362543,0
2050,300,32,0.037190928529752136,0
2050,300,36,0.019237700473945612,0
2050,300,39,0.018362927015862212,0
2050,300,45,0.05355359264155617,0
2050,301,5,0.0971277570049267,0
2050,301,7,0.012810625084106752,0
2050,301,13,0.06554340921867699,0
2050,301,15,0.0839804483577819,0
2050,301,16,0.15028174776891864,0
2050,301,19,0.039765783302985455,0
2050,301,22,0.041160853531388486,0
2050,301,31,0.021015826281261366,0
2050,301,33,0.36065372594569134,0
2050,301,34,0.067516605342182,0
2050,301,35,0.06014321816208044,0
2050,302,3,0.11474444233847181,0
2050,302,10,0.012665044810259051,0
2050,302,11,0.08552081063031955,0
2050,302,17,0.0852114721231974,0
2050,302,22,0.05565241631365868,0
2050,302,23,0.04355877229079916,0
2050,302,27,0.08343582745602658,0
2050,302,32,0.06500467820493015,0
2050,302,33,0.14529129573505634,0
2050,302,35,0.1359440841182282,0
2050,302,39,0.16010109935776873,0
2050,302,44,0.012870056621284418,0
2050,303,3,0.1995641657798412,0
2050,303,8,0.0982645014715257,0
2050,303,12,0.016848924938206104,0
2050,303,16,0.03797411374257687,0
2050,303,23,0.18697072340082033,0
2050,303,27,0.09493008890296373,0
2050,303,32,0.17446814914598446,0
2050,303,33,0.06388863755785035,0
2050,303,35,0.08228473109617424,0
2050,303,37,0.011171840755552083,0
2050,303,42,0.03363412320850487,0
2050,304,12,0.16097886597360084,0
2050,304,13,0.019308923643068996,0
2050,304,14,0.06016702793321696,0
2050,304,17,0.021054906248754876,0
2050,304,18,0.13204186838648238,0
2050,304,19,0.03417003241237137,0
2050,304,22,0.35713915646482436,0
2050,304,23,0.08486391378347284,0
2050,304,29,0.021383241776385987,0
2050,304,33,0.04427373359312144,0
2050,304,35,0.038860117578069946,0
2050,304,38,0.025758212206630115,0
2050,305,22,1.0,0
2050,306,4,0.06472722880730837,0
2050,306,6,0.14668036309364968,0
2050,306,11,0.023077525338822808,0
2050,306,22,0.457512467964944,0
2050,306,27,0.2223992331264655,0
2050,306,31,0.04676589350170278,0
2050,306,45,0.03883728816710681,0
2050,307,5,0.014827782898586887,0
2050,307,6,0.04839381543072237,0
2050,307,11,0.01885638771276871,0
2050,307,13,0.010786085424129116,0
2050,307,22,0.136096347008155,0
2050,307,27,0.5950731739930742,0
2050,307,28,0.08415855555397891,0
2050,307,37,0.04585448182396459,0
2050,307,45,0.04595337015462018,0
2050,308,27,1.0,0
2050,309,1,0.11276648459816865,0
2050,309,3,0.03470513878982767,0
2050,309,8,0.05591470852771232,0
2050,309,13,0.026599280345680987,0
2050,309,16,0.033964362896019736,0
2050,309,27,0.48688168249537606,0
2050,309,32,0.14535466332362806,0
2050,309,35,0.010724299725194557,0
2050,309,39,0.07531901490293076,0
2050,309,42,0.017770364395461157,0
2050,310,1,0.0742088415666706,0
2050,310,4,0.09037149167276609,0
2050,310,8,0.07102574891764551,0
2050,310,16,0.04461879500717596,0
2050,310,27,0.2792420453967291,0
2050,310,32,0.14294868418332962,0
2050,310,39,0.19181545222844545,0
2050,310,42,0.10576894102723765,0
2050,311,1,0.018702436989738575,0
2050,311,4,0.31232072216262885,0
2050,311,12,0.08945871449108894,0
2050,311,18,0.04533291223102173,0
2050,311,19,0.035170000610510156,0
2050,311,21,0.037378701745130506,0
2050,311,27,0.23641927736645357,0
2050,311,32,0.07888000044057508,0
2050,311,38,0.03715999004589905,0
2050,311,39,0.10917724391695355,0
2050,312,2,0.03041794635328844,0
2050,312,4,0.22774798845813632,0
2050,312,10,0.044696571203276705,0
2050,312,19,0.029687187494201003,0
2050,312,22,0.09169748539120072,0
2050,312,29,0.02001546640946261,0
2050,312,31,0.08563215323960892,0
2050,312,32,0.15278357522263822,0
2050,312,33,0.011169906195093074,0
2050,312,34,0.08448310550713506,0
2050,312,39,0.11998600945093758,0
2050,312,41,0.10168260507502146,0
2050,313,4,0.186595011776837,0
2050,313,12,0.1421684002179721,0
2050,313,18,0.2776429859334957,0
2050,313,19,0.1333099570412067,0
2050,313,21,0.027729384238860108,0
2050,313,29,0.03011020335679266,0
2050,313,39,0.15504146944211308,0
2050,313,41,0.04740258799272256,0
2050,314,4,0.08149311583653956,0
2050,314,7,0.07480937569068913,0
2050,314,10,0.03504859905558081,0
2050,314,19,0.03405580148362238,0
2050,314,29,0.18185468048775694,0
2050,314,33,0.05095698152992733,0
2050,314,39,0.24414496339170433,0
2050,314,40,0.06727595503752981,0
2050,314,41,0.23036052748664979,0
2050,315,2,0.03081347901754794,0
2050,315,4,0.03196986307980362,0
2050,315,10,0.06954393813074583,0
2050,315,12,0.04976901835357885,0
2050,315,19,0.1260854627606998,0
2050,315,29,0.328152334146989,0
2050,315,33,0.030060042905193648,0
2050,315,39,0.193629196010484,0
2050,315,41,0.13997666559495736,0
2050,316,1,0.04353380320877343,0
2050,316,4,0.12501156212907621,0
2050,316,12,0.05979503850680208,0
2050,316,13,0.02559453318888533,0
2050,316,17,0.015133678813761597,0
2050,316,18,0.07077299904171663,0
2050,316,19,0.14545987744456834,0
2050,316,28,0.017046476291304305,0
2050,316,29,0.13464136907128688,0
2050,316,32,0.0211901214259209,0
2050,316,33,0.09999335368576479,0
2050,316,34,0.08666133317795187,0
2050,316,39,0.1551658540141877,0
2050,317,4,0.24021408798579297,0
2050,317,12,0.03658118171823253,0
2050,317,16,0.06505154512963705,0
2050,317,18,0.17498230722122843,0
2050,317,19,0.1711711671207574,0
2050,317,21,0.045217682164714515,0
2050,317,29,0.02083344792183993,0
2050,317,39,0.11461523883686116,0
2050,317,42,0.13133334190093604,0
2050,318,4,0.175301527103752,0
2050,318,18,0.09532112054426223,0
2050,318,19,0.08501951617636727,0
2050,318,29,0.09100225993793928,0
2050,318,39,0.24725516093019448,0
2050,318,40,0.15902952250478433,0
2050,318,41,0.1470708928027005,0
2050,319,39,1.0,0
2050,320,5,0.05962133881556804,0
2050,320,18,0.4063910863123776,0
2050,320,19,0.08638738033647402,0
2050,320,29,0.19341535000034418,0
2050,320,33,0.0187942200178061,0
2050,320,38,0.012934977558445323,0
2050,320,39,0.0769095330620535,0
2050,320,42,0.14554611389693123,0
2050,321,2,0.02289244780050945,0
2050,321,4,0.14756821653510468,0
2050,321,16,0.05085417870195887,0
2050,321,18,0.07222508322563191,0
2050,321,27,0.08956186677875713,0
2050,321,29,0.02452361164873408,0
2050,321,36,0.1099401899876688,0
2050,321,38,0.06365979731423704,0
2050,321,39,0.2885294572028422,0
2050,321,41,0.13024515080455595,0
2050,322,2,0.030642450323387065,0
2050,322,7,0.11810803341188525,0
2050,322,18,0.262012059085329,0
2050,322,21,0.0845043216704482,0
2050,322,29,0.060463472764341365,0
2050,322,33,0.022672643495483827,0
2050,322,39,0.29907536600485135,0
2050,322,41,0.12252165324427385,0
2050,323,4,0.14358518923058777,0
2050,323,7,0.08757278638832801,0
2050,323,18,0.16720106023383807,0
2050,323,21,0.10739515496222807,0
2050,323,39,0.4060663357938779,0
2050,323,41,0.08817947339114028,0
2050,324,9,0.048686285783850154,0
2050,324,14,0.05425409624168421,0
2050,324,18,0.11258005222891075,0
2050,324,23,0.2807336732589482,0
2050,324,39,0.3994469875927409,0
2050,324,41,0.0662519251483799,0
2050,324,43,0.03804697974548582,0
2050,325,23,1.0,0
2050,326,3,0.013363903993728084,0
2050,326,10,0.11324266065123505,0
2050,326,13,0.05839066325366899,0
2050,326,17,0.01654559657558007,0
2050,326,19,0.05478299348627215,0
2050,326,20,0.15583817077820378,0
2050,326,23,0.35204361371646714,0
2050,326,27,0.02051959113868897,0
2050,326,29,0.09509070088664379,0
2050,326,31,0.047551622017573035,0
2050,326,35,0.07263048350193904,0
2050,327,1,0.13549552280262295,0
2050,327,3,0.2643925150428109,0
2050,327,13,0.10100558981833899,0
2050,327,16,0.07141474507478322,0
2050,327,26,0.01506878184909589,0
2050,327,27,0.10539945215329886,0
2050,327,32,0.10708330173210687,0
2050,327,35,0.11828725263506855,0
2050,327,39,0.08185283889187381,0
2050,328,4,0.2649196425352265,0
2050,328,12,0.1885163648324232,0
2050,328,16,0.07501142124106604,0
2050,328,17,0.0631832600837888,0
2050,328,18,0.07691197375013174,0
2050,328,19,0.03706671144755227,0
2050,328,22,0.01598344297939476,0
2050,328,23,0.05289529451190497,0
2050,328,27,0.01545765043803662,0
2050,328,30,0.06467867849326152,0
2050,328,36,0.07312276931635425,0
2050,328,39,0.026818227313533106,0
2050,328,41,0.04543456305732626,0
2050,329,4,0.21779262451119621,0
2050,329,9,0.10960982973676728,0
2050,329,11,0.05520077901585509,0
2050,329,16,0.09979347010396204,0
2050,329,19,0.02983209421905899,0
2050,329,22,0.10270067668816142,0
2050,329,23,0.1380022360081415,0
2050,329,31,0.1068299876174472,0
2050,329,32,0.015656208379972728,0
2050,329,36,0.0802130174700743,0
2050,329,41,0.04436907624936324,0
2050,330,3,0.22313899973716084,0
2050,330,9,0.018026106060318098,0
2050,330,11,0.025932528424222386,0
2050,330,13,0.04935962283458353,0
2050,330,16,0.11139124372806611,0
2050,330,17,0.010992659097151154,0
2050,330,22,0.19324344387811712,0
2050,330,23,0.170511851752992,0
2050,330,24,0.15226030011824868,0
2050,330,26,0.03349383195326214,0
2050,330,35,0.011649412415877984,0
2050,331,4,0.24011116631125717,0
2050,331,9,0.029603796743031756,0
2050,331,12,0.3202359506157328,0
2050,331,22,0.0600082602525693,0
2050,331,23,0.26469719355335547,0
2050,331,41,0.08534363252405362,0
2050,332,4,0.35417178904767854,0
2050,332,9,0.024814534951937302,0
2050,332,12,0.04858025344578804,0
2050,332,18,0.06347004388647491,0
2050,332,19,0.026406829452153054,0
2050,332,23,0.14783398389087432,0
2050,332,29,0.07997827526946706,0
2050,332,31,0.05878667344610285,0
2050,332,36,0.01705118104486404,0
2050,332,40,0.0791385937156432,0
2050,332,41,0.09976784184901678,0
2050,333,4,0.21033202554718822,0
2050,333,12,0.02145609168997484,0
2050,333,18,0.37715159099015366,0
2050,333,19,0.031770882486516876,0
2050,333,23,0.01035434990037702,0
2050,333,40,0.13536238973067627,0
2050,333,41,0.21357266965511326,0
2050,334,4,0.12003623149031585,0
2050,334,18,0.1807923289067882,0
2050,334,29,0.03372425351625039,0
2050,334,38,0.012910173547111459,0
2050,334,40,0.25083441861977845,0
2050,334,41,0.40170259391975566,0
2050,335,41,1.0,0
2050,336,29,1.0,0
2050,337,4,0.40299084887648323,0
2050,337,12,0.05320796036564244,0
2050,337,27,0.13705736855558218,0
2050,337,29,0.23140960401750607,0
2050,337,31,0.02002025572924567,0
2050,337,35,0.0791434012221161,0
2050,337,44,0.07617056123342422,0
2050,338,4,0.632937657824035,0
2050,338,12,0.06563753992645843,0
2050,338,13,0.02691346028920757,0
2050,338,29,0.10057331658639057,0
2050,338,32,0.02035519592064988,0
2050,338,41,0.08715164521941034,0
2050,338,42,0.06643118423384825,0
2050,339,4,0.648654033481612,0
2050,339,12,0.09645521536448504,0
2050,339,29,0.17138748002246085,0
2050,339,34,0.03045142602433132,0
2050,339,40,0.05305184510711094,0
2050,340,2,0.013655862047921305,0
2050,340,4,0.6383347261774671,0
2050,340,29,0.11756422363049693,0
2050,340,36,0.024156674131312023,0
2050,340,40,0.1399221385328474,0
2050,340,41,0.052790203547620235,0
2050,340,42,0.013576171932335061,0
2050,341,4,0.5914196295439874,0
2050,341,6,0.01419463207791986,0
2050,341,11,0.17576551427305626,0
2050,341,22,0.07838907118153064,0
2050,341,31,0.04584443873981815,0
2050,341,35,0.02227375781383996,0
2050,341,41,0.01323141111549777,0
2050,341,44,0.03744656579736763,0
2050,341,45,0.021434979456982292,0
2050,342,4,0.4344588675072074,0
2050,342,8,0.026395518364587076,0
2050,342,16,0.07702500895337154,0
2050,342,29,0.19107982906804885,0
2050,342,35,0.061803190940253015,0
2050,342,42,0.20923758516653218,0
2050,343,2,0.0460524839877346,0
2050,343,4,0.6151809775088862,0
2050,343,6,0.0502419469996323,0
2050,343,12,0.038041860475389815,0
2050,343,16,0.06892467773602699,0
2050,343,28,0.02830674569233777,0
2050,343,29,0.13645653132215005,0
2050,343,31,0.016794776277842358,0
2050,344,4,0.5959552757306175,0
2050,344,10,0.04852130057392486,0
2050,344,12,0.25656669235568313,0
2050,344,22,0.011627317359964808,0
2050,344,23,0.027445812236769968,0
2050,344,29,0.03309243079357907,0
2050,344,41,0.02679117094946062,0
2050,345,4,0.5827404638185726,0
2050,345,10,0.09331895083681549,0
2050,345,29,0.08646400156378312,0
2050,345,31,0.11829474322124421,0
2050,345,39,0.021487253522605197,0
2050,345,40,0.01718432395921986,0
2050,345,41,0.045243938103619215,0
2050,345,42,0.03526632497414035,0
2050,346,4,0.2886401598623453,0
2050,346,10,0.09661664736037,0
2050,346,13,0.3106269812954671,0
2050,346,21,0.026849468626457623,0
2050,346,29,0.04092850305926273,0
2050,346,31,0.04821042301148783,0
2050,346,39,0.028650563643257847,0
2050,346,41,0.12630066163973094,0
2050,346,44,0.033176591501620556,0
2050,347,13,1.0,0
2050,348,4,0.19562757756314367,0
2050,348,11,0.1116984088622507,0
2050,348,13,0.262634982228736,0
2050,348,27,0.02114952122459708,0
2050,348,29,0.027456483071950914,0
2050,348,32,0.023448566471213225,0
2050,348,35,0.3439155629028892,0
2050,348,44,0.014068897675219271,0
2050,349,3,0.08074311382450279,0
2050,349,4,0.27905662535631265,0
2050,349,11,0.06169922670744956,0
2050,349,13,0.10779116493290834,0
2050,349,26,0.010693216112658334,0
2050,349,27,0.21814524449004538,0
2050,349,35,0.24187140857612296,0
2050,350,4,0.4914631026138958,0
2050,350,8,0.031289066852244196,0
2050,350,13,0.030829155920322465,0
2050,350,16,0.035123743116207966,0
2050,350,23,0.15135575870244203,0
2050,350,27,0.17349100260709457,0
2050,350,29,0.035694800618283846,0
2050,350,32,0.05075336956950906,0
2050,351,3,0.0654264944561638,0
2050,351,4,0.5008905135125699,0
2050,351,7,0.053607761451107835,0
2050,351,8,0.02616645151795595,0
2050,351,13,0.25702155214522515,0
2050,351,23,0.03283363733341986,0
2050,351,29,0.022834472897873215,0
2050,351,32,0.04121911668568436,0
2050,352,4,0.6402875302067784,0
2050,352,12,0.09404180610439226,0
2050,352,13,0.19857806347684565,0
2050,352,19,0.0670926002119837,0
2050,353,4,0.8190773812832138,0
2050,353,13,0.04447285030998725,0
2050,353,17,0.012843035331230957,0
2050,353,29,0.037539286519468695,0
2050,353,30,0.03310411722643694,0
2050,353,35,0.05296332932966244,0
2050,354,4,1.0,0
2050,355,4,0.80776762727075,0
2050,355,18,0.06445540711146822,0
2050,355,41,0.12777696561778176,0
2050,356,4,0.6616852846447652,0
2050,356,7,0.16514360131421746,0
2050,356,18,0.02544758555428752,0
2050,356,29,0.03681986239807517,0
2050,356,41,0.11090366608865465,0
2050,357,2,0.025520765875186365,0
2050,357,4,0.6474912224920862,0
2050,357,7,0.04890778314419032,0
2050,357,29,0.12174654629130217,0
2050,357,41,0.11645666688397067,0
2050,357,42,0.03987701531326433,0
2050,358,2,0.015462101840850876,0
2050,358,4,0.5886292673507135,0
2050,358,12,0.08343293549237722,0
2050,358,16,0.13317907670867957,0
2050,358,29,0.040335579727218414,0
2050,358,36,0.08930891178443114,0
2050,358,42,0.04965212709572911,0
2050,359,2,0.02837202354293996,0
2050,359,4,0.5104862476503117,0
2050,359,27,0.014453126876827363,0
2050,359,29,0.017466781812617387,0
2050,359,31,0.07181011465323767,0
2050,359,36,0.20925108163107428,0
2050,359,40,0.05357105469420601,0
2050,359,41,0.09458956913878562,0
2050,360,4,0.2951285361265304,0
2050,360,9,0.08812962033337773,0
2050,360,24,0.07223896236180502,0
2050,360,27,0.12253466653289044,0
2050,360,29,0.21458687184691508,0
2050,360,31,0.0688482719763244,0
2050,360,36,0.13853307082215696,0
2050,361,4,0.20066590856204072,0
2050,361,13,0.25351442682885733,0
2050,361,16,0.2297922403669546,0
2050,361,18,0.06050886528018858,0
2050,361,21,0.11133421014647726,0
2050,361,35,0.10748714272961116,0
2050,361,42,0.036697206085870494,0
2050,362,3,0.027688780102837086,0
2050,362,4,0.2747638203433192,0
2050,362,11,0.01700902722715652,0
2050,362,16,0.03378638034703027,0
2050,362,27,0.051838200776223066,0
2050,362,29,0.07377283716625395,0
2050,362,31,0.2745257719335146,0
2050,362,32,0.0913693253587899,0
2050,362,35,0.12486274042775143,0
2050,362,39,0.03038311631712393,0
2050,363,4,0.13434615005688194,0
2050,363,12,0.11439795826617277,0
2050,363,13,0.07824080344515198,0
2050,363,16,0.15377838282163261,0
2050,363,18,0.0874908944452541,0
2050,363,29,0.2711987298133026,0
2050,363,33,0.06540567671212892,0
2050,363,35,0.09514140443947508,0
2050,364,3,0.031708926418816716,0
2050,364,4,0.1772171562972667,0
2050,364,7,0.022171592146282407,0
2050,364,12,0.22478301521315924,0
2050,364,16,0.01900044667531654,0
2050,364,18,0.049977772157784456,0
2050,364,19,0.033037062495473016,0
2050,364,20,0.021416197964260076,0
2050,364,23,0.15489608226177745,0
2050,364,29,0.06698573048053763,0
2050,364,36,0.10561074504830516,0
2050,364,37,0.03282151789589718,0
2050,364,40,0.060373754945123474,0
2050,365,4,0.29622589991015885,0
2050,365,10,0.09726916314713294,0
2050,365,12,0.16169020801503414,0
2050,365,18,0.0893899272852982,0
2050,365,19,0.07593941672324651,0
2050,365,20,0.06675200174612052,0
2050,365,23,0.029295988290834536,0
2050,365,29,0.11348781512492825,0
2050,365,41,0.06994957975724612,0
