rep_period,timestep,year,profile_name,value
1,1,2030,demand,0.5707880256355865
1,2,2030,demand,0.5727775927771945
1,3,2030,demand,0.5641356464607458
1,4,2030,demand,0.5616422538901017
1,5,2030,demand,0.5802295275351316
1,6,2030,demand,0.597364569246234
1,7,2030,demand,0.6164552511887482
1,8,2030,demand,0.6547962715875668
1,9,2030,demand,0.6998932510843994
1,10,2030,demand,0.7397193577029572
1,11,2030,demand,0.774629432489504
1,12,2030,demand,0.804895753924851
1,13,2030,demand,0.8067093793597853
1,14,2030,demand,0.8015869173946581
1,15,2030,demand,0.8011070435892157
1,16,2030,demand,0.7890004118729568
1,17,2030,demand,0.791179807561905
1,18,2030,demand,0.7704231637088509
1,19,2030,demand,0.7392210830524019
1,20,2030,demand,0.7259037865183149
1,21,2030,demand,0.7145883354638993
1,22,2030,demand,0.6648742154419415
1,23,2030,demand,0.6098851901174424
1,24,2030,demand,0.5870784507658554
1,1,2030,hydro_inflow,0.30987381822797544
1,2,2030,hydro_inflow,0.30447762595421596
1,3,2030,hydro_inflow,0.3029160343733368
1,4,2030,hydro_inflow,0.304013870436945
1,5,2030,hydro_inflow,0.30941112624609124
1,6,2030,hydro_inflow,0.3091983286929981
1,7,2030,hydro_inflow,0.30505177155724245
1,8,2030,hydro_inflow,0.30782427577998517
1,9,2030,hydro_inflow,0.3132536188603648
1,10,2030,hydro_inflow,0.3125028547098103
1,11,2030,hydro_inflow,0.31469168827218535
1,12,2030,hydro_inflow,0.31785712773516894
1,13,2030,hydro_inflow,0.3170755193173669
1,14,2030,hydro_inflow,0.3217657474123951
1,15,2030,hydro_inflow,0.32132184963524224
1,16,2030,hydro_inflow,0.3223203230770657
1,17,2030,hydro_inflow,0.3230982661945287
1,18,2030,hydro_inflow,0.3207098880188486
1,19,2030,hydro_inflow,0.32047775923097305
1,20,2030,hydro_inflow,0.3186757017445992
1,21,2030,hydro_inflow,0.3153402304140278
1,22,2030,hydro_inflow,0.31603956727300003
1,23,2030,hydro_inflow,0.3157357784158774
1,24,2030,hydro_inflow,0.31731731988583695
1,1,2030,solar,0.0
1,2,2030,solar,0.0
1,3,2030,solar,0.0
1,4,2030,solar,0.0
1,5,2030,solar,0.0
1,6,2030,solar,0.0
1,7,2030,solar,0.008373173548780173
1,8,2030,solar,0.10094732520469701
1,9,2030,solar,0.22543311038943045
1,10,2030,solar,0.3352033335839265
1,11,2030,solar,0.4206878747485175
1,12,2030,solar,0.4728085417167719
1,13,2030,solar,0.47915024590384125
1,14,2030,solar,0.4704268705508034
1,15,2030,solar,0.4276441042270445
1,16,2030,solar,0.3636212390278107
1,17,2030,solar,0.27803492253006074
1,18,2030,solar,0.17175824980176171
1,19,2030,solar,0.05728567250343211
1,20,2030,solar,0.0010879182893686423
1,21,2030,solar,0.0
1,22,2030,solar,0.0
1,23,2030,solar,0.0
1,24,2030,solar,0.0
1,1,2030,wind_offshore,0.10088098745703665
1,2,2030,wind_offshore,0.10226509066703028
1,3,2030,wind_offshore,0.11400221812942547
1,4,2030,wind_offshore,0.13293080864937737
1,5,2030,wind_offshore,0.17401941184694242
1,6,2030,wind_offshore,0.21725353190687763
1,7,2030,wind_offshore,0.2557415763624077
1,8,2030,wind_offshore,0.282631873143035
1,9,2030,wind_offshore,0.29330964114092983
1,10,2030,wind_offshore,0.2950193726188501
1,11,2030,wind_offshore,0.3083453487501988
1,12,2030,wind_offshore,0.31053138375337597
1,13,2030,wind_offshore,0.31072064691336926
1,14,2030,wind_offshore,0.33136368153768225
1,15,2030,wind_offshore,0.36316481365004566
1,16,2030,wind_offshore,0.4298461860527794
1,17,2030,wind_offshore,0.5171645586368503
1,18,2030,wind_offshore,0.5813749624445516
1,19,2030,wind_offshore,0.6228069469718043
1,20,2030,wind_offshore,0.6476919660117917
1,21,2030,wind_offshore,0.6677197092592925
1,22,2030,wind_offshore,0.6907439915216492
1,23,2030,wind_offshore,0.6637488313608673
1,24,2030,wind_offshore,0.6638636890095152
1,1,2030,wind_onshore,0.17961824362774445
1,2,2030,wind_onshore,0.16085094614716203
1,3,2030,wind_onshore,0.14901123018683596
1,4,2030,wind_onshore,0.13978770355805842
1,5,2030,wind_onshore,0.13689389524540493
1,6,2030,wind_onshore,0.1359685113717125
1,7,2030,wind_onshore,0.13755625280608613
1,8,2030,wind_onshore,0.1472519667944601
1,9,2030,wind_onshore,0.142304149831113
1,10,2030,wind_onshore,0.13043591581823727
1,11,2030,wind_onshore,0.11935470879134413
1,12,2030,wind_onshore,0.11028768316732934
1,13,2030,wind_onshore,0.1053874128662142
1,14,2030,wind_onshore,0.10579029388802552
1,15,2030,wind_onshore,0.10656378293800813
1,16,2030,wind_onshore,0.11526367105587128
1,17,2030,wind_onshore,0.1420278905446532
1,18,2030,wind_onshore,0.1827361158746156
1,19,2030,wind_onshore,0.24184176200918522
1,20,2030,wind_onshore,0.2659570742128955
1,21,2030,wind_onshore,0.28802113928418943
1,22,2030,wind_onshore,0.27945460768940183
1,23,2030,wind_onshore,0.2274012251147032
1,24,2030,wind_onshore,0.21483203962998668
2,1,2030,demand,0.5117463583636108
2,2,2030,demand,0.5013185731601019
2,3,2030,demand,0.48967297206823
2,4,2030,demand,0.47800414788243734
2,5,2030,demand,0.48284058575080147
2,6,2030,demand,0.5021149532177163
2,7,2030,demand,0.5416685360354168
2,8,2030,demand,0.5814823096637878
2,9,2030,demand,0.6240409175796902
2,10,2030,demand,0.6460730925025058
2,11,2030,demand,0.6474681422077495
2,12,2030,demand,0.6471565447216548
2,13,2030,demand,0.6341830300994531
2,14,2030,demand,0.6190663756181003
2,15,2030,demand,0.6090576441685314
2,16,2030,demand,0.5769019505412981
2,17,2030,demand,0.5803273551327389
2,18,2030,demand,0.5880961082089098
2,19,2030,demand,0.6181331389036131
2,20,2030,demand,0.6505499789883534
2,21,2030,demand,0.6490377008308509
2,22,2030,demand,0.6117415857909262
2,23,2030,demand,0.5629512840111739
2,24,2030,demand,0.5453198955257981
2,1,2030,hydro_inflow,0.5068389004816873
2,2,2030,hydro_inflow,0.5043952955167773
2,3,2030,hydro_inflow,0.5036440190829053
2,4,2030,hydro_inflow,0.5030971343043322
2,5,2030,hydro_inflow,0.5036632830261181
2,6,2030,hydro_inflow,0.5036854481762553
2,7,2030,hydro_inflow,0.509448920905423
2,8,2030,hydro_inflow,0.5160356504936107
2,9,2030,hydro_inflow,0.5206632077372618
2,10,2030,hydro_inflow,0.5176702897205678
2,11,2030,hydro_inflow,0.5180322652505481
2,12,2030,hydro_inflow,0.5168763404279999
2,13,2030,hydro_inflow,0.520377487261336
2,14,2030,hydro_inflow,0.5150850569354253
2,15,2030,hydro_inflow,0.5110132031060776
2,16,2030,hydro_inflow,0.5090025148168993
2,17,2030,hydro_inflow,0.5059175748439826
2,18,2030,hydro_inflow,0.5095355483706429
2,19,2030,hydro_inflow,0.5081885864920302
2,20,2030,hydro_inflow,0.5116934662364852
2,21,2030,hydro_inflow,0.5078845951017144
2,22,2030,hydro_inflow,0.5063311448749462
2,23,2030,hydro_inflow,0.5056489074329226
2,24,2030,hydro_inflow,0.4982973317460386
2,1,2030,solar,0.0
2,2,2030,solar,0.0
2,3,2030,solar,0.0
2,4,2030,solar,0.0
2,5,2030,solar,0.0
2,6,2030,solar,0.0
2,7,2030,solar,0.0
2,8,2030,solar,0.030034974029843217
2,9,2030,solar,0.15555499182316845
2,10,2030,solar,0.2975006198629969
2,11,2030,solar,0.39154748810463097
2,12,2030,solar,0.448866235484308
2,13,2030,solar,0.480034559071543
2,14,2030,solar,0.46768693728122784
2,15,2030,solar,0.4198437629347881
2,16,2030,solar,0.3400703798634455
2,17,2030,solar,0.23221623970828026
2,18,2030,solar,0.10583509830119597
2,19,2030,solar,0.009942695438495032
2,20,2030,solar,0.0
2,21,2030,solar,0.0
2,22,2030,solar,0.0
2,23,2030,solar,0.0
2,24,2030,solar,0.0
2,1,2030,wind_offshore,0.6573368267392116
2,2,2030,wind_offshore,0.6710698462134
2,3,2030,wind_offshore,0.6738678857633764
2,4,2030,wind_offshore,0.6647219720774374
2,5,2030,wind_offshore,0.6688848696247368
2,6,2030,wind_offshore,0.6757092131760267
2,7,2030,wind_offshore,0.6704612760263314
2,8,2030,wind_offshore,0.6598008355140995
2,9,2030,wind_offshore,0.6637583596767049
2,10,2030,wind_offshore,0.6688015885770168
2,11,2030,wind_offshore,0.6509859462525367
2,12,2030,wind_offshore,0.6493710884053557
2,13,2030,wind_offshore,0.6526591055462115
2,14,2030,wind_offshore,0.6527938561108498
2,15,2030,wind_offshore,0.650162098459669
2,16,2030,wind_offshore,0.6504708981315945
2,17,2030,wind_offshore,0.636332496378332
2,18,2030,wind_offshore,0.6279202005328698
2,19,2030,wind_offshore,0.6267823547319576
2,20,2030,wind_offshore,0.627244031049061
2,21,2030,wind_offshore,0.6047495012541368
2,22,2030,wind_offshore,0.5863978517951546
2,23,2030,wind_offshore,0.5502559872787226
2,24,2030,wind_offshore,0.5429402686972584
2,1,2030,wind_onshore,0.2817352921951037
2,2,2030,wind_onshore,0.2733886032868525
2,3,2030,wind_onshore,0.26731213951611255
2,4,2030,wind_onshore,0.2484567547465162
2,5,2030,wind_onshore,0.24159357036810541
2,6,2030,wind_onshore,0.2225492311790633
2,7,2030,wind_onshore,0.21383661807513024
2,8,2030,wind_onshore,0.20696186239546938
2,9,2030,wind_onshore,0.20269534519379673
2,10,2030,wind_onshore,0.2395934889162402
2,11,2030,wind_onshore,0.2786790293739647
2,12,2030,wind_onshore,0.2642006303663127
2,13,2030,wind_onshore,0.2355136866178004
2,14,2030,wind_onshore,0.21354630664124982
2,15,2030,wind_onshore,0.21261721652141827
2,16,2030,wind_onshore,0.21961878580691008
2,17,2030,wind_onshore,0.2272578566157657
2,18,2030,wind_onshore,0.22472643570113884
2,19,2030,wind_onshore,0.23487438599816834
2,20,2030,wind_onshore,0.24868557955320247
2,21,2030,wind_onshore,0.2508110275384514
2,22,2030,wind_onshore,0.24676827277359453
2,23,2030,wind_onshore,0.23256260305105553
2,24,2030,wind_onshore,0.2382602507195778
3,1,2030,demand,0.496970681007333
3,2,2030,demand,0.4821455260677469
3,3,2030,demand,0.4809480041815763
3,4,2030,demand,0.4732967788775056
3,5,2030,demand,0.48684675651448694
3,6,2030,demand,0.5119591476694828
3,7,2030,demand,0.5484362261284
3,8,2030,demand,0.5759998126776602
3,9,2030,demand,0.6049691590382341
3,10,2030,demand,0.6178218777681561
3,11,2030,demand,0.6181477877670618
3,12,2030,demand,0.622292120081643
3,13,2030,demand,0.6190423373109493
3,14,2030,demand,0.6067699511537537
3,15,2030,demand,0.6054908018015679
3,16,2030,demand,0.610360456514575
3,17,2030,demand,0.6137957867008932
3,18,2030,demand,0.6121716705315915
3,19,2030,demand,0.614519374136602
3,20,2030,demand,0.6209681810348475
3,21,2030,demand,0.6118974897778414
3,22,2030,demand,0.563258480225654
3,23,2030,demand,0.5237190641092808
3,24,2030,demand,0.5190780229824634
3,1,2030,hydro_inflow,0.30862268578262814
3,2,2030,hydro_inflow,0.3054517547127743
3,3,2030,hydro_inflow,0.30728255199002696
3,4,2030,hydro_inflow,0.3064202025924949
3,5,2030,hydro_inflow,0.30464044086110514
3,6,2030,hydro_inflow,0.3024916968351934
3,7,2030,hydro_inflow,0.3060703425149361
3,8,2030,hydro_inflow,0.30230111796805315
3,9,2030,hydro_inflow,0.30717310391569763
3,10,2030,hydro_inflow,0.3055546805984129
3,11,2030,hydro_inflow,0.3020594858382445
3,12,2030,hydro_inflow,0.30934945713015266
3,13,2030,hydro_inflow,0.30660880604865165
3,14,2030,hydro_inflow,0.3077256220280968
3,15,2030,hydro_inflow,0.3104700797210665
3,16,2030,hydro_inflow,0.3103923850023399
3,17,2030,hydro_inflow,0.3069214516544287
3,18,2030,hydro_inflow,0.3090606673638804
3,19,2030,hydro_inflow,0.30638486798659953
3,20,2030,hydro_inflow,0.3116539596396964
3,21,2030,hydro_inflow,0.31014512155948576
3,22,2030,hydro_inflow,0.3031807553889894
3,23,2030,hydro_inflow,0.3092081347984631
3,24,2030,hydro_inflow,0.3179413308790196
3,1,2030,solar,0.0
3,2,2030,solar,0.0
3,3,2030,solar,0.0
3,4,2030,solar,0.0
3,5,2030,solar,0.0
3,6,2030,solar,0.0007655575375974626
3,7,2030,solar,0.03362594488057178
3,8,2030,solar,0.13800747900895638
3,9,2030,solar,0.25999530359065365
3,10,2030,solar,0.3573838141030782
3,11,2030,solar,0.4170208478139461
3,12,2030,solar,0.4514406047950841
3,13,2030,solar,0.47029280763841574
3,14,2030,solar,0.4518388421600562
3,15,2030,solar,0.40774589588293453
3,16,2030,solar,0.3356096320922197
3,17,2030,solar,0.259028595246979
3,18,2030,solar,0.1743624884963773
3,19,2030,solar,0.0746267580055697
3,20,2030,solar,0.004468818832661178
3,21,2030,solar,0.0
3,22,2030,solar,0.0
3,23,2030,solar,0.0
3,24,2030,solar,0.0
3,1,2030,wind_offshore,0.4303557667685785
3,2,2030,wind_offshore,0.38968969236699297
3,3,2030,wind_offshore,0.35358486050156673
3,4,2030,wind_offshore,0.303565113219368
3,5,2030,wind_offshore,0.2610779827361486
3,6,2030,wind_offshore,0.27685187309168824
3,7,2030,wind_offshore,0.3258036932453079
3,8,2030,wind_offshore,0.3321860101655776
3,9,2030,wind_offshore,0.29822809525847577
3,10,2030,wind_offshore,0.2617035472921785
3,11,2030,wind_offshore,0.22017580114142474
3,12,2030,wind_offshore,0.16883409136355454
3,13,2030,wind_offshore,0.13151462103991537
3,14,2030,wind_offshore,0.11273150951609517
3,15,2030,wind_offshore,0.10708370779284544
3,16,2030,wind_offshore,0.12856469842643595
3,17,2030,wind_offshore,0.19051933729605686
3,18,2030,wind_offshore,0.2680412112641393
3,19,2030,wind_offshore,0.33037001372089064
3,20,2030,wind_offshore,0.3648611042383411
3,21,2030,wind_offshore,0.3554311902947337
3,22,2030,wind_offshore,0.35390472423802477
3,23,2030,wind_offshore,0.27881889871434495
3,24,2030,wind_offshore,0.31894038473780284
3,1,2030,wind_onshore,0.17465007620763068
3,2,2030,wind_onshore,0.1582313521042259
3,3,2030,wind_onshore,0.14878692384027623
3,4,2030,wind_onshore,0.138031008079784
3,5,2030,wind_onshore,0.13097125481433988
3,6,2030,wind_onshore,0.130640089674751
3,7,2030,wind_onshore,0.13432922353938842
3,8,2030,wind_onshore,0.14747945131776824
3,9,2030,wind_onshore,0.15686031324233046
3,10,2030,wind_onshore,0.15369399705018658
3,11,2030,wind_onshore,0.12154765149040149
3,12,2030,wind_onshore,0.11910905780443765
3,13,2030,wind_onshore,0.1197619341359096
3,14,2030,wind_onshore,0.13239408652085358
3,15,2030,wind_onshore,0.15394874965220529
3,16,2030,wind_onshore,0.17895546883724944
3,17,2030,wind_onshore,0.2040490516066975
3,18,2030,wind_onshore,0.21377494991009044
3,19,2030,wind_onshore,0.2077119414795089
3,20,2030,wind_onshore,0.1883100628464667
3,21,2030,wind_onshore,0.18652544499117674
3,22,2030,wind_onshore,0.17295170606315538
3,23,2030,wind_onshore,0.1353344370089323
3,24,2030,wind_onshore,0.15057456515185944
4,1,2030,demand,0.6875820598931549
4,2,2030,demand,0.6589112698343438
4,3,2030,demand,0.6386071788867153
4,4,2030,demand,0.6337103870484835
4,5,2030,demand,0.6367082490311279
4,6,2030,demand,0.653400270182167
4,7,2030,demand,0.6796806122939115
4,8,2030,demand,0.7299511072312782
4,9,2030,demand,0.7904363927262303
4,10,2030,demand,0.8659852120617081
4,11,2030,demand,0.934670896731091
4,12,2030,demand,0.9914032877985888
4,13,2030,demand,1.008199419565533
4,14,2030,demand,0.9900848231344648
4,15,2030,demand,0.9929019466242588
4,16,2030,demand,0.9958398993611022
4,17,2030,demand,0.9638591896746198
4,18,2030,demand,0.9489448197761131
4,19,2030,demand,0.8995415430959186
4,20,2030,demand,0.8709732163373746
4,21,2030,demand,0.8576820670717978
4,22,2030,demand,0.805288955113659
4,23,2030,demand,0.7517495195664605
4,24,2030,demand,0.7331232816343208
4,1,2030,hydro_inflow,0.29868925798875023
4,2,2030,hydro_inflow,0.30066634415229404
4,3,2030,hydro_inflow,0.30251770733422045
4,4,2030,hydro_inflow,0.30151825982078817
4,5,2030,hydro_inflow,0.3009021494111114
4,6,2030,hydro_inflow,0.3006867384869338
4,7,2030,hydro_inflow,0.29979993639291636
4,8,2030,hydro_inflow,0.2937307227836449
4,9,2030,hydro_inflow,0.2950835538143143
4,10,2030,hydro_inflow,0.29568691992521734
4,11,2030,hydro_inflow,0.2968148274184673
4,12,2030,hydro_inflow,0.2982486567921667
4,13,2030,hydro_inflow,0.2952179092041366
4,14,2030,hydro_inflow,0.2963479878562722
4,15,2030,hydro_inflow,0.29411993313046453
4,16,2030,hydro_inflow,0.29770141083614604
4,17,2030,hydro_inflow,0.29437970467342456
4,18,2030,hydro_inflow,0.2939325389632049
4,19,2030,hydro_inflow,0.2865088427423707
4,20,2030,hydro_inflow,0.28638229928120124
4,21,2030,hydro_inflow,0.2802825319840818
4,22,2030,hydro_inflow,0.2814844907084721
4,23,2030,hydro_inflow,0.2858790694611897
4,24,2030,hydro_inflow,0.28603446738418337
4,1,2030,solar,0.0
4,2,2030,solar,0.0
4,3,2030,solar,0.0
4,4,2030,solar,0.0
4,5,2030,solar,0.0
4,6,2030,solar,1.2718964280511746e-6
4,7,2030,solar,0.012774258129062539
4,8,2030,solar,0.11857457432843414
4,9,2030,solar,0.25905752171687974
4,10,2030,solar,0.38479785260898025
4,11,2030,solar,0.44878564098586754
4,12,2030,solar,0.49310355146897616
4,13,2030,solar,0.5167889544688273
4,14,2030,solar,0.5084937365149647
4,15,2030,solar,0.4728523913961339
4,16,2030,solar,0.4042394268708803
4,17,2030,solar,0.2895985527690988
4,18,2030,solar,0.17057481985071124
4,19,2030,solar,0.06557146058823649
4,20,2030,solar,0.0039492342364912236
4,21,2030,solar,0.0
4,22,2030,solar,0.0
4,23,2030,solar,0.0
4,24,2030,solar,0.0
4,1,2030,wind_offshore,0.6507474522124175
4,2,2030,wind_offshore,0.6515591591218406
4,3,2030,wind_offshore,0.6550933390169768
4,4,2030,wind_offshore,0.6654665799763648
4,5,2030,wind_offshore,0.6666057602898731
4,6,2030,wind_offshore,0.6612071951641957
4,7,2030,wind_offshore,0.6621877946010032
4,8,2030,wind_offshore,0.6598075116893252
4,9,2030,wind_offshore,0.6623756326731634
4,10,2030,wind_offshore,0.6649238812447755
4,11,2030,wind_offshore,0.6604053606490923
4,12,2030,wind_offshore,0.6467623100742713
4,13,2030,wind_offshore,0.6453664270148626
4,14,2030,wind_offshore,0.6429982534532432
4,15,2030,wind_offshore,0.6390245686096622
4,16,2030,wind_offshore,0.6129636679514964
4,17,2030,wind_offshore,0.5622645777797356
4,18,2030,wind_offshore,0.5240420409426129
4,19,2030,wind_offshore,0.45213036825293823
4,20,2030,wind_offshore,0.37251141600488025
4,21,2030,wind_offshore,0.2968658834177797
4,22,2030,wind_offshore,0.27335495034726426
4,23,2030,wind_offshore,0.20208868227460283
4,24,2030,wind_offshore,0.1797742159602875
4,1,2030,wind_onshore,0.1372088724451341
4,2,2030,wind_onshore,0.12601293116476117
4,3,2030,wind_onshore,0.11600201975906314
4,4,2030,wind_onshore,0.11032657381959701
4,5,2030,wind_onshore,0.10696032148330575
4,6,2030,wind_onshore,0.10272470114816654
4,7,2030,wind_onshore,0.09713204031208654
4,8,2030,wind_onshore,0.08121133967684865
4,9,2030,wind_onshore,0.0676409125591023
4,10,2030,wind_onshore,0.06754627401746943
4,11,2030,wind_onshore,0.07098892615425212
4,12,2030,wind_onshore,0.078152307493001
4,13,2030,wind_onshore,0.08388467017443064
4,14,2030,wind_onshore,0.08671619403073351
4,15,2030,wind_onshore,0.08924047293102398
4,16,2030,wind_onshore,0.08849053388200233
4,17,2030,wind_onshore,0.08769990639230953
4,18,2030,wind_onshore,0.0857575750819858
4,19,2030,wind_onshore,0.09917345790057236
4,20,2030,wind_onshore,0.10644047132255749
4,21,2030,wind_onshore,0.10163217561917479
4,22,2030,wind_onshore,0.0927460975869688
4,23,2030,wind_onshore,0.06615306909638653
4,24,2030,wind_onshore,0.07750406119833222
5,1,2030,demand,0.535301350558434
5,2,2030,demand,0.5183581785286137
5,3,2030,demand,0.5035644294894908
5,4,2030,demand,0.49362072354155456
5,5,2030,demand,0.5012150049673175
5,6,2030,demand,0.527951794308446
5,7,2030,demand,0.5765732536732102
5,8,2030,demand,0.622462533952292
5,9,2030,demand,0.6624235428085219
5,10,2030,demand,0.6832252864134898
5,11,2030,demand,0.698242305938241
5,12,2030,demand,0.6904429696795464
5,13,2030,demand,0.6727733430804028
5,14,2030,demand,0.64032202299093
5,15,2030,demand,0.6175819059761587
5,16,2030,demand,0.6129475180838089
5,17,2030,demand,0.6131799042210955
5,18,2030,demand,0.6268930028235745
5,19,2030,demand,0.6625168267828637
5,20,2030,demand,0.6933829110145586
5,21,2030,demand,0.6970815602777409
5,22,2030,demand,0.6616406328103908
5,23,2030,demand,0.6044207847561558
5,24,2030,demand,0.577670648398408
5,1,2030,hydro_inflow,0.6061231784157828
5,2,2030,hydro_inflow,0.6102937382602618
5,3,2030,hydro_inflow,0.6041327630272806
5,4,2030,hydro_inflow,0.6086145111601592
5,5,2030,hydro_inflow,0.6057519757932434
5,6,2030,hydro_inflow,0.598728786071093
5,7,2030,hydro_inflow,0.603756702544862
5,8,2030,hydro_inflow,0.6030261907244288
5,9,2030,hydro_inflow,0.6015196831680011
5,10,2030,hydro_inflow,0.600143932538497
5,11,2030,hydro_inflow,0.6178041419099463
5,12,2030,hydro_inflow,0.6225449577624986
5,13,2030,hydro_inflow,0.6211602579866521
5,14,2030,hydro_inflow,0.6176394509809142
5,15,2030,hydro_inflow,0.6217526102196278
5,16,2030,hydro_inflow,0.617482142655874
5,17,2030,hydro_inflow,0.6165015518909126
5,18,2030,hydro_inflow,0.6198037688238499
5,19,2030,hydro_inflow,0.6214918721470498
5,20,2030,hydro_inflow,0.6172312845299869
5,21,2030,hydro_inflow,0.6142344696099932
5,22,2030,hydro_inflow,0.6091054037273725
5,23,2030,hydro_inflow,0.6182393559721261
5,24,2030,hydro_inflow,0.6118119970996571
5,1,2030,solar,0.0
5,2,2030,solar,0.0
5,3,2030,solar,0.0
5,4,2030,solar,0.0
5,5,2030,solar,0.0
5,6,2030,solar,0.0
5,7,2030,solar,0.0
5,8,2030,solar,0.014682177249521061
5,9,2030,solar,0.24657020959645526
5,10,2030,solar,0.530857608214612
5,11,2030,solar,0.7548187770453942
5,12,2030,solar,0.874256563856239
5,13,2030,solar,0.9249387143801528
5,14,2030,solar,0.9119409725734
5,15,2030,solar,0.8304403953343407
5,16,2030,solar,0.6862276213833489
5,17,2030,solar,0.46585130743732195
5,18,2030,solar,0.20295497333199766
5,19,2030,solar,0.0009439117540325033
5,20,2030,solar,0.0
5,21,2030,solar,0.0
5,22,2030,solar,0.0
5,23,2030,solar,0.0
5,24,2030,solar,0.0
5,1,2030,wind_offshore,1.1552871636515618
5,2,2030,wind_offshore,1.1741538064131065
5,3,2030,wind_offshore,1.1548715761575576
5,4,2030,wind_offshore,1.191385710366647
5,5,2030,wind_offshore,1.2085751445631527
5,6,2030,wind_offshore,1.1241293156415062
5,7,2030,wind_offshore,1.055615455381182
5,8,2030,wind_offshore,0.9886871770232039
5,9,2030,wind_offshore,0.886515443609021
5,10,2030,wind_offshore,0.9051160625313552
5,11,2030,wind_offshore,1.1899542807371024
5,12,2030,wind_offshore,1.233912235055399
5,13,2030,wind_offshore,1.230489511304833
5,14,2030,wind_offshore,1.2311232535822503
5,15,2030,wind_offshore,1.242743511001163
5,16,2030,wind_offshore,1.256790549826523
5,17,2030,wind_offshore,1.284928796194121
5,18,2030,wind_offshore,1.281535359055807
5,19,2030,wind_offshore,1.2696197085204224
5,20,2030,wind_offshore,1.2841752648327571
5,21,2030,wind_offshore,1.2795974062733844
5,22,2030,wind_offshore,1.2557873213803497
5,23,2030,wind_offshore,1.271429169172188
5,24,2030,wind_offshore,1.276257481355578
5,1,2030,wind_onshore,0.437640008232024
5,2,2030,wind_onshore,0.44577842015031693
5,3,2030,wind_onshore,0.461667399735947
5,4,2030,wind_onshore,0.4777677181884755
5,5,2030,wind_onshore,0.49053556977504303
5,6,2030,wind_onshore,0.5018653791516107
5,7,2030,wind_onshore,0.5067353242960168
5,8,2030,wind_onshore,0.5046469455902277
5,9,2030,wind_onshore,0.47598546260271263
5,10,2030,wind_onshore,0.477355918099234
5,11,2030,wind_onshore,0.5267543246416749
5,12,2030,wind_onshore,0.6073462374007992
5,13,2030,wind_onshore,0.6340587918902542
5,14,2030,wind_onshore,0.6413188748201617
5,15,2030,wind_onshore,0.6737725836307957
5,16,2030,wind_onshore,0.7052832712668448
5,17,2030,wind_onshore,0.7083970785653522
5,18,2030,wind_onshore,0.6758246301033566
5,19,2030,wind_onshore,0.6560085397187054
5,20,2030,wind_onshore,0.680831873538649
5,21,2030,wind_onshore,0.7048143048252544
5,22,2030,wind_onshore,0.7220813206769146
5,23,2030,wind_onshore,0.7521981308209986
5,24,2030,wind_onshore,0.7841448255955218
6,1,2030,demand,0.45660340257325266
6,2,2030,demand,0.4571403977276096
6,3,2030,demand,0.4480342288720076
6,4,2030,demand,0.44722029818058956
6,5,2030,demand,0.4597817992271677
6,6,2030,demand,0.4952517741749517
6,7,2030,demand,0.5293207018569103
6,8,2030,demand,0.5614301846368203
6,9,2030,demand,0.5812741087049231
6,10,2030,demand,0.5861467769376496
6,11,2030,demand,0.5921334065080236
6,12,2030,demand,0.5985380227565034
6,13,2030,demand,0.6025464792375422
6,14,2030,demand,0.5895355642823029
6,15,2030,demand,0.5865211212583329
6,16,2030,demand,0.5924761882043165
6,17,2030,demand,0.5914777336702216
6,18,2030,demand,0.5948649957547034
6,19,2030,demand,0.5957754352757563
6,20,2030,demand,0.6031413036973767
6,21,2030,demand,0.5748655896208066
6,22,2030,demand,0.5373045044670576
6,23,2030,demand,0.49796928419983444
6,24,2030,demand,0.49118799212023195
6,1,2030,hydro_inflow,0.2880214705057421
6,2,2030,hydro_inflow,0.2904827260578463
6,3,2030,hydro_inflow,0.2892140632143415
6,4,2030,hydro_inflow,0.2917838099881251
6,5,2030,hydro_inflow,0.2919961700335924
6,6,2030,hydro_inflow,0.28981673739548436
6,7,2030,hydro_inflow,0.28823596576835225
6,8,2030,hydro_inflow,0.29032292002704435
6,9,2030,hydro_inflow,0.29122227948411733
6,10,2030,hydro_inflow,0.2905758849180783
6,11,2030,hydro_inflow,0.2887056855977983
6,12,2030,hydro_inflow,0.29181791414401614
6,13,2030,hydro_inflow,0.2919591286079549
6,14,2030,hydro_inflow,0.28900910456968715
6,15,2030,hydro_inflow,0.2862010903501151
6,16,2030,hydro_inflow,0.2907387004242559
6,17,2030,hydro_inflow,0.2930226479229169
6,18,2030,hydro_inflow,0.2901088015979916
6,19,2030,hydro_inflow,0.2889324743693527
6,20,2030,hydro_inflow,0.2935655903906348
6,21,2030,hydro_inflow,0.29824175495629285
6,22,2030,hydro_inflow,0.2968866370939367
6,23,2030,hydro_inflow,0.29864325843934747
6,24,2030,hydro_inflow,0.2944631190072407
6,1,2030,solar,0.0
6,2,2030,solar,0.0
6,3,2030,solar,0.0
6,4,2030,solar,0.0
6,5,2030,solar,0.0
6,6,2030,solar,0.0
6,7,2030,solar,0.0
6,8,2030,solar,0.08384258169783472
6,9,2030,solar,0.2921073971793679
6,10,2030,solar,0.5111226941667967
6,11,2030,solar,0.6493904138022111
6,12,2030,solar,0.7481297634394393
6,13,2030,solar,0.7947546427780655
6,14,2030,solar,0.7617683875824686
6,15,2030,solar,0.673453828413567
6,16,2030,solar,0.5211351853614676
6,17,2030,solar,0.3092824026775893
6,18,2030,solar,0.10182200603652439
6,19,2030,solar,0.0
6,20,2030,solar,0.0
6,21,2030,solar,0.0
6,22,2030,solar,0.0
6,23,2030,solar,0.0
6,24,2030,solar,0.0
6,1,2030,wind_offshore,0.8998742212369738
6,2,2030,wind_offshore,0.8873003631025541
6,3,2030,wind_offshore,0.855068872915027
6,4,2030,wind_offshore,0.8768912473922852
6,5,2030,wind_offshore,0.839942101631661
6,6,2030,wind_offshore,0.8957139929528297
6,7,2030,wind_offshore,1.0155589226357675
6,8,2030,wind_offshore,1.0520277441695753
6,9,2030,wind_offshore,1.0761806926384905
6,10,2030,wind_offshore,1.0933166892861483
6,11,2030,wind_offshore,1.18759940513665
6,12,2030,wind_offshore,1.159880257968858
6,13,2030,wind_offshore,1.1778876842630452
6,14,2030,wind_offshore,1.1959642386644898
6,15,2030,wind_offshore,1.2122797457754135
6,16,2030,wind_offshore,1.2013897914699374
6,17,2030,wind_offshore,1.1963590735572067
6,18,2030,wind_offshore,1.2029579090773752
6,19,2030,wind_offshore,1.2170617975765663
6,20,2030,wind_offshore,1.2098306815547213
6,21,2030,wind_offshore,1.2188660593561753
6,22,2030,wind_offshore,1.2157550580422323
6,23,2030,wind_offshore,1.2289719091939286
6,24,2030,wind_offshore,1.218078203877836
6,1,2030,wind_onshore,0.24040053755386565
6,2,2030,wind_onshore,0.2429121517055591
6,3,2030,wind_onshore,0.24323963186978367
6,4,2030,wind_onshore,0.2400328087807758
6,5,2030,wind_onshore,0.23836046842327457
6,6,2030,wind_onshore,0.2461542779623515
6,7,2030,wind_onshore,0.2546632605697901
6,8,2030,wind_onshore,0.261680426828557
6,9,2030,wind_onshore,0.2406477852225556
6,10,2030,wind_onshore,0.22407555169901044
6,11,2030,wind_onshore,0.30992184926823946
6,12,2030,wind_onshore,0.35797448907126495
6,13,2030,wind_onshore,0.38992831606052925
6,14,2030,wind_onshore,0.41488127244820383
6,15,2030,wind_onshore,0.4364084766570158
6,16,2030,wind_onshore,0.4331589669219651
6,17,2030,wind_onshore,0.42113650055918417
6,18,2030,wind_onshore,0.37161152799092273
6,19,2030,wind_onshore,0.36501644002373856
6,20,2030,wind_onshore,0.3703229998019539
6,21,2030,wind_onshore,0.38208157948587573
6,22,2030,wind_onshore,0.37023061274667196
6,23,2030,wind_onshore,0.41933050390775595
6,24,2030,wind_onshore,0.41242135920079875
7,1,2030,demand,0.5251404183425352
7,2,2030,demand,0.5302551694563534
7,3,2030,demand,0.5059728623239981
7,4,2030,demand,0.49882207434967596
7,5,2030,demand,0.5117306779109245
7,6,2030,demand,0.5390277237287006
7,7,2030,demand,0.5730376988168169
7,8,2030,demand,0.6012841206455426
7,9,2030,demand,0.6439630062444316
7,10,2030,demand,0.6733113578163266
7,11,2030,demand,0.6950290187076699
7,12,2030,demand,0.7203420501838022
7,13,2030,demand,0.710745389101393
7,14,2030,demand,0.6972907490801805
7,15,2030,demand,0.6920346276542014
7,16,2030,demand,0.680235371755603
7,17,2030,demand,0.6842371970552565
7,18,2030,demand,0.684033518689661
7,19,2030,demand,0.6715138738846285
7,20,2030,demand,0.6598541120201511
7,21,2030,demand,0.6511397474047036
7,22,2030,demand,0.6034048709398274
7,23,2030,demand,0.5536308574843639
7,24,2030,demand,0.5443444318698026
7,1,2030,hydro_inflow,0.3905266384019995
7,2,2030,hydro_inflow,0.39266940135518763
7,3,2030,hydro_inflow,0.39121521780247254
7,4,2030,hydro_inflow,0.39576252359711384
7,5,2030,hydro_inflow,0.39551099060994704
7,6,2030,hydro_inflow,0.39712204452379574
7,7,2030,hydro_inflow,0.39891658843419864
7,8,2030,hydro_inflow,0.3990359537197926
7,9,2030,hydro_inflow,0.4018074281130101
7,10,2030,hydro_inflow,0.4118652114259415
7,11,2030,hydro_inflow,0.4123298052068896
7,12,2030,hydro_inflow,0.41046247778278566
7,13,2030,hydro_inflow,0.40543113366143124
7,14,2030,hydro_inflow,0.41218908028668827
7,15,2030,hydro_inflow,0.4107112283877077
7,16,2030,hydro_inflow,0.4117098081592807
7,17,2030,hydro_inflow,0.4119368464168794
7,18,2030,hydro_inflow,0.41072071338840427
7,19,2030,hydro_inflow,0.40952756981256033
7,20,2030,hydro_inflow,0.40541950418274253
7,21,2030,hydro_inflow,0.4034248254635577
7,22,2030,hydro_inflow,0.4007095939503273
7,23,2030,hydro_inflow,0.400267999106453
7,24,2030,hydro_inflow,0.4002433497437204
7,1,2030,solar,0.0
7,2,2030,solar,0.0
7,3,2030,solar,0.0
7,4,2030,solar,0.0
7,5,2030,solar,0.0
7,6,2030,solar,0.0
7,7,2030,solar,0.006909294718181183
7,8,2030,solar,0.15697131619416202
7,9,2030,solar,0.4010194461426149
7,10,2030,solar,0.6255592361286219
7,11,2030,solar,0.790594374543494
7,12,2030,solar,0.9108011974364343
7,13,2030,solar,0.9441747972886337
7,14,2030,solar,0.9229766531308513
7,15,2030,solar,0.8518928887896074
7,16,2030,solar,0.7090663409183983
7,17,2030,solar,0.5200931275823919
7,18,2030,solar,0.27918558098114815
7,19,2030,solar,0.05158064470885029
7,20,2030,solar,0.0
7,21,2030,solar,0.0
7,22,2030,solar,0.0
7,23,2030,solar,0.0
7,24,2030,solar,0.0
7,1,2030,wind_offshore,1.2259832603210337
7,2,2030,wind_offshore,1.2406922251248171
7,3,2030,wind_offshore,1.2487296226683269
7,4,2030,wind_offshore,1.265391913020593
7,5,2030,wind_offshore,1.2609678399172564
7,6,2030,wind_offshore,1.2651589115529407
7,7,2030,wind_offshore,1.2675725106841662
7,8,2030,wind_offshore,1.2610858499374906
7,9,2030,wind_offshore,1.2734976810827157
7,10,2030,wind_offshore,1.2617627107269145
7,11,2030,wind_offshore,1.2357755618571364
7,12,2030,wind_offshore,1.2477349776615805
7,13,2030,wind_offshore,1.2458338833652307
7,14,2030,wind_offshore,1.2404588951097473
7,15,2030,wind_offshore,1.2303334623789268
7,16,2030,wind_offshore,1.235744069594104
7,17,2030,wind_offshore,1.2450183639350243
7,18,2030,wind_offshore,1.2457072626836196
7,19,2030,wind_offshore,1.2439479991683744
7,20,2030,wind_offshore,1.2241265446356282
7,21,2030,wind_offshore,1.2053340431127533
7,22,2030,wind_offshore,1.2167864286059322
7,23,2030,wind_offshore,1.2086056883253244
7,24,2030,wind_offshore,1.2112348072225343
7,1,2030,wind_onshore,0.5293813440822974
7,2,2030,wind_onshore,0.4805701298111568
7,3,2030,wind_onshore,0.4592989685349135
7,4,2030,wind_onshore,0.4369078614939219
7,5,2030,wind_onshore,0.41378154247274473
7,6,2030,wind_onshore,0.38518457304280224
7,7,2030,wind_onshore,0.370682117679978
7,8,2030,wind_onshore,0.33160273086152897
7,9,2030,wind_onshore,0.28981518473405365
7,10,2030,wind_onshore,0.2830894270866911
7,11,2030,wind_onshore,0.2745576742403881
7,12,2030,wind_onshore,0.26938193409631844
7,13,2030,wind_onshore,0.2677609195465208
7,14,2030,wind_onshore,0.27376869290215167
7,15,2030,wind_onshore,0.2823734928352913
7,16,2030,wind_onshore,0.2999444996188974
7,17,2030,wind_onshore,0.3263735509487247
7,18,2030,wind_onshore,0.37532267817759113
7,19,2030,wind_onshore,0.4209683318108451
7,20,2030,wind_onshore,0.5086966776601551
7,21,2030,wind_onshore,0.5402602013840831
7,22,2030,wind_onshore,0.5185146562111587
7,23,2030,wind_onshore,0.4227048726754817
7,24,2030,wind_onshore,0.3965139759258329
8,1,2030,demand,0.5263584724546525
8,2,2030,demand,0.5203755575593269
8,3,2030,demand,0.5096724300711775
8,4,2030,demand,0.4987166512257644
8,5,2030,demand,0.5009135778795525
8,6,2030,demand,0.4949371469162412
8,7,2030,demand,0.5088407195766544
8,8,2030,demand,0.5337428829704399
8,9,2030,demand,0.5656063484662787
8,10,2030,demand,0.593212741725388
8,11,2030,demand,0.6028632162479635
8,12,2030,demand,0.6089428048111192
8,13,2030,demand,0.6045818173866532
8,14,2030,demand,0.5905652159964816
8,15,2030,demand,0.5789460509075126
8,16,2030,demand,0.5747782117494799
8,17,2030,demand,0.5611254808203017
8,18,2030,demand,0.5525223968065093
8,19,2030,demand,0.5449842107961469
8,20,2030,demand,0.5510137558822542
8,21,2030,demand,0.5556600733258811
8,22,2030,demand,0.535579377904357
8,23,2030,demand,0.5021676320462133
8,24,2030,demand,0.49940335312789874
8,1,2030,hydro_inflow,0.2868064821615864
8,2,2030,hydro_inflow,0.2831652410789545
8,3,2030,hydro_inflow,0.28385372387723323
8,4,2030,hydro_inflow,0.28797938859894123
8,5,2030,hydro_inflow,0.288536115225693
8,6,2030,hydro_inflow,0.28525570978929504
8,7,2030,hydro_inflow,0.287050217457613
8,8,2030,hydro_inflow,0.28748112931739783
8,9,2030,hydro_inflow,0.2922022927392787
8,10,2030,hydro_inflow,0.294827582217526
8,11,2030,hydro_inflow,0.2950311879346823
8,12,2030,hydro_inflow,0.2922643080020136
8,13,2030,hydro_inflow,0.2916134140248992
8,14,2030,hydro_inflow,0.2867617153002352
8,15,2030,hydro_inflow,0.28851919005539656
8,16,2030,hydro_inflow,0.2864648980630895
8,17,2030,hydro_inflow,0.2840543696138186
8,18,2030,hydro_inflow,0.2825896797483397
8,19,2030,hydro_inflow,0.28079891560599884
8,20,2030,hydro_inflow,0.28174049465379397
8,21,2030,hydro_inflow,0.28359239365658134
8,22,2030,hydro_inflow,0.287155463126408
8,23,2030,hydro_inflow,0.289690285283124
8,24,2030,hydro_inflow,0.2896889098364454
8,1,2030,solar,0.0
8,2,2030,solar,0.0
8,3,2030,solar,0.0
8,4,2030,solar,0.0
8,5,2030,solar,0.0
8,6,2030,solar,0.00030179984403158025
8,7,2030,solar,0.04801209553482973
8,8,2030,solar,0.2561849479153993
8,9,2030,solar,0.5064481773333344
8,10,2030,solar,0.7115588023068674
8,11,2030,solar,0.8468834186963495
8,12,2030,solar,0.9110141490018229
8,13,2030,solar,0.9223698790713858
8,14,2030,solar,0.8905892429203796
8,15,2030,solar,0.8179834131398923
8,16,2030,solar,0.7082904354677994
8,17,2030,solar,0.54223529789313
8,18,2030,solar,0.3295253186274113
8,19,2030,solar,0.10647811964405247
8,20,2030,solar,0.0028345940397798055
8,21,2030,solar,0.0
8,22,2030,solar,0.0
8,23,2030,solar,0.0
8,24,2030,solar,0.0
8,1,2030,wind_offshore,0.9480645501485356
8,2,2030,wind_offshore,0.9383509532440345
8,3,2030,wind_offshore,0.9230757753919843
8,4,2030,wind_offshore,0.8007413467125134
8,5,2030,wind_offshore,0.7109724869383761
8,6,2030,wind_offshore,0.6307069782614508
8,7,2030,wind_offshore,0.5518555606738321
8,8,2030,wind_offshore,0.5114983385831671
8,9,2030,wind_offshore,0.4761658124637831
8,10,2030,wind_offshore,0.4086774847585343
8,11,2030,wind_offshore,0.28279135253983906
8,12,2030,wind_offshore,0.28277040613883503
8,13,2030,wind_offshore,0.32712543681206574
8,14,2030,wind_offshore,0.35749540867406043
8,15,2030,wind_offshore,0.3206344802271907
8,16,2030,wind_offshore,0.2217213006882458
8,17,2030,wind_offshore,0.1453177783315802
8,18,2030,wind_offshore,0.09513231095469515
8,19,2030,wind_offshore,0.055867819543701895
8,20,2030,wind_offshore,0.02943902146911797
8,21,2030,wind_offshore,0.015831276196958285
8,22,2030,wind_offshore,0.03745661803767622
8,23,2030,wind_offshore,0.029371470888722887
8,24,2030,wind_offshore,0.04818221890468403
8,1,2030,wind_onshore,0.26913595460296924
8,2,2030,wind_onshore,0.24807466983398457
8,3,2030,wind_onshore,0.22797096018206003
8,4,2030,wind_onshore,0.21696834420512265
8,5,2030,wind_onshore,0.20172708765423214
8,6,2030,wind_onshore,0.19546729868821705
8,7,2030,wind_onshore,0.19113144046782626
8,8,2030,wind_onshore,0.1627619310690294
8,9,2030,wind_onshore,0.15911893573347852
8,10,2030,wind_onshore,0.1728474383671548
8,11,2030,wind_onshore,0.1816396622922027
8,12,2030,wind_onshore,0.221306896303872
8,13,2030,wind_onshore,0.2551172403375909
8,14,2030,wind_onshore,0.30050008701475445
8,15,2030,wind_onshore,0.35848438377421105
8,16,2030,wind_onshore,0.41631959305186894
8,17,2030,wind_onshore,0.425618660493298
8,18,2030,wind_onshore,0.40905907166590066
8,19,2030,wind_onshore,0.3654731383301591
8,20,2030,wind_onshore,0.331774874809304
8,21,2030,wind_onshore,0.3260308573164293
8,22,2030,wind_onshore,0.32323609692667543
8,23,2030,wind_onshore,0.2796236354097936
8,24,2030,wind_onshore,0.30211890523229934
9,1,2030,demand,0.5067891498773919
9,2,2030,demand,0.4986996514678398
9,3,2030,demand,0.49165947394761333
9,4,2030,demand,0.49503997282968415
9,5,2030,demand,0.5129467917757102
9,6,2030,demand,0.5243689449984209
9,7,2030,demand,0.546712921914345
9,8,2030,demand,0.5780917887732536
9,9,2030,demand,0.6313981351361038
9,10,2030,demand,0.6606426110717147
9,11,2030,demand,0.6973937114689372
9,12,2030,demand,0.7096514049354782
9,13,2030,demand,0.7157857027641163
9,14,2030,demand,0.7095337242991235
9,15,2030,demand,0.7074583436870487
9,16,2030,demand,0.7200239518223728
9,17,2030,demand,0.7070743523319086
9,18,2030,demand,0.6948579913576705
9,19,2030,demand,0.6893789317962047
9,20,2030,demand,0.6906482426415763
9,21,2030,demand,0.6720855795485042
9,22,2030,demand,0.6309633567260268
9,23,2030,demand,0.5778059701794507
9,24,2030,demand,0.5599374778542568
9,1,2030,hydro_inflow,0.2952727641922443
9,2,2030,hydro_inflow,0.29146858723213226
9,3,2030,hydro_inflow,0.2911698310008082
9,4,2030,hydro_inflow,0.2864144034912708
9,5,2030,hydro_inflow,0.28996719937430615
9,6,2030,hydro_inflow,0.28727552872229983
9,7,2030,hydro_inflow,0.28847827921089864
9,8,2030,hydro_inflow,0.2842926712066242
9,9,2030,hydro_inflow,0.2857062466321559
9,10,2030,hydro_inflow,0.28277552619064794
9,11,2030,hydro_inflow,0.2810261065003965
9,12,2030,hydro_inflow,0.28126261668141594
9,13,2030,hydro_inflow,0.28412504957809825
9,14,2030,hydro_inflow,0.282039927562705
9,15,2030,hydro_inflow,0.2799103414248345
9,16,2030,hydro_inflow,0.2780317235733024
9,17,2030,hydro_inflow,0.2770851509631468
9,18,2030,hydro_inflow,0.28065823107279075
9,19,2030,hydro_inflow,0.2859441106272629
9,20,2030,hydro_inflow,0.284727363330133
9,21,2030,hydro_inflow,0.28886875566026937
9,22,2030,hydro_inflow,0.2841538872295902
9,23,2030,hydro_inflow,0.284330077792383
9,24,2030,hydro_inflow,0.28364418455722934
9,1,2030,solar,0.0
9,2,2030,solar,0.0
9,3,2030,solar,0.0
9,4,2030,solar,0.0
9,5,2030,solar,0.0
9,6,2030,solar,0.00036716877537459875
9,7,2030,solar,0.05922945744442247
9,8,2030,solar,0.24359207054669627
9,9,2030,solar,0.46212160587325996
9,10,2030,solar,0.6464153184935837
9,11,2030,solar,0.771294979208299
9,12,2030,solar,0.846012120459134
9,13,2030,solar,0.8419870414933159
9,14,2030,solar,0.7795516873191737
9,15,2030,solar,0.721181828695806
9,16,2030,solar,0.6235185207102795
9,17,2030,solar,0.4685515449567383
9,18,2030,solar,0.3154007098966383
9,19,2030,solar,0.14232529461931256
9,20,2030,solar,0.01816457536840668
9,21,2030,solar,0.0
9,22,2030,solar,0.0
9,23,2030,solar,0.0
9,24,2030,solar,0.0
9,1,2030,wind_offshore,0.002674233577193228
9,2,2030,wind_offshore,0.0018047548012194692
9,3,2030,wind_offshore,0.00011690540027749353
9,4,2030,wind_offshore,0.0
9,5,2030,wind_offshore,0.0
9,6,2030,wind_offshore,0.0
9,7,2030,wind_offshore,0.00042297015447535064
9,8,2030,wind_offshore,0.0010374729425805553
9,9,2030,wind_offshore,0.0011246592800398273
9,10,2030,wind_offshore,0.0024566953861302177
9,11,2030,wind_offshore,0.00657812259164393
9,12,2030,wind_offshore,0.0043515845606268404
9,13,2030,wind_offshore,0.001063155423679426
9,14,2030,wind_offshore,0.0003781485994152508
9,15,2030,wind_offshore,0.00028847915627226175
9,16,2030,wind_offshore,0.0014713288069608515
9,17,2030,wind_offshore,0.007939788615662715
9,18,2030,wind_offshore,0.021641433714463854
9,19,2030,wind_offshore,0.033470630017491815
9,20,2030,wind_offshore,0.024957261323443006
9,21,2030,wind_offshore,0.018626260205966853
9,22,2030,wind_offshore,0.01174748580489037
9,23,2030,wind_offshore,9.939499606891312e-5
9,24,2030,wind_offshore,0.0
9,1,2030,wind_onshore,0.215012155603524
9,2,2030,wind_onshore,0.2266823679883431
9,3,2030,wind_onshore,0.22077322290442342
9,4,2030,wind_onshore,0.2350046860563821
9,5,2030,wind_onshore,0.21941731403170875
9,6,2030,wind_onshore,0.21334740143545156
9,7,2030,wind_onshore,0.18749313716159496
9,8,2030,wind_onshore,0.15601961530678637
9,9,2030,wind_onshore,0.1570074471849184
9,10,2030,wind_onshore,0.13756853205318145
9,11,2030,wind_onshore,0.10933037930700454
9,12,2030,wind_onshore,0.08576524434341168
9,13,2030,wind_onshore,0.07832393389448813
9,14,2030,wind_onshore,0.08628771655319258
9,15,2030,wind_onshore,0.10741977204111092
9,16,2030,wind_onshore,0.1292327473078333
9,17,2030,wind_onshore,0.1351393613452804
9,18,2030,wind_onshore,0.13357976686867487
9,19,2030,wind_onshore,0.14056248768367782
9,20,2030,wind_onshore,0.13551352347775375
9,21,2030,wind_onshore,0.13500418345292925
9,22,2030,wind_onshore,0.11974240335448
9,23,2030,wind_onshore,0.08886157466280974
9,24,2030,wind_onshore,0.07380976622390988
10,1,2030,demand,0.5005401230461667
10,2,2030,demand,0.46913904693672726
10,3,2030,demand,0.4551800983565856
10,4,2030,demand,0.43972434586201326
10,5,2030,demand,0.43099427528487955
10,6,2030,demand,0.4263734362305142
10,7,2030,demand,0.43522443746157913
10,8,2030,demand,0.46549204200807753
10,9,2030,demand,0.5043604041397205
10,10,2030,demand,0.5371827726510113
10,11,2030,demand,0.5527056516160458
10,12,2030,demand,0.5519303703069653
10,13,2030,demand,0.5586577812335759
10,14,2030,demand,0.5608907453712595
10,15,2030,demand,0.5416699958090773
10,16,2030,demand,0.521519477625331
10,17,2030,demand,0.5125548239165694
10,18,2030,demand,0.5339117984093412
10,19,2030,demand,0.5821140763828427
10,20,2030,demand,0.609358017102565
10,21,2030,demand,0.6219416775763192
10,22,2030,demand,0.593618527394608
10,23,2030,demand,0.5509249322169844
10,24,2030,demand,0.5331248182283553
10,1,2030,hydro_inflow,0.6024320926042722
10,2,2030,hydro_inflow,0.6099665177645947
10,3,2030,hydro_inflow,0.6121000715530313
10,4,2030,hydro_inflow,0.6073752143454407
10,5,2030,hydro_inflow,0.6052763634056559
10,6,2030,hydro_inflow,0.6150133538137444
10,7,2030,hydro_inflow,0.6211823671662706
10,8,2030,hydro_inflow,0.6285122538958935
10,9,2030,hydro_inflow,0.6186843758440231
10,10,2030,hydro_inflow,0.6108856680870386
10,11,2030,hydro_inflow,0.6240563924578428
10,12,2030,hydro_inflow,0.6150133272232202
10,13,2030,hydro_inflow,0.6077198838226964
10,14,2030,hydro_inflow,0.6027749366437088
10,15,2030,hydro_inflow,0.6032786353049133
10,16,2030,hydro_inflow,0.6045217527617538
10,17,2030,hydro_inflow,0.603697710853294
10,18,2030,hydro_inflow,0.5984388528045672
10,19,2030,hydro_inflow,0.6080138515662717
10,20,2030,hydro_inflow,0.6080708280965067
10,21,2030,hydro_inflow,0.6146623303036983
10,22,2030,hydro_inflow,0.617421578799646
10,23,2030,hydro_inflow,0.6269727089183084
10,24,2030,hydro_inflow,0.6276839330757745
10,1,2030,solar,0.0
10,2,2030,solar,0.0
10,3,2030,solar,0.0
10,4,2030,solar,0.0
10,5,2030,solar,0.0
10,6,2030,solar,0.0
10,7,2030,solar,0.0
10,8,2030,solar,0.022079486401403958
10,9,2030,solar,0.2621435424977363
10,10,2030,solar,0.5378316970571692
10,11,2030,solar,0.7078713666738129
10,12,2030,solar,0.7994961479130002
10,13,2030,solar,0.8163676079287215
10,14,2030,solar,0.7778156183449979
10,15,2030,solar,0.6913462741979468
10,16,2030,solar,0.5341460626161769
10,17,2030,solar,0.32617918614123725
10,18,2030,solar,0.13553602565394243
10,19,2030,solar,3.099793745749556e-5
10,20,2030,solar,0.0
10,21,2030,solar,0.0
10,22,2030,solar,0.0
10,23,2030,solar,0.0
10,24,2030,solar,0.0
10,1,2030,wind_offshore,0.9985067812785916
10,2,2030,wind_offshore,0.9340841818334008
10,3,2030,wind_offshore,0.8509951790256758
10,4,2030,wind_offshore,0.6857683485735593
10,5,2030,wind_offshore,0.6260327338230001
10,6,2030,wind_offshore,0.5975567942460982
10,7,2030,wind_offshore,0.5298242658352568
10,8,2030,wind_offshore,0.4186245859169264
10,9,2030,wind_offshore,0.3325547671054409
10,10,2030,wind_offshore,0.32360498198935034
10,11,2030,wind_offshore,0.22536693073936878
10,12,2030,wind_offshore,0.4154443257311449
10,13,2030,wind_offshore,0.7482874891555975
10,14,2030,wind_offshore,1.1177876539827518
10,15,2030,wind_offshore,1.2650252199784506
10,16,2030,wind_offshore,1.2673449311897511
10,17,2030,wind_offshore,1.2779016354634796
10,18,2030,wind_offshore,1.2520843754406827
10,19,2030,wind_offshore,1.2608847506455987
10,20,2030,wind_offshore,1.3047820842475588
10,21,2030,wind_offshore,1.3182741802883444
10,22,2030,wind_offshore,1.3102246006168232
10,23,2030,wind_offshore,1.3006470830496206
10,24,2030,wind_offshore,1.275469277274467
10,1,2030,wind_onshore,0.8212259323249171
10,2,2030,wind_onshore,0.8039861649925408
10,3,2030,wind_onshore,0.7795218887422757
10,4,2030,wind_onshore,0.7861172678572111
10,5,2030,wind_onshore,0.7812519435232119
10,6,2030,wind_onshore,0.7640029179562906
10,7,2030,wind_onshore,0.7346906496164638
10,8,2030,wind_onshore,0.7121382872567442
10,9,2030,wind_onshore,0.6555826053693011
10,10,2030,wind_onshore,0.6635373270045292
10,11,2030,wind_onshore,0.7388885940642363
10,12,2030,wind_onshore,0.8017723441593503
10,13,2030,wind_onshore,0.8512069379297263
10,14,2030,wind_onshore,0.8674499637970889
10,15,2030,wind_onshore,0.9073063807123678
10,16,2030,wind_onshore,0.9196280756440102
10,17,2030,wind_onshore,0.9647107074718467
10,18,2030,wind_onshore,0.8827912407882353
10,19,2030,wind_onshore,0.7956901318394739
10,20,2030,wind_onshore,0.7481991975884469
10,21,2030,wind_onshore,0.7614655284798972
10,22,2030,wind_onshore,0.7821627491356169
10,23,2030,wind_onshore,0.8384455243149516
10,24,2030,wind_onshore,0.8645698967308896
11,1,2030,demand,0.4894202524983442
11,2,2030,demand,0.4881066961398294
11,3,2030,demand,0.48409447534776784
11,4,2030,demand,0.4788537294909296
11,5,2030,demand,0.4923202941681467
11,6,2030,demand,0.5223015919168303
11,7,2030,demand,0.5466988002389352
11,8,2030,demand,0.5765270957954362
11,9,2030,demand,0.6071715488814979
11,10,2030,demand,0.6186652026488189
11,11,2030,demand,0.6289211740785974
11,12,2030,demand,0.6404566157875714
11,13,2030,demand,0.6405691054265761
11,14,2030,demand,0.6342912833822937
11,15,2030,demand,0.6326143413677496
11,16,2030,demand,0.6354740285027367
11,17,2030,demand,0.638364541883189
11,18,2030,demand,0.6194537239749783
11,19,2030,demand,0.6110235186291894
11,20,2030,demand,0.617769923976625
11,21,2030,demand,0.6023929219193482
11,22,2030,demand,0.5614942066278459
11,23,2030,demand,0.5279734430636651
11,24,2030,demand,0.5133780168849856
11,1,2030,hydro_inflow,0.3064409402959484
11,2,2030,hydro_inflow,0.3064822725698636
11,3,2030,hydro_inflow,0.3050798988316724
11,4,2030,hydro_inflow,0.3099729922101243
11,5,2030,hydro_inflow,0.3121881677015525
11,6,2030,hydro_inflow,0.31712507789013994
11,7,2030,hydro_inflow,0.31932223030581836
11,8,2030,hydro_inflow,0.31506367054834505
11,9,2030,hydro_inflow,0.3158806719612691
11,10,2030,hydro_inflow,0.31730803938798957
11,11,2030,hydro_inflow,0.3159091012220897
11,12,2030,hydro_inflow,0.31527678664374886
11,13,2030,hydro_inflow,0.31756614106663655
11,14,2030,hydro_inflow,0.31544145190022316
11,15,2030,hydro_inflow,0.31331189408915294
11,16,2030,hydro_inflow,0.3090828275984166
11,17,2030,hydro_inflow,0.3085460221126904
11,18,2030,hydro_inflow,0.3080481501428438
11,19,2030,hydro_inflow,0.3036101327693846
11,20,2030,hydro_inflow,0.30017437676685893
11,21,2030,hydro_inflow,0.2967425641573863
11,22,2030,hydro_inflow,0.3000959874236598
11,23,2030,hydro_inflow,0.3030670997164883
11,24,2030,hydro_inflow,0.3008008717839208
11,1,2030,solar,0.0
11,2,2030,solar,0.0
11,3,2030,solar,0.0
11,4,2030,solar,0.0
11,5,2030,solar,0.0
11,6,2030,solar,0.0011447479174110215
11,7,2030,solar,0.06010059753839584
11,8,2030,solar,0.27129267648574107
11,9,2030,solar,0.5044545292244612
11,10,2030,solar,0.7176457156858451
11,11,2030,solar,0.8566691437154983
11,12,2030,solar,0.9368380650183761
11,13,2030,solar,0.9158262162794906
11,14,2030,solar,0.8561510498886333
11,15,2030,solar,0.7692639997833731
11,16,2030,solar,0.6684142271529285
11,17,2030,solar,0.5326242060721289
11,18,2030,solar,0.33975734774416927
11,19,2030,solar,0.13235261857046554
11,20,2030,solar,0.006447936651173764
11,21,2030,solar,0.0
11,22,2030,solar,0.0
11,23,2030,solar,0.0
11,24,2030,solar,0.0
11,1,2030,wind_offshore,0.6039228506065395
11,2,2030,wind_offshore,0.623578959172827
11,3,2030,wind_offshore,0.6686189942038694
11,4,2030,wind_offshore,0.7119724615148147
11,5,2030,wind_offshore,0.7127178148661895
11,6,2030,wind_offshore,0.6540315124717831
11,7,2030,wind_offshore,0.6292541791979319
11,8,2030,wind_offshore,0.6671887697572223
11,9,2030,wind_offshore,0.7352477995687311
11,10,2030,wind_offshore,0.8169375110382543
11,11,2030,wind_offshore,0.6998553240593176
11,12,2030,wind_offshore,0.6883210810808309
11,13,2030,wind_offshore,0.7061180674595209
11,14,2030,wind_offshore,0.6623144686093041
11,15,2030,wind_offshore,0.6016424923071044
11,16,2030,wind_offshore,0.5450967400104049
11,17,2030,wind_offshore,0.5520760395315546
11,18,2030,wind_offshore,0.6799991349768475
11,19,2030,wind_offshore,0.8486477902076215
11,20,2030,wind_offshore,0.9850266875042465
11,21,2030,wind_offshore,1.0574144054566434
11,22,2030,wind_offshore,1.058631095696104
11,23,2030,wind_offshore,0.8012944959326671
11,24,2030,wind_offshore,0.7169608946553732
11,1,2030,wind_onshore,0.2650429028983655
11,2,2030,wind_onshore,0.23602921245183184
11,3,2030,wind_onshore,0.21308325645003412
11,4,2030,wind_onshore,0.1878933034594766
11,5,2030,wind_onshore,0.1669553914407077
11,6,2030,wind_onshore,0.14921393272853073
11,7,2030,wind_onshore,0.124006822055549
11,8,2030,wind_onshore,0.10340964317924835
11,9,2030,wind_onshore,0.0989580588398509
11,10,2030,wind_onshore,0.0960603559799185
11,11,2030,wind_onshore,0.07341773565996647
11,12,2030,wind_onshore,0.08389201003574426
11,13,2030,wind_onshore,0.10977445759606115
11,14,2030,wind_onshore,0.1396579494415888
11,15,2030,wind_onshore,0.17696721189081288
11,16,2030,wind_onshore,0.21965902230213355
11,17,2030,wind_onshore,0.265545278337042
11,18,2030,wind_onshore,0.3256249737484431
11,19,2030,wind_onshore,0.38746934173531794
11,20,2030,wind_onshore,0.42648103157403117
11,21,2030,wind_onshore,0.4611534114814318
11,22,2030,wind_onshore,0.4488089995285136
11,23,2030,wind_onshore,0.3661591369307791
11,24,2030,wind_onshore,0.3393685218562064
12,1,2030,demand,0.5368596482433423
12,2,2030,demand,0.5191516588714385
12,3,2030,demand,0.5078901808876063
12,4,2030,demand,0.49284001209524
12,5,2030,demand,0.4995924719791266
12,6,2030,demand,0.5217052572185387
12,7,2030,demand,0.5628575120497933
12,8,2030,demand,0.6151658597844378
12,9,2030,demand,0.6508877075082296
12,10,2030,demand,0.6749809718076445
12,11,2030,demand,0.6761968380112976
12,12,2030,demand,0.678222545722181
12,13,2030,demand,0.6610031821039216
12,14,2030,demand,0.651453984156674
12,15,2030,demand,0.6359573906457868
12,16,2030,demand,0.6290317465716088
12,17,2030,demand,0.6241947514443312
12,18,2030,demand,0.6365777981313767
12,19,2030,demand,0.6701925033378654
12,20,2030,demand,0.7011829822496068
12,21,2030,demand,0.6923324754913887
12,22,2030,demand,0.647325992351481
12,23,2030,demand,0.5967491874509441
12,24,2030,demand,0.5757084101428015
12,1,2030,hydro_inflow,0.5434622186370707
12,2,2030,hydro_inflow,0.5536613232460331
12,3,2030,hydro_inflow,0.5540379382134734
12,4,2030,hydro_inflow,0.5581960899364627
12,5,2030,hydro_inflow,0.5540444149536323
12,6,2030,hydro_inflow,0.5519983605143581
12,7,2030,hydro_inflow,0.5528281640063627
12,8,2030,hydro_inflow,0.5509335322156157
12,9,2030,hydro_inflow,0.5627840534055207
12,10,2030,hydro_inflow,0.5596233170118268
12,11,2030,hydro_inflow,0.5608641527835871
12,12,2030,hydro_inflow,0.5650955463681777
12,13,2030,hydro_inflow,0.5613046019761997
12,14,2030,hydro_inflow,0.5671421455940096
12,15,2030,hydro_inflow,0.5688999625955605
12,16,2030,hydro_inflow,0.5739139965371157
12,17,2030,hydro_inflow,0.5829138522320799
12,18,2030,hydro_inflow,0.5843834563853878
12,19,2030,hydro_inflow,0.5930683832853195
12,20,2030,hydro_inflow,0.5924957983232372
12,21,2030,hydro_inflow,0.5900370184649659
12,22,2030,hydro_inflow,0.5802925206077967
12,23,2030,hydro_inflow,0.5678060475848296
12,24,2030,hydro_inflow,0.5729305153098716
12,1,2030,solar,0.0
12,2,2030,solar,0.0
12,3,2030,solar,0.0
12,4,2030,solar,0.0
12,5,2030,solar,0.0
12,6,2030,solar,0.0
12,7,2030,solar,0.0
12,8,2030,solar,0.0
12,9,2030,solar,0.057202661823316014
12,10,2030,solar,0.17099982329758895
12,11,2030,solar,0.2790629798811761
12,12,2030,solar,0.3629525960580243
12,13,2030,solar,0.39769989794182287
12,14,2030,solar,0.4077274350620341
12,15,2030,solar,0.36723360139831807
12,16,2030,solar,0.2823632349474066
12,17,2030,solar,0.15648896807077026
12,18,2030,solar,0.030924394789685956
12,19,2030,solar,0.0
12,20,2030,solar,0.0
12,21,2030,solar,0.0
12,22,2030,solar,0.0
12,23,2030,solar,0.0
12,24,2030,solar,0.0
12,1,2030,wind_offshore,0.622433510705046
12,2,2030,wind_offshore,0.6296641481819993
12,3,2030,wind_offshore,0.6243854604010661
12,4,2030,wind_offshore,0.6030677277427143
12,5,2030,wind_offshore,0.6009727406192819
12,6,2030,wind_offshore,0.5982797497531787
12,7,2030,wind_offshore,0.5869071687618076
12,8,2030,wind_offshore,0.5661467925899788
12,9,2030,wind_offshore,0.5439041334236694
12,10,2030,wind_offshore,0.5257617641416857
12,11,2030,wind_offshore,0.5639993866893854
12,12,2030,wind_offshore,0.5439315661735192
12,13,2030,wind_offshore,0.5218568408020041
12,14,2030,wind_offshore,0.5031735764141377
12,15,2030,wind_offshore,0.5206091816034224
12,16,2030,wind_offshore,0.5311515753901932
12,17,2030,wind_offshore,0.545867519688234
12,18,2030,wind_offshore,0.5755547240997387
12,19,2030,wind_offshore,0.5830586147872504
12,20,2030,wind_offshore,0.5942098743985452
12,21,2030,wind_offshore,0.6182130519568451
12,22,2030,wind_offshore,0.6255251894237294
12,23,2030,wind_offshore,0.6447881794523227
12,24,2030,wind_offshore,0.6476914887425425
12,1,2030,wind_onshore,0.3864748110785474
12,2,2030,wind_onshore,0.3902308568523895
12,3,2030,wind_onshore,0.3888061564890623
12,4,2030,wind_onshore,0.39079921869731116
12,5,2030,wind_onshore,0.39362401216485154
12,6,2030,wind_onshore,0.39578382189801914
12,7,2030,wind_onshore,0.39126233097181645
12,8,2030,wind_onshore,0.3913122093099609
12,9,2030,wind_onshore,0.39644255839153497
12,10,2030,wind_onshore,0.3880346561536248
12,11,2030,wind_onshore,0.3688994445107491
12,12,2030,wind_onshore,0.3818274079491089
12,13,2030,wind_onshore,0.4006843208149987
12,14,2030,wind_onshore,0.40145458525109423
12,15,2030,wind_onshore,0.39856447927061217
12,16,2030,wind_onshore,0.3872672186193107
12,17,2030,wind_onshore,0.3780783778755803
12,18,2030,wind_onshore,0.3948531695780933
12,19,2030,wind_onshore,0.4079965082613612
12,20,2030,wind_onshore,0.41818026455948243
12,21,2030,wind_onshore,0.42632553805258555
12,22,2030,wind_onshore,0.42612249131431684
12,23,2030,wind_onshore,0.4426227167987094
12,24,2030,wind_onshore,0.45505323112992097
13,1,2030,demand,0.54018030453034
13,2,2030,demand,0.5164941872431495
13,3,2030,demand,0.5025026763912273
13,4,2030,demand,0.49456706441886406
13,5,2030,demand,0.4882577952599214
13,6,2030,demand,0.4796579018516843
13,7,2030,demand,0.4871337903508083
13,8,2030,demand,0.5189601274661699
13,9,2030,demand,0.5605947354389855
13,10,2030,demand,0.5934979327368468
13,11,2030,demand,0.6007386593057952
13,12,2030,demand,0.6006221581723532
13,13,2030,demand,0.595532750173637
13,14,2030,demand,0.5850574473436837
13,15,2030,demand,0.5663633207457818
13,16,2030,demand,0.5545750682057401
13,17,2030,demand,0.561172647699414
13,18,2030,demand,0.5608176811480567
13,19,2030,demand,0.5858566829940928
13,20,2030,demand,0.610364060403947
13,21,2030,demand,0.6268525142833051
13,22,2030,demand,0.5959959621778937
13,23,2030,demand,0.545631665941669
13,24,2030,demand,0.5399752406848896
13,1,2030,hydro_inflow,0.371768370561142
13,2,2030,hydro_inflow,0.3725266792172647
13,3,2030,hydro_inflow,0.3668762149831549
13,4,2030,hydro_inflow,0.3661307412344467
13,5,2030,hydro_inflow,0.36968464169661697
13,6,2030,hydro_inflow,0.37759961923034935
13,7,2030,hydro_inflow,0.37237726455841935
13,8,2030,hydro_inflow,0.37483775128925145
13,9,2030,hydro_inflow,0.3678602585944551
13,10,2030,hydro_inflow,0.36863130960910023
13,11,2030,hydro_inflow,0.36689549802948046
13,12,2030,hydro_inflow,0.3684690348170407
13,13,2030,hydro_inflow,0.3690275520794275
13,14,2030,hydro_inflow,0.3615247337257628
13,15,2030,hydro_inflow,0.3660191302926823
13,16,2030,hydro_inflow,0.3589987954673207
13,17,2030,hydro_inflow,0.3604478410901136
13,18,2030,hydro_inflow,0.3646504050471569
13,19,2030,hydro_inflow,0.3664052644642678
13,20,2030,hydro_inflow,0.3683817979319456
13,21,2030,hydro_inflow,0.36551983394835724
13,22,2030,hydro_inflow,0.3646647338612135
13,23,2030,hydro_inflow,0.36288681480420076
13,24,2030,hydro_inflow,0.3628093815821751
13,1,2030,solar,0.0
13,2,2030,solar,0.0
13,3,2030,solar,0.0
13,4,2030,solar,0.0
13,5,2030,solar,0.0
13,6,2030,solar,0.0
13,7,2030,solar,0.0
13,8,2030,solar,0.0
13,9,2030,solar,0.06965758184802462
13,10,2030,solar,0.17383382162848238
13,11,2030,solar,0.2686304470611379
13,12,2030,solar,0.34411410210367593
13,13,2030,solar,0.3859735308849332
13,14,2030,solar,0.37440297613979157
13,15,2030,solar,0.32247877300932354
13,16,2030,solar,0.23879449567586172
13,17,2030,solar,0.14146816015266594
13,18,2030,solar,0.051248812290023246
13,19,2030,solar,0.0
13,20,2030,solar,0.0
13,21,2030,solar,0.0
13,22,2030,solar,0.0
13,23,2030,solar,0.0
13,24,2030,solar,0.0
13,1,2030,wind_offshore,0.389779427367061
13,2,2030,wind_offshore,0.24606976504665953
13,3,2030,wind_offshore,0.17910250737185185
13,4,2030,wind_offshore,0.13581287949965776
13,5,2030,wind_offshore,0.10956901191517893
13,6,2030,wind_offshore,0.12159151602630584
13,7,2030,wind_offshore,0.12627058240671585
13,8,2030,wind_offshore,0.1394118417713343
13,9,2030,wind_offshore,0.09906647876492372
13,10,2030,wind_offshore,0.038592797671636286
13,11,2030,wind_offshore,0.1979273532025647
13,12,2030,wind_offshore,0.22439760907551007
13,13,2030,wind_offshore,0.3425157798752054
13,14,2030,wind_offshore,0.5927273755138894
13,15,2030,wind_offshore,0.6789933094721445
13,16,2030,wind_offshore,0.6754400319718867
13,17,2030,wind_offshore,0.6415925436704087
13,18,2030,wind_offshore,0.6486675904412876
13,19,2030,wind_offshore,0.6359104668631482
13,20,2030,wind_offshore,0.5846225946072886
13,21,2030,wind_offshore,0.5266209497030846
13,22,2030,wind_offshore,0.49472514581858373
13,23,2030,wind_offshore,0.5223113579062154
13,24,2030,wind_offshore,0.4955932584302034
13,1,2030,wind_onshore,0.2662409694935841
13,2,2030,wind_onshore,0.25325700729776024
13,3,2030,wind_onshore,0.22999238888929632
13,4,2030,wind_onshore,0.2180306958864285
13,5,2030,wind_onshore,0.2094457600266163
13,6,2030,wind_onshore,0.19841246770184415
13,7,2030,wind_onshore,0.20319250523464202
13,8,2030,wind_onshore,0.20903865554627749
13,9,2030,wind_onshore,0.218874725179512
13,10,2030,wind_onshore,0.2198247391965914
13,11,2030,wind_onshore,0.25173856470688555
13,12,2030,wind_onshore,0.2804659691120272
13,13,2030,wind_onshore,0.30841276452151895
13,14,2030,wind_onshore,0.32715272960037445
13,15,2030,wind_onshore,0.3547408794952045
13,16,2030,wind_onshore,0.3894338811803964
13,17,2030,wind_onshore,0.4067064726705417
13,18,2030,wind_onshore,0.39459405720647134
13,19,2030,wind_onshore,0.3616197009553882
13,20,2030,wind_onshore,0.3388188653592267
13,21,2030,wind_onshore,0.33668138694076727
13,22,2030,wind_onshore,0.34870642959038967
13,23,2030,wind_onshore,0.39155743296353557
13,24,2030,wind_onshore,0.38128279599855536
14,1,2030,demand,0.5086234882706694
14,2,2030,demand,0.488256145916096
14,3,2030,demand,0.468318264065753
14,4,2030,demand,0.45526932995069586
14,5,2030,demand,0.4355581558275663
14,6,2030,demand,0.4277609858146447
14,7,2030,demand,0.44154603454852603
14,8,2030,demand,0.4709274504379931
14,9,2030,demand,0.5159423333826018
14,10,2030,demand,0.5663920370322506
14,11,2030,demand,0.5858779933785832
14,12,2030,demand,0.596168157853384
14,13,2030,demand,0.5949581900952191
14,14,2030,demand,0.5913639708220138
14,15,2030,demand,0.5678085754430326
14,16,2030,demand,0.5629649323507836
14,17,2030,demand,0.5635095270404548
14,18,2030,demand,0.5981828937238032
14,19,2030,demand,0.6347834269409777
14,20,2030,demand,0.6635708428296282
14,21,2030,demand,0.6795260419026251
14,22,2030,demand,0.6646353344539601
14,23,2030,demand,0.620674208390501
14,24,2030,demand,0.5937371191074805
14,1,2030,hydro_inflow,0.6202177345839023
14,2,2030,hydro_inflow,0.6248064887923087
14,3,2030,hydro_inflow,0.629670355560741
14,4,2030,hydro_inflow,0.6354761265667581
14,5,2030,hydro_inflow,0.6292476018490328
14,6,2030,hydro_inflow,0.6345786283082165
14,7,2030,hydro_inflow,0.6400018232527209
14,8,2030,hydro_inflow,0.6455728288655443
14,9,2030,hydro_inflow,0.6433295020619487
14,10,2030,hydro_inflow,0.640012833986663
14,11,2030,hydro_inflow,0.6347231409049039
14,12,2030,hydro_inflow,0.6377545565141377
14,13,2030,hydro_inflow,0.6394166266183565
14,14,2030,hydro_inflow,0.6285057870755706
14,15,2030,hydro_inflow,0.61917963364039
14,16,2030,hydro_inflow,0.6241874749691239
14,17,2030,hydro_inflow,0.6269644644574744
14,18,2030,hydro_inflow,0.6230828328316119
14,19,2030,hydro_inflow,0.6236949507137026
14,20,2030,hydro_inflow,0.6132837496726509
14,21,2030,hydro_inflow,0.6144741588447775
14,22,2030,hydro_inflow,0.6189616130642154
14,23,2030,hydro_inflow,0.6198660128560733
14,24,2030,hydro_inflow,0.623302055582373
14,1,2030,solar,0.0
14,2,2030,solar,0.0
14,3,2030,solar,0.0
14,4,2030,solar,0.0
14,5,2030,solar,0.0
14,6,2030,solar,0.0
14,7,2030,solar,0.0
14,8,2030,solar,0.0
14,9,2030,solar,0.05623720921980644
14,10,2030,solar,0.20946162959104297
14,11,2030,solar,0.33144125667617447
14,12,2030,solar,0.42199372923564343
14,13,2030,solar,0.45581168687555884
14,14,2030,solar,0.4543213378931892
14,15,2030,solar,0.3943307161908422
14,16,2030,solar,0.3023711697481218
14,17,2030,solar,0.1656124678022217
14,18,2030,solar,0.011724773317405256
14,19,2030,solar,0.0
14,20,2030,solar,0.0
14,21,2030,solar,0.0
14,22,2030,solar,0.0
14,23,2030,solar,0.0
14,24,2030,solar,0.0
14,1,2030,wind_offshore,0.0319415743977251
14,2,2030,wind_offshore,0.01623113264987335
14,3,2030,wind_offshore,0.012262986819243708
14,4,2030,wind_offshore,0.010892023059154732
14,5,2030,wind_offshore,0.007235335605750394
14,6,2030,wind_offshore,0.0035735141780538038
14,7,2030,wind_offshore,0.0018218044613207386
14,8,2030,wind_offshore,0.002500780225462751
14,9,2030,wind_offshore,0.005913171959673035
14,10,2030,wind_offshore,0.014955300591362608
14,11,2030,wind_offshore,0.020266822383944352
14,12,2030,wind_offshore,0.015961438567596468
14,13,2030,wind_offshore,0.01820162196044345
14,14,2030,wind_offshore,0.024957460192566096
14,15,2030,wind_offshore,0.034514838307681255
14,16,2030,wind_offshore,0.040213796189887886
14,17,2030,wind_offshore,0.03457056267975992
14,18,2030,wind_offshore,0.02103533096671589
14,19,2030,wind_offshore,0.006077336512890316
14,20,2030,wind_offshore,0.0018090407206962022
14,21,2030,wind_offshore,0.0009432617420623444
14,22,2030,wind_offshore,0.0004063144470924909
14,23,2030,wind_offshore,0.0006129018564185034
14,24,2030,wind_offshore,0.0004727565453598017
14,1,2030,wind_onshore,0.19014046757176611
14,2,2030,wind_onshore,0.1666638142235331
14,3,2030,wind_onshore,0.14681070049195596
14,4,2030,wind_onshore,0.14109299758378774
14,5,2030,wind_onshore,0.13408790939796492
14,6,2030,wind_onshore,0.12468298849651488
14,7,2030,wind_onshore,0.12110788329857441
14,8,2030,wind_onshore,0.1224219146273789
14,9,2030,wind_onshore,0.12179283746989046
14,10,2030,wind_onshore,0.11593955551019805
14,11,2030,wind_onshore,0.09592193862189581
14,12,2030,wind_onshore,0.08777238744078499
14,13,2030,wind_onshore,0.0842193834230401
14,14,2030,wind_onshore,0.08878601715746978
14,15,2030,wind_onshore,0.09492478822497619
14,16,2030,wind_onshore,0.09240942877778612
14,17,2030,wind_onshore,0.09109025494226486
14,18,2030,wind_onshore,0.10748714595862716
14,19,2030,wind_onshore,0.1224135232594955
14,20,2030,wind_onshore,0.13005795916384585
14,21,2030,wind_onshore,0.1336821125102007
14,22,2030,wind_onshore,0.13007721311149065
14,23,2030,wind_onshore,0.1330203264760844
14,24,2030,wind_onshore,0.1304538859623444
15,1,2030,demand,0.5112988625746305
15,2,2030,demand,0.4928873086269377
15,3,2030,demand,0.4749269146862515
15,4,2030,demand,0.45615041116624516
15,5,2030,demand,0.45684766273490457
15,6,2030,demand,0.4520289933299402
15,7,2030,demand,0.4637590085569743
15,8,2030,demand,0.5046728426421135
15,9,2030,demand,0.5467246018093643
15,10,2030,demand,0.5880824921973601
15,11,2030,demand,0.6002305030103551
15,12,2030,demand,0.615021739691566
15,13,2030,demand,0.6244173567424206
15,14,2030,demand,0.6209215658138099
15,15,2030,demand,0.6057402075463431
15,16,2030,demand,0.5858859243345594
15,17,2030,demand,0.578777876034216
15,18,2030,demand,0.5689215725956105
15,19,2030,demand,0.5771295326386507
15,20,2030,demand,0.6063604576855257
15,21,2030,demand,0.6161617472964723
15,22,2030,demand,0.5902346720865713
15,23,2030,demand,0.554997798619816
15,24,2030,demand,0.5372385947666501
15,1,2030,hydro_inflow,0.3684563679969487
15,2,2030,hydro_inflow,0.3703158090512516
15,3,2030,hydro_inflow,0.37143280035900905
15,4,2030,hydro_inflow,0.3773749261937227
15,5,2030,hydro_inflow,0.3800927369184051
15,6,2030,hydro_inflow,0.37749882391837963
15,7,2030,hydro_inflow,0.38098365431269116
15,8,2030,hydro_inflow,0.3768385742446745
15,9,2030,hydro_inflow,0.38101769942045616
15,10,2030,hydro_inflow,0.3836632583281821
15,11,2030,hydro_inflow,0.3819323179472261
15,12,2030,hydro_inflow,0.37938808884378517
15,13,2030,hydro_inflow,0.38468385868032606
15,14,2030,hydro_inflow,0.387578338412859
15,15,2030,hydro_inflow,0.3901759591237862
15,16,2030,hydro_inflow,0.3876856783174673
15,17,2030,hydro_inflow,0.3936890785724485
15,18,2030,hydro_inflow,0.38498023569422235
15,19,2030,hydro_inflow,0.3740626092799238
15,20,2030,hydro_inflow,0.3731710373881538
15,21,2030,hydro_inflow,0.3747107363671671
15,22,2030,hydro_inflow,0.37847548418068
15,23,2030,hydro_inflow,0.3778293489184632
15,24,2030,hydro_inflow,0.3786124990815048
15,1,2030,solar,0.0
15,2,2030,solar,0.0
15,3,2030,solar,0.0
15,4,2030,solar,0.0
15,5,2030,solar,0.0
15,6,2030,solar,0.0
15,7,2030,solar,0.0
15,8,2030,solar,0.0
15,9,2030,solar,0.12463875756654966
15,10,2030,solar,0.3134024775286037
15,11,2030,solar,0.48341979160512666
15,12,2030,solar,0.6222216657032162
15,13,2030,solar,0.6886118546720487
15,14,2030,solar,0.6751345361702681
15,15,2030,solar,0.5766137575676245
15,16,2030,solar,0.42689406050594575
15,17,2030,solar,0.2573061494604143
15,18,2030,solar,0.09457850364854643
15,19,2030,solar,0.0
15,20,2030,solar,0.0
15,21,2030,solar,0.0
15,22,2030,solar,0.0
15,23,2030,solar,0.0
15,24,2030,solar,0.0
15,1,2030,wind_offshore,0.6602839939857891
15,2,2030,wind_offshore,0.4172278868773608
15,3,2030,wind_offshore,0.306175669679335
15,4,2030,wind_offshore,0.23262997525708745
15,5,2030,wind_offshore,0.18848394873982452
15,6,2030,wind_offshore,0.20651997312255924
15,7,2030,wind_offshore,0.21544319710535584
15,8,2030,wind_offshore,0.2373563007606074
15,9,2030,wind_offshore,0.16862133541184937
15,10,2030,wind_offshore,0.0679557617634003
15,11,2030,wind_offshore,0.3528749819975877
15,12,2030,wind_offshore,0.40074372267295355
15,13,2030,wind_offshore,0.6095587538292221
15,14,2030,wind_offshore,1.0275888209798025
15,15,2030,wind_offshore,1.1685554521307482
15,16,2030,wind_offshore,1.1585238623510452
15,17,2030,wind_offshore,1.1178340588314117
15,18,2030,wind_offshore,1.137246953838979
15,19,2030,wind_offshore,1.1083251038439788
15,20,2030,wind_offshore,1.0278573758448588
15,21,2030,wind_offshore,0.9355721691606456
15,22,2030,wind_offshore,0.8800719490032857
15,23,2030,wind_offshore,0.9189286153978978
15,24,2030,wind_offshore,0.874387894005603
15,1,2030,wind_onshore,0.5710552744417164
15,2,2030,wind_onshore,0.5253239025462203
15,3,2030,wind_onshore,0.4825030129696351
15,4,2030,wind_onshore,0.45009198306055753
15,5,2030,wind_onshore,0.43289285851672804
15,6,2030,wind_onshore,0.42019850906304895
15,7,2030,wind_onshore,0.42415137473767756
15,8,2030,wind_onshore,0.44514253742696996
15,9,2030,wind_onshore,0.4709888239215678
15,10,2030,wind_onshore,0.46644377639741047
15,11,2030,wind_onshore,0.529544036585923
15,12,2030,wind_onshore,0.5825470934406068
15,13,2030,wind_onshore,0.6232888672684805
15,14,2030,wind_onshore,0.6621704900582135
15,15,2030,wind_onshore,0.7203545941243804
15,16,2030,wind_onshore,0.7633495208119626
15,17,2030,wind_onshore,0.7964281391293488
15,18,2030,wind_onshore,0.7846612239523412
15,19,2030,wind_onshore,0.7145601418547315
15,20,2030,wind_onshore,0.65734918419854
15,21,2030,wind_onshore,0.6679113818020499
15,22,2030,wind_onshore,0.7009547079149052
15,23,2030,wind_onshore,0.7873876060739249
15,24,2030,wind_onshore,0.7644841904495627
16,1,2030,demand,0.5551792113094794
16,2,2030,demand,0.5411453574719547
16,3,2030,demand,0.5253999695941258
16,4,2030,demand,0.5146043147319843
16,5,2030,demand,0.5138478401899415
16,6,2030,demand,0.5355402870245952
16,7,2030,demand,0.583960583653175
16,8,2030,demand,0.6469596990723617
16,9,2030,demand,0.688125128106741
16,10,2030,demand,0.6907280110140767
16,11,2030,demand,0.6832479965611766
16,12,2030,demand,0.6774278725951003
16,13,2030,demand,0.66234716227032
16,14,2030,demand,0.645770737235223
16,15,2030,demand,0.6371459857942195
16,16,2030,demand,0.627983615398329
16,17,2030,demand,0.6244601894736057
16,18,2030,demand,0.6241409494681591
16,19,2030,demand,0.6664970998149335
16,20,2030,demand,0.705123352436313
16,21,2030,demand,0.7113278758871241
16,22,2030,demand,0.6611023527214428
16,23,2030,demand,0.6028955076325347
16,24,2030,demand,0.577445553403954
16,1,2030,hydro_inflow,0.6168068555161907
16,2,2030,hydro_inflow,0.6194664180159227
16,3,2030,hydro_inflow,0.6313251220090023
16,4,2030,hydro_inflow,0.6366765182430206
16,5,2030,hydro_inflow,0.6363466651000187
16,6,2030,hydro_inflow,0.6383827669181646
16,7,2030,hydro_inflow,0.6348514137798306
16,8,2030,hydro_inflow,0.6442716063605168
16,9,2030,hydro_inflow,0.635218424051549
16,10,2030,hydro_inflow,0.6358592448694262
16,11,2030,hydro_inflow,0.6274563459066227
16,12,2030,hydro_inflow,0.6164114111942313
16,13,2030,hydro_inflow,0.6134155007975323
16,14,2030,hydro_inflow,0.6163569610774079
16,15,2030,hydro_inflow,0.6171852460712747
16,16,2030,hydro_inflow,0.6318929056919262
16,17,2030,hydro_inflow,0.6359043773019795
16,18,2030,hydro_inflow,0.6313653737372776
16,19,2030,hydro_inflow,0.635212631065375
16,20,2030,hydro_inflow,0.6340224222140873
16,21,2030,hydro_inflow,0.6238367903763152
16,22,2030,hydro_inflow,0.6162102384755886
16,23,2030,hydro_inflow,0.6102120292640312
16,24,2030,hydro_inflow,0.6073220396111614
16,1,2030,solar,0.0
16,2,2030,solar,0.0
16,3,2030,solar,0.0
16,4,2030,solar,0.0
16,5,2030,solar,0.0
16,6,2030,solar,0.0
16,7,2030,solar,0.0
16,8,2030,solar,0.0
16,9,2030,solar,0.11136039570123733
16,10,2030,solar,0.26393695867113787
16,11,2030,solar,0.37220369632021255
16,12,2030,solar,0.44839396085852884
16,13,2030,solar,0.487703426830923
16,14,2030,solar,0.48628676502270946
16,15,2030,solar,0.4415072672102875
16,16,2030,solar,0.35550976010129615
16,17,2030,solar,0.23573968538077889
16,18,2030,solar,0.09354582821259723
16,19,2030,solar,0.0
16,20,2030,solar,0.0
16,21,2030,solar,0.0
16,22,2030,solar,0.0
16,23,2030,solar,0.0
16,24,2030,solar,0.0
16,1,2030,wind_offshore,0.6680658258552736
16,2,2030,wind_offshore,0.6716800244332574
16,3,2030,wind_offshore,0.6648531539479465
16,4,2030,wind_offshore,0.6679069667366361
16,5,2030,wind_offshore,0.6723940985162784
16,6,2030,wind_offshore,0.6619033958228763
16,7,2030,wind_offshore,0.658256217004711
16,8,2030,wind_offshore,0.6679291588493304
16,9,2030,wind_offshore,0.6816994687841451
16,10,2030,wind_offshore,0.6878803376139321
16,11,2030,wind_offshore,0.6937049630183592
16,12,2030,wind_offshore,0.6890117004536883
16,13,2030,wind_offshore,0.6809581295978845
16,14,2030,wind_offshore,0.6713736376039079
16,15,2030,wind_offshore,0.6677271770606705
16,16,2030,wind_offshore,0.676601429253101
16,17,2030,wind_offshore,0.6828587038743236
16,18,2030,wind_offshore,0.6869029635299889
16,19,2030,wind_offshore,0.6896475441272475
16,20,2030,wind_offshore,0.68758562250647
16,21,2030,wind_offshore,0.686624708739533
16,22,2030,wind_offshore,0.673375380803245
16,23,2030,wind_offshore,0.5749706654907036
16,24,2030,wind_offshore,0.42718445344655376
16,1,2030,wind_onshore,0.07596055743497411
16,2,2030,wind_onshore,0.08199885721116076
16,3,2030,wind_onshore,0.08772193821669313
16,4,2030,wind_onshore,0.09359488241021964
16,5,2030,wind_onshore,0.10225808334975217
16,6,2030,wind_onshore,0.10457037313834455
16,7,2030,wind_onshore,0.10930899603067436
16,8,2030,wind_onshore,0.11905812279193045
16,9,2030,wind_onshore,0.12603054612861148
16,10,2030,wind_onshore,0.1166286501984866
16,11,2030,wind_onshore,0.09082563521527637
16,12,2030,wind_onshore,0.10752887509153113
16,13,2030,wind_onshore,0.1510636618906105
16,14,2030,wind_onshore,0.18326458634993628
16,15,2030,wind_onshore,0.20777468606645688
16,16,2030,wind_onshore,0.21775576710456
16,17,2030,wind_onshore,0.21766301713826627
16,18,2030,wind_onshore,0.20867271495691753
16,19,2030,wind_onshore,0.22244106781783718
16,20,2030,wind_onshore,0.22465592887797325
16,21,2030,wind_onshore,0.22999907483836426
16,22,2030,wind_onshore,0.23055169140130052
16,23,2030,wind_onshore,0.20342724821721853
16,24,2030,wind_onshore,0.1911423470481239
17,1,2030,demand,0.4581409493380691
17,2,2030,demand,0.44636726615148037
17,3,2030,demand,0.4407155830084848
17,4,2030,demand,0.4272866072524603
17,5,2030,demand,0.4253256481951029
17,6,2030,demand,0.42579466092446383
17,7,2030,demand,0.4441015094308589
17,8,2030,demand,0.45450171764296093
17,9,2030,demand,0.48241329946276995
17,10,2030,demand,0.501551124417827
17,11,2030,demand,0.51544407257002
17,12,2030,demand,0.5167386470707352
17,13,2030,demand,0.5225544561239396
17,14,2030,demand,0.5249053117320611
17,15,2030,demand,0.5198109769555616
17,16,2030,demand,0.5193863700923345
17,17,2030,demand,0.5233530560173595
17,18,2030,demand,0.5314871657187894
17,19,2030,demand,0.5503893044559869
17,20,2030,demand,0.5701726631074959
17,21,2030,demand,0.5715711700229498
17,22,2030,demand,0.5521751995750661
17,23,2030,demand,0.5165098228127696
17,24,2030,demand,0.5091263918643284
17,1,2030,hydro_inflow,0.26056029367398126
17,2,2030,hydro_inflow,0.2631152109162975
17,3,2030,hydro_inflow,0.2621225711756858
17,4,2030,hydro_inflow,0.25487929963795164
17,5,2030,hydro_inflow,0.2548316472290328
17,6,2030,hydro_inflow,0.2565008797129058
17,7,2030,hydro_inflow,0.2600772485058945
17,8,2030,hydro_inflow,0.25629877014429575
17,9,2030,hydro_inflow,0.25672755381735946
17,10,2030,hydro_inflow,0.25852438869665706
17,11,2030,hydro_inflow,0.2598513143552615
17,12,2030,hydro_inflow,0.259438814070932
17,13,2030,hydro_inflow,0.2592318358346345
17,14,2030,hydro_inflow,0.26026743394625446
17,15,2030,hydro_inflow,0.26463397390663873
17,16,2030,hydro_inflow,0.26421279190486535
17,17,2030,hydro_inflow,0.2625783085599523
17,18,2030,hydro_inflow,0.26477267053592574
17,19,2030,hydro_inflow,0.2643413814198271
17,20,2030,hydro_inflow,0.2624698424394594
17,21,2030,hydro_inflow,0.25821654461689947
17,22,2030,hydro_inflow,0.2614661598830618
17,23,2030,hydro_inflow,0.2576676818817617
17,24,2030,hydro_inflow,0.2537870844894026
17,1,2030,solar,0.0
17,2,2030,solar,0.0
17,3,2030,solar,0.0
17,4,2030,solar,0.0
17,5,2030,solar,0.0
17,6,2030,solar,0.0
17,7,2030,solar,0.0
17,8,2030,solar,0.1034091471860268
17,9,2030,solar,0.3485041515816396
17,10,2030,solar,0.6008281459981468
17,11,2030,solar,0.7655556798776079
17,12,2030,solar,0.8787309269300614
17,13,2030,solar,0.920016140036698
17,14,2030,solar,0.8821553180829372
17,15,2030,solar,0.7749727512389136
17,16,2030,solar,0.5983117717141871
17,17,2030,solar,0.355099112823024
17,18,2030,solar,0.11869482379132519
17,19,2030,solar,0.0
17,20,2030,solar,0.0
17,21,2030,solar,0.0
17,22,2030,solar,0.0
17,23,2030,solar,0.0
17,24,2030,solar,0.0
17,1,2030,wind_offshore,0.264930524674356
17,2,2030,wind_offshore,0.2789947031668359
17,3,2030,wind_offshore,0.2956410706713162
17,4,2030,wind_offshore,0.29573481238883226
17,5,2030,wind_offshore,0.3045591071164865
17,6,2030,wind_offshore,0.3053953581507697
17,7,2030,wind_offshore,0.3266289613168008
17,8,2030,wind_offshore,0.3568449848602795
17,9,2030,wind_offshore,0.3651913300730061
17,10,2030,wind_offshore,0.3722636149739001
17,11,2030,wind_offshore,0.3010032699108938
17,12,2030,wind_offshore,0.28217440861709586
17,13,2030,wind_offshore,0.27365216056746927
17,14,2030,wind_offshore,0.2794252984489959
17,15,2030,wind_offshore,0.2784890561308818
17,16,2030,wind_offshore,0.2503936325607328
17,17,2030,wind_offshore,0.20212406931849125
17,18,2030,wind_offshore,0.1517172192898095
17,19,2030,wind_offshore,0.09400385255745901
17,20,2030,wind_offshore,0.0658791536084282
17,21,2030,wind_offshore,0.07948617181974488
17,22,2030,wind_offshore,0.10168564889081505
17,23,2030,wind_offshore,0.09550114144676465
17,24,2030,wind_offshore,0.09391313330034749
17,1,2030,wind_onshore,0.07891740225021748
17,2,2030,wind_onshore,0.06985629402807193
17,3,2030,wind_onshore,0.06092015806003451
17,4,2030,wind_onshore,0.055423822600869005
17,5,2030,wind_onshore,0.04972296753329866
17,6,2030,wind_onshore,0.04320253090889767
17,7,2030,wind_onshore,0.03548536768205755
17,8,2030,wind_onshore,0.030382722701132188
17,9,2030,wind_onshore,0.02229397204668578
17,10,2030,wind_onshore,0.01693110884321427
17,11,2030,wind_onshore,0.02098201200894271
17,12,2030,wind_onshore,0.02510701608672165
17,13,2030,wind_onshore,0.03519641784706822
17,14,2030,wind_onshore,0.05168228850930765
17,15,2030,wind_onshore,0.06959452043812189
17,16,2030,wind_onshore,0.08240501549899101
17,17,2030,wind_onshore,0.0885105514336806
17,18,2030,wind_onshore,0.09896215322852296
17,19,2030,wind_onshore,0.10240975082649723
17,20,2030,wind_onshore,0.10991509525681833
17,21,2030,wind_onshore,0.10256323405114741
17,22,2030,wind_onshore,0.09522588491865107
17,23,2030,wind_onshore,0.08300158918203727
17,24,2030,wind_onshore,0.07898971762887835
18,1,2030,demand,0.4949468801862306
18,2,2030,demand,0.500528465797029
18,3,2030,demand,0.5035018870818394
18,4,2030,demand,0.4935175471626536
18,5,2030,demand,0.5037914546811698
18,6,2030,demand,0.5374591388331944
18,7,2030,demand,0.5760833534713012
18,8,2030,demand,0.6008937257884657
18,9,2030,demand,0.6248359465289864
18,10,2030,demand,0.6419335454161887
18,11,2030,demand,0.6490640893895107
18,12,2030,demand,0.6605741237586494
18,13,2030,demand,0.654003174364712
18,14,2030,demand,0.644008371483549
18,15,2030,demand,0.6380608132328027
18,16,2030,demand,0.6370893929824216
18,17,2030,demand,0.6331213979100608
18,18,2030,demand,0.6237507178942925
18,19,2030,demand,0.6285608700569472
18,20,2030,demand,0.627952874320741
18,21,2030,demand,0.6140042358623339
18,22,2030,demand,0.5794607802175904
18,23,2030,demand,0.5337608168620263
18,24,2030,demand,0.5319159705219711
18,1,2030,hydro_inflow,0.30268208189504614
18,2,2030,hydro_inflow,0.3049695105199513
18,3,2030,hydro_inflow,0.308189547048456
18,4,2030,hydro_inflow,0.3059177898423837
18,5,2030,hydro_inflow,0.3060980031599033
18,6,2030,hydro_inflow,0.3068901783475403
18,7,2030,hydro_inflow,0.3051499093466633
18,8,2030,hydro_inflow,0.30586348637712923
18,9,2030,hydro_inflow,0.30923043582664267
18,10,2030,hydro_inflow,0.3057832116611475
18,11,2030,hydro_inflow,0.30845019097708243
18,12,2030,hydro_inflow,0.3091640803476207
18,13,2030,hydro_inflow,0.30984174175258156
18,14,2030,hydro_inflow,0.3125866616746314
18,15,2030,hydro_inflow,0.31416659590320495
18,16,2030,hydro_inflow,0.30953452941463955
18,17,2030,hydro_inflow,0.3110217848794225
18,18,2030,hydro_inflow,0.3067801156178511
18,19,2030,hydro_inflow,0.3066154816326747
18,20,2030,hydro_inflow,0.31545596837485235
18,21,2030,hydro_inflow,0.31204064850365587
18,22,2030,hydro_inflow,0.31592142015016955
18,23,2030,hydro_inflow,0.31978768684010833
18,24,2030,hydro_inflow,0.30937965957809316
18,1,2030,solar,0.0
18,2,2030,solar,0.0
18,3,2030,solar,0.0
18,4,2030,solar,0.0
18,5,2030,solar,0.0
18,6,2030,solar,0.00032880796534821003
18,7,2030,solar,0.02639142799656623
18,8,2030,solar,0.15444171767241652
18,9,2030,solar,0.30381560923943013
18,10,2030,solar,0.42672882474590107
18,11,2030,solar,0.5103468224656927
18,12,2030,solar,0.5526874462674509
18,13,2030,solar,0.5625078046655927
18,14,2030,solar,0.546244821825129
18,15,2030,solar,0.4992047806611102
18,16,2030,solar,0.41795444241178464
18,17,2030,solar,0.3151736559262526
18,18,2030,solar,0.182638194128022
18,19,2030,solar,0.0577996290775395
18,20,2030,solar,0.0015479018193124033
18,21,2030,solar,0.0
18,22,2030,solar,0.0
18,23,2030,solar,0.0
18,24,2030,solar,0.0
18,1,2030,wind_offshore,0.6786843734242445
18,2,2030,wind_offshore,0.6807321830531049
18,3,2030,wind_offshore,0.6818691651587864
18,4,2030,wind_offshore,0.6774561277423161
18,5,2030,wind_offshore,0.6747533867948828
18,6,2030,wind_offshore,0.6780370664717905
18,7,2030,wind_offshore,0.6727091520047216
18,8,2030,wind_offshore,0.6594796065918906
18,9,2030,wind_offshore,0.6375322696172905
18,10,2030,wind_offshore,0.6189966587089935
18,11,2030,wind_offshore,0.5775154535025057
18,12,2030,wind_offshore,0.515302289607941
18,13,2030,wind_offshore,0.43264401171074207
18,14,2030,wind_offshore,0.388200276866239
18,15,2030,wind_offshore,0.385265401100663
18,16,2030,wind_offshore,0.39131576126663764
18,17,2030,wind_offshore,0.35496261131153894
18,18,2030,wind_offshore,0.2999934307194855
18,19,2030,wind_offshore,0.2379074756408377
18,20,2030,wind_offshore,0.1905888288156351
18,21,2030,wind_offshore,0.18036896683614276
18,22,2030,wind_offshore,0.16948815865258457
18,23,2030,wind_offshore,0.1160046742351179
18,24,2030,wind_offshore,0.06636354928774747
18,1,2030,wind_onshore,0.2123553322056475
18,2,2030,wind_onshore,0.1970750413047089
18,3,2030,wind_onshore,0.18137221472628184
18,4,2030,wind_onshore,0.16994866292212724
18,5,2030,wind_onshore,0.1597082385310086
18,6,2030,wind_onshore,0.1517962261145506
18,7,2030,wind_onshore,0.13936011671221393
18,8,2030,wind_onshore,0.10541502256185308
18,9,2030,wind_onshore,0.0971686435143573
18,10,2030,wind_onshore,0.0942930925086016
18,11,2030,wind_onshore,0.0782887378224244
18,12,2030,wind_onshore,0.07344374643381098
18,13,2030,wind_onshore,0.06944409928463711
18,14,2030,wind_onshore,0.07076664849116117
18,15,2030,wind_onshore,0.07264004641287002
18,16,2030,wind_onshore,0.07617061572925903
18,17,2030,wind_onshore,0.08732044442621675
18,18,2030,wind_onshore,0.10321937274826794
18,19,2030,wind_onshore,0.12315019215655158
18,20,2030,wind_onshore,0.14911541025503594
18,21,2030,wind_onshore,0.17363438597870226
18,22,2030,wind_onshore,0.17634328886378087
18,23,2030,wind_onshore,0.13144298059974982
18,24,2030,wind_onshore,0.13469391526495117
19,1,2030,demand,0.4886299103469943
19,2,2030,demand,0.48263465017241314
19,3,2030,demand,0.47666529006063935
19,4,2030,demand,0.4679547019265678
19,5,2030,demand,0.4589903170917426
19,6,2030,demand,0.47061064806786135
19,7,2030,demand,0.48159891215763273
19,8,2030,demand,0.5117913134098676
19,9,2030,demand,0.5365999061507479
19,10,2030,demand,0.5596356849932965
19,11,2030,demand,0.5713709860397646
19,12,2030,demand,0.5711538881372111
19,13,2030,demand,0.5793604736726929
19,14,2030,demand,0.5735649005968372
19,15,2030,demand,0.5536172786071252
19,16,2030,demand,0.5509785024381605
19,17,2030,demand,0.5442978594392854
19,18,2030,demand,0.5524466942735904
19,19,2030,demand,0.5618510399790635
19,20,2030,demand,0.5668599887156613
19,21,2030,demand,0.564496224923393
19,22,2030,demand,0.5442225197380484
19,23,2030,demand,0.5072716060648476
19,24,2030,demand,0.5018244187275873
19,1,2030,hydro_inflow,0.25105865651403647
19,2,2030,hydro_inflow,0.25145138768770636
19,3,2030,hydro_inflow,0.2596395357960214
19,4,2030,hydro_inflow,0.260680670889812
19,5,2030,hydro_inflow,0.25906325132043456
19,6,2030,hydro_inflow,0.2609653809556074
19,7,2030,hydro_inflow,0.25769150606344726
19,8,2030,hydro_inflow,0.2598134721379191
19,9,2030,hydro_inflow,0.26001365771378687
19,10,2030,hydro_inflow,0.26137642401817257
19,11,2030,hydro_inflow,0.2632600384538054
19,12,2030,hydro_inflow,0.26415912706469863
19,13,2030,hydro_inflow,0.25988109827373534
19,14,2030,hydro_inflow,0.2646186203655283
19,15,2030,hydro_inflow,0.2661757373632999
19,16,2030,hydro_inflow,0.2649093781917063
19,17,2030,hydro_inflow,0.2682405872589227
19,18,2030,hydro_inflow,0.26921411302888776
19,19,2030,hydro_inflow,0.2682891323893494
19,20,2030,hydro_inflow,0.2641269537708824
19,21,2030,hydro_inflow,0.2633726671501566
19,22,2030,hydro_inflow,0.265484062110807
19,23,2030,hydro_inflow,0.2627504640193942
19,24,2030,hydro_inflow,0.2610860456158875
19,1,2030,solar,0.0
19,2,2030,solar,0.0
19,3,2030,solar,0.0
19,4,2030,solar,0.0
19,5,2030,solar,0.0
19,6,2030,solar,0.0
19,7,2030,solar,0.0
19,8,2030,solar,0.061295014696004145
19,9,2030,solar,0.20020515920048546
19,10,2030,solar,0.3229355735749214
19,11,2030,solar,0.39816482085594107
19,12,2030,solar,0.45959460278437814
19,13,2030,solar,0.46774450316141547
19,14,2030,solar,0.4556082127187292
19,15,2030,solar,0.3994564268214821
19,16,2030,solar,0.3163295298177817
19,17,2030,solar,0.19836051223136247
19,18,2030,solar,0.07059001645686712
19,19,2030,solar,1.209744521717239e-6
19,20,2030,solar,0.0
19,21,2030,solar,0.0
19,22,2030,solar,0.0
19,23,2030,solar,0.0
19,24,2030,solar,0.0
19,1,2030,wind_offshore,0.07295150972141885
19,2,2030,wind_offshore,0.06768283016385883
19,3,2030,wind_offshore,0.06623272242121438
19,4,2030,wind_offshore,0.050806320559582216
19,5,2030,wind_offshore,0.03173226656566465
19,6,2030,wind_offshore,0.01219054400846167
19,7,2030,wind_offshore,0.00216561927685855
19,8,2030,wind_offshore,0.0004615555777951249
19,9,2030,wind_offshore,0.0
19,10,2030,wind_offshore,0.0
19,11,2030,wind_offshore,0.0
19,12,2030,wind_offshore,2.5141428509826213e-5
19,13,2030,wind_offshore,0.0025001838458187852
19,14,2030,wind_offshore,0.014974831596719227
19,15,2030,wind_offshore,0.04064552614342863
19,16,2030,wind_offshore,0.0651371705525631
19,17,2030,wind_offshore,0.09631314890972766
19,18,2030,wind_offshore,0.12829330115083223
19,19,2030,wind_offshore,0.16666419671688845
19,20,2030,wind_offshore,0.21960481870084989
19,21,2030,wind_offshore,0.25884108151785606
19,22,2030,wind_offshore,0.25236244901163163
19,23,2030,wind_offshore,0.2128556992174163
19,24,2030,wind_offshore,0.17086071403119507
19,1,2030,wind_onshore,0.11030547757416426
19,2,2030,wind_onshore,0.10207501354683174
19,3,2030,wind_onshore,0.10276029050454823
19,4,2030,wind_onshore,0.10378637716365091
19,5,2030,wind_onshore,0.09831469949806007
19,6,2030,wind_onshore,0.09103356226804822
19,7,2030,wind_onshore,0.08171072053978126
19,8,2030,wind_onshore,0.0721320188436446
19,9,2030,wind_onshore,0.06330453391653822
19,10,2030,wind_onshore,0.05788585020195939
19,11,2030,wind_onshore,0.0670987372093246
19,12,2030,wind_onshore,0.06517582993926574
19,13,2030,wind_onshore,0.0629137530294164
19,14,2030,wind_onshore,0.06241414589673726
19,15,2030,wind_onshore,0.06498807144440488
19,16,2030,wind_onshore,0.07334748960663053
19,17,2030,wind_onshore,0.08781268691804893
19,18,2030,wind_onshore,0.09520543653376352
19,19,2030,wind_onshore,0.09955776601574727
19,20,2030,wind_onshore,0.08777318841824742
19,21,2030,wind_onshore,0.06956441928907682
19,22,2030,wind_onshore,0.05917108441631905
19,23,2030,wind_onshore,0.05385821836038256
19,24,2030,wind_onshore,0.04864685838499208
20,1,2030,demand,0.5200741322591981
20,2,2030,demand,0.5138803053570653
20,3,2030,demand,0.5081020930634889
20,4,2030,demand,0.49011456947865484
20,5,2030,demand,0.5003754137202541
20,6,2030,demand,0.5327007925978602
20,7,2030,demand,0.5754418560786494
20,8,2030,demand,0.6229032361151787
20,9,2030,demand,0.6627625442900896
20,10,2030,demand,0.6845957667160782
20,11,2030,demand,0.6890165811463415
20,12,2030,demand,0.6781728085473748
20,13,2030,demand,0.660581237663523
20,14,2030,demand,0.6391193630044405
20,15,2030,demand,0.6303006810918556
20,16,2030,demand,0.627151279033272
20,17,2030,demand,0.6245665665536256
20,18,2030,demand,0.6335166400252806
20,19,2030,demand,0.6676328705745038
20,20,2030,demand,0.6774318507395902
20,21,2030,demand,0.6582100028916771
20,22,2030,demand,0.6190557898877623
20,23,2030,demand,0.5607810170857186
20,24,2030,demand,0.5502149780022124
20,1,2030,hydro_inflow,0.5503745311376302
20,2,2030,hydro_inflow,0.5414658229821493
20,3,2030,hydro_inflow,0.5406684020969105
20,4,2030,hydro_inflow,0.5404097234323304
20,5,2030,hydro_inflow,0.5402752144296921
20,6,2030,hydro_inflow,0.5383453395951849
20,7,2030,hydro_inflow,0.5345128358890833
20,8,2030,hydro_inflow,0.5389903766880397
20,9,2030,hydro_inflow,0.5322873430715741
20,10,2030,hydro_inflow,0.5415839626123231
20,11,2030,hydro_inflow,0.5389609185021978
20,12,2030,hydro_inflow,0.5346501095826441
20,13,2030,hydro_inflow,0.5359933326657035
20,14,2030,hydro_inflow,0.5425879104219052
20,15,2030,hydro_inflow,0.5510414652776168
20,16,2030,hydro_inflow,0.550071976536525
20,17,2030,hydro_inflow,0.5475806030509396
20,18,2030,hydro_inflow,0.5464046452548773
20,19,2030,hydro_inflow,0.5420331001620139
20,20,2030,hydro_inflow,0.5446834353701354
20,21,2030,hydro_inflow,0.5410328684683842
20,22,2030,hydro_inflow,0.5483869383954482
20,23,2030,hydro_inflow,0.5566925748927845
20,24,2030,hydro_inflow,0.5536519808069399
20,1,2030,solar,0.0
20,2,2030,solar,0.0
20,3,2030,solar,0.0
20,4,2030,solar,0.0
20,5,2030,solar,0.0
20,6,2030,solar,0.0
20,7,2030,solar,0.0
20,8,2030,solar,0.0
20,9,2030,solar,0.02687288340189105
20,10,2030,solar,0.10291386246269314
20,11,2030,solar,0.20663229906384642
20,12,2030,solar,0.287541135997161
20,13,2030,solar,0.3086686822298343
20,14,2030,solar,0.28709831543991754
20,15,2030,solar,0.2593418342501987
20,16,2030,solar,0.20824796830415082
20,17,2030,solar,0.12329294688731758
20,18,2030,solar,0.02748183654360579
20,19,2030,solar,0.0
20,20,2030,solar,0.0
20,21,2030,solar,0.0
20,22,2030,solar,0.0
20,23,2030,solar,0.0
20,24,2030,solar,0.0
20,1,2030,wind_offshore,1.2047041739538544
20,2,2030,wind_offshore,1.2133847863744665
20,3,2030,wind_offshore,1.21204813364646
20,4,2030,wind_offshore,1.218585139273323
20,5,2030,wind_offshore,1.2201939047073085
20,6,2030,wind_offshore,1.2154813489334204
20,7,2030,wind_offshore,1.2307989482579353
20,8,2030,wind_offshore,1.2208548770197367
20,9,2030,wind_offshore,1.2125458688846162
20,10,2030,wind_offshore,1.2064548956822982
20,11,2030,wind_offshore,1.0760008231619063
20,12,2030,wind_offshore,0.7983531242094178
20,13,2030,wind_offshore,0.4598170464311895
20,14,2030,wind_offshore,0.4233175252114882
20,15,2030,wind_offshore,0.2747085576073727
20,16,2030,wind_offshore,0.07729414290176587
20,17,2030,wind_offshore,0.052337254514605185
20,18,2030,wind_offshore,0.057249037947427465
20,19,2030,wind_offshore,0.01718640337575426
20,20,2030,wind_offshore,0.01244818851655704
20,21,2030,wind_offshore,0.00024980426020508557
20,22,2030,wind_offshore,0.001492852665339356
20,23,2030,wind_offshore,0.0920556442703132
20,24,2030,wind_offshore,0.11892943876579093
20,1,2030,wind_onshore,0.7111488427695012
20,2,2030,wind_onshore,0.7533210719262666
20,3,2030,wind_onshore,0.7841976114228767
20,4,2030,wind_onshore,0.8059271651046714
20,5,2030,wind_onshore,0.8511399409306712
20,6,2030,wind_onshore,0.870791839461558
20,7,2030,wind_onshore,0.8797186159677939
20,8,2030,wind_onshore,0.8750398835949353
20,9,2030,wind_onshore,0.8554547195002254
20,10,2030,wind_onshore,0.8195501415199573
20,11,2030,wind_onshore,0.8354624972911345
20,12,2030,wind_onshore,0.8625409544623032
20,13,2030,wind_onshore,0.8924328478868895
20,14,2030,wind_onshore,0.8837047514155656
20,15,2030,wind_onshore,0.85137703987928
20,16,2030,wind_onshore,0.8011058966953265
20,17,2030,wind_onshore,0.7122231588218076
20,18,2030,wind_onshore,0.6228837881013183
20,19,2030,wind_onshore,0.5699076887803572
20,20,2030,wind_onshore,0.5279263612397419
20,21,2030,wind_onshore,0.48446517333648725
20,22,2030,wind_onshore,0.4426566916706778
20,23,2030,wind_onshore,0.41279643658211757
20,24,2030,wind_onshore,0.41699234549841796
21,1,2030,demand,0.6842398582063786
21,2,2030,demand,0.6585744558257705
21,3,2030,demand,0.6422065288651451
21,4,2030,demand,0.6182342659270484
21,5,2030,demand,0.6218517945811801
21,6,2030,demand,0.6341882078707215
21,7,2030,demand,0.660597429250719
21,8,2030,demand,0.7139736439603874
21,9,2030,demand,0.7966602060176886
21,10,2030,demand,0.8639760231496572
21,11,2030,demand,0.9286708321526976
21,12,2030,demand,1.0045310719838367
21,13,2030,demand,1.0170350615930106
21,14,2030,demand,1.0138767202805985
21,15,2030,demand,1.005802618658046
21,16,2030,demand,1.0096997162017156
21,17,2030,demand,1.015896425528793
21,18,2030,demand,0.980827310444131
21,19,2030,demand,0.94324424742862
21,20,2030,demand,0.915509306524932
21,21,2030,demand,0.9176241719285101
21,22,2030,demand,0.8612328720483209
21,23,2030,demand,0.7687304626783661
21,24,2030,demand,0.7361157604569206
21,1,2030,hydro_inflow,0.27149247328764087
21,2,2030,hydro_inflow,0.26625228877530766
21,3,2030,hydro_inflow,0.2645188484530035
21,4,2030,hydro_inflow,0.27135214307121813
21,5,2030,hydro_inflow,0.27003712744186587
21,6,2030,hydro_inflow,0.2762567104639557
21,7,2030,hydro_inflow,0.28021221211592784
21,8,2030,hydro_inflow,0.2821039212077336
21,9,2030,hydro_inflow,0.28086162901831624
21,10,2030,hydro_inflow,0.27883024216179714
21,11,2030,hydro_inflow,0.2757584110328445
21,12,2030,hydro_inflow,0.27614037514990264
21,13,2030,hydro_inflow,0.2779056801539835
21,14,2030,hydro_inflow,0.2747103090605751
21,15,2030,hydro_inflow,0.2726933944698947
21,16,2030,hydro_inflow,0.27518136862634124
21,17,2030,hydro_inflow,0.275249480953566
21,18,2030,hydro_inflow,0.27731200968332514
21,19,2030,hydro_inflow,0.2767159890680566
21,20,2030,hydro_inflow,0.27428612666209856
21,21,2030,hydro_inflow,0.2767601588737078
21,22,2030,hydro_inflow,0.2753252198896741
21,23,2030,hydro_inflow,0.2752340988283436
21,24,2030,hydro_inflow,0.2680411427343243
21,1,2030,solar,0.0
21,2,2030,solar,0.0
21,3,2030,solar,0.0
21,4,2030,solar,0.0
21,5,2030,solar,0.0
21,6,2030,solar,7.535724807904363e-5
21,7,2030,solar,0.015019964583543656
21,8,2030,solar,0.1194724591935919
21,9,2030,solar,0.25614163598112577
21,10,2030,solar,0.36668398628802795
21,11,2030,solar,0.43498695616218497
21,12,2030,solar,0.47980204235155954
21,13,2030,solar,0.49453100419301194
21,14,2030,solar,0.48789146506589265
21,15,2030,solar,0.4593890755445283
21,16,2030,solar,0.39183818932437436
21,17,2030,solar,0.29961387198505784
21,18,2030,solar,0.1887955558656803
21,19,2030,solar,0.07177024534328169
21,20,2030,solar,0.001284994297422528
21,21,2030,solar,0.0
21,22,2030,solar,0.0
21,23,2030,solar,0.0
21,24,2030,solar,0.0
21,1,2030,wind_offshore,0.2526252970754366
21,2,2030,wind_offshore,0.20786646954468027
21,3,2030,wind_offshore,0.15954453042734396
21,4,2030,wind_offshore,0.11955565990317953
21,5,2030,wind_offshore,0.08944966144039132
21,6,2030,wind_offshore,0.0812781881533924
21,7,2030,wind_offshore,0.09711266144320455
21,8,2030,wind_offshore,0.1264344646928619
21,9,2030,wind_offshore,0.16598841220700625
21,10,2030,wind_offshore,0.1763647114918817
21,11,2030,wind_offshore,0.12452005156730413
21,12,2030,wind_offshore,0.0875454732734553
21,13,2030,wind_offshore,0.06351108455100657
21,14,2030,wind_offshore,0.04487783124677889
21,15,2030,wind_offshore,0.03152075684498582
21,16,2030,wind_offshore,0.042399409763008884
21,17,2030,wind_offshore,0.07143812207860088
21,18,2030,wind_offshore,0.0965207759074542
21,19,2030,wind_offshore,0.10977366051626113
21,20,2030,wind_offshore,0.11824332383477619
21,21,2030,wind_offshore,0.1238076713781234
21,22,2030,wind_offshore,0.12959782945282047
21,23,2030,wind_offshore,0.112764803634151
21,24,2030,wind_offshore,0.09956326146902764
21,1,2030,wind_onshore,0.14003262875450212
21,2,2030,wind_onshore,0.1372102504639524
21,3,2030,wind_onshore,0.12759828566891002
21,4,2030,wind_onshore,0.11333532755744616
21,5,2030,wind_onshore,0.10417058804217541
21,6,2030,wind_onshore,0.09581360926070845
21,7,2030,wind_onshore,0.08322830994579308
21,8,2030,wind_onshore,0.06811914913079149
21,9,2030,wind_onshore,0.0617599701392235
21,10,2030,wind_onshore,0.06725757138719886
21,11,2030,wind_onshore,0.061769981214344516
21,12,2030,wind_onshore,0.07054614382979155
21,13,2030,wind_onshore,0.08751810422790508
21,14,2030,wind_onshore,0.10580809152841564
21,15,2030,wind_onshore,0.1298725480295012
21,16,2030,wind_onshore,0.1482935761119168
21,17,2030,wind_onshore,0.1678206723213476
21,18,2030,wind_onshore,0.18738626991537607
21,19,2030,wind_onshore,0.20712521227506137
21,20,2030,wind_onshore,0.20969777281679497
21,21,2030,wind_onshore,0.21679520019809503
21,22,2030,wind_onshore,0.20567923348600067
21,23,2030,wind_onshore,0.1755252151571825
21,24,2030,wind_onshore,0.16339602387528868
22,1,2030,demand,0.44915091992518835
22,2,2030,demand,0.42990812221221314
22,3,2030,demand,0.4130808049923818
22,4,2030,demand,0.40084617447735904
22,5,2030,demand,0.40730015529271524
22,6,2030,demand,0.41109301870338616
22,7,2030,demand,0.432690673174624
22,8,2030,demand,0.4668310345106429
22,9,2030,demand,0.5048077721890255
22,10,2030,demand,0.536205272611106
22,11,2030,demand,0.5609415176218241
22,12,2030,demand,0.5711571359713543
22,13,2030,demand,0.5663668606008184
22,14,2030,demand,0.5544081462411472
22,15,2030,demand,0.5371039663933419
22,16,2030,demand,0.5269996953251493
22,17,2030,demand,0.5272047491734876
22,18,2030,demand,0.5404659426932058
22,19,2030,demand,0.5486568277098796
22,20,2030,demand,0.5746307979617437
22,21,2030,demand,0.5803487221822418
22,22,2030,demand,0.5562490576376911
22,23,2030,demand,0.5226686458184587
22,24,2030,demand,0.5093247431530474
22,1,2030,hydro_inflow,0.23414622654029277
22,2,2030,hydro_inflow,0.23380056142457945
22,3,2030,hydro_inflow,0.23441236948603256
22,4,2030,hydro_inflow,0.2352645635126016
22,5,2030,hydro_inflow,0.2350460115027069
22,6,2030,hydro_inflow,0.23308200362211098
22,7,2030,hydro_inflow,0.23085089788170732
22,8,2030,hydro_inflow,0.23270103639105374
22,9,2030,hydro_inflow,0.230544022519753
22,10,2030,hydro_inflow,0.23618736866480286
22,11,2030,hydro_inflow,0.23921675394143882
22,12,2030,hydro_inflow,0.24173334436769758
22,13,2030,hydro_inflow,0.2441308512846838
22,14,2030,hydro_inflow,0.2408657309372064
22,15,2030,hydro_inflow,0.2387729685335234
22,16,2030,hydro_inflow,0.23964513662788758
22,17,2030,hydro_inflow,0.23596150597458715
22,18,2030,hydro_inflow,0.2363316138340342
22,19,2030,hydro_inflow,0.23967998318603922
22,20,2030,hydro_inflow,0.24073301252209953
22,21,2030,hydro_inflow,0.24232955381452193
22,22,2030,hydro_inflow,0.23606301113014702
22,23,2030,hydro_inflow,0.2366862580182034
22,24,2030,hydro_inflow,0.23923392769359955
22,1,2030,solar,0.0
22,2,2030,solar,0.0
22,3,2030,solar,0.0
22,4,2030,solar,0.0
22,5,2030,solar,0.0
22,6,2030,solar,0.0
22,7,2030,solar,0.0
22,8,2030,solar,0.0
22,9,2030,solar,0.016018480431766943
22,10,2030,solar,0.09178809967931849
22,11,2030,solar,0.17606604982126703
22,12,2030,solar,0.23132333645416892
22,13,2030,solar,0.23723152226720134
22,14,2030,solar,0.18388329849449517
22,15,2030,solar,0.12250975503593635
22,16,2030,solar,0.07893897243806847
22,17,2030,solar,0.03277563373795154
22,18,2030,solar,0.0
22,19,2030,solar,0.0
22,20,2030,solar,0.0
22,21,2030,solar,0.0
22,22,2030,solar,0.0
22,23,2030,solar,0.0
22,24,2030,solar,0.0
22,1,2030,wind_offshore,1.1876417425303598
22,2,2030,wind_offshore,1.2066005623634992
22,3,2030,wind_offshore,1.1863681284887906
22,4,2030,wind_offshore,1.1986071263585343
22,5,2030,wind_offshore,1.1753340173103033
22,6,2030,wind_offshore,1.1869821561979101
22,7,2030,wind_offshore,1.1858854726867378
22,8,2030,wind_offshore,1.184824604025427
22,9,2030,wind_offshore,1.1954493135199455
22,10,2030,wind_offshore,1.180271529497424
22,11,2030,wind_offshore,1.1881760055124824
22,12,2030,wind_offshore,1.1829012582695984
22,13,2030,wind_offshore,1.204432543011534
22,14,2030,wind_offshore,1.2162386804738723
22,15,2030,wind_offshore,1.2193790689636685
22,16,2030,wind_offshore,1.2308000014789098
22,17,2030,wind_offshore,1.2495737409850372
22,18,2030,wind_offshore,1.254362210035659
22,19,2030,wind_offshore,1.2440418433885938
22,20,2030,wind_offshore,1.223100461318386
22,21,2030,wind_offshore,1.215941045278504
22,22,2030,wind_offshore,1.227885113271416
22,23,2030,wind_offshore,1.2250311731696255
22,24,2030,wind_offshore,1.1965498994111774
22,1,2030,wind_onshore,0.8611436259861734
22,2,2030,wind_onshore,0.8468314483996173
22,3,2030,wind_onshore,0.8378421309888614
22,4,2030,wind_onshore,0.8201309706192879
22,5,2030,wind_onshore,0.7959666089842741
22,6,2030,wind_onshore,0.7705587503891567
22,7,2030,wind_onshore,0.749665664563559
22,8,2030,wind_onshore,0.7324444314558913
22,9,2030,wind_onshore,0.7115786856161895
22,10,2030,wind_onshore,0.7522155632576977
22,11,2030,wind_onshore,0.764421042031331
22,12,2030,wind_onshore,0.7793735961007231
22,13,2030,wind_onshore,0.7871512597935539
22,14,2030,wind_onshore,0.7827047637923966
22,15,2030,wind_onshore,0.81963528086802
22,16,2030,wind_onshore,0.8254372282647248
22,17,2030,wind_onshore,0.8681953961453984
22,18,2030,wind_onshore,0.8967777180361015
22,19,2030,wind_onshore,0.9024568041559263
22,20,2030,wind_onshore,0.9098904700432093
22,21,2030,wind_onshore,0.9327086467096984
22,22,2030,wind_onshore,0.914011896126915
22,23,2030,wind_onshore,0.907441538472621
22,24,2030,wind_onshore,0.9130630623023329
23,1,2030,demand,0.5226742709182538
23,2,2030,demand,0.5031580219774657
23,3,2030,demand,0.4990856845414799
23,4,2030,demand,0.4943685929639914
23,5,2030,demand,0.5132810426126183
23,6,2030,demand,0.5447965596492911
23,7,2030,demand,0.5957903121469489
23,8,2030,demand,0.6493587966334946
23,9,2030,demand,0.6859703022864182
23,10,2030,demand,0.7145630805578098
23,11,2030,demand,0.7234301877985552
23,12,2030,demand,0.7203126904239026
23,13,2030,demand,0.7162291586647239
23,14,2030,demand,0.704192477699956
23,15,2030,demand,0.7022396832367396
23,16,2030,demand,0.6870560662632995
23,17,2030,demand,0.6845553187233958
23,18,2030,demand,0.7148603646879477
23,19,2030,demand,0.7532007157400574
23,20,2030,demand,0.7769567182652402
23,21,2030,demand,0.7642072729144761
23,22,2030,demand,0.7066481925608268
23,23,2030,demand,0.6516942475191267
23,24,2030,demand,0.6125836668866625
23,1,2030,hydro_inflow,0.2455747847741163
23,2,2030,hydro_inflow,0.2479595835229663
23,3,2030,hydro_inflow,0.2510946593912287
23,4,2030,hydro_inflow,0.249447543164545
23,5,2030,hydro_inflow,0.25258325388754477
23,6,2030,hydro_inflow,0.24837485707193466
23,7,2030,hydro_inflow,0.2509195595722893
23,8,2030,hydro_inflow,0.24871287749909549
23,9,2030,hydro_inflow,0.2451685779280997
23,10,2030,hydro_inflow,0.24483565449473124
23,11,2030,hydro_inflow,0.2439940334479554
23,12,2030,hydro_inflow,0.2447511821373469
23,13,2030,hydro_inflow,0.24633316600068617
23,14,2030,hydro_inflow,0.24603214240634297
23,15,2030,hydro_inflow,0.24840094953542344
23,16,2030,hydro_inflow,0.2479734971475137
23,17,2030,hydro_inflow,0.2478238350325756
23,18,2030,hydro_inflow,0.2520838981025872
23,19,2030,hydro_inflow,0.24628851057080173
23,20,2030,hydro_inflow,0.24912952771537322
23,21,2030,hydro_inflow,0.24972020853953883
23,22,2030,hydro_inflow,0.24705114747410828
23,23,2030,hydro_inflow,0.24257761550029908
23,24,2030,hydro_inflow,0.2406651883692852
23,1,2030,solar,0.0
23,2,2030,solar,0.0
23,3,2030,solar,0.0
23,4,2030,solar,0.0
23,5,2030,solar,0.0
23,6,2030,solar,0.0
23,7,2030,solar,0.0
23,8,2030,solar,0.0
23,9,2030,solar,0.147142639727199
23,10,2030,solar,0.3474539922422175
23,11,2030,solar,0.5059719406944545
23,12,2030,solar,0.5968236160327872
23,13,2030,solar,0.5972805295667654
23,14,2030,solar,0.5525202944535452
23,15,2030,solar,0.4437003025863072
23,16,2030,solar,0.29072768126139525
23,17,2030,solar,0.12423889088308723
23,18,2030,solar,0.0
23,19,2030,solar,0.0
23,20,2030,solar,0.0
23,21,2030,solar,0.0
23,22,2030,solar,0.0
23,23,2030,solar,0.0
23,24,2030,solar,0.0
23,1,2030,wind_offshore,0.7918077434274338
23,2,2030,wind_offshore,0.823740594722097
23,3,2030,wind_offshore,0.9375231928222549
23,4,2030,wind_offshore,1.0382098132212865
23,5,2030,wind_offshore,1.0359031051396765
23,6,2030,wind_offshore,0.9883628146210088
23,7,2030,wind_offshore,0.9075520719428639
23,8,2030,wind_offshore,0.8267184978147145
23,9,2030,wind_offshore,0.7680149806595489
23,10,2030,wind_offshore,0.7591810658662255
23,11,2030,wind_offshore,0.7146754535506563
23,12,2030,wind_offshore,0.6989319977579392
23,13,2030,wind_offshore,0.7454513580358887
23,14,2030,wind_offshore,0.7964517725778608
23,15,2030,wind_offshore,0.816110252160753
23,16,2030,wind_offshore,0.8491666760458297
23,17,2030,wind_offshore,0.8280621764383552
23,18,2030,wind_offshore,0.7832504099644856
23,19,2030,wind_offshore,0.7222220826137106
23,20,2030,wind_offshore,0.6940523687464251
23,21,2030,wind_offshore,0.6517662214982974
23,22,2030,wind_offshore,0.6061970401571849
23,23,2030,wind_offshore,0.6467341230385837
23,24,2030,wind_offshore,0.6723621135106493
23,1,2030,wind_onshore,0.43112837546918376
23,2,2030,wind_onshore,0.44076075808228166
23,3,2030,wind_onshore,0.436355307430215
23,4,2030,wind_onshore,0.4433837240885533
23,5,2030,wind_onshore,0.44923067244241155
23,6,2030,wind_onshore,0.4502235491481445
23,7,2030,wind_onshore,0.4539426759489909
23,8,2030,wind_onshore,0.43759100598395523
23,9,2030,wind_onshore,0.4475477030486293
23,10,2030,wind_onshore,0.4170211090712268
23,11,2030,wind_onshore,0.401184365954013
23,12,2030,wind_onshore,0.4455052416063632
23,13,2030,wind_onshore,0.4617970651122053
23,14,2030,wind_onshore,0.4681673772949498
23,15,2030,wind_onshore,0.4582133174704647
23,16,2030,wind_onshore,0.4176773512365093
23,17,2030,wind_onshore,0.3397803418879593
23,18,2030,wind_onshore,0.2860883208962491
23,19,2030,wind_onshore,0.2526661746923603
23,20,2030,wind_onshore,0.2473119768744379
23,21,2030,wind_onshore,0.25374239047262753
23,22,2030,wind_onshore,0.2600899060400034
23,23,2030,wind_onshore,0.3153089329514625
23,24,2030,wind_onshore,0.2963339638177937
24,1,2030,demand,0.489648540734506
24,2,2030,demand,0.4855757752358581
24,3,2030,demand,0.4755045208441878
24,4,2030,demand,0.46803822343519413
24,5,2030,demand,0.47599614568275955
24,6,2030,demand,0.5111499190161095
24,7,2030,demand,0.5369414734306623
24,8,2030,demand,0.5669348365590735
24,9,2030,demand,0.5948132879714402
24,10,2030,demand,0.6146483005260164
24,11,2030,demand,0.6138320098304523
24,12,2030,demand,0.6166323161791251
24,13,2030,demand,0.6105804527085866
24,14,2030,demand,0.5990862553548333
24,15,2030,demand,0.5951843806202382
24,16,2030,demand,0.5969250494531622
24,17,2030,demand,0.6045331899217504
24,18,2030,demand,0.5883179724373184
24,19,2030,demand,0.5824964578344783
24,20,2030,demand,0.5765617737048068
24,21,2030,demand,0.5665631875813316
24,22,2030,demand,0.5307476027379363
24,23,2030,demand,0.49232559128081105
24,24,2030,demand,0.4901601309829791
24,1,2030,hydro_inflow,0.3140756536226988
24,2,2030,hydro_inflow,0.3139464974146118
24,3,2030,hydro_inflow,0.3092976865874137
24,4,2030,hydro_inflow,0.3150383602899243
24,5,2030,hydro_inflow,0.3158306272953178
24,6,2030,hydro_inflow,0.3108713987313339
24,7,2030,hydro_inflow,0.3126646955916067
24,8,2030,hydro_inflow,0.3117979480755981
24,9,2030,hydro_inflow,0.3126318369803117
24,10,2030,hydro_inflow,0.30896091530622
24,11,2030,hydro_inflow,0.30971549305523244
24,12,2030,hydro_inflow,0.3094164571972178
24,13,2030,hydro_inflow,0.3119198797489615
24,14,2030,hydro_inflow,0.3096294077065049
24,15,2030,hydro_inflow,0.310477027804769
24,16,2030,hydro_inflow,0.3191129284403773
24,17,2030,hydro_inflow,0.3135305714442831
24,18,2030,hydro_inflow,0.3191608949356538
24,19,2030,hydro_inflow,0.3153161525773675
24,20,2030,hydro_inflow,0.3099267289316668
24,21,2030,hydro_inflow,0.31015187852781073
24,22,2030,hydro_inflow,0.31077114468786843
24,23,2030,hydro_inflow,0.3108360799912689
24,24,2030,hydro_inflow,0.31545728072697565
24,1,2030,solar,0.0
24,2,2030,solar,0.0
24,3,2030,solar,0.0
24,4,2030,solar,0.0
24,5,2030,solar,0.0
24,6,2030,solar,0.0007275740585946683
24,7,2030,solar,0.054841688880257033
24,8,2030,solar,0.27492261018110464
24,9,2030,solar,0.5216432844308159
24,10,2030,solar,0.7320290999601219
24,11,2030,solar,0.8746779014668283
24,12,2030,solar,0.9581008167562154
24,13,2030,solar,1.000684161882264
24,14,2030,solar,0.9902623649107168
24,15,2030,solar,0.9311081445988508
24,16,2030,solar,0.8080894659176729
24,17,2030,solar,0.6195709594052166
24,18,2030,solar,0.37229473016526216
24,19,2030,solar,0.1242291901590263
24,20,2030,solar,0.0008649791346298837
24,21,2030,solar,0.0
24,22,2030,solar,0.0
24,23,2030,solar,0.0
24,24,2030,solar,0.0
24,1,2030,wind_offshore,0.28183571903233934
24,2,2030,wind_offshore,0.284728544603685
24,3,2030,wind_offshore,0.3264742851024364
24,4,2030,wind_offshore,0.37533300980111045
24,5,2030,wind_offshore,0.42275065767533687
24,6,2030,wind_offshore,0.48525662764138894
24,7,2030,wind_offshore,0.4904673405401947
24,8,2030,wind_offshore,0.45147323515796595
24,9,2030,wind_offshore,0.4645427650839099
24,10,2030,wind_offshore,0.4641325307129842
24,11,2030,wind_offshore,0.3029452860838871
24,12,2030,wind_offshore,0.24645003873455765
24,13,2030,wind_offshore,0.21190473082612069
24,14,2030,wind_offshore,0.23133098375049227
24,15,2030,wind_offshore,0.2806324399194758
24,16,2030,wind_offshore,0.3423158186342385
24,17,2030,wind_offshore,0.3933468028790544
24,18,2030,wind_offshore,0.43989305737221296
24,19,2030,wind_offshore,0.4721424723903443
24,20,2030,wind_offshore,0.5113920216989761
24,21,2030,wind_offshore,0.5328400675182791
24,22,2030,wind_offshore,0.5745235380826917
24,23,2030,wind_offshore,0.4772840523363146
24,24,2030,wind_offshore,0.4321481845418146
24,1,2030,wind_onshore,0.44568576435154655
24,2,2030,wind_onshore,0.4213687642401791
24,3,2030,wind_onshore,0.41037958572448846
24,4,2030,wind_onshore,0.4165580234727135
24,5,2030,wind_onshore,0.44999583554490025
24,6,2030,wind_onshore,0.4543294617092849
24,7,2030,wind_onshore,0.4449730885754959
24,8,2030,wind_onshore,0.4586069387795636
24,9,2030,wind_onshore,0.47200871370647857
24,10,2030,wind_onshore,0.44541365993044446
24,11,2030,wind_onshore,0.3894504790723493
24,12,2030,wind_onshore,0.379369160921014
24,13,2030,wind_onshore,0.3673717326521854
24,14,2030,wind_onshore,0.39681208844225124
24,15,2030,wind_onshore,0.4431726880283254
24,16,2030,wind_onshore,0.4923418787717199
24,17,2030,wind_onshore,0.5331553345405997
24,18,2030,wind_onshore,0.5634946239796482
24,19,2030,wind_onshore,0.5924861272308267
24,20,2030,wind_onshore,0.5868407290426596
24,21,2030,wind_onshore,0.586848863714912
24,22,2030,wind_onshore,0.5621113103260188
24,23,2030,wind_onshore,0.49865866390670927
24,24,2030,wind_onshore,0.4819116272643879
25,1,2030,demand,0.5053835703163263
25,2,2030,demand,0.4928025449181273
25,3,2030,demand,0.48510225552107383
25,4,2030,demand,0.4780967141346095
25,5,2030,demand,0.4810243513643693
25,6,2030,demand,0.5113622907650964
25,7,2030,demand,0.5631575816627805
25,8,2030,demand,0.6189926492910026
25,9,2030,demand,0.6494807779407414
25,10,2030,demand,0.6613649239737412
25,11,2030,demand,0.6476165679512532
25,12,2030,demand,0.6497127155354006
25,13,2030,demand,0.6504640877440523
25,14,2030,demand,0.6244238008679485
25,15,2030,demand,0.6416981401054179
25,16,2030,demand,0.6316226591885477
25,17,2030,demand,0.6311472928755854
25,18,2030,demand,0.6178663065362379
25,19,2030,demand,0.6460941197109916
25,20,2030,demand,0.6661455667204857
25,21,2030,demand,0.6607913371355043
25,22,2030,demand,0.6307496217443896
25,23,2030,demand,0.5728196687138832
25,24,2030,demand,0.5434393378767987
25,1,2030,hydro_inflow,0.5319698717242624
25,2,2030,hydro_inflow,0.5345753245280925
25,3,2030,hydro_inflow,0.5345245543671484
25,4,2030,hydro_inflow,0.5359991760755002
25,5,2030,hydro_inflow,0.5274206618093503
25,6,2030,hydro_inflow,0.5293033306639818
25,7,2030,hydro_inflow,0.5278056632580358
25,8,2030,hydro_inflow,0.5266312977677674
25,9,2030,hydro_inflow,0.5323411132538158
25,10,2030,hydro_inflow,0.5332094714614329
25,11,2030,hydro_inflow,0.5430356467164364
25,12,2030,hydro_inflow,0.5389002725283615
25,13,2030,hydro_inflow,0.5357582220375425
25,14,2030,hydro_inflow,0.5324619886252759
25,15,2030,hydro_inflow,0.535187265169148
25,16,2030,hydro_inflow,0.5363413807977712
25,17,2030,hydro_inflow,0.5327273759600154
25,18,2030,hydro_inflow,0.531634886830576
25,19,2030,hydro_inflow,0.5340640539243778
25,20,2030,hydro_inflow,0.5276691194150605
25,21,2030,hydro_inflow,0.5346163803455173
25,22,2030,hydro_inflow,0.5363645748890964
25,23,2030,hydro_inflow,0.5377051221592212
25,24,2030,hydro_inflow,0.5339249042925368
25,1,2030,solar,0.0
25,2,2030,solar,0.0
25,3,2030,solar,0.0
25,4,2030,solar,0.0
25,5,2030,solar,0.0
25,6,2030,solar,0.0
25,7,2030,solar,0.0
25,8,2030,solar,0.0
25,9,2030,solar,0.07894848559936196
25,10,2030,solar,0.21095352192746913
25,11,2030,solar,0.3140984526887952
25,12,2030,solar,0.39508132279181624
25,13,2030,solar,0.44102594214820684
25,14,2030,solar,0.44731816761329063
25,15,2030,solar,0.4026040278666799
25,16,2030,solar,0.3183441942871161
25,17,2030,solar,0.1993231747205115
25,18,2030,solar,0.07012556976177343
25,19,2030,solar,0.0
25,20,2030,solar,0.0
25,21,2030,solar,0.0
25,22,2030,solar,0.0
25,23,2030,solar,0.0
25,24,2030,solar,0.0
25,1,2030,wind_offshore,0.1018976831273998
25,2,2030,wind_offshore,0.07508598230339146
25,3,2030,wind_offshore,0.04473952206474186
25,4,2030,wind_offshore,0.024306048354791405
25,5,2030,wind_offshore,0.013991863406417112
25,6,2030,wind_offshore,0.011098305262872522
25,7,2030,wind_offshore,0.01907765223629025
25,8,2030,wind_offshore,0.03835692593952439
25,9,2030,wind_offshore,0.0755127592205742
25,10,2030,wind_offshore,0.12255236360070343
25,11,2030,wind_offshore,0.13236802393418215
25,12,2030,wind_offshore,0.160881703507693
25,13,2030,wind_offshore,0.19201852778097578
25,14,2030,wind_offshore,0.2172315382677897
25,15,2030,wind_offshore,0.23801397557759815
25,16,2030,wind_offshore,0.2800909560476129
25,17,2030,wind_offshore,0.3466028755981884
25,18,2030,wind_offshore,0.39042385459976736
25,19,2030,wind_offshore,0.42433116477556365
25,20,2030,wind_offshore,0.46231314963368636
25,21,2030,wind_offshore,0.5093466388611076
25,22,2030,wind_offshore,0.5538454179439206
25,23,2030,wind_offshore,0.5613249439159852
25,24,2030,wind_offshore,0.6062804020057786
25,1,2030,wind_onshore,0.031073313693714272
25,2,2030,wind_onshore,0.03223535227486292
25,3,2030,wind_onshore,0.032687068683698674
25,4,2030,wind_onshore,0.032084455837706895
25,5,2030,wind_onshore,0.03128014458137323
25,6,2030,wind_onshore,0.033398184792780554
25,7,2030,wind_onshore,0.03483219355689434
25,8,2030,wind_onshore,0.035839902818578954
25,9,2030,wind_onshore,0.03487855616572559
25,10,2030,wind_onshore,0.0326047670993695
25,11,2030,wind_onshore,0.02463802755080518
25,12,2030,wind_onshore,0.01552080639926884
25,13,2030,wind_onshore,0.017783323101367068
25,14,2030,wind_onshore,0.02519337590710479
25,15,2030,wind_onshore,0.030651339725614537
25,16,2030,wind_onshore,0.03547928063996217
25,17,2030,wind_onshore,0.03953463734341239
25,18,2030,wind_onshore,0.05052912147051671
25,19,2030,wind_onshore,0.06635848981342041
25,20,2030,wind_onshore,0.0761886851647274
25,21,2030,wind_onshore,0.07982546591941828
25,22,2030,wind_onshore,0.08344491726861235
25,23,2030,wind_onshore,0.1049359837509389
25,24,2030,wind_onshore,0.12020882278596833
26,1,2030,demand,0.5315027534058506
26,2,2030,demand,0.5180884108485349
26,3,2030,demand,0.5085835170296338
26,4,2030,demand,0.49914258550909923
26,5,2030,demand,0.49902376052885417
26,6,2030,demand,0.5158091903964629
26,7,2030,demand,0.5486892478011858
26,8,2030,demand,0.606435845031919
26,9,2030,demand,0.6523132224442623
26,10,2030,demand,0.6735588444173238
26,11,2030,demand,0.6761241572545131
26,12,2030,demand,0.660378550006373
26,13,2030,demand,0.6391400959500977
26,14,2030,demand,0.6225018020790087
26,15,2030,demand,0.605515752689276
26,16,2030,demand,0.6062555084796524
26,17,2030,demand,0.6078227436007484
26,18,2030,demand,0.6185247491664314
26,19,2030,demand,0.6462204673863616
26,20,2030,demand,0.6697012198398824
26,21,2030,demand,0.6583167274482562
26,22,2030,demand,0.6186128455521852
26,23,2030,demand,0.557851880118172
26,24,2030,demand,0.5361907257910843
26,1,2030,hydro_inflow,0.3702701716765037
26,2,2030,hydro_inflow,0.3692741705917814
26,3,2030,hydro_inflow,0.37182500648245137
26,4,2030,hydro_inflow,0.3722491648833253
26,5,2030,hydro_inflow,0.377335261363098
26,6,2030,hydro_inflow,0.3779687417204023
26,7,2030,hydro_inflow,0.3769646761857066
26,8,2030,hydro_inflow,0.3775110257090795
26,9,2030,hydro_inflow,0.3746567013058344
26,10,2030,hydro_inflow,0.3705587761749301
26,11,2030,hydro_inflow,0.37673969110952954
26,12,2030,hydro_inflow,0.3714340435467218
26,13,2030,hydro_inflow,0.3717138070663356
26,14,2030,hydro_inflow,0.37135655576935994
26,15,2030,hydro_inflow,0.36175201205857016
26,16,2030,hydro_inflow,0.3667075333295565
26,17,2030,hydro_inflow,0.36535559884174246
26,18,2030,hydro_inflow,0.36338418023652364
26,19,2030,hydro_inflow,0.3645960401069747
26,20,2030,hydro_inflow,0.3560034462292722
26,21,2030,hydro_inflow,0.35908968114150325
26,22,2030,hydro_inflow,0.36200727698061275
26,23,2030,hydro_inflow,0.36616338160714823
26,24,2030,hydro_inflow,0.36618489345213706
26,1,2030,solar,0.0
26,2,2030,solar,0.0
26,3,2030,solar,0.0
26,4,2030,solar,0.0
26,5,2030,solar,0.0
26,6,2030,solar,0.0
26,7,2030,solar,0.0
26,8,2030,solar,0.0
26,9,2030,solar,0.015662079272234734
26,10,2030,solar,0.06894272632239704
26,11,2030,solar,0.14101855083091727
26,12,2030,solar,0.22602237700880176
26,13,2030,solar,0.33509436303701
26,14,2030,solar,0.42858673958603577
26,15,2030,solar,0.47964906574110716
26,16,2030,solar,0.4213299393202082
26,17,2030,solar,0.26668348487410376
26,18,2030,solar,0.1119244730421891
26,19,2030,solar,0.0
26,20,2030,solar,0.0
26,21,2030,solar,0.0
26,22,2030,solar,0.0
26,23,2030,solar,0.0
26,24,2030,solar,0.0
26,1,2030,wind_offshore,1.1659361298459698
26,2,2030,wind_offshore,1.1938325335685116
26,3,2030,wind_offshore,1.2042547592825976
26,4,2030,wind_offshore,1.2138947218881713
26,5,2030,wind_offshore,1.210441421520559
26,6,2030,wind_offshore,1.2180804301838901
26,7,2030,wind_offshore,1.2041741747414758
26,8,2030,wind_offshore,1.2121068802010762
26,9,2030,wind_offshore,1.2267229135943212
26,10,2030,wind_offshore,1.2184867979673373
26,11,2030,wind_offshore,1.1037881605427453
26,12,2030,wind_offshore,1.2046179678533453
26,13,2030,wind_offshore,1.221172174122474
26,14,2030,wind_offshore,1.2156381054578467
26,15,2030,wind_offshore,1.216222437880247
26,16,2030,wind_offshore,1.2248425360780872
26,17,2030,wind_offshore,1.2301434833491285
26,18,2030,wind_offshore,1.194406064738196
26,19,2030,wind_offshore,1.1955459352011315
26,20,2030,wind_offshore,1.0717270792361306
26,21,2030,wind_offshore,0.8470913814248082
26,22,2030,wind_offshore,0.7416806689559017
26,23,2030,wind_offshore,0.49352354432171497
26,24,2030,wind_offshore,0.43740114491173604
26,1,2030,wind_onshore,0.5643493673983992
26,2,2030,wind_onshore,0.5912750796949522
26,3,2030,wind_onshore,0.5969058932930195
26,4,2030,wind_onshore,0.5934535215620971
26,5,2030,wind_onshore,0.5981871444993733
26,6,2030,wind_onshore,0.6113305427556595
26,7,2030,wind_onshore,0.6316734709984517
26,8,2030,wind_onshore,0.6562642038086419
26,9,2030,wind_onshore,0.6870908566802629
26,10,2030,wind_onshore,0.7416565252350549
26,11,2030,wind_onshore,0.7676549941358634
26,12,2030,wind_onshore,0.827985785540864
26,13,2030,wind_onshore,0.8598715734769102
26,14,2030,wind_onshore,0.8870011817466736
26,15,2030,wind_onshore,0.914777932274066
26,16,2030,wind_onshore,0.9224742403597255
26,17,2030,wind_onshore,0.911392876959099
26,18,2030,wind_onshore,0.8932077276721845
26,19,2030,wind_onshore,0.8629534966119999
26,20,2030,wind_onshore,0.8405187718092028
26,21,2030,wind_onshore,0.8418578739347495
26,22,2030,wind_onshore,0.8437212368740435
26,23,2030,wind_onshore,0.844376152221624
26,24,2030,wind_onshore,0.8604473976522304
27,1,2030,demand,0.530945870995552
27,2,2030,demand,0.5190583351461986
27,3,2030,demand,0.48402534341988185
27,4,2030,demand,0.47594657041599125
27,5,2030,demand,0.5007393271857647
27,6,2030,demand,0.5297321657844934
27,7,2030,demand,0.5603473505922385
27,8,2030,demand,0.5966396944795123
27,9,2030,demand,0.6519801551587882
27,10,2030,demand,0.6786391704218007
27,11,2030,demand,0.7077370245539196
27,12,2030,demand,0.7234966119023482
27,13,2030,demand,0.7356081003081422
27,14,2030,demand,0.7360014948026466
27,15,2030,demand,0.7317763736956303
27,16,2030,demand,0.7350618107260358
27,17,2030,demand,0.7317934532964082
27,18,2030,demand,0.7182232212858936
27,19,2030,demand,0.6998716814798579
27,20,2030,demand,0.6750277927615007
27,21,2030,demand,0.6599661623180675
27,22,2030,demand,0.6148150468405403
27,23,2030,demand,0.5815724998243621
27,24,2030,demand,0.5686823583139143
27,1,2030,hydro_inflow,0.33988808028594975
27,2,2030,hydro_inflow,0.3400727205827018
27,3,2030,hydro_inflow,0.34250116321385843
27,4,2030,hydro_inflow,0.3421734976137544
27,5,2030,hydro_inflow,0.33882672364505523
27,6,2030,hydro_inflow,0.3377648814282355
27,7,2030,hydro_inflow,0.3340005658763958
27,8,2030,hydro_inflow,0.3321548240945668
27,9,2030,hydro_inflow,0.3318253670943072
27,10,2030,hydro_inflow,0.3287435814442399
27,11,2030,hydro_inflow,0.32350380217837044
27,12,2030,hydro_inflow,0.3268748437582229
27,13,2030,hydro_inflow,0.3236535875689731
27,14,2030,hydro_inflow,0.32191135909816776
27,15,2030,hydro_inflow,0.3238783674826264
27,16,2030,hydro_inflow,0.327548906883444
27,17,2030,hydro_inflow,0.3331388413976313
27,18,2030,hydro_inflow,0.336990229691392
27,19,2030,hydro_inflow,0.33936953045111146
27,20,2030,hydro_inflow,0.33806189840363726
27,21,2030,hydro_inflow,0.3378813834705448
27,22,2030,hydro_inflow,0.3318938882210505
27,23,2030,hydro_inflow,0.3279190561145828
27,24,2030,hydro_inflow,0.3241600548101214
27,1,2030,solar,0.0
27,2,2030,solar,0.0
27,3,2030,solar,0.0
27,4,2030,solar,0.0
27,5,2030,solar,0.0
27,6,2030,solar,0.0005846814466390799
27,7,2030,solar,0.030313448297231683
27,8,2030,solar,0.1431018284338485
27,9,2030,solar,0.27467483834277134
27,10,2030,solar,0.39066342394327336
27,11,2030,solar,0.4505518251686223
27,12,2030,solar,0.4878961754161606
27,13,2030,solar,0.48365423920735673
27,14,2030,solar,0.4558041698945546
27,15,2030,solar,0.3966084775257975
27,16,2030,solar,0.3341982165230206
27,17,2030,solar,0.2530921813516388
27,18,2030,solar,0.15856287751714263
27,19,2030,solar,0.06913725845803569
27,20,2030,solar,0.006805254908262335
27,21,2030,solar,0.0
27,22,2030,solar,0.0
27,23,2030,solar,0.0
27,24,2030,solar,0.0
27,1,2030,wind_offshore,0.04389037829414557
27,2,2030,wind_offshore,0.05314130756890413
27,3,2030,wind_offshore,0.05915630097721975
27,4,2030,wind_offshore,0.06425163336391598
27,5,2030,wind_offshore,0.07091705064012482
27,6,2030,wind_offshore,0.07976475021538347
27,7,2030,wind_offshore,0.08627926438919226
27,8,2030,wind_offshore,0.08388594817735487
27,9,2030,wind_offshore,0.06800861494929987
27,10,2030,wind_offshore,0.04073313238881452
27,11,2030,wind_offshore,0.0192833298048198
27,12,2030,wind_offshore,0.009882310542917622
27,13,2030,wind_offshore,0.004287042933967413
27,14,2030,wind_offshore,0.002656843418577663
27,15,2030,wind_offshore,0.0040045907213727356
27,16,2030,wind_offshore,0.007601521577352518
27,17,2030,wind_offshore,0.008983870847775108
27,18,2030,wind_offshore,0.005215401085158764
27,19,2030,wind_offshore,0.0013010175075737283
27,20,2030,wind_offshore,0.0009467049473496866
27,21,2030,wind_offshore,0.0037940805712112875
27,22,2030,wind_offshore,0.02000586602295361
27,23,2030,wind_offshore,0.027334608912859566
27,24,2030,wind_offshore,0.0277874673614697
27,1,2030,wind_onshore,0.09443336538467503
27,2,2030,wind_onshore,0.07561721913537896
27,3,2030,wind_onshore,0.059378833904805195
27,4,2030,wind_onshore,0.04680324668529245
27,5,2030,wind_onshore,0.041845260967731494
27,6,2030,wind_onshore,0.03861607995542461
27,7,2030,wind_onshore,0.03311492867676191
27,8,2030,wind_onshore,0.018205033288301663
27,9,2030,wind_onshore,0.013011170645245535
27,10,2030,wind_onshore,0.011998834024045562
27,11,2030,wind_onshore,0.013893885953147793
27,12,2030,wind_onshore,0.01473269860687601
27,13,2030,wind_onshore,0.017963348683751813
27,14,2030,wind_onshore,0.02406736711857326
27,15,2030,wind_onshore,0.03196749229407354
27,16,2030,wind_onshore,0.045161162367956295
27,17,2030,wind_onshore,0.06324283598749927
27,18,2030,wind_onshore,0.08343649072975232
27,19,2030,wind_onshore,0.09772930248295761
27,20,2030,wind_onshore,0.10903144843397619
27,21,2030,wind_onshore,0.12315370741214639
27,22,2030,wind_onshore,0.1256138338254729
27,23,2030,wind_onshore,0.11852566524196012
27,24,2030,wind_onshore,0.10007036838861555
28,1,2030,demand,0.6138647583141195
28,2,2030,demand,0.5992807775392355
28,3,2030,demand,0.588808505129093
28,4,2030,demand,0.5743456135485276
28,5,2030,demand,0.5782061530828607
28,6,2030,demand,0.5931366358628344
28,7,2030,demand,0.6102029811911397
28,8,2030,demand,0.6652028762170938
28,9,2030,demand,0.7376438129619636
28,10,2030,demand,0.8022194148738033
28,11,2030,demand,0.8429409290821424
28,12,2030,demand,0.8900104036591372
28,13,2030,demand,0.8975173298685841
28,14,2030,demand,0.8909922549641484
28,15,2030,demand,0.8973361478122469
28,16,2030,demand,0.8793791944187297
28,17,2030,demand,0.8729864162619692
28,18,2030,demand,0.8644724768592016
28,19,2030,demand,0.8421458832372585
28,20,2030,demand,0.8220406428702232
28,21,2030,demand,0.8090320791586854
28,22,2030,demand,0.7577309098654924
28,23,2030,demand,0.6952321826713657
28,24,2030,demand,0.6667240373407527
28,1,2030,hydro_inflow,0.3549198352903629
28,2,2030,hydro_inflow,0.3599662608828984
28,3,2030,hydro_inflow,0.3593200812494534
28,4,2030,hydro_inflow,0.3615290588888015
28,5,2030,hydro_inflow,0.36072797569221093
28,6,2030,hydro_inflow,0.3582369190487381
28,7,2030,hydro_inflow,0.3610137471228087
28,8,2030,hydro_inflow,0.36293760157996624
28,9,2030,hydro_inflow,0.36649674481824784
28,10,2030,hydro_inflow,0.3656650308900891
28,11,2030,hydro_inflow,0.36250849903005194
28,12,2030,hydro_inflow,0.3610839964503892
28,13,2030,hydro_inflow,0.36226008025982626
28,14,2030,hydro_inflow,0.3612553550425162
28,15,2030,hydro_inflow,0.35732912015005486
28,16,2030,hydro_inflow,0.35215023067521567
28,17,2030,hydro_inflow,0.35369930412457373
28,18,2030,hydro_inflow,0.3600126643758788
28,19,2030,hydro_inflow,0.3628677550288477
28,20,2030,hydro_inflow,0.3640879390736829
28,21,2030,hydro_inflow,0.36165346584161173
28,22,2030,hydro_inflow,0.35962861876135577
28,23,2030,hydro_inflow,0.35734389772810826
28,24,2030,hydro_inflow,0.3572197458039233
28,1,2030,solar,0.0
28,2,2030,solar,0.0
28,3,2030,solar,0.0
28,4,2030,solar,0.0
28,5,2030,solar,0.0
28,6,2030,solar,0.0
28,7,2030,solar,0.004916035893263786
28,8,2030,solar,0.09906743089539012
28,9,2030,solar,0.24290059388607912
28,10,2030,solar,0.36537253067582903
28,11,2030,solar,0.4523925226849505
28,12,2030,solar,0.4981184761247428
28,13,2030,solar,0.5028610432142959
28,14,2030,solar,0.49585183842160335
28,15,2030,solar,0.4704178847519405
28,16,2030,solar,0.3933036213615741
28,17,2030,solar,0.2981884548826463
28,18,2030,solar,0.1787727443463592
28,19,2030,solar,0.05158228784671381
28,20,2030,solar,0.0005038261473329908
28,21,2030,solar,0.0
28,22,2030,solar,0.0
28,23,2030,solar,0.0
28,24,2030,solar,0.0
28,1,2030,wind_offshore,0.14785554978387272
28,2,2030,wind_offshore,0.14860076268093053
28,3,2030,wind_offshore,0.14581755283988443
28,4,2030,wind_offshore,0.14659933616454565
28,5,2030,wind_offshore,0.14310964739650728
28,6,2030,wind_offshore,0.13355472973370125
28,7,2030,wind_offshore,0.13432242873092945
28,8,2030,wind_offshore,0.14290352949762608
28,9,2030,wind_offshore,0.14736444335021293
28,10,2030,wind_offshore,0.16006948663281975
28,11,2030,wind_offshore,0.26146582757072157
28,12,2030,wind_offshore,0.365285863264222
28,13,2030,wind_offshore,0.5136828694783195
28,14,2030,wind_offshore,0.5903569129935492
28,15,2030,wind_offshore,0.5915584246592179
28,16,2030,wind_offshore,0.6012202181696856
28,17,2030,wind_offshore,0.6108521364924417
28,18,2030,wind_offshore,0.6271244721939696
28,19,2030,wind_offshore,0.6550984330381796
28,20,2030,wind_offshore,0.6717130743259245
28,21,2030,wind_offshore,0.6710068412543057
28,22,2030,wind_offshore,0.6724853278078924
28,23,2030,wind_offshore,0.6564311656641383
28,24,2030,wind_offshore,0.6486708866073577
28,1,2030,wind_onshore,0.1751875223670704
28,2,2030,wind_onshore,0.16399762565166995
28,3,2030,wind_onshore,0.15643303824920693
28,4,2030,wind_onshore,0.15261262797206465
28,5,2030,wind_onshore,0.15184489733358833
28,6,2030,wind_onshore,0.15205551494768335
28,7,2030,wind_onshore,0.15623568905207746
28,8,2030,wind_onshore,0.15849663649693913
28,9,2030,wind_onshore,0.1588540195630866
28,10,2030,wind_onshore,0.1643285977721097
28,11,2030,wind_onshore,0.15773024747146724
28,12,2030,wind_onshore,0.159048604549335
28,13,2030,wind_onshore,0.1618089276937231
28,14,2030,wind_onshore,0.17382980785797528
28,15,2030,wind_onshore,0.18827109200303346
28,16,2030,wind_onshore,0.2073640339105657
28,17,2030,wind_onshore,0.23166982215536044
28,18,2030,wind_onshore,0.265754384171785
28,19,2030,wind_onshore,0.29877372174660727
28,20,2030,wind_onshore,0.3272295885537855
28,21,2030,wind_onshore,0.35205362431795734
28,22,2030,wind_onshore,0.3508474656094495
28,23,2030,wind_onshore,0.3229941663934717
28,24,2030,wind_onshore,0.30792966232550256
29,1,2030,demand,0.5115234657830583
29,2,2030,demand,0.4928835302567964
29,3,2030,demand,0.47510651902052203
29,4,2030,demand,0.4563828291301098
29,5,2030,demand,0.4569644467795443
29,6,2030,demand,0.47048285486315045
29,7,2030,demand,0.49561219374002785
29,8,2030,demand,0.5337990460735184
29,9,2030,demand,0.5748230485065212
29,10,2030,demand,0.6039188377404019
29,11,2030,demand,0.6182643441798745
29,12,2030,demand,0.624398314300635
29,13,2030,demand,0.620455731368658
29,14,2030,demand,0.614345769704467
29,15,2030,demand,0.5912870028387508
29,16,2030,demand,0.5810528738886792
29,17,2030,demand,0.5724395837696361
29,18,2030,demand,0.5730816210796625
29,19,2030,demand,0.5969097151139092
29,20,2030,demand,0.6184457559727985
29,21,2030,demand,0.6274755788034095
29,22,2030,demand,0.5929130925148669
29,23,2030,demand,0.5411121201333544
29,24,2030,demand,0.5212065952344157
29,1,2030,hydro_inflow,0.23984970069886039
29,2,2030,hydro_inflow,0.24010328285877974
29,3,2030,hydro_inflow,0.23670610084750246
29,4,2030,hydro_inflow,0.2346923483499716
29,5,2030,hydro_inflow,0.23518497882438727
29,6,2030,hydro_inflow,0.23806019808659962
29,7,2030,hydro_inflow,0.24194866331660547
29,8,2030,hydro_inflow,0.24025399121111576
29,9,2030,hydro_inflow,0.23849622243320195
29,10,2030,hydro_inflow,0.24006099228442182
29,11,2030,hydro_inflow,0.2382092452025412
29,12,2030,hydro_inflow,0.23716475143002036
29,13,2030,hydro_inflow,0.2375734143575203
29,14,2030,hydro_inflow,0.2369832962365884
29,15,2030,hydro_inflow,0.23655747908677383
29,16,2030,hydro_inflow,0.2376272945488823
29,17,2030,hydro_inflow,0.236260368927577
29,18,2030,hydro_inflow,0.23346227085078422
29,19,2030,hydro_inflow,0.23602960567361325
29,20,2030,hydro_inflow,0.23615709417107142
29,21,2030,hydro_inflow,0.23305257858648915
29,22,2030,hydro_inflow,0.23138953711589533
29,23,2030,hydro_inflow,0.23248969541658324
29,24,2030,hydro_inflow,0.23433646460072924
29,1,2030,solar,0.0
29,2,2030,solar,0.0
29,3,2030,solar,0.0
29,4,2030,solar,0.0
29,5,2030,solar,0.0
29,6,2030,solar,0.0
29,7,2030,solar,0.0
29,8,2030,solar,0.0
29,9,2030,solar,0.009554737591652476
29,10,2030,solar,0.05431114695377677
29,11,2030,solar,0.10651406622288685
29,12,2030,solar,0.13801565478609787
29,13,2030,solar,0.14190723657711254
29,14,2030,solar,0.1104779111912358
29,15,2030,solar,0.07202786979243272
29,16,2030,solar,0.046171006947908336
29,17,2030,solar,0.018821344510905832
29,18,2030,solar,0.0
29,19,2030,solar,0.0
29,20,2030,solar,0.0
29,21,2030,solar,0.0
29,22,2030,solar,0.0
29,23,2030,solar,0.0
29,24,2030,solar,0.0
29,1,2030,wind_offshore,0.6394230713378874
29,2,2030,wind_offshore,0.6378739105505892
29,3,2030,wind_offshore,0.6433994116564313
29,4,2030,wind_offshore,0.6390921554892187
29,5,2030,wind_offshore,0.6384292083086637
29,6,2030,wind_offshore,0.6359859644088941
29,7,2030,wind_offshore,0.634638765133261
29,8,2030,wind_offshore,0.6299645732133167
29,9,2030,wind_offshore,0.625851546568977
29,10,2030,wind_offshore,0.623223732815778
29,11,2030,wind_offshore,0.6299808144858021
29,12,2030,wind_offshore,0.621609749751197
29,13,2030,wind_offshore,0.6333425131530654
29,14,2030,wind_offshore,0.6317129782122728
29,15,2030,wind_offshore,0.6337794131370121
29,16,2030,wind_offshore,0.6288927088328187
29,17,2030,wind_offshore,0.6336184980561577
29,18,2030,wind_offshore,0.6282207458987438
29,19,2030,wind_offshore,0.6379763281605245
29,20,2030,wind_offshore,0.6390809979851411
29,21,2030,wind_offshore,0.6344468495487681
29,22,2030,wind_offshore,0.6318194551941746
29,23,2030,wind_offshore,0.6378662741805102
29,24,2030,wind_offshore,0.6262859202356155
29,1,2030,wind_onshore,0.4902317707653252
29,2,2030,wind_onshore,0.4839799326565099
29,3,2030,wind_onshore,0.467199515496394
29,4,2030,wind_onshore,0.45906892566949964
29,5,2030,wind_onshore,0.45508795108190814
29,6,2030,wind_onshore,0.4525850776133905
29,7,2030,wind_onshore,0.43133033279700933
29,8,2030,wind_onshore,0.42440046499511397
29,9,2030,wind_onshore,0.4178470225320507
29,10,2030,wind_onshore,0.4293816052850151
29,11,2030,wind_onshore,0.45155863433261817
29,12,2030,wind_onshore,0.45901100409260026
29,13,2030,wind_onshore,0.47962761167328866
29,14,2030,wind_onshore,0.4784497420177371
29,15,2030,wind_onshore,0.49582324177699516
29,16,2030,wind_onshore,0.4985226214514352
29,17,2030,wind_onshore,0.5285681462285529
29,18,2030,wind_onshore,0.532899957300663
29,19,2030,wind_onshore,0.5257519159103664
29,20,2030,wind_onshore,0.5176058882613652
29,21,2030,wind_onshore,0.5157226815739624
29,22,2030,wind_onshore,0.5098304271620034
29,23,2030,wind_onshore,0.5049412913130188
29,24,2030,wind_onshore,0.5103523640541671
30,1,2030,demand,0.5155985235063404
30,2,2030,demand,0.503537287970712
30,3,2030,demand,0.49427468628882404
30,4,2030,demand,0.4841523391031799
30,5,2030,demand,0.4758960243368528
30,6,2030,demand,0.4543917659137323
30,7,2030,demand,0.45178768578784945
30,8,2030,demand,0.4753634373727371
30,9,2030,demand,0.5060549559581969
30,10,2030,demand,0.534683743214674
30,11,2030,demand,0.5515066408326114
30,12,2030,demand,0.5545891514753303
30,13,2030,demand,0.562856835680966
30,14,2030,demand,0.5591304260138557
30,15,2030,demand,0.5457716745378632
30,16,2030,demand,0.5311016308204077
30,17,2030,demand,0.5348704429394111
30,18,2030,demand,0.5527460646015636
30,19,2030,demand,0.5802182409072864
30,20,2030,demand,0.5991109658687347
30,21,2030,demand,0.6095793642693402
30,22,2030,demand,0.5969836474795738
30,23,2030,demand,0.5607486256560823
30,24,2030,demand,0.5478923203883784
30,1,2030,hydro_inflow,0.4771079015706103
30,2,2030,hydro_inflow,0.4815825342487829
30,3,2030,hydro_inflow,0.47541325018963543
30,4,2030,hydro_inflow,0.4658148385622023
30,5,2030,hydro_inflow,0.47161985179950394
30,6,2030,hydro_inflow,0.47130025033108647
30,7,2030,hydro_inflow,0.46620679659499337
30,8,2030,hydro_inflow,0.467366503017172
30,9,2030,hydro_inflow,0.4631170601372525
30,10,2030,hydro_inflow,0.45959133704038246
30,11,2030,hydro_inflow,0.4567342206585268
30,12,2030,hydro_inflow,0.46476514027826354
30,13,2030,hydro_inflow,0.46060547900386645
30,14,2030,hydro_inflow,0.4596594300669855
30,15,2030,hydro_inflow,0.45697572442105
30,16,2030,hydro_inflow,0.4613900243638242
30,17,2030,hydro_inflow,0.46242776808662334
30,18,2030,hydro_inflow,0.45749179397401374
30,19,2030,hydro_inflow,0.4566085785895575
30,20,2030,hydro_inflow,0.4480867837635994
30,21,2030,hydro_inflow,0.4463029789935016
30,22,2030,hydro_inflow,0.4445787131855889
30,23,2030,hydro_inflow,0.450843843850416
30,24,2030,hydro_inflow,0.4479212670781297
30,1,2030,solar,0.0
30,2,2030,solar,0.0
30,3,2030,solar,0.0
30,4,2030,solar,0.0
30,5,2030,solar,0.0
30,6,2030,solar,0.0
30,7,2030,solar,0.0
30,8,2030,solar,0.0
30,9,2030,solar,0.009927391271072675
30,10,2030,solar,0.0636515248416416
30,11,2030,solar,0.12604687235048279
30,12,2030,solar,0.18456192494230897
30,13,2030,solar,0.22369297003275482
30,14,2030,solar,0.23743530142816094
30,15,2030,solar,0.22867115742039734
30,16,2030,solar,0.17687647339484447
30,17,2030,solar,0.08782890398449077
30,18,2030,solar,0.0
30,19,2030,solar,0.0
30,20,2030,solar,0.0
30,21,2030,solar,0.0
30,22,2030,solar,0.0
30,23,2030,solar,0.0
30,24,2030,solar,0.0
30,1,2030,wind_offshore,0.373829530659909
30,2,2030,wind_offshore,0.3786806768226543
30,3,2030,wind_offshore,0.43744270583508277
30,4,2030,wind_offshore,0.5605303987781519
30,5,2030,wind_offshore,0.6230816141900927
30,6,2030,wind_offshore,0.6562306631960282
30,7,2030,wind_offshore,0.6559179126735261
30,8,2030,wind_offshore,0.6330919377988705
30,9,2030,wind_offshore,0.6211360379101976
30,10,2030,wind_offshore,0.5982985058937641
30,11,2030,wind_offshore,0.5080591303921644
30,12,2030,wind_offshore,0.40949599657222874
30,13,2030,wind_offshore,0.35167080915564086
30,14,2030,wind_offshore,0.335211105904776
30,15,2030,wind_offshore,0.32578282218006394
30,16,2030,wind_offshore,0.3063068137657666
30,17,2030,wind_offshore,0.28110835571578013
30,18,2030,wind_offshore,0.2512162512536271
30,19,2030,wind_offshore,0.23572886663780046
30,20,2030,wind_offshore,0.20882167680587863
30,21,2030,wind_offshore,0.1872074151908013
30,22,2030,wind_offshore,0.1561516374734755
30,23,2030,wind_offshore,0.09871840804336118
30,24,2030,wind_offshore,0.08185136000764572
30,1,2030,wind_onshore,0.4057662664704348
30,2,2030,wind_onshore,0.4038026496718969
30,3,2030,wind_onshore,0.40318673554046747
30,4,2030,wind_onshore,0.406128699692359
30,5,2030,wind_onshore,0.4148078950083179
30,6,2030,wind_onshore,0.43038745869334544
30,7,2030,wind_onshore,0.43406642268135237
30,8,2030,wind_onshore,0.43579849295543754
30,9,2030,wind_onshore,0.4360214577566502
30,10,2030,wind_onshore,0.42745105873395034
30,11,2030,wind_onshore,0.4181941801641352
30,12,2030,wind_onshore,0.43769885277544746
30,13,2030,wind_onshore,0.4443201655051532
30,14,2030,wind_onshore,0.4511142755278083
30,15,2030,wind_onshore,0.45310728774764897
30,16,2030,wind_onshore,0.45170997126133416
30,17,2030,wind_onshore,0.41384520687211895
30,18,2030,wind_onshore,0.3922362751172593
30,19,2030,wind_onshore,0.36790144077238335
30,20,2030,wind_onshore,0.34462474902726337
30,21,2030,wind_onshore,0.3303626068569328
30,22,2030,wind_onshore,0.315192986604417
30,23,2030,wind_onshore,0.3279431866852294
30,24,2030,wind_onshore,0.32419766306560566
31,1,2030,demand,0.4536546646612956
31,2,2030,demand,0.4499202179593489
31,3,2030,demand,0.4478102186647319
31,4,2030,demand,0.4401112646233348
31,5,2030,demand,0.45985682003717115
31,6,2030,demand,0.48874787079323445
31,7,2030,demand,0.5322171422084866
31,8,2030,demand,0.5706824781275168
31,9,2030,demand,0.5914666682666208
31,10,2030,demand,0.6009787014722568
31,11,2030,demand,0.6032346967073157
31,12,2030,demand,0.6172768507196638
31,13,2030,demand,0.6030663435237529
31,14,2030,demand,0.5911333868688087
31,15,2030,demand,0.5840864508826895
31,16,2030,demand,0.5879612597623538
31,17,2030,demand,0.5819942345160174
31,18,2030,demand,0.5894608287755327
31,19,2030,demand,0.5822711253900588
31,20,2030,demand,0.5922623339075747
31,21,2030,demand,0.569183459485662
31,22,2030,demand,0.5349501941432903
31,23,2030,demand,0.4939464232766431
31,24,2030,demand,0.4810334522214671
31,1,2030,hydro_inflow,0.27577520276858214
31,2,2030,hydro_inflow,0.27579497327136204
31,3,2030,hydro_inflow,0.27452039860631083
31,4,2030,hydro_inflow,0.27477191287096053
31,5,2030,hydro_inflow,0.2712722918523066
31,6,2030,hydro_inflow,0.26810374879907006
31,7,2030,hydro_inflow,0.2734552507535529
31,8,2030,hydro_inflow,0.27608935654203753
31,9,2030,hydro_inflow,0.2758059858893989
31,10,2030,hydro_inflow,0.27260957327867913
31,11,2030,hydro_inflow,0.2750538810766502
31,12,2030,hydro_inflow,0.2739895708572048
31,13,2030,hydro_inflow,0.2754185505132546
31,14,2030,hydro_inflow,0.27812485720355024
31,15,2030,hydro_inflow,0.27496912584336636
31,16,2030,hydro_inflow,0.27356905539052484
31,17,2030,hydro_inflow,0.27284466685358466
31,18,2030,hydro_inflow,0.2700520989306158
31,19,2030,hydro_inflow,0.2712939897298649
31,20,2030,hydro_inflow,0.27007051834641804
31,21,2030,hydro_inflow,0.2755309838302509
31,22,2030,hydro_inflow,0.2740863634059897
31,23,2030,hydro_inflow,0.27767482132957105
31,24,2030,hydro_inflow,0.2730329889520146
31,1,2030,solar,0.0
31,2,2030,solar,0.0
31,3,2030,solar,0.0
31,4,2030,solar,0.0
31,5,2030,solar,0.0
31,6,2030,solar,0.0
31,7,2030,solar,0.0
31,8,2030,solar,0.045109163292918045
31,9,2030,solar,0.15691708856606612
31,10,2030,solar,0.2733417442117599
31,11,2030,solar,0.3474258994045993
31,12,2030,solar,0.4060898580393088
31,13,2030,solar,0.4351252873807473
31,14,2030,solar,0.4079582717947921
31,15,2030,solar,0.360108605229618
31,16,2030,solar,0.28297105827533053
31,17,2030,solar,0.1745332007998615
31,18,2030,solar,0.05871995136415059
31,19,2030,solar,0.0
31,20,2030,solar,0.0
31,21,2030,solar,0.0
31,22,2030,solar,0.0
31,23,2030,solar,0.0
31,24,2030,solar,0.0
31,1,2030,wind_offshore,0.5079745728243965
31,2,2030,wind_offshore,0.5012359403073898
31,3,2030,wind_offshore,0.4879403650983948
31,4,2030,wind_offshore,0.49916579528838984
31,5,2030,wind_offshore,0.48088546423444
31,6,2030,wind_offshore,0.5057968369365571
31,7,2030,wind_offshore,0.5698486871651849
31,8,2030,wind_offshore,0.5872475000358609
31,9,2030,wind_offshore,0.6007846163274063
31,10,2030,wind_offshore,0.6180656233728196
31,11,2030,wind_offshore,0.6710854454712867
31,12,2030,wind_offshore,0.661811950998228
31,13,2030,wind_offshore,0.6605784698112752
31,14,2030,wind_offshore,0.6674562383158202
31,15,2030,wind_offshore,0.6721757622062995
31,16,2030,wind_offshore,0.6697075786022996
31,17,2030,wind_offshore,0.6661567064472939
31,18,2030,wind_offshore,0.6579444409804586
31,19,2030,wind_offshore,0.6599221786803074
31,20,2030,wind_offshore,0.6620667852575426
31,21,2030,wind_offshore,0.6734893444706478
31,22,2030,wind_offshore,0.6858764534668217
31,23,2030,wind_offshore,0.6820309975862582
31,24,2030,wind_offshore,0.6761007874014787
31,1,2030,wind_onshore,0.13276016275942779
31,2,2030,wind_onshore,0.1349805366774159
31,3,2030,wind_onshore,0.13247731719095915
31,4,2030,wind_onshore,0.13101899963665328
31,5,2030,wind_onshore,0.1305332263339004
31,6,2030,wind_onshore,0.1311826442979478
31,7,2030,wind_onshore,0.1363621911505034
31,8,2030,wind_onshore,0.1388868890466535
31,9,2030,wind_onshore,0.12389552198568925
31,10,2030,wind_onshore,0.12053110026106907
31,11,2030,wind_onshore,0.16472771116279122
31,12,2030,wind_onshore,0.1923201159430096
31,13,2030,wind_onshore,0.21252124183631507
31,14,2030,wind_onshore,0.22583518563736457
31,15,2030,wind_onshore,0.23710429223251298
31,16,2030,wind_onshore,0.23682039550280468
31,17,2030,wind_onshore,0.23353208429167466
31,18,2030,wind_onshore,0.20737868851192542
31,19,2030,wind_onshore,0.20379040161013973
31,20,2030,wind_onshore,0.20720047504028546
31,21,2030,wind_onshore,0.21609591756672034
31,22,2030,wind_onshore,0.21026352988675345
31,23,2030,wind_onshore,0.23483881979591895
31,24,2030,wind_onshore,0.22980983151878134
32,1,2030,demand,0.5524686870909927
32,2,2030,demand,0.5423384787177696
32,3,2030,demand,0.5350976271210264
32,4,2030,demand,0.5254682216208937
32,5,2030,demand,0.5339162140107947
32,6,2030,demand,0.5597725501742818
32,7,2030,demand,0.5805237602941882
32,8,2030,demand,0.6086801022310389
32,9,2030,demand,0.6580752629691663
32,10,2030,demand,0.7003615371570561
32,11,2030,demand,0.7242378067295112
32,12,2030,demand,0.7589941954236621
32,13,2030,demand,0.770970686326235
32,14,2030,demand,0.7534402139808385
32,15,2030,demand,0.7590715982823819
32,16,2030,demand,0.7730425009796369
32,17,2030,demand,0.7624989693425263
32,18,2030,demand,0.7523095840818652
32,19,2030,demand,0.7211062542970219
32,20,2030,demand,0.6964348357969247
32,21,2030,demand,0.6786131852492527
32,22,2030,demand,0.6377925157981404
32,23,2030,demand,0.590442302081979
32,24,2030,demand,0.5796491544066936
32,1,2030,hydro_inflow,0.33090925892678025
32,2,2030,hydro_inflow,0.3282971385794391
32,3,2030,hydro_inflow,0.3229143394874506
32,4,2030,hydro_inflow,0.3222615464770427
32,5,2030,hydro_inflow,0.32097094448636615
32,6,2030,hydro_inflow,0.3165668238299998
32,7,2030,hydro_inflow,0.3164298086624746
32,8,2030,hydro_inflow,0.31295805027771856
32,9,2030,hydro_inflow,0.3172775328010032
32,10,2030,hydro_inflow,0.31603679153363695
32,11,2030,hydro_inflow,0.31404265009833265
32,12,2030,hydro_inflow,0.31308236791627564
32,13,2030,hydro_inflow,0.3143852419170906
32,14,2030,hydro_inflow,0.3119983717496467
32,15,2030,hydro_inflow,0.31140478789487264
32,16,2030,hydro_inflow,0.3093751475817595
32,17,2030,hydro_inflow,0.31076806745902424
32,18,2030,hydro_inflow,0.31235079500492774
32,19,2030,hydro_inflow,0.31162782174988074
32,20,2030,hydro_inflow,0.3139898345389252
32,21,2030,hydro_inflow,0.3150211314204485
32,22,2030,hydro_inflow,0.3145726923315981
32,23,2030,hydro_inflow,0.31660062103891007
32,24,2030,hydro_inflow,0.31723037049800185
32,1,2030,solar,0.0
32,2,2030,solar,0.0
32,3,2030,solar,0.0
32,4,2030,solar,0.0
32,5,2030,solar,0.0
32,6,2030,solar,0.0
32,7,2030,solar,0.008142551292578645
32,8,2030,solar,0.15755666367046814
32,9,2030,solar,0.38519584583101385
32,10,2030,solar,0.5878397345336216
32,11,2030,solar,0.7316678512548935
32,12,2030,solar,0.8211079563488526
32,13,2030,solar,0.8469694014209703
32,14,2030,solar,0.8141134350611487
32,15,2030,solar,0.7361612366480834
32,16,2030,solar,0.6137061294098666
32,17,2030,solar,0.43416886686193973
32,18,2030,solar,0.2447528496286286
32,19,2030,solar,0.06924139234994289
32,20,2030,solar,0.00010024522143579659
32,21,2030,solar,0.0
32,22,2030,solar,0.0
32,23,2030,solar,0.0
32,24,2030,solar,0.0
32,1,2030,wind_offshore,0.16414081561085758
32,2,2030,wind_offshore,0.162150216284593
32,3,2030,wind_offshore,0.16055983914992866
32,4,2030,wind_offshore,0.15943759055418222
32,5,2030,wind_offshore,0.16346696249246218
32,6,2030,wind_offshore,0.1500659012665098
32,7,2030,wind_offshore,0.1428405667833422
32,8,2030,wind_offshore,0.15158768327519567
32,9,2030,wind_offshore,0.1779269222541942
32,10,2030,wind_offshore,0.21625225010525814
32,11,2030,wind_offshore,0.217295785392312
32,12,2030,wind_offshore,0.21605599119987567
32,13,2030,wind_offshore,0.23073720521070346
32,14,2030,wind_offshore,0.2437167485893154
32,15,2030,wind_offshore,0.2563318732685783
32,16,2030,wind_offshore,0.28986228975665534
32,17,2030,wind_offshore,0.3513649337794198
32,18,2030,wind_offshore,0.409265285215477
32,19,2030,wind_offshore,0.45927713892653577
32,20,2030,wind_offshore,0.5178996031569701
32,21,2030,wind_offshore,0.5934284742757304
32,22,2030,wind_offshore,0.6795434521489414
32,23,2030,wind_offshore,0.5162520995231243
32,24,2030,wind_offshore,0.5334729421127825
32,1,2030,wind_onshore,0.24940348601060963
32,2,2030,wind_onshore,0.21979071273255837
32,3,2030,wind_onshore,0.20082183118057426
32,4,2030,wind_onshore,0.18337619933145266
32,5,2030,wind_onshore,0.1671925024414281
32,6,2030,wind_onshore,0.1571312107231478
32,7,2030,wind_onshore,0.14965384674652174
32,8,2030,wind_onshore,0.11859970778722842
32,9,2030,wind_onshore,0.09419579778969936
32,10,2030,wind_onshore,0.08025627786571232
32,11,2030,wind_onshore,0.09122281931774036
32,12,2030,wind_onshore,0.11553069086622239
32,13,2030,wind_onshore,0.15209946713122424
32,14,2030,wind_onshore,0.17547101955642128
32,15,2030,wind_onshore,0.2004351010644879
32,16,2030,wind_onshore,0.22618408497910256
32,17,2030,wind_onshore,0.2853712040416513
32,18,2030,wind_onshore,0.3317273620472999
32,19,2030,wind_onshore,0.36686748357152565
32,20,2030,wind_onshore,0.38265159589883196
32,21,2030,wind_onshore,0.3929180789040824
32,22,2030,wind_onshore,0.38518009383774604
32,23,2030,wind_onshore,0.3659247119418257
32,24,2030,wind_onshore,0.3703656439291394
33,1,2030,demand,0.5146737445382147
33,2,2030,demand,0.5100579098198817
33,3,2030,demand,0.5086739119722343
33,4,2030,demand,0.4965501680348903
33,5,2030,demand,0.5143847663578278
33,6,2030,demand,0.5507372508066598
33,7,2030,demand,0.6049267954335886
33,8,2030,demand,0.6520745553334181
33,9,2030,demand,0.6845184396019264
33,10,2030,demand,0.68986655226788
33,11,2030,demand,0.6819088669159482
33,12,2030,demand,0.6586496295172267
33,13,2030,demand,0.6481699621737796
33,14,2030,demand,0.614023170550799
33,15,2030,demand,0.5944797560071253
33,16,2030,demand,0.5875951935962822
33,17,2030,demand,0.5868388060740527
33,18,2030,demand,0.58927245599438
33,19,2030,demand,0.6064661482612739
33,20,2030,demand,0.6386386442894768
33,21,2030,demand,0.6281216793781612
33,22,2030,demand,0.5770993337683351
33,23,2030,demand,0.5282468095375537
33,24,2030,demand,0.5066964934231661
33,1,2030,hydro_inflow,0.2886796133761213
33,2,2030,hydro_inflow,0.2862895155924165
33,3,2030,hydro_inflow,0.28713544045275186
33,4,2030,hydro_inflow,0.28817520574088773
33,5,2030,hydro_inflow,0.288433195010362
33,6,2030,hydro_inflow,0.2871815703627824
33,7,2030,hydro_inflow,0.2895744835606277
33,8,2030,hydro_inflow,0.29080758144758423
33,9,2030,hydro_inflow,0.2922703890630729
33,10,2030,hydro_inflow,0.2864533239364108
33,11,2030,hydro_inflow,0.28766135673834475
33,12,2030,hydro_inflow,0.28892724262591735
33,13,2030,hydro_inflow,0.29559422477504377
33,14,2030,hydro_inflow,0.29848692807757277
33,15,2030,hydro_inflow,0.2959145377676814
33,16,2030,hydro_inflow,0.2936835365436007
33,17,2030,hydro_inflow,0.29250805558673554
33,18,2030,hydro_inflow,0.2906168784201812
33,19,2030,hydro_inflow,0.28950581333105224
33,20,2030,hydro_inflow,0.2938715501411591
33,21,2030,hydro_inflow,0.29186570104340465
33,22,2030,hydro_inflow,0.2894922668841434
33,23,2030,hydro_inflow,0.28670744022798883
33,24,2030,hydro_inflow,0.28716691855019705
33,1,2030,solar,0.0
33,2,2030,solar,0.0
33,3,2030,solar,0.0
33,4,2030,solar,0.0
33,5,2030,solar,0.0
33,6,2030,solar,0.0
33,7,2030,solar,0.015349518468207249
33,8,2030,solar,0.17996266690125876
33,9,2030,solar,0.4075663890285384
33,10,2030,solar,0.5997355128385404
33,11,2030,solar,0.749447568412569
33,12,2030,solar,0.8614697367841789
33,13,2030,solar,0.8990075141180455
33,14,2030,solar,0.8803756033968386
33,15,2030,solar,0.7951838744281227
33,16,2030,solar,0.6553931350700882
33,17,2030,solar,0.457658287615384
33,18,2030,solar,0.2494456637635587
33,19,2030,solar,0.06985833112171674
33,20,2030,solar,3.8084937436906176e-6
33,21,2030,solar,0.0
33,22,2030,solar,0.0
33,23,2030,solar,0.0
33,24,2030,solar,0.0
33,1,2030,wind_offshore,0.0017693825440751485
33,2,2030,wind_offshore,0.00029532938671720046
33,3,2030,wind_offshore,0.0001367655428453033
33,4,2030,wind_offshore,1.3150694828239124e-5
33,5,2030,wind_offshore,0.0
33,6,2030,wind_offshore,0.0
33,7,2030,wind_offshore,0.0
33,8,2030,wind_offshore,0.0
33,9,2030,wind_offshore,0.0
33,10,2030,wind_offshore,0.0
33,11,2030,wind_offshore,0.0
33,12,2030,wind_offshore,0.0
33,13,2030,wind_offshore,0.0009579676512652995
33,14,2030,wind_offshore,0.005712600484764981
33,15,2030,wind_offshore,0.008490070146153869
33,16,2030,wind_offshore,0.008623408188338722
33,17,2030,wind_offshore,0.008269133604354354
33,18,2030,wind_offshore,0.00734048693561121
33,19,2030,wind_offshore,0.0016630089027973394
33,20,2030,wind_offshore,0.0
33,21,2030,wind_offshore,0.0
33,22,2030,wind_offshore,0.0
33,23,2030,wind_offshore,0.0
33,24,2030,wind_offshore,0.008492791442653788
33,1,2030,wind_onshore,0.35207458487626986
33,2,2030,wind_onshore,0.3798469286384349
33,3,2030,wind_onshore,0.3995843390602296
33,4,2030,wind_onshore,0.42738441593325316
33,5,2030,wind_onshore,0.4591129440992179
33,6,2030,wind_onshore,0.4801995064193066
33,7,2030,wind_onshore,0.5163917817216147
33,8,2030,wind_onshore,0.5126102131677441
33,9,2030,wind_onshore,0.5755547116286429
33,10,2030,wind_onshore,0.6531572211127771
33,11,2030,wind_onshore,0.628332845992502
33,12,2030,wind_onshore,0.6726449035383594
33,13,2030,wind_onshore,0.6915355307336839
33,14,2030,wind_onshore,0.7149399850496178
33,15,2030,wind_onshore,0.7418231502001182
33,16,2030,wind_onshore,0.7714213547564643
33,17,2030,wind_onshore,0.7894406905806046
33,18,2030,wind_onshore,0.7795181792436355
33,19,2030,wind_onshore,0.7511831422733883
33,20,2030,wind_onshore,0.6979895254924591
33,21,2030,wind_onshore,0.6685781951601224
33,22,2030,wind_onshore,0.6347215163823202
33,23,2030,wind_onshore,0.5791539712010205
33,24,2030,wind_onshore,0.5552130787041977
34,1,2030,demand,0.5606740940210765
34,2,2030,demand,0.544141890502992
34,3,2030,demand,0.5375482012952895
34,4,2030,demand,0.5278234694216
34,5,2030,demand,0.5462324391224206
34,6,2030,demand,0.5639896284848966
34,7,2030,demand,0.5853163021300032
34,8,2030,demand,0.6234736534499995
34,9,2030,demand,0.6797929588303554
34,10,2030,demand,0.7240687162638622
34,11,2030,demand,0.7648644172603081
34,12,2030,demand,0.7981935927357454
34,13,2030,demand,0.8128339176271677
34,14,2030,demand,0.8049457091615583
34,15,2030,demand,0.8209206434632709
34,16,2030,demand,0.8291707254537591
34,17,2030,demand,0.8326539749067159
34,18,2030,demand,0.8121688490441297
34,19,2030,demand,0.7987786020042081
34,20,2030,demand,0.7759091135066091
34,21,2030,demand,0.7548922928443962
34,22,2030,demand,0.6980077714892938
34,23,2030,demand,0.6438061422312295
34,24,2030,demand,0.6335132835005091
34,1,2030,hydro_inflow,0.3115373298966167
34,2,2030,hydro_inflow,0.30922242914353165
34,3,2030,hydro_inflow,0.3119510547847844
34,4,2030,hydro_inflow,0.3135070890627622
34,5,2030,hydro_inflow,0.3093820505647344
34,6,2030,hydro_inflow,0.30414861890518674
34,7,2030,hydro_inflow,0.3045809486194896
34,8,2030,hydro_inflow,0.3105462096852441
34,9,2030,hydro_inflow,0.30610664888526967
34,10,2030,hydro_inflow,0.30540810358772064
34,11,2030,hydro_inflow,0.30852723213622146
34,12,2030,hydro_inflow,0.3106243861168768
34,13,2030,hydro_inflow,0.3058921049018219
34,14,2030,hydro_inflow,0.30541684146655224
34,15,2030,hydro_inflow,0.3062653006857976
34,16,2030,hydro_inflow,0.30636502589853837
34,17,2030,hydro_inflow,0.30905603738484566
34,18,2030,hydro_inflow,0.31053053268806013
34,19,2030,hydro_inflow,0.30754456899131266
34,20,2030,hydro_inflow,0.3075027799122515
34,21,2030,hydro_inflow,0.30565308937107866
34,22,2030,hydro_inflow,0.30719942246857784
34,23,2030,hydro_inflow,0.3059747477341047
34,24,2030,hydro_inflow,0.3016203207677948
34,1,2030,solar,0.0
34,2,2030,solar,0.0
34,3,2030,solar,0.0
34,4,2030,solar,0.0
34,5,2030,solar,0.0
34,6,2030,solar,0.0
34,7,2030,solar,0.015358130254495948
34,8,2030,solar,0.20624721168534052
34,9,2030,solar,0.47352788475738283
34,10,2030,solar,0.7198174596429877
34,11,2030,solar,0.8779579354639696
34,12,2030,solar,0.9822271721008491
34,13,2030,solar,0.9946564960161992
34,14,2030,solar,0.9908255880351974
34,15,2030,solar,0.9236225260955389
34,16,2030,solar,0.7919973247759344
34,17,2030,solar,0.602042929865638
34,18,2030,solar,0.3665433754759944
34,19,2030,solar,0.11693532404890272
34,20,2030,solar,0.0020348806924252076
34,21,2030,solar,0.0
34,22,2030,solar,0.0
34,23,2030,solar,0.0
34,24,2030,solar,0.0
34,1,2030,wind_offshore,0.1209316148429751
34,2,2030,wind_offshore,0.10209146556472136
34,3,2030,wind_offshore,0.10534431303488402
34,4,2030,wind_offshore,0.10890595152840978
34,5,2030,wind_offshore,0.11012392163044285
34,6,2030,wind_offshore,0.11539026916802601
34,7,2030,wind_offshore,0.11459660008172858
34,8,2030,wind_offshore,0.118021193324541
34,9,2030,wind_offshore,0.12393957773924502
34,10,2030,wind_offshore,0.11825604456827342
34,11,2030,wind_offshore,0.04193912353897884
34,12,2030,wind_offshore,0.0406853231333792
34,13,2030,wind_offshore,0.04611055589387144
34,14,2030,wind_offshore,0.04361664262303286
34,15,2030,wind_offshore,0.04555132855611463
34,16,2030,wind_offshore,0.03729695878276101
34,17,2030,wind_offshore,0.04009351530723857
34,18,2030,wind_offshore,0.047267611622039254
34,19,2030,wind_offshore,0.06916817602783645
34,20,2030,wind_offshore,0.11887372203776321
34,21,2030,wind_offshore,0.15560395264998783
34,22,2030,wind_offshore,0.15623543070870105
34,23,2030,wind_offshore,0.10675248915544584
34,24,2030,wind_offshore,0.09973718586004231
34,1,2030,wind_onshore,0.18816688278279708
34,2,2030,wind_onshore,0.17868483685950978
34,3,2030,wind_onshore,0.1656090368244065
34,4,2030,wind_onshore,0.15797025155468541
34,5,2030,wind_onshore,0.14220587497363482
34,6,2030,wind_onshore,0.1362142125553326
34,7,2030,wind_onshore,0.1297141543363162
34,8,2030,wind_onshore,0.10438044126157976
34,9,2030,wind_onshore,0.08015390907293685
34,10,2030,wind_onshore,0.08769481461374515
34,11,2030,wind_onshore,0.07364427092060875
34,12,2030,wind_onshore,0.0859681685856721
34,13,2030,wind_onshore,0.11493490947621557
34,14,2030,wind_onshore,0.15265213368341118
34,15,2030,wind_onshore,0.2123918082180486
34,16,2030,wind_onshore,0.2600005921723014
34,17,2030,wind_onshore,0.3153274293782462
34,18,2030,wind_onshore,0.35950145353141805
34,19,2030,wind_onshore,0.388763668897166
34,20,2030,wind_onshore,0.3851478927535004
34,21,2030,wind_onshore,0.40837564761139705
34,22,2030,wind_onshore,0.3897771871221786
34,23,2030,wind_onshore,0.318096683892194
34,24,2030,wind_onshore,0.28412901437063726
35,1,2030,demand,0.5198105651718095
35,2,2030,demand,0.5010151556528614
35,3,2030,demand,0.49380661336381365
35,4,2030,demand,0.4764613324750997
35,5,2030,demand,0.48004692127561577
35,6,2030,demand,0.4682415149832605
35,7,2030,demand,0.4792084292372157
35,8,2030,demand,0.5120058452315402
35,9,2030,demand,0.5495438449619401
35,10,2030,demand,0.5808694192743244
35,11,2030,demand,0.6046182069634782
35,12,2030,demand,0.6062429740945784
35,13,2030,demand,0.616177393014378
35,14,2030,demand,0.6021400276475325
35,15,2030,demand,0.583404432216291
35,16,2030,demand,0.5686700686637943
35,17,2030,demand,0.5644349014490543
35,18,2030,demand,0.5681875775912918
35,19,2030,demand,0.581551649652008
35,20,2030,demand,0.599681110569279
35,21,2030,demand,0.6143057943451776
35,22,2030,demand,0.5953723126657954
35,23,2030,demand,0.5614595560576594
35,24,2030,demand,0.5427689219389141
35,1,2030,hydro_inflow,0.2830470355531239
35,2,2030,hydro_inflow,0.2881189627666306
35,3,2030,hydro_inflow,0.28180660624157
35,4,2030,hydro_inflow,0.2833554989932149
35,5,2030,hydro_inflow,0.28527301916098674
35,6,2030,hydro_inflow,0.28487465184934446
35,7,2030,hydro_inflow,0.2837411433167763
35,8,2030,hydro_inflow,0.2836460480436468
35,9,2030,hydro_inflow,0.28457946355921343
35,10,2030,hydro_inflow,0.2838107398689439
35,11,2030,hydro_inflow,0.2809216415814743
35,12,2030,hydro_inflow,0.2818035845878247
35,13,2030,hydro_inflow,0.28093489569789915
35,14,2030,hydro_inflow,0.2796282514545753
35,15,2030,hydro_inflow,0.2828047604423695
35,16,2030,hydro_inflow,0.28513048634239746
35,17,2030,hydro_inflow,0.2869492217742102
35,18,2030,hydro_inflow,0.2895640274671092
35,19,2030,hydro_inflow,0.28685158140030276
35,20,2030,hydro_inflow,0.28317845639712946
35,21,2030,hydro_inflow,0.28389747101160795
35,22,2030,hydro_inflow,0.2813051291828615
35,23,2030,hydro_inflow,0.2782400098612757
35,24,2030,hydro_inflow,0.2756959647881772
35,1,2030,solar,0.0
35,2,2030,solar,0.0
35,3,2030,solar,0.0
35,4,2030,solar,0.0
35,5,2030,solar,0.0
35,6,2030,solar,0.0
35,7,2030,solar,0.0
35,8,2030,solar,9.611107942888297e-5
35,9,2030,solar,0.11479552312527788
35,10,2030,solar,0.27466493533889025
35,11,2030,solar,0.4105328351485759
35,12,2030,solar,0.5118353792129905
35,13,2030,solar,0.5637753467483522
35,14,2030,solar,0.5488126388380563
35,15,2030,solar,0.4411090958203398
35,16,2030,solar,0.27212488498023574
35,17,2030,solar,0.1080767107156639
35,18,2030,solar,0.0
35,19,2030,solar,0.0
35,20,2030,solar,0.0
35,21,2030,solar,0.0
35,22,2030,solar,0.0
35,23,2030,solar,0.0
35,24,2030,solar,0.0
35,1,2030,wind_offshore,0.032775282755086156
35,2,2030,wind_offshore,0.012348758475191075
35,3,2030,wind_offshore,0.0027327532127756414
35,4,2030,wind_offshore,0.0
35,5,2030,wind_offshore,0.0
35,6,2030,wind_offshore,0.0004085402824517852
35,7,2030,wind_offshore,0.015344768001214473
35,8,2030,wind_offshore,0.04637294862627568
35,9,2030,wind_offshore,0.10077097240423982
35,10,2030,wind_offshore,0.15150616610828938
35,11,2030,wind_offshore,0.32074260247614306
35,12,2030,wind_offshore,0.32742297365136946
35,13,2030,wind_offshore,0.2698544953344425
35,14,2030,wind_offshore,0.21453837019782476
35,15,2030,wind_offshore,0.1573186106145296
35,16,2030,wind_offshore,0.09639171412108784
35,17,2030,wind_offshore,0.038499991599842874
35,18,2030,wind_offshore,0.0036669599952840397
35,19,2030,wind_offshore,0.0
35,20,2030,wind_offshore,0.0009426559555040357
35,21,2030,wind_offshore,0.025408850894254233
35,22,2030,wind_offshore,0.0423695665468187
35,23,2030,wind_offshore,0.06380652174132444
35,24,2030,wind_offshore,0.032589360045436465
35,1,2030,wind_onshore,0.27035199933011006
35,2,2030,wind_onshore,0.2661473259939759
35,3,2030,wind_onshore,0.2550683278818216
35,4,2030,wind_onshore,0.25848765731031337
35,5,2030,wind_onshore,0.26830414760608096
35,6,2030,wind_onshore,0.28354323095797757
35,7,2030,wind_onshore,0.30738772357537897
35,8,2030,wind_onshore,0.3333534533855374
35,9,2030,wind_onshore,0.3590135521621788
35,10,2030,wind_onshore,0.359850806890944
35,11,2030,wind_onshore,0.36458828796375764
35,12,2030,wind_onshore,0.41553590515071254
35,13,2030,wind_onshore,0.492601340814853
35,14,2030,wind_onshore,0.5434142508480494
35,15,2030,wind_onshore,0.5741984729526013
35,16,2030,wind_onshore,0.6158599144825513
35,17,2030,wind_onshore,0.6581443147099889
35,18,2030,wind_onshore,0.6873203690799161
35,19,2030,wind_onshore,0.7139873311720086
35,20,2030,wind_onshore,0.7316600532391148
35,21,2030,wind_onshore,0.7053375754904067
35,22,2030,wind_onshore,0.700902982610975
35,23,2030,wind_onshore,0.6879129048652466
35,24,2030,wind_onshore,0.7142801030238641
36,1,2030,demand,0.5148334290635009
36,2,2030,demand,0.5056210992166912
36,3,2030,demand,0.4913947583505072
36,4,2030,demand,0.48218259832791643
36,5,2030,demand,0.4904781269017126
36,6,2030,demand,0.5060775434145448
36,7,2030,demand,0.5330548402027676
36,8,2030,demand,0.5669544810630008
36,9,2030,demand,0.6086218697270046
36,10,2030,demand,0.6287944706209728
36,11,2030,demand,0.6425768940823554
36,12,2030,demand,0.6516860400438129
36,13,2030,demand,0.6543460539811969
36,14,2030,demand,0.6420773522152166
36,15,2030,demand,0.6252794104040198
36,16,2030,demand,0.6207986894896068
36,17,2030,demand,0.6316386206126936
36,18,2030,demand,0.6271317755549923
36,19,2030,demand,0.6120009431598293
36,20,2030,demand,0.6061486603193779
36,21,2030,demand,0.5994186216404033
36,22,2030,demand,0.5511013178357942
36,23,2030,demand,0.5131199132854745
36,24,2030,demand,0.5100988996876114
36,1,2030,hydro_inflow,0.296690894958051
36,2,2030,hydro_inflow,0.2925733304728294
36,3,2030,hydro_inflow,0.2891159788242079
36,4,2030,hydro_inflow,0.28503097038538117
36,5,2030,hydro_inflow,0.2884968729521481
36,6,2030,hydro_inflow,0.2869471821561371
36,7,2030,hydro_inflow,0.28733641875198407
36,8,2030,hydro_inflow,0.29250310903123283
36,9,2030,hydro_inflow,0.29171126567038047
36,10,2030,hydro_inflow,0.28856165087696545
36,11,2030,hydro_inflow,0.2836874360156986
36,12,2030,hydro_inflow,0.27733573638946035
36,13,2030,hydro_inflow,0.2777965338524518
36,14,2030,hydro_inflow,0.27865501022501654
36,15,2030,hydro_inflow,0.28002246969934685
36,16,2030,hydro_inflow,0.2835625451867712
36,17,2030,hydro_inflow,0.2838175945855749
36,18,2030,hydro_inflow,0.280341830647581
36,19,2030,hydro_inflow,0.2827431801640451
36,20,2030,hydro_inflow,0.2813116960380546
36,21,2030,hydro_inflow,0.2849291894136303
36,22,2030,hydro_inflow,0.28412783591606877
36,23,2030,hydro_inflow,0.28737356428270777
36,24,2030,hydro_inflow,0.28860539379525235
36,1,2030,solar,0.0
36,2,2030,solar,0.0
36,3,2030,solar,0.0
36,4,2030,solar,0.0
36,5,2030,solar,0.0
36,6,2030,solar,0.00010332865808926766
36,7,2030,solar,0.028510348904891136
36,8,2030,solar,0.1255182816913789
36,9,2030,solar,0.23573532307197423
36,10,2030,solar,0.33081061661975
36,11,2030,solar,0.3943106254334121
36,12,2030,solar,0.4046150392465219
36,13,2030,solar,0.3798563082492712
36,14,2030,solar,0.3548415397194411
36,15,2030,solar,0.3224315581404167
36,16,2030,solar,0.2623702025804309
36,17,2030,solar,0.19732474288608803
36,18,2030,solar,0.12939805611903615
36,19,2030,solar,0.06421421488528518
36,20,2030,solar,0.011248884983025833
36,21,2030,solar,0.0
36,22,2030,solar,0.0
36,23,2030,solar,0.0
36,24,2030,solar,0.0
36,1,2030,wind_offshore,0.19035751426621994
36,2,2030,wind_offshore,0.21972768697068887
36,3,2030,wind_offshore,0.24301535854160022
36,4,2030,wind_offshore,0.2668034888850162
36,5,2030,wind_offshore,0.2788587272061533
36,6,2030,wind_offshore,0.2972436985749653
36,7,2030,wind_offshore,0.2884268403771789
36,8,2030,wind_offshore,0.2951940178744172
36,9,2030,wind_offshore,0.31944580853249815
36,10,2030,wind_offshore,0.32165684892245744
36,11,2030,wind_offshore,0.18912256425054524
36,12,2030,wind_offshore,0.1616413353705925
36,13,2030,wind_offshore,0.16001802359742345
36,14,2030,wind_offshore,0.15724190468415583
36,15,2030,wind_offshore,0.18610685471032942
36,16,2030,wind_offshore,0.2261133008666129
36,17,2030,wind_offshore,0.2469461809327023
36,18,2030,wind_offshore,0.24556759954617988
36,19,2030,wind_offshore,0.22273801411348482
36,20,2030,wind_offshore,0.20693016288599206
36,21,2030,wind_offshore,0.184876895171771
36,22,2030,wind_offshore,0.14822651749652063
36,23,2030,wind_offshore,0.1136050545622487
36,24,2030,wind_offshore,0.12316858981200743
36,1,2030,wind_onshore,0.23372474097928664
36,2,2030,wind_onshore,0.24881096967592753
36,3,2030,wind_onshore,0.24907387729241698
36,4,2030,wind_onshore,0.24206046937213105
36,5,2030,wind_onshore,0.2312594345338454
36,6,2030,wind_onshore,0.21542097861888226
36,7,2030,wind_onshore,0.20838306963158834
36,8,2030,wind_onshore,0.21936455310263833
36,9,2030,wind_onshore,0.22292471882477466
36,10,2030,wind_onshore,0.2217418155058869
36,11,2030,wind_onshore,0.17035496793836563
36,12,2030,wind_onshore,0.2035096081535561
36,13,2030,wind_onshore,0.25508980802584214
36,14,2030,wind_onshore,0.29879075520888077
36,15,2030,wind_onshore,0.3328765856321174
36,16,2030,wind_onshore,0.3587283425116978
36,17,2030,wind_onshore,0.36799513584945426
36,18,2030,wind_onshore,0.3659020623426933
36,19,2030,wind_onshore,0.3495182779227134
36,20,2030,wind_onshore,0.28763507781928643
36,21,2030,wind_onshore,0.258797078762163
36,22,2030,wind_onshore,0.2171976891091374
36,23,2030,wind_onshore,0.18770100766742534
36,24,2030,wind_onshore,0.18397394732304986
37,1,2030,demand,0.5899737940737879
37,2,2030,demand,0.5751669846962619
37,3,2030,demand,0.5490910047986687
37,4,2030,demand,0.5331057992665574
37,5,2030,demand,0.5220454648011777
37,6,2030,demand,0.4958250554418566
37,7,2030,demand,0.47598103170811856
37,8,2030,demand,0.47801904967415865
37,9,2030,demand,0.5169348925350683
37,10,2030,demand,0.5709965777727958
37,11,2030,demand,0.6115494987194916
37,12,2030,demand,0.6506282762334106
37,13,2030,demand,0.6805468249565314
37,14,2030,demand,0.6996936923534881
37,15,2030,demand,0.7009366117336692
37,16,2030,demand,0.6996450581696569
37,17,2030,demand,0.7156132141628057
37,18,2030,demand,0.7310766385201632
37,19,2030,demand,0.7312569336417466
37,20,2030,demand,0.7051663740448277
37,21,2030,demand,0.6891630689672867
37,22,2030,demand,0.6847294204340154
37,23,2030,demand,0.6381174403709661
37,24,2030,demand,0.6314898717497376
37,1,2030,hydro_inflow,0.2942843904018133
37,2,2030,hydro_inflow,0.29678755284235664
37,3,2030,hydro_inflow,0.29829751410300653
37,4,2030,hydro_inflow,0.29597900549490186
37,5,2030,hydro_inflow,0.2946658462167306
37,6,2030,hydro_inflow,0.2997010657334666
37,7,2030,hydro_inflow,0.2975813170974845
37,8,2030,hydro_inflow,0.2934607996382316
37,9,2030,hydro_inflow,0.2890879926218525
37,10,2030,hydro_inflow,0.28725496678324725
37,11,2030,hydro_inflow,0.2861386407148511
37,12,2030,hydro_inflow,0.28869103281844644
37,13,2030,hydro_inflow,0.28617018844564635
37,14,2030,hydro_inflow,0.28411224578450095
37,15,2030,hydro_inflow,0.28390769413199096
37,16,2030,hydro_inflow,0.2866807318232155
37,17,2030,hydro_inflow,0.28510432186971096
37,18,2030,hydro_inflow,0.290811837083584
37,19,2030,hydro_inflow,0.28657110603405517
37,20,2030,hydro_inflow,0.28472600181535185
37,21,2030,hydro_inflow,0.2849378171043757
37,22,2030,hydro_inflow,0.2901014099694838
37,23,2030,hydro_inflow,0.28880612030858666
37,24,2030,hydro_inflow,0.2865776216276714
37,1,2030,solar,0.0
37,2,2030,solar,0.0
37,3,2030,solar,0.0
37,4,2030,solar,0.0
37,5,2030,solar,0.0
37,6,2030,solar,0.0
37,7,2030,solar,0.01894605671778746
37,8,2030,solar,0.21197116488223222
37,9,2030,solar,0.46922268180765014
37,10,2030,solar,0.6762864330854015
37,11,2030,solar,0.8126727120805644
37,12,2030,solar,0.9030196361871047
37,13,2030,solar,0.9418139146687825
37,14,2030,solar,0.9375645388171796
37,15,2030,solar,0.8601757036820804
37,16,2030,solar,0.737044411991298
37,17,2030,solar,0.5672098165199617
37,18,2030,solar,0.3545722281053478
37,19,2030,solar,0.12190154741788574
37,20,2030,solar,0.0021630268383088223
37,21,2030,solar,0.0
37,22,2030,solar,0.0
37,23,2030,solar,0.0
37,24,2030,solar,0.0
37,1,2030,wind_offshore,0.09821671841027511
37,2,2030,wind_offshore,0.141205325924596
37,3,2030,wind_offshore,0.18757722152393314
37,4,2030,wind_offshore,0.1819812230367769
37,5,2030,wind_offshore,0.16865596987826348
37,6,2030,wind_offshore,0.13850799218028775
37,7,2030,wind_offshore,0.09351397042498376
37,8,2030,wind_offshore,0.06025469828394804
37,9,2030,wind_offshore,0.03867649887485621
37,10,2030,wind_offshore,0.017961894086523433
37,11,2030,wind_offshore,0.001617399435611795
37,12,2030,wind_offshore,0.0005558471913742223
37,13,2030,wind_offshore,0.0003003376265513087
37,14,2030,wind_offshore,0.0002458759062180159
37,15,2030,wind_offshore,0.0002079435496605939
37,16,2030,wind_offshore,0.00041990408949961987
37,17,2030,wind_offshore,0.001497449184218407
37,18,2030,wind_offshore,0.008193726116965847
37,19,2030,wind_offshore,0.031994990553289845
37,20,2030,wind_offshore,0.07432824477643685
37,21,2030,wind_offshore,0.12875338840443673
37,22,2030,wind_offshore,0.17951675320509872
37,23,2030,wind_offshore,0.15249178606750186
37,24,2030,wind_offshore,0.1438538265103359
37,1,2030,wind_onshore,0.13124245561747674
37,2,2030,wind_onshore,0.10961963015938476
37,3,2030,wind_onshore,0.0935598870012548
37,4,2030,wind_onshore,0.07956435889498582
37,5,2030,wind_onshore,0.06801669988028533
37,6,2030,wind_onshore,0.05957944270584092
37,7,2030,wind_onshore,0.05301455823562585
37,8,2030,wind_onshore,0.03399066421781108
37,9,2030,wind_onshore,0.015491927168289003
37,10,2030,wind_onshore,0.014241710321417567
37,11,2030,wind_onshore,0.021232457990675985
37,12,2030,wind_onshore,0.031877779166557776
37,13,2030,wind_onshore,0.05383712122039655
37,14,2030,wind_onshore,0.08587778200459407
37,15,2030,wind_onshore,0.13000944032631492
37,16,2030,wind_onshore,0.1824639012558432
37,17,2030,wind_onshore,0.24672826537155318
37,18,2030,wind_onshore,0.3378523572757199
37,19,2030,wind_onshore,0.4081389171424981
37,20,2030,wind_onshore,0.441242303192779
37,21,2030,wind_onshore,0.47776304048207624
37,22,2030,wind_onshore,0.46137769216986724
37,23,2030,wind_onshore,0.4390512233374323
37,24,2030,wind_onshore,0.4260585992779996
38,1,2030,demand,0.4922184213669177
38,2,2030,demand,0.4930084779086493
38,3,2030,demand,0.48938324999740695
38,4,2030,demand,0.48873397972031796
38,5,2030,demand,0.5025951896636128
38,6,2030,demand,0.5327618782838451
38,7,2030,demand,0.5647529932086333
38,8,2030,demand,0.6015661794746558
38,9,2030,demand,0.6162756194697984
38,10,2030,demand,0.630469930138616
38,11,2030,demand,0.6357401400028261
38,12,2030,demand,0.6444591958340388
38,13,2030,demand,0.6476310473164167
38,14,2030,demand,0.6254476780029257
38,15,2030,demand,0.6065537043890366
38,16,2030,demand,0.6051020596709984
38,17,2030,demand,0.5969316112298606
38,18,2030,demand,0.6006599351774019
38,19,2030,demand,0.6157854975805281
38,20,2030,demand,0.6146720210127362
38,21,2030,demand,0.5966410888105641
38,22,2030,demand,0.5527987225967148
38,23,2030,demand,0.5180348403126787
38,24,2030,demand,0.5077115938212463
38,1,2030,hydro_inflow,0.3100414766170708
38,2,2030,hydro_inflow,0.30618540661591137
38,3,2030,hydro_inflow,0.310806475993958
38,4,2030,hydro_inflow,0.31062343815627275
38,5,2030,hydro_inflow,0.31384381156055585
38,6,2030,hydro_inflow,0.312350152673928
38,7,2030,hydro_inflow,0.31048847559520343
38,8,2030,hydro_inflow,0.3067525511503336
38,9,2030,hydro_inflow,0.30768157433077636
38,10,2030,hydro_inflow,0.30709935555039247
38,11,2030,hydro_inflow,0.3065068775225382
38,12,2030,hydro_inflow,0.3071582278405463
38,13,2030,hydro_inflow,0.3060941344712894
38,14,2030,hydro_inflow,0.3089844018156866
38,15,2030,hydro_inflow,0.30610139974351513
38,16,2030,hydro_inflow,0.30991206558025086
38,17,2030,hydro_inflow,0.310072464009772
38,18,2030,hydro_inflow,0.3132275687528038
38,19,2030,hydro_inflow,0.31396430881554754
38,20,2030,hydro_inflow,0.3163115447462077
38,21,2030,hydro_inflow,0.31898677821947685
38,22,2030,hydro_inflow,0.3168430887548994
38,23,2030,hydro_inflow,0.3173377051300799
38,24,2030,hydro_inflow,0.3155678647494711
38,1,2030,solar,0.0
38,2,2030,solar,0.0
38,3,2030,solar,0.0
38,4,2030,solar,0.0
38,5,2030,solar,0.0
38,6,2030,solar,0.0
38,7,2030,solar,0.0006617190265750483
38,8,2030,solar,0.13499152740892173
38,9,2030,solar,0.3910391768732797
38,10,2030,solar,0.6286637048085093
38,11,2030,solar,0.7795313674756142
38,12,2030,solar,0.8909054932690144
38,13,2030,solar,0.9304063108603926
38,14,2030,solar,0.9148597539785595
38,15,2030,solar,0.8051968434645261
38,16,2030,solar,0.6551685550341316
38,17,2030,solar,0.45191995570200805
38,18,2030,solar,0.20253729500749645
38,19,2030,solar,0.019443927328336854
38,20,2030,solar,0.0
38,21,2030,solar,0.0
38,22,2030,solar,0.0
38,23,2030,solar,0.0
38,24,2030,solar,0.0
38,1,2030,wind_offshore,1.1174597952259455
38,2,2030,wind_offshore,1.126189722842094
38,3,2030,wind_offshore,1.1450050963356546
38,4,2030,wind_offshore,1.185248427606299
38,5,2030,wind_offshore,1.103953796540406
38,6,2030,wind_offshore,0.838848172812038
38,7,2030,wind_offshore,0.7610334919605984
38,8,2030,wind_offshore,0.6140411486177391
38,9,2030,wind_offshore,0.4980526800154035
38,10,2030,wind_offshore,0.43150350533946963
38,11,2030,wind_offshore,0.2626959976459569
38,12,2030,wind_offshore,0.33061909851687293
38,13,2030,wind_offshore,0.3722503773629339
38,14,2030,wind_offshore,0.3808359290503872
38,15,2030,wind_offshore,0.4332863170667972
38,16,2030,wind_offshore,0.5530129998200186
38,17,2030,wind_offshore,0.6305047871546008
38,18,2030,wind_offshore,0.638524580412363
38,19,2030,wind_offshore,0.6348945034485458
38,20,2030,wind_offshore,0.7162705213266526
38,21,2030,wind_offshore,0.8079395584202442
38,22,2030,wind_offshore,0.8763008652629986
38,23,2030,wind_offshore,0.8789671186909157
38,24,2030,wind_offshore,0.9598343847981722
38,1,2030,wind_onshore,0.29183264464211994
38,2,2030,wind_onshore,0.30031265078995
38,3,2030,wind_onshore,0.302886580711218
38,4,2030,wind_onshore,0.2917962378957788
38,5,2030,wind_onshore,0.2905987487297088
38,6,2030,wind_onshore,0.29116131585497484
38,7,2030,wind_onshore,0.2931053980531731
38,8,2030,wind_onshore,0.28023259676315027
38,9,2030,wind_onshore,0.2377814988590103
38,10,2030,wind_onshore,0.23389941626773547
38,11,2030,wind_onshore,0.20034818987030956
38,12,2030,wind_onshore,0.19215632391056559
38,13,2030,wind_onshore,0.19210984568506245
38,14,2030,wind_onshore,0.21644914306851756
38,15,2030,wind_onshore,0.24297800814816875
38,16,2030,wind_onshore,0.2753738368320039
38,17,2030,wind_onshore,0.3042050964057521
38,18,2030,wind_onshore,0.3103738730528336
38,19,2030,wind_onshore,0.2919784289086261
38,20,2030,wind_onshore,0.2980808958728089
38,21,2030,wind_onshore,0.2733415887763603
38,22,2030,wind_onshore,0.2532819084630183
38,23,2030,wind_onshore,0.2409389190005347
38,24,2030,wind_onshore,0.24178711790582078
39,1,2030,demand,0.5098369323494081
39,2,2030,demand,0.4954429082735656
39,3,2030,demand,0.47627219015059097
39,4,2030,demand,0.46290456091997
39,5,2030,demand,0.4695411677768241
39,6,2030,demand,0.49608352800032735
39,7,2030,demand,0.5437160603011898
39,8,2030,demand,0.5875519879313079
39,9,2030,demand,0.6332310494881899
39,10,2030,demand,0.656296824918668
39,11,2030,demand,0.6612659003636296
39,12,2030,demand,0.6603300697050425
39,13,2030,demand,0.6391801669578846
39,14,2030,demand,0.6340712782229307
39,15,2030,demand,0.624881436055259
39,16,2030,demand,0.6104793071426404
39,17,2030,demand,0.6090967772814888
39,18,2030,demand,0.6251002697632804
39,19,2030,demand,0.6454113711194326
39,20,2030,demand,0.6705014875540384
39,21,2030,demand,0.664668849591002
39,22,2030,demand,0.6249882890300782
39,23,2030,demand,0.5700629555261223
39,24,2030,demand,0.5579851691647737
39,1,2030,hydro_inflow,0.5722844703012139
39,2,2030,hydro_inflow,0.5762880097654878
39,3,2030,hydro_inflow,0.5728072783369919
39,4,2030,hydro_inflow,0.569838690978996
39,5,2030,hydro_inflow,0.5719197437196311
39,6,2030,hydro_inflow,0.5713652399544575
39,7,2030,hydro_inflow,0.5777836893365516
39,8,2030,hydro_inflow,0.5798369589456324
39,9,2030,hydro_inflow,0.5751900364892888
39,10,2030,hydro_inflow,0.5782305135219524
39,11,2030,hydro_inflow,0.5721584734193315
39,12,2030,hydro_inflow,0.5738620649050881
39,13,2030,hydro_inflow,0.5665157236907308
39,14,2030,hydro_inflow,0.5619602977417242
39,15,2030,hydro_inflow,0.5590270345596939
39,16,2030,hydro_inflow,0.558774169275593
39,17,2030,hydro_inflow,0.5568574014039573
39,18,2030,hydro_inflow,0.5494770614479243
39,19,2030,hydro_inflow,0.5502207228839798
39,20,2030,hydro_inflow,0.541480342209205
39,21,2030,hydro_inflow,0.5414219237391679
39,22,2030,hydro_inflow,0.532135032851066
39,23,2030,hydro_inflow,0.5351466141437635
39,24,2030,hydro_inflow,0.5290641290288196
39,1,2030,solar,0.0
39,2,2030,solar,0.0
39,3,2030,solar,0.0
39,4,2030,solar,0.0
39,5,2030,solar,0.0
39,6,2030,solar,0.0
39,7,2030,solar,0.0
39,8,2030,solar,0.0
39,9,2030,solar,0.07103037024620461
39,10,2030,solar,0.22159620720951062
39,11,2030,solar,0.361463242699284
39,12,2030,solar,0.4503119624085677
39,13,2030,solar,0.4867350863497139
39,14,2030,solar,0.4703121713608414
39,15,2030,solar,0.4058750803725195
39,16,2030,solar,0.2936595087769155
39,17,2030,solar,0.14682467437687605
39,18,2030,solar,0.022053225120246798
39,19,2030,solar,0.0
39,20,2030,solar,0.0
39,21,2030,solar,0.0
39,22,2030,solar,0.0
39,23,2030,solar,0.0
39,24,2030,solar,0.0
39,1,2030,wind_offshore,1.201071912253413
39,2,2030,wind_offshore,1.1737025654659015
39,3,2030,wind_offshore,1.1711563492719053
39,4,2030,wind_offshore,1.180160841885674
39,5,2030,wind_offshore,1.2089657322835876
39,6,2030,wind_offshore,1.2496764472688835
39,7,2030,wind_offshore,1.2250824759590584
39,8,2030,wind_offshore,1.2069964905420711
39,9,2030,wind_offshore,0.9555204607492478
39,10,2030,wind_offshore,0.38645416549138684
39,11,2030,wind_offshore,0.07695406811565988
39,12,2030,wind_offshore,0.03727338523452635
39,13,2030,wind_offshore,0.12088994178801409
39,14,2030,wind_offshore,0.29472428527191813
39,15,2030,wind_offshore,0.45675787450971694
39,16,2030,wind_offshore,0.5140506185472654
39,17,2030,wind_offshore,0.6454023935835803
39,18,2030,wind_offshore,0.5426361102651414
39,19,2030,wind_offshore,0.3250622623178961
39,20,2030,wind_offshore,0.1828240703560828
39,21,2030,wind_offshore,0.11366225343963038
39,22,2030,wind_offshore,0.036302013149204865
39,23,2030,wind_offshore,0.0008436919263622195
39,24,2030,wind_offshore,0.0
39,1,2030,wind_onshore,0.8733534681402699
39,2,2030,wind_onshore,0.8650071899131879
39,3,2030,wind_onshore,0.841770254740038
39,4,2030,wind_onshore,0.8383036318248824
39,5,2030,wind_onshore,0.8566745460571972
39,6,2030,wind_onshore,0.8673392747027117
39,7,2030,wind_onshore,0.8811168258631162
39,8,2030,wind_onshore,0.8940740174096294
39,9,2030,wind_onshore,0.9118502055724901
39,10,2030,wind_onshore,0.9130245558869985
39,11,2030,wind_onshore,0.9002357086635816
39,12,2030,wind_onshore,0.9152987621660991
39,13,2030,wind_onshore,0.936167171671042
39,14,2030,wind_onshore,0.9393462890054435
39,15,2030,wind_onshore,0.9317964823959346
39,16,2030,wind_onshore,0.8980388076446552
39,17,2030,wind_onshore,0.8785805840645264
39,18,2030,wind_onshore,0.8376157722632731
39,19,2030,wind_onshore,0.8199041341947448
39,20,2030,wind_onshore,0.7823813881197308
39,21,2030,wind_onshore,0.7415971704610872
39,22,2030,wind_onshore,0.7071245277778706
39,23,2030,wind_onshore,0.6577471864165193
39,24,2030,wind_onshore,0.6210891167241699
40,1,2030,demand,0.5363097820151568
40,2,2030,demand,0.5203164110287588
40,3,2030,demand,0.5165915718027844
40,4,2030,demand,0.507629834795401
40,5,2030,demand,0.5150581939019951
40,6,2030,demand,0.5176357185424802
40,7,2030,demand,0.5460349238251312
40,8,2030,demand,0.5885454262717383
40,9,2030,demand,0.6354192374562676
40,10,2030,demand,0.6774911019827905
40,11,2030,demand,0.7085308536146179
40,12,2030,demand,0.7317921875648266
40,13,2030,demand,0.7349055609716685
40,14,2030,demand,0.7323418435577419
40,15,2030,demand,0.7310998460811061
40,16,2030,demand,0.7287332118387742
40,17,2030,demand,0.7280451040643688
40,18,2030,demand,0.7116743453567629
40,19,2030,demand,0.7048086555116558
40,20,2030,demand,0.6930255822038748
40,21,2030,demand,0.6869107273898075
40,22,2030,demand,0.6428264017839357
40,23,2030,demand,0.602878353440591
40,24,2030,demand,0.5907748902621541
40,1,2030,hydro_inflow,0.25732496160543994
40,2,2030,hydro_inflow,0.2619232875348575
40,3,2030,hydro_inflow,0.2580828722120882
40,4,2030,hydro_inflow,0.2609135497702531
40,5,2030,hydro_inflow,0.2603404627400914
40,6,2030,hydro_inflow,0.2613556418383847
40,7,2030,hydro_inflow,0.2626806680831857
40,8,2030,hydro_inflow,0.26029980205495085
40,9,2030,hydro_inflow,0.2571265604488472
40,10,2030,hydro_inflow,0.2576836930021792
40,11,2030,hydro_inflow,0.25495171163218355
40,12,2030,hydro_inflow,0.2520156599744153
40,13,2030,hydro_inflow,0.2564220150412216
40,14,2030,hydro_inflow,0.2530855787938968
40,15,2030,hydro_inflow,0.2505194187204497
40,16,2030,hydro_inflow,0.24960310665831303
40,17,2030,hydro_inflow,0.25090190353063335
40,18,2030,hydro_inflow,0.25345551338119104
40,19,2030,hydro_inflow,0.25504338042741753
40,20,2030,hydro_inflow,0.25669021128101455
40,21,2030,hydro_inflow,0.2584271342603434
40,22,2030,hydro_inflow,0.25635584819464763
40,23,2030,hydro_inflow,0.25922268011562544
40,24,2030,hydro_inflow,0.2603707018953975
40,1,2030,solar,0.0
40,2,2030,solar,0.0
40,3,2030,solar,0.0
40,4,2030,solar,0.0
40,5,2030,solar,0.0
40,6,2030,solar,0.0003295641327490498
40,7,2030,solar,0.041486314837374076
40,8,2030,solar,0.23016522377620832
40,9,2030,solar,0.470789231385605
40,10,2030,solar,0.6647571420931478
40,11,2030,solar,0.8053236862614537
40,12,2030,solar,0.8625729411112598
40,13,2030,solar,0.9022588650880805
40,14,2030,solar,0.883762899573692
40,15,2030,solar,0.7945937799142193
40,16,2030,solar,0.6715498393982389
40,17,2030,solar,0.5285095722728711
40,18,2030,solar,0.3469313165933582
40,19,2030,solar,0.1455784714078475
40,20,2030,solar,0.0076257672175126905
40,21,2030,solar,0.0
40,22,2030,solar,0.0
40,23,2030,solar,0.0
40,24,2030,solar,0.0
40,1,2030,wind_offshore,0.8814966646379442
40,2,2030,wind_offshore,1.0916888229982336
40,3,2030,wind_offshore,1.133315274824904
40,4,2030,wind_offshore,1.1534773550956428
40,5,2030,wind_offshore,1.1776182119651106
40,6,2030,wind_offshore,1.18056714845104
40,7,2030,wind_offshore,1.152056927721167
40,8,2030,wind_offshore,1.044579586131854
40,9,2030,wind_offshore,0.8199260494841593
40,10,2030,wind_offshore,0.5770240552412516
40,11,2030,wind_offshore,0.4643756448561424
40,12,2030,wind_offshore,0.3046833903507418
40,13,2030,wind_offshore,0.15212982431910793
40,14,2030,wind_offshore,0.06453210631532257
40,15,2030,wind_offshore,0.05130839390017132
40,16,2030,wind_offshore,0.05699598829787128
40,17,2030,wind_offshore,0.06417344584198087
40,18,2030,wind_offshore,0.06652549590750693
40,19,2030,wind_offshore,0.06350767608190223
40,20,2030,wind_offshore,0.060307780963766024
40,21,2030,wind_offshore,0.05629608770263807
40,22,2030,wind_offshore,0.05535032684202401
40,23,2030,wind_offshore,0.12782112867825157
40,24,2030,wind_offshore,0.1518799828475113
40,1,2030,wind_onshore,0.14522486334170276
40,2,2030,wind_onshore,0.16192854160883347
40,3,2030,wind_onshore,0.17638927686130818
40,4,2030,wind_onshore,0.19537493895457472
40,5,2030,wind_onshore,0.20930208329795988
40,6,2030,wind_onshore,0.21720554312393103
40,7,2030,wind_onshore,0.22473046214861508
40,8,2030,wind_onshore,0.22008590764321131
40,9,2030,wind_onshore,0.2528609669803166
40,10,2030,wind_onshore,0.2616486756605825
40,11,2030,wind_onshore,0.2203367640917348
40,12,2030,wind_onshore,0.23126038520353023
40,13,2030,wind_onshore,0.24280176111928548
40,14,2030,wind_onshore,0.25832377000474505
40,15,2030,wind_onshore,0.2754312106733213
40,16,2030,wind_onshore,0.27984738063031994
40,17,2030,wind_onshore,0.2694417374018707
40,18,2030,wind_onshore,0.2473890154214782
40,19,2030,wind_onshore,0.20124670022288538
40,20,2030,wind_onshore,0.16893376129814938
40,21,2030,wind_onshore,0.16127700373220222
40,22,2030,wind_onshore,0.13042858877760383
40,23,2030,wind_onshore,0.09256197239897708
40,24,2030,wind_onshore,0.0756829102960259
41,1,2030,demand,0.5057616645570019
41,2,2030,demand,0.4952928427342184
41,3,2030,demand,0.48128110312215744
41,4,2030,demand,0.48051560327174425
41,5,2030,demand,0.4895083551268121
41,6,2030,demand,0.5178483658065666
41,7,2030,demand,0.5489895845468594
41,8,2030,demand,0.5829760466075831
41,9,2030,demand,0.6146644189578822
41,10,2030,demand,0.6345753538340062
41,11,2030,demand,0.6464464953411265
41,12,2030,demand,0.6597622750134714
41,13,2030,demand,0.6590541150342772
41,14,2030,demand,0.6431908847195086
41,15,2030,demand,0.6415702693643932
41,16,2030,demand,0.6490302597714219
41,17,2030,demand,0.645831383981133
41,18,2030,demand,0.6466143710090481
41,19,2030,demand,0.6512436303403291
41,20,2030,demand,0.6517701183436144
41,21,2030,demand,0.6325378039461536
41,22,2030,demand,0.591888717641612
41,23,2030,demand,0.5473024527738343
41,24,2030,demand,0.5428495924444444
41,1,2030,hydro_inflow,0.31329090383491887
41,2,2030,hydro_inflow,0.31636508024629617
41,3,2030,hydro_inflow,0.3146293299750745
41,4,2030,hydro_inflow,0.3119255389365344
41,5,2030,hydro_inflow,0.3132067707393026
41,6,2030,hydro_inflow,0.3136759808180914
41,7,2030,hydro_inflow,0.3119124516693375
41,8,2030,hydro_inflow,0.3079553368128763
41,9,2030,hydro_inflow,0.30799551419875376
41,10,2030,hydro_inflow,0.3048224105537129
41,11,2030,hydro_inflow,0.30779437549124644
41,12,2030,hydro_inflow,0.3095369974238046
41,13,2030,hydro_inflow,0.30859773449086
41,14,2030,hydro_inflow,0.3121092035280659
41,15,2030,hydro_inflow,0.3148542143321977
41,16,2030,hydro_inflow,0.3113181408672616
41,17,2030,hydro_inflow,0.31031285371145195
41,18,2030,hydro_inflow,0.3125026245728955
41,19,2030,hydro_inflow,0.31244848911233114
41,20,2030,hydro_inflow,0.31483662262041434
41,21,2030,hydro_inflow,0.3144219975488587
41,22,2030,hydro_inflow,0.3135322225431682
41,23,2030,hydro_inflow,0.3120382036531974
41,24,2030,hydro_inflow,0.3130623683775191
41,1,2030,solar,0.0
41,2,2030,solar,0.0
41,3,2030,solar,0.0
41,4,2030,solar,0.0
41,5,2030,solar,0.0
41,6,2030,solar,0.0002842748464276839
41,7,2030,solar,0.02935098781904725
41,8,2030,solar,0.12707480951874234
41,9,2030,solar,0.2541296748985608
41,10,2030,solar,0.3586050718398368
41,11,2030,solar,0.4326925534246024
41,12,2030,solar,0.46885023386906033
41,13,2030,solar,0.4845446297793938
41,14,2030,solar,0.48349272942460514
41,15,2030,solar,0.44932650663946544
41,16,2030,solar,0.3824679865118556
41,17,2030,solar,0.29204020104477046
41,18,2030,solar,0.17776221493557867
41,19,2030,solar,0.07394401037791497
41,20,2030,solar,0.005273014114080482
41,21,2030,solar,0.0
41,22,2030,solar,0.0
41,23,2030,solar,0.0
41,24,2030,solar,0.0
41,1,2030,wind_offshore,0.6405625302689008
41,2,2030,wind_offshore,0.6322174465281272
41,3,2030,wind_offshore,0.6280924319863681
41,4,2030,wind_offshore,0.6189329020054313
41,5,2030,wind_offshore,0.6224131078520307
41,6,2030,wind_offshore,0.6238945330327783
41,7,2030,wind_offshore,0.6364183840023483
41,8,2030,wind_offshore,0.6407417608653617
41,9,2030,wind_offshore,0.6597995816219461
41,10,2030,wind_offshore,0.6586141513782899
41,11,2030,wind_offshore,0.6497297765273751
41,12,2030,wind_offshore,0.6494483901033976
41,13,2030,wind_offshore,0.6504400761481912
41,14,2030,wind_offshore,0.656299644959976
41,15,2030,wind_offshore,0.6568940416828859
41,16,2030,wind_offshore,0.6679148771424358
41,17,2030,wind_offshore,0.6786600619299221
41,18,2030,wind_offshore,0.6744102239561449
41,19,2030,wind_offshore,0.667165079632947
41,20,2030,wind_offshore,0.65326397013512
41,21,2030,wind_offshore,0.6693637133787659
41,22,2030,wind_offshore,0.6638000285199666
41,23,2030,wind_offshore,0.654177218033937
41,24,2030,wind_offshore,0.6451791792823715
41,1,2030,wind_onshore,0.22090466687312552
41,2,2030,wind_onshore,0.21412986909785958
41,3,2030,wind_onshore,0.2111561414271286
41,4,2030,wind_onshore,0.19946455658561552
41,5,2030,wind_onshore,0.18756169846744553
41,6,2030,wind_onshore,0.1741087751707917
41,7,2030,wind_onshore,0.1554090749281423
41,8,2030,wind_onshore,0.14212789486702623
41,9,2030,wind_onshore,0.13311543336471188
41,10,2030,wind_onshore,0.12896933052363194
41,11,2030,wind_onshore,0.10996123012356603
41,12,2030,wind_onshore,0.0996839248948414
41,13,2030,wind_onshore,0.09933435139654277
41,14,2030,wind_onshore,0.10995130581446928
41,15,2030,wind_onshore,0.12206119339264741
41,16,2030,wind_onshore,0.1389244644752562
41,17,2030,wind_onshore,0.16370857297901617
41,18,2030,wind_onshore,0.20444063278712898
41,19,2030,wind_onshore,0.2547442735458147
41,20,2030,wind_onshore,0.28178418603146915
41,21,2030,wind_onshore,0.28273574698509674
41,22,2030,wind_onshore,0.26904083612057195
41,23,2030,wind_onshore,0.23700453779942396
41,24,2030,wind_onshore,0.22166023323678247
42,1,2030,demand,0.5314914347091364
42,2,2030,demand,0.5156277917661206
42,3,2030,demand,0.5180262836531089
42,4,2030,demand,0.5071188248667573
42,5,2030,demand,0.5171465093256467
42,6,2030,demand,0.5326513061879551
42,7,2030,demand,0.5669272359779908
42,8,2030,demand,0.6106409316564897
42,9,2030,demand,0.661229107574065
42,10,2030,demand,0.6889703079255092
42,11,2030,demand,0.7253149652609875
42,12,2030,demand,0.7366040144987449
42,13,2030,demand,0.7369662452994056
42,14,2030,demand,0.7247085475672186
42,15,2030,demand,0.7127047790176685
42,16,2030,demand,0.6999304327857686
42,17,2030,demand,0.6801162248186492
42,18,2030,demand,0.6727905585959322
42,19,2030,demand,0.6595199131395093
42,20,2030,demand,0.6520275775323784
42,21,2030,demand,0.6379307868256304
42,22,2030,demand,0.5979389995595797
42,23,2030,demand,0.5668780777385966
42,24,2030,demand,0.5604549635289684
42,1,2030,hydro_inflow,0.3013951875219649
42,2,2030,hydro_inflow,0.3022241054790102
42,3,2030,hydro_inflow,0.3068940992076064
42,4,2030,hydro_inflow,0.3062815839283238
42,5,2030,hydro_inflow,0.30078501230645066
42,6,2030,hydro_inflow,0.30171920789567636
42,7,2030,hydro_inflow,0.3064320482129184
42,8,2030,hydro_inflow,0.30616949366751833
42,9,2030,hydro_inflow,0.30536988446840896
42,10,2030,hydro_inflow,0.3089023054373546
42,11,2030,hydro_inflow,0.3118300823448743
42,12,2030,hydro_inflow,0.3092727256097519
42,13,2030,hydro_inflow,0.3098152517177918
42,14,2030,hydro_inflow,0.3056680300645259
42,15,2030,hydro_inflow,0.3037846764758551
42,16,2030,hydro_inflow,0.3019147478076898
42,17,2030,hydro_inflow,0.3019661975245034
42,18,2030,hydro_inflow,0.3028849393469735
42,19,2030,hydro_inflow,0.30400132822601883
42,20,2030,hydro_inflow,0.3029476269710976
42,21,2030,hydro_inflow,0.3033608314387016
42,22,2030,hydro_inflow,0.3064241873276181
42,23,2030,hydro_inflow,0.312633631540256
42,24,2030,hydro_inflow,0.3117227939966876
42,1,2030,solar,0.0
42,2,2030,solar,0.0
42,3,2030,solar,0.0
42,4,2030,solar,0.0
42,5,2030,solar,0.0
42,6,2030,solar,0.0
42,7,2030,solar,0.0057619787035265825
42,8,2030,solar,0.16591150539700358
42,9,2030,solar,0.42250894211742174
42,10,2030,solar,0.6649341385396411
42,11,2030,solar,0.7972218116444879
42,12,2030,solar,0.8439731093396807
42,13,2030,solar,0.8388113635973363
42,14,2030,solar,0.8079781643208881
42,15,2030,solar,0.701918683166256
42,16,2030,solar,0.5800726569806095
42,17,2030,solar,0.4326111643408173
42,18,2030,solar,0.24187333215590714
42,19,2030,solar,0.06411467212286383
42,20,2030,solar,3.963617403149143e-6
42,21,2030,solar,0.0
42,22,2030,solar,0.0
42,23,2030,solar,0.0
42,24,2030,solar,0.0
42,1,2030,wind_offshore,0.4848380231633648
42,2,2030,wind_offshore,0.49438175048116917
42,3,2030,wind_offshore,0.510763374287969
42,4,2030,wind_offshore,0.5021699479723455
42,5,2030,wind_offshore,0.47982224530626066
42,6,2030,wind_offshore,0.47232104558473864
42,7,2030,wind_offshore,0.48555381731249114
42,8,2030,wind_offshore,0.4965749333205258
42,9,2030,wind_offshore,0.5182224863320561
42,10,2030,wind_offshore,0.5194715474378597
42,11,2030,wind_offshore,0.5823369949191094
42,12,2030,wind_offshore,0.5821613366043032
42,13,2030,wind_offshore,0.6389086951876118
42,14,2030,wind_offshore,0.659449605015227
42,15,2030,wind_offshore,0.6848433246715994
42,16,2030,wind_offshore,0.6849211111442656
42,17,2030,wind_offshore,0.6656425392449231
42,18,2030,wind_offshore,0.6735925156789898
42,19,2030,wind_offshore,0.7090719148826994
42,20,2030,wind_offshore,0.7474345991602501
42,21,2030,wind_offshore,0.7583158000671618
42,22,2030,wind_offshore,0.7354287515622955
42,23,2030,wind_offshore,0.6456204334801678
42,24,2030,wind_offshore,0.5834641592444242
42,1,2030,wind_onshore,0.20836596006391722
42,2,2030,wind_onshore,0.20052956342315453
42,3,2030,wind_onshore,0.2021606658495925
42,4,2030,wind_onshore,0.20692203917870056
42,5,2030,wind_onshore,0.2016677572128814
42,6,2030,wind_onshore,0.20697379490500423
42,7,2030,wind_onshore,0.2142215622128559
42,8,2030,wind_onshore,0.21020238961011636
42,9,2030,wind_onshore,0.21308522813374428
42,10,2030,wind_onshore,0.24097104921110205
42,11,2030,wind_onshore,0.26295001723989203
42,12,2030,wind_onshore,0.30237908927421175
42,13,2030,wind_onshore,0.338573648366998
42,14,2030,wind_onshore,0.3728815089044607
42,15,2030,wind_onshore,0.4095649353628473
42,16,2030,wind_onshore,0.42204605032285397
42,17,2030,wind_onshore,0.4355989592244664
42,18,2030,wind_onshore,0.44211327410633705
42,19,2030,wind_onshore,0.4490417702056488
42,20,2030,wind_onshore,0.4692296248719736
42,21,2030,wind_onshore,0.47907060978387245
42,22,2030,wind_onshore,0.4947470913840836
42,23,2030,wind_onshore,0.45760646537366095
42,24,2030,wind_onshore,0.4219004514745678
43,1,2030,demand,0.5650979996662012
43,2,2030,demand,0.552132246089986
43,3,2030,demand,0.5403426559656718
43,4,2030,demand,0.5202469529179954
43,5,2030,demand,0.5194193049761403
43,6,2030,demand,0.5000177269163065
43,7,2030,demand,0.48517419724196226
43,8,2030,demand,0.5095498034785286
43,9,2030,demand,0.5617820937086193
43,10,2030,demand,0.6216874344937674
43,11,2030,demand,0.6692042884149687
43,12,2030,demand,0.7043404476377919
43,13,2030,demand,0.7294806957783903
43,14,2030,demand,0.7322746620017694
43,15,2030,demand,0.7270478333498994
43,16,2030,demand,0.7329845833433962
43,17,2030,demand,0.7165401568771693
43,18,2030,demand,0.7096941791419562
43,19,2030,demand,0.6846837730015642
43,20,2030,demand,0.6761091743503795
43,21,2030,demand,0.6856592314226415
43,22,2030,demand,0.6612244767759194
43,23,2030,demand,0.6302732167019417
43,24,2030,demand,0.6209334385278674
43,1,2030,hydro_inflow,0.30658101941550625
43,2,2030,hydro_inflow,0.30570769605995796
43,3,2030,hydro_inflow,0.3030700185526143
43,4,2030,hydro_inflow,0.30756605690162253
43,5,2030,hydro_inflow,0.30830460016250644
43,6,2030,hydro_inflow,0.3051654879266415
43,7,2030,hydro_inflow,0.3031238972700389
43,8,2030,hydro_inflow,0.30605783993079577
43,9,2030,hydro_inflow,0.30131490534883953
43,10,2030,hydro_inflow,0.30224237261737097
43,11,2030,hydro_inflow,0.30101582660843457
43,12,2030,hydro_inflow,0.30093925883710787
43,13,2030,hydro_inflow,0.30520253943793024
43,14,2030,hydro_inflow,0.3066548049879839
43,15,2030,hydro_inflow,0.30488500741008595
43,16,2030,hydro_inflow,0.3011914365017781
43,17,2030,hydro_inflow,0.2977116046507276
43,18,2030,hydro_inflow,0.29552106186346894
43,19,2030,hydro_inflow,0.29931300334515026
43,20,2030,hydro_inflow,0.30021647382041156
43,21,2030,hydro_inflow,0.3000140040180909
43,22,2030,hydro_inflow,0.30085326479912644
43,23,2030,hydro_inflow,0.29725261731563396
43,24,2030,hydro_inflow,0.29734917176680176
43,1,2030,solar,0.0
43,2,2030,solar,0.0
43,3,2030,solar,0.0
43,4,2030,solar,0.0
43,5,2030,solar,0.0
43,6,2030,solar,0.0
43,7,2030,solar,0.02040078924058018
43,8,2030,solar,0.2152216202866945
43,9,2030,solar,0.475668295529644
43,10,2030,solar,0.7043779442962339
43,11,2030,solar,0.8546613307546418
43,12,2030,solar,0.9463774335886023
43,13,2030,solar,0.9788706064460553
43,14,2030,solar,0.9673882520489007
43,15,2030,solar,0.9140218212455068
43,16,2030,solar,0.7939105649034743
43,17,2030,solar,0.6104361935054533
43,18,2030,solar,0.37678735738436386
43,19,2030,solar,0.12842692619819404
43,20,2030,solar,0.0009467489909243422
43,21,2030,solar,0.0
43,22,2030,solar,0.0
43,23,2030,solar,0.0
43,24,2030,solar,0.0
43,1,2030,wind_offshore,0.19377996922605753
43,2,2030,wind_offshore,0.24040208085446385
43,3,2030,wind_offshore,0.2632361479618499
43,4,2030,wind_offshore,0.2800126495771365
43,5,2030,wind_offshore,0.29914839651646763
43,6,2030,wind_offshore,0.32052572383143546
43,7,2030,wind_offshore,0.37105280797129364
43,8,2030,wind_offshore,0.45303412158176404
43,9,2030,wind_offshore,0.5420296574965215
43,10,2030,wind_offshore,0.5842594952478948
43,11,2030,wind_offshore,0.5708912814147318
43,12,2030,wind_offshore,0.4181890255798985
43,13,2030,wind_offshore,0.2758338976689684
43,14,2030,wind_offshore,0.20599956737452216
43,15,2030,wind_offshore,0.2160551746022006
43,16,2030,wind_offshore,0.24753657424963715
43,17,2030,wind_offshore,0.2455868679899741
43,18,2030,wind_offshore,0.21550679161607394
43,19,2030,wind_offshore,0.17308379970439755
43,20,2030,wind_offshore,0.15422905781833168
43,21,2030,wind_offshore,0.1515295297625564
43,22,2030,wind_offshore,0.13871296276285508
43,23,2030,wind_offshore,0.08416792738146132
43,24,2030,wind_offshore,0.08046957986166045
43,1,2030,wind_onshore,0.2522292404375207
43,2,2030,wind_onshore,0.22271776366528817
43,3,2030,wind_onshore,0.1946589141676629
43,4,2030,wind_onshore,0.16276225279931347
43,5,2030,wind_onshore,0.1408493123157133
43,6,2030,wind_onshore,0.12908256538036175
43,7,2030,wind_onshore,0.11911507114428876
43,8,2030,wind_onshore,0.0833512933361131
43,9,2030,wind_onshore,0.0594466451005122
43,10,2030,wind_onshore,0.05841176273978849
43,11,2030,wind_onshore,0.06347718536671733
43,12,2030,wind_onshore,0.06830459705952009
43,13,2030,wind_onshore,0.07602440501351258
43,14,2030,wind_onshore,0.07759683194975306
43,15,2030,wind_onshore,0.08589441551976379
43,16,2030,wind_onshore,0.09609158261279398
43,17,2030,wind_onshore,0.11222004946695717
43,18,2030,wind_onshore,0.13740871516723432
43,19,2030,wind_onshore,0.16296760408661226
43,20,2030,wind_onshore,0.1812573254825171
43,21,2030,wind_onshore,0.19024854944683925
43,22,2030,wind_onshore,0.18514998653474427
43,23,2030,wind_onshore,0.1680855681848239
43,24,2030,wind_onshore,0.1520752574966004
44,1,2030,demand,0.5261591968414269
44,2,2030,demand,0.5215344365265138
44,3,2030,demand,0.5083997000698093
44,4,2030,demand,0.4980095218394168
44,5,2030,demand,0.5044877597320795
44,6,2030,demand,0.5296832694680047
44,7,2030,demand,0.5650375901439342
44,8,2030,demand,0.6246486301284203
44,9,2030,demand,0.6610416198587494
44,10,2030,demand,0.6765830262193854
44,11,2030,demand,0.6732124798868696
44,12,2030,demand,0.6714093553640278
44,13,2030,demand,0.6569893345285829
44,14,2030,demand,0.6547191541542089
44,15,2030,demand,0.645874366763012
44,16,2030,demand,0.6418617910251212
44,17,2030,demand,0.6491640174250817
44,18,2030,demand,0.660119935760133
44,19,2030,demand,0.6901856962096654
44,20,2030,demand,0.7187149776392769
44,21,2030,demand,0.7074567630784733
44,22,2030,demand,0.6518050931642285
44,23,2030,demand,0.6014064583061
44,24,2030,demand,0.5700616594064688
44,1,2030,hydro_inflow,0.520985506969886
44,2,2030,hydro_inflow,0.5209263456290644
44,3,2030,hydro_inflow,0.5278709188368929
44,4,2030,hydro_inflow,0.5302989627105084
44,5,2030,hydro_inflow,0.5327494121832916
44,6,2030,hydro_inflow,0.5315157483455096
44,7,2030,hydro_inflow,0.5195258713752395
44,8,2030,hydro_inflow,0.523992105871348
44,9,2030,hydro_inflow,0.5253734851433844
44,10,2030,hydro_inflow,0.5252627140034523
44,11,2030,hydro_inflow,0.5246714880367804
44,12,2030,hydro_inflow,0.5340111245990422
44,13,2030,hydro_inflow,0.543418484489431
44,14,2030,hydro_inflow,0.5468834902799127
44,15,2030,hydro_inflow,0.5513878302300587
44,16,2030,hydro_inflow,0.5528976901559285
44,17,2030,hydro_inflow,0.5507864725694568
44,18,2030,hydro_inflow,0.5532952776890591
44,19,2030,hydro_inflow,0.5469392151181668
44,20,2030,hydro_inflow,0.5555978622614511
44,21,2030,hydro_inflow,0.5588038377166172
44,22,2030,hydro_inflow,0.5607330151632737
44,23,2030,hydro_inflow,0.5444093450128972
44,24,2030,hydro_inflow,0.5461442133324736
44,1,2030,solar,0.0
44,2,2030,solar,0.0
44,3,2030,solar,0.0
44,4,2030,solar,0.0
44,5,2030,solar,0.0
44,6,2030,solar,0.0
44,7,2030,solar,0.0
44,8,2030,solar,0.0
44,9,2030,solar,0.04808475929399
44,10,2030,solar,0.1708988374883863
44,11,2030,solar,0.31723343076312227
44,12,2030,solar,0.4467072786183669
44,13,2030,solar,0.5049127018371156
44,14,2030,solar,0.5323088185654083
44,15,2030,solar,0.495083062842749
44,16,2030,solar,0.3934798037817102
44,17,2030,solar,0.23112596538563318
44,18,2030,solar,0.053662784335457535
44,19,2030,solar,0.0
44,20,2030,solar,0.0
44,21,2030,solar,0.0
44,22,2030,solar,0.0
44,23,2030,solar,0.0
44,24,2030,solar,0.0
44,1,2030,wind_offshore,1.2185496959564588
44,2,2030,wind_offshore,1.2173325655085612
44,3,2030,wind_offshore,1.2288712806311435
44,4,2030,wind_offshore,1.2247853322338664
44,5,2030,wind_offshore,1.2304740200651614
44,6,2030,wind_offshore,1.210424494151388
44,7,2030,wind_offshore,1.2172551634647741
44,8,2030,wind_offshore,1.2424669168422195
44,9,2030,wind_offshore,1.2430662567163764
44,10,2030,wind_offshore,1.2362070659797904
44,11,2030,wind_offshore,1.2352861541115887
44,12,2030,wind_offshore,1.239250124778198
44,13,2030,wind_offshore,1.2227555200464852
44,14,2030,wind_offshore,1.210179648862897
44,15,2030,wind_offshore,1.2038512125783822
44,16,2030,wind_offshore,1.1955723966594574
44,17,2030,wind_offshore,1.2081098917111288
44,18,2030,wind_offshore,1.2020719905439843
44,19,2030,wind_offshore,1.2074656602830516
44,20,2030,wind_offshore,1.2249949297362457
44,21,2030,wind_offshore,1.231819704765122
44,22,2030,wind_offshore,1.2244240329236193
44,23,2030,wind_offshore,1.2260410995057616
44,24,2030,wind_offshore,1.2232783137200485
44,1,2030,wind_onshore,0.7910906980573407
44,2,2030,wind_onshore,0.7778719125452321
44,3,2030,wind_onshore,0.7406193848283
44,4,2030,wind_onshore,0.7087803470365769
44,5,2030,wind_onshore,0.6882169354819015
44,6,2030,wind_onshore,0.6634380105679872
44,7,2030,wind_onshore,0.6411963950361683
44,8,2030,wind_onshore,0.62322980747522
44,9,2030,wind_onshore,0.5958926566037409
44,10,2030,wind_onshore,0.615925590395149
44,11,2030,wind_onshore,0.6562883264137973
44,12,2030,wind_onshore,0.6723446559070412
44,13,2030,wind_onshore,0.6635844480380597
44,14,2030,wind_onshore,0.653173792966859
44,15,2030,wind_onshore,0.6399711473551717
44,16,2030,wind_onshore,0.6339118500874645
44,17,2030,wind_onshore,0.5835923398645955
44,18,2030,wind_onshore,0.5454752478393337
44,19,2030,wind_onshore,0.5447782739139215
44,20,2030,wind_onshore,0.576032268037872
44,21,2030,wind_onshore,0.6011242468893844
44,22,2030,wind_onshore,0.6117457888544078
44,23,2030,wind_onshore,0.7039574073073379
44,24,2030,wind_onshore,0.6978294513642899
45,1,2030,demand,0.6460491494322785
45,2,2030,demand,0.6374900803744236
45,3,2030,demand,0.6224029527651141
45,4,2030,demand,0.5991005087166686
45,5,2030,demand,0.6078825014951005
45,6,2030,demand,0.6327439583627213
45,7,2030,demand,0.6514122549976493
45,8,2030,demand,0.6881046356260642
45,9,2030,demand,0.757712307273472
45,10,2030,demand,0.8200660708475129
45,11,2030,demand,0.8706279320318155
45,12,2030,demand,0.909102361727667
45,13,2030,demand,0.9227756201170169
45,14,2030,demand,0.9153660747803822
45,15,2030,demand,0.9118540686632662
45,16,2030,demand,0.8914829450356682
45,17,2030,demand,0.8827711417437308
45,18,2030,demand,0.8835674391979657
45,19,2030,demand,0.875085251429369
45,20,2030,demand,0.8594028952211531
45,21,2030,demand,0.8559722765139702
45,22,2030,demand,0.8016686553125537
45,23,2030,demand,0.7411927253735796
45,24,2030,demand,0.7120942772580487
45,1,2030,hydro_inflow,0.28082801969357857
45,2,2030,hydro_inflow,0.2776682074250496
45,3,2030,hydro_inflow,0.2746564059953239
45,4,2030,hydro_inflow,0.2762446337944887
45,5,2030,hydro_inflow,0.27288567007435455
45,6,2030,hydro_inflow,0.27719842564691605
45,7,2030,hydro_inflow,0.2824160525452214
45,8,2030,hydro_inflow,0.28216767365423306
45,9,2030,hydro_inflow,0.28007095501985996
45,10,2030,hydro_inflow,0.27963324474399
45,11,2030,hydro_inflow,0.2782289262606924
45,12,2030,hydro_inflow,0.27734121359568525
45,13,2030,hydro_inflow,0.27958672819371044
45,14,2030,hydro_inflow,0.2761775860384425
45,15,2030,hydro_inflow,0.2778712893310096
45,16,2030,hydro_inflow,0.2741758365490794
45,17,2030,hydro_inflow,0.2768465949423318
45,18,2030,hydro_inflow,0.27841239105725873
45,19,2030,hydro_inflow,0.2777381979416522
45,20,2030,hydro_inflow,0.274191038831876
45,21,2030,hydro_inflow,0.27476699356266315
45,22,2030,hydro_inflow,0.26786681932876477
45,23,2030,hydro_inflow,0.2683266486900234
45,24,2030,hydro_inflow,0.2679045351249373
45,1,2030,solar,0.0
45,2,2030,solar,0.0
45,3,2030,solar,0.0
45,4,2030,solar,0.0
45,5,2030,solar,0.0
45,6,2030,solar,0.00018912530014013118
45,7,2030,solar,0.0304944234057414
45,8,2030,solar,0.23423382927873315
45,9,2030,solar,0.49573363240738755
45,10,2030,solar,0.7313926633164001
45,11,2030,solar,0.8700000390079737
45,12,2030,solar,0.959817662574384
45,13,2030,solar,1.0156269447039523
45,14,2030,solar,0.9980024485974807
45,15,2030,solar,0.9365737160554387
45,16,2030,solar,0.8072268816958892
45,17,2030,solar,0.6261620056852605
45,18,2030,solar,0.3938639078782343
45,19,2030,solar,0.14087948648018947
45,20,2030,solar,0.0027794751535447073
45,21,2030,solar,0.0
45,22,2030,solar,0.0
45,23,2030,solar,0.0
45,24,2030,solar,0.0
45,1,2030,wind_offshore,0.006926765764801903
45,2,2030,wind_offshore,0.008633924844887104
45,3,2030,wind_offshore,0.00927247603322674
45,4,2030,wind_offshore,0.010749457596229051
45,5,2030,wind_offshore,0.009235199165425166
45,6,2030,wind_offshore,0.009921866831190366
45,7,2030,wind_offshore,0.016116364979441182
45,8,2030,wind_offshore,0.032386287508545504
45,9,2030,wind_offshore,0.06294643443447612
45,10,2030,wind_offshore,0.11774520906322022
45,11,2030,wind_offshore,0.231198906768329
45,12,2030,wind_offshore,0.3412257012440068
45,13,2030,wind_offshore,0.43756655212737455
45,14,2030,wind_offshore,0.5371489403144345
45,15,2030,wind_offshore,0.6545351636807784
45,16,2030,wind_offshore,0.759740603510933
45,17,2030,wind_offshore,0.849633740796147
45,18,2030,wind_offshore,0.9649400818499144
45,19,2030,wind_offshore,1.065939452046562
45,20,2030,wind_offshore,1.119878228022098
45,21,2030,wind_offshore,1.1589557908953578
45,22,2030,wind_offshore,1.162275852052142
45,23,2030,wind_offshore,1.197218848122236
45,24,2030,wind_offshore,1.2003747925869779
45,1,2030,wind_onshore,0.28401561393003405
45,2,2030,wind_onshore,0.2475449617826723
45,3,2030,wind_onshore,0.21657876856684224
45,4,2030,wind_onshore,0.1976395280300193
45,5,2030,wind_onshore,0.17841914017292174
45,6,2030,wind_onshore,0.16920739262233345
45,7,2030,wind_onshore,0.1602599033231156
45,8,2030,wind_onshore,0.1336775233511034
45,9,2030,wind_onshore,0.11589345243398055
45,10,2030,wind_onshore,0.1319161893735644
45,11,2030,wind_onshore,0.1469294764697562
45,12,2030,wind_onshore,0.16044029852662026
45,13,2030,wind_onshore,0.17478276011049193
45,14,2030,wind_onshore,0.18990821322747237
45,15,2030,wind_onshore,0.21473468477744465
45,16,2030,wind_onshore,0.23942358576505474
45,17,2030,wind_onshore,0.27024406134072737
45,18,2030,wind_onshore,0.3050795081097736
45,19,2030,wind_onshore,0.352319819341696
45,20,2030,wind_onshore,0.40238788594963093
45,21,2030,wind_onshore,0.43656104408666757
45,22,2030,wind_onshore,0.41627047649604454
45,23,2030,wind_onshore,0.39308670943941587
45,24,2030,wind_onshore,0.3613961353687774
46,1,2030,demand,0.4772082499996223
46,2,2030,demand,0.4616771414419172
46,3,2030,demand,0.45073995632509123
46,4,2030,demand,0.4395770300168145
46,5,2030,demand,0.42780239067344866
46,6,2030,demand,0.41644136561063694
46,7,2030,demand,0.4141844019601247
46,8,2030,demand,0.427559090480197
46,9,2030,demand,0.4639948037342943
46,10,2030,demand,0.4931184373299894
46,11,2030,demand,0.5082141322831741
46,12,2030,demand,0.5051842066725967
46,13,2030,demand,0.5044090039104475
46,14,2030,demand,0.5021262414946861
46,15,2030,demand,0.4944222197078649
46,16,2030,demand,0.48793668568884585
46,17,2030,demand,0.491458989509903
46,18,2030,demand,0.5113334503253056
46,19,2030,demand,0.5269915816271
46,20,2030,demand,0.5449744706832994
46,21,2030,demand,0.5548451666172814
46,22,2030,demand,0.543650730924153
46,23,2030,demand,0.5088932115378346
46,24,2030,demand,0.4966681029928846
46,1,2030,hydro_inflow,0.29269988159976157
46,2,2030,hydro_inflow,0.29185320842295487
46,3,2030,hydro_inflow,0.292012992927897
46,4,2030,hydro_inflow,0.29143945534051574
46,5,2030,hydro_inflow,0.293164045052748
46,6,2030,hydro_inflow,0.2899354574106642
46,7,2030,hydro_inflow,0.28771814321918654
46,8,2030,hydro_inflow,0.2887855320043704
46,9,2030,hydro_inflow,0.2897484317969919
46,10,2030,hydro_inflow,0.2894184891246109
46,11,2030,hydro_inflow,0.2905274597523835
46,12,2030,hydro_inflow,0.2952788796976217
46,13,2030,hydro_inflow,0.29359526812176046
46,14,2030,hydro_inflow,0.29044125852981106
46,15,2030,hydro_inflow,0.2904831395801735
46,16,2030,hydro_inflow,0.28997963063492427
46,17,2030,hydro_inflow,0.2892783505597682
46,18,2030,hydro_inflow,0.28896114475642776
46,19,2030,hydro_inflow,0.29266265777101846
46,20,2030,hydro_inflow,0.29602360135786315
46,21,2030,hydro_inflow,0.2950262792771265
46,22,2030,hydro_inflow,0.2937895868846764
46,23,2030,hydro_inflow,0.2938202534576102
46,24,2030,hydro_inflow,0.2901152334599823
46,1,2030,solar,0.0
46,2,2030,solar,0.0
46,3,2030,solar,0.0
46,4,2030,solar,0.0
46,5,2030,solar,0.0
46,6,2030,solar,0.0
46,7,2030,solar,0.0
46,8,2030,solar,0.012254455272223685
46,9,2030,solar,0.11631776530168657
46,10,2030,solar,0.2324253056595294
46,11,2030,solar,0.3257298676036871
46,12,2030,solar,0.3744875309711699
46,13,2030,solar,0.3797229265792987
46,14,2030,solar,0.3523087604833237
46,15,2030,solar,0.28547712673418335
46,16,2030,solar,0.19328282068613056
46,17,2030,solar,0.09198279976534147
46,18,2030,solar,0.005840158593545673
46,19,2030,solar,0.0
46,20,2030,solar,0.0
46,21,2030,solar,0.0
46,22,2030,solar,0.0
46,23,2030,solar,0.0
46,24,2030,solar,0.0
46,1,2030,wind_offshore,0.5238952607437533
46,2,2030,wind_offshore,0.5593601871984876
46,3,2030,wind_offshore,0.5720003602012625
46,4,2030,wind_offshore,0.5646818419540385
46,5,2030,wind_offshore,0.5808582400243414
46,6,2030,wind_offshore,0.5581122626223586
46,7,2030,wind_offshore,0.49149165126547484
46,8,2030,wind_offshore,0.4326920537547909
46,9,2030,wind_offshore,0.3201511996468707
46,10,2030,wind_offshore,0.2990438779202939
46,11,2030,wind_offshore,0.30704087645780603
46,12,2030,wind_offshore,0.3105834878394757
46,13,2030,wind_offshore,0.4035417231937477
46,14,2030,wind_offshore,0.507441844930885
46,15,2030,wind_offshore,0.5233129019281088
46,16,2030,wind_offshore,0.531955130593902
46,17,2030,wind_offshore,0.5230543041466867
46,18,2030,wind_offshore,0.5188902997763668
46,19,2030,wind_offshore,0.5047855036526279
46,20,2030,wind_offshore,0.4893284598926021
46,21,2030,wind_offshore,0.4659821192006298
46,22,2030,wind_offshore,0.46153995626467065
46,23,2030,wind_offshore,0.4320190330050812
46,24,2030,wind_offshore,0.4241090502564559
46,1,2030,wind_onshore,0.14808963074344447
46,2,2030,wind_onshore,0.14746381178065407
46,3,2030,wind_onshore,0.13683734178847987
46,4,2030,wind_onshore,0.1321716264931849
46,5,2030,wind_onshore,0.12928748649875219
46,6,2030,wind_onshore,0.13002549339315725
46,7,2030,wind_onshore,0.1297921314383059
46,8,2030,wind_onshore,0.12723020860683165
46,9,2030,wind_onshore,0.12437858893686068
46,10,2030,wind_onshore,0.10870060942109107
46,11,2030,wind_onshore,0.09944729225000636
46,12,2030,wind_onshore,0.09651130661710365
46,13,2030,wind_onshore,0.10095471306617836
46,14,2030,wind_onshore,0.11643093379247667
46,15,2030,wind_onshore,0.1352507329781057
46,16,2030,wind_onshore,0.1445008142972596
46,17,2030,wind_onshore,0.12273802351345937
46,18,2030,wind_onshore,0.10667438109013927
46,19,2030,wind_onshore,0.1038491874889358
46,20,2030,wind_onshore,0.10669740116187382
46,21,2030,wind_onshore,0.11463970000456077
46,22,2030,wind_onshore,0.11380183840309299
46,23,2030,wind_onshore,0.12038714324223769
46,24,2030,wind_onshore,0.13488183755571265
47,1,2030,demand,0.49561021535012645
47,2,2030,demand,0.4922077513498022
47,3,2030,demand,0.48768938961933717
47,4,2030,demand,0.48545294902395386
47,5,2030,demand,0.4867162520168566
47,6,2030,demand,0.48935580892386654
47,7,2030,demand,0.5050272614517295
47,8,2030,demand,0.5299569825191289
47,9,2030,demand,0.5617235858015497
47,10,2030,demand,0.5804340627733005
47,11,2030,demand,0.5760145324428659
47,12,2030,demand,0.5773367372346511
47,13,2030,demand,0.5691339170202199
47,14,2030,demand,0.5550975669845473
47,15,2030,demand,0.5362603870387376
47,16,2030,demand,0.5268703993217595
47,17,2030,demand,0.5305557747734032
47,18,2030,demand,0.5271226992361222
47,19,2030,demand,0.5409542479456223
47,20,2030,demand,0.5690555482060355
47,21,2030,demand,0.5668935385555789
47,22,2030,demand,0.5431259973513805
47,23,2030,demand,0.5124179358062423
47,24,2030,demand,0.5064846529172173
47,1,2030,hydro_inflow,0.29192706962750586
47,2,2030,hydro_inflow,0.29402972580752407
47,3,2030,hydro_inflow,0.2934946411780845
47,4,2030,hydro_inflow,0.290115414748716
47,5,2030,hydro_inflow,0.2924297446838005
47,6,2030,hydro_inflow,0.2944497818389523
47,7,2030,hydro_inflow,0.2967116540156789
47,8,2030,hydro_inflow,0.29784513531396634
47,9,2030,hydro_inflow,0.29991302433082284
47,10,2030,hydro_inflow,0.30048263943243336
47,11,2030,hydro_inflow,0.3004721679857483
47,12,2030,hydro_inflow,0.2992017003242015
47,13,2030,hydro_inflow,0.29627880707556203
47,14,2030,hydro_inflow,0.29246339015923034
47,15,2030,hydro_inflow,0.28583804972397914
47,16,2030,hydro_inflow,0.2851736237917262
47,17,2030,hydro_inflow,0.28491963296215567
47,18,2030,hydro_inflow,0.28454049313860547
47,19,2030,hydro_inflow,0.28623465756473687
47,20,2030,hydro_inflow,0.28361232913508777
47,21,2030,hydro_inflow,0.28009053112526283
47,22,2030,hydro_inflow,0.28022800066484127
47,23,2030,hydro_inflow,0.2784114873464498
47,24,2030,hydro_inflow,0.27844589055603847
47,1,2030,solar,0.0
47,2,2030,solar,0.0
47,3,2030,solar,0.0
47,4,2030,solar,0.0
47,5,2030,solar,0.0
47,6,2030,solar,0.0
47,7,2030,solar,0.006814212392035265
47,8,2030,solar,0.16383239152535414
47,9,2030,solar,0.4140615040066608
47,10,2030,solar,0.6405652224768297
47,11,2030,solar,0.7686637847652367
47,12,2030,solar,0.8365758829436333
47,13,2030,solar,0.8209769702253258
47,14,2030,solar,0.7875897360176778
47,15,2030,solar,0.7189571150018299
47,16,2030,solar,0.6179302735825087
47,17,2030,solar,0.4535542842322822
47,18,2030,solar,0.25817539904316494
47,19,2030,solar,0.05488262615143922
47,20,2030,solar,0.0
47,21,2030,solar,0.0
47,22,2030,solar,0.0
47,23,2030,solar,0.0
47,24,2030,solar,0.0
47,1,2030,wind_offshore,1.2262385728883096
47,2,2030,wind_offshore,1.2369015532106122
47,3,2030,wind_offshore,1.2255139094066687
47,4,2030,wind_offshore,1.1994756556888964
47,5,2030,wind_offshore,1.2013479229324586
47,6,2030,wind_offshore,1.1947550612121887
47,7,2030,wind_offshore,1.1853784269247545
47,8,2030,wind_offshore,1.1982518299794027
47,9,2030,wind_offshore,1.1994011212623883
47,10,2030,wind_offshore,1.1935094525134735
47,11,2030,wind_offshore,1.182079044797407
47,12,2030,wind_offshore,1.1785637661995547
47,13,2030,wind_offshore,1.1929969579454744
47,14,2030,wind_offshore,1.1825441871789586
47,15,2030,wind_offshore,1.1905230674126241
47,16,2030,wind_offshore,1.2093337039927767
47,17,2030,wind_offshore,1.209223949813081
47,18,2030,wind_offshore,1.2016770840391602
47,19,2030,wind_offshore,1.207279236387277
47,20,2030,wind_offshore,1.2002253412454222
47,21,2030,wind_offshore,1.2221231114439945
47,22,2030,wind_offshore,1.2097038157427327
47,23,2030,wind_offshore,1.2376176142177981
47,24,2030,wind_offshore,1.2352643753891301
47,1,2030,wind_onshore,0.768610750067601
47,2,2030,wind_onshore,0.7276654273774517
47,3,2030,wind_onshore,0.6976886169127045
47,4,2030,wind_onshore,0.659237672592012
47,5,2030,wind_onshore,0.6367561094632097
47,6,2030,wind_onshore,0.6226791111969947
47,7,2030,wind_onshore,0.6218785986694113
47,8,2030,wind_onshore,0.6059937578543184
47,9,2030,wind_onshore,0.687104559550285
47,10,2030,wind_onshore,0.7605982488214966
47,11,2030,wind_onshore,0.7608783937912253
47,12,2030,wind_onshore,0.7738853623760003
47,13,2030,wind_onshore,0.7714443576020177
47,14,2030,wind_onshore,0.768811598963152
47,15,2030,wind_onshore,0.7787019280733039
47,16,2030,wind_onshore,0.791793831180397
47,17,2030,wind_onshore,0.7903373787609114
47,18,2030,wind_onshore,0.7964505958928869
47,19,2030,wind_onshore,0.8053729293221488
47,20,2030,wind_onshore,0.80493627399591
47,21,2030,wind_onshore,0.7872204514071236
47,22,2030,wind_onshore,0.7468485211158037
47,23,2030,wind_onshore,0.7153252235273443
47,24,2030,wind_onshore,0.6826209286016485
48,1,2030,demand,0.497648566751529
48,2,2030,demand,0.48469217348205934
48,3,2030,demand,0.4739250650448655
48,4,2030,demand,0.47107732010688536
48,5,2030,demand,0.4793810809206594
48,6,2030,demand,0.5076425587828495
48,7,2030,demand,0.5613485134344083
48,8,2030,demand,0.6055465941606023
48,9,2030,demand,0.6378550618024991
48,10,2030,demand,0.6663925950449877
48,11,2030,demand,0.6876468431042714
48,12,2030,demand,0.6929296626121849
48,13,2030,demand,0.6811499933541875
48,14,2030,demand,0.6624052823745389
48,15,2030,demand,0.6412861004928362
48,16,2030,demand,0.6420219292022723
48,17,2030,demand,0.6533569110977919
48,18,2030,demand,0.6642576715662944
48,19,2030,demand,0.693515478407536
48,20,2030,demand,0.6976597710701965
48,21,2030,demand,0.6929585949013929
48,22,2030,demand,0.6464668967562485
48,23,2030,demand,0.5970377061893571
48,24,2030,demand,0.5778730283700725
48,1,2030,hydro_inflow,0.24211320626799784
48,2,2030,hydro_inflow,0.2406905721884082
48,3,2030,hydro_inflow,0.23788538024884184
48,4,2030,hydro_inflow,0.23629842553409758
48,5,2030,hydro_inflow,0.23529943321115465
48,6,2030,hydro_inflow,0.23577666182481677
48,7,2030,hydro_inflow,0.23803065135433887
48,8,2030,hydro_inflow,0.23868359926844432
48,9,2030,hydro_inflow,0.23715774596718792
48,10,2030,hydro_inflow,0.23409925037622695
48,11,2030,hydro_inflow,0.23020650211374044
48,12,2030,hydro_inflow,0.2308599393177971
48,13,2030,hydro_inflow,0.23231960209088967
48,14,2030,hydro_inflow,0.23263783764103527
48,15,2030,hydro_inflow,0.23535514045261802
48,16,2030,hydro_inflow,0.23683615118075715
48,17,2030,hydro_inflow,0.2389516639936982
48,18,2030,hydro_inflow,0.23914681382028002
48,19,2030,hydro_inflow,0.23694700181564834
48,20,2030,hydro_inflow,0.23637208367185536
48,21,2030,hydro_inflow,0.235163017810002
48,22,2030,hydro_inflow,0.23356530664975125
48,23,2030,hydro_inflow,0.23548946532627094
48,24,2030,hydro_inflow,0.23186532488103143
48,1,2030,solar,0.0
48,2,2030,solar,0.0
48,3,2030,solar,0.0
48,4,2030,solar,0.0
48,5,2030,solar,0.0
48,6,2030,solar,0.0
48,7,2030,solar,0.0
48,8,2030,solar,0.0
48,9,2030,solar,0.05766891133606202
48,10,2030,solar,0.18535208268917008
48,11,2030,solar,0.3024548237376027
48,12,2030,solar,0.41755593610510927
48,13,2030,solar,0.48950391896378387
48,14,2030,solar,0.44809752467047936
48,15,2030,solar,0.3580851127958256
48,16,2030,solar,0.23306786416021652
48,17,2030,solar,0.09973635315953709
48,18,2030,solar,0.0
48,19,2030,solar,0.0
48,20,2030,solar,0.0
48,21,2030,solar,0.0
48,22,2030,solar,0.0
48,23,2030,solar,0.0
48,24,2030,solar,0.0
48,1,2030,wind_offshore,0.6879421009371592
48,2,2030,wind_offshore,0.8102022473887873
48,3,2030,wind_offshore,0.8638028206932847
48,4,2030,wind_offshore,0.9020388532897997
48,5,2030,wind_offshore,0.8494684761678646
48,6,2030,wind_offshore,0.7417169523910575
48,7,2030,wind_offshore,0.6393780548395883
48,8,2030,wind_offshore,0.5335769269025559
48,9,2030,wind_offshore,0.4671830527478325
48,10,2030,wind_offshore,0.43390875519717237
48,11,2030,wind_offshore,0.47286157291740244
48,12,2030,wind_offshore,0.44045636321132536
48,13,2030,wind_offshore,0.3633652624388241
48,14,2030,wind_offshore,0.28184232559347916
48,15,2030,wind_offshore,0.23171602477974895
48,16,2030,wind_offshore,0.2526130222547949
48,17,2030,wind_offshore,0.3067514143004328
48,18,2030,wind_offshore,0.3412991422344547
48,19,2030,wind_offshore,0.32980569240844876
48,20,2030,wind_offshore,0.3168119424652417
48,21,2030,wind_offshore,0.3094380349072343
48,22,2030,wind_offshore,0.3241809871121677
48,23,2030,wind_offshore,0.3293205835404966
48,24,2030,wind_offshore,0.3343276984780806
48,1,2030,wind_onshore,0.6031987267277551
48,2,2030,wind_onshore,0.5810270361828797
48,3,2030,wind_onshore,0.5750013364479614
48,4,2030,wind_onshore,0.5571636944792171
48,5,2030,wind_onshore,0.5376098873527411
48,6,2030,wind_onshore,0.5359814195246733
48,7,2030,wind_onshore,0.5471117611148257
48,8,2030,wind_onshore,0.5307408391443807
48,9,2030,wind_onshore,0.5332344489347861
48,10,2030,wind_onshore,0.5440470440812699
48,11,2030,wind_onshore,0.5243160986680228
48,12,2030,wind_onshore,0.5496459266825496
48,13,2030,wind_onshore,0.5647910279949392
48,14,2030,wind_onshore,0.5448136223353081
48,15,2030,wind_onshore,0.5102471546256133
48,16,2030,wind_onshore,0.45539836298520425
48,17,2030,wind_onshore,0.39513218122060345
48,18,2030,wind_onshore,0.3831969116134875
48,19,2030,wind_onshore,0.3812027244701754
48,20,2030,wind_onshore,0.3823948539520484
48,21,2030,wind_onshore,0.3679299723528159
48,22,2030,wind_onshore,0.33921715346575526
48,23,2030,wind_onshore,0.2742083625759397
48,24,2030,wind_onshore,0.25298036971396864
49,1,2030,demand,0.4887165945921231
49,2,2030,demand,0.4820865538405696
49,3,2030,demand,0.4737736192228717
49,4,2030,demand,0.459838385660403
49,5,2030,demand,0.4615482028435867
49,6,2030,demand,0.492925609431931
49,7,2030,demand,0.5200739305663425
49,8,2030,demand,0.5448579868034962
49,9,2030,demand,0.574802262619206
49,10,2030,demand,0.6008783872931405
49,11,2030,demand,0.6371559697718467
49,12,2030,demand,0.6539531866795504
49,13,2030,demand,0.647863798008057
49,14,2030,demand,0.635875496551348
49,15,2030,demand,0.6377734325211011
49,16,2030,demand,0.638334462893155
49,17,2030,demand,0.6393859416485166
49,18,2030,demand,0.6337490309800153
49,19,2030,demand,0.6253422758100895
49,20,2030,demand,0.629419875780424
49,21,2030,demand,0.6156859514102035
49,22,2030,demand,0.5816597735324337
49,23,2030,demand,0.5455043949744041
49,24,2030,demand,0.5412791123971342
49,1,2030,hydro_inflow,0.28654438580506864
49,2,2030,hydro_inflow,0.28539053503166417
49,3,2030,hydro_inflow,0.2807601305297747
49,4,2030,hydro_inflow,0.2849647929096109
49,5,2030,hydro_inflow,0.28445076964159566
49,6,2030,hydro_inflow,0.27744780192838703
49,7,2030,hydro_inflow,0.2775543332240186
49,8,2030,hydro_inflow,0.2868062467457633
49,9,2030,hydro_inflow,0.289083878015516
49,10,2030,hydro_inflow,0.28903022101144754
49,11,2030,hydro_inflow,0.2935342905251132
49,12,2030,hydro_inflow,0.2932625204432646
49,13,2030,hydro_inflow,0.28817724586942806
49,14,2030,hydro_inflow,0.2831983422373376
49,15,2030,hydro_inflow,0.28539443112776436
49,16,2030,hydro_inflow,0.2877852585728964
49,17,2030,hydro_inflow,0.29158815119695103
49,18,2030,hydro_inflow,0.2897428924831586
49,19,2030,hydro_inflow,0.28905055572594057
49,20,2030,hydro_inflow,0.28792265974073694
49,21,2030,hydro_inflow,0.2851942956414932
49,22,2030,hydro_inflow,0.2839380494765985
49,23,2030,hydro_inflow,0.2823849544115477
49,24,2030,hydro_inflow,0.27235707651655894
49,1,2030,solar,0.0
49,2,2030,solar,0.0
49,3,2030,solar,0.0
49,4,2030,solar,0.0
49,5,2030,solar,0.0
49,6,2030,solar,0.00024122307713057462
49,7,2030,solar,0.028072790832115016
49,8,2030,solar,0.12858110262556427
49,9,2030,solar,0.24928573677886454
49,10,2030,solar,0.3551175776131096
49,11,2030,solar,0.42846915519743284
49,12,2030,solar,0.475454888631626
49,13,2030,solar,0.48975325317513574
49,14,2030,solar,0.4847359022545365
49,15,2030,solar,0.46596574372712996
49,16,2030,solar,0.40783135122474895
49,17,2030,solar,0.30795870827139765
49,18,2030,solar,0.20134394614199064
49,19,2030,solar,0.08365789443377611
49,20,2030,solar,0.005700673293284364
49,21,2030,solar,0.0
49,22,2030,solar,0.0
49,23,2030,solar,0.0
49,24,2030,solar,0.0
49,1,2030,wind_offshore,0.12602978443250787
49,2,2030,wind_offshore,0.11794624073767135
49,3,2030,wind_offshore,0.10683292442003504
49,4,2030,wind_offshore,0.09781781615582276
49,5,2030,wind_offshore,0.09089873498326824
49,6,2030,wind_offshore,0.08995311737087042
49,7,2030,wind_offshore,0.08819974812553215
49,8,2030,wind_offshore,0.08861955112898336
49,9,2030,wind_offshore,0.09058184765510921
49,10,2030,wind_offshore,0.08986483879663397
49,11,2030,wind_offshore,0.059007202016935656
49,12,2030,wind_offshore,0.061097185343110004
49,13,2030,wind_offshore,0.06736383827190506
49,14,2030,wind_offshore,0.07906410711685324
49,15,2030,wind_offshore,0.09064566995919335
49,16,2030,wind_offshore,0.10684336748780755
49,17,2030,wind_offshore,0.11971309074141388
49,18,2030,wind_offshore,0.13860262177111396
49,19,2030,wind_offshore,0.15691741868282447
49,20,2030,wind_offshore,0.18479215499299037
49,21,2030,wind_offshore,0.2045720393659278
49,22,2030,wind_offshore,0.21954896918143474
49,23,2030,wind_offshore,0.1729647111153518
49,24,2030,wind_offshore,0.1605267675125054
49,1,2030,wind_onshore,0.17185020733923376
49,2,2030,wind_onshore,0.15064096337008248
49,3,2030,wind_onshore,0.1321781895862661
49,4,2030,wind_onshore,0.1176689038213883
49,5,2030,wind_onshore,0.10875034488480098
49,6,2030,wind_onshore,0.09767522431273283
49,7,2030,wind_onshore,0.09014095911466327
49,8,2030,wind_onshore,0.08027345586135631
49,9,2030,wind_onshore,0.07948758507653324
49,10,2030,wind_onshore,0.08048177485634166
49,11,2030,wind_onshore,0.05801421915114236
49,12,2030,wind_onshore,0.07106522391785336
49,13,2030,wind_onshore,0.09006359954843211
49,14,2030,wind_onshore,0.11550092962743476
49,15,2030,wind_onshore,0.14476294725054806
49,16,2030,wind_onshore,0.16950292417169258
49,17,2030,wind_onshore,0.18521110139712038
49,18,2030,wind_onshore,0.20291967759242446
49,19,2030,wind_onshore,0.20492434704977094
49,20,2030,wind_onshore,0.21077401684698133
49,21,2030,wind_onshore,0.23038583476158356
49,22,2030,wind_onshore,0.24101168187305716
49,23,2030,wind_onshore,0.1843277879688394
49,24,2030,wind_onshore,0.1809538341283665
50,1,2030,demand,0.5093996959414382
50,2,2030,demand,0.49953927412904914
50,3,2030,demand,0.4931622689488007
50,4,2030,demand,0.481183076765344
50,5,2030,demand,0.4827710313880048
50,6,2030,demand,0.5068852732410768
50,7,2030,demand,0.5457205946214855
50,8,2030,demand,0.5859698123743771
50,9,2030,demand,0.6238694403692345
50,10,2030,demand,0.631710343152568
50,11,2030,demand,0.6468561609375058
50,12,2030,demand,0.6466418060711489
50,13,2030,demand,0.6314918031317556
50,14,2030,demand,0.6321603076228851
50,15,2030,demand,0.6151975558266192
50,16,2030,demand,0.610339070631402
50,17,2030,demand,0.6070698445234765
50,18,2030,demand,0.615853401478614
50,19,2030,demand,0.6427585499646151
50,20,2030,demand,0.6570051123295173
50,21,2030,demand,0.6594224948301756
50,22,2030,demand,0.6124022265365391
50,23,2030,demand,0.5679607960205687
50,24,2030,demand,0.56005249643651
50,1,2030,hydro_inflow,0.5406241906595347
50,2,2030,hydro_inflow,0.53371267917848
50,3,2030,hydro_inflow,0.530935973073766
50,4,2030,hydro_inflow,0.5368577576708894
50,5,2030,hydro_inflow,0.5405928605607063
50,6,2030,hydro_inflow,0.5458883462258468
50,7,2030,hydro_inflow,0.5456801773474467
50,8,2030,hydro_inflow,0.5481745562105064
50,9,2030,hydro_inflow,0.532241328183345
50,10,2030,hydro_inflow,0.537054773792246
50,11,2030,hydro_inflow,0.5458797471316206
50,12,2030,hydro_inflow,0.5506775925773492
50,13,2030,hydro_inflow,0.5452807716034419
50,14,2030,hydro_inflow,0.5536226729037972
50,15,2030,hydro_inflow,0.5508028080860302
50,16,2030,hydro_inflow,0.5431383420671386
50,17,2030,hydro_inflow,0.5431315104257125
50,18,2030,hydro_inflow,0.5470952383055473
50,19,2030,hydro_inflow,0.5561998500426864
50,20,2030,hydro_inflow,0.5580651468919882
50,21,2030,hydro_inflow,0.5575045174922227
50,22,2030,hydro_inflow,0.5590143856526819
50,23,2030,hydro_inflow,0.5607322727094444
50,24,2030,hydro_inflow,0.5657329492584842
50,1,2030,solar,0.0
50,2,2030,solar,0.0
50,3,2030,solar,0.0
50,4,2030,solar,0.0
50,5,2030,solar,0.0
50,6,2030,solar,0.0
50,7,2030,solar,0.0
50,8,2030,solar,0.0
50,9,2030,solar,0.012769257385989257
50,10,2030,solar,0.04930194777092903
50,11,2030,solar,0.09105993355305589
50,12,2030,solar,0.12175707500817748
50,13,2030,solar,0.13641162342099916
50,14,2030,solar,0.13460610466010103
50,15,2030,solar,0.11571491631707062
50,16,2030,solar,0.09172615981012029
50,17,2030,solar,0.05014122697035059
50,18,2030,solar,0.011143860653604766
50,19,2030,solar,0.0
50,20,2030,solar,0.0
50,21,2030,solar,0.0
50,22,2030,solar,0.0
50,23,2030,solar,0.0
50,24,2030,solar,0.0
50,1,2030,wind_offshore,0.0
50,2,2030,wind_offshore,0.0
50,3,2030,wind_offshore,0.010576172727121615
50,4,2030,wind_offshore,0.03937324962071744
50,5,2030,wind_offshore,0.10973432026584427
50,6,2030,wind_offshore,0.22953643004177807
50,7,2030,wind_offshore,0.41392396077708815
50,8,2030,wind_offshore,0.615184375245585
50,9,2030,wind_offshore,0.6527296134343993
50,10,2030,wind_offshore,0.6544195277239048
50,11,2030,wind_offshore,0.6565786538799969
50,12,2030,wind_offshore,0.6542764142903879
50,13,2030,wind_offshore,0.6478878563108151
50,14,2030,wind_offshore,0.6444318597952303
50,15,2030,wind_offshore,0.633366231420752
50,16,2030,wind_offshore,0.6401765485893652
50,17,2030,wind_offshore,0.6485885780960928
50,18,2030,wind_offshore,0.6585635919620115
50,19,2030,wind_offshore,0.6430620794115006
50,20,2030,wind_offshore,0.6315677462544812
50,21,2030,wind_offshore,0.645553766421093
50,22,2030,wind_offshore,0.6435442341351199
50,23,2030,wind_offshore,0.65562695581635
50,24,2030,wind_offshore,0.6499650462902321
50,1,2030,wind_onshore,0.30129685963250324
50,2,2030,wind_onshore,0.285536488122765
50,3,2030,wind_onshore,0.2672948488630663
50,4,2030,wind_onshore,0.25115799483368656
50,5,2030,wind_onshore,0.2446817274757061
50,6,2030,wind_onshore,0.24848458181769156
50,7,2030,wind_onshore,0.24772148684952489
50,8,2030,wind_onshore,0.2521234763093834
50,9,2030,wind_onshore,0.26758433487587
50,10,2030,wind_onshore,0.28444097564127196
50,11,2030,wind_onshore,0.3309872151055271
50,12,2030,wind_onshore,0.3618268385670552
50,13,2030,wind_onshore,0.3900397572800491
50,14,2030,wind_onshore,0.40556976690851204
50,15,2030,wind_onshore,0.41214945540177483
50,16,2030,wind_onshore,0.40951500806108143
50,17,2030,wind_onshore,0.38347069770523223
50,18,2030,wind_onshore,0.3592700291555653
50,19,2030,wind_onshore,0.35606141936983604
50,20,2030,wind_onshore,0.3574747105392442
50,21,2030,wind_onshore,0.3655050964350821
50,22,2030,wind_onshore,0.3761114605603268
50,23,2030,wind_onshore,0.3843931087275004
50,24,2030,wind_onshore,0.3864305298221455
51,1,2030,demand,0.45467907049156403
51,2,2030,demand,0.43811967059068363
51,3,2030,demand,0.42987136147470817
51,4,2030,demand,0.4070521033164479
51,5,2030,demand,0.3945549977543653
51,6,2030,demand,0.38859017893737313
51,7,2030,demand,0.392434677583258
51,8,2030,demand,0.4215656562383368
51,9,2030,demand,0.448325053938819
51,10,2030,demand,0.4824462392296879
51,11,2030,demand,0.4953576767369313
51,12,2030,demand,0.49132754419856745
51,13,2030,demand,0.5101398967457912
51,14,2030,demand,0.4974958712045022
51,15,2030,demand,0.49404588030589863
51,16,2030,demand,0.48162722681253534
51,17,2030,demand,0.4799407691612358
51,18,2030,demand,0.5070929197044938
51,19,2030,demand,0.54028828656369
51,20,2030,demand,0.5728554365660526
51,21,2030,demand,0.587395945844707
51,22,2030,demand,0.5730023471257134
51,23,2030,demand,0.5368375406502965
51,24,2030,demand,0.5158318741611515
51,1,2030,hydro_inflow,0.649152176440897
51,2,2030,hydro_inflow,0.6538159746732265
51,3,2030,hydro_inflow,0.6492992210999711
51,4,2030,hydro_inflow,0.6529884545935049
51,5,2030,hydro_inflow,0.6426015470820231
51,6,2030,hydro_inflow,0.6580803612038382
51,7,2030,hydro_inflow,0.6561638491957059
51,8,2030,hydro_inflow,0.6529703358118253
51,9,2030,hydro_inflow,0.6517056896304445
51,10,2030,hydro_inflow,0.6500905763081483
51,11,2030,hydro_inflow,0.6565960996086108
51,12,2030,hydro_inflow,0.6524444955202349
51,13,2030,hydro_inflow,0.6531964465622939
51,14,2030,hydro_inflow,0.6516210772625354
51,15,2030,hydro_inflow,0.6497717597001742
51,16,2030,hydro_inflow,0.6525197316219937
51,17,2030,hydro_inflow,0.6496038732355641
51,18,2030,hydro_inflow,0.6446891831039079
51,19,2030,hydro_inflow,0.6463716445213387
51,20,2030,hydro_inflow,0.6464918004422805
51,21,2030,hydro_inflow,0.6457115015947059
51,22,2030,hydro_inflow,0.6473456022816172
51,23,2030,hydro_inflow,0.6563708160922153
51,24,2030,hydro_inflow,0.6598490824980565
51,1,2030,solar,0.0
51,2,2030,solar,0.0
51,3,2030,solar,0.0
51,4,2030,solar,0.0
51,5,2030,solar,0.0
51,6,2030,solar,0.0
51,7,2030,solar,0.0
51,8,2030,solar,0.0004127562361038926
51,9,2030,solar,0.08504740825093737
51,10,2030,solar,0.2018501935064728
51,11,2030,solar,0.3044457028783671
51,12,2030,solar,0.3892188897166981
51,13,2030,solar,0.44284169374146903
51,14,2030,solar,0.4365500270571841
51,15,2030,solar,0.4013757518303898
51,16,2030,solar,0.3316204430314337
51,17,2030,solar,0.22216834140154096
51,18,2030,solar,0.09130874176304464
51,19,2030,solar,0.0
51,20,2030,solar,0.0
51,21,2030,solar,0.0
51,22,2030,solar,0.0
51,23,2030,solar,0.0
51,24,2030,solar,0.0
51,1,2030,wind_offshore,0.681527589222034
51,2,2030,wind_offshore,0.6677816011322769
51,3,2030,wind_offshore,0.6690976909964855
51,4,2030,wind_offshore,0.6726419084010807
51,5,2030,wind_offshore,0.6746387659198043
51,6,2030,wind_offshore,0.6658751807331483
51,7,2030,wind_offshore,0.6802967636042583
51,8,2030,wind_offshore,0.6792666350213691
51,9,2030,wind_offshore,0.6857877513833591
51,10,2030,wind_offshore,0.6770676285243729
51,11,2030,wind_offshore,0.6698903610770979
51,12,2030,wind_offshore,0.6677288453795922
51,13,2030,wind_offshore,0.6735652954171745
51,14,2030,wind_offshore,0.6784994176524226
51,15,2030,wind_offshore,0.6743875749507166
51,16,2030,wind_offshore,0.6725119086305581
51,17,2030,wind_offshore,0.6616916681803852
51,18,2030,wind_offshore,0.6659503789987729
51,19,2030,wind_offshore,0.6668198501327424
51,20,2030,wind_offshore,0.6589632563820863
51,21,2030,wind_offshore,0.6656806021578453
51,22,2030,wind_offshore,0.668961191048974
51,23,2030,wind_offshore,0.6765359055966376
51,24,2030,wind_offshore,0.6803926763923608
51,1,2030,wind_onshore,0.4501783246297214
51,2,2030,wind_onshore,0.4436110881825534
51,3,2030,wind_onshore,0.4367762969687409
51,4,2030,wind_onshore,0.41940535645774146
51,5,2030,wind_onshore,0.4174320312865464
51,6,2030,wind_onshore,0.4060868532129896
51,7,2030,wind_onshore,0.39480362455164125
51,8,2030,wind_onshore,0.39646899941848346
51,9,2030,wind_onshore,0.4027263250226961
51,10,2030,wind_onshore,0.4013275520798563
51,11,2030,wind_onshore,0.43735310220036044
51,12,2030,wind_onshore,0.45867731690862745
51,13,2030,wind_onshore,0.4899757838634873
51,14,2030,wind_onshore,0.5182040452224491
51,15,2030,wind_onshore,0.5447477194152234
51,16,2030,wind_onshore,0.5760993105797845
51,17,2030,wind_onshore,0.5827784500494704
51,18,2030,wind_onshore,0.5786360818666859
51,19,2030,wind_onshore,0.5745111853862168
51,20,2030,wind_onshore,0.5806284655099173
51,21,2030,wind_onshore,0.5812171602041797
51,22,2030,wind_onshore,0.5692118997631628
51,23,2030,wind_onshore,0.6043653439954723
51,24,2030,wind_onshore,0.6059777186956256
52,1,2030,demand,0.4852288720083398
52,2,2030,demand,0.4794782298010883
52,3,2030,demand,0.47555431065062614
52,4,2030,demand,0.4824089182027746
52,5,2030,demand,0.49361506200141175
52,6,2030,demand,0.5205466023785976
52,7,2030,demand,0.5634609450269482
52,8,2030,demand,0.5884793483065359
52,9,2030,demand,0.6034924407606249
52,10,2030,demand,0.6074590173050635
52,11,2030,demand,0.620100544087266
52,12,2030,demand,0.6181867340216464
52,13,2030,demand,0.6147957252693832
52,14,2030,demand,0.5901939961937763
52,15,2030,demand,0.5922679710179467
52,16,2030,demand,0.5889766647803244
52,17,2030,demand,0.6062839655526734
52,18,2030,demand,0.5979896867649119
52,19,2030,demand,0.6066608386933137
52,20,2030,demand,0.6048615328282606
52,21,2030,demand,0.5948702033257082
52,22,2030,demand,0.5501454171646806
52,23,2030,demand,0.5121259974641411
52,24,2030,demand,0.5111239276940284
52,1,2030,hydro_inflow,0.2982136957500028
52,2,2030,hydro_inflow,0.2938546815482894
52,3,2030,hydro_inflow,0.29521001004869024
52,4,2030,hydro_inflow,0.2913797173602919
52,5,2030,hydro_inflow,0.2856413289378648
52,6,2030,hydro_inflow,0.2846077267113816
52,7,2030,hydro_inflow,0.2813056248320736
52,8,2030,hydro_inflow,0.2844483684793313
52,9,2030,hydro_inflow,0.2799017646616182
52,10,2030,hydro_inflow,0.27923420869312265
52,11,2030,hydro_inflow,0.2795831346032918
52,12,2030,hydro_inflow,0.27845140097699644
52,13,2030,hydro_inflow,0.2811018400540645
52,14,2030,hydro_inflow,0.2803898075470573
52,15,2030,hydro_inflow,0.2801630949097277
52,16,2030,hydro_inflow,0.28003737683423013
52,17,2030,hydro_inflow,0.2750749864199724
52,18,2030,hydro_inflow,0.2743081443993208
52,19,2030,hydro_inflow,0.27477334308881224
52,20,2030,hydro_inflow,0.27582609951328724
52,21,2030,hydro_inflow,0.27449862314534146
52,22,2030,hydro_inflow,0.274790236350309
52,23,2030,hydro_inflow,0.27647499308395684
52,24,2030,hydro_inflow,0.2756270157919573
52,1,2030,solar,0.0
52,2,2030,solar,0.0
52,3,2030,solar,0.0
52,4,2030,solar,0.0
52,5,2030,solar,0.0
52,6,2030,solar,0.0
52,7,2030,solar,0.0054812918360725195
52,8,2030,solar,0.15740156596575197
52,9,2030,solar,0.4388099093493518
52,10,2030,solar,0.6912911229941338
52,11,2030,solar,0.8502129125768555
52,12,2030,solar,0.9441482094066782
52,13,2030,solar,0.9829617046383431
52,14,2030,solar,0.9775689920743922
52,15,2030,solar,0.8889166705995002
52,16,2030,solar,0.765089894537091
52,17,2030,solar,0.5590596106431178
52,18,2030,solar,0.29246958461518907
52,19,2030,solar,0.04705700685786458
52,20,2030,solar,0.0
52,21,2030,solar,0.0
52,22,2030,solar,0.0
52,23,2030,solar,0.0
52,24,2030,solar,0.0
52,1,2030,wind_offshore,1.243677428577198
52,2,2030,wind_offshore,1.2612361900523716
52,3,2030,wind_offshore,1.2702366193983505
52,4,2030,wind_offshore,1.2767748539649715
52,5,2030,wind_offshore,1.271879051917827
52,6,2030,wind_offshore,1.2762356049750256
52,7,2030,wind_offshore,1.2675625779245534
52,8,2030,wind_offshore,1.2828527367077562
52,9,2030,wind_offshore,1.282466840672537
52,10,2030,wind_offshore,1.2903299437725817
52,11,2030,wind_offshore,1.2804217257298598
52,12,2030,wind_offshore,1.2673654927390996
52,13,2030,wind_offshore,1.2712090122195456
52,14,2030,wind_offshore,1.2627643808668128
52,15,2030,wind_offshore,1.2682610874748477
52,16,2030,wind_offshore,1.257384512808967
52,17,2030,wind_offshore,1.2514885524242927
52,18,2030,wind_offshore,1.241513745907193
52,19,2030,wind_offshore,1.2540037650032478
52,20,2030,wind_offshore,1.2527854386962527
52,21,2030,wind_offshore,1.234660342093193
52,22,2030,wind_offshore,1.2276517116841175
52,23,2030,wind_offshore,1.2296392432572691
52,24,2030,wind_offshore,1.2333120656828753
52,1,2030,wind_onshore,0.29772243324627357
52,2,2030,wind_onshore,0.27642092509997374
52,3,2030,wind_onshore,0.2561968538102938
52,4,2030,wind_onshore,0.24696217889604355
52,5,2030,wind_onshore,0.2398067916136846
52,6,2030,wind_onshore,0.24346250859762952
52,7,2030,wind_onshore,0.22919587977365743
52,8,2030,wind_onshore,0.20524494690352962
52,9,2030,wind_onshore,0.14948429849631145
52,10,2030,wind_onshore,0.13624170987044085
52,11,2030,wind_onshore,0.13715952877683482
52,12,2030,wind_onshore,0.15094718268631324
52,13,2030,wind_onshore,0.1744664012732271
52,14,2030,wind_onshore,0.21078723075682834
52,15,2030,wind_onshore,0.2486084456873313
52,16,2030,wind_onshore,0.2823787592361977
52,17,2030,wind_onshore,0.3190481765512023
52,18,2030,wind_onshore,0.3462584245632133
52,19,2030,wind_onshore,0.3862155137323418
52,20,2030,wind_onshore,0.44616095724963145
52,21,2030,wind_onshore,0.44710637956464866
52,22,2030,wind_onshore,0.42304518214673925
52,23,2030,wind_onshore,0.3884109480585663
52,24,2030,wind_onshore,0.3575389223544743
53,1,2030,demand,0.473060492421365
53,2,2030,demand,0.46301189337058685
53,3,2030,demand,0.43982371726122904
53,4,2030,demand,0.4260462410273059
53,5,2030,demand,0.4253821944731284
53,6,2030,demand,0.41265899881284995
53,7,2030,demand,0.4116178214600705
53,8,2030,demand,0.425223857037314
53,9,2030,demand,0.45666642661369183
53,10,2030,demand,0.49392407460928567
53,11,2030,demand,0.5135535767691705
53,12,2030,demand,0.519710102910948
53,13,2030,demand,0.5359162824344653
53,14,2030,demand,0.5253751718679169
53,15,2030,demand,0.5175681335022504
53,16,2030,demand,0.5101711968600527
53,17,2030,demand,0.5225221778175728
53,18,2030,demand,0.551284244213946
53,19,2030,demand,0.5888957475089043
53,20,2030,demand,0.6046748605192309
53,21,2030,demand,0.6122586306236941
53,22,2030,demand,0.6008675359474683
53,23,2030,demand,0.5753878655798237
53,24,2030,demand,0.5599568083903995
53,1,2030,hydro_inflow,0.2516744584303611
53,2,2030,hydro_inflow,0.25132569574473945
53,3,2030,hydro_inflow,0.24986828461072283
53,4,2030,hydro_inflow,0.2500450234838543
53,5,2030,hydro_inflow,0.25279939250130623
53,6,2030,hydro_inflow,0.2509072776878564
53,7,2030,hydro_inflow,0.25290207326227016
53,8,2030,hydro_inflow,0.25754410203657
53,9,2030,hydro_inflow,0.25553695595206216
53,10,2030,hydro_inflow,0.25551284614305503
53,11,2030,hydro_inflow,0.2540928132663428
53,12,2030,hydro_inflow,0.256053248217197
53,13,2030,hydro_inflow,0.25807214017865004
53,14,2030,hydro_inflow,0.26055557508228666
53,15,2030,hydro_inflow,0.2575206922091902
53,16,2030,hydro_inflow,0.25930610981748764
53,17,2030,hydro_inflow,0.2596688896807014
53,18,2030,hydro_inflow,0.25844200254675775
53,19,2030,hydro_inflow,0.2638820096627155
53,20,2030,hydro_inflow,0.26403996615832764
53,21,2030,hydro_inflow,0.2626168811041951
53,22,2030,hydro_inflow,0.2621657704012556
53,23,2030,hydro_inflow,0.26368823749327047
53,24,2030,hydro_inflow,0.26348912232867766
53,1,2030,solar,0.0
53,2,2030,solar,0.0
53,3,2030,solar,0.0
53,4,2030,solar,0.0
53,5,2030,solar,0.0
53,6,2030,solar,0.0
53,7,2030,solar,0.0
53,8,2030,solar,0.0
53,9,2030,solar,0.05478938668350979
53,10,2030,solar,0.1325507301504335
53,11,2030,solar,0.19583798977470673
53,12,2030,solar,0.23571710418361363
53,13,2030,solar,0.25126270792254646
53,14,2030,solar,0.23283160656616977
53,15,2030,solar,0.1946201908574315
53,16,2030,solar,0.13119290759029245
53,17,2030,solar,0.05275971910614994
53,18,2030,solar,0.0
53,19,2030,solar,0.0
53,20,2030,solar,0.0
53,21,2030,solar,0.0
53,22,2030,solar,0.0
53,23,2030,solar,0.0
53,24,2030,solar,0.0
53,1,2030,wind_offshore,0.1437666496797563
53,2,2030,wind_offshore,0.1870196401507903
53,3,2030,wind_offshore,0.23236596950319127
53,4,2030,wind_offshore,0.252855268571557
53,5,2030,wind_offshore,0.26503567246657667
53,6,2030,wind_offshore,0.31037482614904843
53,7,2030,wind_offshore,0.4622962946115641
53,8,2030,wind_offshore,0.676122761927238
53,9,2030,wind_offshore,0.855194347449056
53,10,2030,wind_offshore,0.8517191379003859
53,11,2030,wind_offshore,0.8020961659508529
53,12,2030,wind_offshore,0.712284313053872
53,13,2030,wind_offshore,0.7447818763765316
53,14,2030,wind_offshore,0.7158775311490402
53,15,2030,wind_offshore,0.683411621272569
53,16,2030,wind_offshore,0.7989911929171205
53,17,2030,wind_offshore,0.8998455766086366
53,18,2030,wind_offshore,0.9598248654879035
53,19,2030,wind_offshore,1.0254600667445084
53,20,2030,wind_offshore,1.0891261908744116
53,21,2030,wind_offshore,1.0762886608698523
53,22,2030,wind_offshore,1.0682724960583057
53,23,2030,wind_offshore,0.9669998325947622
53,24,2030,wind_offshore,0.9507495470627132
53,1,2030,wind_onshore,0.34788266926903555
53,2,2030,wind_onshore,0.34953091741019954
53,3,2030,wind_onshore,0.34686994482669864
53,4,2030,wind_onshore,0.32841887901471406
53,5,2030,wind_onshore,0.3285714309293436
53,6,2030,wind_onshore,0.32872387771324996
53,7,2030,wind_onshore,0.3224958086226613
53,8,2030,wind_onshore,0.3044595289359723
53,9,2030,wind_onshore,0.29961310815496506
53,10,2030,wind_onshore,0.30101618446651673
53,11,2030,wind_onshore,0.3672565808432304
53,12,2030,wind_onshore,0.4449141394667766
53,13,2030,wind_onshore,0.45279661309802227
53,14,2030,wind_onshore,0.4600956168183943
53,15,2030,wind_onshore,0.4310781066095241
53,16,2030,wind_onshore,0.38496880824830243
53,17,2030,wind_onshore,0.3631490635760391
53,18,2030,wind_onshore,0.3324616736246547
53,19,2030,wind_onshore,0.3160390838872928
53,20,2030,wind_onshore,0.2954825317026019
53,21,2030,wind_onshore,0.28953873517574763
53,22,2030,wind_onshore,0.2863886270366639
53,23,2030,wind_onshore,0.29483171883728215
53,24,2030,wind_onshore,0.3082023908812233
54,1,2030,demand,0.49792668695281894
54,2,2030,demand,0.48447238996384673
54,3,2030,demand,0.4707946996632154
54,4,2030,demand,0.45470742827514044
54,5,2030,demand,0.4395294402172157
54,6,2030,demand,0.42266397300304487
54,7,2030,demand,0.43277269216973213
54,8,2030,demand,0.46310185437863166
54,9,2030,demand,0.5007339103789394
54,10,2030,demand,0.5323594909151281
54,11,2030,demand,0.5541678985252385
54,12,2030,demand,0.5613574396608161
54,13,2030,demand,0.5637897736150013
54,14,2030,demand,0.5595647727458345
54,15,2030,demand,0.5380333025371021
54,16,2030,demand,0.5205505458488177
54,17,2030,demand,0.5272481156677992
54,18,2030,demand,0.5503859383254632
54,19,2030,demand,0.5860678272748491
54,20,2030,demand,0.617938051595742
54,21,2030,demand,0.640117121802737
54,22,2030,demand,0.6357748867429918
54,23,2030,demand,0.5903355857687649
54,24,2030,demand,0.5679995003599978
54,1,2030,hydro_inflow,0.509077864980725
54,2,2030,hydro_inflow,0.5149914466477209
54,3,2030,hydro_inflow,0.5148476278152878
54,4,2030,hydro_inflow,0.516790622422135
54,5,2030,hydro_inflow,0.5287778411562296
54,6,2030,hydro_inflow,0.5300940539103235
54,7,2030,hydro_inflow,0.5283109811614234
54,8,2030,hydro_inflow,0.5209872885562907
54,9,2030,hydro_inflow,0.5252810134866356
54,10,2030,hydro_inflow,0.5298051828408572
54,11,2030,hydro_inflow,0.5325784856747524
54,12,2030,hydro_inflow,0.5248902198669103
54,13,2030,hydro_inflow,0.526882431537409
54,14,2030,hydro_inflow,0.5284981201975703
54,15,2030,hydro_inflow,0.5346437472697737
54,16,2030,hydro_inflow,0.535522956071999
54,17,2030,hydro_inflow,0.5341751986203467
54,18,2030,hydro_inflow,0.52841899344581
54,19,2030,hydro_inflow,0.5282550024691604
54,20,2030,hydro_inflow,0.5332170046512152
54,21,2030,hydro_inflow,0.5426164947462296
54,22,2030,hydro_inflow,0.5411004710674195
54,23,2030,hydro_inflow,0.5447855015268049
54,24,2030,hydro_inflow,0.5460073568371601
54,1,2030,solar,0.0
54,2,2030,solar,0.0
54,3,2030,solar,0.0
54,4,2030,solar,0.0
54,5,2030,solar,0.0
54,6,2030,solar,0.0
54,7,2030,solar,0.0
54,8,2030,solar,0.0
54,9,2030,solar,0.08836990291157064
54,10,2030,solar,0.2272476411200092
54,11,2030,solar,0.35106927030331614
54,12,2030,solar,0.4282620417309742
54,13,2030,solar,0.4577200356655109
54,14,2030,solar,0.4359866826137464
54,15,2030,solar,0.37008512461343906
54,16,2030,solar,0.2821642734047268
54,17,2030,solar,0.17436862031318925
54,18,2030,solar,0.06298382696950901
54,19,2030,solar,0.0
54,20,2030,solar,0.0
54,21,2030,solar,0.0
54,22,2030,solar,0.0
54,23,2030,solar,0.0
54,24,2030,solar,0.0
54,1,2030,wind_offshore,0.6049111518262015
54,2,2030,wind_offshore,0.6396994146593197
54,3,2030,wind_offshore,0.6510059796585181
54,4,2030,wind_offshore,0.6497216678461316
54,5,2030,wind_offshore,0.6637580248704279
54,6,2030,wind_offshore,0.6521644374726756
54,7,2030,wind_offshore,0.6491129155433788
54,8,2030,wind_offshore,0.6573132542590082
54,9,2030,wind_offshore,0.6590256462529988
54,10,2030,wind_offshore,0.6553186689911507
54,11,2030,wind_offshore,0.6551800188353288
54,12,2030,wind_offshore,0.6405922368450842
54,13,2030,wind_offshore,0.6366213661236564
54,14,2030,wind_offshore,0.6480760351812698
54,15,2030,wind_offshore,0.648861390615608
54,16,2030,wind_offshore,0.6199824523154848
54,17,2030,wind_offshore,0.4809787732738969
54,18,2030,wind_offshore,0.35034153295714066
54,19,2030,wind_offshore,0.23153887433465042
54,20,2030,wind_offshore,0.1398427102929518
54,21,2030,wind_offshore,0.10964941859587485
54,22,2030,wind_offshore,0.09098220803414654
54,23,2030,wind_offshore,0.02432510975375944
54,24,2030,wind_offshore,0.0087500999101844
54,1,2030,wind_onshore,0.15107295244136015
54,2,2030,wind_onshore,0.1556706517130029
54,3,2030,wind_onshore,0.16530631865556042
54,4,2030,wind_onshore,0.16734683153457175
54,5,2030,wind_onshore,0.17380758280003783
54,6,2030,wind_onshore,0.16968790455230354
54,7,2030,wind_onshore,0.1717359305169492
54,8,2030,wind_onshore,0.17887690165767425
54,9,2030,wind_onshore,0.178009943587858
54,10,2030,wind_onshore,0.16756379850638478
54,11,2030,wind_onshore,0.16005760040026784
54,12,2030,wind_onshore,0.17354909870810678
54,13,2030,wind_onshore,0.19680894049990388
54,14,2030,wind_onshore,0.220739108381306
54,15,2030,wind_onshore,0.25451478878574596
54,16,2030,wind_onshore,0.2685664546340205
54,17,2030,wind_onshore,0.28155476900059323
54,18,2030,wind_onshore,0.27285264828485045
54,19,2030,wind_onshore,0.2773491854898257
54,20,2030,wind_onshore,0.27060686659713934
54,21,2030,wind_onshore,0.26455623459543726
54,22,2030,wind_onshore,0.24658087978852425
54,23,2030,wind_onshore,0.23161173204027918
54,24,2030,wind_onshore,0.21677196681349953
55,1,2030,demand,0.4737011795003664
55,2,2030,demand,0.4752390565491987
55,3,2030,demand,0.47378443357374095
55,4,2030,demand,0.4667288060645268
55,5,2030,demand,0.48708251729189705
55,6,2030,demand,0.5080251493722043
55,7,2030,demand,0.5465176789386149
55,8,2030,demand,0.5827251468101636
55,9,2030,demand,0.6061892388326298
55,10,2030,demand,0.6155880185093003
55,11,2030,demand,0.6218410046768275
55,12,2030,demand,0.6344744710168263
55,13,2030,demand,0.6263044053360282
55,14,2030,demand,0.6100272795220582
55,15,2030,demand,0.6165267401221958
55,16,2030,demand,0.6228379243044965
55,17,2030,demand,0.6327375124843286
55,18,2030,demand,0.6333454934614057
55,19,2030,demand,0.6372732880834179
55,20,2030,demand,0.6454324357075046
55,21,2030,demand,0.635550554591908
55,22,2030,demand,0.5937277580361426
55,23,2030,demand,0.5382439821281333
55,24,2030,demand,0.535847884441983
55,1,2030,hydro_inflow,0.2613338972517345
55,2,2030,hydro_inflow,0.2610021098743262
55,3,2030,hydro_inflow,0.2623735149589364
55,4,2030,hydro_inflow,0.2613926555969824
55,5,2030,hydro_inflow,0.26384085028564297
55,6,2030,hydro_inflow,0.267792191549315
55,7,2030,hydro_inflow,0.26998849375358985
55,8,2030,hydro_inflow,0.2658704822421402
55,9,2030,hydro_inflow,0.262655662523735
55,10,2030,hydro_inflow,0.26096479172282755
55,11,2030,hydro_inflow,0.2600298589146971
55,12,2030,hydro_inflow,0.25738705286796904
55,13,2030,hydro_inflow,0.2610277853726656
55,14,2030,hydro_inflow,0.26627904149031423
55,15,2030,hydro_inflow,0.262530958350293
55,16,2030,hydro_inflow,0.25994108939561866
55,17,2030,hydro_inflow,0.2572384520824143
55,18,2030,hydro_inflow,0.2566061391930073
55,19,2030,hydro_inflow,0.258704963244881
55,20,2030,hydro_inflow,0.2578716382163527
55,21,2030,hydro_inflow,0.2562029962670076
55,22,2030,hydro_inflow,0.25682315885400847
55,23,2030,hydro_inflow,0.25381863036416846
55,24,2030,hydro_inflow,0.2536878795736876
55,1,2030,solar,0.0
55,2,2030,solar,0.0
55,3,2030,solar,0.0
55,4,2030,solar,0.0
55,5,2030,solar,0.0
55,6,2030,solar,0.0
55,7,2030,solar,0.027092836156271064
55,8,2030,solar,0.22646495053647342
55,9,2030,solar,0.4787598767618727
55,10,2030,solar,0.7187793222216364
55,11,2030,solar,0.8560283660571311
55,12,2030,solar,0.9570303903926528
55,13,2030,solar,0.9765409631063321
55,14,2030,solar,0.9424053267462702
55,15,2030,solar,0.8535087599434643
55,16,2030,solar,0.710086745519141
55,17,2030,solar,0.5074149278145966
55,18,2030,solar,0.2831619372261206
55,19,2030,solar,0.07499737054227718
55,20,2030,solar,0.0002110946702585407
55,21,2030,solar,0.0
55,22,2030,solar,0.0
55,23,2030,solar,0.0
55,24,2030,solar,0.0
55,1,2030,wind_offshore,0.06154100234578017
55,2,2030,wind_offshore,0.12507311549485484
55,3,2030,wind_offshore,0.206649128702989
55,4,2030,wind_offshore,0.31185492814410837
55,5,2030,wind_offshore,0.4633304971977613
55,6,2030,wind_offshore,0.5589245733549615
55,7,2030,wind_offshore,0.6214859866124481
55,8,2030,wind_offshore,0.5258145880680445
55,9,2030,wind_offshore,0.3641614615101644
55,10,2030,wind_offshore,0.21422490840166528
55,11,2030,wind_offshore,0.22849805827427297
55,12,2030,wind_offshore,0.11513742098453948
55,13,2030,wind_offshore,0.046754062626507366
55,14,2030,wind_offshore,0.030280587747352258
55,15,2030,wind_offshore,0.04922713381738034
55,16,2030,wind_offshore,0.039817641508959056
55,17,2030,wind_offshore,0.01092760351222055
55,18,2030,wind_offshore,2.6314573076175204e-5
55,19,2030,wind_offshore,0.0
55,20,2030,wind_offshore,0.0
55,21,2030,wind_offshore,0.000246733250681188
55,22,2030,wind_offshore,0.0016969053038762853
55,23,2030,wind_offshore,0.029411129204849066
55,24,2030,wind_offshore,0.03019484659239252
55,1,2030,wind_onshore,0.12609683750067535
55,2,2030,wind_onshore,0.13087156124733282
55,3,2030,wind_onshore,0.14088911779985308
55,4,2030,wind_onshore,0.14237029909527066
55,5,2030,wind_onshore,0.1494739887811556
55,6,2030,wind_onshore,0.14660767940215766
55,7,2030,wind_onshore,0.14735497615476553
55,8,2030,wind_onshore,0.12309784264826806
55,9,2030,wind_onshore,0.09533810254883027
55,10,2030,wind_onshore,0.10735218159422785
55,11,2030,wind_onshore,0.13105583973731483
55,12,2030,wind_onshore,0.14807732948346672
55,13,2030,wind_onshore,0.15780965195164176
55,14,2030,wind_onshore,0.1575596370583098
55,15,2030,wind_onshore,0.158419577156614
55,16,2030,wind_onshore,0.1530842653432455
55,17,2030,wind_onshore,0.14611134250746427
55,18,2030,wind_onshore,0.14293192120124512
55,19,2030,wind_onshore,0.1368251195468951
55,20,2030,wind_onshore,0.14705202847995194
55,21,2030,wind_onshore,0.14721658548768982
55,22,2030,wind_onshore,0.14832899957143963
55,23,2030,wind_onshore,0.11803041867135382
55,24,2030,wind_onshore,0.09713311861116243
56,1,2030,demand,0.4820968781332583
56,2,2030,demand,0.4746549631926131
56,3,2030,demand,0.46374970590623354
56,4,2030,demand,0.45005651242802797
56,5,2030,demand,0.4435584938234004
56,6,2030,demand,0.44316095939312133
56,7,2030,demand,0.45465463333424244
56,8,2030,demand,0.49608807235685
56,9,2030,demand,0.5359731186287249
56,10,2030,demand,0.5562161976943403
56,11,2030,demand,0.5769723937512635
56,12,2030,demand,0.574534171547726
56,13,2030,demand,0.5634702288389637
56,14,2030,demand,0.5604002813572239
56,15,2030,demand,0.5384946500282674
56,16,2030,demand,0.5338048647371159
56,17,2030,demand,0.5207512757315539
56,18,2030,demand,0.5353032289862186
56,19,2030,demand,0.5558901101780233
56,20,2030,demand,0.583147575762187
56,21,2030,demand,0.5892677157419595
56,22,2030,demand,0.5678670743428256
56,23,2030,demand,0.5239079403304983
56,24,2030,demand,0.5031378433271797
56,1,2030,hydro_inflow,1.0152118901715657
56,2,2030,hydro_inflow,1.0095149167433513
56,3,2030,hydro_inflow,1.0244932199199814
56,4,2030,hydro_inflow,1.0215437807133592
56,5,2030,hydro_inflow,1.0068312217912772
56,6,2030,hydro_inflow,1.0084746850930342
56,7,2030,hydro_inflow,0.9917860679190842
56,8,2030,hydro_inflow,0.9894322936396858
56,9,2030,hydro_inflow,0.9894965037976692
56,10,2030,hydro_inflow,0.9977169642960101
56,11,2030,hydro_inflow,0.9950721201385536
56,12,2030,hydro_inflow,1.0050487119756228
56,13,2030,hydro_inflow,1.0095712476795535
56,14,2030,hydro_inflow,1.0038875519469252
56,15,2030,hydro_inflow,0.9976638349316638
56,16,2030,hydro_inflow,0.9854507021433235
56,17,2030,hydro_inflow,0.9884214744125498
56,18,2030,hydro_inflow,0.9809920718597549
56,19,2030,hydro_inflow,0.9872646294909552
56,20,2030,hydro_inflow,0.9961420508427268
56,21,2030,hydro_inflow,0.9996955423924468
56,22,2030,hydro_inflow,1.0092702459730272
56,23,2030,hydro_inflow,1.00403851724464
56,24,2030,hydro_inflow,1.0045949550365796
56,1,2030,solar,0.0
56,2,2030,solar,0.0
56,3,2030,solar,0.0
56,4,2030,solar,0.0
56,5,2030,solar,0.0
56,6,2030,solar,0.0
56,7,2030,solar,0.0
56,8,2030,solar,0.0
56,9,2030,solar,0.016655561411413645
56,10,2030,solar,0.0861149313105818
56,11,2030,solar,0.15161517699251303
56,12,2030,solar,0.1932031890264886
56,13,2030,solar,0.23667296467440696
56,14,2030,solar,0.2547381674313328
56,15,2030,solar,0.22333528149997367
56,16,2030,solar,0.14071515013974353
56,17,2030,solar,0.05169723923611091
56,18,2030,solar,0.0
56,19,2030,solar,0.0
56,20,2030,solar,0.0
56,21,2030,solar,0.0
56,22,2030,solar,0.0
56,23,2030,solar,0.0
56,24,2030,solar,0.0
56,1,2030,wind_offshore,0.6357477468831936
56,2,2030,wind_offshore,0.6399213526984793
56,3,2030,wind_offshore,0.6392345083671876
56,4,2030,wind_offshore,0.631943126929567
56,5,2030,wind_offshore,0.6316948955852515
56,6,2030,wind_offshore,0.6471524765988299
56,7,2030,wind_offshore,0.6449180874088433
56,8,2030,wind_offshore,0.6492498772046175
56,9,2030,wind_offshore,0.6447197581583326
56,10,2030,wind_offshore,0.6397843554151187
56,11,2030,wind_offshore,0.6341017252334783
56,12,2030,wind_offshore,0.6352649640717585
56,13,2030,wind_offshore,0.6035543181251033
56,14,2030,wind_offshore,0.6418947499055018
56,15,2030,wind_offshore,0.6485144199389563
56,16,2030,wind_offshore,0.6542207445296274
56,17,2030,wind_offshore,0.6513915934675097
56,18,2030,wind_offshore,0.6662944298975751
56,19,2030,wind_offshore,0.6662459917498027
56,20,2030,wind_offshore,0.678069358225928
56,21,2030,wind_offshore,0.6723977699839477
56,22,2030,wind_offshore,0.6655819178472686
56,23,2030,wind_offshore,0.6700744372339499
56,24,2030,wind_offshore,0.6676373106212443
56,1,2030,wind_onshore,0.5400761074615695
56,2,2030,wind_onshore,0.5596922940443211
56,3,2030,wind_onshore,0.571572895872849
56,4,2030,wind_onshore,0.5767706529789052
56,5,2030,wind_onshore,0.5646522640430601
56,6,2030,wind_onshore,0.5623110272716545
56,7,2030,wind_onshore,0.5378217805076118
56,8,2030,wind_onshore,0.5164042568041941
56,9,2030,wind_onshore,0.5072553769293794
56,10,2030,wind_onshore,0.511988393005035
56,11,2030,wind_onshore,0.49769771327547496
56,12,2030,wind_onshore,0.49698730367240096
56,13,2030,wind_onshore,0.504948533058372
56,14,2030,wind_onshore,0.5123075011511896
56,15,2030,wind_onshore,0.530386988646729
56,16,2030,wind_onshore,0.5056686606503276
56,17,2030,wind_onshore,0.4604958330404658
56,18,2030,wind_onshore,0.42468233967225
56,19,2030,wind_onshore,0.4047525538494406
56,20,2030,wind_onshore,0.39891915100400366
56,21,2030,wind_onshore,0.4093964413351291
56,22,2030,wind_onshore,0.42349878507938077
56,23,2030,wind_onshore,0.440857594501494
56,24,2030,wind_onshore,0.4724155224859439
57,1,2030,demand,0.479506902772429
57,2,2030,demand,0.46686962513402896
57,3,2030,demand,0.45182692432559163
57,4,2030,demand,0.4362714396919703
57,5,2030,demand,0.42615546912538926
57,6,2030,demand,0.41803201469778656
57,7,2030,demand,0.41489445143472153
57,8,2030,demand,0.4340030980117681
57,9,2030,demand,0.45871577313052825
57,10,2030,demand,0.4961444686176986
57,11,2030,demand,0.511240623425078
57,12,2030,demand,0.5237639876641579
57,13,2030,demand,0.5271086336979346
57,14,2030,demand,0.5304024997849759
57,15,2030,demand,0.5198477874927355
57,16,2030,demand,0.512031288004071
57,17,2030,demand,0.5131080557634462
57,18,2030,demand,0.5356658727945223
57,19,2030,demand,0.5559673946976825
57,20,2030,demand,0.565622221504965
57,21,2030,demand,0.5668961329479023
57,22,2030,demand,0.5536752437704129
57,23,2030,demand,0.5178657281681939
57,24,2030,demand,0.5038991713475707
57,1,2030,hydro_inflow,0.27597623608148825
57,2,2030,hydro_inflow,0.277444906288464
57,3,2030,hydro_inflow,0.2768009123007478
57,4,2030,hydro_inflow,0.2703586404959128
57,5,2030,hydro_inflow,0.26764533241894395
57,6,2030,hydro_inflow,0.2658049086923419
57,7,2030,hydro_inflow,0.2620755844449532
57,8,2030,hydro_inflow,0.2646206992923575
57,9,2030,hydro_inflow,0.26505861253748986
57,10,2030,hydro_inflow,0.26330902142943613
57,11,2030,hydro_inflow,0.26234172535681116
57,12,2030,hydro_inflow,0.2654860252473446
57,13,2030,hydro_inflow,0.27066284590287576
57,14,2030,hydro_inflow,0.26827250300362226
57,15,2030,hydro_inflow,0.2703077805605933
57,16,2030,hydro_inflow,0.27440276013220605
57,17,2030,hydro_inflow,0.2795004216357196
57,18,2030,hydro_inflow,0.2824407292439891
57,19,2030,hydro_inflow,0.2837888844594268
57,20,2030,hydro_inflow,0.28039848964880276
57,21,2030,hydro_inflow,0.2839718823954114
57,22,2030,hydro_inflow,0.28163054586057135
57,23,2030,hydro_inflow,0.28628906659118003
57,24,2030,hydro_inflow,0.2827505868570278
57,1,2030,solar,0.0
57,2,2030,solar,0.0
57,3,2030,solar,0.0
57,4,2030,solar,0.0
57,5,2030,solar,0.0
57,6,2030,solar,0.0
57,7,2030,solar,0.0
57,8,2030,solar,3.077815517633513e-5
57,9,2030,solar,0.051782666571421325
57,10,2030,solar,0.13752597817037018
57,11,2030,solar,0.23146736531939682
57,12,2030,solar,0.3155573034025971
57,13,2030,solar,0.3383809477391483
57,14,2030,solar,0.31556581185730026
57,15,2030,solar,0.25428826272424204
57,16,2030,solar,0.16103479280487926
57,17,2030,solar,0.06911527452850741
57,18,2030,solar,0.0
57,19,2030,solar,0.0
57,20,2030,solar,0.0
57,21,2030,solar,0.0
57,22,2030,solar,0.0
57,23,2030,solar,0.0
57,24,2030,solar,0.0
57,1,2030,wind_offshore,0.04596498995174033
57,2,2030,wind_offshore,0.11009803566371966
57,3,2030,wind_offshore,0.17021743023588654
57,4,2030,wind_offshore,0.1522145432986385
57,5,2030,wind_offshore,0.14532481420253524
57,6,2030,wind_offshore,0.17278395799777513
57,7,2030,wind_offshore,0.2103729529328983
57,8,2030,wind_offshore,0.2602349527444475
57,9,2030,wind_offshore,0.29352145622035003
57,10,2030,wind_offshore,0.3327214138971819
57,11,2030,wind_offshore,0.2547125578448162
57,12,2030,wind_offshore,0.25127861134231194
57,13,2030,wind_offshore,0.3132799734300923
57,14,2030,wind_offshore,0.36821400407472915
57,15,2030,wind_offshore,0.4911849369116194
57,16,2030,wind_offshore,0.685411659381597
57,17,2030,wind_offshore,0.7761108426327196
57,18,2030,wind_offshore,0.7488894068314357
57,19,2030,wind_offshore,0.7823175271973526
57,20,2030,wind_offshore,0.9026463287827786
57,21,2030,wind_offshore,1.0753759768921782
57,22,2030,wind_offshore,1.120642476414476
57,23,2030,wind_offshore,1.1951946617720732
57,24,2030,wind_offshore,1.206356095792158
57,1,2030,wind_onshore,0.7473119727756988
57,2,2030,wind_onshore,0.7634331817932736
57,3,2030,wind_onshore,0.7388926578104149
57,4,2030,wind_onshore,0.7227034567067541
57,5,2030,wind_onshore,0.6775323651967199
57,6,2030,wind_onshore,0.6345671351316259
57,7,2030,wind_onshore,0.607033324959049
57,8,2030,wind_onshore,0.6068651179732191
57,9,2030,wind_onshore,0.6180961326056716
57,10,2030,wind_onshore,0.6331936783446488
57,11,2030,wind_onshore,0.6514138719568356
57,12,2030,wind_onshore,0.6879709573168304
57,13,2030,wind_onshore,0.7597553135048501
57,14,2030,wind_onshore,0.8198995054917
57,15,2030,wind_onshore,0.8415295344504058
57,16,2030,wind_onshore,0.8274368524485309
57,17,2030,wind_onshore,0.8126183192181956
57,18,2030,wind_onshore,0.7979242708343122
57,19,2030,wind_onshore,0.7520844616360854
57,20,2030,wind_onshore,0.7166654146294608
57,21,2030,wind_onshore,0.6790845399378682
57,22,2030,wind_onshore,0.6606141589732619
57,23,2030,wind_onshore,0.5698229981814196
57,24,2030,wind_onshore,0.5446375830059892
58,1,2030,demand,0.5305488993829718
58,2,2030,demand,0.5211699234829745
58,3,2030,demand,0.5132931740378365
58,4,2030,demand,0.5011471600780352
58,5,2030,demand,0.5183281328781493
58,6,2030,demand,0.545154584989197
58,7,2030,demand,0.5950832095448453
58,8,2030,demand,0.6470277611693273
58,9,2030,demand,0.6747727408253344
58,10,2030,demand,0.6919040070561501
58,11,2030,demand,0.6903158344785623
58,12,2030,demand,0.683223599426689
58,13,2030,demand,0.6822498841135954
58,14,2030,demand,0.6655454079638408
58,15,2030,demand,0.6497002959242645
58,16,2030,demand,0.6333547334626818
58,17,2030,demand,0.6517681182402457
58,18,2030,demand,0.6624369124485063
58,19,2030,demand,0.6946925394846988
58,20,2030,demand,0.7115306719564258
58,21,2030,demand,0.6891179063311256
58,22,2030,demand,0.6550675685184424
58,23,2030,demand,0.5997768749459332
58,24,2030,demand,0.5740543198292084
58,1,2030,hydro_inflow,0.22896317499170543
58,2,2030,hydro_inflow,0.22973232179745584
58,3,2030,hydro_inflow,0.23235947042004515
58,4,2030,hydro_inflow,0.23843897662435054
58,5,2030,hydro_inflow,0.23929627922010188
58,6,2030,hydro_inflow,0.24123715222501443
58,7,2030,hydro_inflow,0.2390701062627299
58,8,2030,hydro_inflow,0.23596957483752462
58,9,2030,hydro_inflow,0.23327517089437197
58,10,2030,hydro_inflow,0.23508162602548774
58,11,2030,hydro_inflow,0.23430469196807477
58,12,2030,hydro_inflow,0.23687882610563177
58,13,2030,hydro_inflow,0.23668100279104987
58,14,2030,hydro_inflow,0.23856989093632774
58,15,2030,hydro_inflow,0.23708281926779662
58,16,2030,hydro_inflow,0.2369525355632859
58,17,2030,hydro_inflow,0.23602926067069552
58,18,2030,hydro_inflow,0.235170195854626
58,19,2030,hydro_inflow,0.23661888247316692
58,20,2030,hydro_inflow,0.23740513093108462
58,21,2030,hydro_inflow,0.2367831570239318
58,22,2030,hydro_inflow,0.23821146057286693
58,23,2030,hydro_inflow,0.2380730665052415
58,24,2030,hydro_inflow,0.23890713732463006
58,1,2030,solar,0.0
58,2,2030,solar,0.0
58,3,2030,solar,0.0
58,4,2030,solar,0.0
58,5,2030,solar,0.0
58,6,2030,solar,0.0
58,7,2030,solar,0.0
58,8,2030,solar,0.0
58,9,2030,solar,0.02022526699233596
58,10,2030,solar,0.06524797828755564
58,11,2030,solar,0.1191589031952697
58,12,2030,solar,0.16420837972045657
58,13,2030,solar,0.18103047488269647
58,14,2030,solar,0.17370285465246318
58,15,2030,solar,0.1316112313635127
58,16,2030,solar,0.0834886153176198
58,17,2030,solar,0.037736777035620284
58,18,2030,solar,0.0
58,19,2030,solar,0.0
58,20,2030,solar,0.0
58,21,2030,solar,0.0
58,22,2030,solar,0.0
58,23,2030,solar,0.0
58,24,2030,solar,0.0
58,1,2030,wind_offshore,0.5874619407387512
58,2,2030,wind_offshore,0.640447744294694
58,3,2030,wind_offshore,0.6425934554095948
58,4,2030,wind_offshore,0.6445304281465721
58,5,2030,wind_offshore,0.644927195705827
58,6,2030,wind_offshore,0.6212710872603855
58,7,2030,wind_offshore,0.5823889662325317
58,8,2030,wind_offshore,0.5103564796955875
58,9,2030,wind_offshore,0.48412955204531394
58,10,2030,wind_offshore,0.44122436140708493
58,11,2030,wind_offshore,0.3404991700432807
58,12,2030,wind_offshore,0.35546071609846364
58,13,2030,wind_offshore,0.4622679783353594
58,14,2030,wind_offshore,0.4974118855747663
58,15,2030,wind_offshore,0.559925710242638
58,16,2030,wind_offshore,0.5526064556192045
58,17,2030,wind_offshore,0.5246939134215085
58,18,2030,wind_offshore,0.5058549348751553
58,19,2030,wind_offshore,0.478523275462845
58,20,2030,wind_offshore,0.45365939364771957
58,21,2030,wind_offshore,0.40708269949213555
58,22,2030,wind_offshore,0.398615766471952
58,23,2030,wind_offshore,0.504996305338765
58,24,2030,wind_offshore,0.5589227521035648
58,1,2030,wind_onshore,0.38459510883707554
58,2,2030,wind_onshore,0.37334358821762453
58,3,2030,wind_onshore,0.3532188030695904
58,4,2030,wind_onshore,0.3395028535267067
58,5,2030,wind_onshore,0.3152944447894582
58,6,2030,wind_onshore,0.30164748551514287
58,7,2030,wind_onshore,0.2814245359389896
58,8,2030,wind_onshore,0.2591069193550638
58,9,2030,wind_onshore,0.24455096954012087
58,10,2030,wind_onshore,0.22991976913601303
58,11,2030,wind_onshore,0.21982577294894676
58,12,2030,wind_onshore,0.21373241212721145
58,13,2030,wind_onshore,0.2083515177556482
58,14,2030,wind_onshore,0.1914078673162673
58,15,2030,wind_onshore,0.18140873261671397
58,16,2030,wind_onshore,0.15492979821687725
58,17,2030,wind_onshore,0.137487812595795
58,18,2030,wind_onshore,0.11276608716368733
58,19,2030,wind_onshore,0.09566584661055948
58,20,2030,wind_onshore,0.08846183897064903
58,21,2030,wind_onshore,0.08283439281628036
58,22,2030,wind_onshore,0.08114053046343377
58,23,2030,wind_onshore,0.0850767149246696
58,24,2030,wind_onshore,0.08425367051291688
59,1,2030,demand,0.5172075801086543
59,2,2030,demand,0.5021223130535317
59,3,2030,demand,0.4940680099576669
59,4,2030,demand,0.48356745516090477
59,5,2030,demand,0.49235818613859744
59,6,2030,demand,0.512973950876163
59,7,2030,demand,0.5552680821777665
59,8,2030,demand,0.6005966956523772
59,9,2030,demand,0.6479118581068295
59,10,2030,demand,0.6592345389560104
59,11,2030,demand,0.6526298718121814
59,12,2030,demand,0.633697742674696
59,13,2030,demand,0.6218221601908116
59,14,2030,demand,0.5987780651152058
59,15,2030,demand,0.5966463531792584
59,16,2030,demand,0.5924981026400424
59,17,2030,demand,0.5820558919236559
59,18,2030,demand,0.569177956314183
59,19,2030,demand,0.5943867826664402
59,20,2030,demand,0.61692925769091
59,21,2030,demand,0.6078897971858054
59,22,2030,demand,0.5721190016592215
59,23,2030,demand,0.5301195600274727
59,24,2030,demand,0.5177361037246966
59,1,2030,hydro_inflow,0.49621913611640867
59,2,2030,hydro_inflow,0.4959691363417688
59,3,2030,hydro_inflow,0.5015932575674793
59,4,2030,hydro_inflow,0.5032764821808999
59,5,2030,hydro_inflow,0.5060471207630348
59,6,2030,hydro_inflow,0.5071144698299984
59,7,2030,hydro_inflow,0.5037429335927354
59,8,2030,hydro_inflow,0.5024128061046101
59,9,2030,hydro_inflow,0.5004269720580069
59,10,2030,hydro_inflow,0.5012349870115747
59,11,2030,hydro_inflow,0.49713005173621894
59,12,2030,hydro_inflow,0.4941304655843233
59,13,2030,hydro_inflow,0.499678311388044
59,14,2030,hydro_inflow,0.4976754316951965
59,15,2030,hydro_inflow,0.49502824297825887
59,16,2030,hydro_inflow,0.49410784935193114
59,17,2030,hydro_inflow,0.4857334817257233
59,18,2030,hydro_inflow,0.4915111264520642
59,19,2030,hydro_inflow,0.4828545607027714
59,20,2030,hydro_inflow,0.4815043737431799
59,21,2030,hydro_inflow,0.4819287174104312
59,22,2030,hydro_inflow,0.47987163888874584
59,23,2030,hydro_inflow,0.4795414313333767
59,24,2030,hydro_inflow,0.4785770403828974
59,1,2030,solar,0.0
59,2,2030,solar,0.0
59,3,2030,solar,0.0
59,4,2030,solar,0.0
59,5,2030,solar,0.0
59,6,2030,solar,0.0
59,7,2030,solar,0.0
59,8,2030,solar,0.03381289876133596
59,9,2030,solar,0.17191957275230418
59,10,2030,solar,0.33254381927314425
59,11,2030,solar,0.4422424140014454
59,12,2030,solar,0.526984211951504
59,13,2030,solar,0.5489712545110739
59,14,2030,solar,0.5382524825210281
59,15,2030,solar,0.48547112435316436
59,16,2030,solar,0.39506217520374837
59,17,2030,solar,0.28225655112461845
59,18,2030,solar,0.13108128948991302
59,19,2030,solar,0.013920930127461002
59,20,2030,solar,0.0
59,21,2030,solar,0.0
59,22,2030,solar,0.0
59,23,2030,solar,0.0
59,24,2030,solar,0.0
59,1,2030,wind_offshore,0.5178670202494963
59,2,2030,wind_offshore,0.5165204895922961
59,3,2030,wind_offshore,0.5050521959793245
59,4,2030,wind_offshore,0.4774024447113071
59,5,2030,wind_offshore,0.43703970937250425
59,6,2030,wind_offshore,0.43437252089003375
59,7,2030,wind_offshore,0.45098616296434607
59,8,2030,wind_offshore,0.4595353841736706
59,9,2030,wind_offshore,0.44820484931747934
59,10,2030,wind_offshore,0.45047907323901243
59,11,2030,wind_offshore,0.4512235073549668
59,12,2030,wind_offshore,0.4340659265773053
59,13,2030,wind_offshore,0.3944502900644896
59,14,2030,wind_offshore,0.37733695078286333
59,15,2030,wind_offshore,0.3571965677666291
59,16,2030,wind_offshore,0.34238656074845714
59,17,2030,wind_offshore,0.2984311334374046
59,18,2030,wind_offshore,0.24300972334929924
59,19,2030,wind_offshore,0.23766304991770532
59,20,2030,wind_offshore,0.20541038812896145
59,21,2030,wind_offshore,0.14579660989831617
59,22,2030,wind_offshore,0.15641987553661377
59,23,2030,wind_offshore,0.13520287977721973
59,24,2030,wind_offshore,0.15834542026687073
59,1,2030,wind_onshore,0.23720140974698908
59,2,2030,wind_onshore,0.23576652407939627
59,3,2030,wind_onshore,0.22990339217522482
59,4,2030,wind_onshore,0.23403639097245918
59,5,2030,wind_onshore,0.22666547734339973
59,6,2030,wind_onshore,0.2295231082457044
59,7,2030,wind_onshore,0.2251329509015078
59,8,2030,wind_onshore,0.2236418998868218
59,9,2030,wind_onshore,0.22924222829889604
59,10,2030,wind_onshore,0.23071625324961967
59,11,2030,wind_onshore,0.22588368858191163
59,12,2030,wind_onshore,0.22466060658769255
59,13,2030,wind_onshore,0.21480102247070976
59,14,2030,wind_onshore,0.20448972282871697
59,15,2030,wind_onshore,0.19943424256140202
59,16,2030,wind_onshore,0.20275799781026818
59,17,2030,wind_onshore,0.20477860506378195
59,18,2030,wind_onshore,0.20291412871456796
59,19,2030,wind_onshore,0.19981485016822148
59,20,2030,wind_onshore,0.20525798732261646
59,21,2030,wind_onshore,0.1970593965972529
59,22,2030,wind_onshore,0.17806827964753025
59,23,2030,wind_onshore,0.15418066110000717
59,24,2030,wind_onshore,0.14335169445738907
60,1,2030,demand,0.5530542888476913
60,2,2030,demand,0.5433880320806777
60,3,2030,demand,0.5373791716303545
60,4,2030,demand,0.5304038208221081
60,5,2030,demand,0.5469805604898854
60,6,2030,demand,0.5638532368247203
60,7,2030,demand,0.5815359661385255
60,8,2030,demand,0.6194121839393084
60,9,2030,demand,0.6660975488295569
60,10,2030,demand,0.7176461447996864
60,11,2030,demand,0.7613749805743101
60,12,2030,demand,0.7785381384182712
60,13,2030,demand,0.7888950504462692
60,14,2030,demand,0.7878909586831505
60,15,2030,demand,0.7799826394628632
60,16,2030,demand,0.7780775767034684
60,17,2030,demand,0.7713751719024409
60,18,2030,demand,0.7507566904370727
60,19,2030,demand,0.7382961651070349
60,20,2030,demand,0.728163190075419
60,21,2030,demand,0.7159118922240371
60,22,2030,demand,0.6796291432843274
60,23,2030,demand,0.627033670794248
60,24,2030,demand,0.6060614778767822
60,1,2030,hydro_inflow,0.3150402646663121
60,2,2030,hydro_inflow,0.3179164742276424
60,3,2030,hydro_inflow,0.3160313788529293
60,4,2030,hydro_inflow,0.3187038047167166
60,5,2030,hydro_inflow,0.32007828455047554
60,6,2030,hydro_inflow,0.31500433197033145
60,7,2030,hydro_inflow,0.31688476700544554
60,8,2030,hydro_inflow,0.31380472064697407
60,9,2030,hydro_inflow,0.31605784759805194
60,10,2030,hydro_inflow,0.3143000644146075
60,11,2030,hydro_inflow,0.3108594786542038
60,12,2030,hydro_inflow,0.31123613942125156
60,13,2030,hydro_inflow,0.30460482993223625
60,14,2030,hydro_inflow,0.305478595673177
60,15,2030,hydro_inflow,0.3001892115256748
60,16,2030,hydro_inflow,0.29779752179625607
60,17,2030,hydro_inflow,0.29812955192707263
60,18,2030,hydro_inflow,0.2946817330425341
60,19,2030,hydro_inflow,0.2953832415843078
60,20,2030,hydro_inflow,0.29717961208589394
60,21,2030,hydro_inflow,0.2987586113739105
60,22,2030,hydro_inflow,0.2987486398867013
60,23,2030,hydro_inflow,0.30249638464009304
60,24,2030,hydro_inflow,0.3058893363557785
60,1,2030,solar,0.0
60,2,2030,solar,0.0
60,3,2030,solar,0.0
60,4,2030,solar,0.0
60,5,2030,solar,0.0
60,6,2030,solar,0.0
60,7,2030,solar,0.01872329238694405
60,8,2030,solar,0.15913451998216618
60,9,2030,solar,0.3524010183433732
60,10,2030,solar,0.5493910068802811
60,11,2030,solar,0.6832011140845594
60,12,2030,solar,0.7658614754171329
60,13,2030,solar,0.7700534145440273
60,14,2030,solar,0.7345573886779255
60,15,2030,solar,0.6557972197420915
60,16,2030,solar,0.5480034752920642
60,17,2030,solar,0.40084005805608713
60,18,2030,solar,0.23297434933890335
60,19,2030,solar,0.09153348682265236
60,20,2030,solar,0.00040231288787274765
60,21,2030,solar,0.0
60,22,2030,solar,0.0
60,23,2030,solar,0.0
60,24,2030,solar,0.0
60,1,2030,wind_offshore,1.1472924850480712
60,2,2030,wind_offshore,1.133083184164424
60,3,2030,wind_offshore,1.1394572879223777
60,4,2030,wind_offshore,1.163131467803784
60,5,2030,wind_offshore,1.1498806875491563
60,6,2030,wind_offshore,1.149220160845771
60,7,2030,wind_offshore,1.1664831581777533
60,8,2030,wind_offshore,1.1746154889606433
60,9,2030,wind_offshore,1.1920219585021912
60,10,2030,wind_offshore,1.2130797932452855
60,11,2030,wind_offshore,1.206780443448888
60,12,2030,wind_offshore,1.1978290849126676
60,13,2030,wind_offshore,1.197628309824977
60,14,2030,wind_offshore,1.2223731202820673
60,15,2030,wind_offshore,1.2413563911593732
60,16,2030,wind_offshore,1.2295007260683097
60,17,2030,wind_offshore,1.219331304067901
60,18,2030,wind_offshore,1.2168284528151947
60,19,2030,wind_offshore,1.1993363024282555
60,20,2030,wind_offshore,1.1940101410250306
60,21,2030,wind_offshore,1.1826778242051594
60,22,2030,wind_offshore,1.1774035316009173
60,23,2030,wind_offshore,1.165313826294302
60,24,2030,wind_offshore,1.133792979410879
60,1,2030,wind_onshore,0.3956685580335915
60,2,2030,wind_onshore,0.37094450372941273
60,3,2030,wind_onshore,0.3289782750672495
60,4,2030,wind_onshore,0.27703745333843444
60,5,2030,wind_onshore,0.23324738324366215
60,6,2030,wind_onshore,0.2015321027590475
60,7,2030,wind_onshore,0.19003836126086365
60,8,2030,wind_onshore,0.17152642587979994
60,9,2030,wind_onshore,0.16461959404020565
60,10,2030,wind_onshore,0.17556835350554556
60,11,2030,wind_onshore,0.21438699764582686
60,12,2030,wind_onshore,0.23313919698054125
60,13,2030,wind_onshore,0.22323771581388718
60,14,2030,wind_onshore,0.23475421371916394
60,15,2030,wind_onshore,0.2740821764554648
60,16,2030,wind_onshore,0.28976457004009615
60,17,2030,wind_onshore,0.27946199804828076
60,18,2030,wind_onshore,0.26934317214164516
60,19,2030,wind_onshore,0.29062142214683867
60,20,2030,wind_onshore,0.32992816156950494
60,21,2030,wind_onshore,0.35373328755959726
60,22,2030,wind_onshore,0.3457193258778775
60,23,2030,wind_onshore,0.26206330046024984
60,24,2030,wind_onshore,0.24335381063495454
61,1,2030,demand,0.49517655705607955
61,2,2030,demand,0.48684988795651285
61,3,2030,demand,0.48106658171746913
61,4,2030,demand,0.4751034919773546
61,5,2030,demand,0.48785373227678114
61,6,2030,demand,0.5040803249901621
61,7,2030,demand,0.5293714844678316
61,8,2030,demand,0.5596720717041862
61,9,2030,demand,0.6058765361436674
61,10,2030,demand,0.6355149111292737
61,11,2030,demand,0.6604160873708913
61,12,2030,demand,0.6595289476115999
61,13,2030,demand,0.6498268048535895
61,14,2030,demand,0.6412944222895415
61,15,2030,demand,0.640212054963266
61,16,2030,demand,0.6251119430067117
61,17,2030,demand,0.6229466401371978
61,18,2030,demand,0.6144079897972824
61,19,2030,demand,0.6040792370756977
61,20,2030,demand,0.6017790300026333
61,21,2030,demand,0.5940216538681726
61,22,2030,demand,0.5532711168445107
61,23,2030,demand,0.5118494356567991
61,24,2030,demand,0.5054477520965136
61,1,2030,hydro_inflow,0.28877932126252204
61,2,2030,hydro_inflow,0.28865008022958033
61,3,2030,hydro_inflow,0.2908737459956165
61,4,2030,hydro_inflow,0.290261498842834
61,5,2030,hydro_inflow,0.2953862913644622
61,6,2030,hydro_inflow,0.29442410219133025
61,7,2030,hydro_inflow,0.2979195334364732
61,8,2030,hydro_inflow,0.2947992383265474
61,9,2030,hydro_inflow,0.29380284550073865
61,10,2030,hydro_inflow,0.2985904741022599
61,11,2030,hydro_inflow,0.3000161546319672
61,12,2030,hydro_inflow,0.3010006112713684
61,13,2030,hydro_inflow,0.29933541371074485
61,14,2030,hydro_inflow,0.2974814484891418
61,15,2030,hydro_inflow,0.30013145185884216
61,16,2030,hydro_inflow,0.3005189810535263
61,17,2030,hydro_inflow,0.301696576304276
61,18,2030,hydro_inflow,0.3016456038358096
61,19,2030,hydro_inflow,0.2988323169664315
61,20,2030,hydro_inflow,0.2944867234546627
61,21,2030,hydro_inflow,0.2951006414768379
61,22,2030,hydro_inflow,0.2933744358465642
61,23,2030,hydro_inflow,0.2927940791445866
61,24,2030,hydro_inflow,0.29727212607361564
61,1,2030,solar,0.0
61,2,2030,solar,0.0
61,3,2030,solar,0.0
61,4,2030,solar,0.0
61,5,2030,solar,0.0
61,6,2030,solar,0.00045272283977948024
61,7,2030,solar,0.052074065060992
61,8,2030,solar,0.24359518334837016
61,9,2030,solar,0.4697221503423235
61,10,2030,solar,0.676588812831273
61,11,2030,solar,0.8038213234262424
61,12,2030,solar,0.8583401203069565
61,13,2030,solar,0.8908884300242165
61,14,2030,solar,0.8775167115316205
61,15,2030,solar,0.8163631256874794
61,16,2030,solar,0.7238064099672936
61,17,2030,solar,0.5490968519452533
61,18,2030,solar,0.36684979889354213
61,19,2030,solar,0.15233426922220153
61,20,2030,solar,0.010376067743273445
61,21,2030,solar,0.0
61,22,2030,solar,0.0
61,23,2030,solar,0.0
61,24,2030,solar,0.0
61,1,2030,wind_offshore,0.2232006473331643
61,2,2030,wind_offshore,0.21102010657817205
61,3,2030,wind_offshore,0.1900884626180643
61,4,2030,wind_offshore,0.1741840395502163
61,5,2030,wind_offshore,0.16353559674936188
61,6,2030,wind_offshore,0.16202781821403603
61,7,2030,wind_offshore,0.1588686417910722
61,8,2030,wind_offshore,0.15966110757968824
61,9,2030,wind_offshore,0.16095167003166957
61,10,2030,wind_offshore,0.1615064006408961
61,11,2030,wind_offshore,0.1050928577872743
61,12,2030,wind_offshore,0.10942216159680404
61,13,2030,wind_offshore,0.11942415933321457
61,14,2030,wind_offshore,0.14143035050142228
61,15,2030,wind_offshore,0.16321311171863467
61,16,2030,wind_offshore,0.18809290940992057
61,17,2030,wind_offshore,0.21094819655093291
61,18,2030,wind_offshore,0.24551660963247002
61,19,2030,wind_offshore,0.2763273629017096
61,20,2030,wind_offshore,0.32724878879968444
61,21,2030,wind_offshore,0.3589308348538999
61,22,2030,wind_offshore,0.3907089021111784
61,23,2030,wind_offshore,0.3045707168063315
61,24,2030,wind_offshore,0.28521055367602727
61,1,2030,wind_onshore,0.2796881445779048
61,2,2030,wind_onshore,0.24328945744084432
61,3,2030,wind_onshore,0.21563125300517672
61,4,2030,wind_onshore,0.1944927903135049
61,5,2030,wind_onshore,0.17646282026050295
61,6,2030,wind_onshore,0.16144519505563357
61,7,2030,wind_onshore,0.15076081682280276
61,8,2030,wind_onshore,0.13361913734485809
61,9,2030,wind_onshore,0.1321208436202157
61,10,2030,wind_onshore,0.13721005551150978
61,11,2030,wind_onshore,0.09997290074456665
61,12,2030,wind_onshore,0.12221988165543515
61,13,2030,wind_onshore,0.15198245173974276
61,14,2030,wind_onshore,0.19446788888232291
61,15,2030,wind_onshore,0.24054856595164242
61,16,2030,wind_onshore,0.2773870829756045
61,17,2030,wind_onshore,0.30802406095538926
61,18,2030,wind_onshore,0.3334486972054464
61,19,2030,wind_onshore,0.3428169461577077
61,20,2030,wind_onshore,0.3479143214044602
61,21,2030,wind_onshore,0.3844573474827652
61,22,2030,wind_onshore,0.4035025891203996
61,23,2030,wind_onshore,0.309071954771946
61,24,2030,wind_onshore,0.3082482519887151
62,1,2030,demand,0.4978614899470113
62,2,2030,demand,0.48058750951531787
62,3,2030,demand,0.4790476633384892
62,4,2030,demand,0.4658810488362982
62,5,2030,demand,0.4712316869222261
62,6,2030,demand,0.5045250085391875
62,7,2030,demand,0.547394324503447
62,8,2030,demand,0.6049748797250557
62,9,2030,demand,0.6494618289996431
62,10,2030,demand,0.6814586121271426
62,11,2030,demand,0.6867835033260764
62,12,2030,demand,0.6674734329143869
62,13,2030,demand,0.6572662123752777
62,14,2030,demand,0.6469061013189086
62,15,2030,demand,0.6303001462531392
62,16,2030,demand,0.6382349109191116
62,17,2030,demand,0.6448159283212306
62,18,2030,demand,0.6593763364770572
62,19,2030,demand,0.6746691660330648
62,20,2030,demand,0.6897608283986448
62,21,2030,demand,0.6836698991407653
62,22,2030,demand,0.6384827620122017
62,23,2030,demand,0.5945746525205607
62,24,2030,demand,0.5760650602057188
62,1,2030,hydro_inflow,0.22320313707006612
62,2,2030,hydro_inflow,0.22283759197876335
62,3,2030,hydro_inflow,0.2190135459103299
62,4,2030,hydro_inflow,0.220344341404424
62,5,2030,hydro_inflow,0.22136114852629618
62,6,2030,hydro_inflow,0.2230238551161067
62,7,2030,hydro_inflow,0.22495228673837409
62,8,2030,hydro_inflow,0.22836265472474976
62,9,2030,hydro_inflow,0.22398964304998548
62,10,2030,hydro_inflow,0.22647567436524269
62,11,2030,hydro_inflow,0.22604369616342077
62,12,2030,hydro_inflow,0.2241491708843883
62,13,2030,hydro_inflow,0.22772286781403125
62,14,2030,hydro_inflow,0.2303288945984112
62,15,2030,hydro_inflow,0.23124937170263954
62,16,2030,hydro_inflow,0.2309507993502461
62,17,2030,hydro_inflow,0.23217444495610887
62,18,2030,hydro_inflow,0.23520220877856624
62,19,2030,hydro_inflow,0.2363101199286767
62,20,2030,hydro_inflow,0.23546134485884873
62,21,2030,hydro_inflow,0.2337686341891508
62,22,2030,hydro_inflow,0.2332748128304379
62,23,2030,hydro_inflow,0.23461061700277305
62,24,2030,hydro_inflow,0.23333897909370388
62,1,2030,solar,0.0
62,2,2030,solar,0.0
62,3,2030,solar,0.0
62,4,2030,solar,0.0
62,5,2030,solar,0.0
62,6,2030,solar,0.0
62,7,2030,solar,0.0
62,8,2030,solar,3.3833859480256362e-6
62,9,2030,solar,0.15500440331518128
62,10,2030,solar,0.34964128341112377
62,11,2030,solar,0.4918634562407882
62,12,2030,solar,0.5661728873763553
62,13,2030,solar,0.5633950585091724
62,14,2030,solar,0.48614296477991065
62,15,2030,solar,0.3784676485296543
62,16,2030,solar,0.2568825773490119
62,17,2030,solar,0.11275751997337483
62,18,2030,solar,0.0
62,19,2030,solar,0.0
62,20,2030,solar,0.0
62,21,2030,solar,0.0
62,22,2030,solar,0.0
62,23,2030,solar,0.0
62,24,2030,solar,0.0
62,1,2030,wind_offshore,0.6747284792071174
62,2,2030,wind_offshore,0.6542186211907349
62,3,2030,wind_offshore,0.6474575924731286
62,4,2030,wind_offshore,0.6344694265160585
62,5,2030,wind_offshore,0.6738252219266727
62,6,2030,wind_offshore,0.7339634790797307
62,7,2030,wind_offshore,0.8454193467524468
62,8,2030,wind_offshore,0.8411244302778349
62,9,2030,wind_offshore,0.7890586762692007
62,10,2030,wind_offshore,0.8706885197397617
62,11,2030,wind_offshore,0.9076882056556692
62,12,2030,wind_offshore,1.0073586037847937
62,13,2030,wind_offshore,1.1667531619922602
62,14,2030,wind_offshore,1.242789304454626
62,15,2030,wind_offshore,1.2915934118441363
62,16,2030,wind_offshore,1.317923727460175
62,17,2030,wind_offshore,1.3257031645049084
62,18,2030,wind_offshore,1.3060373972043346
62,19,2030,wind_offshore,1.307673885008262
62,20,2030,wind_offshore,1.3184384229771196
62,21,2030,wind_offshore,1.3067292357579274
62,22,2030,wind_offshore,1.3107798945174947
62,23,2030,wind_offshore,1.3251536646042716
62,24,2030,wind_offshore,1.331733877161153
62,1,2030,wind_onshore,0.5932252310938916
62,2,2030,wind_onshore,0.6033450398062523
62,3,2030,wind_onshore,0.5778115051063013
62,4,2030,wind_onshore,0.5571154420978077
62,5,2030,wind_onshore,0.5252664747521544
62,6,2030,wind_onshore,0.5080974620685149
62,7,2030,wind_onshore,0.4951202580655615
62,8,2030,wind_onshore,0.47968058608800734
62,9,2030,wind_onshore,0.48569478847508807
62,10,2030,wind_onshore,0.4679540855321389
62,11,2030,wind_onshore,0.4978253359958966
62,12,2030,wind_onshore,0.5257120140977546
62,13,2030,wind_onshore,0.5305076794450039
62,14,2030,wind_onshore,0.5162706241305502
62,15,2030,wind_onshore,0.515922761685372
62,16,2030,wind_onshore,0.5034729473033295
62,17,2030,wind_onshore,0.4481321195617749
62,18,2030,wind_onshore,0.40526622286113234
62,19,2030,wind_onshore,0.4045247843071608
62,20,2030,wind_onshore,0.40421207484930594
62,21,2030,wind_onshore,0.4030926784998055
62,22,2030,wind_onshore,0.4072977405688203
62,23,2030,wind_onshore,0.43836415738013623
62,24,2030,wind_onshore,0.44577146881233254
63,1,2030,demand,0.5637669245501341
63,2,2030,demand,0.5532982274968505
63,3,2030,demand,0.5344299588408176
63,4,2030,demand,0.5213855090806128
63,5,2030,demand,0.508894953372445
63,6,2030,demand,0.48984877206851607
63,7,2030,demand,0.48355739910670514
63,8,2030,demand,0.4988652410356643
63,9,2030,demand,0.5284283028312176
63,10,2030,demand,0.5639140177827073
63,11,2030,demand,0.5916359431900519
63,12,2030,demand,0.6189094403552795
63,13,2030,demand,0.6345741100155644
63,14,2030,demand,0.6401540616717364
63,15,2030,demand,0.6395375486508302
63,16,2030,demand,0.6351098197897592
63,17,2030,demand,0.6353149322434263
63,18,2030,demand,0.6450923884014398
63,19,2030,demand,0.6522541829708633
63,20,2030,demand,0.6430175681876525
63,21,2030,demand,0.6338062907603533
63,22,2030,demand,0.6176426049166317
63,23,2030,demand,0.5913198913616708
63,24,2030,demand,0.5767579416405901
63,1,2030,hydro_inflow,0.31068275582329086
63,2,2030,hydro_inflow,0.31233091752230285
63,3,2030,hydro_inflow,0.309584232644759
63,4,2030,hydro_inflow,0.31483779899825654
63,5,2030,hydro_inflow,0.3121581731576356
63,6,2030,hydro_inflow,0.30895524465747815
63,7,2030,hydro_inflow,0.30817129472553695
63,8,2030,hydro_inflow,0.3057741620692758
63,9,2030,hydro_inflow,0.31022418333840246
63,10,2030,hydro_inflow,0.307493014237267
63,11,2030,hydro_inflow,0.30384304428756503
63,12,2030,hydro_inflow,0.306637506151991
63,13,2030,hydro_inflow,0.3080936447086557
63,14,2030,hydro_inflow,0.3108989031683706
63,15,2030,hydro_inflow,0.30752171692327235
63,16,2030,hydro_inflow,0.3100500864789523
63,17,2030,hydro_inflow,0.3150229736125861
63,18,2030,hydro_inflow,0.31384793393890725
63,19,2030,hydro_inflow,0.3134443521448438
63,20,2030,hydro_inflow,0.3130918086211942
63,21,2030,hydro_inflow,0.3127992540335323
63,22,2030,hydro_inflow,0.30738756057954497
63,23,2030,hydro_inflow,0.3049965305220445
63,24,2030,hydro_inflow,0.3021812368130937
63,1,2030,solar,0.0
63,2,2030,solar,0.0
63,3,2030,solar,0.0
63,4,2030,solar,0.0
63,5,2030,solar,0.0
63,6,2030,solar,0.0
63,7,2030,solar,0.004029092957942942
63,8,2030,solar,0.09081203533924721
63,9,2030,solar,0.23684820918708857
63,10,2030,solar,0.36452939468226275
63,11,2030,solar,0.43833915093809167
63,12,2030,solar,0.49439943041806844
63,13,2030,solar,0.5097701114672122
63,14,2030,solar,0.5065462497975364
63,15,2030,solar,0.46017217357930607
63,16,2030,solar,0.38681004359405313
63,17,2030,solar,0.29060772345791275
63,18,2030,solar,0.15783615960317865
63,19,2030,solar,0.03128303147306206
63,20,2030,solar,1.3951200890095566e-7
63,21,2030,solar,0.0
63,22,2030,solar,0.0
63,23,2030,solar,0.0
63,24,2030,solar,0.0
63,1,2030,wind_offshore,0.2536339262788309
63,2,2030,wind_offshore,0.24102582723603622
63,3,2030,wind_offshore,0.2168973503384301
63,4,2030,wind_offshore,0.19295863873166294
63,5,2030,wind_offshore,0.18191165424482636
63,6,2030,wind_offshore,0.2007753091163071
63,7,2030,wind_offshore,0.24573056842021676
63,8,2030,wind_offshore,0.29450296718180236
63,9,2030,wind_offshore,0.3404538542502026
63,10,2030,wind_offshore,0.38601965560049606
63,11,2030,wind_offshore,0.38652258196354
63,12,2030,wind_offshore,0.4173371631577726
63,13,2030,wind_offshore,0.44125491586326854
63,14,2030,wind_offshore,0.4794700337216464
63,15,2030,wind_offshore,0.5289312943771578
63,16,2030,wind_offshore,0.5545230001268896
63,17,2030,wind_offshore,0.5813318471814058
63,18,2030,wind_offshore,0.5843798734363745
63,19,2030,wind_offshore,0.5685327894009019
63,20,2030,wind_offshore,0.5442103697216566
63,21,2030,wind_offshore,0.5149098357602212
63,22,2030,wind_offshore,0.4930742046251115
63,23,2030,wind_offshore,0.4154047602234886
63,24,2030,wind_offshore,0.4386410542722432
63,1,2030,wind_onshore,0.19387397926506483
63,2,2030,wind_onshore,0.18783092265698345
63,3,2030,wind_onshore,0.18129196160549144
63,4,2030,wind_onshore,0.17735161181113243
63,5,2030,wind_onshore,0.17786099871071925
63,6,2030,wind_onshore,0.1707410407696547
63,7,2030,wind_onshore,0.16751555858318792
63,8,2030,wind_onshore,0.1622047052359778
63,9,2030,wind_onshore,0.16149288445049098
63,10,2030,wind_onshore,0.18239848339664191
63,11,2030,wind_onshore,0.19106201594060201
63,12,2030,wind_onshore,0.19586900517156638
63,13,2030,wind_onshore,0.199555519831836
63,14,2030,wind_onshore,0.21053491200271865
63,15,2030,wind_onshore,0.22288235207997936
63,16,2030,wind_onshore,0.23102322957615135
63,17,2030,wind_onshore,0.24437361600046612
63,18,2030,wind_onshore,0.2634362000757652
63,19,2030,wind_onshore,0.2735076970954514
63,20,2030,wind_onshore,0.2952305998922805
63,21,2030,wind_onshore,0.3067605328021379
63,22,2030,wind_onshore,0.3003650777633152
63,23,2030,wind_onshore,0.2699655749273044
63,24,2030,wind_onshore,0.2704029363638956
64,1,2030,demand,0.47631454736151063
64,2,2030,demand,0.47213422184124015
64,3,2030,demand,0.460569563313522
64,4,2030,demand,0.4522946110498092
64,5,2030,demand,0.46143288182221565
64,6,2030,demand,0.48749732006998436
64,7,2030,demand,0.5195607019410569
64,8,2030,demand,0.5628863553537884
64,9,2030,demand,0.6004091256490238
64,10,2030,demand,0.6172846205301533
64,11,2030,demand,0.6261386471821654
64,12,2030,demand,0.6316891177590088
64,13,2030,demand,0.6336037139904969
64,14,2030,demand,0.624753808250987
64,15,2030,demand,0.6062640230519217
64,16,2030,demand,0.6019813088551907
64,17,2030,demand,0.6008644740238666
64,18,2030,demand,0.6129530249247764
64,19,2030,demand,0.6506522055543295
64,20,2030,demand,0.6703513428749908
64,21,2030,demand,0.6523000819572717
64,22,2030,demand,0.6091200448938456
64,23,2030,demand,0.5559553430508825
64,24,2030,demand,0.5326062294053239
64,1,2030,hydro_inflow,0.2615345266676913
64,2,2030,hydro_inflow,0.2623804026538219
64,3,2030,hydro_inflow,0.2589835954241576
64,4,2030,hydro_inflow,0.2548438542500407
64,5,2030,hydro_inflow,0.26103355338381545
64,6,2030,hydro_inflow,0.2608513648419234
64,7,2030,hydro_inflow,0.25934714438629347
64,8,2030,hydro_inflow,0.26016652270022766
64,9,2030,hydro_inflow,0.2610201452942873
64,10,2030,hydro_inflow,0.2660961983742181
64,11,2030,hydro_inflow,0.26379494592574565
64,12,2030,hydro_inflow,0.25977963825132216
64,13,2030,hydro_inflow,0.2658455313319743
64,14,2030,hydro_inflow,0.2716134046435149
64,15,2030,hydro_inflow,0.2677670582842878
64,16,2030,hydro_inflow,0.26499986457901686
64,17,2030,hydro_inflow,0.266819264359968
64,18,2030,hydro_inflow,0.2684839984710429
64,19,2030,hydro_inflow,0.2661567056860485
64,20,2030,hydro_inflow,0.264834855236248
64,21,2030,hydro_inflow,0.26247673846784036
64,22,2030,hydro_inflow,0.2555398566315114
64,23,2030,hydro_inflow,0.25270017763014474
64,24,2030,hydro_inflow,0.2550102700702744
64,1,2030,solar,0.0
64,2,2030,solar,0.0
64,3,2030,solar,0.0
64,4,2030,solar,0.0
64,5,2030,solar,0.0
64,6,2030,solar,0.0
64,7,2030,solar,0.0
64,8,2030,solar,0.0
64,9,2030,solar,0.05934746547360526
64,10,2030,solar,0.14673855729750143
64,11,2030,solar,0.225049168797479
64,12,2030,solar,0.28224170970465673
64,13,2030,solar,0.29758463528549256
64,14,2030,solar,0.28467825468878855
64,15,2030,solar,0.23126531229331684
64,16,2030,solar,0.15042936668875384
64,17,2030,solar,0.06212711251260516
64,18,2030,solar,0.0
64,19,2030,solar,0.0
64,20,2030,solar,0.0
64,21,2030,solar,0.0
64,22,2030,solar,0.0
64,23,2030,solar,0.0
64,24,2030,solar,0.0
64,1,2030,wind_offshore,0.25291098697592684
64,2,2030,wind_offshore,0.31257668662947813
64,3,2030,wind_offshore,0.31565215736386154
64,4,2030,wind_offshore,0.26677413793127275
64,5,2030,wind_offshore,0.26726591645905406
64,6,2030,wind_offshore,0.29122443679033777
64,7,2030,wind_offshore,0.30644778314774396
64,8,2030,wind_offshore,0.30825531980464876
64,9,2030,wind_offshore,0.31646500625182145
64,10,2030,wind_offshore,0.3273066165201444
64,11,2030,wind_offshore,0.37182531698148524
64,12,2030,wind_offshore,0.32484136034835603
64,13,2030,wind_offshore,0.2707879872078326
64,14,2030,wind_offshore,0.29584951899558726
64,15,2030,wind_offshore,0.3823633489314308
64,16,2030,wind_offshore,0.5191105575955417
64,17,2030,wind_offshore,0.608708556787425
64,18,2030,wind_offshore,0.6223591089084247
64,19,2030,wind_offshore,0.6213458430736252
64,20,2030,wind_offshore,0.5858646254163928
64,21,2030,wind_offshore,0.5555283347357935
64,22,2030,wind_offshore,0.5365795809651271
64,23,2030,wind_offshore,0.5313553475859324
64,24,2030,wind_offshore,0.5442629987655365
64,1,2030,wind_onshore,0.16469906564129497
64,2,2030,wind_onshore,0.16149977392582937
64,3,2030,wind_onshore,0.15174672184377136
64,4,2030,wind_onshore,0.15117948894955124
64,5,2030,wind_onshore,0.14086640782734933
64,6,2030,wind_onshore,0.12874292467401413
64,7,2030,wind_onshore,0.11682717013939312
64,8,2030,wind_onshore,0.09969043016720401
64,9,2030,wind_onshore,0.09121415115390187
64,10,2030,wind_onshore,0.07718615703203253
64,11,2030,wind_onshore,0.0818141980727108
64,12,2030,wind_onshore,0.08514779397940239
64,13,2030,wind_onshore,0.08728951226502808
64,14,2030,wind_onshore,0.09490564112158648
64,15,2030,wind_onshore,0.10025115283263929
64,16,2030,wind_onshore,0.09876979424646005
64,17,2030,wind_onshore,0.09469436812502935
64,18,2030,wind_onshore,0.10688459740798156
64,19,2030,wind_onshore,0.11788045842879748
64,20,2030,wind_onshore,0.1257856158776322
64,21,2030,wind_onshore,0.13245191063842035
64,22,2030,wind_onshore,0.1347458017529163
64,23,2030,wind_onshore,0.13153123695906022
64,24,2030,wind_onshore,0.13055128719983944
65,1,2030,demand,0.4885879297537067
65,2,2030,demand,0.4936243774499002
65,3,2030,demand,0.48599431973516927
65,4,2030,demand,0.48133974182372125
65,5,2030,demand,0.500919688590645
65,6,2030,demand,0.5298038456958188
65,7,2030,demand,0.5674899483319275
65,8,2030,demand,0.5995963230534839
65,9,2030,demand,0.6210298950411395
65,10,2030,demand,0.6336357505004132
65,11,2030,demand,0.6349901796537614
65,12,2030,demand,0.6390476749678557
65,13,2030,demand,0.6267870590680442
65,14,2030,demand,0.613302667671468
65,15,2030,demand,0.6034605165412995
65,16,2030,demand,0.6070373207772374
65,17,2030,demand,0.6010702611661772
65,18,2030,demand,0.6009475273803673
65,19,2030,demand,0.6027118548260443
65,20,2030,demand,0.6127907799958636
65,21,2030,demand,0.595587654109147
65,22,2030,demand,0.5524699358936892
65,23,2030,demand,0.5157653642860237
65,24,2030,demand,0.5104323678518963
65,1,2030,hydro_inflow,0.24462399764169135
65,2,2030,hydro_inflow,0.24452682955624164
65,3,2030,hydro_inflow,0.24383885615619064
65,4,2030,hydro_inflow,0.24277253990595388
65,5,2030,hydro_inflow,0.2413215213250309
65,6,2030,hydro_inflow,0.237760993436289
65,7,2030,hydro_inflow,0.23452489733785153
65,8,2030,hydro_inflow,0.23370922207922334
65,9,2030,hydro_inflow,0.2334583347227516
65,10,2030,hydro_inflow,0.23800050164643155
65,11,2030,hydro_inflow,0.23627961609253345
65,12,2030,hydro_inflow,0.23542200231618485
65,13,2030,hydro_inflow,0.23330840490331986
65,14,2030,hydro_inflow,0.23830278779144196
65,15,2030,hydro_inflow,0.23886920387018437
65,16,2030,hydro_inflow,0.23478209946112222
65,17,2030,hydro_inflow,0.23451650862385143
65,18,2030,hydro_inflow,0.23352441159042114
65,19,2030,hydro_inflow,0.235443096742875
65,20,2030,hydro_inflow,0.23300887300460318
65,21,2030,hydro_inflow,0.23204416066415803
65,22,2030,hydro_inflow,0.23477668613839864
65,23,2030,hydro_inflow,0.23086511217533093
65,24,2030,hydro_inflow,0.23362708950191396
65,1,2030,solar,0.0
65,2,2030,solar,0.0
65,3,2030,solar,0.0
65,4,2030,solar,0.0
65,5,2030,solar,0.0
65,6,2030,solar,0.0
65,7,2030,solar,0.022251273338074886
65,8,2030,solar,0.11498146168449389
65,9,2030,solar,0.2208059709484474
65,10,2030,solar,0.31532064356906775
65,11,2030,solar,0.3860086870788819
65,12,2030,solar,0.44219846732693663
65,13,2030,solar,0.4455645777471649
65,14,2030,solar,0.4203359026559854
65,15,2030,solar,0.3760648864354532
65,16,2030,solar,0.3141114665158346
65,17,2030,solar,0.22368893950210886
65,18,2030,solar,0.12808509266797463
65,19,2030,solar,0.04727932248520204
65,20,2030,solar,0.00042651403620182226
65,21,2030,solar,0.0
65,22,2030,solar,0.0
65,23,2030,solar,0.0
65,24,2030,solar,0.0
65,1,2030,wind_offshore,0.14002121969859144
65,2,2030,wind_offshore,0.25709755438040127
65,3,2030,wind_offshore,0.40136801501929004
65,4,2030,wind_offshore,0.5636531471644353
65,5,2030,wind_offshore,0.6621094202115732
65,6,2030,wind_offshore,0.6803397483883357
65,7,2030,wind_offshore,0.6680826733960852
65,8,2030,wind_offshore,0.666281069428381
65,9,2030,wind_offshore,0.6131182980305996
65,10,2030,wind_offshore,0.585069112968077
65,11,2030,wind_offshore,0.5965066460593281
65,12,2030,wind_offshore,0.5431126587742129
65,13,2030,wind_offshore,0.46608214443068524
65,14,2030,wind_offshore,0.3809673755003207
65,15,2030,wind_offshore,0.4079414487811946
65,16,2030,wind_offshore,0.3638748215584114
65,17,2030,wind_offshore,0.26578548681757425
65,18,2030,wind_offshore,0.26869108896268606
65,19,2030,wind_offshore,0.27830996765155364
65,20,2030,wind_offshore,0.2094619087353262
65,21,2030,wind_offshore,0.16603663051282874
65,22,2030,wind_offshore,0.17090175153922063
65,23,2030,wind_offshore,0.2256604044404965
65,24,2030,wind_offshore,0.32673482783655905
65,1,2030,wind_onshore,0.10185183645158616
65,2,2030,wind_onshore,0.11136459921573366
65,3,2030,wind_onshore,0.12011984407219814
65,4,2030,wind_onshore,0.1352252018378966
65,5,2030,wind_onshore,0.15111702731748985
65,6,2030,wind_onshore,0.17960010949326868
65,7,2030,wind_onshore,0.1995918598356952
65,8,2030,wind_onshore,0.20527581068035305
65,9,2030,wind_onshore,0.22957987667208046
65,10,2030,wind_onshore,0.24997680586642218
65,11,2030,wind_onshore,0.23716109799488938
65,12,2030,wind_onshore,0.26834563890282553
65,13,2030,wind_onshore,0.32183369110431603
65,14,2030,wind_onshore,0.3807311317933362
65,15,2030,wind_onshore,0.4341182422972782
65,16,2030,wind_onshore,0.4497398922336657
65,17,2030,wind_onshore,0.4510963667066294
65,18,2030,wind_onshore,0.43659012800619196
65,19,2030,wind_onshore,0.4599799943249584
65,20,2030,wind_onshore,0.44447032064277686
65,21,2030,wind_onshore,0.4115393896436588
65,22,2030,wind_onshore,0.4007730141014753
65,23,2030,wind_onshore,0.4183048896589108
65,24,2030,wind_onshore,0.44932702928167373
66,1,2030,demand,0.49482040051480436
66,2,2030,demand,0.48419780692764247
66,3,2030,demand,0.4848767255525315
66,4,2030,demand,0.47385315791786464
66,5,2030,demand,0.4912884167712193
66,6,2030,demand,0.5120093445743623
66,7,2030,demand,0.5507086737877694
66,8,2030,demand,0.5957855408673478
66,9,2030,demand,0.6319234083399567
66,10,2030,demand,0.6656165686764192
66,11,2030,demand,0.684762053090094
66,12,2030,demand,0.6825290633194906
66,13,2030,demand,0.6692414423713327
66,14,2030,demand,0.6601893971042072
66,15,2030,demand,0.6473029547605197
66,16,2030,demand,0.6465393218762525
66,17,2030,demand,0.6560717829416425
66,18,2030,demand,0.6735533821105559
66,19,2030,demand,0.6920072242642074
66,20,2030,demand,0.7121920426224352
66,21,2030,demand,0.7050410959037382
66,22,2030,demand,0.6572383978634136
66,23,2030,demand,0.5931144536113755
66,24,2030,demand,0.5776035769372433
66,1,2030,hydro_inflow,0.5348572346314531
66,2,2030,hydro_inflow,0.5502102544759367
66,3,2030,hydro_inflow,0.5539373516816442
66,4,2030,hydro_inflow,0.5573955423732996
66,5,2030,hydro_inflow,0.5662451703805336
66,6,2030,hydro_inflow,0.566508873750674
66,7,2030,hydro_inflow,0.5656664683804773
66,8,2030,hydro_inflow,0.5686618638875096
66,9,2030,hydro_inflow,0.5683251821964076
66,10,2030,hydro_inflow,0.5548855642043865
66,11,2030,hydro_inflow,0.5568824699584586
66,12,2030,hydro_inflow,0.5549659343000095
66,13,2030,hydro_inflow,0.5482877841987971
66,14,2030,hydro_inflow,0.5477848683414206
66,15,2030,hydro_inflow,0.5499792357999792
66,16,2030,hydro_inflow,0.5497577914576436
66,17,2030,hydro_inflow,0.5463910698659225
66,18,2030,hydro_inflow,0.5468200074532255
66,19,2030,hydro_inflow,0.5373212067234907
66,20,2030,hydro_inflow,0.5155605638596663
66,21,2030,hydro_inflow,0.5202262813431032
66,22,2030,hydro_inflow,0.5086119705116409
66,23,2030,hydro_inflow,0.5040831858561877
66,24,2030,hydro_inflow,0.5192910081336011
66,1,2030,solar,0.0
66,2,2030,solar,0.0
66,3,2030,solar,0.0
66,4,2030,solar,0.0
66,5,2030,solar,0.0
66,6,2030,solar,0.0
66,7,2030,solar,0.0
66,8,2030,solar,0.0
66,9,2030,solar,0.024194396009646613
66,10,2030,solar,0.09334196384113451
66,11,2030,solar,0.17376554134596015
66,12,2030,solar,0.23334992498378462
66,13,2030,solar,0.26642828006511204
66,14,2030,solar,0.25925367717728753
66,15,2030,solar,0.22522971574786144
66,16,2030,solar,0.17284391937687935
66,17,2030,solar,0.09444650376846465
66,18,2030,solar,0.021052769068584495
66,19,2030,solar,0.0
66,20,2030,solar,0.0
66,21,2030,solar,0.0
66,22,2030,solar,0.0
66,23,2030,solar,0.0
66,24,2030,solar,0.0
66,1,2030,wind_offshore,0.0
66,2,2030,wind_offshore,0.0
66,3,2030,wind_offshore,0.021741485027910627
66,4,2030,wind_offshore,0.08024410104123943
66,5,2030,wind_offshore,0.2183401824751968
66,6,2030,wind_offshore,0.45009740792807845
66,7,2030,wind_offshore,0.7882170949295411
66,8,2030,wind_offshore,1.145853962112008
66,9,2030,wind_offshore,1.2351326036987085
66,10,2030,wind_offshore,1.1982293736309715
66,11,2030,wind_offshore,1.1944726131937693
66,12,2030,wind_offshore,1.2136933758848645
66,13,2030,wind_offshore,1.213029791009463
66,14,2030,wind_offshore,1.2074602788108757
66,15,2030,wind_offshore,1.1960199079600673
66,16,2030,wind_offshore,1.2195687737306002
66,17,2030,wind_offshore,1.2192868652662605
66,18,2030,wind_offshore,1.2147458783552332
66,19,2030,wind_offshore,1.2042918448846986
66,20,2030,wind_offshore,1.2127036335734678
66,21,2030,wind_offshore,1.2044064728494928
66,22,2030,wind_offshore,1.2009244500160372
66,23,2030,wind_offshore,1.2100884945410184
66,24,2030,wind_offshore,1.211782635966207
66,1,2030,wind_onshore,0.584929492471824
66,2,2030,wind_onshore,0.5535743429257558
66,3,2030,wind_onshore,0.5122199006510394
66,4,2030,wind_onshore,0.4738207090366117
66,5,2030,wind_onshore,0.46169176562356967
66,6,2030,wind_onshore,0.4720969731794519
66,7,2030,wind_onshore,0.48080845606180816
66,8,2030,wind_onshore,0.4956202730168576
66,9,2030,wind_onshore,0.5275595643817229
66,10,2030,wind_onshore,0.5686014904338274
66,11,2030,wind_onshore,0.6486878111697433
66,12,2030,wind_onshore,0.7129112423690819
66,13,2030,wind_onshore,0.7753925995952055
66,14,2030,wind_onshore,0.8166939877337115
66,15,2030,wind_onshore,0.8296515155690602
66,16,2030,wind_onshore,0.8220782058693584
66,17,2030,wind_onshore,0.7892201848238808
66,18,2030,wind_onshore,0.7410713917392738
66,19,2030,wind_onshore,0.7405428986281567
66,20,2030,wind_onshore,0.7469358216048428
66,21,2030,wind_onshore,0.7546949755759144
66,22,2030,wind_onshore,0.7593702268498976
66,23,2030,wind_onshore,0.7777418382588853
66,24,2030,wind_onshore,0.7906409025195111
67,1,2030,demand,0.5597803910820934
67,2,2030,demand,0.535835361658252
67,3,2030,demand,0.518702316142922
67,4,2030,demand,0.5142655765802907
67,5,2030,demand,0.5077622384176919
67,6,2030,demand,0.5313503494987438
67,7,2030,demand,0.5794290911215351
67,8,2030,demand,0.6356027306558206
67,9,2030,demand,0.6806977161190072
67,10,2030,demand,0.7063108579356511
67,11,2030,demand,0.7022523503107795
67,12,2030,demand,0.6875257195850939
67,13,2030,demand,0.6692143200060306
67,14,2030,demand,0.6682862960913554
67,15,2030,demand,0.6513236145486324
67,16,2030,demand,0.6301694714446208
67,17,2030,demand,0.6282122083066354
67,18,2030,demand,0.6407478840137978
67,19,2030,demand,0.6707858580681955
67,20,2030,demand,0.6929394579999963
67,21,2030,demand,0.695087490722222
67,22,2030,demand,0.6523675422321074
67,23,2030,demand,0.5986972498650858
67,24,2030,demand,0.5641076020845599
67,1,2030,hydro_inflow,0.478817803352931
67,2,2030,hydro_inflow,0.469057633430233
67,3,2030,hydro_inflow,0.47103446299560686
67,4,2030,hydro_inflow,0.47401987204899637
67,5,2030,hydro_inflow,0.47570082338284986
67,6,2030,hydro_inflow,0.477983419190807
67,7,2030,hydro_inflow,0.47702472963791354
67,8,2030,hydro_inflow,0.4817978412215929
67,9,2030,hydro_inflow,0.4895533980070404
67,10,2030,hydro_inflow,0.4919777953178271
67,11,2030,hydro_inflow,0.4969965526902351
67,12,2030,hydro_inflow,0.494265595232601
67,13,2030,hydro_inflow,0.4901206535207863
67,14,2030,hydro_inflow,0.4804618321245964
67,15,2030,hydro_inflow,0.4765156400198694
67,16,2030,hydro_inflow,0.47487763116798876
67,17,2030,hydro_inflow,0.47087253292722714
67,18,2030,hydro_inflow,0.46652617557005266
67,19,2030,hydro_inflow,0.4648459558418032
67,20,2030,hydro_inflow,0.4647414708336621
67,21,2030,hydro_inflow,0.47050656190203194
67,22,2030,hydro_inflow,0.4628490609797361
67,23,2030,hydro_inflow,0.46789241660572983
67,24,2030,hydro_inflow,0.4658047413695428
67,1,2030,solar,0.0
67,2,2030,solar,0.0
67,3,2030,solar,0.0
67,4,2030,solar,0.0
67,5,2030,solar,0.0
67,6,2030,solar,0.0
67,7,2030,solar,0.0
67,8,2030,solar,0.019065594623463588
67,9,2030,solar,0.14941427663580242
67,10,2030,solar,0.3017083934990719
67,11,2030,solar,0.4085648066858354
67,12,2030,solar,0.4778217355947586
67,13,2030,solar,0.516606762900715
67,14,2030,solar,0.5203625645166076
67,15,2030,solar,0.47826161524008104
67,16,2030,solar,0.3989405432827659
67,17,2030,solar,0.27186728104504937
67,18,2030,solar,0.1187926677860103
67,19,2030,solar,0.0045205518342795875
67,20,2030,solar,0.0
67,21,2030,solar,0.0
67,22,2030,solar,0.0
67,23,2030,solar,0.0
67,24,2030,solar,0.0
67,1,2030,wind_offshore,0.10984447242997486
67,2,2030,wind_offshore,0.19163530595187636
67,3,2030,wind_offshore,0.2928676061543117
67,4,2030,wind_offshore,0.42494996952072234
67,5,2030,wind_offshore,0.5620902990490545
67,6,2030,wind_offshore,0.6381556006796029
67,7,2030,wind_offshore,0.676570905450418
67,8,2030,wind_offshore,0.6967442877971556
67,9,2030,wind_offshore,0.7114535940070215
67,10,2030,wind_offshore,0.7138000421637597
67,11,2030,wind_offshore,0.7047843550972658
67,12,2030,wind_offshore,0.7087387412552573
67,13,2030,wind_offshore,0.7173162628357408
67,14,2030,wind_offshore,0.7119799510437975
67,15,2030,wind_offshore,0.7021521032690353
67,16,2030,wind_offshore,0.6958804035590537
67,17,2030,wind_offshore,0.6992369905363226
67,18,2030,wind_offshore,0.6873832731273821
67,19,2030,wind_offshore,0.6949394029878571
67,20,2030,wind_offshore,0.6925894804789404
67,21,2030,wind_offshore,0.6979397138438028
67,22,2030,wind_offshore,0.6918432524897297
67,23,2030,wind_offshore,0.697513709841171
67,24,2030,wind_offshore,0.7138567244495414
67,1,2030,wind_onshore,0.1608118842666782
67,2,2030,wind_onshore,0.14109611353876716
67,3,2030,wind_onshore,0.13165702979637411
67,4,2030,wind_onshore,0.1302881750377482
67,5,2030,wind_onshore,0.13047287472565572
67,6,2030,wind_onshore,0.12634838286163974
67,7,2030,wind_onshore,0.120166855415562
67,8,2030,wind_onshore,0.11255934016137324
67,9,2030,wind_onshore,0.10387520640718893
67,10,2030,wind_onshore,0.0980954534883693
67,11,2030,wind_onshore,0.1452463859925355
67,12,2030,wind_onshore,0.1861308778351499
67,13,2030,wind_onshore,0.2103032928614607
67,14,2030,wind_onshore,0.23363744954335794
67,15,2030,wind_onshore,0.261645191467296
67,16,2030,wind_onshore,0.291785945735767
67,17,2030,wind_onshore,0.31502168818608844
67,18,2030,wind_onshore,0.32036811424324796
67,19,2030,wind_onshore,0.3402043888556467
67,20,2030,wind_onshore,0.367267330898181
67,21,2030,wind_onshore,0.384889354449616
67,22,2030,wind_onshore,0.39066661636813094
67,23,2030,wind_onshore,0.4109660124737297
67,24,2030,wind_onshore,0.41450649055007843
68,1,2030,demand,0.44153198417240874
68,2,2030,demand,0.4378502883547828
68,3,2030,demand,0.4299629565564484
68,4,2030,demand,0.41768699740884385
68,5,2030,demand,0.424802106904142
68,6,2030,demand,0.43161853111886717
68,7,2030,demand,0.4446800253249222
68,8,2030,demand,0.46141266182868795
68,9,2030,demand,0.4879422755591387
68,10,2030,demand,0.5029347400480182
68,11,2030,demand,0.5181446327384811
68,12,2030,demand,0.5098070675677271
68,13,2030,demand,0.511470709497602
68,14,2030,demand,0.5125817921498221
68,15,2030,demand,0.5051676156911488
68,16,2030,demand,0.49799013235732453
68,17,2030,demand,0.5028458315468234
68,18,2030,demand,0.5186058297811819
68,19,2030,demand,0.538687998806061
68,20,2030,demand,0.5486927111860269
68,21,2030,demand,0.5472638996652676
68,22,2030,demand,0.5329783256541524
68,23,2030,demand,0.5025218773771326
68,24,2030,demand,0.4971222986187991
68,1,2030,hydro_inflow,0.27932322724093533
68,2,2030,hydro_inflow,0.27975385837103384
68,3,2030,hydro_inflow,0.28180376354439285
68,4,2030,hydro_inflow,0.28508685834325703
68,5,2030,hydro_inflow,0.29103738719901256
68,6,2030,hydro_inflow,0.2900785755134953
68,7,2030,hydro_inflow,0.2899936927847397
68,8,2030,hydro_inflow,0.29621427886782753
68,9,2030,hydro_inflow,0.3000686283916848
68,10,2030,hydro_inflow,0.2968551626693799
68,11,2030,hydro_inflow,0.29470049888940075
68,12,2030,hydro_inflow,0.29134844628080975
68,13,2030,hydro_inflow,0.29166367149502853
68,14,2030,hydro_inflow,0.29013898157091356
68,15,2030,hydro_inflow,0.29080964489175776
68,16,2030,hydro_inflow,0.28981124397813685
68,17,2030,hydro_inflow,0.28825544050908924
68,18,2030,hydro_inflow,0.28829105959374934
68,19,2030,hydro_inflow,0.28428090008260265
68,20,2030,hydro_inflow,0.28914541067827226
68,21,2030,hydro_inflow,0.29117421433866214
68,22,2030,hydro_inflow,0.2927437833129564
68,23,2030,hydro_inflow,0.28959540725392513
68,24,2030,hydro_inflow,0.28523283748939154
68,1,2030,solar,0.0
68,2,2030,solar,0.0
68,3,2030,solar,0.0
68,4,2030,solar,0.0
68,5,2030,solar,0.0
68,6,2030,solar,0.0
68,7,2030,solar,0.0
68,8,2030,solar,0.05098437653446584
68,9,2030,solar,0.17782379362204453
68,10,2030,solar,0.30546447426410617
68,11,2030,solar,0.39149279993120994
68,12,2030,solar,0.4500931905612595
68,13,2030,solar,0.46419244789628306
68,14,2030,solar,0.4470250178380454
68,15,2030,solar,0.38760906297289777
68,16,2030,solar,0.30234436488660615
68,17,2030,solar,0.18584239434617417
68,18,2030,solar,0.05773814929961808
68,19,2030,solar,0.0
68,20,2030,solar,0.0
68,21,2030,solar,0.0
68,22,2030,solar,0.0
68,23,2030,solar,0.0
68,24,2030,solar,0.0
68,1,2030,wind_offshore,0.6383907280589844
68,2,2030,wind_offshore,0.6191061987225145
68,3,2030,wind_offshore,0.5889574949648453
68,4,2030,wind_offshore,0.5735154470400086
68,5,2030,wind_offshore,0.5555373696216164
68,6,2030,wind_offshore,0.5330903967885441
68,7,2030,wind_offshore,0.5239850244879526
68,8,2030,wind_offshore,0.4782284909150116
68,9,2030,wind_offshore,0.41591573185156194
68,10,2030,wind_offshore,0.375933157376474
68,11,2030,wind_offshore,0.3420898531899986
68,12,2030,wind_offshore,0.31954482632104675
68,13,2030,wind_offshore,0.2641554593344507
68,14,2030,wind_offshore,0.22228830556691687
68,15,2030,wind_offshore,0.18769518114487907
68,16,2030,wind_offshore,0.1699968478390912
68,17,2030,wind_offshore,0.15149858831296228
68,18,2030,wind_offshore,0.13886601543496482
68,19,2030,wind_offshore,0.12241006023871269
68,20,2030,wind_offshore,0.11169755597106105
68,21,2030,wind_offshore,0.09559042916945291
68,22,2030,wind_offshore,0.08625216528799379
68,23,2030,wind_offshore,0.08194314513172227
68,24,2030,wind_offshore,0.059638187641322685
68,1,2030,wind_onshore,0.08114505166570317
68,2,2030,wind_onshore,0.08458635245651505
68,3,2030,wind_onshore,0.08376761478989642
68,4,2030,wind_onshore,0.08475093551021817
68,5,2030,wind_onshore,0.08462171921782902
68,6,2030,wind_onshore,0.08742648506352682
68,7,2030,wind_onshore,0.0909738907463895
68,8,2030,wind_onshore,0.09310161249290215
68,9,2030,wind_onshore,0.08782525142316737
68,10,2030,wind_onshore,0.08699732328925347
68,11,2030,wind_onshore,0.08423666330889462
68,12,2030,wind_onshore,0.09766888602623751
68,13,2030,wind_onshore,0.11111721887188673
68,14,2030,wind_onshore,0.11110739468458652
68,15,2030,wind_onshore,0.1084177115762151
68,16,2030,wind_onshore,0.10801958625856056
68,17,2030,wind_onshore,0.11289202521862958
68,18,2030,wind_onshore,0.12019441808071364
68,19,2030,wind_onshore,0.13876868912445817
68,20,2030,wind_onshore,0.1514371441850717
68,21,2030,wind_onshore,0.1580641152595013
68,22,2030,wind_onshore,0.16632264337550698
68,23,2030,wind_onshore,0.149326852931544
68,24,2030,wind_onshore,0.15891858897323768
69,1,2030,demand,0.5416584609442564
69,2,2030,demand,0.5323392803805348
69,3,2030,demand,0.5047906337518621
69,4,2030,demand,0.49979024361452173
69,5,2030,demand,0.5050820847482119
69,6,2030,demand,0.5340696051238156
69,7,2030,demand,0.5854229817345759
69,8,2030,demand,0.6459193826639265
69,9,2030,demand,0.6884890215169329
69,10,2030,demand,0.6950600753943323
69,11,2030,demand,0.7020444326449782
69,12,2030,demand,0.6926623923956816
69,13,2030,demand,0.6887166150760822
69,14,2030,demand,0.6794672822024445
69,15,2030,demand,0.6657935357511181
69,16,2030,demand,0.6497979270342809
69,17,2030,demand,0.6551975796276375
69,18,2030,demand,0.6813670563253696
69,19,2030,demand,0.6999462989805877
69,20,2030,demand,0.7214059557097163
69,21,2030,demand,0.7273574661399025
69,22,2030,demand,0.6861183814289198
69,23,2030,demand,0.6272299109800821
69,24,2030,demand,0.6030883826442859
69,1,2030,hydro_inflow,0.6194269290924541
69,2,2030,hydro_inflow,0.6030662873188104
69,3,2030,hydro_inflow,0.6036432123238444
69,4,2030,hydro_inflow,0.6006978977840512
69,5,2030,hydro_inflow,0.6094486312409629
69,6,2030,hydro_inflow,0.6057471088335592
69,7,2030,hydro_inflow,0.6113433480972669
69,8,2030,hydro_inflow,0.6097363744525888
69,9,2030,hydro_inflow,0.6109559919138345
69,10,2030,hydro_inflow,0.6119080172311433
69,11,2030,hydro_inflow,0.6136606888532166
69,12,2030,hydro_inflow,0.6136351643910091
69,13,2030,hydro_inflow,0.6042406855896966
69,14,2030,hydro_inflow,0.5991793514823542
69,15,2030,hydro_inflow,0.6000083782453514
69,16,2030,hydro_inflow,0.6118896308429217
69,17,2030,hydro_inflow,0.6160980329345223
69,18,2030,hydro_inflow,0.615663284722701
69,19,2030,hydro_inflow,0.6058887089303707
69,20,2030,hydro_inflow,0.6012629171455275
69,21,2030,hydro_inflow,0.6136147219183062
69,22,2030,hydro_inflow,0.6168730099910147
69,23,2030,hydro_inflow,0.6135216692990672
69,24,2030,hydro_inflow,0.6201844366483212
69,1,2030,solar,0.0
69,2,2030,solar,0.0
69,3,2030,solar,0.0
69,4,2030,solar,0.0
69,5,2030,solar,0.0
69,6,2030,solar,0.0
69,7,2030,solar,0.0
69,8,2030,solar,0.0
69,9,2030,solar,0.0942378535293148
69,10,2030,solar,0.3610046401530542
69,11,2030,solar,0.5797586994630778
69,12,2030,solar,0.7201091873273721
69,13,2030,solar,0.7857821382271677
69,14,2030,solar,0.7790661384530899
69,15,2030,solar,0.6721389502458146
69,16,2030,solar,0.48913382167668495
69,17,2030,solar,0.2521066178924634
69,18,2030,solar,0.0038106639216599594
69,19,2030,solar,0.0
69,20,2030,solar,0.0
69,21,2030,solar,0.0
69,22,2030,solar,0.0
69,23,2030,solar,0.0
69,24,2030,solar,0.0
69,1,2030,wind_offshore,0.016951846124313715
69,2,2030,wind_offshore,0.014512401150101568
69,3,2030,wind_offshore,0.018116660951843458
69,4,2030,wind_offshore,0.01883865858390297
69,5,2030,wind_offshore,0.022825715258464777
69,6,2030,wind_offshore,0.03764495324935255
69,7,2030,wind_offshore,0.07245142005000008
69,8,2030,wind_offshore,0.08941945318243254
69,9,2030,wind_offshore,0.08836370458303634
69,10,2030,wind_offshore,0.1259664373449314
69,11,2030,wind_offshore,0.12268074066474254
69,12,2030,wind_offshore,0.17914487869476228
69,13,2030,wind_offshore,0.21324010239177757
69,14,2030,wind_offshore,0.29829879176018903
69,15,2030,wind_offshore,0.42657486160853286
69,16,2030,wind_offshore,0.4020025090656687
69,17,2030,wind_offshore,0.37255829030885823
69,18,2030,wind_offshore,0.4083564878562052
69,19,2030,wind_offshore,0.3220640347294171
69,20,2030,wind_offshore,0.1385847279396311
69,21,2030,wind_offshore,0.15279451131266814
69,22,2030,wind_offshore,0.22742129239899925
69,23,2030,wind_offshore,0.37857430890752675
69,24,2030,wind_offshore,0.703209250254087
69,1,2030,wind_onshore,0.5813117930503
69,2,2030,wind_onshore,0.5855528901602541
69,3,2030,wind_onshore,0.5875514380484086
69,4,2030,wind_onshore,0.5770410290751324
69,5,2030,wind_onshore,0.5751592711062136
69,6,2030,wind_onshore,0.5744525287635862
69,7,2030,wind_onshore,0.5557946800568395
69,8,2030,wind_onshore,0.5569804271632923
69,9,2030,wind_onshore,0.5523146654760703
69,10,2030,wind_onshore,0.523122040831202
69,11,2030,wind_onshore,0.4810488860892247
69,12,2030,wind_onshore,0.4963062068267552
69,13,2030,wind_onshore,0.5191962631383006
69,14,2030,wind_onshore,0.5311467498787841
69,15,2030,wind_onshore,0.5378636423129349
69,16,2030,wind_onshore,0.5246745936267634
69,17,2030,wind_onshore,0.45129798319618947
69,18,2030,wind_onshore,0.4171277967330188
69,19,2030,wind_onshore,0.4293728504241381
69,20,2030,wind_onshore,0.42264970705785293
69,21,2030,wind_onshore,0.39547436296312943
69,22,2030,wind_onshore,0.3851607176248771
69,23,2030,wind_onshore,0.391067768852776
69,24,2030,wind_onshore,0.40770267799205534
70,1,2030,demand,0.4675202679985483
70,2,2030,demand,0.45908646066715914
70,3,2030,demand,0.4427573275922529
70,4,2030,demand,0.4359712919268654
70,5,2030,demand,0.4301863003507615
70,6,2030,demand,0.42030953607086236
70,7,2030,demand,0.41626324039698487
70,8,2030,demand,0.43455638994201107
70,9,2030,demand,0.4613912742607501
70,10,2030,demand,0.49540361603056976
70,11,2030,demand,0.508740067625124
70,12,2030,demand,0.5211225064083841
70,13,2030,demand,0.5198278569609253
70,14,2030,demand,0.5113554355676659
70,15,2030,demand,0.5107697662443584
70,16,2030,demand,0.49806140711424485
70,17,2030,demand,0.49673254693922125
70,18,2030,demand,0.5119125746395241
70,19,2030,demand,0.5399424249250445
70,20,2030,demand,0.5493936345359525
70,21,2030,demand,0.5653867445347704
70,22,2030,demand,0.5470734502725615
70,23,2030,demand,0.5280077022859071
70,24,2030,demand,0.5110365870903094
70,1,2030,hydro_inflow,0.2805040710532615
70,2,2030,hydro_inflow,0.28009968701635496
70,3,2030,hydro_inflow,0.2769293089865245
70,4,2030,hydro_inflow,0.27435851100225184
70,5,2030,hydro_inflow,0.27680133028687487
70,6,2030,hydro_inflow,0.27800113077268074
70,7,2030,hydro_inflow,0.2799063160379907
70,8,2030,hydro_inflow,0.2792566855094995
70,9,2030,hydro_inflow,0.27863128671656356
70,10,2030,hydro_inflow,0.27493140692589846
70,11,2030,hydro_inflow,0.2724244683524083
70,12,2030,hydro_inflow,0.27099890517801983
70,13,2030,hydro_inflow,0.27010461647669537
70,14,2030,hydro_inflow,0.2756467239420782
70,15,2030,hydro_inflow,0.2752615442813099
70,16,2030,hydro_inflow,0.27917488417872166
70,17,2030,hydro_inflow,0.2781348898612325
70,18,2030,hydro_inflow,0.2825347804018696
70,19,2030,hydro_inflow,0.2788826725048099
70,20,2030,hydro_inflow,0.27869857420796534
70,21,2030,hydro_inflow,0.2774067096360029
70,22,2030,hydro_inflow,0.27293956353859256
70,23,2030,hydro_inflow,0.27457924317333016
70,24,2030,hydro_inflow,0.270585024869419
70,1,2030,solar,0.0
70,2,2030,solar,0.0
70,3,2030,solar,0.0
70,4,2030,solar,0.0
70,5,2030,solar,0.0
70,6,2030,solar,0.0
70,7,2030,solar,0.0
70,8,2030,solar,0.02427441971563986
70,9,2030,solar,0.23192972281889918
70,10,2030,solar,0.45549131459715264
70,11,2030,solar,0.6268380476968438
70,12,2030,solar,0.733284115579083
70,13,2030,solar,0.7598867762177822
70,14,2030,solar,0.7166281864390771
70,15,2030,solar,0.582503281059069
70,16,2030,solar,0.38155261087972614
70,17,2030,solar,0.1817188517822027
70,18,2030,solar,0.011245677038313584
70,19,2030,solar,0.0
70,20,2030,solar,0.0
70,21,2030,solar,0.0
70,22,2030,solar,0.0
70,23,2030,solar,0.0
70,24,2030,solar,0.0
70,1,2030,wind_offshore,1.041472770971445
70,2,2030,wind_offshore,1.1082315678266605
70,3,2030,wind_offshore,1.1487163332853885
70,4,2030,wind_offshore,1.135095987748962
70,5,2030,wind_offshore,1.1479880578011734
70,6,2030,wind_offshore,1.0993556108679468
70,7,2030,wind_offshore,0.9387525349593138
70,8,2030,wind_offshore,0.8342156116330375
70,9,2030,wind_offshore,0.5937461934654916
70,10,2030,wind_offshore,0.5564516848876107
70,11,2030,wind_offshore,0.5685429783357755
70,12,2030,wind_offshore,0.57573182231606
70,13,2030,wind_offshore,0.7192623599211408
70,14,2030,wind_offshore,0.8899981395166748
70,15,2030,wind_offshore,0.9269127791660118
70,16,2030,wind_offshore,0.9498775708434808
70,17,2030,wind_offshore,0.9632078241565475
70,18,2030,wind_offshore,0.9297502175913228
70,19,2030,wind_offshore,0.8906314200573656
70,20,2030,wind_offshore,0.848611428567661
70,21,2030,wind_offshore,0.7964521781503732
70,22,2030,wind_offshore,0.8009028656780997
70,23,2030,wind_offshore,0.734652735173405
70,24,2030,wind_offshore,0.7262384346257598
70,1,2030,wind_onshore,0.27799500203566097
70,2,2030,wind_onshore,0.26736612631089157
70,3,2030,wind_onshore,0.257062609002797
70,4,2030,wind_onshore,0.24838735222956565
70,5,2030,wind_onshore,0.23752123915676446
70,6,2030,wind_onshore,0.23859243332586516
70,7,2030,wind_onshore,0.23510665687089885
70,8,2030,wind_onshore,0.2334775992069768
70,9,2030,wind_onshore,0.2275466287148466
70,10,2030,wind_onshore,0.1964836632520205
70,11,2030,wind_onshore,0.18167593030148166
70,12,2030,wind_onshore,0.17698321272983233
70,13,2030,wind_onshore,0.1851872807744155
70,14,2030,wind_onshore,0.2136799167001584
70,15,2030,wind_onshore,0.24509400296503697
70,16,2030,wind_onshore,0.268378426745158
70,17,2030,wind_onshore,0.23147401748576882
70,18,2030,wind_onshore,0.19808151427939608
70,19,2030,wind_onshore,0.19131798560351174
70,20,2030,wind_onshore,0.1993224335553417
70,21,2030,wind_onshore,0.21690787420793722
70,22,2030,wind_onshore,0.21188559599524376
70,23,2030,wind_onshore,0.2266067829153898
70,24,2030,wind_onshore,0.2513591590571216
71,1,2030,demand,0.461053585145452
71,2,2030,demand,0.4680298238323945
71,3,2030,demand,0.4618777949509868
71,4,2030,demand,0.4606692261376963
71,5,2030,demand,0.46825913093390836
71,6,2030,demand,0.49775181159519616
71,7,2030,demand,0.5357071207949053
71,8,2030,demand,0.5717884982156787
71,9,2030,demand,0.5941459827235807
71,10,2030,demand,0.6113608119826057
71,11,2030,demand,0.6066674939138627
71,12,2030,demand,0.6066611908040394
71,13,2030,demand,0.5937744883902196
71,14,2030,demand,0.5797466362296517
71,15,2030,demand,0.5747312617908368
71,16,2030,demand,0.5832516818160502
71,17,2030,demand,0.588004898534484
71,18,2030,demand,0.5934764500508978
71,19,2030,demand,0.6077073478614285
71,20,2030,demand,0.6106637832565992
71,21,2030,demand,0.5864696157737637
71,22,2030,demand,0.5419510891387384
71,23,2030,demand,0.4896025106117611
71,24,2030,demand,0.4933464924701312
71,1,2030,hydro_inflow,0.26393713391938345
71,2,2030,hydro_inflow,0.264148466442598
71,3,2030,hydro_inflow,0.2635733484001952
71,4,2030,hydro_inflow,0.2599925034144393
71,5,2030,hydro_inflow,0.2628882595820546
71,6,2030,hydro_inflow,0.2632186742174512
71,7,2030,hydro_inflow,0.2619714309874777
71,8,2030,hydro_inflow,0.2650414997008288
71,9,2030,hydro_inflow,0.2632331958268
71,10,2030,hydro_inflow,0.2609095935685732
71,11,2030,hydro_inflow,0.25946576414571815
71,12,2030,hydro_inflow,0.25677561907833707
71,13,2030,hydro_inflow,0.2576152852701262
71,14,2030,hydro_inflow,0.25599826647163404
71,15,2030,hydro_inflow,0.2592207737776801
71,16,2030,hydro_inflow,0.2602912151336275
71,17,2030,hydro_inflow,0.26403961076189475
71,18,2030,hydro_inflow,0.27025740127630155
71,19,2030,hydro_inflow,0.27017159611645225
71,20,2030,hydro_inflow,0.2685295885934182
71,21,2030,hydro_inflow,0.2704652025848931
71,22,2030,hydro_inflow,0.2679811866027549
71,23,2030,hydro_inflow,0.2664391465787809
71,24,2030,hydro_inflow,0.2677927907185547
71,1,2030,solar,0.0
71,2,2030,solar,0.0
71,3,2030,solar,0.0
71,4,2030,solar,0.0
71,5,2030,solar,0.0
71,6,2030,solar,0.0
71,7,2030,solar,7.638834192372516e-5
71,8,2030,solar,0.11146132651664253
71,9,2030,solar,0.3320509380212594
71,10,2030,solar,0.5359620687805916
71,11,2030,solar,0.6704625075382212
71,12,2030,solar,0.7072282818550264
71,13,2030,solar,0.6527838933301374
71,14,2030,solar,0.556135615739255
71,15,2030,solar,0.4554832667713599
71,16,2030,solar,0.3569127086504263
71,17,2030,solar,0.23759593313245325
71,18,2030,solar,0.10290568839899959
71,19,2030,solar,0.004351333526134149
71,20,2030,solar,0.0
71,21,2030,solar,0.0
71,22,2030,solar,0.0
71,23,2030,solar,0.0
71,24,2030,solar,0.0
71,1,2030,wind_offshore,0.6746809176922536
71,2,2030,wind_offshore,0.551067811930176
71,3,2030,wind_offshore,0.4419456650363364
71,4,2030,wind_offshore,0.4077827140538083
71,5,2030,wind_offshore,0.40940631218676693
71,6,2030,wind_offshore,0.40554974598929194
71,7,2030,wind_offshore,0.39299738560826014
71,8,2030,wind_offshore,0.4180305232875558
71,9,2030,wind_offshore,0.4315569924707265
71,10,2030,wind_offshore,0.4238319392826344
71,11,2030,wind_offshore,0.26353628036104376
71,12,2030,wind_offshore,0.2453635473173899
71,13,2030,wind_offshore,0.2510898285252534
71,14,2030,wind_offshore,0.27005165638940004
71,15,2030,wind_offshore,0.31133085997400495
71,16,2030,wind_offshore,0.3447772295437924
71,17,2030,wind_offshore,0.3800558966288791
71,18,2030,wind_offshore,0.41624322376333456
71,19,2030,wind_offshore,0.4511016299151327
71,20,2030,wind_offshore,0.511155415283183
71,21,2030,wind_offshore,0.5303736330629731
71,22,2030,wind_offshore,0.5464433948037156
71,23,2030,wind_offshore,0.502558139859929
71,24,2030,wind_offshore,0.513517702825218
71,1,2030,wind_onshore,0.3245617935801397
71,2,2030,wind_onshore,0.34109773204660093
71,3,2030,wind_onshore,0.3591084937405468
71,4,2030,wind_onshore,0.3595243403377273
71,5,2030,wind_onshore,0.37402675867051666
71,6,2030,wind_onshore,0.38347008651303005
71,7,2030,wind_onshore,0.37990886124647333
71,8,2030,wind_onshore,0.36352125107703187
71,9,2030,wind_onshore,0.3631539719567172
71,10,2030,wind_onshore,0.3867426484206682
71,11,2030,wind_onshore,0.4022978380134346
71,12,2030,wind_onshore,0.42184482542539975
71,13,2030,wind_onshore,0.4271191989691399
71,14,2030,wind_onshore,0.4297111299868334
71,15,2030,wind_onshore,0.42834721612992827
71,16,2030,wind_onshore,0.44630278025157205
71,17,2030,wind_onshore,0.4482740286613359
71,18,2030,wind_onshore,0.4268234593942423
71,19,2030,wind_onshore,0.39592654569227004
71,20,2030,wind_onshore,0.4003437004387369
71,21,2030,wind_onshore,0.39099578283341496
71,22,2030,wind_onshore,0.3748073142675683
71,23,2030,wind_onshore,0.3259614759987357
71,24,2030,wind_onshore,0.305403268989428
72,1,2030,demand,0.504966512092037
72,2,2030,demand,0.4846698059543591
72,3,2030,demand,0.4710223334725817
72,4,2030,demand,0.4597442478652245
72,5,2030,demand,0.4520718210745764
72,6,2030,demand,0.4549956560348448
72,7,2030,demand,0.4645037727063822
72,8,2030,demand,0.49617725402020063
72,9,2030,demand,0.5358547611266046
72,10,2030,demand,0.568871129998491
72,11,2030,demand,0.5929813628588065
72,12,2030,demand,0.6011053653637897
72,13,2030,demand,0.6017824221411646
72,14,2030,demand,0.5982004614304751
72,15,2030,demand,0.5858785721329007
72,16,2030,demand,0.5770405154948098
72,17,2030,demand,0.575936941729927
72,18,2030,demand,0.5847077622767444
72,19,2030,demand,0.6036848906947241
72,20,2030,demand,0.6168813161616282
72,21,2030,demand,0.629611931904377
72,22,2030,demand,0.6044375465405378
72,23,2030,demand,0.5637707152447001
72,24,2030,demand,0.5441234505265212
72,1,2030,hydro_inflow,0.5118656101602593
72,2,2030,hydro_inflow,0.5134074982208109
72,3,2030,hydro_inflow,0.5123800459873953
72,4,2030,hydro_inflow,0.5070877955123191
72,5,2030,hydro_inflow,0.5078953573656508
72,6,2030,hydro_inflow,0.5153106851925251
72,7,2030,hydro_inflow,0.5092385577075412
72,8,2030,hydro_inflow,0.5136426188996601
72,9,2030,hydro_inflow,0.5035928544799516
72,10,2030,hydro_inflow,0.4915749077867773
72,11,2030,hydro_inflow,0.4923021105995197
72,12,2030,hydro_inflow,0.49933789390042044
72,13,2030,hydro_inflow,0.5012319887018261
72,14,2030,hydro_inflow,0.4984701898302428
72,15,2030,hydro_inflow,0.4966646249889883
72,16,2030,hydro_inflow,0.4998989443570446
72,17,2030,hydro_inflow,0.5058240161526716
72,18,2030,hydro_inflow,0.5022956557715879
72,19,2030,hydro_inflow,0.5118037285920684
72,20,2030,hydro_inflow,0.5176018145045386
72,21,2030,hydro_inflow,0.5203569002687531
72,22,2030,hydro_inflow,0.5196812591403547
72,23,2030,hydro_inflow,0.5155780370441311
72,24,2030,hydro_inflow,0.5169866051582521
72,1,2030,solar,0.0
72,2,2030,solar,0.0
72,3,2030,solar,0.0
72,4,2030,solar,0.0
72,5,2030,solar,0.0
72,6,2030,solar,0.0
72,7,2030,solar,0.0
72,8,2030,solar,0.0
72,9,2030,solar,0.021948533575249788
72,10,2030,solar,0.06417613150913748
72,11,2030,solar,0.106763508026149
72,12,2030,solar,0.14140768041340407
72,13,2030,solar,0.16804734299643387
72,14,2030,solar,0.1720303692097096
72,15,2030,solar,0.15750784616860536
72,16,2030,solar,0.1261405355284739
72,17,2030,solar,0.07239135902342962
72,18,2030,solar,0.023274578808070986
72,19,2030,solar,0.0
72,20,2030,solar,0.0
72,21,2030,solar,0.0
72,22,2030,solar,0.0
72,23,2030,solar,0.0
72,24,2030,solar,0.0
72,1,2030,wind_offshore,0.6562793572305062
72,2,2030,wind_offshore,0.6618561544950263
72,3,2030,wind_offshore,0.6548594400366818
72,4,2030,wind_offshore,0.643877367409503
72,5,2030,wind_offshore,0.6558225464370346
72,6,2030,wind_offshore,0.6618759443472242
72,7,2030,wind_offshore,0.66323642153307
72,8,2030,wind_offshore,0.6436383599259708
72,9,2030,wind_offshore,0.642049767406889
72,10,2030,wind_offshore,0.6323117126223454
72,11,2030,wind_offshore,0.6338244476282004
72,12,2030,wind_offshore,0.6199536313585627
72,13,2030,wind_offshore,0.619598259751576
72,14,2030,wind_offshore,0.6399219232817432
72,15,2030,wind_offshore,0.5973871735847184
72,16,2030,wind_offshore,0.5379477418721172
72,17,2030,wind_offshore,0.5524445897077963
72,18,2030,wind_offshore,0.5545788636607099
72,19,2030,wind_offshore,0.5014490025250928
72,20,2030,wind_offshore,0.42961885531622823
72,21,2030,wind_offshore,0.43288569109144304
72,22,2030,wind_offshore,0.49953715545790683
72,23,2030,wind_offshore,0.5205013036608623
72,24,2030,wind_offshore,0.5047496212043171
72,1,2030,wind_onshore,0.1168438395901528
72,2,2030,wind_onshore,0.11322052490865497
72,3,2030,wind_onshore,0.11297533125277882
72,4,2030,wind_onshore,0.11059872971420583
72,5,2030,wind_onshore,0.10851797698304406
72,6,2030,wind_onshore,0.10583182091881103
72,7,2030,wind_onshore,0.11081666265860086
72,8,2030,wind_onshore,0.11973745857370878
72,9,2030,wind_onshore,0.11961068179542433
72,10,2030,wind_onshore,0.12100454122072651
72,11,2030,wind_onshore,0.11792085230381867
72,12,2030,wind_onshore,0.12529133254872526
72,13,2030,wind_onshore,0.1294662517982328
72,14,2030,wind_onshore,0.13915824917332228
72,15,2030,wind_onshore,0.15002042166512938
72,16,2030,wind_onshore,0.1507784970463047
72,17,2030,wind_onshore,0.15183541673130904
72,18,2030,wind_onshore,0.146457007467481
72,19,2030,wind_onshore,0.14815829226359462
72,20,2030,wind_onshore,0.14836768665661182
72,21,2030,wind_onshore,0.1432756516907102
72,22,2030,wind_onshore,0.13194256033785665
72,23,2030,wind_onshore,0.13143168618122728
72,24,2030,wind_onshore,0.14180251737556615
73,1,2030,demand,0.5163228306508472
73,2,2030,demand,0.4977702459957336
73,3,2030,demand,0.48125306659494443
73,4,2030,demand,0.45705461530328845
73,5,2030,demand,0.4567699383999326
73,6,2030,demand,0.45353906033206465
73,7,2030,demand,0.47160321138916733
73,8,2030,demand,0.5103649272852281
73,9,2030,demand,0.55425877506236
73,10,2030,demand,0.5930965199839107
73,11,2030,demand,0.6189879565214451
73,12,2030,demand,0.6185810843912503
73,13,2030,demand,0.6222044325635154
73,14,2030,demand,0.6159597024017444
73,15,2030,demand,0.5942265852003504
73,16,2030,demand,0.5792930353267152
73,17,2030,demand,0.567507722568318
73,18,2030,demand,0.5822250284292343
73,19,2030,demand,0.6022119490746753
73,20,2030,demand,0.6272593984659363
73,21,2030,demand,0.6436321131669607
73,22,2030,demand,0.6245625583536037
73,23,2030,demand,0.5824225215788322
73,24,2030,demand,0.5508097137791337
73,1,2030,hydro_inflow,0.6216323586192491
73,2,2030,hydro_inflow,0.6295944598094569
73,3,2030,hydro_inflow,0.6177154880858711
73,4,2030,hydro_inflow,0.6190941957042538
73,5,2030,hydro_inflow,0.6234887056421711
73,6,2030,hydro_inflow,0.6370940973135125
73,7,2030,hydro_inflow,0.6273106559886711
73,8,2030,hydro_inflow,0.6294581148762871
73,9,2030,hydro_inflow,0.6291268489631894
73,10,2030,hydro_inflow,0.6286398201563671
73,11,2030,hydro_inflow,0.6352144143154378
73,12,2030,hydro_inflow,0.634140352564929
73,13,2030,hydro_inflow,0.625053662015353
73,14,2030,hydro_inflow,0.624827170101282
73,15,2030,hydro_inflow,0.6286597041839386
73,16,2030,hydro_inflow,0.6345376884725391
73,17,2030,hydro_inflow,0.6355343708097038
73,18,2030,hydro_inflow,0.6375174016977767
73,19,2030,hydro_inflow,0.6414550728620438
73,20,2030,hydro_inflow,0.6398508165758284
73,21,2030,hydro_inflow,0.6385986965744515
73,22,2030,hydro_inflow,0.6390385894541115
73,23,2030,hydro_inflow,0.6409304255908073
73,24,2030,hydro_inflow,0.6356934027966576
73,1,2030,solar,0.0
73,2,2030,solar,0.0
73,3,2030,solar,0.0
73,4,2030,solar,0.0
73,5,2030,solar,0.0
73,6,2030,solar,0.0
73,7,2030,solar,0.0
73,8,2030,solar,0.0
73,9,2030,solar,0.10312555213308722
73,10,2030,solar,0.3859895861770852
73,11,2030,solar,0.6236318855534174
73,12,2030,solar,0.7790081183932162
73,13,2030,solar,0.8640318740292808
73,14,2030,solar,0.8524803843386821
73,15,2030,solar,0.7480292416471792
73,16,2030,solar,0.5718286302929797
73,17,2030,solar,0.3140448545403649
73,18,2030,solar,0.019611866079958
73,19,2030,solar,0.0
73,20,2030,solar,0.0
73,21,2030,solar,0.0
73,22,2030,solar,0.0
73,23,2030,solar,0.0
73,24,2030,solar,0.0
73,1,2030,wind_offshore,1.2154753022469371
73,2,2030,wind_offshore,1.2052447099118555
73,3,2030,wind_offshore,1.2051860649107569
73,4,2030,wind_offshore,1.1827924528667064
73,5,2030,wind_offshore,1.168286220857986
73,6,2030,wind_offshore,1.1728983368924368
73,7,2030,wind_offshore,1.1866741930830658
73,8,2030,wind_offshore,1.2152033654176901
73,9,2030,wind_offshore,1.2289010498737127
73,10,2030,wind_offshore,1.228326388367241
73,11,2030,wind_offshore,1.2333679275955998
73,12,2030,wind_offshore,1.2151200220048093
73,13,2030,wind_offshore,1.1816953758136535
73,14,2030,wind_offshore,1.0712181489476442
73,15,2030,wind_offshore,0.9970772913311047
73,16,2030,wind_offshore,0.9966100831934653
73,17,2030,wind_offshore,1.0061555123874264
73,18,2030,wind_offshore,0.9522155925202387
73,19,2030,wind_offshore,0.8755903953072068
73,20,2030,wind_offshore,0.7474483796398607
73,21,2030,wind_offshore,0.6107811488355152
73,22,2030,wind_offshore,0.45868943554151337
73,23,2030,wind_offshore,0.31961410649668665
73,24,2030,wind_offshore,0.14401119235887605
73,1,2030,wind_onshore,0.8351516047620764
73,2,2030,wind_onshore,0.7878713847059019
73,3,2030,wind_onshore,0.7686305485588268
73,4,2030,wind_onshore,0.7435099045713205
73,5,2030,wind_onshore,0.7395431823399998
73,6,2030,wind_onshore,0.7274706996363451
73,7,2030,wind_onshore,0.7401084524941383
73,8,2030,wind_onshore,0.7431366073774129
73,9,2030,wind_onshore,0.7361720843593438
73,10,2030,wind_onshore,0.6936970931084163
73,11,2030,wind_onshore,0.6515536421283934
73,12,2030,wind_onshore,0.6198705209716243
73,13,2030,wind_onshore,0.5938546689655078
73,14,2030,wind_onshore,0.5636403819127
73,15,2030,wind_onshore,0.5644839777894367
73,16,2030,wind_onshore,0.5462998807791096
73,17,2030,wind_onshore,0.5142003721940893
73,18,2030,wind_onshore,0.505070168752333
73,19,2030,wind_onshore,0.5111247075924975
73,20,2030,wind_onshore,0.5026170719284891
73,21,2030,wind_onshore,0.48769215492389373
73,22,2030,wind_onshore,0.4636989326771971
73,23,2030,wind_onshore,0.4319763282465072
73,24,2030,wind_onshore,0.3960419254362437
74,1,2030,demand,0.5340327380996676
74,2,2030,demand,0.5231323777244901
74,3,2030,demand,0.5028785871738551
74,4,2030,demand,0.48668704817237485
74,5,2030,demand,0.4883636410571677
74,6,2030,demand,0.5125537481324297
74,7,2030,demand,0.556470247394156
74,8,2030,demand,0.5991981431198873
74,9,2030,demand,0.6424887515280804
74,10,2030,demand,0.671868990682536
74,11,2030,demand,0.682369891819378
74,12,2030,demand,0.6712449056098168
74,13,2030,demand,0.6646132550542331
74,14,2030,demand,0.6465027166235396
74,15,2030,demand,0.6225817299050868
74,16,2030,demand,0.6054087640680087
74,17,2030,demand,0.6043984903550229
74,18,2030,demand,0.6190700378728085
74,19,2030,demand,0.6490841138487273
74,20,2030,demand,0.6714783291413446
74,21,2030,demand,0.6639361910409952
74,22,2030,demand,0.6285506035795878
74,23,2030,demand,0.5725843186660752
74,24,2030,demand,0.5464244967612059
74,1,2030,hydro_inflow,0.419325094436578
74,2,2030,hydro_inflow,0.42150721109261613
74,3,2030,hydro_inflow,0.4146104372657066
74,4,2030,hydro_inflow,0.41275071934258106
74,5,2030,hydro_inflow,0.4118942123494942
74,6,2030,hydro_inflow,0.4103470637409796
74,7,2030,hydro_inflow,0.4069487478255196
74,8,2030,hydro_inflow,0.40678725440005636
74,9,2030,hydro_inflow,0.4110873578619991
74,10,2030,hydro_inflow,0.4115218715421059
74,11,2030,hydro_inflow,0.4123755558107888
74,12,2030,hydro_inflow,0.4122497501911573
74,13,2030,hydro_inflow,0.40664796013141924
74,14,2030,hydro_inflow,0.40516715242013396
74,15,2030,hydro_inflow,0.40823744507706194
74,16,2030,hydro_inflow,0.4026250965742738
74,17,2030,hydro_inflow,0.40244029983934204
74,18,2030,hydro_inflow,0.400018192605313
74,19,2030,hydro_inflow,0.39712376763755985
74,20,2030,hydro_inflow,0.39552387411057466
74,21,2030,hydro_inflow,0.39565109723900926
74,22,2030,hydro_inflow,0.40089947846206064
74,23,2030,hydro_inflow,0.40256642178725216
74,24,2030,hydro_inflow,0.3981051799037703
74,1,2030,solar,0.0
74,2,2030,solar,0.0
74,3,2030,solar,0.0
74,4,2030,solar,0.0
74,5,2030,solar,0.0
74,6,2030,solar,0.0
74,7,2030,solar,0.0
74,8,2030,solar,0.0
74,9,2030,solar,0.008058408868674522
74,10,2030,solar,0.03593385618621903
74,11,2030,solar,0.07397114646851678
74,12,2030,solar,0.1189237236695658
74,13,2030,solar,0.17245631221435886
74,14,2030,solar,0.22521913052910747
74,15,2030,solar,0.2540088937467544
74,16,2030,solar,0.21743409019601603
74,17,2030,solar,0.13740247718266557
74,18,2030,solar,0.05702149126841942
74,19,2030,solar,0.0
74,20,2030,solar,0.0
74,21,2030,solar,0.0
74,22,2030,solar,0.0
74,23,2030,solar,0.0
74,24,2030,solar,0.0
74,1,2030,wind_offshore,0.6311132176834879
74,2,2030,wind_offshore,0.6451921105348546
74,3,2030,wind_offshore,0.656359349430656
74,4,2030,wind_offshore,0.6625735190244935
74,5,2030,wind_offshore,0.6628747513325965
74,6,2030,wind_offshore,0.6625416092353839
74,7,2030,wind_offshore,0.6712767212851845
74,8,2030,wind_offshore,0.6659930571888167
74,9,2030,wind_offshore,0.663062379744903
74,10,2030,wind_offshore,0.6650691639598607
74,11,2030,wind_offshore,0.6000902349125998
74,12,2030,wind_offshore,0.6586572791380865
74,13,2030,wind_offshore,0.6778417374894126
74,14,2030,wind_offshore,0.66994671160035
74,15,2030,wind_offshore,0.6559353034290102
74,16,2030,wind_offshore,0.6534957142121236
74,17,2030,wind_offshore,0.6568283876320318
74,18,2030,wind_offshore,0.6399215840622333
74,19,2030,wind_offshore,0.6332309757367186
74,20,2030,wind_offshore,0.5593290163851128
74,21,2030,wind_offshore,0.447520448170443
74,22,2030,wind_offshore,0.39199392082394346
74,23,2030,wind_offshore,0.2628343176988491
74,24,2030,wind_offshore,0.23464211895132983
74,1,2030,wind_onshore,0.30274373245654984
74,2,2030,wind_onshore,0.32082388642090587
74,3,2030,wind_onshore,0.3221623005367801
74,4,2030,wind_onshore,0.31746726681697385
74,5,2030,wind_onshore,0.32566686881174167
74,6,2030,wind_onshore,0.32882763959500894
74,7,2030,wind_onshore,0.32656361184217325
74,8,2030,wind_onshore,0.3392509317078536
74,9,2030,wind_onshore,0.342076340059335
74,10,2030,wind_onshore,0.3692531848203854
74,11,2030,wind_onshore,0.387274035126375
74,12,2030,wind_onshore,0.4278001808567173
74,13,2030,wind_onshore,0.44360908182822273
74,14,2030,wind_onshore,0.4641236202088629
74,15,2030,wind_onshore,0.47965829082494854
74,16,2030,wind_onshore,0.4839336382295375
74,17,2030,wind_onshore,0.47901163267074814
74,18,2030,wind_onshore,0.4666740387498889
74,19,2030,wind_onshore,0.45346741529654716
74,20,2030,wind_onshore,0.4431931294226684
74,21,2030,wind_onshore,0.43755057211067044
74,22,2030,wind_onshore,0.4165441399367124
74,23,2030,wind_onshore,0.4170886260885076
74,24,2030,wind_onshore,0.41447596075377163
75,1,2030,demand,0.5341702452782429
75,2,2030,demand,0.5241895205903986
75,3,2030,demand,0.5025712484637394
75,4,2030,demand,0.49712398989835466
75,5,2030,demand,0.5164572605855599
75,6,2030,demand,0.5482456606018123
75,7,2030,demand,0.5904627088826403
75,8,2030,demand,0.6214682815724332
75,9,2030,demand,0.65992605898589
75,10,2030,demand,0.687011511770934
75,11,2030,demand,0.7001644165017049
75,12,2030,demand,0.71364223614365
75,13,2030,demand,0.7231242277796457
75,14,2030,demand,0.7116721305456801
75,15,2030,demand,0.7138684745013515
75,16,2030,demand,0.7209699249084501
75,17,2030,demand,0.7155867956431486
75,18,2030,demand,0.705556001210905
75,19,2030,demand,0.6924555704161501
75,20,2030,demand,0.6794841724335073
75,21,2030,demand,0.6591832810417249
75,22,2030,demand,0.6167320615327598
75,23,2030,demand,0.5680108851037339
75,24,2030,demand,0.5663834459504531
75,1,2030,hydro_inflow,0.30969817289209356
75,2,2030,hydro_inflow,0.3141914317135125
75,3,2030,hydro_inflow,0.31078792048576
75,4,2030,hydro_inflow,0.31726417629107034
75,5,2030,hydro_inflow,0.31660928331211796
75,6,2030,hydro_inflow,0.31655967269017987
75,7,2030,hydro_inflow,0.3096338842414711
75,8,2030,hydro_inflow,0.30628707541772904
75,9,2030,hydro_inflow,0.30325460486974404
75,10,2030,hydro_inflow,0.3027873935835054
75,11,2030,hydro_inflow,0.2996783997328506
75,12,2030,hydro_inflow,0.2995993061471344
75,13,2030,hydro_inflow,0.298231070662523
75,14,2030,hydro_inflow,0.2980243235102708
75,15,2030,hydro_inflow,0.2969068925765857
75,16,2030,hydro_inflow,0.2955463000119792
75,17,2030,hydro_inflow,0.2943912542591662
75,18,2030,hydro_inflow,0.2953254167313303
75,19,2030,hydro_inflow,0.29346895041988835
75,20,2030,hydro_inflow,0.296767680214686
75,21,2030,hydro_inflow,0.29633156255217563
75,22,2030,hydro_inflow,0.2970522010349701
75,23,2030,hydro_inflow,0.3002875682437127
75,24,2030,hydro_inflow,0.29643549969863614
75,1,2030,solar,0.0
75,2,2030,solar,0.0
75,3,2030,solar,0.0
75,4,2030,solar,0.0
75,5,2030,solar,0.0
75,6,2030,solar,0.0004035233329623626
75,7,2030,solar,0.052977971735547025
75,8,2030,solar,0.27632601762431913
75,9,2030,solar,0.5253947352388324
75,10,2030,solar,0.730737668208917
75,11,2030,solar,0.8560859877815359
75,12,2030,solar,0.9458879412950146
75,13,2030,solar,0.9850210051429928
75,14,2030,solar,0.9606366894204119
75,15,2030,solar,0.8947881890723018
75,16,2030,solar,0.769999242960117
75,17,2030,solar,0.5899506144919918
75,18,2030,solar,0.35605739850899354
75,19,2030,solar,0.11459544548077677
75,20,2030,solar,0.0014444879392156561
75,21,2030,solar,0.0
75,22,2030,solar,0.0
75,23,2030,solar,0.0
75,24,2030,solar,0.0
75,1,2030,wind_offshore,1.2342651985915063
75,2,2030,wind_offshore,1.243239778125091
75,3,2030,wind_offshore,1.2494428659787797
75,4,2030,wind_offshore,1.2456416913144213
75,5,2030,wind_offshore,1.1973011061443604
75,6,2030,wind_offshore,1.098183979416364
75,7,2030,wind_offshore,1.0273097093969552
75,8,2030,wind_offshore,0.984998770825737
75,9,2030,wind_offshore,1.0057485869025795
75,10,2030,wind_offshore,1.0380715229137338
75,11,2030,wind_offshore,1.0508699444360732
75,12,2030,wind_offshore,1.1415070293265155
75,13,2030,wind_offshore,1.1939348560340985
75,14,2030,wind_offshore,1.1839334646812825
75,15,2030,wind_offshore,1.148220800125623
75,16,2030,wind_offshore,1.0743696399861944
75,17,2030,wind_offshore,0.9918715522781184
75,18,2030,wind_offshore,0.8445087497969125
75,19,2030,wind_offshore,0.7215404666858429
75,20,2030,wind_offshore,0.6251532849853267
75,21,2030,wind_offshore,0.5320417187546608
75,22,2030,wind_offshore,0.4306362712905923
75,23,2030,wind_offshore,0.3423293307113881
75,24,2030,wind_offshore,0.37151061807553476
75,1,2030,wind_onshore,0.22898879594036575
75,2,2030,wind_onshore,0.22885193154322495
75,3,2030,wind_onshore,0.22136752118461933
75,4,2030,wind_onshore,0.22290532006085892
75,5,2030,wind_onshore,0.2370186301530157
75,6,2030,wind_onshore,0.24441541505614095
75,7,2030,wind_onshore,0.2318426087144582
75,8,2030,wind_onshore,0.18866810103703108
75,9,2030,wind_onshore,0.19849714491707693
75,10,2030,wind_onshore,0.24807255721614266
75,11,2030,wind_onshore,0.25209627054260386
75,12,2030,wind_onshore,0.2785059561063078
75,13,2030,wind_onshore,0.30910052342184796
75,14,2030,wind_onshore,0.31468665271133867
75,15,2030,wind_onshore,0.3340381327698236
75,16,2030,wind_onshore,0.3563315696454096
75,17,2030,wind_onshore,0.37104105342208316
75,18,2030,wind_onshore,0.3911307064106961
75,19,2030,wind_onshore,0.4020968708949779
75,20,2030,wind_onshore,0.39454393465031773
75,21,2030,wind_onshore,0.37496529677854784
75,22,2030,wind_onshore,0.328012733285576
75,23,2030,wind_onshore,0.2941727620441474
75,24,2030,wind_onshore,0.26975422498484564
76,1,2030,demand,0.5288385739915191
76,2,2030,demand,0.5037149841787143
76,3,2030,demand,0.4971964159860749
76,4,2030,demand,0.4892254383654639
76,5,2030,demand,0.4930618095457726
76,6,2030,demand,0.5147253092870974
76,7,2030,demand,0.5424509062575044
76,8,2030,demand,0.5886587730630316
76,9,2030,demand,0.630423182574862
76,10,2030,demand,0.6495498427661667
76,11,2030,demand,0.6479504241199951
76,12,2030,demand,0.6464992960654489
76,13,2030,demand,0.6480845712836557
76,14,2030,demand,0.6256166795779685
76,15,2030,demand,0.6102449465436617
76,16,2030,demand,0.6133650991532537
76,17,2030,demand,0.6159068513915709
76,18,2030,demand,0.617751608217715
76,19,2030,demand,0.6549827674017344
76,20,2030,demand,0.6917394849898424
76,21,2030,demand,0.6906249020703416
76,22,2030,demand,0.6540341061165316
76,23,2030,demand,0.600612359197498
76,24,2030,demand,0.5766343880115636
76,1,2030,hydro_inflow,0.48096641460024975
76,2,2030,hydro_inflow,0.4807350430909529
76,3,2030,hydro_inflow,0.4853822533652567
76,4,2030,hydro_inflow,0.48595768715941556
76,5,2030,hydro_inflow,0.4846035969896242
76,6,2030,hydro_inflow,0.4854433171098761
76,7,2030,hydro_inflow,0.4824151496333995
76,8,2030,hydro_inflow,0.4800058989357197
76,9,2030,hydro_inflow,0.48372456010606696
76,10,2030,hydro_inflow,0.4888207398225532
76,11,2030,hydro_inflow,0.48416451927483395
76,12,2030,hydro_inflow,0.48599017112563103
76,13,2030,hydro_inflow,0.4915964234168729
76,14,2030,hydro_inflow,0.49607814025032754
76,15,2030,hydro_inflow,0.49026844651661405
76,16,2030,hydro_inflow,0.49431477633000054
76,17,2030,hydro_inflow,0.4904692586346325
76,18,2030,hydro_inflow,0.49177063482628053
76,19,2030,hydro_inflow,0.48655951964439403
76,20,2030,hydro_inflow,0.4896708621888727
76,21,2030,hydro_inflow,0.4838816826551942
76,22,2030,hydro_inflow,0.4869130258603155
76,23,2030,hydro_inflow,0.4957650539116718
76,24,2030,hydro_inflow,0.49673531036405444
76,1,2030,solar,0.0
76,2,2030,solar,0.0
76,3,2030,solar,0.0
76,4,2030,solar,0.0
76,5,2030,solar,0.0
76,6,2030,solar,0.0
76,7,2030,solar,0.0
76,8,2030,solar,0.036252492994360085
76,9,2030,solar,0.28534786839695053
76,10,2030,solar,0.5724986309554083
76,11,2030,solar,0.7770300352256337
76,12,2030,solar,0.9306245852153927
76,13,2030,solar,0.9693174877321299
76,14,2030,solar,0.9583355988785492
76,15,2030,solar,0.8821394666373634
76,16,2030,solar,0.7366439834597255
76,17,2030,solar,0.5074082761541827
76,18,2030,solar,0.2263596074200849
76,19,2030,solar,0.0085865550369323
76,20,2030,solar,0.0
76,21,2030,solar,0.0
76,22,2030,solar,0.0
76,23,2030,solar,0.0
76,24,2030,solar,0.0
76,1,2030,wind_offshore,0.1776597891484244
76,2,2030,wind_offshore,0.3017622688544085
76,3,2030,wind_offshore,0.46841794303750245
76,4,2030,wind_offshore,0.6915400237630248
76,5,2030,wind_offshore,0.9157361610382514
76,6,2030,wind_offshore,1.0747976625573712
76,7,2030,wind_offshore,1.1575413802976415
76,8,2030,wind_offshore,1.1927831793945147
76,9,2030,wind_offshore,1.1895228935670996
76,10,2030,wind_offshore,1.2098023460915175
76,11,2030,wind_offshore,1.201406141741416
76,12,2030,wind_offshore,1.1949345106719809
76,13,2030,wind_offshore,1.2066645903765887
76,14,2030,wind_offshore,1.219533747074419
76,15,2030,wind_offshore,1.2184860692063255
76,16,2030,wind_offshore,1.2434263661704312
76,17,2030,wind_offshore,1.2545555868796918
76,18,2030,wind_offshore,1.2395870486934537
76,19,2030,wind_offshore,1.2668032252954107
76,20,2030,wind_offshore,1.2749717760831478
76,21,2030,wind_offshore,1.2784701266312852
76,22,2030,wind_offshore,1.2716738046808782
76,23,2030,wind_offshore,1.2741005223034982
76,24,2030,wind_offshore,1.2778116851396086
76,1,2030,wind_onshore,0.2933002398469774
76,2,2030,wind_onshore,0.2613240431074762
76,3,2030,wind_onshore,0.24164276292491962
76,4,2030,wind_onshore,0.23507540716501785
76,5,2030,wind_onshore,0.2299095152419791
76,6,2030,wind_onshore,0.22251361563947236
76,7,2030,wind_onshore,0.21333247560124247
76,8,2030,wind_onshore,0.20365382189287815
76,9,2030,wind_onshore,0.18828178339508106
76,10,2030,wind_onshore,0.18122702513536562
76,11,2030,wind_onshore,0.2661680247650823
76,12,2030,wind_onshore,0.34072332316556336
76,13,2030,wind_onshore,0.39043123851748285
76,14,2030,wind_onshore,0.430652407080201
76,15,2030,wind_onshore,0.4734643792552371
76,16,2030,wind_onshore,0.5206103483214898
76,17,2030,wind_onshore,0.5622757558938232
76,18,2030,wind_onshore,0.5774916621041942
76,19,2030,wind_onshore,0.6155481528338068
76,20,2030,wind_onshore,0.6695653228736937
76,21,2030,wind_onshore,0.6948116227519798
76,22,2030,wind_onshore,0.717725637111412
76,23,2030,wind_onshore,0.7345000494906617
76,24,2030,wind_onshore,0.7433495952426422
77,1,2030,demand,0.5535941953983391
77,2,2030,demand,0.5302577510623777
77,3,2030,demand,0.5152038976320594
77,4,2030,demand,0.4933815621683893
77,5,2030,demand,0.48249818184248955
77,6,2030,demand,0.4858487401928715
77,7,2030,demand,0.49694638116804635
77,8,2030,demand,0.5261827012910785
77,9,2030,demand,0.5687322559132476
77,10,2030,demand,0.6108556358620543
77,11,2030,demand,0.6290530793287794
77,12,2030,demand,0.6369357053912491
77,13,2030,demand,0.6278600358284667
77,14,2030,demand,0.6273450449297965
77,15,2030,demand,0.6097992297142124
77,16,2030,demand,0.5897312874080751
77,17,2030,demand,0.5921914920823809
77,18,2030,demand,0.6127825436564731
77,19,2030,demand,0.6441546167826926
77,20,2030,demand,0.65686137182143
77,21,2030,demand,0.6587139271167283
77,22,2030,demand,0.6288379241386187
77,23,2030,demand,0.5856259048600615
77,24,2030,demand,0.5704610557509343
77,1,2030,hydro_inflow,0.44628936867752816
77,2,2030,hydro_inflow,0.44562466656803856
77,3,2030,hydro_inflow,0.4461826552495808
77,4,2030,hydro_inflow,0.4485911069728893
77,5,2030,hydro_inflow,0.4539279796638249
77,6,2030,hydro_inflow,0.45175916959873375
77,7,2030,hydro_inflow,0.4491720450504862
77,8,2030,hydro_inflow,0.45361840671868975
77,9,2030,hydro_inflow,0.4580158291450191
77,10,2030,hydro_inflow,0.46352859711886235
77,11,2030,hydro_inflow,0.45769834218245486
77,12,2030,hydro_inflow,0.4557884220774235
77,13,2030,hydro_inflow,0.46072908789709105
77,14,2030,hydro_inflow,0.46664984661859216
77,15,2030,hydro_inflow,0.4630767292403873
77,16,2030,hydro_inflow,0.46190516252326635
77,17,2030,hydro_inflow,0.45949825157900914
77,18,2030,hydro_inflow,0.45752867369052325
77,19,2030,hydro_inflow,0.4614566204336848
77,20,2030,hydro_inflow,0.4645609027045512
77,21,2030,hydro_inflow,0.46359283233480686
77,22,2030,hydro_inflow,0.4669043194345467
77,23,2030,hydro_inflow,0.4651181482000339
77,24,2030,hydro_inflow,0.46343768255242296
77,1,2030,solar,0.0
77,2,2030,solar,0.0
77,3,2030,solar,0.0
77,4,2030,solar,0.0
77,5,2030,solar,0.0
77,6,2030,solar,0.0
77,7,2030,solar,0.0
77,8,2030,solar,0.0
77,9,2030,solar,0.04376925130011197
77,10,2030,solar,0.17016944087739477
77,11,2030,solar,0.2732237219221347
77,12,2030,solar,0.3399821875801167
77,13,2030,solar,0.3607985072870314
77,14,2030,solar,0.3312488847434229
77,15,2030,solar,0.2722864043002825
77,16,2030,solar,0.18630922198812205
77,17,2030,solar,0.08581024486588959
77,18,2030,solar,0.0
77,19,2030,solar,0.0
77,20,2030,solar,0.0
77,21,2030,solar,0.0
77,22,2030,solar,0.0
77,23,2030,solar,0.0
77,24,2030,solar,0.0
77,1,2030,wind_offshore,0.06029378960175534
77,2,2030,wind_offshore,0.07846361370948574
77,3,2030,wind_offshore,0.07563860512914806
77,4,2030,wind_offshore,0.05987625095914512
77,5,2030,wind_offshore,0.05075291633612519
77,6,2030,wind_offshore,0.041750610073708505
77,7,2030,wind_offshore,0.05886815603755497
77,8,2030,wind_offshore,0.08256541694478813
77,9,2030,wind_offshore,0.13023730525522184
77,10,2030,wind_offshore,0.1924760394875118
77,11,2030,wind_offshore,0.23295389713077885
77,12,2030,wind_offshore,0.34381912775656615
77,13,2030,wind_offshore,0.46728396063077504
77,14,2030,wind_offshore,0.52263949681375
77,15,2030,wind_offshore,0.4116975500691289
77,16,2030,wind_offshore,0.2603460367745684
77,17,2030,wind_offshore,0.18855775361185767
77,18,2030,wind_offshore,0.2159486287193202
77,19,2030,wind_offshore,0.2353357938784327
77,20,2030,wind_offshore,0.2548841003677036
77,21,2030,wind_offshore,0.21288692037516857
77,22,2030,wind_offshore,0.15717940577350484
77,23,2030,wind_offshore,0.12109080322367123
77,24,2030,wind_offshore,0.09987356733897794
77,1,2030,wind_onshore,0.16858742348318703
77,2,2030,wind_onshore,0.14954024923436843
77,3,2030,wind_onshore,0.1337016969186097
77,4,2030,wind_onshore,0.12726636462770027
77,5,2030,wind_onshore,0.12266441383789947
77,6,2030,wind_onshore,0.11855021300768148
77,7,2030,wind_onshore,0.11523554611261261
77,8,2030,wind_onshore,0.10989290222535339
77,9,2030,wind_onshore,0.10508868057920659
77,10,2030,wind_onshore,0.09721827215593595
77,11,2030,wind_onshore,0.09754381006930712
77,12,2030,wind_onshore,0.10471625768238377
77,13,2030,wind_onshore,0.09986124308449422
77,14,2030,wind_onshore,0.09388851812001804
77,15,2030,wind_onshore,0.08098743559596562
77,16,2030,wind_onshore,0.07354726350611035
77,17,2030,wind_onshore,0.06471479070085903
77,18,2030,wind_onshore,0.07487725420068019
77,19,2030,wind_onshore,0.08779054325934643
77,20,2030,wind_onshore,0.0957775323871582
77,21,2030,wind_onshore,0.10249626290913312
77,22,2030,wind_onshore,0.11095497987725542
77,23,2030,wind_onshore,0.13608922258761694
77,24,2030,wind_onshore,0.1345050058720912
78,1,2030,demand,0.4798403188866618
78,2,2030,demand,0.4830753762481788
78,3,2030,demand,0.48850156845143683
78,4,2030,demand,0.47813239906446275
78,5,2030,demand,0.4953719413695161
78,6,2030,demand,0.5161979124399872
78,7,2030,demand,0.5548526249007787
78,8,2030,demand,0.5888160259425106
78,9,2030,demand,0.6140002464673744
78,10,2030,demand,0.6162056409118674
78,11,2030,demand,0.6067363679517055
78,12,2030,demand,0.6115288675211135
78,13,2030,demand,0.6041491342329551
78,14,2030,demand,0.5810389108092208
78,15,2030,demand,0.5689230883766836
78,16,2030,demand,0.5654334643219948
78,17,2030,demand,0.5604083417354243
78,18,2030,demand,0.5689389235988783
78,19,2030,demand,0.5794050284670006
78,20,2030,demand,0.5974031299713608
78,21,2030,demand,0.5856038204634488
78,22,2030,demand,0.5417187012815009
78,23,2030,demand,0.5047863035070908
78,24,2030,demand,0.5041455669156211
78,1,2030,hydro_inflow,0.26415267677928483
78,2,2030,hydro_inflow,0.26256036346233036
78,3,2030,hydro_inflow,0.2630193794255081
78,4,2030,hydro_inflow,0.26332601182494114
78,5,2030,hydro_inflow,0.26299995251759367
78,6,2030,hydro_inflow,0.26198078242116846
78,7,2030,hydro_inflow,0.26244375441369683
78,8,2030,hydro_inflow,0.25919035761369885
78,9,2030,hydro_inflow,0.25972836882860845
78,10,2030,hydro_inflow,0.25873465047076094
78,11,2030,hydro_inflow,0.2589517232910343
78,12,2030,hydro_inflow,0.25837863435839686
78,13,2030,hydro_inflow,0.2596442107070446
78,14,2030,hydro_inflow,0.260455494112331
78,15,2030,hydro_inflow,0.26548822631672975
78,16,2030,hydro_inflow,0.2670905904081396
78,17,2030,hydro_inflow,0.2661527010671632
78,18,2030,hydro_inflow,0.2638183960375341
78,19,2030,hydro_inflow,0.2611361824751243
78,20,2030,hydro_inflow,0.25775380411194004
78,21,2030,hydro_inflow,0.259330750024463
78,22,2030,hydro_inflow,0.2623245048645971
78,23,2030,hydro_inflow,0.26039880400444076
78,24,2030,hydro_inflow,0.2546144753535457
78,1,2030,solar,0.0
78,2,2030,solar,0.0
78,3,2030,solar,0.0
78,4,2030,solar,0.0
78,5,2030,solar,0.0
78,6,2030,solar,0.0
78,7,2030,solar,0.0
78,8,2030,solar,0.13502127358144816
78,9,2030,solar,0.42896072361875853
78,10,2030,solar,0.6905333444583174
78,11,2030,solar,0.8492670847166579
78,12,2030,solar,0.9523051403604654
78,13,2030,solar,0.9761403212060275
78,14,2030,solar,0.9353416980665823
78,15,2030,solar,0.8252306752451114
78,16,2030,solar,0.6681809264257077
78,17,2030,solar,0.433606311091112
78,18,2030,solar,0.16035154121004438
78,19,2030,solar,1.0805916591044232e-5
78,20,2030,solar,0.0
78,21,2030,solar,0.0
78,22,2030,solar,0.0
78,23,2030,solar,0.0
78,24,2030,solar,0.0
78,1,2030,wind_offshore,0.000620184547469331
78,2,2030,wind_offshore,0.0
78,3,2030,wind_offshore,0.0
78,4,2030,wind_offshore,0.0012195637238190404
78,5,2030,wind_offshore,0.008747740766865708
78,6,2030,wind_offshore,0.030373948191372478
78,7,2030,wind_offshore,0.056157988779796886
78,8,2030,wind_offshore,0.0741782608579622
78,9,2030,wind_offshore,0.07933417261909283
78,10,2030,wind_offshore,0.07284325676852348
78,11,2030,wind_offshore,0.08575482063956988
78,12,2030,wind_offshore,0.09602096481415152
78,13,2030,wind_offshore,0.148441962935695
78,14,2030,wind_offshore,0.13017239500598438
78,15,2030,wind_offshore,0.06662352831564754
78,16,2030,wind_offshore,0.1001053770689905
78,17,2030,wind_offshore,0.1466189040890785
78,18,2030,wind_offshore,0.1489411569705583
78,19,2030,wind_offshore,0.17731142216028684
78,20,2030,wind_offshore,0.12176373235710604
78,21,2030,wind_offshore,0.07350104986595715
78,22,2030,wind_offshore,0.0668608619875878
78,23,2030,wind_offshore,0.1597070025368273
78,24,2030,wind_offshore,0.1648373866761261
78,1,2030,wind_onshore,0.11291978972460755
78,2,2030,wind_onshore,0.10669091620804352
78,3,2030,wind_onshore,0.09825232578029262
78,4,2030,wind_onshore,0.08891453696635437
78,5,2030,wind_onshore,0.08382862489582422
78,6,2030,wind_onshore,0.08020955758340079
78,7,2030,wind_onshore,0.08036653040389263
78,8,2030,wind_onshore,0.08178478924982366
78,9,2030,wind_onshore,0.06992897733581498
78,10,2030,wind_onshore,0.06217398231128043
78,11,2030,wind_onshore,0.09752442751399784
78,12,2030,wind_onshore,0.12390428799068606
78,13,2030,wind_onshore,0.14240052912985968
78,14,2030,wind_onshore,0.15729420693970358
78,15,2030,wind_onshore,0.17240667055579476
78,16,2030,wind_onshore,0.19318399787019694
78,17,2030,wind_onshore,0.2051556731735316
78,18,2030,wind_onshore,0.2013775102910732
78,19,2030,wind_onshore,0.2278887155455627
78,20,2030,wind_onshore,0.2459125062791021
78,21,2030,wind_onshore,0.25587926870537664
78,22,2030,wind_onshore,0.24599358565802948
78,23,2030,wind_onshore,0.26323104190458174
78,24,2030,wind_onshore,0.2581093270667489
79,1,2030,demand,0.5418308949577763
79,2,2030,demand,0.5332070627749749
79,3,2030,demand,0.5161898047955931
79,4,2030,demand,0.4945284990245424
79,5,2030,demand,0.4936494640339579
79,6,2030,demand,0.49626902661963906
79,7,2030,demand,0.5138006170726725
79,8,2030,demand,0.5533285531520836
79,9,2030,demand,0.5987664089550365
79,10,2030,demand,0.6244328217586186
79,11,2030,demand,0.6334889977085605
79,12,2030,demand,0.6437832175461715
79,13,2030,demand,0.6394227525353775
79,14,2030,demand,0.6208054619470815
79,15,2030,demand,0.609995654459363
79,16,2030,demand,0.6044192400625326
79,17,2030,demand,0.6073447325561739
79,18,2030,demand,0.62703329799347
79,19,2030,demand,0.659014970555297
79,20,2030,demand,0.6874179337136923
79,21,2030,demand,0.6954332639803666
79,22,2030,demand,0.6566440578172825
79,23,2030,demand,0.6164060930427907
79,24,2030,demand,0.589717876968838
79,1,2030,hydro_inflow,0.44856887501465625
79,2,2030,hydro_inflow,0.44548891010315583
79,3,2030,hydro_inflow,0.44730721417896424
79,4,2030,hydro_inflow,0.446649027675783
79,5,2030,hydro_inflow,0.44994125147378244
79,6,2030,hydro_inflow,0.4425221960283683
79,7,2030,hydro_inflow,0.4434107883352913
79,8,2030,hydro_inflow,0.4458951968641888
79,9,2030,hydro_inflow,0.44648465867311155
79,10,2030,hydro_inflow,0.45476960614360973
79,11,2030,hydro_inflow,0.4494331846006236
79,12,2030,hydro_inflow,0.44641033226498217
79,13,2030,hydro_inflow,0.4515395125391882
79,14,2030,hydro_inflow,0.4482119853822092
79,15,2030,hydro_inflow,0.4437047290884925
79,16,2030,hydro_inflow,0.4433031735469913
79,17,2030,hydro_inflow,0.44699583488719635
79,18,2030,hydro_inflow,0.4542084290947161
79,19,2030,hydro_inflow,0.45320594697310185
79,20,2030,hydro_inflow,0.456220884952126
79,21,2030,hydro_inflow,0.4468279898861335
79,22,2030,hydro_inflow,0.450841237488532
79,23,2030,hydro_inflow,0.45315473467925627
79,24,2030,hydro_inflow,0.4550682535628895
79,1,2030,solar,0.0
79,2,2030,solar,0.0
79,3,2030,solar,0.0
79,4,2030,solar,0.0
79,5,2030,solar,0.0
79,6,2030,solar,0.0
79,7,2030,solar,0.0
79,8,2030,solar,0.0
79,9,2030,solar,0.04986791226495873
79,10,2030,solar,0.20110910937896853
79,11,2030,solar,0.3224566600562144
79,12,2030,solar,0.40812496426563605
79,13,2030,solar,0.44524097098135823
79,14,2030,solar,0.4379433928373652
79,15,2030,solar,0.37643146351823614
79,16,2030,solar,0.27046301529932065
79,17,2030,solar,0.13612054517043473
79,18,2030,solar,0.0
79,19,2030,solar,0.0
79,20,2030,solar,0.0
79,21,2030,solar,0.0
79,22,2030,solar,0.0
79,23,2030,solar,0.0
79,24,2030,solar,0.0
79,1,2030,wind_offshore,0.07804126276286419
79,2,2030,wind_offshore,0.0730944947078932
79,3,2030,wind_offshore,0.06663769425578245
79,4,2030,wind_offshore,0.057345196136128165
79,5,2030,wind_offshore,0.043719464953985654
79,6,2030,wind_offshore,0.03449845200382289
79,7,2030,wind_offshore,0.03587588419142222
79,8,2030,wind_offshore,0.02734604251506766
79,9,2030,wind_offshore,0.014737999150716543
79,10,2030,wind_offshore,0.008596031923287265
79,11,2030,wind_offshore,0.015637154192358567
79,12,2030,wind_offshore,0.015334271647654734
79,13,2030,wind_offshore,0.0008088976562889103
79,14,2030,wind_offshore,0.0
79,15,2030,wind_offshore,0.0
79,16,2030,wind_offshore,0.0003266776693297416
79,17,2030,wind_offshore,0.0029642006818595217
79,18,2030,wind_offshore,0.004936731757165527
79,19,2030,wind_offshore,0.006532057163126926
79,20,2030,wind_offshore,0.0122313197890179
79,21,2030,wind_offshore,0.024560774320810285
79,22,2030,wind_offshore,0.03711549099102484
79,23,2030,wind_offshore,0.052942122159736045
79,24,2030,wind_offshore,0.049735861620073346
79,1,2030,wind_onshore,0.3142299909521235
79,2,2030,wind_onshore,0.3044005384281127
79,3,2030,wind_onshore,0.2957971559742792
79,4,2030,wind_onshore,0.2936376394060609
79,5,2030,wind_onshore,0.2847209171290391
79,6,2030,wind_onshore,0.2768159301345391
79,7,2030,wind_onshore,0.26994908518701977
79,8,2030,wind_onshore,0.26612174277283923
79,9,2030,wind_onshore,0.26258331330373236
79,10,2030,wind_onshore,0.24814567607043223
79,11,2030,wind_onshore,0.22598305518573122
79,12,2030,wind_onshore,0.2490429380316324
79,13,2030,wind_onshore,0.2555773714169338
79,14,2030,wind_onshore,0.2578943037807694
79,15,2030,wind_onshore,0.2594500698394926
79,16,2030,wind_onshore,0.26697390578935215
79,17,2030,wind_onshore,0.2539162928776192
79,18,2030,wind_onshore,0.2603728152913028
79,19,2030,wind_onshore,0.27388368156810605
79,20,2030,wind_onshore,0.268701840527829
79,21,2030,wind_onshore,0.24072416957917844
79,22,2030,wind_onshore,0.20568079842177173
79,23,2030,wind_onshore,0.18696346115341403
79,24,2030,wind_onshore,0.17941633018622136
80,1,2030,demand,0.5067255795506492
80,2,2030,demand,0.49058677653545674
80,3,2030,demand,0.4855961645687262
80,4,2030,demand,0.4800782268633279
80,5,2030,demand,0.48123581122785797
80,6,2030,demand,0.5158577503702778
80,7,2030,demand,0.5655096150639131
80,8,2030,demand,0.613714811507634
80,9,2030,demand,0.6408374359685551
80,10,2030,demand,0.6649163791540829
80,11,2030,demand,0.6844762476376314
80,12,2030,demand,0.6836023622716895
80,13,2030,demand,0.6787395711897851
80,14,2030,demand,0.6677489192675123
80,15,2030,demand,0.6479910263978774
80,16,2030,demand,0.6341953828408751
80,17,2030,demand,0.6336015404773999
80,18,2030,demand,0.6596666361826262
80,19,2030,demand,0.708209032011262
80,20,2030,demand,0.7171240616832503
80,21,2030,demand,0.7092685467819843
80,22,2030,demand,0.6595579725297833
80,23,2030,demand,0.601103486139922
80,24,2030,demand,0.579216574465668
80,1,2030,hydro_inflow,0.23109298397157163
80,2,2030,hydro_inflow,0.2306690041651593
80,3,2030,hydro_inflow,0.22814792852128102
80,4,2030,hydro_inflow,0.22715653068882774
80,5,2030,hydro_inflow,0.22733672830075977
80,6,2030,hydro_inflow,0.2324094804977283
80,7,2030,hydro_inflow,0.2307880435185848
80,8,2030,hydro_inflow,0.22993695346430465
80,9,2030,hydro_inflow,0.22612947843160996
80,10,2030,hydro_inflow,0.2311908304905931
80,11,2030,hydro_inflow,0.2288556656360367
80,12,2030,hydro_inflow,0.2326100928754363
80,13,2030,hydro_inflow,0.23750892035410368
80,14,2030,hydro_inflow,0.23634835772371027
80,15,2030,hydro_inflow,0.23966933716640113
80,16,2030,hydro_inflow,0.23771342540343296
80,17,2030,hydro_inflow,0.2365927998807334
80,18,2030,hydro_inflow,0.23772727989982204
80,19,2030,hydro_inflow,0.24058917143889755
80,20,2030,hydro_inflow,0.24316261277731863
80,21,2030,hydro_inflow,0.2442497401504018
80,22,2030,hydro_inflow,0.2425456322103636
80,23,2030,hydro_inflow,0.23980734076728766
80,24,2030,hydro_inflow,0.23645399178689233
80,1,2030,solar,0.0
80,2,2030,solar,0.0
80,3,2030,solar,0.0
80,4,2030,solar,0.0
80,5,2030,solar,0.0
80,6,2030,solar,0.0
80,7,2030,solar,0.0
80,8,2030,solar,0.0
80,9,2030,solar,0.025141299186335276
80,10,2030,solar,0.09100408892356542
80,11,2030,solar,0.18851604126785104
80,12,2030,solar,0.2634020663013634
80,13,2030,solar,0.29047363100438955
80,14,2030,solar,0.2820329693678021
80,15,2030,solar,0.23338840058571936
80,16,2030,solar,0.16087105587895464
80,17,2030,solar,0.06971231337560521
80,18,2030,solar,0.0
80,19,2030,solar,0.0
80,20,2030,solar,0.0
80,21,2030,solar,0.0
80,22,2030,solar,0.0
80,23,2030,solar,0.0
80,24,2030,solar,0.0
80,1,2030,wind_offshore,0.5862159763562033
80,2,2030,wind_offshore,0.6236609411390271
80,3,2030,wind_offshore,0.6342619102044579
80,4,2030,wind_offshore,0.63663157770619
80,5,2030,wind_offshore,0.6217089597444994
80,6,2030,wind_offshore,0.5876955936261853
80,7,2030,wind_offshore,0.5170875325746568
80,8,2030,wind_offshore,0.4664865362565965
80,9,2030,wind_offshore,0.4136853272199245
80,10,2030,wind_offshore,0.3384060707115885
80,11,2030,wind_offshore,0.28678574548284486
80,12,2030,wind_offshore,0.26883427750840116
80,13,2030,wind_offshore,0.3276018456265971
80,14,2030,wind_offshore,0.3852901417599354
80,15,2030,wind_offshore,0.389277646867825
80,16,2030,wind_offshore,0.3726726034325979
80,17,2030,wind_offshore,0.36060944766896585
80,18,2030,wind_offshore,0.38646860064369987
80,19,2030,wind_offshore,0.37555466577333513
80,20,2030,wind_offshore,0.3734537128202443
80,21,2030,wind_offshore,0.38745421231123184
80,22,2030,wind_offshore,0.39842595669766234
80,23,2030,wind_offshore,0.4343321238836374
80,24,2030,wind_offshore,0.41967630098188924
80,1,2030,wind_onshore,0.13236159909850417
80,2,2030,wind_onshore,0.14344333978679102
80,3,2030,wind_onshore,0.1542564487387938
80,4,2030,wind_onshore,0.15939432531477826
80,5,2030,wind_onshore,0.16475892703051642
80,6,2030,wind_onshore,0.164049957356073
80,7,2030,wind_onshore,0.16096576845342347
80,8,2030,wind_onshore,0.16996181495841783
80,9,2030,wind_onshore,0.1767005335413695
80,10,2030,wind_onshore,0.1990567656570446
80,11,2030,wind_onshore,0.20451446981669652
80,12,2030,wind_onshore,0.20116322586431715
80,13,2030,wind_onshore,0.22648908791383157
80,14,2030,wind_onshore,0.24018150464872765
80,15,2030,wind_onshore,0.23885868472889826
80,16,2030,wind_onshore,0.21450767237878673
80,17,2030,wind_onshore,0.17493810112322555
80,18,2030,wind_onshore,0.160249025179219
80,19,2030,wind_onshore,0.16036070937230482
80,20,2030,wind_onshore,0.1610701586085447
80,21,2030,wind_onshore,0.162022375257815
80,22,2030,wind_onshore,0.16251185453421696
80,23,2030,wind_onshore,0.20838536336417904
80,24,2030,wind_onshore,0.2163671654492413
81,1,2030,demand,0.5802814341902403
81,2,2030,demand,0.5670445564989053
81,3,2030,demand,0.5544580997470342
81,4,2030,demand,0.5394439834553513
81,5,2030,demand,0.5490955107300974
81,6,2030,demand,0.5647072561598564
81,7,2030,demand,0.585152001057721
81,8,2030,demand,0.6183735802218945
81,9,2030,demand,0.6658172658033532
81,10,2030,demand,0.7190711874358939
81,11,2030,demand,0.7563363815848344
81,12,2030,demand,0.7877679445247173
81,13,2030,demand,0.7964539018790812
81,14,2030,demand,0.7927161543198243
81,15,2030,demand,0.7888640501225915
81,16,2030,demand,0.787882673341057
81,17,2030,demand,0.7853578988197044
81,18,2030,demand,0.7725654143055518
81,19,2030,demand,0.7433497381919544
81,20,2030,demand,0.733173196019912
81,21,2030,demand,0.7203616094571813
81,22,2030,demand,0.6796024768545035
81,23,2030,demand,0.6358832287101334
81,24,2030,demand,0.6183575362800773
81,1,2030,hydro_inflow,0.31401439074677734
81,2,2030,hydro_inflow,0.318785999201848
81,3,2030,hydro_inflow,0.31802852156592887
81,4,2030,hydro_inflow,0.32369023850947154
81,5,2030,hydro_inflow,0.3228297253902544
81,6,2030,hydro_inflow,0.3212435761040493
81,7,2030,hydro_inflow,0.31807667439696474
81,8,2030,hydro_inflow,0.31485967459943076
81,9,2030,hydro_inflow,0.31190112085017696
81,10,2030,hydro_inflow,0.31015065407988196
81,11,2030,hydro_inflow,0.3105753863397539
81,12,2030,hydro_inflow,0.30986569326792485
81,13,2030,hydro_inflow,0.31070111745746565
81,14,2030,hydro_inflow,0.3088334515718125
81,15,2030,hydro_inflow,0.30656278591119585
81,16,2030,hydro_inflow,0.30841189938734864
81,17,2030,hydro_inflow,0.31034749719073557
81,18,2030,hydro_inflow,0.3092158095858399
81,19,2030,hydro_inflow,0.30503879951278146
81,20,2030,hydro_inflow,0.3049934450355674
81,21,2030,hydro_inflow,0.302400602023548
81,22,2030,hydro_inflow,0.30675370618021125
81,23,2030,hydro_inflow,0.31149626421510074
81,24,2030,hydro_inflow,0.3154228034914554
81,1,2030,solar,0.0
81,2,2030,solar,0.0
81,3,2030,solar,0.0
81,4,2030,solar,0.0
81,5,2030,solar,0.0
81,6,2030,solar,0.0
81,7,2030,solar,0.016400778988376993
81,8,2030,solar,0.1955443440871875
81,9,2030,solar,0.44673125258010415
81,10,2030,solar,0.6735200728877357
81,11,2030,solar,0.8222132751434283
81,12,2030,solar,0.935139570916667
81,13,2030,solar,0.9669055242333799
81,14,2030,solar,0.9654566676215859
81,15,2030,solar,0.9022304723910868
81,16,2030,solar,0.7767709618152682
81,17,2030,solar,0.5944031467330878
81,18,2030,solar,0.35547390368427195
81,19,2030,solar,0.11559839427814908
81,20,2030,solar,0.0011784787738174237
81,21,2030,solar,0.0
81,22,2030,solar,0.0
81,23,2030,solar,0.0
81,24,2030,solar,0.0
81,1,2030,wind_offshore,0.12067513969625056
81,2,2030,wind_offshore,0.11279930051227625
81,3,2030,wind_offshore,0.11968154280216739
81,4,2030,wind_offshore,0.14107188139788093
81,5,2030,wind_offshore,0.1313541116498846
81,6,2030,wind_offshore,0.08453490894417177
81,7,2030,wind_offshore,0.026060232646224406
81,8,2030,wind_offshore,0.005540562316677992
81,9,2030,wind_offshore,0.0020713094976732107
81,10,2030,wind_offshore,0.010297263149978699
81,11,2030,wind_offshore,0.048912637269292375
81,12,2030,wind_offshore,0.1050444209450031
81,13,2030,wind_offshore,0.1588623734908985
81,14,2030,wind_offshore,0.19237424157085145
81,15,2030,wind_offshore,0.25507775998921384
81,16,2030,wind_offshore,0.3198429794103215
81,17,2030,wind_offshore,0.3687342864163886
81,18,2030,wind_offshore,0.44467265946259854
81,19,2030,wind_offshore,0.4587819072055184
81,20,2030,wind_offshore,0.45084850367673585
81,21,2030,wind_offshore,0.445434853131145
81,22,2030,wind_offshore,0.4307478540619733
81,23,2030,wind_offshore,0.3740557393563185
81,24,2030,wind_offshore,0.39823110093250824
81,1,2030,wind_onshore,0.270497148353528
81,2,2030,wind_onshore,0.2583218262688617
81,3,2030,wind_onshore,0.23781341577072937
81,4,2030,wind_onshore,0.2179037601209768
81,5,2030,wind_onshore,0.18843115254190318
81,6,2030,wind_onshore,0.16496560039980793
81,7,2030,wind_onshore,0.1394515088977527
81,8,2030,wind_onshore,0.11265881061569605
81,9,2030,wind_onshore,0.09743595317637992
81,10,2030,wind_onshore,0.09688812372627448
81,11,2030,wind_onshore,0.08925029956819212
81,12,2030,wind_onshore,0.10801873449310324
81,13,2030,wind_onshore,0.14263728780956147
81,14,2030,wind_onshore,0.17406864040531117
81,15,2030,wind_onshore,0.2108736163337669
81,16,2030,wind_onshore,0.24656430464816864
81,17,2030,wind_onshore,0.28003040243050825
81,18,2030,wind_onshore,0.3085634401607783
81,19,2030,wind_onshore,0.3275351399761547
81,20,2030,wind_onshore,0.3246249072212801
81,21,2030,wind_onshore,0.3290967264842094
81,22,2030,wind_onshore,0.3088346570181993
81,23,2030,wind_onshore,0.2452233176007189
81,24,2030,wind_onshore,0.21763904162709372
82,1,2030,demand,0.5118660816678088
82,2,2030,demand,0.513286418979844
82,3,2030,demand,0.5115667417752745
82,4,2030,demand,0.4907673593982421
82,5,2030,demand,0.5043569368188686
82,6,2030,demand,0.5298151978394061
82,7,2030,demand,0.5462082237463007
82,8,2030,demand,0.5834111842197236
82,9,2030,demand,0.6210621212042017
82,10,2030,demand,0.6581301476209614
82,11,2030,demand,0.6817760743778649
82,12,2030,demand,0.7020552918175129
82,13,2030,demand,0.6911111920331092
82,14,2030,demand,0.6854305569317414
82,15,2030,demand,0.6847085863629756
82,16,2030,demand,0.6881712345081794
82,17,2030,demand,0.6888310901993505
82,18,2030,demand,0.6909794582340453
82,19,2030,demand,0.6807507687620817
82,20,2030,demand,0.6640694455023467
82,21,2030,demand,0.657658419667942
82,22,2030,demand,0.6226147658961071
82,23,2030,demand,0.5791218056260197
82,24,2030,demand,0.5512748193225394
82,1,2030,hydro_inflow,0.30623106425122815
82,2,2030,hydro_inflow,0.30570976773674946
82,3,2030,hydro_inflow,0.30729923838134227
82,4,2030,hydro_inflow,0.30992287305622257
82,5,2030,hydro_inflow,0.3130191988414561
82,6,2030,hydro_inflow,0.30974227638587576
82,7,2030,hydro_inflow,0.3091399320716128
82,8,2030,hydro_inflow,0.31467131835003487
82,9,2030,hydro_inflow,0.31902007368842317
82,10,2030,hydro_inflow,0.3215894640467424
82,11,2030,hydro_inflow,0.32448835458112857
82,12,2030,hydro_inflow,0.3276320208785036
82,13,2030,hydro_inflow,0.3333167494946773
82,14,2030,hydro_inflow,0.3385277497293787
82,15,2030,hydro_inflow,0.34243994608633593
82,16,2030,hydro_inflow,0.34854497839722387
82,17,2030,hydro_inflow,0.33976192012165896
82,18,2030,hydro_inflow,0.3385271210276055
82,19,2030,hydro_inflow,0.33180427955993164
82,20,2030,hydro_inflow,0.32674555507243774
82,21,2030,hydro_inflow,0.3253297890731841
82,22,2030,hydro_inflow,0.32482030273314094
82,23,2030,hydro_inflow,0.3205732574625947
82,24,2030,hydro_inflow,0.3188354568990721
82,1,2030,solar,0.0
82,2,2030,solar,0.0
82,3,2030,solar,0.0
82,4,2030,solar,0.0
82,5,2030,solar,0.0
82,6,2030,solar,0.0
82,7,2030,solar,0.004233431826046396
82,8,2030,solar,0.09135122971659508
82,9,2030,solar,0.22501031432031957
82,10,2030,solar,0.34002142811097713
82,11,2030,solar,0.41191948471932194
82,12,2030,solar,0.4507160736108172
82,13,2030,solar,0.45304619940928087
82,14,2030,solar,0.42253157008088965
82,15,2030,solar,0.36454481111021375
82,16,2030,solar,0.2915488804537193
82,17,2030,solar,0.22019741307574403
82,18,2030,solar,0.13070664795333123
82,19,2030,solar,0.037545107391654696
82,20,2030,solar,1.1610705019461663e-6
82,21,2030,solar,0.0
82,22,2030,solar,0.0
82,23,2030,solar,0.0
82,24,2030,solar,0.0
82,1,2030,wind_offshore,0.4926483574062876
82,2,2030,wind_offshore,0.5042984440988189
82,3,2030,wind_offshore,0.5113042227080439
82,4,2030,wind_offshore,0.513758489061823
82,5,2030,wind_offshore,0.48193028599311205
82,6,2030,wind_offshore,0.4327972722565214
82,7,2030,wind_offshore,0.40195325347669353
82,8,2030,wind_offshore,0.3915635191855985
82,9,2030,wind_offshore,0.4064392331387823
82,10,2030,wind_offshore,0.4521668968773671
82,11,2030,wind_offshore,0.4568342546895891
82,12,2030,wind_offshore,0.4399307404300123
82,13,2030,wind_offshore,0.43062661562151167
82,14,2030,wind_offshore,0.4337865885163607
82,15,2030,wind_offshore,0.4559150517658599
82,16,2030,wind_offshore,0.4708923132945918
82,17,2030,wind_offshore,0.5037733197793964
82,18,2030,wind_offshore,0.5320990362143933
82,19,2030,wind_offshore,0.5493336498601211
82,20,2030,wind_offshore,0.559273917343485
82,21,2030,wind_offshore,0.5608600528369676
82,22,2030,wind_offshore,0.551969524807216
82,23,2030,wind_offshore,0.4411550612705841
82,24,2030,wind_offshore,0.3880829529277695
82,1,2030,wind_onshore,0.1425267594303469
82,2,2030,wind_onshore,0.1418133949075419
82,3,2030,wind_onshore,0.11899145181585849
82,4,2030,wind_onshore,0.10625146894645514
82,5,2030,wind_onshore,0.09355101536887124
82,6,2030,wind_onshore,0.0827956804324021
82,7,2030,wind_onshore,0.07431786602789128
82,8,2030,wind_onshore,0.06336117498149882
82,9,2030,wind_onshore,0.0524417842668953
82,10,2030,wind_onshore,0.06107397793362675
82,11,2030,wind_onshore,0.06484370156006272
82,12,2030,wind_onshore,0.07350044454879258
82,13,2030,wind_onshore,0.07883885407416974
82,14,2030,wind_onshore,0.09058403440098901
82,15,2030,wind_onshore,0.1045049570366724
82,16,2030,wind_onshore,0.11393039465672816
82,17,2030,wind_onshore,0.12316940686671751
82,18,2030,wind_onshore,0.14470127538246158
82,19,2030,wind_onshore,0.15582012531479003
82,20,2030,wind_onshore,0.15419677060705209
82,21,2030,wind_onshore,0.15688945579908062
82,22,2030,wind_onshore,0.1499013898287405
82,23,2030,wind_onshore,0.11643158433127831
82,24,2030,wind_onshore,0.116210291633462
83,1,2030,demand,0.5487537623621812
83,2,2030,demand,0.5428034651922766
83,3,2030,demand,0.5322644280111639
83,4,2030,demand,0.5247638059692248
83,5,2030,demand,0.5393883571212413
83,6,2030,demand,0.5615327938674797
83,7,2030,demand,0.586401159961345
83,8,2030,demand,0.6244372527698312
83,9,2030,demand,0.6694294305811541
83,10,2030,demand,0.7116483273847165
83,11,2030,demand,0.7486511085501439
83,12,2030,demand,0.7651224981528788
83,13,2030,demand,0.7753206311011421
83,14,2030,demand,0.7716983258381366
83,15,2030,demand,0.77295539662598
83,16,2030,demand,0.7685962597525401
83,17,2030,demand,0.7717398547910913
83,18,2030,demand,0.7601800927122273
83,19,2030,demand,0.7284127619429563
83,20,2030,demand,0.7243268803061546
83,21,2030,demand,0.7116488371296273
83,22,2030,demand,0.6797367039882998
83,23,2030,demand,0.6307125979433815
83,24,2030,demand,0.6227768099872988
83,1,2030,hydro_inflow,0.29747627622635164
83,2,2030,hydro_inflow,0.2979648966876494
83,3,2030,hydro_inflow,0.2933739455588548
83,4,2030,hydro_inflow,0.2929090481313131
83,5,2030,hydro_inflow,0.2914977112251867
83,6,2030,hydro_inflow,0.29058087636341456
83,7,2030,hydro_inflow,0.29291616835275747
83,8,2030,hydro_inflow,0.2939117974043813
83,9,2030,hydro_inflow,0.29466697311318546
83,10,2030,hydro_inflow,0.30025785538651517
83,11,2030,hydro_inflow,0.298516830758351
83,12,2030,hydro_inflow,0.2970244704926211
83,13,2030,hydro_inflow,0.29772007586587884
83,14,2030,hydro_inflow,0.2943080357661404
83,15,2030,hydro_inflow,0.2988365548187714
83,16,2030,hydro_inflow,0.3022825417901256
83,17,2030,hydro_inflow,0.30742541279239377
83,18,2030,hydro_inflow,0.3101953601860572
83,19,2030,hydro_inflow,0.3110018159537372
83,20,2030,hydro_inflow,0.31397733905312714
83,21,2030,hydro_inflow,0.3122257976662134
83,22,2030,hydro_inflow,0.304571000363145
83,23,2030,hydro_inflow,0.30312510363499984
83,24,2030,hydro_inflow,0.3025256132361931
83,1,2030,solar,0.0
83,2,2030,solar,0.0
83,3,2030,solar,0.0
83,4,2030,solar,0.0
83,5,2030,solar,0.0
83,6,2030,solar,0.0
83,7,2030,solar,0.0076198105384979245
83,8,2030,solar,0.10924359233965811
83,9,2030,solar,0.2534476122418809
83,10,2030,solar,0.3817378389083689
83,11,2030,solar,0.45599405575532137
83,12,2030,solar,0.5038344891527187
83,13,2030,solar,0.5142461647178298
83,14,2030,solar,0.5113663564671435
83,15,2030,solar,0.4750371840877006
83,16,2030,solar,0.4065756980692835
83,17,2030,solar,0.31278986870802483
83,18,2030,solar,0.19158302747124056
83,19,2030,solar,0.06164665194075371
83,20,2030,solar,0.0010136904085869738
83,21,2030,solar,0.0
83,22,2030,solar,0.0
83,23,2030,solar,0.0
83,24,2030,solar,0.0
83,1,2030,wind_offshore,0.24235999377570663
83,2,2030,wind_offshore,0.2387836189946409
83,3,2030,wind_offshore,0.22187954679228455
83,4,2030,wind_offshore,0.19199926147018992
83,5,2030,wind_offshore,0.1533067866676152
83,6,2030,wind_offshore,0.12005657872716725
83,7,2030,wind_offshore,0.09566599446403233
83,8,2030,wind_offshore,0.0857376002096731
83,9,2030,wind_offshore,0.09089942608264312
83,10,2030,wind_offshore,0.11395178402394748
83,11,2030,wind_offshore,0.042578503029366596
83,12,2030,wind_offshore,0.031502333318667
83,13,2030,wind_offshore,0.04758089249012574
83,14,2030,wind_offshore,0.08599674382119939
83,15,2030,wind_offshore,0.1345780029685531
83,16,2030,wind_offshore,0.22858945920257967
83,17,2030,wind_offshore,0.3743962718127042
83,18,2030,wind_offshore,0.4586280387829004
83,19,2030,wind_offshore,0.46360984996619725
83,20,2030,wind_offshore,0.4524836045249987
83,21,2030,wind_offshore,0.45884554075982953
83,22,2030,wind_offshore,0.4698410336367522
83,23,2030,wind_offshore,0.2518111005219296
83,24,2030,wind_offshore,0.3115055990679657
83,1,2030,wind_onshore,0.10132748297808986
83,2,2030,wind_onshore,0.08148800145785619
83,3,2030,wind_onshore,0.06644975768255183
83,4,2030,wind_onshore,0.05527340267115675
83,5,2030,wind_onshore,0.04865189655205355
83,6,2030,wind_onshore,0.04420156910650751
83,7,2030,wind_onshore,0.040310084713213505
83,8,2030,wind_onshore,0.03284342320094335
83,9,2030,wind_onshore,0.030372861301053086
83,10,2030,wind_onshore,0.034277992650832916
83,11,2030,wind_onshore,0.03040853402372035
83,12,2030,wind_onshore,0.03869811862659359
83,13,2030,wind_onshore,0.058115558546153724
83,14,2030,wind_onshore,0.08180316323455787
83,15,2030,wind_onshore,0.11045150979094599
83,16,2030,wind_onshore,0.13188818297435675
83,17,2030,wind_onshore,0.14760038818148474
83,18,2030,wind_onshore,0.16385648728209135
83,19,2030,wind_onshore,0.18447737937128378
83,20,2030,wind_onshore,0.18721845196336717
83,21,2030,wind_onshore,0.19040472833897715
83,22,2030,wind_onshore,0.16716605760674086
83,23,2030,wind_onshore,0.12809875620783953
83,24,2030,wind_onshore,0.11242728618525559
84,1,2030,demand,0.5233138301380361
84,2,2030,demand,0.5111513539561392
84,3,2030,demand,0.5067878186136783
84,4,2030,demand,0.5077897854176167
84,5,2030,demand,0.516300809612666
84,6,2030,demand,0.5293009883623162
84,7,2030,demand,0.563604060110079
84,8,2030,demand,0.591958803593423
84,9,2030,demand,0.6208067978103087
84,10,2030,demand,0.6359333928836446
84,11,2030,demand,0.6569094804688397
84,12,2030,demand,0.6729425274540226
84,13,2030,demand,0.6719966765509525
84,14,2030,demand,0.661109319876246
84,15,2030,demand,0.6527130304689877
84,16,2030,demand,0.6564350140785632
84,17,2030,demand,0.6651788313676724
84,18,2030,demand,0.6456770908037291
84,19,2030,demand,0.6383237469067816
84,20,2030,demand,0.6303034532822321
84,21,2030,demand,0.6073701219999658
84,22,2030,demand,0.5750464878298863
84,23,2030,demand,0.5360456061239438
84,24,2030,demand,0.5335908542767079
84,1,2030,hydro_inflow,0.31748722443303784
84,2,2030,hydro_inflow,0.3106829857158005
84,3,2030,hydro_inflow,0.3124971331524683
84,4,2030,hydro_inflow,0.3110433586652807
84,5,2030,hydro_inflow,0.3127024929704488
84,6,2030,hydro_inflow,0.310795036360723
84,7,2030,hydro_inflow,0.30897518637756904
84,8,2030,hydro_inflow,0.3070006168003693
84,9,2030,hydro_inflow,0.30556546291716186
84,10,2030,hydro_inflow,0.3078074140202284
84,11,2030,hydro_inflow,0.30557024126874427
84,12,2030,hydro_inflow,0.30147597173427143
84,13,2030,hydro_inflow,0.30176800111571905
84,14,2030,hydro_inflow,0.3055499424835588
84,15,2030,hydro_inflow,0.30206985294655964
84,16,2030,hydro_inflow,0.3028952689379219
84,17,2030,hydro_inflow,0.30161438339109425
84,18,2030,hydro_inflow,0.29599218533002886
84,19,2030,hydro_inflow,0.29351343891763193
84,20,2030,hydro_inflow,0.29111029554972534
84,21,2030,hydro_inflow,0.29342895847038813
84,22,2030,hydro_inflow,0.29575125669691693
84,23,2030,hydro_inflow,0.29548697354158054
84,24,2030,hydro_inflow,0.29903915305642476
84,1,2030,solar,0.0
84,2,2030,solar,0.0
84,3,2030,solar,0.0
84,4,2030,solar,0.0
84,5,2030,solar,0.0
84,6,2030,solar,0.0006664761878731585
84,7,2030,solar,0.06158005751720684
84,8,2030,solar,0.27767382004497343
84,9,2030,solar,0.524885875856145
84,10,2030,solar,0.732047730714507
84,11,2030,solar,0.8502507528593195
84,12,2030,solar,0.9415315804724035
84,13,2030,solar,0.9284444537250547
84,14,2030,solar,0.8724282840863677
84,15,2030,solar,0.8285049407530413
84,16,2030,solar,0.7245442855853701
84,17,2030,solar,0.5608335865697818
84,18,2030,solar,0.3384240159699848
84,19,2030,solar,0.12473945613240277
84,20,2030,solar,0.003683276694603891
84,21,2030,solar,0.0
84,22,2030,solar,0.0
84,23,2030,solar,0.0
84,24,2030,solar,0.0
84,1,2030,wind_offshore,0.2633665751529334
84,2,2030,wind_offshore,0.26471288835854667
84,3,2030,wind_offshore,0.2690302233553419
84,4,2030,wind_offshore,0.3040903558810725
84,5,2030,wind_offshore,0.32052603968963217
84,6,2030,wind_offshore,0.3341298998833751
84,7,2030,wind_offshore,0.34969269884337834
84,8,2030,wind_offshore,0.37967493942961555
84,9,2030,wind_offshore,0.45598426180970686
84,10,2030,wind_offshore,0.5195458506946097
84,11,2030,wind_offshore,0.5002869227348886
84,12,2030,wind_offshore,0.5394208469461226
84,13,2030,wind_offshore,0.5988899905451776
84,14,2030,wind_offshore,0.6453050884295122
84,15,2030,wind_offshore,0.6621654736965468
84,16,2030,wind_offshore,0.7001398816519923
84,17,2030,wind_offshore,0.7970701131753369
84,18,2030,wind_offshore,0.9154939659159425
84,19,2030,wind_offshore,1.0387545387190003
84,20,2030,wind_offshore,1.0946391992779818
84,21,2030,wind_offshore,1.1402485175800856
84,22,2030,wind_offshore,1.1696729890831896
84,23,2030,wind_offshore,1.145937823307897
84,24,2030,wind_offshore,1.1420718511351566
84,1,2030,wind_onshore,0.35237170844604543
84,2,2030,wind_onshore,0.32160193337133175
84,3,2030,wind_onshore,0.29233141609564267
84,4,2030,wind_onshore,0.26508432279928484
84,5,2030,wind_onshore,0.23837851423714118
84,6,2030,wind_onshore,0.22459148152782893
84,7,2030,wind_onshore,0.20434181791843994
84,8,2030,wind_onshore,0.17552453873238869
84,9,2030,wind_onshore,0.1812028624212653
84,10,2030,wind_onshore,0.20926154632862082
84,11,2030,wind_onshore,0.2272228458307526
84,12,2030,wind_onshore,0.2425972053546941
84,13,2030,wind_onshore,0.2623723768408881
84,14,2030,wind_onshore,0.2939568807523791
84,15,2030,wind_onshore,0.3347990565349669
84,16,2030,wind_onshore,0.37077430691674146
84,17,2030,wind_onshore,0.4349592622304888
84,18,2030,wind_onshore,0.5012208849690939
84,19,2030,wind_onshore,0.5732327351850247
84,20,2030,wind_onshore,0.5944365798848861
84,21,2030,wind_onshore,0.6186227350911876
84,22,2030,wind_onshore,0.6090663121570612
84,23,2030,wind_onshore,0.5824857768043344
84,24,2030,wind_onshore,0.5483109374512625
85,1,2030,demand,0.47362229624645125
85,2,2030,demand,0.47320477214981727
85,3,2030,demand,0.46686494908527937
85,4,2030,demand,0.45983711407655203
85,5,2030,demand,0.45653636035511275
85,6,2030,demand,0.45691169731028847
85,7,2030,demand,0.4722940634294549
85,8,2030,demand,0.49603429895395695
85,9,2030,demand,0.5338366632268484
85,10,2030,demand,0.5444024182039514
85,11,2030,demand,0.552230243394056
85,12,2030,demand,0.5593919928364628
85,13,2030,demand,0.5476771143824025
85,14,2030,demand,0.542141159011916
85,15,2030,demand,0.5290231535311408
85,16,2030,demand,0.5278678597372223
85,17,2030,demand,0.5207205685933475
85,18,2030,demand,0.5247682775943235
85,19,2030,demand,0.5270412538113873
85,20,2030,demand,0.5334404997877624
85,21,2030,demand,0.5398382062782401
85,22,2030,demand,0.5193795056388865
85,23,2030,demand,0.48466482967498115
85,24,2030,demand,0.4800566634816932
85,1,2030,hydro_inflow,0.3139083987508148
85,2,2030,hydro_inflow,0.3096755225093461
85,3,2030,hydro_inflow,0.3062571115111036
85,4,2030,hydro_inflow,0.30771179539593585
85,5,2030,hydro_inflow,0.3060956028856602
85,6,2030,hydro_inflow,0.31174977018878475
85,7,2030,hydro_inflow,0.31083410119503946
85,8,2030,hydro_inflow,0.31101770451923916
85,9,2030,hydro_inflow,0.31130965343359057
85,10,2030,hydro_inflow,0.3129513390772705
85,11,2030,hydro_inflow,0.31086423897628307
85,12,2030,hydro_inflow,0.3076685848195574
85,13,2030,hydro_inflow,0.30343163974730736
85,14,2030,hydro_inflow,0.30683975847759093
85,15,2030,hydro_inflow,0.3040405993498277
85,16,2030,hydro_inflow,0.30273186969039595
85,17,2030,hydro_inflow,0.30756106605417105
85,18,2030,hydro_inflow,0.30438277535220326
85,19,2030,hydro_inflow,0.3047048689975096
85,20,2030,hydro_inflow,0.3099471329590943
85,21,2030,hydro_inflow,0.31085063312535033
85,22,2030,hydro_inflow,0.3116852264262829
85,23,2030,hydro_inflow,0.31282575621714087
85,24,2030,hydro_inflow,0.3082567341728895
85,1,2030,solar,0.0
85,2,2030,solar,0.0
85,3,2030,solar,0.0
85,4,2030,solar,0.0
85,5,2030,solar,0.0
85,6,2030,solar,0.0
85,7,2030,solar,0.00038049913099138963
85,8,2030,solar,0.12030744229954365
85,9,2030,solar,0.3486331305240482
85,10,2030,solar,0.5645287435552138
85,11,2030,solar,0.718834473121116
85,12,2030,solar,0.844536061651472
85,13,2030,solar,0.8672976418098101
85,14,2030,solar,0.8515405315859107
85,15,2030,solar,0.768460368628756
85,16,2030,solar,0.6309413118192835
85,17,2030,solar,0.42497645024561465
85,18,2030,solar,0.19463888251603953
85,19,2030,solar,0.016972617859572797
85,20,2030,solar,0.0
85,21,2030,solar,0.0
85,22,2030,solar,0.0
85,23,2030,solar,0.0
85,24,2030,solar,0.0
85,1,2030,wind_offshore,1.096261100914305
85,2,2030,wind_offshore,1.1238192120794332
85,3,2030,wind_offshore,1.1668976585553736
85,4,2030,wind_offshore,1.1740277653305438
85,5,2030,wind_offshore,1.179427048556303
85,6,2030,wind_offshore,1.1017853410522378
85,7,2030,wind_offshore,1.0694286854925972
85,8,2030,wind_offshore,0.9935813496333415
85,9,2030,wind_offshore,0.8850051729672639
85,10,2030,wind_offshore,0.7912248370589463
85,11,2030,wind_offshore,0.8554733924727154
85,12,2030,wind_offshore,0.8750242468537298
85,13,2030,wind_offshore,0.8364673754064761
85,14,2030,wind_offshore,0.7368416166638989
85,15,2030,wind_offshore,0.653550058568665
85,16,2030,wind_offshore,0.6181114683055304
85,17,2030,wind_offshore,0.5339187683123451
85,18,2030,wind_offshore,0.4657918703640219
85,19,2030,wind_offshore,0.43758547811279497
85,20,2030,wind_offshore,0.4319182912658112
85,21,2030,wind_offshore,0.3829596565653197
85,22,2030,wind_offshore,0.31448825861477975
85,23,2030,wind_offshore,0.374355119444946
85,24,2030,wind_offshore,0.393080250200574
85,1,2030,wind_onshore,0.2401704074160858
85,2,2030,wind_onshore,0.2389386511904384
85,3,2030,wind_onshore,0.22721267499565137
85,4,2030,wind_onshore,0.20876598279731706
85,5,2030,wind_onshore,0.19492399348480777
85,6,2030,wind_onshore,0.18717183627951683
85,7,2030,wind_onshore,0.1808432685414369
85,8,2030,wind_onshore,0.16384824095255493
85,9,2030,wind_onshore,0.13992717928541676
85,10,2030,wind_onshore,0.14474506382065624
85,11,2030,wind_onshore,0.19277725092872086
85,12,2030,wind_onshore,0.22762877459448788
85,13,2030,wind_onshore,0.27252634297641315
85,14,2030,wind_onshore,0.3185882778002998
85,15,2030,wind_onshore,0.352540303754506
85,16,2030,wind_onshore,0.39789051844652884
85,17,2030,wind_onshore,0.41646012474651234
85,18,2030,wind_onshore,0.4031075079140183
85,19,2030,wind_onshore,0.3265962818620409
85,20,2030,wind_onshore,0.2957645350038015
85,21,2030,wind_onshore,0.2771995083093422
85,22,2030,wind_onshore,0.253023912465374
85,23,2030,wind_onshore,0.2195707448808605
85,24,2030,wind_onshore,0.2096565812925511
86,1,2030,demand,0.5178768151156524
86,2,2030,demand,0.5099650251175214
86,3,2030,demand,0.5057842212115565
86,4,2030,demand,0.49874656045703764
86,5,2030,demand,0.521924734049368
86,6,2030,demand,0.5490544614878823
86,7,2030,demand,0.568597975421628
86,8,2030,demand,0.6006821176543
86,9,2030,demand,0.649212244516239
86,10,2030,demand,0.6899496388719917
86,11,2030,demand,0.7161666780298831
86,12,2030,demand,0.7354026058394251
86,13,2030,demand,0.7374459872322835
86,14,2030,demand,0.7221677788496871
86,15,2030,demand,0.7093422317091758
86,16,2030,demand,0.7071936023604183
86,17,2030,demand,0.7068778896155743
86,18,2030,demand,0.6957185516774318
86,19,2030,demand,0.6975174730778448
86,20,2030,demand,0.682681920121865
86,21,2030,demand,0.6698994662958523
86,22,2030,demand,0.6332784335508921
86,23,2030,demand,0.603927068657893
86,24,2030,demand,0.5849920164950643
86,1,2030,hydro_inflow,0.3148382698493761
86,2,2030,hydro_inflow,0.31543638935382423
86,3,2030,hydro_inflow,0.3136524715992339
86,4,2030,hydro_inflow,0.3152449246589772
86,5,2030,hydro_inflow,0.31141081222538575
86,6,2030,hydro_inflow,0.31266496343696226
86,7,2030,hydro_inflow,0.3135496439425983
86,8,2030,hydro_inflow,0.3126065865981374
86,9,2030,hydro_inflow,0.3127810047425681
86,10,2030,hydro_inflow,0.31640999224873334
86,11,2030,hydro_inflow,0.31446915915882484
86,12,2030,hydro_inflow,0.3176162658173845
86,13,2030,hydro_inflow,0.3204675024821181
86,14,2030,hydro_inflow,0.31944571665049487
86,15,2030,hydro_inflow,0.3203564784621944
86,16,2030,hydro_inflow,0.32457698705146404
86,17,2030,hydro_inflow,0.32459074619660144
86,18,2030,hydro_inflow,0.3198385715387214
86,19,2030,hydro_inflow,0.3212049614316975
86,20,2030,hydro_inflow,0.31491196312048897
86,21,2030,hydro_inflow,0.3163578294604884
86,22,2030,hydro_inflow,0.311329749594124
86,23,2030,hydro_inflow,0.3139804850354479
86,24,2030,hydro_inflow,0.31619701810862955
86,1,2030,solar,0.0
86,2,2030,solar,0.0
86,3,2030,solar,0.0
86,4,2030,solar,0.0
86,5,2030,solar,0.0
86,6,2030,solar,0.0
86,7,2030,solar,0.009204688130228414
86,8,2030,solar,0.16534093561618216
86,9,2030,solar,0.40152633460491266
86,10,2030,solar,0.6106378348663678
86,11,2030,solar,0.7470061603206334
86,12,2030,solar,0.8319751388464823
86,13,2030,solar,0.8406784880672014
86,14,2030,solar,0.7872103233127765
86,15,2030,solar,0.7260946081914577
86,16,2030,solar,0.615935140276173
86,17,2030,solar,0.4528240774338111
86,18,2030,solar,0.2580071333546915
86,19,2030,solar,0.07078610357189337
86,20,2030,solar,1.2930774333757941e-5
86,21,2030,solar,0.0
86,22,2030,solar,0.0
86,23,2030,solar,0.0
86,24,2030,solar,0.0
86,1,2030,wind_offshore,0.5777298719006194
86,2,2030,wind_offshore,0.5490676965709489
86,3,2030,wind_offshore,0.5051750828480845
86,4,2030,wind_offshore,0.43107662963641585
86,5,2030,wind_offshore,0.40901268551926834
86,6,2030,wind_offshore,0.43773060025073157
86,7,2030,wind_offshore,0.5252459411682145
86,8,2030,wind_offshore,0.6219914172854853
86,9,2030,wind_offshore,0.7016289019947112
86,10,2030,wind_offshore,0.7720527072164949
86,11,2030,wind_offshore,0.7952654901558052
86,12,2030,wind_offshore,0.71948089611714
86,13,2030,wind_offshore,0.7433702308934682
86,14,2030,wind_offshore,0.8281659385460998
86,15,2030,wind_offshore,0.9116870777026284
86,16,2030,wind_offshore,0.9663148450989014
86,17,2030,wind_offshore,1.0207164753966855
86,18,2030,wind_offshore,1.0569798749411063
86,19,2030,wind_offshore,1.0523996020303878
86,20,2030,wind_offshore,1.1051549709667752
86,21,2030,wind_offshore,1.119717227418965
86,22,2030,wind_offshore,1.1226884513932376
86,23,2030,wind_offshore,0.9700458466166748
86,24,2030,wind_offshore,0.9260644514780185
86,1,2030,wind_onshore,0.37056043082648044
86,2,2030,wind_onshore,0.3612268918083481
86,3,2030,wind_onshore,0.33856391036457584
86,4,2030,wind_onshore,0.32185209855724445
86,5,2030,wind_onshore,0.3001062763787772
86,6,2030,wind_onshore,0.3052167767170583
86,7,2030,wind_onshore,0.2926059635401635
86,8,2030,wind_onshore,0.2837338427008896
86,9,2030,wind_onshore,0.27869902466844415
86,10,2030,wind_onshore,0.27972529271165647
86,11,2030,wind_onshore,0.24177642136950156
86,12,2030,wind_onshore,0.22026989791431556
86,13,2030,wind_onshore,0.23796003320202044
86,14,2030,wind_onshore,0.27490664357230915
86,15,2030,wind_onshore,0.30496155958810134
86,16,2030,wind_onshore,0.3484003989377148
86,17,2030,wind_onshore,0.3639507483096681
86,18,2030,wind_onshore,0.38417563694555074
86,19,2030,wind_onshore,0.3748969812579299
86,20,2030,wind_onshore,0.33957848389488265
86,21,2030,wind_onshore,0.32668839931986365
86,22,2030,wind_onshore,0.32803987629644443
86,23,2030,wind_onshore,0.2548064902972077
86,24,2030,wind_onshore,0.2635866499323327
87,1,2030,demand,0.548381223939028
87,2,2030,demand,0.5273650293084671
87,3,2030,demand,0.5213320598827679
87,4,2030,demand,0.5082026915643141
87,5,2030,demand,0.5186006966817664
87,6,2030,demand,0.5328648979367152
87,7,2030,demand,0.5748146484341863
87,8,2030,demand,0.6200807024882028
87,9,2030,demand,0.661503139331109
87,10,2030,demand,0.6967132225137651
87,11,2030,demand,0.6939882212372915
87,12,2030,demand,0.6921211289942643
87,13,2030,demand,0.683940824455597
87,14,2030,demand,0.6726747266536613
87,15,2030,demand,0.6561130056449891
87,16,2030,demand,0.6417473717701953
87,17,2030,demand,0.6305834542731662
87,18,2030,demand,0.6578414132315449
87,19,2030,demand,0.6948232559790001
87,20,2030,demand,0.7333106756237817
87,21,2030,demand,0.7343470541045322
87,22,2030,demand,0.6996533313747959
87,23,2030,demand,0.6427884984675432
87,24,2030,demand,0.6112020719970509
87,1,2030,hydro_inflow,0.6456573468414679
87,2,2030,hydro_inflow,0.6286873608130769
87,3,2030,hydro_inflow,0.632015426742547
87,4,2030,hydro_inflow,0.6201972557466606
87,5,2030,hydro_inflow,0.62984582366427
87,6,2030,hydro_inflow,0.6310833507817154
87,7,2030,hydro_inflow,0.6226700410853923
87,8,2030,hydro_inflow,0.6277644422442863
87,9,2030,hydro_inflow,0.6296570171210927
87,10,2030,hydro_inflow,0.627763363426863
87,11,2030,hydro_inflow,0.6335573763324301
87,12,2030,hydro_inflow,0.635122973853578
87,13,2030,hydro_inflow,0.6403270307533029
87,14,2030,hydro_inflow,0.6388505411430894
87,15,2030,hydro_inflow,0.6458044272150769
87,16,2030,hydro_inflow,0.6442410744598113
87,17,2030,hydro_inflow,0.6380793286383143
87,18,2030,hydro_inflow,0.6353171279803411
87,19,2030,hydro_inflow,0.6332980747982235
87,20,2030,hydro_inflow,0.6399027614352107
87,21,2030,hydro_inflow,0.6378686512121364
87,22,2030,hydro_inflow,0.6363068359081169
87,23,2030,hydro_inflow,0.6315163626091419
87,24,2030,hydro_inflow,0.6236950372733213
87,1,2030,solar,0.0
87,2,2030,solar,0.0
87,3,2030,solar,0.0
87,4,2030,solar,0.0
87,5,2030,solar,0.0
87,6,2030,solar,0.0
87,7,2030,solar,0.0
87,8,2030,solar,0.0012134904912914678
87,9,2030,solar,0.11100120762867077
87,10,2030,solar,0.25657124511414275
87,11,2030,solar,0.36862909036872477
87,12,2030,solar,0.43704085481683985
87,13,2030,solar,0.4841590421350325
87,14,2030,solar,0.49089976286420556
87,15,2030,solar,0.4327179428504975
87,16,2030,solar,0.33368137217755783
87,17,2030,solar,0.21079420996982678
87,18,2030,solar,0.08323763332316751
87,19,2030,solar,7.885567097943919e-7
87,20,2030,solar,0.0
87,21,2030,solar,0.0
87,22,2030,solar,0.0
87,23,2030,solar,0.0
87,24,2030,solar,0.0
87,1,2030,wind_offshore,0.6827275162440998
87,2,2030,wind_offshore,0.6918614280894656
87,3,2030,wind_offshore,0.6982682418717263
87,4,2030,wind_offshore,0.6916078902019364
87,5,2030,wind_offshore,0.6818938445313306
87,6,2030,wind_offshore,0.6741594356717897
87,7,2030,wind_offshore,0.6840777840452335
87,8,2030,wind_offshore,0.6865820455737297
87,9,2030,wind_offshore,0.6914285919289511
87,10,2030,wind_offshore,0.6808348938293572
87,11,2030,wind_offshore,0.6800702864819368
87,12,2030,wind_offshore,0.673239564740135
87,13,2030,wind_offshore,0.6713670468151375
87,14,2030,wind_offshore,0.6691487675646747
87,15,2030,wind_offshore,0.66986113036128
87,16,2030,wind_offshore,0.6669718608917959
87,17,2030,wind_offshore,0.6708665735575237
87,18,2030,wind_offshore,0.6729156875067056
87,19,2030,wind_offshore,0.6656251743081474
87,20,2030,wind_offshore,0.6534158400665917
87,21,2030,wind_offshore,0.6658392374222278
87,22,2030,wind_offshore,0.6499966218443028
87,23,2030,wind_offshore,0.647256674604068
87,24,2030,wind_offshore,0.6460634684127312
87,1,2030,wind_onshore,0.5982069683926349
87,2,2030,wind_onshore,0.5802491900010874
87,3,2030,wind_onshore,0.5772466241585636
87,4,2030,wind_onshore,0.5645285612811524
87,5,2030,wind_onshore,0.5463582815474194
87,6,2030,wind_onshore,0.5467450706365221
87,7,2030,wind_onshore,0.5447213040466072
87,8,2030,wind_onshore,0.5388514924663161
87,9,2030,wind_onshore,0.518450197911267
87,10,2030,wind_onshore,0.5076177995664628
87,11,2030,wind_onshore,0.48858054133427603
87,12,2030,wind_onshore,0.47575122774117057
87,13,2030,wind_onshore,0.4882635695147896
87,14,2030,wind_onshore,0.49488922634019133
87,15,2030,wind_onshore,0.503490671879836
87,16,2030,wind_onshore,0.5079843175927325
87,17,2030,wind_onshore,0.5155957195878065
87,18,2030,wind_onshore,0.494345826547932
87,19,2030,wind_onshore,0.4721011890979313
87,20,2030,wind_onshore,0.453927325495011
87,21,2030,wind_onshore,0.4408643943997863
87,22,2030,wind_onshore,0.4229998329912721
87,23,2030,wind_onshore,0.39650306818364267
87,24,2030,wind_onshore,0.3839078696434016
88,1,2030,demand,0.5133348205684951
88,2,2030,demand,0.49472666221810646
88,3,2030,demand,0.47512429463210615
88,4,2030,demand,0.47053208644312383
88,5,2030,demand,0.4753097682819161
88,6,2030,demand,0.5027209635563442
88,7,2030,demand,0.5483458798280254
88,8,2030,demand,0.5954597426656034
88,9,2030,demand,0.6296670099405864
88,10,2030,demand,0.656914291189144
88,11,2030,demand,0.6621573681898935
88,12,2030,demand,0.6693023860793681
88,13,2030,demand,0.6691499982453569
88,14,2030,demand,0.6495783117471531
88,15,2030,demand,0.6422463291294732
88,16,2030,demand,0.6346317596871791
88,17,2030,demand,0.6234280988398317
88,18,2030,demand,0.6398391363774956
88,19,2030,demand,0.6705949274213968
88,20,2030,demand,0.6915685723610331
88,21,2030,demand,0.689793049418128
88,22,2030,demand,0.6363524602953167
88,23,2030,demand,0.5796774474160457
88,24,2030,demand,0.5583490988077774
88,1,2030,hydro_inflow,0.22890064160849408
88,2,2030,hydro_inflow,0.23572202522353275
88,3,2030,hydro_inflow,0.23708649024847728
88,4,2030,hydro_inflow,0.23712243494260513
88,5,2030,hydro_inflow,0.23918847744627014
88,6,2030,hydro_inflow,0.2394931694493111
88,7,2030,hydro_inflow,0.23879849131775918
88,8,2030,hydro_inflow,0.23311917666240273
88,9,2030,hydro_inflow,0.23077965776730203
88,10,2030,hydro_inflow,0.23139227957981334
88,11,2030,hydro_inflow,0.2313789982565631
88,12,2030,hydro_inflow,0.22973351355451394
88,13,2030,hydro_inflow,0.23033351252548867
88,14,2030,hydro_inflow,0.23246650494557464
88,15,2030,hydro_inflow,0.229512338651295
88,16,2030,hydro_inflow,0.2339370917057975
88,17,2030,hydro_inflow,0.23303746421982002
88,18,2030,hydro_inflow,0.2345494300234152
88,19,2030,hydro_inflow,0.23507137221075544
88,20,2030,hydro_inflow,0.23350923275375493
88,21,2030,hydro_inflow,0.2381513606566089
88,22,2030,hydro_inflow,0.23520747883248339
88,23,2030,hydro_inflow,0.23542137029297602
88,24,2030,hydro_inflow,0.2337513626732785
88,1,2030,solar,0.0
88,2,2030,solar,0.0
88,3,2030,solar,0.0
88,4,2030,solar,0.0
88,5,2030,solar,0.0
88,6,2030,solar,0.0
88,7,2030,solar,0.0
88,8,2030,solar,0.0
88,9,2030,solar,0.05067765787354057
88,10,2030,solar,0.18352997243375122
88,11,2030,solar,0.31488200025593405
88,12,2030,solar,0.4280472019724609
88,13,2030,solar,0.5004233792108747
88,14,2030,solar,0.5229163604282743
88,15,2030,solar,0.45859317774530484
88,16,2030,solar,0.3098317602010142
88,17,2030,solar,0.13208909334940236
88,18,2030,solar,0.0
88,19,2030,solar,0.0
88,20,2030,solar,0.0
88,21,2030,solar,0.0
88,22,2030,solar,0.0
88,23,2030,solar,0.0
88,24,2030,solar,0.0
88,1,2030,wind_offshore,1.2333800792878604
88,2,2030,wind_offshore,1.229372611707529
88,3,2030,wind_offshore,1.2321346855911492
88,4,2030,wind_offshore,1.2364449438372367
88,5,2030,wind_offshore,1.2336723891971182
88,6,2030,wind_offshore,1.2150075445840804
88,7,2030,wind_offshore,1.19978695674329
88,8,2030,wind_offshore,1.1917492112353405
88,9,2030,wind_offshore,1.2075799899750161
88,10,2030,wind_offshore,1.2008283679467813
88,11,2030,wind_offshore,1.2240545051850273
88,12,2030,wind_offshore,1.2381325851801037
88,13,2030,wind_offshore,1.222202595269562
88,14,2030,wind_offshore,1.2143565636167886
88,15,2030,wind_offshore,1.2020310912950876
88,16,2030,wind_offshore,1.2124045482482284
88,17,2030,wind_offshore,1.2412532286946971
88,18,2030,wind_offshore,1.2434111240239947
88,19,2030,wind_offshore,1.2307654972769897
88,20,2030,wind_offshore,1.2525998622113907
88,21,2030,wind_offshore,1.2445541885432025
88,22,2030,wind_offshore,1.247411096618512
88,23,2030,wind_offshore,1.2456362814654491
88,24,2030,wind_offshore,1.2403647918621499
88,1,2030,wind_onshore,0.3809923650031926
88,2,2030,wind_onshore,0.399643956976912
88,3,2030,wind_onshore,0.41956508298684764
88,4,2030,wind_onshore,0.43511175995448503
88,5,2030,wind_onshore,0.44508715137434496
88,6,2030,wind_onshore,0.43286603015986996
88,7,2030,wind_onshore,0.42412208742295743
88,8,2030,wind_onshore,0.41673695287384444
88,9,2030,wind_onshore,0.4086443896049114
88,10,2030,wind_onshore,0.40383773967980463
88,11,2030,wind_onshore,0.38224585984881315
88,12,2030,wind_onshore,0.3738015885756353
88,13,2030,wind_onshore,0.3743096931265618
88,14,2030,wind_onshore,0.37566579050904153
88,15,2030,wind_onshore,0.3598101057464563
88,16,2030,wind_onshore,0.3528623472186993
88,17,2030,wind_onshore,0.3606589073680373
88,18,2030,wind_onshore,0.3877970422357229
88,19,2030,wind_onshore,0.4207452436994711
88,20,2030,wind_onshore,0.4529318212377109
88,21,2030,wind_onshore,0.49833371001152005
88,22,2030,wind_onshore,0.5482913128521474
88,23,2030,wind_onshore,0.6120895708218477
88,24,2030,wind_onshore,0.6706706965419533
89,1,2030,demand,0.4827060925705631
89,2,2030,demand,0.48561232492070955
89,3,2030,demand,0.4854033351193082
89,4,2030,demand,0.4868416201530236
89,5,2030,demand,0.49797818137467886
89,6,2030,demand,0.5341826136627581
89,7,2030,demand,0.5699035390609705
89,8,2030,demand,0.6068338255471701
89,9,2030,demand,0.620618673096427
89,10,2030,demand,0.6434192140549976
89,11,2030,demand,0.6600523870468317
89,12,2030,demand,0.6586469046096788
89,13,2030,demand,0.6466166724915953
89,14,2030,demand,0.6283187968227213
89,15,2030,demand,0.6199536574314382
89,16,2030,demand,0.6175187850821948
89,17,2030,demand,0.6190796064383235
89,18,2030,demand,0.6256395433029726
89,19,2030,demand,0.6319153856118886
89,20,2030,demand,0.63545618554193
89,21,2030,demand,0.6246311498260199
89,22,2030,demand,0.5905327485369927
89,23,2030,demand,0.5425748184814545
89,24,2030,demand,0.5414927535739058
89,1,2030,hydro_inflow,0.27390067786002603
89,2,2030,hydro_inflow,0.2752989671264739
89,3,2030,hydro_inflow,0.27720653198290085
89,4,2030,hydro_inflow,0.27596179646098645
89,5,2030,hydro_inflow,0.2736311491774018
89,6,2030,hydro_inflow,0.27665833076123114
89,7,2030,hydro_inflow,0.2724323447062512
89,8,2030,hydro_inflow,0.27373627067667483
89,9,2030,hydro_inflow,0.273764569358025
89,10,2030,hydro_inflow,0.2720376235703443
89,11,2030,hydro_inflow,0.26882670459218044
89,12,2030,hydro_inflow,0.27251950677000675
89,13,2030,hydro_inflow,0.27635523797279676
89,14,2030,hydro_inflow,0.27491721280671116
89,15,2030,hydro_inflow,0.2785003112417182
89,16,2030,hydro_inflow,0.283321928820632
89,17,2030,hydro_inflow,0.286175540176519
89,18,2030,hydro_inflow,0.286159278892909
89,19,2030,hydro_inflow,0.28721973364403497
89,20,2030,hydro_inflow,0.2864298836231197
89,21,2030,hydro_inflow,0.282210779762942
89,22,2030,hydro_inflow,0.28098592112881
89,23,2030,hydro_inflow,0.281598046197
89,24,2030,hydro_inflow,0.27948233802367145
89,1,2030,solar,0.0
89,2,2030,solar,0.0
89,3,2030,solar,0.0
89,4,2030,solar,0.0
89,5,2030,solar,0.0
89,6,2030,solar,0.0
89,7,2030,solar,0.044914746957290225
89,8,2030,solar,0.23594444089086572
89,9,2030,solar,0.4766511343124259
89,10,2030,solar,0.6899631808812735
89,11,2030,solar,0.8433482587439425
89,12,2030,solar,0.9096784827182568
89,13,2030,solar,0.9072076338840293
89,14,2030,solar,0.8843122614031038
89,15,2030,solar,0.7885470343154818
89,16,2030,solar,0.659630877392002
89,17,2030,solar,0.4800049544574138
89,18,2030,solar,0.2691928167674268
89,19,2030,solar,0.09374259434828769
89,20,2030,solar,0.002547826791461238
89,21,2030,solar,0.0
89,22,2030,solar,0.0
89,23,2030,solar,0.0
89,24,2030,solar,0.0
89,1,2030,wind_offshore,0.31933969538450174
89,2,2030,wind_offshore,0.21196848663413492
89,3,2030,wind_offshore,0.08311756886302861
89,4,2030,wind_offshore,0.054367824344117535
89,5,2030,wind_offshore,0.11300605523312104
89,6,2030,wind_offshore,0.16395585719591882
89,7,2030,wind_offshore,0.21969146469636783
89,8,2030,wind_offshore,0.30043698520576245
89,9,2030,wind_offshore,0.40789641924964637
89,10,2030,wind_offshore,0.4932857643004124
89,11,2030,wind_offshore,0.9640302108112307
89,12,2030,wind_offshore,0.8995222442475796
89,13,2030,wind_offshore,0.876132092805119
89,14,2030,wind_offshore,0.9646877579190094
89,15,2030,wind_offshore,1.075459488355924
89,16,2030,wind_offshore,1.126938706861393
89,17,2030,wind_offshore,1.102910857447441
89,18,2030,wind_offshore,1.0428573978121334
89,19,2030,wind_offshore,1.031190640478349
89,20,2030,wind_offshore,1.033905242560567
89,21,2030,wind_offshore,1.0722489806105109
89,22,2030,wind_offshore,1.0852274280003016
89,23,2030,wind_offshore,1.1485198375532188
89,24,2030,wind_offshore,1.1628295247533225
89,1,2030,wind_onshore,0.18096691761095182
89,2,2030,wind_onshore,0.24885137576911026
89,3,2030,wind_onshore,0.32439041391029033
89,4,2030,wind_onshore,0.40136036261591934
89,5,2030,wind_onshore,0.45223566410246985
89,6,2030,wind_onshore,0.5037980378128755
89,7,2030,wind_onshore,0.5280545426434134
89,8,2030,wind_onshore,0.5262047206161133
89,9,2030,wind_onshore,0.5143988314289462
89,10,2030,wind_onshore,0.5303039417229835
89,11,2030,wind_onshore,0.5490193029411081
89,12,2030,wind_onshore,0.5657199972250662
89,13,2030,wind_onshore,0.6026757643144461
89,14,2030,wind_onshore,0.6471348997020114
89,15,2030,wind_onshore,0.6571317845505793
89,16,2030,wind_onshore,0.6523527463155375
89,17,2030,wind_onshore,0.6340619484981058
89,18,2030,wind_onshore,0.5671432587333529
89,19,2030,wind_onshore,0.4452183222473293
89,20,2030,wind_onshore,0.37766976180823825
89,21,2030,wind_onshore,0.3362515011418168
89,22,2030,wind_onshore,0.2939250011210404
89,23,2030,wind_onshore,0.3294696529809413
89,24,2030,wind_onshore,0.3493128152118683
90,1,2030,demand,0.5552330645614236
90,2,2030,demand,0.5407135183666394
90,3,2030,demand,0.5206146754026841
90,4,2030,demand,0.491851914433649
90,5,2030,demand,0.4827640440759464
90,6,2030,demand,0.4705747587070115
90,7,2030,demand,0.4783762313340117
90,8,2030,demand,0.5109645217953779
90,9,2030,demand,0.5710319070749574
90,10,2030,demand,0.6039330520039334
90,11,2030,demand,0.6167035833286589
90,12,2030,demand,0.6074470631231575
90,13,2030,demand,0.6062319689337702
90,14,2030,demand,0.5914546375708932
90,15,2030,demand,0.5669478420405235
90,16,2030,demand,0.5490777637644159
90,17,2030,demand,0.5473423591270508
90,18,2030,demand,0.5489163340286386
90,19,2030,demand,0.5657609887552898
90,20,2030,demand,0.6015617492490287
90,21,2030,demand,0.6112469037188115
90,22,2030,demand,0.6077076163227264
90,23,2030,demand,0.5601640572631104
90,24,2030,demand,0.5442087409614083
90,1,2030,hydro_inflow,0.5992678059891857
90,2,2030,hydro_inflow,0.6042143800332497
90,3,2030,hydro_inflow,0.601680379584874
90,4,2030,hydro_inflow,0.5922888314549655
90,5,2030,hydro_inflow,0.5992949536394246
90,6,2030,hydro_inflow,0.6043616174623492
90,7,2030,hydro_inflow,0.6031410636910778
90,8,2030,hydro_inflow,0.6002417043000938
90,9,2030,hydro_inflow,0.6027209153010011
90,10,2030,hydro_inflow,0.604123314376062
90,11,2030,hydro_inflow,0.5974227421210628
90,12,2030,hydro_inflow,0.5831330853991332
90,13,2030,hydro_inflow,0.5830948179155252
90,14,2030,hydro_inflow,0.5846190542536435
90,15,2030,hydro_inflow,0.5864471516715447
90,16,2030,hydro_inflow,0.591261288242681
90,17,2030,hydro_inflow,0.5846151678574364
90,18,2030,hydro_inflow,0.6011959900748189
90,19,2030,hydro_inflow,0.6035483322316241
90,20,2030,hydro_inflow,0.6097827103940319
90,21,2030,hydro_inflow,0.6013627666553774
90,22,2030,hydro_inflow,0.6058015600446375
90,23,2030,hydro_inflow,0.6071272658050193
90,24,2030,hydro_inflow,0.6009361820574176
90,1,2030,solar,0.0
90,2,2030,solar,0.0
90,3,2030,solar,0.0
90,4,2030,solar,0.0
90,5,2030,solar,0.0
90,6,2030,solar,0.0
90,7,2030,solar,0.0
90,8,2030,solar,0.015017878280396472
90,9,2030,solar,0.17976938186851618
90,10,2030,solar,0.353955446503233
90,11,2030,solar,0.4533488697840091
90,12,2030,solar,0.48567723411034935
90,13,2030,solar,0.4794558667743079
90,14,2030,solar,0.492249564752522
90,15,2030,solar,0.47337099403997124
90,16,2030,solar,0.4082629146937999
90,17,2030,solar,0.301502583420152
90,18,2030,solar,0.1418821006664683
90,19,2030,solar,0.0003969703035690704
90,20,2030,solar,0.0
90,21,2030,solar,0.0
90,22,2030,solar,0.0
90,23,2030,solar,0.0
90,24,2030,solar,0.0
90,1,2030,wind_offshore,1.2729173001578804
90,2,2030,wind_offshore,1.27279770614385
90,3,2030,wind_offshore,1.2645286947913843
90,4,2030,wind_offshore,1.2758325341524464
90,5,2030,wind_offshore,1.2680809066522594
90,6,2030,wind_offshore,1.2542841219945695
90,7,2030,wind_offshore,1.2412681760470599
90,8,2030,wind_offshore,1.2337222908291245
90,9,2030,wind_offshore,1.2281354797728155
90,10,2030,wind_offshore,1.2227305538355664
90,11,2030,wind_offshore,1.2407529720783224
90,12,2030,wind_offshore,1.2374926464442264
90,13,2030,wind_offshore,1.2316090159994413
90,14,2030,wind_offshore,1.230112875801299
90,15,2030,wind_offshore,1.230546390837268
90,16,2030,wind_offshore,1.2428477579133166
90,17,2030,wind_offshore,1.2352359925027525
90,18,2030,wind_offshore,1.2463817906083823
90,19,2030,wind_offshore,1.2503735823367108
90,20,2030,wind_offshore,1.2430115879024346
90,21,2030,wind_offshore,1.2309154045561552
90,22,2030,wind_offshore,1.232430147536502
90,23,2030,wind_offshore,1.22326476077683
90,24,2030,wind_offshore,1.1896605188233516
90,1,2030,wind_onshore,0.8010106865319278
90,2,2030,wind_onshore,0.8116343793932821
90,3,2030,wind_onshore,0.8283147055972844
90,4,2030,wind_onshore,0.8228125833039133
90,5,2030,wind_onshore,0.8438333785219078
90,6,2030,wind_onshore,0.8454221895711297
90,7,2030,wind_onshore,0.8600589452330024
90,8,2030,wind_onshore,0.8819095134357053
90,9,2030,wind_onshore,0.8677410993437883
90,10,2030,wind_onshore,0.8662975200685364
90,11,2030,wind_onshore,0.890304314088953
90,12,2030,wind_onshore,0.9394167630391335
90,13,2030,wind_onshore,0.9654615788678796
90,14,2030,wind_onshore,0.9971945561469453
90,15,2030,wind_onshore,1.029891626577548
90,16,2030,wind_onshore,1.054471243038567
90,17,2030,wind_onshore,1.0673285748087955
90,18,2030,wind_onshore,1.0404428416159883
90,19,2030,wind_onshore,1.0390857587139029
90,20,2030,wind_onshore,0.9971705914707707
90,21,2030,wind_onshore,0.9304677891899835
90,22,2030,wind_onshore,0.8835321202541763
90,23,2030,wind_onshore,0.8675820604603085
90,24,2030,wind_onshore,0.8337945251814494
