id,asset,year,rep_period,time_block_start,time_block_end,dual_balance_consumer
1,e_demand,2030,1,1,1,0.027470563236985487
2,e_demand,2030,1,2,2,0.027470563236985487
3,e_demand,2030,1,3,3,0.027470563236985487
4,e_demand,2030,1,4,4,0.027470563236985487
5,e_demand,2030,1,5,5,0.027470563236985487
6,e_demand,2030,1,6,6,0.027470563236985487
7,e_demand,2030,1,7,7,0.027470563236985487
8,e_demand,2030,1,8,8,0.038458788531779683
9,e_demand,2030,1,9,9,0.038458788531779683
10,e_demand,2030,1,10,10,0.038458788531779683
11,e_demand,2030,1,11,11,0.027470563236985487
12,e_demand,2030,1,12,12,0.027470563236985487
13,e_demand,2030,1,13,13,0.027470563236985487
14,e_demand,2030,1,14,14,0.027470563236985487
15,e_demand,2030,1,15,15,0.027470563236985487
16,e_demand,2030,1,16,16,0.027470563236985487
17,e_demand,2030,1,17,17,0.027470563236985487
18,e_demand,2030,1,18,18,0.038458788531779683
19,e_demand,2030,1,19,19,0.038458788531779683
20,e_demand,2030,1,20,20,0.038458788531779683
21,e_demand,2030,1,21,21,0.038458788531779683
22,e_demand,2030,1,22,22,0.038458788531779683
23,e_demand,2030,1,23,23,0.027470563236985487
24,e_demand,2030,1,24,24,0.027470563236985487
25,e_demand,2030,2,1,1,0.025
26,e_demand,2030,2,2,2,0.025
27,e_demand,2030,2,3,3,0.025
28,e_demand,2030,2,4,4,0.025
29,e_demand,2030,2,5,5,0.025
30,e_demand,2030,2,6,6,0.025
31,e_demand,2030,2,7,7,0.025
32,e_demand,2030,2,8,8,0.025
33,e_demand,2030,2,9,9,0.025
34,e_demand,2030,2,10,10,0.025
35,e_demand,2030,2,11,11,0.025
36,e_demand,2030,2,12,12,0.025
37,e_demand,2030,2,13,13,0.025
38,e_demand,2030,2,14,14,0.025
39,e_demand,2030,2,15,15,0.025
40,e_demand,2030,2,16,16,0.025
41,e_demand,2030,2,17,17,0.025
42,e_demand,2030,2,18,18,0.025
43,e_demand,2030,2,19,19,0.025
44,e_demand,2030,2,20,20,0.025
45,e_demand,2030,2,21,21,0.025
46,e_demand,2030,2,22,22,0.025
47,e_demand,2030,2,23,23,0.025
48,e_demand,2030,2,24,24,0.025
49,e_demand,2030,3,1,1,0.025
50,e_demand,2030,3,2,2,0.025
51,e_demand,2030,3,3,3,0.025
52,e_demand,2030,3,4,4,0.025
53,e_demand,2030,3,5,5,0.025
54,e_demand,2030,3,6,6,0.025
55,e_demand,2030,3,7,7,0.025
56,e_demand,2030,3,8,8,0.025
57,e_demand,2030,3,9,9,0.025
58,e_demand,2030,3,10,10,0.025
59,e_demand,2030,3,11,11,0.025
60,e_demand,2030,3,12,12,0.025
61,e_demand,2030,3,13,13,0.025
62,e_demand,2030,3,14,14,0.025
63,e_demand,2030,3,15,15,0.025
64,e_demand,2030,3,16,16,0.025
65,e_demand,2030,3,17,17,0.025
66,e_demand,2030,3,18,18,0.025
67,e_demand,2030,3,19,19,0.035
68,e_demand,2030,3,20,20,0.035
69,e_demand,2030,3,21,21,0.035
70,e_demand,2030,3,22,22,0.035
71,e_demand,2030,3,23,23,0.025
72,e_demand,2030,3,24,24,0.025
73,e_demand,2030,4,1,1,0.04197455097963748
74,e_demand,2030,4,2,2,0.029981822128312487
75,e_demand,2030,4,3,3,0.029981822128312487
76,e_demand,2030,4,4,4,0.029981822128312487
77,e_demand,2030,4,5,5,0.029981822128312487
78,e_demand,2030,4,6,6,0.029981822128312487
79,e_demand,2030,4,7,7,0.029981822128312487
80,e_demand,2030,4,8,8,0.029981822128312487
81,e_demand,2030,4,9,9,0.029981822128312487
82,e_demand,2030,4,10,10,0.029981822128312487
83,e_demand,2030,4,11,11,0.029981822128312487
84,e_demand,2030,4,12,12,0.029981822128312487
85,e_demand,2030,4,13,13,0.029981822128312487
86,e_demand,2030,4,14,14,0.029981822128312487
87,e_demand,2030,4,15,15,0.029981822128312487
88,e_demand,2030,4,16,16,0.029981822128312487
89,e_demand,2030,4,17,17,0.04197455097963748
90,e_demand,2030,4,18,18,11.992728851324994
91,e_demand,2030,4,19,19,11.992728851324994
92,e_demand,2030,4,20,20,11.992728851324994
93,e_demand,2030,4,21,21,11.992728851324994
94,e_demand,2030,4,22,22,11.992728851324994
95,e_demand,2030,4,23,23,0.04197455097963748
96,e_demand,2030,4,24,24,0.04197455097963748
97,e_demand,2030,5,1,1,0.025
98,e_demand,2030,5,2,2,0.025
99,e_demand,2030,5,3,3,0.025
100,e_demand,2030,5,4,4,0.025
101,e_demand,2030,5,5,5,0.025
102,e_demand,2030,5,6,6,0.025
103,e_demand,2030,5,7,7,0.025
104,e_demand,2030,5,8,8,0.025
105,e_demand,2030,5,9,9,0.025
106,e_demand,2030,5,10,10,0.025
107,e_demand,2030,5,11,11,0.025
108,e_demand,2030,5,12,12,0.025
109,e_demand,2030,5,13,13,0.025
110,e_demand,2030,5,14,14,0.025
111,e_demand,2030,5,15,15,0.025
112,e_demand,2030,5,16,16,0.025
113,e_demand,2030,5,17,17,0.025
114,e_demand,2030,5,18,18,0.025
115,e_demand,2030,5,19,19,0.025
116,e_demand,2030,5,20,20,0.035
117,e_demand,2030,5,21,21,0.035
118,e_demand,2030,5,22,22,0.025
119,e_demand,2030,5,23,23,0.025
120,e_demand,2030,5,24,24,0.025
121,e_demand,2030,6,1,1,0.025
122,e_demand,2030,6,2,2,0.025
123,e_demand,2030,6,3,3,0.025
124,e_demand,2030,6,4,4,0.025
125,e_demand,2030,6,5,5,0.025
126,e_demand,2030,6,6,6,0.025
127,e_demand,2030,6,7,7,0.025
128,e_demand,2030,6,8,8,0.025
129,e_demand,2030,6,9,9,0.025
130,e_demand,2030,6,10,10,0.025
131,e_demand,2030,6,11,11,0.025
132,e_demand,2030,6,12,12,0.025
133,e_demand,2030,6,13,13,0.025
134,e_demand,2030,6,14,14,0.025
135,e_demand,2030,6,15,15,0.025
136,e_demand,2030,6,16,16,0.025
137,e_demand,2030,6,17,17,0.025
138,e_demand,2030,6,18,18,0.025
139,e_demand,2030,6,19,19,0.025
140,e_demand,2030,6,20,20,0.025
141,e_demand,2030,6,21,21,0.025
142,e_demand,2030,6,22,22,0.025
143,e_demand,2030,6,23,23,0.025
144,e_demand,2030,6,24,24,0.025
145,e_demand,2030,7,1,1,0.025830957581170377
146,e_demand,2030,7,2,2,0.025830957581170377
147,e_demand,2030,7,3,3,0.025830957581170377
148,e_demand,2030,7,4,4,0.025830957581170377
149,e_demand,2030,7,5,5,0.025830957581170377
150,e_demand,2030,7,6,6,0.025830957581170377
151,e_demand,2030,7,7,7,0.025830957581170377
152,e_demand,2030,7,8,8,0.025830957581170377
153,e_demand,2030,7,9,9,0.025830957581170377
154,e_demand,2030,7,10,10,0.025830957581170377
155,e_demand,2030,7,11,11,0.025830957581170377
156,e_demand,2030,7,12,12,0.025830957581170377
157,e_demand,2030,7,13,13,0.025830957581170377
158,e_demand,2030,7,14,14,0.025830957581170377
159,e_demand,2030,7,15,15,0.025830957581170377
160,e_demand,2030,7,16,16,0.025830957581170377
161,e_demand,2030,7,17,17,0.025830957581170377
162,e_demand,2030,7,18,18,0.025830957581170377
163,e_demand,2030,7,19,19,0.03616334061363853
164,e_demand,2030,7,20,20,0.03616334061363853
165,e_demand,2030,7,21,21,0.03616334061363853
166,e_demand,2030,7,22,22,0.03616334061363853
167,e_demand,2030,7,23,23,0.025830957581170377
168,e_demand,2030,7,24,24,0.025830957581170377
169,e_demand,2030,8,1,1,0.025
170,e_demand,2030,8,2,2,0.025
171,e_demand,2030,8,3,3,0.025
172,e_demand,2030,8,4,4,0.025
173,e_demand,2030,8,5,5,0.025
174,e_demand,2030,8,6,6,0.025
175,e_demand,2030,8,7,7,0.025
176,e_demand,2030,8,8,8,0.025
177,e_demand,2030,8,9,9,0.025
178,e_demand,2030,8,10,10,0.025
179,e_demand,2030,8,11,11,0.025
180,e_demand,2030,8,12,12,0.025
181,e_demand,2030,8,13,13,0.025
182,e_demand,2030,8,14,14,0.025
183,e_demand,2030,8,15,15,0.025
184,e_demand,2030,8,16,16,0.025
185,e_demand,2030,8,17,17,0.025
186,e_demand,2030,8,18,18,0.025
187,e_demand,2030,8,19,19,0.025
188,e_demand,2030,8,20,20,0.035
189,e_demand,2030,8,21,21,0.035
190,e_demand,2030,8,22,22,0.025
191,e_demand,2030,8,23,23,0.025
192,e_demand,2030,8,24,24,0.025
193,e_demand,2030,9,1,1,0.04999613202420122
194,e_demand,2030,9,2,2,0.04999613202420122
195,e_demand,2030,9,3,3,0.04999613202420122
196,e_demand,2030,9,4,4,0.04999613202420122
197,e_demand,2030,9,5,5,0.04999613202420122
198,e_demand,2030,9,6,6,0.04999613202420122
199,e_demand,2030,9,7,7,0.04999613202420122
200,e_demand,2030,9,8,8,0.04999613202420122
201,e_demand,2030,9,9,9,0.04999613202420122
202,e_demand,2030,9,10,10,0.04999613202420122
203,e_demand,2030,9,11,11,0.04999613202420122
204,e_demand,2030,9,12,12,0.04999613202420122
205,e_demand,2030,9,13,13,0.04999613202420122
206,e_demand,2030,9,14,14,0.04999613202420122
207,e_demand,2030,9,15,15,0.04999613202420122
208,e_demand,2030,9,16,16,0.04999613202420122
209,e_demand,2030,9,17,17,0.04999613202420122
210,e_demand,2030,9,18,18,0.06999458483388171
211,e_demand,2030,9,19,19,0.06999458483388171
212,e_demand,2030,9,20,20,0.06999458483388171
213,e_demand,2030,9,21,21,0.06999458483388171
214,e_demand,2030,9,22,22,0.06999458483388171
215,e_demand,2030,9,23,23,0.06999458483388171
216,e_demand,2030,9,24,24,0.04999613202420122
217,e_demand,2030,10,1,1,0.040606332023067564
218,e_demand,2030,10,2,2,0.040606332023067564
219,e_demand,2030,10,3,3,0.040606332023067564
220,e_demand,2030,10,4,4,0.040606332023067564
221,e_demand,2030,10,5,5,0.040606332023067564
222,e_demand,2030,10,6,6,0.040606332023067564
223,e_demand,2030,10,7,7,0.040606332023067564
224,e_demand,2030,10,8,8,0.040606332023067564
225,e_demand,2030,10,9,9,0.040606332023067564
226,e_demand,2030,10,10,10,0.040606332023067564
227,e_demand,2030,10,11,11,0.040606332023067564
228,e_demand,2030,10,12,12,0.040606332023067564
229,e_demand,2030,10,13,13,0.040606332023067564
230,e_demand,2030,10,14,14,0.040606332023067564
231,e_demand,2030,10,15,15,0.040606332023067564
232,e_demand,2030,10,16,16,0.040606332023067564
233,e_demand,2030,10,17,17,0.040606332023067564
234,e_demand,2030,10,18,18,0.040606332023067564
235,e_demand,2030,10,19,19,0.040606332023067564
236,e_demand,2030,10,20,20,0.040606332023067564
237,e_demand,2030,10,21,21,0.040606332023067564
238,e_demand,2030,10,22,22,0.040606332023067564
239,e_demand,2030,10,23,23,0.040606332023067564
240,e_demand,2030,10,24,24,0.040606332023067564
241,e_demand,2030,11,1,1,0.025
242,e_demand,2030,11,2,2,0.025
243,e_demand,2030,11,3,3,0.025
244,e_demand,2030,11,4,4,0.025
245,e_demand,2030,11,5,5,0.025
246,e_demand,2030,11,6,6,0.025
247,e_demand,2030,11,7,7,0.025
248,e_demand,2030,11,8,8,0.025
249,e_demand,2030,11,9,9,0.025
250,e_demand,2030,11,10,10,0.025
251,e_demand,2030,11,11,11,0.025
252,e_demand,2030,11,12,12,0.025
253,e_demand,2030,11,13,13,0.025
254,e_demand,2030,11,14,14,0.025
255,e_demand,2030,11,15,15,0.025
256,e_demand,2030,11,16,16,0.025
257,e_demand,2030,11,17,17,0.025
258,e_demand,2030,11,18,18,0.025
259,e_demand,2030,11,19,19,0.025
260,e_demand,2030,11,20,20,0.035
261,e_demand,2030,11,21,21,0.035
262,e_demand,2030,11,22,22,0.025
263,e_demand,2030,11,23,23,0.025
264,e_demand,2030,11,24,24,0.025
265,e_demand,2030,12,1,1,0.03037536480860538
266,e_demand,2030,12,2,2,0.03037536480860538
267,e_demand,2030,12,3,3,0.03037536480860538
268,e_demand,2030,12,4,4,0.03037536480860538
269,e_demand,2030,12,5,5,0.03037536480860538
270,e_demand,2030,12,6,6,0.03037536480860538
271,e_demand,2030,12,7,7,0.03037536480860538
272,e_demand,2030,12,8,8,0.03037536480860538
273,e_demand,2030,12,9,9,0.03037536480860538
274,e_demand,2030,12,10,10,0.03037536480860538
275,e_demand,2030,12,11,11,0.03037536480860538
276,e_demand,2030,12,12,12,0.03037536480860538
277,e_demand,2030,12,13,13,0.03037536480860538
278,e_demand,2030,12,14,14,0.03037536480860538
279,e_demand,2030,12,15,15,0.03037536480860538
280,e_demand,2030,12,16,16,0.03037536480860538
281,e_demand,2030,12,17,17,0.03037536480860538
282,e_demand,2030,12,18,18,0.03037536480860538
283,e_demand,2030,12,19,19,0.04252551073204753
284,e_demand,2030,12,20,20,0.04252551073204753
285,e_demand,2030,12,21,21,0.04252551073204753
286,e_demand,2030,12,22,22,0.04252551073204753
287,e_demand,2030,12,23,23,0.03037536480860538
288,e_demand,2030,12,24,24,0.03037536480860538
289,e_demand,2030,13,1,1,0.025
290,e_demand,2030,13,2,2,0.025
291,e_demand,2030,13,3,3,0.025
292,e_demand,2030,13,4,4,0.025
293,e_demand,2030,13,5,5,0.025
294,e_demand,2030,13,6,6,0.025
295,e_demand,2030,13,7,7,0.025
296,e_demand,2030,13,8,8,0.025
297,e_demand,2030,13,9,9,0.025
298,e_demand,2030,13,10,10,0.025
299,e_demand,2030,13,11,11,0.025
300,e_demand,2030,13,12,12,0.025
301,e_demand,2030,13,13,13,0.025
302,e_demand,2030,13,14,14,0.025
303,e_demand,2030,13,15,15,0.025
304,e_demand,2030,13,16,16,0.025
305,e_demand,2030,13,17,17,0.025
306,e_demand,2030,13,18,18,0.025
307,e_demand,2030,13,19,19,0.025
308,e_demand,2030,13,20,20,0.035
309,e_demand,2030,13,21,21,0.035
310,e_demand,2030,13,22,22,0.025
311,e_demand,2030,13,23,23,0.025
312,e_demand,2030,13,24,24,0.025
313,e_demand,2030,14,1,1,0.07295581677550127
314,e_demand,2030,14,2,2,0.07295581677550127
315,e_demand,2030,14,3,3,0.07295581677550127
316,e_demand,2030,14,4,4,0.07295581677550127
317,e_demand,2030,14,5,5,0.07295581677550127
318,e_demand,2030,14,6,6,0.07295581677550127
319,e_demand,2030,14,7,7,0.07295581677550127
320,e_demand,2030,14,8,8,0.07295581677550127
321,e_demand,2030,14,9,9,0.07295581677550127
322,e_demand,2030,14,10,10,0.07295581677550127
323,e_demand,2030,14,11,11,0.07295581677550127
324,e_demand,2030,14,12,12,0.07295581677550127
325,e_demand,2030,14,13,13,0.07295581677550127
326,e_demand,2030,14,14,14,0.07295581677550127
327,e_demand,2030,14,15,15,0.07295581677550127
328,e_demand,2030,14,16,16,0.07295581677550127
329,e_demand,2030,14,17,17,0.07295581677550127
330,e_demand,2030,14,18,18,0.07295581677550127
331,e_demand,2030,14,19,19,0.07295581677550127
332,e_demand,2030,14,20,20,0.07295581677550127
333,e_demand,2030,14,21,21,0.07295581677550127
334,e_demand,2030,14,22,22,0.07295581677550127
335,e_demand,2030,14,23,23,0.07295581677550127
336,e_demand,2030,14,24,24,0.07295581677550127
337,e_demand,2030,15,1,1,0.04876402846307714
338,e_demand,2030,15,2,2,0.04876402846307714
339,e_demand,2030,15,3,3,0.04876402846307714
340,e_demand,2030,15,4,4,0.04876402846307714
341,e_demand,2030,15,5,5,0.04876402846307714
342,e_demand,2030,15,6,6,0.04876402846307714
343,e_demand,2030,15,7,7,0.04876402846307714
344,e_demand,2030,15,8,8,0.04876402846307714
345,e_demand,2030,15,9,9,0.04876402846307714
346,e_demand,2030,15,10,10,0.04876402846307714
347,e_demand,2030,15,11,11,0.04876402846307714
348,e_demand,2030,15,12,12,0.04876402846307714
349,e_demand,2030,15,13,13,0.04876402846307714
350,e_demand,2030,15,14,14,0.04876402846307714
351,e_demand,2030,15,15,15,0.04876402846307714
352,e_demand,2030,15,16,16,0.04876402846307714
353,e_demand,2030,15,17,17,0.04876402846307714
354,e_demand,2030,15,18,18,0.04876402846307714
355,e_demand,2030,15,19,19,0.04876402846307714
356,e_demand,2030,15,20,20,0.04876402846307714
357,e_demand,2030,15,21,21,0.04876402846307714
358,e_demand,2030,15,22,22,0.04876402846307714
359,e_demand,2030,15,23,23,0.04876402846307714
360,e_demand,2030,15,24,24,0.04876402846307714
361,e_demand,2030,16,1,1,0.07523155018614924
362,e_demand,2030,16,2,2,0.07523155018614924
363,e_demand,2030,16,3,3,0.07523155018614924
364,e_demand,2030,16,4,4,0.07523155018614924
365,e_demand,2030,16,5,5,0.07523155018614924
366,e_demand,2030,16,6,6,0.07523155018614924
367,e_demand,2030,16,7,7,0.07523155018614924
368,e_demand,2030,16,8,8,0.07523155018614924
369,e_demand,2030,16,9,9,0.07523155018614924
370,e_demand,2030,16,10,10,0.07523155018614924
371,e_demand,2030,16,11,11,0.07523155018614924
372,e_demand,2030,16,12,12,0.07523155018614924
373,e_demand,2030,16,13,13,0.07523155018614924
374,e_demand,2030,16,14,14,0.07523155018614924
375,e_demand,2030,16,15,15,0.07523155018614924
376,e_demand,2030,16,16,16,0.07523155018614924
377,e_demand,2030,16,17,17,0.07523155018614924
378,e_demand,2030,16,18,18,0.07523155018614924
379,e_demand,2030,16,19,19,0.07523155018614924
380,e_demand,2030,16,20,20,0.07523155018614924
381,e_demand,2030,16,21,21,0.07523155018614924
382,e_demand,2030,16,22,22,0.07523155018614924
383,e_demand,2030,16,23,23,0.07523155018614924
384,e_demand,2030,16,24,24,0.07523155018614924
385,e_demand,2030,17,1,1,0.13125799083265707
386,e_demand,2030,17,2,2,0.13125799083265707
387,e_demand,2030,17,3,3,0.13125799083265707
388,e_demand,2030,17,4,4,0.13125799083265707
389,e_demand,2030,17,5,5,0.13125799083265707
390,e_demand,2030,17,6,6,0.13125799083265707
391,e_demand,2030,17,7,7,0.13125799083265707
392,e_demand,2030,17,8,8,0.13125799083265707
393,e_demand,2030,17,9,9,0.13125799083265707
394,e_demand,2030,17,10,10,0.13125799083265707
395,e_demand,2030,17,11,11,0.13125799083265707
396,e_demand,2030,17,12,12,0.13125799083265707
397,e_demand,2030,17,13,13,0.13125799083265707
398,e_demand,2030,17,14,14,0.13125799083265707
399,e_demand,2030,17,15,15,0.13125799083265707
400,e_demand,2030,17,16,16,0.13125799083265707
401,e_demand,2030,17,17,17,0.13125799083265707
402,e_demand,2030,17,18,18,0.13125799083265707
403,e_demand,2030,17,19,19,0.18376118716571993
404,e_demand,2030,17,20,20,0.18376118716571993
405,e_demand,2030,17,21,21,0.18376118716571993
406,e_demand,2030,17,22,22,0.13125799083265707
407,e_demand,2030,17,23,23,0.13125799083265707
408,e_demand,2030,17,24,24,0.13125799083265707
409,e_demand,2030,18,1,1,0.025503150303080886
410,e_demand,2030,18,2,2,0.025503150303080886
411,e_demand,2030,18,3,3,0.025503150303080886
412,e_demand,2030,18,4,4,0.025503150303080886
413,e_demand,2030,18,5,5,0.025503150303080886
414,e_demand,2030,18,6,6,0.025503150303080886
415,e_demand,2030,18,7,7,0.025503150303080886
416,e_demand,2030,18,8,8,0.025503150303080886
417,e_demand,2030,18,9,9,0.025503150303080886
418,e_demand,2030,18,10,10,0.025503150303080886
419,e_demand,2030,18,11,11,0.025503150303080886
420,e_demand,2030,18,12,12,0.025503150303080886
421,e_demand,2030,18,13,13,0.025503150303080886
422,e_demand,2030,18,14,14,0.025503150303080886
423,e_demand,2030,18,15,15,0.025503150303080886
424,e_demand,2030,18,16,16,0.025503150303080886
425,e_demand,2030,18,17,17,0.025503150303080886
426,e_demand,2030,18,18,18,0.025503150303080886
427,e_demand,2030,18,19,19,0.03570441042431324
428,e_demand,2030,18,20,20,0.03570441042431324
429,e_demand,2030,18,21,21,0.03570441042431324
430,e_demand,2030,18,22,22,0.03570441042431324
431,e_demand,2030,18,23,23,0.025503150303080886
432,e_demand,2030,18,24,24,0.025503150303080886
433,e_demand,2030,19,1,1,0.025281924335154655
434,e_demand,2030,19,2,2,0.025281924335154655
435,e_demand,2030,19,3,3,0.025281924335154655
436,e_demand,2030,19,4,4,0.025281924335154655
437,e_demand,2030,19,5,5,0.025281924335154655
438,e_demand,2030,19,6,6,0.025281924335154655
439,e_demand,2030,19,7,7,0.025281924335154655
440,e_demand,2030,19,8,8,0.025281924335154655
441,e_demand,2030,19,9,9,0.025281924335154655
442,e_demand,2030,19,10,10,0.025281924335154655
443,e_demand,2030,19,11,11,0.025281924335154655
444,e_demand,2030,19,12,12,0.025281924335154655
445,e_demand,2030,19,13,13,0.025281924335154655
446,e_demand,2030,19,14,14,0.025281924335154655
447,e_demand,2030,19,15,15,0.025281924335154655
448,e_demand,2030,19,16,16,0.025281924335154655
449,e_demand,2030,19,17,17,0.025281924335154655
450,e_demand,2030,19,18,18,0.025281924335154655
451,e_demand,2030,19,19,19,0.03539469406921652
452,e_demand,2030,19,20,20,0.03539469406921652
453,e_demand,2030,19,21,21,0.03539469406921652
454,e_demand,2030,19,22,22,0.025281924335154655
455,e_demand,2030,19,23,23,0.025281924335154655
456,e_demand,2030,19,24,24,0.025281924335154655
457,e_demand,2030,20,1,1,0.02712459296321887
458,e_demand,2030,20,2,2,0.02712459296321887
459,e_demand,2030,20,3,3,0.02712459296321887
460,e_demand,2030,20,4,4,0.02712459296321887
461,e_demand,2030,20,5,5,0.02712459296321887
462,e_demand,2030,20,6,6,0.02712459296321887
463,e_demand,2030,20,7,7,0.02712459296321887
464,e_demand,2030,20,8,8,0.02712459296321887
465,e_demand,2030,20,9,9,0.02712459296321887
466,e_demand,2030,20,10,10,0.02712459296321887
467,e_demand,2030,20,11,11,0.02712459296321887
468,e_demand,2030,20,12,12,0.02712459296321887
469,e_demand,2030,20,13,13,0.02712459296321887
470,e_demand,2030,20,14,14,0.02712459296321887
471,e_demand,2030,20,15,15,0.02712459296321887
472,e_demand,2030,20,16,16,0.02712459296321887
473,e_demand,2030,20,17,17,0.02712459296321887
474,e_demand,2030,20,18,18,0.02712459296321887
475,e_demand,2030,20,19,19,0.03797443014850642
476,e_demand,2030,20,20,20,0.03797443014850642
477,e_demand,2030,20,21,21,0.03797443014850642
478,e_demand,2030,20,22,22,0.03797443014850642
479,e_demand,2030,20,23,23,0.02712459296321887
480,e_demand,2030,20,24,24,0.02712459296321887
481,e_demand,2030,21,1,1,0.048427334616156587
482,e_demand,2030,21,2,2,0.048427334616156587
483,e_demand,2030,21,3,3,0.048427334616156587
484,e_demand,2030,21,4,4,0.048427334616156587
485,e_demand,2030,21,5,5,0.048427334616156587
486,e_demand,2030,21,6,6,0.048427334616156587
487,e_demand,2030,21,7,7,0.048427334616156587
488,e_demand,2030,21,8,8,0.048427334616156587
489,e_demand,2030,21,9,9,0.048427334616156587
490,e_demand,2030,21,10,10,0.048427334616156587
491,e_demand,2030,21,11,11,0.048427334616156587
492,e_demand,2030,21,12,12,0.048427334616156587
493,e_demand,2030,21,13,13,0.048427334616156587
494,e_demand,2030,21,14,14,0.048427334616156587
495,e_demand,2030,21,15,15,0.048427334616156587
496,e_demand,2030,21,16,16,0.048427334616156587
497,e_demand,2030,21,17,17,0.048427334616156587
498,e_demand,2030,21,18,18,0.048427334616156587
499,e_demand,2030,21,19,19,0.048427334616156587
500,e_demand,2030,21,20,20,0.06779826846261922
501,e_demand,2030,21,21,21,0.06779826846261922
502,e_demand,2030,21,22,22,0.048427334616156587
503,e_demand,2030,21,23,23,0.048427334616156587
504,e_demand,2030,21,24,24,0.048427334616156587
505,e_demand,2030,22,1,1,0.025
506,e_demand,2030,22,2,2,0.025
507,e_demand,2030,22,3,3,0.025
508,e_demand,2030,22,4,4,0.025
509,e_demand,2030,22,5,5,0.025
510,e_demand,2030,22,6,6,0.025
511,e_demand,2030,22,7,7,0.025
512,e_demand,2030,22,8,8,0.025
513,e_demand,2030,22,9,9,0.025
514,e_demand,2030,22,10,10,0.025
515,e_demand,2030,22,11,11,0.025
516,e_demand,2030,22,12,12,0.025
517,e_demand,2030,22,13,13,0.025
518,e_demand,2030,22,14,14,0.025
519,e_demand,2030,22,15,15,0.025
520,e_demand,2030,22,16,16,0.025
521,e_demand,2030,22,17,17,0.025
522,e_demand,2030,22,18,18,0.025
523,e_demand,2030,22,19,19,0.025
524,e_demand,2030,22,20,20,0.025
525,e_demand,2030,22,21,21,0.025
526,e_demand,2030,22,22,22,0.025
527,e_demand,2030,22,23,23,0.025
528,e_demand,2030,22,24,24,0.025
529,e_demand,2030,23,1,1,0.28131053254476307
530,e_demand,2030,23,2,2,0.28131053254476307
531,e_demand,2030,23,3,3,0.28131053254476307
532,e_demand,2030,23,4,4,0.28131053254476307
533,e_demand,2030,23,5,5,0.28131053254476307
534,e_demand,2030,23,6,6,0.28131053254476307
535,e_demand,2030,23,7,7,0.28131053254476307
536,e_demand,2030,23,8,8,0.28131053254476307
537,e_demand,2030,23,9,9,0.28131053254476307
538,e_demand,2030,23,10,10,0.28131053254476307
539,e_demand,2030,23,11,11,0.28131053254476307
540,e_demand,2030,23,12,12,0.28131053254476307
541,e_demand,2030,23,13,13,0.28131053254476307
542,e_demand,2030,23,14,14,0.28131053254476307
543,e_demand,2030,23,15,15,0.28131053254476307
544,e_demand,2030,23,16,16,0.28131053254476307
545,e_demand,2030,23,17,17,0.28131053254476307
546,e_demand,2030,23,18,18,0.28131053254476307
547,e_demand,2030,23,19,19,0.3938347455626683
548,e_demand,2030,23,20,20,0.3938347455626683
549,e_demand,2030,23,21,21,0.3938347455626683
550,e_demand,2030,23,22,22,0.28131053254476307
551,e_demand,2030,23,23,23,0.28131053254476307
552,e_demand,2030,23,24,24,0.28131053254476307
553,e_demand,2030,24,1,1,0.04999503687305477
554,e_demand,2030,24,2,2,0.04999503687305477
555,e_demand,2030,24,3,3,0.04999503687305477
556,e_demand,2030,24,4,4,0.04999503687305477
557,e_demand,2030,24,5,5,0.04999503687305477
558,e_demand,2030,24,6,6,0.04999503687305477
559,e_demand,2030,24,7,7,0.04999503687305477
560,e_demand,2030,24,8,8,0.04999503687305477
561,e_demand,2030,24,9,9,0.04999503687305477
562,e_demand,2030,24,10,10,0.04999503687305477
563,e_demand,2030,24,11,11,0.04999503687305477
564,e_demand,2030,24,12,12,0.04999503687305477
565,e_demand,2030,24,13,13,0.04999503687305477
566,e_demand,2030,24,14,14,0.04999503687305477
567,e_demand,2030,24,15,15,0.04999503687305477
568,e_demand,2030,24,16,16,0.04999503687305477
569,e_demand,2030,24,17,17,0.04999503687305477
570,e_demand,2030,24,18,18,0.04999503687305477
571,e_demand,2030,24,19,19,0.04999503687305477
572,e_demand,2030,24,20,20,0.04999503687305477
573,e_demand,2030,24,21,21,0.04999503687305477
574,e_demand,2030,24,22,22,0.04999503687305477
575,e_demand,2030,24,23,23,0.04999503687305477
576,e_demand,2030,24,24,24,0.04999503687305477
577,e_demand,2030,25,1,1,0.028832861585750463
578,e_demand,2030,25,2,2,0.028832861585750463
579,e_demand,2030,25,3,3,0.028832861585750463
580,e_demand,2030,25,4,4,0.028832861585750463
581,e_demand,2030,25,5,5,0.028832861585750463
582,e_demand,2030,25,6,6,0.028832861585750463
583,e_demand,2030,25,7,7,0.028832861585750463
584,e_demand,2030,25,8,8,0.028832861585750463
585,e_demand,2030,25,9,9,0.028832861585750463
586,e_demand,2030,25,10,10,0.028832861585750463
587,e_demand,2030,25,11,11,0.028832861585750463
588,e_demand,2030,25,12,12,0.028832861585750463
589,e_demand,2030,25,13,13,0.028832861585750463
590,e_demand,2030,25,14,14,0.028832861585750463
591,e_demand,2030,25,15,15,0.028832861585750463
592,e_demand,2030,25,16,16,0.028832861585750463
593,e_demand,2030,25,17,17,0.028832861585750463
594,e_demand,2030,25,18,18,0.040366006220050654
595,e_demand,2030,25,19,19,0.040366006220050654
596,e_demand,2030,25,20,20,3.6974875628538295
597,e_demand,2030,25,21,21,0.040366006220050654
598,e_demand,2030,25,22,22,0.040366006220050654
599,e_demand,2030,25,23,23,0.040366006220050654
600,e_demand,2030,25,24,24,0.028832861585750463
601,e_demand,2030,26,1,1,0.2148737700026446
602,e_demand,2030,26,2,2,0.2148737700026446
603,e_demand,2030,26,3,3,0.2148737700026446
604,e_demand,2030,26,4,4,0.2148737700026446
605,e_demand,2030,26,5,5,0.2148737700026446
606,e_demand,2030,26,6,6,0.2148737700026446
607,e_demand,2030,26,7,7,0.2148737700026446
608,e_demand,2030,26,8,8,0.2148737700026446
609,e_demand,2030,26,9,9,0.2148737700026446
610,e_demand,2030,26,10,10,0.2148737700026446
611,e_demand,2030,26,11,11,0.2148737700026446
612,e_demand,2030,26,12,12,0.2148737700026446
613,e_demand,2030,26,13,13,0.2148737700026446
614,e_demand,2030,26,14,14,0.2148737700026446
615,e_demand,2030,26,15,15,0.2148737700026446
616,e_demand,2030,26,16,16,0.2148737700026446
617,e_demand,2030,26,17,17,0.2148737700026446
618,e_demand,2030,26,18,18,0.2148737700026446
619,e_demand,2030,26,19,19,0.2148737700026446
620,e_demand,2030,26,20,20,0.30082327800370245
621,e_demand,2030,26,21,21,0.2148737700026446
622,e_demand,2030,26,22,22,0.2148737700026446
623,e_demand,2030,26,23,23,0.2148737700026446
624,e_demand,2030,26,24,24,0.2148737700026446
625,e_demand,2030,27,1,1,0.025263624678887445
626,e_demand,2030,27,2,2,0.025263624678887445
627,e_demand,2030,27,3,3,0.025263624678887445
628,e_demand,2030,27,4,4,0.025263624678887445
629,e_demand,2030,27,5,5,0.025263624678887445
630,e_demand,2030,27,6,6,0.025263624678887445
631,e_demand,2030,27,7,7,0.025263624678887445
632,e_demand,2030,27,8,8,0.025263624678887445
633,e_demand,2030,27,9,9,0.025263624678887445
634,e_demand,2030,27,10,10,0.025263624678887445
635,e_demand,2030,27,11,11,0.025263624678887445
636,e_demand,2030,27,12,12,0.025263624678887445
637,e_demand,2030,27,13,13,0.025263624678887445
638,e_demand,2030,27,14,14,0.025263624678887445
639,e_demand,2030,27,15,15,0.025263624678887445
640,e_demand,2030,27,16,16,0.025263624678887445
641,e_demand,2030,27,17,17,0.025263624678887445
642,e_demand,2030,27,18,18,0.025263624678887445
643,e_demand,2030,27,19,19,0.025263624678887445
644,e_demand,2030,27,20,20,0.03536907455044242
645,e_demand,2030,27,21,21,0.03536907455044242
646,e_demand,2030,27,22,22,0.03536907455044242
647,e_demand,2030,27,23,23,0.025263624678887445
648,e_demand,2030,27,24,24,0.025263624678887445
649,e_demand,2030,28,1,1,0.09496244591680685
650,e_demand,2030,28,2,2,0.09496244591680685
651,e_demand,2030,28,3,3,0.09496244591680685
652,e_demand,2030,28,4,4,0.09496244591680685
653,e_demand,2030,28,5,5,0.09496244591680685
654,e_demand,2030,28,6,6,0.09496244591680685
655,e_demand,2030,28,7,7,0.09496244591680685
656,e_demand,2030,28,8,8,0.09496244591680685
657,e_demand,2030,28,9,9,0.09496244591680685
658,e_demand,2030,28,10,10,0.09496244591680685
659,e_demand,2030,28,11,11,0.09496244591680685
660,e_demand,2030,28,12,12,0.09496244591680685
661,e_demand,2030,28,13,13,0.09496244591680685
662,e_demand,2030,28,14,14,0.09496244591680685
663,e_demand,2030,28,15,15,0.09496244591680685
664,e_demand,2030,28,16,16,0.09496244591680685
665,e_demand,2030,28,17,17,0.09496244591680685
666,e_demand,2030,28,18,18,0.09496244591680685
667,e_demand,2030,28,19,19,0.09496244591680685
668,e_demand,2030,28,20,20,0.1329474242835296
669,e_demand,2030,28,21,21,0.1329474242835296
670,e_demand,2030,28,22,22,0.09496244591680685
671,e_demand,2030,28,23,23,0.09496244591680685
672,e_demand,2030,28,24,24,0.09496244591680685
673,e_demand,2030,29,1,1,0.025275652037434572
674,e_demand,2030,29,2,2,0.025275652037434572
675,e_demand,2030,29,3,3,0.025275652037434572
676,e_demand,2030,29,4,4,0.025275652037434572
677,e_demand,2030,29,5,5,0.025275652037434572
678,e_demand,2030,29,6,6,0.025275652037434572
679,e_demand,2030,29,7,7,0.025275652037434572
680,e_demand,2030,29,8,8,0.025275652037434572
681,e_demand,2030,29,9,9,0.025275652037434572
682,e_demand,2030,29,10,10,0.025275652037434572
683,e_demand,2030,29,11,11,0.025275652037434572
684,e_demand,2030,29,12,12,0.025275652037434572
685,e_demand,2030,29,13,13,0.025275652037434572
686,e_demand,2030,29,14,14,0.025275652037434572
687,e_demand,2030,29,15,15,0.025275652037434572
688,e_demand,2030,29,16,16,0.025275652037434572
689,e_demand,2030,29,17,17,0.025275652037434572
690,e_demand,2030,29,18,18,0.025275652037434572
691,e_demand,2030,29,19,19,0.025275652037434572
692,e_demand,2030,29,20,20,0.025275652037434572
693,e_demand,2030,29,21,21,0.025275652037434572
694,e_demand,2030,29,22,22,0.025275652037434572
695,e_demand,2030,29,23,23,0.025275652037434572
696,e_demand,2030,29,24,24,0.025275652037434572
697,e_demand,2030,30,1,1,0.07037780921322656
698,e_demand,2030,30,2,2,0.07037780921322656
699,e_demand,2030,30,3,3,0.07037780921322656
700,e_demand,2030,30,4,4,0.07037780921322656
701,e_demand,2030,30,5,5,0.07037780921322656
702,e_demand,2030,30,6,6,0.07037780921322656
703,e_demand,2030,30,7,7,0.07037780921322656
704,e_demand,2030,30,8,8,0.07037780921322656
705,e_demand,2030,30,9,9,0.07037780921322656
706,e_demand,2030,30,10,10,0.07037780921322656
707,e_demand,2030,30,11,11,0.07037780921322656
708,e_demand,2030,30,12,12,0.07037780921322656
709,e_demand,2030,30,13,13,0.07037780921322656
710,e_demand,2030,30,14,14,0.07037780921322656
711,e_demand,2030,30,15,15,0.07037780921322656
712,e_demand,2030,30,16,16,0.07037780921322656
713,e_demand,2030,30,17,17,0.07037780921322656
714,e_demand,2030,30,18,18,0.07037780921322656
715,e_demand,2030,30,19,19,0.07037780921322656
716,e_demand,2030,30,20,20,0.07037780921322656
717,e_demand,2030,30,21,21,0.07037780921322656
718,e_demand,2030,30,22,22,0.07037780921322656
719,e_demand,2030,30,23,23,0.07037780921322656
720,e_demand,2030,30,24,24,0.07037780921322656
721,e_demand,2030,31,1,1,0.025660784762971612
722,e_demand,2030,31,2,2,0.025660784762971612
723,e_demand,2030,31,3,3,0.025660784762971612
724,e_demand,2030,31,4,4,0.025660784762971612
725,e_demand,2030,31,5,5,0.025660784762971612
726,e_demand,2030,31,6,6,0.025660784762971612
727,e_demand,2030,31,7,7,0.025660784762971612
728,e_demand,2030,31,8,8,0.025660784762971612
729,e_demand,2030,31,9,9,0.025660784762971612
730,e_demand,2030,31,10,10,0.025660784762971612
731,e_demand,2030,31,11,11,0.025660784762971612
732,e_demand,2030,31,12,12,0.025660784762971612
733,e_demand,2030,31,13,13,0.025660784762971612
734,e_demand,2030,31,14,14,0.025660784762971612
735,e_demand,2030,31,15,15,0.025660784762971612
736,e_demand,2030,31,16,16,0.025660784762971612
737,e_demand,2030,31,17,17,0.025660784762971612
738,e_demand,2030,31,18,18,0.025660784762971612
739,e_demand,2030,31,19,19,0.03592509866816026
740,e_demand,2030,31,20,20,0.03592509866816026
741,e_demand,2030,31,21,21,0.03592509866816026
742,e_demand,2030,31,22,22,0.03592509866816026
743,e_demand,2030,31,23,23,0.025660784762971612
744,e_demand,2030,31,24,24,0.025660784762971612
745,e_demand,2030,32,1,1,0.06610638091587843
746,e_demand,2030,32,2,2,0.06610638091587843
747,e_demand,2030,32,3,3,0.06610638091587843
748,e_demand,2030,32,4,4,0.06610638091587843
749,e_demand,2030,32,5,5,0.06610638091587843
750,e_demand,2030,32,6,6,0.06610638091587843
751,e_demand,2030,32,7,7,0.06610638091587843
752,e_demand,2030,32,8,8,0.06610638091587843
753,e_demand,2030,32,9,9,0.06610638091587843
754,e_demand,2030,32,10,10,0.06610638091587843
755,e_demand,2030,32,11,11,0.06610638091587843
756,e_demand,2030,32,12,12,0.06610638091587843
757,e_demand,2030,32,13,13,0.06610638091587843
758,e_demand,2030,32,14,14,0.06610638091587843
759,e_demand,2030,32,15,15,0.06610638091587843
760,e_demand,2030,32,16,16,0.06610638091587843
761,e_demand,2030,32,17,17,0.06610638091587843
762,e_demand,2030,32,18,18,0.06610638091587843
763,e_demand,2030,32,19,19,0.06610638091587843
764,e_demand,2030,32,20,20,0.09254893328222981
765,e_demand,2030,32,21,21,0.09254893328222981
766,e_demand,2030,32,22,22,0.06610638091587843
767,e_demand,2030,32,23,23,0.06610638091587843
768,e_demand,2030,32,24,24,0.06610638091587843
769,e_demand,2030,33,1,1,0.21465045141275088
770,e_demand,2030,33,2,2,0.21465045141275088
771,e_demand,2030,33,3,3,0.21465045141275088
772,e_demand,2030,33,4,4,0.21465045141275088
773,e_demand,2030,33,5,5,0.21465045141275088
774,e_demand,2030,33,6,6,0.21465045141275088
775,e_demand,2030,33,7,7,0.21465045141275088
776,e_demand,2030,33,8,8,0.21465045141275088
777,e_demand,2030,33,9,9,0.21465045141275088
778,e_demand,2030,33,10,10,0.21465045141275088
779,e_demand,2030,33,11,11,0.21465045141275088
780,e_demand,2030,33,12,12,0.21465045141275088
781,e_demand,2030,33,13,13,0.21465045141275088
782,e_demand,2030,33,14,14,0.21465045141275088
783,e_demand,2030,33,15,15,0.21465045141275088
784,e_demand,2030,33,16,16,0.21465045141275088
785,e_demand,2030,33,17,17,0.21465045141275088
786,e_demand,2030,33,18,18,0.21465045141275088
787,e_demand,2030,33,19,19,0.3005106319778513
788,e_demand,2030,33,20,20,0.3005106319778513
789,e_demand,2030,33,21,21,0.3005106319778513
790,e_demand,2030,33,22,22,0.21465045141275088
791,e_demand,2030,33,23,23,0.21465045141275088
792,e_demand,2030,33,24,24,0.21465045141275088
793,e_demand,2030,34,1,1,0.15335296958034883
794,e_demand,2030,34,2,2,0.15335296958034883
795,e_demand,2030,34,3,3,0.15335296958034883
796,e_demand,2030,34,4,4,0.15335296958034883
797,e_demand,2030,34,5,5,0.15335296958034883
798,e_demand,2030,34,6,6,0.15335296958034883
799,e_demand,2030,34,7,7,0.15335296958034883
800,e_demand,2030,34,8,8,0.15335296958034883
801,e_demand,2030,34,9,9,0.15335296958034883
802,e_demand,2030,34,10,10,0.15335296958034883
803,e_demand,2030,34,11,11,0.15335296958034883
804,e_demand,2030,34,12,12,0.15335296958034883
805,e_demand,2030,34,13,13,0.15335296958034883
806,e_demand,2030,34,14,14,0.15335296958034883
807,e_demand,2030,34,15,15,0.15335296958034883
808,e_demand,2030,34,16,16,0.15335296958034883
809,e_demand,2030,34,17,17,0.15335296958034883
810,e_demand,2030,34,18,18,0.15335296958034883
811,e_demand,2030,34,19,19,0.21469415741248837
812,e_demand,2030,34,20,20,0.21469415741248837
813,e_demand,2030,34,21,21,0.21469415741248837
814,e_demand,2030,34,22,22,0.15335296958034883
815,e_demand,2030,34,23,23,0.15335296958034883
816,e_demand,2030,34,24,24,0.15335296958034883
817,e_demand,2030,35,1,1,1.3928452647347411
818,e_demand,2030,35,2,2,1.3928452647347411
819,e_demand,2030,35,3,3,1.3928452647347411
820,e_demand,2030,35,4,4,1.3928452647347411
821,e_demand,2030,35,5,5,1.3928452647347411
822,e_demand,2030,35,6,6,1.3928452647347411
823,e_demand,2030,35,7,7,1.3928452647347411
824,e_demand,2030,35,8,8,1.3928452647347411
825,e_demand,2030,35,9,9,1.3928452647347411
826,e_demand,2030,35,10,10,1.3928452647347411
827,e_demand,2030,35,11,11,1.3928452647347411
828,e_demand,2030,35,12,12,1.3928452647347411
829,e_demand,2030,35,13,13,1.3928452647347411
830,e_demand,2030,35,14,14,1.3928452647347411
831,e_demand,2030,35,15,15,1.3928452647347411
832,e_demand,2030,35,16,16,1.3928452647347411
833,e_demand,2030,35,17,17,1.3928452647347411
834,e_demand,2030,35,18,18,1.3928452647347411
835,e_demand,2030,35,19,19,1.3928452647347411
836,e_demand,2030,35,20,20,1.3928452647347411
837,e_demand,2030,35,21,21,1.3928452647347411
838,e_demand,2030,35,22,22,1.3928452647347411
839,e_demand,2030,35,23,23,1.3928452647347411
840,e_demand,2030,35,24,24,1.3928452647347411
841,e_demand,2030,36,1,1,0.0405436841304514
842,e_demand,2030,36,2,2,0.0405436841304514
843,e_demand,2030,36,3,3,0.0405436841304514
844,e_demand,2030,36,4,4,0.0405436841304514
845,e_demand,2030,36,5,5,0.0405436841304514
846,e_demand,2030,36,6,6,0.0405436841304514
847,e_demand,2030,36,7,7,0.0405436841304514
848,e_demand,2030,36,8,8,0.0405436841304514
849,e_demand,2030,36,9,9,0.0405436841304514
850,e_demand,2030,36,10,10,0.0405436841304514
851,e_demand,2030,36,11,11,0.0405436841304514
852,e_demand,2030,36,12,12,0.0405436841304514
853,e_demand,2030,36,13,13,0.0405436841304514
854,e_demand,2030,36,14,14,0.0405436841304514
855,e_demand,2030,36,15,15,0.0405436841304514
856,e_demand,2030,36,16,16,0.0405436841304514
857,e_demand,2030,36,17,17,0.0405436841304514
858,e_demand,2030,36,18,18,0.0405436841304514
859,e_demand,2030,36,19,19,0.0405436841304514
860,e_demand,2030,36,20,20,0.0405436841304514
861,e_demand,2030,36,21,21,0.0405436841304514
862,e_demand,2030,36,22,22,0.0405436841304514
863,e_demand,2030,36,23,23,0.0405436841304514
864,e_demand,2030,36,24,24,0.0405436841304514
865,e_demand,2030,37,1,1,0.025
866,e_demand,2030,37,2,2,0.025
867,e_demand,2030,37,3,3,0.025
868,e_demand,2030,37,4,4,0.025
869,e_demand,2030,37,5,5,0.025
870,e_demand,2030,37,6,6,0.025
871,e_demand,2030,37,7,7,0.025
872,e_demand,2030,37,8,8,0.025
873,e_demand,2030,37,9,9,0.025
874,e_demand,2030,37,10,10,0.025
875,e_demand,2030,37,11,11,0.025
876,e_demand,2030,37,12,12,0.025
877,e_demand,2030,37,13,13,0.025
878,e_demand,2030,37,14,14,0.025
879,e_demand,2030,37,15,15,0.025
880,e_demand,2030,37,16,16,0.025
881,e_demand,2030,37,17,17,0.025
882,e_demand,2030,37,18,18,0.025
883,e_demand,2030,37,19,19,0.025
884,e_demand,2030,37,20,20,0.025
885,e_demand,2030,37,21,21,0.025
886,e_demand,2030,37,22,22,0.025
887,e_demand,2030,37,23,23,0.025
888,e_demand,2030,37,24,24,0.025
889,e_demand,2030,38,1,1,0.04956138315520943
890,e_demand,2030,38,2,2,0.04956138315520943
891,e_demand,2030,38,3,3,0.04956138315520943
892,e_demand,2030,38,4,4,0.04956138315520943
893,e_demand,2030,38,5,5,0.04956138315520943
894,e_demand,2030,38,6,6,0.04956138315520943
895,e_demand,2030,38,7,7,0.04956138315520943
896,e_demand,2030,38,8,8,0.04956138315520943
897,e_demand,2030,38,9,9,0.04956138315520943
898,e_demand,2030,38,10,10,0.04956138315520943
899,e_demand,2030,38,11,11,0.04956138315520943
900,e_demand,2030,38,12,12,0.04956138315520943
901,e_demand,2030,38,13,13,0.04956138315520943
902,e_demand,2030,38,14,14,0.04956138315520943
903,e_demand,2030,38,15,15,0.04956138315520943
904,e_demand,2030,38,16,16,0.04956138315520943
905,e_demand,2030,38,17,17,0.04956138315520943
906,e_demand,2030,38,18,18,0.04956138315520943
907,e_demand,2030,38,19,19,0.06938593641729321
908,e_demand,2030,38,20,20,0.06938593641729321
909,e_demand,2030,38,21,21,0.06938593641729321
910,e_demand,2030,38,22,22,0.04956138315520943
911,e_demand,2030,38,23,23,0.04956138315520943
912,e_demand,2030,38,24,24,0.04956138315520943
913,e_demand,2030,39,1,1,0.24242471606484206
914,e_demand,2030,39,2,2,0.24242471606484206
915,e_demand,2030,39,3,3,0.24242471606484206
916,e_demand,2030,39,4,4,0.24242471606484206
917,e_demand,2030,39,5,5,0.24242471606484206
918,e_demand,2030,39,6,6,0.24242471606484206
919,e_demand,2030,39,7,7,0.24242471606484206
920,e_demand,2030,39,8,8,0.24242471606484206
921,e_demand,2030,39,9,9,0.24242471606484206
922,e_demand,2030,39,10,10,0.24242471606484206
923,e_demand,2030,39,11,11,0.24242471606484206
924,e_demand,2030,39,12,12,0.24242471606484206
925,e_demand,2030,39,13,13,0.24242471606484206
926,e_demand,2030,39,14,14,0.24242471606484206
927,e_demand,2030,39,15,15,0.24242471606484206
928,e_demand,2030,39,16,16,0.24242471606484206
929,e_demand,2030,39,17,17,0.24242471606484206
930,e_demand,2030,39,18,18,0.24242471606484206
931,e_demand,2030,39,19,19,0.24242471606484206
932,e_demand,2030,39,20,20,0.24242471606484206
933,e_demand,2030,39,21,21,0.24242471606484206
934,e_demand,2030,39,22,22,0.24242471606484206
935,e_demand,2030,39,23,23,0.24242471606484206
936,e_demand,2030,39,24,24,0.24242471606484206
937,e_demand,2030,40,1,1,0.1431343279902935
938,e_demand,2030,40,2,2,0.1431343279902935
939,e_demand,2030,40,3,3,0.1431343279902935
940,e_demand,2030,40,4,4,0.1431343279902935
941,e_demand,2030,40,5,5,0.1431343279902935
942,e_demand,2030,40,6,6,0.1431343279902935
943,e_demand,2030,40,7,7,0.1431343279902935
944,e_demand,2030,40,8,8,0.1431343279902935
945,e_demand,2030,40,9,9,0.1431343279902935
946,e_demand,2030,40,10,10,0.1431343279902935
947,e_demand,2030,40,11,11,0.1431343279902935
948,e_demand,2030,40,12,12,0.1431343279902935
949,e_demand,2030,40,13,13,0.1431343279902935
950,e_demand,2030,40,14,14,0.1431343279902935
951,e_demand,2030,40,15,15,0.1431343279902935
952,e_demand,2030,40,16,16,0.1431343279902935
953,e_demand,2030,40,17,17,0.1431343279902935
954,e_demand,2030,40,18,18,0.1431343279902935
955,e_demand,2030,40,19,19,0.2003880591864109
956,e_demand,2030,40,20,20,0.2003880591864109
957,e_demand,2030,40,21,21,0.2003880591864109
958,e_demand,2030,40,22,22,0.1431343279902935
959,e_demand,2030,40,23,23,0.1431343279902935
960,e_demand,2030,40,24,24,0.1431343279902935
961,e_demand,2030,41,1,1,0.21816953277000015
962,e_demand,2030,41,2,2,0.21816953277000015
963,e_demand,2030,41,3,3,0.21816953277000015
964,e_demand,2030,41,4,4,0.21816953277000015
965,e_demand,2030,41,5,5,0.21816953277000015
966,e_demand,2030,41,6,6,0.21816953277000015
967,e_demand,2030,41,7,7,0.21816953277000015
968,e_demand,2030,41,8,8,0.21816953277000015
969,e_demand,2030,41,9,9,0.21816953277000015
970,e_demand,2030,41,10,10,0.21816953277000015
971,e_demand,2030,41,11,11,0.21816953277000015
972,e_demand,2030,41,12,12,0.21816953277000015
973,e_demand,2030,41,13,13,0.21816953277000015
974,e_demand,2030,41,14,14,0.21816953277000015
975,e_demand,2030,41,15,15,0.21816953277000015
976,e_demand,2030,41,16,16,0.21816953277000015
977,e_demand,2030,41,17,17,0.21816953277000015
978,e_demand,2030,41,18,18,0.21816953277000015
979,e_demand,2030,41,19,19,0.21816953277000015
980,e_demand,2030,41,20,20,0.21816953277000015
981,e_demand,2030,41,21,21,0.21816953277000015
982,e_demand,2030,41,22,22,0.21816953277000015
983,e_demand,2030,41,23,23,0.21816953277000015
984,e_demand,2030,41,24,24,0.21816953277000015
985,e_demand,2030,42,1,1,0.025
986,e_demand,2030,42,2,2,0.025
987,e_demand,2030,42,3,3,0.025
988,e_demand,2030,42,4,4,0.025
989,e_demand,2030,42,5,5,0.025
990,e_demand,2030,42,6,6,0.025
991,e_demand,2030,42,7,7,0.025
992,e_demand,2030,42,8,8,0.025
993,e_demand,2030,42,9,9,0.025
994,e_demand,2030,42,10,10,0.025
995,e_demand,2030,42,11,11,0.025
996,e_demand,2030,42,12,12,0.025
997,e_demand,2030,42,13,13,0.025
998,e_demand,2030,42,14,14,0.025
999,e_demand,2030,42,15,15,0.025
1000,e_demand,2030,42,16,16,0.025
1001,e_demand,2030,42,17,17,0.025
1002,e_demand,2030,42,18,18,0.025
1003,e_demand,2030,42,19,19,0.025
1004,e_demand,2030,42,20,20,0.025
1005,e_demand,2030,42,21,21,0.025
1006,e_demand,2030,42,22,22,0.025
1007,e_demand,2030,42,23,23,0.025
1008,e_demand,2030,42,24,24,0.025
1009,e_demand,2030,43,1,1,0.1251458892375094
1010,e_demand,2030,43,2,2,0.1251458892375094
1011,e_demand,2030,43,3,3,0.1251458892375094
1012,e_demand,2030,43,4,4,0.1251458892375094
1013,e_demand,2030,43,5,5,0.1251458892375094
1014,e_demand,2030,43,6,6,0.1251458892375094
1015,e_demand,2030,43,7,7,0.1251458892375094
1016,e_demand,2030,43,8,8,0.1251458892375094
1017,e_demand,2030,43,9,9,0.1251458892375094
1018,e_demand,2030,43,10,10,0.1251458892375094
1019,e_demand,2030,43,11,11,0.1251458892375094
1020,e_demand,2030,43,12,12,0.1251458892375094
1021,e_demand,2030,43,13,13,0.1251458892375094
1022,e_demand,2030,43,14,14,0.1251458892375094
1023,e_demand,2030,43,15,15,0.1251458892375094
1024,e_demand,2030,43,16,16,0.1251458892375094
1025,e_demand,2030,43,17,17,0.1251458892375094
1026,e_demand,2030,43,18,18,0.1251458892375094
1027,e_demand,2030,43,19,19,0.1251458892375094
1028,e_demand,2030,43,20,20,0.1251458892375094
1029,e_demand,2030,43,21,21,0.1251458892375094
1030,e_demand,2030,43,22,22,0.1251458892375094
1031,e_demand,2030,43,23,23,0.1251458892375094
1032,e_demand,2030,43,24,24,0.1251458892375094
1033,e_demand,2030,44,1,1,0.23833020228075266
1034,e_demand,2030,44,2,2,0.23833020228075266
1035,e_demand,2030,44,3,3,0.23833020228075266
1036,e_demand,2030,44,4,4,0.23833020228075266
1037,e_demand,2030,44,5,5,0.23833020228075266
1038,e_demand,2030,44,6,6,0.23833020228075266
1039,e_demand,2030,44,7,7,0.23833020228075266
1040,e_demand,2030,44,8,8,0.23833020228075266
1041,e_demand,2030,44,9,9,0.23833020228075266
1042,e_demand,2030,44,10,10,0.23833020228075266
1043,e_demand,2030,44,11,11,0.23833020228075266
1044,e_demand,2030,44,12,12,0.23833020228075266
1045,e_demand,2030,44,13,13,0.23833020228075266
1046,e_demand,2030,44,14,14,0.23833020228075266
1047,e_demand,2030,44,15,15,0.23833020228075266
1048,e_demand,2030,44,16,16,0.23833020228075266
1049,e_demand,2030,44,17,17,0.23833020228075266
1050,e_demand,2030,44,18,18,0.23833020228075266
1051,e_demand,2030,44,19,19,0.23833020228075266
1052,e_demand,2030,44,20,20,0.23833020228075266
1053,e_demand,2030,44,21,21,0.23833020228075266
1054,e_demand,2030,44,22,22,0.23833020228075266
1055,e_demand,2030,44,23,23,0.23833020228075266
1056,e_demand,2030,44,24,24,0.23833020228075266
1057,e_demand,2030,45,1,1,0.2556416512764392
1058,e_demand,2030,45,2,2,0.2556416512764392
1059,e_demand,2030,45,3,3,0.2556416512764392
1060,e_demand,2030,45,4,4,0.2556416512764392
1061,e_demand,2030,45,5,5,0.2556416512764392
1062,e_demand,2030,45,6,6,0.2556416512764392
1063,e_demand,2030,45,7,7,0.2556416512764392
1064,e_demand,2030,45,8,8,0.2556416512764392
1065,e_demand,2030,45,9,9,0.2556416512764392
1066,e_demand,2030,45,10,10,0.2556416512764392
1067,e_demand,2030,45,11,11,0.2556416512764392
1068,e_demand,2030,45,12,12,0.2556416512764392
1069,e_demand,2030,45,13,13,0.2556416512764392
1070,e_demand,2030,45,14,14,0.2556416512764392
1071,e_demand,2030,45,15,15,0.2556416512764392
1072,e_demand,2030,45,16,16,0.2556416512764392
1073,e_demand,2030,45,17,17,0.2556416512764392
1074,e_demand,2030,45,18,18,0.2556416512764392
1075,e_demand,2030,45,19,19,0.2556416512764392
1076,e_demand,2030,45,20,20,0.2556416512764392
1077,e_demand,2030,45,21,21,0.2556416512764392
1078,e_demand,2030,45,22,22,0.2556416512764392
1079,e_demand,2030,45,23,23,0.2556416512764392
1080,e_demand,2030,45,24,24,0.2556416512764392
1081,e_demand,2030,46,1,1,0.12377824754632888
1082,e_demand,2030,46,2,2,0.12377824754632888
1083,e_demand,2030,46,3,3,0.12377824754632888
1084,e_demand,2030,46,4,4,0.12377824754632888
1085,e_demand,2030,46,5,5,0.12377824754632888
1086,e_demand,2030,46,6,6,0.12377824754632888
1087,e_demand,2030,46,7,7,0.12377824754632888
1088,e_demand,2030,46,8,8,0.12377824754632888
1089,e_demand,2030,46,9,9,0.12377824754632888
1090,e_demand,2030,46,10,10,0.12377824754632888
1091,e_demand,2030,46,11,11,0.12377824754632888
1092,e_demand,2030,46,12,12,0.12377824754632888
1093,e_demand,2030,46,13,13,0.12377824754632888
1094,e_demand,2030,46,14,14,0.12377824754632888
1095,e_demand,2030,46,15,15,0.12377824754632888
1096,e_demand,2030,46,16,16,0.12377824754632888
1097,e_demand,2030,46,17,17,0.12377824754632888
1098,e_demand,2030,46,18,18,0.12377824754632888
1099,e_demand,2030,46,19,19,0.12377824754632888
1100,e_demand,2030,46,20,20,0.12377824754632888
1101,e_demand,2030,46,21,21,0.12377824754632888
1102,e_demand,2030,46,22,22,0.12377824754632888
1103,e_demand,2030,46,23,23,0.12377824754632888
1104,e_demand,2030,46,24,24,0.12377824754632888
1105,e_demand,2030,47,1,1,1.9950158853805275
1106,e_demand,2030,47,2,2,1.9950158853805275
1107,e_demand,2030,47,3,3,1.9950158853805275
1108,e_demand,2030,47,4,4,1.9950158853805275
1109,e_demand,2030,47,5,5,1.9950158853805275
1110,e_demand,2030,47,6,6,1.9950158853805275
1111,e_demand,2030,47,7,7,1.9950158853805275
1112,e_demand,2030,47,8,8,1.9950158853805275
1113,e_demand,2030,47,9,9,1.9950158853805275
1114,e_demand,2030,47,10,10,1.9950158853805275
1115,e_demand,2030,47,11,11,1.9950158853805275
1116,e_demand,2030,47,12,12,1.9950158853805275
1117,e_demand,2030,47,13,13,1.9950158853805275
1118,e_demand,2030,47,14,14,1.9950158853805275
1119,e_demand,2030,47,15,15,1.9950158853805275
1120,e_demand,2030,47,16,16,1.9950158853805275
1121,e_demand,2030,47,17,17,1.9950158853805275
1122,e_demand,2030,47,18,18,1.9950158853805275
1123,e_demand,2030,47,19,19,2.7930222395327386
1124,e_demand,2030,47,20,20,2.7930222395327386
1125,e_demand,2030,47,21,21,2.7930222395327386
1126,e_demand,2030,47,22,22,1.9950158853805275
1127,e_demand,2030,47,23,23,1.9950158853805275
1128,e_demand,2030,47,24,24,1.9950158853805275
1129,e_demand,2030,48,1,1,0.2471273924701156
1130,e_demand,2030,48,2,2,0.2471273924701156
1131,e_demand,2030,48,3,3,0.2471273924701156
1132,e_demand,2030,48,4,4,0.2471273924701156
1133,e_demand,2030,48,5,5,0.2471273924701156
1134,e_demand,2030,48,6,6,0.2471273924701156
1135,e_demand,2030,48,7,7,0.2471273924701156
1136,e_demand,2030,48,8,8,0.2471273924701156
1137,e_demand,2030,48,9,9,0.2471273924701156
1138,e_demand,2030,48,10,10,0.2471273924701156
1139,e_demand,2030,48,11,11,0.2471273924701156
1140,e_demand,2030,48,12,12,0.2471273924701156
1141,e_demand,2030,48,13,13,0.2471273924701156
1142,e_demand,2030,48,14,14,0.2471273924701156
1143,e_demand,2030,48,15,15,0.2471273924701156
1144,e_demand,2030,48,16,16,0.2471273924701156
1145,e_demand,2030,48,17,17,0.2471273924701156
1146,e_demand,2030,48,18,18,0.2471273924701156
1147,e_demand,2030,48,19,19,0.2471273924701156
1148,e_demand,2030,48,20,20,0.2471273924701156
1149,e_demand,2030,48,21,21,0.2471273924701156
1150,e_demand,2030,48,22,22,0.2471273924701156
1151,e_demand,2030,48,23,23,0.2471273924701156
1152,e_demand,2030,48,24,24,0.2471273924701156
1153,e_demand,2030,49,1,1,0.07584556199423789
1154,e_demand,2030,49,2,2,0.07584556199423789
1155,e_demand,2030,49,3,3,0.07584556199423789
1156,e_demand,2030,49,4,4,0.07584556199423789
1157,e_demand,2030,49,5,5,0.07584556199423789
1158,e_demand,2030,49,6,6,0.07584556199423789
1159,e_demand,2030,49,7,7,0.07584556199423789
1160,e_demand,2030,49,8,8,0.07584556199423789
1161,e_demand,2030,49,9,9,0.07584556199423789
1162,e_demand,2030,49,10,10,0.07584556199423789
1163,e_demand,2030,49,11,11,0.07584556199423789
1164,e_demand,2030,49,12,12,0.07584556199423789
1165,e_demand,2030,49,13,13,0.07584556199423789
1166,e_demand,2030,49,14,14,0.07584556199423789
1167,e_demand,2030,49,15,15,0.07584556199423789
1168,e_demand,2030,49,16,16,0.07584556199423789
1169,e_demand,2030,49,17,17,0.07584556199423789
1170,e_demand,2030,49,18,18,0.07584556199423789
1171,e_demand,2030,49,19,19,0.07584556199423789
1172,e_demand,2030,49,20,20,0.10618378679193305
1173,e_demand,2030,49,21,21,0.07584556199423789
1174,e_demand,2030,49,22,22,0.07584556199423789
1175,e_demand,2030,49,23,23,0.07584556199423789
1176,e_demand,2030,49,24,24,0.07584556199423789
1177,e_demand,2030,50,1,1,0.049723045792861374
1178,e_demand,2030,50,2,2,0.049723045792861374
1179,e_demand,2030,50,3,3,0.049723045792861374
1180,e_demand,2030,50,4,4,0.049723045792861374
1181,e_demand,2030,50,5,5,0.049723045792861374
1182,e_demand,2030,50,6,6,0.049723045792861374
1183,e_demand,2030,50,7,7,0.049723045792861374
1184,e_demand,2030,50,8,8,0.049723045792861374
1185,e_demand,2030,50,9,9,0.049723045792861374
1186,e_demand,2030,50,10,10,0.049723045792861374
1187,e_demand,2030,50,11,11,0.049723045792861374
1188,e_demand,2030,50,12,12,0.049723045792861374
1189,e_demand,2030,50,13,13,0.049723045792861374
1190,e_demand,2030,50,14,14,0.049723045792861374
1191,e_demand,2030,50,15,15,0.049723045792861374
1192,e_demand,2030,50,16,16,0.049723045792861374
1193,e_demand,2030,50,17,17,0.049723045792861374
1194,e_demand,2030,50,18,18,0.049723045792861374
1195,e_demand,2030,50,19,19,0.049723045792861374
1196,e_demand,2030,50,20,20,0.049723045792861374
1197,e_demand,2030,50,21,21,0.049723045792861374
1198,e_demand,2030,50,22,22,0.049723045792861374
1199,e_demand,2030,50,23,23,0.049723045792861374
1200,e_demand,2030,50,24,24,0.049723045792861374
1201,e_demand,2030,51,1,1,0.3379697687836791
1202,e_demand,2030,51,2,2,0.3379697687836791
1203,e_demand,2030,51,3,3,0.3379697687836791
1204,e_demand,2030,51,4,4,0.3379697687836791
1205,e_demand,2030,51,5,5,0.3379697687836791
1206,e_demand,2030,51,6,6,0.3379697687836791
1207,e_demand,2030,51,7,7,0.3379697687836791
1208,e_demand,2030,51,8,8,0.3379697687836791
1209,e_demand,2030,51,9,9,0.3379697687836791
1210,e_demand,2030,51,10,10,0.3379697687836791
1211,e_demand,2030,51,11,11,0.3379697687836791
1212,e_demand,2030,51,12,12,0.3379697687836791
1213,e_demand,2030,51,13,13,0.3379697687836791
1214,e_demand,2030,51,14,14,0.3379697687836791
1215,e_demand,2030,51,15,15,0.3379697687836791
1216,e_demand,2030,51,16,16,0.3379697687836791
1217,e_demand,2030,51,17,17,0.3379697687836791
1218,e_demand,2030,51,18,18,0.3379697687836791
1219,e_demand,2030,51,19,19,0.3379697687836791
1220,e_demand,2030,51,20,20,0.3379697687836791
1221,e_demand,2030,51,21,21,0.3379697687836791
1222,e_demand,2030,51,22,22,0.3379697687836791
1223,e_demand,2030,51,23,23,0.3379697687836791
1224,e_demand,2030,51,24,24,0.3379697687836791
1225,e_demand,2030,52,1,1,0.06020525672872195
1226,e_demand,2030,52,2,2,0.06020525672872195
1227,e_demand,2030,52,3,3,0.06020525672872195
1228,e_demand,2030,52,4,4,0.06020525672872195
1229,e_demand,2030,52,5,5,0.06020525672872195
1230,e_demand,2030,52,6,6,0.06020525672872195
1231,e_demand,2030,52,7,7,0.06020525672872195
1232,e_demand,2030,52,8,8,0.06020525672872195
1233,e_demand,2030,52,9,9,0.06020525672872195
1234,e_demand,2030,52,10,10,0.06020525672872195
1235,e_demand,2030,52,11,11,0.06020525672872195
1236,e_demand,2030,52,12,12,0.06020525672872195
1237,e_demand,2030,52,13,13,0.06020525672872195
1238,e_demand,2030,52,14,14,0.06020525672872195
1239,e_demand,2030,52,15,15,0.06020525672872195
1240,e_demand,2030,52,16,16,0.06020525672872195
1241,e_demand,2030,52,17,17,0.06020525672872195
1242,e_demand,2030,52,18,18,0.06020525672872195
1243,e_demand,2030,52,19,19,0.06020525672872195
1244,e_demand,2030,52,20,20,0.06020525672872195
1245,e_demand,2030,52,21,21,0.06020525672872195
1246,e_demand,2030,52,22,22,0.06020525672872195
1247,e_demand,2030,52,23,23,0.06020525672872195
1248,e_demand,2030,52,24,24,0.06020525672872195
1249,e_demand,2030,53,1,1,0.06190381237497351
1250,e_demand,2030,53,2,2,0.06190381237497351
1251,e_demand,2030,53,3,3,0.06190381237497351
1252,e_demand,2030,53,4,4,0.06190381237497351
1253,e_demand,2030,53,5,5,0.06190381237497351
1254,e_demand,2030,53,6,6,0.06190381237497351
1255,e_demand,2030,53,7,7,0.06190381237497351
1256,e_demand,2030,53,8,8,0.06190381237497351
1257,e_demand,2030,53,9,9,0.06190381237497351
1258,e_demand,2030,53,10,10,0.06190381237497351
1259,e_demand,2030,53,11,11,0.06190381237497351
1260,e_demand,2030,53,12,12,0.06190381237497351
1261,e_demand,2030,53,13,13,0.06190381237497351
1262,e_demand,2030,53,14,14,0.06190381237497351
1263,e_demand,2030,53,15,15,0.06190381237497351
1264,e_demand,2030,53,16,16,0.06190381237497351
1265,e_demand,2030,53,17,17,0.06190381237497351
1266,e_demand,2030,53,18,18,0.06190381237497351
1267,e_demand,2030,53,19,19,0.06190381237497351
1268,e_demand,2030,53,20,20,0.08666533732496293
1269,e_demand,2030,53,21,21,0.06190381237497351
1270,e_demand,2030,53,22,22,0.06190381237497351
1271,e_demand,2030,53,23,23,0.06190381237497351
1272,e_demand,2030,53,24,24,0.06190381237497351
1273,e_demand,2030,54,1,1,0.39938538539293916
1274,e_demand,2030,54,2,2,0.39938538539293916
1275,e_demand,2030,54,3,3,0.39938538539293916
1276,e_demand,2030,54,4,4,0.39938538539293916
1277,e_demand,2030,54,5,5,0.39938538539293916
1278,e_demand,2030,54,6,6,0.39938538539293916
1279,e_demand,2030,54,7,7,0.39938538539293916
1280,e_demand,2030,54,8,8,0.39938538539293916
1281,e_demand,2030,54,9,9,0.39938538539293916
1282,e_demand,2030,54,10,10,0.39938538539293916
1283,e_demand,2030,54,11,11,0.39938538539293916
1284,e_demand,2030,54,12,12,0.39938538539293916
1285,e_demand,2030,54,13,13,0.39938538539293916
1286,e_demand,2030,54,14,14,0.39938538539293916
1287,e_demand,2030,54,15,15,0.39938538539293916
1288,e_demand,2030,54,16,16,0.39938538539293916
1289,e_demand,2030,54,17,17,0.39938538539293916
1290,e_demand,2030,54,18,18,0.39938538539293916
1291,e_demand,2030,54,19,19,0.39938538539293916
1292,e_demand,2030,54,20,20,0.39938538539293916
1293,e_demand,2030,54,21,21,0.39938538539293916
1294,e_demand,2030,54,22,22,0.39938538539293916
1295,e_demand,2030,54,23,23,0.39938538539293916
1296,e_demand,2030,54,24,24,0.39938538539293916
1297,e_demand,2030,55,1,1,0.2610793412954745
1298,e_demand,2030,55,2,2,0.2610793412954745
1299,e_demand,2030,55,3,3,0.2610793412954745
1300,e_demand,2030,55,4,4,0.2610793412954745
1301,e_demand,2030,55,5,5,0.2610793412954745
1302,e_demand,2030,55,6,6,0.2610793412954745
1303,e_demand,2030,55,7,7,0.2610793412954745
1304,e_demand,2030,55,8,8,0.2610793412954745
1305,e_demand,2030,55,9,9,0.2610793412954745
1306,e_demand,2030,55,10,10,0.2610793412954745
1307,e_demand,2030,55,11,11,0.2610793412954745
1308,e_demand,2030,55,12,12,0.2610793412954745
1309,e_demand,2030,55,13,13,0.2610793412954745
1310,e_demand,2030,55,14,14,0.2610793412954745
1311,e_demand,2030,55,15,15,0.2610793412954745
1312,e_demand,2030,55,16,16,0.2610793412954745
1313,e_demand,2030,55,17,17,0.2610793412954745
1314,e_demand,2030,55,18,18,0.2610793412954745
1315,e_demand,2030,55,19,19,0.2610793412954745
1316,e_demand,2030,55,20,20,0.2610793412954745
1317,e_demand,2030,55,21,21,0.2610793412954745
1318,e_demand,2030,55,22,22,0.2610793412954745
1319,e_demand,2030,55,23,23,0.2610793412954745
1320,e_demand,2030,55,24,24,0.2610793412954745
1321,e_demand,2030,56,1,1,0.025573746319860383
1322,e_demand,2030,56,2,2,0.025573746319860383
1323,e_demand,2030,56,3,3,0.025573746319860383
1324,e_demand,2030,56,4,4,0.025573746319860383
1325,e_demand,2030,56,5,5,0.025573746319860383
1326,e_demand,2030,56,6,6,0.025573746319860383
1327,e_demand,2030,56,7,7,0.025573746319860383
1328,e_demand,2030,56,8,8,0.025573746319860383
1329,e_demand,2030,56,9,9,0.025573746319860383
1330,e_demand,2030,56,10,10,0.025573746319860383
1331,e_demand,2030,56,11,11,0.025573746319860383
1332,e_demand,2030,56,12,12,0.025573746319860383
1333,e_demand,2030,56,13,13,0.025573746319860383
1334,e_demand,2030,56,14,14,0.025573746319860383
1335,e_demand,2030,56,15,15,0.025573746319860383
1336,e_demand,2030,56,16,16,0.025573746319860383
1337,e_demand,2030,56,17,17,0.025573746319860383
1338,e_demand,2030,56,18,18,0.025573746319860383
1339,e_demand,2030,56,19,19,0.025573746319860383
1340,e_demand,2030,56,20,20,0.025573746319860383
1341,e_demand,2030,56,21,21,0.025573746319860383
1342,e_demand,2030,56,22,22,0.025573746319860383
1343,e_demand,2030,56,23,23,0.025573746319860383
1344,e_demand,2030,56,24,24,0.025573746319860383
1345,e_demand,2030,57,1,1,0.17161259071794413
1346,e_demand,2030,57,2,2,0.17161259071794413
1347,e_demand,2030,57,3,3,0.17161259071794413
1348,e_demand,2030,57,4,4,0.17161259071794413
1349,e_demand,2030,57,5,5,0.17161259071794413
1350,e_demand,2030,57,6,6,0.17161259071794413
1351,e_demand,2030,57,7,7,0.17161259071794413
1352,e_demand,2030,57,8,8,0.17161259071794413
1353,e_demand,2030,57,9,9,0.17161259071794413
1354,e_demand,2030,57,10,10,0.17161259071794413
1355,e_demand,2030,57,11,11,0.17161259071794413
1356,e_demand,2030,57,12,12,0.17161259071794413
1357,e_demand,2030,57,13,13,0.17161259071794413
1358,e_demand,2030,57,14,14,0.17161259071794413
1359,e_demand,2030,57,15,15,0.17161259071794413
1360,e_demand,2030,57,16,16,0.17161259071794413
1361,e_demand,2030,57,17,17,0.17161259071794413
1362,e_demand,2030,57,18,18,0.17161259071794413
1363,e_demand,2030,57,19,19,0.17161259071794413
1364,e_demand,2030,57,20,20,0.17161259071794413
1365,e_demand,2030,57,21,21,0.17161259071794413
1366,e_demand,2030,57,22,22,0.17161259071794413
1367,e_demand,2030,57,23,23,0.17161259071794413
1368,e_demand,2030,57,24,24,0.17161259071794413
1369,e_demand,2030,58,1,1,0.19243463634271232
1370,e_demand,2030,58,2,2,0.19243463634271232
1371,e_demand,2030,58,3,3,0.19243463634271232
1372,e_demand,2030,58,4,4,0.19243463634271232
1373,e_demand,2030,58,5,5,0.19243463634271232
1374,e_demand,2030,58,6,6,0.19243463634271232
1375,e_demand,2030,58,7,7,0.19243463634271232
1376,e_demand,2030,58,8,8,0.19243463634271232
1377,e_demand,2030,58,9,9,0.19243463634271232
1378,e_demand,2030,58,10,10,0.19243463634271232
1379,e_demand,2030,58,11,11,0.19243463634271232
1380,e_demand,2030,58,12,12,0.19243463634271232
1381,e_demand,2030,58,13,13,0.19243463634271232
1382,e_demand,2030,58,14,14,0.19243463634271232
1383,e_demand,2030,58,15,15,0.19243463634271232
1384,e_demand,2030,58,16,16,0.19243463634271232
1385,e_demand,2030,58,17,17,0.19243463634271232
1386,e_demand,2030,58,18,18,0.19243463634271232
1387,e_demand,2030,58,19,19,0.2694084908797973
1388,e_demand,2030,58,20,20,0.2694084908797973
1389,e_demand,2030,58,21,21,0.2694084908797973
1390,e_demand,2030,58,22,22,0.19243463634271232
1391,e_demand,2030,58,23,23,0.19243463634271232
1392,e_demand,2030,58,24,24,0.19243463634271232
1393,e_demand,2030,59,1,1,0.08190093124253384
1394,e_demand,2030,59,2,2,0.08190093124253384
1395,e_demand,2030,59,3,3,0.08190093124253384
1396,e_demand,2030,59,4,4,0.08190093124253384
1397,e_demand,2030,59,5,5,0.08190093124253384
1398,e_demand,2030,59,6,6,0.08190093124253384
1399,e_demand,2030,59,7,7,0.08190093124253384
1400,e_demand,2030,59,8,8,0.08190093124253384
1401,e_demand,2030,59,9,9,0.08190093124253384
1402,e_demand,2030,59,10,10,0.08190093124253384
1403,e_demand,2030,59,11,11,0.08190093124253384
1404,e_demand,2030,59,12,12,0.08190093124253384
1405,e_demand,2030,59,13,13,0.08190093124253384
1406,e_demand,2030,59,14,14,0.08190093124253384
1407,e_demand,2030,59,15,15,0.08190093124253384
1408,e_demand,2030,59,16,16,0.08190093124253384
1409,e_demand,2030,59,17,17,0.08190093124253384
1410,e_demand,2030,59,18,18,0.08190093124253384
1411,e_demand,2030,59,19,19,0.08190093124253384
1412,e_demand,2030,59,20,20,0.08190093124253384
1413,e_demand,2030,59,21,21,0.08190093124253384
1414,e_demand,2030,59,22,22,0.08190093124253384
1415,e_demand,2030,59,23,23,0.08190093124253384
1416,e_demand,2030,59,24,24,0.08190093124253384
1417,e_demand,2030,60,1,1,0.07735554782886732
1418,e_demand,2030,60,2,2,0.07735554782886732
1419,e_demand,2030,60,3,3,0.07735554782886732
1420,e_demand,2030,60,4,4,0.07735554782886732
1421,e_demand,2030,60,5,5,0.07735554782886732
1422,e_demand,2030,60,6,6,0.07735554782886732
1423,e_demand,2030,60,7,7,0.07735554782886732
1424,e_demand,2030,60,8,8,0.07735554782886732
1425,e_demand,2030,60,9,9,0.07735554782886732
1426,e_demand,2030,60,10,10,0.07735554782886732
1427,e_demand,2030,60,11,11,0.07735554782886732
1428,e_demand,2030,60,12,12,0.07735554782886732
1429,e_demand,2030,60,13,13,0.07735554782886732
1430,e_demand,2030,60,14,14,0.07735554782886732
1431,e_demand,2030,60,15,15,0.07735554782886732
1432,e_demand,2030,60,16,16,0.07735554782886732
1433,e_demand,2030,60,17,17,0.07735554782886732
1434,e_demand,2030,60,18,18,0.10829776696041425
1435,e_demand,2030,60,19,19,0.10829776696041425
1436,e_demand,2030,60,20,20,0.10829776696041425
1437,e_demand,2030,60,21,21,0.10829776696041425
1438,e_demand,2030,60,22,22,0.10829776696041425
1439,e_demand,2030,60,23,23,0.10829776696041425
1440,e_demand,2030,60,24,24,0.10829776696041425
1441,e_demand,2030,61,1,1,0.025
1442,e_demand,2030,61,2,2,0.025
1443,e_demand,2030,61,3,3,0.025
1444,e_demand,2030,61,4,4,0.025
1445,e_demand,2030,61,5,5,0.025
1446,e_demand,2030,61,6,6,0.025
1447,e_demand,2030,61,7,7,0.025
1448,e_demand,2030,61,8,8,0.025
1449,e_demand,2030,61,9,9,0.025
1450,e_demand,2030,61,10,10,0.025
1451,e_demand,2030,61,11,11,0.025
1452,e_demand,2030,61,12,12,0.025
1453,e_demand,2030,61,13,13,0.025
1454,e_demand,2030,61,14,14,0.025
1455,e_demand,2030,61,15,15,0.025
1456,e_demand,2030,61,16,16,0.025
1457,e_demand,2030,61,17,17,0.025
1458,e_demand,2030,61,18,18,0.025
1459,e_demand,2030,61,19,19,0.035
1460,e_demand,2030,61,20,20,10.0
1461,e_demand,2030,61,21,21,10.0
1462,e_demand,2030,61,22,22,0.035
1463,e_demand,2030,61,23,23,0.035
1464,e_demand,2030,61,24,24,0.035
1465,e_demand,2030,62,1,1,0.025469854648814624
1466,e_demand,2030,62,2,2,0.025469854648814624
1467,e_demand,2030,62,3,3,0.025469854648814624
1468,e_demand,2030,62,4,4,0.025469854648814624
1469,e_demand,2030,62,5,5,0.025469854648814624
1470,e_demand,2030,62,6,6,0.025469854648814624
1471,e_demand,2030,62,7,7,0.025469854648814624
1472,e_demand,2030,62,8,8,0.025469854648814624
1473,e_demand,2030,62,9,9,0.025469854648814624
1474,e_demand,2030,62,10,10,0.025469854648814624
1475,e_demand,2030,62,11,11,0.025469854648814624
1476,e_demand,2030,62,12,12,0.025469854648814624
1477,e_demand,2030,62,13,13,0.025469854648814624
1478,e_demand,2030,62,14,14,0.025469854648814624
1479,e_demand,2030,62,15,15,0.025469854648814624
1480,e_demand,2030,62,16,16,0.025469854648814624
1481,e_demand,2030,62,17,17,0.025469854648814624
1482,e_demand,2030,62,18,18,0.025469854648814624
1483,e_demand,2030,62,19,19,0.025469854648814624
1484,e_demand,2030,62,20,20,0.03565779650834047
1485,e_demand,2030,62,21,21,0.03565779650834047
1486,e_demand,2030,62,22,22,0.03565779650834047
1487,e_demand,2030,62,23,23,0.025469854648814624
1488,e_demand,2030,62,24,24,0.025469854648814624
1489,e_demand,2030,63,1,1,0.025
1490,e_demand,2030,63,2,2,0.025
1491,e_demand,2030,63,3,3,0.025
1492,e_demand,2030,63,4,4,0.025
1493,e_demand,2030,63,5,5,0.025
1494,e_demand,2030,63,6,6,0.025
1495,e_demand,2030,63,7,7,0.025
1496,e_demand,2030,63,8,8,0.025
1497,e_demand,2030,63,9,9,0.025
1498,e_demand,2030,63,10,10,0.025
1499,e_demand,2030,63,11,11,0.025
1500,e_demand,2030,63,12,12,0.025
1501,e_demand,2030,63,13,13,0.025
1502,e_demand,2030,63,14,14,0.025
1503,e_demand,2030,63,15,15,0.025
1504,e_demand,2030,63,16,16,0.025
1505,e_demand,2030,63,17,17,0.025
1506,e_demand,2030,63,18,18,0.025
1507,e_demand,2030,63,19,19,0.025
1508,e_demand,2030,63,20,20,0.035
1509,e_demand,2030,63,21,21,0.035
1510,e_demand,2030,63,22,22,0.025
1511,e_demand,2030,63,23,23,0.025
1512,e_demand,2030,63,24,24,0.025
1513,e_demand,2030,64,1,1,0.025
1514,e_demand,2030,64,2,2,0.025
1515,e_demand,2030,64,3,3,0.025
1516,e_demand,2030,64,4,4,0.025
1517,e_demand,2030,64,5,5,0.025
1518,e_demand,2030,64,6,6,0.025
1519,e_demand,2030,64,7,7,0.025
1520,e_demand,2030,64,8,8,0.025
1521,e_demand,2030,64,9,9,0.025
1522,e_demand,2030,64,10,10,0.025
1523,e_demand,2030,64,11,11,0.025
1524,e_demand,2030,64,12,12,0.025
1525,e_demand,2030,64,13,13,0.025
1526,e_demand,2030,64,14,14,0.025
1527,e_demand,2030,64,15,15,0.025
1528,e_demand,2030,64,16,16,0.025
1529,e_demand,2030,64,17,17,0.025
1530,e_demand,2030,64,18,18,0.025
1531,e_demand,2030,64,19,19,0.025
1532,e_demand,2030,64,20,20,0.035
1533,e_demand,2030,64,21,21,0.035
1534,e_demand,2030,64,22,22,0.025
1535,e_demand,2030,64,23,23,0.025
1536,e_demand,2030,64,24,24,0.025
1537,e_demand,2030,65,1,1,0.041856699108090444
1538,e_demand,2030,65,2,2,0.041856699108090444
1539,e_demand,2030,65,3,3,0.041856699108090444
1540,e_demand,2030,65,4,4,0.041856699108090444
1541,e_demand,2030,65,5,5,0.041856699108090444
1542,e_demand,2030,65,6,6,0.041856699108090444
1543,e_demand,2030,65,7,7,0.041856699108090444
1544,e_demand,2030,65,8,8,0.041856699108090444
1545,e_demand,2030,65,9,9,0.041856699108090444
1546,e_demand,2030,65,10,10,0.041856699108090444
1547,e_demand,2030,65,11,11,0.041856699108090444
1548,e_demand,2030,65,12,12,0.041856699108090444
1549,e_demand,2030,65,13,13,0.041856699108090444
1550,e_demand,2030,65,14,14,0.041856699108090444
1551,e_demand,2030,65,15,15,0.041856699108090444
1552,e_demand,2030,65,16,16,0.041856699108090444
1553,e_demand,2030,65,17,17,0.041856699108090444
1554,e_demand,2030,65,18,18,0.041856699108090444
1555,e_demand,2030,65,19,19,0.05859937875132662
1556,e_demand,2030,65,20,20,0.05859937875132662
1557,e_demand,2030,65,21,21,0.05859937875132662
1558,e_demand,2030,65,22,22,0.041856699108090444
1559,e_demand,2030,65,23,23,0.041856699108090444
1560,e_demand,2030,65,24,24,0.041856699108090444
1561,e_demand,2030,66,1,1,0.028903265052450774
1562,e_demand,2030,66,2,2,0.028903265052450774
1563,e_demand,2030,66,3,3,0.028903265052450774
1564,e_demand,2030,66,4,4,0.028903265052450774
1565,e_demand,2030,66,5,5,0.028903265052450774
1566,e_demand,2030,66,6,6,0.028903265052450774
1567,e_demand,2030,66,7,7,0.028903265052450774
1568,e_demand,2030,66,8,8,0.028903265052450774
1569,e_demand,2030,66,9,9,0.028903265052450774
1570,e_demand,2030,66,10,10,0.028903265052450774
1571,e_demand,2030,66,11,11,0.028903265052450774
1572,e_demand,2030,66,12,12,0.001156130602098031
1573,e_demand,2030,66,13,13,0.0
1574,e_demand,2030,66,14,14,0.0
1575,e_demand,2030,66,15,15,0.028903265052450774
1576,e_demand,2030,66,16,16,0.028903265052450774
1577,e_demand,2030,66,17,17,0.028903265052450774
1578,e_demand,2030,66,18,18,0.028903265052450774
1579,e_demand,2030,66,19,19,0.040464571073431085
1580,e_demand,2030,66,20,20,11.56130602098031
1581,e_demand,2030,66,21,21,8.384543995024192
1582,e_demand,2030,66,22,22,0.040464571073431085
1583,e_demand,2030,66,23,23,0.040464571073431085
1584,e_demand,2030,66,24,24,0.040464571073431085
1585,e_demand,2030,67,1,1,0.025779114137239253
1586,e_demand,2030,67,2,2,0.025779114137239253
1587,e_demand,2030,67,3,3,0.025779114137239253
1588,e_demand,2030,67,4,4,0.025779114137239253
1589,e_demand,2030,67,5,5,0.025779114137239253
1590,e_demand,2030,67,6,6,0.025779114137239253
1591,e_demand,2030,67,7,7,0.025779114137239253
1592,e_demand,2030,67,8,8,0.025779114137239253
1593,e_demand,2030,67,9,9,0.025779114137239253
1594,e_demand,2030,67,10,10,0.025779114137239253
1595,e_demand,2030,67,11,11,0.00103116456548957
1596,e_demand,2030,67,12,12,0.0
1597,e_demand,2030,67,13,13,0.0
1598,e_demand,2030,67,14,14,0.025779114137239253
1599,e_demand,2030,67,15,15,0.025779114137239253
1600,e_demand,2030,67,16,16,0.025779114137239253
1601,e_demand,2030,67,17,17,0.025779114137239253
1602,e_demand,2030,67,18,18,0.025779114137239253
1603,e_demand,2030,67,19,19,0.025779114137239253
1604,e_demand,2030,67,20,20,0.036090759792134955
1605,e_demand,2030,67,21,21,0.036090759792134955
1606,e_demand,2030,67,22,22,0.025779114137239253
1607,e_demand,2030,67,23,23,0.025779114137239253
1608,e_demand,2030,67,24,24,0.025779114137239253
1609,e_demand,2030,68,1,1,0.045513772337974275
1610,e_demand,2030,68,2,2,0.045513772337974275
1611,e_demand,2030,68,3,3,0.045513772337974275
1612,e_demand,2030,68,4,4,0.045513772337974275
1613,e_demand,2030,68,5,5,0.045513772337974275
1614,e_demand,2030,68,6,6,0.045513772337974275
1615,e_demand,2030,68,7,7,0.045513772337974275
1616,e_demand,2030,68,8,8,0.045513772337974275
1617,e_demand,2030,68,9,9,0.045513772337974275
1618,e_demand,2030,68,10,10,0.045513772337974275
1619,e_demand,2030,68,11,11,0.045513772337974275
1620,e_demand,2030,68,12,12,0.0
1621,e_demand,2030,68,13,13,0.0
1622,e_demand,2030,68,14,14,0.0
1623,e_demand,2030,68,15,15,0.001820550893518971
1624,e_demand,2030,68,16,16,0.045513772337974275
1625,e_demand,2030,68,17,17,0.045513772337974275
1626,e_demand,2030,68,18,18,0.045513772337974275
1627,e_demand,2030,68,19,19,0.045513772337974275
1628,e_demand,2030,68,20,20,0.045513772337974275
1629,e_demand,2030,68,21,21,0.045513772337974275
1630,e_demand,2030,68,22,22,0.045513772337974275
1631,e_demand,2030,68,23,23,0.045513772337974275
1632,e_demand,2030,68,24,24,0.045513772337974275
1633,e_demand,2030,69,1,1,0.04974922011768684
1634,e_demand,2030,69,2,2,0.04974922011768684
1635,e_demand,2030,69,3,3,0.04974922011768684
1636,e_demand,2030,69,4,4,0.04974922011768684
1637,e_demand,2030,69,5,5,0.04974922011768684
1638,e_demand,2030,69,6,6,0.04974922011768684
1639,e_demand,2030,69,7,7,0.04974922011768684
1640,e_demand,2030,69,8,8,0.04974922011768684
1641,e_demand,2030,69,9,9,0.04974922011768684
1642,e_demand,2030,69,10,10,0.04974922011768684
1643,e_demand,2030,69,11,11,0.0019899688047074738
1644,e_demand,2030,69,12,12,0.0
1645,e_demand,2030,69,13,13,0.0
1646,e_demand,2030,69,14,14,0.0
1647,e_demand,2030,69,15,15,0.0
1648,e_demand,2030,69,16,16,0.04974922011768684
1649,e_demand,2030,69,17,17,0.04974922011768684
1650,e_demand,2030,69,18,18,0.04974922011768684
1651,e_demand,2030,69,19,19,0.04974922011768684
1652,e_demand,2030,69,20,20,0.04974922011768684
1653,e_demand,2030,69,21,21,0.04974922011768684
1654,e_demand,2030,69,22,22,0.04974922011768684
1655,e_demand,2030,69,23,23,0.04974922011768684
1656,e_demand,2030,69,24,24,0.04974922011768684
1657,e_demand,2030,70,1,1,0.04572601160653409
1658,e_demand,2030,70,2,2,0.04572601160653409
1659,e_demand,2030,70,3,3,0.04572601160653409
1660,e_demand,2030,70,4,4,0.04572601160653409
1661,e_demand,2030,70,5,5,0.04572601160653409
1662,e_demand,2030,70,6,6,0.04572601160653409
1663,e_demand,2030,70,7,7,0.04572601160653409
1664,e_demand,2030,70,8,8,0.04572601160653409
1665,e_demand,2030,70,9,9,0.04572601160653409
1666,e_demand,2030,70,10,10,0.04572601160653409
1667,e_demand,2030,70,11,11,0.04572601160653409
1668,e_demand,2030,70,12,12,0.0018290404642613636
1669,e_demand,2030,70,13,13,0.0018290404642613636
1670,e_demand,2030,70,14,14,0.0018290404642613636
1671,e_demand,2030,70,15,15,0.04572601160653409
1672,e_demand,2030,70,16,16,0.04572601160653409
1673,e_demand,2030,70,17,17,0.04572601160653409
1674,e_demand,2030,70,18,18,0.04572601160653409
1675,e_demand,2030,70,19,19,0.04572601160653409
1676,e_demand,2030,70,20,20,0.06401641624914774
1677,e_demand,2030,70,21,21,0.06401641624914774
1678,e_demand,2030,70,22,22,0.04572601160653409
1679,e_demand,2030,70,23,23,0.04572601160653409
1680,e_demand,2030,70,24,24,0.04572601160653409
1681,e_demand,2030,71,1,1,0.03886543727099361
1682,e_demand,2030,71,2,2,0.03886543727099361
1683,e_demand,2030,71,3,3,0.03886543727099361
1684,e_demand,2030,71,4,4,0.03886543727099361
1685,e_demand,2030,71,5,5,0.03886543727099361
1686,e_demand,2030,71,6,6,0.03886543727099361
1687,e_demand,2030,71,7,7,0.03886543727099361
1688,e_demand,2030,71,8,8,0.03886543727099361
1689,e_demand,2030,71,9,9,0.03886543727099361
1690,e_demand,2030,71,10,10,0.03886543727099361
1691,e_demand,2030,71,11,11,0.03886543727099361
1692,e_demand,2030,71,12,12,0.0
1693,e_demand,2030,71,13,13,0.0
1694,e_demand,2030,71,14,14,0.0
1695,e_demand,2030,71,15,15,0.0
1696,e_demand,2030,71,16,16,0.03886543727099361
1697,e_demand,2030,71,17,17,0.03886543727099361
1698,e_demand,2030,71,18,18,0.03886543727099361
1699,e_demand,2030,71,19,19,0.03886543727099361
1700,e_demand,2030,71,20,20,0.054411612179391056
1701,e_demand,2030,71,21,21,0.054411612179391056
1702,e_demand,2030,71,22,22,0.03886543727099361
1703,e_demand,2030,71,23,23,0.03886543727099361
1704,e_demand,2030,71,24,24,0.03886543727099361
1705,e_demand,2030,72,1,1,0.025
1706,e_demand,2030,72,2,2,0.025
1707,e_demand,2030,72,3,3,0.025
1708,e_demand,2030,72,4,4,0.025
1709,e_demand,2030,72,5,5,0.025
1710,e_demand,2030,72,6,6,0.025
1711,e_demand,2030,72,7,7,0.025
1712,e_demand,2030,72,8,8,0.025
1713,e_demand,2030,72,9,9,0.025
1714,e_demand,2030,72,10,10,0.025
1715,e_demand,2030,72,11,11,0.025
1716,e_demand,2030,72,12,12,0.025
1717,e_demand,2030,72,13,13,0.025
1718,e_demand,2030,72,14,14,0.025
1719,e_demand,2030,72,15,15,0.025
1720,e_demand,2030,72,16,16,0.025
1721,e_demand,2030,72,17,17,0.025
1722,e_demand,2030,72,18,18,0.025
1723,e_demand,2030,72,19,19,0.035
1724,e_demand,2030,72,20,20,0.035
1725,e_demand,2030,72,21,21,0.035
1726,e_demand,2030,72,22,22,0.035
1727,e_demand,2030,72,23,23,0.025
1728,e_demand,2030,72,24,24,0.025
1729,e_demand,2030,73,1,1,0.025
1730,e_demand,2030,73,2,2,0.025
1731,e_demand,2030,73,3,3,0.025
1732,e_demand,2030,73,4,4,0.025
1733,e_demand,2030,73,5,5,0.025
1734,e_demand,2030,73,6,6,0.025
1735,e_demand,2030,73,7,7,0.025
1736,e_demand,2030,73,8,8,0.025
1737,e_demand,2030,73,9,9,0.025
1738,e_demand,2030,73,10,10,0.025
1739,e_demand,2030,73,11,11,0.025
1740,e_demand,2030,73,12,12,0.025
1741,e_demand,2030,73,13,13,0.025
1742,e_demand,2030,73,14,14,0.025
1743,e_demand,2030,73,15,15,0.025
1744,e_demand,2030,73,16,16,0.025
1745,e_demand,2030,73,17,17,0.025
1746,e_demand,2030,73,18,18,0.025
1747,e_demand,2030,73,19,19,0.025
1748,e_demand,2030,73,20,20,0.025
1749,e_demand,2030,73,21,21,0.025
1750,e_demand,2030,73,22,22,0.025
1751,e_demand,2030,73,23,23,0.025
1752,e_demand,2030,73,24,24,0.025
1753,e_demand,2030,74,1,1,0.05650566809291108
1754,e_demand,2030,74,2,2,0.05650566809291108
1755,e_demand,2030,74,3,3,0.05650566809291108
1756,e_demand,2030,74,4,4,0.05650566809291108
1757,e_demand,2030,74,5,5,0.05650566809291108
1758,e_demand,2030,74,6,6,0.05650566809291108
1759,e_demand,2030,74,7,7,0.05650566809291108
1760,e_demand,2030,74,8,8,0.05650566809291108
1761,e_demand,2030,74,9,9,0.05650566809291108
1762,e_demand,2030,74,10,10,0.05650566809291108
1763,e_demand,2030,74,11,11,0.05650566809291108
1764,e_demand,2030,74,12,12,0.0
1765,e_demand,2030,74,13,13,0.0
1766,e_demand,2030,74,14,14,0.0
1767,e_demand,2030,74,15,15,0.05650566809291108
1768,e_demand,2030,74,16,16,0.05650566809291108
1769,e_demand,2030,74,17,17,0.05650566809291108
1770,e_demand,2030,74,18,18,0.05650566809291108
1771,e_demand,2030,74,19,19,0.05650566809291108
1772,e_demand,2030,74,20,20,0.05650566809291108
1773,e_demand,2030,74,21,21,0.05650566809291108
1774,e_demand,2030,74,22,22,0.05650566809291108
1775,e_demand,2030,74,23,23,0.05650566809291108
1776,e_demand,2030,74,24,24,0.05650566809291108
1777,e_demand,2030,75,1,1,0.027055315690495463
1778,e_demand,2030,75,2,2,0.027055315690495463
1779,e_demand,2030,75,3,3,0.027055315690495463
1780,e_demand,2030,75,4,4,0.027055315690495463
1781,e_demand,2030,75,5,5,0.027055315690495463
1782,e_demand,2030,75,6,6,0.027055315690495463
1783,e_demand,2030,75,7,7,0.027055315690495463
1784,e_demand,2030,75,8,8,0.027055315690495463
1785,e_demand,2030,75,9,9,0.027055315690495463
1786,e_demand,2030,75,10,10,0.027055315690495463
1787,e_demand,2030,75,11,11,0.0
1788,e_demand,2030,75,12,12,0.0
1789,e_demand,2030,75,13,13,0.0
1790,e_demand,2030,75,14,14,0.0
1791,e_demand,2030,75,15,15,0.0
1792,e_demand,2030,75,16,16,0.027055315690495463
1793,e_demand,2030,75,17,17,0.027055315690495463
1794,e_demand,2030,75,18,18,0.027055315690495463
1795,e_demand,2030,75,19,19,0.027055315690495463
1796,e_demand,2030,75,20,20,0.027055315690495463
1797,e_demand,2030,75,21,21,0.027055315690495463
1798,e_demand,2030,75,22,22,0.027055315690495463
1799,e_demand,2030,75,23,23,0.027055315690495463
1800,e_demand,2030,75,24,24,0.027055315690495463
1801,e_demand,2030,76,1,1,0.07907958130226261
1802,e_demand,2030,76,2,2,0.07907958130226261
1803,e_demand,2030,76,3,3,0.07907958130226261
1804,e_demand,2030,76,4,4,0.07907958130226261
1805,e_demand,2030,76,5,5,0.07907958130226261
1806,e_demand,2030,76,6,6,0.07907958130226261
1807,e_demand,2030,76,7,7,0.07907958130226261
1808,e_demand,2030,76,8,8,0.07907958130226261
1809,e_demand,2030,76,9,9,0.07907958130226261
1810,e_demand,2030,76,10,10,0.07907958130226261
1811,e_demand,2030,76,11,11,0.07907958130226261
1812,e_demand,2030,76,12,12,0.07907958130226261
1813,e_demand,2030,76,13,13,0.0031631832520905047
1814,e_demand,2030,76,14,14,0.07907958130226261
1815,e_demand,2030,76,15,15,0.07907958130226261
1816,e_demand,2030,76,16,16,0.07907958130226261
1817,e_demand,2030,76,17,17,0.07907958130226261
1818,e_demand,2030,76,18,18,0.07907958130226261
1819,e_demand,2030,76,19,19,0.07907958130226261
1820,e_demand,2030,76,20,20,0.07907958130226261
1821,e_demand,2030,76,21,21,0.07907958130226261
1822,e_demand,2030,76,22,22,0.07907958130226261
1823,e_demand,2030,76,23,23,0.07907958130226261
1824,e_demand,2030,76,24,24,0.07907958130226261
1825,e_demand,2030,77,1,1,0.025
1826,e_demand,2030,77,2,2,0.025
1827,e_demand,2030,77,3,3,0.025
1828,e_demand,2030,77,4,4,0.025
1829,e_demand,2030,77,5,5,0.025
1830,e_demand,2030,77,6,6,0.025
1831,e_demand,2030,77,7,7,0.025
1832,e_demand,2030,77,8,8,0.025
1833,e_demand,2030,77,9,9,0.025
1834,e_demand,2030,77,10,10,0.025
1835,e_demand,2030,77,11,11,0.0
1836,e_demand,2030,77,12,12,0.0
1837,e_demand,2030,77,13,13,0.0
1838,e_demand,2030,77,14,14,0.0
1839,e_demand,2030,77,15,15,0.0
1840,e_demand,2030,77,16,16,0.025
1841,e_demand,2030,77,17,17,0.025
1842,e_demand,2030,77,18,18,0.025
1843,e_demand,2030,77,19,19,0.025
1844,e_demand,2030,77,20,20,0.035
1845,e_demand,2030,77,21,21,0.035
1846,e_demand,2030,77,22,22,0.025
1847,e_demand,2030,77,23,23,0.025
1848,e_demand,2030,77,24,24,0.025
1849,e_demand,2030,78,1,1,0.025
1850,e_demand,2030,78,2,2,0.025
1851,e_demand,2030,78,3,3,0.025
1852,e_demand,2030,78,4,4,0.025
1853,e_demand,2030,78,5,5,0.025
1854,e_demand,2030,78,6,6,0.025
1855,e_demand,2030,78,7,7,0.025
1856,e_demand,2030,78,8,8,0.025
1857,e_demand,2030,78,9,9,0.025
1858,e_demand,2030,78,10,10,0.025
1859,e_demand,2030,78,11,11,0.0
1860,e_demand,2030,78,12,12,0.0
1861,e_demand,2030,78,13,13,0.0
1862,e_demand,2030,78,14,14,0.001
1863,e_demand,2030,78,15,15,0.025
1864,e_demand,2030,78,16,16,0.025
1865,e_demand,2030,78,17,17,0.025
1866,e_demand,2030,78,18,18,0.025
1867,e_demand,2030,78,19,19,0.025
1868,e_demand,2030,78,20,20,0.035
1869,e_demand,2030,78,21,21,0.025
1870,e_demand,2030,78,22,22,0.025
1871,e_demand,2030,78,23,23,0.025
1872,e_demand,2030,78,24,24,0.025
1873,e_demand,2030,79,1,1,0.025
1874,e_demand,2030,79,2,2,0.025
1875,e_demand,2030,79,3,3,0.025
1876,e_demand,2030,79,4,4,0.025
1877,e_demand,2030,79,5,5,0.025
1878,e_demand,2030,79,6,6,0.025
1879,e_demand,2030,79,7,7,0.025
1880,e_demand,2030,79,8,8,0.025
1881,e_demand,2030,79,9,9,0.025
1882,e_demand,2030,79,10,10,0.001
1883,e_demand,2030,79,11,11,0.0
1884,e_demand,2030,79,12,12,0.0
1885,e_demand,2030,79,13,13,0.0
1886,e_demand,2030,79,14,14,0.0
1887,e_demand,2030,79,15,15,0.001
1888,e_demand,2030,79,16,16,0.025
1889,e_demand,2030,79,17,17,0.025
1890,e_demand,2030,79,18,18,0.025
1891,e_demand,2030,79,19,19,0.025
1892,e_demand,2030,79,20,20,0.025
1893,e_demand,2030,79,21,21,0.025
1894,e_demand,2030,79,22,22,0.025
1895,e_demand,2030,79,23,23,0.025
1896,e_demand,2030,79,24,24,0.025
1897,e_demand,2030,80,1,1,0.02963740545091283
1898,e_demand,2030,80,2,2,0.02963740545091283
1899,e_demand,2030,80,3,3,0.02963740545091283
1900,e_demand,2030,80,4,4,0.02963740545091283
1901,e_demand,2030,80,5,5,0.02963740545091283
1902,e_demand,2030,80,6,6,0.02963740545091283
1903,e_demand,2030,80,7,7,0.02963740545091283
1904,e_demand,2030,80,8,8,0.02963740545091283
1905,e_demand,2030,80,9,9,0.02963740545091283
1906,e_demand,2030,80,10,10,0.02963740545091283
1907,e_demand,2030,80,11,11,0.02963740545091283
1908,e_demand,2030,80,12,12,0.02963740545091283
1909,e_demand,2030,80,13,13,0.02963740545091283
1910,e_demand,2030,80,14,14,0.02963740545091283
1911,e_demand,2030,80,15,15,0.02963740545091283
1912,e_demand,2030,80,16,16,0.02963740545091283
1913,e_demand,2030,80,17,17,0.02963740545091283
1914,e_demand,2030,80,18,18,0.02963740545091283
1915,e_demand,2030,80,19,19,0.02963740545091283
1916,e_demand,2030,80,20,20,0.04149236763127796
1917,e_demand,2030,80,21,21,0.04149236763127796
1918,e_demand,2030,80,22,22,0.02963740545091283
1919,e_demand,2030,80,23,23,0.02963740545091283
1920,e_demand,2030,80,24,24,0.02963740545091283
1921,e_demand,2030,81,1,1,0.037425517856439584
1922,e_demand,2030,81,2,2,0.037425517856439584
1923,e_demand,2030,81,3,3,0.037425517856439584
1924,e_demand,2030,81,4,4,0.037425517856439584
1925,e_demand,2030,81,5,5,0.037425517856439584
1926,e_demand,2030,81,6,6,0.037425517856439584
1927,e_demand,2030,81,7,7,0.037425517856439584
1928,e_demand,2030,81,8,8,0.037425517856439584
1929,e_demand,2030,81,9,9,0.037425517856439584
1930,e_demand,2030,81,10,10,0.037425517856439584
1931,e_demand,2030,81,11,11,0.037425517856439584
1932,e_demand,2030,81,12,12,0.0
1933,e_demand,2030,81,13,13,0.0
1934,e_demand,2030,81,14,14,0.0
1935,e_demand,2030,81,15,15,0.0
1936,e_demand,2030,81,16,16,0.037425517856439584
1937,e_demand,2030,81,17,17,0.037425517856439584
1938,e_demand,2030,81,18,18,0.037425517856439584
1939,e_demand,2030,81,19,19,0.037425517856439584
1940,e_demand,2030,81,20,20,0.037425517856439584
1941,e_demand,2030,81,21,21,0.037425517856439584
1942,e_demand,2030,81,22,22,0.037425517856439584
1943,e_demand,2030,81,23,23,0.037425517856439584
1944,e_demand,2030,81,24,24,0.037425517856439584
1945,e_demand,2030,82,1,1,0.03387153385924554
1946,e_demand,2030,82,2,2,0.03387153385924554
1947,e_demand,2030,82,3,3,0.03387153385924554
1948,e_demand,2030,82,4,4,0.03387153385924554
1949,e_demand,2030,82,5,5,0.03387153385924554
1950,e_demand,2030,82,6,6,0.03387153385924554
1951,e_demand,2030,82,7,7,0.03387153385924554
1952,e_demand,2030,82,8,8,0.03387153385924554
1953,e_demand,2030,82,9,9,0.03387153385924554
1954,e_demand,2030,82,10,10,0.03387153385924554
1955,e_demand,2030,82,11,11,0.03387153385924554
1956,e_demand,2030,82,12,12,0.0013548613543698216
1957,e_demand,2030,82,13,13,0.0013548613543698216
1958,e_demand,2030,82,14,14,0.03387153385924554
1959,e_demand,2030,82,15,15,0.03387153385924554
1960,e_demand,2030,82,16,16,0.03387153385924554
1961,e_demand,2030,82,17,17,0.03387153385924554
1962,e_demand,2030,82,18,18,0.03387153385924554
1963,e_demand,2030,82,19,19,0.03387153385924554
1964,e_demand,2030,82,20,20,0.03387153385924554
1965,e_demand,2030,82,21,21,0.03387153385924554
1966,e_demand,2030,82,22,22,0.03387153385924554
1967,e_demand,2030,82,23,23,0.03387153385924554
1968,e_demand,2030,82,24,24,0.03387153385924554
1969,e_demand,2030,83,1,1,0.06365556443728684
1970,e_demand,2030,83,2,2,0.06365556443728684
1971,e_demand,2030,83,3,3,0.06365556443728684
1972,e_demand,2030,83,4,4,0.06365556443728684
1973,e_demand,2030,83,5,5,0.06365556443728684
1974,e_demand,2030,83,6,6,0.06365556443728684
1975,e_demand,2030,83,7,7,0.06365556443728684
1976,e_demand,2030,83,8,8,0.06365556443728684
1977,e_demand,2030,83,9,9,0.06365556443728684
1978,e_demand,2030,83,10,10,0.06365556443728684
1979,e_demand,2030,83,11,11,0.0
1980,e_demand,2030,83,12,12,0.0
1981,e_demand,2030,83,13,13,0.0
1982,e_demand,2030,83,14,14,0.0
1983,e_demand,2030,83,15,15,0.0
1984,e_demand,2030,83,16,16,0.0
1985,e_demand,2030,83,17,17,0.06365556443728684
1986,e_demand,2030,83,18,18,0.06365556443728684
1987,e_demand,2030,83,19,19,0.06365556443728684
1988,e_demand,2030,83,20,20,0.06365556443728684
1989,e_demand,2030,83,21,21,0.06365556443728684
1990,e_demand,2030,83,22,22,0.06365556443728684
1991,e_demand,2030,83,23,23,0.06365556443728684
1992,e_demand,2030,83,24,24,0.06365556443728684
1993,e_demand,2030,84,1,1,0.05105491891009598
1994,e_demand,2030,84,2,2,0.05105491891009598
1995,e_demand,2030,84,3,3,0.05105491891009598
1996,e_demand,2030,84,4,4,0.05105491891009598
1997,e_demand,2030,84,5,5,0.05105491891009598
1998,e_demand,2030,84,6,6,0.05105491891009598
1999,e_demand,2030,84,7,7,0.05105491891009598
2000,e_demand,2030,84,8,8,0.05105491891009598
2001,e_demand,2030,84,9,9,0.05105491891009598
2002,e_demand,2030,84,10,10,0.05105491891009598
2003,e_demand,2030,84,11,11,0.0
2004,e_demand,2030,84,12,12,0.0
2005,e_demand,2030,84,13,13,0.0
2006,e_demand,2030,84,14,14,0.0
2007,e_demand,2030,84,15,15,0.0020421967564038393
2008,e_demand,2030,84,16,16,0.05105491891009598
2009,e_demand,2030,84,17,17,0.05105491891009598
2010,e_demand,2030,84,18,18,0.05105491891009598
2011,e_demand,2030,84,19,19,0.05105491891009598
2012,e_demand,2030,84,20,20,0.05105491891009598
2013,e_demand,2030,84,21,21,0.05105491891009598
2014,e_demand,2030,84,22,22,0.05105491891009598
2015,e_demand,2030,84,23,23,0.05105491891009598
2016,e_demand,2030,84,24,24,0.05105491891009598
2017,e_demand,2030,85,1,1,0.025684265859341904
2018,e_demand,2030,85,2,2,0.025684265859341904
2019,e_demand,2030,85,3,3,0.025684265859341904
2020,e_demand,2030,85,4,4,0.025684265859341904
2021,e_demand,2030,85,5,5,0.025684265859341904
2022,e_demand,2030,85,6,6,0.025684265859341904
2023,e_demand,2030,85,7,7,0.025684265859341904
2024,e_demand,2030,85,8,8,0.025684265859341904
2025,e_demand,2030,85,9,9,0.025684265859341904
2026,e_demand,2030,85,10,10,0.025684265859341904
2027,e_demand,2030,85,11,11,0.0
2028,e_demand,2030,85,12,12,0.0
2029,e_demand,2030,85,13,13,0.0
2030,e_demand,2030,85,14,14,0.0
2031,e_demand,2030,85,15,15,0.001027370634373676
2032,e_demand,2030,85,16,16,0.025684265859341904
2033,e_demand,2030,85,17,17,0.025684265859341904
2034,e_demand,2030,85,18,18,0.025684265859341904
2035,e_demand,2030,85,19,19,0.025684265859341904
2036,e_demand,2030,85,20,20,0.03595797220307867
2037,e_demand,2030,85,21,21,0.03595797220307867
2038,e_demand,2030,85,22,22,0.025684265859341904
2039,e_demand,2030,85,23,23,0.025684265859341904
2040,e_demand,2030,85,24,24,0.025684265859341904
2041,e_demand,2030,86,1,1,0.02761955859118382
2042,e_demand,2030,86,2,2,0.02761955859118382
2043,e_demand,2030,86,3,3,0.02761955859118382
2044,e_demand,2030,86,4,4,0.02761955859118382
2045,e_demand,2030,86,5,5,0.02761955859118382
2046,e_demand,2030,86,6,6,0.02761955859118382
2047,e_demand,2030,86,7,7,0.02761955859118382
2048,e_demand,2030,86,8,8,0.02761955859118382
2049,e_demand,2030,86,9,9,0.02761955859118382
2050,e_demand,2030,86,10,10,0.0011047823436473527
2051,e_demand,2030,86,11,11,0.0
2052,e_demand,2030,86,12,12,0.0
2053,e_demand,2030,86,13,13,0.0
2054,e_demand,2030,86,14,14,0.0
2055,e_demand,2030,86,15,15,0.0
2056,e_demand,2030,86,16,16,0.02761955859118382
2057,e_demand,2030,86,17,17,0.02761955859118382
2058,e_demand,2030,86,18,18,0.02761955859118382
2059,e_demand,2030,86,19,19,0.02761955859118382
2060,e_demand,2030,86,20,20,0.03866738202765735
2061,e_demand,2030,86,21,21,0.03866738202765735
2062,e_demand,2030,86,22,22,0.02761955859118382
2063,e_demand,2030,86,23,23,0.02761955859118382
2064,e_demand,2030,86,24,24,0.02761955859118382
2065,e_demand,2030,87,1,1,0.028321425028048488
2066,e_demand,2030,87,2,2,0.028321425028048488
2067,e_demand,2030,87,3,3,0.028321425028048488
2068,e_demand,2030,87,4,4,0.028321425028048488
2069,e_demand,2030,87,5,5,0.028321425028048488
2070,e_demand,2030,87,6,6,0.028321425028048488
2071,e_demand,2030,87,7,7,0.028321425028048488
2072,e_demand,2030,87,8,8,0.028321425028048488
2073,e_demand,2030,87,9,9,0.028321425028048488
2074,e_demand,2030,87,10,10,0.028321425028048488
2075,e_demand,2030,87,11,11,0.0
2076,e_demand,2030,87,12,12,0.0
2077,e_demand,2030,87,13,13,0.0
2078,e_demand,2030,87,14,14,0.0
2079,e_demand,2030,87,15,15,0.0
2080,e_demand,2030,87,16,16,0.028321425028048488
2081,e_demand,2030,87,17,17,0.028321425028048488
2082,e_demand,2030,87,18,18,0.028321425028048488
2083,e_demand,2030,87,19,19,0.028321425028048488
2084,e_demand,2030,87,20,20,0.028321425028048488
2085,e_demand,2030,87,21,21,0.028321425028048488
2086,e_demand,2030,87,22,22,0.028321425028048488
2087,e_demand,2030,87,23,23,0.028321425028048488
2088,e_demand,2030,87,24,24,0.028321425028048488
2089,e_demand,2030,88,1,1,0.032066412227336714
2090,e_demand,2030,88,2,2,0.032066412227336714
2091,e_demand,2030,88,3,3,0.032066412227336714
2092,e_demand,2030,88,4,4,0.032066412227336714
2093,e_demand,2030,88,5,5,0.032066412227336714
2094,e_demand,2030,88,6,6,0.032066412227336714
2095,e_demand,2030,88,7,7,0.032066412227336714
2096,e_demand,2030,88,8,8,0.032066412227336714
2097,e_demand,2030,88,9,9,0.032066412227336714
2098,e_demand,2030,88,10,10,0.032066412227336714
2099,e_demand,2030,88,11,11,0.0
2100,e_demand,2030,88,12,12,0.0
2101,e_demand,2030,88,13,13,0.0
2102,e_demand,2030,88,14,14,0.0
2103,e_demand,2030,88,15,15,0.0012826564890934687
2104,e_demand,2030,88,16,16,0.032066412227336714
2105,e_demand,2030,88,17,17,0.032066412227336714
2106,e_demand,2030,88,18,18,0.032066412227336714
2107,e_demand,2030,88,19,19,0.032066412227336714
2108,e_demand,2030,88,20,20,0.032066412227336714
2109,e_demand,2030,88,21,21,0.032066412227336714
2110,e_demand,2030,88,22,22,0.032066412227336714
2111,e_demand,2030,88,23,23,0.032066412227336714
2112,e_demand,2030,88,24,24,0.032066412227336714
2113,e_demand,2030,89,1,1,0.8612681953195814
2114,e_demand,2030,89,2,2,0.8612681953195814
2115,e_demand,2030,89,3,3,0.8612681953195814
2116,e_demand,2030,89,4,4,0.8612681953195814
2117,e_demand,2030,89,5,5,0.8612681953195814
2118,e_demand,2030,89,6,6,0.8612681953195814
2119,e_demand,2030,89,7,7,0.8612681953195814
2120,e_demand,2030,89,8,8,0.8612681953195814
2121,e_demand,2030,89,9,9,0.8612681953195814
2122,e_demand,2030,89,10,10,0.8612681953195814
2123,e_demand,2030,89,11,11,0.03445072781278326
2124,e_demand,2030,89,12,12,0.0
2125,e_demand,2030,89,13,13,0.0
2126,e_demand,2030,89,14,14,0.03445072781278326
2127,e_demand,2030,89,15,15,0.8612681953195814
2128,e_demand,2030,89,16,16,0.8612681953195814
2129,e_demand,2030,89,17,17,0.8612681953195814
2130,e_demand,2030,89,18,18,0.8612681953195814
2131,e_demand,2030,89,19,19,0.8612681953195814
2132,e_demand,2030,89,20,20,0.8612681953195814
2133,e_demand,2030,89,21,21,0.8612681953195814
2134,e_demand,2030,89,22,22,0.8612681953195814
2135,e_demand,2030,89,23,23,0.8612681953195814
2136,e_demand,2030,89,24,24,0.8612681953195814
2137,e_demand,2030,90,1,1,0.0647095182954142
2138,e_demand,2030,90,2,2,0.0647095182954142
2139,e_demand,2030,90,3,3,0.0647095182954142
2140,e_demand,2030,90,4,4,0.0647095182954142
2141,e_demand,2030,90,5,5,0.0647095182954142
2142,e_demand,2030,90,6,6,0.0647095182954142
2143,e_demand,2030,90,7,7,0.0647095182954142
2144,e_demand,2030,90,8,8,0.0647095182954142
2145,e_demand,2030,90,9,9,0.0647095182954142
2146,e_demand,2030,90,10,10,0.0
2147,e_demand,2030,90,11,11,0.0
2148,e_demand,2030,90,12,12,0.0
2149,e_demand,2030,90,13,13,0.0
2150,e_demand,2030,90,14,14,0.0
2151,e_demand,2030,90,15,15,0.0
2152,e_demand,2030,90,16,16,0.0
2153,e_demand,2030,90,17,17,0.0647095182954142
2154,e_demand,2030,90,18,18,0.0647095182954142
2155,e_demand,2030,90,19,19,0.0647095182954142
2156,e_demand,2030,90,20,20,0.0647095182954142
2157,e_demand,2030,90,21,21,0.0647095182954142
2158,e_demand,2030,90,22,22,0.0647095182954142
2159,e_demand,2030,90,23,23,0.0647095182954142
2160,e_demand,2030,90,24,24,0.0647095182954142
2161,e_demand,2030,91,1,1,0.06623374363134717
2162,e_demand,2030,91,2,2,0.06623374363134717
2163,e_demand,2030,91,3,3,0.06623374363134717
2164,e_demand,2030,91,4,4,0.06623374363134717
2165,e_demand,2030,91,5,5,0.06623374363134717
2166,e_demand,2030,91,6,6,0.06623374363134717
2167,e_demand,2030,91,7,7,0.06623374363134717
2168,e_demand,2030,91,8,8,0.06623374363134717
2169,e_demand,2030,91,9,9,0.06623374363134717
2170,e_demand,2030,91,10,10,0.06623374363134717
2171,e_demand,2030,91,11,11,0.0026493497452538864
2172,e_demand,2030,91,12,12,0.0
2173,e_demand,2030,91,13,13,0.0
2174,e_demand,2030,91,14,14,0.0
2175,e_demand,2030,91,15,15,0.0
2176,e_demand,2030,91,16,16,0.06623374363134717
2177,e_demand,2030,91,17,17,0.06623374363134717
2178,e_demand,2030,91,18,18,0.06623374363134717
2179,e_demand,2030,91,19,19,0.06623374363134717
2180,e_demand,2030,91,20,20,0.06623374363134717
2181,e_demand,2030,91,21,21,0.06623374363134717
2182,e_demand,2030,91,22,22,0.06623374363134717
2183,e_demand,2030,91,23,23,0.06623374363134717
2184,e_demand,2030,91,24,24,0.06623374363134717
2185,e_demand,2030,92,1,1,0.0488414205315813
2186,e_demand,2030,92,2,2,0.0488414205315813
2187,e_demand,2030,92,3,3,0.0488414205315813
2188,e_demand,2030,92,4,4,0.0488414205315813
2189,e_demand,2030,92,5,5,0.0488414205315813
2190,e_demand,2030,92,6,6,0.0488414205315813
2191,e_demand,2030,92,7,7,0.0488414205315813
2192,e_demand,2030,92,8,8,0.0488414205315813
2193,e_demand,2030,92,9,9,0.0488414205315813
2194,e_demand,2030,92,10,10,0.0488414205315813
2195,e_demand,2030,92,11,11,0.0
2196,e_demand,2030,92,12,12,0.0
2197,e_demand,2030,92,13,13,0.0
2198,e_demand,2030,92,14,14,0.0
2199,e_demand,2030,92,15,15,0.0
2200,e_demand,2030,92,16,16,0.0488414205315813
2201,e_demand,2030,92,17,17,0.0488414205315813
2202,e_demand,2030,92,18,18,0.0488414205315813
2203,e_demand,2030,92,19,19,0.0488414205315813
2204,e_demand,2030,92,20,20,0.0488414205315813
2205,e_demand,2030,92,21,21,0.0488414205315813
2206,e_demand,2030,92,22,22,0.0488414205315813
2207,e_demand,2030,92,23,23,0.0488414205315813
2208,e_demand,2030,92,24,24,0.0488414205315813
2209,e_demand,2030,93,1,1,0.04255899312445261
2210,e_demand,2030,93,2,2,0.04255899312445261
2211,e_demand,2030,93,3,3,0.04255899312445261
2212,e_demand,2030,93,4,4,0.04255899312445261
2213,e_demand,2030,93,5,5,0.04255899312445261
2214,e_demand,2030,93,6,6,0.04255899312445261
2215,e_demand,2030,93,7,7,0.04255899312445261
2216,e_demand,2030,93,8,8,0.04255899312445261
2217,e_demand,2030,93,9,9,0.04255899312445261
2218,e_demand,2030,93,10,10,0.04255899312445261
2219,e_demand,2030,93,11,11,0.04255899312445261
2220,e_demand,2030,93,12,12,0.0
2221,e_demand,2030,93,13,13,0.0
2222,e_demand,2030,93,14,14,0.0
2223,e_demand,2030,93,15,15,0.0
2224,e_demand,2030,93,16,16,0.04255899312445261
2225,e_demand,2030,93,17,17,0.04255899312445261
2226,e_demand,2030,93,18,18,0.04255899312445261
2227,e_demand,2030,93,19,19,0.04255899312445261
2228,e_demand,2030,93,20,20,0.05958259037423366
2229,e_demand,2030,93,21,21,0.05958259037423366
2230,e_demand,2030,93,22,22,0.04255899312445261
2231,e_demand,2030,93,23,23,0.04255899312445261
2232,e_demand,2030,93,24,24,0.04255899312445261
2233,e_demand,2030,94,1,1,0.025
2234,e_demand,2030,94,2,2,0.025
2235,e_demand,2030,94,3,3,0.025
2236,e_demand,2030,94,4,4,0.025
2237,e_demand,2030,94,5,5,0.025
2238,e_demand,2030,94,6,6,0.025
2239,e_demand,2030,94,7,7,0.025
2240,e_demand,2030,94,8,8,0.025
2241,e_demand,2030,94,9,9,0.025
2242,e_demand,2030,94,10,10,0.025
2243,e_demand,2030,94,11,11,0.0
2244,e_demand,2030,94,12,12,0.0
2245,e_demand,2030,94,13,13,0.0
2246,e_demand,2030,94,14,14,0.0
2247,e_demand,2030,94,15,15,0.0
2248,e_demand,2030,94,16,16,0.001
2249,e_demand,2030,94,17,17,0.025
2250,e_demand,2030,94,18,18,0.025
2251,e_demand,2030,94,19,19,0.025
2252,e_demand,2030,94,20,20,0.025
2253,e_demand,2030,94,21,21,0.025
2254,e_demand,2030,94,22,22,0.025
2255,e_demand,2030,94,23,23,0.025
2256,e_demand,2030,94,24,24,0.025
2257,e_demand,2030,95,1,1,0.02623513772788652
2258,e_demand,2030,95,2,2,0.02623513772788652
2259,e_demand,2030,95,3,3,0.02623513772788652
2260,e_demand,2030,95,4,4,0.02623513772788652
2261,e_demand,2030,95,5,5,0.02623513772788652
2262,e_demand,2030,95,6,6,0.02623513772788652
2263,e_demand,2030,95,7,7,0.02623513772788652
2264,e_demand,2030,95,8,8,0.02623513772788652
2265,e_demand,2030,95,9,9,0.02623513772788652
2266,e_demand,2030,95,10,10,0.001049405509115461
2267,e_demand,2030,95,11,11,0.0
2268,e_demand,2030,95,12,12,0.0
2269,e_demand,2030,95,13,13,0.0
2270,e_demand,2030,95,14,14,0.0
2271,e_demand,2030,95,15,15,0.0
2272,e_demand,2030,95,16,16,0.02623513772788652
2273,e_demand,2030,95,17,17,0.02623513772788652
2274,e_demand,2030,95,18,18,0.02623513772788652
2275,e_demand,2030,95,19,19,0.02623513772788652
2276,e_demand,2030,95,20,20,0.02623513772788652
2277,e_demand,2030,95,21,21,0.02623513772788652
2278,e_demand,2030,95,22,22,0.02623513772788652
2279,e_demand,2030,95,23,23,0.02623513772788652
2280,e_demand,2030,95,24,24,0.02623513772788652
2281,e_demand,2030,96,1,1,0.04903534750739539
2282,e_demand,2030,96,2,2,0.04903534750739539
2283,e_demand,2030,96,3,3,0.04903534750739539
2284,e_demand,2030,96,4,4,0.04903534750739539
2285,e_demand,2030,96,5,5,0.04903534750739539
2286,e_demand,2030,96,6,6,0.04903534750739539
2287,e_demand,2030,96,7,7,0.04903534750739539
2288,e_demand,2030,96,8,8,0.04903534750739539
2289,e_demand,2030,96,9,9,0.04903534750739539
2290,e_demand,2030,96,10,10,0.0
2291,e_demand,2030,96,11,11,0.0
2292,e_demand,2030,96,12,12,0.0
2293,e_demand,2030,96,13,13,0.0
2294,e_demand,2030,96,14,14,0.0
2295,e_demand,2030,96,15,15,0.0
2296,e_demand,2030,96,16,16,0.0
2297,e_demand,2030,96,17,17,0.04903534750739539
2298,e_demand,2030,96,18,18,0.04903534750739539
2299,e_demand,2030,96,19,19,0.04903534750739539
2300,e_demand,2030,96,20,20,0.04903534750739539
2301,e_demand,2030,96,21,21,0.04903534750739539
2302,e_demand,2030,96,22,22,0.04903534750739539
2303,e_demand,2030,96,23,23,0.04903534750739539
2304,e_demand,2030,96,24,24,0.04903534750739539
2305,e_demand,2030,97,1,1,0.27528557127234626
2306,e_demand,2030,97,2,2,0.27528557127234626
2307,e_demand,2030,97,3,3,0.27528557127234626
2308,e_demand,2030,97,4,4,0.27528557127234626
2309,e_demand,2030,97,5,5,0.27528557127234626
2310,e_demand,2030,97,6,6,0.27528557127234626
2311,e_demand,2030,97,7,7,0.27528557127234626
2312,e_demand,2030,97,8,8,0.27528557127234626
2313,e_demand,2030,97,9,9,0.27528557127234626
2314,e_demand,2030,97,10,10,0.27528557127234626
2315,e_demand,2030,97,11,11,0.011011422850893852
2316,e_demand,2030,97,12,12,0.0
2317,e_demand,2030,97,13,13,0.011011422850893852
2318,e_demand,2030,97,14,14,0.27528557127234626
2319,e_demand,2030,97,15,15,0.27528557127234626
2320,e_demand,2030,97,16,16,0.27528557127234626
2321,e_demand,2030,97,17,17,0.27528557127234626
2322,e_demand,2030,97,18,18,0.27528557127234626
2323,e_demand,2030,97,19,19,0.27528557127234626
2324,e_demand,2030,97,20,20,0.27528557127234626
2325,e_demand,2030,97,21,21,0.27528557127234626
2326,e_demand,2030,97,22,22,0.27528557127234626
2327,e_demand,2030,97,23,23,0.27528557127234626
2328,e_demand,2030,97,24,24,0.27528557127234626
2329,e_demand,2030,98,1,1,0.052880659739618086
2330,e_demand,2030,98,2,2,0.052880659739618086
2331,e_demand,2030,98,3,3,0.052880659739618086
2332,e_demand,2030,98,4,4,0.052880659739618086
2333,e_demand,2030,98,5,5,0.052880659739618086
2334,e_demand,2030,98,6,6,0.052880659739618086
2335,e_demand,2030,98,7,7,0.052880659739618086
2336,e_demand,2030,98,8,8,0.052880659739618086
2337,e_demand,2030,98,9,9,0.052880659739618086
2338,e_demand,2030,98,10,10,0.052880659739618086
2339,e_demand,2030,98,11,11,0.052880659739618086
2340,e_demand,2030,98,12,12,0.0
2341,e_demand,2030,98,13,13,0.0
2342,e_demand,2030,98,14,14,0.0
2343,e_demand,2030,98,15,15,0.052880659739618086
2344,e_demand,2030,98,16,16,0.052880659739618086
2345,e_demand,2030,98,17,17,0.052880659739618086
2346,e_demand,2030,98,18,18,0.052880659739618086
2347,e_demand,2030,98,19,19,0.052880659739618086
2348,e_demand,2030,98,20,20,0.052880659739618086
2349,e_demand,2030,98,21,21,0.052880659739618086
2350,e_demand,2030,98,22,22,0.052880659739618086
2351,e_demand,2030,98,23,23,0.052880659739618086
2352,e_demand,2030,98,24,24,0.052880659739618086
2353,e_demand,2030,99,1,1,3.8730954628802596
2354,e_demand,2030,99,2,2,3.8730954628802596
2355,e_demand,2030,99,3,3,3.8730954628802596
2356,e_demand,2030,99,4,4,3.8730954628802596
2357,e_demand,2030,99,5,5,3.8730954628802596
2358,e_demand,2030,99,6,6,3.8730954628802596
2359,e_demand,2030,99,7,7,3.8730954628802596
2360,e_demand,2030,99,8,8,3.8730954628802596
2361,e_demand,2030,99,9,9,3.8730954628802596
2362,e_demand,2030,99,10,10,3.8730954628802596
2363,e_demand,2030,99,11,11,3.8730954628802596
2364,e_demand,2030,99,12,12,3.5778121836448125
2365,e_demand,2030,99,13,13,0.15492381851521037
2366,e_demand,2030,99,14,14,3.8730954628802596
2367,e_demand,2030,99,15,15,3.8730954628802596
2368,e_demand,2030,99,16,16,3.8730954628802596
2369,e_demand,2030,99,17,17,3.8730954628802596
2370,e_demand,2030,99,18,18,3.8730954628802596
2371,e_demand,2030,99,19,19,3.8730954628802596
2372,e_demand,2030,99,20,20,3.9402243090225575
2373,e_demand,2030,99,21,21,3.8730954628802596
2374,e_demand,2030,99,22,22,3.8730954628802596
2375,e_demand,2030,99,23,23,3.8730954628802596
2376,e_demand,2030,99,24,24,3.8730954628802596
2377,e_demand,2030,100,1,1,0.3720850374732314
2378,e_demand,2030,100,2,2,0.3720850374732314
2379,e_demand,2030,100,3,3,0.3720850374732314
2380,e_demand,2030,100,4,4,0.3720850374732314
2381,e_demand,2030,100,5,5,0.3720850374732314
2382,e_demand,2030,100,6,6,0.3720850374732314
2383,e_demand,2030,100,7,7,0.3720850374732314
2384,e_demand,2030,100,8,8,0.3720850374732314
2385,e_demand,2030,100,9,9,0.3720850374732314
2386,e_demand,2030,100,10,10,0.014883401498929255
2387,e_demand,2030,100,11,11,0.0
2388,e_demand,2030,100,12,12,0.0
2389,e_demand,2030,100,13,13,0.0
2390,e_demand,2030,100,14,14,0.0
2391,e_demand,2030,100,15,15,0.014883401498929255
2392,e_demand,2030,100,16,16,0.3720850374732314
2393,e_demand,2030,100,17,17,0.3720850374732314
2394,e_demand,2030,100,18,18,0.3720850374732314
2395,e_demand,2030,100,19,19,0.3720850374732314
2396,e_demand,2030,100,20,20,0.3720850374732314
2397,e_demand,2030,100,21,21,0.3720850374732314
2398,e_demand,2030,100,22,22,0.3720850374732314
2399,e_demand,2030,100,23,23,0.3720850374732314
2400,e_demand,2030,100,24,24,0.3720850374732314
2401,e_demand,2030,101,1,1,0.05037106321643403
2402,e_demand,2030,101,2,2,0.05037106321643403
2403,e_demand,2030,101,3,3,0.05037106321643403
2404,e_demand,2030,101,4,4,0.05037106321643403
2405,e_demand,2030,101,5,5,0.05037106321643403
2406,e_demand,2030,101,6,6,0.05037106321643403
2407,e_demand,2030,101,7,7,0.05037106321643403
2408,e_demand,2030,101,8,8,0.05037106321643403
2409,e_demand,2030,101,9,9,0.05037106321643403
2410,e_demand,2030,101,10,10,0.002014842528657361
2411,e_demand,2030,101,11,11,0.0
2412,e_demand,2030,101,12,12,0.0
2413,e_demand,2030,101,13,13,0.0
2414,e_demand,2030,101,14,14,0.0
2415,e_demand,2030,101,15,15,0.0
2416,e_demand,2030,101,16,16,0.0
2417,e_demand,2030,101,17,17,0.05037106321643403
2418,e_demand,2030,101,18,18,0.05037106321643403
2419,e_demand,2030,101,19,19,0.05037106321643403
2420,e_demand,2030,101,20,20,0.05037106321643403
2421,e_demand,2030,101,21,21,0.05037106321643403
2422,e_demand,2030,101,22,22,0.05037106321643403
2423,e_demand,2030,101,23,23,0.05037106321643403
2424,e_demand,2030,101,24,24,0.05037106321643403
2425,e_demand,2030,102,1,1,0.043948571994654795
2426,e_demand,2030,102,2,2,0.043948571994654795
2427,e_demand,2030,102,3,3,0.043948571994654795
2428,e_demand,2030,102,4,4,0.043948571994654795
2429,e_demand,2030,102,5,5,0.043948571994654795
2430,e_demand,2030,102,6,6,0.043948571994654795
2431,e_demand,2030,102,7,7,0.043948571994654795
2432,e_demand,2030,102,8,8,0.043948571994654795
2433,e_demand,2030,102,9,9,0.043948571994654795
2434,e_demand,2030,102,10,10,0.0017579428797861918
2435,e_demand,2030,102,11,11,0.0
2436,e_demand,2030,102,12,12,0.0
2437,e_demand,2030,102,13,13,0.0
2438,e_demand,2030,102,14,14,0.0
2439,e_demand,2030,102,15,15,0.0
2440,e_demand,2030,102,16,16,0.043948571994654795
2441,e_demand,2030,102,17,17,0.043948571994654795
2442,e_demand,2030,102,18,18,0.043948571994654795
2443,e_demand,2030,102,19,19,0.043948571994654795
2444,e_demand,2030,102,20,20,0.043948571994654795
2445,e_demand,2030,102,21,21,0.043948571994654795
2446,e_demand,2030,102,22,22,0.043948571994654795
2447,e_demand,2030,102,23,23,0.043948571994654795
2448,e_demand,2030,102,24,24,0.043948571994654795
2449,e_demand,2030,103,1,1,0.027459564092472633
2450,e_demand,2030,103,2,2,0.027459564092472633
2451,e_demand,2030,103,3,3,0.027459564092472633
2452,e_demand,2030,103,4,4,0.027459564092472633
2453,e_demand,2030,103,5,5,0.027459564092472633
2454,e_demand,2030,103,6,6,0.027459564092472633
2455,e_demand,2030,103,7,7,0.027459564092472633
2456,e_demand,2030,103,8,8,0.027459564092472633
2457,e_demand,2030,103,9,9,0.027459564092472633
2458,e_demand,2030,103,10,10,0.027459564092472633
2459,e_demand,2030,103,11,11,0.0010983825636989052
2460,e_demand,2030,103,12,12,0.0
2461,e_demand,2030,103,13,13,0.0
2462,e_demand,2030,103,14,14,0.0
2463,e_demand,2030,103,15,15,0.0
2464,e_demand,2030,103,16,16,0.027459564092472633
2465,e_demand,2030,103,17,17,0.027459564092472633
2466,e_demand,2030,103,18,18,0.027459564092472633
2467,e_demand,2030,103,19,19,0.027459564092472633
2468,e_demand,2030,103,20,20,0.027459564092472633
2469,e_demand,2030,103,21,21,0.027459564092472633
2470,e_demand,2030,103,22,22,0.027459564092472633
2471,e_demand,2030,103,23,23,0.027459564092472633
2472,e_demand,2030,103,24,24,0.027459564092472633
2473,e_demand,2030,104,1,1,0.04470023018915013
2474,e_demand,2030,104,2,2,0.04470023018915013
2475,e_demand,2030,104,3,3,0.04470023018915013
2476,e_demand,2030,104,4,4,0.04470023018915013
2477,e_demand,2030,104,5,5,0.04470023018915013
2478,e_demand,2030,104,6,6,0.04470023018915013
2479,e_demand,2030,104,7,7,0.04470023018915013
2480,e_demand,2030,104,8,8,0.04470023018915013
2481,e_demand,2030,104,9,9,0.04470023018915013
2482,e_demand,2030,104,10,10,0.04470023018915013
2483,e_demand,2030,104,11,11,0.04470023018915013
2484,e_demand,2030,104,12,12,0.0
2485,e_demand,2030,104,13,13,0.0
2486,e_demand,2030,104,14,14,0.0
2487,e_demand,2030,104,15,15,0.0
2488,e_demand,2030,104,16,16,0.04470023018915013
2489,e_demand,2030,104,17,17,0.04470023018915013
2490,e_demand,2030,104,18,18,0.04470023018915013
2491,e_demand,2030,104,19,19,0.06258032226481018
2492,e_demand,2030,104,20,20,0.06258032226481018
2493,e_demand,2030,104,21,21,0.06258032226481018
2494,e_demand,2030,104,22,22,0.06258032226481018
2495,e_demand,2030,104,23,23,0.04470023018915013
2496,e_demand,2030,104,24,24,0.04470023018915013
2497,e_demand,2030,105,1,1,0.02628570167394444
2498,e_demand,2030,105,2,2,0.02628570167394444
2499,e_demand,2030,105,3,3,0.02628570167394444
2500,e_demand,2030,105,4,4,0.02628570167394444
2501,e_demand,2030,105,5,5,0.02628570167394444
2502,e_demand,2030,105,6,6,0.02628570167394444
2503,e_demand,2030,105,7,7,0.02628570167394444
2504,e_demand,2030,105,8,8,0.02628570167394444
2505,e_demand,2030,105,9,9,0.02628570167394444
2506,e_demand,2030,105,10,10,0.02628570167394444
2507,e_demand,2030,105,11,11,0.0
2508,e_demand,2030,105,12,12,0.0
2509,e_demand,2030,105,13,13,0.0
2510,e_demand,2030,105,14,14,0.0
2511,e_demand,2030,105,15,15,0.0
2512,e_demand,2030,105,16,16,0.0010514280669577775
2513,e_demand,2030,105,17,17,0.02628570167394444
2514,e_demand,2030,105,18,18,0.02628570167394444
2515,e_demand,2030,105,19,19,0.02628570167394444
2516,e_demand,2030,105,20,20,0.02628570167394444
2517,e_demand,2030,105,21,21,0.02628570167394444
2518,e_demand,2030,105,22,22,0.02628570167394444
2519,e_demand,2030,105,23,23,0.02628570167394444
2520,e_demand,2030,105,24,24,0.02628570167394444
2521,e_demand,2030,106,1,1,0.074954360507113
2522,e_demand,2030,106,2,2,0.074954360507113
2523,e_demand,2030,106,3,3,0.074954360507113
2524,e_demand,2030,106,4,4,0.074954360507113
2525,e_demand,2030,106,5,5,0.074954360507113
2526,e_demand,2030,106,6,6,0.074954360507113
2527,e_demand,2030,106,7,7,0.074954360507113
2528,e_demand,2030,106,8,8,0.074954360507113
2529,e_demand,2030,106,9,9,0.074954360507113
2530,e_demand,2030,106,10,10,0.074954360507113
2531,e_demand,2030,106,11,11,0.0
2532,e_demand,2030,106,12,12,0.0
2533,e_demand,2030,106,13,13,0.0
2534,e_demand,2030,106,14,14,0.0
2535,e_demand,2030,106,15,15,0.0
2536,e_demand,2030,106,16,16,0.074954360507113
2537,e_demand,2030,106,17,17,0.074954360507113
2538,e_demand,2030,106,18,18,0.074954360507113
2539,e_demand,2030,106,19,19,0.074954360507113
2540,e_demand,2030,106,20,20,0.074954360507113
2541,e_demand,2030,106,21,21,0.074954360507113
2542,e_demand,2030,106,22,22,0.074954360507113
2543,e_demand,2030,106,23,23,0.074954360507113
2544,e_demand,2030,106,24,24,0.074954360507113
2545,e_demand,2030,107,1,1,0.18360863358024726
2546,e_demand,2030,107,2,2,0.18360863358024726
2547,e_demand,2030,107,3,3,0.18360863358024726
2548,e_demand,2030,107,4,4,0.18360863358024726
2549,e_demand,2030,107,5,5,0.18360863358024726
2550,e_demand,2030,107,6,6,0.18360863358024726
2551,e_demand,2030,107,7,7,0.18360863358024726
2552,e_demand,2030,107,8,8,0.18360863358024726
2553,e_demand,2030,107,9,9,0.18360863358024726
2554,e_demand,2030,107,10,10,0.00734434534320989
2555,e_demand,2030,107,11,11,0.0
2556,e_demand,2030,107,12,12,0.0
2557,e_demand,2030,107,13,13,0.0
2558,e_demand,2030,107,14,14,0.0
2559,e_demand,2030,107,15,15,0.0
2560,e_demand,2030,107,16,16,0.00734434534320989
2561,e_demand,2030,107,17,17,0.18360863358024726
2562,e_demand,2030,107,18,18,0.18360863358024726
2563,e_demand,2030,107,19,19,0.18360863358024726
2564,e_demand,2030,107,20,20,0.18360863358024726
2565,e_demand,2030,107,21,21,0.18360863358024726
2566,e_demand,2030,107,22,22,0.18360863358024726
2567,e_demand,2030,107,23,23,0.18360863358024726
2568,e_demand,2030,107,24,24,0.18360863358024726
2569,e_demand,2030,108,1,1,0.04875189451121459
2570,e_demand,2030,108,2,2,0.04875189451121459
2571,e_demand,2030,108,3,3,0.04875189451121459
2572,e_demand,2030,108,4,4,0.04875189451121459
2573,e_demand,2030,108,5,5,0.04875189451121459
2574,e_demand,2030,108,6,6,0.04875189451121459
2575,e_demand,2030,108,7,7,0.04875189451121459
2576,e_demand,2030,108,8,8,0.04875189451121459
2577,e_demand,2030,108,9,9,0.04875189451121459
2578,e_demand,2030,108,10,10,0.0
2579,e_demand,2030,108,11,11,0.0
2580,e_demand,2030,108,12,12,0.0
2581,e_demand,2030,108,13,13,0.0
2582,e_demand,2030,108,14,14,0.0
2583,e_demand,2030,108,15,15,0.0
2584,e_demand,2030,108,16,16,0.0
2585,e_demand,2030,108,17,17,0.04875189451121459
2586,e_demand,2030,108,18,18,0.04875189451121459
2587,e_demand,2030,108,19,19,0.04875189451121459
2588,e_demand,2030,108,20,20,0.04875189451121459
2589,e_demand,2030,108,21,21,0.04875189451121459
2590,e_demand,2030,108,22,22,0.04875189451121459
2591,e_demand,2030,108,23,23,0.04875189451121459
2592,e_demand,2030,108,24,24,0.04875189451121459
2593,e_demand,2030,109,1,1,0.1084582158490663
2594,e_demand,2030,109,2,2,0.1084582158490663
2595,e_demand,2030,109,3,3,0.1084582158490663
2596,e_demand,2030,109,4,4,0.1084582158490663
2597,e_demand,2030,109,5,5,0.1084582158490663
2598,e_demand,2030,109,6,6,0.1084582158490663
2599,e_demand,2030,109,7,7,0.1084582158490663
2600,e_demand,2030,109,8,8,0.1084582158490663
2601,e_demand,2030,109,9,9,0.1084582158490663
2602,e_demand,2030,109,10,10,0.1084582158490663
2603,e_demand,2030,109,11,11,0.0
2604,e_demand,2030,109,12,12,0.0
2605,e_demand,2030,109,13,13,0.0
2606,e_demand,2030,109,14,14,0.0
2607,e_demand,2030,109,15,15,0.0
2608,e_demand,2030,109,16,16,0.1084582158490663
2609,e_demand,2030,109,17,17,0.1084582158490663
2610,e_demand,2030,109,18,18,0.1084582158490663
2611,e_demand,2030,109,19,19,0.1084582158490663
2612,e_demand,2030,109,20,20,0.1084582158490663
2613,e_demand,2030,109,21,21,0.1084582158490663
2614,e_demand,2030,109,22,22,0.1084582158490663
2615,e_demand,2030,109,23,23,0.1084582158490663
2616,e_demand,2030,109,24,24,0.1084582158490663
2617,e_demand,2030,110,1,1,0.04583609447054035
2618,e_demand,2030,110,2,2,0.04583609447054035
2619,e_demand,2030,110,3,3,0.04583609447054035
2620,e_demand,2030,110,4,4,0.04583609447054035
2621,e_demand,2030,110,5,5,0.04583609447054035
2622,e_demand,2030,110,6,6,0.04583609447054035
2623,e_demand,2030,110,7,7,0.04583609447054035
2624,e_demand,2030,110,8,8,0.04583609447054035
2625,e_demand,2030,110,9,9,0.04583609447054035
2626,e_demand,2030,110,10,10,0.04583609447054035
2627,e_demand,2030,110,11,11,0.0
2628,e_demand,2030,110,12,12,0.0
2629,e_demand,2030,110,13,13,0.0
2630,e_demand,2030,110,14,14,0.0
2631,e_demand,2030,110,15,15,0.0
2632,e_demand,2030,110,16,16,0.04583609447054035
2633,e_demand,2030,110,17,17,0.04583609447054035
2634,e_demand,2030,110,18,18,0.04583609447054035
2635,e_demand,2030,110,19,19,0.04583609447054035
2636,e_demand,2030,110,20,20,0.04583609447054035
2637,e_demand,2030,110,21,21,0.04583609447054035
2638,e_demand,2030,110,22,22,0.04583609447054035
2639,e_demand,2030,110,23,23,0.04583609447054035
2640,e_demand,2030,110,24,24,0.04583609447054035
2641,e_demand,2030,111,1,1,0.3373066391468818
2642,e_demand,2030,111,2,2,0.3373066391468818
2643,e_demand,2030,111,3,3,0.3373066391468818
2644,e_demand,2030,111,4,4,0.3373066391468818
2645,e_demand,2030,111,5,5,0.3373066391468818
2646,e_demand,2030,111,6,6,0.3373066391468818
2647,e_demand,2030,111,7,7,0.3373066391468818
2648,e_demand,2030,111,8,8,0.3373066391468818
2649,e_demand,2030,111,9,9,0.3373066391468818
2650,e_demand,2030,111,10,10,0.3373066391468818
2651,e_demand,2030,111,11,11,0.3373066391468818
2652,e_demand,2030,111,12,12,0.3373066391468818
2653,e_demand,2030,111,13,13,0.013492265565875272
2654,e_demand,2030,111,14,14,0.013492265565875272
2655,e_demand,2030,111,15,15,0.3373066391468818
2656,e_demand,2030,111,16,16,0.3373066391468818
2657,e_demand,2030,111,17,17,0.3373066391468818
2658,e_demand,2030,111,18,18,0.3373066391468818
2659,e_demand,2030,111,19,19,0.3373066391468818
2660,e_demand,2030,111,20,20,0.3373066391468818
2661,e_demand,2030,111,21,21,0.3373066391468818
2662,e_demand,2030,111,22,22,0.3373066391468818
2663,e_demand,2030,111,23,23,0.3373066391468818
2664,e_demand,2030,111,24,24,0.3373066391468818
2665,e_demand,2030,112,1,1,0.03006829172947377
2666,e_demand,2030,112,2,2,0.03006829172947377
2667,e_demand,2030,112,3,3,0.03006829172947377
2668,e_demand,2030,112,4,4,0.03006829172947377
2669,e_demand,2030,112,5,5,0.03006829172947377
2670,e_demand,2030,112,6,6,0.03006829172947377
2671,e_demand,2030,112,7,7,0.03006829172947377
2672,e_demand,2030,112,8,8,0.03006829172947377
2673,e_demand,2030,112,9,9,0.03006829172947377
2674,e_demand,2030,112,10,10,0.03006829172947377
2675,e_demand,2030,112,11,11,0.03006829172947377
2676,e_demand,2030,112,12,12,0.0
2677,e_demand,2030,112,13,13,0.0
2678,e_demand,2030,112,14,14,0.0
2679,e_demand,2030,112,15,15,0.0
2680,e_demand,2030,112,16,16,0.03006829172947377
2681,e_demand,2030,112,17,17,0.03006829172947377
2682,e_demand,2030,112,18,18,0.03006829172947377
2683,e_demand,2030,112,19,19,0.03006829172947377
2684,e_demand,2030,112,20,20,0.03006829172947377
2685,e_demand,2030,112,21,21,0.03006829172947377
2686,e_demand,2030,112,22,22,0.03006829172947377
2687,e_demand,2030,112,23,23,0.03006829172947377
2688,e_demand,2030,112,24,24,0.03006829172947377
2689,e_demand,2030,113,1,1,0.031207275047074504
2690,e_demand,2030,113,2,2,0.031207275047074504
2691,e_demand,2030,113,3,3,0.031207275047074504
2692,e_demand,2030,113,4,4,0.031207275047074504
2693,e_demand,2030,113,5,5,0.031207275047074504
2694,e_demand,2030,113,6,6,0.031207275047074504
2695,e_demand,2030,113,7,7,0.031207275047074504
2696,e_demand,2030,113,8,8,0.031207275047074504
2697,e_demand,2030,113,9,9,0.031207275047074504
2698,e_demand,2030,113,10,10,0.0
2699,e_demand,2030,113,11,11,0.0
2700,e_demand,2030,113,12,12,0.0
2701,e_demand,2030,113,13,13,0.0
2702,e_demand,2030,113,14,14,0.0
2703,e_demand,2030,113,15,15,0.0
2704,e_demand,2030,113,16,16,0.0
2705,e_demand,2030,113,17,17,0.031207275047074504
2706,e_demand,2030,113,18,18,0.031207275047074504
2707,e_demand,2030,113,19,19,0.031207275047074504
2708,e_demand,2030,113,20,20,0.031207275047074504
2709,e_demand,2030,113,21,21,0.031207275047074504
2710,e_demand,2030,113,22,22,0.031207275047074504
2711,e_demand,2030,113,23,23,0.031207275047074504
2712,e_demand,2030,113,24,24,0.031207275047074504
2713,e_demand,2030,114,1,1,0.3841986917236426
2714,e_demand,2030,114,2,2,0.3841986917236426
2715,e_demand,2030,114,3,3,0.3841986917236426
2716,e_demand,2030,114,4,4,0.3841986917236426
2717,e_demand,2030,114,5,5,0.3841986917236426
2718,e_demand,2030,114,6,6,0.3841986917236426
2719,e_demand,2030,114,7,7,0.3841986917236426
2720,e_demand,2030,114,8,8,0.3841986917236426
2721,e_demand,2030,114,9,9,0.3841986917236426
2722,e_demand,2030,114,10,10,0.3841986917236426
2723,e_demand,2030,114,11,11,0.015367947668945706
2724,e_demand,2030,114,12,12,0.015367947668945706
2725,e_demand,2030,114,13,13,0.3841986917236426
2726,e_demand,2030,114,14,14,0.3841986917236426
2727,e_demand,2030,114,15,15,0.3841986917236426
2728,e_demand,2030,114,16,16,0.3841986917236426
2729,e_demand,2030,114,17,17,0.3841986917236426
2730,e_demand,2030,114,18,18,0.3841986917236426
2731,e_demand,2030,114,19,19,0.3841986917236426
2732,e_demand,2030,114,20,20,0.3841986917236426
2733,e_demand,2030,114,21,21,0.3841986917236426
2734,e_demand,2030,114,22,22,0.3841986917236426
2735,e_demand,2030,114,23,23,0.3841986917236426
2736,e_demand,2030,114,24,24,0.3841986917236426
2737,e_demand,2030,115,1,1,0.255673466240724
2738,e_demand,2030,115,2,2,0.255673466240724
2739,e_demand,2030,115,3,3,0.255673466240724
2740,e_demand,2030,115,4,4,0.255673466240724
2741,e_demand,2030,115,5,5,0.255673466240724
2742,e_demand,2030,115,6,6,0.255673466240724
2743,e_demand,2030,115,7,7,0.255673466240724
2744,e_demand,2030,115,8,8,0.255673466240724
2745,e_demand,2030,115,9,9,0.255673466240724
2746,e_demand,2030,115,10,10,0.255673466240724
2747,e_demand,2030,115,11,11,0.255673466240724
2748,e_demand,2030,115,12,12,0.255673466240724
2749,e_demand,2030,115,13,13,0.01022693864962896
2750,e_demand,2030,115,14,14,0.01022693864962896
2751,e_demand,2030,115,15,15,0.01022693864962896
2752,e_demand,2030,115,16,16,0.255673466240724
2753,e_demand,2030,115,17,17,0.255673466240724
2754,e_demand,2030,115,18,18,0.255673466240724
2755,e_demand,2030,115,19,19,0.255673466240724
2756,e_demand,2030,115,20,20,0.255673466240724
2757,e_demand,2030,115,21,21,0.255673466240724
2758,e_demand,2030,115,22,22,0.255673466240724
2759,e_demand,2030,115,23,23,0.255673466240724
2760,e_demand,2030,115,24,24,0.255673466240724
2761,e_demand,2030,116,1,1,0.13920424422880703
2762,e_demand,2030,116,2,2,0.13920424422880703
2763,e_demand,2030,116,3,3,0.13920424422880703
2764,e_demand,2030,116,4,4,0.13920424422880703
2765,e_demand,2030,116,5,5,0.13920424422880703
2766,e_demand,2030,116,6,6,0.13920424422880703
2767,e_demand,2030,116,7,7,0.13920424422880703
2768,e_demand,2030,116,8,8,0.13920424422880703
2769,e_demand,2030,116,9,9,0.13920424422880703
2770,e_demand,2030,116,10,10,0.13920424422880703
2771,e_demand,2030,116,11,11,0.13920424422880703
2772,e_demand,2030,116,12,12,0.13920424422880703
2773,e_demand,2030,116,13,13,0.0055681697691522805
2774,e_demand,2030,116,14,14,0.0
2775,e_demand,2030,116,15,15,0.0055681697691522805
2776,e_demand,2030,116,16,16,0.13920424422880703
2777,e_demand,2030,116,17,17,0.13920424422880703
2778,e_demand,2030,116,18,18,0.13920424422880703
2779,e_demand,2030,116,19,19,0.13920424422880703
2780,e_demand,2030,116,20,20,0.19488594192032985
2781,e_demand,2030,116,21,21,0.19488594192032985
2782,e_demand,2030,116,22,22,0.13920424422880703
2783,e_demand,2030,116,23,23,0.13920424422880703
2784,e_demand,2030,116,24,24,0.13920424422880703
2785,e_demand,2030,117,1,1,0.2405678825617336
2786,e_demand,2030,117,2,2,0.2405678825617336
2787,e_demand,2030,117,3,3,0.2405678825617336
2788,e_demand,2030,117,4,4,0.2405678825617336
2789,e_demand,2030,117,5,5,0.2405678825617336
2790,e_demand,2030,117,6,6,0.2405678825617336
2791,e_demand,2030,117,7,7,0.2405678825617336
2792,e_demand,2030,117,8,8,0.2405678825617336
2793,e_demand,2030,117,9,9,0.2405678825617336
2794,e_demand,2030,117,10,10,0.2405678825617336
2795,e_demand,2030,117,11,11,0.2405678825617336
2796,e_demand,2030,117,12,12,0.0
2797,e_demand,2030,117,13,13,0.0
2798,e_demand,2030,117,14,14,0.0
2799,e_demand,2030,117,15,15,0.2405678825617336
2800,e_demand,2030,117,16,16,0.2405678825617336
2801,e_demand,2030,117,17,17,0.2405678825617336
2802,e_demand,2030,117,18,18,0.2405678825617336
2803,e_demand,2030,117,19,19,0.2405678825617336
2804,e_demand,2030,117,20,20,0.2405678825617336
2805,e_demand,2030,117,21,21,0.2405678825617336
2806,e_demand,2030,117,22,22,0.2405678825617336
2807,e_demand,2030,117,23,23,0.2405678825617336
2808,e_demand,2030,117,24,24,0.2405678825617336
2809,e_demand,2030,118,1,1,0.10558321945670535
2810,e_demand,2030,118,2,2,0.10558321945670535
2811,e_demand,2030,118,3,3,0.10558321945670535
2812,e_demand,2030,118,4,4,0.10558321945670535
2813,e_demand,2030,118,5,5,0.10558321945670535
2814,e_demand,2030,118,6,6,0.10558321945670535
2815,e_demand,2030,118,7,7,0.10558321945670535
2816,e_demand,2030,118,8,8,0.10558321945670535
2817,e_demand,2030,118,9,9,0.10558321945670535
2818,e_demand,2030,118,10,10,0.10558321945670535
2819,e_demand,2030,118,11,11,0.10558321945670535
2820,e_demand,2030,118,12,12,0.10558321945670535
2821,e_demand,2030,118,13,13,0.10558321945670535
2822,e_demand,2030,118,14,14,0.10558321945670535
2823,e_demand,2030,118,15,15,0.10558321945670535
2824,e_demand,2030,118,16,16,0.10558321945670535
2825,e_demand,2030,118,17,17,0.10558321945670535
2826,e_demand,2030,118,18,18,0.10558321945670535
2827,e_demand,2030,118,19,19,0.10558321945670535
2828,e_demand,2030,118,20,20,0.10558321945670535
2829,e_demand,2030,118,21,21,0.10558321945670535
2830,e_demand,2030,118,22,22,0.10558321945670535
2831,e_demand,2030,118,23,23,0.10558321945670535
2832,e_demand,2030,118,24,24,0.10558321945670535
2833,e_demand,2030,119,1,1,0.06636633634007323
2834,e_demand,2030,119,2,2,0.06636633634007323
2835,e_demand,2030,119,3,3,0.06636633634007323
2836,e_demand,2030,119,4,4,0.06636633634007323
2837,e_demand,2030,119,5,5,0.06636633634007323
2838,e_demand,2030,119,6,6,0.06636633634007323
2839,e_demand,2030,119,7,7,0.06636633634007323
2840,e_demand,2030,119,8,8,0.06636633634007323
2841,e_demand,2030,119,9,9,0.06636633634007323
2842,e_demand,2030,119,10,10,0.06636633634007323
2843,e_demand,2030,119,11,11,0.06636633634007323
2844,e_demand,2030,119,12,12,0.06636633634007323
2845,e_demand,2030,119,13,13,0.06636633634007323
2846,e_demand,2030,119,14,14,0.06636633634007323
2847,e_demand,2030,119,15,15,0.06636633634007323
2848,e_demand,2030,119,16,16,0.06636633634007323
2849,e_demand,2030,119,17,17,0.06636633634007323
2850,e_demand,2030,119,18,18,0.06636633634007323
2851,e_demand,2030,119,19,19,0.06636633634007323
2852,e_demand,2030,119,20,20,0.06636633634007323
2853,e_demand,2030,119,21,21,0.06636633634007323
2854,e_demand,2030,119,22,22,0.06636633634007323
2855,e_demand,2030,119,23,23,0.06636633634007323
2856,e_demand,2030,119,24,24,0.06636633634007323
2857,e_demand,2030,120,1,1,0.08249403070077858
2858,e_demand,2030,120,2,2,0.08249403070077858
2859,e_demand,2030,120,3,3,0.08249403070077858
2860,e_demand,2030,120,4,4,0.08249403070077858
2861,e_demand,2030,120,5,5,0.08249403070077858
2862,e_demand,2030,120,6,6,0.08249403070077858
2863,e_demand,2030,120,7,7,0.08249403070077858
2864,e_demand,2030,120,8,8,0.08249403070077858
2865,e_demand,2030,120,9,9,0.08249403070077858
2866,e_demand,2030,120,10,10,0.0
2867,e_demand,2030,120,11,11,0.0
2868,e_demand,2030,120,12,12,0.0
2869,e_demand,2030,120,13,13,0.0
2870,e_demand,2030,120,14,14,0.0
2871,e_demand,2030,120,15,15,0.0
2872,e_demand,2030,120,16,16,0.0
2873,e_demand,2030,120,17,17,0.08249403070077858
2874,e_demand,2030,120,18,18,0.08249403070077858
2875,e_demand,2030,120,19,19,0.08249403070077858
2876,e_demand,2030,120,20,20,0.08249403070077858
2877,e_demand,2030,120,21,21,0.08249403070077858
2878,e_demand,2030,120,22,22,0.08249403070077858
2879,e_demand,2030,120,23,23,0.08249403070077858
2880,e_demand,2030,120,24,24,0.08249403070077858
