rep_period,timestep,year,profile_name,value
1,1,2030,demand,0.5050164512380515
1,2,2030,demand,0.49929222878946083
1,3,2030,demand,0.4907461187969095
1,4,2030,demand,0.4887948267757037
1,5,2030,demand,0.49693372842973993
1,6,2030,demand,0.5231275751365153
1,7,2030,demand,0.5396391592260457
1,8,2030,demand,0.567897300445055
1,9,2030,demand,0.6142493377506193
1,10,2030,demand,0.6357673152597609
1,11,2030,demand,0.6537410564092025
1,12,2030,demand,0.683162244562933
1,13,2030,demand,0.6891069557174198
1,14,2030,demand,0.6736458134243105
1,15,2030,demand,0.6634690095820093
1,16,2030,demand,0.6678641900105078
1,17,2030,demand,0.654705622828184
1,18,2030,demand,0.6487178164106097
1,19,2030,demand,0.6379709152145063
1,20,2030,demand,0.6364499371534372
1,21,2030,demand,0.6178922272091503
1,22,2030,demand,0.5792080809733211
1,23,2030,demand,0.5478338773604285
1,24,2030,demand,0.5447060174774033
1,1,2030,hydro_inflow,0.2978002186990928
1,2,2030,hydro_inflow,0.29680448595963344
1,3,2030,hydro_inflow,0.2982738276178067
1,4,2030,hydro_inflow,0.3001898197360368
1,5,2030,hydro_inflow,0.3018292291635332
1,6,2030,hydro_inflow,0.30378356598274947
1,7,2030,hydro_inflow,0.3062202130365124
1,8,2030,hydro_inflow,0.3039270020038124
1,9,2030,hydro_inflow,0.3046517974185162
1,10,2030,hydro_inflow,0.31064245247120315
1,11,2030,hydro_inflow,0.3077206371994077
1,12,2030,hydro_inflow,0.3109079157192111
1,13,2030,hydro_inflow,0.3123710171159639
1,14,2030,hydro_inflow,0.31540888935269873
1,15,2030,hydro_inflow,0.3117562756411375
1,16,2030,hydro_inflow,0.3110741447168191
1,17,2030,hydro_inflow,0.3139474728845332
1,18,2030,hydro_inflow,0.311857457701151
1,19,2030,hydro_inflow,0.3157764010604918
1,20,2030,hydro_inflow,0.316454074812693
1,21,2030,hydro_inflow,0.318710295723435
1,22,2030,hydro_inflow,0.3196638859237032
1,23,2030,hydro_inflow,0.31674861408902955
1,24,2030,hydro_inflow,0.31646172424541535
1,1,2030,solar,0.0
1,2,2030,solar,0.0
1,3,2030,solar,0.0
1,4,2030,solar,0.0
1,5,2030,solar,0.0
1,6,2030,solar,0.0
1,7,2030,solar,0.006802817713291638
1,8,2030,solar,0.12077664515114787
1,9,2030,solar,0.29357457392413794
1,10,2030,solar,0.45046257660546063
1,11,2030,solar,0.5588545194922411
1,12,2030,solar,0.6258882164474103
1,13,2030,solar,0.6327625882568725
1,14,2030,solar,0.589968316081867
1,15,2030,solar,0.5398990154679377
1,16,2030,solar,0.45342961041636215
1,17,2030,solar,0.3343484009562242
1,18,2030,solar,0.1915740748943412
1,19,2030,solar,0.053090850861203305
1,20,2030,solar,9.778260240057994e-6
1,21,2030,solar,0.0
1,22,2030,solar,0.0
1,23,2030,solar,0.0
1,24,2030,solar,0.0
1,1,2030,wind_offshore,0.4358114689185107
1,2,2030,wind_offshore,0.4200342641579036
1,3,2030,wind_offshore,0.38525356941693545
1,4,2030,wind_offshore,0.3365114559968647
1,5,2030,wind_offshore,0.3281708061969601
1,6,2030,wind_offshore,0.3471971545386767
1,7,2030,wind_offshore,0.4170360354834141
1,8,2030,wind_offshore,0.5002078515525912
1,9,2030,wind_offshore,0.5599004188654664
1,10,2030,wind_offshore,0.6055330462861875
1,11,2030,wind_offshore,0.6253344683487807
1,12,2030,wind_offshore,0.5608032259695402
1,13,2030,wind_offshore,0.5748898465715016
1,14,2030,wind_offshore,0.6418445897319863
1,15,2030,wind_offshore,0.7048153959557895
1,16,2030,wind_offshore,0.7316036883487446
1,17,2030,wind_offshore,0.7712807587256375
1,18,2030,wind_offshore,0.8016742843861949
1,19,2030,wind_offshore,0.8182348623468125
1,20,2030,wind_offshore,0.8475742317524185
1,21,2030,wind_offshore,0.8595826594553277
1,22,2030,wind_offshore,0.8551807757737199
1,23,2030,wind_offshore,0.7441251924646084
1,24,2030,wind_offshore,0.7171755558067706
1,1,2030,wind_onshore,0.2726397725653329
1,2,2030,wind_onshore,0.2659183574596803
1,3,2030,wind_onshore,0.25433230300052373
1,4,2030,wind_onshore,0.23961700141243059
1,5,2030,wind_onshore,0.2266270917307279
1,6,2030,wind_onshore,0.22845223951200616
1,7,2030,wind_onshore,0.21972419712848557
1,8,2030,wind_onshore,0.21482109073082328
1,9,2030,wind_onshore,0.21656306483074816
1,10,2030,wind_onshore,0.2142418485402988
1,11,2030,wind_onshore,0.1877108741786407
1,12,2030,wind_onshore,0.1704733505139893
1,13,2030,wind_onshore,0.18396225081377435
1,14,2030,wind_onshore,0.2101353153401034
1,15,2030,wind_onshore,0.2359100998128924
1,16,2030,wind_onshore,0.2666779169571377
1,17,2030,wind_onshore,0.28008004443703505
1,18,2030,wind_onshore,0.2947337903672793
1,19,2030,wind_onshore,0.28011937130414805
1,20,2030,wind_onshore,0.25111243275194145
1,21,2030,wind_onshore,0.24529657763231202
1,22,2030,wind_onshore,0.24563387996570019
1,23,2030,wind_onshore,0.19067393802610952
1,24,2030,wind_onshore,0.19997199601106502
2,1,2030,demand,0.5274974172266121
2,2,2030,demand,0.501503857269709
2,3,2030,demand,0.4805225600895688
2,4,2030,demand,0.46536916802133743
2,5,2030,demand,0.4669180986902313
2,6,2030,demand,0.48708346230908073
2,7,2030,demand,0.544406630603134
2,8,2030,demand,0.5942804195387987
2,9,2030,demand,0.6372897472080897
2,10,2030,demand,0.6629359483562164
2,11,2030,demand,0.6618450348462188
2,12,2030,demand,0.6461890074830665
2,13,2030,demand,0.641053625956515
2,14,2030,demand,0.636551409725591
2,15,2030,demand,0.6185822667753523
2,16,2030,demand,0.620759692855419
2,17,2030,demand,0.6193791449560732
2,18,2030,demand,0.6362356198789307
2,19,2030,demand,0.6628964648833084
2,20,2030,demand,0.6957949874047531
2,21,2030,demand,0.6956483092760194
2,22,2030,demand,0.658889748479894
2,23,2030,demand,0.5945638097487039
2,24,2030,demand,0.5676109226909948
2,1,2030,hydro_inflow,0.6285631238981696
2,2,2030,hydro_inflow,0.6363066434579695
2,3,2030,hydro_inflow,0.6348260800294702
2,4,2030,hydro_inflow,0.6292034363302267
2,5,2030,hydro_inflow,0.620747511293256
2,6,2030,hydro_inflow,0.6120134477728942
2,7,2030,hydro_inflow,0.618717854646187
2,8,2030,hydro_inflow,0.622902290187956
2,9,2030,hydro_inflow,0.6151132907512223
2,10,2030,hydro_inflow,0.6050753610611038
2,11,2030,hydro_inflow,0.6064562867242372
2,12,2030,hydro_inflow,0.6004662184672785
2,13,2030,hydro_inflow,0.5911058744397014
2,14,2030,hydro_inflow,0.5900644395652046
2,15,2030,hydro_inflow,0.5896238242790661
2,16,2030,hydro_inflow,0.5933764061634886
2,17,2030,hydro_inflow,0.5864974785074075
2,18,2030,hydro_inflow,0.59592002820306
2,19,2030,hydro_inflow,0.5958490363075676
2,20,2030,hydro_inflow,0.5997116300442091
2,21,2030,hydro_inflow,0.6005360131508969
2,22,2030,hydro_inflow,0.6051388038157925
2,23,2030,hydro_inflow,0.6066261285671622
2,24,2030,hydro_inflow,0.6103576740939028
2,1,2030,solar,0.0
2,2,2030,solar,0.0
2,3,2030,solar,0.0
2,4,2030,solar,0.0
2,5,2030,solar,0.0
2,6,2030,solar,0.0
2,7,2030,solar,0.0
2,8,2030,solar,0.0
2,9,2030,solar,0.11328627153064914
2,10,2030,solar,0.28983054785591844
2,11,2030,solar,0.4388989044433891
2,12,2030,solar,0.5608520261895575
2,13,2030,solar,0.6178956825613593
2,14,2030,solar,0.6010847346488842
2,15,2030,solar,0.5278674681122154
2,16,2030,solar,0.4233161354624803
2,17,2030,solar,0.2832146090772723
2,18,2030,solar,0.11417960101747181
2,19,2030,solar,0.0
2,20,2030,solar,0.0
2,21,2030,solar,0.0
2,22,2030,solar,0.0
2,23,2030,solar,0.0
2,24,2030,solar,0.0
2,1,2030,wind_offshore,0.010657586350083917
2,2,2030,wind_offshore,0.0001288958369751081
2,3,2030,wind_offshore,0.0
2,4,2030,wind_offshore,0.0
2,5,2030,wind_offshore,0.0
2,6,2030,wind_offshore,0.00015982803733683327
2,7,2030,wind_offshore,0.012329089136904876
2,8,2030,wind_offshore,0.03094783737364927
2,9,2030,wind_offshore,0.039653546784256845
2,10,2030,wind_offshore,0.07496547710620256
2,11,2030,wind_offshore,0.10887210679197681
2,12,2030,wind_offshore,0.18589514992934228
2,13,2030,wind_offshore,0.2897083395473011
2,14,2030,wind_offshore,0.4131414693054481
2,15,2030,wind_offshore,0.568472022701246
2,16,2030,wind_offshore,0.6647658613606814
2,17,2030,wind_offshore,0.7129222675398539
2,18,2030,wind_offshore,0.6985904660143584
2,19,2030,wind_offshore,0.7064412379179511
2,20,2030,wind_offshore,0.6731284086018093
2,21,2030,wind_offshore,0.7081423200073156
2,22,2030,wind_offshore,0.6946699585347607
2,23,2030,wind_offshore,0.7054365216061979
2,24,2030,wind_offshore,0.711751819223888
2,1,2030,wind_onshore,0.35374620007433005
2,2,2030,wind_onshore,0.3291033394935521
2,3,2030,wind_onshore,0.29880339545147594
2,4,2030,wind_onshore,0.2796255667535842
2,5,2030,wind_onshore,0.26445448417664563
2,6,2030,wind_onshore,0.24066110289837503
2,7,2030,wind_onshore,0.21410030918344808
2,8,2030,wind_onshore,0.1886413935173693
2,9,2030,wind_onshore,0.16491988937754115
2,10,2030,wind_onshore,0.14922758741096254
2,11,2030,wind_onshore,0.11374198557636188
2,12,2030,wind_onshore,0.10357847091472519
2,13,2030,wind_onshore,0.09258059558336164
2,14,2030,wind_onshore,0.09210678594768938
2,15,2030,wind_onshore,0.0933839373141562
2,16,2030,wind_onshore,0.10943207167776792
2,17,2030,wind_onshore,0.12593181408613668
2,18,2030,wind_onshore,0.11773028853519962
2,19,2030,wind_onshore,0.11020223451782359
2,20,2030,wind_onshore,0.11329775208513689
2,21,2030,wind_onshore,0.11417148166402932
2,22,2030,wind_onshore,0.11078096986969825
2,23,2030,wind_onshore,0.13103391814261867
2,24,2030,wind_onshore,0.12807007008909527
3,1,2030,demand,0.47674520953330146
3,2,2030,demand,0.47496193003791143
3,3,2030,demand,0.47791249884698345
3,4,2030,demand,0.47697299490833794
3,5,2030,demand,0.48351590939122746
3,6,2030,demand,0.5095745076785927
3,7,2030,demand,0.557775502714262
3,8,2030,demand,0.5915315107959149
3,9,2030,demand,0.620535196282636
3,10,2030,demand,0.6322021928326588
3,11,2030,demand,0.6291782903149173
3,12,2030,demand,0.6152845857776065
3,13,2030,demand,0.5896294563452893
3,14,2030,demand,0.5640891783821065
3,15,2030,demand,0.5519059586371067
3,16,2030,demand,0.5446849012635679
3,17,2030,demand,0.5429978964266023
3,18,2030,demand,0.5446704023822654
3,19,2030,demand,0.5617451980211318
3,20,2030,demand,0.5715762792420138
3,21,2030,demand,0.571381518646929
3,22,2030,demand,0.5213929042891542
3,23,2030,demand,0.492917098555046
3,24,2030,demand,0.4905186183186436
3,1,2030,hydro_inflow,0.2867088131185107
3,2,2030,hydro_inflow,0.286744088836223
3,3,2030,hydro_inflow,0.279532259827279
3,4,2030,hydro_inflow,0.2780330516743686
3,5,2030,hydro_inflow,0.2832386861657349
3,6,2030,hydro_inflow,0.2855999891636449
3,7,2030,hydro_inflow,0.28585735618233427
3,8,2030,hydro_inflow,0.2843309829728138
3,9,2030,hydro_inflow,0.28450853072417703
3,10,2030,hydro_inflow,0.28909499641586506
3,11,2030,hydro_inflow,0.2892564386986288
3,12,2030,hydro_inflow,0.2949112798442913
3,13,2030,hydro_inflow,0.29228193693481747
3,14,2030,hydro_inflow,0.2944066418623996
3,15,2030,hydro_inflow,0.2952111687133332
3,16,2030,hydro_inflow,0.2892306104981189
3,17,2030,hydro_inflow,0.29323119430394845
3,18,2030,hydro_inflow,0.29138771582913203
3,19,2030,hydro_inflow,0.29036473906941557
3,20,2030,hydro_inflow,0.29627743729444966
3,21,2030,hydro_inflow,0.29469586208021586
3,22,2030,hydro_inflow,0.29566395806860407
3,23,2030,hydro_inflow,0.2949863455730953
3,24,2030,hydro_inflow,0.291328032227848
3,1,2030,solar,0.0
3,2,2030,solar,0.0
3,3,2030,solar,0.0
3,4,2030,solar,0.0
3,5,2030,solar,0.0
3,6,2030,solar,0.0
3,7,2030,solar,0.00856890541375111
3,8,2030,solar,0.14656035167941095
3,9,2030,solar,0.3656590705109286
3,10,2030,solar,0.5485199673152515
3,11,2030,solar,0.6632474804760823
3,12,2030,solar,0.7277771737044542
3,13,2030,solar,0.7635340284538256
3,14,2030,solar,0.7716591050537607
3,15,2030,solar,0.7148779138431055
3,16,2030,solar,0.6136141255813471
3,17,2030,solar,0.45822878221362384
3,18,2030,solar,0.24388992060063697
3,19,2030,solar,0.045092150408381194
3,20,2030,solar,0.0
3,21,2030,solar,0.0
3,22,2030,solar,0.0
3,23,2030,solar,0.0
3,24,2030,solar,0.0
3,1,2030,wind_offshore,0.884391113644702
3,2,2030,wind_offshore,0.8980637166211459
3,3,2030,wind_offshore,0.8749641467394943
3,4,2030,wind_offshore,0.8738666105024612
3,5,2030,wind_offshore,0.8569025807542572
3,6,2030,wind_offshore,0.8605755183725723
3,7,2030,wind_offshore,0.8683438316055069
3,8,2030,wind_offshore,0.8661656152065309
3,9,2030,wind_offshore,0.8760203766969084
3,10,2030,wind_offshore,0.89764429234344
3,11,2030,wind_offshore,0.9147009194870359
3,12,2030,wind_offshore,0.9494079616455537
3,13,2030,wind_offshore,0.9557655747180094
3,14,2030,wind_offshore,0.9511847156925153
3,15,2030,wind_offshore,0.9379505087649664
3,16,2030,wind_offshore,0.9531881287054659
3,17,2030,wind_offshore,0.9420854794998247
3,18,2030,wind_offshore,0.9404087713322735
3,19,2030,wind_offshore,0.9237877125300532
3,20,2030,wind_offshore,0.9027371987989978
3,21,2030,wind_offshore,0.8781613191437733
3,22,2030,wind_offshore,0.8998540476090239
3,23,2030,wind_offshore,0.858141423353283
3,24,2030,wind_offshore,0.7950157036527591
3,1,2030,wind_onshore,0.34452124345868407
3,2,2030,wind_onshore,0.347513427612212
3,3,2030,wind_onshore,0.33978537683811866
3,4,2030,wind_onshore,0.3399354410712395
3,5,2030,wind_onshore,0.3596483905718592
3,6,2030,wind_onshore,0.36744715100235475
3,7,2030,wind_onshore,0.38299745272067026
3,8,2030,wind_onshore,0.4145176684696543
3,9,2030,wind_onshore,0.4470986098196596
3,10,2030,wind_onshore,0.48920437653451593
3,11,2030,wind_onshore,0.5019229311803924
3,12,2030,wind_onshore,0.5244223064127781
3,13,2030,wind_onshore,0.5498296406015141
3,14,2030,wind_onshore,0.5775737735351325
3,15,2030,wind_onshore,0.5921009398160236
3,16,2030,wind_onshore,0.6108200671809294
3,17,2030,wind_onshore,0.6235549559505056
3,18,2030,wind_onshore,0.6413720800870413
3,19,2030,wind_onshore,0.6070049455951146
3,20,2030,wind_onshore,0.5761072093015194
3,21,2030,wind_onshore,0.5645815528803281
3,22,2030,wind_onshore,0.5428828353981968
3,23,2030,wind_onshore,0.49373850702303607
3,24,2030,wind_onshore,0.47052061885615004
4,1,2030,demand,0.5700832359169348
4,2,2030,demand,0.5591836348831376
4,3,2030,demand,0.5389909340190319
4,4,2030,demand,0.5197355819401861
4,5,2030,demand,0.5130410260806068
4,6,2030,demand,0.5117405633017406
4,7,2030,demand,0.5034828246707255
4,8,2030,demand,0.5299890042206975
4,9,2030,demand,0.5774080316282479
4,10,2030,demand,0.6072439990307317
4,11,2030,demand,0.6349690002136644
4,12,2030,demand,0.6481166065197166
4,13,2030,demand,0.6580255933307694
4,14,2030,demand,0.6455458547489246
4,15,2030,demand,0.632121002208942
4,16,2030,demand,0.6214588189938764
4,17,2030,demand,0.6089093213898309
4,18,2030,demand,0.5909727786485479
4,19,2030,demand,0.5733059067189761
4,20,2030,demand,0.5820388336605359
4,21,2030,demand,0.5917937282921052
4,22,2030,demand,0.5807213553028204
4,23,2030,demand,0.5540737176162847
4,24,2030,demand,0.5548552711124789
4,1,2030,hydro_inflow,0.29594526644588554
4,2,2030,hydro_inflow,0.29675309863725363
4,3,2030,hydro_inflow,0.2959004162980637
4,4,2030,hydro_inflow,0.2958760951599626
4,5,2030,hydro_inflow,0.29716402670125935
4,6,2030,hydro_inflow,0.29578510910635647
4,7,2030,hydro_inflow,0.2941102219027524
4,8,2030,hydro_inflow,0.29960774308821064
4,9,2030,hydro_inflow,0.294071297962202
4,10,2030,hydro_inflow,0.2988888623593919
4,11,2030,hydro_inflow,0.30028170529067877
4,12,2030,hydro_inflow,0.29875826773939557
4,13,2030,hydro_inflow,0.30102971864458217
4,14,2030,hydro_inflow,0.3000658515376341
4,15,2030,hydro_inflow,0.30526402742257636
4,16,2030,hydro_inflow,0.3012933314638624
4,17,2030,hydro_inflow,0.30140198286606373
4,18,2030,hydro_inflow,0.30201398088204623
4,19,2030,hydro_inflow,0.29824857905965896
4,20,2030,hydro_inflow,0.3032448602677183
4,21,2030,hydro_inflow,0.3002982222719487
4,22,2030,hydro_inflow,0.2954508632433304
4,23,2030,hydro_inflow,0.2972278471746102
4,24,2030,hydro_inflow,0.29790206902669236
4,1,2030,solar,0.0
4,2,2030,solar,0.0
4,3,2030,solar,0.0
4,4,2030,solar,0.0
4,5,2030,solar,0.0
4,6,2030,solar,0.00020108706586324714
4,7,2030,solar,0.04024228278854348
4,8,2030,solar,0.1959379691895493
4,9,2030,solar,0.37273276983183445
4,10,2030,solar,0.5246038442341876
4,11,2030,solar,0.6115617974326791
4,12,2030,solar,0.6637161374494067
4,13,2030,solar,0.68450303016442
4,14,2030,solar,0.6526889661922154
4,15,2030,solar,0.5773051998459658
4,16,2030,solar,0.4896859672006867
4,17,2030,solar,0.3698799489485987
4,18,2030,solar,0.2352007485414839
4,19,2030,solar,0.10787873820387374
4,20,2030,solar,0.012035978471976436
4,21,2030,solar,0.0
4,22,2030,solar,0.0
4,23,2030,solar,0.0
4,24,2030,solar,0.0
4,1,2030,wind_offshore,0.003258572896686805
4,2,2030,wind_offshore,0.024743555565997218
4,3,2030,wind_offshore,0.04584204507637112
4,4,2030,wind_offshore,0.056224709771291556
4,5,2030,wind_offshore,0.05990661582368283
4,6,2030,wind_offshore,0.06272798840998343
4,7,2030,wind_offshore,0.061453261205519076
4,8,2030,wind_offshore,0.05804448416022729
4,9,2030,wind_offshore,0.05436991794740427
4,10,2030,wind_offshore,0.05084894836966194
4,11,2030,wind_offshore,0.03781139667652475
4,12,2030,wind_offshore,0.02316353198622743
4,13,2030,wind_offshore,0.0162171660214427
4,14,2030,wind_offshore,0.015800812137876947
4,15,2030,wind_offshore,0.015278905251348684
4,16,2030,wind_offshore,0.030627817167735848
4,17,2030,wind_offshore,0.05313650282691914
4,18,2030,wind_offshore,0.05487617529019363
4,19,2030,wind_offshore,0.0349396715895313
4,20,2030,wind_offshore,0.03358483288561356
4,21,2030,wind_offshore,0.040593595853372
4,22,2030,wind_offshore,0.05393884312317233
4,23,2030,wind_offshore,0.07244703850546881
4,24,2030,wind_offshore,0.026650403451327638
4,1,2030,wind_onshore,0.05815095179906586
4,2,2030,wind_onshore,0.055509045019767604
4,3,2030,wind_onshore,0.04700292950330314
4,4,2030,wind_onshore,0.03903458167660992
4,5,2030,wind_onshore,0.03704425061861073
4,6,2030,wind_onshore,0.03758137722299178
4,7,2030,wind_onshore,0.03998631266915033
4,8,2030,wind_onshore,0.02826548224913041
4,9,2030,wind_onshore,0.02824925356901387
4,10,2030,wind_onshore,0.04823061070292447
4,11,2030,wind_onshore,0.06453232739069395
4,12,2030,wind_onshore,0.09875319556303791
4,13,2030,wind_onshore,0.12839759852696248
4,14,2030,wind_onshore,0.15351773303990168
4,15,2030,wind_onshore,0.17207844821769624
4,16,2030,wind_onshore,0.18746924669273327
4,17,2030,wind_onshore,0.20772168765717144
4,18,2030,wind_onshore,0.23071803264805968
4,19,2030,wind_onshore,0.18473694740416993
4,20,2030,wind_onshore,0.13503513772074416
4,21,2030,wind_onshore,0.12539267195936932
4,22,2030,wind_onshore,0.11964778145515521
4,23,2030,wind_onshore,0.10242360432052465
4,24,2030,wind_onshore,0.10771913405076358
5,1,2030,demand,0.4937340816309304
5,2,2030,demand,0.48332192670662416
5,3,2030,demand,0.4742947542452694
5,4,2030,demand,0.4566619641801369
5,5,2030,demand,0.46798348675843127
5,6,2030,demand,0.4907152905082672
5,7,2030,demand,0.528998576071438
5,8,2030,demand,0.571325997024179
5,9,2030,demand,0.5940641204596916
5,10,2030,demand,0.618424652366375
5,11,2030,demand,0.6307558232858349
5,12,2030,demand,0.6305335793926553
5,13,2030,demand,0.622386122824542
5,14,2030,demand,0.6230414852887014
5,15,2030,demand,0.6036744187677826
5,16,2030,demand,0.593916127758021
5,17,2030,demand,0.599831268321967
5,18,2030,demand,0.601703104424667
5,19,2030,demand,0.6326838600164051
5,20,2030,demand,0.6493494658762563
5,21,2030,demand,0.6432806661057975
5,22,2030,demand,0.6026136955703908
5,23,2030,demand,0.5544389236161775
5,24,2030,demand,0.5314501741925307
5,1,2030,hydro_inflow,0.26820464803050736
5,2,2030,hydro_inflow,0.26812891121256915
5,3,2030,hydro_inflow,0.2686024193193762
5,4,2030,hydro_inflow,0.2714404594299512
5,5,2030,hydro_inflow,0.2727131399567569
5,6,2030,hydro_inflow,0.27158493599750066
5,7,2030,hydro_inflow,0.2720713068487461
5,8,2030,hydro_inflow,0.2783621675391051
5,9,2030,hydro_inflow,0.2716821978847353
5,10,2030,hydro_inflow,0.2701337035239997
5,11,2030,hydro_inflow,0.2725911218420218
5,12,2030,hydro_inflow,0.2750464076120999
5,13,2030,hydro_inflow,0.275369431951941
5,14,2030,hydro_inflow,0.2737208145280381
5,15,2030,hydro_inflow,0.271206108296944
5,16,2030,hydro_inflow,0.272679883737912
5,17,2030,hydro_inflow,0.2755623932494946
5,18,2030,hydro_inflow,0.27974312082823855
5,19,2030,hydro_inflow,0.28427638350581613
5,20,2030,hydro_inflow,0.2817899737957898
5,21,2030,hydro_inflow,0.2799755211661029
5,22,2030,hydro_inflow,0.28215181920754645
5,23,2030,hydro_inflow,0.28266103112078295
5,24,2030,hydro_inflow,0.2836840045817771
5,1,2030,solar,0.0
5,2,2030,solar,0.0
5,3,2030,solar,0.0
5,4,2030,solar,0.0
5,5,2030,solar,0.0
5,6,2030,solar,0.0
5,7,2030,solar,0.0
5,8,2030,solar,0.007611378718162809
5,9,2030,solar,0.19852001516790874
5,10,2030,solar,0.3873677418197453
5,11,2030,solar,0.5063284225570446
5,12,2030,solar,0.5784777722534885
5,13,2030,solar,0.6068225622221145
5,14,2030,solar,0.5747685431915655
5,15,2030,solar,0.4850056907058345
5,16,2030,solar,0.3352401243712946
5,17,2030,solar,0.15742587292780044
5,18,2030,solar,0.0024315030799057953
5,19,2030,solar,0.0
5,20,2030,solar,0.0
5,21,2030,solar,0.0
5,22,2030,solar,0.0
5,23,2030,solar,0.0
5,24,2030,solar,0.0
5,1,2030,wind_offshore,0.8540081469827269
5,2,2030,wind_offshore,0.7685887190219896
5,3,2030,wind_offshore,0.6905636707178889
5,4,2030,wind_offshore,0.5972985199714104
5,5,2030,wind_offshore,0.5312620231153231
5,6,2030,wind_offshore,0.5079015487942831
5,7,2030,wind_offshore,0.4961738056620178
5,8,2030,wind_offshore,0.48025772212345474
5,9,2030,wind_offshore,0.46412535398921373
5,10,2030,wind_offshore,0.43222556692261976
5,11,2030,wind_offshore,0.23619982061875705
5,12,2030,wind_offshore,0.2274082127739989
5,13,2030,wind_offshore,0.22076443777602742
5,14,2030,wind_offshore,0.2026948012072582
5,15,2030,wind_offshore,0.16557584573638992
5,16,2030,wind_offshore,0.13078599268476157
5,17,2030,wind_offshore,0.10137709725911692
5,18,2030,wind_offshore,0.07432259277181037
5,19,2030,wind_offshore,0.05461982400170965
5,20,2030,wind_offshore,0.04652285929618048
5,21,2030,wind_offshore,0.08550942109068552
5,22,2030,wind_offshore,0.18119071163840114
5,23,2030,wind_offshore,0.28531150700559854
5,24,2030,wind_offshore,0.28050795522740696
5,1,2030,wind_onshore,0.17608101544438606
5,2,2030,wind_onshore,0.14556213885418542
5,3,2030,wind_onshore,0.12311544739708043
5,4,2030,wind_onshore,0.10005177987090243
5,5,2030,wind_onshore,0.08648857934868451
5,6,2030,wind_onshore,0.0777744544610073
5,7,2030,wind_onshore,0.08007473309293427
5,8,2030,wind_onshore,0.08386817362392017
5,9,2030,wind_onshore,0.09478498621065352
5,10,2030,wind_onshore,0.08941289620616774
5,11,2030,wind_onshore,0.0759601434594871
5,12,2030,wind_onshore,0.07638366393740569
5,13,2030,wind_onshore,0.0734920239732863
5,14,2030,wind_onshore,0.07616955812798368
5,15,2030,wind_onshore,0.08165915914898884
5,16,2030,wind_onshore,0.08751073103428574
5,17,2030,wind_onshore,0.09802054625426786
5,18,2030,wind_onshore,0.11895620136200487
5,19,2030,wind_onshore,0.1356408348010501
5,20,2030,wind_onshore,0.13181664420965516
5,21,2030,wind_onshore,0.13286691573159967
5,22,2030,wind_onshore,0.13583320761993514
5,23,2030,wind_onshore,0.10490866339430911
5,24,2030,wind_onshore,0.11378162603555247
6,1,2030,demand,0.4660498869705503
6,2,2030,demand,0.4575166211755914
6,3,2030,demand,0.44476125671970174
6,4,2030,demand,0.44429417466827487
6,5,2030,demand,0.455206679559467
6,6,2030,demand,0.4728921718006649
6,7,2030,demand,0.5065892815830636
6,8,2030,demand,0.5535943076583785
6,9,2030,demand,0.5828002488137146
6,10,2030,demand,0.5966037300866422
6,11,2030,demand,0.6017177753044501
6,12,2030,demand,0.6047951396628687
6,13,2030,demand,0.5957885644420546
6,14,2030,demand,0.6000313887112679
6,15,2030,demand,0.576606398272932
6,16,2030,demand,0.5741070897713878
6,17,2030,demand,0.5832259844458167
6,18,2030,demand,0.5971596079920682
6,19,2030,demand,0.6245168469660654
6,20,2030,demand,0.6421893533448629
6,21,2030,demand,0.6445037303983557
6,22,2030,demand,0.6083471262120898
6,23,2030,demand,0.5597525468897407
6,24,2030,demand,0.5311070704157632
6,1,2030,hydro_inflow,0.5785531045125442
6,2,2030,hydro_inflow,0.5840947979521562
6,3,2030,hydro_inflow,0.5843125684388644
6,4,2030,hydro_inflow,0.5853960410337316
6,5,2030,hydro_inflow,0.5922796907512927
6,6,2030,hydro_inflow,0.6035162486198457
6,7,2030,hydro_inflow,0.6034056046332719
6,8,2030,hydro_inflow,0.600249910224291
6,9,2030,hydro_inflow,0.6031030719740378
6,10,2030,hydro_inflow,0.6020269339978946
6,11,2030,hydro_inflow,0.5971325300571292
6,12,2030,hydro_inflow,0.5957247295986847
6,13,2030,hydro_inflow,0.5926386010252339
6,14,2030,hydro_inflow,0.5940491831517065
6,15,2030,hydro_inflow,0.5880731311200976
6,16,2030,hydro_inflow,0.5850910049961296
6,17,2030,hydro_inflow,0.5812599956506553
6,18,2030,hydro_inflow,0.5794236722369671
6,19,2030,hydro_inflow,0.5822734760090021
6,20,2030,hydro_inflow,0.5846672658235226
6,21,2030,hydro_inflow,0.585643583065692
6,22,2030,hydro_inflow,0.5821497105165776
6,23,2030,hydro_inflow,0.5906567003377923
6,24,2030,hydro_inflow,0.590608090187944
6,1,2030,solar,0.0
6,2,2030,solar,0.0
6,3,2030,solar,0.0
6,4,2030,solar,0.0
6,5,2030,solar,0.0
6,6,2030,solar,0.0
6,7,2030,solar,0.0
6,8,2030,solar,0.0
6,9,2030,solar,0.037851233333466607
6,10,2030,solar,0.13544305979191548
6,11,2030,solar,0.2526853300349463
6,12,2030,solar,0.35064699144745326
6,13,2030,solar,0.40837499132357974
6,14,2030,solar,0.4350194759159327
6,15,2030,solar,0.41605114620662503
6,16,2030,solar,0.3309622936968982
6,17,2030,solar,0.19611067323153183
6,18,2030,solar,0.04560184271953266
6,19,2030,solar,0.0
6,20,2030,solar,0.0
6,21,2030,solar,0.0
6,22,2030,solar,0.0
6,23,2030,solar,0.0
6,24,2030,solar,0.0
6,1,2030,wind_offshore,0.9375761051990968
6,2,2030,wind_offshore,0.941020583344963
6,3,2030,wind_offshore,0.9448319080340322
6,4,2030,wind_offshore,0.9572551075897114
6,5,2030,wind_offshore,0.9699312445928719
6,6,2030,wind_offshore,0.9550551792604918
6,7,2030,wind_offshore,0.9595411355101299
6,8,2030,wind_offshore,0.9530152832150534
6,9,2030,wind_offshore,0.9611565278369482
6,10,2030,wind_offshore,0.971747048070364
6,11,2030,wind_offshore,0.9812814375110719
6,12,2030,wind_offshore,0.9808719558650815
6,13,2030,wind_offshore,0.9791901388693237
6,14,2030,wind_offshore,0.9713827636317921
6,15,2030,wind_offshore,0.9840495610472868
6,16,2030,wind_offshore,0.9724035210802933
6,17,2030,wind_offshore,0.9712316737578299
6,18,2030,wind_offshore,0.967675971071567
6,19,2030,wind_offshore,0.972662781018634
6,20,2030,wind_offshore,0.9808395219113903
6,21,2030,wind_offshore,1.00130518561018
6,22,2030,wind_offshore,0.9877499987286659
6,23,2030,wind_offshore,1.0044972847286746
6,24,2030,wind_offshore,0.99035763687094
6,1,2030,wind_onshore,0.5545434134982274
6,2,2030,wind_onshore,0.5417973782915951
6,3,2030,wind_onshore,0.521331493995221
6,4,2030,wind_onshore,0.5143150253380322
6,5,2030,wind_onshore,0.5128789796315288
6,6,2030,wind_onshore,0.5021840084635073
6,7,2030,wind_onshore,0.4865228440479346
6,8,2030,wind_onshore,0.46884488855374007
6,9,2030,wind_onshore,0.4525151606877558
6,10,2030,wind_onshore,0.4582874520556667
6,11,2030,wind_onshore,0.4998820021002483
6,12,2030,wind_onshore,0.5148890311549861
6,13,2030,wind_onshore,0.4984231234937593
6,14,2030,wind_onshore,0.4818694313924296
6,15,2030,wind_onshore,0.4714706174137745
6,16,2030,wind_onshore,0.46158970680579126
6,17,2030,wind_onshore,0.42410848865106027
6,18,2030,wind_onshore,0.4005709093345384
6,19,2030,wind_onshore,0.40926584986901104
6,20,2030,wind_onshore,0.42406708964786904
6,21,2030,wind_onshore,0.45132674068627004
6,22,2030,wind_onshore,0.4645734188296095
6,23,2030,wind_onshore,0.5289864867225499
6,24,2030,wind_onshore,0.5271146872943702
7,1,2030,demand,0.5069627515663807
7,2,2030,demand,0.4969953716146655
7,3,2030,demand,0.4906535467220778
7,4,2030,demand,0.488758484389937
7,5,2030,demand,0.5044006451972898
7,6,2030,demand,0.5237106318933898
7,7,2030,demand,0.5439004312540794
7,8,2030,demand,0.5798361212892632
7,9,2030,demand,0.6251693269552995
7,10,2030,demand,0.6493006544100874
7,11,2030,demand,0.6903272176600829
7,12,2030,demand,0.7230214488831196
7,13,2030,demand,0.717720506422874
7,14,2030,demand,0.697945539349233
7,15,2030,demand,0.6927387321877081
7,16,2030,demand,0.6984853049066909
7,17,2030,demand,0.6961069089442016
7,18,2030,demand,0.6868929065590693
7,19,2030,demand,0.6799983504532473
7,20,2030,demand,0.6673686024494654
7,21,2030,demand,0.6523416789719421
7,22,2030,demand,0.6050136050400056
7,23,2030,demand,0.579425379254936
7,24,2030,demand,0.5724320816332609
7,1,2030,hydro_inflow,0.2845498094230071
7,2,2030,hydro_inflow,0.2855919054070786
7,3,2030,hydro_inflow,0.2851371810180309
7,4,2030,hydro_inflow,0.28323177244781056
7,5,2030,hydro_inflow,0.28114903538241093
7,6,2030,hydro_inflow,0.2838714208236404
7,7,2030,hydro_inflow,0.2845658852864406
7,8,2030,hydro_inflow,0.2831200332266346
7,9,2030,hydro_inflow,0.2857834641244679
7,10,2030,hydro_inflow,0.28661021896306377
7,11,2030,hydro_inflow,0.28352939919157194
7,12,2030,hydro_inflow,0.2810665009058363
7,13,2030,hydro_inflow,0.27802348425194284
7,14,2030,hydro_inflow,0.2766304533624032
7,15,2030,hydro_inflow,0.2745337618697264
7,16,2030,hydro_inflow,0.27254679182622
7,17,2030,hydro_inflow,0.27261778452519514
7,18,2030,hydro_inflow,0.27366290279033073
7,19,2030,hydro_inflow,0.27417177691401035
7,20,2030,hydro_inflow,0.27119895736599003
7,21,2030,hydro_inflow,0.27433346502267253
7,22,2030,hydro_inflow,0.271068747119919
7,23,2030,hydro_inflow,0.27062688736468604
7,24,2030,hydro_inflow,0.27158221590437437
7,1,2030,solar,0.0
7,2,2030,solar,0.0
7,3,2030,solar,0.0
7,4,2030,solar,0.0
7,5,2030,solar,0.0
7,6,2030,solar,0.00017073345096135304
7,7,2030,solar,0.03886875630459259
7,8,2030,solar,0.17119381172079526
7,9,2030,solar,0.3298287772813006
7,10,2030,solar,0.46100147272372716
7,11,2030,solar,0.5225860136093494
7,12,2030,solar,0.575099938045378
7,13,2030,solar,0.5958117117395161
7,14,2030,solar,0.583789177173777
7,15,2030,solar,0.5459093229391551
7,16,2030,solar,0.4664038301105486
7,17,2030,solar,0.3449544194160851
7,18,2030,solar,0.21752913372468627
7,19,2030,solar,0.09724128333140172
7,20,2030,solar,0.0131728327092701
7,21,2030,solar,0.0
7,22,2030,solar,0.0
7,23,2030,solar,0.0
7,24,2030,solar,0.0
7,1,2030,wind_offshore,0.3393938355914835
7,2,2030,wind_offshore,0.38552351566660337
7,3,2030,wind_offshore,0.4145645904465151
7,4,2030,wind_offshore,0.3980377937302322
7,5,2030,wind_offshore,0.345925968970584
7,6,2030,wind_offshore,0.27530766093188075
7,7,2030,wind_offshore,0.2526296665936172
7,8,2030,wind_offshore,0.27315894381874956
7,9,2030,wind_offshore,0.29699056573986676
7,10,2030,wind_offshore,0.29355253049832386
7,11,2030,wind_offshore,0.28789196569927317
7,12,2030,wind_offshore,0.30730179103880834
7,13,2030,wind_offshore,0.3275657753460399
7,14,2030,wind_offshore,0.3684093664646839
7,15,2030,wind_offshore,0.41464320175756164
7,16,2030,wind_offshore,0.42445915318958516
7,17,2030,wind_offshore,0.3918476739667439
7,18,2030,wind_offshore,0.3748983074582543
7,19,2030,wind_offshore,0.35612449791710193
7,20,2030,wind_offshore,0.31856836759846135
7,21,2030,wind_offshore,0.3189985783597714
7,22,2030,wind_offshore,0.37952258511339687
7,23,2030,wind_offshore,0.4310146924252178
7,24,2030,wind_offshore,0.4473298789344483
7,1,2030,wind_onshore,0.051882112027202255
7,2,2030,wind_onshore,0.04849908556974706
7,3,2030,wind_onshore,0.04692041441863753
7,4,2030,wind_onshore,0.04149406744918558
7,5,2030,wind_onshore,0.03629400932494614
7,6,2030,wind_onshore,0.030632623809427526
7,7,2030,wind_onshore,0.02373515354773467
7,8,2030,wind_onshore,0.01835292344514978
7,9,2030,wind_onshore,0.02320486046456087
7,10,2030,wind_onshore,0.031219924367798024
7,11,2030,wind_onshore,0.03890459986914163
7,12,2030,wind_onshore,0.05151626748567692
7,13,2030,wind_onshore,0.06718022759062568
7,14,2030,wind_onshore,0.08411845405382085
7,15,2030,wind_onshore,0.10374931775927196
7,16,2030,wind_onshore,0.12698761311260842
7,17,2030,wind_onshore,0.16243764884625034
7,18,2030,wind_onshore,0.18074379448266792
7,19,2030,wind_onshore,0.16433189034381415
7,20,2030,wind_onshore,0.13024690154173482
7,21,2030,wind_onshore,0.12809862665576524
7,22,2030,wind_onshore,0.11949450624398424
7,23,2030,wind_onshore,0.10243242301656512
7,24,2030,wind_onshore,0.09914815153966663
8,1,2030,demand,0.5039517342361245
8,2,2030,demand,0.5022789773603314
8,3,2030,demand,0.49326063178895446
8,4,2030,demand,0.491810732084225
8,5,2030,demand,0.5171628713282944
8,6,2030,demand,0.5434952615288464
8,7,2030,demand,0.5757654743045627
8,8,2030,demand,0.6091757494169142
8,9,2030,demand,0.6600865167252262
8,10,2030,demand,0.6893884995976893
8,11,2030,demand,0.7154496967263791
8,12,2030,demand,0.7318270203464041
8,13,2030,demand,0.7398571482479325
8,14,2030,demand,0.7349202357459201
8,15,2030,demand,0.7336272019714224
8,16,2030,demand,0.7361744164812156
8,17,2030,demand,0.7357019142524146
8,18,2030,demand,0.7235838723687673
8,19,2030,demand,0.7099177315656714
8,20,2030,demand,0.7054533530881362
8,21,2030,demand,0.6899813419804526
8,22,2030,demand,0.6449612743828526
8,23,2030,demand,0.5951703586245664
8,24,2030,demand,0.5864531703085635
8,1,2030,hydro_inflow,0.41257047391689566
8,2,2030,hydro_inflow,0.4131148897413834
8,3,2030,hydro_inflow,0.4181281518319105
8,4,2030,hydro_inflow,0.4217304397786378
8,5,2030,hydro_inflow,0.42358703928123104
8,6,2030,hydro_inflow,0.4219267544150466
8,7,2030,hydro_inflow,0.42098315763874256
8,8,2030,hydro_inflow,0.41632393869717105
8,9,2030,hydro_inflow,0.41656826858747836
8,10,2030,hydro_inflow,0.41543384761224383
8,11,2030,hydro_inflow,0.41723833333344074
8,12,2030,hydro_inflow,0.41299360340683416
8,13,2030,hydro_inflow,0.4221554214640614
8,14,2030,hydro_inflow,0.4165976423295701
8,15,2030,hydro_inflow,0.41879841434879506
8,16,2030,hydro_inflow,0.41849967774307983
8,17,2030,hydro_inflow,0.41493419495114464
8,18,2030,hydro_inflow,0.4161688943035835
8,19,2030,hydro_inflow,0.40776082310529765
8,20,2030,hydro_inflow,0.4051293039927339
8,21,2030,hydro_inflow,0.4018075927632155
8,22,2030,hydro_inflow,0.4044907972014906
8,23,2030,hydro_inflow,0.40905573475112644
8,24,2030,hydro_inflow,0.40361105484277604
8,1,2030,solar,0.0
8,2,2030,solar,0.0
8,3,2030,solar,0.0
8,4,2030,solar,0.0
8,5,2030,solar,0.0
8,6,2030,solar,0.0
8,7,2030,solar,0.00388248901111705
8,8,2030,solar,0.12399802801025404
8,9,2030,solar,0.32729852505262963
8,10,2030,solar,0.5185851187387578
8,11,2030,solar,0.6479166296333008
8,12,2030,solar,0.7142063194286918
8,13,2030,solar,0.7171967538675544
8,14,2030,solar,0.7052177361804776
8,15,2030,solar,0.6404349519613654
8,16,2030,solar,0.5359226345002405
8,17,2030,solar,0.38809554879181374
8,18,2030,solar,0.20207182567916632
8,19,2030,solar,0.038658739736129925
8,20,2030,solar,0.0
8,21,2030,solar,0.0
8,22,2030,solar,0.0
8,23,2030,solar,0.0
8,24,2030,solar,0.0
8,1,2030,wind_offshore,0.9608391935426391
8,2,2030,wind_offshore,0.9505628022931989
8,3,2030,wind_offshore,0.9468736056229138
8,4,2030,wind_offshore,0.9357341356736848
8,5,2030,wind_offshore,0.9154642442053017
8,6,2030,wind_offshore,0.9290486732837538
8,7,2030,wind_offshore,0.9239119291792004
8,8,2030,wind_offshore,0.9112719896090425
8,9,2030,wind_offshore,0.9173427115794267
8,10,2030,wind_offshore,0.9253412721295984
8,11,2030,wind_offshore,0.9406068677538701
8,12,2030,wind_offshore,0.9304254310965427
8,13,2030,wind_offshore,0.9348456148310758
8,14,2030,wind_offshore,0.9384817325174326
8,15,2030,wind_offshore,0.9520684469547372
8,16,2030,wind_offshore,0.9385611204735302
8,17,2030,wind_offshore,0.9347492052366935
8,18,2030,wind_offshore,0.9339145152146703
8,19,2030,wind_offshore,0.944198614281157
8,20,2030,wind_offshore,0.9469716708873828
8,21,2030,wind_offshore,0.9425411724479015
8,22,2030,wind_offshore,0.9492781341311359
8,23,2030,wind_offshore,0.9260350013515694
8,24,2030,wind_offshore,0.9215872230975379
8,1,2030,wind_onshore,0.2807892503942493
8,2,2030,wind_onshore,0.2708145992711573
8,3,2030,wind_onshore,0.25552936320443775
8,4,2030,wind_onshore,0.24096519866703156
8,5,2030,wind_onshore,0.22523519402836112
8,6,2030,wind_onshore,0.21737869703410528
8,7,2030,wind_onshore,0.21213722518921552
8,8,2030,wind_onshore,0.1967151713837685
8,9,2030,wind_onshore,0.1636477413107205
8,10,2030,wind_onshore,0.16594341006255298
8,11,2030,wind_onshore,0.1480215130318506
8,12,2030,wind_onshore,0.14977132526602163
8,13,2030,wind_onshore,0.15859245917577666
8,14,2030,wind_onshore,0.16738196403330902
8,15,2030,wind_onshore,0.18452603724696423
8,16,2030,wind_onshore,0.2155208197205496
8,17,2030,wind_onshore,0.25410618878624713
8,18,2030,wind_onshore,0.3049609439962033
8,19,2030,wind_onshore,0.3499765753881638
8,20,2030,wind_onshore,0.3876722266380812
8,21,2030,wind_onshore,0.38131422259231657
8,22,2030,wind_onshore,0.355647445400448
8,23,2030,wind_onshore,0.30620840867427557
8,24,2030,wind_onshore,0.3081773667872597
9,1,2030,demand,0.5310537065207693
9,2,2030,demand,0.5143170442000108
9,3,2030,demand,0.492262666072033
9,4,2030,demand,0.4864735789489664
9,5,2030,demand,0.4926502931612253
9,6,2030,demand,0.5120270969275001
9,7,2030,demand,0.5545466343387838
9,8,2030,demand,0.6147803095170741
9,9,2030,demand,0.6509080571328659
9,10,2030,demand,0.6728968431098641
9,11,2030,demand,0.6787839507482144
9,12,2030,demand,0.6820641735688594
9,13,2030,demand,0.6708822345686005
9,14,2030,demand,0.6407296598359769
9,15,2030,demand,0.6433997444219863
9,16,2030,demand,0.6313446282312877
9,17,2030,demand,0.6377888792595008
9,18,2030,demand,0.6630575171644421
9,19,2030,demand,0.6825691382862125
9,20,2030,demand,0.6977471584080565
9,21,2030,demand,0.6965688683333708
9,22,2030,demand,0.6595267502104817
9,23,2030,demand,0.6012541681108214
9,24,2030,demand,0.5803792850294718
9,1,2030,hydro_inflow,0.25083761318229253
9,2,2030,hydro_inflow,0.2490258785527822
9,3,2030,hydro_inflow,0.2468598278438531
9,4,2030,hydro_inflow,0.24325407943743113
9,5,2030,hydro_inflow,0.2430457261770856
9,6,2030,hydro_inflow,0.24038054316464777
9,7,2030,hydro_inflow,0.24192495080589738
9,8,2030,hydro_inflow,0.24146853316090489
9,9,2030,hydro_inflow,0.2388655004424955
9,10,2030,hydro_inflow,0.23951399506058987
9,11,2030,hydro_inflow,0.23938086823505467
9,12,2030,hydro_inflow,0.23926913723558188
9,13,2030,hydro_inflow,0.24208626468724917
9,14,2030,hydro_inflow,0.23839211091636608
9,15,2030,hydro_inflow,0.24213381999316488
9,16,2030,hydro_inflow,0.2444048370824793
9,17,2030,hydro_inflow,0.25241845497193793
9,18,2030,hydro_inflow,0.2511861517597543
9,19,2030,hydro_inflow,0.24670202510685837
9,20,2030,hydro_inflow,0.24510763627119325
9,21,2030,hydro_inflow,0.2455959145808087
9,22,2030,hydro_inflow,0.24221405385228423
9,23,2030,hydro_inflow,0.24641554237287153
9,24,2030,hydro_inflow,0.242543903764779
9,1,2030,solar,0.0
9,2,2030,solar,0.0
9,3,2030,solar,0.0
9,4,2030,solar,0.0
9,5,2030,solar,0.0
9,6,2030,solar,0.0
9,7,2030,solar,0.0
9,8,2030,solar,0.0
9,9,2030,solar,0.11196838825970987
9,10,2030,solar,0.25770806863701473
9,11,2030,solar,0.3755925816936237
9,12,2030,solar,0.43335085661108913
9,13,2030,solar,0.43937032429354655
9,14,2030,solar,0.41015359575040006
9,15,2030,solar,0.33954515670192764
9,16,2030,solar,0.22413190922366957
9,17,2030,solar,0.09709007513437928
9,18,2030,solar,0.0
9,19,2030,solar,0.0
9,20,2030,solar,0.0
9,21,2030,solar,0.0
9,22,2030,solar,0.0
9,23,2030,solar,0.0
9,24,2030,solar,0.0
9,1,2030,wind_offshore,0.6035232788398196
9,2,2030,wind_offshore,0.6323807816512734
9,3,2030,wind_offshore,0.7185660178551906
9,4,2030,wind_offshore,0.8124374409641102
9,5,2030,wind_offshore,0.7933131558942657
9,6,2030,wind_offshore,0.7603376577332202
9,7,2030,wind_offshore,0.711337914208476
9,8,2030,wind_offshore,0.6354756587325652
9,9,2030,wind_offshore,0.5849592973604456
9,10,2030,wind_offshore,0.570040208282764
9,11,2030,wind_offshore,0.5413325835626557
9,12,2030,wind_offshore,0.5370784556658359
9,13,2030,wind_offshore,0.5699937157825627
9,14,2030,wind_offshore,0.601557398179685
9,15,2030,wind_offshore,0.6105250962457972
9,16,2030,wind_offshore,0.6364740958916202
9,17,2030,wind_offshore,0.6153631195759558
9,18,2030,wind_offshore,0.5887673808840915
9,19,2030,wind_offshore,0.5449370083898321
9,20,2030,wind_offshore,0.5338377694251584
9,21,2030,wind_offshore,0.49721064517270935
9,22,2030,wind_offshore,0.4569064336518419
9,23,2030,wind_offshore,0.4867101293218154
9,24,2030,wind_offshore,0.5020625161294894
9,1,2030,wind_onshore,0.32287796759855536
9,2,2030,wind_onshore,0.325444159760655
9,3,2030,wind_onshore,0.3245808584312023
9,4,2030,wind_onshore,0.3302044692011261
9,5,2030,wind_onshore,0.32830714532771277
9,6,2030,wind_onshore,0.3315003270882339
9,7,2030,wind_onshore,0.3284465109643489
9,8,2030,wind_onshore,0.3149752353849892
9,9,2030,wind_onshore,0.3237716504455852
9,10,2030,wind_onshore,0.30061771751746574
9,11,2030,wind_onshore,0.2901802196817311
9,12,2030,wind_onshore,0.32610341067659027
9,13,2030,wind_onshore,0.3471634844858754
9,14,2030,wind_onshore,0.35182366812943794
9,15,2030,wind_onshore,0.34483691658489557
9,16,2030,wind_onshore,0.31931017906398323
9,17,2030,wind_onshore,0.2565609252043371
9,18,2030,wind_onshore,0.22246581765393553
9,19,2030,wind_onshore,0.19791154496242544
9,20,2030,wind_onshore,0.18942943343478183
9,21,2030,wind_onshore,0.19406838866946713
9,22,2030,wind_onshore,0.1973791347659762
9,23,2030,wind_onshore,0.23984252636768233
9,24,2030,wind_onshore,0.22799211903686464
10,1,2030,demand,0.4840800869674238
10,2,2030,demand,0.47895937076523964
10,3,2030,demand,0.4622982750140108
10,4,2030,demand,0.4551383032716631
10,5,2030,demand,0.45990044874564195
10,6,2030,demand,0.48550301554380504
10,7,2030,demand,0.5050736463081675
10,8,2030,demand,0.5362902213879104
10,9,2030,demand,0.5839726869762271
10,10,2030,demand,0.6110655444041577
10,11,2030,demand,0.6304675493792606
10,12,2030,demand,0.6498079901742754
10,13,2030,demand,0.6627008436300436
10,14,2030,demand,0.6482946930200868
10,15,2030,demand,0.631377707331898
10,16,2030,demand,0.6209381430380719
10,17,2030,demand,0.6219587461228206
10,18,2030,demand,0.6195030350350623
10,19,2030,demand,0.6001964831631913
10,20,2030,demand,0.6054130937615175
10,21,2030,demand,0.6016407359872228
10,22,2030,demand,0.5651206247155568
10,23,2030,demand,0.5330886175467022
10,24,2030,demand,0.5312388232985656
10,1,2030,hydro_inflow,0.3873932990128813
10,2,2030,hydro_inflow,0.38081189766095797
10,3,2030,hydro_inflow,0.37909522100891485
10,4,2030,hydro_inflow,0.3849476299028835
10,5,2030,hydro_inflow,0.3897731490509164
10,6,2030,hydro_inflow,0.3899431880756254
10,7,2030,hydro_inflow,0.39620508864355536
10,8,2030,hydro_inflow,0.3993806453901255
10,9,2030,hydro_inflow,0.4018514627821109
10,10,2030,hydro_inflow,0.40660889034277775
10,11,2030,hydro_inflow,0.40511540570544524
10,12,2030,hydro_inflow,0.4025362597831988
10,13,2030,hydro_inflow,0.4041189414583815
10,14,2030,hydro_inflow,0.40638380775069294
10,15,2030,hydro_inflow,0.4059174474386923
10,16,2030,hydro_inflow,0.4096410094255154
10,17,2030,hydro_inflow,0.4101330778658014
10,18,2030,hydro_inflow,0.4152221934738556
10,19,2030,hydro_inflow,0.414355003648507
10,20,2030,hydro_inflow,0.42019155891509913
10,21,2030,hydro_inflow,0.41891490412562193
10,22,2030,hydro_inflow,0.40589915148734235
10,23,2030,hydro_inflow,0.4047035272750726
10,24,2030,hydro_inflow,0.4093072999037297
10,1,2030,solar,0.0
10,2,2030,solar,0.0
10,3,2030,solar,0.0
10,4,2030,solar,0.0
10,5,2030,solar,0.0
10,6,2030,solar,0.0
10,7,2030,solar,0.005177951051479847
10,8,2030,solar,0.11462572876891924
10,9,2030,solar,0.29975554641781454
10,10,2030,solar,0.4764460939783925
10,11,2030,solar,0.5971135488144704
10,12,2030,solar,0.6770075066887958
10,13,2030,solar,0.7026035772173214
10,14,2030,solar,0.6999014664716781
10,15,2030,solar,0.6272861384367366
10,16,2030,solar,0.5346603341495465
10,17,2030,solar,0.3831054602964411
10,18,2030,solar,0.20039779834319416
10,19,2030,solar,0.03707227067040621
10,20,2030,solar,0.0
10,21,2030,solar,0.0
10,22,2030,solar,0.0
10,23,2030,solar,0.0
10,24,2030,solar,0.0
10,1,2030,wind_offshore,0.9046096748362019
10,2,2030,wind_offshore,0.9026761597727953
10,3,2030,wind_offshore,0.9014945191816532
10,4,2030,wind_offshore,0.9232122670350675
10,5,2030,wind_offshore,0.9323977899243043
10,6,2030,wind_offshore,0.9607022178498359
10,7,2030,wind_offshore,0.9509444687510733
10,8,2030,wind_offshore,0.955413760921945
10,9,2030,wind_offshore,0.9676073874028078
10,10,2030,wind_offshore,0.9627100569064163
10,11,2030,wind_offshore,0.9641537806317844
10,12,2030,wind_offshore,0.9654581851371072
10,13,2030,wind_offshore,0.9628499048185192
10,14,2030,wind_offshore,0.9633924006453176
10,15,2030,wind_offshore,0.9508653624337436
10,16,2030,wind_offshore,0.9460539307642251
10,17,2030,wind_offshore,0.9321125842517728
10,18,2030,wind_offshore,0.9355203738543194
10,19,2030,wind_offshore,0.9402430162962282
10,20,2030,wind_offshore,0.9505790654058579
10,21,2030,wind_offshore,0.954202522985265
10,22,2030,wind_offshore,0.9653729812009677
10,23,2030,wind_offshore,0.9773828815012222
10,24,2030,wind_offshore,0.9656404546807958
10,1,2030,wind_onshore,0.4125908294865504
10,2,2030,wind_onshore,0.3753245515380956
10,3,2030,wind_onshore,0.3495274691126543
10,4,2030,wind_onshore,0.3377912842929799
10,5,2030,wind_onshore,0.324733078865922
10,6,2030,wind_onshore,0.3092295812519548
10,7,2030,wind_onshore,0.29324639120462564
10,8,2030,wind_onshore,0.26588612481524115
10,9,2030,wind_onshore,0.2360123110820819
10,10,2030,wind_onshore,0.22786105992703967
10,11,2030,wind_onshore,0.22143807160749743
10,12,2030,wind_onshore,0.21023387646855715
10,13,2030,wind_onshore,0.2133999580518963
10,14,2030,wind_onshore,0.21450548430581123
10,15,2030,wind_onshore,0.21998269814507543
10,16,2030,wind_onshore,0.23443036454193897
10,17,2030,wind_onshore,0.24905220815672685
10,18,2030,wind_onshore,0.2800083113250025
10,19,2030,wind_onshore,0.3120201492651642
10,20,2030,wind_onshore,0.3785603539487527
10,21,2030,wind_onshore,0.400280376919737
10,22,2030,wind_onshore,0.3822525126488237
10,23,2030,wind_onshore,0.3144271577507607
10,24,2030,wind_onshore,0.299932014772399
11,1,2030,demand,0.4969397284222884
11,2,2030,demand,0.4935298515893357
11,3,2030,demand,0.4899773653839055
11,4,2030,demand,0.4871817725622496
11,5,2030,demand,0.5014349186042276
11,6,2030,demand,0.5321560954451511
11,7,2030,demand,0.5742503249303079
11,8,2030,demand,0.6162686484902572
11,9,2030,demand,0.6303767692875775
11,10,2030,demand,0.6358286088002941
11,11,2030,demand,0.6263488167674671
11,12,2030,demand,0.629499857549706
11,13,2030,demand,0.6178434118137576
11,14,2030,demand,0.595933558594409
11,15,2030,demand,0.580242635678013
11,16,2030,demand,0.5814185719137955
11,17,2030,demand,0.5722170433217698
11,18,2030,demand,0.5749268419665495
11,19,2030,demand,0.6040161994112421
11,20,2030,demand,0.6291144099139856
11,21,2030,demand,0.6256775355839226
11,22,2030,demand,0.5829851413873312
11,23,2030,demand,0.5425856656322412
11,24,2030,demand,0.5268865296355908
11,1,2030,hydro_inflow,0.2877672353736848
11,2,2030,hydro_inflow,0.2870910392902415
11,3,2030,hydro_inflow,0.2826303648547117
11,4,2030,hydro_inflow,0.2879626772086679
11,5,2030,hydro_inflow,0.2863369775711006
11,6,2030,hydro_inflow,0.2848720192047991
11,7,2030,hydro_inflow,0.2824209119098507
11,8,2030,hydro_inflow,0.2835914337316695
11,9,2030,hydro_inflow,0.28869783250738074
11,10,2030,hydro_inflow,0.2902220816062619
11,11,2030,hydro_inflow,0.2929590724431475
11,12,2030,hydro_inflow,0.29646263317089816
11,13,2030,hydro_inflow,0.2982502574535748
11,14,2030,hydro_inflow,0.30196838108255764
11,15,2030,hydro_inflow,0.30700975614246906
11,16,2030,hydro_inflow,0.3029430694582962
11,17,2030,hydro_inflow,0.29995375744713765
11,18,2030,hydro_inflow,0.298733690108366
11,19,2030,hydro_inflow,0.29541891915996943
11,20,2030,hydro_inflow,0.2992633039269246
11,21,2030,hydro_inflow,0.2974786563340086
11,22,2030,hydro_inflow,0.29790004693007077
11,23,2030,hydro_inflow,0.29819497184466454
11,24,2030,hydro_inflow,0.2959532576810676
11,1,2030,solar,0.0
11,2,2030,solar,0.0
11,3,2030,solar,0.0
11,4,2030,solar,0.0
11,5,2030,solar,0.0
11,6,2030,solar,0.0
11,7,2030,solar,0.011742226127975418
11,8,2030,solar,0.13509942715464157
11,9,2030,solar,0.3033107846450038
11,10,2030,solar,0.4587210126539376
11,11,2030,solar,0.5725163669253384
11,12,2030,solar,0.651982576326834
11,13,2030,solar,0.6848480424673953
11,14,2030,solar,0.663624582318854
11,15,2030,solar,0.6117936168373662
11,16,2030,solar,0.5075281536412742
11,17,2030,solar,0.3676562779217765
11,18,2030,solar,0.19875065718562632
11,19,2030,solar,0.05470934875400194
11,20,2030,solar,2.908150411758428e-6
11,21,2030,solar,0.0
11,22,2030,solar,0.0
11,23,2030,solar,0.0
11,24,2030,solar,0.0
11,1,2030,wind_offshore,0.0012515623506986937
11,2,2030,wind_offshore,0.00021248075372979526
11,3,2030,wind_offshore,0.0001010221768795621
11,4,2030,wind_offshore,9.545391260283396e-6
11,5,2030,wind_offshore,0.0
11,6,2030,wind_offshore,0.0
11,7,2030,wind_offshore,0.0
11,8,2030,wind_offshore,0.0
11,9,2030,wind_offshore,0.0
11,10,2030,wind_offshore,0.0
11,11,2030,wind_offshore,0.0
11,12,2030,wind_offshore,0.0
11,13,2030,wind_offshore,0.0007113621505270949
11,14,2030,wind_offshore,0.004356535682208561
11,15,2030,wind_offshore,0.006408350706266947
11,16,2030,wind_offshore,0.006470440165983985
11,17,2030,wind_offshore,0.00610227185503852
11,18,2030,wind_offshore,0.00544375379769294
11,19,2030,wind_offshore,0.0012372713143205731
11,20,2030,wind_offshore,0.0
11,21,2030,wind_offshore,0.0
11,22,2030,wind_offshore,0.0
11,23,2030,wind_offshore,0.0
11,24,2030,wind_offshore,0.006231834340403696
11,1,2030,wind_onshore,0.24981801226447875
11,2,2030,wind_onshore,0.2697016697826225
11,3,2030,wind_onshore,0.28284107356805177
11,4,2030,wind_onshore,0.303645126462024
11,5,2030,wind_onshore,0.32318638279904566
11,6,2030,wind_onshore,0.3367818970700882
11,7,2030,wind_onshore,0.3651916071542914
11,8,2030,wind_onshore,0.3727648117405399
11,9,2030,wind_onshore,0.41842189045083533
11,10,2030,wind_onshore,0.4677734561908549
11,11,2030,wind_onshore,0.45436134560788616
11,12,2030,wind_onshore,0.4861079157105555
11,13,2030,wind_onshore,0.4942123542467825
11,14,2030,wind_onshore,0.5063852599590828
11,15,2030,wind_onshore,0.5249686413601511
11,16,2030,wind_onshore,0.5512272792133328
11,17,2030,wind_onshore,0.5650125035931167
11,18,2030,wind_onshore,0.5671260872996815
11,19,2030,wind_onshore,0.5351312787035692
11,20,2030,wind_onshore,0.49112981818583257
11,21,2030,wind_onshore,0.469429696303141
11,22,2030,wind_onshore,0.4489766711339899
11,23,2030,wind_onshore,0.41249568832840616
11,24,2030,wind_onshore,0.39814245131443354
12,1,2030,demand,0.5338756863299082
12,2,2030,demand,0.5199541807652385
12,3,2030,demand,0.49570346320191966
12,4,2030,demand,0.49147813503235327
12,5,2030,demand,0.4917414928106874
12,6,2030,demand,0.5165574689250095
12,7,2030,demand,0.5653124605806875
12,8,2030,demand,0.6073361500293016
12,9,2030,demand,0.6274483084066313
12,10,2030,demand,0.6369852876631019
12,11,2030,demand,0.6410478926703841
12,12,2030,demand,0.6391645770253475
12,13,2030,demand,0.633499268149895
12,14,2030,demand,0.6344259703236877
12,15,2030,demand,0.6095463075967756
12,16,2030,demand,0.5971260177438698
12,17,2030,demand,0.5969652576740833
12,18,2030,demand,0.6098292925820767
12,19,2030,demand,0.6377499506363155
12,20,2030,demand,0.6649445856786211
12,21,2030,demand,0.6664600641717778
12,22,2030,demand,0.6215300281985581
12,23,2030,demand,0.5752889285252496
12,24,2030,demand,0.5515523762833552
12,1,2030,hydro_inflow,0.5462630963241032
12,2,2030,hydro_inflow,0.5486170542839948
12,3,2030,hydro_inflow,0.5468049519843484
12,4,2030,hydro_inflow,0.5462503505011802
12,5,2030,hydro_inflow,0.5423539479725618
12,6,2030,hydro_inflow,0.5417471763877303
12,7,2030,hydro_inflow,0.5386465120607427
12,8,2030,hydro_inflow,0.5385547699185925
12,9,2030,hydro_inflow,0.5417268741072251
12,10,2030,hydro_inflow,0.5399721780105536
12,11,2030,hydro_inflow,0.5422055679628552
12,12,2030,hydro_inflow,0.5482629371323212
12,13,2030,hydro_inflow,0.5551624273421271
12,14,2030,hydro_inflow,0.5494316254651853
12,15,2030,hydro_inflow,0.5534741257851908
12,16,2030,hydro_inflow,0.5501175782170691
12,17,2030,hydro_inflow,0.5560059149046516
12,18,2030,hydro_inflow,0.5509828730206271
12,19,2030,hydro_inflow,0.5514006532305882
12,20,2030,hydro_inflow,0.5509463246206628
12,21,2030,hydro_inflow,0.5492868564490715
12,22,2030,hydro_inflow,0.5592332241962096
12,23,2030,hydro_inflow,0.5615376461889156
12,24,2030,hydro_inflow,0.5594603107874635
12,1,2030,solar,0.0
12,2,2030,solar,0.0
12,3,2030,solar,0.0
12,4,2030,solar,0.0
12,5,2030,solar,0.0
12,6,2030,solar,0.0
12,7,2030,solar,0.0
12,8,2030,solar,0.0
12,9,2030,solar,0.08200839747443316
12,10,2030,solar,0.24231733649972478
12,11,2030,solar,0.39023655856929373
12,12,2030,solar,0.49928503162079696
12,13,2030,solar,0.5518523612487403
12,14,2030,solar,0.5610300272890888
12,15,2030,solar,0.5126607155468225
12,16,2030,solar,0.39596615827102
12,17,2030,solar,0.22491530142409116
12,18,2030,solar,0.04376349251076568
12,19,2030,solar,0.0
12,20,2030,solar,0.0
12,21,2030,solar,0.0
12,22,2030,solar,0.0
12,23,2030,solar,0.0
12,24,2030,solar,0.0
12,1,2030,wind_offshore,0.8824262062829995
12,2,2030,wind_offshore,0.8997542207241678
12,3,2030,wind_offshore,0.8724978534839092
12,4,2030,wind_offshore,0.8722451877090323
12,5,2030,wind_offshore,0.8767838196401377
12,6,2030,wind_offshore,0.8872791114759111
12,7,2030,wind_offshore,0.8547074762589304
12,8,2030,wind_offshore,0.8132550137853365
12,9,2030,wind_offshore,0.8010379497464516
12,10,2030,wind_offshore,0.7881690254750957
12,11,2030,wind_offshore,0.845792214461641
12,12,2030,wind_offshore,0.8221760497391762
12,13,2030,wind_offshore,0.7829424546712525
12,14,2030,wind_offshore,0.7506780024971333
12,15,2030,wind_offshore,0.7720595959062514
12,16,2030,wind_offshore,0.7988500926719716
12,17,2030,wind_offshore,0.8289472472460521
12,18,2030,wind_offshore,0.8465268656432896
12,19,2030,wind_offshore,0.8667704890240314
12,20,2030,wind_offshore,0.8784306873056903
12,21,2030,wind_offshore,0.889574410557384
12,22,2030,wind_offshore,0.8870089525545586
12,23,2030,wind_offshore,0.902714711928429
12,24,2030,wind_offshore,0.8962023115576484
12,1,2030,wind_onshore,0.5597819074847306
12,2,2030,wind_onshore,0.5655307745609048
12,3,2030,wind_onshore,0.575343248020783
12,4,2030,wind_onshore,0.5662765771280301
12,5,2030,wind_onshore,0.5579687891337309
12,6,2030,wind_onshore,0.5438510678816103
12,7,2030,wind_onshore,0.5364658907857718
12,8,2030,wind_onshore,0.5410965982081047
12,9,2030,wind_onshore,0.5447325218799843
12,10,2030,wind_onshore,0.5368561127054904
12,11,2030,wind_onshore,0.5104631549973468
12,12,2030,wind_onshore,0.5201973526212217
12,13,2030,wind_onshore,0.5373877465973662
12,14,2030,wind_onshore,0.5387945022420523
12,15,2030,wind_onshore,0.5454687253922005
12,16,2030,wind_onshore,0.5329197572176712
12,17,2030,wind_onshore,0.5117511979324612
12,18,2030,wind_onshore,0.5346896465581492
12,19,2030,wind_onshore,0.556353356310906
12,20,2030,wind_onshore,0.5783120070994078
12,21,2030,wind_onshore,0.5979459400811977
12,22,2030,wind_onshore,0.5933262969440777
12,23,2030,wind_onshore,0.6101449428481464
12,24,2030,wind_onshore,0.6151561476585098
13,1,2030,demand,0.4772240235335654
13,2,2030,demand,0.48135811392532324
13,3,2030,demand,0.4788445993913027
13,4,2030,demand,0.48161331793411827
13,5,2030,demand,0.5023150168459146
13,6,2030,demand,0.5386742560225026
13,7,2030,demand,0.5775239172540164
13,8,2030,demand,0.6132073117824278
13,9,2030,demand,0.6348703799729195
13,10,2030,demand,0.6365524071196684
13,11,2030,demand,0.634803095562383
13,12,2030,demand,0.6397426774266997
13,13,2030,demand,0.6291876776107982
13,14,2030,demand,0.622964751337587
13,15,2030,demand,0.6127846048168557
13,16,2030,demand,0.6113775010962903
13,17,2030,demand,0.6123050940502589
13,18,2030,demand,0.614459623497512
13,19,2030,demand,0.6307200804175815
13,20,2030,demand,0.6340875199370019
13,21,2030,demand,0.6165410701363381
13,22,2030,demand,0.5648587359106008
13,23,2030,demand,0.5206174032902605
13,24,2030,demand,0.5178083349667176
13,1,2030,hydro_inflow,0.29497613671745104
13,2,2030,hydro_inflow,0.29445072463958316
13,3,2030,hydro_inflow,0.2953226891657766
13,4,2030,hydro_inflow,0.29346446980777285
13,5,2030,hydro_inflow,0.28670089446435476
13,6,2030,hydro_inflow,0.2848448460685833
13,7,2030,hydro_inflow,0.28181619148039594
13,8,2030,hydro_inflow,0.2782951220506057
13,9,2030,hydro_inflow,0.2842662650489463
13,10,2030,hydro_inflow,0.2852785930522048
13,11,2030,hydro_inflow,0.286229588900584
13,12,2030,hydro_inflow,0.2898422308362913
13,13,2030,hydro_inflow,0.2901386663873291
13,14,2030,hydro_inflow,0.28862881028218906
13,15,2030,hydro_inflow,0.2870347151408888
13,16,2030,hydro_inflow,0.29248415785740395
13,17,2030,hydro_inflow,0.29595331097476074
13,18,2030,hydro_inflow,0.2925244968979073
13,19,2030,hydro_inflow,0.29693482728592074
13,20,2030,hydro_inflow,0.2954421652200061
13,21,2030,hydro_inflow,0.3028410485870392
13,22,2030,hydro_inflow,0.3052789641865413
13,23,2030,hydro_inflow,0.3072113899537342
13,24,2030,hydro_inflow,0.3036041539589685
13,1,2030,solar,0.0
13,2,2030,solar,0.0
13,3,2030,solar,0.0
13,4,2030,solar,0.0
13,5,2030,solar,0.0
13,6,2030,solar,0.0
13,7,2030,solar,0.0
13,8,2030,solar,0.0675082073118947
13,9,2030,solar,0.2526491109976691
13,10,2030,solar,0.4418401375774815
13,11,2030,solar,0.555620285269606
13,12,2030,solar,0.6322809485514448
13,13,2030,solar,0.6465817320843372
13,14,2030,solar,0.6238123963932739
13,15,2030,solar,0.5282763218221603
13,16,2030,solar,0.38676597037233196
13,17,2030,solar,0.20902409391812732
13,18,2030,solar,0.04856584991717804
13,19,2030,solar,0.0
13,20,2030,solar,0.0
13,21,2030,solar,0.0
13,22,2030,solar,0.0
13,23,2030,solar,0.0
13,24,2030,solar,0.0
13,1,2030,wind_offshore,0.05894173944632477
13,2,2030,wind_offshore,0.06139285051812686
13,3,2030,wind_offshore,0.055905550849566624
13,4,2030,wind_offshore,0.04681946501538346
13,5,2030,wind_offshore,0.049796948165383645
13,6,2030,wind_offshore,0.07331204706059752
13,7,2030,wind_offshore,0.1073382922136592
13,8,2030,wind_offshore,0.15166980696531138
13,9,2030,wind_offshore,0.2259753493844558
13,10,2030,wind_offshore,0.3387841903319316
13,11,2030,wind_offshore,0.33790188708815483
13,12,2030,wind_offshore,0.3744259431677673
13,13,2030,wind_offshore,0.42074456133542537
13,14,2030,wind_offshore,0.4385866125749051
13,15,2030,wind_offshore,0.40103956151104203
13,16,2030,wind_offshore,0.3693329936669571
13,17,2030,wind_offshore,0.3775256294592212
13,18,2030,wind_offshore,0.4267135969676496
13,19,2030,wind_offshore,0.5521499739903443
13,20,2030,wind_offshore,0.6532856023710361
13,21,2030,wind_offshore,0.6548150063069884
13,22,2030,wind_offshore,0.676221808924304
13,23,2030,wind_offshore,0.5995899665761885
13,24,2030,wind_offshore,0.665909547853692
13,1,2030,wind_onshore,0.10360900763616618
13,2,2030,wind_onshore,0.10048843938581004
13,3,2030,wind_onshore,0.09789068951664884
13,4,2030,wind_onshore,0.09849109600000956
13,5,2030,wind_onshore,0.10198032716979583
13,6,2030,wind_onshore,0.10220953166133923
13,7,2030,wind_onshore,0.09905841533233688
13,8,2030,wind_onshore,0.0969839647004873
13,9,2030,wind_onshore,0.09417815271665998
13,10,2030,wind_onshore,0.06815975597064428
13,11,2030,wind_onshore,0.07312610276177395
13,12,2030,wind_onshore,0.0749890987436121
13,13,2030,wind_onshore,0.07718953674911314
13,14,2030,wind_onshore,0.08874355689431669
13,15,2030,wind_onshore,0.1041741387307823
13,16,2030,wind_onshore,0.11580284466769503
13,17,2030,wind_onshore,0.12390114467869055
13,18,2030,wind_onshore,0.12556295486705674
13,19,2030,wind_onshore,0.14060023590910173
13,20,2030,wind_onshore,0.1456379078985481
13,21,2030,wind_onshore,0.15024803999508718
13,22,2030,wind_onshore,0.14946040287282336
13,23,2030,wind_onshore,0.13212801750050018
13,24,2030,wind_onshore,0.13615680716590065
14,1,2030,demand,0.5132092209429994
14,2,2030,demand,0.5091967384503672
14,3,2030,demand,0.4982271913498783
14,4,2030,demand,0.4833557502539989
14,5,2030,demand,0.48711095065940707
14,6,2030,demand,0.5250629734521733
14,7,2030,demand,0.5846525638877883
14,8,2030,demand,0.6445625382298468
14,9,2030,demand,0.6820184289379121
14,10,2030,demand,0.7047615223284777
14,11,2030,demand,0.7161761146680458
14,12,2030,demand,0.7184613623332926
14,13,2030,demand,0.7166083447606286
14,14,2030,demand,0.696130604417293
14,15,2030,demand,0.6796298460351679
14,16,2030,demand,0.6690078066194448
14,17,2030,demand,0.6678274337047493
14,18,2030,demand,0.694389901816088
14,19,2030,demand,0.720032066165097
14,20,2030,demand,0.748098783600934
14,21,2030,demand,0.7395200718115118
14,22,2030,demand,0.6756808170098051
14,23,2030,demand,0.6256972891940837
14,24,2030,demand,0.5907794495450582
14,1,2030,hydro_inflow,0.6026069746264773
14,2,2030,hydro_inflow,0.6015448345101688
14,3,2030,hydro_inflow,0.6068311540757835
14,4,2030,hydro_inflow,0.6079178547327097
14,5,2030,hydro_inflow,0.6020213707375921
14,6,2030,hydro_inflow,0.6011465826777896
14,7,2030,hydro_inflow,0.6022535846308296
14,8,2030,hydro_inflow,0.5918731610707464
14,9,2030,hydro_inflow,0.5961277715392934
14,10,2030,hydro_inflow,0.6042902039570193
14,11,2030,hydro_inflow,0.6004427058009263
14,12,2030,hydro_inflow,0.5970303489357063
14,13,2030,hydro_inflow,0.586309416080771
14,14,2030,hydro_inflow,0.5803672014615109
14,15,2030,hydro_inflow,0.5847734583726911
14,16,2030,hydro_inflow,0.5708245150005347
14,17,2030,hydro_inflow,0.5604860207795951
14,18,2030,hydro_inflow,0.5543586946379746
14,19,2030,hydro_inflow,0.5725017222915287
14,20,2030,hydro_inflow,0.5733468709424681
14,21,2030,hydro_inflow,0.5772327324190054
14,22,2030,hydro_inflow,0.5817378360543956
14,23,2030,hydro_inflow,0.5797511797677951
14,24,2030,hydro_inflow,0.5838444713166048
14,1,2030,solar,0.0
14,2,2030,solar,0.0
14,3,2030,solar,0.0
14,4,2030,solar,0.0
14,5,2030,solar,0.0
14,6,2030,solar,0.0
14,7,2030,solar,0.0
14,8,2030,solar,0.0
14,9,2030,solar,0.06487100278843236
14,10,2030,solar,0.24860901041441313
14,11,2030,solar,0.3911321778135537
14,12,2030,solar,0.49865305803802495
14,13,2030,solar,0.5745136513921223
14,14,2030,solar,0.5838303880394966
14,15,2030,solar,0.5221301973426422
14,16,2030,solar,0.40094954084721857
14,17,2030,solar,0.20859583480435454
14,18,2030,solar,0.007771031036724597
14,19,2030,solar,0.0
14,20,2030,solar,0.0
14,21,2030,solar,0.0
14,22,2030,solar,0.0
14,23,2030,solar,0.0
14,24,2030,solar,0.0
14,1,2030,wind_offshore,0.22476010345870404
14,2,2030,wind_offshore,0.1784721626663311
14,3,2030,wind_offshore,0.14274290793740685
14,4,2030,wind_offshore,0.1749662905930602
14,5,2030,wind_offshore,0.2428630687816158
14,6,2030,wind_offshore,0.2873278211657169
14,7,2030,wind_offshore,0.30857792287989716
14,8,2030,wind_offshore,0.3486724074114607
14,9,2030,wind_offshore,0.4025541695852871
14,10,2030,wind_offshore,0.38084799216086745
14,11,2030,wind_offshore,0.170781002926441
14,12,2030,wind_offshore,0.1644286835856213
14,13,2030,wind_offshore,0.17002279270288626
14,14,2030,wind_offshore,0.1586366624504573
14,15,2030,wind_offshore,0.11681284309933455
14,16,2030,wind_offshore,0.1189518468235392
14,17,2030,wind_offshore,0.1610015082291392
14,18,2030,wind_offshore,0.22295459109750917
14,19,2030,wind_offshore,0.35277761194537366
14,20,2030,wind_offshore,0.4456380041067145
14,21,2030,wind_offshore,0.38894531775766605
14,22,2030,wind_offshore,0.3124043786236466
14,23,2030,wind_offshore,0.21566668627504887
14,24,2030,wind_offshore,0.2802596578029841
14,1,2030,wind_onshore,0.39465732826879235
14,2,2030,wind_onshore,0.3818547985349266
14,3,2030,wind_onshore,0.368583423767418
14,4,2030,wind_onshore,0.3547654890023861
14,5,2030,wind_onshore,0.3426358187644239
14,6,2030,wind_onshore,0.3467463167968348
14,7,2030,wind_onshore,0.3524773989558009
14,8,2030,wind_onshore,0.3549507204692111
14,9,2030,wind_onshore,0.35909180590302664
14,10,2030,wind_onshore,0.33787368837968096
14,11,2030,wind_onshore,0.3279868229462939
14,12,2030,wind_onshore,0.34923201517934227
14,13,2030,wind_onshore,0.35641361438940977
14,14,2030,wind_onshore,0.3483519868735948
14,15,2030,wind_onshore,0.3444672952543662
14,16,2030,wind_onshore,0.3479662748727286
14,17,2030,wind_onshore,0.3442491927507625
14,18,2030,wind_onshore,0.3804160527158662
14,19,2030,wind_onshore,0.4063565730062874
14,20,2030,wind_onshore,0.40340474777965546
14,21,2030,wind_onshore,0.4066985491590973
14,22,2030,wind_onshore,0.4057942201754661
14,23,2030,wind_onshore,0.412784142153388
14,24,2030,wind_onshore,0.42217666595394693
15,1,2030,demand,0.4327631961616241
15,2,2030,demand,0.42687374655123167
15,3,2030,demand,0.4212169309517915
15,4,2030,demand,0.41831896634396193
15,5,2030,demand,0.4145292988368113
15,6,2030,demand,0.4198606616512827
15,7,2030,demand,0.43142463307084833
15,8,2030,demand,0.4475227768249759
15,9,2030,demand,0.478242647928221
15,10,2030,demand,0.49387386025316254
15,11,2030,demand,0.5078556040951465
15,12,2030,demand,0.49951780169075194
15,13,2030,demand,0.5023185855411211
15,14,2030,demand,0.49770553855786354
15,15,2030,demand,0.4926537554081019
15,16,2030,demand,0.4866789562418745
15,17,2030,demand,0.4869739900809238
15,18,2030,demand,0.5030104304570601
15,19,2030,demand,0.5278674949707122
15,20,2030,demand,0.5426731064655445
15,21,2030,demand,0.5493179009238455
15,22,2030,demand,0.5246901580624854
15,23,2030,demand,0.4913255424584111
15,24,2030,demand,0.48356648101485167
15,1,2030,hydro_inflow,0.2954230979171069
15,2,2030,hydro_inflow,0.2911936025519897
15,3,2030,hydro_inflow,0.29301478879097126
15,4,2030,hydro_inflow,0.2904730103185485
15,5,2030,hydro_inflow,0.2957950438486851
15,6,2030,hydro_inflow,0.2975644435176136
15,7,2030,hydro_inflow,0.29929539094970753
15,8,2030,hydro_inflow,0.3033350117553848
15,9,2030,hydro_inflow,0.3079605714027534
15,10,2030,hydro_inflow,0.3047555645030412
15,11,2030,hydro_inflow,0.3084586746390419
15,12,2030,hydro_inflow,0.30623560394124155
15,13,2030,hydro_inflow,0.30415402970907474
15,14,2030,hydro_inflow,0.3031523490852023
15,15,2030,hydro_inflow,0.2983709737703733
15,16,2030,hydro_inflow,0.29846916308812765
15,17,2030,hydro_inflow,0.2945017347012965
15,18,2030,hydro_inflow,0.30016608159041525
15,19,2030,hydro_inflow,0.2962410443836295
15,20,2030,hydro_inflow,0.2990099822488176
15,21,2030,hydro_inflow,0.30283114069738437
15,22,2030,hydro_inflow,0.30083039006638745
15,23,2030,hydro_inflow,0.3017241657348419
15,24,2030,hydro_inflow,0.3012087685382105
15,1,2030,solar,0.0
15,2,2030,solar,0.0
15,3,2030,solar,0.0
15,4,2030,solar,0.0
15,5,2030,solar,0.0
15,6,2030,solar,0.0
15,7,2030,solar,0.0004205383825385561
15,8,2030,solar,0.10162329520119992
15,9,2030,solar,0.2993886496320301
15,10,2030,solar,0.49678061420731406
15,11,2030,solar,0.6150538003163701
15,12,2030,solar,0.6975203609439405
15,13,2030,solar,0.7104596622976316
15,14,2030,solar,0.6899877059224705
15,15,2030,solar,0.607449644204397
15,16,2030,solar,0.4887471763554481
15,17,2030,solar,0.3265022717871033
15,18,2030,solar,0.13932973702924814
15,19,2030,solar,0.01137749562364712
15,20,2030,solar,0.0
15,21,2030,solar,0.0
15,22,2030,solar,0.0
15,23,2030,solar,0.0
15,24,2030,solar,0.0
15,1,2030,wind_offshore,0.3559015375990212
15,2,2030,wind_offshore,0.45479265847748795
15,3,2030,wind_offshore,0.5121960093497907
15,4,2030,wind_offshore,0.5692830008133009
15,5,2030,wind_offshore,0.610200217107613
15,6,2030,wind_offshore,0.7009185607371078
15,7,2030,wind_offshore,0.7923156017444396
15,8,2030,wind_offshore,0.8097911533106168
15,9,2030,wind_offshore,0.7043206870426156
15,10,2030,wind_offshore,0.5464540321046418
15,11,2030,wind_offshore,0.7155092473732292
15,12,2030,wind_offshore,0.6972462093083055
15,13,2030,wind_offshore,0.6673651595434362
15,14,2030,wind_offshore,0.6094193087627515
15,15,2030,wind_offshore,0.5365308463044522
15,16,2030,wind_offshore,0.5220185823673814
15,17,2030,wind_offshore,0.4662398944510999
15,18,2030,wind_offshore,0.44079647702430463
15,19,2030,wind_offshore,0.47626119246126963
15,20,2030,wind_offshore,0.4682920546398987
15,21,2030,wind_offshore,0.457195937551977
15,22,2030,wind_offshore,0.4529331616964634
15,23,2030,wind_offshore,0.26015974120510277
15,24,2030,wind_offshore,0.19760722622480506
15,1,2030,wind_onshore,0.1492011511455179
15,2,2030,wind_onshore,0.13837618083386022
15,3,2030,wind_onshore,0.13850978704257483
15,4,2030,wind_onshore,0.13660450009674488
15,5,2030,wind_onshore,0.13586637249586486
15,6,2030,wind_onshore,0.14181713825975964
15,7,2030,wind_onshore,0.14382314143853814
15,8,2030,wind_onshore,0.14210666911910344
15,9,2030,wind_onshore,0.12373473376761258
15,10,2030,wind_onshore,0.12619562216094019
15,11,2030,wind_onshore,0.15841588495854356
15,12,2030,wind_onshore,0.1796501471479957
15,13,2030,wind_onshore,0.20534509239409687
15,14,2030,wind_onshore,0.23101650432716395
15,15,2030,wind_onshore,0.24045496136842856
15,16,2030,wind_onshore,0.26292255243832807
15,17,2030,wind_onshore,0.2599615488189864
15,18,2030,wind_onshore,0.26931736380177607
15,19,2030,wind_onshore,0.24940660785227664
15,20,2030,wind_onshore,0.21739940384756912
15,21,2030,wind_onshore,0.1857404347669395
15,22,2030,wind_onshore,0.15196899354770046
15,23,2030,wind_onshore,0.13764605341132483
15,24,2030,wind_onshore,0.14589956941275267
16,1,2030,demand,0.4963310959517526
16,2,2030,demand,0.4852505307594216
16,3,2030,demand,0.4645500962157768
16,4,2030,demand,0.442250349772324
16,5,2030,demand,0.4287919077068851
16,6,2030,demand,0.42393090616932755
16,7,2030,demand,0.43577849712299305
16,8,2030,demand,0.4644914542220785
16,9,2030,demand,0.4948346286559123
16,10,2030,demand,0.5255252509290872
16,11,2030,demand,0.5388702116193002
16,12,2030,demand,0.5343669572311149
16,13,2030,demand,0.5329510890371851
16,14,2030,demand,0.5308764425685165
16,15,2030,demand,0.5429550917149851
16,16,2030,demand,0.5240952502506463
16,17,2030,demand,0.5189983344590475
16,18,2030,demand,0.5036011722398009
16,19,2030,demand,0.5282577193558544
16,20,2030,demand,0.5518840163795204
16,21,2030,demand,0.5693608496380403
16,22,2030,demand,0.5507931266495818
16,23,2030,demand,0.5108498397825918
16,24,2030,demand,0.491514921115989
16,1,2030,hydro_inflow,0.6302151779708814
16,2,2030,hydro_inflow,0.6334487319979552
16,3,2030,hydro_inflow,0.6414460923473445
16,4,2030,hydro_inflow,0.6451341979688247
16,5,2030,hydro_inflow,0.642841714145146
16,6,2030,hydro_inflow,0.6326844562381893
16,7,2030,hydro_inflow,0.6376966764832411
16,8,2030,hydro_inflow,0.6343543943375034
16,9,2030,hydro_inflow,0.6289628082395899
16,10,2030,hydro_inflow,0.6297326919070744
16,11,2030,hydro_inflow,0.6345921516562841
16,12,2030,hydro_inflow,0.6257923501297536
16,13,2030,hydro_inflow,0.6299773156252295
16,14,2030,hydro_inflow,0.6316023752206693
16,15,2030,hydro_inflow,0.6292391563254217
16,16,2030,hydro_inflow,0.6236959499192088
16,17,2030,hydro_inflow,0.620247807645639
16,18,2030,hydro_inflow,0.6244149571740137
16,19,2030,hydro_inflow,0.6278351205778353
16,20,2030,hydro_inflow,0.6287168829690558
16,21,2030,hydro_inflow,0.6288130095321496
16,22,2030,hydro_inflow,0.6327596612370316
16,23,2030,hydro_inflow,0.6264519769144871
16,24,2030,hydro_inflow,0.6219234022881628
16,1,2030,solar,0.0
16,2,2030,solar,0.0
16,3,2030,solar,0.0
16,4,2030,solar,0.0
16,5,2030,solar,0.0
16,6,2030,solar,0.0
16,7,2030,solar,0.0
16,8,2030,solar,0.0
16,9,2030,solar,0.12184001092404693
16,10,2030,solar,0.3325858904510394
16,11,2030,solar,0.497885026555503
16,12,2030,solar,0.6135225537655018
16,13,2030,solar,0.6700532279210756
16,14,2030,solar,0.6770016197958871
16,15,2030,solar,0.6116326081199349
16,16,2030,solar,0.49458638247851655
16,17,2030,solar,0.3047443195624784
16,18,2030,solar,0.1041409225913532
16,19,2030,solar,0.0
16,20,2030,solar,0.0
16,21,2030,solar,0.0
16,22,2030,solar,0.0
16,23,2030,solar,0.0
16,24,2030,solar,0.0
16,1,2030,wind_offshore,0.6521603250811238
16,2,2030,wind_offshore,0.6254434020603443
16,3,2030,wind_offshore,0.5777279287463132
16,4,2030,wind_offshore,0.49850709437576224
16,5,2030,wind_offshore,0.4056453432910184
16,6,2030,wind_offshore,0.2879585739408536
16,7,2030,wind_offshore,0.18135646854723148
16,8,2030,wind_offshore,0.12404739236646561
16,9,2030,wind_offshore,0.08660785679740003
16,10,2030,wind_offshore,0.057332855722604874
16,11,2030,wind_offshore,0.03373959823127048
16,12,2030,wind_offshore,0.036000848141028434
16,13,2030,wind_offshore,0.053909115707891725
16,14,2030,wind_offshore,0.0714041405341372
16,15,2030,wind_offshore,0.07251904999819664
16,16,2030,wind_offshore,0.05299362629560541
16,17,2030,wind_offshore,0.033460421998230294
16,18,2030,wind_offshore,0.0138982758422847
16,19,2030,wind_offshore,0.0019871173484673488
16,20,2030,wind_offshore,0.0
16,21,2030,wind_offshore,0.0
16,22,2030,wind_offshore,0.0
16,23,2030,wind_offshore,0.00017044625057411597
16,24,2030,wind_offshore,0.0010361599982251016
16,1,2030,wind_onshore,0.08166720203976077
16,2,2030,wind_onshore,0.08381088618183916
16,3,2030,wind_onshore,0.08446195895346706
16,4,2030,wind_onshore,0.08428532177016465
16,5,2030,wind_onshore,0.0840060833604894
16,6,2030,wind_onshore,0.08509075999771475
16,7,2030,wind_onshore,0.08911268882616273
16,8,2030,wind_onshore,0.09638936988869107
16,9,2030,wind_onshore,0.10632404259097611
16,10,2030,wind_onshore,0.10575189413927034
16,11,2030,wind_onshore,0.08431207794411892
16,12,2030,wind_onshore,0.0809637564697551
16,13,2030,wind_onshore,0.09304036130594869
16,14,2030,wind_onshore,0.1050486628879197
16,15,2030,wind_onshore,0.10782481114853437
16,16,2030,wind_onshore,0.10493891774902676
16,17,2030,wind_onshore,0.09728642384248325
16,18,2030,wind_onshore,0.10788665923644608
16,19,2030,wind_onshore,0.11949476105313617
16,20,2030,wind_onshore,0.12585165891194144
16,21,2030,wind_onshore,0.13136337315321048
16,22,2030,wind_onshore,0.13829197727466294
16,23,2030,wind_onshore,0.15292562519774727
16,24,2030,wind_onshore,0.15505619103243556
17,1,2030,demand,0.49402273088657195
17,2,2030,demand,0.48371329488231174
17,3,2030,demand,0.48298249114160874
17,4,2030,demand,0.48041377973755306
17,5,2030,demand,0.48511716257640364
17,6,2030,demand,0.5007628087836189
17,7,2030,demand,0.5351119762092073
17,8,2030,demand,0.5789834095472494
17,9,2030,demand,0.6075408846974605
17,10,2030,demand,0.6386454851642277
17,11,2030,demand,0.6455375075220185
17,12,2030,demand,0.6490566110907702
17,13,2030,demand,0.6519699736306428
17,14,2030,demand,0.6356627150962059
17,15,2030,demand,0.6235184432822853
17,16,2030,demand,0.6162974461018809
17,17,2030,demand,0.6204632204425318
17,18,2030,demand,0.6373993543065763
17,19,2030,demand,0.6567011139129146
17,20,2030,demand,0.6688523161114285
17,21,2030,demand,0.6634821528267295
17,22,2030,demand,0.6193076840340646
17,23,2030,demand,0.576242360327991
17,24,2030,demand,0.5585089659422438
17,1,2030,hydro_inflow,0.24907505897314652
17,2,2030,hydro_inflow,0.2514919990963495
17,3,2030,hydro_inflow,0.2526034656223889
17,4,2030,hydro_inflow,0.25863025556885444
17,5,2030,hydro_inflow,0.26238021470699124
17,6,2030,hydro_inflow,0.2674849391631267
17,7,2030,hydro_inflow,0.26540839197998106
17,8,2030,hydro_inflow,0.26367288305930797
17,9,2030,hydro_inflow,0.259577131035209
17,10,2030,hydro_inflow,0.2632394514971686
17,11,2030,hydro_inflow,0.26698704039565246
17,12,2030,hydro_inflow,0.26984295483587173
17,13,2030,hydro_inflow,0.26937633918785153
17,14,2030,hydro_inflow,0.2692188160258344
17,15,2030,hydro_inflow,0.26783694020557175
17,16,2030,hydro_inflow,0.273468564580338
17,17,2030,hydro_inflow,0.2732616066963892
17,18,2030,hydro_inflow,0.2695787522457599
17,19,2030,hydro_inflow,0.26637029386770217
17,20,2030,hydro_inflow,0.2656027423617044
17,21,2030,hydro_inflow,0.26336962164838695
17,22,2030,hydro_inflow,0.2629991289916039
17,23,2030,hydro_inflow,0.2651098257935053
17,24,2030,hydro_inflow,0.26445621312772977
17,1,2030,solar,0.0
17,2,2030,solar,0.0
17,3,2030,solar,0.0
17,4,2030,solar,0.0
17,5,2030,solar,0.0
17,6,2030,solar,0.0
17,7,2030,solar,0.0
17,8,2030,solar,0.0
17,9,2030,solar,0.09564315052303458
17,10,2030,solar,0.24151013003538846
17,11,2030,solar,0.34777102152320793
17,12,2030,solar,0.41088689261240896
17,13,2030,solar,0.40863495230819186
17,14,2030,solar,0.352313434915308
17,15,2030,solar,0.29055889233078874
17,16,2030,solar,0.19441629239495486
17,17,2030,solar,0.08456474082330002
17,18,2030,solar,0.0
17,19,2030,solar,0.0
17,20,2030,solar,0.0
17,21,2030,solar,0.0
17,22,2030,solar,0.0
17,23,2030,solar,0.0
17,24,2030,solar,0.0
17,1,2030,wind_offshore,0.955826988994121
17,2,2030,wind_offshore,0.9703356314576153
17,3,2030,wind_offshore,0.9537513233394761
17,4,2030,wind_offshore,0.9397640985078749
17,5,2030,wind_offshore,0.9162021861284065
17,6,2030,wind_offshore,0.8507578816220341
17,7,2030,wind_offshore,0.7798537476290217
17,8,2030,wind_offshore,0.7780189908131615
17,9,2030,wind_offshore,0.7052882045040781
17,10,2030,wind_offshore,0.5788499563481188
17,11,2030,wind_offshore,0.40772990189333425
17,12,2030,wind_offshore,0.3582340913201216
17,13,2030,wind_offshore,0.32423864753769444
17,14,2030,wind_offshore,0.26754270093059823
17,15,2030,wind_offshore,0.2039389811345967
17,16,2030,wind_offshore,0.15179584269220028
17,17,2030,wind_offshore,0.1137040903430831
17,18,2030,wind_offshore,0.07491976645368108
17,19,2030,wind_offshore,0.046193697080135834
17,20,2030,wind_offshore,0.026555525282118953
17,21,2030,wind_offshore,0.020155379826045507
17,22,2030,wind_offshore,0.01867117726162802
17,23,2030,wind_offshore,0.010738988671809824
17,24,2030,wind_offshore,0.0011379419544708294
17,1,2030,wind_onshore,0.41743883860807035
17,2,2030,wind_onshore,0.4115558483419742
17,3,2030,wind_onshore,0.41176195355272244
17,4,2030,wind_onshore,0.41468278980577894
17,5,2030,wind_onshore,0.422375555596363
17,6,2030,wind_onshore,0.40566097549873137
17,7,2030,wind_onshore,0.4097160439533421
17,8,2030,wind_onshore,0.4160501137121187
17,9,2030,wind_onshore,0.44383328453191134
17,10,2030,wind_onshore,0.4761383433043136
17,11,2030,wind_onshore,0.48094924351451385
17,12,2030,wind_onshore,0.5405555400315382
17,13,2030,wind_onshore,0.5838531572908328
17,14,2030,wind_onshore,0.6209641418247851
17,15,2030,wind_onshore,0.6313361447996764
17,16,2030,wind_onshore,0.6078655180629619
17,17,2030,wind_onshore,0.5510736594962697
17,18,2030,wind_onshore,0.49888518055177666
17,19,2030,wind_onshore,0.5001511506249553
17,20,2030,wind_onshore,0.48973825696755774
17,21,2030,wind_onshore,0.4896704757185889
17,22,2030,wind_onshore,0.47012103539854927
17,23,2030,wind_onshore,0.43880844729017726
17,24,2030,wind_onshore,0.4201652487627051
18,1,2030,demand,0.48469553692522455
18,2,2030,demand,0.4813569595911372
18,3,2030,demand,0.4812113022725312
18,4,2030,demand,0.4824411063872836
18,5,2030,demand,0.4925160865174218
18,6,2030,demand,0.5185116440651748
18,7,2030,demand,0.5484220759173452
18,8,2030,demand,0.5769979679140225
18,9,2030,demand,0.6041315395224636
18,10,2030,demand,0.6254880223773748
18,11,2030,demand,0.6459346586907014
18,12,2030,demand,0.6517568270518395
18,13,2030,demand,0.6513062661091021
18,14,2030,demand,0.6419943763824164
18,15,2030,demand,0.6443811176283284
18,16,2030,demand,0.6475135065715482
18,17,2030,demand,0.6552897568420967
18,18,2030,demand,0.6480996418696744
18,19,2030,demand,0.6349451953343146
18,20,2030,demand,0.6342443463020739
18,21,2030,demand,0.6185381351376051
18,22,2030,demand,0.5699736713040037
18,23,2030,demand,0.5217111340429491
18,24,2030,demand,0.5180123858169804
18,1,2030,hydro_inflow,0.31834986585935626
18,2,2030,hydro_inflow,0.319091868061508
18,3,2030,hydro_inflow,0.3172491306972872
18,4,2030,hydro_inflow,0.31989618484749527
18,5,2030,hydro_inflow,0.32318258500419617
18,6,2030,hydro_inflow,0.3258930644712656
18,7,2030,hydro_inflow,0.3225105358075107
18,8,2030,hydro_inflow,0.31989013338680566
18,9,2030,hydro_inflow,0.3173867922022705
18,10,2030,hydro_inflow,0.31781074467748655
18,11,2030,hydro_inflow,0.3147691117856405
18,12,2030,hydro_inflow,0.31366808799194434
18,13,2030,hydro_inflow,0.32064164954179003
18,14,2030,hydro_inflow,0.32575302604791767
18,15,2030,hydro_inflow,0.32348805401103625
18,16,2030,hydro_inflow,0.32254661338274576
18,17,2030,hydro_inflow,0.32216292795564394
18,18,2030,hydro_inflow,0.3238906096435296
18,19,2030,hydro_inflow,0.3278640407345729
18,20,2030,hydro_inflow,0.33119845692433253
18,21,2030,hydro_inflow,0.33446951024430327
18,22,2030,hydro_inflow,0.3359775544364984
18,23,2030,hydro_inflow,0.3320913452770104
18,24,2030,hydro_inflow,0.32772954875562155
18,1,2030,solar,0.0
18,2,2030,solar,0.0
18,3,2030,solar,0.0
18,4,2030,solar,0.0
18,5,2030,solar,0.0
18,6,2030,solar,0.0009170305270555192
18,7,2030,solar,0.05083830435811777
18,8,2030,solar,0.19373545901152164
18,9,2030,solar,0.34501545191675376
18,10,2030,solar,0.46339635969447096
18,11,2030,solar,0.5488426017984722
18,12,2030,solar,0.6174262958572332
18,13,2030,solar,0.6307807284590434
18,14,2030,solar,0.607921318492729
18,15,2030,solar,0.5507610411316992
18,16,2030,solar,0.4435279646600868
18,17,2030,solar,0.3218518490325094
18,18,2030,solar,0.2115565519695233
18,19,2030,solar,0.09382334879925691
18,20,2030,solar,0.011151931097558554
18,21,2030,solar,0.0
18,22,2030,solar,0.0
18,23,2030,solar,0.0
18,24,2030,solar,0.0
18,1,2030,wind_offshore,0.8854757745283272
18,2,2030,wind_offshore,0.8801098969947492
18,3,2030,wind_offshore,0.9005249408066611
18,4,2030,wind_offshore,0.9027252895037032
18,5,2030,wind_offshore,0.906576786190698
18,6,2030,wind_offshore,0.9055558234916042
18,7,2030,wind_offshore,0.8840451905873732
18,8,2030,wind_offshore,0.8840085219588415
18,9,2030,wind_offshore,0.8885256367260173
18,10,2030,wind_offshore,0.8862853677522236
18,11,2030,wind_offshore,0.8491033972266556
18,12,2030,wind_offshore,0.8869136753345767
18,13,2030,wind_offshore,0.9026469302740233
18,14,2030,wind_offshore,0.9173113423404682
18,15,2030,wind_offshore,0.9094513647898878
18,16,2030,wind_offshore,0.8927615993842836
18,17,2030,wind_offshore,0.8916297003116089
18,18,2030,wind_offshore,0.8785412271406087
18,19,2030,wind_offshore,0.8849804506604674
18,20,2030,wind_offshore,0.8984153853911836
18,21,2030,wind_offshore,0.9093985647415627
18,22,2030,wind_offshore,0.9051503503951286
18,23,2030,wind_offshore,0.9121995434094146
18,24,2030,wind_offshore,0.8919408089933692
18,1,2030,wind_onshore,0.19328397594132146
18,2,2030,wind_onshore,0.1731210017119448
18,3,2030,wind_onshore,0.1646298808753056
18,4,2030,wind_onshore,0.15713432613581155
18,5,2030,wind_onshore,0.15369357435012493
18,6,2030,wind_onshore,0.15029130058556
18,7,2030,wind_onshore,0.14701466712126554
18,8,2030,wind_onshore,0.11964627263251112
18,9,2030,wind_onshore,0.11447633388825375
18,10,2030,wind_onshore,0.11270960836847523
18,11,2030,wind_onshore,0.11115245831550906
18,12,2030,wind_onshore,0.11666291423743701
18,13,2030,wind_onshore,0.13267055583689574
18,14,2030,wind_onshore,0.17137552025838346
18,15,2030,wind_onshore,0.21720824795602392
18,16,2030,wind_onshore,0.2566640735955028
18,17,2030,wind_onshore,0.29039838124451894
18,18,2030,wind_onshore,0.31898909760717475
18,19,2030,wind_onshore,0.3463986661020215
18,20,2030,wind_onshore,0.35265999257806924
18,21,2030,wind_onshore,0.3476013672002339
18,22,2030,wind_onshore,0.3306257190799595
18,23,2030,wind_onshore,0.28371553651192216
18,24,2030,wind_onshore,0.30498567424179834
19,1,2030,demand,0.5706189688781051
19,2,2030,demand,0.5615845606676727
19,3,2030,demand,0.543478412656643
19,4,2030,demand,0.5278076042216876
19,5,2030,demand,0.5431005103343877
19,6,2030,demand,0.5541756145586795
19,7,2030,demand,0.5798323256445597
19,8,2030,demand,0.61625605423208
19,9,2030,demand,0.6770119459883239
19,10,2030,demand,0.7240719678332985
19,11,2030,demand,0.7644030440719749
19,12,2030,demand,0.8094331185423832
19,13,2030,demand,0.81027150174709
19,14,2030,demand,0.81135675814859
19,15,2030,demand,0.7860073444242586
19,16,2030,demand,0.7894815506062778
19,17,2030,demand,0.7764378145741584
19,18,2030,demand,0.7670843547121914
19,19,2030,demand,0.7450653894222287
19,20,2030,demand,0.7183484657102045
19,21,2030,demand,0.6997837362647874
19,22,2030,demand,0.6579565003176651
19,23,2030,demand,0.617822173105412
19,24,2030,demand,0.5998919423315879
19,1,2030,hydro_inflow,0.3126208532007367
19,2,2030,hydro_inflow,0.31254966498404707
19,3,2030,hydro_inflow,0.3066778570214271
19,4,2030,hydro_inflow,0.30721828590682465
19,5,2030,hydro_inflow,0.30711350402899
19,6,2030,hydro_inflow,0.3051702002379029
19,7,2030,hydro_inflow,0.3052702185835619
19,8,2030,hydro_inflow,0.3027502024184217
19,9,2030,hydro_inflow,0.30239461793142836
19,10,2030,hydro_inflow,0.30592387526257925
19,11,2030,hydro_inflow,0.3082212645015689
19,12,2030,hydro_inflow,0.3070808198195018
19,13,2030,hydro_inflow,0.3074151422374172
19,14,2030,hydro_inflow,0.3051765025478632
19,15,2030,hydro_inflow,0.30390950416280016
19,16,2030,hydro_inflow,0.304359835165086
19,17,2030,hydro_inflow,0.30374875203311436
19,18,2030,hydro_inflow,0.301567925723605
19,19,2030,hydro_inflow,0.30428784353649285
19,20,2030,hydro_inflow,0.3064226622470716
19,21,2030,hydro_inflow,0.31079290175933116
19,22,2030,hydro_inflow,0.3114843306614626
19,23,2030,hydro_inflow,0.30666398212530827
19,24,2030,hydro_inflow,0.3087044974426664
19,1,2030,solar,0.0
19,2,2030,solar,0.0
19,3,2030,solar,0.0
19,4,2030,solar,0.0
19,5,2030,solar,0.0
19,6,2030,solar,0.0
19,7,2030,solar,0.012905609878193466
19,8,2030,solar,0.1503828695801485
19,9,2030,solar,0.33558050187223915
19,10,2030,solar,0.5063565753483055
19,11,2030,solar,0.6156781578580185
19,12,2030,solar,0.686214081537002
19,13,2030,solar,0.7097195409765837
19,14,2030,solar,0.703980539304127
19,15,2030,solar,0.664782228900378
19,16,2030,solar,0.570400107032742
19,17,2030,solar,0.4344547393006434
19,18,2030,solar,0.27153158811731326
19,19,2030,solar,0.08818449527377849
19,20,2030,solar,0.0009147034715069811
19,21,2030,solar,0.0
19,22,2030,solar,0.0
19,23,2030,solar,0.0
19,24,2030,solar,0.0
19,1,2030,wind_offshore,0.09780663892695025
19,2,2030,wind_offshore,0.0893742597893949
19,3,2030,wind_offshore,0.09457181110434117
19,4,2030,wind_offshore,0.10992651700344191
19,5,2030,wind_offshore,0.10146933309792422
19,6,2030,wind_offshore,0.06552858681261377
19,7,2030,wind_offshore,0.020533949924147667
19,8,2030,wind_offshore,0.004473308885905982
19,9,2030,wind_offshore,0.0016788738958431074
19,10,2030,wind_offshore,0.008185061520097153
19,11,2030,wind_offshore,0.03907420529364815
19,12,2030,wind_offshore,0.08619597833102556
19,13,2030,wind_offshore,0.13179034300106143
19,14,2030,wind_offshore,0.160541933824856
19,15,2030,wind_offshore,0.21479893810541634
19,16,2030,wind_offshore,0.26612618355103246
19,17,2030,wind_offshore,0.305707416906903
19,18,2030,wind_offshore,0.3642397198328915
19,19,2030,wind_offshore,0.3778937589201265
19,20,2030,wind_offshore,0.3638653987809245
19,21,2030,wind_offshore,0.35005284208677184
19,22,2030,wind_offshore,0.3443104699488878
19,23,2030,wind_offshore,0.29593093869514436
19,24,2030,wind_offshore,0.31280671372919927
19,1,2030,wind_onshore,0.21929007003706336
19,2,2030,wind_onshore,0.20990332669202857
19,3,2030,wind_onshore,0.1918254472851248
19,4,2030,wind_onshore,0.17328332158891704
19,5,2030,wind_onshore,0.15004236590333236
19,6,2030,wind_onshore,0.13034643806813326
19,7,2030,wind_onshore,0.11015838224023647
19,8,2030,wind_onshore,0.08740123579256925
19,9,2030,wind_onshore,0.0744728111291979
19,10,2030,wind_onshore,0.07394165110466992
19,11,2030,wind_onshore,0.06954328260004637
19,12,2030,wind_onshore,0.08597289381069145
19,13,2030,wind_onshore,0.11330733943894654
19,14,2030,wind_onshore,0.13846141758739167
19,15,2030,wind_onshore,0.1655847976287272
19,16,2030,wind_onshore,0.19052169753561343
19,17,2030,wind_onshore,0.21215558706484916
19,18,2030,wind_onshore,0.2324947083665749
19,19,2030,wind_onshore,0.24517944122282143
19,20,2030,wind_onshore,0.24081550526091236
19,21,2030,wind_onshore,0.24735335780925025
19,22,2030,wind_onshore,0.23495697334761095
19,23,2030,wind_onshore,0.1915423011536063
19,24,2030,wind_onshore,0.16895341317784043
20,1,2030,demand,0.5277263084143106
20,2,2030,demand,0.5158414377443197
20,3,2030,demand,0.5015812690248955
20,4,2030,demand,0.49336430945114057
20,5,2030,demand,0.5005122471033315
20,6,2030,demand,0.5313594746379958
20,7,2030,demand,0.5711086372402746
20,8,2030,demand,0.6123170075794541
20,9,2030,demand,0.6567121307908335
20,10,2030,demand,0.6779017794947114
20,11,2030,demand,0.6864508177992328
20,12,2030,demand,0.6846566462221682
20,13,2030,demand,0.6727150204380656
20,14,2030,demand,0.6619903477750472
20,15,2030,demand,0.6395731774747843
20,16,2030,demand,0.6350993481240188
20,17,2030,demand,0.6369630992957569
20,18,2030,demand,0.6513865996724842
20,19,2030,demand,0.6755472303619171
20,20,2030,demand,0.6895820865952332
20,21,2030,demand,0.6817735571271643
20,22,2030,demand,0.6359454022617083
20,23,2030,demand,0.5875165821009389
20,24,2030,demand,0.559585712788734
20,1,2030,hydro_inflow,0.2853578977990521
20,2,2030,hydro_inflow,0.2871524152754005
20,3,2030,hydro_inflow,0.28570978089699145
20,4,2030,hydro_inflow,0.2864817047801978
20,5,2030,hydro_inflow,0.2865617582071112
20,6,2030,hydro_inflow,0.2831764268295553
20,7,2030,hydro_inflow,0.2823405651371312
20,8,2030,hydro_inflow,0.28415775916443126
20,9,2030,hydro_inflow,0.28605264146091225
20,10,2030,hydro_inflow,0.2862262407171536
20,11,2030,hydro_inflow,0.2940319101997046
20,12,2030,hydro_inflow,0.2920768413469812
20,13,2030,hydro_inflow,0.297089234761346
20,14,2030,hydro_inflow,0.29296600777496923
20,15,2030,hydro_inflow,0.29118051687377633
20,16,2030,hydro_inflow,0.29044861766260904
20,17,2030,hydro_inflow,0.29155896183023033
20,18,2030,hydro_inflow,0.28723867286955246
20,19,2030,hydro_inflow,0.2828434163076915
20,20,2030,hydro_inflow,0.28062735694095675
20,21,2030,hydro_inflow,0.27751202686301374
20,22,2030,hydro_inflow,0.28403355262104363
20,23,2030,hydro_inflow,0.28268983781236995
20,24,2030,hydro_inflow,0.2811167116535972
20,1,2030,solar,0.0
20,2,2030,solar,0.0
20,3,2030,solar,0.0
20,4,2030,solar,0.0
20,5,2030,solar,0.0
20,6,2030,solar,0.0
20,7,2030,solar,0.0
20,8,2030,solar,0.0
20,9,2030,solar,0.08677822155251468
20,10,2030,solar,0.21291907636740479
20,11,2030,solar,0.3069196505497523
20,12,2030,solar,0.3563868392761693
20,13,2030,solar,0.3759668281279271
20,14,2030,solar,0.3866520107478679
20,15,2030,solar,0.35152242970465236
20,16,2030,solar,0.24344806137928712
20,17,2030,solar,0.10728828391215497
20,18,2030,solar,0.0
20,19,2030,solar,0.0
20,20,2030,solar,0.0
20,21,2030,solar,0.0
20,22,2030,solar,0.0
20,23,2030,solar,0.0
20,24,2030,solar,0.0
20,1,2030,wind_offshore,0.9021191543149676
20,2,2030,wind_offshore,0.9174970060090729
20,3,2030,wind_offshore,0.9250596221934957
20,4,2030,wind_offshore,0.9233333910609718
20,5,2030,wind_offshore,0.9239754576531591
20,6,2030,wind_offshore,0.9513130437533345
20,7,2030,wind_offshore,0.955554882601941
20,8,2030,wind_offshore,0.9661303155981213
20,9,2030,wind_offshore,0.9672194930510941
20,10,2030,wind_offshore,0.9769555846936124
20,11,2030,wind_offshore,0.9725380197548658
20,12,2030,wind_offshore,0.9647623609308928
20,13,2030,wind_offshore,0.960655095654411
20,14,2030,wind_offshore,0.9693402002470796
20,15,2030,wind_offshore,0.9749767405042532
20,16,2030,wind_offshore,0.9657209406405451
20,17,2030,wind_offshore,0.9706992290280315
20,18,2030,wind_offshore,0.9742293298052062
20,19,2030,wind_offshore,0.9571521033237004
20,20,2030,wind_offshore,0.9628567730801356
20,21,2030,wind_offshore,0.9636431662801939
20,22,2030,wind_offshore,0.9556515123828533
20,23,2030,wind_offshore,0.9090865375396313
20,24,2030,wind_offshore,0.8752628317807997
20,1,2030,wind_onshore,0.3999981237425678
20,2,2030,wind_onshore,0.4015205955748687
20,3,2030,wind_onshore,0.4281362502546908
20,4,2030,wind_onshore,0.4552155190123732
20,5,2030,wind_onshore,0.4713595756830601
20,6,2030,wind_onshore,0.4648330469209551
20,7,2030,wind_onshore,0.4568728968490588
20,8,2030,wind_onshore,0.4647951608845578
20,9,2030,wind_onshore,0.4842737612942553
20,10,2030,wind_onshore,0.47896833100345976
20,11,2030,wind_onshore,0.48515906201392583
20,12,2030,wind_onshore,0.5299778580648062
20,13,2030,wind_onshore,0.5609621249380359
20,14,2030,wind_onshore,0.5866099738455032
20,15,2030,wind_onshore,0.60860247612729
20,16,2030,wind_onshore,0.6088037973398404
20,17,2030,wind_onshore,0.6205286442458512
20,18,2030,wind_onshore,0.6319419391289683
20,19,2030,wind_onshore,0.6133969456236709
20,20,2030,wind_onshore,0.6086045951982932
20,21,2030,wind_onshore,0.590675645995884
20,22,2030,wind_onshore,0.5737192299360991
20,23,2030,wind_onshore,0.530476722038411
20,24,2030,wind_onshore,0.549731013565264
21,1,2030,demand,0.48748578733447073
21,2,2030,demand,0.4883349315711396
21,3,2030,demand,0.4780931984394611
21,4,2030,demand,0.46620183439947227
21,5,2030,demand,0.4721620549949281
21,6,2030,demand,0.5003138810827997
21,7,2030,demand,0.5371104130142687
21,8,2030,demand,0.5638245434186061
21,9,2030,demand,0.5881818857355351
21,10,2030,demand,0.5851029593357105
21,11,2030,demand,0.6038597423076485
21,12,2030,demand,0.6009419522650309
21,13,2030,demand,0.6023023441171873
21,14,2030,demand,0.5996575602698143
21,15,2030,demand,0.5965051672228103
21,16,2030,demand,0.5948339747833904
21,17,2030,demand,0.6016242117301458
21,18,2030,demand,0.6010442685538727
21,19,2030,demand,0.5909910852554338
21,20,2030,demand,0.5965265998056666
21,21,2030,demand,0.5876875231047779
21,22,2030,demand,0.5549838654798555
21,23,2030,demand,0.5204918292164661
21,24,2030,demand,0.517764627478147
21,1,2030,hydro_inflow,0.2619823958173611
21,2,2030,hydro_inflow,0.26285007337794963
21,3,2030,hydro_inflow,0.26232133445095596
21,4,2030,hydro_inflow,0.26242877769452805
21,5,2030,hydro_inflow,0.2654247288475238
21,6,2030,hydro_inflow,0.26319667120480333
21,7,2030,hydro_inflow,0.26443349006116
21,8,2030,hydro_inflow,0.26487051140090495
21,9,2030,hydro_inflow,0.26892791489399015
21,10,2030,hydro_inflow,0.2720553621581997
21,11,2030,hydro_inflow,0.2730447842704019
21,12,2030,hydro_inflow,0.27599422567909077
21,13,2030,hydro_inflow,0.2798037687307074
21,14,2030,hydro_inflow,0.2786436079942546
21,15,2030,hydro_inflow,0.2788608193172112
21,16,2030,hydro_inflow,0.28320080810521586
21,17,2030,hydro_inflow,0.28074273060978067
21,18,2030,hydro_inflow,0.27477240176858597
21,19,2030,hydro_inflow,0.27323502574373326
21,20,2030,hydro_inflow,0.2715729327357821
21,21,2030,hydro_inflow,0.2676171889546875
21,22,2030,hydro_inflow,0.2698332295435757
21,23,2030,hydro_inflow,0.2739748233289812
21,24,2030,hydro_inflow,0.27604440368901323
21,1,2030,solar,0.0
21,2,2030,solar,0.0
21,3,2030,solar,0.0
21,4,2030,solar,0.0
21,5,2030,solar,0.0
21,6,2030,solar,0.0
21,7,2030,solar,0.02118080924976206
21,8,2030,solar,0.1814184456770467
21,9,2030,solar,0.386379829875792
21,10,2030,solar,0.5624604096941701
21,11,2030,solar,0.6860169854468714
21,12,2030,solar,0.7489517976768894
21,13,2030,solar,0.7638858996921969
21,14,2030,solar,0.7496618015114068
21,15,2030,solar,0.679805522956969
21,16,2030,solar,0.5853466771481247
21,17,2030,solar,0.431419206899341
21,18,2030,solar,0.23942593464973702
21,19,2030,solar,0.06418389604141492
21,20,2030,solar,0.0002202558962319854
21,21,2030,solar,0.0
21,22,2030,solar,0.0
21,23,2030,solar,0.0
21,24,2030,solar,0.0
21,1,2030,wind_offshore,0.1246318059436976
21,2,2030,wind_offshore,0.09955289769851045
21,3,2030,wind_offshore,0.0834867522312679
21,4,2030,wind_offshore,0.10629697599550757
21,5,2030,wind_offshore,0.14318910207221883
21,6,2030,wind_offshore,0.19292903790885413
21,7,2030,wind_offshore,0.23814099636780084
21,8,2030,wind_offshore,0.26022692268410547
21,9,2030,wind_offshore,0.2890740561553672
21,10,2030,wind_offshore,0.3017726297693912
21,11,2030,wind_offshore,0.2993162412504601
21,12,2030,wind_offshore,0.3061270183126633
21,13,2030,wind_offshore,0.236150083243104
21,14,2030,wind_offshore,0.176121705168839
21,15,2030,wind_offshore,0.14147225929210241
21,16,2030,wind_offshore,0.15896952361312527
21,17,2030,wind_offshore,0.1995808113739847
21,18,2030,wind_offshore,0.27597618318749567
21,19,2030,wind_offshore,0.35044013676725233
21,20,2030,wind_offshore,0.35361982932211006
21,21,2030,wind_offshore,0.33541079992022066
21,22,2030,wind_offshore,0.32720074878067734
21,23,2030,wind_offshore,0.24603995416593277
21,24,2030,wind_offshore,0.16987684285002475
21,1,2030,wind_onshore,0.18922165233242452
21,2,2030,wind_onshore,0.17815774604388102
21,3,2030,wind_onshore,0.1735237604939304
21,4,2030,wind_onshore,0.16819308644226508
21,5,2030,wind_onshore,0.17213792638016195
21,6,2030,wind_onshore,0.17349231324507844
21,7,2030,wind_onshore,0.16806161114937962
21,8,2030,wind_onshore,0.14833800967315589
21,9,2030,wind_onshore,0.14237517653512377
21,10,2030,wind_onshore,0.1605554316792143
21,11,2030,wind_onshore,0.15498691643963805
21,12,2030,wind_onshore,0.18662998953177465
21,13,2030,wind_onshore,0.21180405748484968
21,14,2030,wind_onshore,0.22312766729238218
21,15,2030,wind_onshore,0.23181569316462616
21,16,2030,wind_onshore,0.23087851495918166
21,17,2030,wind_onshore,0.23770456970275558
21,18,2030,wind_onshore,0.2562376948669341
21,19,2030,wind_onshore,0.2504525250242421
21,20,2030,wind_onshore,0.26621015978397705
21,21,2030,wind_onshore,0.2824276723414435
21,22,2030,wind_onshore,0.28685640803249296
21,23,2030,wind_onshore,0.24445266463540075
21,24,2030,wind_onshore,0.2620489517406027
22,1,2030,demand,0.5172843709923867
22,2,2030,demand,0.5074437382699979
22,3,2030,demand,0.5011747686858824
22,4,2030,demand,0.48209099079116235
22,5,2030,demand,0.4786947343636178
22,6,2030,demand,0.4794664771496471
22,7,2030,demand,0.4869711339785205
22,8,2030,demand,0.5206481856899007
22,9,2030,demand,0.5631114151818949
22,10,2030,demand,0.600097896381765
22,11,2030,demand,0.6205398495033059
22,12,2030,demand,0.6174928165797423
22,13,2030,demand,0.613700911227998
22,14,2030,demand,0.6108057097409203
22,15,2030,demand,0.5900669022981979
22,16,2030,demand,0.5678376801651104
22,17,2030,demand,0.5660146491816421
22,18,2030,demand,0.5864285694134049
22,19,2030,demand,0.6031523381330834
22,20,2030,demand,0.6253767276830247
22,21,2030,demand,0.628604850390786
22,22,2030,demand,0.5974670626344848
22,23,2030,demand,0.5480291093187313
22,24,2030,demand,0.5272003136718018
22,1,2030,hydro_inflow,0.228977830991383
22,2,2030,hydro_inflow,0.2279664505216386
22,3,2030,hydro_inflow,0.22943643897103555
22,4,2030,hydro_inflow,0.2301884674370348
22,5,2030,hydro_inflow,0.23293012064863627
22,6,2030,hydro_inflow,0.23437478892923572
22,7,2030,hydro_inflow,0.23459315063177158
22,8,2030,hydro_inflow,0.23335450175817038
22,9,2030,hydro_inflow,0.23082115076953505
22,10,2030,hydro_inflow,0.2282517346258157
22,11,2030,hydro_inflow,0.22800621579237082
22,12,2030,hydro_inflow,0.22575723124219166
22,13,2030,hydro_inflow,0.22510133171314986
22,14,2030,hydro_inflow,0.22072622641597464
22,15,2030,hydro_inflow,0.21950394737196444
22,16,2030,hydro_inflow,0.22067718018526103
22,17,2030,hydro_inflow,0.2180231813558942
22,18,2030,hydro_inflow,0.21520114599716508
22,19,2030,hydro_inflow,0.216128742834649
22,20,2030,hydro_inflow,0.21630779515208642
22,21,2030,hydro_inflow,0.21604983156877564
22,22,2030,hydro_inflow,0.21637915305908792
22,23,2030,hydro_inflow,0.21831363391460848
22,24,2030,hydro_inflow,0.21449588828767646
22,1,2030,solar,0.0
22,2,2030,solar,0.0
22,3,2030,solar,0.0
22,4,2030,solar,0.0
22,5,2030,solar,0.0
22,6,2030,solar,0.0
22,7,2030,solar,0.0
22,8,2030,solar,0.0
22,9,2030,solar,0.010685135882147766
22,10,2030,solar,0.05675029264675636
22,11,2030,solar,0.13269493544806288
22,12,2030,solar,0.19120014810653832
22,13,2030,solar,0.2113186379411312
22,14,2030,solar,0.19190725939925868
22,15,2030,solar,0.1337231673577509
22,16,2030,solar,0.07341336777519415
22,17,2030,solar,0.025225683886723395
22,18,2030,solar,0.0
22,19,2030,solar,0.0
22,20,2030,solar,0.0
22,21,2030,solar,0.0
22,22,2030,solar,0.0
22,23,2030,solar,0.0
22,24,2030,solar,0.0
22,1,2030,wind_offshore,0.9474446785045272
22,2,2030,wind_offshore,0.9360191592855773
22,3,2030,wind_offshore,0.9296570505984274
22,4,2030,wind_offshore,0.9111801096700014
22,5,2030,wind_offshore,0.9169315297807202
22,6,2030,wind_offshore,0.9009708158392324
22,7,2030,wind_offshore,0.9033094118969203
22,8,2030,wind_offshore,0.9137616496348563
22,9,2030,wind_offshore,0.90929855921384
22,10,2030,wind_offshore,0.8786845997421202
22,11,2030,wind_offshore,0.8647415735951132
22,12,2030,wind_offshore,0.8490576823374464
22,13,2030,wind_offshore,0.6883122509135362
22,14,2030,wind_offshore,0.7903311150953962
22,15,2030,wind_offshore,0.9127816992570271
22,16,2030,wind_offshore,0.9439747830192089
22,17,2030,wind_offshore,0.937504516056986
22,18,2030,wind_offshore,0.9449758163846779
22,19,2030,wind_offshore,0.952528917143269
22,20,2030,wind_offshore,0.9505406192855523
22,21,2030,wind_offshore,0.9422504521483276
22,22,2030,wind_offshore,0.912754618773561
22,23,2030,wind_offshore,0.9066480060034948
22,24,2030,wind_offshore,0.9339526466960816
22,1,2030,wind_onshore,0.6862785612130202
22,2,2030,wind_onshore,0.7179588412014892
22,3,2030,wind_onshore,0.7108524852659813
22,4,2030,wind_onshore,0.714090732684911
22,5,2030,wind_onshore,0.715553815291451
22,6,2030,wind_onshore,0.7045189591179717
22,7,2030,wind_onshore,0.7072470062631312
22,8,2030,wind_onshore,0.7124680706275494
22,9,2030,wind_onshore,0.7202629309481294
22,10,2030,wind_onshore,0.7225979946625445
22,11,2030,wind_onshore,0.6985392954397085
22,12,2030,wind_onshore,0.6950009376082552
22,13,2030,wind_onshore,0.7127114096893835
22,14,2030,wind_onshore,0.7522989394077372
22,15,2030,wind_onshore,0.7721886271563884
22,16,2030,wind_onshore,0.7978737859127124
22,17,2030,wind_onshore,0.795156071027248
22,18,2030,wind_onshore,0.7697098726646231
22,19,2030,wind_onshore,0.7655288986658642
22,20,2030,wind_onshore,0.791823498090717
22,21,2030,wind_onshore,0.7918323939361842
22,22,2030,wind_onshore,0.7776559545021121
22,23,2030,wind_onshore,0.7555002201877344
22,24,2030,wind_onshore,0.7606407897328545
23,1,2030,demand,0.5065432461427222
23,2,2030,demand,0.49378820723231776
23,3,2030,demand,0.4832853597108485
23,4,2030,demand,0.4663099682048603
23,5,2030,demand,0.46777254997536466
23,6,2030,demand,0.4895794978806692
23,7,2030,demand,0.5261727312509135
23,8,2030,demand,0.5627117748846998
23,9,2030,demand,0.6050521331200693
23,10,2030,demand,0.6287637754822176
23,11,2030,demand,0.636928581197116
23,12,2030,demand,0.6405262769104535
23,13,2030,demand,0.6296815855229247
23,14,2030,demand,0.6247976775541796
23,15,2030,demand,0.6156507241968343
23,16,2030,demand,0.6076745594290536
23,17,2030,demand,0.5910168602952391
23,18,2030,demand,0.5920321403499864
23,19,2030,demand,0.6098560226817514
23,20,2030,demand,0.6274091262026781
23,21,2030,demand,0.6220536383837487
23,22,2030,demand,0.5959971679747648
23,23,2030,demand,0.5485084927623983
23,24,2030,demand,0.5338798354607077
23,1,2030,hydro_inflow,0.2660658897573645
23,2,2030,hydro_inflow,0.2661793542497049
23,3,2030,hydro_inflow,0.2619545719120033
23,4,2030,hydro_inflow,0.265018131845697
23,5,2030,hydro_inflow,0.26313699332058144
23,6,2030,hydro_inflow,0.26829540638969834
23,7,2030,hydro_inflow,0.2688011691484791
23,8,2030,hydro_inflow,0.2753361302537921
23,9,2030,hydro_inflow,0.2731065936395368
23,10,2030,hydro_inflow,0.27011757085724813
23,11,2030,hydro_inflow,0.2690074120010889
23,12,2030,hydro_inflow,0.2675090627839823
23,13,2030,hydro_inflow,0.2669760798225997
23,14,2030,hydro_inflow,0.2675788510652884
23,15,2030,hydro_inflow,0.26873184209633716
23,16,2030,hydro_inflow,0.2650110209745553
23,17,2030,hydro_inflow,0.2662830632402623
23,18,2030,hydro_inflow,0.2680688680735103
23,19,2030,hydro_inflow,0.2697333102673445
23,20,2030,hydro_inflow,0.2706638155166699
23,21,2030,hydro_inflow,0.2719301892455916
23,22,2030,hydro_inflow,0.2679833488229277
23,23,2030,hydro_inflow,0.27222879831185953
23,24,2030,hydro_inflow,0.2716022556665035
23,1,2030,solar,0.0
23,2,2030,solar,0.0
23,3,2030,solar,0.0
23,4,2030,solar,0.0
23,5,2030,solar,0.0
23,6,2030,solar,0.0
23,7,2030,solar,0.0
23,8,2030,solar,0.01214803124153195
23,9,2030,solar,0.11945221147730303
23,10,2030,solar,0.2533709610674809
23,11,2030,solar,0.37426270532698314
23,12,2030,solar,0.4558046652432664
23,13,2030,solar,0.47522822551948685
23,14,2030,solar,0.45884226684448937
23,15,2030,solar,0.39896722561531167
23,16,2030,solar,0.28658055398629284
23,17,2030,solar,0.14295301641125224
23,18,2030,solar,0.006311356862957589
23,19,2030,solar,0.0
23,20,2030,solar,0.0
23,21,2030,solar,0.0
23,22,2030,solar,0.0
23,23,2030,solar,0.0
23,24,2030,solar,0.0
23,1,2030,wind_offshore,0.4929054253054348
23,2,2030,wind_offshore,0.49311782783931435
23,3,2030,wind_offshore,0.47659460420920324
23,4,2030,wind_offshore,0.5141174610523762
23,5,2030,wind_offshore,0.4585924413317132
23,6,2030,wind_offshore,0.3864880620746953
23,7,2030,wind_offshore,0.35219592649262316
23,8,2030,wind_offshore,0.33073653924985763
23,9,2030,wind_offshore,0.3210270994104484
23,10,2030,wind_offshore,0.2663998858107564
23,11,2030,wind_offshore,0.2503802448429786
23,12,2030,wind_offshore,0.25528307602063577
23,13,2030,wind_offshore,0.28985333690461984
23,14,2030,wind_offshore,0.32274744495900587
23,15,2030,wind_offshore,0.3162494071444075
23,16,2030,wind_offshore,0.30291660529456504
23,17,2030,wind_offshore,0.27752529195602266
23,18,2030,wind_offshore,0.2721722227025702
23,19,2030,wind_offshore,0.29568473487769315
23,20,2030,wind_offshore,0.3448130545135004
23,21,2030,wind_offshore,0.3815297481326516
23,22,2030,wind_offshore,0.42165609268298565
23,23,2030,wind_offshore,0.4192975667601906
23,24,2030,wind_offshore,0.43001664992151295
23,1,2030,wind_onshore,0.2071165195618104
23,2,2030,wind_onshore,0.22386620654258377
23,3,2030,wind_onshore,0.23684249841316773
23,4,2030,wind_onshore,0.25718169590998124
23,5,2030,wind_onshore,0.2814562936413515
23,6,2030,wind_onshore,0.3024180540483385
23,7,2030,wind_onshore,0.31065909603236613
23,8,2030,wind_onshore,0.3226797052472318
23,9,2030,wind_onshore,0.3278766793309222
23,10,2030,wind_onshore,0.3318332898696608
23,11,2030,wind_onshore,0.41035063814548617
23,12,2030,wind_onshore,0.4535043847122982
23,13,2030,wind_onshore,0.4708265907123617
23,14,2030,wind_onshore,0.4894552732593153
23,15,2030,wind_onshore,0.5022873141349433
23,16,2030,wind_onshore,0.48893365720513726
23,17,2030,wind_onshore,0.4538741697522748
23,18,2030,wind_onshore,0.42146636550069233
23,19,2030,wind_onshore,0.4232885837199704
23,20,2030,wind_onshore,0.43226900179770655
23,21,2030,wind_onshore,0.43720547745804017
23,22,2030,wind_onshore,0.43367730896902074
23,23,2030,wind_onshore,0.43651998667634306
23,24,2030,wind_onshore,0.4391959543718723
24,1,2030,demand,0.5222345511992438
24,2,2030,demand,0.5088008099995532
24,3,2030,demand,0.4979485987524227
24,4,2030,demand,0.48571802182668206
24,5,2030,demand,0.48673048918049916
24,6,2030,demand,0.5125619204853528
24,7,2030,demand,0.5453867674282981
24,8,2030,demand,0.5905733122690273
24,9,2030,demand,0.6176219159350993
24,10,2030,demand,0.6375651388953442
24,11,2030,demand,0.6451461595666276
24,12,2030,demand,0.6427415772815287
24,13,2030,demand,0.6476466792767824
24,14,2030,demand,0.6285663044696392
24,15,2030,demand,0.6180306070951489
24,16,2030,demand,0.6130590867864486
24,17,2030,demand,0.6195317983376688
24,18,2030,demand,0.6337924580120542
24,19,2030,demand,0.6643786393745871
24,20,2030,demand,0.6727851239931787
24,21,2030,demand,0.6737220553714608
24,22,2030,demand,0.6309735542411872
24,23,2030,demand,0.5680031183206555
24,24,2030,demand,0.5453772714412946
24,1,2030,hydro_inflow,0.37041851857333213
24,2,2030,hydro_inflow,0.36871837331818585
24,3,2030,hydro_inflow,0.37513046532686123
24,4,2030,hydro_inflow,0.37645245832167745
24,5,2030,hydro_inflow,0.37848074484949523
24,6,2030,hydro_inflow,0.37919915809438387
24,7,2030,hydro_inflow,0.38061083966327264
24,8,2030,hydro_inflow,0.37972537681377794
24,9,2030,hydro_inflow,0.3768658322139453
24,10,2030,hydro_inflow,0.3752010963153879
24,11,2030,hydro_inflow,0.37711286296093466
24,12,2030,hydro_inflow,0.3790653659290926
24,13,2030,hydro_inflow,0.3836434498143699
24,14,2030,hydro_inflow,0.38450993270018846
24,15,2030,hydro_inflow,0.3877287456281696
24,16,2030,hydro_inflow,0.3835681520380811
24,17,2030,hydro_inflow,0.38203995815115255
24,18,2030,hydro_inflow,0.3806159816787783
24,19,2030,hydro_inflow,0.3796866532463858
24,20,2030,hydro_inflow,0.3875244975670996
24,21,2030,hydro_inflow,0.3915809195595564
24,22,2030,hydro_inflow,0.3903625490774122
24,23,2030,hydro_inflow,0.39510927024395043
24,24,2030,hydro_inflow,0.39620997574360706
24,1,2030,solar,0.0
24,2,2030,solar,0.0
24,3,2030,solar,0.0
24,4,2030,solar,0.0
24,5,2030,solar,0.0
24,6,2030,solar,0.0
24,7,2030,solar,0.0
24,8,2030,solar,0.0
24,9,2030,solar,0.06292282855720183
24,10,2030,solar,0.17620380737389618
24,11,2030,solar,0.2957351097548321
24,12,2030,solar,0.3901194909906812
24,13,2030,solar,0.46571178425078713
24,14,2030,solar,0.49746716770891775
24,15,2030,solar,0.47078158474164816
24,16,2030,solar,0.3953080071417331
24,17,2030,solar,0.2572722944110447
24,18,2030,solar,0.09631629876953003
24,19,2030,solar,0.0
24,20,2030,solar,0.0
24,21,2030,solar,0.0
24,22,2030,solar,0.0
24,23,2030,solar,0.0
24,24,2030,solar,0.0
24,1,2030,wind_offshore,0.9071160928497229
24,2,2030,wind_offshore,0.8944413910031722
24,3,2030,wind_offshore,0.8843642937070417
24,4,2030,wind_offshore,0.8923457382597993
24,5,2030,wind_offshore,0.8887888762174844
24,6,2030,wind_offshore,0.8943287431221955
24,7,2030,wind_offshore,0.8895963105442399
24,8,2030,wind_offshore,0.8824771355229803
24,9,2030,wind_offshore,0.8849797483747641
24,10,2030,wind_offshore,0.8842524844419569
24,11,2030,wind_offshore,0.8905898823452726
24,12,2030,wind_offshore,0.8941400720646592
24,13,2030,wind_offshore,0.9033192969870674
24,14,2030,wind_offshore,0.9065589445953434
24,15,2030,wind_offshore,0.9031039375346318
24,16,2030,wind_offshore,0.8975149106687579
24,17,2030,wind_offshore,0.8890899276833751
24,18,2030,wind_offshore,0.8799985183410088
24,19,2030,wind_offshore,0.8681321584100408
24,20,2030,wind_offshore,0.8883473129109539
24,21,2030,wind_offshore,0.8946704371582238
24,22,2030,wind_offshore,0.8913488732922479
24,23,2030,wind_offshore,0.8946817305843219
24,24,2030,wind_offshore,0.8935654900690662
24,1,2030,wind_onshore,0.6345538183964995
24,2,2030,wind_onshore,0.6401666628981623
24,3,2030,wind_onshore,0.6178215644841144
24,4,2030,wind_onshore,0.6047872532530576
24,5,2030,wind_onshore,0.5953897367056681
24,6,2030,wind_onshore,0.5755784646721533
24,7,2030,wind_onshore,0.5638549038207508
24,8,2030,wind_onshore,0.5521129990437896
24,9,2030,wind_onshore,0.5380157030961283
24,10,2030,wind_onshore,0.5273485380939248
24,11,2030,wind_onshore,0.5460250641740751
24,12,2030,wind_onshore,0.5584842825402284
24,13,2030,wind_onshore,0.5678402168190803
24,14,2030,wind_onshore,0.584848452536736
24,15,2030,wind_onshore,0.5843134999672878
24,16,2030,wind_onshore,0.5812576550315306
24,17,2030,wind_onshore,0.553257265595522
24,18,2030,wind_onshore,0.5162637823562177
24,19,2030,wind_onshore,0.5064273537619175
24,20,2030,wind_onshore,0.5127649938636701
24,21,2030,wind_onshore,0.5292531567712332
24,22,2030,wind_onshore,0.5318651349253056
24,23,2030,wind_onshore,0.5235875810316524
24,24,2030,wind_onshore,0.5295089225168564
25,1,2030,demand,0.5690336304367606
25,2,2030,demand,0.5444820374436021
25,3,2030,demand,0.5363033733507708
25,4,2030,demand,0.5147720208134325
25,5,2030,demand,0.5133848013269203
25,6,2030,demand,0.5081090876074216
25,7,2030,demand,0.5297172635439871
25,8,2030,demand,0.5648856038274291
25,9,2030,demand,0.6046268260889558
25,10,2030,demand,0.6382145936032243
25,11,2030,demand,0.6535904285468177
25,12,2030,demand,0.6605165580198701
25,13,2030,demand,0.6672979187812879
25,14,2030,demand,0.6592735102436119
25,15,2030,demand,0.6490615385050649
25,16,2030,demand,0.633211961239078
25,17,2030,demand,0.6408456680209093
25,18,2030,demand,0.6607173263531066
25,19,2030,demand,0.683446424337171
25,20,2030,demand,0.7135176038013837
25,21,2030,demand,0.7171071458761483
25,22,2030,demand,0.6958616224868087
25,23,2030,demand,0.6411875532451864
25,24,2030,demand,0.6217720210519888
25,1,2030,hydro_inflow,0.47274669448235274
25,2,2030,hydro_inflow,0.47508629218025006
25,3,2030,hydro_inflow,0.4674580175475918
25,4,2030,hydro_inflow,0.46894518657699463
25,5,2030,hydro_inflow,0.4728379569984254
25,6,2030,hydro_inflow,0.4803605192421763
25,7,2030,hydro_inflow,0.4784055077630786
25,8,2030,hydro_inflow,0.48664461577372226
25,9,2030,hydro_inflow,0.48378411225634355
25,10,2030,hydro_inflow,0.4844647008342569
25,11,2030,hydro_inflow,0.4748717827235435
25,12,2030,hydro_inflow,0.47833574870960516
25,13,2030,hydro_inflow,0.47995394821943066
25,14,2030,hydro_inflow,0.48682477287545717
25,15,2030,hydro_inflow,0.48859689356807406
25,16,2030,hydro_inflow,0.49005796016899167
25,17,2030,hydro_inflow,0.4904812080977491
25,18,2030,hydro_inflow,0.4925176408101742
25,19,2030,hydro_inflow,0.48701882559745796
25,20,2030,hydro_inflow,0.483621873795898
25,21,2030,hydro_inflow,0.49591846799614825
25,22,2030,hydro_inflow,0.4962778975879862
25,23,2030,hydro_inflow,0.49055257216796705
25,24,2030,hydro_inflow,0.481872057960905
25,1,2030,solar,0.0
25,2,2030,solar,0.0
25,3,2030,solar,0.0
25,4,2030,solar,0.0
25,5,2030,solar,0.0
25,6,2030,solar,0.0
25,7,2030,solar,0.0
25,8,2030,solar,0.0
25,9,2030,solar,0.06851021717884972
25,10,2030,solar,0.26756413589875566
25,11,2030,solar,0.43354774979168365
25,12,2030,solar,0.5469038164170751
25,13,2030,solar,0.60031566520061
25,14,2030,solar,0.5787913728519307
25,15,2030,solar,0.49786900329606437
25,16,2030,solar,0.36072244330723374
25,17,2030,solar,0.1848726564902773
25,18,2030,solar,0.0
25,19,2030,solar,0.0
25,20,2030,solar,0.0
25,21,2030,solar,0.0
25,22,2030,solar,0.0
25,23,2030,solar,0.0
25,24,2030,solar,0.0
25,1,2030,wind_offshore,0.10633097436913524
25,2,2030,wind_offshore,0.10138628290837183
25,3,2030,wind_offshore,0.09238579538436499
25,4,2030,wind_offshore,0.08032571070130483
25,5,2030,wind_offshore,0.06049853619473621
25,6,2030,wind_offshore,0.048490964187224414
25,7,2030,wind_offshore,0.05195289099410338
25,8,2030,wind_offshore,0.0403500312697864
25,9,2030,wind_offshore,0.021571171556584
25,10,2030,wind_offshore,0.012250447995183461
25,11,2030,wind_offshore,0.022707586303649805
25,12,2030,wind_offshore,0.0220000920609234
25,13,2030,wind_offshore,0.001159973725594379
25,14,2030,wind_offshore,0.0
25,15,2030,wind_offshore,0.0
25,16,2030,wind_offshore,0.00045166840234384564
25,17,2030,wind_offshore,0.004079791122851735
25,18,2030,wind_offshore,0.006784555704486099
25,19,2030,wind_offshore,0.008731085131057467
25,20,2030,wind_offshore,0.01632005915754712
25,21,2030,wind_offshore,0.03256392922233762
25,22,2030,wind_offshore,0.04971489582379669
25,23,2030,wind_offshore,0.07200164402918088
25,24,2030,wind_offshore,0.0674797151041729
25,1,2030,wind_onshore,0.4133274866870548
25,2,2030,wind_onshore,0.40443667649684945
25,3,2030,wind_onshore,0.3965035657011544
25,4,2030,wind_onshore,0.389095527076259
25,5,2030,wind_onshore,0.37618990102879846
25,6,2030,wind_onshore,0.36871510967296023
25,7,2030,wind_onshore,0.36743573368806215
25,8,2030,wind_onshore,0.37002968756608506
25,9,2030,wind_onshore,0.3673843792224101
25,10,2030,wind_onshore,0.349476869614905
25,11,2030,wind_onshore,0.3135091641369336
25,12,2030,wind_onshore,0.34303117717356985
25,13,2030,wind_onshore,0.3594377390540772
25,14,2030,wind_onshore,0.35929136663578715
25,15,2030,wind_onshore,0.3599878235152676
25,16,2030,wind_onshore,0.36805316490064055
25,17,2030,wind_onshore,0.3526510253295787
25,18,2030,wind_onshore,0.36589874043056214
25,19,2030,wind_onshore,0.38615681707773486
25,20,2030,wind_onshore,0.38058368140612375
25,21,2030,wind_onshore,0.34549822051723944
25,22,2030,wind_onshore,0.2907238220085776
25,23,2030,wind_onshore,0.2602129099855771
25,24,2030,wind_onshore,0.2460991957674234
26,1,2030,demand,0.5333495648571209
26,2,2030,demand,0.517300651519941
26,3,2030,demand,0.5025227192638435
26,4,2030,demand,0.4980566210522867
26,5,2030,demand,0.507993976294105
26,6,2030,demand,0.5440688351321249
26,7,2030,demand,0.5980742901251955
26,8,2030,demand,0.6514343987211129
26,9,2030,demand,0.6948088379837751
26,10,2030,demand,0.7152966169126705
26,11,2030,demand,0.7220522743260879
26,12,2030,demand,0.7062131160326083
26,13,2030,demand,0.6935627928871846
26,14,2030,demand,0.6748020545947455
26,15,2030,demand,0.6687301093509248
26,16,2030,demand,0.6704643077756504
26,17,2030,demand,0.6665636364402455
26,18,2030,demand,0.6846706436254218
26,19,2030,demand,0.7057162259497101
26,20,2030,demand,0.7363777135635349
26,21,2030,demand,0.7379185879647153
26,22,2030,demand,0.697790092774712
26,23,2030,demand,0.6477952987243786
26,24,2030,demand,0.6195939671660112
26,1,2030,hydro_inflow,0.6553323669740295
26,2,2030,hydro_inflow,0.659589644112026
26,3,2030,hydro_inflow,0.6571493402847856
26,4,2030,hydro_inflow,0.6565576992493483
26,5,2030,hydro_inflow,0.6561426442634315
26,6,2030,hydro_inflow,0.6531430124224392
26,7,2030,hydro_inflow,0.6418919210004032
26,8,2030,hydro_inflow,0.6411877318766265
26,9,2030,hydro_inflow,0.6298890887535163
26,10,2030,hydro_inflow,0.625690922247923
26,11,2030,hydro_inflow,0.6114500138387167
26,12,2030,hydro_inflow,0.6120758250713315
26,13,2030,hydro_inflow,0.616619725700234
26,14,2030,hydro_inflow,0.6189725380389386
26,15,2030,hydro_inflow,0.6203450682847992
26,16,2030,hydro_inflow,0.6218867579058751
26,17,2030,hydro_inflow,0.614219618288895
26,18,2030,hydro_inflow,0.617549689291701
26,19,2030,hydro_inflow,0.6052902291792858
26,20,2030,hydro_inflow,0.5914912549520472
26,21,2030,hydro_inflow,0.5935896849605041
26,22,2030,hydro_inflow,0.5973528844374915
26,23,2030,hydro_inflow,0.6061066389543998
26,24,2030,hydro_inflow,0.6074198381552466
26,1,2030,solar,0.0
26,2,2030,solar,0.0
26,3,2030,solar,0.0
26,4,2030,solar,0.0
26,5,2030,solar,0.0
26,6,2030,solar,0.0
26,7,2030,solar,0.0
26,8,2030,solar,0.006222330779832828
26,9,2030,solar,0.20408181188815186
26,10,2030,solar,0.4460370776956366
26,11,2030,solar,0.6083380906013471
26,12,2030,solar,0.7018842053956593
26,13,2030,solar,0.732171865903966
26,14,2030,solar,0.693484789062262
26,15,2030,solar,0.608175209654354
26,16,2030,solar,0.48058975092895395
26,17,2030,solar,0.31606647587211717
26,18,2030,solar,0.12986077502392113
26,19,2030,solar,7.029209070910597e-5
26,20,2030,solar,0.0
26,21,2030,solar,0.0
26,22,2030,solar,0.0
26,23,2030,solar,0.0
26,24,2030,solar,0.0
26,1,2030,wind_offshore,0.05007386047316037
26,2,2030,wind_offshore,0.06563887885241954
26,3,2030,wind_offshore,0.07078922311449427
26,4,2030,wind_offshore,0.058484136812363446
26,5,2030,wind_offshore,0.05210378949558679
26,6,2030,wind_offshore,0.05968030645388429
26,7,2030,wind_offshore,0.07528719738872969
26,8,2030,wind_offshore,0.08428169324084997
26,9,2030,wind_offshore,0.08421695032822289
26,10,2030,wind_offshore,0.08838296451445296
26,11,2030,wind_offshore,0.07648658800172108
26,12,2030,wind_offshore,0.05217704895721171
26,13,2030,wind_offshore,0.04361911391465833
26,14,2030,wind_offshore,0.05370360838316893
26,15,2030,wind_offshore,0.06885135622553933
26,16,2030,wind_offshore,0.07374900104252366
26,17,2030,wind_offshore,0.07092803957415314
26,18,2030,wind_offshore,0.062462772870353414
26,19,2030,wind_offshore,0.03985395055461852
26,20,2030,wind_offshore,0.01265334596245894
26,21,2030,wind_offshore,0.0009562301236597515
26,22,2030,wind_offshore,0.0001889839372460459
26,23,2030,wind_offshore,0.0015630530066474031
26,24,2030,wind_offshore,0.02644228208850661
26,1,2030,wind_onshore,0.3702150224475331
26,2,2030,wind_onshore,0.3532919329368246
26,3,2030,wind_onshore,0.3385535700769682
26,4,2030,wind_onshore,0.3252253232967767
26,5,2030,wind_onshore,0.3232339263520466
26,6,2030,wind_onshore,0.330053057667037
26,7,2030,wind_onshore,0.33618385400154605
26,8,2030,wind_onshore,0.34080748712906145
26,9,2030,wind_onshore,0.3321577486317682
26,10,2030,wind_onshore,0.31289654258989125
26,11,2030,wind_onshore,0.3424019363844968
26,12,2030,wind_onshore,0.3492331536643924
26,13,2030,wind_onshore,0.34474047036468075
26,14,2030,wind_onshore,0.32132967979645877
26,15,2030,wind_onshore,0.30599754032393417
26,16,2030,wind_onshore,0.2995426074260312
26,17,2030,wind_onshore,0.2980697651863337
26,18,2030,wind_onshore,0.2815006554798413
26,19,2030,wind_onshore,0.2785744413759098
26,20,2030,wind_onshore,0.29452890731771153
26,21,2030,wind_onshore,0.2915002863178755
26,22,2030,wind_onshore,0.287013242155509
26,23,2030,wind_onshore,0.2861069234239357
26,24,2030,wind_onshore,0.2719481435907627
27,1,2030,demand,0.48514627719438375
27,2,2030,demand,0.47256617384011823
27,3,2030,demand,0.4697105035920732
27,4,2030,demand,0.45438762793681786
27,5,2030,demand,0.45278554723040654
27,6,2030,demand,0.45114935356286967
27,7,2030,demand,0.4611846291617995
27,8,2030,demand,0.49312135509960725
27,9,2030,demand,0.5168523110724828
27,10,2030,demand,0.541479260557867
27,11,2030,demand,0.5562733977540565
27,12,2030,demand,0.5580478301453935
27,13,2030,demand,0.5535426555665165
27,14,2030,demand,0.5401063352082492
27,15,2030,demand,0.5360509414101201
27,16,2030,demand,0.5263596562175918
27,17,2030,demand,0.5236728823869722
27,18,2030,demand,0.517188729513613
27,19,2030,demand,0.5326993987360774
27,20,2030,demand,0.5440777478642648
27,21,2030,demand,0.5534117557768266
27,22,2030,demand,0.5248269171418787
27,23,2030,demand,0.4912946948830039
27,24,2030,demand,0.4841101136354541
27,1,2030,hydro_inflow,0.28999412965828886
27,2,2030,hydro_inflow,0.2939681323422738
27,3,2030,hydro_inflow,0.2918370913250766
27,4,2030,hydro_inflow,0.2908861884046981
27,5,2030,hydro_inflow,0.2914958788959305
27,6,2030,hydro_inflow,0.2865385951323992
27,7,2030,hydro_inflow,0.2886422612255122
27,8,2030,hydro_inflow,0.2904566490535393
27,9,2030,hydro_inflow,0.2945324612887868
27,10,2030,hydro_inflow,0.2910243591465447
27,11,2030,hydro_inflow,0.291575466392908
27,12,2030,hydro_inflow,0.2931394544518428
27,13,2030,hydro_inflow,0.29535543852929896
27,14,2030,hydro_inflow,0.2922434903735384
27,15,2030,hydro_inflow,0.2975810688039961
27,16,2030,hydro_inflow,0.30009375582335895
27,17,2030,hydro_inflow,0.30172347988947457
27,18,2030,hydro_inflow,0.30441210965429627
27,19,2030,hydro_inflow,0.3032322926733927
27,20,2030,hydro_inflow,0.3014672224493295
27,21,2030,hydro_inflow,0.30665105565845624
27,22,2030,hydro_inflow,0.3055393678945357
27,23,2030,hydro_inflow,0.30509762422292414
27,24,2030,hydro_inflow,0.30872108777304147
27,1,2030,solar,0.0
27,2,2030,solar,0.0
27,3,2030,solar,0.0
27,4,2030,solar,0.0
27,5,2030,solar,0.0
27,6,2030,solar,0.0
27,7,2030,solar,0.00031661551160214174
27,8,2030,solar,0.09979928072904029
27,9,2030,solar,0.29422822609994875
27,10,2030,solar,0.479174710122116
27,11,2030,solar,0.5994734398674172
27,12,2030,solar,0.6770838244960299
27,13,2030,solar,0.7066990874725834
27,14,2030,solar,0.6977433096361332
27,15,2030,solar,0.6226616163423592
27,16,2030,solar,0.4966063849431034
27,17,2030,solar,0.34371877746231183
27,18,2030,solar,0.1559211266563728
27,19,2030,solar,0.013731745022483356
27,20,2030,solar,0.0
27,21,2030,solar,0.0
27,22,2030,solar,0.0
27,23,2030,solar,0.0
27,24,2030,solar,0.0
27,1,2030,wind_offshore,0.8598668388709887
27,2,2030,wind_offshore,0.888952619996294
27,3,2030,wind_offshore,0.9163854238965276
27,4,2030,wind_offshore,0.9164244352225396
27,5,2030,wind_offshore,0.9127708973203448
27,6,2030,wind_offshore,0.8626395645184028
27,7,2030,wind_offshore,0.8094026889286273
27,8,2030,wind_offshore,0.7457252052230825
27,9,2030,wind_offshore,0.6741570526009019
27,10,2030,wind_offshore,0.6032777276324581
27,11,2030,wind_offshore,0.6491498535330107
27,12,2030,wind_offshore,0.6762829862199519
27,13,2030,wind_offshore,0.643046519835759
27,14,2030,wind_offshore,0.5550474579132396
27,15,2030,wind_offshore,0.47839635630535843
27,16,2030,wind_offshore,0.45484036206281564
27,17,2030,wind_offshore,0.39204267372409646
27,18,2030,wind_offshore,0.34771793390832956
27,19,2030,wind_offshore,0.33285931269720676
27,20,2030,wind_offshore,0.3306858402503873
27,21,2030,wind_offshore,0.2904195215340801
27,22,2030,wind_offshore,0.2383117882940512
27,23,2030,wind_offshore,0.2875705526813513
27,24,2030,wind_offshore,0.30035758143764985
27,1,2030,wind_onshore,0.1732891323946711
27,2,2030,wind_onshore,0.17404943933602648
27,3,2030,wind_onshore,0.16470530724204982
27,4,2030,wind_onshore,0.1498386584824531
27,5,2030,wind_onshore,0.1386407867854566
27,6,2030,wind_onshore,0.13175141844753763
27,7,2030,wind_onshore,0.1250586208521681
27,8,2030,wind_onshore,0.114514724444815
27,9,2030,wind_onshore,0.09848522516047721
27,10,2030,wind_onshore,0.10335973912989313
27,11,2030,wind_onshore,0.13824851346501588
27,12,2030,wind_onshore,0.1658230200758371
27,13,2030,wind_onshore,0.19896984348528196
27,14,2030,wind_onshore,0.23350017775848933
27,15,2030,wind_onshore,0.26799941473143196
27,16,2030,wind_onshore,0.29882069281220985
27,17,2030,wind_onshore,0.3127131126372789
27,18,2030,wind_onshore,0.2971040800050502
27,19,2030,wind_onshore,0.23918300473346257
27,20,2030,wind_onshore,0.21952197034922727
27,21,2030,wind_onshore,0.20501456110331412
27,22,2030,wind_onshore,0.18308193528209277
27,23,2030,wind_onshore,0.15937795745252367
27,24,2030,wind_onshore,0.15172285253981754
28,1,2030,demand,0.5255195029100784
28,2,2030,demand,0.5116498856764953
28,3,2030,demand,0.49918571233318704
28,4,2030,demand,0.4916690803535743
28,5,2030,demand,0.47979755604338314
28,6,2030,demand,0.46874360872753196
28,7,2030,demand,0.46637481087442684
28,8,2030,demand,0.4847102380607357
28,9,2030,demand,0.521159719029472
28,10,2030,demand,0.5405637757115888
28,11,2030,demand,0.5578526921319302
28,12,2030,demand,0.5619817516472145
28,13,2030,demand,0.5677951557767231
28,14,2030,demand,0.5650805110673498
28,15,2030,demand,0.5672449162587234
28,16,2030,demand,0.5507825001678127
28,17,2030,demand,0.5526281131048555
28,18,2030,demand,0.5601842192931341
28,19,2030,demand,0.5614897352022419
28,20,2030,demand,0.569827651503279
28,21,2030,demand,0.5844963751591762
28,22,2030,demand,0.5758602019751905
28,23,2030,demand,0.5486628193703943
28,24,2030,demand,0.5381501969247239
28,1,2030,hydro_inflow,0.30667291748858905
28,2,2030,hydro_inflow,0.3076822808680306
28,3,2030,hydro_inflow,0.30606422048070236
28,4,2030,hydro_inflow,0.306784386886705
28,5,2030,hydro_inflow,0.3100712742257755
28,6,2030,hydro_inflow,0.3091726976245688
28,7,2030,hydro_inflow,0.3046358699556299
28,8,2030,hydro_inflow,0.3096843088380523
28,9,2030,hydro_inflow,0.31460320968075944
28,10,2030,hydro_inflow,0.3187660140165959
28,11,2030,hydro_inflow,0.316694956014941
28,12,2030,hydro_inflow,0.3120772828759694
28,13,2030,hydro_inflow,0.31215747846891295
28,14,2030,hydro_inflow,0.30751105624676184
28,15,2030,hydro_inflow,0.305272142656098
28,16,2030,hydro_inflow,0.30553215829530267
28,17,2030,hydro_inflow,0.30169750759541086
28,18,2030,hydro_inflow,0.29933302414413493
28,19,2030,hydro_inflow,0.29726966232310564
28,20,2030,hydro_inflow,0.29993743526548733
28,21,2030,hydro_inflow,0.2980990136685342
28,22,2030,hydro_inflow,0.29730094991293166
28,23,2030,hydro_inflow,0.296124413475859
28,24,2030,hydro_inflow,0.297756628403487
28,1,2030,solar,0.0
28,2,2030,solar,0.0
28,3,2030,solar,0.0
28,4,2030,solar,0.0
28,5,2030,solar,0.0
28,6,2030,solar,0.0006958275136034697
28,7,2030,solar,0.047882826261563
28,8,2030,solar,0.19510350470392385
28,9,2030,solar,0.35842649437881924
28,10,2030,solar,0.508889286510092
28,11,2030,solar,0.6064850336334802
28,12,2030,solar,0.6467232122502736
28,13,2030,solar,0.6862770910914828
28,14,2030,solar,0.6851897632609248
28,15,2030,solar,0.6311745664879944
28,16,2030,solar,0.5394232213259015
28,17,2030,solar,0.41035192989503244
28,18,2030,solar,0.25806925707216116
28,19,2030,solar,0.10728355465083653
28,20,2030,solar,0.010977534186888047
28,21,2030,solar,0.0
28,22,2030,solar,0.0
28,23,2030,solar,0.0
28,24,2030,solar,0.0
28,1,2030,wind_offshore,0.30646472173402955
28,2,2030,wind_offshore,0.2863700394401781
28,3,2030,wind_offshore,0.2695499501062837
28,4,2030,wind_offshore,0.3476206946573811
28,5,2030,wind_offshore,0.4013993300953749
28,6,2030,wind_offshore,0.18547953441805967
28,7,2030,wind_offshore,0.11094070996591725
28,8,2030,wind_offshore,0.08860114109981006
28,9,2030,wind_offshore,0.06872690491893312
28,10,2030,wind_offshore,0.053470321499460356
28,11,2030,wind_offshore,0.029295709270508383
28,12,2030,wind_offshore,0.006114749709288578
28,13,2030,wind_offshore,0.0034362285257600075
28,14,2030,wind_offshore,0.008701195688302407
28,15,2030,wind_offshore,0.03202374175209694
28,16,2030,wind_offshore,0.08427128262690839
28,17,2030,wind_offshore,0.13574003925897157
28,18,2030,wind_offshore,0.1264772777008932
28,19,2030,wind_offshore,0.08465150365867058
28,20,2030,wind_offshore,0.05179605790466104
28,21,2030,wind_offshore,0.03802170169447748
28,22,2030,wind_offshore,0.036514632144658866
28,23,2030,wind_offshore,0.0330251899464364
28,24,2030,wind_offshore,0.05088312640918494
28,1,2030,wind_onshore,0.059262320908313404
28,2,2030,wind_onshore,0.04503986239919814
28,3,2030,wind_onshore,0.03543249110640956
28,4,2030,wind_onshore,0.029499106319731825
28,5,2030,wind_onshore,0.02508444862012714
28,6,2030,wind_onshore,0.02327989451326292
28,7,2030,wind_onshore,0.019363751107666503
28,8,2030,wind_onshore,0.008831329766165857
28,9,2030,wind_onshore,0.007785599687290108
28,10,2030,wind_onshore,0.008562860191303293
28,11,2030,wind_onshore,0.008871684176477088
28,12,2030,wind_onshore,0.014103563322249234
28,13,2030,wind_onshore,0.022451916809079278
28,14,2030,wind_onshore,0.03786152546613822
28,15,2030,wind_onshore,0.05932754501483856
28,16,2030,wind_onshore,0.07957314694782787
28,17,2030,wind_onshore,0.10586847189408267
28,18,2030,wind_onshore,0.13900002833087244
28,19,2030,wind_onshore,0.1601727440631599
28,20,2030,wind_onshore,0.16384430824714422
28,21,2030,wind_onshore,0.18450684211166163
28,22,2030,wind_onshore,0.18230917580222245
28,23,2030,wind_onshore,0.18573158235534803
28,24,2030,wind_onshore,0.1707147737493772
29,1,2030,demand,0.47249088803633776
29,2,2030,demand,0.47101577228933533
29,3,2030,demand,0.4716302422252649
29,4,2030,demand,0.4707682599483825
29,5,2030,demand,0.4869881558865052
29,6,2030,demand,0.5139152108958991
29,7,2030,demand,0.5613637738597158
29,8,2030,demand,0.6052182519631444
29,9,2030,demand,0.6224069619951215
29,10,2030,demand,0.6293590852925394
29,11,2030,demand,0.6282977460842691
29,12,2030,demand,0.6330806616508285
29,13,2030,demand,0.6234155545286306
29,14,2030,demand,0.6150982723680604
29,15,2030,demand,0.605455386903347
29,16,2030,demand,0.6127276189626573
29,17,2030,demand,0.6159015379041614
29,18,2030,demand,0.6276033206202956
29,19,2030,demand,0.6423185915972404
29,20,2030,demand,0.6438658586015282
29,21,2030,demand,0.6103862662497183
29,22,2030,demand,0.5709105093520358
29,23,2030,demand,0.5320855245848961
29,24,2030,demand,0.5326484831950256
29,1,2030,hydro_inflow,0.287946232988277
29,2,2030,hydro_inflow,0.2913033745788062
29,3,2030,hydro_inflow,0.29097034111399084
29,4,2030,hydro_inflow,0.2923231455509004
29,5,2030,hydro_inflow,0.29315627926561216
29,6,2030,hydro_inflow,0.2939971004176374
29,7,2030,hydro_inflow,0.29577122278281676
29,8,2030,hydro_inflow,0.2946656412016351
29,9,2030,hydro_inflow,0.29814534195553555
29,10,2030,hydro_inflow,0.29147886851896115
29,11,2030,hydro_inflow,0.2984194079304241
29,12,2030,hydro_inflow,0.2978102321799023
29,13,2030,hydro_inflow,0.29921529067481906
29,14,2030,hydro_inflow,0.2977086339549855
29,15,2030,hydro_inflow,0.2974596846994763
29,16,2030,hydro_inflow,0.2933974170573411
29,17,2030,hydro_inflow,0.2947174222696751
29,18,2030,hydro_inflow,0.2999091009399039
29,19,2030,hydro_inflow,0.3049417890056657
29,20,2030,hydro_inflow,0.3127422522760598
29,21,2030,hydro_inflow,0.3115199598879184
29,22,2030,hydro_inflow,0.31105739951623446
29,23,2030,hydro_inflow,0.3161447442807328
29,24,2030,hydro_inflow,0.3143670298401594
29,1,2030,solar,0.0
29,2,2030,solar,0.0
29,3,2030,solar,0.0
29,4,2030,solar,0.0
29,5,2030,solar,0.0
29,6,2030,solar,0.0
29,7,2030,solar,0.0
29,8,2030,solar,0.018162209887586156
29,9,2030,solar,0.09887078898234433
29,10,2030,solar,0.18806932154750683
29,11,2030,solar,0.257441364228697
29,12,2030,solar,0.3079398981149929
29,13,2030,solar,0.30901244282803125
29,14,2030,solar,0.2713929622825267
29,15,2030,solar,0.2179019205969376
29,16,2030,solar,0.1470035102630263
29,17,2030,solar,0.07966609098502174
29,18,2030,solar,0.016838229640326722
29,19,2030,solar,0.0
29,20,2030,solar,0.0
29,21,2030,solar,0.0
29,22,2030,solar,0.0
29,23,2030,solar,0.0
29,24,2030,solar,0.0
29,1,2030,wind_offshore,0.9618510476663797
29,2,2030,wind_offshore,0.9608668174125141
29,3,2030,wind_offshore,0.9660073061024826
29,4,2030,wind_offshore,0.9628968307497086
29,5,2030,wind_offshore,0.968374344551618
29,6,2030,wind_offshore,0.9730190533358448
29,7,2030,wind_offshore,0.9686067016878014
29,8,2030,wind_offshore,0.9784532020540802
29,9,2030,wind_offshore,0.9636367644633712
29,10,2030,wind_offshore,0.964260496089665
29,11,2030,wind_offshore,0.966013637788286
29,12,2030,wind_offshore,0.959877272078435
29,13,2030,wind_offshore,0.941910741161498
29,14,2030,wind_offshore,0.9416417705892653
29,15,2030,wind_offshore,0.9384392377759742
29,16,2030,wind_offshore,0.9398519509851568
29,17,2030,wind_offshore,0.9521639161693234
29,18,2030,wind_offshore,0.9525675429909594
29,19,2030,wind_offshore,0.9444229655057043
29,20,2030,wind_offshore,0.9361270658595126
29,21,2030,wind_offshore,0.9075351875152511
29,22,2030,wind_offshore,0.881450572742984
29,23,2030,wind_offshore,0.9109710827752707
29,24,2030,wind_offshore,0.8872649178775724
29,1,2030,wind_onshore,0.4918345148944873
29,2,2030,wind_onshore,0.5014005120635843
29,3,2030,wind_onshore,0.5044574068949286
29,4,2030,wind_onshore,0.5058686115356716
29,5,2030,wind_onshore,0.5112700624695392
29,6,2030,wind_onshore,0.5173935600593039
29,7,2030,wind_onshore,0.5341073458473679
29,8,2030,wind_onshore,0.5454964659629894
29,9,2030,wind_onshore,0.5440319817741246
29,10,2030,wind_onshore,0.5427062404398484
29,11,2030,wind_onshore,0.5891003892336762
29,12,2030,wind_onshore,0.5935604934834532
29,13,2030,wind_onshore,0.6000732529832696
29,14,2030,wind_onshore,0.5920380126491598
29,15,2030,wind_onshore,0.5883670393810709
29,16,2030,wind_onshore,0.5900716455263111
29,17,2030,wind_onshore,0.5771479212104708
29,18,2030,wind_onshore,0.5514100927524873
29,19,2030,wind_onshore,0.5242024341014326
29,20,2030,wind_onshore,0.4891540378521449
29,21,2030,wind_onshore,0.45202786066297607
29,22,2030,wind_onshore,0.41271667878678714
29,23,2030,wind_onshore,0.3325596587461134
29,24,2030,wind_onshore,0.3091644183168633
30,1,2030,demand,0.5559628657001213
30,2,2030,demand,0.5400709548565051
30,3,2030,demand,0.5274835092303801
30,4,2030,demand,0.5125550362115556
30,5,2030,demand,0.4968446603111746
30,6,2030,demand,0.48713694698163823
30,7,2030,demand,0.5050875120750435
30,8,2030,demand,0.5484752873396099
30,9,2030,demand,0.5886409787900647
30,10,2030,demand,0.6247804819409755
30,11,2030,demand,0.6370240349852198
30,12,2030,demand,0.6435057737846154
30,13,2030,demand,0.6479693207535514
30,14,2030,demand,0.6384175980745709
30,15,2030,demand,0.6192501455342178
30,16,2030,demand,0.6076552159300316
30,17,2030,demand,0.60847543855973
30,18,2030,demand,0.6316881067104188
30,19,2030,demand,0.6649317308597001
30,20,2030,demand,0.6939951950933719
30,21,2030,demand,0.6868745431533626
30,22,2030,demand,0.6637283652816344
30,23,2030,demand,0.6110500958842905
30,24,2030,demand,0.5872412165035765
30,1,2030,hydro_inflow,0.4709313600557749
30,2,2030,hydro_inflow,0.4681115984932028
30,3,2030,hydro_inflow,0.46043439470905634
30,4,2030,hydro_inflow,0.4620911499986189
30,5,2030,hydro_inflow,0.46768371992714747
30,6,2030,hydro_inflow,0.46489963609181506
30,7,2030,hydro_inflow,0.4683665861982738
30,8,2030,hydro_inflow,0.461911783575218
30,9,2030,hydro_inflow,0.46215158478827867
30,10,2030,hydro_inflow,0.46583371438728555
30,11,2030,hydro_inflow,0.4633885083115661
30,12,2030,hydro_inflow,0.4640629219899177
30,13,2030,hydro_inflow,0.4687625494543615
30,14,2030,hydro_inflow,0.46685197148587676
30,15,2030,hydro_inflow,0.46644884831897887
30,16,2030,hydro_inflow,0.469070382231095
30,17,2030,hydro_inflow,0.47424660052673406
30,18,2030,hydro_inflow,0.4754702311258103
30,19,2030,hydro_inflow,0.4767499955443328
30,20,2030,hydro_inflow,0.4773937553162162
30,21,2030,hydro_inflow,0.47740590441097225
30,22,2030,hydro_inflow,0.4780726471477311
30,23,2030,hydro_inflow,0.4795994711043668
30,24,2030,hydro_inflow,0.4763730186954715
30,1,2030,solar,0.0
30,2,2030,solar,0.0
30,3,2030,solar,0.0
30,4,2030,solar,0.0
30,5,2030,solar,0.0
30,6,2030,solar,0.0
30,7,2030,solar,0.0
30,8,2030,solar,0.0
30,9,2030,solar,0.07060404626225743
30,10,2030,solar,0.253687349564157
30,11,2030,solar,0.39472419109481266
30,12,2030,solar,0.4754108832018598
30,13,2030,solar,0.47958370984909016
30,14,2030,solar,0.4361187906074837
30,15,2030,solar,0.35145022310604573
30,16,2030,solar,0.2415164172412374
30,17,2030,solar,0.11696804190265125
30,18,2030,solar,0.0
30,19,2030,solar,0.0
30,20,2030,solar,0.0
30,21,2030,solar,0.0
30,22,2030,solar,0.0
30,23,2030,solar,0.0
30,24,2030,solar,0.0
30,1,2030,wind_offshore,0.23644023212380708
30,2,2030,wind_offshore,0.1724814681229609
30,3,2030,wind_offshore,0.07551266687697755
30,4,2030,wind_offshore,0.11463632003694119
30,5,2030,wind_offshore,0.21941823128751017
30,6,2030,wind_offshore,0.2769972516606767
30,7,2030,wind_offshore,0.37483862916947736
30,8,2030,wind_offshore,0.7511034111004844
30,9,2030,wind_offshore,0.9141033445064346
30,10,2030,wind_offshore,0.9052195423391313
30,11,2030,wind_offshore,0.9093679361589773
30,12,2030,wind_offshore,0.8371233240381523
30,13,2030,wind_offshore,0.7641183519394175
30,14,2030,wind_offshore,0.6810644568939624
30,15,2030,wind_offshore,0.6072288034129544
30,16,2030,wind_offshore,0.5707249818150048
30,17,2030,wind_offshore,0.4940034286372722
30,18,2030,wind_offshore,0.4210144805484826
30,19,2030,wind_offshore,0.3392602603215938
30,20,2030,wind_offshore,0.31499203971884454
30,21,2030,wind_offshore,0.31132997984332167
30,22,2030,wind_offshore,0.37224367542071135
30,23,2030,wind_offshore,0.40950744663724453
30,24,2030,wind_offshore,0.4200963301726658
30,1,2030,wind_onshore,0.19827879326148076
30,2,2030,wind_onshore,0.20040623254878412
30,3,2030,wind_onshore,0.20437540726139594
30,4,2030,wind_onshore,0.2074760179529974
30,5,2030,wind_onshore,0.21774233137791257
30,6,2030,wind_onshore,0.23089350301172115
30,7,2030,wind_onshore,0.2413002425670196
30,8,2030,wind_onshore,0.24397202130445367
30,9,2030,wind_onshore,0.252157483315481
30,10,2030,wind_onshore,0.25643906042606773
30,11,2030,wind_onshore,0.25892932643305006
30,12,2030,wind_onshore,0.25231408575687336
30,13,2030,wind_onshore,0.2739699946002071
30,14,2030,wind_onshore,0.30668388721684886
30,15,2030,wind_onshore,0.33959396596250463
30,16,2030,wind_onshore,0.33663218279671797
30,17,2030,wind_onshore,0.30118301580073586
30,18,2030,wind_onshore,0.3025864023245962
30,19,2030,wind_onshore,0.3047826417389222
30,20,2030,wind_onshore,0.30465544006620604
30,21,2030,wind_onshore,0.2999292377661914
30,22,2030,wind_onshore,0.29622486863505515
30,23,2030,wind_onshore,0.3218584951124861
30,24,2030,wind_onshore,0.3244248849795476
