id,asset,year,rep_period,time_block_start,time_block_end,dual_max_output_flows_limit_simple_method
1,battery,2030,1,1,1,0.0
2,battery,2030,1,2,2,0.0
3,battery,2030,1,3,3,0.0
4,battery,2030,1,4,4,0.0
5,battery,2030,1,5,5,0.0
6,battery,2030,1,6,6,0.0
7,battery,2030,1,7,7,0.0
8,battery,2030,1,8,8,0.0
9,battery,2030,1,9,9,0.0
10,battery,2030,1,10,10,0.0
11,battery,2030,1,11,11,0.0
12,battery,2030,1,12,12,0.0
13,battery,2030,1,13,13,0.0
14,battery,2030,1,14,14,0.0
15,battery,2030,1,15,15,0.0
16,battery,2030,1,16,16,0.0
17,battery,2030,1,17,17,0.0
18,battery,2030,1,18,18,0.0
19,battery,2030,1,19,19,0.0
20,battery,2030,1,20,20,6.38378239159465e-16
21,battery,2030,1,21,21,0.0
22,battery,2030,1,22,22,0.0
23,battery,2030,1,23,23,0.0
24,battery,2030,1,24,24,0.0
25,battery,2030,2,1,1,0.0
26,battery,2030,2,2,2,0.0
27,battery,2030,2,3,3,0.0
28,battery,2030,2,4,4,0.0
29,battery,2030,2,5,5,0.0
30,battery,2030,2,6,6,0.0
31,battery,2030,2,7,7,0.0
32,battery,2030,2,8,8,0.0
33,battery,2030,2,9,9,0.0
34,battery,2030,2,10,10,0.0
35,battery,2030,2,11,11,0.0
36,battery,2030,2,12,12,0.0
37,battery,2030,2,13,13,0.0
38,battery,2030,2,14,14,0.0
39,battery,2030,2,15,15,0.0
40,battery,2030,2,16,16,0.0
41,battery,2030,2,17,17,0.0
42,battery,2030,2,18,18,0.0
43,battery,2030,2,19,19,0.0
44,battery,2030,2,20,20,0.0
45,battery,2030,2,21,21,0.0
46,battery,2030,2,22,22,0.0
47,battery,2030,2,23,23,0.0
48,battery,2030,2,24,24,0.0
49,battery,2030,3,1,1,0.0
50,battery,2030,3,2,2,0.0
51,battery,2030,3,3,3,0.0
52,battery,2030,3,4,4,0.0
53,battery,2030,3,5,5,0.0
54,battery,2030,3,6,6,0.0
55,battery,2030,3,7,7,0.0
56,battery,2030,3,8,8,0.0
57,battery,2030,3,9,9,0.0
58,battery,2030,3,10,10,0.0
59,battery,2030,3,11,11,0.0
60,battery,2030,3,12,12,0.0
61,battery,2030,3,13,13,0.0
62,battery,2030,3,14,14,0.0
63,battery,2030,3,15,15,0.0
64,battery,2030,3,16,16,0.0
65,battery,2030,3,17,17,0.0
66,battery,2030,3,18,18,0.0
67,battery,2030,3,19,19,0.0
68,battery,2030,3,20,20,-31.01780064370216
69,battery,2030,3,21,21,0.0
70,battery,2030,3,22,22,0.0
71,battery,2030,3,23,23,0.0
72,battery,2030,3,24,24,0.0
73,battery,2030,4,1,1,0.0
74,battery,2030,4,2,2,0.0
75,battery,2030,4,3,3,0.0
76,battery,2030,4,4,4,0.0
77,battery,2030,4,5,5,0.0
78,battery,2030,4,6,6,0.0
79,battery,2030,4,7,7,0.0
80,battery,2030,4,8,8,0.0
81,battery,2030,4,9,9,0.0
82,battery,2030,4,10,10,0.0
83,battery,2030,4,11,11,0.0
84,battery,2030,4,12,12,0.0
85,battery,2030,4,13,13,0.0
86,battery,2030,4,14,14,0.0
87,battery,2030,4,15,15,0.0
88,battery,2030,4,16,16,0.0
89,battery,2030,4,17,17,0.0
90,battery,2030,4,18,18,0.0
91,battery,2030,4,19,19,0.0
92,battery,2030,4,20,20,0.0
93,battery,2030,4,21,21,0.0
94,battery,2030,4,22,22,0.0
95,battery,2030,4,23,23,0.0
96,battery,2030,4,24,24,0.0
97,battery,2030,5,1,1,0.0
98,battery,2030,5,2,2,0.0
99,battery,2030,5,3,3,0.0
100,battery,2030,5,4,4,0.0
101,battery,2030,5,5,5,0.0
102,battery,2030,5,6,6,0.0
103,battery,2030,5,7,7,0.0
104,battery,2030,5,8,8,0.0
105,battery,2030,5,9,9,0.0
106,battery,2030,5,10,10,0.0
107,battery,2030,5,11,11,0.0
108,battery,2030,5,12,12,0.0
109,battery,2030,5,13,13,0.0
110,battery,2030,5,14,14,0.0
111,battery,2030,5,15,15,0.0
112,battery,2030,5,16,16,0.0
113,battery,2030,5,17,17,0.0
114,battery,2030,5,18,18,0.0
115,battery,2030,5,19,19,0.0
116,battery,2030,5,20,20,0.0
117,battery,2030,5,21,21,0.0
118,battery,2030,5,22,22,0.0
119,battery,2030,5,23,23,0.0
120,battery,2030,5,24,24,0.0
121,battery,2030,6,1,1,0.0
122,battery,2030,6,2,2,0.0
123,battery,2030,6,3,3,0.0
124,battery,2030,6,4,4,0.0
125,battery,2030,6,5,5,0.0
126,battery,2030,6,6,6,0.0
127,battery,2030,6,7,7,0.0
128,battery,2030,6,8,8,0.0
129,battery,2030,6,9,9,0.0
130,battery,2030,6,10,10,0.0
131,battery,2030,6,11,11,0.0
132,battery,2030,6,12,12,0.0
133,battery,2030,6,13,13,0.0
134,battery,2030,6,14,14,0.0
135,battery,2030,6,15,15,0.0
136,battery,2030,6,16,16,0.0
137,battery,2030,6,17,17,0.0
138,battery,2030,6,18,18,0.0
139,battery,2030,6,19,19,0.0
140,battery,2030,6,20,20,0.0
141,battery,2030,6,21,21,0.0
142,battery,2030,6,22,22,0.0
143,battery,2030,6,23,23,0.0
144,battery,2030,6,24,24,0.0
145,battery,2030,7,1,1,0.0
146,battery,2030,7,2,2,0.0
147,battery,2030,7,3,3,0.0
148,battery,2030,7,4,4,0.0
149,battery,2030,7,5,5,0.0
150,battery,2030,7,6,6,0.0
151,battery,2030,7,7,7,0.0
152,battery,2030,7,8,8,0.0
153,battery,2030,7,9,9,0.0
154,battery,2030,7,10,10,0.0
155,battery,2030,7,11,11,0.0
156,battery,2030,7,12,12,0.0
157,battery,2030,7,13,13,0.0
158,battery,2030,7,14,14,0.0
159,battery,2030,7,15,15,0.0
160,battery,2030,7,16,16,0.0
161,battery,2030,7,17,17,0.0
162,battery,2030,7,18,18,0.0
163,battery,2030,7,19,19,0.0
164,battery,2030,7,20,20,0.0
165,battery,2030,7,21,21,5.828670879282072e-16
166,battery,2030,7,22,22,0.0
167,battery,2030,7,23,23,0.0
168,battery,2030,7,24,24,0.0
169,battery,2030,8,1,1,0.0
170,battery,2030,8,2,2,0.0
171,battery,2030,8,3,3,0.0
172,battery,2030,8,4,4,0.0
173,battery,2030,8,5,5,0.0
174,battery,2030,8,6,6,0.0
175,battery,2030,8,7,7,0.0
176,battery,2030,8,8,8,0.0
177,battery,2030,8,9,9,0.0
178,battery,2030,8,10,10,0.0
179,battery,2030,8,11,11,0.0
180,battery,2030,8,12,12,0.0
181,battery,2030,8,13,13,0.0
182,battery,2030,8,14,14,0.0
183,battery,2030,8,15,15,0.0
184,battery,2030,8,16,16,0.0
185,battery,2030,8,17,17,0.0
186,battery,2030,8,18,18,0.0
187,battery,2030,8,19,19,0.0
188,battery,2030,8,20,20,0.0
189,battery,2030,8,21,21,0.0
190,battery,2030,8,22,22,0.0
191,battery,2030,8,23,23,0.0
192,battery,2030,8,24,24,0.0
193,battery,2030,9,1,1,0.0
194,battery,2030,9,2,2,0.0
195,battery,2030,9,3,3,0.0
196,battery,2030,9,4,4,0.0
197,battery,2030,9,5,5,0.0
198,battery,2030,9,6,6,0.0
199,battery,2030,9,7,7,0.0
200,battery,2030,9,8,8,0.0
201,battery,2030,9,9,9,0.0
202,battery,2030,9,10,10,0.0
203,battery,2030,9,11,11,0.0
204,battery,2030,9,12,12,0.0
205,battery,2030,9,13,13,0.0
206,battery,2030,9,14,14,0.0
207,battery,2030,9,15,15,0.0
208,battery,2030,9,16,16,0.0
209,battery,2030,9,17,17,0.0
210,battery,2030,9,18,18,0.0
211,battery,2030,9,19,19,0.0
212,battery,2030,9,20,20,0.0
213,battery,2030,9,21,21,0.0
214,battery,2030,9,22,22,0.0
215,battery,2030,9,23,23,0.0
216,battery,2030,9,24,24,0.0
217,battery,2030,10,1,1,0.0
218,battery,2030,10,2,2,0.0
219,battery,2030,10,3,3,0.0
220,battery,2030,10,4,4,0.0
221,battery,2030,10,5,5,0.0
222,battery,2030,10,6,6,0.0
223,battery,2030,10,7,7,0.0
224,battery,2030,10,8,8,0.0
225,battery,2030,10,9,9,0.0
226,battery,2030,10,10,10,0.0
227,battery,2030,10,11,11,0.0
228,battery,2030,10,12,12,0.0
229,battery,2030,10,13,13,0.0
230,battery,2030,10,14,14,0.0
231,battery,2030,10,15,15,0.0
232,battery,2030,10,16,16,0.0
233,battery,2030,10,17,17,0.0
234,battery,2030,10,18,18,0.0
235,battery,2030,10,19,19,0.0
236,battery,2030,10,20,20,0.0
237,battery,2030,10,21,21,0.0
238,battery,2030,10,22,22,0.0
239,battery,2030,10,23,23,0.0
240,battery,2030,10,24,24,0.0
241,battery,2030,11,1,1,0.0
242,battery,2030,11,2,2,0.0
243,battery,2030,11,3,3,0.0
244,battery,2030,11,4,4,0.0
245,battery,2030,11,5,5,0.0
246,battery,2030,11,6,6,0.0
247,battery,2030,11,7,7,0.0
248,battery,2030,11,8,8,0.0
249,battery,2030,11,9,9,0.0
250,battery,2030,11,10,10,0.0
251,battery,2030,11,11,11,0.0
252,battery,2030,11,12,12,0.0
253,battery,2030,11,13,13,0.0
254,battery,2030,11,14,14,0.0
255,battery,2030,11,15,15,0.0
256,battery,2030,11,16,16,0.0
257,battery,2030,11,17,17,0.0
258,battery,2030,11,18,18,0.0
259,battery,2030,11,19,19,0.0
260,battery,2030,11,20,20,0.0
261,battery,2030,11,21,21,0.0
262,battery,2030,11,22,22,0.0
263,battery,2030,11,23,23,0.0
264,battery,2030,11,24,24,0.0
265,battery,2030,12,1,1,0.0
266,battery,2030,12,2,2,0.0
267,battery,2030,12,3,3,0.0
268,battery,2030,12,4,4,0.0
269,battery,2030,12,5,5,0.0
270,battery,2030,12,6,6,0.0
271,battery,2030,12,7,7,0.0
272,battery,2030,12,8,8,0.0
273,battery,2030,12,9,9,0.0
274,battery,2030,12,10,10,0.0
275,battery,2030,12,11,11,0.0
276,battery,2030,12,12,12,0.0
277,battery,2030,12,13,13,0.0
278,battery,2030,12,14,14,0.0
279,battery,2030,12,15,15,0.0
280,battery,2030,12,16,16,0.0
281,battery,2030,12,17,17,0.0
282,battery,2030,12,18,18,0.0
283,battery,2030,12,19,19,0.0
284,battery,2030,12,20,20,0.0
285,battery,2030,12,21,21,0.0
286,battery,2030,12,22,22,0.0
287,battery,2030,12,23,23,0.0
288,battery,2030,12,24,24,0.0
289,battery,2030,13,1,1,0.0
290,battery,2030,13,2,2,0.0
291,battery,2030,13,3,3,0.0
292,battery,2030,13,4,4,0.0
293,battery,2030,13,5,5,0.0
294,battery,2030,13,6,6,0.0
295,battery,2030,13,7,7,0.0
296,battery,2030,13,8,8,0.0
297,battery,2030,13,9,9,0.0
298,battery,2030,13,10,10,0.0
299,battery,2030,13,11,11,0.0
300,battery,2030,13,12,12,0.0
301,battery,2030,13,13,13,0.0
302,battery,2030,13,14,14,0.0
303,battery,2030,13,15,15,0.0
304,battery,2030,13,16,16,0.0
305,battery,2030,13,17,17,0.0
306,battery,2030,13,18,18,0.0
307,battery,2030,13,19,19,0.0
308,battery,2030,13,20,20,0.0
309,battery,2030,13,21,21,0.0
310,battery,2030,13,22,22,5.828670879282072e-16
311,battery,2030,13,23,23,0.0
312,battery,2030,13,24,24,5.828670879282072e-16
313,battery,2030,14,1,1,0.0
314,battery,2030,14,2,2,0.0
315,battery,2030,14,3,3,0.0
316,battery,2030,14,4,4,0.0
317,battery,2030,14,5,5,0.0
318,battery,2030,14,6,6,0.0
319,battery,2030,14,7,7,0.0
320,battery,2030,14,8,8,0.0
321,battery,2030,14,9,9,0.0
322,battery,2030,14,10,10,0.0
323,battery,2030,14,11,11,0.0
324,battery,2030,14,12,12,0.0
325,battery,2030,14,13,13,0.0
326,battery,2030,14,14,14,0.0
327,battery,2030,14,15,15,0.0
328,battery,2030,14,16,16,0.0
329,battery,2030,14,17,17,0.0
330,battery,2030,14,18,18,0.0
331,battery,2030,14,19,19,0.0
332,battery,2030,14,20,20,0.0
333,battery,2030,14,21,21,2.636779683484747e-16
334,battery,2030,14,22,22,0.0
335,battery,2030,14,23,23,0.0
336,battery,2030,14,24,24,2.636779683484747e-16
337,battery,2030,15,1,1,0.0
338,battery,2030,15,2,2,0.0
339,battery,2030,15,3,3,0.0
340,battery,2030,15,4,4,0.0
341,battery,2030,15,5,5,0.0
342,battery,2030,15,6,6,0.0
343,battery,2030,15,7,7,0.0
344,battery,2030,15,8,8,0.0
345,battery,2030,15,9,9,0.0
346,battery,2030,15,10,10,0.0
347,battery,2030,15,11,11,0.0
348,battery,2030,15,12,12,0.0
349,battery,2030,15,13,13,0.0
350,battery,2030,15,14,14,0.0
351,battery,2030,15,15,15,0.0
352,battery,2030,15,16,16,0.0
353,battery,2030,15,17,17,0.0
354,battery,2030,15,18,18,0.0
355,battery,2030,15,19,19,0.0
356,battery,2030,15,20,20,0.0
357,battery,2030,15,21,21,0.0
358,battery,2030,15,22,22,0.0
359,battery,2030,15,23,23,0.0
360,battery,2030,15,24,24,0.0
361,battery,2030,16,1,1,0.0
362,battery,2030,16,2,2,0.0
363,battery,2030,16,3,3,0.0
364,battery,2030,16,4,4,0.0
365,battery,2030,16,5,5,0.0
366,battery,2030,16,6,6,0.0
367,battery,2030,16,7,7,0.0
368,battery,2030,16,8,8,0.0
369,battery,2030,16,9,9,0.0
370,battery,2030,16,10,10,0.0
371,battery,2030,16,11,11,0.0
372,battery,2030,16,12,12,0.0
373,battery,2030,16,13,13,0.0
374,battery,2030,16,14,14,0.0
375,battery,2030,16,15,15,0.0
376,battery,2030,16,16,16,0.0
377,battery,2030,16,17,17,0.0
378,battery,2030,16,18,18,0.0
379,battery,2030,16,19,19,0.0
380,battery,2030,16,20,20,0.0
381,battery,2030,16,21,21,0.0
382,battery,2030,16,22,22,0.0
383,battery,2030,16,23,23,0.0
384,battery,2030,16,24,24,0.0
385,battery,2030,17,1,1,0.0
386,battery,2030,17,2,2,0.0
387,battery,2030,17,3,3,0.0
388,battery,2030,17,4,4,0.0
389,battery,2030,17,5,5,0.0
390,battery,2030,17,6,6,0.0
391,battery,2030,17,7,7,0.0
392,battery,2030,17,8,8,0.0
393,battery,2030,17,9,9,0.0
394,battery,2030,17,10,10,0.0
395,battery,2030,17,11,11,0.0
396,battery,2030,17,12,12,0.0
397,battery,2030,17,13,13,0.0
398,battery,2030,17,14,14,0.0
399,battery,2030,17,15,15,0.0
400,battery,2030,17,16,16,0.0
401,battery,2030,17,17,17,0.0
402,battery,2030,17,18,18,0.0
403,battery,2030,17,19,19,0.0
404,battery,2030,17,20,20,0.0
405,battery,2030,17,21,21,0.0
406,battery,2030,17,22,22,0.0
407,battery,2030,17,23,23,0.0
408,battery,2030,17,24,24,0.0
409,battery,2030,18,1,1,0.0
410,battery,2030,18,2,2,0.0
411,battery,2030,18,3,3,0.0
412,battery,2030,18,4,4,0.0
413,battery,2030,18,5,5,0.0
414,battery,2030,18,6,6,0.0
415,battery,2030,18,7,7,0.0
416,battery,2030,18,8,8,0.0
417,battery,2030,18,9,9,0.0
418,battery,2030,18,10,10,0.0
419,battery,2030,18,11,11,0.0
420,battery,2030,18,12,12,0.0
421,battery,2030,18,13,13,0.0
422,battery,2030,18,14,14,0.0
423,battery,2030,18,15,15,0.0
424,battery,2030,18,16,16,0.0
425,battery,2030,18,17,17,0.0
426,battery,2030,18,18,18,0.0
427,battery,2030,18,19,19,0.0
428,battery,2030,18,20,20,0.0
429,battery,2030,18,21,21,0.0
430,battery,2030,18,22,22,0.0
431,battery,2030,18,23,23,0.0
432,battery,2030,18,24,24,-0.08757725884332625
433,battery,2030,19,1,1,0.0
434,battery,2030,19,2,2,0.0
435,battery,2030,19,3,3,0.0
436,battery,2030,19,4,4,0.0
437,battery,2030,19,5,5,0.0
438,battery,2030,19,6,6,0.0
439,battery,2030,19,7,7,0.0
440,battery,2030,19,8,8,0.0
441,battery,2030,19,9,9,0.0
442,battery,2030,19,10,10,0.0
443,battery,2030,19,11,11,0.0
444,battery,2030,19,12,12,0.0
445,battery,2030,19,13,13,0.0
446,battery,2030,19,14,14,0.0
447,battery,2030,19,15,15,0.0
448,battery,2030,19,16,16,0.0
449,battery,2030,19,17,17,0.0
450,battery,2030,19,18,18,0.0
451,battery,2030,19,19,19,0.0
452,battery,2030,19,20,20,0.0
453,battery,2030,19,21,21,0.0
454,battery,2030,19,22,22,0.0
455,battery,2030,19,23,23,0.0
456,battery,2030,19,24,24,0.0
457,battery,2030,20,1,1,0.0
458,battery,2030,20,2,2,0.0
459,battery,2030,20,3,3,0.0
460,battery,2030,20,4,4,0.0
461,battery,2030,20,5,5,0.0
462,battery,2030,20,6,6,0.0
463,battery,2030,20,7,7,0.0
464,battery,2030,20,8,8,0.0
465,battery,2030,20,9,9,0.0
466,battery,2030,20,10,10,0.0
467,battery,2030,20,11,11,0.0
468,battery,2030,20,12,12,0.0
469,battery,2030,20,13,13,0.0
470,battery,2030,20,14,14,0.0
471,battery,2030,20,15,15,0.0
472,battery,2030,20,16,16,0.0
473,battery,2030,20,17,17,0.0
474,battery,2030,20,18,18,0.0
475,battery,2030,20,19,19,0.0
476,battery,2030,20,20,20,0.0
477,battery,2030,20,21,21,0.0
478,battery,2030,20,22,22,0.0
479,battery,2030,20,23,23,0.0
480,battery,2030,20,24,24,0.0
481,battery,2030,21,1,1,0.0
482,battery,2030,21,2,2,0.0
483,battery,2030,21,3,3,0.0
484,battery,2030,21,4,4,0.0
485,battery,2030,21,5,5,0.0
486,battery,2030,21,6,6,0.0
487,battery,2030,21,7,7,0.0
488,battery,2030,21,8,8,0.0
489,battery,2030,21,9,9,0.0
490,battery,2030,21,10,10,0.0
491,battery,2030,21,11,11,0.0
492,battery,2030,21,12,12,0.0
493,battery,2030,21,13,13,0.0
494,battery,2030,21,14,14,0.0
495,battery,2030,21,15,15,0.0
496,battery,2030,21,16,16,0.0
497,battery,2030,21,17,17,0.0
498,battery,2030,21,18,18,0.0
499,battery,2030,21,19,19,0.0
500,battery,2030,21,20,20,0.0
501,battery,2030,21,21,21,0.0
502,battery,2030,21,22,22,0.0
503,battery,2030,21,23,23,0.0
504,battery,2030,21,24,24,0.0
505,battery,2030,22,1,1,0.0
506,battery,2030,22,2,2,0.0
507,battery,2030,22,3,3,0.0
508,battery,2030,22,4,4,0.0
509,battery,2030,22,5,5,0.0
510,battery,2030,22,6,6,0.0
511,battery,2030,22,7,7,0.0
512,battery,2030,22,8,8,0.0
513,battery,2030,22,9,9,0.0
514,battery,2030,22,10,10,0.0
515,battery,2030,22,11,11,0.0
516,battery,2030,22,12,12,0.0
517,battery,2030,22,13,13,0.0
518,battery,2030,22,14,14,0.0
519,battery,2030,22,15,15,0.0
520,battery,2030,22,16,16,0.0
521,battery,2030,22,17,17,0.0
522,battery,2030,22,18,18,0.0
523,battery,2030,22,19,19,0.0
524,battery,2030,22,20,20,0.0
525,battery,2030,22,21,21,0.0
526,battery,2030,22,22,22,0.0
527,battery,2030,22,23,23,0.0
528,battery,2030,22,24,24,0.0
529,battery,2030,23,1,1,0.0
530,battery,2030,23,2,2,0.0
531,battery,2030,23,3,3,0.0
532,battery,2030,23,4,4,0.0
533,battery,2030,23,5,5,0.0
534,battery,2030,23,6,6,0.0
535,battery,2030,23,7,7,0.0
536,battery,2030,23,8,8,0.0
537,battery,2030,23,9,9,0.0
538,battery,2030,23,10,10,0.0
539,battery,2030,23,11,11,0.0
540,battery,2030,23,12,12,0.0
541,battery,2030,23,13,13,0.0
542,battery,2030,23,14,14,0.0
543,battery,2030,23,15,15,0.0
544,battery,2030,23,16,16,0.0
545,battery,2030,23,17,17,0.0
546,battery,2030,23,18,18,0.0
547,battery,2030,23,19,19,0.0
548,battery,2030,23,20,20,-1.1934897514720433e-15
549,battery,2030,23,21,21,0.0
550,battery,2030,23,22,22,0.0
551,battery,2030,23,23,23,0.0
552,battery,2030,23,24,24,0.0
553,battery,2030,24,1,1,0.0
554,battery,2030,24,2,2,0.0
555,battery,2030,24,3,3,0.0
556,battery,2030,24,4,4,0.0
557,battery,2030,24,5,5,0.0
558,battery,2030,24,6,6,0.0
559,battery,2030,24,7,7,0.0
560,battery,2030,24,8,8,0.0
561,battery,2030,24,9,9,0.0
562,battery,2030,24,10,10,0.0
563,battery,2030,24,11,11,0.0
564,battery,2030,24,12,12,0.0
565,battery,2030,24,13,13,0.0
566,battery,2030,24,14,14,0.0
567,battery,2030,24,15,15,0.0
568,battery,2030,24,16,16,0.0
569,battery,2030,24,17,17,0.0
570,battery,2030,24,18,18,0.0
571,battery,2030,24,19,19,0.0
572,battery,2030,24,20,20,0.0
573,battery,2030,24,21,21,0.0
574,battery,2030,24,22,22,0.0
575,battery,2030,24,23,23,0.0
576,battery,2030,24,24,24,0.0
577,battery,2030,25,1,1,0.0
578,battery,2030,25,2,2,0.0
579,battery,2030,25,3,3,0.0
580,battery,2030,25,4,4,0.0
581,battery,2030,25,5,5,0.0
582,battery,2030,25,6,6,0.0
583,battery,2030,25,7,7,0.0
584,battery,2030,25,8,8,0.0
585,battery,2030,25,9,9,0.0
586,battery,2030,25,10,10,0.0
587,battery,2030,25,11,11,0.0
588,battery,2030,25,12,12,0.0
589,battery,2030,25,13,13,0.0
590,battery,2030,25,14,14,0.0
591,battery,2030,25,15,15,0.0
592,battery,2030,25,16,16,0.0
593,battery,2030,25,17,17,0.0
594,battery,2030,25,18,18,0.0
595,battery,2030,25,19,19,0.0
596,battery,2030,25,20,20,0.0
597,battery,2030,25,21,21,0.0
598,battery,2030,25,22,22,0.0
599,battery,2030,25,23,23,0.0
600,battery,2030,25,24,24,0.0
601,battery,2030,26,1,1,0.0
602,battery,2030,26,2,2,0.0
603,battery,2030,26,3,3,0.0
604,battery,2030,26,4,4,0.0
605,battery,2030,26,5,5,0.0
606,battery,2030,26,6,6,0.0
607,battery,2030,26,7,7,0.0
608,battery,2030,26,8,8,0.0
609,battery,2030,26,9,9,0.0
610,battery,2030,26,10,10,0.0
611,battery,2030,26,11,11,0.0
612,battery,2030,26,12,12,0.0
613,battery,2030,26,13,13,0.0
614,battery,2030,26,14,14,0.0
615,battery,2030,26,15,15,0.0
616,battery,2030,26,16,16,0.0
617,battery,2030,26,17,17,0.0
618,battery,2030,26,18,18,0.0
619,battery,2030,26,19,19,0.0
620,battery,2030,26,20,20,0.0
621,battery,2030,26,21,21,0.0
622,battery,2030,26,22,22,0.0
623,battery,2030,26,23,23,0.0
624,battery,2030,26,24,24,0.0
625,battery,2030,27,1,1,0.0
626,battery,2030,27,2,2,0.0
627,battery,2030,27,3,3,0.0
628,battery,2030,27,4,4,0.0
629,battery,2030,27,5,5,0.0
630,battery,2030,27,6,6,0.0
631,battery,2030,27,7,7,0.0
632,battery,2030,27,8,8,0.0
633,battery,2030,27,9,9,0.0
634,battery,2030,27,10,10,0.0
635,battery,2030,27,11,11,0.0
636,battery,2030,27,12,12,0.0
637,battery,2030,27,13,13,0.0
638,battery,2030,27,14,14,0.0
639,battery,2030,27,15,15,0.0
640,battery,2030,27,16,16,0.0
641,battery,2030,27,17,17,0.0
642,battery,2030,27,18,18,0.0
643,battery,2030,27,19,19,0.0
644,battery,2030,27,20,20,0.0
645,battery,2030,27,21,21,0.0
646,battery,2030,27,22,22,0.0
647,battery,2030,27,23,23,0.0
648,battery,2030,27,24,24,0.0
649,battery,2030,28,1,1,0.0
650,battery,2030,28,2,2,0.0
651,battery,2030,28,3,3,0.0
652,battery,2030,28,4,4,0.0
653,battery,2030,28,5,5,0.0
654,battery,2030,28,6,6,0.0
655,battery,2030,28,7,7,0.0
656,battery,2030,28,8,8,0.0
657,battery,2030,28,9,9,0.0
658,battery,2030,28,10,10,0.0
659,battery,2030,28,11,11,0.0
660,battery,2030,28,12,12,0.0
661,battery,2030,28,13,13,0.0
662,battery,2030,28,14,14,0.0
663,battery,2030,28,15,15,0.0
664,battery,2030,28,16,16,0.0
665,battery,2030,28,17,17,0.0
666,battery,2030,28,18,18,0.0
667,battery,2030,28,19,19,0.0
668,battery,2030,28,20,20,0.0
669,battery,2030,28,21,21,0.0
670,battery,2030,28,22,22,0.0
671,battery,2030,28,23,23,0.0
672,battery,2030,28,24,24,0.0
673,battery,2030,29,1,1,0.0
674,battery,2030,29,2,2,0.0
675,battery,2030,29,3,3,0.0
676,battery,2030,29,4,4,0.0
677,battery,2030,29,5,5,0.0
678,battery,2030,29,6,6,0.0
679,battery,2030,29,7,7,0.0
680,battery,2030,29,8,8,0.0
681,battery,2030,29,9,9,0.0
682,battery,2030,29,10,10,0.0
683,battery,2030,29,11,11,0.0
684,battery,2030,29,12,12,0.0
685,battery,2030,29,13,13,0.0
686,battery,2030,29,14,14,0.0
687,battery,2030,29,15,15,0.0
688,battery,2030,29,16,16,0.0
689,battery,2030,29,17,17,0.0
690,battery,2030,29,18,18,0.0
691,battery,2030,29,19,19,0.0
692,battery,2030,29,20,20,0.0
693,battery,2030,29,21,21,0.0
694,battery,2030,29,22,22,0.0
695,battery,2030,29,23,23,0.0
696,battery,2030,29,24,24,0.0
697,battery,2030,30,1,1,0.0
698,battery,2030,30,2,2,0.0
699,battery,2030,30,3,3,0.0
700,battery,2030,30,4,4,0.0
701,battery,2030,30,5,5,0.0
702,battery,2030,30,6,6,0.0
703,battery,2030,30,7,7,0.0
704,battery,2030,30,8,8,0.0
705,battery,2030,30,9,9,0.0
706,battery,2030,30,10,10,0.0
707,battery,2030,30,11,11,0.0
708,battery,2030,30,12,12,0.0
709,battery,2030,30,13,13,0.0
710,battery,2030,30,14,14,0.0
711,battery,2030,30,15,15,0.0
712,battery,2030,30,16,16,0.0
713,battery,2030,30,17,17,0.0
714,battery,2030,30,18,18,0.0
715,battery,2030,30,19,19,0.0
716,battery,2030,30,20,20,0.0
717,battery,2030,30,21,21,0.0
718,battery,2030,30,22,22,0.0
719,battery,2030,30,23,23,0.0
720,battery,2030,30,24,24,0.0
721,battery,2030,31,1,1,0.0
722,battery,2030,31,2,2,0.0
723,battery,2030,31,3,3,0.0
724,battery,2030,31,4,4,0.0
725,battery,2030,31,5,5,0.0
726,battery,2030,31,6,6,0.0
727,battery,2030,31,7,7,0.0
728,battery,2030,31,8,8,0.0
729,battery,2030,31,9,9,0.0
730,battery,2030,31,10,10,0.0
731,battery,2030,31,11,11,0.0
732,battery,2030,31,12,12,0.0
733,battery,2030,31,13,13,0.0
734,battery,2030,31,14,14,0.0
735,battery,2030,31,15,15,0.0
736,battery,2030,31,16,16,0.0
737,battery,2030,31,17,17,0.0
738,battery,2030,31,18,18,0.0
739,battery,2030,31,19,19,0.0
740,battery,2030,31,20,20,0.0
741,battery,2030,31,21,21,0.0
742,battery,2030,31,22,22,0.0
743,battery,2030,31,23,23,0.0
744,battery,2030,31,24,24,0.0
745,battery,2030,32,1,1,0.0
746,battery,2030,32,2,2,0.0
747,battery,2030,32,3,3,0.0
748,battery,2030,32,4,4,0.0
749,battery,2030,32,5,5,0.0
750,battery,2030,32,6,6,0.0
751,battery,2030,32,7,7,0.0
752,battery,2030,32,8,8,0.0
753,battery,2030,32,9,9,0.0
754,battery,2030,32,10,10,0.0
755,battery,2030,32,11,11,0.0
756,battery,2030,32,12,12,0.0
757,battery,2030,32,13,13,0.0
758,battery,2030,32,14,14,0.0
759,battery,2030,32,15,15,0.0
760,battery,2030,32,16,16,0.0
761,battery,2030,32,17,17,0.0
762,battery,2030,32,18,18,0.0
763,battery,2030,32,19,19,0.0
764,battery,2030,32,20,20,0.0
765,battery,2030,32,21,21,0.0
766,battery,2030,32,22,22,2.3592239273284576e-16
767,battery,2030,32,23,23,0.0
768,battery,2030,32,24,24,2.3592239273284576e-16
769,battery,2030,33,1,1,0.0
770,battery,2030,33,2,2,0.0
771,battery,2030,33,3,3,0.0
772,battery,2030,33,4,4,0.0
773,battery,2030,33,5,5,0.0
774,battery,2030,33,6,6,0.0
775,battery,2030,33,7,7,0.0
776,battery,2030,33,8,8,0.0
777,battery,2030,33,9,9,0.0
778,battery,2030,33,10,10,0.0
779,battery,2030,33,11,11,0.0
780,battery,2030,33,12,12,0.0
781,battery,2030,33,13,13,0.0
782,battery,2030,33,14,14,0.0
783,battery,2030,33,15,15,0.0
784,battery,2030,33,16,16,0.0
785,battery,2030,33,17,17,0.0
786,battery,2030,33,18,18,0.0
787,battery,2030,33,19,19,0.0
788,battery,2030,33,20,20,0.0
789,battery,2030,33,21,21,0.0
790,battery,2030,33,22,22,0.0
791,battery,2030,33,23,23,0.0
792,battery,2030,33,24,24,0.0
793,battery,2030,34,1,1,0.0
794,battery,2030,34,2,2,0.0
795,battery,2030,34,3,3,0.0
796,battery,2030,34,4,4,0.0
797,battery,2030,34,5,5,0.0
798,battery,2030,34,6,6,0.0
799,battery,2030,34,7,7,0.0
800,battery,2030,34,8,8,0.0
801,battery,2030,34,9,9,0.0
802,battery,2030,34,10,10,0.0
803,battery,2030,34,11,11,0.0
804,battery,2030,34,12,12,0.0
805,battery,2030,34,13,13,0.0
806,battery,2030,34,14,14,0.0
807,battery,2030,34,15,15,0.0
808,battery,2030,34,16,16,0.0
809,battery,2030,34,17,17,0.0
810,battery,2030,34,18,18,0.0
811,battery,2030,34,19,19,0.0
812,battery,2030,34,20,20,0.0
813,battery,2030,34,21,21,0.0
814,battery,2030,34,22,22,0.0
815,battery,2030,34,23,23,0.0
816,battery,2030,34,24,24,0.0
817,battery,2030,35,1,1,0.0
818,battery,2030,35,2,2,0.0
819,battery,2030,35,3,3,0.0
820,battery,2030,35,4,4,0.0
821,battery,2030,35,5,5,0.0
822,battery,2030,35,6,6,0.0
823,battery,2030,35,7,7,0.0
824,battery,2030,35,8,8,0.0
825,battery,2030,35,9,9,0.0
826,battery,2030,35,10,10,0.0
827,battery,2030,35,11,11,0.0
828,battery,2030,35,12,12,0.0
829,battery,2030,35,13,13,0.0
830,battery,2030,35,14,14,0.0
831,battery,2030,35,15,15,0.0
832,battery,2030,35,16,16,0.0
833,battery,2030,35,17,17,0.0
834,battery,2030,35,18,18,0.0
835,battery,2030,35,19,19,0.0
836,battery,2030,35,20,20,0.0
837,battery,2030,35,21,21,0.0
838,battery,2030,35,22,22,0.0
839,battery,2030,35,23,23,0.0
840,battery,2030,35,24,24,0.0
841,battery,2030,36,1,1,0.0
842,battery,2030,36,2,2,0.0
843,battery,2030,36,3,3,0.0
844,battery,2030,36,4,4,0.0
845,battery,2030,36,5,5,0.0
846,battery,2030,36,6,6,0.0
847,battery,2030,36,7,7,0.0
848,battery,2030,36,8,8,0.0
849,battery,2030,36,9,9,0.0
850,battery,2030,36,10,10,0.0
851,battery,2030,36,11,11,0.0
852,battery,2030,36,12,12,0.0
853,battery,2030,36,13,13,0.0
854,battery,2030,36,14,14,0.0
855,battery,2030,36,15,15,0.0
856,battery,2030,36,16,16,0.0
857,battery,2030,36,17,17,0.0
858,battery,2030,36,18,18,0.0
859,battery,2030,36,19,19,0.0
860,battery,2030,36,20,20,0.0
861,battery,2030,36,21,21,0.0
862,battery,2030,36,22,22,0.0
863,battery,2030,36,23,23,0.0
864,battery,2030,36,24,24,0.0
865,battery,2030,37,1,1,0.0
866,battery,2030,37,2,2,0.0
867,battery,2030,37,3,3,0.0
868,battery,2030,37,4,4,0.0
869,battery,2030,37,5,5,0.0
870,battery,2030,37,6,6,0.0
871,battery,2030,37,7,7,0.0
872,battery,2030,37,8,8,0.0
873,battery,2030,37,9,9,0.0
874,battery,2030,37,10,10,0.0
875,battery,2030,37,11,11,0.0
876,battery,2030,37,12,12,0.0
877,battery,2030,37,13,13,0.0
878,battery,2030,37,14,14,0.0
879,battery,2030,37,15,15,0.0
880,battery,2030,37,16,16,0.0
881,battery,2030,37,17,17,0.0
882,battery,2030,37,18,18,0.0
883,battery,2030,37,19,19,0.0
884,battery,2030,37,20,20,0.0
885,battery,2030,37,21,21,0.0
886,battery,2030,37,22,22,0.0
887,battery,2030,37,23,23,0.0
888,battery,2030,37,24,24,0.0
889,battery,2030,38,1,1,0.0
890,battery,2030,38,2,2,0.0
891,battery,2030,38,3,3,0.0
892,battery,2030,38,4,4,0.0
893,battery,2030,38,5,5,0.0
894,battery,2030,38,6,6,0.0
895,battery,2030,38,7,7,0.0
896,battery,2030,38,8,8,0.0
897,battery,2030,38,9,9,0.0
898,battery,2030,38,10,10,0.0
899,battery,2030,38,11,11,0.0
900,battery,2030,38,12,12,0.0
901,battery,2030,38,13,13,0.0
902,battery,2030,38,14,14,0.0
903,battery,2030,38,15,15,0.0
904,battery,2030,38,16,16,0.0
905,battery,2030,38,17,17,0.0
906,battery,2030,38,18,18,0.0
907,battery,2030,38,19,19,0.0
908,battery,2030,38,20,20,0.0
909,battery,2030,38,21,21,0.0
910,battery,2030,38,22,22,0.0
911,battery,2030,38,23,23,0.0
912,battery,2030,38,24,24,0.0
913,battery,2030,39,1,1,0.0
914,battery,2030,39,2,2,0.0
915,battery,2030,39,3,3,0.0
916,battery,2030,39,4,4,0.0
917,battery,2030,39,5,5,0.0
918,battery,2030,39,6,6,0.0
919,battery,2030,39,7,7,0.0
920,battery,2030,39,8,8,0.0
921,battery,2030,39,9,9,0.0
922,battery,2030,39,10,10,0.0
923,battery,2030,39,11,11,0.0
924,battery,2030,39,12,12,0.0
925,battery,2030,39,13,13,0.0
926,battery,2030,39,14,14,0.0
927,battery,2030,39,15,15,0.0
928,battery,2030,39,16,16,0.0
929,battery,2030,39,17,17,0.0
930,battery,2030,39,18,18,0.0
931,battery,2030,39,19,19,0.0
932,battery,2030,39,20,20,0.0
933,battery,2030,39,21,21,0.0
934,battery,2030,39,22,22,0.0
935,battery,2030,39,23,23,0.0
936,battery,2030,39,24,24,0.0
937,battery,2030,40,1,1,0.0
938,battery,2030,40,2,2,0.0
939,battery,2030,40,3,3,0.0
940,battery,2030,40,4,4,0.0
941,battery,2030,40,5,5,0.0
942,battery,2030,40,6,6,0.0
943,battery,2030,40,7,7,0.0
944,battery,2030,40,8,8,0.0
945,battery,2030,40,9,9,0.0
946,battery,2030,40,10,10,0.0
947,battery,2030,40,11,11,0.0
948,battery,2030,40,12,12,0.0
949,battery,2030,40,13,13,0.0
950,battery,2030,40,14,14,0.0
951,battery,2030,40,15,15,0.0
952,battery,2030,40,16,16,0.0
953,battery,2030,40,17,17,0.0
954,battery,2030,40,18,18,0.0
955,battery,2030,40,19,19,0.0
956,battery,2030,40,20,20,0.0
957,battery,2030,40,21,21,0.0
958,battery,2030,40,22,22,0.0
959,battery,2030,40,23,23,0.0
960,battery,2030,40,24,24,0.0
961,battery,2030,41,1,1,0.0
962,battery,2030,41,2,2,0.0
963,battery,2030,41,3,3,0.0
964,battery,2030,41,4,4,0.0
965,battery,2030,41,5,5,0.0
966,battery,2030,41,6,6,0.0
967,battery,2030,41,7,7,0.0
968,battery,2030,41,8,8,0.0
969,battery,2030,41,9,9,0.0
970,battery,2030,41,10,10,0.0
971,battery,2030,41,11,11,0.0
972,battery,2030,41,12,12,0.0
973,battery,2030,41,13,13,0.0
974,battery,2030,41,14,14,0.0
975,battery,2030,41,15,15,0.0
976,battery,2030,41,16,16,0.0
977,battery,2030,41,17,17,0.0
978,battery,2030,41,18,18,0.0
979,battery,2030,41,19,19,0.0
980,battery,2030,41,20,20,0.0
981,battery,2030,41,21,21,0.0
982,battery,2030,41,22,22,0.0
983,battery,2030,41,23,23,0.0
984,battery,2030,41,24,24,0.0
985,battery,2030,42,1,1,0.0
986,battery,2030,42,2,2,0.0
987,battery,2030,42,3,3,0.0
988,battery,2030,42,4,4,0.0
989,battery,2030,42,5,5,0.0
990,battery,2030,42,6,6,0.0
991,battery,2030,42,7,7,0.0
992,battery,2030,42,8,8,0.0
993,battery,2030,42,9,9,0.0
994,battery,2030,42,10,10,0.0
995,battery,2030,42,11,11,0.0
996,battery,2030,42,12,12,0.0
997,battery,2030,42,13,13,0.0
998,battery,2030,42,14,14,0.0
999,battery,2030,42,15,15,0.0
1000,battery,2030,42,16,16,0.0
1001,battery,2030,42,17,17,0.0
1002,battery,2030,42,18,18,0.0
1003,battery,2030,42,19,19,0.0
1004,battery,2030,42,20,20,0.0
1005,battery,2030,42,21,21,0.0
1006,battery,2030,42,22,22,0.0
1007,battery,2030,42,23,23,0.0
1008,battery,2030,42,24,24,0.0
1009,battery,2030,43,1,1,0.0
1010,battery,2030,43,2,2,0.0
1011,battery,2030,43,3,3,0.0
1012,battery,2030,43,4,4,0.0
1013,battery,2030,43,5,5,0.0
1014,battery,2030,43,6,6,0.0
1015,battery,2030,43,7,7,0.0
1016,battery,2030,43,8,8,0.0
1017,battery,2030,43,9,9,0.0
1018,battery,2030,43,10,10,0.0
1019,battery,2030,43,11,11,0.0
1020,battery,2030,43,12,12,0.0
1021,battery,2030,43,13,13,0.0
1022,battery,2030,43,14,14,0.0
1023,battery,2030,43,15,15,0.0
1024,battery,2030,43,16,16,0.0
1025,battery,2030,43,17,17,0.0
1026,battery,2030,43,18,18,0.0
1027,battery,2030,43,19,19,0.0
1028,battery,2030,43,20,20,0.0
1029,battery,2030,43,21,21,0.0
1030,battery,2030,43,22,22,0.0
1031,battery,2030,43,23,23,0.0
1032,battery,2030,43,24,24,0.0
1033,battery,2030,44,1,1,0.0
1034,battery,2030,44,2,2,0.0
1035,battery,2030,44,3,3,0.0
1036,battery,2030,44,4,4,0.0
1037,battery,2030,44,5,5,0.0
1038,battery,2030,44,6,6,0.0
1039,battery,2030,44,7,7,0.0
1040,battery,2030,44,8,8,0.0
1041,battery,2030,44,9,9,0.0
1042,battery,2030,44,10,10,0.0
1043,battery,2030,44,11,11,0.0
1044,battery,2030,44,12,12,0.0
1045,battery,2030,44,13,13,0.0
1046,battery,2030,44,14,14,0.0
1047,battery,2030,44,15,15,0.0
1048,battery,2030,44,16,16,0.0
1049,battery,2030,44,17,17,0.0
1050,battery,2030,44,18,18,0.0
1051,battery,2030,44,19,19,0.0
1052,battery,2030,44,20,20,0.0
1053,battery,2030,44,21,21,0.0
1054,battery,2030,44,22,22,0.0
1055,battery,2030,44,23,23,0.0
1056,battery,2030,44,24,24,0.0
1057,battery,2030,45,1,1,0.0
1058,battery,2030,45,2,2,0.0
1059,battery,2030,45,3,3,0.0
1060,battery,2030,45,4,4,0.0
1061,battery,2030,45,5,5,0.0
1062,battery,2030,45,6,6,0.0
1063,battery,2030,45,7,7,0.0
1064,battery,2030,45,8,8,0.0
1065,battery,2030,45,9,9,0.0
1066,battery,2030,45,10,10,0.0
1067,battery,2030,45,11,11,0.0
1068,battery,2030,45,12,12,0.0
1069,battery,2030,45,13,13,0.0
1070,battery,2030,45,14,14,0.0
1071,battery,2030,45,15,15,0.0
1072,battery,2030,45,16,16,0.0
1073,battery,2030,45,17,17,0.0
1074,battery,2030,45,18,18,0.0
1075,battery,2030,45,19,19,0.0
1076,battery,2030,45,20,20,0.0
1077,battery,2030,45,21,21,0.0
1078,battery,2030,45,22,22,0.0
1079,battery,2030,45,23,23,0.0
1080,battery,2030,45,24,24,0.0
1081,battery,2030,46,1,1,0.0
1082,battery,2030,46,2,2,0.0
1083,battery,2030,46,3,3,0.0
1084,battery,2030,46,4,4,0.0
1085,battery,2030,46,5,5,0.0
1086,battery,2030,46,6,6,0.0
1087,battery,2030,46,7,7,0.0
1088,battery,2030,46,8,8,0.0
1089,battery,2030,46,9,9,0.0
1090,battery,2030,46,10,10,0.0
1091,battery,2030,46,11,11,0.0
1092,battery,2030,46,12,12,0.0
1093,battery,2030,46,13,13,0.0
1094,battery,2030,46,14,14,0.0
1095,battery,2030,46,15,15,0.0
1096,battery,2030,46,16,16,0.0
1097,battery,2030,46,17,17,0.0
1098,battery,2030,46,18,18,0.0
1099,battery,2030,46,19,19,0.0
1100,battery,2030,46,20,20,0.0
1101,battery,2030,46,21,21,0.0
1102,battery,2030,46,22,22,0.0
1103,battery,2030,46,23,23,0.0
1104,battery,2030,46,24,24,0.0
1105,battery,2030,47,1,1,0.0
1106,battery,2030,47,2,2,0.0
1107,battery,2030,47,3,3,0.0
1108,battery,2030,47,4,4,0.0
1109,battery,2030,47,5,5,0.0
1110,battery,2030,47,6,6,0.0
1111,battery,2030,47,7,7,0.0
1112,battery,2030,47,8,8,0.0
1113,battery,2030,47,9,9,0.0
1114,battery,2030,47,10,10,0.0
1115,battery,2030,47,11,11,0.0
1116,battery,2030,47,12,12,0.0
1117,battery,2030,47,13,13,0.0
1118,battery,2030,47,14,14,0.0
1119,battery,2030,47,15,15,0.0
1120,battery,2030,47,16,16,0.0
1121,battery,2030,47,17,17,0.0
1122,battery,2030,47,18,18,0.0
1123,battery,2030,47,19,19,0.0
1124,battery,2030,47,20,20,0.0
1125,battery,2030,47,21,21,0.0
1126,battery,2030,47,22,22,0.0
1127,battery,2030,47,23,23,0.0
1128,battery,2030,47,24,24,0.0
1129,battery,2030,48,1,1,0.0
1130,battery,2030,48,2,2,0.0
1131,battery,2030,48,3,3,0.0
1132,battery,2030,48,4,4,0.0
1133,battery,2030,48,5,5,0.0
1134,battery,2030,48,6,6,0.0
1135,battery,2030,48,7,7,0.0
1136,battery,2030,48,8,8,0.0
1137,battery,2030,48,9,9,0.0
1138,battery,2030,48,10,10,0.0
1139,battery,2030,48,11,11,0.0
1140,battery,2030,48,12,12,0.0
1141,battery,2030,48,13,13,0.0
1142,battery,2030,48,14,14,0.0
1143,battery,2030,48,15,15,0.0
1144,battery,2030,48,16,16,0.0
1145,battery,2030,48,17,17,0.0
1146,battery,2030,48,18,18,0.0
1147,battery,2030,48,19,19,0.0
1148,battery,2030,48,20,20,-2.7755575615628914e-16
1149,battery,2030,48,21,21,0.0
1150,battery,2030,48,22,22,0.0
1151,battery,2030,48,23,23,0.0
1152,battery,2030,48,24,24,0.0
1153,battery,2030,49,1,1,0.0
1154,battery,2030,49,2,2,0.0
1155,battery,2030,49,3,3,0.0
1156,battery,2030,49,4,4,0.0
1157,battery,2030,49,5,5,0.0
1158,battery,2030,49,6,6,0.0
1159,battery,2030,49,7,7,0.0
1160,battery,2030,49,8,8,0.0
1161,battery,2030,49,9,9,0.0
1162,battery,2030,49,10,10,0.0
1163,battery,2030,49,11,11,0.0
1164,battery,2030,49,12,12,0.0
1165,battery,2030,49,13,13,0.0
1166,battery,2030,49,14,14,0.0
1167,battery,2030,49,15,15,0.0
1168,battery,2030,49,16,16,0.0
1169,battery,2030,49,17,17,0.0
1170,battery,2030,49,18,18,0.0
1171,battery,2030,49,19,19,0.0
1172,battery,2030,49,20,20,0.0
1173,battery,2030,49,21,21,0.0
1174,battery,2030,49,22,22,0.0
1175,battery,2030,49,23,23,0.0
1176,battery,2030,49,24,24,0.0
1177,battery,2030,50,1,1,0.0
1178,battery,2030,50,2,2,0.0
1179,battery,2030,50,3,3,0.0
1180,battery,2030,50,4,4,0.0
1181,battery,2030,50,5,5,0.0
1182,battery,2030,50,6,6,0.0
1183,battery,2030,50,7,7,0.0
1184,battery,2030,50,8,8,0.0
1185,battery,2030,50,9,9,0.0
1186,battery,2030,50,10,10,0.0
1187,battery,2030,50,11,11,0.0
1188,battery,2030,50,12,12,0.0
1189,battery,2030,50,13,13,0.0
1190,battery,2030,50,14,14,0.0
1191,battery,2030,50,15,15,0.0
1192,battery,2030,50,16,16,0.0
1193,battery,2030,50,17,17,0.0
1194,battery,2030,50,18,18,0.0
1195,battery,2030,50,19,19,0.0
1196,battery,2030,50,20,20,0.0
1197,battery,2030,50,21,21,0.0
1198,battery,2030,50,22,22,0.0
1199,battery,2030,50,23,23,0.0
1200,battery,2030,50,24,24,0.0
1201,battery,2030,51,1,1,0.0
1202,battery,2030,51,2,2,0.0
1203,battery,2030,51,3,3,0.0
1204,battery,2030,51,4,4,0.0
1205,battery,2030,51,5,5,0.0
1206,battery,2030,51,6,6,0.0
1207,battery,2030,51,7,7,0.0
1208,battery,2030,51,8,8,0.0
1209,battery,2030,51,9,9,0.0
1210,battery,2030,51,10,10,0.0
1211,battery,2030,51,11,11,0.0
1212,battery,2030,51,12,12,0.0
1213,battery,2030,51,13,13,0.0
1214,battery,2030,51,14,14,0.0
1215,battery,2030,51,15,15,0.0
1216,battery,2030,51,16,16,0.0
1217,battery,2030,51,17,17,0.0
1218,battery,2030,51,18,18,0.0
1219,battery,2030,51,19,19,0.0
1220,battery,2030,51,20,20,0.0
1221,battery,2030,51,21,21,0.0
1222,battery,2030,51,22,22,0.0
1223,battery,2030,51,23,23,0.0
1224,battery,2030,51,24,24,0.0
1225,battery,2030,52,1,1,0.0
1226,battery,2030,52,2,2,0.0
1227,battery,2030,52,3,3,0.0
1228,battery,2030,52,4,4,0.0
1229,battery,2030,52,5,5,0.0
1230,battery,2030,52,6,6,0.0
1231,battery,2030,52,7,7,0.0
1232,battery,2030,52,8,8,0.0
1233,battery,2030,52,9,9,0.0
1234,battery,2030,52,10,10,0.0
1235,battery,2030,52,11,11,0.0
1236,battery,2030,52,12,12,0.0
1237,battery,2030,52,13,13,0.0
1238,battery,2030,52,14,14,0.0
1239,battery,2030,52,15,15,0.0
1240,battery,2030,52,16,16,0.0
1241,battery,2030,52,17,17,0.0
1242,battery,2030,52,18,18,0.0
1243,battery,2030,52,19,19,0.0
1244,battery,2030,52,20,20,0.0
1245,battery,2030,52,21,21,0.0
1246,battery,2030,52,22,22,0.0
1247,battery,2030,52,23,23,0.0
1248,battery,2030,52,24,24,0.0
1249,battery,2030,53,1,1,0.0
1250,battery,2030,53,2,2,0.0
1251,battery,2030,53,3,3,0.0
1252,battery,2030,53,4,4,0.0
1253,battery,2030,53,5,5,0.0
1254,battery,2030,53,6,6,0.0
1255,battery,2030,53,7,7,0.0
1256,battery,2030,53,8,8,0.0
1257,battery,2030,53,9,9,0.0
1258,battery,2030,53,10,10,0.0
1259,battery,2030,53,11,11,0.0
1260,battery,2030,53,12,12,0.0
1261,battery,2030,53,13,13,0.0
1262,battery,2030,53,14,14,0.0
1263,battery,2030,53,15,15,0.0
1264,battery,2030,53,16,16,0.0
1265,battery,2030,53,17,17,0.0
1266,battery,2030,53,18,18,0.0
1267,battery,2030,53,19,19,0.0
1268,battery,2030,53,20,20,0.0
1269,battery,2030,53,21,21,2.7755575615628914e-17
1270,battery,2030,53,22,22,0.0
1271,battery,2030,53,23,23,0.0
1272,battery,2030,53,24,24,0.0
1273,battery,2030,54,1,1,0.0
1274,battery,2030,54,2,2,0.0
1275,battery,2030,54,3,3,0.0
1276,battery,2030,54,4,4,0.0
1277,battery,2030,54,5,5,0.0
1278,battery,2030,54,6,6,0.0
1279,battery,2030,54,7,7,0.0
1280,battery,2030,54,8,8,0.0
1281,battery,2030,54,9,9,0.0
1282,battery,2030,54,10,10,0.0
1283,battery,2030,54,11,11,0.0
1284,battery,2030,54,12,12,0.0
1285,battery,2030,54,13,13,0.0
1286,battery,2030,54,14,14,0.0
1287,battery,2030,54,15,15,0.0
1288,battery,2030,54,16,16,0.0
1289,battery,2030,54,17,17,0.0
1290,battery,2030,54,18,18,0.0
1291,battery,2030,54,19,19,0.0
1292,battery,2030,54,20,20,0.0
1293,battery,2030,54,21,21,0.0
1294,battery,2030,54,22,22,0.0
1295,battery,2030,54,23,23,0.0
1296,battery,2030,54,24,24,0.0
1297,battery,2030,55,1,1,0.0
1298,battery,2030,55,2,2,0.0
1299,battery,2030,55,3,3,0.0
1300,battery,2030,55,4,4,0.0
1301,battery,2030,55,5,5,0.0
1302,battery,2030,55,6,6,0.0
1303,battery,2030,55,7,7,0.0
1304,battery,2030,55,8,8,0.0
1305,battery,2030,55,9,9,0.0
1306,battery,2030,55,10,10,0.0
1307,battery,2030,55,11,11,0.0
1308,battery,2030,55,12,12,0.0
1309,battery,2030,55,13,13,0.0
1310,battery,2030,55,14,14,0.0
1311,battery,2030,55,15,15,0.0
1312,battery,2030,55,16,16,0.0
1313,battery,2030,55,17,17,0.0
1314,battery,2030,55,18,18,0.0
1315,battery,2030,55,19,19,0.0
1316,battery,2030,55,20,20,0.0
1317,battery,2030,55,21,21,0.0
1318,battery,2030,55,22,22,0.0
1319,battery,2030,55,23,23,0.0
1320,battery,2030,55,24,24,0.0
1321,battery,2030,56,1,1,0.0
1322,battery,2030,56,2,2,0.0
1323,battery,2030,56,3,3,0.0
1324,battery,2030,56,4,4,0.0
1325,battery,2030,56,5,5,0.0
1326,battery,2030,56,6,6,0.0
1327,battery,2030,56,7,7,0.0
1328,battery,2030,56,8,8,0.0
1329,battery,2030,56,9,9,0.0
1330,battery,2030,56,10,10,0.0
1331,battery,2030,56,11,11,0.0
1332,battery,2030,56,12,12,0.0
1333,battery,2030,56,13,13,0.0
1334,battery,2030,56,14,14,0.0
1335,battery,2030,56,15,15,0.0
1336,battery,2030,56,16,16,0.0
1337,battery,2030,56,17,17,0.0
1338,battery,2030,56,18,18,0.0
1339,battery,2030,56,19,19,0.0
1340,battery,2030,56,20,20,0.0
1341,battery,2030,56,21,21,0.0
1342,battery,2030,56,22,22,0.0
1343,battery,2030,56,23,23,0.0
1344,battery,2030,56,24,24,0.0
1345,battery,2030,57,1,1,0.0
1346,battery,2030,57,2,2,0.0
1347,battery,2030,57,3,3,0.0
1348,battery,2030,57,4,4,0.0
1349,battery,2030,57,5,5,0.0
1350,battery,2030,57,6,6,0.0
1351,battery,2030,57,7,7,0.0
1352,battery,2030,57,8,8,0.0
1353,battery,2030,57,9,9,0.0
1354,battery,2030,57,10,10,0.0
1355,battery,2030,57,11,11,0.0
1356,battery,2030,57,12,12,0.0
1357,battery,2030,57,13,13,0.0
1358,battery,2030,57,14,14,0.0
1359,battery,2030,57,15,15,0.0
1360,battery,2030,57,16,16,0.0
1361,battery,2030,57,17,17,0.0
1362,battery,2030,57,18,18,0.0
1363,battery,2030,57,19,19,0.0
1364,battery,2030,57,20,20,0.0
1365,battery,2030,57,21,21,0.0
1366,battery,2030,57,22,22,0.0
1367,battery,2030,57,23,23,0.0
1368,battery,2030,57,24,24,0.0
1369,battery,2030,58,1,1,0.0
1370,battery,2030,58,2,2,0.0
1371,battery,2030,58,3,3,0.0
1372,battery,2030,58,4,4,0.0
1373,battery,2030,58,5,5,0.0
1374,battery,2030,58,6,6,0.0
1375,battery,2030,58,7,7,0.0
1376,battery,2030,58,8,8,0.0
1377,battery,2030,58,9,9,0.0
1378,battery,2030,58,10,10,0.0
1379,battery,2030,58,11,11,0.0
1380,battery,2030,58,12,12,0.0
1381,battery,2030,58,13,13,0.0
1382,battery,2030,58,14,14,0.0
1383,battery,2030,58,15,15,0.0
1384,battery,2030,58,16,16,0.0
1385,battery,2030,58,17,17,0.0
1386,battery,2030,58,18,18,0.0
1387,battery,2030,58,19,19,0.0
1388,battery,2030,58,20,20,0.0
1389,battery,2030,58,21,21,0.0
1390,battery,2030,58,22,22,0.0
1391,battery,2030,58,23,23,0.0
1392,battery,2030,58,24,24,0.0
1393,battery,2030,59,1,1,0.0
1394,battery,2030,59,2,2,0.0
1395,battery,2030,59,3,3,0.0
1396,battery,2030,59,4,4,0.0
1397,battery,2030,59,5,5,0.0
1398,battery,2030,59,6,6,0.0
1399,battery,2030,59,7,7,0.0
1400,battery,2030,59,8,8,0.0
1401,battery,2030,59,9,9,0.0
1402,battery,2030,59,10,10,0.0
1403,battery,2030,59,11,11,0.0
1404,battery,2030,59,12,12,0.0
1405,battery,2030,59,13,13,0.0
1406,battery,2030,59,14,14,0.0
1407,battery,2030,59,15,15,0.0
1408,battery,2030,59,16,16,0.0
1409,battery,2030,59,17,17,0.0
1410,battery,2030,59,18,18,0.0
1411,battery,2030,59,19,19,0.0
1412,battery,2030,59,20,20,0.0
1413,battery,2030,59,21,21,0.0
1414,battery,2030,59,22,22,0.0
1415,battery,2030,59,23,23,0.0
1416,battery,2030,59,24,24,0.0
1417,battery,2030,60,1,1,0.0
1418,battery,2030,60,2,2,0.0
1419,battery,2030,60,3,3,0.0
1420,battery,2030,60,4,4,0.0
1421,battery,2030,60,5,5,0.0
1422,battery,2030,60,6,6,0.0
1423,battery,2030,60,7,7,0.0
1424,battery,2030,60,8,8,0.0
1425,battery,2030,60,9,9,0.0
1426,battery,2030,60,10,10,0.0
1427,battery,2030,60,11,11,0.0
1428,battery,2030,60,12,12,0.0
1429,battery,2030,60,13,13,0.0
1430,battery,2030,60,14,14,0.0
1431,battery,2030,60,15,15,0.0
1432,battery,2030,60,16,16,0.0
1433,battery,2030,60,17,17,0.0
1434,battery,2030,60,18,18,0.0
1435,battery,2030,60,19,19,0.0
1436,battery,2030,60,20,20,0.0
1437,battery,2030,60,21,21,0.0
1438,battery,2030,60,22,22,0.0
1439,battery,2030,60,23,23,0.0
1440,battery,2030,60,24,24,0.0
1441,battery,2030,61,1,1,0.0
1442,battery,2030,61,2,2,0.0
1443,battery,2030,61,3,3,0.0
1444,battery,2030,61,4,4,0.0
1445,battery,2030,61,5,5,0.0
1446,battery,2030,61,6,6,0.0
1447,battery,2030,61,7,7,0.0
1448,battery,2030,61,8,8,0.0
1449,battery,2030,61,9,9,0.0
1450,battery,2030,61,10,10,0.0
1451,battery,2030,61,11,11,0.0
1452,battery,2030,61,12,12,0.0
1453,battery,2030,61,13,13,0.0
1454,battery,2030,61,14,14,0.0
1455,battery,2030,61,15,15,0.0
1456,battery,2030,61,16,16,0.0
1457,battery,2030,61,17,17,0.0
1458,battery,2030,61,18,18,0.0
1459,battery,2030,61,19,19,0.0
1460,battery,2030,61,20,20,0.0
1461,battery,2030,61,21,21,0.0
1462,battery,2030,61,22,22,0.0
1463,battery,2030,61,23,23,0.0
1464,battery,2030,61,24,24,0.0
1465,battery,2030,62,1,1,0.0
1466,battery,2030,62,2,2,0.0
1467,battery,2030,62,3,3,0.0
1468,battery,2030,62,4,4,0.0
1469,battery,2030,62,5,5,0.0
1470,battery,2030,62,6,6,0.0
1471,battery,2030,62,7,7,0.0
1472,battery,2030,62,8,8,0.0
1473,battery,2030,62,9,9,0.0
1474,battery,2030,62,10,10,0.0
1475,battery,2030,62,11,11,0.0
1476,battery,2030,62,12,12,0.0
1477,battery,2030,62,13,13,0.0
1478,battery,2030,62,14,14,0.0
1479,battery,2030,62,15,15,0.0
1480,battery,2030,62,16,16,0.0
1481,battery,2030,62,17,17,0.0
1482,battery,2030,62,18,18,0.0
1483,battery,2030,62,19,19,0.0
1484,battery,2030,62,20,20,0.0
1485,battery,2030,62,21,21,0.0
1486,battery,2030,62,22,22,0.0
1487,battery,2030,62,23,23,0.0
1488,battery,2030,62,24,24,0.0
1489,battery,2030,63,1,1,0.0
1490,battery,2030,63,2,2,0.0
1491,battery,2030,63,3,3,0.0
1492,battery,2030,63,4,4,0.0
1493,battery,2030,63,5,5,0.0
1494,battery,2030,63,6,6,0.0
1495,battery,2030,63,7,7,0.0
1496,battery,2030,63,8,8,0.0
1497,battery,2030,63,9,9,0.0
1498,battery,2030,63,10,10,0.0
1499,battery,2030,63,11,11,0.0
1500,battery,2030,63,12,12,0.0
1501,battery,2030,63,13,13,0.0
1502,battery,2030,63,14,14,0.0
1503,battery,2030,63,15,15,0.0
1504,battery,2030,63,16,16,0.0
1505,battery,2030,63,17,17,0.0
1506,battery,2030,63,18,18,0.0
1507,battery,2030,63,19,19,0.0
1508,battery,2030,63,20,20,0.0
1509,battery,2030,63,21,21,0.0
1510,battery,2030,63,22,22,0.0
1511,battery,2030,63,23,23,0.0
1512,battery,2030,63,24,24,0.0
1513,battery,2030,64,1,1,0.0
1514,battery,2030,64,2,2,0.0
1515,battery,2030,64,3,3,0.0
1516,battery,2030,64,4,4,0.0
1517,battery,2030,64,5,5,0.0
1518,battery,2030,64,6,6,0.0
1519,battery,2030,64,7,7,0.0
1520,battery,2030,64,8,8,0.0
1521,battery,2030,64,9,9,0.0
1522,battery,2030,64,10,10,0.0
1523,battery,2030,64,11,11,0.0
1524,battery,2030,64,12,12,0.0
1525,battery,2030,64,13,13,0.0
1526,battery,2030,64,14,14,0.0
1527,battery,2030,64,15,15,0.0
1528,battery,2030,64,16,16,0.0
1529,battery,2030,64,17,17,0.0
1530,battery,2030,64,18,18,0.0
1531,battery,2030,64,19,19,0.0
1532,battery,2030,64,20,20,0.0
1533,battery,2030,64,21,21,0.0
1534,battery,2030,64,22,22,0.0
1535,battery,2030,64,23,23,0.0
1536,battery,2030,64,24,24,0.0
1537,battery,2030,65,1,1,0.0
1538,battery,2030,65,2,2,0.0
1539,battery,2030,65,3,3,0.0
1540,battery,2030,65,4,4,0.0
1541,battery,2030,65,5,5,0.0
1542,battery,2030,65,6,6,0.0
1543,battery,2030,65,7,7,0.0
1544,battery,2030,65,8,8,0.0
1545,battery,2030,65,9,9,0.0
1546,battery,2030,65,10,10,0.0
1547,battery,2030,65,11,11,0.0
1548,battery,2030,65,12,12,0.0
1549,battery,2030,65,13,13,0.0
1550,battery,2030,65,14,14,0.0
1551,battery,2030,65,15,15,0.0
1552,battery,2030,65,16,16,0.0
1553,battery,2030,65,17,17,0.0
1554,battery,2030,65,18,18,0.0
1555,battery,2030,65,19,19,0.0
1556,battery,2030,65,20,20,0.0
1557,battery,2030,65,21,21,0.0
1558,battery,2030,65,22,22,0.0
1559,battery,2030,65,23,23,0.0
1560,battery,2030,65,24,24,0.0
1561,battery,2030,66,1,1,0.0
1562,battery,2030,66,2,2,0.0
1563,battery,2030,66,3,3,0.0
1564,battery,2030,66,4,4,0.0
1565,battery,2030,66,5,5,0.0
1566,battery,2030,66,6,6,0.0
1567,battery,2030,66,7,7,0.0
1568,battery,2030,66,8,8,0.0
1569,battery,2030,66,9,9,0.0
1570,battery,2030,66,10,10,0.0
1571,battery,2030,66,11,11,0.0
1572,battery,2030,66,12,12,0.0
1573,battery,2030,66,13,13,0.0
1574,battery,2030,66,14,14,0.0
1575,battery,2030,66,15,15,0.0
1576,battery,2030,66,16,16,0.0
1577,battery,2030,66,17,17,0.0
1578,battery,2030,66,18,18,0.0
1579,battery,2030,66,19,19,0.0
1580,battery,2030,66,20,20,0.0
1581,battery,2030,66,21,21,0.0
1582,battery,2030,66,22,22,0.0
1583,battery,2030,66,23,23,0.0
1584,battery,2030,66,24,24,0.0
1585,battery,2030,67,1,1,0.0
1586,battery,2030,67,2,2,0.0
1587,battery,2030,67,3,3,0.0
1588,battery,2030,67,4,4,0.0
1589,battery,2030,67,5,5,0.0
1590,battery,2030,67,6,6,0.0
1591,battery,2030,67,7,7,0.0
1592,battery,2030,67,8,8,0.0
1593,battery,2030,67,9,9,0.0
1594,battery,2030,67,10,10,0.0
1595,battery,2030,67,11,11,0.0
1596,battery,2030,67,12,12,0.0
1597,battery,2030,67,13,13,0.0
1598,battery,2030,67,14,14,0.0
1599,battery,2030,67,15,15,0.0
1600,battery,2030,67,16,16,0.0
1601,battery,2030,67,17,17,0.0
1602,battery,2030,67,18,18,0.0
1603,battery,2030,67,19,19,0.0
1604,battery,2030,67,20,20,0.0
1605,battery,2030,67,21,21,0.0
1606,battery,2030,67,22,22,0.0
1607,battery,2030,67,23,23,0.0
1608,battery,2030,67,24,24,0.0
1609,battery,2030,68,1,1,0.0
1610,battery,2030,68,2,2,0.0
1611,battery,2030,68,3,3,0.0
1612,battery,2030,68,4,4,0.0
1613,battery,2030,68,5,5,0.0
1614,battery,2030,68,6,6,0.0
1615,battery,2030,68,7,7,0.0
1616,battery,2030,68,8,8,0.0
1617,battery,2030,68,9,9,0.0
1618,battery,2030,68,10,10,0.0
1619,battery,2030,68,11,11,0.0
1620,battery,2030,68,12,12,0.0
1621,battery,2030,68,13,13,0.0
1622,battery,2030,68,14,14,0.0
1623,battery,2030,68,15,15,0.0
1624,battery,2030,68,16,16,0.0
1625,battery,2030,68,17,17,0.0
1626,battery,2030,68,18,18,0.0
1627,battery,2030,68,19,19,0.0
1628,battery,2030,68,20,20,0.0
1629,battery,2030,68,21,21,0.0
1630,battery,2030,68,22,22,0.0
1631,battery,2030,68,23,23,0.0
1632,battery,2030,68,24,24,0.0
1633,battery,2030,69,1,1,0.0
1634,battery,2030,69,2,2,0.0
1635,battery,2030,69,3,3,0.0
1636,battery,2030,69,4,4,0.0
1637,battery,2030,69,5,5,0.0
1638,battery,2030,69,6,6,0.0
1639,battery,2030,69,7,7,0.0
1640,battery,2030,69,8,8,0.0
1641,battery,2030,69,9,9,0.0
1642,battery,2030,69,10,10,0.0
1643,battery,2030,69,11,11,0.0
1644,battery,2030,69,12,12,0.0
1645,battery,2030,69,13,13,0.0
1646,battery,2030,69,14,14,0.0
1647,battery,2030,69,15,15,0.0
1648,battery,2030,69,16,16,0.0
1649,battery,2030,69,17,17,0.0
1650,battery,2030,69,18,18,0.0
1651,battery,2030,69,19,19,0.0
1652,battery,2030,69,20,20,0.0
1653,battery,2030,69,21,21,0.0
1654,battery,2030,69,22,22,0.0
1655,battery,2030,69,23,23,0.0
1656,battery,2030,69,24,24,0.0
1657,battery,2030,70,1,1,0.0
1658,battery,2030,70,2,2,0.0
1659,battery,2030,70,3,3,0.0
1660,battery,2030,70,4,4,0.0
1661,battery,2030,70,5,5,0.0
1662,battery,2030,70,6,6,0.0
1663,battery,2030,70,7,7,0.0
1664,battery,2030,70,8,8,0.0
1665,battery,2030,70,9,9,0.0
1666,battery,2030,70,10,10,0.0
1667,battery,2030,70,11,11,0.0
1668,battery,2030,70,12,12,0.0
1669,battery,2030,70,13,13,0.0
1670,battery,2030,70,14,14,0.0
1671,battery,2030,70,15,15,0.0
1672,battery,2030,70,16,16,0.0
1673,battery,2030,70,17,17,0.0
1674,battery,2030,70,18,18,0.0
1675,battery,2030,70,19,19,0.0
1676,battery,2030,70,20,20,0.0
1677,battery,2030,70,21,21,0.0
1678,battery,2030,70,22,22,0.0
1679,battery,2030,70,23,23,0.0
1680,battery,2030,70,24,24,0.0
1681,battery,2030,71,1,1,0.0
1682,battery,2030,71,2,2,0.0
1683,battery,2030,71,3,3,0.0
1684,battery,2030,71,4,4,0.0
1685,battery,2030,71,5,5,0.0
1686,battery,2030,71,6,6,0.0
1687,battery,2030,71,7,7,0.0
1688,battery,2030,71,8,8,0.0
1689,battery,2030,71,9,9,0.0
1690,battery,2030,71,10,10,0.0
1691,battery,2030,71,11,11,0.0
1692,battery,2030,71,12,12,0.0
1693,battery,2030,71,13,13,0.0
1694,battery,2030,71,14,14,0.0
1695,battery,2030,71,15,15,0.0
1696,battery,2030,71,16,16,0.0
1697,battery,2030,71,17,17,0.0
1698,battery,2030,71,18,18,0.0
1699,battery,2030,71,19,19,0.0
1700,battery,2030,71,20,20,7.494005416219807e-16
1701,battery,2030,71,21,21,0.0
1702,battery,2030,71,22,22,0.0
1703,battery,2030,71,23,23,0.0
1704,battery,2030,71,24,24,0.0
1705,battery,2030,72,1,1,0.0
1706,battery,2030,72,2,2,0.0
1707,battery,2030,72,3,3,0.0
1708,battery,2030,72,4,4,0.0
1709,battery,2030,72,5,5,0.0
1710,battery,2030,72,6,6,0.0
1711,battery,2030,72,7,7,0.0
1712,battery,2030,72,8,8,0.0
1713,battery,2030,72,9,9,0.0
1714,battery,2030,72,10,10,0.0
1715,battery,2030,72,11,11,0.0
1716,battery,2030,72,12,12,0.0
1717,battery,2030,72,13,13,0.0
1718,battery,2030,72,14,14,0.0
1719,battery,2030,72,15,15,0.0
1720,battery,2030,72,16,16,0.0
1721,battery,2030,72,17,17,0.0
1722,battery,2030,72,18,18,0.0
1723,battery,2030,72,19,19,0.0
1724,battery,2030,72,20,20,0.0
1725,battery,2030,72,21,21,0.0
1726,battery,2030,72,22,22,0.0
1727,battery,2030,72,23,23,0.0
1728,battery,2030,72,24,24,0.0
1729,battery,2030,73,1,1,0.0
1730,battery,2030,73,2,2,0.0
1731,battery,2030,73,3,3,0.0
1732,battery,2030,73,4,4,0.0
1733,battery,2030,73,5,5,0.0
1734,battery,2030,73,6,6,0.0
1735,battery,2030,73,7,7,0.0
1736,battery,2030,73,8,8,0.0
1737,battery,2030,73,9,9,0.0
1738,battery,2030,73,10,10,0.0
1739,battery,2030,73,11,11,0.0
1740,battery,2030,73,12,12,0.0
1741,battery,2030,73,13,13,0.0
1742,battery,2030,73,14,14,0.0
1743,battery,2030,73,15,15,0.0
1744,battery,2030,73,16,16,0.0
1745,battery,2030,73,17,17,0.0
1746,battery,2030,73,18,18,0.0
1747,battery,2030,73,19,19,0.0
1748,battery,2030,73,20,20,0.0
1749,battery,2030,73,21,21,0.0
1750,battery,2030,73,22,22,0.0
1751,battery,2030,73,23,23,0.0
1752,battery,2030,73,24,24,0.0
1753,battery,2030,74,1,1,0.0
1754,battery,2030,74,2,2,0.0
1755,battery,2030,74,3,3,0.0
1756,battery,2030,74,4,4,0.0
1757,battery,2030,74,5,5,0.0
1758,battery,2030,74,6,6,0.0
1759,battery,2030,74,7,7,0.0
1760,battery,2030,74,8,8,0.0
1761,battery,2030,74,9,9,0.0
1762,battery,2030,74,10,10,0.0
1763,battery,2030,74,11,11,0.0
1764,battery,2030,74,12,12,0.0
1765,battery,2030,74,13,13,0.0
1766,battery,2030,74,14,14,0.0
1767,battery,2030,74,15,15,0.0
1768,battery,2030,74,16,16,0.0
1769,battery,2030,74,17,17,0.0
1770,battery,2030,74,18,18,0.0
1771,battery,2030,74,19,19,0.0
1772,battery,2030,74,20,20,0.0
1773,battery,2030,74,21,21,0.0
1774,battery,2030,74,22,22,0.0
1775,battery,2030,74,23,23,0.0
1776,battery,2030,74,24,24,0.0
1777,battery,2030,75,1,1,0.0
1778,battery,2030,75,2,2,0.0
1779,battery,2030,75,3,3,0.0
1780,battery,2030,75,4,4,0.0
1781,battery,2030,75,5,5,0.0
1782,battery,2030,75,6,6,0.0
1783,battery,2030,75,7,7,0.0
1784,battery,2030,75,8,8,0.0
1785,battery,2030,75,9,9,0.0
1786,battery,2030,75,10,10,0.0
1787,battery,2030,75,11,11,0.0
1788,battery,2030,75,12,12,0.0
1789,battery,2030,75,13,13,0.0
1790,battery,2030,75,14,14,0.0
1791,battery,2030,75,15,15,0.0
1792,battery,2030,75,16,16,0.0
1793,battery,2030,75,17,17,0.0
1794,battery,2030,75,18,18,0.0
1795,battery,2030,75,19,19,0.0
1796,battery,2030,75,20,20,0.0
1797,battery,2030,75,21,21,0.0
1798,battery,2030,75,22,22,0.0
1799,battery,2030,75,23,23,0.0
1800,battery,2030,75,24,24,0.0
1801,battery,2030,76,1,1,0.0
1802,battery,2030,76,2,2,0.0
1803,battery,2030,76,3,3,0.0
1804,battery,2030,76,4,4,0.0
1805,battery,2030,76,5,5,0.0
1806,battery,2030,76,6,6,0.0
1807,battery,2030,76,7,7,0.0
1808,battery,2030,76,8,8,0.0
1809,battery,2030,76,9,9,0.0
1810,battery,2030,76,10,10,0.0
1811,battery,2030,76,11,11,0.0
1812,battery,2030,76,12,12,0.0
1813,battery,2030,76,13,13,0.0
1814,battery,2030,76,14,14,0.0
1815,battery,2030,76,15,15,0.0
1816,battery,2030,76,16,16,0.0
1817,battery,2030,76,17,17,0.0
1818,battery,2030,76,18,18,0.0
1819,battery,2030,76,19,19,0.0
1820,battery,2030,76,20,20,0.0
1821,battery,2030,76,21,21,0.0
1822,battery,2030,76,22,22,0.0
1823,battery,2030,76,23,23,0.0
1824,battery,2030,76,24,24,0.0
1825,battery,2030,77,1,1,0.0
1826,battery,2030,77,2,2,0.0
1827,battery,2030,77,3,3,0.0
1828,battery,2030,77,4,4,0.0
1829,battery,2030,77,5,5,0.0
1830,battery,2030,77,6,6,0.0
1831,battery,2030,77,7,7,0.0
1832,battery,2030,77,8,8,0.0
1833,battery,2030,77,9,9,0.0
1834,battery,2030,77,10,10,0.0
1835,battery,2030,77,11,11,0.0
1836,battery,2030,77,12,12,0.0
1837,battery,2030,77,13,13,0.0
1838,battery,2030,77,14,14,0.0
1839,battery,2030,77,15,15,0.0
1840,battery,2030,77,16,16,0.0
1841,battery,2030,77,17,17,0.0
1842,battery,2030,77,18,18,0.0
1843,battery,2030,77,19,19,0.0
1844,battery,2030,77,20,20,0.0
1845,battery,2030,77,21,21,0.0
1846,battery,2030,77,22,22,2.0122792321330962e-16
1847,battery,2030,77,23,23,0.0
1848,battery,2030,77,24,24,2.0122792321330962e-16
1849,battery,2030,78,1,1,0.0
1850,battery,2030,78,2,2,0.0
1851,battery,2030,78,3,3,0.0
1852,battery,2030,78,4,4,0.0
1853,battery,2030,78,5,5,0.0
1854,battery,2030,78,6,6,0.0
1855,battery,2030,78,7,7,0.0
1856,battery,2030,78,8,8,0.0
1857,battery,2030,78,9,9,0.0
1858,battery,2030,78,10,10,0.0
1859,battery,2030,78,11,11,0.0
1860,battery,2030,78,12,12,0.0
1861,battery,2030,78,13,13,0.0
1862,battery,2030,78,14,14,0.0
1863,battery,2030,78,15,15,0.0
1864,battery,2030,78,16,16,0.0
1865,battery,2030,78,17,17,0.0
1866,battery,2030,78,18,18,0.0
1867,battery,2030,78,19,19,0.0
1868,battery,2030,78,20,20,0.0
1869,battery,2030,78,21,21,0.0
1870,battery,2030,78,22,22,0.0
1871,battery,2030,78,23,23,0.0
1872,battery,2030,78,24,24,0.0
1873,battery,2030,79,1,1,0.0
1874,battery,2030,79,2,2,0.0
1875,battery,2030,79,3,3,0.0
1876,battery,2030,79,4,4,0.0
1877,battery,2030,79,5,5,0.0
1878,battery,2030,79,6,6,0.0
1879,battery,2030,79,7,7,0.0
1880,battery,2030,79,8,8,0.0
1881,battery,2030,79,9,9,0.0
1882,battery,2030,79,10,10,0.0
1883,battery,2030,79,11,11,0.0
1884,battery,2030,79,12,12,0.0
1885,battery,2030,79,13,13,0.0
1886,battery,2030,79,14,14,0.0
1887,battery,2030,79,15,15,0.0
1888,battery,2030,79,16,16,0.0
1889,battery,2030,79,17,17,0.0
1890,battery,2030,79,18,18,0.0
1891,battery,2030,79,19,19,0.0
1892,battery,2030,79,20,20,0.0
1893,battery,2030,79,21,21,0.0
1894,battery,2030,79,22,22,0.0
1895,battery,2030,79,23,23,0.0
1896,battery,2030,79,24,24,0.0
1897,battery,2030,80,1,1,0.0
1898,battery,2030,80,2,2,0.0
1899,battery,2030,80,3,3,0.0
1900,battery,2030,80,4,4,0.0
1901,battery,2030,80,5,5,0.0
1902,battery,2030,80,6,6,0.0
1903,battery,2030,80,7,7,0.0
1904,battery,2030,80,8,8,0.0
1905,battery,2030,80,9,9,0.0
1906,battery,2030,80,10,10,0.0
1907,battery,2030,80,11,11,0.0
1908,battery,2030,80,12,12,0.0
1909,battery,2030,80,13,13,0.0
1910,battery,2030,80,14,14,0.0
1911,battery,2030,80,15,15,0.0
1912,battery,2030,80,16,16,0.0
1913,battery,2030,80,17,17,0.0
1914,battery,2030,80,18,18,0.0
1915,battery,2030,80,19,19,0.0
1916,battery,2030,80,20,20,0.0
1917,battery,2030,80,21,21,0.0
1918,battery,2030,80,22,22,0.0
1919,battery,2030,80,23,23,0.0
1920,battery,2030,80,24,24,0.0
1921,battery,2030,81,1,1,0.0
1922,battery,2030,81,2,2,0.0
1923,battery,2030,81,3,3,0.0
1924,battery,2030,81,4,4,0.0
1925,battery,2030,81,5,5,0.0
1926,battery,2030,81,6,6,0.0
1927,battery,2030,81,7,7,0.0
1928,battery,2030,81,8,8,0.0
1929,battery,2030,81,9,9,0.0
1930,battery,2030,81,10,10,0.0
1931,battery,2030,81,11,11,0.0
1932,battery,2030,81,12,12,0.0
1933,battery,2030,81,13,13,0.0
1934,battery,2030,81,14,14,0.0
1935,battery,2030,81,15,15,0.0
1936,battery,2030,81,16,16,0.0
1937,battery,2030,81,17,17,0.0
1938,battery,2030,81,18,18,0.0
1939,battery,2030,81,19,19,0.0
1940,battery,2030,81,20,20,0.0
1941,battery,2030,81,21,21,0.0
1942,battery,2030,81,22,22,0.0
1943,battery,2030,81,23,23,0.0
1944,battery,2030,81,24,24,0.0
1945,battery,2030,82,1,1,0.0
1946,battery,2030,82,2,2,0.0
1947,battery,2030,82,3,3,0.0
1948,battery,2030,82,4,4,0.0
1949,battery,2030,82,5,5,0.0
1950,battery,2030,82,6,6,0.0
1951,battery,2030,82,7,7,0.0
1952,battery,2030,82,8,8,0.0
1953,battery,2030,82,9,9,0.0
1954,battery,2030,82,10,10,0.0
1955,battery,2030,82,11,11,0.0
1956,battery,2030,82,12,12,0.0
1957,battery,2030,82,13,13,0.0
1958,battery,2030,82,14,14,0.0
1959,battery,2030,82,15,15,0.0
1960,battery,2030,82,16,16,0.0
1961,battery,2030,82,17,17,0.0
1962,battery,2030,82,18,18,0.0
1963,battery,2030,82,19,19,0.0
1964,battery,2030,82,20,20,0.0
1965,battery,2030,82,21,21,0.0
1966,battery,2030,82,22,22,0.0
1967,battery,2030,82,23,23,0.0
1968,battery,2030,82,24,24,0.0
1969,battery,2030,83,1,1,0.0
1970,battery,2030,83,2,2,0.0
1971,battery,2030,83,3,3,0.0
1972,battery,2030,83,4,4,0.0
1973,battery,2030,83,5,5,0.0
1974,battery,2030,83,6,6,0.0
1975,battery,2030,83,7,7,0.0
1976,battery,2030,83,8,8,0.0
1977,battery,2030,83,9,9,0.0
1978,battery,2030,83,10,10,0.0
1979,battery,2030,83,11,11,0.0
1980,battery,2030,83,12,12,0.0
1981,battery,2030,83,13,13,0.0
1982,battery,2030,83,14,14,0.0
1983,battery,2030,83,15,15,0.0
1984,battery,2030,83,16,16,0.0
1985,battery,2030,83,17,17,0.0
1986,battery,2030,83,18,18,0.0
1987,battery,2030,83,19,19,0.0
1988,battery,2030,83,20,20,0.0
1989,battery,2030,83,21,21,0.0
1990,battery,2030,83,22,22,0.0
1991,battery,2030,83,23,23,0.0
1992,battery,2030,83,24,24,0.0
1993,battery,2030,84,1,1,0.0
1994,battery,2030,84,2,2,0.0
1995,battery,2030,84,3,3,0.0
1996,battery,2030,84,4,4,0.0
1997,battery,2030,84,5,5,0.0
1998,battery,2030,84,6,6,0.0
1999,battery,2030,84,7,7,0.0
2000,battery,2030,84,8,8,0.0
2001,battery,2030,84,9,9,0.0
2002,battery,2030,84,10,10,0.0
2003,battery,2030,84,11,11,0.0
2004,battery,2030,84,12,12,0.0
2005,battery,2030,84,13,13,0.0
2006,battery,2030,84,14,14,0.0
2007,battery,2030,84,15,15,0.0
2008,battery,2030,84,16,16,0.0
2009,battery,2030,84,17,17,0.0
2010,battery,2030,84,18,18,0.0
2011,battery,2030,84,19,19,0.0
2012,battery,2030,84,20,20,0.0
2013,battery,2030,84,21,21,0.0
2014,battery,2030,84,22,22,0.0
2015,battery,2030,84,23,23,0.0
2016,battery,2030,84,24,24,0.0
2017,battery,2030,85,1,1,0.0
2018,battery,2030,85,2,2,0.0
2019,battery,2030,85,3,3,0.0
2020,battery,2030,85,4,4,0.0
2021,battery,2030,85,5,5,0.0
2022,battery,2030,85,6,6,0.0
2023,battery,2030,85,7,7,0.0
2024,battery,2030,85,8,8,0.0
2025,battery,2030,85,9,9,0.0
2026,battery,2030,85,10,10,0.0
2027,battery,2030,85,11,11,0.0
2028,battery,2030,85,12,12,0.0
2029,battery,2030,85,13,13,0.0
2030,battery,2030,85,14,14,0.0
2031,battery,2030,85,15,15,0.0
2032,battery,2030,85,16,16,0.0
2033,battery,2030,85,17,17,0.0
2034,battery,2030,85,18,18,0.0
2035,battery,2030,85,19,19,0.0
2036,battery,2030,85,20,20,-4.440892098500626e-16
2037,battery,2030,85,21,21,0.0
2038,battery,2030,85,22,22,0.0
2039,battery,2030,85,23,23,0.0
2040,battery,2030,85,24,24,0.0
2041,battery,2030,86,1,1,0.0
2042,battery,2030,86,2,2,0.0
2043,battery,2030,86,3,3,0.0
2044,battery,2030,86,4,4,0.0
2045,battery,2030,86,5,5,0.0
2046,battery,2030,86,6,6,0.0
2047,battery,2030,86,7,7,0.0
2048,battery,2030,86,8,8,0.0
2049,battery,2030,86,9,9,0.0
2050,battery,2030,86,10,10,0.0
2051,battery,2030,86,11,11,0.0
2052,battery,2030,86,12,12,0.0
2053,battery,2030,86,13,13,0.0
2054,battery,2030,86,14,14,0.0
2055,battery,2030,86,15,15,0.0
2056,battery,2030,86,16,16,0.0
2057,battery,2030,86,17,17,0.0
2058,battery,2030,86,18,18,0.0
2059,battery,2030,86,19,19,0.0
2060,battery,2030,86,20,20,0.0
2061,battery,2030,86,21,21,0.0
2062,battery,2030,86,22,22,0.0
2063,battery,2030,86,23,23,0.0
2064,battery,2030,86,24,24,0.0
2065,battery,2030,87,1,1,0.0
2066,battery,2030,87,2,2,0.0
2067,battery,2030,87,3,3,0.0
2068,battery,2030,87,4,4,0.0
2069,battery,2030,87,5,5,0.0
2070,battery,2030,87,6,6,0.0
2071,battery,2030,87,7,7,0.0
2072,battery,2030,87,8,8,0.0
2073,battery,2030,87,9,9,0.0
2074,battery,2030,87,10,10,0.0
2075,battery,2030,87,11,11,0.0
2076,battery,2030,87,12,12,0.0
2077,battery,2030,87,13,13,0.0
2078,battery,2030,87,14,14,0.0
2079,battery,2030,87,15,15,0.0
2080,battery,2030,87,16,16,0.0
2081,battery,2030,87,17,17,0.0
2082,battery,2030,87,18,18,0.0
2083,battery,2030,87,19,19,0.0
2084,battery,2030,87,20,20,0.0
2085,battery,2030,87,21,21,0.0
2086,battery,2030,87,22,22,0.0
2087,battery,2030,87,23,23,0.0
2088,battery,2030,87,24,24,0.0
2089,battery,2030,88,1,1,0.0
2090,battery,2030,88,2,2,0.0
2091,battery,2030,88,3,3,0.0
2092,battery,2030,88,4,4,0.0
2093,battery,2030,88,5,5,0.0
2094,battery,2030,88,6,6,0.0
2095,battery,2030,88,7,7,0.0
2096,battery,2030,88,8,8,0.0
2097,battery,2030,88,9,9,0.0
2098,battery,2030,88,10,10,0.0
2099,battery,2030,88,11,11,0.0
2100,battery,2030,88,12,12,0.0
2101,battery,2030,88,13,13,0.0
2102,battery,2030,88,14,14,0.0
2103,battery,2030,88,15,15,0.0
2104,battery,2030,88,16,16,0.0
2105,battery,2030,88,17,17,0.0
2106,battery,2030,88,18,18,0.0
2107,battery,2030,88,19,19,0.0
2108,battery,2030,88,20,20,0.0
2109,battery,2030,88,21,21,0.0
2110,battery,2030,88,22,22,0.0
2111,battery,2030,88,23,23,0.0
2112,battery,2030,88,24,24,0.0
2113,battery,2030,89,1,1,0.0
2114,battery,2030,89,2,2,0.0
2115,battery,2030,89,3,3,0.0
2116,battery,2030,89,4,4,0.0
2117,battery,2030,89,5,5,0.0
2118,battery,2030,89,6,6,0.0
2119,battery,2030,89,7,7,0.0
2120,battery,2030,89,8,8,0.0
2121,battery,2030,89,9,9,0.0
2122,battery,2030,89,10,10,0.0
2123,battery,2030,89,11,11,0.0
2124,battery,2030,89,12,12,0.0
2125,battery,2030,89,13,13,0.0
2126,battery,2030,89,14,14,0.0
2127,battery,2030,89,15,15,0.0
2128,battery,2030,89,16,16,0.0
2129,battery,2030,89,17,17,0.0
2130,battery,2030,89,18,18,0.0
2131,battery,2030,89,19,19,0.0
2132,battery,2030,89,20,20,0.0
2133,battery,2030,89,21,21,2.220446049250313e-16
2134,battery,2030,89,22,22,0.0
2135,battery,2030,89,23,23,0.0
2136,battery,2030,89,24,24,0.0
2137,battery,2030,90,1,1,0.0
2138,battery,2030,90,2,2,0.0
2139,battery,2030,90,3,3,0.0
2140,battery,2030,90,4,4,0.0
2141,battery,2030,90,5,5,0.0
2142,battery,2030,90,6,6,0.0
2143,battery,2030,90,7,7,0.0
2144,battery,2030,90,8,8,0.0
2145,battery,2030,90,9,9,0.0
2146,battery,2030,90,10,10,0.0
2147,battery,2030,90,11,11,0.0
2148,battery,2030,90,12,12,0.0
2149,battery,2030,90,13,13,0.0
2150,battery,2030,90,14,14,0.0
2151,battery,2030,90,15,15,0.0
2152,battery,2030,90,16,16,0.0
2153,battery,2030,90,17,17,0.0
2154,battery,2030,90,18,18,0.0
2155,battery,2030,90,19,19,0.0
2156,battery,2030,90,20,20,0.0
2157,battery,2030,90,21,21,0.0
2158,battery,2030,90,22,22,0.0
2159,battery,2030,90,23,23,0.0
2160,battery,2030,90,24,24,0.0
2161,ccgt,2030,1,1,1,0.0
2162,ccgt,2030,1,2,2,0.0
2163,ccgt,2030,1,3,3,0.0
2164,ccgt,2030,1,4,4,0.0
2165,ccgt,2030,1,5,5,0.0
2166,ccgt,2030,1,6,6,0.0
2167,ccgt,2030,1,7,7,0.0
2168,ccgt,2030,1,8,8,0.0
2169,ccgt,2030,1,9,9,0.0
2170,ccgt,2030,1,10,10,0.0
2171,ccgt,2030,1,11,11,0.0
2172,ccgt,2030,1,12,12,0.0
2173,ccgt,2030,1,13,13,0.0
2174,ccgt,2030,1,14,14,0.0
2175,ccgt,2030,1,15,15,0.0
2176,ccgt,2030,1,16,16,0.0
2177,ccgt,2030,1,17,17,0.0
2178,ccgt,2030,1,18,18,0.0
2179,ccgt,2030,1,19,19,0.0
2180,ccgt,2030,1,20,20,0.0
2181,ccgt,2030,1,21,21,0.0
2182,ccgt,2030,1,22,22,0.0
2183,ccgt,2030,1,23,23,0.0
2184,ccgt,2030,1,24,24,0.0
2185,ccgt,2030,2,1,1,0.0
2186,ccgt,2030,2,2,2,0.0
2187,ccgt,2030,2,3,3,0.0
2188,ccgt,2030,2,4,4,0.0
2189,ccgt,2030,2,5,5,0.0
2190,ccgt,2030,2,6,6,0.0
2191,ccgt,2030,2,7,7,0.0
2192,ccgt,2030,2,8,8,0.0
2193,ccgt,2030,2,9,9,0.0
2194,ccgt,2030,2,10,10,0.0
2195,ccgt,2030,2,11,11,0.0
2196,ccgt,2030,2,12,12,0.0
2197,ccgt,2030,2,13,13,0.0
2198,ccgt,2030,2,14,14,0.0
2199,ccgt,2030,2,15,15,0.0
2200,ccgt,2030,2,16,16,0.0
2201,ccgt,2030,2,17,17,0.0
2202,ccgt,2030,2,18,18,0.0
2203,ccgt,2030,2,19,19,0.0
2204,ccgt,2030,2,20,20,0.0
2205,ccgt,2030,2,21,21,0.0
2206,ccgt,2030,2,22,22,0.0
2207,ccgt,2030,2,23,23,0.0
2208,ccgt,2030,2,24,24,0.0
2209,ccgt,2030,3,1,1,0.0
2210,ccgt,2030,3,2,2,0.0
2211,ccgt,2030,3,3,3,0.0
2212,ccgt,2030,3,4,4,0.0
2213,ccgt,2030,3,5,5,0.0
2214,ccgt,2030,3,6,6,0.0
2215,ccgt,2030,3,7,7,0.0
2216,ccgt,2030,3,8,8,0.0
2217,ccgt,2030,3,9,9,0.0
2218,ccgt,2030,3,10,10,0.0
2219,ccgt,2030,3,11,11,0.0
2220,ccgt,2030,3,12,12,0.0
2221,ccgt,2030,3,13,13,0.0
2222,ccgt,2030,3,14,14,0.0
2223,ccgt,2030,3,15,15,0.0
2224,ccgt,2030,3,16,16,0.0
2225,ccgt,2030,3,17,17,0.0
2226,ccgt,2030,3,18,18,-0.09731311487072591
2227,ccgt,2030,3,19,19,-7.4857709934014185
2228,ccgt,2030,3,20,20,-38.503571637103576
2229,ccgt,2030,3,21,21,-7.4857709934014185
2230,ccgt,2030,3,22,22,-0.09731311487072591
2231,ccgt,2030,3,23,23,-0.09731311487072591
2232,ccgt,2030,3,24,24,0.0
2233,ccgt,2030,4,1,1,0.0
2234,ccgt,2030,4,2,2,0.0
2235,ccgt,2030,4,3,3,0.0
2236,ccgt,2030,4,4,4,0.0
2237,ccgt,2030,4,5,5,0.0
2238,ccgt,2030,4,6,6,0.0
2239,ccgt,2030,4,7,7,0.0
2240,ccgt,2030,4,8,8,0.0
2241,ccgt,2030,4,9,9,0.0
2242,ccgt,2030,4,10,10,0.0
2243,ccgt,2030,4,11,11,0.0
2244,ccgt,2030,4,12,12,0.0
2245,ccgt,2030,4,13,13,0.0
2246,ccgt,2030,4,14,14,0.0
2247,ccgt,2030,4,15,15,0.0
2248,ccgt,2030,4,16,16,0.0
2249,ccgt,2030,4,17,17,0.0
2250,ccgt,2030,4,18,18,0.0
2251,ccgt,2030,4,19,19,0.0
2252,ccgt,2030,4,20,20,0.0
2253,ccgt,2030,4,21,21,0.0
2254,ccgt,2030,4,22,22,0.0
2255,ccgt,2030,4,23,23,0.0
2256,ccgt,2030,4,24,24,0.0
2257,ccgt,2030,5,1,1,0.0
2258,ccgt,2030,5,2,2,0.0
2259,ccgt,2030,5,3,3,0.0
2260,ccgt,2030,5,4,4,0.0
2261,ccgt,2030,5,5,5,0.0
2262,ccgt,2030,5,6,6,0.0
2263,ccgt,2030,5,7,7,0.0
2264,ccgt,2030,5,8,8,0.0
2265,ccgt,2030,5,9,9,0.0
2266,ccgt,2030,5,10,10,0.0
2267,ccgt,2030,5,11,11,0.0
2268,ccgt,2030,5,12,12,0.0
2269,ccgt,2030,5,13,13,0.0
2270,ccgt,2030,5,14,14,0.0
2271,ccgt,2030,5,15,15,0.0
2272,ccgt,2030,5,16,16,0.0
2273,ccgt,2030,5,17,17,0.0
2274,ccgt,2030,5,18,18,0.0
2275,ccgt,2030,5,19,19,0.0
2276,ccgt,2030,5,20,20,0.0
2277,ccgt,2030,5,21,21,0.0
2278,ccgt,2030,5,22,22,0.0
2279,ccgt,2030,5,23,23,0.0
2280,ccgt,2030,5,24,24,0.0
2281,ccgt,2030,6,1,1,0.0
2282,ccgt,2030,6,2,2,0.0
2283,ccgt,2030,6,3,3,0.0
2284,ccgt,2030,6,4,4,0.0
2285,ccgt,2030,6,5,5,0.0
2286,ccgt,2030,6,6,6,0.0
2287,ccgt,2030,6,7,7,0.0
2288,ccgt,2030,6,8,8,0.0
2289,ccgt,2030,6,9,9,0.0
2290,ccgt,2030,6,10,10,0.0
2291,ccgt,2030,6,11,11,0.0
2292,ccgt,2030,6,12,12,0.0
2293,ccgt,2030,6,13,13,0.0
2294,ccgt,2030,6,14,14,0.0
2295,ccgt,2030,6,15,15,0.0
2296,ccgt,2030,6,16,16,0.0
2297,ccgt,2030,6,17,17,0.0
2298,ccgt,2030,6,18,18,0.0
2299,ccgt,2030,6,19,19,0.0
2300,ccgt,2030,6,20,20,0.0
2301,ccgt,2030,6,21,21,0.0
2302,ccgt,2030,6,22,22,0.0
2303,ccgt,2030,6,23,23,0.0
2304,ccgt,2030,6,24,24,0.0
2305,ccgt,2030,7,1,1,0.0
2306,ccgt,2030,7,2,2,0.0
2307,ccgt,2030,7,3,3,0.0
2308,ccgt,2030,7,4,4,0.0
2309,ccgt,2030,7,5,5,0.0
2310,ccgt,2030,7,6,6,0.0
2311,ccgt,2030,7,7,7,0.0
2312,ccgt,2030,7,8,8,0.0
2313,ccgt,2030,7,9,9,0.0
2314,ccgt,2030,7,10,10,0.0
2315,ccgt,2030,7,11,11,0.0
2316,ccgt,2030,7,12,12,0.0
2317,ccgt,2030,7,13,13,0.0
2318,ccgt,2030,7,14,14,0.0
2319,ccgt,2030,7,15,15,0.0
2320,ccgt,2030,7,16,16,0.0
2321,ccgt,2030,7,17,17,0.0
2322,ccgt,2030,7,18,18,0.0
2323,ccgt,2030,7,19,19,0.0
2324,ccgt,2030,7,20,20,0.0
2325,ccgt,2030,7,21,21,0.0
2326,ccgt,2030,7,22,22,0.0
2327,ccgt,2030,7,23,23,0.0
2328,ccgt,2030,7,24,24,0.0
2329,ccgt,2030,8,1,1,0.0
2330,ccgt,2030,8,2,2,0.0
2331,ccgt,2030,8,3,3,0.0
2332,ccgt,2030,8,4,4,0.0
2333,ccgt,2030,8,5,5,0.0
2334,ccgt,2030,8,6,6,0.0
2335,ccgt,2030,8,7,7,0.0
2336,ccgt,2030,8,8,8,0.0
2337,ccgt,2030,8,9,9,0.0
2338,ccgt,2030,8,10,10,0.0
2339,ccgt,2030,8,11,11,0.0
2340,ccgt,2030,8,12,12,0.0
2341,ccgt,2030,8,13,13,0.0
2342,ccgt,2030,8,14,14,0.0
2343,ccgt,2030,8,15,15,0.0
2344,ccgt,2030,8,16,16,0.0
2345,ccgt,2030,8,17,17,0.0
2346,ccgt,2030,8,18,18,0.0
2347,ccgt,2030,8,19,19,0.0
2348,ccgt,2030,8,20,20,0.0
2349,ccgt,2030,8,21,21,0.0
2350,ccgt,2030,8,22,22,0.0
2351,ccgt,2030,8,23,23,0.0
2352,ccgt,2030,8,24,24,0.0
2353,ccgt,2030,9,1,1,0.0
2354,ccgt,2030,9,2,2,0.0
2355,ccgt,2030,9,3,3,0.0
2356,ccgt,2030,9,4,4,0.0
2357,ccgt,2030,9,5,5,0.0
2358,ccgt,2030,9,6,6,0.0
2359,ccgt,2030,9,7,7,0.0
2360,ccgt,2030,9,8,8,0.0
2361,ccgt,2030,9,9,9,0.0
2362,ccgt,2030,9,10,10,0.0
2363,ccgt,2030,9,11,11,0.0
2364,ccgt,2030,9,12,12,0.0
2365,ccgt,2030,9,13,13,0.0
2366,ccgt,2030,9,14,14,0.0
2367,ccgt,2030,9,15,15,0.0
2368,ccgt,2030,9,16,16,0.0
2369,ccgt,2030,9,17,17,0.0
2370,ccgt,2030,9,18,18,0.0
2371,ccgt,2030,9,19,19,0.0
2372,ccgt,2030,9,20,20,0.0
2373,ccgt,2030,9,21,21,0.0
2374,ccgt,2030,9,22,22,0.0
2375,ccgt,2030,9,23,23,0.0
2376,ccgt,2030,9,24,24,0.0
2377,ccgt,2030,10,1,1,0.0
2378,ccgt,2030,10,2,2,0.0
2379,ccgt,2030,10,3,3,0.0
2380,ccgt,2030,10,4,4,0.0
2381,ccgt,2030,10,5,5,0.0
2382,ccgt,2030,10,6,6,0.0
2383,ccgt,2030,10,7,7,0.0
2384,ccgt,2030,10,8,8,0.0
2385,ccgt,2030,10,9,9,0.0
2386,ccgt,2030,10,10,10,0.0
2387,ccgt,2030,10,11,11,0.0
2388,ccgt,2030,10,12,12,0.0
2389,ccgt,2030,10,13,13,0.0
2390,ccgt,2030,10,14,14,0.0
2391,ccgt,2030,10,15,15,0.0
2392,ccgt,2030,10,16,16,0.0
2393,ccgt,2030,10,17,17,0.0
2394,ccgt,2030,10,18,18,0.0
2395,ccgt,2030,10,19,19,0.0
2396,ccgt,2030,10,20,20,0.0
2397,ccgt,2030,10,21,21,0.0
2398,ccgt,2030,10,22,22,0.0
2399,ccgt,2030,10,23,23,0.0
2400,ccgt,2030,10,24,24,0.0
2401,ccgt,2030,11,1,1,0.0
2402,ccgt,2030,11,2,2,0.0
2403,ccgt,2030,11,3,3,0.0
2404,ccgt,2030,11,4,4,0.0
2405,ccgt,2030,11,5,5,0.0
2406,ccgt,2030,11,6,6,0.0
2407,ccgt,2030,11,7,7,0.0
2408,ccgt,2030,11,8,8,0.0
2409,ccgt,2030,11,9,9,0.0
2410,ccgt,2030,11,10,10,0.0
2411,ccgt,2030,11,11,11,0.0
2412,ccgt,2030,11,12,12,0.0
2413,ccgt,2030,11,13,13,0.0
2414,ccgt,2030,11,14,14,0.0
2415,ccgt,2030,11,15,15,0.0
2416,ccgt,2030,11,16,16,0.0
2417,ccgt,2030,11,17,17,0.0
2418,ccgt,2030,11,18,18,0.0
2419,ccgt,2030,11,19,19,0.0
2420,ccgt,2030,11,20,20,0.0
2421,ccgt,2030,11,21,21,0.0
2422,ccgt,2030,11,22,22,0.0
2423,ccgt,2030,11,23,23,0.0
2424,ccgt,2030,11,24,24,0.0
2425,ccgt,2030,12,1,1,0.0
2426,ccgt,2030,12,2,2,0.0
2427,ccgt,2030,12,3,3,0.0
2428,ccgt,2030,12,4,4,0.0
2429,ccgt,2030,12,5,5,0.0
2430,ccgt,2030,12,6,6,0.0
2431,ccgt,2030,12,7,7,0.0
2432,ccgt,2030,12,8,8,0.0
2433,ccgt,2030,12,9,9,0.0
2434,ccgt,2030,12,10,10,2.220446049250313e-16
2435,ccgt,2030,12,11,11,0.0
2436,ccgt,2030,12,12,12,0.0
2437,ccgt,2030,12,13,13,0.0
2438,ccgt,2030,12,14,14,0.0
2439,ccgt,2030,12,15,15,0.0
2440,ccgt,2030,12,16,16,0.0
2441,ccgt,2030,12,17,17,0.0
2442,ccgt,2030,12,18,18,0.0
2443,ccgt,2030,12,19,19,-0.3544714044586377
2444,ccgt,2030,12,20,20,-0.3544714044586377
2445,ccgt,2030,12,21,21,-0.3544714044586377
2446,ccgt,2030,12,22,22,-0.3544714044586377
2447,ccgt,2030,12,23,23,4.440892098500626e-16
2448,ccgt,2030,12,24,24,0.0
2449,ccgt,2030,13,1,1,0.0
2450,ccgt,2030,13,2,2,0.0
2451,ccgt,2030,13,3,3,0.0
2452,ccgt,2030,13,4,4,0.0
2453,ccgt,2030,13,5,5,0.0
2454,ccgt,2030,13,6,6,0.0
2455,ccgt,2030,13,7,7,0.0
2456,ccgt,2030,13,8,8,0.0
2457,ccgt,2030,13,9,9,0.0
2458,ccgt,2030,13,10,10,0.0
2459,ccgt,2030,13,11,11,0.0
2460,ccgt,2030,13,12,12,0.0
2461,ccgt,2030,13,13,13,0.0
2462,ccgt,2030,13,14,14,0.0
2463,ccgt,2030,13,15,15,0.0
2464,ccgt,2030,13,16,16,0.0
2465,ccgt,2030,13,17,17,0.0
2466,ccgt,2030,13,18,18,0.0
2467,ccgt,2030,13,19,19,0.0
2468,ccgt,2030,13,20,20,0.0
2469,ccgt,2030,13,21,21,0.0
2470,ccgt,2030,13,22,22,0.0
2471,ccgt,2030,13,23,23,0.0
2472,ccgt,2030,13,24,24,0.0
2473,ccgt,2030,14,1,1,0.0
2474,ccgt,2030,14,2,2,0.0
2475,ccgt,2030,14,3,3,0.0
2476,ccgt,2030,14,4,4,0.0
2477,ccgt,2030,14,5,5,0.0
2478,ccgt,2030,14,6,6,0.0
2479,ccgt,2030,14,7,7,0.0
2480,ccgt,2030,14,8,8,0.0
2481,ccgt,2030,14,9,9,0.0
2482,ccgt,2030,14,10,10,0.0
2483,ccgt,2030,14,11,11,0.0
2484,ccgt,2030,14,12,12,0.0
2485,ccgt,2030,14,13,13,0.0
2486,ccgt,2030,14,14,14,0.0
2487,ccgt,2030,14,15,15,0.0
2488,ccgt,2030,14,16,16,0.0
2489,ccgt,2030,14,17,17,0.0
2490,ccgt,2030,14,18,18,0.0
2491,ccgt,2030,14,19,19,0.0
2492,ccgt,2030,14,20,20,0.0
2493,ccgt,2030,14,21,21,0.0
2494,ccgt,2030,14,22,22,0.0
2495,ccgt,2030,14,23,23,0.0
2496,ccgt,2030,14,24,24,0.0
2497,ccgt,2030,15,1,1,0.0
2498,ccgt,2030,15,2,2,0.0
2499,ccgt,2030,15,3,3,0.0
2500,ccgt,2030,15,4,4,0.0
2501,ccgt,2030,15,5,5,0.0
2502,ccgt,2030,15,6,6,0.0
2503,ccgt,2030,15,7,7,0.0
2504,ccgt,2030,15,8,8,0.0
2505,ccgt,2030,15,9,9,0.0
2506,ccgt,2030,15,10,10,0.0
2507,ccgt,2030,15,11,11,0.0
2508,ccgt,2030,15,12,12,0.0
2509,ccgt,2030,15,13,13,0.0
2510,ccgt,2030,15,14,14,0.0
2511,ccgt,2030,15,15,15,0.0
2512,ccgt,2030,15,16,16,0.0
2513,ccgt,2030,15,17,17,0.0
2514,ccgt,2030,15,18,18,0.0
2515,ccgt,2030,15,19,19,0.0
2516,ccgt,2030,15,20,20,0.0
2517,ccgt,2030,15,21,21,0.0
2518,ccgt,2030,15,22,22,0.0
2519,ccgt,2030,15,23,23,0.0
2520,ccgt,2030,15,24,24,0.0
2521,ccgt,2030,16,1,1,0.0
2522,ccgt,2030,16,2,2,0.0
2523,ccgt,2030,16,3,3,0.0
2524,ccgt,2030,16,4,4,0.0
2525,ccgt,2030,16,5,5,0.0
2526,ccgt,2030,16,6,6,0.0
2527,ccgt,2030,16,7,7,0.0
2528,ccgt,2030,16,8,8,0.0
2529,ccgt,2030,16,9,9,0.0
2530,ccgt,2030,16,10,10,0.0
2531,ccgt,2030,16,11,11,0.0
2532,ccgt,2030,16,12,12,0.0
2533,ccgt,2030,16,13,13,0.0
2534,ccgt,2030,16,14,14,0.0
2535,ccgt,2030,16,15,15,0.0
2536,ccgt,2030,16,16,16,0.0
2537,ccgt,2030,16,17,17,0.0
2538,ccgt,2030,16,18,18,0.0
2539,ccgt,2030,16,19,19,0.0
2540,ccgt,2030,16,20,20,0.0
2541,ccgt,2030,16,21,21,0.0
2542,ccgt,2030,16,22,22,0.0
2543,ccgt,2030,16,23,23,0.0
2544,ccgt,2030,16,24,24,0.0
2545,ccgt,2030,17,1,1,0.0
2546,ccgt,2030,17,2,2,0.0
2547,ccgt,2030,17,3,3,0.0
2548,ccgt,2030,17,4,4,0.0
2549,ccgt,2030,17,5,5,0.0
2550,ccgt,2030,17,6,6,0.0
2551,ccgt,2030,17,7,7,0.0
2552,ccgt,2030,17,8,8,0.0
2553,ccgt,2030,17,9,9,0.0
2554,ccgt,2030,17,10,10,0.0
2555,ccgt,2030,17,11,11,0.0
2556,ccgt,2030,17,12,12,0.0
2557,ccgt,2030,17,13,13,0.0
2558,ccgt,2030,17,14,14,0.0
2559,ccgt,2030,17,15,15,0.0
2560,ccgt,2030,17,16,16,0.0
2561,ccgt,2030,17,17,17,0.0
2562,ccgt,2030,17,18,18,0.0
2563,ccgt,2030,17,19,19,0.0
2564,ccgt,2030,17,20,20,0.0
2565,ccgt,2030,17,21,21,0.0
2566,ccgt,2030,17,22,22,0.0
2567,ccgt,2030,17,23,23,0.0
2568,ccgt,2030,17,24,24,0.0
2569,ccgt,2030,18,1,1,0.0
2570,ccgt,2030,18,2,2,0.0
2571,ccgt,2030,18,3,3,0.0
2572,ccgt,2030,18,4,4,0.0
2573,ccgt,2030,18,5,5,0.0
2574,ccgt,2030,18,6,6,0.0
2575,ccgt,2030,18,7,7,0.0
2576,ccgt,2030,18,8,8,0.0
2577,ccgt,2030,18,9,9,0.0
2578,ccgt,2030,18,10,10,0.0
2579,ccgt,2030,18,11,11,0.0
2580,ccgt,2030,18,12,12,0.0
2581,ccgt,2030,18,13,13,0.0
2582,ccgt,2030,18,14,14,0.0
2583,ccgt,2030,18,15,15,0.0
2584,ccgt,2030,18,16,16,0.0
2585,ccgt,2030,18,17,17,0.0
2586,ccgt,2030,18,18,18,0.0
2587,ccgt,2030,18,19,19,0.0
2588,ccgt,2030,18,20,20,0.0
2589,ccgt,2030,18,21,21,0.0
2590,ccgt,2030,18,22,22,0.0
2591,ccgt,2030,18,23,23,0.0
2592,ccgt,2030,18,24,24,0.0
2593,ccgt,2030,19,1,1,0.0
2594,ccgt,2030,19,2,2,0.0
2595,ccgt,2030,19,3,3,0.0
2596,ccgt,2030,19,4,4,0.0
2597,ccgt,2030,19,5,5,0.0
2598,ccgt,2030,19,6,6,0.0
2599,ccgt,2030,19,7,7,0.0
2600,ccgt,2030,19,8,8,0.0
2601,ccgt,2030,19,9,9,0.0
2602,ccgt,2030,19,10,10,0.0
2603,ccgt,2030,19,11,11,0.0
2604,ccgt,2030,19,12,12,0.0
2605,ccgt,2030,19,13,13,0.0
2606,ccgt,2030,19,14,14,0.0
2607,ccgt,2030,19,15,15,0.0
2608,ccgt,2030,19,16,16,0.0
2609,ccgt,2030,19,17,17,0.0
2610,ccgt,2030,19,18,18,0.0
2611,ccgt,2030,19,19,19,0.0
2612,ccgt,2030,19,20,20,0.0
2613,ccgt,2030,19,21,21,0.0
2614,ccgt,2030,19,22,22,0.0
2615,ccgt,2030,19,23,23,0.0
2616,ccgt,2030,19,24,24,0.0
2617,ccgt,2030,20,1,1,0.0
2618,ccgt,2030,20,2,2,0.0
2619,ccgt,2030,20,3,3,0.0
2620,ccgt,2030,20,4,4,0.0
2621,ccgt,2030,20,5,5,0.0
2622,ccgt,2030,20,6,6,0.0
2623,ccgt,2030,20,7,7,0.0
2624,ccgt,2030,20,8,8,0.0
2625,ccgt,2030,20,9,9,0.0
2626,ccgt,2030,20,10,10,0.0
2627,ccgt,2030,20,11,11,0.0
2628,ccgt,2030,20,12,12,0.0
2629,ccgt,2030,20,13,13,0.0
2630,ccgt,2030,20,14,14,0.0
2631,ccgt,2030,20,15,15,0.0
2632,ccgt,2030,20,16,16,0.0
2633,ccgt,2030,20,17,17,0.0
2634,ccgt,2030,20,18,18,0.0
2635,ccgt,2030,20,19,19,0.0
2636,ccgt,2030,20,20,20,0.0
2637,ccgt,2030,20,21,21,0.0
2638,ccgt,2030,20,22,22,0.0
2639,ccgt,2030,20,23,23,0.0
2640,ccgt,2030,20,24,24,0.0
2641,ccgt,2030,21,1,1,0.0
2642,ccgt,2030,21,2,2,0.0
2643,ccgt,2030,21,3,3,0.0
2644,ccgt,2030,21,4,4,0.0
2645,ccgt,2030,21,5,5,0.0
2646,ccgt,2030,21,6,6,0.0
2647,ccgt,2030,21,7,7,0.0
2648,ccgt,2030,21,8,8,0.0
2649,ccgt,2030,21,9,9,0.0
2650,ccgt,2030,21,10,10,0.0
2651,ccgt,2030,21,11,11,0.0
2652,ccgt,2030,21,12,12,0.0
2653,ccgt,2030,21,13,13,0.0
2654,ccgt,2030,21,14,14,0.0
2655,ccgt,2030,21,15,15,0.0
2656,ccgt,2030,21,16,16,0.0
2657,ccgt,2030,21,17,17,0.0
2658,ccgt,2030,21,18,18,0.0
2659,ccgt,2030,21,19,19,0.0
2660,ccgt,2030,21,20,20,0.0
2661,ccgt,2030,21,21,21,0.0
2662,ccgt,2030,21,22,22,0.0
2663,ccgt,2030,21,23,23,0.0
2664,ccgt,2030,21,24,24,0.0
2665,ccgt,2030,22,1,1,0.0
2666,ccgt,2030,22,2,2,0.0
2667,ccgt,2030,22,3,3,0.0
2668,ccgt,2030,22,4,4,0.0
2669,ccgt,2030,22,5,5,0.0
2670,ccgt,2030,22,6,6,0.0
2671,ccgt,2030,22,7,7,0.0
2672,ccgt,2030,22,8,8,0.0
2673,ccgt,2030,22,9,9,0.0
2674,ccgt,2030,22,10,10,0.0
2675,ccgt,2030,22,11,11,0.0
2676,ccgt,2030,22,12,12,0.0
2677,ccgt,2030,22,13,13,0.0
2678,ccgt,2030,22,14,14,0.0
2679,ccgt,2030,22,15,15,0.0
2680,ccgt,2030,22,16,16,0.0
2681,ccgt,2030,22,17,17,0.0
2682,ccgt,2030,22,18,18,0.0
2683,ccgt,2030,22,19,19,0.0
2684,ccgt,2030,22,20,20,0.0
2685,ccgt,2030,22,21,21,0.0
2686,ccgt,2030,22,22,22,0.0
2687,ccgt,2030,22,23,23,0.0
2688,ccgt,2030,22,24,24,0.0
2689,ccgt,2030,23,1,1,0.0
2690,ccgt,2030,23,2,2,0.0
2691,ccgt,2030,23,3,3,0.0
2692,ccgt,2030,23,4,4,0.0
2693,ccgt,2030,23,5,5,0.0
2694,ccgt,2030,23,6,6,0.0
2695,ccgt,2030,23,7,7,0.0
2696,ccgt,2030,23,8,8,0.0
2697,ccgt,2030,23,9,9,0.0
2698,ccgt,2030,23,10,10,0.0
2699,ccgt,2030,23,11,11,0.0
2700,ccgt,2030,23,12,12,0.0
2701,ccgt,2030,23,13,13,0.0
2702,ccgt,2030,23,14,14,0.0
2703,ccgt,2030,23,15,15,0.0
2704,ccgt,2030,23,16,16,0.0
2705,ccgt,2030,23,17,17,0.0
2706,ccgt,2030,23,18,18,0.0
2707,ccgt,2030,23,19,19,0.0
2708,ccgt,2030,23,20,20,0.0
2709,ccgt,2030,23,21,21,0.0
2710,ccgt,2030,23,22,22,0.0
2711,ccgt,2030,23,23,23,0.0
2712,ccgt,2030,23,24,24,0.0
2713,ccgt,2030,24,1,1,0.0
2714,ccgt,2030,24,2,2,0.0
2715,ccgt,2030,24,3,3,0.0
2716,ccgt,2030,24,4,4,0.0
2717,ccgt,2030,24,5,5,0.0
2718,ccgt,2030,24,6,6,0.0
2719,ccgt,2030,24,7,7,0.0
2720,ccgt,2030,24,8,8,0.0
2721,ccgt,2030,24,9,9,0.0
2722,ccgt,2030,24,10,10,0.0
2723,ccgt,2030,24,11,11,0.0
2724,ccgt,2030,24,12,12,0.0
2725,ccgt,2030,24,13,13,0.0
2726,ccgt,2030,24,14,14,0.0
2727,ccgt,2030,24,15,15,0.0
2728,ccgt,2030,24,16,16,0.0
2729,ccgt,2030,24,17,17,0.0
2730,ccgt,2030,24,18,18,-0.24020616619337198
2731,ccgt,2030,24,19,19,-0.24020616619337198
2732,ccgt,2030,24,20,20,-0.24020616619337198
2733,ccgt,2030,24,21,21,-0.24020616619337198
2734,ccgt,2030,24,22,22,-0.24020616619337187
2735,ccgt,2030,24,23,23,1.1102230246251565e-16
2736,ccgt,2030,24,24,24,1.1102230246251565e-16
2737,ccgt,2030,25,1,1,0.0
2738,ccgt,2030,25,2,2,0.0
2739,ccgt,2030,25,3,3,0.0
2740,ccgt,2030,25,4,4,0.0
2741,ccgt,2030,25,5,5,0.0
2742,ccgt,2030,25,6,6,0.0
2743,ccgt,2030,25,7,7,0.0
2744,ccgt,2030,25,8,8,0.0
2745,ccgt,2030,25,9,9,0.0
2746,ccgt,2030,25,10,10,0.0
2747,ccgt,2030,25,11,11,0.0
2748,ccgt,2030,25,12,12,0.0
2749,ccgt,2030,25,13,13,0.0
2750,ccgt,2030,25,14,14,0.0
2751,ccgt,2030,25,15,15,0.0
2752,ccgt,2030,25,16,16,0.0
2753,ccgt,2030,25,17,17,0.0
2754,ccgt,2030,25,18,18,0.0
2755,ccgt,2030,25,19,19,0.0
2756,ccgt,2030,25,20,20,0.0
2757,ccgt,2030,25,21,21,0.0
2758,ccgt,2030,25,22,22,0.0
2759,ccgt,2030,25,23,23,0.0
2760,ccgt,2030,25,24,24,0.0
2761,ccgt,2030,26,1,1,0.0
2762,ccgt,2030,26,2,2,0.0
2763,ccgt,2030,26,3,3,0.0
2764,ccgt,2030,26,4,4,0.0
2765,ccgt,2030,26,5,5,0.0
2766,ccgt,2030,26,6,6,0.0
2767,ccgt,2030,26,7,7,0.0
2768,ccgt,2030,26,8,8,0.0
2769,ccgt,2030,26,9,9,0.0
2770,ccgt,2030,26,10,10,0.0
2771,ccgt,2030,26,11,11,0.0
2772,ccgt,2030,26,12,12,0.0
2773,ccgt,2030,26,13,13,0.0
2774,ccgt,2030,26,14,14,0.0
2775,ccgt,2030,26,15,15,0.0
2776,ccgt,2030,26,16,16,0.0
2777,ccgt,2030,26,17,17,0.0
2778,ccgt,2030,26,18,18,0.0
2779,ccgt,2030,26,19,19,0.0
2780,ccgt,2030,26,20,20,0.0
2781,ccgt,2030,26,21,21,0.0
2782,ccgt,2030,26,22,22,0.0
2783,ccgt,2030,26,23,23,0.0
2784,ccgt,2030,26,24,24,0.0
2785,ccgt,2030,27,1,1,0.0
2786,ccgt,2030,27,2,2,0.0
2787,ccgt,2030,27,3,3,0.0
2788,ccgt,2030,27,4,4,0.0
2789,ccgt,2030,27,5,5,0.0
2790,ccgt,2030,27,6,6,0.0
2791,ccgt,2030,27,7,7,0.0
2792,ccgt,2030,27,8,8,0.0
2793,ccgt,2030,27,9,9,0.0
2794,ccgt,2030,27,10,10,0.0
2795,ccgt,2030,27,11,11,0.0
2796,ccgt,2030,27,12,12,0.0
2797,ccgt,2030,27,13,13,0.0
2798,ccgt,2030,27,14,14,0.0
2799,ccgt,2030,27,15,15,0.0
2800,ccgt,2030,27,16,16,0.0
2801,ccgt,2030,27,17,17,0.0
2802,ccgt,2030,27,18,18,0.0
2803,ccgt,2030,27,19,19,0.0
2804,ccgt,2030,27,20,20,0.0
2805,ccgt,2030,27,21,21,0.0
2806,ccgt,2030,27,22,22,0.0
2807,ccgt,2030,27,23,23,0.0
2808,ccgt,2030,27,24,24,0.0
2809,ccgt,2030,28,1,1,0.0
2810,ccgt,2030,28,2,2,0.0
2811,ccgt,2030,28,3,3,0.0
2812,ccgt,2030,28,4,4,0.0
2813,ccgt,2030,28,5,5,0.0
2814,ccgt,2030,28,6,6,0.0
2815,ccgt,2030,28,7,7,0.0
2816,ccgt,2030,28,8,8,0.0
2817,ccgt,2030,28,9,9,0.0
2818,ccgt,2030,28,10,10,0.0
2819,ccgt,2030,28,11,11,0.0
2820,ccgt,2030,28,12,12,0.0
2821,ccgt,2030,28,13,13,0.0
2822,ccgt,2030,28,14,14,0.0
2823,ccgt,2030,28,15,15,0.0
2824,ccgt,2030,28,16,16,0.0
2825,ccgt,2030,28,17,17,0.0
2826,ccgt,2030,28,18,18,0.0
2827,ccgt,2030,28,19,19,0.0
2828,ccgt,2030,28,20,20,0.0
2829,ccgt,2030,28,21,21,0.0
2830,ccgt,2030,28,22,22,0.0
2831,ccgt,2030,28,23,23,0.0
2832,ccgt,2030,28,24,24,0.0
2833,ccgt,2030,29,1,1,0.0
2834,ccgt,2030,29,2,2,0.0
2835,ccgt,2030,29,3,3,0.0
2836,ccgt,2030,29,4,4,0.0
2837,ccgt,2030,29,5,5,0.0
2838,ccgt,2030,29,6,6,0.0
2839,ccgt,2030,29,7,7,0.0
2840,ccgt,2030,29,8,8,0.0
2841,ccgt,2030,29,9,9,0.0
2842,ccgt,2030,29,10,10,0.0
2843,ccgt,2030,29,11,11,0.0
2844,ccgt,2030,29,12,12,0.0
2845,ccgt,2030,29,13,13,0.0
2846,ccgt,2030,29,14,14,0.0
2847,ccgt,2030,29,15,15,0.0
2848,ccgt,2030,29,16,16,0.0
2849,ccgt,2030,29,17,17,0.0
2850,ccgt,2030,29,18,18,0.0
2851,ccgt,2030,29,19,19,0.0
2852,ccgt,2030,29,20,20,0.0
2853,ccgt,2030,29,21,21,0.0
2854,ccgt,2030,29,22,22,0.0
2855,ccgt,2030,29,23,23,0.0
2856,ccgt,2030,29,24,24,0.0
2857,ccgt,2030,30,1,1,0.0
2858,ccgt,2030,30,2,2,0.0
2859,ccgt,2030,30,3,3,0.0
2860,ccgt,2030,30,4,4,0.0
2861,ccgt,2030,30,5,5,0.0
2862,ccgt,2030,30,6,6,0.0
2863,ccgt,2030,30,7,7,0.0
2864,ccgt,2030,30,8,8,0.0
2865,ccgt,2030,30,9,9,0.0
2866,ccgt,2030,30,10,10,0.0
2867,ccgt,2030,30,11,11,0.0
2868,ccgt,2030,30,12,12,0.0
2869,ccgt,2030,30,13,13,0.0
2870,ccgt,2030,30,14,14,0.0
2871,ccgt,2030,30,15,15,0.0
2872,ccgt,2030,30,16,16,0.0
2873,ccgt,2030,30,17,17,0.0
2874,ccgt,2030,30,18,18,0.0
2875,ccgt,2030,30,19,19,0.0
2876,ccgt,2030,30,20,20,0.0
2877,ccgt,2030,30,21,21,0.0
2878,ccgt,2030,30,22,22,0.0
2879,ccgt,2030,30,23,23,0.0
2880,ccgt,2030,30,24,24,0.0
2881,ccgt,2030,31,1,1,0.0
2882,ccgt,2030,31,2,2,0.0
2883,ccgt,2030,31,3,3,0.0
2884,ccgt,2030,31,4,4,0.0
2885,ccgt,2030,31,5,5,0.0
2886,ccgt,2030,31,6,6,0.0
2887,ccgt,2030,31,7,7,0.0
2888,ccgt,2030,31,8,8,0.0
2889,ccgt,2030,31,9,9,0.0
2890,ccgt,2030,31,10,10,0.0
2891,ccgt,2030,31,11,11,0.0
2892,ccgt,2030,31,12,12,0.0
2893,ccgt,2030,31,13,13,0.0
2894,ccgt,2030,31,14,14,0.0
2895,ccgt,2030,31,15,15,0.0
2896,ccgt,2030,31,16,16,0.0
2897,ccgt,2030,31,17,17,0.0
2898,ccgt,2030,31,18,18,0.0
2899,ccgt,2030,31,19,19,0.0
2900,ccgt,2030,31,20,20,0.0
2901,ccgt,2030,31,21,21,0.0
2902,ccgt,2030,31,22,22,0.0
2903,ccgt,2030,31,23,23,0.0
2904,ccgt,2030,31,24,24,0.0
2905,ccgt,2030,32,1,1,0.0
2906,ccgt,2030,32,2,2,0.0
2907,ccgt,2030,32,3,3,0.0
2908,ccgt,2030,32,4,4,0.0
2909,ccgt,2030,32,5,5,0.0
2910,ccgt,2030,32,6,6,0.0
2911,ccgt,2030,32,7,7,0.0
2912,ccgt,2030,32,8,8,0.0
2913,ccgt,2030,32,9,9,0.0
2914,ccgt,2030,32,10,10,0.0
2915,ccgt,2030,32,11,11,0.0
2916,ccgt,2030,32,12,12,0.0
2917,ccgt,2030,32,13,13,0.0
2918,ccgt,2030,32,14,14,0.0
2919,ccgt,2030,32,15,15,0.0
2920,ccgt,2030,32,16,16,0.0
2921,ccgt,2030,32,17,17,0.0
2922,ccgt,2030,32,18,18,0.0
2923,ccgt,2030,32,19,19,0.0
2924,ccgt,2030,32,20,20,0.0
2925,ccgt,2030,32,21,21,0.0
2926,ccgt,2030,32,22,22,0.0
2927,ccgt,2030,32,23,23,0.0
2928,ccgt,2030,32,24,24,0.0
2929,ccgt,2030,33,1,1,0.0
2930,ccgt,2030,33,2,2,0.0
2931,ccgt,2030,33,3,3,0.0
2932,ccgt,2030,33,4,4,0.0
2933,ccgt,2030,33,5,5,0.0
2934,ccgt,2030,33,6,6,0.0
2935,ccgt,2030,33,7,7,0.0
2936,ccgt,2030,33,8,8,0.0
2937,ccgt,2030,33,9,9,0.0
2938,ccgt,2030,33,10,10,0.0
2939,ccgt,2030,33,11,11,0.0
2940,ccgt,2030,33,12,12,0.0
2941,ccgt,2030,33,13,13,0.0
2942,ccgt,2030,33,14,14,0.0
2943,ccgt,2030,33,15,15,0.0
2944,ccgt,2030,33,16,16,0.0
2945,ccgt,2030,33,17,17,0.0
2946,ccgt,2030,33,18,18,0.0
2947,ccgt,2030,33,19,19,0.0
2948,ccgt,2030,33,20,20,0.0
2949,ccgt,2030,33,21,21,0.0
2950,ccgt,2030,33,22,22,0.0
2951,ccgt,2030,33,23,23,0.0
2952,ccgt,2030,33,24,24,0.0
2953,ccgt,2030,34,1,1,0.0
2954,ccgt,2030,34,2,2,0.0
2955,ccgt,2030,34,3,3,0.0
2956,ccgt,2030,34,4,4,0.0
2957,ccgt,2030,34,5,5,0.0
2958,ccgt,2030,34,6,6,0.0
2959,ccgt,2030,34,7,7,0.0
2960,ccgt,2030,34,8,8,0.0
2961,ccgt,2030,34,9,9,0.0
2962,ccgt,2030,34,10,10,0.0
2963,ccgt,2030,34,11,11,0.0
2964,ccgt,2030,34,12,12,0.0
2965,ccgt,2030,34,13,13,0.0
2966,ccgt,2030,34,14,14,0.0
2967,ccgt,2030,34,15,15,0.0
2968,ccgt,2030,34,16,16,0.0
2969,ccgt,2030,34,17,17,0.0
2970,ccgt,2030,34,18,18,0.0
2971,ccgt,2030,34,19,19,0.0
2972,ccgt,2030,34,20,20,0.0
2973,ccgt,2030,34,21,21,0.0
2974,ccgt,2030,34,22,22,0.0
2975,ccgt,2030,34,23,23,0.0
2976,ccgt,2030,34,24,24,0.0
2977,ccgt,2030,35,1,1,0.0
2978,ccgt,2030,35,2,2,0.0
2979,ccgt,2030,35,3,3,0.0
2980,ccgt,2030,35,4,4,0.0
2981,ccgt,2030,35,5,5,0.0
2982,ccgt,2030,35,6,6,0.0
2983,ccgt,2030,35,7,7,0.0
2984,ccgt,2030,35,8,8,0.0
2985,ccgt,2030,35,9,9,0.0
2986,ccgt,2030,35,10,10,0.0
2987,ccgt,2030,35,11,11,0.0
2988,ccgt,2030,35,12,12,0.0
2989,ccgt,2030,35,13,13,0.0
2990,ccgt,2030,35,14,14,0.0
2991,ccgt,2030,35,15,15,0.0
2992,ccgt,2030,35,16,16,0.0
2993,ccgt,2030,35,17,17,0.0
2994,ccgt,2030,35,18,18,0.0
2995,ccgt,2030,35,19,19,0.0
2996,ccgt,2030,35,20,20,0.0
2997,ccgt,2030,35,21,21,0.0
2998,ccgt,2030,35,22,22,0.0
2999,ccgt,2030,35,23,23,0.0
3000,ccgt,2030,35,24,24,0.0
3001,ccgt,2030,36,1,1,0.0
3002,ccgt,2030,36,2,2,0.0
3003,ccgt,2030,36,3,3,0.0
3004,ccgt,2030,36,4,4,0.0
3005,ccgt,2030,36,5,5,0.0
3006,ccgt,2030,36,6,6,0.0
3007,ccgt,2030,36,7,7,0.0
3008,ccgt,2030,36,8,8,0.0
3009,ccgt,2030,36,9,9,0.0
3010,ccgt,2030,36,10,10,0.0
3011,ccgt,2030,36,11,11,0.0
3012,ccgt,2030,36,12,12,0.0
3013,ccgt,2030,36,13,13,0.0
3014,ccgt,2030,36,14,14,0.0
3015,ccgt,2030,36,15,15,0.0
3016,ccgt,2030,36,16,16,0.0
3017,ccgt,2030,36,17,17,0.0
3018,ccgt,2030,36,18,18,0.0
3019,ccgt,2030,36,19,19,0.0
3020,ccgt,2030,36,20,20,0.0
3021,ccgt,2030,36,21,21,0.0
3022,ccgt,2030,36,22,22,0.0
3023,ccgt,2030,36,23,23,0.0
3024,ccgt,2030,36,24,24,0.0
3025,ccgt,2030,37,1,1,0.0
3026,ccgt,2030,37,2,2,0.0
3027,ccgt,2030,37,3,3,0.0
3028,ccgt,2030,37,4,4,0.0
3029,ccgt,2030,37,5,5,0.0
3030,ccgt,2030,37,6,6,0.0
3031,ccgt,2030,37,7,7,0.0
3032,ccgt,2030,37,8,8,0.0
3033,ccgt,2030,37,9,9,0.0
3034,ccgt,2030,37,10,10,0.0
3035,ccgt,2030,37,11,11,0.0
3036,ccgt,2030,37,12,12,0.0
3037,ccgt,2030,37,13,13,0.0
3038,ccgt,2030,37,14,14,0.0
3039,ccgt,2030,37,15,15,0.0
3040,ccgt,2030,37,16,16,0.0
3041,ccgt,2030,37,17,17,0.0
3042,ccgt,2030,37,18,18,0.0
3043,ccgt,2030,37,19,19,0.0
3044,ccgt,2030,37,20,20,0.0
3045,ccgt,2030,37,21,21,0.0
3046,ccgt,2030,37,22,22,0.0
3047,ccgt,2030,37,23,23,0.0
3048,ccgt,2030,37,24,24,0.0
3049,ccgt,2030,38,1,1,0.0
3050,ccgt,2030,38,2,2,0.0
3051,ccgt,2030,38,3,3,0.0
3052,ccgt,2030,38,4,4,0.0
3053,ccgt,2030,38,5,5,0.0
3054,ccgt,2030,38,6,6,0.0
3055,ccgt,2030,38,7,7,0.0
3056,ccgt,2030,38,8,8,0.0
3057,ccgt,2030,38,9,9,0.0
3058,ccgt,2030,38,10,10,0.0
3059,ccgt,2030,38,11,11,0.0
3060,ccgt,2030,38,12,12,0.0
3061,ccgt,2030,38,13,13,0.0
3062,ccgt,2030,38,14,14,0.0
3063,ccgt,2030,38,15,15,0.0
3064,ccgt,2030,38,16,16,0.0
3065,ccgt,2030,38,17,17,0.0
3066,ccgt,2030,38,18,18,0.0
3067,ccgt,2030,38,19,19,0.0
3068,ccgt,2030,38,20,20,0.0
3069,ccgt,2030,38,21,21,0.0
3070,ccgt,2030,38,22,22,0.0
3071,ccgt,2030,38,23,23,0.0
3072,ccgt,2030,38,24,24,0.0
3073,ccgt,2030,39,1,1,0.0
3074,ccgt,2030,39,2,2,0.0
3075,ccgt,2030,39,3,3,0.0
3076,ccgt,2030,39,4,4,0.0
3077,ccgt,2030,39,5,5,0.0
3078,ccgt,2030,39,6,6,0.0
3079,ccgt,2030,39,7,7,0.0
3080,ccgt,2030,39,8,8,0.0
3081,ccgt,2030,39,9,9,0.0
3082,ccgt,2030,39,10,10,0.0
3083,ccgt,2030,39,11,11,0.0
3084,ccgt,2030,39,12,12,0.0
3085,ccgt,2030,39,13,13,0.0
3086,ccgt,2030,39,14,14,0.0
3087,ccgt,2030,39,15,15,0.0
3088,ccgt,2030,39,16,16,0.0
3089,ccgt,2030,39,17,17,0.0
3090,ccgt,2030,39,18,18,0.0
3091,ccgt,2030,39,19,19,0.0
3092,ccgt,2030,39,20,20,0.0
3093,ccgt,2030,39,21,21,0.0
3094,ccgt,2030,39,22,22,0.0
3095,ccgt,2030,39,23,23,0.0
3096,ccgt,2030,39,24,24,0.0
3097,ccgt,2030,40,1,1,0.0
3098,ccgt,2030,40,2,2,0.0
3099,ccgt,2030,40,3,3,0.0
3100,ccgt,2030,40,4,4,0.0
3101,ccgt,2030,40,5,5,0.0
3102,ccgt,2030,40,6,6,0.0
3103,ccgt,2030,40,7,7,0.0
3104,ccgt,2030,40,8,8,0.0
3105,ccgt,2030,40,9,9,0.0
3106,ccgt,2030,40,10,10,0.0
3107,ccgt,2030,40,11,11,0.0
3108,ccgt,2030,40,12,12,0.0
3109,ccgt,2030,40,13,13,0.0
3110,ccgt,2030,40,14,14,0.0
3111,ccgt,2030,40,15,15,0.0
3112,ccgt,2030,40,16,16,0.0
3113,ccgt,2030,40,17,17,0.0
3114,ccgt,2030,40,18,18,0.0
3115,ccgt,2030,40,19,19,0.0
3116,ccgt,2030,40,20,20,0.0
3117,ccgt,2030,40,21,21,0.0
3118,ccgt,2030,40,22,22,0.0
3119,ccgt,2030,40,23,23,0.0
3120,ccgt,2030,40,24,24,0.0
3121,ccgt,2030,41,1,1,0.0
3122,ccgt,2030,41,2,2,0.0
3123,ccgt,2030,41,3,3,0.0
3124,ccgt,2030,41,4,4,0.0
3125,ccgt,2030,41,5,5,0.0
3126,ccgt,2030,41,6,6,0.0
3127,ccgt,2030,41,7,7,0.0
3128,ccgt,2030,41,8,8,0.0
3129,ccgt,2030,41,9,9,0.0
3130,ccgt,2030,41,10,10,0.0
3131,ccgt,2030,41,11,11,0.0
3132,ccgt,2030,41,12,12,0.0
3133,ccgt,2030,41,13,13,0.0
3134,ccgt,2030,41,14,14,0.0
3135,ccgt,2030,41,15,15,0.0
3136,ccgt,2030,41,16,16,0.0
3137,ccgt,2030,41,17,17,0.0
3138,ccgt,2030,41,18,18,3.3306690738754696e-16
3139,ccgt,2030,41,19,19,3.3306690738754696e-16
3140,ccgt,2030,41,20,20,-0.01977896437889365
3141,ccgt,2030,41,21,21,-0.01977896437889365
3142,ccgt,2030,41,22,22,0.0
3143,ccgt,2030,41,23,23,0.0
3144,ccgt,2030,41,24,24,0.0
3145,ccgt,2030,42,1,1,0.0
3146,ccgt,2030,42,2,2,0.0
3147,ccgt,2030,42,3,3,0.0
3148,ccgt,2030,42,4,4,0.0
3149,ccgt,2030,42,5,5,0.0
3150,ccgt,2030,42,6,6,0.0
3151,ccgt,2030,42,7,7,0.0
3152,ccgt,2030,42,8,8,0.0
3153,ccgt,2030,42,9,9,0.0
3154,ccgt,2030,42,10,10,0.0
3155,ccgt,2030,42,11,11,0.0
3156,ccgt,2030,42,12,12,0.0
3157,ccgt,2030,42,13,13,0.0
3158,ccgt,2030,42,14,14,0.0
3159,ccgt,2030,42,15,15,0.0
3160,ccgt,2030,42,16,16,0.0
3161,ccgt,2030,42,17,17,0.0
3162,ccgt,2030,42,18,18,0.0
3163,ccgt,2030,42,19,19,1.6653345369377348e-15
3164,ccgt,2030,42,20,20,0.0
3165,ccgt,2030,42,21,21,0.0
3166,ccgt,2030,42,22,22,0.0
3167,ccgt,2030,42,23,23,0.0
3168,ccgt,2030,42,24,24,0.0
3169,ccgt,2030,43,1,1,0.0
3170,ccgt,2030,43,2,2,0.0
3171,ccgt,2030,43,3,3,0.0
3172,ccgt,2030,43,4,4,0.0
3173,ccgt,2030,43,5,5,0.0
3174,ccgt,2030,43,6,6,0.0
3175,ccgt,2030,43,7,7,0.0
3176,ccgt,2030,43,8,8,0.0
3177,ccgt,2030,43,9,9,0.0
3178,ccgt,2030,43,10,10,0.0
3179,ccgt,2030,43,11,11,0.0
3180,ccgt,2030,43,12,12,0.0
3181,ccgt,2030,43,13,13,0.0
3182,ccgt,2030,43,14,14,0.0
3183,ccgt,2030,43,15,15,0.0
3184,ccgt,2030,43,16,16,0.0
3185,ccgt,2030,43,17,17,0.0
3186,ccgt,2030,43,18,18,0.0
3187,ccgt,2030,43,19,19,0.0
3188,ccgt,2030,43,20,20,0.0
3189,ccgt,2030,43,21,21,0.0
3190,ccgt,2030,43,22,22,0.0
3191,ccgt,2030,43,23,23,0.0
3192,ccgt,2030,43,24,24,0.0
3193,ccgt,2030,44,1,1,0.0
3194,ccgt,2030,44,2,2,0.0
3195,ccgt,2030,44,3,3,0.0
3196,ccgt,2030,44,4,4,0.0
3197,ccgt,2030,44,5,5,0.0
3198,ccgt,2030,44,6,6,0.0
3199,ccgt,2030,44,7,7,0.0
3200,ccgt,2030,44,8,8,0.0
3201,ccgt,2030,44,9,9,0.0
3202,ccgt,2030,44,10,10,0.0
3203,ccgt,2030,44,11,11,0.0
3204,ccgt,2030,44,12,12,0.0
3205,ccgt,2030,44,13,13,0.0
3206,ccgt,2030,44,14,14,0.0
3207,ccgt,2030,44,15,15,0.0
3208,ccgt,2030,44,16,16,0.0
3209,ccgt,2030,44,17,17,0.0
3210,ccgt,2030,44,18,18,0.0
3211,ccgt,2030,44,19,19,0.0
3212,ccgt,2030,44,20,20,0.0
3213,ccgt,2030,44,21,21,0.0
3214,ccgt,2030,44,22,22,0.0
3215,ccgt,2030,44,23,23,0.0
3216,ccgt,2030,44,24,24,0.0
3217,ccgt,2030,45,1,1,0.0
3218,ccgt,2030,45,2,2,0.0
3219,ccgt,2030,45,3,3,0.0
3220,ccgt,2030,45,4,4,0.0
3221,ccgt,2030,45,5,5,0.0
3222,ccgt,2030,45,6,6,0.0
3223,ccgt,2030,45,7,7,0.0
3224,ccgt,2030,45,8,8,0.0
3225,ccgt,2030,45,9,9,0.0
3226,ccgt,2030,45,10,10,0.0
3227,ccgt,2030,45,11,11,0.0
3228,ccgt,2030,45,12,12,0.0
3229,ccgt,2030,45,13,13,0.0
3230,ccgt,2030,45,14,14,0.0
3231,ccgt,2030,45,15,15,0.0
3232,ccgt,2030,45,16,16,0.0
3233,ccgt,2030,45,17,17,0.0
3234,ccgt,2030,45,18,18,0.0
3235,ccgt,2030,45,19,19,0.0
3236,ccgt,2030,45,20,20,0.0
3237,ccgt,2030,45,21,21,3.3306690738754696e-16
3238,ccgt,2030,45,22,22,0.0
3239,ccgt,2030,45,23,23,0.0
3240,ccgt,2030,45,24,24,0.0
3241,ccgt,2030,46,1,1,0.0
3242,ccgt,2030,46,2,2,0.0
3243,ccgt,2030,46,3,3,0.0
3244,ccgt,2030,46,4,4,0.0
3245,ccgt,2030,46,5,5,0.0
3246,ccgt,2030,46,6,6,0.0
3247,ccgt,2030,46,7,7,0.0
3248,ccgt,2030,46,8,8,0.0
3249,ccgt,2030,46,9,9,0.0
3250,ccgt,2030,46,10,10,0.0
3251,ccgt,2030,46,11,11,0.0
3252,ccgt,2030,46,12,12,0.0
3253,ccgt,2030,46,13,13,0.0
3254,ccgt,2030,46,14,14,0.0
3255,ccgt,2030,46,15,15,0.0
3256,ccgt,2030,46,16,16,0.0
3257,ccgt,2030,46,17,17,0.0
3258,ccgt,2030,46,18,18,0.0
3259,ccgt,2030,46,19,19,0.0
3260,ccgt,2030,46,20,20,0.0
3261,ccgt,2030,46,21,21,0.0
3262,ccgt,2030,46,22,22,0.0
3263,ccgt,2030,46,23,23,0.0
3264,ccgt,2030,46,24,24,0.0
3265,ccgt,2030,47,1,1,0.0
3266,ccgt,2030,47,2,2,0.0
3267,ccgt,2030,47,3,3,0.0
3268,ccgt,2030,47,4,4,0.0
3269,ccgt,2030,47,5,5,0.0
3270,ccgt,2030,47,6,6,0.0
3271,ccgt,2030,47,7,7,0.0
3272,ccgt,2030,47,8,8,0.0
3273,ccgt,2030,47,9,9,0.0
3274,ccgt,2030,47,10,10,0.0
3275,ccgt,2030,47,11,11,0.0
3276,ccgt,2030,47,12,12,0.0
3277,ccgt,2030,47,13,13,0.0
3278,ccgt,2030,47,14,14,0.0
3279,ccgt,2030,47,15,15,0.0
3280,ccgt,2030,47,16,16,0.0
3281,ccgt,2030,47,17,17,0.0
3282,ccgt,2030,47,18,18,0.0
3283,ccgt,2030,47,19,19,0.0
3284,ccgt,2030,47,20,20,0.0
3285,ccgt,2030,47,21,21,0.0
3286,ccgt,2030,47,22,22,0.0
3287,ccgt,2030,47,23,23,0.0
3288,ccgt,2030,47,24,24,0.0
3289,ccgt,2030,48,1,1,0.0
3290,ccgt,2030,48,2,2,0.0
3291,ccgt,2030,48,3,3,0.0
3292,ccgt,2030,48,4,4,0.0
3293,ccgt,2030,48,5,5,0.0
3294,ccgt,2030,48,6,6,0.0
3295,ccgt,2030,48,7,7,0.0
3296,ccgt,2030,48,8,8,0.0
3297,ccgt,2030,48,9,9,0.0
3298,ccgt,2030,48,10,10,0.0
3299,ccgt,2030,48,11,11,0.0
3300,ccgt,2030,48,12,12,0.0
3301,ccgt,2030,48,13,13,0.0
3302,ccgt,2030,48,14,14,0.0
3303,ccgt,2030,48,15,15,0.0
3304,ccgt,2030,48,16,16,0.0
3305,ccgt,2030,48,17,17,0.0
3306,ccgt,2030,48,18,18,0.0
3307,ccgt,2030,48,19,19,0.0
3308,ccgt,2030,48,20,20,0.0
3309,ccgt,2030,48,21,21,0.0
3310,ccgt,2030,48,22,22,0.0
3311,ccgt,2030,48,23,23,0.0
3312,ccgt,2030,48,24,24,0.0
3313,ccgt,2030,49,1,1,0.0
3314,ccgt,2030,49,2,2,0.0
3315,ccgt,2030,49,3,3,0.0
3316,ccgt,2030,49,4,4,0.0
3317,ccgt,2030,49,5,5,0.0
3318,ccgt,2030,49,6,6,0.0
3319,ccgt,2030,49,7,7,0.0
3320,ccgt,2030,49,8,8,0.0
3321,ccgt,2030,49,9,9,0.0
3322,ccgt,2030,49,10,10,0.0
3323,ccgt,2030,49,11,11,0.0
3324,ccgt,2030,49,12,12,0.0
3325,ccgt,2030,49,13,13,0.0
3326,ccgt,2030,49,14,14,0.0
3327,ccgt,2030,49,15,15,0.0
3328,ccgt,2030,49,16,16,0.0
3329,ccgt,2030,49,17,17,0.0
3330,ccgt,2030,49,18,18,0.0
3331,ccgt,2030,49,19,19,0.0
3332,ccgt,2030,49,20,20,0.0
3333,ccgt,2030,49,21,21,0.0
3334,ccgt,2030,49,22,22,0.0
3335,ccgt,2030,49,23,23,0.0
3336,ccgt,2030,49,24,24,0.0
3337,ccgt,2030,50,1,1,0.0
3338,ccgt,2030,50,2,2,0.0
3339,ccgt,2030,50,3,3,0.0
3340,ccgt,2030,50,4,4,0.0
3341,ccgt,2030,50,5,5,0.0
3342,ccgt,2030,50,6,6,0.0
3343,ccgt,2030,50,7,7,0.0
3344,ccgt,2030,50,8,8,0.0
3345,ccgt,2030,50,9,9,0.0
3346,ccgt,2030,50,10,10,0.0
3347,ccgt,2030,50,11,11,0.0
3348,ccgt,2030,50,12,12,0.0
3349,ccgt,2030,50,13,13,0.0
3350,ccgt,2030,50,14,14,0.0
3351,ccgt,2030,50,15,15,0.0
3352,ccgt,2030,50,16,16,0.0
3353,ccgt,2030,50,17,17,0.0
3354,ccgt,2030,50,18,18,0.0
3355,ccgt,2030,50,19,19,0.0
3356,ccgt,2030,50,20,20,0.0
3357,ccgt,2030,50,21,21,0.0
3358,ccgt,2030,50,22,22,0.0
3359,ccgt,2030,50,23,23,0.0
3360,ccgt,2030,50,24,24,0.0
3361,ccgt,2030,51,1,1,0.0
3362,ccgt,2030,51,2,2,0.0
3363,ccgt,2030,51,3,3,0.0
3364,ccgt,2030,51,4,4,0.0
3365,ccgt,2030,51,5,5,0.0
3366,ccgt,2030,51,6,6,0.0
3367,ccgt,2030,51,7,7,0.0
3368,ccgt,2030,51,8,8,0.0
3369,ccgt,2030,51,9,9,0.0
3370,ccgt,2030,51,10,10,0.0
3371,ccgt,2030,51,11,11,0.0
3372,ccgt,2030,51,12,12,0.0
3373,ccgt,2030,51,13,13,0.0
3374,ccgt,2030,51,14,14,0.0
3375,ccgt,2030,51,15,15,0.0
3376,ccgt,2030,51,16,16,0.0
3377,ccgt,2030,51,17,17,0.0
3378,ccgt,2030,51,18,18,0.0
3379,ccgt,2030,51,19,19,0.0
3380,ccgt,2030,51,20,20,0.0
3381,ccgt,2030,51,21,21,0.0
3382,ccgt,2030,51,22,22,0.0
3383,ccgt,2030,51,23,23,0.0
3384,ccgt,2030,51,24,24,0.0
3385,ccgt,2030,52,1,1,0.0
3386,ccgt,2030,52,2,2,0.0
3387,ccgt,2030,52,3,3,0.0
3388,ccgt,2030,52,4,4,0.0
3389,ccgt,2030,52,5,5,0.0
3390,ccgt,2030,52,6,6,0.0
3391,ccgt,2030,52,7,7,0.0
3392,ccgt,2030,52,8,8,0.0
3393,ccgt,2030,52,9,9,0.0
3394,ccgt,2030,52,10,10,0.0
3395,ccgt,2030,52,11,11,0.0
3396,ccgt,2030,52,12,12,0.0
3397,ccgt,2030,52,13,13,0.0
3398,ccgt,2030,52,14,14,0.0
3399,ccgt,2030,52,15,15,0.0
3400,ccgt,2030,52,16,16,0.0
3401,ccgt,2030,52,17,17,0.0
3402,ccgt,2030,52,18,18,0.0
3403,ccgt,2030,52,19,19,0.0
3404,ccgt,2030,52,20,20,0.0
3405,ccgt,2030,52,21,21,0.0
3406,ccgt,2030,52,22,22,0.0
3407,ccgt,2030,52,23,23,0.0
3408,ccgt,2030,52,24,24,0.0
3409,ccgt,2030,53,1,1,0.0
3410,ccgt,2030,53,2,2,0.0
3411,ccgt,2030,53,3,3,0.0
3412,ccgt,2030,53,4,4,0.0
3413,ccgt,2030,53,5,5,0.0
3414,ccgt,2030,53,6,6,0.0
3415,ccgt,2030,53,7,7,0.0
3416,ccgt,2030,53,8,8,0.0
3417,ccgt,2030,53,9,9,0.0
3418,ccgt,2030,53,10,10,0.0
3419,ccgt,2030,53,11,11,0.0
3420,ccgt,2030,53,12,12,0.0
3421,ccgt,2030,53,13,13,0.0
3422,ccgt,2030,53,14,14,0.0
3423,ccgt,2030,53,15,15,0.0
3424,ccgt,2030,53,16,16,0.0
3425,ccgt,2030,53,17,17,0.0
3426,ccgt,2030,53,18,18,0.0
3427,ccgt,2030,53,19,19,0.0
3428,ccgt,2030,53,20,20,0.0
3429,ccgt,2030,53,21,21,0.0
3430,ccgt,2030,53,22,22,0.0
3431,ccgt,2030,53,23,23,0.0
3432,ccgt,2030,53,24,24,0.0
3433,ccgt,2030,54,1,1,0.0
3434,ccgt,2030,54,2,2,0.0
3435,ccgt,2030,54,3,3,0.0
3436,ccgt,2030,54,4,4,0.0
3437,ccgt,2030,54,5,5,0.0
3438,ccgt,2030,54,6,6,0.0
3439,ccgt,2030,54,7,7,0.0
3440,ccgt,2030,54,8,8,0.0
3441,ccgt,2030,54,9,9,0.0
3442,ccgt,2030,54,10,10,0.0
3443,ccgt,2030,54,11,11,0.0
3444,ccgt,2030,54,12,12,0.0
3445,ccgt,2030,54,13,13,0.0
3446,ccgt,2030,54,14,14,0.0
3447,ccgt,2030,54,15,15,0.0
3448,ccgt,2030,54,16,16,0.0
3449,ccgt,2030,54,17,17,0.0
3450,ccgt,2030,54,18,18,0.0
3451,ccgt,2030,54,19,19,0.0
3452,ccgt,2030,54,20,20,0.0
3453,ccgt,2030,54,21,21,-0.025154232961210055
3454,ccgt,2030,54,22,22,0.0
3455,ccgt,2030,54,23,23,0.0
3456,ccgt,2030,54,24,24,8.881784197001252e-16
3457,ccgt,2030,55,1,1,0.0
3458,ccgt,2030,55,2,2,0.0
3459,ccgt,2030,55,3,3,0.0
3460,ccgt,2030,55,4,4,0.0
3461,ccgt,2030,55,5,5,0.0
3462,ccgt,2030,55,6,6,0.0
3463,ccgt,2030,55,7,7,0.0
3464,ccgt,2030,55,8,8,0.0
3465,ccgt,2030,55,9,9,0.0
3466,ccgt,2030,55,10,10,0.0
3467,ccgt,2030,55,11,11,0.0
3468,ccgt,2030,55,12,12,0.0
3469,ccgt,2030,55,13,13,0.0
3470,ccgt,2030,55,14,14,0.0
3471,ccgt,2030,55,15,15,0.0
3472,ccgt,2030,55,16,16,0.0
3473,ccgt,2030,55,17,17,0.0
3474,ccgt,2030,55,18,18,0.0
3475,ccgt,2030,55,19,19,0.0
3476,ccgt,2030,55,20,20,0.0
3477,ccgt,2030,55,21,21,0.0
3478,ccgt,2030,55,22,22,0.0
3479,ccgt,2030,55,23,23,0.0
3480,ccgt,2030,55,24,24,0.0
3481,ccgt,2030,56,1,1,0.0
3482,ccgt,2030,56,2,2,0.0
3483,ccgt,2030,56,3,3,0.0
3484,ccgt,2030,56,4,4,0.0
3485,ccgt,2030,56,5,5,0.0
3486,ccgt,2030,56,6,6,0.0
3487,ccgt,2030,56,7,7,0.0
3488,ccgt,2030,56,8,8,0.0
3489,ccgt,2030,56,9,9,0.0
3490,ccgt,2030,56,10,10,0.0
3491,ccgt,2030,56,11,11,0.0
3492,ccgt,2030,56,12,12,0.0
3493,ccgt,2030,56,13,13,0.0
3494,ccgt,2030,56,14,14,0.0
3495,ccgt,2030,56,15,15,0.0
3496,ccgt,2030,56,16,16,0.0
3497,ccgt,2030,56,17,17,0.0
3498,ccgt,2030,56,18,18,0.0
3499,ccgt,2030,56,19,19,0.0
3500,ccgt,2030,56,20,20,0.0
3501,ccgt,2030,56,21,21,0.0
3502,ccgt,2030,56,22,22,0.0
3503,ccgt,2030,56,23,23,0.0
3504,ccgt,2030,56,24,24,0.0
3505,ccgt,2030,57,1,1,0.0
3506,ccgt,2030,57,2,2,0.0
3507,ccgt,2030,57,3,3,0.0
3508,ccgt,2030,57,4,4,0.0
3509,ccgt,2030,57,5,5,0.0
3510,ccgt,2030,57,6,6,0.0
3511,ccgt,2030,57,7,7,0.0
3512,ccgt,2030,57,8,8,0.0
3513,ccgt,2030,57,9,9,0.0
3514,ccgt,2030,57,10,10,0.0
3515,ccgt,2030,57,11,11,0.0
3516,ccgt,2030,57,12,12,0.0
3517,ccgt,2030,57,13,13,0.0
3518,ccgt,2030,57,14,14,0.0
3519,ccgt,2030,57,15,15,0.0
3520,ccgt,2030,57,16,16,0.0
3521,ccgt,2030,57,17,17,0.0
3522,ccgt,2030,57,18,18,0.0
3523,ccgt,2030,57,19,19,0.0
3524,ccgt,2030,57,20,20,0.0
3525,ccgt,2030,57,21,21,0.0
3526,ccgt,2030,57,22,22,0.0
3527,ccgt,2030,57,23,23,0.0
3528,ccgt,2030,57,24,24,0.0
3529,ccgt,2030,58,1,1,0.0
3530,ccgt,2030,58,2,2,0.0
3531,ccgt,2030,58,3,3,0.0
3532,ccgt,2030,58,4,4,0.0
3533,ccgt,2030,58,5,5,0.0
3534,ccgt,2030,58,6,6,0.0
3535,ccgt,2030,58,7,7,0.0
3536,ccgt,2030,58,8,8,0.0
3537,ccgt,2030,58,9,9,0.0
3538,ccgt,2030,58,10,10,0.0
3539,ccgt,2030,58,11,11,0.0
3540,ccgt,2030,58,12,12,0.0
3541,ccgt,2030,58,13,13,0.0
3542,ccgt,2030,58,14,14,0.0
3543,ccgt,2030,58,15,15,0.0
3544,ccgt,2030,58,16,16,0.0
3545,ccgt,2030,58,17,17,0.0
3546,ccgt,2030,58,18,18,0.0
3547,ccgt,2030,58,19,19,0.0
3548,ccgt,2030,58,20,20,0.0
3549,ccgt,2030,58,21,21,0.0
3550,ccgt,2030,58,22,22,0.0
3551,ccgt,2030,58,23,23,0.0
3552,ccgt,2030,58,24,24,0.0
3553,ccgt,2030,59,1,1,0.0
3554,ccgt,2030,59,2,2,0.0
3555,ccgt,2030,59,3,3,0.0
3556,ccgt,2030,59,4,4,0.0
3557,ccgt,2030,59,5,5,0.0
3558,ccgt,2030,59,6,6,0.0
3559,ccgt,2030,59,7,7,0.0
3560,ccgt,2030,59,8,8,0.0
3561,ccgt,2030,59,9,9,0.0
3562,ccgt,2030,59,10,10,0.0
3563,ccgt,2030,59,11,11,0.0
3564,ccgt,2030,59,12,12,0.0
3565,ccgt,2030,59,13,13,0.0
3566,ccgt,2030,59,14,14,0.0
3567,ccgt,2030,59,15,15,0.0
3568,ccgt,2030,59,16,16,0.0
3569,ccgt,2030,59,17,17,0.0
3570,ccgt,2030,59,18,18,0.0
3571,ccgt,2030,59,19,19,0.0
3572,ccgt,2030,59,20,20,0.0
3573,ccgt,2030,59,21,21,0.0
3574,ccgt,2030,59,22,22,0.0
3575,ccgt,2030,59,23,23,0.0
3576,ccgt,2030,59,24,24,0.0
3577,ccgt,2030,60,1,1,0.0
3578,ccgt,2030,60,2,2,0.0
3579,ccgt,2030,60,3,3,0.0
3580,ccgt,2030,60,4,4,0.0
3581,ccgt,2030,60,5,5,0.0
3582,ccgt,2030,60,6,6,0.0
3583,ccgt,2030,60,7,7,0.0
3584,ccgt,2030,60,8,8,0.0
3585,ccgt,2030,60,9,9,0.0
3586,ccgt,2030,60,10,10,0.0
3587,ccgt,2030,60,11,11,0.0
3588,ccgt,2030,60,12,12,0.0
3589,ccgt,2030,60,13,13,0.0
3590,ccgt,2030,60,14,14,0.0
3591,ccgt,2030,60,15,15,0.0
3592,ccgt,2030,60,16,16,0.0
3593,ccgt,2030,60,17,17,0.0
3594,ccgt,2030,60,18,18,0.0
3595,ccgt,2030,60,19,19,0.0
3596,ccgt,2030,60,20,20,0.0
3597,ccgt,2030,60,21,21,0.0
3598,ccgt,2030,60,22,22,0.0
3599,ccgt,2030,60,23,23,0.0
3600,ccgt,2030,60,24,24,0.0
3601,ccgt,2030,61,1,1,0.0
3602,ccgt,2030,61,2,2,0.0
3603,ccgt,2030,61,3,3,0.0
3604,ccgt,2030,61,4,4,0.0
3605,ccgt,2030,61,5,5,0.0
3606,ccgt,2030,61,6,6,0.0
3607,ccgt,2030,61,7,7,0.0
3608,ccgt,2030,61,8,8,0.0
3609,ccgt,2030,61,9,9,0.0
3610,ccgt,2030,61,10,10,0.0
3611,ccgt,2030,61,11,11,0.0
3612,ccgt,2030,61,12,12,0.0
3613,ccgt,2030,61,13,13,0.0
3614,ccgt,2030,61,14,14,0.0
3615,ccgt,2030,61,15,15,0.0
3616,ccgt,2030,61,16,16,0.0
3617,ccgt,2030,61,17,17,0.0
3618,ccgt,2030,61,18,18,0.0
3619,ccgt,2030,61,19,19,0.0
3620,ccgt,2030,61,20,20,0.0
3621,ccgt,2030,61,21,21,0.0
3622,ccgt,2030,61,22,22,0.0
3623,ccgt,2030,61,23,23,0.0
3624,ccgt,2030,61,24,24,0.0
3625,ccgt,2030,62,1,1,0.0
3626,ccgt,2030,62,2,2,0.0
3627,ccgt,2030,62,3,3,0.0
3628,ccgt,2030,62,4,4,0.0
3629,ccgt,2030,62,5,5,0.0
3630,ccgt,2030,62,6,6,0.0
3631,ccgt,2030,62,7,7,0.0
3632,ccgt,2030,62,8,8,0.0
3633,ccgt,2030,62,9,9,0.0
3634,ccgt,2030,62,10,10,0.0
3635,ccgt,2030,62,11,11,0.0
3636,ccgt,2030,62,12,12,0.0
3637,ccgt,2030,62,13,13,0.0
3638,ccgt,2030,62,14,14,0.0
3639,ccgt,2030,62,15,15,0.0
3640,ccgt,2030,62,16,16,0.0
3641,ccgt,2030,62,17,17,0.0
3642,ccgt,2030,62,18,18,0.0
3643,ccgt,2030,62,19,19,0.0
3644,ccgt,2030,62,20,20,0.0
3645,ccgt,2030,62,21,21,0.0
3646,ccgt,2030,62,22,22,0.0
3647,ccgt,2030,62,23,23,0.0
3648,ccgt,2030,62,24,24,0.0
3649,ccgt,2030,63,1,1,0.0
3650,ccgt,2030,63,2,2,0.0
3651,ccgt,2030,63,3,3,0.0
3652,ccgt,2030,63,4,4,0.0
3653,ccgt,2030,63,5,5,0.0
3654,ccgt,2030,63,6,6,0.0
3655,ccgt,2030,63,7,7,0.0
3656,ccgt,2030,63,8,8,0.0
3657,ccgt,2030,63,9,9,0.0
3658,ccgt,2030,63,10,10,0.0
3659,ccgt,2030,63,11,11,0.0
3660,ccgt,2030,63,12,12,0.0
3661,ccgt,2030,63,13,13,0.0
3662,ccgt,2030,63,14,14,0.0
3663,ccgt,2030,63,15,15,0.0
3664,ccgt,2030,63,16,16,0.0
3665,ccgt,2030,63,17,17,0.0
3666,ccgt,2030,63,18,18,0.0
3667,ccgt,2030,63,19,19,0.0
3668,ccgt,2030,63,20,20,0.0
3669,ccgt,2030,63,21,21,0.0
3670,ccgt,2030,63,22,22,0.0
3671,ccgt,2030,63,23,23,0.0
3672,ccgt,2030,63,24,24,0.0
3673,ccgt,2030,64,1,1,0.0
3674,ccgt,2030,64,2,2,0.0
3675,ccgt,2030,64,3,3,0.0
3676,ccgt,2030,64,4,4,0.0
3677,ccgt,2030,64,5,5,0.0
3678,ccgt,2030,64,6,6,0.0
3679,ccgt,2030,64,7,7,0.0
3680,ccgt,2030,64,8,8,0.0
3681,ccgt,2030,64,9,9,0.0
3682,ccgt,2030,64,10,10,0.0
3683,ccgt,2030,64,11,11,0.0
3684,ccgt,2030,64,12,12,0.0
3685,ccgt,2030,64,13,13,0.0
3686,ccgt,2030,64,14,14,0.0
3687,ccgt,2030,64,15,15,0.0
3688,ccgt,2030,64,16,16,0.0
3689,ccgt,2030,64,17,17,0.0
3690,ccgt,2030,64,18,18,0.0
3691,ccgt,2030,64,19,19,0.0
3692,ccgt,2030,64,20,20,0.0
3693,ccgt,2030,64,21,21,0.0
3694,ccgt,2030,64,22,22,0.0
3695,ccgt,2030,64,23,23,0.0
3696,ccgt,2030,64,24,24,0.0
3697,ccgt,2030,65,1,1,0.0
3698,ccgt,2030,65,2,2,0.0
3699,ccgt,2030,65,3,3,0.0
3700,ccgt,2030,65,4,4,0.0
3701,ccgt,2030,65,5,5,0.0
3702,ccgt,2030,65,6,6,0.0
3703,ccgt,2030,65,7,7,0.0
3704,ccgt,2030,65,8,8,0.0
3705,ccgt,2030,65,9,9,0.0
3706,ccgt,2030,65,10,10,0.0
3707,ccgt,2030,65,11,11,0.0
3708,ccgt,2030,65,12,12,0.0
3709,ccgt,2030,65,13,13,0.0
3710,ccgt,2030,65,14,14,0.0
3711,ccgt,2030,65,15,15,0.0
3712,ccgt,2030,65,16,16,0.0
3713,ccgt,2030,65,17,17,0.0
3714,ccgt,2030,65,18,18,0.0
3715,ccgt,2030,65,19,19,0.0
3716,ccgt,2030,65,20,20,0.0
3717,ccgt,2030,65,21,21,0.0
3718,ccgt,2030,65,22,22,0.0
3719,ccgt,2030,65,23,23,0.0
3720,ccgt,2030,65,24,24,0.0
3721,ccgt,2030,66,1,1,0.0
3722,ccgt,2030,66,2,2,0.0
3723,ccgt,2030,66,3,3,0.0
3724,ccgt,2030,66,4,4,0.0
3725,ccgt,2030,66,5,5,0.0
3726,ccgt,2030,66,6,6,0.0
3727,ccgt,2030,66,7,7,0.0
3728,ccgt,2030,66,8,8,0.0
3729,ccgt,2030,66,9,9,0.0
3730,ccgt,2030,66,10,10,0.0
3731,ccgt,2030,66,11,11,0.0
3732,ccgt,2030,66,12,12,0.0
3733,ccgt,2030,66,13,13,0.0
3734,ccgt,2030,66,14,14,0.0
3735,ccgt,2030,66,15,15,0.0
3736,ccgt,2030,66,16,16,0.0
3737,ccgt,2030,66,17,17,0.0
3738,ccgt,2030,66,18,18,0.0
3739,ccgt,2030,66,19,19,0.0
3740,ccgt,2030,66,20,20,0.0
3741,ccgt,2030,66,21,21,0.0
3742,ccgt,2030,66,22,22,0.0
3743,ccgt,2030,66,23,23,0.0
3744,ccgt,2030,66,24,24,0.0
3745,ccgt,2030,67,1,1,0.0
3746,ccgt,2030,67,2,2,0.0
3747,ccgt,2030,67,3,3,0.0
3748,ccgt,2030,67,4,4,0.0
3749,ccgt,2030,67,5,5,0.0
3750,ccgt,2030,67,6,6,0.0
3751,ccgt,2030,67,7,7,0.0
3752,ccgt,2030,67,8,8,0.0
3753,ccgt,2030,67,9,9,0.0
3754,ccgt,2030,67,10,10,0.0
3755,ccgt,2030,67,11,11,0.0
3756,ccgt,2030,67,12,12,0.0
3757,ccgt,2030,67,13,13,0.0
3758,ccgt,2030,67,14,14,0.0
3759,ccgt,2030,67,15,15,0.0
3760,ccgt,2030,67,16,16,0.0
3761,ccgt,2030,67,17,17,0.0
3762,ccgt,2030,67,18,18,0.0
3763,ccgt,2030,67,19,19,0.0
3764,ccgt,2030,67,20,20,0.0
3765,ccgt,2030,67,21,21,0.0
3766,ccgt,2030,67,22,22,0.0
3767,ccgt,2030,67,23,23,0.0
3768,ccgt,2030,67,24,24,0.0
3769,ccgt,2030,68,1,1,0.0
3770,ccgt,2030,68,2,2,0.0
3771,ccgt,2030,68,3,3,0.0
3772,ccgt,2030,68,4,4,0.0
3773,ccgt,2030,68,5,5,0.0
3774,ccgt,2030,68,6,6,0.0
3775,ccgt,2030,68,7,7,0.0
3776,ccgt,2030,68,8,8,0.0
3777,ccgt,2030,68,9,9,0.0
3778,ccgt,2030,68,10,10,0.0
3779,ccgt,2030,68,11,11,0.0
3780,ccgt,2030,68,12,12,0.0
3781,ccgt,2030,68,13,13,0.0
3782,ccgt,2030,68,14,14,0.0
3783,ccgt,2030,68,15,15,0.0
3784,ccgt,2030,68,16,16,0.0
3785,ccgt,2030,68,17,17,0.0
3786,ccgt,2030,68,18,18,0.0
3787,ccgt,2030,68,19,19,0.0
3788,ccgt,2030,68,20,20,0.0
3789,ccgt,2030,68,21,21,0.0
3790,ccgt,2030,68,22,22,0.0
3791,ccgt,2030,68,23,23,0.0
3792,ccgt,2030,68,24,24,0.0
3793,ccgt,2030,69,1,1,0.0
3794,ccgt,2030,69,2,2,0.0
3795,ccgt,2030,69,3,3,0.0
3796,ccgt,2030,69,4,4,0.0
3797,ccgt,2030,69,5,5,0.0
3798,ccgt,2030,69,6,6,0.0
3799,ccgt,2030,69,7,7,0.0
3800,ccgt,2030,69,8,8,0.0
3801,ccgt,2030,69,9,9,0.0
3802,ccgt,2030,69,10,10,0.0
3803,ccgt,2030,69,11,11,0.0
3804,ccgt,2030,69,12,12,0.0
3805,ccgt,2030,69,13,13,0.0
3806,ccgt,2030,69,14,14,0.0
3807,ccgt,2030,69,15,15,0.0
3808,ccgt,2030,69,16,16,0.0
3809,ccgt,2030,69,17,17,0.0
3810,ccgt,2030,69,18,18,0.0
3811,ccgt,2030,69,19,19,0.0
3812,ccgt,2030,69,20,20,0.0
3813,ccgt,2030,69,21,21,0.0
3814,ccgt,2030,69,22,22,0.0
3815,ccgt,2030,69,23,23,0.0
3816,ccgt,2030,69,24,24,0.0
3817,ccgt,2030,70,1,1,0.0
3818,ccgt,2030,70,2,2,0.0
3819,ccgt,2030,70,3,3,0.0
3820,ccgt,2030,70,4,4,0.0
3821,ccgt,2030,70,5,5,0.0
3822,ccgt,2030,70,6,6,0.0
3823,ccgt,2030,70,7,7,0.0
3824,ccgt,2030,70,8,8,0.0
3825,ccgt,2030,70,9,9,0.0
3826,ccgt,2030,70,10,10,0.0
3827,ccgt,2030,70,11,11,0.0
3828,ccgt,2030,70,12,12,0.0
3829,ccgt,2030,70,13,13,0.0
3830,ccgt,2030,70,14,14,0.0
3831,ccgt,2030,70,15,15,0.0
3832,ccgt,2030,70,16,16,0.0
3833,ccgt,2030,70,17,17,0.0
3834,ccgt,2030,70,18,18,0.0
3835,ccgt,2030,70,19,19,0.0
3836,ccgt,2030,70,20,20,0.0
3837,ccgt,2030,70,21,21,0.0
3838,ccgt,2030,70,22,22,0.0
3839,ccgt,2030,70,23,23,0.0
3840,ccgt,2030,70,24,24,0.0
3841,ccgt,2030,71,1,1,0.0
3842,ccgt,2030,71,2,2,0.0
3843,ccgt,2030,71,3,3,0.0
3844,ccgt,2030,71,4,4,0.0
3845,ccgt,2030,71,5,5,0.0
3846,ccgt,2030,71,6,6,0.0
3847,ccgt,2030,71,7,7,0.0
3848,ccgt,2030,71,8,8,0.0
3849,ccgt,2030,71,9,9,0.0
3850,ccgt,2030,71,10,10,0.0
3851,ccgt,2030,71,11,11,0.0
3852,ccgt,2030,71,12,12,0.0
3853,ccgt,2030,71,13,13,0.0
3854,ccgt,2030,71,14,14,0.0
3855,ccgt,2030,71,15,15,0.0
3856,ccgt,2030,71,16,16,0.0
3857,ccgt,2030,71,17,17,0.0
3858,ccgt,2030,71,18,18,0.0
3859,ccgt,2030,71,19,19,0.0
3860,ccgt,2030,71,20,20,0.0
3861,ccgt,2030,71,21,21,0.0
3862,ccgt,2030,71,22,22,0.0
3863,ccgt,2030,71,23,23,0.0
3864,ccgt,2030,71,24,24,0.0
3865,ccgt,2030,72,1,1,0.0
3866,ccgt,2030,72,2,2,0.0
3867,ccgt,2030,72,3,3,0.0
3868,ccgt,2030,72,4,4,0.0
3869,ccgt,2030,72,5,5,0.0
3870,ccgt,2030,72,6,6,0.0
3871,ccgt,2030,72,7,7,0.0
3872,ccgt,2030,72,8,8,0.0
3873,ccgt,2030,72,9,9,0.0
3874,ccgt,2030,72,10,10,0.0
3875,ccgt,2030,72,11,11,0.0
3876,ccgt,2030,72,12,12,0.0
3877,ccgt,2030,72,13,13,0.0
3878,ccgt,2030,72,14,14,0.0
3879,ccgt,2030,72,15,15,0.0
3880,ccgt,2030,72,16,16,0.0
3881,ccgt,2030,72,17,17,0.0
3882,ccgt,2030,72,18,18,0.0
3883,ccgt,2030,72,19,19,0.0
3884,ccgt,2030,72,20,20,0.0
3885,ccgt,2030,72,21,21,0.0
3886,ccgt,2030,72,22,22,0.0
3887,ccgt,2030,72,23,23,0.0
3888,ccgt,2030,72,24,24,0.0
3889,ccgt,2030,73,1,1,0.0
3890,ccgt,2030,73,2,2,0.0
3891,ccgt,2030,73,3,3,0.0
3892,ccgt,2030,73,4,4,0.0
3893,ccgt,2030,73,5,5,0.0
3894,ccgt,2030,73,6,6,0.0
3895,ccgt,2030,73,7,7,0.0
3896,ccgt,2030,73,8,8,0.0
3897,ccgt,2030,73,9,9,0.0
3898,ccgt,2030,73,10,10,0.0
3899,ccgt,2030,73,11,11,0.0
3900,ccgt,2030,73,12,12,0.0
3901,ccgt,2030,73,13,13,0.0
3902,ccgt,2030,73,14,14,0.0
3903,ccgt,2030,73,15,15,0.0
3904,ccgt,2030,73,16,16,0.0
3905,ccgt,2030,73,17,17,0.0
3906,ccgt,2030,73,18,18,0.0
3907,ccgt,2030,73,19,19,0.0
3908,ccgt,2030,73,20,20,0.0
3909,ccgt,2030,73,21,21,0.0
3910,ccgt,2030,73,22,22,0.0
3911,ccgt,2030,73,23,23,0.0
3912,ccgt,2030,73,24,24,0.0
3913,ccgt,2030,74,1,1,0.0
3914,ccgt,2030,74,2,2,0.0
3915,ccgt,2030,74,3,3,0.0
3916,ccgt,2030,74,4,4,0.0
3917,ccgt,2030,74,5,5,0.0
3918,ccgt,2030,74,6,6,0.0
3919,ccgt,2030,74,7,7,0.0
3920,ccgt,2030,74,8,8,0.0
3921,ccgt,2030,74,9,9,0.0
3922,ccgt,2030,74,10,10,0.0
3923,ccgt,2030,74,11,11,0.0
3924,ccgt,2030,74,12,12,0.0
3925,ccgt,2030,74,13,13,0.0
3926,ccgt,2030,74,14,14,0.0
3927,ccgt,2030,74,15,15,0.0
3928,ccgt,2030,74,16,16,0.0
3929,ccgt,2030,74,17,17,0.0
3930,ccgt,2030,74,18,18,0.0
3931,ccgt,2030,74,19,19,0.0
3932,ccgt,2030,74,20,20,0.0
3933,ccgt,2030,74,21,21,0.0
3934,ccgt,2030,74,22,22,0.0
3935,ccgt,2030,74,23,23,0.0
3936,ccgt,2030,74,24,24,0.0
3937,ccgt,2030,75,1,1,-1.1102230246251565e-16
3938,ccgt,2030,75,2,2,0.0
3939,ccgt,2030,75,3,3,0.0
3940,ccgt,2030,75,4,4,0.0
3941,ccgt,2030,75,5,5,0.0
3942,ccgt,2030,75,6,6,0.0
3943,ccgt,2030,75,7,7,0.0
3944,ccgt,2030,75,8,8,0.0
3945,ccgt,2030,75,9,9,0.0
3946,ccgt,2030,75,10,10,0.0
3947,ccgt,2030,75,11,11,-0.21586179493642388
3948,ccgt,2030,75,12,12,-0.29748266753703834
3949,ccgt,2030,75,13,13,-0.21586179493642388
3950,ccgt,2030,75,14,14,-0.21586179493642388
3951,ccgt,2030,75,15,15,-0.21586179493642388
3952,ccgt,2030,75,16,16,-0.21586179493642388
3953,ccgt,2030,75,17,17,-10.204065551001092
3954,ccgt,2030,75,18,18,-10.204065551001092
3955,ccgt,2030,75,19,19,-10.204065551001092
3956,ccgt,2030,75,20,20,-10.204065551001092
3957,ccgt,2030,75,21,21,-10.204065551001092
3958,ccgt,2030,75,22,22,-0.21586179493642388
3959,ccgt,2030,75,23,23,0.0
3960,ccgt,2030,75,24,24,0.0
3961,ccgt,2030,76,1,1,0.0
3962,ccgt,2030,76,2,2,0.0
3963,ccgt,2030,76,3,3,0.0
3964,ccgt,2030,76,4,4,0.0
3965,ccgt,2030,76,5,5,0.0
3966,ccgt,2030,76,6,6,0.0
3967,ccgt,2030,76,7,7,0.0
3968,ccgt,2030,76,8,8,0.0
3969,ccgt,2030,76,9,9,0.0
3970,ccgt,2030,76,10,10,0.0
3971,ccgt,2030,76,11,11,0.0
3972,ccgt,2030,76,12,12,0.0
3973,ccgt,2030,76,13,13,0.0
3974,ccgt,2030,76,14,14,0.0
3975,ccgt,2030,76,15,15,0.0
3976,ccgt,2030,76,16,16,0.0
3977,ccgt,2030,76,17,17,0.0
3978,ccgt,2030,76,18,18,0.0
3979,ccgt,2030,76,19,19,0.0
3980,ccgt,2030,76,20,20,0.0
3981,ccgt,2030,76,21,21,0.0
3982,ccgt,2030,76,22,22,0.0
3983,ccgt,2030,76,23,23,0.0
3984,ccgt,2030,76,24,24,0.0
3985,ccgt,2030,77,1,1,0.0
3986,ccgt,2030,77,2,2,0.0
3987,ccgt,2030,77,3,3,0.0
3988,ccgt,2030,77,4,4,0.0
3989,ccgt,2030,77,5,5,0.0
3990,ccgt,2030,77,6,6,0.0
3991,ccgt,2030,77,7,7,0.0
3992,ccgt,2030,77,8,8,0.0
3993,ccgt,2030,77,9,9,0.0
3994,ccgt,2030,77,10,10,0.0
3995,ccgt,2030,77,11,11,0.0
3996,ccgt,2030,77,12,12,0.0
3997,ccgt,2030,77,13,13,0.0
3998,ccgt,2030,77,14,14,0.0
3999,ccgt,2030,77,15,15,0.0
4000,ccgt,2030,77,16,16,0.0
4001,ccgt,2030,77,17,17,0.0
4002,ccgt,2030,77,18,18,0.0
4003,ccgt,2030,77,19,19,0.0
4004,ccgt,2030,77,20,20,0.0
4005,ccgt,2030,77,21,21,0.0
4006,ccgt,2030,77,22,22,0.0
4007,ccgt,2030,77,23,23,0.0
4008,ccgt,2030,77,24,24,0.0
4009,ccgt,2030,78,1,1,0.0
4010,ccgt,2030,78,2,2,0.0
4011,ccgt,2030,78,3,3,0.0
4012,ccgt,2030,78,4,4,0.0
4013,ccgt,2030,78,5,5,0.0
4014,ccgt,2030,78,6,6,0.0
4015,ccgt,2030,78,7,7,0.0
4016,ccgt,2030,78,8,8,0.0
4017,ccgt,2030,78,9,9,0.0
4018,ccgt,2030,78,10,10,0.0
4019,ccgt,2030,78,11,11,0.0
4020,ccgt,2030,78,12,12,0.0
4021,ccgt,2030,78,13,13,0.0
4022,ccgt,2030,78,14,14,0.0
4023,ccgt,2030,78,15,15,0.0
4024,ccgt,2030,78,16,16,0.0
4025,ccgt,2030,78,17,17,0.0
4026,ccgt,2030,78,18,18,0.0
4027,ccgt,2030,78,19,19,0.0
4028,ccgt,2030,78,20,20,0.0
4029,ccgt,2030,78,21,21,0.0
4030,ccgt,2030,78,22,22,0.0
4031,ccgt,2030,78,23,23,0.0
4032,ccgt,2030,78,24,24,0.0
4033,ccgt,2030,79,1,1,0.0
4034,ccgt,2030,79,2,2,0.0
4035,ccgt,2030,79,3,3,0.0
4036,ccgt,2030,79,4,4,0.0
4037,ccgt,2030,79,5,5,0.0
4038,ccgt,2030,79,6,6,0.0
4039,ccgt,2030,79,7,7,0.0
4040,ccgt,2030,79,8,8,0.0
4041,ccgt,2030,79,9,9,0.0
4042,ccgt,2030,79,10,10,0.0
4043,ccgt,2030,79,11,11,0.0
4044,ccgt,2030,79,12,12,0.0
4045,ccgt,2030,79,13,13,0.0
4046,ccgt,2030,79,14,14,0.0
4047,ccgt,2030,79,15,15,0.0
4048,ccgt,2030,79,16,16,0.0
4049,ccgt,2030,79,17,17,0.0
4050,ccgt,2030,79,18,18,0.0
4051,ccgt,2030,79,19,19,0.0
4052,ccgt,2030,79,20,20,0.0
4053,ccgt,2030,79,21,21,0.0
4054,ccgt,2030,79,22,22,0.0
4055,ccgt,2030,79,23,23,0.0
4056,ccgt,2030,79,24,24,0.0
4057,ccgt,2030,80,1,1,0.0
4058,ccgt,2030,80,2,2,0.0
4059,ccgt,2030,80,3,3,0.0
4060,ccgt,2030,80,4,4,0.0
4061,ccgt,2030,80,5,5,0.0
4062,ccgt,2030,80,6,6,0.0
4063,ccgt,2030,80,7,7,0.0
4064,ccgt,2030,80,8,8,0.0
4065,ccgt,2030,80,9,9,0.0
4066,ccgt,2030,80,10,10,0.0
4067,ccgt,2030,80,11,11,0.0
4068,ccgt,2030,80,12,12,0.0
4069,ccgt,2030,80,13,13,0.0
4070,ccgt,2030,80,14,14,0.0
4071,ccgt,2030,80,15,15,0.0
4072,ccgt,2030,80,16,16,0.0
4073,ccgt,2030,80,17,17,0.0
4074,ccgt,2030,80,18,18,0.0
4075,ccgt,2030,80,19,19,0.0
4076,ccgt,2030,80,20,20,0.0
4077,ccgt,2030,80,21,21,0.0
4078,ccgt,2030,80,22,22,0.0
4079,ccgt,2030,80,23,23,0.0
4080,ccgt,2030,80,24,24,0.0
4081,ccgt,2030,81,1,1,0.0
4082,ccgt,2030,81,2,2,0.0
4083,ccgt,2030,81,3,3,0.0
4084,ccgt,2030,81,4,4,0.0
4085,ccgt,2030,81,5,5,0.0
4086,ccgt,2030,81,6,6,0.0
4087,ccgt,2030,81,7,7,0.0
4088,ccgt,2030,81,8,8,0.0
4089,ccgt,2030,81,9,9,0.0
4090,ccgt,2030,81,10,10,0.0
4091,ccgt,2030,81,11,11,0.0
4092,ccgt,2030,81,12,12,0.0
4093,ccgt,2030,81,13,13,0.0
4094,ccgt,2030,81,14,14,0.0
4095,ccgt,2030,81,15,15,0.0
4096,ccgt,2030,81,16,16,0.0
4097,ccgt,2030,81,17,17,0.0
4098,ccgt,2030,81,18,18,0.0
4099,ccgt,2030,81,19,19,0.0
4100,ccgt,2030,81,20,20,0.0
4101,ccgt,2030,81,21,21,0.0
4102,ccgt,2030,81,22,22,0.0
4103,ccgt,2030,81,23,23,0.0
4104,ccgt,2030,81,24,24,0.0
4105,ccgt,2030,82,1,1,0.0
4106,ccgt,2030,82,2,2,0.0
4107,ccgt,2030,82,3,3,0.0
4108,ccgt,2030,82,4,4,0.0
4109,ccgt,2030,82,5,5,0.0
4110,ccgt,2030,82,6,6,0.0
4111,ccgt,2030,82,7,7,0.0
4112,ccgt,2030,82,8,8,0.0
4113,ccgt,2030,82,9,9,0.0
4114,ccgt,2030,82,10,10,0.0
4115,ccgt,2030,82,11,11,0.0
4116,ccgt,2030,82,12,12,0.0
4117,ccgt,2030,82,13,13,0.0
4118,ccgt,2030,82,14,14,0.0
4119,ccgt,2030,82,15,15,0.0
4120,ccgt,2030,82,16,16,0.0
4121,ccgt,2030,82,17,17,0.0
4122,ccgt,2030,82,18,18,0.0
4123,ccgt,2030,82,19,19,0.0
4124,ccgt,2030,82,20,20,0.0
4125,ccgt,2030,82,21,21,0.0
4126,ccgt,2030,82,22,22,0.0
4127,ccgt,2030,82,23,23,0.0
4128,ccgt,2030,82,24,24,0.0
4129,ccgt,2030,83,1,1,0.0
4130,ccgt,2030,83,2,2,0.0
4131,ccgt,2030,83,3,3,0.0
4132,ccgt,2030,83,4,4,0.0
4133,ccgt,2030,83,5,5,0.0
4134,ccgt,2030,83,6,6,0.0
4135,ccgt,2030,83,7,7,0.0
4136,ccgt,2030,83,8,8,0.0
4137,ccgt,2030,83,9,9,0.0
4138,ccgt,2030,83,10,10,0.0
4139,ccgt,2030,83,11,11,0.0
4140,ccgt,2030,83,12,12,0.0
4141,ccgt,2030,83,13,13,0.0
4142,ccgt,2030,83,14,14,0.0
4143,ccgt,2030,83,15,15,0.0
4144,ccgt,2030,83,16,16,0.0
4145,ccgt,2030,83,17,17,0.0
4146,ccgt,2030,83,18,18,0.0
4147,ccgt,2030,83,19,19,-4.440892098500626e-16
4148,ccgt,2030,83,20,20,0.0
4149,ccgt,2030,83,21,21,-4.440892098500626e-16
4150,ccgt,2030,83,22,22,0.0
4151,ccgt,2030,83,23,23,0.0
4152,ccgt,2030,83,24,24,0.0
4153,ccgt,2030,84,1,1,0.0
4154,ccgt,2030,84,2,2,0.0
4155,ccgt,2030,84,3,3,0.0
4156,ccgt,2030,84,4,4,0.0
4157,ccgt,2030,84,5,5,0.0
4158,ccgt,2030,84,6,6,0.0
4159,ccgt,2030,84,7,7,0.0
4160,ccgt,2030,84,8,8,0.0
4161,ccgt,2030,84,9,9,0.0
4162,ccgt,2030,84,10,10,0.0
4163,ccgt,2030,84,11,11,0.0
4164,ccgt,2030,84,12,12,0.0
4165,ccgt,2030,84,13,13,0.0
4166,ccgt,2030,84,14,14,0.0
4167,ccgt,2030,84,15,15,0.0
4168,ccgt,2030,84,16,16,0.0
4169,ccgt,2030,84,17,17,0.0
4170,ccgt,2030,84,18,18,0.0
4171,ccgt,2030,84,19,19,0.0
4172,ccgt,2030,84,20,20,0.0
4173,ccgt,2030,84,21,21,0.0
4174,ccgt,2030,84,22,22,0.0
4175,ccgt,2030,84,23,23,0.0
4176,ccgt,2030,84,24,24,0.0
4177,ccgt,2030,85,1,1,0.0
4178,ccgt,2030,85,2,2,0.0
4179,ccgt,2030,85,3,3,0.0
4180,ccgt,2030,85,4,4,0.0
4181,ccgt,2030,85,5,5,0.0
4182,ccgt,2030,85,6,6,0.0
4183,ccgt,2030,85,7,7,0.0
4184,ccgt,2030,85,8,8,0.0
4185,ccgt,2030,85,9,9,0.0
4186,ccgt,2030,85,10,10,0.0
4187,ccgt,2030,85,11,11,0.0
4188,ccgt,2030,85,12,12,0.0
4189,ccgt,2030,85,13,13,0.0
4190,ccgt,2030,85,14,14,0.0
4191,ccgt,2030,85,15,15,0.0
4192,ccgt,2030,85,16,16,0.0
4193,ccgt,2030,85,17,17,0.0
4194,ccgt,2030,85,18,18,0.0
4195,ccgt,2030,85,19,19,0.0
4196,ccgt,2030,85,20,20,0.0
4197,ccgt,2030,85,21,21,0.0
4198,ccgt,2030,85,22,22,0.0
4199,ccgt,2030,85,23,23,0.0
4200,ccgt,2030,85,24,24,0.0
4201,ccgt,2030,86,1,1,0.0
4202,ccgt,2030,86,2,2,0.0
4203,ccgt,2030,86,3,3,0.0
4204,ccgt,2030,86,4,4,0.0
4205,ccgt,2030,86,5,5,0.0
4206,ccgt,2030,86,6,6,0.0
4207,ccgt,2030,86,7,7,0.0
4208,ccgt,2030,86,8,8,0.0
4209,ccgt,2030,86,9,9,0.0
4210,ccgt,2030,86,10,10,0.0
4211,ccgt,2030,86,11,11,0.0
4212,ccgt,2030,86,12,12,0.0
4213,ccgt,2030,86,13,13,0.0
4214,ccgt,2030,86,14,14,0.0
4215,ccgt,2030,86,15,15,0.0
4216,ccgt,2030,86,16,16,0.0
4217,ccgt,2030,86,17,17,0.0
4218,ccgt,2030,86,18,18,0.0
4219,ccgt,2030,86,19,19,0.0
4220,ccgt,2030,86,20,20,0.0
4221,ccgt,2030,86,21,21,0.0
4222,ccgt,2030,86,22,22,0.0
4223,ccgt,2030,86,23,23,0.0
4224,ccgt,2030,86,24,24,0.0
4225,ccgt,2030,87,1,1,0.0
4226,ccgt,2030,87,2,2,0.0
4227,ccgt,2030,87,3,3,0.0
4228,ccgt,2030,87,4,4,0.0
4229,ccgt,2030,87,5,5,0.0
4230,ccgt,2030,87,6,6,0.0
4231,ccgt,2030,87,7,7,0.0
4232,ccgt,2030,87,8,8,0.0
4233,ccgt,2030,87,9,9,0.0
4234,ccgt,2030,87,10,10,0.0
4235,ccgt,2030,87,11,11,0.0
4236,ccgt,2030,87,12,12,0.0
4237,ccgt,2030,87,13,13,0.0
4238,ccgt,2030,87,14,14,0.0
4239,ccgt,2030,87,15,15,0.0
4240,ccgt,2030,87,16,16,0.0
4241,ccgt,2030,87,17,17,0.0
4242,ccgt,2030,87,18,18,0.0
4243,ccgt,2030,87,19,19,0.0
4244,ccgt,2030,87,20,20,0.0
4245,ccgt,2030,87,21,21,0.0
4246,ccgt,2030,87,22,22,0.0
4247,ccgt,2030,87,23,23,0.0
4248,ccgt,2030,87,24,24,0.0
4249,ccgt,2030,88,1,1,0.0
4250,ccgt,2030,88,2,2,0.0
4251,ccgt,2030,88,3,3,0.0
4252,ccgt,2030,88,4,4,0.0
4253,ccgt,2030,88,5,5,0.0
4254,ccgt,2030,88,6,6,0.0
4255,ccgt,2030,88,7,7,0.0
4256,ccgt,2030,88,8,8,0.0
4257,ccgt,2030,88,9,9,0.0
4258,ccgt,2030,88,10,10,0.0
4259,ccgt,2030,88,11,11,0.0
4260,ccgt,2030,88,12,12,0.0
4261,ccgt,2030,88,13,13,0.0
4262,ccgt,2030,88,14,14,0.0
4263,ccgt,2030,88,15,15,0.0
4264,ccgt,2030,88,16,16,0.0
4265,ccgt,2030,88,17,17,0.0
4266,ccgt,2030,88,18,18,0.0
4267,ccgt,2030,88,19,19,0.0
4268,ccgt,2030,88,20,20,0.0
4269,ccgt,2030,88,21,21,0.0
4270,ccgt,2030,88,22,22,0.0
4271,ccgt,2030,88,23,23,0.0
4272,ccgt,2030,88,24,24,0.0
4273,ccgt,2030,89,1,1,0.0
4274,ccgt,2030,89,2,2,0.0
4275,ccgt,2030,89,3,3,0.0
4276,ccgt,2030,89,4,4,0.0
4277,ccgt,2030,89,5,5,0.0
4278,ccgt,2030,89,6,6,0.0
4279,ccgt,2030,89,7,7,0.0
4280,ccgt,2030,89,8,8,0.0
4281,ccgt,2030,89,9,9,0.0
4282,ccgt,2030,89,10,10,0.0
4283,ccgt,2030,89,11,11,0.0
4284,ccgt,2030,89,12,12,0.0
4285,ccgt,2030,89,13,13,0.0
4286,ccgt,2030,89,14,14,0.0
4287,ccgt,2030,89,15,15,0.0
4288,ccgt,2030,89,16,16,0.0
4289,ccgt,2030,89,17,17,0.0
4290,ccgt,2030,89,18,18,0.0
4291,ccgt,2030,89,19,19,0.0
4292,ccgt,2030,89,20,20,0.0
4293,ccgt,2030,89,21,21,0.0
4294,ccgt,2030,89,22,22,0.0
4295,ccgt,2030,89,23,23,0.0
4296,ccgt,2030,89,24,24,0.0
4297,ccgt,2030,90,1,1,0.0
4298,ccgt,2030,90,2,2,0.0
4299,ccgt,2030,90,3,3,0.0
4300,ccgt,2030,90,4,4,0.0
4301,ccgt,2030,90,5,5,0.0
4302,ccgt,2030,90,6,6,0.0
4303,ccgt,2030,90,7,7,0.0
4304,ccgt,2030,90,8,8,0.0
4305,ccgt,2030,90,9,9,0.0
4306,ccgt,2030,90,10,10,0.0
4307,ccgt,2030,90,11,11,0.0
4308,ccgt,2030,90,12,12,0.0
4309,ccgt,2030,90,13,13,0.0
4310,ccgt,2030,90,14,14,0.0
4311,ccgt,2030,90,15,15,0.0
4312,ccgt,2030,90,16,16,0.0
4313,ccgt,2030,90,17,17,0.0
4314,ccgt,2030,90,18,18,0.0
4315,ccgt,2030,90,19,19,0.0
4316,ccgt,2030,90,20,20,0.0
4317,ccgt,2030,90,21,21,0.0
4318,ccgt,2030,90,22,22,0.0
4319,ccgt,2030,90,23,23,0.0
4320,ccgt,2030,90,24,24,0.0
4321,ens,2030,1,1,1,0.0
4322,ens,2030,1,2,2,0.0
4323,ens,2030,1,3,3,0.0
4324,ens,2030,1,4,4,0.0
4325,ens,2030,1,5,5,0.0
4326,ens,2030,1,6,6,0.0
4327,ens,2030,1,7,7,0.0
4328,ens,2030,1,8,8,0.0
4329,ens,2030,1,9,9,0.0
4330,ens,2030,1,10,10,0.0
4331,ens,2030,1,11,11,0.0
4332,ens,2030,1,12,12,0.0
4333,ens,2030,1,13,13,0.0
4334,ens,2030,1,14,14,0.0
4335,ens,2030,1,15,15,0.0
4336,ens,2030,1,16,16,0.0
4337,ens,2030,1,17,17,0.0
4338,ens,2030,1,18,18,0.0
4339,ens,2030,1,19,19,0.0
4340,ens,2030,1,20,20,0.0
4341,ens,2030,1,21,21,0.0
4342,ens,2030,1,22,22,0.0
4343,ens,2030,1,23,23,0.0
4344,ens,2030,1,24,24,0.0
4345,ens,2030,2,1,1,0.0
4346,ens,2030,2,2,2,0.0
4347,ens,2030,2,3,3,0.0
4348,ens,2030,2,4,4,0.0
4349,ens,2030,2,5,5,0.0
4350,ens,2030,2,6,6,0.0
4351,ens,2030,2,7,7,0.0
4352,ens,2030,2,8,8,0.0
4353,ens,2030,2,9,9,0.0
4354,ens,2030,2,10,10,0.0
4355,ens,2030,2,11,11,0.0
4356,ens,2030,2,12,12,0.0
4357,ens,2030,2,13,13,0.0
4358,ens,2030,2,14,14,0.0
4359,ens,2030,2,15,15,0.0
4360,ens,2030,2,16,16,0.0
4361,ens,2030,2,17,17,0.0
4362,ens,2030,2,18,18,0.0
4363,ens,2030,2,19,19,0.0
4364,ens,2030,2,20,20,0.0
4365,ens,2030,2,21,21,0.0
4366,ens,2030,2,22,22,0.0
4367,ens,2030,2,23,23,0.0
4368,ens,2030,2,24,24,0.0
4369,ens,2030,3,1,1,0.0
4370,ens,2030,3,2,2,0.0
4371,ens,2030,3,3,3,0.0
4372,ens,2030,3,4,4,0.0
4373,ens,2030,3,5,5,0.0
4374,ens,2030,3,6,6,0.0
4375,ens,2030,3,7,7,0.0
4376,ens,2030,3,8,8,0.0
4377,ens,2030,3,9,9,0.0
4378,ens,2030,3,10,10,0.0
4379,ens,2030,3,11,11,0.0
4380,ens,2030,3,12,12,0.0
4381,ens,2030,3,13,13,0.0
4382,ens,2030,3,14,14,0.0
4383,ens,2030,3,15,15,0.0
4384,ens,2030,3,16,16,0.0
4385,ens,2030,3,17,17,0.0
4386,ens,2030,3,18,18,0.0
4387,ens,2030,3,19,19,0.0
4388,ens,2030,3,20,20,0.0
4389,ens,2030,3,21,21,0.0
4390,ens,2030,3,22,22,0.0
4391,ens,2030,3,23,23,0.0
4392,ens,2030,3,24,24,0.0
4393,ens,2030,4,1,1,0.0
4394,ens,2030,4,2,2,0.0
4395,ens,2030,4,3,3,0.0
4396,ens,2030,4,4,4,0.0
4397,ens,2030,4,5,5,0.0
4398,ens,2030,4,6,6,0.0
4399,ens,2030,4,7,7,0.0
4400,ens,2030,4,8,8,0.0
4401,ens,2030,4,9,9,0.0
4402,ens,2030,4,10,10,0.0
4403,ens,2030,4,11,11,0.0
4404,ens,2030,4,12,12,0.0
4405,ens,2030,4,13,13,0.0
4406,ens,2030,4,14,14,0.0
4407,ens,2030,4,15,15,0.0
4408,ens,2030,4,16,16,0.0
4409,ens,2030,4,17,17,0.0
4410,ens,2030,4,18,18,0.0
4411,ens,2030,4,19,19,0.0
4412,ens,2030,4,20,20,0.0
4413,ens,2030,4,21,21,0.0
4414,ens,2030,4,22,22,0.0
4415,ens,2030,4,23,23,0.0
4416,ens,2030,4,24,24,0.0
4417,ens,2030,5,1,1,0.0
4418,ens,2030,5,2,2,0.0
4419,ens,2030,5,3,3,0.0
4420,ens,2030,5,4,4,0.0
4421,ens,2030,5,5,5,0.0
4422,ens,2030,5,6,6,0.0
4423,ens,2030,5,7,7,0.0
4424,ens,2030,5,8,8,0.0
4425,ens,2030,5,9,9,0.0
4426,ens,2030,5,10,10,0.0
4427,ens,2030,5,11,11,0.0
4428,ens,2030,5,12,12,0.0
4429,ens,2030,5,13,13,0.0
4430,ens,2030,5,14,14,0.0
4431,ens,2030,5,15,15,0.0
4432,ens,2030,5,16,16,0.0
4433,ens,2030,5,17,17,0.0
4434,ens,2030,5,18,18,0.0
4435,ens,2030,5,19,19,0.0
4436,ens,2030,5,20,20,0.0
4437,ens,2030,5,21,21,0.0
4438,ens,2030,5,22,22,0.0
4439,ens,2030,5,23,23,0.0
4440,ens,2030,5,24,24,0.0
4441,ens,2030,6,1,1,0.0
4442,ens,2030,6,2,2,0.0
4443,ens,2030,6,3,3,0.0
4444,ens,2030,6,4,4,0.0
4445,ens,2030,6,5,5,0.0
4446,ens,2030,6,6,6,0.0
4447,ens,2030,6,7,7,0.0
4448,ens,2030,6,8,8,0.0
4449,ens,2030,6,9,9,0.0
4450,ens,2030,6,10,10,0.0
4451,ens,2030,6,11,11,0.0
4452,ens,2030,6,12,12,0.0
4453,ens,2030,6,13,13,0.0
4454,ens,2030,6,14,14,0.0
4455,ens,2030,6,15,15,0.0
4456,ens,2030,6,16,16,0.0
4457,ens,2030,6,17,17,0.0
4458,ens,2030,6,18,18,0.0
4459,ens,2030,6,19,19,0.0
4460,ens,2030,6,20,20,0.0
4461,ens,2030,6,21,21,0.0
4462,ens,2030,6,22,22,0.0
4463,ens,2030,6,23,23,0.0
4464,ens,2030,6,24,24,0.0
4465,ens,2030,7,1,1,0.0
4466,ens,2030,7,2,2,0.0
4467,ens,2030,7,3,3,0.0
4468,ens,2030,7,4,4,0.0
4469,ens,2030,7,5,5,0.0
4470,ens,2030,7,6,6,0.0
4471,ens,2030,7,7,7,0.0
4472,ens,2030,7,8,8,0.0
4473,ens,2030,7,9,9,0.0
4474,ens,2030,7,10,10,0.0
4475,ens,2030,7,11,11,0.0
4476,ens,2030,7,12,12,0.0
4477,ens,2030,7,13,13,0.0
4478,ens,2030,7,14,14,0.0
4479,ens,2030,7,15,15,0.0
4480,ens,2030,7,16,16,0.0
4481,ens,2030,7,17,17,0.0
4482,ens,2030,7,18,18,0.0
4483,ens,2030,7,19,19,0.0
4484,ens,2030,7,20,20,0.0
4485,ens,2030,7,21,21,0.0
4486,ens,2030,7,22,22,0.0
4487,ens,2030,7,23,23,0.0
4488,ens,2030,7,24,24,0.0
4489,ens,2030,8,1,1,0.0
4490,ens,2030,8,2,2,0.0
4491,ens,2030,8,3,3,0.0
4492,ens,2030,8,4,4,0.0
4493,ens,2030,8,5,5,0.0
4494,ens,2030,8,6,6,0.0
4495,ens,2030,8,7,7,0.0
4496,ens,2030,8,8,8,0.0
4497,ens,2030,8,9,9,0.0
4498,ens,2030,8,10,10,0.0
4499,ens,2030,8,11,11,0.0
4500,ens,2030,8,12,12,0.0
4501,ens,2030,8,13,13,0.0
4502,ens,2030,8,14,14,0.0
4503,ens,2030,8,15,15,0.0
4504,ens,2030,8,16,16,0.0
4505,ens,2030,8,17,17,0.0
4506,ens,2030,8,18,18,0.0
4507,ens,2030,8,19,19,0.0
4508,ens,2030,8,20,20,0.0
4509,ens,2030,8,21,21,0.0
4510,ens,2030,8,22,22,0.0
4511,ens,2030,8,23,23,0.0
4512,ens,2030,8,24,24,0.0
4513,ens,2030,9,1,1,0.0
4514,ens,2030,9,2,2,0.0
4515,ens,2030,9,3,3,0.0
4516,ens,2030,9,4,4,0.0
4517,ens,2030,9,5,5,0.0
4518,ens,2030,9,6,6,0.0
4519,ens,2030,9,7,7,0.0
4520,ens,2030,9,8,8,0.0
4521,ens,2030,9,9,9,0.0
4522,ens,2030,9,10,10,0.0
4523,ens,2030,9,11,11,0.0
4524,ens,2030,9,12,12,0.0
4525,ens,2030,9,13,13,0.0
4526,ens,2030,9,14,14,0.0
4527,ens,2030,9,15,15,0.0
4528,ens,2030,9,16,16,0.0
4529,ens,2030,9,17,17,0.0
4530,ens,2030,9,18,18,0.0
4531,ens,2030,9,19,19,0.0
4532,ens,2030,9,20,20,0.0
4533,ens,2030,9,21,21,0.0
4534,ens,2030,9,22,22,0.0
4535,ens,2030,9,23,23,0.0
4536,ens,2030,9,24,24,0.0
4537,ens,2030,10,1,1,0.0
4538,ens,2030,10,2,2,0.0
4539,ens,2030,10,3,3,0.0
4540,ens,2030,10,4,4,0.0
4541,ens,2030,10,5,5,0.0
4542,ens,2030,10,6,6,0.0
4543,ens,2030,10,7,7,0.0
4544,ens,2030,10,8,8,0.0
4545,ens,2030,10,9,9,0.0
4546,ens,2030,10,10,10,0.0
4547,ens,2030,10,11,11,0.0
4548,ens,2030,10,12,12,0.0
4549,ens,2030,10,13,13,0.0
4550,ens,2030,10,14,14,0.0
4551,ens,2030,10,15,15,0.0
4552,ens,2030,10,16,16,0.0
4553,ens,2030,10,17,17,0.0
4554,ens,2030,10,18,18,0.0
4555,ens,2030,10,19,19,0.0
4556,ens,2030,10,20,20,0.0
4557,ens,2030,10,21,21,0.0
4558,ens,2030,10,22,22,0.0
4559,ens,2030,10,23,23,0.0
4560,ens,2030,10,24,24,0.0
4561,ens,2030,11,1,1,0.0
4562,ens,2030,11,2,2,0.0
4563,ens,2030,11,3,3,0.0
4564,ens,2030,11,4,4,0.0
4565,ens,2030,11,5,5,0.0
4566,ens,2030,11,6,6,0.0
4567,ens,2030,11,7,7,0.0
4568,ens,2030,11,8,8,0.0
4569,ens,2030,11,9,9,0.0
4570,ens,2030,11,10,10,0.0
4571,ens,2030,11,11,11,0.0
4572,ens,2030,11,12,12,0.0
4573,ens,2030,11,13,13,0.0
4574,ens,2030,11,14,14,0.0
4575,ens,2030,11,15,15,0.0
4576,ens,2030,11,16,16,0.0
4577,ens,2030,11,17,17,0.0
4578,ens,2030,11,18,18,0.0
4579,ens,2030,11,19,19,0.0
4580,ens,2030,11,20,20,0.0
4581,ens,2030,11,21,21,0.0
4582,ens,2030,11,22,22,0.0
4583,ens,2030,11,23,23,0.0
4584,ens,2030,11,24,24,0.0
4585,ens,2030,12,1,1,0.0
4586,ens,2030,12,2,2,0.0
4587,ens,2030,12,3,3,0.0
4588,ens,2030,12,4,4,0.0
4589,ens,2030,12,5,5,0.0
4590,ens,2030,12,6,6,0.0
4591,ens,2030,12,7,7,0.0
4592,ens,2030,12,8,8,0.0
4593,ens,2030,12,9,9,0.0
4594,ens,2030,12,10,10,0.0
4595,ens,2030,12,11,11,0.0
4596,ens,2030,12,12,12,0.0
4597,ens,2030,12,13,13,0.0
4598,ens,2030,12,14,14,0.0
4599,ens,2030,12,15,15,0.0
4600,ens,2030,12,16,16,0.0
4601,ens,2030,12,17,17,0.0
4602,ens,2030,12,18,18,0.0
4603,ens,2030,12,19,19,0.0
4604,ens,2030,12,20,20,0.0
4605,ens,2030,12,21,21,0.0
4606,ens,2030,12,22,22,0.0
4607,ens,2030,12,23,23,0.0
4608,ens,2030,12,24,24,0.0
4609,ens,2030,13,1,1,0.0
4610,ens,2030,13,2,2,0.0
4611,ens,2030,13,3,3,0.0
4612,ens,2030,13,4,4,0.0
4613,ens,2030,13,5,5,0.0
4614,ens,2030,13,6,6,0.0
4615,ens,2030,13,7,7,0.0
4616,ens,2030,13,8,8,0.0
4617,ens,2030,13,9,9,0.0
4618,ens,2030,13,10,10,0.0
4619,ens,2030,13,11,11,0.0
4620,ens,2030,13,12,12,0.0
4621,ens,2030,13,13,13,0.0
4622,ens,2030,13,14,14,0.0
4623,ens,2030,13,15,15,0.0
4624,ens,2030,13,16,16,0.0
4625,ens,2030,13,17,17,0.0
4626,ens,2030,13,18,18,0.0
4627,ens,2030,13,19,19,0.0
4628,ens,2030,13,20,20,0.0
4629,ens,2030,13,21,21,0.0
4630,ens,2030,13,22,22,0.0
4631,ens,2030,13,23,23,0.0
4632,ens,2030,13,24,24,0.0
4633,ens,2030,14,1,1,0.0
4634,ens,2030,14,2,2,0.0
4635,ens,2030,14,3,3,0.0
4636,ens,2030,14,4,4,0.0
4637,ens,2030,14,5,5,0.0
4638,ens,2030,14,6,6,0.0
4639,ens,2030,14,7,7,0.0
4640,ens,2030,14,8,8,0.0
4641,ens,2030,14,9,9,0.0
4642,ens,2030,14,10,10,0.0
4643,ens,2030,14,11,11,0.0
4644,ens,2030,14,12,12,0.0
4645,ens,2030,14,13,13,0.0
4646,ens,2030,14,14,14,0.0
4647,ens,2030,14,15,15,0.0
4648,ens,2030,14,16,16,0.0
4649,ens,2030,14,17,17,0.0
4650,ens,2030,14,18,18,0.0
4651,ens,2030,14,19,19,0.0
4652,ens,2030,14,20,20,0.0
4653,ens,2030,14,21,21,0.0
4654,ens,2030,14,22,22,0.0
4655,ens,2030,14,23,23,0.0
4656,ens,2030,14,24,24,0.0
4657,ens,2030,15,1,1,0.0
4658,ens,2030,15,2,2,0.0
4659,ens,2030,15,3,3,0.0
4660,ens,2030,15,4,4,0.0
4661,ens,2030,15,5,5,0.0
4662,ens,2030,15,6,6,0.0
4663,ens,2030,15,7,7,0.0
4664,ens,2030,15,8,8,0.0
4665,ens,2030,15,9,9,0.0
4666,ens,2030,15,10,10,0.0
4667,ens,2030,15,11,11,0.0
4668,ens,2030,15,12,12,0.0
4669,ens,2030,15,13,13,0.0
4670,ens,2030,15,14,14,0.0
4671,ens,2030,15,15,15,0.0
4672,ens,2030,15,16,16,0.0
4673,ens,2030,15,17,17,0.0
4674,ens,2030,15,18,18,0.0
4675,ens,2030,15,19,19,0.0
4676,ens,2030,15,20,20,0.0
4677,ens,2030,15,21,21,0.0
4678,ens,2030,15,22,22,0.0
4679,ens,2030,15,23,23,0.0
4680,ens,2030,15,24,24,0.0
4681,ens,2030,16,1,1,0.0
4682,ens,2030,16,2,2,0.0
4683,ens,2030,16,3,3,0.0
4684,ens,2030,16,4,4,0.0
4685,ens,2030,16,5,5,0.0
4686,ens,2030,16,6,6,0.0
4687,ens,2030,16,7,7,0.0
4688,ens,2030,16,8,8,0.0
4689,ens,2030,16,9,9,0.0
4690,ens,2030,16,10,10,0.0
4691,ens,2030,16,11,11,0.0
4692,ens,2030,16,12,12,0.0
4693,ens,2030,16,13,13,0.0
4694,ens,2030,16,14,14,0.0
4695,ens,2030,16,15,15,0.0
4696,ens,2030,16,16,16,0.0
4697,ens,2030,16,17,17,0.0
4698,ens,2030,16,18,18,0.0
4699,ens,2030,16,19,19,0.0
4700,ens,2030,16,20,20,0.0
4701,ens,2030,16,21,21,0.0
4702,ens,2030,16,22,22,0.0
4703,ens,2030,16,23,23,0.0
4704,ens,2030,16,24,24,0.0
4705,ens,2030,17,1,1,0.0
4706,ens,2030,17,2,2,0.0
4707,ens,2030,17,3,3,0.0
4708,ens,2030,17,4,4,0.0
4709,ens,2030,17,5,5,0.0
4710,ens,2030,17,6,6,0.0
4711,ens,2030,17,7,7,0.0
4712,ens,2030,17,8,8,0.0
4713,ens,2030,17,9,9,0.0
4714,ens,2030,17,10,10,0.0
4715,ens,2030,17,11,11,0.0
4716,ens,2030,17,12,12,0.0
4717,ens,2030,17,13,13,0.0
4718,ens,2030,17,14,14,0.0
4719,ens,2030,17,15,15,0.0
4720,ens,2030,17,16,16,0.0
4721,ens,2030,17,17,17,0.0
4722,ens,2030,17,18,18,0.0
4723,ens,2030,17,19,19,0.0
4724,ens,2030,17,20,20,0.0
4725,ens,2030,17,21,21,0.0
4726,ens,2030,17,22,22,0.0
4727,ens,2030,17,23,23,0.0
4728,ens,2030,17,24,24,0.0
4729,ens,2030,18,1,1,0.0
4730,ens,2030,18,2,2,0.0
4731,ens,2030,18,3,3,0.0
4732,ens,2030,18,4,4,0.0
4733,ens,2030,18,5,5,0.0
4734,ens,2030,18,6,6,0.0
4735,ens,2030,18,7,7,0.0
4736,ens,2030,18,8,8,0.0
4737,ens,2030,18,9,9,0.0
4738,ens,2030,18,10,10,0.0
4739,ens,2030,18,11,11,0.0
4740,ens,2030,18,12,12,0.0
4741,ens,2030,18,13,13,0.0
4742,ens,2030,18,14,14,0.0
4743,ens,2030,18,15,15,0.0
4744,ens,2030,18,16,16,0.0
4745,ens,2030,18,17,17,0.0
4746,ens,2030,18,18,18,0.0
4747,ens,2030,18,19,19,0.0
4748,ens,2030,18,20,20,0.0
4749,ens,2030,18,21,21,0.0
4750,ens,2030,18,22,22,0.0
4751,ens,2030,18,23,23,0.0
4752,ens,2030,18,24,24,0.0
4753,ens,2030,19,1,1,0.0
4754,ens,2030,19,2,2,0.0
4755,ens,2030,19,3,3,0.0
4756,ens,2030,19,4,4,0.0
4757,ens,2030,19,5,5,0.0
4758,ens,2030,19,6,6,0.0
4759,ens,2030,19,7,7,0.0
4760,ens,2030,19,8,8,0.0
4761,ens,2030,19,9,9,0.0
4762,ens,2030,19,10,10,0.0
4763,ens,2030,19,11,11,0.0
4764,ens,2030,19,12,12,0.0
4765,ens,2030,19,13,13,0.0
4766,ens,2030,19,14,14,0.0
4767,ens,2030,19,15,15,0.0
4768,ens,2030,19,16,16,0.0
4769,ens,2030,19,17,17,0.0
4770,ens,2030,19,18,18,0.0
4771,ens,2030,19,19,19,0.0
4772,ens,2030,19,20,20,0.0
4773,ens,2030,19,21,21,0.0
4774,ens,2030,19,22,22,0.0
4775,ens,2030,19,23,23,0.0
4776,ens,2030,19,24,24,0.0
4777,ens,2030,20,1,1,0.0
4778,ens,2030,20,2,2,0.0
4779,ens,2030,20,3,3,0.0
4780,ens,2030,20,4,4,0.0
4781,ens,2030,20,5,5,0.0
4782,ens,2030,20,6,6,0.0
4783,ens,2030,20,7,7,0.0
4784,ens,2030,20,8,8,0.0
4785,ens,2030,20,9,9,0.0
4786,ens,2030,20,10,10,0.0
4787,ens,2030,20,11,11,0.0
4788,ens,2030,20,12,12,0.0
4789,ens,2030,20,13,13,0.0
4790,ens,2030,20,14,14,0.0
4791,ens,2030,20,15,15,0.0
4792,ens,2030,20,16,16,0.0
4793,ens,2030,20,17,17,0.0
4794,ens,2030,20,18,18,0.0
4795,ens,2030,20,19,19,0.0
4796,ens,2030,20,20,20,0.0
4797,ens,2030,20,21,21,0.0
4798,ens,2030,20,22,22,0.0
4799,ens,2030,20,23,23,0.0
4800,ens,2030,20,24,24,0.0
4801,ens,2030,21,1,1,0.0
4802,ens,2030,21,2,2,0.0
4803,ens,2030,21,3,3,0.0
4804,ens,2030,21,4,4,0.0
4805,ens,2030,21,5,5,0.0
4806,ens,2030,21,6,6,0.0
4807,ens,2030,21,7,7,0.0
4808,ens,2030,21,8,8,0.0
4809,ens,2030,21,9,9,0.0
4810,ens,2030,21,10,10,0.0
4811,ens,2030,21,11,11,0.0
4812,ens,2030,21,12,12,0.0
4813,ens,2030,21,13,13,0.0
4814,ens,2030,21,14,14,0.0
4815,ens,2030,21,15,15,0.0
4816,ens,2030,21,16,16,0.0
4817,ens,2030,21,17,17,0.0
4818,ens,2030,21,18,18,0.0
4819,ens,2030,21,19,19,0.0
4820,ens,2030,21,20,20,0.0
4821,ens,2030,21,21,21,0.0
4822,ens,2030,21,22,22,0.0
4823,ens,2030,21,23,23,0.0
4824,ens,2030,21,24,24,0.0
4825,ens,2030,22,1,1,0.0
4826,ens,2030,22,2,2,0.0
4827,ens,2030,22,3,3,0.0
4828,ens,2030,22,4,4,0.0
4829,ens,2030,22,5,5,0.0
4830,ens,2030,22,6,6,0.0
4831,ens,2030,22,7,7,0.0
4832,ens,2030,22,8,8,0.0
4833,ens,2030,22,9,9,0.0
4834,ens,2030,22,10,10,0.0
4835,ens,2030,22,11,11,0.0
4836,ens,2030,22,12,12,0.0
4837,ens,2030,22,13,13,0.0
4838,ens,2030,22,14,14,0.0
4839,ens,2030,22,15,15,0.0
4840,ens,2030,22,16,16,0.0
4841,ens,2030,22,17,17,0.0
4842,ens,2030,22,18,18,0.0
4843,ens,2030,22,19,19,0.0
4844,ens,2030,22,20,20,0.0
4845,ens,2030,22,21,21,0.0
4846,ens,2030,22,22,22,0.0
4847,ens,2030,22,23,23,0.0
4848,ens,2030,22,24,24,0.0
4849,ens,2030,23,1,1,0.0
4850,ens,2030,23,2,2,0.0
4851,ens,2030,23,3,3,0.0
4852,ens,2030,23,4,4,0.0
4853,ens,2030,23,5,5,0.0
4854,ens,2030,23,6,6,0.0
4855,ens,2030,23,7,7,0.0
4856,ens,2030,23,8,8,0.0
4857,ens,2030,23,9,9,0.0
4858,ens,2030,23,10,10,0.0
4859,ens,2030,23,11,11,0.0
4860,ens,2030,23,12,12,0.0
4861,ens,2030,23,13,13,0.0
4862,ens,2030,23,14,14,0.0
4863,ens,2030,23,15,15,0.0
4864,ens,2030,23,16,16,0.0
4865,ens,2030,23,17,17,0.0
4866,ens,2030,23,18,18,0.0
4867,ens,2030,23,19,19,0.0
4868,ens,2030,23,20,20,0.0
4869,ens,2030,23,21,21,0.0
4870,ens,2030,23,22,22,0.0
4871,ens,2030,23,23,23,0.0
4872,ens,2030,23,24,24,0.0
4873,ens,2030,24,1,1,0.0
4874,ens,2030,24,2,2,0.0
4875,ens,2030,24,3,3,0.0
4876,ens,2030,24,4,4,0.0
4877,ens,2030,24,5,5,0.0
4878,ens,2030,24,6,6,0.0
4879,ens,2030,24,7,7,0.0
4880,ens,2030,24,8,8,0.0
4881,ens,2030,24,9,9,0.0
4882,ens,2030,24,10,10,0.0
4883,ens,2030,24,11,11,0.0
4884,ens,2030,24,12,12,0.0
4885,ens,2030,24,13,13,0.0
4886,ens,2030,24,14,14,0.0
4887,ens,2030,24,15,15,0.0
4888,ens,2030,24,16,16,0.0
4889,ens,2030,24,17,17,0.0
4890,ens,2030,24,18,18,0.0
4891,ens,2030,24,19,19,0.0
4892,ens,2030,24,20,20,0.0
4893,ens,2030,24,21,21,0.0
4894,ens,2030,24,22,22,0.0
4895,ens,2030,24,23,23,0.0
4896,ens,2030,24,24,24,0.0
4897,ens,2030,25,1,1,0.0
4898,ens,2030,25,2,2,0.0
4899,ens,2030,25,3,3,0.0
4900,ens,2030,25,4,4,0.0
4901,ens,2030,25,5,5,0.0
4902,ens,2030,25,6,6,0.0
4903,ens,2030,25,7,7,0.0
4904,ens,2030,25,8,8,0.0
4905,ens,2030,25,9,9,0.0
4906,ens,2030,25,10,10,0.0
4907,ens,2030,25,11,11,0.0
4908,ens,2030,25,12,12,0.0
4909,ens,2030,25,13,13,0.0
4910,ens,2030,25,14,14,0.0
4911,ens,2030,25,15,15,0.0
4912,ens,2030,25,16,16,0.0
4913,ens,2030,25,17,17,0.0
4914,ens,2030,25,18,18,0.0
4915,ens,2030,25,19,19,0.0
4916,ens,2030,25,20,20,0.0
4917,ens,2030,25,21,21,0.0
4918,ens,2030,25,22,22,0.0
4919,ens,2030,25,23,23,0.0
4920,ens,2030,25,24,24,0.0
4921,ens,2030,26,1,1,0.0
4922,ens,2030,26,2,2,0.0
4923,ens,2030,26,3,3,0.0
4924,ens,2030,26,4,4,0.0
4925,ens,2030,26,5,5,0.0
4926,ens,2030,26,6,6,0.0
4927,ens,2030,26,7,7,0.0
4928,ens,2030,26,8,8,0.0
4929,ens,2030,26,9,9,0.0
4930,ens,2030,26,10,10,0.0
4931,ens,2030,26,11,11,0.0
4932,ens,2030,26,12,12,0.0
4933,ens,2030,26,13,13,0.0
4934,ens,2030,26,14,14,0.0
4935,ens,2030,26,15,15,0.0
4936,ens,2030,26,16,16,0.0
4937,ens,2030,26,17,17,0.0
4938,ens,2030,26,18,18,0.0
4939,ens,2030,26,19,19,0.0
4940,ens,2030,26,20,20,0.0
4941,ens,2030,26,21,21,0.0
4942,ens,2030,26,22,22,0.0
4943,ens,2030,26,23,23,0.0
4944,ens,2030,26,24,24,0.0
4945,ens,2030,27,1,1,0.0
4946,ens,2030,27,2,2,0.0
4947,ens,2030,27,3,3,0.0
4948,ens,2030,27,4,4,0.0
4949,ens,2030,27,5,5,0.0
4950,ens,2030,27,6,6,0.0
4951,ens,2030,27,7,7,0.0
4952,ens,2030,27,8,8,0.0
4953,ens,2030,27,9,9,0.0
4954,ens,2030,27,10,10,0.0
4955,ens,2030,27,11,11,0.0
4956,ens,2030,27,12,12,0.0
4957,ens,2030,27,13,13,0.0
4958,ens,2030,27,14,14,0.0
4959,ens,2030,27,15,15,0.0
4960,ens,2030,27,16,16,0.0
4961,ens,2030,27,17,17,0.0
4962,ens,2030,27,18,18,0.0
4963,ens,2030,27,19,19,0.0
4964,ens,2030,27,20,20,0.0
4965,ens,2030,27,21,21,0.0
4966,ens,2030,27,22,22,0.0
4967,ens,2030,27,23,23,0.0
4968,ens,2030,27,24,24,0.0
4969,ens,2030,28,1,1,0.0
4970,ens,2030,28,2,2,0.0
4971,ens,2030,28,3,3,0.0
4972,ens,2030,28,4,4,0.0
4973,ens,2030,28,5,5,0.0
4974,ens,2030,28,6,6,0.0
4975,ens,2030,28,7,7,0.0
4976,ens,2030,28,8,8,0.0
4977,ens,2030,28,9,9,0.0
4978,ens,2030,28,10,10,0.0
4979,ens,2030,28,11,11,0.0
4980,ens,2030,28,12,12,0.0
4981,ens,2030,28,13,13,0.0
4982,ens,2030,28,14,14,0.0
4983,ens,2030,28,15,15,0.0
4984,ens,2030,28,16,16,0.0
4985,ens,2030,28,17,17,0.0
4986,ens,2030,28,18,18,0.0
4987,ens,2030,28,19,19,0.0
4988,ens,2030,28,20,20,0.0
4989,ens,2030,28,21,21,0.0
4990,ens,2030,28,22,22,0.0
4991,ens,2030,28,23,23,0.0
4992,ens,2030,28,24,24,0.0
4993,ens,2030,29,1,1,0.0
4994,ens,2030,29,2,2,0.0
4995,ens,2030,29,3,3,0.0
4996,ens,2030,29,4,4,0.0
4997,ens,2030,29,5,5,0.0
4998,ens,2030,29,6,6,0.0
4999,ens,2030,29,7,7,0.0
5000,ens,2030,29,8,8,0.0
5001,ens,2030,29,9,9,0.0
5002,ens,2030,29,10,10,0.0
5003,ens,2030,29,11,11,0.0
5004,ens,2030,29,12,12,0.0
5005,ens,2030,29,13,13,0.0
5006,ens,2030,29,14,14,0.0
5007,ens,2030,29,15,15,0.0
5008,ens,2030,29,16,16,0.0
5009,ens,2030,29,17,17,0.0
5010,ens,2030,29,18,18,0.0
5011,ens,2030,29,19,19,0.0
5012,ens,2030,29,20,20,0.0
5013,ens,2030,29,21,21,0.0
5014,ens,2030,29,22,22,0.0
5015,ens,2030,29,23,23,0.0
5016,ens,2030,29,24,24,0.0
5017,ens,2030,30,1,1,0.0
5018,ens,2030,30,2,2,0.0
5019,ens,2030,30,3,3,0.0
5020,ens,2030,30,4,4,0.0
5021,ens,2030,30,5,5,0.0
5022,ens,2030,30,6,6,0.0
5023,ens,2030,30,7,7,0.0
5024,ens,2030,30,8,8,0.0
5025,ens,2030,30,9,9,0.0
5026,ens,2030,30,10,10,0.0
5027,ens,2030,30,11,11,0.0
5028,ens,2030,30,12,12,0.0
5029,ens,2030,30,13,13,0.0
5030,ens,2030,30,14,14,0.0
5031,ens,2030,30,15,15,0.0
5032,ens,2030,30,16,16,0.0
5033,ens,2030,30,17,17,0.0
5034,ens,2030,30,18,18,0.0
5035,ens,2030,30,19,19,0.0
5036,ens,2030,30,20,20,0.0
5037,ens,2030,30,21,21,0.0
5038,ens,2030,30,22,22,0.0
5039,ens,2030,30,23,23,0.0
5040,ens,2030,30,24,24,0.0
5041,ens,2030,31,1,1,0.0
5042,ens,2030,31,2,2,0.0
5043,ens,2030,31,3,3,0.0
5044,ens,2030,31,4,4,0.0
5045,ens,2030,31,5,5,0.0
5046,ens,2030,31,6,6,0.0
5047,ens,2030,31,7,7,0.0
5048,ens,2030,31,8,8,0.0
5049,ens,2030,31,9,9,0.0
5050,ens,2030,31,10,10,0.0
5051,ens,2030,31,11,11,0.0
5052,ens,2030,31,12,12,0.0
5053,ens,2030,31,13,13,0.0
5054,ens,2030,31,14,14,0.0
5055,ens,2030,31,15,15,0.0
5056,ens,2030,31,16,16,0.0
5057,ens,2030,31,17,17,0.0
5058,ens,2030,31,18,18,0.0
5059,ens,2030,31,19,19,0.0
5060,ens,2030,31,20,20,0.0
5061,ens,2030,31,21,21,0.0
5062,ens,2030,31,22,22,0.0
5063,ens,2030,31,23,23,0.0
5064,ens,2030,31,24,24,0.0
5065,ens,2030,32,1,1,0.0
5066,ens,2030,32,2,2,0.0
5067,ens,2030,32,3,3,0.0
5068,ens,2030,32,4,4,0.0
5069,ens,2030,32,5,5,0.0
5070,ens,2030,32,6,6,0.0
5071,ens,2030,32,7,7,0.0
5072,ens,2030,32,8,8,0.0
5073,ens,2030,32,9,9,0.0
5074,ens,2030,32,10,10,0.0
5075,ens,2030,32,11,11,0.0
5076,ens,2030,32,12,12,0.0
5077,ens,2030,32,13,13,0.0
5078,ens,2030,32,14,14,0.0
5079,ens,2030,32,15,15,0.0
5080,ens,2030,32,16,16,0.0
5081,ens,2030,32,17,17,0.0
5082,ens,2030,32,18,18,0.0
5083,ens,2030,32,19,19,0.0
5084,ens,2030,32,20,20,0.0
5085,ens,2030,32,21,21,0.0
5086,ens,2030,32,22,22,0.0
5087,ens,2030,32,23,23,0.0
5088,ens,2030,32,24,24,0.0
5089,ens,2030,33,1,1,0.0
5090,ens,2030,33,2,2,0.0
5091,ens,2030,33,3,3,0.0
5092,ens,2030,33,4,4,0.0
5093,ens,2030,33,5,5,0.0
5094,ens,2030,33,6,6,0.0
5095,ens,2030,33,7,7,0.0
5096,ens,2030,33,8,8,0.0
5097,ens,2030,33,9,9,0.0
5098,ens,2030,33,10,10,0.0
5099,ens,2030,33,11,11,0.0
5100,ens,2030,33,12,12,0.0
5101,ens,2030,33,13,13,0.0
5102,ens,2030,33,14,14,0.0
5103,ens,2030,33,15,15,0.0
5104,ens,2030,33,16,16,0.0
5105,ens,2030,33,17,17,0.0
5106,ens,2030,33,18,18,0.0
5107,ens,2030,33,19,19,0.0
5108,ens,2030,33,20,20,0.0
5109,ens,2030,33,21,21,0.0
5110,ens,2030,33,22,22,0.0
5111,ens,2030,33,23,23,0.0
5112,ens,2030,33,24,24,0.0
5113,ens,2030,34,1,1,0.0
5114,ens,2030,34,2,2,0.0
5115,ens,2030,34,3,3,0.0
5116,ens,2030,34,4,4,0.0
5117,ens,2030,34,5,5,0.0
5118,ens,2030,34,6,6,0.0
5119,ens,2030,34,7,7,0.0
5120,ens,2030,34,8,8,0.0
5121,ens,2030,34,9,9,0.0
5122,ens,2030,34,10,10,0.0
5123,ens,2030,34,11,11,0.0
5124,ens,2030,34,12,12,0.0
5125,ens,2030,34,13,13,0.0
5126,ens,2030,34,14,14,0.0
5127,ens,2030,34,15,15,0.0
5128,ens,2030,34,16,16,0.0
5129,ens,2030,34,17,17,0.0
5130,ens,2030,34,18,18,0.0
5131,ens,2030,34,19,19,0.0
5132,ens,2030,34,20,20,0.0
5133,ens,2030,34,21,21,0.0
5134,ens,2030,34,22,22,0.0
5135,ens,2030,34,23,23,0.0
5136,ens,2030,34,24,24,0.0
5137,ens,2030,35,1,1,0.0
5138,ens,2030,35,2,2,0.0
5139,ens,2030,35,3,3,0.0
5140,ens,2030,35,4,4,0.0
5141,ens,2030,35,5,5,0.0
5142,ens,2030,35,6,6,0.0
5143,ens,2030,35,7,7,0.0
5144,ens,2030,35,8,8,0.0
5145,ens,2030,35,9,9,0.0
5146,ens,2030,35,10,10,0.0
5147,ens,2030,35,11,11,0.0
5148,ens,2030,35,12,12,0.0
5149,ens,2030,35,13,13,0.0
5150,ens,2030,35,14,14,0.0
5151,ens,2030,35,15,15,0.0
5152,ens,2030,35,16,16,0.0
5153,ens,2030,35,17,17,0.0
5154,ens,2030,35,18,18,0.0
5155,ens,2030,35,19,19,0.0
5156,ens,2030,35,20,20,0.0
5157,ens,2030,35,21,21,0.0
5158,ens,2030,35,22,22,0.0
5159,ens,2030,35,23,23,0.0
5160,ens,2030,35,24,24,0.0
5161,ens,2030,36,1,1,0.0
5162,ens,2030,36,2,2,0.0
5163,ens,2030,36,3,3,0.0
5164,ens,2030,36,4,4,0.0
5165,ens,2030,36,5,5,0.0
5166,ens,2030,36,6,6,0.0
5167,ens,2030,36,7,7,0.0
5168,ens,2030,36,8,8,0.0
5169,ens,2030,36,9,9,0.0
5170,ens,2030,36,10,10,0.0
5171,ens,2030,36,11,11,0.0
5172,ens,2030,36,12,12,0.0
5173,ens,2030,36,13,13,0.0
5174,ens,2030,36,14,14,0.0
5175,ens,2030,36,15,15,0.0
5176,ens,2030,36,16,16,0.0
5177,ens,2030,36,17,17,0.0
5178,ens,2030,36,18,18,0.0
5179,ens,2030,36,19,19,0.0
5180,ens,2030,36,20,20,0.0
5181,ens,2030,36,21,21,0.0
5182,ens,2030,36,22,22,0.0
5183,ens,2030,36,23,23,0.0
5184,ens,2030,36,24,24,0.0
5185,ens,2030,37,1,1,0.0
5186,ens,2030,37,2,2,0.0
5187,ens,2030,37,3,3,0.0
5188,ens,2030,37,4,4,0.0
5189,ens,2030,37,5,5,0.0
5190,ens,2030,37,6,6,0.0
5191,ens,2030,37,7,7,0.0
5192,ens,2030,37,8,8,0.0
5193,ens,2030,37,9,9,0.0
5194,ens,2030,37,10,10,0.0
5195,ens,2030,37,11,11,0.0
5196,ens,2030,37,12,12,0.0
5197,ens,2030,37,13,13,0.0
5198,ens,2030,37,14,14,0.0
5199,ens,2030,37,15,15,0.0
5200,ens,2030,37,16,16,0.0
5201,ens,2030,37,17,17,0.0
5202,ens,2030,37,18,18,0.0
5203,ens,2030,37,19,19,0.0
5204,ens,2030,37,20,20,0.0
5205,ens,2030,37,21,21,0.0
5206,ens,2030,37,22,22,0.0
5207,ens,2030,37,23,23,0.0
5208,ens,2030,37,24,24,0.0
5209,ens,2030,38,1,1,0.0
5210,ens,2030,38,2,2,0.0
5211,ens,2030,38,3,3,0.0
5212,ens,2030,38,4,4,0.0
5213,ens,2030,38,5,5,0.0
5214,ens,2030,38,6,6,0.0
5215,ens,2030,38,7,7,0.0
5216,ens,2030,38,8,8,0.0
5217,ens,2030,38,9,9,0.0
5218,ens,2030,38,10,10,0.0
5219,ens,2030,38,11,11,0.0
5220,ens,2030,38,12,12,0.0
5221,ens,2030,38,13,13,0.0
5222,ens,2030,38,14,14,0.0
5223,ens,2030,38,15,15,0.0
5224,ens,2030,38,16,16,0.0
5225,ens,2030,38,17,17,0.0
5226,ens,2030,38,18,18,0.0
5227,ens,2030,38,19,19,0.0
5228,ens,2030,38,20,20,0.0
5229,ens,2030,38,21,21,0.0
5230,ens,2030,38,22,22,0.0
5231,ens,2030,38,23,23,0.0
5232,ens,2030,38,24,24,0.0
5233,ens,2030,39,1,1,0.0
5234,ens,2030,39,2,2,0.0
5235,ens,2030,39,3,3,0.0
5236,ens,2030,39,4,4,0.0
5237,ens,2030,39,5,5,0.0
5238,ens,2030,39,6,6,0.0
5239,ens,2030,39,7,7,0.0
5240,ens,2030,39,8,8,0.0
5241,ens,2030,39,9,9,0.0
5242,ens,2030,39,10,10,0.0
5243,ens,2030,39,11,11,0.0
5244,ens,2030,39,12,12,0.0
5245,ens,2030,39,13,13,0.0
5246,ens,2030,39,14,14,0.0
5247,ens,2030,39,15,15,0.0
5248,ens,2030,39,16,16,0.0
5249,ens,2030,39,17,17,0.0
5250,ens,2030,39,18,18,0.0
5251,ens,2030,39,19,19,0.0
5252,ens,2030,39,20,20,0.0
5253,ens,2030,39,21,21,0.0
5254,ens,2030,39,22,22,0.0
5255,ens,2030,39,23,23,0.0
5256,ens,2030,39,24,24,0.0
5257,ens,2030,40,1,1,0.0
5258,ens,2030,40,2,2,0.0
5259,ens,2030,40,3,3,0.0
5260,ens,2030,40,4,4,0.0
5261,ens,2030,40,5,5,0.0
5262,ens,2030,40,6,6,0.0
5263,ens,2030,40,7,7,0.0
5264,ens,2030,40,8,8,0.0
5265,ens,2030,40,9,9,0.0
5266,ens,2030,40,10,10,0.0
5267,ens,2030,40,11,11,0.0
5268,ens,2030,40,12,12,0.0
5269,ens,2030,40,13,13,0.0
5270,ens,2030,40,14,14,0.0
5271,ens,2030,40,15,15,0.0
5272,ens,2030,40,16,16,0.0
5273,ens,2030,40,17,17,0.0
5274,ens,2030,40,18,18,0.0
5275,ens,2030,40,19,19,0.0
5276,ens,2030,40,20,20,0.0
5277,ens,2030,40,21,21,0.0
5278,ens,2030,40,22,22,0.0
5279,ens,2030,40,23,23,0.0
5280,ens,2030,40,24,24,0.0
5281,ens,2030,41,1,1,0.0
5282,ens,2030,41,2,2,0.0
5283,ens,2030,41,3,3,0.0
5284,ens,2030,41,4,4,0.0
5285,ens,2030,41,5,5,0.0
5286,ens,2030,41,6,6,0.0
5287,ens,2030,41,7,7,0.0
5288,ens,2030,41,8,8,0.0
5289,ens,2030,41,9,9,0.0
5290,ens,2030,41,10,10,0.0
5291,ens,2030,41,11,11,0.0
5292,ens,2030,41,12,12,0.0
5293,ens,2030,41,13,13,0.0
5294,ens,2030,41,14,14,0.0
5295,ens,2030,41,15,15,0.0
5296,ens,2030,41,16,16,0.0
5297,ens,2030,41,17,17,0.0
5298,ens,2030,41,18,18,0.0
5299,ens,2030,41,19,19,0.0
5300,ens,2030,41,20,20,0.0
5301,ens,2030,41,21,21,0.0
5302,ens,2030,41,22,22,0.0
5303,ens,2030,41,23,23,0.0
5304,ens,2030,41,24,24,0.0
5305,ens,2030,42,1,1,0.0
5306,ens,2030,42,2,2,0.0
5307,ens,2030,42,3,3,0.0
5308,ens,2030,42,4,4,0.0
5309,ens,2030,42,5,5,0.0
5310,ens,2030,42,6,6,0.0
5311,ens,2030,42,7,7,0.0
5312,ens,2030,42,8,8,0.0
5313,ens,2030,42,9,9,0.0
5314,ens,2030,42,10,10,0.0
5315,ens,2030,42,11,11,0.0
5316,ens,2030,42,12,12,0.0
5317,ens,2030,42,13,13,0.0
5318,ens,2030,42,14,14,0.0
5319,ens,2030,42,15,15,0.0
5320,ens,2030,42,16,16,0.0
5321,ens,2030,42,17,17,0.0
5322,ens,2030,42,18,18,0.0
5323,ens,2030,42,19,19,0.0
5324,ens,2030,42,20,20,0.0
5325,ens,2030,42,21,21,0.0
5326,ens,2030,42,22,22,0.0
5327,ens,2030,42,23,23,0.0
5328,ens,2030,42,24,24,0.0
5329,ens,2030,43,1,1,0.0
5330,ens,2030,43,2,2,0.0
5331,ens,2030,43,3,3,0.0
5332,ens,2030,43,4,4,0.0
5333,ens,2030,43,5,5,0.0
5334,ens,2030,43,6,6,0.0
5335,ens,2030,43,7,7,0.0
5336,ens,2030,43,8,8,0.0
5337,ens,2030,43,9,9,0.0
5338,ens,2030,43,10,10,0.0
5339,ens,2030,43,11,11,0.0
5340,ens,2030,43,12,12,0.0
5341,ens,2030,43,13,13,0.0
5342,ens,2030,43,14,14,0.0
5343,ens,2030,43,15,15,0.0
5344,ens,2030,43,16,16,0.0
5345,ens,2030,43,17,17,0.0
5346,ens,2030,43,18,18,0.0
5347,ens,2030,43,19,19,0.0
5348,ens,2030,43,20,20,0.0
5349,ens,2030,43,21,21,0.0
5350,ens,2030,43,22,22,0.0
5351,ens,2030,43,23,23,0.0
5352,ens,2030,43,24,24,0.0
5353,ens,2030,44,1,1,0.0
5354,ens,2030,44,2,2,0.0
5355,ens,2030,44,3,3,0.0
5356,ens,2030,44,4,4,0.0
5357,ens,2030,44,5,5,0.0
5358,ens,2030,44,6,6,0.0
5359,ens,2030,44,7,7,0.0
5360,ens,2030,44,8,8,0.0
5361,ens,2030,44,9,9,0.0
5362,ens,2030,44,10,10,0.0
5363,ens,2030,44,11,11,0.0
5364,ens,2030,44,12,12,0.0
5365,ens,2030,44,13,13,0.0
5366,ens,2030,44,14,14,0.0
5367,ens,2030,44,15,15,0.0
5368,ens,2030,44,16,16,0.0
5369,ens,2030,44,17,17,0.0
5370,ens,2030,44,18,18,0.0
5371,ens,2030,44,19,19,0.0
5372,ens,2030,44,20,20,0.0
5373,ens,2030,44,21,21,0.0
5374,ens,2030,44,22,22,0.0
5375,ens,2030,44,23,23,0.0
5376,ens,2030,44,24,24,0.0
5377,ens,2030,45,1,1,0.0
5378,ens,2030,45,2,2,0.0
5379,ens,2030,45,3,3,0.0
5380,ens,2030,45,4,4,0.0
5381,ens,2030,45,5,5,0.0
5382,ens,2030,45,6,6,0.0
5383,ens,2030,45,7,7,0.0
5384,ens,2030,45,8,8,0.0
5385,ens,2030,45,9,9,0.0
5386,ens,2030,45,10,10,0.0
5387,ens,2030,45,11,11,0.0
5388,ens,2030,45,12,12,0.0
5389,ens,2030,45,13,13,0.0
5390,ens,2030,45,14,14,0.0
5391,ens,2030,45,15,15,0.0
5392,ens,2030,45,16,16,0.0
5393,ens,2030,45,17,17,0.0
5394,ens,2030,45,18,18,0.0
5395,ens,2030,45,19,19,0.0
5396,ens,2030,45,20,20,0.0
5397,ens,2030,45,21,21,0.0
5398,ens,2030,45,22,22,0.0
5399,ens,2030,45,23,23,0.0
5400,ens,2030,45,24,24,0.0
5401,ens,2030,46,1,1,0.0
5402,ens,2030,46,2,2,0.0
5403,ens,2030,46,3,3,0.0
5404,ens,2030,46,4,4,0.0
5405,ens,2030,46,5,5,0.0
5406,ens,2030,46,6,6,0.0
5407,ens,2030,46,7,7,0.0
5408,ens,2030,46,8,8,0.0
5409,ens,2030,46,9,9,0.0
5410,ens,2030,46,10,10,0.0
5411,ens,2030,46,11,11,0.0
5412,ens,2030,46,12,12,0.0
5413,ens,2030,46,13,13,0.0
5414,ens,2030,46,14,14,0.0
5415,ens,2030,46,15,15,0.0
5416,ens,2030,46,16,16,0.0
5417,ens,2030,46,17,17,0.0
5418,ens,2030,46,18,18,0.0
5419,ens,2030,46,19,19,0.0
5420,ens,2030,46,20,20,0.0
5421,ens,2030,46,21,21,0.0
5422,ens,2030,46,22,22,0.0
5423,ens,2030,46,23,23,0.0
5424,ens,2030,46,24,24,0.0
5425,ens,2030,47,1,1,0.0
5426,ens,2030,47,2,2,0.0
5427,ens,2030,47,3,3,0.0
5428,ens,2030,47,4,4,0.0
5429,ens,2030,47,5,5,0.0
5430,ens,2030,47,6,6,0.0
5431,ens,2030,47,7,7,0.0
5432,ens,2030,47,8,8,0.0
5433,ens,2030,47,9,9,0.0
5434,ens,2030,47,10,10,0.0
5435,ens,2030,47,11,11,0.0
5436,ens,2030,47,12,12,0.0
5437,ens,2030,47,13,13,0.0
5438,ens,2030,47,14,14,0.0
5439,ens,2030,47,15,15,0.0
5440,ens,2030,47,16,16,0.0
5441,ens,2030,47,17,17,0.0
5442,ens,2030,47,18,18,0.0
5443,ens,2030,47,19,19,0.0
5444,ens,2030,47,20,20,0.0
5445,ens,2030,47,21,21,0.0
5446,ens,2030,47,22,22,0.0
5447,ens,2030,47,23,23,0.0
5448,ens,2030,47,24,24,0.0
5449,ens,2030,48,1,1,0.0
5450,ens,2030,48,2,2,0.0
5451,ens,2030,48,3,3,0.0
5452,ens,2030,48,4,4,0.0
5453,ens,2030,48,5,5,0.0
5454,ens,2030,48,6,6,0.0
5455,ens,2030,48,7,7,0.0
5456,ens,2030,48,8,8,0.0
5457,ens,2030,48,9,9,0.0
5458,ens,2030,48,10,10,0.0
5459,ens,2030,48,11,11,0.0
5460,ens,2030,48,12,12,0.0
5461,ens,2030,48,13,13,0.0
5462,ens,2030,48,14,14,0.0
5463,ens,2030,48,15,15,0.0
5464,ens,2030,48,16,16,0.0
5465,ens,2030,48,17,17,0.0
5466,ens,2030,48,18,18,0.0
5467,ens,2030,48,19,19,0.0
5468,ens,2030,48,20,20,0.0
5469,ens,2030,48,21,21,0.0
5470,ens,2030,48,22,22,0.0
5471,ens,2030,48,23,23,0.0
5472,ens,2030,48,24,24,0.0
5473,ens,2030,49,1,1,0.0
5474,ens,2030,49,2,2,0.0
5475,ens,2030,49,3,3,0.0
5476,ens,2030,49,4,4,0.0
5477,ens,2030,49,5,5,0.0
5478,ens,2030,49,6,6,0.0
5479,ens,2030,49,7,7,0.0
5480,ens,2030,49,8,8,0.0
5481,ens,2030,49,9,9,0.0
5482,ens,2030,49,10,10,0.0
5483,ens,2030,49,11,11,0.0
5484,ens,2030,49,12,12,0.0
5485,ens,2030,49,13,13,0.0
5486,ens,2030,49,14,14,0.0
5487,ens,2030,49,15,15,0.0
5488,ens,2030,49,16,16,0.0
5489,ens,2030,49,17,17,0.0
5490,ens,2030,49,18,18,0.0
5491,ens,2030,49,19,19,0.0
5492,ens,2030,49,20,20,0.0
5493,ens,2030,49,21,21,0.0
5494,ens,2030,49,22,22,0.0
5495,ens,2030,49,23,23,0.0
5496,ens,2030,49,24,24,0.0
5497,ens,2030,50,1,1,0.0
5498,ens,2030,50,2,2,0.0
5499,ens,2030,50,3,3,0.0
5500,ens,2030,50,4,4,0.0
5501,ens,2030,50,5,5,0.0
5502,ens,2030,50,6,6,0.0
5503,ens,2030,50,7,7,0.0
5504,ens,2030,50,8,8,0.0
5505,ens,2030,50,9,9,0.0
5506,ens,2030,50,10,10,0.0
5507,ens,2030,50,11,11,0.0
5508,ens,2030,50,12,12,0.0
5509,ens,2030,50,13,13,0.0
5510,ens,2030,50,14,14,0.0
5511,ens,2030,50,15,15,0.0
5512,ens,2030,50,16,16,0.0
5513,ens,2030,50,17,17,0.0
5514,ens,2030,50,18,18,0.0
5515,ens,2030,50,19,19,0.0
5516,ens,2030,50,20,20,0.0
5517,ens,2030,50,21,21,0.0
5518,ens,2030,50,22,22,0.0
5519,ens,2030,50,23,23,0.0
5520,ens,2030,50,24,24,0.0
5521,ens,2030,51,1,1,0.0
5522,ens,2030,51,2,2,0.0
5523,ens,2030,51,3,3,0.0
5524,ens,2030,51,4,4,0.0
5525,ens,2030,51,5,5,0.0
5526,ens,2030,51,6,6,0.0
5527,ens,2030,51,7,7,0.0
5528,ens,2030,51,8,8,0.0
5529,ens,2030,51,9,9,0.0
5530,ens,2030,51,10,10,0.0
5531,ens,2030,51,11,11,0.0
5532,ens,2030,51,12,12,0.0
5533,ens,2030,51,13,13,0.0
5534,ens,2030,51,14,14,0.0
5535,ens,2030,51,15,15,0.0
5536,ens,2030,51,16,16,0.0
5537,ens,2030,51,17,17,0.0
5538,ens,2030,51,18,18,0.0
5539,ens,2030,51,19,19,0.0
5540,ens,2030,51,20,20,0.0
5541,ens,2030,51,21,21,0.0
5542,ens,2030,51,22,22,0.0
5543,ens,2030,51,23,23,0.0
5544,ens,2030,51,24,24,0.0
5545,ens,2030,52,1,1,0.0
5546,ens,2030,52,2,2,0.0
5547,ens,2030,52,3,3,0.0
5548,ens,2030,52,4,4,0.0
5549,ens,2030,52,5,5,0.0
5550,ens,2030,52,6,6,0.0
5551,ens,2030,52,7,7,0.0
5552,ens,2030,52,8,8,0.0
5553,ens,2030,52,9,9,0.0
5554,ens,2030,52,10,10,0.0
5555,ens,2030,52,11,11,0.0
5556,ens,2030,52,12,12,0.0
5557,ens,2030,52,13,13,0.0
5558,ens,2030,52,14,14,0.0
5559,ens,2030,52,15,15,0.0
5560,ens,2030,52,16,16,0.0
5561,ens,2030,52,17,17,0.0
5562,ens,2030,52,18,18,0.0
5563,ens,2030,52,19,19,0.0
5564,ens,2030,52,20,20,0.0
5565,ens,2030,52,21,21,0.0
5566,ens,2030,52,22,22,0.0
5567,ens,2030,52,23,23,0.0
5568,ens,2030,52,24,24,0.0
5569,ens,2030,53,1,1,0.0
5570,ens,2030,53,2,2,0.0
5571,ens,2030,53,3,3,0.0
5572,ens,2030,53,4,4,0.0
5573,ens,2030,53,5,5,0.0
5574,ens,2030,53,6,6,0.0
5575,ens,2030,53,7,7,0.0
5576,ens,2030,53,8,8,0.0
5577,ens,2030,53,9,9,0.0
5578,ens,2030,53,10,10,0.0
5579,ens,2030,53,11,11,0.0
5580,ens,2030,53,12,12,0.0
5581,ens,2030,53,13,13,0.0
5582,ens,2030,53,14,14,0.0
5583,ens,2030,53,15,15,0.0
5584,ens,2030,53,16,16,0.0
5585,ens,2030,53,17,17,0.0
5586,ens,2030,53,18,18,0.0
5587,ens,2030,53,19,19,0.0
5588,ens,2030,53,20,20,0.0
5589,ens,2030,53,21,21,0.0
5590,ens,2030,53,22,22,0.0
5591,ens,2030,53,23,23,0.0
5592,ens,2030,53,24,24,0.0
5593,ens,2030,54,1,1,0.0
5594,ens,2030,54,2,2,0.0
5595,ens,2030,54,3,3,0.0
5596,ens,2030,54,4,4,0.0
5597,ens,2030,54,5,5,0.0
5598,ens,2030,54,6,6,0.0
5599,ens,2030,54,7,7,0.0
5600,ens,2030,54,8,8,0.0
5601,ens,2030,54,9,9,0.0
5602,ens,2030,54,10,10,0.0
5603,ens,2030,54,11,11,0.0
5604,ens,2030,54,12,12,0.0
5605,ens,2030,54,13,13,0.0
5606,ens,2030,54,14,14,0.0
5607,ens,2030,54,15,15,0.0
5608,ens,2030,54,16,16,0.0
5609,ens,2030,54,17,17,0.0
5610,ens,2030,54,18,18,0.0
5611,ens,2030,54,19,19,0.0
5612,ens,2030,54,20,20,0.0
5613,ens,2030,54,21,21,0.0
5614,ens,2030,54,22,22,0.0
5615,ens,2030,54,23,23,0.0
5616,ens,2030,54,24,24,0.0
5617,ens,2030,55,1,1,0.0
5618,ens,2030,55,2,2,0.0
5619,ens,2030,55,3,3,0.0
5620,ens,2030,55,4,4,0.0
5621,ens,2030,55,5,5,0.0
5622,ens,2030,55,6,6,0.0
5623,ens,2030,55,7,7,0.0
5624,ens,2030,55,8,8,0.0
5625,ens,2030,55,9,9,0.0
5626,ens,2030,55,10,10,0.0
5627,ens,2030,55,11,11,0.0
5628,ens,2030,55,12,12,0.0
5629,ens,2030,55,13,13,0.0
5630,ens,2030,55,14,14,0.0
5631,ens,2030,55,15,15,0.0
5632,ens,2030,55,16,16,0.0
5633,ens,2030,55,17,17,0.0
5634,ens,2030,55,18,18,0.0
5635,ens,2030,55,19,19,0.0
5636,ens,2030,55,20,20,0.0
5637,ens,2030,55,21,21,0.0
5638,ens,2030,55,22,22,0.0
5639,ens,2030,55,23,23,0.0
5640,ens,2030,55,24,24,0.0
5641,ens,2030,56,1,1,0.0
5642,ens,2030,56,2,2,0.0
5643,ens,2030,56,3,3,0.0
5644,ens,2030,56,4,4,0.0
5645,ens,2030,56,5,5,0.0
5646,ens,2030,56,6,6,0.0
5647,ens,2030,56,7,7,0.0
5648,ens,2030,56,8,8,0.0
5649,ens,2030,56,9,9,0.0
5650,ens,2030,56,10,10,0.0
5651,ens,2030,56,11,11,0.0
5652,ens,2030,56,12,12,0.0
5653,ens,2030,56,13,13,0.0
5654,ens,2030,56,14,14,0.0
5655,ens,2030,56,15,15,0.0
5656,ens,2030,56,16,16,0.0
5657,ens,2030,56,17,17,0.0
5658,ens,2030,56,18,18,0.0
5659,ens,2030,56,19,19,0.0
5660,ens,2030,56,20,20,0.0
5661,ens,2030,56,21,21,0.0
5662,ens,2030,56,22,22,0.0
5663,ens,2030,56,23,23,0.0
5664,ens,2030,56,24,24,0.0
5665,ens,2030,57,1,1,0.0
5666,ens,2030,57,2,2,0.0
5667,ens,2030,57,3,3,0.0
5668,ens,2030,57,4,4,0.0
5669,ens,2030,57,5,5,0.0
5670,ens,2030,57,6,6,0.0
5671,ens,2030,57,7,7,0.0
5672,ens,2030,57,8,8,0.0
5673,ens,2030,57,9,9,0.0
5674,ens,2030,57,10,10,0.0
5675,ens,2030,57,11,11,0.0
5676,ens,2030,57,12,12,0.0
5677,ens,2030,57,13,13,0.0
5678,ens,2030,57,14,14,0.0
5679,ens,2030,57,15,15,0.0
5680,ens,2030,57,16,16,0.0
5681,ens,2030,57,17,17,0.0
5682,ens,2030,57,18,18,0.0
5683,ens,2030,57,19,19,0.0
5684,ens,2030,57,20,20,0.0
5685,ens,2030,57,21,21,0.0
5686,ens,2030,57,22,22,0.0
5687,ens,2030,57,23,23,0.0
5688,ens,2030,57,24,24,0.0
5689,ens,2030,58,1,1,0.0
5690,ens,2030,58,2,2,0.0
5691,ens,2030,58,3,3,0.0
5692,ens,2030,58,4,4,0.0
5693,ens,2030,58,5,5,0.0
5694,ens,2030,58,6,6,0.0
5695,ens,2030,58,7,7,0.0
5696,ens,2030,58,8,8,0.0
5697,ens,2030,58,9,9,0.0
5698,ens,2030,58,10,10,0.0
5699,ens,2030,58,11,11,0.0
5700,ens,2030,58,12,12,0.0
5701,ens,2030,58,13,13,0.0
5702,ens,2030,58,14,14,0.0
5703,ens,2030,58,15,15,0.0
5704,ens,2030,58,16,16,0.0
5705,ens,2030,58,17,17,0.0
5706,ens,2030,58,18,18,0.0
5707,ens,2030,58,19,19,0.0
5708,ens,2030,58,20,20,0.0
5709,ens,2030,58,21,21,0.0
5710,ens,2030,58,22,22,0.0
5711,ens,2030,58,23,23,0.0
5712,ens,2030,58,24,24,0.0
5713,ens,2030,59,1,1,0.0
5714,ens,2030,59,2,2,0.0
5715,ens,2030,59,3,3,0.0
5716,ens,2030,59,4,4,0.0
5717,ens,2030,59,5,5,0.0
5718,ens,2030,59,6,6,0.0
5719,ens,2030,59,7,7,0.0
5720,ens,2030,59,8,8,0.0
5721,ens,2030,59,9,9,0.0
5722,ens,2030,59,10,10,0.0
5723,ens,2030,59,11,11,0.0
5724,ens,2030,59,12,12,0.0
5725,ens,2030,59,13,13,0.0
5726,ens,2030,59,14,14,0.0
5727,ens,2030,59,15,15,0.0
5728,ens,2030,59,16,16,0.0
5729,ens,2030,59,17,17,0.0
5730,ens,2030,59,18,18,0.0
5731,ens,2030,59,19,19,0.0
5732,ens,2030,59,20,20,0.0
5733,ens,2030,59,21,21,0.0
5734,ens,2030,59,22,22,0.0
5735,ens,2030,59,23,23,0.0
5736,ens,2030,59,24,24,0.0
5737,ens,2030,60,1,1,0.0
5738,ens,2030,60,2,2,0.0
5739,ens,2030,60,3,3,0.0
5740,ens,2030,60,4,4,0.0
5741,ens,2030,60,5,5,0.0
5742,ens,2030,60,6,6,0.0
5743,ens,2030,60,7,7,0.0
5744,ens,2030,60,8,8,0.0
5745,ens,2030,60,9,9,0.0
5746,ens,2030,60,10,10,0.0
5747,ens,2030,60,11,11,0.0
5748,ens,2030,60,12,12,0.0
5749,ens,2030,60,13,13,0.0
5750,ens,2030,60,14,14,0.0
5751,ens,2030,60,15,15,0.0
5752,ens,2030,60,16,16,0.0
5753,ens,2030,60,17,17,0.0
5754,ens,2030,60,18,18,0.0
5755,ens,2030,60,19,19,0.0
5756,ens,2030,60,20,20,0.0
5757,ens,2030,60,21,21,0.0
5758,ens,2030,60,22,22,0.0
5759,ens,2030,60,23,23,0.0
5760,ens,2030,60,24,24,0.0
5761,ens,2030,61,1,1,0.0
5762,ens,2030,61,2,2,0.0
5763,ens,2030,61,3,3,0.0
5764,ens,2030,61,4,4,0.0
5765,ens,2030,61,5,5,0.0
5766,ens,2030,61,6,6,0.0
5767,ens,2030,61,7,7,0.0
5768,ens,2030,61,8,8,0.0
5769,ens,2030,61,9,9,0.0
5770,ens,2030,61,10,10,0.0
5771,ens,2030,61,11,11,0.0
5772,ens,2030,61,12,12,0.0
5773,ens,2030,61,13,13,0.0
5774,ens,2030,61,14,14,0.0
5775,ens,2030,61,15,15,0.0
5776,ens,2030,61,16,16,0.0
5777,ens,2030,61,17,17,0.0
5778,ens,2030,61,18,18,0.0
5779,ens,2030,61,19,19,0.0
5780,ens,2030,61,20,20,0.0
5781,ens,2030,61,21,21,0.0
5782,ens,2030,61,22,22,0.0
5783,ens,2030,61,23,23,0.0
5784,ens,2030,61,24,24,0.0
5785,ens,2030,62,1,1,0.0
5786,ens,2030,62,2,2,0.0
5787,ens,2030,62,3,3,0.0
5788,ens,2030,62,4,4,0.0
5789,ens,2030,62,5,5,0.0
5790,ens,2030,62,6,6,0.0
5791,ens,2030,62,7,7,0.0
5792,ens,2030,62,8,8,0.0
5793,ens,2030,62,9,9,0.0
5794,ens,2030,62,10,10,0.0
5795,ens,2030,62,11,11,0.0
5796,ens,2030,62,12,12,0.0
5797,ens,2030,62,13,13,0.0
5798,ens,2030,62,14,14,0.0
5799,ens,2030,62,15,15,0.0
5800,ens,2030,62,16,16,0.0
5801,ens,2030,62,17,17,0.0
5802,ens,2030,62,18,18,0.0
5803,ens,2030,62,19,19,0.0
5804,ens,2030,62,20,20,0.0
5805,ens,2030,62,21,21,0.0
5806,ens,2030,62,22,22,0.0
5807,ens,2030,62,23,23,0.0
5808,ens,2030,62,24,24,0.0
5809,ens,2030,63,1,1,0.0
5810,ens,2030,63,2,2,0.0
5811,ens,2030,63,3,3,0.0
5812,ens,2030,63,4,4,0.0
5813,ens,2030,63,5,5,0.0
5814,ens,2030,63,6,6,0.0
5815,ens,2030,63,7,7,0.0
5816,ens,2030,63,8,8,0.0
5817,ens,2030,63,9,9,0.0
5818,ens,2030,63,10,10,0.0
5819,ens,2030,63,11,11,0.0
5820,ens,2030,63,12,12,0.0
5821,ens,2030,63,13,13,0.0
5822,ens,2030,63,14,14,0.0
5823,ens,2030,63,15,15,0.0
5824,ens,2030,63,16,16,0.0
5825,ens,2030,63,17,17,0.0
5826,ens,2030,63,18,18,0.0
5827,ens,2030,63,19,19,0.0
5828,ens,2030,63,20,20,0.0
5829,ens,2030,63,21,21,0.0
5830,ens,2030,63,22,22,0.0
5831,ens,2030,63,23,23,0.0
5832,ens,2030,63,24,24,0.0
5833,ens,2030,64,1,1,0.0
5834,ens,2030,64,2,2,0.0
5835,ens,2030,64,3,3,0.0
5836,ens,2030,64,4,4,0.0
5837,ens,2030,64,5,5,0.0
5838,ens,2030,64,6,6,0.0
5839,ens,2030,64,7,7,0.0
5840,ens,2030,64,8,8,0.0
5841,ens,2030,64,9,9,0.0
5842,ens,2030,64,10,10,0.0
5843,ens,2030,64,11,11,0.0
5844,ens,2030,64,12,12,0.0
5845,ens,2030,64,13,13,0.0
5846,ens,2030,64,14,14,0.0
5847,ens,2030,64,15,15,0.0
5848,ens,2030,64,16,16,0.0
5849,ens,2030,64,17,17,0.0
5850,ens,2030,64,18,18,0.0
5851,ens,2030,64,19,19,0.0
5852,ens,2030,64,20,20,0.0
5853,ens,2030,64,21,21,0.0
5854,ens,2030,64,22,22,0.0
5855,ens,2030,64,23,23,0.0
5856,ens,2030,64,24,24,0.0
5857,ens,2030,65,1,1,0.0
5858,ens,2030,65,2,2,0.0
5859,ens,2030,65,3,3,0.0
5860,ens,2030,65,4,4,0.0
5861,ens,2030,65,5,5,0.0
5862,ens,2030,65,6,6,0.0
5863,ens,2030,65,7,7,0.0
5864,ens,2030,65,8,8,0.0
5865,ens,2030,65,9,9,0.0
5866,ens,2030,65,10,10,0.0
5867,ens,2030,65,11,11,0.0
5868,ens,2030,65,12,12,0.0
5869,ens,2030,65,13,13,0.0
5870,ens,2030,65,14,14,0.0
5871,ens,2030,65,15,15,0.0
5872,ens,2030,65,16,16,0.0
5873,ens,2030,65,17,17,0.0
5874,ens,2030,65,18,18,0.0
5875,ens,2030,65,19,19,0.0
5876,ens,2030,65,20,20,0.0
5877,ens,2030,65,21,21,0.0
5878,ens,2030,65,22,22,0.0
5879,ens,2030,65,23,23,0.0
5880,ens,2030,65,24,24,0.0
5881,ens,2030,66,1,1,0.0
5882,ens,2030,66,2,2,0.0
5883,ens,2030,66,3,3,0.0
5884,ens,2030,66,4,4,0.0
5885,ens,2030,66,5,5,0.0
5886,ens,2030,66,6,6,0.0
5887,ens,2030,66,7,7,0.0
5888,ens,2030,66,8,8,0.0
5889,ens,2030,66,9,9,0.0
5890,ens,2030,66,10,10,0.0
5891,ens,2030,66,11,11,0.0
5892,ens,2030,66,12,12,0.0
5893,ens,2030,66,13,13,0.0
5894,ens,2030,66,14,14,0.0
5895,ens,2030,66,15,15,0.0
5896,ens,2030,66,16,16,0.0
5897,ens,2030,66,17,17,0.0
5898,ens,2030,66,18,18,0.0
5899,ens,2030,66,19,19,0.0
5900,ens,2030,66,20,20,0.0
5901,ens,2030,66,21,21,0.0
5902,ens,2030,66,22,22,0.0
5903,ens,2030,66,23,23,0.0
5904,ens,2030,66,24,24,0.0
5905,ens,2030,67,1,1,0.0
5906,ens,2030,67,2,2,0.0
5907,ens,2030,67,3,3,0.0
5908,ens,2030,67,4,4,0.0
5909,ens,2030,67,5,5,0.0
5910,ens,2030,67,6,6,0.0
5911,ens,2030,67,7,7,0.0
5912,ens,2030,67,8,8,0.0
5913,ens,2030,67,9,9,0.0
5914,ens,2030,67,10,10,0.0
5915,ens,2030,67,11,11,0.0
5916,ens,2030,67,12,12,0.0
5917,ens,2030,67,13,13,0.0
5918,ens,2030,67,14,14,0.0
5919,ens,2030,67,15,15,0.0
5920,ens,2030,67,16,16,0.0
5921,ens,2030,67,17,17,0.0
5922,ens,2030,67,18,18,0.0
5923,ens,2030,67,19,19,0.0
5924,ens,2030,67,20,20,0.0
5925,ens,2030,67,21,21,0.0
5926,ens,2030,67,22,22,0.0
5927,ens,2030,67,23,23,0.0
5928,ens,2030,67,24,24,0.0
5929,ens,2030,68,1,1,0.0
5930,ens,2030,68,2,2,0.0
5931,ens,2030,68,3,3,0.0
5932,ens,2030,68,4,4,0.0
5933,ens,2030,68,5,5,0.0
5934,ens,2030,68,6,6,0.0
5935,ens,2030,68,7,7,0.0
5936,ens,2030,68,8,8,0.0
5937,ens,2030,68,9,9,0.0
5938,ens,2030,68,10,10,0.0
5939,ens,2030,68,11,11,0.0
5940,ens,2030,68,12,12,0.0
5941,ens,2030,68,13,13,0.0
5942,ens,2030,68,14,14,0.0
5943,ens,2030,68,15,15,0.0
5944,ens,2030,68,16,16,0.0
5945,ens,2030,68,17,17,0.0
5946,ens,2030,68,18,18,0.0
5947,ens,2030,68,19,19,0.0
5948,ens,2030,68,20,20,0.0
5949,ens,2030,68,21,21,0.0
5950,ens,2030,68,22,22,0.0
5951,ens,2030,68,23,23,0.0
5952,ens,2030,68,24,24,0.0
5953,ens,2030,69,1,1,0.0
5954,ens,2030,69,2,2,0.0
5955,ens,2030,69,3,3,0.0
5956,ens,2030,69,4,4,0.0
5957,ens,2030,69,5,5,0.0
5958,ens,2030,69,6,6,0.0
5959,ens,2030,69,7,7,0.0
5960,ens,2030,69,8,8,0.0
5961,ens,2030,69,9,9,0.0
5962,ens,2030,69,10,10,0.0
5963,ens,2030,69,11,11,0.0
5964,ens,2030,69,12,12,0.0
5965,ens,2030,69,13,13,0.0
5966,ens,2030,69,14,14,0.0
5967,ens,2030,69,15,15,0.0
5968,ens,2030,69,16,16,0.0
5969,ens,2030,69,17,17,0.0
5970,ens,2030,69,18,18,0.0
5971,ens,2030,69,19,19,0.0
5972,ens,2030,69,20,20,0.0
5973,ens,2030,69,21,21,0.0
5974,ens,2030,69,22,22,0.0
5975,ens,2030,69,23,23,0.0
5976,ens,2030,69,24,24,0.0
5977,ens,2030,70,1,1,0.0
5978,ens,2030,70,2,2,0.0
5979,ens,2030,70,3,3,0.0
5980,ens,2030,70,4,4,0.0
5981,ens,2030,70,5,5,0.0
5982,ens,2030,70,6,6,0.0
5983,ens,2030,70,7,7,0.0
5984,ens,2030,70,8,8,0.0
5985,ens,2030,70,9,9,0.0
5986,ens,2030,70,10,10,0.0
5987,ens,2030,70,11,11,0.0
5988,ens,2030,70,12,12,0.0
5989,ens,2030,70,13,13,0.0
5990,ens,2030,70,14,14,0.0
5991,ens,2030,70,15,15,0.0
5992,ens,2030,70,16,16,0.0
5993,ens,2030,70,17,17,0.0
5994,ens,2030,70,18,18,0.0
5995,ens,2030,70,19,19,0.0
5996,ens,2030,70,20,20,0.0
5997,ens,2030,70,21,21,0.0
5998,ens,2030,70,22,22,0.0
5999,ens,2030,70,23,23,0.0
6000,ens,2030,70,24,24,0.0
6001,ens,2030,71,1,1,0.0
6002,ens,2030,71,2,2,0.0
6003,ens,2030,71,3,3,0.0
6004,ens,2030,71,4,4,0.0
6005,ens,2030,71,5,5,0.0
6006,ens,2030,71,6,6,0.0
6007,ens,2030,71,7,7,0.0
6008,ens,2030,71,8,8,0.0
6009,ens,2030,71,9,9,0.0
6010,ens,2030,71,10,10,0.0
6011,ens,2030,71,11,11,0.0
6012,ens,2030,71,12,12,0.0
6013,ens,2030,71,13,13,0.0
6014,ens,2030,71,14,14,0.0
6015,ens,2030,71,15,15,0.0
6016,ens,2030,71,16,16,0.0
6017,ens,2030,71,17,17,0.0
6018,ens,2030,71,18,18,0.0
6019,ens,2030,71,19,19,0.0
6020,ens,2030,71,20,20,0.0
6021,ens,2030,71,21,21,0.0
6022,ens,2030,71,22,22,0.0
6023,ens,2030,71,23,23,0.0
6024,ens,2030,71,24,24,0.0
6025,ens,2030,72,1,1,0.0
6026,ens,2030,72,2,2,0.0
6027,ens,2030,72,3,3,0.0
6028,ens,2030,72,4,4,0.0
6029,ens,2030,72,5,5,0.0
6030,ens,2030,72,6,6,0.0
6031,ens,2030,72,7,7,0.0
6032,ens,2030,72,8,8,0.0
6033,ens,2030,72,9,9,0.0
6034,ens,2030,72,10,10,0.0
6035,ens,2030,72,11,11,0.0
6036,ens,2030,72,12,12,0.0
6037,ens,2030,72,13,13,0.0
6038,ens,2030,72,14,14,0.0
6039,ens,2030,72,15,15,0.0
6040,ens,2030,72,16,16,0.0
6041,ens,2030,72,17,17,0.0
6042,ens,2030,72,18,18,0.0
6043,ens,2030,72,19,19,0.0
6044,ens,2030,72,20,20,0.0
6045,ens,2030,72,21,21,0.0
6046,ens,2030,72,22,22,0.0
6047,ens,2030,72,23,23,0.0
6048,ens,2030,72,24,24,0.0
6049,ens,2030,73,1,1,0.0
6050,ens,2030,73,2,2,0.0
6051,ens,2030,73,3,3,0.0
6052,ens,2030,73,4,4,0.0
6053,ens,2030,73,5,5,0.0
6054,ens,2030,73,6,6,0.0
6055,ens,2030,73,7,7,0.0
6056,ens,2030,73,8,8,0.0
6057,ens,2030,73,9,9,0.0
6058,ens,2030,73,10,10,0.0
6059,ens,2030,73,11,11,0.0
6060,ens,2030,73,12,12,0.0
6061,ens,2030,73,13,13,0.0
6062,ens,2030,73,14,14,0.0
6063,ens,2030,73,15,15,0.0
6064,ens,2030,73,16,16,0.0
6065,ens,2030,73,17,17,0.0
6066,ens,2030,73,18,18,0.0
6067,ens,2030,73,19,19,0.0
6068,ens,2030,73,20,20,0.0
6069,ens,2030,73,21,21,0.0
6070,ens,2030,73,22,22,0.0
6071,ens,2030,73,23,23,0.0
6072,ens,2030,73,24,24,0.0
6073,ens,2030,74,1,1,0.0
6074,ens,2030,74,2,2,0.0
6075,ens,2030,74,3,3,0.0
6076,ens,2030,74,4,4,0.0
6077,ens,2030,74,5,5,0.0
6078,ens,2030,74,6,6,0.0
6079,ens,2030,74,7,7,0.0
6080,ens,2030,74,8,8,0.0
6081,ens,2030,74,9,9,0.0
6082,ens,2030,74,10,10,0.0
6083,ens,2030,74,11,11,0.0
6084,ens,2030,74,12,12,0.0
6085,ens,2030,74,13,13,0.0
6086,ens,2030,74,14,14,0.0
6087,ens,2030,74,15,15,0.0
6088,ens,2030,74,16,16,0.0
6089,ens,2030,74,17,17,0.0
6090,ens,2030,74,18,18,0.0
6091,ens,2030,74,19,19,0.0
6092,ens,2030,74,20,20,0.0
6093,ens,2030,74,21,21,0.0
6094,ens,2030,74,22,22,0.0
6095,ens,2030,74,23,23,0.0
6096,ens,2030,74,24,24,0.0
6097,ens,2030,75,1,1,0.0
6098,ens,2030,75,2,2,0.0
6099,ens,2030,75,3,3,0.0
6100,ens,2030,75,4,4,0.0
6101,ens,2030,75,5,5,0.0
6102,ens,2030,75,6,6,0.0
6103,ens,2030,75,7,7,0.0
6104,ens,2030,75,8,8,0.0
6105,ens,2030,75,9,9,0.0
6106,ens,2030,75,10,10,0.0
6107,ens,2030,75,11,11,0.0
6108,ens,2030,75,12,12,0.0
6109,ens,2030,75,13,13,0.0
6110,ens,2030,75,14,14,0.0
6111,ens,2030,75,15,15,0.0
6112,ens,2030,75,16,16,0.0
6113,ens,2030,75,17,17,0.0
6114,ens,2030,75,18,18,0.0
6115,ens,2030,75,19,19,0.0
6116,ens,2030,75,20,20,0.0
6117,ens,2030,75,21,21,0.0
6118,ens,2030,75,22,22,0.0
6119,ens,2030,75,23,23,0.0
6120,ens,2030,75,24,24,0.0
6121,ens,2030,76,1,1,0.0
6122,ens,2030,76,2,2,0.0
6123,ens,2030,76,3,3,0.0
6124,ens,2030,76,4,4,0.0
6125,ens,2030,76,5,5,0.0
6126,ens,2030,76,6,6,0.0
6127,ens,2030,76,7,7,0.0
6128,ens,2030,76,8,8,0.0
6129,ens,2030,76,9,9,0.0
6130,ens,2030,76,10,10,0.0
6131,ens,2030,76,11,11,0.0
6132,ens,2030,76,12,12,0.0
6133,ens,2030,76,13,13,0.0
6134,ens,2030,76,14,14,0.0
6135,ens,2030,76,15,15,0.0
6136,ens,2030,76,16,16,0.0
6137,ens,2030,76,17,17,0.0
6138,ens,2030,76,18,18,0.0
6139,ens,2030,76,19,19,0.0
6140,ens,2030,76,20,20,0.0
6141,ens,2030,76,21,21,0.0
6142,ens,2030,76,22,22,0.0
6143,ens,2030,76,23,23,0.0
6144,ens,2030,76,24,24,0.0
6145,ens,2030,77,1,1,0.0
6146,ens,2030,77,2,2,0.0
6147,ens,2030,77,3,3,0.0
6148,ens,2030,77,4,4,0.0
6149,ens,2030,77,5,5,0.0
6150,ens,2030,77,6,6,0.0
6151,ens,2030,77,7,7,0.0
6152,ens,2030,77,8,8,0.0
6153,ens,2030,77,9,9,0.0
6154,ens,2030,77,10,10,0.0
6155,ens,2030,77,11,11,0.0
6156,ens,2030,77,12,12,0.0
6157,ens,2030,77,13,13,0.0
6158,ens,2030,77,14,14,0.0
6159,ens,2030,77,15,15,0.0
6160,ens,2030,77,16,16,0.0
6161,ens,2030,77,17,17,0.0
6162,ens,2030,77,18,18,0.0
6163,ens,2030,77,19,19,0.0
6164,ens,2030,77,20,20,0.0
6165,ens,2030,77,21,21,0.0
6166,ens,2030,77,22,22,0.0
6167,ens,2030,77,23,23,0.0
6168,ens,2030,77,24,24,0.0
6169,ens,2030,78,1,1,0.0
6170,ens,2030,78,2,2,0.0
6171,ens,2030,78,3,3,0.0
6172,ens,2030,78,4,4,0.0
6173,ens,2030,78,5,5,0.0
6174,ens,2030,78,6,6,0.0
6175,ens,2030,78,7,7,0.0
6176,ens,2030,78,8,8,0.0
6177,ens,2030,78,9,9,0.0
6178,ens,2030,78,10,10,0.0
6179,ens,2030,78,11,11,0.0
6180,ens,2030,78,12,12,0.0
6181,ens,2030,78,13,13,0.0
6182,ens,2030,78,14,14,0.0
6183,ens,2030,78,15,15,0.0
6184,ens,2030,78,16,16,0.0
6185,ens,2030,78,17,17,0.0
6186,ens,2030,78,18,18,0.0
6187,ens,2030,78,19,19,0.0
6188,ens,2030,78,20,20,0.0
6189,ens,2030,78,21,21,0.0
6190,ens,2030,78,22,22,0.0
6191,ens,2030,78,23,23,0.0
6192,ens,2030,78,24,24,0.0
6193,ens,2030,79,1,1,0.0
6194,ens,2030,79,2,2,0.0
6195,ens,2030,79,3,3,0.0
6196,ens,2030,79,4,4,0.0
6197,ens,2030,79,5,5,0.0
6198,ens,2030,79,6,6,0.0
6199,ens,2030,79,7,7,0.0
6200,ens,2030,79,8,8,0.0
6201,ens,2030,79,9,9,0.0
6202,ens,2030,79,10,10,0.0
6203,ens,2030,79,11,11,0.0
6204,ens,2030,79,12,12,0.0
6205,ens,2030,79,13,13,0.0
6206,ens,2030,79,14,14,0.0
6207,ens,2030,79,15,15,0.0
6208,ens,2030,79,16,16,0.0
6209,ens,2030,79,17,17,0.0
6210,ens,2030,79,18,18,0.0
6211,ens,2030,79,19,19,0.0
6212,ens,2030,79,20,20,0.0
6213,ens,2030,79,21,21,0.0
6214,ens,2030,79,22,22,0.0
6215,ens,2030,79,23,23,0.0
6216,ens,2030,79,24,24,0.0
6217,ens,2030,80,1,1,0.0
6218,ens,2030,80,2,2,0.0
6219,ens,2030,80,3,3,0.0
6220,ens,2030,80,4,4,0.0
6221,ens,2030,80,5,5,0.0
6222,ens,2030,80,6,6,0.0
6223,ens,2030,80,7,7,0.0
6224,ens,2030,80,8,8,0.0
6225,ens,2030,80,9,9,0.0
6226,ens,2030,80,10,10,0.0
6227,ens,2030,80,11,11,0.0
6228,ens,2030,80,12,12,0.0
6229,ens,2030,80,13,13,0.0
6230,ens,2030,80,14,14,0.0
6231,ens,2030,80,15,15,0.0
6232,ens,2030,80,16,16,0.0
6233,ens,2030,80,17,17,0.0
6234,ens,2030,80,18,18,0.0
6235,ens,2030,80,19,19,0.0
6236,ens,2030,80,20,20,0.0
6237,ens,2030,80,21,21,0.0
6238,ens,2030,80,22,22,0.0
6239,ens,2030,80,23,23,0.0
6240,ens,2030,80,24,24,0.0
6241,ens,2030,81,1,1,0.0
6242,ens,2030,81,2,2,0.0
6243,ens,2030,81,3,3,0.0
6244,ens,2030,81,4,4,0.0
6245,ens,2030,81,5,5,0.0
6246,ens,2030,81,6,6,0.0
6247,ens,2030,81,7,7,0.0
6248,ens,2030,81,8,8,0.0
6249,ens,2030,81,9,9,0.0
6250,ens,2030,81,10,10,0.0
6251,ens,2030,81,11,11,0.0
6252,ens,2030,81,12,12,0.0
6253,ens,2030,81,13,13,0.0
6254,ens,2030,81,14,14,0.0
6255,ens,2030,81,15,15,0.0
6256,ens,2030,81,16,16,0.0
6257,ens,2030,81,17,17,0.0
6258,ens,2030,81,18,18,0.0
6259,ens,2030,81,19,19,0.0
6260,ens,2030,81,20,20,0.0
6261,ens,2030,81,21,21,0.0
6262,ens,2030,81,22,22,0.0
6263,ens,2030,81,23,23,0.0
6264,ens,2030,81,24,24,0.0
6265,ens,2030,82,1,1,0.0
6266,ens,2030,82,2,2,0.0
6267,ens,2030,82,3,3,0.0
6268,ens,2030,82,4,4,0.0
6269,ens,2030,82,5,5,0.0
6270,ens,2030,82,6,6,0.0
6271,ens,2030,82,7,7,0.0
6272,ens,2030,82,8,8,0.0
6273,ens,2030,82,9,9,0.0
6274,ens,2030,82,10,10,0.0
6275,ens,2030,82,11,11,0.0
6276,ens,2030,82,12,12,0.0
6277,ens,2030,82,13,13,0.0
6278,ens,2030,82,14,14,0.0
6279,ens,2030,82,15,15,0.0
6280,ens,2030,82,16,16,0.0
6281,ens,2030,82,17,17,0.0
6282,ens,2030,82,18,18,0.0
6283,ens,2030,82,19,19,0.0
6284,ens,2030,82,20,20,0.0
6285,ens,2030,82,21,21,0.0
6286,ens,2030,82,22,22,0.0
6287,ens,2030,82,23,23,0.0
6288,ens,2030,82,24,24,0.0
6289,ens,2030,83,1,1,0.0
6290,ens,2030,83,2,2,0.0
6291,ens,2030,83,3,3,0.0
6292,ens,2030,83,4,4,0.0
6293,ens,2030,83,5,5,0.0
6294,ens,2030,83,6,6,0.0
6295,ens,2030,83,7,7,0.0
6296,ens,2030,83,8,8,0.0
6297,ens,2030,83,9,9,0.0
6298,ens,2030,83,10,10,0.0
6299,ens,2030,83,11,11,0.0
6300,ens,2030,83,12,12,0.0
6301,ens,2030,83,13,13,0.0
6302,ens,2030,83,14,14,0.0
6303,ens,2030,83,15,15,0.0
6304,ens,2030,83,16,16,0.0
6305,ens,2030,83,17,17,0.0
6306,ens,2030,83,18,18,0.0
6307,ens,2030,83,19,19,0.0
6308,ens,2030,83,20,20,0.0
6309,ens,2030,83,21,21,0.0
6310,ens,2030,83,22,22,0.0
6311,ens,2030,83,23,23,0.0
6312,ens,2030,83,24,24,0.0
6313,ens,2030,84,1,1,0.0
6314,ens,2030,84,2,2,0.0
6315,ens,2030,84,3,3,0.0
6316,ens,2030,84,4,4,0.0
6317,ens,2030,84,5,5,0.0
6318,ens,2030,84,6,6,0.0
6319,ens,2030,84,7,7,0.0
6320,ens,2030,84,8,8,0.0
6321,ens,2030,84,9,9,0.0
6322,ens,2030,84,10,10,0.0
6323,ens,2030,84,11,11,0.0
6324,ens,2030,84,12,12,0.0
6325,ens,2030,84,13,13,0.0
6326,ens,2030,84,14,14,0.0
6327,ens,2030,84,15,15,0.0
6328,ens,2030,84,16,16,0.0
6329,ens,2030,84,17,17,0.0
6330,ens,2030,84,18,18,0.0
6331,ens,2030,84,19,19,0.0
6332,ens,2030,84,20,20,0.0
6333,ens,2030,84,21,21,0.0
6334,ens,2030,84,22,22,0.0
6335,ens,2030,84,23,23,0.0
6336,ens,2030,84,24,24,0.0
6337,ens,2030,85,1,1,0.0
6338,ens,2030,85,2,2,0.0
6339,ens,2030,85,3,3,0.0
6340,ens,2030,85,4,4,0.0
6341,ens,2030,85,5,5,0.0
6342,ens,2030,85,6,6,0.0
6343,ens,2030,85,7,7,0.0
6344,ens,2030,85,8,8,0.0
6345,ens,2030,85,9,9,0.0
6346,ens,2030,85,10,10,0.0
6347,ens,2030,85,11,11,0.0
6348,ens,2030,85,12,12,0.0
6349,ens,2030,85,13,13,0.0
6350,ens,2030,85,14,14,0.0
6351,ens,2030,85,15,15,0.0
6352,ens,2030,85,16,16,0.0
6353,ens,2030,85,17,17,0.0
6354,ens,2030,85,18,18,0.0
6355,ens,2030,85,19,19,0.0
6356,ens,2030,85,20,20,0.0
6357,ens,2030,85,21,21,0.0
6358,ens,2030,85,22,22,0.0
6359,ens,2030,85,23,23,0.0
6360,ens,2030,85,24,24,0.0
6361,ens,2030,86,1,1,0.0
6362,ens,2030,86,2,2,0.0
6363,ens,2030,86,3,3,0.0
6364,ens,2030,86,4,4,0.0
6365,ens,2030,86,5,5,0.0
6366,ens,2030,86,6,6,0.0
6367,ens,2030,86,7,7,0.0
6368,ens,2030,86,8,8,0.0
6369,ens,2030,86,9,9,0.0
6370,ens,2030,86,10,10,0.0
6371,ens,2030,86,11,11,0.0
6372,ens,2030,86,12,12,0.0
6373,ens,2030,86,13,13,0.0
6374,ens,2030,86,14,14,0.0
6375,ens,2030,86,15,15,0.0
6376,ens,2030,86,16,16,0.0
6377,ens,2030,86,17,17,0.0
6378,ens,2030,86,18,18,0.0
6379,ens,2030,86,19,19,0.0
6380,ens,2030,86,20,20,0.0
6381,ens,2030,86,21,21,0.0
6382,ens,2030,86,22,22,0.0
6383,ens,2030,86,23,23,0.0
6384,ens,2030,86,24,24,0.0
6385,ens,2030,87,1,1,0.0
6386,ens,2030,87,2,2,0.0
6387,ens,2030,87,3,3,0.0
6388,ens,2030,87,4,4,0.0
6389,ens,2030,87,5,5,0.0
6390,ens,2030,87,6,6,0.0
6391,ens,2030,87,7,7,0.0
6392,ens,2030,87,8,8,0.0
6393,ens,2030,87,9,9,0.0
6394,ens,2030,87,10,10,0.0
6395,ens,2030,87,11,11,0.0
6396,ens,2030,87,12,12,0.0
6397,ens,2030,87,13,13,0.0
6398,ens,2030,87,14,14,0.0
6399,ens,2030,87,15,15,0.0
6400,ens,2030,87,16,16,0.0
6401,ens,2030,87,17,17,0.0
6402,ens,2030,87,18,18,0.0
6403,ens,2030,87,19,19,0.0
6404,ens,2030,87,20,20,0.0
6405,ens,2030,87,21,21,0.0
6406,ens,2030,87,22,22,0.0
6407,ens,2030,87,23,23,0.0
6408,ens,2030,87,24,24,0.0
6409,ens,2030,88,1,1,0.0
6410,ens,2030,88,2,2,0.0
6411,ens,2030,88,3,3,0.0
6412,ens,2030,88,4,4,0.0
6413,ens,2030,88,5,5,0.0
6414,ens,2030,88,6,6,0.0
6415,ens,2030,88,7,7,0.0
6416,ens,2030,88,8,8,0.0
6417,ens,2030,88,9,9,0.0
6418,ens,2030,88,10,10,0.0
6419,ens,2030,88,11,11,0.0
6420,ens,2030,88,12,12,0.0
6421,ens,2030,88,13,13,0.0
6422,ens,2030,88,14,14,0.0
6423,ens,2030,88,15,15,0.0
6424,ens,2030,88,16,16,0.0
6425,ens,2030,88,17,17,0.0
6426,ens,2030,88,18,18,0.0
6427,ens,2030,88,19,19,0.0
6428,ens,2030,88,20,20,0.0
6429,ens,2030,88,21,21,0.0
6430,ens,2030,88,22,22,0.0
6431,ens,2030,88,23,23,0.0
6432,ens,2030,88,24,24,0.0
6433,ens,2030,89,1,1,0.0
6434,ens,2030,89,2,2,0.0
6435,ens,2030,89,3,3,0.0
6436,ens,2030,89,4,4,0.0
6437,ens,2030,89,5,5,0.0
6438,ens,2030,89,6,6,0.0
6439,ens,2030,89,7,7,0.0
6440,ens,2030,89,8,8,0.0
6441,ens,2030,89,9,9,0.0
6442,ens,2030,89,10,10,0.0
6443,ens,2030,89,11,11,0.0
6444,ens,2030,89,12,12,0.0
6445,ens,2030,89,13,13,0.0
6446,ens,2030,89,14,14,0.0
6447,ens,2030,89,15,15,0.0
6448,ens,2030,89,16,16,0.0
6449,ens,2030,89,17,17,0.0
6450,ens,2030,89,18,18,0.0
6451,ens,2030,89,19,19,0.0
6452,ens,2030,89,20,20,0.0
6453,ens,2030,89,21,21,0.0
6454,ens,2030,89,22,22,0.0
6455,ens,2030,89,23,23,0.0
6456,ens,2030,89,24,24,0.0
6457,ens,2030,90,1,1,0.0
6458,ens,2030,90,2,2,0.0
6459,ens,2030,90,3,3,0.0
6460,ens,2030,90,4,4,0.0
6461,ens,2030,90,5,5,0.0
6462,ens,2030,90,6,6,0.0
6463,ens,2030,90,7,7,0.0
6464,ens,2030,90,8,8,0.0
6465,ens,2030,90,9,9,0.0
6466,ens,2030,90,10,10,0.0
6467,ens,2030,90,11,11,0.0
6468,ens,2030,90,12,12,0.0
6469,ens,2030,90,13,13,0.0
6470,ens,2030,90,14,14,0.0
6471,ens,2030,90,15,15,0.0
6472,ens,2030,90,16,16,0.0
6473,ens,2030,90,17,17,0.0
6474,ens,2030,90,18,18,0.0
6475,ens,2030,90,19,19,0.0
6476,ens,2030,90,20,20,0.0
6477,ens,2030,90,21,21,0.0
6478,ens,2030,90,22,22,0.0
6479,ens,2030,90,23,23,0.0
6480,ens,2030,90,24,24,0.0
6481,hydro_reservoir,2030,1,1,1,0.0
6482,hydro_reservoir,2030,1,2,2,0.0
6483,hydro_reservoir,2030,1,3,3,0.0
6484,hydro_reservoir,2030,1,4,4,0.0
6485,hydro_reservoir,2030,1,5,5,0.0
6486,hydro_reservoir,2030,1,6,6,0.0
6487,hydro_reservoir,2030,1,7,7,0.0
6488,hydro_reservoir,2030,1,8,8,0.0
6489,hydro_reservoir,2030,1,9,9,0.0
6490,hydro_reservoir,2030,1,10,10,0.0
6491,hydro_reservoir,2030,1,11,11,0.0
6492,hydro_reservoir,2030,1,12,12,0.0
6493,hydro_reservoir,2030,1,13,13,0.0
6494,hydro_reservoir,2030,1,14,14,0.0
6495,hydro_reservoir,2030,1,15,15,0.0
6496,hydro_reservoir,2030,1,16,16,0.0
6497,hydro_reservoir,2030,1,17,17,0.0
6498,hydro_reservoir,2030,1,18,18,0.0
6499,hydro_reservoir,2030,1,19,19,0.0
6500,hydro_reservoir,2030,1,20,20,0.0
6501,hydro_reservoir,2030,1,21,21,0.0
6502,hydro_reservoir,2030,1,22,22,0.0
6503,hydro_reservoir,2030,1,23,23,0.0
6504,hydro_reservoir,2030,1,24,24,0.0
6505,hydro_reservoir,2030,2,1,1,0.0
6506,hydro_reservoir,2030,2,2,2,0.0
6507,hydro_reservoir,2030,2,3,3,0.0
6508,hydro_reservoir,2030,2,4,4,0.0
6509,hydro_reservoir,2030,2,5,5,0.0
6510,hydro_reservoir,2030,2,6,6,0.0
6511,hydro_reservoir,2030,2,7,7,0.0
6512,hydro_reservoir,2030,2,8,8,0.0
6513,hydro_reservoir,2030,2,9,9,0.0
6514,hydro_reservoir,2030,2,10,10,0.0
6515,hydro_reservoir,2030,2,11,11,0.0
6516,hydro_reservoir,2030,2,12,12,0.0
6517,hydro_reservoir,2030,2,13,13,0.0
6518,hydro_reservoir,2030,2,14,14,0.0
6519,hydro_reservoir,2030,2,15,15,0.0
6520,hydro_reservoir,2030,2,16,16,-3.774758283725532e-15
6521,hydro_reservoir,2030,2,17,17,0.0
6522,hydro_reservoir,2030,2,18,18,0.0
6523,hydro_reservoir,2030,2,19,19,-3.774758283725532e-15
6524,hydro_reservoir,2030,2,20,20,0.0
6525,hydro_reservoir,2030,2,21,21,-3.774758283725532e-15
6526,hydro_reservoir,2030,2,22,22,0.0
6527,hydro_reservoir,2030,2,23,23,-3.774758283725532e-15
6528,hydro_reservoir,2030,2,24,24,-3.774758283725532e-15
6529,hydro_reservoir,2030,3,1,1,-9.159339953157541e-16
6530,hydro_reservoir,2030,3,2,2,0.0
6531,hydro_reservoir,2030,3,3,3,-9.159339953157541e-16
6532,hydro_reservoir,2030,3,4,4,-9.159339953157541e-16
6533,hydro_reservoir,2030,3,5,5,0.0
6534,hydro_reservoir,2030,3,6,6,-9.159339953157541e-16
6535,hydro_reservoir,2030,3,7,7,-9.159339953157541e-16
6536,hydro_reservoir,2030,3,8,8,-9.159339953157541e-16
6537,hydro_reservoir,2030,3,9,9,-9.159339953157541e-16
6538,hydro_reservoir,2030,3,10,10,-9.159339953157541e-16
6539,hydro_reservoir,2030,3,11,11,0.0
6540,hydro_reservoir,2030,3,12,12,-9.159339953157541e-16
6541,hydro_reservoir,2030,3,13,13,-9.159339953157541e-16
6542,hydro_reservoir,2030,3,14,14,-9.159339953157541e-16
6543,hydro_reservoir,2030,3,15,15,-9.159339953157541e-16
6544,hydro_reservoir,2030,3,16,16,-9.159339953157541e-16
6545,hydro_reservoir,2030,3,17,17,-9.159339953157541e-16
6546,hydro_reservoir,2030,3,18,18,-0.09731311487072683
6547,hydro_reservoir,2030,3,19,19,-7.485770993401421
6548,hydro_reservoir,2030,3,20,20,-38.50357163710359
6549,hydro_reservoir,2030,3,21,21,-7.48577099340142
6550,hydro_reservoir,2030,3,22,22,-0.09731311487072683
6551,hydro_reservoir,2030,3,23,23,-0.09731311487072683
6552,hydro_reservoir,2030,3,24,24,-9.159339953157541e-16
6553,hydro_reservoir,2030,4,1,1,0.0
6554,hydro_reservoir,2030,4,2,2,0.0
6555,hydro_reservoir,2030,4,3,3,0.0
6556,hydro_reservoir,2030,4,4,4,0.0
6557,hydro_reservoir,2030,4,5,5,0.0
6558,hydro_reservoir,2030,4,6,6,0.0
6559,hydro_reservoir,2030,4,7,7,0.0
6560,hydro_reservoir,2030,4,8,8,0.0
6561,hydro_reservoir,2030,4,9,9,0.0
6562,hydro_reservoir,2030,4,10,10,0.0
6563,hydro_reservoir,2030,4,11,11,0.0
6564,hydro_reservoir,2030,4,12,12,0.0
6565,hydro_reservoir,2030,4,13,13,0.0
6566,hydro_reservoir,2030,4,14,14,0.0
6567,hydro_reservoir,2030,4,15,15,0.0
6568,hydro_reservoir,2030,4,16,16,0.0
6569,hydro_reservoir,2030,4,17,17,0.0
6570,hydro_reservoir,2030,4,18,18,0.0
6571,hydro_reservoir,2030,4,19,19,0.0
6572,hydro_reservoir,2030,4,20,20,0.0
6573,hydro_reservoir,2030,4,21,21,0.0
6574,hydro_reservoir,2030,4,22,22,0.0
6575,hydro_reservoir,2030,4,23,23,0.0
6576,hydro_reservoir,2030,4,24,24,0.0
6577,hydro_reservoir,2030,5,1,1,0.0
6578,hydro_reservoir,2030,5,2,2,0.0
6579,hydro_reservoir,2030,5,3,3,0.0
6580,hydro_reservoir,2030,5,4,4,0.0
6581,hydro_reservoir,2030,5,5,5,0.0
6582,hydro_reservoir,2030,5,6,6,0.0
6583,hydro_reservoir,2030,5,7,7,0.0
6584,hydro_reservoir,2030,5,8,8,0.0
6585,hydro_reservoir,2030,5,9,9,-3.191891195797325e-16
6586,hydro_reservoir,2030,5,10,10,-3.191891195797325e-16
6587,hydro_reservoir,2030,5,11,11,0.0
6588,hydro_reservoir,2030,5,12,12,0.0
6589,hydro_reservoir,2030,5,13,13,0.0
6590,hydro_reservoir,2030,5,14,14,0.0
6591,hydro_reservoir,2030,5,15,15,-3.191891195797325e-16
6592,hydro_reservoir,2030,5,16,16,0.0
6593,hydro_reservoir,2030,5,17,17,-3.191891195797325e-16
6594,hydro_reservoir,2030,5,18,18,0.0
6595,hydro_reservoir,2030,5,19,19,0.0
6596,hydro_reservoir,2030,5,20,20,0.0
6597,hydro_reservoir,2030,5,21,21,-3.191891195797325e-16
6598,hydro_reservoir,2030,5,22,22,-3.191891195797325e-16
6599,hydro_reservoir,2030,5,23,23,0.0
6600,hydro_reservoir,2030,5,24,24,-3.191891195797325e-16
6601,hydro_reservoir,2030,6,1,1,0.0
6602,hydro_reservoir,2030,6,2,2,0.0
6603,hydro_reservoir,2030,6,3,3,0.0
6604,hydro_reservoir,2030,6,4,4,-4.163336342344337e-16
6605,hydro_reservoir,2030,6,5,5,0.0
6606,hydro_reservoir,2030,6,6,6,0.0
6607,hydro_reservoir,2030,6,7,7,-4.163336342344337e-16
6608,hydro_reservoir,2030,6,8,8,-4.163336342344337e-16
6609,hydro_reservoir,2030,6,9,9,-4.163336342344337e-16
6610,hydro_reservoir,2030,6,10,10,0.0
6611,hydro_reservoir,2030,6,11,11,0.0
6612,hydro_reservoir,2030,6,12,12,0.0
6613,hydro_reservoir,2030,6,13,13,0.0
6614,hydro_reservoir,2030,6,14,14,0.0
6615,hydro_reservoir,2030,6,15,15,0.0
6616,hydro_reservoir,2030,6,16,16,0.0
6617,hydro_reservoir,2030,6,17,17,0.0
6618,hydro_reservoir,2030,6,18,18,-4.163336342344337e-16
6619,hydro_reservoir,2030,6,19,19,-4.163336342344337e-16
6620,hydro_reservoir,2030,6,20,20,0.0
6621,hydro_reservoir,2030,6,21,21,0.0
6622,hydro_reservoir,2030,6,22,22,-4.163336342344337e-16
6623,hydro_reservoir,2030,6,23,23,-4.163336342344337e-16
6624,hydro_reservoir,2030,6,24,24,0.0
6625,hydro_reservoir,2030,7,1,1,-5.967448757360216e-16
6626,hydro_reservoir,2030,7,2,2,0.0
6627,hydro_reservoir,2030,7,3,3,-5.967448757360216e-16
6628,hydro_reservoir,2030,7,4,4,0.0
6629,hydro_reservoir,2030,7,5,5,-5.967448757360216e-16
6630,hydro_reservoir,2030,7,6,6,-5.967448757360216e-16
6631,hydro_reservoir,2030,7,7,7,0.0
6632,hydro_reservoir,2030,7,8,8,0.0
6633,hydro_reservoir,2030,7,9,9,0.0
6634,hydro_reservoir,2030,7,10,10,0.0
6635,hydro_reservoir,2030,7,11,11,0.0
6636,hydro_reservoir,2030,7,12,12,0.0
6637,hydro_reservoir,2030,7,13,13,0.0
6638,hydro_reservoir,2030,7,14,14,0.0
6639,hydro_reservoir,2030,7,15,15,0.0
6640,hydro_reservoir,2030,7,16,16,0.0
6641,hydro_reservoir,2030,7,17,17,0.0
6642,hydro_reservoir,2030,7,18,18,0.0
6643,hydro_reservoir,2030,7,19,19,0.0
6644,hydro_reservoir,2030,7,20,20,0.0
6645,hydro_reservoir,2030,7,21,21,0.0
6646,hydro_reservoir,2030,7,22,22,-5.967448757360216e-16
6647,hydro_reservoir,2030,7,23,23,0.0
6648,hydro_reservoir,2030,7,24,24,0.0
6649,hydro_reservoir,2030,8,1,1,0.0
6650,hydro_reservoir,2030,8,2,2,0.0
6651,hydro_reservoir,2030,8,3,3,0.0
6652,hydro_reservoir,2030,8,4,4,0.0
6653,hydro_reservoir,2030,8,5,5,0.0
6654,hydro_reservoir,2030,8,6,6,0.0
6655,hydro_reservoir,2030,8,7,7,0.0
6656,hydro_reservoir,2030,8,8,8,0.0
6657,hydro_reservoir,2030,8,9,9,0.0
6658,hydro_reservoir,2030,8,10,10,0.0
6659,hydro_reservoir,2030,8,11,11,0.0
6660,hydro_reservoir,2030,8,12,12,0.0
6661,hydro_reservoir,2030,8,13,13,0.0
6662,hydro_reservoir,2030,8,14,14,0.0
6663,hydro_reservoir,2030,8,15,15,0.0
6664,hydro_reservoir,2030,8,16,16,0.0
6665,hydro_reservoir,2030,8,17,17,0.0
6666,hydro_reservoir,2030,8,18,18,0.0
6667,hydro_reservoir,2030,8,19,19,0.0
6668,hydro_reservoir,2030,8,20,20,0.0
6669,hydro_reservoir,2030,8,21,21,0.0
6670,hydro_reservoir,2030,8,22,22,0.0
6671,hydro_reservoir,2030,8,23,23,0.0
6672,hydro_reservoir,2030,8,24,24,0.0
6673,hydro_reservoir,2030,9,1,1,0.0
6674,hydro_reservoir,2030,9,2,2,0.0
6675,hydro_reservoir,2030,9,3,3,0.0
6676,hydro_reservoir,2030,9,4,4,0.0
6677,hydro_reservoir,2030,9,5,5,0.0
6678,hydro_reservoir,2030,9,6,6,0.0
6679,hydro_reservoir,2030,9,7,7,0.0
6680,hydro_reservoir,2030,9,8,8,-8.326672684688674e-17
6681,hydro_reservoir,2030,9,9,9,0.0
6682,hydro_reservoir,2030,9,10,10,0.0
6683,hydro_reservoir,2030,9,11,11,-8.326672684688674e-17
6684,hydro_reservoir,2030,9,12,12,-8.326672684688674e-17
6685,hydro_reservoir,2030,9,13,13,0.0
6686,hydro_reservoir,2030,9,14,14,0.0
6687,hydro_reservoir,2030,9,15,15,0.0
6688,hydro_reservoir,2030,9,16,16,0.0
6689,hydro_reservoir,2030,9,17,17,-8.326672684688674e-17
6690,hydro_reservoir,2030,9,18,18,0.0
6691,hydro_reservoir,2030,9,19,19,0.0
6692,hydro_reservoir,2030,9,20,20,-8.326672684688674e-17
6693,hydro_reservoir,2030,9,21,21,0.0
6694,hydro_reservoir,2030,9,22,22,0.0
6695,hydro_reservoir,2030,9,23,23,0.0
6696,hydro_reservoir,2030,9,24,24,-8.326672684688674e-17
6697,hydro_reservoir,2030,10,1,1,-2.220446049250313e-16
6698,hydro_reservoir,2030,10,2,2,-2.220446049250313e-16
6699,hydro_reservoir,2030,10,3,3,-2.220446049250313e-16
6700,hydro_reservoir,2030,10,4,4,0.0
6701,hydro_reservoir,2030,10,5,5,-2.220446049250313e-16
6702,hydro_reservoir,2030,10,6,6,-2.220446049250313e-16
6703,hydro_reservoir,2030,10,7,7,0.0
6704,hydro_reservoir,2030,10,8,8,-2.220446049250313e-16
6705,hydro_reservoir,2030,10,9,9,0.0
6706,hydro_reservoir,2030,10,10,10,0.0
6707,hydro_reservoir,2030,10,11,11,0.0
6708,hydro_reservoir,2030,10,12,12,-2.220446049250313e-16
6709,hydro_reservoir,2030,10,13,13,0.0
6710,hydro_reservoir,2030,10,14,14,0.0
6711,hydro_reservoir,2030,10,15,15,0.0
6712,hydro_reservoir,2030,10,16,16,0.0
6713,hydro_reservoir,2030,10,17,17,-2.220446049250313e-16
6714,hydro_reservoir,2030,10,18,18,-2.220446049250313e-16
6715,hydro_reservoir,2030,10,19,19,-2.220446049250313e-16
6716,hydro_reservoir,2030,10,20,20,-2.220446049250313e-16
6717,hydro_reservoir,2030,10,21,21,0.0
6718,hydro_reservoir,2030,10,22,22,0.0
6719,hydro_reservoir,2030,10,23,23,0.0
6720,hydro_reservoir,2030,10,24,24,0.0
6721,hydro_reservoir,2030,11,1,1,0.0
6722,hydro_reservoir,2030,11,2,2,-2.636779683484747e-16
6723,hydro_reservoir,2030,11,3,3,-2.636779683484747e-16
6724,hydro_reservoir,2030,11,4,4,0.0
6725,hydro_reservoir,2030,11,5,5,-2.636779683484747e-16
6726,hydro_reservoir,2030,11,6,6,0.0
6727,hydro_reservoir,2030,11,7,7,0.0
6728,hydro_reservoir,2030,11,8,8,0.0
6729,hydro_reservoir,2030,11,9,9,0.0
6730,hydro_reservoir,2030,11,10,10,-2.636779683484747e-16
6731,hydro_reservoir,2030,11,11,11,-2.636779683484747e-16
6732,hydro_reservoir,2030,11,12,12,0.0
6733,hydro_reservoir,2030,11,13,13,0.0
6734,hydro_reservoir,2030,11,14,14,-2.636779683484747e-16
6735,hydro_reservoir,2030,11,15,15,0.0
6736,hydro_reservoir,2030,11,16,16,-2.636779683484747e-16
6737,hydro_reservoir,2030,11,17,17,-2.636779683484747e-16
6738,hydro_reservoir,2030,11,18,18,-2.636779683484747e-16
6739,hydro_reservoir,2030,11,19,19,0.0
6740,hydro_reservoir,2030,11,20,20,-2.636779683484747e-16
6741,hydro_reservoir,2030,11,21,21,-2.636779683484747e-16
6742,hydro_reservoir,2030,11,22,22,-2.636779683484747e-16
6743,hydro_reservoir,2030,11,23,23,0.0
6744,hydro_reservoir,2030,11,24,24,-2.636779683484747e-16
6745,hydro_reservoir,2030,12,1,1,0.0
6746,hydro_reservoir,2030,12,2,2,0.0
6747,hydro_reservoir,2030,12,3,3,0.0
6748,hydro_reservoir,2030,12,4,4,0.0
6749,hydro_reservoir,2030,12,5,5,0.0
6750,hydro_reservoir,2030,12,6,6,0.0
6751,hydro_reservoir,2030,12,7,7,0.0
6752,hydro_reservoir,2030,12,8,8,0.0
6753,hydro_reservoir,2030,12,9,9,8.977193988179977e-17
6754,hydro_reservoir,2030,12,10,10,8.977193988179977e-17
6755,hydro_reservoir,2030,12,11,11,0.0
6756,hydro_reservoir,2030,12,12,12,8.977193988179977e-17
6757,hydro_reservoir,2030,12,13,13,1.1102230246251565e-15
6758,hydro_reservoir,2030,12,14,14,1.1102230246251565e-15
6759,hydro_reservoir,2030,12,15,15,0.0
6760,hydro_reservoir,2030,12,16,16,0.0
6761,hydro_reservoir,2030,12,17,17,0.0
6762,hydro_reservoir,2030,12,18,18,1.1102230246251565e-15
6763,hydro_reservoir,2030,12,19,19,-0.35447140445863595
6764,hydro_reservoir,2030,12,20,20,-0.3544714044586373
6765,hydro_reservoir,2030,12,21,21,-0.3544714044586373
6766,hydro_reservoir,2030,12,22,22,-0.35447140445863684
6767,hydro_reservoir,2030,12,23,23,0.0
6768,hydro_reservoir,2030,12,24,24,0.0
6769,hydro_reservoir,2030,13,1,1,0.0
6770,hydro_reservoir,2030,13,2,2,-6.38378239159465e-16
6771,hydro_reservoir,2030,13,3,3,-6.38378239159465e-16
6772,hydro_reservoir,2030,13,4,4,0.0
6773,hydro_reservoir,2030,13,5,5,-6.38378239159465e-16
6774,hydro_reservoir,2030,13,6,6,-6.38378239159465e-16
6775,hydro_reservoir,2030,13,7,7,0.0
6776,hydro_reservoir,2030,13,8,8,0.0
6777,hydro_reservoir,2030,13,9,9,0.0
6778,hydro_reservoir,2030,13,10,10,0.0
6779,hydro_reservoir,2030,13,11,11,0.0
6780,hydro_reservoir,2030,13,12,12,0.0
6781,hydro_reservoir,2030,13,13,13,0.0
6782,hydro_reservoir,2030,13,14,14,0.0
6783,hydro_reservoir,2030,13,15,15,0.0
6784,hydro_reservoir,2030,13,16,16,0.0
6785,hydro_reservoir,2030,13,17,17,0.0
6786,hydro_reservoir,2030,13,18,18,0.0
6787,hydro_reservoir,2030,13,19,19,0.0
6788,hydro_reservoir,2030,13,20,20,0.0
6789,hydro_reservoir,2030,13,21,21,0.0
6790,hydro_reservoir,2030,13,22,22,0.0
6791,hydro_reservoir,2030,13,23,23,0.0
6792,hydro_reservoir,2030,13,24,24,0.0
6793,hydro_reservoir,2030,14,1,1,0.0
6794,hydro_reservoir,2030,14,2,2,0.0
6795,hydro_reservoir,2030,14,3,3,0.0
6796,hydro_reservoir,2030,14,4,4,0.0
6797,hydro_reservoir,2030,14,5,5,0.0
6798,hydro_reservoir,2030,14,6,6,0.0
6799,hydro_reservoir,2030,14,7,7,0.0
6800,hydro_reservoir,2030,14,8,8,0.0
6801,hydro_reservoir,2030,14,9,9,0.0
6802,hydro_reservoir,2030,14,10,10,0.0
6803,hydro_reservoir,2030,14,11,11,0.0
6804,hydro_reservoir,2030,14,12,12,0.0
6805,hydro_reservoir,2030,14,13,13,0.0
6806,hydro_reservoir,2030,14,14,14,0.0
6807,hydro_reservoir,2030,14,15,15,0.0
6808,hydro_reservoir,2030,14,16,16,0.0
6809,hydro_reservoir,2030,14,17,17,0.0
6810,hydro_reservoir,2030,14,18,18,0.0
6811,hydro_reservoir,2030,14,19,19,0.0
6812,hydro_reservoir,2030,14,20,20,0.0
6813,hydro_reservoir,2030,14,21,21,0.0
6814,hydro_reservoir,2030,14,22,22,0.0
6815,hydro_reservoir,2030,14,23,23,0.0
6816,hydro_reservoir,2030,14,24,24,0.0
6817,hydro_reservoir,2030,15,1,1,-6.938893903907228e-16
6818,hydro_reservoir,2030,15,2,2,0.0
6819,hydro_reservoir,2030,15,3,3,-6.938893903907228e-16
6820,hydro_reservoir,2030,15,4,4,-6.938893903907228e-16
6821,hydro_reservoir,2030,15,5,5,-6.938893903907228e-16
6822,hydro_reservoir,2030,15,6,6,-6.938893903907228e-16
6823,hydro_reservoir,2030,15,7,7,0.0
6824,hydro_reservoir,2030,15,8,8,0.0
6825,hydro_reservoir,2030,15,9,9,0.0
6826,hydro_reservoir,2030,15,10,10,-6.938893903907228e-16
6827,hydro_reservoir,2030,15,11,11,-6.938893903907228e-16
6828,hydro_reservoir,2030,15,12,12,0.0
6829,hydro_reservoir,2030,15,13,13,0.0
6830,hydro_reservoir,2030,15,14,14,-6.938893903907228e-16
6831,hydro_reservoir,2030,15,15,15,-6.938893903907228e-16
6832,hydro_reservoir,2030,15,16,16,0.0
6833,hydro_reservoir,2030,15,17,17,0.0
6834,hydro_reservoir,2030,15,18,18,-6.938893903907228e-16
6835,hydro_reservoir,2030,15,19,19,0.0
6836,hydro_reservoir,2030,15,20,20,0.0
6837,hydro_reservoir,2030,15,21,21,-6.938893903907228e-16
6838,hydro_reservoir,2030,15,22,22,-6.938893903907228e-16
6839,hydro_reservoir,2030,15,23,23,0.0
6840,hydro_reservoir,2030,15,24,24,-6.938893903907228e-16
6841,hydro_reservoir,2030,16,1,1,-8.881784197001252e-16
6842,hydro_reservoir,2030,16,2,2,0.0
6843,hydro_reservoir,2030,16,3,3,0.0
6844,hydro_reservoir,2030,16,4,4,-8.881784197001252e-16
6845,hydro_reservoir,2030,16,5,5,0.0
6846,hydro_reservoir,2030,16,6,6,0.0
6847,hydro_reservoir,2030,16,7,7,0.0
6848,hydro_reservoir,2030,16,8,8,0.0
6849,hydro_reservoir,2030,16,9,9,-8.881784197001252e-16
6850,hydro_reservoir,2030,16,10,10,0.0
6851,hydro_reservoir,2030,16,11,11,-8.881784197001252e-16
6852,hydro_reservoir,2030,16,12,12,0.0
6853,hydro_reservoir,2030,16,13,13,0.0
6854,hydro_reservoir,2030,16,14,14,0.0
6855,hydro_reservoir,2030,16,15,15,0.0
6856,hydro_reservoir,2030,16,16,16,-8.881784197001252e-16
6857,hydro_reservoir,2030,16,17,17,0.0
6858,hydro_reservoir,2030,16,18,18,0.0
6859,hydro_reservoir,2030,16,19,19,0.0
6860,hydro_reservoir,2030,16,20,20,-8.881784197001252e-16
6861,hydro_reservoir,2030,16,21,21,0.0
6862,hydro_reservoir,2030,16,22,22,0.0
6863,hydro_reservoir,2030,16,23,23,-8.881784197001252e-16
6864,hydro_reservoir,2030,16,24,24,-8.881784197001252e-16
6865,hydro_reservoir,2030,17,1,1,-6.938893903907228e-16
6866,hydro_reservoir,2030,17,2,2,-6.938893903907228e-16
6867,hydro_reservoir,2030,17,3,3,0.0
6868,hydro_reservoir,2030,17,4,4,0.0
6869,hydro_reservoir,2030,17,5,5,-6.938893903907228e-16
6870,hydro_reservoir,2030,17,6,6,0.0
6871,hydro_reservoir,2030,17,7,7,-6.938893903907228e-16
6872,hydro_reservoir,2030,17,8,8,-6.938893903907228e-16
6873,hydro_reservoir,2030,17,9,9,-6.938893903907228e-16
6874,hydro_reservoir,2030,17,10,10,0.0
6875,hydro_reservoir,2030,17,11,11,0.0
6876,hydro_reservoir,2030,17,12,12,0.0
6877,hydro_reservoir,2030,17,13,13,0.0
6878,hydro_reservoir,2030,17,14,14,0.0
6879,hydro_reservoir,2030,17,15,15,-6.938893903907228e-16
6880,hydro_reservoir,2030,17,16,16,-6.938893903907228e-16
6881,hydro_reservoir,2030,17,17,17,0.0
6882,hydro_reservoir,2030,17,18,18,0.0
6883,hydro_reservoir,2030,17,19,19,0.0
6884,hydro_reservoir,2030,17,20,20,-6.938893903907228e-16
6885,hydro_reservoir,2030,17,21,21,0.0
6886,hydro_reservoir,2030,17,22,22,-6.938893903907228e-16
6887,hydro_reservoir,2030,17,23,23,-6.938893903907228e-16
6888,hydro_reservoir,2030,17,24,24,0.0
6889,hydro_reservoir,2030,18,1,1,0.0
6890,hydro_reservoir,2030,18,2,2,0.0
6891,hydro_reservoir,2030,18,3,3,0.0
6892,hydro_reservoir,2030,18,4,4,0.0
6893,hydro_reservoir,2030,18,5,5,0.0
6894,hydro_reservoir,2030,18,6,6,0.0
6895,hydro_reservoir,2030,18,7,7,0.0
6896,hydro_reservoir,2030,18,8,8,0.0
6897,hydro_reservoir,2030,18,9,9,0.0
6898,hydro_reservoir,2030,18,10,10,0.0
6899,hydro_reservoir,2030,18,11,11,0.0
6900,hydro_reservoir,2030,18,12,12,0.0
6901,hydro_reservoir,2030,18,13,13,0.0
6902,hydro_reservoir,2030,18,14,14,0.0
6903,hydro_reservoir,2030,18,15,15,0.0
6904,hydro_reservoir,2030,18,16,16,0.0
6905,hydro_reservoir,2030,18,17,17,0.0
6906,hydro_reservoir,2030,18,18,18,0.0
6907,hydro_reservoir,2030,18,19,19,0.0
6908,hydro_reservoir,2030,18,20,20,0.0
6909,hydro_reservoir,2030,18,21,21,0.0
6910,hydro_reservoir,2030,18,22,22,0.0
6911,hydro_reservoir,2030,18,23,23,0.0
6912,hydro_reservoir,2030,18,24,24,0.0
6913,hydro_reservoir,2030,19,1,1,0.0
6914,hydro_reservoir,2030,19,2,2,0.0
6915,hydro_reservoir,2030,19,3,3,0.0
6916,hydro_reservoir,2030,19,4,4,-4.163336342344337e-16
6917,hydro_reservoir,2030,19,5,5,-4.163336342344337e-16
6918,hydro_reservoir,2030,19,6,6,-4.163336342344337e-16
6919,hydro_reservoir,2030,19,7,7,-4.163336342344337e-16
6920,hydro_reservoir,2030,19,8,8,0.0
6921,hydro_reservoir,2030,19,9,9,-4.163336342344337e-16
6922,hydro_reservoir,2030,19,10,10,-4.163336342344337e-16
6923,hydro_reservoir,2030,19,11,11,0.0
6924,hydro_reservoir,2030,19,12,12,0.0
6925,hydro_reservoir,2030,19,13,13,0.0
6926,hydro_reservoir,2030,19,14,14,0.0
6927,hydro_reservoir,2030,19,15,15,0.0
6928,hydro_reservoir,2030,19,16,16,0.0
6929,hydro_reservoir,2030,19,17,17,0.0
6930,hydro_reservoir,2030,19,18,18,0.0
6931,hydro_reservoir,2030,19,19,19,0.0
6932,hydro_reservoir,2030,19,20,20,-4.163336342344337e-16
6933,hydro_reservoir,2030,19,21,21,-4.163336342344337e-16
6934,hydro_reservoir,2030,19,22,22,0.0
6935,hydro_reservoir,2030,19,23,23,0.0
6936,hydro_reservoir,2030,19,24,24,-4.163336342344337e-16
6937,hydro_reservoir,2030,20,1,1,0.0
6938,hydro_reservoir,2030,20,2,2,0.0
6939,hydro_reservoir,2030,20,3,3,0.0
6940,hydro_reservoir,2030,20,4,4,0.0
6941,hydro_reservoir,2030,20,5,5,0.0
6942,hydro_reservoir,2030,20,6,6,0.0
6943,hydro_reservoir,2030,20,7,7,0.0
6944,hydro_reservoir,2030,20,8,8,0.0
6945,hydro_reservoir,2030,20,9,9,0.0
6946,hydro_reservoir,2030,20,10,10,0.0
6947,hydro_reservoir,2030,20,11,11,0.0
6948,hydro_reservoir,2030,20,12,12,0.0
6949,hydro_reservoir,2030,20,13,13,0.0
6950,hydro_reservoir,2030,20,14,14,0.0
6951,hydro_reservoir,2030,20,15,15,0.0
6952,hydro_reservoir,2030,20,16,16,0.0
6953,hydro_reservoir,2030,20,17,17,0.0
6954,hydro_reservoir,2030,20,18,18,0.0
6955,hydro_reservoir,2030,20,19,19,0.0
6956,hydro_reservoir,2030,20,20,20,0.0
6957,hydro_reservoir,2030,20,21,21,0.0
6958,hydro_reservoir,2030,20,22,22,0.0
6959,hydro_reservoir,2030,20,23,23,0.0
6960,hydro_reservoir,2030,20,24,24,0.0
6961,hydro_reservoir,2030,21,1,1,0.0
6962,hydro_reservoir,2030,21,2,2,0.0
6963,hydro_reservoir,2030,21,3,3,0.0
6964,hydro_reservoir,2030,21,4,4,0.0
6965,hydro_reservoir,2030,21,5,5,-1.8041124150158794e-16
6966,hydro_reservoir,2030,21,6,6,-1.8041124150158794e-16
6967,hydro_reservoir,2030,21,7,7,0.0
6968,hydro_reservoir,2030,21,8,8,0.0
6969,hydro_reservoir,2030,21,9,9,0.0
6970,hydro_reservoir,2030,21,10,10,-1.8041124150158794e-16
6971,hydro_reservoir,2030,21,11,11,0.0
6972,hydro_reservoir,2030,21,12,12,0.0
6973,hydro_reservoir,2030,21,13,13,0.0
6974,hydro_reservoir,2030,21,14,14,0.0
6975,hydro_reservoir,2030,21,15,15,0.0
6976,hydro_reservoir,2030,21,16,16,0.0
6977,hydro_reservoir,2030,21,17,17,0.0
6978,hydro_reservoir,2030,21,18,18,0.0
6979,hydro_reservoir,2030,21,19,19,-1.8041124150158794e-16
6980,hydro_reservoir,2030,21,20,20,-1.8041124150158794e-16
6981,hydro_reservoir,2030,21,21,21,0.0
6982,hydro_reservoir,2030,21,22,22,0.0
6983,hydro_reservoir,2030,21,23,23,0.0
6984,hydro_reservoir,2030,21,24,24,0.0
6985,hydro_reservoir,2030,22,1,1,-3.7470027081099033e-16
6986,hydro_reservoir,2030,22,2,2,-3.7470027081099033e-16
6987,hydro_reservoir,2030,22,3,3,0.0
6988,hydro_reservoir,2030,22,4,4,-3.7470027081099033e-16
6989,hydro_reservoir,2030,22,5,5,0.0
6990,hydro_reservoir,2030,22,6,6,-3.7470027081099033e-16
6991,hydro_reservoir,2030,22,7,7,0.0
6992,hydro_reservoir,2030,22,8,8,0.0
6993,hydro_reservoir,2030,22,9,9,0.0
6994,hydro_reservoir,2030,22,10,10,0.0
6995,hydro_reservoir,2030,22,11,11,0.0
6996,hydro_reservoir,2030,22,12,12,0.0
6997,hydro_reservoir,2030,22,13,13,0.0
6998,hydro_reservoir,2030,22,14,14,0.0
6999,hydro_reservoir,2030,22,15,15,0.0
7000,hydro_reservoir,2030,22,16,16,0.0
7001,hydro_reservoir,2030,22,17,17,0.0
7002,hydro_reservoir,2030,22,18,18,0.0
7003,hydro_reservoir,2030,22,19,19,0.0
7004,hydro_reservoir,2030,22,20,20,-3.7470027081099033e-16
7005,hydro_reservoir,2030,22,21,21,-3.7470027081099033e-16
7006,hydro_reservoir,2030,22,22,22,0.0
7007,hydro_reservoir,2030,22,23,23,0.0
7008,hydro_reservoir,2030,22,24,24,0.0
7009,hydro_reservoir,2030,23,1,1,-1.2490009027033011e-15
7010,hydro_reservoir,2030,23,2,2,-1.2490009027033011e-15
7011,hydro_reservoir,2030,23,3,3,-1.2490009027033011e-15
7012,hydro_reservoir,2030,23,4,4,-1.2490009027033011e-15
7013,hydro_reservoir,2030,23,5,5,-1.2490009027033011e-15
7014,hydro_reservoir,2030,23,6,6,0.0
7015,hydro_reservoir,2030,23,7,7,-1.2490009027033011e-15
7016,hydro_reservoir,2030,23,8,8,0.0
7017,hydro_reservoir,2030,23,9,9,0.0
7018,hydro_reservoir,2030,23,10,10,-1.2490009027033011e-15
7019,hydro_reservoir,2030,23,11,11,0.0
7020,hydro_reservoir,2030,23,12,12,0.0
7021,hydro_reservoir,2030,23,13,13,0.0
7022,hydro_reservoir,2030,23,14,14,0.0
7023,hydro_reservoir,2030,23,15,15,0.0
7024,hydro_reservoir,2030,23,16,16,0.0
7025,hydro_reservoir,2030,23,17,17,0.0
7026,hydro_reservoir,2030,23,18,18,0.0
7027,hydro_reservoir,2030,23,19,19,0.0
7028,hydro_reservoir,2030,23,20,20,0.0
7029,hydro_reservoir,2030,23,21,21,0.0
7030,hydro_reservoir,2030,23,22,22,-1.2490009027033011e-15
7031,hydro_reservoir,2030,23,23,23,0.0
7032,hydro_reservoir,2030,23,24,24,0.0
7033,hydro_reservoir,2030,24,1,1,0.0
7034,hydro_reservoir,2030,24,2,2,0.0
7035,hydro_reservoir,2030,24,3,3,0.0
7036,hydro_reservoir,2030,24,4,4,0.0
7037,hydro_reservoir,2030,24,5,5,0.0
7038,hydro_reservoir,2030,24,6,6,0.0
7039,hydro_reservoir,2030,24,7,7,0.0
7040,hydro_reservoir,2030,24,8,8,0.0
7041,hydro_reservoir,2030,24,9,9,0.0
7042,hydro_reservoir,2030,24,10,10,0.0
7043,hydro_reservoir,2030,24,11,11,0.0
7044,hydro_reservoir,2030,24,12,12,0.0
7045,hydro_reservoir,2030,24,13,13,0.0
7046,hydro_reservoir,2030,24,14,14,0.0
7047,hydro_reservoir,2030,24,15,15,0.0
7048,hydro_reservoir,2030,24,16,16,0.0
7049,hydro_reservoir,2030,24,17,17,0.0
7050,hydro_reservoir,2030,24,18,18,-0.24020616619337198
7051,hydro_reservoir,2030,24,19,19,-0.24020616619337198
7052,hydro_reservoir,2030,24,20,20,-0.24020616619337198
7053,hydro_reservoir,2030,24,21,21,-0.24020616619337198
7054,hydro_reservoir,2030,24,22,22,-0.24020616619337187
7055,hydro_reservoir,2030,24,23,23,0.0
7056,hydro_reservoir,2030,24,24,24,0.0
7057,hydro_reservoir,2030,25,1,1,0.0
7058,hydro_reservoir,2030,25,2,2,0.0
7059,hydro_reservoir,2030,25,3,3,0.0
7060,hydro_reservoir,2030,25,4,4,0.0
7061,hydro_reservoir,2030,25,5,5,0.0
7062,hydro_reservoir,2030,25,6,6,0.0
7063,hydro_reservoir,2030,25,7,7,0.0
7064,hydro_reservoir,2030,25,8,8,0.0
7065,hydro_reservoir,2030,25,9,9,0.0
7066,hydro_reservoir,2030,25,10,10,0.0
7067,hydro_reservoir,2030,25,11,11,0.0
7068,hydro_reservoir,2030,25,12,12,0.0
7069,hydro_reservoir,2030,25,13,13,0.0
7070,hydro_reservoir,2030,25,14,14,0.0
7071,hydro_reservoir,2030,25,15,15,0.0
7072,hydro_reservoir,2030,25,16,16,0.0
7073,hydro_reservoir,2030,25,17,17,0.0
7074,hydro_reservoir,2030,25,18,18,0.0
7075,hydro_reservoir,2030,25,19,19,0.0
7076,hydro_reservoir,2030,25,20,20,-2.914335439641036e-16
7077,hydro_reservoir,2030,25,21,21,-2.914335439641036e-16
7078,hydro_reservoir,2030,25,22,22,0.0
7079,hydro_reservoir,2030,25,23,23,-2.914335439641036e-16
7080,hydro_reservoir,2030,25,24,24,-2.914335439641036e-16
7081,hydro_reservoir,2030,26,1,1,0.0
7082,hydro_reservoir,2030,26,2,2,-2.7755575615628914e-16
7083,hydro_reservoir,2030,26,3,3,0.0
7084,hydro_reservoir,2030,26,4,4,0.0
7085,hydro_reservoir,2030,26,5,5,-2.7755575615628914e-16
7086,hydro_reservoir,2030,26,6,6,0.0
7087,hydro_reservoir,2030,26,7,7,-2.7755575615628914e-16
7088,hydro_reservoir,2030,26,8,8,0.0
7089,hydro_reservoir,2030,26,9,9,0.0
7090,hydro_reservoir,2030,26,10,10,-2.7755575615628914e-16
7091,hydro_reservoir,2030,26,11,11,-2.7755575615628914e-16
7092,hydro_reservoir,2030,26,12,12,0.0
7093,hydro_reservoir,2030,26,13,13,0.0
7094,hydro_reservoir,2030,26,14,14,-2.7755575615628914e-16
7095,hydro_reservoir,2030,26,15,15,-2.7755575615628914e-16
7096,hydro_reservoir,2030,26,16,16,-2.7755575615628914e-16
7097,hydro_reservoir,2030,26,17,17,-2.7755575615628914e-16
7098,hydro_reservoir,2030,26,18,18,0.0
7099,hydro_reservoir,2030,26,19,19,-2.7755575615628914e-16
7100,hydro_reservoir,2030,26,20,20,-2.7755575615628914e-16
7101,hydro_reservoir,2030,26,21,21,0.0
7102,hydro_reservoir,2030,26,22,22,-2.7755575615628914e-16
7103,hydro_reservoir,2030,26,23,23,-2.7755575615628914e-16
7104,hydro_reservoir,2030,26,24,24,0.0
7105,hydro_reservoir,2030,27,1,1,0.0
7106,hydro_reservoir,2030,27,2,2,0.0
7107,hydro_reservoir,2030,27,3,3,0.0
7108,hydro_reservoir,2030,27,4,4,0.0
7109,hydro_reservoir,2030,27,5,5,0.0
7110,hydro_reservoir,2030,27,6,6,0.0
7111,hydro_reservoir,2030,27,7,7,0.0
7112,hydro_reservoir,2030,27,8,8,0.0
7113,hydro_reservoir,2030,27,9,9,0.0
7114,hydro_reservoir,2030,27,10,10,0.0
7115,hydro_reservoir,2030,27,11,11,0.0
7116,hydro_reservoir,2030,27,12,12,0.0
7117,hydro_reservoir,2030,27,13,13,0.0
7118,hydro_reservoir,2030,27,14,14,0.0
7119,hydro_reservoir,2030,27,15,15,0.0
7120,hydro_reservoir,2030,27,16,16,0.0
7121,hydro_reservoir,2030,27,17,17,0.0
7122,hydro_reservoir,2030,27,18,18,0.0
7123,hydro_reservoir,2030,27,19,19,0.0
7124,hydro_reservoir,2030,27,20,20,0.0
7125,hydro_reservoir,2030,27,21,21,0.0
7126,hydro_reservoir,2030,27,22,22,0.0
7127,hydro_reservoir,2030,27,23,23,0.0
7128,hydro_reservoir,2030,27,24,24,0.0
7129,hydro_reservoir,2030,28,1,1,0.0
7130,hydro_reservoir,2030,28,2,2,0.0
7131,hydro_reservoir,2030,28,3,3,0.0
7132,hydro_reservoir,2030,28,4,4,0.0
7133,hydro_reservoir,2030,28,5,5,0.0
7134,hydro_reservoir,2030,28,6,6,-5.551115123125783e-16
7135,hydro_reservoir,2030,28,7,7,0.0
7136,hydro_reservoir,2030,28,8,8,0.0
7137,hydro_reservoir,2030,28,9,9,0.0
7138,hydro_reservoir,2030,28,10,10,-5.551115123125783e-16
7139,hydro_reservoir,2030,28,11,11,0.0
7140,hydro_reservoir,2030,28,12,12,0.0
7141,hydro_reservoir,2030,28,13,13,0.0
7142,hydro_reservoir,2030,28,14,14,-5.551115123125783e-16
7143,hydro_reservoir,2030,28,15,15,0.0
7144,hydro_reservoir,2030,28,16,16,0.0
7145,hydro_reservoir,2030,28,17,17,0.0
7146,hydro_reservoir,2030,28,18,18,-5.551115123125783e-16
7147,hydro_reservoir,2030,28,19,19,0.0
7148,hydro_reservoir,2030,28,20,20,0.0
7149,hydro_reservoir,2030,28,21,21,0.0
7150,hydro_reservoir,2030,28,22,22,0.0
7151,hydro_reservoir,2030,28,23,23,0.0
7152,hydro_reservoir,2030,28,24,24,0.0
7153,hydro_reservoir,2030,29,1,1,0.0
7154,hydro_reservoir,2030,29,2,2,0.0
7155,hydro_reservoir,2030,29,3,3,0.0
7156,hydro_reservoir,2030,29,4,4,0.0
7157,hydro_reservoir,2030,29,5,5,0.0
7158,hydro_reservoir,2030,29,6,6,0.0
7159,hydro_reservoir,2030,29,7,7,0.0
7160,hydro_reservoir,2030,29,8,8,-2.7755575615628914e-16
7161,hydro_reservoir,2030,29,9,9,-2.7755575615628914e-16
7162,hydro_reservoir,2030,29,10,10,0.0
7163,hydro_reservoir,2030,29,11,11,-2.7755575615628914e-16
7164,hydro_reservoir,2030,29,12,12,0.0
7165,hydro_reservoir,2030,29,13,13,0.0
7166,hydro_reservoir,2030,29,14,14,0.0
7167,hydro_reservoir,2030,29,15,15,0.0
7168,hydro_reservoir,2030,29,16,16,0.0
7169,hydro_reservoir,2030,29,17,17,-2.7755575615628914e-16
7170,hydro_reservoir,2030,29,18,18,0.0
7171,hydro_reservoir,2030,29,19,19,-2.7755575615628914e-16
7172,hydro_reservoir,2030,29,20,20,0.0
7173,hydro_reservoir,2030,29,21,21,0.0
7174,hydro_reservoir,2030,29,22,22,0.0
7175,hydro_reservoir,2030,29,23,23,0.0
7176,hydro_reservoir,2030,29,24,24,0.0
7177,hydro_reservoir,2030,30,1,1,0.0
7178,hydro_reservoir,2030,30,2,2,0.0
7179,hydro_reservoir,2030,30,3,3,-4.996003610813204e-16
7180,hydro_reservoir,2030,30,4,4,0.0
7181,hydro_reservoir,2030,30,5,5,-4.996003610813204e-16
7182,hydro_reservoir,2030,30,6,6,0.0
7183,hydro_reservoir,2030,30,7,7,0.0
7184,hydro_reservoir,2030,30,8,8,-4.996003610813204e-16
7185,hydro_reservoir,2030,30,9,9,0.0
7186,hydro_reservoir,2030,30,10,10,0.0
7187,hydro_reservoir,2030,30,11,11,0.0
7188,hydro_reservoir,2030,30,12,12,0.0
7189,hydro_reservoir,2030,30,13,13,0.0
7190,hydro_reservoir,2030,30,14,14,0.0
7191,hydro_reservoir,2030,30,15,15,0.0
7192,hydro_reservoir,2030,30,16,16,0.0
7193,hydro_reservoir,2030,30,17,17,0.0
7194,hydro_reservoir,2030,30,18,18,0.0
7195,hydro_reservoir,2030,30,19,19,-4.996003610813204e-16
7196,hydro_reservoir,2030,30,20,20,-4.996003610813204e-16
7197,hydro_reservoir,2030,30,21,21,-4.996003610813204e-16
7198,hydro_reservoir,2030,30,22,22,-4.996003610813204e-16
7199,hydro_reservoir,2030,30,23,23,0.0
7200,hydro_reservoir,2030,30,24,24,-4.996003610813204e-16
7201,hydro_reservoir,2030,31,1,1,0.0
7202,hydro_reservoir,2030,31,2,2,-2.7755575615628914e-16
7203,hydro_reservoir,2030,31,3,3,0.0
7204,hydro_reservoir,2030,31,4,4,-2.7755575615628914e-16
7205,hydro_reservoir,2030,31,5,5,0.0
7206,hydro_reservoir,2030,31,6,6,0.0
7207,hydro_reservoir,2030,31,7,7,-2.7755575615628914e-16
7208,hydro_reservoir,2030,31,8,8,0.0
7209,hydro_reservoir,2030,31,9,9,0.0
7210,hydro_reservoir,2030,31,10,10,0.0
7211,hydro_reservoir,2030,31,11,11,0.0
7212,hydro_reservoir,2030,31,12,12,0.0
7213,hydro_reservoir,2030,31,13,13,0.0
7214,hydro_reservoir,2030,31,14,14,0.0
7215,hydro_reservoir,2030,31,15,15,0.0
7216,hydro_reservoir,2030,31,16,16,0.0
7217,hydro_reservoir,2030,31,17,17,-2.7755575615628914e-16
7218,hydro_reservoir,2030,31,18,18,-2.7755575615628914e-16
7219,hydro_reservoir,2030,31,19,19,0.0
7220,hydro_reservoir,2030,31,20,20,-2.7755575615628914e-16
7221,hydro_reservoir,2030,31,21,21,-2.7755575615628914e-16
7222,hydro_reservoir,2030,31,22,22,-2.7755575615628914e-16
7223,hydro_reservoir,2030,31,23,23,-2.7755575615628914e-16
7224,hydro_reservoir,2030,31,24,24,0.0
7225,hydro_reservoir,2030,32,1,1,0.0
7226,hydro_reservoir,2030,32,2,2,0.0
7227,hydro_reservoir,2030,32,3,3,0.0
7228,hydro_reservoir,2030,32,4,4,0.0
7229,hydro_reservoir,2030,32,5,5,0.0
7230,hydro_reservoir,2030,32,6,6,0.0
7231,hydro_reservoir,2030,32,7,7,0.0
7232,hydro_reservoir,2030,32,8,8,0.0
7233,hydro_reservoir,2030,32,9,9,0.0
7234,hydro_reservoir,2030,32,10,10,0.0
7235,hydro_reservoir,2030,32,11,11,0.0
7236,hydro_reservoir,2030,32,12,12,0.0
7237,hydro_reservoir,2030,32,13,13,0.0
7238,hydro_reservoir,2030,32,14,14,0.0
7239,hydro_reservoir,2030,32,15,15,0.0
7240,hydro_reservoir,2030,32,16,16,0.0
7241,hydro_reservoir,2030,32,17,17,0.0
7242,hydro_reservoir,2030,32,18,18,0.0
7243,hydro_reservoir,2030,32,19,19,0.0
7244,hydro_reservoir,2030,32,20,20,0.0
7245,hydro_reservoir,2030,32,21,21,0.0
7246,hydro_reservoir,2030,32,22,22,0.0
7247,hydro_reservoir,2030,32,23,23,0.0
7248,hydro_reservoir,2030,32,24,24,0.0
7249,hydro_reservoir,2030,33,1,1,0.0
7250,hydro_reservoir,2030,33,2,2,0.0
7251,hydro_reservoir,2030,33,3,3,0.0
7252,hydro_reservoir,2030,33,4,4,0.0
7253,hydro_reservoir,2030,33,5,5,0.0
7254,hydro_reservoir,2030,33,6,6,0.0
7255,hydro_reservoir,2030,33,7,7,0.0
7256,hydro_reservoir,2030,33,8,8,0.0
7257,hydro_reservoir,2030,33,9,9,0.0
7258,hydro_reservoir,2030,33,10,10,0.0
7259,hydro_reservoir,2030,33,11,11,0.0
7260,hydro_reservoir,2030,33,12,12,0.0
7261,hydro_reservoir,2030,33,13,13,0.0
7262,hydro_reservoir,2030,33,14,14,0.0
7263,hydro_reservoir,2030,33,15,15,0.0
7264,hydro_reservoir,2030,33,16,16,0.0
7265,hydro_reservoir,2030,33,17,17,0.0
7266,hydro_reservoir,2030,33,18,18,0.0
7267,hydro_reservoir,2030,33,19,19,0.0
7268,hydro_reservoir,2030,33,20,20,0.0
7269,hydro_reservoir,2030,33,21,21,-3.3306690738754696e-16
7270,hydro_reservoir,2030,33,22,22,0.0
7271,hydro_reservoir,2030,33,23,23,-3.3306690738754696e-16
7272,hydro_reservoir,2030,33,24,24,-3.3306690738754696e-16
7273,hydro_reservoir,2030,34,1,1,-3.7470027081099033e-16
7274,hydro_reservoir,2030,34,2,2,-3.7470027081099033e-16
7275,hydro_reservoir,2030,34,3,3,-3.7470027081099033e-16
7276,hydro_reservoir,2030,34,4,4,0.0
7277,hydro_reservoir,2030,34,5,5,0.0
7278,hydro_reservoir,2030,34,6,6,-3.7470027081099033e-16
7279,hydro_reservoir,2030,34,7,7,0.0
7280,hydro_reservoir,2030,34,8,8,0.0
7281,hydro_reservoir,2030,34,9,9,0.0
7282,hydro_reservoir,2030,34,10,10,0.0
7283,hydro_reservoir,2030,34,11,11,0.0
7284,hydro_reservoir,2030,34,12,12,0.0
7285,hydro_reservoir,2030,34,13,13,0.0
7286,hydro_reservoir,2030,34,14,14,0.0
7287,hydro_reservoir,2030,34,15,15,0.0
7288,hydro_reservoir,2030,34,16,16,0.0
7289,hydro_reservoir,2030,34,17,17,0.0
7290,hydro_reservoir,2030,34,18,18,0.0
7291,hydro_reservoir,2030,34,19,19,0.0
7292,hydro_reservoir,2030,34,20,20,0.0
7293,hydro_reservoir,2030,34,21,21,0.0
7294,hydro_reservoir,2030,34,22,22,0.0
7295,hydro_reservoir,2030,34,23,23,0.0
7296,hydro_reservoir,2030,34,24,24,0.0
7297,hydro_reservoir,2030,35,1,1,0.0
7298,hydro_reservoir,2030,35,2,2,-2.42861286636753e-16
7299,hydro_reservoir,2030,35,3,3,0.0
7300,hydro_reservoir,2030,35,4,4,0.0
7301,hydro_reservoir,2030,35,5,5,-2.42861286636753e-16
7302,hydro_reservoir,2030,35,6,6,-2.42861286636753e-16
7303,hydro_reservoir,2030,35,7,7,0.0
7304,hydro_reservoir,2030,35,8,8,0.0
7305,hydro_reservoir,2030,35,9,9,0.0
7306,hydro_reservoir,2030,35,10,10,0.0
7307,hydro_reservoir,2030,35,11,11,0.0
7308,hydro_reservoir,2030,35,12,12,0.0
7309,hydro_reservoir,2030,35,13,13,0.0
7310,hydro_reservoir,2030,35,14,14,0.0
7311,hydro_reservoir,2030,35,15,15,0.0
7312,hydro_reservoir,2030,35,16,16,0.0
7313,hydro_reservoir,2030,35,17,17,0.0
7314,hydro_reservoir,2030,35,18,18,0.0
7315,hydro_reservoir,2030,35,19,19,0.0
7316,hydro_reservoir,2030,35,20,20,-2.42861286636753e-16
7317,hydro_reservoir,2030,35,21,21,0.0
7318,hydro_reservoir,2030,35,22,22,0.0
7319,hydro_reservoir,2030,35,23,23,-2.42861286636753e-16
7320,hydro_reservoir,2030,35,24,24,0.0
7321,hydro_reservoir,2030,36,1,1,0.0
7322,hydro_reservoir,2030,36,2,2,-1.7208456881689926e-15
7323,hydro_reservoir,2030,36,3,3,0.0
7324,hydro_reservoir,2030,36,4,4,-1.7208456881689926e-15
7325,hydro_reservoir,2030,36,5,5,-1.7208456881689926e-15
7326,hydro_reservoir,2030,36,6,6,-1.7208456881689926e-15
7327,hydro_reservoir,2030,36,7,7,-1.7208456881689926e-15
7328,hydro_reservoir,2030,36,8,8,-1.7208456881689926e-15
7329,hydro_reservoir,2030,36,9,9,0.0
7330,hydro_reservoir,2030,36,10,10,-1.7208456881689926e-15
7331,hydro_reservoir,2030,36,11,11,0.0
7332,hydro_reservoir,2030,36,12,12,-1.7208456881689926e-15
7333,hydro_reservoir,2030,36,13,13,0.0
7334,hydro_reservoir,2030,36,14,14,-1.7208456881689926e-15
7335,hydro_reservoir,2030,36,15,15,-1.7208456881689926e-15
7336,hydro_reservoir,2030,36,16,16,-1.7208456881689926e-15
7337,hydro_reservoir,2030,36,17,17,-1.7208456881689926e-15
7338,hydro_reservoir,2030,36,18,18,-1.7208456881689926e-15
7339,hydro_reservoir,2030,36,19,19,0.0
7340,hydro_reservoir,2030,36,20,20,0.0
7341,hydro_reservoir,2030,36,21,21,0.0
7342,hydro_reservoir,2030,36,22,22,-1.7208456881689926e-15
7343,hydro_reservoir,2030,36,23,23,-1.7208456881689926e-15
7344,hydro_reservoir,2030,36,24,24,-1.7208456881689926e-15
7345,hydro_reservoir,2030,37,1,1,-1.304512053934559e-15
7346,hydro_reservoir,2030,37,2,2,-1.304512053934559e-15
7347,hydro_reservoir,2030,37,3,3,0.0
7348,hydro_reservoir,2030,37,4,4,-1.304512053934559e-15
7349,hydro_reservoir,2030,37,5,5,-1.304512053934559e-15
7350,hydro_reservoir,2030,37,6,6,0.0
7351,hydro_reservoir,2030,37,7,7,-1.304512053934559e-15
7352,hydro_reservoir,2030,37,8,8,0.0
7353,hydro_reservoir,2030,37,9,9,-1.304512053934559e-15
7354,hydro_reservoir,2030,37,10,10,0.0
7355,hydro_reservoir,2030,37,11,11,0.0
7356,hydro_reservoir,2030,37,12,12,0.0
7357,hydro_reservoir,2030,37,13,13,0.0
7358,hydro_reservoir,2030,37,14,14,0.0
7359,hydro_reservoir,2030,37,15,15,0.0
7360,hydro_reservoir,2030,37,16,16,0.0
7361,hydro_reservoir,2030,37,17,17,0.0
7362,hydro_reservoir,2030,37,18,18,0.0
7363,hydro_reservoir,2030,37,19,19,0.0
7364,hydro_reservoir,2030,37,20,20,-1.304512053934559e-15
7365,hydro_reservoir,2030,37,21,21,-1.304512053934559e-15
7366,hydro_reservoir,2030,37,22,22,-1.304512053934559e-15
7367,hydro_reservoir,2030,37,23,23,-1.304512053934559e-15
7368,hydro_reservoir,2030,37,24,24,-1.304512053934559e-15
7369,hydro_reservoir,2030,38,1,1,-2.220446049250313e-16
7370,hydro_reservoir,2030,38,2,2,0.0
7371,hydro_reservoir,2030,38,3,3,0.0
7372,hydro_reservoir,2030,38,4,4,-2.220446049250313e-16
7373,hydro_reservoir,2030,38,5,5,0.0
7374,hydro_reservoir,2030,38,6,6,0.0
7375,hydro_reservoir,2030,38,7,7,0.0
7376,hydro_reservoir,2030,38,8,8,0.0
7377,hydro_reservoir,2030,38,9,9,-2.220446049250313e-16
7378,hydro_reservoir,2030,38,10,10,0.0
7379,hydro_reservoir,2030,38,11,11,-2.220446049250313e-16
7380,hydro_reservoir,2030,38,12,12,-2.220446049250313e-16
7381,hydro_reservoir,2030,38,13,13,0.0
7382,hydro_reservoir,2030,38,14,14,0.0
7383,hydro_reservoir,2030,38,15,15,0.0
7384,hydro_reservoir,2030,38,16,16,-2.220446049250313e-16
7385,hydro_reservoir,2030,38,17,17,0.0
7386,hydro_reservoir,2030,38,18,18,-2.220446049250313e-16
7387,hydro_reservoir,2030,38,19,19,0.0
7388,hydro_reservoir,2030,38,20,20,0.0
7389,hydro_reservoir,2030,38,21,21,0.0
7390,hydro_reservoir,2030,38,22,22,-2.220446049250313e-16
7391,hydro_reservoir,2030,38,23,23,-2.220446049250313e-16
7392,hydro_reservoir,2030,38,24,24,0.0
7393,hydro_reservoir,2030,39,1,1,0.0
7394,hydro_reservoir,2030,39,2,2,0.0
7395,hydro_reservoir,2030,39,3,3,0.0
7396,hydro_reservoir,2030,39,4,4,0.0
7397,hydro_reservoir,2030,39,5,5,0.0
7398,hydro_reservoir,2030,39,6,6,0.0
7399,hydro_reservoir,2030,39,7,7,-3.608224830031759e-16
7400,hydro_reservoir,2030,39,8,8,0.0
7401,hydro_reservoir,2030,39,9,9,0.0
7402,hydro_reservoir,2030,39,10,10,0.0
7403,hydro_reservoir,2030,39,11,11,0.0
7404,hydro_reservoir,2030,39,12,12,0.0
7405,hydro_reservoir,2030,39,13,13,0.0
7406,hydro_reservoir,2030,39,14,14,0.0
7407,hydro_reservoir,2030,39,15,15,0.0
7408,hydro_reservoir,2030,39,16,16,0.0
7409,hydro_reservoir,2030,39,17,17,0.0
7410,hydro_reservoir,2030,39,18,18,0.0
7411,hydro_reservoir,2030,39,19,19,0.0
7412,hydro_reservoir,2030,39,20,20,0.0
7413,hydro_reservoir,2030,39,21,21,-3.608224830031759e-16
7414,hydro_reservoir,2030,39,22,22,-3.608224830031759e-16
7415,hydro_reservoir,2030,39,23,23,-3.608224830031759e-16
7416,hydro_reservoir,2030,39,24,24,0.0
7417,hydro_reservoir,2030,40,1,1,-2.7755575615628914e-16
7418,hydro_reservoir,2030,40,2,2,-2.7755575615628914e-16
7419,hydro_reservoir,2030,40,3,3,-2.7755575615628914e-16
7420,hydro_reservoir,2030,40,4,4,0.0
7421,hydro_reservoir,2030,40,5,5,0.0
7422,hydro_reservoir,2030,40,6,6,-2.7755575615628914e-16
7423,hydro_reservoir,2030,40,7,7,-2.7755575615628914e-16
7424,hydro_reservoir,2030,40,8,8,0.0
7425,hydro_reservoir,2030,40,9,9,0.0
7426,hydro_reservoir,2030,40,10,10,-2.7755575615628914e-16
7427,hydro_reservoir,2030,40,11,11,-2.7755575615628914e-16
7428,hydro_reservoir,2030,40,12,12,0.0
7429,hydro_reservoir,2030,40,13,13,-2.7755575615628914e-16
7430,hydro_reservoir,2030,40,14,14,0.0
7431,hydro_reservoir,2030,40,15,15,0.0
7432,hydro_reservoir,2030,40,16,16,0.0
7433,hydro_reservoir,2030,40,17,17,-2.7755575615628914e-16
7434,hydro_reservoir,2030,40,18,18,0.0
7435,hydro_reservoir,2030,40,19,19,-2.7755575615628914e-16
7436,hydro_reservoir,2030,40,20,20,0.0
7437,hydro_reservoir,2030,40,21,21,0.0
7438,hydro_reservoir,2030,40,22,22,0.0
7439,hydro_reservoir,2030,40,23,23,0.0
7440,hydro_reservoir,2030,40,24,24,-2.7755575615628914e-16
7441,hydro_reservoir,2030,41,1,1,0.0
7442,hydro_reservoir,2030,41,2,2,0.0
7443,hydro_reservoir,2030,41,3,3,0.0
7444,hydro_reservoir,2030,41,4,4,-2.498001805406602e-16
7445,hydro_reservoir,2030,41,5,5,-2.498001805406602e-16
7446,hydro_reservoir,2030,41,6,6,0.0
7447,hydro_reservoir,2030,41,7,7,-2.498001805406602e-16
7448,hydro_reservoir,2030,41,8,8,-2.498001805406602e-16
7449,hydro_reservoir,2030,41,9,9,0.0
7450,hydro_reservoir,2030,41,10,10,0.0
7451,hydro_reservoir,2030,41,11,11,0.0
7452,hydro_reservoir,2030,41,12,12,0.0
7453,hydro_reservoir,2030,41,13,13,-2.498001805406602e-16
7454,hydro_reservoir,2030,41,14,14,0.0
7455,hydro_reservoir,2030,41,15,15,-2.498001805406602e-16
7456,hydro_reservoir,2030,41,16,16,0.0
7457,hydro_reservoir,2030,41,17,17,-2.498001805406602e-16
7458,hydro_reservoir,2030,41,18,18,0.0
7459,hydro_reservoir,2030,41,19,19,0.0
7460,hydro_reservoir,2030,41,20,20,-0.019778964378894027
7461,hydro_reservoir,2030,41,21,21,-0.019778964378893944
7462,hydro_reservoir,2030,41,22,22,-2.498001805406602e-16
7463,hydro_reservoir,2030,41,23,23,-2.498001805406602e-16
7464,hydro_reservoir,2030,41,24,24,0.0
7465,hydro_reservoir,2030,42,1,1,-1.609823385706477e-15
7466,hydro_reservoir,2030,42,2,2,-1.609823385706477e-15
7467,hydro_reservoir,2030,42,3,3,-1.609823385706477e-15
7468,hydro_reservoir,2030,42,4,4,0.0
7469,hydro_reservoir,2030,42,5,5,-1.609823385706477e-15
7470,hydro_reservoir,2030,42,6,6,-1.609823385706477e-15
7471,hydro_reservoir,2030,42,7,7,0.0
7472,hydro_reservoir,2030,42,8,8,-1.609823385706477e-15
7473,hydro_reservoir,2030,42,9,9,0.0
7474,hydro_reservoir,2030,42,10,10,-1.609823385706477e-15
7475,hydro_reservoir,2030,42,11,11,-1.609823385706477e-15
7476,hydro_reservoir,2030,42,12,12,-1.609823385706477e-15
7477,hydro_reservoir,2030,42,13,13,0.0
7478,hydro_reservoir,2030,42,14,14,0.0
7479,hydro_reservoir,2030,42,15,15,-1.609823385706477e-15
7480,hydro_reservoir,2030,42,16,16,-1.609823385706477e-15
7481,hydro_reservoir,2030,42,17,17,-1.609823385706477e-15
7482,hydro_reservoir,2030,42,18,18,0.0
7483,hydro_reservoir,2030,42,19,19,0.0
7484,hydro_reservoir,2030,42,20,20,-1.609823385706477e-15
7485,hydro_reservoir,2030,42,21,21,-1.609823385706477e-15
7486,hydro_reservoir,2030,42,22,22,-1.609823385706477e-15
7487,hydro_reservoir,2030,42,23,23,-1.609823385706477e-15
7488,hydro_reservoir,2030,42,24,24,0.0
7489,hydro_reservoir,2030,43,1,1,-1.3877787807814457e-16
7490,hydro_reservoir,2030,43,2,2,0.0
7491,hydro_reservoir,2030,43,3,3,-1.3877787807814457e-16
7492,hydro_reservoir,2030,43,4,4,-1.3877787807814457e-16
7493,hydro_reservoir,2030,43,5,5,0.0
7494,hydro_reservoir,2030,43,6,6,0.0
7495,hydro_reservoir,2030,43,7,7,0.0
7496,hydro_reservoir,2030,43,8,8,0.0
7497,hydro_reservoir,2030,43,9,9,-1.3877787807814457e-16
7498,hydro_reservoir,2030,43,10,10,0.0
7499,hydro_reservoir,2030,43,11,11,0.0
7500,hydro_reservoir,2030,43,12,12,0.0
7501,hydro_reservoir,2030,43,13,13,-1.3877787807814457e-16
7502,hydro_reservoir,2030,43,14,14,0.0
7503,hydro_reservoir,2030,43,15,15,0.0
7504,hydro_reservoir,2030,43,16,16,0.0
7505,hydro_reservoir,2030,43,17,17,-1.3877787807814457e-16
7506,hydro_reservoir,2030,43,18,18,-1.3877787807814457e-16
7507,hydro_reservoir,2030,43,19,19,-1.3877787807814457e-16
7508,hydro_reservoir,2030,43,20,20,-1.3877787807814457e-16
7509,hydro_reservoir,2030,43,21,21,0.0
7510,hydro_reservoir,2030,43,22,22,0.0
7511,hydro_reservoir,2030,43,23,23,-1.3877787807814457e-16
7512,hydro_reservoir,2030,43,24,24,0.0
7513,hydro_reservoir,2030,44,1,1,0.0
7514,hydro_reservoir,2030,44,2,2,0.0
7515,hydro_reservoir,2030,44,3,3,0.0
7516,hydro_reservoir,2030,44,4,4,0.0
7517,hydro_reservoir,2030,44,5,5,0.0
7518,hydro_reservoir,2030,44,6,6,0.0
7519,hydro_reservoir,2030,44,7,7,-3.469446951953614e-16
7520,hydro_reservoir,2030,44,8,8,0.0
7521,hydro_reservoir,2030,44,9,9,0.0
7522,hydro_reservoir,2030,44,10,10,0.0
7523,hydro_reservoir,2030,44,11,11,0.0
7524,hydro_reservoir,2030,44,12,12,0.0
7525,hydro_reservoir,2030,44,13,13,0.0
7526,hydro_reservoir,2030,44,14,14,0.0
7527,hydro_reservoir,2030,44,15,15,0.0
7528,hydro_reservoir,2030,44,16,16,0.0
7529,hydro_reservoir,2030,44,17,17,0.0
7530,hydro_reservoir,2030,44,18,18,0.0
7531,hydro_reservoir,2030,44,19,19,0.0
7532,hydro_reservoir,2030,44,20,20,0.0
7533,hydro_reservoir,2030,44,21,21,0.0
7534,hydro_reservoir,2030,44,22,22,0.0
7535,hydro_reservoir,2030,44,23,23,0.0
7536,hydro_reservoir,2030,44,24,24,0.0
7537,hydro_reservoir,2030,45,1,1,0.0
7538,hydro_reservoir,2030,45,2,2,0.0
7539,hydro_reservoir,2030,45,3,3,0.0
7540,hydro_reservoir,2030,45,4,4,0.0
7541,hydro_reservoir,2030,45,5,5,0.0
7542,hydro_reservoir,2030,45,6,6,0.0
7543,hydro_reservoir,2030,45,7,7,0.0
7544,hydro_reservoir,2030,45,8,8,-3.191891195797325e-16
7545,hydro_reservoir,2030,45,9,9,0.0
7546,hydro_reservoir,2030,45,10,10,-3.191891195797325e-16
7547,hydro_reservoir,2030,45,11,11,0.0
7548,hydro_reservoir,2030,45,12,12,-3.191891195797325e-16
7549,hydro_reservoir,2030,45,13,13,0.0
7550,hydro_reservoir,2030,45,14,14,0.0
7551,hydro_reservoir,2030,45,15,15,0.0
7552,hydro_reservoir,2030,45,16,16,-3.191891195797325e-16
7553,hydro_reservoir,2030,45,17,17,-3.191891195797325e-16
7554,hydro_reservoir,2030,45,18,18,-3.191891195797325e-16
7555,hydro_reservoir,2030,45,19,19,-3.191891195797325e-16
7556,hydro_reservoir,2030,45,20,20,-3.191891195797325e-16
7557,hydro_reservoir,2030,45,21,21,0.0
7558,hydro_reservoir,2030,45,22,22,0.0
7559,hydro_reservoir,2030,45,23,23,0.0
7560,hydro_reservoir,2030,45,24,24,-3.191891195797325e-16
7561,hydro_reservoir,2030,46,1,1,-4.718447854656915e-16
7562,hydro_reservoir,2030,46,2,2,-4.718447854656915e-16
7563,hydro_reservoir,2030,46,3,3,0.0
7564,hydro_reservoir,2030,46,4,4,-4.718447854656915e-16
7565,hydro_reservoir,2030,46,5,5,0.0
7566,hydro_reservoir,2030,46,6,6,0.0
7567,hydro_reservoir,2030,46,7,7,0.0
7568,hydro_reservoir,2030,46,8,8,-4.718447854656915e-16
7569,hydro_reservoir,2030,46,9,9,-4.718447854656915e-16
7570,hydro_reservoir,2030,46,10,10,-4.718447854656915e-16
7571,hydro_reservoir,2030,46,11,11,0.0
7572,hydro_reservoir,2030,46,12,12,-4.718447854656915e-16
7573,hydro_reservoir,2030,46,13,13,0.0
7574,hydro_reservoir,2030,46,14,14,0.0
7575,hydro_reservoir,2030,46,15,15,0.0
7576,hydro_reservoir,2030,46,16,16,0.0
7577,hydro_reservoir,2030,46,17,17,-4.718447854656915e-16
7578,hydro_reservoir,2030,46,18,18,-4.718447854656915e-16
7579,hydro_reservoir,2030,46,19,19,-4.718447854656915e-16
7580,hydro_reservoir,2030,46,20,20,-4.718447854656915e-16
7581,hydro_reservoir,2030,46,21,21,0.0
7582,hydro_reservoir,2030,46,22,22,0.0
7583,hydro_reservoir,2030,46,23,23,-4.718447854656915e-16
7584,hydro_reservoir,2030,46,24,24,0.0
7585,hydro_reservoir,2030,47,1,1,-2.1510571102112408e-16
7586,hydro_reservoir,2030,47,2,2,0.0
7587,hydro_reservoir,2030,47,3,3,0.0
7588,hydro_reservoir,2030,47,4,4,0.0
7589,hydro_reservoir,2030,47,5,5,-2.1510571102112408e-16
7590,hydro_reservoir,2030,47,6,6,0.0
7591,hydro_reservoir,2030,47,7,7,-2.1510571102112408e-16
7592,hydro_reservoir,2030,47,8,8,-2.1510571102112408e-16
7593,hydro_reservoir,2030,47,9,9,-2.1510571102112408e-16
7594,hydro_reservoir,2030,47,10,10,-2.1510571102112408e-16
7595,hydro_reservoir,2030,47,11,11,-2.1510571102112408e-16
7596,hydro_reservoir,2030,47,12,12,0.0
7597,hydro_reservoir,2030,47,13,13,0.0
7598,hydro_reservoir,2030,47,14,14,0.0
7599,hydro_reservoir,2030,47,15,15,0.0
7600,hydro_reservoir,2030,47,16,16,0.0
7601,hydro_reservoir,2030,47,17,17,0.0
7602,hydro_reservoir,2030,47,18,18,-2.1510571102112408e-16
7603,hydro_reservoir,2030,47,19,19,-2.1510571102112408e-16
7604,hydro_reservoir,2030,47,20,20,-2.1510571102112408e-16
7605,hydro_reservoir,2030,47,21,21,-2.1510571102112408e-16
7606,hydro_reservoir,2030,47,22,22,0.0
7607,hydro_reservoir,2030,47,23,23,-2.1510571102112408e-16
7608,hydro_reservoir,2030,47,24,24,-2.1510571102112408e-16
7609,hydro_reservoir,2030,48,1,1,-2.914335439641036e-16
7610,hydro_reservoir,2030,48,2,2,-2.914335439641036e-16
7611,hydro_reservoir,2030,48,3,3,0.0
7612,hydro_reservoir,2030,48,4,4,-2.914335439641036e-16
7613,hydro_reservoir,2030,48,5,5,0.0
7614,hydro_reservoir,2030,48,6,6,0.0
7615,hydro_reservoir,2030,48,7,7,-2.914335439641036e-16
7616,hydro_reservoir,2030,48,8,8,-2.914335439641036e-16
7617,hydro_reservoir,2030,48,9,9,-2.914335439641036e-16
7618,hydro_reservoir,2030,48,10,10,-2.914335439641036e-16
7619,hydro_reservoir,2030,48,11,11,-2.914335439641036e-16
7620,hydro_reservoir,2030,48,12,12,0.0
7621,hydro_reservoir,2030,48,13,13,0.0
7622,hydro_reservoir,2030,48,14,14,0.0
7623,hydro_reservoir,2030,48,15,15,0.0
7624,hydro_reservoir,2030,48,16,16,0.0
7625,hydro_reservoir,2030,48,17,17,0.0
7626,hydro_reservoir,2030,48,18,18,0.0
7627,hydro_reservoir,2030,48,19,19,-2.914335439641036e-16
7628,hydro_reservoir,2030,48,20,20,-2.914335439641036e-16
7629,hydro_reservoir,2030,48,21,21,0.0
7630,hydro_reservoir,2030,48,22,22,0.0
7631,hydro_reservoir,2030,48,23,23,0.0
7632,hydro_reservoir,2030,48,24,24,0.0
7633,hydro_reservoir,2030,49,1,1,-4.3021142204224816e-16
7634,hydro_reservoir,2030,49,2,2,0.0
7635,hydro_reservoir,2030,49,3,3,0.0
7636,hydro_reservoir,2030,49,4,4,0.0
7637,hydro_reservoir,2030,49,5,5,0.0
7638,hydro_reservoir,2030,49,6,6,0.0
7639,hydro_reservoir,2030,49,7,7,-4.3021142204224816e-16
7640,hydro_reservoir,2030,49,8,8,0.0
7641,hydro_reservoir,2030,49,9,9,0.0
7642,hydro_reservoir,2030,49,10,10,-4.3021142204224816e-16
7643,hydro_reservoir,2030,49,11,11,0.0
7644,hydro_reservoir,2030,49,12,12,0.0
7645,hydro_reservoir,2030,49,13,13,0.0
7646,hydro_reservoir,2030,49,14,14,0.0
7647,hydro_reservoir,2030,49,15,15,0.0
7648,hydro_reservoir,2030,49,16,16,0.0
7649,hydro_reservoir,2030,49,17,17,0.0
7650,hydro_reservoir,2030,49,18,18,0.0
7651,hydro_reservoir,2030,49,19,19,0.0
7652,hydro_reservoir,2030,49,20,20,0.0
7653,hydro_reservoir,2030,49,21,21,0.0
7654,hydro_reservoir,2030,49,22,22,0.0
7655,hydro_reservoir,2030,49,23,23,0.0
7656,hydro_reservoir,2030,49,24,24,0.0
7657,hydro_reservoir,2030,50,1,1,0.0
7658,hydro_reservoir,2030,50,2,2,0.0
7659,hydro_reservoir,2030,50,3,3,0.0
7660,hydro_reservoir,2030,50,4,4,-3.608224830031759e-16
7661,hydro_reservoir,2030,50,5,5,0.0
7662,hydro_reservoir,2030,50,6,6,0.0
7663,hydro_reservoir,2030,50,7,7,0.0
7664,hydro_reservoir,2030,50,8,8,-3.608224830031759e-16
7665,hydro_reservoir,2030,50,9,9,0.0
7666,hydro_reservoir,2030,50,10,10,0.0
7667,hydro_reservoir,2030,50,11,11,0.0
7668,hydro_reservoir,2030,50,12,12,0.0
7669,hydro_reservoir,2030,50,13,13,-3.608224830031759e-16
7670,hydro_reservoir,2030,50,14,14,0.0
7671,hydro_reservoir,2030,50,15,15,0.0
7672,hydro_reservoir,2030,50,16,16,-3.608224830031759e-16
7673,hydro_reservoir,2030,50,17,17,-3.608224830031759e-16
7674,hydro_reservoir,2030,50,18,18,0.0
7675,hydro_reservoir,2030,50,19,19,-3.608224830031759e-16
7676,hydro_reservoir,2030,50,20,20,-3.608224830031759e-16
7677,hydro_reservoir,2030,50,21,21,0.0
7678,hydro_reservoir,2030,50,22,22,-3.608224830031759e-16
7679,hydro_reservoir,2030,50,23,23,0.0
7680,hydro_reservoir,2030,50,24,24,0.0
7681,hydro_reservoir,2030,51,1,1,-6.938893903907228e-16
7682,hydro_reservoir,2030,51,2,2,0.0
7683,hydro_reservoir,2030,51,3,3,-6.938893903907228e-16
7684,hydro_reservoir,2030,51,4,4,-6.938893903907228e-16
7685,hydro_reservoir,2030,51,5,5,0.0
7686,hydro_reservoir,2030,51,6,6,-6.938893903907228e-16
7687,hydro_reservoir,2030,51,7,7,0.0
7688,hydro_reservoir,2030,51,8,8,-6.938893903907228e-16
7689,hydro_reservoir,2030,51,9,9,-6.938893903907228e-16
7690,hydro_reservoir,2030,51,10,10,-6.938893903907228e-16
7691,hydro_reservoir,2030,51,11,11,0.0
7692,hydro_reservoir,2030,51,12,12,0.0
7693,hydro_reservoir,2030,51,13,13,0.0
7694,hydro_reservoir,2030,51,14,14,0.0
7695,hydro_reservoir,2030,51,15,15,0.0
7696,hydro_reservoir,2030,51,16,16,0.0
7697,hydro_reservoir,2030,51,17,17,-6.938893903907228e-16
7698,hydro_reservoir,2030,51,18,18,-6.938893903907228e-16
7699,hydro_reservoir,2030,51,19,19,-6.938893903907228e-16
7700,hydro_reservoir,2030,51,20,20,-6.938893903907228e-16
7701,hydro_reservoir,2030,51,21,21,-6.938893903907228e-16
7702,hydro_reservoir,2030,51,22,22,0.0
7703,hydro_reservoir,2030,51,23,23,0.0
7704,hydro_reservoir,2030,51,24,24,-6.938893903907228e-16
7705,hydro_reservoir,2030,52,1,1,0.0
7706,hydro_reservoir,2030,52,2,2,0.0
7707,hydro_reservoir,2030,52,3,3,0.0
7708,hydro_reservoir,2030,52,4,4,0.0
7709,hydro_reservoir,2030,52,5,5,0.0
7710,hydro_reservoir,2030,52,6,6,0.0
7711,hydro_reservoir,2030,52,7,7,0.0
7712,hydro_reservoir,2030,52,8,8,-4.996003610813204e-16
7713,hydro_reservoir,2030,52,9,9,0.0
7714,hydro_reservoir,2030,52,10,10,0.0
7715,hydro_reservoir,2030,52,11,11,0.0
7716,hydro_reservoir,2030,52,12,12,0.0
7717,hydro_reservoir,2030,52,13,13,0.0
7718,hydro_reservoir,2030,52,14,14,0.0
7719,hydro_reservoir,2030,52,15,15,0.0
7720,hydro_reservoir,2030,52,16,16,0.0
7721,hydro_reservoir,2030,52,17,17,0.0
7722,hydro_reservoir,2030,52,18,18,-4.996003610813204e-16
7723,hydro_reservoir,2030,52,19,19,-4.996003610813204e-16
7724,hydro_reservoir,2030,52,20,20,0.0
7725,hydro_reservoir,2030,52,21,21,0.0
7726,hydro_reservoir,2030,52,22,22,-4.996003610813204e-16
7727,hydro_reservoir,2030,52,23,23,0.0
7728,hydro_reservoir,2030,52,24,24,-4.996003610813204e-16
7729,hydro_reservoir,2030,53,1,1,-3.0531133177191805e-16
7730,hydro_reservoir,2030,53,2,2,0.0
7731,hydro_reservoir,2030,53,3,3,0.0
7732,hydro_reservoir,2030,53,4,4,0.0
7733,hydro_reservoir,2030,53,5,5,-3.0531133177191805e-16
7734,hydro_reservoir,2030,53,6,6,-3.0531133177191805e-16
7735,hydro_reservoir,2030,53,7,7,-3.0531133177191805e-16
7736,hydro_reservoir,2030,53,8,8,-3.0531133177191805e-16
7737,hydro_reservoir,2030,53,9,9,0.0
7738,hydro_reservoir,2030,53,10,10,0.0
7739,hydro_reservoir,2030,53,11,11,-3.0531133177191805e-16
7740,hydro_reservoir,2030,53,12,12,0.0
7741,hydro_reservoir,2030,53,13,13,0.0
7742,hydro_reservoir,2030,53,14,14,0.0
7743,hydro_reservoir,2030,53,15,15,0.0
7744,hydro_reservoir,2030,53,16,16,0.0
7745,hydro_reservoir,2030,53,17,17,0.0
7746,hydro_reservoir,2030,53,18,18,0.0
7747,hydro_reservoir,2030,53,19,19,0.0
7748,hydro_reservoir,2030,53,20,20,0.0
7749,hydro_reservoir,2030,53,21,21,0.0
7750,hydro_reservoir,2030,53,22,22,0.0
7751,hydro_reservoir,2030,53,23,23,0.0
7752,hydro_reservoir,2030,53,24,24,0.0
7753,hydro_reservoir,2030,54,1,1,-8.604228440844963e-16
7754,hydro_reservoir,2030,54,2,2,-8.604228440844963e-16
7755,hydro_reservoir,2030,54,3,3,-8.604228440844963e-16
7756,hydro_reservoir,2030,54,4,4,0.0
7757,hydro_reservoir,2030,54,5,5,-8.604228440844963e-16
7758,hydro_reservoir,2030,54,6,6,-8.604228440844963e-16
7759,hydro_reservoir,2030,54,7,7,0.0
7760,hydro_reservoir,2030,54,8,8,-8.604228440844963e-16
7761,hydro_reservoir,2030,54,9,9,0.0
7762,hydro_reservoir,2030,54,10,10,-8.604228440844963e-16
7763,hydro_reservoir,2030,54,11,11,-8.604228440844963e-16
7764,hydro_reservoir,2030,54,12,12,-8.604228440844963e-16
7765,hydro_reservoir,2030,54,13,13,0.0
7766,hydro_reservoir,2030,54,14,14,0.0
7767,hydro_reservoir,2030,54,15,15,0.0
7768,hydro_reservoir,2030,54,16,16,0.0
7769,hydro_reservoir,2030,54,17,17,0.0
7770,hydro_reservoir,2030,54,18,18,0.0
7771,hydro_reservoir,2030,54,19,19,-8.604228440844963e-16
7772,hydro_reservoir,2030,54,20,20,-8.604228440844963e-16
7773,hydro_reservoir,2030,54,21,21,-0.025154232961210915
7774,hydro_reservoir,2030,54,22,22,-8.604228440844963e-16
7775,hydro_reservoir,2030,54,23,23,-8.604228440844963e-16
7776,hydro_reservoir,2030,54,24,24,0.0
7777,hydro_reservoir,2030,55,1,1,0.0
7778,hydro_reservoir,2030,55,2,2,0.0
7779,hydro_reservoir,2030,55,3,3,0.0
7780,hydro_reservoir,2030,55,4,4,0.0
7781,hydro_reservoir,2030,55,5,5,0.0
7782,hydro_reservoir,2030,55,6,6,0.0
7783,hydro_reservoir,2030,55,7,7,0.0
7784,hydro_reservoir,2030,55,8,8,0.0
7785,hydro_reservoir,2030,55,9,9,0.0
7786,hydro_reservoir,2030,55,10,10,1.1102230246251565e-16
7787,hydro_reservoir,2030,55,11,11,0.0
7788,hydro_reservoir,2030,55,12,12,0.0
7789,hydro_reservoir,2030,55,13,13,1.1102230246251565e-16
7790,hydro_reservoir,2030,55,14,14,0.0
7791,hydro_reservoir,2030,55,15,15,0.0
7792,hydro_reservoir,2030,55,16,16,0.0
7793,hydro_reservoir,2030,55,17,17,1.1102230246251565e-16
7794,hydro_reservoir,2030,55,18,18,1.1102230246251565e-16
7795,hydro_reservoir,2030,55,19,19,0.0
7796,hydro_reservoir,2030,55,20,20,0.0
7797,hydro_reservoir,2030,55,21,21,0.0
7798,hydro_reservoir,2030,55,22,22,1.1102230246251565e-16
7799,hydro_reservoir,2030,55,23,23,0.0
7800,hydro_reservoir,2030,55,24,24,0.0
7801,hydro_reservoir,2030,56,1,1,-3.608224830031759e-16
7802,hydro_reservoir,2030,56,2,2,-3.608224830031759e-16
7803,hydro_reservoir,2030,56,3,3,-3.608224830031759e-16
7804,hydro_reservoir,2030,56,4,4,0.0
7805,hydro_reservoir,2030,56,5,5,-3.608224830031759e-16
7806,hydro_reservoir,2030,56,6,6,-3.608224830031759e-16
7807,hydro_reservoir,2030,56,7,7,-3.608224830031759e-16
7808,hydro_reservoir,2030,56,8,8,0.0
7809,hydro_reservoir,2030,56,9,9,0.0
7810,hydro_reservoir,2030,56,10,10,0.0
7811,hydro_reservoir,2030,56,11,11,0.0
7812,hydro_reservoir,2030,56,12,12,-3.608224830031759e-16
7813,hydro_reservoir,2030,56,13,13,0.0
7814,hydro_reservoir,2030,56,14,14,0.0
7815,hydro_reservoir,2030,56,15,15,0.0
7816,hydro_reservoir,2030,56,16,16,-3.608224830031759e-16
7817,hydro_reservoir,2030,56,17,17,-3.608224830031759e-16
7818,hydro_reservoir,2030,56,18,18,-3.608224830031759e-16
7819,hydro_reservoir,2030,56,19,19,-3.608224830031759e-16
7820,hydro_reservoir,2030,56,20,20,0.0
7821,hydro_reservoir,2030,56,21,21,-3.608224830031759e-16
7822,hydro_reservoir,2030,56,22,22,0.0
7823,hydro_reservoir,2030,56,23,23,-3.608224830031759e-16
7824,hydro_reservoir,2030,56,24,24,-3.608224830031759e-16
7825,hydro_reservoir,2030,57,1,1,0.0
7826,hydro_reservoir,2030,57,2,2,0.0
7827,hydro_reservoir,2030,57,3,3,0.0
7828,hydro_reservoir,2030,57,4,4,0.0
7829,hydro_reservoir,2030,57,5,5,0.0
7830,hydro_reservoir,2030,57,6,6,0.0
7831,hydro_reservoir,2030,57,7,7,0.0
7832,hydro_reservoir,2030,57,8,8,0.0
7833,hydro_reservoir,2030,57,9,9,0.0
7834,hydro_reservoir,2030,57,10,10,0.0
7835,hydro_reservoir,2030,57,11,11,0.0
7836,hydro_reservoir,2030,57,12,12,0.0
7837,hydro_reservoir,2030,57,13,13,0.0
7838,hydro_reservoir,2030,57,14,14,0.0
7839,hydro_reservoir,2030,57,15,15,0.0
7840,hydro_reservoir,2030,57,16,16,0.0
7841,hydro_reservoir,2030,57,17,17,0.0
7842,hydro_reservoir,2030,57,18,18,0.0
7843,hydro_reservoir,2030,57,19,19,0.0
7844,hydro_reservoir,2030,57,20,20,0.0
7845,hydro_reservoir,2030,57,21,21,0.0
7846,hydro_reservoir,2030,57,22,22,0.0
7847,hydro_reservoir,2030,57,23,23,0.0
7848,hydro_reservoir,2030,57,24,24,0.0
7849,hydro_reservoir,2030,58,1,1,0.0
7850,hydro_reservoir,2030,58,2,2,0.0
7851,hydro_reservoir,2030,58,3,3,0.0
7852,hydro_reservoir,2030,58,4,4,0.0
7853,hydro_reservoir,2030,58,5,5,0.0
7854,hydro_reservoir,2030,58,6,6,0.0
7855,hydro_reservoir,2030,58,7,7,0.0
7856,hydro_reservoir,2030,58,8,8,0.0
7857,hydro_reservoir,2030,58,9,9,0.0
7858,hydro_reservoir,2030,58,10,10,0.0
7859,hydro_reservoir,2030,58,11,11,0.0
7860,hydro_reservoir,2030,58,12,12,0.0
7861,hydro_reservoir,2030,58,13,13,0.0
7862,hydro_reservoir,2030,58,14,14,0.0
7863,hydro_reservoir,2030,58,15,15,0.0
7864,hydro_reservoir,2030,58,16,16,0.0
7865,hydro_reservoir,2030,58,17,17,0.0
7866,hydro_reservoir,2030,58,18,18,0.0
7867,hydro_reservoir,2030,58,19,19,0.0
7868,hydro_reservoir,2030,58,20,20,0.0
7869,hydro_reservoir,2030,58,21,21,-1.0269562977782698e-15
7870,hydro_reservoir,2030,58,22,22,-1.0269562977782698e-15
7871,hydro_reservoir,2030,58,23,23,0.0
7872,hydro_reservoir,2030,58,24,24,-1.0269562977782698e-15
7873,hydro_reservoir,2030,59,1,1,0.0
7874,hydro_reservoir,2030,59,2,2,-1.1102230246251565e-16
7875,hydro_reservoir,2030,59,3,3,0.0
7876,hydro_reservoir,2030,59,4,4,-1.1102230246251565e-16
7877,hydro_reservoir,2030,59,5,5,-1.1102230246251565e-16
7878,hydro_reservoir,2030,59,6,6,-1.1102230246251565e-16
7879,hydro_reservoir,2030,59,7,7,0.0
7880,hydro_reservoir,2030,59,8,8,-1.1102230246251565e-16
7881,hydro_reservoir,2030,59,9,9,-1.1102230246251565e-16
7882,hydro_reservoir,2030,59,10,10,-1.1102230246251565e-16
7883,hydro_reservoir,2030,59,11,11,-1.1102230246251565e-16
7884,hydro_reservoir,2030,59,12,12,0.0
7885,hydro_reservoir,2030,59,13,13,0.0
7886,hydro_reservoir,2030,59,14,14,0.0
7887,hydro_reservoir,2030,59,15,15,0.0
7888,hydro_reservoir,2030,59,16,16,-1.1102230246251565e-16
7889,hydro_reservoir,2030,59,17,17,0.0
7890,hydro_reservoir,2030,59,18,18,0.0
7891,hydro_reservoir,2030,59,19,19,-1.1102230246251565e-16
7892,hydro_reservoir,2030,59,20,20,-1.1102230246251565e-16
7893,hydro_reservoir,2030,59,21,21,0.0
7894,hydro_reservoir,2030,59,22,22,0.0
7895,hydro_reservoir,2030,59,23,23,0.0
7896,hydro_reservoir,2030,59,24,24,0.0
7897,hydro_reservoir,2030,60,1,1,0.0
7898,hydro_reservoir,2030,60,2,2,0.0
7899,hydro_reservoir,2030,60,3,3,0.0
7900,hydro_reservoir,2030,60,4,4,0.0
7901,hydro_reservoir,2030,60,5,5,0.0
7902,hydro_reservoir,2030,60,6,6,-4.3021142204224816e-16
7903,hydro_reservoir,2030,60,7,7,-4.3021142204224816e-16
7904,hydro_reservoir,2030,60,8,8,-4.3021142204224816e-16
7905,hydro_reservoir,2030,60,9,9,0.0
7906,hydro_reservoir,2030,60,10,10,0.0
7907,hydro_reservoir,2030,60,11,11,-4.3021142204224816e-16
7908,hydro_reservoir,2030,60,12,12,0.0
7909,hydro_reservoir,2030,60,13,13,0.0
7910,hydro_reservoir,2030,60,14,14,-4.3021142204224816e-16
7911,hydro_reservoir,2030,60,15,15,0.0
7912,hydro_reservoir,2030,60,16,16,-4.3021142204224816e-16
7913,hydro_reservoir,2030,60,17,17,0.0
7914,hydro_reservoir,2030,60,18,18,0.0
7915,hydro_reservoir,2030,60,19,19,-4.3021142204224816e-16
7916,hydro_reservoir,2030,60,20,20,-4.3021142204224816e-16
7917,hydro_reservoir,2030,60,21,21,-4.3021142204224816e-16
7918,hydro_reservoir,2030,60,22,22,-4.3021142204224816e-16
7919,hydro_reservoir,2030,60,23,23,-4.3021142204224816e-16
7920,hydro_reservoir,2030,60,24,24,-4.3021142204224816e-16
7921,hydro_reservoir,2030,61,1,1,-2.2898349882893854e-16
7922,hydro_reservoir,2030,61,2,2,-2.2898349882893854e-16
7923,hydro_reservoir,2030,61,3,3,0.0
7924,hydro_reservoir,2030,61,4,4,0.0
7925,hydro_reservoir,2030,61,5,5,-2.2898349882893854e-16
7926,hydro_reservoir,2030,61,6,6,0.0
7927,hydro_reservoir,2030,61,7,7,0.0
7928,hydro_reservoir,2030,61,8,8,0.0
7929,hydro_reservoir,2030,61,9,9,-2.2898349882893854e-16
7930,hydro_reservoir,2030,61,10,10,0.0
7931,hydro_reservoir,2030,61,11,11,0.0
7932,hydro_reservoir,2030,61,12,12,0.0
7933,hydro_reservoir,2030,61,13,13,0.0
7934,hydro_reservoir,2030,61,14,14,0.0
7935,hydro_reservoir,2030,61,15,15,0.0
7936,hydro_reservoir,2030,61,16,16,0.0
7937,hydro_reservoir,2030,61,17,17,0.0
7938,hydro_reservoir,2030,61,18,18,0.0
7939,hydro_reservoir,2030,61,19,19,0.0
7940,hydro_reservoir,2030,61,20,20,0.0
7941,hydro_reservoir,2030,61,21,21,-2.2898349882893854e-16
7942,hydro_reservoir,2030,61,22,22,0.0
7943,hydro_reservoir,2030,61,23,23,-2.2898349882893854e-16
7944,hydro_reservoir,2030,61,24,24,-2.2898349882893854e-16
7945,hydro_reservoir,2030,62,1,1,0.0
7946,hydro_reservoir,2030,62,2,2,0.0
7947,hydro_reservoir,2030,62,3,3,0.0
7948,hydro_reservoir,2030,62,4,4,-2.914335439641036e-16
7949,hydro_reservoir,2030,62,5,5,0.0
7950,hydro_reservoir,2030,62,6,6,0.0
7951,hydro_reservoir,2030,62,7,7,0.0
7952,hydro_reservoir,2030,62,8,8,0.0
7953,hydro_reservoir,2030,62,9,9,0.0
7954,hydro_reservoir,2030,62,10,10,0.0
7955,hydro_reservoir,2030,62,11,11,0.0
7956,hydro_reservoir,2030,62,12,12,0.0
7957,hydro_reservoir,2030,62,13,13,0.0
7958,hydro_reservoir,2030,62,14,14,0.0
7959,hydro_reservoir,2030,62,15,15,0.0
7960,hydro_reservoir,2030,62,16,16,0.0
7961,hydro_reservoir,2030,62,17,17,0.0
7962,hydro_reservoir,2030,62,18,18,0.0
7963,hydro_reservoir,2030,62,19,19,0.0
7964,hydro_reservoir,2030,62,20,20,-2.914335439641036e-16
7965,hydro_reservoir,2030,62,21,21,0.0
7966,hydro_reservoir,2030,62,22,22,-2.914335439641036e-16
7967,hydro_reservoir,2030,62,23,23,-2.914335439641036e-16
7968,hydro_reservoir,2030,62,24,24,0.0
7969,hydro_reservoir,2030,63,1,1,0.0
7970,hydro_reservoir,2030,63,2,2,-3.0531133177191805e-16
7971,hydro_reservoir,2030,63,3,3,-3.0531133177191805e-16
7972,hydro_reservoir,2030,63,4,4,-3.0531133177191805e-16
7973,hydro_reservoir,2030,63,5,5,0.0
7974,hydro_reservoir,2030,63,6,6,-3.0531133177191805e-16
7975,hydro_reservoir,2030,63,7,7,0.0
7976,hydro_reservoir,2030,63,8,8,-3.0531133177191805e-16
7977,hydro_reservoir,2030,63,9,9,0.0
7978,hydro_reservoir,2030,63,10,10,0.0
7979,hydro_reservoir,2030,63,11,11,0.0
7980,hydro_reservoir,2030,63,12,12,0.0
7981,hydro_reservoir,2030,63,13,13,0.0
7982,hydro_reservoir,2030,63,14,14,0.0
7983,hydro_reservoir,2030,63,15,15,0.0
7984,hydro_reservoir,2030,63,16,16,0.0
7985,hydro_reservoir,2030,63,17,17,0.0
7986,hydro_reservoir,2030,63,18,18,0.0
7987,hydro_reservoir,2030,63,19,19,0.0
7988,hydro_reservoir,2030,63,20,20,0.0
7989,hydro_reservoir,2030,63,21,21,-3.0531133177191805e-16
7990,hydro_reservoir,2030,63,22,22,0.0
7991,hydro_reservoir,2030,63,23,23,0.0
7992,hydro_reservoir,2030,63,24,24,-3.0531133177191805e-16
7993,hydro_reservoir,2030,64,1,1,-7.771561172376096e-16
7994,hydro_reservoir,2030,64,2,2,-7.771561172376096e-16
7995,hydro_reservoir,2030,64,3,3,-7.771561172376096e-16
7996,hydro_reservoir,2030,64,4,4,0.0
7997,hydro_reservoir,2030,64,5,5,-7.771561172376096e-16
7998,hydro_reservoir,2030,64,6,6,-7.771561172376096e-16
7999,hydro_reservoir,2030,64,7,7,-7.771561172376096e-16
8000,hydro_reservoir,2030,64,8,8,-7.771561172376096e-16
8001,hydro_reservoir,2030,64,9,9,0.0
8002,hydro_reservoir,2030,64,10,10,0.0
8003,hydro_reservoir,2030,64,11,11,0.0
8004,hydro_reservoir,2030,64,12,12,0.0
8005,hydro_reservoir,2030,64,13,13,0.0
8006,hydro_reservoir,2030,64,14,14,0.0
8007,hydro_reservoir,2030,64,15,15,0.0
8008,hydro_reservoir,2030,64,16,16,0.0
8009,hydro_reservoir,2030,64,17,17,0.0
8010,hydro_reservoir,2030,64,18,18,0.0
8011,hydro_reservoir,2030,64,19,19,0.0
8012,hydro_reservoir,2030,64,20,20,0.0
8013,hydro_reservoir,2030,64,21,21,0.0
8014,hydro_reservoir,2030,64,22,22,0.0
8015,hydro_reservoir,2030,64,23,23,0.0
8016,hydro_reservoir,2030,64,24,24,0.0
8017,hydro_reservoir,2030,65,1,1,0.0
8018,hydro_reservoir,2030,65,2,2,0.0
8019,hydro_reservoir,2030,65,3,3,0.0
8020,hydro_reservoir,2030,65,4,4,0.0
8021,hydro_reservoir,2030,65,5,5,-2.498001805406602e-16
8022,hydro_reservoir,2030,65,6,6,-2.498001805406602e-16
8023,hydro_reservoir,2030,65,7,7,-2.498001805406602e-16
8024,hydro_reservoir,2030,65,8,8,-2.498001805406602e-16
8025,hydro_reservoir,2030,65,9,9,-2.498001805406602e-16
8026,hydro_reservoir,2030,65,10,10,-2.498001805406602e-16
8027,hydro_reservoir,2030,65,11,11,0.0
8028,hydro_reservoir,2030,65,12,12,0.0
8029,hydro_reservoir,2030,65,13,13,0.0
8030,hydro_reservoir,2030,65,14,14,0.0
8031,hydro_reservoir,2030,65,15,15,0.0
8032,hydro_reservoir,2030,65,16,16,0.0
8033,hydro_reservoir,2030,65,17,17,0.0
8034,hydro_reservoir,2030,65,18,18,0.0
8035,hydro_reservoir,2030,65,19,19,-2.498001805406602e-16
8036,hydro_reservoir,2030,65,20,20,0.0
8037,hydro_reservoir,2030,65,21,21,0.0
8038,hydro_reservoir,2030,65,22,22,0.0
8039,hydro_reservoir,2030,65,23,23,-2.498001805406602e-16
8040,hydro_reservoir,2030,65,24,24,-2.498001805406602e-16
8041,hydro_reservoir,2030,66,1,1,0.0
8042,hydro_reservoir,2030,66,2,2,0.0
8043,hydro_reservoir,2030,66,3,3,0.0
8044,hydro_reservoir,2030,66,4,4,0.0
8045,hydro_reservoir,2030,66,5,5,0.0
8046,hydro_reservoir,2030,66,6,6,0.0
8047,hydro_reservoir,2030,66,7,7,-4.85722573273506e-16
8048,hydro_reservoir,2030,66,8,8,-4.85722573273506e-16
8049,hydro_reservoir,2030,66,9,9,0.0
8050,hydro_reservoir,2030,66,10,10,0.0
8051,hydro_reservoir,2030,66,11,11,0.0
8052,hydro_reservoir,2030,66,12,12,0.0
8053,hydro_reservoir,2030,66,13,13,0.0
8054,hydro_reservoir,2030,66,14,14,0.0
8055,hydro_reservoir,2030,66,15,15,0.0
8056,hydro_reservoir,2030,66,16,16,0.0
8057,hydro_reservoir,2030,66,17,17,0.0
8058,hydro_reservoir,2030,66,18,18,0.0
8059,hydro_reservoir,2030,66,19,19,0.0
8060,hydro_reservoir,2030,66,20,20,0.0
8061,hydro_reservoir,2030,66,21,21,0.0
8062,hydro_reservoir,2030,66,22,22,0.0
8063,hydro_reservoir,2030,66,23,23,0.0
8064,hydro_reservoir,2030,66,24,24,0.0
8065,hydro_reservoir,2030,67,1,1,0.0
8066,hydro_reservoir,2030,67,2,2,0.0
8067,hydro_reservoir,2030,67,3,3,0.0
8068,hydro_reservoir,2030,67,4,4,-2.220446049250313e-16
8069,hydro_reservoir,2030,67,5,5,0.0
8070,hydro_reservoir,2030,67,6,6,0.0
8071,hydro_reservoir,2030,67,7,7,0.0
8072,hydro_reservoir,2030,67,8,8,-2.220446049250313e-16
8073,hydro_reservoir,2030,67,9,9,0.0
8074,hydro_reservoir,2030,67,10,10,-2.220446049250313e-16
8075,hydro_reservoir,2030,67,11,11,0.0
8076,hydro_reservoir,2030,67,12,12,0.0
8077,hydro_reservoir,2030,67,13,13,0.0
8078,hydro_reservoir,2030,67,14,14,0.0
8079,hydro_reservoir,2030,67,15,15,0.0
8080,hydro_reservoir,2030,67,16,16,0.0
8081,hydro_reservoir,2030,67,17,17,0.0
8082,hydro_reservoir,2030,67,18,18,-2.220446049250313e-16
8083,hydro_reservoir,2030,67,19,19,0.0
8084,hydro_reservoir,2030,67,20,20,0.0
8085,hydro_reservoir,2030,67,21,21,0.0
8086,hydro_reservoir,2030,67,22,22,-2.220446049250313e-16
8087,hydro_reservoir,2030,67,23,23,-2.220446049250313e-16
8088,hydro_reservoir,2030,67,24,24,0.0
8089,hydro_reservoir,2030,68,1,1,0.0
8090,hydro_reservoir,2030,68,2,2,0.0
8091,hydro_reservoir,2030,68,3,3,0.0
8092,hydro_reservoir,2030,68,4,4,-9.992007221626409e-16
8093,hydro_reservoir,2030,68,5,5,-9.992007221626409e-16
8094,hydro_reservoir,2030,68,6,6,-9.992007221626409e-16
8095,hydro_reservoir,2030,68,7,7,0.0
8096,hydro_reservoir,2030,68,8,8,0.0
8097,hydro_reservoir,2030,68,9,9,0.0
8098,hydro_reservoir,2030,68,10,10,-9.992007221626409e-16
8099,hydro_reservoir,2030,68,11,11,-9.992007221626409e-16
8100,hydro_reservoir,2030,68,12,12,0.0
8101,hydro_reservoir,2030,68,13,13,0.0
8102,hydro_reservoir,2030,68,14,14,-9.992007221626409e-16
8103,hydro_reservoir,2030,68,15,15,-9.992007221626409e-16
8104,hydro_reservoir,2030,68,16,16,0.0
8105,hydro_reservoir,2030,68,17,17,0.0
8106,hydro_reservoir,2030,68,18,18,-9.992007221626409e-16
8107,hydro_reservoir,2030,68,19,19,-9.992007221626409e-16
8108,hydro_reservoir,2030,68,20,20,0.0
8109,hydro_reservoir,2030,68,21,21,-9.992007221626409e-16
8110,hydro_reservoir,2030,68,22,22,-9.992007221626409e-16
8111,hydro_reservoir,2030,68,23,23,-9.992007221626409e-16
8112,hydro_reservoir,2030,68,24,24,-9.992007221626409e-16
8113,hydro_reservoir,2030,69,1,1,0.0
8114,hydro_reservoir,2030,69,2,2,0.0
8115,hydro_reservoir,2030,69,3,3,-3.6637359812630166e-15
8116,hydro_reservoir,2030,69,4,4,-3.6637359812630166e-15
8117,hydro_reservoir,2030,69,5,5,-3.6637359812630166e-15
8118,hydro_reservoir,2030,69,6,6,-3.6637359812630166e-15
8119,hydro_reservoir,2030,69,7,7,0.0
8120,hydro_reservoir,2030,69,8,8,-3.6637359812630166e-15
8121,hydro_reservoir,2030,69,9,9,-3.6637359812630166e-15
8122,hydro_reservoir,2030,69,10,10,-3.6637359812630166e-15
8123,hydro_reservoir,2030,69,11,11,0.0
8124,hydro_reservoir,2030,69,12,12,0.0
8125,hydro_reservoir,2030,69,13,13,0.0
8126,hydro_reservoir,2030,69,14,14,0.0
8127,hydro_reservoir,2030,69,15,15,0.0
8128,hydro_reservoir,2030,69,16,16,0.0
8129,hydro_reservoir,2030,69,17,17,0.0
8130,hydro_reservoir,2030,69,18,18,-3.6637359812630166e-15
8131,hydro_reservoir,2030,69,19,19,-3.6637359812630166e-15
8132,hydro_reservoir,2030,69,20,20,0.0
8133,hydro_reservoir,2030,69,21,21,-3.6637359812630166e-15
8134,hydro_reservoir,2030,69,22,22,-3.6637359812630166e-15
8135,hydro_reservoir,2030,69,23,23,0.0
8136,hydro_reservoir,2030,69,24,24,-3.6637359812630166e-15
8137,hydro_reservoir,2030,70,1,1,0.0
8138,hydro_reservoir,2030,70,2,2,0.0
8139,hydro_reservoir,2030,70,3,3,-5.273559366969494e-16
8140,hydro_reservoir,2030,70,4,4,0.0
8141,hydro_reservoir,2030,70,5,5,0.0
8142,hydro_reservoir,2030,70,6,6,0.0
8143,hydro_reservoir,2030,70,7,7,0.0
8144,hydro_reservoir,2030,70,8,8,-5.273559366969494e-16
8145,hydro_reservoir,2030,70,9,9,0.0
8146,hydro_reservoir,2030,70,10,10,0.0
8147,hydro_reservoir,2030,70,11,11,0.0
8148,hydro_reservoir,2030,70,12,12,0.0
8149,hydro_reservoir,2030,70,13,13,0.0
8150,hydro_reservoir,2030,70,14,14,0.0
8151,hydro_reservoir,2030,70,15,15,-5.273559366969494e-16
8152,hydro_reservoir,2030,70,16,16,-5.273559366969494e-16
8153,hydro_reservoir,2030,70,17,17,0.0
8154,hydro_reservoir,2030,70,18,18,-5.273559366969494e-16
8155,hydro_reservoir,2030,70,19,19,-5.273559366969494e-16
8156,hydro_reservoir,2030,70,20,20,-5.273559366969494e-16
8157,hydro_reservoir,2030,70,21,21,-5.273559366969494e-16
8158,hydro_reservoir,2030,70,22,22,0.0
8159,hydro_reservoir,2030,70,23,23,-5.273559366969494e-16
8160,hydro_reservoir,2030,70,24,24,0.0
8161,hydro_reservoir,2030,71,1,1,-7.771561172376096e-16
8162,hydro_reservoir,2030,71,2,2,-7.771561172376096e-16
8163,hydro_reservoir,2030,71,3,3,0.0
8164,hydro_reservoir,2030,71,4,4,-7.771561172376096e-16
8165,hydro_reservoir,2030,71,5,5,-7.771561172376096e-16
8166,hydro_reservoir,2030,71,6,6,-7.771561172376096e-16
8167,hydro_reservoir,2030,71,7,7,0.0
8168,hydro_reservoir,2030,71,8,8,0.0
8169,hydro_reservoir,2030,71,9,9,0.0
8170,hydro_reservoir,2030,71,10,10,-7.771561172376096e-16
8171,hydro_reservoir,2030,71,11,11,0.0
8172,hydro_reservoir,2030,71,12,12,0.0
8173,hydro_reservoir,2030,71,13,13,0.0
8174,hydro_reservoir,2030,71,14,14,0.0
8175,hydro_reservoir,2030,71,15,15,0.0
8176,hydro_reservoir,2030,71,16,16,0.0
8177,hydro_reservoir,2030,71,17,17,0.0
8178,hydro_reservoir,2030,71,18,18,0.0
8179,hydro_reservoir,2030,71,19,19,0.0
8180,hydro_reservoir,2030,71,20,20,0.0
8181,hydro_reservoir,2030,71,21,21,0.0
8182,hydro_reservoir,2030,71,22,22,0.0
8183,hydro_reservoir,2030,71,23,23,0.0
8184,hydro_reservoir,2030,71,24,24,0.0
8185,hydro_reservoir,2030,72,1,1,0.0
8186,hydro_reservoir,2030,72,2,2,0.0
8187,hydro_reservoir,2030,72,3,3,0.0
8188,hydro_reservoir,2030,72,4,4,0.0
8189,hydro_reservoir,2030,72,5,5,0.0
8190,hydro_reservoir,2030,72,6,6,0.0
8191,hydro_reservoir,2030,72,7,7,0.0
8192,hydro_reservoir,2030,72,8,8,-3.3306690738754696e-16
8193,hydro_reservoir,2030,72,9,9,-3.3306690738754696e-16
8194,hydro_reservoir,2030,72,10,10,-3.3306690738754696e-16
8195,hydro_reservoir,2030,72,11,11,0.0
8196,hydro_reservoir,2030,72,12,12,0.0
8197,hydro_reservoir,2030,72,13,13,0.0
8198,hydro_reservoir,2030,72,14,14,0.0
8199,hydro_reservoir,2030,72,15,15,0.0
8200,hydro_reservoir,2030,72,16,16,0.0
8201,hydro_reservoir,2030,72,17,17,0.0
8202,hydro_reservoir,2030,72,18,18,0.0
8203,hydro_reservoir,2030,72,19,19,0.0
8204,hydro_reservoir,2030,72,20,20,0.0
8205,hydro_reservoir,2030,72,21,21,0.0
8206,hydro_reservoir,2030,72,22,22,0.0
8207,hydro_reservoir,2030,72,23,23,-3.3306690738754696e-16
8208,hydro_reservoir,2030,72,24,24,-3.3306690738754696e-16
8209,hydro_reservoir,2030,73,1,1,-6.106226635438361e-16
8210,hydro_reservoir,2030,73,2,2,0.0
8211,hydro_reservoir,2030,73,3,3,0.0
8212,hydro_reservoir,2030,73,4,4,0.0
8213,hydro_reservoir,2030,73,5,5,-6.106226635438361e-16
8214,hydro_reservoir,2030,73,6,6,-6.106226635438361e-16
8215,hydro_reservoir,2030,73,7,7,-6.106226635438361e-16
8216,hydro_reservoir,2030,73,8,8,-6.106226635438361e-16
8217,hydro_reservoir,2030,73,9,9,0.0
8218,hydro_reservoir,2030,73,10,10,-6.106226635438361e-16
8219,hydro_reservoir,2030,73,11,11,0.0
8220,hydro_reservoir,2030,73,12,12,0.0
8221,hydro_reservoir,2030,73,13,13,0.0
8222,hydro_reservoir,2030,73,14,14,0.0
8223,hydro_reservoir,2030,73,15,15,0.0
8224,hydro_reservoir,2030,73,16,16,0.0
8225,hydro_reservoir,2030,73,17,17,0.0
8226,hydro_reservoir,2030,73,18,18,-6.106226635438361e-16
8227,hydro_reservoir,2030,73,19,19,-6.106226635438361e-16
8228,hydro_reservoir,2030,73,20,20,-6.106226635438361e-16
8229,hydro_reservoir,2030,73,21,21,0.0
8230,hydro_reservoir,2030,73,22,22,0.0
8231,hydro_reservoir,2030,73,23,23,0.0
8232,hydro_reservoir,2030,73,24,24,-6.106226635438361e-16
8233,hydro_reservoir,2030,74,1,1,-1.6653345369377348e-16
8234,hydro_reservoir,2030,74,2,2,0.0
8235,hydro_reservoir,2030,74,3,3,0.0
8236,hydro_reservoir,2030,74,4,4,-1.6653345369377348e-16
8237,hydro_reservoir,2030,74,5,5,0.0
8238,hydro_reservoir,2030,74,6,6,-1.6653345369377348e-16
8239,hydro_reservoir,2030,74,7,7,-1.6653345369377348e-16
8240,hydro_reservoir,2030,74,8,8,0.0
8241,hydro_reservoir,2030,74,9,9,-1.6653345369377348e-16
8242,hydro_reservoir,2030,74,10,10,-1.6653345369377348e-16
8243,hydro_reservoir,2030,74,11,11,0.0
8244,hydro_reservoir,2030,74,12,12,0.0
8245,hydro_reservoir,2030,74,13,13,-1.6653345369377348e-16
8246,hydro_reservoir,2030,74,14,14,0.0
8247,hydro_reservoir,2030,74,15,15,-1.6653345369377348e-16
8248,hydro_reservoir,2030,74,16,16,0.0
8249,hydro_reservoir,2030,74,17,17,-1.6653345369377348e-16
8250,hydro_reservoir,2030,74,18,18,-1.6653345369377348e-16
8251,hydro_reservoir,2030,74,19,19,-1.6653345369377348e-16
8252,hydro_reservoir,2030,74,20,20,-1.6653345369377348e-16
8253,hydro_reservoir,2030,74,21,21,0.0
8254,hydro_reservoir,2030,74,22,22,0.0
8255,hydro_reservoir,2030,74,23,23,-1.6653345369377348e-16
8256,hydro_reservoir,2030,74,24,24,0.0
8257,hydro_reservoir,2030,75,1,1,0.0
8258,hydro_reservoir,2030,75,2,2,0.0
8259,hydro_reservoir,2030,75,3,3,1.1102230246251565e-16
8260,hydro_reservoir,2030,75,4,4,0.0
8261,hydro_reservoir,2030,75,5,5,0.0
8262,hydro_reservoir,2030,75,6,6,1.1102230246251565e-16
8263,hydro_reservoir,2030,75,7,7,0.0
8264,hydro_reservoir,2030,75,8,8,1.1102230246251565e-16
8265,hydro_reservoir,2030,75,9,9,1.1102230246251565e-16
8266,hydro_reservoir,2030,75,10,10,1.1102230246251565e-16
8267,hydro_reservoir,2030,75,11,11,-0.21586179493642377
8268,hydro_reservoir,2030,75,12,12,-0.2974826675370382
8269,hydro_reservoir,2030,75,13,13,-0.21586179493642377
8270,hydro_reservoir,2030,75,14,14,-0.21586179493642377
8271,hydro_reservoir,2030,75,15,15,-0.21586179493642377
8272,hydro_reservoir,2030,75,16,16,-0.21586179493642377
8273,hydro_reservoir,2030,75,17,17,-10.204065551001092
8274,hydro_reservoir,2030,75,18,18,-10.204065551001094
8275,hydro_reservoir,2030,75,19,19,-10.204065551001094
8276,hydro_reservoir,2030,75,20,20,-10.204065551001092
8277,hydro_reservoir,2030,75,21,21,-10.20406555100109
8278,hydro_reservoir,2030,75,22,22,-0.21586179493642377
8279,hydro_reservoir,2030,75,23,23,1.1102230246251565e-16
8280,hydro_reservoir,2030,75,24,24,1.1102230246251565e-16
8281,hydro_reservoir,2030,76,1,1,0.0
8282,hydro_reservoir,2030,76,2,2,0.0
8283,hydro_reservoir,2030,76,3,3,0.0
8284,hydro_reservoir,2030,76,4,4,0.0
8285,hydro_reservoir,2030,76,5,5,0.0
8286,hydro_reservoir,2030,76,6,6,0.0
8287,hydro_reservoir,2030,76,7,7,0.0
8288,hydro_reservoir,2030,76,8,8,0.0
8289,hydro_reservoir,2030,76,9,9,0.0
8290,hydro_reservoir,2030,76,10,10,0.0
8291,hydro_reservoir,2030,76,11,11,0.0
8292,hydro_reservoir,2030,76,12,12,0.0
8293,hydro_reservoir,2030,76,13,13,0.0
8294,hydro_reservoir,2030,76,14,14,0.0
8295,hydro_reservoir,2030,76,15,15,0.0
8296,hydro_reservoir,2030,76,16,16,0.0
8297,hydro_reservoir,2030,76,17,17,0.0
8298,hydro_reservoir,2030,76,18,18,-3.122502256758253e-16
8299,hydro_reservoir,2030,76,19,19,0.0
8300,hydro_reservoir,2030,76,20,20,-3.122502256758253e-16
8301,hydro_reservoir,2030,76,21,21,0.0
8302,hydro_reservoir,2030,76,22,22,-3.122502256758253e-16
8303,hydro_reservoir,2030,76,23,23,-3.122502256758253e-16
8304,hydro_reservoir,2030,76,24,24,0.0
8305,hydro_reservoir,2030,77,1,1,0.0
8306,hydro_reservoir,2030,77,2,2,0.0
8307,hydro_reservoir,2030,77,3,3,0.0
8308,hydro_reservoir,2030,77,4,4,0.0
8309,hydro_reservoir,2030,77,5,5,0.0
8310,hydro_reservoir,2030,77,6,6,0.0
8311,hydro_reservoir,2030,77,7,7,0.0
8312,hydro_reservoir,2030,77,8,8,0.0
8313,hydro_reservoir,2030,77,9,9,0.0
8314,hydro_reservoir,2030,77,10,10,0.0
8315,hydro_reservoir,2030,77,11,11,0.0
8316,hydro_reservoir,2030,77,12,12,0.0
8317,hydro_reservoir,2030,77,13,13,0.0
8318,hydro_reservoir,2030,77,14,14,0.0
8319,hydro_reservoir,2030,77,15,15,0.0
8320,hydro_reservoir,2030,77,16,16,0.0
8321,hydro_reservoir,2030,77,17,17,0.0
8322,hydro_reservoir,2030,77,18,18,0.0
8323,hydro_reservoir,2030,77,19,19,0.0
8324,hydro_reservoir,2030,77,20,20,0.0
8325,hydro_reservoir,2030,77,21,21,0.0
8326,hydro_reservoir,2030,77,22,22,0.0
8327,hydro_reservoir,2030,77,23,23,-2.0122792321330962e-16
8328,hydro_reservoir,2030,77,24,24,0.0
8329,hydro_reservoir,2030,78,1,1,-9.71445146547012e-16
8330,hydro_reservoir,2030,78,2,2,0.0
8331,hydro_reservoir,2030,78,3,3,-9.71445146547012e-16
8332,hydro_reservoir,2030,78,4,4,-9.71445146547012e-16
8333,hydro_reservoir,2030,78,5,5,-9.71445146547012e-16
8334,hydro_reservoir,2030,78,6,6,-9.71445146547012e-16
8335,hydro_reservoir,2030,78,7,7,-9.71445146547012e-16
8336,hydro_reservoir,2030,78,8,8,-9.71445146547012e-16
8337,hydro_reservoir,2030,78,9,9,-9.71445146547012e-16
8338,hydro_reservoir,2030,78,10,10,0.0
8339,hydro_reservoir,2030,78,11,11,-9.71445146547012e-16
8340,hydro_reservoir,2030,78,12,12,-9.71445146547012e-16
8341,hydro_reservoir,2030,78,13,13,-9.71445146547012e-16
8342,hydro_reservoir,2030,78,14,14,-9.71445146547012e-16
8343,hydro_reservoir,2030,78,15,15,0.0
8344,hydro_reservoir,2030,78,16,16,0.0
8345,hydro_reservoir,2030,78,17,17,0.0
8346,hydro_reservoir,2030,78,18,18,0.0
8347,hydro_reservoir,2030,78,19,19,0.0
8348,hydro_reservoir,2030,78,20,20,0.0
8349,hydro_reservoir,2030,78,21,21,-9.71445146547012e-16
8350,hydro_reservoir,2030,78,22,22,0.0
8351,hydro_reservoir,2030,78,23,23,-9.71445146547012e-16
8352,hydro_reservoir,2030,78,24,24,-9.71445146547012e-16
8353,hydro_reservoir,2030,79,1,1,-2.220446049250313e-16
8354,hydro_reservoir,2030,79,2,2,-2.220446049250313e-16
8355,hydro_reservoir,2030,79,3,3,-2.220446049250313e-16
8356,hydro_reservoir,2030,79,4,4,0.0
8357,hydro_reservoir,2030,79,5,5,0.0
8358,hydro_reservoir,2030,79,6,6,-2.220446049250313e-16
8359,hydro_reservoir,2030,79,7,7,0.0
8360,hydro_reservoir,2030,79,8,8,0.0
8361,hydro_reservoir,2030,79,9,9,-2.220446049250313e-16
8362,hydro_reservoir,2030,79,10,10,0.0
8363,hydro_reservoir,2030,79,11,11,-2.220446049250313e-16
8364,hydro_reservoir,2030,79,12,12,0.0
8365,hydro_reservoir,2030,79,13,13,-2.220446049250313e-16
8366,hydro_reservoir,2030,79,14,14,0.0
8367,hydro_reservoir,2030,79,15,15,0.0
8368,hydro_reservoir,2030,79,16,16,0.0
8369,hydro_reservoir,2030,79,17,17,0.0
8370,hydro_reservoir,2030,79,18,18,-2.220446049250313e-16
8371,hydro_reservoir,2030,79,19,19,-2.220446049250313e-16
8372,hydro_reservoir,2030,79,20,20,0.0
8373,hydro_reservoir,2030,79,21,21,0.0
8374,hydro_reservoir,2030,79,22,22,0.0
8375,hydro_reservoir,2030,79,23,23,0.0
8376,hydro_reservoir,2030,79,24,24,0.0
8377,hydro_reservoir,2030,80,1,1,0.0
8378,hydro_reservoir,2030,80,2,2,0.0
8379,hydro_reservoir,2030,80,3,3,0.0
8380,hydro_reservoir,2030,80,4,4,0.0
8381,hydro_reservoir,2030,80,5,5,0.0
8382,hydro_reservoir,2030,80,6,6,0.0
8383,hydro_reservoir,2030,80,7,7,0.0
8384,hydro_reservoir,2030,80,8,8,0.0
8385,hydro_reservoir,2030,80,9,9,0.0
8386,hydro_reservoir,2030,80,10,10,0.0
8387,hydro_reservoir,2030,80,11,11,0.0
8388,hydro_reservoir,2030,80,12,12,0.0
8389,hydro_reservoir,2030,80,13,13,0.0
8390,hydro_reservoir,2030,80,14,14,0.0
8391,hydro_reservoir,2030,80,15,15,0.0
8392,hydro_reservoir,2030,80,16,16,0.0
8393,hydro_reservoir,2030,80,17,17,0.0
8394,hydro_reservoir,2030,80,18,18,-2.0122792321330962e-16
8395,hydro_reservoir,2030,80,19,19,-2.0122792321330962e-16
8396,hydro_reservoir,2030,80,20,20,0.0
8397,hydro_reservoir,2030,80,21,21,0.0
8398,hydro_reservoir,2030,80,22,22,-2.0122792321330962e-16
8399,hydro_reservoir,2030,80,23,23,-2.0122792321330962e-16
8400,hydro_reservoir,2030,80,24,24,-2.0122792321330962e-16
8401,hydro_reservoir,2030,81,1,1,-6.106226635438361e-16
8402,hydro_reservoir,2030,81,2,2,-6.106226635438361e-16
8403,hydro_reservoir,2030,81,3,3,-6.106226635438361e-16
8404,hydro_reservoir,2030,81,4,4,0.0
8405,hydro_reservoir,2030,81,5,5,-6.106226635438361e-16
8406,hydro_reservoir,2030,81,6,6,0.0
8407,hydro_reservoir,2030,81,7,7,-6.106226635438361e-16
8408,hydro_reservoir,2030,81,8,8,0.0
8409,hydro_reservoir,2030,81,9,9,-6.106226635438361e-16
8410,hydro_reservoir,2030,81,10,10,0.0
8411,hydro_reservoir,2030,81,11,11,0.0
8412,hydro_reservoir,2030,81,12,12,0.0
8413,hydro_reservoir,2030,81,13,13,0.0
8414,hydro_reservoir,2030,81,14,14,0.0
8415,hydro_reservoir,2030,81,15,15,0.0
8416,hydro_reservoir,2030,81,16,16,0.0
8417,hydro_reservoir,2030,81,17,17,0.0
8418,hydro_reservoir,2030,81,18,18,0.0
8419,hydro_reservoir,2030,81,19,19,0.0
8420,hydro_reservoir,2030,81,20,20,0.0
8421,hydro_reservoir,2030,81,21,21,0.0
8422,hydro_reservoir,2030,81,22,22,0.0
8423,hydro_reservoir,2030,81,23,23,0.0
8424,hydro_reservoir,2030,81,24,24,0.0
8425,hydro_reservoir,2030,82,1,1,0.0
8426,hydro_reservoir,2030,82,2,2,0.0
8427,hydro_reservoir,2030,82,3,3,-3.885780586188048e-16
8428,hydro_reservoir,2030,82,4,4,-3.885780586188048e-16
8429,hydro_reservoir,2030,82,5,5,-3.885780586188048e-16
8430,hydro_reservoir,2030,82,6,6,-3.885780586188048e-16
8431,hydro_reservoir,2030,82,7,7,-3.885780586188048e-16
8432,hydro_reservoir,2030,82,8,8,0.0
8433,hydro_reservoir,2030,82,9,9,-3.885780586188048e-16
8434,hydro_reservoir,2030,82,10,10,0.0
8435,hydro_reservoir,2030,82,11,11,0.0
8436,hydro_reservoir,2030,82,12,12,0.0
8437,hydro_reservoir,2030,82,13,13,0.0
8438,hydro_reservoir,2030,82,14,14,0.0
8439,hydro_reservoir,2030,82,15,15,0.0
8440,hydro_reservoir,2030,82,16,16,0.0
8441,hydro_reservoir,2030,82,17,17,0.0
8442,hydro_reservoir,2030,82,18,18,0.0
8443,hydro_reservoir,2030,82,19,19,0.0
8444,hydro_reservoir,2030,82,20,20,-3.885780586188048e-16
8445,hydro_reservoir,2030,82,21,21,0.0
8446,hydro_reservoir,2030,82,22,22,0.0
8447,hydro_reservoir,2030,82,23,23,0.0
8448,hydro_reservoir,2030,82,24,24,0.0
8449,hydro_reservoir,2030,83,1,1,0.0
8450,hydro_reservoir,2030,83,2,2,0.0
8451,hydro_reservoir,2030,83,3,3,0.0
8452,hydro_reservoir,2030,83,4,4,0.0
8453,hydro_reservoir,2030,83,5,5,0.0
8454,hydro_reservoir,2030,83,6,6,0.0
8455,hydro_reservoir,2030,83,7,7,0.0
8456,hydro_reservoir,2030,83,8,8,0.0
8457,hydro_reservoir,2030,83,9,9,0.0
8458,hydro_reservoir,2030,83,10,10,0.0
8459,hydro_reservoir,2030,83,11,11,0.0
8460,hydro_reservoir,2030,83,12,12,0.0
8461,hydro_reservoir,2030,83,13,13,0.0
8462,hydro_reservoir,2030,83,14,14,0.0
8463,hydro_reservoir,2030,83,15,15,0.0
8464,hydro_reservoir,2030,83,16,16,0.0
8465,hydro_reservoir,2030,83,17,17,0.0
8466,hydro_reservoir,2030,83,18,18,0.0
8467,hydro_reservoir,2030,83,19,19,0.0
8468,hydro_reservoir,2030,83,20,20,1.3322676295501878e-15
8469,hydro_reservoir,2030,83,21,21,0.0
8470,hydro_reservoir,2030,83,22,22,0.0
8471,hydro_reservoir,2030,83,23,23,1.3322676295501878e-15
8472,hydro_reservoir,2030,83,24,24,0.0
8473,hydro_reservoir,2030,84,1,1,0.0
8474,hydro_reservoir,2030,84,2,2,-1.0824674490095276e-15
8475,hydro_reservoir,2030,84,3,3,0.0
8476,hydro_reservoir,2030,84,4,4,-1.0824674490095276e-15
8477,hydro_reservoir,2030,84,5,5,0.0
8478,hydro_reservoir,2030,84,6,6,-1.0824674490095276e-15
8479,hydro_reservoir,2030,84,7,7,0.0
8480,hydro_reservoir,2030,84,8,8,-1.0824674490095276e-15
8481,hydro_reservoir,2030,84,9,9,0.0
8482,hydro_reservoir,2030,84,10,10,0.0
8483,hydro_reservoir,2030,84,11,11,0.0
8484,hydro_reservoir,2030,84,12,12,0.0
8485,hydro_reservoir,2030,84,13,13,0.0
8486,hydro_reservoir,2030,84,14,14,0.0
8487,hydro_reservoir,2030,84,15,15,0.0
8488,hydro_reservoir,2030,84,16,16,0.0
8489,hydro_reservoir,2030,84,17,17,0.0
8490,hydro_reservoir,2030,84,18,18,0.0
8491,hydro_reservoir,2030,84,19,19,-1.0824674490095276e-15
8492,hydro_reservoir,2030,84,20,20,-1.0824674490095276e-15
8493,hydro_reservoir,2030,84,21,21,-1.0824674490095276e-15
8494,hydro_reservoir,2030,84,22,22,-1.0824674490095276e-15
8495,hydro_reservoir,2030,84,23,23,0.0
8496,hydro_reservoir,2030,84,24,24,0.0
8497,hydro_reservoir,2030,85,1,1,-4.3021142204224816e-16
8498,hydro_reservoir,2030,85,2,2,-4.3021142204224816e-16
8499,hydro_reservoir,2030,85,3,3,0.0
8500,hydro_reservoir,2030,85,4,4,0.0
8501,hydro_reservoir,2030,85,5,5,0.0
8502,hydro_reservoir,2030,85,6,6,-4.3021142204224816e-16
8503,hydro_reservoir,2030,85,7,7,-4.3021142204224816e-16
8504,hydro_reservoir,2030,85,8,8,-4.3021142204224816e-16
8505,hydro_reservoir,2030,85,9,9,-4.3021142204224816e-16
8506,hydro_reservoir,2030,85,10,10,-4.3021142204224816e-16
8507,hydro_reservoir,2030,85,11,11,0.0
8508,hydro_reservoir,2030,85,12,12,0.0
8509,hydro_reservoir,2030,85,13,13,0.0
8510,hydro_reservoir,2030,85,14,14,0.0
8511,hydro_reservoir,2030,85,15,15,0.0
8512,hydro_reservoir,2030,85,16,16,0.0
8513,hydro_reservoir,2030,85,17,17,0.0
8514,hydro_reservoir,2030,85,18,18,0.0
8515,hydro_reservoir,2030,85,19,19,0.0
8516,hydro_reservoir,2030,85,20,20,0.0
8517,hydro_reservoir,2030,85,21,21,-4.3021142204224816e-16
8518,hydro_reservoir,2030,85,22,22,-4.3021142204224816e-16
8519,hydro_reservoir,2030,85,23,23,0.0
8520,hydro_reservoir,2030,85,24,24,0.0
8521,hydro_reservoir,2030,86,1,1,0.0
8522,hydro_reservoir,2030,86,2,2,0.0
8523,hydro_reservoir,2030,86,3,3,0.0
8524,hydro_reservoir,2030,86,4,4,0.0
8525,hydro_reservoir,2030,86,5,5,0.0
8526,hydro_reservoir,2030,86,6,6,0.0
8527,hydro_reservoir,2030,86,7,7,0.0
8528,hydro_reservoir,2030,86,8,8,0.0
8529,hydro_reservoir,2030,86,9,9,0.0
8530,hydro_reservoir,2030,86,10,10,0.0
8531,hydro_reservoir,2030,86,11,11,0.0
8532,hydro_reservoir,2030,86,12,12,0.0
8533,hydro_reservoir,2030,86,13,13,0.0
8534,hydro_reservoir,2030,86,14,14,0.0
8535,hydro_reservoir,2030,86,15,15,0.0
8536,hydro_reservoir,2030,86,16,16,0.0
8537,hydro_reservoir,2030,86,17,17,0.0
8538,hydro_reservoir,2030,86,18,18,0.0
8539,hydro_reservoir,2030,86,19,19,0.0
8540,hydro_reservoir,2030,86,20,20,0.0
8541,hydro_reservoir,2030,86,21,21,0.0
8542,hydro_reservoir,2030,86,22,22,0.0
8543,hydro_reservoir,2030,86,23,23,0.0
8544,hydro_reservoir,2030,86,24,24,0.0
8545,hydro_reservoir,2030,87,1,1,0.0
8546,hydro_reservoir,2030,87,2,2,0.0
8547,hydro_reservoir,2030,87,3,3,0.0
8548,hydro_reservoir,2030,87,4,4,-2.636779683484747e-16
8549,hydro_reservoir,2030,87,5,5,-2.636779683484747e-16
8550,hydro_reservoir,2030,87,6,6,-2.636779683484747e-16
8551,hydro_reservoir,2030,87,7,7,0.0
8552,hydro_reservoir,2030,87,8,8,0.0
8553,hydro_reservoir,2030,87,9,9,-2.636779683484747e-16
8554,hydro_reservoir,2030,87,10,10,-2.636779683484747e-16
8555,hydro_reservoir,2030,87,11,11,-2.636779683484747e-16
8556,hydro_reservoir,2030,87,12,12,0.0
8557,hydro_reservoir,2030,87,13,13,0.0
8558,hydro_reservoir,2030,87,14,14,0.0
8559,hydro_reservoir,2030,87,15,15,0.0
8560,hydro_reservoir,2030,87,16,16,0.0
8561,hydro_reservoir,2030,87,17,17,-2.636779683484747e-16
8562,hydro_reservoir,2030,87,18,18,-2.636779683484747e-16
8563,hydro_reservoir,2030,87,19,19,-2.636779683484747e-16
8564,hydro_reservoir,2030,87,20,20,-2.636779683484747e-16
8565,hydro_reservoir,2030,87,21,21,-2.636779683484747e-16
8566,hydro_reservoir,2030,87,22,22,-2.636779683484747e-16
8567,hydro_reservoir,2030,87,23,23,0.0
8568,hydro_reservoir,2030,87,24,24,0.0
8569,hydro_reservoir,2030,88,1,1,0.0
8570,hydro_reservoir,2030,88,2,2,0.0
8571,hydro_reservoir,2030,88,3,3,0.0
8572,hydro_reservoir,2030,88,4,4,0.0
8573,hydro_reservoir,2030,88,5,5,0.0
8574,hydro_reservoir,2030,88,6,6,-1.1102230246251565e-16
8575,hydro_reservoir,2030,88,7,7,0.0
8576,hydro_reservoir,2030,88,8,8,0.0
8577,hydro_reservoir,2030,88,9,9,0.0
8578,hydro_reservoir,2030,88,10,10,0.0
8579,hydro_reservoir,2030,88,11,11,0.0
8580,hydro_reservoir,2030,88,12,12,-1.1102230246251565e-16
8581,hydro_reservoir,2030,88,13,13,0.0
8582,hydro_reservoir,2030,88,14,14,0.0
8583,hydro_reservoir,2030,88,15,15,0.0
8584,hydro_reservoir,2030,88,16,16,0.0
8585,hydro_reservoir,2030,88,17,17,0.0
8586,hydro_reservoir,2030,88,18,18,0.0
8587,hydro_reservoir,2030,88,19,19,0.0
8588,hydro_reservoir,2030,88,20,20,0.0
8589,hydro_reservoir,2030,88,21,21,0.0
8590,hydro_reservoir,2030,88,22,22,-1.1102230246251565e-16
8591,hydro_reservoir,2030,88,23,23,0.0
8592,hydro_reservoir,2030,88,24,24,0.0
8593,hydro_reservoir,2030,89,1,1,0.0
8594,hydro_reservoir,2030,89,2,2,0.0
8595,hydro_reservoir,2030,89,3,3,0.0
8596,hydro_reservoir,2030,89,4,4,0.0
8597,hydro_reservoir,2030,89,5,5,0.0
8598,hydro_reservoir,2030,89,6,6,0.0
8599,hydro_reservoir,2030,89,7,7,0.0
8600,hydro_reservoir,2030,89,8,8,0.0
8601,hydro_reservoir,2030,89,9,9,0.0
8602,hydro_reservoir,2030,89,10,10,0.0
8603,hydro_reservoir,2030,89,11,11,0.0
8604,hydro_reservoir,2030,89,12,12,0.0
8605,hydro_reservoir,2030,89,13,13,0.0
8606,hydro_reservoir,2030,89,14,14,0.0
8607,hydro_reservoir,2030,89,15,15,0.0
8608,hydro_reservoir,2030,89,16,16,0.0
8609,hydro_reservoir,2030,89,17,17,0.0
8610,hydro_reservoir,2030,89,18,18,0.0
8611,hydro_reservoir,2030,89,19,19,0.0
8612,hydro_reservoir,2030,89,20,20,0.0
8613,hydro_reservoir,2030,89,21,21,0.0
8614,hydro_reservoir,2030,89,22,22,0.0
8615,hydro_reservoir,2030,89,23,23,-2.220446049250313e-16
8616,hydro_reservoir,2030,89,24,24,0.0
8617,hydro_reservoir,2030,90,1,1,0.0
8618,hydro_reservoir,2030,90,2,2,0.0
8619,hydro_reservoir,2030,90,3,3,0.0
8620,hydro_reservoir,2030,90,4,4,0.0
8621,hydro_reservoir,2030,90,5,5,0.0
8622,hydro_reservoir,2030,90,6,6,0.0
8623,hydro_reservoir,2030,90,7,7,0.0
8624,hydro_reservoir,2030,90,8,8,0.0
8625,hydro_reservoir,2030,90,9,9,0.0
8626,hydro_reservoir,2030,90,10,10,0.0
8627,hydro_reservoir,2030,90,11,11,0.0
8628,hydro_reservoir,2030,90,12,12,0.0
8629,hydro_reservoir,2030,90,13,13,0.0
8630,hydro_reservoir,2030,90,14,14,0.0
8631,hydro_reservoir,2030,90,15,15,0.0
8632,hydro_reservoir,2030,90,16,16,0.0
8633,hydro_reservoir,2030,90,17,17,0.0
8634,hydro_reservoir,2030,90,18,18,-1.734723475976807e-16
8635,hydro_reservoir,2030,90,19,19,-1.734723475976807e-16
8636,hydro_reservoir,2030,90,20,20,-1.734723475976807e-16
8637,hydro_reservoir,2030,90,21,21,-1.734723475976807e-16
8638,hydro_reservoir,2030,90,22,22,-1.734723475976807e-16
8639,hydro_reservoir,2030,90,23,23,0.0
8640,hydro_reservoir,2030,90,24,24,-1.734723475976807e-16
8641,ocgt,2030,1,1,1,0.0
8642,ocgt,2030,1,2,2,0.0
8643,ocgt,2030,1,3,3,0.0
8644,ocgt,2030,1,4,4,0.0
8645,ocgt,2030,1,5,5,0.0
8646,ocgt,2030,1,6,6,0.0
8647,ocgt,2030,1,7,7,0.0
8648,ocgt,2030,1,8,8,0.0
8649,ocgt,2030,1,9,9,0.0
8650,ocgt,2030,1,10,10,0.0
8651,ocgt,2030,1,11,11,0.0
8652,ocgt,2030,1,12,12,0.0
8653,ocgt,2030,1,13,13,0.0
8654,ocgt,2030,1,14,14,0.0
8655,ocgt,2030,1,15,15,0.0
8656,ocgt,2030,1,16,16,0.0
8657,ocgt,2030,1,17,17,0.0
8658,ocgt,2030,1,18,18,0.0
8659,ocgt,2030,1,19,19,0.0
8660,ocgt,2030,1,20,20,0.0
8661,ocgt,2030,1,21,21,0.0
8662,ocgt,2030,1,22,22,0.0
8663,ocgt,2030,1,23,23,0.0
8664,ocgt,2030,1,24,24,0.0
8665,ocgt,2030,2,1,1,0.0
8666,ocgt,2030,2,2,2,0.0
8667,ocgt,2030,2,3,3,0.0
8668,ocgt,2030,2,4,4,0.0
8669,ocgt,2030,2,5,5,0.0
8670,ocgt,2030,2,6,6,0.0
8671,ocgt,2030,2,7,7,0.0
8672,ocgt,2030,2,8,8,0.0
8673,ocgt,2030,2,9,9,0.0
8674,ocgt,2030,2,10,10,0.0
8675,ocgt,2030,2,11,11,0.0
8676,ocgt,2030,2,12,12,0.0
8677,ocgt,2030,2,13,13,0.0
8678,ocgt,2030,2,14,14,0.0
8679,ocgt,2030,2,15,15,0.0
8680,ocgt,2030,2,16,16,0.0
8681,ocgt,2030,2,17,17,0.0
8682,ocgt,2030,2,18,18,0.0
8683,ocgt,2030,2,19,19,0.0
8684,ocgt,2030,2,20,20,0.0
8685,ocgt,2030,2,21,21,0.0
8686,ocgt,2030,2,22,22,0.0
8687,ocgt,2030,2,23,23,0.0
8688,ocgt,2030,2,24,24,0.0
8689,ocgt,2030,3,1,1,0.0
8690,ocgt,2030,3,2,2,0.0
8691,ocgt,2030,3,3,3,0.0
8692,ocgt,2030,3,4,4,0.0
8693,ocgt,2030,3,5,5,0.0
8694,ocgt,2030,3,6,6,0.0
8695,ocgt,2030,3,7,7,0.0
8696,ocgt,2030,3,8,8,0.0
8697,ocgt,2030,3,9,9,0.0
8698,ocgt,2030,3,10,10,0.0
8699,ocgt,2030,3,11,11,0.0
8700,ocgt,2030,3,12,12,0.0
8701,ocgt,2030,3,13,13,0.0
8702,ocgt,2030,3,14,14,0.0
8703,ocgt,2030,3,15,15,0.0
8704,ocgt,2030,3,16,16,0.0
8705,ocgt,2030,3,17,17,0.0
8706,ocgt,2030,3,18,18,0.0
8707,ocgt,2030,3,19,19,-7.388457878530693
8708,ocgt,2030,3,20,20,-38.406258522232854
8709,ocgt,2030,3,21,21,-7.388457878530693
8710,ocgt,2030,3,22,22,0.0
8711,ocgt,2030,3,23,23,0.0
8712,ocgt,2030,3,24,24,0.0
8713,ocgt,2030,4,1,1,0.0
8714,ocgt,2030,4,2,2,0.0
8715,ocgt,2030,4,3,3,0.0
8716,ocgt,2030,4,4,4,0.0
8717,ocgt,2030,4,5,5,0.0
8718,ocgt,2030,4,6,6,0.0
8719,ocgt,2030,4,7,7,0.0
8720,ocgt,2030,4,8,8,0.0
8721,ocgt,2030,4,9,9,0.0
8722,ocgt,2030,4,10,10,0.0
8723,ocgt,2030,4,11,11,0.0
8724,ocgt,2030,4,12,12,0.0
8725,ocgt,2030,4,13,13,0.0
8726,ocgt,2030,4,14,14,0.0
8727,ocgt,2030,4,15,15,0.0
8728,ocgt,2030,4,16,16,0.0
8729,ocgt,2030,4,17,17,0.0
8730,ocgt,2030,4,18,18,0.0
8731,ocgt,2030,4,19,19,0.0
8732,ocgt,2030,4,20,20,0.0
8733,ocgt,2030,4,21,21,0.0
8734,ocgt,2030,4,22,22,0.0
8735,ocgt,2030,4,23,23,0.0
8736,ocgt,2030,4,24,24,0.0
8737,ocgt,2030,5,1,1,0.0
8738,ocgt,2030,5,2,2,0.0
8739,ocgt,2030,5,3,3,0.0
8740,ocgt,2030,5,4,4,0.0
8741,ocgt,2030,5,5,5,0.0
8742,ocgt,2030,5,6,6,0.0
8743,ocgt,2030,5,7,7,0.0
8744,ocgt,2030,5,8,8,0.0
8745,ocgt,2030,5,9,9,0.0
8746,ocgt,2030,5,10,10,0.0
8747,ocgt,2030,5,11,11,0.0
8748,ocgt,2030,5,12,12,0.0
8749,ocgt,2030,5,13,13,0.0
8750,ocgt,2030,5,14,14,0.0
8751,ocgt,2030,5,15,15,0.0
8752,ocgt,2030,5,16,16,0.0
8753,ocgt,2030,5,17,17,0.0
8754,ocgt,2030,5,18,18,0.0
8755,ocgt,2030,5,19,19,0.0
8756,ocgt,2030,5,20,20,0.0
8757,ocgt,2030,5,21,21,0.0
8758,ocgt,2030,5,22,22,0.0
8759,ocgt,2030,5,23,23,0.0
8760,ocgt,2030,5,24,24,0.0
8761,ocgt,2030,6,1,1,0.0
8762,ocgt,2030,6,2,2,0.0
8763,ocgt,2030,6,3,3,0.0
8764,ocgt,2030,6,4,4,0.0
8765,ocgt,2030,6,5,5,0.0
8766,ocgt,2030,6,6,6,0.0
8767,ocgt,2030,6,7,7,0.0
8768,ocgt,2030,6,8,8,0.0
8769,ocgt,2030,6,9,9,0.0
8770,ocgt,2030,6,10,10,0.0
8771,ocgt,2030,6,11,11,0.0
8772,ocgt,2030,6,12,12,0.0
8773,ocgt,2030,6,13,13,0.0
8774,ocgt,2030,6,14,14,0.0
8775,ocgt,2030,6,15,15,0.0
8776,ocgt,2030,6,16,16,0.0
8777,ocgt,2030,6,17,17,0.0
8778,ocgt,2030,6,18,18,0.0
8779,ocgt,2030,6,19,19,0.0
8780,ocgt,2030,6,20,20,0.0
8781,ocgt,2030,6,21,21,0.0
8782,ocgt,2030,6,22,22,0.0
8783,ocgt,2030,6,23,23,0.0
8784,ocgt,2030,6,24,24,0.0
8785,ocgt,2030,7,1,1,0.0
8786,ocgt,2030,7,2,2,0.0
8787,ocgt,2030,7,3,3,0.0
8788,ocgt,2030,7,4,4,0.0
8789,ocgt,2030,7,5,5,0.0
8790,ocgt,2030,7,6,6,0.0
8791,ocgt,2030,7,7,7,0.0
8792,ocgt,2030,7,8,8,0.0
8793,ocgt,2030,7,9,9,0.0
8794,ocgt,2030,7,10,10,0.0
8795,ocgt,2030,7,11,11,0.0
8796,ocgt,2030,7,12,12,0.0
8797,ocgt,2030,7,13,13,0.0
8798,ocgt,2030,7,14,14,0.0
8799,ocgt,2030,7,15,15,0.0
8800,ocgt,2030,7,16,16,0.0
8801,ocgt,2030,7,17,17,0.0
8802,ocgt,2030,7,18,18,0.0
8803,ocgt,2030,7,19,19,0.0
8804,ocgt,2030,7,20,20,0.0
8805,ocgt,2030,7,21,21,0.0
8806,ocgt,2030,7,22,22,0.0
8807,ocgt,2030,7,23,23,0.0
8808,ocgt,2030,7,24,24,0.0
8809,ocgt,2030,8,1,1,0.0
8810,ocgt,2030,8,2,2,0.0
8811,ocgt,2030,8,3,3,0.0
8812,ocgt,2030,8,4,4,0.0
8813,ocgt,2030,8,5,5,0.0
8814,ocgt,2030,8,6,6,0.0
8815,ocgt,2030,8,7,7,0.0
8816,ocgt,2030,8,8,8,0.0
8817,ocgt,2030,8,9,9,0.0
8818,ocgt,2030,8,10,10,0.0
8819,ocgt,2030,8,11,11,0.0
8820,ocgt,2030,8,12,12,0.0
8821,ocgt,2030,8,13,13,0.0
8822,ocgt,2030,8,14,14,0.0
8823,ocgt,2030,8,15,15,0.0
8824,ocgt,2030,8,16,16,0.0
8825,ocgt,2030,8,17,17,0.0
8826,ocgt,2030,8,18,18,0.0
8827,ocgt,2030,8,19,19,0.0
8828,ocgt,2030,8,20,20,0.0
8829,ocgt,2030,8,21,21,0.0
8830,ocgt,2030,8,22,22,0.0
8831,ocgt,2030,8,23,23,0.0
8832,ocgt,2030,8,24,24,0.0
8833,ocgt,2030,9,1,1,0.0
8834,ocgt,2030,9,2,2,0.0
8835,ocgt,2030,9,3,3,0.0
8836,ocgt,2030,9,4,4,0.0
8837,ocgt,2030,9,5,5,0.0
8838,ocgt,2030,9,6,6,0.0
8839,ocgt,2030,9,7,7,0.0
8840,ocgt,2030,9,8,8,0.0
8841,ocgt,2030,9,9,9,0.0
8842,ocgt,2030,9,10,10,0.0
8843,ocgt,2030,9,11,11,0.0
8844,ocgt,2030,9,12,12,0.0
8845,ocgt,2030,9,13,13,0.0
8846,ocgt,2030,9,14,14,0.0
8847,ocgt,2030,9,15,15,0.0
8848,ocgt,2030,9,16,16,0.0
8849,ocgt,2030,9,17,17,0.0
8850,ocgt,2030,9,18,18,0.0
8851,ocgt,2030,9,19,19,0.0
8852,ocgt,2030,9,20,20,0.0
8853,ocgt,2030,9,21,21,0.0
8854,ocgt,2030,9,22,22,0.0
8855,ocgt,2030,9,23,23,0.0
8856,ocgt,2030,9,24,24,0.0
8857,ocgt,2030,10,1,1,0.0
8858,ocgt,2030,10,2,2,0.0
8859,ocgt,2030,10,3,3,0.0
8860,ocgt,2030,10,4,4,0.0
8861,ocgt,2030,10,5,5,0.0
8862,ocgt,2030,10,6,6,0.0
8863,ocgt,2030,10,7,7,0.0
8864,ocgt,2030,10,8,8,0.0
8865,ocgt,2030,10,9,9,0.0
8866,ocgt,2030,10,10,10,0.0
8867,ocgt,2030,10,11,11,0.0
8868,ocgt,2030,10,12,12,0.0
8869,ocgt,2030,10,13,13,0.0
8870,ocgt,2030,10,14,14,0.0
8871,ocgt,2030,10,15,15,0.0
8872,ocgt,2030,10,16,16,0.0
8873,ocgt,2030,10,17,17,0.0
8874,ocgt,2030,10,18,18,0.0
8875,ocgt,2030,10,19,19,0.0
8876,ocgt,2030,10,20,20,0.0
8877,ocgt,2030,10,21,21,0.0
8878,ocgt,2030,10,22,22,0.0
8879,ocgt,2030,10,23,23,0.0
8880,ocgt,2030,10,24,24,0.0
8881,ocgt,2030,11,1,1,0.0
8882,ocgt,2030,11,2,2,0.0
8883,ocgt,2030,11,3,3,0.0
8884,ocgt,2030,11,4,4,0.0
8885,ocgt,2030,11,5,5,0.0
8886,ocgt,2030,11,6,6,0.0
8887,ocgt,2030,11,7,7,0.0
8888,ocgt,2030,11,8,8,0.0
8889,ocgt,2030,11,9,9,0.0
8890,ocgt,2030,11,10,10,0.0
8891,ocgt,2030,11,11,11,0.0
8892,ocgt,2030,11,12,12,0.0
8893,ocgt,2030,11,13,13,0.0
8894,ocgt,2030,11,14,14,0.0
8895,ocgt,2030,11,15,15,0.0
8896,ocgt,2030,11,16,16,0.0
8897,ocgt,2030,11,17,17,0.0
8898,ocgt,2030,11,18,18,0.0
8899,ocgt,2030,11,19,19,0.0
8900,ocgt,2030,11,20,20,0.0
8901,ocgt,2030,11,21,21,0.0
8902,ocgt,2030,11,22,22,0.0
8903,ocgt,2030,11,23,23,0.0
8904,ocgt,2030,11,24,24,0.0
8905,ocgt,2030,12,1,1,0.0
8906,ocgt,2030,12,2,2,0.0
8907,ocgt,2030,12,3,3,0.0
8908,ocgt,2030,12,4,4,0.0
8909,ocgt,2030,12,5,5,0.0
8910,ocgt,2030,12,6,6,0.0
8911,ocgt,2030,12,7,7,0.0
8912,ocgt,2030,12,8,8,0.0
8913,ocgt,2030,12,9,9,0.0
8914,ocgt,2030,12,10,10,0.0
8915,ocgt,2030,12,11,11,0.0
8916,ocgt,2030,12,12,12,0.0
8917,ocgt,2030,12,13,13,0.0
8918,ocgt,2030,12,14,14,0.0
8919,ocgt,2030,12,15,15,0.0
8920,ocgt,2030,12,16,16,0.0
8921,ocgt,2030,12,17,17,0.0
8922,ocgt,2030,12,18,18,0.0
8923,ocgt,2030,12,19,19,0.0
8924,ocgt,2030,12,20,20,0.0
8925,ocgt,2030,12,21,21,0.0
8926,ocgt,2030,12,22,22,0.0
8927,ocgt,2030,12,23,23,0.0
8928,ocgt,2030,12,24,24,0.0
8929,ocgt,2030,13,1,1,0.0
8930,ocgt,2030,13,2,2,0.0
8931,ocgt,2030,13,3,3,0.0
8932,ocgt,2030,13,4,4,0.0
8933,ocgt,2030,13,5,5,0.0
8934,ocgt,2030,13,6,6,0.0
8935,ocgt,2030,13,7,7,0.0
8936,ocgt,2030,13,8,8,0.0
8937,ocgt,2030,13,9,9,0.0
8938,ocgt,2030,13,10,10,0.0
8939,ocgt,2030,13,11,11,0.0
8940,ocgt,2030,13,12,12,0.0
8941,ocgt,2030,13,13,13,0.0
8942,ocgt,2030,13,14,14,0.0
8943,ocgt,2030,13,15,15,0.0
8944,ocgt,2030,13,16,16,0.0
8945,ocgt,2030,13,17,17,0.0
8946,ocgt,2030,13,18,18,0.0
8947,ocgt,2030,13,19,19,0.0
8948,ocgt,2030,13,20,20,0.0
8949,ocgt,2030,13,21,21,0.0
8950,ocgt,2030,13,22,22,0.0
8951,ocgt,2030,13,23,23,0.0
8952,ocgt,2030,13,24,24,0.0
8953,ocgt,2030,14,1,1,0.0
8954,ocgt,2030,14,2,2,0.0
8955,ocgt,2030,14,3,3,0.0
8956,ocgt,2030,14,4,4,0.0
8957,ocgt,2030,14,5,5,0.0
8958,ocgt,2030,14,6,6,0.0
8959,ocgt,2030,14,7,7,0.0
8960,ocgt,2030,14,8,8,0.0
8961,ocgt,2030,14,9,9,0.0
8962,ocgt,2030,14,10,10,0.0
8963,ocgt,2030,14,11,11,0.0
8964,ocgt,2030,14,12,12,0.0
8965,ocgt,2030,14,13,13,0.0
8966,ocgt,2030,14,14,14,0.0
8967,ocgt,2030,14,15,15,0.0
8968,ocgt,2030,14,16,16,0.0
8969,ocgt,2030,14,17,17,0.0
8970,ocgt,2030,14,18,18,0.0
8971,ocgt,2030,14,19,19,0.0
8972,ocgt,2030,14,20,20,0.0
8973,ocgt,2030,14,21,21,0.0
8974,ocgt,2030,14,22,22,0.0
8975,ocgt,2030,14,23,23,0.0
8976,ocgt,2030,14,24,24,0.0
8977,ocgt,2030,15,1,1,0.0
8978,ocgt,2030,15,2,2,0.0
8979,ocgt,2030,15,3,3,0.0
8980,ocgt,2030,15,4,4,0.0
8981,ocgt,2030,15,5,5,0.0
8982,ocgt,2030,15,6,6,0.0
8983,ocgt,2030,15,7,7,0.0
8984,ocgt,2030,15,8,8,0.0
8985,ocgt,2030,15,9,9,0.0
8986,ocgt,2030,15,10,10,0.0
8987,ocgt,2030,15,11,11,0.0
8988,ocgt,2030,15,12,12,0.0
8989,ocgt,2030,15,13,13,0.0
8990,ocgt,2030,15,14,14,0.0
8991,ocgt,2030,15,15,15,0.0
8992,ocgt,2030,15,16,16,0.0
8993,ocgt,2030,15,17,17,0.0
8994,ocgt,2030,15,18,18,0.0
8995,ocgt,2030,15,19,19,0.0
8996,ocgt,2030,15,20,20,0.0
8997,ocgt,2030,15,21,21,0.0
8998,ocgt,2030,15,22,22,0.0
8999,ocgt,2030,15,23,23,0.0
9000,ocgt,2030,15,24,24,0.0
9001,ocgt,2030,16,1,1,0.0
9002,ocgt,2030,16,2,2,0.0
9003,ocgt,2030,16,3,3,0.0
9004,ocgt,2030,16,4,4,0.0
9005,ocgt,2030,16,5,5,0.0
9006,ocgt,2030,16,6,6,0.0
9007,ocgt,2030,16,7,7,0.0
9008,ocgt,2030,16,8,8,0.0
9009,ocgt,2030,16,9,9,0.0
9010,ocgt,2030,16,10,10,0.0
9011,ocgt,2030,16,11,11,0.0
9012,ocgt,2030,16,12,12,0.0
9013,ocgt,2030,16,13,13,0.0
9014,ocgt,2030,16,14,14,0.0
9015,ocgt,2030,16,15,15,0.0
9016,ocgt,2030,16,16,16,0.0
9017,ocgt,2030,16,17,17,0.0
9018,ocgt,2030,16,18,18,0.0
9019,ocgt,2030,16,19,19,0.0
9020,ocgt,2030,16,20,20,0.0
9021,ocgt,2030,16,21,21,0.0
9022,ocgt,2030,16,22,22,0.0
9023,ocgt,2030,16,23,23,0.0
9024,ocgt,2030,16,24,24,0.0
9025,ocgt,2030,17,1,1,0.0
9026,ocgt,2030,17,2,2,0.0
9027,ocgt,2030,17,3,3,0.0
9028,ocgt,2030,17,4,4,0.0
9029,ocgt,2030,17,5,5,0.0
9030,ocgt,2030,17,6,6,0.0
9031,ocgt,2030,17,7,7,0.0
9032,ocgt,2030,17,8,8,0.0
9033,ocgt,2030,17,9,9,0.0
9034,ocgt,2030,17,10,10,0.0
9035,ocgt,2030,17,11,11,0.0
9036,ocgt,2030,17,12,12,0.0
9037,ocgt,2030,17,13,13,0.0
9038,ocgt,2030,17,14,14,0.0
9039,ocgt,2030,17,15,15,0.0
9040,ocgt,2030,17,16,16,0.0
9041,ocgt,2030,17,17,17,0.0
9042,ocgt,2030,17,18,18,0.0
9043,ocgt,2030,17,19,19,0.0
9044,ocgt,2030,17,20,20,0.0
9045,ocgt,2030,17,21,21,0.0
9046,ocgt,2030,17,22,22,0.0
9047,ocgt,2030,17,23,23,0.0
9048,ocgt,2030,17,24,24,0.0
9049,ocgt,2030,18,1,1,0.0
9050,ocgt,2030,18,2,2,0.0
9051,ocgt,2030,18,3,3,0.0
9052,ocgt,2030,18,4,4,0.0
9053,ocgt,2030,18,5,5,0.0
9054,ocgt,2030,18,6,6,0.0
9055,ocgt,2030,18,7,7,0.0
9056,ocgt,2030,18,8,8,0.0
9057,ocgt,2030,18,9,9,0.0
9058,ocgt,2030,18,10,10,0.0
9059,ocgt,2030,18,11,11,0.0
9060,ocgt,2030,18,12,12,0.0
9061,ocgt,2030,18,13,13,0.0
9062,ocgt,2030,18,14,14,0.0
9063,ocgt,2030,18,15,15,0.0
9064,ocgt,2030,18,16,16,0.0
9065,ocgt,2030,18,17,17,0.0
9066,ocgt,2030,18,18,18,0.0
9067,ocgt,2030,18,19,19,0.0
9068,ocgt,2030,18,20,20,0.0
9069,ocgt,2030,18,21,21,0.0
9070,ocgt,2030,18,22,22,0.0
9071,ocgt,2030,18,23,23,0.0
9072,ocgt,2030,18,24,24,0.0
9073,ocgt,2030,19,1,1,0.0
9074,ocgt,2030,19,2,2,0.0
9075,ocgt,2030,19,3,3,0.0
9076,ocgt,2030,19,4,4,0.0
9077,ocgt,2030,19,5,5,0.0
9078,ocgt,2030,19,6,6,0.0
9079,ocgt,2030,19,7,7,0.0
9080,ocgt,2030,19,8,8,0.0
9081,ocgt,2030,19,9,9,0.0
9082,ocgt,2030,19,10,10,0.0
9083,ocgt,2030,19,11,11,0.0
9084,ocgt,2030,19,12,12,0.0
9085,ocgt,2030,19,13,13,0.0
9086,ocgt,2030,19,14,14,0.0
9087,ocgt,2030,19,15,15,0.0
9088,ocgt,2030,19,16,16,0.0
9089,ocgt,2030,19,17,17,0.0
9090,ocgt,2030,19,18,18,0.0
9091,ocgt,2030,19,19,19,0.0
9092,ocgt,2030,19,20,20,0.0
9093,ocgt,2030,19,21,21,0.0
9094,ocgt,2030,19,22,22,0.0
9095,ocgt,2030,19,23,23,0.0
9096,ocgt,2030,19,24,24,0.0
9097,ocgt,2030,20,1,1,0.0
9098,ocgt,2030,20,2,2,0.0
9099,ocgt,2030,20,3,3,0.0
9100,ocgt,2030,20,4,4,0.0
9101,ocgt,2030,20,5,5,0.0
9102,ocgt,2030,20,6,6,0.0
9103,ocgt,2030,20,7,7,0.0
9104,ocgt,2030,20,8,8,0.0
9105,ocgt,2030,20,9,9,0.0
9106,ocgt,2030,20,10,10,0.0
9107,ocgt,2030,20,11,11,0.0
9108,ocgt,2030,20,12,12,0.0
9109,ocgt,2030,20,13,13,0.0
9110,ocgt,2030,20,14,14,0.0
9111,ocgt,2030,20,15,15,0.0
9112,ocgt,2030,20,16,16,0.0
9113,ocgt,2030,20,17,17,0.0
9114,ocgt,2030,20,18,18,0.0
9115,ocgt,2030,20,19,19,0.0
9116,ocgt,2030,20,20,20,0.0
9117,ocgt,2030,20,21,21,0.0
9118,ocgt,2030,20,22,22,0.0
9119,ocgt,2030,20,23,23,0.0
9120,ocgt,2030,20,24,24,0.0
9121,ocgt,2030,21,1,1,0.0
9122,ocgt,2030,21,2,2,0.0
9123,ocgt,2030,21,3,3,0.0
9124,ocgt,2030,21,4,4,0.0
9125,ocgt,2030,21,5,5,0.0
9126,ocgt,2030,21,6,6,0.0
9127,ocgt,2030,21,7,7,0.0
9128,ocgt,2030,21,8,8,0.0
9129,ocgt,2030,21,9,9,0.0
9130,ocgt,2030,21,10,10,0.0
9131,ocgt,2030,21,11,11,0.0
9132,ocgt,2030,21,12,12,0.0
9133,ocgt,2030,21,13,13,0.0
9134,ocgt,2030,21,14,14,0.0
9135,ocgt,2030,21,15,15,0.0
9136,ocgt,2030,21,16,16,0.0
9137,ocgt,2030,21,17,17,0.0
9138,ocgt,2030,21,18,18,0.0
9139,ocgt,2030,21,19,19,0.0
9140,ocgt,2030,21,20,20,0.0
9141,ocgt,2030,21,21,21,0.0
9142,ocgt,2030,21,22,22,0.0
9143,ocgt,2030,21,23,23,0.0
9144,ocgt,2030,21,24,24,0.0
9145,ocgt,2030,22,1,1,0.0
9146,ocgt,2030,22,2,2,0.0
9147,ocgt,2030,22,3,3,0.0
9148,ocgt,2030,22,4,4,0.0
9149,ocgt,2030,22,5,5,0.0
9150,ocgt,2030,22,6,6,0.0
9151,ocgt,2030,22,7,7,0.0
9152,ocgt,2030,22,8,8,0.0
9153,ocgt,2030,22,9,9,0.0
9154,ocgt,2030,22,10,10,0.0
9155,ocgt,2030,22,11,11,0.0
9156,ocgt,2030,22,12,12,0.0
9157,ocgt,2030,22,13,13,0.0
9158,ocgt,2030,22,14,14,0.0
9159,ocgt,2030,22,15,15,0.0
9160,ocgt,2030,22,16,16,0.0
9161,ocgt,2030,22,17,17,0.0
9162,ocgt,2030,22,18,18,0.0
9163,ocgt,2030,22,19,19,0.0
9164,ocgt,2030,22,20,20,0.0
9165,ocgt,2030,22,21,21,0.0
9166,ocgt,2030,22,22,22,0.0
9167,ocgt,2030,22,23,23,0.0
9168,ocgt,2030,22,24,24,0.0
9169,ocgt,2030,23,1,1,0.0
9170,ocgt,2030,23,2,2,0.0
9171,ocgt,2030,23,3,3,0.0
9172,ocgt,2030,23,4,4,0.0
9173,ocgt,2030,23,5,5,0.0
9174,ocgt,2030,23,6,6,0.0
9175,ocgt,2030,23,7,7,0.0
9176,ocgt,2030,23,8,8,0.0
9177,ocgt,2030,23,9,9,0.0
9178,ocgt,2030,23,10,10,0.0
9179,ocgt,2030,23,11,11,0.0
9180,ocgt,2030,23,12,12,0.0
9181,ocgt,2030,23,13,13,0.0
9182,ocgt,2030,23,14,14,0.0
9183,ocgt,2030,23,15,15,0.0
9184,ocgt,2030,23,16,16,0.0
9185,ocgt,2030,23,17,17,0.0
9186,ocgt,2030,23,18,18,0.0
9187,ocgt,2030,23,19,19,0.0
9188,ocgt,2030,23,20,20,0.0
9189,ocgt,2030,23,21,21,0.0
9190,ocgt,2030,23,22,22,0.0
9191,ocgt,2030,23,23,23,0.0
9192,ocgt,2030,23,24,24,0.0
9193,ocgt,2030,24,1,1,0.0
9194,ocgt,2030,24,2,2,0.0
9195,ocgt,2030,24,3,3,0.0
9196,ocgt,2030,24,4,4,0.0
9197,ocgt,2030,24,5,5,0.0
9198,ocgt,2030,24,6,6,0.0
9199,ocgt,2030,24,7,7,0.0
9200,ocgt,2030,24,8,8,0.0
9201,ocgt,2030,24,9,9,0.0
9202,ocgt,2030,24,10,10,0.0
9203,ocgt,2030,24,11,11,0.0
9204,ocgt,2030,24,12,12,0.0
9205,ocgt,2030,24,13,13,0.0
9206,ocgt,2030,24,14,14,0.0
9207,ocgt,2030,24,15,15,0.0
9208,ocgt,2030,24,16,16,0.0
9209,ocgt,2030,24,17,17,0.0
9210,ocgt,2030,24,18,18,0.0
9211,ocgt,2030,24,19,19,0.0
9212,ocgt,2030,24,20,20,0.0
9213,ocgt,2030,24,21,21,0.0
9214,ocgt,2030,24,22,22,0.0
9215,ocgt,2030,24,23,23,0.0
9216,ocgt,2030,24,24,24,0.0
9217,ocgt,2030,25,1,1,0.0
9218,ocgt,2030,25,2,2,0.0
9219,ocgt,2030,25,3,3,0.0
9220,ocgt,2030,25,4,4,0.0
9221,ocgt,2030,25,5,5,0.0
9222,ocgt,2030,25,6,6,0.0
9223,ocgt,2030,25,7,7,0.0
9224,ocgt,2030,25,8,8,0.0
9225,ocgt,2030,25,9,9,0.0
9226,ocgt,2030,25,10,10,0.0
9227,ocgt,2030,25,11,11,0.0
9228,ocgt,2030,25,12,12,0.0
9229,ocgt,2030,25,13,13,0.0
9230,ocgt,2030,25,14,14,0.0
9231,ocgt,2030,25,15,15,0.0
9232,ocgt,2030,25,16,16,0.0
9233,ocgt,2030,25,17,17,0.0
9234,ocgt,2030,25,18,18,0.0
9235,ocgt,2030,25,19,19,0.0
9236,ocgt,2030,25,20,20,0.0
9237,ocgt,2030,25,21,21,0.0
9238,ocgt,2030,25,22,22,0.0
9239,ocgt,2030,25,23,23,0.0
9240,ocgt,2030,25,24,24,0.0
9241,ocgt,2030,26,1,1,0.0
9242,ocgt,2030,26,2,2,0.0
9243,ocgt,2030,26,3,3,0.0
9244,ocgt,2030,26,4,4,0.0
9245,ocgt,2030,26,5,5,0.0
9246,ocgt,2030,26,6,6,0.0
9247,ocgt,2030,26,7,7,0.0
9248,ocgt,2030,26,8,8,0.0
9249,ocgt,2030,26,9,9,0.0
9250,ocgt,2030,26,10,10,0.0
9251,ocgt,2030,26,11,11,0.0
9252,ocgt,2030,26,12,12,0.0
9253,ocgt,2030,26,13,13,0.0
9254,ocgt,2030,26,14,14,0.0
9255,ocgt,2030,26,15,15,0.0
9256,ocgt,2030,26,16,16,0.0
9257,ocgt,2030,26,17,17,0.0
9258,ocgt,2030,26,18,18,0.0
9259,ocgt,2030,26,19,19,0.0
9260,ocgt,2030,26,20,20,0.0
9261,ocgt,2030,26,21,21,0.0
9262,ocgt,2030,26,22,22,0.0
9263,ocgt,2030,26,23,23,0.0
9264,ocgt,2030,26,24,24,0.0
9265,ocgt,2030,27,1,1,0.0
9266,ocgt,2030,27,2,2,0.0
9267,ocgt,2030,27,3,3,0.0
9268,ocgt,2030,27,4,4,0.0
9269,ocgt,2030,27,5,5,0.0
9270,ocgt,2030,27,6,6,0.0
9271,ocgt,2030,27,7,7,0.0
9272,ocgt,2030,27,8,8,0.0
9273,ocgt,2030,27,9,9,0.0
9274,ocgt,2030,27,10,10,0.0
9275,ocgt,2030,27,11,11,0.0
9276,ocgt,2030,27,12,12,0.0
9277,ocgt,2030,27,13,13,0.0
9278,ocgt,2030,27,14,14,0.0
9279,ocgt,2030,27,15,15,0.0
9280,ocgt,2030,27,16,16,0.0
9281,ocgt,2030,27,17,17,0.0
9282,ocgt,2030,27,18,18,0.0
9283,ocgt,2030,27,19,19,0.0
9284,ocgt,2030,27,20,20,0.0
9285,ocgt,2030,27,21,21,0.0
9286,ocgt,2030,27,22,22,0.0
9287,ocgt,2030,27,23,23,0.0
9288,ocgt,2030,27,24,24,0.0
9289,ocgt,2030,28,1,1,0.0
9290,ocgt,2030,28,2,2,0.0
9291,ocgt,2030,28,3,3,0.0
9292,ocgt,2030,28,4,4,0.0
9293,ocgt,2030,28,5,5,0.0
9294,ocgt,2030,28,6,6,0.0
9295,ocgt,2030,28,7,7,0.0
9296,ocgt,2030,28,8,8,0.0
9297,ocgt,2030,28,9,9,0.0
9298,ocgt,2030,28,10,10,0.0
9299,ocgt,2030,28,11,11,0.0
9300,ocgt,2030,28,12,12,0.0
9301,ocgt,2030,28,13,13,0.0
9302,ocgt,2030,28,14,14,0.0
9303,ocgt,2030,28,15,15,0.0
9304,ocgt,2030,28,16,16,0.0
9305,ocgt,2030,28,17,17,0.0
9306,ocgt,2030,28,18,18,0.0
9307,ocgt,2030,28,19,19,0.0
9308,ocgt,2030,28,20,20,0.0
9309,ocgt,2030,28,21,21,0.0
9310,ocgt,2030,28,22,22,0.0
9311,ocgt,2030,28,23,23,0.0
9312,ocgt,2030,28,24,24,0.0
9313,ocgt,2030,29,1,1,0.0
9314,ocgt,2030,29,2,2,0.0
9315,ocgt,2030,29,3,3,0.0
9316,ocgt,2030,29,4,4,0.0
9317,ocgt,2030,29,5,5,0.0
9318,ocgt,2030,29,6,6,0.0
9319,ocgt,2030,29,7,7,0.0
9320,ocgt,2030,29,8,8,0.0
9321,ocgt,2030,29,9,9,0.0
9322,ocgt,2030,29,10,10,0.0
9323,ocgt,2030,29,11,11,0.0
9324,ocgt,2030,29,12,12,0.0
9325,ocgt,2030,29,13,13,0.0
9326,ocgt,2030,29,14,14,0.0
9327,ocgt,2030,29,15,15,0.0
9328,ocgt,2030,29,16,16,0.0
9329,ocgt,2030,29,17,17,0.0
9330,ocgt,2030,29,18,18,0.0
9331,ocgt,2030,29,19,19,0.0
9332,ocgt,2030,29,20,20,0.0
9333,ocgt,2030,29,21,21,0.0
9334,ocgt,2030,29,22,22,0.0
9335,ocgt,2030,29,23,23,0.0
9336,ocgt,2030,29,24,24,0.0
9337,ocgt,2030,30,1,1,0.0
9338,ocgt,2030,30,2,2,0.0
9339,ocgt,2030,30,3,3,0.0
9340,ocgt,2030,30,4,4,0.0
9341,ocgt,2030,30,5,5,0.0
9342,ocgt,2030,30,6,6,0.0
9343,ocgt,2030,30,7,7,0.0
9344,ocgt,2030,30,8,8,0.0
9345,ocgt,2030,30,9,9,0.0
9346,ocgt,2030,30,10,10,0.0
9347,ocgt,2030,30,11,11,0.0
9348,ocgt,2030,30,12,12,0.0
9349,ocgt,2030,30,13,13,0.0
9350,ocgt,2030,30,14,14,0.0
9351,ocgt,2030,30,15,15,0.0
9352,ocgt,2030,30,16,16,0.0
9353,ocgt,2030,30,17,17,0.0
9354,ocgt,2030,30,18,18,0.0
9355,ocgt,2030,30,19,19,0.0
9356,ocgt,2030,30,20,20,0.0
9357,ocgt,2030,30,21,21,0.0
9358,ocgt,2030,30,22,22,0.0
9359,ocgt,2030,30,23,23,0.0
9360,ocgt,2030,30,24,24,0.0
9361,ocgt,2030,31,1,1,0.0
9362,ocgt,2030,31,2,2,0.0
9363,ocgt,2030,31,3,3,0.0
9364,ocgt,2030,31,4,4,0.0
9365,ocgt,2030,31,5,5,0.0
9366,ocgt,2030,31,6,6,0.0
9367,ocgt,2030,31,7,7,0.0
9368,ocgt,2030,31,8,8,0.0
9369,ocgt,2030,31,9,9,0.0
9370,ocgt,2030,31,10,10,0.0
9371,ocgt,2030,31,11,11,0.0
9372,ocgt,2030,31,12,12,0.0
9373,ocgt,2030,31,13,13,0.0
9374,ocgt,2030,31,14,14,0.0
9375,ocgt,2030,31,15,15,0.0
9376,ocgt,2030,31,16,16,0.0
9377,ocgt,2030,31,17,17,0.0
9378,ocgt,2030,31,18,18,0.0
9379,ocgt,2030,31,19,19,0.0
9380,ocgt,2030,31,20,20,0.0
9381,ocgt,2030,31,21,21,0.0
9382,ocgt,2030,31,22,22,0.0
9383,ocgt,2030,31,23,23,0.0
9384,ocgt,2030,31,24,24,0.0
9385,ocgt,2030,32,1,1,0.0
9386,ocgt,2030,32,2,2,0.0
9387,ocgt,2030,32,3,3,0.0
9388,ocgt,2030,32,4,4,0.0
9389,ocgt,2030,32,5,5,0.0
9390,ocgt,2030,32,6,6,0.0
9391,ocgt,2030,32,7,7,0.0
9392,ocgt,2030,32,8,8,0.0
9393,ocgt,2030,32,9,9,0.0
9394,ocgt,2030,32,10,10,0.0
9395,ocgt,2030,32,11,11,0.0
9396,ocgt,2030,32,12,12,0.0
9397,ocgt,2030,32,13,13,0.0
9398,ocgt,2030,32,14,14,0.0
9399,ocgt,2030,32,15,15,0.0
9400,ocgt,2030,32,16,16,0.0
9401,ocgt,2030,32,17,17,0.0
9402,ocgt,2030,32,18,18,0.0
9403,ocgt,2030,32,19,19,0.0
9404,ocgt,2030,32,20,20,0.0
9405,ocgt,2030,32,21,21,0.0
9406,ocgt,2030,32,22,22,0.0
9407,ocgt,2030,32,23,23,0.0
9408,ocgt,2030,32,24,24,0.0
9409,ocgt,2030,33,1,1,0.0
9410,ocgt,2030,33,2,2,0.0
9411,ocgt,2030,33,3,3,0.0
9412,ocgt,2030,33,4,4,0.0
9413,ocgt,2030,33,5,5,0.0
9414,ocgt,2030,33,6,6,0.0
9415,ocgt,2030,33,7,7,0.0
9416,ocgt,2030,33,8,8,0.0
9417,ocgt,2030,33,9,9,0.0
9418,ocgt,2030,33,10,10,0.0
9419,ocgt,2030,33,11,11,0.0
9420,ocgt,2030,33,12,12,0.0
9421,ocgt,2030,33,13,13,0.0
9422,ocgt,2030,33,14,14,0.0
9423,ocgt,2030,33,15,15,0.0
9424,ocgt,2030,33,16,16,0.0
9425,ocgt,2030,33,17,17,0.0
9426,ocgt,2030,33,18,18,0.0
9427,ocgt,2030,33,19,19,0.0
9428,ocgt,2030,33,20,20,0.0
9429,ocgt,2030,33,21,21,0.0
9430,ocgt,2030,33,22,22,0.0
9431,ocgt,2030,33,23,23,0.0
9432,ocgt,2030,33,24,24,0.0
9433,ocgt,2030,34,1,1,0.0
9434,ocgt,2030,34,2,2,0.0
9435,ocgt,2030,34,3,3,0.0
9436,ocgt,2030,34,4,4,0.0
9437,ocgt,2030,34,5,5,0.0
9438,ocgt,2030,34,6,6,0.0
9439,ocgt,2030,34,7,7,0.0
9440,ocgt,2030,34,8,8,0.0
9441,ocgt,2030,34,9,9,0.0
9442,ocgt,2030,34,10,10,0.0
9443,ocgt,2030,34,11,11,0.0
9444,ocgt,2030,34,12,12,0.0
9445,ocgt,2030,34,13,13,0.0
9446,ocgt,2030,34,14,14,0.0
9447,ocgt,2030,34,15,15,0.0
9448,ocgt,2030,34,16,16,0.0
9449,ocgt,2030,34,17,17,0.0
9450,ocgt,2030,34,18,18,0.0
9451,ocgt,2030,34,19,19,0.0
9452,ocgt,2030,34,20,20,0.0
9453,ocgt,2030,34,21,21,0.0
9454,ocgt,2030,34,22,22,0.0
9455,ocgt,2030,34,23,23,0.0
9456,ocgt,2030,34,24,24,0.0
9457,ocgt,2030,35,1,1,0.0
9458,ocgt,2030,35,2,2,0.0
9459,ocgt,2030,35,3,3,0.0
9460,ocgt,2030,35,4,4,0.0
9461,ocgt,2030,35,5,5,0.0
9462,ocgt,2030,35,6,6,0.0
9463,ocgt,2030,35,7,7,0.0
9464,ocgt,2030,35,8,8,0.0
9465,ocgt,2030,35,9,9,0.0
9466,ocgt,2030,35,10,10,0.0
9467,ocgt,2030,35,11,11,0.0
9468,ocgt,2030,35,12,12,0.0
9469,ocgt,2030,35,13,13,0.0
9470,ocgt,2030,35,14,14,0.0
9471,ocgt,2030,35,15,15,0.0
9472,ocgt,2030,35,16,16,0.0
9473,ocgt,2030,35,17,17,0.0
9474,ocgt,2030,35,18,18,0.0
9475,ocgt,2030,35,19,19,0.0
9476,ocgt,2030,35,20,20,0.0
9477,ocgt,2030,35,21,21,0.0
9478,ocgt,2030,35,22,22,0.0
9479,ocgt,2030,35,23,23,0.0
9480,ocgt,2030,35,24,24,0.0
9481,ocgt,2030,36,1,1,0.0
9482,ocgt,2030,36,2,2,0.0
9483,ocgt,2030,36,3,3,0.0
9484,ocgt,2030,36,4,4,0.0
9485,ocgt,2030,36,5,5,0.0
9486,ocgt,2030,36,6,6,0.0
9487,ocgt,2030,36,7,7,0.0
9488,ocgt,2030,36,8,8,0.0
9489,ocgt,2030,36,9,9,0.0
9490,ocgt,2030,36,10,10,0.0
9491,ocgt,2030,36,11,11,0.0
9492,ocgt,2030,36,12,12,0.0
9493,ocgt,2030,36,13,13,0.0
9494,ocgt,2030,36,14,14,0.0
9495,ocgt,2030,36,15,15,0.0
9496,ocgt,2030,36,16,16,0.0
9497,ocgt,2030,36,17,17,0.0
9498,ocgt,2030,36,18,18,0.0
9499,ocgt,2030,36,19,19,0.0
9500,ocgt,2030,36,20,20,0.0
9501,ocgt,2030,36,21,21,0.0
9502,ocgt,2030,36,22,22,0.0
9503,ocgt,2030,36,23,23,0.0
9504,ocgt,2030,36,24,24,0.0
9505,ocgt,2030,37,1,1,0.0
9506,ocgt,2030,37,2,2,0.0
9507,ocgt,2030,37,3,3,0.0
9508,ocgt,2030,37,4,4,0.0
9509,ocgt,2030,37,5,5,0.0
9510,ocgt,2030,37,6,6,0.0
9511,ocgt,2030,37,7,7,0.0
9512,ocgt,2030,37,8,8,0.0
9513,ocgt,2030,37,9,9,0.0
9514,ocgt,2030,37,10,10,0.0
9515,ocgt,2030,37,11,11,0.0
9516,ocgt,2030,37,12,12,0.0
9517,ocgt,2030,37,13,13,0.0
9518,ocgt,2030,37,14,14,0.0
9519,ocgt,2030,37,15,15,0.0
9520,ocgt,2030,37,16,16,0.0
9521,ocgt,2030,37,17,17,0.0
9522,ocgt,2030,37,18,18,0.0
9523,ocgt,2030,37,19,19,0.0
9524,ocgt,2030,37,20,20,0.0
9525,ocgt,2030,37,21,21,0.0
9526,ocgt,2030,37,22,22,0.0
9527,ocgt,2030,37,23,23,0.0
9528,ocgt,2030,37,24,24,0.0
9529,ocgt,2030,38,1,1,0.0
9530,ocgt,2030,38,2,2,0.0
9531,ocgt,2030,38,3,3,0.0
9532,ocgt,2030,38,4,4,0.0
9533,ocgt,2030,38,5,5,0.0
9534,ocgt,2030,38,6,6,0.0
9535,ocgt,2030,38,7,7,0.0
9536,ocgt,2030,38,8,8,0.0
9537,ocgt,2030,38,9,9,0.0
9538,ocgt,2030,38,10,10,0.0
9539,ocgt,2030,38,11,11,0.0
9540,ocgt,2030,38,12,12,0.0
9541,ocgt,2030,38,13,13,0.0
9542,ocgt,2030,38,14,14,0.0
9543,ocgt,2030,38,15,15,0.0
9544,ocgt,2030,38,16,16,0.0
9545,ocgt,2030,38,17,17,0.0
9546,ocgt,2030,38,18,18,0.0
9547,ocgt,2030,38,19,19,0.0
9548,ocgt,2030,38,20,20,0.0
9549,ocgt,2030,38,21,21,0.0
9550,ocgt,2030,38,22,22,0.0
9551,ocgt,2030,38,23,23,0.0
9552,ocgt,2030,38,24,24,0.0
9553,ocgt,2030,39,1,1,0.0
9554,ocgt,2030,39,2,2,0.0
9555,ocgt,2030,39,3,3,0.0
9556,ocgt,2030,39,4,4,0.0
9557,ocgt,2030,39,5,5,0.0
9558,ocgt,2030,39,6,6,0.0
9559,ocgt,2030,39,7,7,0.0
9560,ocgt,2030,39,8,8,0.0
9561,ocgt,2030,39,9,9,0.0
9562,ocgt,2030,39,10,10,0.0
9563,ocgt,2030,39,11,11,0.0
9564,ocgt,2030,39,12,12,0.0
9565,ocgt,2030,39,13,13,0.0
9566,ocgt,2030,39,14,14,0.0
9567,ocgt,2030,39,15,15,0.0
9568,ocgt,2030,39,16,16,0.0
9569,ocgt,2030,39,17,17,0.0
9570,ocgt,2030,39,18,18,0.0
9571,ocgt,2030,39,19,19,0.0
9572,ocgt,2030,39,20,20,0.0
9573,ocgt,2030,39,21,21,0.0
9574,ocgt,2030,39,22,22,0.0
9575,ocgt,2030,39,23,23,0.0
9576,ocgt,2030,39,24,24,0.0
9577,ocgt,2030,40,1,1,0.0
9578,ocgt,2030,40,2,2,0.0
9579,ocgt,2030,40,3,3,0.0
9580,ocgt,2030,40,4,4,0.0
9581,ocgt,2030,40,5,5,0.0
9582,ocgt,2030,40,6,6,0.0
9583,ocgt,2030,40,7,7,0.0
9584,ocgt,2030,40,8,8,0.0
9585,ocgt,2030,40,9,9,0.0
9586,ocgt,2030,40,10,10,0.0
9587,ocgt,2030,40,11,11,0.0
9588,ocgt,2030,40,12,12,0.0
9589,ocgt,2030,40,13,13,0.0
9590,ocgt,2030,40,14,14,0.0
9591,ocgt,2030,40,15,15,0.0
9592,ocgt,2030,40,16,16,0.0
9593,ocgt,2030,40,17,17,0.0
9594,ocgt,2030,40,18,18,0.0
9595,ocgt,2030,40,19,19,0.0
9596,ocgt,2030,40,20,20,0.0
9597,ocgt,2030,40,21,21,0.0
9598,ocgt,2030,40,22,22,0.0
9599,ocgt,2030,40,23,23,0.0
9600,ocgt,2030,40,24,24,0.0
9601,ocgt,2030,41,1,1,0.0
9602,ocgt,2030,41,2,2,0.0
9603,ocgt,2030,41,3,3,0.0
9604,ocgt,2030,41,4,4,0.0
9605,ocgt,2030,41,5,5,0.0
9606,ocgt,2030,41,6,6,0.0
9607,ocgt,2030,41,7,7,0.0
9608,ocgt,2030,41,8,8,0.0
9609,ocgt,2030,41,9,9,0.0
9610,ocgt,2030,41,10,10,0.0
9611,ocgt,2030,41,11,11,0.0
9612,ocgt,2030,41,12,12,0.0
9613,ocgt,2030,41,13,13,0.0
9614,ocgt,2030,41,14,14,0.0
9615,ocgt,2030,41,15,15,0.0
9616,ocgt,2030,41,16,16,0.0
9617,ocgt,2030,41,17,17,0.0
9618,ocgt,2030,41,18,18,0.0
9619,ocgt,2030,41,19,19,0.0
9620,ocgt,2030,41,20,20,0.0
9621,ocgt,2030,41,21,21,0.0
9622,ocgt,2030,41,22,22,0.0
9623,ocgt,2030,41,23,23,0.0
9624,ocgt,2030,41,24,24,0.0
9625,ocgt,2030,42,1,1,0.0
9626,ocgt,2030,42,2,2,0.0
9627,ocgt,2030,42,3,3,0.0
9628,ocgt,2030,42,4,4,0.0
9629,ocgt,2030,42,5,5,0.0
9630,ocgt,2030,42,6,6,0.0
9631,ocgt,2030,42,7,7,0.0
9632,ocgt,2030,42,8,8,0.0
9633,ocgt,2030,42,9,9,0.0
9634,ocgt,2030,42,10,10,0.0
9635,ocgt,2030,42,11,11,0.0
9636,ocgt,2030,42,12,12,0.0
9637,ocgt,2030,42,13,13,0.0
9638,ocgt,2030,42,14,14,0.0
9639,ocgt,2030,42,15,15,0.0
9640,ocgt,2030,42,16,16,0.0
9641,ocgt,2030,42,17,17,0.0
9642,ocgt,2030,42,18,18,0.0
9643,ocgt,2030,42,19,19,0.0
9644,ocgt,2030,42,20,20,0.0
9645,ocgt,2030,42,21,21,0.0
9646,ocgt,2030,42,22,22,0.0
9647,ocgt,2030,42,23,23,0.0
9648,ocgt,2030,42,24,24,0.0
9649,ocgt,2030,43,1,1,0.0
9650,ocgt,2030,43,2,2,0.0
9651,ocgt,2030,43,3,3,0.0
9652,ocgt,2030,43,4,4,0.0
9653,ocgt,2030,43,5,5,0.0
9654,ocgt,2030,43,6,6,0.0
9655,ocgt,2030,43,7,7,0.0
9656,ocgt,2030,43,8,8,0.0
9657,ocgt,2030,43,9,9,0.0
9658,ocgt,2030,43,10,10,0.0
9659,ocgt,2030,43,11,11,0.0
9660,ocgt,2030,43,12,12,0.0
9661,ocgt,2030,43,13,13,0.0
9662,ocgt,2030,43,14,14,0.0
9663,ocgt,2030,43,15,15,0.0
9664,ocgt,2030,43,16,16,0.0
9665,ocgt,2030,43,17,17,0.0
9666,ocgt,2030,43,18,18,0.0
9667,ocgt,2030,43,19,19,0.0
9668,ocgt,2030,43,20,20,0.0
9669,ocgt,2030,43,21,21,0.0
9670,ocgt,2030,43,22,22,0.0
9671,ocgt,2030,43,23,23,0.0
9672,ocgt,2030,43,24,24,0.0
9673,ocgt,2030,44,1,1,0.0
9674,ocgt,2030,44,2,2,0.0
9675,ocgt,2030,44,3,3,0.0
9676,ocgt,2030,44,4,4,0.0
9677,ocgt,2030,44,5,5,0.0
9678,ocgt,2030,44,6,6,0.0
9679,ocgt,2030,44,7,7,0.0
9680,ocgt,2030,44,8,8,0.0
9681,ocgt,2030,44,9,9,0.0
9682,ocgt,2030,44,10,10,0.0
9683,ocgt,2030,44,11,11,0.0
9684,ocgt,2030,44,12,12,0.0
9685,ocgt,2030,44,13,13,0.0
9686,ocgt,2030,44,14,14,0.0
9687,ocgt,2030,44,15,15,0.0
9688,ocgt,2030,44,16,16,0.0
9689,ocgt,2030,44,17,17,0.0
9690,ocgt,2030,44,18,18,0.0
9691,ocgt,2030,44,19,19,0.0
9692,ocgt,2030,44,20,20,0.0
9693,ocgt,2030,44,21,21,0.0
9694,ocgt,2030,44,22,22,0.0
9695,ocgt,2030,44,23,23,0.0
9696,ocgt,2030,44,24,24,0.0
9697,ocgt,2030,45,1,1,0.0
9698,ocgt,2030,45,2,2,0.0
9699,ocgt,2030,45,3,3,0.0
9700,ocgt,2030,45,4,4,0.0
9701,ocgt,2030,45,5,5,0.0
9702,ocgt,2030,45,6,6,0.0
9703,ocgt,2030,45,7,7,0.0
9704,ocgt,2030,45,8,8,0.0
9705,ocgt,2030,45,9,9,0.0
9706,ocgt,2030,45,10,10,0.0
9707,ocgt,2030,45,11,11,0.0
9708,ocgt,2030,45,12,12,0.0
9709,ocgt,2030,45,13,13,0.0
9710,ocgt,2030,45,14,14,0.0
9711,ocgt,2030,45,15,15,0.0
9712,ocgt,2030,45,16,16,0.0
9713,ocgt,2030,45,17,17,0.0
9714,ocgt,2030,45,18,18,0.0
9715,ocgt,2030,45,19,19,0.0
9716,ocgt,2030,45,20,20,0.0
9717,ocgt,2030,45,21,21,0.0
9718,ocgt,2030,45,22,22,0.0
9719,ocgt,2030,45,23,23,0.0
9720,ocgt,2030,45,24,24,0.0
9721,ocgt,2030,46,1,1,0.0
9722,ocgt,2030,46,2,2,0.0
9723,ocgt,2030,46,3,3,0.0
9724,ocgt,2030,46,4,4,0.0
9725,ocgt,2030,46,5,5,0.0
9726,ocgt,2030,46,6,6,0.0
9727,ocgt,2030,46,7,7,0.0
9728,ocgt,2030,46,8,8,0.0
9729,ocgt,2030,46,9,9,0.0
9730,ocgt,2030,46,10,10,0.0
9731,ocgt,2030,46,11,11,0.0
9732,ocgt,2030,46,12,12,0.0
9733,ocgt,2030,46,13,13,0.0
9734,ocgt,2030,46,14,14,0.0
9735,ocgt,2030,46,15,15,0.0
9736,ocgt,2030,46,16,16,0.0
9737,ocgt,2030,46,17,17,0.0
9738,ocgt,2030,46,18,18,0.0
9739,ocgt,2030,46,19,19,0.0
9740,ocgt,2030,46,20,20,0.0
9741,ocgt,2030,46,21,21,0.0
9742,ocgt,2030,46,22,22,0.0
9743,ocgt,2030,46,23,23,0.0
9744,ocgt,2030,46,24,24,0.0
9745,ocgt,2030,47,1,1,0.0
9746,ocgt,2030,47,2,2,0.0
9747,ocgt,2030,47,3,3,0.0
9748,ocgt,2030,47,4,4,0.0
9749,ocgt,2030,47,5,5,0.0
9750,ocgt,2030,47,6,6,0.0
9751,ocgt,2030,47,7,7,0.0
9752,ocgt,2030,47,8,8,0.0
9753,ocgt,2030,47,9,9,0.0
9754,ocgt,2030,47,10,10,0.0
9755,ocgt,2030,47,11,11,0.0
9756,ocgt,2030,47,12,12,0.0
9757,ocgt,2030,47,13,13,0.0
9758,ocgt,2030,47,14,14,0.0
9759,ocgt,2030,47,15,15,0.0
9760,ocgt,2030,47,16,16,0.0
9761,ocgt,2030,47,17,17,0.0
9762,ocgt,2030,47,18,18,0.0
9763,ocgt,2030,47,19,19,0.0
9764,ocgt,2030,47,20,20,0.0
9765,ocgt,2030,47,21,21,0.0
9766,ocgt,2030,47,22,22,0.0
9767,ocgt,2030,47,23,23,0.0
9768,ocgt,2030,47,24,24,0.0
9769,ocgt,2030,48,1,1,0.0
9770,ocgt,2030,48,2,2,0.0
9771,ocgt,2030,48,3,3,0.0
9772,ocgt,2030,48,4,4,0.0
9773,ocgt,2030,48,5,5,0.0
9774,ocgt,2030,48,6,6,0.0
9775,ocgt,2030,48,7,7,0.0
9776,ocgt,2030,48,8,8,0.0
9777,ocgt,2030,48,9,9,0.0
9778,ocgt,2030,48,10,10,0.0
9779,ocgt,2030,48,11,11,0.0
9780,ocgt,2030,48,12,12,0.0
9781,ocgt,2030,48,13,13,0.0
9782,ocgt,2030,48,14,14,0.0
9783,ocgt,2030,48,15,15,0.0
9784,ocgt,2030,48,16,16,0.0
9785,ocgt,2030,48,17,17,0.0
9786,ocgt,2030,48,18,18,0.0
9787,ocgt,2030,48,19,19,0.0
9788,ocgt,2030,48,20,20,0.0
9789,ocgt,2030,48,21,21,0.0
9790,ocgt,2030,48,22,22,0.0
9791,ocgt,2030,48,23,23,0.0
9792,ocgt,2030,48,24,24,0.0
9793,ocgt,2030,49,1,1,0.0
9794,ocgt,2030,49,2,2,0.0
9795,ocgt,2030,49,3,3,0.0
9796,ocgt,2030,49,4,4,0.0
9797,ocgt,2030,49,5,5,0.0
9798,ocgt,2030,49,6,6,0.0
9799,ocgt,2030,49,7,7,0.0
9800,ocgt,2030,49,8,8,0.0
9801,ocgt,2030,49,9,9,0.0
9802,ocgt,2030,49,10,10,0.0
9803,ocgt,2030,49,11,11,0.0
9804,ocgt,2030,49,12,12,0.0
9805,ocgt,2030,49,13,13,0.0
9806,ocgt,2030,49,14,14,0.0
9807,ocgt,2030,49,15,15,0.0
9808,ocgt,2030,49,16,16,0.0
9809,ocgt,2030,49,17,17,0.0
9810,ocgt,2030,49,18,18,0.0
9811,ocgt,2030,49,19,19,0.0
9812,ocgt,2030,49,20,20,0.0
9813,ocgt,2030,49,21,21,0.0
9814,ocgt,2030,49,22,22,0.0
9815,ocgt,2030,49,23,23,0.0
9816,ocgt,2030,49,24,24,0.0
9817,ocgt,2030,50,1,1,0.0
9818,ocgt,2030,50,2,2,0.0
9819,ocgt,2030,50,3,3,0.0
9820,ocgt,2030,50,4,4,0.0
9821,ocgt,2030,50,5,5,0.0
9822,ocgt,2030,50,6,6,0.0
9823,ocgt,2030,50,7,7,0.0
9824,ocgt,2030,50,8,8,0.0
9825,ocgt,2030,50,9,9,0.0
9826,ocgt,2030,50,10,10,0.0
9827,ocgt,2030,50,11,11,0.0
9828,ocgt,2030,50,12,12,0.0
9829,ocgt,2030,50,13,13,0.0
9830,ocgt,2030,50,14,14,0.0
9831,ocgt,2030,50,15,15,0.0
9832,ocgt,2030,50,16,16,0.0
9833,ocgt,2030,50,17,17,0.0
9834,ocgt,2030,50,18,18,0.0
9835,ocgt,2030,50,19,19,0.0
9836,ocgt,2030,50,20,20,0.0
9837,ocgt,2030,50,21,21,0.0
9838,ocgt,2030,50,22,22,0.0
9839,ocgt,2030,50,23,23,0.0
9840,ocgt,2030,50,24,24,0.0
9841,ocgt,2030,51,1,1,0.0
9842,ocgt,2030,51,2,2,0.0
9843,ocgt,2030,51,3,3,0.0
9844,ocgt,2030,51,4,4,0.0
9845,ocgt,2030,51,5,5,0.0
9846,ocgt,2030,51,6,6,0.0
9847,ocgt,2030,51,7,7,0.0
9848,ocgt,2030,51,8,8,0.0
9849,ocgt,2030,51,9,9,0.0
9850,ocgt,2030,51,10,10,0.0
9851,ocgt,2030,51,11,11,0.0
9852,ocgt,2030,51,12,12,0.0
9853,ocgt,2030,51,13,13,0.0
9854,ocgt,2030,51,14,14,0.0
9855,ocgt,2030,51,15,15,0.0
9856,ocgt,2030,51,16,16,0.0
9857,ocgt,2030,51,17,17,0.0
9858,ocgt,2030,51,18,18,0.0
9859,ocgt,2030,51,19,19,0.0
9860,ocgt,2030,51,20,20,0.0
9861,ocgt,2030,51,21,21,0.0
9862,ocgt,2030,51,22,22,0.0
9863,ocgt,2030,51,23,23,0.0
9864,ocgt,2030,51,24,24,0.0
9865,ocgt,2030,52,1,1,0.0
9866,ocgt,2030,52,2,2,0.0
9867,ocgt,2030,52,3,3,0.0
9868,ocgt,2030,52,4,4,0.0
9869,ocgt,2030,52,5,5,0.0
9870,ocgt,2030,52,6,6,0.0
9871,ocgt,2030,52,7,7,0.0
9872,ocgt,2030,52,8,8,0.0
9873,ocgt,2030,52,9,9,0.0
9874,ocgt,2030,52,10,10,0.0
9875,ocgt,2030,52,11,11,0.0
9876,ocgt,2030,52,12,12,0.0
9877,ocgt,2030,52,13,13,0.0
9878,ocgt,2030,52,14,14,0.0
9879,ocgt,2030,52,15,15,0.0
9880,ocgt,2030,52,16,16,0.0
9881,ocgt,2030,52,17,17,0.0
9882,ocgt,2030,52,18,18,0.0
9883,ocgt,2030,52,19,19,0.0
9884,ocgt,2030,52,20,20,0.0
9885,ocgt,2030,52,21,21,0.0
9886,ocgt,2030,52,22,22,0.0
9887,ocgt,2030,52,23,23,0.0
9888,ocgt,2030,52,24,24,0.0
9889,ocgt,2030,53,1,1,0.0
9890,ocgt,2030,53,2,2,0.0
9891,ocgt,2030,53,3,3,0.0
9892,ocgt,2030,53,4,4,0.0
9893,ocgt,2030,53,5,5,0.0
9894,ocgt,2030,53,6,6,0.0
9895,ocgt,2030,53,7,7,0.0
9896,ocgt,2030,53,8,8,0.0
9897,ocgt,2030,53,9,9,0.0
9898,ocgt,2030,53,10,10,0.0
9899,ocgt,2030,53,11,11,0.0
9900,ocgt,2030,53,12,12,0.0
9901,ocgt,2030,53,13,13,0.0
9902,ocgt,2030,53,14,14,0.0
9903,ocgt,2030,53,15,15,0.0
9904,ocgt,2030,53,16,16,0.0
9905,ocgt,2030,53,17,17,0.0
9906,ocgt,2030,53,18,18,0.0
9907,ocgt,2030,53,19,19,0.0
9908,ocgt,2030,53,20,20,0.0
9909,ocgt,2030,53,21,21,0.0
9910,ocgt,2030,53,22,22,0.0
9911,ocgt,2030,53,23,23,0.0
9912,ocgt,2030,53,24,24,0.0
9913,ocgt,2030,54,1,1,0.0
9914,ocgt,2030,54,2,2,0.0
9915,ocgt,2030,54,3,3,0.0
9916,ocgt,2030,54,4,4,0.0
9917,ocgt,2030,54,5,5,0.0
9918,ocgt,2030,54,6,6,0.0
9919,ocgt,2030,54,7,7,0.0
9920,ocgt,2030,54,8,8,0.0
9921,ocgt,2030,54,9,9,0.0
9922,ocgt,2030,54,10,10,0.0
9923,ocgt,2030,54,11,11,0.0
9924,ocgt,2030,54,12,12,0.0
9925,ocgt,2030,54,13,13,0.0
9926,ocgt,2030,54,14,14,0.0
9927,ocgt,2030,54,15,15,0.0
9928,ocgt,2030,54,16,16,0.0
9929,ocgt,2030,54,17,17,0.0
9930,ocgt,2030,54,18,18,0.0
9931,ocgt,2030,54,19,19,0.0
9932,ocgt,2030,54,20,20,0.0
9933,ocgt,2030,54,21,21,0.0
9934,ocgt,2030,54,22,22,0.0
9935,ocgt,2030,54,23,23,0.0
9936,ocgt,2030,54,24,24,0.0
9937,ocgt,2030,55,1,1,0.0
9938,ocgt,2030,55,2,2,0.0
9939,ocgt,2030,55,3,3,0.0
9940,ocgt,2030,55,4,4,0.0
9941,ocgt,2030,55,5,5,0.0
9942,ocgt,2030,55,6,6,0.0
9943,ocgt,2030,55,7,7,0.0
9944,ocgt,2030,55,8,8,0.0
9945,ocgt,2030,55,9,9,0.0
9946,ocgt,2030,55,10,10,0.0
9947,ocgt,2030,55,11,11,0.0
9948,ocgt,2030,55,12,12,0.0
9949,ocgt,2030,55,13,13,0.0
9950,ocgt,2030,55,14,14,0.0
9951,ocgt,2030,55,15,15,0.0
9952,ocgt,2030,55,16,16,0.0
9953,ocgt,2030,55,17,17,0.0
9954,ocgt,2030,55,18,18,0.0
9955,ocgt,2030,55,19,19,0.0
9956,ocgt,2030,55,20,20,0.0
9957,ocgt,2030,55,21,21,0.0
9958,ocgt,2030,55,22,22,0.0
9959,ocgt,2030,55,23,23,0.0
9960,ocgt,2030,55,24,24,0.0
9961,ocgt,2030,56,1,1,0.0
9962,ocgt,2030,56,2,2,0.0
9963,ocgt,2030,56,3,3,0.0
9964,ocgt,2030,56,4,4,0.0
9965,ocgt,2030,56,5,5,0.0
9966,ocgt,2030,56,6,6,0.0
9967,ocgt,2030,56,7,7,0.0
9968,ocgt,2030,56,8,8,0.0
9969,ocgt,2030,56,9,9,0.0
9970,ocgt,2030,56,10,10,0.0
9971,ocgt,2030,56,11,11,0.0
9972,ocgt,2030,56,12,12,0.0
9973,ocgt,2030,56,13,13,0.0
9974,ocgt,2030,56,14,14,0.0
9975,ocgt,2030,56,15,15,0.0
9976,ocgt,2030,56,16,16,0.0
9977,ocgt,2030,56,17,17,0.0
9978,ocgt,2030,56,18,18,0.0
9979,ocgt,2030,56,19,19,0.0
9980,ocgt,2030,56,20,20,0.0
9981,ocgt,2030,56,21,21,0.0
9982,ocgt,2030,56,22,22,0.0
9983,ocgt,2030,56,23,23,0.0
9984,ocgt,2030,56,24,24,0.0
9985,ocgt,2030,57,1,1,0.0
9986,ocgt,2030,57,2,2,0.0
9987,ocgt,2030,57,3,3,0.0
9988,ocgt,2030,57,4,4,0.0
9989,ocgt,2030,57,5,5,0.0
9990,ocgt,2030,57,6,6,0.0
9991,ocgt,2030,57,7,7,0.0
9992,ocgt,2030,57,8,8,0.0
9993,ocgt,2030,57,9,9,0.0
9994,ocgt,2030,57,10,10,0.0
9995,ocgt,2030,57,11,11,0.0
9996,ocgt,2030,57,12,12,0.0
9997,ocgt,2030,57,13,13,0.0
9998,ocgt,2030,57,14,14,0.0
9999,ocgt,2030,57,15,15,0.0
10000,ocgt,2030,57,16,16,0.0
10001,ocgt,2030,57,17,17,0.0
10002,ocgt,2030,57,18,18,0.0
10003,ocgt,2030,57,19,19,0.0
10004,ocgt,2030,57,20,20,0.0
10005,ocgt,2030,57,21,21,0.0
10006,ocgt,2030,57,22,22,0.0
10007,ocgt,2030,57,23,23,0.0
10008,ocgt,2030,57,24,24,0.0
10009,ocgt,2030,58,1,1,0.0
10010,ocgt,2030,58,2,2,0.0
10011,ocgt,2030,58,3,3,0.0
10012,ocgt,2030,58,4,4,0.0
10013,ocgt,2030,58,5,5,0.0
10014,ocgt,2030,58,6,6,0.0
10015,ocgt,2030,58,7,7,0.0
10016,ocgt,2030,58,8,8,0.0
10017,ocgt,2030,58,9,9,0.0
10018,ocgt,2030,58,10,10,0.0
10019,ocgt,2030,58,11,11,0.0
10020,ocgt,2030,58,12,12,0.0
10021,ocgt,2030,58,13,13,0.0
10022,ocgt,2030,58,14,14,0.0
10023,ocgt,2030,58,15,15,0.0
10024,ocgt,2030,58,16,16,0.0
10025,ocgt,2030,58,17,17,0.0
10026,ocgt,2030,58,18,18,0.0
10027,ocgt,2030,58,19,19,0.0
10028,ocgt,2030,58,20,20,0.0
10029,ocgt,2030,58,21,21,0.0
10030,ocgt,2030,58,22,22,0.0
10031,ocgt,2030,58,23,23,0.0
10032,ocgt,2030,58,24,24,0.0
10033,ocgt,2030,59,1,1,0.0
10034,ocgt,2030,59,2,2,0.0
10035,ocgt,2030,59,3,3,0.0
10036,ocgt,2030,59,4,4,0.0
10037,ocgt,2030,59,5,5,0.0
10038,ocgt,2030,59,6,6,0.0
10039,ocgt,2030,59,7,7,0.0
10040,ocgt,2030,59,8,8,0.0
10041,ocgt,2030,59,9,9,0.0
10042,ocgt,2030,59,10,10,0.0
10043,ocgt,2030,59,11,11,0.0
10044,ocgt,2030,59,12,12,0.0
10045,ocgt,2030,59,13,13,0.0
10046,ocgt,2030,59,14,14,0.0
10047,ocgt,2030,59,15,15,0.0
10048,ocgt,2030,59,16,16,0.0
10049,ocgt,2030,59,17,17,0.0
10050,ocgt,2030,59,18,18,0.0
10051,ocgt,2030,59,19,19,0.0
10052,ocgt,2030,59,20,20,0.0
10053,ocgt,2030,59,21,21,0.0
10054,ocgt,2030,59,22,22,0.0
10055,ocgt,2030,59,23,23,0.0
10056,ocgt,2030,59,24,24,0.0
10057,ocgt,2030,60,1,1,0.0
10058,ocgt,2030,60,2,2,0.0
10059,ocgt,2030,60,3,3,0.0
10060,ocgt,2030,60,4,4,0.0
10061,ocgt,2030,60,5,5,0.0
10062,ocgt,2030,60,6,6,0.0
10063,ocgt,2030,60,7,7,0.0
10064,ocgt,2030,60,8,8,0.0
10065,ocgt,2030,60,9,9,0.0
10066,ocgt,2030,60,10,10,0.0
10067,ocgt,2030,60,11,11,0.0
10068,ocgt,2030,60,12,12,0.0
10069,ocgt,2030,60,13,13,0.0
10070,ocgt,2030,60,14,14,0.0
10071,ocgt,2030,60,15,15,0.0
10072,ocgt,2030,60,16,16,0.0
10073,ocgt,2030,60,17,17,0.0
10074,ocgt,2030,60,18,18,0.0
10075,ocgt,2030,60,19,19,0.0
10076,ocgt,2030,60,20,20,0.0
10077,ocgt,2030,60,21,21,0.0
10078,ocgt,2030,60,22,22,0.0
10079,ocgt,2030,60,23,23,0.0
10080,ocgt,2030,60,24,24,0.0
10081,ocgt,2030,61,1,1,0.0
10082,ocgt,2030,61,2,2,0.0
10083,ocgt,2030,61,3,3,0.0
10084,ocgt,2030,61,4,4,0.0
10085,ocgt,2030,61,5,5,0.0
10086,ocgt,2030,61,6,6,0.0
10087,ocgt,2030,61,7,7,0.0
10088,ocgt,2030,61,8,8,0.0
10089,ocgt,2030,61,9,9,0.0
10090,ocgt,2030,61,10,10,0.0
10091,ocgt,2030,61,11,11,0.0
10092,ocgt,2030,61,12,12,0.0
10093,ocgt,2030,61,13,13,0.0
10094,ocgt,2030,61,14,14,0.0
10095,ocgt,2030,61,15,15,0.0
10096,ocgt,2030,61,16,16,0.0
10097,ocgt,2030,61,17,17,0.0
10098,ocgt,2030,61,18,18,0.0
10099,ocgt,2030,61,19,19,0.0
10100,ocgt,2030,61,20,20,0.0
10101,ocgt,2030,61,21,21,0.0
10102,ocgt,2030,61,22,22,0.0
10103,ocgt,2030,61,23,23,0.0
10104,ocgt,2030,61,24,24,0.0
10105,ocgt,2030,62,1,1,0.0
10106,ocgt,2030,62,2,2,0.0
10107,ocgt,2030,62,3,3,0.0
10108,ocgt,2030,62,4,4,0.0
10109,ocgt,2030,62,5,5,0.0
10110,ocgt,2030,62,6,6,0.0
10111,ocgt,2030,62,7,7,0.0
10112,ocgt,2030,62,8,8,0.0
10113,ocgt,2030,62,9,9,0.0
10114,ocgt,2030,62,10,10,0.0
10115,ocgt,2030,62,11,11,0.0
10116,ocgt,2030,62,12,12,0.0
10117,ocgt,2030,62,13,13,0.0
10118,ocgt,2030,62,14,14,0.0
10119,ocgt,2030,62,15,15,0.0
10120,ocgt,2030,62,16,16,0.0
10121,ocgt,2030,62,17,17,0.0
10122,ocgt,2030,62,18,18,0.0
10123,ocgt,2030,62,19,19,0.0
10124,ocgt,2030,62,20,20,0.0
10125,ocgt,2030,62,21,21,0.0
10126,ocgt,2030,62,22,22,0.0
10127,ocgt,2030,62,23,23,0.0
10128,ocgt,2030,62,24,24,0.0
10129,ocgt,2030,63,1,1,0.0
10130,ocgt,2030,63,2,2,0.0
10131,ocgt,2030,63,3,3,0.0
10132,ocgt,2030,63,4,4,0.0
10133,ocgt,2030,63,5,5,0.0
10134,ocgt,2030,63,6,6,0.0
10135,ocgt,2030,63,7,7,0.0
10136,ocgt,2030,63,8,8,0.0
10137,ocgt,2030,63,9,9,0.0
10138,ocgt,2030,63,10,10,0.0
10139,ocgt,2030,63,11,11,0.0
10140,ocgt,2030,63,12,12,0.0
10141,ocgt,2030,63,13,13,0.0
10142,ocgt,2030,63,14,14,0.0
10143,ocgt,2030,63,15,15,0.0
10144,ocgt,2030,63,16,16,0.0
10145,ocgt,2030,63,17,17,0.0
10146,ocgt,2030,63,18,18,0.0
10147,ocgt,2030,63,19,19,0.0
10148,ocgt,2030,63,20,20,0.0
10149,ocgt,2030,63,21,21,0.0
10150,ocgt,2030,63,22,22,0.0
10151,ocgt,2030,63,23,23,0.0
10152,ocgt,2030,63,24,24,0.0
10153,ocgt,2030,64,1,1,0.0
10154,ocgt,2030,64,2,2,0.0
10155,ocgt,2030,64,3,3,0.0
10156,ocgt,2030,64,4,4,0.0
10157,ocgt,2030,64,5,5,0.0
10158,ocgt,2030,64,6,6,0.0
10159,ocgt,2030,64,7,7,0.0
10160,ocgt,2030,64,8,8,0.0
10161,ocgt,2030,64,9,9,0.0
10162,ocgt,2030,64,10,10,0.0
10163,ocgt,2030,64,11,11,0.0
10164,ocgt,2030,64,12,12,0.0
10165,ocgt,2030,64,13,13,0.0
10166,ocgt,2030,64,14,14,0.0
10167,ocgt,2030,64,15,15,0.0
10168,ocgt,2030,64,16,16,0.0
10169,ocgt,2030,64,17,17,0.0
10170,ocgt,2030,64,18,18,0.0
10171,ocgt,2030,64,19,19,0.0
10172,ocgt,2030,64,20,20,0.0
10173,ocgt,2030,64,21,21,0.0
10174,ocgt,2030,64,22,22,0.0
10175,ocgt,2030,64,23,23,0.0
10176,ocgt,2030,64,24,24,0.0
10177,ocgt,2030,65,1,1,0.0
10178,ocgt,2030,65,2,2,0.0
10179,ocgt,2030,65,3,3,0.0
10180,ocgt,2030,65,4,4,0.0
10181,ocgt,2030,65,5,5,0.0
10182,ocgt,2030,65,6,6,0.0
10183,ocgt,2030,65,7,7,0.0
10184,ocgt,2030,65,8,8,0.0
10185,ocgt,2030,65,9,9,0.0
10186,ocgt,2030,65,10,10,0.0
10187,ocgt,2030,65,11,11,0.0
10188,ocgt,2030,65,12,12,0.0
10189,ocgt,2030,65,13,13,0.0
10190,ocgt,2030,65,14,14,0.0
10191,ocgt,2030,65,15,15,0.0
10192,ocgt,2030,65,16,16,0.0
10193,ocgt,2030,65,17,17,0.0
10194,ocgt,2030,65,18,18,0.0
10195,ocgt,2030,65,19,19,0.0
10196,ocgt,2030,65,20,20,0.0
10197,ocgt,2030,65,21,21,0.0
10198,ocgt,2030,65,22,22,0.0
10199,ocgt,2030,65,23,23,0.0
10200,ocgt,2030,65,24,24,0.0
10201,ocgt,2030,66,1,1,0.0
10202,ocgt,2030,66,2,2,0.0
10203,ocgt,2030,66,3,3,0.0
10204,ocgt,2030,66,4,4,0.0
10205,ocgt,2030,66,5,5,0.0
10206,ocgt,2030,66,6,6,0.0
10207,ocgt,2030,66,7,7,0.0
10208,ocgt,2030,66,8,8,0.0
10209,ocgt,2030,66,9,9,0.0
10210,ocgt,2030,66,10,10,0.0
10211,ocgt,2030,66,11,11,0.0
10212,ocgt,2030,66,12,12,0.0
10213,ocgt,2030,66,13,13,0.0
10214,ocgt,2030,66,14,14,0.0
10215,ocgt,2030,66,15,15,0.0
10216,ocgt,2030,66,16,16,0.0
10217,ocgt,2030,66,17,17,0.0
10218,ocgt,2030,66,18,18,0.0
10219,ocgt,2030,66,19,19,0.0
10220,ocgt,2030,66,20,20,0.0
10221,ocgt,2030,66,21,21,0.0
10222,ocgt,2030,66,22,22,0.0
10223,ocgt,2030,66,23,23,0.0
10224,ocgt,2030,66,24,24,0.0
10225,ocgt,2030,67,1,1,0.0
10226,ocgt,2030,67,2,2,0.0
10227,ocgt,2030,67,3,3,0.0
10228,ocgt,2030,67,4,4,0.0
10229,ocgt,2030,67,5,5,0.0
10230,ocgt,2030,67,6,6,0.0
10231,ocgt,2030,67,7,7,0.0
10232,ocgt,2030,67,8,8,0.0
10233,ocgt,2030,67,9,9,0.0
10234,ocgt,2030,67,10,10,0.0
10235,ocgt,2030,67,11,11,0.0
10236,ocgt,2030,67,12,12,0.0
10237,ocgt,2030,67,13,13,0.0
10238,ocgt,2030,67,14,14,0.0
10239,ocgt,2030,67,15,15,0.0
10240,ocgt,2030,67,16,16,0.0
10241,ocgt,2030,67,17,17,0.0
10242,ocgt,2030,67,18,18,0.0
10243,ocgt,2030,67,19,19,0.0
10244,ocgt,2030,67,20,20,0.0
10245,ocgt,2030,67,21,21,0.0
10246,ocgt,2030,67,22,22,0.0
10247,ocgt,2030,67,23,23,0.0
10248,ocgt,2030,67,24,24,0.0
10249,ocgt,2030,68,1,1,0.0
10250,ocgt,2030,68,2,2,0.0
10251,ocgt,2030,68,3,3,0.0
10252,ocgt,2030,68,4,4,0.0
10253,ocgt,2030,68,5,5,0.0
10254,ocgt,2030,68,6,6,0.0
10255,ocgt,2030,68,7,7,0.0
10256,ocgt,2030,68,8,8,0.0
10257,ocgt,2030,68,9,9,0.0
10258,ocgt,2030,68,10,10,0.0
10259,ocgt,2030,68,11,11,0.0
10260,ocgt,2030,68,12,12,0.0
10261,ocgt,2030,68,13,13,0.0
10262,ocgt,2030,68,14,14,0.0
10263,ocgt,2030,68,15,15,0.0
10264,ocgt,2030,68,16,16,0.0
10265,ocgt,2030,68,17,17,0.0
10266,ocgt,2030,68,18,18,0.0
10267,ocgt,2030,68,19,19,0.0
10268,ocgt,2030,68,20,20,0.0
10269,ocgt,2030,68,21,21,0.0
10270,ocgt,2030,68,22,22,0.0
10271,ocgt,2030,68,23,23,0.0
10272,ocgt,2030,68,24,24,0.0
10273,ocgt,2030,69,1,1,0.0
10274,ocgt,2030,69,2,2,0.0
10275,ocgt,2030,69,3,3,0.0
10276,ocgt,2030,69,4,4,0.0
10277,ocgt,2030,69,5,5,0.0
10278,ocgt,2030,69,6,6,0.0
10279,ocgt,2030,69,7,7,0.0
10280,ocgt,2030,69,8,8,0.0
10281,ocgt,2030,69,9,9,0.0
10282,ocgt,2030,69,10,10,0.0
10283,ocgt,2030,69,11,11,0.0
10284,ocgt,2030,69,12,12,0.0
10285,ocgt,2030,69,13,13,0.0
10286,ocgt,2030,69,14,14,0.0
10287,ocgt,2030,69,15,15,0.0
10288,ocgt,2030,69,16,16,0.0
10289,ocgt,2030,69,17,17,0.0
10290,ocgt,2030,69,18,18,0.0
10291,ocgt,2030,69,19,19,0.0
10292,ocgt,2030,69,20,20,0.0
10293,ocgt,2030,69,21,21,0.0
10294,ocgt,2030,69,22,22,0.0
10295,ocgt,2030,69,23,23,0.0
10296,ocgt,2030,69,24,24,0.0
10297,ocgt,2030,70,1,1,0.0
10298,ocgt,2030,70,2,2,0.0
10299,ocgt,2030,70,3,3,0.0
10300,ocgt,2030,70,4,4,0.0
10301,ocgt,2030,70,5,5,0.0
10302,ocgt,2030,70,6,6,0.0
10303,ocgt,2030,70,7,7,0.0
10304,ocgt,2030,70,8,8,0.0
10305,ocgt,2030,70,9,9,0.0
10306,ocgt,2030,70,10,10,0.0
10307,ocgt,2030,70,11,11,0.0
10308,ocgt,2030,70,12,12,0.0
10309,ocgt,2030,70,13,13,0.0
10310,ocgt,2030,70,14,14,0.0
10311,ocgt,2030,70,15,15,0.0
10312,ocgt,2030,70,16,16,0.0
10313,ocgt,2030,70,17,17,0.0
10314,ocgt,2030,70,18,18,0.0
10315,ocgt,2030,70,19,19,0.0
10316,ocgt,2030,70,20,20,0.0
10317,ocgt,2030,70,21,21,0.0
10318,ocgt,2030,70,22,22,0.0
10319,ocgt,2030,70,23,23,0.0
10320,ocgt,2030,70,24,24,0.0
10321,ocgt,2030,71,1,1,0.0
10322,ocgt,2030,71,2,2,0.0
10323,ocgt,2030,71,3,3,0.0
10324,ocgt,2030,71,4,4,0.0
10325,ocgt,2030,71,5,5,0.0
10326,ocgt,2030,71,6,6,0.0
10327,ocgt,2030,71,7,7,0.0
10328,ocgt,2030,71,8,8,0.0
10329,ocgt,2030,71,9,9,0.0
10330,ocgt,2030,71,10,10,0.0
10331,ocgt,2030,71,11,11,0.0
10332,ocgt,2030,71,12,12,0.0
10333,ocgt,2030,71,13,13,0.0
10334,ocgt,2030,71,14,14,0.0
10335,ocgt,2030,71,15,15,0.0
10336,ocgt,2030,71,16,16,0.0
10337,ocgt,2030,71,17,17,0.0
10338,ocgt,2030,71,18,18,0.0
10339,ocgt,2030,71,19,19,0.0
10340,ocgt,2030,71,20,20,0.0
10341,ocgt,2030,71,21,21,0.0
10342,ocgt,2030,71,22,22,0.0
10343,ocgt,2030,71,23,23,0.0
10344,ocgt,2030,71,24,24,0.0
10345,ocgt,2030,72,1,1,0.0
10346,ocgt,2030,72,2,2,0.0
10347,ocgt,2030,72,3,3,0.0
10348,ocgt,2030,72,4,4,0.0
10349,ocgt,2030,72,5,5,0.0
10350,ocgt,2030,72,6,6,0.0
10351,ocgt,2030,72,7,7,0.0
10352,ocgt,2030,72,8,8,0.0
10353,ocgt,2030,72,9,9,0.0
10354,ocgt,2030,72,10,10,0.0
10355,ocgt,2030,72,11,11,0.0
10356,ocgt,2030,72,12,12,0.0
10357,ocgt,2030,72,13,13,0.0
10358,ocgt,2030,72,14,14,0.0
10359,ocgt,2030,72,15,15,0.0
10360,ocgt,2030,72,16,16,0.0
10361,ocgt,2030,72,17,17,0.0
10362,ocgt,2030,72,18,18,0.0
10363,ocgt,2030,72,19,19,0.0
10364,ocgt,2030,72,20,20,0.0
10365,ocgt,2030,72,21,21,0.0
10366,ocgt,2030,72,22,22,0.0
10367,ocgt,2030,72,23,23,0.0
10368,ocgt,2030,72,24,24,0.0
10369,ocgt,2030,73,1,1,0.0
10370,ocgt,2030,73,2,2,0.0
10371,ocgt,2030,73,3,3,0.0
10372,ocgt,2030,73,4,4,0.0
10373,ocgt,2030,73,5,5,0.0
10374,ocgt,2030,73,6,6,0.0
10375,ocgt,2030,73,7,7,0.0
10376,ocgt,2030,73,8,8,0.0
10377,ocgt,2030,73,9,9,0.0
10378,ocgt,2030,73,10,10,0.0
10379,ocgt,2030,73,11,11,0.0
10380,ocgt,2030,73,12,12,0.0
10381,ocgt,2030,73,13,13,0.0
10382,ocgt,2030,73,14,14,0.0
10383,ocgt,2030,73,15,15,0.0
10384,ocgt,2030,73,16,16,0.0
10385,ocgt,2030,73,17,17,0.0
10386,ocgt,2030,73,18,18,0.0
10387,ocgt,2030,73,19,19,0.0
10388,ocgt,2030,73,20,20,0.0
10389,ocgt,2030,73,21,21,0.0
10390,ocgt,2030,73,22,22,0.0
10391,ocgt,2030,73,23,23,0.0
10392,ocgt,2030,73,24,24,0.0
10393,ocgt,2030,74,1,1,0.0
10394,ocgt,2030,74,2,2,0.0
10395,ocgt,2030,74,3,3,0.0
10396,ocgt,2030,74,4,4,0.0
10397,ocgt,2030,74,5,5,0.0
10398,ocgt,2030,74,6,6,0.0
10399,ocgt,2030,74,7,7,0.0
10400,ocgt,2030,74,8,8,0.0
10401,ocgt,2030,74,9,9,0.0
10402,ocgt,2030,74,10,10,0.0
10403,ocgt,2030,74,11,11,0.0
10404,ocgt,2030,74,12,12,0.0
10405,ocgt,2030,74,13,13,0.0
10406,ocgt,2030,74,14,14,0.0
10407,ocgt,2030,74,15,15,0.0
10408,ocgt,2030,74,16,16,0.0
10409,ocgt,2030,74,17,17,0.0
10410,ocgt,2030,74,18,18,0.0
10411,ocgt,2030,74,19,19,0.0
10412,ocgt,2030,74,20,20,0.0
10413,ocgt,2030,74,21,21,0.0
10414,ocgt,2030,74,22,22,0.0
10415,ocgt,2030,74,23,23,0.0
10416,ocgt,2030,74,24,24,0.0
10417,ocgt,2030,75,1,1,0.0
10418,ocgt,2030,75,2,2,0.0
10419,ocgt,2030,75,3,3,0.0
10420,ocgt,2030,75,4,4,0.0
10421,ocgt,2030,75,5,5,0.0
10422,ocgt,2030,75,6,6,0.0
10423,ocgt,2030,75,7,7,0.0
10424,ocgt,2030,75,8,8,0.0
10425,ocgt,2030,75,9,9,0.0
10426,ocgt,2030,75,10,10,0.0
10427,ocgt,2030,75,11,11,0.0
10428,ocgt,2030,75,12,12,-0.08162087260061446
10429,ocgt,2030,75,13,13,0.0
10430,ocgt,2030,75,14,14,0.0
10431,ocgt,2030,75,15,15,0.0
10432,ocgt,2030,75,16,16,0.0
10433,ocgt,2030,75,17,17,-9.988203756064667
10434,ocgt,2030,75,18,18,-9.988203756064667
10435,ocgt,2030,75,19,19,-9.988203756064667
10436,ocgt,2030,75,20,20,-9.988203756064667
10437,ocgt,2030,75,21,21,-9.988203756064667
10438,ocgt,2030,75,22,22,0.0
10439,ocgt,2030,75,23,23,0.0
10440,ocgt,2030,75,24,24,0.0
10441,ocgt,2030,76,1,1,0.0
10442,ocgt,2030,76,2,2,0.0
10443,ocgt,2030,76,3,3,0.0
10444,ocgt,2030,76,4,4,0.0
10445,ocgt,2030,76,5,5,0.0
10446,ocgt,2030,76,6,6,0.0
10447,ocgt,2030,76,7,7,0.0
10448,ocgt,2030,76,8,8,0.0
10449,ocgt,2030,76,9,9,0.0
10450,ocgt,2030,76,10,10,0.0
10451,ocgt,2030,76,11,11,0.0
10452,ocgt,2030,76,12,12,0.0
10453,ocgt,2030,76,13,13,0.0
10454,ocgt,2030,76,14,14,0.0
10455,ocgt,2030,76,15,15,0.0
10456,ocgt,2030,76,16,16,0.0
10457,ocgt,2030,76,17,17,0.0
10458,ocgt,2030,76,18,18,0.0
10459,ocgt,2030,76,19,19,0.0
10460,ocgt,2030,76,20,20,0.0
10461,ocgt,2030,76,21,21,0.0
10462,ocgt,2030,76,22,22,0.0
10463,ocgt,2030,76,23,23,0.0
10464,ocgt,2030,76,24,24,0.0
10465,ocgt,2030,77,1,1,0.0
10466,ocgt,2030,77,2,2,0.0
10467,ocgt,2030,77,3,3,0.0
10468,ocgt,2030,77,4,4,0.0
10469,ocgt,2030,77,5,5,0.0
10470,ocgt,2030,77,6,6,0.0
10471,ocgt,2030,77,7,7,0.0
10472,ocgt,2030,77,8,8,0.0
10473,ocgt,2030,77,9,9,0.0
10474,ocgt,2030,77,10,10,0.0
10475,ocgt,2030,77,11,11,0.0
10476,ocgt,2030,77,12,12,0.0
10477,ocgt,2030,77,13,13,0.0
10478,ocgt,2030,77,14,14,0.0
10479,ocgt,2030,77,15,15,0.0
10480,ocgt,2030,77,16,16,0.0
10481,ocgt,2030,77,17,17,0.0
10482,ocgt,2030,77,18,18,0.0
10483,ocgt,2030,77,19,19,0.0
10484,ocgt,2030,77,20,20,0.0
10485,ocgt,2030,77,21,21,0.0
10486,ocgt,2030,77,22,22,0.0
10487,ocgt,2030,77,23,23,0.0
10488,ocgt,2030,77,24,24,0.0
10489,ocgt,2030,78,1,1,0.0
10490,ocgt,2030,78,2,2,0.0
10491,ocgt,2030,78,3,3,0.0
10492,ocgt,2030,78,4,4,0.0
10493,ocgt,2030,78,5,5,0.0
10494,ocgt,2030,78,6,6,0.0
10495,ocgt,2030,78,7,7,0.0
10496,ocgt,2030,78,8,8,0.0
10497,ocgt,2030,78,9,9,0.0
10498,ocgt,2030,78,10,10,0.0
10499,ocgt,2030,78,11,11,0.0
10500,ocgt,2030,78,12,12,0.0
10501,ocgt,2030,78,13,13,0.0
10502,ocgt,2030,78,14,14,0.0
10503,ocgt,2030,78,15,15,0.0
10504,ocgt,2030,78,16,16,0.0
10505,ocgt,2030,78,17,17,0.0
10506,ocgt,2030,78,18,18,0.0
10507,ocgt,2030,78,19,19,0.0
10508,ocgt,2030,78,20,20,0.0
10509,ocgt,2030,78,21,21,0.0
10510,ocgt,2030,78,22,22,0.0
10511,ocgt,2030,78,23,23,0.0
10512,ocgt,2030,78,24,24,0.0
10513,ocgt,2030,79,1,1,0.0
10514,ocgt,2030,79,2,2,0.0
10515,ocgt,2030,79,3,3,0.0
10516,ocgt,2030,79,4,4,0.0
10517,ocgt,2030,79,5,5,0.0
10518,ocgt,2030,79,6,6,0.0
10519,ocgt,2030,79,7,7,0.0
10520,ocgt,2030,79,8,8,0.0
10521,ocgt,2030,79,9,9,0.0
10522,ocgt,2030,79,10,10,0.0
10523,ocgt,2030,79,11,11,0.0
10524,ocgt,2030,79,12,12,0.0
10525,ocgt,2030,79,13,13,0.0
10526,ocgt,2030,79,14,14,0.0
10527,ocgt,2030,79,15,15,0.0
10528,ocgt,2030,79,16,16,0.0
10529,ocgt,2030,79,17,17,0.0
10530,ocgt,2030,79,18,18,0.0
10531,ocgt,2030,79,19,19,0.0
10532,ocgt,2030,79,20,20,0.0
10533,ocgt,2030,79,21,21,0.0
10534,ocgt,2030,79,22,22,0.0
10535,ocgt,2030,79,23,23,0.0
10536,ocgt,2030,79,24,24,0.0
10537,ocgt,2030,80,1,1,0.0
10538,ocgt,2030,80,2,2,0.0
10539,ocgt,2030,80,3,3,0.0
10540,ocgt,2030,80,4,4,0.0
10541,ocgt,2030,80,5,5,0.0
10542,ocgt,2030,80,6,6,0.0
10543,ocgt,2030,80,7,7,0.0
10544,ocgt,2030,80,8,8,0.0
10545,ocgt,2030,80,9,9,0.0
10546,ocgt,2030,80,10,10,0.0
10547,ocgt,2030,80,11,11,0.0
10548,ocgt,2030,80,12,12,0.0
10549,ocgt,2030,80,13,13,0.0
10550,ocgt,2030,80,14,14,0.0
10551,ocgt,2030,80,15,15,0.0
10552,ocgt,2030,80,16,16,0.0
10553,ocgt,2030,80,17,17,0.0
10554,ocgt,2030,80,18,18,0.0
10555,ocgt,2030,80,19,19,0.0
10556,ocgt,2030,80,20,20,0.0
10557,ocgt,2030,80,21,21,0.0
10558,ocgt,2030,80,22,22,0.0
10559,ocgt,2030,80,23,23,0.0
10560,ocgt,2030,80,24,24,0.0
10561,ocgt,2030,81,1,1,0.0
10562,ocgt,2030,81,2,2,0.0
10563,ocgt,2030,81,3,3,0.0
10564,ocgt,2030,81,4,4,0.0
10565,ocgt,2030,81,5,5,0.0
10566,ocgt,2030,81,6,6,0.0
10567,ocgt,2030,81,7,7,0.0
10568,ocgt,2030,81,8,8,0.0
10569,ocgt,2030,81,9,9,0.0
10570,ocgt,2030,81,10,10,0.0
10571,ocgt,2030,81,11,11,0.0
10572,ocgt,2030,81,12,12,0.0
10573,ocgt,2030,81,13,13,0.0
10574,ocgt,2030,81,14,14,0.0
10575,ocgt,2030,81,15,15,0.0
10576,ocgt,2030,81,16,16,0.0
10577,ocgt,2030,81,17,17,0.0
10578,ocgt,2030,81,18,18,0.0
10579,ocgt,2030,81,19,19,0.0
10580,ocgt,2030,81,20,20,0.0
10581,ocgt,2030,81,21,21,0.0
10582,ocgt,2030,81,22,22,0.0
10583,ocgt,2030,81,23,23,0.0
10584,ocgt,2030,81,24,24,0.0
10585,ocgt,2030,82,1,1,0.0
10586,ocgt,2030,82,2,2,0.0
10587,ocgt,2030,82,3,3,0.0
10588,ocgt,2030,82,4,4,0.0
10589,ocgt,2030,82,5,5,0.0
10590,ocgt,2030,82,6,6,0.0
10591,ocgt,2030,82,7,7,0.0
10592,ocgt,2030,82,8,8,0.0
10593,ocgt,2030,82,9,9,0.0
10594,ocgt,2030,82,10,10,0.0
10595,ocgt,2030,82,11,11,0.0
10596,ocgt,2030,82,12,12,0.0
10597,ocgt,2030,82,13,13,0.0
10598,ocgt,2030,82,14,14,0.0
10599,ocgt,2030,82,15,15,0.0
10600,ocgt,2030,82,16,16,0.0
10601,ocgt,2030,82,17,17,0.0
10602,ocgt,2030,82,18,18,0.0
10603,ocgt,2030,82,19,19,0.0
10604,ocgt,2030,82,20,20,0.0
10605,ocgt,2030,82,21,21,0.0
10606,ocgt,2030,82,22,22,0.0
10607,ocgt,2030,82,23,23,0.0
10608,ocgt,2030,82,24,24,0.0
10609,ocgt,2030,83,1,1,0.0
10610,ocgt,2030,83,2,2,0.0
10611,ocgt,2030,83,3,3,0.0
10612,ocgt,2030,83,4,4,0.0
10613,ocgt,2030,83,5,5,0.0
10614,ocgt,2030,83,6,6,0.0
10615,ocgt,2030,83,7,7,0.0
10616,ocgt,2030,83,8,8,0.0
10617,ocgt,2030,83,9,9,0.0
10618,ocgt,2030,83,10,10,0.0
10619,ocgt,2030,83,11,11,0.0
10620,ocgt,2030,83,12,12,0.0
10621,ocgt,2030,83,13,13,0.0
10622,ocgt,2030,83,14,14,0.0
10623,ocgt,2030,83,15,15,0.0
10624,ocgt,2030,83,16,16,0.0
10625,ocgt,2030,83,17,17,0.0
10626,ocgt,2030,83,18,18,0.0
10627,ocgt,2030,83,19,19,0.0
10628,ocgt,2030,83,20,20,0.0
10629,ocgt,2030,83,21,21,0.0
10630,ocgt,2030,83,22,22,0.0
10631,ocgt,2030,83,23,23,0.0
10632,ocgt,2030,83,24,24,0.0
10633,ocgt,2030,84,1,1,0.0
10634,ocgt,2030,84,2,2,0.0
10635,ocgt,2030,84,3,3,0.0
10636,ocgt,2030,84,4,4,0.0
10637,ocgt,2030,84,5,5,0.0
10638,ocgt,2030,84,6,6,0.0
10639,ocgt,2030,84,7,7,0.0
10640,ocgt,2030,84,8,8,0.0
10641,ocgt,2030,84,9,9,0.0
10642,ocgt,2030,84,10,10,0.0
10643,ocgt,2030,84,11,11,0.0
10644,ocgt,2030,84,12,12,0.0
10645,ocgt,2030,84,13,13,0.0
10646,ocgt,2030,84,14,14,0.0
10647,ocgt,2030,84,15,15,0.0
10648,ocgt,2030,84,16,16,0.0
10649,ocgt,2030,84,17,17,0.0
10650,ocgt,2030,84,18,18,0.0
10651,ocgt,2030,84,19,19,0.0
10652,ocgt,2030,84,20,20,0.0
10653,ocgt,2030,84,21,21,0.0
10654,ocgt,2030,84,22,22,0.0
10655,ocgt,2030,84,23,23,0.0
10656,ocgt,2030,84,24,24,0.0
10657,ocgt,2030,85,1,1,0.0
10658,ocgt,2030,85,2,2,0.0
10659,ocgt,2030,85,3,3,0.0
10660,ocgt,2030,85,4,4,0.0
10661,ocgt,2030,85,5,5,0.0
10662,ocgt,2030,85,6,6,0.0
10663,ocgt,2030,85,7,7,0.0
10664,ocgt,2030,85,8,8,0.0
10665,ocgt,2030,85,9,9,0.0
10666,ocgt,2030,85,10,10,0.0
10667,ocgt,2030,85,11,11,0.0
10668,ocgt,2030,85,12,12,0.0
10669,ocgt,2030,85,13,13,0.0
10670,ocgt,2030,85,14,14,0.0
10671,ocgt,2030,85,15,15,0.0
10672,ocgt,2030,85,16,16,0.0
10673,ocgt,2030,85,17,17,0.0
10674,ocgt,2030,85,18,18,0.0
10675,ocgt,2030,85,19,19,0.0
10676,ocgt,2030,85,20,20,0.0
10677,ocgt,2030,85,21,21,0.0
10678,ocgt,2030,85,22,22,0.0
10679,ocgt,2030,85,23,23,0.0
10680,ocgt,2030,85,24,24,0.0
10681,ocgt,2030,86,1,1,0.0
10682,ocgt,2030,86,2,2,0.0
10683,ocgt,2030,86,3,3,0.0
10684,ocgt,2030,86,4,4,0.0
10685,ocgt,2030,86,5,5,0.0
10686,ocgt,2030,86,6,6,0.0
10687,ocgt,2030,86,7,7,0.0
10688,ocgt,2030,86,8,8,0.0
10689,ocgt,2030,86,9,9,0.0
10690,ocgt,2030,86,10,10,0.0
10691,ocgt,2030,86,11,11,0.0
10692,ocgt,2030,86,12,12,0.0
10693,ocgt,2030,86,13,13,0.0
10694,ocgt,2030,86,14,14,0.0
10695,ocgt,2030,86,15,15,0.0
10696,ocgt,2030,86,16,16,0.0
10697,ocgt,2030,86,17,17,0.0
10698,ocgt,2030,86,18,18,0.0
10699,ocgt,2030,86,19,19,0.0
10700,ocgt,2030,86,20,20,0.0
10701,ocgt,2030,86,21,21,0.0
10702,ocgt,2030,86,22,22,0.0
10703,ocgt,2030,86,23,23,0.0
10704,ocgt,2030,86,24,24,0.0
10705,ocgt,2030,87,1,1,0.0
10706,ocgt,2030,87,2,2,0.0
10707,ocgt,2030,87,3,3,0.0
10708,ocgt,2030,87,4,4,0.0
10709,ocgt,2030,87,5,5,0.0
10710,ocgt,2030,87,6,6,0.0
10711,ocgt,2030,87,7,7,0.0
10712,ocgt,2030,87,8,8,0.0
10713,ocgt,2030,87,9,9,0.0
10714,ocgt,2030,87,10,10,0.0
10715,ocgt,2030,87,11,11,0.0
10716,ocgt,2030,87,12,12,0.0
10717,ocgt,2030,87,13,13,0.0
10718,ocgt,2030,87,14,14,0.0
10719,ocgt,2030,87,15,15,0.0
10720,ocgt,2030,87,16,16,0.0
10721,ocgt,2030,87,17,17,0.0
10722,ocgt,2030,87,18,18,0.0
10723,ocgt,2030,87,19,19,0.0
10724,ocgt,2030,87,20,20,0.0
10725,ocgt,2030,87,21,21,0.0
10726,ocgt,2030,87,22,22,0.0
10727,ocgt,2030,87,23,23,0.0
10728,ocgt,2030,87,24,24,0.0
10729,ocgt,2030,88,1,1,0.0
10730,ocgt,2030,88,2,2,0.0
10731,ocgt,2030,88,3,3,0.0
10732,ocgt,2030,88,4,4,0.0
10733,ocgt,2030,88,5,5,0.0
10734,ocgt,2030,88,6,6,0.0
10735,ocgt,2030,88,7,7,0.0
10736,ocgt,2030,88,8,8,0.0
10737,ocgt,2030,88,9,9,0.0
10738,ocgt,2030,88,10,10,0.0
10739,ocgt,2030,88,11,11,0.0
10740,ocgt,2030,88,12,12,0.0
10741,ocgt,2030,88,13,13,0.0
10742,ocgt,2030,88,14,14,0.0
10743,ocgt,2030,88,15,15,0.0
10744,ocgt,2030,88,16,16,0.0
10745,ocgt,2030,88,17,17,0.0
10746,ocgt,2030,88,18,18,0.0
10747,ocgt,2030,88,19,19,0.0
10748,ocgt,2030,88,20,20,0.0
10749,ocgt,2030,88,21,21,0.0
10750,ocgt,2030,88,22,22,0.0
10751,ocgt,2030,88,23,23,0.0
10752,ocgt,2030,88,24,24,0.0
10753,ocgt,2030,89,1,1,0.0
10754,ocgt,2030,89,2,2,0.0
10755,ocgt,2030,89,3,3,0.0
10756,ocgt,2030,89,4,4,0.0
10757,ocgt,2030,89,5,5,0.0
10758,ocgt,2030,89,6,6,0.0
10759,ocgt,2030,89,7,7,0.0
10760,ocgt,2030,89,8,8,0.0
10761,ocgt,2030,89,9,9,0.0
10762,ocgt,2030,89,10,10,0.0
10763,ocgt,2030,89,11,11,0.0
10764,ocgt,2030,89,12,12,0.0
10765,ocgt,2030,89,13,13,0.0
10766,ocgt,2030,89,14,14,0.0
10767,ocgt,2030,89,15,15,0.0
10768,ocgt,2030,89,16,16,0.0
10769,ocgt,2030,89,17,17,0.0
10770,ocgt,2030,89,18,18,0.0
10771,ocgt,2030,89,19,19,0.0
10772,ocgt,2030,89,20,20,0.0
10773,ocgt,2030,89,21,21,0.0
10774,ocgt,2030,89,22,22,0.0
10775,ocgt,2030,89,23,23,0.0
10776,ocgt,2030,89,24,24,0.0
10777,ocgt,2030,90,1,1,0.0
10778,ocgt,2030,90,2,2,0.0
10779,ocgt,2030,90,3,3,0.0
10780,ocgt,2030,90,4,4,0.0
10781,ocgt,2030,90,5,5,0.0
10782,ocgt,2030,90,6,6,0.0
10783,ocgt,2030,90,7,7,0.0
10784,ocgt,2030,90,8,8,0.0
10785,ocgt,2030,90,9,9,0.0
10786,ocgt,2030,90,10,10,0.0
10787,ocgt,2030,90,11,11,0.0
10788,ocgt,2030,90,12,12,0.0
10789,ocgt,2030,90,13,13,0.0
10790,ocgt,2030,90,14,14,0.0
10791,ocgt,2030,90,15,15,0.0
10792,ocgt,2030,90,16,16,0.0
10793,ocgt,2030,90,17,17,0.0
10794,ocgt,2030,90,18,18,0.0
10795,ocgt,2030,90,19,19,0.0
10796,ocgt,2030,90,20,20,0.0
10797,ocgt,2030,90,21,21,0.0
10798,ocgt,2030,90,22,22,0.0
10799,ocgt,2030,90,23,23,0.0
10800,ocgt,2030,90,24,24,0.0
10801,solar,2030,1,1,1,-0.005086701878538102
10802,solar,2030,1,2,2,-0.005086701878538102
10803,solar,2030,1,3,3,-0.005086701878538102
10804,solar,2030,1,4,4,-0.005086701878538102
10805,solar,2030,1,5,5,-0.005086701878538102
10806,solar,2030,1,6,6,-0.005086701878538102
10807,solar,2030,1,7,7,-0.005086701878538102
10808,solar,2030,1,8,8,-0.005086701878538102
10809,solar,2030,1,9,9,-0.005086701878538102
10810,solar,2030,1,10,10,-0.005086701878538102
10811,solar,2030,1,11,11,-0.005086701878538102
10812,solar,2030,1,12,12,-0.005086701878538102
10813,solar,2030,1,13,13,-0.005086701878538102
10814,solar,2030,1,14,14,-0.005086701878538102
10815,solar,2030,1,15,15,-0.005086701878538102
10816,solar,2030,1,16,16,-0.005086701878538102
10817,solar,2030,1,17,17,-0.005086701878538102
10818,solar,2030,1,18,18,-0.005086701878538102
10819,solar,2030,1,19,19,-0.12716754696345256
10820,solar,2030,1,20,20,-0.12716754696345192
10821,solar,2030,1,21,21,-0.12716754696345256
10822,solar,2030,1,22,22,-0.12716754696345256
10823,solar,2030,1,23,23,-0.005086701878538102
10824,solar,2030,1,24,24,-0.005086701878538102
10825,solar,2030,2,1,1,-1.2953050905014338
10826,solar,2030,2,2,2,-1.2953050905014338
10827,solar,2030,2,3,3,-1.2953050905014338
10828,solar,2030,2,4,4,-1.2953050905014338
10829,solar,2030,2,5,5,-1.2953050905014338
10830,solar,2030,2,6,6,-1.2953050905014338
10831,solar,2030,2,7,7,-1.2953050905014338
10832,solar,2030,2,8,8,-1.2953050905014338
10833,solar,2030,2,9,9,-1.2953050905014338
10834,solar,2030,2,10,10,-1.2953050905014338
10835,solar,2030,2,11,11,-1.2953050905014338
10836,solar,2030,2,12,12,-1.2953050905014338
10837,solar,2030,2,13,13,-1.2953050905014338
10838,solar,2030,2,14,14,-1.2953050905014338
10839,solar,2030,2,15,15,-1.2953050905014338
10840,solar,2030,2,16,16,-1.2953050905014338
10841,solar,2030,2,17,17,-1.2953050905014338
10842,solar,2030,2,18,18,-1.2953050905014338
10843,solar,2030,2,19,19,-1.2953050905014338
10844,solar,2030,2,20,20,-1.2953050905014338
10845,solar,2030,2,21,21,-1.2953050905014338
10846,solar,2030,2,22,22,-1.2953050905014338
10847,solar,2030,2,23,23,-1.2953050905014338
10848,solar,2030,2,24,24,-1.2953050905014338
10849,solar,2030,3,1,1,-0.24328278717681467
10850,solar,2030,3,2,2,-0.24328278717681467
10851,solar,2030,3,3,3,-0.24328278717681467
10852,solar,2030,3,4,4,-0.24328278717681467
10853,solar,2030,3,5,5,-0.24328278717681467
10854,solar,2030,3,6,6,-0.24328278717681467
10855,solar,2030,3,7,7,-0.24328278717681467
10856,solar,2030,3,8,8,-0.24328278717681467
10857,solar,2030,3,9,9,-0.24328278717681467
10858,solar,2030,3,10,10,-0.24328278717681467
10859,solar,2030,3,11,11,-0.24328278717681467
10860,solar,2030,3,12,12,-0.24328278717681467
10861,solar,2030,3,13,13,-0.24328278717681467
10862,solar,2030,3,14,14,-0.24328278717681467
10863,solar,2030,3,15,15,-0.24328278717681467
10864,solar,2030,3,16,16,-0.24328278717681467
10865,solar,2030,3,17,17,-0.24328278717681467
10866,solar,2030,3,18,18,-0.3405959020475406
10867,solar,2030,3,19,19,-7.729053780578234
10868,solar,2030,3,20,20,-38.74685442428039
10869,solar,2030,3,21,21,-7.729053780578234
10870,solar,2030,3,22,22,-0.3405959020475406
10871,solar,2030,3,23,23,-0.3405959020475406
10872,solar,2030,3,24,24,-0.24328278717681467
10873,solar,2030,4,1,1,-0.0032641281348763733
10874,solar,2030,4,2,2,-0.0032641281348763733
10875,solar,2030,4,3,3,-0.0032641281348763733
10876,solar,2030,4,4,4,-0.0032641281348763733
10877,solar,2030,4,5,5,-0.0032641281348763733
10878,solar,2030,4,6,6,-0.0032641281348763733
10879,solar,2030,4,7,7,-0.0032641281348763733
10880,solar,2030,4,8,8,-0.0032641281348763733
10881,solar,2030,4,9,9,-0.0032641281348763733
10882,solar,2030,4,10,10,-0.0032641281348763733
10883,solar,2030,4,11,11,-0.0032641281348763733
10884,solar,2030,4,12,12,-0.0032641281348763733
10885,solar,2030,4,13,13,-0.0032641281348763733
10886,solar,2030,4,14,14,-0.0032641281348763733
10887,solar,2030,4,15,15,-0.0032641281348763733
10888,solar,2030,4,16,16,-0.0032641281348763733
10889,solar,2030,4,17,17,-0.0032641281348763733
10890,solar,2030,4,18,18,-0.0032641281348763733
10891,solar,2030,4,19,19,-0.0032641281348763733
10892,solar,2030,4,20,20,-0.0032641281348763733
10893,solar,2030,4,21,21,-0.0032641281348763733
10894,solar,2030,4,22,22,-0.0032641281348763733
10895,solar,2030,4,23,23,-0.0036167624763173115
10896,solar,2030,4,24,24,-0.0036167624763173115
10897,solar,2030,5,1,1,-0.10098825568454087
10898,solar,2030,5,2,2,-0.004039530227381635
10899,solar,2030,5,3,3,-0.004039530227381635
10900,solar,2030,5,4,4,-0.004039530227381635
10901,solar,2030,5,5,5,-0.004039530227381635
10902,solar,2030,5,6,6,-0.004039530227381635
10903,solar,2030,5,7,7,-0.004039530227381635
10904,solar,2030,5,8,8,-0.10098825568454087
10905,solar,2030,5,9,9,-0.10098825568454087
10906,solar,2030,5,10,10,-0.10098825568454087
10907,solar,2030,5,11,11,-0.10098825568454087
10908,solar,2030,5,12,12,-0.10098825568454087
10909,solar,2030,5,13,13,-0.10098825568454087
10910,solar,2030,5,14,14,-0.10098825568454087
10911,solar,2030,5,15,15,-0.10098825568454087
10912,solar,2030,5,16,16,-0.10098825568454087
10913,solar,2030,5,17,17,-0.10098825568454087
10914,solar,2030,5,18,18,-0.10098825568454087
10915,solar,2030,5,19,19,-0.10098825568454087
10916,solar,2030,5,20,20,-0.10098825568454087
10917,solar,2030,5,21,21,-0.10098825568454087
10918,solar,2030,5,22,22,-0.10098825568454087
10919,solar,2030,5,23,23,-0.10098825568454087
10920,solar,2030,5,24,24,-0.10098825568454087
10921,solar,2030,6,1,1,-0.169547933069341
10922,solar,2030,6,2,2,-0.169547933069341
10923,solar,2030,6,3,3,-0.169547933069341
10924,solar,2030,6,4,4,-0.169547933069341
10925,solar,2030,6,5,5,-0.169547933069341
10926,solar,2030,6,6,6,-0.169547933069341
10927,solar,2030,6,7,7,-0.169547933069341
10928,solar,2030,6,8,8,-0.169547933069341
10929,solar,2030,6,9,9,-0.169547933069341
10930,solar,2030,6,10,10,-0.169547933069341
10931,solar,2030,6,11,11,-0.169547933069341
10932,solar,2030,6,12,12,-0.169547933069341
10933,solar,2030,6,13,13,-0.16954793306934066
10934,solar,2030,6,14,14,-0.16954793306934066
10935,solar,2030,6,15,15,-0.169547933069341
10936,solar,2030,6,16,16,-0.169547933069341
10937,solar,2030,6,17,17,-0.169547933069341
10938,solar,2030,6,18,18,-0.169547933069341
10939,solar,2030,6,19,19,-0.169547933069341
10940,solar,2030,6,20,20,-0.169547933069341
10941,solar,2030,6,21,21,-0.169547933069341
10942,solar,2030,6,22,22,-0.169547933069341
10943,solar,2030,6,23,23,-0.169547933069341
10944,solar,2030,6,24,24,-0.169547933069341
10945,solar,2030,7,1,1,-0.11603635887407647
10946,solar,2030,7,2,2,-0.11603635887407647
10947,solar,2030,7,3,3,-0.11603635887407647
10948,solar,2030,7,4,4,-0.11603635887407647
10949,solar,2030,7,5,5,-0.11603635887407647
10950,solar,2030,7,6,6,-0.11603635887407647
10951,solar,2030,7,7,7,-0.11603635887407647
10952,solar,2030,7,8,8,-0.11603635887407647
10953,solar,2030,7,9,9,-0.004641454354963059
10954,solar,2030,7,10,10,-0.004641454354963059
10955,solar,2030,7,11,11,-0.004641454354963059
10956,solar,2030,7,12,12,-0.004641454354963059
10957,solar,2030,7,13,13,-0.004641454354963059
10958,solar,2030,7,14,14,-0.004641454354963059
10959,solar,2030,7,15,15,-0.004641454354963059
10960,solar,2030,7,16,16,-0.004641454354963059
10961,solar,2030,7,17,17,-0.004641454354963059
10962,solar,2030,7,18,18,-0.004641454354963059
10963,solar,2030,7,19,19,-0.11603635887407647
10964,solar,2030,7,20,20,-0.11603635887407647
10965,solar,2030,7,21,21,-0.11603635887407587
10966,solar,2030,7,22,22,-0.11603635887407647
10967,solar,2030,7,23,23,-0.11603635887407647
10968,solar,2030,7,24,24,-0.11603635887407647
10969,solar,2030,8,1,1,-0.005907422995213444
10970,solar,2030,8,2,2,-0.005907422995213444
10971,solar,2030,8,3,3,-0.005907422995213444
10972,solar,2030,8,4,4,-0.005907422995213444
10973,solar,2030,8,5,5,-0.005907422995213444
10974,solar,2030,8,6,6,-0.005907422995213444
10975,solar,2030,8,7,7,-0.005907422995213444
10976,solar,2030,8,8,8,-0.005907422995213444
10977,solar,2030,8,9,9,-0.005907422995213444
10978,solar,2030,8,10,10,-0.005907422995213444
10979,solar,2030,8,11,11,-0.005907422995213444
10980,solar,2030,8,12,12,-0.005907422995213444
10981,solar,2030,8,13,13,-0.005907422995213444
10982,solar,2030,8,14,14,-0.005907422995213444
10983,solar,2030,8,15,15,-0.005907422995213444
10984,solar,2030,8,16,16,-0.005907422995213444
10985,solar,2030,8,17,17,-0.005907422995213444
10986,solar,2030,8,18,18,-0.005907422995213444
10987,solar,2030,8,19,19,-0.005907422995213444
10988,solar,2030,8,20,20,-0.005907422995213444
10989,solar,2030,8,21,21,-0.005907422995213444
10990,solar,2030,8,22,22,-0.005907422995213444
10991,solar,2030,8,23,23,-0.005907422995213444
10992,solar,2030,8,24,24,-0.005907422995213444
10993,solar,2030,9,1,1,-0.00635696008040547
10994,solar,2030,9,2,2,-0.00635696008040547
10995,solar,2030,9,3,3,-0.00635696008040547
10996,solar,2030,9,4,4,-0.00635696008040547
10997,solar,2030,9,5,5,-0.00635696008040547
10998,solar,2030,9,6,6,-0.15892400201013676
10999,solar,2030,9,7,7,-0.15892400201013676
11000,solar,2030,9,8,8,-0.15892400201013676
11001,solar,2030,9,9,9,-0.15892400201013676
11002,solar,2030,9,10,10,-0.15892400201013676
11003,solar,2030,9,11,11,-0.15892400201013676
11004,solar,2030,9,12,12,-0.15892400201013676
11005,solar,2030,9,13,13,-0.15892400201013676
11006,solar,2030,9,14,14,-0.15892400201013676
11007,solar,2030,9,15,15,-0.15892400201013676
11008,solar,2030,9,16,16,-0.15892400201013676
11009,solar,2030,9,17,17,-0.15892400201013676
11010,solar,2030,9,18,18,-0.15892400201013676
11011,solar,2030,9,19,19,-0.15892400201013676
11012,solar,2030,9,20,20,-0.15892400201013676
11013,solar,2030,9,21,21,-0.15892400201013676
11014,solar,2030,9,22,22,-0.15892400201013676
11015,solar,2030,9,23,23,-0.15892400201013676
11016,solar,2030,9,24,24,-0.15892400201013676
11017,solar,2030,10,1,1,-0.0712664171231193
11018,solar,2030,10,2,2,-0.0712664171231193
11019,solar,2030,10,3,3,-0.0712664171231193
11020,solar,2030,10,4,4,-0.0712664171231193
11021,solar,2030,10,5,5,-0.0712664171231193
11022,solar,2030,10,6,6,-0.0712664171231193
11023,solar,2030,10,7,7,-0.0712664171231193
11024,solar,2030,10,8,8,-0.0712664171231193
11025,solar,2030,10,9,9,-0.0712664171231193
11026,solar,2030,10,10,10,-0.0712664171231193
11027,solar,2030,10,11,11,-0.0712664171231193
11028,solar,2030,10,12,12,-0.0712664171231193
11029,solar,2030,10,13,13,-0.0712664171231193
11030,solar,2030,10,14,14,-0.06431794145361518
11031,solar,2030,10,15,15,-0.0712664171231193
11032,solar,2030,10,16,16,-0.0712664171231193
11033,solar,2030,10,17,17,-0.0712664171231193
11034,solar,2030,10,18,18,-0.0712664171231193
11035,solar,2030,10,19,19,-0.0712664171231193
11036,solar,2030,10,20,20,-0.0712664171231193
11037,solar,2030,10,21,21,-0.0712664171231193
11038,solar,2030,10,22,22,-0.0712664171231193
11039,solar,2030,10,23,23,-0.0712664171231193
11040,solar,2030,10,24,24,-0.0712664171231193
11041,solar,2030,11,1,1,-0.07195335160439024
11042,solar,2030,11,2,2,-0.07195335160439024
11043,solar,2030,11,3,3,-0.07195335160439024
11044,solar,2030,11,4,4,-0.07195335160439024
11045,solar,2030,11,5,5,-0.07195335160439024
11046,solar,2030,11,6,6,-0.07195335160439024
11047,solar,2030,11,7,7,-0.07195335160439024
11048,solar,2030,11,8,8,-0.07195335160439024
11049,solar,2030,11,9,9,-0.07195335160439024
11050,solar,2030,11,10,10,-0.07195335160439024
11051,solar,2030,11,11,11,-0.07195335160439024
11052,solar,2030,11,12,12,-0.07195335160439024
11053,solar,2030,11,13,13,-0.07195335160439024
11054,solar,2030,11,14,14,-0.07195335160439024
11055,solar,2030,11,15,15,-0.07195335160439024
11056,solar,2030,11,16,16,-0.07195335160439024
11057,solar,2030,11,17,17,-0.07195335160439024
11058,solar,2030,11,18,18,-0.07195335160439024
11059,solar,2030,11,19,19,-0.07195335160439024
11060,solar,2030,11,20,20,-0.07195335160439024
11061,solar,2030,11,21,21,-0.07195335160439024
11062,solar,2030,11,22,22,-0.07195335160439024
11063,solar,2030,11,23,23,-0.07195335160439024
11064,solar,2030,11,24,24,-0.07195335160439024
11065,solar,2030,12,1,1,-1.4766429858363936
11066,solar,2030,12,2,2,-1.4766429858363936
11067,solar,2030,12,3,3,-1.4766429858363936
11068,solar,2030,12,4,4,-1.4766429858363936
11069,solar,2030,12,5,5,-1.4766429858363936
11070,solar,2030,12,6,6,-1.4766429858363936
11071,solar,2030,12,7,7,-1.4766429858363936
11072,solar,2030,12,8,8,-1.4766429858363936
11073,solar,2030,12,9,9,-1.4766429858363936
11074,solar,2030,12,10,10,-1.4766429858363934
11075,solar,2030,12,11,11,-1.4766429858363936
11076,solar,2030,12,12,12,-1.4766429858363936
11077,solar,2030,12,13,13,-1.4766429858363936
11078,solar,2030,12,14,14,-1.4766429858363936
11079,solar,2030,12,15,15,-1.4766429858363936
11080,solar,2030,12,16,16,-1.4766429858363936
11081,solar,2030,12,17,17,-1.4766429858363936
11082,solar,2030,12,18,18,-1.4766429858363936
11083,solar,2030,12,19,19,-1.8311143902950313
11084,solar,2030,12,20,20,-1.8311143902950313
11085,solar,2030,12,21,21,-1.8311143902950313
11086,solar,2030,12,22,22,-1.8311143902950313
11087,solar,2030,12,23,23,-1.4766429858363932
11088,solar,2030,12,24,24,-1.4766429858363936
11089,solar,2030,13,1,1,-0.18775934426182436
11090,solar,2030,13,2,2,-0.18775934426182436
11091,solar,2030,13,3,3,-0.18775934426182436
11092,solar,2030,13,4,4,-0.18775934426182436
11093,solar,2030,13,5,5,-0.18775934426182436
11094,solar,2030,13,6,6,-0.18775934426182436
11095,solar,2030,13,7,7,-0.18775934426182436
11096,solar,2030,13,8,8,-0.18775934426182436
11097,solar,2030,13,9,9,-0.18775934426182436
11098,solar,2030,13,10,10,-0.007510373770472974
11099,solar,2030,13,11,11,-0.007510373770472974
11100,solar,2030,13,12,12,-0.007510373770472974
11101,solar,2030,13,13,13,-0.007510373770472974
11102,solar,2030,13,14,14,-0.007510373770472974
11103,solar,2030,13,15,15,-0.007510373770472974
11104,solar,2030,13,16,16,-0.007510373770472974
11105,solar,2030,13,17,17,-0.007510373770472974
11106,solar,2030,13,18,18,-0.007510373770472974
11107,solar,2030,13,19,19,-0.18775934426182436
11108,solar,2030,13,20,20,-0.18775934426182436
11109,solar,2030,13,21,21,-0.18775934426182436
11110,solar,2030,13,22,22,-0.18775934426182378
11111,solar,2030,13,23,23,-0.18775934426182436
11112,solar,2030,13,24,24,-0.18775934426182378
11113,solar,2030,14,1,1,-0.0028468880554857515
11114,solar,2030,14,2,2,-0.0028468880554857515
11115,solar,2030,14,3,3,-0.0028468880554857515
11116,solar,2030,14,4,4,-0.0028468880554857515
11117,solar,2030,14,5,5,-0.0028468880554857515
11118,solar,2030,14,6,6,-0.0028468880554857515
11119,solar,2030,14,7,7,-0.0028468880554857515
11120,solar,2030,14,8,8,-0.0028468880554857515
11121,solar,2030,14,9,9,-0.0028468880554857515
11122,solar,2030,14,10,10,-0.0028468880554857515
11123,solar,2030,14,11,11,-0.0028468880554857515
11124,solar,2030,14,12,12,-0.0028468880554857515
11125,solar,2030,14,13,13,-0.0028468880554857515
11126,solar,2030,14,14,14,-0.0028468880554857515
11127,solar,2030,14,15,15,-0.0028468880554857515
11128,solar,2030,14,16,16,-0.0028468880554857515
11129,solar,2030,14,17,17,-0.0028468880554857515
11130,solar,2030,14,18,18,-0.0028468880554857515
11131,solar,2030,14,19,19,-0.0711722013871438
11132,solar,2030,14,20,20,-0.0711722013871438
11133,solar,2030,14,21,21,-0.07117220138714353
11134,solar,2030,14,22,22,-0.0711722013871438
11135,solar,2030,14,23,23,-0.0711722013871438
11136,solar,2030,14,24,24,-0.07117220138714353
11137,solar,2030,15,1,1,-0.1906202854811383
11138,solar,2030,15,2,2,-0.1906202854811383
11139,solar,2030,15,3,3,-0.1906202854811383
11140,solar,2030,15,4,4,-0.1906202854811383
11141,solar,2030,15,5,5,-0.1906202854811383
11142,solar,2030,15,6,6,-0.1906202854811383
11143,solar,2030,15,7,7,-0.1906202854811383
11144,solar,2030,15,8,8,-0.1906202854811383
11145,solar,2030,15,9,9,-0.1906202854811383
11146,solar,2030,15,10,10,-0.1906202854811383
11147,solar,2030,15,11,11,-0.1906202854811383
11148,solar,2030,15,12,12,-0.1906202854811383
11149,solar,2030,15,13,13,-0.1906202854811383
11150,solar,2030,15,14,14,-0.1906202854811383
11151,solar,2030,15,15,15,-0.1906202854811383
11152,solar,2030,15,16,16,-0.1906202854811383
11153,solar,2030,15,17,17,-0.1906202854811383
11154,solar,2030,15,18,18,-0.1906202854811383
11155,solar,2030,15,19,19,-0.1906202854811383
11156,solar,2030,15,20,20,-0.1906202854811383
11157,solar,2030,15,21,21,-0.1906202854811383
11158,solar,2030,15,22,22,-0.1906202854811383
11159,solar,2030,15,23,23,-0.1906202854811383
11160,solar,2030,15,24,24,-0.1906202854811383
11161,solar,2030,16,1,1,-0.47105579952934545
11162,solar,2030,16,2,2,-0.47105579952934545
11163,solar,2030,16,3,3,-0.47105579952934545
11164,solar,2030,16,4,4,-0.47105579952934545
11165,solar,2030,16,5,5,-0.47105579952934545
11166,solar,2030,16,6,6,-0.47105579952934545
11167,solar,2030,16,7,7,-0.47105579952934545
11168,solar,2030,16,8,8,-0.47105579952934545
11169,solar,2030,16,9,9,-0.47105579952934545
11170,solar,2030,16,10,10,-0.47105579952934545
11171,solar,2030,16,11,11,-0.47105579952934545
11172,solar,2030,16,12,12,-0.47105579952934545
11173,solar,2030,16,13,13,-0.47105579952934545
11174,solar,2030,16,14,14,-0.47105579952934545
11175,solar,2030,16,15,15,-0.47105579952934545
11176,solar,2030,16,16,16,-0.47105579952934545
11177,solar,2030,16,17,17,-0.47105579952934545
11178,solar,2030,16,18,18,-0.47105579952934545
11179,solar,2030,16,19,19,-0.47105579952934545
11180,solar,2030,16,20,20,-0.47105579952934545
11181,solar,2030,16,21,21,-0.47105579952934545
11182,solar,2030,16,22,22,-0.47105579952934545
11183,solar,2030,16,23,23,-0.47105579952934545
11184,solar,2030,16,24,24,-0.47105579952934545
11185,solar,2030,17,1,1,-0.1881317882382024
11186,solar,2030,17,2,2,-0.1881317882382024
11187,solar,2030,17,3,3,-0.1881317882382024
11188,solar,2030,17,4,4,-0.1881317882382024
11189,solar,2030,17,5,5,-0.1881317882382024
11190,solar,2030,17,6,6,-0.1881317882382024
11191,solar,2030,17,7,7,-0.1881317882382024
11192,solar,2030,17,8,8,-0.1881317882382024
11193,solar,2030,17,9,9,-0.1881317882382024
11194,solar,2030,17,10,10,-0.1881317882382024
11195,solar,2030,17,11,11,-0.1881317882382024
11196,solar,2030,17,12,12,-0.1881317882382024
11197,solar,2030,17,13,13,-0.1881317882382024
11198,solar,2030,17,14,14,-0.1881317882382024
11199,solar,2030,17,15,15,-0.1881317882382024
11200,solar,2030,17,16,16,-0.1881317882382024
11201,solar,2030,17,17,17,-0.1881317882382024
11202,solar,2030,17,18,18,-0.1881317882382024
11203,solar,2030,17,19,19,-0.1881317882382024
11204,solar,2030,17,20,20,-0.1881317882382024
11205,solar,2030,17,21,21,-0.1881317882382024
11206,solar,2030,17,22,22,-0.1881317882382024
11207,solar,2030,17,23,23,-0.1881317882382024
11208,solar,2030,17,24,24,-0.1881317882382024
11209,solar,2030,18,1,1,-0.0036655525150656055
11210,solar,2030,18,2,2,-0.0036655525150656055
11211,solar,2030,18,3,3,-0.0036655525150656055
11212,solar,2030,18,4,4,-0.0036655525150656055
11213,solar,2030,18,5,5,-0.0036655525150656055
11214,solar,2030,18,6,6,-0.0036655525150656055
11215,solar,2030,18,7,7,-0.0036655525150656055
11216,solar,2030,18,8,8,-0.0036655525150656055
11217,solar,2030,18,9,9,-0.0036655525150656055
11218,solar,2030,18,10,10,-0.0036655525150656055
11219,solar,2030,18,11,11,-0.0036655525150656055
11220,solar,2030,18,12,12,-0.0036655525150656055
11221,solar,2030,18,13,13,-0.0036655525150656055
11222,solar,2030,18,14,14,-0.0036655525150656055
11223,solar,2030,18,15,15,-0.0036655525150656055
11224,solar,2030,18,16,16,-0.0036655525150656055
11225,solar,2030,18,17,17,-0.0036655525150656055
11226,solar,2030,18,18,18,-0.0036655525150656055
11227,solar,2030,18,19,19,-0.0036655525150656055
11228,solar,2030,18,20,20,-0.0036655525150656055
11229,solar,2030,18,21,21,-0.0036655525150656055
11230,solar,2030,18,22,22,-0.0040615540333136906
11231,solar,2030,18,23,23,-0.0040615540333136906
11232,solar,2030,18,24,24,-0.09163881287663994
11233,solar,2030,19,1,1,-0.08030888192158825
11234,solar,2030,19,2,2,-0.08030888192158825
11235,solar,2030,19,3,3,-0.08030888192158825
11236,solar,2030,19,4,4,-0.08030888192158825
11237,solar,2030,19,5,5,-0.08030888192158825
11238,solar,2030,19,6,6,-0.08030888192158825
11239,solar,2030,19,7,7,-0.08030888192158825
11240,solar,2030,19,8,8,-0.08030888192158825
11241,solar,2030,19,9,9,-0.08030888192158825
11242,solar,2030,19,10,10,-0.08030888192158825
11243,solar,2030,19,11,11,-0.08030888192158825
11244,solar,2030,19,12,12,-0.0032123552768635296
11245,solar,2030,19,13,13,-0.0032123552768635296
11246,solar,2030,19,14,14,-0.0032123552768635296
11247,solar,2030,19,15,15,-0.0032123552768635296
11248,solar,2030,19,16,16,-0.0032123552768635296
11249,solar,2030,19,17,17,-0.0032123552768635296
11250,solar,2030,19,18,18,-0.08030888192158825
11251,solar,2030,19,19,19,-0.08030888192158825
11252,solar,2030,19,20,20,-0.08030888192158825
11253,solar,2030,19,21,21,-0.08030888192158825
11254,solar,2030,19,22,22,-0.08030888192158825
11255,solar,2030,19,23,23,-0.08030888192158825
11256,solar,2030,19,24,24,-0.08030888192158825
11257,solar,2030,20,1,1,-0.0030140050769310316
11258,solar,2030,20,2,2,-0.0030140050769310316
11259,solar,2030,20,3,3,-0.0030140050769310316
11260,solar,2030,20,4,4,-0.0030140050769310316
11261,solar,2030,20,5,5,-0.0030140050769310316
11262,solar,2030,20,6,6,-0.0030140050769310316
11263,solar,2030,20,7,7,-0.0030140050769310316
11264,solar,2030,20,8,8,-0.0030140050769310316
11265,solar,2030,20,9,9,-0.0030140050769310316
11266,solar,2030,20,10,10,-0.0030140050769310316
11267,solar,2030,20,11,11,-0.0030140050769310316
11268,solar,2030,20,12,12,-0.0030140050769310316
11269,solar,2030,20,13,13,-0.0030140050769310316
11270,solar,2030,20,14,14,-0.0030140050769310316
11271,solar,2030,20,15,15,-0.0030140050769310316
11272,solar,2030,20,16,16,-0.0030140050769310316
11273,solar,2030,20,17,17,-0.0030140050769310316
11274,solar,2030,20,18,18,-0.0030140050769310316
11275,solar,2030,20,19,19,-0.0030140050769310316
11276,solar,2030,20,20,20,-0.07535012692327579
11277,solar,2030,20,21,21,-0.07535012692327579
11278,solar,2030,20,22,22,-0.07535012692327579
11279,solar,2030,20,23,23,-0.0030140050769310316
11280,solar,2030,20,24,24,-0.0030140050769310316
11281,solar,2030,21,1,1,-0.055332691400082026
11282,solar,2030,21,2,2,-0.055332691400082026
11283,solar,2030,21,3,3,-0.055332691400082026
11284,solar,2030,21,4,4,-0.055332691400082026
11285,solar,2030,21,5,5,-0.055332691400082026
11286,solar,2030,21,6,6,-0.055332691400082026
11287,solar,2030,21,7,7,-0.055332691400082026
11288,solar,2030,21,8,8,-0.055332691400082026
11289,solar,2030,21,9,9,-0.055332691400082026
11290,solar,2030,21,10,10,-0.055332691400082026
11291,solar,2030,21,11,11,-0.055332691400082026
11292,solar,2030,21,12,12,-0.055332691400082026
11293,solar,2030,21,13,13,-0.002213307656003281
11294,solar,2030,21,14,14,-0.002213307656003281
11295,solar,2030,21,15,15,-0.002213307656003281
11296,solar,2030,21,16,16,-0.002213307656003281
11297,solar,2030,21,17,17,-0.055332691400082026
11298,solar,2030,21,18,18,-0.055332691400082026
11299,solar,2030,21,19,19,-0.055332691400082026
11300,solar,2030,21,20,20,-0.055332691400082026
11301,solar,2030,21,21,21,-0.055332691400082026
11302,solar,2030,21,22,22,-0.055332691400082026
11303,solar,2030,21,23,23,-0.055332691400082026
11304,solar,2030,21,24,24,-0.002213307656003281
11305,solar,2030,22,1,1,-0.11574533747764433
11306,solar,2030,22,2,2,-0.11574533747764433
11307,solar,2030,22,3,3,-0.11574533747764433
11308,solar,2030,22,4,4,-0.11574533747764433
11309,solar,2030,22,5,5,-0.11574533747764433
11310,solar,2030,22,6,6,-0.11574533747764433
11311,solar,2030,22,7,7,-0.11574533747764433
11312,solar,2030,22,8,8,-0.11574533747764433
11313,solar,2030,22,9,9,-0.11574533747764433
11314,solar,2030,22,10,10,-0.11574533747764433
11315,solar,2030,22,11,11,-0.004629813499105773
11316,solar,2030,22,12,12,-0.004629813499105773
11317,solar,2030,22,13,13,-0.004629813499105773
11318,solar,2030,22,14,14,-0.004629813499105773
11319,solar,2030,22,15,15,-0.004629813499105773
11320,solar,2030,22,16,16,-0.004629813499105773
11321,solar,2030,22,17,17,-0.004629813499105773
11322,solar,2030,22,18,18,-0.11574533747764433
11323,solar,2030,22,19,19,-0.11574533747764433
11324,solar,2030,22,20,20,-0.11574533747764433
11325,solar,2030,22,21,21,-0.11574533747764433
11326,solar,2030,22,22,22,-0.11574533747764433
11327,solar,2030,22,23,23,-0.11574533747764433
11328,solar,2030,22,24,24,-0.11574533747764433
11329,solar,2030,23,1,1,-0.20170790066867889
11330,solar,2030,23,2,2,-0.20170790066867889
11331,solar,2030,23,3,3,-0.20170790066867889
11332,solar,2030,23,4,4,-0.20170790066867889
11333,solar,2030,23,5,5,-0.20170790066867889
11334,solar,2030,23,6,6,-0.20170790066867889
11335,solar,2030,23,7,7,-0.20170790066867889
11336,solar,2030,23,8,8,-0.20170790066867889
11337,solar,2030,23,9,9,-0.20170790066867889
11338,solar,2030,23,10,10,-0.20170790066867889
11339,solar,2030,23,11,11,-0.20170790066867889
11340,solar,2030,23,12,12,-0.008068316026747156
11341,solar,2030,23,13,13,-0.008068316026747156
11342,solar,2030,23,14,14,-0.008068316026747156
11343,solar,2030,23,15,15,-0.008068316026747156
11344,solar,2030,23,16,16,-0.008068316026747156
11345,solar,2030,23,17,17,-0.008068316026747156
11346,solar,2030,23,18,18,-0.20170790066867889
11347,solar,2030,23,19,19,-0.20170790066867889
11348,solar,2030,23,20,20,-0.20170790066867889
11349,solar,2030,23,21,21,-0.20170790066867889
11350,solar,2030,23,22,22,-0.20170790066867889
11351,solar,2030,23,23,23,-0.2017079006686777
11352,solar,2030,23,24,24,-0.2017079006686777
11353,solar,2030,24,1,1,-0.6005154154834299
11354,solar,2030,24,2,2,-0.6005154154834299
11355,solar,2030,24,3,3,-0.6005154154834299
11356,solar,2030,24,4,4,-0.6005154154834299
11357,solar,2030,24,5,5,-0.6005154154834299
11358,solar,2030,24,6,6,-0.6005154154834299
11359,solar,2030,24,7,7,-0.6005154154834299
11360,solar,2030,24,8,8,-0.6005154154834299
11361,solar,2030,24,9,9,-0.6005154154834299
11362,solar,2030,24,10,10,-0.6005154154834299
11363,solar,2030,24,11,11,-0.6005154154834299
11364,solar,2030,24,12,12,-0.6005154154834299
11365,solar,2030,24,13,13,-0.6005154154834299
11366,solar,2030,24,14,14,-0.6005154154834299
11367,solar,2030,24,15,15,-0.6005154154834299
11368,solar,2030,24,16,16,-0.6005154154834299
11369,solar,2030,24,17,17,-0.6005154154834299
11370,solar,2030,24,18,18,-0.8407215816768019
11371,solar,2030,24,19,19,-0.8407215816768019
11372,solar,2030,24,20,20,-0.8407215816768019
11373,solar,2030,24,21,21,-0.8407215816768019
11374,solar,2030,24,22,22,-0.8407215816768018
11375,solar,2030,24,23,23,-0.6005154154834298
11376,solar,2030,24,24,24,-0.6005154154834298
11377,solar,2030,25,1,1,-0.0032948167157556833
11378,solar,2030,25,2,2,-0.0032948167157556833
11379,solar,2030,25,3,3,-0.0032948167157556833
11380,solar,2030,25,4,4,-0.0032948167157556833
11381,solar,2030,25,5,5,-0.0032948167157556833
11382,solar,2030,25,6,6,-0.0032948167157556833
11383,solar,2030,25,7,7,-0.0032948167157556833
11384,solar,2030,25,8,8,-0.0032948167157556833
11385,solar,2030,25,9,9,-0.0036507664440506185
11386,solar,2030,25,10,10,-0.0036507664440506185
11387,solar,2030,25,11,11,-0.0032948167157556833
11388,solar,2030,25,12,12,-0.0032948167157556833
11389,solar,2030,25,13,13,-0.0032948167157556833
11390,solar,2030,25,14,14,-0.0032948167157556833
11391,solar,2030,25,15,15,-0.0032948167157556833
11392,solar,2030,25,16,16,-0.0032948167157556833
11393,solar,2030,25,17,17,-0.08237041789389181
11394,solar,2030,25,18,18,-0.08237041789389209
11395,solar,2030,25,19,19,-0.08237041789389209
11396,solar,2030,25,20,20,-0.08237041789389209
11397,solar,2030,25,21,21,-0.08237041789389209
11398,solar,2030,25,22,22,-0.08237041789389209
11399,solar,2030,25,23,23,-0.08237041789389209
11400,solar,2030,25,24,24,-0.08237041789389209
11401,solar,2030,26,1,1,-0.08328452232936116
11402,solar,2030,26,2,2,-0.08328452232936116
11403,solar,2030,26,3,3,-0.08328452232936116
11404,solar,2030,26,4,4,-0.08328452232936116
11405,solar,2030,26,5,5,-0.08328452232936116
11406,solar,2030,26,6,6,-0.08328452232936116
11407,solar,2030,26,7,7,-0.08328452232936116
11408,solar,2030,26,8,8,-0.08328452232936116
11409,solar,2030,26,9,9,-0.08328452232936116
11410,solar,2030,26,10,10,-0.08328452232936116
11411,solar,2030,26,11,11,-0.08328452232936116
11412,solar,2030,26,12,12,-0.08328452232936116
11413,solar,2030,26,13,13,-0.08328452232936116
11414,solar,2030,26,14,14,-0.08328452232936116
11415,solar,2030,26,15,15,-0.08328452232936116
11416,solar,2030,26,16,16,-0.08328452232936116
11417,solar,2030,26,17,17,-0.08328452232936116
11418,solar,2030,26,18,18,-0.08328452232936116
11419,solar,2030,26,19,19,-0.08328452232936116
11420,solar,2030,26,20,20,-0.08328452232936116
11421,solar,2030,26,21,21,-0.08328452232936116
11422,solar,2030,26,22,22,-0.08328452232936116
11423,solar,2030,26,23,23,-0.08328452232936116
11424,solar,2030,26,24,24,-0.08328452232936116
11425,solar,2030,27,1,1,-0.006726632768727692
11426,solar,2030,27,2,2,-0.006726632768727692
11427,solar,2030,27,3,3,-0.006726632768727692
11428,solar,2030,27,4,4,-0.006726632768727692
11429,solar,2030,27,5,5,-0.006726632768727692
11430,solar,2030,27,6,6,-0.006726632768727692
11431,solar,2030,27,7,7,-0.006726632768727692
11432,solar,2030,27,8,8,-0.006726632768727692
11433,solar,2030,27,9,9,-0.006726632768727692
11434,solar,2030,27,10,10,-0.006726632768727692
11435,solar,2030,27,11,11,-0.006726632768727692
11436,solar,2030,27,12,12,-0.006726632768727692
11437,solar,2030,27,13,13,-0.006726632768727692
11438,solar,2030,27,14,14,-0.006726632768727692
11439,solar,2030,27,15,15,-0.006726632768727692
11440,solar,2030,27,16,16,-0.006726632768727692
11441,solar,2030,27,17,17,-0.006726632768727692
11442,solar,2030,27,18,18,-0.006726632768727692
11443,solar,2030,27,19,19,-0.006726632768727692
11444,solar,2030,27,20,20,-0.006726632768727692
11445,solar,2030,27,21,21,-0.006726632768727692
11446,solar,2030,27,22,22,-0.006726632768727692
11447,solar,2030,27,23,23,-0.006726632768727692
11448,solar,2030,27,24,24,-0.006726632768727692
11449,solar,2030,28,1,1,-0.5434743928103484
11450,solar,2030,28,2,2,-0.5434743928103484
11451,solar,2030,28,3,3,-0.5434743928103484
11452,solar,2030,28,4,4,-0.5434743928103484
11453,solar,2030,28,5,5,-0.5434743928103484
11454,solar,2030,28,6,6,-0.5434743928103484
11455,solar,2030,28,7,7,-0.5434743928103484
11456,solar,2030,28,8,8,-0.5434743928103484
11457,solar,2030,28,9,9,-0.5434743928103484
11458,solar,2030,28,10,10,-0.5434743928103484
11459,solar,2030,28,11,11,-0.5434743928103484
11460,solar,2030,28,12,12,-0.5434743928103484
11461,solar,2030,28,13,13,-0.5434743928103484
11462,solar,2030,28,14,14,-0.5434743928103484
11463,solar,2030,28,15,15,-0.5434743928103484
11464,solar,2030,28,16,16,-0.5434743928103484
11465,solar,2030,28,17,17,-0.5434743928103484
11466,solar,2030,28,18,18,-0.5434743928103484
11467,solar,2030,28,19,19,-0.5434743928103484
11468,solar,2030,28,20,20,-0.5434743928103484
11469,solar,2030,28,21,21,-0.5434743928103484
11470,solar,2030,28,22,22,-0.5434743928103484
11471,solar,2030,28,23,23,-0.5434743928103484
11472,solar,2030,28,24,24,-0.5434743928103484
11473,solar,2030,29,1,1,-0.15116979237186268
11474,solar,2030,29,2,2,-0.15116979237186268
11475,solar,2030,29,3,3,-0.15116979237186268
11476,solar,2030,29,4,4,-0.15116979237186268
11477,solar,2030,29,5,5,-0.15116979237186268
11478,solar,2030,29,6,6,-0.15116979237186234
11479,solar,2030,29,7,7,-0.15116979237186268
11480,solar,2030,29,8,8,-0.15116979237186268
11481,solar,2030,29,9,9,-0.15116979237186268
11482,solar,2030,29,10,10,-0.15116979237186268
11483,solar,2030,29,11,11,-0.15116979237186268
11484,solar,2030,29,12,12,-0.15116979237186268
11485,solar,2030,29,13,13,-0.15116979237186268
11486,solar,2030,29,14,14,-0.15116979237186268
11487,solar,2030,29,15,15,-0.15116979237186234
11488,solar,2030,29,16,16,-0.15116979237186268
11489,solar,2030,29,17,17,-0.15116979237186268
11490,solar,2030,29,18,18,-0.15116979237186268
11491,solar,2030,29,19,19,-0.15116979237186268
11492,solar,2030,29,20,20,-0.15116979237186268
11493,solar,2030,29,21,21,-0.15116979237186268
11494,solar,2030,29,22,22,-0.15116979237186268
11495,solar,2030,29,23,23,-0.15116979237186268
11496,solar,2030,29,24,24,-0.15116979237186268
11497,solar,2030,30,1,1,-0.12870311768149623
11498,solar,2030,30,2,2,-0.12870311768149623
11499,solar,2030,30,3,3,-0.12870311768149623
11500,solar,2030,30,4,4,-0.12870311768149623
11501,solar,2030,30,5,5,-0.12870311768149623
11502,solar,2030,30,6,6,-0.12870311768149623
11503,solar,2030,30,7,7,-0.12870311768149623
11504,solar,2030,30,8,8,-0.12870311768149623
11505,solar,2030,30,9,9,-0.12870311768149623
11506,solar,2030,30,10,10,-0.12870311768149623
11507,solar,2030,30,11,11,-0.005148124707259849
11508,solar,2030,30,12,12,-0.005148124707259849
11509,solar,2030,30,13,13,-0.005148124707259849
11510,solar,2030,30,14,14,-0.005148124707259849
11511,solar,2030,30,15,15,-0.005148124707259849
11512,solar,2030,30,16,16,-0.005148124707259849
11513,solar,2030,30,17,17,-0.12870311768149623
11514,solar,2030,30,18,18,-0.12870311768149623
11515,solar,2030,30,19,19,-0.12870311768149623
11516,solar,2030,30,20,20,-0.12870311768149623
11517,solar,2030,30,21,21,-0.12870311768149623
11518,solar,2030,30,22,22,-0.12870311768149623
11519,solar,2030,30,23,23,-0.12870311768149623
11520,solar,2030,30,24,24,-0.12870311768149623
11521,solar,2030,31,1,1,-0.1795136616157545
11522,solar,2030,31,2,2,-0.1795136616157545
11523,solar,2030,31,3,3,-0.1795136616157545
11524,solar,2030,31,4,4,-0.1795136616157545
11525,solar,2030,31,5,5,-0.1795136616157545
11526,solar,2030,31,6,6,-0.1795136616157545
11527,solar,2030,31,7,7,-0.1795136616157545
11528,solar,2030,31,8,8,-0.1795136616157545
11529,solar,2030,31,9,9,-0.1795136616157545
11530,solar,2030,31,10,10,-0.1795136616157545
11531,solar,2030,31,11,11,-0.1795136616157545
11532,solar,2030,31,12,12,-0.17951366161575424
11533,solar,2030,31,13,13,-0.16201107960821842
11534,solar,2030,31,14,14,-0.16201107960821842
11535,solar,2030,31,15,15,-0.17951366161575424
11536,solar,2030,31,16,16,-0.1795136616157545
11537,solar,2030,31,17,17,-0.1795136616157545
11538,solar,2030,31,18,18,-0.1795136616157545
11539,solar,2030,31,19,19,-0.1795136616157545
11540,solar,2030,31,20,20,-0.1795136616157545
11541,solar,2030,31,21,21,-0.1795136616157545
11542,solar,2030,31,22,22,-0.1795136616157545
11543,solar,2030,31,23,23,-0.1795136616157545
11544,solar,2030,31,24,24,-0.1795136616157545
11545,solar,2030,32,1,1,-0.0039003701071574585
11546,solar,2030,32,2,2,-0.0039003701071574585
11547,solar,2030,32,3,3,-0.0039003701071574585
11548,solar,2030,32,4,4,-0.0039003701071574585
11549,solar,2030,32,5,5,-0.0039003701071574585
11550,solar,2030,32,6,6,-0.0039003701071574585
11551,solar,2030,32,7,7,-0.0039003701071574585
11552,solar,2030,32,8,8,-0.0039003701071574585
11553,solar,2030,32,9,9,-0.0039003701071574585
11554,solar,2030,32,10,10,-0.0039003701071574585
11555,solar,2030,32,11,11,-0.0039003701071574585
11556,solar,2030,32,12,12,-0.0039003701071574585
11557,solar,2030,32,13,13,-0.0039003701071574585
11558,solar,2030,32,14,14,-0.0039003701071574585
11559,solar,2030,32,15,15,-0.0039003701071574585
11560,solar,2030,32,16,16,-0.0039003701071574585
11561,solar,2030,32,17,17,-0.0039003701071574585
11562,solar,2030,32,18,18,-0.0039003701071574585
11563,solar,2030,32,19,19,-0.09750925267893647
11564,solar,2030,32,20,20,-0.09750925267893622
11565,solar,2030,32,21,21,-0.09750925267893647
11566,solar,2030,32,22,22,-0.09750925267893623
11567,solar,2030,32,23,23,-0.09750925267893647
11568,solar,2030,32,24,24,-0.09750925267893623
11569,solar,2030,33,1,1,-0.003068264259828695
11570,solar,2030,33,2,2,-0.003068264259828695
11571,solar,2030,33,3,3,-0.003068264259828695
11572,solar,2030,33,4,4,-0.003068264259828695
11573,solar,2030,33,5,5,-0.003068264259828695
11574,solar,2030,33,6,6,-0.07670660649571706
11575,solar,2030,33,7,7,-0.07670660649571737
11576,solar,2030,33,8,8,-0.07670660649571737
11577,solar,2030,33,9,9,-0.07670660649571737
11578,solar,2030,33,10,10,-0.07670660649571737
11579,solar,2030,33,11,11,-0.003068264259828695
11580,solar,2030,33,12,12,-0.003068264259828695
11581,solar,2030,33,13,13,-0.003068264259828695
11582,solar,2030,33,14,14,-0.003068264259828695
11583,solar,2030,33,15,15,-0.003068264259828695
11584,solar,2030,33,16,16,-0.07670660649571737
11585,solar,2030,33,17,17,-0.07670660649571737
11586,solar,2030,33,18,18,-0.07670660649571737
11587,solar,2030,33,19,19,-0.07670660649571737
11588,solar,2030,33,20,20,-0.07670660649571737
11589,solar,2030,33,21,21,-0.07670660649571737
11590,solar,2030,33,22,22,-0.07670660649571737
11591,solar,2030,33,23,23,-0.07670660649571737
11592,solar,2030,33,24,24,-0.07670660649571737
11593,solar,2030,34,1,1,-0.08441714992506236
11594,solar,2030,34,2,2,-0.08441714992506236
11595,solar,2030,34,3,3,-0.08441714992506236
11596,solar,2030,34,4,4,-0.08441714992506236
11597,solar,2030,34,5,5,-0.08441714992506236
11598,solar,2030,34,6,6,-0.08441714992506236
11599,solar,2030,34,7,7,-0.08441714992506236
11600,solar,2030,34,8,8,-0.08441714992506236
11601,solar,2030,34,9,9,-0.08441714992506236
11602,solar,2030,34,10,10,-0.003376685997002494
11603,solar,2030,34,11,11,-0.003376685997002494
11604,solar,2030,34,12,12,-0.003376685997002494
11605,solar,2030,34,13,13,-0.003376685997002494
11606,solar,2030,34,14,14,-0.003376685997002494
11607,solar,2030,34,15,15,-0.003376685997002494
11608,solar,2030,34,16,16,-0.003376685997002494
11609,solar,2030,34,17,17,-0.003376685997002494
11610,solar,2030,34,18,18,-0.003376685997002494
11611,solar,2030,34,19,19,-0.003376685997002494
11612,solar,2030,34,20,20,-0.08441714992506236
11613,solar,2030,34,21,21,-0.08441714992506236
11614,solar,2030,34,22,22,-0.08441714992506236
11615,solar,2030,34,23,23,-0.003376685997002494
11616,solar,2030,34,24,24,-0.003376685997002494
11617,solar,2030,35,1,1,-0.05672135723736138
11618,solar,2030,35,2,2,-0.05672135723736138
11619,solar,2030,35,3,3,-0.05672135723736138
11620,solar,2030,35,4,4,-0.05672135723736138
11621,solar,2030,35,5,5,-0.05672135723736138
11622,solar,2030,35,6,6,-0.05672135723736138
11623,solar,2030,35,7,7,-0.05672135723736138
11624,solar,2030,35,8,8,-0.05672135723736116
11625,solar,2030,35,9,9,-0.002268854289494455
11626,solar,2030,35,10,10,-0.002268854289494455
11627,solar,2030,35,11,11,-0.002268854289494455
11628,solar,2030,35,12,12,-0.002268854289494455
11629,solar,2030,35,13,13,-0.002268854289494455
11630,solar,2030,35,14,14,-0.002268854289494455
11631,solar,2030,35,15,15,-0.002268854289494455
11632,solar,2030,35,16,16,-0.002268854289494455
11633,solar,2030,35,17,17,-0.002268854289494455
11634,solar,2030,35,18,18,-0.002268854289494455
11635,solar,2030,35,19,19,-0.05672135723736138
11636,solar,2030,35,20,20,-0.05672135723736138
11637,solar,2030,35,21,21,-0.05672135723736138
11638,solar,2030,35,22,22,-0.05672135723736138
11639,solar,2030,35,23,23,-0.05672135723736138
11640,solar,2030,35,24,24,-0.05672135723736138
11641,solar,2030,36,1,1,-0.3543066635232235
11642,solar,2030,36,2,2,-0.3543066635232235
11643,solar,2030,36,3,3,-0.3543066635232235
11644,solar,2030,36,4,4,-0.3543066635232235
11645,solar,2030,36,5,5,-0.3543066635232235
11646,solar,2030,36,6,6,-0.3543066635232235
11647,solar,2030,36,7,7,-0.3543066635232235
11648,solar,2030,36,8,8,-0.3543066635232235
11649,solar,2030,36,9,9,-0.3543066635232235
11650,solar,2030,36,10,10,-0.3543066635232235
11651,solar,2030,36,11,11,-0.3543066635232235
11652,solar,2030,36,12,12,-0.3543066635232235
11653,solar,2030,36,13,13,-0.3543066635232235
11654,solar,2030,36,14,14,-0.3543066635232235
11655,solar,2030,36,15,15,-0.3543066635232235
11656,solar,2030,36,16,16,-0.3543066635232235
11657,solar,2030,36,17,17,-0.3543066635232235
11658,solar,2030,36,18,18,-0.3543066635232235
11659,solar,2030,36,19,19,-0.3543066635232235
11660,solar,2030,36,20,20,-0.3543066635232235
11661,solar,2030,36,21,21,-0.3543066635232235
11662,solar,2030,36,22,22,-0.3543066635232235
11663,solar,2030,36,23,23,-0.3543066635232235
11664,solar,2030,36,24,24,-0.3543066635232235
11665,solar,2030,37,1,1,-0.21667136148702398
11666,solar,2030,37,2,2,-0.21667136148702398
11667,solar,2030,37,3,3,-0.21667136148702398
11668,solar,2030,37,4,4,-0.21667136148702398
11669,solar,2030,37,5,5,-0.21667136148702398
11670,solar,2030,37,6,6,-0.21667136148702398
11671,solar,2030,37,7,7,-0.21667136148702398
11672,solar,2030,37,8,8,-0.21667136148702398
11673,solar,2030,37,9,9,-0.21667136148702398
11674,solar,2030,37,10,10,-0.21667136148702398
11675,solar,2030,37,11,11,-0.21667136148702398
11676,solar,2030,37,12,12,-0.008666854459480958
11677,solar,2030,37,13,13,-0.008666854459480958
11678,solar,2030,37,14,14,-0.008666854459480958
11679,solar,2030,37,15,15,-0.008666854459480958
11680,solar,2030,37,16,16,-0.21667136148702398
11681,solar,2030,37,17,17,-0.21667136148702398
11682,solar,2030,37,18,18,-0.21667136148702398
11683,solar,2030,37,19,19,-0.21667136148702398
11684,solar,2030,37,20,20,-0.21667136148702398
11685,solar,2030,37,21,21,-0.21667136148702398
11686,solar,2030,37,22,22,-0.21667136148702398
11687,solar,2030,37,23,23,-0.21667136148702398
11688,solar,2030,37,24,24,-0.21667136148702398
11689,solar,2030,38,1,1,-0.15251155071307976
11690,solar,2030,38,2,2,-0.15251155071307976
11691,solar,2030,38,3,3,-0.15251155071307976
11692,solar,2030,38,4,4,-0.15251155071307976
11693,solar,2030,38,5,5,-0.15251155071307976
11694,solar,2030,38,6,6,-0.15251155071307976
11695,solar,2030,38,7,7,-0.15251155071307976
11696,solar,2030,38,8,8,-0.15251155071307976
11697,solar,2030,38,9,9,-0.15251155071307976
11698,solar,2030,38,10,10,-0.15251155071307976
11699,solar,2030,38,11,11,-0.15251155071307976
11700,solar,2030,38,12,12,-0.15251155071307976
11701,solar,2030,38,13,13,-0.15251155071307976
11702,solar,2030,38,14,14,-0.15251155071307976
11703,solar,2030,38,15,15,-0.15251155071307976
11704,solar,2030,38,16,16,-0.15251155071307976
11705,solar,2030,38,17,17,-0.15251155071307976
11706,solar,2030,38,18,18,-0.15251155071307976
11707,solar,2030,38,19,19,-0.15251155071307976
11708,solar,2030,38,20,20,-0.15251155071307976
11709,solar,2030,38,21,21,-0.15251155071307976
11710,solar,2030,38,22,22,-0.15251155071307976
11711,solar,2030,38,23,23,-0.15251155071307976
11712,solar,2030,38,24,24,-0.15251155071307976
11713,solar,2030,39,1,1,-0.0615044958645917
11714,solar,2030,39,2,2,-0.0615044958645917
11715,solar,2030,39,3,3,-0.0615044958645917
11716,solar,2030,39,4,4,-0.0615044958645917
11717,solar,2030,39,5,5,-0.0615044958645917
11718,solar,2030,39,6,6,-0.06814902588874393
11719,solar,2030,39,7,7,-0.06814902588874427
11720,solar,2030,39,8,8,-0.06814902588874427
11721,solar,2030,39,9,9,-0.06814902588874427
11722,solar,2030,39,10,10,-0.002725961035549771
11723,solar,2030,39,11,11,-0.002725961035549771
11724,solar,2030,39,12,12,-0.002725961035549771
11725,solar,2030,39,13,13,-0.002725961035549771
11726,solar,2030,39,14,14,-0.002725961035549771
11727,solar,2030,39,15,15,-0.002725961035549771
11728,solar,2030,39,16,16,-0.002725961035549771
11729,solar,2030,39,17,17,-0.002725961035549771
11730,solar,2030,39,18,18,-0.06814902588874427
11731,solar,2030,39,19,19,-0.06814902588874427
11732,solar,2030,39,20,20,-0.06814902588874427
11733,solar,2030,39,21,21,-0.06814902588874427
11734,solar,2030,39,22,22,-0.06814902588874427
11735,solar,2030,39,23,23,-0.06814902588874427
11736,solar,2030,39,24,24,-0.06814902588874427
11737,solar,2030,40,1,1,-0.1545708024795275
11738,solar,2030,40,2,2,-0.1545708024795275
11739,solar,2030,40,3,3,-0.1545708024795275
11740,solar,2030,40,4,4,-0.1545708024795275
11741,solar,2030,40,5,5,-0.1545708024795275
11742,solar,2030,40,6,6,-0.1545708024795275
11743,solar,2030,40,7,7,-0.1545708024795275
11744,solar,2030,40,8,8,-0.1545708024795275
11745,solar,2030,40,9,9,-0.1545708024795275
11746,solar,2030,40,10,10,-0.1545708024795275
11747,solar,2030,40,11,11,-0.1545708024795275
11748,solar,2030,40,12,12,-0.1545708024795275
11749,solar,2030,40,13,13,-0.1545708024795275
11750,solar,2030,40,14,14,-0.1545708024795275
11751,solar,2030,40,15,15,-0.1545708024795275
11752,solar,2030,40,16,16,-0.1545708024795275
11753,solar,2030,40,17,17,-0.1545708024795275
11754,solar,2030,40,18,18,-0.1545708024795275
11755,solar,2030,40,19,19,-0.1545708024795275
11756,solar,2030,40,20,20,-0.1545708024795275
11757,solar,2030,40,21,21,-0.1545708024795275
11758,solar,2030,40,22,22,-0.1545708024795275
11759,solar,2030,40,23,23,-0.1545708024795275
11760,solar,2030,40,24,24,-0.1545708024795275
11761,solar,2030,41,1,1,-0.18308220873796766
11762,solar,2030,41,2,2,-0.18308220873796766
11763,solar,2030,41,3,3,-0.18308220873796766
11764,solar,2030,41,4,4,-0.18308220873796766
11765,solar,2030,41,5,5,-0.18308220873796766
11766,solar,2030,41,6,6,-0.18308220873796766
11767,solar,2030,41,7,7,-0.18308220873796766
11768,solar,2030,41,8,8,-0.18308220873796766
11769,solar,2030,41,9,9,-0.18308220873796766
11770,solar,2030,41,10,10,-0.18308220873796766
11771,solar,2030,41,11,11,-0.18308220873796766
11772,solar,2030,41,12,12,-0.18308220873796766
11773,solar,2030,41,13,13,-0.18308220873796766
11774,solar,2030,41,14,14,-0.18308220873796766
11775,solar,2030,41,15,15,-0.18308220873796766
11776,solar,2030,41,16,16,-0.18308220873796766
11777,solar,2030,41,17,17,-0.18308220873796766
11778,solar,2030,41,18,18,-0.18308220873796732
11779,solar,2030,41,19,19,-0.18308220873796732
11780,solar,2030,41,20,20,-0.2028611731168613
11781,solar,2030,41,21,21,-0.2028611731168613
11782,solar,2030,41,22,22,-0.18308220873796766
11783,solar,2030,41,23,23,-0.18308220873796766
11784,solar,2030,41,24,24,-0.18308220873796766
11785,solar,2030,42,1,1,-0.3116324303633194
11786,solar,2030,42,2,2,-0.3116324303633194
11787,solar,2030,42,3,3,-0.3116324303633194
11788,solar,2030,42,4,4,-0.3116324303633194
11789,solar,2030,42,5,5,-0.3116324303633194
11790,solar,2030,42,6,6,-0.3116324303633194
11791,solar,2030,42,7,7,-0.3116324303633194
11792,solar,2030,42,8,8,-0.3116324303633194
11793,solar,2030,42,9,9,-0.3116324303633194
11794,solar,2030,42,10,10,-0.3116324303633194
11795,solar,2030,42,11,11,-0.3116324303633194
11796,solar,2030,42,12,12,-0.3116324303633194
11797,solar,2030,42,13,13,-0.3116324303633194
11798,solar,2030,42,14,14,-0.3116324303633194
11799,solar,2030,42,15,15,-0.3116324303633194
11800,solar,2030,42,16,16,-0.3116324303633194
11801,solar,2030,42,17,17,-0.3116324303633194
11802,solar,2030,42,18,18,-0.3116324303633194
11803,solar,2030,42,19,19,-0.3116324303633177
11804,solar,2030,42,20,20,-0.3116324303633194
11805,solar,2030,42,21,21,-0.3116324303633194
11806,solar,2030,42,22,22,-0.3116324303633194
11807,solar,2030,42,23,23,-0.3116324303633194
11808,solar,2030,42,24,24,-0.3116324303633194
11809,solar,2030,43,1,1,-0.06859612161076314
11810,solar,2030,43,2,2,-0.06859612161076314
11811,solar,2030,43,3,3,-0.06859612161076314
11812,solar,2030,43,4,4,-0.06859612161076314
11813,solar,2030,43,5,5,-0.06859612161076314
11814,solar,2030,43,6,6,-0.06859612161076314
11815,solar,2030,43,7,7,-0.06859612161076314
11816,solar,2030,43,8,8,-0.06859612161076314
11817,solar,2030,43,9,9,-0.06859612161076314
11818,solar,2030,43,10,10,-0.06859612161076314
11819,solar,2030,43,11,11,-0.06859612161076314
11820,solar,2030,43,12,12,-0.06859612161076314
11821,solar,2030,43,13,13,-0.06859612161076314
11822,solar,2030,43,14,14,-0.06859612161076314
11823,solar,2030,43,15,15,-0.06859612161076314
11824,solar,2030,43,16,16,-0.06859612161076299
11825,solar,2030,43,17,17,-0.06859612161076314
11826,solar,2030,43,18,18,-0.06859612161076314
11827,solar,2030,43,19,19,-0.06859612161076314
11828,solar,2030,43,20,20,-0.06859612161076314
11829,solar,2030,43,21,21,-0.06859612161076314
11830,solar,2030,43,22,22,-0.06859612161076314
11831,solar,2030,43,23,23,-0.06859612161076314
11832,solar,2030,43,24,24,-0.06859612161076314
11833,solar,2030,44,1,1,-0.06767133752997274
11834,solar,2030,44,2,2,-0.06767133752997274
11835,solar,2030,44,3,3,-0.06767133752997274
11836,solar,2030,44,4,4,-0.06767133752997274
11837,solar,2030,44,5,5,-0.06767133752997274
11838,solar,2030,44,6,6,-0.06767133752997274
11839,solar,2030,44,7,7,-0.06767133752997274
11840,solar,2030,44,8,8,-0.06767133752997274
11841,solar,2030,44,9,9,-0.06767133752997274
11842,solar,2030,44,10,10,-0.06767133752997274
11843,solar,2030,44,11,11,-0.06767133752997274
11844,solar,2030,44,12,12,-0.0027068535011989096
11845,solar,2030,44,13,13,-0.0027068535011989096
11846,solar,2030,44,14,14,-0.0027068535011989096
11847,solar,2030,44,15,15,-0.0027068535011989096
11848,solar,2030,44,16,16,-0.0027068535011989096
11849,solar,2030,44,17,17,-0.0027068535011989096
11850,solar,2030,44,18,18,-0.0027068535011989096
11851,solar,2030,44,19,19,-0.06767133752997274
11852,solar,2030,44,20,20,-0.06767133752997274
11853,solar,2030,44,21,21,-0.06767133752997274
11854,solar,2030,44,22,22,-0.06767133752997274
11855,solar,2030,44,23,23,-0.0027068535011989096
11856,solar,2030,44,24,24,-0.0027068535011989096
11857,solar,2030,45,1,1,-0.004560782751341573
11858,solar,2030,45,2,2,-0.004560782751341573
11859,solar,2030,45,3,3,-0.004560782751341573
11860,solar,2030,45,4,4,-0.004560782751341573
11861,solar,2030,45,5,5,-0.11401956878353935
11862,solar,2030,45,6,6,-0.11401956878353935
11863,solar,2030,45,7,7,-0.11401956878353935
11864,solar,2030,45,8,8,-0.11401956878353935
11865,solar,2030,45,9,9,-0.11401956878353935
11866,solar,2030,45,10,10,-0.11401956878353935
11867,solar,2030,45,11,11,-0.11401956878353935
11868,solar,2030,45,12,12,-0.11401956878353935
11869,solar,2030,45,13,13,-0.11401956878353935
11870,solar,2030,45,14,14,-0.11401956878353935
11871,solar,2030,45,15,15,-0.11401956878353935
11872,solar,2030,45,16,16,-0.11401956878353935
11873,solar,2030,45,17,17,-0.11401956878353935
11874,solar,2030,45,18,18,-0.11401956878353935
11875,solar,2030,45,19,19,-0.11401956878353935
11876,solar,2030,45,20,20,-0.11401956878353935
11877,solar,2030,45,21,21,-0.11401956878353901
11878,solar,2030,45,22,22,-0.11401956878353935
11879,solar,2030,45,23,23,-0.11401956878353935
11880,solar,2030,45,24,24,-0.11401956878353935
11881,solar,2030,46,1,1,-0.1683297903965714
11882,solar,2030,46,2,2,-0.1683297903965714
11883,solar,2030,46,3,3,-0.1683297903965714
11884,solar,2030,46,4,4,-0.1683297903965714
11885,solar,2030,46,5,5,-0.1683297903965714
11886,solar,2030,46,6,6,-0.1683297903965714
11887,solar,2030,46,7,7,-0.1683297903965714
11888,solar,2030,46,8,8,-0.1683297903965714
11889,solar,2030,46,9,9,-0.1683297903965714
11890,solar,2030,46,10,10,-0.1683297903965714
11891,solar,2030,46,11,11,-0.1683297903965714
11892,solar,2030,46,12,12,-0.1683297903965714
11893,solar,2030,46,13,13,-0.16832979039657092
11894,solar,2030,46,14,14,-0.15191763583290568
11895,solar,2030,46,15,15,-0.1683297903965714
11896,solar,2030,46,16,16,-0.1683297903965714
11897,solar,2030,46,17,17,-0.1683297903965714
11898,solar,2030,46,18,18,-0.1683297903965714
11899,solar,2030,46,19,19,-0.1683297903965714
11900,solar,2030,46,20,20,-0.1683297903965714
11901,solar,2030,46,21,21,-0.1683297903965714
11902,solar,2030,46,22,22,-0.1683297903965714
11903,solar,2030,46,23,23,-0.1683297903965714
11904,solar,2030,46,24,24,-0.1683297903965714
11905,solar,2030,47,1,1,-0.055226921562302383
11906,solar,2030,47,2,2,-0.055226921562302383
11907,solar,2030,47,3,3,-0.055226921562302383
11908,solar,2030,47,4,4,-0.055226921562302383
11909,solar,2030,47,5,5,-0.055226921562302383
11910,solar,2030,47,6,6,-0.055226921562302383
11911,solar,2030,47,7,7,-0.055226921562302383
11912,solar,2030,47,8,8,-0.055226921562302383
11913,solar,2030,47,9,9,-0.055226921562302383
11914,solar,2030,47,10,10,-0.055226921562302383
11915,solar,2030,47,11,11,-0.055226921562302383
11916,solar,2030,47,12,12,-0.055226921562302383
11917,solar,2030,47,13,13,-0.055226921562302383
11918,solar,2030,47,14,14,-0.049842296709977904
11919,solar,2030,47,15,15,-0.049842296709977904
11920,solar,2030,47,16,16,-0.049842296709977904
11921,solar,2030,47,17,17,-0.055226921562302383
11922,solar,2030,47,18,18,-0.055226921562302383
11923,solar,2030,47,19,19,-0.055226921562302383
11924,solar,2030,47,20,20,-0.055226921562302383
11925,solar,2030,47,21,21,-0.055226921562302383
11926,solar,2030,47,22,22,-0.055226921562302383
11927,solar,2030,47,23,23,-0.055226921562302383
11928,solar,2030,47,24,24,-0.055226921562302383
11929,solar,2030,48,1,1,-0.06630524231231738
11930,solar,2030,48,2,2,-0.06630524231231738
11931,solar,2030,48,3,3,-0.06630524231231738
11932,solar,2030,48,4,4,-0.06630524231231738
11933,solar,2030,48,5,5,-0.06630524231231738
11934,solar,2030,48,6,6,-0.06630524231231738
11935,solar,2030,48,7,7,-0.06630524231231738
11936,solar,2030,48,8,8,-0.06630524231231738
11937,solar,2030,48,9,9,-0.06630524231231738
11938,solar,2030,48,10,10,-0.06630524231231738
11939,solar,2030,48,11,11,-0.06630524231231738
11940,solar,2030,48,12,12,-0.002652209692492695
11941,solar,2030,48,13,13,-0.002652209692492695
11942,solar,2030,48,14,14,-0.002652209692492695
11943,solar,2030,48,15,15,-0.002652209692492695
11944,solar,2030,48,16,16,-0.002652209692492695
11945,solar,2030,48,17,17,-0.0663052423123171
11946,solar,2030,48,18,18,-0.06630524231231738
11947,solar,2030,48,19,19,-0.06630524231231738
11948,solar,2030,48,20,20,-0.06630524231231738
11949,solar,2030,48,21,21,-0.06630524231231738
11950,solar,2030,48,22,22,-0.0663052423123171
11951,solar,2030,48,23,23,-0.0663052423123171
11952,solar,2030,48,24,24,-0.06630524231231738
11953,solar,2030,49,1,1,-0.0807702186482236
11954,solar,2030,49,2,2,-0.0807702186482236
11955,solar,2030,49,3,3,-0.0807702186482236
11956,solar,2030,49,4,4,-0.0807702186482236
11957,solar,2030,49,5,5,-0.0807702186482236
11958,solar,2030,49,6,6,-0.08077021864822317
11959,solar,2030,49,7,7,-0.0807702186482236
11960,solar,2030,49,8,8,-0.0807702186482236
11961,solar,2030,49,9,9,-0.0807702186482236
11962,solar,2030,49,10,10,-0.0807702186482236
11963,solar,2030,49,11,11,-0.0807702186482236
11964,solar,2030,49,12,12,-0.003230808745928944
11965,solar,2030,49,13,13,-0.003230808745928944
11966,solar,2030,49,14,14,-0.003230808745928944
11967,solar,2030,49,15,15,-0.003230808745928944
11968,solar,2030,49,16,16,-0.003230808745928944
11969,solar,2030,49,17,17,-0.003230808745928944
11970,solar,2030,49,18,18,-0.003230808745928944
11971,solar,2030,49,19,19,-0.0035798434857938436
11972,solar,2030,49,20,20,-0.0035798434857938436
11973,solar,2030,49,21,21,-0.0035798434857938436
11974,solar,2030,49,22,22,-0.003230808745928944
11975,solar,2030,49,23,23,-0.003230808745928944
11976,solar,2030,49,24,24,-0.003230808745928944
11977,solar,2030,50,1,1,-0.20362130329411243
11978,solar,2030,50,2,2,-0.20362130329411243
11979,solar,2030,50,3,3,-0.20362130329411243
11980,solar,2030,50,4,4,-0.20362130329411243
11981,solar,2030,50,5,5,-0.20362130329411243
11982,solar,2030,50,6,6,-0.20362130329411243
11983,solar,2030,50,7,7,-0.20362130329411243
11984,solar,2030,50,8,8,-0.20362130329411243
11985,solar,2030,50,9,9,-0.20362130329411243
11986,solar,2030,50,10,10,-0.20362130329411243
11987,solar,2030,50,11,11,-0.20362130329411243
11988,solar,2030,50,12,12,-0.20362130329411243
11989,solar,2030,50,13,13,-0.20362130329411243
11990,solar,2030,50,14,14,-0.20362130329411243
11991,solar,2030,50,15,15,-0.20362130329411243
11992,solar,2030,50,16,16,-0.20362130329411243
11993,solar,2030,50,17,17,-0.20362130329411243
11994,solar,2030,50,18,18,-0.20362130329411243
11995,solar,2030,50,19,19,-0.20362130329411243
11996,solar,2030,50,20,20,-0.20362130329411243
11997,solar,2030,50,21,21,-0.20362130329411243
11998,solar,2030,50,22,22,-0.20362130329411243
11999,solar,2030,50,23,23,-0.20362130329411243
12000,solar,2030,50,24,24,-0.20362130329411243
12001,solar,2030,51,1,1,-0.1613619291393949
12002,solar,2030,51,2,2,-0.1613619291393949
12003,solar,2030,51,3,3,-0.1613619291393949
12004,solar,2030,51,4,4,-0.1613619291393949
12005,solar,2030,51,5,5,-0.1613619291393949
12006,solar,2030,51,6,6,-0.1613619291393949
12007,solar,2030,51,7,7,-0.1613619291393949
12008,solar,2030,51,8,8,-0.1613619291393949
12009,solar,2030,51,9,9,-0.1613619291393949
12010,solar,2030,51,10,10,-0.1613619291393949
12011,solar,2030,51,11,11,-0.006454477165575795
12012,solar,2030,51,12,12,-0.006454477165575795
12013,solar,2030,51,13,13,-0.006454477165575795
12014,solar,2030,51,14,14,-0.006454477165575795
12015,solar,2030,51,15,15,-0.006454477165575795
12016,solar,2030,51,16,16,-0.1613619291393949
12017,solar,2030,51,17,17,-0.1613619291393949
12018,solar,2030,51,18,18,-0.1613619291393949
12019,solar,2030,51,19,19,-0.1613619291393949
12020,solar,2030,51,20,20,-0.1613619291393949
12021,solar,2030,51,21,21,-0.1613619291393949
12022,solar,2030,51,22,22,-0.1613619291393949
12023,solar,2030,51,23,23,-0.1613619291393949
12024,solar,2030,51,24,24,-0.1613619291393949
12025,solar,2030,52,1,1,-0.09141758129235064
12026,solar,2030,52,2,2,-0.09141758129235115
12027,solar,2030,52,3,3,-0.08250436711634646
12028,solar,2030,52,4,4,-0.08250436711634646
12029,solar,2030,52,5,5,-0.08250436711634646
12030,solar,2030,52,6,6,-0.09141758129235115
12031,solar,2030,52,7,7,-0.09141758129235115
12032,solar,2030,52,8,8,-0.09141758129235115
12033,solar,2030,52,9,9,-0.09141758129235115
12034,solar,2030,52,10,10,-0.09141758129235064
12035,solar,2030,52,11,11,-0.003656703251694046
12036,solar,2030,52,12,12,-0.003656703251694046
12037,solar,2030,52,13,13,-0.003656703251694046
12038,solar,2030,52,14,14,-0.003656703251694046
12039,solar,2030,52,15,15,-0.003656703251694046
12040,solar,2030,52,16,16,-0.003656703251694046
12041,solar,2030,52,17,17,-0.09141758129235115
12042,solar,2030,52,18,18,-0.09141758129235115
12043,solar,2030,52,19,19,-0.09141758129235115
12044,solar,2030,52,20,20,-0.09141758129235115
12045,solar,2030,52,21,21,-0.09141758129235115
12046,solar,2030,52,22,22,-0.09141758129235115
12047,solar,2030,52,23,23,-0.09141758129235115
12048,solar,2030,52,24,24,-0.09141758129235115
12049,solar,2030,53,1,1,-0.18701883221332882
12050,solar,2030,53,2,2,-0.18701883221332882
12051,solar,2030,53,3,3,-0.18701883221332882
12052,solar,2030,53,4,4,-0.18701883221332882
12053,solar,2030,53,5,5,-0.18701883221332882
12054,solar,2030,53,6,6,-0.18701883221332882
12055,solar,2030,53,7,7,-0.18701883221332882
12056,solar,2030,53,8,8,-0.18701883221332882
12057,solar,2030,53,9,9,-0.18701883221332882
12058,solar,2030,53,10,10,-0.18701883221332882
12059,solar,2030,53,11,11,-0.18701883221332882
12060,solar,2030,53,12,12,-0.18701883221332882
12061,solar,2030,53,13,13,-0.16878449607252907
12062,solar,2030,53,14,14,-0.16878449607252904
12063,solar,2030,53,15,15,-0.16878449607252904
12064,solar,2030,53,16,16,-0.16878449607252907
12065,solar,2030,53,17,17,-0.18701883221332857
12066,solar,2030,53,18,18,-0.18701883221332857
12067,solar,2030,53,19,19,-0.18701883221332882
12068,solar,2030,53,20,20,-0.18701883221332882
12069,solar,2030,53,21,21,-0.18701883221332857
12070,solar,2030,53,22,22,-0.18701883221332882
12071,solar,2030,53,23,23,-0.1870188322133286
12072,solar,2030,53,24,24,-0.18701883221332882
12073,solar,2030,54,1,1,-0.23283789997427795
12074,solar,2030,54,2,2,-0.23283789997427795
12075,solar,2030,54,3,3,-0.23283789997427795
12076,solar,2030,54,4,4,-0.23283789997427795
12077,solar,2030,54,5,5,-0.23283789997427795
12078,solar,2030,54,6,6,-0.23283789997427795
12079,solar,2030,54,7,7,-0.23283789997427795
12080,solar,2030,54,8,8,-0.23283789997427795
12081,solar,2030,54,9,9,-0.23283789997427795
12082,solar,2030,54,10,10,-0.23283789997427795
12083,solar,2030,54,11,11,-0.23283789997427795
12084,solar,2030,54,12,12,-0.23283789997427795
12085,solar,2030,54,13,13,-0.23283789997427795
12086,solar,2030,54,14,14,-0.23283789997427795
12087,solar,2030,54,15,15,-0.23283789997427795
12088,solar,2030,54,16,16,-0.23283789997427795
12089,solar,2030,54,17,17,-0.23283789997427795
12090,solar,2030,54,18,18,-0.23283789997427795
12091,solar,2030,54,19,19,-0.23283789997427795
12092,solar,2030,54,20,20,-0.23283789997427795
12093,solar,2030,54,21,21,-0.257992132935488
12094,solar,2030,54,22,22,-0.23283789997427795
12095,solar,2030,54,23,23,-0.23283789997427795
12096,solar,2030,54,24,24,-0.23283789997427706
12097,solar,2030,55,1,1,-0.3148510933109939
12098,solar,2030,55,2,2,-0.3148510933109939
12099,solar,2030,55,3,3,-0.3148510933109939
12100,solar,2030,55,4,4,-0.3148510933109939
12101,solar,2030,55,5,5,-0.3148510933109939
12102,solar,2030,55,6,6,-0.31485109331099415
12103,solar,2030,55,7,7,-0.3148510933109939
12104,solar,2030,55,8,8,-0.3148510933109939
12105,solar,2030,55,9,9,-0.3148510933109939
12106,solar,2030,55,10,10,-0.3148510933109939
12107,solar,2030,55,11,11,-0.3148510933109939
12108,solar,2030,55,12,12,-0.3148510933109939
12109,solar,2030,55,13,13,-0.3148510933109939
12110,solar,2030,55,14,14,-0.3148510933109939
12111,solar,2030,55,15,15,-0.3148510933109939
12112,solar,2030,55,16,16,-0.3148510933109939
12113,solar,2030,55,17,17,-0.3148510933109939
12114,solar,2030,55,18,18,-0.3148510933109939
12115,solar,2030,55,19,19,-0.3148510933109939
12116,solar,2030,55,20,20,-0.3148510933109939
12117,solar,2030,55,21,21,-0.3148510933109939
12118,solar,2030,55,22,22,-0.3148510933109939
12119,solar,2030,55,23,23,-0.3148510933109939
12120,solar,2030,55,24,24,-0.3148510933109939
12121,solar,2030,56,1,1,-0.10528119860295951
12122,solar,2030,56,2,2,-0.10528119860295951
12123,solar,2030,56,3,3,-0.10528119860295951
12124,solar,2030,56,4,4,-0.10528119860295951
12125,solar,2030,56,5,5,-0.10528119860295951
12126,solar,2030,56,6,6,-0.10528119860295951
12127,solar,2030,56,7,7,-0.10528119860295951
12128,solar,2030,56,8,8,-0.10528119860295951
12129,solar,2030,56,9,9,-0.10528119860295951
12130,solar,2030,56,10,10,-0.10528119860295951
12131,solar,2030,56,11,11,-0.10528119860295951
12132,solar,2030,56,12,12,-0.10528119860295951
12133,solar,2030,56,13,13,-0.10528119860295951
12134,solar,2030,56,14,14,-0.10528119860295951
12135,solar,2030,56,15,15,-0.10528119860295912
12136,solar,2030,56,16,16,-0.10528119860295951
12137,solar,2030,56,17,17,-0.10528119860295951
12138,solar,2030,56,18,18,-0.10528119860295951
12139,solar,2030,56,19,19,-0.10528119860295951
12140,solar,2030,56,20,20,-0.10528119860295951
12141,solar,2030,56,21,21,-0.10528119860295951
12142,solar,2030,56,22,22,-0.10528119860295951
12143,solar,2030,56,23,23,-0.10528119860295951
12144,solar,2030,56,24,24,-0.10528119860295951
12145,solar,2030,57,1,1,-0.00471524205925885
12146,solar,2030,57,2,2,-0.00471524205925885
12147,solar,2030,57,3,3,-0.00471524205925885
12148,solar,2030,57,4,4,-0.00471524205925885
12149,solar,2030,57,5,5,-0.00471524205925885
12150,solar,2030,57,6,6,-0.00471524205925885
12151,solar,2030,57,7,7,-0.00471524205925885
12152,solar,2030,57,8,8,-0.00471524205925885
12153,solar,2030,57,9,9,-0.00471524205925885
12154,solar,2030,57,10,10,-0.00471524205925885
12155,solar,2030,57,11,11,-0.00471524205925885
12156,solar,2030,57,12,12,-0.00471524205925885
12157,solar,2030,57,13,13,-0.00471524205925885
12158,solar,2030,57,14,14,-0.00471524205925885
12159,solar,2030,57,15,15,-0.00471524205925885
12160,solar,2030,57,16,16,-0.00471524205925885
12161,solar,2030,57,17,17,-0.00471524205925885
12162,solar,2030,57,18,18,-0.00471524205925885
12163,solar,2030,57,19,19,-0.00471524205925885
12164,solar,2030,57,20,20,-0.00471524205925885
12165,solar,2030,57,21,21,-0.00471524205925885
12166,solar,2030,57,22,22,-0.00471524205925885
12167,solar,2030,57,23,23,-0.00471524205925885
12168,solar,2030,57,24,24,-0.00471524205925885
12169,solar,2030,58,1,1,-0.2384445949267706
12170,solar,2030,58,2,2,-0.2384445949267706
12171,solar,2030,58,3,3,-0.2384445949267706
12172,solar,2030,58,4,4,-0.2384445949267706
12173,solar,2030,58,5,5,-0.2384445949267706
12174,solar,2030,58,6,6,-0.2384445949267706
12175,solar,2030,58,7,7,-0.2384445949267706
12176,solar,2030,58,8,8,-0.009537783797070824
12177,solar,2030,58,9,9,-0.009537783797070824
12178,solar,2030,58,10,10,-0.009537783797070824
12179,solar,2030,58,11,11,-0.009537783797070824
12180,solar,2030,58,12,12,-0.009537783797070824
12181,solar,2030,58,13,13,-0.009537783797070824
12182,solar,2030,58,14,14,-0.009537783797070824
12183,solar,2030,58,15,15,-0.009537783797070824
12184,solar,2030,58,16,16,-0.009537783797070824
12185,solar,2030,58,17,17,-0.009537783797070824
12186,solar,2030,58,18,18,-0.2384445949267706
12187,solar,2030,58,19,19,-0.2384445949267706
12188,solar,2030,58,20,20,-0.2384445949267706
12189,solar,2030,58,21,21,-0.2384445949267706
12190,solar,2030,58,22,22,-0.2384445949267706
12191,solar,2030,58,23,23,-0.2384445949267706
12192,solar,2030,58,24,24,-0.2384445949267706
12193,solar,2030,59,1,1,-0.12212612707419564
12194,solar,2030,59,2,2,-0.12212612707419564
12195,solar,2030,59,3,3,-0.12212612707419564
12196,solar,2030,59,4,4,-0.12212612707419564
12197,solar,2030,59,5,5,-0.12212612707419564
12198,solar,2030,59,6,6,-0.12212612707419564
12199,solar,2030,59,7,7,-0.12212612707419564
12200,solar,2030,59,8,8,-0.12212612707419564
12201,solar,2030,59,9,9,-0.12212612707419564
12202,solar,2030,59,10,10,-0.12212612707419564
12203,solar,2030,59,11,11,-0.12212612707419564
12204,solar,2030,59,12,12,-0.12212612707419564
12205,solar,2030,59,13,13,-0.12212612707419564
12206,solar,2030,59,14,14,-0.12212612707419564
12207,solar,2030,59,15,15,-0.12212612707419564
12208,solar,2030,59,16,16,-0.12212612707419564
12209,solar,2030,59,17,17,-0.12212612707419564
12210,solar,2030,59,18,18,-0.12212612707419564
12211,solar,2030,59,19,19,-0.12212612707419564
12212,solar,2030,59,20,20,-0.12212612707419564
12213,solar,2030,59,21,21,-0.12212612707419564
12214,solar,2030,59,22,22,-0.12212612707419564
12215,solar,2030,59,23,23,-0.12212612707419564
12216,solar,2030,59,24,24,-0.12212612707419564
12217,solar,2030,60,1,1,-0.10179830455997407
12218,solar,2030,60,2,2,-0.10179830455997407
12219,solar,2030,60,3,3,-0.10179830455997407
12220,solar,2030,60,4,4,-0.10179830455997407
12221,solar,2030,60,5,5,-0.10179830455997407
12222,solar,2030,60,6,6,-0.10179830455997407
12223,solar,2030,60,7,7,-0.10179830455997407
12224,solar,2030,60,8,8,-0.10179830455997407
12225,solar,2030,60,9,9,-0.10179830455997407
12226,solar,2030,60,10,10,-0.10179830455997407
12227,solar,2030,60,11,11,-0.10179830455997407
12228,solar,2030,60,12,12,-0.10179830455997407
12229,solar,2030,60,13,13,-0.10179830455997407
12230,solar,2030,60,14,14,-0.10179830455997407
12231,solar,2030,60,15,15,-0.10179830455997407
12232,solar,2030,60,16,16,-0.10179830455997407
12233,solar,2030,60,17,17,-0.10179830455997407
12234,solar,2030,60,18,18,-0.10179830455997407
12235,solar,2030,60,19,19,-0.10179830455997407
12236,solar,2030,60,20,20,-0.10179830455997407
12237,solar,2030,60,21,21,-0.10179830455997407
12238,solar,2030,60,22,22,-0.10179830455997407
12239,solar,2030,60,23,23,-0.10179830455997407
12240,solar,2030,60,24,24,-0.10179830455997407
12241,solar,2030,61,1,1,-0.042433597857223365
12242,solar,2030,61,2,2,-0.042433597857223365
12243,solar,2030,61,3,3,-0.042433597857223365
12244,solar,2030,61,4,4,-0.042433597857223365
12245,solar,2030,61,5,5,-0.042433597857223365
12246,solar,2030,61,6,6,-0.042433597857223365
12247,solar,2030,61,7,7,-0.042433597857223365
12248,solar,2030,61,8,8,-0.042433597857223365
12249,solar,2030,61,9,9,-0.042433597857223365
12250,solar,2030,61,10,10,-0.042433597857223365
12251,solar,2030,61,11,11,-0.0016973439142889345
12252,solar,2030,61,12,12,-0.0016973439142889345
12253,solar,2030,61,13,13,-0.0016973439142889345
12254,solar,2030,61,14,14,-0.0016973439142889345
12255,solar,2030,61,15,15,-0.0016973439142889345
12256,solar,2030,61,16,16,-0.0016973439142889345
12257,solar,2030,61,17,17,-0.0016973439142889345
12258,solar,2030,61,18,18,-0.042433597857223365
12259,solar,2030,61,19,19,-0.042433597857223365
12260,solar,2030,61,20,20,-0.042433597857223365
12261,solar,2030,61,21,21,-0.042433597857223365
12262,solar,2030,61,22,22,-0.042433597857223365
12263,solar,2030,61,23,23,-0.042433597857223365
12264,solar,2030,61,24,24,-0.042433597857223365
12265,solar,2030,62,1,1,-0.05910365955421452
12266,solar,2030,62,2,2,-0.05910365955421452
12267,solar,2030,62,3,3,-0.05910365955421452
12268,solar,2030,62,4,4,-0.05910365955421452
12269,solar,2030,62,5,5,-0.05910365955421452
12270,solar,2030,62,6,6,-0.05910365955421452
12271,solar,2030,62,7,7,-0.05910365955421452
12272,solar,2030,62,8,8,-0.05910365955421452
12273,solar,2030,62,9,9,-0.05910365955421452
12274,solar,2030,62,10,10,-0.0023641463821685808
12275,solar,2030,62,11,11,-0.0023641463821685808
12276,solar,2030,62,12,12,-0.0023641463821685808
12277,solar,2030,62,13,13,-0.0023641463821685808
12278,solar,2030,62,14,14,-0.0023641463821685808
12279,solar,2030,62,15,15,-0.0023641463821685808
12280,solar,2030,62,16,16,-0.0023641463821685808
12281,solar,2030,62,17,17,-0.0023641463821685808
12282,solar,2030,62,18,18,-0.05910365955421452
12283,solar,2030,62,19,19,-0.05910365955421452
12284,solar,2030,62,20,20,-0.05910365955421452
12285,solar,2030,62,21,21,-0.05910365955421452
12286,solar,2030,62,22,22,-0.05910365955421452
12287,solar,2030,62,23,23,-0.05910365955421452
12288,solar,2030,62,24,24,-0.05910365955421452
12289,solar,2030,63,1,1,-0.08142236659713586
12290,solar,2030,63,2,2,-0.08142236659713586
12291,solar,2030,63,3,3,-0.08142236659713586
12292,solar,2030,63,4,4,-0.08142236659713586
12293,solar,2030,63,5,5,-0.08142236659713586
12294,solar,2030,63,6,6,-0.08142236659713586
12295,solar,2030,63,7,7,-0.08142236659713586
12296,solar,2030,63,8,8,-0.08142236659713586
12297,solar,2030,63,9,9,-0.08142236659713586
12298,solar,2030,63,10,10,-0.08142236659713586
12299,solar,2030,63,11,11,-0.08142236659713586
12300,solar,2030,63,12,12,-0.08142236659713586
12301,solar,2030,63,13,13,-0.08142236659713556
12302,solar,2030,63,14,14,-0.08142236659713586
12303,solar,2030,63,15,15,-0.08142236659713556
12304,solar,2030,63,16,16,-0.08142236659713586
12305,solar,2030,63,17,17,-0.08142236659713586
12306,solar,2030,63,18,18,-0.08142236659713586
12307,solar,2030,63,19,19,-0.08142236659713586
12308,solar,2030,63,20,20,-0.08142236659713586
12309,solar,2030,63,21,21,-0.08142236659713586
12310,solar,2030,63,22,22,-0.08142236659713586
12311,solar,2030,63,23,23,-0.08142236659713586
12312,solar,2030,63,24,24,-0.08142236659713586
12313,solar,2030,64,1,1,-0.14087061791295294
12314,solar,2030,64,2,2,-0.14087061791295294
12315,solar,2030,64,3,3,-0.14087061791295294
12316,solar,2030,64,4,4,-0.14087061791295294
12317,solar,2030,64,5,5,-0.14087061791295294
12318,solar,2030,64,6,6,-0.14087061791295294
12319,solar,2030,64,7,7,-0.14087061791295294
12320,solar,2030,64,8,8,-0.14087061791295294
12321,solar,2030,64,9,9,-0.14087061791295294
12322,solar,2030,64,10,10,-0.14087061791295294
12323,solar,2030,64,11,11,-0.0056348247165181175
12324,solar,2030,64,12,12,-0.0056348247165181175
12325,solar,2030,64,13,13,-0.0056348247165181175
12326,solar,2030,64,14,14,-0.0056348247165181175
12327,solar,2030,64,15,15,-0.0056348247165181175
12328,solar,2030,64,16,16,-0.0056348247165181175
12329,solar,2030,64,17,17,-0.0056348247165181175
12330,solar,2030,64,18,18,-0.14087061791295294
12331,solar,2030,64,19,19,-0.14087061791295294
12332,solar,2030,64,20,20,-0.14087061791295294
12333,solar,2030,64,21,21,-0.14087061791295294
12334,solar,2030,64,22,22,-0.14087061791295294
12335,solar,2030,64,23,23,-0.14087061791295294
12336,solar,2030,64,24,24,-0.14087061791295294
12337,solar,2030,65,1,1,-0.05625261717465305
12338,solar,2030,65,2,2,-0.05625261717465305
12339,solar,2030,65,3,3,-0.05625261717465305
12340,solar,2030,65,4,4,-0.05625261717465305
12341,solar,2030,65,5,5,-0.05625261717465305
12342,solar,2030,65,6,6,-0.05625261717465305
12343,solar,2030,65,7,7,-0.05625261717465305
12344,solar,2030,65,8,8,-0.05625261717465305
12345,solar,2030,65,9,9,-0.05625261717465305
12346,solar,2030,65,10,10,-0.05625261717465305
12347,solar,2030,65,11,11,-0.05625261717465305
12348,solar,2030,65,12,12,-0.002250104686986122
12349,solar,2030,65,13,13,-0.002250104686986122
12350,solar,2030,65,14,14,-0.002250104686986122
12351,solar,2030,65,15,15,-0.002250104686986122
12352,solar,2030,65,16,16,-0.002250104686986122
12353,solar,2030,65,17,17,-0.002250104686986122
12354,solar,2030,65,18,18,-0.05625261717465305
12355,solar,2030,65,19,19,-0.05625261717465305
12356,solar,2030,65,20,20,-0.05625261717465305
12357,solar,2030,65,21,21,-0.05625261717465305
12358,solar,2030,65,22,22,-0.05625261717465305
12359,solar,2030,65,23,23,-0.05625261717465305
12360,solar,2030,65,24,24,-0.05625261717465305
12361,solar,2030,66,1,1,-0.09431579484107933
12362,solar,2030,66,2,2,-0.09431579484107933
12363,solar,2030,66,3,3,-0.09431579484107885
12364,solar,2030,66,4,4,-0.09431579484107885
12365,solar,2030,66,5,5,-0.09431579484107933
12366,solar,2030,66,6,6,-0.09431579484107933
12367,solar,2030,66,7,7,-0.09431579484107933
12368,solar,2030,66,8,8,-0.09431579484107933
12369,solar,2030,66,9,9,-0.09431579484107933
12370,solar,2030,66,10,10,-0.09431579484107933
12371,solar,2030,66,11,11,-0.09431579484107933
12372,solar,2030,66,12,12,-0.003772631793643173
12373,solar,2030,66,13,13,-0.003772631793643173
12374,solar,2030,66,14,14,-0.003772631793643173
12375,solar,2030,66,15,15,-0.003772631793643173
12376,solar,2030,66,16,16,-0.003772631793643173
12377,solar,2030,66,17,17,-0.003772631793643173
12378,solar,2030,66,18,18,-0.09431579484107933
12379,solar,2030,66,19,19,-0.09431579484107933
12380,solar,2030,66,20,20,-0.09431579484107933
12381,solar,2030,66,21,21,-0.09431579484107933
12382,solar,2030,66,22,22,-0.003772631793643173
12383,solar,2030,66,23,23,-0.003772631793643173
12384,solar,2030,66,24,24,-0.003772631793643173
12385,solar,2030,67,1,1,-0.08217331511462035
12386,solar,2030,67,2,2,-0.08217331511462035
12387,solar,2030,67,3,3,-0.08217331511462035
12388,solar,2030,67,4,4,-0.08217331511462035
12389,solar,2030,67,5,5,-0.08217331511462035
12390,solar,2030,67,6,6,-0.08217331511462035
12391,solar,2030,67,7,7,-0.08217331511462013
12392,solar,2030,67,8,8,-0.08217331511462035
12393,solar,2030,67,9,9,-0.08217331511462035
12394,solar,2030,67,10,10,-0.08217331511462035
12395,solar,2030,67,11,11,-0.08217331511462035
12396,solar,2030,67,12,12,-0.08217331511462035
12397,solar,2030,67,13,13,-0.08217331511462035
12398,solar,2030,67,14,14,-0.08217331511462013
12399,solar,2030,67,15,15,-0.08217331511462013
12400,solar,2030,67,16,16,-0.08217331511462035
12401,solar,2030,67,17,17,-0.08217331511462035
12402,solar,2030,67,18,18,-0.08217331511462035
12403,solar,2030,67,19,19,-0.08217331511462035
12404,solar,2030,67,20,20,-0.08217331511462035
12405,solar,2030,67,21,21,-0.08217331511462035
12406,solar,2030,67,22,22,-0.08217331511462035
12407,solar,2030,67,23,23,-0.08217331511462035
12408,solar,2030,67,24,24,-0.08217331511462035
12409,solar,2030,68,1,1,-0.28029751373649336
12410,solar,2030,68,2,2,-0.28029751373649336
12411,solar,2030,68,3,3,-0.28029751373649336
12412,solar,2030,68,4,4,-0.28029751373649336
12413,solar,2030,68,5,5,-0.28029751373649336
12414,solar,2030,68,6,6,-0.28029751373649336
12415,solar,2030,68,7,7,-0.28029751373649336
12416,solar,2030,68,8,8,-0.28029751373649336
12417,solar,2030,68,9,9,-0.28029751373649336
12418,solar,2030,68,10,10,-0.28029751373649336
12419,solar,2030,68,11,11,-0.28029751373649336
12420,solar,2030,68,12,12,-0.28029751373649336
12421,solar,2030,68,13,13,-0.28029751373649336
12422,solar,2030,68,14,14,-0.28029751373649336
12423,solar,2030,68,15,15,-0.28029751373649336
12424,solar,2030,68,16,16,-0.28029751373649336
12425,solar,2030,68,17,17,-0.28029751373649336
12426,solar,2030,68,18,18,-0.28029751373649336
12427,solar,2030,68,19,19,-0.28029751373649336
12428,solar,2030,68,20,20,-0.28029751373649336
12429,solar,2030,68,21,21,-0.28029751373649336
12430,solar,2030,68,22,22,-0.28029751373649336
12431,solar,2030,68,23,23,-0.28029751373649336
12432,solar,2030,68,24,24,-0.28029751373649336
12433,solar,2030,69,1,1,-0.6672163066202117
12434,solar,2030,69,2,2,-0.6672163066202117
12435,solar,2030,69,3,3,-0.6672163066202117
12436,solar,2030,69,4,4,-0.6672163066202117
12437,solar,2030,69,5,5,-0.6672163066202117
12438,solar,2030,69,6,6,-0.6672163066202117
12439,solar,2030,69,7,7,-0.6672163066202117
12440,solar,2030,69,8,8,-0.6672163066202117
12441,solar,2030,69,9,9,-0.6672163066202117
12442,solar,2030,69,10,10,-0.6672163066202117
12443,solar,2030,69,11,11,-0.026688652264808467
12444,solar,2030,69,12,12,-0.026688652264808467
12445,solar,2030,69,13,13,-0.026688652264808467
12446,solar,2030,69,14,14,-0.026688652264808467
12447,solar,2030,69,15,15,-0.026688652264808467
12448,solar,2030,69,16,16,-0.026688652264808467
12449,solar,2030,69,17,17,-0.6672163066202083
12450,solar,2030,69,18,18,-0.6672163066202117
12451,solar,2030,69,19,19,-0.6672163066202117
12452,solar,2030,69,20,20,-0.6672163066202117
12453,solar,2030,69,21,21,-0.6672163066202117
12454,solar,2030,69,22,22,-0.6672163066202117
12455,solar,2030,69,23,23,-0.6672163066202117
12456,solar,2030,69,24,24,-0.6672163066202117
12457,solar,2030,70,1,1,-0.22435710915249843
12458,solar,2030,70,2,2,-0.22435710915249843
12459,solar,2030,70,3,3,-0.22435710915249843
12460,solar,2030,70,4,4,-0.22435710915249843
12461,solar,2030,70,5,5,-0.22435710915249843
12462,solar,2030,70,6,6,-0.22435710915249843
12463,solar,2030,70,7,7,-0.22435710915249843
12464,solar,2030,70,8,8,-0.22435710915249843
12465,solar,2030,70,9,9,-0.22435710915249843
12466,solar,2030,70,10,10,-0.22435710915249843
12467,solar,2030,70,11,11,-0.22435710915249843
12468,solar,2030,70,12,12,-0.22435710915249843
12469,solar,2030,70,13,13,-0.22435710915249787
12470,solar,2030,70,14,14,-0.22435710915249787
12471,solar,2030,70,15,15,-0.22435710915249843
12472,solar,2030,70,16,16,-0.22435710915249843
12473,solar,2030,70,17,17,-0.22435710915249843
12474,solar,2030,70,18,18,-0.22435710915249843
12475,solar,2030,70,19,19,-0.22435710915249843
12476,solar,2030,70,20,20,-0.22435710915249843
12477,solar,2030,70,21,21,-0.22435710915249843
12478,solar,2030,70,22,22,-0.22435710915249843
12479,solar,2030,70,23,23,-0.22435710915249843
12480,solar,2030,70,24,24,-0.22435710915249843
12481,solar,2030,71,1,1,-0.14857343126390662
12482,solar,2030,71,2,2,-0.14857343126390662
12483,solar,2030,71,3,3,-0.14857343126390662
12484,solar,2030,71,4,4,-0.14857343126390662
12485,solar,2030,71,5,5,-0.14857343126390662
12486,solar,2030,71,6,6,-0.14857343126390662
12487,solar,2030,71,7,7,-0.14857343126390662
12488,solar,2030,71,8,8,-0.14857343126390662
12489,solar,2030,71,9,9,-0.14857343126390662
12490,solar,2030,71,10,10,-0.14857343126390662
12491,solar,2030,71,11,11,-0.14857343126390662
12492,solar,2030,71,12,12,-0.005942937250556265
12493,solar,2030,71,13,13,-0.005942937250556265
12494,solar,2030,71,14,14,-0.005942937250556265
12495,solar,2030,71,15,15,-0.005942937250556265
12496,solar,2030,71,16,16,-0.005942937250556265
12497,solar,2030,71,17,17,-0.005942937250556265
12498,solar,2030,71,18,18,-0.005942937250556265
12499,solar,2030,71,19,19,-0.14857343126390662
12500,solar,2030,71,20,20,-0.14857343126390588
12501,solar,2030,71,21,21,-0.14857343126390662
12502,solar,2030,71,22,22,-0.14857343126390662
12503,solar,2030,71,23,23,-0.13408752171567573
12504,solar,2030,71,24,24,-0.14857343126390662
12505,solar,2030,72,1,1,-0.08215661424144456
12506,solar,2030,72,2,2,-0.07414634435290371
12507,solar,2030,72,3,3,-0.07414634435290371
12508,solar,2030,72,4,4,-0.07414634435290371
12509,solar,2030,72,5,5,-0.07414634435290371
12510,solar,2030,72,6,6,-0.08215661424144456
12511,solar,2030,72,7,7,-0.08215661424144456
12512,solar,2030,72,8,8,-0.08215661424144456
12513,solar,2030,72,9,9,-0.08215661424144456
12514,solar,2030,72,10,10,-0.08215661424144456
12515,solar,2030,72,11,11,-0.08215661424144456
12516,solar,2030,72,12,12,-0.07414634435290371
12517,solar,2030,72,13,13,-0.07414634435290371
12518,solar,2030,72,14,14,-0.07414634435290371
12519,solar,2030,72,15,15,-0.08215661424144456
12520,solar,2030,72,16,16,-0.08215661424144456
12521,solar,2030,72,17,17,-0.08215661424144456
12522,solar,2030,72,18,18,-0.08215661424144456
12523,solar,2030,72,19,19,-0.08215661424144456
12524,solar,2030,72,20,20,-0.08215661424144456
12525,solar,2030,72,21,21,-0.08215661424144456
12526,solar,2030,72,22,22,-0.08215661424144456
12527,solar,2030,72,23,23,-0.08215661424144456
12528,solar,2030,72,24,24,-0.08215661424144456
12529,solar,2030,73,1,1,-0.176956094784134
12530,solar,2030,73,2,2,-0.176956094784134
12531,solar,2030,73,3,3,-0.176956094784134
12532,solar,2030,73,4,4,-0.176956094784134
12533,solar,2030,73,5,5,-0.176956094784134
12534,solar,2030,73,6,6,-0.176956094784134
12535,solar,2030,73,7,7,-0.176956094784134
12536,solar,2030,73,8,8,-0.176956094784134
12537,solar,2030,73,9,9,-0.176956094784134
12538,solar,2030,73,10,10,-0.176956094784134
12539,solar,2030,73,11,11,-0.176956094784134
12540,solar,2030,73,12,12,-0.17695609478413332
12541,solar,2030,73,13,13,-0.176956094784134
12542,solar,2030,73,14,14,-0.15970287554268092
12543,solar,2030,73,15,15,-0.15970287554268092
12544,solar,2030,73,16,16,-0.17695609478413332
12545,solar,2030,73,17,17,-0.176956094784134
12546,solar,2030,73,18,18,-0.176956094784134
12547,solar,2030,73,19,19,-0.176956094784134
12548,solar,2030,73,20,20,-0.176956094784134
12549,solar,2030,73,21,21,-0.176956094784134
12550,solar,2030,73,22,22,-0.176956094784134
12551,solar,2030,73,23,23,-0.176956094784134
12552,solar,2030,73,24,24,-0.176956094784134
12553,solar,2030,74,1,1,-0.2371514748903458
12554,solar,2030,74,2,2,-0.2371514748903458
12555,solar,2030,74,3,3,-0.2371514748903458
12556,solar,2030,74,4,4,-0.2371514748903458
12557,solar,2030,74,5,5,-0.2371514748903458
12558,solar,2030,74,6,6,-0.2371514748903458
12559,solar,2030,74,7,7,-0.2371514748903458
12560,solar,2030,74,8,8,-0.2371514748903458
12561,solar,2030,74,9,9,-0.2371514748903458
12562,solar,2030,74,10,10,-0.2371514748903458
12563,solar,2030,74,11,11,-0.2371514748903458
12564,solar,2030,74,12,12,-0.2371514748903458
12565,solar,2030,74,13,13,-0.2371514748903458
12566,solar,2030,74,14,14,-0.2371514748903458
12567,solar,2030,74,15,15,-0.2371514748903458
12568,solar,2030,74,16,16,-0.2371514748903458
12569,solar,2030,74,17,17,-0.2371514748903458
12570,solar,2030,74,18,18,-0.2371514748903458
12571,solar,2030,74,19,19,-0.2371514748903458
12572,solar,2030,74,20,20,-0.2371514748903458
12573,solar,2030,74,21,21,-0.2371514748903458
12574,solar,2030,74,22,22,-0.2371514748903458
12575,solar,2030,74,23,23,-0.2371514748903458
12576,solar,2030,74,24,24,-0.2371514748903458
12577,solar,2030,75,1,1,-0.5396544873410596
12578,solar,2030,75,2,2,-0.5396544873410595
12579,solar,2030,75,3,3,-0.5396544873410595
12580,solar,2030,75,4,4,-0.5396544873410595
12581,solar,2030,75,5,5,-0.5396544873410595
12582,solar,2030,75,6,6,-0.5396544873410595
12583,solar,2030,75,7,7,-0.5396544873410595
12584,solar,2030,75,8,8,-0.5396544873410595
12585,solar,2030,75,9,9,-0.5396544873410595
12586,solar,2030,75,10,10,-0.5396544873410595
12587,solar,2030,75,11,11,-0.7555162822774834
12588,solar,2030,75,12,12,-0.8371371548780978
12589,solar,2030,75,13,13,-0.7555162822774834
12590,solar,2030,75,14,14,-0.7555162822774834
12591,solar,2030,75,15,15,-0.7555162822774834
12592,solar,2030,75,16,16,-0.7555162822774834
12593,solar,2030,75,17,17,-10.74372003834215
12594,solar,2030,75,18,18,-10.74372003834215
12595,solar,2030,75,19,19,-10.74372003834215
12596,solar,2030,75,20,20,-10.74372003834215
12597,solar,2030,75,21,21,-10.74372003834215
12598,solar,2030,75,22,22,-0.7555162822774834
12599,solar,2030,75,23,23,-0.5396544873410595
12600,solar,2030,75,24,24,-0.5396544873410595
12601,solar,2030,76,1,1,-0.002445681082017906
12602,solar,2030,76,2,2,-0.002445681082017906
12603,solar,2030,76,3,3,-0.002445681082017906
12604,solar,2030,76,4,4,-0.002445681082017906
12605,solar,2030,76,5,5,-0.002445681082017906
12606,solar,2030,76,6,6,-0.002445681082017906
12607,solar,2030,76,7,7,-0.002445681082017906
12608,solar,2030,76,8,8,-0.002445681082017906
12609,solar,2030,76,9,9,-0.002445681082017906
12610,solar,2030,76,10,10,-0.002445681082017906
12611,solar,2030,76,11,11,-0.002445681082017906
12612,solar,2030,76,12,12,-0.002445681082017906
12613,solar,2030,76,13,13,-0.002445681082017906
12614,solar,2030,76,14,14,-0.002445681082017906
12615,solar,2030,76,15,15,-0.002445681082017906
12616,solar,2030,76,16,16,-0.002445681082017906
12617,solar,2030,76,17,17,-0.06114202705044732
12618,solar,2030,76,18,18,-0.06114202705044765
12619,solar,2030,76,19,19,-0.06114202705044765
12620,solar,2030,76,20,20,-0.06114202705044765
12621,solar,2030,76,21,21,-0.06114202705044765
12622,solar,2030,76,22,22,-0.06114202705044765
12623,solar,2030,76,23,23,-0.06114202705044765
12624,solar,2030,76,24,24,-0.06114202705044765
12625,solar,2030,77,1,1,-0.03885928135177888
12626,solar,2030,77,2,2,-0.0015543712540711553
12627,solar,2030,77,3,3,-0.0015543712540711553
12628,solar,2030,77,4,4,-0.0015543712540711553
12629,solar,2030,77,5,5,-0.0015543712540711553
12630,solar,2030,77,6,6,-0.0015543712540711553
12631,solar,2030,77,7,7,-0.0015543712540711553
12632,solar,2030,77,8,8,-0.0015543712540711553
12633,solar,2030,77,9,9,-0.0015543712540711553
12634,solar,2030,77,10,10,-0.0015543712540711553
12635,solar,2030,77,11,11,-0.0015543712540711553
12636,solar,2030,77,12,12,-0.0015543712540711553
12637,solar,2030,77,13,13,-0.0015543712540711553
12638,solar,2030,77,14,14,-0.0015543712540711553
12639,solar,2030,77,15,15,-0.0015543712540711553
12640,solar,2030,77,16,16,-0.0015543712540711553
12641,solar,2030,77,17,17,-0.0015543712540711553
12642,solar,2030,77,18,18,-0.0015543712540711553
12643,solar,2030,77,19,19,-0.03885928135177888
12644,solar,2030,77,20,20,-0.03885928135177888
12645,solar,2030,77,21,21,-0.03885928135177888
12646,solar,2030,77,22,22,-0.03885928135177868
12647,solar,2030,77,23,23,-0.03885928135177888
12648,solar,2030,77,24,24,-0.03885928135177868
12649,solar,2030,78,1,1,-0.2330781193328583
12650,solar,2030,78,2,2,-0.2330781193328583
12651,solar,2030,78,3,3,-0.2330781193328583
12652,solar,2030,78,4,4,-0.2330781193328583
12653,solar,2030,78,5,5,-0.2330781193328583
12654,solar,2030,78,6,6,-0.2330781193328583
12655,solar,2030,78,7,7,-0.2330781193328583
12656,solar,2030,78,8,8,-0.2330781193328583
12657,solar,2030,78,9,9,-0.2330781193328583
12658,solar,2030,78,10,10,-0.2330781193328583
12659,solar,2030,78,11,11,-0.2330781193328583
12660,solar,2030,78,12,12,-0.2330781193328583
12661,solar,2030,78,13,13,-0.2330781193328583
12662,solar,2030,78,14,14,-0.2330781193328583
12663,solar,2030,78,15,15,-0.2330781193328583
12664,solar,2030,78,16,16,-0.2330781193328583
12665,solar,2030,78,17,17,-0.2330781193328583
12666,solar,2030,78,18,18,-0.2330781193328583
12667,solar,2030,78,19,19,-0.2330781193328583
12668,solar,2030,78,20,20,-0.2330781193328583
12669,solar,2030,78,21,21,-0.2330781193328583
12670,solar,2030,78,22,22,-0.2330781193328583
12671,solar,2030,78,23,23,-0.2330781193328583
12672,solar,2030,78,24,24,-0.2330781193328583
12673,solar,2030,79,1,1,-0.14429811974816173
12674,solar,2030,79,2,2,-0.14429811974816173
12675,solar,2030,79,3,3,-0.14429811974816173
12676,solar,2030,79,4,4,-0.14429811974816173
12677,solar,2030,79,5,5,-0.14429811974816173
12678,solar,2030,79,6,6,-0.14429811974816173
12679,solar,2030,79,7,7,-0.14429811974816173
12680,solar,2030,79,8,8,-0.14429811974816173
12681,solar,2030,79,9,9,-0.14429811974816173
12682,solar,2030,79,10,10,-0.14429811974816173
12683,solar,2030,79,11,11,-0.14429811974816173
12684,solar,2030,79,12,12,-0.14429811974816173
12685,solar,2030,79,13,13,-0.14429811974816173
12686,solar,2030,79,14,14,-0.14429811974816173
12687,solar,2030,79,15,15,-0.14429811974816173
12688,solar,2030,79,16,16,-0.14429811974816173
12689,solar,2030,79,17,17,-0.14429811974816173
12690,solar,2030,79,18,18,-0.14429811974816173
12691,solar,2030,79,19,19,-0.14429811974816173
12692,solar,2030,79,20,20,-0.14429811974816173
12693,solar,2030,79,21,21,-0.14429811974816173
12694,solar,2030,79,22,22,-0.14429811974816173
12695,solar,2030,79,23,23,-0.14429811974816173
12696,solar,2030,79,24,24,-0.14429811974816173
12697,solar,2030,80,1,1,-0.03363140482484875
12698,solar,2030,80,2,2,-0.03363140482484875
12699,solar,2030,80,3,3,-0.03363140482484875
12700,solar,2030,80,4,4,-0.03363140482484875
12701,solar,2030,80,5,5,-0.03363140482484875
12702,solar,2030,80,6,6,-0.03726471448736703
12703,solar,2030,80,7,7,-0.03726471448736703
12704,solar,2030,80,8,8,-0.03726471448736703
12705,solar,2030,80,9,9,-0.03726471448736703
12706,solar,2030,80,10,10,-0.03726471448736703
12707,solar,2030,80,11,11,-0.0014905885794946813
12708,solar,2030,80,12,12,-0.0014905885794946813
12709,solar,2030,80,13,13,-0.0014905885794946813
12710,solar,2030,80,14,14,-0.0014905885794946813
12711,solar,2030,80,15,15,-0.0014905885794946813
12712,solar,2030,80,16,16,-0.0014905885794946813
12713,solar,2030,80,17,17,-0.0014905885794946813
12714,solar,2030,80,18,18,-0.03726471448736703
12715,solar,2030,80,19,19,-0.03726471448736703
12716,solar,2030,80,20,20,-0.03726471448736703
12717,solar,2030,80,21,21,-0.03726471448736703
12718,solar,2030,80,22,22,-0.03726471448736703
12719,solar,2030,80,23,23,-0.03726471448736703
12720,solar,2030,80,24,24,-0.03726471448736703
12721,solar,2030,81,1,1,-0.16020349605721518
12722,solar,2030,81,2,2,-0.16020349605721518
12723,solar,2030,81,3,3,-0.16020349605721518
12724,solar,2030,81,4,4,-0.16020349605721518
12725,solar,2030,81,5,5,-0.16020349605721518
12726,solar,2030,81,6,6,-0.16020349605721518
12727,solar,2030,81,7,7,-0.16020349605721518
12728,solar,2030,81,8,8,-0.16020349605721518
12729,solar,2030,81,9,9,-0.16020349605721518
12730,solar,2030,81,10,10,-0.16020349605721518
12731,solar,2030,81,11,11,-0.16020349605721518
12732,solar,2030,81,12,12,-0.16020349605721518
12733,solar,2030,81,13,13,-0.16020349605721518
12734,solar,2030,81,14,14,-0.16020349605721518
12735,solar,2030,81,15,15,-0.16020349605721454
12736,solar,2030,81,16,16,-0.12388275096095518
12737,solar,2030,81,17,17,-0.13726620605091985
12738,solar,2030,81,18,18,-0.13726620605091985
12739,solar,2030,81,19,19,-0.12388275096095518
12740,solar,2030,81,20,20,-0.13726620605091985
12741,solar,2030,81,21,21,-0.006408139842288606
12742,solar,2030,81,22,22,-0.006408139842288606
12743,solar,2030,81,23,23,-0.006408139842288606
12744,solar,2030,81,24,24,-0.006408139842288606
12745,solar,2030,82,1,1,-0.06729007054357146
12746,solar,2030,82,2,2,-0.06729007054357146
12747,solar,2030,82,3,3,-0.06729007054357146
12748,solar,2030,82,4,4,-0.06729007054357146
12749,solar,2030,82,5,5,-0.06729007054357146
12750,solar,2030,82,6,6,-0.06729007054357146
12751,solar,2030,82,7,7,-0.06729007054357146
12752,solar,2030,82,8,8,-0.06729007054357146
12753,solar,2030,82,9,9,-0.06729007054357146
12754,solar,2030,82,10,10,-0.06729007054357146
12755,solar,2030,82,11,11,-0.06729007054357146
12756,solar,2030,82,12,12,-0.002691602821742858
12757,solar,2030,82,13,13,-0.002691602821742858
12758,solar,2030,82,14,14,-0.002691602821742858
12759,solar,2030,82,15,15,-0.002691602821742858
12760,solar,2030,82,16,16,-0.002691602821742858
12761,solar,2030,82,17,17,-0.06729007054357146
12762,solar,2030,82,18,18,-0.06729007054357146
12763,solar,2030,82,19,19,-0.06729007054357146
12764,solar,2030,82,20,20,-0.06729007054357146
12765,solar,2030,82,21,21,-0.06729007054357146
12766,solar,2030,82,22,22,-0.06729007054357146
12767,solar,2030,82,23,23,-0.06729007054357146
12768,solar,2030,82,24,24,-0.06729007054357146
12769,solar,2030,83,1,1,-1.4580226630959334
12770,solar,2030,83,2,2,-1.4580226630959334
12771,solar,2030,83,3,3,-1.4580226630959334
12772,solar,2030,83,4,4,-1.4580226630959334
12773,solar,2030,83,5,5,-1.4580226630959334
12774,solar,2030,83,6,6,-1.4580226630959334
12775,solar,2030,83,7,7,-1.4580226630959334
12776,solar,2030,83,8,8,-1.4580226630959334
12777,solar,2030,83,9,9,-1.4580226630959334
12778,solar,2030,83,10,10,-1.4580226630959334
12779,solar,2030,83,11,11,-1.4580226630959334
12780,solar,2030,83,12,12,-1.4580226630959334
12781,solar,2030,83,13,13,-1.4580226630959334
12782,solar,2030,83,14,14,-1.4580226630959334
12783,solar,2030,83,15,15,-1.4580226630959334
12784,solar,2030,83,16,16,-1.4580226630959334
12785,solar,2030,83,17,17,-1.4580226630959334
12786,solar,2030,83,18,18,-1.4580226630959334
12787,solar,2030,83,19,19,-1.4580226630959339
12788,solar,2030,83,20,20,-1.4580226630959334
12789,solar,2030,83,21,21,-1.4580226630959339
12790,solar,2030,83,22,22,-1.4580226630959334
12791,solar,2030,83,23,23,-1.4580226630959334
12792,solar,2030,83,24,24,-1.4580226630959334
12793,solar,2030,84,1,1,-0.21941051818571214
12794,solar,2030,84,2,2,-0.21941051818571214
12795,solar,2030,84,3,3,-0.21941051818571214
12796,solar,2030,84,4,4,-0.21941051818571214
12797,solar,2030,84,5,5,-0.21941051818571214
12798,solar,2030,84,6,6,-0.21941051818571214
12799,solar,2030,84,7,7,-0.21941051818571214
12800,solar,2030,84,8,8,-0.21941051818571214
12801,solar,2030,84,9,9,-0.21941051818571214
12802,solar,2030,84,10,10,-0.21941051818571214
12803,solar,2030,84,11,11,-0.008776420727428486
12804,solar,2030,84,12,12,-0.008776420727428486
12805,solar,2030,84,13,13,-0.008776420727428486
12806,solar,2030,84,14,14,-0.008776420727428486
12807,solar,2030,84,15,15,-0.008776420727428486
12808,solar,2030,84,16,16,-0.008776420727428486
12809,solar,2030,84,17,17,-0.21941051818571214
12810,solar,2030,84,18,18,-0.21941051818571214
12811,solar,2030,84,19,19,-0.21941051818571214
12812,solar,2030,84,20,20,-0.21941051818571214
12813,solar,2030,84,21,21,-0.21941051818571214
12814,solar,2030,84,22,22,-0.21941051818571214
12815,solar,2030,84,23,23,-0.21941051818571214
12816,solar,2030,84,24,24,-0.21941051818571214
12817,solar,2030,85,1,1,-0.0761739888969228
12818,solar,2030,85,2,2,-0.0761739888969228
12819,solar,2030,85,3,3,-0.0761739888969228
12820,solar,2030,85,4,4,-0.0761739888969228
12821,solar,2030,85,5,5,-0.0761739888969228
12822,solar,2030,85,6,6,-0.0761739888969228
12823,solar,2030,85,7,7,-0.0761739888969228
12824,solar,2030,85,8,8,-0.0761739888969228
12825,solar,2030,85,9,9,-0.0761739888969228
12826,solar,2030,85,10,10,-0.0761739888969228
12827,solar,2030,85,11,11,-0.0761739888969228
12828,solar,2030,85,12,12,-0.003046959555876912
12829,solar,2030,85,13,13,-0.003046959555876912
12830,solar,2030,85,14,14,-0.003046959555876912
12831,solar,2030,85,15,15,-0.003046959555876912
12832,solar,2030,85,16,16,-0.003046959555876912
12833,solar,2030,85,17,17,-0.003046959555876912
12834,solar,2030,85,18,18,-0.0761739888969228
12835,solar,2030,85,19,19,-0.0761739888969228
12836,solar,2030,85,20,20,-0.0761739888969228
12837,solar,2030,85,21,21,-0.0761739888969228
12838,solar,2030,85,22,22,-0.0761739888969228
12839,solar,2030,85,23,23,-0.07617398889692235
12840,solar,2030,85,24,24,-0.07617398889692235
12841,solar,2030,86,1,1,-0.0032199668646195434
12842,solar,2030,86,2,2,-0.0032199668646195434
12843,solar,2030,86,3,3,-0.0032199668646195434
12844,solar,2030,86,4,4,-0.0032199668646195434
12845,solar,2030,86,5,5,-0.0032199668646195434
12846,solar,2030,86,6,6,-0.0032199668646195434
12847,solar,2030,86,7,7,-0.0032199668646195434
12848,solar,2030,86,8,8,-0.0032199668646195434
12849,solar,2030,86,9,9,-0.0032199668646195434
12850,solar,2030,86,10,10,-0.0032199668646195434
12851,solar,2030,86,11,11,-0.0032199668646195434
12852,solar,2030,86,12,12,-0.0032199668646195434
12853,solar,2030,86,13,13,-0.0032199668646195434
12854,solar,2030,86,14,14,-0.0032199668646195434
12855,solar,2030,86,15,15,-0.0032199668646195434
12856,solar,2030,86,16,16,-0.0032199668646195434
12857,solar,2030,86,17,17,-0.0032199668646195434
12858,solar,2030,86,18,18,-0.0032199668646195434
12859,solar,2030,86,19,19,-0.0032199668646195434
12860,solar,2030,86,20,20,-0.0032199668646195434
12861,solar,2030,86,21,21,-0.0032199668646195434
12862,solar,2030,86,22,22,-0.0032199668646195434
12863,solar,2030,86,23,23,-0.0032199668646195434
12864,solar,2030,86,24,24,-0.0032199668646195434
12865,solar,2030,87,1,1,-0.08311853848493286
12866,solar,2030,87,2,2,-0.08311853848493286
12867,solar,2030,87,3,3,-0.08311853848493286
12868,solar,2030,87,4,4,-0.08311853848493286
12869,solar,2030,87,5,5,-0.08311853848493286
12870,solar,2030,87,6,6,-0.08311853848493286
12871,solar,2030,87,7,7,-0.08311853848493286
12872,solar,2030,87,8,8,-0.08311853848493286
12873,solar,2030,87,9,9,-0.08311853848493286
12874,solar,2030,87,10,10,-0.08311853848493286
12875,solar,2030,87,11,11,-0.08311853848493286
12876,solar,2030,87,12,12,-0.08311853848493286
12877,solar,2030,87,13,13,-0.08311853848493286
12878,solar,2030,87,14,14,-0.08311853848493286
12879,solar,2030,87,15,15,-0.08311853848493286
12880,solar,2030,87,16,16,-0.08311853848493286
12881,solar,2030,87,17,17,-0.08311853848493286
12882,solar,2030,87,18,18,-0.08311853848493286
12883,solar,2030,87,19,19,-0.08311853848493286
12884,solar,2030,87,20,20,-0.08311853848493286
12885,solar,2030,87,21,21,-0.08311853848493286
12886,solar,2030,87,22,22,-0.08311853848493286
12887,solar,2030,87,23,23,-0.08311853848493286
12888,solar,2030,87,24,24,-0.08311853848493286
12889,solar,2030,88,1,1,-0.6189101517666019
12890,solar,2030,88,2,2,-0.6189101517666019
12891,solar,2030,88,3,3,-0.6189101517666019
12892,solar,2030,88,4,4,-0.6189101517666019
12893,solar,2030,88,5,5,-0.6189101517666019
12894,solar,2030,88,6,6,-0.6189101517666019
12895,solar,2030,88,7,7,-0.6189101517666019
12896,solar,2030,88,8,8,-0.6189101517666019
12897,solar,2030,88,9,9,-0.6189101517666019
12898,solar,2030,88,10,10,-0.6189101517666019
12899,solar,2030,88,11,11,-0.6189101517666019
12900,solar,2030,88,12,12,-0.6189101517666019
12901,solar,2030,88,13,13,-0.6189101517666019
12902,solar,2030,88,14,14,-0.6189101517666019
12903,solar,2030,88,15,15,-0.6189101517666019
12904,solar,2030,88,16,16,-0.6189101517666019
12905,solar,2030,88,17,17,-0.6189101517666019
12906,solar,2030,88,18,18,-0.6189101517666019
12907,solar,2030,88,19,19,-0.6189101517666019
12908,solar,2030,88,20,20,-0.6189101517666019
12909,solar,2030,88,21,21,-0.6189101517666019
12910,solar,2030,88,22,22,-0.6189101517666019
12911,solar,2030,88,23,23,-0.6189101517666019
12912,solar,2030,88,24,24,-0.6189101517666019
12913,solar,2030,89,1,1,-0.04433145930557039
12914,solar,2030,89,2,2,-0.04433145930557039
12915,solar,2030,89,3,3,-0.0017732583722228157
12916,solar,2030,89,4,4,-0.0017732583722228157
12917,solar,2030,89,5,5,-0.0017732583722228157
12918,solar,2030,89,6,6,-0.0017732583722228157
12919,solar,2030,89,7,7,-0.0017732583722228157
12920,solar,2030,89,8,8,-0.0017732583722228157
12921,solar,2030,89,9,9,-0.0017732583722228157
12922,solar,2030,89,10,10,-0.0017732583722228157
12923,solar,2030,89,11,11,-0.0017732583722228157
12924,solar,2030,89,12,12,-0.0017732583722228157
12925,solar,2030,89,13,13,-0.0017732583722228157
12926,solar,2030,89,14,14,-0.0017732583722228157
12927,solar,2030,89,15,15,-0.0017732583722228157
12928,solar,2030,89,16,16,-0.0017732583722228157
12929,solar,2030,89,17,17,-0.0017732583722228157
12930,solar,2030,89,18,18,-0.0017732583722228157
12931,solar,2030,89,19,19,-0.04433145930557039
12932,solar,2030,89,20,20,-0.04433145930557039
12933,solar,2030,89,21,21,-0.04433145930557017
12934,solar,2030,89,22,22,-0.04433145930557039
12935,solar,2030,89,23,23,-0.04433145930557039
12936,solar,2030,89,24,24,-0.04433145930557039
12937,solar,2030,90,1,1,-0.001368053443445432
12938,solar,2030,90,2,2,-0.001368053443445432
12939,solar,2030,90,3,3,-0.001368053443445432
12940,solar,2030,90,4,4,-0.001368053443445432
12941,solar,2030,90,5,5,-0.001368053443445432
12942,solar,2030,90,6,6,-0.001368053443445432
12943,solar,2030,90,7,7,-0.001368053443445432
12944,solar,2030,90,8,8,-0.001368053443445432
12945,solar,2030,90,9,9,-0.001368053443445432
12946,solar,2030,90,10,10,-0.001368053443445432
12947,solar,2030,90,11,11,-0.001368053443445432
12948,solar,2030,90,12,12,-0.001368053443445432
12949,solar,2030,90,13,13,-0.001368053443445432
12950,solar,2030,90,14,14,-0.001368053443445432
12951,solar,2030,90,15,15,-0.001368053443445432
12952,solar,2030,90,16,16,-0.001368053443445432
12953,solar,2030,90,17,17,-0.034201336086135625
12954,solar,2030,90,18,18,-0.0342013360861358
12955,solar,2030,90,19,19,-0.0342013360861358
12956,solar,2030,90,20,20,-0.0342013360861358
12957,solar,2030,90,21,21,-0.0342013360861358
12958,solar,2030,90,22,22,-0.0342013360861358
12959,solar,2030,90,23,23,-0.0342013360861358
12960,solar,2030,90,24,24,-0.0342013360861358
12961,wind,2030,1,1,1,0.0
12962,wind,2030,1,2,2,0.0
12963,wind,2030,1,3,3,0.0
12964,wind,2030,1,4,4,0.0
12965,wind,2030,1,5,5,0.0
12966,wind,2030,1,6,6,0.0
12967,wind,2030,1,7,7,0.0
12968,wind,2030,1,8,8,0.0
12969,wind,2030,1,9,9,0.0
12970,wind,2030,1,10,10,0.0
12971,wind,2030,1,11,11,0.0
12972,wind,2030,1,12,12,0.0
12973,wind,2030,1,13,13,0.0
12974,wind,2030,1,14,14,0.0
12975,wind,2030,1,15,15,0.0
12976,wind,2030,1,16,16,0.0
12977,wind,2030,1,17,17,0.0
12978,wind,2030,1,18,18,0.0
12979,wind,2030,1,19,19,-0.12208084508491446
12980,wind,2030,1,20,20,-0.12208084508491382
12981,wind,2030,1,21,21,-0.12208084508491446
12982,wind,2030,1,22,22,-0.12208084508491446
12983,wind,2030,1,23,23,0.0
12984,wind,2030,1,24,24,0.0
12985,wind,2030,2,1,1,-1.2434928868813764
12986,wind,2030,2,2,2,-1.2434928868813764
12987,wind,2030,2,3,3,-1.2434928868813764
12988,wind,2030,2,4,4,-1.2434928868813764
12989,wind,2030,2,5,5,-1.2434928868813764
12990,wind,2030,2,6,6,-1.2434928868813764
12991,wind,2030,2,7,7,-1.2434928868813764
12992,wind,2030,2,8,8,-1.2434928868813764
12993,wind,2030,2,9,9,-1.2434928868813764
12994,wind,2030,2,10,10,-1.2434928868813764
12995,wind,2030,2,11,11,-1.2434928868813764
12996,wind,2030,2,12,12,-1.2434928868813764
12997,wind,2030,2,13,13,-1.2434928868813764
12998,wind,2030,2,14,14,-1.2434928868813764
12999,wind,2030,2,15,15,-1.2434928868813764
13000,wind,2030,2,16,16,-1.2434928868813764
13001,wind,2030,2,17,17,-1.2434928868813764
13002,wind,2030,2,18,18,-1.2434928868813764
13003,wind,2030,2,19,19,-1.2434928868813764
13004,wind,2030,2,20,20,-1.2434928868813764
13005,wind,2030,2,21,21,-1.2434928868813764
13006,wind,2030,2,22,22,-1.2434928868813764
13007,wind,2030,2,23,23,-1.2434928868813764
13008,wind,2030,2,24,24,-1.2434928868813764
13009,wind,2030,3,1,1,-0.23355147568974208
13010,wind,2030,3,2,2,-0.23355147568974208
13011,wind,2030,3,3,3,-0.23355147568974208
13012,wind,2030,3,4,4,-0.23355147568974208
13013,wind,2030,3,5,5,-0.23355147568974208
13014,wind,2030,3,6,6,-0.23355147568974208
13015,wind,2030,3,7,7,-0.23355147568974208
13016,wind,2030,3,8,8,-0.23355147568974208
13017,wind,2030,3,9,9,-0.23355147568974208
13018,wind,2030,3,10,10,-0.23355147568974208
13019,wind,2030,3,11,11,-0.23355147568974208
13020,wind,2030,3,12,12,-0.23355147568974208
13021,wind,2030,3,13,13,-0.23355147568974208
13022,wind,2030,3,14,14,-0.23355147568974208
13023,wind,2030,3,15,15,-0.23355147568974208
13024,wind,2030,3,16,16,-0.23355147568974208
13025,wind,2030,3,17,17,-0.23355147568974208
13026,wind,2030,3,18,18,-0.330864590560468
13027,wind,2030,3,19,19,-7.719322469091161
13028,wind,2030,3,20,20,-38.73712311279332
13029,wind,2030,3,21,21,-7.719322469091161
13030,wind,2030,3,22,22,-0.330864590560468
13031,wind,2030,3,23,23,-0.330864590560468
13032,wind,2030,3,24,24,-0.23355147568974208
13033,wind,2030,4,1,1,0.0
13034,wind,2030,4,2,2,0.0
13035,wind,2030,4,3,3,0.0
13036,wind,2030,4,4,4,0.0
13037,wind,2030,4,5,5,0.0
13038,wind,2030,4,6,6,0.0
13039,wind,2030,4,7,7,0.0
13040,wind,2030,4,8,8,0.0
13041,wind,2030,4,9,9,0.0
13042,wind,2030,4,10,10,0.0
13043,wind,2030,4,11,11,0.0
13044,wind,2030,4,12,12,0.0
13045,wind,2030,4,13,13,0.0
13046,wind,2030,4,14,14,0.0
13047,wind,2030,4,15,15,0.0
13048,wind,2030,4,16,16,0.0
13049,wind,2030,4,17,17,0.0
13050,wind,2030,4,18,18,0.0
13051,wind,2030,4,19,19,0.0
13052,wind,2030,4,20,20,0.0
13053,wind,2030,4,21,21,0.0
13054,wind,2030,4,22,22,0.0
13055,wind,2030,4,23,23,-0.00035263434144093813
13056,wind,2030,4,24,24,-0.00035263434144093813
13057,wind,2030,5,1,1,-0.09694872545715923
13058,wind,2030,5,2,2,0.0
13059,wind,2030,5,3,3,0.0
13060,wind,2030,5,4,4,0.0
13061,wind,2030,5,5,5,0.0
13062,wind,2030,5,6,6,0.0
13063,wind,2030,5,7,7,0.0
13064,wind,2030,5,8,8,-0.09694872545715923
13065,wind,2030,5,9,9,-0.09694872545715923
13066,wind,2030,5,10,10,-0.09694872545715923
13067,wind,2030,5,11,11,-0.09694872545715923
13068,wind,2030,5,12,12,-0.09694872545715923
13069,wind,2030,5,13,13,-0.09694872545715923
13070,wind,2030,5,14,14,-0.09694872545715923
13071,wind,2030,5,15,15,-0.09694872545715923
13072,wind,2030,5,16,16,-0.09694872545715923
13073,wind,2030,5,17,17,-0.09694872545715923
13074,wind,2030,5,18,18,-0.09694872545715923
13075,wind,2030,5,19,19,-0.09694872545715923
13076,wind,2030,5,20,20,-0.09694872545715923
13077,wind,2030,5,21,21,-0.09694872545715923
13078,wind,2030,5,22,22,-0.09694872545715923
13079,wind,2030,5,23,23,-0.09694872545715923
13080,wind,2030,5,24,24,-0.09694872545715923
13081,wind,2030,6,1,1,-0.16276601574656735
13082,wind,2030,6,2,2,-0.16276601574656735
13083,wind,2030,6,3,3,-0.16276601574656735
13084,wind,2030,6,4,4,-0.16276601574656735
13085,wind,2030,6,5,5,-0.16276601574656735
13086,wind,2030,6,6,6,-0.16276601574656735
13087,wind,2030,6,7,7,-0.16276601574656735
13088,wind,2030,6,8,8,-0.16276601574656735
13089,wind,2030,6,9,9,-0.16276601574656735
13090,wind,2030,6,10,10,-0.16276601574656735
13091,wind,2030,6,11,11,-0.16276601574656735
13092,wind,2030,6,12,12,-0.16276601574656735
13093,wind,2030,6,13,13,-0.16276601574656702
13094,wind,2030,6,14,14,-0.16276601574656702
13095,wind,2030,6,15,15,-0.16276601574656735
13096,wind,2030,6,16,16,-0.16276601574656735
13097,wind,2030,6,17,17,-0.16276601574656735
13098,wind,2030,6,18,18,-0.16276601574656735
13099,wind,2030,6,19,19,-0.16276601574656735
13100,wind,2030,6,20,20,-0.16276601574656735
13101,wind,2030,6,21,21,-0.16276601574656735
13102,wind,2030,6,22,22,-0.16276601574656735
13103,wind,2030,6,23,23,-0.16276601574656735
13104,wind,2030,6,24,24,-0.16276601574656735
13105,wind,2030,7,1,1,-0.11139490451911341
13106,wind,2030,7,2,2,-0.11139490451911341
13107,wind,2030,7,3,3,-0.11139490451911341
13108,wind,2030,7,4,4,-0.11139490451911341
13109,wind,2030,7,5,5,-0.11139490451911341
13110,wind,2030,7,6,6,-0.11139490451911341
13111,wind,2030,7,7,7,-0.11139490451911341
13112,wind,2030,7,8,8,-0.11139490451911341
13113,wind,2030,7,9,9,0.0
13114,wind,2030,7,10,10,0.0
13115,wind,2030,7,11,11,0.0
13116,wind,2030,7,12,12,0.0
13117,wind,2030,7,13,13,0.0
13118,wind,2030,7,14,14,0.0
13119,wind,2030,7,15,15,0.0
13120,wind,2030,7,16,16,0.0
13121,wind,2030,7,17,17,0.0
13122,wind,2030,7,18,18,0.0
13123,wind,2030,7,19,19,-0.11139490451911341
13124,wind,2030,7,20,20,-0.11139490451911341
13125,wind,2030,7,21,21,-0.11139490451911281
13126,wind,2030,7,22,22,-0.11139490451911341
13127,wind,2030,7,23,23,-0.11139490451911341
13128,wind,2030,7,24,24,-0.11139490451911341
13129,wind,2030,8,1,1,0.0
13130,wind,2030,8,2,2,0.0
13131,wind,2030,8,3,3,0.0
13132,wind,2030,8,4,4,0.0
13133,wind,2030,8,5,5,0.0
13134,wind,2030,8,6,6,0.0
13135,wind,2030,8,7,7,0.0
13136,wind,2030,8,8,8,0.0
13137,wind,2030,8,9,9,0.0
13138,wind,2030,8,10,10,0.0
13139,wind,2030,8,11,11,0.0
13140,wind,2030,8,12,12,0.0
13141,wind,2030,8,13,13,0.0
13142,wind,2030,8,14,14,0.0
13143,wind,2030,8,15,15,0.0
13144,wind,2030,8,16,16,0.0
13145,wind,2030,8,17,17,0.0
13146,wind,2030,8,18,18,0.0
13147,wind,2030,8,19,19,0.0
13148,wind,2030,8,20,20,0.0
13149,wind,2030,8,21,21,0.0
13150,wind,2030,8,22,22,0.0
13151,wind,2030,8,23,23,0.0
13152,wind,2030,8,24,24,0.0
13153,wind,2030,9,1,1,0.0
13154,wind,2030,9,2,2,0.0
13155,wind,2030,9,3,3,0.0
13156,wind,2030,9,4,4,0.0
13157,wind,2030,9,5,5,0.0
13158,wind,2030,9,6,6,-0.15256704192973128
13159,wind,2030,9,7,7,-0.15256704192973128
13160,wind,2030,9,8,8,-0.15256704192973128
13161,wind,2030,9,9,9,-0.15256704192973128
13162,wind,2030,9,10,10,-0.15256704192973128
13163,wind,2030,9,11,11,-0.15256704192973128
13164,wind,2030,9,12,12,-0.15256704192973128
13165,wind,2030,9,13,13,-0.15256704192973128
13166,wind,2030,9,14,14,-0.15256704192973128
13167,wind,2030,9,15,15,-0.15256704192973128
13168,wind,2030,9,16,16,-0.15256704192973128
13169,wind,2030,9,17,17,-0.15256704192973128
13170,wind,2030,9,18,18,-0.15256704192973128
13171,wind,2030,9,19,19,-0.15256704192973128
13172,wind,2030,9,20,20,-0.15256704192973128
13173,wind,2030,9,21,21,-0.15256704192973128
13174,wind,2030,9,22,22,-0.15256704192973128
13175,wind,2030,9,23,23,-0.15256704192973128
13176,wind,2030,9,24,24,-0.15256704192973128
13177,wind,2030,10,1,1,-0.06841576043819453
13178,wind,2030,10,2,2,-0.06841576043819453
13179,wind,2030,10,3,3,-0.06841576043819453
13180,wind,2030,10,4,4,-0.06841576043819453
13181,wind,2030,10,5,5,-0.06841576043819453
13182,wind,2030,10,6,6,-0.06841576043819453
13183,wind,2030,10,7,7,-0.06841576043819453
13184,wind,2030,10,8,8,-0.06841576043819453
13185,wind,2030,10,9,9,-0.06841576043819453
13186,wind,2030,10,10,10,-0.06841576043819453
13187,wind,2030,10,11,11,-0.06841576043819453
13188,wind,2030,10,12,12,-0.06841576043819453
13189,wind,2030,10,13,13,-0.06841576043819453
13190,wind,2030,10,14,14,-0.06146728476869041
13191,wind,2030,10,15,15,-0.06841576043819453
13192,wind,2030,10,16,16,-0.06841576043819453
13193,wind,2030,10,17,17,-0.06841576043819453
13194,wind,2030,10,18,18,-0.06841576043819453
13195,wind,2030,10,19,19,-0.06841576043819453
13196,wind,2030,10,20,20,-0.06841576043819453
13197,wind,2030,10,21,21,-0.06841576043819453
13198,wind,2030,10,22,22,-0.06841576043819453
13199,wind,2030,10,23,23,-0.06841576043819453
13200,wind,2030,10,24,24,-0.06841576043819453
13201,wind,2030,11,1,1,-0.06907521754021463
13202,wind,2030,11,2,2,-0.06907521754021463
13203,wind,2030,11,3,3,-0.06907521754021463
13204,wind,2030,11,4,4,-0.06907521754021463
13205,wind,2030,11,5,5,-0.06907521754021463
13206,wind,2030,11,6,6,-0.06907521754021463
13207,wind,2030,11,7,7,-0.06907521754021463
13208,wind,2030,11,8,8,-0.06907521754021463
13209,wind,2030,11,9,9,-0.06907521754021463
13210,wind,2030,11,10,10,-0.06907521754021463
13211,wind,2030,11,11,11,-0.06907521754021463
13212,wind,2030,11,12,12,-0.06907521754021463
13213,wind,2030,11,13,13,-0.06907521754021463
13214,wind,2030,11,14,14,-0.06907521754021463
13215,wind,2030,11,15,15,-0.06907521754021463
13216,wind,2030,11,16,16,-0.06907521754021463
13217,wind,2030,11,17,17,-0.06907521754021463
13218,wind,2030,11,18,18,-0.06907521754021463
13219,wind,2030,11,19,19,-0.06907521754021463
13220,wind,2030,11,20,20,-0.06907521754021463
13221,wind,2030,11,21,21,-0.06907521754021463
13222,wind,2030,11,22,22,-0.06907521754021463
13223,wind,2030,11,23,23,-0.06907521754021463
13224,wind,2030,11,24,24,-0.06907521754021463
13225,wind,2030,12,1,1,-1.4175772664029378
13226,wind,2030,12,2,2,-1.4175772664029378
13227,wind,2030,12,3,3,-1.4175772664029378
13228,wind,2030,12,4,4,-1.4175772664029378
13229,wind,2030,12,5,5,-1.4175772664029378
13230,wind,2030,12,6,6,-1.4175772664029378
13231,wind,2030,12,7,7,-1.4175772664029378
13232,wind,2030,12,8,8,-1.4175772664029378
13233,wind,2030,12,9,9,-1.4175772664029378
13234,wind,2030,12,10,10,-1.4175772664029376
13235,wind,2030,12,11,11,-1.4175772664029378
13236,wind,2030,12,12,12,-1.4175772664029378
13237,wind,2030,12,13,13,-1.4175772664029378
13238,wind,2030,12,14,14,-1.4175772664029378
13239,wind,2030,12,15,15,-1.4175772664029378
13240,wind,2030,12,16,16,-1.4175772664029378
13241,wind,2030,12,17,17,-1.4175772664029378
13242,wind,2030,12,18,18,-1.4175772664029378
13243,wind,2030,12,19,19,-1.7720486708615755
13244,wind,2030,12,20,20,-1.7720486708615755
13245,wind,2030,12,21,21,-1.7720486708615755
13246,wind,2030,12,22,22,-1.7720486708615755
13247,wind,2030,12,23,23,-1.4175772664029374
13248,wind,2030,12,24,24,-1.4175772664029378
13249,wind,2030,13,1,1,-0.18024897049135138
13250,wind,2030,13,2,2,-0.18024897049135138
13251,wind,2030,13,3,3,-0.18024897049135138
13252,wind,2030,13,4,4,-0.18024897049135138
13253,wind,2030,13,5,5,-0.18024897049135138
13254,wind,2030,13,6,6,-0.18024897049135138
13255,wind,2030,13,7,7,-0.18024897049135138
13256,wind,2030,13,8,8,-0.18024897049135138
13257,wind,2030,13,9,9,-0.18024897049135138
13258,wind,2030,13,10,10,0.0
13259,wind,2030,13,11,11,0.0
13260,wind,2030,13,12,12,0.0
13261,wind,2030,13,13,13,0.0
13262,wind,2030,13,14,14,0.0
13263,wind,2030,13,15,15,0.0
13264,wind,2030,13,16,16,0.0
13265,wind,2030,13,17,17,0.0
13266,wind,2030,13,18,18,0.0
13267,wind,2030,13,19,19,-0.18024897049135138
13268,wind,2030,13,20,20,-0.18024897049135138
13269,wind,2030,13,21,21,-0.18024897049135138
13270,wind,2030,13,22,22,-0.1802489704913508
13271,wind,2030,13,23,23,-0.18024897049135138
13272,wind,2030,13,24,24,-0.1802489704913508
13273,wind,2030,14,1,1,0.0
13274,wind,2030,14,2,2,0.0
13275,wind,2030,14,3,3,0.0
13276,wind,2030,14,4,4,0.0
13277,wind,2030,14,5,5,0.0
13278,wind,2030,14,6,6,0.0
13279,wind,2030,14,7,7,0.0
13280,wind,2030,14,8,8,0.0
13281,wind,2030,14,9,9,0.0
13282,wind,2030,14,10,10,0.0
13283,wind,2030,14,11,11,0.0
13284,wind,2030,14,12,12,0.0
13285,wind,2030,14,13,13,0.0
13286,wind,2030,14,14,14,0.0
13287,wind,2030,14,15,15,0.0
13288,wind,2030,14,16,16,0.0
13289,wind,2030,14,17,17,0.0
13290,wind,2030,14,18,18,0.0
13291,wind,2030,14,19,19,-0.06832531333165805
13292,wind,2030,14,20,20,-0.06832531333165805
13293,wind,2030,14,21,21,-0.06832531333165778
13294,wind,2030,14,22,22,-0.06832531333165805
13295,wind,2030,14,23,23,-0.06832531333165805
13296,wind,2030,14,24,24,-0.06832531333165778
13297,wind,2030,15,1,1,-0.18299547406189276
13298,wind,2030,15,2,2,-0.18299547406189276
13299,wind,2030,15,3,3,-0.18299547406189276
13300,wind,2030,15,4,4,-0.18299547406189276
13301,wind,2030,15,5,5,-0.18299547406189276
13302,wind,2030,15,6,6,-0.18299547406189276
13303,wind,2030,15,7,7,-0.18299547406189276
13304,wind,2030,15,8,8,-0.18299547406189276
13305,wind,2030,15,9,9,-0.18299547406189276
13306,wind,2030,15,10,10,-0.18299547406189276
13307,wind,2030,15,11,11,-0.18299547406189276
13308,wind,2030,15,12,12,-0.18299547406189276
13309,wind,2030,15,13,13,-0.18299547406189276
13310,wind,2030,15,14,14,-0.18299547406189276
13311,wind,2030,15,15,15,-0.18299547406189276
13312,wind,2030,15,16,16,-0.18299547406189276
13313,wind,2030,15,17,17,-0.18299547406189276
13314,wind,2030,15,18,18,-0.18299547406189276
13315,wind,2030,15,19,19,-0.18299547406189276
13316,wind,2030,15,20,20,-0.18299547406189276
13317,wind,2030,15,21,21,-0.18299547406189276
13318,wind,2030,15,22,22,-0.18299547406189276
13319,wind,2030,15,23,23,-0.18299547406189276
13320,wind,2030,15,24,24,-0.18299547406189276
13321,wind,2030,16,1,1,-0.45221356754817166
13322,wind,2030,16,2,2,-0.45221356754817166
13323,wind,2030,16,3,3,-0.45221356754817166
13324,wind,2030,16,4,4,-0.45221356754817166
13325,wind,2030,16,5,5,-0.45221356754817166
13326,wind,2030,16,6,6,-0.45221356754817166
13327,wind,2030,16,7,7,-0.45221356754817166
13328,wind,2030,16,8,8,-0.45221356754817166
13329,wind,2030,16,9,9,-0.45221356754817166
13330,wind,2030,16,10,10,-0.45221356754817166
13331,wind,2030,16,11,11,-0.45221356754817166
13332,wind,2030,16,12,12,-0.45221356754817166
13333,wind,2030,16,13,13,-0.45221356754817166
13334,wind,2030,16,14,14,-0.45221356754817166
13335,wind,2030,16,15,15,-0.45221356754817166
13336,wind,2030,16,16,16,-0.45221356754817166
13337,wind,2030,16,17,17,-0.45221356754817166
13338,wind,2030,16,18,18,-0.45221356754817166
13339,wind,2030,16,19,19,-0.45221356754817166
13340,wind,2030,16,20,20,-0.45221356754817166
13341,wind,2030,16,21,21,-0.45221356754817166
13342,wind,2030,16,22,22,-0.45221356754817166
13343,wind,2030,16,23,23,-0.45221356754817166
13344,wind,2030,16,24,24,-0.45221356754817166
13345,wind,2030,17,1,1,-0.1806065167086743
13346,wind,2030,17,2,2,-0.1806065167086743
13347,wind,2030,17,3,3,-0.1806065167086743
13348,wind,2030,17,4,4,-0.1806065167086743
13349,wind,2030,17,5,5,-0.1806065167086743
13350,wind,2030,17,6,6,-0.1806065167086743
13351,wind,2030,17,7,7,-0.1806065167086743
13352,wind,2030,17,8,8,-0.1806065167086743
13353,wind,2030,17,9,9,-0.1806065167086743
13354,wind,2030,17,10,10,-0.1806065167086743
13355,wind,2030,17,11,11,-0.1806065167086743
13356,wind,2030,17,12,12,-0.1806065167086743
13357,wind,2030,17,13,13,-0.1806065167086743
13358,wind,2030,17,14,14,-0.1806065167086743
13359,wind,2030,17,15,15,-0.1806065167086743
13360,wind,2030,17,16,16,-0.1806065167086743
13361,wind,2030,17,17,17,-0.1806065167086743
13362,wind,2030,17,18,18,-0.1806065167086743
13363,wind,2030,17,19,19,-0.1806065167086743
13364,wind,2030,17,20,20,-0.1806065167086743
13365,wind,2030,17,21,21,-0.1806065167086743
13366,wind,2030,17,22,22,-0.1806065167086743
13367,wind,2030,17,23,23,-0.1806065167086743
13368,wind,2030,17,24,24,-0.1806065167086743
13369,wind,2030,18,1,1,0.0
13370,wind,2030,18,2,2,0.0
13371,wind,2030,18,3,3,0.0
13372,wind,2030,18,4,4,0.0
13373,wind,2030,18,5,5,0.0
13374,wind,2030,18,6,6,0.0
13375,wind,2030,18,7,7,0.0
13376,wind,2030,18,8,8,0.0
13377,wind,2030,18,9,9,0.0
13378,wind,2030,18,10,10,0.0
13379,wind,2030,18,11,11,0.0
13380,wind,2030,18,12,12,0.0
13381,wind,2030,18,13,13,0.0
13382,wind,2030,18,14,14,0.0
13383,wind,2030,18,15,15,0.0
13384,wind,2030,18,16,16,0.0
13385,wind,2030,18,17,17,0.0
13386,wind,2030,18,18,18,0.0
13387,wind,2030,18,19,19,0.0
13388,wind,2030,18,20,20,0.0
13389,wind,2030,18,21,21,0.0
13390,wind,2030,18,22,22,-0.00039600151824808506
13391,wind,2030,18,23,23,-0.00039600151824808506
13392,wind,2030,18,24,24,-0.08797326036157434
13393,wind,2030,19,1,1,-0.07709652664472472
13394,wind,2030,19,2,2,-0.07709652664472472
13395,wind,2030,19,3,3,-0.07709652664472472
13396,wind,2030,19,4,4,-0.07709652664472472
13397,wind,2030,19,5,5,-0.07709652664472472
13398,wind,2030,19,6,6,-0.07709652664472472
13399,wind,2030,19,7,7,-0.07709652664472472
13400,wind,2030,19,8,8,-0.07709652664472472
13401,wind,2030,19,9,9,-0.07709652664472472
13402,wind,2030,19,10,10,-0.07709652664472472
13403,wind,2030,19,11,11,-0.07709652664472472
13404,wind,2030,19,12,12,0.0
13405,wind,2030,19,13,13,0.0
13406,wind,2030,19,14,14,0.0
13407,wind,2030,19,15,15,0.0
13408,wind,2030,19,16,16,0.0
13409,wind,2030,19,17,17,0.0
13410,wind,2030,19,18,18,-0.07709652664472472
13411,wind,2030,19,19,19,-0.07709652664472472
13412,wind,2030,19,20,20,-0.07709652664472472
13413,wind,2030,19,21,21,-0.07709652664472472
13414,wind,2030,19,22,22,-0.07709652664472472
13415,wind,2030,19,23,23,-0.07709652664472472
13416,wind,2030,19,24,24,-0.07709652664472472
13417,wind,2030,20,1,1,0.0
13418,wind,2030,20,2,2,0.0
13419,wind,2030,20,3,3,0.0
13420,wind,2030,20,4,4,0.0
13421,wind,2030,20,5,5,0.0
13422,wind,2030,20,6,6,0.0
13423,wind,2030,20,7,7,0.0
13424,wind,2030,20,8,8,0.0
13425,wind,2030,20,9,9,0.0
13426,wind,2030,20,10,10,0.0
13427,wind,2030,20,11,11,0.0
13428,wind,2030,20,12,12,0.0
13429,wind,2030,20,13,13,0.0
13430,wind,2030,20,14,14,0.0
13431,wind,2030,20,15,15,0.0
13432,wind,2030,20,16,16,0.0
13433,wind,2030,20,17,17,0.0
13434,wind,2030,20,18,18,0.0
13435,wind,2030,20,19,19,0.0
13436,wind,2030,20,20,20,-0.07233612184634476
13437,wind,2030,20,21,21,-0.07233612184634476
13438,wind,2030,20,22,22,-0.07233612184634476
13439,wind,2030,20,23,23,0.0
13440,wind,2030,20,24,24,0.0
13441,wind,2030,21,1,1,-0.05311938374407874
13442,wind,2030,21,2,2,-0.05311938374407874
13443,wind,2030,21,3,3,-0.05311938374407874
13444,wind,2030,21,4,4,-0.05311938374407874
13445,wind,2030,21,5,5,-0.05311938374407874
13446,wind,2030,21,6,6,-0.05311938374407874
13447,wind,2030,21,7,7,-0.05311938374407874
13448,wind,2030,21,8,8,-0.05311938374407874
13449,wind,2030,21,9,9,-0.05311938374407874
13450,wind,2030,21,10,10,-0.05311938374407874
13451,wind,2030,21,11,11,-0.05311938374407874
13452,wind,2030,21,12,12,-0.05311938374407874
13453,wind,2030,21,13,13,0.0
13454,wind,2030,21,14,14,0.0
13455,wind,2030,21,15,15,0.0
13456,wind,2030,21,16,16,0.0
13457,wind,2030,21,17,17,-0.05311938374407874
13458,wind,2030,21,18,18,-0.05311938374407874
13459,wind,2030,21,19,19,-0.05311938374407874
13460,wind,2030,21,20,20,-0.05311938374407874
13461,wind,2030,21,21,21,-0.05311938374407874
13462,wind,2030,21,22,22,-0.05311938374407874
13463,wind,2030,21,23,23,-0.05311938374407874
13464,wind,2030,21,24,24,0.0
13465,wind,2030,22,1,1,-0.11111552397853856
13466,wind,2030,22,2,2,-0.11111552397853856
13467,wind,2030,22,3,3,-0.11111552397853856
13468,wind,2030,22,4,4,-0.11111552397853856
13469,wind,2030,22,5,5,-0.11111552397853856
13470,wind,2030,22,6,6,-0.11111552397853856
13471,wind,2030,22,7,7,-0.11111552397853856
13472,wind,2030,22,8,8,-0.11111552397853856
13473,wind,2030,22,9,9,-0.11111552397853856
13474,wind,2030,22,10,10,-0.11111552397853856
13475,wind,2030,22,11,11,0.0
13476,wind,2030,22,12,12,0.0
13477,wind,2030,22,13,13,0.0
13478,wind,2030,22,14,14,0.0
13479,wind,2030,22,15,15,0.0
13480,wind,2030,22,16,16,0.0
13481,wind,2030,22,17,17,0.0
13482,wind,2030,22,18,18,-0.11111552397853856
13483,wind,2030,22,19,19,-0.11111552397853856
13484,wind,2030,22,20,20,-0.11111552397853856
13485,wind,2030,22,21,21,-0.11111552397853856
13486,wind,2030,22,22,22,-0.11111552397853856
13487,wind,2030,22,23,23,-0.11111552397853856
13488,wind,2030,22,24,24,-0.11111552397853856
13489,wind,2030,23,1,1,-0.19363958464193173
13490,wind,2030,23,2,2,-0.19363958464193173
13491,wind,2030,23,3,3,-0.19363958464193173
13492,wind,2030,23,4,4,-0.19363958464193173
13493,wind,2030,23,5,5,-0.19363958464193173
13494,wind,2030,23,6,6,-0.19363958464193173
13495,wind,2030,23,7,7,-0.19363958464193173
13496,wind,2030,23,8,8,-0.19363958464193173
13497,wind,2030,23,9,9,-0.19363958464193173
13498,wind,2030,23,10,10,-0.19363958464193173
13499,wind,2030,23,11,11,-0.19363958464193173
13500,wind,2030,23,12,12,0.0
13501,wind,2030,23,13,13,0.0
13502,wind,2030,23,14,14,0.0
13503,wind,2030,23,15,15,0.0
13504,wind,2030,23,16,16,0.0
13505,wind,2030,23,17,17,0.0
13506,wind,2030,23,18,18,-0.19363958464193173
13507,wind,2030,23,19,19,-0.19363958464193173
13508,wind,2030,23,20,20,-0.19363958464193173
13509,wind,2030,23,21,21,-0.19363958464193173
13510,wind,2030,23,22,22,-0.19363958464193173
13511,wind,2030,23,23,23,-0.19363958464193054
13512,wind,2030,23,24,24,-0.19363958464193054
13513,wind,2030,24,1,1,-0.5764947988640927
13514,wind,2030,24,2,2,-0.5764947988640927
13515,wind,2030,24,3,3,-0.5764947988640927
13516,wind,2030,24,4,4,-0.5764947988640927
13517,wind,2030,24,5,5,-0.5764947988640927
13518,wind,2030,24,6,6,-0.5764947988640927
13519,wind,2030,24,7,7,-0.5764947988640927
13520,wind,2030,24,8,8,-0.5764947988640927
13521,wind,2030,24,9,9,-0.5764947988640927
13522,wind,2030,24,10,10,-0.5764947988640927
13523,wind,2030,24,11,11,-0.5764947988640927
13524,wind,2030,24,12,12,-0.5764947988640927
13525,wind,2030,24,13,13,-0.5764947988640927
13526,wind,2030,24,14,14,-0.5764947988640927
13527,wind,2030,24,15,15,-0.5764947988640927
13528,wind,2030,24,16,16,-0.5764947988640927
13529,wind,2030,24,17,17,-0.5764947988640927
13530,wind,2030,24,18,18,-0.8167009650574647
13531,wind,2030,24,19,19,-0.8167009650574647
13532,wind,2030,24,20,20,-0.8167009650574647
13533,wind,2030,24,21,21,-0.8167009650574647
13534,wind,2030,24,22,22,-0.8167009650574646
13535,wind,2030,24,23,23,-0.5764947988640926
13536,wind,2030,24,24,24,-0.5764947988640926
13537,wind,2030,25,1,1,0.0
13538,wind,2030,25,2,2,0.0
13539,wind,2030,25,3,3,0.0
13540,wind,2030,25,4,4,0.0
13541,wind,2030,25,5,5,0.0
13542,wind,2030,25,6,6,0.0
13543,wind,2030,25,7,7,0.0
13544,wind,2030,25,8,8,0.0
13545,wind,2030,25,9,9,-0.00035594972829493515
13546,wind,2030,25,10,10,-0.00035594972829493515
13547,wind,2030,25,11,11,0.0
13548,wind,2030,25,12,12,0.0
13549,wind,2030,25,13,13,0.0
13550,wind,2030,25,14,14,0.0
13551,wind,2030,25,15,15,0.0
13552,wind,2030,25,16,16,0.0
13553,wind,2030,25,17,17,-0.07907560117813613
13554,wind,2030,25,18,18,-0.0790756011781364
13555,wind,2030,25,19,19,-0.0790756011781364
13556,wind,2030,25,20,20,-0.0790756011781364
13557,wind,2030,25,21,21,-0.0790756011781364
13558,wind,2030,25,22,22,-0.0790756011781364
13559,wind,2030,25,23,23,-0.0790756011781364
13560,wind,2030,25,24,24,-0.0790756011781364
13561,wind,2030,26,1,1,-0.07995314143618672
13562,wind,2030,26,2,2,-0.07995314143618672
13563,wind,2030,26,3,3,-0.07995314143618672
13564,wind,2030,26,4,4,-0.07995314143618672
13565,wind,2030,26,5,5,-0.07995314143618672
13566,wind,2030,26,6,6,-0.07995314143618672
13567,wind,2030,26,7,7,-0.07995314143618672
13568,wind,2030,26,8,8,-0.07995314143618672
13569,wind,2030,26,9,9,-0.07995314143618672
13570,wind,2030,26,10,10,-0.07995314143618672
13571,wind,2030,26,11,11,-0.07995314143618672
13572,wind,2030,26,12,12,-0.07995314143618672
13573,wind,2030,26,13,13,-0.07995314143618672
13574,wind,2030,26,14,14,-0.07995314143618672
13575,wind,2030,26,15,15,-0.07995314143618672
13576,wind,2030,26,16,16,-0.07995314143618672
13577,wind,2030,26,17,17,-0.07995314143618672
13578,wind,2030,26,18,18,-0.07995314143618672
13579,wind,2030,26,19,19,-0.07995314143618672
13580,wind,2030,26,20,20,-0.07995314143618672
13581,wind,2030,26,21,21,-0.07995314143618672
13582,wind,2030,26,22,22,-0.07995314143618672
13583,wind,2030,26,23,23,-0.07995314143618672
13584,wind,2030,26,24,24,-0.07995314143618672
13585,wind,2030,27,1,1,0.0
13586,wind,2030,27,2,2,0.0
13587,wind,2030,27,3,3,0.0
13588,wind,2030,27,4,4,0.0
13589,wind,2030,27,5,5,0.0
13590,wind,2030,27,6,6,0.0
13591,wind,2030,27,7,7,0.0
13592,wind,2030,27,8,8,0.0
13593,wind,2030,27,9,9,0.0
13594,wind,2030,27,10,10,0.0
13595,wind,2030,27,11,11,0.0
13596,wind,2030,27,12,12,0.0
13597,wind,2030,27,13,13,0.0
13598,wind,2030,27,14,14,0.0
13599,wind,2030,27,15,15,0.0
13600,wind,2030,27,16,16,0.0
13601,wind,2030,27,17,17,0.0
13602,wind,2030,27,18,18,0.0
13603,wind,2030,27,19,19,0.0
13604,wind,2030,27,20,20,0.0
13605,wind,2030,27,21,21,0.0
13606,wind,2030,27,22,22,0.0
13607,wind,2030,27,23,23,0.0
13608,wind,2030,27,24,24,0.0
13609,wind,2030,28,1,1,-0.5217354170979345
13610,wind,2030,28,2,2,-0.5217354170979345
13611,wind,2030,28,3,3,-0.5217354170979345
13612,wind,2030,28,4,4,-0.5217354170979345
13613,wind,2030,28,5,5,-0.5217354170979345
13614,wind,2030,28,6,6,-0.5217354170979345
13615,wind,2030,28,7,7,-0.5217354170979345
13616,wind,2030,28,8,8,-0.5217354170979345
13617,wind,2030,28,9,9,-0.5217354170979345
13618,wind,2030,28,10,10,-0.5217354170979345
13619,wind,2030,28,11,11,-0.5217354170979345
13620,wind,2030,28,12,12,-0.5217354170979345
13621,wind,2030,28,13,13,-0.5217354170979345
13622,wind,2030,28,14,14,-0.5217354170979345
13623,wind,2030,28,15,15,-0.5217354170979345
13624,wind,2030,28,16,16,-0.5217354170979345
13625,wind,2030,28,17,17,-0.5217354170979345
13626,wind,2030,28,18,18,-0.5217354170979345
13627,wind,2030,28,19,19,-0.5217354170979345
13628,wind,2030,28,20,20,-0.5217354170979345
13629,wind,2030,28,21,21,-0.5217354170979345
13630,wind,2030,28,22,22,-0.5217354170979345
13631,wind,2030,28,23,23,-0.5217354170979345
13632,wind,2030,28,24,24,-0.5217354170979345
13633,wind,2030,29,1,1,-0.14512300067698816
13634,wind,2030,29,2,2,-0.14512300067698816
13635,wind,2030,29,3,3,-0.14512300067698816
13636,wind,2030,29,4,4,-0.14512300067698816
13637,wind,2030,29,5,5,-0.14512300067698816
13638,wind,2030,29,6,6,-0.14512300067698783
13639,wind,2030,29,7,7,-0.14512300067698816
13640,wind,2030,29,8,8,-0.14512300067698816
13641,wind,2030,29,9,9,-0.14512300067698816
13642,wind,2030,29,10,10,-0.14512300067698816
13643,wind,2030,29,11,11,-0.14512300067698816
13644,wind,2030,29,12,12,-0.14512300067698816
13645,wind,2030,29,13,13,-0.14512300067698816
13646,wind,2030,29,14,14,-0.14512300067698816
13647,wind,2030,29,15,15,-0.14512300067698783
13648,wind,2030,29,16,16,-0.14512300067698816
13649,wind,2030,29,17,17,-0.14512300067698816
13650,wind,2030,29,18,18,-0.14512300067698816
13651,wind,2030,29,19,19,-0.14512300067698816
13652,wind,2030,29,20,20,-0.14512300067698816
13653,wind,2030,29,21,21,-0.14512300067698816
13654,wind,2030,29,22,22,-0.14512300067698816
13655,wind,2030,29,23,23,-0.14512300067698816
13656,wind,2030,29,24,24,-0.14512300067698816
13657,wind,2030,30,1,1,-0.12355499297423637
13658,wind,2030,30,2,2,-0.12355499297423637
13659,wind,2030,30,3,3,-0.12355499297423637
13660,wind,2030,30,4,4,-0.12355499297423637
13661,wind,2030,30,5,5,-0.12355499297423637
13662,wind,2030,30,6,6,-0.12355499297423637
13663,wind,2030,30,7,7,-0.12355499297423637
13664,wind,2030,30,8,8,-0.12355499297423637
13665,wind,2030,30,9,9,-0.12355499297423637
13666,wind,2030,30,10,10,-0.12355499297423637
13667,wind,2030,30,11,11,0.0
13668,wind,2030,30,12,12,0.0
13669,wind,2030,30,13,13,0.0
13670,wind,2030,30,14,14,0.0
13671,wind,2030,30,15,15,0.0
13672,wind,2030,30,16,16,0.0
13673,wind,2030,30,17,17,-0.12355499297423637
13674,wind,2030,30,18,18,-0.12355499297423637
13675,wind,2030,30,19,19,-0.12355499297423637
13676,wind,2030,30,20,20,-0.12355499297423637
13677,wind,2030,30,21,21,-0.12355499297423637
13678,wind,2030,30,22,22,-0.12355499297423637
13679,wind,2030,30,23,23,-0.12355499297423637
13680,wind,2030,30,24,24,-0.12355499297423637
13681,wind,2030,31,1,1,-0.17233311515112432
13682,wind,2030,31,2,2,-0.17233311515112432
13683,wind,2030,31,3,3,-0.17233311515112432
13684,wind,2030,31,4,4,-0.17233311515112432
13685,wind,2030,31,5,5,-0.17233311515112432
13686,wind,2030,31,6,6,-0.17233311515112432
13687,wind,2030,31,7,7,-0.17233311515112432
13688,wind,2030,31,8,8,-0.17233311515112432
13689,wind,2030,31,9,9,-0.17233311515112432
13690,wind,2030,31,10,10,-0.17233311515112432
13691,wind,2030,31,11,11,-0.17233311515112432
13692,wind,2030,31,12,12,-0.17233311515112407
13693,wind,2030,31,13,13,-0.15483053314358824
13694,wind,2030,31,14,14,-0.15483053314358824
13695,wind,2030,31,15,15,-0.17233311515112407
13696,wind,2030,31,16,16,-0.17233311515112432
13697,wind,2030,31,17,17,-0.17233311515112432
13698,wind,2030,31,18,18,-0.17233311515112432
13699,wind,2030,31,19,19,-0.17233311515112432
13700,wind,2030,31,20,20,-0.17233311515112432
13701,wind,2030,31,21,21,-0.17233311515112432
13702,wind,2030,31,22,22,-0.17233311515112432
13703,wind,2030,31,23,23,-0.17233311515112432
13704,wind,2030,31,24,24,-0.17233311515112432
13705,wind,2030,32,1,1,0.0
13706,wind,2030,32,2,2,0.0
13707,wind,2030,32,3,3,0.0
13708,wind,2030,32,4,4,0.0
13709,wind,2030,32,5,5,0.0
13710,wind,2030,32,6,6,0.0
13711,wind,2030,32,7,7,0.0
13712,wind,2030,32,8,8,0.0
13713,wind,2030,32,9,9,0.0
13714,wind,2030,32,10,10,0.0
13715,wind,2030,32,11,11,0.0
13716,wind,2030,32,12,12,0.0
13717,wind,2030,32,13,13,0.0
13718,wind,2030,32,14,14,0.0
13719,wind,2030,32,15,15,0.0
13720,wind,2030,32,16,16,0.0
13721,wind,2030,32,17,17,0.0
13722,wind,2030,32,18,18,0.0
13723,wind,2030,32,19,19,-0.093608882571779
13724,wind,2030,32,20,20,-0.09360888257177875
13725,wind,2030,32,21,21,-0.093608882571779
13726,wind,2030,32,22,22,-0.09360888257177877
13727,wind,2030,32,23,23,-0.093608882571779
13728,wind,2030,32,24,24,-0.09360888257177877
13729,wind,2030,33,1,1,0.0
13730,wind,2030,33,2,2,0.0
13731,wind,2030,33,3,3,0.0
13732,wind,2030,33,4,4,0.0
13733,wind,2030,33,5,5,0.0
13734,wind,2030,33,6,6,-0.07363834223588836
13735,wind,2030,33,7,7,-0.07363834223588867
13736,wind,2030,33,8,8,-0.07363834223588867
13737,wind,2030,33,9,9,-0.07363834223588867
13738,wind,2030,33,10,10,-0.07363834223588867
13739,wind,2030,33,11,11,0.0
13740,wind,2030,33,12,12,0.0
13741,wind,2030,33,13,13,0.0
13742,wind,2030,33,14,14,0.0
13743,wind,2030,33,15,15,0.0
13744,wind,2030,33,16,16,-0.07363834223588867
13745,wind,2030,33,17,17,-0.07363834223588867
13746,wind,2030,33,18,18,-0.07363834223588867
13747,wind,2030,33,19,19,-0.07363834223588867
13748,wind,2030,33,20,20,-0.07363834223588867
13749,wind,2030,33,21,21,-0.07363834223588867
13750,wind,2030,33,22,22,-0.07363834223588867
13751,wind,2030,33,23,23,-0.07363834223588867
13752,wind,2030,33,24,24,-0.07363834223588867
13753,wind,2030,34,1,1,-0.08104046392805986
13754,wind,2030,34,2,2,-0.08104046392805986
13755,wind,2030,34,3,3,-0.08104046392805986
13756,wind,2030,34,4,4,-0.08104046392805986
13757,wind,2030,34,5,5,-0.08104046392805986
13758,wind,2030,34,6,6,-0.08104046392805986
13759,wind,2030,34,7,7,-0.08104046392805986
13760,wind,2030,34,8,8,-0.08104046392805986
13761,wind,2030,34,9,9,-0.08104046392805986
13762,wind,2030,34,10,10,0.0
13763,wind,2030,34,11,11,0.0
13764,wind,2030,34,12,12,0.0
13765,wind,2030,34,13,13,0.0
13766,wind,2030,34,14,14,0.0
13767,wind,2030,34,15,15,0.0
13768,wind,2030,34,16,16,0.0
13769,wind,2030,34,17,17,0.0
13770,wind,2030,34,18,18,0.0
13771,wind,2030,34,19,19,0.0
13772,wind,2030,34,20,20,-0.08104046392805986
13773,wind,2030,34,21,21,-0.08104046392805986
13774,wind,2030,34,22,22,-0.08104046392805986
13775,wind,2030,34,23,23,0.0
13776,wind,2030,34,24,24,0.0
13777,wind,2030,35,1,1,-0.054452502947866924
13778,wind,2030,35,2,2,-0.054452502947866924
13779,wind,2030,35,3,3,-0.054452502947866924
13780,wind,2030,35,4,4,-0.054452502947866924
13781,wind,2030,35,5,5,-0.054452502947866924
13782,wind,2030,35,6,6,-0.054452502947866924
13783,wind,2030,35,7,7,-0.054452502947866924
13784,wind,2030,35,8,8,-0.0544525029478667
13785,wind,2030,35,9,9,0.0
13786,wind,2030,35,10,10,0.0
13787,wind,2030,35,11,11,0.0
13788,wind,2030,35,12,12,0.0
13789,wind,2030,35,13,13,0.0
13790,wind,2030,35,14,14,0.0
13791,wind,2030,35,15,15,0.0
13792,wind,2030,35,16,16,0.0
13793,wind,2030,35,17,17,0.0
13794,wind,2030,35,18,18,0.0
13795,wind,2030,35,19,19,-0.054452502947866924
13796,wind,2030,35,20,20,-0.054452502947866924
13797,wind,2030,35,21,21,-0.054452502947866924
13798,wind,2030,35,22,22,-0.054452502947866924
13799,wind,2030,35,23,23,-0.054452502947866924
13800,wind,2030,35,24,24,-0.054452502947866924
13801,wind,2030,36,1,1,-0.34013439698229453
13802,wind,2030,36,2,2,-0.34013439698229453
13803,wind,2030,36,3,3,-0.34013439698229453
13804,wind,2030,36,4,4,-0.34013439698229453
13805,wind,2030,36,5,5,-0.34013439698229453
13806,wind,2030,36,6,6,-0.34013439698229453
13807,wind,2030,36,7,7,-0.34013439698229453
13808,wind,2030,36,8,8,-0.34013439698229453
13809,wind,2030,36,9,9,-0.34013439698229453
13810,wind,2030,36,10,10,-0.34013439698229453
13811,wind,2030,36,11,11,-0.34013439698229453
13812,wind,2030,36,12,12,-0.34013439698229453
13813,wind,2030,36,13,13,-0.34013439698229453
13814,wind,2030,36,14,14,-0.34013439698229453
13815,wind,2030,36,15,15,-0.34013439698229453
13816,wind,2030,36,16,16,-0.34013439698229453
13817,wind,2030,36,17,17,-0.34013439698229453
13818,wind,2030,36,18,18,-0.34013439698229453
13819,wind,2030,36,19,19,-0.34013439698229453
13820,wind,2030,36,20,20,-0.34013439698229453
13821,wind,2030,36,21,21,-0.34013439698229453
13822,wind,2030,36,22,22,-0.34013439698229453
13823,wind,2030,36,23,23,-0.34013439698229453
13824,wind,2030,36,24,24,-0.34013439698229453
13825,wind,2030,37,1,1,-0.20800450702754303
13826,wind,2030,37,2,2,-0.20800450702754303
13827,wind,2030,37,3,3,-0.20800450702754303
13828,wind,2030,37,4,4,-0.20800450702754303
13829,wind,2030,37,5,5,-0.20800450702754303
13830,wind,2030,37,6,6,-0.20800450702754303
13831,wind,2030,37,7,7,-0.20800450702754303
13832,wind,2030,37,8,8,-0.20800450702754303
13833,wind,2030,37,9,9,-0.20800450702754303
13834,wind,2030,37,10,10,-0.20800450702754303
13835,wind,2030,37,11,11,-0.20800450702754303
13836,wind,2030,37,12,12,0.0
13837,wind,2030,37,13,13,0.0
13838,wind,2030,37,14,14,0.0
13839,wind,2030,37,15,15,0.0
13840,wind,2030,37,16,16,-0.20800450702754303
13841,wind,2030,37,17,17,-0.20800450702754303
13842,wind,2030,37,18,18,-0.20800450702754303
13843,wind,2030,37,19,19,-0.20800450702754303
13844,wind,2030,37,20,20,-0.20800450702754303
13845,wind,2030,37,21,21,-0.20800450702754303
13846,wind,2030,37,22,22,-0.20800450702754303
13847,wind,2030,37,23,23,-0.20800450702754303
13848,wind,2030,37,24,24,-0.20800450702754303
13849,wind,2030,38,1,1,-0.14641108868455657
13850,wind,2030,38,2,2,-0.14641108868455657
13851,wind,2030,38,3,3,-0.14641108868455657
13852,wind,2030,38,4,4,-0.14641108868455657
13853,wind,2030,38,5,5,-0.14641108868455657
13854,wind,2030,38,6,6,-0.14641108868455657
13855,wind,2030,38,7,7,-0.14641108868455657
13856,wind,2030,38,8,8,-0.14641108868455657
13857,wind,2030,38,9,9,-0.14641108868455657
13858,wind,2030,38,10,10,-0.14641108868455657
13859,wind,2030,38,11,11,-0.14641108868455657
13860,wind,2030,38,12,12,-0.14641108868455657
13861,wind,2030,38,13,13,-0.14641108868455657
13862,wind,2030,38,14,14,-0.14641108868455657
13863,wind,2030,38,15,15,-0.14641108868455657
13864,wind,2030,38,16,16,-0.14641108868455657
13865,wind,2030,38,17,17,-0.14641108868455657
13866,wind,2030,38,18,18,-0.14641108868455657
13867,wind,2030,38,19,19,-0.14641108868455657
13868,wind,2030,38,20,20,-0.14641108868455657
13869,wind,2030,38,21,21,-0.14641108868455657
13870,wind,2030,38,22,22,-0.14641108868455657
13871,wind,2030,38,23,23,-0.14641108868455657
13872,wind,2030,38,24,24,-0.14641108868455657
13873,wind,2030,39,1,1,-0.05877853482904193
13874,wind,2030,39,2,2,-0.05877853482904193
13875,wind,2030,39,3,3,-0.05877853482904193
13876,wind,2030,39,4,4,-0.05877853482904193
13877,wind,2030,39,5,5,-0.05877853482904193
13878,wind,2030,39,6,6,-0.06542306485319416
13879,wind,2030,39,7,7,-0.0654230648531945
13880,wind,2030,39,8,8,-0.0654230648531945
13881,wind,2030,39,9,9,-0.0654230648531945
13882,wind,2030,39,10,10,0.0
13883,wind,2030,39,11,11,0.0
13884,wind,2030,39,12,12,0.0
13885,wind,2030,39,13,13,0.0
13886,wind,2030,39,14,14,0.0
13887,wind,2030,39,15,15,0.0
13888,wind,2030,39,16,16,0.0
13889,wind,2030,39,17,17,0.0
13890,wind,2030,39,18,18,-0.0654230648531945
13891,wind,2030,39,19,19,-0.0654230648531945
13892,wind,2030,39,20,20,-0.0654230648531945
13893,wind,2030,39,21,21,-0.0654230648531945
13894,wind,2030,39,22,22,-0.0654230648531945
13895,wind,2030,39,23,23,-0.0654230648531945
13896,wind,2030,39,24,24,-0.0654230648531945
13897,wind,2030,40,1,1,-0.1483879703803464
13898,wind,2030,40,2,2,-0.1483879703803464
13899,wind,2030,40,3,3,-0.1483879703803464
13900,wind,2030,40,4,4,-0.1483879703803464
13901,wind,2030,40,5,5,-0.1483879703803464
13902,wind,2030,40,6,6,-0.1483879703803464
13903,wind,2030,40,7,7,-0.1483879703803464
13904,wind,2030,40,8,8,-0.1483879703803464
13905,wind,2030,40,9,9,-0.1483879703803464
13906,wind,2030,40,10,10,-0.1483879703803464
13907,wind,2030,40,11,11,-0.1483879703803464
13908,wind,2030,40,12,12,-0.1483879703803464
13909,wind,2030,40,13,13,-0.1483879703803464
13910,wind,2030,40,14,14,-0.1483879703803464
13911,wind,2030,40,15,15,-0.1483879703803464
13912,wind,2030,40,16,16,-0.1483879703803464
13913,wind,2030,40,17,17,-0.1483879703803464
13914,wind,2030,40,18,18,-0.1483879703803464
13915,wind,2030,40,19,19,-0.1483879703803464
13916,wind,2030,40,20,20,-0.1483879703803464
13917,wind,2030,40,21,21,-0.1483879703803464
13918,wind,2030,40,22,22,-0.1483879703803464
13919,wind,2030,40,23,23,-0.1483879703803464
13920,wind,2030,40,24,24,-0.1483879703803464
13921,wind,2030,41,1,1,-0.17575892038844895
13922,wind,2030,41,2,2,-0.17575892038844895
13923,wind,2030,41,3,3,-0.17575892038844895
13924,wind,2030,41,4,4,-0.17575892038844895
13925,wind,2030,41,5,5,-0.17575892038844895
13926,wind,2030,41,6,6,-0.17575892038844895
13927,wind,2030,41,7,7,-0.17575892038844895
13928,wind,2030,41,8,8,-0.17575892038844895
13929,wind,2030,41,9,9,-0.17575892038844895
13930,wind,2030,41,10,10,-0.17575892038844895
13931,wind,2030,41,11,11,-0.17575892038844895
13932,wind,2030,41,12,12,-0.17575892038844895
13933,wind,2030,41,13,13,-0.17575892038844895
13934,wind,2030,41,14,14,-0.17575892038844895
13935,wind,2030,41,15,15,-0.17575892038844895
13936,wind,2030,41,16,16,-0.17575892038844895
13937,wind,2030,41,17,17,-0.17575892038844895
13938,wind,2030,41,18,18,-0.17575892038844862
13939,wind,2030,41,19,19,-0.17575892038844862
13940,wind,2030,41,20,20,-0.1955378847673426
13941,wind,2030,41,21,21,-0.1955378847673426
13942,wind,2030,41,22,22,-0.17575892038844895
13943,wind,2030,41,23,23,-0.17575892038844895
13944,wind,2030,41,24,24,-0.17575892038844895
13945,wind,2030,42,1,1,-0.2991671331487866
13946,wind,2030,42,2,2,-0.2991671331487866
13947,wind,2030,42,3,3,-0.2991671331487866
13948,wind,2030,42,4,4,-0.2991671331487866
13949,wind,2030,42,5,5,-0.2991671331487866
13950,wind,2030,42,6,6,-0.2991671331487866
13951,wind,2030,42,7,7,-0.2991671331487866
13952,wind,2030,42,8,8,-0.2991671331487866
13953,wind,2030,42,9,9,-0.2991671331487866
13954,wind,2030,42,10,10,-0.2991671331487866
13955,wind,2030,42,11,11,-0.2991671331487866
13956,wind,2030,42,12,12,-0.2991671331487866
13957,wind,2030,42,13,13,-0.2991671331487866
13958,wind,2030,42,14,14,-0.2991671331487866
13959,wind,2030,42,15,15,-0.2991671331487866
13960,wind,2030,42,16,16,-0.2991671331487866
13961,wind,2030,42,17,17,-0.2991671331487866
13962,wind,2030,42,18,18,-0.2991671331487866
13963,wind,2030,42,19,19,-0.29916713314878496
13964,wind,2030,42,20,20,-0.2991671331487866
13965,wind,2030,42,21,21,-0.2991671331487866
13966,wind,2030,42,22,22,-0.2991671331487866
13967,wind,2030,42,23,23,-0.2991671331487866
13968,wind,2030,42,24,24,-0.2991671331487866
13969,wind,2030,43,1,1,-0.06585227674633262
13970,wind,2030,43,2,2,-0.06585227674633262
13971,wind,2030,43,3,3,-0.06585227674633262
13972,wind,2030,43,4,4,-0.06585227674633262
13973,wind,2030,43,5,5,-0.06585227674633262
13974,wind,2030,43,6,6,-0.06585227674633262
13975,wind,2030,43,7,7,-0.06585227674633262
13976,wind,2030,43,8,8,-0.06585227674633262
13977,wind,2030,43,9,9,-0.06585227674633262
13978,wind,2030,43,10,10,-0.06585227674633262
13979,wind,2030,43,11,11,-0.06585227674633262
13980,wind,2030,43,12,12,-0.06585227674633262
13981,wind,2030,43,13,13,-0.06585227674633262
13982,wind,2030,43,14,14,-0.06585227674633262
13983,wind,2030,43,15,15,-0.06585227674633262
13984,wind,2030,43,16,16,-0.06585227674633247
13985,wind,2030,43,17,17,-0.06585227674633262
13986,wind,2030,43,18,18,-0.06585227674633262
13987,wind,2030,43,19,19,-0.06585227674633262
13988,wind,2030,43,20,20,-0.06585227674633262
13989,wind,2030,43,21,21,-0.06585227674633262
13990,wind,2030,43,22,22,-0.06585227674633262
13991,wind,2030,43,23,23,-0.06585227674633262
13992,wind,2030,43,24,24,-0.06585227674633262
13993,wind,2030,44,1,1,-0.06496448402877383
13994,wind,2030,44,2,2,-0.06496448402877383
13995,wind,2030,44,3,3,-0.06496448402877383
13996,wind,2030,44,4,4,-0.06496448402877383
13997,wind,2030,44,5,5,-0.06496448402877383
13998,wind,2030,44,6,6,-0.06496448402877383
13999,wind,2030,44,7,7,-0.06496448402877383
14000,wind,2030,44,8,8,-0.06496448402877383
14001,wind,2030,44,9,9,-0.06496448402877383
14002,wind,2030,44,10,10,-0.06496448402877383
14003,wind,2030,44,11,11,-0.06496448402877383
14004,wind,2030,44,12,12,0.0
14005,wind,2030,44,13,13,0.0
14006,wind,2030,44,14,14,0.0
14007,wind,2030,44,15,15,0.0
14008,wind,2030,44,16,16,0.0
14009,wind,2030,44,17,17,0.0
14010,wind,2030,44,18,18,0.0
14011,wind,2030,44,19,19,-0.06496448402877383
14012,wind,2030,44,20,20,-0.06496448402877383
14013,wind,2030,44,21,21,-0.06496448402877383
14014,wind,2030,44,22,22,-0.06496448402877383
14015,wind,2030,44,23,23,0.0
14016,wind,2030,44,24,24,0.0
14017,wind,2030,45,1,1,0.0
14018,wind,2030,45,2,2,0.0
14019,wind,2030,45,3,3,0.0
14020,wind,2030,45,4,4,0.0
14021,wind,2030,45,5,5,-0.10945878603219777
14022,wind,2030,45,6,6,-0.10945878603219777
14023,wind,2030,45,7,7,-0.10945878603219777
14024,wind,2030,45,8,8,-0.10945878603219777
14025,wind,2030,45,9,9,-0.10945878603219777
14026,wind,2030,45,10,10,-0.10945878603219777
14027,wind,2030,45,11,11,-0.10945878603219777
14028,wind,2030,45,12,12,-0.10945878603219777
14029,wind,2030,45,13,13,-0.10945878603219777
14030,wind,2030,45,14,14,-0.10945878603219777
14031,wind,2030,45,15,15,-0.10945878603219777
14032,wind,2030,45,16,16,-0.10945878603219777
14033,wind,2030,45,17,17,-0.10945878603219777
14034,wind,2030,45,18,18,-0.10945878603219777
14035,wind,2030,45,19,19,-0.10945878603219777
14036,wind,2030,45,20,20,-0.10945878603219777
14037,wind,2030,45,21,21,-0.10945878603219744
14038,wind,2030,45,22,22,-0.10945878603219777
14039,wind,2030,45,23,23,-0.10945878603219777
14040,wind,2030,45,24,24,-0.10945878603219777
14041,wind,2030,46,1,1,-0.16159659878070853
14042,wind,2030,46,2,2,-0.16159659878070853
14043,wind,2030,46,3,3,-0.16159659878070853
14044,wind,2030,46,4,4,-0.16159659878070853
14045,wind,2030,46,5,5,-0.16159659878070853
14046,wind,2030,46,6,6,-0.16159659878070853
14047,wind,2030,46,7,7,-0.16159659878070853
14048,wind,2030,46,8,8,-0.16159659878070853
14049,wind,2030,46,9,9,-0.16159659878070853
14050,wind,2030,46,10,10,-0.16159659878070853
14051,wind,2030,46,11,11,-0.16159659878070853
14052,wind,2030,46,12,12,-0.16159659878070853
14053,wind,2030,46,13,13,-0.16159659878070806
14054,wind,2030,46,14,14,-0.14518444421704282
14055,wind,2030,46,15,15,-0.16159659878070853
14056,wind,2030,46,16,16,-0.16159659878070853
14057,wind,2030,46,17,17,-0.16159659878070853
14058,wind,2030,46,18,18,-0.16159659878070853
14059,wind,2030,46,19,19,-0.16159659878070853
14060,wind,2030,46,20,20,-0.16159659878070853
14061,wind,2030,46,21,21,-0.16159659878070853
14062,wind,2030,46,22,22,-0.16159659878070853
14063,wind,2030,46,23,23,-0.16159659878070853
14064,wind,2030,46,24,24,-0.16159659878070853
14065,wind,2030,47,1,1,-0.05301784469981029
14066,wind,2030,47,2,2,-0.05301784469981029
14067,wind,2030,47,3,3,-0.05301784469981029
14068,wind,2030,47,4,4,-0.05301784469981029
14069,wind,2030,47,5,5,-0.05301784469981029
14070,wind,2030,47,6,6,-0.05301784469981029
14071,wind,2030,47,7,7,-0.05301784469981029
14072,wind,2030,47,8,8,-0.05301784469981029
14073,wind,2030,47,9,9,-0.05301784469981029
14074,wind,2030,47,10,10,-0.05301784469981029
14075,wind,2030,47,11,11,-0.05301784469981029
14076,wind,2030,47,12,12,-0.05301784469981029
14077,wind,2030,47,13,13,-0.05301784469981029
14078,wind,2030,47,14,14,-0.04763321984748581
14079,wind,2030,47,15,15,-0.04763321984748581
14080,wind,2030,47,16,16,-0.04763321984748581
14081,wind,2030,47,17,17,-0.05301784469981029
14082,wind,2030,47,18,18,-0.05301784469981029
14083,wind,2030,47,19,19,-0.05301784469981029
14084,wind,2030,47,20,20,-0.05301784469981029
14085,wind,2030,47,21,21,-0.05301784469981029
14086,wind,2030,47,22,22,-0.05301784469981029
14087,wind,2030,47,23,23,-0.05301784469981029
14088,wind,2030,47,24,24,-0.05301784469981029
14089,wind,2030,48,1,1,-0.06365303261982469
14090,wind,2030,48,2,2,-0.06365303261982469
14091,wind,2030,48,3,3,-0.06365303261982469
14092,wind,2030,48,4,4,-0.06365303261982469
14093,wind,2030,48,5,5,-0.06365303261982469
14094,wind,2030,48,6,6,-0.06365303261982469
14095,wind,2030,48,7,7,-0.06365303261982469
14096,wind,2030,48,8,8,-0.06365303261982469
14097,wind,2030,48,9,9,-0.06365303261982469
14098,wind,2030,48,10,10,-0.06365303261982469
14099,wind,2030,48,11,11,-0.06365303261982469
14100,wind,2030,48,12,12,0.0
14101,wind,2030,48,13,13,0.0
14102,wind,2030,48,14,14,0.0
14103,wind,2030,48,15,15,0.0
14104,wind,2030,48,16,16,0.0
14105,wind,2030,48,17,17,-0.06365303261982441
14106,wind,2030,48,18,18,-0.06365303261982469
14107,wind,2030,48,19,19,-0.06365303261982469
14108,wind,2030,48,20,20,-0.06365303261982469
14109,wind,2030,48,21,21,-0.06365303261982469
14110,wind,2030,48,22,22,-0.06365303261982441
14111,wind,2030,48,23,23,-0.06365303261982441
14112,wind,2030,48,24,24,-0.06365303261982469
14113,wind,2030,49,1,1,-0.07753940990229466
14114,wind,2030,49,2,2,-0.07753940990229466
14115,wind,2030,49,3,3,-0.07753940990229466
14116,wind,2030,49,4,4,-0.07753940990229466
14117,wind,2030,49,5,5,-0.07753940990229466
14118,wind,2030,49,6,6,-0.07753940990229423
14119,wind,2030,49,7,7,-0.07753940990229466
14120,wind,2030,49,8,8,-0.07753940990229466
14121,wind,2030,49,9,9,-0.07753940990229466
14122,wind,2030,49,10,10,-0.07753940990229466
14123,wind,2030,49,11,11,-0.07753940990229466
14124,wind,2030,49,12,12,0.0
14125,wind,2030,49,13,13,0.0
14126,wind,2030,49,14,14,0.0
14127,wind,2030,49,15,15,0.0
14128,wind,2030,49,16,16,0.0
14129,wind,2030,49,17,17,0.0
14130,wind,2030,49,18,18,0.0
14131,wind,2030,49,19,19,-0.0003490347398648996
14132,wind,2030,49,20,20,-0.0003490347398648996
14133,wind,2030,49,21,21,-0.0003490347398648996
14134,wind,2030,49,22,22,0.0
14135,wind,2030,49,23,23,0.0
14136,wind,2030,49,24,24,0.0
14137,wind,2030,50,1,1,-0.19547645116234794
14138,wind,2030,50,2,2,-0.19547645116234794
14139,wind,2030,50,3,3,-0.19547645116234794
14140,wind,2030,50,4,4,-0.19547645116234794
14141,wind,2030,50,5,5,-0.19547645116234794
14142,wind,2030,50,6,6,-0.19547645116234794
14143,wind,2030,50,7,7,-0.19547645116234794
14144,wind,2030,50,8,8,-0.19547645116234794
14145,wind,2030,50,9,9,-0.19547645116234794
14146,wind,2030,50,10,10,-0.19547645116234794
14147,wind,2030,50,11,11,-0.19547645116234794
14148,wind,2030,50,12,12,-0.19547645116234794
14149,wind,2030,50,13,13,-0.19547645116234794
14150,wind,2030,50,14,14,-0.19547645116234794
14151,wind,2030,50,15,15,-0.19547645116234794
14152,wind,2030,50,16,16,-0.19547645116234794
14153,wind,2030,50,17,17,-0.19547645116234794
14154,wind,2030,50,18,18,-0.19547645116234794
14155,wind,2030,50,19,19,-0.19547645116234794
14156,wind,2030,50,20,20,-0.19547645116234794
14157,wind,2030,50,21,21,-0.19547645116234794
14158,wind,2030,50,22,22,-0.19547645116234794
14159,wind,2030,50,23,23,-0.19547645116234794
14160,wind,2030,50,24,24,-0.19547645116234794
14161,wind,2030,51,1,1,-0.1549074519738191
14162,wind,2030,51,2,2,-0.1549074519738191
14163,wind,2030,51,3,3,-0.1549074519738191
14164,wind,2030,51,4,4,-0.1549074519738191
14165,wind,2030,51,5,5,-0.1549074519738191
14166,wind,2030,51,6,6,-0.1549074519738191
14167,wind,2030,51,7,7,-0.1549074519738191
14168,wind,2030,51,8,8,-0.1549074519738191
14169,wind,2030,51,9,9,-0.1549074519738191
14170,wind,2030,51,10,10,-0.1549074519738191
14171,wind,2030,51,11,11,0.0
14172,wind,2030,51,12,12,0.0
14173,wind,2030,51,13,13,0.0
14174,wind,2030,51,14,14,0.0
14175,wind,2030,51,15,15,0.0
14176,wind,2030,51,16,16,-0.1549074519738191
14177,wind,2030,51,17,17,-0.1549074519738191
14178,wind,2030,51,18,18,-0.1549074519738191
14179,wind,2030,51,19,19,-0.1549074519738191
14180,wind,2030,51,20,20,-0.1549074519738191
14181,wind,2030,51,21,21,-0.1549074519738191
14182,wind,2030,51,22,22,-0.1549074519738191
14183,wind,2030,51,23,23,-0.1549074519738191
14184,wind,2030,51,24,24,-0.1549074519738191
14185,wind,2030,52,1,1,-0.08776087804065659
14186,wind,2030,52,2,2,-0.0877608780406571
14187,wind,2030,52,3,3,-0.0788476638646524
14188,wind,2030,52,4,4,-0.0788476638646524
14189,wind,2030,52,5,5,-0.0788476638646524
14190,wind,2030,52,6,6,-0.0877608780406571
14191,wind,2030,52,7,7,-0.0877608780406571
14192,wind,2030,52,8,8,-0.0877608780406571
14193,wind,2030,52,9,9,-0.0877608780406571
14194,wind,2030,52,10,10,-0.08776087804065659
14195,wind,2030,52,11,11,0.0
14196,wind,2030,52,12,12,0.0
14197,wind,2030,52,13,13,0.0
14198,wind,2030,52,14,14,0.0
14199,wind,2030,52,15,15,0.0
14200,wind,2030,52,16,16,0.0
14201,wind,2030,52,17,17,-0.0877608780406571
14202,wind,2030,52,18,18,-0.0877608780406571
14203,wind,2030,52,19,19,-0.0877608780406571
14204,wind,2030,52,20,20,-0.0877608780406571
14205,wind,2030,52,21,21,-0.0877608780406571
14206,wind,2030,52,22,22,-0.0877608780406571
14207,wind,2030,52,23,23,-0.0877608780406571
14208,wind,2030,52,24,24,-0.0877608780406571
14209,wind,2030,53,1,1,-0.17953807892479567
14210,wind,2030,53,2,2,-0.17953807892479567
14211,wind,2030,53,3,3,-0.17953807892479567
14212,wind,2030,53,4,4,-0.17953807892479567
14213,wind,2030,53,5,5,-0.17953807892479567
14214,wind,2030,53,6,6,-0.17953807892479567
14215,wind,2030,53,7,7,-0.17953807892479567
14216,wind,2030,53,8,8,-0.17953807892479567
14217,wind,2030,53,9,9,-0.17953807892479567
14218,wind,2030,53,10,10,-0.17953807892479567
14219,wind,2030,53,11,11,-0.17953807892479567
14220,wind,2030,53,12,12,-0.17953807892479567
14221,wind,2030,53,13,13,-0.16130374278399592
14222,wind,2030,53,14,14,-0.1613037427839959
14223,wind,2030,53,15,15,-0.1613037427839959
14224,wind,2030,53,16,16,-0.16130374278399592
14225,wind,2030,53,17,17,-0.17953807892479542
14226,wind,2030,53,18,18,-0.17953807892479542
14227,wind,2030,53,19,19,-0.17953807892479567
14228,wind,2030,53,20,20,-0.17953807892479567
14229,wind,2030,53,21,21,-0.17953807892479542
14230,wind,2030,53,22,22,-0.17953807892479567
14231,wind,2030,53,23,23,-0.17953807892479545
14232,wind,2030,53,24,24,-0.17953807892479567
14233,wind,2030,54,1,1,-0.22352438397530683
14234,wind,2030,54,2,2,-0.22352438397530683
14235,wind,2030,54,3,3,-0.22352438397530683
14236,wind,2030,54,4,4,-0.22352438397530683
14237,wind,2030,54,5,5,-0.22352438397530683
14238,wind,2030,54,6,6,-0.22352438397530683
14239,wind,2030,54,7,7,-0.22352438397530683
14240,wind,2030,54,8,8,-0.22352438397530683
14241,wind,2030,54,9,9,-0.22352438397530683
14242,wind,2030,54,10,10,-0.22352438397530683
14243,wind,2030,54,11,11,-0.22352438397530683
14244,wind,2030,54,12,12,-0.22352438397530683
14245,wind,2030,54,13,13,-0.22352438397530683
14246,wind,2030,54,14,14,-0.22352438397530683
14247,wind,2030,54,15,15,-0.22352438397530683
14248,wind,2030,54,16,16,-0.22352438397530683
14249,wind,2030,54,17,17,-0.22352438397530683
14250,wind,2030,54,18,18,-0.22352438397530683
14251,wind,2030,54,19,19,-0.22352438397530683
14252,wind,2030,54,20,20,-0.22352438397530683
14253,wind,2030,54,21,21,-0.24867861693651688
14254,wind,2030,54,22,22,-0.22352438397530683
14255,wind,2030,54,23,23,-0.22352438397530683
14256,wind,2030,54,24,24,-0.22352438397530594
14257,wind,2030,55,1,1,-0.30225704957855415
14258,wind,2030,55,2,2,-0.30225704957855415
14259,wind,2030,55,3,3,-0.30225704957855415
14260,wind,2030,55,4,4,-0.30225704957855415
14261,wind,2030,55,5,5,-0.30225704957855415
14262,wind,2030,55,6,6,-0.30225704957855437
14263,wind,2030,55,7,7,-0.30225704957855415
14264,wind,2030,55,8,8,-0.30225704957855415
14265,wind,2030,55,9,9,-0.30225704957855415
14266,wind,2030,55,10,10,-0.30225704957855415
14267,wind,2030,55,11,11,-0.30225704957855415
14268,wind,2030,55,12,12,-0.30225704957855415
14269,wind,2030,55,13,13,-0.30225704957855415
14270,wind,2030,55,14,14,-0.30225704957855415
14271,wind,2030,55,15,15,-0.30225704957855415
14272,wind,2030,55,16,16,-0.30225704957855415
14273,wind,2030,55,17,17,-0.30225704957855415
14274,wind,2030,55,18,18,-0.30225704957855415
14275,wind,2030,55,19,19,-0.30225704957855415
14276,wind,2030,55,20,20,-0.30225704957855415
14277,wind,2030,55,21,21,-0.30225704957855415
14278,wind,2030,55,22,22,-0.30225704957855415
14279,wind,2030,55,23,23,-0.30225704957855415
14280,wind,2030,55,24,24,-0.30225704957855415
14281,wind,2030,56,1,1,-0.10106995065884113
14282,wind,2030,56,2,2,-0.10106995065884113
14283,wind,2030,56,3,3,-0.10106995065884113
14284,wind,2030,56,4,4,-0.10106995065884113
14285,wind,2030,56,5,5,-0.10106995065884113
14286,wind,2030,56,6,6,-0.10106995065884113
14287,wind,2030,56,7,7,-0.10106995065884113
14288,wind,2030,56,8,8,-0.10106995065884113
14289,wind,2030,56,9,9,-0.10106995065884113
14290,wind,2030,56,10,10,-0.10106995065884113
14291,wind,2030,56,11,11,-0.10106995065884113
14292,wind,2030,56,12,12,-0.10106995065884113
14293,wind,2030,56,13,13,-0.10106995065884113
14294,wind,2030,56,14,14,-0.10106995065884113
14295,wind,2030,56,15,15,-0.10106995065884074
14296,wind,2030,56,16,16,-0.10106995065884113
14297,wind,2030,56,17,17,-0.10106995065884113
14298,wind,2030,56,18,18,-0.10106995065884113
14299,wind,2030,56,19,19,-0.10106995065884113
14300,wind,2030,56,20,20,-0.10106995065884113
14301,wind,2030,56,21,21,-0.10106995065884113
14302,wind,2030,56,22,22,-0.10106995065884113
14303,wind,2030,56,23,23,-0.10106995065884113
14304,wind,2030,56,24,24,-0.10106995065884113
14305,wind,2030,57,1,1,0.0
14306,wind,2030,57,2,2,0.0
14307,wind,2030,57,3,3,0.0
14308,wind,2030,57,4,4,0.0
14309,wind,2030,57,5,5,0.0
14310,wind,2030,57,6,6,0.0
14311,wind,2030,57,7,7,0.0
14312,wind,2030,57,8,8,0.0
14313,wind,2030,57,9,9,0.0
14314,wind,2030,57,10,10,0.0
14315,wind,2030,57,11,11,0.0
14316,wind,2030,57,12,12,0.0
14317,wind,2030,57,13,13,0.0
14318,wind,2030,57,14,14,0.0
14319,wind,2030,57,15,15,0.0
14320,wind,2030,57,16,16,0.0
14321,wind,2030,57,17,17,0.0
14322,wind,2030,57,18,18,0.0
14323,wind,2030,57,19,19,0.0
14324,wind,2030,57,20,20,0.0
14325,wind,2030,57,21,21,0.0
14326,wind,2030,57,22,22,0.0
14327,wind,2030,57,23,23,0.0
14328,wind,2030,57,24,24,0.0
14329,wind,2030,58,1,1,-0.22890681112969977
14330,wind,2030,58,2,2,-0.22890681112969977
14331,wind,2030,58,3,3,-0.22890681112969977
14332,wind,2030,58,4,4,-0.22890681112969977
14333,wind,2030,58,5,5,-0.22890681112969977
14334,wind,2030,58,6,6,-0.22890681112969977
14335,wind,2030,58,7,7,-0.22890681112969977
14336,wind,2030,58,8,8,0.0
14337,wind,2030,58,9,9,0.0
14338,wind,2030,58,10,10,0.0
14339,wind,2030,58,11,11,0.0
14340,wind,2030,58,12,12,0.0
14341,wind,2030,58,13,13,0.0
14342,wind,2030,58,14,14,0.0
14343,wind,2030,58,15,15,0.0
14344,wind,2030,58,16,16,0.0
14345,wind,2030,58,17,17,0.0
14346,wind,2030,58,18,18,-0.22890681112969977
14347,wind,2030,58,19,19,-0.22890681112969977
14348,wind,2030,58,20,20,-0.22890681112969977
14349,wind,2030,58,21,21,-0.22890681112969977
14350,wind,2030,58,22,22,-0.22890681112969977
14351,wind,2030,58,23,23,-0.22890681112969977
14352,wind,2030,58,24,24,-0.22890681112969977
14353,wind,2030,59,1,1,-0.1172410819912278
14354,wind,2030,59,2,2,-0.1172410819912278
14355,wind,2030,59,3,3,-0.1172410819912278
14356,wind,2030,59,4,4,-0.1172410819912278
14357,wind,2030,59,5,5,-0.1172410819912278
14358,wind,2030,59,6,6,-0.1172410819912278
14359,wind,2030,59,7,7,-0.1172410819912278
14360,wind,2030,59,8,8,-0.1172410819912278
14361,wind,2030,59,9,9,-0.1172410819912278
14362,wind,2030,59,10,10,-0.1172410819912278
14363,wind,2030,59,11,11,-0.1172410819912278
14364,wind,2030,59,12,12,-0.1172410819912278
14365,wind,2030,59,13,13,-0.1172410819912278
14366,wind,2030,59,14,14,-0.1172410819912278
14367,wind,2030,59,15,15,-0.1172410819912278
14368,wind,2030,59,16,16,-0.1172410819912278
14369,wind,2030,59,17,17,-0.1172410819912278
14370,wind,2030,59,18,18,-0.1172410819912278
14371,wind,2030,59,19,19,-0.1172410819912278
14372,wind,2030,59,20,20,-0.1172410819912278
14373,wind,2030,59,21,21,-0.1172410819912278
14374,wind,2030,59,22,22,-0.1172410819912278
14375,wind,2030,59,23,23,-0.1172410819912278
14376,wind,2030,59,24,24,-0.1172410819912278
14377,wind,2030,60,1,1,-0.09772637237757512
14378,wind,2030,60,2,2,-0.09772637237757512
14379,wind,2030,60,3,3,-0.09772637237757512
14380,wind,2030,60,4,4,-0.09772637237757512
14381,wind,2030,60,5,5,-0.09772637237757512
14382,wind,2030,60,6,6,-0.09772637237757512
14383,wind,2030,60,7,7,-0.09772637237757512
14384,wind,2030,60,8,8,-0.09772637237757512
14385,wind,2030,60,9,9,-0.09772637237757512
14386,wind,2030,60,10,10,-0.09772637237757512
14387,wind,2030,60,11,11,-0.09772637237757512
14388,wind,2030,60,12,12,-0.09772637237757512
14389,wind,2030,60,13,13,-0.09772637237757512
14390,wind,2030,60,14,14,-0.09772637237757512
14391,wind,2030,60,15,15,-0.09772637237757512
14392,wind,2030,60,16,16,-0.09772637237757512
14393,wind,2030,60,17,17,-0.09772637237757512
14394,wind,2030,60,18,18,-0.09772637237757512
14395,wind,2030,60,19,19,-0.09772637237757512
14396,wind,2030,60,20,20,-0.09772637237757512
14397,wind,2030,60,21,21,-0.09772637237757512
14398,wind,2030,60,22,22,-0.09772637237757512
14399,wind,2030,60,23,23,-0.09772637237757512
14400,wind,2030,60,24,24,-0.09772637237757512
14401,wind,2030,61,1,1,-0.04073625394293443
14402,wind,2030,61,2,2,-0.04073625394293443
14403,wind,2030,61,3,3,-0.04073625394293443
14404,wind,2030,61,4,4,-0.04073625394293443
14405,wind,2030,61,5,5,-0.04073625394293443
14406,wind,2030,61,6,6,-0.04073625394293443
14407,wind,2030,61,7,7,-0.04073625394293443
14408,wind,2030,61,8,8,-0.04073625394293443
14409,wind,2030,61,9,9,-0.04073625394293443
14410,wind,2030,61,10,10,-0.04073625394293443
14411,wind,2030,61,11,11,0.0
14412,wind,2030,61,12,12,0.0
14413,wind,2030,61,13,13,0.0
14414,wind,2030,61,14,14,0.0
14415,wind,2030,61,15,15,0.0
14416,wind,2030,61,16,16,0.0
14417,wind,2030,61,17,17,0.0
14418,wind,2030,61,18,18,-0.04073625394293443
14419,wind,2030,61,19,19,-0.04073625394293443
14420,wind,2030,61,20,20,-0.04073625394293443
14421,wind,2030,61,21,21,-0.04073625394293443
14422,wind,2030,61,22,22,-0.04073625394293443
14423,wind,2030,61,23,23,-0.04073625394293443
14424,wind,2030,61,24,24,-0.04073625394293443
14425,wind,2030,62,1,1,-0.05673951317204594
14426,wind,2030,62,2,2,-0.05673951317204594
14427,wind,2030,62,3,3,-0.05673951317204594
14428,wind,2030,62,4,4,-0.05673951317204594
14429,wind,2030,62,5,5,-0.05673951317204594
14430,wind,2030,62,6,6,-0.05673951317204594
14431,wind,2030,62,7,7,-0.05673951317204594
14432,wind,2030,62,8,8,-0.05673951317204594
14433,wind,2030,62,9,9,-0.05673951317204594
14434,wind,2030,62,10,10,0.0
14435,wind,2030,62,11,11,0.0
14436,wind,2030,62,12,12,0.0
14437,wind,2030,62,13,13,0.0
14438,wind,2030,62,14,14,0.0
14439,wind,2030,62,15,15,0.0
14440,wind,2030,62,16,16,0.0
14441,wind,2030,62,17,17,0.0
14442,wind,2030,62,18,18,-0.05673951317204594
14443,wind,2030,62,19,19,-0.05673951317204594
14444,wind,2030,62,20,20,-0.05673951317204594
14445,wind,2030,62,21,21,-0.05673951317204594
14446,wind,2030,62,22,22,-0.05673951317204594
14447,wind,2030,62,23,23,-0.05673951317204594
14448,wind,2030,62,24,24,-0.05673951317204594
14449,wind,2030,63,1,1,-0.07816547193325044
14450,wind,2030,63,2,2,-0.07816547193325044
14451,wind,2030,63,3,3,-0.07816547193325044
14452,wind,2030,63,4,4,-0.07816547193325044
14453,wind,2030,63,5,5,-0.07816547193325044
14454,wind,2030,63,6,6,-0.07816547193325044
14455,wind,2030,63,7,7,-0.07816547193325044
14456,wind,2030,63,8,8,-0.07816547193325044
14457,wind,2030,63,9,9,-0.07816547193325044
14458,wind,2030,63,10,10,-0.07816547193325044
14459,wind,2030,63,11,11,-0.07816547193325044
14460,wind,2030,63,12,12,-0.07816547193325044
14461,wind,2030,63,13,13,-0.07816547193325013
14462,wind,2030,63,14,14,-0.07816547193325044
14463,wind,2030,63,15,15,-0.07816547193325013
14464,wind,2030,63,16,16,-0.07816547193325044
14465,wind,2030,63,17,17,-0.07816547193325044
14466,wind,2030,63,18,18,-0.07816547193325044
14467,wind,2030,63,19,19,-0.07816547193325044
14468,wind,2030,63,20,20,-0.07816547193325044
14469,wind,2030,63,21,21,-0.07816547193325044
14470,wind,2030,63,22,22,-0.07816547193325044
14471,wind,2030,63,23,23,-0.07816547193325044
14472,wind,2030,63,24,24,-0.07816547193325044
14473,wind,2030,64,1,1,-0.13523579319643483
14474,wind,2030,64,2,2,-0.13523579319643483
14475,wind,2030,64,3,3,-0.13523579319643483
14476,wind,2030,64,4,4,-0.13523579319643483
14477,wind,2030,64,5,5,-0.13523579319643483
14478,wind,2030,64,6,6,-0.13523579319643483
14479,wind,2030,64,7,7,-0.13523579319643483
14480,wind,2030,64,8,8,-0.13523579319643483
14481,wind,2030,64,9,9,-0.13523579319643483
14482,wind,2030,64,10,10,-0.13523579319643483
14483,wind,2030,64,11,11,0.0
14484,wind,2030,64,12,12,0.0
14485,wind,2030,64,13,13,0.0
14486,wind,2030,64,14,14,0.0
14487,wind,2030,64,15,15,0.0
14488,wind,2030,64,16,16,0.0
14489,wind,2030,64,17,17,0.0
14490,wind,2030,64,18,18,-0.13523579319643483
14491,wind,2030,64,19,19,-0.13523579319643483
14492,wind,2030,64,20,20,-0.13523579319643483
14493,wind,2030,64,21,21,-0.13523579319643483
14494,wind,2030,64,22,22,-0.13523579319643483
14495,wind,2030,64,23,23,-0.13523579319643483
14496,wind,2030,64,24,24,-0.13523579319643483
14497,wind,2030,65,1,1,-0.05400251248766692
14498,wind,2030,65,2,2,-0.05400251248766692
14499,wind,2030,65,3,3,-0.05400251248766692
14500,wind,2030,65,4,4,-0.05400251248766692
14501,wind,2030,65,5,5,-0.05400251248766692
14502,wind,2030,65,6,6,-0.05400251248766692
14503,wind,2030,65,7,7,-0.05400251248766692
14504,wind,2030,65,8,8,-0.05400251248766692
14505,wind,2030,65,9,9,-0.05400251248766692
14506,wind,2030,65,10,10,-0.05400251248766692
14507,wind,2030,65,11,11,-0.05400251248766692
14508,wind,2030,65,12,12,0.0
14509,wind,2030,65,13,13,0.0
14510,wind,2030,65,14,14,0.0
14511,wind,2030,65,15,15,0.0
14512,wind,2030,65,16,16,0.0
14513,wind,2030,65,17,17,0.0
14514,wind,2030,65,18,18,-0.05400251248766692
14515,wind,2030,65,19,19,-0.05400251248766692
14516,wind,2030,65,20,20,-0.05400251248766692
14517,wind,2030,65,21,21,-0.05400251248766692
14518,wind,2030,65,22,22,-0.05400251248766692
14519,wind,2030,65,23,23,-0.05400251248766692
14520,wind,2030,65,24,24,-0.05400251248766692
14521,wind,2030,66,1,1,-0.09054316304743615
14522,wind,2030,66,2,2,-0.09054316304743615
14523,wind,2030,66,3,3,-0.09054316304743568
14524,wind,2030,66,4,4,-0.09054316304743568
14525,wind,2030,66,5,5,-0.09054316304743615
14526,wind,2030,66,6,6,-0.09054316304743615
14527,wind,2030,66,7,7,-0.09054316304743615
14528,wind,2030,66,8,8,-0.09054316304743615
14529,wind,2030,66,9,9,-0.09054316304743615
14530,wind,2030,66,10,10,-0.09054316304743615
14531,wind,2030,66,11,11,-0.09054316304743615
14532,wind,2030,66,12,12,0.0
14533,wind,2030,66,13,13,0.0
14534,wind,2030,66,14,14,0.0
14535,wind,2030,66,15,15,0.0
14536,wind,2030,66,16,16,0.0
14537,wind,2030,66,17,17,0.0
14538,wind,2030,66,18,18,-0.09054316304743615
14539,wind,2030,66,19,19,-0.09054316304743615
14540,wind,2030,66,20,20,-0.09054316304743615
14541,wind,2030,66,21,21,-0.09054316304743615
14542,wind,2030,66,22,22,0.0
14543,wind,2030,66,23,23,0.0
14544,wind,2030,66,24,24,0.0
14545,wind,2030,67,1,1,-0.07888638251003553
14546,wind,2030,67,2,2,-0.07888638251003553
14547,wind,2030,67,3,3,-0.07888638251003553
14548,wind,2030,67,4,4,-0.07888638251003553
14549,wind,2030,67,5,5,-0.07888638251003553
14550,wind,2030,67,6,6,-0.07888638251003553
14551,wind,2030,67,7,7,-0.07888638251003531
14552,wind,2030,67,8,8,-0.07888638251003553
14553,wind,2030,67,9,9,-0.07888638251003553
14554,wind,2030,67,10,10,-0.07888638251003553
14555,wind,2030,67,11,11,-0.07888638251003553
14556,wind,2030,67,12,12,-0.07888638251003553
14557,wind,2030,67,13,13,-0.07888638251003553
14558,wind,2030,67,14,14,-0.07888638251003531
14559,wind,2030,67,15,15,-0.07888638251003531
14560,wind,2030,67,16,16,-0.07888638251003553
14561,wind,2030,67,17,17,-0.07888638251003553
14562,wind,2030,67,18,18,-0.07888638251003553
14563,wind,2030,67,19,19,-0.07888638251003553
14564,wind,2030,67,20,20,-0.07888638251003553
14565,wind,2030,67,21,21,-0.07888638251003553
14566,wind,2030,67,22,22,-0.07888638251003553
14567,wind,2030,67,23,23,-0.07888638251003553
14568,wind,2030,67,24,24,-0.07888638251003553
14569,wind,2030,68,1,1,-0.2690856131870336
14570,wind,2030,68,2,2,-0.2690856131870336
14571,wind,2030,68,3,3,-0.2690856131870336
14572,wind,2030,68,4,4,-0.2690856131870336
14573,wind,2030,68,5,5,-0.2690856131870336
14574,wind,2030,68,6,6,-0.2690856131870336
14575,wind,2030,68,7,7,-0.2690856131870336
14576,wind,2030,68,8,8,-0.2690856131870336
14577,wind,2030,68,9,9,-0.2690856131870336
14578,wind,2030,68,10,10,-0.2690856131870336
14579,wind,2030,68,11,11,-0.2690856131870336
14580,wind,2030,68,12,12,-0.2690856131870336
14581,wind,2030,68,13,13,-0.2690856131870336
14582,wind,2030,68,14,14,-0.2690856131870336
14583,wind,2030,68,15,15,-0.2690856131870336
14584,wind,2030,68,16,16,-0.2690856131870336
14585,wind,2030,68,17,17,-0.2690856131870336
14586,wind,2030,68,18,18,-0.2690856131870336
14587,wind,2030,68,19,19,-0.2690856131870336
14588,wind,2030,68,20,20,-0.2690856131870336
14589,wind,2030,68,21,21,-0.2690856131870336
14590,wind,2030,68,22,22,-0.2690856131870336
14591,wind,2030,68,23,23,-0.2690856131870336
14592,wind,2030,68,24,24,-0.2690856131870336
14593,wind,2030,69,1,1,-0.6405276543554033
14594,wind,2030,69,2,2,-0.6405276543554033
14595,wind,2030,69,3,3,-0.6405276543554033
14596,wind,2030,69,4,4,-0.6405276543554033
14597,wind,2030,69,5,5,-0.6405276543554033
14598,wind,2030,69,6,6,-0.6405276543554033
14599,wind,2030,69,7,7,-0.6405276543554033
14600,wind,2030,69,8,8,-0.6405276543554033
14601,wind,2030,69,9,9,-0.6405276543554033
14602,wind,2030,69,10,10,-0.6405276543554033
14603,wind,2030,69,11,11,0.0
14604,wind,2030,69,12,12,0.0
14605,wind,2030,69,13,13,0.0
14606,wind,2030,69,14,14,0.0
14607,wind,2030,69,15,15,0.0
14608,wind,2030,69,16,16,0.0
14609,wind,2030,69,17,17,-0.6405276543553998
14610,wind,2030,69,18,18,-0.6405276543554033
14611,wind,2030,69,19,19,-0.6405276543554033
14612,wind,2030,69,20,20,-0.6405276543554033
14613,wind,2030,69,21,21,-0.6405276543554033
14614,wind,2030,69,22,22,-0.6405276543554033
14615,wind,2030,69,23,23,-0.6405276543554033
14616,wind,2030,69,24,24,-0.6405276543554033
14617,wind,2030,70,1,1,-0.2153828247863985
14618,wind,2030,70,2,2,-0.2153828247863985
14619,wind,2030,70,3,3,-0.2153828247863985
14620,wind,2030,70,4,4,-0.2153828247863985
14621,wind,2030,70,5,5,-0.2153828247863985
14622,wind,2030,70,6,6,-0.2153828247863985
14623,wind,2030,70,7,7,-0.2153828247863985
14624,wind,2030,70,8,8,-0.2153828247863985
14625,wind,2030,70,9,9,-0.2153828247863985
14626,wind,2030,70,10,10,-0.2153828247863985
14627,wind,2030,70,11,11,-0.2153828247863985
14628,wind,2030,70,12,12,-0.2153828247863985
14629,wind,2030,70,13,13,-0.21538282478639795
14630,wind,2030,70,14,14,-0.21538282478639795
14631,wind,2030,70,15,15,-0.2153828247863985
14632,wind,2030,70,16,16,-0.2153828247863985
14633,wind,2030,70,17,17,-0.2153828247863985
14634,wind,2030,70,18,18,-0.2153828247863985
14635,wind,2030,70,19,19,-0.2153828247863985
14636,wind,2030,70,20,20,-0.2153828247863985
14637,wind,2030,70,21,21,-0.2153828247863985
14638,wind,2030,70,22,22,-0.2153828247863985
14639,wind,2030,70,23,23,-0.2153828247863985
14640,wind,2030,70,24,24,-0.2153828247863985
14641,wind,2030,71,1,1,-0.14263049401335037
14642,wind,2030,71,2,2,-0.14263049401335037
14643,wind,2030,71,3,3,-0.14263049401335037
14644,wind,2030,71,4,4,-0.14263049401335037
14645,wind,2030,71,5,5,-0.14263049401335037
14646,wind,2030,71,6,6,-0.14263049401335037
14647,wind,2030,71,7,7,-0.14263049401335037
14648,wind,2030,71,8,8,-0.14263049401335037
14649,wind,2030,71,9,9,-0.14263049401335037
14650,wind,2030,71,10,10,-0.14263049401335037
14651,wind,2030,71,11,11,-0.14263049401335037
14652,wind,2030,71,12,12,0.0
14653,wind,2030,71,13,13,0.0
14654,wind,2030,71,14,14,0.0
14655,wind,2030,71,15,15,0.0
14656,wind,2030,71,16,16,0.0
14657,wind,2030,71,17,17,0.0
14658,wind,2030,71,18,18,0.0
14659,wind,2030,71,19,19,-0.14263049401335037
14660,wind,2030,71,20,20,-0.14263049401334962
14661,wind,2030,71,21,21,-0.14263049401335037
14662,wind,2030,71,22,22,-0.14263049401335037
14663,wind,2030,71,23,23,-0.12814458446511948
14664,wind,2030,71,24,24,-0.14263049401335037
14665,wind,2030,72,1,1,-0.07887034967178679
14666,wind,2030,72,2,2,-0.07086007978324593
14667,wind,2030,72,3,3,-0.07086007978324593
14668,wind,2030,72,4,4,-0.07086007978324593
14669,wind,2030,72,5,5,-0.07086007978324593
14670,wind,2030,72,6,6,-0.07887034967178679
14671,wind,2030,72,7,7,-0.07887034967178679
14672,wind,2030,72,8,8,-0.07887034967178679
14673,wind,2030,72,9,9,-0.07887034967178679
14674,wind,2030,72,10,10,-0.07887034967178679
14675,wind,2030,72,11,11,-0.07887034967178679
14676,wind,2030,72,12,12,-0.07086007978324593
14677,wind,2030,72,13,13,-0.07086007978324593
14678,wind,2030,72,14,14,-0.07086007978324593
14679,wind,2030,72,15,15,-0.07887034967178679
14680,wind,2030,72,16,16,-0.07887034967178679
14681,wind,2030,72,17,17,-0.07887034967178679
14682,wind,2030,72,18,18,-0.07887034967178679
14683,wind,2030,72,19,19,-0.07887034967178679
14684,wind,2030,72,20,20,-0.07887034967178679
14685,wind,2030,72,21,21,-0.07887034967178679
14686,wind,2030,72,22,22,-0.07887034967178679
14687,wind,2030,72,23,23,-0.07887034967178679
14688,wind,2030,72,24,24,-0.07887034967178679
14689,wind,2030,73,1,1,-0.16987785099276864
14690,wind,2030,73,2,2,-0.16987785099276864
14691,wind,2030,73,3,3,-0.16987785099276864
14692,wind,2030,73,4,4,-0.16987785099276864
14693,wind,2030,73,5,5,-0.16987785099276864
14694,wind,2030,73,6,6,-0.16987785099276864
14695,wind,2030,73,7,7,-0.16987785099276864
14696,wind,2030,73,8,8,-0.16987785099276864
14697,wind,2030,73,9,9,-0.16987785099276864
14698,wind,2030,73,10,10,-0.16987785099276864
14699,wind,2030,73,11,11,-0.16987785099276864
14700,wind,2030,73,12,12,-0.16987785099276798
14701,wind,2030,73,13,13,-0.16987785099276864
14702,wind,2030,73,14,14,-0.15262463175131558
14703,wind,2030,73,15,15,-0.15262463175131558
14704,wind,2030,73,16,16,-0.16987785099276798
14705,wind,2030,73,17,17,-0.16987785099276864
14706,wind,2030,73,18,18,-0.16987785099276864
14707,wind,2030,73,19,19,-0.16987785099276864
14708,wind,2030,73,20,20,-0.16987785099276864
14709,wind,2030,73,21,21,-0.16987785099276864
14710,wind,2030,73,22,22,-0.16987785099276864
14711,wind,2030,73,23,23,-0.16987785099276864
14712,wind,2030,73,24,24,-0.16987785099276864
14713,wind,2030,74,1,1,-0.22766541589473197
14714,wind,2030,74,2,2,-0.22766541589473197
14715,wind,2030,74,3,3,-0.22766541589473197
14716,wind,2030,74,4,4,-0.22766541589473197
14717,wind,2030,74,5,5,-0.22766541589473197
14718,wind,2030,74,6,6,-0.22766541589473197
14719,wind,2030,74,7,7,-0.22766541589473197
14720,wind,2030,74,8,8,-0.22766541589473197
14721,wind,2030,74,9,9,-0.22766541589473197
14722,wind,2030,74,10,10,-0.22766541589473197
14723,wind,2030,74,11,11,-0.22766541589473197
14724,wind,2030,74,12,12,-0.22766541589473197
14725,wind,2030,74,13,13,-0.22766541589473197
14726,wind,2030,74,14,14,-0.22766541589473197
14727,wind,2030,74,15,15,-0.22766541589473197
14728,wind,2030,74,16,16,-0.22766541589473197
14729,wind,2030,74,17,17,-0.22766541589473197
14730,wind,2030,74,18,18,-0.22766541589473197
14731,wind,2030,74,19,19,-0.22766541589473197
14732,wind,2030,74,20,20,-0.22766541589473197
14733,wind,2030,74,21,21,-0.22766541589473197
14734,wind,2030,74,22,22,-0.22766541589473197
14735,wind,2030,74,23,23,-0.22766541589473197
14736,wind,2030,74,24,24,-0.22766541589473197
14737,wind,2030,75,1,1,-0.5180683078474172
14738,wind,2030,75,2,2,-0.5180683078474171
14739,wind,2030,75,3,3,-0.5180683078474171
14740,wind,2030,75,4,4,-0.5180683078474171
14741,wind,2030,75,5,5,-0.5180683078474171
14742,wind,2030,75,6,6,-0.5180683078474171
14743,wind,2030,75,7,7,-0.5180683078474171
14744,wind,2030,75,8,8,-0.5180683078474171
14745,wind,2030,75,9,9,-0.5180683078474171
14746,wind,2030,75,10,10,-0.5180683078474171
14747,wind,2030,75,11,11,-0.733930102783841
14748,wind,2030,75,12,12,-0.8155509753844554
14749,wind,2030,75,13,13,-0.733930102783841
14750,wind,2030,75,14,14,-0.733930102783841
14751,wind,2030,75,15,15,-0.733930102783841
14752,wind,2030,75,16,16,-0.733930102783841
14753,wind,2030,75,17,17,-10.722133858848508
14754,wind,2030,75,18,18,-10.722133858848508
14755,wind,2030,75,19,19,-10.722133858848508
14756,wind,2030,75,20,20,-10.722133858848508
14757,wind,2030,75,21,21,-10.722133858848508
14758,wind,2030,75,22,22,-0.733930102783841
14759,wind,2030,75,23,23,-0.5180683078474171
14760,wind,2030,75,24,24,-0.5180683078474171
14761,wind,2030,76,1,1,0.0
14762,wind,2030,76,2,2,0.0
14763,wind,2030,76,3,3,0.0
14764,wind,2030,76,4,4,0.0
14765,wind,2030,76,5,5,0.0
14766,wind,2030,76,6,6,0.0
14767,wind,2030,76,7,7,0.0
14768,wind,2030,76,8,8,0.0
14769,wind,2030,76,9,9,0.0
14770,wind,2030,76,10,10,0.0
14771,wind,2030,76,11,11,0.0
14772,wind,2030,76,12,12,0.0
14773,wind,2030,76,13,13,0.0
14774,wind,2030,76,14,14,0.0
14775,wind,2030,76,15,15,0.0
14776,wind,2030,76,16,16,0.0
14777,wind,2030,76,17,17,-0.05869634596842942
14778,wind,2030,76,18,18,-0.05869634596842974
14779,wind,2030,76,19,19,-0.05869634596842974
14780,wind,2030,76,20,20,-0.05869634596842974
14781,wind,2030,76,21,21,-0.05869634596842974
14782,wind,2030,76,22,22,-0.05869634596842974
14783,wind,2030,76,23,23,-0.05869634596842974
14784,wind,2030,76,24,24,-0.05869634596842974
14785,wind,2030,77,1,1,-0.03730491009770773
14786,wind,2030,77,2,2,0.0
14787,wind,2030,77,3,3,0.0
14788,wind,2030,77,4,4,0.0
14789,wind,2030,77,5,5,0.0
14790,wind,2030,77,6,6,0.0
14791,wind,2030,77,7,7,0.0
14792,wind,2030,77,8,8,0.0
14793,wind,2030,77,9,9,0.0
14794,wind,2030,77,10,10,0.0
14795,wind,2030,77,11,11,0.0
14796,wind,2030,77,12,12,0.0
14797,wind,2030,77,13,13,0.0
14798,wind,2030,77,14,14,0.0
14799,wind,2030,77,15,15,0.0
14800,wind,2030,77,16,16,0.0
14801,wind,2030,77,17,17,0.0
14802,wind,2030,77,18,18,0.0
14803,wind,2030,77,19,19,-0.03730491009770773
14804,wind,2030,77,20,20,-0.03730491009770773
14805,wind,2030,77,21,21,-0.03730491009770773
14806,wind,2030,77,22,22,-0.03730491009770752
14807,wind,2030,77,23,23,-0.03730491009770773
14808,wind,2030,77,24,24,-0.03730491009770752
14809,wind,2030,78,1,1,-0.22375499455954395
14810,wind,2030,78,2,2,-0.22375499455954395
14811,wind,2030,78,3,3,-0.22375499455954395
14812,wind,2030,78,4,4,-0.22375499455954395
14813,wind,2030,78,5,5,-0.22375499455954395
14814,wind,2030,78,6,6,-0.22375499455954395
14815,wind,2030,78,7,7,-0.22375499455954395
14816,wind,2030,78,8,8,-0.22375499455954395
14817,wind,2030,78,9,9,-0.22375499455954395
14818,wind,2030,78,10,10,-0.22375499455954395
14819,wind,2030,78,11,11,-0.22375499455954395
14820,wind,2030,78,12,12,-0.22375499455954395
14821,wind,2030,78,13,13,-0.22375499455954395
14822,wind,2030,78,14,14,-0.22375499455954395
14823,wind,2030,78,15,15,-0.22375499455954395
14824,wind,2030,78,16,16,-0.22375499455954395
14825,wind,2030,78,17,17,-0.22375499455954395
14826,wind,2030,78,18,18,-0.22375499455954395
14827,wind,2030,78,19,19,-0.22375499455954395
14828,wind,2030,78,20,20,-0.22375499455954395
14829,wind,2030,78,21,21,-0.22375499455954395
14830,wind,2030,78,22,22,-0.22375499455954395
14831,wind,2030,78,23,23,-0.22375499455954395
14832,wind,2030,78,24,24,-0.22375499455954395
14833,wind,2030,79,1,1,-0.13852619495823526
14834,wind,2030,79,2,2,-0.13852619495823526
14835,wind,2030,79,3,3,-0.13852619495823526
14836,wind,2030,79,4,4,-0.13852619495823526
14837,wind,2030,79,5,5,-0.13852619495823526
14838,wind,2030,79,6,6,-0.13852619495823526
14839,wind,2030,79,7,7,-0.13852619495823526
14840,wind,2030,79,8,8,-0.13852619495823526
14841,wind,2030,79,9,9,-0.13852619495823526
14842,wind,2030,79,10,10,-0.13852619495823526
14843,wind,2030,79,11,11,-0.13852619495823526
14844,wind,2030,79,12,12,-0.13852619495823526
14845,wind,2030,79,13,13,-0.13852619495823526
14846,wind,2030,79,14,14,-0.13852619495823526
14847,wind,2030,79,15,15,-0.13852619495823526
14848,wind,2030,79,16,16,-0.13852619495823526
14849,wind,2030,79,17,17,-0.13852619495823526
14850,wind,2030,79,18,18,-0.13852619495823526
14851,wind,2030,79,19,19,-0.13852619495823526
14852,wind,2030,79,20,20,-0.13852619495823526
14853,wind,2030,79,21,21,-0.13852619495823526
14854,wind,2030,79,22,22,-0.13852619495823526
14855,wind,2030,79,23,23,-0.13852619495823526
14856,wind,2030,79,24,24,-0.13852619495823526
14857,wind,2030,80,1,1,-0.032140816245354066
14858,wind,2030,80,2,2,-0.032140816245354066
14859,wind,2030,80,3,3,-0.032140816245354066
14860,wind,2030,80,4,4,-0.032140816245354066
14861,wind,2030,80,5,5,-0.032140816245354066
14862,wind,2030,80,6,6,-0.03577412590787235
14863,wind,2030,80,7,7,-0.03577412590787235
14864,wind,2030,80,8,8,-0.03577412590787235
14865,wind,2030,80,9,9,-0.03577412590787235
14866,wind,2030,80,10,10,-0.03577412590787235
14867,wind,2030,80,11,11,0.0
14868,wind,2030,80,12,12,0.0
14869,wind,2030,80,13,13,0.0
14870,wind,2030,80,14,14,0.0
14871,wind,2030,80,15,15,0.0
14872,wind,2030,80,16,16,0.0
14873,wind,2030,80,17,17,0.0
14874,wind,2030,80,18,18,-0.03577412590787235
14875,wind,2030,80,19,19,-0.03577412590787235
14876,wind,2030,80,20,20,-0.03577412590787235
14877,wind,2030,80,21,21,-0.03577412590787235
14878,wind,2030,80,22,22,-0.03577412590787235
14879,wind,2030,80,23,23,-0.03577412590787235
14880,wind,2030,80,24,24,-0.03577412590787235
14881,wind,2030,81,1,1,-0.15379535621492657
14882,wind,2030,81,2,2,-0.15379535621492657
14883,wind,2030,81,3,3,-0.15379535621492657
14884,wind,2030,81,4,4,-0.15379535621492657
14885,wind,2030,81,5,5,-0.15379535621492657
14886,wind,2030,81,6,6,-0.15379535621492657
14887,wind,2030,81,7,7,-0.15379535621492657
14888,wind,2030,81,8,8,-0.15379535621492657
14889,wind,2030,81,9,9,-0.15379535621492657
14890,wind,2030,81,10,10,-0.15379535621492657
14891,wind,2030,81,11,11,-0.15379535621492657
14892,wind,2030,81,12,12,-0.15379535621492657
14893,wind,2030,81,13,13,-0.15379535621492657
14894,wind,2030,81,14,14,-0.15379535621492657
14895,wind,2030,81,15,15,-0.15379535621492593
14896,wind,2030,81,16,16,-0.11747461111866657
14897,wind,2030,81,17,17,-0.13085806620863125
14898,wind,2030,81,18,18,-0.13085806620863125
14899,wind,2030,81,19,19,-0.11747461111866657
14900,wind,2030,81,20,20,-0.13085806620863125
14901,wind,2030,81,21,21,0.0
14902,wind,2030,81,22,22,0.0
14903,wind,2030,81,23,23,0.0
14904,wind,2030,81,24,24,0.0
14905,wind,2030,82,1,1,-0.0645984677218286
14906,wind,2030,82,2,2,-0.0645984677218286
14907,wind,2030,82,3,3,-0.0645984677218286
14908,wind,2030,82,4,4,-0.0645984677218286
14909,wind,2030,82,5,5,-0.0645984677218286
14910,wind,2030,82,6,6,-0.0645984677218286
14911,wind,2030,82,7,7,-0.0645984677218286
14912,wind,2030,82,8,8,-0.0645984677218286
14913,wind,2030,82,9,9,-0.0645984677218286
14914,wind,2030,82,10,10,-0.0645984677218286
14915,wind,2030,82,11,11,-0.0645984677218286
14916,wind,2030,82,12,12,0.0
14917,wind,2030,82,13,13,0.0
14918,wind,2030,82,14,14,0.0
14919,wind,2030,82,15,15,0.0
14920,wind,2030,82,16,16,0.0
14921,wind,2030,82,17,17,-0.0645984677218286
14922,wind,2030,82,18,18,-0.0645984677218286
14923,wind,2030,82,19,19,-0.0645984677218286
14924,wind,2030,82,20,20,-0.0645984677218286
14925,wind,2030,82,21,21,-0.0645984677218286
14926,wind,2030,82,22,22,-0.0645984677218286
14927,wind,2030,82,23,23,-0.0645984677218286
14928,wind,2030,82,24,24,-0.0645984677218286
14929,wind,2030,83,1,1,-1.3997017565720962
14930,wind,2030,83,2,2,-1.3997017565720962
14931,wind,2030,83,3,3,-1.3997017565720962
14932,wind,2030,83,4,4,-1.3997017565720962
14933,wind,2030,83,5,5,-1.3997017565720962
14934,wind,2030,83,6,6,-1.3997017565720962
14935,wind,2030,83,7,7,-1.3997017565720962
14936,wind,2030,83,8,8,-1.3997017565720962
14937,wind,2030,83,9,9,-1.3997017565720962
14938,wind,2030,83,10,10,-1.3997017565720962
14939,wind,2030,83,11,11,-1.3997017565720962
14940,wind,2030,83,12,12,-1.3997017565720962
14941,wind,2030,83,13,13,-1.3997017565720962
14942,wind,2030,83,14,14,-1.3997017565720962
14943,wind,2030,83,15,15,-1.3997017565720962
14944,wind,2030,83,16,16,-1.3997017565720962
14945,wind,2030,83,17,17,-1.3997017565720962
14946,wind,2030,83,18,18,-1.3997017565720962
14947,wind,2030,83,19,19,-1.3997017565720966
14948,wind,2030,83,20,20,-1.3997017565720962
14949,wind,2030,83,21,21,-1.3997017565720966
14950,wind,2030,83,22,22,-1.3997017565720962
14951,wind,2030,83,23,23,-1.3997017565720962
14952,wind,2030,83,24,24,-1.3997017565720962
14953,wind,2030,84,1,1,-0.21063409745828365
14954,wind,2030,84,2,2,-0.21063409745828365
14955,wind,2030,84,3,3,-0.21063409745828365
14956,wind,2030,84,4,4,-0.21063409745828365
14957,wind,2030,84,5,5,-0.21063409745828365
14958,wind,2030,84,6,6,-0.21063409745828365
14959,wind,2030,84,7,7,-0.21063409745828365
14960,wind,2030,84,8,8,-0.21063409745828365
14961,wind,2030,84,9,9,-0.21063409745828365
14962,wind,2030,84,10,10,-0.21063409745828365
14963,wind,2030,84,11,11,0.0
14964,wind,2030,84,12,12,0.0
14965,wind,2030,84,13,13,0.0
14966,wind,2030,84,14,14,0.0
14967,wind,2030,84,15,15,0.0
14968,wind,2030,84,16,16,0.0
14969,wind,2030,84,17,17,-0.21063409745828365
14970,wind,2030,84,18,18,-0.21063409745828365
14971,wind,2030,84,19,19,-0.21063409745828365
14972,wind,2030,84,20,20,-0.21063409745828365
14973,wind,2030,84,21,21,-0.21063409745828365
14974,wind,2030,84,22,22,-0.21063409745828365
14975,wind,2030,84,23,23,-0.21063409745828365
14976,wind,2030,84,24,24,-0.21063409745828365
14977,wind,2030,85,1,1,-0.07312702934104588
14978,wind,2030,85,2,2,-0.07312702934104588
14979,wind,2030,85,3,3,-0.07312702934104588
14980,wind,2030,85,4,4,-0.07312702934104588
14981,wind,2030,85,5,5,-0.07312702934104588
14982,wind,2030,85,6,6,-0.07312702934104588
14983,wind,2030,85,7,7,-0.07312702934104588
14984,wind,2030,85,8,8,-0.07312702934104588
14985,wind,2030,85,9,9,-0.07312702934104588
14986,wind,2030,85,10,10,-0.07312702934104588
14987,wind,2030,85,11,11,-0.07312702934104588
14988,wind,2030,85,12,12,0.0
14989,wind,2030,85,13,13,0.0
14990,wind,2030,85,14,14,0.0
14991,wind,2030,85,15,15,0.0
14992,wind,2030,85,16,16,0.0
14993,wind,2030,85,17,17,0.0
14994,wind,2030,85,18,18,-0.07312702934104588
14995,wind,2030,85,19,19,-0.07312702934104588
14996,wind,2030,85,20,20,-0.07312702934104588
14997,wind,2030,85,21,21,-0.07312702934104588
14998,wind,2030,85,22,22,-0.07312702934104588
14999,wind,2030,85,23,23,-0.07312702934104544
15000,wind,2030,85,24,24,-0.07312702934104544
15001,wind,2030,86,1,1,0.0
15002,wind,2030,86,2,2,0.0
15003,wind,2030,86,3,3,0.0
15004,wind,2030,86,4,4,0.0
15005,wind,2030,86,5,5,0.0
15006,wind,2030,86,6,6,0.0
15007,wind,2030,86,7,7,0.0
15008,wind,2030,86,8,8,0.0
15009,wind,2030,86,9,9,0.0
15010,wind,2030,86,10,10,0.0
15011,wind,2030,86,11,11,0.0
15012,wind,2030,86,12,12,0.0
15013,wind,2030,86,13,13,0.0
15014,wind,2030,86,14,14,0.0
15015,wind,2030,86,15,15,0.0
15016,wind,2030,86,16,16,0.0
15017,wind,2030,86,17,17,0.0
15018,wind,2030,86,18,18,0.0
15019,wind,2030,86,19,19,0.0
15020,wind,2030,86,20,20,0.0
15021,wind,2030,86,21,21,0.0
15022,wind,2030,86,22,22,0.0
15023,wind,2030,86,23,23,0.0
15024,wind,2030,86,24,24,0.0
15025,wind,2030,87,1,1,-0.07979379694553555
15026,wind,2030,87,2,2,-0.07979379694553555
15027,wind,2030,87,3,3,-0.07979379694553555
15028,wind,2030,87,4,4,-0.07979379694553555
15029,wind,2030,87,5,5,-0.07979379694553555
15030,wind,2030,87,6,6,-0.07979379694553555
15031,wind,2030,87,7,7,-0.07979379694553555
15032,wind,2030,87,8,8,-0.07979379694553555
15033,wind,2030,87,9,9,-0.07979379694553555
15034,wind,2030,87,10,10,-0.07979379694553555
15035,wind,2030,87,11,11,-0.07979379694553555
15036,wind,2030,87,12,12,-0.07979379694553555
15037,wind,2030,87,13,13,-0.07979379694553555
15038,wind,2030,87,14,14,-0.07979379694553555
15039,wind,2030,87,15,15,-0.07979379694553555
15040,wind,2030,87,16,16,-0.07979379694553555
15041,wind,2030,87,17,17,-0.07979379694553555
15042,wind,2030,87,18,18,-0.07979379694553555
15043,wind,2030,87,19,19,-0.07979379694553555
15044,wind,2030,87,20,20,-0.07979379694553555
15045,wind,2030,87,21,21,-0.07979379694553555
15046,wind,2030,87,22,22,-0.07979379694553555
15047,wind,2030,87,23,23,-0.07979379694553555
15048,wind,2030,87,24,24,-0.07979379694553555
15049,wind,2030,88,1,1,-0.5941537456959378
15050,wind,2030,88,2,2,-0.5941537456959378
15051,wind,2030,88,3,3,-0.5941537456959378
15052,wind,2030,88,4,4,-0.5941537456959378
15053,wind,2030,88,5,5,-0.5941537456959378
15054,wind,2030,88,6,6,-0.5941537456959378
15055,wind,2030,88,7,7,-0.5941537456959378
15056,wind,2030,88,8,8,-0.5941537456959378
15057,wind,2030,88,9,9,-0.5941537456959378
15058,wind,2030,88,10,10,-0.5941537456959378
15059,wind,2030,88,11,11,-0.5941537456959378
15060,wind,2030,88,12,12,-0.5941537456959378
15061,wind,2030,88,13,13,-0.5941537456959378
15062,wind,2030,88,14,14,-0.5941537456959378
15063,wind,2030,88,15,15,-0.5941537456959378
15064,wind,2030,88,16,16,-0.5941537456959378
15065,wind,2030,88,17,17,-0.5941537456959378
15066,wind,2030,88,18,18,-0.5941537456959378
15067,wind,2030,88,19,19,-0.5941537456959378
15068,wind,2030,88,20,20,-0.5941537456959378
15069,wind,2030,88,21,21,-0.5941537456959378
15070,wind,2030,88,22,22,-0.5941537456959378
15071,wind,2030,88,23,23,-0.5941537456959378
15072,wind,2030,88,24,24,-0.5941537456959378
15073,wind,2030,89,1,1,-0.04255820093334758
15074,wind,2030,89,2,2,-0.04255820093334758
15075,wind,2030,89,3,3,0.0
15076,wind,2030,89,4,4,0.0
15077,wind,2030,89,5,5,0.0
15078,wind,2030,89,6,6,0.0
15079,wind,2030,89,7,7,0.0
15080,wind,2030,89,8,8,0.0
15081,wind,2030,89,9,9,0.0
15082,wind,2030,89,10,10,0.0
15083,wind,2030,89,11,11,0.0
15084,wind,2030,89,12,12,0.0
15085,wind,2030,89,13,13,0.0
15086,wind,2030,89,14,14,0.0
15087,wind,2030,89,15,15,0.0
15088,wind,2030,89,16,16,0.0
15089,wind,2030,89,17,17,0.0
15090,wind,2030,89,18,18,0.0
15091,wind,2030,89,19,19,-0.04255820093334758
15092,wind,2030,89,20,20,-0.04255820093334758
15093,wind,2030,89,21,21,-0.042558200933347355
15094,wind,2030,89,22,22,-0.04255820093334758
15095,wind,2030,89,23,23,-0.04255820093334758
15096,wind,2030,89,24,24,-0.04255820093334758
15097,wind,2030,90,1,1,0.0
15098,wind,2030,90,2,2,0.0
15099,wind,2030,90,3,3,0.0
15100,wind,2030,90,4,4,0.0
15101,wind,2030,90,5,5,0.0
15102,wind,2030,90,6,6,0.0
15103,wind,2030,90,7,7,0.0
15104,wind,2030,90,8,8,0.0
15105,wind,2030,90,9,9,0.0
15106,wind,2030,90,10,10,0.0
15107,wind,2030,90,11,11,0.0
15108,wind,2030,90,12,12,0.0
15109,wind,2030,90,13,13,0.0
15110,wind,2030,90,14,14,0.0
15111,wind,2030,90,15,15,0.0
15112,wind,2030,90,16,16,0.0
15113,wind,2030,90,17,17,-0.03283328264269019
15114,wind,2030,90,18,18,-0.032833282642690365
15115,wind,2030,90,19,19,-0.032833282642690365
15116,wind,2030,90,20,20,-0.032833282642690365
15117,wind,2030,90,21,21,-0.032833282642690365
15118,wind,2030,90,22,22,-0.032833282642690365
15119,wind,2030,90,23,23,-0.032833282642690365
15120,wind,2030,90,24,24,-0.032833282642690365
15121,wind_offshore,2030,1,1,1,0.0
15122,wind_offshore,2030,1,2,2,0.0
15123,wind_offshore,2030,1,3,3,0.0
15124,wind_offshore,2030,1,4,4,0.0
15125,wind_offshore,2030,1,5,5,0.0
15126,wind_offshore,2030,1,6,6,0.0
15127,wind_offshore,2030,1,7,7,0.0
15128,wind_offshore,2030,1,8,8,0.0
15129,wind_offshore,2030,1,9,9,0.0
15130,wind_offshore,2030,1,10,10,0.0
15131,wind_offshore,2030,1,11,11,0.0
15132,wind_offshore,2030,1,12,12,0.0
15133,wind_offshore,2030,1,13,13,0.0
15134,wind_offshore,2030,1,14,14,0.0
15135,wind_offshore,2030,1,15,15,0.0
15136,wind_offshore,2030,1,16,16,0.0
15137,wind_offshore,2030,1,17,17,0.0
15138,wind_offshore,2030,1,18,18,0.0
15139,wind_offshore,2030,1,19,19,-0.11699414320637636
15140,wind_offshore,2030,1,20,20,-0.11699414320637572
15141,wind_offshore,2030,1,21,21,-0.11699414320637636
15142,wind_offshore,2030,1,22,22,-0.11699414320637636
15143,wind_offshore,2030,1,23,23,0.0
15144,wind_offshore,2030,1,24,24,0.0
15145,wind_offshore,2030,2,1,1,-1.1916806832613192
15146,wind_offshore,2030,2,2,2,-1.1916806832613192
15147,wind_offshore,2030,2,3,3,-1.1916806832613192
15148,wind_offshore,2030,2,4,4,-1.1916806832613192
15149,wind_offshore,2030,2,5,5,-1.1916806832613192
15150,wind_offshore,2030,2,6,6,-1.1916806832613192
15151,wind_offshore,2030,2,7,7,-1.1916806832613192
15152,wind_offshore,2030,2,8,8,-1.1916806832613192
15153,wind_offshore,2030,2,9,9,-1.1916806832613192
15154,wind_offshore,2030,2,10,10,-1.1916806832613192
15155,wind_offshore,2030,2,11,11,-1.1916806832613192
15156,wind_offshore,2030,2,12,12,-1.1916806832613192
15157,wind_offshore,2030,2,13,13,-1.1916806832613192
15158,wind_offshore,2030,2,14,14,-1.1916806832613192
15159,wind_offshore,2030,2,15,15,-1.1916806832613192
15160,wind_offshore,2030,2,16,16,-1.1916806832613192
15161,wind_offshore,2030,2,17,17,-1.1916806832613192
15162,wind_offshore,2030,2,18,18,-1.1916806832613192
15163,wind_offshore,2030,2,19,19,-1.1916806832613192
15164,wind_offshore,2030,2,20,20,-1.1916806832613192
15165,wind_offshore,2030,2,21,21,-1.1916806832613192
15166,wind_offshore,2030,2,22,22,-1.1916806832613192
15167,wind_offshore,2030,2,23,23,-1.1916806832613192
15168,wind_offshore,2030,2,24,24,-1.1916806832613192
15169,wind_offshore,2030,3,1,1,-0.2238201642026695
15170,wind_offshore,2030,3,2,2,-0.2238201642026695
15171,wind_offshore,2030,3,3,3,-0.2238201642026695
15172,wind_offshore,2030,3,4,4,-0.2238201642026695
15173,wind_offshore,2030,3,5,5,-0.2238201642026695
15174,wind_offshore,2030,3,6,6,-0.2238201642026695
15175,wind_offshore,2030,3,7,7,-0.2238201642026695
15176,wind_offshore,2030,3,8,8,-0.2238201642026695
15177,wind_offshore,2030,3,9,9,-0.2238201642026695
15178,wind_offshore,2030,3,10,10,-0.2238201642026695
15179,wind_offshore,2030,3,11,11,-0.2238201642026695
15180,wind_offshore,2030,3,12,12,-0.2238201642026695
15181,wind_offshore,2030,3,13,13,-0.2238201642026695
15182,wind_offshore,2030,3,14,14,-0.2238201642026695
15183,wind_offshore,2030,3,15,15,-0.2238201642026695
15184,wind_offshore,2030,3,16,16,-0.2238201642026695
15185,wind_offshore,2030,3,17,17,-0.2238201642026695
15186,wind_offshore,2030,3,18,18,-0.3211332790733954
15187,wind_offshore,2030,3,19,19,-7.7095911576040885
15188,wind_offshore,2030,3,20,20,-38.72739180130625
15189,wind_offshore,2030,3,21,21,-7.7095911576040885
15190,wind_offshore,2030,3,22,22,-0.3211332790733954
15191,wind_offshore,2030,3,23,23,-0.3211332790733954
15192,wind_offshore,2030,3,24,24,-0.2238201642026695
15193,wind_offshore,2030,4,1,1,0.0
15194,wind_offshore,2030,4,2,2,0.0
15195,wind_offshore,2030,4,3,3,0.0
15196,wind_offshore,2030,4,4,4,0.0
15197,wind_offshore,2030,4,5,5,0.0
15198,wind_offshore,2030,4,6,6,0.0
15199,wind_offshore,2030,4,7,7,0.0
15200,wind_offshore,2030,4,8,8,0.0
15201,wind_offshore,2030,4,9,9,0.0
15202,wind_offshore,2030,4,10,10,0.0
15203,wind_offshore,2030,4,11,11,0.0
15204,wind_offshore,2030,4,12,12,0.0
15205,wind_offshore,2030,4,13,13,0.0
15206,wind_offshore,2030,4,14,14,0.0
15207,wind_offshore,2030,4,15,15,0.0
15208,wind_offshore,2030,4,16,16,0.0
15209,wind_offshore,2030,4,17,17,0.0
15210,wind_offshore,2030,4,18,18,0.0
15211,wind_offshore,2030,4,19,19,0.0
15212,wind_offshore,2030,4,20,20,0.0
15213,wind_offshore,2030,4,21,21,0.0
15214,wind_offshore,2030,4,22,22,0.0
15215,wind_offshore,2030,4,23,23,0.0
15216,wind_offshore,2030,4,24,24,0.0
15217,wind_offshore,2030,5,1,1,-0.0929091952297776
15218,wind_offshore,2030,5,2,2,0.0
15219,wind_offshore,2030,5,3,3,0.0
15220,wind_offshore,2030,5,4,4,0.0
15221,wind_offshore,2030,5,5,5,0.0
15222,wind_offshore,2030,5,6,6,0.0
15223,wind_offshore,2030,5,7,7,0.0
15224,wind_offshore,2030,5,8,8,-0.0929091952297776
15225,wind_offshore,2030,5,9,9,-0.0929091952297776
15226,wind_offshore,2030,5,10,10,-0.0929091952297776
15227,wind_offshore,2030,5,11,11,-0.0929091952297776
15228,wind_offshore,2030,5,12,12,-0.0929091952297776
15229,wind_offshore,2030,5,13,13,-0.0929091952297776
15230,wind_offshore,2030,5,14,14,-0.0929091952297776
15231,wind_offshore,2030,5,15,15,-0.0929091952297776
15232,wind_offshore,2030,5,16,16,-0.0929091952297776
15233,wind_offshore,2030,5,17,17,-0.0929091952297776
15234,wind_offshore,2030,5,18,18,-0.0929091952297776
15235,wind_offshore,2030,5,19,19,-0.0929091952297776
15236,wind_offshore,2030,5,20,20,-0.0929091952297776
15237,wind_offshore,2030,5,21,21,-0.0929091952297776
15238,wind_offshore,2030,5,22,22,-0.0929091952297776
15239,wind_offshore,2030,5,23,23,-0.0929091952297776
15240,wind_offshore,2030,5,24,24,-0.0929091952297776
15241,wind_offshore,2030,6,1,1,-0.1559840984237937
15242,wind_offshore,2030,6,2,2,-0.1559840984237937
15243,wind_offshore,2030,6,3,3,-0.1559840984237937
15244,wind_offshore,2030,6,4,4,-0.1559840984237937
15245,wind_offshore,2030,6,5,5,-0.1559840984237937
15246,wind_offshore,2030,6,6,6,-0.1559840984237937
15247,wind_offshore,2030,6,7,7,-0.1559840984237937
15248,wind_offshore,2030,6,8,8,-0.1559840984237937
15249,wind_offshore,2030,6,9,9,-0.1559840984237937
15250,wind_offshore,2030,6,10,10,-0.1559840984237937
15251,wind_offshore,2030,6,11,11,-0.1559840984237937
15252,wind_offshore,2030,6,12,12,-0.1559840984237937
15253,wind_offshore,2030,6,13,13,-0.15598409842379338
15254,wind_offshore,2030,6,14,14,-0.15598409842379338
15255,wind_offshore,2030,6,15,15,-0.1559840984237937
15256,wind_offshore,2030,6,16,16,-0.1559840984237937
15257,wind_offshore,2030,6,17,17,-0.1559840984237937
15258,wind_offshore,2030,6,18,18,-0.1559840984237937
15259,wind_offshore,2030,6,19,19,-0.1559840984237937
15260,wind_offshore,2030,6,20,20,-0.1559840984237937
15261,wind_offshore,2030,6,21,21,-0.1559840984237937
15262,wind_offshore,2030,6,22,22,-0.1559840984237937
15263,wind_offshore,2030,6,23,23,-0.1559840984237937
15264,wind_offshore,2030,6,24,24,-0.1559840984237937
15265,wind_offshore,2030,7,1,1,-0.10675345016415036
15266,wind_offshore,2030,7,2,2,-0.10675345016415036
15267,wind_offshore,2030,7,3,3,-0.10675345016415036
15268,wind_offshore,2030,7,4,4,-0.10675345016415036
15269,wind_offshore,2030,7,5,5,-0.10675345016415036
15270,wind_offshore,2030,7,6,6,-0.10675345016415036
15271,wind_offshore,2030,7,7,7,-0.10675345016415036
15272,wind_offshore,2030,7,8,8,-0.10675345016415036
15273,wind_offshore,2030,7,9,9,0.0
15274,wind_offshore,2030,7,10,10,0.0
15275,wind_offshore,2030,7,11,11,0.0
15276,wind_offshore,2030,7,12,12,0.0
15277,wind_offshore,2030,7,13,13,0.0
15278,wind_offshore,2030,7,14,14,0.0
15279,wind_offshore,2030,7,15,15,0.0
15280,wind_offshore,2030,7,16,16,0.0
15281,wind_offshore,2030,7,17,17,0.0
15282,wind_offshore,2030,7,18,18,0.0
15283,wind_offshore,2030,7,19,19,-0.10675345016415036
15284,wind_offshore,2030,7,20,20,-0.10675345016415036
15285,wind_offshore,2030,7,21,21,-0.10675345016414975
15286,wind_offshore,2030,7,22,22,-0.10675345016415036
15287,wind_offshore,2030,7,23,23,-0.10675345016415036
15288,wind_offshore,2030,7,24,24,-0.10675345016415036
15289,wind_offshore,2030,8,1,1,0.0
15290,wind_offshore,2030,8,2,2,0.0
15291,wind_offshore,2030,8,3,3,0.0
15292,wind_offshore,2030,8,4,4,0.0
15293,wind_offshore,2030,8,5,5,0.0
15294,wind_offshore,2030,8,6,6,0.0
15295,wind_offshore,2030,8,7,7,0.0
15296,wind_offshore,2030,8,8,8,0.0
15297,wind_offshore,2030,8,9,9,0.0
15298,wind_offshore,2030,8,10,10,0.0
15299,wind_offshore,2030,8,11,11,0.0
15300,wind_offshore,2030,8,12,12,0.0
15301,wind_offshore,2030,8,13,13,0.0
15302,wind_offshore,2030,8,14,14,0.0
15303,wind_offshore,2030,8,15,15,0.0
15304,wind_offshore,2030,8,16,16,0.0
15305,wind_offshore,2030,8,17,17,0.0
15306,wind_offshore,2030,8,18,18,0.0
15307,wind_offshore,2030,8,19,19,0.0
15308,wind_offshore,2030,8,20,20,0.0
15309,wind_offshore,2030,8,21,21,0.0
15310,wind_offshore,2030,8,22,22,0.0
15311,wind_offshore,2030,8,23,23,0.0
15312,wind_offshore,2030,8,24,24,0.0
15313,wind_offshore,2030,9,1,1,0.0
15314,wind_offshore,2030,9,2,2,0.0
15315,wind_offshore,2030,9,3,3,0.0
15316,wind_offshore,2030,9,4,4,0.0
15317,wind_offshore,2030,9,5,5,0.0
15318,wind_offshore,2030,9,6,6,-0.14621008184932582
15319,wind_offshore,2030,9,7,7,-0.14621008184932582
15320,wind_offshore,2030,9,8,8,-0.14621008184932582
15321,wind_offshore,2030,9,9,9,-0.14621008184932582
15322,wind_offshore,2030,9,10,10,-0.14621008184932582
15323,wind_offshore,2030,9,11,11,-0.14621008184932582
15324,wind_offshore,2030,9,12,12,-0.14621008184932582
15325,wind_offshore,2030,9,13,13,-0.14621008184932582
15326,wind_offshore,2030,9,14,14,-0.14621008184932582
15327,wind_offshore,2030,9,15,15,-0.14621008184932582
15328,wind_offshore,2030,9,16,16,-0.14621008184932582
15329,wind_offshore,2030,9,17,17,-0.14621008184932582
15330,wind_offshore,2030,9,18,18,-0.14621008184932582
15331,wind_offshore,2030,9,19,19,-0.14621008184932582
15332,wind_offshore,2030,9,20,20,-0.14621008184932582
15333,wind_offshore,2030,9,21,21,-0.14621008184932582
15334,wind_offshore,2030,9,22,22,-0.14621008184932582
15335,wind_offshore,2030,9,23,23,-0.14621008184932582
15336,wind_offshore,2030,9,24,24,-0.14621008184932582
15337,wind_offshore,2030,10,1,1,-0.06556510375326977
15338,wind_offshore,2030,10,2,2,-0.06556510375326977
15339,wind_offshore,2030,10,3,3,-0.06556510375326977
15340,wind_offshore,2030,10,4,4,-0.06556510375326977
15341,wind_offshore,2030,10,5,5,-0.06556510375326977
15342,wind_offshore,2030,10,6,6,-0.06556510375326977
15343,wind_offshore,2030,10,7,7,-0.06556510375326977
15344,wind_offshore,2030,10,8,8,-0.06556510375326977
15345,wind_offshore,2030,10,9,9,-0.06556510375326977
15346,wind_offshore,2030,10,10,10,-0.06556510375326977
15347,wind_offshore,2030,10,11,11,-0.06556510375326977
15348,wind_offshore,2030,10,12,12,-0.06556510375326977
15349,wind_offshore,2030,10,13,13,-0.06556510375326977
15350,wind_offshore,2030,10,14,14,-0.05861662808376563
15351,wind_offshore,2030,10,15,15,-0.06556510375326977
15352,wind_offshore,2030,10,16,16,-0.06556510375326977
15353,wind_offshore,2030,10,17,17,-0.06556510375326977
15354,wind_offshore,2030,10,18,18,-0.06556510375326977
15355,wind_offshore,2030,10,19,19,-0.06556510375326977
15356,wind_offshore,2030,10,20,20,-0.06556510375326977
15357,wind_offshore,2030,10,21,21,-0.06556510375326977
15358,wind_offshore,2030,10,22,22,-0.06556510375326977
15359,wind_offshore,2030,10,23,23,-0.06556510375326977
15360,wind_offshore,2030,10,24,24,-0.06556510375326977
15361,wind_offshore,2030,11,1,1,-0.06619708347603903
15362,wind_offshore,2030,11,2,2,-0.06619708347603903
15363,wind_offshore,2030,11,3,3,-0.06619708347603903
15364,wind_offshore,2030,11,4,4,-0.06619708347603903
15365,wind_offshore,2030,11,5,5,-0.06619708347603903
15366,wind_offshore,2030,11,6,6,-0.06619708347603903
15367,wind_offshore,2030,11,7,7,-0.06619708347603903
15368,wind_offshore,2030,11,8,8,-0.06619708347603903
15369,wind_offshore,2030,11,9,9,-0.06619708347603903
15370,wind_offshore,2030,11,10,10,-0.06619708347603903
15371,wind_offshore,2030,11,11,11,-0.06619708347603903
15372,wind_offshore,2030,11,12,12,-0.06619708347603903
15373,wind_offshore,2030,11,13,13,-0.06619708347603903
15374,wind_offshore,2030,11,14,14,-0.06619708347603903
15375,wind_offshore,2030,11,15,15,-0.06619708347603903
15376,wind_offshore,2030,11,16,16,-0.06619708347603903
15377,wind_offshore,2030,11,17,17,-0.06619708347603903
15378,wind_offshore,2030,11,18,18,-0.06619708347603903
15379,wind_offshore,2030,11,19,19,-0.06619708347603903
15380,wind_offshore,2030,11,20,20,-0.06619708347603903
15381,wind_offshore,2030,11,21,21,-0.06619708347603903
15382,wind_offshore,2030,11,22,22,-0.06619708347603903
15383,wind_offshore,2030,11,23,23,-0.06619708347603903
15384,wind_offshore,2030,11,24,24,-0.06619708347603903
15385,wind_offshore,2030,12,1,1,-1.3585115469694822
15386,wind_offshore,2030,12,2,2,-1.3585115469694822
15387,wind_offshore,2030,12,3,3,-1.3585115469694822
15388,wind_offshore,2030,12,4,4,-1.3585115469694822
15389,wind_offshore,2030,12,5,5,-1.3585115469694822
15390,wind_offshore,2030,12,6,6,-1.3585115469694822
15391,wind_offshore,2030,12,7,7,-1.3585115469694822
15392,wind_offshore,2030,12,8,8,-1.3585115469694822
15393,wind_offshore,2030,12,9,9,-1.3585115469694822
15394,wind_offshore,2030,12,10,10,-1.358511546969482
15395,wind_offshore,2030,12,11,11,-1.3585115469694822
15396,wind_offshore,2030,12,12,12,-1.3585115469694822
15397,wind_offshore,2030,12,13,13,-1.3585115469694822
15398,wind_offshore,2030,12,14,14,-1.3585115469694822
15399,wind_offshore,2030,12,15,15,-1.3585115469694822
15400,wind_offshore,2030,12,16,16,-1.3585115469694822
15401,wind_offshore,2030,12,17,17,-1.3585115469694822
15402,wind_offshore,2030,12,18,18,-1.3585115469694822
15403,wind_offshore,2030,12,19,19,-1.7129829514281198
15404,wind_offshore,2030,12,20,20,-1.7129829514281198
15405,wind_offshore,2030,12,21,21,-1.7129829514281198
15406,wind_offshore,2030,12,22,22,-1.7129829514281198
15407,wind_offshore,2030,12,23,23,-1.3585115469694817
15408,wind_offshore,2030,12,24,24,-1.3585115469694822
15409,wind_offshore,2030,13,1,1,-0.1727385967208784
15410,wind_offshore,2030,13,2,2,-0.1727385967208784
15411,wind_offshore,2030,13,3,3,-0.1727385967208784
15412,wind_offshore,2030,13,4,4,-0.1727385967208784
15413,wind_offshore,2030,13,5,5,-0.1727385967208784
15414,wind_offshore,2030,13,6,6,-0.1727385967208784
15415,wind_offshore,2030,13,7,7,-0.1727385967208784
15416,wind_offshore,2030,13,8,8,-0.1727385967208784
15417,wind_offshore,2030,13,9,9,-0.1727385967208784
15418,wind_offshore,2030,13,10,10,0.0
15419,wind_offshore,2030,13,11,11,0.0
15420,wind_offshore,2030,13,12,12,0.0
15421,wind_offshore,2030,13,13,13,0.0
15422,wind_offshore,2030,13,14,14,0.0
15423,wind_offshore,2030,13,15,15,0.0
15424,wind_offshore,2030,13,16,16,0.0
15425,wind_offshore,2030,13,17,17,0.0
15426,wind_offshore,2030,13,18,18,0.0
15427,wind_offshore,2030,13,19,19,-0.1727385967208784
15428,wind_offshore,2030,13,20,20,-0.1727385967208784
15429,wind_offshore,2030,13,21,21,-0.1727385967208784
15430,wind_offshore,2030,13,22,22,-0.17273859672087782
15431,wind_offshore,2030,13,23,23,-0.1727385967208784
15432,wind_offshore,2030,13,24,24,-0.17273859672087782
15433,wind_offshore,2030,14,1,1,0.0
15434,wind_offshore,2030,14,2,2,0.0
15435,wind_offshore,2030,14,3,3,0.0
15436,wind_offshore,2030,14,4,4,0.0
15437,wind_offshore,2030,14,5,5,0.0
15438,wind_offshore,2030,14,6,6,0.0
15439,wind_offshore,2030,14,7,7,0.0
15440,wind_offshore,2030,14,8,8,0.0
15441,wind_offshore,2030,14,9,9,0.0
15442,wind_offshore,2030,14,10,10,0.0
15443,wind_offshore,2030,14,11,11,0.0
15444,wind_offshore,2030,14,12,12,0.0
15445,wind_offshore,2030,14,13,13,0.0
15446,wind_offshore,2030,14,14,14,0.0
15447,wind_offshore,2030,14,15,15,0.0
15448,wind_offshore,2030,14,16,16,0.0
15449,wind_offshore,2030,14,17,17,0.0
15450,wind_offshore,2030,14,18,18,0.0
15451,wind_offshore,2030,14,19,19,-0.06547842527617229
15452,wind_offshore,2030,14,20,20,-0.06547842527617229
15453,wind_offshore,2030,14,21,21,-0.06547842527617202
15454,wind_offshore,2030,14,22,22,-0.06547842527617229
15455,wind_offshore,2030,14,23,23,-0.06547842527617229
15456,wind_offshore,2030,14,24,24,-0.06547842527617202
15457,wind_offshore,2030,15,1,1,-0.17537066264264722
15458,wind_offshore,2030,15,2,2,-0.17537066264264722
15459,wind_offshore,2030,15,3,3,-0.17537066264264722
15460,wind_offshore,2030,15,4,4,-0.17537066264264722
15461,wind_offshore,2030,15,5,5,-0.17537066264264722
15462,wind_offshore,2030,15,6,6,-0.17537066264264722
15463,wind_offshore,2030,15,7,7,-0.17537066264264722
15464,wind_offshore,2030,15,8,8,-0.17537066264264722
15465,wind_offshore,2030,15,9,9,-0.17537066264264722
15466,wind_offshore,2030,15,10,10,-0.17537066264264722
15467,wind_offshore,2030,15,11,11,-0.17537066264264722
15468,wind_offshore,2030,15,12,12,-0.17537066264264722
15469,wind_offshore,2030,15,13,13,-0.17537066264264722
15470,wind_offshore,2030,15,14,14,-0.17537066264264722
15471,wind_offshore,2030,15,15,15,-0.17537066264264722
15472,wind_offshore,2030,15,16,16,-0.17537066264264722
15473,wind_offshore,2030,15,17,17,-0.17537066264264722
15474,wind_offshore,2030,15,18,18,-0.17537066264264722
15475,wind_offshore,2030,15,19,19,-0.17537066264264722
15476,wind_offshore,2030,15,20,20,-0.17537066264264722
15477,wind_offshore,2030,15,21,21,-0.17537066264264722
15478,wind_offshore,2030,15,22,22,-0.17537066264264722
15479,wind_offshore,2030,15,23,23,-0.17537066264264722
15480,wind_offshore,2030,15,24,24,-0.17537066264264722
15481,wind_offshore,2030,16,1,1,-0.4333713355669978
15482,wind_offshore,2030,16,2,2,-0.4333713355669978
15483,wind_offshore,2030,16,3,3,-0.4333713355669978
15484,wind_offshore,2030,16,4,4,-0.4333713355669978
15485,wind_offshore,2030,16,5,5,-0.4333713355669978
15486,wind_offshore,2030,16,6,6,-0.4333713355669978
15487,wind_offshore,2030,16,7,7,-0.4333713355669978
15488,wind_offshore,2030,16,8,8,-0.4333713355669978
15489,wind_offshore,2030,16,9,9,-0.4333713355669978
15490,wind_offshore,2030,16,10,10,-0.4333713355669978
15491,wind_offshore,2030,16,11,11,-0.4333713355669978
15492,wind_offshore,2030,16,12,12,-0.4333713355669978
15493,wind_offshore,2030,16,13,13,-0.4333713355669978
15494,wind_offshore,2030,16,14,14,-0.4333713355669978
15495,wind_offshore,2030,16,15,15,-0.4333713355669978
15496,wind_offshore,2030,16,16,16,-0.4333713355669978
15497,wind_offshore,2030,16,17,17,-0.4333713355669978
15498,wind_offshore,2030,16,18,18,-0.4333713355669978
15499,wind_offshore,2030,16,19,19,-0.4333713355669978
15500,wind_offshore,2030,16,20,20,-0.4333713355669978
15501,wind_offshore,2030,16,21,21,-0.4333713355669978
15502,wind_offshore,2030,16,22,22,-0.4333713355669978
15503,wind_offshore,2030,16,23,23,-0.4333713355669978
15504,wind_offshore,2030,16,24,24,-0.4333713355669978
15505,wind_offshore,2030,17,1,1,-0.1730812451791462
15506,wind_offshore,2030,17,2,2,-0.1730812451791462
15507,wind_offshore,2030,17,3,3,-0.1730812451791462
15508,wind_offshore,2030,17,4,4,-0.1730812451791462
15509,wind_offshore,2030,17,5,5,-0.1730812451791462
15510,wind_offshore,2030,17,6,6,-0.1730812451791462
15511,wind_offshore,2030,17,7,7,-0.1730812451791462
15512,wind_offshore,2030,17,8,8,-0.1730812451791462
15513,wind_offshore,2030,17,9,9,-0.1730812451791462
15514,wind_offshore,2030,17,10,10,-0.1730812451791462
15515,wind_offshore,2030,17,11,11,-0.1730812451791462
15516,wind_offshore,2030,17,12,12,-0.1730812451791462
15517,wind_offshore,2030,17,13,13,-0.1730812451791462
15518,wind_offshore,2030,17,14,14,-0.1730812451791462
15519,wind_offshore,2030,17,15,15,-0.1730812451791462
15520,wind_offshore,2030,17,16,16,-0.1730812451791462
15521,wind_offshore,2030,17,17,17,-0.1730812451791462
15522,wind_offshore,2030,17,18,18,-0.1730812451791462
15523,wind_offshore,2030,17,19,19,-0.1730812451791462
15524,wind_offshore,2030,17,20,20,-0.1730812451791462
15525,wind_offshore,2030,17,21,21,-0.1730812451791462
15526,wind_offshore,2030,17,22,22,-0.1730812451791462
15527,wind_offshore,2030,17,23,23,-0.1730812451791462
15528,wind_offshore,2030,17,24,24,-0.1730812451791462
15529,wind_offshore,2030,18,1,1,0.0
15530,wind_offshore,2030,18,2,2,0.0
15531,wind_offshore,2030,18,3,3,0.0
15532,wind_offshore,2030,18,4,4,0.0
15533,wind_offshore,2030,18,5,5,0.0
15534,wind_offshore,2030,18,6,6,0.0
15535,wind_offshore,2030,18,7,7,0.0
15536,wind_offshore,2030,18,8,8,0.0
15537,wind_offshore,2030,18,9,9,0.0
15538,wind_offshore,2030,18,10,10,0.0
15539,wind_offshore,2030,18,11,11,0.0
15540,wind_offshore,2030,18,12,12,0.0
15541,wind_offshore,2030,18,13,13,0.0
15542,wind_offshore,2030,18,14,14,0.0
15543,wind_offshore,2030,18,15,15,0.0
15544,wind_offshore,2030,18,16,16,0.0
15545,wind_offshore,2030,18,17,17,0.0
15546,wind_offshore,2030,18,18,18,0.0
15547,wind_offshore,2030,18,19,19,0.0
15548,wind_offshore,2030,18,20,20,0.0
15549,wind_offshore,2030,18,21,21,0.0
15550,wind_offshore,2030,18,22,22,0.0
15551,wind_offshore,2030,18,23,23,0.0
15552,wind_offshore,2030,18,24,24,-0.08430770784650873
15553,wind_offshore,2030,19,1,1,-0.07388417136786118
15554,wind_offshore,2030,19,2,2,-0.07388417136786118
15555,wind_offshore,2030,19,3,3,-0.07388417136786118
15556,wind_offshore,2030,19,4,4,-0.07388417136786118
15557,wind_offshore,2030,19,5,5,-0.07388417136786118
15558,wind_offshore,2030,19,6,6,-0.07388417136786118
15559,wind_offshore,2030,19,7,7,-0.07388417136786118
15560,wind_offshore,2030,19,8,8,-0.07388417136786118
15561,wind_offshore,2030,19,9,9,-0.07388417136786118
15562,wind_offshore,2030,19,10,10,-0.07388417136786118
15563,wind_offshore,2030,19,11,11,-0.07388417136786118
15564,wind_offshore,2030,19,12,12,0.0
15565,wind_offshore,2030,19,13,13,0.0
15566,wind_offshore,2030,19,14,14,0.0
15567,wind_offshore,2030,19,15,15,0.0
15568,wind_offshore,2030,19,16,16,0.0
15569,wind_offshore,2030,19,17,17,0.0
15570,wind_offshore,2030,19,18,18,-0.07388417136786118
15571,wind_offshore,2030,19,19,19,-0.07388417136786118
15572,wind_offshore,2030,19,20,20,-0.07388417136786118
15573,wind_offshore,2030,19,21,21,-0.07388417136786118
15574,wind_offshore,2030,19,22,22,-0.07388417136786118
15575,wind_offshore,2030,19,23,23,-0.07388417136786118
15576,wind_offshore,2030,19,24,24,-0.07388417136786118
15577,wind_offshore,2030,20,1,1,0.0
15578,wind_offshore,2030,20,2,2,0.0
15579,wind_offshore,2030,20,3,3,0.0
15580,wind_offshore,2030,20,4,4,0.0
15581,wind_offshore,2030,20,5,5,0.0
15582,wind_offshore,2030,20,6,6,0.0
15583,wind_offshore,2030,20,7,7,0.0
15584,wind_offshore,2030,20,8,8,0.0
15585,wind_offshore,2030,20,9,9,0.0
15586,wind_offshore,2030,20,10,10,0.0
15587,wind_offshore,2030,20,11,11,0.0
15588,wind_offshore,2030,20,12,12,0.0
15589,wind_offshore,2030,20,13,13,0.0
15590,wind_offshore,2030,20,14,14,0.0
15591,wind_offshore,2030,20,15,15,0.0
15592,wind_offshore,2030,20,16,16,0.0
15593,wind_offshore,2030,20,17,17,0.0
15594,wind_offshore,2030,20,18,18,0.0
15595,wind_offshore,2030,20,19,19,0.0
15596,wind_offshore,2030,20,20,20,-0.06932211676941373
15597,wind_offshore,2030,20,21,21,-0.06932211676941373
15598,wind_offshore,2030,20,22,22,-0.06932211676941373
15599,wind_offshore,2030,20,23,23,0.0
15600,wind_offshore,2030,20,24,24,0.0
15601,wind_offshore,2030,21,1,1,-0.050906076088075465
15602,wind_offshore,2030,21,2,2,-0.050906076088075465
15603,wind_offshore,2030,21,3,3,-0.050906076088075465
15604,wind_offshore,2030,21,4,4,-0.050906076088075465
15605,wind_offshore,2030,21,5,5,-0.050906076088075465
15606,wind_offshore,2030,21,6,6,-0.050906076088075465
15607,wind_offshore,2030,21,7,7,-0.050906076088075465
15608,wind_offshore,2030,21,8,8,-0.050906076088075465
15609,wind_offshore,2030,21,9,9,-0.050906076088075465
15610,wind_offshore,2030,21,10,10,-0.050906076088075465
15611,wind_offshore,2030,21,11,11,-0.050906076088075465
15612,wind_offshore,2030,21,12,12,-0.050906076088075465
15613,wind_offshore,2030,21,13,13,0.0
15614,wind_offshore,2030,21,14,14,0.0
15615,wind_offshore,2030,21,15,15,0.0
15616,wind_offshore,2030,21,16,16,0.0
15617,wind_offshore,2030,21,17,17,-0.050906076088075465
15618,wind_offshore,2030,21,18,18,-0.050906076088075465
15619,wind_offshore,2030,21,19,19,-0.050906076088075465
15620,wind_offshore,2030,21,20,20,-0.050906076088075465
15621,wind_offshore,2030,21,21,21,-0.050906076088075465
15622,wind_offshore,2030,21,22,22,-0.050906076088075465
15623,wind_offshore,2030,21,23,23,-0.050906076088075465
15624,wind_offshore,2030,21,24,24,0.0
15625,wind_offshore,2030,22,1,1,-0.10648571047943278
15626,wind_offshore,2030,22,2,2,-0.10648571047943278
15627,wind_offshore,2030,22,3,3,-0.10648571047943278
15628,wind_offshore,2030,22,4,4,-0.10648571047943278
15629,wind_offshore,2030,22,5,5,-0.10648571047943278
15630,wind_offshore,2030,22,6,6,-0.10648571047943278
15631,wind_offshore,2030,22,7,7,-0.10648571047943278
15632,wind_offshore,2030,22,8,8,-0.10648571047943278
15633,wind_offshore,2030,22,9,9,-0.10648571047943278
15634,wind_offshore,2030,22,10,10,-0.10648571047943278
15635,wind_offshore,2030,22,11,11,0.0
15636,wind_offshore,2030,22,12,12,0.0
15637,wind_offshore,2030,22,13,13,0.0
15638,wind_offshore,2030,22,14,14,0.0
15639,wind_offshore,2030,22,15,15,0.0
15640,wind_offshore,2030,22,16,16,0.0
15641,wind_offshore,2030,22,17,17,0.0
15642,wind_offshore,2030,22,18,18,-0.10648571047943278
15643,wind_offshore,2030,22,19,19,-0.10648571047943278
15644,wind_offshore,2030,22,20,20,-0.10648571047943278
15645,wind_offshore,2030,22,21,21,-0.10648571047943278
15646,wind_offshore,2030,22,22,22,-0.10648571047943278
15647,wind_offshore,2030,22,23,23,-0.10648571047943278
15648,wind_offshore,2030,22,24,24,-0.10648571047943278
15649,wind_offshore,2030,23,1,1,-0.18557126861518458
15650,wind_offshore,2030,23,2,2,-0.18557126861518458
15651,wind_offshore,2030,23,3,3,-0.18557126861518458
15652,wind_offshore,2030,23,4,4,-0.18557126861518458
15653,wind_offshore,2030,23,5,5,-0.18557126861518458
15654,wind_offshore,2030,23,6,6,-0.18557126861518458
15655,wind_offshore,2030,23,7,7,-0.18557126861518458
15656,wind_offshore,2030,23,8,8,-0.18557126861518458
15657,wind_offshore,2030,23,9,9,-0.18557126861518458
15658,wind_offshore,2030,23,10,10,-0.18557126861518458
15659,wind_offshore,2030,23,11,11,-0.18557126861518458
15660,wind_offshore,2030,23,12,12,0.0
15661,wind_offshore,2030,23,13,13,0.0
15662,wind_offshore,2030,23,14,14,0.0
15663,wind_offshore,2030,23,15,15,0.0
15664,wind_offshore,2030,23,16,16,0.0
15665,wind_offshore,2030,23,17,17,0.0
15666,wind_offshore,2030,23,18,18,-0.18557126861518458
15667,wind_offshore,2030,23,19,19,-0.18557126861518458
15668,wind_offshore,2030,23,20,20,-0.18557126861518458
15669,wind_offshore,2030,23,21,21,-0.18557126861518458
15670,wind_offshore,2030,23,22,22,-0.18557126861518458
15671,wind_offshore,2030,23,23,23,-0.1855712686151834
15672,wind_offshore,2030,23,24,24,-0.1855712686151834
15673,wind_offshore,2030,24,1,1,-0.5524741822447555
15674,wind_offshore,2030,24,2,2,-0.5524741822447555
15675,wind_offshore,2030,24,3,3,-0.5524741822447555
15676,wind_offshore,2030,24,4,4,-0.5524741822447555
15677,wind_offshore,2030,24,5,5,-0.5524741822447555
15678,wind_offshore,2030,24,6,6,-0.5524741822447555
15679,wind_offshore,2030,24,7,7,-0.5524741822447555
15680,wind_offshore,2030,24,8,8,-0.5524741822447555
15681,wind_offshore,2030,24,9,9,-0.5524741822447555
15682,wind_offshore,2030,24,10,10,-0.5524741822447555
15683,wind_offshore,2030,24,11,11,-0.5524741822447555
15684,wind_offshore,2030,24,12,12,-0.5524741822447555
15685,wind_offshore,2030,24,13,13,-0.5524741822447555
15686,wind_offshore,2030,24,14,14,-0.5524741822447555
15687,wind_offshore,2030,24,15,15,-0.5524741822447555
15688,wind_offshore,2030,24,16,16,-0.5524741822447555
15689,wind_offshore,2030,24,17,17,-0.5524741822447555
15690,wind_offshore,2030,24,18,18,-0.7926803484381275
15691,wind_offshore,2030,24,19,19,-0.7926803484381275
15692,wind_offshore,2030,24,20,20,-0.7926803484381275
15693,wind_offshore,2030,24,21,21,-0.7926803484381275
15694,wind_offshore,2030,24,22,22,-0.7926803484381274
15695,wind_offshore,2030,24,23,23,-0.5524741822447554
15696,wind_offshore,2030,24,24,24,-0.5524741822447554
15697,wind_offshore,2030,25,1,1,0.0
15698,wind_offshore,2030,25,2,2,0.0
15699,wind_offshore,2030,25,3,3,0.0
15700,wind_offshore,2030,25,4,4,0.0
15701,wind_offshore,2030,25,5,5,0.0
15702,wind_offshore,2030,25,6,6,0.0
15703,wind_offshore,2030,25,7,7,0.0
15704,wind_offshore,2030,25,8,8,0.0
15705,wind_offshore,2030,25,9,9,0.0
15706,wind_offshore,2030,25,10,10,0.0
15707,wind_offshore,2030,25,11,11,0.0
15708,wind_offshore,2030,25,12,12,0.0
15709,wind_offshore,2030,25,13,13,0.0
15710,wind_offshore,2030,25,14,14,0.0
15711,wind_offshore,2030,25,15,15,0.0
15712,wind_offshore,2030,25,16,16,0.0
15713,wind_offshore,2030,25,17,17,-0.07578078446238044
15714,wind_offshore,2030,25,18,18,-0.07578078446238072
15715,wind_offshore,2030,25,19,19,-0.07578078446238072
15716,wind_offshore,2030,25,20,20,-0.07578078446238072
15717,wind_offshore,2030,25,21,21,-0.07578078446238072
15718,wind_offshore,2030,25,22,22,-0.07578078446238072
15719,wind_offshore,2030,25,23,23,-0.07578078446238072
15720,wind_offshore,2030,25,24,24,-0.07578078446238072
15721,wind_offshore,2030,26,1,1,-0.07662176054301227
15722,wind_offshore,2030,26,2,2,-0.07662176054301227
15723,wind_offshore,2030,26,3,3,-0.07662176054301227
15724,wind_offshore,2030,26,4,4,-0.07662176054301227
15725,wind_offshore,2030,26,5,5,-0.07662176054301227
15726,wind_offshore,2030,26,6,6,-0.07662176054301227
15727,wind_offshore,2030,26,7,7,-0.07662176054301227
15728,wind_offshore,2030,26,8,8,-0.07662176054301227
15729,wind_offshore,2030,26,9,9,-0.07662176054301227
15730,wind_offshore,2030,26,10,10,-0.07662176054301227
15731,wind_offshore,2030,26,11,11,-0.07662176054301227
15732,wind_offshore,2030,26,12,12,-0.07662176054301227
15733,wind_offshore,2030,26,13,13,-0.07662176054301227
15734,wind_offshore,2030,26,14,14,-0.07662176054301227
15735,wind_offshore,2030,26,15,15,-0.07662176054301227
15736,wind_offshore,2030,26,16,16,-0.07662176054301227
15737,wind_offshore,2030,26,17,17,-0.07662176054301227
15738,wind_offshore,2030,26,18,18,-0.07662176054301227
15739,wind_offshore,2030,26,19,19,-0.07662176054301227
15740,wind_offshore,2030,26,20,20,-0.07662176054301227
15741,wind_offshore,2030,26,21,21,-0.07662176054301227
15742,wind_offshore,2030,26,22,22,-0.07662176054301227
15743,wind_offshore,2030,26,23,23,-0.07662176054301227
15744,wind_offshore,2030,26,24,24,-0.07662176054301227
15745,wind_offshore,2030,27,1,1,0.0
15746,wind_offshore,2030,27,2,2,0.0
15747,wind_offshore,2030,27,3,3,0.0
15748,wind_offshore,2030,27,4,4,0.0
15749,wind_offshore,2030,27,5,5,0.0
15750,wind_offshore,2030,27,6,6,0.0
15751,wind_offshore,2030,27,7,7,0.0
15752,wind_offshore,2030,27,8,8,0.0
15753,wind_offshore,2030,27,9,9,0.0
15754,wind_offshore,2030,27,10,10,0.0
15755,wind_offshore,2030,27,11,11,0.0
15756,wind_offshore,2030,27,12,12,0.0
15757,wind_offshore,2030,27,13,13,0.0
15758,wind_offshore,2030,27,14,14,0.0
15759,wind_offshore,2030,27,15,15,0.0
15760,wind_offshore,2030,27,16,16,0.0
15761,wind_offshore,2030,27,17,17,0.0
15762,wind_offshore,2030,27,18,18,0.0
15763,wind_offshore,2030,27,19,19,0.0
15764,wind_offshore,2030,27,20,20,0.0
15765,wind_offshore,2030,27,21,21,0.0
15766,wind_offshore,2030,27,22,22,0.0
15767,wind_offshore,2030,27,23,23,0.0
15768,wind_offshore,2030,27,24,24,0.0
15769,wind_offshore,2030,28,1,1,-0.4999964413855205
15770,wind_offshore,2030,28,2,2,-0.4999964413855205
15771,wind_offshore,2030,28,3,3,-0.4999964413855205
15772,wind_offshore,2030,28,4,4,-0.4999964413855205
15773,wind_offshore,2030,28,5,5,-0.4999964413855205
15774,wind_offshore,2030,28,6,6,-0.4999964413855205
15775,wind_offshore,2030,28,7,7,-0.4999964413855205
15776,wind_offshore,2030,28,8,8,-0.4999964413855205
15777,wind_offshore,2030,28,9,9,-0.4999964413855205
15778,wind_offshore,2030,28,10,10,-0.4999964413855205
15779,wind_offshore,2030,28,11,11,-0.4999964413855205
15780,wind_offshore,2030,28,12,12,-0.4999964413855205
15781,wind_offshore,2030,28,13,13,-0.4999964413855205
15782,wind_offshore,2030,28,14,14,-0.4999964413855205
15783,wind_offshore,2030,28,15,15,-0.4999964413855205
15784,wind_offshore,2030,28,16,16,-0.4999964413855205
15785,wind_offshore,2030,28,17,17,-0.4999964413855205
15786,wind_offshore,2030,28,18,18,-0.4999964413855205
15787,wind_offshore,2030,28,19,19,-0.4999964413855205
15788,wind_offshore,2030,28,20,20,-0.4999964413855205
15789,wind_offshore,2030,28,21,21,-0.4999964413855205
15790,wind_offshore,2030,28,22,22,-0.4999964413855205
15791,wind_offshore,2030,28,23,23,-0.4999964413855205
15792,wind_offshore,2030,28,24,24,-0.4999964413855205
15793,wind_offshore,2030,29,1,1,-0.13907620898211367
15794,wind_offshore,2030,29,2,2,-0.13907620898211367
15795,wind_offshore,2030,29,3,3,-0.13907620898211367
15796,wind_offshore,2030,29,4,4,-0.13907620898211367
15797,wind_offshore,2030,29,5,5,-0.13907620898211367
15798,wind_offshore,2030,29,6,6,-0.13907620898211334
15799,wind_offshore,2030,29,7,7,-0.13907620898211367
15800,wind_offshore,2030,29,8,8,-0.13907620898211367
15801,wind_offshore,2030,29,9,9,-0.13907620898211367
15802,wind_offshore,2030,29,10,10,-0.13907620898211367
15803,wind_offshore,2030,29,11,11,-0.13907620898211367
15804,wind_offshore,2030,29,12,12,-0.13907620898211367
15805,wind_offshore,2030,29,13,13,-0.13907620898211367
15806,wind_offshore,2030,29,14,14,-0.13907620898211367
15807,wind_offshore,2030,29,15,15,-0.13907620898211334
15808,wind_offshore,2030,29,16,16,-0.13907620898211367
15809,wind_offshore,2030,29,17,17,-0.13907620898211367
15810,wind_offshore,2030,29,18,18,-0.13907620898211367
15811,wind_offshore,2030,29,19,19,-0.13907620898211367
15812,wind_offshore,2030,29,20,20,-0.13907620898211367
15813,wind_offshore,2030,29,21,21,-0.13907620898211367
15814,wind_offshore,2030,29,22,22,-0.13907620898211367
15815,wind_offshore,2030,29,23,23,-0.13907620898211367
15816,wind_offshore,2030,29,24,24,-0.13907620898211367
15817,wind_offshore,2030,30,1,1,-0.11840686826697652
15818,wind_offshore,2030,30,2,2,-0.11840686826697652
15819,wind_offshore,2030,30,3,3,-0.11840686826697652
15820,wind_offshore,2030,30,4,4,-0.11840686826697652
15821,wind_offshore,2030,30,5,5,-0.11840686826697652
15822,wind_offshore,2030,30,6,6,-0.11840686826697652
15823,wind_offshore,2030,30,7,7,-0.11840686826697652
15824,wind_offshore,2030,30,8,8,-0.11840686826697652
15825,wind_offshore,2030,30,9,9,-0.11840686826697652
15826,wind_offshore,2030,30,10,10,-0.11840686826697652
15827,wind_offshore,2030,30,11,11,0.0
15828,wind_offshore,2030,30,12,12,0.0
15829,wind_offshore,2030,30,13,13,0.0
15830,wind_offshore,2030,30,14,14,0.0
15831,wind_offshore,2030,30,15,15,0.0
15832,wind_offshore,2030,30,16,16,0.0
15833,wind_offshore,2030,30,17,17,-0.11840686826697652
15834,wind_offshore,2030,30,18,18,-0.11840686826697652
15835,wind_offshore,2030,30,19,19,-0.11840686826697652
15836,wind_offshore,2030,30,20,20,-0.11840686826697652
15837,wind_offshore,2030,30,21,21,-0.11840686826697652
15838,wind_offshore,2030,30,22,22,-0.11840686826697652
15839,wind_offshore,2030,30,23,23,-0.11840686826697652
15840,wind_offshore,2030,30,24,24,-0.11840686826697652
15841,wind_offshore,2030,31,1,1,-0.16515256868649414
15842,wind_offshore,2030,31,2,2,-0.16515256868649414
15843,wind_offshore,2030,31,3,3,-0.16515256868649414
15844,wind_offshore,2030,31,4,4,-0.16515256868649414
15845,wind_offshore,2030,31,5,5,-0.16515256868649414
15846,wind_offshore,2030,31,6,6,-0.16515256868649414
15847,wind_offshore,2030,31,7,7,-0.16515256868649414
15848,wind_offshore,2030,31,8,8,-0.16515256868649414
15849,wind_offshore,2030,31,9,9,-0.16515256868649414
15850,wind_offshore,2030,31,10,10,-0.16515256868649414
15851,wind_offshore,2030,31,11,11,-0.16515256868649414
15852,wind_offshore,2030,31,12,12,-0.1651525686864939
15853,wind_offshore,2030,31,13,13,-0.14764998667895807
15854,wind_offshore,2030,31,14,14,-0.14764998667895807
15855,wind_offshore,2030,31,15,15,-0.1651525686864939
15856,wind_offshore,2030,31,16,16,-0.16515256868649414
15857,wind_offshore,2030,31,17,17,-0.16515256868649414
15858,wind_offshore,2030,31,18,18,-0.16515256868649414
15859,wind_offshore,2030,31,19,19,-0.16515256868649414
15860,wind_offshore,2030,31,20,20,-0.16515256868649414
15861,wind_offshore,2030,31,21,21,-0.16515256868649414
15862,wind_offshore,2030,31,22,22,-0.16515256868649414
15863,wind_offshore,2030,31,23,23,-0.16515256868649414
15864,wind_offshore,2030,31,24,24,-0.16515256868649414
15865,wind_offshore,2030,32,1,1,0.0
15866,wind_offshore,2030,32,2,2,0.0
15867,wind_offshore,2030,32,3,3,0.0
15868,wind_offshore,2030,32,4,4,0.0
15869,wind_offshore,2030,32,5,5,0.0
15870,wind_offshore,2030,32,6,6,0.0
15871,wind_offshore,2030,32,7,7,0.0
15872,wind_offshore,2030,32,8,8,0.0
15873,wind_offshore,2030,32,9,9,0.0
15874,wind_offshore,2030,32,10,10,0.0
15875,wind_offshore,2030,32,11,11,0.0
15876,wind_offshore,2030,32,12,12,0.0
15877,wind_offshore,2030,32,13,13,0.0
15878,wind_offshore,2030,32,14,14,0.0
15879,wind_offshore,2030,32,15,15,0.0
15880,wind_offshore,2030,32,16,16,0.0
15881,wind_offshore,2030,32,17,17,0.0
15882,wind_offshore,2030,32,18,18,0.0
15883,wind_offshore,2030,32,19,19,-0.08970851246462155
15884,wind_offshore,2030,32,20,20,-0.0897085124646213
15885,wind_offshore,2030,32,21,21,-0.08970851246462155
15886,wind_offshore,2030,32,22,22,-0.08970851246462132
15887,wind_offshore,2030,32,23,23,-0.08970851246462155
15888,wind_offshore,2030,32,24,24,-0.08970851246462132
15889,wind_offshore,2030,33,1,1,0.0
15890,wind_offshore,2030,33,2,2,0.0
15891,wind_offshore,2030,33,3,3,0.0
15892,wind_offshore,2030,33,4,4,0.0
15893,wind_offshore,2030,33,5,5,0.0
15894,wind_offshore,2030,33,6,6,-0.07057007797605967
15895,wind_offshore,2030,33,7,7,-0.07057007797605998
15896,wind_offshore,2030,33,8,8,-0.07057007797605998
15897,wind_offshore,2030,33,9,9,-0.07057007797605998
15898,wind_offshore,2030,33,10,10,-0.07057007797605998
15899,wind_offshore,2030,33,11,11,0.0
15900,wind_offshore,2030,33,12,12,0.0
15901,wind_offshore,2030,33,13,13,0.0
15902,wind_offshore,2030,33,14,14,0.0
15903,wind_offshore,2030,33,15,15,0.0
15904,wind_offshore,2030,33,16,16,-0.07057007797605998
15905,wind_offshore,2030,33,17,17,-0.07057007797605998
15906,wind_offshore,2030,33,18,18,-0.07057007797605998
15907,wind_offshore,2030,33,19,19,-0.07057007797605998
15908,wind_offshore,2030,33,20,20,-0.07057007797605998
15909,wind_offshore,2030,33,21,21,-0.07057007797605998
15910,wind_offshore,2030,33,22,22,-0.07057007797605998
15911,wind_offshore,2030,33,23,23,-0.07057007797605998
15912,wind_offshore,2030,33,24,24,-0.07057007797605998
15913,wind_offshore,2030,34,1,1,-0.07766377793105737
15914,wind_offshore,2030,34,2,2,-0.07766377793105737
15915,wind_offshore,2030,34,3,3,-0.07766377793105737
15916,wind_offshore,2030,34,4,4,-0.07766377793105737
15917,wind_offshore,2030,34,5,5,-0.07766377793105737
15918,wind_offshore,2030,34,6,6,-0.07766377793105737
15919,wind_offshore,2030,34,7,7,-0.07766377793105737
15920,wind_offshore,2030,34,8,8,-0.07766377793105737
15921,wind_offshore,2030,34,9,9,-0.07766377793105737
15922,wind_offshore,2030,34,10,10,0.0
15923,wind_offshore,2030,34,11,11,0.0
15924,wind_offshore,2030,34,12,12,0.0
15925,wind_offshore,2030,34,13,13,0.0
15926,wind_offshore,2030,34,14,14,0.0
15927,wind_offshore,2030,34,15,15,0.0
15928,wind_offshore,2030,34,16,16,0.0
15929,wind_offshore,2030,34,17,17,0.0
15930,wind_offshore,2030,34,18,18,0.0
15931,wind_offshore,2030,34,19,19,0.0
15932,wind_offshore,2030,34,20,20,-0.07766377793105737
15933,wind_offshore,2030,34,21,21,-0.07766377793105737
15934,wind_offshore,2030,34,22,22,-0.07766377793105737
15935,wind_offshore,2030,34,23,23,0.0
15936,wind_offshore,2030,34,24,24,0.0
15937,wind_offshore,2030,35,1,1,-0.05218364865837247
15938,wind_offshore,2030,35,2,2,-0.05218364865837247
15939,wind_offshore,2030,35,3,3,-0.05218364865837247
15940,wind_offshore,2030,35,4,4,-0.05218364865837247
15941,wind_offshore,2030,35,5,5,-0.05218364865837247
15942,wind_offshore,2030,35,6,6,-0.05218364865837247
15943,wind_offshore,2030,35,7,7,-0.05218364865837247
15944,wind_offshore,2030,35,8,8,-0.052183648658372245
15945,wind_offshore,2030,35,9,9,0.0
15946,wind_offshore,2030,35,10,10,0.0
15947,wind_offshore,2030,35,11,11,0.0
15948,wind_offshore,2030,35,12,12,0.0
15949,wind_offshore,2030,35,13,13,0.0
15950,wind_offshore,2030,35,14,14,0.0
15951,wind_offshore,2030,35,15,15,0.0
15952,wind_offshore,2030,35,16,16,0.0
15953,wind_offshore,2030,35,17,17,0.0
15954,wind_offshore,2030,35,18,18,0.0
15955,wind_offshore,2030,35,19,19,-0.05218364865837247
15956,wind_offshore,2030,35,20,20,-0.05218364865837247
15957,wind_offshore,2030,35,21,21,-0.05218364865837247
15958,wind_offshore,2030,35,22,22,-0.05218364865837247
15959,wind_offshore,2030,35,23,23,-0.05218364865837247
15960,wind_offshore,2030,35,24,24,-0.05218364865837247
15961,wind_offshore,2030,36,1,1,-0.3259621304413656
15962,wind_offshore,2030,36,2,2,-0.3259621304413656
15963,wind_offshore,2030,36,3,3,-0.3259621304413656
15964,wind_offshore,2030,36,4,4,-0.3259621304413656
15965,wind_offshore,2030,36,5,5,-0.3259621304413656
15966,wind_offshore,2030,36,6,6,-0.3259621304413656
15967,wind_offshore,2030,36,7,7,-0.3259621304413656
15968,wind_offshore,2030,36,8,8,-0.3259621304413656
15969,wind_offshore,2030,36,9,9,-0.3259621304413656
15970,wind_offshore,2030,36,10,10,-0.3259621304413656
15971,wind_offshore,2030,36,11,11,-0.3259621304413656
15972,wind_offshore,2030,36,12,12,-0.3259621304413656
15973,wind_offshore,2030,36,13,13,-0.3259621304413656
15974,wind_offshore,2030,36,14,14,-0.3259621304413656
15975,wind_offshore,2030,36,15,15,-0.3259621304413656
15976,wind_offshore,2030,36,16,16,-0.3259621304413656
15977,wind_offshore,2030,36,17,17,-0.3259621304413656
15978,wind_offshore,2030,36,18,18,-0.3259621304413656
15979,wind_offshore,2030,36,19,19,-0.3259621304413656
15980,wind_offshore,2030,36,20,20,-0.3259621304413656
15981,wind_offshore,2030,36,21,21,-0.3259621304413656
15982,wind_offshore,2030,36,22,22,-0.3259621304413656
15983,wind_offshore,2030,36,23,23,-0.3259621304413656
15984,wind_offshore,2030,36,24,24,-0.3259621304413656
15985,wind_offshore,2030,37,1,1,-0.19933765256806207
15986,wind_offshore,2030,37,2,2,-0.19933765256806207
15987,wind_offshore,2030,37,3,3,-0.19933765256806207
15988,wind_offshore,2030,37,4,4,-0.19933765256806207
15989,wind_offshore,2030,37,5,5,-0.19933765256806207
15990,wind_offshore,2030,37,6,6,-0.19933765256806207
15991,wind_offshore,2030,37,7,7,-0.19933765256806207
15992,wind_offshore,2030,37,8,8,-0.19933765256806207
15993,wind_offshore,2030,37,9,9,-0.19933765256806207
15994,wind_offshore,2030,37,10,10,-0.19933765256806207
15995,wind_offshore,2030,37,11,11,-0.19933765256806207
15996,wind_offshore,2030,37,12,12,0.0
15997,wind_offshore,2030,37,13,13,0.0
15998,wind_offshore,2030,37,14,14,0.0
15999,wind_offshore,2030,37,15,15,0.0
16000,wind_offshore,2030,37,16,16,-0.19933765256806207
16001,wind_offshore,2030,37,17,17,-0.19933765256806207
16002,wind_offshore,2030,37,18,18,-0.19933765256806207
16003,wind_offshore,2030,37,19,19,-0.19933765256806207
16004,wind_offshore,2030,37,20,20,-0.19933765256806207
16005,wind_offshore,2030,37,21,21,-0.19933765256806207
16006,wind_offshore,2030,37,22,22,-0.19933765256806207
16007,wind_offshore,2030,37,23,23,-0.19933765256806207
16008,wind_offshore,2030,37,24,24,-0.19933765256806207
16009,wind_offshore,2030,38,1,1,-0.1403106266560334
16010,wind_offshore,2030,38,2,2,-0.1403106266560334
16011,wind_offshore,2030,38,3,3,-0.1403106266560334
16012,wind_offshore,2030,38,4,4,-0.1403106266560334
16013,wind_offshore,2030,38,5,5,-0.1403106266560334
16014,wind_offshore,2030,38,6,6,-0.1403106266560334
16015,wind_offshore,2030,38,7,7,-0.1403106266560334
16016,wind_offshore,2030,38,8,8,-0.1403106266560334
16017,wind_offshore,2030,38,9,9,-0.1403106266560334
16018,wind_offshore,2030,38,10,10,-0.1403106266560334
16019,wind_offshore,2030,38,11,11,-0.1403106266560334
16020,wind_offshore,2030,38,12,12,-0.1403106266560334
16021,wind_offshore,2030,38,13,13,-0.1403106266560334
16022,wind_offshore,2030,38,14,14,-0.1403106266560334
16023,wind_offshore,2030,38,15,15,-0.1403106266560334
16024,wind_offshore,2030,38,16,16,-0.1403106266560334
16025,wind_offshore,2030,38,17,17,-0.1403106266560334
16026,wind_offshore,2030,38,18,18,-0.1403106266560334
16027,wind_offshore,2030,38,19,19,-0.1403106266560334
16028,wind_offshore,2030,38,20,20,-0.1403106266560334
16029,wind_offshore,2030,38,21,21,-0.1403106266560334
16030,wind_offshore,2030,38,22,22,-0.1403106266560334
16031,wind_offshore,2030,38,23,23,-0.1403106266560334
16032,wind_offshore,2030,38,24,24,-0.1403106266560334
16033,wind_offshore,2030,39,1,1,-0.05605257379349216
16034,wind_offshore,2030,39,2,2,-0.05605257379349216
16035,wind_offshore,2030,39,3,3,-0.05605257379349216
16036,wind_offshore,2030,39,4,4,-0.05605257379349216
16037,wind_offshore,2030,39,5,5,-0.05605257379349216
16038,wind_offshore,2030,39,6,6,-0.06269710381764439
16039,wind_offshore,2030,39,7,7,-0.06269710381764473
16040,wind_offshore,2030,39,8,8,-0.06269710381764473
16041,wind_offshore,2030,39,9,9,-0.06269710381764473
16042,wind_offshore,2030,39,10,10,0.0
16043,wind_offshore,2030,39,11,11,0.0
16044,wind_offshore,2030,39,12,12,0.0
16045,wind_offshore,2030,39,13,13,0.0
16046,wind_offshore,2030,39,14,14,0.0
16047,wind_offshore,2030,39,15,15,0.0
16048,wind_offshore,2030,39,16,16,0.0
16049,wind_offshore,2030,39,17,17,0.0
16050,wind_offshore,2030,39,18,18,-0.06269710381764473
16051,wind_offshore,2030,39,19,19,-0.06269710381764473
16052,wind_offshore,2030,39,20,20,-0.06269710381764473
16053,wind_offshore,2030,39,21,21,-0.06269710381764473
16054,wind_offshore,2030,39,22,22,-0.06269710381764473
16055,wind_offshore,2030,39,23,23,-0.06269710381764473
16056,wind_offshore,2030,39,24,24,-0.06269710381764473
16057,wind_offshore,2030,40,1,1,-0.14220513828116532
16058,wind_offshore,2030,40,2,2,-0.14220513828116532
16059,wind_offshore,2030,40,3,3,-0.14220513828116532
16060,wind_offshore,2030,40,4,4,-0.14220513828116532
16061,wind_offshore,2030,40,5,5,-0.14220513828116532
16062,wind_offshore,2030,40,6,6,-0.14220513828116532
16063,wind_offshore,2030,40,7,7,-0.14220513828116532
16064,wind_offshore,2030,40,8,8,-0.14220513828116532
16065,wind_offshore,2030,40,9,9,-0.14220513828116532
16066,wind_offshore,2030,40,10,10,-0.14220513828116532
16067,wind_offshore,2030,40,11,11,-0.14220513828116532
16068,wind_offshore,2030,40,12,12,-0.14220513828116532
16069,wind_offshore,2030,40,13,13,-0.14220513828116532
16070,wind_offshore,2030,40,14,14,-0.14220513828116532
16071,wind_offshore,2030,40,15,15,-0.14220513828116532
16072,wind_offshore,2030,40,16,16,-0.14220513828116532
16073,wind_offshore,2030,40,17,17,-0.14220513828116532
16074,wind_offshore,2030,40,18,18,-0.14220513828116532
16075,wind_offshore,2030,40,19,19,-0.14220513828116532
16076,wind_offshore,2030,40,20,20,-0.14220513828116532
16077,wind_offshore,2030,40,21,21,-0.14220513828116532
16078,wind_offshore,2030,40,22,22,-0.14220513828116532
16079,wind_offshore,2030,40,23,23,-0.14220513828116532
16080,wind_offshore,2030,40,24,24,-0.14220513828116532
16081,wind_offshore,2030,41,1,1,-0.16843563203893025
16082,wind_offshore,2030,41,2,2,-0.16843563203893025
16083,wind_offshore,2030,41,3,3,-0.16843563203893025
16084,wind_offshore,2030,41,4,4,-0.16843563203893025
16085,wind_offshore,2030,41,5,5,-0.16843563203893025
16086,wind_offshore,2030,41,6,6,-0.16843563203893025
16087,wind_offshore,2030,41,7,7,-0.16843563203893025
16088,wind_offshore,2030,41,8,8,-0.16843563203893025
16089,wind_offshore,2030,41,9,9,-0.16843563203893025
16090,wind_offshore,2030,41,10,10,-0.16843563203893025
16091,wind_offshore,2030,41,11,11,-0.16843563203893025
16092,wind_offshore,2030,41,12,12,-0.16843563203893025
16093,wind_offshore,2030,41,13,13,-0.16843563203893025
16094,wind_offshore,2030,41,14,14,-0.16843563203893025
16095,wind_offshore,2030,41,15,15,-0.16843563203893025
16096,wind_offshore,2030,41,16,16,-0.16843563203893025
16097,wind_offshore,2030,41,17,17,-0.16843563203893025
16098,wind_offshore,2030,41,18,18,-0.16843563203892992
16099,wind_offshore,2030,41,19,19,-0.16843563203892992
16100,wind_offshore,2030,41,20,20,-0.1882145964178239
16101,wind_offshore,2030,41,21,21,-0.1882145964178239
16102,wind_offshore,2030,41,22,22,-0.16843563203893025
16103,wind_offshore,2030,41,23,23,-0.16843563203893025
16104,wind_offshore,2030,41,24,24,-0.16843563203893025
16105,wind_offshore,2030,42,1,1,-0.28670183593425386
16106,wind_offshore,2030,42,2,2,-0.28670183593425386
16107,wind_offshore,2030,42,3,3,-0.28670183593425386
16108,wind_offshore,2030,42,4,4,-0.28670183593425386
16109,wind_offshore,2030,42,5,5,-0.28670183593425386
16110,wind_offshore,2030,42,6,6,-0.28670183593425386
16111,wind_offshore,2030,42,7,7,-0.28670183593425386
16112,wind_offshore,2030,42,8,8,-0.28670183593425386
16113,wind_offshore,2030,42,9,9,-0.28670183593425386
16114,wind_offshore,2030,42,10,10,-0.28670183593425386
16115,wind_offshore,2030,42,11,11,-0.28670183593425386
16116,wind_offshore,2030,42,12,12,-0.28670183593425386
16117,wind_offshore,2030,42,13,13,-0.28670183593425386
16118,wind_offshore,2030,42,14,14,-0.28670183593425386
16119,wind_offshore,2030,42,15,15,-0.28670183593425386
16120,wind_offshore,2030,42,16,16,-0.28670183593425386
16121,wind_offshore,2030,42,17,17,-0.28670183593425386
16122,wind_offshore,2030,42,18,18,-0.28670183593425386
16123,wind_offshore,2030,42,19,19,-0.2867018359342522
16124,wind_offshore,2030,42,20,20,-0.28670183593425386
16125,wind_offshore,2030,42,21,21,-0.28670183593425386
16126,wind_offshore,2030,42,22,22,-0.28670183593425386
16127,wind_offshore,2030,42,23,23,-0.28670183593425386
16128,wind_offshore,2030,42,24,24,-0.28670183593425386
16129,wind_offshore,2030,43,1,1,-0.0631084318819021
16130,wind_offshore,2030,43,2,2,-0.0631084318819021
16131,wind_offshore,2030,43,3,3,-0.0631084318819021
16132,wind_offshore,2030,43,4,4,-0.0631084318819021
16133,wind_offshore,2030,43,5,5,-0.0631084318819021
16134,wind_offshore,2030,43,6,6,-0.0631084318819021
16135,wind_offshore,2030,43,7,7,-0.0631084318819021
16136,wind_offshore,2030,43,8,8,-0.0631084318819021
16137,wind_offshore,2030,43,9,9,-0.0631084318819021
16138,wind_offshore,2030,43,10,10,-0.0631084318819021
16139,wind_offshore,2030,43,11,11,-0.0631084318819021
16140,wind_offshore,2030,43,12,12,-0.0631084318819021
16141,wind_offshore,2030,43,13,13,-0.0631084318819021
16142,wind_offshore,2030,43,14,14,-0.0631084318819021
16143,wind_offshore,2030,43,15,15,-0.0631084318819021
16144,wind_offshore,2030,43,16,16,-0.06310843188190195
16145,wind_offshore,2030,43,17,17,-0.0631084318819021
16146,wind_offshore,2030,43,18,18,-0.0631084318819021
16147,wind_offshore,2030,43,19,19,-0.0631084318819021
16148,wind_offshore,2030,43,20,20,-0.0631084318819021
16149,wind_offshore,2030,43,21,21,-0.0631084318819021
16150,wind_offshore,2030,43,22,22,-0.0631084318819021
16151,wind_offshore,2030,43,23,23,-0.0631084318819021
16152,wind_offshore,2030,43,24,24,-0.0631084318819021
16153,wind_offshore,2030,44,1,1,-0.06225763052757492
16154,wind_offshore,2030,44,2,2,-0.06225763052757492
16155,wind_offshore,2030,44,3,3,-0.06225763052757492
16156,wind_offshore,2030,44,4,4,-0.06225763052757492
16157,wind_offshore,2030,44,5,5,-0.06225763052757492
16158,wind_offshore,2030,44,6,6,-0.06225763052757492
16159,wind_offshore,2030,44,7,7,-0.06225763052757492
16160,wind_offshore,2030,44,8,8,-0.06225763052757492
16161,wind_offshore,2030,44,9,9,-0.06225763052757492
16162,wind_offshore,2030,44,10,10,-0.06225763052757492
16163,wind_offshore,2030,44,11,11,-0.06225763052757492
16164,wind_offshore,2030,44,12,12,0.0
16165,wind_offshore,2030,44,13,13,0.0
16166,wind_offshore,2030,44,14,14,0.0
16167,wind_offshore,2030,44,15,15,0.0
16168,wind_offshore,2030,44,16,16,0.0
16169,wind_offshore,2030,44,17,17,0.0
16170,wind_offshore,2030,44,18,18,0.0
16171,wind_offshore,2030,44,19,19,-0.06225763052757492
16172,wind_offshore,2030,44,20,20,-0.06225763052757492
16173,wind_offshore,2030,44,21,21,-0.06225763052757492
16174,wind_offshore,2030,44,22,22,-0.06225763052757492
16175,wind_offshore,2030,44,23,23,0.0
16176,wind_offshore,2030,44,24,24,0.0
16177,wind_offshore,2030,45,1,1,0.0
16178,wind_offshore,2030,45,2,2,0.0
16179,wind_offshore,2030,45,3,3,0.0
16180,wind_offshore,2030,45,4,4,0.0
16181,wind_offshore,2030,45,5,5,-0.1048980032808562
16182,wind_offshore,2030,45,6,6,-0.1048980032808562
16183,wind_offshore,2030,45,7,7,-0.1048980032808562
16184,wind_offshore,2030,45,8,8,-0.1048980032808562
16185,wind_offshore,2030,45,9,9,-0.1048980032808562
16186,wind_offshore,2030,45,10,10,-0.1048980032808562
16187,wind_offshore,2030,45,11,11,-0.1048980032808562
16188,wind_offshore,2030,45,12,12,-0.1048980032808562
16189,wind_offshore,2030,45,13,13,-0.1048980032808562
16190,wind_offshore,2030,45,14,14,-0.1048980032808562
16191,wind_offshore,2030,45,15,15,-0.1048980032808562
16192,wind_offshore,2030,45,16,16,-0.1048980032808562
16193,wind_offshore,2030,45,17,17,-0.1048980032808562
16194,wind_offshore,2030,45,18,18,-0.1048980032808562
16195,wind_offshore,2030,45,19,19,-0.1048980032808562
16196,wind_offshore,2030,45,20,20,-0.1048980032808562
16197,wind_offshore,2030,45,21,21,-0.10489800328085587
16198,wind_offshore,2030,45,22,22,-0.1048980032808562
16199,wind_offshore,2030,45,23,23,-0.1048980032808562
16200,wind_offshore,2030,45,24,24,-0.1048980032808562
16201,wind_offshore,2030,46,1,1,-0.15486340716484567
16202,wind_offshore,2030,46,2,2,-0.15486340716484567
16203,wind_offshore,2030,46,3,3,-0.15486340716484567
16204,wind_offshore,2030,46,4,4,-0.15486340716484567
16205,wind_offshore,2030,46,5,5,-0.15486340716484567
16206,wind_offshore,2030,46,6,6,-0.15486340716484567
16207,wind_offshore,2030,46,7,7,-0.15486340716484567
16208,wind_offshore,2030,46,8,8,-0.15486340716484567
16209,wind_offshore,2030,46,9,9,-0.15486340716484567
16210,wind_offshore,2030,46,10,10,-0.15486340716484567
16211,wind_offshore,2030,46,11,11,-0.15486340716484567
16212,wind_offshore,2030,46,12,12,-0.15486340716484567
16213,wind_offshore,2030,46,13,13,-0.1548634071648452
16214,wind_offshore,2030,46,14,14,-0.13845125260117996
16215,wind_offshore,2030,46,15,15,-0.15486340716484567
16216,wind_offshore,2030,46,16,16,-0.15486340716484567
16217,wind_offshore,2030,46,17,17,-0.15486340716484567
16218,wind_offshore,2030,46,18,18,-0.15486340716484567
16219,wind_offshore,2030,46,19,19,-0.15486340716484567
16220,wind_offshore,2030,46,20,20,-0.15486340716484567
16221,wind_offshore,2030,46,21,21,-0.15486340716484567
16222,wind_offshore,2030,46,22,22,-0.15486340716484567
16223,wind_offshore,2030,46,23,23,-0.15486340716484567
16224,wind_offshore,2030,46,24,24,-0.15486340716484567
16225,wind_offshore,2030,47,1,1,-0.05080876783731819
16226,wind_offshore,2030,47,2,2,-0.05080876783731819
16227,wind_offshore,2030,47,3,3,-0.05080876783731819
16228,wind_offshore,2030,47,4,4,-0.05080876783731819
16229,wind_offshore,2030,47,5,5,-0.05080876783731819
16230,wind_offshore,2030,47,6,6,-0.05080876783731819
16231,wind_offshore,2030,47,7,7,-0.05080876783731819
16232,wind_offshore,2030,47,8,8,-0.05080876783731819
16233,wind_offshore,2030,47,9,9,-0.05080876783731819
16234,wind_offshore,2030,47,10,10,-0.05080876783731819
16235,wind_offshore,2030,47,11,11,-0.05080876783731819
16236,wind_offshore,2030,47,12,12,-0.05080876783731819
16237,wind_offshore,2030,47,13,13,-0.05080876783731819
16238,wind_offshore,2030,47,14,14,-0.04542414298499371
16239,wind_offshore,2030,47,15,15,-0.04542414298499371
16240,wind_offshore,2030,47,16,16,-0.04542414298499371
16241,wind_offshore,2030,47,17,17,-0.05080876783731819
16242,wind_offshore,2030,47,18,18,-0.05080876783731819
16243,wind_offshore,2030,47,19,19,-0.05080876783731819
16244,wind_offshore,2030,47,20,20,-0.05080876783731819
16245,wind_offshore,2030,47,21,21,-0.05080876783731819
16246,wind_offshore,2030,47,22,22,-0.05080876783731819
16247,wind_offshore,2030,47,23,23,-0.05080876783731819
16248,wind_offshore,2030,47,24,24,-0.05080876783731819
16249,wind_offshore,2030,48,1,1,-0.06100082292733199
16250,wind_offshore,2030,48,2,2,-0.06100082292733199
16251,wind_offshore,2030,48,3,3,-0.06100082292733199
16252,wind_offshore,2030,48,4,4,-0.06100082292733199
16253,wind_offshore,2030,48,5,5,-0.06100082292733199
16254,wind_offshore,2030,48,6,6,-0.06100082292733199
16255,wind_offshore,2030,48,7,7,-0.06100082292733199
16256,wind_offshore,2030,48,8,8,-0.06100082292733199
16257,wind_offshore,2030,48,9,9,-0.06100082292733199
16258,wind_offshore,2030,48,10,10,-0.06100082292733199
16259,wind_offshore,2030,48,11,11,-0.06100082292733199
16260,wind_offshore,2030,48,12,12,0.0
16261,wind_offshore,2030,48,13,13,0.0
16262,wind_offshore,2030,48,14,14,0.0
16263,wind_offshore,2030,48,15,15,0.0
16264,wind_offshore,2030,48,16,16,0.0
16265,wind_offshore,2030,48,17,17,-0.061000822927331715
16266,wind_offshore,2030,48,18,18,-0.06100082292733199
16267,wind_offshore,2030,48,19,19,-0.06100082292733199
16268,wind_offshore,2030,48,20,20,-0.06100082292733199
16269,wind_offshore,2030,48,21,21,-0.06100082292733199
16270,wind_offshore,2030,48,22,22,-0.061000822927331715
16271,wind_offshore,2030,48,23,23,-0.061000822927331715
16272,wind_offshore,2030,48,24,24,-0.06100082292733199
16273,wind_offshore,2030,49,1,1,-0.07430860115636571
16274,wind_offshore,2030,49,2,2,-0.07430860115636571
16275,wind_offshore,2030,49,3,3,-0.07430860115636571
16276,wind_offshore,2030,49,4,4,-0.07430860115636571
16277,wind_offshore,2030,49,5,5,-0.07430860115636571
16278,wind_offshore,2030,49,6,6,-0.07430860115636528
16279,wind_offshore,2030,49,7,7,-0.07430860115636571
16280,wind_offshore,2030,49,8,8,-0.07430860115636571
16281,wind_offshore,2030,49,9,9,-0.07430860115636571
16282,wind_offshore,2030,49,10,10,-0.07430860115636571
16283,wind_offshore,2030,49,11,11,-0.07430860115636571
16284,wind_offshore,2030,49,12,12,0.0
16285,wind_offshore,2030,49,13,13,0.0
16286,wind_offshore,2030,49,14,14,0.0
16287,wind_offshore,2030,49,15,15,0.0
16288,wind_offshore,2030,49,16,16,0.0
16289,wind_offshore,2030,49,17,17,0.0
16290,wind_offshore,2030,49,18,18,0.0
16291,wind_offshore,2030,49,19,19,0.0
16292,wind_offshore,2030,49,20,20,0.0
16293,wind_offshore,2030,49,21,21,0.0
16294,wind_offshore,2030,49,22,22,0.0
16295,wind_offshore,2030,49,23,23,0.0
16296,wind_offshore,2030,49,24,24,0.0
16297,wind_offshore,2030,50,1,1,-0.18733159903058344
16298,wind_offshore,2030,50,2,2,-0.18733159903058344
16299,wind_offshore,2030,50,3,3,-0.18733159903058344
16300,wind_offshore,2030,50,4,4,-0.18733159903058344
16301,wind_offshore,2030,50,5,5,-0.18733159903058344
16302,wind_offshore,2030,50,6,6,-0.18733159903058344
16303,wind_offshore,2030,50,7,7,-0.18733159903058344
16304,wind_offshore,2030,50,8,8,-0.18733159903058344
16305,wind_offshore,2030,50,9,9,-0.18733159903058344
16306,wind_offshore,2030,50,10,10,-0.18733159903058344
16307,wind_offshore,2030,50,11,11,-0.18733159903058344
16308,wind_offshore,2030,50,12,12,-0.18733159903058344
16309,wind_offshore,2030,50,13,13,-0.18733159903058344
16310,wind_offshore,2030,50,14,14,-0.18733159903058344
16311,wind_offshore,2030,50,15,15,-0.18733159903058344
16312,wind_offshore,2030,50,16,16,-0.18733159903058344
16313,wind_offshore,2030,50,17,17,-0.18733159903058344
16314,wind_offshore,2030,50,18,18,-0.18733159903058344
16315,wind_offshore,2030,50,19,19,-0.18733159903058344
16316,wind_offshore,2030,50,20,20,-0.18733159903058344
16317,wind_offshore,2030,50,21,21,-0.18733159903058344
16318,wind_offshore,2030,50,22,22,-0.18733159903058344
16319,wind_offshore,2030,50,23,23,-0.18733159903058344
16320,wind_offshore,2030,50,24,24,-0.18733159903058344
16321,wind_offshore,2030,51,1,1,-0.14845297480824332
16322,wind_offshore,2030,51,2,2,-0.14845297480824332
16323,wind_offshore,2030,51,3,3,-0.14845297480824332
16324,wind_offshore,2030,51,4,4,-0.14845297480824332
16325,wind_offshore,2030,51,5,5,-0.14845297480824332
16326,wind_offshore,2030,51,6,6,-0.14845297480824332
16327,wind_offshore,2030,51,7,7,-0.14845297480824332
16328,wind_offshore,2030,51,8,8,-0.14845297480824332
16329,wind_offshore,2030,51,9,9,-0.14845297480824332
16330,wind_offshore,2030,51,10,10,-0.14845297480824332
16331,wind_offshore,2030,51,11,11,0.0
16332,wind_offshore,2030,51,12,12,0.0
16333,wind_offshore,2030,51,13,13,0.0
16334,wind_offshore,2030,51,14,14,0.0
16335,wind_offshore,2030,51,15,15,0.0
16336,wind_offshore,2030,51,16,16,-0.14845297480824332
16337,wind_offshore,2030,51,17,17,-0.14845297480824332
16338,wind_offshore,2030,51,18,18,-0.14845297480824332
16339,wind_offshore,2030,51,19,19,-0.14845297480824332
16340,wind_offshore,2030,51,20,20,-0.14845297480824332
16341,wind_offshore,2030,51,21,21,-0.14845297480824332
16342,wind_offshore,2030,51,22,22,-0.14845297480824332
16343,wind_offshore,2030,51,23,23,-0.14845297480824332
16344,wind_offshore,2030,51,24,24,-0.14845297480824332
16345,wind_offshore,2030,52,1,1,-0.08410417478896255
16346,wind_offshore,2030,52,2,2,-0.08410417478896307
16347,wind_offshore,2030,52,3,3,-0.07519096061295837
16348,wind_offshore,2030,52,4,4,-0.07519096061295837
16349,wind_offshore,2030,52,5,5,-0.07519096061295837
16350,wind_offshore,2030,52,6,6,-0.08410417478896307
16351,wind_offshore,2030,52,7,7,-0.08410417478896307
16352,wind_offshore,2030,52,8,8,-0.08410417478896307
16353,wind_offshore,2030,52,9,9,-0.08410417478896307
16354,wind_offshore,2030,52,10,10,-0.08410417478896255
16355,wind_offshore,2030,52,11,11,0.0
16356,wind_offshore,2030,52,12,12,0.0
16357,wind_offshore,2030,52,13,13,0.0
16358,wind_offshore,2030,52,14,14,0.0
16359,wind_offshore,2030,52,15,15,0.0
16360,wind_offshore,2030,52,16,16,0.0
16361,wind_offshore,2030,52,17,17,-0.08410417478896307
16362,wind_offshore,2030,52,18,18,-0.08410417478896307
16363,wind_offshore,2030,52,19,19,-0.08410417478896307
16364,wind_offshore,2030,52,20,20,-0.08410417478896307
16365,wind_offshore,2030,52,21,21,-0.08410417478896307
16366,wind_offshore,2030,52,22,22,-0.08410417478896307
16367,wind_offshore,2030,52,23,23,-0.08410417478896307
16368,wind_offshore,2030,52,24,24,-0.08410417478896307
16369,wind_offshore,2030,53,1,1,-0.17205732563626253
16370,wind_offshore,2030,53,2,2,-0.17205732563626253
16371,wind_offshore,2030,53,3,3,-0.17205732563626253
16372,wind_offshore,2030,53,4,4,-0.17205732563626253
16373,wind_offshore,2030,53,5,5,-0.17205732563626253
16374,wind_offshore,2030,53,6,6,-0.17205732563626253
16375,wind_offshore,2030,53,7,7,-0.17205732563626253
16376,wind_offshore,2030,53,8,8,-0.17205732563626253
16377,wind_offshore,2030,53,9,9,-0.17205732563626253
16378,wind_offshore,2030,53,10,10,-0.17205732563626253
16379,wind_offshore,2030,53,11,11,-0.17205732563626253
16380,wind_offshore,2030,53,12,12,-0.17205732563626253
16381,wind_offshore,2030,53,13,13,-0.15382298949546278
16382,wind_offshore,2030,53,14,14,-0.15382298949546275
16383,wind_offshore,2030,53,15,15,-0.15382298949546275
16384,wind_offshore,2030,53,16,16,-0.15382298949546278
16385,wind_offshore,2030,53,17,17,-0.17205732563626228
16386,wind_offshore,2030,53,18,18,-0.17205732563626228
16387,wind_offshore,2030,53,19,19,-0.17205732563626253
16388,wind_offshore,2030,53,20,20,-0.17205732563626253
16389,wind_offshore,2030,53,21,21,-0.17205732563626228
16390,wind_offshore,2030,53,22,22,-0.17205732563626253
16391,wind_offshore,2030,53,23,23,-0.1720573256362623
16392,wind_offshore,2030,53,24,24,-0.17205732563626253
16393,wind_offshore,2030,54,1,1,-0.2142108679763357
16394,wind_offshore,2030,54,2,2,-0.2142108679763357
16395,wind_offshore,2030,54,3,3,-0.2142108679763357
16396,wind_offshore,2030,54,4,4,-0.2142108679763357
16397,wind_offshore,2030,54,5,5,-0.2142108679763357
16398,wind_offshore,2030,54,6,6,-0.2142108679763357
16399,wind_offshore,2030,54,7,7,-0.2142108679763357
16400,wind_offshore,2030,54,8,8,-0.2142108679763357
16401,wind_offshore,2030,54,9,9,-0.2142108679763357
16402,wind_offshore,2030,54,10,10,-0.2142108679763357
16403,wind_offshore,2030,54,11,11,-0.2142108679763357
16404,wind_offshore,2030,54,12,12,-0.2142108679763357
16405,wind_offshore,2030,54,13,13,-0.2142108679763357
16406,wind_offshore,2030,54,14,14,-0.2142108679763357
16407,wind_offshore,2030,54,15,15,-0.2142108679763357
16408,wind_offshore,2030,54,16,16,-0.2142108679763357
16409,wind_offshore,2030,54,17,17,-0.2142108679763357
16410,wind_offshore,2030,54,18,18,-0.2142108679763357
16411,wind_offshore,2030,54,19,19,-0.2142108679763357
16412,wind_offshore,2030,54,20,20,-0.2142108679763357
16413,wind_offshore,2030,54,21,21,-0.23936510093754576
16414,wind_offshore,2030,54,22,22,-0.2142108679763357
16415,wind_offshore,2030,54,23,23,-0.2142108679763357
16416,wind_offshore,2030,54,24,24,-0.21421086797633482
16417,wind_offshore,2030,55,1,1,-0.28966300584611443
16418,wind_offshore,2030,55,2,2,-0.28966300584611443
16419,wind_offshore,2030,55,3,3,-0.28966300584611443
16420,wind_offshore,2030,55,4,4,-0.28966300584611443
16421,wind_offshore,2030,55,5,5,-0.28966300584611443
16422,wind_offshore,2030,55,6,6,-0.28966300584611465
16423,wind_offshore,2030,55,7,7,-0.28966300584611443
16424,wind_offshore,2030,55,8,8,-0.28966300584611443
16425,wind_offshore,2030,55,9,9,-0.28966300584611443
16426,wind_offshore,2030,55,10,10,-0.28966300584611443
16427,wind_offshore,2030,55,11,11,-0.28966300584611443
16428,wind_offshore,2030,55,12,12,-0.28966300584611443
16429,wind_offshore,2030,55,13,13,-0.28966300584611443
16430,wind_offshore,2030,55,14,14,-0.28966300584611443
16431,wind_offshore,2030,55,15,15,-0.28966300584611443
16432,wind_offshore,2030,55,16,16,-0.28966300584611443
16433,wind_offshore,2030,55,17,17,-0.28966300584611443
16434,wind_offshore,2030,55,18,18,-0.28966300584611443
16435,wind_offshore,2030,55,19,19,-0.28966300584611443
16436,wind_offshore,2030,55,20,20,-0.28966300584611443
16437,wind_offshore,2030,55,21,21,-0.28966300584611443
16438,wind_offshore,2030,55,22,22,-0.28966300584611443
16439,wind_offshore,2030,55,23,23,-0.28966300584611443
16440,wind_offshore,2030,55,24,24,-0.28966300584611443
16441,wind_offshore,2030,56,1,1,-0.09685870271472274
16442,wind_offshore,2030,56,2,2,-0.09685870271472274
16443,wind_offshore,2030,56,3,3,-0.09685870271472274
16444,wind_offshore,2030,56,4,4,-0.09685870271472274
16445,wind_offshore,2030,56,5,5,-0.09685870271472274
16446,wind_offshore,2030,56,6,6,-0.09685870271472274
16447,wind_offshore,2030,56,7,7,-0.09685870271472274
16448,wind_offshore,2030,56,8,8,-0.09685870271472274
16449,wind_offshore,2030,56,9,9,-0.09685870271472274
16450,wind_offshore,2030,56,10,10,-0.09685870271472274
16451,wind_offshore,2030,56,11,11,-0.09685870271472274
16452,wind_offshore,2030,56,12,12,-0.09685870271472274
16453,wind_offshore,2030,56,13,13,-0.09685870271472274
16454,wind_offshore,2030,56,14,14,-0.09685870271472274
16455,wind_offshore,2030,56,15,15,-0.09685870271472236
16456,wind_offshore,2030,56,16,16,-0.09685870271472274
16457,wind_offshore,2030,56,17,17,-0.09685870271472274
16458,wind_offshore,2030,56,18,18,-0.09685870271472274
16459,wind_offshore,2030,56,19,19,-0.09685870271472274
16460,wind_offshore,2030,56,20,20,-0.09685870271472274
16461,wind_offshore,2030,56,21,21,-0.09685870271472274
16462,wind_offshore,2030,56,22,22,-0.09685870271472274
16463,wind_offshore,2030,56,23,23,-0.09685870271472274
16464,wind_offshore,2030,56,24,24,-0.09685870271472274
16465,wind_offshore,2030,57,1,1,0.0
16466,wind_offshore,2030,57,2,2,0.0
16467,wind_offshore,2030,57,3,3,0.0
16468,wind_offshore,2030,57,4,4,0.0
16469,wind_offshore,2030,57,5,5,0.0
16470,wind_offshore,2030,57,6,6,0.0
16471,wind_offshore,2030,57,7,7,0.0
16472,wind_offshore,2030,57,8,8,0.0
16473,wind_offshore,2030,57,9,9,0.0
16474,wind_offshore,2030,57,10,10,0.0
16475,wind_offshore,2030,57,11,11,0.0
16476,wind_offshore,2030,57,12,12,0.0
16477,wind_offshore,2030,57,13,13,0.0
16478,wind_offshore,2030,57,14,14,0.0
16479,wind_offshore,2030,57,15,15,0.0
16480,wind_offshore,2030,57,16,16,0.0
16481,wind_offshore,2030,57,17,17,0.0
16482,wind_offshore,2030,57,18,18,0.0
16483,wind_offshore,2030,57,19,19,0.0
16484,wind_offshore,2030,57,20,20,0.0
16485,wind_offshore,2030,57,21,21,0.0
16486,wind_offshore,2030,57,22,22,0.0
16487,wind_offshore,2030,57,23,23,0.0
16488,wind_offshore,2030,57,24,24,0.0
16489,wind_offshore,2030,58,1,1,-0.21936902733262895
16490,wind_offshore,2030,58,2,2,-0.21936902733262895
16491,wind_offshore,2030,58,3,3,-0.21936902733262895
16492,wind_offshore,2030,58,4,4,-0.21936902733262895
16493,wind_offshore,2030,58,5,5,-0.21936902733262895
16494,wind_offshore,2030,58,6,6,-0.21936902733262895
16495,wind_offshore,2030,58,7,7,-0.21936902733262895
16496,wind_offshore,2030,58,8,8,0.0
16497,wind_offshore,2030,58,9,9,0.0
16498,wind_offshore,2030,58,10,10,0.0
16499,wind_offshore,2030,58,11,11,0.0
16500,wind_offshore,2030,58,12,12,0.0
16501,wind_offshore,2030,58,13,13,0.0
16502,wind_offshore,2030,58,14,14,0.0
16503,wind_offshore,2030,58,15,15,0.0
16504,wind_offshore,2030,58,16,16,0.0
16505,wind_offshore,2030,58,17,17,0.0
16506,wind_offshore,2030,58,18,18,-0.21936902733262895
16507,wind_offshore,2030,58,19,19,-0.21936902733262895
16508,wind_offshore,2030,58,20,20,-0.21936902733262895
16509,wind_offshore,2030,58,21,21,-0.21936902733262895
16510,wind_offshore,2030,58,22,22,-0.21936902733262895
16511,wind_offshore,2030,58,23,23,-0.21936902733262895
16512,wind_offshore,2030,58,24,24,-0.21936902733262895
16513,wind_offshore,2030,59,1,1,-0.11235603690825999
16514,wind_offshore,2030,59,2,2,-0.11235603690825999
16515,wind_offshore,2030,59,3,3,-0.11235603690825999
16516,wind_offshore,2030,59,4,4,-0.11235603690825999
16517,wind_offshore,2030,59,5,5,-0.11235603690825999
16518,wind_offshore,2030,59,6,6,-0.11235603690825999
16519,wind_offshore,2030,59,7,7,-0.11235603690825999
16520,wind_offshore,2030,59,8,8,-0.11235603690825999
16521,wind_offshore,2030,59,9,9,-0.11235603690825999
16522,wind_offshore,2030,59,10,10,-0.11235603690825999
16523,wind_offshore,2030,59,11,11,-0.11235603690825999
16524,wind_offshore,2030,59,12,12,-0.11235603690825999
16525,wind_offshore,2030,59,13,13,-0.11235603690825999
16526,wind_offshore,2030,59,14,14,-0.11235603690825999
16527,wind_offshore,2030,59,15,15,-0.11235603690825999
16528,wind_offshore,2030,59,16,16,-0.11235603690825999
16529,wind_offshore,2030,59,17,17,-0.11235603690825999
16530,wind_offshore,2030,59,18,18,-0.11235603690825999
16531,wind_offshore,2030,59,19,19,-0.11235603690825999
16532,wind_offshore,2030,59,20,20,-0.11235603690825999
16533,wind_offshore,2030,59,21,21,-0.11235603690825999
16534,wind_offshore,2030,59,22,22,-0.11235603690825999
16535,wind_offshore,2030,59,23,23,-0.11235603690825999
16536,wind_offshore,2030,59,24,24,-0.11235603690825999
16537,wind_offshore,2030,60,1,1,-0.09365444019517614
16538,wind_offshore,2030,60,2,2,-0.09365444019517614
16539,wind_offshore,2030,60,3,3,-0.09365444019517614
16540,wind_offshore,2030,60,4,4,-0.09365444019517614
16541,wind_offshore,2030,60,5,5,-0.09365444019517614
16542,wind_offshore,2030,60,6,6,-0.09365444019517614
16543,wind_offshore,2030,60,7,7,-0.09365444019517614
16544,wind_offshore,2030,60,8,8,-0.09365444019517614
16545,wind_offshore,2030,60,9,9,-0.09365444019517614
16546,wind_offshore,2030,60,10,10,-0.09365444019517614
16547,wind_offshore,2030,60,11,11,-0.09365444019517614
16548,wind_offshore,2030,60,12,12,-0.09365444019517614
16549,wind_offshore,2030,60,13,13,-0.09365444019517614
16550,wind_offshore,2030,60,14,14,-0.09365444019517614
16551,wind_offshore,2030,60,15,15,-0.09365444019517614
16552,wind_offshore,2030,60,16,16,-0.09365444019517614
16553,wind_offshore,2030,60,17,17,-0.09365444019517614
16554,wind_offshore,2030,60,18,18,-0.09365444019517614
16555,wind_offshore,2030,60,19,19,-0.09365444019517614
16556,wind_offshore,2030,60,20,20,-0.09365444019517614
16557,wind_offshore,2030,60,21,21,-0.09365444019517614
16558,wind_offshore,2030,60,22,22,-0.09365444019517614
16559,wind_offshore,2030,60,23,23,-0.09365444019517614
16560,wind_offshore,2030,60,24,24,-0.09365444019517614
16561,wind_offshore,2030,61,1,1,-0.0390389100286455
16562,wind_offshore,2030,61,2,2,-0.0390389100286455
16563,wind_offshore,2030,61,3,3,-0.0390389100286455
16564,wind_offshore,2030,61,4,4,-0.0390389100286455
16565,wind_offshore,2030,61,5,5,-0.0390389100286455
16566,wind_offshore,2030,61,6,6,-0.0390389100286455
16567,wind_offshore,2030,61,7,7,-0.0390389100286455
16568,wind_offshore,2030,61,8,8,-0.0390389100286455
16569,wind_offshore,2030,61,9,9,-0.0390389100286455
16570,wind_offshore,2030,61,10,10,-0.0390389100286455
16571,wind_offshore,2030,61,11,11,0.0
16572,wind_offshore,2030,61,12,12,0.0
16573,wind_offshore,2030,61,13,13,0.0
16574,wind_offshore,2030,61,14,14,0.0
16575,wind_offshore,2030,61,15,15,0.0
16576,wind_offshore,2030,61,16,16,0.0
16577,wind_offshore,2030,61,17,17,0.0
16578,wind_offshore,2030,61,18,18,-0.0390389100286455
16579,wind_offshore,2030,61,19,19,-0.0390389100286455
16580,wind_offshore,2030,61,20,20,-0.0390389100286455
16581,wind_offshore,2030,61,21,21,-0.0390389100286455
16582,wind_offshore,2030,61,22,22,-0.0390389100286455
16583,wind_offshore,2030,61,23,23,-0.0390389100286455
16584,wind_offshore,2030,61,24,24,-0.0390389100286455
16585,wind_offshore,2030,62,1,1,-0.05437536678987735
16586,wind_offshore,2030,62,2,2,-0.05437536678987735
16587,wind_offshore,2030,62,3,3,-0.05437536678987735
16588,wind_offshore,2030,62,4,4,-0.05437536678987735
16589,wind_offshore,2030,62,5,5,-0.05437536678987735
16590,wind_offshore,2030,62,6,6,-0.05437536678987735
16591,wind_offshore,2030,62,7,7,-0.05437536678987735
16592,wind_offshore,2030,62,8,8,-0.05437536678987735
16593,wind_offshore,2030,62,9,9,-0.05437536678987735
16594,wind_offshore,2030,62,10,10,0.0
16595,wind_offshore,2030,62,11,11,0.0
16596,wind_offshore,2030,62,12,12,0.0
16597,wind_offshore,2030,62,13,13,0.0
16598,wind_offshore,2030,62,14,14,0.0
16599,wind_offshore,2030,62,15,15,0.0
16600,wind_offshore,2030,62,16,16,0.0
16601,wind_offshore,2030,62,17,17,0.0
16602,wind_offshore,2030,62,18,18,-0.05437536678987735
16603,wind_offshore,2030,62,19,19,-0.05437536678987735
16604,wind_offshore,2030,62,20,20,-0.05437536678987735
16605,wind_offshore,2030,62,21,21,-0.05437536678987735
16606,wind_offshore,2030,62,22,22,-0.05437536678987735
16607,wind_offshore,2030,62,23,23,-0.05437536678987735
16608,wind_offshore,2030,62,24,24,-0.05437536678987735
16609,wind_offshore,2030,63,1,1,-0.07490857726936499
16610,wind_offshore,2030,63,2,2,-0.07490857726936499
16611,wind_offshore,2030,63,3,3,-0.07490857726936499
16612,wind_offshore,2030,63,4,4,-0.07490857726936499
16613,wind_offshore,2030,63,5,5,-0.07490857726936499
16614,wind_offshore,2030,63,6,6,-0.07490857726936499
16615,wind_offshore,2030,63,7,7,-0.07490857726936499
16616,wind_offshore,2030,63,8,8,-0.07490857726936499
16617,wind_offshore,2030,63,9,9,-0.07490857726936499
16618,wind_offshore,2030,63,10,10,-0.07490857726936499
16619,wind_offshore,2030,63,11,11,-0.07490857726936499
16620,wind_offshore,2030,63,12,12,-0.07490857726936499
16621,wind_offshore,2030,63,13,13,-0.07490857726936469
16622,wind_offshore,2030,63,14,14,-0.07490857726936499
16623,wind_offshore,2030,63,15,15,-0.07490857726936469
16624,wind_offshore,2030,63,16,16,-0.07490857726936499
16625,wind_offshore,2030,63,17,17,-0.07490857726936499
16626,wind_offshore,2030,63,18,18,-0.07490857726936499
16627,wind_offshore,2030,63,19,19,-0.07490857726936499
16628,wind_offshore,2030,63,20,20,-0.07490857726936499
16629,wind_offshore,2030,63,21,21,-0.07490857726936499
16630,wind_offshore,2030,63,22,22,-0.07490857726936499
16631,wind_offshore,2030,63,23,23,-0.07490857726936499
16632,wind_offshore,2030,63,24,24,-0.07490857726936499
16633,wind_offshore,2030,64,1,1,-0.1296009684799167
16634,wind_offshore,2030,64,2,2,-0.1296009684799167
16635,wind_offshore,2030,64,3,3,-0.1296009684799167
16636,wind_offshore,2030,64,4,4,-0.1296009684799167
16637,wind_offshore,2030,64,5,5,-0.1296009684799167
16638,wind_offshore,2030,64,6,6,-0.1296009684799167
16639,wind_offshore,2030,64,7,7,-0.1296009684799167
16640,wind_offshore,2030,64,8,8,-0.1296009684799167
16641,wind_offshore,2030,64,9,9,-0.1296009684799167
16642,wind_offshore,2030,64,10,10,-0.1296009684799167
16643,wind_offshore,2030,64,11,11,0.0
16644,wind_offshore,2030,64,12,12,0.0
16645,wind_offshore,2030,64,13,13,0.0
16646,wind_offshore,2030,64,14,14,0.0
16647,wind_offshore,2030,64,15,15,0.0
16648,wind_offshore,2030,64,16,16,0.0
16649,wind_offshore,2030,64,17,17,0.0
16650,wind_offshore,2030,64,18,18,-0.1296009684799167
16651,wind_offshore,2030,64,19,19,-0.1296009684799167
16652,wind_offshore,2030,64,20,20,-0.1296009684799167
16653,wind_offshore,2030,64,21,21,-0.1296009684799167
16654,wind_offshore,2030,64,22,22,-0.1296009684799167
16655,wind_offshore,2030,64,23,23,-0.1296009684799167
16656,wind_offshore,2030,64,24,24,-0.1296009684799167
16657,wind_offshore,2030,65,1,1,-0.0517524078006808
16658,wind_offshore,2030,65,2,2,-0.0517524078006808
16659,wind_offshore,2030,65,3,3,-0.0517524078006808
16660,wind_offshore,2030,65,4,4,-0.0517524078006808
16661,wind_offshore,2030,65,5,5,-0.0517524078006808
16662,wind_offshore,2030,65,6,6,-0.0517524078006808
16663,wind_offshore,2030,65,7,7,-0.0517524078006808
16664,wind_offshore,2030,65,8,8,-0.0517524078006808
16665,wind_offshore,2030,65,9,9,-0.0517524078006808
16666,wind_offshore,2030,65,10,10,-0.0517524078006808
16667,wind_offshore,2030,65,11,11,-0.0517524078006808
16668,wind_offshore,2030,65,12,12,0.0
16669,wind_offshore,2030,65,13,13,0.0
16670,wind_offshore,2030,65,14,14,0.0
16671,wind_offshore,2030,65,15,15,0.0
16672,wind_offshore,2030,65,16,16,0.0
16673,wind_offshore,2030,65,17,17,0.0
16674,wind_offshore,2030,65,18,18,-0.0517524078006808
16675,wind_offshore,2030,65,19,19,-0.0517524078006808
16676,wind_offshore,2030,65,20,20,-0.0517524078006808
16677,wind_offshore,2030,65,21,21,-0.0517524078006808
16678,wind_offshore,2030,65,22,22,-0.0517524078006808
16679,wind_offshore,2030,65,23,23,-0.0517524078006808
16680,wind_offshore,2030,65,24,24,-0.0517524078006808
16681,wind_offshore,2030,66,1,1,-0.08677053125379298
16682,wind_offshore,2030,66,2,2,-0.08677053125379298
16683,wind_offshore,2030,66,3,3,-0.08677053125379251
16684,wind_offshore,2030,66,4,4,-0.08677053125379251
16685,wind_offshore,2030,66,5,5,-0.08677053125379298
16686,wind_offshore,2030,66,6,6,-0.08677053125379298
16687,wind_offshore,2030,66,7,7,-0.08677053125379298
16688,wind_offshore,2030,66,8,8,-0.08677053125379298
16689,wind_offshore,2030,66,9,9,-0.08677053125379298
16690,wind_offshore,2030,66,10,10,-0.08677053125379298
16691,wind_offshore,2030,66,11,11,-0.08677053125379298
16692,wind_offshore,2030,66,12,12,0.0
16693,wind_offshore,2030,66,13,13,0.0
16694,wind_offshore,2030,66,14,14,0.0
16695,wind_offshore,2030,66,15,15,0.0
16696,wind_offshore,2030,66,16,16,0.0
16697,wind_offshore,2030,66,17,17,0.0
16698,wind_offshore,2030,66,18,18,-0.08677053125379298
16699,wind_offshore,2030,66,19,19,-0.08677053125379298
16700,wind_offshore,2030,66,20,20,-0.08677053125379298
16701,wind_offshore,2030,66,21,21,-0.08677053125379298
16702,wind_offshore,2030,66,22,22,0.0
16703,wind_offshore,2030,66,23,23,0.0
16704,wind_offshore,2030,66,24,24,0.0
16705,wind_offshore,2030,67,1,1,-0.07559944990545073
16706,wind_offshore,2030,67,2,2,-0.07559944990545073
16707,wind_offshore,2030,67,3,3,-0.07559944990545073
16708,wind_offshore,2030,67,4,4,-0.07559944990545073
16709,wind_offshore,2030,67,5,5,-0.07559944990545073
16710,wind_offshore,2030,67,6,6,-0.07559944990545073
16711,wind_offshore,2030,67,7,7,-0.0755994499054505
16712,wind_offshore,2030,67,8,8,-0.07559944990545073
16713,wind_offshore,2030,67,9,9,-0.07559944990545073
16714,wind_offshore,2030,67,10,10,-0.07559944990545073
16715,wind_offshore,2030,67,11,11,-0.07559944990545073
16716,wind_offshore,2030,67,12,12,-0.07559944990545073
16717,wind_offshore,2030,67,13,13,-0.07559944990545073
16718,wind_offshore,2030,67,14,14,-0.0755994499054505
16719,wind_offshore,2030,67,15,15,-0.0755994499054505
16720,wind_offshore,2030,67,16,16,-0.07559944990545073
16721,wind_offshore,2030,67,17,17,-0.07559944990545073
16722,wind_offshore,2030,67,18,18,-0.07559944990545073
16723,wind_offshore,2030,67,19,19,-0.07559944990545073
16724,wind_offshore,2030,67,20,20,-0.07559944990545073
16725,wind_offshore,2030,67,21,21,-0.07559944990545073
16726,wind_offshore,2030,67,22,22,-0.07559944990545073
16727,wind_offshore,2030,67,23,23,-0.07559944990545073
16728,wind_offshore,2030,67,24,24,-0.07559944990545073
16729,wind_offshore,2030,68,1,1,-0.2578737126375739
16730,wind_offshore,2030,68,2,2,-0.2578737126375739
16731,wind_offshore,2030,68,3,3,-0.2578737126375739
16732,wind_offshore,2030,68,4,4,-0.2578737126375739
16733,wind_offshore,2030,68,5,5,-0.2578737126375739
16734,wind_offshore,2030,68,6,6,-0.2578737126375739
16735,wind_offshore,2030,68,7,7,-0.2578737126375739
16736,wind_offshore,2030,68,8,8,-0.2578737126375739
16737,wind_offshore,2030,68,9,9,-0.2578737126375739
16738,wind_offshore,2030,68,10,10,-0.2578737126375739
16739,wind_offshore,2030,68,11,11,-0.2578737126375739
16740,wind_offshore,2030,68,12,12,-0.2578737126375739
16741,wind_offshore,2030,68,13,13,-0.2578737126375739
16742,wind_offshore,2030,68,14,14,-0.2578737126375739
16743,wind_offshore,2030,68,15,15,-0.2578737126375739
16744,wind_offshore,2030,68,16,16,-0.2578737126375739
16745,wind_offshore,2030,68,17,17,-0.2578737126375739
16746,wind_offshore,2030,68,18,18,-0.2578737126375739
16747,wind_offshore,2030,68,19,19,-0.2578737126375739
16748,wind_offshore,2030,68,20,20,-0.2578737126375739
16749,wind_offshore,2030,68,21,21,-0.2578737126375739
16750,wind_offshore,2030,68,22,22,-0.2578737126375739
16751,wind_offshore,2030,68,23,23,-0.2578737126375739
16752,wind_offshore,2030,68,24,24,-0.2578737126375739
16753,wind_offshore,2030,69,1,1,-0.6138390020905947
16754,wind_offshore,2030,69,2,2,-0.6138390020905947
16755,wind_offshore,2030,69,3,3,-0.6138390020905947
16756,wind_offshore,2030,69,4,4,-0.6138390020905947
16757,wind_offshore,2030,69,5,5,-0.6138390020905947
16758,wind_offshore,2030,69,6,6,-0.6138390020905947
16759,wind_offshore,2030,69,7,7,-0.6138390020905947
16760,wind_offshore,2030,69,8,8,-0.6138390020905947
16761,wind_offshore,2030,69,9,9,-0.6138390020905947
16762,wind_offshore,2030,69,10,10,-0.6138390020905947
16763,wind_offshore,2030,69,11,11,0.0
16764,wind_offshore,2030,69,12,12,0.0
16765,wind_offshore,2030,69,13,13,0.0
16766,wind_offshore,2030,69,14,14,0.0
16767,wind_offshore,2030,69,15,15,0.0
16768,wind_offshore,2030,69,16,16,0.0
16769,wind_offshore,2030,69,17,17,-0.6138390020905913
16770,wind_offshore,2030,69,18,18,-0.6138390020905947
16771,wind_offshore,2030,69,19,19,-0.6138390020905947
16772,wind_offshore,2030,69,20,20,-0.6138390020905947
16773,wind_offshore,2030,69,21,21,-0.6138390020905947
16774,wind_offshore,2030,69,22,22,-0.6138390020905947
16775,wind_offshore,2030,69,23,23,-0.6138390020905947
16776,wind_offshore,2030,69,24,24,-0.6138390020905947
16777,wind_offshore,2030,70,1,1,-0.20640854042029855
16778,wind_offshore,2030,70,2,2,-0.20640854042029855
16779,wind_offshore,2030,70,3,3,-0.20640854042029855
16780,wind_offshore,2030,70,4,4,-0.20640854042029855
16781,wind_offshore,2030,70,5,5,-0.20640854042029855
16782,wind_offshore,2030,70,6,6,-0.20640854042029855
16783,wind_offshore,2030,70,7,7,-0.20640854042029855
16784,wind_offshore,2030,70,8,8,-0.20640854042029855
16785,wind_offshore,2030,70,9,9,-0.20640854042029855
16786,wind_offshore,2030,70,10,10,-0.20640854042029855
16787,wind_offshore,2030,70,11,11,-0.20640854042029855
16788,wind_offshore,2030,70,12,12,-0.20640854042029855
16789,wind_offshore,2030,70,13,13,-0.206408540420298
16790,wind_offshore,2030,70,14,14,-0.206408540420298
16791,wind_offshore,2030,70,15,15,-0.20640854042029855
16792,wind_offshore,2030,70,16,16,-0.20640854042029855
16793,wind_offshore,2030,70,17,17,-0.20640854042029855
16794,wind_offshore,2030,70,18,18,-0.20640854042029855
16795,wind_offshore,2030,70,19,19,-0.20640854042029855
16796,wind_offshore,2030,70,20,20,-0.20640854042029855
16797,wind_offshore,2030,70,21,21,-0.20640854042029855
16798,wind_offshore,2030,70,22,22,-0.20640854042029855
16799,wind_offshore,2030,70,23,23,-0.20640854042029855
16800,wind_offshore,2030,70,24,24,-0.20640854042029855
16801,wind_offshore,2030,71,1,1,-0.1366875567627941
16802,wind_offshore,2030,71,2,2,-0.1366875567627941
16803,wind_offshore,2030,71,3,3,-0.1366875567627941
16804,wind_offshore,2030,71,4,4,-0.1366875567627941
16805,wind_offshore,2030,71,5,5,-0.1366875567627941
16806,wind_offshore,2030,71,6,6,-0.1366875567627941
16807,wind_offshore,2030,71,7,7,-0.1366875567627941
16808,wind_offshore,2030,71,8,8,-0.1366875567627941
16809,wind_offshore,2030,71,9,9,-0.1366875567627941
16810,wind_offshore,2030,71,10,10,-0.1366875567627941
16811,wind_offshore,2030,71,11,11,-0.1366875567627941
16812,wind_offshore,2030,71,12,12,0.0
16813,wind_offshore,2030,71,13,13,0.0
16814,wind_offshore,2030,71,14,14,0.0
16815,wind_offshore,2030,71,15,15,0.0
16816,wind_offshore,2030,71,16,16,0.0
16817,wind_offshore,2030,71,17,17,0.0
16818,wind_offshore,2030,71,18,18,0.0
16819,wind_offshore,2030,71,19,19,-0.1366875567627941
16820,wind_offshore,2030,71,20,20,-0.13668755676279334
16821,wind_offshore,2030,71,21,21,-0.1366875567627941
16822,wind_offshore,2030,71,22,22,-0.1366875567627941
16823,wind_offshore,2030,71,23,23,-0.1222016472145632
16824,wind_offshore,2030,71,24,24,-0.1366875567627941
16825,wind_offshore,2030,72,1,1,-0.075584085102129
16826,wind_offshore,2030,72,2,2,-0.06757381521358814
16827,wind_offshore,2030,72,3,3,-0.06757381521358814
16828,wind_offshore,2030,72,4,4,-0.06757381521358814
16829,wind_offshore,2030,72,5,5,-0.06757381521358814
16830,wind_offshore,2030,72,6,6,-0.075584085102129
16831,wind_offshore,2030,72,7,7,-0.075584085102129
16832,wind_offshore,2030,72,8,8,-0.075584085102129
16833,wind_offshore,2030,72,9,9,-0.075584085102129
16834,wind_offshore,2030,72,10,10,-0.075584085102129
16835,wind_offshore,2030,72,11,11,-0.075584085102129
16836,wind_offshore,2030,72,12,12,-0.06757381521358814
16837,wind_offshore,2030,72,13,13,-0.06757381521358814
16838,wind_offshore,2030,72,14,14,-0.06757381521358814
16839,wind_offshore,2030,72,15,15,-0.075584085102129
16840,wind_offshore,2030,72,16,16,-0.075584085102129
16841,wind_offshore,2030,72,17,17,-0.075584085102129
16842,wind_offshore,2030,72,18,18,-0.075584085102129
16843,wind_offshore,2030,72,19,19,-0.075584085102129
16844,wind_offshore,2030,72,20,20,-0.075584085102129
16845,wind_offshore,2030,72,21,21,-0.075584085102129
16846,wind_offshore,2030,72,22,22,-0.075584085102129
16847,wind_offshore,2030,72,23,23,-0.075584085102129
16848,wind_offshore,2030,72,24,24,-0.075584085102129
16849,wind_offshore,2030,73,1,1,-0.16279960720140327
16850,wind_offshore,2030,73,2,2,-0.16279960720140327
16851,wind_offshore,2030,73,3,3,-0.16279960720140327
16852,wind_offshore,2030,73,4,4,-0.16279960720140327
16853,wind_offshore,2030,73,5,5,-0.16279960720140327
16854,wind_offshore,2030,73,6,6,-0.16279960720140327
16855,wind_offshore,2030,73,7,7,-0.16279960720140327
16856,wind_offshore,2030,73,8,8,-0.16279960720140327
16857,wind_offshore,2030,73,9,9,-0.16279960720140327
16858,wind_offshore,2030,73,10,10,-0.16279960720140327
16859,wind_offshore,2030,73,11,11,-0.16279960720140327
16860,wind_offshore,2030,73,12,12,-0.1627996072014026
16861,wind_offshore,2030,73,13,13,-0.16279960720140327
16862,wind_offshore,2030,73,14,14,-0.1455463879599502
16863,wind_offshore,2030,73,15,15,-0.1455463879599502
16864,wind_offshore,2030,73,16,16,-0.1627996072014026
16865,wind_offshore,2030,73,17,17,-0.16279960720140327
16866,wind_offshore,2030,73,18,18,-0.16279960720140327
16867,wind_offshore,2030,73,19,19,-0.16279960720140327
16868,wind_offshore,2030,73,20,20,-0.16279960720140327
16869,wind_offshore,2030,73,21,21,-0.16279960720140327
16870,wind_offshore,2030,73,22,22,-0.16279960720140327
16871,wind_offshore,2030,73,23,23,-0.16279960720140327
16872,wind_offshore,2030,73,24,24,-0.16279960720140327
16873,wind_offshore,2030,74,1,1,-0.21817935689911813
16874,wind_offshore,2030,74,2,2,-0.21817935689911813
16875,wind_offshore,2030,74,3,3,-0.21817935689911813
16876,wind_offshore,2030,74,4,4,-0.21817935689911813
16877,wind_offshore,2030,74,5,5,-0.21817935689911813
16878,wind_offshore,2030,74,6,6,-0.21817935689911813
16879,wind_offshore,2030,74,7,7,-0.21817935689911813
16880,wind_offshore,2030,74,8,8,-0.21817935689911813
16881,wind_offshore,2030,74,9,9,-0.21817935689911813
16882,wind_offshore,2030,74,10,10,-0.21817935689911813
16883,wind_offshore,2030,74,11,11,-0.21817935689911813
16884,wind_offshore,2030,74,12,12,-0.21817935689911813
16885,wind_offshore,2030,74,13,13,-0.21817935689911813
16886,wind_offshore,2030,74,14,14,-0.21817935689911813
16887,wind_offshore,2030,74,15,15,-0.21817935689911813
16888,wind_offshore,2030,74,16,16,-0.21817935689911813
16889,wind_offshore,2030,74,17,17,-0.21817935689911813
16890,wind_offshore,2030,74,18,18,-0.21817935689911813
16891,wind_offshore,2030,74,19,19,-0.21817935689911813
16892,wind_offshore,2030,74,20,20,-0.21817935689911813
16893,wind_offshore,2030,74,21,21,-0.21817935689911813
16894,wind_offshore,2030,74,22,22,-0.21817935689911813
16895,wind_offshore,2030,74,23,23,-0.21817935689911813
16896,wind_offshore,2030,74,24,24,-0.21817935689911813
16897,wind_offshore,2030,75,1,1,-0.4964821283537748
16898,wind_offshore,2030,75,2,2,-0.4964821283537747
16899,wind_offshore,2030,75,3,3,-0.4964821283537747
16900,wind_offshore,2030,75,4,4,-0.4964821283537747
16901,wind_offshore,2030,75,5,5,-0.4964821283537747
16902,wind_offshore,2030,75,6,6,-0.4964821283537747
16903,wind_offshore,2030,75,7,7,-0.4964821283537747
16904,wind_offshore,2030,75,8,8,-0.4964821283537747
16905,wind_offshore,2030,75,9,9,-0.4964821283537747
16906,wind_offshore,2030,75,10,10,-0.4964821283537747
16907,wind_offshore,2030,75,11,11,-0.7123439232901986
16908,wind_offshore,2030,75,12,12,-0.793964795890813
16909,wind_offshore,2030,75,13,13,-0.7123439232901986
16910,wind_offshore,2030,75,14,14,-0.7123439232901986
16911,wind_offshore,2030,75,15,15,-0.7123439232901986
16912,wind_offshore,2030,75,16,16,-0.7123439232901986
16913,wind_offshore,2030,75,17,17,-10.700547679354866
16914,wind_offshore,2030,75,18,18,-10.700547679354866
16915,wind_offshore,2030,75,19,19,-10.700547679354866
16916,wind_offshore,2030,75,20,20,-10.700547679354866
16917,wind_offshore,2030,75,21,21,-10.700547679354866
16918,wind_offshore,2030,75,22,22,-0.7123439232901986
16919,wind_offshore,2030,75,23,23,-0.4964821283537747
16920,wind_offshore,2030,75,24,24,-0.4964821283537747
16921,wind_offshore,2030,76,1,1,0.0
16922,wind_offshore,2030,76,2,2,0.0
16923,wind_offshore,2030,76,3,3,0.0
16924,wind_offshore,2030,76,4,4,0.0
16925,wind_offshore,2030,76,5,5,0.0
16926,wind_offshore,2030,76,6,6,0.0
16927,wind_offshore,2030,76,7,7,0.0
16928,wind_offshore,2030,76,8,8,0.0
16929,wind_offshore,2030,76,9,9,0.0
16930,wind_offshore,2030,76,10,10,0.0
16931,wind_offshore,2030,76,11,11,0.0
16932,wind_offshore,2030,76,12,12,0.0
16933,wind_offshore,2030,76,13,13,0.0
16934,wind_offshore,2030,76,14,14,0.0
16935,wind_offshore,2030,76,15,15,0.0
16936,wind_offshore,2030,76,16,16,0.0
16937,wind_offshore,2030,76,17,17,-0.05625066488641151
16938,wind_offshore,2030,76,18,18,-0.05625066488641184
16939,wind_offshore,2030,76,19,19,-0.05625066488641184
16940,wind_offshore,2030,76,20,20,-0.05625066488641184
16941,wind_offshore,2030,76,21,21,-0.05625066488641184
16942,wind_offshore,2030,76,22,22,-0.05625066488641184
16943,wind_offshore,2030,76,23,23,-0.05625066488641184
16944,wind_offshore,2030,76,24,24,-0.05625066488641184
16945,wind_offshore,2030,77,1,1,-0.03575053884363657
16946,wind_offshore,2030,77,2,2,0.0
16947,wind_offshore,2030,77,3,3,0.0
16948,wind_offshore,2030,77,4,4,0.0
16949,wind_offshore,2030,77,5,5,0.0
16950,wind_offshore,2030,77,6,6,0.0
16951,wind_offshore,2030,77,7,7,0.0
16952,wind_offshore,2030,77,8,8,0.0
16953,wind_offshore,2030,77,9,9,0.0
16954,wind_offshore,2030,77,10,10,0.0
16955,wind_offshore,2030,77,11,11,0.0
16956,wind_offshore,2030,77,12,12,0.0
16957,wind_offshore,2030,77,13,13,0.0
16958,wind_offshore,2030,77,14,14,0.0
16959,wind_offshore,2030,77,15,15,0.0
16960,wind_offshore,2030,77,16,16,0.0
16961,wind_offshore,2030,77,17,17,0.0
16962,wind_offshore,2030,77,18,18,0.0
16963,wind_offshore,2030,77,19,19,-0.03575053884363657
16964,wind_offshore,2030,77,20,20,-0.03575053884363657
16965,wind_offshore,2030,77,21,21,-0.03575053884363657
16966,wind_offshore,2030,77,22,22,-0.03575053884363637
16967,wind_offshore,2030,77,23,23,-0.03575053884363657
16968,wind_offshore,2030,77,24,24,-0.03575053884363637
16969,wind_offshore,2030,78,1,1,-0.21443186978622963
16970,wind_offshore,2030,78,2,2,-0.21443186978622963
16971,wind_offshore,2030,78,3,3,-0.21443186978622963
16972,wind_offshore,2030,78,4,4,-0.21443186978622963
16973,wind_offshore,2030,78,5,5,-0.21443186978622963
16974,wind_offshore,2030,78,6,6,-0.21443186978622963
16975,wind_offshore,2030,78,7,7,-0.21443186978622963
16976,wind_offshore,2030,78,8,8,-0.21443186978622963
16977,wind_offshore,2030,78,9,9,-0.21443186978622963
16978,wind_offshore,2030,78,10,10,-0.21443186978622963
16979,wind_offshore,2030,78,11,11,-0.21443186978622963
16980,wind_offshore,2030,78,12,12,-0.21443186978622963
16981,wind_offshore,2030,78,13,13,-0.21443186978622963
16982,wind_offshore,2030,78,14,14,-0.21443186978622963
16983,wind_offshore,2030,78,15,15,-0.21443186978622963
16984,wind_offshore,2030,78,16,16,-0.21443186978622963
16985,wind_offshore,2030,78,17,17,-0.21443186978622963
16986,wind_offshore,2030,78,18,18,-0.21443186978622963
16987,wind_offshore,2030,78,19,19,-0.21443186978622963
16988,wind_offshore,2030,78,20,20,-0.21443186978622963
16989,wind_offshore,2030,78,21,21,-0.21443186978622963
16990,wind_offshore,2030,78,22,22,-0.21443186978622963
16991,wind_offshore,2030,78,23,23,-0.21443186978622963
16992,wind_offshore,2030,78,24,24,-0.21443186978622963
16993,wind_offshore,2030,79,1,1,-0.1327542701683088
16994,wind_offshore,2030,79,2,2,-0.1327542701683088
16995,wind_offshore,2030,79,3,3,-0.1327542701683088
16996,wind_offshore,2030,79,4,4,-0.1327542701683088
16997,wind_offshore,2030,79,5,5,-0.1327542701683088
16998,wind_offshore,2030,79,6,6,-0.1327542701683088
16999,wind_offshore,2030,79,7,7,-0.1327542701683088
17000,wind_offshore,2030,79,8,8,-0.1327542701683088
17001,wind_offshore,2030,79,9,9,-0.1327542701683088
17002,wind_offshore,2030,79,10,10,-0.1327542701683088
17003,wind_offshore,2030,79,11,11,-0.1327542701683088
17004,wind_offshore,2030,79,12,12,-0.1327542701683088
17005,wind_offshore,2030,79,13,13,-0.1327542701683088
17006,wind_offshore,2030,79,14,14,-0.1327542701683088
17007,wind_offshore,2030,79,15,15,-0.1327542701683088
17008,wind_offshore,2030,79,16,16,-0.1327542701683088
17009,wind_offshore,2030,79,17,17,-0.1327542701683088
17010,wind_offshore,2030,79,18,18,-0.1327542701683088
17011,wind_offshore,2030,79,19,19,-0.1327542701683088
17012,wind_offshore,2030,79,20,20,-0.1327542701683088
17013,wind_offshore,2030,79,21,21,-0.1327542701683088
17014,wind_offshore,2030,79,22,22,-0.1327542701683088
17015,wind_offshore,2030,79,23,23,-0.1327542701683088
17016,wind_offshore,2030,79,24,24,-0.1327542701683088
17017,wind_offshore,2030,80,1,1,-0.030650227665859387
17018,wind_offshore,2030,80,2,2,-0.030650227665859387
17019,wind_offshore,2030,80,3,3,-0.030650227665859387
17020,wind_offshore,2030,80,4,4,-0.030650227665859387
17021,wind_offshore,2030,80,5,5,-0.030650227665859387
17022,wind_offshore,2030,80,6,6,-0.03428353732837767
17023,wind_offshore,2030,80,7,7,-0.03428353732837767
17024,wind_offshore,2030,80,8,8,-0.03428353732837767
17025,wind_offshore,2030,80,9,9,-0.03428353732837767
17026,wind_offshore,2030,80,10,10,-0.03428353732837767
17027,wind_offshore,2030,80,11,11,0.0
17028,wind_offshore,2030,80,12,12,0.0
17029,wind_offshore,2030,80,13,13,0.0
17030,wind_offshore,2030,80,14,14,0.0
17031,wind_offshore,2030,80,15,15,0.0
17032,wind_offshore,2030,80,16,16,0.0
17033,wind_offshore,2030,80,17,17,0.0
17034,wind_offshore,2030,80,18,18,-0.03428353732837767
17035,wind_offshore,2030,80,19,19,-0.03428353732837767
17036,wind_offshore,2030,80,20,20,-0.03428353732837767
17037,wind_offshore,2030,80,21,21,-0.03428353732837767
17038,wind_offshore,2030,80,22,22,-0.03428353732837767
17039,wind_offshore,2030,80,23,23,-0.03428353732837767
17040,wind_offshore,2030,80,24,24,-0.03428353732837767
17041,wind_offshore,2030,81,1,1,-0.14738721637263796
17042,wind_offshore,2030,81,2,2,-0.14738721637263796
17043,wind_offshore,2030,81,3,3,-0.14738721637263796
17044,wind_offshore,2030,81,4,4,-0.14738721637263796
17045,wind_offshore,2030,81,5,5,-0.14738721637263796
17046,wind_offshore,2030,81,6,6,-0.14738721637263796
17047,wind_offshore,2030,81,7,7,-0.14738721637263796
17048,wind_offshore,2030,81,8,8,-0.14738721637263796
17049,wind_offshore,2030,81,9,9,-0.14738721637263796
17050,wind_offshore,2030,81,10,10,-0.14738721637263796
17051,wind_offshore,2030,81,11,11,-0.14738721637263796
17052,wind_offshore,2030,81,12,12,-0.14738721637263796
17053,wind_offshore,2030,81,13,13,-0.14738721637263796
17054,wind_offshore,2030,81,14,14,-0.14738721637263796
17055,wind_offshore,2030,81,15,15,-0.14738721637263733
17056,wind_offshore,2030,81,16,16,-0.11106647127637796
17057,wind_offshore,2030,81,17,17,-0.12444992636634264
17058,wind_offshore,2030,81,18,18,-0.12444992636634264
17059,wind_offshore,2030,81,19,19,-0.11106647127637796
17060,wind_offshore,2030,81,20,20,-0.12444992636634264
17061,wind_offshore,2030,81,21,21,0.0
17062,wind_offshore,2030,81,22,22,0.0
17063,wind_offshore,2030,81,23,23,0.0
17064,wind_offshore,2030,81,24,24,0.0
17065,wind_offshore,2030,82,1,1,-0.06190686490008574
17066,wind_offshore,2030,82,2,2,-0.06190686490008574
17067,wind_offshore,2030,82,3,3,-0.06190686490008574
17068,wind_offshore,2030,82,4,4,-0.06190686490008574
17069,wind_offshore,2030,82,5,5,-0.06190686490008574
17070,wind_offshore,2030,82,6,6,-0.06190686490008574
17071,wind_offshore,2030,82,7,7,-0.06190686490008574
17072,wind_offshore,2030,82,8,8,-0.06190686490008574
17073,wind_offshore,2030,82,9,9,-0.06190686490008574
17074,wind_offshore,2030,82,10,10,-0.06190686490008574
17075,wind_offshore,2030,82,11,11,-0.06190686490008574
17076,wind_offshore,2030,82,12,12,0.0
17077,wind_offshore,2030,82,13,13,0.0
17078,wind_offshore,2030,82,14,14,0.0
17079,wind_offshore,2030,82,15,15,0.0
17080,wind_offshore,2030,82,16,16,0.0
17081,wind_offshore,2030,82,17,17,-0.06190686490008574
17082,wind_offshore,2030,82,18,18,-0.06190686490008574
17083,wind_offshore,2030,82,19,19,-0.06190686490008574
17084,wind_offshore,2030,82,20,20,-0.06190686490008574
17085,wind_offshore,2030,82,21,21,-0.06190686490008574
17086,wind_offshore,2030,82,22,22,-0.06190686490008574
17087,wind_offshore,2030,82,23,23,-0.06190686490008574
17088,wind_offshore,2030,82,24,24,-0.06190686490008574
17089,wind_offshore,2030,83,1,1,-1.3413808500482587
17090,wind_offshore,2030,83,2,2,-1.3413808500482587
17091,wind_offshore,2030,83,3,3,-1.3413808500482587
17092,wind_offshore,2030,83,4,4,-1.3413808500482587
17093,wind_offshore,2030,83,5,5,-1.3413808500482587
17094,wind_offshore,2030,83,6,6,-1.3413808500482587
17095,wind_offshore,2030,83,7,7,-1.3413808500482587
17096,wind_offshore,2030,83,8,8,-1.3413808500482587
17097,wind_offshore,2030,83,9,9,-1.3413808500482587
17098,wind_offshore,2030,83,10,10,-1.3413808500482587
17099,wind_offshore,2030,83,11,11,-1.3413808500482587
17100,wind_offshore,2030,83,12,12,-1.3413808500482587
17101,wind_offshore,2030,83,13,13,-1.3413808500482587
17102,wind_offshore,2030,83,14,14,-1.3413808500482587
17103,wind_offshore,2030,83,15,15,-1.3413808500482587
17104,wind_offshore,2030,83,16,16,-1.3413808500482587
17105,wind_offshore,2030,83,17,17,-1.3413808500482587
17106,wind_offshore,2030,83,18,18,-1.3413808500482587
17107,wind_offshore,2030,83,19,19,-1.3413808500482591
17108,wind_offshore,2030,83,20,20,-1.3413808500482587
17109,wind_offshore,2030,83,21,21,-1.3413808500482591
17110,wind_offshore,2030,83,22,22,-1.3413808500482587
17111,wind_offshore,2030,83,23,23,-1.3413808500482587
17112,wind_offshore,2030,83,24,24,-1.3413808500482587
17113,wind_offshore,2030,84,1,1,-0.20185767673085517
17114,wind_offshore,2030,84,2,2,-0.20185767673085517
17115,wind_offshore,2030,84,3,3,-0.20185767673085517
17116,wind_offshore,2030,84,4,4,-0.20185767673085517
17117,wind_offshore,2030,84,5,5,-0.20185767673085517
17118,wind_offshore,2030,84,6,6,-0.20185767673085517
17119,wind_offshore,2030,84,7,7,-0.20185767673085517
17120,wind_offshore,2030,84,8,8,-0.20185767673085517
17121,wind_offshore,2030,84,9,9,-0.20185767673085517
17122,wind_offshore,2030,84,10,10,-0.20185767673085517
17123,wind_offshore,2030,84,11,11,0.0
17124,wind_offshore,2030,84,12,12,0.0
17125,wind_offshore,2030,84,13,13,0.0
17126,wind_offshore,2030,84,14,14,0.0
17127,wind_offshore,2030,84,15,15,0.0
17128,wind_offshore,2030,84,16,16,0.0
17129,wind_offshore,2030,84,17,17,-0.20185767673085517
17130,wind_offshore,2030,84,18,18,-0.20185767673085517
17131,wind_offshore,2030,84,19,19,-0.20185767673085517
17132,wind_offshore,2030,84,20,20,-0.20185767673085517
17133,wind_offshore,2030,84,21,21,-0.20185767673085517
17134,wind_offshore,2030,84,22,22,-0.20185767673085517
17135,wind_offshore,2030,84,23,23,-0.20185767673085517
17136,wind_offshore,2030,84,24,24,-0.20185767673085517
17137,wind_offshore,2030,85,1,1,-0.07008006978516898
17138,wind_offshore,2030,85,2,2,-0.07008006978516898
17139,wind_offshore,2030,85,3,3,-0.07008006978516898
17140,wind_offshore,2030,85,4,4,-0.07008006978516898
17141,wind_offshore,2030,85,5,5,-0.07008006978516898
17142,wind_offshore,2030,85,6,6,-0.07008006978516898
17143,wind_offshore,2030,85,7,7,-0.07008006978516898
17144,wind_offshore,2030,85,8,8,-0.07008006978516898
17145,wind_offshore,2030,85,9,9,-0.07008006978516898
17146,wind_offshore,2030,85,10,10,-0.07008006978516898
17147,wind_offshore,2030,85,11,11,-0.07008006978516898
17148,wind_offshore,2030,85,12,12,0.0
17149,wind_offshore,2030,85,13,13,0.0
17150,wind_offshore,2030,85,14,14,0.0
17151,wind_offshore,2030,85,15,15,0.0
17152,wind_offshore,2030,85,16,16,0.0
17153,wind_offshore,2030,85,17,17,0.0
17154,wind_offshore,2030,85,18,18,-0.07008006978516898
17155,wind_offshore,2030,85,19,19,-0.07008006978516898
17156,wind_offshore,2030,85,20,20,-0.07008006978516898
17157,wind_offshore,2030,85,21,21,-0.07008006978516898
17158,wind_offshore,2030,85,22,22,-0.07008006978516898
17159,wind_offshore,2030,85,23,23,-0.07008006978516854
17160,wind_offshore,2030,85,24,24,-0.07008006978516854
17161,wind_offshore,2030,86,1,1,0.0
17162,wind_offshore,2030,86,2,2,0.0
17163,wind_offshore,2030,86,3,3,0.0
17164,wind_offshore,2030,86,4,4,0.0
17165,wind_offshore,2030,86,5,5,0.0
17166,wind_offshore,2030,86,6,6,0.0
17167,wind_offshore,2030,86,7,7,0.0
17168,wind_offshore,2030,86,8,8,0.0
17169,wind_offshore,2030,86,9,9,0.0
17170,wind_offshore,2030,86,10,10,0.0
17171,wind_offshore,2030,86,11,11,0.0
17172,wind_offshore,2030,86,12,12,0.0
17173,wind_offshore,2030,86,13,13,0.0
17174,wind_offshore,2030,86,14,14,0.0
17175,wind_offshore,2030,86,15,15,0.0
17176,wind_offshore,2030,86,16,16,0.0
17177,wind_offshore,2030,86,17,17,0.0
17178,wind_offshore,2030,86,18,18,0.0
17179,wind_offshore,2030,86,19,19,0.0
17180,wind_offshore,2030,86,20,20,0.0
17181,wind_offshore,2030,86,21,21,0.0
17182,wind_offshore,2030,86,22,22,0.0
17183,wind_offshore,2030,86,23,23,0.0
17184,wind_offshore,2030,86,24,24,0.0
17185,wind_offshore,2030,87,1,1,-0.07646905540613823
17186,wind_offshore,2030,87,2,2,-0.07646905540613823
17187,wind_offshore,2030,87,3,3,-0.07646905540613823
17188,wind_offshore,2030,87,4,4,-0.07646905540613823
17189,wind_offshore,2030,87,5,5,-0.07646905540613823
17190,wind_offshore,2030,87,6,6,-0.07646905540613823
17191,wind_offshore,2030,87,7,7,-0.07646905540613823
17192,wind_offshore,2030,87,8,8,-0.07646905540613823
17193,wind_offshore,2030,87,9,9,-0.07646905540613823
17194,wind_offshore,2030,87,10,10,-0.07646905540613823
17195,wind_offshore,2030,87,11,11,-0.07646905540613823
17196,wind_offshore,2030,87,12,12,-0.07646905540613823
17197,wind_offshore,2030,87,13,13,-0.07646905540613823
17198,wind_offshore,2030,87,14,14,-0.07646905540613823
17199,wind_offshore,2030,87,15,15,-0.07646905540613823
17200,wind_offshore,2030,87,16,16,-0.07646905540613823
17201,wind_offshore,2030,87,17,17,-0.07646905540613823
17202,wind_offshore,2030,87,18,18,-0.07646905540613823
17203,wind_offshore,2030,87,19,19,-0.07646905540613823
17204,wind_offshore,2030,87,20,20,-0.07646905540613823
17205,wind_offshore,2030,87,21,21,-0.07646905540613823
17206,wind_offshore,2030,87,22,22,-0.07646905540613823
17207,wind_offshore,2030,87,23,23,-0.07646905540613823
17208,wind_offshore,2030,87,24,24,-0.07646905540613823
17209,wind_offshore,2030,88,1,1,-0.5693973396252737
17210,wind_offshore,2030,88,2,2,-0.5693973396252737
17211,wind_offshore,2030,88,3,3,-0.5693973396252737
17212,wind_offshore,2030,88,4,4,-0.5693973396252737
17213,wind_offshore,2030,88,5,5,-0.5693973396252737
17214,wind_offshore,2030,88,6,6,-0.5693973396252737
17215,wind_offshore,2030,88,7,7,-0.5693973396252737
17216,wind_offshore,2030,88,8,8,-0.5693973396252737
17217,wind_offshore,2030,88,9,9,-0.5693973396252737
17218,wind_offshore,2030,88,10,10,-0.5693973396252737
17219,wind_offshore,2030,88,11,11,-0.5693973396252737
17220,wind_offshore,2030,88,12,12,-0.5693973396252737
17221,wind_offshore,2030,88,13,13,-0.5693973396252737
17222,wind_offshore,2030,88,14,14,-0.5693973396252737
17223,wind_offshore,2030,88,15,15,-0.5693973396252737
17224,wind_offshore,2030,88,16,16,-0.5693973396252737
17225,wind_offshore,2030,88,17,17,-0.5693973396252737
17226,wind_offshore,2030,88,18,18,-0.5693973396252737
17227,wind_offshore,2030,88,19,19,-0.5693973396252737
17228,wind_offshore,2030,88,20,20,-0.5693973396252737
17229,wind_offshore,2030,88,21,21,-0.5693973396252737
17230,wind_offshore,2030,88,22,22,-0.5693973396252737
17231,wind_offshore,2030,88,23,23,-0.5693973396252737
17232,wind_offshore,2030,88,24,24,-0.5693973396252737
17233,wind_offshore,2030,89,1,1,-0.04078494256112476
17234,wind_offshore,2030,89,2,2,-0.04078494256112476
17235,wind_offshore,2030,89,3,3,0.0
17236,wind_offshore,2030,89,4,4,0.0
17237,wind_offshore,2030,89,5,5,0.0
17238,wind_offshore,2030,89,6,6,0.0
17239,wind_offshore,2030,89,7,7,0.0
17240,wind_offshore,2030,89,8,8,0.0
17241,wind_offshore,2030,89,9,9,0.0
17242,wind_offshore,2030,89,10,10,0.0
17243,wind_offshore,2030,89,11,11,0.0
17244,wind_offshore,2030,89,12,12,0.0
17245,wind_offshore,2030,89,13,13,0.0
17246,wind_offshore,2030,89,14,14,0.0
17247,wind_offshore,2030,89,15,15,0.0
17248,wind_offshore,2030,89,16,16,0.0
17249,wind_offshore,2030,89,17,17,0.0
17250,wind_offshore,2030,89,18,18,0.0
17251,wind_offshore,2030,89,19,19,-0.04078494256112476
17252,wind_offshore,2030,89,20,20,-0.04078494256112476
17253,wind_offshore,2030,89,21,21,-0.04078494256112454
17254,wind_offshore,2030,89,22,22,-0.04078494256112476
17255,wind_offshore,2030,89,23,23,-0.04078494256112476
17256,wind_offshore,2030,89,24,24,-0.04078494256112476
17257,wind_offshore,2030,90,1,1,0.0
17258,wind_offshore,2030,90,2,2,0.0
17259,wind_offshore,2030,90,3,3,0.0
17260,wind_offshore,2030,90,4,4,0.0
17261,wind_offshore,2030,90,5,5,0.0
17262,wind_offshore,2030,90,6,6,0.0
17263,wind_offshore,2030,90,7,7,0.0
17264,wind_offshore,2030,90,8,8,0.0
17265,wind_offshore,2030,90,9,9,0.0
17266,wind_offshore,2030,90,10,10,0.0
17267,wind_offshore,2030,90,11,11,0.0
17268,wind_offshore,2030,90,12,12,0.0
17269,wind_offshore,2030,90,13,13,0.0
17270,wind_offshore,2030,90,14,14,0.0
17271,wind_offshore,2030,90,15,15,0.0
17272,wind_offshore,2030,90,16,16,0.0
17273,wind_offshore,2030,90,17,17,-0.031465229199244764
17274,wind_offshore,2030,90,18,18,-0.03146522919924494
17275,wind_offshore,2030,90,19,19,-0.03146522919924494
17276,wind_offshore,2030,90,20,20,-0.03146522919924494
17277,wind_offshore,2030,90,21,21,-0.03146522919924494
17278,wind_offshore,2030,90,22,22,-0.03146522919924494
17279,wind_offshore,2030,90,23,23,-0.03146522919924494
17280,wind_offshore,2030,90,24,24,-0.03146522919924494
