scenario,year,period,rep_period,weight
0,2030,1,3,0.04581092251815532
0,2030,1,5,0.04412810212021689
0,2030,1,23,0.08426273789490953
0,2030,1,24,0.6480754601799017
0,2030,1,38,0.04392815691767417
0,2030,1,40,0.012869619410179682
0,2030,1,47,0.06034911848126382
0,2030,1,58,0.03254331482183088
0,2030,1,60,0.028032567655868038
0,2030,2,2,0.07448847924268907
0,2030,2,7,0.0449282953797566
0,2030,2,10,0.4088577110280617
0,2030,2,13,0.240062651916599
0,2030,2,40,0.08190594828484488
0,2030,2,42,0.04226403935362635
0,2030,2,52,0.10749287479442235
0,2030,3,9,0.10632037764219125
0,2030,3,10,0.0315895444463993
0,2030,3,11,0.018614805624752494
0,2030,3,15,0.09198793896076263
0,2030,3,18,0.012188504074895901
0,2030,3,20,0.02424511867374118
0,2030,3,25,0.051395623935965896
0,2030,3,43,0.04934220083304325
0,2030,3,52,0.187017228589861
0,2030,3,55,0.12682354437601062
0,2030,3,57,0.3004751128423765
0,2030,4,7,0.06575611654603344
0,2030,4,9,0.19319104957016311
0,2030,4,11,0.2325165208221141
0,2030,4,47,0.23491557832275445
0,2030,4,52,0.01880421975225228
0,2030,4,55,0.16688043558468582
0,2030,4,56,0.019274481842476265
0,2030,4,58,0.06866159755952048
0,2030,5,1,0.015037929616288373
0,2030,5,8,0.02302231350346118
0,2030,5,11,0.2701132570249228
0,2030,5,14,0.03947145310028832
0,2030,5,16,0.06528512346609039
0,2030,5,18,0.08117322743339823
0,2030,5,26,0.16136056808001728
0,2030,5,29,0.0336874831253588
0,2030,5,30,0.03903681978380133
0,2030,5,35,0.08162557771391714
0,2030,5,39,0.13625060986229262
0,2030,5,48,0.04001777109936852
0,2030,5,59,0.013917866190795096
0,2030,6,5,0.12150648468463839
0,2030,6,27,0.030962254715097563
0,2030,6,33,0.5070563403803078
0,2030,6,34,0.19342781505426265
0,2030,6,37,0.049759843735692186
0,2030,6,40,0.04873596691979344
0,2030,6,46,0.04855129451020793
0,2030,7,1,0.021568569671811415
0,2030,7,10,0.10704807682015645
0,2030,7,13,0.20530218639899078
0,2030,7,19,0.3728695802724011
0,2030,7,25,0.07157130326378998
0,2030,7,33,0.04081376858959744
0,2030,7,38,0.11585793511965418
0,2030,7,40,0.05005027272840161
0,2030,7,58,0.014918307135197135
0,2030,8,1,0.036764401083909576
0,2030,8,7,0.1386037676450062
0,2030,8,10,0.36476217119275045
0,2030,8,11,0.09471364284374564
0,2030,8,13,0.12756736659344545
0,2030,8,43,0.130104640857078
0,2030,8,52,0.10748400978406455
0,2030,9,1,0.017291572555678852
0,2030,9,7,0.012789667196104781
0,2030,9,11,0.05497667623382973
0,2030,9,16,0.07940711633420393
0,2030,9,19,0.725974538874915
0,2030,9,20,0.01698041251622074
0,2030,9,39,0.05030224248924234
0,2030,9,43,0.010542970108778216
0,2030,9,50,0.031734803691026395
0,2030,10,6,0.024649924985929116
0,2030,10,7,0.08895979361066118
0,2030,10,10,0.40928363153753516
0,2030,10,11,0.044183541611234445
0,2030,10,13,0.05389750546168763
0,2030,10,16,0.057375170368138925
0,2030,10,19,0.02003217368755823
0,2030,10,32,0.028723288968423938
0,2030,10,47,0.05888570792189485
0,2030,10,50,0.11870323773430526
0,2030,10,52,0.09530602411263128
0,2030,11,2,0.027807978551005468
0,2030,11,6,0.024893498226823272
0,2030,11,18,0.05358323646648534
0,2030,11,19,0.013154807198541233
0,2030,11,26,0.03138194795323838
0,2030,11,29,0.012892631462214347
0,2030,11,32,0.032480725932125296
0,2030,11,34,0.013463094173275245
0,2030,11,36,0.015162547088523595
0,2030,11,42,0.01772042027559991
0,2030,11,46,0.011717093969080881
0,2030,11,50,0.7190318973260343
0,2030,11,57,0.026710121377052688
0,2030,12,1,0.06673273702165329
0,2030,12,19,0.1172428660590971
0,2030,12,22,0.01381699439896457
0,2030,12,26,0.05763491627392211
0,2030,12,27,0.18542943806315912
0,2030,12,33,0.06035060742713345
0,2030,12,50,0.49879244075607043
0,2030,13,1,0.2833595134629893
0,2030,13,4,0.06258572873519465
0,2030,13,10,0.04253320953569906
0,2030,13,14,0.01825120710805285
0,2030,13,19,0.04429427088411169
0,2030,13,24,0.04620515613992761
0,2030,13,27,0.011128962278579724
0,2030,13,33,0.045952305875893405
0,2030,13,41,0.02062530259827597
0,2030,13,45,0.0302377540446874
0,2030,13,51,0.017727837168931688
0,2030,13,56,0.37709875216765676
0,2030,14,52,1.0
0,2030,15,7,1.0
0,2030,16,16,1.0
0,2030,17,50,1.0
0,2030,18,1,0.3185402193939605
0,2030,18,3,0.07454590417577422
0,2030,18,22,0.06799423507479094
0,2030,18,27,0.11678240430123216
0,2030,18,50,0.30387868581417793
0,2030,18,51,0.09610808281273281
0,2030,18,53,0.022150468427331586
0,2030,19,1,0.1744512124711896
0,2030,19,9,0.015990795827104207
0,2030,19,19,0.09266979032104841
0,2030,19,27,0.0312595391069867
0,2030,19,34,0.06284623767868373
0,2030,19,35,0.05188124706576113
0,2030,19,41,0.10959545899415117
0,2030,19,50,0.461305718535075
0,2030,20,1,0.28995588823510376
0,2030,20,10,0.04709172195636989
0,2030,20,34,0.033334800355536175
0,2030,20,51,0.6146923488729085
0,2030,20,60,0.014925240580081744
0,2030,21,1,0.03490080025424148
0,2030,21,7,0.05533316090550344
0,2030,21,8,0.021005457305856602
0,2030,21,9,0.07379283442303158
0,2030,21,29,0.03282361069260139
0,2030,21,34,0.645343947092944
0,2030,21,35,0.13680018932582155
0,2030,22,1,0.03187186852329931
0,2030,22,19,0.05580844191671807
0,2030,22,22,0.08404531655565176
0,2030,22,26,0.031375428788623705
0,2030,22,27,0.13432933851914133
0,2030,22,34,0.025225588065965098
0,2030,22,36,0.020635009440651136
0,2030,22,41,0.10251130093001537
0,2030,22,46,0.01383138096710356
0,2030,22,50,0.5003663262928307
0,2030,23,33,1.0
0,2030,24,11,1.0
0,2030,25,1,0.10934975662598449
0,2030,25,16,0.012750048976750576
0,2030,25,34,0.1158295793071325
0,2030,25,51,0.714976459399356
0,2030,25,59,0.031662347950165856
0,2030,25,60,0.015431807740610655
0,2030,26,24,1.0
0,2030,27,11,0.01640317084720877
0,2030,27,16,0.7240029839433999
0,2030,27,23,0.05673347174065253
0,2030,27,25,0.0404159642158371
0,2030,27,38,0.050001482429273894
0,2030,27,39,0.016179990150410502
0,2030,27,58,0.047691619291990985
0,2030,27,60,0.04857131738122624
0,2030,28,1,0.030870081859555674
0,2030,28,29,0.05755162438212064
0,2030,28,34,0.15691309180044727
0,2030,28,51,0.6744758942077385
0,2030,28,56,0.021669833382892176
0,2030,28,60,0.05851947436724571
0,2030,29,1,0.10029441613396181
0,2030,29,3,0.057910006847938865
0,2030,29,22,0.01766753281674678
0,2030,29,27,0.0358579715392186
0,2030,29,28,0.04896495529816014
0,2030,29,34,0.02160135593618762
0,2030,29,35,0.04013156925307062
0,2030,29,41,0.09273387038124235
0,2030,29,50,0.5690694992459023
0,2030,29,51,0.015768822547570803
0,2030,30,10,1.0
0,2030,31,11,0.07689887459428481
0,2030,31,20,0.044160333313046654
0,2030,31,23,0.020324479923934474
0,2030,31,35,0.7545857429333722
0,2030,31,39,0.04656869169343286
0,2030,31,43,0.05746187754192907
0,2030,32,9,1.0
0,2030,33,1,0.016931913367017572
0,2030,33,7,0.7671612364607275
0,2030,33,13,0.01683696223934738
0,2030,33,22,0.027431432145195302
0,2030,33,26,0.01714133355592415
0,2030,33,34,0.034584329555432336
0,2030,33,38,0.032111345129746616
0,2030,33,40,0.02360887499042832
0,2030,33,58,0.0641925725561808
0,2030,34,2,0.047948145400050844
0,2030,34,20,0.10046215168924046
0,2030,34,35,0.7559657947925544
0,2030,34,43,0.04356075222242176
0,2030,34,57,0.05206315589573252
0,2030,35,29,1.0
0,2030,36,2,0.2666783762538136
0,2030,36,7,0.6506408935817525
0,2030,36,29,0.010169999587368897
0,2030,36,55,0.0725107305770651
0,2030,37,7,0.2430189744224281
0,2030,37,16,0.0265262572874026
0,2030,37,35,0.06478175164723116
0,2030,37,43,0.10769066169871397
0,2030,37,57,0.5579823549442242
0,2030,38,3,0.062345532720863114
0,2030,38,8,0.03763024715535946
0,2030,38,16,0.6545872515410275
0,2030,38,22,0.06289497897034775
0,2030,38,27,0.03187041513284121
0,2030,38,41,0.03918386810497568
0,2030,38,46,0.0363668706737356
0,2030,38,53,0.012824950142300307
0,2030,38,60,0.06229588555854937
0,2030,39,3,0.047183741382046576
0,2030,39,5,0.0331628792375587
0,2030,39,19,0.04902124302454667
0,2030,39,27,0.05390600490017978
0,2030,39,30,0.0451617521576621
0,2030,39,33,0.29088505432150785
0,2030,39,34,0.059616869796575225
0,2030,39,50,0.02018741802392313
0,2030,39,51,0.40087503715600004
0,2030,40,51,1.0
0,2030,41,3,0.043411631118322636
0,2030,41,8,0.020066984588640178
0,2030,41,28,0.2434116297794847
0,2030,41,35,0.5993388836912114
0,2030,41,55,0.0446809960630009
0,2030,41,56,0.035493228118500655
0,2030,41,60,0.01359664664083963
0,2030,42,56,1.0
0,2030,43,6,0.06390700845709804
0,2030,43,7,0.112354721396034
0,2030,43,16,0.05201999524524723
0,2030,43,20,0.050766696023892374
0,2030,43,38,0.5458058921609658
0,2030,43,39,0.04818030598466305
0,2030,43,43,0.11051781393633793
0,2030,43,57,0.01644756679576161
0,2030,44,1,0.02930949809566965
0,2030,44,3,0.5690602481373275
0,2030,44,5,0.037977772884441256
0,2030,44,9,0.07078417438797086
0,2030,44,16,0.09665977712575764
0,2030,44,19,0.01969153602057638
0,2030,44,33,0.0695265323846451
0,2030,44,56,0.10699046096361166
0,2030,45,1,0.12522304448611077
0,2030,45,3,0.7219561476425499
0,2030,45,7,0.028818419459422435
0,2030,45,11,0.029633217228331232
0,2030,45,16,0.025489816319198246
0,2030,45,43,0.025444098020915167
0,2030,45,50,0.04343525684347232
0,2030,46,3,0.1175291636871748
0,2030,46,22,0.014460671002558887
0,2030,46,27,0.08020600474545204
0,2030,46,41,0.026835384281332857
0,2030,46,46,0.06484339510932349
0,2030,46,51,0.6175153926435741
0,2030,46,60,0.07860998853058376
0,2030,47,1,0.06903473644199284
0,2030,47,14,0.023097866000376575
0,2030,47,28,0.04834615410987781
0,2030,47,35,0.06488716375365544
0,2030,47,36,0.014962198115845152
0,2030,47,41,0.03672387675949197
0,2030,47,43,0.09967555101657502
0,2030,47,46,0.5498064363224913
0,2030,47,53,0.09346601747969406
0,2030,48,16,0.04920823295649852
0,2030,48,18,0.1910572948711107
0,2030,48,26,0.23841368168971938
0,2030,48,38,0.3293560230843755
0,2030,48,39,0.02486334538513632
0,2030,48,47,0.16710142201315947
0,2030,49,14,1.0
0,2030,50,35,1.0
0,2030,51,8,0.05740257386363278
0,2030,51,14,0.041890946104507984
0,2030,51,16,0.7556771501949425
0,2030,51,35,0.04990845149336544
0,2030,51,36,0.09512087834355126
0,2030,52,9,0.4427073943206932
0,2030,52,16,0.04965131585430803
0,2030,52,19,0.04412814016253772
0,2030,52,29,0.14633371575199533
0,2030,52,33,0.08156291104350669
0,2030,52,40,0.0800962812413294
0,2030,52,47,0.017106190750299458
0,2030,52,50,0.031708571390060364
0,2030,52,52,0.09437800866315504
0,2030,52,59,0.012327470822114855
0,2030,53,43,1.0
0,2030,54,1,0.023615637972263587
0,2030,54,7,0.016692341856716142
0,2030,54,14,0.03935188888087252
0,2030,54,16,0.8099963210208503
0,2030,54,26,0.05956873807996533
0,2030,54,43,0.05077507218933211
0,2030,55,1,0.05393179708892137
0,2030,55,4,0.04050036460536472
0,2030,55,7,0.016621752045390743
0,2030,55,9,0.015331578686572046
0,2030,55,24,0.02069899513967972
0,2030,55,34,0.7045147100227167
0,2030,55,35,0.07390944654659068
0,2030,55,51,0.0589466167878962
0,2030,55,53,0.015544739076867908
0,2030,56,34,1.0
0,2030,57,1,0.29865304109433216
0,2030,57,24,0.01059089589246759
0,2030,57,27,0.4208441373116888
0,2030,57,33,0.021808838408164423
0,2030,57,34,0.248103087293347
0,2030,58,19,1.0
0,2030,59,1,0.0191191352088911
0,2030,59,13,0.19099601836345703
0,2030,59,19,0.09471005703418332
0,2030,59,33,0.07488812087643068
0,2030,59,52,0.6202866685170378
0,2030,60,1,0.010813862616462777
0,2030,60,9,0.0419490349295137
0,2030,60,16,0.06442428446932436
0,2030,60,19,0.03835721150641781
0,2030,60,21,0.0490563346011622
0,2030,60,34,0.10832169112376491
0,2030,60,37,0.050019830602678846
0,2030,60,43,0.5974716240630026
0,2030,60,50,0.039586126087672945
0,2030,61,1,0.07764866232691638
0,2030,61,16,0.588629401181143
0,2030,61,26,0.12375418339737447
0,2030,61,27,0.11953993043602126
0,2030,61,34,0.09042782265854475
0,2030,62,1,0.10878404148836943
0,2030,62,3,0.03709166240351186
0,2030,62,24,0.03964480254375471
0,2030,62,27,0.128137298685967
0,2030,62,34,0.6749382652765863
0,2030,62,51,0.011403929601810695
0,2030,63,26,1.0
0,2030,64,1,0.10347892680118129
0,2030,64,10,0.0448145075755019
0,2030,64,15,0.015038562640547759
0,2030,64,24,0.1403155260088061
0,2030,64,27,0.5713754015043326
0,2030,64,30,0.025708313371673924
0,2030,64,50,0.08805185378798674
0,2030,64,60,0.011216908309969803
0,2030,65,10,0.04278529035518707
0,2030,65,15,0.042363692834048665
0,2030,65,19,0.536396206562584
0,2030,65,20,0.0351641881073941
0,2030,65,24,0.021888607010989936
0,2030,65,25,0.20036540607835018
0,2030,65,31,0.017087974143931876
0,2030,65,45,0.01570514806276726
0,2030,65,55,0.06233443312147331
0,2030,65,58,0.025909053723273692
0,2030,66,16,0.34390052749433475
0,2030,66,23,0.4590066723341269
0,2030,66,34,0.06382494704043953
0,2030,66,41,0.0286347591320635
0,2030,66,46,0.055822839695182015
0,2030,66,50,0.04881025430385334
0,2030,67,5,0.0545815572590465
0,2030,67,17,0.063115203801647
0,2030,67,19,0.03971728454528454
0,2030,67,42,0.01588598868476571
0,2030,67,45,0.04565899259280902
0,2030,67,51,0.7253605053683017
0,2030,67,54,0.0556804677481457
0,2030,68,1,0.011633291660223298
0,2030,68,16,0.18807923671533128
0,2030,68,35,0.20851316510543333
0,2030,68,46,0.5917743065190121
0,2030,69,5,0.2066862013553276
0,2030,69,9,0.018385173182741615
0,2030,69,24,0.4933212286536372
0,2030,69,30,0.018026300857488235
0,2030,69,37,0.059487240585242254
0,2030,69,46,0.022475751075686886
0,2030,69,47,0.04907629554097078
0,2030,69,56,0.1325418087489055
0,2030,70,58,1.0
0,2030,71,5,0.0562247339122304
0,2030,71,19,0.028410286116481952
0,2030,71,26,0.012415579622746867
0,2030,71,27,0.14653611051425103
0,2030,71,34,0.15684574941236173
0,2030,71,46,0.039400589527714726
0,2030,71,51,0.5601669508942133
0,2030,72,16,0.07695586777306668
0,2030,72,29,0.034120582836001945
0,2030,72,34,0.02256078933816984
0,2030,72,35,0.08240170051368946
0,2030,72,36,0.10195157145687063
0,2030,72,41,0.0729068297006234
0,2030,72,46,0.021916668815177433
0,2030,72,51,0.5554145394782429
0,2030,72,56,0.03177145008815764
0,2030,73,7,0.1351567019453002
0,2030,73,10,0.0443714914752172
0,2030,73,19,0.09464204635635252
0,2030,73,31,0.04608674387525015
0,2030,73,32,0.028933246371624314
0,2030,73,42,0.06706368191346845
0,2030,73,52,0.011368925803195944
0,2030,73,54,0.014806602314242997
0,2030,73,56,0.5575705599453482
0,2030,74,1,0.06759490671329028
0,2030,74,7,0.14363441217783568
0,2030,74,9,0.09636355943777396
0,2030,74,29,0.06352117850403168
0,2030,74,35,0.1012233090730093
0,2030,74,47,0.48074581503598723
0,2030,74,52,0.046916819058071914
0,2030,75,4,0.0302422317010587
0,2030,75,8,0.046863237904448345
0,2030,75,9,0.10042577307695306
0,2030,75,17,0.03252310774696955
0,2030,75,35,0.03945443077316041
0,2030,75,36,0.032503019620950875
0,2030,75,41,0.0720736841839576
0,2030,75,43,0.5687730948179279
0,2030,75,46,0.06558383887156388
0,2030,75,56,0.01155758130300962
0,2030,76,3,0.04388788988420126
0,2030,76,8,0.022063815969063347
0,2030,76,23,0.07191431943906476
0,2030,76,35,0.7019615325597155
0,2030,76,37,0.06262435835493613
0,2030,76,46,0.0975480837930189
0,2030,77,3,0.016456982263175594
0,2030,77,8,0.08128793412729467
0,2030,77,22,0.015869055443706225
0,2030,77,23,0.046215607974063606
0,2030,77,35,0.6967998240149127
0,2030,77,36,0.07698402765914153
0,2030,77,46,0.028051596121504638
0,2030,77,60,0.038334972396200956
0,2030,78,16,0.07588995912331137
0,2030,78,21,0.024024986605828486
0,2030,78,35,0.057261371084174055
0,2030,78,36,0.7866395894145063
0,2030,78,41,0.01906095377686738
0,2030,78,50,0.03712313999531252
0,2030,79,1,0.06583885091270614
0,2030,79,6,0.016236685697875175
0,2030,79,8,0.7639986273422572
0,2030,79,26,0.019887106800262736
0,2030,79,27,0.07960566357490147
0,2030,79,34,0.04361413066868799
0,2030,79,41,0.010818935003309285
0,2030,80,1,0.03545152935151087
0,2030,80,4,0.023839040355313125
0,2030,80,8,0.6946110928817538
0,2030,80,16,0.024191907230407095
0,2030,80,27,0.030083408151040016
0,2030,80,34,0.06790770461326469
0,2030,80,35,0.01695797379640698
0,2030,80,41,0.10695734362030347
0,2030,81,13,0.11640231572062097
0,2030,81,17,0.6034703529775769
0,2030,81,19,0.0701577682059807
0,2030,81,26,0.08322084745005848
0,2030,81,33,0.050344261756367976
0,2030,81,34,0.03651138190084162
0,2030,81,40,0.01959563135068546
0,2030,81,47,0.02029744063786778
0,2030,82,1,0.0406237414828983
0,2030,82,2,0.6814186988112753
0,2030,82,7,0.036585569002389726
0,2030,82,10,0.06736694926907147
0,2030,82,13,0.055925251145093405
0,2030,82,19,0.04384296066348872
0,2030,82,42,0.010711519075286426
0,2030,82,43,0.02074157041193786
0,2030,82,52,0.04278374013855876
0,2030,83,57,1.0
0,2030,84,8,0.7077697130283154
0,2030,84,26,0.06853784216856777
0,2030,84,34,0.15078906801985903
0,2030,84,46,0.029048251291698704
0,2030,84,47,0.04385512549155913
0,2030,85,36,1.0
0,2030,86,47,1.0
0,2030,87,1,0.02025369200822453
0,2030,87,7,0.015972063239981408
0,2030,87,16,0.03902722901096386
0,2030,87,35,0.014491407292688592
0,2030,87,42,0.8767638847149438
0,2030,87,43,0.020886499739029396
0,2030,87,52,0.01260522399416838
0,2030,88,13,0.011953284439416656
0,2030,88,21,0.016722418961572935
0,2030,88,27,0.0287795291480976
0,2030,88,34,0.10788037874480656
0,2030,88,37,0.011752052657458536
0,2030,88,40,0.011814132323680879
0,2030,88,42,0.7277028573676299
0,2030,88,46,0.014330505606418012
0,2030,88,47,0.020591269090098424
0,2030,88,50,0.04847357166082068
0,2030,89,3,0.011448824515964065
0,2030,89,14,0.011113876279061423
0,2030,89,22,0.10498434661667726
0,2030,89,23,0.5872371785529089
0,2030,89,26,0.07339440389626144
0,2030,89,27,0.12059103508587685
0,2030,89,34,0.05919655119498566
0,2030,89,60,0.03203378385826445
0,2030,90,8,0.08148835187734062
0,2030,90,14,0.03838462813397634
0,2030,90,35,0.11473575769334592
0,2030,90,36,0.08555987460110512
0,2030,90,41,0.05768644107178336
0,2030,90,46,0.6221449466224488
0,2030,91,8,0.07060435561113391
0,2030,91,14,0.07965980202750458
0,2030,91,17,0.019571414163300868
0,2030,91,35,0.1163367243783971
0,2030,91,36,0.07534099099181918
0,2030,91,41,0.010530513902391488
0,2030,91,46,0.5951323896026207
0,2030,91,48,0.022168939634619265
0,2030,91,53,0.010654869688212961
0,2030,92,13,0.05197992538088231
0,2030,92,17,0.8304582414995677
0,2030,92,19,0.025180866567010015
0,2030,92,26,0.025464219228889917
0,2030,92,33,0.02609084068860375
0,2030,92,42,0.040825906635046254
0,2030,93,1,0.04058316024090042
0,2030,93,2,0.938101172844399
0,2030,93,26,0.021315666914700597
0,2030,94,4,0.0136649526066127
0,2030,94,15,0.01675583670841119
0,2030,94,17,0.07786431454371266
0,2030,94,54,0.041466382819907575
0,2030,94,55,0.03609916878095564
0,2030,94,57,0.8141493445404002
0,2030,95,4,0.06299348654417987
0,2030,95,8,0.11206636919149036
0,2030,95,17,0.08612904741322477
0,2030,95,36,0.06190417068905813
0,2030,95,41,0.10771238868272828
0,2030,95,46,0.04473317910755611
0,2030,95,57,0.5244613583717626
0,2030,96,6,0.07243724193963232
0,2030,96,8,0.5670282194651207
0,2030,96,16,0.02991009883021725
0,2030,96,23,0.02453426849252239
0,2030,96,27,0.023321634975841155
0,2030,96,41,0.09526797094923735
0,2030,96,46,0.1380896535285597
0,2030,96,47,0.0494109118188692
0,2030,97,8,0.7478253404378856
0,2030,97,27,0.08664922264919103
0,2030,97,34,0.015833136927265345
0,2030,97,36,0.018631303997869324
0,2030,97,41,0.10249599065150218
0,2030,97,46,0.02856500533628656
0,2030,98,8,0.7993146116450354
0,2030,98,27,0.06890500161932302
0,2030,98,34,0.03771502022647083
0,2030,98,36,0.017054421370990124
0,2030,98,41,0.012861405827190156
0,2030,98,46,0.06414953931099059
0,2030,99,4,0.02769899288704282
0,2030,99,8,0.5937008347443353
0,2030,99,27,0.07003563013335824
0,2030,99,41,0.1785302558135843
0,2030,99,46,0.1300342864216793
0,2030,100,4,0.06603652628350408
0,2030,100,5,0.020702702929316436
0,2030,100,8,0.7241105880974228
0,2030,100,27,0.06214592300059615
0,2030,100,36,0.02157198754151827
0,2030,100,41,0.10543227214764235
0,2030,101,6,0.09223954769296466
0,2030,101,8,0.8057720318028428
0,2030,101,27,0.07079887101437814
0,2030,101,46,0.031189549489814377
0,2030,102,8,0.5492371614862891
0,2030,102,36,0.015442449455989786
0,2030,102,41,0.16086940530583899
0,2030,102,46,0.27445098375188226
0,2030,103,46,1.0
0,2030,104,1,0.04114074773361891
0,2030,104,3,0.013898065579251197
0,2030,104,5,0.056735746915173
0,2030,104,22,0.08605854308988585
0,2030,104,27,0.020971835946499057
0,2030,104,46,0.7182560677125431
0,2030,104,60,0.06293899302302883
0,2030,105,5,0.050041242799210024
0,2030,105,14,0.03345693091378178
0,2030,105,22,0.026118287461742336
0,2030,105,24,0.02730909044553475
0,2030,105,36,0.015756687353036574
0,2030,105,42,0.06011929994450237
0,2030,105,45,0.05263972436771161
0,2030,105,46,0.7345587367144806
0,2030,106,5,0.025597753228621123
0,2030,106,13,0.014664306463283356
0,2030,106,22,0.010779476900093123
0,2030,106,24,0.018761740241655524
0,2030,106,33,0.01945685472709111
0,2030,106,46,0.9107398684392559
0,2030,107,2,0.10039657180154254
0,2030,107,5,0.03558785267641909
0,2030,107,17,0.09737551396794612
0,2030,107,36,0.0714974292024534
0,2030,107,42,0.17151016649882567
0,2030,107,45,0.09135134533390638
0,2030,107,54,0.0942568792642912
0,2030,107,59,0.33802424125461566
0,2030,108,2,0.7117815986352009
0,2030,108,6,0.15019684571168218
0,2030,108,16,0.016397192784803907
0,2030,108,21,0.033461898282115154
0,2030,108,23,0.020261722009835104
0,2030,108,41,0.024813873937075747
0,2030,108,57,0.04308686863928712
0,2030,109,2,0.1620696321448055
0,2030,109,7,0.014962165760608338
0,2030,109,17,0.010389556560293644
0,2030,109,29,0.028302445536725996
0,2030,109,32,0.017658090168748437
0,2030,109,37,0.6844029095423756
0,2030,109,42,0.02304661767089691
0,2030,109,52,0.03214811480550073
0,2030,109,57,0.027020467810044708
0,2030,110,15,0.07211245157370408
0,2030,110,17,0.10350707054017876
0,2030,110,23,0.6019158064149963
0,2030,110,32,0.05664082883093678
0,2030,110,54,0.16582384264018396
0,2030,111,8,0.11626770125057079
0,2030,111,14,0.06634963510126002
0,2030,111,17,0.17576619446475192
0,2030,111,21,0.020010293976616206
0,2030,111,35,0.03795126490916373
0,2030,111,36,0.029762747728200967
0,2030,111,37,0.39672862307284534
0,2030,111,42,0.060997549386385186
0,2030,111,44,0.05618721772860285
0,2030,111,54,0.039978772381603134
0,2030,112,2,0.16983646249824125
0,2030,112,8,0.627882822433323
0,2030,112,13,0.05766328254390288
0,2030,112,18,0.03374196999066589
0,2030,112,23,0.017507889424354425
0,2030,112,36,0.024129840785693975
0,2030,112,42,0.024012320488920557
0,2030,112,47,0.04522541183489804
0,2030,113,2,0.7597171270505898
0,2030,113,13,0.032419417979387445
0,2030,113,21,0.07478461109580231
0,2030,113,32,0.10291859022339978
0,2030,113,50,0.030160253650820663
0,2030,114,13,1.0
0,2030,115,13,1.0
0,2030,116,6,0.12276726127174067
0,2030,116,7,0.08534808252052727
0,2030,116,12,0.02369966068370167
0,2030,116,21,0.028700837613839063
0,2030,116,39,0.044245014272026074
0,2030,116,42,0.6952391436381653
0,2030,117,9,0.02005277783494411
0,2030,117,11,0.04795134686820369
0,2030,117,15,0.04546284191004458
0,2030,117,17,0.5068499438555167
0,2030,117,24,0.029680248600064567
0,2030,117,28,0.3119434964751446
0,2030,117,39,0.020401401528076957
0,2030,117,51,0.017657942928004773
0,2030,118,2,0.7218569680944265
0,2030,118,7,0.02235351886025606
0,2030,118,11,0.021863727165702517
0,2030,118,12,0.08778804484373538
0,2030,118,31,0.05300265720891098
0,2030,118,38,0.06999747617437699
0,2030,118,43,0.023137607652591596
0,2030,119,2,0.168995846627172
0,2030,119,13,0.04919494003360329
0,2030,119,17,0.062186788566767306
0,2030,119,29,0.09862890497564451
0,2030,119,32,0.03240708500437279
0,2030,119,48,0.5101765359661398
0,2030,119,54,0.07840989882630034
0,2030,120,2,0.8132608707600121
0,2030,120,4,0.040602977404464294
0,2030,120,17,0.035601782118870266
0,2030,120,24,0.03321735156249757
0,2030,120,45,0.06153635009085157
0,2030,120,54,0.015780668063304196
0,2030,121,2,1.0
0,2030,122,2,0.08597309783679435
0,2030,122,5,0.013131037019082236
0,2030,122,20,0.025376099514489187
0,2030,122,28,0.03719880891503271
0,2030,122,42,0.020323099991628485
0,2030,122,48,0.06677484138426072
0,2030,122,55,0.11513136364881843
0,2030,122,57,0.6360916516898939
0,2030,123,2,0.1725346136628081
0,2030,123,5,0.017521021312462977
0,2030,123,13,0.12878493812111386
0,2030,123,17,0.09053348677566367
0,2030,123,54,0.06501848456884751
0,2030,123,59,0.5256074555591039
0,2030,124,2,0.09207473120329714
0,2030,124,15,0.04837972239387294
0,2030,124,31,0.16430842334180193
0,2030,124,32,0.03779494139433804
0,2030,124,42,0.0412419993367039
0,2030,124,47,0.5248167263787306
0,2030,124,54,0.0913834559512554
0,2030,125,2,0.7747452278701782
0,2030,125,5,0.07437595032829948
0,2030,125,13,0.06262299902122992
0,2030,125,22,0.04989148779392043
0,2030,125,38,0.01268500587650583
0,2030,125,40,0.025679329109866006
0,2030,126,2,0.8776228037519465
0,2030,126,10,0.013160300332830078
0,2030,126,22,0.03653586892739641
0,2030,126,38,0.046497056828650914
0,2030,126,60,0.026183970159176225
0,2030,127,2,0.8157303478519413
0,2030,127,6,0.060682397252434093
0,2030,127,12,0.02555071654108016
0,2030,127,31,0.061922254758034874
0,2030,127,39,0.03611428359650956
0,2030,128,2,0.11079008441573569
0,2030,128,4,0.019489260683272207
0,2030,128,6,0.01655708160285243
0,2030,128,8,0.19244024578424776
0,2030,128,39,0.43032716763715007
0,2030,128,41,0.06308583815165252
0,2030,128,57,0.1673103217250893
0,2030,129,4,0.1301109030725238
0,2030,129,21,0.07508899396999794
0,2030,129,32,0.014163656743333189
0,2030,129,41,0.14747353750016415
0,2030,129,46,0.0409768439598671
0,2030,129,48,0.5921860647541138
0,2030,130,2,0.8056507727915668
0,2030,130,3,0.0247671821277007
0,2030,130,12,0.02127964178396619
0,2030,130,15,0.04115421692561832
0,2030,130,21,0.017336045229432457
0,2030,130,30,0.054647750317567086
0,2030,130,32,0.03516439082414848
0,2030,131,37,1.0
0,2030,132,5,1.0
0,2030,133,42,1.0
0,2030,134,2,0.1590707720983042
0,2030,134,17,0.21392160693330703
0,2030,134,32,0.19395501134690774
0,2030,134,41,0.013844834376528285
0,2030,134,42,0.0156289326772593
0,2030,134,48,0.31110251808496564
0,2030,134,54,0.018437962806393076
0,2030,134,57,0.07403836167633454
0,2030,135,49,1.0
0,2030,136,44,1.0
0,2030,137,4,0.02760254990446707
0,2030,137,6,0.035585659409358004
0,2030,137,8,0.018501737378938923
0,2030,137,14,0.024372506373204424
0,2030,137,20,0.039015123104542256
0,2030,137,31,0.05573416189230066
0,2030,137,41,0.03354489263262894
0,2030,137,46,0.7533810968118352
0,2030,137,57,0.012262272492724631
0,2030,138,5,0.030540586346904493
0,2030,138,12,0.07983220871486635
0,2030,138,13,0.13621036117454574
0,2030,138,17,0.04304511603731998
0,2030,138,42,0.01896189735249507
0,2030,138,44,0.4378075955383288
0,2030,138,45,0.1305638023853828
0,2030,138,54,0.12303843245015676
0,2030,139,2,0.21211421767094266
0,2030,139,5,0.11577346761565917
0,2030,139,13,0.04847468040244867
0,2030,139,17,0.16106495995737502
0,2030,139,47,0.028610686986091642
0,2030,139,54,0.0441973784234452
0,2030,139,59,0.3897646089440376
0,2030,140,23,1.0
0,2030,141,17,0.11624034713763598
0,2030,141,32,0.07626994914309743
0,2030,141,36,0.6507169511668552
0,2030,141,45,0.018119823513272668
0,2030,141,54,0.13865292903913867
0,2030,142,2,0.5728804676551379
0,2030,142,6,0.06093089884958243
0,2030,142,10,0.02846475931136888
0,2030,142,13,0.22312517837876028
0,2030,142,26,0.030420785863942573
0,2030,142,27,0.024502874237544738
0,2030,142,32,0.04195267285320151
0,2030,142,38,0.017722362850461658
0,2030,143,2,0.08120117632550142
0,2030,143,4,0.034926418137026356
0,2030,143,13,0.0876723945065012
0,2030,143,18,0.14139974789697998
0,2030,143,30,0.036834172467744425
0,2030,143,32,0.10042224191712046
0,2030,143,47,0.011199368606432236
0,2030,143,57,0.506344480142694
0,2030,144,2,0.013273773187744706
0,2030,144,4,0.06792864770440066
0,2030,144,7,0.013300462893095335
0,2030,144,14,0.024677646022935647
0,2030,144,15,0.041216493460401016
0,2030,144,31,0.07582746588267669
0,2030,144,47,0.6084883482007162
0,2030,144,48,0.0191871857936343
0,2030,144,53,0.03419866348904264
0,2030,144,54,0.10190131336535285
0,2030,145,2,0.09978928893760203
0,2030,145,13,0.13264298325773738
0,2030,145,17,0.029900326032707713
0,2030,145,30,0.011122643336645106
0,2030,145,32,0.04866640108392294
0,2030,145,37,0.021939929691307033
0,2030,145,40,0.022186654853294272
0,2030,145,54,0.09963984093411457
0,2030,145,57,0.5341119318726689
0,2030,146,5,0.055863654328036104
0,2030,146,8,0.8961620118021899
0,2030,146,27,0.03132793776650085
0,2030,146,37,0.01664639610327312
0,2030,147,8,0.8876325705988495
0,2030,147,23,0.027558982523567695
0,2030,147,27,0.05519858679524664
0,2030,147,34,0.019018208257708027
0,2030,147,46,0.01059165182462823
0,2030,148,4,0.15595590210271584
0,2030,148,21,0.12211801476895552
0,2030,148,32,0.07754695480271799
0,2030,148,36,0.554698215859253
0,2030,148,37,0.01733344975813758
0,2030,148,41,0.026753038388338243
0,2030,148,46,0.021845814194245812
0,2030,148,54,0.02374861012563605
0,2030,149,2,0.05156061785412837
0,2030,149,15,0.03513012776026096
0,2030,149,31,0.027729299278823
0,2030,149,32,0.16684048785705205
0,2030,149,42,0.013773584939879912
0,2030,149,47,0.5593468361813181
0,2030,149,54,0.14561904612853768
0,2030,150,4,0.04298689221754826
0,2030,150,5,0.012366875313153747
0,2030,150,13,0.013905382913231415
0,2030,150,16,0.05682196618267957
0,2030,150,19,0.02810425538131646
0,2030,150,21,0.04257703744492832
0,2030,150,27,0.0195571190835763
0,2030,150,32,0.04092876450691867
0,2030,150,33,0.024803193207725054
0,2030,150,37,0.08392725828319629
0,2030,150,42,0.5960129709531541
0,2030,150,47,0.015012036888990275
0,2030,150,50,0.0229962476235815
0,2030,151,8,0.04223682650081381
0,2030,151,13,0.6946346427640808
0,2030,151,27,0.022804083241905602
0,2030,151,34,0.021225316861691965
0,2030,151,35,0.01924778324076829
0,2030,151,36,0.04331115322474782
0,2030,151,41,0.08791689366102073
0,2030,151,46,0.06862330050497087
0,2030,152,4,0.019143828043837012
0,2030,152,6,0.05807768592265388
0,2030,152,7,0.011715710691353668
0,2030,152,16,0.04178417236369645
0,2030,152,19,0.04656002698253929
0,2030,152,21,0.011850413705882875
0,2030,152,32,0.08491867869444801
0,2030,152,42,0.7147258832813213
0,2030,152,50,0.011223600314267664
0,2030,153,8,0.02832420577036058
0,2030,153,14,0.05306118270566699
0,2030,153,17,0.02656947686623662
0,2030,153,35,0.011999029130701774
0,2030,153,36,0.13479350347834526
0,2030,153,41,0.10163631527760032
0,2030,153,42,0.021448724244598243
0,2030,153,44,0.023465774176476276
0,2030,153,47,0.5008395009153953
0,2030,153,53,0.07562811748318772
0,2030,153,60,0.022234169951430897
0,2030,154,2,0.08015795545118473
0,2030,154,4,0.03841478813777027
0,2030,154,16,0.022331395329539906
0,2030,154,20,0.028407174820302854
0,2030,154,29,0.11909897597522322
0,2030,154,36,0.03751391637000096
0,2030,154,42,0.6053575456430167
0,2030,154,47,0.03779337098406575
0,2030,154,52,0.01859786924143638
0,2030,154,57,0.012327008047459192
0,2030,155,6,0.12813067742300074
0,2030,155,7,0.050369274364441156
0,2030,155,21,0.020435650967223485
0,2030,155,23,0.563687949226511
0,2030,155,26,0.022232740811327548
0,2030,155,32,0.15354516889165637
0,2030,155,57,0.013056434177653379
0,2030,155,59,0.048542104138186305
0,2030,156,7,0.0155050072323175
0,2030,156,43,0.01846420265691566
0,2030,156,46,0.9660307901107669
0,2030,157,1,0.033999533237930986
0,2030,157,4,0.01541214593220055
0,2030,157,14,0.0415416224211929
0,2030,157,41,0.061577229854969384
0,2030,157,46,0.7327849594986054
0,2030,157,53,0.11468450905510069
0,2030,158,8,0.6045314597231385
0,2030,158,27,0.16815123184408132
0,2030,158,41,0.22731730843278025
0,2030,159,8,0.6982508068187337
0,2030,159,16,0.027169743860783916
0,2030,159,27,0.08638528933875357
0,2030,159,34,0.054023950708552815
0,2030,159,41,0.0729836150348581
0,2030,159,46,0.06118659423831803
0,2030,160,8,0.06335174735678788
0,2030,160,28,0.026889183278507447
0,2030,160,35,0.10643877149777056
0,2030,160,36,0.02498379211136673
0,2030,160,46,0.6941935165889023
0,2030,160,48,0.04376085084790376
0,2030,160,53,0.04038213831876123
0,2030,161,12,0.09712833840560244
0,2030,161,26,0.014745238590734348
0,2030,161,36,0.714831031973357
0,2030,161,38,0.0719784848413493
0,2030,161,42,0.02867768182108621
0,2030,161,44,0.01995967019593416
0,2030,161,57,0.016410519326230496
0,2030,161,60,0.036269034845706025
0,2030,162,2,0.014402101936931606
0,2030,162,5,0.016911024353221126
0,2030,162,17,0.024530967728804254
0,2030,162,21,0.08731419945250798
0,2030,162,23,0.09477354362533719
0,2030,162,35,0.023075845721899666
0,2030,162,36,0.0397347472170025
0,2030,162,42,0.04699849078058097
0,2030,162,44,0.013215485453586343
0,2030,162,57,0.04777972811957975
0,2030,162,59,0.5912638656105487
0,2030,163,4,0.02169410466654029
0,2030,163,6,0.020205653325907603
0,2030,163,7,0.022776458985994084
0,2030,163,12,0.03514406301481314
0,2030,163,14,0.06253544602055298
0,2030,163,15,0.019036292642011118
0,2030,163,31,0.055493902203138386
0,2030,163,41,0.037204852313118514
0,2030,163,47,0.6178145123412035
0,2030,163,53,0.06426401745642624
0,2030,163,54,0.04383069703029412
0,2030,164,3,0.037507489173653395
0,2030,164,4,0.06317352995013265
0,2030,164,8,0.0170331897200369
0,2030,164,17,0.1168488429327848
0,2030,164,36,0.015273653489500246
0,2030,164,37,0.019515127840766647
0,2030,164,41,0.13712058547220923
0,2030,164,46,0.07826191029322666
0,2030,164,57,0.5152656711276894
0,2030,165,6,0.1721458607412004
0,2030,165,8,0.5731138104464243
0,2030,165,23,0.02581780021818854
0,2030,165,27,0.06141365688085184
0,2030,165,32,0.04077392867864884
0,2030,165,34,0.050801891704484924
0,2030,165,41,0.01011397785021535
0,2030,165,46,0.022342448447612184
0,2030,165,47,0.016987960915500835
0,2030,165,50,0.026488664116872864
0,2030,166,8,0.5277342392213801
0,2030,166,16,0.015660121475991447
0,2030,166,27,0.12837058982154068
0,2030,166,34,0.06529901196673088
0,2030,166,41,0.2377559884048825
0,2030,166,46,0.025180049109474564
0,2030,167,8,0.14139263680450057
0,2030,167,35,0.018604124957106626
0,2030,167,36,0.6668887376864545
0,2030,167,39,0.060633896175138605
0,2030,167,41,0.11248060437679966
0,2030,168,1,0.02823346507730866
0,2030,168,2,0.9343066007560145
0,2030,168,16,0.018066129347306153
0,2030,168,35,0.019393804819370777
0,2030,169,2,0.6140606208330417
0,2030,169,4,0.01669882194629055
0,2030,169,7,0.09268523938457018
0,2030,169,15,0.02370625211230862
0,2030,169,32,0.25284906572378896
0,2030,170,2,0.26247890420852976
0,2030,170,32,0.5244200229151692
0,2030,170,47,0.033748898354034496
0,2030,170,52,0.04642880835882347
0,2030,170,55,0.10423321758024216
0,2030,170,57,0.02869014858320085
0,2030,171,2,0.7397668714860662
0,2030,171,4,0.02938466282188865
0,2030,171,6,0.0345394333807635
0,2030,171,7,0.04487022757135904
0,2030,171,10,0.035080464790201715
0,2030,171,15,0.04556990084253574
0,2030,171,31,0.011302021370719312
0,2030,171,32,0.05948641773646581
0,2030,172,6,0.6410759952899608
0,2030,172,8,0.14181694840289
0,2030,172,20,0.04884629420019733
0,2030,172,23,0.0526952046851675
0,2030,172,35,0.05899861111603735
0,2030,172,39,0.056566946305747046
0,2030,173,1,0.01606829661943063
0,2030,173,11,0.010651392809674911
0,2030,173,34,0.0242246203059903
0,2030,173,41,0.9366359563727029
0,2030,173,47,0.01241973389220118
0,2030,174,4,0.07425422040383994
0,2030,174,6,0.016838391791707215
0,2030,174,8,0.040365361756841904
0,2030,174,35,0.06969479951390156
0,2030,174,41,0.10152925065689307
0,2030,174,46,0.6973179758768163
0,2030,175,1,0.014000366101619229
0,2030,175,8,0.020705515082311502
0,2030,175,35,0.04494809015725546
0,2030,175,36,0.02294831644018458
0,2030,175,46,0.8761096565389271
0,2030,175,48,0.021288055679702083
0,2030,176,1,0.021550813550002497
0,2030,176,3,0.08736122627583558
0,2030,176,4,0.023423216369530746
0,2030,176,8,0.6547629970639165
0,2030,176,27,0.1353944673993348
0,2030,176,41,0.04476633383058224
0,2030,176,60,0.032740945510797814
0,2030,177,4,0.09664072954857354
0,2030,177,8,0.7495525322222917
0,2030,177,24,0.03484021449572515
0,2030,177,27,0.024013349501949693
0,2030,177,28,0.03156588055572595
0,2030,177,41,0.04758422114972468
0,2030,177,53,0.015803072526009262
0,2030,178,2,0.036042196835649014
0,2030,178,20,0.0931312345208835
0,2030,178,40,0.046550030318246526
0,2030,178,47,0.07868476182373386
0,2030,178,54,0.6943879149896822
0,2030,178,57,0.05120386151180479
0,2030,179,2,0.5857123270667238
0,2030,179,7,0.08986773700635055
0,2030,179,10,0.03397664695936593
0,2030,179,15,0.057816856009985304
0,2030,179,31,0.012819734010374999
0,2030,179,32,0.21980669894719937
0,2030,180,2,0.7811761015881754
0,2030,180,7,0.07160252866478198
0,2030,180,15,0.06151385392721583
0,2030,180,32,0.08570751581982666
0,2030,181,2,0.8248652650717258
0,2030,181,7,0.03046348929137136
0,2030,181,15,0.0101483068283209
0,2030,181,21,0.06929397434159111
0,2030,181,32,0.0652289644669909
0,2030,182,1,0.03112990801516869
0,2030,182,2,0.9437913404882577
0,2030,182,11,0.014217148418283003
0,2030,182,58,0.010861603078290512
0,2030,183,2,0.052019659640591596
0,2030,183,4,0.07117561751960867
0,2030,183,6,0.11786415229996175
0,2030,183,7,0.02043593243453198
0,2030,183,32,0.06741074972850884
0,2030,183,40,0.6200849444673618
0,2030,183,57,0.051008943909435375
0,2030,184,4,0.07570748539863265
0,2030,184,21,0.012746371932565953
0,2030,184,36,0.023409483257830623
0,2030,184,40,0.6303687039944113
0,2030,184,41,0.09317349813473835
0,2030,184,44,0.04030058955512257
0,2030,184,45,0.0364374037792133
0,2030,184,51,0.022257937396908466
0,2030,184,53,0.03590190784709883
0,2030,184,54,0.02969661870347802
0,2030,185,2,0.7505669556152984
0,2030,185,3,0.027524224596504044
0,2030,185,6,0.061384168316073684
0,2030,185,21,0.025732848264534897
0,2030,185,26,0.012568692454199991
0,2030,185,27,0.08494095618012855
0,2030,185,32,0.026851523784799172
0,2030,185,38,0.010430630788461149
0,2030,186,4,0.0813015761678742
0,2030,186,6,0.05278975082110751
0,2030,186,7,0.062147408524507085
0,2030,186,8,0.01350060324912565
0,2030,186,20,0.01146223240493363
0,2030,186,23,0.6051163553176973
0,2030,186,31,0.019880408773579883
0,2030,186,32,0.011992928841751255
0,2030,186,41,0.06243487876157076
0,2030,186,54,0.06365525832980742
0,2030,186,57,0.01571859880804532
0,2030,187,8,0.2114015119088585
0,2030,187,20,0.01417080875805292
0,2030,187,35,0.01908752525004034
0,2030,187,41,0.7025833811518719
0,2030,187,57,0.05275677293117634
0,2030,188,4,0.127482042746784
0,2030,188,8,0.6613076939375329
0,2030,188,27,0.031173351907093878
0,2030,188,32,0.03524875049704588
0,2030,188,41,0.14478816091154334
0,2030,189,3,0.03042115339219362
0,2030,189,6,0.01151461958582343
0,2030,189,11,0.050763329582630363
0,2030,189,17,0.7658007901143157
0,2030,189,18,0.014418316931501977
0,2030,189,25,0.02150105562090355
0,2030,189,27,0.028214526213775796
0,2030,189,39,0.018624278295157858
0,2030,189,58,0.05874193026369767
0,2030,190,2,0.057341953654251994
0,2030,190,14,0.02372119965395772
0,2030,190,20,0.019288054957843345
0,2030,190,31,0.02415050799325537
0,2030,190,32,0.6621616276487695
0,2030,190,42,0.08313177718346028
0,2030,190,48,0.011830733386802308
0,2030,190,49,0.056080361535582865
0,2030,190,55,0.02074822772440786
0,2030,190,57,0.030826483259531547
0,2030,190,58,0.010719073002137302
0,2030,191,2,0.16859479884781708
0,2030,191,4,0.18070652222795017
0,2030,191,6,0.10410386859902811
0,2030,191,8,0.06397626490261861
0,2030,191,20,0.04415052888855054
0,2030,191,55,0.06523273976198077
0,2030,191,57,0.08683996362756607
0,2030,191,59,0.2863953131444885
0,2030,192,5,0.05438303254455849
0,2030,192,23,0.016801604315597213
0,2030,192,37,0.023771282943387866
0,2030,192,54,0.9050440801964564
0,2030,193,4,0.20314844929106843
0,2030,193,6,0.027247323559159726
0,2030,193,18,0.05554501007648842
0,2030,193,21,0.02595235185442276
0,2030,193,32,0.025918991068596617
0,2030,193,39,0.08178100791688095
0,2030,193,57,0.5804068662333831
0,2030,194,4,0.0550904853058723
0,2030,194,6,0.15398259202231399
0,2030,194,8,0.014436502618656075
0,2030,194,20,0.05359996172500457
0,2030,194,39,0.03672954321624689
0,2030,194,41,0.02689752472377098
0,2030,194,46,0.6055507824446427
0,2030,194,57,0.053712607943492446
0,2030,195,4,0.04644736245654024
0,2030,195,6,0.024446797728017198
0,2030,195,8,0.1078735619902388
0,2030,195,14,0.0947270226802721
0,2030,195,20,0.03434816420653649
0,2030,195,31,0.010166570512750843
0,2030,195,41,0.10572737366321391
0,2030,195,46,0.5447391996635976
0,2030,195,48,0.03152394709883275
0,2030,196,5,0.034161119590894753
0,2030,196,17,0.04494815190727986
0,2030,196,32,0.059185113609194935
0,2030,196,36,0.615530200898413
0,2030,196,45,0.10086105603396649
0,2030,196,54,0.14531435796025088
0,2030,197,2,0.26571968151325526
0,2030,197,32,0.6569919175108068
0,2030,197,57,0.07728840097593807
0,2030,198,2,0.2930142062666935
0,2030,198,32,0.6820653973507473
0,2030,198,52,0.024920396382559135
0,2030,199,6,1.0
0,2030,200,3,0.017657260967357636
0,2030,200,4,0.9451983556821525
0,2030,200,27,0.0210988504150461
0,2030,200,60,0.01604553293544371
0,2030,201,32,1.0
0,2030,202,2,0.06397776794956603
0,2030,202,12,0.05264574666003368
0,2030,202,23,0.04486574915451121
0,2030,202,32,0.5713130418332014
0,2030,202,38,0.03154315924729593
0,2030,202,42,0.10909251107158384
0,2030,202,47,0.021294467523817178
0,2030,202,57,0.10526755655999061
0,2030,203,4,0.07623632732002525
0,2030,203,8,0.011718302997340887
0,2030,203,28,0.013986438184193643
0,2030,203,41,0.09803148554970867
0,2030,203,46,0.748821034000408
0,2030,203,53,0.05120641194832363
0,2030,204,41,1.0
0,2030,205,4,1.0
0,2030,206,21,1.0
0,2030,207,2,0.046523771511719145
0,2030,207,4,0.6425271803396607
0,2030,207,5,0.053694673968695705
0,2030,207,13,0.024988230743762548
0,2030,207,17,0.03333380865123428
0,2030,207,19,0.011930419640325478
0,2030,207,29,0.03150559184622136
0,2030,207,36,0.01355431070000218
0,2030,207,37,0.011869007667786813
0,2030,207,40,0.01090632568797967
0,2030,207,42,0.048040322820070334
0,2030,207,47,0.03765193743354472
0,2030,207,48,0.013152424046718191
0,2030,207,56,0.020321994942278876
0,2030,208,2,0.026539665610931962
0,2030,208,17,0.1428840504684468
0,2030,208,29,0.06134134390872046
0,2030,208,32,0.704791515085496
0,2030,208,48,0.012448459934705289
0,2030,208,54,0.05199496499169948
0,2030,209,2,0.7201880692534625
0,2030,209,4,0.13334726962652863
0,2030,209,24,0.023151585232769157
0,2030,209,32,0.030195536846337048
0,2030,209,41,0.09311753904090267
0,2030,210,2,0.7305244450477756
0,2030,210,6,0.06101654662311452
0,2030,210,19,0.03124644526206709
0,2030,210,21,0.03575509725960737
0,2030,210,32,0.12709583781431744
0,2030,210,40,0.014361627993117904
0,2030,211,14,0.04487150609709518
0,2030,211,23,0.017088293180342797
0,2030,211,32,0.795769765571094
0,2030,211,38,0.027059383731235176
0,2030,211,42,0.04264642132751351
0,2030,211,43,0.026812383966961728
0,2030,211,57,0.023077642308827317
0,2030,211,58,0.022674603816930355
0,2030,212,8,0.10477637325030316
0,2030,212,23,0.02901182023613679
0,2030,212,32,0.7390864007222472
0,2030,212,35,0.0639068217337707
0,2030,212,36,0.020408556377076052
0,2030,212,39,0.020194425156787463
0,2030,212,41,0.022615602523678613
0,2030,213,4,0.5594758596458211
0,2030,213,6,0.15770214910932995
0,2030,213,13,0.065397651313429
0,2030,213,18,0.027925043223734375
0,2030,213,32,0.019552827313565755
0,2030,213,40,0.05148095297253272
0,2030,213,43,0.018400943199187097
0,2030,213,47,0.04787148461954315
0,2030,213,57,0.052193088602856756
0,2030,214,6,0.011660779128192302
0,2030,214,14,0.056264565209933046
0,2030,214,32,0.777971071347514
0,2030,214,42,0.020307263919191725
0,2030,214,43,0.06474875493497396
0,2030,214,57,0.06904756546019507
0,2030,215,2,0.050990032834586085
0,2030,215,6,0.671007400101049
0,2030,215,17,0.0864373843406576
0,2030,215,29,0.10026209089551821
0,2030,215,48,0.04816330278526258
0,2030,215,54,0.04313978904292667
0,2030,216,2,0.1870874483639013
0,2030,216,4,0.047011430059532636
0,2030,216,6,0.0613228702761993
0,2030,216,21,0.02077201219892145
0,2030,216,32,0.04851944903679347
0,2030,216,36,0.029070168694171856
0,2030,216,42,0.013538734051801908
0,2030,216,47,0.015566099318435528
0,2030,216,57,0.11310578497140013
0,2030,216,59,0.4640060030288424
0,2030,217,4,0.09334382849300014
0,2030,217,5,0.01971014136823675
0,2030,217,6,0.032257068385397644
0,2030,217,21,0.08474360072737275
0,2030,217,27,0.016342734473940725
0,2030,217,32,0.07586941486647232
0,2030,217,37,0.012123886696063903
0,2030,217,41,0.027778410311581687
0,2030,217,47,0.021256202576408936
0,2030,217,48,0.6165747121015251
0,2030,218,2,0.27286414569718487
0,2030,218,29,0.011795975088658595
0,2030,218,32,0.5629120505547405
0,2030,218,40,0.04214525359531223
0,2030,218,42,0.018549464152201243
0,2030,218,47,0.023265903662910047
0,2030,218,52,0.06846720724899258
0,2030,219,2,0.1783748098619597
0,2030,219,29,0.017237558188199064
0,2030,219,32,0.4666863309630084
0,2030,219,40,0.030251922455045134
0,2030,219,42,0.0890857037286541
0,2030,219,47,0.15099641340898284
0,2030,219,52,0.02282546068185337
0,2030,219,57,0.044541800712297464
0,2030,220,6,0.6000096973701574
0,2030,220,8,0.10051003243762527
0,2030,220,20,0.011777180746753732
0,2030,220,23,0.11885408287315961
0,2030,220,34,0.04588231571051026
0,2030,220,36,0.04387056316741299
0,2030,220,42,0.010782036498554958
0,2030,220,50,0.013205361175188812
0,2030,220,57,0.0270109121530444
0,2030,220,60,0.028097817867592457
0,2030,221,1,0.01475373424140966
0,2030,221,41,0.9852462657585903
0,2030,222,54,1.0
0,2030,223,2,0.6904560319043681
0,2030,223,4,0.1408190171177719
0,2030,223,6,0.043508145142758636
0,2030,223,7,0.0179412796210234
0,2030,223,16,0.045934816599397306
0,2030,223,32,0.061340709614680654
0,2030,224,2,0.6592184602041298
0,2030,224,6,0.15580773606419354
0,2030,224,13,0.026606123128462583
0,2030,224,32,0.11913213516648709
0,2030,224,40,0.012014755346197687
0,2030,224,50,0.027220790090529426
0,2030,225,1,0.07947366128715938
0,2030,225,3,0.0184100038391969
0,2030,225,6,0.813854275372315
0,2030,225,27,0.02498257543867616
0,2030,225,34,0.06327948406265245
0,2030,226,1,0.04559626157413447
0,2030,226,4,0.17054949317201026
0,2030,226,27,0.2317773596702478
0,2030,226,41,0.28581849252058766
0,2030,226,46,0.24354398827177298
0,2030,226,50,0.022714404791246832
0,2030,227,1,0.04382949798266541
0,2030,227,8,0.11670258190780444
0,2030,227,14,0.02200746086903311
0,2030,227,22,0.014780911334263956
0,2030,227,23,0.035020912636562276
0,2030,227,34,0.07156657666060266
0,2030,227,36,0.06669897319920033
0,2030,227,41,0.5305304364279316
0,2030,227,60,0.09886264898193611
0,2030,228,4,0.8849638973964821
0,2030,228,9,0.022831637706852693
0,2030,228,17,0.029846185258249818
0,2030,228,29,0.028983304110152028
0,2030,228,35,0.0333749755282634
0,2030,229,29,0.029447355651570445
0,2030,229,32,0.8288644764805378
0,2030,229,40,0.017440270952767845
0,2030,229,47,0.02389532582622503
0,2030,229,52,0.10035257108889886
0,2030,230,1,0.034798277482163055
0,2030,230,2,0.6958063024918292
0,2030,230,6,0.06543651191779025
0,2030,230,7,0.039793524211295506
0,2030,230,10,0.024920261285828593
0,2030,230,13,0.02065568306971272
0,2030,230,32,0.09982161092076147
0,2030,230,52,0.018767828620619178
0,2030,231,1,0.03551844609614098
0,2030,231,2,0.8256440047363396
0,2030,231,6,0.03260206967745649
0,2030,231,7,0.03993147468110118
0,2030,231,16,0.013267414245266614
0,2030,231,32,0.04040865617797454
0,2030,231,43,0.012627934385720702
0,2030,232,2,0.012980438153120288
0,2030,232,13,0.016233296164215764
0,2030,232,15,0.1223776443159437
0,2030,232,30,0.05500581668785288
0,2030,232,32,0.20958751575436088
0,2030,232,40,0.034396605360084175
0,2030,232,54,0.0386835904122557
0,2030,232,57,0.5107350931521666
0,2030,233,4,0.06746800554602254
0,2030,233,6,0.05361495106747605
0,2030,233,7,0.014941629382589808
0,2030,233,8,0.02603760445818381
0,2030,233,17,0.03937576733882451
0,2030,233,20,0.0991656428597342
0,2030,233,32,0.022111096356973177
0,2030,233,35,0.019603711838359586
0,2030,233,39,0.014138153908570459
0,2030,233,41,0.12697963759493772
0,2030,233,43,0.020746988496646867
0,2030,233,49,0.4697196267829199
0,2030,233,54,0.026097184368761354
0,2030,234,6,0.06214052474378998
0,2030,234,8,0.6847059568832514
0,2030,234,10,0.021765879620155942
0,2030,234,13,0.057612812827917026
0,2030,234,15,0.020966214126325905
0,2030,234,30,0.013614101837369464
0,2030,234,32,0.13919450996119034
0,2030,235,4,0.04257714348471486
0,2030,235,6,0.03735955448568465
0,2030,235,7,0.02992959917379659
0,2030,235,8,0.5613865539896856
0,2030,235,13,0.03506070925369053
0,2030,235,15,0.050996086466865376
0,2030,235,32,0.19863778227109458
0,2030,235,52,0.015330213881096308
0,2030,235,54,0.02872235699337144
0,2030,236,4,0.08146409256670929
0,2030,236,6,0.06065845980052734
0,2030,236,7,0.04567056418535825
0,2030,236,12,0.0402421200568959
0,2030,236,15,0.023701373913163393
0,2030,236,32,0.012692719185825785
0,2030,236,41,0.10012247660311517
0,2030,236,47,0.5318396054595443
0,2030,236,51,0.02474053333755758
0,2030,236,53,0.04990200961453488
0,2030,236,54,0.02896604527676821
0,2030,237,5,0.029546742398757448
0,2030,237,6,0.04471231867376783
0,2030,237,13,0.032064159514567925
0,2030,237,19,0.034776476825941684
0,2030,237,21,0.038960675706426785
0,2030,237,23,0.06381613048988684
0,2030,237,42,0.08611622005717812
0,2030,237,57,0.06689036964309916
0,2030,237,59,0.6031169066903742
0,2030,238,10,0.01191761648205888
0,2030,238,13,0.011704067580668965
0,2030,238,15,0.019625357862780763
0,2030,238,18,0.010864128637663426
0,2030,238,19,0.02811809776416781
0,2030,238,23,0.7556242335822082
0,2030,238,30,0.045871534497183925
0,2030,238,32,0.05846176840957143
0,2030,238,33,0.021311732456328846
0,2030,238,54,0.036501462727367796
0,2030,239,1,0.09698220092550863
0,2030,239,4,0.09234152787512953
0,2030,239,6,0.17320077223755262
0,2030,239,7,0.03102619191091881
0,2030,239,23,0.2468760444823538
0,2030,239,26,0.07153956957162415
0,2030,239,32,0.05427994332619761
0,2030,239,41,0.20345846082077035
0,2030,239,43,0.030295288849944542
0,2030,240,1,0.14480803598537487
0,2030,240,4,0.06472322765056994
0,2030,240,6,0.013624687145574193
0,2030,240,7,0.02755240027165917
0,2030,240,41,0.05462078092746309
0,2030,240,46,0.6946708680193587
0,2030,241,1,0.062342599295347745
0,2030,241,14,0.02782826331551688
0,2030,241,35,0.2279098044208965
0,2030,241,36,0.03270715659633116
0,2030,241,41,0.2544404809362949
0,2030,241,46,0.37644131592885915
0,2030,241,53,0.018330379506753543
0,2030,242,1,0.07115388650348305
0,2030,242,8,0.0669168485705064
0,2030,242,16,0.026514737431565266
0,2030,242,23,0.025705710965882235
0,2030,242,34,0.1071420835531414
0,2030,242,35,0.05938983513253552
0,2030,242,41,0.6431768978428861
0,2030,243,1,0.11684401228822114
0,2030,243,8,0.464627097093306
0,2030,243,16,0.08350780595778794
0,2030,243,34,0.034253437938772426
0,2030,243,41,0.3007676467219125
0,2030,244,1,0.07904656918815077
0,2030,244,8,0.6658294219361827
0,2030,244,16,0.05697413014383017
0,2030,244,34,0.06473072368801251
0,2030,244,35,0.010223317893288387
0,2030,244,41,0.12319583715053568
0,2030,245,1,0.04848550964809787
0,2030,245,4,0.020086251681946627
0,2030,245,8,0.7683849467013845
0,2030,245,9,0.07509590922210345
0,2030,245,16,0.027663161845104842
0,2030,245,19,0.011298441285659233
0,2030,245,56,0.04898577961570338
0,2030,246,2,0.09934859520206903
0,2030,246,13,0.2500753067193966
0,2030,246,21,0.019520094147080013
0,2030,246,32,0.12465802884978455
0,2030,246,59,0.5063979750816698
0,2030,247,2,0.7330373868474834
0,2030,247,10,0.04462418343176454
0,2030,247,13,0.05886429087366342
0,2030,247,15,0.014820953135794747
0,2030,247,30,0.012658399458643109
0,2030,247,32,0.039314229407073
0,2030,247,33,0.0540193275668306
0,2030,247,38,0.014376058036520882
0,2030,247,40,0.02828517124222631
0,2030,248,8,0.019653810798824365
0,2030,248,20,0.026967583287068435
0,2030,248,21,0.014538223251012618
0,2030,248,28,0.07290023272155671
0,2030,248,39,0.0845171333254562
0,2030,248,41,0.02795000654053903
0,2030,248,47,0.520932826825267
0,2030,248,50,0.03800959987774436
0,2030,248,51,0.05803219190196622
0,2030,248,53,0.11559228123836827
0,2030,248,55,0.020906110232196864
0,2030,249,3,0.6846100811086259
0,2030,249,16,0.10719511078791179
0,2030,249,21,0.0885550165669667
0,2030,249,27,0.01453940883800787
0,2030,249,34,0.033765657864467585
0,2030,249,35,0.024367260133770715
0,2030,249,37,0.012501704324443539
0,2030,249,46,0.03446576037580592
0,2030,250,27,1.0
0,2030,251,5,0.036953119052281214
0,2030,251,10,0.0683348100815438
0,2030,251,14,0.15551694635826818
0,2030,251,36,0.15814228015759632
0,2030,251,42,0.03391617504414576
0,2030,251,44,0.2729208065534279
0,2030,251,45,0.24162376370678873
0,2030,251,53,0.03259209904594807
0,2030,252,5,0.01119627009675427
0,2030,252,8,0.6519487658235585
0,2030,252,23,0.049745714313581504
0,2030,252,34,0.08805193717645628
0,2030,252,37,0.036314953156488805
0,2030,252,46,0.0357607414372439
0,2030,252,47,0.11425049907756786
0,2030,252,58,0.012731118918348825
0,2030,253,18,1.0
0,2030,254,1,0.03492920014202153
0,2030,254,2,0.9540924439561267
0,2030,254,34,0.010978355901851757
0,2030,255,6,0.015846176183948766
0,2030,255,7,0.019528376503731387
0,2030,255,12,0.02239561182702222
0,2030,255,15,0.05269846220203942
0,2030,255,20,0.018802670161917945
0,2030,255,31,0.03955951715472485
0,2030,255,47,0.796338625730019
0,2030,255,54,0.034830560236596336
0,2030,256,10,0.01759505709713663
0,2030,256,12,0.10847675491004402
0,2030,256,17,0.042788006989412784
0,2030,256,19,0.06226561464828852
0,2030,256,29,0.021950938325777714
0,2030,256,31,0.013419585881857094
0,2030,256,42,0.076362305684316
0,2030,256,44,0.011901094740156949
0,2030,256,49,0.6452406417230104
0,2030,257,6,0.04202805371999174
0,2030,257,12,0.03220447932149232
0,2030,257,14,0.014035648128554783
0,2030,257,19,0.032282699061064596
0,2030,257,41,0.13801559747015832
0,2030,257,44,0.14826330979115945
0,2030,257,46,0.05309279297185329
0,2030,257,48,0.5012247098116734
0,2030,257,54,0.03885270972405195
0,2030,258,3,0.01083157508808805
0,2030,258,8,0.03650277351338855
0,2030,258,17,0.6486503996459675
0,2030,258,18,0.08643640093733865
0,2030,258,22,0.019518917295401707
0,2030,258,23,0.03237531667957421
0,2030,258,36,0.013092574019257883
0,2030,258,39,0.028202868833837973
0,2030,258,46,0.06577166762954262
0,2030,258,47,0.011171142879657944
0,2030,258,49,0.03248885438141215
0,2030,258,58,0.014957509096532682
0,2030,259,9,0.021430880820807113
0,2030,259,16,0.018213055559829803
0,2030,259,23,0.13952920531161797
0,2030,259,36,0.05649161627215486
0,2030,259,37,0.05436818879109698
0,2030,259,46,0.06180375868193716
0,2030,259,47,0.06083847169336792
0,2030,259,48,0.5604214226951999
0,2030,259,56,0.026903400173988266
0,2030,260,2,0.72079654112505
0,2030,260,3,0.03177337146463162
0,2030,260,4,0.022348497508809198
0,2030,260,8,0.0380806739611343
0,2030,260,28,0.03210493903774259
0,2030,260,39,0.0368466559190975
0,2030,260,41,0.05266637886388017
0,2030,260,51,0.04345292276288005
0,2030,260,53,0.02193001935677455
0,2030,261,8,0.11598647089023097
0,2030,261,20,0.031057194966013325
0,2030,261,21,0.011607479868818115
0,2030,261,23,0.09114837805544743
0,2030,261,39,0.08390083832449623
0,2030,261,59,0.6662996378949939
0,2030,262,5,0.034694753225598195
0,2030,262,18,0.04943630622700187
0,2030,262,25,0.0315425438602636
0,2030,262,28,0.13160692646020292
0,2030,262,45,0.07727636991914505
0,2030,262,46,0.5274201113925961
0,2030,262,49,0.05842944749708357
0,2030,262,51,0.06525891173191985
0,2030,262,53,0.024334629686188713
0,2030,263,5,0.09695791875270383
0,2030,263,13,0.03873126536751124
0,2030,263,25,0.012896267987328642
0,2030,263,38,0.05277988340221257
0,2030,263,42,0.03588397746168298
0,2030,263,49,0.04133634239491497
0,2030,263,58,0.04963021310636715
0,2030,263,59,0.6717841315272786
0,2030,264,6,0.18349995376983838
0,2030,264,23,0.07717092133437216
0,2030,264,27,0.01408490478598089
0,2030,264,39,0.028339830230562812
0,2030,264,41,0.12385629825047567
0,2030,264,46,0.04278244061907439
0,2030,264,48,0.5044291600759718
0,2030,264,49,0.025836490933723814
0,2030,265,5,0.022487818069725735
0,2030,265,8,0.8103544470374358
0,2030,265,13,0.06604938935818049
0,2030,265,38,0.02847416942348151
0,2030,265,40,0.04948448278242483
0,2030,265,42,0.02314969332875168
0,2030,266,5,0.09939126487113299
0,2030,266,13,0.049067601795976086
0,2030,266,27,0.029708275883994693
0,2030,266,37,0.01038805904615277
0,2030,266,42,0.017293361270249507
0,2030,266,47,0.04460839794431063
0,2030,266,48,0.7495430391881833
0,2030,267,15,0.05941017918457857
0,2030,267,28,0.039243266114720975
0,2030,267,30,0.07096466149765607
0,2030,267,45,0.03215857377277241
0,2030,267,53,0.02679138974071607
0,2030,267,55,0.02196860959635453
0,2030,267,57,0.7494633200932014
0,2030,268,10,0.044027517743672764
0,2030,268,13,0.03479502485904265
0,2030,268,14,0.09102507635466979
0,2030,268,22,0.017313388388445438
0,2030,268,26,0.03496845657270207
0,2030,268,31,0.01809173427628734
0,2030,268,37,0.6510691588838002
0,2030,268,38,0.018176190177477916
0,2030,268,42,0.09053345274390187
0,2030,269,2,0.5861418200045972
0,2030,269,5,0.03906596944886298
0,2030,269,10,0.029390134580286786
0,2030,269,31,0.10039258811103208
0,2030,269,42,0.046378044827468705
0,2030,269,45,0.1834915169708093
0,2030,269,53,0.015139926056942922
0,2030,270,2,0.9589550850582712
0,2030,270,3,0.013699023616036032
0,2030,270,11,0.010899268010580977
0,2030,270,27,0.016446623315111753
0,2030,271,2,0.1667270679387139
0,2030,271,4,0.10201924255038035
0,2030,271,13,0.09262460421181934
0,2030,271,20,0.3524871821368885
0,2030,271,23,0.0320604517677766
0,2030,271,32,0.10354841736970727
0,2030,271,36,0.05120921347354109
0,2030,271,42,0.017052747059439422
0,2030,271,47,0.041052168582745296
0,2030,271,49,0.04121890490898822
0,2030,272,2,0.7796881178822731
0,2030,272,6,0.023630989758729442
0,2030,272,12,0.028833493089323127
0,2030,272,14,0.059755928640900846
0,2030,272,25,0.01505878561854217
0,2030,272,31,0.029620105396837536
0,2030,272,38,0.026191067946331584
0,2030,272,39,0.02372606354301083
0,2030,272,49,0.013495448124051197
0,2030,273,2,0.8296703162618004
0,2030,273,8,0.0689805015359623
0,2030,273,17,0.01447372618591257
0,2030,273,28,0.04601089085684249
0,2030,273,36,0.04086456515948214
0,2030,274,2,0.8327530505360488
0,2030,274,4,0.01462737194817253
0,2030,274,7,0.022879373105295007
0,2030,274,15,0.07905035159698844
0,2030,274,32,0.0506898528134952
0,2030,275,6,0.21121475060823083
0,2030,275,13,0.048795355945888574
0,2030,275,20,0.5972420927934237
0,2030,275,43,0.011729255782363614
0,2030,275,49,0.07032845558089851
0,2030,275,57,0.06069008928919487
0,2030,276,3,0.028348838018239463
0,2030,276,6,0.020340318407386357
0,2030,276,8,0.7458206335558085
0,2030,276,11,0.01933677584812651
0,2030,276,13,0.018560122065706258
0,2030,276,21,0.012294766115782691
0,2030,276,25,0.02219075131747301
0,2030,276,27,0.07926676935234309
0,2030,276,38,0.02187009359554409
0,2030,276,49,0.010526997983278418
0,2030,276,58,0.021443933740311602
0,2030,277,5,0.07683302231331268
0,2030,277,12,0.07259145972783325
0,2030,277,21,0.08292595225715743
0,2030,277,24,0.027062698792318953
0,2030,277,30,0.015124952799770558
0,2030,277,36,0.6043729181679882
0,2030,277,45,0.09269709519955208
0,2030,277,54,0.028391900742066895
0,2030,278,2,0.13172472240654765
0,2030,278,20,0.16972699084113846
0,2030,278,31,0.028232841536959093
0,2030,278,55,0.01885405923823027
0,2030,278,57,0.16914399982796302
0,2030,278,59,0.48231738614916153
0,2030,279,8,1.0
0,2030,280,17,0.8326129824632172
0,2030,280,18,0.01855556123770643
0,2030,280,20,0.017373873960782212
0,2030,280,26,0.04203786683240428
0,2030,280,38,0.028277185617695596
0,2030,280,40,0.030362379544994836
0,2030,280,47,0.01901512794532896
0,2030,280,58,0.011765022397870568
0,2030,281,16,0.02558952809516337
0,2030,281,20,0.0728684946825825
0,2030,281,39,0.026386554449619636
0,2030,281,40,0.019175531672543416
0,2030,281,47,0.046576601813720746
0,2030,281,49,0.7760450121113449
0,2030,281,52,0.01867978569672403
0,2030,281,55,0.014678491478301565
0,2030,282,2,0.0655683486520054
0,2030,282,4,0.10899626734379263
0,2030,282,6,0.06177542944530314
0,2030,282,8,0.03721662684530834
0,2030,282,14,0.5506489413076648
0,2030,282,20,0.043565752275544836
0,2030,282,32,0.027342673601301624
0,2030,282,39,0.08490834374879953
0,2030,282,41,0.01997761678027973
0,2030,283,4,0.031136030018665082
0,2030,283,8,0.8442536434279662
0,2030,283,13,0.042855485953891326
0,2030,283,32,0.08175484059947746
0,2030,284,2,0.7703848882435472
0,2030,284,10,0.07998055274961195
0,2030,284,15,0.04953653327771373
0,2030,284,25,0.011280328345660104
0,2030,284,30,0.034159113832729564
0,2030,284,33,0.013541425637483909
0,2030,284,38,0.022171505496379588
0,2030,284,40,0.018945652416873845
0,2030,285,2,0.9147034812233822
0,2030,285,10,0.02993165632158279
0,2030,285,38,0.032998337297357516
0,2030,285,40,0.011383773406892303
0,2030,285,60,0.010982751750785209
0,2030,286,6,0.0601439040760174
0,2030,286,7,0.011155594856837916
0,2030,286,13,0.05014062276252791
0,2030,286,18,0.05433211157330115
0,2030,286,20,0.7105488533708204
0,2030,286,42,0.010845439854410867
0,2030,286,49,0.07070582078308747
0,2030,286,57,0.03212765272299682
0,2030,287,48,1.0
0,2030,288,2,0.24072699430674363
0,2030,288,4,0.010702211375051326
0,2030,288,7,0.07645402283594223
0,2030,288,18,0.05015345484852355
0,2030,288,20,0.4804096561098151
0,2030,288,31,0.018663129750049065
0,2030,288,49,0.01313955189141122
0,2030,288,54,0.06368189029334091
0,2030,288,57,0.04606908858912294
0,2030,289,6,0.0732643259752939
0,2030,289,8,0.8943855235108396
0,2030,289,11,0.018140480766808298
0,2030,289,47,0.01420966974705824
0,2030,290,17,1.0
0,2030,291,4,0.013594832168856036
0,2030,291,15,0.08505324719998114
0,2030,291,28,0.04116057130706748
0,2030,291,31,0.013923359738960354
0,2030,291,39,0.025326098402875214
0,2030,291,53,0.02333874692632091
0,2030,291,55,0.04670564352128322
0,2030,291,57,0.7508975007346557
0,2030,292,8,0.6907445396816341
0,2030,292,13,0.06508719948450942
0,2030,292,17,0.022158808440601217
0,2030,292,19,0.027442173024600655
0,2030,292,30,0.0553956059852064
0,2030,292,32,0.036194113264015844
0,2030,292,40,0.046418591069130835
0,2030,292,45,0.02532192323513646
0,2030,292,54,0.031237045815165027
0,2030,293,3,0.030100357698085594
0,2030,293,8,0.7005005135452439
0,2030,293,13,0.016469832996892204
0,2030,293,23,0.023934990906298817
0,2030,293,27,0.03939531987946229
0,2030,293,34,0.032878531811329575
0,2030,293,38,0.02523418566131536
0,2030,293,40,0.03924925348706231
0,2030,293,46,0.015834727871732256
0,2030,293,47,0.04126474856699225
0,2030,293,60,0.03513753757558551
0,2030,294,3,0.012362327993189967
0,2030,294,8,0.020322788714194476
0,2030,294,17,0.01837464037925323
0,2030,294,27,0.0680244998444141
0,2030,294,34,0.028346985168476287
0,2030,294,36,0.03980673104152496
0,2030,294,41,0.05723668370881139
0,2030,294,46,0.03718006617042192
0,2030,294,48,0.7183452769797136
0,2030,295,2,0.010847010958428344
0,2030,295,4,0.014874121054005002
0,2030,295,9,0.02939821531088209
0,2030,295,13,0.02534567576513679
0,2030,295,17,0.031319964670203766
0,2030,295,19,0.051082919802906086
0,2030,295,32,0.03389148830727117
0,2030,295,37,0.019136990267749465
0,2030,295,46,0.05939799588343134
0,2030,295,47,0.07170563404946248
0,2030,295,54,0.017691767521143008
0,2030,295,55,0.6353082164093805
0,2030,296,3,0.06502761980379898
0,2030,296,16,0.02166223686873023
0,2030,296,23,0.7944989946076827
0,2030,296,27,0.05091396606444103
0,2030,296,37,0.010709370126585115
0,2030,296,50,0.05718781252876198
0,2030,297,3,0.6269395241359104
0,2030,297,8,0.05333857229644037
0,2030,297,24,0.014738300132721248
0,2030,297,28,0.03787083355379057
0,2030,297,35,0.09771085242409937
0,2030,297,36,0.01629962890618543
0,2030,297,45,0.02036252849930575
0,2030,297,49,0.024065864967606723
0,2030,297,51,0.08317419477936984
0,2030,297,53,0.025499700304570293
0,2030,298,59,1.0
0,2030,299,4,0.017610135099996
0,2030,299,5,0.14757186793164145
0,2030,299,18,0.03263270113494635
0,2030,299,19,0.01384491381855035
0,2030,299,27,0.06761178033946101
0,2030,299,28,0.4688899812429355
0,2030,299,34,0.037264564490852435
0,2030,299,36,0.06198373028061495
0,2030,299,46,0.07809484675420167
0,2030,299,47,0.03119804956884346
0,2030,299,56,0.04329742933795684
0,2030,300,3,0.03487593169209761
0,2030,300,8,0.04398685950976584
0,2030,300,17,0.013241347454355432
0,2030,300,28,0.0727219474848786
0,2030,300,31,0.015290306772314544
0,2030,300,39,0.011762074978070325
0,2030,300,53,0.05792841196650141
0,2030,300,55,0.032578295229165145
0,2030,300,57,0.6803164275519261
0,2030,300,60,0.037298397360925065
0,2030,301,8,0.01215484689065277
0,2030,301,12,0.025775650304381
0,2030,301,20,0.0232228014589312
0,2030,301,28,0.01912670082356139
0,2030,301,46,0.8207269064944136
0,2030,301,48,0.059174233967348805
0,2030,301,55,0.0398188600607111
0,2030,302,2,0.06834842872945497
0,2030,302,8,0.06049047089720425
0,2030,302,14,0.019655063857183932
0,2030,302,18,0.11181858064825484
0,2030,302,36,0.050517875025108766
0,2030,302,48,0.019092750191456773
0,2030,302,53,0.5361318477202578
0,2030,302,57,0.13394498293107862
0,2030,303,2,0.03532163218692856
0,2030,303,6,0.07581029647516917
0,2030,303,8,0.06662361663206452
0,2030,303,17,0.017276937402848278
0,2030,303,41,0.048656565170787855
0,2030,303,46,0.04155555372840531
0,2030,303,55,0.5690793255331112
0,2030,303,57,0.14567607287068504
0,2030,304,3,0.026548965914681474
0,2030,304,8,0.7321258048993168
0,2030,304,11,0.02539120385484172
0,2030,304,13,0.018578255954798336
0,2030,304,21,0.01075750790238672
0,2030,304,25,0.04156773826978418
0,2030,304,27,0.026492067504275008
0,2030,304,38,0.05688085729083584
0,2030,304,40,0.02609719888222152
0,2030,304,60,0.03556039952685849
0,2030,305,8,0.5622503481762
0,2030,305,12,0.016761053222724715
0,2030,305,14,0.045621143037036946
0,2030,305,30,0.1789542380051315
0,2030,305,48,0.19641321755890678
0,2030,306,6,0.017184676589766572
0,2030,306,7,0.019676545217594994
0,2030,306,11,0.019627932953400536
0,2030,306,12,0.01663998031965844
0,2030,306,13,0.01390131652645556
0,2030,306,21,0.07134020201057678
0,2030,306,23,0.055655401328933755
0,2030,306,30,0.5680680615534474
0,2030,306,47,0.042175628612257904
0,2030,306,49,0.0675069630192353
0,2030,306,57,0.10822329186867273
0,2030,307,2,0.16020079868240988
0,2030,307,13,0.11107710110989309
0,2030,307,40,0.08210816038941074
0,2030,307,42,0.060323071499762154
0,2030,307,45,0.5705449542347932
0,2030,307,47,0.015745914083730998
0,2030,308,14,0.10291836863034136
0,2030,308,20,0.1535937175103258
0,2030,308,31,0.05769519863831722
0,2030,308,38,0.08831644857081991
0,2030,308,42,0.10308706399108017
0,2030,308,49,0.4782920385603061
0,2030,308,57,0.016097164098809378
0,2030,309,17,0.1005580113037056
0,2030,309,32,0.19000128552333634
0,2030,309,48,0.6044152026958921
0,2030,309,54,0.10502550047706596
0,2030,310,6,0.013988034761819083
0,2030,310,13,0.057144664373816725
0,2030,310,18,0.04393100438299701
0,2030,310,19,0.012603999663422776
0,2030,310,32,0.022174069889081913
0,2030,310,42,0.03354959979901645
0,2030,310,55,0.816608627129846
0,2030,311,2,0.01717811670181088
0,2030,311,6,0.0773745860574352
0,2030,311,7,0.020939202511507358
0,2030,311,13,0.04584624282338988
0,2030,311,31,0.06777765710467355
0,2030,311,32,0.02295368765520195
0,2030,311,42,0.04437165059987133
0,2030,311,55,0.7035588565461098
0,2030,312,4,0.08387417194095952
0,2030,312,9,0.03376955666781408
0,2030,312,17,0.031705055158698765
0,2030,312,20,0.7189474841417544
0,2030,312,36,0.04690917148832884
0,2030,312,41,0.08479456060244453
0,2030,313,17,0.08381890951442905
0,2030,313,30,0.04407416108717759
0,2030,313,44,0.01149570379735568
0,2030,313,54,0.1734237535604048
0,2030,313,55,0.6342246487283909
0,2030,313,59,0.05296282331224206
0,2030,314,40,1.0
0,2030,315,38,1.0
0,2030,316,3,0.04235141768969507
0,2030,316,5,0.029700344853015495
0,2030,316,6,0.022660987122419478
0,2030,316,13,0.027733525172790048
0,2030,316,21,0.04970423064446641
0,2030,316,22,0.04786918029628611
0,2030,316,27,0.1996544700237091
0,2030,316,28,0.5598066033942696
0,2030,316,46,0.02051924080334869
0,2030,317,3,0.010273765912110449
0,2030,317,8,0.07903239467956842
0,2030,317,25,0.6476388090931235
0,2030,317,35,0.03218162661396433
0,2030,317,41,0.1180365209887786
0,2030,317,44,0.020560393481416497
0,2030,317,46,0.09227648923103814
0,2030,318,4,0.021704904604036346
0,2030,318,15,0.024059911216010123
0,2030,318,17,0.022053803917745383
0,2030,318,28,0.1898734568256836
0,2030,318,30,0.10268837656721541
0,2030,318,36,0.01867699041772719
0,2030,318,44,0.5338533794004865
0,2030,318,53,0.04297913462555776
0,2030,318,55,0.04411004242553781
0,2030,319,30,1.0
0,2030,320,25,1.0
0,2030,321,12,1.0
0,2030,322,12,0.21680424494198441
0,2030,322,17,0.03429164021714519
0,2030,322,45,0.40396080183046357
0,2030,322,48,0.2630038666951199
0,2030,322,60,0.0819394463152869
0,2030,323,8,0.024508529164020413
0,2030,323,14,0.09563009023678758
0,2030,323,17,0.12384912060928313
0,2030,323,31,0.018337783593839935
0,2030,323,36,0.010485582715378706
0,2030,323,39,0.6223125072346166
0,2030,323,42,0.03132666042687295
0,2030,323,48,0.0408337159094701
0,2030,323,54,0.032716010109730555
0,2030,324,3,0.1557251713694063
0,2030,324,4,0.03539872883992812
0,2030,324,8,0.6361551562967898
0,2030,324,28,0.10806661047286384
0,2030,324,30,0.06465433302101203
0,2030,325,3,0.011684890256506762
0,2030,325,12,0.08953760248934961
0,2030,325,15,0.052343771331255645
0,2030,325,30,0.02925665171033798
0,2030,325,31,0.025526775657839923
0,2030,325,38,0.02854843954787372
0,2030,325,40,0.013806475024887615
0,2030,325,45,0.02415507640742424
0,2030,325,46,0.6761160170317156
0,2030,325,55,0.020170732265141895
0,2030,325,60,0.02885356827766698
0,2030,326,5,0.19601707884467973
0,2030,326,17,0.051085930504142694
0,2030,326,24,0.07794633106129327
0,2030,326,30,0.634136083571923
0,2030,326,45,0.04081457601796137
0,2030,327,31,1.0
0,2030,328,12,0.06275952095390885
0,2030,328,15,0.06720586128779737
0,2030,328,30,0.067894842933087
0,2030,328,36,0.7348788351223619
0,2030,328,37,0.010354942883735327
0,2030,328,40,0.03487373343579233
0,2030,328,55,0.02203226338331731
0,2030,329,20,0.026409611590407566
0,2030,329,24,0.02153570337702159
0,2030,329,38,0.07807995996892252
0,2030,329,39,0.5998275982987092
0,2030,329,40,0.012610184291424973
0,2030,329,42,0.09838369843151874
0,2030,329,45,0.012917154365357158
0,2030,329,55,0.05985284034089631
0,2030,329,58,0.051577528232190056
0,2030,329,60,0.03880572110355171
0,2030,330,3,0.012515226122979072
0,2030,330,4,0.06205758388671942
0,2030,330,11,0.01299786445637104
0,2030,330,15,0.020201563534358747
0,2030,330,20,0.039434339176060464
0,2030,330,25,0.021732139837942675
0,2030,330,28,0.03622900884173708
0,2030,330,39,0.09085630616173271
0,2030,330,41,0.015475343020859652
0,2030,330,44,0.6462475986276968
0,2030,330,55,0.042253026333542325
0,2030,331,2,0.02778294728954479
0,2030,331,4,0.021899366240764006
0,2030,331,13,0.036061224179373984
0,2030,331,21,0.03118640840164962
0,2030,331,37,0.06785208699685562
0,2030,331,40,0.02172301690392183
0,2030,331,47,0.05978843394461731
0,2030,331,53,0.7337065160432729
0,2030,332,4,0.10077957506102071
0,2030,332,15,0.1422252197892346
0,2030,332,20,0.012501227309029214
0,2030,332,28,0.06198751339779674
0,2030,332,37,0.4483196793286563
0,2030,332,41,0.010883831317895408
0,2030,332,48,0.0368567609708693
0,2030,332,53,0.10391551694110865
0,2030,332,54,0.04062117049298006
0,2030,332,55,0.04190950539140899
0,2030,333,3,0.032687960109803446
0,2030,333,12,0.13554083002856396
0,2030,333,21,0.09977794472304262
0,2030,333,27,0.07798583811317483
0,2030,333,31,0.01804324781912972
0,2030,333,32,0.0233563900359903
0,2030,333,40,0.5250901693147783
0,2030,333,60,0.08751761985551695
0,2030,334,53,1.0
0,2030,335,8,0.750191695543772
0,2030,335,15,0.021071096719665307
0,2030,335,28,0.15540937281881087
0,2030,335,53,0.0733278349177519
0,2030,336,8,0.11154451015817257
0,2030,336,39,0.1494581835020722
0,2030,336,41,0.1065245027391018
0,2030,336,48,0.6324728036006534
0,2030,337,4,0.01746304402916083
0,2030,337,11,0.024724031820591272
0,2030,337,15,0.07027681379395784
0,2030,337,16,0.017204873364000794
0,2030,337,20,0.019235391990616205
0,2030,337,39,0.09082265903933222
0,2030,337,41,0.035130522544645965
0,2030,337,44,0.6738418087428792
0,2030,337,55,0.05130085467481566
0,2030,338,3,0.1825537300226517
0,2030,338,4,0.01253238898931706
0,2030,338,25,0.03997418383106234
0,2030,338,27,0.04987361472923034
0,2030,338,28,0.09366611747725641
0,2030,338,46,0.48139487763172406
0,2030,338,50,0.04631814234645653
0,2030,338,51,0.03900733314640003
0,2030,338,53,0.02413426582584549
0,2030,338,60,0.030545346000056112
0,2030,339,45,1.0
0,2030,340,20,1.0
0,2030,341,15,1.0
0,2030,342,55,1.0
0,2030,343,1,0.031818304602701894
0,2030,343,5,0.10629723355719238
0,2030,343,34,0.03579117910244622
0,2030,343,39,0.8139580664341167
0,2030,343,58,0.012135216303542765
0,2030,344,6,0.030426254853660867
0,2030,344,8,0.03163876464886469
0,2030,344,21,0.011419895812994161
0,2030,344,23,0.03113459628494004
0,2030,344,30,0.7795365226229294
0,2030,344,35,0.015598106682329083
0,2030,344,41,0.031100236519397924
0,2030,344,46,0.04423665477309538
0,2030,344,49,0.024908967801788515
0,2030,345,7,0.012362095524132274
0,2030,345,17,0.011295690829217957
0,2030,345,24,0.021884121599434328
0,2030,345,30,0.5123585257413719
0,2030,345,31,0.1740167308107601
0,2030,345,42,0.031168063833695178
0,2030,345,45,0.14634696950180562
0,2030,345,49,0.019402288283647387
0,2030,345,51,0.024432900391688668
0,2030,345,53,0.04673261348424651
0,2030,346,4,0.019983373264065997
0,2030,346,8,0.03202403519214964
0,2030,346,36,0.040416855072019
0,2030,346,39,0.6892208037225099
0,2030,346,41,0.12400807888822327
0,2030,346,46,0.09434685386103214
0,2030,347,3,0.06307388366194433
0,2030,347,25,0.032207096146047484
0,2030,347,27,0.01721185553883912
0,2030,347,28,0.07644012236113709
0,2030,347,41,0.010934592270557557
0,2030,347,46,0.6404730658671257
0,2030,347,51,0.018083404265410004
0,2030,347,53,0.13106277010275108
0,2030,347,60,0.010513209786187538
0,2030,348,3,0.13060962408122526
0,2030,348,27,0.053602273727371495
0,2030,348,28,0.037186384416811706
0,2030,348,41,0.2191462990399598
0,2030,348,46,0.25110208743567625
0,2030,348,51,0.04700023449590871
0,2030,348,53,0.26135309680304697
0,2030,349,28,1.0
0,2030,350,12,0.017484473601797963
0,2030,350,20,0.7307382806278618
0,2030,350,25,0.05133305205140822
0,2030,350,38,0.0981364905489673
0,2030,350,49,0.10230770316996476
0,2030,351,2,0.03064676828146057
0,2030,351,17,0.04267975847996761
0,2030,351,21,0.07306088746923717
0,2030,351,29,0.029605997459904252
0,2030,351,32,0.015200092191014215
0,2030,351,37,0.042272337147463264
0,2030,351,40,0.036700698003528764
0,2030,351,46,0.012308595788530692
0,2030,351,47,0.017141175501184595
0,2030,351,53,0.6597298757303562
0,2030,351,54,0.040653813947352624
0,2030,352,3,0.11324877227791293
0,2030,352,4,0.09702430722574414
0,2030,352,8,0.4845753806334909
0,2030,352,25,0.10098085872325374
0,2030,352,41,0.1065429959005235
0,2030,352,53,0.0976276852390748
0,2030,353,15,0.6450554257952555
0,2030,353,17,0.16756937610446626
0,2030,353,30,0.012018322331213213
0,2030,353,45,0.047319484805437836
0,2030,353,53,0.02651537549743323
0,2030,353,54,0.055527548216980346
0,2030,353,60,0.04599446724921366
0,2030,354,39,1.0
0,2030,355,3,0.0676021215882723
0,2030,355,8,0.030753819472485636
0,2030,355,23,0.01786128729446941
0,2030,355,28,0.5128064401298709
0,2030,355,39,0.03622354100143423
0,2030,355,41,0.129516371123274
0,2030,355,46,0.19034849073413077
0,2030,355,60,0.01488792865606299
0,2030,356,3,0.9655076282390153
0,2030,356,13,0.020349457056665333
0,2030,356,40,0.014142914704319382
0,2030,357,3,1.0
0,2030,358,3,0.9582460787024437
0,2030,358,5,0.012507169330911068
0,2030,358,33,0.029246751966645244
0,2030,359,60,1.0
0,2030,360,22,1.0
0,2030,361,3,0.6635492238366483
0,2030,361,4,0.03168491596173053
0,2030,361,8,0.10301031881762171
0,2030,361,20,0.05524414547799686
0,2030,361,39,0.08626162183380773
0,2030,361,41,0.03995084608878343
0,2030,361,55,0.02029892798341152
0,2030,362,3,0.6489893247203906
0,2030,362,4,0.010967791011431294
0,2030,362,8,0.048391016081218485
0,2030,362,14,0.04575122596392389
0,2030,362,28,0.03911324555872732
0,2030,362,36,0.04643354755773175
0,2030,362,45,0.026541820899949643
0,2030,362,51,0.045717915098644965
0,2030,362,53,0.08809411310798197
0,2030,363,3,0.7018828045522568
0,2030,363,8,0.12386071429385125
0,2030,363,16,0.042372760738773683
0,2030,363,20,0.032249737341372334
0,2030,363,39,0.054649326912723846
0,2030,363,55,0.04498465616102209
0,2030,364,3,1.0
0,2030,365,1,1.0
1,2030,1,65,0.4805239100063726
1,2030,1,66,0.0209708871303657
1,2030,1,70,0.11563916376254374
1,2030,1,78,0.07738276173851721
1,2030,1,80,0.011442847064058927
1,2030,1,86,0.04198394528181286
1,2030,1,92,0.07617467458176402
1,2030,1,97,0.04296315091236051
1,2030,1,100,0.0232201092568253
1,2030,1,106,0.04950513800564168
1,2030,1,108,0.04658128427598182
1,2030,1,111,0.013612127983755657
1,2030,2,69,0.09167887471013648
1,2030,2,78,0.0458527446444288
1,2030,2,79,0.32108702042391873
1,2030,2,111,0.4534134399213195
1,2030,2,113,0.04805335260803791
1,2030,2,120,0.03991456769215861
1,2030,3,75,0.04165916699330807
1,2030,3,76,0.18804589485649725
1,2030,3,77,0.18163060172020698
1,2030,3,88,0.03947718694408913
1,2030,3,102,0.14833759693299486
1,2030,3,107,0.02188520142946498
1,2030,3,109,0.06720890129081024
1,2030,3,111,0.2907404769146837
1,2030,3,120,0.02101497291794485
1,2030,4,102,1.0
1,2030,5,61,0.16188947133456008
1,2030,5,63,0.025856482268086744
1,2030,5,77,0.07451439660101365
1,2030,5,89,0.013352768158234732
1,2030,5,91,0.14621046900467782
1,2030,5,112,0.543615852781543
1,2030,5,116,0.03456055985188398
1,2030,6,61,0.09091900289162377
1,2030,6,65,0.029197907127312826
1,2030,6,70,0.3482223307837401
1,2030,6,73,0.0828670573856426
1,2030,6,78,0.17813960174070861
1,2030,6,90,0.04055788255143769
1,2030,6,99,0.10010134466732006
1,2030,6,116,0.12999487285221434
1,2030,7,65,0.03373866623264902
1,2030,7,69,0.026836426768000972
1,2030,7,70,0.10833323441309231
1,2030,7,78,0.1039280449888712
1,2030,7,79,0.14355410621249245
1,2030,7,90,0.07675012477654469
1,2030,7,106,0.04484732102454611
1,2030,7,120,0.46201207558380314
1,2030,8,120,1.0
1,2030,9,61,0.120382635793731
1,2030,9,64,0.024838818161336124
1,2030,9,66,0.011202975889254672
1,2030,9,82,0.06408820554394928
1,2030,9,87,0.010823835515308362
1,2030,9,90,0.06226271991221312
1,2030,9,97,0.030317468558820736
1,2030,9,99,0.5729856352083184
1,2030,9,108,0.05132611583377467
1,2030,9,119,0.05177158958329371
1,2030,10,71,0.021564350258444755
1,2030,10,75,0.03999947719402804
1,2030,10,99,0.1309262996924123
1,2030,10,108,0.15726545168144157
1,2030,10,111,0.2276879309365176
1,2030,10,113,0.0673457059625022
1,2030,10,120,0.3552107842746536
1,2030,11,61,0.053088567451379756
1,2030,11,68,0.01665723386983353
1,2030,11,74,0.058878519404813
1,2030,11,75,0.030510232735243722
1,2030,11,77,0.04435027552155141
1,2030,11,80,0.030144596239745063
1,2030,11,83,0.04525728915926299
1,2030,11,91,0.07210829210636496
1,2030,11,95,0.019290305421995668
1,2030,11,102,0.011249926351952561
1,2030,11,108,0.41628758734615723
1,2030,11,116,0.10098043117988703
1,2030,11,118,0.0187088045288912
1,2030,11,119,0.02509538209333609
1,2030,11,120,0.05739255658958579
1,2030,12,61,0.20871197105515996
1,2030,12,63,0.03958320598250778
1,2030,12,67,0.032922475489905303
1,2030,12,73,0.015392816634996191
1,2030,12,84,0.08309699289795949
1,2030,12,91,0.08855973351047962
1,2030,12,94,0.07221347574275092
1,2030,12,99,0.04957398941749842
1,2030,12,108,0.26524270159264746
1,2030,12,115,0.015007456708580922
1,2030,12,116,0.12969518096751384
1,2030,13,61,0.26769874184036546
1,2030,13,65,0.08768586653511609
1,2030,13,70,0.01133117703459961
1,2030,13,80,0.4583172624702464
1,2030,13,84,0.03368357490760634
1,2030,13,89,0.11559227294327061
1,2030,13,99,0.0256911042687955
1,2030,14,111,1.0
1,2030,15,75,1.0
1,2030,16,119,1.0
1,2030,17,108,1.0
1,2030,18,61,0.512744289142077
1,2030,18,63,0.045544390008596815
1,2030,18,72,0.09341548060662853
1,2030,18,73,0.024221894706867274
1,2030,18,84,0.08868650004802243
1,2030,18,103,0.20828383936332387
1,2030,18,116,0.027103606124483943
1,2030,19,61,0.15982776166222828
1,2030,19,63,0.1608504023442238
1,2030,19,65,0.03199797004133003
1,2030,19,67,0.10011246676605286
1,2030,19,83,0.09992108876967906
1,2030,19,108,0.07131835961805598
1,2030,19,116,0.37597195079843004
1,2030,20,61,0.46739565032167624
1,2030,20,63,0.049247899990688015
1,2030,20,72,0.13075830242441677
1,2030,20,83,0.07534864959596066
1,2030,20,103,0.08807856433283817
1,2030,20,104,0.041805725654642745
1,2030,20,110,0.08974859144960314
1,2030,20,116,0.057616616230174174
1,2030,21,61,0.09955103699358556
1,2030,21,75,0.04184621097213292
1,2030,21,83,0.17552620669802996
1,2030,21,88,0.02838847907010354
1,2030,21,107,0.012178021214465535
1,2030,21,110,0.07366451316904454
1,2030,21,116,0.5476834991741623
1,2030,21,119,0.021162032708475723
1,2030,22,61,0.01803850318835171
1,2030,22,63,0.10088550354718838
1,2030,22,65,0.016362788233917885
1,2030,22,68,0.016183782064548662
1,2030,22,73,0.04030576848458379
1,2030,22,89,0.030367397188319514
1,2030,22,101,0.027760925502928354
1,2030,22,104,0.08709324272763705
1,2030,22,108,0.0541446846669916
1,2030,22,116,0.6088574043955332
1,2030,23,78,1.0
1,2030,24,66,1.0
1,2030,25,61,0.2595890542381162
1,2030,25,63,0.16006307847617535
1,2030,25,83,0.01900174773998227
1,2030,25,103,0.11366487523699098
1,2030,25,104,0.0559652882996376
1,2030,25,108,0.03435609543677906
1,2030,25,110,0.12429822021330558
1,2030,25,116,0.23306164035901292
1,2030,26,65,1.0
1,2030,27,97,1.0
1,2030,28,61,0.15920882034568976
1,2030,28,72,0.1346129146294959
1,2030,28,73,0.02766883011352093
1,2030,28,83,0.030473586341326252
1,2030,28,103,0.013048056831030124
1,2030,28,104,0.020727887532594153
1,2030,28,110,0.1626185567235582
1,2030,28,116,0.4516413474827847
1,2030,29,61,0.1896746191842248
1,2030,29,65,0.029155367226414177
1,2030,29,66,0.03209690097568708
1,2030,29,72,0.13787879915909765
1,2030,29,73,0.028229663235036916
1,2030,29,103,0.10978811499848733
1,2030,29,108,0.11810083778763145
1,2030,29,116,0.35507569743342077
1,2030,30,69,1.0
1,2030,31,74,0.03604786095661783
1,2030,31,75,0.03310455457424789
1,2030,31,83,0.3232950365078882
1,2030,31,97,0.4983753888188647
1,2030,31,107,0.10917715914238132
1,2030,32,88,1.0
1,2030,33,64,0.04959871968196627
1,2030,33,66,0.056699483812047466
1,2030,33,75,0.6869563876836925
1,2030,33,79,0.014666791343494964
1,2030,33,86,0.08252785687144167
1,2030,33,93,0.04538487610122096
1,2030,33,106,0.06416588450613611
1,2030,34,76,0.10960870797804474
1,2030,34,81,0.03473345965882059
1,2030,34,83,0.40699429198402043
1,2030,34,87,0.09331140265639516
1,2030,34,96,0.012100433980531337
1,2030,34,107,0.16659002930799974
1,2030,34,110,0.024352969020073403
1,2030,34,119,0.15230870541411454
1,2030,35,87,1.0
1,2030,36,62,0.1728425053894261
1,2030,36,75,0.25226121293067727
1,2030,36,95,0.0973625298026686
1,2030,36,101,0.03603806157530161
1,2030,36,111,0.40961420037801893
1,2030,36,117,0.031881489923907554
1,2030,37,68,0.15386994132359558
1,2030,37,75,0.1565747200201883
1,2030,37,76,0.03321643823848948
1,2030,37,83,0.04574336403500051
1,2030,37,93,0.08666859865893325
1,2030,37,107,0.41338177903486195
1,2030,37,117,0.11054515868893103
1,2030,38,63,0.06404695105458055
1,2030,38,64,0.038257671468243194
1,2030,38,73,0.04712999447341611
1,2030,38,83,0.03272665255760024
1,2030,38,84,0.08888987657778122
1,2030,38,96,0.1357518830056809
1,2030,38,116,0.04718572417076077
1,2030,38,119,0.5460112466919371
1,2030,39,61,0.0689852842060992
1,2030,39,72,0.1349471330202102
1,2030,39,78,0.29211946840219544
1,2030,39,80,0.03912236883082258
1,2030,39,84,0.05939613049325195
1,2030,39,94,0.031391113240363144
1,2030,39,103,0.054462538733583137
1,2030,39,104,0.03699095433332376
1,2030,39,108,0.13678505727085305
1,2030,39,116,0.14579995146929756
1,2030,40,61,0.17721818773500103
1,2030,40,64,0.03738801264165472
1,2030,40,72,0.1055324952268134
1,2030,40,83,0.10324740779377721
1,2030,40,84,0.15250183621780874
1,2030,40,97,0.26871043810075823
1,2030,40,104,0.13603284292107784
1,2030,40,110,0.019368779363108764
1,2030,41,61,0.16985576996794519
1,2030,41,65,0.03950237063386414
1,2030,41,82,0.013089305272896699
1,2030,41,88,0.17786070171950766
1,2030,41,109,0.0459064861912511
1,2030,41,110,0.540803983383769
1,2030,41,119,0.012981382830766261
1,2030,42,80,1.0
1,2030,43,66,0.022438819672894662
1,2030,43,68,0.09038800046815584
1,2030,43,76,0.1420006221950429
1,2030,43,86,0.4444304268079287
1,2030,43,107,0.21570306105318965
1,2030,43,112,0.08503906980278834
1,2030,44,61,0.04299920479649663
1,2030,44,70,0.09213665669223212
1,2030,44,72,0.49972838014862697
1,2030,44,78,0.05367967817645875
1,2030,44,84,0.13564277844841885
1,2030,44,91,0.0334108036990149
1,2030,44,116,0.14240249803875177
1,2030,45,61,0.05925669325827175
1,2030,45,64,0.013597555134129007
1,2030,45,66,0.12248277127208514
1,2030,45,70,0.019607611807202385
1,2030,45,72,0.047105354797575986
1,2030,45,73,0.35571925725096454
1,2030,45,84,0.2024116968097654
1,2030,45,97,0.14331384888001006
1,2030,45,108,0.036505210789995614
1,2030,46,61,0.0463262852286203
1,2030,46,72,0.02906703717585907
1,2030,46,73,0.010868170289836698
1,2030,46,83,0.09455915713824965
1,2030,46,84,0.5822241277571747
1,2030,46,97,0.037849112901123236
1,2030,46,103,0.05514850468996116
1,2030,46,104,0.018761396559151104
1,2030,46,110,0.12519620826002403
1,2030,47,61,0.10219718487143233
1,2030,47,63,0.12058599166096484
1,2030,47,64,0.11746881307576537
1,2030,47,66,0.02692803660771356
1,2030,47,68,0.01065625446777545
1,2030,47,81,0.017677811145679095
1,2030,47,84,0.02319652043311638
1,2030,47,89,0.013089641492886878
1,2030,47,92,0.09622283805272396
1,2030,47,96,0.4328427688214805
1,2030,47,119,0.03913413937046171
1,2030,48,74,0.0448701654434014
1,2030,48,76,0.09731822703010767
1,2030,48,77,0.2958875489250441
1,2030,48,86,0.17525952390470892
1,2030,48,91,0.32743694222937547
1,2030,48,112,0.059227592467362346
1,2030,49,81,1.0
1,2030,50,83,1.0
1,2030,51,80,0.05049123575542936
1,2030,51,83,0.6658849125354311
1,2030,51,116,0.13306350183331195
1,2030,51,119,0.15056034987582764
1,2030,52,65,0.060009388860511124
1,2030,52,69,0.010970877275983525
1,2030,52,71,0.01433303689479911
1,2030,52,78,0.016294797598239968
1,2030,52,87,0.17704946176582143
1,2030,52,88,0.24353863099937959
1,2030,52,99,0.3054078991386793
1,2030,52,109,0.06019719005472923
1,2030,52,119,0.11219871741185676
1,2030,53,107,1.0
1,2030,54,68,0.029363986635570438
1,2030,54,81,0.14068504614734476
1,2030,54,83,0.01255959039066139
1,2030,54,91,0.08819459159929399
1,2030,54,94,0.01713160065373663
1,2030,54,96,0.021119451721331475
1,2030,54,116,0.018264961503827955
1,2030,54,119,0.6726807713482333
1,2030,55,61,0.0788485658602593
1,2030,55,63,0.06108954996711555
1,2030,55,66,0.019604309932056974
1,2030,55,72,0.015365953348562713
1,2030,55,83,0.04483023012897623
1,2030,55,104,0.03607059301521904
1,2030,55,112,0.019341733051760054
1,2030,55,116,0.72484906469605
1,2030,56,116,1.0
1,2030,57,61,0.19560708662420917
1,2030,57,63,0.09708854939438104
1,2030,57,84,0.3133215651840945
1,2030,57,116,0.39398279879731535
1,2030,58,99,1.0
1,2030,59,79,0.18829602804010642
1,2030,59,99,0.11544742066896302
1,2030,59,111,0.5323677676510223
1,2030,59,120,0.16388878363990825
1,2030,60,74,0.08733314109149086
1,2030,60,75,0.15140372936082738
1,2030,60,83,0.02168390135317945
1,2030,60,85,0.11929475586780981
1,2030,60,93,0.01882147830278469
1,2030,60,97,0.01813839624345132
1,2030,60,100,0.011425108294535857
1,2030,60,107,0.30254486272676273
1,2030,60,116,0.1976400766755166
1,2030,60,119,0.07171455008364132
1,2030,61,63,0.04650881839315916
1,2030,61,68,0.0930383275839888
1,2030,61,77,0.053034784811101215
1,2030,61,83,0.1738755053413337
1,2030,61,91,0.02628310846327968
1,2030,61,116,0.5640701749695736
1,2030,61,119,0.0431892804375639
1,2030,62,61,0.1731946885635205
1,2030,62,64,0.023091674673922234
1,2030,62,65,0.013215015453203662
1,2030,62,72,0.06337084027536918
1,2030,62,73,0.11473740336237861
1,2030,62,103,0.012005628552288134
1,2030,62,108,0.020908741142669513
1,2030,62,116,0.5794760079766482
1,2030,63,91,1.0
1,2030,64,61,0.2275818190105348
1,2030,64,65,0.10425077799346406
1,2030,64,70,0.11106461751544124
1,2030,64,72,0.042178363250248
1,2030,64,73,0.4040199083706836
1,2030,64,84,0.05632800345845366
1,2030,64,89,0.027041990869668197
1,2030,64,116,0.027534519531506346
1,2030,65,69,0.14738871582830532
1,2030,65,70,0.058679973415040235
1,2030,65,77,0.024788949910910376
1,2030,65,78,0.1533795491340164
1,2030,65,79,0.029596245978617573
1,2030,65,90,0.1296867682336062
1,2030,65,92,0.011490038176770358
1,2030,65,99,0.05402639393181018
1,2030,65,102,0.3619719364502404
1,2030,65,120,0.02899142894068296
1,2030,66,63,0.07902587371732292
1,2030,66,74,0.2509535443492974
1,2030,66,85,0.0738957550592048
1,2030,66,89,0.03653958834516399
1,2030,66,97,0.5451361614776901
1,2030,66,119,0.01444907705132094
1,2030,67,61,0.0889970078320151
1,2030,67,63,0.09555769652272816
1,2030,67,65,0.1382360511710043
1,2030,67,83,0.09884587831755859
1,2030,67,84,0.19170521196303542
1,2030,67,85,0.01663723720781802
1,2030,67,88,0.01372210115558485
1,2030,67,99,0.0178474334973564
1,2030,67,115,0.1081165943676015
1,2030,67,118,0.2303347879652976
1,2030,68,63,0.03685687644946222
1,2030,68,85,0.13013658271705478
1,2030,68,96,0.4497627639252691
1,2030,68,116,0.23023254306921426
1,2030,68,119,0.15301123383899962
1,2030,69,65,0.45785186109329956
1,2030,69,70,0.19165936869937716
1,2030,69,77,0.018021332353327715
1,2030,69,79,0.013204259603650804
1,2030,69,80,0.18665563199840235
1,2030,69,88,0.04777996254242048
1,2030,69,99,0.05159967778863563
1,2030,69,100,0.020537029079574304
1,2030,69,106,0.012690876841311989
1,2030,70,64,0.11111045467315045
1,2030,70,66,0.5435053339888392
1,2030,70,74,0.17162292948257263
1,2030,70,91,0.07086865884071385
1,2030,70,92,0.10289262301472399
1,2030,71,63,0.1439431354820775
1,2030,71,83,0.015651006534487834
1,2030,71,84,0.10424808134077693
1,2030,71,89,0.03394872940613441
1,2030,71,92,0.010356800581880862
1,2030,71,94,0.03712149714205104
1,2030,71,98,0.027647546076476986
1,2030,71,104,0.021079707546027684
1,2030,71,110,0.029699431361214588
1,2030,71,116,0.5763040645288722
1,2030,72,63,0.025968342467442944
1,2030,72,64,0.04116463127297824
1,2030,72,70,0.11524283706097714
1,2030,72,73,0.02513447053414177
1,2030,72,83,0.6307029124498363
1,2030,72,84,0.13174915654149297
1,2030,72,89,0.016445762359429416
1,2030,72,96,0.013591887313701388
1,2030,73,71,0.012137697984705556
1,2030,73,75,0.07976870897068622
1,2030,73,80,0.4827404902216869
1,2030,73,81,0.010624879900564066
1,2030,73,83,0.03217944095184343
1,2030,73,87,0.016940745651000223
1,2030,73,88,0.013484618943063915
1,2030,73,93,0.023780865358673475
1,2030,73,95,0.05235798524737422
1,2030,73,99,0.14976711685046948
1,2030,73,105,0.03626837847374146
1,2030,73,115,0.062431426392303195
1,2030,73,117,0.02751764505388789
1,2030,74,62,0.09769965932655662
1,2030,74,80,0.08587608593101048
1,2030,74,87,0.12999717214081238
1,2030,74,97,0.08598193109643873
1,2030,74,99,0.02318595459752707
1,2030,74,100,0.09550215951482799
1,2030,74,102,0.1534794915718461
1,2030,74,107,0.047231179307514005
1,2030,74,111,0.0521062050624769
1,2030,74,117,0.12720994127463828
1,2030,74,119,0.08747787068352654
1,2030,74,120,0.014252349492824876
1,2030,75,68,0.1198966328371147
1,2030,75,74,0.10100070126111901
1,2030,75,75,0.13390223315518118
1,2030,75,81,0.26445924013894906
1,2030,75,83,0.07026092886799144
1,2030,75,88,0.15314823264728236
1,2030,75,97,0.040112549688497055
1,2030,75,102,0.017414307052900816
1,2030,75,119,0.09980517435096445
1,2030,76,70,0.02806504524051489
1,2030,76,74,0.05028873841948371
1,2030,76,83,0.7933226807740276
1,2030,76,84,0.022021742240604502
1,2030,76,98,0.030794114279261833
1,2030,76,100,0.042970993846755436
1,2030,76,103,0.03253668519935202
1,2030,77,64,0.020706548271568134
1,2030,77,70,0.025089304588088973
1,2030,77,81,0.02812856380637184
1,2030,77,83,0.5780857863088732
1,2030,77,96,0.34798979702509797
1,2030,78,118,1.0
1,2030,79,61,0.06789028447843178
1,2030,79,63,0.19411529785588175
1,2030,79,66,0.062026763123639014
1,2030,79,68,0.05839953887553639
1,2030,79,83,0.024606818496671255
1,2030,79,89,0.02088044321485267
1,2030,79,96,0.5720808539549873
1,2030,80,61,0.030700746094944456
1,2030,80,63,0.05071369620347054
1,2030,80,83,0.041177276526406584
1,2030,80,89,0.08451769404540765
1,2030,80,96,0.7173275876799442
1,2030,80,119,0.07556299944982661
1,2030,81,62,0.05858629191172404
1,2030,81,70,0.0276548337259755
1,2030,81,71,0.08372441357572573
1,2030,81,79,0.07095952022072789
1,2030,81,80,0.09467287421285767
1,2030,81,87,0.05139566581431774
1,2030,81,96,0.04372781981081255
1,2030,81,99,0.16310560981958971
1,2030,81,100,0.02455825642658745
1,2030,81,105,0.3572920658705907
1,2030,81,116,0.024322648611090986
1,2030,82,62,0.6613245944194549
1,2030,82,75,0.03218348755296008
1,2030,82,79,0.07366059081205954
1,2030,82,99,0.013922951960227508
1,2030,82,120,0.2189083752552981
1,2030,83,62,0.05267106327972925
1,2030,83,68,0.6042590312819072
1,2030,83,74,0.09058707627624113
1,2030,83,76,0.025146824485648152
1,2030,83,81,0.021364427105096038
1,2030,83,87,0.04157597356001722
1,2030,83,107,0.05226107207784303
1,2030,83,111,0.11213453193351813
1,2030,84,61,0.044746598549036856
1,2030,84,66,0.02626951697933131
1,2030,84,91,0.02451776172684668
1,2030,84,96,0.7909492174624144
1,2030,84,103,0.01308539913977416
1,2030,84,108,0.035377761971914376
1,2030,84,112,0.04310190751379288
1,2030,84,119,0.021951836656889167
1,2030,85,70,0.023198848750403216
1,2030,85,71,0.04414907839418513
1,2030,85,72,0.04622550941102517
1,2030,85,80,0.2061204753824048
1,2030,85,89,0.31146989313187934
1,2030,85,96,0.23256920093628236
1,2030,85,118,0.13626699399381997
1,2030,86,62,0.20547510562993201
1,2030,86,74,0.3122982845486635
1,2030,86,79,0.2277189435852717
1,2030,86,80,0.03828830716680735
1,2030,86,100,0.05373132646234767
1,2030,86,102,0.12585828705297605
1,2030,86,117,0.03662974555400162
1,2030,87,62,0.14133938787452324
1,2030,87,74,0.015095860952905502
1,2030,87,77,0.10885391980749538
1,2030,87,79,0.1991103924053535
1,2030,87,81,0.19716626589691905
1,2030,87,93,0.26642656492730327
1,2030,87,111,0.037336925469373894
1,2030,87,120,0.03467068266612622
1,2030,88,62,0.033962417801062635
1,2030,88,73,0.043156904977312414
1,2030,88,79,0.27894054794949097
1,2030,88,81,0.023286032640708058
1,2030,88,91,0.015186969106331544
1,2030,88,93,0.37531100412922114
1,2030,88,94,0.06202313954307102
1,2030,88,116,0.11150574844456419
1,2030,88,117,0.05662723540823788
1,2030,89,64,0.10573063847818413
1,2030,89,74,0.5439068024283108
1,2030,89,81,0.05991494441417826
1,2030,89,84,0.08119710520669193
1,2030,89,91,0.1259184094416576
1,2030,89,94,0.05142333898885844
1,2030,89,116,0.03190876104211874
1,2030,90,63,0.13435484747334653
1,2030,90,84,0.11511644408836942
1,2030,90,96,0.6972957758050213
1,2030,90,116,0.05323293263326286
1,2030,91,61,0.019943414284837365
1,2030,91,63,0.023283218787097416
1,2030,91,70,0.015332766704928655
1,2030,91,84,0.12435819238033882
1,2030,91,96,0.7875544360827162
1,2030,91,116,0.029527971760081595
1,2030,92,62,0.032956321303923126
1,2030,92,71,0.7436257720770463
1,2030,92,79,0.0394457093446411
1,2030,92,87,0.044344108260270326
1,2030,92,99,0.0949676867989445
1,2030,92,115,0.0446604022151747
1,2030,93,62,0.8632362279395251
1,2030,93,68,0.03610286474378988
1,2030,93,75,0.013444201079806936
1,2030,93,79,0.02413684980001119
1,2030,93,107,0.01059234124317455
1,2030,93,120,0.052487515193692345
1,2030,94,62,0.2883456216428435
1,2030,94,74,0.2197273490275176
1,2030,94,75,0.08406625850449553
1,2030,94,93,0.05911859870924505
1,2030,94,96,0.0141319717772439
1,2030,94,101,0.032445163109938675
1,2030,94,117,0.3021650372287158
1,2030,95,62,0.07329817021836371
1,2030,95,71,0.05409361949652226
1,2030,95,74,0.15435190890184325
1,2030,95,83,0.01720354877098306
1,2030,95,93,0.01428326260489743
1,2030,95,96,0.2302990874955531
1,2030,95,98,0.01940713866372692
1,2030,95,117,0.39831889697392003
1,2030,95,118,0.038744366874190264
1,2030,96,63,0.03290732201447558
1,2030,96,66,0.045283529688273594
1,2030,96,68,0.10878638040790238
1,2030,96,74,0.01619953368818867
1,2030,96,89,0.042932895596125537
1,2030,96,96,0.7240245842851672
1,2030,96,97,0.029865754319867044
1,2030,97,63,0.09867779701510314
1,2030,97,89,0.028391290229472396
1,2030,97,96,0.8729309127554244
1,2030,98,96,1.0
1,2030,99,63,0.11593442951654938
1,2030,99,89,0.01896153639642404
1,2030,99,96,0.8651040340870265
1,2030,100,63,0.09179349184293634
1,2030,100,89,0.04270244445772286
1,2030,100,96,0.855211732922645
1,2030,100,110,0.010292330776695897
1,2030,101,63,0.1176585518499739
1,2030,101,66,0.011811141767763452
1,2030,101,68,0.039092347316148544
1,2030,101,96,0.7485812133581878
1,2030,101,112,0.08285674570792635
1,2030,102,63,0.19204307565023493
1,2030,102,68,0.027903921695952273
1,2030,102,96,0.7044308917628964
1,2030,102,103,0.07562211089091632
1,2030,103,63,0.07527093862768929
1,2030,103,84,0.3150220059774349
1,2030,103,85,0.025474426599597696
1,2030,103,96,0.5302202064657379
1,2030,103,103,0.03249064219217773
1,2030,103,116,0.021521780137362535
1,2030,104,63,0.01227770669883554
1,2030,104,84,0.566110220648588
1,2030,104,96,0.26474820562944945
1,2030,104,103,0.053379891036416285
1,2030,104,110,0.0814929977211041
1,2030,104,116,0.021990978265606545
1,2030,105,64,0.028251418722345496
1,2030,105,70,0.16637066765200423
1,2030,105,84,0.1731139564846636
1,2030,105,96,0.591588437984363
1,2030,105,116,0.040675519156623825
1,2030,106,70,0.03934775102776372
1,2030,106,84,0.383884344715033
1,2030,106,85,0.07240245312845892
1,2030,106,96,0.5043654511287443
1,2030,107,62,0.1759411571852409
1,2030,107,70,0.06876920823136316
1,2030,107,71,0.024984509960842456
1,2030,107,79,0.10342624212479365
1,2030,107,81,0.09956845653218174
1,2030,107,96,0.050366187831562444
1,2030,107,99,0.012322274642427685
1,2030,107,105,0.464621963491588
1,2030,108,62,0.5705081635415707
1,2030,108,68,0.13532490493155125
1,2030,108,74,0.08179528922817138
1,2030,108,85,0.022917266057718863
1,2030,108,93,0.076489696779984
1,2030,108,117,0.11296467946100384
1,2030,109,62,0.13473557928050256
1,2030,109,71,0.017580316348694804
1,2030,109,79,0.025067646387776112
1,2030,109,85,0.016630797383615458
1,2030,109,87,0.021767407497408752
1,2030,109,95,0.06647621291532879
1,2030,109,100,0.6467109157949658
1,2030,109,117,0.07103112439170778
1,2030,110,62,0.09429710008115472
1,2030,110,71,0.10687648924813985
1,2030,110,74,0.17241609486792356
1,2030,110,76,0.06498366103402917
1,2030,110,85,0.29713517103793213
1,2030,110,93,0.021432593850166905
1,2030,110,96,0.12574035457333674
1,2030,110,97,0.028708344345170556
1,2030,110,98,0.031043547382986123
1,2030,110,101,0.045074825488028915
1,2030,110,117,0.012291818091131283
1,2030,111,71,0.2364124119294957
1,2030,111,85,0.08167174221449905
1,2030,111,93,0.013142186629741546
1,2030,111,94,0.1053799883201845
1,2030,111,96,0.1807157576858904
1,2030,111,100,0.2651916871394138
1,2030,111,115,0.027601629245292417
1,2030,111,117,0.08988459683548257
1,2030,112,62,0.09841173260539363
1,2030,112,71,0.07732472815038192
1,2030,112,72,0.012626739296848174
1,2030,112,74,0.41019522558713745
1,2030,112,76,0.09711126952820939
1,2030,112,80,0.046125055612592794
1,2030,112,89,0.17643277165424726
1,2030,112,96,0.025669261150245308
1,2030,112,110,0.05610321641494404
1,2030,113,62,0.7121635750183167
1,2030,113,78,0.021499305791404785
1,2030,113,79,0.043285191475914586
1,2030,113,85,0.04717736277795743
1,2030,113,95,0.11293222652086798
1,2030,113,106,0.01566279397266079
1,2030,113,117,0.04727954444287754
1,2030,114,79,1.0
1,2030,115,62,0.0805634120174663
1,2030,115,79,0.9001468282014984
1,2030,115,81,0.019289759781035296
1,2030,116,93,1.0
1,2030,117,65,0.03134730811176774
1,2030,117,66,0.02220799341240984
1,2030,117,71,0.4827232029983066
1,2030,117,72,0.26422892447878304
1,2030,117,82,0.09702315878864759
1,2030,117,88,0.018130192390088326
1,2030,117,92,0.027113619980453425
1,2030,117,103,0.05722559983954348
1,2030,118,62,0.298421374512576
1,2030,118,67,0.015003456408348905
1,2030,118,87,0.06796776153857038
1,2030,118,93,0.01166057587052819
1,2030,118,101,0.48187575819931866
1,2030,118,106,0.07972575972921657
1,2030,118,109,0.0453453137414411
1,2030,119,62,0.38560218259938245
1,2030,119,70,0.01430842212759698
1,2030,119,71,0.03158661056685409
1,2030,119,80,0.0415011307468773
1,2030,119,87,0.10421441699971803
1,2030,119,96,0.02240723723175537
1,2030,119,105,0.37693591431039447
1,2030,119,114,0.023444085417421306
1,2030,120,62,0.7498909397089369
1,2030,120,71,0.125026201589972
1,2030,120,85,0.0236142999721541
1,2030,120,89,0.0215186182958868
1,2030,120,100,0.0406191756402311
1,2030,120,105,0.03933076479281897
1,2030,121,62,1.0
1,2030,122,62,0.42391284248303873
1,2030,122,74,0.18376927850916414
1,2030,122,76,0.22496992448216632
1,2030,122,117,0.16734795452563084
1,2030,123,62,0.3979880362400819
1,2030,123,71,0.08321692951885698
1,2030,123,79,0.0510178928524791
1,2030,123,87,0.020721906743031246
1,2030,123,90,0.07039614406476123
1,2030,123,95,0.07057780191360699
1,2030,123,105,0.1310668083694194
1,2030,123,115,0.17501448029776326
1,2030,124,62,0.25517006326010816
1,2030,124,70,0.014136843313649141
1,2030,124,74,0.2243405272630379
1,2030,124,79,0.09960375057918638
1,2030,124,93,0.019474205197140763
1,2030,124,95,0.3872746103868777
1,2030,125,62,0.7219941304709576
1,2030,125,64,0.026971758545656938
1,2030,125,70,0.05531235926609149
1,2030,125,77,0.03400636805923421
1,2030,125,79,0.12382902047637702
1,2030,125,106,0.015658385420583728
1,2030,125,120,0.022227977761098937
1,2030,126,62,0.8517880652219327
1,2030,126,67,0.015193884846263241
1,2030,126,69,0.023801680372351072
1,2030,126,86,0.06388287644343502
1,2030,126,90,0.01808227885990899
1,2030,126,92,0.014346974042103874
1,2030,126,106,0.01290424021400508
1,2030,127,62,0.6893626627943401
1,2030,127,67,0.011134749578852054
1,2030,127,68,0.10268324614269167
1,2030,127,76,0.010493477403680453
1,2030,127,93,0.07084621056696619
1,2030,127,101,0.11547965351346949
1,2030,128,63,0.050525901731480465
1,2030,128,68,0.034700727115836126
1,2030,128,74,0.4244968444120696
1,2030,128,76,0.2231073936406499
1,2030,128,89,0.013430455660496316
1,2030,128,110,0.1627256829502927
1,2030,128,112,0.025346445167213037
1,2030,128,117,0.06566654932196182
1,2030,129,62,0.01539371274438039
1,2030,129,63,0.011358850876860033
1,2030,129,71,0.43496038564977485
1,2030,129,76,0.0635707411422533
1,2030,129,77,0.1123067720193119
1,2030,129,89,0.026194628231013935
1,2030,129,94,0.061385626566943595
1,2030,129,96,0.0739325269373681
1,2030,129,110,0.06478539396716536
1,2030,129,112,0.05975779268601069
1,2030,129,117,0.07635356917891797
1,2030,130,62,0.8395047360611617
1,2030,130,67,0.04204776673476599
1,2030,130,73,0.018057746426847335
1,2030,130,78,0.017436636685848102
1,2030,130,82,0.0307023017824727
1,2030,130,90,0.05225081230890404
1,2030,131,100,1.0
1,2030,132,70,1.0
1,2030,133,62,0.15464785685429394
1,2030,133,70,0.03841775262559146
1,2030,133,79,0.16327451670088966
1,2030,133,81,0.09704098193697692
1,2030,133,93,0.5466188918822479
1,2030,134,62,0.2767734597681579
1,2030,134,71,0.2322911693872887
1,2030,134,74,0.10254417492269587
1,2030,134,93,0.08649675217929197
1,2030,134,105,0.26662357688492927
1,2030,134,117,0.035270866857636134
1,2030,135,68,0.14186493476543457
1,2030,135,74,0.4514333710032729
1,2030,135,77,0.2266686164566792
1,2030,135,86,0.012133789745154904
1,2030,135,92,0.1206670882433713
1,2030,135,93,0.0472321997860871
1,2030,136,94,1.0
1,2030,137,63,0.10090554810855434
1,2030,137,64,0.01607996952497698
1,2030,137,66,0.02273322746598283
1,2030,137,68,0.08264937167872974
1,2030,137,74,0.11116366340398005
1,2030,137,77,0.01719790099873351
1,2030,137,84,0.18711526166586825
1,2030,137,96,0.4621550571531743
1,2030,138,115,1.0
1,2030,139,62,0.2719032327300837
1,2030,139,70,0.05537812520155441
1,2030,139,71,0.030336660475816814
1,2030,139,79,0.10761228139183597
1,2030,139,80,0.05181996768100039
1,2030,139,87,0.037760458047345936
1,2030,139,96,0.045417092223149144
1,2030,139,105,0.3409794516512687
1,2030,139,115,0.05879273059794469
1,2030,140,74,1.0
1,2030,141,63,0.055982902151126245
1,2030,141,70,0.06201723146768712
1,2030,141,71,0.4588711322872556
1,2030,141,80,0.11504340947076008
1,2030,141,89,0.17639458227258556
1,2030,141,96,0.10429960777154049
1,2030,141,118,0.027391134579045025
1,2030,142,62,0.46983492879884375
1,2030,142,68,0.06862176779340032
1,2030,142,69,0.01788518564689684
1,2030,142,79,0.26509873432500874
1,2030,142,86,0.02960525648110432
1,2030,142,93,0.04898411982030837
1,2030,142,95,0.05209434684471447
1,2030,142,120,0.047875660289723065
1,2030,143,62,0.2602799450815183
1,2030,143,74,0.07165180701879167
1,2030,143,76,0.07167685186956288
1,2030,143,77,0.25448115317534725
1,2030,143,79,0.0292520577251694
1,2030,143,92,0.0113940240675572
1,2030,143,106,0.015803080820362605
1,2030,143,107,0.01462782369208905
1,2030,143,117,0.27083325654960155
1,2030,144,62,0.3223988328358339
1,2030,144,68,0.01576222422765384
1,2030,144,71,0.06481020615477874
1,2030,144,74,0.15890720977085324
1,2030,144,77,0.31721787283742975
1,2030,144,89,0.03492237555307877
1,2030,144,95,0.04942228695540877
1,2030,144,100,0.03655899166496304
1,2030,145,62,0.343926972516994
1,2030,145,74,0.06933476616079866
1,2030,145,77,0.013875539800518021
1,2030,145,79,0.05821732147818612
1,2030,145,93,0.1404030806617056
1,2030,145,100,0.01114662231287314
1,2030,145,106,0.03274326082541838
1,2030,145,115,0.06804718101855278
1,2030,145,117,0.24479435622886211
1,2030,145,118,0.017510898996091314
1,2030,146,74,0.11060703728311212
1,2030,146,89,0.14927355128331357
1,2030,146,96,0.6542449523198837
1,2030,146,100,0.08587445911369058
1,2030,147,63,0.04833995472784511
1,2030,147,68,0.06172157758727863
1,2030,147,74,0.14684329127705287
1,2030,147,89,0.026928863928942306
1,2030,147,96,0.7161663124788811
1,2030,148,62,0.012282933138529961
1,2030,148,70,0.11424676240233904
1,2030,148,71,0.010207156998339002
1,2030,148,77,0.08082924639155119
1,2030,148,89,0.2975198987250386
1,2030,148,96,0.0286325461869512
1,2030,148,105,0.08451440729276943
1,2030,148,117,0.023305055543055696
1,2030,148,118,0.3484619933214261
1,2030,149,62,0.20010232541982728
1,2030,149,74,0.02779643653455917
1,2030,149,79,0.09336746520798365
1,2030,149,87,0.03709916746857133
1,2030,149,91,0.021109733164175682
1,2030,149,93,0.023214321676839598
1,2030,149,94,0.028894027006577394
1,2030,149,95,0.43322796376972833
1,2030,149,96,0.034991478409650646
1,2030,149,100,0.0566156054696305
1,2030,149,116,0.02167292982428289
1,2030,149,117,0.021908546048173497
1,2030,150,62,0.03164913384718888
1,2030,150,70,0.19252845488651263
1,2030,150,74,0.05759363785187634
1,2030,150,79,0.21808383217688923
1,2030,150,93,0.11971113362407598
1,2030,150,99,0.012897424858596795
1,2030,150,117,0.34837452455729484
1,2030,150,120,0.01916185819756538
1,2030,151,62,0.20551645279067765
1,2030,151,70,0.13643231876228668
1,2030,151,74,0.09203933912316807
1,2030,151,79,0.2702464638939953
1,2030,151,81,0.021315722929258943
1,2030,151,85,0.2004454497123094
1,2030,151,91,0.037889526993616314
1,2030,151,99,0.03611472579468748
1,2030,152,62,0.06814450546273654
1,2030,152,70,0.031952272685276645
1,2030,152,74,0.038162877169308045
1,2030,152,79,0.20651986912486006
1,2030,152,81,0.11515461612118938
1,2030,152,93,0.34057174102911053
1,2030,152,99,0.03678802944589573
1,2030,152,117,0.1627060889616232
1,2030,153,62,0.05554236048541777
1,2030,153,74,0.06583300538892124
1,2030,153,77,0.025837466103784255
1,2030,153,80,0.027141197126725778
1,2030,153,81,0.166489764286331
1,2030,153,89,0.0347973153894175
1,2030,153,96,0.14292319773058904
1,2030,153,100,0.3605185959884652
1,2030,153,117,0.12091709750034835
1,2030,154,62,0.45314588393990646
1,2030,154,70,0.05338599458100495
1,2030,154,74,0.017747732611328497
1,2030,154,77,0.028921834229116292
1,2030,154,79,0.05211663733359389
1,2030,154,81,0.20199053863497168
1,2030,154,91,0.03360076772569429
1,2030,154,111,0.02092333644095689
1,2030,154,117,0.13816727450342717
1,2030,155,62,0.04217753127084387
1,2030,155,68,0.557802533040315
1,2030,155,74,0.13222443441049192
1,2030,155,93,0.058382654488570815
1,2030,155,96,0.0841321552942322
1,2030,155,100,0.03708934155952652
1,2030,155,116,0.08819134993601964
1,2030,156,63,0.10041922303972838
1,2030,156,74,0.03498663660138158
1,2030,156,84,0.2780285606145613
1,2030,156,85,0.01053529314024398
1,2030,156,96,0.498706058148046
1,2030,156,100,0.02119896807203132
1,2030,156,116,0.05612526038400748
1,2030,157,63,0.13663895412700286
1,2030,157,73,0.0761193574884727
1,2030,157,84,0.25217082509659855
1,2030,157,89,0.05676220957955647
1,2030,157,96,0.45744648132249643
1,2030,157,108,0.02086217238587306
1,2030,158,61,0.01820259945219604
1,2030,158,63,0.23979625301336283
1,2030,158,68,0.013659475178619634
1,2030,158,73,0.0259396632617911
1,2030,158,84,0.02474467432394559
1,2030,158,89,0.0849727755948269
1,2030,158,96,0.5387024733076415
1,2030,158,104,0.022787457024025494
1,2030,158,108,0.031194628843590838
1,2030,159,63,0.11874550334565835
1,2030,159,68,0.01601438018252931
1,2030,159,89,0.09087562880274969
1,2030,159,96,0.6115316382790146
1,2030,159,103,0.05744418427764866
1,2030,159,108,0.035864189497576845
1,2030,159,112,0.04978138777783212
1,2030,159,119,0.019743087836990494
1,2030,160,63,0.04556274055191055
1,2030,160,66,0.060538001045627565
1,2030,160,73,0.06424092947142866
1,2030,160,84,0.09558038382350179
1,2030,160,96,0.6555084056535607
1,2030,160,103,0.06497812085229844
1,2030,160,108,0.013591418601672272
1,2030,161,67,0.021935052140545655
1,2030,161,69,0.030669545164022496
1,2030,161,78,0.050507323142198156
1,2030,161,79,0.04090037203832564
1,2030,161,90,0.049846149345646164
1,2030,161,96,0.7747549007898141
1,2030,161,99,0.03138665737944789
1,2030,162,62,0.05267679923254664
1,2030,162,71,0.10098483256836487
1,2030,162,74,0.097487872885145
1,2030,162,85,0.1606388431268865
1,2030,162,93,0.017773949362445876
1,2030,162,94,0.018711633279584285
1,2030,162,96,0.011612909954941816
1,2030,162,99,0.03622626386584199
1,2030,162,114,0.3523293214848732
1,2030,162,117,0.15155757423936972
1,2030,163,62,0.044868438114109274
1,2030,163,64,0.08070377434424854
1,2030,163,74,0.05409586831037353
1,2030,163,77,0.06911731788547348
1,2030,163,80,0.041570223712554734
1,2030,163,92,0.01790445712556872
1,2030,163,93,0.012654212962676815
1,2030,163,98,0.036107442001595734
1,2030,163,102,0.042002322098349504
1,2030,163,106,0.08519883915374166
1,2030,163,114,0.029403783470543846
1,2030,163,117,0.4863733208207643
1,2030,164,71,0.09544756139696893
1,2030,164,74,0.13254973301260398
1,2030,164,88,0.05546813488510046
1,2030,164,93,0.08196643554518274
1,2030,164,96,0.18781890442577814
1,2030,164,97,0.024815292848374085
1,2030,164,100,0.019392792008108825
1,2030,164,103,0.01154061634038645
1,2030,164,117,0.39100052953749637
1,2030,165,63,0.01066431077280695
1,2030,165,66,0.04045706250430676
1,2030,165,68,0.16728564681543623
1,2030,165,74,0.01939505748364454
1,2030,165,86,0.023040922775569576
1,2030,165,93,0.06484101196562678
1,2030,165,96,0.6213114401368354
1,2030,165,108,0.019719498341260903
1,2030,165,117,0.03328504920451287
1,2030,166,63,0.3233413724796604
1,2030,166,66,0.02024901577715803
1,2030,166,84,0.033911492284625665
1,2030,166,96,0.511186882567598
1,2030,166,103,0.11131123689095793
1,2030,167,71,0.023932599010387648
1,2030,167,80,0.0999204660054057
1,2030,167,89,0.18646160671277204
1,2030,167,96,0.23554348763328475
1,2030,167,110,0.45414184063814983
1,2030,168,62,0.7171918256222053
1,2030,168,71,0.016753170295923714
1,2030,168,87,0.055605276350954976
1,2030,168,90,0.023318308757304007
1,2030,168,94,0.03799526799132004
1,2030,168,105,0.12048703870192946
1,2030,168,110,0.013664487658272747
1,2030,168,114,0.014984624622089746
1,2030,169,62,0.6089445394936661
1,2030,169,75,0.09466669535847588
1,2030,169,95,0.2576401079189154
1,2030,169,105,0.03874865722894265
1,2030,170,62,0.3408255399576675
1,2030,170,74,0.014910846958882009
1,2030,170,95,0.49841577407600635
1,2030,170,100,0.030358663416164656
1,2030,170,111,0.11548917559127948
1,2030,171,62,0.5122303545828533
1,2030,171,68,0.047385721722186705
1,2030,171,69,0.029134233275700496
1,2030,171,75,0.08996649398556597
1,2030,171,82,0.16142125576127295
1,2030,171,95,0.13433017390049898
1,2030,171,101,0.02553176677192176
1,2030,172,68,0.5297602596830385
1,2030,172,74,0.22686248716373725
1,2030,172,76,0.08220847810913262
1,2030,172,83,0.057183357516626544
1,2030,172,112,0.10398541752746493
1,2030,173,63,0.7934706826042585
1,2030,173,74,0.06333481757723634
1,2030,173,76,0.02350605863164037
1,2030,173,83,0.012423383015521046
1,2030,173,96,0.07886691433012624
1,2030,173,103,0.010646549507814164
1,2030,173,116,0.017751594333403502
1,2030,174,63,0.24698516404893256
1,2030,174,84,0.1378764286364317
1,2030,174,85,0.01281108344848749
1,2030,174,96,0.5041709549723383
1,2030,174,103,0.061649834239942386
1,2030,174,108,0.021132431371535504
1,2030,174,116,0.015374103282332078
1,2030,175,63,0.06523138583966323
1,2030,175,84,0.16162478547782905
1,2030,175,96,0.5724052381068221
1,2030,175,103,0.13561899482947756
1,2030,175,116,0.06511959574620814
1,2030,176,63,0.13253964466030826
1,2030,176,68,0.020089228681690895
1,2030,176,74,0.011794122942050634
1,2030,176,84,0.15499282822489693
1,2030,176,110,0.5937344275967009
1,2030,176,115,0.016858603189704315
1,2030,176,116,0.06999114470464803
1,2030,177,61,0.04131291166970672
1,2030,177,63,0.0728435161198715
1,2030,177,74,0.013124409349129135
1,2030,177,83,0.0308179095589929
1,2030,177,85,0.01983756235028785
1,2030,177,89,0.1143886770241615
1,2030,177,110,0.6752252956611714
1,2030,177,117,0.03244971826667887
1,2030,178,62,0.05817399192351724
1,2030,178,76,0.12437435900079812
1,2030,178,77,0.020274052024497915
1,2030,178,78,0.010331662730398712
1,2030,178,79,0.05102168172095385
1,2030,178,105,0.6467335249402295
1,2030,178,106,0.01218367748113835
1,2030,178,117,0.07690705017846643
1,2030,179,62,0.691471135545056
1,2030,179,69,0.019303329513610298
1,2030,179,75,0.02742646152497403
1,2030,179,79,0.01972662892613966
1,2030,179,82,0.0451024780112624
1,2030,179,95,0.15531508358115817
1,2030,179,101,0.016370917074902507
1,2030,179,120,0.025283965822896822
1,2030,180,62,0.6979260035539372
1,2030,180,75,0.09717161478913931
1,2030,180,82,0.05338014537150958
1,2030,180,95,0.151522236285414
1,2030,181,62,0.7324859960741723
1,2030,181,75,0.044604202413241305
1,2030,181,79,0.014703715793901229
1,2030,181,82,0.016573009635748735
1,2030,181,85,0.031673268049501636
1,2030,181,95,0.14156570923183545
1,2030,181,120,0.018394098801599267
1,2030,182,62,0.7969976322009442
1,2030,182,66,0.040635406465713834
1,2030,182,77,0.021521947772871322
1,2030,182,79,0.044148918763338214
1,2030,182,95,0.041761988346327134
1,2030,182,120,0.054934106450805334
1,2030,183,62,0.10671812228375868
1,2030,183,68,0.02719485734161925
1,2030,183,74,0.0901634790060579
1,2030,183,77,0.10129541513983746
1,2030,183,79,0.27879686624768957
1,2030,183,95,0.3122845644074687
1,2030,183,106,0.0835466955735684
1,2030,184,62,0.20540124427613302
1,2030,184,70,0.07571254426942169
1,2030,184,76,0.023162621730720912
1,2030,184,78,0.06471437021490674
1,2030,184,79,0.10412198067838896
1,2030,184,80,0.026671264467945842
1,2030,184,89,0.11714933326608198
1,2030,184,95,0.025267797179594084
1,2030,184,113,0.2861862383321181
1,2030,184,117,0.07161260558468867
1,2030,185,62,0.31226769891325123
1,2030,185,74,0.06232227291273446
1,2030,185,79,0.0979829979018468
1,2030,185,81,0.05847760504929578
1,2030,185,93,0.08495388853028597
1,2030,185,94,0.014365865986612195
1,2030,185,95,0.35594843193911363
1,2030,185,117,0.01368123876685989
1,2030,186,63,0.10033900467500446
1,2030,186,68,0.1213094323846756
1,2030,186,74,0.5396437334422753
1,2030,186,75,0.039419529227066014
1,2030,186,76,0.011655546692975858
1,2030,186,81,0.010101526849940189
1,2030,186,89,0.022970334694021436
1,2030,186,101,0.038788672140634486
1,2030,186,105,0.05470333256918798
1,2030,186,110,0.010344629836019968
1,2030,186,117,0.05072425748819869
1,2030,187,63,0.30042642738360975
1,2030,187,68,0.07679201967390975
1,2030,187,89,0.08160275775308451
1,2030,187,96,0.5411787951893962
1,2030,188,63,0.11807054421146529
1,2030,188,72,0.015008365082324173
1,2030,188,76,0.02699752683518201
1,2030,188,82,0.042590423673559426
1,2030,188,89,0.10892210433561783
1,2030,188,95,0.03635248347626127
1,2030,188,96,0.5991369487971211
1,2030,188,110,0.03720679351922951
1,2030,188,117,0.015714810069239415
1,2030,189,62,0.07063287959622115
1,2030,189,71,0.1329142416852178
1,2030,189,72,0.027398752697675225
1,2030,189,82,0.08588556879625846
1,2030,189,88,0.1616056000017555
1,2030,189,89,0.10476035949123673
1,2030,189,96,0.02181892183326846
1,2030,189,100,0.30123415669425163
1,2030,189,105,0.02384795747720281
1,2030,189,109,0.017594726623237546
1,2030,189,110,0.052306835103674794
1,2030,190,62,0.20937197691390422
1,2030,190,74,0.09549220536266019
1,2030,190,77,0.01766796325228365
1,2030,190,79,0.07175336724502558
1,2030,190,92,0.020928172498074816
1,2030,190,93,0.09246664967586274
1,2030,190,95,0.4110530179780837
1,2030,190,101,0.04350619783656572
1,2030,190,111,0.037760449237539455
1,2030,191,62,0.11893703788931807
1,2030,191,77,0.046477341747175785
1,2030,191,82,0.03178166102663708
1,2030,191,89,0.03168568299285456
1,2030,191,109,0.2068539989136739
1,2030,191,112,0.013080243589133187
1,2030,191,117,0.41965411551275983
1,2030,191,118,0.1315299183284477
1,2030,192,71,0.262950073972811
1,2030,192,85,0.01525965314252824
1,2030,192,94,0.014394011805838535
1,2030,192,100,0.10698599381070634
1,2030,192,105,0.600410267268116
1,2030,193,62,0.0890021739491987
1,2030,193,68,0.4676318564797763
1,2030,193,74,0.17804705930743495
1,2030,193,76,0.016865676368271167
1,2030,193,77,0.08920096894573742
1,2030,193,80,0.03960607559469669
1,2030,193,89,0.11964618935488468
1,2030,194,63,0.22249014112289847
1,2030,194,66,0.04938958354399568
1,2030,194,68,0.12034530226445647
1,2030,194,74,0.13576429708384172
1,2030,194,77,0.07416983850046839
1,2030,194,84,0.04085147483576239
1,2030,194,85,0.06265780670492795
1,2030,194,89,0.05123801380898271
1,2030,194,96,0.24309354213466614
1,2030,195,63,0.1760117155358077
1,2030,195,68,0.1329384537597114
1,2030,195,77,0.053312007519525674
1,2030,195,84,0.06422132844594104
1,2030,195,89,0.014607303762167161
1,2030,195,94,0.1150934242935765
1,2030,195,96,0.44381576668327055
1,2030,196,70,0.1299509985657219
1,2030,196,71,0.2874740894598245
1,2030,196,80,0.20075409331853655
1,2030,196,89,0.3339197378722512
1,2030,196,96,0.016260226945607942
1,2030,196,105,0.03164085383805783
1,2030,197,62,0.39212814019681075
1,2030,197,68,0.1040430420611786
1,2030,197,79,0.012995435525615837
1,2030,197,95,0.42370186807431787
1,2030,197,101,0.014978197107272653
1,2030,197,111,0.05215331703480441
1,2030,198,62,0.3112197387398812
1,2030,198,79,0.061009598630545656
1,2030,198,95,0.5965548037627035
1,2030,198,111,0.0312158588668697
1,2030,199,68,1.0
1,2030,200,63,0.14195519345465837
1,2030,200,71,0.024856947139287107
1,2030,200,73,0.04776239927081774
1,2030,200,85,0.032380286121472764
1,2030,200,89,0.753045174013764
1,2030,201,95,1.0
1,2030,202,62,0.18209529703853045
1,2030,202,67,0.027457631059808328
1,2030,202,74,0.03324227251153744
1,2030,202,93,0.30031412200301794
1,2030,202,95,0.4005363624128476
1,2030,202,96,0.017555192321838498
1,2030,202,101,0.01281477017082542
1,2030,202,115,0.025984352481594336
1,2030,203,63,0.2368944850724314
1,2030,203,84,0.22794100946877238
1,2030,203,96,0.4538998001705471
1,2030,203,98,0.05364060447992778
1,2030,203,103,0.027624100808321245
1,2030,204,63,1.0
1,2030,205,89,1.0
1,2030,206,85,1.0
1,2030,207,62,0.16421017676129937
1,2030,207,70,0.018377627517953743
1,2030,207,71,0.035686312591386896
1,2030,207,79,0.09052997867834359
1,2030,207,89,0.5610606311853017
1,2030,207,96,0.031532130761768244
1,2030,207,99,0.04212105576913625
1,2030,207,100,0.05648208673481014
1,2030,208,62,0.15305297507601714
1,2030,208,71,0.11630270021981531
1,2030,208,87,0.07064523407191453
1,2030,208,95,0.4414127939054652
1,2030,208,105,0.21858629672678778
1,2030,209,62,0.37333186290861303
1,2030,209,71,0.1169439185578635
1,2030,209,74,0.07236564952096805
1,2030,209,80,0.05422074192748563
1,2030,209,89,0.01771783150299101
1,2030,209,95,0.34021922396438603
1,2030,209,102,0.025200771617692644
1,2030,210,62,0.6768461072837936
1,2030,210,68,0.03822985067092445
1,2030,210,79,0.04518818377722782
1,2030,210,87,0.010558713038013026
1,2030,210,95,0.20864744225314577
1,2030,210,99,0.02052970297689525
1,2030,211,62,0.021796703559881617
1,2030,211,68,0.11006171578879685
1,2030,211,74,0.015184391274066402
1,2030,211,79,0.08133238378789986
1,2030,211,93,0.1151912862005278
1,2030,211,95,0.572096962010592
1,2030,211,107,0.08433655737823559
1,2030,212,63,0.013121359623321642
1,2030,212,65,0.012959339188653628
1,2030,212,71,0.05777939070084094
1,2030,212,88,0.07088253974292262
1,2030,212,89,0.015807207056265548
1,2030,212,98,0.03923022675085205
1,2030,212,100,0.04435180533021028
1,2030,212,102,0.05039697912989814
1,2030,212,109,0.033844933124842484
1,2030,212,117,0.6616262193521927
1,2030,213,62,0.061871126202453705
1,2030,213,68,0.031402850409846625
1,2030,213,74,0.06313358198693823
1,2030,213,77,0.2550854991160646
1,2030,213,89,0.33578806196252103
1,2030,213,95,0.09743489362605062
1,2030,213,117,0.12198066780406344
1,2030,213,119,0.03330331889206178
1,2030,214,62,0.12906208523948798
1,2030,214,68,0.19863849808239525
1,2030,214,79,0.029364946718912197
1,2030,214,95,0.5277288197729568
1,2030,214,107,0.0893689141968025
1,2030,214,117,0.025836735989445272
1,2030,215,117,1.0
1,2030,216,62,0.24439355919806682
1,2030,216,71,0.045931590865473534
1,2030,216,77,0.08442241724156001
1,2030,216,87,0.13576071378166524
1,2030,216,115,0.058398627904387865
1,2030,216,117,0.41605559253357116
1,2030,216,118,0.015037498475275402
1,2030,217,62,0.13692539478749455
1,2030,217,74,0.14535211980111012
1,2030,217,77,0.1207931120957745
1,2030,217,80,0.14237542625990787
1,2030,217,89,0.013441459621236522
1,2030,217,96,0.04986870032011988
1,2030,217,105,0.3912437871143567
1,2030,218,62,0.2549760989631826
1,2030,218,79,0.08488014473990015
1,2030,218,95,0.5693252998913899
1,2030,218,111,0.09081845640552737
1,2030,219,62,0.15609026927417474
1,2030,219,74,0.0909999844008673
1,2030,219,79,0.05006067309998257
1,2030,219,95,0.5399688588029209
1,2030,219,100,0.015941949909102075
1,2030,219,106,0.032259610707447844
1,2030,219,111,0.11467865380550468
1,2030,220,68,0.6647734592852466
1,2030,220,71,0.020591909123150866
1,2030,220,74,0.07643605885894417
1,2030,220,96,0.06370163928101777
1,2030,220,97,0.05656472293547621
1,2030,220,98,0.06395783999905391
1,2030,220,108,0.030630840804151047
1,2030,220,110,0.012363840766884921
1,2030,220,116,0.010979688946074557
1,2030,221,63,0.6798285784348007
1,2030,221,67,0.02558717921078638
1,2030,221,72,0.04099956871277832
1,2030,221,76,0.038938092126641184
1,2030,221,83,0.050716347026109485
1,2030,221,103,0.05842522842240048
1,2030,221,109,0.012445596645409094
1,2030,221,110,0.0930594094210744
1,2030,222,105,1.0
1,2030,223,62,0.7145259214662136
1,2030,223,68,0.03261389492804077
1,2030,223,77,0.0461763921440366
1,2030,223,89,0.12571601202445237
1,2030,223,95,0.02175684252930892
1,2030,223,102,0.059210936907947744
1,2030,224,62,0.5533936130421083
1,2030,224,68,0.17085287760986534
1,2030,224,75,0.03181865374292371
1,2030,224,79,0.06801949969465265
1,2030,224,95,0.13267308127050254
1,2030,224,117,0.010253081652977988
1,2030,224,120,0.032989192986969465
1,2030,225,63,0.08088927480515035
1,2030,225,66,0.08260814185000484
1,2030,225,68,0.6328423439394218
1,2030,225,77,0.04064162181391729
1,2030,225,84,0.03891534973844882
1,2030,225,91,0.08072689544580518
1,2030,225,116,0.02126503333218633
1,2030,225,119,0.022111339075065142
1,2030,226,61,0.03615044090097066
1,2030,226,63,0.5576254443136405
1,2030,226,64,0.011138740927838325
1,2030,226,70,0.0667871952974527
1,2030,226,84,0.18130227132812324
1,2030,226,85,0.04504600417694178
1,2030,226,108,0.019338604058806948
1,2030,226,116,0.08261129899622593
1,2030,227,61,0.06802420153750939
1,2030,227,63,0.22401616007393593
1,2030,227,84,0.09365931686527633
1,2030,227,92,0.025097047402867313
1,2030,227,96,0.5892032741204111
1,2030,228,67,0.020006447138276595
1,2030,228,71,0.07924106262875957
1,2030,228,75,0.02560868248301802
1,2030,228,83,0.07581901637603806
1,2030,228,87,0.037190320618658616
1,2030,228,89,0.7003714388421799
1,2030,228,96,0.020330360005620447
1,2030,228,97,0.012310251964224044
1,2030,228,109,0.010677331885859743
1,2030,228,110,0.018445088057365076
1,2030,229,62,0.04810890604257573
1,2030,229,77,0.03792006284383695
1,2030,229,79,0.030286340123576058
1,2030,229,95,0.6994004933409783
1,2030,229,106,0.02738781731302961
1,2030,229,111,0.15689638033600328
1,2030,230,62,0.705735815421079
1,2030,230,68,0.07298591463915308
1,2030,230,75,0.023075742267036164
1,2030,230,79,0.034748489460063446
1,2030,230,95,0.06196955562254783
1,2030,230,120,0.10148448259012037
1,2030,231,61,0.04557049971681753
1,2030,231,62,0.8269745408270525
1,2030,231,68,0.03304575765576527
1,2030,231,75,0.04020269376707111
1,2030,231,95,0.01548476001196458
1,2030,231,107,0.026628360140231542
1,2030,231,117,0.012093387881097439
1,2030,232,62,0.011661659728630895
1,2030,232,82,0.022136028673877088
1,2030,232,93,0.036054861148992805
1,2030,232,101,0.07593143913665756
1,2030,232,102,0.026696100890832377
1,2030,232,106,0.1772046176668469
1,2030,232,109,0.0736525982667879
1,2030,232,117,0.5766626944873745
1,2030,233,63,0.13046919107251653
1,2030,233,67,0.02762121028143589
1,2030,233,68,0.11804042237655789
1,2030,233,69,0.0456328454819027
1,2030,233,72,0.022215051715679345
1,2030,233,74,0.3468338555939707
1,2030,233,76,0.0232132485501289
1,2030,233,81,0.01741343018296495
1,2030,233,82,0.04026082457135223
1,2030,233,89,0.046393568923288137
1,2030,233,95,0.021620223437268677
1,2030,233,104,0.031150744899890132
1,2030,233,107,0.01648575683708552
1,2030,233,112,0.010765367478732598
1,2030,233,117,0.10188425859722576
1,2030,234,63,0.08180352186764703
1,2030,234,68,0.07649786260273432
1,2030,234,72,0.028867977823483278
1,2030,234,76,0.0778280180704775
1,2030,234,82,0.08369286603258275
1,2030,234,89,0.06625371284338831
1,2030,234,95,0.056360607816456194
1,2030,234,96,0.4102779753099389
1,2030,234,110,0.01632278512828429
1,2030,234,112,0.012345445136636777
1,2030,234,117,0.07913326630475588
1,2030,234,119,0.010615961063614706
1,2030,235,63,0.07685629734339425
1,2030,235,68,0.039269683991952666
1,2030,235,71,0.041984309742598244
1,2030,235,72,0.031100765085554267
1,2030,235,76,0.15885363793407065
1,2030,235,82,0.02888271475079189
1,2030,235,88,0.010898210781101767
1,2030,235,89,0.07545455280861882
1,2030,235,93,0.020888928089311216
1,2030,235,95,0.0783633697705772
1,2030,235,110,0.053995406797669204
1,2030,235,117,0.10021034484190369
1,2030,235,118,0.2689628991555746
1,2030,235,119,0.014278878906881703
1,2030,236,62,0.07639350730662856
1,2030,236,68,0.021882600920157255
1,2030,236,74,0.024750045066898894
1,2030,236,76,0.12291516954062852
1,2030,236,77,0.09220847794565343
1,2030,236,80,0.020854530946150647
1,2030,236,85,0.40366146852336254
1,2030,236,89,0.03312438135313687
1,2030,236,96,0.030367476607442156
1,2030,236,107,0.042727757200693356
1,2030,236,110,0.013932235739957966
1,2030,236,111,0.014978389273030874
1,2030,236,112,0.055821809719809365
1,2030,236,114,0.029824314052003864
1,2030,236,118,0.01655783580444559
1,2030,237,62,0.1407706033598588
1,2030,237,67,0.07106245902004688
1,2030,237,70,0.09219243525531613
1,2030,237,71,0.03372908232794437
1,2030,237,79,0.02026498747082166
1,2030,237,81,0.04154326831900421
1,2030,237,87,0.03638631253787647
1,2030,237,93,0.02955303648837261
1,2030,237,96,0.014648621070143662
1,2030,237,99,0.015820430028146246
1,2030,237,111,0.01917073024778721
1,2030,237,115,0.07083002283975796
1,2030,237,117,0.41402801103492376
1,2030,238,64,0.012580574092836052
1,2030,238,74,0.5816926211430816
1,2030,238,77,0.12690541003500294
1,2030,238,81,0.02477373502732879
1,2030,238,87,0.06000843638634387
1,2030,238,89,0.0258968205859156
1,2030,238,90,0.052151777089322914
1,2030,238,91,0.02077821702082205
1,2030,238,95,0.013059127655360367
1,2030,238,117,0.08215328096398572
1,2030,239,61,0.035851211415131944
1,2030,239,63,0.17840266785648856
1,2030,239,68,0.07497551220661046
1,2030,239,74,0.2576013953402263
1,2030,239,81,0.08294367225729539
1,2030,239,83,0.13079602390336592
1,2030,239,89,0.0330214659959151
1,2030,239,91,0.10006053693127645
1,2030,239,105,0.010742246098005177
1,2030,239,117,0.09560526799568472
1,2030,240,61,0.03729562170410444
1,2030,240,63,0.24362920101475766
1,2030,240,84,0.17838993460724986
1,2030,240,85,0.07160991720608896
1,2030,240,96,0.29619515182824707
1,2030,240,116,0.14075341040970768
1,2030,240,119,0.03212676322984424
1,2030,241,61,0.15648972794087285
1,2030,241,63,0.38026172497106847
1,2030,241,84,0.010089728555083933
1,2030,241,96,0.4392497701211185
1,2030,241,116,0.01390904841185626
1,2030,242,61,0.10558515262254126
1,2030,242,63,0.35554267038204734
1,2030,242,83,0.05462295391617156
1,2030,242,96,0.4447501067611693
1,2030,242,103,0.01648542669929136
1,2030,242,116,0.010505857382955706
1,2030,242,119,0.012507832235823562
1,2030,243,61,0.07612308725705305
1,2030,243,63,0.5341541060447426
1,2030,243,83,0.11691456500464882
1,2030,243,96,0.13679766611858282
1,2030,243,103,0.025111727638234313
1,2030,243,110,0.08127844783847046
1,2030,243,116,0.029620400098268204
1,2030,244,61,0.05598982714998464
1,2030,244,63,0.253634704112549
1,2030,244,83,0.14858117182901603
1,2030,244,96,0.5049970338448695
1,2030,244,97,0.020344655097644455
1,2030,244,103,0.016452607965936443
1,2030,245,72,0.12050682740364688
1,2030,245,80,0.01606673690136762
1,2030,245,83,0.11428367267148744
1,2030,245,89,0.11704284425289695
1,2030,245,96,0.5461501100335654
1,2030,245,119,0.08594980873703584
1,2030,246,62,0.1729835458264067
1,2030,246,79,0.17551894878337254
1,2030,246,81,0.02590175258435642
1,2030,246,87,0.19049744913575828
1,2030,246,90,0.08604368970092541
1,2030,246,94,0.0229490473265763
1,2030,246,95,0.3079484571353303
1,2030,246,115,0.01815710950727394
1,2030,247,62,0.6288814740756923
1,2030,247,69,0.09234503352292768
1,2030,247,79,0.08589824133709693
1,2030,247,82,0.03748481906423999
1,2030,247,95,0.01767598154068453
1,2030,247,106,0.08891131448611697
1,2030,247,120,0.04880313597324174
1,2030,248,66,0.02324068664877031
1,2030,248,76,0.20274347305332818
1,2030,248,85,0.06950909915242098
1,2030,248,86,0.05297220599900988
1,2030,248,94,0.08217776050370171
1,2030,248,98,0.04592546232465417
1,2030,248,100,0.2156964640511278
1,2030,248,102,0.08609428514653863
1,2030,248,108,0.07976959747475688
1,2030,248,109,0.06993737619916263
1,2030,248,112,0.024793613726751818
1,2030,248,113,0.012401384901231353
1,2030,248,117,0.034738590818545564
1,2030,249,84,0.5868162661966798
1,2030,249,100,0.06826195737572696
1,2030,249,103,0.2601778052676726
1,2030,249,108,0.02051101468487562
1,2030,249,116,0.018778955567536327
1,2030,249,119,0.045454000907508556
1,2030,250,84,1.0
1,2030,251,61,0.011161750203967643
1,2030,251,70,0.11341730884737887
1,2030,251,71,0.022147314711531592
1,2030,251,72,0.04728161444523814
1,2030,251,78,0.031956661393397166
1,2030,251,80,0.02262809014881869
1,2030,251,81,0.21386221236231417
1,2030,251,89,0.05234484386145428
1,2030,251,96,0.03170684545128726
1,2030,251,99,0.013990706566290693
1,2030,251,104,0.03806568630916639
1,2030,251,115,0.40143696569915516
1,2030,252,66,0.06611979975402643
1,2030,252,74,0.07087639942717325
1,2030,252,96,0.6992708551895812
1,2030,252,97,0.043795752607856904
1,2030,252,98,0.07322802583504386
1,2030,252,100,0.03030159121915432
1,2030,252,119,0.016407575967164145
1,2030,253,77,1.0
1,2030,254,62,0.7168448314334483
1,2030,254,69,0.08307044158639978
1,2030,254,76,0.08548969309903089
1,2030,254,81,0.03659845021121913
1,2030,254,82,0.02008124776482301
1,2030,254,103,0.013964759959378199
1,2030,254,107,0.03104183883509097
1,2030,254,114,0.012908737110609659
1,2030,255,62,0.029992194929783954
1,2030,255,66,0.028859150754514663
1,2030,255,74,0.04951253557956985
1,2030,255,93,0.010071086745873196
1,2030,255,98,0.07970106722537948
1,2030,255,100,0.09362072530147256
1,2030,255,102,0.013267916328066148
1,2030,255,106,0.16475038035737047
1,2030,255,109,0.01808180330233967
1,2030,255,113,0.01888129560943918
1,2030,255,117,0.4932618438661909
1,2030,256,68,0.026726826079739488
1,2030,256,70,0.06908712367730688
1,2030,256,74,0.13802641161088658
1,2030,256,77,0.020264302372308644
1,2030,256,79,0.026415518464669732
1,2030,256,81,0.2898572350256282
1,2030,256,84,0.05122819316766159
1,2030,256,85,0.1440431742294636
1,2030,256,93,0.21941906540937658
1,2030,256,115,0.014932149962958746
1,2030,257,63,0.02759907967563651
1,2030,257,71,0.02015553543336598
1,2030,257,81,0.04677758609482703
1,2030,257,83,0.029509146323988013
1,2030,257,87,0.010314197774445914
1,2030,257,94,0.011331406304378273
1,2030,257,96,0.08046650806759034
1,2030,257,105,0.056194991526544225
1,2030,257,110,0.08347778629583741
1,2030,257,115,0.4844418370661355
1,2030,257,117,0.14973192543725083
1,2030,258,70,0.024902998570420144
1,2030,258,71,0.5292823531419307
1,2030,258,77,0.13660990360197667
1,2030,258,80,0.028973690005562294
1,2030,258,84,0.013825705608524424
1,2030,258,94,0.01908470022226609
1,2030,258,96,0.09078471643532987
1,2030,258,100,0.026378069708419844
1,2030,258,103,0.04379872795522327
1,2030,258,110,0.03331177288055615
1,2030,258,112,0.022695500679391422
1,2030,258,118,0.03035186119039907
1,2030,259,62,0.17970092083641098
1,2030,259,71,0.06331713616917603
1,2030,259,74,0.06862880017397556
1,2030,259,76,0.0616344988999735
1,2030,259,80,0.1060466645173651
1,2030,259,83,0.016969994782179285
1,2030,259,88,0.07396466833659474
1,2030,259,96,0.12307201919190539
1,2030,259,100,0.24843966950685747
1,2030,259,109,0.01107733886231215
1,2030,259,110,0.047148288723249755
1,2030,260,62,0.24984669517270297
1,2030,260,71,0.04087134439505976
1,2030,260,76,0.12660140032438139
1,2030,260,77,0.08315417843215339
1,2030,260,81,0.04326839239699023
1,2030,260,95,0.23960695428786355
1,2030,260,96,0.04023286189155658
1,2030,260,109,0.14434097014748848
1,2030,260,110,0.03207720295180362
1,2030,261,67,0.1017655683261367
1,2030,261,71,0.06349630383618457
1,2030,261,93,0.01103521157237882
1,2030,261,98,0.13006097384649384
1,2030,261,101,0.030050549844436968
1,2030,261,103,0.03787971803795947
1,2030,261,109,0.1422075881391465
1,2030,261,110,0.04166383946980859
1,2030,261,112,0.01641474162388706
1,2030,261,117,0.4254255053035674
1,2030,262,70,0.15917605468151552
1,2030,262,72,0.18368137593739856
1,2030,262,84,0.12100056031698808
1,2030,262,89,0.026787571680175107
1,2030,262,92,0.012016990634628764
1,2030,262,96,0.38547066656966383
1,2030,262,98,0.09971018574634119
1,2030,262,100,0.012156594433288925
1,2030,263,62,0.012542639532065103
1,2030,263,70,0.04637480929989604
1,2030,263,74,0.04206815236976313
1,2030,263,76,0.024340858964417622
1,2030,263,79,0.1204511267286716
1,2030,263,85,0.08820018096790211
1,2030,263,86,0.04778582474344666
1,2030,263,92,0.05025489494101313
1,2030,263,93,0.015451224032871318
1,2030,263,98,0.019615194098223744
1,2030,263,114,0.5329150943217296
1,2030,264,62,0.038728780399122885
1,2030,264,71,0.019438813988381935
1,2030,264,72,0.08437263178320752
1,2030,264,74,0.03328251022930925
1,2030,264,92,0.011390489869638578
1,2030,264,96,0.0732047801890738
1,2030,264,98,0.055065657012995116
1,2030,264,103,0.04422211950342629
1,2030,264,104,0.014266346051446244
1,2030,264,109,0.016856037614371204
1,2030,264,110,0.11024022800026309
1,2030,264,117,0.49893160535876413
1,2030,265,68,0.049356066092986345
1,2030,265,74,0.06117857376648575
1,2030,265,76,0.08234618409634811
1,2030,265,89,0.013285437065314456
1,2030,265,92,0.059051265632910376
1,2030,265,96,0.5948012174006796
1,2030,265,98,0.0575764955296301
1,2030,265,100,0.02042695435936947
1,2030,265,112,0.06197780605627565
1,2030,266,62,0.2753897949772493
1,2030,266,70,0.03821036152148668
1,2030,266,71,0.15610773491911073
1,2030,266,72,0.030119692925234982
1,2030,266,77,0.02213024053132049
1,2030,266,80,0.09623948996567888
1,2030,266,96,0.10487239752522111
1,2030,266,109,0.0734079665190679
1,2030,266,110,0.011209559084439432
1,2030,266,115,0.19231276203119047
1,2030,267,62,0.1892734031031583
1,2030,267,74,0.1163726501474843
1,2030,267,76,0.11969268182765985
1,2030,267,77,0.020414214725488666
1,2030,267,81,0.026161421404031188
1,2030,267,92,0.06405782501478037
1,2030,267,93,0.011987420750517314
1,2030,267,96,0.010998202306110762
1,2030,267,101,0.06017287852005668
1,2030,267,117,0.3808693022007126
1,2030,268,64,0.06035396240876989
1,2030,268,70,0.010281127030765367
1,2030,268,73,0.023445491280114576
1,2030,268,77,0.07506062863021694
1,2030,268,79,0.08301945560651823
1,2030,268,81,0.12381066768126567
1,2030,268,84,0.02842738344124119
1,2030,268,93,0.03463107574199282
1,2030,268,94,0.011692045993863446
1,2030,268,100,0.46826050659964563
1,2030,268,117,0.08101765558560634
1,2030,269,62,0.7228029385147263
1,2030,269,65,0.015077017671442212
1,2030,269,70,0.07799493236536643
1,2030,269,79,0.017238577962754145
1,2030,269,84,0.03570722763337257
1,2030,269,95,0.046036899082947336
1,2030,269,99,0.03782490609759796
1,2030,269,101,0.01152642007838172
1,2030,269,105,0.03579108059341135
1,2030,270,62,0.8869950982954249
1,2030,270,66,0.015998366748357237
1,2030,270,68,0.060270135765421624
1,2030,270,79,0.014664347041264899
1,2030,270,92,0.022072052149531365
1,2030,271,62,0.4171924762938295
1,2030,271,74,0.19989437156479906
1,2030,271,77,0.10619223188722217
1,2030,271,92,0.012317986360254227
1,2030,271,95,0.02337834705425096
1,2030,271,102,0.13179253665832064
1,2030,271,109,0.06400757452696942
1,2030,271,117,0.04522447565435398
1,2030,272,62,0.6114567591694049
1,2030,272,67,0.03651368922877115
1,2030,272,68,0.05538386772387885
1,2030,272,76,0.03205914974195947
1,2030,272,81,0.09599466452263368
1,2030,272,93,0.06383794588420921
1,2030,272,101,0.09076741978663846
1,2030,272,117,0.01398650394250434
1,2030,273,62,0.6933087300122777
1,2030,273,71,0.04380029020388809
1,2030,273,72,0.03047194129472159
1,2030,273,80,0.011866778044328459
1,2030,273,88,0.02277491532279284
1,2030,273,109,0.11147670501094531
1,2030,273,110,0.08630064011104605
1,2030,274,62,0.7547135931363484
1,2030,274,75,0.05409996817321336
1,2030,274,82,0.09522819699582002
1,2030,274,95,0.09595824169461827
1,2030,275,68,0.48256164924779266
1,2030,275,76,0.32943267653886943
1,2030,275,81,0.021288514593693707
1,2030,275,86,0.07298830992118835
1,2030,275,101,0.02001015663765981
1,2030,275,107,0.07371869306079597
1,2030,276,63,0.021810935350929664
1,2030,276,66,0.11049836110008393
1,2030,276,72,0.017556901524567056
1,2030,276,86,0.013967019164175429
1,2030,276,89,0.01846620705211952
1,2030,276,92,0.08925441571520838
1,2030,276,96,0.6286433593677117
1,2030,276,103,0.020595534783568493
1,2030,276,112,0.06692052192541399
1,2030,276,113,0.012286744016221866
1,2030,277,65,0.04034969022932363
1,2030,277,70,0.1568232823819434
1,2030,277,71,0.14149179363463138
1,2030,277,72,0.09786871131720744
1,2030,277,77,0.035159103206970715
1,2030,277,89,0.01054644522091703
1,2030,277,90,0.014371651661380042
1,2030,277,94,0.01237952407555226
1,2030,277,105,0.08433581946740598
1,2030,277,110,0.014683065873162279
1,2030,277,115,0.019893301757931983
1,2030,277,118,0.37209761117357376
1,2030,278,62,0.11804874956636849
1,2030,278,76,0.08648895191193777
1,2030,278,87,0.07566586016128128
1,2030,278,89,0.04856816403406261
1,2030,278,96,0.019933148823120833
1,2030,278,101,0.4922261245910742
1,2030,278,110,0.020881049960306063
1,2030,278,114,0.014815173844908906
1,2030,278,117,0.10942642800992104
1,2030,278,118,0.013946349097018963
1,2030,279,63,0.029830746519657458
1,2030,279,83,0.011310517986681305
1,2030,279,89,0.011724652364468024
1,2030,279,96,0.5363267668997753
1,2030,279,110,0.3499772182714269
1,2030,279,112,0.0608300979579911
1,2030,280,62,0.05733127434404476
1,2030,280,71,0.6989131847485296
1,2030,280,77,0.12393108960518857
1,2030,280,81,0.028720428591617494
1,2030,280,90,0.022180450035996436
1,2030,280,91,0.025648664193360593
1,2030,280,94,0.017988797901225713
1,2030,280,96,0.014485933358188593
1,2030,280,106,0.010800177221848225
1,2030,281,68,0.07867393947119648
1,2030,281,74,0.3744757589939262
1,2030,281,76,0.09747464705601741
1,2030,281,77,0.2768273509843425
1,2030,281,79,0.012120838606514132
1,2030,281,92,0.13541919180581619
1,2030,281,107,0.025008273082187057
1,2030,282,62,0.036682410414595155
1,2030,282,68,0.09882843154312804
1,2030,282,76,0.04744281304506431
1,2030,282,77,0.08839458442003266
1,2030,282,81,0.4826927087429224
1,2030,282,89,0.0789997529107853
1,2030,282,112,0.1386807276067727
1,2030,282,117,0.02827857131669938
1,2030,283,77,0.027058665971856185
1,2030,283,80,0.018153588503691805
1,2030,283,89,0.09694079939919127
1,2030,283,96,0.15643279468067844
1,2030,283,110,0.5121205956160679
1,2030,283,117,0.1512062833106953
1,2030,283,119,0.038087272517819154
1,2030,284,62,0.5639867522991489
1,2030,284,69,0.13268024799599332
1,2030,284,79,0.03195289612869485
1,2030,284,82,0.17395754082911077
1,2030,284,101,0.017455183714838958
1,2030,284,106,0.07996737903221326
1,2030,285,62,0.7924483636722324
1,2030,285,69,0.04902134967165527
1,2030,285,82,0.04449150379322726
1,2030,285,86,0.017485376540356617
1,2030,285,106,0.07714118839668409
1,2030,285,111,0.019412217925844376
1,2030,286,62,0.04527718740295866
1,2030,286,68,0.27207468260536743
1,2030,286,74,0.06256216398470196
1,2030,286,76,0.4027775371671625
1,2030,286,77,0.15563121612064773
1,2030,286,93,0.0431712356339853
1,2030,286,101,0.018505977085176418
1,2030,287,62,0.08104447784788854
1,2030,287,71,0.09382255657114287
1,2030,287,72,0.09226483393557741
1,2030,287,80,0.029153250132510446
1,2030,287,87,0.08588059869251119
1,2030,287,104,0.09206613290125402
1,2030,287,105,0.06679924814993826
1,2030,287,109,0.12393866286627357
1,2030,287,110,0.07907099825535494
1,2030,287,114,0.2559592406475489
1,2030,288,62,0.19708156630649548
1,2030,288,68,0.028814940552351544
1,2030,288,75,0.04938241825257368
1,2030,288,76,0.15749572847172386
1,2030,288,77,0.15257256137962744
1,2030,288,101,0.061766292765652646
1,2030,288,107,0.021037680562172992
1,2030,288,109,0.11772722314414558
1,2030,288,112,0.042400753756619024
1,2030,288,117,0.17172083480863767
1,2030,289,63,0.06135704446536506
1,2030,289,68,0.0642293963712198
1,2030,289,76,0.03909726717214766
1,2030,289,89,0.0193492057201997
1,2030,289,96,0.5599342881629926
1,2030,289,98,0.054763841751592636
1,2030,289,112,0.16896962312213906
1,2030,289,119,0.032299333234343454
1,2030,290,71,1.0
1,2030,291,62,0.17097024983844247
1,2030,291,74,0.17694806096154472
1,2030,291,75,0.025123227631480387
1,2030,291,76,0.1308951247628216
1,2030,291,93,0.07406745471873051
1,2030,291,101,0.16153252588710937
1,2030,291,102,0.05828224548281092
1,2030,291,117,0.20218111071706002
1,2030,292,63,0.048842748886739784
1,2030,292,71,0.17003861288869845
1,2030,292,72,0.03318276581125263
1,2030,292,73,0.04899015904504881
1,2030,292,76,0.14887099166015752
1,2030,292,96,0.07656705260133878
1,2030,292,98,0.012284386069192984
1,2030,292,100,0.03302066655518704
1,2030,292,110,0.1584292239711751
1,2030,292,117,0.030027479982863977
1,2030,292,118,0.239745912528345
1,2030,293,66,0.041417328747641244
1,2030,293,73,0.01708872922326003
1,2030,293,76,0.02731364924220087
1,2030,293,86,0.02838307203911416
1,2030,293,92,0.03259209179317022
1,2030,293,96,0.7117579449694432
1,2030,293,98,0.026657063334426172
1,2030,293,103,0.04056114260717864
1,2030,293,112,0.06160872589438502
1,2030,293,113,0.012620252149180484
1,2030,294,62,0.03535978020035976
1,2030,294,71,0.2893570909169319
1,2030,294,72,0.013430014755148623
1,2030,294,73,0.01765707421696681
1,2030,294,81,0.09426839024699597
1,2030,294,96,0.1749813759036089
1,2030,294,104,0.018023940842460295
1,2030,294,109,0.04434418801290926
1,2030,294,110,0.16306062617875838
1,2030,294,115,0.14951751872586
1,2030,295,62,0.1989799468148039
1,2030,295,71,0.18023544785092832
1,2030,295,77,0.039287940549556144
1,2030,295,79,0.05631275083300944
1,2030,295,80,0.04714554833160271
1,2030,295,88,0.043666751120810095
1,2030,295,89,0.016168023820176607
1,2030,295,95,0.03359260770174929
1,2030,295,100,0.05475339119281016
1,2030,295,106,0.021201430178315918
1,2030,295,109,0.27976583157386953
1,2030,295,118,0.028890330032367885
1,2030,296,66,0.036104699632044955
1,2030,296,74,0.3172825125619002
1,2030,296,84,0.058919901994532585
1,2030,296,85,0.026311073521183864
1,2030,296,98,0.47884890239753825
1,2030,296,100,0.05959350791579037
1,2030,296,116,0.022939401977009707
1,2030,297,61,0.04707846448655041
1,2030,297,63,0.015282827763994537
1,2030,297,72,0.07522288960440433
1,2030,297,83,0.04549513764950945
1,2030,297,84,0.23334059025840756
1,2030,297,103,0.5262480857070247
1,2030,297,104,0.039976367709758896
1,2030,297,110,0.017355636820350056
1,2030,298,114,1.0
1,2030,299,70,0.2162723700088836
1,2030,299,72,0.38264021730211656
1,2030,299,77,0.03727104674520368
1,2030,299,80,0.11542545599939323
1,2030,299,84,0.09355007585863737
1,2030,299,89,0.028580167106867786
1,2030,299,96,0.012514841167343306
1,2030,299,116,0.05704628994799919
1,2030,299,118,0.0566995358635552
1,2030,300,74,0.15781033749519482
1,2030,300,76,0.13509101672131105
1,2030,300,88,0.0888601848220517
1,2030,300,93,0.1997242811953653
1,2030,300,96,0.03952846568738759
1,2030,300,98,0.08046258066725885
1,2030,300,101,0.22211574052423816
1,2030,300,102,0.025810120387108348
1,2030,300,109,0.021353543248782397
1,2030,300,114,0.029243729251301857
1,2030,301,65,0.01331389435354569
1,2030,301,72,0.014467566042122126
1,2030,301,73,0.2086406849434724
1,2030,301,96,0.5552249255271713
1,2030,301,100,0.011586995412279514
1,2030,301,103,0.12200365385071617
1,2030,301,108,0.07476227987069298
1,2030,302,77,0.3792898980031568
1,2030,302,81,0.13260932133122177
1,2030,302,104,0.17137955424562357
1,2030,302,105,0.08347636852858137
1,2030,302,110,0.1759203949990795
1,2030,302,114,0.020568605118774338
1,2030,302,117,0.03675585777356269
1,2030,303,62,0.20080727949981883
1,2030,303,68,0.06180391367605778
1,2030,303,71,0.06748617015489572
1,2030,303,74,0.15579865827138614
1,2030,303,75,0.015581379605996119
1,2030,303,89,0.03629201720760514
1,2030,303,109,0.10013711575193747
1,2030,303,114,0.3224841473613444
1,2030,303,117,0.024002653999830748
1,2030,303,118,0.0156066644711275
1,2030,304,66,0.07284326873238574
1,2030,304,74,0.059026155489072155
1,2030,304,85,0.023596286375980022
1,2030,304,93,0.08031999415171272
1,2030,304,98,0.011484617704650748
1,2030,304,108,0.040742529477693586
1,2030,304,110,0.600178973170965
1,2030,304,113,0.11180817489754011
1,2030,305,62,0.09436315837461008
1,2030,305,76,0.062154758257269155
1,2030,305,81,0.018003724229604803
1,2030,305,87,0.0617928539769268
1,2030,305,94,0.021377080034604565
1,2030,305,96,0.23185185463839736
1,2030,305,104,0.40960396989717657
1,2030,305,110,0.07103603610949089
1,2030,305,117,0.029816564481919904
1,2030,306,67,0.015146676529592059
1,2030,306,77,0.14793002426821686
1,2030,306,78,0.01753949615513641
1,2030,306,87,0.09082164472566809
1,2030,306,90,0.12278197828816084
1,2030,306,94,0.07841499355613965
1,2030,306,105,0.04348588841752515
1,2030,306,110,0.027552988102233895
1,2030,306,113,0.45632630995732704
1,2030,307,62,0.1751199793595109
1,2030,307,71,0.23765498214757994
1,2030,307,78,0.14239304255368032
1,2030,307,79,0.2226995931251344
1,2030,307,90,0.09113059255035248
1,2030,307,99,0.014408404732460672
1,2030,307,106,0.03161239547073261
1,2030,307,115,0.0849810100605487
1,2030,308,68,0.09176981960287021
1,2030,308,74,0.14225614355286065
1,2030,308,76,0.11454332665040809
1,2030,308,81,0.3395067688726286
1,2030,308,86,0.1420296246999968
1,2030,308,92,0.11593919042542372
1,2030,308,93,0.05395512619581202
1,2030,309,62,0.04931522248267387
1,2030,309,67,0.01954888294961353
1,2030,309,71,0.18286699143075452
1,2030,309,101,0.03143973850904182
1,2030,309,105,0.3562498963564035
1,2030,309,109,0.0922840599411237
1,2030,309,110,0.04076460205552471
1,2030,309,114,0.20972634856611674
1,2030,309,118,0.01780425770874756
1,2030,310,62,0.17274668393309286
1,2030,310,71,0.03987256630013744
1,2030,310,77,0.09612875392711996
1,2030,310,79,0.08289270561097105
1,2030,310,87,0.040303012468211094
1,2030,310,95,0.13626861546134447
1,2030,310,109,0.431787662299123
1,2030,311,62,0.4750105905161719
1,2030,311,66,0.012462038714150529
1,2030,311,75,0.04345332278647044
1,2030,311,76,0.08396005415737362
1,2030,311,82,0.2047428273967428
1,2030,311,101,0.1090332396841168
1,2030,311,109,0.07133792674497394
1,2030,312,62,0.0394601596325701
1,2030,312,63,0.034023171479974024
1,2030,312,71,0.02507473352356196
1,2030,312,74,0.12292098895738518
1,2030,312,76,0.4250654114073438
1,2030,312,89,0.09743731565677119
1,2030,312,101,0.1173754023299569
1,2030,312,102,0.039206094980581675
1,2030,312,118,0.09943672203185515
1,2030,313,62,0.024044680431825248
1,2030,313,67,0.03786454262066158
1,2030,313,71,0.0714838014668553
1,2030,313,87,0.04788798163673041
1,2030,313,90,0.04020656416097815
1,2030,313,105,0.27097256145254117
1,2030,313,109,0.4420023265561564
1,2030,313,114,0.06553754167425174
1,2030,314,106,1.0
1,2030,315,86,1.0
1,2030,316,64,0.07009731946369806
1,2030,316,70,0.11142800569170616
1,2030,316,72,0.017468144625711654
1,2030,316,77,0.04291688251471676
1,2030,316,84,0.051823121225428884
1,2030,316,89,0.1742223084432927
1,2030,316,103,0.5320442180354458
1,2030,317,63,0.11469958044517937
1,2030,317,64,0.05994482058989561
1,2030,317,68,0.07898661025737842
1,2030,317,73,0.014576440411212995
1,2030,317,77,0.036383825483346184
1,2030,317,81,0.034203978037729524
1,2030,317,84,0.08556837043047477
1,2030,317,92,0.1342719760853175
1,2030,317,98,0.2783854397427976
1,2030,317,104,0.07423395202728152
1,2030,317,112,0.0887450064893866
1,2030,318,72,0.2411189111206579
1,2030,318,82,0.01681134674778295
1,2030,318,89,0.04916188885859708
1,2030,318,90,0.22278333384978105
1,2030,318,94,0.470124519423181
1,2030,319,90,1.0
1,2030,320,92,1.0
1,2030,321,67,1.0
1,2030,322,65,0.04604322621891947
1,2030,322,67,0.24490527512472635
1,2030,322,71,0.29421713614007583
1,2030,322,78,0.03537290861112674
1,2030,322,90,0.21229072216771216
1,2030,322,104,0.11956434796381522
1,2030,322,115,0.04760638377362425
1,2030,323,67,0.028576469734520073
1,2030,323,71,0.06277970166912437
1,2030,323,73,0.015518921031471223
1,2030,323,76,0.07263440988692672
1,2030,323,81,0.1416819341054832
1,2030,323,96,0.042196706773773865
1,2030,323,101,0.012831929972485591
1,2030,323,110,0.11607614642538917
1,2030,323,112,0.4125106847722825
1,2030,323,117,0.09519309562854335
1,2030,324,70,0.06482222808094676
1,2030,324,79,0.034814114849081985
1,2030,324,84,0.02797811920915144
1,2030,324,100,0.019827091380282613
1,2030,324,106,0.022112006692701427
1,2030,324,110,0.8304464397878358
1,2030,325,63,0.11415262958983756
1,2030,325,71,0.042096529060911256
1,2030,325,73,0.06801630603096244
1,2030,325,85,0.03914752969274984
1,2030,325,88,0.011768814336732153
1,2030,325,94,0.2507844721969002
1,2030,325,96,0.016571867256917814
1,2030,325,98,0.1237354873344506
1,2030,325,100,0.1776297503643855
1,2030,325,103,0.10725689591256907
1,2030,325,113,0.04883971822358365
1,2030,326,65,0.16136365988820925
1,2030,326,70,0.13497044417570322
1,2030,326,71,0.20715895937017031
1,2030,326,78,0.014255111213027872
1,2030,326,90,0.4715306102877189
1,2030,326,99,0.01072121506517046
1,2030,327,101,1.0
1,2030,328,70,0.04137810117154892
1,2030,328,71,0.33529605785887584
1,2030,328,72,0.1187639234675084
1,2030,328,80,0.15743969154046386
1,2030,328,90,0.015930015500820176
1,2030,328,94,0.09366541735638773
1,2030,328,100,0.02057291476508501
1,2030,328,110,0.21695387833931012
1,2030,329,66,0.024771787750975213
1,2030,329,67,0.07347698711321705
1,2030,329,73,0.023992424774382126
1,2030,329,76,0.26224990690640054
1,2030,329,86,0.020466895569455325
1,2030,329,92,0.2620196533365055
1,2030,329,98,0.24058153024740764
1,2030,329,109,0.09244081430165663
1,2030,330,72,0.11394772057063197
1,2030,330,73,0.017937809568442892
1,2030,330,76,0.011827073855963788
1,2030,330,85,0.020313399663712407
1,2030,330,94,0.40652152262068386
1,2030,330,95,0.017166986866876316
1,2030,330,98,0.13356779923555342
1,2030,330,102,0.08284523200492505
1,2030,330,103,0.04067152467245531
1,2030,330,109,0.041346216464170735
1,2030,330,110,0.06237075838727234
1,2030,330,113,0.051483956089311944
1,2030,331,62,0.05451392186584713
1,2030,331,70,0.010744869863502685
1,2030,331,74,0.0376568848748902
1,2030,331,79,0.06809438549059717
1,2030,331,80,0.02196699742400941
1,2030,331,85,0.02232006146469
1,2030,331,89,0.04332308817563846
1,2030,331,95,0.0167784836566579
1,2030,331,100,0.05857985865031258
1,2030,331,102,0.010083804845131895
1,2030,331,104,0.628777105286073
1,2030,331,106,0.01641571840020421
1,2030,331,119,0.010744820002445346
1,2030,332,69,0.010148824535400417
1,2030,332,71,0.025259607093974446
1,2030,332,72,0.11667740532773141
1,2030,332,82,0.18054639744926412
1,2030,332,89,0.06141512138616989
1,2030,332,100,0.4130863277313554
1,2030,332,104,0.0642093948056531
1,2030,332,105,0.03369063423429142
1,2030,332,109,0.041029239203416466
1,2030,332,110,0.05393704823274339
1,2030,333,113,1.0
1,2030,334,104,1.0
1,2030,335,110,1.0
1,2030,336,62,0.14829563205660143
1,2030,336,76,0.12419082259407513
1,2030,336,96,0.09377513419220904
1,2030,336,104,0.14948821575478685
1,2030,336,105,0.04053896467415942
1,2030,336,110,0.3299261041392402
1,2030,336,114,0.11378512658892795
1,2030,337,63,0.027757851617233226
1,2030,337,66,0.03210955388192742
1,2030,337,67,0.15203769433027262
1,2030,337,71,0.01438274461239998
1,2030,337,73,0.051018356123761655
1,2030,337,94,0.3529548086336177
1,2030,337,98,0.10260168588109404
1,2030,337,103,0.05488730912324668
1,2030,337,104,0.05364161347435454
1,2030,337,108,0.032565166115807356
1,2030,337,109,0.01420696008283957
1,2030,337,110,0.0783303355047442
1,2030,337,113,0.03350592061870092
1,2030,338,63,0.08896290918587062
1,2030,338,84,0.21441438078862937
1,2030,338,89,0.04920766370822859
1,2030,338,103,0.5391065788846526
1,2030,338,116,0.10830846743261867
1,2030,339,65,0.44179058861668424
1,2030,339,70,0.10027225229207401
1,2030,339,71,0.2604529488787713
1,2030,339,90,0.0948294048222206
1,2030,339,105,0.07539827225213756
1,2030,339,109,0.027256533138112205
1,2030,340,76,1.0
1,2030,341,82,1.0
1,2030,342,109,1.0
1,2030,343,98,1.0
1,2030,344,63,0.03982325277051179
1,2030,344,67,0.11789541195631462
1,2030,344,73,0.05096862663000836
1,2030,344,90,0.47078476465019625
1,2030,344,96,0.06133719253140578
1,2030,344,103,0.04393041313384579
1,2030,344,110,0.028102323149306684
1,2030,344,113,0.040917676744707095
1,2030,344,114,0.11160517659280327
1,2030,344,115,0.015769185510166452
1,2030,344,117,0.018865976330733673
1,2030,345,65,0.0711604887263437
1,2030,345,67,0.014702650347169617
1,2030,345,70,0.025445775558441918
1,2030,345,71,0.07847814415901526
1,2030,345,72,0.027249964626692335
1,2030,345,82,0.022189589192285846
1,2030,345,90,0.48915001502404865
1,2030,345,92,0.024626762709337682
1,2030,345,101,0.1981771113087524
1,2030,345,102,0.016149233922674554
1,2030,345,104,0.03267026442523799
1,2030,346,63,0.16346448090555185
1,2030,346,68,0.05858689287016133
1,2030,346,76,0.020475625611970107
1,2030,346,89,0.05468581653558016
1,2030,346,98,0.6066955608805709
1,2030,346,110,0.04331420209950388
1,2030,346,112,0.042337517625616904
1,2030,346,117,0.010439903471044926
1,2030,347,63,0.19616881810912623
1,2030,347,84,0.22970473422895643
1,2030,347,85,0.035983489502216644
1,2030,347,89,0.05395628938913549
1,2030,347,96,0.04878289512531191
1,2030,347,103,0.43540377364525334
1,2030,348,63,0.3533761873512341
1,2030,348,84,0.17919420735109387
1,2030,348,89,0.01832336744816435
1,2030,348,103,0.3784996373580567
1,2030,348,104,0.0391129442566016
1,2030,348,110,0.03149365623484934
1,2030,349,72,1.0
1,2030,350,68,0.04533932021585862
1,2030,350,76,0.7087616371762291
1,2030,350,86,0.10770629983192156
1,2030,350,92,0.059690681491539485
1,2030,350,93,0.059626918825032314
1,2030,350,112,0.01887514245941911
1,2030,351,67,0.093172104933827
1,2030,351,71,0.03474138701825604
1,2030,351,82,0.014633882167810152
1,2030,351,85,0.08572556547340941
1,2030,351,90,0.05101222439615643
1,2030,351,94,0.025891630587336806
1,2030,351,104,0.5003324207766529
1,2030,351,105,0.06421035095379646
1,2030,351,110,0.06264854966187858
1,2030,351,114,0.04129333940459284
1,2030,351,119,0.026338544626283385
1,2030,352,63,0.17177719460851304
1,2030,352,84,0.08253625207616341
1,2030,352,97,0.07433184260509981
1,2030,352,98,0.10051421482678093
1,2030,352,110,0.5214526486829579
1,2030,352,112,0.04938784720048493
1,2030,353,67,0.09709047719447368
1,2030,353,71,0.02180994277898548
1,2030,353,72,0.027806770258136746
1,2030,353,82,0.31113709440093457
1,2030,353,90,0.14399431819714112
1,2030,353,105,0.39816139717032834
1,2030,354,112,1.0
1,2030,355,63,0.18592147168006498
1,2030,355,83,0.034972068796938656
1,2030,355,89,0.0734142563750834
1,2030,355,96,0.034857223201552774
1,2030,355,103,0.6047690707852759
1,2030,355,110,0.06606590916108451
1,2030,356,73,0.6723364187048727
1,2030,356,84,0.1711214935597668
1,2030,356,103,0.10069641911136881
1,2030,356,116,0.05584566862399162
1,2030,357,61,0.012403193156544973
1,2030,357,64,0.07083078998210963
1,2030,357,73,0.1844650079568046
1,2030,357,84,0.19393016526045084
1,2030,357,103,0.5383708436440899
1,2030,358,64,0.014102562075743895
1,2030,358,72,0.030522778048675356
1,2030,358,73,0.6212740392215573
1,2030,358,84,0.24045479635250158
1,2030,358,103,0.09364582430152184
1,2030,359,73,1.0
1,2030,360,64,1.0
1,2030,361,103,1.0
1,2030,362,64,0.05676720702370716
1,2030,362,70,0.09679698928287861
1,2030,362,84,0.1802401427278933
1,2030,362,96,0.07496616933996227
1,2030,362,103,0.44630726590917175
1,2030,362,104,0.12829583581408147
1,2030,362,110,0.016626389902305385
1,2030,363,103,1.0
1,2030,364,64,0.04197961885425372
1,2030,364,72,0.026760659027194156
1,2030,364,73,0.37728072389706624
1,2030,364,84,0.22824432486587395
1,2030,364,103,0.3257346733556119
1,2030,365,61,1.0
