year,period,rep_period,weight,scenario
2030,1,1,0.20230315273677743,1
2030,1,5,0.4370291310256801,1
2030,1,6,0.013537072070363967,1
2030,1,8,0.02529662736493645,1
2030,1,16,0.3101788810152112,1
2030,2,4,0.5734697274545858,1
2030,2,9,0.2715495914610339,1
2030,2,13,0.1530377360485157,1
2030,3,5,0.04699686184220177,1
2030,3,9,0.3884432054175673,1
2030,3,14,0.07904134878776692,1
2030,3,18,0.43893847969754624,1
2030,4,4,0.1428119843659135,1
2030,4,5,0.24078937323938937,1
2030,4,6,0.0591637106268017,1
2030,4,8,0.21362231188395026,1
2030,4,9,0.11978863757925488,1
2030,4,16,0.2188874364782005,1
2030,5,1,0.10875333433020652,1
2030,5,10,0.8709969395467836,1
2030,6,1,0.75100151398982,1
2030,6,6,0.04098145487517957,1
2030,6,10,0.034841620360534654,1
2030,6,16,0.14640789589396738,1
2030,6,19,0.01885788682319768,1
2030,7,1,0.9522771469291152,1
2030,8,4,0.654947765410201,1
2030,8,5,0.01792107406269456,1
2030,8,6,0.015701084629335754,1
2030,8,8,0.017265146005139186,1
2030,8,9,0.02564323550886572,1
2030,8,11,0.0664248885305532,1
2030,8,17,0.14093150179332686,1
2030,8,19,0.06116530405988364,1
2030,9,2,0.09122356289271896,1
2030,9,3,0.04922586526543707,1
2030,9,5,0.6063682656113834,1
2030,9,8,0.04201614676540383,1
2030,9,9,0.0746133989967257,1
2030,9,17,0.10252301995495551,1
2030,9,18,0.020059266495800702,1
2030,9,19,0.013970474017574947,1
2030,10,1,0.02230028407801292,1
2030,10,8,0.07745956154037861,1
2030,10,10,0.7112016236840968,1
2030,10,11,0.03111585282580298,1
2030,10,17,0.15742143513954432,1
2030,11,1,0.6608483521993134,1
2030,11,8,0.08123193491643191,1
2030,11,10,0.0466268428502478,1
2030,11,16,0.13706497223493233,1
2030,11,19,0.06618864839425107,1
2030,12,1,0.7884684032113618,1
2030,12,10,0.05908531057927783,1
2030,12,16,0.06256314852117019,1
2030,12,18,0.030755964695094243,1
2030,12,19,0.05909214912721024,1
2030,13,4,0.028634792457906223,1
2030,13,6,0.08244413076100027,1
2030,13,8,0.197235200293404,1
2030,13,9,0.01820535849097425,1
2030,13,11,0.42744304707630243,1
2030,13,13,0.055400089058444645,1
2030,13,17,0.1874428597999121,1
2030,14,9,0.5890272883560854,1
2030,14,12,0.02658298318298223,1
2030,14,13,0.09364403982034937,1
2030,14,14,0.2891473484855038,1
2030,15,1,0.14970594872618517,1
2030,15,3,0.02748757731139248,1
2030,15,6,0.6160807600601184,1
2030,15,18,0.05622544484509929,1
2030,15,19,0.15050026905720465,1
2030,16,1,0.2587448120759009,1
2030,16,6,0.21555544753238712,1
2030,16,11,0.2864945105230066,1
2030,16,12,0.11601443035989752,1
2030,16,13,0.12310028217410153,1
2030,17,5,0.0736517372693556,1
2030,17,6,0.012425873934176422,1
2030,17,13,0.5410659777046589,1
2030,17,14,0.02865780907765068,1
2030,17,16,0.13150993843753742,1
2030,17,18,0.15137722872261228,1
2030,17,19,0.05508297408438119,1
2030,18,1,0.387469116596377,1
2030,18,6,0.14069574907994342,1
2030,18,10,0.027140011969768136,1
2030,18,16,0.29887432925948443,1
2030,18,18,0.14529230513219396,1
2030,19,1,0.9067675193465622,1
2030,19,4,0.010704466981514667,1
2030,19,8,0.01969723060492809,1
2030,19,17,0.04066244119151555,1
2030,19,20,0.017574334305519565,1
2030,20,8,0.23181698163928832,1
2030,20,9,0.09096408219754173,1
2030,20,11,0.119229345051933,1
2030,20,13,0.40752195623446813,1
2030,20,16,0.05062265057505617,1
2030,20,17,0.0836054800712003,1
2030,20,19,0.012089553935001725,1
2030,21,4,0.038281342018762474,1
2030,21,6,0.04022795646720922,1
2030,21,7,0.043779243037062626,1
2030,21,8,0.044394593501516366,1
2030,21,9,0.6433877071059916,1
2030,21,11,0.058336164462969894,1
2030,21,12,0.010049876289479632,1
2030,21,16,0.06519078295404167,1
2030,21,17,0.023201090059715213,1
2030,21,20,0.029789525079146454,1
2030,22,3,0.04850385582823743,1
2030,22,6,0.19056470435480927,1
2030,22,13,0.01728066566164543,1
2030,22,14,0.08765646651347878,1
2030,22,18,0.6554614934892963,1
2030,23,1,0.8820845991317434,1
2030,23,8,0.03322883378067635,1
2030,23,10,0.0368177832113582,1
2030,23,19,0.024806151508624513,1
2030,24,1,0.016774082510214408,1
2030,24,6,0.030560361009582905,1
2030,24,7,0.056235286417171196,1
2030,24,10,0.1204497550363032,1
2030,24,16,0.15736302790223866,1
2030,24,17,0.6186174871244897,1
2030,25,1,0.043546280498266095,1
2030,25,3,0.010177573258291267,1
2030,25,6,0.07533558518561889,1
2030,25,9,0.8653668267066287,1
2030,26,4,0.19275645261606017,1
2030,26,8,0.03552606296059153,1
2030,26,9,0.684699228358509,1
2030,26,12,0.041547532959980045,1
2030,26,15,0.029356561738378507,1
2030,26,17,0.011173838497849631,1
2030,27,1,0.02497247185630483,1
2030,27,7,0.0365658450946848,1
2030,27,9,0.8963677768996577,1
2030,27,17,0.02979427761685007,1
2030,28,2,0.05390998486602637,1
2030,28,9,0.28303162251630143,1
2030,28,11,0.07184707904470847,1
2030,28,19,0.5874874178076357,1
2030,29,1,0.1347657462037477,1
2030,29,8,0.03464153575358944,1
2030,29,10,0.1989757165316259,1
2030,29,12,0.012384730346713781,1
2030,29,14,0.02896052564036771,1
2030,29,18,0.5482873109443266,1
2030,30,4,0.5268676318639415,1
2030,30,6,0.06290341141338103,1
2030,30,9,0.14653786976536173,1
2030,30,13,0.2636910869573157,1
2030,31,1,0.060662820056476024,1
2030,31,3,0.010011715888835052,1
2030,31,7,0.035421598589717856,1
2030,31,9,0.827584885006201,1
2030,31,10,0.03524571434235363,1
2030,31,17,0.012340799323030968,1
2030,31,19,0.015555217529936832,1
2030,32,4,0.03188545802341332,1
2030,32,9,0.90756767020106,1
2030,32,13,0.021553651834310183,1
2030,32,17,0.027493569274345913,1
2030,32,20,0.0114996506668705,1
2030,33,3,0.012107187201753966,1
2030,33,5,0.07880644793003554,1
2030,33,10,0.03019947305580641,1
2030,33,16,0.12190360963984823,1
2030,33,18,0.7313598242085477,1
2030,33,19,0.02562345796400811,1
2030,34,5,0.02868143102948103,1
2030,34,8,0.2177089667467374,1
2030,34,9,0.04592803843211278,1
2030,34,11,0.06697119049414392,1
2030,34,13,0.4911355845663718,1
2030,34,16,0.010827930987418657,1
2030,34,17,0.10095039931618187,1
2030,34,19,0.03311983390857383,1
2030,35,6,0.15231712056243385,1
2030,35,9,0.3006339706299957,1
2030,35,11,0.026014126805278696,1
2030,35,12,0.27628031840663747,1
2030,35,13,0.06666768938099424,1
2030,35,18,0.11899064317424102,1
2030,36,2,0.021968341736949427,1
2030,36,4,0.11177746350831565,1
2030,36,8,0.017084899342372985,1
2030,36,9,0.32119322291295893,1
2030,36,11,0.1529851333728495,1
2030,36,12,0.2712750365137854,1
2030,36,17,0.09699154733122613,1
2030,37,5,0.13892688962270294,1
2030,37,11,0.04418802358080276,1
2030,37,15,0.0633637482360109,1
2030,37,16,0.12623527878874075,1
2030,37,18,0.6201725317978748,1
2030,38,1,0.19916029504879598,1
2030,38,3,0.04717321456855037,1
2030,38,6,0.05557353693654992,1
2030,38,10,0.016998415650135067,1
2030,38,16,0.5499016663344343,1
2030,38,18,0.13115097979522644,1
2030,39,1,0.11183699372421245,1
2030,39,2,0.035395187196535935,1
2030,39,4,0.017320621806980362,1
2030,39,7,0.014440960709249153,1
2030,39,8,0.181340759616996,1
2030,39,10,0.015435066101418636,1
2030,39,11,0.5049709631330471,1
2030,39,17,0.07097083042978997,1
2030,39,20,0.04166039287527779,1
2030,40,3,0.1114610179306503,1
2030,40,5,0.05161516727981036,1
2030,40,6,0.11076700512184608,1
2030,40,11,0.01756387542071079,1
2030,40,16,0.12187984457667421,1
2030,40,18,0.20247101462661038,1
2030,40,19,0.3842420750436978,1
2030,41,1,0.09545885379435656,1
2030,41,5,0.6106385104373996,1
2030,41,6,0.011217351869002475,1
2030,41,10,0.03988473111835079,1
2030,41,16,0.053687147834213925,1
2030,41,17,0.13643569732316718,1
2030,41,19,0.04220256811192345,1
2030,42,4,0.03747213397683989,1
2030,42,6,0.08245122457220827,1
2030,42,7,0.1353535610326034,1
2030,42,8,0.016780536742485686,1
2030,42,9,0.48247988124177493,1
2030,42,11,0.03175468909393063,1
2030,42,13,0.01456555547475978,1
2030,42,16,0.10366973265496711,1
2030,42,20,0.08928974019774835,1
2030,43,4,0.10004937261930533,1
2030,43,8,0.015601128371161779,1
2030,43,9,0.7502832667137307,1
2030,43,11,0.06833741556263451,1
2030,43,16,0.03503160119740766,1
2030,43,20,0.018243100650242098,1
2030,44,9,0.3652933836124784,1
2030,44,12,0.04507549914796355,1
2030,44,13,0.017429427224000375,1
2030,44,14,0.09631063909855163,1
2030,44,18,0.45398577933020884,1
2030,45,2,0.02586992628277554,1
2030,45,4,0.016029471392199474,1
2030,45,6,0.049023974840637544,1
2030,45,9,0.31529228940583337,1
2030,45,11,0.1847268448241723,1
2030,45,12,0.35481845921063937,1
2030,45,13,0.04656373140367175,1
2030,46,4,0.03999736030582919,1
2030,46,6,0.01595359873854919,1
2030,46,7,0.05693219513347359,1
2030,46,8,0.04543179160451561,1
2030,46,9,0.5269613874628171,1
2030,46,11,0.08817685168370012,1
2030,46,12,0.08907669669895732,1
2030,46,13,0.018653417584500565,1
2030,46,16,0.11493249870579539,1
2030,47,3,0.026038024453863162,1
2030,47,7,0.05490012921437637,1
2030,47,8,0.0910500131322438,1
2030,47,9,0.6449233341540846,1
2030,47,16,0.043003731078093146,1
2030,47,17,0.025470707427010658,1
2030,47,19,0.10879914431508947,1
2030,48,3,0.19381871143301507,1
2030,48,6,0.17763070416793117,1
2030,48,18,0.6285505843990539,1
2030,49,1,0.5847431052970967,1
2030,49,7,0.27078350715101684,1
2030,49,11,0.10248792854392996,1
2030,49,16,0.014912865031016808,1
2030,49,20,0.019838510047000324,1
2030,50,4,0.171798093121242,1
2030,50,8,0.021092162552744948,1
2030,50,9,0.28140978989460214,1
2030,50,13,0.059462625489043235,1
2030,50,20,0.4662373289423673,1
2030,51,2,0.13059715496270521,1
2030,51,9,0.682463971510897,1
2030,51,14,0.1800023313585745,1
2030,52,2,0.03378498038372246,1
2030,52,7,0.11740400081048767,1
2030,52,14,0.01800760412494808,1
2030,52,15,0.20552446280141534,1
2030,52,18,0.6252789518794265,1
2030,53,6,0.2396252096795045,1
2030,53,11,0.017420548818494988,1
2030,53,13,0.01694322257892264,1
2030,53,15,0.49022825367644096,1
2030,53,16,0.010027162302802949,1
2030,53,17,0.02967170078680595,1
2030,53,18,0.187729601063457,1
2030,54,2,0.20707788998508045,1
2030,54,4,0.021536641186639147,1
2030,54,5,0.3432488990630879,1
2030,54,6,0.06433606011793727,1
2030,54,8,0.011029145526828833,1
2030,54,9,0.1662478429778408,1
2030,54,13,0.06602938585178555,1
2030,54,16,0.014444957468266037,1
2030,54,20,0.106049177822534,1
2030,55,4,0.0676983875771325,1
2030,55,5,0.04104653607446795,1
2030,55,11,0.052168125094470004,1
2030,55,12,0.1275395180839844,1
2030,55,15,0.010915316496441627,1
2030,55,16,0.02516707021056614,1
2030,55,18,0.6639881177771398,1
2030,56,1,0.4805692631785566,1
2030,56,3,0.042229840919530526,1
2030,56,7,0.07168266134772205,1
2030,56,10,0.05906385438384206,1
2030,56,15,0.05070912769081822,1
2030,56,16,0.29574525247953043,1
2030,57,1,0.38435237856806104,1
2030,57,7,0.5787759464470988,1
2030,57,13,0.022432865714715117,1
2030,58,1,0.02993015709234911,1
2030,58,6,0.10509794091964836,1
2030,58,7,0.6202983181722879,1
2030,58,10,0.07775272690999739,1
2030,58,12,0.038693815763947564,1
2030,58,18,0.0597006840147901,1
2030,58,19,0.054408476086220195,1
2030,59,6,0.06848707635503848,1
2030,59,7,0.5980501112928679,1
2030,59,8,0.08918908330856627,1
2030,59,9,0.06811516896987577,1
2030,59,10,0.01617956410921497,1
2030,59,12,0.05498955397209057,1
2030,59,16,0.01777971713411349,1
2030,59,18,0.0177367933968346,1
2030,59,19,0.05858265369087415,1
2030,60,2,0.05082311003529251,1
2030,60,3,0.08056299592147197,1
2030,60,6,0.10997873762073378,1
2030,60,7,0.3020545510043148,1
2030,60,12,0.2808745548248306,1
2030,60,13,0.015068508665254415,1
2030,60,18,0.04384903262111502,1
2030,60,20,0.10840079606867369,1
2030,61,2,0.0343877826511751,1
2030,61,4,0.01152609984073109,1
2030,61,6,0.034563638873833354,1
2030,61,9,0.031167316475093756,1
2030,61,11,0.16498422551979028,1
2030,61,12,0.4325448144272014,1
2030,61,13,0.021122613107462215,1
2030,61,17,0.09974166342060983,1
2030,61,18,0.06190097878444645,1
2030,61,20,0.1080608668996564,1
2030,62,1,0.13856752759911437,1
2030,62,5,0.06798636339902092,1
2030,62,7,0.038438084335966655,1
2030,62,8,0.06026913264738731,1
2030,62,12,0.03426671396316559,1
2030,62,16,0.523369992351158,1
2030,62,17,0.13471778711205545,1
2030,63,3,0.027465087853127856,1
2030,63,9,0.039957034311651374,1
2030,63,11,0.012525530588141624,1
2030,63,16,0.5348134261731735,1
2030,63,17,0.13943070132465363,1
2030,63,18,0.14836611010256193,1
2030,63,19,0.09338508974419019,1
2030,64,4,0.5561906949974558,1
2030,64,5,0.12380158347388338,1
2030,64,8,0.05930915314441612,1
2030,64,9,0.02757682256345076,1
2030,64,12,0.08755872239589768,1
2030,64,16,0.12804906737226612,1
2030,64,19,0.0175139560526302,1
2030,65,2,0.09959933786966733,1
2030,65,6,0.01101180606233346,1
2030,65,9,0.0394601302162931,1
2030,65,12,0.09976577999770063,1
2030,65,13,0.1385243719090398,1
2030,65,14,0.6116385739449655,1
2030,66,1,0.26400192892890095,1
2030,66,6,0.04249410070997415,1
2030,66,7,0.017205999787088644,1
2030,66,11,0.5292984539194823,1
2030,66,12,0.13792948220551346,1
2030,67,2,0.030960837842620003,1
2030,67,6,0.048164624149343624,1
2030,67,7,0.05118103939738463,1
2030,67,8,0.0665164393177377,1
2030,67,9,0.012610557441090802,1
2030,67,11,0.19464938847735558,1
2030,67,12,0.3283247822017334,1
2030,67,16,0.10333387096492895,1
2030,67,17,0.1394898438484375,1
2030,67,20,0.018872188541825458,1
2030,68,2,0.014705137549927578,1
2030,68,3,0.17194932581849384,1
2030,68,5,0.012108893837555664,1
2030,68,7,0.15355981342453848,1
2030,68,10,0.022659558779429424,1
2030,68,14,0.02444509434263263,1
2030,68,16,0.36540110928179614,1
2030,68,18,0.018602503784643194,1
2030,68,19,0.21656856318098308,1
2030,69,1,0.1988754358379564,1
2030,69,7,0.14517459941856745,1
2030,69,11,0.15291756137529186,1
2030,69,13,0.035678660674792875,1
2030,69,16,0.46272178037646833,1
2030,70,1,0.30014525335638015,1
2030,70,7,0.2075838935745187,1
2030,70,11,0.492270853069101,1
2030,71,6,0.023637976317781632,1
2030,71,7,0.320901659619882,1
2030,71,8,0.3065832202125374,1
2030,71,11,0.0712103872386582,1
2030,71,12,0.016735368789445336,1
2030,71,16,0.23198162798343885,1
2030,71,17,0.028949759838256574,1
2030,72,1,0.17081006099524304,1
2030,72,7,0.06694720205596505,1
2030,72,10,0.39781803775298086,1
2030,72,11,0.18085068865729548,1
2030,72,12,0.11761556019555754,1
2030,72,16,0.011900984609559725,1
2030,72,17,0.04288270582674305,1
2030,73,1,0.03920457258728705,1
2030,73,7,0.35847670503859186,1
2030,73,8,0.18783563088550154,1
2030,73,15,0.07912597414988581,1
2030,73,17,0.33456375328904714,1
2030,74,2,0.03684465001209881,1
2030,74,3,0.019354626905999317,1
2030,74,8,0.06439778273601131,1
2030,74,9,0.01435088904093537,1
2030,74,11,0.14888795184399917,1
2030,74,15,0.1439347709707336,1
2030,74,16,0.011784610983196307,1
2030,74,18,0.5599323251748618,1
2030,75,6,0.027916487110710014,1
2030,75,9,0.4095417176981048,1
2030,75,11,0.024100056804863934,1
2030,75,12,0.02684776569383385,1
2030,75,13,0.112636027121998,1
2030,75,14,0.05909475598500093,1
2030,75,16,0.12132677759878083,1
2030,75,20,0.21015662835831958,1
2030,76,2,0.5778404640168986,1
2030,76,4,0.2147845817241701,1
2030,76,8,0.03299456941821611,1
2030,76,9,0.010385772227310748,1
2030,76,12,0.04157683701262521,1
2030,76,13,0.03692463245905087,1
2030,76,15,0.013362654939935794,1
2030,76,20,0.04880520804196574,1
2030,77,2,0.1155008398752829,1
2030,77,9,0.6652758322228657,1
2030,77,14,0.05538933610136819,1
2030,77,15,0.037978203659045834,1
2030,78,2,0.5995220807568767,1
2030,78,4,0.012642364745016248,1
2030,78,8,0.014933989454859173,1
2030,78,9,0.2962494536088777,1
2030,79,2,0.671516613320611,1
2030,79,5,0.07759990074967436,1
2030,79,11,0.02136844024848322,1
2030,79,14,0.09144211314185972,1
2030,79,16,0.06756982449310166,1
2030,79,18,0.07049998544935418,1
2030,80,2,0.6265455106432346,1
2030,80,4,0.10562925071195257,1
2030,80,6,0.02032153311086241,1
2030,80,8,0.07463272601698882,1
2030,80,11,0.043414424491350655,1
2030,80,15,0.017426702800922775,1
2030,80,16,0.05873676424135554,1
2030,80,20,0.04655147467516894,1
2030,81,1,0.013733690779121014,1
2030,81,3,0.21338628373397273,1
2030,81,7,0.1745516287302214,1
2030,81,10,0.23430694023673074,1
2030,81,14,0.07019026351615255,1
2030,81,15,0.03725902745740299,1
2030,81,16,0.20077473136585197,1
2030,81,19,0.05012769976894556,1
2030,82,1,0.3176102547701193,1
2030,82,6,0.11247609900968934,1
2030,82,7,0.5352426409502495,1
2030,82,13,0.03344528914607256,1
2030,83,7,0.12341273988566169,1
2030,83,8,0.014402813301386479,1
2030,83,15,0.18759407027792413,1
2030,83,17,0.6185564476050633,1
2030,83,20,0.0490156682519455,1
2030,84,2,0.015581230380885457,1
2030,84,3,0.01259231178709963,1
2030,84,7,0.05610955932084468,1
2030,84,8,0.0432253034563168,1
2030,84,9,0.6247858906742233,1
2030,84,15,0.16954259806699457,1
2030,85,3,0.05408387994679672,1
2030,85,5,0.03940433265876082,1
2030,85,7,0.05573640927436299,1
2030,85,9,0.6060469245469077,1
2030,85,14,0.16373955498638593,1
2030,85,15,0.034637684330418,1
2030,86,2,0.028390016752567894,1
2030,86,6,0.10796240262265268,1
2030,86,8,0.061638535701762136,1
2030,86,9,0.031499954473042185,1
2030,86,11,0.01049937114018675,1
2030,86,15,0.5151593129012386,1
2030,86,16,0.11945658143646647,1
2030,86,18,0.12539382497208307,1
2030,87,7,0.12063361946874587,1
2030,87,8,0.028589680819143218,1
2030,87,10,0.014099972235404606,1
2030,87,15,0.02570786132252197,1
2030,87,16,0.03823546229228088,1
2030,87,19,0.7269727373957223,1
2030,87,20,0.02749246903255219,1
2030,88,4,0.09910653743801776,1
2030,88,9,0.7228976726503794,1
2030,88,13,0.018256793204188475,1
2030,88,20,0.11658105849252451,1
2030,89,2,0.6585677255279841,1
2030,89,9,0.22193795017682022,1
2030,89,19,0.02272940394481961,1
2030,90,2,0.8660336838477466,1
2030,90,9,0.05259778766862103,1
2030,91,2,0.626767683033133,1
2030,91,3,0.09191366053288867,1
2030,91,5,0.01187971538413722,1
2030,91,7,0.06760027430772263,1
2030,91,11,0.021643875088969828,1
2030,91,16,0.07392445130363744,1
2030,91,19,0.018544411472830973,1
2030,92,2,0.8610295598884629,1
2030,92,4,0.029258742407000875,1
2030,93,2,0.9017905593839148,1
2030,93,16,0.01811268929164451,1
2030,94,2,0.228523721376229,1
2030,94,3,0.12975144764179886,1
2030,94,5,0.31664559210619364,1
2030,94,11,0.024863066699732164,1
2030,94,15,0.08621489499354604,1
2030,94,16,0.18734984899450138,1
2030,95,1,0.0773130491646265,1
2030,95,2,0.06021130206640629,1
2030,95,3,0.01853157791516252,1
2030,95,7,0.09366191169686283,1
2030,95,9,0.5746482382015512,1
2030,95,10,0.01849123985932094,1
2030,95,20,0.12057915744999852,1
2030,96,5,0.041577182077663116,1
2030,96,9,0.2930317089034627,1
2030,96,11,0.0859731186159184,1
2030,96,13,0.05671878657882344,1
2030,96,14,0.3993545856070739,1
2030,96,17,0.019565254198547804,1
2030,96,18,0.08146466780896881,1
2030,97,4,0.03052000949121012,1
2030,97,6,0.014504155637826137,1
2030,97,9,0.6205925358267308,1
2030,97,15,0.03434594325326077,1
2030,97,16,0.0890494921480693,1
2030,97,20,0.16612668168114877,1
2030,98,2,0.758781828858366,1
2030,98,3,0.045467882902791176,1
2030,98,6,0.027720372489436478,1
2030,98,14,0.015597254767679865,1
2030,98,18,0.05311617315630437,1
2030,99,2,0.02720327099402462,1
2030,99,3,0.16736736633823615,1
2030,99,7,0.1802398327710891,1
2030,99,14,0.5482897900207119,1
2030,99,16,0.013626187953488406,1
2030,99,19,0.0532542195059639,1
2030,100,2,0.1040497603717755,1
2030,100,6,0.1669175859197226,1
2030,100,7,0.28724535329253237,1
2030,100,11,0.029297426065140037,1
2030,100,14,0.16471230360327385,1
2030,100,15,0.23721595144736465,1
2030,101,2,0.6012497640746325,1
2030,101,11,0.058937793222828064,1
2030,101,15,0.05236333170593953,1
2030,101,16,0.1306366790001964,1
2030,101,20,0.1390890178176937,1
2030,102,2,0.25158397690686646,1
2030,102,14,0.5605667003145356,1
2030,102,15,0.13609057552684223,1
2030,102,20,0.04842616281801555,1
2030,103,2,0.4505668953901832,1
2030,103,4,0.2689475859282327,1
2030,103,9,0.08388972139175968,1
2030,103,12,0.028876877009731475,1
2030,103,13,0.060439451087977276,1
2030,103,16,0.04882784094135662,1
2030,104,2,0.0909032536074268,1
2030,104,3,0.07116746255057532,1
2030,104,7,0.01130348117452846,1
2030,104,9,0.6637044034013652,1
2030,104,15,0.03202706306776144,1
2030,104,20,0.06633827996794345,1
2030,105,2,0.7978127142646408,1
2030,105,11,0.055714344359555946,1
2030,105,18,0.010124314820012328,1
2030,105,19,0.014715315033582069,1
2030,106,2,0.09960724067704015,1
2030,106,3,0.0427281154687676,1
2030,106,9,0.6310795607072426,1
2030,106,15,0.04568214825536491,1
2030,106,20,0.05677337652905025,1
2030,107,2,0.5745153678686109,1
2030,107,9,0.20413678356580728,1
2030,107,12,0.019736221780980494,1
2030,107,18,0.08783954913748669,1
2030,108,2,0.04470224722652835,1
2030,108,9,0.09249286740545613,1
2030,108,11,0.0316267675055518,1
2030,108,12,0.10979941163259502,1
2030,108,14,0.03982902776066797,1
2030,108,15,0.10544940543556336,1
2030,108,16,0.01338729820334512,1
2030,108,18,0.44527192033749863,1
2030,109,1,0.12373885099874612,1
2030,109,6,0.5915499592519495,1
2030,109,7,0.02078789627038377,1
2030,109,10,0.040969537160238746,1
2030,109,12,0.08032201035711456,1
2030,109,16,0.06855015340327235,1
2030,110,1,0.35425117602484607,1
2030,110,3,0.06086306343200991,1
2030,110,7,0.5181077615047543,1
2030,110,10,0.041955015681830306,1
2030,110,16,0.019000570188185604,1
2030,111,1,0.29608589676827857,1
2030,111,3,0.0290309243824236,1
2030,111,6,0.051295562117155385,1
2030,111,7,0.5548547472315685,1
2030,111,10,0.06636156023432543,1
2030,112,1,0.34950396580471565,1
2030,112,7,0.5256156757495546,1
2030,112,16,0.0617707892005027,1
2030,113,1,0.132284268712478,1
2030,113,7,0.6597823177942013,1
2030,113,8,0.08474495277754743,1
2030,113,10,0.05351418633996417,1
2030,113,17,0.04914545403939321,1
2030,114,3,0.12851122746590818,1
2030,114,5,0.1430599736776519,1
2030,114,7,0.2767961365126361,1
2030,114,11,0.02176813808353228,1
2030,114,15,0.017334041214719098,1
2030,114,16,0.3027519022436425,1
2030,114,19,0.10977858080190989,1
2030,115,2,0.07995977692306179,1
2030,115,4,0.11677489035172545,1
2030,115,8,0.111150347017054,1
2030,115,11,0.3496810385385459,1
2030,115,15,0.14482204751184907,1
2030,115,16,0.15571772845454712,1
2030,115,20,0.012544525822251717,1
2030,116,1,0.03297370890561648,1
2030,116,2,0.07066336539625169,1
2030,116,3,0.08249416939372779,1
2030,116,5,0.3369141553812698,1
2030,116,7,0.12080531615450907,1
2030,116,8,0.044133933631713196,1
2030,116,10,0.04565397034832304,1
2030,116,15,0.06297836033093197,1
2030,116,20,0.1967579455093908,1
2030,117,2,0.013790469627509946,1
2030,117,4,0.09301779983901819,1
2030,117,6,0.039971280453648436,1
2030,117,8,0.055860810691013736,1
2030,117,9,0.2281171571484095,1
2030,117,15,0.38969760676843856,1
2030,117,20,0.12306285380158173,1
2030,118,2,0.1472381550457406,1
2030,118,3,0.23306243130705603,1
2030,118,14,0.6114584525198395,1
2030,119,1,0.2154267109674148,1
2030,119,7,0.39474474905532286,1
2030,119,10,0.28575057371119017,1
2030,119,16,0.06921993753210347,1
2030,120,1,0.06425742895487299,1
2030,120,6,0.08842133364171219,1
2030,120,7,0.5314974997371621,1
2030,120,11,0.13860359266238548,1
2030,120,16,0.14496970340463106,1
2030,121,1,0.2436868854959854,1
2030,121,7,0.07442159263075546,1
2030,121,16,0.6606877688397883,1
2030,121,20,0.021203753033470787,1
2030,122,1,0.1772230698549081,1
2030,122,3,0.019299909475570937,1
2030,122,6,0.11422600101472523,1
2030,122,7,0.029016676969401665,1
2030,122,10,0.02438584115602833,1
2030,122,11,0.407306828033379,1
2030,122,13,0.1007579415260698,1
2030,122,14,0.034478974123457844,1
2030,122,20,0.09330475784645911,1
2030,123,3,0.17637891307435566,1
2030,123,6,0.10047749302020133,1
2030,123,7,0.072528153332307,1
2030,123,11,0.015109003550764256,1
2030,123,12,0.2915011631989204,1
2030,123,13,0.05490916461626617,1
2030,123,14,0.1601153198411584,1
2030,123,20,0.12898078936602683,1
2030,124,1,0.5014354279353621,1
2030,124,7,0.35650267871229785,1
2030,124,8,0.10496243387931468,1
2030,125,1,0.05646782349777231,1
2030,125,2,0.06339039536317324,1
2030,125,6,0.12183712779143402,1
2030,125,15,0.38389547830251164,1
2030,125,17,0.14935408306446502,1
2030,125,18,0.08026794274763727,1
2030,125,19,0.026415646641603435,1
2030,125,20,0.07490222452546799,1
2030,126,3,0.47863408967253424,1
2030,126,7,0.05515259578087609,1
2030,126,11,0.1200816487188275,1
2030,126,12,0.014502858665740276,1
2030,126,13,0.012958508468806628,1
2030,126,14,0.2557266930242276,1
2030,126,20,0.050101749076988895,1
2030,127,1,0.03418129779631572,1
2030,127,4,0.6031063301489928,1
2030,127,5,0.021817261001021326,1
2030,127,7,0.05881321975728427,1
2030,127,11,0.1410756143864462,1
2030,127,12,0.028629608139852908,1
2030,127,16,0.1086489075391265,1
2030,128,2,0.02816159756232058,1
2030,128,3,0.025865432256734315,1
2030,128,6,0.01726263521904644,1
2030,128,7,0.05799140857271343,1
2030,128,13,0.023168218159250294,1
2030,128,14,0.7053491613444307,1
2030,128,15,0.015218585483059044,1
2030,128,16,0.02926998993537302,1
2030,128,20,0.09771297146707213,1
2030,129,2,0.08632288132823393,1
2030,129,9,0.18780698605171908,1
2030,129,11,0.24383307863084566,1
2030,129,13,0.08046906616625583,1
2030,129,15,0.16204110300960345,1
2030,129,16,0.14847449275005437,1
2030,129,20,0.04444115039059892,1
2030,130,2,0.628754478242954,1
2030,130,4,0.052744274965962894,1
2030,130,9,0.1349006856481629,1
2030,130,13,0.05225311231802611,1
2030,131,2,0.7856409712482073,1
2030,131,5,0.011462059803773687,1
2030,131,18,0.027924244072187403,1
2030,131,19,0.02198589282764684,1
2030,132,1,0.010694125234208941,1
2030,132,3,0.17376775375007703,1
2030,132,6,0.012478334793103032,1
2030,132,9,0.5815902824505051,1
2030,132,13,0.014747042371143163,1
2030,132,14,0.10143835898435456,1
2030,133,2,0.059158105212362734,1
2030,133,3,0.03569995669883707,1
2030,133,5,0.30492510357763536,1
2030,133,6,0.05725191630653944,1
2030,133,11,0.2673482346135926,1
2030,133,14,0.05626092171628116,1
2030,133,16,0.043835274770812976,1
2030,133,18,0.040081877002582623,1
2030,134,2,0.6110472498471419,1
2030,134,4,0.07728783246456172,1
2030,134,11,0.031042075264795646,1
2030,134,16,0.11605532909832787,1
2030,134,20,0.04933127825807242,1
2030,135,2,0.25242128550639126,1
2030,135,9,0.5769717564581032,1
2030,135,20,0.02930832017979501,1
2030,136,2,0.8407603685965152,1
2030,136,3,0.011017653232635129,1
2030,136,10,0.013854721256276776,1
2030,136,19,0.03107106637083832,1
2030,137,2,0.18584022722723745,1
2030,137,9,0.6404213108976949,1
2030,137,15,0.049439705213853234,1
2030,137,20,0.03132600819478652,1
2030,138,2,0.5663180976636907,1
2030,138,8,0.016633763507499906,1
2030,138,9,0.24034951715687927,1
2030,139,14,1.0,1
2030,140,1,0.5407195874770723,1
2030,140,7,0.38018538718115075,1
2030,140,16,0.032672590414231685,1
2030,141,1,0.7719695950486614,1
2030,141,7,0.20639030491955446,1
2030,142,1,0.2838026109759665,1
2030,142,7,0.2837043926394646,1
2030,142,17,0.4324929963845688,1
2030,143,6,0.09564897595391633,1
2030,143,7,0.21951648299933813,1
2030,143,11,0.0693951885865331,1
2030,143,14,0.5669565149670167,1
2030,143,16,0.012499706792866196,1
2030,143,20,0.03598313070032939,1
2030,144,1,0.3264656595345176,1
2030,144,7,0.5170903929071272,1
2030,144,10,0.15644394755835514,1
2030,145,4,0.18499577529515127,1
2030,145,7,0.6163399274951076,1
2030,145,8,0.05454054642657899,1
2030,145,17,0.07143033540213901,1
2030,145,20,0.07269341538102321,1
2030,146,2,0.3681200684247529,1
2030,146,3,0.15589217662866656,1
2030,146,7,0.21113825493383212,1
2030,146,14,0.25507473569923733,1
2030,147,3,0.4225011894632621,1
2030,147,7,0.28966944899517233,1
2030,147,14,0.05765376490267103,1
2030,147,15,0.05184009200776364,1
2030,147,16,0.17833550463113088,1
2030,148,4,0.6303850001214677,1
2030,148,6,0.12168537984996504,1
2030,148,11,0.10304268239730409,1
2030,148,16,0.10338952147621686,1
2030,149,2,0.7010958243067404,1
2030,149,4,0.03359142162418325,1
2030,149,9,0.11652470227163693,1
2030,149,13,0.01987918953890977,1
2030,150,2,0.11543895069065409,1
2030,150,3,0.03795916885718893,1
2030,150,14,0.01174226213386958,1
2030,150,15,0.5504218801151206,1
2030,150,19,0.2775434636037079,1
2030,151,2,0.6402609136569026,1
2030,151,4,0.1578126162361287,1
2030,151,8,0.06358902254565596,1
2030,151,13,0.02345950630393322,1
2030,151,20,0.01423610059329755,1
2030,152,2,0.608181777067011,1
2030,152,3,0.03419994495596007,1
2030,152,10,0.026655486591574327,1
2030,152,16,0.018095849875730534,1
2030,152,18,0.07594833239491307,1
2030,152,19,0.12356513210923242,1
2030,153,1,0.01455838546697116,1
2030,153,2,0.6670151480949207,1
2030,153,5,0.033773374870667776,1
2030,153,6,0.03999241739017734,1
2030,153,9,0.015771957395044237,1
2030,153,10,0.013635279232305338,1
2030,153,11,0.017378085456206747,1
2030,153,12,0.015035842754558614,1
2030,153,13,0.014383483364573804,1
2030,153,18,0.04029670041149796,1
2030,154,2,0.07958461217700301,1
2030,154,3,0.1082016537681259,1
2030,154,5,0.30737106373858586,1
2030,154,7,0.12844078096167294,1
2030,154,14,0.04795817966830739,1
2030,154,16,0.1735482168475425,1
2030,154,20,0.020638801121816954,1
2030,155,2,0.07745490068258228,1
2030,155,7,0.033433030149720634,1
2030,155,11,0.042161380599924025,1
2030,155,14,0.11284681707685681,1
2030,155,16,0.448456180581109,1
2030,155,17,0.052952069655236765,1
2030,155,18,0.11730202169892744,1
2030,155,20,0.0623347880889198,1
2030,156,6,0.21919325326329728,1
2030,156,7,0.039580323872989924,1
2030,156,14,0.22852938602163467,1
2030,156,15,0.31271067879954134,1
2030,156,16,0.141165668225531,1
2030,156,20,0.05882068981700564,1
2030,157,2,0.15810442298479108,1
2030,157,3,0.026990152872868867,1
2030,157,7,0.5610648900962698,1
2030,157,14,0.12024856594258124,1
2030,157,16,0.12693957567154338,1
2030,158,2,0.1099082658989048,1
2030,158,6,0.059182301266157034,1
2030,158,9,0.12037615003434651,1
2030,158,14,0.1160719672325686,1
2030,158,16,0.05972413760259202,1
2030,158,20,0.5152724455712263,1
2030,159,3,0.06528074304283052,1
2030,159,7,0.019997043156099473,1
2030,159,8,0.2502515010480749,1
2030,159,15,0.15604160586651722,1
2030,159,16,0.4692474945617886,1
2030,159,19,0.028438115956442682,1
2030,160,4,0.051585312006782576,1
2030,160,8,0.08782164442353481,1
2030,160,9,0.2520308238748766,1
2030,160,11,0.15104427204596999,1
2030,160,15,0.13124651953595695,1
2030,160,16,0.19711496368312137,1
2030,160,19,0.03903370345061068,1
2030,161,2,0.721508548065693,1
2030,161,11,0.06242949746570044,1
2030,161,16,0.06460041658716596,1
2030,162,3,0.02002914564823024,1
2030,162,7,0.07000085691887191,1
2030,162,8,0.024048870267665296,1
2030,162,14,0.816717572036607,1
2030,162,16,0.03444972830372085,1
2030,162,17,0.02517567151779982,1
2030,163,1,0.018689105622320772,1
2030,163,4,0.028878905895123173,1
2030,163,7,0.08377228174109398,1
2030,163,8,0.4764992751126822,1
2030,163,11,0.2280607109438509,1
2030,163,13,0.11310179212333481,1
2030,163,20,0.02440255750697476,1
2030,164,1,0.2505645927735719,1
2030,164,7,0.08892884706240918,1
2030,164,8,0.027269547045345646,1
2030,164,10,0.3623461754583517,1
2030,164,16,0.23958845737559464,1
2030,165,1,0.5766832942584607,1
2030,165,3,0.013091400493602077,1
2030,165,7,0.0718530285418062,1
2030,165,11,0.13081608064467332,1
2030,165,15,0.04422724106483685,1
2030,165,16,0.05719837810438525,1
2030,165,20,0.053347863217081515,1
2030,166,1,0.1064384603147046,1
2030,166,3,0.04493773097616359,1
2030,166,4,0.010930129774858938,1
2030,166,7,0.04893993095739884,1
2030,166,13,0.14741903982240734,1
2030,166,14,0.051560608243498965,1
2030,166,16,0.3338778170751979,1
2030,166,17,0.02610876662059574,1
2030,166,20,0.22173399989654932,1
2030,167,2,0.026652131973373763,1
2030,167,3,0.010559756221240923,1
2030,167,4,0.5537803490072079,1
2030,167,6,0.0410919007970698,1
2030,167,8,0.04032713639178591,1
2030,167,10,0.08858890601643248,1
2030,167,15,0.0167704184397386,1
2030,167,16,0.1594065766816123,1
2030,168,2,0.6540562758162374,1
2030,168,4,0.05796516039280219,1
2030,168,7,0.011525346486983903,1
2030,168,15,0.09130841826796118,1
2030,168,20,0.05549674148010905,1
2030,169,2,0.8466858229796961,1
2030,169,15,0.07019246600239978,1
2030,169,20,0.013406755939278559,1
2030,170,2,0.9277555137095618,1
2030,170,4,0.018681118750352353,1
2030,171,2,0.20812863519205205,1
2030,171,3,0.05694975181835735,1
2030,171,9,0.45068188265030273,1
2030,171,14,0.18046870119783273,1
2030,171,15,0.015401845554462435,1
2030,172,2,0.8159797395054538,1
2030,172,4,0.035918974045008656,1
2030,172,8,0.017455177273734867,1
2030,172,13,0.022990643619928072,1
2030,173,2,0.24318116586468058,1
2030,173,8,0.02185600710014757,1
2030,173,9,0.05056824505068831,1
2030,173,14,0.600685633224809,1
2030,173,15,0.04828518396286114,1
2030,174,5,0.10955947074456912,1
2030,174,9,0.02436439445311224,1
2030,174,11,0.18936656496979354,1
2030,174,12,0.07422887192064141,1
2030,174,14,0.05277535358335082,1
2030,174,16,0.4485691006457268,1
2030,174,20,0.01771622650162355,1
2030,175,7,0.6123398125867593,1
2030,175,11,0.10157395574939822,1
2030,175,16,0.20507597628751198,1
2030,176,1,0.3807077636883254,1
2030,176,7,0.4564928232042876,1
2030,176,10,0.10190602275716241,1
2030,177,2,0.03225692556461582,1
2030,177,9,0.14810741749687328,1
2030,177,16,0.018320149276826653,1
2030,177,18,0.09529702426289906,1
2030,177,20,0.685517809685868,1
2030,178,2,0.2698758237067595,1
2030,178,8,0.09365008894322548,1
2030,178,15,0.3001659510169119,1
2030,178,16,0.11209903553116486,1
2030,178,18,0.10517100930297683,1
2030,178,19,0.0782373300446891,1
2030,179,2,0.603886143131341,1
2030,179,3,0.06860136612050897,1
2030,179,7,0.11723793424386696,1
2030,179,11,0.026177901326816282,1
2030,179,14,0.0998743530585711,1
2030,179,16,0.051871097026285534,1
2030,180,2,0.025836031776389035,1
2030,180,6,0.06410863145430142,1
2030,180,15,0.7558326229996641,1
2030,180,17,0.06985317804402882,1
2030,180,20,0.06927177883122568,1
2030,181,3,0.029684899197824136,1
2030,181,7,0.22391402403342145,1
2030,181,8,0.02408982537544235,1
2030,181,10,0.017291304076357737,1
2030,181,14,0.4832125552305095,1
2030,181,15,0.011332356741101498,1
2030,181,16,0.10470944641278539,1
2030,181,19,0.08999368681545296,1
2030,182,1,0.09455395894997107,1
2030,182,7,0.27868507461201486,1
2030,182,8,0.18510532064845095,1
2030,182,10,0.029922088066065996,1
2030,182,11,0.06968754680441355,1
2030,182,16,0.20971056293366036,1
2030,182,17,0.06058320696170776,1
2030,183,2,0.48479533818401627,1
2030,183,4,0.08876825319425156,1
2030,183,8,0.05729256236741219,1
2030,183,12,0.026358632952618536,1
2030,183,16,0.07463583343517718,1
2030,183,20,0.1446636556559502,1
2030,184,2,0.07360785706059289,1
2030,184,6,0.021162380196632292,1
2030,184,8,0.1297882210882684,1
2030,184,9,0.1708361706619782,1
2030,184,15,0.376376299980705,1
2030,184,16,0.058263396710963755,1
2030,184,19,0.09834978168530106,1
2030,185,2,0.5897173458663987,1
2030,185,3,0.025532850430789122,1
2030,185,5,0.10582468241183675,1
2030,185,15,0.13112997274198965,1
2030,185,16,0.07247038538681283,1
2030,185,19,0.03247328464302186,1
2030,186,4,0.10064492801848446,1
2030,186,7,0.06585084587671179,1
2030,186,8,0.04492841087598958,1
2030,186,9,0.4130453752417119,1
2030,186,11,0.02067052683244468,1
2030,186,12,0.07193428715612175,1
2030,186,13,0.01119638769086007,1
2030,186,15,0.016761582363739768,1
2030,186,16,0.07074857600948145,1
2030,186,20,0.09703356351422093,1
2030,187,8,0.12227410148029018,1
2030,187,9,0.4103919770420231,1
2030,187,11,0.10986219649098694,1
2030,187,15,0.17539460287272393,1
2030,187,16,0.04273387018870475,1
2030,187,19,0.03387315047555969,1
2030,188,2,0.028199869899348008,1
2030,188,8,0.15665075868608103,1
2030,188,9,0.11696194643408812,1
2030,188,14,0.42205344237217157,1
2030,188,15,0.017130408948604358,1
2030,188,16,0.03836694759908301,1
2030,188,19,0.1271970988029652,1
2030,189,2,0.6540378963668537,1
2030,189,7,0.07325496143766824,1
2030,189,20,0.14556405485956414,1
2030,190,2,0.8541603219214551,1
2030,190,3,0.013926894673544413,1
2030,190,7,0.023259069908469997,1
2030,190,16,0.016271273902870063,1
2030,191,2,0.6795177317665796,1
2030,191,3,0.01688100588350404,1
2030,191,7,0.07422224661349457,1
2030,191,10,0.055886375262018145,1
2030,191,15,0.011746127480295002,1
2030,191,16,0.09408674959818171,1
2030,191,19,0.013217228370442652,1
2030,192,2,0.8715701878048173,1
2030,192,20,0.020103283075982487,1
2030,193,2,0.7169390666408056,1
2030,193,3,0.03171444303672278,1
2030,193,7,0.058933524459647446,1
2030,193,14,0.13897620599819258,1
2030,193,16,0.01686113683811687,1
2030,194,2,0.15822857244179223,1
2030,194,3,0.10467060932752083,1
2030,194,7,0.15699481232419019,1
2030,194,14,0.4635863601658223,1
2030,194,15,0.04490824218745831,1
2030,194,16,0.04268661251927048,1
2030,194,20,0.01918222169173997,1
2030,195,2,0.01835956724141486,1
2030,195,6,0.20970143502751354,1
2030,195,9,0.10802251711250731,1
2030,195,11,0.030399439244669507,1
2030,195,13,0.0743232748525748,1
2030,195,15,0.46210157476799196,1
2030,195,16,0.013427163288637151,1
2030,196,2,0.0808560411688616,1
2030,196,9,0.4566127214935191,1
2030,196,15,0.0729159636633811,1
2030,196,20,0.22536759206027104,1
2030,197,2,0.371936741185323,1
2030,197,3,0.03418810214339892,1
2030,197,8,0.01689397244189908,1
2030,197,14,0.4518591887915961,1
2030,197,15,0.02648615553845308,1
2030,197,20,0.030742427695901988,1
2030,198,2,0.5815669418956668,1
2030,198,11,0.16571140506517573,1
2030,198,15,0.0363611631070846,1
2030,198,16,0.16682179696773852,1
2030,198,20,0.0183497849478155,1
2030,199,2,0.04495590957262775,1
2030,199,3,0.10306157952785575,1
2030,199,5,0.5107749972623931,1
2030,199,7,0.1342537815618055,1
2030,199,19,0.089356295984608,1
2030,200,2,0.12997082897533507,1
2030,200,9,0.175992979940941,1
2030,200,15,0.38857751894500514,1
2030,200,16,0.14822648054983706,1
2030,200,20,0.11558724507632961,1
2030,201,2,0.7358854541636407,1
2030,201,6,0.03174897835807936,1
2030,201,9,0.09906491954829012,1
2030,202,2,0.6840759750297607,1
2030,202,8,0.011826997951326391,1
2030,202,9,0.09101711749005191,1
2030,202,18,0.025719370685448474,1
2030,202,19,0.04343299141499694,1
2030,203,2,0.8188162231434064,1
2030,203,6,0.01897951448674309,1
2030,203,11,0.013212575926280671,1
2030,203,16,0.01873814090540692,1
2030,204,2,0.06383159377045011,1
2030,204,3,0.028088396996003684,1
2030,204,9,0.5938035101403978,1
2030,204,14,0.03254323020598746,1
2030,204,15,0.0495430508640216,1
2030,204,20,0.0462628696515936,1
2030,205,2,0.6897095094969702,1
2030,205,4,0.013171629157919447,1
2030,205,8,0.037227097234850404,1
2030,205,9,0.07708943141867312,1
2030,205,17,0.016260567875921367,1
2030,205,19,0.01448489464903988,1
2030,206,2,0.8892539384742917,1
2030,207,2,0.3261251239409713,1
2030,207,3,0.048952793646171534,1
2030,207,14,0.5449609004940578,1
2030,207,15,0.057003584608746105,1
2030,208,2,0.03193359742660218,1
2030,208,7,0.16980171515836995,1
2030,208,11,0.08095503296675306,1
2030,208,14,0.5086895036207889,1
2030,208,15,0.0824567576869309,1
2030,208,16,0.10570560286662062,1
2030,208,20,0.020457790273934327,1
2030,209,2,0.08405747647161046,1
2030,209,6,0.020025306288998096,1
2030,209,7,0.13193312838990723,1
2030,209,11,0.013265944000859033,1
2030,209,14,0.4516359229418983,1
2030,209,15,0.032854596985228135,1
2030,209,16,0.1176442514144781,1
2030,209,20,0.14858337350702053,1
2030,210,6,0.018779116290291227,1
2030,210,7,0.20901428002061473,1
2030,210,11,0.06157565385203269,1
2030,210,14,0.5124183164596339,1
2030,210,16,0.1335718166736102,1
2030,210,20,0.05687888500176607,1
2030,211,6,0.04668003772193209,1
2030,211,9,0.053717052495569184,1
2030,211,11,0.05716969456527802,1
2030,211,14,0.03870497429598874,1
2030,211,16,0.2742919742705789,1
2030,211,18,0.08350937897839143,1
2030,211,20,0.34752055422233485,1
2030,212,6,0.023352110713611193,1
2030,212,9,0.4235059320641101,1
2030,212,11,0.020742421425910262,1
2030,212,13,0.02036147458872663,1
2030,212,14,0.023357001356006754,1
2030,212,16,0.19292455357708727,1
2030,212,20,0.16055415016512373,1
2030,213,2,0.039195491689408654,1
2030,213,6,0.015380799888547502,1
2030,213,9,0.5034523736668165,1
2030,213,14,0.11667813604111346,1
2030,213,15,0.01910242903833245,1
2030,213,16,0.015038568359492853,1
2030,213,20,0.14558043567921872,1
2030,214,6,0.11627561657120812,1
2030,214,8,0.05129244752639493,1
2030,214,15,0.3287487931991795,1
2030,214,17,0.06647670629958854,1
2030,214,18,0.16374997558535306,1
2030,214,19,0.10870293591805866,1
2030,215,3,0.08875826912929947,1
2030,215,7,0.28100641933399,1
2030,215,14,0.16046879821721502,1
2030,215,16,0.039961958935526745,1
2030,215,18,0.3464804753928715,1
2030,216,4,0.015594939065076144,1
2030,216,7,0.11634434639582716,1
2030,216,11,0.10577628776112308,1
2030,216,16,0.5204834238715076,1
2030,216,17,0.21075087212242466,1
2030,217,2,0.5535194479725309,1
2030,217,4,0.11076181428182344,1
2030,217,16,0.02800575031629594,1
2030,217,20,0.16047925483416847,1
2030,218,2,0.8119613308459461,1
2030,218,4,0.02067856806145965,1
2030,218,16,0.01258523993250189,1
2030,219,2,0.8753253041373912,1
2030,220,2,0.8886707192345159,1
2030,221,3,0.026041109128679088,1
2030,221,6,0.028771327965621134,1
2030,221,9,0.29248136256016455,1
2030,221,13,0.05940445093663568,1
2030,221,14,0.38553739931050557,1
2030,221,18,0.07060717824836696,1
2030,222,5,0.03650922825080485,1
2030,222,7,0.595051320433391,1
2030,222,8,0.16194386612553094,1
2030,222,10,0.03244216014758668,1
2030,222,16,0.08703268359420845,1
2030,222,19,0.010389050579932821,1
2030,223,1,0.04426107847109033,1
2030,223,3,0.16705619030239593,1
2030,223,5,0.033780255434803924,1
2030,223,7,0.1979062524513978,1
2030,223,16,0.46019016138154867,1
2030,223,17,0.061744908750027014,1
2030,224,3,0.10192835473266142,1
2030,224,4,0.5627233173577336,1
2030,224,7,0.0863842667898359,1
2030,224,11,0.04031964665183901,1
2030,224,16,0.07333276681419694,1
2030,224,19,0.013587786524144796,1
2030,225,3,0.20647791085336764,1
2030,225,15,0.48458399846652866,1
2030,225,18,0.19159176282352539,1
2030,225,19,0.06288274633346778,1
2030,226,4,0.024732355945024577,1
2030,226,6,0.05604530783293354,1
2030,226,8,0.09347275561116399,1
2030,226,9,0.2259644369621126,1
2030,226,12,0.07363673047979821,1
2030,226,13,0.028236872691224827,1
2030,226,16,0.07042962576628004,1
2030,226,19,0.05999253069232017,1
2030,226,20,0.21256863066532378,1
2030,227,1,0.01513668433462966,1
2030,227,2,0.06940216710631347,1
2030,227,9,0.18206778320658848,1
2030,227,14,0.02058450863485401,1
2030,227,15,0.44143425509885154,1
2030,227,18,0.1185065964543298,1
2030,227,20,0.0373856579414479,1
2030,228,4,0.04796674004131346,1
2030,228,8,0.20065225654922292,1
2030,228,9,0.18939271028737265,1
2030,228,12,0.11295511561833474,1
2030,228,15,0.2307766449904168,1
2030,228,16,0.034891085206440006,1
2030,228,17,0.047339001221502836,1
2030,229,2,0.6229090113184075,1
2030,229,4,0.12272270007160004,1
2030,229,9,0.1007573684978876,1
2030,229,13,0.030303370847012446,1
2030,230,3,0.15206528541459227,1
2030,230,6,0.11959196130571248,1
2030,230,14,0.6162490067854989,1
2030,230,18,0.07681295693196172,1
2030,231,1,0.1342811404411872,1
2030,231,3,0.013004849328025795,1
2030,231,4,0.018503376192254364,1
2030,231,7,0.0818878818549632,1
2030,231,8,0.04311415723383071,1
2030,231,11,0.3633073829525475,1
2030,231,16,0.018416482213567724,1
2030,231,20,0.2378913527366523,1
2030,232,3,0.39611910456654964,1
2030,232,7,0.17123727609526565,1
2030,232,10,0.10483131225063001,1
2030,232,15,0.017458734331583677,1
2030,232,16,0.2436860915864953,1
2030,232,19,0.0666674811694756,1
2030,233,1,0.27284412031764527,1
2030,233,6,0.06743355136723193,1
2030,233,7,0.5128340886757174,1
2030,233,11,0.05108902038372626,1
2030,233,19,0.023578743562996756,1
2030,234,6,0.1578794979214323,1
2030,234,8,0.042656302142927434,1
2030,234,11,0.1139369266475307,1
2030,234,15,0.3939675357027727,1
2030,234,16,0.16274751538878243,1
2030,234,17,0.040995409091812714,1
2030,234,20,0.030598000663869293,1
2030,235,2,0.5293369482432271,1
2030,235,4,0.16758230495162263,1
2030,235,8,0.11594587900974054,1
2030,235,11,0.01455680760723804,1
2030,235,15,0.01336615211559481,1
2030,235,16,0.052511347100566645,1
2030,235,20,0.034600784917094264,1
2030,236,2,0.7116597523224092,1
2030,236,3,0.01670414668078067,1
2030,236,9,0.01745090949152338,1
2030,236,18,0.08927017651248113,1
2030,236,19,0.033175584120928046,1
2030,237,2,0.7527356393664401,1
2030,237,4,0.026694906437503496,1
2030,237,8,0.06054613504999783,1
2030,237,17,0.03212702657255587,1
2030,238,2,0.5467325390360643,1
2030,238,3,0.08790998261996538,1
2030,238,5,0.025493786643144317,1
2030,238,14,0.1680199515575656,1
2030,238,15,0.03144790674846826,1
2030,239,2,0.07241499979483262,1
2030,239,3,0.08919150295328779,1
2030,239,5,0.3992588616277369,1
2030,239,6,0.10307169774332671,1
2030,239,7,0.021820784094577873,1
2030,239,14,0.04532229511905824,1
2030,239,16,0.016827693321333555,1
2030,239,20,0.11642770204560002,1
2030,240,2,0.09877503503135332,1
2030,240,4,0.01678821116579321,1
2030,240,6,0.10322624647272362,1
2030,240,8,0.0655331298902151,1
2030,240,9,0.18296616555685843,1
2030,240,15,0.2718877838477866,1
2030,240,20,0.20431400084327675,1
2030,241,2,0.7305723072641621,1
2030,241,6,0.04458159079863374,1
2030,241,12,0.012285299534597251,1
2030,241,14,0.037397180176258274,1
2030,241,16,0.01042936445919584,1
2030,241,18,0.04842664728596991,1
2030,242,2,0.6915223411468584,1
2030,242,4,0.10089585337715172,1
2030,242,8,0.023179095563403217,1
2030,242,11,0.04911744258066365,1
2030,242,12,0.015341577513922644,1
2030,242,16,0.024024441609285893,1
2030,243,2,0.7537836699574689,1
2030,243,5,0.03051960652746334,1
2030,243,10,0.05086547649974436,1
2030,243,16,0.031665144146136984,1
2030,243,19,0.031491946633092495,1
2030,244,1,0.14843427188256755,1
2030,244,5,0.05803765927487977,1
2030,244,10,0.17104754093801677,1
2030,244,16,0.52401338996659,1
2030,244,19,0.032724333317711636,1
2030,245,7,0.5967491196348039,1
2030,245,10,0.040710969121386664,1
2030,245,11,0.051054308690406926,1
2030,245,16,0.21379943189796435,1
2030,245,19,0.015291466052531425,1
2030,246,1,0.07520763138345857,1
2030,246,6,0.12498751456810264,1
2030,246,7,0.14277085816940602,1
2030,246,10,0.05333404450777895,1
2030,246,11,0.2710430935164746,1
2030,246,12,0.0770120176381141,1
2030,246,16,0.12171589987780225,1
2030,246,20,0.08586304864868183,1
2030,247,1,0.5747899087927674,1
2030,247,7,0.2658129781015508,1
2030,247,11,0.0652213099749887,1
2030,247,16,0.06351306719632256,1
2030,248,1,0.1571313605751722,1
2030,248,7,0.11519801019583406,1
2030,248,10,0.01946799788598262,1
2030,248,16,0.20753379437638905,1
2030,248,17,0.4708062076539858,1
2030,249,2,0.2076646328564703,1
2030,249,3,0.08497170319275149,1
2030,249,5,0.111654442531192,1
2030,249,8,0.12715202690559213,1
2030,249,15,0.013034781073440974,1
2030,249,16,0.10109243044318258,1
2030,249,17,0.08619034399033379,1
2030,249,19,0.13781612484887076,1
2030,249,20,0.06735393080867438,1
2030,250,2,0.2178558893162389,1
2030,250,9,0.49858830148366523,1
2030,250,14,0.10144354494208932,1
2030,250,15,0.017089396227483122,1
2030,250,20,0.04617487052905692,1
2030,251,5,0.07261189935715154,1
2030,251,6,0.045309175171689614,1
2030,251,9,0.12942083109751715,1
2030,251,12,0.032295223317889636,1
2030,251,13,0.03661343177090008,1
2030,251,14,0.43685565581313307,1
2030,251,18,0.14662630823580886,1
2030,252,1,0.14611864030638058,1
2030,252,6,0.0930418873483457,1
2030,252,7,0.49083929389623615,1
2030,252,8,0.08567365002741217,1
2030,252,11,0.011441917044257103,1
2030,252,16,0.04812382900184523,1
2030,253,2,0.4936950317202352,1
2030,253,4,0.1682754657421644,1
2030,253,6,0.011656032293661312,1
2030,253,13,0.11947361816291777,1
2030,253,17,0.01351176440910796,1
2030,253,20,0.07873898758889361,1
2030,254,2,0.3377322043593695,1
2030,254,9,0.5174574661825596,1
2030,254,15,0.01968628812756442,1
2030,255,3,0.5823833742834591,1
2030,255,6,0.05956083377966071,1
2030,255,10,0.04214364095517261,1
2030,255,18,0.2969279733480734,1
2030,256,1,0.2693270802535632,1
2030,256,7,0.15306848858856806,1
2030,256,10,0.03667550001586179,1
2030,256,11,0.5173900046406659,1
2030,256,20,0.022147653799197073,1
2030,257,4,0.07296635393169901,1
2030,257,6,0.11095009305836843,1
2030,257,8,0.06301226576089385,1
2030,257,9,0.31588265814669325,1
2030,257,11,0.017803161159067576,1
2030,257,15,0.1331997814221561,1
2030,257,16,0.145243767809597,1
2030,257,17,0.018145999649890682,1
2030,257,20,0.011550913226939677,1
2030,258,2,0.5378413943641338,1
2030,258,9,0.1926122884419711,1
2030,258,13,0.03711727967255759,1
2030,258,14,0.015792431965167216,1
2030,258,18,0.07686575087601086,1
2030,259,2,0.46164577308647425,1
2030,259,4,0.05648670105624031,1
2030,259,6,0.0636140349384106,1
2030,259,8,0.06687639066804013,1
2030,259,9,0.09995932110388847,1
2030,259,11,0.01442613660740416,1
2030,259,16,0.038671276217803204,1
2030,260,2,0.511911494894222,1
2030,260,4,0.01632824427545928,1
2030,260,5,0.017742547881121788,1
2030,260,8,0.1544857251039788,1
2030,260,9,0.027306300050326686,1
2030,260,16,0.017988967308259097,1
2030,260,19,0.09190451102462109,1
2030,261,3,0.2492178818213582,1
2030,261,5,0.10807084783524713,1
2030,261,7,0.05502019438255279,1
2030,261,14,0.016615228065908684,1
2030,261,15,0.070168219423164,1
2030,261,16,0.03153527086348035,1
2030,261,18,0.37323566556177484,1
2030,261,19,0.04171064714146249,1
2030,262,1,0.4083171055431793,1
2030,262,16,0.5105956291198854,1
2030,262,17,0.0632485949053971,1
2030,263,4,0.5706476262483136,1
2030,263,6,0.0801701753302669,1
2030,263,9,0.0968246764193169,1
2030,263,16,0.031143422169749666,1
2030,263,18,0.1446318660957744,1
2030,264,5,0.051333677958281206,1
2030,264,9,0.21206963565022297,1
2030,264,14,0.5373197408130344,1
2030,264,18,0.05144854574183426,1
2030,264,19,0.06374439096957296,1
2030,265,2,0.04031388556307837,1
2030,265,3,0.016663094442730605,1
2030,265,6,0.023244626902793195,1
2030,265,7,0.1161271856482356,1
2030,265,11,0.18847481535619695,1
2030,265,12,0.26747230704836056,1
2030,265,14,0.013602488135852088,1
2030,265,15,0.030838704228555967,1
2030,265,16,0.0875640997675948,1
2030,265,20,0.15136051882162563,1
2030,266,6,0.040582311197140605,1
2030,266,9,0.34306587191851534,1
2030,266,16,0.02174964166733314,1
2030,266,20,0.451473549703341,1
2030,267,3,0.03764585767684057,1
2030,267,8,0.030391516988163777,1
2030,267,9,0.034564857079687955,1
2030,267,14,0.7977136734311164,1
2030,267,19,0.03835321553795247,1
2030,268,6,0.19620031887511416,1
2030,268,11,0.19837553435300898,1
2030,268,13,0.030737517571451968,1
2030,268,15,0.4290912882453406,1
2030,268,16,0.07273996761783924,1
2030,268,17,0.034806866407112697,1
2030,269,1,0.13549183763072697,1
2030,269,5,0.011985502546684916,1
2030,269,7,0.4766616497769177,1
2030,269,8,0.10177566771497641,1
2030,269,10,0.2680812013992433,1
2030,270,1,0.7662846159624325,1
2030,270,7,0.027175092870190896,1
2030,270,8,0.018398781290540796,1
2030,270,16,0.1306884902242101,1
2030,271,1,0.1496338992738004,1
2030,271,7,0.19751088342079678,1
2030,271,16,0.5772189817339317,1
2030,271,17,0.06758113579920913,1
2030,272,7,0.13115446398273162,1
2030,272,11,0.5556477350100616,1
2030,272,12,0.016131738608036704,1
2030,272,14,0.030137408590814478,1
2030,272,15,0.12061275227768622,1
2030,272,16,0.13594469808890222,1
2030,272,20,0.010371203441767158,1
2030,273,5,0.07763003953577254,1
2030,273,7,0.37942274447983837,1
2030,273,8,0.1615608019437835,1
2030,273,11,0.12756351440185668,1
2030,273,16,0.19181753920180095,1
2030,274,1,0.07694480608745825,1
2030,274,4,0.06694911158452485,1
2030,274,7,0.03853025817474212,1
2030,274,8,0.2208625390141257,1
2030,274,11,0.15691273207281145,1
2030,274,15,0.06351753253085796,1
2030,274,16,0.2932946287330776,1
2030,274,20,0.04614538569488126,1
2030,275,1,0.13004398933092387,1
2030,275,7,0.24817876394678814,1
2030,275,8,0.4238604927722199,1
2030,275,10,0.049177279285053936,1
2030,275,11,0.05608267543123124,1
2030,275,16,0.07561926146709605,1
2030,276,3,0.022343792499307347,1
2030,276,5,0.15079043564338673,1
2030,276,7,0.2697851392823782,1
2030,276,8,0.044765208138168346,1
2030,276,10,0.06185036779940651,1
2030,276,15,0.03028398112405062,1
2030,276,16,0.31225257689582936,1
2030,276,19,0.10137330123925128,1
2030,277,1,0.0556931631777685,1
2030,277,5,0.09263497926179631,1
2030,277,7,0.4275823474220087,1
2030,277,8,0.028601260423800925,1
2030,277,10,0.018741467243474322,1
2030,277,11,0.1643157314835769,1
2030,277,12,0.05300330177353566,1
2030,277,16,0.14028392756800742,1
2030,277,17,0.01914382164603116,1
2030,278,1,0.25831703920490645,1
2030,278,7,0.39936149281104755,1
2030,278,8,0.11593507408882482,1
2030,278,10,0.10020100680440379,1
2030,278,16,0.09430810086596166,1
2030,278,17,0.02563405333730958,1
2030,279,2,0.05083356192787486,1
2030,279,7,0.029007908382009864,1
2030,279,9,0.6426822070830661,1
2030,279,14,0.059091022782124206,1
2030,279,20,0.1397662854352341,1
2030,280,1,0.09032027077951445,1
2030,280,5,0.10111690769210395,1
2030,280,7,0.11809188189876743,1
2030,280,8,0.07366233929755868,1
2030,280,10,0.04200648699488254,1
2030,280,15,0.06943458658693695,1
2030,280,16,0.32002566892986517,1
2030,280,17,0.11038768491498067,1
2030,281,2,0.05615380381208099,1
2030,281,8,0.2322720102575598,1
2030,281,9,0.15565906408134303,1
2030,281,15,0.19794825657455736,1
2030,281,16,0.1860747505262705,1
2030,281,17,0.10677098876424765,1
2030,281,20,0.015197495009847354,1
2030,282,2,0.016994116813325574,1
2030,282,3,0.047258728851015175,1
2030,282,5,0.010732068804976104,1
2030,282,8,0.024236584102587243,1
2030,282,9,0.1986656106632857,1
2030,282,11,0.011483599276106307,1
2030,282,14,0.49078045130059855,1
2030,282,18,0.03562444736168081,1
2030,282,19,0.1558388807459187,1
2030,283,2,0.5336006182101176,1
2030,283,4,0.11643335487513946,1
2030,283,6,0.03238824227308373,1
2030,283,8,0.036434420905618874,1
2030,283,9,0.17648909578482555,1
2030,283,11,0.031648558093651254,1
2030,283,13,0.019499703541445517,1
2030,283,16,0.017970301461799586,1
2030,284,2,0.5393727093196019,1
2030,284,3,0.014715888643012747,1
2030,284,5,0.09730083837245455,1
2030,284,6,0.011228158917903443,1
2030,284,9,0.10402027312067506,1
2030,284,12,0.019501766087152556,1
2030,284,16,0.04804886042828483,1
2030,284,18,0.04318680429619363,1
2030,284,19,0.048978334652170795,1
2030,285,2,0.10476768508687014,1
2030,285,4,0.11624153494852114,1
2030,285,8,0.09448316197448746,1
2030,285,9,0.026407685705022953,1
2030,285,15,0.06530152027574479,1
2030,285,18,0.3744834908894389,1
2030,285,19,0.1144222051232038,1
2030,286,2,0.15173614710189962,1
2030,286,3,0.046989831707821665,1
2030,286,9,0.5563097404430665,1
2030,286,14,0.02053433776680949,1
2030,286,15,0.022442805255436415,1
2030,286,20,0.1383068816299589,1
2030,287,4,0.024139379976593617,1
2030,287,6,0.03878006486152692,1
2030,287,8,0.0266168894846239,1
2030,287,9,0.24543168411706295,1
2030,287,13,0.01447829597124748,1
2030,287,14,0.5142340879992638,1
2030,287,18,0.02636774911125218,1
2030,288,1,0.11264443776024388,1
2030,288,3,0.014688569630463378,1
2030,288,7,0.021677216732979104,1
2030,288,13,0.0859350625570307,1
2030,288,14,0.06565538651610874,1
2030,288,16,0.5104343694145399,1
2030,288,17,0.042981810464574104,1
2030,288,18,0.020898826172779484,1
2030,288,20,0.10091930530200352,1
2030,289,2,0.0666336429441726,1
2030,289,4,0.03784326027677382,1
2030,289,6,0.04465274458777385,1
2030,289,8,0.35641294741196966,1
2030,289,9,0.07667078473265035,1
2030,289,11,0.20889926669856212,1
2030,289,16,0.14561438464172652,1
2030,289,20,0.013680016566018811,1
2030,290,3,0.05134008797129166,1
2030,290,7,0.06010250680614398,1
2030,290,9,0.8013129306967156,1
2030,290,16,0.023665257809881178,1
2030,291,2,0.09985548620897106,1
2030,291,3,0.06102983884630859,1
2030,291,9,0.640260872314368,1
2030,291,14,0.08431339494245123,1
2030,291,15,0.05111956376789529,1
2030,291,20,0.02597039849116888,1
2030,292,4,0.026490482673083886,1
2030,292,9,0.25214887340104186,1
2030,292,13,0.05635619972289264,1
2030,292,14,0.6335604801798357,1
2030,292,18,0.015554409438664821,1
2030,293,1,0.17639145058006794,1
2030,293,5,0.03825225056474744,1
2030,293,11,0.10640563613566861,1
2030,293,16,0.4820235143690043,1
2030,293,17,0.19287771627281813,1
2030,294,1,0.10774683720438111,1
2030,294,16,0.7840368418731047,1
2030,294,17,0.07468691086941323,1
2030,295,1,0.12319994972524786,1
2030,295,3,0.01092483354863048,1
2030,295,7,0.08685163765118227,1
2030,295,10,0.5954927101099481,1
2030,295,16,0.17425375232262455,1
2030,296,1,0.5618564294747521,1
2030,296,6,0.013468773113224426,1
2030,296,11,0.2576915593809824,1
2030,296,13,0.030064463675702615,1
2030,296,16,0.125334900608893,1
2030,297,1,0.011076062552866223,1
2030,297,3,0.1332202789638739,1
2030,297,6,0.05644385505750249,1
2030,297,7,0.011728878443956951,1
2030,297,11,0.07867124683504846,1
2030,297,13,0.08150065744781264,1
2030,297,14,0.03351871405151264,1
2030,297,16,0.290084388168508,1
2030,297,17,0.040172734552275186,1
2030,297,18,0.2635831839266434,1
2030,298,1,0.07194693627043008,1
2030,298,5,0.03166530809414384,1
2030,298,6,0.015224424808508944,1
2030,298,11,0.2340558697419845,1
2030,298,13,0.048387471944352604,1
2030,298,16,0.4635230425041782,1
2030,298,17,0.10893252201472688,1
2030,298,18,0.02626442462167479,1
2030,299,6,0.4138579320777017,1
2030,299,9,0.1193947725320882,1
2030,299,11,0.05055523257551725,1
2030,299,12,0.1126662519665156,1
2030,299,13,0.08319059257916801,1
2030,299,14,0.0982632936282154,1
2030,299,18,0.024498297072563114,1
2030,300,1,0.09528190051027706,1
2030,300,6,0.14446095871227235,1
2030,300,11,0.11692536187771246,1
2030,300,16,0.3938762816131738,1
2030,300,18,0.21278326287859425,1
2030,301,1,0.695304940963673,1
2030,301,10,0.0668783438504572,1
2030,301,16,0.19293891592468448,1
2030,302,1,0.44937948660929045,1
2030,302,7,0.18884906506679439,1
2030,302,8,0.023723312992060385,1
2030,302,11,0.16805780847280333,1
2030,302,17,0.16999032685905127,1
2030,303,1,0.38022385511473455,1
2030,303,6,0.03964845852963949,1
2030,303,10,0.1776181630943122,1
2030,303,16,0.4025095232613138,1
2030,304,1,0.829268377903918,1
2030,304,7,0.04556681344449703,1
2030,304,11,0.09879890090921734,1
2030,305,1,0.3296804345370081,1
2030,305,5,0.04414871798221839,1
2030,305,7,0.1430117280396669,1
2030,305,11,0.2300300474865762,1
2030,305,16,0.028907059568264566,1
2030,305,17,0.22422201238626582,1
2030,306,2,0.031580446566411964,1
2030,306,6,0.1369823033617396,1
2030,306,9,0.024728524111720305,1
2030,306,11,0.1293199374047135,1
2030,306,12,0.3230310010737995,1
2030,306,14,0.05450454981736644,1
2030,306,16,0.054238553133049,1
2030,306,18,0.17172469878876864,1
2030,306,20,0.013285432046134577,1
2030,307,6,0.07051685331403029,1
2030,307,8,0.14932318666801017,1
2030,307,10,0.20339103926009564,1
2030,307,11,0.4360000271123376,1
2030,307,12,0.09905467603036784,1
2030,307,16,0.041714217615158346,1
2030,308,1,0.4065640082818075,1
2030,308,8,0.04685307830987277,1
2030,308,10,0.03542895572190717,1
2030,308,16,0.10817064634764283,1
2030,308,17,0.3219889409984155,1
2030,309,6,0.029749273829138684,1
2030,309,7,0.0821262342449164,1
2030,309,11,0.14263624276162526,1
2030,309,12,0.012146078056537505,1
2030,309,13,0.027840185201729185,1
2030,309,16,0.09040137837054431,1
2030,309,18,0.55310637329672,1
2030,310,4,0.31366768973767695,1
2030,310,9,0.16016112754635045,1
2030,310,13,0.4593167013667151,1
2030,311,4,0.10946767626365471,1
2030,311,8,0.023512964460151616,1
2030,311,9,0.22164903773363662,1
2030,311,11,0.11670100281888184,1
2030,311,12,0.38205924293670324,1
2030,311,17,0.07332872351489653,1
2030,312,4,0.10890291951131142,1
2030,312,8,0.010819558425168282,1
2030,312,9,0.7088981273312488,1
2030,312,15,0.039457614818581156,1
2030,312,16,0.02367100152827655,1
2030,312,20,0.09144325470053141,1
2030,313,3,0.12346927871114782,1
2030,313,5,0.07390752754268565,1
2030,313,9,0.5312471743720347,1
2030,313,10,0.025775371788148902,1
2030,313,14,0.07351126825733222,1
2030,313,18,0.11973013512724387,1
2030,314,4,0.09889786540587776,1
2030,314,5,0.3513695860658139,1
2030,314,6,0.12728575300287404,1
2030,314,8,0.12043406227872219,1
2030,314,11,0.027261255604562665,1
2030,314,16,0.13642692667086845,1
2030,314,17,0.11720990967973173,1
2030,315,5,0.10193328449348073,1
2030,315,6,0.014512126697258172,1
2030,315,8,0.11747424205996541,1
2030,315,9,0.3415101692355867,1
2030,315,11,0.09934184510434549,1
2030,315,16,0.14323147734301345,1
2030,315,17,0.05463546587565786,1
2030,315,19,0.0552167891598359,1
2030,316,2,0.02307509389249281,1
2030,316,4,0.014059651264064981,1
2030,316,5,0.019395882708795102,1
2030,316,9,0.1493639778685635,1
2030,316,12,0.09346431688358758,1
2030,316,13,0.03648678166024137,1
2030,316,14,0.028261164901596497,1
2030,316,18,0.5521504003866113,1
2030,317,1,0.11188548025351316,1
2030,317,5,0.013242547156617282,1
2030,317,8,0.05203897939134099,1
2030,317,16,0.4458110072517686,1
2030,317,17,0.2547115452691856,1
2030,317,18,0.07233193804700021,1
2030,317,19,0.044194164803964035,1
2030,318,2,0.013635742499052913,1
2030,318,9,0.1354388805364046,1
2030,318,11,0.13133442997401132,1
2030,318,13,0.10372906973125588,1
2030,318,14,0.027732696587779385,1
2030,318,16,0.031570421082846536,1
2030,318,18,0.4921688088978936,1
2030,318,20,0.06424512926133949,1
2030,319,1,0.11485067434866324,1
2030,319,5,0.08563316374956743,1
2030,319,6,0.014571132860935447,1
2030,319,16,0.6798465463583419,1
2030,319,17,0.06072908008647854,1
2030,319,18,0.021341684566700367,1
2030,320,4,0.147876144753758,1
2030,320,9,0.3059645252385583,1
2030,320,13,0.22661256307316568,1
2030,320,20,0.3195467669345181,1
2030,321,3,0.1705647423014145,1
2030,321,9,0.5862846572925264,1
2030,321,10,0.09013665858763723,1
2030,321,14,0.09196840643175333,1
2030,321,18,0.06001502087078218,1
2030,322,4,0.2570501576192275,1
2030,322,8,0.07371439671842622,1
2030,322,9,0.5158478240930813,1
2030,322,20,0.10714854032178854,1
2030,323,3,0.24615160933530902,1
2030,323,5,0.016690162351239993,1
2030,323,6,0.08619147792880819,1
2030,323,16,0.0863324656449089,1
2030,323,18,0.026321620651387132,1
2030,323,19,0.5383126640883468,1
2030,324,1,0.16685725603954635,1
2030,324,4,0.7181550406501114,1
2030,324,10,0.018076392270664016,1
2030,324,12,0.03888167242399275,1
2030,324,17,0.04033348723177714,1
2030,325,5,0.10701199016939637,1
2030,325,9,0.5733571728181406,1
2030,325,11,0.1441009433743534,1
2030,325,16,0.0622567834724036,1
2030,325,19,0.11173020447992114,1
2030,326,1,0.03328755897752369,1
2030,326,6,0.0338843754257749,1
2030,326,7,0.0664917423726027,1
2030,326,10,0.7836976000768922,1
2030,326,11,0.055892623974461625,1
2030,326,16,0.014931500093774315,1
2030,326,20,0.010743484378166789,1
2030,327,1,0.7741925125301031,1
2030,327,6,0.04239500422473344,1
2030,327,11,0.10942843596422586,1
2030,327,13,0.02750704342168426,1
2030,327,16,0.028085755846895797,1
2030,328,1,0.41632427269011635,1
2030,328,10,0.04179809338873494,1
2030,328,11,0.043365096402267884,1
2030,328,17,0.49242052268256337,1
2030,329,6,0.14038650370354575,1
2030,329,11,0.09038938972782098,1
2030,329,18,0.6390246532324848,1
2030,330,1,0.5289789869925786,1
2030,330,5,0.03706987414315435,1
2030,330,6,0.040422123595740635,1
2030,330,10,0.0813611998551744,1
2030,330,16,0.2828074458184833,1
2030,330,19,0.012895827172196273,1
2030,331,1,0.7339820411288999,1
2030,331,4,0.03704081834692308,1
2030,331,11,0.1822532300253242,1
2030,331,17,0.032976170906850795,1
2030,332,1,0.6815974133422368,1
2030,332,4,0.01197733011737213,1
2030,332,5,0.05728174924468325,1
2030,332,8,0.05789400785636435,1
2030,332,11,0.12127012004537088,1
2030,332,12,0.040566701470370316,1
2030,332,16,0.012808535229135078,1
2030,332,17,0.010873239626224374,1
2030,333,1,0.505567668810283,1
2030,333,5,0.023023197574400415,1
2030,333,6,0.013904494415311709,1
2030,333,8,0.04557202991849598,1
2030,333,9,0.054803367716887076,1
2030,333,11,0.21184841708142174,1
2030,333,16,0.10491984900758024,1
2030,333,17,0.027107395050942156,1
2030,334,2,0.07870078123938726,1
2030,334,4,0.07371278959755173,1
2030,334,8,0.13767170345278038,1
2030,334,9,0.23693585619382498,1
2030,334,11,0.15457363306727395,1
2030,334,12,0.10324696330786366,1
2030,334,16,0.1156977672184269,1
2030,334,17,0.09946050592289095,1
2030,335,1,0.03209000855676228,1
2030,335,3,0.036791628173852196,1
2030,335,5,0.12629680441358226,1
2030,335,6,0.01720834498682373,1
2030,335,10,0.26529003520073674,1
2030,335,16,0.07159126104071913,1
2030,335,19,0.45073191762752374,1
2030,336,4,0.19093461236891696,1
2030,336,6,0.03157328005505161,1
2030,336,8,0.2452971664493146,1
2030,336,9,0.0648396738797571,1
2030,336,11,0.43606783031671276,1
2030,336,17,0.0275207262267805,1
2030,337,2,0.07755992911988607,1
2030,337,4,0.02014358807578701,1
2030,337,5,0.42910510430895116,1
2030,337,8,0.094364715892631,1
2030,337,9,0.21681623997958568,1
2030,337,11,0.03146437691406484,1
2030,337,16,0.12503430582801361,1
2030,338,10,1.0,1
2030,339,1,0.9211467496055267,1
2030,339,6,0.02680731988804605,1
2030,339,13,0.011410854900803291,1
2030,339,16,0.030942614921923885,1
2030,340,1,0.5854176332663006,1
2030,340,6,0.08154843590887376,1
2030,340,11,0.22311992670590847,1
2030,340,13,0.10991400411891702,1
2030,341,11,0.08631435857167034,1
2030,341,12,0.10457570187044905,1
2030,341,13,0.06163641906178956,1
2030,341,16,0.08512113234923538,1
2030,341,17,0.6554624574205296,1
2030,342,2,0.028364160767242744,1
2030,342,9,0.35184102285851837,1
2030,342,12,0.02895811863104228,1
2030,342,13,0.12823299419780573,1
2030,342,14,0.014682612306424241,1
2030,342,18,0.4479210912389665,1
2030,343,4,0.03892284848768134,1
2030,343,6,0.08917277413439255,1
2030,343,9,0.6244897565526962,1
2030,343,11,0.05880000918810374,1
2030,343,13,0.10816221802327021,1
2030,343,20,0.06204055098174302,1
2030,344,2,0.060434558999682204,1
2030,344,5,0.010351567211178428,1
2030,344,9,0.16643819187117284,1
2030,344,11,0.14408922016588993,1
2030,344,18,0.6080038916038003,1
2030,345,6,0.07205357438449145,1
2030,345,7,0.02032251183295484,1
2030,345,9,0.6717680233188817,1
2030,345,11,0.10215930900945255,1
2030,345,16,0.0656990990054846,1
2030,345,17,0.05827488365394349,1
2030,346,2,0.05029944527304182,1
2030,346,15,0.015383966069710807,1
2030,346,18,0.9223464491133282,1
2030,347,6,0.06280645200135267,1
2030,347,12,0.11836682413279258,1
2030,347,13,0.16920013106185106,1
2030,347,14,0.014085178657552436,1
2030,347,18,0.554944676046637,1
2030,347,20,0.06327564514618092,1
2030,348,1,0.7012986184692455,1
2030,348,5,0.04395430874073145,1
2030,348,8,0.010627555170400359,1
2030,348,9,0.01777426759348708,1
2030,348,11,0.1550487834476229,1
2030,348,13,0.015944750170801648,1
2030,348,17,0.022472376700782476,1
2030,348,18,0.02429562529768575,1
2030,349,6,1.0,1
2030,350,1,0.9133031135257111,1
2030,350,16,0.028024715092722047,1
2030,351,1,0.4545978504757593,1
2030,351,6,0.2148083118782602,1
2030,351,11,0.13215317991048683,1
2030,351,13,0.03744209103383469,1
2030,351,16,0.16099856670165885,1
2030,352,6,0.040365652458254936,1
2030,352,8,0.051167637956429625,1
2030,352,9,0.06954515420976524,1
2030,352,10,0.10664600861009259,1
2030,352,11,0.5991178181352752,1
2030,352,12,0.04866291553575252,1
2030,352,16,0.03164674294654064,1
2030,352,18,0.012614642954980724,1
2030,352,19,0.0402334271929085,1
2030,353,6,0.04083298221123633,1
2030,353,7,0.0535217498020386,1
2030,353,9,0.699541857409114,1
2030,353,11,0.08220902784860884,1
2030,353,16,0.08384444287533838,1
2030,353,17,0.03822233252164161,1
2030,354,1,0.0658819470465319,1
2030,354,5,0.09089023511881546,1
2030,354,7,0.059425466491349485,1
2030,354,10,0.05392925542217522,1
2030,354,12,0.06489094367134828,1
2030,354,19,0.6518945289050171,1
2030,355,6,0.4772467194972917,1
2030,355,9,0.07909874428640624,1
2030,355,11,0.08250446039987568,1
2030,355,12,0.16308738939739523,1
2030,355,13,0.0684341111372563,1
2030,355,14,0.1296285752817749,1
2030,356,1,0.3658219378665014,1
2030,356,11,0.130206525472354,1
2030,356,12,0.41544475714860263,1
2030,356,13,0.028206170719465927,1
2030,356,17,0.060320608793076144,1
2030,357,1,0.13298390603869786,1
2030,357,11,0.09715269130115806,1
2030,357,12,0.15064509106518328,1
2030,357,13,0.12382840589535467,1
2030,357,17,0.49538990569960606,1
2030,358,1,0.13916491377778786,1
2030,358,5,0.3856386206821965,1
2030,358,6,0.17579091619450932,1
2030,358,10,0.1421321736411749,1
2030,358,16,0.09033472923726099,1
2030,358,18,0.015393390370404368,1
2030,358,19,0.04657288618245432,1
2030,359,4,0.6265315115352323,1
2030,359,6,0.0541599337383328,1
2030,359,9,0.18402406990183215,1
2030,359,12,0.050683682339329794,1
2030,359,13,0.08460080248527281,1
2030,360,5,0.03012614563685244,1
2030,360,8,0.16786951829841731,1
2030,360,10,0.6414796219652469,1
2030,360,11,0.0110229069050953,1
2030,360,17,0.14950180719438808,1
2030,361,1,0.08178627744994975,1
2030,361,4,0.04861802360384815,1
2030,361,5,0.473456292679101,1
2030,361,8,0.017894976827563167,1
2030,361,11,0.09372989948378097,1
2030,361,12,0.08829000739974009,1
2030,361,13,0.02633314771544422,1
2030,361,16,0.019871136621214966,1
2030,361,17,0.1500125356647324,1
2030,362,6,0.05075720817602411,1
2030,362,8,0.5400651706472039,1
2030,362,11,0.2827366028796742,1
2030,362,13,0.07242577280113642,1
2030,362,17,0.050857815493370796,1
2030,363,6,0.05906757722805273,1
2030,363,9,0.8746974873620248,1
2030,363,13,0.03825576188685583,1
2030,363,16,0.012766773436432628,1
2030,364,4,0.06529101442056667,1
2030,364,8,0.10480037196261653,1
2030,364,9,0.642393483629292,1
2030,364,11,0.027456044161474784,1
2030,364,17,0.13386336967738163,1
2030,365,3,0.12949979775104992,1
2030,365,5,0.040106823085402386,1
2030,365,10,0.10817564519730706,1
2030,365,16,0.03335081982874343,1
2030,365,18,0.5212554790542927,1
2030,365,19,0.10991300440328454,1
2030,1,1,0.7801606835918188,2
2030,1,11,0.1062248849499727,2
2030,1,16,0.06494710799489443,2
2030,2,2,0.12992066137486866,2
2030,2,9,0.11907290275325179,2
2030,2,13,0.696360288972405,2
2030,2,16,0.018487226893586818,2
2030,3,1,0.3400000636507587,2
2030,3,5,0.40680228040174654,2
2030,3,8,0.07632043600530855,2
2030,3,16,0.0588246459924257,2
2030,3,17,0.11805257394976043,2
2030,4,1,0.20019183709605837,2
2030,4,6,0.4611520083506028,2
2030,4,10,0.06051950127807623,2
2030,4,13,0.08462718854645593,2
2030,4,14,0.023941449850561153,2
2030,4,18,0.11156235870184027,2
2030,4,19,0.05630348934437754,2
2030,5,1,0.8653701906993861,2
2030,5,7,0.018708054267832088,2
2030,5,8,0.017476663922863164,2
2030,5,11,0.034023854726262834,2
2030,5,17,0.04312759723880871,2
2030,5,20,0.020005402883526004,2
2030,6,1,0.06109070987295425,2
2030,6,6,0.06484796672997845,2
2030,6,10,0.4356141866095537,2
2030,6,11,0.025245060157759836,2
2030,6,16,0.01163992782632391,2
2030,6,17,0.09062410419099148,2
2030,6,18,0.16803842312936343,2
2030,6,19,0.14122852994052895,2
2030,7,1,0.018335605278004093,2
2030,7,3,0.11890604323620674,2
2030,7,6,0.27270513910075217,2
2030,7,11,0.07249499278395893,2
2030,7,18,0.5006674819215061,2
2030,8,1,0.08804467013179992,2
2030,8,4,0.6871160183561179,2
2030,8,5,0.015795893637723466,2
2030,8,11,0.02736058295051189,2
2030,8,12,0.13434633285208666,2
2030,8,17,0.03785594464484284,2
2030,9,1,0.28306356589333115,2
2030,9,5,0.07370922364349049,2
2030,9,8,0.03304702306022373,2
2030,9,10,0.055153667462369146,2
2030,9,12,0.2075018110883954,2
2030,9,16,0.3191718030357794,2
2030,9,17,0.028352905816410683,2
2030,10,4,0.044774644510374786,2
2030,10,6,0.01442694559677136,2
2030,10,9,0.04266054822362377,2
2030,10,11,0.058398808312589395,2
2030,10,12,0.1418997184352883,2
2030,10,13,0.10698722606424939,2
2030,10,16,0.09084949622336949,2
2030,10,17,0.5000026126337334,2
2030,11,9,0.5398366412067731,2
2030,11,11,0.03890325211397296,2
2030,11,12,0.04382389601564892,2
2030,11,13,0.14614891845515648,2
2030,11,14,0.09617442849603718,2
2030,11,18,0.13462223563016376,2
2030,12,4,0.10360682393394145,2
2030,12,5,0.39452647887853565,2
2030,12,6,0.12647099706669598,2
2030,12,8,0.09310731272928724,2
2030,12,9,0.05632129563577717,2
2030,12,11,0.0426492336038555,2
2030,12,13,0.03716293576921828,2
2030,12,16,0.14077853137289448,2
2030,13,4,0.02170244251328252,2
2030,13,6,0.02853211656562586,2
2030,13,7,0.02852715659499203,2
2030,13,9,0.6621655459427995,2
2030,13,11,0.09146822719697675,2
2030,13,12,0.06925176899691207,2
2030,13,13,0.04304785566625173,2
2030,13,16,0.03646476032995501,2
2030,14,1,0.013177065716061462,2
2030,14,8,0.023886447149686445,2
2030,14,10,0.8468611355812311,2
2030,14,11,0.054430543306886715,2
2030,14,17,0.06154967445031172,2
2030,15,1,0.4770923916442623,2
2030,15,5,0.10708658096926676,2
2030,15,7,0.012065036998567173,2
2030,15,8,0.1413405071175927,2
2030,15,11,0.1040221327999333,2
2030,15,12,0.01102647710025891,2
2030,15,16,0.12680804018049624,2
2030,15,17,0.02055883318962247,2
2030,16,1,0.048762369087530254,2
2030,16,6,0.06240488179641398,2
2030,16,8,0.07965439844035964,2
2030,16,9,0.04330135662324283,2
2030,16,10,0.04243291941719141,2
2030,16,11,0.4822734557738308,2
2030,16,12,0.153127311655156,2
2030,16,13,0.044985646747177074,2
2030,16,17,0.03911405315407839,2
2030,17,1,0.06389999249794248,2
2030,17,5,0.10172055248058463,2
2030,17,7,0.1402013323707256,2
2030,17,8,0.1090402883616859,2
2030,17,10,0.11495140406126006,2
2030,17,11,0.02029653959724723,2
2030,17,12,0.3341228020297207,2
2030,17,16,0.03205842973017866,2
2030,17,17,0.08370865887065472,2
2030,18,1,0.8940670775792625,2
2030,18,10,0.04623445118503821,2
2030,18,16,0.036953428169904795,2
2030,19,1,0.5514887969777222,2
2030,19,6,0.3002286261727343,2
2030,19,11,0.1149236135558772,2
2030,19,13,0.03335896329366618,2
2030,20,1,0.9977112887747475,2
2030,21,1,0.1373215166639804,2
2030,21,11,0.4050825806912165,2
2030,21,12,0.09861730310183792,2
2030,21,13,0.3066884515568717,2
2030,21,20,0.05229014798609349,2
2030,22,1,0.029715483186290814,2
2030,22,5,0.03301808970615577,2
2030,22,6,0.028021300265976226,2
2030,22,10,0.10028632617038118,2
2030,22,11,0.013407062896359779,2
2030,22,12,0.026485826880428557,2
2030,22,16,0.2774891071930735,2
2030,22,17,0.49157680370133416,2
2030,23,5,0.06956994371717375,2
2030,23,7,0.016373687650158023,2
2030,23,9,0.5652509927505682,2
2030,23,11,0.13200543126175956,2
2030,23,16,0.16035169672835048,2
2030,23,19,0.04651109393667313,2
2030,24,3,0.055170831929540975,2
2030,24,10,0.7066086719436244,2
2030,24,11,0.037604606233263844,2
2030,24,16,0.08521580627411962,2
2030,24,18,0.08091167437928642,2
2030,24,19,0.034488409240164615,2
2030,25,1,0.031698858346431734,2
2030,25,6,0.0761529296910223,2
2030,25,7,0.07325806067237044,2
2030,25,8,0.10739992220547916,2
2030,25,10,0.12244280707544493,2
2030,25,11,0.525315861516163,2
2030,25,12,0.04485524798747879,2
2030,25,17,0.018866532619706403,2
2030,26,4,0.1953220358216912,2
2030,26,9,0.659527707552906,2
2030,26,13,0.04019453864773918,2
2030,26,20,0.09432316501994466,2
2030,27,9,1.0,2
2030,28,3,0.01011908741503488,2
2030,28,9,0.8641988107482899,2
2030,28,11,0.014179083357508249,2
2030,28,14,0.01719889623315572,2
2030,28,16,0.033456867060469214,2
2030,29,2,0.1313320770091219,2
2030,29,5,0.5704557935377187,2
2030,29,6,0.07285001164561669,2
2030,29,9,0.011963928333295917,2
2030,29,11,0.012007727618206622,2
2030,29,13,0.02670668976249949,2
2030,29,14,0.1011471549480261,2
2030,29,16,0.06330783513375439,2
2030,30,4,0.1691362978730404,2
2030,30,6,0.16173753797961285,2
2030,30,8,0.07039460236419919,2
2030,30,9,0.11956852183590536,2
2030,30,11,0.034493790603732935,2
2030,30,12,0.2643781457223548,2
2030,30,16,0.08968855536971888,2
2030,30,17,0.05172448537073645,2
2030,30,20,0.02975356602031313,2
2030,31,2,0.05477628762015672,2
2030,31,3,0.0449044135299039,2
2030,31,5,0.37974104083378024,2
2030,31,6,0.13297371359932353,2
2030,31,9,0.13761114455904297,2
2030,31,13,0.15040117205345016,2
2030,31,14,0.033554039372314215,2
2030,31,18,0.0492884362705185,2
2030,32,1,0.6331039170684339,2
2030,32,5,0.07243284594677295,2
2030,32,6,0.03218962169551981,2
2030,32,9,0.026736883384953013,2
2030,32,11,0.04903579275286055,2
2030,32,16,0.14595577568658,2
2030,32,18,0.025776160588487734,2
2030,33,1,0.1327022714404643,2
2030,33,6,0.11640923248481441,2
2030,33,8,0.014063329413555323,2
2030,33,9,0.02305568509889177,2
2030,33,10,0.15120746366159335,2
2030,33,11,0.4960107874617916,2
2030,33,13,0.048757815055947645,2
2030,33,18,0.012994354874896244,2
2030,34,1,0.06849739303921269,2
2030,34,2,0.03585475958876932,2
2030,34,5,0.0,2
2030,34,6,0.19155125921213909,2
2030,34,7,0.035482862561054554,2
2030,34,8,0.07582245566343102,2
2030,34,17,0.19027528787466658,2
2030,34,18,0.23538353695711012,2
2030,34,19,0.11223465576119274,2
2030,34,20,0.054897789342423925,2
2030,35,6,0.021567841537535642,2
2030,35,7,0.05617525981659457,2
2030,35,9,0.7764907728227697,2
2030,35,15,0.029649810215327043,2
2030,35,20,0.09414998522956645,2
2030,36,1,0.08027995010618473,2
2030,36,5,0.022451893000578184,2
2030,36,7,0.04205677105461702,2
2030,36,9,0.6917114639309045,2
2030,36,10,0.02613803646542697,2
2030,36,11,0.052791109732385405,2
2030,36,12,0.019355923920923068,2
2030,36,16,0.05444020767572212,2
2030,37,1,0.06211572284817369,2
2030,37,6,0.01546752408402782,2
2030,37,7,0.08026239777328951,2
2030,37,9,0.756236060005119,2
2030,37,11,0.026651151861268978,2
2030,37,16,0.04153367358233777,2
2030,37,17,0.0124240506033783,2
2030,38,1,0.04604088978220941,2
2030,38,6,0.01433764607652626,2
2030,38,7,0.05301893216969629,2
2030,38,9,0.8130481666060111,2
2030,38,11,0.034504301566107294,2
2030,38,16,0.03565070456609143,2
2030,39,6,0.19731088815863115,2
2030,39,13,0.10300315434505977,2
2030,39,14,0.05191240000839475,2
2030,39,18,0.04094082009345574,2
2030,39,19,0.5979952717804018,2
2030,40,4,0.0459624824118316,2
2030,40,6,0.08957867074350892,2
2030,40,8,0.11304370771870961,2
2030,40,9,0.25836460614745455,2
2030,40,11,0.010921075452562224,2
2030,40,13,0.03628615080740177,2
2030,40,16,0.03167424372695909,2
2030,40,17,0.0595879023018889,2
2030,40,19,0.08353818849310954,2
2030,40,20,0.2649856559480189,2
2030,41,3,0.021275382755560047,2
2030,41,5,0.014664032942523624,2
2030,41,7,0.024564790676479778,2
2030,41,9,0.7926731556659076,2
2030,41,11,0.015297686709145386,2
2030,41,18,0.06549729082697105,2
2030,41,19,0.04337783730143571,2
2030,42,5,0.19850670865451311,2
2030,42,11,0.055652563913939565,2
2030,42,12,0.05728479503926043,2
2030,42,16,0.12839604066747604,2
2030,42,18,0.5006942662458883,2
2030,43,1,0.06766124638030065,2
2030,43,6,0.03867990365948477,2
2030,43,8,0.14989330621706115,2
2030,43,10,0.15806183952653508,2
2030,43,11,0.4635439595954655,2
2030,43,12,0.111394429264916,2
2030,44,1,0.19743535888164362,2
2030,44,8,0.06635383842176588,2
2030,44,10,0.18158380125511706,2
2030,44,12,0.021841798180989316,2
2030,44,16,0.06904820899052297,2
2030,44,17,0.4636569335403209,2
2030,45,3,0.28204844088000725,2
2030,45,6,0.5066566219797749,2
2030,45,10,0.01096470472785096,2
2030,45,14,0.09323658408408375,2
2030,45,18,0.046802049319953985,2
2030,45,19,0.06029159900832901,2
2030,46,1,0.9137180915211709,2
2030,46,4,0.01897483477388134,2
2030,46,11,0.020233874326800304,2
2030,46,13,0.01536662103100942,2
2030,46,20,0.013194703794112903,2
2030,47,1,0.7089481602799845,2
2030,47,7,0.10656576568583184,2
2030,47,8,0.016508981627745705,2
2030,47,11,0.09757834045619397,2
2030,47,17,0.06873980639521282,2
2030,48,6,0.034804974924687246,2
2030,48,7,0.18597983380594882,2
2030,48,8,0.02705738184543142,2
2030,48,10,0.07782354908053839,2
2030,48,11,0.3659551298644294,2
2030,48,12,0.13823707848509773,2
2030,48,15,0.06433355319650026,2
2030,48,16,0.10580849879736672,2
2030,49,6,0.044997081460721886,2
2030,49,8,0.40083476690984415,2
2030,49,11,0.16515442451979934,2
2030,49,15,0.10505436152509319,2
2030,49,16,0.2839593655845412,2
2030,50,3,0.2143539445799944,2
2030,50,7,0.07572662504410116,2
2030,50,10,0.5411640967148101,2
2030,50,16,0.1644084392196155,2
2030,51,1,0.28528693476858374,2
2030,51,7,0.26467846001056244,2
2030,51,17,0.44642457745404984,2
2030,52,1,0.3627664950235178,2
2030,52,6,0.03168458145461304,2
2030,52,8,0.014274307217720437,2
2030,52,10,0.5442268694382498,2
2030,52,16,0.03714243389333521,2
2030,53,1,0.8864396706307662,2
2030,53,3,0.024140718796002877,2
2030,53,7,0.08046385058956744,2
2030,54,1,0.5167380893737888,2
2030,54,7,0.1751683617686854,2
2030,54,11,0.1528989838983627,2
2030,54,17,0.12263356485105373,2
2030,54,20,0.027954119814718792,2
2030,55,1,0.2144536413732095,2
2030,55,3,0.1486191607269844,2
2030,55,10,0.07831780752030075,2
2030,55,16,0.48875908474116825,2
2030,55,18,0.04447822745396449,2
2030,55,19,0.02414640300955682,2
2030,56,1,0.7337251427583048,2
2030,56,6,0.016300579198644635,2
2030,56,7,0.06327921912070392,2
2030,56,11,0.1360988581100768,2
2030,56,16,0.02638468631914244,2
2030,57,1,0.11376248189295476,2
2030,57,7,0.014944330802845237,2
2030,57,8,0.08025204627933509,2
2030,57,10,0.10857735404505778,2
2030,57,11,0.6350548963091921,2
2030,57,12,0.01421110268836948,2
2030,57,20,0.023564880265017595,2
2030,58,1,0.12786607384319926,2
2030,58,9,0.10794946843855288,2
2030,58,10,0.04344153025579315,2
2030,58,12,0.07578824695604588,2
2030,58,13,0.12669131028170516,2
2030,58,16,0.5123828063017637,2
2030,59,1,0.10936541813918227,2
2030,59,7,0.10491704222246137,2
2030,59,10,0.05689575272540738,2
2030,59,11,0.03630971712188701,2
2030,59,12,0.12320215211582668,2
2030,59,16,0.10557761810621126,2
2030,59,17,0.45537656687735323,2
2030,60,1,0.746025110270562,2
2030,60,5,0.014424936942282491,2
2030,60,7,0.08287417126834833,2
2030,60,8,0.08438106341963512,2
2030,60,11,0.04417119387399089,2
2030,60,16,0.016206931466568233,2
2030,61,1,0.5576011683710105,2
2030,61,7,0.14195443498372692,2
2030,61,10,0.2906716788112843,2
2030,62,1,0.6934780291168803,2
2030,62,6,0.01343388982206169,2
2030,62,7,0.22994307808758782,2
2030,62,11,0.035185240158662485,2
2030,62,20,0.02795976281480771,2
2030,63,1,0.35299496122472207,2
2030,63,7,0.055380041124192196,2
2030,63,11,0.38703391842589524,2
2030,63,12,0.1319397699800141,2
2030,63,15,0.027477375925231348,2
2030,63,20,0.03387426436137692,2
2030,64,1,0.8924549336375198,2
2030,64,3,0.01915068860506172,2
2030,64,7,0.03518212732989946,2
2030,64,15,0.012752968547189334,2
2030,64,16,0.029277432415998283,2
2030,65,1,0.9759154369689547,2
2030,66,1,0.76197065629481,2
2030,66,7,0.16919813324358338,2
2030,66,11,0.0447439809300663,2
2030,66,17,0.012348935182736527,2
2030,66,20,0.01173829434880388,2
2030,67,1,0.6561675723473006,2
2030,67,3,0.013191937500512186,2
2030,67,6,0.012264323090025038,2
2030,67,7,0.01607966534518454,2
2030,67,10,0.028262277560965245,2
2030,67,16,0.2740342241560124,2
2030,68,1,0.791928272810859,2
2030,68,11,0.13071634815516792,2
2030,68,16,0.05706903238600543,2
2030,69,1,0.08852705536355482,2
2030,69,5,0.014185524881307988,2
2030,69,6,0.0710818277318874,2
2030,69,7,0.2074182881370244,2
2030,69,8,0.12340904014522006,2
2030,69,10,0.08684138602530993,2
2030,69,11,0.14094035398381577,2
2030,69,12,0.03316094317143999,2
2030,69,16,0.09497255260842498,2
2030,69,17,0.1394630279520147,2
2030,70,1,0.07430571517468827,2
2030,70,5,0.01095604147810873,2
2030,70,8,0.010908727938395932,2
2030,70,16,0.7395638409085903,2
2030,70,17,0.10101817794186477,2
2030,70,18,0.02385292313920607,2
2030,70,19,0.025363140489227342,2
2030,71,1,0.4244301737857027,2
2030,71,7,0.20018289678432508,2
2030,71,8,0.19805535241687358,2
2030,71,16,0.08939412128248556,2
2030,71,17,0.061557080843911934,2
2030,71,19,0.021716215292092996,2
2030,72,3,0.08044803931181825,2
2030,72,5,0.06404424524291244,2
2030,72,7,0.1512143665053126,2
2030,72,15,0.011325298709452659,2
2030,72,16,0.11874045642073225,2
2030,72,18,0.49871757089929064,2
2030,72,19,0.07551002291048124,2
2030,73,6,0.04714064825839198,2
2030,73,8,0.017771616106485623,2
2030,73,10,0.1619926099289102,2
2030,73,11,0.5042184109206456,2
2030,73,12,0.0952644157849978,2
2030,73,16,0.11640604817360749,2
2030,73,18,0.046802034946405634,2
2030,74,4,0.23069858343058866,2
2030,74,9,0.4662997996230096,2
2030,74,11,0.014550424765358838,2
2030,74,12,0.02481115732028365,2
2030,74,13,0.0382810339334221,2
2030,74,16,0.09223884203322978,2
2030,74,20,0.13312015889410733,2
2030,75,2,0.773281339188823,2
2030,75,4,0.018343299407634864,2
2030,75,9,0.19010147204611152,2
2030,76,2,0.7395754767068031,2
2030,76,9,0.10137463142129752,2
2030,76,14,0.06376857776885315,2
2030,76,18,0.07205820923278466,2
2030,77,2,0.015648750638861814,2
2030,77,4,0.12664044223718782,2
2030,77,11,0.017600257736735812,2
2030,77,14,0.6085892205855953,2
2030,77,15,0.1198520706091966,2
2030,77,16,0.014810959984598046,2
2030,77,20,0.08586784673835382,2
2030,78,2,0.08303205515219556,2
2030,78,8,0.013190675535076727,2
2030,78,9,0.35178148057741193,2
2030,78,12,0.02068613792575089,2
2030,78,16,0.0581842944532799,2
2030,78,20,0.4488355600956954,2
2030,79,7,0.06585767681150984,2
2030,79,9,0.6785459922120678,2
2030,79,11,0.023845099384441695,2
2030,79,15,0.12196608907150513,2
2030,79,16,0.06741609058959129,2
2030,80,3,0.03658579864304175,2
2030,80,9,0.7438533469205162,2
2030,80,14,0.16356304445298891,2
2030,81,5,0.5019170668224006,2
2030,81,6,0.03777277630997608,2
2030,81,11,0.06788391544872634,2
2030,81,12,0.05274509439607687,2
2030,81,13,0.03307192355047672,2
2030,81,16,0.23682746200044053,2
2030,81,20,0.027953130734159618,2
2030,82,6,0.10320119269980706,2
2030,82,7,0.5217629211917458,2
2030,82,10,0.040217531663765786,2
2030,82,12,0.07013946740018238,2
2030,82,16,0.251464271635413,2
2030,83,1,0.3735600716333944,2
2030,83,7,0.5492060821257213,2
2030,83,11,0.017366441509662805,2
2030,83,17,0.05698006983692569,2
2030,84,1,0.22337241625080984,2
2030,84,7,0.4664110801520106,2
2030,84,8,0.02530546255449598,2
2030,84,10,0.15418732688086906,2
2030,84,11,0.022268806809152147,2
2030,84,12,0.020899597439614868,2
2030,84,16,0.02341495424528743,2
2030,84,17,0.01843248157514438,2
2030,85,1,0.028442954989488463,2
2030,85,2,0.0665645095462463,2
2030,85,6,0.01137123000965533,2
2030,85,8,0.08210369665526537,2
2030,85,10,0.1618512299905983,2
2030,85,11,0.5927370035082987,2
2030,85,12,0.0188622827628536,2
2030,85,16,0.011175177602561119,2
2030,85,20,0.019735354140948538,2
2030,86,8,0.146531925109775,2
2030,86,9,0.3530369138187299,2
2030,86,16,0.031455575442513144,2
2030,86,20,0.4505818555826159,2
2030,87,2,0.6087461976863408,2
2030,87,9,0.26362123504878576,2
2030,87,13,0.013223292843783409,2
2030,87,18,0.07790180079682957,2
2030,88,2,0.07060207740234489,2
2030,88,7,0.022285972343636908,2
2030,88,8,0.09188924931805506,2
2030,88,15,0.21906797606513093,2
2030,88,18,0.5552686923345886,2
2030,88,19,0.020041899924658876,2
2030,89,4,0.06596290605435551,2
2030,89,9,0.8092840101500102,2
2030,89,20,0.07116698601919189,2
2030,90,3,0.05965020943346355,2
2030,90,5,0.029372683817926865,2
2030,90,7,0.04447736642392202,2
2030,90,9,0.5595160691139615,2
2030,90,14,0.23281880589366005,2
2030,90,15,0.021522239835013626,2
2030,90,16,0.027594311182273085,2
2030,91,1,0.1770709846406999,2
2030,91,5,0.047124359042427816,2
2030,91,8,0.033755378168748816,2
2030,91,11,0.012995312102809521,2
2030,91,16,0.6721768709366304,2
2030,91,17,0.04884181862750365,2
2030,92,4,0.04115569744195223,2
2030,92,7,0.37350898042946745,2
2030,92,8,0.09564243295006603,2
2030,92,11,0.1620699410895631,2
2030,92,15,0.17680802205087023,2
2030,92,16,0.14280650477876716,2
2030,93,1,0.03707052835368682,2
2030,93,5,0.06331699849205912,2
2030,93,7,0.01172712831993845,2
2030,93,10,0.01107938645524323,2
2030,93,14,0.03690670945081519,2
2030,93,16,0.6694562633447335,2
2030,93,17,0.05870616232478111,2
2030,93,18,0.06319826186805516,2
2030,93,19,0.03482671508139089,2
2030,94,4,0.019925104724913767,2
2030,94,6,0.10583130987932997,2
2030,94,7,0.10211248939319878,2
2030,94,11,0.025018864618706758,2
2030,94,13,0.15320478405901744,2
2030,94,15,0.5121740359994249,2
2030,94,20,0.08173341132540826,2
2030,95,4,0.5569240748606807,2
2030,95,5,0.024653997112279464,2
2030,95,8,0.01938644764023809,2
2030,95,9,0.33779508117417595,2
2030,95,16,0.04089928852676701,2
2030,96,2,0.500582963696503,2
2030,96,9,0.2210178222787744,2
2030,96,14,0.10332204741883215,2
2030,96,18,0.10333684452703448,2
2030,97,11,0.06601502267211003,2
2030,97,12,0.20601691208365494,2
2030,97,13,0.013772853994218272,2
2030,97,14,0.15403204049398073,2
2030,97,16,0.07568625558002763,2
2030,97,18,0.39771421873571666,2
2030,98,1,0.2950548168145422,2
2030,98,7,0.12843650739608722,2
2030,98,16,0.5675686613535394,2
2030,99,3,0.16341077468049267,2
2030,99,6,0.27021282060463897,2
2030,99,7,0.5615595261310097,2
2030,100,4,0.842899547458492,2
2030,100,7,0.061287888245546686,2
2030,100,10,0.0266719746313738,2
2030,100,11,0.011880230784885929,2
2030,100,16,0.05002725954267877,2
2030,101,3,0.5192249664179281,2
2030,101,5,0.053699775845283786,2
2030,101,7,0.1484933163127627,2
2030,101,14,0.1567616592083576,2
2030,101,15,0.08472155898677583,2
2030,101,19,0.03453983571869897,2
2030,102,1,0.5825593878982197,2
2030,102,3,0.034501200114118086,2
2030,102,7,0.11110135316776229,2
2030,102,15,0.014640023562347922,2
2030,102,16,0.2571980352575519,2
2030,103,3,0.052546638292888276,2
2030,103,6,0.04575111960353921,2
2030,103,11,0.08731798801708106,2
2030,103,13,0.160202162969202,2
2030,103,18,0.51543391178769,2
2030,103,20,0.08487506686241104,2
2030,104,3,0.029746106991246447,2
2030,104,7,0.6741580691699127,2
2030,104,10,0.14575394612515566,2
2030,104,15,0.010237168136024086,2
2030,104,16,0.08643685050562064,2
2030,104,19,0.05366785907204004,2
2030,105,4,0.059260849075224775,2
2030,105,7,0.04046889939395418,2
2030,105,8,0.0588694571604882,2
2030,105,15,0.5854918288619748,2
2030,105,17,0.18325897560358595,2
2030,105,20,0.07264998990477217,2
2030,106,2,0.563794708816009,2
2030,106,3,0.050373491983472234,2
2030,106,8,0.034716002214411394,2
2030,106,15,0.3084005505513375,2
2030,106,19,0.01245512256554239,2
2030,107,3,0.022162887941291644,2
2030,107,7,0.2819545100641735,2
2030,107,10,0.5449921457949718,2
2030,107,15,0.15089045619956293,2
2030,108,1,0.24044279797795273,2
2030,108,7,0.6618749791681887,2
2030,108,11,0.0951467586955385,2
2030,109,4,0.061606401809944596,2
2030,109,7,0.4665660519601292,2
2030,109,8,0.27193293293112747,2
2030,109,16,0.1845057189657159,2
2030,110,2,0.04247013825018911,2
2030,110,3,0.14793929576306122,2
2030,110,7,0.1655232335112436,2
2030,110,11,0.03815840018945753,2
2030,110,14,0.08662301229616157,2
2030,110,15,0.32893976544000725,2
2030,110,18,0.1903461545498794,2
2030,111,2,0.05913127295713835,2
2030,111,3,0.051074611303674,2
2030,111,7,0.13073222513010274,2
2030,111,8,0.0354332153604349,2
2030,111,15,0.37830330296252296,2
2030,111,16,0.30398179659308244,2
2030,111,19,0.041343575693044574,2
2030,112,2,0.6266825130614888,2
2030,112,4,0.06977223068069564,2
2030,112,15,0.11974116819160466,2
2030,112,16,0.0331693634565842,2
2030,112,20,0.02272159541798588,2
2030,113,2,0.4604636771631949,2
2030,113,3,0.020726304810390946,2
2030,113,7,0.06351964094252893,2
2030,113,14,0.08922043345875941,2
2030,113,15,0.27238176305186573,2
2030,113,16,0.04797622682655355,2
2030,114,2,0.584630614278869,2
2030,114,4,0.1291803827317685,2
2030,114,15,0.1815785073307759,2
2030,114,20,0.09527805466086975,2
2030,115,3,0.22936717708565166,2
2030,115,7,0.020530989460869384,2
2030,115,10,0.12592456428445403,2
2030,115,15,0.020930027319299684,2
2030,115,16,0.19922632768129064,2
2030,115,19,0.4040209141684346,2
2030,116,2,0.3731885954646,2
2030,116,9,0.06366802381435194,2
2030,116,20,0.5631433807210479,2
2030,117,2,0.8671525234694556,2
2030,118,2,0.1627705412960589,2
2030,118,6,0.04233262884832605,2
2030,118,8,0.03982851226999286,2
2030,118,9,0.2109678647732643,2
2030,118,15,0.5171403889031847,2
2030,118,20,0.01632715556939261,2
2030,119,2,0.49604895872672466,2
2030,119,3,0.020815500094695075,2
2030,119,7,0.030290190715896618,2
2030,119,8,0.031180153174513607,2
2030,119,15,0.2933227533491005,2
2030,119,19,0.024644452277881247,2
2030,120,2,0.18701289478019356,2
2030,120,9,0.5749118107313493,2
2030,120,20,0.047056985304396684,2
2030,121,3,0.0528614834007156,2
2030,121,7,0.0712471633837382,2
2030,121,9,0.6408837130181743,2
2030,121,14,0.03465113812578328,2
2030,121,15,0.056750838675338686,2
2030,122,2,0.09567085066316093,2
2030,122,7,0.03504698025734873,2
2030,122,8,0.03175874147615949,2
2030,122,9,0.49527123899647746,2
2030,122,15,0.21125098309074325,2
2030,122,16,0.0394603353020804,2
2030,122,19,0.018203544895655174,2
2030,123,2,0.6930854169119384,2
2030,123,3,0.09655933138333883,2
2030,123,7,0.05794815207797081,2
2030,123,14,0.0747516744190615,2
2030,123,16,0.05194612213411964,2
2030,124,1,0.017307110131244863,2
2030,124,2,0.7956411504265495,2
2030,124,11,0.025251888894980385,2
2030,124,16,0.03525983885388759,2
2030,125,3,0.30339614333860715,2
2030,125,5,0.02234478003676187,2
2030,125,7,0.21362170701972916,2
2030,125,15,0.15022817078165424,2
2030,125,16,0.303938482061449,2
2030,126,1,0.586400299859332,2
2030,126,7,0.375363868179024,2
2030,127,9,0.0868342371036433,2
2030,127,16,0.08179512106680843,2
2030,127,20,0.8121572349932941,2
2030,128,2,0.7219050481846137,2
2030,128,15,0.12871645649369004,2
2030,128,20,0.12464275694692314,2
2030,129,2,0.7396772749673741,2
2030,129,3,0.08741634490245458,2
2030,129,7,0.0690184263377518,2
2030,129,14,0.06966721390330922,2
2030,130,2,0.8622260771892438,2
2030,130,15,0.017312368220417807,2
2030,130,20,0.0748538072249547,2
2030,131,3,1.0,2
2030,132,11,1.0,2
2030,133,2,0.02730204397510409,2
2030,133,4,0.055701040938733536,2
2030,133,9,0.09034574520909783,2
2030,133,11,0.08987914624538043,2
2030,133,14,0.39497402458973757,2
2030,133,15,0.05429468256243694,2
2030,133,16,0.1753377486903692,2
2030,133,20,0.03616954261133263,2
2030,134,1,0.23641660207275497,2
2030,134,10,0.010983194277774118,2
2030,134,16,0.6931835744356015,2
2030,134,17,0.02729646803789525,2
2030,135,6,0.039061392461887855,2
2030,135,7,0.0970153429308989,2
2030,135,11,0.6158314542350504,2
2030,135,16,0.19358858727758957,2
2030,135,20,0.0401931559313775,2
2030,136,2,0.22233027862575785,2
2030,136,6,0.013365464054201212,2
2030,136,7,0.21328673074253515,2
2030,136,14,0.3829412400867928,2
2030,136,20,0.15432915239254777,2
2030,137,2,0.16368961293366244,2
2030,137,3,0.10591621544138312,2
2030,137,7,0.4176236298272867,2
2030,137,14,0.09118628467440579,2
2030,137,16,0.22158425712326207,2
2030,138,4,0.016928611008597865,2
2030,138,8,0.02907818713581493,2
2030,138,9,0.05669228095614188,2
2030,138,15,0.15456919528297072,2
2030,138,16,0.19651653327840368,2
2030,138,20,0.546215192338071,2
2030,139,2,0.2619554222934216,2
2030,139,3,0.041986998668297595,2
2030,139,9,0.4968421617063717,2
2030,139,20,0.09517365286709868,2
2030,140,1,0.048365870217173694,2
2030,140,3,0.16302286219978973,2
2030,140,7,0.07263079936384427,2
2030,140,9,0.5271606318665556,2
2030,141,7,0.01632892512808949,2
2030,141,9,0.4017309458049315,2
2030,141,11,0.020708104947274084,2
2030,141,13,0.025133900398154753,2
2030,141,14,0.26146641093052997,2
2030,141,20,0.1400603697160652,2
2030,142,5,0.305225117698203,2
2030,142,7,0.05939569206094226,2
2030,142,10,0.02094783128628714,2
2030,142,15,0.03977036304722129,2
2030,142,16,0.32437629146244423,2
2030,142,19,0.15940421724783874,2
2030,143,1,0.19105874346635723,2
2030,143,6,0.019263422573936796,2
2030,143,7,0.275868772930229,2
2030,143,8,0.11911365246076455,2
2030,143,10,0.040526675442003,2
2030,143,11,0.06266516448830804,2
2030,143,12,0.014680729968731125,2
2030,143,16,0.10634976463652968,2
2030,143,17,0.1410363241311972,2
2030,144,1,0.2420027640910487,2
2030,144,3,0.04789906936721926,2
2030,144,7,0.030193540143960588,2
2030,144,16,0.5883048622649886,2
2030,144,17,0.08141479232178334,2
2030,145,4,0.6409968703599048,2
2030,145,7,0.02755138775335949,2
2030,145,8,0.057494220728770626,2
2030,145,15,0.07717451824127586,2
2030,145,16,0.1949291101834802,2
2030,146,1,0.21047978816994958,2
2030,146,7,0.3467894875978617,2
2030,146,8,0.17281001758346173,2
2030,146,10,0.19662034431353415,2
2030,146,17,0.02609533662657847,2
2030,146,19,0.01235094776537214,2
2030,147,1,0.10748127537590299,2
2030,147,3,0.19127185423502394,2
2030,147,7,0.25862415438197134,2
2030,147,16,0.39698539264416965,2
2030,148,6,0.056096081945028034,2
2030,148,9,0.2323630759594222,2
2030,148,13,0.15554244154082242,2
2030,148,14,0.010245601000821216,2
2030,148,18,0.012405812063525826,2
2030,148,20,0.4740529903888495,2
2030,149,3,0.03085272938295351,2
2030,149,7,0.09329939741798507,2
2030,149,12,0.02510749911768019,2
2030,149,14,0.09419365036176185,2
2030,149,15,0.12670513569959435,2
2030,149,16,0.059999054506582376,2
2030,149,18,0.4226994537439471,2
2030,149,20,0.09518523780737821,2
2030,150,1,0.2278485936355641,2
2030,150,7,0.447401602999203,2
2030,150,8,0.04983954281441187,2
2030,150,10,0.14261458878280134,2
2030,150,16,0.1314091356395237,2
2030,151,4,0.04489951059675886,2
2030,151,7,0.1985730789735792,2
2030,151,8,0.3147154490388429,2
2030,151,15,0.02352861638780629,2
2030,151,16,0.11210789294644254,2
2030,151,19,0.03617432148534102,2
2030,151,20,0.2535624622815665,2
2030,152,2,0.6015416598266085,2
2030,152,4,0.08540952411545082,2
2030,152,12,0.09412672260823189,2
2030,152,15,0.047297473867094125,2
2030,152,16,0.032042329794068056,2
2030,152,20,0.06350752537812576,2
2030,153,2,0.10416987869586194,2
2030,153,3,0.04163372540591671,2
2030,153,6,0.024789285195850306,2
2030,153,9,0.16453507340251153,2
2030,153,12,0.01937179613208153,2
2030,153,14,0.10005244080750952,2
2030,153,16,0.03880855759021756,2
2030,153,20,0.47416932936463435,2
2030,154,3,0.08287128140051814,2
2030,154,7,0.573081839202476,2
2030,154,10,0.04759767731282566,2
2030,154,15,0.011052493514779282,2
2030,154,19,0.22604305200617691,2
2030,155,2,0.13201223382155314,2
2030,155,3,0.13824537117297545,2
2030,155,7,0.3478836021199169,2
2030,155,14,0.22598479741108238,2
2030,155,16,0.1558739954744721,2
2030,156,2,0.025119705957889347,2
2030,156,4,0.016400903827183275,2
2030,156,8,0.06105747172288169,2
2030,156,15,0.35877381401694736,2
2030,156,16,0.023093130792917443,2
2030,156,20,0.5155549736821808,2
2030,157,2,0.8637806686991906,2
2030,157,4,0.06426227679839512,2
2030,157,20,0.051737102775076135,2
2030,158,2,0.09295553196597374,2
2030,158,9,0.23109244854370262,2
2030,158,14,0.6216883698200125,2
2030,159,3,0.013370401411797489,2
2030,159,9,0.12983418244291725,2
2030,159,16,0.6086564357872556,2
2030,159,17,0.06172715342882753,2
2030,159,18,0.059776292389278986,2
2030,159,19,0.03607519764890386,2
2030,160,1,0.3227412821547315,2
2030,160,3,0.11721382936844213,2
2030,160,6,0.04416507537579215,2
2030,160,10,0.27982940457965255,2
2030,160,11,0.13956617764271825,2
2030,161,1,0.3499435335482827,2
2030,161,7,0.44242613104189205,2
2030,161,10,0.04230187441451284,2
2030,161,17,0.0887457392928604,2
2030,162,1,0.054371064537251594,2
2030,162,7,0.43828082981198396,2
2030,162,8,0.011135613562280822,2
2030,162,9,0.017752280278344485,2
2030,162,10,0.03833613562854793,2
2030,162,17,0.11152197765151257,2
2030,162,18,0.11632661050807268,2
2030,162,19,0.0843806704726511,2
2030,163,2,0.14889807185012782,2
2030,163,6,0.08317546978926685,2
2030,163,8,0.026332781361277726,2
2030,163,9,0.1931125896316677,2
2030,163,13,0.015164131833794597,2
2030,163,15,0.28279509689890026,2
2030,163,16,0.03988773202080216,2
2030,163,20,0.16940088856838742,2
2030,164,3,0.10028008303977815,2
2030,164,7,0.22685808906669122,2
2030,164,14,0.5766525955845566,2
2030,164,19,0.08414760592834794,2
2030,165,1,0.10900358274161291,2
2030,165,4,0.03583852840637078,2
2030,165,6,0.01137056478561132,2
2030,165,8,0.2411579155122366,2
2030,165,11,0.37824790692142257,2
2030,165,12,0.1596012513985239,2
2030,165,20,0.043519757722558436,2
2030,166,3,0.18925154631686011,2
2030,166,5,0.08538645143908494,2
2030,166,7,0.09025934681943837,2
2030,166,16,0.3912890184763372,2
2030,166,17,0.1077341428242223,2
2030,166,18,0.017742630967070225,2
2030,166,19,0.077999688593625,2
2030,167,7,0.09078137945558155,2
2030,167,8,0.0659371849510453,2
2030,167,11,0.5160244019966617,2
2030,167,15,0.1480563925751803,2
2030,167,16,0.16267235353876391,2
2030,168,2,0.019220188440561566,2
2030,168,9,0.35425576673542686,2
2030,168,12,0.02261937760634905,2
2030,168,13,0.018692984662039173,2
2030,168,14,0.06935136029378552,2
2030,168,15,0.09465131834563821,2
2030,168,16,0.11687721949492337,2
2030,168,20,0.16968264106595052,2
2030,169,2,0.38818651697332046,2
2030,169,20,0.5818438565495395,2
2030,170,2,0.8563844695474288,2
2030,170,7,0.03895612467762514,2
2030,170,15,0.034129311471001296,2
2030,170,16,0.026772292460319477,2
2030,171,2,0.9522494726113454,2
2030,171,20,0.01739463907061201,2
2030,172,2,0.8485427238437107,2
2030,172,5,0.012829032127237714,2
2030,172,10,0.013009720526327286,2
2030,172,16,0.05352253701585272,2
2030,172,19,0.015644877268599446,2
2030,173,2,0.9208643578318167,2
2030,173,4,0.020974852315644735,2
2030,174,2,0.6655427156850792,2
2030,174,3,0.054089697956227915,2
2030,174,8,0.09541534314126103,2
2030,174,15,0.03712246185708193,2
2030,174,19,0.06982929250369893,2
2030,175,2,0.6665461521912361,2
2030,175,3,0.07124748326374564,2
2030,175,14,0.022637807819908796,2
2030,175,15,0.1299758476582834,2
2030,176,3,0.22307422005130875,2
2030,176,7,0.2687037092061024,2
2030,176,8,0.04657359010617531,2
2030,176,10,0.22923896102980243,2
2030,176,15,0.04025880785926893,2
2030,176,16,0.17734273551315766,2
2030,177,2,0.012171845417629012,2
2030,177,8,0.045200896493992934,2
2030,177,9,0.07857397000845337,2
2030,177,16,0.13177827803783201,2
2030,177,19,0.026707882474321272,2
2030,177,20,0.7055671275677714,2
2030,178,2,0.5482559618117454,2
2030,178,8,0.12815314349879675,2
2030,178,10,0.06866846819481902,2
2030,178,16,0.09003895857306728,2
2030,178,17,0.04860263338047171,2
2030,178,19,0.03583839565313304,2
2030,179,2,0.6758944060197738,2
2030,179,4,0.03880478986798575,2
2030,179,8,0.05049580379067552,2
2030,179,9,0.0761701986049238,2
2030,179,13,0.038084443264182866,2
2030,179,17,0.02124995512460322,2
2030,180,5,0.0442122410035325,2
2030,180,9,0.29645238780078964,2
2030,180,12,0.05427726065686568,2
2030,180,13,0.040333895657839895,2
2030,180,14,0.4022657263100165,2
2030,180,18,0.05079062295537889,2
2030,181,1,0.369993049702449,2
2030,181,7,0.10689913400129918,2
2030,181,16,0.5219569696785853,2
2030,182,1,0.11168208021969672,2
2030,182,4,0.05237399182249084,2
2030,182,7,0.5658078917156915,2
2030,182,11,0.023239429017901752,2
2030,182,13,0.11826862894557784,2
2030,182,17,0.03046828250306412,2
2030,183,1,0.1487715486561153,2
2030,183,16,0.7485249369902977,2
2030,183,17,0.03183057189140152,2
2030,184,1,0.22621157263573302,2
2030,184,3,0.012232596233253224,2
2030,184,6,0.07685593351385722,2
2030,184,10,0.0951945699173765,2
2030,184,11,0.4567606104411359,2
2030,184,13,0.05051161269426193,2
2030,184,20,0.034245078993356146,2
2030,185,4,0.02478291411549674,2
2030,185,5,0.025184183351620846,2
2030,185,8,0.024985552887729263,2
2030,185,9,0.27901677853659934,2
2030,185,11,0.05956254351787256,2
2030,185,16,0.1484751546300942,2
2030,185,20,0.4198476353708821,2
2030,186,2,0.5259078240212605,2
2030,186,4,0.028312363396698625,2
2030,186,6,0.02738638100348167,2
2030,186,8,0.018751070647658078,2
2030,186,9,0.24616282853275037,2
2030,186,13,0.014497018088925753,2
2030,186,16,0.035440867224946375,2
2030,187,2,0.7836687809029256,2
2030,187,6,0.016090985402984193,2
2030,187,9,0.010191907737736832,2
2030,187,10,0.01120691751703181,2
2030,187,18,0.03632059641196334,2
2030,187,19,0.01026388402247409,2
2030,188,2,0.5898386851836726,2
2030,188,3,0.031241109463600057,2
2030,188,7,0.048952960739626177,2
2030,188,11,0.0380160545868126,2
2030,188,14,0.19106504980261588,2
2030,188,16,0.04939834486192828,2
2030,189,2,0.17617072950788532,2
2030,189,11,0.027078802073837206,2
2030,189,14,0.4581309321045884,2
2030,189,15,0.15814820535980828,2
2030,189,16,0.016941160693914714,2
2030,189,20,0.1335909136396681,2
2030,190,2,0.6069508459804264,2
2030,190,4,0.07255032504791548,2
2030,190,12,0.0122387082343772,2
2030,190,15,0.029789608321711628,2
2030,190,16,0.13063811829002792,2
2030,190,20,0.1357801556021553,2
2030,191,2,0.08694470884576805,2
2030,191,3,0.06593162135559065,2
2030,191,7,0.025857860797707095,2
2030,191,9,0.5272692624601658,2
2030,191,14,0.1997904312047513,2
2030,191,20,0.03528310527362929,2
2030,192,2,0.6838048693042406,2
2030,192,8,0.034105977236136245,2
2030,192,11,0.04183907434567729,2
2030,192,15,0.09144181076941287,2
2030,192,16,0.09045114035918972,2
2030,192,20,0.025400976406192405,2
2030,193,2,0.7021361346444774,2
2030,193,6,0.06496444156363944,2
2030,193,14,0.18000439712030983,2
2030,193,16,0.04773840684931205,2
2030,194,2,0.13864068194527215,2
2030,194,9,0.5986521896866349,2
2030,194,20,0.20459408763770592,2
2030,195,2,0.31038077686431137,2
2030,195,9,0.4604762565571232,2
2030,195,14,0.1253816877167513,2
2030,195,15,0.02334902530797776,2
2030,196,1,0.03601330241281772,2
2030,196,2,0.7706411854707498,2
2030,196,8,0.022973673054216465,2
2030,196,17,0.01766656055600883,2
2030,197,2,0.019969427573075474,2
2030,197,8,0.011538925820881299,2
2030,197,9,0.22420715332324673,2
2030,197,15,0.5064854496593302,2
2030,197,18,0.09494011185286445,2
2030,197,19,0.05053705181979743,2
2030,198,2,0.2505141275063946,2
2030,198,9,0.5516352554802185,2
2030,198,15,0.04270699055596123,2
2030,198,20,0.03531403029952233,2
2030,199,3,0.07268981476647084,2
2030,199,7,0.016538490116867716,2
2030,199,9,0.7621663833184793,2
2030,200,2,0.017958121700975632,2
2030,200,8,0.1603124039144709,2
2030,200,9,0.024626988413251442,2
2030,200,14,0.5953723835647258,2
2030,200,17,0.033418491361906145,2
2030,200,19,0.1126312607305555,2
2030,201,1,0.12087809768217828,2
2030,201,7,0.12205609084398313,2
2030,201,8,0.09709861617694555,2
2030,201,10,0.04648258776674763,2
2030,201,14,0.033194127134730446,2
2030,201,16,0.47735557980072985,2
2030,201,17,0.04561534490587237,2
2030,202,2,0.1982176919585647,2
2030,202,8,0.11405916957417322,2
2030,202,15,0.07433511478965493,2
2030,202,16,0.02485601680413409,2
2030,202,19,0.046290513288916826,2
2030,202,20,0.5060773945450622,2
2030,203,2,0.8164313761702696,2
2030,203,11,0.016077394821554288,2
2030,203,15,0.010450854921450927,2
2030,203,16,0.02594600128495151,2
2030,204,2,0.6895683365469162,2
2030,204,4,0.06977600097955322,2
2030,204,11,0.012981579796618877,2
2030,204,20,0.11081802886440144,2
2030,205,2,0.6752508337478043,2
2030,205,4,0.01008930994888228,2
2030,205,8,0.02932018507945309,2
2030,205,9,0.12628614355163195,2
2030,206,2,0.37178884300522064,2
2030,206,9,0.4557407398199184,2
2030,206,15,0.013646958482367674,2
2030,207,2,0.3573884626840925,2
2030,207,9,0.4447894644745583,2
2030,207,14,0.02717724902633876,2
2030,207,15,0.010541527999057877,2
2030,208,2,0.24813614743491508,2
2030,208,3,0.02651650653397226,2
2030,208,8,0.14857422216351562,2
2030,208,14,0.4205412835046118,2
2030,208,15,0.02148830834222692,2
2030,208,19,0.05988113121715009,2
2030,209,2,0.1656609970571823,2
2030,209,6,0.014814452916265616,2
2030,209,8,0.016022627191863793,2
2030,209,9,0.17988780631685614,2
2030,209,14,0.023022447478162157,2
2030,209,15,0.34118142583336714,2
2030,209,17,0.043363586315310586,2
2030,209,20,0.13462585793052312,2
2030,210,2,0.500710525664877,2
2030,210,4,0.07116316950411679,2
2030,210,8,0.05981817010402453,2
2030,210,9,0.1395406573927279,2
2030,210,15,0.0120071936609637,2
2030,210,16,0.03108913724407281,2
2030,211,2,0.19579959365498642,2
2030,211,3,0.20022703159158328,2
2030,211,8,0.06783369800310982,2
2030,211,9,0.09977144770805083,2
2030,211,10,0.02424643313663584,2
2030,211,14,0.27610120872084887,2
2030,212,1,0.11442514584720088,2
2030,212,3,0.11438850804252465,2
2030,212,4,0.028881779381499408,2
2030,212,6,0.01460866174472858,2
2030,212,7,0.09279748146008338,2
2030,212,8,0.27031069715390077,2
2030,212,11,0.09737424545020222,2
2030,212,13,0.029682072568383715,2
2030,212,17,0.03833394222653409,2
2030,212,20,0.07527535907859503,2
2030,213,2,0.7182581572207087,2
2030,213,4,0.07664791829888135,2
2030,213,13,0.04412341081707253,2
2030,213,17,0.013480747492553402,2
2030,213,20,0.011538916553619324,2
2030,214,5,0.04268176814744721,2
2030,214,6,0.041253398680742785,2
2030,214,8,0.014697221881949786,2
2030,214,9,0.1192001808091016,2
2030,214,11,0.10406103139603776,2
2030,214,14,0.44572538522895055,2
2030,214,17,0.028866986289498426,2
2030,214,18,0.03427503938934059,2
2030,214,19,0.035159789191462745,2
2030,215,1,0.35161564767128395,2
2030,215,3,0.01406737885538058,2
2030,215,7,0.035741943699312634,2
2030,215,10,0.2614335018391571,2
2030,215,16,0.2794325185066652,2
2030,216,1,0.15707371704094564,2
2030,216,4,0.6762825583183698,2
2030,216,7,0.1032876124255326,2
2030,216,8,0.038907983676651714,2
2030,216,17,0.015916037466598906,2
2030,217,2,0.6154779646892392,2
2030,217,8,0.04628293930169228,2
2030,217,11,0.07715733242013151,2
2030,217,16,0.022167316185603015,2
2030,217,17,0.034020386179763974,2
2030,217,19,0.03787947850455199,2
2030,218,2,0.1025918788663885,2
2030,218,9,0.40089664073203635,2
2030,218,14,0.28938649512147224,2
2030,218,20,0.05734168046837869,2
2030,219,5,0.01742275453179915,2
2030,219,6,0.03443968578096596,2
2030,219,8,0.0602416834215923,2
2030,219,11,0.2093013332329168,2
2030,219,12,0.1098684529169076,2
2030,219,13,0.08356751113022731,2
2030,219,15,0.36055472805069894,2
2030,219,17,0.03612491613495903,2
2030,220,7,0.07010161510300106,2
2030,220,10,0.011988334657411562,2
2030,220,15,0.1722389827139562,2
2030,220,16,0.03340983248324205,2
2030,220,18,0.5809975286411538,2
2030,221,1,0.012022667335375537,2
2030,221,7,0.11723996407421844,2
2030,221,8,0.20834149541320435,2
2030,221,10,0.05274190432666878,2
2030,221,11,0.44278827017437106,2
2030,221,15,0.03681988533407714,2
2030,221,16,0.0651457972739548,2
2030,222,6,0.030745362465025416,2
2030,222,8,0.06626433143216012,2
2030,222,9,0.17998962733043902,2
2030,222,11,0.11450985171600296,2
2030,222,14,0.24787105520824818,2
2030,222,16,0.10916901215045405,2
2030,222,17,0.02221335269188274,2
2030,222,18,0.06230391687028998,2
2030,222,19,0.03993361654283049,2
2030,223,2,0.05183791740119648,2
2030,223,4,0.09937348083624542,2
2030,223,5,0.08859171944724988,2
2030,223,6,0.011890292935726321,2
2030,223,8,0.1836055203166095,2
2030,223,9,0.08184619853958439,2
2030,223,11,0.01943690918389308,2
2030,223,16,0.2839727800530083,2
2030,223,19,0.03426329724875304,2
2030,223,20,0.03647040337877801,2
2030,224,2,0.17118849119547344,2
2030,224,3,0.05941458134731734,2
2030,224,8,0.019071996825944303,2
2030,224,11,0.1317795865654117,2
2030,224,14,0.19498030749064033,2
2030,224,16,0.010915265473156296,2
2030,224,17,0.07443311487353368,2
2030,224,19,0.17134679227109115,2
2030,225,2,0.6430013012854405,2
2030,225,6,0.03454889334309681,2
2030,225,13,0.05800885930525021,2
2030,225,14,0.10728447583313414,2
2030,226,12,0.08015411321646179,2
2030,226,13,0.17442268654151216,2
2030,226,14,0.6320422636591476,2
2030,226,20,0.11338093658287855,2
2030,227,3,0.020105799371589426,2
2030,227,4,0.6241580123872659,2
2030,227,6,0.07691714579420256,2
2030,227,7,0.13868848090856079,2
2030,227,16,0.0454645192100547,2
2030,227,20,0.06293743969361884,2
2030,228,2,0.5161915931796451,2
2030,228,8,0.1684796596226277,2
2030,228,15,0.14922301352691894,2
2030,228,16,0.05778251548607758,2
2030,228,19,0.03894950783798266,2
2030,229,3,0.1643173871419866,2
2030,229,5,0.0535011664863918,2
2030,229,7,0.03148932228124583,2
2030,229,14,0.3834296157958589,2
2030,229,15,0.26601427547963846,2
2030,229,16,0.032028120826379076,2
2030,229,19,0.06922011198849909,2
2030,230,2,0.16768530416270472,2
2030,230,9,0.11176374177437735,2
2030,230,15,0.05384640664475217,2
2030,230,16,0.07764532516735626,2
2030,230,20,0.5890592222508091,2
2030,231,2,0.5851923883942126,2
2030,231,6,0.023513734397046133,2
2030,231,8,0.06693226438691371,2
2030,231,9,0.05662640336211303,2
2030,231,11,0.011502269895935032,2
2030,231,16,0.0469311618322283,2
2030,231,19,0.012526730782195761,2
2030,232,2,0.6740550240894728,2
2030,232,4,0.011914259330943519,2
2030,232,8,0.010180910709467242,2
2030,232,9,0.14453925692928188,2
2030,233,2,0.1452520682192653,2
2030,233,3,0.09490869773824989,2
2030,233,8,0.09344449601520473,2
2030,233,9,0.04396711348636847,2
2030,233,14,0.4074812073920775,2
2030,233,15,0.08714941972288327,2
2030,233,16,0.015507498036142375,2
2030,233,19,0.07527121786249348,2
2030,234,4,0.14649310341540478,2
2030,234,6,0.04035481004547319,2
2030,234,8,0.11653846645213152,2
2030,234,9,0.11861202835194837,2
2030,234,11,0.05627809608084718,2
2030,234,12,0.22474415162504877,2
2030,234,16,0.07304279011325035,2
2030,234,17,0.040389588861777306,2
2030,234,20,0.05196943665619946,2
2030,235,3,0.07641793535763118,2
2030,235,5,0.4545391599456335,2
2030,235,7,0.08435267535114546,2
2030,235,11,0.06180607815140214,2
2030,235,16,0.042047364022038736,2
2030,235,17,0.09175838935485221,2
2030,235,19,0.06938039723304626,2
2030,236,1,0.0634993323844092,2
2030,236,2,0.09086891909338116,2
2030,236,9,0.07899734733575858,2
2030,236,14,0.10217697963175452,2
2030,236,16,0.45758201013422556,2
2030,236,17,0.053359707193148906,2
2030,236,18,0.06321025723110002,2
2030,236,20,0.01410092273445837,2
2030,237,8,0.10342656950107615,2
2030,237,9,0.22006108103772987,2
2030,237,16,0.1824329890280941,2
2030,237,20,0.41859530096699366,2
2030,238,5,0.07341669907822597,2
2030,238,8,0.0965300856500353,2
2030,238,9,0.06109649431585463,2
2030,238,11,0.09570808630851069,2
2030,238,14,0.3414778958360791,2
2030,238,16,0.0863613441477434,2
2030,238,19,0.09623783104757269,2
2030,239,1,0.129925755135892,2
2030,239,11,0.08275440796555403,2
2030,239,16,0.5248053670404818,2
2030,239,17,0.20390117043354314,2
2030,240,5,0.011228877809298371,2
2030,240,7,0.06431800558308702,2
2030,240,11,0.09428352504457065,2
2030,240,14,0.10373996630278932,2
2030,240,16,0.4153671579095923,2
2030,240,17,0.1426425425556494,2
2030,240,18,0.031600428963346076,2
2030,240,20,0.1319948451601282,2
2030,241,2,0.06810093580435894,2
2030,241,7,0.030164844980721545,2
2030,241,11,0.0725844004188391,2
2030,241,14,0.012197577950617848,2
2030,241,15,0.06733631308451604,2
2030,241,16,0.6283353016510659,2
2030,241,20,0.10633294709498155,2
2030,242,2,0.10084840228664173,2
2030,242,6,0.17313377255581536,2
2030,242,7,0.013294201204954939,2
2030,242,14,0.01934149785014396,2
2030,242,15,0.34855233381080525,2
2030,242,16,0.048887477190959455,2
2030,242,18,0.16639800837457386,2
2030,242,20,0.0823541773373247,2
2030,243,2,0.19353108615278,2
2030,243,3,0.05777094260610415,2
2030,243,4,0.028697088769309168,2
2030,243,8,0.08985655866760965,2
2030,243,9,0.023831362447509278,2
2030,243,14,0.33378498215367686,2
2030,243,15,0.08221717638035796,2
2030,243,16,0.08993347680148064,2
2030,243,20,0.07574220726916052,2
2030,244,2,0.18656698558311335,2
2030,244,3,0.08713588163020872,2
2030,244,4,0.03333683328355561,2
2030,244,8,0.058781107170844143,2
2030,244,9,0.06032504649990423,2
2030,244,11,0.01428669328544114,2
2030,244,14,0.3852477531877552,2
2030,244,15,0.055078472215702334,2
2030,244,16,0.032000875824891244,2
2030,244,20,0.04740048892570958,2
2030,245,3,0.10645557921190325,2
2030,245,7,0.06892004195148407,2
2030,245,11,0.09401604622808572,2
2030,245,14,0.5507839665215631,2
2030,245,16,0.07673814662857643,2
2030,245,19,0.031141588106967676,2
2030,246,2,0.07793303545632907,2
2030,246,3,0.08375681183217734,2
2030,246,7,0.16498809356160654,2
2030,246,14,0.23909505906391798,2
2030,246,16,0.32281242513180386,2
2030,246,18,0.017686838662373437,2
2030,246,20,0.07517316486351985,2
2030,247,2,0.018523246806443162,2
2030,247,3,0.0489269841508881,2
2030,247,7,0.3107776117474523,2
2030,247,14,0.11153013508124464,2
2030,247,16,0.40802580307148856,2
2030,247,18,0.017349777334053535,2
2030,247,20,0.08486644180842969,2
2030,248,7,0.3024618026701281,2
2030,248,11,0.020364038852897677,2
2030,248,14,0.06285857718005405,2
2030,248,16,0.44518763347562074,2
2030,248,17,0.03978074729379045,2
2030,248,18,0.07003318342734671,2
2030,248,20,0.0593140171001622,2
2030,249,2,0.1392872612741354,2
2030,249,7,0.019312686565166833,2
2030,249,9,0.05897425286737734,2
2030,249,11,0.015103516336997965,2
2030,249,13,0.013383936957659,2
2030,249,14,0.042128185800631844,2
2030,249,16,0.5442699599138162,2
2030,249,17,0.020985515642675655,2
2030,249,18,0.011472783006891113,2
2030,249,20,0.1350819016346485,2
2030,250,2,0.13189099124039852,2
2030,250,4,0.036434896919964196,2
2030,250,6,0.028084385803816107,2
2030,250,8,0.07053537099060547,2
2030,250,9,0.06550026805178394,2
2030,250,14,0.36896230393915297,2
2030,250,16,0.16862462591980676,2
2030,250,20,0.10413341682988371,2
2030,251,1,0.014134729445778808,2
2030,251,2,0.7321881084975467,2
2030,251,6,0.03487634364979146,2
2030,251,11,0.05798789392516925,2
2030,251,12,0.010241181118057777,2
2030,251,16,0.06635305547225438,2
2030,252,3,0.11715287847870143,2
2030,252,7,0.09908540971895513,2
2030,252,11,0.021093558647384665,2
2030,252,14,0.599636636912821,2
2030,252,16,0.10634211738654989,2
2030,253,4,0.533983036469021,2
2030,253,7,0.057735169774680455,2
2030,253,8,0.20537123000754368,2
2030,253,15,0.07833436159913643,2
2030,253,16,0.09606198184827125,2
2030,254,5,0.038948416941332845,2
2030,254,7,0.03570724033256213,2
2030,254,8,0.06971060151575455,2
2030,254,11,0.12361128567482434,2
2030,254,14,0.624051797112195,2
2030,254,15,0.03963484214719532,2
2030,254,16,0.050302568279177236,2
2030,254,19,0.010216404197523224,2
2030,255,1,0.16650376031323175,2
2030,255,10,0.014348816410445836,2
2030,255,16,0.8041885641524068,2
2030,256,1,0.8195811329595928,2
2030,256,7,0.15898375552689145,2
2030,257,1,0.5240385763301728,2
2030,257,4,0.017855999874252727,2
2030,257,7,0.060027808466146325,2
2030,257,11,0.21261027425721266,2
2030,257,17,0.15556241906860993,2
2030,258,2,0.0617388315137191,2
2030,258,8,0.044681308659505335,2
2030,258,9,0.3702771059357435,2
2030,258,20,0.4460418690372755,2
2030,259,2,0.14287817850577617,2
2030,259,9,0.5671152195248683,2
2030,259,14,0.06413171945761018,2
2030,259,15,0.025885697186402323,2
2030,260,1,0.01735615997268196,2
2030,260,3,0.3522511256216347,2
2030,260,5,0.4217640480201133,2
2030,260,10,0.027488834973851958,2
2030,260,16,0.1267092277856886,2
2030,261,1,0.7159490620624331,2
2030,261,3,0.07288185890005874,2
2030,261,7,0.13308880419646354,2
2030,261,16,0.06006072174436224,2
2030,262,4,1.0,2
2030,263,3,0.035290408459025674,2
2030,263,6,0.029411911254520647,2
2030,263,7,0.05252387601498636,2
2030,263,11,0.07334754117162054,2
2030,263,16,0.08394985173726131,2
2030,263,19,0.6514470355424353,2
2030,264,4,0.06360737454547231,2
2030,264,5,0.3605665656796592,2
2030,264,7,0.1513204341350456,2
2030,264,8,0.033640215904561344,2
2030,264,11,0.14657046988965636,2
2030,264,16,0.1448377679567797,2
2030,264,17,0.04011985165336001,2
2030,265,2,0.07238192281386581,2
2030,265,4,0.047375793729794634,2
2030,265,8,0.1698515212883982,2
2030,265,9,0.15212968008499056,2
2030,265,11,0.03032709461669352,2
2030,265,14,0.3067790739909412,2
2030,265,16,0.13425992044571528,2
2030,265,17,0.021863936050864924,2
2030,266,4,0.03812061248772108,2
2030,266,7,0.09405206270863115,2
2030,266,8,0.01119102332150933,2
2030,266,9,0.5790741052218509,2
2030,266,15,0.0108311007363772,2
2030,266,17,0.010873503845023728,2
2030,266,20,0.1058575419042395,2
2030,267,3,0.24359674990937039,2
2030,267,5,0.21184648375886347,2
2030,267,16,0.20091161017417553,2
2030,267,19,0.2982228316281058,2
2030,268,1,0.28598896204916974,2
2030,268,3,0.19144612270751563,2
2030,268,6,0.13357573270195958,2
2030,268,11,0.0882896654444769,2
2030,268,13,0.06793752440602467,2
2030,268,16,0.23276199269085354,2
2030,269,6,0.1637323506820527,2
2030,269,7,0.02932847829988907,2
2030,269,10,0.10563492982063191,2
2030,269,11,0.3532034671892306,2
2030,269,13,0.04299806709573481,2
2030,269,14,0.023361100428747776,2
2030,269,16,0.06204836860257755,2
2030,269,20,0.19246415662896657,2
2030,270,6,0.05292461928746287,2
2030,270,9,0.4711410565579162,2
2030,270,13,0.09388010340374364,2
2030,270,14,0.13624656633488955,2
2030,270,16,0.04911430951459864,2
2030,270,20,0.12866303103524976,2
2030,271,1,0.646650058184649,2
2030,271,5,0.07932080756854469,2
2030,271,16,0.20841557882239314,2
2030,272,6,0.1352976051003339,2
2030,272,8,0.049274508689419745,2
2030,272,9,0.08664801921878962,2
2030,272,11,0.025976670984989906,2
2030,272,13,0.01919872687405254,2
2030,272,17,0.07887912145079319,2
2030,272,18,0.03307667141417134,2
2030,272,20,0.5374452301835864,2
2030,273,3,0.043262496122609045,2
2030,273,6,0.0331789454964099,2
2030,273,7,0.026045224746694483,2
2030,273,9,0.4933854027206246,2
2030,273,14,0.13630143104032066,2
2030,273,20,0.1176108819090628,2
2030,274,7,0.022287648134360637,2
2030,274,8,0.020673669482516022,2
2030,274,9,0.6049851344234827,2
2030,274,11,0.0959043154777237,2
2030,274,16,0.10506362242560334,2
2030,274,17,0.01903105610365564,2
2030,275,9,0.6610132508866671,2
2030,275,13,0.0224066244939482,2
2030,275,14,0.16128214221223075,2
2030,275,20,0.03659711005938068,2
2030,276,6,0.028072549282036095,2
2030,276,9,0.3156072323690543,2
2030,276,11,0.046277547053502004,2
2030,276,12,0.016925022756674946,2
2030,276,13,0.08053631993917136,2
2030,276,15,0.4139990066544913,2
2030,276,16,0.027947392511566187,2
2030,276,18,0.019223552870210457,2
2030,277,7,0.14373616697011343,2
2030,277,8,0.04293203551583647,2
2030,277,9,0.5598212469588681,2
2030,277,11,0.04431959741859396,2
2030,277,15,0.010070646061545155,2
2030,277,16,0.1043387952767468,2
2030,277,20,0.026365995551795616,2
2030,278,3,0.14792798943758628,2
2030,278,6,0.13900202451227087,2
2030,278,18,0.6344400176111086,2
2030,279,1,0.2362262267526824,2
2030,279,7,0.3699061627624891,2
2030,279,11,0.2073803702399088,2
2030,279,16,0.027475169150657137,2
2030,279,17,0.14092254862728298,2
2030,279,19,0.018089522466979563,2
2030,280,2,0.5838056238873796,2
2030,280,4,0.047339392269147726,2
2030,280,6,0.09748579103713927,2
2030,280,8,0.037348124746642446,2
2030,280,11,0.014203079236613106,2
2030,280,13,0.03302108260498822,2
2030,280,16,0.021871796667467795,2
2030,280,17,0.028302568778197378,2
2030,280,20,0.011051105318401994,2
2030,281,2,0.11623175354441616,2
2030,281,4,0.04379014289312719,2
2030,281,8,0.11199231707572979,2
2030,281,9,0.138340810709938,2
2030,281,14,0.5120643514691127,2
2030,281,15,0.05528654634927351,2
2030,282,3,0.11001961785420226,2
2030,282,7,0.13537213700325942,2
2030,282,10,0.028104455551325028,2
2030,282,14,0.020648935915806847,2
2030,282,16,0.49233945631155807,2
2030,282,18,0.021181665609634203,2
2030,282,19,0.17756385930580296,2
2030,283,5,0.08823510817637753,2
2030,283,7,0.5034326695419366,2
2030,283,8,0.12222278265633786,2
2030,283,10,0.09608902971902863,2
2030,283,11,0.06910869797347649,2
2030,283,16,0.10033078378502576,2
2030,283,17,0.020580928147817066,2
2030,284,5,0.11228176860987617,2
2030,284,9,0.0596728571633138,2
2030,284,11,0.08241693107679705,2
2030,284,14,0.03311746841657855,2
2030,284,16,0.5379935863871381,2
2030,284,17,0.03170360418673472,2
2030,284,18,0.14079587852765568,2
2030,285,1,0.3276535455770905,2
2030,285,7,0.2083166590715809,2
2030,285,10,0.3606937459773395,2
2030,285,16,0.10333604937398892,2
2030,286,1,0.22707861051710324,2
2030,286,7,0.277213171766545,2
2030,286,11,0.1306143350728804,2
2030,286,17,0.3650938826434713,2
2030,287,4,0.1824677513643274,2
2030,287,6,0.03237944837577326,2
2030,287,9,0.4183747373388683,2
2030,287,12,0.03387108334634942,2
2030,287,13,0.11516763328250472,2
2030,287,16,0.026479517182398434,2
2030,287,20,0.08349162798810986,2
2030,288,3,0.14887559205321016,2
2030,288,10,0.71564455897873,2
2030,288,11,0.0820543290593844,2
2030,288,18,0.01050320781908383,2
2030,289,1,0.2583701444862724,2
2030,289,7,0.2298538231986752,2
2030,289,8,0.021785372614751462,2
2030,289,10,0.07614634794006517,2
2030,289,11,0.11730627918492748,2
2030,289,13,0.012980977825543192,2
2030,289,16,0.03969903887185487,2
2030,289,17,0.21058669749229678,2
2030,289,19,0.02811149163620792,2
2030,290,1,0.13273402883278138,2
2030,290,10,0.022340583999916928,2
2030,290,13,0.014401222752670466,2
2030,290,16,0.699243589933891,2
2030,290,17,0.024607034743140892,2
2030,290,18,0.08095283133668325,2
2030,290,19,0.022657591135475157,2
2030,291,1,0.2571852004691801,2
2030,291,6,0.10108124365786168,2
2030,291,11,0.06977761882539227,2
2030,291,13,0.18874048416049952,2
2030,291,16,0.3832154528870664,2
2030,292,1,0.49891762733018696,2
2030,292,11,0.41331570683276514,2
2030,292,17,0.08776666583704781,2
2030,293,1,0.06477476048120871,2
2030,293,7,0.014476359493007974,2
2030,293,10,0.542877525855297,2
2030,293,11,0.10506012337529368,2
2030,293,16,0.26368929543106373,2
2030,294,1,0.626383491878677,2
2030,294,11,0.15593203835969643,2
2030,294,16,0.15588201487353148,2
2030,295,1,0.5918453631105635,2
2030,295,5,0.0607143190248615,2
2030,295,8,0.1450247251570495,2
2030,295,16,0.18048199032070447,2
2030,296,1,0.1584148449987979,2
2030,296,10,0.091083273309867,2
2030,296,16,0.7062553044581912,2
2030,296,19,0.028270631915462398,2
2030,297,4,0.03944283020746975,2
2030,297,11,0.21946661247075575,2
2030,297,12,0.015954501250472188,2
2030,297,13,0.04803592456399289,2
2030,297,16,0.06407757557907819,2
2030,297,17,0.6017565758256725,2
2030,298,7,0.0482041555993351,2
2030,298,9,0.8238434297727697,2
2030,298,14,0.010692182290917287,2
2030,298,16,0.017274141438443802,2
2030,298,20,0.05875896222974128,2
2030,299,2,0.03926571820714824,2
2030,299,3,0.016365952750686457,2
2030,299,7,0.017087058193169864,2
2030,299,8,0.03449421376857817,2
2030,299,15,0.22425214775153202,2
2030,299,18,0.619147036147624,2
2030,299,19,0.013517838107932677,2
2030,300,4,0.0358537688146047,2
2030,300,6,0.08222108776047443,2
2030,300,8,0.022699556939939365,2
2030,300,9,0.2756618880617334,2
2030,300,13,0.027113828009561483,2
2030,300,15,0.32062199029768346,2
2030,300,17,0.0951448542690538,2
2030,300,18,0.1297479946255136,2
2030,301,2,0.19293276467583217,2
2030,301,9,0.5984477821941527,2
2030,301,15,0.11004351475743304,2
2030,301,20,0.024092634886430264,2
2030,302,2,0.14861809590648523,2
2030,302,9,0.7689909225176995,2
2030,302,15,0.032115997210930676,2
2030,303,3,0.11705219449342692,2
2030,303,6,0.02856080766290659,2
2030,303,12,0.059283387443984724,2
2030,303,14,0.23057262669279674,2
2030,303,18,0.5583720625616189,2
2030,304,1,0.6252588131543676,2
2030,304,3,0.02033539859949269,2
2030,304,7,0.12602634911828295,2
2030,304,15,0.06160032737732668,2
2030,304,16,0.16677911175053012,2
2030,305,1,0.6639259638796728,2
2030,305,3,0.050408856580406676,2
2030,305,7,0.07781779879317957,2
2030,305,10,0.03459255736122765,2
2030,305,15,0.07320387641475168,2
2030,305,16,0.10005094697076164,2
2030,306,2,0.06470472004895138,2
2030,306,4,0.04863757461268064,2
2030,306,8,0.04214703044510287,2
2030,306,9,0.07573069800071036,2
2030,306,11,0.13838481772862957,2
2030,306,13,0.4540252212378912,2
2030,306,15,0.031168564162054872,2
2030,306,17,0.11509087443688251,2
2030,307,4,0.011608958187952576,2
2030,307,5,0.09206727522664145,2
2030,307,6,0.010799024705057598,2
2030,307,8,0.5426464873832423,2
2030,307,9,0.10073323480405737,2
2030,307,11,0.17362037174373476,2
2030,307,13,0.04378828832696579,2
2030,308,1,0.012066367076910129,2
2030,308,3,0.014091831162853749,2
2030,308,4,0.07436267742251543,2
2030,308,5,0.6001257423840675,2
2030,308,6,0.032278657434082286,2
2030,308,8,0.010724937842451368,2
2030,308,9,0.055337130110537,2
2030,308,17,0.03291193178574392,2
2030,308,19,0.013222419214954853,2
2030,308,20,0.01011377422701596,2
2030,309,4,0.1002575617364287,2
2030,309,9,0.7059913533045334,2
2030,309,13,0.02379316390877563,2
2030,309,16,0.016555158912657773,2
2030,309,20,0.11235080277226434,2
2030,310,4,0.016182393242346674,2
2030,310,7,0.011702926558938172,2
2030,310,9,0.9028278700229095,2
2030,310,15,0.011056114605750955,2
2030,310,20,0.02139651586521407,2
2030,311,5,0.3210766771618676,2
2030,311,8,0.06107547429088397,2
2030,311,9,0.33831288880644533,2
2030,311,16,0.11825296834786383,2
2030,311,19,0.12702114218527194,2
2030,312,9,0.03430280925447228,2
2030,312,13,0.08633152428183336,2
2030,312,14,0.23152559120045,2
2030,312,18,0.6253809653767537,2
2030,313,2,0.018233228875940272,2
2030,313,4,0.11617925269809734,2
2030,313,6,0.04162919560982957,2
2030,313,8,0.1563202290739323,2
2030,313,9,0.1721799694530754,2
2030,313,13,0.4555503116830294,2
2030,314,1,0.13733588345336875,2
2030,314,3,0.16398168457116025,2
2030,314,6,0.37378128532354704,2
2030,314,10,0.12303764017691038,2
2030,314,19,0.19377405277265888,2
2030,315,1,0.9460183733398239,2
2030,316,4,0.5647129130167776,2
2030,316,9,0.10409271208258451,2
2030,316,11,0.01558280498605598,2
2030,316,13,0.2836724955272514,2
2030,317,3,0.1706730432150375,2
2030,317,5,0.5145424422400352,2
2030,317,18,0.11443763696341723,2
2030,317,19,0.17751867187457757,2
2030,318,1,0.23973580892798899,2
2030,318,8,0.08992944015024737,2
2030,318,10,0.0985962824023934,2
2030,318,16,0.4996726685750151,2
2030,318,17,0.06228667307478237,2
2030,319,1,0.43104680469963874,2
2030,319,8,0.025688696688790976,2
2030,319,10,0.5421920239039361,2
2030,320,1,0.9504614397957013,2
2030,320,16,0.0187362380427785,2
2030,321,1,0.7566390068963479,2
2030,321,3,0.017841837781534725,2
2030,321,6,0.024510207537638447,2
2030,321,11,0.05998354962946125,2
2030,321,16,0.13325791008945112,2
2030,322,4,0.5182753992279808,2
2030,322,9,0.03908014586701479,2
2030,322,13,0.3777464007024534,2
2030,323,1,0.042868948786971915,2
2030,323,3,0.018618183037605155,2
2030,323,10,0.22228503195645347,2
2030,323,16,0.17632267495028048,2
2030,323,19,0.539905161268689,2
2030,324,4,0.28005218944294896,2
2030,324,9,0.5099105791306495,2
2030,324,11,0.013104166217788838,2
2030,324,13,0.1769858426790366,2
2030,324,20,0.018796102467818588,2
2030,325,1,0.03244300840436649,2
2030,325,7,0.018075675135250623,2
2030,325,9,0.9067423465483136,2
2030,325,10,0.01692110843916068,2
2030,325,11,0.01034569665285978,2
2030,325,16,0.01087306766489488,2
2030,326,7,0.07376702591053497,2
2030,326,9,0.8669908535416145,2
2030,326,16,0.02825120668172659,2
2030,326,20,0.010358705662482362,2
2030,327,4,0.0342018483433322,2
2030,327,7,0.01168240829915985,2
2030,327,9,0.8879101660757424,2
2030,327,15,0.02625268275365213,2
2030,327,20,0.027152832908920496,2
2030,328,2,0.07463191321139438,2
2030,328,9,0.8508988869702474,2
2030,328,14,0.032476357844721575,2
2030,328,15,0.03466165861902933,2
2030,329,3,0.01980982826351032,2
2030,329,7,0.0811817330181424,2
2030,329,9,0.74462383109809,2
2030,329,15,0.04740282719055771,2
2030,329,16,0.04603138766659778,2
2030,330,4,0.029790146595186428,2
2030,330,7,0.024249216781160616,2
2030,330,9,0.8384421927936725,2
2030,330,15,0.0367363111054759,2
2030,330,20,0.05374451268141292,2
2030,331,9,0.964267942447827,2
2030,332,3,0.017657858936038343,2
2030,332,5,0.10218593428067002,2
2030,332,9,0.5464311999263954,2
2030,332,12,0.01710997605643331,2
2030,332,14,0.09079123571337509,2
2030,332,18,0.1944548314729232,2
2030,333,1,0.31066983452109037,2
2030,333,5,0.16135901641367092,2
2030,333,10,0.096294960731786,2
2030,333,12,0.08315453798040692,2
2030,333,16,0.34826946258080393,2
2030,334,1,0.3273978055230247,2
2030,334,7,0.0459377156116563,2
2030,334,10,0.07186163435140339,2
2030,334,11,0.04120316997334613,2
2030,334,16,0.06553732297478154,2
2030,334,17,0.4480623515657879,2
2030,335,2,0.05781674503487367,2
2030,335,4,0.059410582002577775,2
2030,335,9,0.30804742977823424,2
2030,335,11,0.09994963550001866,2
2030,335,18,0.44934947312148993,2
2030,336,6,0.2522808724947948,2
2030,336,9,0.02518342043434983,2
2030,336,13,0.15087877876537084,2
2030,336,14,0.11473829447590554,2
2030,336,18,0.354652129233725,2
2030,337,4,0.6459597156160086,2
2030,337,6,0.019240404440419263,2
2030,337,9,0.1495692702335957,2
2030,337,13,0.1647708372230445,2
2030,337,17,0.0146465103175216,2
2030,338,5,0.06924614506474049,2
2030,338,8,0.07038156799311046,2
2030,338,10,0.1445212371082221,2
2030,338,12,0.012374044620989011,2
2030,338,16,0.0266196051844726,2
2030,338,18,0.5964294343198239,2
2030,338,19,0.0804279657086413,2
2030,339,4,0.4051575235706987,2
2030,339,6,0.0209333647844424,2
2030,339,8,0.045568047827553027,2
2030,339,9,0.43399079896394005,2
2030,339,13,0.05823359746420755,2
2030,339,17,0.0361166673891584,2
2030,340,5,0.08075598462402964,2
2030,340,7,0.012021143410175817,2
2030,340,9,0.7203817545785814,2
2030,340,10,0.0313031439999738,2
2030,340,14,0.018311261680684587,2
2030,340,18,0.09101483180736479,2
2030,340,19,0.042292230050740766,2
2030,341,3,0.056306998103387455,2
2030,341,10,0.6797280215025624,2
2030,341,11,0.01393542040511373,2
2030,341,18,0.19609525364823654,2
2030,341,19,0.05026030728239365,2
2030,342,1,0.05445345902420907,2
2030,342,6,0.1009441978162198,2
2030,342,10,0.18158205256655918,2
2030,342,11,0.584606428510394,2
2030,342,16,0.07840296560118065,2
2030,343,1,0.23069358577333443,2
2030,343,3,0.01625889166089849,2
2030,343,6,0.444880589629381,2
2030,343,10,0.024476622020333464,2
2030,343,11,0.08472584279452794,2
2030,343,16,0.19896446812152457,2
2030,344,1,0.6886461422354307,2
2030,344,10,0.1378353661653334,2
2030,344,16,0.17351849159923585,2
2030,345,13,1.0,2
2030,346,1,0.5805592627018242,2
2030,346,5,0.11581983141952452,2
2030,346,6,0.017149116958690893,2
2030,346,9,0.010190567014586354,2
2030,346,11,0.07449867762834002,2
2030,346,12,0.02614003981449229,2
2030,346,16,0.14670801607193065,2
2030,346,18,0.02569150826428962,2
2030,347,1,0.14623113472724183,2
2030,347,7,0.03184803776848283,2
2030,347,8,0.09335411246463213,2
2030,347,10,0.07592888119436507,2
2030,347,11,0.4920540653302731,2
2030,347,12,0.12331768126931793,2
2030,347,17,0.03726608724568687,2
2030,348,1,0.5910164545111819,2
2030,348,8,0.051261574727832,2
2030,348,10,0.27373360393137186,2
2030,348,16,0.08398836682961426,2
2030,349,1,0.28940180056376513,2
2030,349,3,0.01137057277247845,2
2030,349,6,0.49949913381040767,2
2030,349,11,0.10935888195439333,2
2030,349,19,0.08025799394129379,2
2030,350,1,0.12550082205978003,2
2030,350,4,0.30434849319534757,2
2030,350,6,0.011666154288490367,2
2030,350,13,0.010554965301633926,2
2030,350,16,0.13543879926853444,2
2030,350,17,0.4050545738032623,2
2030,351,1,0.014933210325646854,2
2030,351,3,0.1738096774723288,2
2030,351,5,0.47891793802071514,2
2030,351,6,0.06657102319353393,2
2030,351,11,0.15737529489910185,2
2030,351,18,0.06266734190909719,2
2030,351,19,0.04293581865127497,2
2030,352,4,0.5073677587238525,2
2030,352,6,0.0604379792255083,2
2030,352,8,0.05605497897153433,2
2030,352,9,0.24568202308098677,2
2030,352,12,0.12636645594391238,2
2030,353,3,0.032509859639197176,2
2030,353,5,0.4810984953279698,2
2030,353,6,0.1420692542092948,2
2030,353,9,0.10135735863669573,2
2030,353,18,0.1919018164748038,2
2030,353,19,0.045886543544291905,2
2030,354,1,0.035526708872087726,2
2030,354,5,0.026399176638400395,2
2030,354,6,0.25479951515746313,2
2030,354,10,0.5077965050949098,2
2030,354,11,0.06504424179419335,2
2030,354,13,0.11012245234406305,2
2030,355,1,0.7368191164542697,2
2030,355,5,0.02162247719994961,2
2030,355,6,0.015766596969166522,2
2030,355,9,0.010787558281016626,2
2030,355,10,0.0419075667752814,2
2030,355,12,0.02027580787601633,2
2030,355,16,0.12276414419111528,2
2030,355,19,0.02270533776038832,2
2030,356,1,0.06358904589142603,2
2030,356,5,0.035229982490097615,2
2030,356,6,0.05007937997136856,2
2030,356,11,0.2831632459458172,2
2030,356,13,0.5414626124147336,2
2030,356,17,0.026475733286556898,2
2030,357,5,0.24287880584255278,2
2030,357,6,0.10472554210324715,2
2030,357,9,0.15063058507018467,2
2030,357,11,0.32487729584689307,2
2030,357,13,0.052569299364878995,2
2030,357,16,0.1225799274602834,2
2030,358,5,0.05270807879650526,2
2030,358,6,0.1972030166996076,2
2030,358,12,0.1732983717488171,2
2030,358,13,0.09416930696018043,2
2030,358,16,0.38852803206184355,2
2030,358,18,0.09409319373304599,2
2030,359,1,0.4605309673207394,2
2030,359,6,0.16247614974524513,2
2030,359,11,0.11969046837517619,2
2030,359,13,0.1489810504205866,2
2030,359,16,0.10832136413825273,2
2030,360,1,0.8677897210495475,2
2030,360,4,0.01263040542524967,2
2030,360,11,0.10253920993219406,2
2030,361,4,0.15255809580950627,2
2030,361,8,0.020561698725552226,2
2030,361,9,0.02928983743698479,2
2030,361,11,0.038676647159977796,2
2030,361,12,0.017465093470798616,2
2030,361,15,0.018595351494868406,2
2030,361,17,0.7193254192049753,2
2030,362,4,0.04912196845462778,2
2030,362,9,0.6074814916810406,2
2030,362,11,0.05443725727169681,2
2030,362,13,0.13262132602850582,2
2030,362,17,0.09688036033511854,2
2030,362,20,0.055063931167699406,2
2030,363,5,0.11661950535416547,2
2030,363,6,0.012348241343282882,2
2030,363,9,0.6321993662791897,2
2030,363,11,0.07984417912282613,2
2030,363,16,0.13008275557002935,2
2030,363,18,0.02297121394019304,2
2030,364,5,0.03247107337277455,2
2030,364,7,0.038104552776713554,2
2030,364,8,0.027657383323693698,2
2030,364,9,0.5958623495611322,2
2030,364,11,0.11553302437674697,2
2030,364,16,0.16159136756254172,2
2030,364,17,0.01149898069610819,2
2030,364,19,0.016183096012085438,2
2030,365,7,0.04815770342318978,2
2030,365,8,0.01892761603894746,2
2030,365,9,0.6397882517237478,2
2030,365,11,0.05251423348405859,2
2030,365,12,0.04835569476326606,2
2030,365,15,0.01829652293763709,2
2030,365,16,0.11633673398721858,2
2030,365,20,0.01693325129511468,2
2030,1,1,0.2804533993523867,3
2030,1,6,0.033327002588741696,3
2030,1,10,0.5573651628026324,3
2030,1,16,0.12422011496077953,3
2030,2,1,0.6653843837310324,3
2030,2,5,0.02897703212392339,3
2030,2,7,0.014812090569202272,3
2030,2,8,0.018044980390935404,3
2030,2,11,0.1899853423685413,3
2030,2,17,0.06016572623634601,3
2030,2,18,0.012060549874213587,3
2030,2,20,0.010569894705805606,3
2030,3,1,0.20119170965235664,3
2030,3,6,0.040258881158130796,3
2030,3,10,0.2772084592973343,3
2030,3,11,0.4627612985271572,3
2030,3,12,0.010520552526715427,3
2030,4,2,0.03240396772656853,3
2030,4,8,0.14897780662739177,3
2030,4,9,0.18623804279507516,3
2030,4,11,0.058240902554185243,3
2030,4,13,0.40604301194839987,3
2030,4,15,0.024883403527589054,3
2030,4,16,0.13539856556226024,3
2030,5,4,0.015306646838108739,3
2030,5,8,0.07276384184695384,3
2030,5,9,0.5584593273331477,3
2030,5,11,0.14353724426300685,3
2030,5,12,0.024836845852805992,3
2030,5,16,0.08396651724404391,3
2030,5,17,0.08925184412931637,3
2030,6,3,0.013436323664528979,3
2030,6,6,0.043957687675477156,3
2030,6,9,0.8273280264174664,3
2030,6,11,0.010696801376766131,3
2030,6,14,0.029984106070943036,3
2030,6,16,0.023370733411418865,3
2030,6,18,0.03849468471947772,3
2030,7,6,0.026530595859870245,3
2030,7,7,0.03676440786483526,3
2030,7,9,0.5375439802746952,3
2030,7,11,0.15443865317037345,3
2030,7,12,0.07905254940714772,3
2030,7,16,0.1655396614424652,3
2030,8,4,0.07600394819001,3
2030,8,9,0.553451339038689,3
2030,8,11,0.029154121430711475,3
2030,8,12,0.11797701322122722,3
2030,8,15,0.05689392652678991,3
2030,8,16,0.1265829776750284,3
2030,8,20,0.03586514021996116,3
2030,9,2,0.15184060006929667,3
2030,9,4,0.06409468808502537,3
2030,9,9,0.21526052315095345,3
2030,9,12,0.1301960847358065,3
2030,9,15,0.022392179568016552,3
2030,9,18,0.41306404311618,3
2030,10,6,0.04487322368758347,3
2030,10,7,0.12695430367001367,3
2030,10,9,0.6303141947517079,3
2030,10,11,0.0477406348887876,3
2030,10,12,0.04868386147214584,3
2030,10,13,0.026524244267826274,3
2030,10,16,0.0519603286806176,3
2030,10,20,0.020617280843787573,3
2030,11,2,0.07271128225561074,3
2030,11,6,0.026499965336638277,3
2030,11,7,0.02714017492503999,3
2030,11,9,0.8211236605337109,3
2030,11,20,0.051905654511294454,3
2030,12,5,0.02530953170379194,3
2030,12,6,0.021173531940791634,3
2030,12,7,0.027916387363760557,3
2030,12,9,0.8388183589297028,3
2030,12,11,0.02304790455493249,3
2030,12,16,0.049487258516128535,3
2030,12,18,0.010622814318247107,3
2030,13,5,0.04287018148086128,3
2030,13,9,0.32369162085905556,3
2030,13,11,0.03589659788883587,3
2030,13,12,0.1088972058513425,3
2030,13,16,0.014477639413456204,3
2030,13,18,0.4671801801024076,3
2030,14,4,0.07146920666939574,3
2030,14,6,0.07183592986448713,3
2030,14,8,0.07975941005929695,3
2030,14,9,0.2701667835738094,3
2030,14,11,0.10998542232772311,3
2030,14,12,0.20040846250185987,3
2030,14,16,0.02859397166681807,3
2030,14,17,0.14623953201630824,3
2030,15,2,0.014167441918176977,3
2030,15,9,0.21771109892899984,3
2030,15,12,0.1324596188179197,3
2030,15,13,0.07106839388430883,3
2030,15,14,0.023833051540827925,3
2030,15,18,0.4915241687674366,3
2030,16,1,0.417982922591214,3
2030,16,6,0.09883130643913782,3
2030,16,10,0.2587023163203795,3
2030,16,16,0.21383954910892267,3
2030,17,1,0.5874588890577788,3
2030,17,6,0.04991313301243359,3
2030,17,7,0.014641755482440351,3
2030,17,11,0.21060838561104941,3
2030,17,13,0.04832429686249274,3
2030,17,16,0.07630092974614425,3
2030,17,18,0.011802228856748854,3
2030,18,1,0.30046530685548717,3
2030,18,6,0.1474851022948696,3
2030,18,10,0.44652791966597266,3
2030,18,11,0.06908614911497811,3
2030,18,16,0.031105463194931893,3
2030,19,6,0.010220406006524184,3
2030,19,8,0.02469286535445117,3
2030,19,9,0.33809938923705124,3
2030,19,11,0.12088446205112323,3
2030,19,13,0.37835228792117415,3
2030,19,16,0.022149448853600935,3
2030,19,17,0.09990744388519363,3
2030,20,2,0.1375131655147177,3
2030,20,5,0.5676517690609635,3
2030,20,6,0.040128186357833974,3
2030,20,9,0.13168165905757698,3
2030,20,13,0.08511511523841112,3
2030,20,14,0.02624366217518851,3
2030,21,5,0.014594304151730034,3
2030,21,6,0.08467477125178999,3
2030,21,8,0.5304597842292254,3
2030,21,11,0.10546444218760494,3
2030,21,12,0.06591389265266828,3
2030,21,15,0.03572372522709963,3
2030,21,16,0.1631690802998815,3
2030,22,3,0.03097932645196957,3
2030,22,6,0.07864494108108279,3
2030,22,7,0.029985588060599897,3
2030,22,10,0.6460915440015621,3
2030,22,11,0.1276260524975007,3
2030,22,16,0.07904209772155052,3
2030,23,1,0.7800353416865519,3
2030,23,6,0.04372978238488883,3
2030,23,7,0.01913519644792754,3
2030,23,11,0.020719772938869133,3
2030,23,15,0.015061054670669323,3
2030,23,16,0.11223330287662335,3
2030,24,1,0.37669883819072736,3
2030,24,5,0.038377114743003655,3
2030,24,6,0.08205623455926499,3
2030,24,7,0.2469719828215161,3
2030,24,10,0.011396778828722913,3
2030,24,11,0.17661455481772015,3
2030,24,12,0.023412932904426184,3
2030,24,17,0.03979024768689737,3
2030,25,1,0.11423302932802532,3
2030,25,5,0.018019154425547548,3
2030,25,6,0.07236710627111344,3
2030,25,7,0.17150965180913208,3
2030,25,8,0.035905041300250004,3
2030,25,10,0.0630532591188336,3
2030,25,11,0.16155408539200217,3
2030,25,12,0.035824794449070496,3
2030,25,16,0.16418226803985012,3
2030,25,17,0.1633516098661752,3
2030,26,4,0.07338752778514826,3
2030,26,9,0.8370320552758233,3
2030,26,13,0.012195131674054505,3
2030,26,20,0.07666389521222781,3
2030,27,5,0.022028366267693174,3
2030,27,9,0.7332624136793323,3
2030,27,14,0.10241287212698935,3
2030,27,18,0.13213626860471586,3
2030,28,1,0.07541079296160354,3
2030,28,5,0.21862850618254281,3
2030,28,6,0.010228994453356765,3
2030,28,12,0.06324050814489642,3
2030,28,16,0.5046481380527184,3
2030,28,17,0.02510011022805378,3
2030,28,18,0.0958998181152134,3
2030,29,1,0.7436023160534045,3
2030,29,6,0.047800816922071346,3
2030,29,16,0.17217465479594007,3
2030,29,19,0.0225613565229195,3
2030,30,1,0.12952185690051854,3
2030,30,4,0.027550326850653402,3
2030,30,8,0.07312169438345986,3
2030,30,9,0.07959562776505576,3
2030,30,11,0.30095588395968553,3
2030,30,12,0.05446348580421696,3
2030,30,13,0.2338041286660512,3
2030,30,17,0.09931965861079296,3
2030,31,1,0.2650662583813857,3
2030,31,10,0.7005525976333984,3
2030,31,17,0.026061517696786086,3
2030,32,6,0.07245223652598855,3
2030,32,9,0.6093472441022219,3
2030,32,11,0.03264083428222505,3
2030,32,13,0.18384968994778933,3
2030,32,20,0.09662265824750949,3
2030,33,1,0.10201555966004833,3
2030,33,3,0.047736786927225,3
2030,33,6,0.028341338436875405,3
2030,33,10,0.10532305104400375,3
2030,33,16,0.09281057800761407,3
2030,33,18,0.6237726859242335,3
2030,34,4,0.3232031623315282,3
2030,34,9,0.19996838014368304,3
2030,34,13,0.19130654040683795,3
2030,34,20,0.2855219171179509,3
2030,35,5,0.5574648927573711,3
2030,35,6,0.03014090608275416,3
2030,35,7,0.08592230505533476,3
2030,35,8,0.028571467611597658,3
2030,35,15,0.141677299709545,3
2030,35,16,0.1369526858850448,3
2030,35,20,0.019270442898352284,3
2030,36,2,0.0464487201249831,3
2030,36,4,0.07717324790611835,3
2030,36,6,0.07444191112287442,3
2030,36,8,0.06691900714763448,3
2030,36,9,0.1655744301959466,3
2030,36,11,0.061882390692659016,3
2030,36,12,0.06801964479974294,3
2030,36,13,0.038730407523158615,3
2030,36,14,0.29326014302728964,3
2030,36,16,0.10635210989884303,3
2030,37,1,0.07426143993214546,3
2030,37,5,0.05173476187146077,3
2030,37,8,0.08524417232073761,3
2030,37,10,0.02388910668459894,3
2030,37,16,0.5410240182533047,3
2030,37,17,0.13048703586385957,3
2030,37,18,0.02590327496839387,3
2030,37,19,0.06154399129530765,3
2030,38,1,0.4190246544966931,3
2030,38,6,0.05899248804741516,3
2030,38,8,0.010565718969123401,3
2030,38,10,0.3026943473998372,3
2030,38,12,0.013196729898153762,3
2030,38,16,0.19202556188764666,3
2030,39,1,0.8402362219033748,3
2030,39,7,0.0237219591655485,3
2030,39,8,0.02530112862234645,3
2030,39,15,0.04055759496430226,3
2030,39,17,0.030368907600155468,3
2030,39,20,0.03556494010679852,3
2030,40,2,0.016074409499186516,3
2030,40,7,0.15210965463761184,3
2030,40,9,0.6953317902613131,3
2030,40,11,0.025078580230156185,3
2030,40,14,0.03812551756846852,3
2030,40,15,0.026354896040268826,3
2030,40,16,0.0370401555607905,3
2030,41,2,0.09957525851317546,3
2030,41,3,0.013896331801363931,3
2030,41,5,0.6873906210082621,3
2030,41,6,0.1336067396073377,3
2030,41,9,0.03125908440635542,3
2030,41,11,0.01002297550151279,3
2030,41,16,0.01570974348193934,3
2030,42,6,0.09142766995191706,3
2030,42,13,0.040833668898118625,3
2030,42,14,0.1011574178745397,3
2030,42,18,0.7131524375337153,3
2030,43,1,0.15861227189458194,3
2030,43,6,0.08553031628527803,3
2030,43,10,0.2561165242124061,3
2030,43,11,0.4554265600175988,3
2030,43,16,0.024882932706437263,3
2030,43,19,0.019431394883697887,3
2030,44,1,0.3817767042303619,3
2030,44,5,0.038532553964939036,3
2030,44,10,0.02406284158000643,3
2030,44,12,0.024398711451624228,3
2030,44,16,0.43417859203274717,3
2030,44,17,0.09704824521274628,3
2030,45,4,0.012984130404907958,3
2030,45,8,0.13633735213152096,3
2030,45,9,0.104105653581441,3
2030,45,11,0.04134748081060531,3
2030,45,13,0.5832918080320302,3
2030,45,15,0.08233582240991578,3
2030,45,16,0.033122794406904965,3
2030,46,4,0.05772740985136887,3
2030,46,9,0.713616471754562,3
2030,46,11,0.06316897647176739,3
2030,46,12,0.0232349344623892,3
2030,46,15,0.015337762602255492,3
2030,46,16,0.07186735403454449,3
2030,46,20,0.04447652095033685,3
2030,47,5,0.024619657329628515,3
2030,47,7,0.02448428452582671,3
2030,47,14,0.06390791366934252,3
2030,47,15,0.09034903366434129,3
2030,47,16,0.02997890434592304,3
2030,47,18,0.7476153154678356,3
2030,48,5,0.07307370426657402,3
2030,48,7,0.0441323410812167,3
2030,48,9,0.044115502965992016,3
2030,48,11,0.2430309598490823,3
2030,48,12,0.06553295165856032,3
2030,48,13,0.04112249523196267,3
2030,48,14,0.012771275233080512,3
2030,48,16,0.3788850130691252,3
2030,48,17,0.07105294707248773,3
2030,48,18,0.020753813635675654,3
2030,49,4,0.03245463718662555,3
2030,49,6,0.010250180828096514,3
2030,49,8,0.05210503819223885,3
2030,49,9,0.012007223697891157,3
2030,49,11,0.20492348594452992,3
2030,49,12,0.28431176632916483,3
2030,49,15,0.15246765348643954,3
2030,49,16,0.19545797385602745,3
2030,49,20,0.04706858972138535,3
2030,50,1,0.3855087913322978,3
2030,50,7,0.07372842033889707,3
2030,50,8,0.019227610749893913,3
2030,50,10,0.5215351775789112,3
2030,51,1,0.7274567599025064,3
2030,51,7,0.05504772316315951,3
2030,51,11,0.15953954993312075,3
2030,51,13,0.0383274652240066,3
2030,52,1,0.707405770167515,3
2030,52,6,0.09035008312070929,3
2030,52,11,0.0662926831174171,3
2030,52,16,0.13241374667218267,3
2030,53,1,0.772644491773007,3
2030,53,7,0.22735550822699296,3
2030,54,5,0.013646458693105903,3
2030,54,6,0.011497899928396166,3
2030,54,7,0.021107463714854027,3
2030,54,11,0.1811498926759523,3
2030,54,12,0.26132569576236375,3
2030,54,13,0.0319585556870448,3
2030,54,16,0.06057465881892617,3
2030,54,20,0.4187092246298117,3
2030,55,1,0.2596060011333106,3
2030,55,5,0.03012645253300783,3
2030,55,10,0.021560649215716956,3
2030,55,16,0.6054846319070315,3
2030,55,17,0.074581691686604,3
2030,56,1,0.41230631755650743,3
2030,56,6,0.017645915817919598,3
2030,56,7,0.23164614025335428,3
2030,56,16,0.3364212490658866,3
2030,57,1,0.5614841272785732,3
2030,57,7,0.07089179207386588,3
2030,57,8,0.023067482590291913,3
2030,57,11,0.07362802477539818,3
2030,57,17,0.26860306941356876,3
2030,58,5,0.1011183433267365,3
2030,58,7,0.10274511462428243,3
2030,58,11,0.028265550841614345,3
2030,58,16,0.45417062290352794,3
2030,58,17,0.03750058545036422,3
2030,58,18,0.10981319093049731,3
2030,58,19,0.16391799522733896,3
2030,59,1,0.1299282031797837,3
2030,59,6,0.011765660319632644,3
2030,59,7,0.3269293366481622,3
2030,59,10,0.016652560986823106,3
2030,59,11,0.1451489713895313,3
2030,59,12,0.06898431058227786,3
2030,59,16,0.2882640715403261,3
2030,60,1,0.16216805257029368,3
2030,60,5,0.07986586809550275,3
2030,60,7,0.2762847686802758,3
2030,60,8,0.08046405462743858,3
2030,60,10,0.03406156013313778,3
2030,60,11,0.1156872645645674,3
2030,60,12,0.0877458356183641,3
2030,60,17,0.1598545406204836,3
2030,61,1,0.6358726669452562,3
2030,61,5,0.07425859212270679,3
2030,61,8,0.17186369947078114,3
2030,61,16,0.1110738826347052,3
2030,62,1,0.39751213888614406,3
2030,62,6,0.03517312408371497,3
2030,62,10,0.3799102569868805,3
2030,62,16,0.1792116548149253,3
2030,63,1,0.2588777637502898,3
2030,63,3,0.1361997476145161,3
2030,63,7,0.11151167032526224,3
2030,63,11,0.1428412504286613,3
2030,63,13,0.02377494954799096,3
2030,63,16,0.2928424631245779,3
2030,63,20,0.02615277606443776,3
2030,64,4,0.06715663159545796,3
2030,64,5,0.014666083219890698,3
2030,64,7,0.523848302317451,3
2030,64,8,0.025488094114938926,3
2030,64,9,0.018787829942871582,3
2030,64,11,0.0949765974826213,3
2030,64,12,0.11409134493426307,3
2030,64,13,0.10528881018408727,3
2030,64,16,0.03569630620841813,3
2030,65,5,0.13317743722251119,3
2030,65,6,0.031001158055047492,3
2030,65,7,0.45724087222812043,3
2030,65,8,0.08762155412642667,3
2030,65,10,0.046938879607887424,3
2030,65,12,0.0853931892968878,3
2030,65,16,0.1484220317721603,3
2030,66,5,0.09020505256136292,3
2030,66,6,0.024818074599812598,3
2030,66,7,0.6109573098124788,3
2030,66,8,0.05927490001887807,3
2030,66,10,0.04668261487080805,3
2030,66,11,0.02047554352461081,3
2030,66,12,0.0971070101142286,3
2030,66,16,0.04844885701250382,3
2030,67,6,0.0618033493710679,3
2030,67,7,0.4643022604366593,3
2030,67,9,0.07926912381889832,3
2030,67,11,0.06534155498847437,3
2030,67,12,0.0987812896886399,3
2030,67,13,0.011809536494878167,3
2030,67,16,0.20950164900145452,3
2030,68,1,0.30652541836964853,3
2030,68,6,0.04219876860873659,3
2030,68,7,0.24243305238643667,3
2030,68,10,0.11699389432111308,3
2030,68,11,0.011023635490793353,3
2030,68,16,0.2672955393492431,3
2030,69,1,0.2603942460408956,3
2030,69,7,0.46241059612491076,3
2030,69,8,0.10574966713262922,3
2030,69,17,0.17144549070156434,3
2030,70,7,0.021973920434162682,3
2030,70,9,0.4435098917611577,3
2030,70,12,0.11420334214569275,3
2030,70,13,0.09610816186600181,3
2030,70,14,0.11524315658340839,3
2030,70,20,0.14719463072811312,3
2030,71,2,0.025079524170940035,3
2030,71,6,0.09841495299620572,3
2030,71,7,0.19747010998247339,3
2030,71,8,0.2543330485079134,3
2030,71,12,0.1519945386554376,3
2030,71,17,0.02478145356922217,3
2030,71,20,0.24792637211780777,3
2030,72,7,0.018903140674887065,3
2030,72,12,0.3090504560448294,3
2030,72,13,0.11020991833567777,3
2030,72,14,0.45303375863914724,3
2030,72,15,0.05981430416379793,3
2030,72,20,0.04069344833803873,3
2030,73,1,0.22670352639277194,3
2030,73,6,0.16851149202796567,3
2030,73,10,0.11620850905860572,3
2030,73,11,0.4038250146456489,3
2030,73,16,0.0847514578750078,3
2030,74,1,0.10911939825911707,3
2030,74,6,0.014820786999468788,3
2030,74,8,0.12991524123703602,3
2030,74,10,0.2621140346962845,3
2030,74,11,0.4412681464395526,3
2030,74,16,0.04239474268657871,3
2030,75,2,0.6599472313507226,3
2030,75,9,0.016753605492944735,3
2030,75,13,0.11050490213883951,3
2030,75,14,0.1597137401357164,3
2030,75,18,0.041757071563323755,3
2030,76,1,0.27863060686083274,3
2030,76,5,0.03292687662688571,3
2030,76,8,0.046500090745704444,3
2030,76,10,0.012181945223676115,3
2030,76,12,0.18321236824451964,3
2030,76,16,0.4048714994716572,3
2030,76,17,0.0333282085889597,3
2030,77,1,0.7576776746472426,3
2030,77,7,0.052736961845134614,3
2030,77,11,0.10572286272669361,3
2030,77,16,0.04642392139923663,3
2030,78,1,0.7142673398784719,3
2030,78,3,0.02590700723947978,3
2030,78,7,0.11637117771269126,3
2030,78,16,0.14345447516935705,3
2030,79,1,0.5493435498452959,3
2030,79,7,0.282958642535132,3
2030,79,11,0.16263579968398348,3
2030,80,5,0.015987424208859836,3
2030,80,6,0.1480655746174602,3
2030,80,8,0.08779421705185049,3
2030,80,9,0.054695275772647094,3
2030,80,12,0.07480233899803918,3
2030,80,16,0.04643970667346475,3
2030,80,20,0.5664397036273913,3
2030,81,2,0.5516942403397036,3
2030,81,4,0.01262609730069997,3
2030,81,6,0.04600458865120968,3
2030,81,8,0.04058112444408979,3
2030,81,9,0.2878286845150452,3
2030,81,13,0.03529481144999739,3
2030,82,4,0.06827247322009912,3
2030,82,8,0.04081432372600996,3
2030,82,9,0.7792508280277264,3
2030,82,15,0.02806994568832111,3
2030,82,20,0.04343429407889794,3
2030,83,2,0.24891882531943554,3
2030,83,9,0.5725519411351396,3
2030,83,14,0.12613123640691642,3
2030,83,15,0.017641390698048518,3
2030,84,2,0.7154017714148181,3
2030,84,4,0.08677548534533475,3
2030,84,11,0.07344227728568142,3
2030,84,15,0.054919229277929034,3
2030,85,2,0.6606513318677805,3
2030,85,4,0.01995069811400493,3
2030,85,8,0.18347045925945304,3
2030,85,15,0.019104193993420192,3
2030,85,16,0.07586963543221817,3
2030,86,2,0.08815986175102901,3
2030,86,3,0.03123106227040968,3
2030,86,7,0.07189515485837378,3
2030,86,8,0.021960983139507947,3
2030,86,9,0.6341031655780307,3
2030,86,15,0.05790993001630623,3
2030,86,20,0.08079603840389239,3
2030,87,2,0.051982372168150645,3
2030,87,4,0.08013484220211171,3
2030,87,6,0.033267833109051924,3
2030,87,8,0.026189695234417703,3
2030,87,9,0.17092377123493546,3
2030,87,16,0.037603021979106664,3
2030,87,18,0.5214775222785456,3
2030,88,1,0.06322359058948487,3
2030,88,3,0.14265910316896072,3
2030,88,6,0.09593451696010138,3
2030,88,16,0.23884582199795426,3
2030,88,18,0.4593124388397323,3
2030,89,1,0.9310130786137294,3
2030,89,7,0.01545363598215102,3
2030,90,1,0.7936017378557527,3
2030,90,7,0.1967058968421325,3
2030,91,1,0.1629800412204034,3
2030,91,7,0.8140650522189541,3
2030,92,2,0.2136905808748577,3
2030,92,4,0.06346326801952065,3
2030,92,6,0.06546885001590402,3
2030,92,8,0.03283808420964611,3
2030,92,9,0.04551310821563881,3
2030,92,14,0.3100753457699549,3
2030,92,15,0.018499679145547936,3
2030,92,16,0.06861272972031672,3
2030,92,20,0.18183835402861315,3
2030,93,3,0.12935845179059074,3
2030,93,7,0.18444169960971174,3
2030,93,14,0.5109306329333375,3
2030,93,16,0.07652031129446374,3
2030,93,18,0.013211872327998307,3
2030,93,19,0.08215242806927682,3
2030,94,4,0.020269085198607623,3
2030,94,6,0.10063378651306346,3
2030,94,7,0.11501693974791836,3
2030,94,11,0.07090446535811559,3
2030,94,13,0.06865490660768214,3
2030,94,15,0.4702137022013437,3
2030,94,17,0.04599436233469113,3
2030,94,20,0.10831275203857775,3
2030,95,4,0.023823024934629466,3
2030,95,6,0.01876612540167178,3
2030,95,7,0.03216669756712584,3
2030,95,9,0.7278745271822838,3
2030,95,13,0.026235435769125903,3
2030,95,20,0.12506475050862112,3
2030,96,2,0.6970271655564433,3
2030,96,5,0.030909476130055603,3
2030,96,8,0.04397191146198457,3
2030,96,9,0.11736083020262891,3
2030,96,11,0.01544260189410603,3
2030,96,16,0.03305816100860359,3
2030,97,2,0.7484323272647426,3
2030,97,4,0.12016188762397954,3
2030,97,8,0.0282166180700664,3
2030,97,11,0.020692384662564005,3
2030,97,15,0.024139113572658282,3
2030,97,20,0.015460671656811118,3
2030,98,2,0.7728766121454296,3
2030,98,9,0.06288077636380708,3
2030,98,18,0.024438310366692008,3
2030,99,2,0.13145420064937322,3
2030,99,3,0.1526249337027734,3
2030,99,5,0.22543894725748903,3
2030,99,7,0.12243587856953497,3
2030,99,14,0.14598724091580398,3
2030,99,15,0.13834465280278888,3
2030,99,16,0.0837141461022366,3
2030,100,2,0.06450395212163951,3
2030,100,6,0.06472975725849539,3
2030,100,9,0.13959712037619035,3
2030,100,11,0.036734003463283156,3
2030,100,13,0.03469439116814466,3
2030,100,14,0.16215862322388006,3
2030,100,15,0.2108905910425435,3
2030,100,16,0.12116452892313416,3
2030,100,18,0.01326783202417692,3
2030,100,20,0.15225920039851237,3
2030,101,1,0.025075517427552273,3
2030,101,2,0.03757375613718868,3
2030,101,3,0.06970403378560082,3
2030,101,6,0.10332418985025542,3
2030,101,8,0.1770890442659697,3
2030,101,17,0.1179000462393748,3
2030,101,18,0.398263718956566,3
2030,102,2,0.8464228476094537,3
2030,102,4,0.053781052077276584,3
2030,102,13,0.07641522210587605,3
2030,102,20,0.015626344466928146,3
2030,103,6,0.010002269718380658,3
2030,103,7,0.06694970084702367,3
2030,103,14,0.9014380653471551,3
2030,104,6,0.1139685343921617,3
2030,104,7,0.1623299871855466,3
2030,104,8,0.02407803944505035,3
2030,104,11,0.059923911321999014,3
2030,104,15,0.4563374425138531,3
2030,104,16,0.15820170073564227,3
2030,104,17,0.025108748858494862,3
2030,105,4,0.02562986428555712,3
2030,105,6,0.08036983839247071,3
2030,105,9,0.21146097901842936,3
2030,105,13,0.03934253800451166,3
2030,105,14,0.489676911566418,3
2030,105,18,0.026569303994074093,3
2030,106,2,0.03339811186006078,3
2030,106,6,0.01187536137555212,3
2030,106,9,0.498713109174592,3
2030,106,13,0.01789820651509108,3
2030,106,14,0.07426356395435015,3
2030,106,15,0.024159632333802163,3
2030,106,16,0.013059176180618982,3
2030,106,20,0.24887798862538088,3
2030,107,3,0.28190775227477793,3
2030,107,5,0.011770535155619303,3
2030,107,7,0.16058849893176222,3
2030,107,10,0.04419169960946366,3
2030,107,15,0.025221899622595897,3
2030,107,16,0.2493619990119435,3
2030,107,19,0.21233782945724863,3
2030,108,5,0.10532442784842756,3
2030,108,7,0.34961024915392164,3
2030,108,11,0.02362506115474163,3
2030,108,14,0.08054182054015897,3
2030,108,15,0.08221762142455341,3
2030,108,16,0.23155894721361872,3
2030,108,19,0.11991401161953588,3
2030,109,6,0.16521671062291557,3
2030,109,7,0.05383419855014449,3
2030,109,11,0.03074978656844547,3
2030,109,15,0.5522044829818243,3
2030,109,16,0.18054767047979622,3
2030,109,18,0.013883199703026847,3
2030,110,2,0.20978887792299625,3
2030,110,6,0.10616046516142347,3
2030,110,8,0.08672689571532724,3
2030,110,9,0.09836055369004905,3
2030,110,15,0.18148653787554983,3
2030,110,16,0.05116973580728794,3
2030,110,17,0.023297769958520405,3
2030,110,18,0.09808114578009253,3
2030,110,20,0.1335482007143566,3
2030,111,2,0.43393841413523576,3
2030,111,3,0.14332172522475226,3
2030,111,8,0.038621784276754605,3
2030,111,14,0.336905036563951,3
2030,111,20,0.03661925654516728,3
2030,112,6,0.014090241753333855,3
2030,112,7,0.017786333981563873,3
2030,112,14,0.4084865465005792,3
2030,112,15,0.372349612009788,3
2030,112,20,0.18728726575473498,3
2030,113,1,0.22996205717281448,3
2030,113,7,0.10588461428153065,3
2030,113,11,0.08891662865758973,3
2030,113,12,0.06000629397353948,3
2030,113,16,0.45258446608238223,3
2030,113,17,0.050233860944055166,3
2030,114,1,0.31846016637566005,3
2030,114,11,0.08352649650969396,3
2030,114,16,0.22869784980458516,3
2030,114,17,0.35537464839761135,3
2030,115,2,0.29033439033653724,3
2030,115,3,0.0562009213585999,3
2030,115,6,0.08890504466696517,3
2030,115,14,0.3742491131000951,3
2030,115,19,0.01019954706969754,3
2030,115,20,0.18011098346810486,3
2030,116,2,0.12569506780058726,3
2030,116,3,0.15392370643226885,3
2030,116,7,0.39423108127036793,3
2030,116,10,0.1039443374186542,3
2030,116,14,0.043957328253454796,3
2030,116,16,0.08999024322915221,3
2030,116,18,0.03369709577783859,3
2030,116,19,0.05456113981767618,3
2030,117,2,0.46914363476560417,3
2030,117,4,0.0787532731052704,3
2030,117,6,0.07385361342081594,3
2030,117,11,0.10805182785014286,3
2030,117,13,0.09498867228015581,3
2030,117,16,0.06969161074149423,3
2030,117,20,0.01068236185183613,3
2030,118,6,0.01838371305212459,3
2030,118,8,0.021527866369781927,3
2030,118,14,0.8722400397976726,3
2030,118,16,0.016446881153277575,3
2030,118,17,0.0349596112833031,3
2030,118,19,0.025732065359105914,3
2030,119,3,0.027424554456926608,3
2030,119,7,0.1092633312639407,3
2030,119,11,0.08122518985000499,3
2030,119,15,0.10584385339370848,3
2030,119,16,0.40461110301313596,3
2030,119,20,0.24011313699187783,3
2030,120,4,0.207552725271711,3
2030,120,9,0.2553722777173034,3
2030,120,12,0.01808631144541046,3
2030,120,15,0.04169521317667334,3
2030,120,16,0.038694789000476085,3
2030,120,20,0.3414032609029408,3
2030,121,3,0.051220500489959006,3
2030,121,5,0.06681427279721856,3
2030,121,7,0.11153577754486221,3
2030,121,9,0.4920360589920188,3
2030,121,11,0.06808333369436292,3
2030,121,19,0.09404460253741043,3
2030,122,2,0.09984196153840827,3
2030,122,3,0.16223636840925693,3
2030,122,7,0.2824077235065921,3
2030,122,14,0.20094510564973767,3
2030,122,16,0.25199283733595756,3
2030,123,6,0.019068166124879053,3
2030,123,9,0.10172816095616502,3
2030,123,11,0.19228214735025037,3
2030,123,13,0.09837877028111208,3
2030,123,16,0.03370627493699862,3
2030,123,18,0.10941969344208416,3
2030,123,20,0.4220084225782635,3
2030,124,2,0.6535847689458217,3
2030,124,4,0.055394125242651804,3
2030,124,15,0.06731231648162905,3
2030,124,16,0.06833770959073285,3
2030,124,20,0.08554678997858704,3
2030,125,2,0.7683080209188801,3
2030,125,4,0.03486540527836904,3
2030,125,8,0.05471177237285119,3
2030,125,11,0.019214687183079806,3
2030,125,17,0.013052680952019252,3
2030,126,3,0.18316785364400737,3
2030,126,6,0.05661044885417819,3
2030,126,12,0.018660554534821034,3
2030,126,14,0.1433860713838986,3
2030,126,18,0.44119321901806047,3
2030,127,9,0.021786997100888637,3
2030,127,11,0.11269547409607444,3
2030,127,12,0.01714236145993522,3
2030,127,13,0.17742211415123257,3
2030,127,14,0.01682875444292318,3
2030,127,16,0.1445799262447571,3
2030,127,20,0.450578763380888,3
2030,128,6,0.11368187469342245,3
2030,128,7,0.07499805292613328,3
2030,128,14,0.06860476984060349,3
2030,128,15,0.4970553421806423,3
2030,128,16,0.0946067458328239,3
2030,128,18,0.09094812120701043,3
2030,128,20,0.05330382956335111,3
2030,129,3,0.037177792534073856,3
2030,129,6,0.16423835898547362,3
2030,129,9,0.6061902376734838,3
2030,129,13,0.01814034433578055,3
2030,129,20,0.05456865433803946,3
2030,130,2,0.5392736751170769,3
2030,130,3,0.03576630455610262,3
2030,130,7,0.12092583308812126,3
2030,130,8,0.05574013306685718,3
2030,130,10,0.04044603435109095,3
2030,130,16,0.03208688433902128,3
2030,130,17,0.05281710023744164,3
2030,130,19,0.059972708059622494,3
2030,131,1,0.07480511620714195,3
2030,131,2,0.6506567824501946,3
2030,131,7,0.04402116047070301,3
2030,131,8,0.07539534637216419,3
2030,131,10,0.03360765840515872,3
2030,131,15,0.021272528704107393,3
2030,132,3,0.5239854940105008,3
2030,132,4,0.015527287338861448,3
2030,132,5,0.11757407205345415,3
2030,132,9,0.05365064617234062,3
2030,132,11,0.06713409553300478,3
2030,132,12,0.03730087471288789,3
2030,132,14,0.13718002864349868,3
2030,132,15,0.036693504192875495,3
2030,133,4,0.10774719271557759,3
2030,133,6,0.014064428448436335,3
2030,133,9,0.07497455030885193,3
2030,133,16,0.04008569858737535,3
2030,133,17,0.04519625049820039,3
2030,133,19,0.10383160072909359,3
2030,133,20,0.5520022598865161,3
2030,134,1,0.020187645187059403,3
2030,134,2,0.6629379325841059,3
2030,134,8,0.04609090838173466,3
2030,134,11,0.025532009895380643,3
2030,134,16,0.07717941638726847,3
2030,134,17,0.051083963279869624,3
2030,134,19,0.013087653071743742,3
2030,135,3,0.1920225218711525,3
2030,135,7,0.09171198500885476,3
2030,135,14,0.7074947337104327,3
2030,136,1,0.3154673833639589,3
2030,136,3,0.08856319099735528,3
2030,136,7,0.016933819121287073,3
2030,136,14,0.016027759642760292,3
2030,136,16,0.5116332564204712,3
2030,136,19,0.042370568137240654,3
2030,137,1,0.17864635665746104,3
2030,137,6,0.09657561926106129,3
2030,137,7,0.6897110617084414,3
2030,137,16,0.03506696237303611,3
2030,138,2,0.010567504872763011,3
2030,138,9,0.2022469283179811,3
2030,138,13,0.21335346037056188,3
2030,138,14,0.066039193915885,3
2030,138,20,0.4446143573278021,3
2030,139,1,0.04104037990150186,3
2030,139,3,0.12697055677047955,3
2030,139,7,0.050463809914543745,3
2030,139,10,0.13346055143693963,3
2030,139,16,0.6439225735974552,3
2030,140,1,0.8232830427933037,3
2030,140,7,0.1060586843719945,3
2030,141,1,0.5733302207902814,3
2030,141,7,0.053078730595751016,3
2030,141,11,0.2731559618732287,3
2030,141,16,0.049199078379489045,3
2030,142,2,0.012698894583779562,3
2030,142,7,0.03549561294058889,3
2030,142,11,0.12127903898382907,3
2030,142,13,0.3882165329269914,3
2030,142,14,0.062319663254796855,3
2030,142,16,0.20270554605646998,3
2030,142,18,0.08549084039990033,3
2030,143,11,0.1381643624234793,3
2030,143,15,0.04875510754365267,3
2030,143,16,0.6737210569042896,3
2030,143,20,0.12808666815080302,3
2030,144,2,0.12387767232241696,3
2030,144,9,0.09909202612755087,3
2030,144,11,0.08716508446008638,3
2030,144,13,0.2999051772008173,3
2030,144,15,0.03533963262504432,3
2030,144,16,0.26978319166475967,3
2030,145,1,0.028106004278076004,3
2030,145,3,0.06017188792097207,3
2030,145,6,0.07599384603155422,3
2030,145,7,0.08832849327477484,3
2030,145,9,0.4931609805392168,3
2030,145,16,0.09579494203438663,3
2030,145,20,0.0440439689787823,3
2030,146,2,0.011236727894985579,3
2030,146,4,0.01792350244292836,3
2030,146,7,0.10210923769754614,3
2030,146,9,0.5762345378119512,3
2030,146,20,0.1722565367957706,3
2030,147,3,0.10209425428596007,3
2030,147,7,0.10065913004385159,3
2030,147,14,0.05458056421460132,3
2030,147,15,0.11269464200600096,3
2030,147,16,0.04054894369782858,3
2030,147,18,0.4504372896798021,3
2030,148,2,0.12499278955443628,3
2030,148,3,0.019488633915982094,3
2030,148,6,0.030739270832620635,3
2030,148,7,0.13773229736431297,3
2030,148,11,0.039862127368144866,3
2030,148,14,0.33552027465610285,3
2030,148,16,0.1985215439485406,3
2030,148,20,0.11314306235985973,3
2030,149,2,0.03165659202025237,3
2030,149,3,0.06657839908834227,3
2030,149,9,0.04311655826616254,3
2030,149,11,0.04861054042732178,3
2030,149,13,0.03495140321113912,3
2030,149,16,0.5425391761400666,3
2030,149,17,0.11862248878255374,3
2030,149,18,0.07134133515285214,3
2030,149,20,0.012911003551209919,3
2030,150,2,0.01176207896488579,3
2030,150,6,0.0879706852935173,3
2030,150,9,0.19516268697391334,3
2030,150,14,0.02714545429680041,3
2030,150,16,0.029974088576877087,3
2030,150,18,0.1754403401024953,3
2030,150,20,0.4356114338500016,3
2030,151,3,0.031547208905512866,3
2030,151,7,0.1481716974242308,3
2030,151,11,0.06425276100003378,3
2030,151,14,0.16485281028712384,3
2030,151,15,0.1190630407573193,3
2030,151,16,0.05511711661612323,3
2030,151,18,0.3854765750065057,3
2030,152,1,0.0807700930023411,3
2030,152,3,0.08637922268933049,3
2030,152,6,0.19141421887258164,3
2030,152,16,0.626612659521086,3
2030,153,2,0.5900329224285442,3
2030,153,6,0.023301305951970396,3
2030,153,20,0.38548984689152843,3
2030,154,1,0.035499837356928694,3
2030,154,3,0.6998056055294349,3
2030,154,7,0.078474877320814,3
2030,154,10,0.1635672724854947,3
2030,154,15,0.019910932239167137,3
2030,155,6,0.03420562397875052,3
2030,155,7,0.671120196494133,3
2030,155,11,0.15738495251786747,3
2030,155,13,0.08031313800737958,3
2030,155,16,0.03427766424907626,3
2030,156,2,0.19758858421251718,3
2030,156,7,0.17112674264385264,3
2030,156,15,0.02827604674955225,3
2030,156,16,0.42688868406251673,3
2030,156,20,0.1761199423315612,3
2030,157,1,0.012295059917355725,3
2030,157,2,0.6140387919545192,3
2030,157,6,0.014646533494015132,3
2030,157,7,0.04029350775340174,3
2030,157,8,0.05044861709868966,3
2030,157,11,0.01712750093862491,3
2030,157,16,0.13207095317513085,3
2030,157,17,0.025118010004990282,3
2030,157,20,0.05331205299127385,3
2030,158,2,0.045377147670636206,3
2030,158,3,0.02973845830294415,3
2030,158,7,0.07509071471805612,3
2030,158,9,0.657207655500264,3
2030,158,15,0.02635551634624835,3
2030,158,20,0.0689998972305627,3
2030,159,4,0.01915648871946403,3
2030,159,5,0.055465136081287614,3
2030,159,8,0.2250506606643186,3
2030,159,9,0.1015278341646323,3
2030,159,14,0.38479560094135623,3
2030,159,15,0.019855922024715936,3
2030,159,16,0.030019652770842998,3
2030,159,19,0.06666141502742375,3
2030,160,8,0.1943076179600759,3
2030,160,10,0.19657447564762334,3
2030,160,11,0.4748187930178318,3
2030,160,12,0.04776757828845602,3
2030,160,16,0.02130680028609851,3
2030,161,2,0.5695052004515668,3
2030,161,4,0.13704985856372473,3
2030,161,15,0.0441078913803629,3
2030,161,17,0.028053545030063853,3
2030,161,20,0.10265687997155729,3
2030,162,2,0.1754670366259926,3
2030,162,3,0.09170403081932774,3
2030,162,9,0.47944128186763946,3
2030,162,15,0.12304241579691602,3
2030,163,2,0.5773449035222411,3
2030,163,6,0.04474346912283063,3
2030,163,9,0.09355481014044546,3
2030,163,18,0.12831922576335034,3
2030,163,19,0.01520612580418058,3
2030,164,1,0.01404357568963403,3
2030,164,3,0.4341099502241595,3
2030,164,7,0.17857367698709298,3
2030,164,10,0.37327279709911343,3
2030,165,1,0.8514878910008217,3
2030,165,7,0.13379356715269908,3
2030,166,1,0.13392724172818507,3
2030,166,7,0.3108106807168576,3
2030,166,11,0.13555523805334607,3
2030,166,17,0.3708069446699577,3
2030,166,20,0.03617879294766581,3
2030,167,2,0.5973651896238563,3
2030,167,4,0.14272231983463102,3
2030,167,9,0.061939523941616524,3
2030,167,13,0.06610385684711977,3
2030,168,2,0.7869695728088247,3
2030,168,10,0.023960955247229212,3
2030,168,18,0.010596555423643529,3
2030,169,2,0.08395145084939988,3
2030,169,3,0.49567043310822223,3
2030,169,7,0.14433752793050433,3
2030,169,10,0.04272539716365316,3
2030,169,14,0.18394629113683056,3
2030,169,15,0.048913547321337465,3
2030,170,2,0.012261390426224122,3
2030,170,6,0.013830183378304125,3
2030,170,7,0.682386792163099,3
2030,170,11,0.0537304059198457,3
2030,170,14,0.035354180218137986,3
2030,170,16,0.1893382388942217,3
2030,171,2,0.1031883854437188,3
2030,171,7,0.17918980544563523,3
2030,171,14,0.13133080698503358,3
2030,171,16,0.4163558419972406,3
2030,171,20,0.1679482832193977,3
2030,172,2,0.15355511507757533,3
2030,172,7,0.30173372866516995,3
2030,172,14,0.11956350929691871,3
2030,172,16,0.4251476469603362,3
2030,173,2,0.05527534891036523,3
2030,173,6,0.17840376840562072,3
2030,173,11,0.02692701319621063,3
2030,173,14,0.11281636949549939,3
2030,173,15,0.5598565931963438,3
2030,173,16,0.013291437302792202,3
2030,173,20,0.05311372235785399,3
2030,174,2,0.6464448147668582,3
2030,174,7,0.10580513690358968,3
2030,174,15,0.09818243023172477,3
2030,174,16,0.01424462447806017,3
2030,174,20,0.10524865035916256,3
2030,175,2,0.8128587515824958,3
2030,175,4,0.03402510598015797,3
2030,175,15,0.017912959032546805,3
2030,175,20,0.04184832974635563,3
2030,176,2,0.8935888629271111,3
2030,176,4,0.0131068765613669,3
2030,176,8,0.011640711690495997,3
2030,177,2,0.9817415153262811,3
2030,178,2,1.0,3
2030,179,2,0.7156807121636501,3
2030,179,5,0.049104293845718794,3
2030,179,6,0.01795104215374681,3
2030,179,9,0.010747214680461754,3
2030,179,11,0.013522895495391247,3
2030,179,14,0.011552647808894487,3
2030,179,16,0.021145547596224126,3
2030,179,18,0.11959400808801667,3
2030,180,2,0.6844587401569736,3
2030,180,3,0.04067847961607855,3
2030,180,6,0.08973077115842262,3
2030,180,16,0.06372960942332147,3
2030,180,18,0.042396344745470486,3
2030,181,1,0.03359103595366857,3
2030,181,4,0.03427624181309826,3
2030,181,7,0.08995164644084792,3
2030,181,9,0.559728884314657,3
2030,181,11,0.08489146027122581,3
2030,181,16,0.014232407022579734,3
2030,181,20,0.05476372119310289,3
2030,182,2,0.09707866860274536,3
2030,182,3,0.061692208699992444,3
2030,182,7,0.02468100278420549,3
2030,182,9,0.44673319175528703,3
2030,182,14,0.05902847008921139,3
2030,182,15,0.07352871973072762,3
2030,182,20,0.06142702292560633,3
2030,183,1,0.019772478282667795,3
2030,183,2,0.7052996834976295,3
2030,183,4,0.02575050302725069,3
2030,183,17,0.0472027648442912,3
2030,183,20,0.10304506290473783,3
2030,184,2,0.8349998927871495,3
2030,184,7,0.01726830391541707,3
2030,184,15,0.029525929213637826,3
2030,184,16,0.05359150499487664,3
2030,185,2,0.17146170919271414,3
2030,185,3,0.4533538874894954,3
2030,185,8,0.014002929839514778,3
2030,185,9,0.0427805494859908,3
2030,185,15,0.057941568204181525,3
2030,185,16,0.03156575453754068,3
2030,185,19,0.20602851287302706,3
2030,186,2,0.7339117257851057,3
2030,186,7,0.07958509142694083,3
2030,186,11,0.010561837263728734,3
2030,186,14,0.030209694917188577,3
2030,186,20,0.10907047666290214,3
2030,187,3,0.48262620795011896,3
2030,187,6,0.1216822036076452,3
2030,187,7,0.1486347461704481,3
2030,187,14,0.07944659578633642,3
2030,187,16,0.03879786681256483,3
2030,187,20,0.11976579508113537,3
2030,188,1,0.014789468751937549,3
2030,188,2,0.13630088167840038,3
2030,188,3,0.014114946809477462,3
2030,188,6,0.08168069007376458,3
2030,188,7,0.6049831414190693,3
2030,188,9,0.028667558670509137,3
2030,188,20,0.0492174207572285,3
2030,189,2,0.5002704959846674,3
2030,189,4,0.02070731520719686,3
2030,189,7,0.018389004946049937,3
2030,189,8,0.014676633395283897,3
2030,189,15,0.04744847529701478,3
2030,189,20,0.3074309632999906,3
2030,190,2,0.7558972809366853,3
2030,190,15,0.14253494889168555,3
2030,191,2,0.01421141450272203,3
2030,191,9,0.04306255816798941,3
2030,191,15,0.7323682007382548,3
2030,191,18,0.10864361259638886,3
2030,191,19,0.06955778174860763,3
2030,192,2,0.6594028412945088,3
2030,192,5,0.06539878553623588,3
2030,192,9,0.08432372893803398,3
2030,192,11,0.0425301217191627,3
2030,192,12,0.021752867218793395,3
2030,192,16,0.01856791949049762,3
2030,193,1,0.040395616946729,3
2030,193,3,0.04407434852255913,3
2030,193,7,0.0823686802605425,3
2030,193,9,0.6770104865652772,3
2030,193,10,0.0127978747218455,3
2030,193,20,0.013740695811560785,3
2030,194,2,0.08329235624148908,3
2030,194,3,0.1527046843190889,3
2030,194,5,0.24999671324850478,3
2030,194,7,0.2709804184889643,3
2030,194,14,0.06230929859613849,3
2030,194,15,0.0939043498491137,3
2030,194,16,0.011609695423894627,3
2030,194,20,0.033036760877725335,3
2030,195,5,0.01658854882548295,3
2030,195,7,0.6464840463732808,3
2030,195,8,0.1790606669566279,3
2030,195,9,0.037874583121694165,3
2030,195,10,0.01700701690481546,3
2030,196,1,0.14402071959518103,3
2030,196,5,0.08117114688029013,3
2030,196,7,0.020156028899981866,3
2030,196,8,0.04660735295208534,3
2030,196,10,0.014394888770783999,3
2030,196,16,0.5794191525687659,3
2030,196,17,0.032331263121483225,3
2030,197,20,1.0,3
2030,198,2,0.12371580608976908,3
2030,198,9,0.12562892174446377,3
2030,198,15,0.6927004529573905,3
2030,198,16,0.033303615047362095,3
2030,199,2,0.9180757876545494,3
2030,199,11,0.016517187573548364,3
2030,199,16,0.01742773095141543,3
2030,200,2,0.017672294965053185,3
2030,200,6,0.030992246215599054,3
2030,200,7,0.07836398462945417,3
2030,200,13,0.03214172974917062,3
2030,200,14,0.7712986440165892,3
2030,200,20,0.06953110042413375,3
2030,201,6,0.04468057312971689,3
2030,201,11,0.06943575856983114,3
2030,201,14,0.11795287684240231,3
2030,201,16,0.25249832798515204,3
2030,201,18,0.1070025149666632,3
2030,201,20,0.38323307704758036,3
2030,202,4,0.03619075441131562,3
2030,202,6,0.06386725726222765,3
2030,202,9,0.0948337893526614,3
2030,202,11,0.060899233331135616,3
2030,202,13,0.03053489336344234,3
2030,202,15,0.7136740722792172,3
2030,203,2,0.6019670645121541,3
2030,203,3,0.14505016476619126,3
2030,203,10,0.027233859185010943,3
2030,203,15,0.013433002325528187,3
2030,203,16,0.040465309487887756,3
2030,203,19,0.11320945312072674,3
2030,204,3,0.18544545514954522,3
2030,204,5,0.27831858153725236,3
2030,204,7,0.12410006019295781,3
2030,204,11,0.17095513582733574,3
2030,204,14,0.15885836752773727,3
2030,204,16,0.054457166180016114,3
2030,205,4,0.03641500776337575,3
2030,205,7,0.061975645883194916,3
2030,205,8,0.40937543256768516,3
2030,205,15,0.01736188677568897,3
2030,205,16,0.3007928527304898,3
2030,205,20,0.17407917427956546,3
2030,206,2,0.1891321014534315,3
2030,206,3,0.18903409440207578,3
2030,206,7,0.03510218404469084,3
2030,206,15,0.24721219164955935,3
2030,206,17,0.0386519226057929,3
2030,206,18,0.0797826488819643,3
2030,206,19,0.15055276078195481,3
2030,207,1,0.04899328124594012,3
2030,207,2,0.7759166723832942,3
2030,207,7,0.020157513347645244,3
2030,207,16,0.05497938111596127,3
2030,208,1,0.025226878585129855,3
2030,208,2,0.777466503193305,3
2030,208,3,0.021893262987254854,3
2030,208,10,0.020477165984100206,3
2030,208,16,0.028956966560385648,3
2030,209,2,0.8620405406751881,3
2030,209,4,0.012387578920869854,3
2030,209,17,0.012534480879692724,3
2030,210,2,0.15430554894189116,3
2030,210,3,0.5916150850077873,3
2030,210,7,0.028696616959343054,3
2030,210,14,0.08999225717011462,3
2030,210,15,0.07406501009242655,3
2030,210,19,0.02456691308712596,3
2030,211,4,0.10169374159470905,3
2030,211,9,0.47143389691832194,3
2030,211,20,0.2424448100350585,3
2030,212,2,0.30083768346942036,3
2030,212,9,0.4828862598892076,3
2030,212,15,0.034110026788347736,3
2030,213,2,0.6702132789046273,3
2030,213,6,0.03246934534534378,3
2030,213,9,0.09485724093616645,3
2030,213,18,0.01638647410721844,3
2030,213,19,0.03715428532717104,3
2030,214,1,0.02488352046366809,3
2030,214,2,0.8236721814313012,3
2030,215,1,0.0123153642168804,3
2030,215,2,0.8522780474614379,3
2030,216,2,0.8811211228021323,3
2030,216,8,0.018881970793835277,3
2030,217,2,0.8800606442313629,3
2030,218,2,0.0883357165749668,3
2030,218,3,0.14310761046044837,3
2030,218,7,0.027960865486744486,3
2030,218,14,0.6823098804829171,3
2030,218,15,0.05828592699492295,3
2030,219,6,0.21378310098639178,3
2030,219,7,0.016386162279645785,3
2030,219,11,0.12243009243952034,3
2030,219,15,0.5011802841630801,3
2030,219,16,0.14622036013136208,3
2030,220,3,0.21795859560372852,3
2030,220,7,0.22654497018559372,3
2030,220,10,0.010201271466215717,3
2030,220,14,0.08334648712501196,3
2030,220,16,0.058504523142384524,3
2030,220,19,0.4034441524770656,3
2030,221,1,0.02855360532150975,3
2030,221,3,0.036566740029885275,3
2030,221,7,0.16253925131861785,3
2030,221,11,0.09582158996164293,3
2030,221,13,0.4187439664464195,3
2030,221,16,0.0107227698397546,3
2030,221,17,0.06643934079599928,3
2030,221,19,0.045404320684097506,3
2030,222,4,0.46802584210152015,3
2030,222,6,0.013691432360795452,3
2030,222,8,0.04657116487665248,3
2030,222,9,0.13750530591522947,3
2030,222,12,0.031485949843967215,3
2030,222,16,0.11511702481759532,3
2030,222,18,0.06342827653682212,3
2030,223,1,0.021116564897714078,3
2030,223,7,0.10068885186471374,3
2030,223,10,0.6261752116176142,3
2030,223,11,0.16356984388097282,3
2030,223,16,0.01911428745836278,3
2030,224,1,0.01839966342532833,3
2030,224,7,0.27363051410169803,3
2030,224,15,0.1605759796690579,3
2030,224,17,0.44303621706861346,3
2030,224,20,0.06858323799026769,3
2030,225,2,0.09580274692006942,3
2030,225,3,0.1546011947234273,3
2030,225,5,0.3219894359195578,3
2030,225,7,0.09010414200459292,3
2030,225,10,0.010192498012664995,3
2030,225,14,0.02087322937393906,3
2030,225,16,0.06283206724567961,3
2030,225,20,0.12836181780090392,3
2030,226,4,0.3599275199570825,3
2030,226,8,0.10486433850579821,3
2030,226,9,0.18018249769777145,3
2030,226,16,0.2296125720453845,3
2030,226,19,0.016470620523689642,3
2030,227,2,0.17130725563692278,3
2030,227,3,0.07061704656748986,3
2030,227,9,0.07508263777507859,3
2030,227,14,0.068785997352196,3
2030,227,15,0.4183067275399202,3
2030,227,18,0.10762363330363305,3
2030,227,19,0.033536174996205974,3
2030,228,3,0.10383487967282563,3
2030,228,7,0.23322786549851277,3
2030,228,10,0.04791004738217833,3
2030,228,15,0.09352077692230919,3
2030,228,16,0.4356643890213673,3
2030,228,19,0.08035940743606274,3
2030,229,1,0.3013100880253515,3
2030,229,7,0.5443340417215997,3
2030,229,10,0.13566657696598095,3
2030,230,4,0.038298905214709925,3
2030,230,8,0.20453644638215232,3
2030,230,11,0.0168606026443269,3
2030,230,15,0.017440314996164337,3
2030,230,16,0.0466355245005128,3
2030,230,17,0.03269649041672459,3
2030,230,19,0.01550238036497491,3
2030,230,20,0.6175390946039481,3
2030,231,2,0.1125368619621251,3
2030,231,3,0.11419300030701243,3
2030,231,8,0.054940876054574185,3
2030,231,9,0.02620540138894324,3
2030,231,14,0.5499124929588028,3
2030,231,19,0.02982430506412426,3
2030,232,2,0.1619112919796621,3
2030,232,6,0.15001012034859262,3
2030,232,8,0.021365613409073222,3
2030,232,9,0.04723374034330375,3
2030,232,15,0.3229901804544888,3
2030,232,18,0.04653443012501852,3
2030,232,20,0.1685513355559609,3
2030,233,2,0.6820159773221174,3
2030,233,4,0.04055052255223784,3
2030,233,8,0.08476530488648515,3
2030,233,11,0.017263119298526558,3
2030,233,16,0.059517763891433116,3
2030,233,17,0.025643977664139665,3
2030,233,20,0.011472347544927493,3
2030,234,2,0.1318249574105062,3
2030,234,3,0.052659671267276,3
2030,234,14,0.713277626873666,3
2030,234,15,0.10150644259533904,3
2030,235,2,0.2715109371889742,3
2030,235,6,0.09193865532132477,3
2030,235,9,0.08930900040875542,3
2030,235,16,0.04706292126872903,3
2030,235,20,0.4998882266250764,3
2030,236,8,0.17160697064301828,3
2030,236,9,0.10609498387503224,3
2030,236,15,0.5015053242271404,3
2030,236,19,0.1623509188350138,3
2030,237,3,0.036635501244277786,3
2030,237,9,0.0916533440780202,3
2030,237,14,0.04973689308534347,3
2030,237,15,0.5731805628765452,3
2030,237,18,0.17252818835305397,3
2030,237,19,0.012581431743895151,3
2030,238,6,0.2486317811279536,3
2030,238,8,0.12660198803197414,3
2030,238,9,0.024929214845406784,3
2030,238,12,0.01805070762096989,3
2030,238,13,0.0130553527516714,3
2030,238,15,0.3523625489551447,3
2030,238,18,0.021203893328603247,3
2030,238,20,0.01842168152207661,3
2030,239,2,0.5581994232555717,3
2030,239,4,0.16264902799869252,3
2030,239,8,0.06404478795481736,3
2030,239,16,0.022793245168962792,3
2030,239,20,0.09057502239428218,3
2030,240,2,0.1342925089913312,3
2030,240,3,0.09923575997161761,3
2030,240,9,0.015890967358964548,3
2030,240,14,0.6155165129469007,3
2030,240,15,0.1022102841051016,3
2030,240,19,0.028808788014106936,3
2030,241,1,0.051994975812953516,3
2030,241,2,0.039788054716771874,3
2030,241,3,0.17914947211638588,3
2030,241,7,0.10204489105690294,3
2030,241,10,0.09320709988296148,3
2030,241,14,0.30493891321627553,3
2030,241,18,0.17973471720479622,3
2030,241,20,0.013798531715165693,3
2030,242,1,0.14418963573021662,3
2030,242,7,0.04523347313876564,3
2030,242,10,0.09330674574254484,3
2030,242,11,0.6399415661094356,3
2030,242,20,0.06849844807435167,3
2030,243,7,0.1929247092247039,3
2030,243,8,0.03485281404662326,3
2030,243,14,0.03358381339673876,3
2030,243,16,0.5518275496566237,3
2030,243,17,0.07846733144277351,3
2030,243,19,0.036626589836659375,3
2030,243,20,0.06127807023788849,3
2030,244,6,0.06331106333720757,3
2030,244,7,0.32587994028581413,3
2030,244,8,0.23661848589076387,3
2030,244,11,0.03913635638016189,3
2030,244,12,0.08611135164880607,3
2030,244,16,0.12410706645939204,3
2030,244,17,0.02794992168087845,3
2030,245,1,0.404025729830293,3
2030,245,7,0.0541592989606819,3
2030,245,10,0.2526110454768607,3
2030,245,11,0.05231602681178431,3
2030,245,16,0.15276641440891658,3
2030,246,1,0.4027201291858285,3
2030,246,7,0.5011964124273692,3
2030,246,17,0.06280040569934722,3
2030,247,2,0.0704750938846863,3
2030,247,6,0.05383855324114771,3
2030,247,8,0.11930430594342269,3
2030,247,9,0.018640677027519807,3
2030,247,11,0.10486167338044612,3
2030,247,12,0.12555451019108252,3
2030,247,16,0.1739239627899544,3
2030,247,17,0.09130226680298616,3
2030,247,20,0.18635569427367799,3
2030,248,2,0.1426532000138373,3
2030,248,4,0.024878860193915622,3
2030,248,6,0.0378679044669943,3
2030,248,8,0.15495586322912447,3
2030,248,9,0.1497082884446329,3
2030,248,14,0.30966778474373313,3
2030,248,16,0.10372134972210853,3
2030,248,20,0.043192911283922004,3
2030,249,2,0.03089467436987942,3
2030,249,4,0.03167878981003225,3
2030,249,8,0.0643254519667417,3
2030,249,15,0.18355059397759385,3
2030,249,16,0.07040802233114499,3
2030,249,18,0.46795302586509696,3
2030,249,20,0.08146677745239043,3
2030,250,6,0.18283017832947512,3
2030,250,9,0.06790145355267366,3
2030,250,13,0.08746906225250914,3
2030,250,15,0.34694958208377236,3
2030,250,17,0.04127840753288786,3
2030,250,18,0.1748961042324672,3
2030,251,2,0.5626615325131793,3
2030,251,4,0.01592220240884424,3
2030,251,6,0.08720172757797275,3
2030,251,11,0.10985371949795418,3
2030,251,12,0.017890578473620737,3
2030,251,13,0.07513132072424049,3
2030,251,16,0.04190573988570027,3
2030,252,2,0.025440139528950082,3
2030,252,3,0.07700530548592444,3
2030,252,5,0.04092843943173514,3
2030,252,7,0.11354095606580507,3
2030,252,11,0.016104382501973897,3
2030,252,14,0.21351364667889355,3
2030,252,16,0.3753456339651823,3
2030,252,18,0.07253757782690687,3
2030,253,7,0.2311590022742271,3
2030,253,8,0.05290363334855501,3
2030,253,11,0.05003792275666867,3
2030,253,16,0.5126176884188104,3
2030,253,17,0.09274163712214771,3
2030,253,20,0.04634132060309225,3
2030,254,2,0.5176792327519161,3
2030,254,4,0.1614459180830627,3
2030,254,6,0.01880973694471376,3
2030,254,8,0.08519834757814376,3
2030,254,13,0.030905938707036194,3
2030,254,16,0.0595865159683607,3
2030,254,20,0.06797011809647638,3
2030,255,1,0.010849801402569114,3
2030,255,3,0.2591763693212279,3
2030,255,10,0.24385495925322356,3
2030,255,16,0.3421603218512045,3
2030,255,19,0.14330047113914857,3
2030,256,1,0.4732313913939738,3
2030,256,6,0.08543431854095015,3
2030,256,11,0.10069348616169665,3
2030,256,16,0.3383608264936117,3
2030,257,1,0.2989408357712662,3
2030,257,3,0.024822420758705895,3
2030,257,6,0.18943443077669317,3
2030,257,11,0.43163013738060146,3
2030,257,13,0.03637870157519885,3
2030,258,6,0.07268858741075333,3
2030,258,8,0.01602646417718778,3
2030,258,9,0.025125417880375683,3
2030,258,11,0.08304218522078223,3
2030,258,17,0.11153153726525136,3
2030,258,18,0.04047671531219538,3
2030,258,19,0.11032927209306359,3
2030,258,20,0.470825390277483,3
2030,259,4,0.0469490665936011,3
2030,259,7,0.013624173309627709,3
2030,259,8,0.01616611391560917,3
2030,259,9,0.6700967205583048,3
2030,259,15,0.021157010365864055,3
2030,259,20,0.03832741412376306,3
2030,260,2,0.1730062030698834,3
2030,260,9,0.5661613116026023,3
2030,260,14,0.06411754290545571,3
2030,260,15,0.028124801809493016,3
2030,261,2,0.6518317991872662,3
2030,261,4,0.03315066130364424,3
2030,261,9,0.14898596944297948,3
2030,261,13,0.04169437690063244,3
2030,262,2,0.561992617497506,3
2030,262,8,0.03978406641398132,3
2030,262,9,0.25447241357655775,3
2030,262,13,0.023907112337468728,3
2030,263,2,0.6677153432198164,3
2030,263,5,0.049381308376234584,3
2030,263,9,0.12656386225393937,3
2030,263,18,0.03607433015423737,3
2030,264,2,0.5940094056650108,3
2030,264,6,0.04519105128213935,3
2030,264,12,0.07119699861336554,3
2030,264,13,0.041591084661609136,3
2030,264,14,0.06983571232768834,3
2030,264,16,0.01516875912550415,3
2030,264,18,0.03442488610354481,3
2030,265,6,0.08381830133990258,3
2030,265,9,0.194060404323136,3
2030,265,11,0.05056548038565782,3
2030,265,13,0.02931241405681091,3
2030,265,15,0.5107196129903324,3
2030,265,18,0.05494281405911552,3
2030,266,2,0.5813969719684827,3
2030,266,4,0.12082584363625525,3
2030,266,6,0.0185730287368705,3
2030,266,9,0.09052958443306357,3
2030,267,3,0.05578194690207328,3
2030,267,7,0.020665172095159577,3
2030,267,9,0.765963570374676,3
2030,268,2,0.5356143904072423,3
2030,268,8,0.026900450150455873,3
2030,268,9,0.23046876409634304,3
2030,268,18,0.06339600556285682,3
2030,268,19,0.014480361894641434,3
2030,269,2,0.02489134645610709,3
2030,269,3,0.12790518162818168,3
2030,269,7,0.014773530809965824,3
2030,269,9,0.6547358737909456,3
2030,269,14,0.06464803118122407,3
2030,269,20,0.04045217304340404,3
2030,270,2,0.01763487617340184,3
2030,270,4,0.07357165994357605,3
2030,270,8,0.10672516085448773,3
2030,270,9,0.26917511569677627,3
2030,270,14,0.4581376397642693,3
2030,270,18,0.019850027951874776,3
2030,271,1,0.18542030843305837,3
2030,271,5,0.04969258105779908,3
2030,271,7,0.3981884870039316,3
2030,271,8,0.08197791270715052,3
2030,271,10,0.12574551006169174,3
2030,271,11,0.0444923123660445,3
2030,271,12,0.033988284128773666,3
2030,271,16,0.06115596343608684,3
2030,272,1,0.16629539675101285,3
2030,272,3,0.0758431017587467,3
2030,272,7,0.17169757640131494,3
2030,272,10,0.5152701895856957,3
2030,273,1,0.303516640277968,3
2030,273,6,0.1300077423897752,3
2030,273,7,0.43605593128357606,3
2030,273,11,0.07510221247421599,3
2030,274,1,0.31169685813934517,3
2030,274,7,0.36664970113202616,3
2030,274,11,0.11874423870365468,3
2030,274,16,0.01315543413566898,3
2030,274,17,0.12650660045956505,3
2030,275,4,0.06508506122468463,3
2030,275,12,0.15437083995655107,3
2030,275,13,0.020851750852027888,3
2030,275,14,0.030679557067318487,3
2030,275,17,0.024182097342913794,3
2030,275,18,0.4793301064051323,3
2030,275,20,0.10092584011870173,3
2030,276,6,0.0119808090464266,3
2030,276,8,0.0645805176991005,3
2030,276,9,0.07616674552801948,3
2030,276,17,0.05531822890486134,3
2030,276,18,0.14578533358214876,3
2030,276,19,0.167765424588062,3
2030,276,20,0.4552935960705168,3
2030,277,3,0.11040610919978482,3
2030,277,6,0.15361353942500347,3
2030,277,7,0.016686474161150978,3
2030,277,14,0.37585500617719925,3
2030,277,16,0.08366712051833083,3
2030,277,18,0.24144943475035927,3
2030,277,20,0.018322315768171393,3
2030,278,3,0.038350205721437144,3
2030,278,6,0.6023460001426953,3
2030,278,11,0.20162992641071792,3
2030,278,13,0.011174453847625249,3
2030,278,17,0.04895563659329492,3
2030,278,18,0.02533316852525524,3
2030,279,6,0.06050796805207531,3
2030,279,8,0.1401149865818412,3
2030,279,9,0.10683958412311002,3
2030,279,11,0.013707351889184143,3
2030,279,16,0.06890921767168805,3
2030,279,17,0.06171202756565737,3
2030,279,19,0.13158262513713265,3
2030,279,20,0.39995918353628973,3
2030,280,5,0.12606294776624827,3
2030,280,11,0.07173761020982249,3
2030,280,12,0.08515844114509273,3
2030,280,14,0.11472521769037908,3
2030,280,16,0.08361919978738022,3
2030,280,18,0.3820348796380603,3
2030,281,6,0.05410917542832646,3
2030,281,8,0.183417409337084,3
2030,281,16,0.024071511323701014,3
2030,281,17,0.11263821309005972,3
2030,281,19,0.10113331629194054,3
2030,281,20,0.5047733935642122,3
2030,282,2,0.29462567346663,3
2030,282,3,0.013250228082585167,3
2030,282,9,0.5652796515589493,3
2030,282,20,0.048976729682006004,3
2030,283,2,0.15570596611479803,3
2030,283,3,0.010206374029489028,3
2030,283,9,0.6718104210716725,3
2030,283,15,0.11378286138461861,3
2030,284,2,0.19801679957316617,3
2030,284,9,0.6032435859986384,3
2030,284,15,0.1223355000689536,3
2030,284,20,0.025155331935461694,3
2030,285,2,0.1707329998626574,3
2030,285,3,0.031499527845707996,3
2030,285,9,0.6752003932227283,3
2030,285,15,0.022604957415550294,3
2030,285,20,0.011516029836969172,3
2030,286,6,0.05655407543606665,3
2030,286,9,0.0776029989078529,3
2030,286,14,0.44305322593415225,3
2030,286,18,0.35093520684923335,3
2030,287,4,0.5128403484979014,3
2030,287,7,0.13086753966865247,3
2030,287,8,0.08268419200130928,3
2030,287,17,0.26891070478101264,3
2030,288,3,0.2768770830802901,3
2030,288,5,0.5217564905301059,3
2030,288,14,0.03041476378606797,3
2030,288,18,0.057538766630448476,3
2030,288,19,0.07964515458843466,3
2030,289,1,0.3822164266258377,3
2030,289,3,0.027194298559722215,3
2030,289,10,0.061340427200463815,3
2030,289,16,0.5208213017513725,3
2030,290,1,0.8218613149508235,3
2030,290,11,0.03187874824471257,3
2030,290,16,0.10906728840936326,3
2030,291,1,0.5093972648341811,3
2030,291,7,0.09178301294031949,3
2030,291,11,0.2403981578687614,3
2030,291,15,0.03613458476152009,3
2030,291,16,0.10805200438768026,3
2030,291,20,0.012442982971251753,3
2030,292,1,0.8016468863188981,3
2030,292,8,0.035201375740161266,3
2030,292,10,0.077743776312561,3
2030,292,16,0.05578543248802238,3
2030,293,1,0.8263489739518247,3
2030,293,3,0.014381337656850143,3
2030,293,7,0.12246820145941854,3
2030,294,1,0.6567540510641058,3
2030,294,7,0.010084930507483656,3
2030,294,11,0.24981177870118862,3
2030,294,16,0.027319197364079513,3
2030,295,1,0.02984424303950467,3
2030,295,6,0.02948430599008313,3
2030,295,7,0.08356138479772487,3
2030,295,8,0.04716323426640344,3
2030,295,10,0.18337849850478757,3
2030,295,11,0.4581603730159206,3
2030,295,16,0.12942839605669215,3
2030,295,20,0.038979564328883526,3
2030,296,1,0.014703857546772994,3
2030,296,3,0.04073856579399418,3
2030,296,7,0.02389155583064292,3
2030,296,11,0.024924252067351018,3
2030,296,14,0.0648983343564514,3
2030,296,16,0.6258582530511368,3
2030,296,17,0.10940644188299965,3
2030,296,18,0.08977924426102012,3
2030,297,1,0.13422815359880946,3
2030,297,6,0.05406900002288408,3
2030,297,7,0.07078862444984622,3
2030,297,8,0.17316795892024753,3
2030,297,10,0.05684646033798398,3
2030,297,11,0.32796293473500776,3
2030,297,16,0.15632056072947173,3
2030,297,17,0.026616307205749277,3
2030,298,4,0.11899211510852925,3
2030,298,9,0.7178646557223946,3
2030,298,17,0.025129688531860293,3
2030,298,20,0.06620297651742149,3
2030,299,3,0.014999857763445224,3
2030,299,7,0.015616256686233112,3
2030,299,9,0.8416584213123849,3
2030,299,15,0.014569668600178961,3
2030,300,4,0.07537887622251709,3
2030,300,8,0.07577943970758719,3
2030,300,9,0.5270376348672712,3
2030,300,11,0.06501343050776441,3
2030,300,15,0.1880727112038042,3
2030,301,2,0.1538034733908242,3
2030,301,9,0.641304571769255,3
2030,301,15,0.042088955758325164,3
2030,302,3,0.037003757841064036,3
2030,302,5,0.015398331541559347,3
2030,302,9,0.5807357926289829,3
2030,302,14,0.14447644999472542,3
2030,302,18,0.11084134595181663,3
2030,303,2,0.09735011920330267,3
2030,303,4,0.028382137735847083,3
2030,303,5,0.32847012905100953,3
2030,303,6,0.09885516683769165,3
2030,303,8,0.010685693622546545,3
2030,303,9,0.18812452492350545,3
2030,303,11,0.021111614884547162,3
2030,303,13,0.0620244102171225,3
2030,303,16,0.06250814486032405,3
2030,303,20,0.019771958239818206,3
2030,304,4,0.16864836495218258,3
2030,304,8,0.09685871795058441,3
2030,304,9,0.5218890292177547,3
2030,304,12,0.04797725528867329,3
2030,304,15,0.07911416110321966,3
2030,304,16,0.037753606060554404,3
2030,305,3,0.013893853458120378,3
2030,305,9,0.8123566197782848,3
2030,305,14,0.07214382665184384,3
2030,305,20,0.016171784906526487,3
2030,306,4,0.05780139071724986,3
2030,306,7,0.013338135025016969,3
2030,306,8,0.0670041850130121,3
2030,306,9,0.6982677224607703,3
2030,306,11,0.015893554116882643,3
2030,306,15,0.04973252028781217,3
2030,306,16,0.025464851261819514,3
2030,306,20,0.022738994150642174,3
2030,307,3,0.034445655792023064,3
2030,307,5,0.09751281684914007,3
2030,307,14,0.22891864504607762,3
2030,307,15,0.04642667426760421,3
2030,307,16,0.020555825811369412,3
2030,307,18,0.532632017758409,3
2030,308,1,0.06970836037790573,3
2030,308,7,0.0553803165654362,3
2030,308,8,0.09580208379369858,3
2030,308,10,0.09190628246386721,3
2030,308,11,0.6723625430832979,3
2030,309,4,0.05595097776627089,3
2030,309,6,0.048494375089963765,3
2030,309,8,0.09662560702056608,3
2030,309,9,0.33334864182490304,3
2030,309,13,0.13529407435631094,3
2030,309,15,0.2662880398898407,3
2030,309,16,0.014215541332363902,3
2030,310,7,0.07696842613437582,3
2030,310,9,0.7818984178202251,3
2030,310,11,0.04068051030026001,3
2030,310,16,0.04860197270650387,3
2030,311,1,0.013921489266432526,3
2030,311,6,0.06302083895785322,3
2030,311,7,0.09338213420221873,3
2030,311,10,0.7139711954576256,3
2030,311,11,0.02293928174201873,3
2030,311,16,0.08721752188255599,3
2030,312,1,0.10057555541342167,3
2030,312,8,0.14682889948941338,3
2030,312,9,0.030357550081492175,3
2030,312,10,0.05755161519004997,3
2030,312,11,0.5535432662939731,3
2030,312,12,0.03846521825163948,3
2030,312,13,0.023982450555967264,3
2030,312,17,0.04163193987999986,3
2030,313,2,0.022231283013287886,3
2030,313,5,0.27860185729348663,3
2030,313,6,0.047155519178064424,3
2030,313,9,0.1527736507680663,3
2030,313,11,0.13363348897872487,3
2030,313,13,0.046597513963497525,3
2030,313,16,0.20856802708669142,3
2030,313,20,0.0808213120303656,3
2030,314,5,0.23959504279202645,3
2030,314,8,0.020102300954055383,3
2030,314,11,0.1091480280045275,3
2030,314,12,0.06751262272727691,3
2030,314,16,0.46025511238448785,3
2030,314,17,0.10338689313762578,3
2030,315,1,0.6883199004029731,3
2030,315,8,0.027170129665495563,3
2030,315,10,0.0761962234481662,3
2030,315,16,0.16118024492755112,3
2030,316,4,0.09573558340507743,3
2030,316,8,0.11066766450258483,3
2030,316,9,0.07061052152484018,3
2030,316,11,0.620899088662639,3
2030,316,12,0.038571957550413594,3
2030,316,13,0.05811431916468423,3
2030,317,2,0.03430411872659273,3
2030,317,9,0.032405567660306354,3
2030,317,11,0.05130841157616803,3
2030,317,12,0.05395784838071417,3
2030,317,14,0.0656370782084927,3
2030,317,15,0.05162427627744738,3
2030,317,16,0.01618425410156736,3
2030,317,18,0.583029855062499,3
2030,317,20,0.05700999568875495,3
2030,318,4,0.07354056608992884,3
2030,318,8,0.18910340231808195,3
2030,318,9,0.17272805671957803,3
2030,318,11,0.1898515650169794,3
2030,318,12,0.19219192729973406,3
2030,318,16,0.15004067468980078,3
2030,318,17,0.02158788739434866,3
2030,319,1,0.06396831802299961,3
2030,319,6,0.0419822995305655,3
2030,319,7,0.019780551274255743,3
2030,319,9,0.6154328281308351,3
2030,319,10,0.016231308910796244,3
2030,319,11,0.0632898691002659,3
2030,319,12,0.021305001481122632,3
2030,319,16,0.1268053362348616,3
2030,320,4,0.18642560887865733,3
2030,320,8,0.1167108517318386,3
2030,320,9,0.4648675496663604,3
2030,320,11,0.06877776052163254,3
2030,320,12,0.061717602409549696,3
2030,320,15,0.027859843900304646,3
2030,320,16,0.01091435296700499,3
2030,320,17,0.03877574334706994,3
2030,321,5,0.07220767370610094,3
2030,321,9,0.6132343906020326,3
2030,321,10,0.011313188252941227,3
2030,321,11,0.052327611210868395,3
2030,321,16,0.08723430394388079,3
2030,321,18,0.010076460867077497,3
2030,321,19,0.10057043829420549,3
2030,322,5,0.06705175984891686,3
2030,322,6,0.1092340801113257,3
2030,322,9,0.423463249896861,3
2030,322,12,0.02927974503357273,3
2030,322,14,0.08302916375170473,3
2030,322,16,0.03630927353400993,3
2030,322,18,0.11794103802041035,3
2030,323,3,0.04442756562204801,3
2030,323,6,0.07757467475754336,3
2030,323,11,0.18250101788945577,3
2030,323,12,0.39660656900564945,3
2030,323,13,0.019736262259170686,3
2030,323,16,0.033607132123105884,3
2030,323,18,0.17252018852003786,3
2030,324,1,0.3093294604631197,3
2030,324,6,0.15213381166556586,3
2030,324,10,0.02025876743976355,3
2030,324,11,0.42320694407836906,3
2030,324,12,0.09314543377120009,3
2030,325,1,0.1639679927065618,3
2030,325,10,0.08478191807563115,3
2030,325,16,0.03649389602790739,3
2030,325,17,0.7034628209562382,3
2030,326,5,0.49957841608256687,3
2030,326,6,0.14755452216318424,3
2030,326,9,0.012918389434151696,3
2030,326,12,0.1393370804161033,3
2030,326,13,0.061223438313221204,3
2030,326,14,0.023406936075761123,3
2030,326,16,0.07451488672373431,3
2030,327,1,0.3328964633346884,3
2030,327,6,0.04396293946032798,3
2030,327,10,0.06696071102029379,3
2030,327,11,0.5561798861846898,3
2030,328,8,0.024399903756316718,3
2030,328,9,0.2034023132982701,3
2030,328,11,0.16535910998770725,3
2030,328,16,0.42457828638660267,3
2030,328,17,0.18226038657110322,3
2030,329,6,0.16123844591942443,3
2030,329,12,0.05660220911597375,3
2030,329,13,0.060687558495595754,3
2030,329,14,0.17009565298731677,3
2030,329,18,0.4810266400453991,3
2030,330,1,0.05932488270220802,3
2030,330,6,0.16364336087945536,3
2030,330,11,0.6157174198222651,3
2030,330,12,0.024999516726273742,3
2030,330,13,0.07289258308091418,3
2030,330,17,0.014370538864863601,3
2030,330,18,0.04212484447529347,3
2030,331,1,0.14115393864312115,3
2030,331,5,0.07965206581533811,3
2030,331,10,0.040995374646765045,3
2030,331,12,0.0653249251215361,3
2030,331,16,0.5726659121765365,3
2030,331,17,0.06299854833983008,3
2030,331,18,0.031483438151888685,3
2030,332,1,0.8413262628854009,3
2030,332,5,0.03627122685568769,3
2030,332,8,0.0798914727183154,3
2030,332,11,0.011825185320631017,3
2030,332,17,0.021799529050422668,3
2030,333,1,0.5830579522779485,3
2030,333,5,0.08103297895906914,3
2030,333,7,0.032552515168172515,3
2030,333,8,0.04957989437223403,3
2030,333,11,0.10146146030914562,3
2030,333,16,0.14864788770444762,3
2030,334,1,0.16347980017531652,3
2030,334,6,0.06594857715544421,3
2030,334,13,0.16464405670391236,3
2030,334,16,0.5505816154363509,3
2030,334,18,0.05135857168874329,3
2030,335,1,0.9856711066871078,3
2030,336,1,0.26916318528072136,3
2030,336,11,0.3271127214055736,3
2030,336,17,0.38156028472568904,3
2030,337,4,0.06423557428568541,3
2030,337,9,0.7689766635614074,3
2030,337,12,0.017108152762901972,3
2030,337,13,0.023109306771775553,3
2030,337,16,0.019321390106812306,3
2030,337,20,0.09701558148837237,3
2030,338,3,0.08564723436136608,3
2030,338,5,0.38336054626276506,3
2030,338,6,0.03130780928901075,3
2030,338,9,0.10962388095871183,3
2030,338,12,0.22803716578985142,3
2030,338,13,0.034025174800423594,3
2030,338,14,0.08777244110815433,3
2030,338,18,0.03491613373697654,3
2030,339,1,0.9808417415902283,3
2030,340,1,0.5721909870894067,3
2030,340,5,0.03449535794042079,3
2030,340,7,0.04636609368307928,3
2030,340,11,0.3369454118611704,3
2030,341,1,0.3049013260339488,3
2030,341,5,0.062115871735900025,3
2030,341,7,0.07571272705754008,3
2030,341,10,0.0935138202548255,3
2030,341,11,0.17527628990340557,3
2030,341,12,0.05560960054854425,3
2030,341,16,0.17394735314791193,3
2030,341,17,0.05892301131792384,3
2030,342,1,0.03545051236692472,3
2030,342,8,0.26800478114920767,3
2030,342,10,0.16191635046100836,3
2030,342,11,0.4825470849960513,3
2030,342,12,0.010584455579167686,3
2030,342,17,0.03506170456519126,3
2030,343,6,0.12537529118034269,3
2030,343,9,0.4949450896210885,3
2030,343,12,0.02315996964617933,3
2030,343,13,0.1698743587575296,3
2030,343,14,0.08849661150272489,3
2030,344,1,0.379554966468404,3
2030,344,5,0.03645537007490356,3
2030,344,12,0.0772183332266867,3
2030,344,16,0.4400569050596156,3
2030,344,17,0.0667144251703901,3
2030,345,1,0.8509410826808737,3
2030,345,2,0.023597256522100315,3
2030,345,7,0.013402115804800592,3
2030,345,11,0.032382766053011276,3
2030,345,15,0.010503973555302736,3
2030,345,16,0.04254808998368253,3
2030,346,1,0.30081584220785945,3
2030,346,6,0.22380851353725778,3
2030,346,10,0.09630012008978836,3
2030,346,11,0.3640082164526651,3
2030,346,16,0.01506730771242944,3
2030,347,1,0.9837495282056999,3
2030,348,1,1.0,3
2030,349,4,0.6380421482670706,3
2030,349,6,0.07168381416896132,3
2030,349,8,0.0199741531573863,3
2030,349,9,0.062254864522011726,3
2030,349,13,0.06380648331214457,3
2030,349,17,0.14423853657242552,3
2030,350,3,0.013067380427878774,3
2030,350,6,0.012007969771606607,3
2030,350,12,0.04393038711022588,3
2030,350,14,0.11897663000176673,3
2030,350,18,0.7521117627336104,3
2030,351,1,0.01767468950060442,3
2030,351,4,0.6248993611072886,3
2030,351,5,0.09901210563754823,3
2030,351,11,0.012730372731126633,3
2030,351,12,0.17679722217387728,3
2030,351,13,0.05996458874324576,3
2030,352,1,0.4120227262191581,3
2030,352,6,0.06247855058105591,3
2030,352,10,0.3848137762239921,3
2030,352,12,0.033429090676386324,3
2030,352,16,0.10725585629940747,3
2030,353,4,0.04090909401715492,3
2030,353,5,0.017023558925604296,3
2030,353,8,0.04338212696386201,3
2030,353,11,0.17743509898237916,3
2030,353,13,0.6601323521641994,3
2030,353,15,0.038172701965411615,3
2030,353,17,0.02164838822764838,3
2030,354,1,0.03233585924810983,3
2030,354,5,0.5333101491507456,3
2030,354,6,0.10749171052780858,3
2030,354,11,0.046299693421751116,3
2030,354,16,0.24137339881472153,3
2030,354,17,0.0357544162973757,3
2030,355,6,0.0595656878547779,3
2030,355,7,0.0704344826210023,3
2030,355,11,0.2569391892887118,3
2030,355,12,0.41335616262950525,3
2030,355,16,0.16025562595313111,3
2030,355,17,0.03426701046104433,3
2030,356,6,0.016320329851525883,3
2030,356,9,0.031439834527367656,3
2030,356,11,0.37049078547812564,3
2030,356,12,0.35426774823774376,3
2030,356,16,0.10810206822800253,3
2030,356,18,0.1037817583872815,3
2030,357,1,0.6643677215374194,3
2030,357,8,0.027881038723931866,3
2030,357,10,0.13071871710531102,3
2030,357,16,0.1770325226333377,3
2030,358,1,0.23028340063571354,3
2030,358,11,0.1499467871812802,3
2030,358,12,0.09465397179188566,3
2030,358,13,0.07383509501046938,3
2030,358,17,0.45128074538065116,3
2030,359,2,0.02331479250764935,3
2030,359,6,0.03523748844145685,3
2030,359,8,0.11948269558775593,3
2030,359,9,0.10364665316346809,3
2030,359,11,0.17703008803035045,3
2030,359,12,0.1756357932418613,3
2030,359,16,0.1064524607145467,3
2030,359,17,0.1488528257039377,3
2030,359,18,0.029093596913239598,3
2030,359,19,0.06493442744778728,3
2030,360,6,0.10212151159229965,3
2030,360,9,0.5293797297246743,3
2030,360,13,0.06919614157082135,3
2030,360,14,0.18177611860080753,3
2030,360,18,0.08742306328580943,3
2030,361,2,0.07118924815842526,3
2030,361,4,0.030409211980987748,3
2030,361,6,0.2083986983897991,3
2030,361,8,0.03785746788097073,3
2030,361,9,0.3301141301909178,3
2030,361,11,0.0233350306339163,3
2030,361,12,0.2345240329307159,3
2030,361,13,0.018093246360993284,3
2030,361,16,0.0203996466395683,3
2030,361,17,0.010470870685212855,3
2030,361,20,0.015208416148492838,3
2030,362,4,0.03096198116819218,3
2030,362,5,0.599746347138602,3
2030,362,6,0.10203577697031067,3
2030,362,12,0.010583988537010662,3
2030,362,13,0.19388179572308073,3
2030,362,16,0.013139571346167823,3
2030,362,20,0.03587615262318499,3
2030,363,6,0.014142791513551273,3
2030,363,8,0.285215122512591,3
2030,363,10,0.13346152442773104,3
2030,363,11,0.4813146084349235,3
2030,363,12,0.037495563277662264,3
2030,363,17,0.03971835555441014,3
2030,364,4,0.06312466904257667,3
2030,364,9,0.7498841911222957,3
2030,364,11,0.032974770182629516,3
2030,364,12,0.01260215060813612,3
2030,364,13,0.03607376727589643,3
2030,364,16,0.03605982777895394,3
2030,364,20,0.028278586651630265,3
2030,365,1,0.01712059097839566,3
2030,365,3,0.02027687392118707,3
2030,365,5,0.012635173076884023,3
2030,365,9,0.7729933228182589,3
2030,365,12,0.011140353804473615,3
2030,365,14,0.02220267092405757,3
2030,365,16,0.04130647596410877,3
2030,1,1,0.013185687202891143,4
2030,1,5,0.058994767421602076,4
2030,1,6,0.5464412123887692,4
2030,1,8,0.15902398091634581,4
2030,1,10,0.08608599516625552,4
2030,1,19,0.0913762301663096,4
2030,2,1,0.7083905738540791,4
2030,2,6,0.011410357863925344,4
2030,2,8,0.023793920989918727,4
2030,2,11,0.018120335412610097,4
2030,2,16,0.1978223846426299,4
2030,2,19,0.011743694251529947,4
2030,3,1,0.5974374742007263,4
2030,3,5,0.08180935337241234,4
2030,3,11,0.2608688898474446,4
2030,3,17,0.04175959160752629,4
2030,4,1,0.0919866986354033,4
2030,4,5,0.06491766012329879,4
2030,4,6,0.017561604016893603,4
2030,4,11,0.11636410178920352,4
2030,4,12,0.013802391749017888,4
2030,4,13,0.024981075543792516,4
2030,4,16,0.4576577258121796,4
2030,4,17,0.21192656176748687,4
2030,5,1,0.024320545448115096,4
2030,5,6,0.14700677793607742,4
2030,5,11,0.1830969502666651,4
2030,5,12,0.3313548321409406,4
2030,5,16,0.10356509450726172,4
2030,5,17,0.08798640550095646,4
2030,5,18,0.09125342913545595,4
2030,5,19,0.030686650494610668,4
2030,6,4,0.4338919342933461,4
2030,6,6,0.06333474319712358,4
2030,6,8,0.013121638956278268,4
2030,6,9,0.4287357975154951,4
2030,6,12,0.04822101610608059,4
2030,6,16,0.012694869931676126,4
2030,7,3,0.050098635206824206,4
2030,7,6,0.013875771418805178,4
2030,7,9,0.764230320172205,4
2030,7,14,0.04687517082086338,4
2030,7,16,0.03557365914308313,4
2030,7,18,0.020640403843408303,4
2030,8,2,0.060361227288271,4
2030,8,5,0.53204876664553,4
2030,8,6,0.0738547598679016,4
2030,8,9,0.11978021414238374,4
2030,8,13,0.13592341738396463,4
2030,8,18,0.011757441596395544,4
2030,9,6,0.09446526194349872,4
2030,9,9,0.20424507018701768,4
2030,9,11,0.019946862090438226,4
2030,9,12,0.13786085115223476,4
2030,9,13,0.1860791392024135,4
2030,9,14,0.2729308946176886,4
2030,9,18,0.08094053190405606,4
2030,10,1,0.7202905384894694,4
2030,10,8,0.010128952214110712,4
2030,10,10,0.10959827847467556,4
2030,10,12,0.02896713521891131,4
2030,10,16,0.1308634800426099,4
2030,11,1,0.5265736836471087,4
2030,11,6,0.0703042035195934,4
2030,11,10,0.05003977419648566,4
2030,11,16,0.2669237814266008,4
2030,11,18,0.016765724820579912,4
2030,11,19,0.06939283238963159,4
2030,12,1,0.99711579707226,4
2030,13,4,0.3229106142729703,4
2030,13,9,0.24090648058448483,4
2030,13,13,0.43618290514254476,4
2030,14,3,0.09998508389791606,4
2030,14,5,0.15317798998769594,4
2030,14,6,0.04870038374963909,4
2030,14,16,0.13083695762637118,4
2030,14,18,0.07049525231586977,4
2030,14,19,0.48919359117260686,4
2030,15,1,0.2886621353239407,4
2030,15,6,0.09785131634002779,4
2030,15,10,0.08118639240245462,4
2030,15,11,0.33878553364073016,4
2030,15,12,0.07155744840296713,4
2030,15,16,0.12195717388987962,4
2030,16,1,0.1564680375318758,4
2030,16,5,0.02551287838991123,4
2030,16,7,0.03416121342352928,4
2030,16,8,0.01401733388608724,4
2030,16,11,0.024633881777496886,4
2030,16,13,0.6366612237249589,4
2030,16,17,0.0987855673991528,4
2030,17,4,0.5769853839799467,4
2030,17,5,0.08296022890676459,4
2030,17,8,0.19661704718180628,4
2030,17,9,0.08631134322175922,4
2030,17,12,0.05712599670972325,4
2030,18,1,0.030373244128301134,4
2030,18,3,0.09548073753410934,4
2030,18,5,0.7343790873271171,4
2030,18,10,0.0927740019207921,4
2030,18,19,0.039644105781563695,4
2030,19,1,0.4047564047237698,4
2030,19,5,0.11346094779433787,4
2030,19,7,0.07224118644012133,4
2030,19,8,0.23076408944105983,4
2030,19,10,0.01960648546345092,4
2030,19,16,0.15917088613726033,4
2030,20,1,0.14950916800149916,4
2030,20,3,0.10369949696298301,4
2030,20,6,0.1646242567154679,4
2030,20,10,0.19527175196188573,4
2030,20,16,0.2593862577070121,4
2030,20,18,0.12750906865115183,4
2030,21,1,0.6213637885774396,4
2030,21,7,0.08453952952026238,4
2030,21,11,0.18109348913837753,4
2030,21,17,0.09247820347984845,4
2030,21,20,0.020524989284071954,4
2030,22,5,0.32037958170654934,4
2030,22,6,0.1250925497293044,4
2030,22,9,0.07453246427198447,4
2030,22,11,0.17984152112387258,4
2030,22,13,0.15823695899289283,4
2030,22,16,0.11521530804141422,4
2030,22,18,0.024433940365522905,4
2030,23,2,0.07242942112612512,4
2030,23,6,0.04955276744090847,4
2030,23,9,0.24536854181041012,4
2030,23,12,0.09218077518627708,4
2030,23,13,0.3648841664064589,4
2030,23,14,0.02653000215590632,4
2030,23,16,0.12392384734284179,4
2030,23,18,0.02513047853107226,4
2030,24,2,0.03751319668647511,4
2030,24,4,0.09839275195438364,4
2030,24,5,0.18078880213843143,4
2030,24,6,0.025016778374286383,4
2030,24,8,0.035160889688970326,4
2030,24,9,0.17423522265666272,4
2030,24,11,0.1788693004240118,4
2030,24,16,0.27002305807677857,4
2030,25,4,0.06643138387349391,4
2030,25,9,0.8351718388854572,4
2030,25,20,0.09452007466978084,4
2030,26,2,0.10500024842124593,4
2030,26,9,0.8676361479578146,4
2030,27,7,0.023184228203889334,4
2030,27,9,0.9429637584585099,4
2030,27,16,0.012991832449861617,4
2030,28,2,0.03734819076485429,4
2030,28,9,0.06891638599487818,4
2030,28,12,0.10874454795796835,4
2030,28,14,0.13388843072689494,4
2030,28,15,0.06892398305827768,4
2030,28,18,0.5301783645048762,4
2030,29,4,0.03340576024635055,4
2030,29,5,0.03234834525584222,4
2030,29,6,0.03954653740198189,4
2030,29,8,0.0684458153948797,4
2030,29,9,0.31530696855001505,4
2030,29,12,0.10376915667060324,4
2030,29,13,0.01516770145249961,4
2030,29,16,0.04291568748773069,4
2030,29,20,0.34036615827307404,4
2030,30,2,0.20244600709753133,4
2030,30,7,0.018394778888113174,4
2030,30,9,0.7024963438742124,4
2030,30,12,0.010323707829354364,4
2030,30,15,0.064810459808956,4
2030,31,2,0.03745070802252107,4
2030,31,3,0.011748333928285415,4
2030,31,7,0.04390379999015063,4
2030,31,9,0.8816083605511515,4
2030,31,10,0.015497028724619078,4
2030,32,1,0.05925605556863051,4
2030,32,7,0.013320436032693724,4
2030,32,9,0.8906446958594865,4
2030,32,17,0.02703098006649852,4
2030,33,3,0.04084425471061063,4
2030,33,8,0.041199110582794594,4
2030,33,10,0.028732485116100496,4
2030,33,18,0.8214330115542436,4
2030,33,19,0.05054101323839088,4
2030,34,1,0.21783730005364846,4
2030,34,5,0.12465809097475879,4
2030,34,7,0.03361282277320651,4
2030,34,10,0.0163064002815625,4
2030,34,12,0.010859100026867794,4
2030,34,16,0.41777436441935156,4
2030,34,17,0.17894987543956117,4
2030,35,4,0.02456594684445096,4
2030,35,6,0.010297345366526019,4
2030,35,8,0.15825024059468681,4
2030,35,9,0.362446847667913,4
2030,35,11,0.05594410161629627,4
2030,35,13,0.226615047257372,4
2030,35,16,0.16188047065275493,4
2030,36,2,0.09032340396527556,4
2030,36,5,0.016102196417374915,4
2030,36,9,0.21782003538334327,4
2030,36,11,0.041479326120855434,4
2030,36,14,0.026644113714181895,4
2030,36,18,0.6002131486383654,4
2030,37,1,0.4032006778834371,4
2030,37,7,0.03069099349206785,4
2030,37,8,0.025517260742830415,4
2030,37,10,0.5405910678816647,4
2030,38,4,0.4527113862633694,4
2030,38,6,0.15211381211488714,4
2030,38,9,0.07026055964192197,4
2030,38,13,0.046334137103647956,4
2030,38,17,0.26945389101391076,4
2030,39,18,1.0,4
2030,40,5,0.05447935179138693,4
2030,40,6,0.0919922393089151,4
2030,40,9,0.3547762474101234,4
2030,40,11,0.16615580222616141,4
2030,40,13,0.09502544628119568,4
2030,40,16,0.23757091298221747,4
2030,41,2,0.08801761070304036,4
2030,41,4,0.05970089603416518,4
2030,41,9,0.04569045088638899,4
2030,41,12,0.017776867174139996,4
2030,41,13,0.07232805453416005,4
2030,41,14,0.038218838024045375,4
2030,41,18,0.5685179119074437,4
2030,41,20,0.10458886053846002,4
2030,42,6,0.027887066259055876,4
2030,42,7,0.07680057095380961,4
2030,42,9,0.5951066813580024,4
2030,42,11,0.07513740319651305,4
2030,42,16,0.15228820893762643,4
2030,42,17,0.03427435033952254,4
2030,42,18,0.0179285209510163,4
2030,42,19,0.01806926139597475,4
2030,43,2,0.09078991649257673,4
2030,43,7,0.03938226975949447,4
2030,43,9,0.5965093826889749,4
2030,43,15,0.1441643581389391,4
2030,43,16,0.054498425718088696,4
2030,43,20,0.07062195026486946,4
2030,44,2,0.1744273757812996,4
2030,44,4,0.055302531838794966,4
2030,44,8,0.11829985432340917,4
2030,44,9,0.13180838762358602,4
2030,44,15,0.09423218125945568,4
2030,44,18,0.4258245054197994,4
2030,45,2,0.10133052308122982,4
2030,45,3,0.017291400386813056,4
2030,45,6,0.048319090460193996,4
2030,45,7,0.20162044612342309,4
2030,45,9,0.5416420731063899,4
2030,45,16,0.02643768619887772,4
2030,45,18,0.056169376295994645,4
2030,46,1,0.0431737106665935,4
2030,46,6,0.019093551523598293,4
2030,46,7,0.0601153864925408,4
2030,46,9,0.7571733888208807,4
2030,46,10,0.025599965091564827,4
2030,46,16,0.0515464852394588,4
2030,46,18,0.02030840913079353,4
2030,47,1,0.060609872399943504,4
2030,47,7,0.04482634828335854,4
2030,47,9,0.8419507391205412,4
2030,47,17,0.025064672318942664,4
2030,48,3,0.062127217685030676,4
2030,48,5,0.0426430864230025,4
2030,48,6,0.028124047500185025,4
2030,48,9,0.4813390279616583,4
2030,48,14,0.19755501885061919,4
2030,48,18,0.18673107696451538,4
2030,49,6,0.06772655060441143,4
2030,49,9,0.5401923578342939,4
2030,49,11,0.12545122412337126,4
2030,49,12,0.070368923275382,4
2030,49,13,0.02898545364538197,4
2030,49,16,0.15807439778425533,4
2030,50,1,0.15744658641137851,4
2030,50,5,0.08661724760940505,4
2030,50,7,0.022130990926958225,4
2030,50,11,0.1020191960806427,4
2030,50,12,0.13439018443666806,4
2030,50,16,0.3736904534717485,4
2030,50,17,0.12370534106319872,4
2030,51,1,0.5060984430985102,4
2030,51,7,0.3197873032151724,4
2030,51,8,0.020690982305865455,4
2030,51,10,0.044574625561287815,4
2030,51,15,0.017424595949777275,4
2030,51,16,0.09142404986938686,4
2030,52,1,0.46549110547713124,4
2030,52,5,0.04085936941386771,4
2030,52,8,0.04387077245855437,4
2030,52,11,0.23199156567501117,4
2030,52,16,0.16725609212338083,4
2030,52,17,0.021604240477093493,4
2030,52,18,0.01219267750111016,4
2030,53,2,0.04154234154460004,4
2030,53,4,0.024614322030729215,4
2030,53,6,0.3385899120440378,4
2030,53,8,0.05114111881020605,4
2030,53,9,0.3077245997716599,4
2030,53,18,0.19405647881032081,4
2030,54,1,0.08642583371582754,4
2030,54,5,0.014501853674496027,4
2030,54,7,0.16453474931678788,4
2030,54,10,0.037430960490513976,4
2030,54,16,0.07978620456104879,4
2030,54,17,0.5958091625285774,4
2030,55,1,0.013085707706447843,4
2030,55,7,0.01725681018138337,4
2030,55,10,0.8513447381392136,4
2030,55,11,0.09635290346732107,4
2030,55,12,0.010120338426767543,4
2030,56,4,0.16551705177003992,4
2030,56,9,0.19561838624805616,4
2030,56,13,0.2492991507485579,4
2030,56,20,0.389565411233346,4
2030,57,2,0.045485258249188205,4
2030,57,4,0.1274581898950141,4
2030,57,5,0.5511075048569886,4
2030,57,6,0.01819102942963582,4
2030,57,8,0.021757221084408748,4
2030,57,9,0.16634491865070727,4
2030,57,16,0.022896451954645954,4
2030,57,19,0.013392831623730665,4
2030,58,4,0.04467149863047685,4
2030,58,9,0.8511728825552306,4
2030,58,13,0.023359233187089417,4
2030,58,20,0.05458232444767755,4
2030,59,9,0.5652200549820737,4
2030,59,14,0.2509417568346792,4
2030,59,18,0.16771358623325566,4
2030,60,1,0.15148348142992146,4
2030,60,6,0.04354649685434952,4
2030,60,7,0.4185055636178012,4
2030,60,8,0.0669655925025028,4
2030,60,11,0.06610737818337825,4
2030,60,13,0.03195836795804976,4
2030,60,17,0.2105665332444869,4
2030,61,1,0.1973348066162837,4
2030,61,3,0.26945183699590175,4
2030,61,6,0.06610293388659125,4
2030,61,10,0.07760885802889787,4
2030,61,16,0.019593281414983777,4
2030,61,19,0.36729500636698575,4
2030,62,4,0.5109761045055102,4
2030,62,8,0.3343612138796534,4
2030,62,12,0.07398302292942723,4
2030,62,17,0.08067965868540919,4
2030,63,1,0.08636252540767077,4
2030,63,3,0.15426776596623398,4
2030,63,5,0.6388842206540051,4
2030,63,10,0.05373216642731953,4
2030,63,16,0.05780461145670115,4
2030,64,1,0.04377468609463519,4
2030,64,4,0.013240084300304746,4
2030,64,6,0.2869990646958418,4
2030,64,11,0.016906053202421518,4
2030,64,12,0.17722929050692693,4
2030,64,13,0.2900914717625079,4
2030,64,16,0.17175934943736182,4
2030,65,1,0.05625803728678591,4
2030,65,7,0.23490372450803,4
2030,65,12,0.030947009786659003,4
2030,65,16,0.06529515246714589,4
2030,65,17,0.6070438794426075,4
2030,66,2,0.17891390977236635,4
2030,66,3,0.11093728678037482,4
2030,66,5,0.44789768754914505,4
2030,66,7,0.02075512867339642,4
2030,66,11,0.08973445068974106,4
2030,66,16,0.1230104187676254,4
2030,66,19,0.020691166066208355,4
2030,67,2,0.07770017046774914,4
2030,67,3,0.015884214515001504,4
2030,67,5,0.3555432940557612,4
2030,67,6,0.14938890291076573,4
2030,67,11,0.07380583658182119,4
2030,67,14,0.10206005212950547,4
2030,67,16,0.17571171411670555,4
2030,67,18,0.04665155536898092,4
2030,68,1,0.3222256539852608,4
2030,68,6,0.04229561404102456,4
2030,68,7,0.14127978844370617,4
2030,68,8,0.03410643255986654,4
2030,68,10,0.0731209973537055,4
2030,68,11,0.0712879596223933,4
2030,68,12,0.14028828650977174,4
2030,68,16,0.17539526748427153,4
2030,69,4,0.5684094896583418,4
2030,69,6,0.021668889824169892,4
2030,69,7,0.06552180413142739,4
2030,69,8,0.12698801006676855,4
2030,69,10,0.013434927183566552,4
2030,69,11,0.04312108157276101,4
2030,69,16,0.08462771172971606,4
2030,69,17,0.0762280858332488,4
2030,70,2,0.5471268806363828,4
2030,70,6,0.019960525854335765,4
2030,70,9,0.10193449849607826,4
2030,70,13,0.04297887865278426,4
2030,70,14,0.13313725637402576,4
2030,70,18,0.0581014010666943,4
2030,71,2,0.027523273853133745,4
2030,71,5,0.025669398285468627,4
2030,71,6,0.024338798883546592,4
2030,71,8,0.0915408365594136,4
2030,71,9,0.016717242221512683,4
2030,71,11,0.08362912391635538,4
2030,71,14,0.5292957742198392,4
2030,71,15,0.04718721962255881,4
2030,71,16,0.14186285274857585,4
2030,72,1,0.07640962422815477,4
2030,72,2,0.030925647616697555,4
2030,72,3,0.10390220272617459,4
2030,72,7,0.2297185553619617,4
2030,72,10,0.08481704520090436,4
2030,72,16,0.35748760866549695,4
2030,72,18,0.07670582700123117,4
2030,72,19,0.04003348919937889,4
2030,73,1,0.23090682677593827,4
2030,73,6,0.0218717627581087,4
2030,73,7,0.05550979426523002,4
2030,73,11,0.04049222834079579,4
2030,73,13,0.07781874763141436,4
2030,73,16,0.4903000102910937,4
2030,73,17,0.08310062993741903,4
2030,74,1,0.11465169513322987,4
2030,74,5,0.01901886618041999,4
2030,74,6,0.019604455644386478,4
2030,74,11,0.09173488662463812,4
2030,74,12,0.011310728174478228,4
2030,74,13,0.1632605097023526,4
2030,74,16,0.44070310647713185,4
2030,74,17,0.12670854715306118,4
2030,74,18,0.011187879186957652,4
2030,75,1,0.062006033491830606,4
2030,75,5,0.03328850600739876,4
2030,75,11,0.06716825095689294,4
2030,75,12,0.017636489294961477,4
2030,75,13,0.05251180898970417,4
2030,75,16,0.5301838849367754,4
2030,75,17,0.20825768360905433,4
2030,75,18,0.02727510849478536,4
2030,76,6,0.18331357786259417,4
2030,76,9,0.1421340767697841,4
2030,76,12,0.02060892909726895,4
2030,76,13,0.17690934153441099,4
2030,76,14,0.4038707386179254,4
2030,76,18,0.07316333611801626,4
2030,77,1,0.6176264501247395,4
2030,77,7,0.0898716807089791,4
2030,77,11,0.08574454261962064,4
2030,77,15,0.03847446258192824,4
2030,77,16,0.1534908544634849,4
2030,78,1,0.011242672134506318,4
2030,78,6,0.15682038846507007,4
2030,78,8,0.039399451222672126,4
2030,78,10,0.15335810644394324,4
2030,78,11,0.5062023733640296,4
2030,78,12,0.0507616774677192,4
2030,78,13,0.03599654214134668,4
2030,78,16,0.020701267754735204,4
2030,78,18,0.02551752100597758,4
2030,79,2,0.14180736557763804,4
2030,79,3,0.016898658048125466,4
2030,79,6,0.12754667654315363,4
2030,79,9,0.08343980057994994,4
2030,79,11,0.033387075891583316,4
2030,79,12,0.28040147162168727,4
2030,79,16,0.012838381462309752,4
2030,79,17,0.04365524563056987,4
2030,79,18,0.14548760230683877,4
2030,79,20,0.09272246280336836,4
2030,80,5,0.22305000254138532,4
2030,80,6,0.0454336467840075,4
2030,80,7,0.19971366841304264,4
2030,80,8,0.23230340693379464,4
2030,80,10,0.07689883234408644,4
2030,80,16,0.0880412579386831,4
2030,80,20,0.13144795473367113,4
2030,81,2,0.10399700558101165,4
2030,81,6,0.07674283361466067,4
2030,81,9,0.1302199961787793,4
2030,81,13,0.12838244979274516,4
2030,81,15,0.46520210526963635,4
2030,81,20,0.09545548993112217,4
2030,82,1,0.06346029640455692,4
2030,82,3,0.2019019880161875,4
2030,82,5,0.3196656578197792,4
2030,82,6,0.056495695228729895,4
2030,82,7,0.14756880623274232,4
2030,82,8,0.02675557032957192,4
2030,82,11,0.019172694581131584,4
2030,82,16,0.042868063458440867,4
2030,82,17,0.020200896486048576,4
2030,82,19,0.09969729613130314,4
2030,83,4,0.08821369927458533,4
2030,83,6,0.016714298224971696,4
2030,83,9,0.6581915858598065,4
2030,83,13,0.08238991389801567,4
2030,83,16,0.024388980047512047,4
2030,83,20,0.12578333761340663,4
2030,84,2,0.12060019674688256,4
2030,84,3,0.09501309962766148,4
2030,84,9,0.5972779026109122,4
2030,84,15,0.09556673562716557,4
2030,85,3,0.026511948098072693,4
2030,85,7,0.04577032473330535,4
2030,85,9,0.8478526059812888,4
2030,85,14,0.01101034817162868,4
2030,85,20,0.01623920266757807,4
2030,86,2,0.14328933503420144,4
2030,86,9,0.6871007793287673,4
2030,86,15,0.07552748029254891,4
2030,86,20,0.06175397015169891,4
2030,87,2,0.02082737250995752,4
2030,87,9,0.02970655722012171,4
2030,87,14,0.7783821097281617,4
2030,87,17,0.030326266077122136,4
2030,87,18,0.0626166549182929,4
2030,87,19,0.06788798960523124,4
2030,88,3,0.05623181851394996,4
2030,88,6,0.1447250887657128,4
2030,88,14,0.06650910727794324,4
2030,88,16,0.4587563181452752,4
2030,88,18,0.24696863807172698,4
2030,89,5,0.10324261439683906,4
2030,89,8,0.010110060042642212,4
2030,89,11,0.04530163470080321,4
2030,89,12,0.03240320550250541,4
2030,89,16,0.10023979592076174,4
2030,89,20,0.7026596515739099,4
2030,90,2,0.5498768335526472,4
2030,90,4,0.11592309445241353,4
2030,90,8,0.050010899313656626,4
2030,90,9,0.02910662154375917,4
2030,90,15,0.1784482925224661,4
2030,90,16,0.05789188452638776,4
2030,91,2,0.7855197157952731,4
2030,91,3,0.023591458717496704,4
2030,91,5,0.013967781008194296,4
2030,91,11,0.022339895625669882,4
2030,91,16,0.055196986575033045,4
2030,92,2,0.7367135103528928,4
2030,92,3,0.01622797344806875,4
2030,92,5,0.026449319597113167,4
2030,92,11,0.0498398461357458,4
2030,92,16,0.06475062359013485,4
2030,92,19,0.031056297567177787,4
2030,93,2,0.09813303668575643,4
2030,93,9,0.6420130484097897,4
2030,93,15,0.1310448366006968,4
2030,93,20,0.06458863558494825,4
2030,94,2,0.10858484871332746,4
2030,94,3,0.09821106227522236,4
2030,94,7,0.06684710772715644,4
2030,94,9,0.5801301071503965,4
2030,94,14,0.015187932437735582,4
2030,94,15,0.03492081607447409,4
2030,94,20,0.025941675495128966,4
2030,95,2,0.771425735097443,4
2030,95,7,0.07536053072143492,4
2030,95,11,0.06019451482863843,4
2030,95,15,0.01183448225671974,4
2030,95,16,0.04689232837200586,4
2030,95,20,0.025241379544766632,4
2030,96,2,0.027367137061666276,4
2030,96,9,0.6739020421676464,4
2030,96,15,0.07716952947968544,4
2030,96,16,0.0640828579794448,4
2030,96,20,0.13541759733203254,4
2030,97,2,0.16714084098908655,4
2030,97,3,0.02738075505867297,4
2030,97,6,0.025835182004124664,4
2030,97,7,0.021881376432100936,4
2030,97,8,0.13379699638446368,4
2030,97,14,0.2948604449061595,4
2030,97,15,0.12131408107296418,4
2030,97,16,0.0871372866854073,4
2030,97,19,0.12065303646701994,4
2030,98,2,0.8092929560446493,4
2030,98,4,0.044101880149547974,4
2030,98,6,0.01745077429308252,4
2030,98,11,0.010308676345807868,4
2030,98,20,0.024607569408859928,4
2030,99,2,0.753472351796911,4
2030,99,3,0.06986671547519487,4
2030,99,12,0.01931017712949325,4
2030,99,14,0.14839271404517124,4
2030,100,2,0.012602469854780158,4
2030,100,3,0.11008487933149701,4
2030,100,7,0.26435735975937263,4
2030,100,14,0.4972072803325709,4
2030,100,16,0.09921577004615527,4
2030,101,2,0.3184555189846471,4
2030,101,3,0.13617164679366534,4
2030,101,6,0.11693523199262369,4
2030,101,7,0.3603380267981219,4
2030,101,15,0.03190373548797071,4
2030,101,20,0.03119399226448373,4
2030,102,1,0.011010618981481507,4
2030,102,2,0.7035777786348878,4
2030,102,6,0.0810387752035166,4
2030,102,9,0.035056496121858474,4
2030,102,11,0.016471105805708822,4
2030,102,12,0.024268479842930277,4
2030,102,13,0.0423857087004727,4
2030,102,16,0.03563160351550144,4
2030,102,18,0.030599510139398815,4
2030,103,2,0.4294322144053451,4
2030,103,3,0.04512136979873171,4
2030,103,7,0.06361035973029475,4
2030,103,14,0.3175411914610321,4
2030,103,15,0.06467988185296572,4
2030,103,18,0.03239005238062792,4
2030,103,19,0.03875017752362799,4
2030,104,2,0.7859570644233475,4
2030,104,3,0.037992727702655965,4
2030,104,6,0.07015629668209555,4
2030,104,16,0.04796905890367921,4
2030,104,18,0.048187470164954616,4
2030,105,2,0.6952190188379707,4
2030,105,4,0.046814844105617155,4
2030,105,8,0.0626868221016539,4
2030,105,11,0.04555613109806976,4
2030,105,16,0.01581769670398228,4
2030,105,17,0.05327659484878287,4
2030,106,1,0.024930930318567187,4
2030,106,2,0.8625105813562083,4
2030,106,3,0.010927223930411399,4
2030,106,7,0.020899427967826463,4
2030,106,8,0.03318772356057033,4
2030,106,10,0.022092567371689138,4
2030,107,3,0.36320582621139763,4
2030,107,5,0.010056108230871944,4
2030,107,7,0.013894421440073676,4
2030,107,12,0.016690727275515172,4
2030,107,14,0.04936472503125088,4
2030,107,15,0.08388849490131603,4
2030,107,18,0.4628996969095747,4
2030,108,8,0.03494205912135679,4
2030,108,10,0.11355757339428031,4
2030,108,16,0.2556319871645719,4
2030,108,17,0.5716810170210566,4
2030,109,1,0.02509992053430893,4
2030,109,2,0.7380477339253246,4
2030,109,6,0.07966857263589283,4
2030,109,11,0.014580983624606613,4
2030,109,13,0.03563173541141217,4
2030,109,14,0.016501329463021477,4
2030,109,18,0.056206552102094874,4
2030,110,2,0.1601399860042474,4
2030,110,3,0.04233536776463304,4
2030,110,5,0.02660967938775429,4
2030,110,7,0.11706327942501943,4
2030,110,14,0.12150743003448342,4
2030,110,16,0.3463643731221243,4
2030,110,18,0.08900953432114017,4
2030,110,19,0.09697034994059801,4
2030,111,2,0.09843256374344178,4
2030,111,7,0.21604652864798965,4
2030,111,8,0.1934754168625605,4
2030,111,16,0.42106582903410666,4
2030,111,17,0.03152435212895534,4
2030,111,19,0.013140666252550294,4
2030,111,20,0.02631464333039583,4
2030,112,3,0.1771322129814127,4
2030,112,4,0.04284813668251099,4
2030,112,6,0.06106404787541984,4
2030,112,7,0.044953864795847856,4
2030,112,11,0.023597790176685722,4
2030,112,14,0.523661175454254,4
2030,112,15,0.01063032410428987,4
2030,112,17,0.026001946719366235,4
2030,112,20,0.06787175197693479,4
2030,113,1,0.01636080191800608,4
2030,113,2,0.034489170243475475,4
2030,113,4,0.04278623997913325,4
2030,113,9,0.09053792610828452,4
2030,113,14,0.03131210974613698,4
2030,113,15,0.33096319681418535,4
2030,113,17,0.1772732458411214,4
2030,113,18,0.13555110645824767,4
2030,113,20,0.07702259068448673,4
2030,114,1,0.033201559262111276,4
2030,114,3,0.19675464502209147,4
2030,114,6,0.019036238642624107,4
2030,114,7,0.0150226900010258,4
2030,114,10,0.10790228169760498,4
2030,114,14,0.3526092242156603,4
2030,114,16,0.03905493297282881,4
2030,114,18,0.23298869726807903,4
2030,115,1,0.09153843968291907,4
2030,115,4,0.7031716677410534,4
2030,115,7,0.11944443277357168,4
2030,115,14,0.05361379900809873,4
2030,115,18,0.01802154761850322,4
2030,116,1,0.03373442491053356,4
2030,116,2,0.6164178413881347,4
2030,116,6,0.10132516367687681,4
2030,116,7,0.019855443338670946,4
2030,116,12,0.028248952417190325,4
2030,116,13,0.11385297379560909,4
2030,116,20,0.06742845104680929,4
2030,117,15,1.0,4
2030,118,2,0.06662704176482358,4
2030,118,3,0.4036977549313408,4
2030,118,7,0.23238321445566393,4
2030,118,14,0.22026582901553995,4
2030,118,16,0.028134673808010588,4
2030,118,18,0.039940136941356834,4
2030,119,1,0.38027213478545185,4
2030,119,16,0.6154905246104807,4
2030,120,1,0.791408920269047,4
2030,120,11,0.04062693215043493,4
2030,120,16,0.10549455686508726,4
2030,121,1,0.7775953541002608,4
2030,121,7,0.04274530426604102,4
2030,121,11,0.06179769258731955,4
2030,121,16,0.07007594671683635,4
2030,122,1,0.2633646849924188,4
2030,122,7,0.7366353150075813,4
2030,123,7,1.0,4
2030,124,4,0.09117444243425185,4
2030,124,8,0.10418576938059519,4
2030,124,9,0.07331960845224336,4
2030,124,11,0.10363071559440344,4
2030,124,15,0.12978727979255494,4
2030,124,16,0.11466998040153124,4
2030,124,20,0.38323220394442004,4
2030,125,2,0.0929201688313952,4
2030,125,3,0.015085660717699343,4
2030,125,9,0.72243951191325,4
2030,125,15,0.035721589183341,4
2030,125,20,0.02878809589569286,4
2030,126,8,0.025913559041572776,4
2030,126,9,0.26096135795310355,4
2030,126,11,0.045447977271696145,4
2030,126,14,0.3700841156683607,4
2030,126,18,0.07862926980823885,4
2030,126,19,0.0651308493117152,4
2030,127,2,0.01766597778408015,4
2030,127,11,0.10478500120653372,4
2030,127,14,0.19238369963977006,4
2030,127,15,0.13185217582829437,4
2030,127,16,0.18720922528727016,4
2030,127,18,0.2936331039270034,4
2030,128,2,0.05627993577557495,4
2030,128,3,0.16525463519236852,4
2030,128,7,0.6145569893420009,4
2030,128,14,0.0813239218529086,4
2030,128,16,0.08258451783714713,4
2030,129,2,0.20593716981490265,4
2030,129,3,0.06321616759865523,4
2030,129,6,0.04848423025728269,4
2030,129,7,0.4127475030231014,4
2030,129,14,0.05812333648911294,4
2030,129,15,0.09936464700037861,4
2030,129,20,0.1082235310321963,4
2030,130,2,0.4204745430425273,4
2030,130,3,0.14516266344409218,4
2030,130,7,0.07759352023484979,4
2030,130,14,0.11918714423131481,4
2030,130,15,0.03507116043105016,4
2030,130,16,0.07895695096246465,4
2030,130,20,0.12355401765370098,4
2030,131,2,0.14355883069960032,4
2030,131,3,0.05769978602439894,4
2030,131,8,0.031113550330047136,4
2030,131,9,0.045337163224978536,4
2030,131,11,0.01105829114369014,4
2030,131,14,0.5296241581344617,4
2030,131,16,0.05522449362840693,4
2030,131,17,0.04136455220055784,4
2030,131,19,0.0190027858987696,4
2030,131,20,0.027732797023489353,4
2030,132,2,0.13655485927407732,4
2030,132,3,0.1032461314731048,4
2030,132,6,0.10054195267036013,4
2030,132,7,0.06803872394449538,4
2030,132,14,0.08301843675287388,4
2030,132,15,0.3882951840789281,4
2030,132,16,0.02318467977449758,4
2030,132,18,0.08161474542216693,4
2030,132,20,0.015505286609495695,4
2030,133,2,0.8259351793994317,4
2030,133,7,0.04924313249872342,4
2030,133,20,0.053001581282405674,4
2030,134,2,0.14606361777912233,4
2030,134,3,0.15255103298480222,4
2030,134,14,0.4097383139080932,4
2030,134,15,0.283372022858858,4
2030,135,9,0.023037225863519164,4
2030,135,11,0.028576884442390822,4
2030,135,12,0.011230372833697948,4
2030,135,13,0.09225299488174299,4
2030,135,14,0.016957828314721965,4
2030,135,16,0.7851722924537851,4
2030,135,17,0.024571228774249783,4
2030,136,2,0.10532831302385223,4
2030,136,4,0.7590002225631339,4
2030,136,6,0.02613728593701016,4
2030,136,16,0.023568668914880343,4
2030,136,20,0.08596550956112323,4
2030,137,2,0.5872642201971271,4
2030,137,3,0.0989578743720595,4
2030,137,7,0.08750742733895474,4
2030,137,14,0.052823196350094505,4
2030,137,15,0.14121714015358125,4
2030,137,16,0.03223014158818274,4
2030,138,2,0.4917831529363925,4
2030,138,4,0.15218071137435127,4
2030,138,6,0.015430383677631627,4
2030,138,8,0.11178136637970082,4
2030,138,9,0.01962797622986279,4
2030,138,12,0.023951122975569082,4
2030,138,13,0.045175662445325795,4
2030,138,16,0.03142753120011615,4
2030,139,2,0.838688574315074,4
2030,139,7,0.02111583688827141,4
2030,139,15,0.04421098992018588,4
2030,139,20,0.01771067900695793,4
2030,140,2,0.6443316532936716,4
2030,140,15,0.22902693335153956,4
2030,140,20,0.04660547573665219,4
2030,141,2,0.8111448714129154,4
2030,141,3,0.03149980917037791,4
2030,141,14,0.06460616748334506,4
2030,142,2,0.16713531085367508,4
2030,142,3,0.05315947636411267,4
2030,142,7,0.11739206303846361,4
2030,142,14,0.5197512835505557,4
2030,142,15,0.1425618661931927,4
2030,143,2,0.2454613342244783,4
2030,143,7,0.11762248254597171,4
2030,143,14,0.3975796067715048,4
2030,143,15,0.028391057238539002,4
2030,143,16,0.04870995523611292,4
2030,143,20,0.1622355639833933,4
2030,144,2,0.6558516382052694,4
2030,144,7,0.17672964713044642,4
2030,144,14,0.018292210559504047,4
2030,144,16,0.0798621203365549,4
2030,144,20,0.0692643837682251,4
2030,145,2,0.606591879985483,4
2030,145,7,0.15548781123055128,4
2030,145,14,0.10217281654227499,4
2030,145,16,0.07796499755065459,4
2030,145,20,0.0420936473016722,4
2030,146,2,0.8792595850621767,4
2030,146,7,0.04930563082843341,4
2030,146,20,0.040371495458627206,4
2030,147,2,0.8997184348890116,4
2030,148,2,0.9086799848553848,4
2030,148,3,0.04589690197119131,4
2030,149,2,0.2512672510083722,4
2030,149,3,0.08179711984104981,4
2030,149,14,0.4886304295349284,4
2030,149,15,0.127453224730286,4
2030,149,16,0.020001489415309652,4
2030,149,20,0.023101077171178458,4
2030,150,2,0.04347455522406272,4
2030,150,4,0.06951140936594576,4
2030,150,6,0.06526852549065795,4
2030,150,8,0.028987030216604755,4
2030,150,9,0.2232158240565644,4
2030,150,11,0.016918726371658425,4
2030,150,13,0.025989058654304852,4
2030,150,14,0.34055837232466474,4
2030,150,16,0.038863807096364125,4
2030,150,17,0.07247893691692675,4
2030,150,18,0.02342582245343019,4
2030,151,2,0.7622655858458159,4
2030,151,20,0.18819485469686337,4
2030,152,2,0.14952787920082183,4
2030,152,14,0.4829022915867347,4
2030,152,15,0.2262690311473538,4
2030,152,20,0.14130079806508958,4
2030,153,2,0.07710725800963211,4
2030,153,6,0.09046428070118506,4
2030,153,13,0.03886614084075371,4
2030,153,14,0.3409061423089219,4
2030,153,15,0.33918290200243384,4
2030,153,16,0.010922040979880074,4
2030,153,20,0.1025512351571931,4
2030,154,2,0.5173060321621387,4
2030,154,4,0.1294395511269765,4
2030,154,6,0.07223171490259127,4
2030,154,8,0.01667676665850268,4
2030,154,13,0.12261422025401128,4
2030,155,5,0.011493565050742255,4
2030,155,7,0.09357571376142605,4
2030,155,11,0.03141525434945609,4
2030,155,14,0.2670127359245223,4
2030,155,15,0.46485948776000274,4
2030,155,18,0.11662397418336612,4
2030,156,1,0.3644134169100603,4
2030,156,7,0.38207966746070504,4
2030,156,10,0.15178272746187277,4
2030,156,12,0.03679477702993831,4
2030,156,16,0.02929355478037871,4
2030,157,4,0.4616577676802481,4
2030,157,7,0.23577727332685547,4
2030,157,8,0.12305191092286882,4
2030,157,17,0.016764064119727723,4
2030,157,20,0.16251004475120065,4
2030,158,2,0.14001177331623432,4
2030,158,3,0.06336163034350112,4
2030,158,4,0.020734521640244117,4
2030,158,8,0.03869310094555277,4
2030,158,9,0.036641814137851954,4
2030,158,14,0.6712286050928923,4
2030,158,20,0.028440565512975656,4
2030,159,1,0.17401008612627553,4
2030,159,3,0.13140895381148746,4
2030,159,7,0.011492399674028195,4
2030,159,14,0.18389059473697586,4
2030,159,16,0.48398420276298226,4
2030,160,1,0.22636201591195945,4
2030,160,4,0.655232835879041,4
2030,160,7,0.09565844784980855,4
2030,160,11,0.010667163751447318,4
2030,160,12,0.012079536607743638,4
2030,161,6,0.05763350433037071,4
2030,161,11,0.12585433569218438,4
2030,161,12,0.0685144120667347,4
2030,161,13,0.14010914190164622,4
2030,161,15,0.47738803681650865,4
2030,161,16,0.05393252275014014,4
2030,162,2,0.10492459059174557,4
2030,162,6,0.013941491813417112,4
2030,162,9,0.044477254462048525,4
2030,162,13,0.030114339686923654,4
2030,162,15,0.4738963991598169,4
2030,162,16,0.10828221394159221,4
2030,162,20,0.17008153722488517,4
2030,163,2,0.025199355989179197,4
2030,163,6,0.014989202984166283,4
2030,163,8,0.08960608028820347,4
2030,163,9,0.08184311666625378,4
2030,163,15,0.5609872910892152,4
2030,163,16,0.0277555934896712,4
2030,163,18,0.12044348568868228,4
2030,163,19,0.020281547363972016,4
2030,164,2,0.7575907228064903,4
2030,164,4,0.036797180842777034,4
2030,164,8,0.0636663136595206,4
2030,164,17,0.026117627159780544,4
2030,164,20,0.04457852900033094,4
2030,165,2,0.3287922103855473,4
2030,165,3,0.023008659085469518,4
2030,165,8,0.017170279991746598,4
2030,165,9,0.5312232734420222,4
2030,166,2,0.5904400156185776,4
2030,166,3,0.021901151836420357,4
2030,166,7,0.029175554495300404,4
2030,166,14,0.3226080763272354,4
2030,167,5,0.14110130988028866,4
2030,167,8,0.12371620631234462,4
2030,167,10,0.010435327527372473,4
2030,167,11,0.10341004242560642,4
2030,167,12,0.059155638421436625,4
2030,167,15,0.3080985268536853,4
2030,167,16,0.1988778174292718,4
2030,168,6,0.06796961928695779,4
2030,168,7,0.028256718308806397,4
2030,168,8,0.09695896237791295,4
2030,168,15,0.29223437777150785,4
2030,168,16,0.10351285254225823,4
2030,168,17,0.10575361746530657,4
2030,168,18,0.07947805382863324,4
2030,168,19,0.057749363348333305,4
2030,169,2,0.6072631165498393,4
2030,169,4,0.14101888440178037,4
2030,169,8,0.022014052649846846,4
2030,169,9,0.013517026201847115,4
2030,169,12,0.011665746608842419,4
2030,169,13,0.06226246473686615,4
2030,170,5,0.07841184028890759,4
2030,170,6,0.05523464231124582,4
2030,170,9,0.04062682514890012,4
2030,170,11,0.02311327222967676,4
2030,170,14,0.49448052358480177,4
2030,170,18,0.15486269080419335,4
2030,170,19,0.08256858851834856,4
2030,171,4,0.05830043769065591,4
2030,171,8,0.22671521500483144,4
2030,171,9,0.040561328140458576,4
2030,171,12,0.04033641047515388,4
2030,171,16,0.08886670093086699,4
2030,171,19,0.014554838230309078,4
2030,171,20,0.5055251156615338,4
2030,172,2,0.33455365398079806,4
2030,172,3,0.05462908604389582,4
2030,172,7,0.08006037564469089,4
2030,172,11,0.01265784904247995,4
2030,172,14,0.3982080843061017,4
2030,172,15,0.06816446511631306,4
2030,172,20,0.026378401075045174,4
2030,173,6,0.09503242070886467,4
2030,173,13,0.022604125099041698,4
2030,173,14,0.31070994738203805,4
2030,173,15,0.4437897629163635,4
2030,173,20,0.12754390887801847,4
2030,174,2,0.01656652489709951,4
2030,174,5,0.03969953791539624,4
2030,174,7,0.48631676776108157,4
2030,174,8,0.06754886376376167,4
2030,174,9,0.02307206768327337,4
2030,174,11,0.08859205821811196,4
2030,174,15,0.2306496786219145,4
2030,175,7,0.2630345063951501,4
2030,175,8,0.01659776231533839,4
2030,175,15,0.2119549892742626,4
2030,175,16,0.47699707387140744,4
2030,176,2,0.1223392716903301,4
2030,176,15,0.3631828356572871,4
2030,176,16,0.18700389476193455,4
2030,176,20,0.2864801102983264,4
2030,177,2,0.8520978144568472,4
2030,177,4,0.029948349979057112,4
2030,177,13,0.015136919558626555,4
2030,178,2,0.9073762743068914,4
2030,178,10,0.014377902839643145,4
2030,179,2,0.8906664728101441,4
2030,179,3,0.010343942072518307,4
2030,179,7,0.036440119239823245,4
2030,179,16,0.01834458167512014,4
2030,180,2,0.925509984865025,4
2030,181,3,0.3696073712854324,4
2030,181,6,0.05575082329806861,4
2030,181,14,0.5746418054164989,4
2030,182,4,0.5610128562528662,4
2030,182,7,0.37216332466420715,4
2030,182,17,0.03515028818179359,4
2030,182,20,0.010846518629566922,4
2030,183,2,0.609391736212256,4
2030,183,7,0.08312556735757812,4
2030,183,8,0.08534876086355539,4
2030,183,16,0.11451462606389179,4
2030,183,19,0.016084614155472306,4
2030,184,2,0.8646753675641855,4
2030,184,3,0.04121595451506965,4
2030,184,16,0.028026086737913035,4
2030,185,2,0.6877796299487542,4
2030,185,3,0.06939101131008586,4
2030,185,6,0.010580644236677398,4
2030,185,7,0.03969567707159175,4
2030,185,14,0.108268526659783,4
2030,185,16,0.06472289380240441,4
2030,186,1,0.03754573689617155,4
2030,186,2,0.6689317945348676,4
2030,186,3,0.06732804372191815,4
2030,186,7,0.06177945671591203,4
2030,186,14,0.03708190112010007,4
2030,186,16,0.06871014196017869,4
2030,186,18,0.010171320049017416,4
2030,187,2,0.291858147654786,4
2030,187,3,0.11004341637340467,4
2030,187,14,0.39460957699713933,4
2030,187,15,0.0371807905856642,4
2030,187,20,0.15818353872882346,4
2030,188,2,0.23066396425280025,4
2030,188,7,0.05072555840932533,4
2030,188,11,0.08704053800333911,4
2030,188,14,0.3383826984180321,4
2030,188,15,0.07990613445017933,4
2030,188,16,0.11749734031109552,4
2030,188,20,0.09578376615522839,4
2030,189,2,0.6580064988653482,4
2030,189,4,0.04110140431983265,4
2030,189,20,0.20355713922848517,4
2030,190,2,0.014437153238895451,4
2030,190,3,0.13515762466612669,4
2030,190,7,0.035261030232103086,4
2030,190,14,0.799951947077955,4
2030,190,18,0.015192244784919694,4
2030,191,3,0.012491475028303216,4
2030,191,6,0.021223043954845044,4
2030,191,7,0.5014347723407904,4
2030,191,10,0.1320382561086135,4
2030,191,16,0.32502389559460726,4
2030,192,1,0.13308310593118972,4
2030,192,6,0.08073732361859169,4
2030,192,7,0.6863796122950933,4
2030,192,11,0.060629445135751775,4
2030,192,16,0.039170513019373486,4
2030,193,2,0.13321402753240127,4
2030,193,6,0.07145158821982715,4
2030,193,7,0.3542906053490826,4
2030,193,11,0.025905838945481575,4
2030,193,16,0.24004454765952618,4
2030,193,20,0.17151764310236647,4
2030,194,2,0.1297704517366096,4
2030,194,3,0.07451327944977996,4
2030,194,6,0.049970287930828236,4
2030,194,7,0.14647825245909757,4
2030,194,14,0.2745065925679577,4
2030,194,15,0.034190585609399714,4
2030,194,16,0.18227716352687312,4
2030,194,20,0.10829338671945409,4
2030,195,2,0.1383178291414344,4
2030,195,6,0.09353143435746812,4
2030,195,11,0.043548154491426204,4
2030,195,13,0.048885206549119896,4
2030,195,14,0.21041381057969752,4
2030,195,15,0.42662136067750184,4
2030,195,20,0.03245505919807058,4
2030,196,2,0.17321048982268133,4
2030,196,3,0.08692249652954617,4
2030,196,7,0.011571820888778157,4
2030,196,8,0.010801367759960103,4
2030,196,11,0.11800897705300299,4
2030,196,14,0.395621171837156,4
2030,196,16,0.11680993436747651,4
2030,196,19,0.08421050198034728,4
2030,197,2,0.6113419565128612,4
2030,197,4,0.0553923469719011,4
2030,197,7,0.045763471247724605,4
2030,197,8,0.022844571245008428,4
2030,197,11,0.03476910679103072,4
2030,197,15,0.0231335224728492,4
2030,197,16,0.10566999149197845,4
2030,197,20,0.06027250137056563,4
2030,198,3,0.02889799564160684,4
2030,198,6,0.017788844694152872,4
2030,198,7,0.11240001232622358,4
2030,198,9,0.578695392385087,4
2030,198,13,0.02502351392582404,4
2030,198,14,0.03255482788606404,4
2030,198,20,0.11793532448105704,4
2030,199,1,0.029808024631857374,4
2030,199,2,0.12567425791049416,4
2030,199,6,0.08042044324325369,4
2030,199,9,0.09616007842195937,4
2030,199,13,0.027257739886958454,4
2030,199,15,0.28182144856790403,4
2030,199,17,0.06556204476130119,4
2030,199,18,0.07817630030484783,4
2030,199,20,0.12746444129709236,4
2030,200,3,0.027804935921110732,4
2030,200,6,0.016117890373803047,4
2030,200,7,0.15387829465190667,4
2030,200,9,0.5512568723850255,4
2030,200,11,0.033800009478907,4
2030,200,14,0.015718534028962554,4
2030,200,16,0.08488984792556047,4
2030,200,20,0.0242545138545958,4
2030,201,2,0.10992459073461155,4
2030,201,5,0.3511769843794211,4
2030,201,6,0.13887027357091727,4
2030,201,11,0.051116723604599665,4
2030,201,16,0.12777355694158854,4
2030,201,18,0.05845006365758578,4
2030,202,4,0.1689188168985845,4
2030,202,6,0.011876383900803401,4
2030,202,8,0.02524595883506317,4
2030,202,9,0.48024038074124886,4
2030,202,11,0.033367883759697896,4
2030,202,13,0.025508129594810143,4
2030,202,16,0.0531897548113104,4
2030,202,20,0.07640775273201503,4
2030,203,2,0.5533061326346381,4
2030,203,5,0.03761039864207262,4
2030,203,6,0.02653525450120444,4
2030,203,9,0.04840840082856709,4
2030,203,11,0.013689281571609004,4
2030,203,18,0.06641492614408286,4
2030,203,19,0.03227110044800663,4
2030,204,2,0.06394450623431377,4
2030,204,3,0.015518710634832069,4
2030,204,7,0.06621817174264583,4
2030,204,9,0.5144069446911143,4
2030,204,14,0.05120401958375038,4
2030,204,15,0.04076823465448694,4
2030,204,16,0.03251796191732579,4
2030,204,20,0.04933501874635653,4
2030,205,2,0.03764363465884676,4
2030,205,8,0.09871101361920247,4
2030,205,9,0.2488409700487967,4
2030,205,11,0.06366205616666258,4
2030,205,14,0.3190387419995496,4
2030,205,16,0.08850122322193292,4
2030,205,18,0.01923083698751874,4
2030,205,19,0.018368165751145756,4
2030,206,2,0.1510749552103942,4
2030,206,3,0.05791800694183879,4
2030,206,4,0.02231255476592306,4
2030,206,6,0.0395583814651582,4
2030,206,8,0.09969765490706557,4
2030,206,9,0.1583854576525543,4
2030,206,14,0.21238987966013215,4
2030,206,16,0.149042771955052,4
2030,207,4,0.09060142374879382,4
2030,207,7,0.015890812142629784,4
2030,207,8,0.024548600723635725,4
2030,207,9,0.601103995168491,4
2030,207,15,0.024161250797771715,4
2030,207,16,0.02985299079279886,4
2030,207,20,0.08594094237302782,4
2030,208,2,0.5287398118397608,4
2030,208,9,0.0979772759162117,4
2030,208,12,0.03200925590354362,4
2030,208,13,0.02110832563582703,4
2030,208,14,0.11081834428180236,4
2030,208,18,0.04435441772718287,4
2030,209,2,0.01126609566813481,4
2030,209,3,0.023738443923919435,4
2030,209,5,0.04351966174700945,4
2030,209,6,0.07023682694021426,4
2030,209,9,0.01840810370537705,4
2030,209,11,0.17674407565306657,4
2030,209,14,0.03292448600223358,4
2030,209,15,0.3465474813804512,4
2030,209,18,0.18776718371809578,4
2030,210,1,0.11865662116215772,4
2030,210,3,0.18453102021776346,4
2030,210,6,0.15016456571135933,4
2030,210,10,0.10617569126520764,4
2030,210,18,0.3204177538338302,4
2030,211,4,0.13487464674980287,4
2030,211,9,0.1484185909309977,4
2030,211,13,0.018196999738508038,4
2030,211,20,0.5749415473039999,4
2030,212,2,0.01141738345586062,4
2030,212,4,0.038240532666190166,4
2030,212,8,0.043619697285420825,4
2030,212,9,0.24129783464892213,4
2030,212,14,0.5406873422496817,4
2030,213,3,0.022478553143110997,4
2030,213,4,0.06460392526819361,4
2030,213,5,0.17178980393873436,4
2030,213,6,0.05029302043024574,4
2030,213,8,0.07741459843061109,4
2030,213,9,0.09029337127254827,4
2030,213,10,0.019505715128094216,4
2030,213,16,0.2007322443089883,4
2030,213,19,0.1591841985309502,4
2030,214,1,0.08800012151514977,4
2030,214,2,0.03221295073258125,4
2030,214,4,0.02840895631285882,4
2030,214,6,0.09120121941623346,4
2030,214,9,0.06968841999694463,4
2030,214,15,0.38021341218830484,4
2030,214,17,0.10215003827719898,4
2030,214,18,0.03807233362015333,4
2030,214,20,0.03162096847890932,4
2030,215,1,0.06525432710347792,4
2030,215,2,0.6727979261912052,4
2030,215,4,0.032821182612678156,4
2030,215,11,0.04009776500040697,4
2030,215,13,0.01904306050022069,4
2030,215,17,0.020962552470527845,4
2030,216,1,0.06968432916152192,4
2030,216,2,0.685709111956765,4
2030,216,10,0.06430145010342733,4
2030,216,16,0.01009641827843765,4
2030,216,19,0.034601252833988655,4
2030,217,2,0.03493189504317826,4
2030,217,3,0.10473937073445216,4
2030,217,8,0.15538005751984973,4
2030,217,14,0.3999762001961184,4
2030,217,15,0.027790309775996874,4
2030,217,17,0.08614485114695158,4
2030,217,19,0.07403272337723538,4
2030,218,2,0.27302297883107823,4
2030,218,9,0.08402672440750773,4
2030,218,15,0.29728011184029185,4
2030,218,17,0.03807481588578019,4
2030,218,20,0.17555216329458573,4
2030,219,2,0.6091150665313955,4
2030,219,8,0.07185356562768201,4
2030,219,10,0.01745348499340205,4
2030,219,15,0.016601766738637985,4
2030,219,19,0.15851883504317965,4
2030,220,2,0.8789765672978995,4
2030,220,7,0.010939031804320485,4
2030,221,2,0.4904227807816085,4
2030,221,7,0.02874924331818203,4
2030,221,12,0.034310313632095905,4
2030,221,14,0.18345441998340745,4
2030,221,15,0.09536079437185925,4
2030,221,16,0.06475057887598806,4
2030,221,20,0.03870378441189401,4
2030,222,2,0.13471408207802021,4
2030,222,6,0.15608606698470623,4
2030,222,15,0.5319959485698411,4
2030,222,16,0.010732075439797562,4
2030,222,17,0.05033638830910521,4
2030,222,20,0.0881430351890224,4
2030,223,2,0.02733508542639797,4
2030,223,7,0.02658752377254539,4
2030,223,8,0.5550273218969589,4
2030,223,15,0.33577121043995634,4
2030,223,19,0.055278858464141455,4
2030,224,2,0.81242809856289,4
2030,224,15,0.022920365424207417,4
2030,225,2,0.6473619394142267,4
2030,225,3,0.0723324256435206,4
2030,225,14,0.185806228326419,4
2030,226,2,0.6234999739899595,4
2030,226,6,0.01608547018702555,4
2030,226,7,0.08817425474432665,4
2030,226,11,0.02571765580833425,4
2030,226,13,0.025330028218292933,4
2030,226,16,0.041909572962299975,4
2030,226,20,0.1126793128513573,4
2030,227,2,0.6550713756977955,4
2030,227,6,0.0784430112871697,4
2030,227,13,0.05625378104440582,4
2030,227,14,0.08110263253032883,4
2030,227,20,0.08736230681586454,4
2030,228,3,0.11087657997636864,4
2030,228,6,0.02757372542810601,4
2030,228,7,0.13717588979674467,4
2030,228,11,0.02886245431132549,4
2030,228,14,0.4983587356186702,4
2030,228,16,0.19715261486878477,4
2030,229,1,0.27193786813282655,4
2030,229,6,0.1585475794473104,4
2030,229,7,0.3711411258854402,4
2030,229,11,0.033836521469134975,4
2030,229,12,0.020983038793710544,4
2030,229,13,0.02351469435114677,4
2030,229,16,0.09413295584673682,4
2030,230,1,0.6320444753835018,4
2030,230,3,0.04763594349944282,4
2030,230,7,0.25294938920484317,4
2030,230,16,0.03581474513832515,4
2030,231,3,0.04984875002831244,4
2030,231,4,0.6158002008096582,4
2030,231,7,0.21135518439882192,4
2030,231,16,0.010989472785850645,4
2030,231,17,0.03223937197733339,4
2030,231,20,0.012721439446104167,4
2030,232,4,0.012119085435476924,4
2030,232,8,0.018776787732631806,4
2030,232,9,0.20686409025117278,4
2030,232,13,0.018931943654825156,4
2030,232,15,0.38692517057439046,4
2030,232,17,0.07956797794201116,4
2030,232,18,0.15502597116738392,4
2030,233,7,0.10693142689506654,4
2030,233,8,0.010257662116793438,4
2030,233,9,0.6513532597329392,4
2030,233,15,0.05881818937995411,4
2030,233,16,0.03298599244629259,4
2030,233,20,0.04285470804989022,4
2030,234,2,0.1515103858290785,4
2030,234,3,0.04653013124443333,4
2030,234,8,0.02828460276515431,4
2030,234,9,0.20051979611928933,4
2030,234,14,0.40573737791063097,4
2030,234,17,0.07395851629119127,4
2030,235,1,0.05920472617564185,4
2030,235,2,0.6999027310957358,4
2030,235,6,0.031195666015072416,4
2030,235,11,0.04498814191152286,4
2030,235,13,0.010160784216666002,4
2030,235,16,0.016140208951525244,4
2030,235,17,0.022511634325691678,4
2030,235,18,0.012222090082772209,4
2030,236,7,0.1023511831814502,4
2030,236,8,0.04133707475549712,4
2030,236,9,0.5214495026618313,4
2030,236,10,0.05369658106236939,4
2030,236,15,0.033003631672788566,4
2030,236,16,0.13963758520201033,4
2030,236,19,0.01916288949275894,4
2030,237,2,0.23642684244736986,4
2030,237,9,0.45601070002585253,4
2030,237,20,0.17317249549879532,4
2030,238,2,0.04813347759900364,4
2030,238,3,0.06140393168578447,4
2030,238,9,0.5429145298754008,4
2030,238,14,0.07690788748731493,4
2030,238,15,0.09813641262627426,4
2030,239,4,0.04288520586370088,4
2030,239,8,0.1686466743341375,4
2030,239,10,0.021613190434965044,4
2030,239,14,0.4843698120065226,4
2030,239,16,0.047239635236865904,4
2030,239,17,0.0692937869932468,4
2030,239,19,0.06360972041996932,4
2030,240,2,0.702253745996512,4
2030,240,4,0.0910450117888994,4
2030,240,13,0.05554456273378188,4
2030,240,17,0.03848734598233026,4
2030,241,2,0.7008594185882766,4
2030,241,5,0.08216993187552689,4
2030,241,9,0.03536088403284593,4
2030,241,18,0.06099861702517965,4
2030,242,2,0.4469253726128113,4
2030,242,4,0.06115922467168772,4
2030,242,8,0.1573229615037859,4
2030,242,9,0.12394386365582787,4
2030,242,16,0.11994156775507817,4
2030,243,2,0.8237382059446007,4
2030,243,5,0.019449702853302456,4
2030,243,18,0.023438340853163743,4
2030,244,2,0.5255282302097315,4
2030,244,4,0.0643433712003292,4
2030,244,8,0.03851609026819831,4
2030,244,9,0.16020972395744562,4
2030,244,12,0.023140694317885263,4
2030,244,13,0.05461992671692582,4
2030,245,3,0.31323307575864795,4
2030,245,6,0.01835131177646823,4
2030,245,14,0.6026027878460127,4
2030,245,18,0.022421068221740805,4
2030,246,2,0.07224974865023798,4
2030,246,3,0.012484765752539463,4
2030,246,14,0.171514033943114,4
2030,246,15,0.012415490380482863,4
2030,246,16,0.2644341967231438,4
2030,246,20,0.45846746787767245,4
2030,247,3,0.04324218106503432,4
2030,247,6,0.01823477971744885,4
2030,247,7,0.1638776308317748,4
2030,247,11,0.01917964934177379,4
2030,247,14,0.6226722436790566,4
2030,247,16,0.10751573326007004,4
2030,247,20,0.020981359720498353,4
2030,248,6,0.034105685046684125,4
2030,248,7,0.6372048535389561,4
2030,248,12,0.11812041574469495,4
2030,248,16,0.18021655236481735,4
2030,249,2,0.013404772903609743,4
2030,249,4,0.020808420461594705,4
2030,249,9,0.3147958537731949,4
2030,249,11,0.011781902613653507,4
2030,249,13,0.01951897255951336,4
2030,249,20,0.6140069290094908,4
2030,250,2,0.025607857296237706,4
2030,250,3,0.02205015726999613,4
2030,250,7,0.07446499853215259,4
2030,250,9,0.6149760511462756,4
2030,250,14,0.04502852732101464,4
2030,250,15,0.058059485416428865,4
2030,250,16,0.02773945163836976,4
2030,250,20,0.041688543335182446,4
2030,251,7,0.12344013379086159,4
2030,251,9,0.6598889357389668,4
2030,251,11,0.010250682321770354,4
2030,251,15,0.026212344772213517,4
2030,251,16,0.04119524158491398,4
2030,251,20,0.02383780399431627,4
2030,252,3,0.02056337540927783,4
2030,252,7,0.05446077551340681,4
2030,252,9,0.683026541563701,4
2030,252,14,0.012247970747028911,4
2030,252,20,0.03778990792029256,4
2030,253,2,0.1850489474061753,4
2030,253,9,0.5589879197885825,4
2030,253,15,0.019003860909738393,4
2030,253,20,0.0776105997222608,4
2030,254,3,0.12239757928588677,4
2030,254,7,0.07135026367600451,4
2030,254,9,0.5167105676281835,4
2030,254,14,0.18224688186794513,4
2030,254,18,0.017433278582898455,4
2030,255,4,0.03784349198300686,4
2030,255,6,0.04318071493735192,4
2030,255,8,0.14421991656262542,4
2030,255,9,0.24111911741787362,4
2030,255,13,0.038250434149099836,4
2030,255,15,0.3909303734473654,4
2030,255,16,0.029851166431347415,4
2030,255,17,0.017687939917148454,4
2030,256,3,0.27329606118819744,4
2030,256,5,0.5260597247498252,4
2030,256,11,0.04220311514922247,4
2030,256,14,0.0802318254452104,4
2030,256,16,0.027946701846360503,4
2030,257,2,0.16822437687511838,4
2030,257,6,0.11251870683219971,4
2030,257,9,0.10079836616767072,4
2030,257,13,0.2820936803712144,4
2030,257,16,0.20775194147395207,4
2030,258,1,0.09672518527406133,4
2030,258,7,0.3409971437479728,4
2030,258,10,0.45774780086881595,4
2030,258,16,0.06685417254145051,4
2030,259,1,0.18716287297868892,4
2030,259,6,0.010392309722610205,4
2030,259,7,0.2160749145935919,4
2030,259,11,0.14427017754656124,4
2030,259,16,0.3711355789485678,4
2030,260,4,0.1763563701286428,4
2030,260,8,0.3853584180939476,4
2030,260,11,0.2280059561723875,4
2030,260,16,0.15155391487550257,4
2030,261,3,0.21299449363832873,4
2030,261,6,0.07172897011466006,4
2030,261,14,0.14896340562510993,4
2030,261,18,0.5039661657883722,4
2030,262,1,0.6926588196512478,4
2030,262,7,0.22045491951387047,4
2030,262,16,0.048081647205458274,4
2030,263,9,0.26713316904838164,4
2030,263,13,0.042074592581357546,4
2030,263,17,0.018627588174588518,4
2030,263,18,0.0528653632673565,4
2030,263,20,0.5825237253080892,4
2030,264,5,0.14462543491756916,4
2030,264,8,0.025303765654727525,4
2030,264,9,0.08589273937484905,4
2030,264,11,0.08639058662220438,4
2030,264,12,0.014546171252993742,4
2030,264,15,0.07077374354802979,4
2030,264,16,0.044309353142181956,4
2030,264,18,0.39687914526489865,4
2030,265,4,0.23657394584901942,4
2030,265,8,0.09957340613176602,4
2030,265,9,0.39898432804374084,4
2030,265,15,0.02672407583483602,4
2030,265,16,0.06934272078524446,4
2030,265,20,0.0527520476120375,4
2030,266,2,0.03970558283205142,4
2030,266,9,0.6345704831014526,4
2030,266,14,0.10886135963310815,4
2030,266,15,0.021635877938862708,4
2030,267,2,0.6208369142076198,4
2030,267,4,0.0313424397138692,4
2030,267,5,0.010746813495973668,4
2030,267,8,0.026114897882127168,4
2030,267,9,0.06908471179238773,4
2030,267,11,0.045597674780090684,4
2030,267,12,0.015158000301255784,4
2030,267,16,0.034430111520017494,4
2030,268,2,0.6242782164559659,4
2030,268,4,0.022011428432042807,4
2030,268,6,0.015743565914367853,4
2030,268,8,0.048789915232210476,4
2030,268,9,0.14981840457378257,4
2030,268,13,0.014355204926042819,4
2030,269,2,0.14183139459154825,4
2030,269,3,0.020063161104747006,4
2030,269,9,0.6073594393641363,4
2030,269,14,0.029102362746201378,4
2030,269,15,0.045000094914502846,4
2030,269,20,0.06466623700173516,4
2030,270,2,0.09577050565723164,4
2030,270,4,0.02863179764563473,4
2030,270,8,0.10808370618415944,4
2030,270,9,0.16426285136543572,4
2030,270,14,0.5396801931967076,4
2030,270,15,0.011345560156533789,4
2030,270,19,0.011972462928705333,4
2030,271,2,0.03204005551059028,4
2030,271,3,0.11695248942962885,4
2030,271,7,0.13035577468358553,4
2030,271,11,0.02651381833801919,4
2030,271,16,0.30832656049127743,4
2030,271,17,0.07999381687871922,4
2030,271,18,0.06981554093376956,4
2030,271,19,0.19450520846646324,4
2030,272,4,0.1298439956347162,4
2030,272,8,0.036082154453341765,4
2030,272,9,0.5154684418383341,4
2030,272,15,0.06862096192282569,4
2030,272,16,0.046872550792798395,4
2030,272,20,0.12462793255986217,4
2030,273,2,0.030907848499185195,4
2030,273,3,0.08100196382905268,4
2030,273,5,0.35820144785288754,4
2030,273,9,0.06090519042931604,4
2030,273,17,0.16095319206777306,4
2030,273,19,0.11725564683586989,4
2030,274,1,0.12602446431760608,4
2030,274,3,0.4193142342184486,4
2030,274,10,0.21544114137462342,4
2030,274,16,0.19247680717368135,4
2030,274,19,0.03629285003414649,4
2030,275,1,0.9164286806343487,4
2030,275,7,0.05926653846360118,4
2030,276,4,0.29354177235680773,4
2030,276,8,0.04526971100931614,4
2030,276,15,0.021210378992573026,4
2030,276,17,0.6014802548814292,4
2030,276,20,0.03849788275987385,4
2030,277,1,0.04669458206652088,4
2030,277,2,0.13117206566291537,4
2030,277,3,0.12022022367964984,4
2030,277,5,0.26094711805721593,4
2030,277,7,0.02020396246703764,4
2030,277,8,0.015545552085778302,4
2030,277,14,0.03654825192970549,4
2030,277,17,0.16512065973766454,4
2030,277,18,0.0936215826195004,4
2030,277,20,0.0920442185951188,4
2030,278,4,0.1020408848591088,4
2030,278,5,0.3072084882887994,4
2030,278,6,0.11657979425646253,4
2030,278,8,0.08562857602398817,4
2030,278,9,0.16194856236677146,4
2030,278,13,0.06308815635182341,4
2030,278,16,0.02334346713822817,4
2030,278,17,0.0316570742853304,4
2030,278,20,0.029188125441384005,4
2030,279,1,0.02452871743709996,4
2030,279,5,0.01127841724025081,4
2030,279,8,0.040904028817898515,4
2030,279,10,0.07481518383564918,4
2030,279,16,0.6330689214672375,4
2030,279,17,0.01725666490030223,4
2030,279,18,0.07329542760523472,4
2030,279,19,0.12289077799711187,4
2030,280,1,0.26551270652062603,4
2030,280,7,0.3676590058626451,4
2030,280,8,0.02963034862444845,4
2030,280,10,0.16554719744567012,4
2030,280,11,0.04950613183540755,4
2030,280,16,0.0701959638759294,4
2030,281,1,0.1937876049729877,4
2030,281,10,0.03498828901458499,4
2030,281,16,0.6052249647771794,4
2030,281,17,0.11110272871242281,4
2030,281,19,0.04409287563005224,4
2030,282,3,0.034564781221778446,4
2030,282,6,0.020841062718826256,4
2030,282,7,0.12576928707776872,4
2030,282,11,0.10022661391749382,4
2030,282,13,0.08749050143398245,4
2030,282,14,0.019040979463503006,4
2030,282,16,0.5537519161446901,4
2030,282,20,0.05118111577086309,4
2030,283,1,0.5743046965918268,4
2030,283,7,0.2384707346240041,4
2030,283,8,0.03634837993024422,4
2030,283,10,0.05635366029143859,4
2030,283,16,0.07973731954956187,4
2030,284,4,0.28583009547474725,4
2030,284,8,0.07107635486612518,4
2030,284,9,0.18053900222085772,4
2030,284,13,0.07192351515356259,4
2030,284,16,0.05084486123540957,4
2030,284,20,0.33529171161470034,4
2030,285,3,0.02879198734816254,4
2030,285,5,0.013997620345454449,4
2030,285,9,0.07523732545594856,4
2030,285,14,0.6310236019254961,4
2030,285,17,0.01488472111233214,4
2030,285,18,0.0843230179371896,4
2030,285,19,0.12588947657354,4
2030,286,4,0.053516303427839335,4
2030,286,8,0.07683478526173504,4
2030,286,9,0.369716862641189,4
2030,286,11,0.013702139072302525,4
2030,286,12,0.033821762432621943,4
2030,286,15,0.01562203516435594,4
2030,286,16,0.06801404460463593,4
2030,286,20,0.3380556400085291,4
2030,287,9,0.03599705284894057,4
2030,287,12,0.1342730615710044,4
2030,287,14,0.10132665249167805,4
2030,287,18,0.5410569212742744,4
2030,288,1,0.4117551377567905,4
2030,288,3,0.023049781235359678,4
2030,288,7,0.08691805298262319,4
2030,288,16,0.4626207333419571,4
2030,289,1,0.01904769158271515,4
2030,289,4,0.6888179993806635,4
2030,289,6,0.1505675998766521,4
2030,289,8,0.013840301596031382,4
2030,289,10,0.027264898279778734,4
2030,289,17,0.032488688039446045,4
2030,289,18,0.04448935629836283,4
2030,289,19,0.010593275970591117,4
2030,290,1,0.011261731771322761,4
2030,290,7,0.03671787112728866,4
2030,290,9,0.8306855285244432,4
2030,290,20,0.03762529240745126,4
2030,291,2,0.013738205218460624,4
2030,291,4,0.18871945839318677,4
2030,291,5,0.02846000846556998,4
2030,291,8,0.011058803569251001,4
2030,291,9,0.11621804102669667,4
2030,291,12,0.011423368205765947,4
2030,291,15,0.05403489156896822,4
2030,291,18,0.48276733170974634,4
2030,292,4,0.0712193602905534,4
2030,292,7,0.08488087060622486,4
2030,292,9,0.4699031257375189,4
2030,292,11,0.12215687299275403,4
2030,292,12,0.06376234712756358,4
2030,292,15,0.06303415502751264,4
2030,292,16,0.055119826175670794,4
2030,293,4,0.0838358684507427,4
2030,293,5,0.022891460661340186,4
2030,293,11,0.05461549283451291,4
2030,293,12,0.015162898748972661,4
2030,293,15,0.11526916793611852,4
2030,293,18,0.5692445444066718,4
2030,293,20,0.05059052217119017,4
2030,294,1,0.11045716066195592,4
2030,294,3,0.016394250607448514,4
2030,294,9,0.014203738761901638,4
2030,294,14,0.13600077412640685,4
2030,294,16,0.501664284804725,4
2030,294,18,0.12384539972052487,4
2030,295,1,0.06816043695115029,4
2030,295,8,0.19804233006504465,4
2030,295,10,0.13442968480594827,4
2030,295,11,0.5266771675378686,4
2030,295,16,0.013132673157482266,4
2030,295,17,0.012330473845625215,4
2030,295,19,0.019718820465689423,4
2030,296,2,0.041955967010354506,4
2030,296,5,0.1958519863290602,4
2030,296,6,0.021369043366143408,4
2030,296,9,0.3606414198565414,4
2030,296,11,0.12389740028090394,4
2030,296,13,0.018117291401990823,4
2030,296,16,0.17756363957261145,4
2030,297,3,0.021661621334263536,4
2030,297,5,0.4991515924228424,4
2030,297,6,0.16956076822737118,4
2030,297,16,0.22182131866754246,4
2030,297,18,0.017750045966067492,4
2030,298,6,0.019290064382915514,4
2030,298,11,0.14696020346301378,4
2030,298,13,0.16376056478136602,4
2030,298,14,0.06765680745778363,4
2030,298,16,0.47476902414969585,4
2030,298,18,0.04755525898480979,4
2030,298,20,0.08000807678041552,4
2030,299,4,0.2013231237693783,4
2030,299,8,0.014685845863411708,4
2030,299,9,0.2579244999823204,4
2030,299,16,0.2052915809779112,4
2030,299,20,0.32077494940697826,4
2030,300,2,0.018906811795598194,4
2030,300,3,0.05347487376539709,4
2030,300,7,0.013704234934178272,4
2030,300,9,0.7058138216176323,4
2030,300,14,0.15073269806398418,4
2030,300,20,0.016069026848751364,4
2030,301,3,0.243951645638434,4
2030,301,5,0.3775217516682305,4
2030,301,6,0.05710364195507483,4
2030,301,7,0.045384000333408586,4
2030,301,14,0.08504522831321949,4
2030,301,15,0.019980062151079985,4
2030,301,16,0.11111355833537537,4
2030,302,1,0.14291776150787316,4
2030,302,6,0.05199862827292152,4
2030,302,7,0.2792041873471303,4
2030,302,8,0.05835629295718155,4
2030,302,10,0.08958207295865106,4
2030,302,11,0.131273524696117,4
2030,302,12,0.0391722212041517,4
2030,302,16,0.16833826283365802,4
2030,302,17,0.02471480672313747,4
2030,302,19,0.014442241499178133,4
2030,303,4,0.04176205305839055,4
2030,303,6,0.07620337100813994,4
2030,303,11,0.04033600830241661,4
2030,303,12,0.10255856644573219,4
2030,303,13,0.13221157538048378,4
2030,303,16,0.05127723827134711,4
2030,303,18,0.5219191513137903,4
2030,304,6,0.013057635644255036,4
2030,304,7,0.025008748710797588,4
2030,304,11,0.26339006338916526,4
2030,304,14,0.10878560920200601,4
2030,304,16,0.30453527310108197,4
2030,304,17,0.052322601627051074,4
2030,304,18,0.22516650339039587,4
2030,305,2,0.08230135005841845,4
2030,305,5,0.11183254738069112,4
2030,305,8,0.1752271031317936,4
2030,305,9,0.09899136414762573,4
2030,305,11,0.20274236243905544,4
2030,305,15,0.042420559388636904,4
2030,305,16,0.28648471345377874,4
2030,306,2,0.23220424435553716,4
2030,306,9,0.661382472183859,4
2030,306,20,0.042897839985460186,4
2030,307,2,0.12181439618020438,4
2030,307,9,0.7949912922820745,4
2030,308,9,0.8401296970224815,4
2030,309,2,0.06827933998008907,4
2030,309,5,0.06258978270982785,4
2030,309,8,0.0908713376371076,4
2030,309,9,0.1924743202600858,4
2030,309,15,0.042909932880762315,4
2030,309,18,0.41456510118106693,4
2030,310,4,0.2310480094412674,4
2030,310,5,0.31021242783185016,4
2030,310,8,0.07784631938456923,4
2030,310,9,0.19598626323456195,4
2030,310,11,0.07463763457681073,4
2030,310,16,0.07856824428001609,4
2030,311,5,0.10764505648321628,4
2030,311,7,0.024217316589640922,4
2030,311,11,0.09163043298373473,4
2030,311,15,0.03526877436041129,4
2030,311,16,0.06024947844696948,4
2030,311,19,0.6613865653148147,4
2030,312,4,0.0761497577514272,4
2030,312,5,0.22287762677178402,4
2030,312,8,0.15921408557418196,4
2030,312,9,0.1807687456991534,4
2030,312,11,0.0891931752991866,4
2030,312,16,0.26057003163549763,4
2030,313,5,0.06415330827908128,4
2030,313,6,0.028067276487851137,4
2030,313,9,0.20062072740572756,4
2030,313,11,0.025128822770334458,4
2030,313,12,0.06443600625355105,4
2030,313,13,0.07518814959361426,4
2030,313,14,0.40589117429863547,4
2030,313,18,0.12331118703312567,4
2030,314,4,0.4607171911082021,4
2030,314,6,0.14359486710976907,4
2030,314,9,0.36774574465036125,4
2030,315,5,0.7112715749199537,4
2030,315,8,0.052609431542019115,4
2030,315,10,0.12588796851581718,4
2030,315,16,0.07410682259874286,4
2030,316,2,0.014545355741755408,4
2030,316,4,0.46345838712335746,4
2030,316,8,0.044544985776213776,4
2030,316,9,0.25187143269350665,4
2030,316,16,0.20483694054111334,4
2030,317,9,0.3070686347657549,4
2030,317,12,0.022692981254581662,4
2030,317,13,0.030100519296394908,4
2030,317,14,0.5763442017483831,4
2030,317,18,0.06379366293488534,4
2030,318,1,0.19490172420065097,4
2030,318,8,0.15587739044306406,4
2030,318,11,0.38928251154450616,4
2030,318,12,0.21143598357754578,4
2030,318,17,0.04312140769557064,4
2030,319,5,0.3619451134868769,4
2030,319,6,0.1663138648109039,4
2030,319,9,0.08804877777176172,4
2030,319,11,0.12387336597844074,4
2030,319,16,0.13309697625297762,4
2030,319,18,0.12205556548582246,4
2030,320,8,0.026482577760404184,4
2030,320,9,0.2093000926638251,4
2030,320,11,0.24953745561643034,4
2030,320,12,0.2807482368394003,4
2030,320,16,0.19816821782272465,4
2030,321,4,0.14192667532516626,4
2030,321,6,0.0547474053246847,4
2030,321,8,0.08049576899073756,4
2030,321,9,0.5147984706358654,4
2030,321,11,0.08053864526156555,4
2030,321,13,0.023725859728741448,4
2030,321,17,0.02612249582348128,4
2030,321,20,0.03417412564652137,4
2030,322,5,0.18659069127371475,4
2030,322,9,0.2588094726267893,4
2030,322,11,0.01884679992464342,4
2030,322,15,0.04395732806128832,4
2030,322,18,0.3301972049745467,4
2030,323,2,0.03856117618882298,4
2030,323,5,0.43647010234132566,4
2030,323,6,0.18123881850818033,4
2030,323,9,0.022329608381151368,4
2030,323,11,0.028993974393884438,4
2030,323,16,0.153352374566652,4
2030,323,18,0.027130464858986618,4
2030,323,20,0.035376004966989026,4
2030,324,6,0.07209325300142923,4
2030,324,12,0.11488486114755418,4
2030,324,13,0.2645885900264696,4
2030,324,14,0.06678740754922709,4
2030,324,18,0.42630963001294625,4
2030,325,1,0.7755966350290291,4
2030,325,6,0.010486777316507092,4
2030,325,11,0.1320408956285403,4
2030,325,16,0.06793990488227271,4
2030,326,1,0.3630396584191503,4
2030,326,4,0.1724969912150702,4
2030,326,6,0.036239353737302284,4
2030,326,8,0.049948909377340284,4
2030,326,11,0.20005247392746037,4
2030,326,13,0.16349993062711082,4
2030,326,20,0.014722682696565601,4
2030,327,1,0.109022733618026,4
2030,327,8,0.05413295332768211,4
2030,327,9,0.024101156449436646,4
2030,327,10,0.14609001475815991,4
2030,327,11,0.5451170715626268,4
2030,327,12,0.04387716108718286,4
2030,327,17,0.01444467765860324,4
2030,327,18,0.039060753696099675,4
2030,327,19,0.015546899210263813,4
2030,328,2,0.020447818411459453,4
2030,328,6,0.057140453706050816,4
2030,328,9,0.2101489712924086,4
2030,328,11,0.24174098292941326,4
2030,328,12,0.2536727045950922,4
2030,328,16,0.13648036428088522,4
2030,328,18,0.079446442028118,4
2030,329,1,0.1882640499580525,4
2030,329,8,0.0926919931006492,4
2030,329,10,0.05966328767455781,4
2030,329,16,0.49454135844868363,4
2030,329,17,0.09803962469313776,4
2030,329,19,0.06679968612491896,4
2030,330,4,0.210069936268419,4
2030,330,5,0.15720486497929897,4
2030,330,8,0.11496277440425427,4
2030,330,9,0.27674367820576073,4
2030,330,11,0.02186417086188338,4
2030,330,16,0.21664200380198634,4
2030,331,1,0.03323299129334545,4
2030,331,5,0.3405690163121615,4
2030,331,6,0.013393945723430955,4
2030,331,8,0.3164931018168643,4
2030,331,10,0.060411026791446776,4
2030,331,16,0.14773418913420508,4
2030,331,17,0.06066107323985073,4
2030,331,19,0.02750465568869521,4
2030,332,6,0.031978250292448385,4
2030,332,7,0.04810491324430169,4
2030,332,9,0.6841817452802831,4
2030,332,11,0.10401063833866322,4
2030,332,16,0.09458648011652657,4
2030,332,17,0.011942949418879292,4
2030,333,3,0.02984966937472344,4
2030,333,6,0.11074840334427555,4
2030,333,12,0.016642454275264354,4
2030,333,13,0.024936157220740204,4
2030,333,14,0.12487514689091335,4
2030,333,16,0.01914658682103565,4
2030,333,18,0.6738015820730473,4
2030,334,1,0.7045006046159441,4
2030,334,5,0.03534589908638133,4
2030,334,7,0.010283362659724984,4
2030,334,11,0.1740760428082341,4
2030,334,13,0.016729454319001583,4
2030,334,16,0.02336104756526556,4
2030,334,18,0.014780254271878549,4
2030,335,1,0.11839553103267288,4
2030,335,4,0.05225175001764505,4
2030,335,6,0.06899156956099914,4
2030,335,8,0.5640288779769445,4
2030,335,11,0.040702151257034816,4
2030,335,13,0.012026557264239771,4
2030,335,17,0.14360356289046394,4
2030,336,5,0.05113368782490467,4
2030,336,8,0.10813785227457695,4
2030,336,9,0.4894587595162458,4
2030,336,10,0.05852690677989898,4
2030,336,11,0.059802539529956275,4
2030,336,15,0.018936850170168128,4
2030,336,16,0.04125145412202803,4
2030,336,17,0.048498423955448344,4
2030,336,19,0.05697213890134944,4
2030,337,3,0.022469487868998633,4
2030,337,6,0.01655098928564266,4
2030,337,9,0.6783901693769911,4
2030,337,13,0.06722856702774134,4
2030,337,14,0.14169297940805484,4
2030,337,18,0.057340157221852775,4
2030,338,4,0.15405942161944203,4
2030,338,5,0.3246224075128335,4
2030,338,6,0.04932360918286126,4
2030,338,8,0.16942904521422386,4
2030,338,9,0.1953074284688524,4
2030,338,13,0.016278704486686557,4
2030,338,16,0.08852043113241037,4
2030,339,4,0.16271785901312252,4
2030,339,9,0.13533499941462265,4
2030,339,12,0.06479980853322174,4
2030,339,13,0.0704417255560472,4
2030,339,18,0.5455649492200652,4
2030,340,4,0.06985631432402638,4
2030,340,9,0.6057789404056458,4
2030,340,12,0.019941063056633845,4
2030,340,13,0.26469915626220963,4
2030,340,20,0.0397245259514844,4
2030,341,4,0.49217188791649014,4
2030,341,5,0.19327799507435045,4
2030,341,6,0.020125695409537143,4
2030,341,8,0.1507335453047891,4
2030,341,9,0.026228282452306073,4
2030,341,11,0.04393959497122275,4
2030,341,16,0.010455916889289495,4
2030,341,17,0.06306708198201492,4
2030,342,5,1.0,4
2030,343,8,0.16466713231374008,4
2030,343,10,0.11404781492190443,4
2030,343,11,0.5798573838296941,4
2030,343,12,0.12013501878983425,4
2030,343,16,0.011394129589337615,4
2030,344,5,0.24403777032529622,4
2030,344,6,0.03195711253520063,4
2030,344,8,0.13223153979017951,4
2030,344,11,0.14294086465341682,4
2030,344,12,0.02065844308786336,4
2030,344,16,0.28472083260155856,4
2030,344,17,0.14345343700648494,4
2030,345,1,0.1105223717452513,4
2030,345,8,0.01840720644447423,4
2030,345,10,0.6564575573644906,4
2030,345,11,0.0569323451206547,4
2030,345,12,0.049435137569734645,4
2030,345,17,0.10753288603843165,4
2030,346,1,0.40643034705405906,4
2030,346,6,0.02778610874310173,4
2030,346,11,0.016030652535931732,4
2030,346,13,0.18202347024380267,4
2030,346,16,0.36772942142310483,4
2030,347,1,0.8171549366428478,4
2030,347,4,0.03235951539985117,4
2030,347,5,0.022887219154498713,4
2030,347,11,0.08474090042503225,4
2030,347,12,0.02326581635044004,4
2030,347,17,0.01959161202733005,4
2030,348,4,0.1458492185271823,4
2030,348,8,0.03109774859390096,4
2030,348,12,0.024893752681282647,4
2030,348,15,0.05773495967656168,4
2030,348,17,0.7404243205210722,4
2030,349,5,0.07502853585817523,4
2030,349,8,0.3210987011262106,4
2030,349,9,0.03532993035527237,4
2030,349,17,0.041502556605285866,4
2030,349,19,0.5270402760550558,4
2030,350,4,0.029670256062266875,4
2030,350,5,0.5250288139783368,4
2030,350,8,0.34739144899647706,4
2030,350,17,0.061317625131840366,4
2030,351,1,0.35746588131658386,4
2030,351,6,0.09485175538252763,4
2030,351,10,0.24288949009767505,4
2030,351,12,0.13663085383518467,4
2030,351,16,0.16816201936802883,4
2030,352,1,0.6468167145607857,4
2030,352,6,0.09838555672935204,4
2030,352,11,0.09801038223239185,4
2030,352,13,0.15678734647747034,4
2030,353,17,1.0,4
2030,354,5,0.23491204407940713,4
2030,354,14,0.038938233270407255,4
2030,354,15,0.04332704231894052,4
2030,354,18,0.6260674922825785,4
2030,354,19,0.022196761408613222,4
2030,355,4,0.6979736197127469,4
2030,355,6,0.06415591486850616,4
2030,355,9,0.21825563840170953,4
2030,355,13,0.01961482701703706,4
2030,356,8,0.04774787639588942,4
2030,356,9,0.8931592538953241,4
2030,356,15,0.0439095211491744,4
2030,357,9,0.9859671746876528,4
2030,358,19,1.0,4
2030,359,1,0.06053891171902321,4
2030,359,4,0.1094544470383182,4
2030,359,8,0.05731877301241819,4
2030,359,9,0.6269643166030466,4
2030,359,12,0.04054329298691839,4
2030,359,13,0.06238387582234321,4
2030,359,16,0.03173976495132954,4
2030,360,4,0.06324393941925226,4
2030,360,5,0.48742350878319185,4
2030,360,8,0.24420327558245383,4
2030,360,17,0.1583056711327518,4
2030,360,19,0.014946589410180301,4
2030,361,6,0.10187708624600048,4
2030,361,12,0.14140368427911557,4
2030,361,14,0.12920930634667915,4
2030,361,16,0.07452241892926688,4
2030,361,18,0.5509655906553703,4
2030,362,1,0.4754197788627649,4
2030,362,5,0.026480442206628253,4
2030,362,11,0.3646309835426099,4
2030,362,12,0.04289209196727582,4
2030,362,17,0.08084309851093179,4
2030,363,1,0.8882452021180478,4
2030,363,5,0.03438566822873871,4
2030,363,8,0.049791982066716284,4
2030,363,11,0.01146069112894853,4
2030,364,1,0.5080883060176296,4
2030,364,5,0.051245438246333035,4
2030,364,8,0.13035960357387835,4
2030,364,12,0.034290183539690655,4
2030,364,16,0.2760164686224684,4
2030,365,1,0.8490312556738941,4
2030,365,3,0.030190205433877144,4
2030,365,10,0.018338504030147484,4
2030,365,19,0.05528931783939899,4
2030,1,1,0.08609344005505401,5
2030,1,4,0.033576173008825504,5
2030,1,6,0.041262983921825175,5
2030,1,8,0.10964207626018188,5
2030,1,9,0.022271690057116312,5
2030,1,11,0.39753271084165076,5
2030,1,13,0.06657624133576853,5
2030,1,17,0.22244579678337453,5
2030,2,5,0.05286386668181371,5
2030,2,9,0.5552955581198368,5
2030,2,11,0.08528078333914578,5
2030,2,14,0.022970038709683994,5
2030,2,16,0.11946307897853085,5
2030,2,18,0.15363955990760017,5
2030,3,2,0.034558167090017716,5
2030,3,4,0.13145228472170703,5
2030,3,8,0.04391561886926654,5
2030,3,9,0.14352539294859193,5
2030,3,11,0.037438992958135915,5
2030,3,15,0.016838757644225048,5
2030,3,16,0.07525440143789348,5
2030,3,18,0.5147170884382097,5
2030,4,5,0.1938141234435985,5
2030,4,6,0.6978760049567106,5
2030,4,12,0.0314395199022936,5
2030,4,14,0.028666724174982432,5
2030,4,18,0.0296279269596769,5
2030,5,1,0.08496598948401894,5
2030,5,8,0.06371312211474252,5
2030,5,11,0.5275158325959612,5
2030,5,12,0.28699498851717736,5
2030,5,13,0.026390792954291233,5
2030,5,17,0.010419274333808588,5
2030,6,8,0.16922168957888156,5
2030,6,9,0.04644787792274647,5
2030,6,11,0.47039133021989127,5
2030,6,12,0.08443526595899861,5
2030,6,16,0.22430009039274823,5
2030,7,4,0.03922471375512212,5
2030,7,8,0.11695107072726316,5
2030,7,9,0.4916944943668516,5
2030,7,11,0.09390615265547517,5
2030,7,12,0.031941261730087836,5
2030,7,15,0.06019111573049776,5
2030,7,16,0.16457644428866394,5
2030,8,3,0.08893987342857133,5
2030,8,5,0.06201198761948761,5
2030,8,6,0.09017149091185313,5
2030,8,10,0.03263538526811348,5
2030,8,16,0.2249106031482583,5
2030,8,19,0.49800301755557363,5
2030,9,1,0.2524046634218596,5
2030,9,10,0.11245321283919489,5
2030,9,11,0.6125750367223174,5
2030,9,17,0.01279755137926247,5
2030,10,4,0.0962948914787632,5
2030,10,5,0.36768702835081907,5
2030,10,6,0.15281142115073862,5
2030,10,8,0.06067515111993635,5
2030,10,9,0.05005491598640856,5
2030,10,11,0.0668224768813216,5
2030,10,13,0.07604051455465456,5
2030,10,16,0.1201119142021646,5
2030,11,1,0.02067939046418693,5
2030,11,5,0.09920385518763525,5
2030,11,6,0.04091832154812088,5
2030,11,8,0.5381908609427536,5
2030,11,10,0.061248992659390565,5
2030,11,11,0.08593721632471536,5
2030,11,16,0.09078910857358849,5
2030,11,18,0.022762518905789418,5
2030,11,19,0.03183269482143476,5
2030,12,1,0.17642148700775626,5
2030,12,8,0.024877543147200885,5
2030,12,10,0.7599044121073262,5
2030,12,12,0.01583561445300158,5
2030,12,17,0.022960943284714753,5
2030,13,1,0.8462729705469739,5
2030,13,4,0.010322601102380804,5
2030,13,7,0.019185816571844445,5
2030,13,11,0.05788132886236081,5
2030,13,15,0.010000859923521186,5
2030,13,17,0.033021137847041145,5
2030,13,20,0.012095430844583194,5
2030,14,1,0.7561574941669973,5
2030,14,6,0.07813269538265913,5
2030,14,11,0.011628178626207413,5
2030,14,16,0.13732228071060426,5
2030,15,4,0.3054192236769536,5
2030,15,12,0.03642648183416801,5
2030,15,17,0.6581542944888781,5
2030,16,4,0.02264796277629037,5
2030,16,5,0.08480137522581897,5
2030,16,8,0.034490314433781095,5
2030,16,9,0.2235863831725405,5
2030,16,12,0.12456975613707377,5
2030,16,15,0.010178744623302592,5
2030,16,16,0.03874611317008688,5
2030,16,18,0.4545988388868154,5
2030,17,1,0.18962653797101478,5
2030,17,5,0.43966194546263543,5
2030,17,6,0.18985322983896277,5
2030,17,11,0.06173396571508912,5
2030,17,16,0.11206262049308269,5
2030,18,1,0.534716877377967,5
2030,18,5,0.05125438252388735,5
2030,18,6,0.08405622444200524,5
2030,18,9,0.022606745306049603,5
2030,18,11,0.045365485301627886,5
2030,18,16,0.21601969171557342,5
2030,18,19,0.02969638556224682,5
2030,19,2,0.04616266252078886,5
2030,19,9,0.30836655301679233,5
2030,19,13,0.4695679560977163,5
2030,19,18,0.16870491465206103,5
2030,20,4,0.04383548853345889,5
2030,20,8,0.14352246732364898,5
2030,20,9,0.16947764481254138,5
2030,20,11,0.044826116340499884,5
2030,20,12,0.11876200342905872,5
2030,20,13,0.4512750997470007,5
2030,20,15,0.02830117981379148,5
2030,21,4,0.3787837492794928,5
2030,21,8,0.0986834994631261,5
2030,21,9,0.32291834196837543,5
2030,21,12,0.025357894203479545,5
2030,21,16,0.1707054430407926,5
2030,22,3,0.06402393082787666,5
2030,22,5,0.030540606282231503,5
2030,22,9,0.6598874093689366,5
2030,22,14,0.14255351600175223,5
2030,22,18,0.09378535148675735,5
2030,23,2,0.15573422614259225,5
2030,23,5,0.43411116909566616,5
2030,23,6,0.06449112146168513,5
2030,23,9,0.09308005576837228,5
2030,23,11,0.09473375226750703,5
2030,23,13,0.029730306469720906,5
2030,23,16,0.05485441134877457,5
2030,23,20,0.06218053761367324,5
2030,24,2,0.15867364196222355,5
2030,24,4,0.06855002683031657,5
2030,24,6,0.01092721109186477,5
2030,24,9,0.15566869390416416,5
2030,24,12,0.11052827752159587,5
2030,24,15,0.026106030752218224,5
2030,24,16,0.01856090759229599,5
2030,24,18,0.3863096902361837,5
2030,24,20,0.05525152849453707,5
2030,25,2,0.06104106239857304,5
2030,25,4,0.09113326319591293,5
2030,25,9,0.07611087561630714,5
2030,25,11,0.014641598765796892,5
2030,25,12,0.10510998233176529,5
2030,25,15,0.137792525681186,5
2030,25,16,0.014980650528962613,5
2030,25,18,0.4735022320319084,5
2030,25,20,0.025687809449587602,5
2030,26,2,0.17113453509305535,5
2030,26,5,0.5399811563341917,5
2030,26,6,0.1094817004740156,5
2030,26,16,0.07170541235124354,5
2030,26,18,0.03052672381787912,5
2030,26,20,0.06675199906330154,5
2030,27,5,0.4124465120520681,5
2030,27,6,0.14248391971666985,5
2030,27,8,0.011190038701750981,5
2030,27,9,0.16789061637545422,5
2030,27,11,0.05312281521573754,5
2030,27,13,0.1424722495686074,5
2030,27,16,0.05905656415833317,5
2030,28,4,0.16814666347833568,5
2030,28,8,0.12268066967850014,5
2030,28,9,0.33814973725085823,5
2030,28,11,0.020369899472340976,5
2030,28,12,0.21324127213264424,5
2030,28,15,0.02826601839270766,5
2030,28,16,0.0781410516590246,5
2030,29,7,0.07564649389595653,5
2030,29,9,0.8574790063178337,5
2030,29,15,0.014910223066007628,5
2030,29,16,0.030125036244618875,5
2030,29,20,0.013803911628934889,5
2030,30,3,0.012633451091304123,5
2030,30,6,0.01721720259313198,5
2030,30,7,0.05694250124924072,5
2030,30,9,0.849357890238177,5
2030,30,10,0.013514193043112294,5
2030,30,14,0.013936688456233306,5
2030,30,16,0.032546571088689746,5
2030,31,2,0.13170090102477858,5
2030,31,4,0.11463856856655101,5
2030,31,8,0.04042789067951981,5
2030,31,9,0.15705141875057993,5
2030,31,12,0.017314480890590594,5
2030,31,15,0.0411100007384217,5
2030,31,18,0.48789017063404055,5
2030,32,2,0.05531547232006692,5
2030,32,4,0.03875796897884564,5
2030,32,5,0.49009004072419926,5
2030,32,6,0.13832415564820189,5
2030,32,8,0.0665095151120049,5
2030,32,9,0.12473056472642555,5
2030,32,13,0.0631306911822658,5
2030,32,16,0.012445532830799601,5
2030,32,17,0.010696058477190271,5
2030,33,2,0.014689561121835776,5
2030,33,4,0.19070004440265945,5
2030,33,9,0.1906687459710987,5
2030,33,12,0.10524605172735081,5
2030,33,13,0.09060119921131701,5
2030,33,18,0.4080943975657383,5
2030,34,4,0.04699827720935252,5
2030,34,5,0.47186236223752664,5
2030,34,6,0.0199150223226136,5
2030,34,7,0.16658091749450324,5
2030,34,11,0.09591099757024354,5
2030,34,12,0.1612443424883963,5
2030,34,13,0.03748808067736424,5
2030,35,2,0.19870003824341526,5
2030,35,9,0.22072396950494297,5
2030,35,13,0.4283248437909222,5
2030,35,16,0.017744390595500686,5
2030,35,20,0.08065559518234071,5
2030,36,4,0.11780882883768752,5
2030,36,7,0.016472263863854468,5
2030,36,9,0.560015713967847,5
2030,36,11,0.02115660531970447,5
2030,36,15,0.12038101558364311,5
2030,36,16,0.05230559100442741,5
2030,36,20,0.10761101207866557,5
2030,37,9,0.9775385029830008,5
2030,37,20,0.013794652651265133,5
2030,38,4,0.013197716896366661,5
2030,38,8,0.010851307416372807,5
2030,38,9,0.9693296091555424,5
2030,39,7,0.013075311178040682,5
2030,39,9,0.9485154219188633,5
2030,39,16,0.013552799929753782,5
2030,40,4,0.04834939135165813,5
2030,40,8,0.013887027642892685,5
2030,40,9,0.8752843152384726,5
2030,40,15,0.020584252874813223,5
2030,40,20,0.03683210099823941,5
2030,41,7,0.019053667155736576,5
2030,41,9,0.9484209271868406,5
2030,42,2,0.23541925625421226,5
2030,42,9,0.641735058143108,5
2030,42,14,0.04051648976607143,5
2030,42,15,0.07468595540378027,5
2030,43,2,0.044821782607973995,5
2030,43,3,0.06463943305134622,5
2030,43,7,0.0792731522708002,5
2030,43,9,0.6220316820525351,5
2030,43,14,0.060018179115891156,5
2030,43,15,0.10114494550682505,5
2030,43,16,0.013938261107510076,5
2030,44,2,0.23510650884460205,5
2030,44,3,0.020999832618920338,5
2030,44,7,0.04627775518455337,5
2030,44,9,0.650453623838578,5
2030,44,16,0.01163233711491205,5
2030,44,20,0.03332703039575872,5
2030,45,2,0.24305223654521738,5
2030,45,3,0.057760891051611814,5
2030,45,7,0.024555767521019147,5
2030,45,9,0.6085914944254752,5
2030,45,15,0.05837903762658672,5
2030,46,2,0.04715064338686008,5
2030,46,9,0.8902166305771175,5
2030,46,20,0.05730457128033975,5
2030,47,2,0.051708281637400426,5
2030,47,3,0.03539725309151533,5
2030,47,7,0.023708294637134603,5
2030,47,9,0.6800556543420739,5
2030,47,14,0.1884775420628863,5
2030,47,15,0.017035032122223133,5
2030,48,2,0.09370422955257929,5
2030,48,7,0.1363819536220659,5
2030,48,9,0.6028962052679337,5
2030,48,14,0.02674834946714533,5
2030,48,15,0.11152233594845365,5
2030,48,16,0.02146710118427197,5
2030,49,2,0.17613777935471264,5
2030,49,5,0.43429211472239404,5
2030,49,6,0.0581787306656046,5
2030,49,11,0.028916107968355066,5
2030,49,14,0.2026157240215341,5
2030,49,16,0.044922916682469866,5
2030,49,20,0.01866793106265891,5
2030,50,4,0.043736728328045905,5
2030,50,8,0.11919289085718839,5
2030,50,9,0.11671708455791521,5
2030,50,11,0.1915476160133033,5
2030,50,12,0.3505202885704047,5
2030,50,15,0.03262485994682212,5
2030,50,16,0.11159929517752151,5
2030,51,8,1.0,5
2030,52,5,0.11079752924926095,5
2030,52,11,0.011224471293498978,5
2030,52,14,0.035102222454364125,5
2030,52,15,0.02464662390593971,5
2030,52,18,0.7481641053841717,5
2030,53,1,0.04246098871806393,5
2030,53,7,0.1899524750280025,5
2030,53,8,0.22518954074133576,5
2030,53,10,0.07979911247521455,5
2030,53,16,0.37924713801831084,5
2030,53,17,0.0833507450190725,5
2030,54,1,0.09860634236893649,5
2030,54,7,0.15769522645897557,5
2030,54,8,0.0784252886970549,5
2030,54,10,0.4537582889951681,5
2030,54,11,0.07564741143393557,5
2030,54,17,0.1346266825027026,5
2030,55,1,0.5275438912110924,5
2030,55,5,0.02060422890350368,5
2030,55,6,0.03307090808997117,5
2030,55,7,0.06076925244115751,5
2030,55,8,0.05552057338905793,5
2030,55,15,0.02315081057152546,5
2030,55,16,0.2726285900897517,5
2030,56,4,0.24803103446925598,5
2030,56,8,0.08211996029433105,5
2030,56,9,0.24142069919856615,5
2030,56,13,0.3296625527112426,5
2030,56,20,0.06529756080012493,5
2030,57,6,0.03950747531699052,5
2030,57,12,0.09527759539500642,5
2030,57,13,0.033764534617982095,5
2030,57,14,0.13756721168130373,5
2030,57,18,0.6451004067531907,5
2030,58,1,0.29896839444514,5
2030,58,6,0.07750722978335928,5
2030,58,10,0.15844867102541002,5
2030,58,11,0.46397930449283686,5
2030,59,1,0.13938841538199773,5
2030,59,6,0.054344819642661864,5
2030,59,8,0.05203396212943069,5
2030,59,10,0.16818610257657912,5
2030,59,11,0.5453373466353285,5
2030,59,17,0.029188927905878743,5
2030,59,19,0.011520425728123208,5
2030,60,4,0.046621194946591726,5
2030,60,5,0.032184636864896275,5
2030,60,8,0.045971683680699094,5
2030,60,9,0.10174458825369452,5
2030,60,11,0.15950646837435745,5
2030,60,12,0.039162316283121036,5
2030,60,13,0.0586011168565693,5
2030,60,16,0.43553338158115323,5
2030,60,17,0.08067461315891715,5
2030,61,2,0.045888575581997215,5
2030,61,9,0.17876002864478488,5
2030,61,11,0.10211876318560492,5
2030,61,12,0.021445240524495094,5
2030,61,13,0.13293027608555885,5
2030,61,16,0.47557080713984234,5
2030,61,20,0.04328630883771654,5
2030,62,2,0.03474793083745949,5
2030,62,4,0.01473970654209396,5
2030,62,6,0.05229507998796947,5
2030,62,9,0.26858610605616934,5
2030,62,11,0.08656443918672825,5
2030,62,12,0.03807330782685876,5
2030,62,15,0.05204007518221062,5
2030,62,16,0.14344212512433424,5
2030,62,18,0.22085701546640724,5
2030,62,20,0.08865421378976866,5
2030,63,4,0.14000699356940505,5
2030,63,8,0.08881204999511388,5
2030,63,9,0.32266401586048316,5
2030,63,11,0.13455598245436784,5
2030,63,12,0.2065052333298678,5
2030,63,16,0.04188978267369611,5
2030,64,9,0.5521878246849995,5
2030,64,12,0.09555482228114705,5
2030,64,13,0.04360054954083621,5
2030,64,14,0.30865680349301716,5
2030,65,2,0.09786359350011609,5
2030,65,6,0.039548445960231646,5
2030,65,8,0.25115225336165725,5
2030,65,9,0.23028200964632525,5
2030,65,13,0.3686414900080115,5
2030,66,1,0.06294985534682151,5
2030,66,3,0.22002127045558664,5
2030,66,6,0.03898768361649567,5
2030,66,10,0.07362591570258802,5
2030,66,14,0.05022858020821915,5
2030,66,18,0.5541866946702889,5
2030,67,1,0.8839876521178518,5
2030,67,6,0.019565440210942954,5
2030,67,11,0.04715550340627792,5
2030,67,13,0.015288009119855046,5
2030,67,16,0.010032669827180202,5
2030,68,1,0.8828268993260485,5
2030,68,3,0.014470203494286191,5
2030,68,6,0.020806725469698997,5
2030,68,11,0.029969539998774136,5
2030,68,15,0.010955275502756406,5
2030,68,16,0.024973412458385306,5
2030,69,1,0.6688683252632557,5
2030,69,6,0.03667952874099238,5
2030,69,7,0.0594080519119151,5
2030,69,11,0.19493026645911937,5
2030,69,15,0.017929395323325843,5
2030,69,16,0.013599712548071805,5
2030,70,1,0.4304211696086161,5
2030,70,6,0.04132316725732611,5
2030,70,7,0.49993987001243434,5
2030,71,4,0.07513885204926572,5
2030,71,6,0.02841481961968462,5
2030,71,7,0.5481599313771296,5
2030,71,9,0.09800751151124612,5
2030,71,11,0.10732559072498246,5
2030,71,13,0.10537899974022727,5
2030,71,16,0.03747949235664444,5
2030,72,2,0.013451496402125136,5
2030,72,4,0.10938040224676893,5
2030,72,9,0.6032916454955368,5
2030,72,13,0.013993759846350758,5
2030,72,16,0.019724883299020363,5
2030,72,20,0.23197675700742687,5
2030,73,3,0.01548282533734098,5
2030,73,7,0.017885774716693552,5
2030,73,9,0.9379173644756033,5
2030,74,3,0.024208241634293155,5
2030,74,6,0.03579306833776577,5
2030,74,9,0.8220859601483522,5
2030,74,12,0.014045084162169576,5
2030,74,14,0.023476009429807192,5
2030,74,16,0.05453641258773185,5
2030,75,5,0.031668268360612116,5
2030,75,7,0.052548466648501976,5
2030,75,11,0.027361507809302417,5
2030,75,12,0.03102179168734214,5
2030,75,14,0.14290924096993585,5
2030,75,15,0.1281777801693345,5
2030,75,16,0.10522447501638707,5
2030,75,18,0.48108846933858396,5
2030,76,4,0.05466607927586632,5
2030,76,7,0.5215822864105191,5
2030,76,9,0.08899869803645376,5
2030,76,11,0.03119318791968658,5
2030,76,12,0.13486387037319197,5
2030,76,13,0.0407998855359943,5
2030,76,15,0.038413407278304675,5
2030,76,16,0.08866574304735463,5
2030,77,2,0.10375542618846233,5
2030,77,9,0.2773662991793817,5
2030,77,15,0.06975796625940175,5
2030,77,16,0.04618880444180359,5
2030,77,20,0.4690723451177586,5
2030,78,5,0.07333766645073671,5
2030,78,9,0.11888137166771298,5
2030,78,11,0.08207279449336698,5
2030,78,14,0.49433303586594635,5
2030,78,18,0.19906233005038285,5
2030,79,4,0.5326301627662,5
2030,79,8,0.10942072521841645,5
2030,79,9,0.19259983088045876,5
2030,79,12,0.021390653049987444,5
2030,79,16,0.13973205274536257,5
2030,80,3,0.3623483680641421,5
2030,80,6,0.07333828619984739,5
2030,80,14,0.023500768676254644,5
2030,80,18,0.03860824313088742,5
2030,80,19,0.5015578887685621,5
2030,81,1,0.14890469680507057,5
2030,81,7,0.09207496245478222,5
2030,81,11,0.01527347951906127,5
2030,81,13,0.06348749924334711,5
2030,81,16,0.5053309633253634,5
2030,81,17,0.1153700899236106,5
2030,81,18,0.02540007715926052,5
2030,81,20,0.025181313811197134,5
2030,82,2,0.10550468795265563,5
2030,82,6,0.03251907887752762,5
2030,82,7,0.0293635319269176,5
2030,82,13,0.41959410529569885,5
2030,82,14,0.22769058038721718,5
2030,82,20,0.17738122052807634,5
2030,83,1,0.14077316015372004,5
2030,83,5,0.021928342787035704,5
2030,83,7,0.21876813249481983,5
2030,83,8,0.044460430523156,5
2030,83,10,0.0144604477238011,5
2030,83,16,0.46687970375246923,5
2030,83,17,0.09272978256499806,5
2030,84,6,0.15941195192752347,5
2030,84,8,0.0403305808718294,5
2030,84,9,0.01838340933835347,5
2030,84,11,0.024070852107650552,5
2030,84,13,0.12016723631028495,5
2030,84,15,0.4351931049879231,5
2030,84,16,0.014098903963015923,5
2030,84,17,0.05647195248311523,5
2030,84,18,0.0541453630005406,5
2030,84,20,0.015248675446156086,5
2030,85,2,0.028085550604057777,5
2030,85,4,0.02742213217012391,5
2030,85,6,0.048992592350465755,5
2030,85,8,0.12628660340276113,5
2030,85,9,0.334860417577615,5
2030,85,15,0.343328282076649,5
2030,85,16,0.038979177480735996,5
2030,85,17,0.014596051619522097,5
2030,85,20,0.03744919271806926,5
2030,86,3,0.3561576418482605,5
2030,86,7,0.14119680610746946,5
2030,86,10,0.3151284953844492,5
2030,86,16,0.07240719415150564,5
2030,86,19,0.11510986250831506,5
2030,87,2,0.12573302047334367,5
2030,87,9,0.1255425745820374,5
2030,87,11,0.017038648621499786,5
2030,87,13,0.5702849000380832,5
2030,87,14,0.035441426684602956,5
2030,87,18,0.058811061063098545,5
2030,88,1,0.21546759725074466,5
2030,88,5,0.02555871715804778,5
2030,88,7,0.3998558173166837,5
2030,88,8,0.15533557421515637,5
2030,88,10,0.13373952423807337,5
2030,88,12,0.02411469050203308,5
2030,88,17,0.045928079319261184,5
2030,89,7,0.5025519667347828,5
2030,89,9,0.04299981142386231,5
2030,89,11,0.06880310307688084,5
2030,89,15,0.05074392249295186,5
2030,89,16,0.33490119627152226,5
2030,90,7,0.0848546682136558,5
2030,90,8,0.06475859190360979,5
2030,90,11,0.21172566045049032,5
2030,90,15,0.39841119872451647,5
2030,90,16,0.0934702917746099,5
2030,90,17,0.14677958893311768,5
2030,91,1,0.011854440409934658,5
2030,91,3,0.1055657798254131,5
2030,91,7,0.1180596196641376,5
2030,91,14,0.04680666582433472,5
2030,91,15,0.05827133790824634,5
2030,91,16,0.6517766935773781,5
2030,92,4,0.17503223798343792,5
2030,92,8,0.061626696101174265,5
2030,92,9,0.07902652020099765,5
2030,92,15,0.20999844285096322,5
2030,92,16,0.10922672326018265,5
2030,92,20,0.34371634677978846,5
2030,93,2,0.23601751935647122,5
2030,93,8,0.05102853192792286,5
2030,93,9,0.1810293663548962,5
2030,93,14,0.5090919597747549,5
2030,94,12,0.057738779109125685,5
2030,94,13,0.05172633858494136,5
2030,94,14,0.030765559986933255,5
2030,94,15,0.043984117975836456,5
2030,94,16,0.029494403286389623,5
2030,94,18,0.5445550311938323,5
2030,94,20,0.1407079271534418,5
2030,95,1,0.09945397396746151,5
2030,95,7,0.5894709640898982,5
2030,95,10,0.273718818982287,5
2030,95,16,0.03368006177389378,5
2030,96,2,0.022743549928495838,5
2030,96,9,0.2816235951431895,5
2030,96,13,0.016883457394304545,5
2030,96,20,0.6787493975340102,5
2030,97,2,0.8217074246455885,5
2030,97,4,0.027124150953878094,5
2030,97,8,0.051618860997937784,5
2030,97,10,0.012379288355522305,5
2030,97,12,0.012526237530761208,5
2030,97,16,0.011988381484102995,5
2030,97,17,0.013932432821163326,5
2030,98,2,0.019242080915591524,5
2030,98,8,0.12237063779030445,5
2030,98,9,0.2681485321451432,5
2030,98,14,0.47585096959064543,5
2030,98,17,0.04312798380667066,5
2030,99,2,0.172634926631094,5
2030,99,7,0.1409192668503779,5
2030,99,8,0.1253757225903222,5
2030,99,10,0.0989325877360376,5
2030,99,14,0.023877726153164525,5
2030,99,15,0.06901910320846685,5
2030,99,16,0.3191186139875591,5
2030,99,19,0.050122052842977736,5
2030,100,6,0.06237995637051619,5
2030,100,7,0.28332628742060106,5
2030,100,8,0.21110646697615915,5
2030,100,10,0.124395746450794,5
2030,100,11,0.04454294897868278,5
2030,100,16,0.15327021666706228,5
2030,100,17,0.08486606912350243,5
2030,100,19,0.02822114949479667,5
2030,101,2,0.1285613400285772,5
2030,101,4,0.015776857920537783,5
2030,101,7,0.0178449239477831,5
2030,101,8,0.47071245369454046,5
2030,101,15,0.08806288493776525,5
2030,101,16,0.14386756547975912,5
2030,101,20,0.135173973991037,5
2030,102,3,0.1064141082862975,5
2030,102,5,0.03961484316734066,5
2030,102,6,0.04961396799054353,5
2030,102,7,0.06427035935779718,5
2030,102,11,0.029052543646703535,5
2030,102,12,0.013308938985606334,5
2030,102,16,0.17742393661873676,5
2030,102,19,0.5192593585911139,5
2030,103,2,0.13037164335210763,5
2030,103,9,0.12685275231195692,5
2030,103,15,0.10005601826745429,5
2030,103,16,0.1327070854501292,5
2030,103,20,0.510012500618352,5
2030,104,2,0.5279301608353845,5
2030,104,4,0.1658560982381222,5
2030,104,8,0.05564010202136667,5
2030,104,9,0.036947682034823785,5
2030,104,11,0.027004801609552133,5
2030,104,12,0.06968649555356839,5
2030,104,13,0.028076407673850782,5
2030,104,16,0.014268092241968181,5
2030,105,3,0.29568824420777645,5
2030,105,7,0.06212799995869552,5
2030,105,10,0.3775580489076683,5
2030,105,15,0.15783354487160217,5
2030,105,16,0.023759367503428074,5
2030,105,19,0.041356610244572,5
2030,106,1,0.6280371921162926,5
2030,106,3,0.10694347123583757,5
2030,106,7,0.19422057785355945,5
2030,106,16,0.0515607858164923,5
2030,106,20,0.019237972977817996,5
2030,107,1,0.17459644898174742,5
2030,107,7,0.6212156661343141,5
2030,107,17,0.20418788488393835,5
2030,108,3,0.2287508950352104,5
2030,108,7,0.09067760722809086,5
2030,108,10,0.545953661988852,5
2030,108,19,0.11812188713527812,5
2030,109,1,0.632711817983443,5
2030,109,8,0.03457009217236714,5
2030,109,11,0.06287707027474473,5
2030,109,15,0.04803093918373624,5
2030,109,16,0.19749708691034457,5
2030,110,4,0.011653910517054132,5
2030,110,8,0.015528127286553336,5
2030,110,9,0.1122775408463443,5
2030,110,17,0.0853009079123301,5
2030,110,18,0.06557347666271161,5
2030,110,19,0.1054377652287332,5
2030,110,20,0.5936678247266433,5
2030,111,2,0.038215168591550656,5
2030,111,3,0.20736416091487347,5
2030,111,5,0.44489340693567536,5
2030,111,7,0.10221292612279631,5
2030,111,14,0.12050144239065085,5
2030,111,16,0.031505732333941674,5
2030,111,20,0.039109127200956315,5
2030,112,1,0.07432963177958522,5
2030,112,7,0.29143907543378994,5
2030,112,10,0.5245759099486849,5
2030,112,16,0.0726080512262594,5
2030,113,1,0.6928472349246959,5
2030,113,7,0.25663971708530137,5
2030,113,16,0.017536283763163733,5
2030,114,1,0.15007826968882207,5
2030,114,6,0.6157110779495981,5
2030,114,7,0.1419889263119687,5
2030,114,11,0.06294134512041791,5
2030,115,1,0.7413012812193204,5
2030,115,7,0.13762532024370125,5
2030,115,11,0.014357291229755747,5
2030,115,16,0.074167038376844,5
2030,116,4,0.018541241472113244,5
2030,116,8,0.12392558077913884,5
2030,116,10,0.040384468010569656,5
2030,116,17,0.04226141868868546,5
2030,116,19,0.03293988525641509,5
2030,116,20,0.7314064286649832,5
2030,117,2,0.853864000810795,5
2030,117,4,0.015483208164075495,5
2030,117,11,0.016273364831345026,5
2030,117,20,0.021426960800242333,5
2030,118,2,0.12852604684395402,5
2030,118,3,0.08831928003821482,5
2030,118,7,0.12962848088880913,5
2030,118,14,0.6535261922290221,5
2030,119,3,0.09040133942207212,5
2030,119,6,0.1214724162268377,5
2030,119,7,0.1516521650821587,5
2030,119,11,0.04374446851299112,5
2030,119,14,0.07804027173796094,5
2030,119,15,0.4157721177521961,5
2030,119,16,0.05120973799337957,5
2030,119,20,0.022455340063282515,5
2030,120,6,0.034092964690217234,5
2030,120,9,0.35932082385917824,5
2030,120,12,0.04877770758887013,5
2030,120,13,0.1387219670814091,5
2030,120,14,0.029030855155232474,5
2030,120,16,0.06804341985172688,5
2030,120,20,0.16822926744473615,5
2030,121,8,0.030556946198268556,5
2030,121,11,0.19688074355880786,5
2030,121,15,0.5006116702368921,5
2030,121,16,0.06184047628326688,5
2030,121,17,0.1840311366671466,5
2030,121,19,0.018104570176786808,5
2030,122,2,0.138354160993845,5
2030,122,3,0.09196662474318396,5
2030,122,9,0.5447702861258471,5
2030,122,20,0.16704657748514504,5
2030,123,2,0.8319612100435615,5
2030,123,8,0.07067999180371282,5
2030,123,16,0.032245459215476335,5
2030,123,17,0.01539943659887478,5
2030,124,2,0.8390369065431105,5
2030,124,3,0.023584581133661176,5
2030,124,7,0.0865855164054282,5
2030,125,3,0.21036743500326371,5
2030,125,7,0.2519215498086519,5
2030,125,10,0.18437359543448184,5
2030,125,15,0.0884452688367048,5
2030,125,16,0.26489215091689755,5
2030,126,1,0.14036016347281657,5
2030,126,6,0.048844810529504935,5
2030,126,7,0.44782229306535054,5
2030,126,11,0.028878908308603554,5
2030,126,16,0.31370217952399854,5
2030,127,1,0.05033944905558263,5
2030,127,6,0.09243064748205301,5
2030,127,7,0.3384123159999233,5
2030,127,10,0.014413471209333216,5
2030,127,11,0.25431996909018156,5
2030,127,16,0.21745245148413536,5
2030,127,19,0.015475407530198956,5
2030,128,4,0.018875268652154577,5
2030,128,5,0.01960009247116665,5
2030,128,9,0.06410663869810927,5
2030,128,11,0.2303489912812093,5
2030,128,13,0.0312732010988411,5
2030,128,16,0.5374553135102481,5
2030,128,17,0.04069998462713665,5
2030,128,20,0.05334074794822588,5
2030,129,2,0.0554018157895165,5
2030,129,6,0.056234131530577346,5
2030,129,9,0.10293594108239594,5
2030,129,11,0.2296983415719854,5
2030,129,15,0.2653748336271583,5
2030,129,16,0.1943751313014168,5
2030,129,18,0.05593818289361965,5
2030,129,20,0.032637734578944706,5
2030,130,2,0.09494019585331998,5
2030,130,6,0.1787258069401599,5
2030,130,14,0.11613479772183093,5
2030,130,15,0.036450512025501,5
2030,130,16,0.27155496043638055,5
2030,130,18,0.21678839264413433,5
2030,131,1,0.5447740234458703,5
2030,131,7,0.1843945350457304,5
2030,131,11,0.023537481295844688,5
2030,131,16,0.18674016377018235,5
2030,132,2,0.05297892948762166,5
2030,132,4,0.05356404338892121,5
2030,132,7,0.6942764790861385,5
2030,132,9,0.07400465432048979,5
2030,132,17,0.010039416807335983,5
2030,132,20,0.0750968227965273,5
2030,133,2,0.4819846897065095,5
2030,133,4,0.09364619739256833,5
2030,133,6,0.07533779657903979,5
2030,133,13,0.04300266361986884,5
2030,133,20,0.21230976541829719,5
2030,134,2,0.5761584714937075,5
2030,134,3,0.11298562167177778,5
2030,134,7,0.1346872151679366,5
2030,134,8,0.09063111012693309,5
2030,134,19,0.05935872514412563,5
2030,135,2,0.7877406805899451,5
2030,135,4,0.05853251275432811,5
2030,135,8,0.08251179373566105,5
2030,135,15,0.010006031891195222,5
2030,136,3,0.320607374591639,5
2030,136,5,0.07598735775347452,5
2030,136,9,0.22880993163267271,5
2030,136,12,0.04926015083897591,5
2030,136,14,0.2687494326438863,5
2030,136,16,0.022725945754272187,5
2030,137,3,0.015455836943873338,5
2030,137,4,0.5966781868104899,5
2030,137,7,0.08000262196060814,5
2030,137,8,0.0459624140747299,5
2030,137,10,0.025494153218040452,5
2030,137,11,0.013794334957510103,5
2030,137,16,0.0562863481512655,5
2030,137,17,0.09169697797562638,5
2030,137,19,0.07135574637305923,5
2030,138,2,0.5477343467210477,5
2030,138,3,0.026637783663760822,5
2030,138,7,0.11802762785439545,5
2030,138,8,0.08084140112964447,5
2030,138,10,0.09795412169059672,5
2030,138,15,0.019161145114620266,5
2030,138,19,0.06231366668855624,5
2030,139,2,0.571042990170189,5
2030,139,3,0.012964866167161575,5
2030,139,7,0.1226443879036492,5
2030,139,14,0.2614521112552485,5
2030,140,4,0.1898550459820799,5
2030,140,8,0.06311936517073084,5
2030,140,9,0.31227794726897756,5
2030,140,12,0.01775707648942174,5
2030,140,15,0.042345137013673,5
2030,140,16,0.04585793034599304,5
2030,140,20,0.17991891303223734,5
2030,141,2,0.7897439436797274,5
2030,141,8,0.04436823101765803,5
2030,142,2,0.878740157248095,5
2030,142,3,0.03420116486315357,5
2030,142,10,0.012959491498323598,5
2030,143,1,0.02282267623578543,5
2030,143,2,0.8848045006827377,5
2030,143,3,0.03681037256162052,5
2030,143,7,0.029612179887713044,5
2030,144,2,0.936122244483712,5
2030,144,3,0.014659748893453244,5
2030,144,7,0.03799881545381455,5
2030,145,2,0.6713151575148513,5
2030,145,3,0.016977679872391106,5
2030,145,7,0.058107624172906554,5
2030,145,14,0.23716121469565243,5
2030,145,15,0.016438323744198603,5
2030,146,2,0.01724916121496571,5
2030,146,3,0.08242236667379335,5
2030,146,5,0.017350076277653066,5
2030,146,7,0.4881753340546792,5
2030,146,12,0.032453895739404624,5
2030,146,15,0.1421721614279417,5
2030,146,16,0.19389830044638884,5
2030,147,4,0.0165085563288856,5
2030,147,11,0.15160251200598654,5
2030,147,15,0.6761838467767731,5
2030,147,16,0.06089932460970968,5
2030,147,17,0.017671111299980873,5
2030,147,20,0.0630616552863167,5
2030,148,2,0.17917540039222696,5
2030,148,4,0.03197261793635988,5
2030,148,6,0.019449956918956686,5
2030,148,8,0.02121226776075364,5
2030,148,15,0.5694855410640929,5
2030,148,20,0.1780899052393105,5
2030,149,2,0.6206258140901549,5
2030,149,3,0.06780559409620203,5
2030,149,6,0.08960488381546511,5
2030,149,14,0.03061428731467876,5
2030,149,18,0.10480686863815677,5
2030,150,2,0.13225878567760693,5
2030,150,6,0.15908635585495368,5
2030,150,9,0.12441921814158317,5
2030,150,13,0.13391672050097103,5
2030,150,14,0.07692438153409403,5
2030,150,15,0.2763761996358895,5
2030,150,16,0.050580441352873595,5
2030,150,20,0.013705674702375416,5
2030,151,2,0.19026571015113553,5
2030,151,9,0.16080931581266483,5
2030,151,11,0.19543448114479334,5
2030,151,14,0.1390085240465269,5
2030,151,15,0.02498857903417043,5
2030,151,16,0.27236661817699515,5
2030,152,2,0.16834834463712112,5
2030,152,3,0.04755945801975594,5
2030,152,6,0.10287510376989177,5
2030,152,7,0.04514757971333322,5
2030,152,8,0.03637636545139944,5
2030,152,15,0.38667629908986145,5
2030,152,16,0.017390374845974922,5
2030,152,18,0.053819793070968985,5
2030,152,20,0.1003247271276306,5
2030,153,2,0.3508310819038101,5
2030,153,3,0.11912359215351502,5
2030,153,7,0.08409848768835597,5
2030,153,14,0.2734260595996325,5
2030,153,15,0.07484125835794933,5
2030,153,20,0.0976795202967369,5
2030,154,2,0.06395173326042172,5
2030,154,3,0.06579651387909627,5
2030,154,7,0.35896942607322085,5
2030,154,14,0.17690943346931784,5
2030,154,15,0.1157870192575529,5
2030,154,16,0.20121533395689895,5
2030,155,2,0.63112768067643,5
2030,155,16,0.051131319108108655,5
2030,155,20,0.29461498411411163,5
2030,156,2,0.7433191664853208,5
2030,156,3,0.12077711772916232,5
2030,156,14,0.11217428707149071,5
2030,157,1,0.18999335040618165,5
2030,157,3,0.40147316177844405,5
2030,157,7,0.08966429390919202,5
2030,157,10,0.045305572809771585,5
2030,157,14,0.014987960347474884,5
2030,157,16,0.24695439176179584,5
2030,157,19,0.011621268987139688,5
2030,158,1,0.2897602780669604,5
2030,158,6,0.051385191006969845,5
2030,158,7,0.5806786705832717,5
2030,158,13,0.04014348645942184,5
2030,159,1,0.16896992496965385,5
2030,159,6,0.03462253450255039,5
2030,159,7,0.25917959753710734,5
2030,159,10,0.04534618959492808,5
2030,159,11,0.26453133285746083,5
2030,159,16,0.1989284668660986,5
2030,160,6,0.15905909333030055,5
2030,160,8,0.011735242392533554,5
2030,160,10,0.0916691609630339,5
2030,160,11,0.4565953636643517,5
2030,160,12,0.053124051881712035,5
2030,160,13,0.04935033497490556,5
2030,160,16,0.05127021637311008,5
2030,160,20,0.03939801559942817,5
2030,161,1,0.18492738232453768,5
2030,161,3,0.1157029082668022,5
2030,161,7,0.18737378836906274,5
2030,161,14,0.20186838719320638,5
2030,161,16,0.23001220410136364,5
2030,161,18,0.01695256348985755,5
2030,162,1,0.2819786771213849,5
2030,162,7,0.23631055532328762,5
2030,162,10,0.0514385853480968,5
2030,162,11,0.267123747807346,5
2030,162,16,0.1265286834329277,5
2030,163,1,0.5072092302865671,5
2030,163,7,0.06905129506856257,5
2030,163,8,0.038628498490199094,5
2030,163,11,0.03724591255248203,5
2030,163,15,0.01759740438513554,5
2030,163,16,0.2972813721705569,5
2030,164,8,0.04151855922062749,5
2030,164,9,0.16143283514936038,5
2030,164,16,0.027376476736736485,5
2030,164,19,0.07618464837668872,5
2030,164,20,0.6904012946033171,5
2030,165,2,0.23093653874428907,5
2030,165,3,0.11639783230486121,5
2030,165,7,0.08367656399863073,5
2030,165,8,0.010584199635258234,5
2030,165,14,0.4030132434323895,5
2030,165,15,0.05610580151291162,5
2030,165,19,0.09787339274737082,5
2030,166,5,0.09116885623580624,5
2030,166,8,0.10114114805474209,5
2030,166,16,0.6111938797821307,5
2030,166,17,0.12295159058401868,5
2030,167,2,0.08559358674789008,5
2030,167,8,0.0739029920871322,5
2030,167,9,0.22148019768314037,5
2030,167,15,0.010604748906543714,5
2030,167,16,0.03237111635917145,5
2030,167,20,0.5088151541840175,5
2030,168,2,0.08506912177091512,5
2030,168,3,0.017051269432268718,5
2030,168,8,0.03096946297206579,5
2030,168,9,0.15440512564577888,5
2030,168,14,0.5643086869247912,5
2030,168,19,0.012433159218657433,5
2030,169,2,0.5587726986009255,5
2030,169,4,0.02314033083018959,5
2030,169,8,0.023486786914632605,5
2030,169,9,0.08780729314792066,5
2030,169,12,0.016951216934599264,5
2030,169,13,0.10343359641184154,5
2030,169,17,0.028039711823778016,5
2030,170,3,0.1777706766065184,5
2030,170,15,0.6060404439303855,5
2030,170,16,0.03126410107376093,5
2030,170,18,0.13118854082250864,5
2030,170,19,0.044957586668390254,5
2030,171,3,0.03319493673153885,5
2030,171,7,0.09796879642842346,5
2030,171,9,0.6931983595639689,5
2030,171,15,0.010208715374027523,5
2030,171,16,0.027592036743129777,5
2030,171,20,0.020734466967493516,5
2030,172,7,0.06461031419495122,5
2030,172,8,0.10412152704574826,5
2030,172,9,0.4769292055491384,5
2030,172,11,0.02936621259897718,5
2030,172,15,0.049816993076827715,5
2030,172,16,0.1148760847023958,5
2030,172,17,0.013240085554783171,5
2030,172,19,0.046666828182817616,5
2030,173,2,0.17222239488161514,5
2030,173,9,0.5824098248341667,5
2030,173,20,0.09970749724485853,5
2030,174,2,0.26589276691499536,5
2030,174,9,0.5135693111935984,5
2030,174,14,0.033291249541097925,5
2030,174,20,0.040535315822939386,5
2030,175,2,0.0636791704480619,5
2030,175,3,0.11529893316020771,5
2030,175,7,0.017347849587640192,5
2030,175,11,0.04673234863122272,5
2030,175,14,0.35593111544454414,5
2030,175,15,0.22980371479663822,5
2030,175,16,0.11936768204006283,5
2030,175,19,0.0370585964996414,5
2030,176,3,0.13159744833547096,5
2030,176,7,0.2591604901695132,5
2030,176,8,0.4133154551339027,5
2030,176,15,0.07760927067361556,5
2030,176,16,0.07661131237980107,5
2030,177,2,0.507730388262219,5
2030,177,4,0.07281161728601489,5
2030,177,8,0.032281458102606395,5
2030,177,15,0.08651022663988794,5
2030,177,20,0.29541657069220295,5
2030,178,2,0.07353230675046991,5
2030,178,3,0.1948641272344945,5
2030,178,7,0.0391592180307264,5
2030,178,10,0.0930270456555653,5
2030,178,14,0.17816651085113697,5
2030,178,15,0.011493199755802683,5
2030,178,16,0.4097575917218042,5
2030,179,1,0.7538818820701484,5
2030,179,3,0.020645032747804798,5
2030,179,7,0.017035106692494396,5
2030,179,11,0.07742000691501362,5
2030,179,16,0.09513597073750496,5
2030,180,1,0.2540423445869843,5
2030,180,4,0.029638287438199875,5
2030,180,7,0.4573487181875814,5
2030,180,17,0.1291949047074205,5
2030,180,20,0.12577150868450268,5
2030,181,2,0.48175534484904203,5
2030,181,7,0.0521641439745303,5
2030,181,14,0.15188892709369034,5
2030,181,20,0.3141915840827374,5
2030,182,3,0.03783464785243498,5
2030,182,6,0.04061343555599321,5
2030,182,11,0.044154706355279134,5
2030,182,15,0.785097373730404,5
2030,182,16,0.03117460386165748,5
2030,182,18,0.011089327583890187,5
2030,183,2,0.02387844559680888,5
2030,183,5,0.025446193969774458,5
2030,183,7,0.5946718658873809,5
2030,183,8,0.1509917292444332,5
2030,183,15,0.09267574085987344,5
2030,183,19,0.023912855892057168,5
2030,184,2,0.04268354160647093,5
2030,184,7,0.049986124101416715,5
2030,184,8,0.335183072032253,5
2030,184,15,0.3887997670305796,5
2030,184,16,0.12788904664948147,5
2030,184,17,0.03047717477987766,5
2030,184,20,0.01747004327678968,5
2030,185,1,0.05791109687080238,5
2030,185,3,0.2369322799679519,5
2030,185,5,0.4568473542067538,5
2030,185,10,0.037018123080077764,5
2030,185,16,0.13563849084444357,5
2030,185,19,0.014656357822950935,5
2030,186,8,0.1774878552584433,5
2030,186,10,0.08723662645572337,5
2030,186,17,0.016032068789724685,5
2030,186,19,0.010189673949431835,5
2030,186,20,0.7090537755466767,5
2030,187,2,0.030033823867422073,5
2030,187,7,0.022896867260572606,5
2030,187,9,0.6544803041525203,5
2030,187,15,0.021138053331860404,5
2030,187,20,0.14692844631027185,5
2030,188,2,0.11171973740178746,5
2030,188,4,0.035647493225035014,5
2030,188,8,0.15776732139811775,5
2030,188,9,0.1363771549616754,5
2030,188,14,0.4538602609617925,5
2030,188,15,0.0328852241917174,5
2030,189,2,0.6270103987698633,5
2030,189,7,0.05409955061897558,5
2030,189,11,0.08354818644260883,5
2030,189,16,0.06909431552356521,5
2030,189,20,0.03962604958562524,5
2030,190,2,0.03844643271494014,5
2030,190,3,0.11943750024488396,5
2030,190,7,0.03843511980945336,5
2030,190,8,0.029451096262922825,5
2030,190,11,0.0317543315516811,5
2030,190,14,0.6382503744060791,5
2030,190,15,0.03177499365803927,5
2030,190,16,0.03966863356991905,5
2030,191,2,0.09361886973635444,5
2030,191,5,0.13934545387831443,5
2030,191,9,0.049396994175229934,5
2030,191,11,0.27632603382208853,5
2030,191,14,0.13352712883363801,5
2030,191,16,0.23241385360398245,5
2030,192,16,1.0,5
2030,193,4,0.5330782569461083,5
2030,193,6,0.14406062475520878,5
2030,193,7,0.07485040112226937,5
2030,193,16,0.04699902715337798,5
2030,193,20,0.1869479053057388,5
2030,194,1,0.03041494958853223,5
2030,194,2,0.5045299127265683,5
2030,194,4,0.05867225534462045,5
2030,194,6,0.06016759031548419,5
2030,194,9,0.08688521327461614,5
2030,194,13,0.026986544063898804,5
2030,194,17,0.08675777552174607,5
2030,195,2,0.525357134878432,5
2030,195,9,0.16884206754234812,5
2030,195,13,0.026384466643359302,5
2030,195,17,0.010629984196993252,5
2030,195,18,0.11373256145151149,5
2030,196,2,0.806568050579269,5
2030,196,3,0.014121826497215712,5
2030,196,7,0.027237244519948585,5
2030,197,2,0.5884250981315,5
2030,197,8,0.015771428122323794,5
2030,197,9,0.20740911298009052,5
2030,198,2,0.03313619529668203,5
2030,198,8,0.04983481091779614,5
2030,198,9,0.23562474906479805,5
2030,198,14,0.5702829928337289,5
2030,198,18,0.011205178571512382,5
2030,198,19,0.01841825369690688,5
2030,199,2,0.1922965914898745,5
2030,199,3,0.08680937582999176,5
2030,199,7,0.1323653333581326,5
2030,199,14,0.10993634715063787,5
2030,199,16,0.3546294057043185,5
2030,199,18,0.018136934315061935,5
2030,199,20,0.09461955110042164,5
2030,200,6,0.15265145250200424,5
2030,200,9,0.11412597748815216,5
2030,200,13,0.041408774714397745,5
2030,200,15,0.37272433836656255,5
2030,200,17,0.05428021102234127,5
2030,200,18,0.1489761865746086,5
2030,201,2,0.020459005456283964,5
2030,201,6,0.041258972876563,5
2030,201,8,0.03913514199594268,5
2030,201,9,0.0988289751793911,5
2030,201,11,0.019834211485516208,5
2030,201,14,0.5487592495753294,5
2030,201,16,0.05037975073403649,5
2030,201,17,0.055334446345476025,5
2030,201,18,0.013447558201757151,5
2030,201,19,0.032760877539479365,5
2030,202,3,0.05716633567687384,5
2030,202,7,0.18482094070863941,5
2030,202,11,0.030958462294111377,5
2030,202,14,0.4695301791157614,5
2030,202,15,0.027639750313018158,5
2030,202,16,0.19107628307263408,5
2030,202,19,0.03321474614400862,5
2030,203,3,0.07748473979346916,5
2030,203,6,0.039145655581956235,5
2030,203,7,0.0392182544681675,5
2030,203,14,0.30405145653411475,5
2030,203,16,0.13667880555503986,5
2030,203,20,0.40342108806725263,5
2030,204,3,0.029895183364775806,5
2030,204,6,0.10517858538485686,5
2030,204,7,0.19366716539276876,5
2030,204,11,0.05815828797103034,5
2030,204,14,0.2754631434231126,5
2030,204,15,0.20607422572109557,5
2030,204,16,0.06036303091883022,5
2030,204,20,0.07075092147437514,5
2030,205,2,0.03178149104213651,5
2030,205,6,0.240457397623817,5
2030,205,7,0.0342512094845748,5
2030,205,14,0.22626806441177275,5
2030,205,15,0.37384141498852924,5
2030,205,16,0.022129293974813388,5
2030,205,20,0.061474028886737586,5
2030,206,2,0.018686943654822145,5
2030,206,6,0.12471311596710326,5
2030,206,9,0.05272234456421107,5
2030,206,11,0.02992256799868481,5
2030,206,13,0.12708723425366444,5
2030,206,14,0.04782100116286633,5
2030,206,15,0.5344671389301673,5
2030,206,18,0.03375536587200515,5
2030,206,20,0.017589349058886462,5
2030,207,4,0.028098593886804732,5
2030,207,6,0.07691526268213283,5
2030,207,9,0.23322257841764238,5
2030,207,11,0.012192284723661682,5
2030,207,13,0.1371428829776521,5
2030,207,15,0.42942284414168425,5
2030,207,20,0.015236810129286222,5
2030,208,2,0.5818895798305221,5
2030,208,6,0.04841400257818319,5
2030,208,9,0.07096185239443895,5
2030,208,12,0.03372029362642214,5
2030,208,13,0.04746323464243473,5
2030,208,18,0.08113201943008398,5
2030,209,2,0.6135018680858266,5
2030,209,4,0.029247040191691834,5
2030,209,8,0.026167658858144136,5
2030,209,9,0.09478431547834504,5
2030,209,11,0.015311516559149616,5
2030,209,12,0.07830290736847711,5
2030,210,3,0.15283592545725716,5
2030,210,7,0.15432882625808494,5
2030,210,10,0.3217718151601934,5
2030,210,16,0.281303074269845,5
2030,210,19,0.023158911539265317,5
2030,211,11,0.22954613614318273,5
2030,211,14,0.011653795227369257,5
2030,211,16,0.09975594914911232,5
2030,211,18,0.16101709321379207,5
2030,211,20,0.40322994780945565,5
2030,212,4,0.021755237993155988,5
2030,212,6,0.04908838502481582,5
2030,212,8,0.05937323715242637,5
2030,212,9,0.12631441639627908,5
2030,212,11,0.07898699477495447,5
2030,212,13,0.015312647366378097,5
2030,212,15,0.5559297862526467,5
2030,212,16,0.03415065767364096,5
2030,213,2,0.7837839425153345,5
2030,213,4,0.08517394365247087,5
2030,213,8,0.01841092019200042,5
2030,213,12,0.010650414582298182,5
2030,213,13,0.029150277355222617,5
2030,213,20,0.03364198900838945,5
2030,214,2,0.042904966036217185,5
2030,214,3,0.050755598402523715,5
2030,214,7,0.049177520661134275,5
2030,214,9,0.5434067738926407,5
2030,214,10,0.03224157988842447,5
2030,214,14,0.018320247874287775,5
2030,214,15,0.1241486019663501,5
2030,215,1,0.020041707314951248,5
2030,215,2,0.7179506047171753,5
2030,215,8,0.06973246154928109,5
2030,215,10,0.019221896290609962,5
2030,215,17,0.027100354195231435,5
2030,216,2,0.8664019459261976,5
2030,216,4,0.013929847757601865,5
2030,217,2,0.5518043281397436,5
2030,217,3,0.06151924634249741,5
2030,217,7,0.035855177959566296,5
2030,217,14,0.2208830488992934,5
2030,217,15,0.020195795376158978,5
2030,218,2,0.6662607081726454,5
2030,218,7,0.07551315112987192,5
2030,218,16,0.06904388507571042,5
2030,218,20,0.06291523602891827,5
2030,219,2,0.8775619357127794,5
2030,219,4,0.01063525162251556,5
2030,220,2,0.8447448658592465,5
2030,220,8,0.041595254248840925,5
2030,221,2,0.8056967475400737,5
2030,221,8,0.052490977564689664,5
2030,221,15,0.04763587886733527,5
2030,222,2,0.8315530132223318,5
2030,222,3,0.011490476541714117,5
2030,222,14,0.05653114826373064,5
2030,222,16,0.012632153125792002,5
2030,223,2,0.8861219643779101,5
2030,223,4,0.04738506977588187,5
2030,223,13,0.021307947845835572,5
2030,223,20,0.010569817996351956,5
2030,224,2,0.765613355614103,5
2030,224,8,0.016933203109705714,5
2030,224,9,0.11450292116759615,5
2030,225,2,0.07899925016115633,5
2030,225,9,0.7620283524964963,5
2030,225,20,0.024344239571877573,5
2030,226,2,0.23284988057524636,5
2030,226,9,0.5091640383013742,5
2030,226,14,0.0367087912483493,5
2030,226,15,0.08957218005416677,5
2030,227,2,0.6131901314815321,5
2030,227,4,0.02807762084514262,5
2030,227,8,0.1054471940711864,5
2030,227,9,0.10698551743022149,5
2030,227,17,0.019151618321230277,5
2030,228,3,0.14393171919470785,5
2030,228,5,0.05271718164469349,5
2030,228,11,0.013494657421399403,5
2030,228,14,0.49397066512190047,5
2030,228,16,0.010815635056515267,5
2030,228,18,0.17427162332368012,5
2030,228,19,0.07586904748252737,5
2030,229,1,0.02358626582219364,5
2030,229,3,0.07859102731189452,5
2030,229,4,0.010685071861430221,5
2030,229,6,0.11116188848201648,5
2030,229,7,0.027151911642254643,5
2030,229,8,0.16107804386884633,5
2030,229,11,0.2811743296191717,5
2030,229,16,0.1319865924171966,5
2030,229,20,0.1370244740182853,5
2030,230,2,0.011398755137644647,5
2030,230,4,0.05016496194448428,5
2030,230,9,0.6358730572795009,5
2030,230,20,0.16635253460742438,5
2030,231,2,0.5197904924054608,5
2030,231,8,0.015568004690076175,5
2030,231,9,0.25769096715280926,5
2030,232,2,0.25619513393417515,5
2030,232,9,0.4514732632275052,5
2030,232,14,0.11221783142791915,5
2030,232,15,0.026799437317473446,5
2030,233,4,0.08433758101517005,5
2030,233,8,0.02486582779211839,5
2030,233,9,0.18312358622222005,5
2030,233,12,0.02833979359046666,5
2030,233,14,0.6237541079570885,5
2030,233,15,0.018361593050577118,5
2030,234,2,0.16119421187862915,5
2030,234,9,0.25149660084925873,5
2030,234,16,0.043635806175593185,5
2030,234,20,0.5430305535163686,5
2030,235,3,0.09762538436144638,5
2030,235,6,0.03440924192054478,5
2030,235,9,0.026958552473139896,5
2030,235,14,0.506712856768801,5
2030,235,17,0.010945825389671395,5
2030,235,18,0.1354872794915286,5
2030,235,19,0.13723002444508656,5
2030,236,1,0.25262415602835153,5
2030,236,3,0.07047048750893378,5
2030,236,6,0.0185223563032925,5
2030,236,11,0.1321428144261177,5
2030,236,13,0.1566817661407959,5
2030,236,16,0.31546817036144315,5
2030,237,1,0.098098372583025,5
2030,237,2,0.027505357957860774,5
2030,237,3,0.02053456185691984,5
2030,237,6,0.10538695692667727,5
2030,237,9,0.04405905895686725,5
2030,237,10,0.03583223952559586,5
2030,237,11,0.46430864123408216,5
2030,237,13,0.07795987565151333,5
2030,237,20,0.015663544162901447,5
2030,238,6,0.14496311392362174,5
2030,238,9,0.07614946908095858,5
2030,238,11,0.029146568238509373,5
2030,238,13,0.0651427904796853,5
2030,238,15,0.3162270331947103,5
2030,238,17,0.03777357804389946,5
2030,238,18,0.1421147503758198,5
2030,239,2,0.01512153041736813,5
2030,239,4,0.03610170975423252,5
2030,239,6,0.04033372580646238,5
2030,239,8,0.05738583967390293,5
2030,239,9,0.09316435542434745,5
2030,239,11,0.039926566760497786,5
2030,239,14,0.4753733110010373,5
2030,239,16,0.08422232983557594,5
2030,239,17,0.04310796009202111,5
2030,239,18,0.011272863471122233,5
2030,240,2,0.11911320216752433,5
2030,240,5,0.028502270789440426,5
2030,240,7,0.04404442380848375,5
2030,240,9,0.024167783106069797,5
2030,240,11,0.05376336497865957,5
2030,240,14,0.17053605145943976,5
2030,240,16,0.4403358526249387,5
2030,240,17,0.03703492731127751,5
2030,240,18,0.03088960658225422,5
2030,240,20,0.02375652248916167,5
2030,241,6,0.0899493370918717,5
2030,241,9,0.3029856341328784,5
2030,241,13,0.050772585117849774,5
2030,241,16,0.028991550694968355,5
2030,241,20,0.45827045199306743,5
2030,242,4,0.01681672746522184,5
2030,242,6,0.01769607935938589,5
2030,242,8,0.018207072650288827,5
2030,242,9,0.1935627742092119,5
2030,242,11,0.036610897060738515,5
2030,242,15,0.3184725351180524,5
2030,242,17,0.10287130296974692,5
2030,242,18,0.16421271303112805,5
2030,242,19,0.02639734218443867,5
2030,243,2,0.6554486435447822,5
2030,243,4,0.0976914166439072,5
2030,243,6,0.019781126271928358,5
2030,243,8,0.0197925018993185,5
2030,243,9,0.05928696483074804,5
2030,243,13,0.035982410272882494,5
2030,244,2,0.6146598348634701,5
2030,244,6,0.019684456917516493,5
2030,244,9,0.15199852755339108,5
2030,244,12,0.023364206641725192,5
2030,244,13,0.013353292454939748,5
2030,244,18,0.033297580419618465,5
2030,245,5,0.08546021559473904,5
2030,245,7,0.08609466016734073,5
2030,245,8,0.09808595530744373,5
2030,245,10,0.010657316085660994,5
2030,245,15,0.24974685859418058,5
2030,245,16,0.042721178620440746,5
2030,245,19,0.31149528347741745,5
2030,246,2,0.5977782119978312,5
2030,246,4,0.10247824196946523,5
2030,246,8,0.09436570112722206,5
2030,246,16,0.05065670663793681,5
2030,246,20,0.04009852269825903,5
2030,247,3,0.26425590339693794,5
2030,247,10,0.054250341499949645,5
2030,247,14,0.6166105040295152,5
2030,247,16,0.054871879361758316,5
2030,248,1,0.31072282676534374,5
2030,248,3,0.02894150803583031,5
2030,248,6,0.17838985900235402,5
2030,248,7,0.056141224362352575,5
2030,248,11,0.3233983601859821,5
2030,248,16,0.10240622164813723,5
2030,249,1,0.15109193217428663,5
2030,249,7,0.474750457272498,5
2030,249,17,0.3467664352874422,5
2030,250,4,0.15874010230180172,5
2030,250,8,0.0605014695285067,5
2030,250,9,0.058472427260279104,5
2030,250,11,0.025554257350947723,5
2030,250,14,0.518528438758246,5
2030,250,16,0.011615255870836486,5
2030,250,17,0.0450869551651979,5
2030,250,20,0.07544200965130123,5
2030,251,5,0.08423328398093108,5
2030,251,7,0.13118601159458898,5
2030,251,8,0.06803296322812967,5
2030,251,11,0.03577028005667483,5
2030,251,14,0.06113643213085617,5
2030,251,15,0.03755048220356207,5
2030,251,16,0.5335067261520706,5
2030,251,17,0.04059096884426952,5
2030,252,1,0.5722873948875362,5
2030,252,7,0.2586305838477952,5
2030,252,16,0.09691519905861887,5
2030,253,1,0.11911003995384949,5
2030,253,4,0.10351948933710423,5
2030,253,7,0.4375311343957317,5
2030,253,11,0.02749603196972033,5
2030,253,13,0.11091209387497279,5
2030,253,16,0.06609244251754343,5
2030,253,17,0.056120758373019726,5
2030,254,1,0.06631841553735741,5
2030,254,2,0.5528885768523265,5
2030,254,6,0.014761245251923254,5
2030,254,7,0.017099054271959523,5
2030,254,8,0.01241635259123803,5
2030,254,10,0.010006895587311371,5
2030,254,11,0.08251466736721677,5
2030,254,16,0.11840394744386774,5
2030,254,17,0.04574067761497239,5
2030,255,2,0.5919512558115323,5
2030,255,4,0.02823183596608035,5
2030,255,6,0.0424928236029809,5
2030,255,8,0.024278439292954646,5
2030,255,9,0.18736888438466287,5
2030,255,17,0.023741057936260395,5
2030,256,2,0.5838973008412627,5
2030,256,5,0.011530862491938012,5
2030,256,9,0.1443280759432697,5
2030,256,14,0.028806074302382786,5
2030,256,18,0.13139905052878265,5
2030,257,2,0.5482134041063826,5
2030,257,4,0.09140932690115412,5
2030,257,8,0.1331981946424499,5
2030,257,11,0.058735240939451476,5
2030,257,15,0.0513188419117929,5
2030,257,16,0.03429163372162078,5
2030,258,3,0.07398260518902945,5
2030,258,7,0.051950187704164645,5
2030,258,9,0.7359764469815671,5
2030,258,15,0.012167217585849236,5
2030,259,3,0.13877575975261008,5
2030,259,6,0.05654335067902862,5
2030,259,7,0.017922512099174084,5
2030,259,9,0.5125535466543548,5
2030,259,14,0.06557848233363268,5
2030,259,16,0.020383989352959136,5
2030,260,2,0.5884201214205771,5
2030,260,4,0.05897174096392525,5
2030,260,8,0.02957131621440367,5
2030,260,9,0.08320682111252051,5
2030,260,12,0.02433522266284858,5
2030,260,13,0.043065552285185965,5
2030,260,16,0.021853948978316714,5
2030,261,3,0.05916887368770979,5
2030,261,5,0.33967408409322153,5
2030,261,7,0.14394629154618382,5
2030,261,14,0.021021268892096004,5
2030,261,15,0.222823763470271,5
2030,261,16,0.1447231354198428,5
2030,261,20,0.03811073568916563,5
2030,262,1,0.1700613265917754,5
2030,262,7,0.01542339406097916,5
2030,262,11,0.012707252208557666,5
2030,262,13,0.01797589836390904,5
2030,262,14,0.021858946925903774,5
2030,262,16,0.5761914652503332,5
2030,262,17,0.14976663075541544,5
2030,262,18,0.010881640641260229,5
2030,263,1,0.1316375386860746,5
2030,263,7,0.4049745929993428,5
2030,263,8,0.037809203189183405,5
2030,263,10,0.14998557283354114,5
2030,263,11,0.11669059397892548,5
2030,263,16,0.09250783140541838,5
2030,263,17,0.04604385054666374,5
2030,264,1,0.21362819667778934,5
2030,264,3,0.22735914116160386,5
2030,264,10,0.11487815407719543,5
2030,264,16,0.4441345080834115,5
2030,265,1,0.05287696397207547,5
2030,265,4,0.3172557222739805,5
2030,265,7,0.013632854971910637,5
2030,265,15,0.05469474283735889,5
2030,265,17,0.4916557361898872,5
2030,265,20,0.06146143772132934,5
2030,266,8,0.15751467509858463,5
2030,266,10,0.059109589242943274,5
2030,266,11,0.41210087837582565,5
2030,266,12,0.13916135430283894,5
2030,266,16,0.1521040659142566,5
2030,267,6,0.02906120218095042,5
2030,267,7,0.14392217807649355,5
2030,267,13,0.4611827573797026,5
2030,267,15,0.04750617707858297,5
2030,267,16,0.12110401150184484,5
2030,267,20,0.11678795143215928,5
2030,268,1,0.05582246472910591,5
2030,268,4,0.010626597593093022,5
2030,268,8,0.06828042385997223,5
2030,268,9,0.041954386666174834,5
2030,268,10,0.12200241504823203,5
2030,268,11,0.5391360410602196,5
2030,268,17,0.019984603493166126,5
2030,268,19,0.09191271744895602,5
2030,269,1,0.07203695046295498,5
2030,269,3,0.32317540892532715,5
2030,269,10,0.14912072359349848,5
2030,269,18,0.4221068811079468,5
2030,270,1,0.7199003781097744,5
2030,270,3,0.01716927075631764,5
2030,270,7,0.029234744485771857,5
2030,270,11,0.03912652171113158,5
2030,270,16,0.16950537852971695,5
2030,271,1,0.7657005769754596,5
2030,271,3,0.020691510290767504,5
2030,271,7,0.20480026778367874,5
2030,272,1,0.5747728458542605,5
2030,272,7,0.15670452641010132,5
2030,272,11,0.21108035893401364,5
2030,272,20,0.03883191342865689,5
2030,273,6,0.08700817696281636,5
2030,273,9,0.08755442279063283,5
2030,273,12,0.0183526105693788,5
2030,273,13,0.11175907443410941,5
2030,273,20,0.6026423081720994,5
2030,274,4,0.10768716173304858,5
2030,274,8,0.02504150759342035,5
2030,274,9,0.5412896960818319,5
2030,274,15,0.08096353285033814,5
2030,274,20,0.15332744122327885,5
2030,275,3,0.02186345343806104,5
2030,275,5,0.028268082351671418,5
2030,275,8,0.019559825474200595,5
2030,275,9,0.21664365964698692,5
2030,275,11,0.028669843279564063,5
2030,275,14,0.4997288107381923,5
2030,275,18,0.014817834098167431,5
2030,275,19,0.11342480366922525,5
2030,276,2,0.0977393559946099,5
2030,276,3,0.06384390330172356,5
2030,276,5,0.33928102906004975,5
2030,276,7,0.034577557570537765,5
2030,276,11,0.0626777259674696,5
2030,276,15,0.07089513866383054,5
2030,276,16,0.11346259836875605,5
2030,276,20,0.19139789700866072,5
2030,277,5,0.356361595436316,5
2030,277,7,0.2054454179795276,5
2030,277,8,0.18033880255527004,5
2030,277,10,0.0279935353804542,5
2030,277,12,0.03391553748973341,5
2030,277,15,0.03846579172529902,5
2030,277,16,0.13626486243128688,5
2030,277,20,0.010116250586133812,5
2030,278,1,0.6137757375008198,5
2030,278,7,0.025207637927023935,5
2030,278,8,0.039423473759502524,5
2030,278,10,0.10334620934661093,5
2030,278,15,0.02360734002565062,5
2030,278,16,0.18491476792449132,5
2030,279,1,0.1927011324615307,5
2030,279,7,0.315334891934092,5
2030,279,17,0.46734526419376804,5
2030,280,1,0.2790073812364689,5
2030,280,10,0.6617328439338404,5
2030,281,1,0.29218601456199167,5
2030,281,7,0.24936339282271788,5
2030,281,17,0.44836143428833003,5
2030,282,2,0.3068506848158646,5
2030,282,9,0.5434696662474044,5
2030,282,20,0.09076587787737417,5
2030,283,2,0.02987472972358426,5
2030,283,3,0.02534102531046959,5
2030,283,9,0.7866632111908136,5
2030,283,14,0.015301143087610661,5
2030,283,15,0.093491070916386,5
2030,284,2,0.14503653968292896,5
2030,284,3,0.0455343213935334,5
2030,284,4,0.03199922938809282,5
2030,284,6,0.020098118439048216,5
2030,284,8,0.11813775035001005,5
2030,284,9,0.20154306832313076,5
2030,284,14,0.4134496253636618,5
2030,284,19,0.020016656849292814,5
2030,285,1,0.04742083230303067,5
2030,285,2,0.6070212161172966,5
2030,285,5,0.054870035699196656,5
2030,285,6,0.010424571783449162,5
2030,285,10,0.037046234987199715,5
2030,285,11,0.07840570921894406,5
2030,285,12,0.011883574631606626,5
2030,285,16,0.04922973873693195,5
2030,285,17,0.02561982975918412,5
2030,285,18,0.01955973219657479,5
2030,285,19,0.022321056848929526,5
2030,286,3,0.06551622289141276,5
2030,286,7,0.11194131744914528,5
2030,286,9,0.5946461821685722,5
2030,286,16,0.09722001224324213,5
2030,286,19,0.06089347084853397,5
2030,287,7,0.02663078952050313,5
2030,287,9,0.7381086214956888,5
2030,287,15,0.038542990819165394,5
2030,287,20,0.05380783149888633,5
2030,288,9,0.8430760866511156,5
2030,288,15,0.0104012446852199,5
2030,288,20,0.013125554478813346,5
2030,289,2,0.019093063154016602,5
2030,289,3,0.11154221551674091,5
2030,289,7,0.09904218522750942,5
2030,289,9,0.6526591229995564,5
2030,289,14,0.03491695394107975,5
2030,289,15,0.04786779296012755,5
2030,290,2,0.5037697205435943,5
2030,290,4,0.08953983968014428,5
2030,290,9,0.34281313277651254,5
2030,290,13,0.015472532741210045,5
2030,291,2,0.3520096963258716,5
2030,291,3,0.031004940267278288,5
2030,291,9,0.5169342637745047,5
2030,291,14,0.037283693936759475,5
2030,291,15,0.014953799663887324,5
2030,292,2,0.05621972394767425,5
2030,292,3,0.0732580018011463,5
2030,292,7,0.030648549281871412,5
2030,292,9,0.6698210875097553,5
2030,292,14,0.08428345923869213,5
2030,292,15,0.02053153143444116,5
2030,293,3,0.04679809497799018,5
2030,293,7,0.10859424667942338,5
2030,293,9,0.6441003927369509,5
2030,293,10,0.02083622748411812,5
2030,293,14,0.012674126209520955,5
2030,293,16,0.1006261728694536,5
2030,294,2,0.14252359337081533,5
2030,294,9,0.5004482924338735,5
2030,294,15,0.12075252205065794,5
2030,294,20,0.11334963274835567,5
2030,295,3,0.2550647514194023,5
2030,295,10,0.027492957881100146,5
2030,295,16,0.11900913824711093,5
2030,295,18,0.4026613807370848,5
2030,295,19,0.1700396486345193,5
2030,296,4,0.0878867104678522,5
2030,296,6,0.01001442488721965,5
2030,296,9,0.02786058014821569,5
2030,296,13,0.06751065818565093,5
2030,296,16,0.5962986420719745,5
2030,296,17,0.12244677564359566,5
2030,296,18,0.011480532681678876,5
2030,296,20,0.068834951443893,5
2030,297,2,0.11307896542971048,5
2030,297,5,0.37146118750352347,5
2030,297,6,0.0999743349727464,5
2030,297,8,0.08870139971593134,5
2030,297,9,0.057777563130468564,5
2030,297,16,0.017159253903897678,5
2030,297,17,0.04225842982337591,5
2030,297,19,0.03862881210500849,5
2030,297,20,0.09834109050672826,5
2030,298,4,0.10194584153012054,5
2030,298,8,0.045930997006357756,5
2030,298,9,0.7180640177301388,5
2030,298,11,0.020565613370185525,5
2030,298,16,0.018021778083296417,5
2030,298,20,0.017155145434549934,5
2030,299,2,0.024391066113570302,5
2030,299,3,0.024533548737772273,5
2030,299,9,0.7889558442159696,5
2030,299,14,0.0665316741546871,5
2030,300,2,0.1829052890630442,5
2030,300,9,0.6152886857535355,5
2030,300,15,0.07631287037647777,5
2030,300,20,0.06462577935378352,5
2030,301,2,0.1460763883571987,5
2030,301,9,0.6012450234018908,5
2030,301,14,0.09081685898750305,5
2030,301,15,0.033734836848316414,5
2030,302,2,0.06768579863417991,5
2030,302,4,0.02293513284353537,5
2030,302,9,0.024401470356733887,5
2030,302,12,0.06136313272239807,5
2030,302,15,0.1592979113965293,5
2030,302,16,0.02289661809805025,5
2030,302,18,0.5412236665926637,5
2030,303,1,0.05346447334300511,5
2030,303,3,0.09316659635177546,5
2030,303,4,0.061116195422979275,5
2030,303,5,0.3623943467569361,5
2030,303,6,0.1104048804558729,5
2030,303,11,0.049398148993421806,5
2030,303,13,0.07492099847635926,5
2030,303,17,0.051755733124987005,5
2030,303,19,0.013447488810670153,5
2030,303,20,0.11931195780498956,5
2030,304,1,0.041447197291621746,5
2030,304,3,0.03567637428894385,5
2030,304,4,0.09445112338954416,5
2030,304,5,0.42708772090151315,5
2030,304,6,0.12463886899911837,5
2030,304,8,0.019989974474888008,5
2030,304,9,0.020930927228855794,5
2030,304,13,0.07410446829205476,5
2030,304,17,0.01807370456599386,5
2030,304,19,0.02625773929120488,5
2030,304,20,0.0769121037299844,5
2030,305,1,0.09318369387979573,5
2030,305,3,0.015160468569015042,5
2030,305,6,0.017994935653098613,5
2030,305,7,0.013900981733261111,5
2030,305,9,0.6017660236392661,5
2030,305,10,0.020281459757954482,5
2030,305,12,0.06226463603568682,5
2030,305,13,0.029406814826136253,5
2030,305,14,0.01894289619444266,5
2030,305,16,0.07577889196350744,5
2030,306,5,0.1246604683677658,5
2030,306,8,0.13320491654251174,5
2030,306,9,0.06658262763065731,5
2030,306,11,0.2735041828928323,5
2030,306,12,0.24131554869538413,5
2030,306,15,0.03688501815977072,5
2030,306,17,0.0633211021462381,5
2030,307,2,0.10552445871442646,5
2030,307,5,0.20588797241708165,5
2030,307,8,0.08593245426888821,5
2030,307,9,0.24626427188718375,5
2030,307,11,0.12636516069855586,5
2030,307,16,0.19408420648969338,5
2030,308,3,0.21297718933930965,5
2030,308,5,0.06373177247242709,5
2030,308,10,0.07720023942333946,5
2030,308,16,0.25563330900103204,5
2030,308,18,0.29771272476837096,5
2030,308,19,0.0421010505064856,5
2030,309,4,0.6669059354971573,5
2030,309,6,0.1391553070533647,5
2030,309,11,0.04009639554257792,5
2030,309,13,0.08310669313354012,5
2030,309,18,0.04769931134461209,5
2030,310,3,0.17439461459957917,5
2030,310,7,0.012826216857909736,5
2030,310,10,0.6312060889990163,5
2030,310,11,0.03907858136632994,5
2030,310,15,0.021134421360387474,5
2030,310,16,0.12136007681677737,5
2030,311,1,0.05953899128269133,5
2030,311,6,0.07467428287597278,5
2030,311,9,0.012948050088011155,5
2030,311,11,0.49666676334550025,5
2030,311,13,0.3230137066222957,5
2030,311,18,0.03288437762642879,5
2030,312,5,0.06913709757881503,5
2030,312,8,0.014998439523609849,5
2030,312,9,0.07362979136897937,5
2030,312,11,0.0384244616846273,5
2030,312,12,0.04896139191568441,5
2030,312,13,0.057813449204387836,5
2030,312,16,0.5214215077091126,5
2030,312,17,0.15850300771743184,5
2030,312,18,0.017110853297351823,5
2030,313,2,0.013728284032437902,5
2030,313,6,0.03085709947951718,5
2030,313,8,0.030120767411553548,5
2030,313,9,0.027751666621246705,5
2030,313,11,0.218070158760657,5
2030,313,12,0.3304565885920282,5
2030,313,16,0.10974631843452909,5
2030,313,17,0.09044194865157774,5
2030,313,18,0.08918196633994502,5
2030,313,20,0.028227366060306288,5
2030,314,1,0.16366441681181512,5
2030,314,8,0.17272366055328034,5
2030,314,10,0.15442036744469606,5
2030,314,11,0.04624209995965367,5
2030,314,12,0.21560317608895588,5
2030,314,16,0.2023053537934459,5
2030,314,17,0.045040925348153,5
2030,315,1,0.5644093014190218,5
2030,315,10,0.237567556411302,5
2030,315,16,0.17571049111203865,5
2030,316,1,0.6678425488009857,5
2030,316,6,0.054941628400453246,5
2030,316,11,0.17176161679390747,5
2030,316,16,0.09220348902301273,5
2030,317,1,0.5321563179061617,5
2030,317,6,0.07305750462838817,5
2030,317,11,0.25335858164829717,5
2030,317,16,0.14142759581715295,5
2030,318,1,0.6871891487390396,5
2030,318,5,0.03749931806324946,5
2030,318,7,0.022459071726085314,5
2030,318,8,0.03836422601289778,5
2030,318,11,0.13803126675628544,5
2030,318,16,0.07087609843415368,5
2030,319,1,0.5613282923370733,5
2030,319,5,0.06891313233443844,5
2030,319,6,0.029858095313097827,5
2030,319,16,0.3305211343132557,5
2030,320,1,0.2797144236633473,5
2030,320,8,0.02093874302479473,5
2030,320,10,0.15862949549872568,5
2030,320,11,0.5026254260729714,5
2030,320,17,0.03809191174016058,5
2030,321,6,0.10852808248386032,5
2030,321,12,0.11265230158367066,5
2030,321,13,0.20051962886711755,5
2030,321,14,0.18583403236884696,5
2030,321,16,0.018443441095188647,5
2030,321,18,0.33662658406988805,5
2030,322,1,0.1715459191256304,5
2030,322,11,0.09079539060724746,5
2030,322,12,0.08313533064943454,5
2030,322,16,0.20560793380964015,5
2030,322,17,0.4346021077247254,5
2030,323,5,0.05074854935291374,5
2030,323,6,0.011729420502675201,5
2030,323,11,0.1490726415210776,5
2030,323,13,0.2541929602277098,5
2030,323,16,0.3900118462486835,5
2030,323,18,0.14424458214694008,5
2030,324,1,0.4901291815425314,5
2030,324,5,0.08039311010596392,5
2030,324,6,0.04166076312836051,5
2030,324,11,0.14910296738297055,5
2030,324,12,0.014950178520965158,5
2030,324,16,0.2237406745470015,5
2030,325,4,0.5225594284527721,5
2030,325,6,0.0942498656984321,5
2030,325,9,0.3338301692600707,5
2030,325,13,0.03247440222822039,5
2030,325,16,0.01688613436050462,5
2030,326,3,0.02215761573560953,5
2030,326,5,0.20271705025736,5
2030,326,11,0.02835299153883387,5
2030,326,12,0.03657622099398469,5
2030,326,14,0.03591770533887069,5
2030,326,15,0.03174676035921256,5
2030,326,16,0.09058020459698117,5
2030,326,18,0.5517996268802623,5
2030,327,1,0.17223791362821342,5
2030,327,13,0.04341258619763591,5
2030,327,16,0.5806153551794164,5
2030,327,17,0.18643097458473304,5
2030,328,1,0.1876099509874466,5
2030,328,3,0.1657558048726168,5
2030,328,6,0.12208347763577183,5
2030,328,11,0.011632629904996916,5
2030,328,18,0.5129181365991679,5
2030,329,1,0.8240412909510199,5
2030,329,11,0.11036831589667273,5
2030,330,1,0.25170989556070705,5
2030,330,6,0.047821168211925266,5
2030,330,13,0.02626263361623067,5
2030,330,16,0.6103769583217273,5
2030,330,18,0.05363032236211544,5
2030,331,1,0.14292552123089816,5
2030,331,4,0.011279488552295224,5
2030,331,7,0.02900181016414731,5
2030,331,11,0.13977412804348585,5
2030,331,12,0.14262728441418815,5
2030,331,13,0.04518037220838915,5
2030,331,17,0.48921139538659614,5
2030,332,1,0.6725940314974774,5
2030,332,5,0.019376914168129186,5
2030,332,6,0.029112805284139603,5
2030,332,11,0.048539473840234854,5
2030,332,16,0.16412638560056728,5
2030,332,18,0.026446002835985614,5
2030,332,19,0.017562026516570857,5
2030,333,4,0.21172025608702416,5
2030,333,8,0.019750888665087132,5
2030,333,11,0.0808513510517809,5
2030,333,12,0.09181959851820619,5
2030,333,13,0.0411497275696651,5
2030,333,15,0.01580139106330703,5
2030,333,16,0.01994040764426006,5
2030,333,17,0.5189663794006696,5
2030,334,4,0.11286261232102679,5
2030,334,5,0.14858159949241687,5
2030,334,9,0.21032196443248283,5
2030,334,11,0.05690464248153238,5
2030,334,18,0.34278545371771213,5
2030,334,19,0.11249542305270376,5
2030,335,4,0.016893381690193356,5
2030,335,6,0.018554285553917547,5
2030,335,7,0.07677966687589699,5
2030,335,8,0.0121938220217014,5
2030,335,9,0.7031835232767518,5
2030,335,11,0.05470829126589883,5
2030,335,12,0.02104976691180037,5
2030,335,16,0.077650827647103,5
2030,335,20,0.015016769015330205,5
2030,336,5,0.25505853853374366,5
2030,336,8,0.3194708786865254,5
2030,336,9,0.09929097975231614,5
2030,336,15,0.05185188928029846,5
2030,336,19,0.207072616615944,5
2030,337,8,0.04663500500124808,5
2030,337,9,0.793463601091534,5
2030,337,11,0.03843662700314755,5
2030,337,15,0.040714789291202064,5
2030,337,16,0.03686681759922568,5
2030,337,19,0.0142521827593089,5
2030,338,3,0.21649016524788395,5
2030,338,5,0.5413938112842737,5
2030,338,18,0.23515595050926408,5
2030,339,4,0.6281535376574071,5
2030,339,8,0.035009336927818026,5
2030,339,9,0.05173159388314596,5
2030,339,12,0.23417945246189936,5
2030,339,17,0.04692713591431356,5
2030,340,5,0.07648868122691146,5
2030,340,6,0.058282630284531484,5
2030,340,9,0.5216406692795972,5
2030,340,12,0.023368541517749527,5
2030,340,14,0.12784846464117888,5
2030,340,18,0.18305245355822938,5
2030,341,4,0.055963933256387904,5
2030,341,9,0.8529612215994536,5
2030,341,13,0.05114931906820438,5
2030,341,20,0.03992552607595394,5
2030,342,3,0.03326335073399925,5
2030,342,11,0.013217208473474502,5
2030,342,18,0.8670648760254404,5
2030,342,19,0.05606505308169514,5
2030,343,4,0.5978052686342754,5
2030,343,5,0.014838862582891387,5
2030,343,8,0.2241794234154495,5
2030,343,11,0.047852608034229034,5
2030,343,17,0.1146328886938372,5
2030,344,3,0.2394902135433506,5
2030,344,5,0.5344472592881866,5
2030,344,18,0.11608920594688087,5
2030,344,19,0.10997332122158193,5
2030,345,4,0.1997331869541928,5
2030,345,8,0.1435117094654495,5
2030,345,9,0.10517235101263032,5
2030,345,12,0.040510376862133636,5
2030,345,13,0.4967754127155851,5
2030,346,2,0.021311196750852628,5
2030,346,9,0.28920205142031835,5
2030,346,13,0.04728315119813291,5
2030,346,14,0.18207428616168117,5
2030,346,18,0.4508912436081105,5
2030,347,1,0.2937029597229772,5
2030,347,6,0.06938138158587427,5
2030,347,10,0.34568865747189886,5
2030,347,16,0.28407232532190785,5
2030,348,1,0.08502208725774599,5
2030,348,6,0.019356824503456275,5
2030,348,11,0.46246276751639026,5
2030,348,12,0.30304260432301805,5
2030,348,13,0.12729258504700286,5
2030,349,1,0.7466885709760469,5
2030,349,5,0.07239906037304235,5
2030,349,8,0.01354666523900454,5
2030,349,10,0.012118622190049373,5
2030,349,12,0.031700362613118614,5
2030,349,16,0.11398485456972683,5
2030,350,1,0.5201711916991569,5
2030,350,5,0.05084203737148491,5
2030,350,11,0.3684846328334852,5
2030,350,13,0.027452437467368244,5
2030,350,16,0.023019993734091294,5
2030,351,5,0.10825490809010482,5
2030,351,11,0.13688316222772604,5
2030,351,12,0.044720111236979214,5
2030,351,13,0.13364774620122133,5
2030,351,16,0.4403546458951838,5
2030,351,17,0.09607551028576025,5
2030,351,18,0.040063916063024535,5
2030,352,1,0.34536716118147953,5
2030,352,10,0.06652782955832258,5
2030,352,16,0.5843619547327304,5
2030,353,9,0.10227833361176521,5
2030,353,11,0.20193582175664107,5
2030,353,13,0.530396500469731,5
2030,353,17,0.08010949173258634,5
2030,353,19,0.08048214048928817,5
2030,354,12,1.0,5
2030,355,1,0.629037054607268,5
2030,355,5,0.06350209460775666,5
2030,355,7,0.0181081125561241,5
2030,355,8,0.09721664594765267,5
2030,355,11,0.13502419620240147,5
2030,355,17,0.044596008764441995,5
2030,356,4,0.5666708211378976,5
2030,356,6,0.03693881820031752,5
2030,356,9,0.31269279597488087,5
2030,356,12,0.03812551096771325,5
2030,356,13,0.04557205371919078,5
2030,357,5,0.03810268721059001,5
2030,357,6,0.04213422085353664,5
2030,357,9,0.4812238262014741,5
2030,357,12,0.02689707493063093,5
2030,357,14,0.22042338174054613,5
2030,357,18,0.19121880906322225,5
2030,358,4,0.24333856738151097,5
2030,358,8,0.05020072124617783,5
2030,358,9,0.4045323875925893,5
2030,358,11,0.11390007231579348,5
2030,358,16,0.029166957584221085,5
2030,358,17,0.11674244888802038,5
2030,358,18,0.04211884499168698,5
2030,359,1,0.1509098802408468,5
2030,359,5,0.5874077801744706,5
2030,359,7,0.08564703172643462,5
2030,359,8,0.053001654647995854,5
2030,359,11,0.014099156768491099,5
2030,359,12,0.014649524367171637,5
2030,359,16,0.02836325972670594,5
2030,359,17,0.06592171234788347,5
2030,360,1,0.22564694510156355,5
2030,360,6,0.0915056531860197,5
2030,360,10,0.3453142706597706,5
2030,360,11,0.15680386181163494,5
2030,360,12,0.08965797765260836,5
2030,360,16,0.027131397019114746,5
2030,360,17,0.06393989456928811,5
2030,361,1,0.6406874872422693,5
2030,361,5,0.07100495697687866,5
2030,361,7,0.017009623978935066,5
2030,361,11,0.1664607733735929,5
2030,361,12,0.028795153468039493,5
2030,361,17,0.06991538710403246,5
2030,362,1,0.2154811580911495,5
2030,362,6,0.08081608003778051,5
2030,362,10,0.10369356211990868,5
2030,362,16,0.1488148279867377,5
2030,362,17,0.4511943717644236,5
2030,363,1,0.36064968405781883,5
2030,363,10,0.5805474203258385,5
2030,363,17,0.025398778539942917,5
2030,364,1,0.9447227967357879,5
2030,365,1,0.34439664075506415,5
2030,365,3,0.012878680501560276,5
2030,365,10,0.39590694798497117,5
2030,365,16,0.20038571861408286,5
