rep_period,timestep,year,scenario,profile_name,value
1,1,2030,0,demand,0.5105281412947346
1,2,2030,0,demand,0.5031244570738777
1,3,2030,0,demand,0.49433612680037
1,4,2030,0,demand,0.48677248130922696
1,5,2030,0,demand,0.4966036063673213
1,6,2030,0,demand,0.5177075861212844
1,7,2030,0,demand,0.5486830344920495
1,8,2030,0,demand,0.5844690847598584
1,9,2030,0,demand,0.6180709329155355
1,10,2030,0,demand,0.6380576907157534
1,11,2030,0,demand,0.6513943878013679
1,12,2030,0,demand,0.657357843420827
1,13,2030,0,demand,0.6532081340678013
1,14,2030,0,demand,0.6394959235584711
1,15,2030,0,demand,0.6278583112480308
1,16,2030,0,demand,0.6258086950031754
1,17,2030,0,demand,0.6237550430077091
1,18,2030,0,demand,0.6224401050974088
1,19,2030,0,demand,0.6317861770611796
1,20,2030,0,demand,0.6420403459883129
1,21,2030,0,demand,0.6350341905777034
1,22,2030,0,demand,0.5981290166944102
1,23,2030,0,demand,0.557723999879681
1,24,2030,0,demand,0.5480917821192584
1,1,2030,0,solar,0.0
1,2,2030,0,solar,0.0
1,3,2030,0,solar,0.0
1,4,2030,0,solar,0.0
1,5,2030,0,solar,0.0
1,6,2030,0,solar,0.00013508614170898228
1,7,2030,0,solar,0.010066221517963747
1,8,2030,0,solar,0.10441182403141751
1,9,2030,0,solar,0.28305388166670253
1,10,2030,0,solar,0.4601569244035005
1,11,2030,0,solar,0.5796027827765888
1,12,2030,0,solar,0.6497349014088031
1,13,2030,0,solar,0.6631277757690212
1,14,2030,0,solar,0.6306947416726063
1,15,2030,0,solar,0.5596605600915964
1,16,2030,0,solar,0.4547834525030004
1,17,2030,0,solar,0.3189186128728782
1,18,2030,0,solar,0.16227772221377804
1,19,2030,0,solar,0.040436074494531196
1,20,2030,0,solar,0.0010192759175148567
1,21,2030,0,solar,0.0
1,22,2030,0,solar,0.0
1,23,2030,0,solar,0.0
1,24,2030,0,solar,0.0
1,1,2030,0,wind_offshore,0.3269332515523626
1,2,2030,0,wind_offshore,0.34332817584672304
1,3,2030,0,wind_offshore,0.36260483321291304
1,4,2030,0,wind_offshore,0.39235463940006526
1,5,2030,0,wind_offshore,0.42979617257435254
1,6,2030,0,wind_offshore,0.4481853461257634
1,7,2030,0,wind_offshore,0.46375033971927787
1,8,2030,0,wind_offshore,0.4820849963077784
1,9,2030,0,wind_offshore,0.500186854194492
1,10,2030,0,wind_offshore,0.5168392044311697
1,11,2030,0,wind_offshore,0.4945909630735741
1,12,2030,0,wind_offshore,0.5107863395068629
1,13,2030,0,wind_offshore,0.508257418605589
1,14,2030,0,wind_offshore,0.5008706329430381
1,15,2030,0,wind_offshore,0.5024444863136354
1,16,2030,0,wind_offshore,0.5141700519415179
1,17,2030,0,wind_offshore,0.5279046907673614
1,18,2030,0,wind_offshore,0.5531749153362846
1,19,2030,0,wind_offshore,0.5832474968414046
1,20,2030,0,wind_offshore,0.5997960698344528
1,21,2030,0,wind_offshore,0.6119174117914612
1,22,2030,0,wind_offshore,0.6225665230289877
1,23,2030,0,wind_offshore,0.5735568183088093
1,24,2030,0,wind_offshore,0.5661807805339522
1,1,2030,0,wind_onshore,0.20752554041310228
1,2,2030,0,wind_onshore,0.19466420285912667
1,3,2030,0,wind_onshore,0.18519135458834737
1,4,2030,0,wind_onshore,0.17670091166739424
1,5,2030,0,wind_onshore,0.17151869330943822
1,6,2030,0,wind_onshore,0.16670639290807418
1,7,2030,0,wind_onshore,0.16138742274641996
1,8,2030,0,wind_onshore,0.15342580066023023
1,9,2030,0,wind_onshore,0.1513804552780783
1,10,2030,0,wind_onshore,0.1522233135710279
1,11,2030,0,wind_onshore,0.14576963825841585
1,12,2030,0,wind_onshore,0.16226911528782728
1,13,2030,0,wind_onshore,0.18272554707347632
1,14,2030,0,wind_onshore,0.2048119154294078
1,15,2030,0,wind_onshore,0.2271637507900035
1,16,2030,0,wind_onshore,0.2462469324131206
1,17,2030,0,wind_onshore,0.25792866714391405
1,18,2030,0,wind_onshore,0.26825503101935233
1,19,2030,0,wind_onshore,0.27138953117090014
1,20,2030,0,wind_onshore,0.274447864127113
1,21,2030,0,wind_onshore,0.2765261672021571
1,22,2030,0,wind_onshore,0.26844313711970114
1,23,2030,0,wind_onshore,0.2437277401814977
1,24,2030,0,wind_onshore,0.23634708605167018
2,1,2030,0,demand,0.5121621981917219
2,2,2030,0,demand,0.49737117173930145
2,3,2030,0,demand,0.4869098450301315
2,4,2030,0,demand,0.4744486772771559
2,5,2030,0,demand,0.4756074955556693
2,6,2030,0,demand,0.49586812949840176
2,7,2030,0,demand,0.5274411344511
2,8,2030,0,demand,0.5677186196672761
2,9,2030,0,demand,0.6028154704151197
2,10,2030,0,demand,0.6261370327898634
2,11,2030,0,demand,0.6357645953261205
2,12,2030,0,demand,0.6397391169245279
2,13,2030,0,demand,0.6355126946508631
2,14,2030,0,demand,0.6256844096462564
2,15,2030,0,demand,0.6138148807246
2,16,2030,0,demand,0.6071314307666261
2,17,2030,0,demand,0.6069354901602598
2,18,2030,0,demand,0.6222452415819257
2,19,2030,0,demand,0.6499215447532466
2,20,2030,0,demand,0.6708333325829128
2,21,2030,0,demand,0.6692892510221937
2,22,2030,0,demand,0.6319976432743891
2,23,2030,0,demand,0.5820597536945983
2,24,2030,0,demand,0.5596636850097051
2,1,2030,0,solar,0.0
2,2,2030,0,solar,0.0
2,3,2030,0,solar,0.0
2,4,2030,0,solar,0.0
2,5,2030,0,solar,0.0
2,6,2030,0,solar,0.0
2,7,2030,0,solar,0.0
2,8,2030,0,solar,0.001071592770602136
2,9,2030,0,solar,0.05550349120609385
2,10,2030,0,solar,0.16101769132381683
2,11,2030,0,solar,0.2645085715528743
2,12,2030,0,solar,0.34124260667624756
2,13,2030,0,solar,0.37934687502547776
2,14,2030,0,solar,0.37615744939990414
2,15,2030,0,solar,0.32779398307045987
2,16,2030,0,solar,0.24049680381799637
2,17,2030,0,solar,0.12800817195737485
2,18,2030,0,solar,0.020740952733761493
2,19,2030,0,solar,0.0
2,20,2030,0,solar,0.0
2,21,2030,0,solar,0.0
2,22,2030,0,solar,0.0
2,23,2030,0,solar,0.0
2,24,2030,0,solar,0.0
2,1,2030,0,wind_offshore,0.888129256277782
2,2,2030,0,wind_offshore,0.8944904358718812
2,3,2030,0,wind_offshore,0.9016276901361537
2,4,2030,0,wind_offshore,0.9190880959493756
2,5,2030,0,wind_offshore,0.9268105345567361
2,6,2030,0,wind_offshore,0.9283416404987932
2,7,2030,0,wind_offshore,0.9297982404874331
2,8,2030,0,wind_offshore,0.9295524035830742
2,9,2030,0,wind_offshore,0.9338776952526074
2,10,2030,0,wind_offshore,0.9311318416723586
2,11,2030,0,wind_offshore,0.933094792637086
2,12,2030,0,wind_offshore,0.9263515011065206
2,13,2030,0,wind_offshore,0.9286016120127076
2,14,2030,0,wind_offshore,0.9174191332927387
2,15,2030,0,wind_offshore,0.909829969459778
2,16,2030,0,wind_offshore,0.9095092266967517
2,17,2030,0,wind_offshore,0.9095015848656074
2,18,2030,0,wind_offshore,0.9257932124123818
2,19,2030,0,wind_offshore,0.9295942081657302
2,20,2030,0,wind_offshore,0.930261999234641
2,21,2030,0,wind_offshore,0.9290051978549339
2,22,2030,0,wind_offshore,0.925008953337255
2,23,2030,0,wind_offshore,0.9283543681380662
2,24,2030,0,wind_offshore,0.9169204613984377
2,1,2030,0,wind_onshore,0.48421561460010065
2,2,2030,0,wind_onshore,0.4827023926003786
2,3,2030,0,wind_onshore,0.478640481052767
2,4,2030,0,wind_onshore,0.4783849882635869
2,5,2030,0,wind_onshore,0.480314004307031
2,6,2030,0,wind_onshore,0.4798898775727949
2,7,2030,0,wind_onshore,0.4812400656066748
2,8,2030,0,wind_onshore,0.48075450522965113
2,9,2030,0,wind_onshore,0.48031892866304676
2,10,2030,0,wind_onshore,0.4800890658129187
2,11,2030,0,wind_onshore,0.4866890871988535
2,12,2030,0,wind_onshore,0.5123724536869185
2,13,2030,0,wind_onshore,0.5301114371803028
2,14,2030,0,wind_onshore,0.5405723731486498
2,15,2030,0,wind_onshore,0.5436218530202471
2,16,2030,0,wind_onshore,0.5329658972301751
2,17,2030,0,wind_onshore,0.5060654484139735
2,18,2030,0,wind_onshore,0.487879457064495
2,19,2030,0,wind_onshore,0.48614856288449754
2,20,2030,0,wind_onshore,0.4897105917891722
2,21,2030,0,wind_onshore,0.493969331175495
2,22,2030,0,wind_onshore,0.49378386952773123
2,23,2030,0,wind_onshore,0.49362940771973096
2,24,2030,0,wind_onshore,0.49758926550767807
3,1,2030,0,demand,0.5073685774849306
3,2,2030,0,demand,0.5023482134958888
3,3,2030,0,demand,0.4987494782711341
3,4,2030,0,demand,0.4907978142962819
3,5,2030,0,demand,0.4957774034627678
3,6,2030,0,demand,0.5170617831129752
3,7,2030,0,demand,0.5512442613125862
3,8,2030,0,demand,0.5864814367777211
3,9,2030,0,demand,0.6183314048589328
3,10,2030,0,demand,0.6381813188076403
3,11,2030,0,demand,0.6477420555674949
3,12,2030,0,demand,0.6492750515810783
3,13,2030,0,demand,0.6441766879673186
3,14,2030,0,demand,0.629738917289721
3,15,2030,0,demand,0.6229917003978369
3,16,2030,0,demand,0.6223244384091126
3,17,2030,0,demand,0.622195143350299
3,18,2030,0,demand,0.621532567163181
3,19,2030,0,demand,0.6261755793790587
3,20,2030,0,demand,0.642362058641493
3,21,2030,0,demand,0.6390284246461535
3,22,2030,0,demand,0.5989225806230356
3,23,2030,0,demand,0.5564709507269434
3,24,2030,0,demand,0.5455325430270157
3,1,2030,0,solar,0.0
3,2,2030,0,solar,0.0
3,3,2030,0,solar,0.0
3,4,2030,0,solar,0.0
3,5,2030,0,solar,0.0
3,6,2030,0,solar,5.366563779494812e-5
3,7,2030,0,solar,0.016074942922092335
3,8,2030,0,solar,0.12590892624527145
3,9,2030,0,solar,0.32479191678685193
3,10,2030,0,solar,0.5127633992263593
3,11,2030,0,solar,0.6339692662271199
3,12,2030,0,solar,0.7134733830397808
3,13,2030,0,solar,0.7408657550085381
3,14,2030,0,solar,0.7157082152225738
3,15,2030,0,solar,0.6490760170819592
3,16,2030,0,solar,0.5335274909637958
3,17,2030,0,solar,0.37852622347013315
3,18,2030,0,solar,0.1974009149826239
3,19,2030,0,solar,0.0458994569100848
3,20,2030,0,solar,0.0019089418455645367
3,21,2030,0,solar,0.0
3,22,2030,0,solar,0.0
3,23,2030,0,solar,0.0
3,24,2030,0,solar,0.0
3,1,2030,0,wind_offshore,0.1187691427411138
3,2,2030,0,wind_offshore,0.10526386081405358
3,3,2030,0,wind_offshore,0.09941214640826265
3,4,2030,0,wind_offshore,0.08950754954286812
3,5,2030,0,wind_offshore,0.08218068879157028
3,6,2030,0,wind_offshore,0.07559364490327088
3,7,2030,0,wind_offshore,0.06944898707395422
3,8,2030,0,wind_offshore,0.06229210613741441
3,9,2030,0,wind_offshore,0.057270922724923574
3,10,2030,0,wind_offshore,0.05949556947075049
3,11,2030,0,wind_offshore,0.06641759393081507
3,12,2030,0,wind_offshore,0.07196291953688186
3,13,2030,0,wind_offshore,0.07864860784850095
3,14,2030,0,wind_offshore,0.0890663949577154
3,15,2030,0,wind_offshore,0.10042940170853798
3,16,2030,0,wind_offshore,0.10348263676955467
3,17,2030,0,wind_offshore,0.09854569464602658
3,18,2030,0,wind_offshore,0.09004555925106107
3,19,2030,0,wind_offshore,0.07500490334821548
3,20,2030,0,wind_offshore,0.0657845577498361
3,21,2030,0,wind_offshore,0.061421274691100855
3,22,2030,0,wind_offshore,0.06243482807414126
3,23,2030,0,wind_offshore,0.05172475416009096
3,24,2030,0,wind_offshore,0.05328182745063228
3,1,2030,0,wind_onshore,0.2813020808839538
3,2,2030,0,wind_onshore,0.27261372882411256
3,3,2030,0,wind_onshore,0.2653532977199303
3,4,2030,0,wind_onshore,0.2583993309947332
3,5,2030,0,wind_onshore,0.25205462849511084
3,6,2030,0,wind_onshore,0.25016727679028966
3,7,2030,0,wind_onshore,0.24795509411616828
3,8,2030,0,wind_onshore,0.23645029535024134
3,9,2030,0,wind_onshore,0.22897028936166103
3,10,2030,0,wind_onshore,0.2388875109159637
3,11,2030,0,wind_onshore,0.23753356197024583
3,12,2030,0,wind_onshore,0.2513492115525717
3,13,2030,0,wind_onshore,0.26296104866494685
3,14,2030,0,wind_onshore,0.278808695332022
3,15,2030,0,wind_onshore,0.2960189989806345
3,16,2030,0,wind_onshore,0.30623277277856215
3,17,2030,0,wind_onshore,0.3116605848135155
3,18,2030,0,wind_onshore,0.3094974418262531
3,19,2030,0,wind_onshore,0.2965668244410738
3,20,2030,0,wind_onshore,0.2841792368759527
3,21,2030,0,wind_onshore,0.26951237396314154
3,22,2030,0,wind_onshore,0.25032901148528736
3,23,2030,0,wind_onshore,0.22725385473108373
3,24,2030,0,wind_onshore,0.2184879860988656
4,1,2030,0,demand,0.5098008436226704
4,2,2030,0,demand,0.5043839542223404
4,3,2030,0,demand,0.49187296110415507
4,4,2030,0,demand,0.4812092887758165
4,5,2030,0,demand,0.4881491931684988
4,6,2030,0,demand,0.513603760234658
4,7,2030,0,demand,0.5644488849428069
4,8,2030,0,demand,0.6161355289661427
4,9,2030,0,demand,0.6504967898518201
4,10,2030,0,demand,0.6771172967553352
4,11,2030,0,demand,0.6781637181346739
4,12,2030,0,demand,0.680446937628047
4,13,2030,0,demand,0.6726170116652537
4,14,2030,0,demand,0.6506972245437479
4,15,2030,0,demand,0.6326288596844126
4,16,2030,0,demand,0.6206703061800731
4,17,2030,0,demand,0.6166759752730412
4,18,2030,0,demand,0.6330544709261797
4,19,2030,0,demand,0.6666080539144076
4,20,2030,0,demand,0.6974137024665781
4,21,2030,0,demand,0.6964234584777629
4,22,2030,0,demand,0.6539637579361075
4,23,2030,0,demand,0.5974147343718506
4,24,2030,0,demand,0.5648577395070459
4,1,2030,0,solar,0.0
4,2,2030,0,solar,0.0
4,3,2030,0,solar,0.0
4,4,2030,0,solar,0.0
4,5,2030,0,solar,0.0
4,6,2030,0,solar,0.0
4,7,2030,0,solar,0.0
4,8,2030,0,solar,0.01352896988872041
4,9,2030,0,solar,0.11014139994992846
4,10,2030,0,solar,0.2440991828703552
4,11,2030,0,solar,0.36238992920069313
4,12,2030,0,solar,0.44197498841349214
4,13,2030,0,solar,0.4594391876955436
4,14,2030,0,solar,0.44401998028587625
4,15,2030,0,solar,0.3885484385103892
4,16,2030,0,solar,0.30672654249694464
4,17,2030,0,solar,0.20534166657186406
4,18,2030,0,solar,0.08361721947168821
4,19,2030,0,solar,0.0044714927914820506
4,20,2030,0,solar,0.0
4,21,2030,0,solar,0.0
4,22,2030,0,solar,0.0
4,23,2030,0,solar,0.0
4,24,2030,0,solar,0.0
4,1,2030,0,wind_offshore,0.8787975166066825
4,2,2030,0,wind_offshore,0.9199327196523852
4,3,2030,0,wind_offshore,0.9351570432236731
4,4,2030,0,wind_offshore,0.9438963665211061
4,5,2030,0,wind_offshore,0.9401867233650258
4,6,2030,0,wind_offshore,0.9251568212202331
4,7,2030,0,wind_offshore,0.8992203827205331
4,8,2030,0,wind_offshore,0.8351927985152965
4,9,2030,0,wind_offshore,0.8077915681170569
4,10,2030,0,wind_offshore,0.7649996638633986
4,11,2030,0,wind_offshore,0.653990470714486
4,12,2030,0,wind_offshore,0.6547048230303915
4,13,2030,0,wind_offshore,0.7215753415930235
4,14,2030,0,wind_offshore,0.7397249107775861
4,15,2030,0,wind_offshore,0.7647606850986487
4,16,2030,0,wind_offshore,0.7237906496116664
4,17,2030,0,wind_offshore,0.6799081898627378
4,18,2030,0,wind_offshore,0.6668383607605461
4,19,2030,0,wind_offshore,0.6447742889591334
4,20,2030,0,wind_offshore,0.639145630533252
4,21,2030,0,wind_offshore,0.5848830886287204
4,22,2030,0,wind_offshore,0.5986551852810463
4,23,2030,0,wind_offshore,0.7171720854956909
4,24,2030,0,wind_offshore,0.8120736460158406
4,1,2030,0,wind_onshore,0.5333590933989341
4,2,2030,0,wind_onshore,0.532238341567572
4,3,2030,0,wind_onshore,0.5202163428866537
4,4,2030,0,wind_onshore,0.5131836541518994
4,5,2030,0,wind_onshore,0.49370655604528
4,6,2030,0,wind_onshore,0.47353211755245406
4,7,2030,0,wind_onshore,0.44539675067777995
4,8,2030,0,wind_onshore,0.4163657343437336
4,9,2030,0,wind_onshore,0.38218663842131256
4,10,2030,0,wind_onshore,0.37122487500147827
4,11,2030,0,wind_onshore,0.4253359766682633
4,12,2030,0,wind_onshore,0.44093104860480037
4,13,2030,0,wind_onshore,0.43979812810936536
4,14,2030,0,wind_onshore,0.4253484383921101
4,15,2030,0,wind_onshore,0.40750336569707135
4,16,2030,0,wind_onshore,0.36488397137905193
4,17,2030,0,wind_onshore,0.3226469434320002
4,18,2030,0,wind_onshore,0.2517062930587657
4,19,2030,0,wind_onshore,0.19673506647691935
4,20,2030,0,wind_onshore,0.17149650134728694
4,21,2030,0,wind_onshore,0.1535667463012682
4,22,2030,0,wind_onshore,0.1393943437886972
4,23,2030,0,wind_onshore,0.16136006144541037
4,24,2030,0,wind_onshore,0.1534445143022239
5,1,2030,0,demand,0.5292771268239755
5,2,2030,0,demand,0.5200702827424284
5,3,2030,0,demand,0.5100195798912688
5,4,2030,0,demand,0.5015284687465505
5,5,2030,0,demand,0.511964766936692
5,6,2030,0,demand,0.5330964344490113
5,7,2030,0,demand,0.5596348370052271
5,8,2030,0,demand,0.5934067812543243
5,9,2030,0,demand,0.631781949411892
5,10,2030,0,demand,0.6565464545307108
5,11,2030,0,demand,0.6752805957978998
5,12,2030,0,demand,0.6854714129929256
5,13,2030,0,demand,0.6811746133055568
5,14,2030,0,demand,0.6730060517785327
5,15,2030,0,demand,0.6661096028168388
5,16,2030,0,demand,0.6618617362201481
5,17,2030,0,demand,0.6629921431520255
5,18,2030,0,demand,0.6597370226457284
5,19,2030,0,demand,0.6639469616398432
5,20,2030,0,demand,0.6661282337938961
5,21,2030,0,demand,0.657219852771108
5,22,2030,0,demand,0.6181874732673848
5,23,2030,0,demand,0.5753213851102456
5,24,2030,0,demand,0.5647144160335756
5,1,2030,0,solar,0.0
5,2,2030,0,solar,0.0
5,3,2030,0,solar,0.0
5,4,2030,0,solar,0.0
5,5,2030,0,solar,0.0
5,6,2030,0,solar,0.00013941075846148854
5,7,2030,0,solar,0.016126266211695085
5,8,2030,0,solar,0.11813880299374833
5,9,2030,0,solar,0.2974353921145765
5,10,2030,0,solar,0.47565692209450705
5,11,2030,0,solar,0.5977870472792034
5,12,2030,0,solar,0.6773670997435586
5,13,2030,0,solar,0.7055010571865041
5,14,2030,0,solar,0.6881161808428296
5,15,2030,0,solar,0.6204487859415617
5,16,2030,0,solar,0.5097791021486388
5,17,2030,0,solar,0.3554889623957044
5,18,2030,0,solar,0.18388419892741498
5,19,2030,0,solar,0.05449744034975003
5,20,2030,0,solar,0.0029758213675441653
5,21,2030,0,solar,0.0
5,22,2030,0,solar,0.0
5,23,2030,0,solar,0.0
5,24,2030,0,solar,0.0
5,1,2030,0,wind_offshore,0.7935408130692898
5,2,2030,0,wind_offshore,0.8077757568322639
5,3,2030,0,wind_offshore,0.8220631732916487
5,4,2030,0,wind_offshore,0.8373634004996937
5,5,2030,0,wind_offshore,0.8276036099427919
5,6,2030,0,wind_offshore,0.8198024388328683
5,7,2030,0,wind_offshore,0.8168081537634239
5,8,2030,0,wind_offshore,0.8223453550568001
5,9,2030,0,wind_offshore,0.8381174172168228
5,10,2030,0,wind_offshore,0.8577904210349119
5,11,2030,0,wind_offshore,0.8721766058754002
5,12,2030,0,wind_offshore,0.8710092344088026
5,13,2030,0,wind_offshore,0.8692927159247645
5,14,2030,0,wind_offshore,0.8872271037511369
5,15,2030,0,wind_offshore,0.9011470958036184
5,16,2030,0,wind_offshore,0.9138173975271651
5,17,2030,0,wind_offshore,0.9238791746896116
5,18,2030,0,wind_offshore,0.9253503951990582
5,19,2030,0,wind_offshore,0.9256810786539811
5,20,2030,0,wind_offshore,0.9254590622928279
5,21,2030,0,wind_offshore,0.9242741151142048
5,22,2030,0,wind_offshore,0.9163028564715536
5,23,2030,0,wind_offshore,0.875954175814726
5,24,2030,0,wind_offshore,0.8299351210311317
5,1,2030,0,wind_onshore,0.1726343327625684
5,2,2030,0,wind_onshore,0.16250456299298274
5,3,2030,0,wind_onshore,0.1528539007546436
5,4,2030,0,wind_onshore,0.14482721770709736
5,5,2030,0,wind_onshore,0.13870513842458437
5,6,2030,0,wind_onshore,0.13564145656597698
5,7,2030,0,wind_onshore,0.1322474033130385
5,8,2030,0,wind_onshore,0.1214184187458574
5,9,2030,0,wind_onshore,0.11843697887885951
5,10,2030,0,wind_onshore,0.12282506408927406
5,11,2030,0,wind_onshore,0.1265410443791656
5,12,2030,0,wind_onshore,0.14318662164337903
5,13,2030,0,wind_onshore,0.16627722613484602
5,14,2030,0,wind_onshore,0.18939284315462387
5,15,2030,0,wind_onshore,0.2138504399354687
5,16,2030,0,wind_onshore,0.23590214898564166
5,17,2030,0,wind_onshore,0.2532036659416224
5,18,2030,0,wind_onshore,0.2712976867562863
5,19,2030,0,wind_onshore,0.2940738088474506
5,20,2030,0,wind_onshore,0.3108047455592189
5,21,2030,0,wind_onshore,0.3229380224940814
5,22,2030,0,wind_onshore,0.3173023298492385
5,23,2030,0,wind_onshore,0.2866750107928633
5,24,2030,0,wind_onshore,0.28085819920668964
6,1,2030,0,demand,0.5350243736505892
6,2,2030,0,demand,0.529673760768868
6,3,2030,0,demand,0.5178970292416609
6,4,2030,0,demand,0.50701689612476
6,5,2030,0,demand,0.5139923327065404
6,6,2030,0,demand,0.5296834460104983
6,7,2030,0,demand,0.5484602938081514
6,8,2030,0,demand,0.5787494713666683
6,9,2030,0,demand,0.6166808761706192
6,10,2030,0,demand,0.647410629091732
6,11,2030,0,demand,0.6752687334557458
6,12,2030,0,demand,0.6905591487314547
6,13,2030,0,demand,0.6953417692977621
6,14,2030,0,demand,0.6869462060589939
6,15,2030,0,demand,0.6823567666700514
6,16,2030,0,demand,0.6781069265769925
6,17,2030,0,demand,0.6762321035963754
6,18,2030,0,demand,0.669714950849647
6,19,2030,0,demand,0.6628870877859129
6,20,2030,0,demand,0.6587254762535357
6,21,2030,0,demand,0.6492094241875545
6,22,2030,0,demand,0.6150840539769665
6,23,2030,0,demand,0.5718462817919768
6,24,2030,0,demand,0.5614123253756443
6,1,2030,0,solar,0.0
6,2,2030,0,solar,0.0
6,3,2030,0,solar,0.0
6,4,2030,0,solar,0.0
6,5,2030,0,solar,0.0
6,6,2030,0,solar,0.0001354717578668558
6,7,2030,0,solar,0.025276176358713206
6,8,2030,0,solar,0.1740665096276184
6,9,2030,0,solar,0.36774594753384565
6,10,2030,0,solar,0.5359869974798905
6,11,2030,0,solar,0.645465280496605
6,12,2030,0,solar,0.7157436956911718
6,13,2030,0,solar,0.7409646747527422
6,14,2030,0,solar,0.7292732054622947
6,15,2030,0,solar,0.67402384296075
6,16,2030,0,solar,0.5781976949594609
6,17,2030,0,solar,0.4368547108920909
6,18,2030,0,solar,0.2617256451511868
6,19,2030,0,solar,0.08785153539220171
6,20,2030,0,solar,0.0026936266684145457
6,21,2030,0,solar,0.0
6,22,2030,0,solar,0.0
6,23,2030,0,solar,0.0
6,24,2030,0,solar,0.0
6,1,2030,0,wind_offshore,0.1895258732795945
6,2,2030,0,wind_offshore,0.17227817084429028
6,3,2030,0,wind_offshore,0.16459561719653942
6,4,2030,0,wind_offshore,0.155409790489604
6,5,2030,0,wind_offshore,0.13939087954564242
6,6,2030,0,wind_offshore,0.12573785179782912
6,7,2030,0,wind_offshore,0.12404558728400365
6,8,2030,0,wind_offshore,0.1284510866704684
6,9,2030,0,wind_offshore,0.13440506889573303
6,10,2030,0,wind_offshore,0.14702287925542556
6,11,2030,0,wind_offshore,0.1393100268877452
6,12,2030,0,wind_offshore,0.14960622401341012
6,13,2030,0,wind_offshore,0.15988789565412284
6,14,2030,0,wind_offshore,0.17045714517212043
6,15,2030,0,wind_offshore,0.19073963694009463
6,16,2030,0,wind_offshore,0.22461020839285803
6,17,2030,0,wind_offshore,0.2695517158408482
6,18,2030,0,wind_offshore,0.3099228705075645
6,19,2030,0,wind_offshore,0.3334450958940306
6,20,2030,0,wind_offshore,0.35145788422259727
6,21,2030,0,wind_offshore,0.3624265235008292
6,22,2030,0,wind_offshore,0.3742190189691735
6,23,2030,0,wind_offshore,0.29221413995112394
6,24,2030,0,wind_offshore,0.3118926940730881
6,1,2030,0,wind_onshore,0.20469661647016354
6,2,2030,0,wind_onshore,0.1830817659411307
6,3,2030,0,wind_onshore,0.16615964827837978
6,4,2030,0,wind_onshore,0.15121895353442233
6,5,2030,0,wind_onshore,0.14197124003186187
6,6,2030,0,wind_onshore,0.133339766099477
6,7,2030,0,wind_onshore,0.12223280992776561
6,8,2030,0,wind_onshore,0.10235686107207162
6,9,2030,0,wind_onshore,0.09856883611995024
6,10,2030,0,wind_onshore,0.10717755088111726
6,11,2030,0,wind_onshore,0.10453398988242404
6,12,2030,0,wind_onshore,0.12238993515462193
6,13,2030,0,wind_onshore,0.14332552459649966
6,14,2030,0,wind_onshore,0.1670692267821312
6,15,2030,0,wind_onshore,0.19244894994477388
6,16,2030,0,wind_onshore,0.2176199997170272
6,17,2030,0,wind_onshore,0.24134675899585092
6,18,2030,0,wind_onshore,0.26402570773331385
6,19,2030,0,wind_onshore,0.27443829020426896
6,20,2030,0,wind_onshore,0.2745948784348585
6,21,2030,0,wind_onshore,0.28596738383814035
6,22,2030,0,wind_onshore,0.2749390050735928
6,23,2030,0,wind_onshore,0.2380894982253626
6,24,2030,0,wind_onshore,0.22630647261300685
7,1,2030,0,demand,0.4914761408229062
7,2,2030,0,demand,0.48566945959712166
7,3,2030,0,demand,0.4747521961439581
7,4,2030,0,demand,0.4642223441598164
7,5,2030,0,demand,0.4660280842623367
7,6,2030,0,demand,0.47860904830883627
7,7,2030,0,demand,0.5012654229488026
7,8,2030,0,demand,0.5308804300993863
7,9,2030,0,demand,0.5603995438318469
7,10,2030,0,demand,0.5789333319367285
7,11,2030,0,demand,0.5919682525272502
7,12,2030,0,demand,0.5948772537188544
7,13,2030,0,demand,0.5896211042583014
7,14,2030,0,demand,0.5839744197648152
7,15,2030,0,demand,0.5773055930963628
7,16,2030,0,demand,0.5715778571751785
7,17,2030,0,demand,0.569241132332932
7,18,2030,0,demand,0.572331283923153
7,19,2030,0,demand,0.5824987959636859
7,20,2030,0,demand,0.5926641264464938
7,21,2030,0,demand,0.5890235189053974
7,22,2030,0,demand,0.5586011264945342
7,23,2030,0,demand,0.5215015876478829
7,24,2030,0,demand,0.5129699479786355
7,1,2030,0,solar,0.0
7,2,2030,0,solar,0.0
7,3,2030,0,solar,0.0
7,4,2030,0,solar,0.0
7,5,2030,0,solar,0.0
7,6,2030,0,solar,5.897830083113974e-5
7,7,2030,0,solar,0.015393698182211384
7,8,2030,0,solar,0.11802809791325254
7,9,2030,0,solar,0.2964222110834525
7,10,2030,0,solar,0.47320803433537734
7,11,2030,0,solar,0.5911186655304992
7,12,2030,0,solar,0.6607297330615185
7,13,2030,0,solar,0.6782397223379225
7,14,2030,0,solar,0.659172056908631
7,15,2030,0,solar,0.5897882096679797
7,16,2030,0,solar,0.4822550443298414
7,17,2030,0,solar,0.33225612972430574
7,18,2030,0,solar,0.16553284733485363
7,19,2030,0,solar,0.04261992878121811
7,20,2030,0,solar,0.0019832163884187133
7,21,2030,0,solar,0.0
7,22,2030,0,solar,0.0
7,23,2030,0,solar,0.0
7,24,2030,0,solar,0.0
7,1,2030,0,wind_offshore,0.6125850445480812
7,2,2030,0,wind_offshore,0.618281545011305
7,3,2030,0,wind_offshore,0.6150879114156492
7,4,2030,0,wind_offshore,0.57568337952228
7,5,2030,0,wind_offshore,0.5262791166129897
7,6,2030,0,wind_offshore,0.474295442613972
7,7,2030,0,wind_offshore,0.42703403992623223
7,8,2030,0,wind_offshore,0.3880611060518879
7,9,2030,0,wind_offshore,0.351391998352141
7,10,2030,0,wind_offshore,0.31088239509803417
7,11,2030,0,wind_offshore,0.24869026721752932
7,12,2030,0,wind_offshore,0.23360054186899956
7,13,2030,0,wind_offshore,0.223553225389808
7,14,2030,0,wind_offshore,0.21854636296206373
7,15,2030,0,wind_offshore,0.2128763221651758
7,16,2030,0,wind_offshore,0.19791664349982663
7,17,2030,0,wind_offshore,0.1788376177004867
7,18,2030,0,wind_offshore,0.16087319815527726
7,19,2030,0,wind_offshore,0.145926510999063
7,20,2030,0,wind_offshore,0.12377123943533291
7,21,2030,0,wind_offshore,0.11258701514364382
7,22,2030,0,wind_offshore,0.12032432464380699
7,23,2030,0,wind_offshore,0.1114281179835761
7,24,2030,0,wind_offshore,0.1088338845112453
7,1,2030,0,wind_onshore,0.18633870788118004
7,2,2030,0,wind_onshore,0.17404235188289693
7,3,2030,0,wind_onshore,0.16405789888930322
7,4,2030,0,wind_onshore,0.15617236379690044
7,5,2030,0,wind_onshore,0.14888213379915016
7,6,2030,0,wind_onshore,0.1422980570855619
7,7,2030,0,wind_onshore,0.13679697518193357
7,8,2030,0,wind_onshore,0.1263960923509679
7,9,2030,0,wind_onshore,0.12181314092405478
7,10,2030,0,wind_onshore,0.12310496539545733
7,11,2030,0,wind_onshore,0.11736233047701806
7,12,2030,0,wind_onshore,0.123055062010273
7,13,2030,0,wind_onshore,0.13159342914002994
7,14,2030,0,wind_onshore,0.1427609559800532
7,15,2030,0,wind_onshore,0.15693858275618036
7,16,2030,0,wind_onshore,0.16976168869339023
7,17,2030,0,wind_onshore,0.1793548466480851
7,18,2030,0,wind_onshore,0.18197863118851143
7,19,2030,0,wind_onshore,0.18260535828022975
7,20,2030,0,wind_onshore,0.18109953448307048
7,21,2030,0,wind_onshore,0.17754819857154003
7,22,2030,0,wind_onshore,0.16958147677056265
7,23,2030,0,wind_onshore,0.1544025729831875
7,24,2030,0,wind_onshore,0.15171498885400495
8,1,2030,0,demand,0.4990700880936332
8,2,2030,0,demand,0.48924968215899284
8,3,2030,0,demand,0.4812669654778419
8,4,2030,0,demand,0.4710029767319144
8,5,2030,0,demand,0.47622397407418937
8,6,2030,0,demand,0.48961145287686797
8,7,2030,0,demand,0.5106642083032997
8,8,2030,0,demand,0.5454418868805878
8,9,2030,0,demand,0.5840494695193892
8,10,2030,0,demand,0.6119341527305617
8,11,2030,0,demand,0.6307996225371105
8,12,2030,0,demand,0.6434114966685803
8,13,2030,0,demand,0.6444332210630906
8,14,2030,0,demand,0.6320710082504714
8,15,2030,0,demand,0.6228954744766961
8,16,2030,0,demand,0.6193507022439847
8,17,2030,0,demand,0.615009853616224
8,18,2030,0,demand,0.6139003011877807
8,19,2030,0,demand,0.6173518163599778
8,20,2030,0,demand,0.622464020739113
8,21,2030,0,demand,0.6189944861392082
8,22,2030,0,demand,0.5881257234504291
8,23,2030,0,demand,0.5497906603992572
8,24,2030,0,demand,0.540414616651715
8,1,2030,0,solar,0.0
8,2,2030,0,solar,0.0
8,3,2030,0,solar,0.0
8,4,2030,0,solar,0.0
8,5,2030,0,solar,0.0
8,6,2030,0,solar,0.00014101646930292044
8,7,2030,0,solar,0.01697328367449962
8,8,2030,0,solar,0.1338365361940987
8,9,2030,0,solar,0.31142409640594154
8,10,2030,0,solar,0.4793578202258803
8,11,2030,0,solar,0.5933338151377288
8,12,2030,0,solar,0.6680666348637188
8,13,2030,0,solar,0.6888488829253656
8,14,2030,0,solar,0.6633115621769149
8,15,2030,0,solar,0.5946392332502298
8,16,2030,0,solar,0.49602717110662536
8,17,2030,0,solar,0.3560245480866504
8,18,2030,0,solar,0.19586565217796378
8,19,2030,0,solar,0.05581755133668129
8,20,2030,0,solar,0.0010723552545372948
8,21,2030,0,solar,0.0
8,22,2030,0,solar,0.0
8,23,2030,0,solar,0.0
8,24,2030,0,solar,0.0
8,1,2030,0,wind_offshore,0.422643326689966
8,2,2030,0,wind_offshore,0.4378587264792337
8,3,2030,0,wind_offshore,0.43640136377763933
8,4,2030,0,wind_offshore,0.427218156167258
8,5,2030,0,wind_offshore,0.4321604333152415
8,6,2030,0,wind_offshore,0.4543294619472306
8,7,2030,0,wind_offshore,0.4996004487216682
8,8,2030,0,wind_offshore,0.5551808415385622
8,9,2030,0,wind_offshore,0.6082932012736978
8,10,2030,0,wind_offshore,0.6572555856154492
8,11,2030,0,wind_offshore,0.654419131431773
8,12,2030,0,wind_offshore,0.6633058295946067
8,13,2030,0,wind_offshore,0.6766800794284408
8,14,2030,0,wind_offshore,0.7093225559615786
8,15,2030,0,wind_offshore,0.7533766297803243
8,16,2030,0,wind_offshore,0.8055079373936299
8,17,2030,0,wind_offshore,0.8458785090449074
8,18,2030,0,wind_offshore,0.8663620811723102
8,19,2030,0,wind_offshore,0.8754086511780579
8,20,2030,0,wind_offshore,0.8689141381938993
8,21,2030,0,wind_offshore,0.8500625813433721
8,22,2030,0,wind_offshore,0.8292501305890607
8,23,2030,0,wind_offshore,0.7570547931581618
8,24,2030,0,wind_offshore,0.7339873905801565
8,1,2030,0,wind_onshore,0.21482586182998142
8,2,2030,0,wind_onshore,0.20528044941794124
8,3,2030,0,wind_onshore,0.18939715065135526
8,4,2030,0,wind_onshore,0.17728046431179664
8,5,2030,0,wind_onshore,0.16775739653178476
8,6,2030,0,wind_onshore,0.1594977077366476
8,7,2030,0,wind_onshore,0.1515553474754889
8,8,2030,0,wind_onshore,0.1411645780302231
8,9,2030,0,wind_onshore,0.13736561547411233
8,10,2030,0,wind_onshore,0.14112385776391723
8,11,2030,0,wind_onshore,0.1374038877615857
8,12,2030,0,wind_onshore,0.1399756725121295
8,13,2030,0,wind_onshore,0.1467022323384637
8,14,2030,0,wind_onshore,0.15652750183724412
8,15,2030,0,wind_onshore,0.1707008741056157
8,16,2030,0,wind_onshore,0.18481665269470052
8,17,2030,0,wind_onshore,0.19898636603669254
8,18,2030,0,wind_onshore,0.22024045004502477
8,19,2030,0,wind_onshore,0.23484657812865847
8,20,2030,0,wind_onshore,0.24828572979977004
8,21,2030,0,wind_onshore,0.2580890873533053
8,22,2030,0,wind_onshore,0.25296837593862875
8,23,2030,0,wind_onshore,0.22023008057684168
8,24,2030,0,wind_onshore,0.21023692072731068
9,1,2030,0,demand,0.5506949883970474
9,2,2030,0,demand,0.5427230621879979
9,3,2030,0,demand,0.5314810089115627
9,4,2030,0,demand,0.5187491985103138
9,5,2030,0,demand,0.5238518932679178
9,6,2030,0,demand,0.5407373894313877
9,7,2030,0,demand,0.5635449081730075
9,8,2030,0,demand,0.5976088128069283
9,9,2030,0,demand,0.6370786732518443
9,10,2030,0,demand,0.6692641510723054
9,11,2030,0,demand,0.6927859159569887
9,12,2030,0,demand,0.70609458175735
9,13,2030,0,demand,0.7076367560564147
9,14,2030,0,demand,0.6999346021475744
9,15,2030,0,demand,0.6896317836025693
9,16,2030,0,demand,0.6874611770401459
9,17,2030,0,demand,0.6848430105458552
9,18,2030,0,demand,0.6788445885104455
9,19,2030,0,demand,0.6837325811966107
9,20,2030,0,demand,0.6825141498546873
9,21,2030,0,demand,0.672789519853204
9,22,2030,0,demand,0.634996997813237
9,23,2030,0,demand,0.5894869606703502
9,24,2030,0,demand,0.5772700784852489
9,1,2030,0,solar,0.0
9,2,2030,0,solar,0.0
9,3,2030,0,solar,0.0
9,4,2030,0,solar,0.0
9,5,2030,0,solar,0.0
9,6,2030,0,solar,8.316977855405734e-5
9,7,2030,0,solar,0.014144388494943582
9,8,2030,0,solar,0.11767374240137067
9,9,2030,0,solar,0.2927140917923156
9,10,2030,0,solar,0.46548064733020833
9,11,2030,0,solar,0.5811919890046853
9,12,2030,0,solar,0.6573791599052321
9,13,2030,0,solar,0.6796200593813643
9,14,2030,0,solar,0.6591025355694629
9,15,2030,0,solar,0.596588784627624
9,16,2030,0,solar,0.49175631457726265
9,17,2030,0,solar,0.34711549886147086
9,18,2030,0,solar,0.18407547662434734
9,19,2030,0,solar,0.05338946060415276
9,20,2030,0,solar,0.0012737273214730009
9,21,2030,0,solar,0.0
9,22,2030,0,solar,0.0
9,23,2030,0,solar,0.0
9,24,2030,0,solar,0.0
9,1,2030,0,wind_offshore,0.9240660624685739
9,2,2030,0,wind_offshore,0.9264092117645492
9,3,2030,0,wind_offshore,0.9323127153877622
9,4,2030,0,wind_offshore,0.93816242410461
9,5,2030,0,wind_offshore,0.9397910330727915
9,6,2030,0,wind_offshore,0.93556991056262
9,7,2030,0,wind_offshore,0.9323697503132417
9,8,2030,0,wind_offshore,0.9275387072179814
9,9,2030,0,wind_offshore,0.9126660206228647
9,10,2030,0,wind_offshore,0.8907932577490877
9,11,2030,0,wind_offshore,0.8673166207795415
9,12,2030,0,wind_offshore,0.8407513241247793
9,13,2030,0,wind_offshore,0.8070969395748959
9,14,2030,0,wind_offshore,0.7770422394801997
9,15,2030,0,wind_offshore,0.7294266874955084
9,16,2030,0,wind_offshore,0.6541916808211141
9,17,2030,0,wind_offshore,0.5911247741955579
9,18,2030,0,wind_offshore,0.5331640790990285
9,19,2030,0,wind_offshore,0.4583881742207097
9,20,2030,0,wind_offshore,0.39735174760294095
9,21,2030,0,wind_offshore,0.3412454510883842
9,22,2030,0,wind_offshore,0.28384744043696764
9,23,2030,0,wind_offshore,0.22376221381536668
9,24,2030,0,wind_offshore,0.18560912592289386
9,1,2030,0,wind_onshore,0.24072351206286602
9,2,2030,0,wind_onshore,0.22886569931769635
9,3,2030,0,wind_onshore,0.21684233568257674
9,4,2030,0,wind_onshore,0.20787131331551795
9,5,2030,0,wind_onshore,0.20143268010097087
9,6,2030,0,wind_onshore,0.19677918481544346
9,7,2030,0,wind_onshore,0.19151252857690096
9,8,2030,0,wind_onshore,0.17761078466220015
9,9,2030,0,wind_onshore,0.16696492676979763
9,10,2030,0,wind_onshore,0.1680709001968362
9,11,2030,0,wind_onshore,0.17197532214281844
9,12,2030,0,wind_onshore,0.18624396116505976
9,13,2030,0,wind_onshore,0.20263375924281288
9,14,2030,0,wind_onshore,0.21661758470738726
9,15,2030,0,wind_onshore,0.22784967683381932
9,16,2030,0,wind_onshore,0.23105757557890724
9,17,2030,0,wind_onshore,0.23023259817721467
9,18,2030,0,wind_onshore,0.22297429625882317
9,19,2030,0,wind_onshore,0.2187327491137527
9,20,2030,0,wind_onshore,0.21446054385949026
9,21,2030,0,wind_onshore,0.21288047798049256
9,22,2030,0,wind_onshore,0.20202841988509906
9,23,2030,0,wind_onshore,0.18691351727274105
9,24,2030,0,wind_onshore,0.179025553643343
10,1,2030,0,demand,0.5231863418822142
10,2,2030,0,demand,0.5123580299972403
10,3,2030,0,demand,0.5008694627278091
10,4,2030,0,demand,0.4883624547786303
10,5,2030,0,demand,0.48954101109575576
10,6,2030,0,demand,0.4956293841043749
10,7,2030,0,demand,0.5029716351945657
10,8,2030,0,demand,0.5297899765262264
10,9,2030,0,demand,0.5614705107568776
10,10,2030,0,demand,0.5905247997612951
10,11,2030,0,demand,0.6132871570329935
10,12,2030,0,demand,0.630392822232735
10,13,2030,0,demand,0.6378525336398795
10,14,2030,0,demand,0.6348294013199708
10,15,2030,0,demand,0.6268666551703792
10,16,2030,0,demand,0.618726340115926
10,17,2030,0,demand,0.6161670868670468
10,18,2030,0,demand,0.6186302122898818
10,19,2030,0,demand,0.6224215661601258
10,20,2030,0,demand,0.6279129984273674
10,21,2030,0,demand,0.628472965114397
10,22,2030,0,demand,0.6026350042157602
10,23,2030,0,demand,0.5692184989529414
10,24,2030,0,demand,0.5586632572313628
10,1,2030,0,solar,0.0
10,2,2030,0,solar,0.0
10,3,2030,0,solar,0.0
10,4,2030,0,solar,0.0
10,5,2030,0,solar,0.0
10,6,2030,0,solar,0.0
10,7,2030,0,solar,0.008855416061968603
10,8,2030,0,solar,0.11327957347868864
10,9,2030,0,solar,0.2989026703405889
10,10,2030,0,solar,0.479048509100558
10,11,2030,0,solar,0.5981585986863712
10,12,2030,0,solar,0.6780721459608556
10,13,2030,0,solar,0.7060455691998602
10,14,2030,0,solar,0.6817810877062123
10,15,2030,0,solar,0.6110489084682732
10,16,2030,0,solar,0.5009994918060968
10,17,2030,0,solar,0.3460575052400201
10,18,2030,0,solar,0.1718775381003699
10,19,2030,0,solar,0.04674200954972864
10,20,2030,0,solar,0.000346265845910784
10,21,2030,0,solar,0.0
10,22,2030,0,solar,0.0
10,23,2030,0,solar,0.0
10,24,2030,0,solar,0.0
10,1,2030,0,wind_offshore,0.1504749323760908
10,2,2030,0,wind_offshore,0.15901980543499047
10,3,2030,0,wind_offshore,0.1659258139114611
10,4,2030,0,wind_offshore,0.1858715462467094
10,5,2030,0,wind_offshore,0.22282884281993157
10,6,2030,0,wind_offshore,0.24867886730983235
10,7,2030,0,wind_offshore,0.2640504460638819
10,8,2030,0,wind_offshore,0.26060314336442436
10,9,2030,0,wind_offshore,0.26463249351980944
10,10,2030,0,wind_offshore,0.2711740880234531
10,11,2030,0,wind_offshore,0.29313226001177795
10,12,2030,0,wind_offshore,0.25453022650271717
10,13,2030,0,wind_offshore,0.2237735614952518
10,14,2030,0,wind_offshore,0.20478717707199978
10,15,2030,0,wind_offshore,0.18948571546244758
10,16,2030,0,wind_offshore,0.1723159715704198
10,17,2030,0,wind_offshore,0.1431187762746575
10,18,2030,0,wind_offshore,0.108800470585478
10,19,2030,0,wind_offshore,0.07700020190342333
10,20,2030,0,wind_offshore,0.05671107383439754
10,21,2030,0,wind_offshore,0.04782644117127726
10,22,2030,0,wind_offshore,0.04647017961648077
10,23,2030,0,wind_offshore,0.04234354198675774
10,24,2030,0,wind_offshore,0.039420018740496526
10,1,2030,0,wind_onshore,0.09969958188051084
10,2,2030,0,wind_onshore,0.09279185019959713
10,3,2030,0,wind_onshore,0.0868381253173369
10,4,2030,0,wind_onshore,0.08088264761766492
10,5,2030,0,wind_onshore,0.0765123358187944
10,6,2030,0,wind_onshore,0.07300041313334665
10,7,2030,0,wind_onshore,0.07184627875838037
10,8,2030,0,wind_onshore,0.06192212030283396
10,9,2030,0,wind_onshore,0.05367379220063789
10,10,2030,0,wind_onshore,0.05680218577004483
10,11,2030,0,wind_onshore,0.058703745357168456
10,12,2030,0,wind_onshore,0.06357410045537812
10,13,2030,0,wind_onshore,0.06859368738773504
10,14,2030,0,wind_onshore,0.07482892695208397
10,15,2030,0,wind_onshore,0.08052099769682826
10,16,2030,0,wind_onshore,0.0856781041903005
10,17,2030,0,wind_onshore,0.09164284550122678
10,18,2030,0,wind_onshore,0.10242490337582726
10,19,2030,0,wind_onshore,0.11258205068032856
10,20,2030,0,wind_onshore,0.12363704653416477
10,21,2030,0,wind_onshore,0.12930269933924127
10,22,2030,0,wind_onshore,0.13151793838908332
10,23,2030,0,wind_onshore,0.11385319515765761
10,24,2030,0,wind_onshore,0.10694451842645206
11,1,2030,0,demand,0.5202222763259341
11,2,2030,0,demand,0.5189572117597105
11,3,2030,0,demand,0.5152440434590385
11,4,2030,0,demand,0.5129113016375674
11,5,2030,0,demand,0.5277527384324597
11,6,2030,0,demand,0.5537729866123903
11,7,2030,0,demand,0.5857853786698607
11,8,2030,0,demand,0.6184120898967191
11,9,2030,0,demand,0.6451249616652142
11,10,2030,0,demand,0.6679284909171274
11,11,2030,0,demand,0.6821939624548742
11,12,2030,0,demand,0.6879459063535561
11,13,2030,0,demand,0.6768878976727033
11,14,2030,0,demand,0.6654369964673548
11,15,2030,0,demand,0.6553115967659238
11,16,2030,0,demand,0.6594818631860476
11,17,2030,0,demand,0.6551760723765878
11,18,2030,0,demand,0.6471720234542584
11,19,2030,0,demand,0.6525020969081583
11,20,2030,0,demand,0.6564025360903204
11,21,2030,0,demand,0.6416558266887703
11,22,2030,0,demand,0.5988884567503605
11,23,2030,0,demand,0.5591426947745411
11,24,2030,0,demand,0.5517470304873207
11,1,2030,0,solar,0.0
11,2,2030,0,solar,0.0
11,3,2030,0,solar,0.0
11,4,2030,0,solar,0.0
11,5,2030,0,solar,0.0
11,6,2030,0,solar,6.287509965571006e-7
11,7,2030,0,solar,0.015371539684856342
11,8,2030,0,solar,0.1378637515092429
11,9,2030,0,solar,0.3206353940296561
11,10,2030,0,solar,0.4867996426699302
11,11,2030,0,solar,0.6014397999916555
11,12,2030,0,solar,0.6742964342280461
11,13,2030,0,solar,0.702155115481479
11,14,2030,0,solar,0.6914067328983539
11,15,2030,0,solar,0.6358988460622158
11,16,2030,0,solar,0.5364982154835958
11,17,2030,0,solar,0.3859722801813711
11,18,2030,0,solar,0.21012718942554792
11,19,2030,0,solar,0.05522989192300666
11,20,2030,0,solar,0.0004145188462622401
11,21,2030,0,solar,0.0
11,22,2030,0,solar,0.0
11,23,2030,0,solar,0.0
11,24,2030,0,solar,0.0
11,1,2030,0,wind_offshore,0.30622409514444643
11,2,2030,0,wind_offshore,0.4002091601814052
11,3,2030,0,wind_offshore,0.51549752030873
11,4,2030,0,wind_offshore,0.610674831571436
11,5,2030,0,wind_offshore,0.5817573839764455
11,6,2030,0,wind_offshore,0.5857732088713647
11,7,2030,0,wind_offshore,0.6952775632051245
11,8,2030,0,wind_offshore,0.7401402383345447
11,9,2030,0,wind_offshore,0.6714041871221632
11,10,2030,0,wind_offshore,0.5902590341878035
11,11,2030,0,wind_offshore,0.5893509205990428
11,12,2030,0,wind_offshore,0.5264221682651142
11,13,2030,0,wind_offshore,0.4736438124399605
11,14,2030,0,wind_offshore,0.4244713159008384
11,15,2030,0,wind_offshore,0.4181188835641338
11,16,2030,0,wind_offshore,0.3975625942999052
11,17,2030,0,wind_offshore,0.37862226854872555
11,18,2030,0,wind_offshore,0.3983587084881498
11,19,2030,0,wind_offshore,0.4100114876706956
11,20,2030,0,wind_offshore,0.398140788779515
11,21,2030,0,wind_offshore,0.40365082616029385
11,22,2030,0,wind_offshore,0.40081409041550387
11,23,2030,0,wind_offshore,0.3717701246341572
11,24,2030,0,wind_offshore,0.386867673520371
11,1,2030,0,wind_onshore,0.16872894621597395
11,2,2030,0,wind_onshore,0.1836407856459744
11,3,2030,0,wind_onshore,0.1983511985494033
11,4,2030,0,wind_onshore,0.2117535464311492
11,5,2030,0,wind_onshore,0.21970814127599503
11,6,2030,0,wind_onshore,0.23662055050319514
11,7,2030,0,wind_onshore,0.25299553708415545
11,8,2030,0,wind_onshore,0.2601288993931239
11,9,2030,0,wind_onshore,0.28659723080097826
11,10,2030,0,wind_onshore,0.3346907986157561
11,11,2030,0,wind_onshore,0.3713403995866117
11,12,2030,0,wind_onshore,0.4359958766362033
11,13,2030,0,wind_onshore,0.492027682494779
11,14,2030,0,wind_onshore,0.5430325534322686
11,15,2030,0,wind_onshore,0.5822401440923974
11,16,2030,0,wind_onshore,0.5969961042010283
11,17,2030,0,wind_onshore,0.6008821924083799
11,18,2030,0,wind_onshore,0.5861124341437836
11,19,2030,0,wind_onshore,0.5604899407833986
11,20,2030,0,wind_onshore,0.5274059109726742
11,21,2030,0,wind_onshore,0.49590326805116236
11,22,2030,0,wind_onshore,0.4636076635248617
11,23,2030,0,wind_onshore,0.42443508429993454
11,24,2030,0,wind_onshore,0.4065203197518953
12,1,2030,0,demand,0.5026683056667028
12,2,2030,0,demand,0.49016447692901577
12,3,2030,0,demand,0.48287351307420634
12,4,2030,0,demand,0.47496906210596296
12,5,2030,0,demand,0.4835676638035027
12,6,2030,0,demand,0.5092811768346567
12,7,2030,0,demand,0.5492874085429804
12,8,2030,0,demand,0.591493366737709
12,9,2030,0,demand,0.6278222457223365
12,10,2030,0,demand,0.6468858049621077
12,11,2030,0,demand,0.654562853492864
12,12,2030,0,demand,0.6550551638277369
12,13,2030,0,demand,0.6448182150033425
12,14,2030,0,demand,0.631798794273179
12,15,2030,0,demand,0.6174250558931387
12,16,2030,0,demand,0.6102787846110105
12,17,2030,0,demand,0.6142733576401735
12,18,2030,0,demand,0.6292229796795195
12,19,2030,0,demand,0.6511505487863465
12,20,2030,0,demand,0.6637368328550518
12,21,2030,0,demand,0.6529976492599747
12,22,2030,0,demand,0.612768835721395
12,23,2030,0,demand,0.5635412360017581
12,24,2030,0,demand,0.5462532971297385
12,1,2030,0,solar,0.0
12,2,2030,0,solar,0.0
12,3,2030,0,solar,0.0
12,4,2030,0,solar,0.0
12,5,2030,0,solar,0.0
12,6,2030,0,solar,2.91318124040652e-5
12,7,2030,0,solar,0.006604480131762959
12,8,2030,0,solar,0.035751763813846114
12,9,2030,0,solar,0.11713267854720637
12,10,2030,0,solar,0.2349726459366394
12,11,2030,0,solar,0.3408562214287155
12,12,2030,0,solar,0.4189317805384416
12,13,2030,0,solar,0.4453138763572838
12,14,2030,0,solar,0.43174175530051695
12,15,2030,0,solar,0.3817165024697666
12,16,2030,0,solar,0.2874345096517305
12,17,2030,0,solar,0.16427415865206516
12,18,2030,0,solar,0.046912641656924645
12,19,2030,0,solar,0.015922574241326273
12,20,2030,0,solar,0.00037415190770330887
12,21,2030,0,solar,0.0
12,22,2030,0,solar,0.0
12,23,2030,0,solar,0.0
12,24,2030,0,solar,0.0
12,1,2030,0,wind_offshore,0.7153574078416837
12,2,2030,0,wind_offshore,0.7835712104572436
12,3,2030,0,wind_offshore,0.8084198473323937
12,4,2030,0,wind_offshore,0.7724350652306622
12,5,2030,0,wind_offshore,0.7166424957645356
12,6,2030,0,wind_offshore,0.620457903845508
12,7,2030,0,wind_offshore,0.45532759002805967
12,8,2030,0,wind_offshore,0.34992489535274796
12,9,2030,0,wind_offshore,0.32372754358652855
12,10,2030,0,wind_offshore,0.3310169401420321
12,11,2030,0,wind_offshore,0.3202569719227507
12,12,2030,0,wind_offshore,0.2905361494886015
12,13,2030,0,wind_offshore,0.2725449105616669
12,14,2030,0,wind_offshore,0.28268101860366385
12,15,2030,0,wind_offshore,0.26947599016102464
12,16,2030,0,wind_offshore,0.25454310298345495
12,17,2030,0,wind_offshore,0.25510032990694786
12,18,2030,0,wind_offshore,0.25204738419580386
12,19,2030,0,wind_offshore,0.2688639637257605
12,20,2030,0,wind_offshore,0.2988153603950049
12,21,2030,0,wind_offshore,0.3262003420277018
12,22,2030,0,wind_offshore,0.3536602057287064
12,23,2030,0,wind_offshore,0.361962167777224
12,24,2030,0,wind_offshore,0.3601531681669806
12,1,2030,0,wind_onshore,0.33805146299606725
12,2,2030,0,wind_onshore,0.35644391337541503
12,3,2030,0,wind_onshore,0.36285743864367087
12,4,2030,0,wind_onshore,0.36611069486297987
12,5,2030,0,wind_onshore,0.37119611069603137
12,6,2030,0,wind_onshore,0.37642614791828655
12,7,2030,0,wind_onshore,0.3839412875360727
12,8,2030,0,wind_onshore,0.3850780156586244
12,9,2030,0,wind_onshore,0.3877927677728769
12,10,2030,0,wind_onshore,0.403136796665971
12,11,2030,0,wind_onshore,0.41367910409107056
12,12,2030,0,wind_onshore,0.46223115058613595
12,13,2030,0,wind_onshore,0.5014635100686325
12,14,2030,0,wind_onshore,0.5193250258123046
12,15,2030,0,wind_onshore,0.5184612227782035
12,16,2030,0,wind_onshore,0.5101809073374144
12,17,2030,0,wind_onshore,0.48731562043997545
12,18,2030,0,wind_onshore,0.47605831795137393
12,19,2030,0,wind_onshore,0.46319924571801085
12,20,2030,0,wind_onshore,0.45935560542678433
12,21,2030,0,wind_onshore,0.4548980137758395
12,22,2030,0,wind_onshore,0.44062459035926604
12,23,2030,0,wind_onshore,0.41986435364336216
12,24,2030,0,wind_onshore,0.41132815057885336
13,1,2030,0,demand,0.5120048581156266
13,2,2030,0,demand,0.49659604566012494
13,3,2030,0,demand,0.48515350637154814
13,4,2030,0,demand,0.48780755656656605
13,5,2030,0,demand,0.49603696009368803
13,6,2030,0,demand,0.5215472787973477
13,7,2030,0,demand,0.5631939845758958
13,8,2030,0,demand,0.6148620706518724
13,9,2030,0,demand,0.6497178380869638
13,10,2030,0,demand,0.6537760511334852
13,11,2030,0,demand,0.6523652758381815
13,12,2030,0,demand,0.6381919182677802
13,13,2030,0,demand,0.6310126960923795
13,14,2030,0,demand,0.615543584859328
13,15,2030,0,demand,0.6109663130792568
13,16,2030,0,demand,0.6091411568169051
13,17,2030,0,demand,0.6227010083974248
13,18,2030,0,demand,0.6460612836847807
13,19,2030,0,demand,0.6717771129910644
13,20,2030,0,demand,0.690316923965804
13,21,2030,0,demand,0.6791867056761446
13,22,2030,0,demand,0.6406921154912314
13,23,2030,0,demand,0.5790764298501754
13,24,2030,0,demand,0.5581662750095855
13,1,2030,0,solar,0.0
13,2,2030,0,solar,0.0
13,3,2030,0,solar,0.0
13,4,2030,0,solar,0.0
13,5,2030,0,solar,0.0
13,6,2030,0,solar,0.0
13,7,2030,0,solar,0.0
13,8,2030,0,solar,0.0
13,9,2030,0,solar,0.056911012636148915
13,10,2030,0,solar,0.17505622996091566
13,11,2030,0,solar,0.282834564050919
13,12,2030,0,solar,0.3548455823354947
13,13,2030,0,solar,0.37795724258933305
13,14,2030,0,solar,0.3679034061489776
13,15,2030,0,solar,0.3142337134728078
13,16,2030,0,solar,0.22559814650904547
13,17,2030,0,solar,0.1117840550901105
13,18,2030,0,solar,0.01681071640938579
13,19,2030,0,solar,0.0
13,20,2030,0,solar,0.0
13,21,2030,0,solar,0.0
13,22,2030,0,solar,0.0
13,23,2030,0,solar,0.0
13,24,2030,0,solar,0.0
13,1,2030,0,wind_offshore,0.961421295600237
13,2,2030,0,wind_offshore,0.9448668304586768
13,3,2030,0,wind_offshore,0.9375222667393734
13,4,2030,0,wind_offshore,0.9494664837091065
13,5,2030,0,wind_offshore,0.9529573488034634
13,6,2030,0,wind_offshore,0.9635082471910684
13,7,2030,0,wind_offshore,0.966652728539452
13,8,2030,0,wind_offshore,0.9562265835181522
13,9,2030,0,wind_offshore,0.772396574507868
13,10,2030,0,wind_offshore,0.30598001414726295
13,11,2030,0,wind_offshore,0.06036499655930557
13,12,2030,0,wind_offshore,0.02944517205531976
13,13,2030,0,wind_offshore,0.09226775046144288
13,14,2030,0,wind_offshore,0.22627907853258347
13,15,2030,0,wind_offshore,0.3579530635220304
13,16,2030,0,wind_offshore,0.3984644616462458
13,17,2030,0,wind_offshore,0.5081940290206411
13,18,2030,0,wind_offshore,0.41486969591138884
13,19,2030,0,wind_offshore,0.2518371028640478
13,20,2030,0,wind_offshore,0.13954269875329672
13,21,2030,0,wind_offshore,0.08748754494482594
13,22,2030,0,wind_offshore,0.02775709043696133
13,23,2030,0,wind_offshore,0.0006466962459680704
13,24,2030,0,wind_offshore,0.0
13,1,2030,0,wind_onshore,0.6463283456127685
13,2,2030,0,wind_onshore,0.6518212215689128
13,3,2030,0,wind_onshore,0.6408301907990355
13,4,2030,0,wind_onshore,0.6296455394025464
13,5,2030,0,wind_onshore,0.6277965195874633
13,6,2030,0,wind_onshore,0.6291660053192873
13,7,2030,0,wind_onshore,0.6358825869279858
13,8,2030,0,wind_onshore,0.6423897855417022
13,9,2030,0,wind_onshore,0.6444475175880292
13,10,2030,0,wind_onshore,0.6480410308378208
13,11,2030,0,wind_onshore,0.6215776675655146
13,12,2030,0,wind_onshore,0.6308662103428527
13,13,2030,0,wind_onshore,0.6496806324775632
13,14,2030,0,wind_onshore,0.6578459626690746
13,15,2030,0,wind_onshore,0.6606270930266426
13,16,2030,0,wind_onshore,0.6532598578071439
13,17,2030,0,wind_onshore,0.632753884885272
13,18,2030,0,wind_onshore,0.6196664310567324
13,19,2030,0,wind_onshore,0.6022598547022018
13,20,2030,0,wind_onshore,0.5715509567719196
13,21,2030,0,wind_onshore,0.537265183473912
13,22,2030,0,wind_onshore,0.5062563286615908
13,23,2030,0,wind_onshore,0.473676338086583
13,24,2030,0,wind_onshore,0.4381242386627364
14,1,2030,0,demand,0.5066672834571353
14,2,2030,0,demand,0.49320042653341867
14,3,2030,0,demand,0.4805011273386565
14,4,2030,0,demand,0.463986857735097
14,5,2030,0,demand,0.4579537554990288
14,6,2030,0,demand,0.4563493290315053
14,7,2030,0,demand,0.4706534597931738
14,8,2030,0,demand,0.5021939268375297
14,9,2030,0,demand,0.5331075450129995
14,10,2030,0,demand,0.5565428643500745
14,11,2030,0,demand,0.5654336910235298
14,12,2030,0,demand,0.5710302116224449
14,13,2030,0,demand,0.5635890273391673
14,14,2030,0,demand,0.5588190117418407
14,15,2030,0,demand,0.5456133650401447
14,16,2030,0,demand,0.5403350551732218
14,17,2030,0,demand,0.5394535805694137
14,18,2030,0,demand,0.5536554113841105
14,19,2030,0,demand,0.5748142278133995
14,20,2030,0,demand,0.5979365573439568
14,21,2030,0,demand,0.6023906120428542
14,22,2030,0,demand,0.5787603130120094
14,23,2030,0,demand,0.5420512932864976
14,24,2030,0,demand,0.5338010479794144
14,1,2030,0,solar,0.0
14,2,2030,0,solar,0.0
14,3,2030,0,solar,0.0
14,4,2030,0,solar,0.0
14,5,2030,0,solar,0.0
14,6,2030,0,solar,5.505475730209604e-6
14,7,2030,0,solar,0.009369450247629647
14,8,2030,0,solar,0.03987974482258288
14,9,2030,0,solar,0.10615784484955618
14,10,2030,0,solar,0.2237618413591272
14,11,2030,0,solar,0.33082533748744886
14,12,2030,0,solar,0.41256409074128597
14,13,2030,0,solar,0.4539397050033854
14,14,2030,0,solar,0.4542389722699234
14,15,2030,0,solar,0.4162330082457127
14,16,2030,0,solar,0.3308471409804432
14,17,2030,0,solar,0.21033204844100872
14,18,2030,0,solar,0.07540670514758584
14,19,2030,0,solar,0.019193013430655416
14,20,2030,0,solar,0.0004639806588804328
14,21,2030,0,solar,0.0
14,22,2030,0,solar,0.0
14,23,2030,0,solar,0.0
14,24,2030,0,solar,0.0
14,1,2030,0,wind_offshore,0.7249129229728216
14,2,2030,0,wind_offshore,0.7745232467839751
14,3,2030,0,wind_offshore,0.8262684509244999
14,4,2030,0,wind_offshore,0.8841725297239176
14,5,2030,0,wind_offshore,0.9103469134600282
14,6,2030,0,wind_offshore,0.9161789518578465
14,7,2030,0,wind_offshore,0.9125539044396677
14,8,2030,0,wind_offshore,0.9106927239404355
14,9,2030,0,wind_offshore,0.873798833731207
14,10,2030,0,wind_offshore,0.8331269738100582
14,11,2030,0,wind_offshore,0.6896693468914439
14,12,2030,0,wind_offshore,0.6553394118936651
14,13,2030,0,wind_offshore,0.6337042282795182
14,14,2030,0,wind_offshore,0.5918445177284251
14,15,2030,0,wind_offshore,0.5710688029008437
14,16,2030,0,wind_offshore,0.5443062438616046
14,17,2030,0,wind_offshore,0.5002313132795582
14,18,2030,0,wind_offshore,0.45246946880214967
14,19,2030,0,wind_offshore,0.41565468929317456
14,20,2030,0,wind_offshore,0.3744761044426178
14,21,2030,0,wind_offshore,0.337669647381771
14,22,2030,0,wind_offshore,0.299089804046897
14,23,2030,0,wind_offshore,0.23940935852970938
14,24,2030,0,wind_offshore,0.232746581118016
14,1,2030,0,wind_onshore,0.5265772363015574
14,2,2030,0,wind_onshore,0.5358741745874587
14,3,2030,0,wind_onshore,0.5415087643291217
14,4,2030,0,wind_onshore,0.5589529247911261
14,5,2030,0,wind_onshore,0.5769068444031243
14,6,2030,0,wind_onshore,0.6052398636790833
14,7,2030,0,wind_onshore,0.6246118073828012
14,8,2030,0,wind_onshore,0.6386734100750636
14,9,2030,0,wind_onshore,0.6624943281775949
14,10,2030,0,wind_onshore,0.6643147152410425
14,11,2030,0,wind_onshore,0.633887440852758
14,12,2030,0,wind_onshore,0.6831226778824133
14,13,2030,0,wind_onshore,0.7261897905226615
14,14,2030,0,wind_onshore,0.7465975891949392
14,15,2030,0,wind_onshore,0.7431199671805936
14,16,2030,0,wind_onshore,0.7357512445158885
14,17,2030,0,wind_onshore,0.7017228462131622
14,18,2030,0,wind_onshore,0.6777877961600323
14,19,2030,0,wind_onshore,0.657195780165126
14,20,2030,0,wind_onshore,0.613960601315608
14,21,2030,0,wind_onshore,0.5899176151131749
14,22,2030,0,wind_onshore,0.5617733506095968
14,23,2030,0,wind_onshore,0.5491006140896233
14,24,2030,0,wind_onshore,0.5332817775489597
15,1,2030,0,demand,0.5118196055168446
15,2,2030,0,demand,0.4938335972841387
15,3,2030,0,demand,0.47803998368332895
15,4,2030,0,demand,0.46628036217934227
15,5,2030,0,demand,0.46239121354591084
15,6,2030,0,demand,0.4588510748004116
15,7,2030,0,demand,0.46465574429647116
15,8,2030,0,demand,0.5002842082827574
15,9,2030,0,demand,0.5446672812983737
15,10,2030,0,demand,0.5690149947452734
15,11,2030,0,demand,0.581015624145734
15,12,2030,0,demand,0.5907783652384553
15,13,2030,0,demand,0.5897574809385422
15,14,2030,0,demand,0.5786140884186501
15,15,2030,0,demand,0.5685212958252516
15,16,2030,0,demand,0.5534300250426621
15,17,2030,0,demand,0.5569525896565932
15,18,2030,0,demand,0.5581290243849996
15,19,2030,0,demand,0.5718480092810552
15,20,2030,0,demand,0.5910659131751816
15,21,2030,0,demand,0.5865859051310653
15,22,2030,0,demand,0.5630217754999827
15,23,2030,0,demand,0.5178731750177272
15,24,2030,0,demand,0.5008167239611214
15,1,2030,0,solar,0.0
15,2,2030,0,solar,0.0
15,3,2030,0,solar,0.0
15,4,2030,0,solar,0.0
15,5,2030,0,solar,0.0
15,6,2030,0,solar,0.0
15,7,2030,0,solar,0.0
15,8,2030,0,solar,0.0
15,9,2030,0,solar,0.04764912507182713
15,10,2030,0,solar,0.12135714623628632
15,11,2030,0,solar,0.1956369099257596
15,12,2030,0,solar,0.27133144133606085
15,13,2030,0,solar,0.29868181682538664
15,14,2030,0,solar,0.27247407374908367
15,15,2030,0,solar,0.20566696294183762
15,16,2030,0,solar,0.1298522461809884
15,17,2030,0,solar,0.0495661671251728
15,18,2030,0,solar,0.0
15,19,2030,0,solar,0.0
15,20,2030,0,solar,0.0
15,21,2030,0,solar,0.0
15,22,2030,0,solar,0.0
15,23,2030,0,solar,0.0
15,24,2030,0,solar,0.0
15,1,2030,0,wind_offshore,0.7206432925126249
15,2,2030,0,wind_offshore,0.7347123241577399
15,3,2030,0,wind_offshore,0.6769628404833856
15,4,2030,0,wind_offshore,0.5995808893456237
15,5,2030,0,wind_offshore,0.4738024207640682
15,6,2030,0,wind_offshore,0.37318807857176184
15,7,2030,0,wind_offshore,0.2874321177294166
15,8,2030,0,wind_offshore,0.23382780747998788
15,9,2030,0,wind_offshore,0.1634323919022832
15,10,2030,0,wind_offshore,0.08193978246236264
15,11,2030,0,wind_offshore,0.03640927025862827
15,12,2030,0,wind_offshore,0.003872318355028282
15,13,2030,0,wind_offshore,1.8834244883173987e-5
15,14,2030,0,wind_offshore,0.0
15,15,2030,0,wind_offshore,0.00026153685791342887
15,16,2030,0,wind_offshore,0.00900042969186195
15,17,2030,0,wind_offshore,0.03562224244461027
15,18,2030,0,wind_offshore,0.08415766543631839
15,19,2030,0,wind_offshore,0.20496583199299975
15,20,2030,0,wind_offshore,0.415288997492347
15,21,2030,0,wind_offshore,0.6882998423943867
15,22,2030,0,wind_offshore,0.9032760704020286
15,23,2030,0,wind_offshore,0.9451869810861778
15,24,2030,0,wind_offshore,0.9585073685128739
15,1,2030,0,wind_onshore,0.36294371368410994
15,2,2030,0,wind_onshore,0.3739795918329959
15,3,2030,0,wind_onshore,0.3746196958286641
15,4,2030,0,wind_onshore,0.3647875725478955
15,5,2030,0,wind_onshore,0.3593753918506733
15,6,2030,0,wind_onshore,0.3555048269211525
15,7,2030,0,wind_onshore,0.3491439211969456
15,8,2030,0,wind_onshore,0.3463941048909694
15,9,2030,0,wind_onshore,0.33806648028908826
15,10,2030,0,wind_onshore,0.3298218709249743
15,11,2030,0,wind_onshore,0.3228827580483459
15,12,2030,0,wind_onshore,0.3814999204046499
15,13,2030,0,wind_onshore,0.41960898298301363
15,14,2030,0,wind_onshore,0.4359502750052555
15,15,2030,0,wind_onshore,0.4268631790166586
15,16,2030,0,wind_onshore,0.3951184435941592
15,17,2030,0,wind_onshore,0.33105578715167233
15,18,2030,0,wind_onshore,0.28153942111392366
15,19,2030,0,wind_onshore,0.2621926743075988
15,20,2030,0,wind_onshore,0.25773269244738767
15,21,2030,0,wind_onshore,0.2489084912244062
15,22,2030,0,wind_onshore,0.24207743401128823
15,23,2030,0,wind_onshore,0.2447117895331719
15,24,2030,0,wind_onshore,0.28271883160519534
16,1,2030,0,demand,0.5119663875167766
16,2,2030,0,demand,0.49622832554322827
16,3,2030,0,demand,0.4839569824836343
16,4,2030,0,demand,0.4759410274095526
16,5,2030,0,demand,0.4684686490966042
16,6,2030,0,demand,0.4757055457360755
16,7,2030,0,demand,0.5016540332488391
16,8,2030,0,demand,0.5375520688368706
16,9,2030,0,demand,0.5680969979651955
16,10,2030,0,demand,0.5911991638008616
16,11,2030,0,demand,0.6064458818798152
16,12,2030,0,demand,0.6153323293847822
16,13,2030,0,demand,0.6140063564901479
16,14,2030,0,demand,0.6042846162718993
16,15,2030,0,demand,0.5825311509220616
16,16,2030,0,demand,0.5718496514455176
16,17,2030,0,demand,0.5727107770703117
16,18,2030,0,demand,0.5919939326599621
16,19,2030,0,demand,0.623139618952232
16,20,2030,0,demand,0.6411588557537511
16,21,2030,0,demand,0.6466269583511821
16,22,2030,0,demand,0.6171988931494279
16,23,2030,0,demand,0.567637657892462
16,24,2030,0,demand,0.5438428078743889
16,1,2030,0,solar,0.0
16,2,2030,0,solar,0.0
16,3,2030,0,solar,0.0
16,4,2030,0,solar,0.0
16,5,2030,0,solar,0.0
16,6,2030,0,solar,0.0
16,7,2030,0,solar,0.0
16,8,2030,0,solar,0.006558832259131928
16,9,2030,0,solar,0.05305930024554663
16,10,2030,0,solar,0.12744019695290837
16,11,2030,0,solar,0.20686520830349214
16,12,2030,0,solar,0.25733469228025063
16,13,2030,0,solar,0.26839377672694853
16,14,2030,0,solar,0.26335304158047523
16,15,2030,0,solar,0.23935139920594556
16,16,2030,0,solar,0.187177709428171
16,17,2030,0,solar,0.11999348322247302
16,18,2030,0,solar,0.05060113322317397
16,19,2030,0,solar,0.0029669483830784024
16,20,2030,0,solar,0.0
16,21,2030,0,solar,0.0
16,22,2030,0,solar,0.0
16,23,2030,0,solar,0.0
16,24,2030,0,solar,0.0
16,1,2030,0,wind_offshore,0.015280229312101153
16,2,2030,0,wind_offshore,0.02873707558895949
16,3,2030,0,wind_offshore,0.05493509145172395
16,4,2030,0,wind_offshore,0.10483936778192307
16,5,2030,0,wind_offshore,0.192730821507857
16,6,2030,0,wind_offshore,0.32027409591726547
16,7,2030,0,wind_offshore,0.49767465491462276
16,8,2030,0,wind_offshore,0.7060300484784525
16,9,2030,0,wind_offshore,0.8097594327907718
16,10,2030,0,wind_offshore,0.8820800158948199
16,11,2030,0,wind_offshore,0.9334293812783317
16,12,2030,0,wind_offshore,0.9329858376919259
16,13,2030,0,wind_offshore,0.9490892961718898
16,14,2030,0,wind_offshore,0.96225523367735
16,15,2030,0,wind_offshore,0.9646819003685836
16,16,2030,0,wind_offshore,0.9735616032854681
16,17,2030,0,wind_offshore,0.9740603209453873
16,18,2030,0,wind_offshore,0.9732143968274751
16,19,2030,0,wind_offshore,0.9663741755239048
16,20,2030,0,wind_offshore,0.9675183646501408
16,21,2030,0,wind_offshore,0.9632715873013433
16,22,2030,0,wind_offshore,0.9623454735096308
16,23,2030,0,wind_offshore,0.9645225786127078
16,24,2030,0,wind_offshore,0.9704953450136232
16,1,2030,0,wind_onshore,0.4773829724717389
16,2,2030,0,wind_onshore,0.4684005957112919
16,3,2030,0,wind_onshore,0.45165139098661367
16,4,2030,0,wind_onshore,0.44172924966893895
16,5,2030,0,wind_onshore,0.4399420363341854
16,6,2030,0,wind_onshore,0.4459222454083195
16,7,2030,0,wind_onshore,0.4596715675269695
16,8,2030,0,wind_onshore,0.4752562692302289
16,9,2030,0,wind_onshore,0.49058127140178853
16,10,2030,0,wind_onshore,0.5059256763038633
16,11,2030,0,wind_onshore,0.5986076327589542
16,12,2030,0,wind_onshore,0.6413893481145555
16,13,2030,0,wind_onshore,0.6695581114653146
16,14,2030,0,wind_onshore,0.6757610693010436
16,15,2030,0,wind_onshore,0.6755026145119678
16,16,2030,0,wind_onshore,0.6506303802237603
16,17,2030,0,wind_onshore,0.6151997727335916
16,18,2030,0,wind_onshore,0.5781615825442044
16,19,2030,0,wind_onshore,0.5634635651299037
16,20,2030,0,wind_onshore,0.5623450447583902
16,21,2030,0,wind_onshore,0.5553002710213708
16,22,2030,0,wind_onshore,0.5541572728198257
16,23,2030,0,wind_onshore,0.5170236342616878
16,24,2030,0,wind_onshore,0.518810158414752
17,1,2030,0,demand,0.5022538386351261
17,2,2030,0,demand,0.4857699410166934
17,3,2030,0,demand,0.4770779875211493
17,4,2030,0,demand,0.4651368296574679
17,5,2030,0,demand,0.4648881952634762
17,6,2030,0,demand,0.47341860000091956
17,7,2030,0,demand,0.49894134996730316
17,8,2030,0,demand,0.5342406334755124
17,9,2030,0,demand,0.5722811082175028
17,10,2030,0,demand,0.6027932467053699
17,11,2030,0,demand,0.6116515136768925
17,12,2030,0,demand,0.6079567704515121
17,13,2030,0,demand,0.6006910514908503
17,14,2030,0,demand,0.5901546618785037
17,15,2030,0,demand,0.57193811612193
17,16,2030,0,demand,0.5635672280649616
17,17,2030,0,demand,0.5584271533018417
17,18,2030,0,demand,0.5707909741655462
17,19,2030,0,demand,0.599482943250248
17,20,2030,0,demand,0.6252276013761104
17,21,2030,0,demand,0.6243274482318081
17,22,2030,0,demand,0.5948041179289739
17,23,2030,0,demand,0.5511036769915574
17,24,2030,0,demand,0.5310940809301989
17,1,2030,0,solar,0.0
17,2,2030,0,solar,0.0
17,3,2030,0,solar,0.0
17,4,2030,0,solar,0.0
17,5,2030,0,solar,0.0
17,6,2030,0,solar,0.0
17,7,2030,0,solar,5.134070052647545e-6
17,8,2030,0,solar,0.014975872257067993
17,9,2030,0,solar,0.12028475756218539
17,10,2030,0,solar,0.27072939391891687
17,11,2030,0,solar,0.3883906318227906
17,12,2030,0,solar,0.4682440542403681
17,13,2030,0,solar,0.5006197738871824
17,14,2030,0,solar,0.48193473148922006
17,15,2030,0,solar,0.4126703610425622
17,16,2030,0,solar,0.3092539996114424
17,17,2030,0,solar,0.18041243647907698
17,18,2030,0,solar,0.056625633193153536
17,19,2030,0,solar,0.005038448881454708
17,20,2030,0,solar,0.0
17,21,2030,0,solar,0.0
17,22,2030,0,solar,0.0
17,23,2030,0,solar,0.0
17,24,2030,0,solar,0.0
17,1,2030,0,wind_offshore,0.4673632678736747
17,2,2030,0,wind_offshore,0.4593337960998974
17,3,2030,0,wind_offshore,0.4466937738930758
17,4,2030,0,wind_offshore,0.4017213129722075
17,5,2030,0,wind_offshore,0.39004034726866166
17,6,2030,0,wind_offshore,0.41066248695171875
17,7,2030,0,wind_offshore,0.4296072670832793
17,8,2030,0,wind_offshore,0.44168996108677167
17,9,2030,0,wind_offshore,0.4244151537623696
17,10,2030,0,wind_offshore,0.44298283760151297
17,11,2030,0,wind_offshore,0.5118489526225805
17,12,2030,0,wind_offshore,0.6062529429548043
17,13,2030,0,wind_offshore,0.7119817432407741
17,14,2030,0,wind_offshore,0.8183114686718118
17,15,2030,0,wind_offshore,0.8883830102560494
17,16,2030,0,wind_offshore,0.9134034473742586
17,17,2030,0,wind_offshore,0.90901505928094
17,18,2030,0,wind_offshore,0.896103965973219
17,19,2030,0,wind_offshore,0.8720385719603517
17,20,2030,0,wind_offshore,0.8714013740503569
17,21,2030,0,wind_offshore,0.870616726377473
17,22,2030,0,wind_offshore,0.8496241158476077
17,23,2030,0,wind_offshore,0.843779615898793
17,24,2030,0,wind_offshore,0.8559802964355557
17,1,2030,0,wind_onshore,0.46457286693042604
17,2,2030,0,wind_onshore,0.4548052553614917
17,3,2030,0,wind_onshore,0.44389801148297375
17,4,2030,0,wind_onshore,0.4327776396413509
17,5,2030,0,wind_onshore,0.43112703091132776
17,6,2030,0,wind_onshore,0.4224207431212201
17,7,2030,0,wind_onshore,0.4157791699679052
17,8,2030,0,wind_onshore,0.405774262065981
17,9,2030,0,wind_onshore,0.40344163381838644
17,10,2030,0,wind_onshore,0.39849599676669134
17,11,2030,0,wind_onshore,0.3976979709928798
17,12,2030,0,wind_onshore,0.4211528557151724
17,13,2030,0,wind_onshore,0.451159039938745
17,14,2030,0,wind_onshore,0.4716753394175777
17,15,2030,0,wind_onshore,0.4953841202569794
17,16,2030,0,wind_onshore,0.5051254510082064
17,17,2030,0,wind_onshore,0.4928634252876516
17,18,2030,0,wind_onshore,0.4781137305777296
17,19,2030,0,wind_onshore,0.4617202174170334
17,20,2030,0,wind_onshore,0.45726103176325505
17,21,2030,0,wind_onshore,0.4601518003799155
17,22,2030,0,wind_onshore,0.4602237086248495
17,23,2030,0,wind_onshore,0.4835583841962694
17,24,2030,0,wind_onshore,0.48122876713801765
18,1,2030,0,demand,0.5029608615480831
18,2,2030,0,demand,0.4934465628226879
18,3,2030,0,demand,0.48430205914840946
18,4,2030,0,demand,0.478758281962233
18,5,2030,0,demand,0.48822161405965087
18,6,2030,0,demand,0.5104743723828261
18,7,2030,0,demand,0.5560027379438848
18,8,2030,0,demand,0.6039383438669125
18,9,2030,0,demand,0.6401266440449647
18,10,2030,0,demand,0.6592896484024003
18,11,2030,0,demand,0.6646352227313557
18,12,2030,0,demand,0.6686977999008948
18,13,2030,0,demand,0.6617596482593783
18,14,2030,0,demand,0.6415295390530844
18,15,2030,0,demand,0.628082658437325
18,16,2030,0,demand,0.6223602339833816
18,17,2030,0,demand,0.6245440835800399
18,18,2030,0,demand,0.6430168326512528
18,19,2030,0,demand,0.6684539892664981
18,20,2030,0,demand,0.6860803747890191
18,21,2030,0,demand,0.6796687988547003
18,22,2030,0,demand,0.6411327005024987
18,23,2030,0,demand,0.5858474750979888
18,24,2030,0,demand,0.5683121237867628
18,1,2030,0,solar,0.0
18,2,2030,0,solar,0.0
18,3,2030,0,solar,0.0
18,4,2030,0,solar,0.0
18,5,2030,0,solar,0.0
18,6,2030,0,solar,2.95240025566506e-6
18,7,2030,0,solar,0.004624026976686467
18,8,2030,0,solar,0.02329047822685738
18,9,2030,0,solar,0.13173372727972216
18,10,2030,0,solar,0.2673522259998193
18,11,2030,0,solar,0.3904585834193967
18,12,2030,0,solar,0.4693856152936143
18,13,2030,0,solar,0.48811705031142133
18,14,2030,0,solar,0.46102807891460246
18,15,2030,0,solar,0.3787223587617189
18,16,2030,0,solar,0.26612261712721585
18,17,2030,0,solar,0.1371773391894839
18,18,2030,0,solar,0.028505004191474642
18,19,2030,0,solar,0.009870496365413735
18,20,2030,0,solar,0.0003905774315833219
18,21,2030,0,solar,0.0
18,22,2030,0,solar,0.0
18,23,2030,0,solar,0.0
18,24,2030,0,solar,0.0
18,1,2030,0,wind_offshore,0.7655029342476155
18,2,2030,0,wind_offshore,0.7909707086844869
18,3,2030,0,wind_offshore,0.8163923597952697
18,4,2030,0,wind_offshore,0.8320822698478881
18,5,2030,0,wind_offshore,0.8277839905847586
18,6,2030,0,wind_offshore,0.8115807197304401
18,7,2030,0,wind_offshore,0.7836328742266323
18,8,2030,0,wind_offshore,0.7038763307387516
18,9,2030,0,wind_offshore,0.625789980390368
18,10,2030,0,wind_offshore,0.5540041170987745
18,11,2030,0,wind_offshore,0.44738111687818266
18,12,2030,0,wind_offshore,0.4239282268745761
18,13,2030,0,wind_offshore,0.4737670273602413
18,14,2030,0,wind_offshore,0.5340804841619041
18,15,2030,0,wind_offshore,0.5627391841309141
18,16,2030,0,wind_offshore,0.5977795357828429
18,17,2030,0,wind_offshore,0.6335769136218162
18,18,2030,0,wind_offshore,0.6495468156418688
18,19,2030,0,wind_offshore,0.6686862326502544
18,20,2030,0,wind_offshore,0.7123201255093422
18,21,2030,0,wind_offshore,0.7351023804933295
18,22,2030,0,wind_offshore,0.68465170333403
18,23,2030,0,wind_offshore,0.6456327709916634
18,24,2030,0,wind_offshore,0.6623178741402426
18,1,2030,0,wind_onshore,0.2776658180962784
18,2,2030,0,wind_onshore,0.28776432914748795
18,3,2030,0,wind_onshore,0.29402425840847973
18,4,2030,0,wind_onshore,0.3002481078537313
18,5,2030,0,wind_onshore,0.3062741085722823
18,6,2030,0,wind_onshore,0.3112457052224122
18,7,2030,0,wind_onshore,0.31785787797954485
18,8,2030,0,wind_onshore,0.32271621538805056
18,9,2030,0,wind_onshore,0.3350790797795861
18,10,2030,0,wind_onshore,0.336747898163202
18,11,2030,0,wind_onshore,0.3496388740465281
18,12,2030,0,wind_onshore,0.3857005525546458
18,13,2030,0,wind_onshore,0.41224536674148277
18,14,2030,0,wind_onshore,0.4422022054170021
18,15,2030,0,wind_onshore,0.45222843566384624
18,16,2030,0,wind_onshore,0.43558640521107556
18,17,2030,0,wind_onshore,0.3958642638031701
18,18,2030,0,wind_onshore,0.37139937491314695
18,19,2030,0,wind_onshore,0.3578577063657345
18,20,2030,0,wind_onshore,0.3513359931411279
18,21,2030,0,wind_onshore,0.3482450522653034
18,22,2030,0,wind_onshore,0.3422737011056013
18,23,2030,0,wind_onshore,0.35177710078690627
18,24,2030,0,wind_onshore,0.3486474854576174
19,1,2030,0,demand,0.5141321980749751
19,2,2030,0,demand,0.4996157036578479
19,3,2030,0,demand,0.488273940093391
19,4,2030,0,demand,0.4783163262843207
19,5,2030,0,demand,0.48070065939133555
19,6,2030,0,demand,0.49511350263618426
19,7,2030,0,demand,0.5256116791542409
19,8,2030,0,demand,0.5627247749524587
19,9,2030,0,demand,0.5984923374325641
19,10,2030,0,demand,0.6226242734855635
19,11,2030,0,demand,0.6359991651493314
19,12,2030,0,demand,0.6339434860567861
19,13,2030,0,demand,0.6301140650260593
19,14,2030,0,demand,0.6183625514831732
19,15,2030,0,demand,0.6037605021953047
19,16,2030,0,demand,0.5937160699878201
19,17,2030,0,demand,0.5917145778295051
19,18,2030,0,demand,0.6004076893596505
19,19,2030,0,demand,0.6181276528597284
19,20,2030,0,demand,0.6407252299251459
19,21,2030,0,demand,0.6446907558671333
19,22,2030,0,demand,0.6117915111174058
19,23,2030,0,demand,0.5633837980661672
19,24,2030,0,demand,0.5440750325515793
19,1,2030,0,solar,0.0
19,2,2030,0,solar,0.0
19,3,2030,0,solar,0.0
19,4,2030,0,solar,0.0
19,5,2030,0,solar,0.0
19,6,2030,0,solar,0.0
19,7,2030,0,solar,0.0007917623263309999
19,8,2030,0,solar,0.031068508698565506
19,9,2030,0,solar,0.15600822176537898
19,10,2030,0,solar,0.3196907873593823
19,11,2030,0,solar,0.44853830465025446
19,12,2030,0,solar,0.5330499222569577
19,13,2030,0,solar,0.5707080441553825
19,14,2030,0,solar,0.5712636051622011
19,15,2030,0,solar,0.5178606291015984
19,16,2030,0,solar,0.42156763812875625
19,17,2030,0,solar,0.28119684506256115
19,18,2030,0,solar,0.11612711255672839
19,19,2030,0,solar,0.009563645492736103
19,20,2030,0,solar,0.0
19,21,2030,0,solar,0.0
19,22,2030,0,solar,0.0
19,23,2030,0,solar,0.0
19,24,2030,0,solar,0.0
19,1,2030,0,wind_offshore,0.9360886905584372
19,2,2030,0,wind_offshore,0.950038903183261
19,3,2030,0,wind_offshore,0.944026072137573
19,4,2030,0,wind_offshore,0.9480423029896168
19,5,2030,0,wind_offshore,0.9518706795507207
19,6,2030,0,wind_offshore,0.9517323997488308
19,7,2030,0,wind_offshore,0.9425255410759489
19,8,2030,0,wind_offshore,0.9284690330790986
19,9,2030,0,wind_offshore,0.9227115961593431
19,10,2030,0,wind_offshore,0.9263785260397279
19,11,2030,0,wind_offshore,0.9297520832211916
19,12,2030,0,wind_offshore,0.9178689661212166
19,13,2030,0,wind_offshore,0.9138588481385765
19,14,2030,0,wind_offshore,0.9144785784619855
19,15,2030,0,wind_offshore,0.9163509909053376
19,16,2030,0,wind_offshore,0.925609295582454
19,17,2030,0,wind_offshore,0.92622193391291
19,18,2030,0,wind_offshore,0.9165818738291545
19,19,2030,0,wind_offshore,0.9232814434132658
19,20,2030,0,wind_offshore,0.9416565226446536
19,21,2030,0,wind_offshore,0.9454890508061251
19,22,2030,0,wind_offshore,0.9464508460368991
19,23,2030,0,wind_offshore,0.9453556955960307
19,24,2030,0,wind_offshore,0.9464289629031704
19,1,2030,0,wind_onshore,0.592438787726907
19,2,2030,0,wind_onshore,0.5964943890048677
19,3,2030,0,wind_onshore,0.5944280495283228
19,4,2030,0,wind_onshore,0.5921297840149189
19,5,2030,0,wind_onshore,0.5933158455944734
19,6,2030,0,wind_onshore,0.5970314388098206
19,7,2030,0,wind_onshore,0.5973569837165864
19,8,2030,0,wind_onshore,0.6028287333852793
19,9,2030,0,wind_onshore,0.6165565767472116
19,10,2030,0,wind_onshore,0.6283634426452303
19,11,2030,0,wind_onshore,0.6386535346640769
19,12,2030,0,wind_onshore,0.6664809606890492
19,13,2030,0,wind_onshore,0.6903746043828048
19,14,2030,0,wind_onshore,0.7090387842445247
19,15,2030,0,wind_onshore,0.7227078192100523
19,16,2030,0,wind_onshore,0.728327117214917
19,17,2030,0,wind_onshore,0.7213666774196932
19,18,2030,0,wind_onshore,0.7056697299069565
19,19,2030,0,wind_onshore,0.6927772071299032
19,20,2030,0,wind_onshore,0.6814408409424384
19,21,2030,0,wind_onshore,0.6671039013567034
19,22,2030,0,wind_onshore,0.6551952647497992
19,23,2030,0,wind_onshore,0.64934742131401
19,24,2030,0,wind_onshore,0.6355191436282032
20,1,2030,0,demand,0.5918916978216342
20,2,2030,0,demand,0.5770275800603007
20,3,2030,0,demand,0.5649219018197433
20,4,2030,0,demand,0.5529125976047233
20,5,2030,0,demand,0.5669095311150463
20,6,2030,0,demand,0.587170029701648
20,7,2030,0,demand,0.602607477407241
20,8,2030,0,demand,0.6455349669248622
20,9,2030,0,demand,0.7078941758822148
20,10,2030,0,demand,0.7649857532550686
20,11,2030,0,demand,0.806752255256086
20,12,2030,0,demand,0.8388524235175234
20,13,2030,0,demand,0.8471512703484345
20,14,2030,0,demand,0.8425752291494046
20,15,2030,0,demand,0.8373593126330323
20,16,2030,0,demand,0.8349022309537256
20,17,2030,0,demand,0.8306228299171391
20,18,2030,0,demand,0.8176266630001063
20,19,2030,0,demand,0.7956606786946285
20,20,2030,0,demand,0.7785426218779026
20,21,2030,0,demand,0.7670193291334719
20,22,2030,0,demand,0.7204099951269928
20,23,2030,0,demand,0.6675243412220006
20,24,2030,0,demand,0.6463117104397531
20,1,2030,0,solar,0.0
20,2,2030,0,solar,0.0
20,3,2030,0,solar,0.0
20,4,2030,0,solar,0.0
20,5,2030,0,solar,0.0
20,6,2030,0,solar,0.00015317792850964862
20,7,2030,0,solar,0.018800094531953308
20,8,2030,0,solar,0.16336699340952665
20,9,2030,0,solar,0.35500406493963144
20,10,2030,0,solar,0.5216701887866895
20,11,2030,0,solar,0.6249001220009773
20,12,2030,0,solar,0.6956492913765457
20,13,2030,0,solar,0.7261981646553666
20,14,2030,0,solar,0.7109962413049015
20,15,2030,0,solar,0.6625764443876532
20,16,2030,0,solar,0.5710424267015699
20,17,2030,0,solar,0.4420711213262257
20,18,2030,0,solar,0.2714112842929053
20,19,2030,0,solar,0.09070836136799365
20,20,2030,0,solar,0.0026362591041153433
20,21,2030,0,solar,0.0
20,22,2030,0,solar,0.0
20,23,2030,0,solar,0.0
20,24,2030,0,solar,0.0
20,1,2030,0,wind_offshore,0.20450098242560766
20,2,2030,0,wind_offshore,0.1961488607179654
20,3,2030,0,wind_offshore,0.1858117902204752
20,4,2030,0,wind_offshore,0.18812114653584083
20,5,2030,0,wind_offshore,0.1940607228673839
20,6,2030,0,wind_offshore,0.19370280748482505
20,7,2030,0,wind_offshore,0.19416335637750032
20,8,2030,0,wind_offshore,0.19313412759149892
20,9,2030,0,wind_offshore,0.19771509585895147
20,10,2030,0,wind_offshore,0.19979943578813025
20,11,2030,0,wind_offshore,0.17911144863376388
20,12,2030,0,wind_offshore,0.15017441046119398
20,13,2030,0,wind_offshore,0.13202060451324144
20,14,2030,0,wind_offshore,0.10940640686511942
20,15,2030,0,wind_offshore,0.09181523688861078
20,16,2030,0,wind_offshore,0.08096296412359451
20,17,2030,0,wind_offshore,0.08363743338861887
20,18,2030,0,wind_offshore,0.08987632007875752
20,19,2030,0,wind_offshore,0.09386317641886857
20,20,2030,0,wind_offshore,0.09788570731851953
20,21,2030,0,wind_offshore,0.10905814425425286
20,22,2030,0,wind_offshore,0.12038371200326581
20,23,2030,0,wind_offshore,0.08199098350641398
20,24,2030,0,wind_offshore,0.08481224379391175
20,1,2030,0,wind_onshore,0.1423007779958
20,2,2030,0,wind_onshore,0.1269703039441043
20,3,2030,0,wind_onshore,0.11385636216159367
20,4,2030,0,wind_onshore,0.1025343221540431
20,5,2030,0,wind_onshore,0.09655750982269226
20,6,2030,0,wind_onshore,0.09200792583207193
20,7,2030,0,wind_onshore,0.08671733911009266
20,8,2030,0,wind_onshore,0.07579067138390483
20,9,2030,0,wind_onshore,0.06729732758923476
20,10,2030,0,wind_onshore,0.07361448921465016
20,11,2030,0,wind_onshore,0.06962232938888958
20,12,2030,0,wind_onshore,0.08500434261305488
20,13,2030,0,wind_onshore,0.10639897939495065
20,14,2030,0,wind_onshore,0.12667839012921753
20,15,2030,0,wind_onshore,0.14941998866708364
20,16,2030,0,wind_onshore,0.17433648435569854
20,17,2030,0,wind_onshore,0.20028511960575407
20,18,2030,0,wind_onshore,0.22992816750238113
20,19,2030,0,wind_onshore,0.2509653579773504
20,20,2030,0,wind_onshore,0.2682757453277911
20,21,2030,0,wind_onshore,0.291165609436131
20,22,2030,0,wind_onshore,0.28176901371439783
20,23,2030,0,wind_onshore,0.2404204076265795
20,24,2030,0,wind_onshore,0.22128058732942746
21,1,2030,0,demand,0.49070937610410537
21,2,2030,0,demand,0.4816139346362597
21,3,2030,0,demand,0.4710983394464524
21,4,2030,0,demand,0.4616696319696122
21,5,2030,0,demand,0.46282438183217645
21,6,2030,0,demand,0.47033761612534464
21,7,2030,0,demand,0.4902062836797649
21,8,2030,0,demand,0.5204512206062035
21,9,2030,0,demand,0.5523042173905812
21,10,2030,0,demand,0.5735797729089812
21,11,2030,0,demand,0.5859485547781695
21,12,2030,0,demand,0.588102681425682
21,13,2030,0,demand,0.5849253586207581
21,14,2030,0,demand,0.5747394926820878
21,15,2030,0,demand,0.5640760614837255
21,16,2030,0,demand,0.5595827911011587
21,17,2030,0,demand,0.5569584978828626
21,18,2030,0,demand,0.5624250504986738
21,19,2030,0,demand,0.5742978425109861
21,20,2030,0,demand,0.5916926718538397
21,21,2030,0,demand,0.5927582940131393
21,22,2030,0,demand,0.564407827781245
21,23,2030,0,demand,0.5275317112622934
21,24,2030,0,demand,0.5158913139694337
21,1,2030,0,solar,0.0
21,2,2030,0,solar,0.0
21,3,2030,0,solar,0.0
21,4,2030,0,solar,0.0
21,5,2030,0,solar,0.0
21,6,2030,0,solar,7.453172198685455e-5
21,7,2030,0,solar,0.010219395585407987
21,8,2030,0,solar,0.10574756576441253
21,9,2030,0,solar,0.29282330342416046
21,10,2030,0,solar,0.4795108670871664
21,11,2030,0,solar,0.6083911793616404
21,12,2030,0,solar,0.6920442394478272
21,13,2030,0,solar,0.7219303861239529
21,14,2030,0,solar,0.7062074441235224
21,15,2030,0,solar,0.6384690558268904
21,16,2030,0,solar,0.530857271683223
21,17,2030,0,solar,0.37757653151119797
21,18,2030,0,solar,0.19377391223426452
21,19,2030,0,solar,0.03859920361783677
21,20,2030,0,solar,0.0016028000085050059
21,21,2030,0,solar,0.0
21,22,2030,0,solar,0.0
21,23,2030,0,solar,0.0
21,24,2030,0,solar,0.0
21,1,2030,0,wind_offshore,0.8719481503840258
21,2,2030,0,wind_offshore,0.8958557940256237
21,3,2030,0,wind_offshore,0.9115844225626282
21,4,2030,0,wind_offshore,0.9245489869782608
21,5,2030,0,wind_offshore,0.9328845156218494
21,6,2030,0,wind_offshore,0.9353775788615664
21,7,2030,0,wind_offshore,0.9377287480340455
21,8,2030,0,wind_offshore,0.9465869688032708
21,9,2030,0,wind_offshore,0.948983934060502
21,10,2030,0,wind_offshore,0.9481819214906599
21,11,2030,0,wind_offshore,0.9471619020535759
21,12,2030,0,wind_offshore,0.9456185133604883
21,13,2030,0,wind_offshore,0.9472381918872783
21,14,2030,0,wind_offshore,0.9490477161199756
21,15,2030,0,wind_offshore,0.9455697587521374
21,16,2030,0,wind_offshore,0.9451951333648104
21,17,2030,0,wind_offshore,0.944093964427496
21,18,2030,0,wind_offshore,0.9377244472226847
21,19,2030,0,wind_offshore,0.9154843039882762
21,20,2030,0,wind_offshore,0.8860808588485467
21,21,2030,0,wind_offshore,0.8830924829817659
21,22,2030,0,wind_offshore,0.8825060772193366
21,23,2030,0,wind_offshore,0.8580500558370213
21,24,2030,0,wind_offshore,0.8409474895979654
21,1,2030,0,wind_onshore,0.19140311056771842
21,2,2030,0,wind_onshore,0.1815428846485975
21,3,2030,0,wind_onshore,0.17089703923827598
21,4,2030,0,wind_onshore,0.16210519754236122
21,5,2030,0,wind_onshore,0.15440420164081364
21,6,2030,0,wind_onshore,0.14988721271669292
21,7,2030,0,wind_onshore,0.1467083453953218
21,8,2030,0,wind_onshore,0.139122155515216
21,9,2030,0,wind_onshore,0.12414588444859698
21,10,2030,0,wind_onshore,0.12138241349144933
21,11,2030,0,wind_onshore,0.1247216742511231
21,12,2030,0,wind_onshore,0.13853385198939866
21,13,2030,0,wind_onshore,0.15341206172082184
21,14,2030,0,wind_onshore,0.16913239293438925
21,15,2030,0,wind_onshore,0.18486386242392455
21,16,2030,0,wind_onshore,0.19871138017612539
21,17,2030,0,wind_onshore,0.21026046781276295
21,18,2030,0,wind_onshore,0.21931343181728113
21,19,2030,0,wind_onshore,0.2244844475430982
21,20,2030,0,wind_onshore,0.24140815751309086
21,21,2030,0,wind_onshore,0.2422795678781414
21,22,2030,0,wind_onshore,0.23293547253415894
21,23,2030,0,wind_onshore,0.2131660252638723
21,24,2030,0,wind_onshore,0.2036870164064784
22,1,2030,0,demand,0.5049886315119217
22,2,2030,0,demand,0.4964744461541822
22,3,2030,0,demand,0.4863770266057668
22,4,2030,0,demand,0.4763567525118485
22,5,2030,0,demand,0.4809115796242939
22,6,2030,0,demand,0.4989821052017826
22,7,2030,0,demand,0.5271248354248524
22,8,2030,0,demand,0.562357802823697
22,9,2030,0,demand,0.5989757553664885
22,10,2030,0,demand,0.6230919436144446
22,11,2030,0,demand,0.6386163746226038
22,12,2030,0,demand,0.6472635043948938
22,13,2030,0,demand,0.6474234529466392
22,14,2030,0,demand,0.6386364856398423
22,15,2030,0,demand,0.6265607604126959
22,16,2030,0,demand,0.6230174655691855
22,17,2030,0,demand,0.6199300033045819
22,18,2030,0,demand,0.6231818744447387
22,19,2030,0,demand,0.6352382725871034
22,20,2030,0,demand,0.6451011358897264
22,21,2030,0,demand,0.6373553666270722
22,22,2030,0,demand,0.6005003292388663
22,23,2030,0,demand,0.5590245807854453
22,24,2030,0,demand,0.5473246911409414
22,1,2030,0,solar,0.0
22,2,2030,0,solar,0.0
22,3,2030,0,solar,0.0
22,4,2030,0,solar,0.0
22,5,2030,0,solar,0.0
22,6,2030,0,solar,3.6194134060338906e-5
22,7,2030,0,solar,0.006396831111449896
22,8,2030,0,solar,0.08778964753156711
22,9,2030,0,solar,0.2721641156833207
22,10,2030,0,solar,0.4551071104449988
22,11,2030,0,solar,0.5789086434260636
22,12,2030,0,solar,0.6537343672704427
22,13,2030,0,solar,0.6809917288520905
22,14,2030,0,solar,0.6612617942334259
22,15,2030,0,solar,0.5862684012339763
22,16,2030,0,solar,0.4774377008723425
22,17,2030,0,solar,0.3295189257668087
22,18,2030,0,solar,0.15952900402091608
22,19,2030,0,solar,0.03485651595641322
22,20,2030,0,solar,0.0009431754808259044
22,21,2030,0,solar,0.0
22,22,2030,0,solar,0.0
22,23,2030,0,solar,0.0
22,24,2030,0,solar,0.0
22,1,2030,0,wind_offshore,0.8640835010814089
22,2,2030,0,wind_offshore,0.8928454411887438
22,3,2030,0,wind_offshore,0.8876404220030416
22,4,2030,0,wind_offshore,0.880712313335174
22,5,2030,0,wind_offshore,0.858591065309008
22,6,2030,0,wind_offshore,0.8281195994132438
22,7,2030,0,wind_offshore,0.7732915026142212
22,8,2030,0,wind_offshore,0.7032047787949607
22,9,2030,0,wind_offshore,0.6418974328503746
22,10,2030,0,wind_offshore,0.5618120610936738
22,11,2030,0,wind_offshore,0.4617126164558437
22,12,2030,0,wind_offshore,0.3549259594047591
22,13,2030,0,wind_offshore,0.24381259648279588
22,14,2030,0,wind_offshore,0.17044527183412117
22,15,2030,0,wind_offshore,0.12804745437989978
22,16,2030,0,wind_offshore,0.10920672131892313
22,17,2030,0,wind_offshore,0.09950198533478634
22,18,2030,0,wind_offshore,0.09286452839531716
22,19,2030,0,wind_offshore,0.08221502193337807
22,20,2030,0,wind_offshore,0.07159816497218481
22,21,2030,0,wind_offshore,0.06203556365869866
22,22,2030,0,wind_offshore,0.055930857762309265
22,23,2030,0,wind_offshore,0.05391193373530312
22,24,2030,0,wind_offshore,0.056680180034734566
22,1,2030,0,wind_onshore,0.1809778753428673
22,2,2030,0,wind_onshore,0.17343509080754335
22,3,2030,0,wind_onshore,0.16901834479013234
22,4,2030,0,wind_onshore,0.1623275311728508
22,5,2030,0,wind_onshore,0.1587797045178926
22,6,2030,0,wind_onshore,0.15380504732088676
22,7,2030,0,wind_onshore,0.15309654919517499
22,8,2030,0,wind_onshore,0.15098558340972243
22,9,2030,0,wind_onshore,0.1422685907665351
22,10,2030,0,wind_onshore,0.14031537386667864
22,11,2030,0,wind_onshore,0.1339828052625943
22,12,2030,0,wind_onshore,0.14998665229272665
22,13,2030,0,wind_onshore,0.1681894923729008
22,14,2030,0,wind_onshore,0.18557310207136166
22,15,2030,0,wind_onshore,0.20654560645353737
22,16,2030,0,wind_onshore,0.21950375201329209
22,17,2030,0,wind_onshore,0.2283943524177759
22,18,2030,0,wind_onshore,0.23235406550668353
22,19,2030,0,wind_onshore,0.2327901004019504
22,20,2030,0,wind_onshore,0.231174012089892
22,21,2030,0,wind_onshore,0.22445921304223934
22,22,2030,0,wind_onshore,0.21730390769080757
22,23,2030,0,wind_onshore,0.1917850274994838
22,24,2030,0,wind_onshore,0.18660447750129902
23,1,2030,0,demand,0.5044358861457348
23,2,2030,0,demand,0.49229576650337964
23,3,2030,0,demand,0.48490871788960305
23,4,2030,0,demand,0.4753384398078648
23,5,2030,0,demand,0.47758105891042035
23,6,2030,0,demand,0.4961513467902839
23,7,2030,0,demand,0.5276924678468673
23,8,2030,0,demand,0.5695895019034324
23,9,2030,0,demand,0.6010566481165373
23,10,2030,0,demand,0.6207444122986218
23,11,2030,0,demand,0.6300039321564609
23,12,2030,0,demand,0.6322613660758881
23,13,2030,0,demand,0.6252549811863751
23,14,2030,0,demand,0.6139666837731474
23,15,2030,0,demand,0.6048137006480453
23,16,2030,0,demand,0.598015858854735
23,17,2030,0,demand,0.5986010674833219
23,18,2030,0,demand,0.608084352288921
23,19,2030,0,demand,0.6291308904815606
23,20,2030,0,demand,0.6452891852245677
23,21,2030,0,demand,0.6440601314113809
23,22,2030,0,demand,0.6093657696859202
23,23,2030,0,demand,0.5648109524813049
23,24,2030,0,demand,0.5449305231113207
23,1,2030,0,solar,0.0
23,2,2030,0,solar,0.0
23,3,2030,0,solar,0.0
23,4,2030,0,solar,0.0
23,5,2030,0,solar,0.0
23,6,2030,0,solar,0.0
23,7,2030,0,solar,0.0
23,8,2030,0,solar,0.020542115800964485
23,9,2030,0,solar,0.11824062126000107
23,10,2030,0,solar,0.25320477553247855
23,11,2030,0,solar,0.3653817145320444
23,12,2030,0,solar,0.4437376913425499
23,13,2030,0,solar,0.4802379230830239
23,14,2030,0,solar,0.47510776984369785
23,15,2030,0,solar,0.4135624479887596
23,16,2030,0,solar,0.31198533796655326
23,17,2030,0,solar,0.17804920242781094
23,18,2030,0,solar,0.05070529034062898
23,19,2030,0,solar,0.0008038903063335778
23,20,2030,0,solar,0.0
23,21,2030,0,solar,0.0
23,22,2030,0,solar,0.0
23,23,2030,0,solar,0.0
23,24,2030,0,solar,0.0
23,1,2030,0,wind_offshore,0.3799897354866096
23,2,2030,0,wind_offshore,0.4349640314328185
23,3,2030,0,wind_offshore,0.5031410594606338
23,4,2030,0,wind_offshore,0.5929904501048556
23,5,2030,0,wind_offshore,0.677181058224101
23,6,2030,0,wind_offshore,0.7537049566163153
23,7,2030,0,wind_offshore,0.8045214487333562
23,8,2030,0,wind_offshore,0.8316057261733625
23,9,2030,0,wind_offshore,0.8571393899958397
23,10,2030,0,wind_offshore,0.8708680584062604
23,11,2030,0,wind_offshore,0.8872293739950154
23,12,2030,0,wind_offshore,0.9051536161546293
23,13,2030,0,wind_offshore,0.919039532246643
23,14,2030,0,wind_offshore,0.918791221621409
23,15,2030,0,wind_offshore,0.9177033091295826
23,16,2030,0,wind_offshore,0.9215005888081752
23,17,2030,0,wind_offshore,0.9332891648067972
23,18,2030,0,wind_offshore,0.9410862805226162
23,19,2030,0,wind_offshore,0.93816173957042
23,20,2030,0,wind_offshore,0.9313018586143592
23,21,2030,0,wind_offshore,0.9266784878348978
23,22,2030,0,wind_offshore,0.935593839004803
23,23,2030,0,wind_offshore,0.932352383068538
23,24,2030,0,wind_offshore,0.9202271997919573
23,1,2030,0,wind_onshore,0.19932400585987495
23,2,2030,0,wind_onshore,0.19614792970352535
23,3,2030,0,wind_onshore,0.19287029315223683
23,4,2030,0,wind_onshore,0.19128672065301253
23,5,2030,0,wind_onshore,0.1901769347555943
23,6,2030,0,wind_onshore,0.1910694817722901
23,7,2030,0,wind_onshore,0.19298348144048275
23,8,2030,0,wind_onshore,0.19526265056881023
23,9,2030,0,wind_onshore,0.1952656332032039
23,10,2030,0,wind_onshore,0.1945815695340515
23,11,2030,0,wind_onshore,0.1951425613018566
23,12,2030,0,wind_onshore,0.21445841199745727
23,13,2030,0,wind_onshore,0.2384407698175237
23,14,2030,0,wind_onshore,0.25614099820501807
23,15,2030,0,wind_onshore,0.26897002493697136
23,16,2030,0,wind_onshore,0.2724159938175653
23,17,2030,0,wind_onshore,0.2745904567180666
23,18,2030,0,wind_onshore,0.28298914311236284
23,19,2030,0,wind_onshore,0.3018371500961555
23,20,2030,0,wind_onshore,0.31596968775730605
23,21,2030,0,wind_onshore,0.32371600052810406
23,22,2030,0,wind_onshore,0.3238053598581001
23,23,2030,0,wind_onshore,0.3259730763966139
23,24,2030,0,wind_onshore,0.32734962359479264
24,1,2030,0,demand,0.5401170553859913
24,2,2030,0,demand,0.5296676335056767
24,3,2030,0,demand,0.5216790978991888
24,4,2030,0,demand,0.5121377269632708
24,5,2030,0,demand,0.5273015479017674
24,6,2030,0,demand,0.5527142794267632
24,7,2030,0,demand,0.5758966779380439
24,8,2030,0,demand,0.6118473810216238
24,9,2030,0,demand,0.6550805213575567
24,10,2030,0,demand,0.6924353430303536
24,11,2030,0,demand,0.7211714998840838
24,12,2030,0,demand,0.742448364461988
24,13,2030,0,demand,0.7554220492548361
24,14,2030,0,demand,0.7496986146402886
24,15,2030,0,demand,0.7391740001895262
24,16,2030,0,demand,0.7361366636563392
24,17,2030,0,demand,0.7278362874064948
24,18,2030,0,demand,0.7238718040470609
24,19,2030,0,demand,0.7086687589948504
24,20,2030,0,demand,0.6994131858582933
24,21,2030,0,demand,0.6809232270927371
24,22,2030,0,demand,0.6391305745206353
24,23,2030,0,demand,0.5887420572537185
24,24,2030,0,demand,0.5809772048585937
24,1,2030,0,solar,0.0
24,2,2030,0,solar,0.0
24,3,2030,0,solar,0.0
24,4,2030,0,solar,0.0
24,5,2030,0,solar,0.0
24,6,2030,0,solar,0.00026458236186915484
24,7,2030,0,solar,0.024369742117265825
24,8,2030,0,solar,0.1596801779317603
24,9,2030,0,solar,0.34268572958532495
24,10,2030,0,solar,0.5104356582193148
24,11,2030,0,solar,0.6174478232758942
24,12,2030,0,solar,0.6807243348314751
24,13,2030,0,solar,0.6986598480891383
24,14,2030,0,solar,0.6851099951910897
24,15,2030,0,solar,0.6209192329514117
24,16,2030,0,solar,0.5228913786772222
24,17,2030,0,solar,0.3905899945493333
24,18,2030,0,solar,0.23035765324818727
24,19,2030,0,solar,0.08037185970981382
24,20,2030,0,solar,0.002959572604701242
24,21,2030,0,solar,0.0
24,22,2030,0,solar,0.0
24,23,2030,0,solar,0.0
24,24,2030,0,solar,0.0
24,1,2030,0,wind_offshore,0.1307400322134371
24,2,2030,0,wind_offshore,0.1209147838880473
24,3,2030,0,wind_offshore,0.11137049066287531
24,4,2030,0,wind_offshore,0.11798174512402847
24,5,2030,0,wind_offshore,0.1403809574410093
24,6,2030,0,wind_offshore,0.16506657297499644
24,7,2030,0,wind_offshore,0.19568793667914366
24,8,2030,0,wind_offshore,0.23348849923563914
24,9,2030,0,wind_offshore,0.27549778966218574
24,10,2030,0,wind_offshore,0.3195585442363975
24,11,2030,0,wind_offshore,0.4251456690094976
24,12,2030,0,wind_offshore,0.5013091113984834
24,13,2030,0,wind_offshore,0.5924428719774486
24,14,2030,0,wind_offshore,0.6630699157824609
24,15,2030,0,wind_offshore,0.7130700598555257
24,16,2030,0,wind_offshore,0.746521829834338
24,17,2030,0,wind_offshore,0.7792520967311709
24,18,2030,0,wind_offshore,0.800884127010447
24,19,2030,0,wind_offshore,0.8213728561415853
24,20,2030,0,wind_offshore,0.8356415901809182
24,21,2030,0,wind_offshore,0.8403512517134837
24,22,2030,0,wind_offshore,0.8397862518698879
24,23,2030,0,wind_offshore,0.8153685036972875
24,24,2030,0,wind_offshore,0.8132696709128326
24,1,2030,0,wind_onshore,0.1900369644912773
24,2,2030,0,wind_onshore,0.18567971656268642
24,3,2030,0,wind_onshore,0.18399913759913464
24,4,2030,0,wind_onshore,0.18416747618958731
24,5,2030,0,wind_onshore,0.18344862069689877
24,6,2030,0,wind_onshore,0.18747263852472343
24,7,2030,0,wind_onshore,0.18767721139387394
24,8,2030,0,wind_onshore,0.1837882492033867
24,9,2030,0,wind_onshore,0.18195382651754463
24,10,2030,0,wind_onshore,0.19111244143756306
24,11,2030,0,wind_onshore,0.19351050074324272
24,12,2030,0,wind_onshore,0.2144976111682697
24,13,2030,0,wind_onshore,0.23244221632284195
24,14,2030,0,wind_onshore,0.2516796856186262
24,15,2030,0,wind_onshore,0.26236870577855037
24,16,2030,0,wind_onshore,0.2748187489946195
24,17,2030,0,wind_onshore,0.2907402387971433
24,18,2030,0,wind_onshore,0.3040634039929341
24,19,2030,0,wind_onshore,0.32416863705855076
24,20,2030,0,wind_onshore,0.33879511454370703
24,21,2030,0,wind_onshore,0.35111634311233275
24,22,2030,0,wind_onshore,0.34194703744589505
24,23,2030,0,wind_onshore,0.31777658910410667
24,24,2030,0,wind_onshore,0.30102941677067907
25,1,2030,0,demand,0.5164495594053727
25,2,2030,0,demand,0.5017061216060303
25,3,2030,0,demand,0.49550215041382806
25,4,2030,0,demand,0.483667029385958
25,5,2030,0,demand,0.48690523079038084
25,6,2030,0,demand,0.504842717256399
25,7,2030,0,demand,0.5402536516963106
25,8,2030,0,demand,0.5773041974239317
25,9,2030,0,demand,0.6141959334709088
25,10,2030,0,demand,0.6390367988426765
25,11,2030,0,demand,0.640954447998781
25,12,2030,0,demand,0.6443030463041762
25,13,2030,0,demand,0.6372643706073904
25,14,2030,0,demand,0.6261250935897278
25,15,2030,0,demand,0.6094072933096657
25,16,2030,0,demand,0.6039083645609764
25,17,2030,0,demand,0.607961208037188
25,18,2030,0,demand,0.6196445272714655
25,19,2030,0,demand,0.6480226460489622
25,20,2030,0,demand,0.6726950658548473
25,21,2030,0,demand,0.6725410320226112
25,22,2030,0,demand,0.6374623564117283
25,23,2030,0,demand,0.5877652904487458
25,24,2030,0,demand,0.5670725212527037
25,1,2030,0,solar,0.0
25,2,2030,0,solar,0.0
25,3,2030,0,solar,0.0
25,4,2030,0,solar,0.0
25,5,2030,0,solar,0.0
25,6,2030,0,solar,0.0
25,7,2030,0,solar,0.0024110975897625106
25,8,2030,0,solar,0.027925190476376843
25,9,2030,0,solar,0.11304804710810065
25,10,2030,0,solar,0.26181319156975297
25,11,2030,0,solar,0.38704326221363355
25,12,2030,0,solar,0.4760738509271789
25,13,2030,0,solar,0.5104002279561826
25,14,2030,0,solar,0.49561177019077796
25,15,2030,0,solar,0.43057116153384617
25,16,2030,0,solar,0.325749610658837
25,17,2030,0,solar,0.18574552851870824
25,18,2030,0,solar,0.04656985983451424
25,19,2030,0,solar,0.010936993343210365
25,20,2030,0,solar,5.933569530556715e-7
25,21,2030,0,solar,0.0
25,22,2030,0,solar,0.0
25,23,2030,0,solar,0.0
25,24,2030,0,solar,0.0
25,1,2030,0,wind_offshore,0.20330502769527184
25,2,2030,0,wind_offshore,0.17342774566216085
25,3,2030,0,wind_offshore,0.11298396312860666
25,4,2030,0,wind_offshore,0.060055455154623016
25,5,2030,0,wind_offshore,0.034369749511878024
25,6,2030,0,wind_offshore,0.026445199186517783
25,7,2030,0,wind_offshore,0.042923101777135056
25,8,2030,0,wind_offshore,0.052944968469251306
25,9,2030,0,wind_offshore,0.04510761167523736
25,10,2030,0,wind_offshore,0.04598098169737077
25,11,2030,0,wind_offshore,0.07194601923056133
25,12,2030,0,wind_offshore,0.08109037532721644
25,13,2030,0,wind_offshore,0.07308691836428287
25,14,2030,0,wind_offshore,0.07569562351647527
25,15,2030,0,wind_offshore,0.08540610708625604
25,16,2030,0,wind_offshore,0.0735403401093718
25,17,2030,0,wind_offshore,0.061492497017080115
25,18,2030,0,wind_offshore,0.06286754938007966
25,19,2030,0,wind_offshore,0.05047727867795414
25,20,2030,0,wind_offshore,0.02866524430877212
25,21,2030,0,wind_offshore,0.03934389744303925
25,22,2030,0,wind_offshore,0.06569758391614443
25,23,2030,0,wind_offshore,0.11745122266126577
25,24,2030,0,wind_offshore,0.17503889514361023
25,1,2030,0,wind_onshore,0.3879557657488545
25,2,2030,0,wind_onshore,0.3844823968753137
25,3,2030,0,wind_onshore,0.38000171622802087
25,4,2030,0,wind_onshore,0.3745168715105431
25,5,2030,0,wind_onshore,0.37446849148156
25,6,2030,0,wind_onshore,0.3679723615549046
25,7,2030,0,wind_onshore,0.3637891895697506
25,8,2030,0,wind_onshore,0.3601677135789305
25,9,2030,0,wind_onshore,0.36542503798696546
25,10,2030,0,wind_onshore,0.3688159608196771
25,11,2030,0,wind_onshore,0.3509541827755571
25,12,2030,0,wind_onshore,0.3805047982487738
25,13,2030,0,wind_onshore,0.4038484580231757
25,14,2030,0,wind_onshore,0.41549170618340325
25,15,2030,0,wind_onshore,0.4213590213069959
25,16,2030,0,wind_onshore,0.4253027920559864
25,17,2030,0,wind_onshore,0.417821880854243
25,18,2030,0,wind_onshore,0.41143599247033613
25,19,2030,0,wind_onshore,0.41933577743446904
25,20,2030,0,wind_onshore,0.4095531404882468
25,21,2030,0,wind_onshore,0.3857279193931703
25,22,2030,0,wind_onshore,0.3597725197144883
25,23,2030,0,wind_onshore,0.34294901029303454
25,24,2030,0,wind_onshore,0.3394514479897109
26,1,2030,0,demand,0.5851910588422025
26,2,2030,0,demand,0.5754964756633104
26,3,2030,0,demand,0.5559642199055452
26,4,2030,0,demand,0.5449832585613906
26,5,2030,0,demand,0.552862962637083
26,6,2030,0,demand,0.5575112905357704
26,7,2030,0,demand,0.5640448679207434
26,8,2030,0,demand,0.5912362560418208
26,9,2030,0,demand,0.637131135417191
26,10,2030,0,demand,0.6801544502340182
26,11,2030,0,demand,0.715460481268638
26,12,2030,0,demand,0.7455701783243804
26,13,2030,0,demand,0.7551162596819985
26,14,2030,0,demand,0.7576680934719029
26,15,2030,0,demand,0.7538300646163003
26,16,2030,0,demand,0.7500034541767155
26,17,2030,0,demand,0.7457173069297777
26,18,2030,0,demand,0.742983867870957
26,19,2030,0,demand,0.7334298032833686
26,20,2030,0,demand,0.7179331812655384
26,21,2030,0,demand,0.7048414261125064
26,22,2030,0,demand,0.667652020864841
26,23,2030,0,demand,0.6236127493974287
26,24,2030,0,demand,0.6130210604451776
26,1,2030,0,solar,0.0
26,2,2030,0,solar,0.0
26,3,2030,0,solar,0.0
26,4,2030,0,solar,0.0
26,5,2030,0,solar,0.0
26,6,2030,0,solar,0.00017650878084590283
26,7,2030,0,solar,0.0220838530784865
26,8,2030,0,solar,0.16200063916198928
26,9,2030,0,solar,0.3450562821177906
26,10,2030,0,solar,0.5056542437235718
26,11,2030,0,solar,0.6101318381497802
26,12,2030,0,solar,0.6738473871468029
26,13,2030,0,solar,0.6901230326461191
26,14,2030,0,solar,0.6776959084680044
26,15,2030,0,solar,0.625608487397099
26,16,2030,0,solar,0.5389093963543711
26,17,2030,0,solar,0.41361548789790836
26,18,2030,0,solar,0.2568049051751036
26,19,2030,0,solar,0.09092242876775683
26,20,2030,0,solar,0.0039708900144270025
26,21,2030,0,solar,0.0
26,22,2030,0,solar,0.0
26,23,2030,0,solar,0.0
26,24,2030,0,solar,0.0
26,1,2030,0,wind_offshore,0.051981538790955274
26,2,2030,0,wind_offshore,0.05899455894178619
26,3,2030,0,wind_offshore,0.06190395592923711
26,4,2030,0,wind_offshore,0.05828198956386372
26,5,2030,0,wind_offshore,0.058372208306764664
26,6,2030,0,wind_offshore,0.0521866706046404
26,7,2030,0,wind_offshore,0.04455364840535492
26,8,2030,0,wind_offshore,0.03856636561544832
26,9,2030,0,wind_offshore,0.035193122660647086
26,10,2030,0,wind_offshore,0.03111151273105534
26,11,2030,0,wind_offshore,0.017337989760701188
26,12,2030,0,wind_offshore,0.017354350577527655
26,13,2030,0,wind_offshore,0.01894672116043014
26,14,2030,0,wind_offshore,0.01991256208876496
26,15,2030,0,wind_offshore,0.022176611129171603
26,16,2030,0,wind_offshore,0.031248002889481635
26,17,2030,0,wind_offshore,0.0486510730761978
26,18,2030,0,wind_offshore,0.06784075983102592
26,19,2030,0,wind_offshore,0.08567962632981828
26,20,2030,0,wind_offshore,0.09490777075494915
26,21,2030,0,wind_offshore,0.1073424255865473
26,22,2030,0,wind_offshore,0.11985361025187125
26,23,2030,0,wind_offshore,0.08310322926295022
26,24,2030,0,wind_offshore,0.0794859324229642
26,1,2030,0,wind_onshore,0.14553692682683694
26,2,2030,0,wind_onshore,0.12922567791333106
26,3,2030,0,wind_onshore,0.11586592482411354
26,4,2030,0,wind_onshore,0.10534223703777515
26,5,2030,0,wind_onshore,0.0943723129934265
26,6,2030,0,wind_onshore,0.0874514664684852
26,7,2030,0,wind_onshore,0.07991647525407394
26,8,2030,0,wind_onshore,0.06142891333527199
26,9,2030,0,wind_onshore,0.04850105400481107
26,10,2030,0,wind_onshore,0.04868967463621131
26,11,2030,0,wind_onshore,0.0465877529965325
26,12,2030,0,wind_onshore,0.05145182024804682
26,13,2030,0,wind_onshore,0.06062577979887257
26,14,2030,0,wind_onshore,0.07476960107906658
26,15,2030,0,wind_onshore,0.09733502210513785
26,16,2030,0,wind_onshore,0.1231900432204171
26,17,2030,0,wind_onshore,0.15183596595702253
26,18,2030,0,wind_onshore,0.18546943470565957
26,19,2030,0,wind_onshore,0.2191718271461493
26,20,2030,0,wind_onshore,0.23831119945322468
26,21,2030,0,wind_onshore,0.2593405602383664
26,22,2030,0,wind_onshore,0.2533271207271415
26,23,2030,0,wind_onshore,0.2214623021346997
26,24,2030,0,wind_onshore,0.2033727854722629
27,1,2030,0,demand,0.5157572311927925
27,2,2030,0,demand,0.5047163442385284
27,3,2030,0,demand,0.4962809857145902
27,4,2030,0,demand,0.4874016587720759
27,5,2030,0,demand,0.4909122900785207
27,6,2030,0,demand,0.5036967246384153
27,7,2030,0,demand,0.5228892586812601
27,8,2030,0,demand,0.5550697894401326
27,9,2030,0,demand,0.591112678736274
27,10,2030,0,demand,0.6181473929931938
27,11,2030,0,demand,0.6347633887591844
27,12,2030,0,demand,0.6437580756779794
27,13,2030,0,demand,0.6428525064242946
27,14,2030,0,demand,0.6341519618442741
27,15,2030,0,demand,0.6275396345412617
27,16,2030,0,demand,0.6272617006726537
27,17,2030,0,demand,0.6250116472396408
27,18,2030,0,demand,0.6218937921336162
27,19,2030,0,demand,0.6268493103870226
27,20,2030,0,demand,0.6331583217203558
27,21,2030,0,demand,0.6274295152534088
27,22,2030,0,demand,0.5974506196238534
27,23,2030,0,demand,0.5582400837960004
27,24,2030,0,demand,0.5489937130949945
27,1,2030,0,solar,0.0
27,2,2030,0,solar,0.0
27,3,2030,0,solar,0.0
27,4,2030,0,solar,0.0
27,5,2030,0,solar,0.0
27,6,2030,0,solar,0.00022267939706711697
27,7,2030,0,solar,0.01824293130520973
27,8,2030,0,solar,0.133854389932702
27,9,2030,0,solar,0.3258355830032553
27,10,2030,0,solar,0.5039191949873645
27,11,2030,0,solar,0.6223419170002832
27,12,2030,0,solar,0.6963843715672604
27,13,2030,0,solar,0.7236106291651778
27,14,2030,0,solar,0.707713700140906
27,15,2030,0,solar,0.6427435290838759
27,16,2030,0,solar,0.536227410179809
27,17,2030,0,solar,0.3852604883452885
27,18,2030,0,solar,0.21103460060213447
27,19,2030,0,solar,0.058368251466321006
27,20,2030,0,solar,0.0025737004152013
27,21,2030,0,solar,0.0
27,22,2030,0,solar,0.0
27,23,2030,0,solar,0.0
27,24,2030,0,solar,0.0
27,1,2030,0,wind_offshore,0.9159170133091332
27,2,2030,0,wind_offshore,0.9273159240463532
27,3,2030,0,wind_offshore,0.9317332969295886
27,4,2030,0,wind_offshore,0.9356031889010432
27,5,2030,0,wind_offshore,0.9367017730552137
27,6,2030,0,wind_offshore,0.9316821057931967
27,7,2030,0,wind_offshore,0.9346545447841538
27,8,2030,0,wind_offshore,0.932731923974768
27,9,2030,0,wind_offshore,0.9240655014359724
27,10,2030,0,wind_offshore,0.927295380284362
27,11,2030,0,wind_offshore,0.9465862846005286
27,12,2030,0,wind_offshore,0.9382748245292507
27,13,2030,0,wind_offshore,0.9348973835553783
27,14,2030,0,wind_offshore,0.928809681425578
27,15,2030,0,wind_offshore,0.9273153799946147
27,16,2030,0,wind_offshore,0.926584710754885
27,17,2030,0,wind_offshore,0.9316926392868049
27,18,2030,0,wind_offshore,0.9400503348082231
27,19,2030,0,wind_offshore,0.9396289052094351
27,20,2030,0,wind_offshore,0.9354407434557572
27,21,2030,0,wind_offshore,0.9347144080043788
27,22,2030,0,wind_offshore,0.9342936891451921
27,23,2030,0,wind_offshore,0.9352686910239767
27,24,2030,0,wind_offshore,0.9395278694869227
27,1,2030,0,wind_onshore,0.3395363603970537
27,2,2030,0,wind_onshore,0.32607399899295425
27,3,2030,0,wind_onshore,0.3154483551678479
27,4,2030,0,wind_onshore,0.3105817949073422
27,5,2030,0,wind_onshore,0.30967569403222533
27,6,2030,0,wind_onshore,0.31254904964049407
27,7,2030,0,wind_onshore,0.3158216854833833
27,8,2030,0,wind_onshore,0.3137717609543946
27,9,2030,0,wind_onshore,0.3244625895304391
27,10,2030,0,wind_onshore,0.34056433276458253
27,11,2030,0,wind_onshore,0.3456469555861944
27,12,2030,0,wind_onshore,0.37654253354129036
27,13,2030,0,wind_onshore,0.4006003471413847
27,14,2030,0,wind_onshore,0.4208338104372042
27,15,2030,0,wind_onshore,0.44188520840029494
27,16,2030,0,wind_onshore,0.4674513132304342
27,17,2030,0,wind_onshore,0.4881008050297708
27,18,2030,0,wind_onshore,0.5043538159631535
27,19,2030,0,wind_onshore,0.5149229990435175
27,20,2030,0,wind_onshore,0.5204100567134323
27,21,2030,0,wind_onshore,0.5271731421415448
27,22,2030,0,wind_onshore,0.5145375823746577
27,23,2030,0,wind_onshore,0.4705394966108853
27,24,2030,0,wind_onshore,0.4551197174016711
28,1,2030,0,demand,0.4841130859775524
28,2,2030,0,demand,0.47580538569441694
28,3,2030,0,demand,0.47032774860300647
28,4,2030,0,demand,0.4612856020205492
28,5,2030,0,demand,0.4663245494533814
28,6,2030,0,demand,0.48680754361380835
28,7,2030,0,demand,0.5207029030230437
28,8,2030,0,demand,0.5569339388674549
28,9,2030,0,demand,0.5856712751029046
28,10,2030,0,demand,0.6007433079758758
28,11,2030,0,demand,0.607176192871513
28,12,2030,0,demand,0.6016249178107322
28,13,2030,0,demand,0.5944081453576304
28,14,2030,0,demand,0.5789291893156815
28,15,2030,0,demand,0.5645577900814257
28,16,2030,0,demand,0.5576577762316969
28,17,2030,0,demand,0.5566993781161037
28,18,2030,0,demand,0.5664828306735864
28,19,2030,0,demand,0.588088160598725
28,20,2030,0,demand,0.6076524243255936
28,21,2030,0,demand,0.6034985594116233
28,22,2030,0,demand,0.5685850046696123
28,23,2030,0,demand,0.5258760182732443
28,24,2030,0,demand,0.5172159508199932
28,1,2030,0,solar,0.0
28,2,2030,0,solar,0.0
28,3,2030,0,solar,0.0
28,4,2030,0,solar,0.0
28,5,2030,0,solar,0.0
28,6,2030,0,solar,0.00011962531066737463
28,7,2030,0,solar,0.014335800367820131
28,8,2030,0,solar,0.10966081036570141
28,9,2030,0,solar,0.2794954390974313
28,10,2030,0,solar,0.4496860442919683
28,11,2030,0,solar,0.572800072327704
28,12,2030,0,solar,0.6572146208151622
28,13,2030,0,solar,0.6871541702589737
28,14,2030,0,solar,0.6729644219141414
28,15,2030,0,solar,0.6132393820398564
28,16,2030,0,solar,0.5149730979311246
28,17,2030,0,solar,0.3631678299080692
28,18,2030,0,solar,0.18431681557935872
28,19,2030,0,solar,0.04291801766399933
28,20,2030,0,solar,0.000512841566867646
28,21,2030,0,solar,0.0
28,22,2030,0,solar,0.0
28,23,2030,0,solar,0.0
28,24,2030,0,solar,0.0
28,1,2030,0,wind_offshore,0.08097234336070759
28,2,2030,0,wind_offshore,0.06592414481159901
28,3,2030,0,wind_offshore,0.05052209250336481
28,4,2030,0,wind_offshore,0.03835990147897398
28,5,2030,0,wind_offshore,0.03210062274675048
28,6,2030,0,wind_offshore,0.03031052905699641
28,7,2030,0,wind_offshore,0.029969226085212648
28,8,2030,0,wind_offshore,0.035887670637284645
28,9,2030,0,wind_offshore,0.04620408185152197
28,10,2030,0,wind_offshore,0.06396833869096209
28,11,2030,0,wind_offshore,0.08009800121987247
28,12,2030,0,wind_offshore,0.11028791362098898
28,13,2030,0,wind_offshore,0.12149016101242159
28,14,2030,0,wind_offshore,0.13634985984270145
28,15,2030,0,wind_offshore,0.15254404482427267
28,16,2030,0,wind_offshore,0.17467653321412088
28,17,2030,0,wind_offshore,0.20021702799672259
28,18,2030,0,wind_offshore,0.21781299167521095
28,19,2030,0,wind_offshore,0.2767937686090733
28,20,2030,0,wind_offshore,0.3933857755615695
28,21,2030,0,wind_offshore,0.5177225433483398
28,22,2030,0,wind_offshore,0.6439765185360814
28,23,2030,0,wind_offshore,0.6603616050741068
28,24,2030,0,wind_offshore,0.6482354836444342
28,1,2030,0,wind_onshore,0.3792252043446142
28,2,2030,0,wind_onshore,0.36295984584697144
28,3,2030,0,wind_onshore,0.34971875355094756
28,4,2030,0,wind_onshore,0.3328168491023286
28,5,2030,0,wind_onshore,0.3247923324953534
28,6,2030,0,wind_onshore,0.31359419667376004
28,7,2030,0,wind_onshore,0.29262477978788964
28,8,2030,0,wind_onshore,0.273741775881608
28,9,2030,0,wind_onshore,0.2677625675778397
28,10,2030,0,wind_onshore,0.26618273832020234
28,11,2030,0,wind_onshore,0.26089776506944223
28,12,2030,0,wind_onshore,0.2558010932992477
28,13,2030,0,wind_onshore,0.25343059390333095
28,14,2030,0,wind_onshore,0.25616503381929917
28,15,2030,0,wind_onshore,0.25935679629729796
28,16,2030,0,wind_onshore,0.26653389420509493
28,17,2030,0,wind_onshore,0.26761906577631384
28,18,2030,0,wind_onshore,0.26311512819599203
28,19,2030,0,wind_onshore,0.24782678913264844
28,20,2030,0,wind_onshore,0.23734133736367805
28,21,2030,0,wind_onshore,0.23182900747031646
28,22,2030,0,wind_onshore,0.21749372766215413
28,23,2030,0,wind_onshore,0.20220865227557572
28,24,2030,0,wind_onshore,0.1986109458799179
29,1,2030,0,demand,0.49223758721661004
29,2,2030,0,demand,0.48652377025681676
29,3,2030,0,demand,0.48169344361968686
29,4,2030,0,demand,0.47380940778733593
29,5,2030,0,demand,0.4816608420880645
29,6,2030,0,demand,0.5030051535865395
29,7,2030,0,demand,0.5304187628957622
29,8,2030,0,demand,0.5630024563452113
29,9,2030,0,demand,0.5941856569191345
29,10,2030,0,demand,0.6141041778508428
29,11,2030,0,demand,0.6239819089772264
29,12,2030,0,demand,0.6256262065571452
29,13,2030,0,demand,0.619172975594169
29,14,2030,0,demand,0.6106034442849672
29,15,2030,0,demand,0.5974465693425228
29,16,2030,0,demand,0.5956191227624518
29,17,2030,0,demand,0.5944906370435997
29,18,2030,0,demand,0.5973457441498004
29,19,2030,0,demand,0.6057882312715601
29,20,2030,0,demand,0.6165648269585658
29,21,2030,0,demand,0.6063224765522692
29,22,2030,0,demand,0.5681142905715187
29,23,2030,0,demand,0.5264573922350232
29,24,2030,0,demand,0.5191559667496418
29,1,2030,0,solar,0.0
29,2,2030,0,solar,0.0
29,3,2030,0,solar,0.0
29,4,2030,0,solar,0.0
29,5,2030,0,solar,0.0
29,6,2030,0,solar,0.00020208472926455553
29,7,2030,0,solar,0.016373712876082094
29,8,2030,0,solar,0.1167017259851801
29,9,2030,0,solar,0.28717950298351275
29,10,2030,0,solar,0.45538708686746293
29,11,2030,0,solar,0.5716456290502665
29,12,2030,0,solar,0.6439293527808665
29,13,2030,0,solar,0.6615529387278776
29,14,2030,0,solar,0.6478106906229557
29,15,2030,0,solar,0.5841847327716194
29,16,2030,0,solar,0.4794309804732752
29,17,2030,0,solar,0.33808861285160324
29,18,2030,0,solar,0.17565480567913272
29,19,2030,0,solar,0.047724047760362764
29,20,2030,0,solar,0.0021705888785217595
29,21,2030,0,solar,0.0
29,22,2030,0,solar,0.0
29,23,2030,0,solar,0.0
29,24,2030,0,solar,0.0
29,1,2030,0,wind_offshore,0.311139120587736
29,2,2030,0,wind_offshore,0.283949428758736
29,3,2030,0,wind_offshore,0.26337172261160346
29,4,2030,0,wind_offshore,0.26690807751352036
29,5,2030,0,wind_offshore,0.27932916104581335
29,6,2030,0,wind_offshore,0.30127882855648963
29,7,2030,0,wind_offshore,0.3266162232760521
29,8,2030,0,wind_offshore,0.3596008731700009
29,9,2030,0,wind_offshore,0.3715315822791478
29,10,2030,0,wind_offshore,0.35243253145872777
29,11,2030,0,wind_offshore,0.27090961707389344
29,12,2030,0,wind_offshore,0.2385159619146046
29,13,2030,0,wind_offshore,0.21665908644641438
29,14,2030,0,wind_offshore,0.19816133462260363
29,15,2030,0,wind_offshore,0.21446742370060398
29,16,2030,0,wind_offshore,0.24301253369870401
29,17,2030,0,wind_offshore,0.2836089783535141
29,18,2030,0,wind_offshore,0.3336028941428222
29,19,2030,0,wind_offshore,0.3901476182385336
29,20,2030,0,wind_offshore,0.4366363452778991
29,21,2030,0,wind_offshore,0.4213202844918122
29,22,2030,0,wind_offshore,0.4048664521700841
29,23,2030,0,wind_offshore,0.36646568527723355
29,24,2030,0,wind_offshore,0.37534992039056064
29,1,2030,0,wind_onshore,0.28300241346338145
29,2,2030,0,wind_onshore,0.27773336495002615
29,3,2030,0,wind_onshore,0.269818145042159
29,4,2030,0,wind_onshore,0.26588144788107093
29,5,2030,0,wind_onshore,0.26551497854706196
29,6,2030,0,wind_onshore,0.26697475939668963
29,7,2030,0,wind_onshore,0.2704267136173266
29,8,2030,0,wind_onshore,0.2765560337692175
29,9,2030,0,wind_onshore,0.27853631217262625
29,10,2030,0,wind_onshore,0.2818766867950677
29,11,2030,0,wind_onshore,0.2718008801147617
29,12,2030,0,wind_onshore,0.29516421467396775
29,13,2030,0,wind_onshore,0.31543623061814396
29,14,2030,0,wind_onshore,0.3394462343119447
29,15,2030,0,wind_onshore,0.36427923845345905
29,16,2030,0,wind_onshore,0.393061037884266
29,17,2030,0,wind_onshore,0.4148443512847276
29,18,2030,0,wind_onshore,0.43082894946795797
29,19,2030,0,wind_onshore,0.4297882311271641
29,20,2030,0,wind_onshore,0.42514767936872144
29,21,2030,0,wind_onshore,0.4241252905955713
29,22,2030,0,wind_onshore,0.4079010392173126
29,23,2030,0,wind_onshore,0.3741852611396299
29,24,2030,0,wind_onshore,0.36761751376850427
30,1,2030,0,demand,0.5052493428018711
30,2,2030,0,demand,0.4968606114156702
30,3,2030,0,demand,0.49107918315014926
30,4,2030,0,demand,0.4840514857915998
30,5,2030,0,demand,0.4934333873469737
30,6,2030,0,demand,0.5146424591008213
30,7,2030,0,demand,0.5443357499703164
30,8,2030,0,demand,0.5806025246510044
30,9,2030,0,demand,0.6047244697155311
30,10,2030,0,demand,0.6222208920035371
30,11,2030,0,demand,0.6343513444529644
30,12,2030,0,demand,0.6446353525508752
30,13,2030,0,demand,0.6401525318798452
30,14,2030,0,demand,0.6280120583106602
30,15,2030,0,demand,0.614497150485334
30,16,2030,0,demand,0.6158855966781024
30,17,2030,0,demand,0.6132502228759655
30,18,2030,0,demand,0.6179305173085808
30,19,2030,0,demand,0.6288982721080113
30,20,2030,0,demand,0.6372754697704751
30,21,2030,0,demand,0.6251642407617226
30,22,2030,0,demand,0.5856011468462692
30,23,2030,0,demand,0.544255956883545
30,24,2030,0,demand,0.5364619430435614
30,1,2030,0,solar,0.0
30,2,2030,0,solar,0.0
30,3,2030,0,solar,0.0
30,4,2030,0,solar,0.0
30,5,2030,0,solar,0.0
30,6,2030,0,solar,5.007753714783815e-5
30,7,2030,0,solar,0.013634600673348587
30,8,2030,0,solar,0.10018590154397655
30,9,2030,0,solar,0.2636544877134848
30,10,2030,0,solar,0.4349731696573375
30,11,2030,0,solar,0.5471252003793917
30,12,2030,0,solar,0.619740865514012
30,13,2030,0,solar,0.6382664396966827
30,14,2030,0,solar,0.6137125126879136
30,15,2030,0,solar,0.5388508143865375
30,16,2030,0,solar,0.4227641157330568
30,17,2030,0,solar,0.27186457175824924
30,18,2030,0,solar,0.11770305646828971
30,19,2030,0,solar,0.0325994770865656
30,20,2030,0,solar,0.002510723373720621
30,21,2030,0,solar,0.0
30,22,2030,0,solar,0.0
30,23,2030,0,solar,0.0
30,24,2030,0,solar,0.0
30,1,2030,0,wind_offshore,0.2149813800504735
30,2,2030,0,wind_offshore,0.25090439978690116
30,3,2030,0,wind_offshore,0.2591067464805508
30,4,2030,0,wind_offshore,0.2466244155942099
30,5,2030,0,wind_offshore,0.2362156662374416
30,6,2030,0,wind_offshore,0.2215460280060557
30,7,2030,0,wind_offshore,0.22971369995657243
30,8,2030,0,wind_offshore,0.24853547185852198
30,9,2030,0,wind_offshore,0.27828250009493694
30,10,2030,0,wind_offshore,0.32393120628170297
30,11,2030,0,wind_offshore,0.3523018941377806
30,12,2030,0,wind_offshore,0.38621319173964297
30,13,2030,0,wind_offshore,0.41521232673958347
30,14,2030,0,wind_offshore,0.44551467370443487
30,15,2030,0,wind_offshore,0.4383960318123891
30,16,2030,0,wind_offshore,0.40115466095874264
30,17,2030,0,wind_offshore,0.36621261946771594
30,18,2030,0,wind_offshore,0.35180710957847977
30,19,2030,0,wind_offshore,0.3304397263233391
30,20,2030,0,wind_offshore,0.31777985331858677
30,21,2030,0,wind_offshore,0.3070536659237396
30,22,2030,0,wind_offshore,0.31142969876351845
30,23,2030,0,wind_offshore,0.30231522639057423
30,24,2030,0,wind_offshore,0.2939593317161804
30,1,2030,0,wind_onshore,0.14954465850286083
30,2,2030,0,wind_onshore,0.14043564804057593
30,3,2030,0,wind_onshore,0.1317956044320124
30,4,2030,0,wind_onshore,0.12506413665284713
30,5,2030,0,wind_onshore,0.12034143719978398
30,6,2030,0,wind_onshore,0.1150621016926852
30,7,2030,0,wind_onshore,0.10654421325628603
30,8,2030,0,wind_onshore,0.09532240847380193
30,9,2030,0,wind_onshore,0.092432836732307
30,10,2030,0,wind_onshore,0.09061728125555883
30,11,2030,0,wind_onshore,0.09542063597042223
30,12,2030,0,wind_onshore,0.10761234779834646
30,13,2030,0,wind_onshore,0.12118621088163317
30,14,2030,0,wind_onshore,0.13296801569653796
30,15,2030,0,wind_onshore,0.14670113992724867
30,16,2030,0,wind_onshore,0.15524404845826947
30,17,2030,0,wind_onshore,0.16082573883507362
30,18,2030,0,wind_onshore,0.16877519144886122
30,19,2030,0,wind_onshore,0.17126570063422675
30,20,2030,0,wind_onshore,0.16808188638531205
30,21,2030,0,wind_onshore,0.165259289312056
30,22,2030,0,wind_onshore,0.15511590959437016
30,23,2030,0,wind_onshore,0.14427962255943014
30,24,2030,0,wind_onshore,0.13634711354188125
31,1,2030,0,demand,0.487591954574323
31,2,2030,0,demand,0.48020202472277834
31,3,2030,0,demand,0.4720467935452699
31,4,2030,0,demand,0.4628900106328899
31,5,2030,0,demand,0.4679742581416755
31,6,2030,0,demand,0.4778189275180304
31,7,2030,0,demand,0.4986089620658205
31,8,2030,0,demand,0.5297588803982363
31,9,2030,0,demand,0.5602952916486678
31,10,2030,0,demand,0.5819894918024817
31,11,2030,0,demand,0.5942643397765865
31,12,2030,0,demand,0.6011283214379929
31,13,2030,0,demand,0.598909233009841
31,14,2030,0,demand,0.589053107323176
31,15,2030,0,demand,0.5818261379733466
31,16,2030,0,demand,0.5787254894766204
31,17,2030,0,demand,0.577091666838034
31,18,2030,0,demand,0.5818262737767491
31,19,2030,0,demand,0.5938118192744765
31,20,2030,0,demand,0.6044700078759379
31,21,2030,0,demand,0.6009823598989491
31,22,2030,0,demand,0.5708136274853007
31,23,2030,0,demand,0.532300940055834
31,24,2030,0,demand,0.5229411883227678
31,1,2030,0,solar,0.0
31,2,2030,0,solar,0.0
31,3,2030,0,solar,0.0
31,4,2030,0,solar,0.0
31,5,2030,0,solar,0.0
31,6,2030,0,solar,6.491714535752467e-5
31,7,2030,0,solar,0.01581977375313511
31,8,2030,0,solar,0.11262486194068627
31,9,2030,0,solar,0.2764582025319268
31,10,2030,0,solar,0.4430961710162433
31,11,2030,0,solar,0.5553283504439842
31,12,2030,0,solar,0.6266665839250086
31,13,2030,0,solar,0.6512227979986445
31,14,2030,0,solar,0.6317727288563568
31,15,2030,0,solar,0.5629472376777002
31,16,2030,0,solar,0.45533498438630704
31,17,2030,0,solar,0.3134817094250049
31,18,2030,0,solar,0.15542946423366324
31,19,2030,0,solar,0.0440975565262774
31,20,2030,0,solar,0.0026193456405365152
31,21,2030,0,solar,0.0
31,22,2030,0,solar,0.0
31,23,2030,0,solar,0.0
31,24,2030,0,solar,0.0
31,1,2030,0,wind_offshore,0.07122365690379422
31,2,2030,0,wind_offshore,0.05863424981928662
31,3,2030,0,wind_offshore,0.051947364622245674
31,4,2030,0,wind_offshore,0.050152833853336264
31,5,2030,0,wind_offshore,0.046839418963005065
31,6,2030,0,wind_offshore,0.038014000565205784
31,7,2030,0,wind_offshore,0.03607149002870106
31,8,2030,0,wind_offshore,0.03299988341422031
31,9,2030,0,wind_offshore,0.03089828908189149
31,10,2030,0,wind_offshore,0.02872804673221011
31,11,2030,0,wind_offshore,0.022652018148764403
31,12,2030,0,wind_offshore,0.017175698258596363
31,13,2030,0,wind_offshore,0.01812247245844136
31,14,2030,0,wind_offshore,0.020237328065159804
31,15,2030,0,wind_offshore,0.025162702572151436
31,16,2030,0,wind_offshore,0.03964290685651035
31,17,2030,0,wind_offshore,0.06020375385970192
31,18,2030,0,wind_offshore,0.07327211942825114
31,19,2030,0,wind_offshore,0.08189227882170641
31,20,2030,0,wind_offshore,0.08711746856425913
31,21,2030,0,wind_offshore,0.09339359755185443
31,22,2030,0,wind_offshore,0.10285853258362532
31,23,2030,0,wind_offshore,0.10781277898875741
31,24,2030,0,wind_offshore,0.11149699269774994
31,1,2030,0,wind_onshore,0.12762292555742122
31,2,2030,0,wind_onshore,0.11962186623597339
31,3,2030,0,wind_onshore,0.11297183893172923
31,4,2030,0,wind_onshore,0.1068084233266353
31,5,2030,0,wind_onshore,0.10002255585117646
31,6,2030,0,wind_onshore,0.09432584197836814
31,7,2030,0,wind_onshore,0.08892775444898642
31,8,2030,0,wind_onshore,0.0803163270178156
31,9,2030,0,wind_onshore,0.07412371047710424
31,10,2030,0,wind_onshore,0.07265828271291612
31,11,2030,0,wind_onshore,0.07035972171311801
31,12,2030,0,wind_onshore,0.07609048662643358
31,13,2030,0,wind_onshore,0.08535698606173557
31,14,2030,0,wind_onshore,0.09524774262705728
31,15,2030,0,wind_onshore,0.10812849128399483
31,16,2030,0,wind_onshore,0.12127477402310478
31,17,2030,0,wind_onshore,0.1333704585734846
31,18,2030,0,wind_onshore,0.14452435965909602
31,19,2030,0,wind_onshore,0.14765038619865165
31,20,2030,0,wind_onshore,0.14718931744818717
31,21,2030,0,wind_onshore,0.1449913441368154
31,22,2030,0,wind_onshore,0.1392163866563048
31,23,2030,0,wind_onshore,0.13164758502556093
31,24,2030,0,wind_onshore,0.1278422288144318
32,1,2030,0,demand,0.5282415356316035
32,2,2030,0,demand,0.5109176863164636
32,3,2030,0,demand,0.5044480312154648
32,4,2030,0,demand,0.49257620665581703
32,5,2030,0,demand,0.4871434856882977
32,6,2030,0,demand,0.4994106461406306
32,7,2030,0,demand,0.5283598007904369
32,8,2030,0,demand,0.5752154818032058
32,9,2030,0,demand,0.6143342344799159
32,10,2030,0,demand,0.6385391618091117
32,11,2030,0,demand,0.6397121966368136
32,12,2030,0,demand,0.639116037607669
32,13,2030,0,demand,0.6390307991253688
32,14,2030,0,demand,0.6245254546074713
32,15,2030,0,demand,0.606246513620383
32,16,2030,0,demand,0.5969522521768926
32,17,2030,0,demand,0.5963405280894079
32,18,2030,0,demand,0.6174066003815959
32,19,2030,0,demand,0.6437596012398368
32,20,2030,0,demand,0.6656252053514323
32,21,2030,0,demand,0.6720208927191365
32,22,2030,0,demand,0.6400588563785502
32,23,2030,0,demand,0.5920707595244641
32,24,2030,0,demand,0.5705079857305555
32,1,2030,0,solar,0.0
32,2,2030,0,solar,0.0
32,3,2030,0,solar,0.0
32,4,2030,0,solar,0.0
32,5,2030,0,solar,0.0
32,6,2030,0,solar,0.0
32,7,2030,0,solar,0.0
32,8,2030,0,solar,0.01092245540572065
32,9,2030,0,solar,0.1994091432276656
32,10,2030,0,solar,0.41274844502570784
32,11,2030,0,solar,0.5813955188188342
32,12,2030,0,solar,0.6907242729733936
32,13,2030,0,solar,0.7375376911273754
32,14,2030,0,solar,0.7081332609192311
32,15,2030,0,solar,0.6172665976932553
32,16,2030,0,solar,0.47450311873044904
32,17,2030,0,solar,0.2831081520705694
32,18,2030,0,solar,0.08419727003068755
32,19,2030,0,solar,2.408411404719761e-6
32,20,2030,0,solar,0.0
32,21,2030,0,solar,0.0
32,22,2030,0,solar,0.0
32,23,2030,0,solar,0.0
32,24,2030,0,solar,0.0
32,1,2030,0,wind_offshore,0.6894352219199799
32,2,2030,0,wind_offshore,0.6909282798164551
32,3,2030,0,wind_offshore,0.7059975609039989
32,4,2030,0,wind_offshore,0.7212932068007925
32,5,2030,0,wind_offshore,0.7248179433030877
32,6,2030,0,wind_offshore,0.6826989018733641
32,7,2030,0,wind_offshore,0.634364369459741
32,8,2030,0,wind_offshore,0.5771445297398936
32,9,2030,0,wind_offshore,0.488284189855902
32,10,2030,0,wind_offshore,0.38595678807975553
32,11,2030,0,wind_offshore,0.16948648412557554
32,12,2030,0,wind_offshore,0.09858580274680603
32,13,2030,0,wind_offshore,0.08008290766593903
32,14,2030,0,wind_offshore,0.08266136246835777
32,15,2030,0,wind_offshore,0.07215665566949919
32,16,2030,0,wind_offshore,0.05478965857834561
32,17,2030,0,wind_offshore,0.04858411456098065
32,18,2030,0,wind_offshore,0.04416463827454715
32,19,2030,0,wind_offshore,0.036271114827167404
32,20,2030,0,wind_offshore,0.03433399111815934
32,21,2030,0,wind_offshore,0.03565327563447506
32,22,2030,0,wind_offshore,0.03405108784736312
32,23,2030,0,wind_offshore,0.015520354727295082
32,24,2030,0,wind_offshore,0.021031349095011746
32,1,2030,0,wind_onshore,0.47446061793341465
32,2,2030,0,wind_onshore,0.47128314384833514
32,3,2030,0,wind_onshore,0.46118167805684357
32,4,2030,0,wind_onshore,0.4596247468288937
32,5,2030,0,wind_onshore,0.457375006215627
32,6,2030,0,wind_onshore,0.44068201120597084
32,7,2030,0,wind_onshore,0.4272020539357592
32,8,2030,0,wind_onshore,0.42169205071636
32,9,2030,0,wind_onshore,0.4034601056046052
32,10,2030,0,wind_onshore,0.4150843010521079
32,11,2030,0,wind_onshore,0.455859045678785
32,12,2030,0,wind_onshore,0.47766209327784953
32,13,2030,0,wind_onshore,0.47389018171339137
32,14,2030,0,wind_onshore,0.469756683032337
32,15,2030,0,wind_onshore,0.4712010595766013
32,16,2030,0,wind_onshore,0.46900441460939746
32,17,2030,0,wind_onshore,0.4439897453108517
32,18,2030,0,wind_onshore,0.412566272501719
32,19,2030,0,wind_onshore,0.3932204046639422
32,20,2030,0,wind_onshore,0.395135538630244
32,21,2030,0,wind_onshore,0.3981880957250819
32,22,2030,0,wind_onshore,0.3931466555849211
32,23,2030,0,wind_onshore,0.359549890287605
32,24,2030,0,wind_onshore,0.35716546382223435
33,1,2030,0,demand,0.5016390977711225
33,2,2030,0,demand,0.48910986906948944
33,3,2030,0,demand,0.47599786807534344
33,4,2030,0,demand,0.4591679223720898
33,5,2030,0,demand,0.45935738299792817
33,6,2030,0,demand,0.463057408366936
33,7,2030,0,demand,0.48351255802514553
33,8,2030,0,demand,0.5164261540327498
33,9,2030,0,demand,0.5493285545934536
33,10,2030,0,demand,0.5800318094445233
33,11,2030,0,demand,0.5954882289460605
33,12,2030,0,demand,0.6019631458191977
33,13,2030,0,demand,0.6023403924937364
33,14,2030,0,demand,0.5975248727821658
33,15,2030,0,demand,0.5815988310932484
33,16,2030,0,demand,0.5741898357859354
33,17,2030,0,demand,0.5731890726243061
33,18,2030,0,demand,0.5853417102519859
33,19,2030,0,demand,0.6116604832738202
33,20,2030,0,demand,0.6257674667341052
33,21,2030,0,demand,0.6286966013964055
33,22,2030,0,demand,0.6040211361033399
33,23,2030,0,demand,0.5606857929919357
33,24,2030,0,demand,0.5434846213230311
33,1,2030,0,solar,0.0
33,2,2030,0,solar,0.0
33,3,2030,0,solar,0.0
33,4,2030,0,solar,0.0
33,5,2030,0,solar,0.0
33,6,2030,0,solar,0.0
33,7,2030,0,solar,0.0
33,8,2030,0,solar,0.00014034417308376323
33,9,2030,0,solar,0.01803939088712377
33,10,2030,0,solar,0.07654172125577914
33,11,2030,0,solar,0.1420700345105547
33,12,2030,0,solar,0.19727559912796894
33,13,2030,0,solar,0.23098999876084592
33,14,2030,0,solar,0.22738881431476116
33,15,2030,0,solar,0.19393206450960104
33,16,2030,0,solar,0.13828309680092338
33,17,2030,0,solar,0.06956076630969567
33,18,2030,0,solar,0.010606386546317546
33,19,2030,0,solar,0.00011479345261665966
33,20,2030,0,solar,0.0
33,21,2030,0,solar,0.0
33,22,2030,0,solar,0.0
33,23,2030,0,solar,0.0
33,24,2030,0,solar,0.0
33,1,2030,0,wind_offshore,0.9132254681257159
33,2,2030,0,wind_offshore,0.9296025542428602
33,3,2030,0,wind_offshore,0.9528960721804822
33,4,2030,0,wind_offshore,0.9599908667041653
33,5,2030,0,wind_offshore,0.9376643188935574
33,6,2030,0,wind_offshore,0.8944225020736247
33,7,2030,0,wind_offshore,0.8641121260002811
33,8,2030,0,wind_offshore,0.8526406343729966
33,9,2030,0,wind_offshore,0.8823014802470673
33,10,2030,0,wind_offshore,0.9064231256649317
33,11,2030,0,wind_offshore,0.9235472357617956
33,12,2030,0,wind_offshore,0.9219848938409037
33,13,2030,0,wind_offshore,0.8848102857364311
33,14,2030,0,wind_offshore,0.8824038214549423
33,15,2030,0,wind_offshore,0.8603248165539142
33,16,2030,0,wind_offshore,0.848691516904252
33,17,2030,0,wind_offshore,0.8653252922146795
33,18,2030,0,wind_offshore,0.8768944881853951
33,19,2030,0,wind_offshore,0.8962220017688793
33,20,2030,0,wind_offshore,0.8972426575397823
33,21,2030,0,wind_offshore,0.9118264683230928
33,22,2030,0,wind_offshore,0.9084141320966523
33,23,2030,0,wind_offshore,0.898966463497844
33,24,2030,0,wind_offshore,0.9061145538825937
33,1,2030,0,wind_onshore,0.7021916773367664
33,2,2030,0,wind_onshore,0.7100789106987457
33,3,2030,0,wind_onshore,0.7148193529279709
33,4,2030,0,wind_onshore,0.7129338901149589
33,5,2030,0,wind_onshore,0.7077511508213851
33,6,2030,0,wind_onshore,0.6995257797428649
33,7,2030,0,wind_onshore,0.6873834775801086
33,8,2030,0,wind_onshore,0.6763109873272445
33,9,2030,0,wind_onshore,0.6646157387195446
33,10,2030,0,wind_onshore,0.667115765363308
33,11,2030,0,wind_onshore,0.667160291636096
33,12,2030,0,wind_onshore,0.6797832181705507
33,13,2030,0,wind_onshore,0.6985763995991413
33,14,2030,0,wind_onshore,0.7209794718507342
33,15,2030,0,wind_onshore,0.7300982299212356
33,16,2030,0,wind_onshore,0.717945531206459
33,17,2030,0,wind_onshore,0.7108862557864972
33,18,2030,0,wind_onshore,0.6915043298150482
33,19,2030,0,wind_onshore,0.6810408039375797
33,20,2030,0,wind_onshore,0.6783931910334248
33,21,2030,0,wind_onshore,0.6829634586789892
33,22,2030,0,wind_onshore,0.6814722654269939
33,23,2030,0,wind_onshore,0.6744693389671038
33,24,2030,0,wind_onshore,0.6787312150325034
34,1,2030,0,demand,0.4898549278574634
34,2,2030,0,demand,0.4828541242643542
34,3,2030,0,demand,0.47606125445250225
34,4,2030,0,demand,0.46860652261781977
34,5,2030,0,demand,0.47835393935817877
34,6,2030,0,demand,0.5000111630941404
34,7,2030,0,demand,0.5303350895334485
34,8,2030,0,demand,0.56454008447385
34,9,2030,0,demand,0.5877518864609942
34,10,2030,0,demand,0.6006860524398839
34,11,2030,0,demand,0.6068670890428141
34,12,2030,0,demand,0.6065815099939958
34,13,2030,0,demand,0.6017200606221448
34,14,2030,0,demand,0.5915713113461605
34,15,2030,0,demand,0.5878469681841135
34,16,2030,0,demand,0.5854476291289592
34,17,2030,0,demand,0.5863028681851383
34,18,2030,0,demand,0.5919568645624562
34,19,2030,0,demand,0.6083171843203264
34,20,2030,0,demand,0.6161509277506216
34,21,2030,0,demand,0.6090196442407526
34,22,2030,0,demand,0.5742407734231999
34,23,2030,0,demand,0.5348582458388084
34,24,2030,0,demand,0.5254987488806733
34,1,2030,0,solar,0.0
34,2,2030,0,solar,0.0
34,3,2030,0,solar,0.0
34,4,2030,0,solar,0.0
34,5,2030,0,solar,0.0
34,6,2030,0,solar,0.0
34,7,2030,0,solar,0.0021706258946338876
34,8,2030,0,solar,0.06333464671839907
34,9,2030,0,solar,0.22254641282111096
34,10,2030,0,solar,0.3971238198270685
34,11,2030,0,solar,0.5199260903495825
34,12,2030,0,solar,0.6005431340376344
34,13,2030,0,solar,0.6266000831534219
34,14,2030,0,solar,0.6035536992159157
34,15,2030,0,solar,0.5266643828153205
34,16,2030,0,solar,0.4128689252396817
34,17,2030,0,solar,0.2647196486160876
34,18,2030,0,solar,0.10557898650727787
34,19,2030,0,solar,0.010463701373427966
34,20,2030,0,solar,2.6603156314128022e-5
34,21,2030,0,solar,0.0
34,22,2030,0,solar,0.0
34,23,2030,0,solar,0.0
34,24,2030,0,solar,0.0
34,1,2030,0,wind_offshore,0.08251251751857937
34,2,2030,0,wind_offshore,0.07906805346338286
34,3,2030,0,wind_offshore,0.07155189180683963
34,4,2030,0,wind_offshore,0.07069786758693476
34,5,2030,0,wind_offshore,0.07520525304576267
34,6,2030,0,wind_offshore,0.07386520760943177
34,7,2030,0,wind_offshore,0.08200855641133441
34,8,2030,0,wind_offshore,0.09262569190441626
34,9,2030,0,wind_offshore,0.12192955785528302
34,10,2030,0,wind_offshore,0.172555212933767
34,11,2030,0,wind_offshore,0.2092051703621175
34,12,2030,0,wind_offshore,0.261762845874749
34,13,2030,0,wind_offshore,0.3173745380813687
34,14,2030,0,wind_offshore,0.3727238383046991
34,15,2030,0,wind_offshore,0.4182191939577737
34,16,2030,0,wind_offshore,0.4705574724095405
34,17,2030,0,wind_offshore,0.52293470716834
34,18,2030,0,wind_offshore,0.571035768804454
34,19,2030,0,wind_offshore,0.6183811392233202
34,20,2030,0,wind_offshore,0.6437539934702174
34,21,2030,0,wind_offshore,0.6468351818735916
34,22,2030,0,wind_offshore,0.629567720549407
34,23,2030,0,wind_offshore,0.5898374324320292
34,24,2030,0,wind_offshore,0.610535567308519
34,1,2030,0,wind_onshore,0.12284314791056412
34,2,2030,0,wind_onshore,0.11612049474603536
34,3,2030,0,wind_onshore,0.10903292028428585
34,4,2030,0,wind_onshore,0.104500110821917
34,5,2030,0,wind_onshore,0.0995328573358897
34,6,2030,0,wind_onshore,0.0958781998360616
34,7,2030,0,wind_onshore,0.09324398843891595
34,8,2030,0,wind_onshore,0.09011185916755517
34,9,2030,0,wind_onshore,0.07918942131363693
34,10,2030,0,wind_onshore,0.07269561204792678
34,11,2030,0,wind_onshore,0.07103809650750195
34,12,2030,0,wind_onshore,0.07938129800376886
34,13,2030,0,wind_onshore,0.0909281018343832
34,14,2030,0,wind_onshore,0.10376259839078243
34,15,2030,0,wind_onshore,0.11504343559667658
34,16,2030,0,wind_onshore,0.12077304402243406
34,17,2030,0,wind_onshore,0.12477141333137998
34,18,2030,0,wind_onshore,0.12381610244777363
34,19,2030,0,wind_onshore,0.1325195269278944
34,20,2030,0,wind_onshore,0.14461404756912277
34,21,2030,0,wind_onshore,0.15105087562671307
34,22,2030,0,wind_onshore,0.1505028916803833
34,23,2030,0,wind_onshore,0.14849768450917267
34,24,2030,0,wind_onshore,0.14742119149115773
35,1,2030,0,demand,0.4921037407751404
35,2,2030,0,demand,0.4771810907851044
35,3,2030,0,demand,0.47177155845731683
35,4,2030,0,demand,0.45990182911556127
35,5,2030,0,demand,0.4653781308503353
35,6,2030,0,demand,0.4840493573272938
35,7,2030,0,demand,0.5176029024963522
35,8,2030,0,demand,0.5610620929841468
35,9,2030,0,demand,0.5885613133315282
35,10,2030,0,demand,0.6148525664284836
35,11,2030,0,demand,0.6269383919118641
35,12,2030,0,demand,0.6255220985575727
35,13,2030,0,demand,0.6208123775937774
35,14,2030,0,demand,0.6059560590763586
35,15,2030,0,demand,0.5896163910086079
35,16,2030,0,demand,0.586209795796998
35,17,2030,0,demand,0.581017512733883
35,18,2030,0,demand,0.5952999145875757
35,19,2030,0,demand,0.6224934131425515
35,20,2030,0,demand,0.6324119717497919
35,21,2030,0,demand,0.6307146110905519
35,22,2030,0,demand,0.5991859456576851
35,23,2030,0,demand,0.5529539873826874
35,24,2030,0,demand,0.5314841758004686
35,1,2030,0,solar,0.0
35,2,2030,0,solar,0.0
35,3,2030,0,solar,0.0
35,4,2030,0,solar,0.0
35,5,2030,0,solar,0.0
35,6,2030,0,solar,0.0
35,7,2030,0,solar,0.0
35,8,2030,0,solar,0.0
35,9,2030,0,solar,0.05818625820343663
35,10,2030,0,solar,0.16203146995144738
35,11,2030,0,solar,0.2656975846095653
35,12,2030,0,solar,0.34588895016274335
35,13,2030,0,solar,0.3660393072000655
35,14,2030,0,solar,0.33741310928477036
35,15,2030,0,solar,0.28577881531052224
35,16,2030,0,solar,0.2024537507267469
35,17,2030,0,solar,0.09343639066471317
35,18,2030,0,solar,0.00557424895240541
35,19,2030,0,solar,0.0
35,20,2030,0,solar,0.0
35,21,2030,0,solar,0.0
35,22,2030,0,solar,0.0
35,23,2030,0,solar,0.0
35,24,2030,0,solar,0.0
35,1,2030,0,wind_offshore,0.9113323267634127
35,2,2030,0,wind_offshore,0.9163062507110472
35,3,2030,0,wind_offshore,0.92022485260902
35,4,2030,0,wind_offshore,0.9167536410826007
35,5,2030,0,wind_offshore,0.9118335439601826
35,6,2030,0,wind_offshore,0.8818190148199729
35,7,2030,0,wind_offshore,0.8478765091545845
35,8,2030,0,wind_offshore,0.8069311928083127
35,9,2030,0,wind_offshore,0.7431894355091098
35,10,2030,0,wind_offshore,0.6615125221554283
35,11,2030,0,wind_offshore,0.5053125185637573
35,12,2030,0,wind_offshore,0.37879674442687983
35,13,2030,0,wind_offshore,0.2673260044462435
35,14,2030,0,wind_offshore,0.22766985124772182
35,15,2030,0,wind_offshore,0.17717476941351484
35,16,2030,0,wind_offshore,0.1196446699728887
35,17,2030,0,wind_offshore,0.09596993423047447
35,18,2030,0,wind_offshore,0.06916321812767351
35,19,2030,0,wind_offshore,0.0488073885020693
35,20,2030,0,wind_offshore,0.052267760412969
35,21,2030,0,wind_offshore,0.06723058123828182
35,22,2030,0,wind_offshore,0.0970204643672676
35,23,2030,0,wind_offshore,0.13244008345297661
35,24,2030,0,wind_offshore,0.12760804611985554
35,1,2030,0,wind_onshore,0.4561370455656502
35,2,2030,0,wind_onshore,0.47091742270459314
35,3,2030,0,wind_onshore,0.47639057989954614
35,4,2030,0,wind_onshore,0.4822593649973609
35,5,2030,0,wind_onshore,0.49265978410568606
35,6,2030,0,wind_onshore,0.4949261641381473
35,7,2030,0,wind_onshore,0.4927474335842478
35,8,2030,0,wind_onshore,0.48482039346101646
35,9,2030,0,wind_onshore,0.47592482321340096
35,10,2030,0,wind_onshore,0.4682217440965847
35,11,2030,0,wind_onshore,0.4765564094817392
35,12,2030,0,wind_onshore,0.4993401549653479
35,13,2030,0,wind_onshore,0.511917571400314
35,14,2030,0,wind_onshore,0.5143007981530481
35,15,2030,0,wind_onshore,0.5135889497731669
35,16,2030,0,wind_onshore,0.49311359966951307
35,17,2030,0,wind_onshore,0.4443856612876648
35,18,2030,0,wind_onshore,0.3995685395965032
35,19,2030,0,wind_onshore,0.37427807026235627
35,20,2030,0,wind_onshore,0.3547272092210636
35,21,2030,0,wind_onshore,0.33591778857184734
35,22,2030,0,wind_onshore,0.3137980320815663
35,23,2030,0,wind_onshore,0.28758402529152316
35,24,2030,0,wind_onshore,0.2746180191523237
36,1,2030,0,demand,0.5320491605624572
36,2,2030,0,demand,0.5071101127611024
36,3,2030,0,demand,0.4983552480781675
36,4,2030,0,demand,0.49015442063486436
36,5,2030,0,demand,0.48071047984048315
36,6,2030,0,demand,0.4785734435718852
36,7,2030,0,demand,0.4851395560386151
36,8,2030,0,demand,0.5194495464288882
36,9,2030,0,demand,0.5657656257963009
36,10,2030,0,demand,0.6090090166136382
36,11,2030,0,demand,0.6298414991523351
36,12,2030,0,demand,0.6279071216896623
36,13,2030,0,demand,0.6323614358346338
36,14,2030,0,demand,0.6317173910749062
36,15,2030,0,demand,0.6193246174566749
36,16,2030,0,demand,0.6075582579769075
36,17,2030,0,demand,0.6017395426738852
36,18,2030,0,demand,0.6158154833348471
36,19,2030,0,demand,0.6421847685989854
36,20,2030,0,demand,0.6616315163606937
36,21,2030,0,demand,0.6862396964096639
36,22,2030,0,demand,0.6565633551899961
36,23,2030,0,demand,0.6207457004446941
36,24,2030,0,demand,0.5976446742228344
36,1,2030,0,solar,0.0
36,2,2030,0,solar,0.0
36,3,2030,0,solar,0.0
36,4,2030,0,solar,0.0
36,5,2030,0,solar,0.0
36,6,2030,0,solar,0.0
36,7,2030,0,solar,0.0
36,8,2030,0,solar,0.025385535562912474
36,9,2030,0,solar,0.15893995350119586
36,10,2030,0,solar,0.31783879107759355
36,11,2030,0,solar,0.43472925006368546
36,12,2030,0,solar,0.49563845125166917
36,13,2030,0,solar,0.4977530747592422
36,14,2030,0,solar,0.4559736312217515
36,15,2030,0,solar,0.39297057230590643
36,16,2030,0,solar,0.2999937910285758
36,17,2030,0,solar,0.191284523017225
36,18,2030,0,solar,0.09021157847921225
36,19,2030,0,solar,0.004364605186322654
36,20,2030,0,solar,0.0
36,21,2030,0,solar,0.0
36,22,2030,0,solar,0.0
36,23,2030,0,solar,0.0
36,24,2030,0,solar,0.0
36,1,2030,0,wind_offshore,0.9365001772567098
36,2,2030,0,wind_offshore,0.9553434523933423
36,3,2030,0,wind_offshore,0.9555601203058044
36,4,2030,0,wind_offshore,0.97833113867946
36,5,2030,0,wind_offshore,0.984200987363276
36,6,2030,0,wind_offshore,0.9709787099291429
36,7,2030,0,wind_offshore,0.9786446244713108
36,8,2030,0,wind_offshore,0.9539748399870616
36,9,2030,0,wind_offshore,0.8983885088606044
36,10,2030,0,wind_offshore,0.8341180674616013
36,11,2030,0,wind_offshore,0.8466334376567686
36,12,2030,0,wind_offshore,0.7887675249787273
36,13,2030,0,wind_offshore,0.760698391808101
36,14,2030,0,wind_offshore,0.6851208125877578
36,15,2030,0,wind_offshore,0.5364828202029513
36,16,2030,0,wind_offshore,0.3381324340969492
36,17,2030,0,wind_offshore,0.18520709703024688
36,18,2030,0,wind_offshore,0.10747516982263779
36,19,2030,0,wind_offshore,0.05275871819218966
36,20,2030,0,wind_offshore,0.021021195694990003
36,21,2030,0,wind_offshore,0.006125745095512488
36,22,2030,0,wind_offshore,0.000520751930330053
36,23,2030,0,wind_offshore,0.00013660812519095236
36,24,2030,0,wind_offshore,0.005808858050894375
36,1,2030,0,wind_onshore,0.558033851019339
36,2,2030,0,wind_onshore,0.5393184061694622
36,3,2030,0,wind_onshore,0.5371702766923458
36,4,2030,0,wind_onshore,0.5352085959037359
36,5,2030,0,wind_onshore,0.5239567960219598
36,6,2030,0,wind_onshore,0.5162628530081955
36,7,2030,0,wind_onshore,0.5143614724519647
36,8,2030,0,wind_onshore,0.5092971612127658
36,9,2030,0,wind_onshore,0.49741195016017736
36,10,2030,0,wind_onshore,0.46158125600827865
36,11,2030,0,wind_onshore,0.46176634550557477
36,12,2030,0,wind_onshore,0.5312063602677307
36,13,2030,0,wind_onshore,0.6064155813057134
36,14,2030,0,wind_onshore,0.6467747602112406
36,15,2030,0,wind_onshore,0.6567700849653995
36,16,2030,0,wind_onshore,0.6333315581738107
36,17,2030,0,wind_onshore,0.6055091685835086
36,18,2030,0,wind_onshore,0.5692755975650934
36,19,2030,0,wind_onshore,0.5332729558329871
36,20,2030,0,wind_onshore,0.5332195752065298
36,21,2030,0,wind_onshore,0.5446835997308656
36,22,2030,0,wind_onshore,0.5416721742923826
36,23,2030,0,wind_onshore,0.5013670284715142
36,24,2030,0,wind_onshore,0.5253185625666517
37,1,2030,0,demand,0.47729800298473013
37,2,2030,0,demand,0.4710503394234658
37,3,2030,0,demand,0.4632419806054449
37,4,2030,0,demand,0.46168471863110927
37,5,2030,0,demand,0.470820802848505
37,6,2030,0,demand,0.4925690986344196
37,7,2030,0,demand,0.5273561665460719
37,8,2030,0,demand,0.5557085582483355
37,9,2030,0,demand,0.5766567369579301
37,10,2030,0,demand,0.5915661508530304
37,11,2030,0,demand,0.6070459437601932
37,12,2030,0,demand,0.6088467470137804
37,13,2030,0,demand,0.6026878976620985
37,14,2030,0,demand,0.5946407066130817
37,15,2030,0,demand,0.5880673501331032
37,16,2030,0,demand,0.5865701196263884
37,17,2030,0,demand,0.5854023555451113
37,18,2030,0,demand,0.5932077621748431
37,19,2030,0,demand,0.6124738331158595
37,20,2030,0,demand,0.6194804360588776
37,21,2030,0,demand,0.6104736286974861
37,22,2030,0,demand,0.5702853710478445
37,23,2030,0,demand,0.5230884006837521
37,24,2030,0,demand,0.5135313293649553
37,1,2030,0,solar,0.0
37,2,2030,0,solar,0.0
37,3,2030,0,solar,0.0
37,4,2030,0,solar,0.0
37,5,2030,0,solar,0.0
37,6,2030,0,solar,0.0
37,7,2030,0,solar,0.0003816030457993985
37,8,2030,0,solar,0.05599853663883886
37,9,2030,0,solar,0.2255707892516625
37,10,2030,0,solar,0.414259228643548
37,11,2030,0,solar,0.5457894275864934
37,12,2030,0,solar,0.6303727922414148
37,13,2030,0,solar,0.6574561883961523
37,14,2030,0,solar,0.6283594011177018
37,15,2030,0,solar,0.5540426740611728
37,16,2030,0,solar,0.4351034012622418
37,17,2030,0,solar,0.2691647705165802
37,18,2030,0,solar,0.09564364871343074
37,19,2030,0,solar,0.004313493296448309
37,20,2030,0,solar,0.0
37,21,2030,0,solar,0.0
37,22,2030,0,solar,0.0
37,23,2030,0,solar,0.0
37,24,2030,0,solar,0.0
37,1,2030,0,wind_offshore,0.6445785494188556
37,2,2030,0,wind_offshore,0.5760989692358593
37,3,2030,0,wind_offshore,0.5056731323446175
37,4,2030,0,wind_offshore,0.43174904329444413
37,5,2030,0,wind_offshore,0.35240938025826163
37,6,2030,0,wind_offshore,0.2736645928525113
37,7,2030,0,wind_offshore,0.18193020244697938
37,8,2030,0,wind_offshore,0.1158968973311751
37,9,2030,0,wind_offshore,0.08035809388396292
37,10,2030,0,wind_offshore,0.11670869654537398
37,11,2030,0,wind_offshore,0.22246050722433394
37,12,2030,0,wind_offshore,0.45007010929635427
37,13,2030,0,wind_offshore,0.6291465228777349
37,14,2030,0,wind_offshore,0.7115608491341672
37,15,2030,0,wind_offshore,0.7509322785611493
37,16,2030,0,wind_offshore,0.7885620769913371
37,17,2030,0,wind_offshore,0.7749481634370438
37,18,2030,0,wind_offshore,0.7455920986336334
37,19,2030,0,wind_offshore,0.7063184618177445
37,20,2030,0,wind_offshore,0.6783633027827376
37,21,2030,0,wind_offshore,0.6672960125787286
37,22,2030,0,wind_offshore,0.662570141883748
37,23,2030,0,wind_offshore,0.6276472390395189
37,24,2030,0,wind_offshore,0.601499262523554
37,1,2030,0,wind_onshore,0.3892243029593344
37,2,2030,0,wind_onshore,0.3750570916796472
37,3,2030,0,wind_onshore,0.3492964667701174
37,4,2030,0,wind_onshore,0.3296491951131648
37,5,2030,0,wind_onshore,0.30424350603814615
37,6,2030,0,wind_onshore,0.2792450581144748
37,7,2030,0,wind_onshore,0.2586804984037322
37,8,2030,0,wind_onshore,0.2413384625906511
37,9,2030,0,wind_onshore,0.21478709428147325
37,10,2030,0,wind_onshore,0.2175422950120992
37,11,2030,0,wind_onshore,0.2361325573884564
37,12,2030,0,wind_onshore,0.24813519443145174
37,13,2030,0,wind_onshore,0.25537062487472395
37,14,2030,0,wind_onshore,0.2694089165358694
37,15,2030,0,wind_onshore,0.2794366751571433
37,16,2030,0,wind_onshore,0.2764727315663664
37,17,2030,0,wind_onshore,0.25905532214330007
37,18,2030,0,wind_onshore,0.22712086686648908
37,19,2030,0,wind_onshore,0.19309133127034486
37,20,2030,0,wind_onshore,0.17519136437738606
37,21,2030,0,wind_onshore,0.1527071100594521
37,22,2030,0,wind_onshore,0.1312188333609628
37,23,2030,0,wind_onshore,0.11993618064376518
37,24,2030,0,wind_onshore,0.10494100467325054
38,1,2030,0,demand,0.5010809985515177
38,2,2030,0,demand,0.485488644618827
38,3,2030,0,demand,0.46922829250362436
38,4,2030,0,demand,0.45853098184097185
38,5,2030,0,demand,0.4525527473865976
38,6,2030,0,demand,0.4478902345299419
38,7,2030,0,demand,0.460213627899304
38,8,2030,0,demand,0.48802278660683013
38,9,2030,0,demand,0.517403029714043
38,10,2030,0,demand,0.5457416674810105
38,11,2030,0,demand,0.5610111230581648
38,12,2030,0,demand,0.5644672139448784
38,13,2030,0,demand,0.5643254047820725
38,14,2030,0,demand,0.5575275879195474
38,15,2030,0,demand,0.5395047663131557
38,16,2030,0,demand,0.5313297726713515
38,17,2030,0,demand,0.5277766284479843
38,18,2030,0,demand,0.5484273670575226
38,19,2030,0,demand,0.5744000389693088
38,20,2030,0,demand,0.5916718147726416
38,21,2030,0,demand,0.6011955458382959
38,22,2030,0,demand,0.5817379635142326
38,23,2030,0,demand,0.5450092724604161
38,24,2030,0,demand,0.5242907995046915
38,1,2030,0,solar,0.0
38,2,2030,0,solar,0.0
38,3,2030,0,solar,0.0
38,4,2030,0,solar,0.0
38,5,2030,0,solar,0.0
38,6,2030,0,solar,0.0
38,7,2030,0,solar,0.0
38,8,2030,0,solar,0.0029133812190131033
38,9,2030,0,solar,0.07063925758763039
38,10,2030,0,solar,0.1695165558556561
38,11,2030,0,solar,0.25478340529794974
38,12,2030,0,solar,0.31883892393166874
38,13,2030,0,solar,0.33975742979720336
38,14,2030,0,solar,0.3197971959509606
38,15,2030,0,solar,0.26423594225477764
38,16,2030,0,solar,0.1838555002783094
38,17,2030,0,solar,0.08876499763266921
38,18,2030,0,solar,0.007324482543494886
38,19,2030,0,solar,0.0
38,20,2030,0,solar,0.0
38,21,2030,0,solar,0.0
38,22,2030,0,solar,0.0
38,23,2030,0,solar,0.0
38,24,2030,0,solar,0.0
38,1,2030,0,wind_offshore,0.05897184134031887
38,2,2030,0,wind_offshore,0.06024267289704751
38,3,2030,0,wind_offshore,0.07263722794397981
38,4,2030,0,wind_offshore,0.07614011048286115
38,5,2030,0,wind_offshore,0.08485318535330082
38,6,2030,0,wind_offshore,0.10805172878929199
38,7,2030,0,wind_offshore,0.14860208888625936
38,8,2030,0,wind_offshore,0.20508575683205402
38,9,2030,0,wind_offshore,0.26047282900159907
38,10,2030,0,wind_offshore,0.3191880881038992
38,11,2030,0,wind_offshore,0.3101258876824147
38,12,2030,0,wind_offshore,0.3390334177955434
38,13,2030,0,wind_offshore,0.4092761913068008
38,14,2030,0,wind_offshore,0.47997386742801734
38,15,2030,0,wind_offshore,0.5329736384432009
38,16,2030,0,wind_offshore,0.6224223467388648
38,17,2030,0,wind_offshore,0.682966698432492
38,18,2030,0,wind_offshore,0.7217111618937425
38,19,2030,0,wind_offshore,0.7753460705078805
38,20,2030,0,wind_offshore,0.8258846668435519
38,21,2030,0,wind_offshore,0.8747425840843823
38,22,2030,0,wind_offshore,0.872002555754406
38,23,2030,0,wind_offshore,0.8060740253811968
38,24,2030,0,wind_offshore,0.8259540016919342
38,1,2030,0,wind_onshore,0.3255028707070533
38,2,2030,0,wind_onshore,0.32695708916742017
38,3,2030,0,wind_onshore,0.32747991623505274
38,4,2030,0,wind_onshore,0.31973467018553514
38,5,2030,0,wind_onshore,0.31734891297660167
38,6,2030,0,wind_onshore,0.3130514937132483
38,7,2030,0,wind_onshore,0.30321450957474877
38,8,2030,0,wind_onshore,0.2975810065397334
38,9,2030,0,wind_onshore,0.2941057322988591
38,10,2030,0,wind_onshore,0.29585007381362344
38,11,2030,0,wind_onshore,0.3186177923828983
38,12,2030,0,wind_onshore,0.35198866838101656
38,13,2030,0,wind_onshore,0.38742004816189735
38,14,2030,0,wind_onshore,0.4088263495048297
38,15,2030,0,wind_onshore,0.40616206092885926
38,16,2030,0,wind_onshore,0.38255857848667363
38,17,2030,0,wind_onshore,0.3553163502155754
38,18,2030,0,wind_onshore,0.3366295808133435
38,19,2030,0,wind_onshore,0.326966615117779
38,20,2030,0,wind_onshore,0.3205834004526753
38,21,2030,0,wind_onshore,0.31888903870757174
38,22,2030,0,wind_onshore,0.31661428692919624
38,23,2030,0,wind_onshore,0.2932641206511285
38,24,2030,0,wind_onshore,0.2939022953262654
39,1,2030,0,demand,0.5020690341914905
39,2,2030,0,demand,0.49392649501942487
39,3,2030,0,demand,0.4856615144275921
39,4,2030,0,demand,0.47892000912794214
39,5,2030,0,demand,0.48741666440335357
39,6,2030,0,demand,0.5049751989745632
39,7,2030,0,demand,0.5299605424901856
39,8,2030,0,demand,0.563813828563645
39,9,2030,0,demand,0.5996719292781652
39,10,2030,0,demand,0.6234496181916873
39,11,2030,0,demand,0.6377328769377059
39,12,2030,0,demand,0.6447854819141075
39,13,2030,0,demand,0.6393891731319806
39,14,2030,0,demand,0.6283689777431695
39,15,2030,0,demand,0.6201447023642642
39,16,2030,0,demand,0.6138702590662239
39,17,2030,0,demand,0.6131289732489762
39,18,2030,0,demand,0.6149768451973872
39,19,2030,0,demand,0.6232624090430132
39,20,2030,0,demand,0.6359263984182872
39,21,2030,0,demand,0.6290064766157656
39,22,2030,0,demand,0.59135552443545
39,23,2030,0,demand,0.549603897365744
39,24,2030,0,demand,0.540439972309189
39,1,2030,0,solar,0.0
39,2,2030,0,solar,0.0
39,3,2030,0,solar,0.0
39,4,2030,0,solar,0.0
39,5,2030,0,solar,0.0
39,6,2030,0,solar,0.00016369077258933195
39,7,2030,0,solar,0.015419044578312351
39,8,2030,0,solar,0.10585386779017368
39,9,2030,0,solar,0.27422264243729194
39,10,2030,0,solar,0.44211412050540355
39,11,2030,0,solar,0.5621345763131064
39,12,2030,0,solar,0.6462367224066197
39,13,2030,0,solar,0.6769352650457828
39,14,2030,0,solar,0.6647064839448069
39,15,2030,0,solar,0.6050662953806115
39,16,2030,0,solar,0.5016934485365022
39,17,2030,0,solar,0.353988973089655
39,18,2030,0,solar,0.18444761896653605
39,19,2030,0,solar,0.0460287930465878
39,20,2030,0,solar,0.0028406230223105146
39,21,2030,0,solar,0.0
39,22,2030,0,solar,0.0
39,23,2030,0,solar,0.0
39,24,2030,0,solar,0.0
39,1,2030,0,wind_offshore,0.9266026908247994
39,2,2030,0,wind_offshore,0.9165970930013517
39,3,2030,0,wind_offshore,0.9143970813513203
39,4,2030,0,wind_offshore,0.9103426686730788
39,5,2030,0,wind_offshore,0.9097348468767927
39,6,2030,0,wind_offshore,0.9151763208129374
39,7,2030,0,wind_offshore,0.9128903860505858
39,8,2030,0,wind_offshore,0.9199918889084683
39,9,2030,0,wind_offshore,0.9303638968595722
39,10,2030,0,wind_offshore,0.9413067628935652
39,11,2030,0,wind_offshore,0.9519308418744502
39,12,2030,0,wind_offshore,0.9494142255495395
39,13,2030,0,wind_offshore,0.9460085833105669
39,14,2030,0,wind_offshore,0.945722009095331
39,15,2030,0,wind_offshore,0.946285029224395
39,16,2030,0,wind_offshore,0.9454137907889717
39,17,2030,0,wind_offshore,0.9419112496054679
39,18,2030,0,wind_offshore,0.9428508702328412
39,19,2030,0,wind_offshore,0.9412680277871627
39,20,2030,0,wind_offshore,0.942286908128561
39,21,2030,0,wind_offshore,0.9328000390381846
39,22,2030,0,wind_offshore,0.922954443987253
39,23,2030,0,wind_offshore,0.9111574626266249
39,24,2030,0,wind_offshore,0.893010569459534
39,1,2030,0,wind_onshore,0.3446860796050305
39,2,2030,0,wind_onshore,0.3317807780316823
39,3,2030,0,wind_onshore,0.3180476653289681
39,4,2030,0,wind_onshore,0.30397255871255496
39,5,2030,0,wind_onshore,0.2904314879030043
39,6,2030,0,wind_onshore,0.2772909750565051
39,7,2030,0,wind_onshore,0.2659534239232382
39,8,2030,0,wind_onshore,0.2528172839835709
39,9,2030,0,wind_onshore,0.238987519232714
39,10,2030,0,wind_onshore,0.23862290870999597
39,11,2030,0,wind_onshore,0.22442768583237802
39,12,2030,0,wind_onshore,0.2233115600149512
39,13,2030,0,wind_onshore,0.22598955881583252
39,14,2030,0,wind_onshore,0.23153350203957335
39,15,2030,0,wind_onshore,0.24270566327524698
39,16,2030,0,wind_onshore,0.2646696467516975
39,17,2030,0,wind_onshore,0.2890739276555963
39,18,2030,0,wind_onshore,0.3146520453922426
39,19,2030,0,wind_onshore,0.34007289464271606
39,20,2030,0,wind_onshore,0.3646094701323258
39,21,2030,0,wind_onshore,0.37270526311441193
39,22,2030,0,wind_onshore,0.36219182517315585
39,23,2030,0,wind_onshore,0.332341169966229
39,24,2030,0,wind_onshore,0.31958045479362157
40,1,2030,0,demand,0.49654591259487174
40,2,2030,0,demand,0.48356519753512384
40,3,2030,0,demand,0.47545679467569074
40,4,2030,0,demand,0.4694187100047989
40,5,2030,0,demand,0.477270592809273
40,6,2030,0,demand,0.4972885197090989
40,7,2030,0,demand,0.5316766563276258
40,8,2030,0,demand,0.5710592419864152
40,9,2030,0,demand,0.6023467189017625
40,10,2030,0,demand,0.6241310917996945
40,11,2030,0,demand,0.6296794710008614
40,12,2030,0,demand,0.6332326214976844
40,13,2030,0,demand,0.6318688303536122
40,14,2030,0,demand,0.6262912307042126
40,15,2030,0,demand,0.616404453946827
40,16,2030,0,demand,0.6118631211341914
40,17,2030,0,demand,0.6116650855192326
40,18,2030,0,demand,0.6242546103197377
40,19,2030,0,demand,0.6467880248876686
40,20,2030,0,demand,0.6593402003555437
40,21,2030,0,demand,0.6548633830369868
40,22,2030,0,demand,0.6215458072180804
40,23,2030,0,demand,0.5699312336340145
40,24,2030,0,demand,0.5581510173130058
40,1,2030,0,solar,0.0
40,2,2030,0,solar,0.0
40,3,2030,0,solar,0.0
40,4,2030,0,solar,0.0
40,5,2030,0,solar,0.0
40,6,2030,0,solar,0.0
40,7,2030,0,solar,0.0
40,8,2030,0,solar,0.0070768298409825455
40,9,2030,0,solar,0.07246744789098133
40,10,2030,0,solar,0.17264936037676543
40,11,2030,0,solar,0.2543258892802307
40,12,2030,0,solar,0.30102897026013037
40,13,2030,0,solar,0.3139052732906729
40,14,2030,0,solar,0.29191634249187576
40,15,2030,0,solar,0.23811572894406333
40,16,2030,0,solar,0.15807286163938497
40,17,2030,0,solar,0.070183678045561
40,18,2030,0,solar,0.004315805364722739
40,19,2030,0,solar,0.0
40,20,2030,0,solar,0.0
40,21,2030,0,solar,0.0
40,22,2030,0,solar,0.0
40,23,2030,0,solar,0.0
40,24,2030,0,solar,0.0
40,1,2030,0,wind_offshore,0.5693647272837525
40,2,2030,0,wind_offshore,0.5288012720816725
40,3,2030,0,wind_offshore,0.49097617363981805
40,4,2030,0,wind_offshore,0.4701395125151648
40,5,2030,0,wind_offshore,0.42430865746842616
40,6,2030,0,wind_offshore,0.3713132253633531
40,7,2030,0,wind_offshore,0.33381544242676886
40,8,2030,0,wind_offshore,0.28845572624370963
40,9,2030,0,wind_offshore,0.2491084780841876
40,10,2030,0,wind_offshore,0.21379596262650696
40,11,2030,0,wind_offshore,0.18838661367277654
40,12,2030,0,wind_offshore,0.1565729887092451
40,13,2030,0,wind_offshore,0.14237057025935843
40,14,2030,0,wind_offshore,0.13328799806125757
40,15,2030,0,wind_offshore,0.10638382697361141
40,16,2030,0,wind_offshore,0.08394006928641895
40,17,2030,0,wind_offshore,0.06634345230791391
40,18,2030,0,wind_offshore,0.05291150421037233
40,19,2030,0,wind_offshore,0.062328512115169696
40,20,2030,0,wind_offshore,0.07184691679174668
40,21,2030,0,wind_offshore,0.048485604550018324
40,22,2030,0,wind_offshore,0.0601733141836117
40,23,2030,0,wind_offshore,0.11778649464509369
40,24,2030,0,wind_offshore,0.1809293438953729
40,1,2030,0,wind_onshore,0.13492257687388876
40,2,2030,0,wind_onshore,0.12598635007859033
40,3,2030,0,wind_onshore,0.11979470337991409
40,4,2030,0,wind_onshore,0.11355917107625328
40,5,2030,0,wind_onshore,0.10524682358548972
40,6,2030,0,wind_onshore,0.10152163357003836
40,7,2030,0,wind_onshore,0.09757415652213737
40,8,2030,0,wind_onshore,0.09575004925762272
40,9,2030,0,wind_onshore,0.09304515440401229
40,10,2030,0,wind_onshore,0.08731687014363547
40,11,2030,0,wind_onshore,0.07466584733122197
40,12,2030,0,wind_onshore,0.07665658748981201
40,13,2030,0,wind_onshore,0.08730945647645652
40,14,2030,0,wind_onshore,0.09894846763704296
40,15,2030,0,wind_onshore,0.10674204208581468
40,16,2030,0,wind_onshore,0.10724012395004516
40,17,2030,0,wind_onshore,0.10479277880321869
40,18,2030,0,wind_onshore,0.11394629419742171
40,19,2030,0,wind_onshore,0.12285781172956671
40,20,2030,0,wind_onshore,0.12719103163338397
40,21,2030,0,wind_onshore,0.1356798188263197
40,22,2030,0,wind_onshore,0.1473768469145078
40,23,2030,0,wind_onshore,0.1572463296738207
40,24,2030,0,wind_onshore,0.16977699023705242
41,1,2030,0,demand,0.5097562876134178
41,2,2030,0,demand,0.49537699449980327
41,3,2030,0,demand,0.48163063408363405
41,4,2030,0,demand,0.47324422163497376
41,5,2030,0,demand,0.4737384610842133
41,6,2030,0,demand,0.48926167519025787
41,7,2030,0,demand,0.5211278852967025
41,8,2030,0,demand,0.5640846408562217
41,9,2030,0,demand,0.6067786257473834
41,10,2030,0,demand,0.6374707296173304
41,11,2030,0,demand,0.6514580054025534
41,12,2030,0,demand,0.6526464621470041
41,13,2030,0,demand,0.6389866661520882
41,14,2030,0,demand,0.6186613131509898
41,15,2030,0,demand,0.596747122042985
41,16,2030,0,demand,0.5886743764157599
41,17,2030,0,demand,0.5907877498904491
41,18,2030,0,demand,0.6017918487596529
41,19,2030,0,demand,0.6322204575750509
41,20,2030,0,demand,0.6571733865297119
41,21,2030,0,demand,0.6529740277286636
41,22,2030,0,demand,0.6217985347164215
41,23,2030,0,demand,0.5717119834853309
41,24,2030,0,demand,0.5524742670534291
41,1,2030,0,solar,0.0
41,2,2030,0,solar,0.0
41,3,2030,0,solar,0.0
41,4,2030,0,solar,0.0
41,5,2030,0,solar,0.0
41,6,2030,0,solar,0.0
41,7,2030,0,solar,0.0
41,8,2030,0,solar,0.0024049980851344834
41,9,2030,0,solar,0.06277946711800592
41,10,2030,0,solar,0.19969528229715908
41,11,2030,0,solar,0.3199178724001246
41,12,2030,0,solar,0.41675290950187954
41,13,2030,0,solar,0.46428673587294705
41,14,2030,0,solar,0.44049817420366555
41,15,2030,0,solar,0.3670920863012121
41,16,2030,0,solar,0.26820589658037347
41,17,2030,0,solar,0.1426171820681372
41,18,2030,0,solar,0.026583437251233258
41,19,2030,0,solar,0.0005060497968400568
41,20,2030,0,solar,0.0
41,21,2030,0,solar,0.0
41,22,2030,0,solar,0.0
41,23,2030,0,solar,0.0
41,24,2030,0,solar,0.0
41,1,2030,0,wind_offshore,0.41951552189739255
41,2,2030,0,wind_offshore,0.45643093940272444
41,3,2030,0,wind_offshore,0.45290624764045084
41,4,2030,0,wind_offshore,0.45841235976384903
41,5,2030,0,wind_offshore,0.4450857640318455
41,6,2030,0,wind_offshore,0.4194327780244751
41,7,2030,0,wind_offshore,0.39899153704842877
41,8,2030,0,wind_offshore,0.38025895327762793
41,9,2030,0,wind_offshore,0.37586291917800674
41,10,2030,0,wind_offshore,0.379179889574443
41,11,2030,0,wind_offshore,0.3481594790235138
41,12,2030,0,wind_offshore,0.31363702885371353
41,13,2030,0,wind_offshore,0.28311764994368577
41,14,2030,0,wind_offshore,0.2604827638592806
41,15,2030,0,wind_offshore,0.2629065559261481
41,16,2030,0,wind_offshore,0.2727780489439864
41,17,2030,0,wind_offshore,0.2625166617940123
41,18,2030,0,wind_offshore,0.24435055978907072
41,19,2030,0,wind_offshore,0.2255870657967033
41,20,2030,0,wind_offshore,0.20380651599400892
41,21,2030,0,wind_offshore,0.17171905761159625
41,22,2030,0,wind_offshore,0.15668677160295238
41,23,2030,0,wind_offshore,0.13548181486081828
41,24,2030,0,wind_offshore,0.13189546183690048
41,1,2030,0,wind_onshore,0.5887343676137772
41,2,2030,0,wind_onshore,0.5650722341753985
41,3,2030,0,wind_onshore,0.552553826877413
41,4,2030,0,wind_onshore,0.5376747739177877
41,5,2030,0,wind_onshore,0.532944684644519
41,6,2030,0,wind_onshore,0.5216532243906862
41,7,2030,0,wind_onshore,0.5075621988022448
41,8,2030,0,wind_onshore,0.4888235239141047
41,9,2030,0,wind_onshore,0.47425138159302094
41,10,2030,0,wind_onshore,0.4808264094634274
41,11,2030,0,wind_onshore,0.4631854064766579
41,12,2030,0,wind_onshore,0.4777495811809566
41,13,2030,0,wind_onshore,0.4849289974118091
41,14,2030,0,wind_onshore,0.4711856128994243
41,15,2030,0,wind_onshore,0.4740225933873079
41,16,2030,0,wind_onshore,0.4617720283493634
41,17,2030,0,wind_onshore,0.43205965903029764
41,18,2030,0,wind_onshore,0.4114463257529026
41,19,2030,0,wind_onshore,0.3979765048905211
41,20,2030,0,wind_onshore,0.39060477734466986
41,21,2030,0,wind_onshore,0.3807421594096203
41,22,2030,0,wind_onshore,0.3596731708853353
41,23,2030,0,wind_onshore,0.3143883548637187
41,24,2030,0,wind_onshore,0.30168493022157955
42,1,2030,0,demand,0.4796756418731098
42,2,2030,0,demand,0.4717372823612016
42,3,2030,0,demand,0.46406090994025817
42,4,2030,0,demand,0.45408990572548297
42,5,2030,0,demand,0.4550284608100485
42,6,2030,0,demand,0.4648117920245847
42,7,2030,0,demand,0.48202281204167774
42,8,2030,0,demand,0.5118936584368944
42,9,2030,0,demand,0.5404988642557695
42,10,2030,0,demand,0.5606074293508448
42,11,2030,0,demand,0.5712733548841034
42,12,2030,0,demand,0.5729034027040648
42,13,2030,0,demand,0.5708295748672648
42,14,2030,0,demand,0.5629498917065904
42,15,2030,0,demand,0.5566796880028205
42,16,2030,0,demand,0.550356224047122
42,17,2030,0,demand,0.551558717747369
42,18,2030,0,demand,0.55574376145343
42,19,2030,0,demand,0.5713778745566984
42,20,2030,0,demand,0.5820182237171168
42,21,2030,0,demand,0.5842859938313278
42,22,2030,0,demand,0.5575714339059904
42,23,2030,0,demand,0.5201882608304004
42,24,2030,0,demand,0.5123425558498943
42,1,2030,0,solar,0.0
42,2,2030,0,solar,0.0
42,3,2030,0,solar,0.0
42,4,2030,0,solar,0.0
42,5,2030,0,solar,0.0
42,6,2030,0,solar,5.363008629523205e-5
42,7,2030,0,solar,0.009624212866048365
42,8,2030,0,solar,0.08973330866351914
42,9,2030,0,solar,0.2592204678263993
42,10,2030,0,solar,0.4313635938344521
42,11,2030,0,solar,0.5529654944283668
42,12,2030,0,solar,0.6306660172652533
42,13,2030,0,solar,0.6575330233461447
42,14,2030,0,solar,0.6332047742063353
42,15,2030,0,solar,0.5590909380350061
42,16,2030,0,solar,0.44412170705631426
42,17,2030,0,solar,0.2949679150429612
42,18,2030,0,solar,0.13443684603611025
42,19,2030,0,solar,0.02922724661511656
42,20,2030,0,solar,0.0011590450022593553
42,21,2030,0,solar,0.0
42,22,2030,0,solar,0.0
42,23,2030,0,solar,0.0
42,24,2030,0,solar,0.0
42,1,2030,0,wind_offshore,0.7449652343822735
42,2,2030,0,wind_offshore,0.765169436045933
42,3,2030,0,wind_offshore,0.7747460211475229
42,4,2030,0,wind_offshore,0.7845031906881645
42,5,2030,0,wind_offshore,0.7677071687638473
42,6,2030,0,wind_offshore,0.7488236095702269
42,7,2030,0,wind_offshore,0.7281488180193655
42,8,2030,0,wind_offshore,0.6987367204661543
42,9,2030,0,wind_offshore,0.6446285291603547
42,10,2030,0,wind_offshore,0.6058224765057361
42,11,2030,0,wind_offshore,0.5825266532937144
42,12,2030,0,wind_offshore,0.5583019474626999
42,13,2030,0,wind_offshore,0.5388810480686483
42,14,2030,0,wind_offshore,0.5324781834286823
42,15,2030,0,wind_offshore,0.5076986913357071
42,16,2030,0,wind_offshore,0.49825006807832584
42,17,2030,0,wind_offshore,0.49574268981392083
42,18,2030,0,wind_offshore,0.5012166050583909
42,19,2030,0,wind_offshore,0.5124429734475219
42,20,2030,0,wind_offshore,0.500920714299559
42,21,2030,0,wind_offshore,0.4719678060581023
42,22,2030,0,wind_offshore,0.4519577685086605
42,23,2030,0,wind_offshore,0.41524005813626264
42,24,2030,0,wind_offshore,0.41798428656524195
42,1,2030,0,wind_onshore,0.23738399317716902
42,2,2030,0,wind_onshore,0.23153800046276354
42,3,2030,0,wind_onshore,0.2261501300774175
42,4,2030,0,wind_onshore,0.22274647955455645
42,5,2030,0,wind_onshore,0.21634868048288117
42,6,2030,0,wind_onshore,0.21152786059724132
42,7,2030,0,wind_onshore,0.2055104843717743
42,8,2030,0,wind_onshore,0.19489823326790282
42,9,2030,0,wind_onshore,0.19297308477206426
42,10,2030,0,wind_onshore,0.19282119759830244
42,11,2030,0,wind_onshore,0.1873373727150273
42,12,2030,0,wind_onshore,0.19531254797335504
42,13,2030,0,wind_onshore,0.20649309006899116
42,14,2030,0,wind_onshore,0.2188110951686544
42,15,2030,0,wind_onshore,0.23108658955230452
42,16,2030,0,wind_onshore,0.24443427211076812
42,17,2030,0,wind_onshore,0.25144810544616336
42,18,2030,0,wind_onshore,0.2507282764806295
42,19,2030,0,wind_onshore,0.2409980467587832
42,20,2030,0,wind_onshore,0.23247689240782562
42,21,2030,0,wind_onshore,0.22566755486959797
42,22,2030,0,wind_onshore,0.20968415942265786
42,23,2030,0,wind_onshore,0.1918104169724956
42,24,2030,0,wind_onshore,0.18306570835009012
43,1,2030,0,demand,0.4998982025915506
43,2,2030,0,demand,0.4895831152439736
43,3,2030,0,demand,0.48334559445363806
43,4,2030,0,demand,0.47620870403726834
43,5,2030,0,demand,0.4821209982920016
43,6,2030,0,demand,0.4984855624426201
43,7,2030,0,demand,0.5319500628055144
43,8,2030,0,demand,0.5692189031684072
43,9,2030,0,demand,0.5970539741644362
43,10,2030,0,demand,0.6175386793024233
43,11,2030,0,demand,0.6272572367700449
43,12,2030,0,demand,0.6235668625433455
43,13,2030,0,demand,0.6173372604746364
43,14,2030,0,demand,0.6083228109425395
43,15,2030,0,demand,0.6022814912974146
43,16,2030,0,demand,0.5993860352712764
43,17,2030,0,demand,0.5989624466777755
43,18,2030,0,demand,0.6097526563876249
43,19,2030,0,demand,0.633319249544005
43,20,2030,0,demand,0.6476638891281352
43,21,2030,0,demand,0.6451667040265155
43,22,2030,0,demand,0.6124669195631358
43,23,2030,0,demand,0.5668499570421494
43,24,2030,0,demand,0.5525933142296329
43,1,2030,0,solar,0.0
43,2,2030,0,solar,0.0
43,3,2030,0,solar,0.0
43,4,2030,0,solar,0.0
43,5,2030,0,solar,0.0
43,6,2030,0,solar,0.0
43,7,2030,0,solar,1.4428956500208568e-5
43,8,2030,0,solar,0.026366581512948174
43,9,2030,0,solar,0.1153892308237237
43,10,2030,0,solar,0.24618266954399518
43,11,2030,0,solar,0.35021376230123225
43,12,2030,0,solar,0.4255342421346393
43,13,2030,0,solar,0.46527534601225123
43,14,2030,0,solar,0.46082407789646684
43,15,2030,0,solar,0.4115606706415452
43,16,2030,0,solar,0.3105372057118231
43,17,2030,0,solar,0.1715576369518957
43,18,2030,0,solar,0.043663540020185285
43,19,2030,0,solar,0.000968992558520609
43,20,2030,0,solar,0.0
43,21,2030,0,solar,0.0
43,22,2030,0,solar,0.0
43,23,2030,0,solar,0.0
43,24,2030,0,solar,0.0
43,1,2030,0,wind_offshore,0.8868105711913665
43,2,2030,0,wind_offshore,0.8907937552319141
43,3,2030,0,wind_offshore,0.8952725833821529
43,4,2030,0,wind_offshore,0.9065178391182467
43,5,2030,0,wind_offshore,0.9152416228383604
43,6,2030,0,wind_offshore,0.9207387098071264
43,7,2030,0,wind_offshore,0.9257163511235967
43,8,2030,0,wind_offshore,0.9246704496621518
43,9,2030,0,wind_offshore,0.9218361723595712
43,10,2030,0,wind_offshore,0.9255436972877543
43,11,2030,0,wind_offshore,0.9079242387215892
43,12,2030,0,wind_offshore,0.9164796893692699
43,13,2030,0,wind_offshore,0.9177195872557306
43,14,2030,0,wind_offshore,0.9001995086737106
43,15,2030,0,wind_offshore,0.8821819647746466
43,16,2030,0,wind_offshore,0.8814474353117401
43,17,2030,0,wind_offshore,0.8867836931396752
43,18,2030,0,wind_offshore,0.8625151396470715
43,19,2030,0,wind_offshore,0.810503196020543
43,20,2030,0,wind_offshore,0.72196267739739
43,21,2030,0,wind_offshore,0.5949792235652971
43,22,2030,0,wind_offshore,0.48847948692700494
43,23,2030,0,wind_offshore,0.38212609361335026
43,24,2030,0,wind_offshore,0.30413881748781463
43,1,2030,0,wind_onshore,0.41039388718075537
43,2,2030,0,wind_onshore,0.4166653551900065
43,3,2030,0,wind_onshore,0.42071539593932555
43,4,2030,0,wind_onshore,0.4276995041619607
43,5,2030,0,wind_onshore,0.43112449123417934
43,6,2030,0,wind_onshore,0.44112089537770255
43,7,2030,0,wind_onshore,0.45012208449534763
43,8,2030,0,wind_onshore,0.4593079794901846
43,9,2030,0,wind_onshore,0.47109065146602774
43,10,2030,0,wind_onshore,0.48203211707041477
43,11,2030,0,wind_onshore,0.47378518098362576
43,12,2030,0,wind_onshore,0.5006972247084556
43,13,2030,0,wind_onshore,0.5141622049175956
43,14,2030,0,wind_onshore,0.5207449246153961
43,15,2030,0,wind_onshore,0.5232936940909884
43,16,2030,0,wind_onshore,0.5184904670062915
43,17,2030,0,wind_onshore,0.4988565183610646
43,18,2030,0,wind_onshore,0.4744908298224364
43,19,2030,0,wind_onshore,0.44590534558533224
43,20,2030,0,wind_onshore,0.41409507166482484
43,21,2030,0,wind_onshore,0.3913508959583633
43,22,2030,0,wind_onshore,0.3653089050945656
43,23,2030,0,wind_onshore,0.347285132976613
43,24,2030,0,wind_onshore,0.3348448310422696
44,1,2030,0,demand,0.6677484581613845
44,2,2030,0,demand,0.6581646945365703
44,3,2030,0,demand,0.643538217849104
44,4,2030,0,demand,0.6263593513073741
44,5,2030,0,demand,0.6349159005743877
44,6,2030,0,demand,0.655643217172979
44,7,2030,0,demand,0.6796372627079509
44,8,2030,0,demand,0.7086027492187663
44,9,2030,0,demand,0.7775230926247526
44,10,2030,0,demand,0.8510642578871402
44,11,2030,0,demand,0.9087743122517482
44,12,2030,0,demand,0.9625817477528729
44,13,2030,0,demand,0.9890489058170951
44,14,2030,0,demand,0.9971091176317327
44,15,2030,0,demand,0.9896965118711413
44,16,2030,0,demand,0.9856687973261885
44,17,2030,0,demand,0.9884073979991982
44,18,2030,0,demand,0.9477314611932
44,19,2030,0,demand,0.9144897487965014
44,20,2030,0,demand,0.890302005808165
44,21,2030,0,demand,0.8802116533030865
44,22,2030,0,demand,0.8227194466060201
44,23,2030,0,demand,0.7565184232166979
44,24,2030,0,demand,0.7294834878393592
44,1,2030,0,solar,0.0
44,2,2030,0,solar,0.0
44,3,2030,0,solar,0.0
44,4,2030,0,solar,0.0
44,5,2030,0,solar,0.0
44,6,2030,0,solar,0.0
44,7,2030,0,solar,0.0
44,8,2030,0,solar,0.0
44,9,2030,0,solar,0.0032888203567250436
44,10,2030,0,solar,0.03762830014030521
44,11,2030,0,solar,0.07370919837115651
44,12,2030,0,solar,0.07489619422224987
44,13,2030,0,solar,0.07573145171277765
44,14,2030,0,solar,0.0966533019667193
44,15,2030,0,solar,0.06451251756399587
44,16,2030,0,solar,0.03639029939650725
44,17,2030,0,solar,0.009474381090725821
44,18,2030,0,solar,0.0
44,19,2030,0,solar,0.0
44,20,2030,0,solar,0.0
44,21,2030,0,solar,0.0
44,22,2030,0,solar,0.0
44,23,2030,0,solar,0.0
44,24,2030,0,solar,0.0
44,1,2030,0,wind_offshore,0.0
44,2,2030,0,wind_offshore,0.0
44,3,2030,0,wind_offshore,0.0
44,4,2030,0,wind_offshore,0.0
44,5,2030,0,wind_offshore,0.0
44,6,2030,0,wind_offshore,0.0
44,7,2030,0,wind_offshore,0.0
44,8,2030,0,wind_offshore,0.0
44,9,2030,0,wind_offshore,0.0
44,10,2030,0,wind_offshore,0.0
44,11,2030,0,wind_offshore,0.0
44,12,2030,0,wind_offshore,0.0
44,13,2030,0,wind_offshore,0.0
44,14,2030,0,wind_offshore,0.0
44,15,2030,0,wind_offshore,0.0
44,16,2030,0,wind_offshore,1.6552644266351477e-5
44,17,2030,0,wind_offshore,0.0
44,18,2030,0,wind_offshore,0.0
44,19,2030,0,wind_offshore,0.0
44,20,2030,0,wind_offshore,0.0
44,21,2030,0,wind_offshore,0.0
44,22,2030,0,wind_offshore,0.0
44,23,2030,0,wind_offshore,0.0
44,24,2030,0,wind_offshore,0.0
44,1,2030,0,wind_onshore,0.027654144771908012
44,2,2030,0,wind_onshore,0.022624704685160667
44,3,2030,0,wind_onshore,0.020097935250908805
44,4,2030,0,wind_onshore,0.01720749301359324
44,5,2030,0,wind_onshore,0.015420473423553276
44,6,2030,0,wind_onshore,0.015505625453167794
44,7,2030,0,wind_onshore,0.017331077762931166
44,8,2030,0,wind_onshore,0.008299518525254347
44,9,2030,0,wind_onshore,0.0071891663350475265
44,10,2030,0,wind_onshore,0.008150695516879476
44,11,2030,0,wind_onshore,0.008622496460125867
44,12,2030,0,wind_onshore,0.01358326492030123
44,13,2030,0,wind_onshore,0.025245331053177236
44,14,2030,0,wind_onshore,0.02316038898401464
44,15,2030,0,wind_onshore,0.023240955315831716
44,16,2030,0,wind_onshore,0.01691622898445373
44,17,2030,0,wind_onshore,0.017154088288214762
44,18,2030,0,wind_onshore,0.022663902280626598
44,19,2030,0,wind_onshore,0.02021125744209439
44,20,2030,0,wind_onshore,0.01790222243842207
44,21,2030,0,wind_onshore,0.016111556891869327
44,22,2030,0,wind_onshore,0.016737361736550476
44,23,2030,0,wind_onshore,0.029688555673315273
44,24,2030,0,wind_onshore,0.031932860467355356
45,1,2030,0,demand,0.4330021869850414
45,2,2030,0,demand,0.4232934624307532
45,3,2030,0,demand,0.41444932405060164
45,4,2030,0,demand,0.40042360957260303
45,5,2030,0,demand,0.39474375987499183
45,6,2030,0,demand,0.386384002525469
45,7,2030,0,demand,0.39273217797210686
45,8,2030,0,demand,0.4156695054417093
45,9,2030,0,demand,0.44489884477946096
45,10,2030,0,demand,0.4695233440311942
45,11,2030,0,demand,0.4835868471678445
45,12,2030,0,demand,0.48476124600460485
45,13,2030,0,demand,0.47658911097789114
45,14,2030,0,demand,0.468576692486478
45,15,2030,0,demand,0.4536954197628539
45,16,2030,0,demand,0.4390002387619833
45,17,2030,0,demand,0.42881704784303204
45,18,2030,0,demand,0.43846114932425717
45,19,2030,0,demand,0.4597590588240829
45,20,2030,0,demand,0.481502661194874
45,21,2030,0,demand,0.4848558952826128
45,22,2030,0,demand,0.47221212823768344
45,23,2030,0,demand,0.44592690194225515
45,24,2030,0,demand,0.432984391831731
45,1,2030,0,solar,0.0
45,2,2030,0,solar,0.0
45,3,2030,0,solar,0.0
45,4,2030,0,solar,0.0
45,5,2030,0,solar,0.0
45,6,2030,0,solar,0.001165195395186505
45,7,2030,0,solar,0.05021078867855932
45,8,2030,0,solar,0.2114248475243695
45,9,2030,0,solar,0.4319668201458996
45,10,2030,0,solar,0.6091188463005407
45,11,2030,0,solar,0.711668048807197
45,12,2030,0,solar,0.7856280744942847
45,13,2030,0,solar,0.8111131778550082
45,14,2030,0,solar,0.7901662208230398
45,15,2030,0,solar,0.7308054183633108
45,16,2030,0,solar,0.635521584376799
45,17,2030,0,solar,0.47335370893110496
45,18,2030,0,solar,0.27186037241336286
45,19,2030,0,solar,0.10495095542738812
45,20,2030,0,solar,0.017677734518160747
45,21,2030,0,solar,0.0
45,22,2030,0,solar,0.0
45,23,2030,0,solar,0.0
45,24,2030,0,solar,0.0
45,1,2030,0,wind_offshore,0.9639593627481098
45,2,2030,0,wind_offshore,0.9734378126272556
45,3,2030,0,wind_offshore,0.9680795016570862
45,4,2030,0,wind_offshore,0.9688193199512545
45,5,2030,0,wind_offshore,0.9573482417021021
45,6,2030,0,wind_offshore,0.958761461234143
45,7,2030,0,wind_offshore,0.9748112007186792
45,8,2030,0,wind_offshore,0.9811392789924861
45,9,2030,0,wind_offshore,0.9837443717498566
45,10,2030,0,wind_offshore,0.9683294978199098
45,11,2030,0,wind_offshore,0.9403092556952248
45,12,2030,0,wind_offshore,0.9391344559367562
45,13,2030,0,wind_offshore,0.9621012861399187
45,14,2030,0,wind_offshore,0.9638577114450212
45,15,2030,0,wind_offshore,0.9498197840706952
45,16,2030,0,wind_offshore,0.9590374660235768
45,17,2030,0,wind_offshore,0.9680712980215668
45,18,2030,0,wind_offshore,0.9487907980281018
45,19,2030,0,wind_offshore,0.9806178776464882
45,20,2030,0,wind_offshore,0.9917726488038917
45,21,2030,0,wind_offshore,0.9890800373404433
45,22,2030,0,wind_offshore,0.9682840200445199
45,23,2030,0,wind_offshore,0.9573495306524304
45,24,2030,0,wind_offshore,0.9644147228309294
45,1,2030,0,wind_onshore,0.7907855692983347
45,2,2030,0,wind_onshore,0.7787846573849204
45,3,2030,0,wind_onshore,0.8301095750888069
45,4,2030,0,wind_onshore,0.8217386192043475
45,5,2030,0,wind_onshore,0.8116270519640112
45,6,2030,0,wind_onshore,0.8175332023774923
45,7,2030,0,wind_onshore,0.8185440809124811
45,8,2030,0,wind_onshore,0.810213368396257
45,9,2030,0,wind_onshore,0.7902197899768775
45,10,2030,0,wind_onshore,0.7860973603462132
45,11,2030,0,wind_onshore,0.7437842224921557
45,12,2030,0,wind_onshore,0.7696068707903007
45,13,2030,0,wind_onshore,0.8430563821380715
45,14,2030,0,wind_onshore,0.8847154797026514
45,15,2030,0,wind_onshore,0.864226399319244
45,16,2030,0,wind_onshore,0.8246547708767609
45,17,2030,0,wind_onshore,0.8101911805251608
45,18,2030,0,wind_onshore,0.7930338427036813
45,19,2030,0,wind_onshore,0.780819442155504
45,20,2030,0,wind_onshore,0.7907507626262283
45,21,2030,0,wind_onshore,0.7756346516546313
45,22,2030,0,wind_onshore,0.7794171189684455
45,23,2030,0,wind_onshore,0.8114955034317466
45,24,2030,0,wind_onshore,0.8120696637684247
46,1,2030,1,demand,0.5233605312723434
46,2,2030,1,demand,0.516486304552502
46,3,2030,1,demand,0.5098235378062573
46,4,2030,1,demand,0.5037829949127625
46,5,2030,1,demand,0.5104748823920119
46,6,2030,1,demand,0.5303624388255949
46,7,2030,1,demand,0.5569647941034124
46,8,2030,1,demand,0.5879079376197155
46,9,2030,1,demand,0.6315729789413311
46,10,2030,1,demand,0.6573582085219442
46,11,2030,1,demand,0.6805880521993398
46,12,2030,1,demand,0.6962262727774501
46,13,2030,1,demand,0.6951572452350502
46,14,2030,1,demand,0.685771414885473
46,15,2030,1,demand,0.6765495557269302
46,16,2030,1,demand,0.6737041928268802
46,17,2030,1,demand,0.6724939756289103
46,18,2030,1,demand,0.6670467434526027
46,19,2030,1,demand,0.6644564310810867
46,20,2030,1,demand,0.6649914437358252
46,21,2030,1,demand,0.6540390765657665
46,22,2030,1,demand,0.6167118328665772
46,23,2030,1,demand,0.5735128826735747
46,24,2030,1,demand,0.5649058848923166
46,1,2030,1,solar,0.0
46,2,2030,1,solar,0.0
46,3,2030,1,solar,0.0
46,4,2030,1,solar,0.0
46,5,2030,1,solar,0.0
46,6,2030,1,solar,0.00021090381049245583
46,7,2030,1,solar,0.018723522678441715
46,8,2030,1,solar,0.14697222753115347
46,9,2030,1,solar,0.34232407966405604
46,10,2030,1,solar,0.5204098396871305
46,11,2030,1,solar,0.6348231506838241
46,12,2030,1,solar,0.7083250266872544
46,13,2030,1,solar,0.7304554549600919
46,14,2030,1,solar,0.7080899459055167
46,15,2030,1,solar,0.6518188606990881
46,16,2030,1,solar,0.5583435556686586
46,17,2030,1,solar,0.4153444475870049
46,18,2030,1,solar,0.23843005107194384
46,19,2030,1,solar,0.06738271103552369
46,20,2030,1,solar,0.0016680842512959086
46,21,2030,1,solar,0.0
46,22,2030,1,solar,0.0
46,23,2030,1,solar,0.0
46,24,2030,1,solar,0.0
46,1,2030,1,wind_offshore,0.3347923398216482
46,2,2030,1,wind_offshore,0.3499507070191243
46,3,2030,1,wind_offshore,0.3552918956714533
46,4,2030,1,wind_offshore,0.3526210853889547
46,5,2030,1,wind_offshore,0.3704125419579542
46,6,2030,1,wind_offshore,0.39579730294363097
46,7,2030,1,wind_offshore,0.44541676796242297
46,8,2030,1,wind_offshore,0.4787003825846665
46,9,2030,1,wind_offshore,0.5111811078284484
46,10,2030,1,wind_offshore,0.5401380655062281
46,11,2030,1,wind_offshore,0.5333844741744219
46,12,2030,1,wind_offshore,0.5438712712280908
46,13,2030,1,wind_offshore,0.5558163719926661
46,14,2030,1,wind_offshore,0.5803455981780424
46,15,2030,1,wind_offshore,0.6054643910703206
46,16,2030,1,wind_offshore,0.6394478501041755
46,17,2030,1,wind_offshore,0.6861090634876857
46,18,2030,1,wind_offshore,0.7393466804406003
46,19,2030,1,wind_offshore,0.7878243304944363
46,20,2030,1,wind_offshore,0.810948881349438
46,21,2030,1,wind_offshore,0.8208130768327692
46,22,2030,1,wind_offshore,0.8331440454257896
46,23,2030,1,wind_offshore,0.7862449027536229
46,24,2030,1,wind_offshore,0.7755772279126405
46,1,2030,1,wind_onshore,0.2526424597553647
46,2,2030,1,wind_onshore,0.23723397677596902
46,3,2030,1,wind_onshore,0.22171208066303946
46,4,2030,1,wind_onshore,0.20795367179189128
46,5,2030,1,wind_onshore,0.19585609549162294
46,6,2030,1,wind_onshore,0.18820786948289694
46,7,2030,1,wind_onshore,0.1817262306874463
46,8,2030,1,wind_onshore,0.1719571224047174
46,9,2030,1,wind_onshore,0.16610747512605392
46,10,2030,1,wind_onshore,0.16448706158806078
46,11,2030,1,wind_onshore,0.15684858806947477
46,12,2030,1,wind_onshore,0.1625730962788746
46,13,2030,1,wind_onshore,0.17374296729668648
46,14,2030,1,wind_onshore,0.1910437821567366
46,15,2030,1,wind_onshore,0.2115924726238061
46,16,2030,1,wind_onshore,0.23661417433947274
46,17,2030,1,wind_onshore,0.263546715068074
46,18,2030,1,wind_onshore,0.2946239982613669
46,19,2030,1,wind_onshore,0.32501960087348525
46,20,2030,1,wind_onshore,0.3448218027348892
46,21,2030,1,wind_onshore,0.3612907259867772
46,22,2030,1,wind_onshore,0.3513733068504116
46,23,2030,1,wind_onshore,0.30655789478800843
46,24,2030,1,wind_onshore,0.2941357659199321
47,1,2030,1,demand,0.4943806335086826
47,2,2030,1,demand,0.49082448145159085
47,3,2030,1,demand,0.4845336485122642
47,4,2030,1,demand,0.478862209835585
47,5,2030,1,demand,0.4853354664029078
47,6,2030,1,demand,0.5105782703349621
47,7,2030,1,demand,0.5388198994048785
47,8,2030,1,demand,0.5679142368663305
47,9,2030,1,demand,0.5949661396702541
47,10,2030,1,demand,0.6125611135648662
47,11,2030,1,demand,0.6186809164748228
47,12,2030,1,demand,0.6198111227693475
47,13,2030,1,demand,0.6148926770440839
47,14,2030,1,demand,0.6020142244673468
47,15,2030,1,demand,0.5929749689306623
47,16,2030,1,demand,0.5923893503467007
47,17,2030,1,demand,0.5889407098063992
47,18,2030,1,demand,0.5921971009129917
47,19,2030,1,demand,0.5983497664592398
47,20,2030,1,demand,0.6122399379967677
47,21,2030,1,demand,0.6023680371530985
47,22,2030,1,demand,0.5651565973020313
47,23,2030,1,demand,0.5260025781126949
47,24,2030,1,demand,0.5191693326752661
47,1,2030,1,solar,0.0
47,2,2030,1,solar,0.0
47,3,2030,1,solar,0.0
47,4,2030,1,solar,0.0
47,5,2030,1,solar,0.0
47,6,2030,1,solar,0.00014015578140844732
47,7,2030,1,solar,0.01526818022718467
47,8,2030,1,solar,0.11833832344381882
47,9,2030,1,solar,0.29257998298565024
47,10,2030,1,solar,0.4678729590813438
47,11,2030,1,solar,0.5869457812696852
47,12,2030,1,solar,0.6600732066924628
47,13,2030,1,solar,0.681685223254209
47,14,2030,1,solar,0.6562895592851101
47,15,2030,1,solar,0.5794825727517922
47,16,2030,1,solar,0.46799068540576877
47,17,2030,1,solar,0.3205685043215733
47,18,2030,1,solar,0.15684710633641857
47,19,2030,1,solar,0.0370389362717191
47,20,2030,1,solar,0.0010901147359434291
47,21,2030,1,solar,0.0
47,22,2030,1,solar,0.0
47,23,2030,1,solar,0.0
47,24,2030,1,solar,0.0
47,1,2030,1,wind_offshore,0.1565135297908193
47,2,2030,1,wind_offshore,0.15136308838788753
47,3,2030,1,wind_offshore,0.15279542034968419
47,4,2030,1,wind_offshore,0.15073085504913236
47,5,2030,1,wind_offshore,0.15448921308555685
47,6,2030,1,wind_offshore,0.14602755546300494
47,7,2030,1,wind_offshore,0.17214809513745005
47,8,2030,1,wind_offshore,0.20774357312771946
47,9,2030,1,wind_offshore,0.2372812542520201
47,10,2030,1,wind_offshore,0.275206387187419
47,11,2030,1,wind_offshore,0.31430546847829666
47,12,2030,1,wind_offshore,0.3726284933624036
47,13,2030,1,wind_offshore,0.41776085488487613
47,14,2030,1,wind_offshore,0.4471594220976862
47,15,2030,1,wind_offshore,0.4532535461692822
47,16,2030,1,wind_offshore,0.4486432458904215
47,17,2030,1,wind_offshore,0.4427434133133222
47,18,2030,1,wind_offshore,0.45074599079064387
47,19,2030,1,wind_offshore,0.46691830307971144
47,20,2030,1,wind_offshore,0.47044495679599085
47,21,2030,1,wind_offshore,0.4343153567664194
47,22,2030,1,wind_offshore,0.3849832799979897
47,23,2030,1,wind_offshore,0.30658947216357624
47,24,2030,1,wind_offshore,0.28457221456743237
47,1,2030,1,wind_onshore,0.1709790434700902
47,2,2030,1,wind_onshore,0.1600669470286959
47,3,2030,1,wind_onshore,0.1489586009574328
47,4,2030,1,wind_onshore,0.14215201061957075
47,5,2030,1,wind_onshore,0.13754207014469197
47,6,2030,1,wind_onshore,0.13509899677847995
47,7,2030,1,wind_onshore,0.1295801449389274
47,8,2030,1,wind_onshore,0.12008338960827596
47,9,2030,1,wind_onshore,0.11279716002406755
47,10,2030,1,wind_onshore,0.1165397240628834
47,11,2030,1,wind_onshore,0.12200447930491272
47,12,2030,1,wind_onshore,0.14319883912159442
47,13,2030,1,wind_onshore,0.1619103846345317
47,14,2030,1,wind_onshore,0.18381470835756647
47,15,2030,1,wind_onshore,0.20564465018816996
47,16,2030,1,wind_onshore,0.22492391694594618
47,17,2030,1,wind_onshore,0.23912111807802033
47,18,2030,1,wind_onshore,0.24848602870182476
47,19,2030,1,wind_onshore,0.2493778972127394
47,20,2030,1,wind_onshore,0.2523688303428356
47,21,2030,1,wind_onshore,0.2567487605719153
47,22,2030,1,wind_onshore,0.24599935506347564
47,23,2030,1,wind_onshore,0.22704232054344478
47,24,2030,1,wind_onshore,0.22002536511742274
48,1,2030,1,demand,0.5011880191402652
48,2,2030,1,demand,0.49275164621435386
48,3,2030,1,demand,0.4838389136197863
48,4,2030,1,demand,0.47769474557545016
48,5,2030,1,demand,0.48488369981795215
48,6,2030,1,demand,0.4990557903168161
48,7,2030,1,demand,0.5222994598887487
48,8,2030,1,demand,0.5479967134729902
48,9,2030,1,demand,0.5844631427638092
48,10,2030,1,demand,0.6165533217692827
48,11,2030,1,demand,0.633576873555701
48,12,2030,1,demand,0.6415696475401912
48,13,2030,1,demand,0.6394286690582422
48,14,2030,1,demand,0.6275117374135396
48,15,2030,1,demand,0.6218128392725265
48,16,2030,1,demand,0.6188942504092738
48,17,2030,1,demand,0.618831156307482
48,18,2030,1,demand,0.6253314646546502
48,19,2030,1,demand,0.6263262068288595
48,20,2030,1,demand,0.6295208954305809
48,21,2030,1,demand,0.6194794494644531
48,22,2030,1,demand,0.5849706473725784
48,23,2030,1,demand,0.5480881267685898
48,24,2030,1,demand,0.537867646717147
48,1,2030,1,solar,0.0
48,2,2030,1,solar,0.0
48,3,2030,1,solar,0.0
48,4,2030,1,solar,0.0
48,5,2030,1,solar,0.0
48,6,2030,1,solar,5.514476287703041e-5
48,7,2030,1,solar,0.009579626962428676
48,8,2030,1,solar,0.11549314047082324
48,9,2030,1,solar,0.3140797438697176
48,10,2030,1,solar,0.501423958885199
48,11,2030,1,solar,0.6253358158666102
48,12,2030,1,solar,0.7058553767844788
48,13,2030,1,solar,0.7246309325826399
48,14,2030,1,solar,0.7015829243702437
48,15,2030,1,solar,0.6246021693185705
48,16,2030,1,solar,0.5080241128767341
48,17,2030,1,solar,0.3516204270759338
48,18,2030,1,solar,0.17396468184512698
48,19,2030,1,solar,0.04475647416558968
48,20,2030,1,solar,0.0013824391505891283
48,21,2030,1,solar,0.0
48,22,2030,1,solar,0.0
48,23,2030,1,solar,0.0
48,24,2030,1,solar,0.0
48,1,2030,1,wind_offshore,0.8904612912609352
48,2,2030,1,wind_offshore,0.9203651088367824
48,3,2030,1,wind_offshore,0.9269451342620041
48,4,2030,1,wind_offshore,0.9344609627527266
48,5,2030,1,wind_offshore,0.9140991999858313
48,6,2030,1,wind_offshore,0.8825550064027917
48,7,2030,1,wind_offshore,0.8209973461970929
48,8,2030,1,wind_offshore,0.7395244871927972
48,9,2030,1,wind_offshore,0.6466243141159718
48,10,2030,1,wind_offshore,0.5547985213771416
48,11,2030,1,wind_offshore,0.4622201457340175
48,12,2030,1,wind_offshore,0.3396241900707759
48,13,2030,1,wind_offshore,0.21382501703201667
48,14,2030,1,wind_offshore,0.13584132173940278
48,15,2030,1,wind_offshore,0.09331447675431684
48,16,2030,1,wind_offshore,0.07579278789137374
48,17,2030,1,wind_offshore,0.06476985817706844
48,18,2030,1,wind_offshore,0.0556884084641455
48,19,2030,1,wind_offshore,0.047509654132179426
48,20,2030,1,wind_offshore,0.04326293878182333
48,21,2030,1,wind_offshore,0.043139243955228314
48,22,2030,1,wind_offshore,0.049498752073369914
48,23,2030,1,wind_offshore,0.057421290076145305
48,24,2030,1,wind_offshore,0.07028280343781575
48,1,2030,1,wind_onshore,0.15844260539095556
48,2,2030,1,wind_onshore,0.15797469604109535
48,3,2030,1,wind_onshore,0.1600954522418208
48,4,2030,1,wind_onshore,0.1545928599758067
48,5,2030,1,wind_onshore,0.14981001656577947
48,6,2030,1,wind_onshore,0.14051791385756088
48,7,2030,1,wind_onshore,0.13710014066113277
48,8,2030,1,wind_onshore,0.13635457604359522
48,9,2030,1,wind_onshore,0.12692488194552398
48,10,2030,1,wind_onshore,0.12647295382824714
48,11,2030,1,wind_onshore,0.12290351082499071
48,12,2030,1,wind_onshore,0.1327159524937978
48,13,2030,1,wind_onshore,0.13993407094925553
48,14,2030,1,wind_onshore,0.1443565615307723
48,15,2030,1,wind_onshore,0.14781056617116894
48,16,2030,1,wind_onshore,0.1492739952692556
48,17,2030,1,wind_onshore,0.1539180406548718
48,18,2030,1,wind_onshore,0.1579987341058261
48,19,2030,1,wind_onshore,0.15757528405758137
48,20,2030,1,wind_onshore,0.15487587270926234
48,21,2030,1,wind_onshore,0.14778243719319387
48,22,2030,1,wind_onshore,0.1412836534453639
48,23,2030,1,wind_onshore,0.12218171148344603
48,24,2030,1,wind_onshore,0.11944269367269096
49,1,2030,1,demand,0.5363038114504621
49,2,2030,1,demand,0.5317566340232085
49,3,2030,1,demand,0.5210727758828484
49,4,2030,1,demand,0.512650069364581
49,5,2030,1,demand,0.5195868607958322
49,6,2030,1,demand,0.5340912828314074
49,7,2030,1,demand,0.5526994282173872
49,8,2030,1,demand,0.5808028980513161
49,9,2030,1,demand,0.6226462899302412
49,10,2030,1,demand,0.6584284332272836
49,11,2030,1,demand,0.6873862898791643
49,12,2030,1,demand,0.7096744349812342
49,13,2030,1,demand,0.7126295707947681
49,14,2030,1,demand,0.705776706593738
49,15,2030,1,demand,0.697343855595874
49,16,2030,1,demand,0.6943909936542101
49,17,2030,1,demand,0.6899465413990599
49,18,2030,1,demand,0.6847371454897841
49,19,2030,1,demand,0.6755422764207145
49,20,2030,1,demand,0.6680608007426725
49,21,2030,1,demand,0.6571495103961096
49,22,2030,1,demand,0.6221252933206961
49,23,2030,1,demand,0.5823572888981443
49,24,2030,1,demand,0.5749017495914884
49,1,2030,1,solar,0.0
49,2,2030,1,solar,0.0
49,3,2030,1,solar,0.0
49,4,2030,1,solar,0.0
49,5,2030,1,solar,0.0
49,6,2030,1,solar,8.081239276861434e-5
49,7,2030,1,solar,0.021563354667381008
49,8,2030,1,solar,0.167059965423586
49,9,2030,1,solar,0.3594664007287121
49,10,2030,1,solar,0.5270340067491415
49,11,2030,1,solar,0.6371818403252757
49,12,2030,1,solar,0.7074739953307585
49,13,2030,1,solar,0.7299258177460184
49,14,2030,1,solar,0.7159925822505929
49,15,2030,1,solar,0.6601685572576079
49,16,2030,1,solar,0.5671303242726443
49,17,2030,1,solar,0.4281342907627376
49,18,2030,1,solar,0.2558779528813305
49,19,2030,1,solar,0.08480944828498783
49,20,2030,1,solar,0.002974387234446689
49,21,2030,1,solar,0.0
49,22,2030,1,solar,0.0
49,23,2030,1,solar,0.0
49,24,2030,1,solar,0.0
49,1,2030,1,wind_offshore,0.17383183432637195
49,2,2030,1,wind_offshore,0.1668283135071837
49,3,2030,1,wind_offshore,0.15823214299571087
49,4,2030,1,wind_offshore,0.15174660835076642
49,5,2030,1,wind_offshore,0.14452342749738245
49,6,2030,1,wind_offshore,0.1419420555018962
49,7,2030,1,wind_offshore,0.1478923304889281
49,8,2030,1,wind_offshore,0.15597041478793103
49,9,2030,1,wind_offshore,0.16300436236526047
49,10,2030,1,wind_offshore,0.1731608762315727
49,11,2030,1,wind_offshore,0.16518775482500622
49,12,2030,1,wind_offshore,0.1609108809854553
49,13,2030,1,wind_offshore,0.1534937840690689
49,14,2030,1,wind_offshore,0.15221233141207127
49,15,2030,1,wind_offshore,0.16494337260667963
49,16,2030,1,wind_offshore,0.18102975063011834
49,17,2030,1,wind_offshore,0.1993593393470687
49,18,2030,1,wind_offshore,0.223570141016938
49,19,2030,1,wind_offshore,0.24810292796508904
49,20,2030,1,wind_offshore,0.2749030262883797
49,21,2030,1,wind_offshore,0.2956723814412354
49,22,2030,1,wind_offshore,0.30964522986078946
49,23,2030,1,wind_offshore,0.2528137901556786
49,24,2030,1,wind_offshore,0.2691606762713932
49,1,2030,1,wind_onshore,0.18831823455727234
49,2,2030,1,wind_onshore,0.1714571200743929
49,3,2030,1,wind_onshore,0.1568914963963662
49,4,2030,1,wind_onshore,0.1436723864780106
49,5,2030,1,wind_onshore,0.13427273006797924
49,6,2030,1,wind_onshore,0.12785894384607702
49,7,2030,1,wind_onshore,0.12180865429308269
49,8,2030,1,wind_onshore,0.10535759350311577
49,9,2030,1,wind_onshore,0.1029705157947785
49,10,2030,1,wind_onshore,0.11170483364886581
49,11,2030,1,wind_onshore,0.11533441874555428
49,12,2030,1,wind_onshore,0.13356109935613333
49,13,2030,1,wind_onshore,0.15478704437695082
49,14,2030,1,wind_onshore,0.18037338361615543
49,15,2030,1,wind_onshore,0.20798364573676648
49,16,2030,1,wind_onshore,0.2320803851717742
49,17,2030,1,wind_onshore,0.2544511690931944
49,18,2030,1,wind_onshore,0.27410729093783465
49,19,2030,1,wind_onshore,0.28006478540544616
49,20,2030,1,wind_onshore,0.277299579697724
49,21,2030,1,wind_onshore,0.2814221087944981
49,22,2030,1,wind_onshore,0.2673691139270523
49,23,2030,1,wind_onshore,0.2292883046188386
49,24,2030,1,wind_onshore,0.22205778405108884
50,1,2030,1,demand,0.519375382153038
50,2,2030,1,demand,0.505840054234588
50,3,2030,1,demand,0.4905369238829029
50,4,2030,1,demand,0.4780875756913394
50,5,2030,1,demand,0.4738939143331704
50,6,2030,1,demand,0.4845313372245812
50,7,2030,1,demand,0.5063713544917853
50,8,2030,1,demand,0.5375624443621166
50,9,2030,1,demand,0.5659938269733003
50,10,2030,1,demand,0.5869881231271272
50,11,2030,1,demand,0.6048122669919231
50,12,2030,1,demand,0.6053198651450331
50,13,2030,1,demand,0.6076757351221784
50,14,2030,1,demand,0.5982163625932132
50,15,2030,1,demand,0.5883349987617448
50,16,2030,1,demand,0.5812066323998659
50,17,2030,1,demand,0.5802737911658067
50,18,2030,1,demand,0.5961693257936992
50,19,2030,1,demand,0.6199875789711486
50,20,2030,1,demand,0.6361679234995701
50,21,2030,1,demand,0.6358282318259665
50,22,2030,1,demand,0.6113002082918413
50,23,2030,1,demand,0.5641689338856916
50,24,2030,1,demand,0.5461600370441433
50,1,2030,1,solar,0.0
50,2,2030,1,solar,0.0
50,3,2030,1,solar,0.0
50,4,2030,1,solar,0.0
50,5,2030,1,solar,0.0
50,6,2030,1,solar,0.0
50,7,2030,1,solar,0.0
50,8,2030,1,solar,0.0
50,9,2030,1,solar,0.03648551151008648
50,10,2030,1,solar,0.1305591930973045
50,11,2030,1,solar,0.21998914414080312
50,12,2030,1,solar,0.28826799665268277
50,13,2030,1,solar,0.3225874103260212
50,14,2030,1,solar,0.3235230581539846
50,15,2030,1,solar,0.2854845525940374
50,16,2030,1,solar,0.21357751590246943
50,17,2030,1,solar,0.11267799609207052
50,18,2030,1,solar,0.012892577707482892
50,19,2030,1,solar,0.0
50,20,2030,1,solar,0.0
50,21,2030,1,solar,0.0
50,22,2030,1,solar,0.0
50,23,2030,1,solar,0.0
50,24,2030,1,solar,0.0
50,1,2030,1,wind_offshore,0.903976597225321
50,2,2030,1,wind_offshore,0.9060179341853283
50,3,2030,1,wind_offshore,0.8963238842617373
50,4,2030,1,wind_offshore,0.8899802764985063
50,5,2030,1,wind_offshore,0.861764058078186
50,6,2030,1,wind_offshore,0.7625146711131797
50,7,2030,1,wind_offshore,0.6814899416115997
50,8,2030,1,wind_offshore,0.6540236723466292
50,9,2030,1,wind_offshore,0.7215363246786123
50,10,2030,1,wind_offshore,0.7854171172857027
50,11,2030,1,wind_offshore,0.7073443007321393
50,12,2030,1,wind_offshore,0.6835235683527133
50,13,2030,1,wind_offshore,0.7092321639130866
50,14,2030,1,wind_offshore,0.7242622231427545
50,15,2030,1,wind_offshore,0.7179218463170396
50,16,2030,1,wind_offshore,0.7279617809217491
50,17,2030,1,wind_offshore,0.7247594478976239
50,18,2030,1,wind_offshore,0.6700184230724684
50,19,2030,1,wind_offshore,0.6960248527806753
50,20,2030,1,wind_offshore,0.7069973716050928
50,21,2030,1,wind_offshore,0.7333414393662918
50,22,2030,1,wind_offshore,0.7553184953694796
50,23,2030,1,wind_offshore,0.7370507169338105
50,24,2030,1,wind_offshore,0.807769019507581
50,1,2030,1,wind_onshore,0.6612800139573616
50,2,2030,1,wind_onshore,0.6670521014342295
50,3,2030,1,wind_onshore,0.6672056853371225
50,4,2030,1,wind_onshore,0.6542767813762113
50,5,2030,1,wind_onshore,0.6600855095301634
50,6,2030,1,wind_onshore,0.6621641536773232
50,7,2030,1,wind_onshore,0.6643035863710279
50,8,2030,1,wind_onshore,0.6603939612018943
50,9,2030,1,wind_onshore,0.658291076305764
50,10,2030,1,wind_onshore,0.6505303865335097
50,11,2030,1,wind_onshore,0.6216301846608676
50,12,2030,1,wind_onshore,0.6596813272105475
50,13,2030,1,wind_onshore,0.7014727379952864
50,14,2030,1,wind_onshore,0.7247615425485608
50,15,2030,1,wind_onshore,0.7219720291158402
50,16,2030,1,wind_onshore,0.7052405379571416
50,17,2030,1,wind_onshore,0.6802903772586515
50,18,2030,1,wind_onshore,0.6632651448938631
50,19,2030,1,wind_onshore,0.6521888104906624
50,20,2030,1,wind_onshore,0.6430485845849879
50,21,2030,1,wind_onshore,0.6358724485352494
50,22,2030,1,wind_onshore,0.6281556437973624
50,23,2030,1,wind_onshore,0.6066016466497817
50,24,2030,1,wind_onshore,0.6014316624770139
51,1,2030,1,demand,0.49276220608031507
51,2,2030,1,demand,0.4744554250924494
51,3,2030,1,demand,0.4599605050159158
51,4,2030,1,demand,0.44831552238876515
51,5,2030,1,demand,0.4383415286546435
51,6,2030,1,demand,0.4258193615345257
51,7,2030,1,demand,0.4324628462387119
51,8,2030,1,demand,0.4605695745810172
51,9,2030,1,demand,0.4941299299810866
51,10,2030,1,demand,0.5262745418143158
51,11,2030,1,demand,0.5444151632115357
51,12,2030,1,demand,0.5437790998543299
51,13,2030,1,demand,0.546887994139495
51,14,2030,1,demand,0.5383766017016295
51,15,2030,1,demand,0.519069737333181
51,16,2030,1,demand,0.5005965811239825
51,17,2030,1,demand,0.5020554858074773
51,18,2030,1,demand,0.5143033916188455
51,19,2030,1,demand,0.5365499720504208
51,20,2030,1,demand,0.558408316482423
51,21,2030,1,demand,0.5771251509078743
51,22,2030,1,demand,0.5665115922402555
51,23,2030,1,demand,0.5253703708409025
51,24,2030,1,demand,0.5101495268536932
51,1,2030,1,solar,0.0
51,2,2030,1,solar,0.0
51,3,2030,1,solar,0.0
51,4,2030,1,solar,0.0
51,5,2030,1,solar,0.0
51,6,2030,1,solar,0.0
51,7,2030,1,solar,0.0
51,8,2030,1,solar,0.008236284522494714
51,9,2030,1,solar,0.14388955737327225
51,10,2030,1,solar,0.3243741179104656
51,11,2030,1,solar,0.44557591715131895
51,12,2030,1,solar,0.5330316815170955
51,13,2030,1,solar,0.5649774061322728
51,14,2030,1,solar,0.546931533127621
51,15,2030,1,solar,0.48123301131331
51,16,2030,1,solar,0.36989759478879414
51,17,2030,1,solar,0.22429335921023374
51,18,2030,1,solar,0.08774837649266176
51,19,2030,1,solar,1.1606495571820104e-5
51,20,2030,1,solar,0.0
51,21,2030,1,solar,0.0
51,22,2030,1,solar,0.0
51,23,2030,1,solar,0.0
51,24,2030,1,solar,0.0
51,1,2030,1,wind_offshore,0.6345611370524822
51,2,2030,1,wind_offshore,0.5027145500475675
51,3,2030,1,wind_offshore,0.42915489277759555
51,4,2030,1,wind_offshore,0.3365909781484282
51,5,2030,1,wind_offshore,0.3019929613687998
51,6,2030,1,wind_offshore,0.29878376471969054
51,7,2030,1,wind_offshore,0.27952510444288364
51,8,2030,1,wind_offshore,0.25311581466032707
51,9,2030,1,wind_offshore,0.19077260966441567
51,10,2030,1,wind_offshore,0.14514831949988719
51,11,2030,1,wind_offshore,0.2223544444236037
51,12,2030,1,wind_offshore,0.3090537886055362
51,13,2030,1,wind_offshore,0.5187531371603138
51,14,2030,1,wind_offshore,0.8276544940972768
51,15,2030,1,wind_offshore,0.9360480061558538
51,16,2030,1,wind_offshore,0.9370736731402489
51,17,2030,1,wind_offshore,0.9100022378148631
51,18,2030,1,wind_offshore,0.9060385856564189
51,19,2030,1,wind_offshore,0.9060450421922368
51,20,2030,1,wind_offshore,0.8799535647535399
51,21,2030,1,wind_offshore,0.8339973067394706
51,22,2030,1,wind_offshore,0.8071382499864689
51,23,2030,1,wind_offshore,0.8286042264527007
51,24,2030,1,wind_offshore,0.8099566034626154
51,1,2030,1,wind_onshore,0.5544608764257059
51,2,2030,1,wind_onshore,0.5359899103562582
51,3,2030,1,wind_onshore,0.5161681969439325
51,4,2030,1,wind_onshore,0.5005685644221005
51,5,2030,1,wind_onshore,0.4867658303322809
51,6,2030,1,wind_onshore,0.4691796078575894
51,7,2030,1,wind_onshore,0.45190254337765123
51,8,2030,1,wind_onshore,0.4458756759196474
51,9,2030,1,wind_onshore,0.42769043595959766
51,10,2030,1,wind_onshore,0.42942060647180047
51,11,2030,1,wind_onshore,0.48457891120970537
51,12,2030,1,wind_onshore,0.5334125619475257
51,13,2030,1,wind_onshore,0.5645355384910093
51,14,2030,1,wind_onshore,0.5836422448509624
51,15,2030,1,wind_onshore,0.6289162877377471
51,16,2030,1,wind_onshore,0.6488169213537973
51,17,2030,1,wind_onshore,0.6672099110058638
51,18,2030,1,wind_onshore,0.6398561584753581
51,19,2030,1,wind_onshore,0.5822791946181045
51,20,2030,1,wind_onshore,0.5487549806439886
51,21,2030,1,wind_onshore,0.5578970127402003
51,22,2030,1,wind_onshore,0.5693127097626555
51,23,2030,1,wind_onshore,0.626229611699892
51,24,2030,1,wind_onshore,0.6248739157716287
52,1,2030,1,demand,0.510364693752041
52,2,2030,1,demand,0.49546708894459207
52,3,2030,1,demand,0.48736364609525673
52,4,2030,1,demand,0.477857427866358
52,5,2030,1,demand,0.48138119919186995
52,6,2030,1,demand,0.49814387795850845
52,7,2030,1,demand,0.5304876106783645
52,8,2030,1,demand,0.5701486990258301
52,9,2030,1,demand,0.6023610528021569
52,10,2030,1,demand,0.6277479869159764
52,11,2030,1,demand,0.6336797237351854
52,12,2030,1,demand,0.6315051920592782
52,13,2030,1,demand,0.6256848007168268
52,14,2030,1,demand,0.6164114517504364
52,15,2030,1,demand,0.6013107553418278
52,16,2030,1,demand,0.5958844881053185
52,17,2030,1,demand,0.596132905367772
52,18,2030,1,demand,0.6109957350948665
52,19,2030,1,demand,0.633643721365853
52,20,2030,1,demand,0.6529462049170929
52,21,2030,1,demand,0.6505600910980022
52,22,2030,1,demand,0.6164065264184517
52,23,2030,1,demand,0.5657283027140895
52,24,2030,1,demand,0.5477411014130468
52,1,2030,1,solar,0.0
52,2,2030,1,solar,0.0
52,3,2030,1,solar,0.0
52,4,2030,1,solar,0.0
52,5,2030,1,solar,0.0
52,6,2030,1,solar,1.4928617163896795e-5
52,7,2030,1,solar,0.003362539561601868
52,8,2030,1,solar,0.019630898672876346
52,9,2030,1,solar,0.101881832978209
52,10,2030,1,solar,0.2261095344419032
52,11,2030,1,solar,0.3347665711122977
52,12,2030,1,solar,0.4179193551277616
52,13,2030,1,solar,0.4543515165979328
52,14,2030,1,solar,0.4367236974636798
52,15,2030,1,solar,0.3761360221931472
52,16,2030,1,solar,0.28353487799525146
52,17,2030,1,solar,0.16219409359367964
52,18,2030,1,solar,0.049275489079528834
52,19,2030,1,solar,0.008517649173160103
52,20,2030,1,solar,0.00019415986241195206
52,21,2030,1,solar,0.0
52,22,2030,1,solar,0.0
52,23,2030,1,solar,0.0
52,24,2030,1,solar,0.0
52,1,2030,1,wind_offshore,0.7055155152972084
52,2,2030,1,wind_offshore,0.7499878629033689
52,3,2030,1,wind_offshore,0.7614384953819668
52,4,2030,1,wind_offshore,0.7365228427577499
52,5,2030,1,wind_offshore,0.6901342146506007
52,6,2030,1,wind_offshore,0.6067443612119348
52,7,2030,1,wind_offshore,0.4960937867058705
52,8,2030,1,wind_offshore,0.41487833191596346
52,9,2030,1,wind_offshore,0.370278108660916
52,10,2030,1,wind_offshore,0.34484334121699795
52,11,2030,1,wind_offshore,0.28477986610118455
52,12,2030,1,wind_offshore,0.24697341061105785
52,13,2030,1,wind_offshore,0.22999759706489575
52,14,2030,1,wind_offshore,0.22938498971908738
52,15,2030,1,wind_offshore,0.2171773482193367
52,16,2030,1,wind_offshore,0.21086223727815284
52,17,2030,1,wind_offshore,0.2128066638821927
52,18,2030,1,wind_offshore,0.20891711434550136
52,19,2030,1,wind_offshore,0.22006572435172914
52,20,2030,1,wind_offshore,0.2526360364449659
52,21,2030,1,wind_offshore,0.2911069889842491
52,22,2030,1,wind_offshore,0.33224418397292654
52,23,2030,1,wind_offshore,0.34476415637502494
52,24,2030,1,wind_offshore,0.34254060778613926
52,1,2030,1,wind_onshore,0.40271124251723267
52,2,2030,1,wind_onshore,0.40683162187121713
52,3,2030,1,wind_onshore,0.40493692573528073
52,4,2030,1,wind_onshore,0.40177212911851096
52,5,2030,1,wind_onshore,0.40304743899816664
52,6,2030,1,wind_onshore,0.40180349415755573
52,7,2030,1,wind_onshore,0.3968439577680973
52,8,2030,1,wind_onshore,0.38901522286935497
52,9,2030,1,wind_onshore,0.38315251325895805
52,10,2030,1,wind_onshore,0.3934511701317998
52,11,2030,1,wind_onshore,0.40014190350156725
52,12,2030,1,wind_onshore,0.43181237604141964
52,13,2030,1,wind_onshore,0.45739106142443964
52,14,2030,1,wind_onshore,0.4673817507004818
52,15,2030,1,wind_onshore,0.46788955885218186
52,16,2030,1,wind_onshore,0.4557375583621437
52,17,2030,1,wind_onshore,0.4292324681262244
52,18,2030,1,wind_onshore,0.4083239423165237
52,19,2030,1,wind_onshore,0.3928630987023573
52,20,2030,1,wind_onshore,0.3897246717764947
52,21,2030,1,wind_onshore,0.3842123095553412
52,22,2030,1,wind_onshore,0.3703039029247953
52,23,2030,1,wind_onshore,0.3489972725030551
52,24,2030,1,wind_onshore,0.3421472257703539
53,1,2030,1,demand,0.4906945294709257
53,2,2030,1,demand,0.47548959917330913
53,3,2030,1,demand,0.4663812931336461
53,4,2030,1,demand,0.4530391352703077
53,5,2030,1,demand,0.44961358475100527
53,6,2030,1,demand,0.45906751405543444
53,7,2030,1,demand,0.4807986031740942
53,8,2030,1,demand,0.5111439105524046
53,9,2030,1,demand,0.5416753569758294
53,10,2030,1,demand,0.5711491774897721
53,11,2030,1,demand,0.5788796467962676
53,12,2030,1,demand,0.5773281507260468
53,13,2030,1,demand,0.568706060845046
53,14,2030,1,demand,0.5642991195355848
53,15,2030,1,demand,0.5497931755509637
53,16,2030,1,demand,0.5343187396543818
53,17,2030,1,demand,0.5373311280143045
53,18,2030,1,demand,0.5494979233415097
53,19,2030,1,demand,0.569511762521058
53,20,2030,1,demand,0.5889339333533867
53,21,2030,1,demand,0.5893544956223709
53,22,2030,1,demand,0.5644006115593869
53,23,2030,1,demand,0.5286597669198561
53,24,2030,1,demand,0.5189731409197584
53,1,2030,1,solar,0.0
53,2,2030,1,solar,0.0
53,3,2030,1,solar,0.0
53,4,2030,1,solar,0.0
53,5,2030,1,solar,0.0
53,6,2030,1,solar,0.0
53,7,2030,1,solar,0.0
53,8,2030,1,solar,0.006749140196781166
53,9,2030,1,solar,0.05558720170475574
53,10,2030,1,solar,0.1316502634764694
53,11,2030,1,solar,0.21697008760585007
53,12,2030,1,solar,0.2673421731897756
53,13,2030,1,solar,0.2827967216563484
53,14,2030,1,solar,0.27443955312659796
53,15,2030,1,solar,0.24749272077882967
53,16,2030,1,solar,0.19624540847112593
53,17,2030,1,solar,0.12607671929367115
53,18,2030,1,solar,0.05345665447223849
53,19,2030,1,solar,0.0031881411798545247
53,20,2030,1,solar,0.0
53,21,2030,1,solar,0.0
53,22,2030,1,solar,0.0
53,23,2030,1,solar,0.0
53,24,2030,1,solar,0.0
53,1,2030,1,wind_offshore,0.014576629180835136
53,2,2030,1,wind_offshore,0.027224051162936858
53,3,2030,1,wind_offshore,0.051462378408249784
53,4,2030,1,wind_offshore,0.09817972837482741
53,5,2030,1,wind_offshore,0.18556083263398734
53,6,2030,1,wind_offshore,0.30917849920230955
53,7,2030,1,wind_offshore,0.48926394144702845
53,8,2030,1,wind_offshore,0.6964574891705482
53,9,2030,1,wind_offshore,0.806196024398932
53,10,2030,1,wind_offshore,0.8715451389580872
53,11,2030,1,wind_offshore,0.9044860885244551
53,12,2030,1,wind_offshore,0.9210918032769286
53,13,2030,1,wind_offshore,0.914720358522612
53,14,2030,1,wind_offshore,0.9229931235673862
53,15,2030,1,wind_offshore,0.9340690246741714
53,16,2030,1,wind_offshore,0.9364993452195298
53,17,2030,1,wind_offshore,0.9457643597959065
53,18,2030,1,wind_offshore,0.9407380151646346
53,19,2030,1,wind_offshore,0.9358152540385938
53,20,2030,1,wind_offshore,0.9298531096044745
53,21,2030,1,wind_offshore,0.9352663790095561
53,22,2030,1,wind_offshore,0.9357739240929323
53,23,2030,1,wind_offshore,0.9412397810510946
53,24,2030,1,wind_offshore,0.9460867538132229
53,1,2030,1,wind_onshore,0.4866885090105817
53,2,2030,1,wind_onshore,0.47300244163990435
53,3,2030,1,wind_onshore,0.46328618728915816
53,4,2030,1,wind_onshore,0.4486515950000429
53,5,2030,1,wind_onshore,0.4416230038550516
53,6,2030,1,wind_onshore,0.442176332724723
53,7,2030,1,wind_onshore,0.4407044582557096
53,8,2030,1,wind_onshore,0.45685747726155435
53,9,2030,1,wind_onshore,0.4737816162645132
53,10,2030,1,wind_onshore,0.49357586620605964
53,11,2030,1,wind_onshore,0.5791316366619269
53,12,2030,1,wind_onshore,0.6223617753643835
53,13,2030,1,wind_onshore,0.6572070335129953
53,14,2030,1,wind_onshore,0.6692117199338687
53,15,2030,1,wind_onshore,0.6605901270826506
53,16,2030,1,wind_onshore,0.6373201256454631
53,17,2030,1,wind_onshore,0.6108159832046707
53,18,2030,1,wind_onshore,0.5798500490189444
53,19,2030,1,wind_onshore,0.5708616343032592
53,20,2030,1,wind_onshore,0.5657676187427845
53,21,2030,1,wind_onshore,0.5533605403401111
53,22,2030,1,wind_onshore,0.5442624992666487
53,23,2030,1,wind_onshore,0.5086433796936061
53,24,2030,1,wind_onshore,0.5096686939103856
54,1,2030,1,demand,0.5273801623690757
54,2,2030,1,demand,0.5155587575048537
54,3,2030,1,demand,0.5050467378003071
54,4,2030,1,demand,0.49378894672246576
54,5,2030,1,demand,0.4960634627835148
54,6,2030,1,demand,0.5064336059163915
54,7,2030,1,demand,0.5243787489398243
54,8,2030,1,demand,0.5547177847812845
54,9,2030,1,demand,0.6000403249499455
54,10,2030,1,demand,0.6354497447887741
54,11,2030,1,demand,0.6576680551596766
54,12,2030,1,demand,0.6712706061333725
54,13,2030,1,demand,0.6721284756442388
54,14,2030,1,demand,0.6619898484446581
54,15,2030,1,demand,0.6601587395506863
54,16,2030,1,demand,0.6561432178171331
54,17,2030,1,demand,0.6511249932866923
54,18,2030,1,demand,0.6464201485111871
54,19,2030,1,demand,0.6462806314345938
54,20,2030,1,demand,0.6448785669635013
54,21,2030,1,demand,0.6391875787853084
54,22,2030,1,demand,0.6100192337870778
54,23,2030,1,demand,0.5695817387022512
54,24,2030,1,demand,0.5535688101281823
54,1,2030,1,solar,0.0
54,2,2030,1,solar,0.0
54,3,2030,1,solar,0.0
54,4,2030,1,solar,0.0
54,5,2030,1,solar,0.0
54,6,2030,1,solar,9.974431148666782e-5
54,7,2030,1,solar,0.01473604805677659
54,8,2030,1,solar,0.13796737038668397
54,9,2030,1,solar,0.32936413571508105
54,10,2030,1,solar,0.507946005590199
54,11,2030,1,solar,0.618206991279222
54,12,2030,1,solar,0.6950166870470753
54,13,2030,1,solar,0.7153647574040004
54,14,2030,1,solar,0.699310435390445
54,15,2030,1,solar,0.6289276153608591
54,16,2030,1,solar,0.5309031737007278
54,17,2030,1,solar,0.3926086022821901
54,18,2030,1,solar,0.22877664401498227
54,19,2030,1,solar,0.06764630772513905
54,20,2030,1,solar,0.0014871768243017584
54,21,2030,1,solar,0.0
54,22,2030,1,solar,0.0
54,23,2030,1,solar,0.0
54,24,2030,1,solar,0.0
54,1,2030,1,wind_offshore,0.38756529102904985
54,2,2030,1,wind_offshore,0.42130590540735896
54,3,2030,1,wind_offshore,0.4585335677291965
54,4,2030,1,wind_offshore,0.509541274925719
54,5,2030,1,wind_offshore,0.552510493367544
54,6,2030,1,wind_offshore,0.5272505219380603
54,7,2030,1,wind_offshore,0.4777974518287418
54,8,2030,1,wind_offshore,0.44022465841631836
54,9,2030,1,wind_offshore,0.43999475398135435
54,10,2030,1,wind_offshore,0.4533666813574844
54,11,2030,1,wind_offshore,0.47503594470763144
54,12,2030,1,wind_offshore,0.49690059778916496
54,13,2030,1,wind_offshore,0.5272412245527437
54,14,2030,1,wind_offshore,0.564626055820638
54,15,2030,1,wind_offshore,0.5839972607181587
54,16,2030,1,wind_offshore,0.5919121006290688
54,17,2030,1,wind_offshore,0.5859997079031415
54,18,2030,1,wind_offshore,0.5448014862494833
54,19,2030,1,wind_offshore,0.4990065692394577
54,20,2030,1,wind_offshore,0.46569170324173453
54,21,2030,1,wind_offshore,0.425843892522224
54,22,2030,1,wind_offshore,0.37728532327979586
54,23,2030,1,wind_offshore,0.30577537219121476
54,24,2030,1,wind_offshore,0.27060585976764084
54,1,2030,1,wind_onshore,0.2062725965928145
54,2,2030,1,wind_onshore,0.19603956067397668
54,3,2030,1,wind_onshore,0.18279943634958978
54,4,2030,1,wind_onshore,0.17366107698639105
54,5,2030,1,wind_onshore,0.16314369837388204
54,6,2030,1,wind_onshore,0.1556974979714346
54,7,2030,1,wind_onshore,0.15412637203625404
54,8,2030,1,wind_onshore,0.14697839328083254
54,9,2030,1,wind_onshore,0.14888026667414664
54,10,2030,1,wind_onshore,0.15443251319789406
54,11,2030,1,wind_onshore,0.157889807694592
54,12,2030,1,wind_onshore,0.17347096039673587
54,13,2030,1,wind_onshore,0.19232519915697555
54,14,2030,1,wind_onshore,0.21274151005314462
54,15,2030,1,wind_onshore,0.24347034088447878
54,16,2030,1,wind_onshore,0.2722905059936828
54,17,2030,1,wind_onshore,0.30059505290747374
54,18,2030,1,wind_onshore,0.31435357127260105
54,19,2030,1,wind_onshore,0.32065883088726227
54,20,2030,1,wind_onshore,0.3259231473543621
54,21,2030,1,wind_onshore,0.332137630773282
54,22,2030,1,wind_onshore,0.31834674038607613
54,23,2030,1,wind_onshore,0.28362573606267366
54,24,2030,1,wind_onshore,0.2712013721206899
55,1,2030,1,demand,0.5296266043527977
55,2,2030,1,demand,0.5173492600811547
55,3,2030,1,demand,0.5054603206100305
55,4,2030,1,demand,0.49601835546246154
55,5,2030,1,demand,0.5002512270178536
55,6,2030,1,demand,0.5303788671202279
55,7,2030,1,demand,0.5770739632045331
55,8,2030,1,demand,0.6281533324023945
55,9,2030,1,demand,0.6658169958270129
55,10,2030,1,demand,0.6915883415099219
55,11,2030,1,demand,0.7046934812337484
55,12,2030,1,demand,0.7109795141925991
55,13,2030,1,demand,0.7031090972855755
55,14,2030,1,demand,0.6929120403823394
55,15,2030,1,demand,0.6734429104473582
55,16,2030,1,demand,0.6604756419685154
55,17,2030,1,demand,0.667298438373096
55,18,2030,1,demand,0.684727814264922
55,19,2030,1,demand,0.717135166883899
55,20,2030,1,demand,0.7457102756981888
55,21,2030,1,demand,0.7349517345876657
55,22,2030,1,demand,0.6851690403412192
55,23,2030,1,demand,0.6226747231034013
55,24,2030,1,demand,0.6011295864899362
55,1,2030,1,solar,0.0
55,2,2030,1,solar,0.0
55,3,2030,1,solar,0.0
55,4,2030,1,solar,0.0
55,5,2030,1,solar,0.0
55,6,2030,1,solar,0.0
55,7,2030,1,solar,0.0
55,8,2030,1,solar,0.0
55,9,2030,1,solar,0.01937416678504472
55,10,2030,1,solar,0.07496119549707632
55,11,2030,1,solar,0.12578913794885346
55,12,2030,1,solar,0.16120602253871785
55,13,2030,1,solar,0.1785307436750731
55,14,2030,1,solar,0.17530908202938578
55,15,2030,1,solar,0.14205699114363105
55,16,2030,1,solar,0.08875234061610451
55,17,2030,1,solar,0.034567186765519675
55,18,2030,1,solar,0.0
55,19,2030,1,solar,0.0
55,20,2030,1,solar,0.0
55,21,2030,1,solar,0.0
55,22,2030,1,solar,0.0
55,23,2030,1,solar,0.0
55,24,2030,1,solar,0.0
55,1,2030,1,wind_offshore,0.6746795019758492
55,2,2030,1,wind_offshore,0.6232389747643038
55,3,2030,1,wind_offshore,0.5607490339810949
55,4,2030,1,wind_offshore,0.49728391647136727
55,5,2030,1,wind_offshore,0.4252042208984781
55,6,2030,1,wind_offshore,0.3533945554591353
55,7,2030,1,wind_offshore,0.29252246422799016
55,8,2030,1,wind_offshore,0.24489467419393088
55,9,2030,1,wind_offshore,0.21126953071119073
55,10,2030,1,wind_offshore,0.1838433942758129
55,11,2030,1,wind_offshore,0.1521519068068734
55,12,2030,1,wind_offshore,0.13836129969647964
55,13,2030,1,wind_offshore,0.1100714212981238
55,14,2030,1,wind_offshore,0.08610430442575293
55,15,2030,1,wind_offshore,0.06130554651976981
55,16,2030,1,wind_offshore,0.03927757378000829
55,17,2030,1,wind_offshore,0.03013073929318611
55,18,2030,1,wind_offshore,0.025401688481986213
55,19,2030,1,wind_offshore,0.020963756945288296
55,20,2030,1,wind_offshore,0.019971604164420627
55,21,2030,1,wind_offshore,0.022342481061357725
55,22,2030,1,wind_offshore,0.02654824795675977
55,23,2030,1,wind_offshore,0.05424238704354428
55,24,2030,1,wind_offshore,0.06653234025756824
55,1,2030,1,wind_onshore,0.16344190272056702
55,2,2030,1,wind_onshore,0.16317182796181598
55,3,2030,1,wind_onshore,0.16119368892809327
55,4,2030,1,wind_onshore,0.15685282321969746
55,5,2030,1,wind_onshore,0.15036482561448763
55,6,2030,1,wind_onshore,0.14642955332741184
55,7,2030,1,wind_onshore,0.1462155179426391
55,8,2030,1,wind_onshore,0.14606330207574603
55,9,2030,1,wind_onshore,0.14417888364145212
55,10,2030,1,wind_onshore,0.14019936596625673
55,11,2030,1,wind_onshore,0.11796596898329798
55,12,2030,1,wind_onshore,0.11084837234783163
55,13,2030,1,wind_onshore,0.11205946630226402
55,14,2030,1,wind_onshore,0.11286895618845597
55,15,2030,1,wind_onshore,0.11564941223824714
55,16,2030,1,wind_onshore,0.10630089341660354
55,17,2030,1,wind_onshore,0.10202491849866108
55,18,2030,1,wind_onshore,0.10146802930122913
55,19,2030,1,wind_onshore,0.09902124670755905
55,20,2030,1,wind_onshore,0.09257961583781274
55,21,2030,1,wind_onshore,0.08984880168114492
55,22,2030,1,wind_onshore,0.08601213050634407
55,23,2030,1,wind_onshore,0.09796380555932392
55,24,2030,1,wind_onshore,0.0919877027354487
56,1,2030,1,demand,0.49255880227504906
56,2,2030,1,demand,0.4816026171574976
56,3,2030,1,demand,0.4720419333119077
56,4,2030,1,demand,0.46232292428560723
56,5,2030,1,demand,0.46632395580230573
56,6,2030,1,demand,0.4830591135632469
56,7,2030,1,demand,0.5106470180209003
56,8,2030,1,demand,0.552844473469095
56,9,2030,1,demand,0.585274538282375
56,10,2030,1,demand,0.6141654214904088
56,11,2030,1,demand,0.6215490856579587
56,12,2030,1,demand,0.6303557338268401
56,13,2030,1,demand,0.6268448514298833
56,14,2030,1,demand,0.6147943126001395
56,15,2030,1,demand,0.6028148690572445
56,16,2030,1,demand,0.5990530284018166
56,17,2030,1,demand,0.599860541028122
56,18,2030,1,demand,0.6098453022286864
56,19,2030,1,demand,0.6343805378066062
56,20,2030,1,demand,0.6477795384107069
56,21,2030,1,demand,0.6439706988598467
56,22,2030,1,demand,0.6083737995710764
56,23,2030,1,demand,0.5598514793256225
56,24,2030,1,demand,0.538748683674024
56,1,2030,1,solar,0.0
56,2,2030,1,solar,0.0
56,3,2030,1,solar,0.0
56,4,2030,1,solar,0.0
56,5,2030,1,solar,0.0
56,6,2030,1,solar,0.0
56,7,2030,1,solar,0.0
56,8,2030,1,solar,0.010053272101220754
56,9,2030,1,solar,0.07867060874411316
56,10,2030,1,solar,0.17936462594575964
56,11,2030,1,solar,0.2646001338920037
56,12,2030,1,solar,0.32179691920707215
56,13,2030,1,solar,0.34748551224840946
56,14,2030,1,solar,0.32933741437296415
56,15,2030,1,solar,0.26963785320652195
56,16,2030,1,solar,0.19071136067013503
56,17,2030,1,solar,0.09367717046568368
56,18,2030,1,solar,0.013503077058755116
56,19,2030,1,solar,0.0
56,20,2030,1,solar,0.0
56,21,2030,1,solar,0.0
56,22,2030,1,solar,0.0
56,23,2030,1,solar,0.0
56,24,2030,1,solar,0.0
56,1,2030,1,wind_offshore,0.21153561879545124
56,2,2030,1,wind_offshore,0.2433453361085535
56,3,2030,1,wind_offshore,0.28330849529602325
56,4,2030,1,wind_offshore,0.2880640936615663
56,5,2030,1,wind_offshore,0.3042167443230121
56,6,2030,1,wind_offshore,0.35121450949127575
56,7,2030,1,wind_offshore,0.3981312587373979
56,8,2030,1,wind_offshore,0.43060826458136314
56,9,2030,1,wind_offshore,0.4403737501617946
56,10,2030,1,wind_offshore,0.46049019365140387
56,11,2030,1,wind_offshore,0.5623658113621893
56,12,2030,1,wind_offshore,0.6844438125417113
56,13,2030,1,wind_offshore,0.8004519322321463
56,14,2030,1,wind_offshore,0.8377307752405377
56,15,2030,1,wind_offshore,0.8567823703209264
56,16,2030,1,wind_offshore,0.8795791886029596
56,17,2030,1,wind_offshore,0.891297660352902
56,18,2030,1,wind_offshore,0.9021069212115084
56,19,2030,1,wind_offshore,0.8776015955098196
56,20,2030,1,wind_offshore,0.8842095391137477
56,21,2030,1,wind_offshore,0.8833253076006891
56,22,2030,1,wind_offshore,0.8519652825102327
56,23,2030,1,wind_offshore,0.7897360400395629
56,24,2030,1,wind_offshore,0.7820960726744972
56,1,2030,1,wind_onshore,0.32074618006941596
56,2,2030,1,wind_onshore,0.3208921673894605
56,3,2030,1,wind_onshore,0.3184196419512879
56,4,2030,1,wind_onshore,0.31749197544329916
56,5,2030,1,wind_onshore,0.31433113874164464
56,6,2030,1,wind_onshore,0.314204016662491
56,7,2030,1,wind_onshore,0.30546863227852517
56,8,2030,1,wind_onshore,0.3005366629978476
56,9,2030,1,wind_onshore,0.29624254471919326
56,10,2030,1,wind_onshore,0.28627492858427156
56,11,2030,1,wind_onshore,0.29078526274893296
56,12,2030,1,wind_onshore,0.3234792429705473
56,13,2030,1,wind_onshore,0.35203835327046223
56,14,2030,1,wind_onshore,0.3760736613644607
56,15,2030,1,wind_onshore,0.38359973895172333
56,16,2030,1,wind_onshore,0.3629234763584634
56,17,2030,1,wind_onshore,0.33017171785048155
56,18,2030,1,wind_onshore,0.30709606657349336
56,19,2030,1,wind_onshore,0.30339326417338197
56,20,2030,1,wind_onshore,0.30358418313737395
56,21,2030,1,wind_onshore,0.30025215292053137
56,22,2030,1,wind_onshore,0.3028189366549658
56,23,2030,1,wind_onshore,0.3258788802001382
56,24,2030,1,wind_onshore,0.33105031069234053
57,1,2030,1,demand,0.5184883032615576
57,2,2030,1,demand,0.5083338825989524
57,3,2030,1,demand,0.49554535059755106
57,4,2030,1,demand,0.4861813077962543
57,5,2030,1,demand,0.4912430649342548
57,6,2030,1,demand,0.5066533271066104
57,7,2030,1,demand,0.5296673152062645
57,8,2030,1,demand,0.561583417048409
57,9,2030,1,demand,0.5979998372569945
57,10,2030,1,demand,0.6249755610585717
57,11,2030,1,demand,0.6430410426799262
57,12,2030,1,demand,0.6518618711327133
57,13,2030,1,demand,0.6477538564859391
57,14,2030,1,demand,0.639147124517954
57,15,2030,1,demand,0.627319487237962
57,16,2030,1,demand,0.6233726813281792
57,17,2030,1,demand,0.6230228848955233
57,18,2030,1,demand,0.6239224418547307
57,19,2030,1,demand,0.6307317521247328
57,20,2030,1,demand,0.6380008231393329
57,21,2030,1,demand,0.6351821323450856
57,22,2030,1,demand,0.6028389631809389
57,23,2030,1,demand,0.5604548672295407
57,24,2030,1,demand,0.5507196843737585
57,1,2030,1,solar,0.0
57,2,2030,1,solar,0.0
57,3,2030,1,solar,0.0
57,4,2030,1,solar,0.0
57,5,2030,1,solar,0.0
57,6,2030,1,solar,0.00016232114177505425
57,7,2030,1,solar,0.014464327422823345
57,8,2030,1,solar,0.09972217973900233
57,9,2030,1,solar,0.2615009050290385
57,10,2030,1,solar,0.42647856170714793
57,11,2030,1,solar,0.5446076603293544
57,12,2030,1,solar,0.6266663574562581
57,13,2030,1,solar,0.6560552647351536
57,14,2030,1,solar,0.6397549856619882
57,15,2030,1,solar,0.5771619346143968
57,16,2030,1,solar,0.47358413118758974
57,17,2030,1,solar,0.32886372045042256
57,18,2030,1,solar,0.16806940158764147
57,19,2030,1,solar,0.045116316564476476
57,20,2030,1,solar,0.002821490678405539
57,21,2030,1,solar,0.0
57,22,2030,1,solar,0.0
57,23,2030,1,solar,0.0
57,24,2030,1,solar,0.0
57,1,2030,1,wind_offshore,0.9273521536643372
57,2,2030,1,wind_offshore,0.9283834578397919
57,3,2030,1,wind_offshore,0.9287062780218096
57,4,2030,1,wind_offshore,0.9277997587768854
57,5,2030,1,wind_offshore,0.9234278848476501
57,6,2030,1,wind_offshore,0.9178077541705612
57,7,2030,1,wind_offshore,0.9103073837960519
57,8,2030,1,wind_offshore,0.9148430315393765
57,9,2030,1,wind_offshore,0.9189722336943074
57,10,2030,1,wind_offshore,0.9298672237459951
57,11,2030,1,wind_offshore,0.9283667183875216
57,12,2030,1,wind_offshore,0.9268823308796801
57,13,2030,1,wind_offshore,0.9299416913251297
57,14,2030,1,wind_offshore,0.9334814203320585
57,15,2030,1,wind_offshore,0.9380681373170665
57,16,2030,1,wind_offshore,0.9417613774038814
57,17,2030,1,wind_offshore,0.9490336207236792
57,18,2030,1,wind_offshore,0.9539972173318574
57,19,2030,1,wind_offshore,0.9559949350126616
57,20,2030,1,wind_offshore,0.9537463083306503
57,21,2030,1,wind_offshore,0.9492961713810799
57,22,2030,1,wind_offshore,0.9484871713994301
57,23,2030,1,wind_offshore,0.9377268445118533
57,24,2030,1,wind_offshore,0.9205967782159631
57,1,2030,1,wind_onshore,0.3338366719165822
57,2,2030,1,wind_onshore,0.32383974801609006
57,3,2030,1,wind_onshore,0.3118538962494776
57,4,2030,1,wind_onshore,0.30123845613378575
57,5,2030,1,wind_onshore,0.29144000287987154
57,6,2030,1,wind_onshore,0.2810361635192856
57,7,2030,1,wind_onshore,0.27080508304634726
57,8,2030,1,wind_onshore,0.25521646359396616
57,9,2030,1,wind_onshore,0.24432786821983685
57,10,2030,1,wind_onshore,0.24008051456491264
57,11,2030,1,wind_onshore,0.22580984033278836
57,12,2030,1,wind_onshore,0.23137790874608746
57,13,2030,1,wind_onshore,0.23983903238969367
57,14,2030,1,wind_onshore,0.24912970589707847
57,15,2030,1,wind_onshore,0.26420411480087674
57,16,2030,1,wind_onshore,0.2876761452184316
57,17,2030,1,wind_onshore,0.306054869244418
57,18,2030,1,wind_onshore,0.3321716176092763
57,19,2030,1,wind_onshore,0.35838406077212426
57,20,2030,1,wind_onshore,0.3794470178096691
57,21,2030,1,wind_onshore,0.3806206054504016
57,22,2030,1,wind_onshore,0.36563322109796875
57,23,2030,1,wind_onshore,0.33316743320001396
57,24,2030,1,wind_onshore,0.3203416562430584
58,1,2030,1,demand,0.5339127132171516
58,2,2030,1,demand,0.5251846807038384
58,3,2030,1,demand,0.5142854078704034
58,4,2030,1,demand,0.5050086750802313
58,5,2030,1,demand,0.51020646094092
58,6,2030,1,demand,0.5262827337396396
58,7,2030,1,demand,0.5477356492066919
58,8,2030,1,demand,0.5789302392083219
58,9,2030,1,demand,0.6169536506696014
58,10,2030,1,demand,0.6469608488646464
58,11,2030,1,demand,0.6654523500701125
58,12,2030,1,demand,0.6746914696304084
58,13,2030,1,demand,0.6706443786777951
58,14,2030,1,demand,0.6623453668128203
58,15,2030,1,demand,0.6534992979365387
58,16,2030,1,demand,0.6516374105812098
58,17,2030,1,demand,0.6469082987621707
58,18,2030,1,demand,0.6459860045309916
58,19,2030,1,demand,0.6468966201777233
58,20,2030,1,demand,0.6496225422417706
58,21,2030,1,demand,0.6422226487886948
58,22,2030,1,demand,0.6075807670323391
58,23,2030,1,demand,0.5677525156266519
58,24,2030,1,demand,0.5566926484213776
58,1,2030,1,solar,0.0
58,2,2030,1,solar,0.0
58,3,2030,1,solar,0.0
58,4,2030,1,solar,0.0
58,5,2030,1,solar,0.0
58,6,2030,1,solar,0.0002543595395036727
58,7,2030,1,solar,0.02249991444449892
58,8,2030,1,solar,0.144735882604491
58,9,2030,1,solar,0.3355112820976755
58,10,2030,1,solar,0.5125747549599552
58,11,2030,1,solar,0.6302941245733795
58,12,2030,1,solar,0.7044566683255457
58,13,2030,1,solar,0.7337819809273333
58,14,2030,1,solar,0.7213137861043252
58,15,2030,1,solar,0.6589916538092312
58,16,2030,1,solar,0.5555620922132357
58,17,2030,1,solar,0.4078180770337417
58,18,2030,1,solar,0.22948490563099475
58,19,2030,1,solar,0.0657633661284748
58,20,2030,1,solar,0.0029061950291576163
58,21,2030,1,solar,0.0
58,22,2030,1,solar,0.0
58,23,2030,1,solar,0.0
58,24,2030,1,solar,0.0
58,1,2030,1,wind_offshore,0.8931162772236365
58,2,2030,1,wind_offshore,0.8988037060779609
58,3,2030,1,wind_offshore,0.8933965252039985
58,4,2030,1,wind_offshore,0.8876540142913597
58,5,2030,1,wind_offshore,0.8905664207962595
58,6,2030,1,wind_offshore,0.8904594182931221
58,7,2030,1,wind_offshore,0.8887634268974228
58,8,2030,1,wind_offshore,0.8867877652242456
58,9,2030,1,wind_offshore,0.8909346428601558
58,10,2030,1,wind_offshore,0.9003101132486608
58,11,2030,1,wind_offshore,0.9208139465009123
58,12,2030,1,wind_offshore,0.9253072444337284
58,13,2030,1,wind_offshore,0.9228530365774459
58,14,2030,1,wind_offshore,0.9245758579619041
58,15,2030,1,wind_offshore,0.9239643927376185
58,16,2030,1,wind_offshore,0.928106903799284
58,17,2030,1,wind_offshore,0.9262088107498644
58,18,2030,1,wind_offshore,0.929945730404651
58,19,2030,1,wind_offshore,0.9245337453088475
58,20,2030,1,wind_offshore,0.9235300777142416
58,21,2030,1,wind_offshore,0.9214808421857997
58,22,2030,1,wind_offshore,0.9204879668816641
58,23,2030,1,wind_offshore,0.9207214666062281
58,24,2030,1,wind_offshore,0.9143910007001382
58,1,2030,1,wind_onshore,0.3354867512356761
58,2,2030,1,wind_onshore,0.3237725263465268
58,3,2030,1,wind_onshore,0.3142838711669224
58,4,2030,1,wind_onshore,0.31055020001590156
58,5,2030,1,wind_onshore,0.31186721125174305
58,6,2030,1,wind_onshore,0.3130818216650473
58,7,2030,1,wind_onshore,0.31664382095853977
58,8,2030,1,wind_onshore,0.3159413795947769
58,9,2030,1,wind_onshore,0.32317259916078417
58,10,2030,1,wind_onshore,0.3386759632949805
58,11,2030,1,wind_onshore,0.3448394821712129
58,12,2030,1,wind_onshore,0.36861092182032373
58,13,2030,1,wind_onshore,0.38848363174925
58,14,2030,1,wind_onshore,0.4085451314477721
58,15,2030,1,wind_onshore,0.4325936059670736
58,16,2030,1,wind_onshore,0.4609701030883692
58,17,2030,1,wind_onshore,0.4910419929935547
58,18,2030,1,wind_onshore,0.5144361448984466
58,19,2030,1,wind_onshore,0.5244131724307636
58,20,2030,1,wind_onshore,0.5291354693047801
58,21,2030,1,wind_onshore,0.5392543590907655
58,22,2030,1,wind_onshore,0.5292124732456136
58,23,2030,1,wind_onshore,0.48964085241044164
58,24,2030,1,wind_onshore,0.47449862289274947
59,1,2030,1,demand,0.48083626682342534
59,2,2030,1,demand,0.4729831758185555
59,3,2030,1,demand,0.46639460760695034
59,4,2030,1,demand,0.45691430658784055
59,5,2030,1,demand,0.44859258722596573
59,6,2030,1,demand,0.45307469622059643
59,7,2030,1,demand,0.4739339041093113
59,8,2030,1,demand,0.5044149639961718
59,9,2030,1,demand,0.530366463232718
59,10,2030,1,demand,0.5535331046798924
59,11,2030,1,demand,0.5583644774357511
59,12,2030,1,demand,0.5608398915363576
59,13,2030,1,demand,0.5577143595667262
59,14,2030,1,demand,0.5519140032844013
59,15,2030,1,demand,0.5424518122573506
59,16,2030,1,demand,0.5372898981729795
59,17,2030,1,demand,0.5429074865060325
59,18,2030,1,demand,0.5562325034519241
59,19,2030,1,demand,0.580819370233301
59,20,2030,1,demand,0.5963957609091298
59,21,2030,1,demand,0.5936262078969149
59,22,2030,1,demand,0.5700176721268646
59,23,2030,1,demand,0.5355332214719201
59,24,2030,1,demand,0.5293247154072652
59,1,2030,1,solar,0.0
59,2,2030,1,solar,0.0
59,3,2030,1,solar,0.0
59,4,2030,1,solar,0.0
59,5,2030,1,solar,0.0
59,6,2030,1,solar,0.0
59,7,2030,1,solar,0.0
59,8,2030,1,solar,0.018171287904359835
59,9,2030,1,solar,0.1528125507797806
59,10,2030,1,solar,0.3165545059265476
59,11,2030,1,solar,0.43729012052424077
59,12,2030,1,solar,0.5151492404862942
59,13,2030,1,solar,0.5400041117819083
59,14,2030,1,solar,0.5125179780443753
59,15,2030,1,solar,0.429212352702175
59,16,2030,1,solar,0.3011652567519543
59,17,2030,1,solar,0.14672441271886186
59,18,2030,1,solar,0.009815289821987913
59,19,2030,1,solar,0.0
59,20,2030,1,solar,0.0
59,21,2030,1,solar,0.0
59,22,2030,1,solar,0.0
59,23,2030,1,solar,0.0
59,24,2030,1,solar,0.0
59,1,2030,1,wind_offshore,0.7822239985340383
59,2,2030,1,wind_offshore,0.7985453429263224
59,3,2030,1,wind_offshore,0.794207077631068
59,4,2030,1,wind_offshore,0.7572848449354344
59,5,2030,1,wind_offshore,0.7185116678578637
59,6,2030,1,wind_offshore,0.6730089301396704
59,7,2030,1,wind_offshore,0.5735299881464622
59,8,2030,1,wind_offshore,0.4806633031555531
59,9,2030,1,wind_offshore,0.3630006644529547
59,10,2030,1,wind_offshore,0.35143155354439964
59,11,2030,1,wind_offshore,0.3944788590149207
59,12,2030,1,wind_offshore,0.46136337008823186
59,13,2030,1,wind_offshore,0.5899088846506502
59,14,2030,1,wind_offshore,0.6839469245043025
59,15,2030,1,wind_offshore,0.7130883029642563
59,16,2030,1,wind_offshore,0.7106266442708855
59,17,2030,1,wind_offshore,0.7121395041237686
59,18,2030,1,wind_offshore,0.7120329920575506
59,19,2030,1,wind_offshore,0.6877764935069202
59,20,2030,1,wind_offshore,0.6373583953815188
59,21,2030,1,wind_offshore,0.5993551478270264
59,22,2030,1,wind_offshore,0.5788609329961433
59,23,2030,1,wind_offshore,0.5474935670308653
59,24,2030,1,wind_offshore,0.510619305797865
59,1,2030,1,wind_onshore,0.24328848118869031
59,2,2030,1,wind_onshore,0.2364019298075538
59,3,2030,1,wind_onshore,0.21898937252514547
59,4,2030,1,wind_onshore,0.20807014980702684
59,5,2030,1,wind_onshore,0.19434984068965902
59,6,2030,1,wind_onshore,0.17939804047189764
59,7,2030,1,wind_onshore,0.1662550725590216
59,8,2030,1,wind_onshore,0.15281057767668227
59,9,2030,1,wind_onshore,0.14143365315953046
59,10,2030,1,wind_onshore,0.1284887663572194
59,11,2030,1,wind_onshore,0.12906491348855947
59,12,2030,1,wind_onshore,0.13000373569648294
59,13,2030,1,wind_onshore,0.13961392603759704
59,14,2030,1,wind_onshore,0.15655640190155837
59,15,2030,1,wind_onshore,0.16727761904608338
59,16,2030,1,wind_onshore,0.15989060218632684
59,17,2030,1,wind_onshore,0.1340408291385445
59,18,2030,1,wind_onshore,0.11590507118049719
59,19,2030,1,wind_onshore,0.11400462019359348
59,20,2030,1,wind_onshore,0.11399605206223144
59,21,2030,1,wind_onshore,0.11391925187840468
59,22,2030,1,wind_onshore,0.11410016541861788
59,23,2030,1,wind_onshore,0.13033223947978306
59,24,2030,1,wind_onshore,0.14328874784789655
60,1,2030,1,demand,0.5004949950146874
60,2,2030,1,demand,0.4943925372272097
60,3,2030,1,demand,0.4858652949676457
60,4,2030,1,demand,0.47632889458061767
60,5,2030,1,demand,0.47916755473567113
60,6,2030,1,demand,0.4867828427944959
60,7,2030,1,demand,0.504641870137095
60,8,2030,1,demand,0.5343347466939946
60,9,2030,1,demand,0.5621467381268659
60,10,2030,1,demand,0.5847158594613251
60,11,2030,1,demand,0.6004620289931588
60,12,2030,1,demand,0.609156755823929
60,13,2030,1,demand,0.6085364357263898
60,14,2030,1,demand,0.6020482329597407
60,15,2030,1,demand,0.5934269352835977
60,16,2030,1,demand,0.5874465751864468
60,17,2030,1,demand,0.5843750124468543
60,18,2030,1,demand,0.5863233207590457
60,19,2030,1,demand,0.5899890801553015
60,20,2030,1,demand,0.5953596801961932
60,21,2030,1,demand,0.5921518042711408
60,22,2030,1,demand,0.563572906072184
60,23,2030,1,demand,0.5299754449663938
60,24,2030,1,demand,0.5255928163112991
60,1,2030,1,solar,0.0
60,2,2030,1,solar,0.0
60,3,2030,1,solar,0.0
60,4,2030,1,solar,0.0
60,5,2030,1,solar,0.0
60,6,2030,1,solar,8.580471195471452e-5
60,7,2030,1,solar,0.018568134753995415
60,8,2030,1,solar,0.1302841900084697
60,9,2030,1,solar,0.30538815771167604
60,10,2030,1,solar,0.47127222608141944
60,11,2030,1,solar,0.5807537570534025
60,12,2030,1,solar,0.6502499335354027
60,13,2030,1,solar,0.6704365422374424
60,14,2030,1,solar,0.651216827763161
60,15,2030,1,solar,0.5858922364815552
60,16,2030,1,solar,0.48343737472087445
60,17,2030,1,solar,0.345139593295887
60,18,2030,1,solar,0.18412189503538337
60,19,2030,1,solar,0.05363525186065624
60,20,2030,1,solar,0.0030233694639943925
60,21,2030,1,solar,0.0
60,22,2030,1,solar,0.0
60,23,2030,1,solar,0.0
60,24,2030,1,solar,0.0
60,1,2030,1,wind_offshore,0.08426040752931203
60,2,2030,1,wind_offshore,0.07130571162894525
60,3,2030,1,wind_offshore,0.06555307761190807
60,4,2030,1,wind_offshore,0.06323048885602967
60,5,2030,1,wind_offshore,0.060494804410600365
60,6,2030,1,wind_offshore,0.04707304289495074
60,7,2030,1,wind_offshore,0.040988829102558993
60,8,2030,1,wind_offshore,0.03698529086598337
60,9,2030,1,wind_offshore,0.035524774509158696
60,10,2030,1,wind_offshore,0.03466466696772299
60,11,2030,1,wind_offshore,0.029324320841090174
60,12,2030,1,wind_offshore,0.027134938615385264
60,13,2030,1,wind_offshore,0.03042603023150174
60,14,2030,1,wind_offshore,0.03255350093000985
60,15,2030,1,wind_offshore,0.03487811260750688
60,16,2030,1,wind_offshore,0.044862962460180025
60,17,2030,1,wind_offshore,0.058137521807920256
60,18,2030,1,wind_offshore,0.0637932497440861
60,19,2030,1,wind_offshore,0.06484967169761179
60,20,2030,1,wind_offshore,0.060977962464077384
60,21,2030,1,wind_offshore,0.05616876384812164
60,22,2030,1,wind_offshore,0.055065019588675185
60,23,2030,1,wind_offshore,0.048838705262235015
60,24,2030,1,wind_offshore,0.04516483263356595
60,1,2030,1,wind_onshore,0.15480644021747725
60,2,2030,1,wind_onshore,0.14578251316103966
60,3,2030,1,wind_onshore,0.13793902792763973
60,4,2030,1,wind_onshore,0.1312211942660428
60,5,2030,1,wind_onshore,0.12357127148026832
60,6,2030,1,wind_onshore,0.11727002212629568
60,7,2030,1,wind_onshore,0.11090096676721227
60,8,2030,1,wind_onshore,0.09997994777460806
60,9,2030,1,wind_onshore,0.09143380793976891
60,10,2030,1,wind_onshore,0.09325398024723942
60,11,2030,1,wind_onshore,0.08694352736430544
60,12,2030,1,wind_onshore,0.09511733653189358
60,13,2030,1,wind_onshore,0.10519236068840558
60,14,2030,1,wind_onshore,0.11653119683334291
60,15,2030,1,wind_onshore,0.1318545024039058
60,16,2030,1,wind_onshore,0.14701039034131416
60,17,2030,1,wind_onshore,0.16000109116582195
60,18,2030,1,wind_onshore,0.17419159568673162
60,19,2030,1,wind_onshore,0.18208342251229706
60,20,2030,1,wind_onshore,0.18543007796704622
60,21,2030,1,wind_onshore,0.185728460675373
60,22,2030,1,wind_onshore,0.17695179946312842
60,23,2030,1,wind_onshore,0.1594647594454472
60,24,2030,1,wind_onshore,0.15149988613847978
61,1,2030,1,demand,0.5091823135624546
61,2,2030,1,demand,0.49347397321639325
61,3,2030,1,demand,0.4800973131167469
61,4,2030,1,demand,0.4703742480037892
61,5,2030,1,demand,0.47499552524494176
61,6,2030,1,demand,0.49209081549180406
61,7,2030,1,demand,0.5243370542573618
61,8,2030,1,demand,0.5682657885813064
61,9,2030,1,demand,0.6010963692535826
61,10,2030,1,demand,0.6250730414767532
61,11,2030,1,demand,0.6351969257032662
61,12,2030,1,demand,0.6335975532609917
61,13,2030,1,demand,0.6331866273220861
61,14,2030,1,demand,0.6228981715282721
61,15,2030,1,demand,0.6078414402710703
61,16,2030,1,demand,0.5964874240659581
61,17,2030,1,demand,0.5932417687016528
61,18,2030,1,demand,0.6107518972640728
61,19,2030,1,demand,0.6384148146768691
61,20,2030,1,demand,0.6607348680424411
61,21,2030,1,demand,0.6601024144938946
61,22,2030,1,demand,0.6242595991231387
61,23,2030,1,demand,0.5720805280336198
61,24,2030,1,demand,0.5501381707706764
61,1,2030,1,solar,0.0
61,2,2030,1,solar,0.0
61,3,2030,1,solar,0.0
61,4,2030,1,solar,0.0
61,5,2030,1,solar,0.0
61,6,2030,1,solar,0.0
61,7,2030,1,solar,0.0
61,8,2030,1,solar,0.0018974923151094771
61,9,2030,1,solar,0.06636850876170011
61,10,2030,1,solar,0.18660421961122628
61,11,2030,1,solar,0.3019823097061001
61,12,2030,1,solar,0.3855442425965769
61,13,2030,1,solar,0.4366701109621572
61,14,2030,1,solar,0.44502003677922614
61,15,2030,1,solar,0.3892194587131608
61,16,2030,1,solar,0.28504809006764364
61,17,2030,1,solar,0.14530853171059824
61,18,2030,1,solar,0.02678822148653298
61,19,2030,1,solar,0.0
61,20,2030,1,solar,0.0
61,21,2030,1,solar,0.0
61,22,2030,1,solar,0.0
61,23,2030,1,solar,0.0
61,24,2030,1,solar,0.0
61,1,2030,1,wind_offshore,0.3433812147277297
61,2,2030,1,wind_offshore,0.41518567987280064
61,3,2030,1,wind_offshore,0.5144722169121423
61,4,2030,1,wind_offshore,0.628576699994469
61,5,2030,1,wind_offshore,0.7227950960782091
61,6,2030,1,wind_offshore,0.8001507114218329
61,7,2030,1,wind_offshore,0.8515387322712122
61,8,2030,1,wind_offshore,0.8882111780906211
61,9,2030,1,wind_offshore,0.9275023411693605
61,10,2030,1,wind_offshore,0.9461916776341562
61,11,2030,1,wind_offshore,0.9477442982036123
61,12,2030,1,wind_offshore,0.9437256099146705
61,13,2030,1,wind_offshore,0.9263257269515401
61,14,2030,1,wind_offshore,0.9043285885376231
61,15,2030,1,wind_offshore,0.9042421399611961
61,16,2030,1,wind_offshore,0.9150284335975897
61,17,2030,1,wind_offshore,0.9187305861469762
61,18,2030,1,wind_offshore,0.9257222511448626
61,19,2030,1,wind_offshore,0.9352472524289382
61,20,2030,1,wind_offshore,0.9348621947560622
61,21,2030,1,wind_offshore,0.9347690029789972
61,22,2030,1,wind_offshore,0.9348115316796061
61,23,2030,1,wind_offshore,0.9397865339320375
61,24,2030,1,wind_offshore,0.943812504376221
61,1,2030,1,wind_onshore,0.20608050739178993
61,2,2030,1,wind_onshore,0.2058363378488831
61,3,2030,1,wind_onshore,0.2031404527332256
61,4,2030,1,wind_onshore,0.2007388926896798
61,5,2030,1,wind_onshore,0.20284964416957266
61,6,2030,1,wind_onshore,0.20403549175720517
61,7,2030,1,wind_onshore,0.20727746079872889
61,8,2030,1,wind_onshore,0.21187636014681768
61,9,2030,1,wind_onshore,0.21794076286193606
61,10,2030,1,wind_onshore,0.21897807094650543
61,11,2030,1,wind_onshore,0.1970923067957919
61,12,2030,1,wind_onshore,0.1988840209099769
61,13,2030,1,wind_onshore,0.21182708098948366
61,14,2030,1,wind_onshore,0.21960646951861654
61,15,2030,1,wind_onshore,0.2280257600550716
61,16,2030,1,wind_onshore,0.22862367179464016
61,17,2030,1,wind_onshore,0.22514281351169188
61,18,2030,1,wind_onshore,0.24085580303974552
61,19,2030,1,wind_onshore,0.2678380328761887
61,20,2030,1,wind_onshore,0.2830013836412715
61,21,2030,1,wind_onshore,0.2903694351736789
61,22,2030,1,wind_onshore,0.291227495075639
61,23,2030,1,wind_onshore,0.2819973214703175
61,24,2030,1,wind_onshore,0.28723851008058504
62,1,2030,1,demand,0.49320092080694106
62,2,2030,1,demand,0.4850576922213322
62,3,2030,1,demand,0.4781724724595502
62,4,2030,1,demand,0.46970629714383727
62,5,2030,1,demand,0.4755217066197759
62,6,2030,1,demand,0.49025225743023937
62,7,2030,1,demand,0.5159557245638835
62,8,2030,1,demand,0.5477752690175673
62,9,2030,1,demand,0.5762710794841172
62,10,2030,1,demand,0.5947456021909829
62,11,2030,1,demand,0.6063082729397304
62,12,2030,1,demand,0.6047202664667457
62,13,2030,1,demand,0.6019712617677654
62,14,2030,1,demand,0.5887314113856968
62,15,2030,1,demand,0.5765241751635906
62,16,2030,1,demand,0.5691356347798944
62,17,2030,1,demand,0.5694722823080342
62,18,2030,1,demand,0.5722830474648574
62,19,2030,1,demand,0.5867324825747995
62,20,2030,1,demand,0.6013347786514027
62,21,2030,1,demand,0.5986157335661494
62,22,2030,1,demand,0.5689216946340758
62,23,2030,1,demand,0.5307762546353622
62,24,2030,1,demand,0.5211349195705941
62,1,2030,1,solar,0.0
62,2,2030,1,solar,0.0
62,3,2030,1,solar,0.0
62,4,2030,1,solar,0.0
62,5,2030,1,solar,0.0
62,6,2030,1,solar,5.346643984406485e-5
62,7,2030,1,solar,0.01290284053883023
62,8,2030,1,solar,0.0995880710401858
62,9,2030,1,solar,0.2735820884939339
62,10,2030,1,solar,0.4456491341614918
62,11,2030,1,solar,0.5622648319288653
62,12,2030,1,solar,0.6351655751882043
62,13,2030,1,solar,0.6531934116447354
62,14,2030,1,solar,0.6311181495489417
62,15,2030,1,solar,0.5618505240871949
62,16,2030,1,solar,0.45172314610709347
62,17,2030,1,solar,0.3041859231935838
62,18,2030,1,solar,0.1434813260617293
62,19,2030,1,solar,0.03431402107525386
62,20,2030,1,solar,0.0016310007624672843
62,21,2030,1,solar,0.0
62,22,2030,1,solar,0.0
62,23,2030,1,solar,0.0
62,24,2030,1,solar,0.0
62,1,2030,1,wind_offshore,0.6736185456298885
62,2,2030,1,wind_offshore,0.6734555013284645
62,3,2030,1,wind_offshore,0.6500607064215758
62,4,2030,1,wind_offshore,0.6072804422107337
62,5,2030,1,wind_offshore,0.5593847268380341
62,6,2030,1,wind_offshore,0.5134373250830886
62,7,2030,1,wind_offshore,0.4654983367635376
62,8,2030,1,wind_offshore,0.4302955071093318
62,9,2030,1,wind_offshore,0.39268117847251727
62,10,2030,1,wind_offshore,0.3404296703042626
62,11,2030,1,wind_offshore,0.2461778956698192
62,12,2030,1,wind_offshore,0.2214830401864359
62,13,2030,1,wind_offshore,0.2082416663024042
62,14,2030,1,wind_offshore,0.19696394622012198
62,15,2030,1,wind_offshore,0.18411284986827792
62,16,2030,1,wind_offshore,0.16852364890148144
62,17,2030,1,wind_offshore,0.1536470496217144
62,18,2030,1,wind_offshore,0.14149332574589665
62,19,2030,1,wind_offshore,0.1398014315313295
62,20,2030,1,wind_offshore,0.12925486877937373
62,21,2030,1,wind_offshore,0.1135146003972307
62,22,2030,1,wind_offshore,0.12406060601932405
62,23,2030,1,wind_offshore,0.12529933885590797
62,24,2030,1,wind_offshore,0.1412670601688204
62,1,2030,1,wind_onshore,0.233706956203236
62,2,2030,1,wind_onshore,0.21707784484329049
62,3,2030,1,wind_onshore,0.2039455313674014
62,4,2030,1,wind_onshore,0.1934422788228098
62,5,2030,1,wind_onshore,0.18504768052569354
62,6,2030,1,wind_onshore,0.1765811265395842
62,7,2030,1,wind_onshore,0.16935062667551976
62,8,2030,1,wind_onshore,0.1585123456221778
62,9,2030,1,wind_onshore,0.15202024822334556
62,10,2030,1,wind_onshore,0.1514513529071329
62,11,2030,1,wind_onshore,0.14590213850878458
62,12,2030,1,wind_onshore,0.15305989308788684
62,13,2030,1,wind_onshore,0.1640558034535962
62,14,2030,1,wind_onshore,0.1791471623902865
62,15,2030,1,wind_onshore,0.19921556499928078
62,16,2030,1,wind_onshore,0.21533904170080279
62,17,2030,1,wind_onshore,0.2234033387593738
62,18,2030,1,wind_onshore,0.22689390780735977
62,19,2030,1,wind_onshore,0.22733743387527444
62,20,2030,1,wind_onshore,0.229611692074705
62,21,2030,1,wind_onshore,0.2282816896188118
62,22,2030,1,wind_onshore,0.22730039882793798
62,23,2030,1,wind_onshore,0.2088141362382872
62,24,2030,1,wind_onshore,0.2086847540080023
63,1,2030,1,demand,0.5097100848165791
63,2,2030,1,demand,0.4965582868925206
63,3,2030,1,demand,0.48718764334800657
63,4,2030,1,demand,0.4779511925411261
63,5,2030,1,demand,0.48279044529224796
63,6,2030,1,demand,0.4965356608022351
63,7,2030,1,demand,0.5229574608580844
63,8,2030,1,demand,0.5606307119128142
63,9,2030,1,demand,0.5952353999829839
63,10,2030,1,demand,0.6178984534640848
63,11,2030,1,demand,0.6344563882741364
63,12,2030,1,demand,0.6429610081878058
63,13,2030,1,demand,0.6412191710117897
63,14,2030,1,demand,0.6337264631087195
63,15,2030,1,demand,0.6255662060149861
63,16,2030,1,demand,0.619998825358619
63,17,2030,1,demand,0.6183902761414787
63,18,2030,1,demand,0.626402000054337
63,19,2030,1,demand,0.6397985723943639
63,20,2030,1,demand,0.6506563811011457
63,21,2030,1,demand,0.6503412921141764
63,22,2030,1,demand,0.6173014122369783
63,23,2030,1,demand,0.5701751754163087
63,24,2030,1,demand,0.5557043166013983
63,1,2030,1,solar,0.0
63,2,2030,1,solar,0.0
63,3,2030,1,solar,0.0
63,4,2030,1,solar,0.0
63,5,2030,1,solar,0.0
63,6,2030,1,solar,9.684488921639817e-5
63,7,2030,1,solar,0.005014948783166209
63,8,2030,1,solar,0.05177184828877113
63,9,2030,1,solar,0.19072693867687612
63,10,2030,1,solar,0.35564875866677986
63,11,2030,1,solar,0.4729701902932826
63,12,2030,1,solar,0.5573994405923022
63,13,2030,1,solar,0.5881037559794643
63,14,2030,1,solar,0.5665690401302569
63,15,2030,1,solar,0.4909550062650903
63,16,2030,1,solar,0.3828555523460508
63,17,2030,1,solar,0.24500267111915994
63,18,2030,1,solar,0.10184564398962936
63,19,2030,1,solar,0.019440402573621958
63,20,2030,1,solar,0.0008067036918161789
63,21,2030,1,solar,0.0
63,22,2030,1,solar,0.0
63,23,2030,1,solar,0.0
63,24,2030,1,solar,0.0
63,1,2030,1,wind_offshore,0.07690978154122215
63,2,2030,1,wind_offshore,0.060451695125289355
63,3,2030,1,wind_offshore,0.05285464149792148
63,4,2030,1,wind_offshore,0.05287084790202681
63,5,2030,1,wind_offshore,0.052383251713670705
63,6,2030,1,wind_offshore,0.06131217233398529
63,7,2030,1,wind_offshore,0.07340012685436177
63,8,2030,1,wind_offshore,0.09228229257402959
63,9,2030,1,wind_offshore,0.12522948904239228
63,10,2030,1,wind_offshore,0.18249191267418557
63,11,2030,1,wind_offshore,0.2078588588100208
63,12,2030,1,wind_offshore,0.281179613838869
63,13,2030,1,wind_offshore,0.37518475016914976
63,14,2030,1,wind_offshore,0.4702042032471082
63,15,2030,1,wind_offshore,0.5464909389524857
63,16,2030,1,wind_offshore,0.6206813484940703
63,17,2030,1,wind_offshore,0.6836051006408069
63,18,2030,1,wind_offshore,0.7332687788166982
63,19,2030,1,wind_offshore,0.7807971349770183
63,20,2030,1,wind_offshore,0.8085855081672773
63,21,2030,1,wind_offshore,0.8258790787412814
63,22,2030,1,wind_offshore,0.8230789016406306
63,23,2030,1,wind_offshore,0.7891751960670754
63,24,2030,1,wind_offshore,0.7996577998866611
63,1,2030,1,wind_onshore,0.1955458099106719
63,2,2030,1,wind_onshore,0.18761698198474314
63,3,2030,1,wind_onshore,0.17946611541470986
63,4,2030,1,wind_onshore,0.1725192107093261
63,5,2030,1,wind_onshore,0.16698077447513662
63,6,2030,1,wind_onshore,0.16147995476850813
63,7,2030,1,wind_onshore,0.15495961411908116
63,8,2030,1,wind_onshore,0.14904336017538103
63,9,2030,1,wind_onshore,0.1398807172899593
63,10,2030,1,wind_onshore,0.13549853875059178
63,11,2030,1,wind_onshore,0.13528446304565164
63,12,2030,1,wind_onshore,0.1450492556163446
63,13,2030,1,wind_onshore,0.16036579290273034
63,14,2030,1,wind_onshore,0.175392904114141
63,15,2030,1,wind_onshore,0.18340389107052607
63,16,2030,1,wind_onshore,0.18384469137392845
63,17,2030,1,wind_onshore,0.17942534646531572
63,18,2030,1,wind_onshore,0.17319553541281238
63,19,2030,1,wind_onshore,0.18199339884329488
63,20,2030,1,wind_onshore,0.19624791302531924
63,21,2030,1,wind_onshore,0.20538782796263771
63,22,2030,1,wind_onshore,0.20618034758772388
63,23,2030,1,wind_onshore,0.19934673249309792
63,24,2030,1,wind_onshore,0.19839627108867822
64,1,2030,1,demand,0.5230183391252707
64,2,2030,1,demand,0.5095926706861219
64,3,2030,1,demand,0.5015063377866379
64,4,2030,1,demand,0.49476897619660687
64,5,2030,1,demand,0.5032617835871361
64,6,2030,1,demand,0.5301751492187539
64,7,2030,1,demand,0.5711884153045197
64,8,2030,1,demand,0.6175270396664183
64,9,2030,1,demand,0.6496862193483448
64,10,2030,1,demand,0.6702835459650665
64,11,2030,1,demand,0.6786862913218505
64,12,2030,1,demand,0.6810288765206516
64,13,2030,1,demand,0.6758125789640946
64,14,2030,1,demand,0.6621278837684748
64,15,2030,1,demand,0.6497189921035761
64,16,2030,1,demand,0.6466941392432969
64,17,2030,1,demand,0.6467970874541853
64,18,2030,1,demand,0.6575375729735503
64,19,2030,1,demand,0.67704270938541
64,20,2030,1,demand,0.6941223420246513
64,21,2030,1,demand,0.6824065679495063
64,22,2030,1,demand,0.639220665059878
64,23,2030,1,demand,0.5883263403193465
64,24,2030,1,demand,0.5676670219225405
64,1,2030,1,solar,0.0
64,2,2030,1,solar,0.0
64,3,2030,1,solar,0.0
64,4,2030,1,solar,0.0
64,5,2030,1,solar,0.0
64,6,2030,1,solar,2.6972090727096544e-6
64,7,2030,1,solar,0.006066814533350433
64,8,2030,1,solar,0.03638347835834205
64,9,2030,1,solar,0.15029700337752333
64,10,2030,1,solar,0.2986162501406665
64,11,2030,1,solar,0.42522828856815026
64,12,2030,1,solar,0.5069061989379581
64,13,2030,1,solar,0.5305844319127875
64,14,2030,1,solar,0.504142684310103
64,15,2030,1,solar,0.42843716315591895
64,16,2030,1,solar,0.31699534591578993
64,17,2030,1,solar,0.18247683979551843
64,18,2030,1,solar,0.05734811686248125
64,19,2030,1,solar,0.01951366365830202
64,20,2030,1,solar,0.0004273222939513429
64,21,2030,1,solar,0.0
64,22,2030,1,solar,0.0
64,23,2030,1,solar,0.0
64,24,2030,1,solar,0.0
64,1,2030,1,wind_offshore,0.700971326358638
64,2,2030,1,wind_offshore,0.7490042811127785
64,3,2030,1,wind_offshore,0.7769478974112349
64,4,2030,1,wind_offshore,0.7962494652582308
64,5,2030,1,wind_offshore,0.7704054358557316
64,6,2030,1,wind_offshore,0.7620220367656956
64,7,2030,1,wind_offshore,0.7715150001843633
64,8,2030,1,wind_offshore,0.7353655162540794
64,9,2030,1,wind_offshore,0.6574939482842219
64,10,2030,1,wind_offshore,0.5828374327674817
64,11,2030,1,wind_offshore,0.4821552943445485
64,12,2030,1,wind_offshore,0.4543387942302193
64,13,2030,1,wind_offshore,0.49140036482430877
64,14,2030,1,wind_offshore,0.5455608348130009
64,15,2030,1,wind_offshore,0.573378602356008
64,16,2030,1,wind_offshore,0.6131585569991346
64,17,2030,1,wind_offshore,0.6444604793137718
64,18,2030,1,wind_offshore,0.6570327252084601
64,19,2030,1,wind_offshore,0.6738398390643816
64,20,2030,1,wind_offshore,0.7196081666338588
64,21,2030,1,wind_offshore,0.7476253587286346
64,22,2030,1,wind_offshore,0.7171421507568871
64,23,2030,1,wind_offshore,0.6623834437633336
64,24,2030,1,wind_offshore,0.6850830802958143
64,1,2030,1,wind_onshore,0.2832310538658807
64,2,2030,1,wind_onshore,0.29249456390527284
64,3,2030,1,wind_onshore,0.2995274133074932
64,4,2030,1,wind_onshore,0.3048842197765064
64,5,2030,1,wind_onshore,0.30848639358065166
64,6,2030,1,wind_onshore,0.31439870243087636
64,7,2030,1,wind_onshore,0.32174351121981476
64,8,2030,1,wind_onshore,0.3258425338391058
64,9,2030,1,wind_onshore,0.33848686759137625
64,10,2030,1,wind_onshore,0.3452772443175192
64,11,2030,1,wind_onshore,0.35783608955726026
64,12,2030,1,wind_onshore,0.4006721630968199
64,13,2030,1,wind_onshore,0.43898098704594013
64,14,2030,1,wind_onshore,0.4761560515070392
64,15,2030,1,wind_onshore,0.49038960648424557
64,16,2030,1,wind_onshore,0.47972332092340497
64,17,2030,1,wind_onshore,0.4485344485116634
64,18,2030,1,wind_onshore,0.4290871502963797
64,19,2030,1,wind_onshore,0.40903741179787045
64,20,2030,1,wind_onshore,0.39313032981855117
64,21,2030,1,wind_onshore,0.3816327347217376
64,22,2030,1,wind_onshore,0.3690119670733182
64,23,2030,1,wind_onshore,0.372296844907367
64,24,2030,1,wind_onshore,0.371244380374892
65,1,2030,1,demand,0.5062322858980833
65,2,2030,1,demand,0.49779224408798867
65,3,2030,1,demand,0.49012105263600697
65,4,2030,1,demand,0.4795742342145418
65,5,2030,1,demand,0.48081073400061575
65,6,2030,1,demand,0.4911844919980286
65,7,2030,1,demand,0.5099979875064303
65,8,2030,1,demand,0.5417573986214094
65,9,2030,1,demand,0.5705586442247581
65,10,2030,1,demand,0.5937106383774902
65,11,2030,1,demand,0.6051562144594795
65,12,2030,1,demand,0.611350955532534
65,13,2030,1,demand,0.6074773814835924
65,14,2030,1,demand,0.5970002330423244
65,15,2030,1,demand,0.5840321352524991
65,16,2030,1,demand,0.5774865126861134
65,17,2030,1,demand,0.5771674420915686
65,18,2030,1,demand,0.5798235007504733
65,19,2030,1,demand,0.5916139309408056
65,20,2030,1,demand,0.6058410767450269
65,21,2030,1,demand,0.6047077602104807
65,22,2030,1,demand,0.575843902146713
65,23,2030,1,demand,0.5387961065797936
65,24,2030,1,demand,0.5281762072728228
65,1,2030,1,solar,0.0
65,2,2030,1,solar,0.0
65,3,2030,1,solar,0.0
65,4,2030,1,solar,0.0
65,5,2030,1,solar,0.0
65,6,2030,1,solar,0.00011861174573701197
65,7,2030,1,solar,0.012514551199477886
65,8,2030,1,solar,0.10872012577088636
65,9,2030,1,solar,0.2974395766399731
65,10,2030,1,solar,0.48319771673081635
65,11,2030,1,solar,0.6068804430494815
65,12,2030,1,solar,0.6914260713146386
65,13,2030,1,solar,0.7194215079347607
65,14,2030,1,solar,0.7027684535580044
65,15,2030,1,solar,0.6366583851647658
65,16,2030,1,solar,0.531314496711233
65,17,2030,1,solar,0.3810241212997471
65,18,2030,1,solar,0.1986592226108007
65,19,2030,1,solar,0.04309503855559552
65,20,2030,1,solar,0.0026921178071849087
65,21,2030,1,solar,0.0
65,22,2030,1,solar,0.0
65,23,2030,1,solar,0.0
65,24,2030,1,solar,0.0
65,1,2030,1,wind_offshore,0.9035839878331356
65,2,2030,1,wind_offshore,0.9134707872603353
65,3,2030,1,wind_offshore,0.9219832122627334
65,4,2030,1,wind_offshore,0.9309564973728153
65,5,2030,1,wind_offshore,0.9359798233955231
65,6,2030,1,wind_offshore,0.9351878421032251
65,7,2030,1,wind_offshore,0.9376882126558278
65,8,2030,1,wind_offshore,0.9339787354142498
65,9,2030,1,wind_offshore,0.9354411350301866
65,10,2030,1,wind_offshore,0.9338035587508551
65,11,2030,1,wind_offshore,0.9309263427979836
65,12,2030,1,wind_offshore,0.9263230032463411
65,13,2030,1,wind_offshore,0.9255363160045009
65,14,2030,1,wind_offshore,0.9268530143160232
65,15,2030,1,wind_offshore,0.9289229902576546
65,16,2030,1,wind_offshore,0.931866674476817
65,17,2030,1,wind_offshore,0.9342077107522181
65,18,2030,1,wind_offshore,0.9216670704581691
65,19,2030,1,wind_offshore,0.9030586626435713
65,20,2030,1,wind_offshore,0.8767415697450027
65,21,2030,1,wind_offshore,0.8681662839796969
65,22,2030,1,wind_offshore,0.8711762734505769
65,23,2030,1,wind_offshore,0.840209563591649
65,24,2030,1,wind_offshore,0.8116305513294079
65,1,2030,1,wind_onshore,0.19778201542165974
65,2,2030,1,wind_onshore,0.18777722036251313
65,3,2030,1,wind_onshore,0.17714051254661842
65,4,2030,1,wind_onshore,0.1672232375373307
65,5,2030,1,wind_onshore,0.16022252146384905
65,6,2030,1,wind_onshore,0.15578903687773726
65,7,2030,1,wind_onshore,0.15201322423246658
65,8,2030,1,wind_onshore,0.1416437924731971
65,9,2030,1,wind_onshore,0.1255264087247663
65,10,2030,1,wind_onshore,0.12049294311499435
65,11,2030,1,wind_onshore,0.11854102481434359
65,12,2030,1,wind_onshore,0.12904177844358336
65,13,2030,1,wind_onshore,0.1429222371845952
65,14,2030,1,wind_onshore,0.1595137683096715
65,15,2030,1,wind_onshore,0.17801470460141505
65,16,2030,1,wind_onshore,0.19408681606538725
65,17,2030,1,wind_onshore,0.2067289616675409
65,18,2030,1,wind_onshore,0.21758264000006253
65,19,2030,1,wind_onshore,0.2290262260550561
65,20,2030,1,wind_onshore,0.2482387103302431
65,21,2030,1,wind_onshore,0.2515771621761761
65,22,2030,1,wind_onshore,0.2432901657644281
65,23,2030,1,wind_onshore,0.21965376550213384
65,24,2030,1,wind_onshore,0.2090282902647131
66,1,2030,1,demand,0.5090208944200731
66,2,2030,1,demand,0.49907908728152395
66,3,2030,1,demand,0.49333567760382385
66,4,2030,1,demand,0.48610401208422316
66,5,2030,1,demand,0.49057485758712965
66,6,2030,1,demand,0.5075044553652766
66,7,2030,1,demand,0.5358229611666742
66,8,2030,1,demand,0.5669370548324889
66,9,2030,1,demand,0.5949509975894061
66,10,2030,1,demand,0.6096554990258892
66,11,2030,1,demand,0.6156717970960496
66,12,2030,1,demand,0.6173835438273338
66,13,2030,1,demand,0.6089425870591498
66,14,2030,1,demand,0.5971032916298403
66,15,2030,1,demand,0.5872729660905622
66,16,2030,1,demand,0.5831951061409074
66,17,2030,1,demand,0.5823570935644384
66,18,2030,1,demand,0.5850166827012736
66,19,2030,1,demand,0.5962697072683767
66,20,2030,1,demand,0.6132966391753729
66,21,2030,1,demand,0.6128920695830351
66,22,2030,1,demand,0.5781929289247768
66,23,2030,1,demand,0.539017606105217
66,24,2030,1,demand,0.5288671049223186
66,1,2030,1,solar,0.0
66,2,2030,1,solar,0.0
66,3,2030,1,solar,0.0
66,4,2030,1,solar,0.0
66,5,2030,1,solar,0.0
66,6,2030,1,solar,1.1787503072815287e-5
66,7,2030,1,solar,0.011864454610644448
66,8,2030,1,solar,0.1078240965623064
66,9,2030,1,solar,0.2819986587419793
66,10,2030,1,solar,0.4521595055562777
66,11,2030,1,solar,0.5739218320936438
66,12,2030,1,solar,0.6551657565858556
66,13,2030,1,solar,0.6788705812506237
66,14,2030,1,solar,0.6550674337368354
66,15,2030,1,solar,0.5871851184381643
66,16,2030,1,solar,0.48389718040268176
66,17,2030,1,solar,0.33674545480504225
66,18,2030,1,solar,0.17074713389403667
66,19,2030,1,solar,0.038948922917455914
66,20,2030,1,solar,0.0012202454899184663
66,21,2030,1,solar,0.0
66,22,2030,1,solar,0.0
66,23,2030,1,solar,0.0
66,24,2030,1,solar,0.0
66,1,2030,1,wind_offshore,0.5462693187092377
66,2,2030,1,wind_offshore,0.5920169543055296
66,3,2030,1,wind_offshore,0.6425005707214678
66,4,2030,1,wind_offshore,0.6778726039751106
66,5,2030,1,wind_offshore,0.684775232722812
66,6,2030,1,wind_offshore,0.6982260486238776
66,7,2030,1,wind_offshore,0.7215131935939105
66,8,2030,1,wind_offshore,0.7248767412132692
66,9,2030,1,wind_offshore,0.6907210314470487
66,10,2030,1,wind_offshore,0.6597760478050471
66,11,2030,1,wind_offshore,0.6271929032728946
66,12,2030,1,wind_offshore,0.5860642198661296
66,13,2030,1,wind_offshore,0.5244451701886099
66,14,2030,1,wind_offshore,0.479125514587246
66,15,2030,1,wind_offshore,0.4525306737594501
66,16,2030,1,wind_offshore,0.4295077915405281
66,17,2030,1,wind_offshore,0.40662174064075896
66,18,2030,1,wind_offshore,0.4073040042861176
66,19,2030,1,wind_offshore,0.4064694721327145
66,20,2030,1,wind_offshore,0.37039687139062205
66,21,2030,1,wind_offshore,0.32454448107136324
66,22,2030,1,wind_offshore,0.29652721304074836
66,23,2030,1,wind_offshore,0.3025959732871918
66,24,2030,1,wind_offshore,0.3157300153305462
66,1,2030,1,wind_onshore,0.2685471320436983
66,2,2030,1,wind_onshore,0.2706169527717838
66,3,2030,1,wind_onshore,0.2755006706866789
66,4,2030,1,wind_onshore,0.28165769686909115
66,5,2030,1,wind_onshore,0.2804794474214367
66,6,2030,1,wind_onshore,0.2823356074111292
66,7,2030,1,wind_onshore,0.2796869591625692
66,8,2030,1,wind_onshore,0.27444876217227515
66,9,2030,1,wind_onshore,0.29620234425852
66,10,2030,1,wind_onshore,0.3164338901671793
66,11,2030,1,wind_onshore,0.3190365965000236
66,12,2030,1,wind_onshore,0.33674989995891724
66,13,2030,1,wind_onshore,0.3577601935065257
66,14,2030,1,wind_onshore,0.3814528625044945
66,15,2030,1,wind_onshore,0.4002942579926577
66,16,2030,1,wind_onshore,0.4106667099075118
66,17,2030,1,wind_onshore,0.41081577034422523
66,18,2030,1,wind_onshore,0.4017231023092214
66,19,2030,1,wind_onshore,0.38799475197026784
66,20,2030,1,wind_onshore,0.37671768064273203
66,21,2030,1,wind_onshore,0.3601716772367926
66,22,2030,1,wind_onshore,0.3337378684667356
66,23,2030,1,wind_onshore,0.31092443826674465
66,24,2030,1,wind_onshore,0.29666178663731263
67,1,2030,1,demand,0.5070140406629614
67,2,2030,1,demand,0.4946442477747817
67,3,2030,1,demand,0.48467620833032793
67,4,2030,1,demand,0.4730244640775141
67,5,2030,1,demand,0.47425287049974046
67,6,2030,1,demand,0.48658182323055327
67,7,2030,1,demand,0.5156436212661574
67,8,2030,1,demand,0.5565852157987297
67,9,2030,1,demand,0.592984297182096
67,10,2030,1,demand,0.6193220523180989
67,11,2030,1,demand,0.6296727382324416
67,12,2030,1,demand,0.6351997659644091
67,13,2030,1,demand,0.6323389782608493
67,14,2030,1,demand,0.6220552165447002
67,15,2030,1,demand,0.6063232280113884
67,16,2030,1,demand,0.5953787752127726
67,17,2030,1,demand,0.5948186191768873
67,18,2030,1,demand,0.6055249505970571
67,19,2030,1,demand,0.6282902422885897
67,20,2030,1,demand,0.6506280464386518
67,21,2030,1,demand,0.650016474273371
67,22,2030,1,demand,0.6157282181812817
67,23,2030,1,demand,0.5686434730821657
67,24,2030,1,demand,0.5502531278147456
67,1,2030,1,solar,0.0
67,2,2030,1,solar,0.0
67,3,2030,1,solar,0.0
67,4,2030,1,solar,0.0
67,5,2030,1,solar,0.0
67,6,2030,1,solar,0.0
67,7,2030,1,solar,0.00020263208168427253
67,8,2030,1,solar,0.011206291366428518
67,9,2030,1,solar,0.06838452203191778
67,10,2030,1,solar,0.1618754595285069
67,11,2030,1,solar,0.24794752159005937
67,12,2030,1,solar,0.31219553338079614
67,13,2030,1,solar,0.3511186969465534
67,14,2030,1,solar,0.3524843297523336
67,15,2030,1,solar,0.3159903647415782
67,16,2030,1,solar,0.24464170528420606
67,17,2030,1,solar,0.15181891200039524
67,18,2030,1,solar,0.055941549470055786
67,19,2030,1,solar,0.002941484350569051
67,20,2030,1,solar,0.0
67,21,2030,1,solar,0.0
67,22,2030,1,solar,0.0
67,23,2030,1,solar,0.0
67,24,2030,1,solar,0.0
67,1,2030,1,wind_offshore,0.8518107472772194
67,2,2030,1,wind_offshore,0.8719692183542246
67,3,2030,1,wind_offshore,0.8981067706223475
67,4,2030,1,wind_offshore,0.9266677119561263
67,5,2030,1,wind_offshore,0.9423057983905393
67,6,2030,1,wind_offshore,0.9418585769832796
67,7,2030,1,wind_offshore,0.9365608070827273
67,8,2030,1,wind_offshore,0.936076353520337
67,9,2030,1,wind_offshore,0.9294769989263344
67,10,2030,1,wind_offshore,0.9193151179801642
67,11,2030,1,wind_offshore,0.9235829820043813
67,12,2030,1,wind_offshore,0.9215855408678083
67,13,2030,1,wind_offshore,0.9038230188054718
67,14,2030,1,wind_offshore,0.9018284923235649
67,15,2030,1,wind_offshore,0.8830630871303945
67,16,2030,1,wind_offshore,0.8995044337064745
67,17,2030,1,wind_offshore,0.912073055980083
67,18,2030,1,wind_offshore,0.9175328354065766
67,19,2030,1,wind_offshore,0.9280229768299364
67,20,2030,1,wind_offshore,0.9231483583900014
67,21,2030,1,wind_offshore,0.9080391021428977
67,22,2030,1,wind_offshore,0.8951799181852389
67,23,2030,1,wind_offshore,0.8731235680212741
67,24,2030,1,wind_offshore,0.8582123237070026
67,1,2030,1,wind_onshore,0.6290509774863194
67,2,2030,1,wind_onshore,0.6377533826769876
67,3,2030,1,wind_onshore,0.6379132917153034
67,4,2030,1,wind_onshore,0.637569524628044
67,5,2030,1,wind_onshore,0.6353540265083316
67,6,2030,1,wind_onshore,0.6312311665455014
67,7,2030,1,wind_onshore,0.6271526010798708
67,8,2030,1,wind_onshore,0.6302117007017441
67,9,2030,1,wind_onshore,0.6383685638166035
67,10,2030,1,wind_onshore,0.6519359554321006
67,11,2030,1,wind_onshore,0.6662997057954562
67,12,2030,1,wind_onshore,0.6867933850748572
67,13,2030,1,wind_onshore,0.7048330867575554
67,14,2030,1,wind_onshore,0.7251131736541941
67,15,2030,1,wind_onshore,0.7376323815267315
67,16,2030,1,wind_onshore,0.738702223572768
67,17,2030,1,wind_onshore,0.7357540588539437
67,18,2030,1,wind_onshore,0.7166277983283597
67,19,2030,1,wind_onshore,0.69887748203705
67,20,2030,1,wind_onshore,0.6918112550862417
67,21,2030,1,wind_onshore,0.6864100817730284
67,22,2030,1,wind_onshore,0.6765655422527638
67,23,2030,1,wind_onshore,0.6814454467900671
67,24,2030,1,wind_onshore,0.6807904748750881
68,1,2030,1,demand,0.5783336324930255
68,2,2030,1,demand,0.5645212521405765
68,3,2030,1,demand,0.5507238659978824
68,4,2030,1,demand,0.5407067861740713
68,5,2030,1,demand,0.55222355458421
68,6,2030,1,demand,0.576096778087014
68,7,2030,1,demand,0.5983815678487694
68,8,2030,1,demand,0.635167731683508
68,9,2030,1,demand,0.6912856110671504
68,10,2030,1,demand,0.7456593015976218
68,11,2030,1,demand,0.787566278865912
68,12,2030,1,demand,0.8201379630621723
68,13,2030,1,demand,0.8370662700918344
68,14,2030,1,demand,0.8323564712439132
68,15,2030,1,demand,0.8263627201171413
68,16,2030,1,demand,0.8305377118184689
68,17,2030,1,demand,0.8218306853157702
68,18,2030,1,demand,0.7988448566044095
68,19,2030,1,demand,0.7851959503610142
68,20,2030,1,demand,0.7699131890547163
68,21,2030,1,demand,0.756189016168729
68,22,2030,1,demand,0.7107286509807274
68,23,2030,1,demand,0.6574458730497755
68,24,2030,1,demand,0.6381735917269392
68,1,2030,1,solar,0.0
68,2,2030,1,solar,0.0
68,3,2030,1,solar,0.0
68,4,2030,1,solar,0.0
68,5,2030,1,solar,0.0
68,6,2030,1,solar,0.00021783353906963408
68,7,2030,1,solar,0.027265563216171792
68,8,2030,1,solar,0.1710786720724883
68,9,2030,1,solar,0.35213675607408296
68,10,2030,1,solar,0.5103929149349223
68,11,2030,1,solar,0.6015090162117653
68,12,2030,1,solar,0.6616032389822057
68,13,2030,1,solar,0.6746831336024228
68,14,2030,1,solar,0.6593886596868918
68,15,2030,1,solar,0.6102652898927271
68,16,2030,1,solar,0.5252544602491469
68,17,2030,1,solar,0.40546390363638296
68,18,2030,1,solar,0.25235484476396663
68,19,2030,1,solar,0.0959367579241696
68,20,2030,1,solar,0.00426869753625159
68,21,2030,1,solar,0.0
68,22,2030,1,solar,0.0
68,23,2030,1,solar,0.0
68,24,2030,1,solar,0.0
68,1,2030,1,wind_offshore,0.9001037526785078
68,2,2030,1,wind_offshore,0.9044148958173303
68,3,2030,1,wind_offshore,0.8934765083834979
68,4,2030,1,wind_offshore,0.8929599464084407
68,5,2030,1,wind_offshore,0.896424721056319
68,6,2030,1,wind_offshore,0.8925185815499665
68,7,2030,1,wind_offshore,0.894330466924637
68,8,2030,1,wind_offshore,0.8976486746100742
68,9,2030,1,wind_offshore,0.8969621133409335
68,10,2030,1,wind_offshore,0.9006823876712194
68,11,2030,1,wind_offshore,0.9026325571280728
68,12,2030,1,wind_offshore,0.8939538906573812
68,13,2030,1,wind_offshore,0.8978909049389971
68,14,2030,1,wind_offshore,0.9017915571471598
68,15,2030,1,wind_offshore,0.896045541406863
68,16,2030,1,wind_offshore,0.8967281260433528
68,17,2030,1,wind_offshore,0.896641440535977
68,18,2030,1,wind_offshore,0.8997623390107716
68,19,2030,1,wind_offshore,0.9073005690038829
68,20,2030,1,wind_offshore,0.9181619775094326
68,21,2030,1,wind_offshore,0.9149096431903145
68,22,2030,1,wind_offshore,0.9173930750390143
68,23,2030,1,wind_offshore,0.9126473576236558
68,24,2030,1,wind_offshore,0.9050503828992031
68,1,2030,1,wind_onshore,0.2615538478181335
68,2,2030,1,wind_onshore,0.24597684497903669
68,3,2030,1,wind_onshore,0.2273353606144868
68,4,2030,1,wind_onshore,0.20266213076310008
68,5,2030,1,wind_onshore,0.1796518598000586
68,6,2030,1,wind_onshore,0.16098624345425186
68,7,2030,1,wind_onshore,0.14329295647945378
68,8,2030,1,wind_onshore,0.11230875252976699
68,9,2030,1,wind_onshore,0.1010601992257304
68,10,2030,1,wind_onshore,0.10479074772429597
68,11,2030,1,wind_onshore,0.1073690741060001
68,12,2030,1,wind_onshore,0.11392624494319553
68,13,2030,1,wind_onshore,0.12041817532715594
68,14,2030,1,wind_onshore,0.12846968483564578
68,15,2030,1,wind_onshore,0.14359964628775893
68,16,2030,1,wind_onshore,0.15996845498792217
68,17,2030,1,wind_onshore,0.17311572573527445
68,18,2030,1,wind_onshore,0.19281379323898243
68,19,2030,1,wind_onshore,0.21886391401797586
68,20,2030,1,wind_onshore,0.2500201252367513
68,21,2030,1,wind_onshore,0.2844139866851102
68,22,2030,1,wind_onshore,0.28253625320030284
68,23,2030,1,wind_onshore,0.23593904863607398
68,24,2030,1,wind_onshore,0.22181299553465594
69,1,2030,1,demand,0.4895941233373004
69,2,2030,1,demand,0.48365359366836413
69,3,2030,1,demand,0.47858513169376954
69,4,2030,1,demand,0.4658534930593413
69,5,2030,1,demand,0.46982159711621985
69,6,2030,1,demand,0.49636924726327036
69,7,2030,1,demand,0.5340916822317887
69,8,2030,1,demand,0.5822385776816658
69,9,2030,1,demand,0.6102225294688302
69,10,2030,1,demand,0.6253840183920708
69,11,2030,1,demand,0.6423860886997247
69,12,2030,1,demand,0.639195129550698
69,13,2030,1,demand,0.6331945380251195
69,14,2030,1,demand,0.6146925652538067
69,15,2030,1,demand,0.603805198589079
69,16,2030,1,demand,0.5893274793382496
69,17,2030,1,demand,0.6017932015116819
69,18,2030,1,demand,0.6124104449205563
69,19,2030,1,demand,0.6395562255564193
69,20,2030,1,demand,0.646367837971739
69,21,2030,1,demand,0.6252919163680047
69,22,2030,1,demand,0.5832035989677837
69,23,2030,1,demand,0.53122148773612
69,24,2030,1,demand,0.5097628306074662
69,1,2030,1,solar,0.0
69,2,2030,1,solar,0.0
69,3,2030,1,solar,0.0
69,4,2030,1,solar,0.0
69,5,2030,1,solar,0.0
69,6,2030,1,solar,0.0
69,7,2030,1,solar,0.0
69,8,2030,1,solar,0.0
69,9,2030,1,solar,0.05749534299886005
69,10,2030,1,solar,0.17773979166966491
69,11,2030,1,solar,0.2896867755332559
69,12,2030,1,solar,0.36238419262007426
69,13,2030,1,solar,0.39724372887244924
69,14,2030,1,solar,0.38713416941443124
69,15,2030,1,solar,0.3327166611781148
69,16,2030,1,solar,0.23773664024640415
69,17,2030,1,solar,0.11986074527899623
69,18,2030,1,solar,0.017860453039441296
69,19,2030,1,solar,0.0
69,20,2030,1,solar,0.0
69,21,2030,1,solar,0.0
69,22,2030,1,solar,0.0
69,23,2030,1,solar,0.0
69,24,2030,1,solar,0.0
69,1,2030,1,wind_offshore,0.8961906384971338
69,2,2030,1,wind_offshore,0.8828662441466555
69,3,2030,1,wind_offshore,0.8742716680179888
69,4,2030,1,wind_offshore,0.8829612019695874
69,5,2030,1,wind_offshore,0.8872499655970688
69,6,2030,1,wind_offshore,0.8830331489423859
69,7,2030,1,wind_offshore,0.8918884590242521
69,8,2030,1,wind_offshore,0.878368812911481
69,9,2030,1,wind_offshore,0.7115074117166709
69,10,2030,1,wind_offshore,0.28298419875367453
69,11,2030,1,wind_offshore,0.05770030772705479
69,12,2030,1,wind_offshore,0.028072167232538036
69,13,2030,1,wind_offshore,0.09082702803148594
69,14,2030,1,wind_offshore,0.22678263037626484
69,15,2030,1,wind_offshore,0.3521892925021328
69,16,2030,1,wind_offshore,0.3949765736189276
69,17,2030,1,wind_offshore,0.4984328551099257
69,18,2030,1,wind_offshore,0.41686628458088987
69,19,2030,1,wind_offshore,0.246941085766467
69,20,2030,1,wind_offshore,0.13444633049314103
69,21,2030,1,wind_offshore,0.08383554880095649
69,22,2030,1,wind_offshore,0.026863231810094257
69,23,2030,1,wind_offshore,0.0006277493590842367
69,24,2030,1,wind_offshore,0.0
69,1,2030,1,wind_onshore,0.6160604650036802
69,2,2030,1,wind_onshore,0.6149082315289274
69,3,2030,1,wind_onshore,0.61016821666197
69,4,2030,1,wind_onshore,0.5899139190073314
69,5,2030,1,wind_onshore,0.6005872807722551
69,6,2030,1,wind_onshore,0.6172646085559665
69,7,2030,1,wind_onshore,0.6187501487913177
69,8,2030,1,wind_onshore,0.6234780890847418
69,9,2030,1,wind_onshore,0.6358026210736253
69,10,2030,1,wind_onshore,0.6498055413232183
69,11,2030,1,wind_onshore,0.6513481685285817
69,12,2030,1,wind_onshore,0.6702863848063794
69,13,2030,1,wind_onshore,0.6943006335693822
69,14,2030,1,wind_onshore,0.7048716120673308
69,15,2030,1,wind_onshore,0.6971736470415218
69,16,2030,1,wind_onshore,0.6748178683748579
69,17,2030,1,wind_onshore,0.639152747168587
69,18,2030,1,wind_onshore,0.6266896285734537
69,19,2030,1,wind_onshore,0.6183638446910289
69,20,2030,1,wind_onshore,0.5951012091478495
69,21,2030,1,wind_onshore,0.5595223474733465
69,22,2030,1,wind_onshore,0.5312852831066951
69,23,2030,1,wind_onshore,0.4914030707200259
69,24,2030,1,wind_onshore,0.46110119723244053
70,1,2030,1,demand,0.5014064905179518
70,2,2030,1,demand,0.48655357987914377
70,3,2030,1,demand,0.47464000989033295
70,4,2030,1,demand,0.46510530082651963
70,5,2030,1,demand,0.46679909807687825
70,6,2030,1,demand,0.4802897778347368
70,7,2030,1,demand,0.5108614687154595
70,8,2030,1,demand,0.5512776908035798
70,9,2030,1,demand,0.5848368381892556
70,10,2030,1,demand,0.6088708364579265
70,11,2030,1,demand,0.6178603990544106
70,12,2030,1,demand,0.6175607874745559
70,13,2030,1,demand,0.6148313944928486
70,14,2030,1,demand,0.6057365273285581
70,15,2030,1,demand,0.5905560758086673
70,16,2030,1,demand,0.5820045025709156
70,17,2030,1,demand,0.5789030825459709
70,18,2030,1,demand,0.593385683513804
70,19,2030,1,demand,0.6181668830251702
70,20,2030,1,demand,0.6382512954349675
70,21,2030,1,demand,0.6380720188973507
70,22,2030,1,demand,0.6062469874433786
70,23,2030,1,demand,0.5615075493341373
70,24,2030,1,demand,0.5426088317709838
70,1,2030,1,solar,0.0
70,2,2030,1,solar,0.0
70,3,2030,1,solar,0.0
70,4,2030,1,solar,0.0
70,5,2030,1,solar,0.0
70,6,2030,1,solar,0.0
70,7,2030,1,solar,0.0002750967196937876
70,8,2030,1,solar,0.009184885883050622
70,9,2030,1,solar,0.08037547081653577
70,10,2030,1,solar,0.19638993284892048
70,11,2030,1,solar,0.30527387595701827
70,12,2030,1,solar,0.384946042894928
70,13,2030,1,solar,0.4221764257866295
70,14,2030,1,solar,0.4195790330224866
70,15,2030,1,solar,0.37198937417945005
70,16,2030,1,solar,0.2857677446771061
70,17,2030,1,solar,0.16730251279058062
70,18,2030,1,solar,0.04621400809485158
70,19,2030,1,solar,0.002900806603374952
70,20,2030,1,solar,0.0
70,21,2030,1,solar,0.0
70,22,2030,1,solar,0.0
70,23,2030,1,solar,0.0
70,24,2030,1,solar,0.0
70,1,2030,1,wind_offshore,0.9139705013059933
70,2,2030,1,wind_offshore,0.9265399551242902
70,3,2030,1,wind_offshore,0.9261596719512629
70,4,2030,1,wind_offshore,0.9292689669742861
70,5,2030,1,wind_offshore,0.9251129744405828
70,6,2030,1,wind_offshore,0.9235285106572326
70,7,2030,1,wind_offshore,0.9212294698141607
70,8,2030,1,wind_offshore,0.9176566454652846
70,9,2030,1,wind_offshore,0.9258693348114531
70,10,2030,1,wind_offshore,0.9270599841491924
70,11,2030,1,wind_offshore,0.929021014967916
70,12,2030,1,wind_offshore,0.9225959183241592
70,13,2030,1,wind_offshore,0.9191305854227139
70,14,2030,1,wind_offshore,0.9125456073594588
70,15,2030,1,wind_offshore,0.9143668106791587
70,16,2030,1,wind_offshore,0.9022826568387209
70,17,2030,1,wind_offshore,0.896951661451368
70,18,2030,1,wind_offshore,0.9159449932923581
70,19,2030,1,wind_offshore,0.9289692350845669
70,20,2030,1,wind_offshore,0.9291497618832287
70,21,2030,1,wind_offshore,0.929771637264246
70,22,2030,1,wind_offshore,0.9208525932430274
70,23,2030,1,wind_offshore,0.9254902352791381
70,24,2030,1,wind_offshore,0.9091212456267804
70,1,2030,1,wind_onshore,0.49445607999907193
70,2,2030,1,wind_onshore,0.49365985889095504
70,3,2030,1,wind_onshore,0.4901358985988774
70,4,2030,1,wind_onshore,0.48707759327509875
70,5,2030,1,wind_onshore,0.4897347443944418
70,6,2030,1,wind_onshore,0.4896018307732157
70,7,2030,1,wind_onshore,0.49076577280312716
70,8,2030,1,wind_onshore,0.49185231161271636
70,9,2030,1,wind_onshore,0.4937684024183606
70,10,2030,1,wind_onshore,0.4961340761940618
70,11,2030,1,wind_onshore,0.5056802067172815
70,12,2030,1,wind_onshore,0.5318382553689536
70,13,2030,1,wind_onshore,0.5513588459745518
70,14,2030,1,wind_onshore,0.5641539035892277
70,15,2030,1,wind_onshore,0.5702431118233898
70,16,2030,1,wind_onshore,0.5630100148770707
70,17,2030,1,wind_onshore,0.5386582254387827
70,18,2030,1,wind_onshore,0.5161326659826051
70,19,2030,1,wind_onshore,0.5116666220802328
70,20,2030,1,wind_onshore,0.5147928581035716
70,21,2030,1,wind_onshore,0.5151258815522213
70,22,2030,1,wind_onshore,0.5123276993854285
70,23,2030,1,wind_onshore,0.5066823400901918
70,24,2030,1,wind_onshore,0.5065129544910237
71,1,2030,1,demand,0.5086714055441097
71,2,2030,1,demand,0.4992741752676976
71,3,2030,1,demand,0.49093600164395085
71,4,2030,1,demand,0.4835116154537909
71,5,2030,1,demand,0.48765905310625984
71,6,2030,1,demand,0.5018202015657054
71,7,2030,1,demand,0.5249763110637109
71,8,2030,1,demand,0.5584414952915756
71,9,2030,1,demand,0.5939599145666894
71,10,2030,1,demand,0.6188219540458297
71,11,2030,1,demand,0.6350250258346215
71,12,2030,1,demand,0.6436768562596842
71,13,2030,1,demand,0.6439370384476724
71,14,2030,1,demand,0.6340032771274605
71,15,2030,1,demand,0.6255283635458129
71,16,2030,1,demand,0.6218992845799408
71,17,2030,1,demand,0.620793005375648
71,18,2030,1,demand,0.6264934423304964
71,19,2030,1,demand,0.6342823733053015
71,20,2030,1,demand,0.6400872889504998
71,21,2030,1,demand,0.6324579544986746
71,22,2030,1,demand,0.5940556998228088
71,23,2030,1,demand,0.5546289921526022
71,24,2030,1,demand,0.5476059015352557
71,1,2030,1,solar,0.0
71,2,2030,1,solar,0.0
71,3,2030,1,solar,0.0
71,4,2030,1,solar,0.0
71,5,2030,1,solar,0.0
71,6,2030,1,solar,0.00011872745905850614
71,7,2030,1,solar,0.015165146571647515
71,8,2030,1,solar,0.11800194663439377
71,9,2030,1,solar,0.30088332967622544
71,10,2030,1,solar,0.4889656421033053
71,11,2030,1,solar,0.6175002825970103
71,12,2030,1,solar,0.7010453156141128
71,13,2030,1,solar,0.7323736742837557
71,14,2030,1,solar,0.7148090295004884
71,15,2030,1,solar,0.642206269943907
71,16,2030,1,solar,0.5274287809777726
71,17,2030,1,solar,0.3752320591500565
71,18,2030,1,solar,0.1975629720665743
71,19,2030,1,solar,0.05135331752157028
71,20,2030,1,solar,0.0008383698500985124
71,21,2030,1,solar,0.0
71,22,2030,1,solar,0.0
71,23,2030,1,solar,0.0
71,24,2030,1,solar,0.0
71,1,2030,1,wind_offshore,0.9201540641751802
71,2,2030,1,wind_offshore,0.9302663478169181
71,3,2030,1,wind_offshore,0.9480039493303688
71,4,2030,1,wind_offshore,0.9619466804350998
71,5,2030,1,wind_offshore,0.9626578296401883
71,6,2030,1,wind_offshore,0.9546533290121004
71,7,2030,1,wind_offshore,0.9374513003451036
71,8,2030,1,wind_offshore,0.9276425635333579
71,9,2030,1,wind_offshore,0.9110294350205081
71,10,2030,1,wind_offshore,0.890990436008916
71,11,2030,1,wind_offshore,0.8751261028485704
71,12,2030,1,wind_offshore,0.8572554166466718
71,13,2030,1,wind_offshore,0.8358037503613303
71,14,2030,1,wind_offshore,0.8068578895045728
71,15,2030,1,wind_offshore,0.7438940018499376
71,16,2030,1,wind_offshore,0.6403819372459748
71,17,2030,1,wind_offshore,0.5704764153484237
71,18,2030,1,wind_offshore,0.503131561569351
71,19,2030,1,wind_offshore,0.41873823899600265
71,20,2030,1,wind_offshore,0.3375549255660649
71,21,2030,1,wind_offshore,0.2741559434041724
71,22,2030,1,wind_offshore,0.2097217481830869
71,23,2030,1,wind_offshore,0.16997505305623112
71,24,2030,1,wind_offshore,0.15252822175664327
71,1,2030,1,wind_onshore,0.2637837601632916
71,2,2030,1,wind_onshore,0.2547377539188407
71,3,2030,1,wind_onshore,0.24478778734556028
71,4,2030,1,wind_onshore,0.23575111356828232
71,5,2030,1,wind_onshore,0.2301227531220632
71,6,2030,1,wind_onshore,0.22184507821681845
71,7,2030,1,wind_onshore,0.21740207315028778
71,8,2030,1,wind_onshore,0.20102261866504562
71,9,2030,1,wind_onshore,0.1910960568550189
71,10,2030,1,wind_onshore,0.1939014058891867
71,11,2030,1,wind_onshore,0.19629199476304188
71,12,2030,1,wind_onshore,0.20734333990877796
71,13,2030,1,wind_onshore,0.22629014132539632
71,14,2030,1,wind_onshore,0.24337192271886474
71,15,2030,1,wind_onshore,0.25851199808343656
71,16,2030,1,wind_onshore,0.25976630814158647
71,17,2030,1,wind_onshore,0.2607476282868595
71,18,2030,1,wind_onshore,0.2519045744084221
71,19,2030,1,wind_onshore,0.24521028278599974
71,20,2030,1,wind_onshore,0.23996718287747246
71,21,2030,1,wind_onshore,0.23407649112757026
71,22,2030,1,wind_onshore,0.21725726476741347
71,23,2030,1,wind_onshore,0.19936393319893086
71,24,2030,1,wind_onshore,0.187229337040631
72,1,2030,1,demand,0.5162054021451838
72,2,2030,1,demand,0.5023602420963692
72,3,2030,1,demand,0.48863496832428277
72,4,2030,1,demand,0.47813883531867557
72,5,2030,1,demand,0.4765883160605045
72,6,2030,1,demand,0.4855047393348793
72,7,2030,1,demand,0.5174375066843282
72,8,2030,1,demand,0.5544265090273718
72,9,2030,1,demand,0.5888142813312393
72,10,2030,1,demand,0.6185713218709239
72,11,2030,1,demand,0.6300922926656449
72,12,2030,1,demand,0.6338230316510952
72,13,2030,1,demand,0.6308487589445974
72,14,2030,1,demand,0.6180750687294577
72,15,2030,1,demand,0.6029868696156232
72,16,2030,1,demand,0.5971249148505914
72,17,2030,1,demand,0.5979745176062282
72,18,2030,1,demand,0.6150303215870095
72,19,2030,1,demand,0.638929492651218
72,20,2030,1,demand,0.6556356795371138
72,21,2030,1,demand,0.6554451848469112
72,22,2030,1,demand,0.6227930747588939
72,23,2030,1,demand,0.5737205040834216
72,24,2030,1,demand,0.55297026793603
72,1,2030,1,solar,0.0
72,2,2030,1,solar,0.0
72,3,2030,1,solar,0.0
72,4,2030,1,solar,0.0
72,5,2030,1,solar,0.0
72,6,2030,1,solar,0.0
72,7,2030,1,solar,0.0
72,8,2030,1,solar,0.0
72,9,2030,1,solar,0.04343835932676338
72,10,2030,1,solar,0.12609847069012736
72,11,2030,1,solar,0.20689177273020096
72,12,2030,1,solar,0.2707750238671662
72,13,2030,1,solar,0.3011376566155766
72,14,2030,1,solar,0.29472699633036664
72,15,2030,1,solar,0.2421035878496025
72,16,2030,1,solar,0.1652039642863128
72,17,2030,1,solar,0.0744869770950165
72,18,2030,1,solar,0.005386935113024307
72,19,2030,1,solar,0.0
72,20,2030,1,solar,0.0
72,21,2030,1,solar,0.0
72,22,2030,1,solar,0.0
72,23,2030,1,solar,0.0
72,24,2030,1,solar,0.0
72,1,2030,1,wind_offshore,0.8974559908699362
72,2,2030,1,wind_offshore,0.9191906186059899
72,3,2030,1,wind_offshore,0.9280852291752021
72,4,2030,1,wind_offshore,0.9346838613411513
72,5,2030,1,wind_offshore,0.9426299268349386
72,6,2030,1,wind_offshore,0.9373859728894107
72,7,2030,1,wind_offshore,0.930011933088247
72,8,2030,1,wind_offshore,0.9065936234889215
72,9,2030,1,wind_offshore,0.8940435884166166
72,10,2030,1,wind_offshore,0.8828286997689988
72,11,2030,1,wind_offshore,0.8613421958113318
72,12,2030,1,wind_offshore,0.8604202493262364
72,13,2030,1,wind_offshore,0.8928063949703632
72,14,2030,1,wind_offshore,0.9056772648975286
72,15,2030,1,wind_offshore,0.9018187082163508
72,16,2030,1,wind_offshore,0.884999641225131
72,17,2030,1,wind_offshore,0.8757967379406724
72,18,2030,1,wind_offshore,0.8692702578577375
72,19,2030,1,wind_offshore,0.8368464636838909
72,20,2030,1,wind_offshore,0.7947069622176719
72,21,2030,1,wind_offshore,0.7526821175429146
72,22,2030,1,wind_offshore,0.7105376064891135
72,23,2030,1,wind_offshore,0.6988815838922995
72,24,2030,1,wind_offshore,0.6642710565240754
72,1,2030,1,wind_onshore,0.27976637080105005
72,2,2030,1,wind_onshore,0.28009472178133527
72,3,2030,1,wind_onshore,0.2822566723008152
72,4,2030,1,wind_onshore,0.2848759558111789
72,5,2030,1,wind_onshore,0.28214184636086226
72,6,2030,1,wind_onshore,0.2775473033052098
72,7,2030,1,wind_onshore,0.27618662255349175
72,8,2030,1,wind_onshore,0.2746045828537362
72,9,2030,1,wind_onshore,0.2719787933218215
72,10,2030,1,wind_onshore,0.26622150994190186
72,11,2030,1,wind_onshore,0.2508534481230997
72,12,2030,1,wind_onshore,0.2479309685631902
72,13,2030,1,wind_onshore,0.24951067194904744
72,14,2030,1,wind_onshore,0.24779622531601728
72,15,2030,1,wind_onshore,0.2422497970882983
72,16,2030,1,wind_onshore,0.23348379276519546
72,17,2030,1,wind_onshore,0.22794782515285214
72,18,2030,1,wind_onshore,0.22485112363398604
72,19,2030,1,wind_onshore,0.22577644361853025
72,20,2030,1,wind_onshore,0.2250917992389528
72,21,2030,1,wind_onshore,0.228554710616541
72,22,2030,1,wind_onshore,0.23030753651492497
72,23,2030,1,wind_onshore,0.2383405597311313
72,24,2030,1,wind_onshore,0.24827460041597046
73,1,2030,1,demand,0.49828609373234756
73,2,2030,1,demand,0.49135186428117616
73,3,2030,1,demand,0.4844529780982209
73,4,2030,1,demand,0.4784917084660131
73,5,2030,1,demand,0.48824987712460216
73,6,2030,1,demand,0.5076448506848557
73,7,2030,1,demand,0.5405181029055048
73,8,2030,1,demand,0.575894553715245
73,9,2030,1,demand,0.604849621388791
73,10,2030,1,demand,0.6231857540817859
73,11,2030,1,demand,0.6343768366311056
73,12,2030,1,demand,0.64282199638309
73,13,2030,1,demand,0.6416879628711549
73,14,2030,1,demand,0.6302845290996101
73,15,2030,1,demand,0.6195343420315804
73,16,2030,1,demand,0.6150565081001867
73,17,2030,1,demand,0.6127314068140802
73,18,2030,1,demand,0.6153191947527485
73,19,2030,1,demand,0.6268353542475282
73,20,2030,1,demand,0.6375842431517466
73,21,2030,1,demand,0.6267897250698761
73,22,2030,1,demand,0.5902771184958724
73,23,2030,1,demand,0.5459144699320935
73,24,2030,1,demand,0.5376734921682458
73,1,2030,1,solar,0.0
73,2,2030,1,solar,0.0
73,3,2030,1,solar,0.0
73,4,2030,1,solar,0.0
73,5,2030,1,solar,0.0
73,6,2030,1,solar,3.20308541894173e-5
73,7,2030,1,solar,0.0061963507413715525
73,8,2030,1,solar,0.07405057509606479
73,9,2030,1,solar,0.23271090288516755
73,10,2030,1,solar,0.4024011836455294
73,11,2030,1,solar,0.5225083237987405
73,12,2030,1,solar,0.5960717891750187
73,13,2030,1,solar,0.6060607914252186
73,14,2030,1,solar,0.5652570195452669
73,15,2030,1,solar,0.48528670748715247
73,16,2030,1,solar,0.3733223420823872
73,17,2030,1,solar,0.23154714720093125
73,18,2030,1,solar,0.0913955623418379
73,19,2030,1,solar,0.021800150949645707
73,20,2030,1,solar,0.0007673953962288913
73,21,2030,1,solar,0.0
73,22,2030,1,solar,0.0
73,23,2030,1,solar,0.0
73,24,2030,1,solar,0.0
73,1,2030,1,wind_offshore,0.26145257599813077
73,2,2030,1,wind_offshore,0.2860062786491876
73,3,2030,1,wind_offshore,0.30224639315446045
73,4,2030,1,wind_offshore,0.3196057403829624
73,5,2030,1,wind_offshore,0.3458112194767514
73,6,2030,1,wind_offshore,0.3698041303874017
73,7,2030,1,wind_offshore,0.39083553291732315
73,8,2030,1,wind_offshore,0.4350998949911434
73,9,2030,1,wind_offshore,0.48266958256273285
73,10,2030,1,wind_offshore,0.5179946994977656
73,11,2030,1,wind_offshore,0.5175593558334038
73,12,2030,1,wind_offshore,0.5716973226104868
73,13,2030,1,wind_offshore,0.5951160295460276
73,14,2030,1,wind_offshore,0.5980617166921709
73,15,2030,1,wind_offshore,0.6064715307903606
73,16,2030,1,wind_offshore,0.631883712485412
73,17,2030,1,wind_offshore,0.6523716673179271
73,18,2030,1,wind_offshore,0.6741940899406766
73,19,2030,1,wind_offshore,0.6828867618035468
73,20,2030,1,wind_offshore,0.6777503857216207
73,21,2030,1,wind_offshore,0.6739587628051662
73,22,2030,1,wind_offshore,0.6926995274220009
73,23,2030,1,wind_offshore,0.6764726978278474
73,24,2030,1,wind_offshore,0.6918033173623354
73,1,2030,1,wind_onshore,0.19280512704242625
73,2,2030,1,wind_onshore,0.1839039928407796
73,3,2030,1,wind_onshore,0.17491119862235094
73,4,2030,1,wind_onshore,0.16750519990506427
73,5,2030,1,wind_onshore,0.1648605903791887
73,6,2030,1,wind_onshore,0.16028106291589225
73,7,2030,1,wind_onshore,0.154470248079783
73,8,2030,1,wind_onshore,0.14299042450056076
73,9,2030,1,wind_onshore,0.13427930661902585
73,10,2030,1,wind_onshore,0.13030130366725984
73,11,2030,1,wind_onshore,0.12570042262570916
73,12,2030,1,wind_onshore,0.14048844313835906
73,13,2030,1,wind_onshore,0.15807647911933612
73,14,2030,1,wind_onshore,0.17672215093477078
73,15,2030,1,wind_onshore,0.1907553297973919
73,16,2030,1,wind_onshore,0.1960148867811038
73,17,2030,1,wind_onshore,0.19057399997206564
73,18,2030,1,wind_onshore,0.19281004632716603
73,19,2030,1,wind_onshore,0.19495951090086155
73,20,2030,1,wind_onshore,0.1969600169083275
73,21,2030,1,wind_onshore,0.19739665708964987
73,22,2030,1,wind_onshore,0.19510419004167276
73,23,2030,1,wind_onshore,0.19189924953395898
73,24,2030,1,wind_onshore,0.1832803565556545
74,1,2030,1,demand,0.5021247484705866
74,2,2030,1,demand,0.49252697918467503
74,3,2030,1,demand,0.4876753136938198
74,4,2030,1,demand,0.47946369775635655
74,5,2030,1,demand,0.482246272528741
74,6,2030,1,demand,0.5032285550951475
74,7,2030,1,demand,0.5365329467743807
74,8,2030,1,demand,0.5718823447354213
74,9,2030,1,demand,0.6046095021493436
74,10,2030,1,demand,0.6160137710270304
74,11,2030,1,demand,0.6298708926155168
74,12,2030,1,demand,0.6249479895003206
74,13,2030,1,demand,0.6164336799901726
74,14,2030,1,demand,0.6016634457099798
74,15,2030,1,demand,0.5882425397597612
74,16,2030,1,demand,0.5861396494651121
74,17,2030,1,demand,0.5810292804195429
74,18,2030,1,demand,0.5940201118259669
74,19,2030,1,demand,0.6127470834814133
74,20,2030,1,demand,0.6353578316960731
74,21,2030,1,demand,0.6297853009315311
74,22,2030,1,demand,0.5924022341139547
74,23,2030,1,demand,0.546656696760172
74,24,2030,1,demand,0.5343663875035135
74,1,2030,1,solar,0.0
74,2,2030,1,solar,0.0
74,3,2030,1,solar,0.0
74,4,2030,1,solar,0.0
74,5,2030,1,solar,0.0
74,6,2030,1,solar,0.0
74,7,2030,1,solar,0.001794801312006002
74,8,2030,1,solar,0.05898010663476098
74,9,2030,1,solar,0.21976275794340555
74,10,2030,1,solar,0.4147893025050176
74,11,2030,1,solar,0.5536701985314025
74,12,2030,1,solar,0.6374693294118428
74,13,2030,1,solar,0.6638323669928987
74,14,2030,1,solar,0.6424012064035134
74,15,2030,1,solar,0.5618374067418065
74,16,2030,1,solar,0.4437243451255705
74,17,2030,1,solar,0.28204188664657126
74,18,2030,1,solar,0.1058150072129497
74,19,2030,1,solar,0.01151486952829896
74,20,2030,1,solar,0.0
74,21,2030,1,solar,0.0
74,22,2030,1,solar,0.0
74,23,2030,1,solar,0.0
74,24,2030,1,solar,0.0
74,1,2030,1,wind_offshore,0.9091164663820586
74,2,2030,1,wind_offshore,0.9116081260980244
74,3,2030,1,wind_offshore,0.9128744799299635
74,4,2030,1,wind_offshore,0.9184567655757725
74,5,2030,1,wind_offshore,0.9334994881097082
74,6,2030,1,wind_offshore,0.9358644382504269
74,7,2030,1,wind_offshore,0.9406504192333145
74,8,2030,1,wind_offshore,0.937106445295408
74,9,2030,1,wind_offshore,0.9389938420073198
74,10,2030,1,wind_offshore,0.9291731807303385
74,11,2030,1,wind_offshore,0.9088101315077818
74,12,2030,1,wind_offshore,0.8915030977633178
74,13,2030,1,wind_offshore,0.8773595637836875
74,14,2030,1,wind_offshore,0.8481557271405011
74,15,2030,1,wind_offshore,0.8272376577403954
74,16,2030,1,wind_offshore,0.8022599151219888
74,17,2030,1,wind_offshore,0.7904701260322926
74,18,2030,1,wind_offshore,0.7709377804669051
74,19,2030,1,wind_offshore,0.7243996748650998
74,20,2030,1,wind_offshore,0.6689460813452932
74,21,2030,1,wind_offshore,0.5994683147357669
74,22,2030,1,wind_offshore,0.5410785095794923
74,23,2030,1,wind_offshore,0.5274938563496713
74,24,2030,1,wind_offshore,0.5243844496533008
74,1,2030,1,wind_onshore,0.47447929365855995
74,2,2030,1,wind_onshore,0.4682210168927221
74,3,2030,1,wind_onshore,0.46119826128199437
74,4,2030,1,wind_onshore,0.4611119681735697
74,5,2030,1,wind_onshore,0.45651719448666395
74,6,2030,1,wind_onshore,0.455059601370421
74,7,2030,1,wind_onshore,0.4561235918448955
74,8,2030,1,wind_onshore,0.45406503137164805
74,9,2030,1,wind_onshore,0.46237900112255553
74,10,2030,1,wind_onshore,0.48236069418085836
74,11,2030,1,wind_onshore,0.5027950091951482
74,12,2030,1,wind_onshore,0.5337036873676396
74,13,2030,1,wind_onshore,0.54848550473324
74,14,2030,1,wind_onshore,0.5449611667969616
74,15,2030,1,wind_onshore,0.5383300677710218
74,16,2030,1,wind_onshore,0.521352492518435
74,17,2030,1,wind_onshore,0.48744001792792774
74,18,2030,1,wind_onshore,0.4459681856488043
74,19,2030,1,wind_onshore,0.4055694832549491
74,20,2030,1,wind_onshore,0.37797039215955724
74,21,2030,1,wind_onshore,0.3535187149991089
74,22,2030,1,wind_onshore,0.32688054687597956
74,23,2030,1,wind_onshore,0.30631961872284713
74,24,2030,1,wind_onshore,0.28248362148871625
75,1,2030,1,demand,0.6420849129803115
75,2,2030,1,demand,0.6205847760819742
75,3,2030,1,demand,0.6028356518966054
75,4,2030,1,demand,0.5864150558208902
75,5,2030,1,demand,0.6022292291842941
75,6,2030,1,demand,0.6267616264675694
75,7,2030,1,demand,0.6481919096976044
75,8,2030,1,demand,0.6932366301154023
75,9,2030,1,demand,0.7644660645534981
75,10,2030,1,demand,0.8359664192984697
75,11,2030,1,demand,0.8945642140395206
75,12,2030,1,demand,0.938507993669418
75,13,2030,1,demand,0.9525836915119298
75,14,2030,1,demand,0.9470003933816015
75,15,2030,1,demand,0.9410688301444464
75,16,2030,1,demand,0.9397898430779406
75,17,2030,1,demand,0.9417457169834846
75,18,2030,1,demand,0.9277172440206979
75,19,2030,1,demand,0.9043830644061795
75,20,2030,1,demand,0.8748656942485867
75,21,2030,1,demand,0.8653514424854487
75,22,2030,1,demand,0.8156838457780041
75,23,2030,1,demand,0.7538974049668202
75,24,2030,1,demand,0.7271448348352796
75,1,2030,1,solar,0.0
75,2,2030,1,solar,0.0
75,3,2030,1,solar,0.0
75,4,2030,1,solar,0.0
75,5,2030,1,solar,0.0
75,6,2030,1,solar,4.7098611476085405e-5
75,7,2030,1,solar,0.01533295611979677
75,8,2030,1,solar,0.15465890098451748
75,9,2030,1,solar,0.34470722341110244
75,10,2030,1,solar,0.508463126739894
75,11,2030,1,solar,0.6057094838447866
75,12,2030,1,solar,0.6753278474449048
75,13,2030,1,solar,0.6971274461967633
75,14,2030,1,solar,0.6759530014607913
75,15,2030,1,solar,0.6226680623670534
75,16,2030,1,solar,0.5297758553285093
75,17,2030,1,solar,0.3958973285593139
75,18,2030,1,solar,0.23784568410374654
75,19,2030,1,solar,0.08360853416759632
75,20,2030,1,solar,0.003241405194131843
75,21,2030,1,solar,0.0
75,22,2030,1,solar,0.0
75,23,2030,1,solar,0.0
75,24,2030,1,solar,0.0
75,1,2030,1,wind_offshore,0.9481470055426308
75,2,2030,1,wind_offshore,0.9525673808152456
75,3,2030,1,wind_offshore,0.9540089455012994
75,4,2030,1,wind_offshore,0.9561949157614172
75,5,2030,1,wind_offshore,0.9575019003309809
75,6,2030,1,wind_offshore,0.9573968086849051
75,7,2030,1,wind_offshore,0.9621999255785666
75,8,2030,1,wind_offshore,0.9570961495839537
75,9,2030,1,wind_offshore,0.9511418165516972
75,10,2030,1,wind_offshore,0.9475853176984025
75,11,2030,1,wind_offshore,0.9314800875926902
75,12,2030,1,wind_offshore,0.9152610003632494
75,13,2030,1,wind_offshore,0.8826711421380367
75,14,2030,1,wind_offshore,0.861347463376683
75,15,2030,1,wind_offshore,0.8301158406356902
75,16,2030,1,wind_offshore,0.7944431466841344
75,17,2030,1,wind_offshore,0.7575407989468603
75,18,2030,1,wind_offshore,0.70774501244088
75,19,2030,1,wind_offshore,0.5890253035211069
75,20,2030,1,wind_offshore,0.5502720829683826
75,21,2030,1,wind_offshore,0.5061922114592948
75,22,2030,1,wind_offshore,0.4730545725387962
75,23,2030,1,wind_offshore,0.3847496147739162
75,24,2030,1,wind_offshore,0.31675078062912493
75,1,2030,1,wind_onshore,0.2327243033652194
75,2,2030,1,wind_onshore,0.2051937167472194
75,3,2030,1,wind_onshore,0.18484793917839615
75,4,2030,1,wind_onshore,0.1664885928189074
75,5,2030,1,wind_onshore,0.15097739822216785
75,6,2030,1,wind_onshore,0.13934174761767368
75,7,2030,1,wind_onshore,0.12953250914258466
75,8,2030,1,wind_onshore,0.10553796115532009
75,9,2030,1,wind_onshore,0.08172137345849446
75,10,2030,1,wind_onshore,0.0803694744615783
75,11,2030,1,wind_onshore,0.07596411100286367
75,12,2030,1,wind_onshore,0.08641005351605896
75,13,2030,1,wind_onshore,0.0997313923338377
75,14,2030,1,wind_onshore,0.11220907611176263
75,15,2030,1,wind_onshore,0.12311692415277244
75,16,2030,1,wind_onshore,0.13176777474517878
75,17,2030,1,wind_onshore,0.14108678966795182
75,18,2030,1,wind_onshore,0.15258830725556408
75,19,2030,1,wind_onshore,0.1648440449840627
75,20,2030,1,wind_onshore,0.17498848302948325
75,21,2030,1,wind_onshore,0.18161747940641984
75,22,2030,1,wind_onshore,0.17158383851589798
75,23,2030,1,wind_onshore,0.14576098434881893
75,24,2030,1,wind_onshore,0.14052222405625978
76,1,2030,1,demand,0.4935552531550205
76,2,2030,1,demand,0.4826465652907082
76,3,2030,1,demand,0.47298368065642116
76,4,2030,1,demand,0.46821194452346393
76,5,2030,1,demand,0.4732017780748413
76,6,2030,1,demand,0.5004657421171076
76,7,2030,1,demand,0.5353788752547899
76,8,2030,1,demand,0.576071486986852
76,9,2030,1,demand,0.609805429645459
76,10,2030,1,demand,0.6271238506040033
76,11,2030,1,demand,0.6337915422559396
76,12,2030,1,demand,0.6301050430322248
76,13,2030,1,demand,0.6238097162713956
76,14,2030,1,demand,0.6126705050004209
76,15,2030,1,demand,0.6016700020663744
76,16,2030,1,demand,0.5946997098223598
76,17,2030,1,demand,0.5938286597711014
76,18,2030,1,demand,0.6009683103445257
76,19,2030,1,demand,0.6249054065558786
76,20,2030,1,demand,0.6487981386798721
76,21,2030,1,demand,0.6477460794686773
76,22,2030,1,demand,0.6114785556546007
76,23,2030,1,demand,0.564419094220528
76,24,2030,1,demand,0.5483073432488074
76,1,2030,1,solar,0.0
76,2,2030,1,solar,0.0
76,3,2030,1,solar,0.0
76,4,2030,1,solar,0.0
76,5,2030,1,solar,0.0
76,6,2030,1,solar,0.0
76,7,2030,1,solar,0.005854802570206658
76,8,2030,1,solar,0.0467065998043325
76,9,2030,1,solar,0.17367087145786414
76,10,2030,1,solar,0.33279066864439716
76,11,2030,1,solar,0.45210183235465895
76,12,2030,1,solar,0.5429625712929858
76,13,2030,1,solar,0.5875511523083674
76,14,2030,1,solar,0.5731867655327598
76,15,2030,1,solar,0.5037165422305564
76,16,2030,1,solar,0.39127130860276865
76,17,2030,1,solar,0.24099808538180834
76,18,2030,1,solar,0.0855129038422186
76,19,2030,1,solar,0.015193130827697571
76,20,2030,1,solar,0.00010795860132413384
76,21,2030,1,solar,0.0
76,22,2030,1,solar,0.0
76,23,2030,1,solar,0.0
76,24,2030,1,solar,0.0
76,1,2030,1,wind_offshore,0.033678859228544314
76,2,2030,1,wind_offshore,0.025303226940634933
76,3,2030,1,wind_offshore,0.024655323240386162
76,4,2030,1,wind_offshore,0.02305481959538812
76,5,2030,1,wind_offshore,0.020712370853320537
76,6,2030,1,wind_offshore,0.028647837625222577
76,7,2030,1,wind_offshore,0.033046031254755
76,8,2030,1,wind_offshore,0.03107389081525147
76,9,2030,1,wind_offshore,0.02843869127641098
76,10,2030,1,wind_offshore,0.033542288317037004
76,11,2030,1,wind_offshore,0.04942828179631329
76,12,2030,1,wind_offshore,0.05082623337975192
76,13,2030,1,wind_offshore,0.037582579344137106
76,14,2030,1,wind_offshore,0.03358419725782388
76,15,2030,1,wind_offshore,0.04673371834484059
76,16,2030,1,wind_offshore,0.06578369287815909
76,17,2030,1,wind_offshore,0.0943954623439452
76,18,2030,1,wind_offshore,0.1234633297904388
76,19,2030,1,wind_offshore,0.1609259327378464
76,20,2030,1,wind_offshore,0.21884568404108842
76,21,2030,1,wind_offshore,0.29732624939384056
76,22,2030,1,wind_offshore,0.37044603053322495
76,23,2030,1,wind_offshore,0.39898363686367694
76,24,2030,1,wind_offshore,0.4353811187737387
76,1,2030,1,wind_onshore,0.19177276965244835
76,2,2030,1,wind_onshore,0.1860328112981638
76,3,2030,1,wind_onshore,0.18352483070991854
76,4,2030,1,wind_onshore,0.1773658503213012
76,5,2030,1,wind_onshore,0.17079815676282156
76,6,2030,1,wind_onshore,0.16101887599426434
76,7,2030,1,wind_onshore,0.14982376281343307
76,8,2030,1,wind_onshore,0.13832107555081388
76,9,2030,1,wind_onshore,0.12870504263079355
76,10,2030,1,wind_onshore,0.11861385590935514
76,11,2030,1,wind_onshore,0.11405413668778516
76,12,2030,1,wind_onshore,0.10457257967662553
76,13,2030,1,wind_onshore,0.09966272328390446
76,14,2030,1,wind_onshore,0.09705399788855565
76,15,2030,1,wind_onshore,0.09505929673558308
76,16,2030,1,wind_onshore,0.09762593910676831
76,17,2030,1,wind_onshore,0.10339043927119583
76,18,2030,1,wind_onshore,0.10907094089442013
76,19,2030,1,wind_onshore,0.10863860696566542
76,20,2030,1,wind_onshore,0.10472020689912778
76,21,2030,1,wind_onshore,0.0983407971709397
76,22,2030,1,wind_onshore,0.09000776671778733
76,23,2030,1,wind_onshore,0.09529936647205843
76,24,2030,1,wind_onshore,0.09646948679068067
77,1,2030,1,demand,0.46618287136937214
77,2,2030,1,demand,0.46441168822592455
77,3,2030,1,demand,0.46057382846286266
77,4,2030,1,demand,0.45756632049722673
77,5,2030,1,demand,0.47286251119487493
77,6,2030,1,demand,0.5024508388224326
77,7,2030,1,demand,0.5363522557296884
77,8,2030,1,demand,0.5730659317224196
77,9,2030,1,demand,0.5972946809061835
77,10,2030,1,demand,0.6072414381749798
77,11,2030,1,demand,0.6091531177709446
77,12,2030,1,demand,0.6166760646472575
77,13,2030,1,demand,0.611398409344171
77,14,2030,1,demand,0.5965017626066841
77,15,2030,1,demand,0.5946066728115146
77,16,2030,1,demand,0.5964261269949409
77,17,2030,1,demand,0.6041505335128927
77,18,2030,1,demand,0.6049296767281567
77,19,2030,1,demand,0.6190485230011397
77,20,2030,1,demand,0.6201882294993819
77,21,2030,1,demand,0.6036071189167878
77,22,2030,1,demand,0.5586335563445866
77,23,2030,1,demand,0.5114000395019139
77,24,2030,1,demand,0.5102918428279895
77,1,2030,1,solar,0.0
77,2,2030,1,solar,0.0
77,3,2030,1,solar,0.0
77,4,2030,1,solar,0.0
77,5,2030,1,solar,0.0
77,6,2030,1,solar,0.0
77,7,2030,1,solar,0.001418592257856169
77,8,2030,1,solar,0.1068028184071658
77,9,2030,1,solar,0.29576131948717715
77,10,2030,1,solar,0.4647041229384231
77,11,2030,1,solar,0.5791925174888615
77,12,2030,1,solar,0.6495843151572032
77,13,2030,1,solar,0.6619134598583798
77,14,2030,1,solar,0.6242354986454313
77,15,2030,1,solar,0.5623072636377323
77,16,2030,1,solar,0.4428202413199049
77,17,2030,1,solar,0.2963873539465412
77,18,2030,1,solar,0.14166372951583472
77,19,2030,1,solar,0.01706828290152092
77,20,2030,1,solar,0.0
77,21,2030,1,solar,0.0
77,22,2030,1,solar,0.0
77,23,2030,1,solar,0.0
77,24,2030,1,solar,0.0
77,1,2030,1,wind_offshore,0.6454821009837316
77,2,2030,1,wind_offshore,0.5149103430104652
77,3,2030,1,wind_offshore,0.40041759341798255
77,4,2030,1,wind_offshore,0.2776351776126479
77,5,2030,1,wind_offshore,0.2037135825609427
77,6,2030,1,wind_offshore,0.12309629809157419
77,7,2030,1,wind_offshore,0.05557637722859929
77,8,2030,1,wind_offshore,0.02761344213734837
77,9,2030,1,wind_offshore,0.026492386992545615
77,10,2030,1,wind_offshore,0.07359081631335862
77,11,2030,1,wind_offshore,0.25954390282196466
77,12,2030,1,wind_offshore,0.7217454020617579
77,13,2030,1,wind_offshore,0.933763701395708
77,14,2030,1,wind_offshore,0.954572396209753
77,15,2030,1,wind_offshore,0.9498889519378343
77,16,2030,1,wind_offshore,0.9233835492580824
77,17,2030,1,wind_offshore,0.8171211533989632
77,18,2030,1,wind_offshore,0.6568337781346435
77,19,2030,1,wind_offshore,0.4993200746680323
77,20,2030,1,wind_offshore,0.4246029292670819
77,21,2030,1,wind_offshore,0.38036148641357487
77,22,2030,1,wind_offshore,0.344567165397868
77,23,2030,1,wind_offshore,0.332586073389869
77,24,2030,1,wind_offshore,0.3199241346001497
77,1,2030,1,wind_onshore,0.302685007207167
77,2,2030,1,wind_onshore,0.2946085889781955
77,3,2030,1,wind_onshore,0.28172898879539304
77,4,2030,1,wind_onshore,0.2686978871558676
77,5,2030,1,wind_onshore,0.27041002523402347
77,6,2030,1,wind_onshore,0.270105959657768
77,7,2030,1,wind_onshore,0.26513287106248123
77,8,2030,1,wind_onshore,0.26435864481105
77,9,2030,1,wind_onshore,0.24414334446286248
77,10,2030,1,wind_onshore,0.2902831829651756
77,11,2030,1,wind_onshore,0.34269123832535364
77,12,2030,1,wind_onshore,0.3860741065067041
77,13,2030,1,wind_onshore,0.40799667263728184
77,14,2030,1,wind_onshore,0.44907754908568787
77,15,2030,1,wind_onshore,0.5067559083083968
77,16,2030,1,wind_onshore,0.5423680852833137
77,17,2030,1,wind_onshore,0.5515263208085643
77,18,2030,1,wind_onshore,0.514308058332042
77,19,2030,1,wind_onshore,0.3907060198973603
77,20,2030,1,wind_onshore,0.3076677983645886
77,21,2030,1,wind_onshore,0.2492845085522234
77,22,2030,1,wind_onshore,0.2000982424885704
77,23,2030,1,wind_onshore,0.17096088283102054
77,24,2030,1,wind_onshore,0.13289178197621135
78,1,2030,1,demand,0.6036158217616695
78,2,2030,1,demand,0.5905157091619734
78,3,2030,1,demand,0.5727781618550752
78,4,2030,1,demand,0.5603551741193499
78,5,2030,1,demand,0.5679557571369188
78,6,2030,1,demand,0.579120025924192
78,7,2030,1,demand,0.5840755362937498
78,8,2030,1,demand,0.6159582727127312
78,9,2030,1,demand,0.6729188641511636
78,10,2030,1,demand,0.7227344603931085
78,11,2030,1,demand,0.768210546685835
78,12,2030,1,demand,0.8038991846238654
78,13,2030,1,demand,0.8180572305420034
78,14,2030,1,demand,0.8159000148376863
78,15,2030,1,demand,0.8149982557030204
78,16,2030,1,demand,0.8142501702479333
78,17,2030,1,demand,0.8086018688054905
78,18,2030,1,demand,0.7956725125076161
78,19,2030,1,demand,0.7774574267451907
78,20,2030,1,demand,0.7563023056347656
78,21,2030,1,demand,0.7431561564246915
78,22,2030,1,demand,0.7055223089831849
78,23,2030,1,demand,0.656559671642496
78,24,2030,1,demand,0.6426278690384343
78,1,2030,1,solar,0.0
78,2,2030,1,solar,0.0
78,3,2030,1,solar,0.0
78,4,2030,1,solar,0.0
78,5,2030,1,solar,0.0
78,6,2030,1,solar,0.00021164809297035168
78,7,2030,1,solar,0.021579333044799934
78,8,2030,1,solar,0.17104879218243377
78,9,2030,1,solar,0.36416588901510283
78,10,2030,1,solar,0.5314315285835659
78,11,2030,1,solar,0.6318235853640698
78,12,2030,1,solar,0.7033268684388526
78,13,2030,1,solar,0.726629623531927
78,14,2030,1,solar,0.7148944284230152
78,15,2030,1,solar,0.6594357539718394
78,16,2030,1,solar,0.5691668459183828
78,17,2030,1,solar,0.4343955688241829
78,18,2030,1,solar,0.2658042198114917
78,19,2030,1,solar,0.09210157785415286
78,20,2030,1,solar,0.003437475212347381
78,21,2030,1,solar,0.0
78,22,2030,1,solar,0.0
78,23,2030,1,solar,0.0
78,24,2030,1,solar,0.0
78,1,2030,1,wind_offshore,0.10768852028111058
78,2,2030,1,wind_offshore,0.09051978976930475
78,3,2030,1,wind_offshore,0.07517533871531831
78,4,2030,1,wind_offshore,0.06900898125723905
78,5,2030,1,wind_offshore,0.07289848238023791
78,6,2030,1,wind_offshore,0.07675910726701611
78,7,2030,1,wind_offshore,0.08018098146501501
78,8,2030,1,wind_offshore,0.08674777940801125
78,9,2030,1,wind_offshore,0.09837894999264823
78,10,2030,1,wind_offshore,0.10721794674310085
78,11,2030,1,wind_offshore,0.10396080854855107
78,12,2030,1,wind_offshore,0.09672161755349326
78,13,2030,1,wind_offshore,0.09533466057961798
78,14,2030,1,wind_offshore,0.09134145204077201
78,15,2030,1,wind_offshore,0.08577797888020952
78,16,2030,1,wind_offshore,0.08273572204888091
78,17,2030,1,wind_offshore,0.08917250856841435
78,18,2030,1,wind_offshore,0.09565630392237691
78,19,2030,1,wind_offshore,0.09917092740181949
78,20,2030,1,wind_offshore,0.0945160356061841
78,21,2030,1,wind_offshore,0.09493352681922039
78,22,2030,1,wind_offshore,0.10077070533498321
78,23,2030,1,wind_offshore,0.07079690376004544
78,24,2030,1,wind_offshore,0.06955319933572571
78,1,2030,1,wind_onshore,0.12468471299319613
78,2,2030,1,wind_onshore,0.11082511362213093
78,3,2030,1,wind_onshore,0.09841235559875816
78,4,2030,1,wind_onshore,0.08790201663055769
78,5,2030,1,wind_onshore,0.08005260116707372
78,6,2030,1,wind_onshore,0.07522160076606041
78,7,2030,1,wind_onshore,0.06892710970676082
78,8,2030,1,wind_onshore,0.053660819723901194
78,9,2030,1,wind_onshore,0.04255250035975813
78,10,2030,1,wind_onshore,0.04817326700916686
78,11,2030,1,wind_onshore,0.0509215453493163
78,12,2030,1,wind_onshore,0.06270439823655234
78,13,2030,1,wind_onshore,0.08069797856363686
78,14,2030,1,wind_onshore,0.09863246321206545
78,15,2030,1,wind_onshore,0.12095135741648279
78,16,2030,1,wind_onshore,0.1446454784665339
78,17,2030,1,wind_onshore,0.1704764401098011
78,18,2030,1,wind_onshore,0.19845006965833015
78,19,2030,1,wind_onshore,0.22007312366168957
78,20,2030,1,wind_onshore,0.23622856023864156
78,21,2030,1,wind_onshore,0.25938134731081863
78,22,2030,1,wind_onshore,0.25778598195504154
78,23,2030,1,wind_onshore,0.22825939306303247
78,24,2030,1,wind_onshore,0.20745793384527103
79,1,2030,1,demand,0.49957451876197156
79,2,2030,1,demand,0.48731691469249666
79,3,2030,1,demand,0.4780437626952067
79,4,2030,1,demand,0.47016518858398043
79,5,2030,1,demand,0.4707206400767142
79,6,2030,1,demand,0.474080405206586
79,7,2030,1,demand,0.49766557815408496
79,8,2030,1,demand,0.5305447950722557
79,9,2030,1,demand,0.5649828093195371
79,10,2030,1,demand,0.59308258603814
79,11,2030,1,demand,0.606775480623781
79,12,2030,1,demand,0.606122308111484
79,13,2030,1,demand,0.6027536930937875
79,14,2030,1,demand,0.5921637537494551
79,15,2030,1,demand,0.5788946825483395
79,16,2030,1,demand,0.5704087313254425
79,17,2030,1,demand,0.5667506197625848
79,18,2030,1,demand,0.5811690955650055
79,19,2030,1,demand,0.6080145165005556
79,20,2030,1,demand,0.6298362449761343
79,21,2030,1,demand,0.6353800739095545
79,22,2030,1,demand,0.6106459916970656
79,23,2030,1,demand,0.5694211511938356
79,24,2030,1,demand,0.555818649637123
79,1,2030,1,solar,0.0
79,2,2030,1,solar,0.0
79,3,2030,1,solar,0.0
79,4,2030,1,solar,0.0
79,5,2030,1,solar,0.0
79,6,2030,1,solar,2.885646139987652e-6
79,7,2030,1,solar,0.0048786608450127064
79,8,2030,1,solar,0.024832463499000867
79,9,2030,1,solar,0.09610099205480463
79,10,2030,1,solar,0.21497489092599412
79,11,2030,1,solar,0.3227870295871921
79,12,2030,1,solar,0.40175197374322363
79,13,2030,1,solar,0.4283068029294079
79,14,2030,1,solar,0.40935316725697174
79,15,2030,1,solar,0.36474562752543743
79,16,2030,1,solar,0.2789822490119514
79,17,2030,1,solar,0.16470325821181783
79,18,2030,1,solar,0.051985370618760136
79,19,2030,1,solar,0.011210370099393187
79,20,2030,1,solar,0.00026325645793915807
79,21,2030,1,solar,0.0
79,22,2030,1,solar,0.0
79,23,2030,1,solar,0.0
79,24,2030,1,solar,0.0
79,1,2030,1,wind_offshore,0.8108712730247928
79,2,2030,1,wind_offshore,0.8418641183050509
79,3,2030,1,wind_offshore,0.8761820007380982
79,4,2030,1,wind_offshore,0.9115058349501537
79,5,2030,1,wind_offshore,0.9227131559263634
79,6,2030,1,wind_offshore,0.9132880601307912
79,7,2030,1,wind_offshore,0.9004316102784848
79,8,2030,1,wind_offshore,0.8937838215988355
79,9,2030,1,wind_offshore,0.8517228550483104
79,10,2030,1,wind_offshore,0.7964892337436572
79,11,2030,1,wind_offshore,0.709966782291225
79,12,2030,1,wind_offshore,0.6274299108163864
79,13,2030,1,wind_offshore,0.5230938728789364
79,14,2030,1,wind_offshore,0.4512716132599813
79,15,2030,1,wind_offshore,0.37509560282203325
79,16,2030,1,wind_offshore,0.2870495442233499
79,17,2030,1,wind_offshore,0.2291253755437965
79,18,2030,1,wind_offshore,0.19401963459799693
79,19,2030,1,wind_offshore,0.16491044620949916
79,20,2030,1,wind_offshore,0.1416086287022255
79,21,2030,1,wind_offshore,0.12166031187519026
79,22,2030,1,wind_offshore,0.0988567878278241
79,23,2030,1,wind_offshore,0.08434229602934182
79,24,2030,1,wind_offshore,0.07605655486394343
79,1,2030,1,wind_onshore,0.535670043945004
79,2,2030,1,wind_onshore,0.5381589365484161
79,3,2030,1,wind_onshore,0.5450127540475093
79,4,2030,1,wind_onshore,0.5546844523417923
79,5,2030,1,wind_onshore,0.5658612455651892
79,6,2030,1,wind_onshore,0.575182594437483
79,7,2030,1,wind_onshore,0.578516352499226
79,8,2030,1,wind_onshore,0.5846478830363161
79,9,2030,1,wind_onshore,0.5952103800141438
79,10,2030,1,wind_onshore,0.5890578713987937
79,11,2030,1,wind_onshore,0.5758195928190749
79,12,2030,1,wind_onshore,0.624137746504071
79,13,2030,1,wind_onshore,0.6629639064216891
79,14,2030,1,wind_onshore,0.671657364456795
79,15,2030,1,wind_onshore,0.6686073128616508
79,16,2030,1,wind_onshore,0.6507373835975011
79,17,2030,1,wind_onshore,0.6068550276888367
79,18,2030,1,wind_onshore,0.5687263424978988
79,19,2030,1,wind_onshore,0.5455363693309875
79,20,2030,1,wind_onshore,0.5175684481339885
79,21,2030,1,wind_onshore,0.4991082570713806
79,22,2030,1,wind_onshore,0.47402520779086554
79,23,2030,1,wind_onshore,0.4473902051577441
79,24,2030,1,wind_onshore,0.4354769788123928
80,1,2030,1,demand,0.45859972943677296
80,2,2030,1,demand,0.44981582739920817
80,3,2030,1,demand,0.4320448060977357
80,4,2030,1,demand,0.4212349543864133
80,5,2030,1,demand,0.40568628128195144
80,6,2030,1,demand,0.3985495878621677
80,7,2030,1,demand,0.4044224474743975
80,8,2030,1,demand,0.4239772600010303
80,9,2030,1,demand,0.4661273737820206
80,10,2030,1,demand,0.4934645866929921
80,11,2030,1,demand,0.5183952384254377
80,12,2030,1,demand,0.5115493124451854
80,13,2030,1,demand,0.5133369178251321
80,14,2030,1,demand,0.5204854249993992
80,15,2030,1,demand,0.51686884200666
80,16,2030,1,demand,0.5095901038824973
80,17,2030,1,demand,0.5148562745337373
80,18,2030,1,demand,0.5343788696628098
80,19,2030,1,demand,0.555207129891494
80,20,2030,1,demand,0.563313002497389
80,21,2030,1,demand,0.5630400247612414
80,22,2030,1,demand,0.5493529526471325
80,23,2030,1,demand,0.5201964161271767
80,24,2030,1,demand,0.4994991359068182
80,1,2030,1,solar,0.0
80,2,2030,1,solar,0.0
80,3,2030,1,solar,0.0
80,4,2030,1,solar,0.0
80,5,2030,1,solar,0.0
80,6,2030,1,solar,0.0
80,7,2030,1,solar,0.0
80,8,2030,1,solar,2.3495535820104338e-5
80,9,2030,1,solar,0.04030222546998378
80,10,2030,1,solar,0.10898159703014237
80,11,2030,1,solar,0.18417942846970464
80,12,2030,1,solar,0.24750341249401517
80,13,2030,1,solar,0.26642277037158474
80,14,2030,1,solar,0.249451262185964
80,15,2030,1,solar,0.1982512648101423
80,16,2030,1,solar,0.12740711431462398
80,17,2030,1,solar,0.054404009192784625
80,18,2030,1,solar,0.0
80,19,2030,1,solar,0.0
80,20,2030,1,solar,0.0
80,21,2030,1,solar,0.0
80,22,2030,1,solar,0.0
80,23,2030,1,solar,0.0
80,24,2030,1,solar,0.0
80,1,2030,1,wind_offshore,0.03389223204512769
80,2,2030,1,wind_offshore,0.08028437694593925
80,3,2030,1,wind_offshore,0.12277180297963014
80,4,2030,1,wind_offshore,0.10988408497992111
80,5,2030,1,wind_offshore,0.10808463859432695
80,6,2030,1,wind_offshore,0.12914099131137496
80,7,2030,1,wind_offshore,0.15515046490123777
80,8,2030,1,wind_offshore,0.19364916088292053
80,9,2030,1,wind_offshore,0.21980469509862285
80,10,2030,1,wind_offshore,0.24968207771809564
80,11,2030,1,wind_offshore,0.1944007036137572
80,12,2030,1,wind_offshore,0.18883152718160404
80,13,2030,1,wind_offshore,0.2362289753842451
80,14,2030,1,wind_offshore,0.28500251673446286
80,15,2030,1,wind_offshore,0.3909499101632998
80,16,2030,1,wind_offshore,0.54178337029471
80,17,2030,1,wind_offshore,0.6197613738674891
80,18,2030,1,wind_offshore,0.6056000875767217
80,19,2030,1,wind_offshore,0.6327843903370763
80,20,2030,1,wind_offshore,0.7237495230992963
80,21,2030,1,wind_offshore,0.8712723408052161
80,22,2030,1,wind_offshore,0.8900123332923393
80,23,2030,1,wind_offshore,0.95159290187554
80,24,2030,1,wind_offshore,0.9548745708233582
80,1,2030,1,wind_onshore,0.5922066577034891
80,2,2030,1,wind_onshore,0.5996859851968253
80,3,2030,1,wind_onshore,0.5789969956961772
80,4,2030,1,wind_onshore,0.5487165215968298
80,5,2030,1,wind_onshore,0.5248462265402402
80,6,2030,1,wind_onshore,0.4971808511249544
80,7,2030,1,wind_onshore,0.47616104305341217
80,8,2030,1,wind_onshore,0.47329700009279374
80,9,2030,1,wind_onshore,0.483329026750127
80,10,2030,1,wind_onshore,0.49984573340012495
80,11,2030,1,wind_onshore,0.5077958989953802
80,12,2030,1,wind_onshore,0.5402745246147936
80,13,2030,1,wind_onshore,0.5946134710445155
80,14,2030,1,wind_onshore,0.6346063147725505
80,15,2030,1,wind_onshore,0.6444369211865375
80,16,2030,1,wind_onshore,0.6271205181035402
80,17,2030,1,wind_onshore,0.6261094516112127
80,18,2030,1,wind_onshore,0.6231242403824484
80,19,2030,1,wind_onshore,0.57965873858978
80,20,2030,1,wind_onshore,0.5593053296654422
80,21,2030,1,wind_onshore,0.5304868143961545
80,22,2030,1,wind_onshore,0.5023160243508008
80,23,2030,1,wind_onshore,0.42907324053270396
80,24,2030,1,wind_onshore,0.4086270444792355
81,1,2030,1,demand,0.5223377517473545
81,2,2030,1,demand,0.5095720210503287
81,3,2030,1,demand,0.49857288479755396
81,4,2030,1,demand,0.48760574966444176
81,5,2030,1,demand,0.49108692555850525
81,6,2030,1,demand,0.5110997087197106
81,7,2030,1,demand,0.5515120800684435
81,8,2030,1,demand,0.5964370727764694
81,9,2030,1,demand,0.6315027938170747
81,10,2030,1,demand,0.6520064972418066
81,11,2030,1,demand,0.6593055690147416
81,12,2030,1,demand,0.6594460376707139
81,13,2030,1,demand,0.6542785695952789
81,14,2030,1,demand,0.6392624966729906
81,15,2030,1,demand,0.6232812283178181
81,16,2030,1,demand,0.6148053928315704
81,17,2030,1,demand,0.6136298022041704
81,18,2030,1,demand,0.6250641937146026
81,19,2030,1,demand,0.6499185081321915
81,20,2030,1,demand,0.6747390862561268
81,21,2030,1,demand,0.6726267151626545
81,22,2030,1,demand,0.6348772980876061
81,23,2030,1,demand,0.5856282874822571
81,24,2030,1,demand,0.564143380540006
81,1,2030,1,solar,0.0
81,2,2030,1,solar,0.0
81,3,2030,1,solar,0.0
81,4,2030,1,solar,0.0
81,5,2030,1,solar,0.0
81,6,2030,1,solar,0.0
81,7,2030,1,solar,0.0025150339244079454
81,8,2030,1,solar,0.030993837544799768
81,9,2030,1,solar,0.1357970931636025
81,10,2030,1,solar,0.30205694499514557
81,11,2030,1,solar,0.4324128890500899
81,12,2030,1,solar,0.5259928010937736
81,13,2030,1,solar,0.5650262619399367
81,14,2030,1,solar,0.5466454733032697
81,15,2030,1,solar,0.48213594048806396
81,16,2030,1,solar,0.36484079501692207
81,17,2030,1,solar,0.21358334328025683
81,18,2030,1,solar,0.05997285327007198
81,19,2030,1,solar,0.01121867087453007
81,20,2030,1,solar,4.6616247745521787e-7
81,21,2030,1,solar,0.0
81,22,2030,1,solar,0.0
81,23,2030,1,solar,0.0
81,24,2030,1,solar,0.0
81,1,2030,1,wind_offshore,0.18579565030182837
81,2,2030,1,wind_offshore,0.16839658198672885
81,3,2030,1,wind_offshore,0.13028113565793886
81,4,2030,1,wind_offshore,0.10464015786595171
81,5,2030,1,wind_offshore,0.1013396282320741
81,6,2030,1,wind_offshore,0.10437393714775452
81,7,2030,1,wind_offshore,0.11688784076085738
81,8,2030,1,wind_offshore,0.13265076374832496
81,9,2030,1,wind_offshore,0.14297461558604146
81,10,2030,1,wind_offshore,0.14804692281554682
81,11,2030,1,wind_offshore,0.13020187213877749
81,12,2030,1,wind_offshore,0.11075375003181998
81,13,2030,1,wind_offshore,0.08720751569000813
81,14,2030,1,wind_offshore,0.08222490986678752
81,15,2030,1,wind_offshore,0.08699491220426178
81,16,2030,1,wind_offshore,0.08628770479869888
81,17,2030,1,wind_offshore,0.08558471685574591
81,18,2030,1,wind_offshore,0.09472817887976857
81,19,2030,1,wind_offshore,0.11171025103608763
81,20,2030,1,wind_offshore,0.12054502330701955
81,21,2030,1,wind_offshore,0.11153881477097072
81,22,2030,1,wind_offshore,0.1167225461092102
81,23,2030,1,wind_offshore,0.14955670719785438
81,24,2030,1,wind_offshore,0.19994659373991402
81,1,2030,1,wind_onshore,0.41425667941664795
81,2,2030,1,wind_onshore,0.41030327713966147
81,3,2030,1,wind_onshore,0.40367852525653475
81,4,2030,1,wind_onshore,0.3987989022761979
81,5,2030,1,wind_onshore,0.3961263619945215
81,6,2030,1,wind_onshore,0.3943286451658744
81,7,2030,1,wind_onshore,0.39527577836571537
81,8,2030,1,wind_onshore,0.38922568598782853
81,9,2030,1,wind_onshore,0.39257264709147555
81,10,2030,1,wind_onshore,0.3894125729565983
81,11,2030,1,wind_onshore,0.3749525120529323
81,12,2030,1,wind_onshore,0.40780288678675725
81,13,2030,1,wind_onshore,0.429592818558797
81,14,2030,1,wind_onshore,0.4349330987902335
81,15,2030,1,wind_onshore,0.43591090404065636
81,16,2030,1,wind_onshore,0.44084698116397236
81,17,2030,1,wind_onshore,0.43367292904691723
81,18,2030,1,wind_onshore,0.4330892070659756
81,19,2030,1,wind_onshore,0.43512034298579694
81,20,2030,1,wind_onshore,0.4273928810417232
81,21,2030,1,wind_onshore,0.4141632359483509
81,22,2030,1,wind_onshore,0.3945923101252392
81,23,2030,1,wind_onshore,0.3786423238253493
81,24,2030,1,wind_onshore,0.37367374598051867
82,1,2030,1,demand,0.48094462113823644
82,2,2030,1,demand,0.4722481838796042
82,3,2030,1,demand,0.46710251318397294
82,4,2030,1,demand,0.45918425367374743
82,5,2030,1,demand,0.4648788484228982
82,6,2030,1,demand,0.47714302258085955
82,7,2030,1,demand,0.5034091424923436
82,8,2030,1,demand,0.5326294943587155
82,9,2030,1,demand,0.5636014927026397
82,10,2030,1,demand,0.5822609711246152
82,11,2030,1,demand,0.5915769508518314
82,12,2030,1,demand,0.5960982801115488
82,13,2030,1,demand,0.5917170700980662
82,14,2030,1,demand,0.5761197863550985
82,15,2030,1,demand,0.56607909527895
82,16,2030,1,demand,0.5633415409782266
82,17,2030,1,demand,0.5624064074196337
82,18,2030,1,demand,0.5636962500663144
82,19,2030,1,demand,0.5740587284532045
82,20,2030,1,demand,0.5874786023409614
82,21,2030,1,demand,0.5869050598076752
82,22,2030,1,demand,0.555753335778579
82,23,2030,1,demand,0.5205576226791414
82,24,2030,1,demand,0.5117763460961399
82,1,2030,1,solar,0.0
82,2,2030,1,solar,0.0
82,3,2030,1,solar,0.0
82,4,2030,1,solar,0.0
82,5,2030,1,solar,0.0
82,6,2030,1,solar,5.454722818471601e-5
82,7,2030,1,solar,0.010179330203685848
82,8,2030,1,solar,0.10973266953794886
82,9,2030,1,solar,0.28405196797066573
82,10,2030,1,solar,0.4535933630995801
82,11,2030,1,solar,0.5606550619051455
82,12,2030,1,solar,0.625550805781309
82,13,2030,1,solar,0.6369048146160198
82,14,2030,1,solar,0.6044146203215071
82,15,2030,1,solar,0.529357565679987
82,16,2030,1,solar,0.42042897372777094
82,17,2030,1,solar,0.281365522690701
82,18,2030,1,solar,0.13439809271127026
82,19,2030,1,solar,0.03232043511192504
82,20,2030,1,solar,0.0005911944544049316
82,21,2030,1,solar,0.0
82,22,2030,1,solar,0.0
82,23,2030,1,solar,0.0
82,24,2030,1,solar,0.0
82,1,2030,1,wind_offshore,0.7286430110925162
82,2,2030,1,wind_offshore,0.7417125185431082
82,3,2030,1,wind_offshore,0.748736389711193
82,4,2030,1,wind_offshore,0.757064117661877
82,5,2030,1,wind_offshore,0.7539161606887723
82,6,2030,1,wind_offshore,0.7446762979050066
82,7,2030,1,wind_offshore,0.7428084661284888
82,8,2030,1,wind_offshore,0.7231179331495298
82,9,2030,1,wind_offshore,0.6792997422073596
82,10,2030,1,wind_offshore,0.6474806591871376
82,11,2030,1,wind_offshore,0.6298408229179805
82,12,2030,1,wind_offshore,0.6087882399657346
82,13,2030,1,wind_offshore,0.5851609458362753
82,14,2030,1,wind_offshore,0.565727603915679
82,15,2030,1,wind_offshore,0.5499908065812277
82,16,2030,1,wind_offshore,0.5480688430807709
82,17,2030,1,wind_offshore,0.5363366451931825
82,18,2030,1,wind_offshore,0.5402736386540258
82,19,2030,1,wind_offshore,0.5585681707875548
82,20,2030,1,wind_offshore,0.5683833479589323
82,21,2030,1,wind_offshore,0.5494864410947028
82,22,2030,1,wind_offshore,0.5230950253444885
82,23,2030,1,wind_offshore,0.4164272830450942
82,24,2030,1,wind_offshore,0.3777418077093268
82,1,2030,1,wind_onshore,0.18858525435659668
82,2,2030,1,wind_onshore,0.18328819014070505
82,3,2030,1,wind_onshore,0.17645154075174993
82,4,2030,1,wind_onshore,0.16895931044530718
82,5,2030,1,wind_onshore,0.16360117176772643
82,6,2030,1,wind_onshore,0.163303288800696
82,7,2030,1,wind_onshore,0.16183304816872499
82,8,2030,1,wind_onshore,0.15627712641401575
82,9,2030,1,wind_onshore,0.14596837245138472
82,10,2030,1,wind_onshore,0.1459258683636001
82,11,2030,1,wind_onshore,0.15011570483557396
82,12,2030,1,wind_onshore,0.1634422575681577
82,13,2030,1,wind_onshore,0.17461332700890494
82,14,2030,1,wind_onshore,0.1899669546664957
82,15,2030,1,wind_onshore,0.20494402866903325
82,16,2030,1,wind_onshore,0.21955461014243735
82,17,2030,1,wind_onshore,0.22841622509950543
82,18,2030,1,wind_onshore,0.23040982092663495
82,19,2030,1,wind_onshore,0.22146845326074524
82,20,2030,1,wind_onshore,0.21422676896529735
82,21,2030,1,wind_onshore,0.20762531563454967
82,22,2030,1,wind_onshore,0.19405129447504668
82,23,2030,1,wind_onshore,0.16579363131316324
82,24,2030,1,wind_onshore,0.16295373851248743
83,1,2030,1,demand,0.4964200256844039
83,2,2030,1,demand,0.4899361562313303
83,3,2030,1,demand,0.47998611124536344
83,4,2030,1,demand,0.4714549049450044
83,5,2030,1,demand,0.4774722867597481
83,6,2030,1,demand,0.4961605780266853
83,7,2030,1,demand,0.5260452583092651
83,8,2030,1,demand,0.558140221245001
83,9,2030,1,demand,0.5844950508738459
83,10,2030,1,demand,0.5994555278045796
83,11,2030,1,demand,0.6075041908718594
83,12,2030,1,demand,0.6121274100676655
83,13,2030,1,demand,0.6087520475028068
83,14,2030,1,demand,0.598723197217289
83,15,2030,1,demand,0.5913643407160353
83,16,2030,1,demand,0.5866956731636095
83,17,2030,1,demand,0.5861584390335003
83,18,2030,1,demand,0.5882504301166487
83,19,2030,1,demand,0.6028316844928129
83,20,2030,1,demand,0.6120507456129665
83,21,2030,1,demand,0.6060956527856061
83,22,2030,1,demand,0.5733016403391085
83,23,2030,1,demand,0.5368378825598572
83,24,2030,1,demand,0.526315743522159
83,1,2030,1,solar,0.0
83,2,2030,1,solar,0.0
83,3,2030,1,solar,0.0
83,4,2030,1,solar,0.0
83,5,2030,1,solar,0.0
83,6,2030,1,solar,2.8377943330227588e-5
83,7,2030,1,solar,0.006057535953648986
83,8,2030,1,solar,0.08627582705409954
83,9,2030,1,solar,0.26621532284056876
83,10,2030,1,solar,0.46180711123172435
83,11,2030,1,solar,0.5954692170117931
83,12,2030,1,solar,0.688058525603459
83,13,2030,1,solar,0.7218940967467277
83,14,2030,1,solar,0.7015519527770254
83,15,2030,1,solar,0.6223132671754114
83,16,2030,1,solar,0.498609570314741
83,17,2030,1,solar,0.3299000695623213
83,18,2030,1,solar,0.14200317668297596
83,19,2030,1,solar,0.023326165255580747
83,20,2030,1,solar,0.00044593094540818087
83,21,2030,1,solar,0.0
83,22,2030,1,solar,0.0
83,23,2030,1,solar,0.0
83,24,2030,1,solar,0.0
83,1,2030,1,wind_offshore,0.6489465315384741
83,2,2030,1,wind_offshore,0.6875381886049833
83,3,2030,1,wind_offshore,0.7168800130482589
83,4,2030,1,wind_offshore,0.7385075437701126
83,5,2030,1,wind_offshore,0.7374526611293292
83,6,2030,1,wind_offshore,0.7419558114116731
83,7,2030,1,wind_offshore,0.7628607435335625
83,8,2030,1,wind_offshore,0.784808452446669
83,9,2030,1,wind_offshore,0.8145691932243633
83,10,2030,1,wind_offshore,0.8422985664391456
83,11,2030,1,wind_offshore,0.8677611912433002
83,12,2030,1,wind_offshore,0.8654183856567178
83,13,2030,1,wind_offshore,0.8659846243868033
83,14,2030,1,wind_offshore,0.8840825280772638
83,15,2030,1,wind_offshore,0.9117410481472645
83,16,2030,1,wind_offshore,0.929973919899068
83,17,2030,1,wind_offshore,0.9391920467172857
83,18,2030,1,wind_offshore,0.9409469265340555
83,19,2030,1,wind_offshore,0.9402035440540895
83,20,2030,1,wind_offshore,0.9344965275544014
83,21,2030,1,wind_offshore,0.931145564093096
83,22,2030,1,wind_offshore,0.9130740386047754
83,23,2030,1,wind_offshore,0.8759690782845261
83,24,2030,1,wind_offshore,0.8313495379870476
83,1,2030,1,wind_onshore,0.13692523629348002
83,2,2030,1,wind_onshore,0.12930216589122884
83,3,2030,1,wind_onshore,0.12120066103564243
83,4,2030,1,wind_onshore,0.11699037659402454
83,5,2030,1,wind_onshore,0.11373817966796833
83,6,2030,1,wind_onshore,0.1153344068812781
83,7,2030,1,wind_onshore,0.11697219259688173
83,8,2030,1,wind_onshore,0.11825305576347299
83,9,2030,1,wind_onshore,0.11726787791285026
83,10,2030,1,wind_onshore,0.12318560412274629
83,11,2030,1,wind_onshore,0.1392081951858351
83,12,2030,1,wind_onshore,0.16472399192410914
83,13,2030,1,wind_onshore,0.19353761622883556
83,14,2030,1,wind_onshore,0.21574203286955063
83,15,2030,1,wind_onshore,0.2357392838208942
83,16,2030,1,wind_onshore,0.2508055086599892
83,17,2030,1,wind_onshore,0.26296068861884797
83,18,2030,1,wind_onshore,0.2729434413184117
83,19,2030,1,wind_onshore,0.2841790270806461
83,20,2030,1,wind_onshore,0.29562830907965604
83,21,2030,1,wind_onshore,0.298671422965193
83,22,2030,1,wind_onshore,0.2946631903772507
83,23,2030,1,wind_onshore,0.27617513309423775
83,24,2030,1,wind_onshore,0.27441494899330643
84,1,2030,1,demand,0.46150445977425025
84,2,2030,1,demand,0.461011277513795
84,3,2030,1,demand,0.4498695218119799
84,4,2030,1,demand,0.4416046379723848
84,5,2030,1,demand,0.44461378316345923
84,6,2030,1,demand,0.4611097665666849
84,7,2030,1,demand,0.4853914077999357
84,8,2030,1,demand,0.5200334025143498
84,9,2030,1,demand,0.544219443858704
84,10,2030,1,demand,0.5576069155077223
84,11,2030,1,demand,0.5607197891602562
84,12,2030,1,demand,0.5615902744757001
84,13,2030,1,demand,0.5491126129431219
84,14,2030,1,demand,0.5328053927121916
84,15,2030,1,demand,0.5250118338947652
84,16,2030,1,demand,0.5185061028606543
84,17,2030,1,demand,0.520966324068856
84,18,2030,1,demand,0.5217440259721903
84,19,2030,1,demand,0.54933403126313
84,20,2030,1,demand,0.5749262530299107
84,21,2030,1,demand,0.565535117046844
84,22,2030,1,demand,0.5345939294535496
84,23,2030,1,demand,0.49946735701974776
84,24,2030,1,demand,0.4907815059078638
84,1,2030,1,solar,0.0
84,2,2030,1,solar,0.0
84,3,2030,1,solar,0.0
84,4,2030,1,solar,0.0
84,5,2030,1,solar,0.0
84,6,2030,1,solar,0.0
84,7,2030,1,solar,0.00022043499685755666
84,8,2030,1,solar,0.10179120153067156
84,9,2030,1,solar,0.3357136160774581
84,10,2030,1,solar,0.5581136509249385
84,11,2030,1,solar,0.712356451755735
84,12,2030,1,solar,0.8255415294663344
84,13,2030,1,solar,0.8657953063206724
84,14,2030,1,solar,0.8642796309173572
84,15,2030,1,solar,0.7910050285389005
84,16,2030,1,solar,0.66732732298541
84,17,2030,1,solar,0.48322000842785634
84,18,2030,1,solar,0.24453095118388127
84,19,2030,1,solar,0.03761764365362176
84,20,2030,1,solar,0.0
84,21,2030,1,solar,0.0
84,22,2030,1,solar,0.0
84,23,2030,1,solar,0.0
84,24,2030,1,solar,0.0
84,1,2030,1,wind_offshore,1.0219683910159676
84,2,2030,1,wind_offshore,1.0160340387940616
84,3,2030,1,wind_offshore,1.0098783415988388
84,4,2030,1,wind_offshore,1.0091455265710154
84,5,2030,1,wind_offshore,1.006970149624575
84,6,2030,1,wind_offshore,1.0027954208314787
84,7,2030,1,wind_offshore,1.0027615291890752
84,8,2030,1,wind_offshore,1.006089832166426
84,9,2030,1,wind_offshore,0.9952165854525907
84,10,2030,1,wind_offshore,0.9911341141426072
84,11,2030,1,wind_offshore,0.9850350638633807
84,12,2030,1,wind_offshore,0.9734901078101987
84,13,2030,1,wind_offshore,0.9801428019643402
84,14,2030,1,wind_offshore,0.9809329228688646
84,15,2030,1,wind_offshore,0.9773831811859833
84,16,2030,1,wind_offshore,0.9793770702437061
84,17,2030,1,wind_offshore,0.9698794027653139
84,18,2030,1,wind_offshore,0.9696164074472464
84,19,2030,1,wind_offshore,0.9616350855075777
84,20,2030,1,wind_offshore,0.9674119032480759
84,21,2030,1,wind_offshore,0.9759623991186404
84,22,2030,1,wind_offshore,0.9684872294453117
84,23,2030,1,wind_offshore,0.9717262620437638
84,24,2030,1,wind_offshore,0.963832749012022
84,1,2030,1,wind_onshore,0.3789886419885056
84,2,2030,1,wind_onshore,0.35302729519993203
84,3,2030,1,wind_onshore,0.3253952644658149
84,4,2030,1,wind_onshore,0.3054750303031667
84,5,2030,1,wind_onshore,0.2886611753821929
84,6,2030,1,wind_onshore,0.2772197739708059
84,7,2030,1,wind_onshore,0.2724073015119301
84,8,2030,1,wind_onshore,0.26786570349175054
84,9,2030,1,wind_onshore,0.23271351478559493
84,10,2030,1,wind_onshore,0.24119977860676045
84,11,2030,1,wind_onshore,0.25284121772817675
84,12,2030,1,wind_onshore,0.26976670533938085
84,13,2030,1,wind_onshore,0.2826351933342835
84,14,2030,1,wind_onshore,0.2900471924528444
84,15,2030,1,wind_onshore,0.2950606448873073
84,16,2030,1,wind_onshore,0.30648592599351304
84,17,2030,1,wind_onshore,0.322264776721898
84,18,2030,1,wind_onshore,0.33212306971057537
84,19,2030,1,wind_onshore,0.3403127507113074
84,20,2030,1,wind_onshore,0.3703621486923032
84,21,2030,1,wind_onshore,0.37721455420610067
84,22,2030,1,wind_onshore,0.3637658659574465
84,23,2030,1,wind_onshore,0.33394013544448875
84,24,2030,1,wind_onshore,0.31140020347024244
85,1,2030,1,demand,0.48473967611172447
85,2,2030,1,demand,0.4810134247497006
85,3,2030,1,demand,0.4754989440725785
85,4,2030,1,demand,0.46778514850450564
85,5,2030,1,demand,0.47774788765276327
85,6,2030,1,demand,0.49269707276712355
85,7,2030,1,demand,0.5160827496302623
85,8,2030,1,demand,0.5475490801325186
85,9,2030,1,demand,0.5749307153224507
85,10,2030,1,demand,0.5920074693759757
85,11,2030,1,demand,0.6010109927909255
85,12,2030,1,demand,0.6057070663049466
85,13,2030,1,demand,0.5994930567029039
85,14,2030,1,demand,0.5865367200404844
85,15,2030,1,demand,0.5751276846986814
85,16,2030,1,demand,0.5691094418969526
85,17,2030,1,demand,0.5665188365533316
85,18,2030,1,demand,0.5696776920997114
85,19,2030,1,demand,0.5769589932547922
85,20,2030,1,demand,0.5890035020134541
85,21,2030,1,demand,0.5859116422856177
85,22,2030,1,demand,0.5559480778381031
85,23,2030,1,demand,0.518098968336795
85,24,2030,1,demand,0.5128369466333129
85,1,2030,1,solar,0.0
85,2,2030,1,solar,0.0
85,3,2030,1,solar,0.0
85,4,2030,1,solar,0.0
85,5,2030,1,solar,0.0
85,6,2030,1,solar,0.00021055887661679541
85,7,2030,1,solar,0.021716690912703826
85,8,2030,1,solar,0.15630436229246614
85,9,2030,1,solar,0.35086231496559755
85,10,2030,1,solar,0.5253747180986297
85,11,2030,1,solar,0.6373802493067094
85,12,2030,1,solar,0.7010933363909615
85,13,2030,1,solar,0.7167440410949797
85,14,2030,1,solar,0.6989119901546532
85,15,2030,1,solar,0.6410424866851717
85,16,2030,1,solar,0.5435892860826794
85,17,2030,1,solar,0.4035748233429559
85,18,2030,1,solar,0.22765049812998706
85,19,2030,1,solar,0.061233931003433634
85,20,2030,1,solar,0.00216852136949693
85,21,2030,1,solar,0.0
85,22,2030,1,solar,0.0
85,23,2030,1,solar,0.0
85,24,2030,1,solar,0.0
85,1,2030,1,wind_offshore,0.266333557196278
85,2,2030,1,wind_offshore,0.239806591313474
85,3,2030,1,wind_offshore,0.21767931901349133
85,4,2030,1,wind_offshore,0.20665582993439954
85,5,2030,1,wind_offshore,0.20377225561763548
85,6,2030,1,wind_offshore,0.20521570170894363
85,7,2030,1,wind_offshore,0.2066719630338089
85,8,2030,1,wind_offshore,0.2135618644194269
85,9,2030,1,wind_offshore,0.2160292553206685
85,10,2030,1,wind_offshore,0.21167523190395668
85,11,2030,1,wind_offshore,0.17938432314064678
85,12,2030,1,wind_offshore,0.17983662666120623
85,13,2030,1,wind_offshore,0.18120382818135808
85,14,2030,1,wind_offshore,0.18502738152724665
85,15,2030,1,wind_offshore,0.21185183789368048
85,16,2030,1,wind_offshore,0.25551575273028154
85,17,2030,1,wind_offshore,0.30271409079454276
85,18,2030,1,wind_offshore,0.3404925859051992
85,19,2030,1,wind_offshore,0.3757965198274789
85,20,2030,1,wind_offshore,0.43255580831827783
85,21,2030,1,wind_offshore,0.47134088400236024
85,22,2030,1,wind_offshore,0.508550052811492
85,23,2030,1,wind_offshore,0.4771587936416257
85,24,2030,1,wind_offshore,0.44915101704747035
85,1,2030,1,wind_onshore,0.35116737038406626
85,2,2030,1,wind_onshore,0.34049435663094196
85,3,2030,1,wind_onshore,0.3278913047796839
85,4,2030,1,wind_onshore,0.3175388997813308
85,5,2030,1,wind_onshore,0.31473741102063707
85,6,2030,1,wind_onshore,0.31216821333343353
85,7,2030,1,wind_onshore,0.3047823382861264
85,8,2030,1,wind_onshore,0.2953173591837835
85,9,2030,1,wind_onshore,0.29721933056170463
85,10,2030,1,wind_onshore,0.30812145130082436
85,11,2030,1,wind_onshore,0.2944303537638276
85,12,2030,1,wind_onshore,0.3034910916758586
85,13,2030,1,wind_onshore,0.3087949985526121
85,14,2030,1,wind_onshore,0.3204347471684826
85,15,2030,1,wind_onshore,0.3348974810569407
85,16,2030,1,wind_onshore,0.3534560078895021
85,17,2030,1,wind_onshore,0.36753446875834944
85,18,2030,1,wind_onshore,0.3704439002207929
85,19,2030,1,wind_onshore,0.357464069938876
85,20,2030,1,wind_onshore,0.34828666792571755
85,21,2030,1,wind_onshore,0.3498527371495778
85,22,2030,1,wind_onshore,0.3377937700271317
85,23,2030,1,wind_onshore,0.3063542562916039
85,24,2030,1,wind_onshore,0.2964950089097022
86,1,2030,1,demand,0.4885880201951386
86,2,2030,1,demand,0.482710459992712
86,3,2030,1,demand,0.4753476973900087
86,4,2030,1,demand,0.4656026952862108
86,5,2030,1,demand,0.4725852577215484
86,6,2030,1,demand,0.48960241463782816
86,7,2030,1,demand,0.5167531121534954
86,8,2030,1,demand,0.5511826784000506
86,9,2030,1,demand,0.5752212216426003
86,10,2030,1,demand,0.5879576875564476
86,11,2030,1,demand,0.5919274857510413
86,12,2030,1,demand,0.5929790170681554
86,13,2030,1,demand,0.5837452017079666
86,14,2030,1,demand,0.5740731626386982
86,15,2030,1,demand,0.5677325958140209
86,16,2030,1,demand,0.5610178491201756
86,17,2030,1,demand,0.5559272618034463
86,18,2030,1,demand,0.560772464280465
86,19,2030,1,demand,0.5784300321985238
86,20,2030,1,demand,0.5981682555706909
86,21,2030,1,demand,0.5943727511987988
86,22,2030,1,demand,0.5652240110284621
86,23,2030,1,demand,0.5241612222504254
86,24,2030,1,demand,0.5132068146448534
86,1,2030,1,solar,0.0
86,2,2030,1,solar,0.0
86,3,2030,1,solar,0.0
86,4,2030,1,solar,0.0
86,5,2030,1,solar,0.0
86,6,2030,1,solar,8.691816018399789e-5
86,7,2030,1,solar,0.015382235269908562
86,8,2030,1,solar,0.11474273517173532
86,9,2030,1,solar,0.307812660371853
86,10,2030,1,solar,0.4977422316975269
86,11,2030,1,solar,0.6280583226501203
86,12,2030,1,solar,0.703680184810057
86,13,2030,1,solar,0.7172718294475446
86,14,2030,1,solar,0.701814519089411
86,15,2030,1,solar,0.6284548297429913
86,16,2030,1,solar,0.5171029420402158
86,17,2030,1,solar,0.35874130593493164
86,18,2030,1,solar,0.17865795469344464
86,19,2030,1,solar,0.03928045846754831
86,20,2030,1,solar,0.0006422719917190459
86,21,2030,1,solar,0.0
86,22,2030,1,solar,0.0
86,23,2030,1,solar,0.0
86,24,2030,1,solar,0.0
86,1,2030,1,wind_offshore,0.22353829444966813
86,2,2030,1,wind_offshore,0.22870414181328305
86,3,2030,1,wind_offshore,0.24808079420018464
86,4,2030,1,wind_offshore,0.30728136697220065
86,5,2030,1,wind_offshore,0.3991153364360233
86,6,2030,1,wind_offshore,0.4795169035883896
86,7,2030,1,wind_offshore,0.5536384961850412
86,8,2030,1,wind_offshore,0.6412183750093237
86,9,2030,1,wind_offshore,0.7138883511962493
86,10,2030,1,wind_offshore,0.7673975448804552
86,11,2030,1,wind_offshore,0.8334814479507591
86,12,2030,1,wind_offshore,0.8432668660254778
86,13,2030,1,wind_offshore,0.8536401193225501
86,14,2030,1,wind_offshore,0.8847640905422398
86,15,2030,1,wind_offshore,0.9331009649298327
86,16,2030,1,wind_offshore,0.9610383433864904
86,17,2030,1,wind_offshore,0.965409233545287
86,18,2030,1,wind_offshore,0.9575043156380033
86,19,2030,1,wind_offshore,0.9525552394825375
86,20,2030,1,wind_offshore,0.9564170199004514
86,21,2030,1,wind_offshore,0.9608057750118828
86,22,2030,1,wind_offshore,0.9614735212276809
86,23,2030,1,wind_offshore,0.9743627496901895
86,24,2030,1,wind_offshore,0.9888106123803231
86,1,2030,1,wind_onshore,0.27148489052690566
86,2,2030,1,wind_onshore,0.27032015303414714
86,3,2030,1,wind_onshore,0.27538747499622923
86,4,2030,1,wind_onshore,0.2803704441509066
86,5,2030,1,wind_onshore,0.28184403266350866
86,6,2030,1,wind_onshore,0.285511053516882
86,7,2030,1,wind_onshore,0.28588000215103476
86,8,2030,1,wind_onshore,0.2873197326228697
86,9,2030,1,wind_onshore,0.29502649280191073
86,10,2030,1,wind_onshore,0.297276403511776
86,11,2030,1,wind_onshore,0.3019693447270243
86,12,2030,1,wind_onshore,0.33093632301199605
86,13,2030,1,wind_onshore,0.360624924358384
86,14,2030,1,wind_onshore,0.3875681133689904
86,15,2030,1,wind_onshore,0.40815077898115
86,16,2030,1,wind_onshore,0.42807692459867974
86,17,2030,1,wind_onshore,0.44340093632456784
86,18,2030,1,wind_onshore,0.44510714741997204
86,19,2030,1,wind_onshore,0.4481713784353866
86,20,2030,1,wind_onshore,0.4663679566343196
86,21,2030,1,wind_onshore,0.4734560790627221
86,22,2030,1,wind_onshore,0.4568984384838428
86,23,2030,1,wind_onshore,0.4501169083205382
86,24,2030,1,wind_onshore,0.43084127948127177
87,1,2030,1,demand,0.4954383982713164
87,2,2030,1,demand,0.4868409890619566
87,3,2030,1,demand,0.47847937145793984
87,4,2030,1,demand,0.4657256126301016
87,5,2030,1,demand,0.4697285324332918
87,6,2030,1,demand,0.4806136244090906
87,7,2030,1,demand,0.5078695688772935
87,8,2030,1,demand,0.5412222982705244
87,9,2030,1,demand,0.5706923374962144
87,10,2030,1,demand,0.5946187088648669
87,11,2030,1,demand,0.6061408242450881
87,12,2030,1,demand,0.6084197484875711
87,13,2030,1,demand,0.6063590316098163
87,14,2030,1,demand,0.5955067655406471
87,15,2030,1,demand,0.5886810689863281
87,16,2030,1,demand,0.5858357308359461
87,17,2030,1,demand,0.5879694821065232
87,18,2030,1,demand,0.5947203175639657
87,19,2030,1,demand,0.610404227631587
87,20,2030,1,demand,0.6246323966290473
87,21,2030,1,demand,0.6211724702768426
87,22,2030,1,demand,0.5894797211417717
87,23,2030,1,demand,0.5531842147177827
87,24,2030,1,demand,0.5401784272833
87,1,2030,1,solar,0.0
87,2,2030,1,solar,0.0
87,3,2030,1,solar,0.0
87,4,2030,1,solar,0.0
87,5,2030,1,solar,0.0
87,6,2030,1,solar,0.0
87,7,2030,1,solar,0.004522973937058236
87,8,2030,1,solar,0.05889373405820472
87,9,2030,1,solar,0.2098799948965924
87,10,2030,1,solar,0.3822787771566227
87,11,2030,1,solar,0.5045542691598927
87,12,2030,1,solar,0.5856980983839113
87,13,2030,1,solar,0.6131452295877051
87,14,2030,1,solar,0.5861885988036644
87,15,2030,1,solar,0.508845568960546
87,16,2030,1,solar,0.3922368608328617
87,17,2030,1,solar,0.24406569048003912
87,18,2030,1,solar,0.094727605912041
87,19,2030,1,solar,0.01985728630126183
87,20,2030,1,solar,0.0001082420799565704
87,21,2030,1,solar,0.0
87,22,2030,1,solar,0.0
87,23,2030,1,solar,0.0
87,24,2030,1,solar,0.0
87,1,2030,1,wind_offshore,0.3246312324222638
87,2,2030,1,wind_offshore,0.3352950790425264
87,3,2030,1,wind_offshore,0.3554916852094954
87,4,2030,1,wind_offshore,0.38477820354340786
87,5,2030,1,wind_offshore,0.39596256256312334
87,6,2030,1,wind_offshore,0.38111359959722113
87,7,2030,1,wind_offshore,0.35649747285850264
87,8,2030,1,wind_offshore,0.3113020426960832
87,9,2030,1,wind_offshore,0.2729683328839848
87,10,2030,1,wind_offshore,0.24340118414366918
87,11,2030,1,wind_offshore,0.2419616443215722
87,12,2030,1,wind_offshore,0.2034435732504617
87,13,2030,1,wind_offshore,0.1748269130789868
87,14,2030,1,wind_offshore,0.1540392975543629
87,15,2030,1,wind_offshore,0.1264099406771166
87,16,2030,1,wind_offshore,0.10272522364562126
87,17,2030,1,wind_offshore,0.0770971075763531
87,18,2030,1,wind_offshore,0.057220694900799715
87,19,2030,1,wind_offshore,0.04006287279111019
87,20,2030,1,wind_offshore,0.02966171074643787
87,21,2030,1,wind_offshore,0.026883835615381962
87,22,2030,1,wind_offshore,0.03295758786467938
87,23,2030,1,wind_offshore,0.04133899901856498
87,24,2030,1,wind_offshore,0.05486946082699405
87,1,2030,1,wind_onshore,0.08348397266842837
87,2,2030,1,wind_onshore,0.07844916070519689
87,3,2030,1,wind_onshore,0.07491651587505639
87,4,2030,1,wind_onshore,0.07259779674841325
87,5,2030,1,wind_onshore,0.07214766066176714
87,6,2030,1,wind_onshore,0.07235788316586679
87,7,2030,1,wind_onshore,0.07334746323733798
87,8,2030,1,wind_onshore,0.07131142415942893
87,9,2030,1,wind_onshore,0.06922555380849983
87,10,2030,1,wind_onshore,0.06708881877061862
87,11,2030,1,wind_onshore,0.06014626696408984
87,12,2030,1,wind_onshore,0.06722566506258626
87,13,2030,1,wind_onshore,0.07915309613784668
87,14,2030,1,wind_onshore,0.09185112328692091
87,15,2030,1,wind_onshore,0.09941124194108897
87,16,2030,1,wind_onshore,0.10487221887008696
87,17,2030,1,wind_onshore,0.10718470476122859
87,18,2030,1,wind_onshore,0.11912870906408328
87,19,2030,1,wind_onshore,0.1332347437391456
87,20,2030,1,wind_onshore,0.14232247116173682
87,21,2030,1,wind_onshore,0.1491346497240163
87,22,2030,1,wind_onshore,0.14992213488589315
87,23,2030,1,wind_onshore,0.14059494212698487
87,24,2030,1,wind_onshore,0.14561024049395457
88,1,2030,1,demand,0.5087404241930771
88,2,2030,1,demand,0.5026830206129215
88,3,2030,1,demand,0.4987987578084131
88,4,2030,1,demand,0.49385404096633384
88,5,2030,1,demand,0.5057687046945484
88,6,2030,1,demand,0.5315754087312355
88,7,2030,1,demand,0.5636868809410337
88,8,2030,1,demand,0.5990497576269651
88,9,2030,1,demand,0.6329707794640795
88,10,2030,1,demand,0.6558199881745712
88,11,2030,1,demand,0.6743974114195551
88,12,2030,1,demand,0.6871317302697094
88,13,2030,1,demand,0.6817007667925189
88,14,2030,1,demand,0.6702285239931824
88,15,2030,1,demand,0.6550216404257069
88,16,2030,1,demand,0.6575336959113773
88,17,2030,1,demand,0.6601160581659523
88,18,2030,1,demand,0.6592022472422636
88,19,2030,1,demand,0.6603166987993407
88,20,2030,1,demand,0.6604014298129528
88,21,2030,1,demand,0.6483141846801862
88,22,2030,1,demand,0.6085683858235413
88,23,2030,1,demand,0.5632982617246349
88,24,2030,1,demand,0.5561096435205998
88,1,2030,1,solar,0.0
88,2,2030,1,solar,0.0
88,3,2030,1,solar,0.0
88,4,2030,1,solar,0.0
88,5,2030,1,solar,0.0
88,6,2030,1,solar,0.00013659925484800375
88,7,2030,1,solar,0.012508882189899503
88,8,2030,1,solar,0.11564990580343898
88,9,2030,1,solar,0.29394342215337343
88,10,2030,1,solar,0.45695811016261434
88,11,2030,1,solar,0.5590409560974375
88,12,2030,1,solar,0.6262490427510151
88,13,2030,1,solar,0.652084120733539
88,14,2030,1,solar,0.634915609314966
88,15,2030,1,solar,0.5712797933497256
88,16,2030,1,solar,0.4670858895632393
88,17,2030,1,solar,0.32922474125717843
88,18,2030,1,solar,0.17267632462121502
88,19,2030,1,solar,0.04892887627146959
88,20,2030,1,solar,0.002633816703950598
88,21,2030,1,solar,0.0
88,22,2030,1,solar,0.0
88,23,2030,1,solar,0.0
88,24,2030,1,solar,0.0
88,1,2030,1,wind_offshore,0.31088693288665836
88,2,2030,1,wind_offshore,0.31703060202445094
88,3,2030,1,wind_offshore,0.31278110645096047
88,4,2030,1,wind_offshore,0.3117529950532722
88,5,2030,1,wind_offshore,0.3026389201704514
88,6,2030,1,wind_offshore,0.2899395535126057
88,7,2030,1,wind_offshore,0.29059609130222236
88,8,2030,1,wind_offshore,0.290765230153675
88,9,2030,1,wind_offshore,0.29314385811950916
88,10,2030,1,wind_offshore,0.2971438868590909
88,11,2030,1,wind_offshore,0.2689270676243283
88,12,2030,1,wind_offshore,0.25436475300018924
88,13,2030,1,wind_offshore,0.25059901331485596
88,14,2030,1,wind_offshore,0.26322279618270206
88,15,2030,1,wind_offshore,0.27709693137035585
88,16,2030,1,wind_offshore,0.3032931433939213
88,17,2030,1,wind_offshore,0.3515779140383659
88,18,2030,1,wind_offshore,0.4061010297533791
88,19,2030,1,wind_offshore,0.4401675346698086
88,20,2030,1,wind_offshore,0.4513418883436353
88,21,2030,1,wind_offshore,0.46046082470185845
88,22,2030,1,wind_offshore,0.4848243056499716
88,23,2030,1,wind_offshore,0.4648238635718417
88,24,2030,1,wind_offshore,0.5105488422759626
88,1,2030,1,wind_onshore,0.119945507387611
88,2,2030,1,wind_onshore,0.10717156824266597
88,3,2030,1,wind_onshore,0.0965491300567668
88,4,2030,1,wind_onshore,0.08809048172040582
88,5,2030,1,wind_onshore,0.07978500495301091
88,6,2030,1,wind_onshore,0.07383330419988053
88,7,2030,1,wind_onshore,0.06919521006956895
88,8,2030,1,wind_onshore,0.06567958388447154
88,9,2030,1,wind_onshore,0.06082004320515963
88,10,2030,1,wind_onshore,0.0614609793861381
88,11,2030,1,wind_onshore,0.059747520703291986
88,12,2030,1,wind_onshore,0.0695521505022166
88,13,2030,1,wind_onshore,0.0854126611982261
88,14,2030,1,wind_onshore,0.10401272045729598
88,15,2030,1,wind_onshore,0.12583410513432294
88,16,2030,1,wind_onshore,0.1470124655985611
88,17,2030,1,wind_onshore,0.1674941831896383
88,18,2030,1,wind_onshore,0.18306865257894617
88,19,2030,1,wind_onshore,0.1879336073878723
88,20,2030,1,wind_onshore,0.18631700293615738
88,21,2030,1,wind_onshore,0.18825559096994368
88,22,2030,1,wind_onshore,0.178932972029572
88,23,2030,1,wind_onshore,0.15986174703071443
88,24,2030,1,wind_onshore,0.15190564286310015
89,1,2030,1,demand,0.6975147094555287
89,2,2030,1,demand,0.6764595054108729
89,3,2030,1,demand,0.646692590295914
89,4,2030,1,demand,0.6276006697093282
89,5,2030,1,demand,0.6470070833505298
89,6,2030,1,demand,0.6660657633685786
89,7,2030,1,demand,0.6891000299678209
89,8,2030,1,demand,0.7307297086762806
89,9,2030,1,demand,0.809072547643573
89,10,2030,1,demand,0.8899669320608656
89,11,2030,1,demand,0.9548180874445734
89,12,2030,1,demand,1.009346908476114
89,13,2030,1,demand,1.0202971596659802
89,14,2030,1,demand,1.0155081036113323
89,15,2030,1,demand,1.006306265903269
89,16,2030,1,demand,1.0005768777943016
89,17,2030,1,demand,1.0030282502018293
89,18,2030,1,demand,0.9954725461123323
89,19,2030,1,demand,0.9612664154604915
89,20,2030,1,demand,0.9241143678231748
89,21,2030,1,demand,0.9226995124797938
89,22,2030,1,demand,0.8759751444071537
89,23,2030,1,demand,0.8062988096504314
89,24,2030,1,demand,0.7703195615612242
89,1,2030,1,solar,0.0
89,2,2030,1,solar,0.0
89,3,2030,1,solar,0.0
89,4,2030,1,solar,0.0
89,5,2030,1,solar,0.0
89,6,2030,1,solar,0.0
89,7,2030,1,solar,0.0
89,8,2030,1,solar,0.0
89,9,2030,1,solar,0.0032955265743222512
89,10,2030,1,solar,0.0372732947944952
89,11,2030,1,solar,0.07456154782001245
89,12,2030,1,solar,0.07673151141352044
89,13,2030,1,solar,0.07626962671031257
89,14,2030,1,solar,0.09556972718567903
89,15,2030,1,solar,0.06403425425912128
89,16,2030,1,solar,0.03597589341660641
89,17,2030,1,solar,0.009377561007081692
89,18,2030,1,solar,0.0
89,19,2030,1,solar,0.0
89,20,2030,1,solar,0.0
89,21,2030,1,solar,0.0
89,22,2030,1,solar,0.0
89,23,2030,1,solar,0.0
89,24,2030,1,solar,0.0
89,1,2030,1,wind_offshore,0.0
89,2,2030,1,wind_offshore,0.0
89,3,2030,1,wind_offshore,0.0
89,4,2030,1,wind_offshore,0.0
89,5,2030,1,wind_offshore,0.0
89,6,2030,1,wind_offshore,0.0
89,7,2030,1,wind_offshore,0.0
89,8,2030,1,wind_offshore,0.0
89,9,2030,1,wind_offshore,0.0
89,10,2030,1,wind_offshore,0.0
89,11,2030,1,wind_offshore,0.0
89,12,2030,1,wind_offshore,0.0
89,13,2030,1,wind_offshore,0.0
89,14,2030,1,wind_offshore,0.0
89,15,2030,1,wind_offshore,0.0
89,16,2030,1,wind_offshore,1.8205683806507246e-5
89,17,2030,1,wind_offshore,0.0
89,18,2030,1,wind_offshore,0.0
89,19,2030,1,wind_offshore,0.0
89,20,2030,1,wind_offshore,0.0
89,21,2030,1,wind_offshore,0.0
89,22,2030,1,wind_offshore,0.0
89,23,2030,1,wind_offshore,0.0
89,24,2030,1,wind_offshore,0.0
89,1,2030,1,wind_onshore,0.026843342345068685
89,2,2030,1,wind_onshore,0.022126986271894338
89,3,2030,1,wind_onshore,0.019714763483765968
89,4,2030,1,wind_onshore,0.017016870277910538
89,5,2030,1,wind_onshore,0.015490810605525407
89,6,2030,1,wind_onshore,0.015714293816611984
89,7,2030,1,wind_onshore,0.017532536241650853
89,8,2030,1,wind_onshore,0.008831329766165857
89,9,2030,1,wind_onshore,0.007785599687290108
89,10,2030,1,wind_onshore,0.008562860191303293
89,11,2030,1,wind_onshore,0.008871684176477088
89,12,2030,1,wind_onshore,0.014103563322249234
89,13,2030,1,wind_onshore,0.021893443859301257
89,14,2030,1,wind_onshore,0.022817167260989597
89,15,2030,1,wind_onshore,0.024409630005356158
89,16,2030,1,wind_onshore,0.017619925067574666
89,17,2030,1,wind_onshore,0.01800743034325232
89,18,2030,1,wind_onshore,0.023624245515240647
89,19,2030,1,wind_onshore,0.02101482166247506
89,20,2030,1,wind_onshore,0.018412735393355945
89,21,2030,1,wind_onshore,0.01677381406396594
89,22,2030,1,wind_onshore,0.016771340555136467
89,23,2030,1,wind_onshore,0.029553120218442287
89,24,2030,1,wind_onshore,0.030807256965069023
90,1,2030,1,demand,0.4327631961616241
90,2,2030,1,demand,0.42687374655123167
90,3,2030,1,demand,0.4158242834575904
90,4,2030,1,demand,0.40346390250077774
90,5,2030,1,demand,0.39264591301172946
90,6,2030,1,demand,0.3761635838432776
90,7,2030,1,demand,0.38647480013048546
90,8,2030,1,demand,0.41305217538087396
90,9,2030,1,demand,0.4318479517814212
90,10,2030,1,demand,0.45428148329803697
90,11,2030,1,demand,0.454527503601458
90,12,2030,1,demand,0.4522250247362709
90,13,2030,1,demand,0.45692256700681555
90,14,2030,1,demand,0.4415380711667119
90,15,2030,1,demand,0.4279297649946528
90,16,2030,1,demand,0.4123324672890159
90,17,2030,1,demand,0.4177804003775166
90,18,2030,1,demand,0.435663066842768
90,19,2030,1,demand,0.45087050821740854
90,20,2030,1,demand,0.4627022071290011
90,21,2030,1,demand,0.4657136622570314
90,22,2030,1,demand,0.462340949777315
90,23,2030,1,demand,0.44332909776792073
90,24,2030,1,demand,0.4352621631391233
90,1,2030,1,solar,0.0
90,2,2030,1,solar,0.0
90,3,2030,1,solar,0.0
90,4,2030,1,solar,0.0
90,5,2030,1,solar,0.0
90,6,2030,1,solar,0.0011373131174974567
90,7,2030,1,solar,0.04896440965201025
90,8,2030,1,solar,0.21128926251414312
90,9,2030,1,solar,0.42723318684910927
90,10,2030,1,solar,0.5927134214647846
90,11,2030,1,solar,0.7011517508403994
90,12,2030,1,solar,0.8552995385913835
90,13,2030,1,solar,0.8942989602266866
90,14,2030,1,solar,0.8723614017956739
90,15,2030,1,solar,0.8016254950369744
90,16,2030,1,solar,0.6692756480776784
90,17,2030,1,solar,0.4834979957634857
90,18,2030,1,solar,0.2707794111700459
90,19,2030,1,solar,0.10451696147325647
90,20,2030,1,solar,0.016687246132289578
90,21,2030,1,solar,0.0
90,22,2030,1,solar,0.0
90,23,2030,1,solar,0.0
90,24,2030,1,solar,0.0
90,1,2030,1,wind_offshore,1.0686760334074874
90,2,2030,1,wind_offshore,1.0696662035180913
90,3,2030,1,wind_offshore,1.073722990264283
90,4,2030,1,wind_offshore,1.0649091566490907
90,5,2030,1,wind_offshore,1.066194927361861
90,6,2030,1,wind_offshore,0.9704706314819928
90,7,2030,1,wind_offshore,0.9679794419852514
90,8,2030,1,wind_offshore,0.9767305872408243
90,9,2030,1,wind_offshore,0.9871328818241389
90,10,2030,1,wind_offshore,0.9848121748818903
90,11,2030,1,wind_offshore,1.0010402795119633
90,12,2030,1,wind_offshore,0.9880927962207098
90,13,2030,1,wind_offshore,0.955654731830577
90,14,2030,1,wind_offshore,1.0006902386200507
90,15,2030,1,wind_offshore,0.9328001598342613
90,16,2030,1,wind_offshore,0.9735422084109203
90,17,2030,1,wind_offshore,1.0153022377389755
90,18,2030,1,wind_offshore,1.0220661750654376
90,19,2030,1,wind_offshore,1.0256876658081255
90,20,2030,1,wind_offshore,1.0381975014584146
90,21,2030,1,wind_offshore,1.0356163182690246
90,22,2030,1,wind_offshore,1.0336053038067001
90,23,2030,1,wind_offshore,1.0441241701322974
90,24,2030,1,wind_offshore,1.0588413390981195
90,1,2030,1,wind_onshore,0.8048780497062039
90,2,2030,1,wind_onshore,0.8234734176929921
90,3,2030,1,wind_onshore,0.836783728367326
90,4,2030,1,wind_onshore,0.8024523253944756
90,5,2030,1,wind_onshore,0.8087828742727958
90,6,2030,1,wind_onshore,0.8124890828446129
90,7,2030,1,wind_onshore,0.8168605390272562
90,8,2030,1,wind_onshore,0.8024916788864807
90,9,2030,1,wind_onshore,0.7813630178306638
90,10,2030,1,wind_onshore,0.7643661574052438
90,11,2030,1,wind_onshore,0.7287648299108225
90,12,2030,1,wind_onshore,0.7688492333133033
90,13,2030,1,wind_onshore,0.8406254702344125
90,14,2030,1,wind_onshore,0.8576144532299254
90,15,2030,1,wind_onshore,0.8405998628747449
90,16,2030,1,wind_onshore,0.8002776840893023
90,17,2030,1,wind_onshore,0.7810840515994476
90,18,2030,1,wind_onshore,0.8269911639572229
90,19,2030,1,wind_onshore,0.790083657704427
90,20,2030,1,wind_onshore,0.7588638826026427
90,21,2030,1,wind_onshore,0.7746523071741149
90,22,2030,1,wind_onshore,0.7952974939664293
90,23,2030,1,wind_onshore,0.8015275717217083
90,24,2030,1,wind_onshore,0.7987836005949218
