id,asset,year,rep_period,time_block_start,time_block_end,dual_max_output_flows_limit_simple_method
1,ccgt,2030,1,1,1,0.0
2,ccgt,2030,1,2,2,0.0
3,ccgt,2030,1,3,3,0.0
4,ccgt,2030,1,4,4,0.0
5,ccgt,2030,1,5,5,0.0
6,ccgt,2030,1,6,6,0.0
7,ccgt,2030,1,7,7,0.0
8,ccgt,2030,1,8,8,-0.011900694792496166
9,ccgt,2030,1,9,9,-0.011900694792496166
10,ccgt,2030,1,10,10,-0.011900694792496166
11,ccgt,2030,1,11,11,-0.011900694792496166
12,ccgt,2030,1,12,12,-0.011900694792496166
13,ccgt,2030,1,13,13,0.0
14,ccgt,2030,1,14,14,0.0
15,ccgt,2030,1,15,15,0.0
16,ccgt,2030,1,16,16,0.0
17,ccgt,2030,1,17,17,-0.011900694792496166
18,ccgt,2030,1,18,18,-0.011900694792496166
19,ccgt,2030,1,19,19,-0.011900694792496166
20,ccgt,2030,1,20,20,-0.011900694792496166
21,ccgt,2030,1,21,21,-0.011900694792496166
22,ccgt,2030,1,22,22,-0.011900694792496166
23,ccgt,2030,1,23,23,-0.011900694792496166
24,ccgt,2030,1,24,24,0.0
25,ccgt,2030,2,1,1,0.0
26,ccgt,2030,2,2,2,0.0
27,ccgt,2030,2,3,3,0.0
28,ccgt,2030,2,4,4,0.0
29,ccgt,2030,2,5,5,0.0
30,ccgt,2030,2,6,6,0.0
31,ccgt,2030,2,7,7,0.0
32,ccgt,2030,2,8,8,0.0
33,ccgt,2030,2,9,9,0.0
34,ccgt,2030,2,10,10,0.0
35,ccgt,2030,2,11,11,0.0
36,ccgt,2030,2,12,12,0.0
37,ccgt,2030,2,13,13,0.0
38,ccgt,2030,2,14,14,0.0
39,ccgt,2030,2,15,15,0.0
40,ccgt,2030,2,16,16,0.0
41,ccgt,2030,2,17,17,0.0
42,ccgt,2030,2,18,18,0.0
43,ccgt,2030,2,19,19,-0.010000000000000002
44,ccgt,2030,2,20,20,-0.010000000000000002
45,ccgt,2030,2,21,21,-0.010000000000000002
46,ccgt,2030,2,22,22,-0.010000000000000002
47,ccgt,2030,2,23,23,0.0
48,ccgt,2030,2,24,24,0.0
49,ccgt,2030,3,1,1,0.0
50,ccgt,2030,3,2,2,0.0
51,ccgt,2030,3,3,3,0.0
52,ccgt,2030,3,4,4,0.0
53,ccgt,2030,3,5,5,0.0
54,ccgt,2030,3,6,6,0.0
55,ccgt,2030,3,7,7,0.0
56,ccgt,2030,3,8,8,0.0
57,ccgt,2030,3,9,9,0.0
58,ccgt,2030,3,10,10,0.0
59,ccgt,2030,3,11,11,0.0
60,ccgt,2030,3,12,12,0.0
61,ccgt,2030,3,13,13,0.0
62,ccgt,2030,3,14,14,0.0
63,ccgt,2030,3,15,15,0.0
64,ccgt,2030,3,16,16,0.0
65,ccgt,2030,3,17,17,0.0
66,ccgt,2030,3,18,18,-0.010275810456136604
67,ccgt,2030,3,19,19,-0.010275810456136604
68,ccgt,2030,3,20,20,-0.010275810456136604
69,ccgt,2030,3,21,21,-0.010275810456136604
70,ccgt,2030,3,22,22,-0.010275810456136604
71,ccgt,2030,3,23,23,0.0
72,ccgt,2030,3,24,24,0.0
73,ccgt,2030,4,1,1,0.0
74,ccgt,2030,4,2,2,0.0
75,ccgt,2030,4,3,3,0.0
76,ccgt,2030,4,4,4,0.0
77,ccgt,2030,4,5,5,0.0
78,ccgt,2030,4,6,6,0.0
79,ccgt,2030,4,7,7,0.0
80,ccgt,2030,4,8,8,0.0
81,ccgt,2030,4,9,9,0.0
82,ccgt,2030,4,10,10,0.0
83,ccgt,2030,4,11,11,0.0
84,ccgt,2030,4,12,12,0.0
85,ccgt,2030,4,13,13,0.0
86,ccgt,2030,4,14,14,0.0
87,ccgt,2030,4,15,15,0.0
88,ccgt,2030,4,16,16,0.0
89,ccgt,2030,4,17,17,0.0
90,ccgt,2030,4,18,18,0.0
91,ccgt,2030,4,19,19,-0.010138482484882357
92,ccgt,2030,4,20,20,-0.010138482484882357
93,ccgt,2030,4,21,21,-0.010138482484882357
94,ccgt,2030,4,22,22,0.0
95,ccgt,2030,4,23,23,0.0
96,ccgt,2030,4,24,24,0.0
97,ccgt,2030,5,1,1,0.0
98,ccgt,2030,5,2,2,0.0
99,ccgt,2030,5,3,3,0.0
100,ccgt,2030,5,4,4,0.0
101,ccgt,2030,5,5,5,0.0
102,ccgt,2030,5,6,6,0.0
103,ccgt,2030,5,7,7,0.0
104,ccgt,2030,5,8,8,0.0
105,ccgt,2030,5,9,9,0.0
106,ccgt,2030,5,10,10,0.0
107,ccgt,2030,5,11,11,0.0
108,ccgt,2030,5,12,12,0.0
109,ccgt,2030,5,13,13,0.0
110,ccgt,2030,5,14,14,0.0
111,ccgt,2030,5,15,15,0.0
112,ccgt,2030,5,16,16,0.0
113,ccgt,2030,5,17,17,0.0
114,ccgt,2030,5,18,18,0.0
115,ccgt,2030,5,19,19,0.0
116,ccgt,2030,5,20,20,-0.017766426271910163
117,ccgt,2030,5,21,21,-0.017766426271910163
118,ccgt,2030,5,22,22,0.0
119,ccgt,2030,5,23,23,0.0
120,ccgt,2030,5,24,24,0.0
121,ccgt,2030,6,1,1,0.0
122,ccgt,2030,6,2,2,0.0
123,ccgt,2030,6,3,3,0.0
124,ccgt,2030,6,4,4,0.0
125,ccgt,2030,6,5,5,0.0
126,ccgt,2030,6,6,6,0.0
127,ccgt,2030,6,7,7,0.0
128,ccgt,2030,6,8,8,0.0
129,ccgt,2030,6,9,9,0.0
130,ccgt,2030,6,10,10,0.0
131,ccgt,2030,6,11,11,0.0
132,ccgt,2030,6,12,12,0.0
133,ccgt,2030,6,13,13,0.0
134,ccgt,2030,6,14,14,0.0
135,ccgt,2030,6,15,15,0.0
136,ccgt,2030,6,16,16,0.0
137,ccgt,2030,6,17,17,0.0
138,ccgt,2030,6,18,18,0.0
139,ccgt,2030,6,19,19,-0.02773269476820933
140,ccgt,2030,6,20,20,-0.02773269476820933
141,ccgt,2030,6,21,21,-0.02773269476820933
142,ccgt,2030,6,22,22,0.0
143,ccgt,2030,6,23,23,0.0
144,ccgt,2030,6,24,24,0.0
145,ccgt,2030,7,1,1,0.0
146,ccgt,2030,7,2,2,0.0
147,ccgt,2030,7,3,3,0.0
148,ccgt,2030,7,4,4,0.0
149,ccgt,2030,7,5,5,0.0
150,ccgt,2030,7,6,6,0.0
151,ccgt,2030,7,7,7,0.0
152,ccgt,2030,7,8,8,0.0
153,ccgt,2030,7,9,9,-0.02171773525554538
154,ccgt,2030,7,10,10,0.0
155,ccgt,2030,7,11,11,0.0
156,ccgt,2030,7,12,12,0.0
157,ccgt,2030,7,13,13,0.0
158,ccgt,2030,7,14,14,0.0
159,ccgt,2030,7,15,15,0.0
160,ccgt,2030,7,16,16,0.0
161,ccgt,2030,7,17,17,0.0
162,ccgt,2030,7,18,18,-0.02171773525554538
163,ccgt,2030,7,19,19,-0.02171773525554538
164,ccgt,2030,7,20,20,-21.663440917406508
165,ccgt,2030,7,21,21,-21.663440917406508
166,ccgt,2030,7,22,22,-0.02171773525554538
167,ccgt,2030,7,23,23,-0.02171773525554538
168,ccgt,2030,7,24,24,-0.02171773525554538
169,ccgt,2030,8,1,1,0.0
170,ccgt,2030,8,2,2,0.0
171,ccgt,2030,8,3,3,0.0
172,ccgt,2030,8,4,4,0.0
173,ccgt,2030,8,5,5,0.0
174,ccgt,2030,8,6,6,0.0
175,ccgt,2030,8,7,7,0.0
176,ccgt,2030,8,8,8,0.0
177,ccgt,2030,8,9,9,0.0
178,ccgt,2030,8,10,10,0.0
179,ccgt,2030,8,11,11,0.0
180,ccgt,2030,8,12,12,0.0
181,ccgt,2030,8,13,13,0.0
182,ccgt,2030,8,14,14,0.0
183,ccgt,2030,8,15,15,0.0
184,ccgt,2030,8,16,16,0.0
185,ccgt,2030,8,17,17,0.0
186,ccgt,2030,8,18,18,0.0
187,ccgt,2030,8,19,19,-0.011235198474958737
188,ccgt,2030,8,20,20,-0.011235198474958737
189,ccgt,2030,8,21,21,-0.011235198474958737
190,ccgt,2030,8,22,22,0.0
191,ccgt,2030,8,23,23,0.0
192,ccgt,2030,8,24,24,0.0
193,ccgt,2030,9,1,1,0.0
194,ccgt,2030,9,2,2,0.0
195,ccgt,2030,9,3,3,0.0
196,ccgt,2030,9,4,4,0.0
197,ccgt,2030,9,5,5,0.0
198,ccgt,2030,9,6,6,0.0
199,ccgt,2030,9,7,7,0.0
200,ccgt,2030,9,8,8,0.0
201,ccgt,2030,9,9,9,0.0
202,ccgt,2030,9,10,10,0.0
203,ccgt,2030,9,11,11,0.0
204,ccgt,2030,9,12,12,0.0
205,ccgt,2030,9,13,13,0.0
206,ccgt,2030,9,14,14,0.0
207,ccgt,2030,9,15,15,0.0
208,ccgt,2030,9,16,16,0.0
209,ccgt,2030,9,17,17,0.0
210,ccgt,2030,9,18,18,0.0
211,ccgt,2030,9,19,19,0.0
212,ccgt,2030,9,20,20,0.0
213,ccgt,2030,9,21,21,0.0
214,ccgt,2030,9,22,22,0.0
215,ccgt,2030,9,23,23,0.0
216,ccgt,2030,9,24,24,0.0
217,ccgt,2030,10,1,1,0.0
218,ccgt,2030,10,2,2,0.0
219,ccgt,2030,10,3,3,0.0
220,ccgt,2030,10,4,4,0.0
221,ccgt,2030,10,5,5,0.0
222,ccgt,2030,10,6,6,0.0
223,ccgt,2030,10,7,7,0.0
224,ccgt,2030,10,8,8,0.0
225,ccgt,2030,10,9,9,0.0
226,ccgt,2030,10,10,10,0.0
227,ccgt,2030,10,11,11,0.0
228,ccgt,2030,10,12,12,0.0
229,ccgt,2030,10,13,13,0.0
230,ccgt,2030,10,14,14,0.0
231,ccgt,2030,10,15,15,0.0
232,ccgt,2030,10,16,16,0.0
233,ccgt,2030,10,17,17,0.0
234,ccgt,2030,10,18,18,0.0
235,ccgt,2030,10,19,19,0.0
236,ccgt,2030,10,20,20,0.0
237,ccgt,2030,10,21,21,0.0
238,ccgt,2030,10,22,22,0.0
239,ccgt,2030,10,23,23,0.0
240,ccgt,2030,10,24,24,0.0
241,ccgt,2030,11,1,1,0.0
242,ccgt,2030,11,2,2,0.0
243,ccgt,2030,11,3,3,0.0
244,ccgt,2030,11,4,4,0.0
245,ccgt,2030,11,5,5,0.0
246,ccgt,2030,11,6,6,0.0
247,ccgt,2030,11,7,7,0.0
248,ccgt,2030,11,8,8,0.0
249,ccgt,2030,11,9,9,0.0
250,ccgt,2030,11,10,10,0.0
251,ccgt,2030,11,11,11,0.0
252,ccgt,2030,11,12,12,0.0
253,ccgt,2030,11,13,13,0.0
254,ccgt,2030,11,14,14,0.0
255,ccgt,2030,11,15,15,0.0
256,ccgt,2030,11,16,16,0.0
257,ccgt,2030,11,17,17,-0.020287904467978624
258,ccgt,2030,11,18,18,-0.020287904467978624
259,ccgt,2030,11,19,19,-0.020287904467978624
260,ccgt,2030,11,20,20,-0.020287904467978624
261,ccgt,2030,11,21,21,-0.020287904467978624
262,ccgt,2030,11,22,22,-0.020287904467978624
263,ccgt,2030,11,23,23,0.0
264,ccgt,2030,11,24,24,0.0
265,ccgt,2030,12,1,1,0.0
266,ccgt,2030,12,2,2,0.0
267,ccgt,2030,12,3,3,0.0
268,ccgt,2030,12,4,4,0.0
269,ccgt,2030,12,5,5,0.0
270,ccgt,2030,12,6,6,0.0
271,ccgt,2030,12,7,7,0.0
272,ccgt,2030,12,8,8,0.0
273,ccgt,2030,12,9,9,0.0
274,ccgt,2030,12,10,10,0.0
275,ccgt,2030,12,11,11,0.0
276,ccgt,2030,12,12,12,0.0
277,ccgt,2030,12,13,13,0.0
278,ccgt,2030,12,14,14,0.0
279,ccgt,2030,12,15,15,0.0
280,ccgt,2030,12,16,16,0.0
281,ccgt,2030,12,17,17,0.0
282,ccgt,2030,12,18,18,0.0
283,ccgt,2030,12,19,19,-0.010000000000000002
284,ccgt,2030,12,20,20,-0.010000000000000002
285,ccgt,2030,12,21,21,-0.010000000000000002
286,ccgt,2030,12,22,22,-0.010000000000000002
287,ccgt,2030,12,23,23,0.0
288,ccgt,2030,12,24,24,0.0
289,ccgt,2030,13,1,1,0.0
290,ccgt,2030,13,2,2,0.0
291,ccgt,2030,13,3,3,0.0
292,ccgt,2030,13,4,4,0.0
293,ccgt,2030,13,5,5,0.0
294,ccgt,2030,13,6,6,0.0
295,ccgt,2030,13,7,7,0.0
296,ccgt,2030,13,8,8,0.0
297,ccgt,2030,13,9,9,0.0
298,ccgt,2030,13,10,10,0.0
299,ccgt,2030,13,11,11,0.0
300,ccgt,2030,13,12,12,0.0
301,ccgt,2030,13,13,13,0.0
302,ccgt,2030,13,14,14,0.0
303,ccgt,2030,13,15,15,0.0
304,ccgt,2030,13,16,16,0.0
305,ccgt,2030,13,17,17,0.0
306,ccgt,2030,13,18,18,-0.015103618135451254
307,ccgt,2030,13,19,19,-0.015103618135451254
308,ccgt,2030,13,20,20,-0.015103618135451254
309,ccgt,2030,13,21,21,0.0
310,ccgt,2030,13,22,22,0.0
311,ccgt,2030,13,23,23,0.0
312,ccgt,2030,13,24,24,0.0
313,ccgt,2030,14,1,1,0.0
314,ccgt,2030,14,2,2,0.0
315,ccgt,2030,14,3,3,0.0
316,ccgt,2030,14,4,4,0.0
317,ccgt,2030,14,5,5,0.0
318,ccgt,2030,14,6,6,0.0
319,ccgt,2030,14,7,7,0.0
320,ccgt,2030,14,8,8,0.0
321,ccgt,2030,14,9,9,0.0
322,ccgt,2030,14,10,10,0.0
323,ccgt,2030,14,11,11,0.0
324,ccgt,2030,14,12,12,0.0
325,ccgt,2030,14,13,13,0.0
326,ccgt,2030,14,14,14,0.0
327,ccgt,2030,14,15,15,0.0
328,ccgt,2030,14,16,16,0.0
329,ccgt,2030,14,17,17,0.0
330,ccgt,2030,14,18,18,0.0
331,ccgt,2030,14,19,19,-0.011804004307062719
332,ccgt,2030,14,20,20,-0.011804004307062719
333,ccgt,2030,14,21,21,-0.011804004307062719
334,ccgt,2030,14,22,22,0.0
335,ccgt,2030,14,23,23,0.0
336,ccgt,2030,14,24,24,0.0
337,ccgt,2030,15,1,1,0.0
338,ccgt,2030,15,2,2,0.0
339,ccgt,2030,15,3,3,0.0
340,ccgt,2030,15,4,4,0.0
341,ccgt,2030,15,5,5,0.0
342,ccgt,2030,15,6,6,0.0
343,ccgt,2030,15,7,7,-0.0115175791962388
344,ccgt,2030,15,8,8,-0.0115175791962388
345,ccgt,2030,15,9,9,-0.0115175791962388
346,ccgt,2030,15,10,10,-0.0115175791962388
347,ccgt,2030,15,11,11,-0.0115175791962388
348,ccgt,2030,15,12,12,-0.0115175791962388
349,ccgt,2030,15,13,13,-0.0115175791962388
350,ccgt,2030,15,14,14,-0.0115175791962388
351,ccgt,2030,15,15,15,-0.0115175791962388
352,ccgt,2030,15,16,16,-0.0115175791962388
353,ccgt,2030,15,17,17,-11.488785248248204
354,ccgt,2030,15,18,18,-11.488785248248204
355,ccgt,2030,15,19,19,-11.488785248248204
356,ccgt,2030,15,20,20,-11.488785248248204
357,ccgt,2030,15,21,21,-11.488785248248204
358,ccgt,2030,15,22,22,-2.5475468018527163
359,ccgt,2030,15,23,23,-0.0115175791962388
360,ccgt,2030,15,24,24,-0.0115175791962388
361,ccgt,2030,16,1,1,0.0
362,ccgt,2030,16,2,2,0.0
363,ccgt,2030,16,3,3,0.0
364,ccgt,2030,16,4,4,0.0
365,ccgt,2030,16,5,5,0.0
366,ccgt,2030,16,6,6,0.0
367,ccgt,2030,16,7,7,0.0
368,ccgt,2030,16,8,8,0.0
369,ccgt,2030,16,9,9,0.0
370,ccgt,2030,16,10,10,0.0
371,ccgt,2030,16,11,11,0.0
372,ccgt,2030,16,12,12,0.0
373,ccgt,2030,16,13,13,0.0
374,ccgt,2030,16,14,14,0.0
375,ccgt,2030,16,15,15,0.0
376,ccgt,2030,16,16,16,0.0
377,ccgt,2030,16,17,17,0.0
378,ccgt,2030,16,18,18,0.0
379,ccgt,2030,16,19,19,0.0
380,ccgt,2030,16,20,20,0.0
381,ccgt,2030,16,21,21,0.0
382,ccgt,2030,16,22,22,0.0
383,ccgt,2030,16,23,23,0.0
384,ccgt,2030,16,24,24,0.0
385,ccgt,2030,17,1,1,0.0
386,ccgt,2030,17,2,2,0.0
387,ccgt,2030,17,3,3,0.0
388,ccgt,2030,17,4,4,0.0
389,ccgt,2030,17,5,5,0.0
390,ccgt,2030,17,6,6,0.0
391,ccgt,2030,17,7,7,0.0
392,ccgt,2030,17,8,8,0.0
393,ccgt,2030,17,9,9,0.0
394,ccgt,2030,17,10,10,0.0
395,ccgt,2030,17,11,11,0.0
396,ccgt,2030,17,12,12,0.0
397,ccgt,2030,17,13,13,0.0
398,ccgt,2030,17,14,14,0.0
399,ccgt,2030,17,15,15,0.0
400,ccgt,2030,17,16,16,0.0
401,ccgt,2030,17,17,17,0.0
402,ccgt,2030,17,18,18,0.0
403,ccgt,2030,17,19,19,-0.010953204702686691
404,ccgt,2030,17,20,20,-0.010953204702686691
405,ccgt,2030,17,21,21,-0.010953204702686691
406,ccgt,2030,17,22,22,-0.010953204702686691
407,ccgt,2030,17,23,23,0.0
408,ccgt,2030,17,24,24,0.0
409,ccgt,2030,18,1,1,0.0
410,ccgt,2030,18,2,2,0.0
411,ccgt,2030,18,3,3,0.0
412,ccgt,2030,18,4,4,0.0
413,ccgt,2030,18,5,5,0.0
414,ccgt,2030,18,6,6,0.0
415,ccgt,2030,18,7,7,0.0
416,ccgt,2030,18,8,8,0.0
417,ccgt,2030,18,9,9,0.0
418,ccgt,2030,18,10,10,0.0
419,ccgt,2030,18,11,11,0.0
420,ccgt,2030,18,12,12,0.0
421,ccgt,2030,18,13,13,0.0
422,ccgt,2030,18,14,14,0.0
423,ccgt,2030,18,15,15,0.0
424,ccgt,2030,18,16,16,0.0
425,ccgt,2030,18,17,17,0.0
426,ccgt,2030,18,18,18,0.0
427,ccgt,2030,18,19,19,0.0
428,ccgt,2030,18,20,20,0.0
429,ccgt,2030,18,21,21,0.0
430,ccgt,2030,18,22,22,0.0
431,ccgt,2030,18,23,23,0.0
432,ccgt,2030,18,24,24,0.0
433,ccgt,2030,19,1,1,0.0
434,ccgt,2030,19,2,2,0.0
435,ccgt,2030,19,3,3,0.0
436,ccgt,2030,19,4,4,0.0
437,ccgt,2030,19,5,5,0.0
438,ccgt,2030,19,6,6,0.0
439,ccgt,2030,19,7,7,0.0
440,ccgt,2030,19,8,8,0.0
441,ccgt,2030,19,9,9,0.0
442,ccgt,2030,19,10,10,0.0
443,ccgt,2030,19,11,11,0.0
444,ccgt,2030,19,12,12,0.0
445,ccgt,2030,19,13,13,0.0
446,ccgt,2030,19,14,14,0.0
447,ccgt,2030,19,15,15,0.0
448,ccgt,2030,19,16,16,0.0
449,ccgt,2030,19,17,17,0.0
450,ccgt,2030,19,18,18,0.0
451,ccgt,2030,19,19,19,0.0
452,ccgt,2030,19,20,20,0.0
453,ccgt,2030,19,21,21,0.0
454,ccgt,2030,19,22,22,0.0
455,ccgt,2030,19,23,23,0.0
456,ccgt,2030,19,24,24,0.0
457,ccgt,2030,20,1,1,0.0
458,ccgt,2030,20,2,2,0.0
459,ccgt,2030,20,3,3,0.0
460,ccgt,2030,20,4,4,0.0
461,ccgt,2030,20,5,5,0.0
462,ccgt,2030,20,6,6,0.0
463,ccgt,2030,20,7,7,0.0
464,ccgt,2030,20,8,8,0.0
465,ccgt,2030,20,9,9,0.0
466,ccgt,2030,20,10,10,0.0
467,ccgt,2030,20,11,11,0.0
468,ccgt,2030,20,12,12,0.0
469,ccgt,2030,20,13,13,0.0
470,ccgt,2030,20,14,14,0.0
471,ccgt,2030,20,15,15,0.0
472,ccgt,2030,20,16,16,0.0
473,ccgt,2030,20,17,17,0.0
474,ccgt,2030,20,18,18,0.0
475,ccgt,2030,20,19,19,-0.01010573186781467
476,ccgt,2030,20,20,20,-0.01010573186781467
477,ccgt,2030,20,21,21,-0.01010573186781467
478,ccgt,2030,20,22,22,0.0
479,ccgt,2030,20,23,23,0.0
480,ccgt,2030,20,24,24,0.0
481,ccgt,2030,21,1,1,0.0
482,ccgt,2030,21,2,2,0.0
483,ccgt,2030,21,3,3,0.0
484,ccgt,2030,21,4,4,0.0
485,ccgt,2030,21,5,5,0.0
486,ccgt,2030,21,6,6,0.0
487,ccgt,2030,21,7,7,0.0
488,ccgt,2030,21,8,8,0.0
489,ccgt,2030,21,9,9,0.0
490,ccgt,2030,21,10,10,0.0
491,ccgt,2030,21,11,11,0.0
492,ccgt,2030,21,12,12,0.0
493,ccgt,2030,21,13,13,0.0
494,ccgt,2030,21,14,14,0.0
495,ccgt,2030,21,15,15,0.0
496,ccgt,2030,21,16,16,0.0
497,ccgt,2030,21,17,17,-0.010734411871799646
498,ccgt,2030,21,18,18,-0.010734411871799646
499,ccgt,2030,21,19,19,-0.010734411871799646
500,ccgt,2030,21,20,20,-0.010734411871799646
501,ccgt,2030,21,21,21,-0.010734411871799646
502,ccgt,2030,21,22,22,-0.010734411871799646
503,ccgt,2030,21,23,23,0.0
504,ccgt,2030,21,24,24,0.0
505,ccgt,2030,22,1,1,0.0
506,ccgt,2030,22,2,2,0.0
507,ccgt,2030,22,3,3,0.0
508,ccgt,2030,22,4,4,0.0
509,ccgt,2030,22,5,5,0.0
510,ccgt,2030,22,6,6,0.0
511,ccgt,2030,22,7,7,0.0
512,ccgt,2030,22,8,8,0.0
513,ccgt,2030,22,9,9,0.0
514,ccgt,2030,22,10,10,0.0
515,ccgt,2030,22,11,11,0.0
516,ccgt,2030,22,12,12,0.0
517,ccgt,2030,22,13,13,0.0
518,ccgt,2030,22,14,14,0.0
519,ccgt,2030,22,15,15,0.0
520,ccgt,2030,22,16,16,0.0
521,ccgt,2030,22,17,17,0.0
522,ccgt,2030,22,18,18,0.0
523,ccgt,2030,22,19,19,0.0
524,ccgt,2030,22,20,20,0.0
525,ccgt,2030,22,21,21,0.0
526,ccgt,2030,22,22,22,0.0
527,ccgt,2030,22,23,23,0.0
528,ccgt,2030,22,24,24,0.0
529,ccgt,2030,23,1,1,0.0
530,ccgt,2030,23,2,2,0.0
531,ccgt,2030,23,3,3,0.0
532,ccgt,2030,23,4,4,0.0
533,ccgt,2030,23,5,5,0.0
534,ccgt,2030,23,6,6,0.0
535,ccgt,2030,23,7,7,0.0
536,ccgt,2030,23,8,8,0.0
537,ccgt,2030,23,9,9,0.0
538,ccgt,2030,23,10,10,0.0
539,ccgt,2030,23,11,11,0.0
540,ccgt,2030,23,12,12,0.0
541,ccgt,2030,23,13,13,0.0
542,ccgt,2030,23,14,14,0.0
543,ccgt,2030,23,15,15,0.0
544,ccgt,2030,23,16,16,0.0
545,ccgt,2030,23,17,17,0.0
546,ccgt,2030,23,18,18,0.0
547,ccgt,2030,23,19,19,0.0
548,ccgt,2030,23,20,20,-0.7524580460297403
549,ccgt,2030,23,21,21,-0.7524580460297403
550,ccgt,2030,23,22,22,0.0
551,ccgt,2030,23,23,23,0.0
552,ccgt,2030,23,24,24,0.0
553,ccgt,2030,24,1,1,0.0
554,ccgt,2030,24,2,2,0.0
555,ccgt,2030,24,3,3,0.0
556,ccgt,2030,24,4,4,0.0
557,ccgt,2030,24,5,5,0.0
558,ccgt,2030,24,6,6,0.0
559,ccgt,2030,24,7,7,0.0
560,ccgt,2030,24,8,8,0.0
561,ccgt,2030,24,9,9,0.0
562,ccgt,2030,24,10,10,0.0
563,ccgt,2030,24,11,11,0.0
564,ccgt,2030,24,12,12,0.0
565,ccgt,2030,24,13,13,0.0
566,ccgt,2030,24,14,14,0.0
567,ccgt,2030,24,15,15,0.0
568,ccgt,2030,24,16,16,0.0
569,ccgt,2030,24,17,17,0.0
570,ccgt,2030,24,18,18,0.0
571,ccgt,2030,24,19,19,0.0
572,ccgt,2030,24,20,20,-0.014508720000716409
573,ccgt,2030,24,21,21,0.0
574,ccgt,2030,24,22,22,0.0
575,ccgt,2030,24,23,23,0.0
576,ccgt,2030,24,24,24,0.0
577,ccgt,2030,25,1,1,0.0
578,ccgt,2030,25,2,2,0.0
579,ccgt,2030,25,3,3,0.0
580,ccgt,2030,25,4,4,0.0
581,ccgt,2030,25,5,5,0.0
582,ccgt,2030,25,6,6,0.0
583,ccgt,2030,25,7,7,0.0
584,ccgt,2030,25,8,8,-0.04141664271740331
585,ccgt,2030,25,9,9,0.0
586,ccgt,2030,25,10,10,0.0
587,ccgt,2030,25,11,11,0.0
588,ccgt,2030,25,12,12,0.0
589,ccgt,2030,25,13,13,0.0
590,ccgt,2030,25,14,14,0.0
591,ccgt,2030,25,15,15,0.0
592,ccgt,2030,25,16,16,0.0
593,ccgt,2030,25,17,17,0.0
594,ccgt,2030,25,18,18,0.0
595,ccgt,2030,25,19,19,0.0
596,ccgt,2030,25,20,20,-0.04141664271740331
597,ccgt,2030,25,21,21,-0.04141664271740331
598,ccgt,2030,25,22,22,0.0
599,ccgt,2030,25,23,23,0.0
600,ccgt,2030,25,24,24,0.0
601,ccgt,2030,26,1,1,0.0
602,ccgt,2030,26,2,2,0.0
603,ccgt,2030,26,3,3,0.0
604,ccgt,2030,26,4,4,0.0
605,ccgt,2030,26,5,5,0.0
606,ccgt,2030,26,6,6,0.0
607,ccgt,2030,26,7,7,0.0
608,ccgt,2030,26,8,8,0.0
609,ccgt,2030,26,9,9,0.0
610,ccgt,2030,26,10,10,0.0
611,ccgt,2030,26,11,11,0.0
612,ccgt,2030,26,12,12,0.0
613,ccgt,2030,26,13,13,0.0
614,ccgt,2030,26,14,14,0.0
615,ccgt,2030,26,15,15,0.0
616,ccgt,2030,26,16,16,0.0
617,ccgt,2030,26,17,17,0.0
618,ccgt,2030,26,18,18,0.0
619,ccgt,2030,26,19,19,0.0
620,ccgt,2030,26,20,20,0.0
621,ccgt,2030,26,21,21,0.0
622,ccgt,2030,26,22,22,0.0
623,ccgt,2030,26,23,23,0.0
624,ccgt,2030,26,24,24,0.0
625,ccgt,2030,27,1,1,0.0
626,ccgt,2030,27,2,2,0.0
627,ccgt,2030,27,3,3,0.0
628,ccgt,2030,27,4,4,0.0
629,ccgt,2030,27,5,5,0.0
630,ccgt,2030,27,6,6,0.0
631,ccgt,2030,27,7,7,0.0
632,ccgt,2030,27,8,8,0.0
633,ccgt,2030,27,9,9,0.0
634,ccgt,2030,27,10,10,0.0
635,ccgt,2030,27,11,11,0.0
636,ccgt,2030,27,12,12,0.0
637,ccgt,2030,27,13,13,0.0
638,ccgt,2030,27,14,14,0.0
639,ccgt,2030,27,15,15,0.0
640,ccgt,2030,27,16,16,0.0
641,ccgt,2030,27,17,17,0.0
642,ccgt,2030,27,18,18,0.0
643,ccgt,2030,27,19,19,0.0
644,ccgt,2030,27,20,20,0.0
645,ccgt,2030,27,21,21,0.0
646,ccgt,2030,27,22,22,0.0
647,ccgt,2030,27,23,23,0.0
648,ccgt,2030,27,24,24,0.0
649,ccgt,2030,28,1,1,0.0
650,ccgt,2030,28,2,2,0.0
651,ccgt,2030,28,3,3,0.0
652,ccgt,2030,28,4,4,0.0
653,ccgt,2030,28,5,5,0.0
654,ccgt,2030,28,6,6,0.0
655,ccgt,2030,28,7,7,0.0
656,ccgt,2030,28,8,8,0.0
657,ccgt,2030,28,9,9,0.0
658,ccgt,2030,28,10,10,0.0
659,ccgt,2030,28,11,11,0.0
660,ccgt,2030,28,12,12,0.0
661,ccgt,2030,28,13,13,0.0
662,ccgt,2030,28,14,14,0.0
663,ccgt,2030,28,15,15,0.0
664,ccgt,2030,28,16,16,0.0
665,ccgt,2030,28,17,17,0.0
666,ccgt,2030,28,18,18,0.0
667,ccgt,2030,28,19,19,-0.010449757711725169
668,ccgt,2030,28,20,20,-0.010449757711725169
669,ccgt,2030,28,21,21,-0.010449757711725169
670,ccgt,2030,28,22,22,-0.010449757711725169
671,ccgt,2030,28,23,23,0.0
672,ccgt,2030,28,24,24,0.0
673,ccgt,2030,29,1,1,0.0
674,ccgt,2030,29,2,2,0.0
675,ccgt,2030,29,3,3,0.0
676,ccgt,2030,29,4,4,0.0
677,ccgt,2030,29,5,5,0.0
678,ccgt,2030,29,6,6,0.0
679,ccgt,2030,29,7,7,0.0
680,ccgt,2030,29,8,8,0.0
681,ccgt,2030,29,9,9,0.0
682,ccgt,2030,29,10,10,0.0
683,ccgt,2030,29,11,11,0.0
684,ccgt,2030,29,12,12,0.0
685,ccgt,2030,29,13,13,0.0
686,ccgt,2030,29,14,14,0.0
687,ccgt,2030,29,15,15,0.0
688,ccgt,2030,29,16,16,0.0
689,ccgt,2030,29,17,17,0.0
690,ccgt,2030,29,18,18,0.0
691,ccgt,2030,29,19,19,0.0
692,ccgt,2030,29,20,20,0.0
693,ccgt,2030,29,21,21,0.0
694,ccgt,2030,29,22,22,0.0
695,ccgt,2030,29,23,23,0.0
696,ccgt,2030,29,24,24,0.0
697,ccgt,2030,30,1,1,0.0
698,ccgt,2030,30,2,2,0.0
699,ccgt,2030,30,3,3,0.0
700,ccgt,2030,30,4,4,0.0
701,ccgt,2030,30,5,5,0.0
702,ccgt,2030,30,6,6,0.0
703,ccgt,2030,30,7,7,0.0
704,ccgt,2030,30,8,8,0.0
705,ccgt,2030,30,9,9,0.0
706,ccgt,2030,30,10,10,0.0
707,ccgt,2030,30,11,11,0.0
708,ccgt,2030,30,12,12,0.0
709,ccgt,2030,30,13,13,0.0
710,ccgt,2030,30,14,14,0.0
711,ccgt,2030,30,15,15,0.0
712,ccgt,2030,30,16,16,0.0
713,ccgt,2030,30,17,17,0.0
714,ccgt,2030,30,18,18,0.0
715,ccgt,2030,30,19,19,0.0
716,ccgt,2030,30,20,20,0.0
717,ccgt,2030,30,21,21,0.0
718,ccgt,2030,30,22,22,0.0
719,ccgt,2030,30,23,23,0.0
720,ccgt,2030,30,24,24,0.0
721,ccgt,2030,31,1,1,0.0
722,ccgt,2030,31,2,2,0.0
723,ccgt,2030,31,3,3,0.0
724,ccgt,2030,31,4,4,0.0
725,ccgt,2030,31,5,5,0.0
726,ccgt,2030,31,6,6,0.0
727,ccgt,2030,31,7,7,0.0
728,ccgt,2030,31,8,8,0.0
729,ccgt,2030,31,9,9,0.0
730,ccgt,2030,31,10,10,0.0
731,ccgt,2030,31,11,11,0.0
732,ccgt,2030,31,12,12,0.0
733,ccgt,2030,31,13,13,0.0
734,ccgt,2030,31,14,14,0.0
735,ccgt,2030,31,15,15,0.0
736,ccgt,2030,31,16,16,0.0
737,ccgt,2030,31,17,17,0.0
738,ccgt,2030,31,18,18,0.0
739,ccgt,2030,31,19,19,0.0
740,ccgt,2030,31,20,20,0.0
741,ccgt,2030,31,21,21,0.0
742,ccgt,2030,31,22,22,0.0
743,ccgt,2030,31,23,23,0.0
744,ccgt,2030,31,24,24,0.0
745,ccgt,2030,32,1,1,0.0
746,ccgt,2030,32,2,2,0.0
747,ccgt,2030,32,3,3,0.0
748,ccgt,2030,32,4,4,0.0
749,ccgt,2030,32,5,5,0.0
750,ccgt,2030,32,6,6,0.0
751,ccgt,2030,32,7,7,0.0
752,ccgt,2030,32,8,8,0.0
753,ccgt,2030,32,9,9,0.0
754,ccgt,2030,32,10,10,0.0
755,ccgt,2030,32,11,11,0.0
756,ccgt,2030,32,12,12,0.0
757,ccgt,2030,32,13,13,0.0
758,ccgt,2030,32,14,14,0.0
759,ccgt,2030,32,15,15,0.0
760,ccgt,2030,32,16,16,0.0
761,ccgt,2030,32,17,17,0.0
762,ccgt,2030,32,18,18,0.0
763,ccgt,2030,32,19,19,-0.030403912690032453
764,ccgt,2030,32,20,20,-0.030403912690032453
765,ccgt,2030,32,21,21,0.0
766,ccgt,2030,32,22,22,0.0
767,ccgt,2030,32,23,23,0.0
768,ccgt,2030,32,24,24,0.0
769,ccgt,2030,33,1,1,0.0
770,ccgt,2030,33,2,2,0.0
771,ccgt,2030,33,3,3,0.0
772,ccgt,2030,33,4,4,0.0
773,ccgt,2030,33,5,5,0.0
774,ccgt,2030,33,6,6,0.0
775,ccgt,2030,33,7,7,0.0
776,ccgt,2030,33,8,8,0.0
777,ccgt,2030,33,9,9,0.0
778,ccgt,2030,33,10,10,0.0
779,ccgt,2030,33,11,11,0.0
780,ccgt,2030,33,12,12,0.0
781,ccgt,2030,33,13,13,0.0
782,ccgt,2030,33,14,14,0.0
783,ccgt,2030,33,15,15,0.0
784,ccgt,2030,33,16,16,0.0
785,ccgt,2030,33,17,17,0.0
786,ccgt,2030,33,18,18,0.0
787,ccgt,2030,33,19,19,0.0
788,ccgt,2030,33,20,20,-0.015834040635349385
789,ccgt,2030,33,21,21,-0.015834040635349385
790,ccgt,2030,33,22,22,0.0
791,ccgt,2030,33,23,23,0.0
792,ccgt,2030,33,24,24,0.0
793,ccgt,2030,34,1,1,0.0
794,ccgt,2030,34,2,2,0.0
795,ccgt,2030,34,3,3,0.0
796,ccgt,2030,34,4,4,0.0
797,ccgt,2030,34,5,5,0.0
798,ccgt,2030,34,6,6,0.0
799,ccgt,2030,34,7,7,0.0
800,ccgt,2030,34,8,8,0.0
801,ccgt,2030,34,9,9,0.0
802,ccgt,2030,34,10,10,0.0
803,ccgt,2030,34,11,11,0.0
804,ccgt,2030,34,12,12,0.0
805,ccgt,2030,34,13,13,0.0
806,ccgt,2030,34,14,14,0.0
807,ccgt,2030,34,15,15,0.0
808,ccgt,2030,34,16,16,0.0
809,ccgt,2030,34,17,17,0.0
810,ccgt,2030,34,18,18,0.0
811,ccgt,2030,34,19,19,0.0
812,ccgt,2030,34,20,20,0.0
813,ccgt,2030,34,21,21,0.0
814,ccgt,2030,34,22,22,0.0
815,ccgt,2030,34,23,23,0.0
816,ccgt,2030,34,24,24,0.0
817,ccgt,2030,35,1,1,0.0
818,ccgt,2030,35,2,2,0.0
819,ccgt,2030,35,3,3,0.0
820,ccgt,2030,35,4,4,0.0
821,ccgt,2030,35,5,5,0.0
822,ccgt,2030,35,6,6,0.0
823,ccgt,2030,35,7,7,0.0
824,ccgt,2030,35,8,8,0.0
825,ccgt,2030,35,9,9,0.0
826,ccgt,2030,35,10,10,0.0
827,ccgt,2030,35,11,11,0.0
828,ccgt,2030,35,12,12,0.0
829,ccgt,2030,35,13,13,0.0
830,ccgt,2030,35,14,14,0.0
831,ccgt,2030,35,15,15,0.0
832,ccgt,2030,35,16,16,0.0
833,ccgt,2030,35,17,17,0.0
834,ccgt,2030,35,18,18,0.0
835,ccgt,2030,35,19,19,-0.12428972115757853
836,ccgt,2030,35,20,20,-1.0176668273729885
837,ccgt,2030,35,21,21,-1.0176668273729885
838,ccgt,2030,35,22,22,0.0
839,ccgt,2030,35,23,23,0.0
840,ccgt,2030,35,24,24,0.0
841,ccgt,2030,36,1,1,0.0
842,ccgt,2030,36,2,2,0.0
843,ccgt,2030,36,3,3,0.0
844,ccgt,2030,36,4,4,0.0
845,ccgt,2030,36,5,5,0.0
846,ccgt,2030,36,6,6,0.0
847,ccgt,2030,36,7,7,0.0
848,ccgt,2030,36,8,8,0.0
849,ccgt,2030,36,9,9,0.0
850,ccgt,2030,36,10,10,0.0
851,ccgt,2030,36,11,11,0.0
852,ccgt,2030,36,12,12,0.0
853,ccgt,2030,36,13,13,0.0
854,ccgt,2030,36,14,14,0.0
855,ccgt,2030,36,15,15,0.0
856,ccgt,2030,36,16,16,0.0
857,ccgt,2030,36,17,17,0.0
858,ccgt,2030,36,18,18,0.0
859,ccgt,2030,36,19,19,-0.01973128616112703
860,ccgt,2030,36,20,20,-0.01973128616112703
861,ccgt,2030,36,21,21,-0.01973128616112703
862,ccgt,2030,36,22,22,0.0
863,ccgt,2030,36,23,23,0.0
864,ccgt,2030,36,24,24,0.0
865,ccgt,2030,37,1,1,0.0
866,ccgt,2030,37,2,2,0.0
867,ccgt,2030,37,3,3,0.0
868,ccgt,2030,37,4,4,0.0
869,ccgt,2030,37,5,5,0.0
870,ccgt,2030,37,6,6,0.0
871,ccgt,2030,37,7,7,0.0
872,ccgt,2030,37,8,8,0.0
873,ccgt,2030,37,9,9,0.0
874,ccgt,2030,37,10,10,0.0
875,ccgt,2030,37,11,11,0.0
876,ccgt,2030,37,12,12,0.0
877,ccgt,2030,37,13,13,0.0
878,ccgt,2030,37,14,14,0.0
879,ccgt,2030,37,15,15,0.0
880,ccgt,2030,37,16,16,0.0
881,ccgt,2030,37,17,17,0.0
882,ccgt,2030,37,18,18,0.0
883,ccgt,2030,37,19,19,0.0
884,ccgt,2030,37,20,20,0.0
885,ccgt,2030,37,21,21,0.0
886,ccgt,2030,37,22,22,0.0
887,ccgt,2030,37,23,23,0.0
888,ccgt,2030,37,24,24,0.0
889,ccgt,2030,38,1,1,0.0
890,ccgt,2030,38,2,2,0.0
891,ccgt,2030,38,3,3,0.0
892,ccgt,2030,38,4,4,0.0
893,ccgt,2030,38,5,5,0.0
894,ccgt,2030,38,6,6,0.0
895,ccgt,2030,38,7,7,0.0
896,ccgt,2030,38,8,8,0.0
897,ccgt,2030,38,9,9,0.0
898,ccgt,2030,38,10,10,0.0
899,ccgt,2030,38,11,11,0.0
900,ccgt,2030,38,12,12,0.0
901,ccgt,2030,38,13,13,0.0
902,ccgt,2030,38,14,14,0.0
903,ccgt,2030,38,15,15,0.0
904,ccgt,2030,38,16,16,0.0
905,ccgt,2030,38,17,17,0.0
906,ccgt,2030,38,18,18,0.0
907,ccgt,2030,38,19,19,0.0
908,ccgt,2030,38,20,20,0.0
909,ccgt,2030,38,21,21,0.0
910,ccgt,2030,38,22,22,0.0
911,ccgt,2030,38,23,23,0.0
912,ccgt,2030,38,24,24,0.0
913,ccgt,2030,39,1,1,0.0
914,ccgt,2030,39,2,2,0.0
915,ccgt,2030,39,3,3,0.0
916,ccgt,2030,39,4,4,0.0
917,ccgt,2030,39,5,5,0.0
918,ccgt,2030,39,6,6,0.0
919,ccgt,2030,39,7,7,0.0
920,ccgt,2030,39,8,8,0.0
921,ccgt,2030,39,9,9,0.0
922,ccgt,2030,39,10,10,0.0
923,ccgt,2030,39,11,11,0.0
924,ccgt,2030,39,12,12,0.0
925,ccgt,2030,39,13,13,0.0
926,ccgt,2030,39,14,14,0.0
927,ccgt,2030,39,15,15,0.0
928,ccgt,2030,39,16,16,0.0
929,ccgt,2030,39,17,17,0.0
930,ccgt,2030,39,18,18,0.0
931,ccgt,2030,39,19,19,0.0
932,ccgt,2030,39,20,20,-0.1341128982048948
933,ccgt,2030,39,21,21,0.0
934,ccgt,2030,39,22,22,0.0
935,ccgt,2030,39,23,23,0.0
936,ccgt,2030,39,24,24,0.0
937,ccgt,2030,40,1,1,0.0
938,ccgt,2030,40,2,2,0.0
939,ccgt,2030,40,3,3,0.0
940,ccgt,2030,40,4,4,0.0
941,ccgt,2030,40,5,5,0.0
942,ccgt,2030,40,6,6,0.0
943,ccgt,2030,40,7,7,0.0
944,ccgt,2030,40,8,8,0.0
945,ccgt,2030,40,9,9,0.0
946,ccgt,2030,40,10,10,0.0
947,ccgt,2030,40,11,11,0.0
948,ccgt,2030,40,12,12,0.0
949,ccgt,2030,40,13,13,0.0
950,ccgt,2030,40,14,14,0.0
951,ccgt,2030,40,15,15,0.0
952,ccgt,2030,40,16,16,0.0
953,ccgt,2030,40,17,17,0.0
954,ccgt,2030,40,18,18,0.0
955,ccgt,2030,40,19,19,0.0
956,ccgt,2030,40,20,20,0.0
957,ccgt,2030,40,21,21,0.0
958,ccgt,2030,40,22,22,0.0
959,ccgt,2030,40,23,23,0.0
960,ccgt,2030,40,24,24,0.0
961,ccgt,2030,41,1,1,-0.010272215975352762
962,ccgt,2030,41,2,2,-0.010272215975352762
963,ccgt,2030,41,3,3,0.0
964,ccgt,2030,41,4,4,0.0
965,ccgt,2030,41,5,5,0.0
966,ccgt,2030,41,6,6,0.0
967,ccgt,2030,41,7,7,0.0
968,ccgt,2030,41,8,8,0.0
969,ccgt,2030,41,9,9,0.0
970,ccgt,2030,41,10,10,0.0
971,ccgt,2030,41,11,11,0.0
972,ccgt,2030,41,12,12,0.0
973,ccgt,2030,41,13,13,0.0
974,ccgt,2030,41,14,14,0.0
975,ccgt,2030,41,15,15,0.0
976,ccgt,2030,41,16,16,0.0
977,ccgt,2030,41,17,17,0.0
978,ccgt,2030,41,18,18,0.0
979,ccgt,2030,41,19,19,0.0
980,ccgt,2030,41,20,20,0.0
981,ccgt,2030,41,21,21,0.0
982,ccgt,2030,41,22,22,0.0
983,ccgt,2030,41,23,23,0.0
984,ccgt,2030,41,24,24,0.0
985,ccgt,2030,42,1,1,0.0
986,ccgt,2030,42,2,2,0.0
987,ccgt,2030,42,3,3,0.0
988,ccgt,2030,42,4,4,0.0
989,ccgt,2030,42,5,5,0.0
990,ccgt,2030,42,6,6,0.0
991,ccgt,2030,42,7,7,0.0
992,ccgt,2030,42,8,8,0.0
993,ccgt,2030,42,9,9,0.0
994,ccgt,2030,42,10,10,0.0
995,ccgt,2030,42,11,11,0.0
996,ccgt,2030,42,12,12,0.0
997,ccgt,2030,42,13,13,0.0
998,ccgt,2030,42,14,14,0.0
999,ccgt,2030,42,15,15,0.0
1000,ccgt,2030,42,16,16,0.0
1001,ccgt,2030,42,17,17,0.0
1002,ccgt,2030,42,18,18,0.0
1003,ccgt,2030,42,19,19,-0.020885687959995562
1004,ccgt,2030,42,20,20,-0.020885687959995562
1005,ccgt,2030,42,21,21,-0.020885687959995562
1006,ccgt,2030,42,22,22,-0.020885687959995562
1007,ccgt,2030,42,23,23,0.0
1008,ccgt,2030,42,24,24,0.0
1009,ccgt,2030,43,1,1,0.0
1010,ccgt,2030,43,2,2,0.0
1011,ccgt,2030,43,3,3,0.0
1012,ccgt,2030,43,4,4,0.0
1013,ccgt,2030,43,5,5,0.0
1014,ccgt,2030,43,6,6,0.0
1015,ccgt,2030,43,7,7,0.0
1016,ccgt,2030,43,8,8,0.0
1017,ccgt,2030,43,9,9,0.0
1018,ccgt,2030,43,10,10,0.0
1019,ccgt,2030,43,11,11,0.0
1020,ccgt,2030,43,12,12,0.0
1021,ccgt,2030,43,13,13,0.0
1022,ccgt,2030,43,14,14,0.0
1023,ccgt,2030,43,15,15,0.0
1024,ccgt,2030,43,16,16,0.0
1025,ccgt,2030,43,17,17,0.0
1026,ccgt,2030,43,18,18,0.0
1027,ccgt,2030,43,19,19,-0.02005500330814075
1028,ccgt,2030,43,20,20,-0.02005500330814075
1029,ccgt,2030,43,21,21,0.0
1030,ccgt,2030,43,22,22,0.0
1031,ccgt,2030,43,23,23,0.0
1032,ccgt,2030,43,24,24,0.0
1033,ccgt,2030,44,1,1,0.0
1034,ccgt,2030,44,2,2,0.0
1035,ccgt,2030,44,3,3,0.0
1036,ccgt,2030,44,4,4,0.0
1037,ccgt,2030,44,5,5,0.0
1038,ccgt,2030,44,6,6,0.0
1039,ccgt,2030,44,7,7,0.0
1040,ccgt,2030,44,8,8,0.0
1041,ccgt,2030,44,9,9,0.0
1042,ccgt,2030,44,10,10,0.0
1043,ccgt,2030,44,11,11,0.0
1044,ccgt,2030,44,12,12,0.0
1045,ccgt,2030,44,13,13,0.0
1046,ccgt,2030,44,14,14,0.0
1047,ccgt,2030,44,15,15,0.0
1048,ccgt,2030,44,16,16,0.0
1049,ccgt,2030,44,17,17,0.0
1050,ccgt,2030,44,18,18,0.0
1051,ccgt,2030,44,19,19,0.0
1052,ccgt,2030,44,20,20,0.0
1053,ccgt,2030,44,21,21,0.0
1054,ccgt,2030,44,22,22,0.0
1055,ccgt,2030,44,23,23,0.0
1056,ccgt,2030,44,24,24,0.0
1057,ccgt,2030,45,1,1,0.0
1058,ccgt,2030,45,2,2,0.0
1059,ccgt,2030,45,3,3,0.0
1060,ccgt,2030,45,4,4,0.0
1061,ccgt,2030,45,5,5,0.0
1062,ccgt,2030,45,6,6,0.0
1063,ccgt,2030,45,7,7,0.0
1064,ccgt,2030,45,8,8,0.0
1065,ccgt,2030,45,9,9,0.0
1066,ccgt,2030,45,10,10,0.0
1067,ccgt,2030,45,11,11,0.0
1068,ccgt,2030,45,12,12,0.0
1069,ccgt,2030,45,13,13,0.0
1070,ccgt,2030,45,14,14,0.0
1071,ccgt,2030,45,15,15,0.0
1072,ccgt,2030,45,16,16,0.0
1073,ccgt,2030,45,17,17,0.0
1074,ccgt,2030,45,18,18,0.0
1075,ccgt,2030,45,19,19,0.0
1076,ccgt,2030,45,20,20,0.0
1077,ccgt,2030,45,21,21,0.0
1078,ccgt,2030,45,22,22,0.0
1079,ccgt,2030,45,23,23,0.0
1080,ccgt,2030,45,24,24,0.0
1081,ccgt,2030,46,1,1,0.0
1082,ccgt,2030,46,2,2,0.0
1083,ccgt,2030,46,3,3,0.0
1084,ccgt,2030,46,4,4,0.0
1085,ccgt,2030,46,5,5,0.0
1086,ccgt,2030,46,6,6,0.0
1087,ccgt,2030,46,7,7,0.0
1088,ccgt,2030,46,8,8,0.0
1089,ccgt,2030,46,9,9,0.0
1090,ccgt,2030,46,10,10,0.0
1091,ccgt,2030,46,11,11,0.0
1092,ccgt,2030,46,12,12,0.0
1093,ccgt,2030,46,13,13,0.0
1094,ccgt,2030,46,14,14,0.0
1095,ccgt,2030,46,15,15,0.0
1096,ccgt,2030,46,16,16,0.0
1097,ccgt,2030,46,17,17,0.0
1098,ccgt,2030,46,18,18,-0.011209217928687357
1099,ccgt,2030,46,19,19,-0.011209217928687357
1100,ccgt,2030,46,20,20,-0.011209217928687357
1101,ccgt,2030,46,21,21,-0.011209217928687357
1102,ccgt,2030,46,22,22,0.0
1103,ccgt,2030,46,23,23,0.0
1104,ccgt,2030,46,24,24,0.0
1105,ccgt,2030,47,1,1,0.0
1106,ccgt,2030,47,2,2,0.0
1107,ccgt,2030,47,3,3,0.0
1108,ccgt,2030,47,4,4,0.0
1109,ccgt,2030,47,5,5,0.0
1110,ccgt,2030,47,6,6,0.0
1111,ccgt,2030,47,7,7,0.0
1112,ccgt,2030,47,8,8,0.0
1113,ccgt,2030,47,9,9,0.0
1114,ccgt,2030,47,10,10,0.0
1115,ccgt,2030,47,11,11,0.0
1116,ccgt,2030,47,12,12,0.0
1117,ccgt,2030,47,13,13,0.0
1118,ccgt,2030,47,14,14,0.0
1119,ccgt,2030,47,15,15,0.0
1120,ccgt,2030,47,16,16,0.0
1121,ccgt,2030,47,17,17,0.0
1122,ccgt,2030,47,18,18,-0.015285164157554092
1123,ccgt,2030,47,19,19,-0.015285164157554092
1124,ccgt,2030,47,20,20,-0.015285164157554092
1125,ccgt,2030,47,21,21,-0.015285164157554092
1126,ccgt,2030,47,22,22,-0.015285164157554092
1127,ccgt,2030,47,23,23,-0.015285164157554092
1128,ccgt,2030,47,24,24,0.0
1129,ccgt,2030,48,1,1,0.0
1130,ccgt,2030,48,2,2,0.0
1131,ccgt,2030,48,3,3,0.0
1132,ccgt,2030,48,4,4,0.0
1133,ccgt,2030,48,5,5,0.0
1134,ccgt,2030,48,6,6,0.0
1135,ccgt,2030,48,7,7,0.0
1136,ccgt,2030,48,8,8,0.0
1137,ccgt,2030,48,9,9,0.0
1138,ccgt,2030,48,10,10,0.0
1139,ccgt,2030,48,11,11,0.0
1140,ccgt,2030,48,12,12,0.0
1141,ccgt,2030,48,13,13,0.0
1142,ccgt,2030,48,14,14,0.0
1143,ccgt,2030,48,15,15,0.0
1144,ccgt,2030,48,16,16,0.0
1145,ccgt,2030,48,17,17,0.0
1146,ccgt,2030,48,18,18,0.0
1147,ccgt,2030,48,19,19,-0.010835124026140723
1148,ccgt,2030,48,20,20,-0.010835124026140723
1149,ccgt,2030,48,21,21,-0.010835124026140723
1150,ccgt,2030,48,22,22,0.0
1151,ccgt,2030,48,23,23,0.0
1152,ccgt,2030,48,24,24,0.0
1153,ccgt,2030,49,1,1,0.0
1154,ccgt,2030,49,2,2,0.0
1155,ccgt,2030,49,3,3,0.0
1156,ccgt,2030,49,4,4,0.0
1157,ccgt,2030,49,5,5,0.0
1158,ccgt,2030,49,6,6,0.0
1159,ccgt,2030,49,7,7,0.0
1160,ccgt,2030,49,8,8,0.0
1161,ccgt,2030,49,9,9,0.0
1162,ccgt,2030,49,10,10,0.0
1163,ccgt,2030,49,11,11,0.0
1164,ccgt,2030,49,12,12,0.0
1165,ccgt,2030,49,13,13,0.0
1166,ccgt,2030,49,14,14,0.0
1167,ccgt,2030,49,15,15,0.0
1168,ccgt,2030,49,16,16,0.0
1169,ccgt,2030,49,17,17,0.0
1170,ccgt,2030,49,18,18,0.0
1171,ccgt,2030,49,19,19,0.0
1172,ccgt,2030,49,20,20,-0.019997535122700985
1173,ccgt,2030,49,21,21,-0.019997535122700985
1174,ccgt,2030,49,22,22,0.0
1175,ccgt,2030,49,23,23,0.0
1176,ccgt,2030,49,24,24,0.0
1177,ccgt,2030,50,1,1,0.0
1178,ccgt,2030,50,2,2,0.0
1179,ccgt,2030,50,3,3,0.0
1180,ccgt,2030,50,4,4,0.0
1181,ccgt,2030,50,5,5,0.0
1182,ccgt,2030,50,6,6,0.0
1183,ccgt,2030,50,7,7,0.0
1184,ccgt,2030,50,8,8,0.0
1185,ccgt,2030,50,9,9,0.0
1186,ccgt,2030,50,10,10,0.0
1187,ccgt,2030,50,11,11,0.0
1188,ccgt,2030,50,12,12,0.0
1189,ccgt,2030,50,13,13,0.0
1190,ccgt,2030,50,14,14,0.0
1191,ccgt,2030,50,15,15,0.0
1192,ccgt,2030,50,16,16,0.0
1193,ccgt,2030,50,17,17,0.0
1194,ccgt,2030,50,18,18,0.0
1195,ccgt,2030,50,19,19,0.0
1196,ccgt,2030,50,20,20,0.0
1197,ccgt,2030,50,21,21,0.0
1198,ccgt,2030,50,22,22,0.0
1199,ccgt,2030,50,23,23,0.0
1200,ccgt,2030,50,24,24,0.0
1201,ccgt,2030,51,1,1,0.0
1202,ccgt,2030,51,2,2,0.0
1203,ccgt,2030,51,3,3,0.0
1204,ccgt,2030,51,4,4,0.0
1205,ccgt,2030,51,5,5,0.0
1206,ccgt,2030,51,6,6,0.0
1207,ccgt,2030,51,7,7,0.0
1208,ccgt,2030,51,8,8,0.0
1209,ccgt,2030,51,9,9,0.0
1210,ccgt,2030,51,10,10,0.0
1211,ccgt,2030,51,11,11,0.0
1212,ccgt,2030,51,12,12,0.0
1213,ccgt,2030,51,13,13,0.0
1214,ccgt,2030,51,14,14,0.0
1215,ccgt,2030,51,15,15,0.0
1216,ccgt,2030,51,16,16,0.0
1217,ccgt,2030,51,17,17,0.0
1218,ccgt,2030,51,18,18,0.0
1219,ccgt,2030,51,19,19,0.0
1220,ccgt,2030,51,20,20,0.0
1221,ccgt,2030,51,21,21,0.0
1222,ccgt,2030,51,22,22,0.0
1223,ccgt,2030,51,23,23,0.0
1224,ccgt,2030,51,24,24,0.0
1225,ccgt,2030,52,1,1,0.0
1226,ccgt,2030,52,2,2,0.0
1227,ccgt,2030,52,3,3,0.0
1228,ccgt,2030,52,4,4,0.0
1229,ccgt,2030,52,5,5,0.0
1230,ccgt,2030,52,6,6,0.0
1231,ccgt,2030,52,7,7,0.0
1232,ccgt,2030,52,8,8,0.0
1233,ccgt,2030,52,9,9,0.0
1234,ccgt,2030,52,10,10,0.0
1235,ccgt,2030,52,11,11,0.0
1236,ccgt,2030,52,12,12,0.0
1237,ccgt,2030,52,13,13,0.0
1238,ccgt,2030,52,14,14,0.0
1239,ccgt,2030,52,15,15,0.0
1240,ccgt,2030,52,16,16,0.0
1241,ccgt,2030,52,17,17,0.0
1242,ccgt,2030,52,18,18,0.0
1243,ccgt,2030,52,19,19,0.0
1244,ccgt,2030,52,20,20,0.0
1245,ccgt,2030,52,21,21,0.0
1246,ccgt,2030,52,22,22,0.0
1247,ccgt,2030,52,23,23,0.0
1248,ccgt,2030,52,24,24,0.0
1249,ccgt,2030,53,1,1,0.0
1250,ccgt,2030,53,2,2,0.0
1251,ccgt,2030,53,3,3,0.0
1252,ccgt,2030,53,4,4,0.0
1253,ccgt,2030,53,5,5,0.0
1254,ccgt,2030,53,6,6,0.0
1255,ccgt,2030,53,7,7,0.0
1256,ccgt,2030,53,8,8,0.0
1257,ccgt,2030,53,9,9,0.0
1258,ccgt,2030,53,10,10,0.0
1259,ccgt,2030,53,11,11,0.0
1260,ccgt,2030,53,12,12,0.0
1261,ccgt,2030,53,13,13,0.0
1262,ccgt,2030,53,14,14,0.0
1263,ccgt,2030,53,15,15,0.0
1264,ccgt,2030,53,16,16,0.0
1265,ccgt,2030,53,17,17,0.0
1266,ccgt,2030,53,18,18,0.0
1267,ccgt,2030,53,19,19,0.0
1268,ccgt,2030,53,20,20,0.0
1269,ccgt,2030,53,21,21,0.0
1270,ccgt,2030,53,22,22,0.0
1271,ccgt,2030,53,23,23,0.0
1272,ccgt,2030,53,24,24,0.0
1273,ccgt,2030,54,1,1,0.0
1274,ccgt,2030,54,2,2,0.0
1275,ccgt,2030,54,3,3,0.0
1276,ccgt,2030,54,4,4,0.0
1277,ccgt,2030,54,5,5,0.0
1278,ccgt,2030,54,6,6,0.0
1279,ccgt,2030,54,7,7,0.0
1280,ccgt,2030,54,8,8,0.0
1281,ccgt,2030,54,9,9,0.0
1282,ccgt,2030,54,10,10,0.0
1283,ccgt,2030,54,11,11,0.0
1284,ccgt,2030,54,12,12,0.0
1285,ccgt,2030,54,13,13,0.0
1286,ccgt,2030,54,14,14,0.0
1287,ccgt,2030,54,15,15,0.0
1288,ccgt,2030,54,16,16,0.0
1289,ccgt,2030,54,17,17,0.0
1290,ccgt,2030,54,18,18,0.0
1291,ccgt,2030,54,19,19,0.0
1292,ccgt,2030,54,20,20,0.0
1293,ccgt,2030,54,21,21,0.0
1294,ccgt,2030,54,22,22,0.0
1295,ccgt,2030,54,23,23,0.0
1296,ccgt,2030,54,24,24,0.0
1297,ccgt,2030,55,1,1,0.0
1298,ccgt,2030,55,2,2,0.0
1299,ccgt,2030,55,3,3,0.0
1300,ccgt,2030,55,4,4,0.0
1301,ccgt,2030,55,5,5,0.0
1302,ccgt,2030,55,6,6,0.0
1303,ccgt,2030,55,7,7,0.0
1304,ccgt,2030,55,8,8,0.0
1305,ccgt,2030,55,9,9,0.0
1306,ccgt,2030,55,10,10,0.0
1307,ccgt,2030,55,11,11,0.0
1308,ccgt,2030,55,12,12,0.0
1309,ccgt,2030,55,13,13,0.0
1310,ccgt,2030,55,14,14,0.0
1311,ccgt,2030,55,15,15,0.0
1312,ccgt,2030,55,16,16,0.0
1313,ccgt,2030,55,17,17,0.0
1314,ccgt,2030,55,18,18,0.0
1315,ccgt,2030,55,19,19,0.0
1316,ccgt,2030,55,20,20,0.0
1317,ccgt,2030,55,21,21,0.0
1318,ccgt,2030,55,22,22,0.0
1319,ccgt,2030,55,23,23,0.0
1320,ccgt,2030,55,24,24,0.0
1321,ccgt,2030,56,1,1,0.0
1322,ccgt,2030,56,2,2,0.0
1323,ccgt,2030,56,3,3,0.0
1324,ccgt,2030,56,4,4,0.0
1325,ccgt,2030,56,5,5,0.0
1326,ccgt,2030,56,6,6,0.0
1327,ccgt,2030,56,7,7,0.0
1328,ccgt,2030,56,8,8,0.0
1329,ccgt,2030,56,9,9,0.0
1330,ccgt,2030,56,10,10,0.0
1331,ccgt,2030,56,11,11,0.0
1332,ccgt,2030,56,12,12,0.0
1333,ccgt,2030,56,13,13,0.0
1334,ccgt,2030,56,14,14,0.0
1335,ccgt,2030,56,15,15,0.0
1336,ccgt,2030,56,16,16,0.0
1337,ccgt,2030,56,17,17,0.0
1338,ccgt,2030,56,18,18,0.0
1339,ccgt,2030,56,19,19,0.0
1340,ccgt,2030,56,20,20,0.0
1341,ccgt,2030,56,21,21,0.0
1342,ccgt,2030,56,22,22,0.0
1343,ccgt,2030,56,23,23,0.0
1344,ccgt,2030,56,24,24,0.0
1345,ccgt,2030,57,1,1,0.0
1346,ccgt,2030,57,2,2,0.0
1347,ccgt,2030,57,3,3,0.0
1348,ccgt,2030,57,4,4,0.0
1349,ccgt,2030,57,5,5,0.0
1350,ccgt,2030,57,6,6,0.0
1351,ccgt,2030,57,7,7,0.0
1352,ccgt,2030,57,8,8,0.0
1353,ccgt,2030,57,9,9,0.0
1354,ccgt,2030,57,10,10,0.0
1355,ccgt,2030,57,11,11,0.0
1356,ccgt,2030,57,12,12,0.0
1357,ccgt,2030,57,13,13,0.0
1358,ccgt,2030,57,14,14,0.0
1359,ccgt,2030,57,15,15,0.0
1360,ccgt,2030,57,16,16,0.0
1361,ccgt,2030,57,17,17,0.0
1362,ccgt,2030,57,18,18,0.0
1363,ccgt,2030,57,19,19,0.0
1364,ccgt,2030,57,20,20,0.0
1365,ccgt,2030,57,21,21,0.0
1366,ccgt,2030,57,22,22,0.0
1367,ccgt,2030,57,23,23,0.0
1368,ccgt,2030,57,24,24,0.0
1369,ccgt,2030,58,1,1,0.0
1370,ccgt,2030,58,2,2,0.0
1371,ccgt,2030,58,3,3,0.0
1372,ccgt,2030,58,4,4,0.0
1373,ccgt,2030,58,5,5,0.0
1374,ccgt,2030,58,6,6,0.0
1375,ccgt,2030,58,7,7,0.0
1376,ccgt,2030,58,8,8,0.0
1377,ccgt,2030,58,9,9,0.0
1378,ccgt,2030,58,10,10,0.0
1379,ccgt,2030,58,11,11,0.0
1380,ccgt,2030,58,12,12,0.0
1381,ccgt,2030,58,13,13,0.0
1382,ccgt,2030,58,14,14,0.0
1383,ccgt,2030,58,15,15,0.0
1384,ccgt,2030,58,16,16,0.0
1385,ccgt,2030,58,17,17,0.0
1386,ccgt,2030,58,18,18,0.0
1387,ccgt,2030,58,19,19,0.0
1388,ccgt,2030,58,20,20,-0.012135928688486744
1389,ccgt,2030,58,21,21,-0.012135928688486744
1390,ccgt,2030,58,22,22,-0.012135928688486744
1391,ccgt,2030,58,23,23,0.0
1392,ccgt,2030,58,24,24,0.0
1393,ccgt,2030,59,1,1,0.0
1394,ccgt,2030,59,2,2,0.0
1395,ccgt,2030,59,3,3,0.0
1396,ccgt,2030,59,4,4,0.0
1397,ccgt,2030,59,5,5,0.0
1398,ccgt,2030,59,6,6,0.0
1399,ccgt,2030,59,7,7,0.0
1400,ccgt,2030,59,8,8,0.0
1401,ccgt,2030,59,9,9,0.0
1402,ccgt,2030,59,10,10,0.0
1403,ccgt,2030,59,11,11,0.0
1404,ccgt,2030,59,12,12,0.0
1405,ccgt,2030,59,13,13,0.0
1406,ccgt,2030,59,14,14,0.0
1407,ccgt,2030,59,15,15,0.0
1408,ccgt,2030,59,16,16,0.0
1409,ccgt,2030,59,17,17,0.0
1410,ccgt,2030,59,18,18,0.0
1411,ccgt,2030,59,19,19,0.0
1412,ccgt,2030,59,20,20,0.0
1413,ccgt,2030,59,21,21,0.0
1414,ccgt,2030,59,22,22,0.0
1415,ccgt,2030,59,23,23,0.0
1416,ccgt,2030,59,24,24,0.0
1417,ccgt,2030,60,1,1,0.0
1418,ccgt,2030,60,2,2,0.0
1419,ccgt,2030,60,3,3,0.0
1420,ccgt,2030,60,4,4,0.0
1421,ccgt,2030,60,5,5,0.0
1422,ccgt,2030,60,6,6,0.0
1423,ccgt,2030,60,7,7,0.0
1424,ccgt,2030,60,8,8,0.0
1425,ccgt,2030,60,9,9,0.0
1426,ccgt,2030,60,10,10,0.0
1427,ccgt,2030,60,11,11,0.0
1428,ccgt,2030,60,12,12,0.0
1429,ccgt,2030,60,13,13,0.0
1430,ccgt,2030,60,14,14,0.0
1431,ccgt,2030,60,15,15,0.0
1432,ccgt,2030,60,16,16,0.0
1433,ccgt,2030,60,17,17,0.0
1434,ccgt,2030,60,18,18,0.0
1435,ccgt,2030,60,19,19,0.0
1436,ccgt,2030,60,20,20,0.0
1437,ccgt,2030,60,21,21,0.0
1438,ccgt,2030,60,22,22,0.0
1439,ccgt,2030,60,23,23,0.0
1440,ccgt,2030,60,24,24,0.0
1441,ccgt,2030,61,1,1,0.0
1442,ccgt,2030,61,2,2,0.0
1443,ccgt,2030,61,3,3,0.0
1444,ccgt,2030,61,4,4,0.0
1445,ccgt,2030,61,5,5,0.0
1446,ccgt,2030,61,6,6,0.0
1447,ccgt,2030,61,7,7,0.0
1448,ccgt,2030,61,8,8,0.0
1449,ccgt,2030,61,9,9,0.0
1450,ccgt,2030,61,10,10,0.0
1451,ccgt,2030,61,11,11,0.0
1452,ccgt,2030,61,12,12,0.0
1453,ccgt,2030,61,13,13,0.0
1454,ccgt,2030,61,14,14,0.0
1455,ccgt,2030,61,15,15,0.0
1456,ccgt,2030,61,16,16,0.0
1457,ccgt,2030,61,17,17,0.0
1458,ccgt,2030,61,18,18,0.0
1459,ccgt,2030,61,19,19,0.0
1460,ccgt,2030,61,20,20,0.0
1461,ccgt,2030,61,21,21,0.0
1462,ccgt,2030,61,22,22,0.0
1463,ccgt,2030,61,23,23,0.0
1464,ccgt,2030,61,24,24,0.0
1465,ccgt,2030,62,1,1,0.0
1466,ccgt,2030,62,2,2,0.0
1467,ccgt,2030,62,3,3,0.0
1468,ccgt,2030,62,4,4,0.0
1469,ccgt,2030,62,5,5,0.0
1470,ccgt,2030,62,6,6,0.0
1471,ccgt,2030,62,7,7,0.0
1472,ccgt,2030,62,8,8,0.0
1473,ccgt,2030,62,9,9,0.0
1474,ccgt,2030,62,10,10,0.0
1475,ccgt,2030,62,11,11,0.0
1476,ccgt,2030,62,12,12,0.0
1477,ccgt,2030,62,13,13,0.0
1478,ccgt,2030,62,14,14,0.0
1479,ccgt,2030,62,15,15,0.0
1480,ccgt,2030,62,16,16,0.0
1481,ccgt,2030,62,17,17,0.0
1482,ccgt,2030,62,18,18,0.0
1483,ccgt,2030,62,19,19,0.0
1484,ccgt,2030,62,20,20,0.0
1485,ccgt,2030,62,21,21,0.0
1486,ccgt,2030,62,22,22,0.0
1487,ccgt,2030,62,23,23,0.0
1488,ccgt,2030,62,24,24,0.0
1489,ccgt,2030,63,1,1,0.0
1490,ccgt,2030,63,2,2,0.0
1491,ccgt,2030,63,3,3,0.0
1492,ccgt,2030,63,4,4,0.0
1493,ccgt,2030,63,5,5,0.0
1494,ccgt,2030,63,6,6,0.0
1495,ccgt,2030,63,7,7,0.0
1496,ccgt,2030,63,8,8,0.0
1497,ccgt,2030,63,9,9,0.0
1498,ccgt,2030,63,10,10,0.0
1499,ccgt,2030,63,11,11,0.0
1500,ccgt,2030,63,12,12,0.0
1501,ccgt,2030,63,13,13,0.0
1502,ccgt,2030,63,14,14,0.0
1503,ccgt,2030,63,15,15,0.0
1504,ccgt,2030,63,16,16,0.0
1505,ccgt,2030,63,17,17,0.0
1506,ccgt,2030,63,18,18,0.0
1507,ccgt,2030,63,19,19,0.0
1508,ccgt,2030,63,20,20,0.0
1509,ccgt,2030,63,21,21,0.0
1510,ccgt,2030,63,22,22,0.0
1511,ccgt,2030,63,23,23,0.0
1512,ccgt,2030,63,24,24,0.0
1513,ccgt,2030,64,1,1,0.0
1514,ccgt,2030,64,2,2,0.0
1515,ccgt,2030,64,3,3,0.0
1516,ccgt,2030,64,4,4,0.0
1517,ccgt,2030,64,5,5,0.0
1518,ccgt,2030,64,6,6,0.0
1519,ccgt,2030,64,7,7,0.0
1520,ccgt,2030,64,8,8,0.0
1521,ccgt,2030,64,9,9,0.0
1522,ccgt,2030,64,10,10,0.0
1523,ccgt,2030,64,11,11,0.0
1524,ccgt,2030,64,12,12,0.0
1525,ccgt,2030,64,13,13,0.0
1526,ccgt,2030,64,14,14,0.0
1527,ccgt,2030,64,15,15,0.0
1528,ccgt,2030,64,16,16,0.0
1529,ccgt,2030,64,17,17,0.0
1530,ccgt,2030,64,18,18,0.0
1531,ccgt,2030,64,19,19,0.0
1532,ccgt,2030,64,20,20,0.0
1533,ccgt,2030,64,21,21,0.0
1534,ccgt,2030,64,22,22,0.0
1535,ccgt,2030,64,23,23,0.0
1536,ccgt,2030,64,24,24,0.0
1537,ccgt,2030,65,1,1,0.0
1538,ccgt,2030,65,2,2,0.0
1539,ccgt,2030,65,3,3,0.0
1540,ccgt,2030,65,4,4,0.0
1541,ccgt,2030,65,5,5,0.0
1542,ccgt,2030,65,6,6,0.0
1543,ccgt,2030,65,7,7,0.0
1544,ccgt,2030,65,8,8,0.0
1545,ccgt,2030,65,9,9,0.0
1546,ccgt,2030,65,10,10,0.0
1547,ccgt,2030,65,11,11,0.0
1548,ccgt,2030,65,12,12,0.0
1549,ccgt,2030,65,13,13,0.0
1550,ccgt,2030,65,14,14,0.0
1551,ccgt,2030,65,15,15,0.0
1552,ccgt,2030,65,16,16,0.0
1553,ccgt,2030,65,17,17,0.0
1554,ccgt,2030,65,18,18,0.0
1555,ccgt,2030,65,19,19,0.0
1556,ccgt,2030,65,20,20,0.0
1557,ccgt,2030,65,21,21,0.0
1558,ccgt,2030,65,22,22,0.0
1559,ccgt,2030,65,23,23,0.0
1560,ccgt,2030,65,24,24,0.0
1561,ccgt,2030,66,1,1,0.0
1562,ccgt,2030,66,2,2,0.0
1563,ccgt,2030,66,3,3,0.0
1564,ccgt,2030,66,4,4,0.0
1565,ccgt,2030,66,5,5,0.0
1566,ccgt,2030,66,6,6,0.0
1567,ccgt,2030,66,7,7,0.0
1568,ccgt,2030,66,8,8,0.0
1569,ccgt,2030,66,9,9,0.0
1570,ccgt,2030,66,10,10,0.0
1571,ccgt,2030,66,11,11,0.0
1572,ccgt,2030,66,12,12,0.0
1573,ccgt,2030,66,13,13,0.0
1574,ccgt,2030,66,14,14,0.0
1575,ccgt,2030,66,15,15,0.0
1576,ccgt,2030,66,16,16,0.0
1577,ccgt,2030,66,17,17,0.0
1578,ccgt,2030,66,18,18,0.0
1579,ccgt,2030,66,19,19,0.0
1580,ccgt,2030,66,20,20,0.0
1581,ccgt,2030,66,21,21,0.0
1582,ccgt,2030,66,22,22,0.0
1583,ccgt,2030,66,23,23,0.0
1584,ccgt,2030,66,24,24,0.0
1585,ccgt,2030,67,1,1,0.0
1586,ccgt,2030,67,2,2,0.0
1587,ccgt,2030,67,3,3,0.0
1588,ccgt,2030,67,4,4,0.0
1589,ccgt,2030,67,5,5,0.0
1590,ccgt,2030,67,6,6,0.0
1591,ccgt,2030,67,7,7,0.0
1592,ccgt,2030,67,8,8,0.0
1593,ccgt,2030,67,9,9,0.0
1594,ccgt,2030,67,10,10,0.0
1595,ccgt,2030,67,11,11,0.0
1596,ccgt,2030,67,12,12,0.0
1597,ccgt,2030,67,13,13,0.0
1598,ccgt,2030,67,14,14,0.0
1599,ccgt,2030,67,15,15,0.0
1600,ccgt,2030,67,16,16,0.0
1601,ccgt,2030,67,17,17,0.0
1602,ccgt,2030,67,18,18,0.0
1603,ccgt,2030,67,19,19,0.0
1604,ccgt,2030,67,20,20,-0.15823129634792216
1605,ccgt,2030,67,21,21,0.0
1606,ccgt,2030,67,22,22,0.0
1607,ccgt,2030,67,23,23,0.0
1608,ccgt,2030,67,24,24,0.0
1609,ccgt,2030,68,1,1,0.0
1610,ccgt,2030,68,2,2,0.0
1611,ccgt,2030,68,3,3,0.0
1612,ccgt,2030,68,4,4,0.0
1613,ccgt,2030,68,5,5,0.0
1614,ccgt,2030,68,6,6,0.0
1615,ccgt,2030,68,7,7,0.0
1616,ccgt,2030,68,8,8,0.0
1617,ccgt,2030,68,9,9,0.0
1618,ccgt,2030,68,10,10,0.0
1619,ccgt,2030,68,11,11,0.0
1620,ccgt,2030,68,12,12,0.0
1621,ccgt,2030,68,13,13,0.0
1622,ccgt,2030,68,14,14,0.0
1623,ccgt,2030,68,15,15,0.0
1624,ccgt,2030,68,16,16,0.0
1625,ccgt,2030,68,17,17,0.0
1626,ccgt,2030,68,18,18,0.0
1627,ccgt,2030,68,19,19,0.0
1628,ccgt,2030,68,20,20,0.0
1629,ccgt,2030,68,21,21,0.0
1630,ccgt,2030,68,22,22,0.0
1631,ccgt,2030,68,23,23,0.0
1632,ccgt,2030,68,24,24,0.0
1633,ccgt,2030,69,1,1,0.0
1634,ccgt,2030,69,2,2,0.0
1635,ccgt,2030,69,3,3,0.0
1636,ccgt,2030,69,4,4,0.0
1637,ccgt,2030,69,5,5,0.0
1638,ccgt,2030,69,6,6,0.0
1639,ccgt,2030,69,7,7,0.0
1640,ccgt,2030,69,8,8,0.0
1641,ccgt,2030,69,9,9,0.0
1642,ccgt,2030,69,10,10,0.0
1643,ccgt,2030,69,11,11,0.0
1644,ccgt,2030,69,12,12,0.0
1645,ccgt,2030,69,13,13,0.0
1646,ccgt,2030,69,14,14,0.0
1647,ccgt,2030,69,15,15,0.0
1648,ccgt,2030,69,16,16,0.0
1649,ccgt,2030,69,17,17,0.0
1650,ccgt,2030,69,18,18,0.0
1651,ccgt,2030,69,19,19,0.0
1652,ccgt,2030,69,20,20,0.0
1653,ccgt,2030,69,21,21,0.0
1654,ccgt,2030,69,22,22,0.0
1655,ccgt,2030,69,23,23,0.0
1656,ccgt,2030,69,24,24,0.0
1657,ccgt,2030,70,1,1,0.0
1658,ccgt,2030,70,2,2,0.0
1659,ccgt,2030,70,3,3,0.0
1660,ccgt,2030,70,4,4,0.0
1661,ccgt,2030,70,5,5,0.0
1662,ccgt,2030,70,6,6,0.0
1663,ccgt,2030,70,7,7,0.0
1664,ccgt,2030,70,8,8,0.0
1665,ccgt,2030,70,9,9,0.0
1666,ccgt,2030,70,10,10,0.0
1667,ccgt,2030,70,11,11,0.0
1668,ccgt,2030,70,12,12,0.0
1669,ccgt,2030,70,13,13,0.0
1670,ccgt,2030,70,14,14,0.0
1671,ccgt,2030,70,15,15,0.0
1672,ccgt,2030,70,16,16,0.0
1673,ccgt,2030,70,17,17,0.0
1674,ccgt,2030,70,18,18,0.0
1675,ccgt,2030,70,19,19,0.0
1676,ccgt,2030,70,20,20,0.0
1677,ccgt,2030,70,21,21,0.0
1678,ccgt,2030,70,22,22,0.0
1679,ccgt,2030,70,23,23,0.0
1680,ccgt,2030,70,24,24,0.0
1681,ccgt,2030,71,1,1,0.0
1682,ccgt,2030,71,2,2,0.0
1683,ccgt,2030,71,3,3,0.0
1684,ccgt,2030,71,4,4,0.0
1685,ccgt,2030,71,5,5,0.0
1686,ccgt,2030,71,6,6,0.0
1687,ccgt,2030,71,7,7,0.0
1688,ccgt,2030,71,8,8,0.0
1689,ccgt,2030,71,9,9,0.0
1690,ccgt,2030,71,10,10,0.0
1691,ccgt,2030,71,11,11,0.0
1692,ccgt,2030,71,12,12,0.0
1693,ccgt,2030,71,13,13,0.0
1694,ccgt,2030,71,14,14,0.0
1695,ccgt,2030,71,15,15,0.0
1696,ccgt,2030,71,16,16,0.0
1697,ccgt,2030,71,17,17,0.0
1698,ccgt,2030,71,18,18,0.0
1699,ccgt,2030,71,19,19,0.0
1700,ccgt,2030,71,20,20,0.0
1701,ccgt,2030,71,21,21,0.0
1702,ccgt,2030,71,22,22,0.0
1703,ccgt,2030,71,23,23,0.0
1704,ccgt,2030,71,24,24,0.0
1705,ccgt,2030,72,1,1,0.0
1706,ccgt,2030,72,2,2,0.0
1707,ccgt,2030,72,3,3,0.0
1708,ccgt,2030,72,4,4,0.0
1709,ccgt,2030,72,5,5,0.0
1710,ccgt,2030,72,6,6,0.0
1711,ccgt,2030,72,7,7,0.0
1712,ccgt,2030,72,8,8,0.0
1713,ccgt,2030,72,9,9,0.0
1714,ccgt,2030,72,10,10,0.0
1715,ccgt,2030,72,11,11,0.0
1716,ccgt,2030,72,12,12,0.0
1717,ccgt,2030,72,13,13,0.0
1718,ccgt,2030,72,14,14,0.0
1719,ccgt,2030,72,15,15,0.0
1720,ccgt,2030,72,16,16,0.0
1721,ccgt,2030,72,17,17,0.0
1722,ccgt,2030,72,18,18,0.0
1723,ccgt,2030,72,19,19,0.0
1724,ccgt,2030,72,20,20,0.0
1725,ccgt,2030,72,21,21,0.0
1726,ccgt,2030,72,22,22,0.0
1727,ccgt,2030,72,23,23,0.0
1728,ccgt,2030,72,24,24,0.0
1729,ccgt,2030,73,1,1,0.0
1730,ccgt,2030,73,2,2,0.0
1731,ccgt,2030,73,3,3,0.0
1732,ccgt,2030,73,4,4,0.0
1733,ccgt,2030,73,5,5,0.0
1734,ccgt,2030,73,6,6,0.0
1735,ccgt,2030,73,7,7,0.0
1736,ccgt,2030,73,8,8,0.0
1737,ccgt,2030,73,9,9,0.0
1738,ccgt,2030,73,10,10,0.0
1739,ccgt,2030,73,11,11,0.0
1740,ccgt,2030,73,12,12,0.0
1741,ccgt,2030,73,13,13,0.0
1742,ccgt,2030,73,14,14,0.0
1743,ccgt,2030,73,15,15,0.0
1744,ccgt,2030,73,16,16,0.0
1745,ccgt,2030,73,17,17,0.0
1746,ccgt,2030,73,18,18,0.0
1747,ccgt,2030,73,19,19,0.0
1748,ccgt,2030,73,20,20,0.0
1749,ccgt,2030,73,21,21,0.0
1750,ccgt,2030,73,22,22,0.0
1751,ccgt,2030,73,23,23,0.0
1752,ccgt,2030,73,24,24,0.0
1753,ccgt,2030,74,1,1,0.0
1754,ccgt,2030,74,2,2,0.0
1755,ccgt,2030,74,3,3,0.0
1756,ccgt,2030,74,4,4,0.0
1757,ccgt,2030,74,5,5,0.0
1758,ccgt,2030,74,6,6,0.0
1759,ccgt,2030,74,7,7,0.0
1760,ccgt,2030,74,8,8,0.0
1761,ccgt,2030,74,9,9,0.0
1762,ccgt,2030,74,10,10,0.0
1763,ccgt,2030,74,11,11,0.0
1764,ccgt,2030,74,12,12,0.0
1765,ccgt,2030,74,13,13,0.0
1766,ccgt,2030,74,14,14,0.0
1767,ccgt,2030,74,15,15,0.0
1768,ccgt,2030,74,16,16,0.0
1769,ccgt,2030,74,17,17,0.0
1770,ccgt,2030,74,18,18,0.0
1771,ccgt,2030,74,19,19,0.0
1772,ccgt,2030,74,20,20,0.0
1773,ccgt,2030,74,21,21,0.0
1774,ccgt,2030,74,22,22,0.0
1775,ccgt,2030,74,23,23,0.0
1776,ccgt,2030,74,24,24,0.0
1777,ccgt,2030,75,1,1,0.0
1778,ccgt,2030,75,2,2,0.0
1779,ccgt,2030,75,3,3,0.0
1780,ccgt,2030,75,4,4,0.0
1781,ccgt,2030,75,5,5,0.0
1782,ccgt,2030,75,6,6,0.0
1783,ccgt,2030,75,7,7,0.0
1784,ccgt,2030,75,8,8,0.0
1785,ccgt,2030,75,9,9,0.0
1786,ccgt,2030,75,10,10,0.0
1787,ccgt,2030,75,11,11,0.0
1788,ccgt,2030,75,12,12,0.0
1789,ccgt,2030,75,13,13,0.0
1790,ccgt,2030,75,14,14,0.0
1791,ccgt,2030,75,15,15,0.0
1792,ccgt,2030,75,16,16,0.0
1793,ccgt,2030,75,17,17,0.0
1794,ccgt,2030,75,18,18,0.0
1795,ccgt,2030,75,19,19,0.0
1796,ccgt,2030,75,20,20,0.0
1797,ccgt,2030,75,21,21,0.0
1798,ccgt,2030,75,22,22,0.0
1799,ccgt,2030,75,23,23,0.0
1800,ccgt,2030,75,24,24,0.0
1801,ccgt,2030,76,1,1,0.0
1802,ccgt,2030,76,2,2,0.0
1803,ccgt,2030,76,3,3,0.0
1804,ccgt,2030,76,4,4,0.0
1805,ccgt,2030,76,5,5,0.0
1806,ccgt,2030,76,6,6,0.0
1807,ccgt,2030,76,7,7,0.0
1808,ccgt,2030,76,8,8,0.0
1809,ccgt,2030,76,9,9,0.0
1810,ccgt,2030,76,10,10,0.0
1811,ccgt,2030,76,11,11,0.0
1812,ccgt,2030,76,12,12,0.0
1813,ccgt,2030,76,13,13,0.0
1814,ccgt,2030,76,14,14,0.0
1815,ccgt,2030,76,15,15,0.0
1816,ccgt,2030,76,16,16,0.0
1817,ccgt,2030,76,17,17,0.0
1818,ccgt,2030,76,18,18,0.0
1819,ccgt,2030,76,19,19,0.0
1820,ccgt,2030,76,20,20,0.0
1821,ccgt,2030,76,21,21,0.0
1822,ccgt,2030,76,22,22,0.0
1823,ccgt,2030,76,23,23,0.0
1824,ccgt,2030,76,24,24,0.0
1825,ccgt,2030,77,1,1,0.0
1826,ccgt,2030,77,2,2,0.0
1827,ccgt,2030,77,3,3,0.0
1828,ccgt,2030,77,4,4,0.0
1829,ccgt,2030,77,5,5,0.0
1830,ccgt,2030,77,6,6,0.0
1831,ccgt,2030,77,7,7,0.0
1832,ccgt,2030,77,8,8,0.0
1833,ccgt,2030,77,9,9,0.0
1834,ccgt,2030,77,10,10,0.0
1835,ccgt,2030,77,11,11,0.0
1836,ccgt,2030,77,12,12,0.0
1837,ccgt,2030,77,13,13,0.0
1838,ccgt,2030,77,14,14,0.0
1839,ccgt,2030,77,15,15,0.0
1840,ccgt,2030,77,16,16,0.0
1841,ccgt,2030,77,17,17,0.0
1842,ccgt,2030,77,18,18,0.0
1843,ccgt,2030,77,19,19,0.0
1844,ccgt,2030,77,20,20,0.0
1845,ccgt,2030,77,21,21,0.0
1846,ccgt,2030,77,22,22,0.0
1847,ccgt,2030,77,23,23,0.0
1848,ccgt,2030,77,24,24,0.0
1849,ccgt,2030,78,1,1,0.0
1850,ccgt,2030,78,2,2,0.0
1851,ccgt,2030,78,3,3,0.0
1852,ccgt,2030,78,4,4,0.0
1853,ccgt,2030,78,5,5,0.0
1854,ccgt,2030,78,6,6,0.0
1855,ccgt,2030,78,7,7,0.0
1856,ccgt,2030,78,8,8,0.0
1857,ccgt,2030,78,9,9,0.0
1858,ccgt,2030,78,10,10,0.0
1859,ccgt,2030,78,11,11,0.0
1860,ccgt,2030,78,12,12,0.0
1861,ccgt,2030,78,13,13,0.0
1862,ccgt,2030,78,14,14,0.0
1863,ccgt,2030,78,15,15,0.0
1864,ccgt,2030,78,16,16,0.0
1865,ccgt,2030,78,17,17,0.0
1866,ccgt,2030,78,18,18,0.0
1867,ccgt,2030,78,19,19,0.0
1868,ccgt,2030,78,20,20,0.0
1869,ccgt,2030,78,21,21,0.0
1870,ccgt,2030,78,22,22,0.0
1871,ccgt,2030,78,23,23,0.0
1872,ccgt,2030,78,24,24,0.0
1873,ccgt,2030,79,1,1,0.0
1874,ccgt,2030,79,2,2,0.0
1875,ccgt,2030,79,3,3,0.0
1876,ccgt,2030,79,4,4,0.0
1877,ccgt,2030,79,5,5,0.0
1878,ccgt,2030,79,6,6,0.0
1879,ccgt,2030,79,7,7,0.0
1880,ccgt,2030,79,8,8,0.0
1881,ccgt,2030,79,9,9,0.0
1882,ccgt,2030,79,10,10,0.0
1883,ccgt,2030,79,11,11,0.0
1884,ccgt,2030,79,12,12,0.0
1885,ccgt,2030,79,13,13,0.0
1886,ccgt,2030,79,14,14,0.0
1887,ccgt,2030,79,15,15,0.0
1888,ccgt,2030,79,16,16,0.0
1889,ccgt,2030,79,17,17,0.0
1890,ccgt,2030,79,18,18,0.0
1891,ccgt,2030,79,19,19,0.0
1892,ccgt,2030,79,20,20,0.0
1893,ccgt,2030,79,21,21,0.0
1894,ccgt,2030,79,22,22,0.0
1895,ccgt,2030,79,23,23,0.0
1896,ccgt,2030,79,24,24,0.0
1897,ccgt,2030,80,1,1,0.0
1898,ccgt,2030,80,2,2,0.0
1899,ccgt,2030,80,3,3,0.0
1900,ccgt,2030,80,4,4,0.0
1901,ccgt,2030,80,5,5,0.0
1902,ccgt,2030,80,6,6,0.0
1903,ccgt,2030,80,7,7,0.0
1904,ccgt,2030,80,8,8,0.0
1905,ccgt,2030,80,9,9,0.0
1906,ccgt,2030,80,10,10,0.0
1907,ccgt,2030,80,11,11,0.0
1908,ccgt,2030,80,12,12,0.0
1909,ccgt,2030,80,13,13,0.0
1910,ccgt,2030,80,14,14,0.0
1911,ccgt,2030,80,15,15,0.0
1912,ccgt,2030,80,16,16,0.0
1913,ccgt,2030,80,17,17,0.0
1914,ccgt,2030,80,18,18,0.0
1915,ccgt,2030,80,19,19,0.0
1916,ccgt,2030,80,20,20,0.0
1917,ccgt,2030,80,21,21,0.0
1918,ccgt,2030,80,22,22,0.0
1919,ccgt,2030,80,23,23,0.0
1920,ccgt,2030,80,24,24,0.0
1921,ccgt,2030,81,1,1,0.0
1922,ccgt,2030,81,2,2,0.0
1923,ccgt,2030,81,3,3,0.0
1924,ccgt,2030,81,4,4,0.0
1925,ccgt,2030,81,5,5,0.0
1926,ccgt,2030,81,6,6,0.0
1927,ccgt,2030,81,7,7,0.0
1928,ccgt,2030,81,8,8,0.0
1929,ccgt,2030,81,9,9,0.0
1930,ccgt,2030,81,10,10,0.0
1931,ccgt,2030,81,11,11,0.0
1932,ccgt,2030,81,12,12,0.0
1933,ccgt,2030,81,13,13,0.0
1934,ccgt,2030,81,14,14,0.0
1935,ccgt,2030,81,15,15,0.0
1936,ccgt,2030,81,16,16,0.0
1937,ccgt,2030,81,17,17,0.0
1938,ccgt,2030,81,18,18,0.0
1939,ccgt,2030,81,19,19,0.0
1940,ccgt,2030,81,20,20,0.0
1941,ccgt,2030,81,21,21,0.0
1942,ccgt,2030,81,22,22,0.0
1943,ccgt,2030,81,23,23,0.0
1944,ccgt,2030,81,24,24,0.0
1945,ccgt,2030,82,1,1,0.0
1946,ccgt,2030,82,2,2,0.0
1947,ccgt,2030,82,3,3,0.0
1948,ccgt,2030,82,4,4,0.0
1949,ccgt,2030,82,5,5,0.0
1950,ccgt,2030,82,6,6,0.0
1951,ccgt,2030,82,7,7,0.0
1952,ccgt,2030,82,8,8,0.0
1953,ccgt,2030,82,9,9,0.0
1954,ccgt,2030,82,10,10,0.0
1955,ccgt,2030,82,11,11,0.0
1956,ccgt,2030,82,12,12,0.0
1957,ccgt,2030,82,13,13,0.0
1958,ccgt,2030,82,14,14,0.0
1959,ccgt,2030,82,15,15,0.0
1960,ccgt,2030,82,16,16,0.0
1961,ccgt,2030,82,17,17,0.0
1962,ccgt,2030,82,18,18,0.0
1963,ccgt,2030,82,19,19,0.0
1964,ccgt,2030,82,20,20,0.0
1965,ccgt,2030,82,21,21,0.0
1966,ccgt,2030,82,22,22,0.0
1967,ccgt,2030,82,23,23,0.0
1968,ccgt,2030,82,24,24,0.0
1969,ccgt,2030,83,1,1,0.0
1970,ccgt,2030,83,2,2,0.0
1971,ccgt,2030,83,3,3,0.0
1972,ccgt,2030,83,4,4,0.0
1973,ccgt,2030,83,5,5,0.0
1974,ccgt,2030,83,6,6,0.0
1975,ccgt,2030,83,7,7,0.0
1976,ccgt,2030,83,8,8,0.0
1977,ccgt,2030,83,9,9,0.0
1978,ccgt,2030,83,10,10,0.0
1979,ccgt,2030,83,11,11,0.0
1980,ccgt,2030,83,12,12,0.0
1981,ccgt,2030,83,13,13,0.0
1982,ccgt,2030,83,14,14,0.0
1983,ccgt,2030,83,15,15,0.0
1984,ccgt,2030,83,16,16,0.0
1985,ccgt,2030,83,17,17,0.0
1986,ccgt,2030,83,18,18,0.0
1987,ccgt,2030,83,19,19,0.0
1988,ccgt,2030,83,20,20,0.0
1989,ccgt,2030,83,21,21,0.0
1990,ccgt,2030,83,22,22,0.0
1991,ccgt,2030,83,23,23,0.0
1992,ccgt,2030,83,24,24,0.0
1993,ccgt,2030,84,1,1,0.0
1994,ccgt,2030,84,2,2,0.0
1995,ccgt,2030,84,3,3,0.0
1996,ccgt,2030,84,4,4,0.0
1997,ccgt,2030,84,5,5,0.0
1998,ccgt,2030,84,6,6,0.0
1999,ccgt,2030,84,7,7,0.0
2000,ccgt,2030,84,8,8,0.0
2001,ccgt,2030,84,9,9,0.0
2002,ccgt,2030,84,10,10,0.0
2003,ccgt,2030,84,11,11,0.0
2004,ccgt,2030,84,12,12,0.0
2005,ccgt,2030,84,13,13,0.0
2006,ccgt,2030,84,14,14,0.0
2007,ccgt,2030,84,15,15,0.0
2008,ccgt,2030,84,16,16,0.0
2009,ccgt,2030,84,17,17,0.0
2010,ccgt,2030,84,18,18,0.0
2011,ccgt,2030,84,19,19,0.0
2012,ccgt,2030,84,20,20,0.0
2013,ccgt,2030,84,21,21,0.0
2014,ccgt,2030,84,22,22,0.0
2015,ccgt,2030,84,23,23,0.0
2016,ccgt,2030,84,24,24,0.0
2017,ccgt,2030,85,1,1,0.0
2018,ccgt,2030,85,2,2,0.0
2019,ccgt,2030,85,3,3,0.0
2020,ccgt,2030,85,4,4,0.0
2021,ccgt,2030,85,5,5,0.0
2022,ccgt,2030,85,6,6,0.0
2023,ccgt,2030,85,7,7,0.0
2024,ccgt,2030,85,8,8,0.0
2025,ccgt,2030,85,9,9,0.0
2026,ccgt,2030,85,10,10,0.0
2027,ccgt,2030,85,11,11,0.0
2028,ccgt,2030,85,12,12,0.0
2029,ccgt,2030,85,13,13,0.0
2030,ccgt,2030,85,14,14,0.0
2031,ccgt,2030,85,15,15,0.0
2032,ccgt,2030,85,16,16,0.0
2033,ccgt,2030,85,17,17,0.0
2034,ccgt,2030,85,18,18,0.0
2035,ccgt,2030,85,19,19,0.0
2036,ccgt,2030,85,20,20,0.0
2037,ccgt,2030,85,21,21,0.0
2038,ccgt,2030,85,22,22,0.0
2039,ccgt,2030,85,23,23,0.0
2040,ccgt,2030,85,24,24,0.0
2041,ccgt,2030,86,1,1,0.0
2042,ccgt,2030,86,2,2,0.0
2043,ccgt,2030,86,3,3,0.0
2044,ccgt,2030,86,4,4,0.0
2045,ccgt,2030,86,5,5,0.0
2046,ccgt,2030,86,6,6,0.0
2047,ccgt,2030,86,7,7,0.0
2048,ccgt,2030,86,8,8,0.0
2049,ccgt,2030,86,9,9,0.0
2050,ccgt,2030,86,10,10,0.0
2051,ccgt,2030,86,11,11,0.0
2052,ccgt,2030,86,12,12,0.0
2053,ccgt,2030,86,13,13,0.0
2054,ccgt,2030,86,14,14,0.0
2055,ccgt,2030,86,15,15,0.0
2056,ccgt,2030,86,16,16,0.0
2057,ccgt,2030,86,17,17,0.0
2058,ccgt,2030,86,18,18,0.0
2059,ccgt,2030,86,19,19,0.0
2060,ccgt,2030,86,20,20,0.0
2061,ccgt,2030,86,21,21,0.0
2062,ccgt,2030,86,22,22,0.0
2063,ccgt,2030,86,23,23,0.0
2064,ccgt,2030,86,24,24,0.0
2065,ccgt,2030,87,1,1,0.0
2066,ccgt,2030,87,2,2,0.0
2067,ccgt,2030,87,3,3,0.0
2068,ccgt,2030,87,4,4,0.0
2069,ccgt,2030,87,5,5,0.0
2070,ccgt,2030,87,6,6,0.0
2071,ccgt,2030,87,7,7,0.0
2072,ccgt,2030,87,8,8,0.0
2073,ccgt,2030,87,9,9,0.0
2074,ccgt,2030,87,10,10,0.0
2075,ccgt,2030,87,11,11,0.0
2076,ccgt,2030,87,12,12,0.0
2077,ccgt,2030,87,13,13,0.0
2078,ccgt,2030,87,14,14,0.0
2079,ccgt,2030,87,15,15,0.0
2080,ccgt,2030,87,16,16,0.0
2081,ccgt,2030,87,17,17,0.0
2082,ccgt,2030,87,18,18,0.0
2083,ccgt,2030,87,19,19,0.0
2084,ccgt,2030,87,20,20,0.0
2085,ccgt,2030,87,21,21,0.0
2086,ccgt,2030,87,22,22,0.0
2087,ccgt,2030,87,23,23,0.0
2088,ccgt,2030,87,24,24,0.0
2089,ccgt,2030,88,1,1,0.0
2090,ccgt,2030,88,2,2,0.0
2091,ccgt,2030,88,3,3,0.0
2092,ccgt,2030,88,4,4,0.0
2093,ccgt,2030,88,5,5,0.0
2094,ccgt,2030,88,6,6,0.0
2095,ccgt,2030,88,7,7,0.0
2096,ccgt,2030,88,8,8,0.0
2097,ccgt,2030,88,9,9,0.0
2098,ccgt,2030,88,10,10,0.0
2099,ccgt,2030,88,11,11,0.0
2100,ccgt,2030,88,12,12,0.0
2101,ccgt,2030,88,13,13,0.0
2102,ccgt,2030,88,14,14,0.0
2103,ccgt,2030,88,15,15,0.0
2104,ccgt,2030,88,16,16,0.0
2105,ccgt,2030,88,17,17,0.0
2106,ccgt,2030,88,18,18,0.0
2107,ccgt,2030,88,19,19,0.0
2108,ccgt,2030,88,20,20,0.0
2109,ccgt,2030,88,21,21,0.0
2110,ccgt,2030,88,22,22,0.0
2111,ccgt,2030,88,23,23,0.0
2112,ccgt,2030,88,24,24,0.0
2113,ccgt,2030,89,1,1,0.0
2114,ccgt,2030,89,2,2,0.0
2115,ccgt,2030,89,3,3,0.0
2116,ccgt,2030,89,4,4,0.0
2117,ccgt,2030,89,5,5,0.0
2118,ccgt,2030,89,6,6,0.0
2119,ccgt,2030,89,7,7,0.0
2120,ccgt,2030,89,8,8,0.0
2121,ccgt,2030,89,9,9,0.0
2122,ccgt,2030,89,10,10,0.0
2123,ccgt,2030,89,11,11,0.0
2124,ccgt,2030,89,12,12,0.0
2125,ccgt,2030,89,13,13,0.0
2126,ccgt,2030,89,14,14,0.0
2127,ccgt,2030,89,15,15,0.0
2128,ccgt,2030,89,16,16,0.0
2129,ccgt,2030,89,17,17,0.0
2130,ccgt,2030,89,18,18,0.0
2131,ccgt,2030,89,19,19,0.0
2132,ccgt,2030,89,20,20,0.0
2133,ccgt,2030,89,21,21,0.0
2134,ccgt,2030,89,22,22,0.0
2135,ccgt,2030,89,23,23,0.0
2136,ccgt,2030,89,24,24,0.0
2137,ccgt,2030,90,1,1,0.0
2138,ccgt,2030,90,2,2,0.0
2139,ccgt,2030,90,3,3,0.0
2140,ccgt,2030,90,4,4,0.0
2141,ccgt,2030,90,5,5,0.0
2142,ccgt,2030,90,6,6,0.0
2143,ccgt,2030,90,7,7,0.0
2144,ccgt,2030,90,8,8,0.0
2145,ccgt,2030,90,9,9,0.0
2146,ccgt,2030,90,10,10,0.0
2147,ccgt,2030,90,11,11,0.0
2148,ccgt,2030,90,12,12,0.0
2149,ccgt,2030,90,13,13,0.0
2150,ccgt,2030,90,14,14,0.0
2151,ccgt,2030,90,15,15,0.0
2152,ccgt,2030,90,16,16,0.0
2153,ccgt,2030,90,17,17,0.0
2154,ccgt,2030,90,18,18,0.0
2155,ccgt,2030,90,19,19,0.0
2156,ccgt,2030,90,20,20,0.0
2157,ccgt,2030,90,21,21,0.0
2158,ccgt,2030,90,22,22,0.0
2159,ccgt,2030,90,23,23,0.0
2160,ccgt,2030,90,24,24,0.0
2161,ens,2030,1,1,1,0.0
2162,ens,2030,1,2,2,0.0
2163,ens,2030,1,3,3,0.0
2164,ens,2030,1,4,4,0.0
2165,ens,2030,1,5,5,0.0
2166,ens,2030,1,6,6,0.0
2167,ens,2030,1,7,7,0.0
2168,ens,2030,1,8,8,0.0
2169,ens,2030,1,9,9,0.0
2170,ens,2030,1,10,10,0.0
2171,ens,2030,1,11,11,0.0
2172,ens,2030,1,12,12,0.0
2173,ens,2030,1,13,13,0.0
2174,ens,2030,1,14,14,0.0
2175,ens,2030,1,15,15,0.0
2176,ens,2030,1,16,16,0.0
2177,ens,2030,1,17,17,0.0
2178,ens,2030,1,18,18,0.0
2179,ens,2030,1,19,19,0.0
2180,ens,2030,1,20,20,0.0
2181,ens,2030,1,21,21,0.0
2182,ens,2030,1,22,22,0.0
2183,ens,2030,1,23,23,0.0
2184,ens,2030,1,24,24,0.0
2185,ens,2030,2,1,1,0.0
2186,ens,2030,2,2,2,0.0
2187,ens,2030,2,3,3,0.0
2188,ens,2030,2,4,4,0.0
2189,ens,2030,2,5,5,0.0
2190,ens,2030,2,6,6,0.0
2191,ens,2030,2,7,7,0.0
2192,ens,2030,2,8,8,0.0
2193,ens,2030,2,9,9,0.0
2194,ens,2030,2,10,10,0.0
2195,ens,2030,2,11,11,0.0
2196,ens,2030,2,12,12,0.0
2197,ens,2030,2,13,13,0.0
2198,ens,2030,2,14,14,0.0
2199,ens,2030,2,15,15,0.0
2200,ens,2030,2,16,16,0.0
2201,ens,2030,2,17,17,0.0
2202,ens,2030,2,18,18,0.0
2203,ens,2030,2,19,19,0.0
2204,ens,2030,2,20,20,0.0
2205,ens,2030,2,21,21,0.0
2206,ens,2030,2,22,22,0.0
2207,ens,2030,2,23,23,0.0
2208,ens,2030,2,24,24,0.0
2209,ens,2030,3,1,1,0.0
2210,ens,2030,3,2,2,0.0
2211,ens,2030,3,3,3,0.0
2212,ens,2030,3,4,4,0.0
2213,ens,2030,3,5,5,0.0
2214,ens,2030,3,6,6,0.0
2215,ens,2030,3,7,7,0.0
2216,ens,2030,3,8,8,0.0
2217,ens,2030,3,9,9,0.0
2218,ens,2030,3,10,10,0.0
2219,ens,2030,3,11,11,0.0
2220,ens,2030,3,12,12,0.0
2221,ens,2030,3,13,13,0.0
2222,ens,2030,3,14,14,0.0
2223,ens,2030,3,15,15,0.0
2224,ens,2030,3,16,16,0.0
2225,ens,2030,3,17,17,0.0
2226,ens,2030,3,18,18,0.0
2227,ens,2030,3,19,19,0.0
2228,ens,2030,3,20,20,0.0
2229,ens,2030,3,21,21,0.0
2230,ens,2030,3,22,22,0.0
2231,ens,2030,3,23,23,0.0
2232,ens,2030,3,24,24,0.0
2233,ens,2030,4,1,1,0.0
2234,ens,2030,4,2,2,0.0
2235,ens,2030,4,3,3,0.0
2236,ens,2030,4,4,4,0.0
2237,ens,2030,4,5,5,0.0
2238,ens,2030,4,6,6,0.0
2239,ens,2030,4,7,7,0.0
2240,ens,2030,4,8,8,0.0
2241,ens,2030,4,9,9,0.0
2242,ens,2030,4,10,10,0.0
2243,ens,2030,4,11,11,0.0
2244,ens,2030,4,12,12,0.0
2245,ens,2030,4,13,13,0.0
2246,ens,2030,4,14,14,0.0
2247,ens,2030,4,15,15,0.0
2248,ens,2030,4,16,16,0.0
2249,ens,2030,4,17,17,0.0
2250,ens,2030,4,18,18,0.0
2251,ens,2030,4,19,19,0.0
2252,ens,2030,4,20,20,0.0
2253,ens,2030,4,21,21,0.0
2254,ens,2030,4,22,22,0.0
2255,ens,2030,4,23,23,0.0
2256,ens,2030,4,24,24,0.0
2257,ens,2030,5,1,1,0.0
2258,ens,2030,5,2,2,0.0
2259,ens,2030,5,3,3,0.0
2260,ens,2030,5,4,4,0.0
2261,ens,2030,5,5,5,0.0
2262,ens,2030,5,6,6,0.0
2263,ens,2030,5,7,7,0.0
2264,ens,2030,5,8,8,0.0
2265,ens,2030,5,9,9,0.0
2266,ens,2030,5,10,10,0.0
2267,ens,2030,5,11,11,0.0
2268,ens,2030,5,12,12,0.0
2269,ens,2030,5,13,13,0.0
2270,ens,2030,5,14,14,0.0
2271,ens,2030,5,15,15,0.0
2272,ens,2030,5,16,16,0.0
2273,ens,2030,5,17,17,0.0
2274,ens,2030,5,18,18,0.0
2275,ens,2030,5,19,19,0.0
2276,ens,2030,5,20,20,0.0
2277,ens,2030,5,21,21,0.0
2278,ens,2030,5,22,22,0.0
2279,ens,2030,5,23,23,0.0
2280,ens,2030,5,24,24,0.0
2281,ens,2030,6,1,1,0.0
2282,ens,2030,6,2,2,0.0
2283,ens,2030,6,3,3,0.0
2284,ens,2030,6,4,4,0.0
2285,ens,2030,6,5,5,0.0
2286,ens,2030,6,6,6,0.0
2287,ens,2030,6,7,7,0.0
2288,ens,2030,6,8,8,0.0
2289,ens,2030,6,9,9,0.0
2290,ens,2030,6,10,10,0.0
2291,ens,2030,6,11,11,0.0
2292,ens,2030,6,12,12,0.0
2293,ens,2030,6,13,13,0.0
2294,ens,2030,6,14,14,0.0
2295,ens,2030,6,15,15,0.0
2296,ens,2030,6,16,16,0.0
2297,ens,2030,6,17,17,0.0
2298,ens,2030,6,18,18,0.0
2299,ens,2030,6,19,19,0.0
2300,ens,2030,6,20,20,0.0
2301,ens,2030,6,21,21,0.0
2302,ens,2030,6,22,22,0.0
2303,ens,2030,6,23,23,0.0
2304,ens,2030,6,24,24,0.0
2305,ens,2030,7,1,1,0.0
2306,ens,2030,7,2,2,0.0
2307,ens,2030,7,3,3,0.0
2308,ens,2030,7,4,4,0.0
2309,ens,2030,7,5,5,0.0
2310,ens,2030,7,6,6,0.0
2311,ens,2030,7,7,7,0.0
2312,ens,2030,7,8,8,0.0
2313,ens,2030,7,9,9,0.0
2314,ens,2030,7,10,10,0.0
2315,ens,2030,7,11,11,0.0
2316,ens,2030,7,12,12,0.0
2317,ens,2030,7,13,13,0.0
2318,ens,2030,7,14,14,0.0
2319,ens,2030,7,15,15,0.0
2320,ens,2030,7,16,16,0.0
2321,ens,2030,7,17,17,0.0
2322,ens,2030,7,18,18,0.0
2323,ens,2030,7,19,19,0.0
2324,ens,2030,7,20,20,0.0
2325,ens,2030,7,21,21,0.0
2326,ens,2030,7,22,22,0.0
2327,ens,2030,7,23,23,0.0
2328,ens,2030,7,24,24,0.0
2329,ens,2030,8,1,1,0.0
2330,ens,2030,8,2,2,0.0
2331,ens,2030,8,3,3,0.0
2332,ens,2030,8,4,4,0.0
2333,ens,2030,8,5,5,0.0
2334,ens,2030,8,6,6,0.0
2335,ens,2030,8,7,7,0.0
2336,ens,2030,8,8,8,0.0
2337,ens,2030,8,9,9,0.0
2338,ens,2030,8,10,10,0.0
2339,ens,2030,8,11,11,0.0
2340,ens,2030,8,12,12,0.0
2341,ens,2030,8,13,13,0.0
2342,ens,2030,8,14,14,0.0
2343,ens,2030,8,15,15,0.0
2344,ens,2030,8,16,16,0.0
2345,ens,2030,8,17,17,0.0
2346,ens,2030,8,18,18,0.0
2347,ens,2030,8,19,19,0.0
2348,ens,2030,8,20,20,0.0
2349,ens,2030,8,21,21,0.0
2350,ens,2030,8,22,22,0.0
2351,ens,2030,8,23,23,0.0
2352,ens,2030,8,24,24,0.0
2353,ens,2030,9,1,1,0.0
2354,ens,2030,9,2,2,0.0
2355,ens,2030,9,3,3,0.0
2356,ens,2030,9,4,4,0.0
2357,ens,2030,9,5,5,0.0
2358,ens,2030,9,6,6,0.0
2359,ens,2030,9,7,7,0.0
2360,ens,2030,9,8,8,0.0
2361,ens,2030,9,9,9,0.0
2362,ens,2030,9,10,10,0.0
2363,ens,2030,9,11,11,0.0
2364,ens,2030,9,12,12,0.0
2365,ens,2030,9,13,13,0.0
2366,ens,2030,9,14,14,0.0
2367,ens,2030,9,15,15,0.0
2368,ens,2030,9,16,16,0.0
2369,ens,2030,9,17,17,0.0
2370,ens,2030,9,18,18,0.0
2371,ens,2030,9,19,19,0.0
2372,ens,2030,9,20,20,0.0
2373,ens,2030,9,21,21,0.0
2374,ens,2030,9,22,22,0.0
2375,ens,2030,9,23,23,0.0
2376,ens,2030,9,24,24,0.0
2377,ens,2030,10,1,1,0.0
2378,ens,2030,10,2,2,0.0
2379,ens,2030,10,3,3,0.0
2380,ens,2030,10,4,4,0.0
2381,ens,2030,10,5,5,0.0
2382,ens,2030,10,6,6,0.0
2383,ens,2030,10,7,7,0.0
2384,ens,2030,10,8,8,0.0
2385,ens,2030,10,9,9,0.0
2386,ens,2030,10,10,10,0.0
2387,ens,2030,10,11,11,0.0
2388,ens,2030,10,12,12,0.0
2389,ens,2030,10,13,13,0.0
2390,ens,2030,10,14,14,0.0
2391,ens,2030,10,15,15,0.0
2392,ens,2030,10,16,16,0.0
2393,ens,2030,10,17,17,0.0
2394,ens,2030,10,18,18,0.0
2395,ens,2030,10,19,19,0.0
2396,ens,2030,10,20,20,0.0
2397,ens,2030,10,21,21,0.0
2398,ens,2030,10,22,22,0.0
2399,ens,2030,10,23,23,0.0
2400,ens,2030,10,24,24,0.0
2401,ens,2030,11,1,1,0.0
2402,ens,2030,11,2,2,0.0
2403,ens,2030,11,3,3,0.0
2404,ens,2030,11,4,4,0.0
2405,ens,2030,11,5,5,0.0
2406,ens,2030,11,6,6,0.0
2407,ens,2030,11,7,7,0.0
2408,ens,2030,11,8,8,0.0
2409,ens,2030,11,9,9,0.0
2410,ens,2030,11,10,10,0.0
2411,ens,2030,11,11,11,0.0
2412,ens,2030,11,12,12,0.0
2413,ens,2030,11,13,13,0.0
2414,ens,2030,11,14,14,0.0
2415,ens,2030,11,15,15,0.0
2416,ens,2030,11,16,16,0.0
2417,ens,2030,11,17,17,0.0
2418,ens,2030,11,18,18,0.0
2419,ens,2030,11,19,19,0.0
2420,ens,2030,11,20,20,0.0
2421,ens,2030,11,21,21,0.0
2422,ens,2030,11,22,22,0.0
2423,ens,2030,11,23,23,0.0
2424,ens,2030,11,24,24,0.0
2425,ens,2030,12,1,1,0.0
2426,ens,2030,12,2,2,0.0
2427,ens,2030,12,3,3,0.0
2428,ens,2030,12,4,4,0.0
2429,ens,2030,12,5,5,0.0
2430,ens,2030,12,6,6,0.0
2431,ens,2030,12,7,7,0.0
2432,ens,2030,12,8,8,0.0
2433,ens,2030,12,9,9,0.0
2434,ens,2030,12,10,10,0.0
2435,ens,2030,12,11,11,0.0
2436,ens,2030,12,12,12,0.0
2437,ens,2030,12,13,13,0.0
2438,ens,2030,12,14,14,0.0
2439,ens,2030,12,15,15,0.0
2440,ens,2030,12,16,16,0.0
2441,ens,2030,12,17,17,0.0
2442,ens,2030,12,18,18,0.0
2443,ens,2030,12,19,19,0.0
2444,ens,2030,12,20,20,0.0
2445,ens,2030,12,21,21,0.0
2446,ens,2030,12,22,22,0.0
2447,ens,2030,12,23,23,0.0
2448,ens,2030,12,24,24,0.0
2449,ens,2030,13,1,1,0.0
2450,ens,2030,13,2,2,0.0
2451,ens,2030,13,3,3,0.0
2452,ens,2030,13,4,4,0.0
2453,ens,2030,13,5,5,0.0
2454,ens,2030,13,6,6,0.0
2455,ens,2030,13,7,7,0.0
2456,ens,2030,13,8,8,0.0
2457,ens,2030,13,9,9,0.0
2458,ens,2030,13,10,10,0.0
2459,ens,2030,13,11,11,0.0
2460,ens,2030,13,12,12,0.0
2461,ens,2030,13,13,13,0.0
2462,ens,2030,13,14,14,0.0
2463,ens,2030,13,15,15,0.0
2464,ens,2030,13,16,16,0.0
2465,ens,2030,13,17,17,0.0
2466,ens,2030,13,18,18,0.0
2467,ens,2030,13,19,19,0.0
2468,ens,2030,13,20,20,0.0
2469,ens,2030,13,21,21,0.0
2470,ens,2030,13,22,22,0.0
2471,ens,2030,13,23,23,0.0
2472,ens,2030,13,24,24,0.0
2473,ens,2030,14,1,1,0.0
2474,ens,2030,14,2,2,0.0
2475,ens,2030,14,3,3,0.0
2476,ens,2030,14,4,4,0.0
2477,ens,2030,14,5,5,0.0
2478,ens,2030,14,6,6,0.0
2479,ens,2030,14,7,7,0.0
2480,ens,2030,14,8,8,0.0
2481,ens,2030,14,9,9,0.0
2482,ens,2030,14,10,10,0.0
2483,ens,2030,14,11,11,0.0
2484,ens,2030,14,12,12,0.0
2485,ens,2030,14,13,13,0.0
2486,ens,2030,14,14,14,0.0
2487,ens,2030,14,15,15,0.0
2488,ens,2030,14,16,16,0.0
2489,ens,2030,14,17,17,0.0
2490,ens,2030,14,18,18,0.0
2491,ens,2030,14,19,19,0.0
2492,ens,2030,14,20,20,0.0
2493,ens,2030,14,21,21,0.0
2494,ens,2030,14,22,22,0.0
2495,ens,2030,14,23,23,0.0
2496,ens,2030,14,24,24,0.0
2497,ens,2030,15,1,1,0.0
2498,ens,2030,15,2,2,0.0
2499,ens,2030,15,3,3,0.0
2500,ens,2030,15,4,4,0.0
2501,ens,2030,15,5,5,0.0
2502,ens,2030,15,6,6,0.0
2503,ens,2030,15,7,7,0.0
2504,ens,2030,15,8,8,0.0
2505,ens,2030,15,9,9,0.0
2506,ens,2030,15,10,10,0.0
2507,ens,2030,15,11,11,0.0
2508,ens,2030,15,12,12,0.0
2509,ens,2030,15,13,13,0.0
2510,ens,2030,15,14,14,0.0
2511,ens,2030,15,15,15,0.0
2512,ens,2030,15,16,16,0.0
2513,ens,2030,15,17,17,0.0
2514,ens,2030,15,18,18,0.0
2515,ens,2030,15,19,19,0.0
2516,ens,2030,15,20,20,0.0
2517,ens,2030,15,21,21,0.0
2518,ens,2030,15,22,22,0.0
2519,ens,2030,15,23,23,0.0
2520,ens,2030,15,24,24,0.0
2521,ens,2030,16,1,1,0.0
2522,ens,2030,16,2,2,0.0
2523,ens,2030,16,3,3,0.0
2524,ens,2030,16,4,4,0.0
2525,ens,2030,16,5,5,0.0
2526,ens,2030,16,6,6,0.0
2527,ens,2030,16,7,7,0.0
2528,ens,2030,16,8,8,0.0
2529,ens,2030,16,9,9,0.0
2530,ens,2030,16,10,10,0.0
2531,ens,2030,16,11,11,0.0
2532,ens,2030,16,12,12,0.0
2533,ens,2030,16,13,13,0.0
2534,ens,2030,16,14,14,0.0
2535,ens,2030,16,15,15,0.0
2536,ens,2030,16,16,16,0.0
2537,ens,2030,16,17,17,0.0
2538,ens,2030,16,18,18,0.0
2539,ens,2030,16,19,19,0.0
2540,ens,2030,16,20,20,0.0
2541,ens,2030,16,21,21,0.0
2542,ens,2030,16,22,22,0.0
2543,ens,2030,16,23,23,0.0
2544,ens,2030,16,24,24,0.0
2545,ens,2030,17,1,1,0.0
2546,ens,2030,17,2,2,0.0
2547,ens,2030,17,3,3,0.0
2548,ens,2030,17,4,4,0.0
2549,ens,2030,17,5,5,0.0
2550,ens,2030,17,6,6,0.0
2551,ens,2030,17,7,7,0.0
2552,ens,2030,17,8,8,0.0
2553,ens,2030,17,9,9,0.0
2554,ens,2030,17,10,10,0.0
2555,ens,2030,17,11,11,0.0
2556,ens,2030,17,12,12,0.0
2557,ens,2030,17,13,13,0.0
2558,ens,2030,17,14,14,0.0
2559,ens,2030,17,15,15,0.0
2560,ens,2030,17,16,16,0.0
2561,ens,2030,17,17,17,0.0
2562,ens,2030,17,18,18,0.0
2563,ens,2030,17,19,19,0.0
2564,ens,2030,17,20,20,0.0
2565,ens,2030,17,21,21,0.0
2566,ens,2030,17,22,22,0.0
2567,ens,2030,17,23,23,0.0
2568,ens,2030,17,24,24,0.0
2569,ens,2030,18,1,1,0.0
2570,ens,2030,18,2,2,0.0
2571,ens,2030,18,3,3,0.0
2572,ens,2030,18,4,4,0.0
2573,ens,2030,18,5,5,0.0
2574,ens,2030,18,6,6,0.0
2575,ens,2030,18,7,7,0.0
2576,ens,2030,18,8,8,0.0
2577,ens,2030,18,9,9,0.0
2578,ens,2030,18,10,10,0.0
2579,ens,2030,18,11,11,0.0
2580,ens,2030,18,12,12,0.0
2581,ens,2030,18,13,13,0.0
2582,ens,2030,18,14,14,0.0
2583,ens,2030,18,15,15,0.0
2584,ens,2030,18,16,16,0.0
2585,ens,2030,18,17,17,0.0
2586,ens,2030,18,18,18,0.0
2587,ens,2030,18,19,19,0.0
2588,ens,2030,18,20,20,0.0
2589,ens,2030,18,21,21,0.0
2590,ens,2030,18,22,22,0.0
2591,ens,2030,18,23,23,0.0
2592,ens,2030,18,24,24,0.0
2593,ens,2030,19,1,1,0.0
2594,ens,2030,19,2,2,0.0
2595,ens,2030,19,3,3,0.0
2596,ens,2030,19,4,4,0.0
2597,ens,2030,19,5,5,0.0
2598,ens,2030,19,6,6,0.0
2599,ens,2030,19,7,7,0.0
2600,ens,2030,19,8,8,0.0
2601,ens,2030,19,9,9,0.0
2602,ens,2030,19,10,10,0.0
2603,ens,2030,19,11,11,0.0
2604,ens,2030,19,12,12,0.0
2605,ens,2030,19,13,13,0.0
2606,ens,2030,19,14,14,0.0
2607,ens,2030,19,15,15,0.0
2608,ens,2030,19,16,16,0.0
2609,ens,2030,19,17,17,0.0
2610,ens,2030,19,18,18,0.0
2611,ens,2030,19,19,19,0.0
2612,ens,2030,19,20,20,0.0
2613,ens,2030,19,21,21,0.0
2614,ens,2030,19,22,22,0.0
2615,ens,2030,19,23,23,0.0
2616,ens,2030,19,24,24,0.0
2617,ens,2030,20,1,1,0.0
2618,ens,2030,20,2,2,0.0
2619,ens,2030,20,3,3,0.0
2620,ens,2030,20,4,4,0.0
2621,ens,2030,20,5,5,0.0
2622,ens,2030,20,6,6,0.0
2623,ens,2030,20,7,7,0.0
2624,ens,2030,20,8,8,0.0
2625,ens,2030,20,9,9,0.0
2626,ens,2030,20,10,10,0.0
2627,ens,2030,20,11,11,0.0
2628,ens,2030,20,12,12,0.0
2629,ens,2030,20,13,13,0.0
2630,ens,2030,20,14,14,0.0
2631,ens,2030,20,15,15,0.0
2632,ens,2030,20,16,16,0.0
2633,ens,2030,20,17,17,0.0
2634,ens,2030,20,18,18,0.0
2635,ens,2030,20,19,19,0.0
2636,ens,2030,20,20,20,0.0
2637,ens,2030,20,21,21,0.0
2638,ens,2030,20,22,22,0.0
2639,ens,2030,20,23,23,0.0
2640,ens,2030,20,24,24,0.0
2641,ens,2030,21,1,1,0.0
2642,ens,2030,21,2,2,0.0
2643,ens,2030,21,3,3,0.0
2644,ens,2030,21,4,4,0.0
2645,ens,2030,21,5,5,0.0
2646,ens,2030,21,6,6,0.0
2647,ens,2030,21,7,7,0.0
2648,ens,2030,21,8,8,0.0
2649,ens,2030,21,9,9,0.0
2650,ens,2030,21,10,10,0.0
2651,ens,2030,21,11,11,0.0
2652,ens,2030,21,12,12,0.0
2653,ens,2030,21,13,13,0.0
2654,ens,2030,21,14,14,0.0
2655,ens,2030,21,15,15,0.0
2656,ens,2030,21,16,16,0.0
2657,ens,2030,21,17,17,0.0
2658,ens,2030,21,18,18,0.0
2659,ens,2030,21,19,19,0.0
2660,ens,2030,21,20,20,0.0
2661,ens,2030,21,21,21,0.0
2662,ens,2030,21,22,22,0.0
2663,ens,2030,21,23,23,0.0
2664,ens,2030,21,24,24,0.0
2665,ens,2030,22,1,1,0.0
2666,ens,2030,22,2,2,0.0
2667,ens,2030,22,3,3,0.0
2668,ens,2030,22,4,4,0.0
2669,ens,2030,22,5,5,0.0
2670,ens,2030,22,6,6,0.0
2671,ens,2030,22,7,7,0.0
2672,ens,2030,22,8,8,0.0
2673,ens,2030,22,9,9,0.0
2674,ens,2030,22,10,10,0.0
2675,ens,2030,22,11,11,0.0
2676,ens,2030,22,12,12,0.0
2677,ens,2030,22,13,13,0.0
2678,ens,2030,22,14,14,0.0
2679,ens,2030,22,15,15,0.0
2680,ens,2030,22,16,16,0.0
2681,ens,2030,22,17,17,0.0
2682,ens,2030,22,18,18,0.0
2683,ens,2030,22,19,19,0.0
2684,ens,2030,22,20,20,0.0
2685,ens,2030,22,21,21,0.0
2686,ens,2030,22,22,22,0.0
2687,ens,2030,22,23,23,0.0
2688,ens,2030,22,24,24,0.0
2689,ens,2030,23,1,1,0.0
2690,ens,2030,23,2,2,0.0
2691,ens,2030,23,3,3,0.0
2692,ens,2030,23,4,4,0.0
2693,ens,2030,23,5,5,0.0
2694,ens,2030,23,6,6,0.0
2695,ens,2030,23,7,7,0.0
2696,ens,2030,23,8,8,0.0
2697,ens,2030,23,9,9,0.0
2698,ens,2030,23,10,10,0.0
2699,ens,2030,23,11,11,0.0
2700,ens,2030,23,12,12,0.0
2701,ens,2030,23,13,13,0.0
2702,ens,2030,23,14,14,0.0
2703,ens,2030,23,15,15,0.0
2704,ens,2030,23,16,16,0.0
2705,ens,2030,23,17,17,0.0
2706,ens,2030,23,18,18,0.0
2707,ens,2030,23,19,19,0.0
2708,ens,2030,23,20,20,0.0
2709,ens,2030,23,21,21,0.0
2710,ens,2030,23,22,22,0.0
2711,ens,2030,23,23,23,0.0
2712,ens,2030,23,24,24,0.0
2713,ens,2030,24,1,1,0.0
2714,ens,2030,24,2,2,0.0
2715,ens,2030,24,3,3,0.0
2716,ens,2030,24,4,4,0.0
2717,ens,2030,24,5,5,0.0
2718,ens,2030,24,6,6,0.0
2719,ens,2030,24,7,7,0.0
2720,ens,2030,24,8,8,0.0
2721,ens,2030,24,9,9,0.0
2722,ens,2030,24,10,10,0.0
2723,ens,2030,24,11,11,0.0
2724,ens,2030,24,12,12,0.0
2725,ens,2030,24,13,13,0.0
2726,ens,2030,24,14,14,0.0
2727,ens,2030,24,15,15,0.0
2728,ens,2030,24,16,16,0.0
2729,ens,2030,24,17,17,0.0
2730,ens,2030,24,18,18,0.0
2731,ens,2030,24,19,19,0.0
2732,ens,2030,24,20,20,0.0
2733,ens,2030,24,21,21,0.0
2734,ens,2030,24,22,22,0.0
2735,ens,2030,24,23,23,0.0
2736,ens,2030,24,24,24,0.0
2737,ens,2030,25,1,1,0.0
2738,ens,2030,25,2,2,0.0
2739,ens,2030,25,3,3,0.0
2740,ens,2030,25,4,4,0.0
2741,ens,2030,25,5,5,0.0
2742,ens,2030,25,6,6,0.0
2743,ens,2030,25,7,7,0.0
2744,ens,2030,25,8,8,0.0
2745,ens,2030,25,9,9,0.0
2746,ens,2030,25,10,10,0.0
2747,ens,2030,25,11,11,0.0
2748,ens,2030,25,12,12,0.0
2749,ens,2030,25,13,13,0.0
2750,ens,2030,25,14,14,0.0
2751,ens,2030,25,15,15,0.0
2752,ens,2030,25,16,16,0.0
2753,ens,2030,25,17,17,0.0
2754,ens,2030,25,18,18,0.0
2755,ens,2030,25,19,19,0.0
2756,ens,2030,25,20,20,0.0
2757,ens,2030,25,21,21,0.0
2758,ens,2030,25,22,22,0.0
2759,ens,2030,25,23,23,0.0
2760,ens,2030,25,24,24,0.0
2761,ens,2030,26,1,1,0.0
2762,ens,2030,26,2,2,0.0
2763,ens,2030,26,3,3,0.0
2764,ens,2030,26,4,4,0.0
2765,ens,2030,26,5,5,0.0
2766,ens,2030,26,6,6,0.0
2767,ens,2030,26,7,7,0.0
2768,ens,2030,26,8,8,0.0
2769,ens,2030,26,9,9,0.0
2770,ens,2030,26,10,10,0.0
2771,ens,2030,26,11,11,0.0
2772,ens,2030,26,12,12,0.0
2773,ens,2030,26,13,13,0.0
2774,ens,2030,26,14,14,0.0
2775,ens,2030,26,15,15,0.0
2776,ens,2030,26,16,16,0.0
2777,ens,2030,26,17,17,0.0
2778,ens,2030,26,18,18,0.0
2779,ens,2030,26,19,19,0.0
2780,ens,2030,26,20,20,0.0
2781,ens,2030,26,21,21,0.0
2782,ens,2030,26,22,22,0.0
2783,ens,2030,26,23,23,0.0
2784,ens,2030,26,24,24,0.0
2785,ens,2030,27,1,1,0.0
2786,ens,2030,27,2,2,0.0
2787,ens,2030,27,3,3,0.0
2788,ens,2030,27,4,4,0.0
2789,ens,2030,27,5,5,0.0
2790,ens,2030,27,6,6,0.0
2791,ens,2030,27,7,7,0.0
2792,ens,2030,27,8,8,0.0
2793,ens,2030,27,9,9,0.0
2794,ens,2030,27,10,10,0.0
2795,ens,2030,27,11,11,0.0
2796,ens,2030,27,12,12,0.0
2797,ens,2030,27,13,13,0.0
2798,ens,2030,27,14,14,0.0
2799,ens,2030,27,15,15,0.0
2800,ens,2030,27,16,16,0.0
2801,ens,2030,27,17,17,0.0
2802,ens,2030,27,18,18,0.0
2803,ens,2030,27,19,19,0.0
2804,ens,2030,27,20,20,0.0
2805,ens,2030,27,21,21,0.0
2806,ens,2030,27,22,22,0.0
2807,ens,2030,27,23,23,0.0
2808,ens,2030,27,24,24,0.0
2809,ens,2030,28,1,1,0.0
2810,ens,2030,28,2,2,0.0
2811,ens,2030,28,3,3,0.0
2812,ens,2030,28,4,4,0.0
2813,ens,2030,28,5,5,0.0
2814,ens,2030,28,6,6,0.0
2815,ens,2030,28,7,7,0.0
2816,ens,2030,28,8,8,0.0
2817,ens,2030,28,9,9,0.0
2818,ens,2030,28,10,10,0.0
2819,ens,2030,28,11,11,0.0
2820,ens,2030,28,12,12,0.0
2821,ens,2030,28,13,13,0.0
2822,ens,2030,28,14,14,0.0
2823,ens,2030,28,15,15,0.0
2824,ens,2030,28,16,16,0.0
2825,ens,2030,28,17,17,0.0
2826,ens,2030,28,18,18,0.0
2827,ens,2030,28,19,19,0.0
2828,ens,2030,28,20,20,0.0
2829,ens,2030,28,21,21,0.0
2830,ens,2030,28,22,22,0.0
2831,ens,2030,28,23,23,0.0
2832,ens,2030,28,24,24,0.0
2833,ens,2030,29,1,1,0.0
2834,ens,2030,29,2,2,0.0
2835,ens,2030,29,3,3,0.0
2836,ens,2030,29,4,4,0.0
2837,ens,2030,29,5,5,0.0
2838,ens,2030,29,6,6,0.0
2839,ens,2030,29,7,7,0.0
2840,ens,2030,29,8,8,0.0
2841,ens,2030,29,9,9,0.0
2842,ens,2030,29,10,10,0.0
2843,ens,2030,29,11,11,0.0
2844,ens,2030,29,12,12,0.0
2845,ens,2030,29,13,13,0.0
2846,ens,2030,29,14,14,0.0
2847,ens,2030,29,15,15,0.0
2848,ens,2030,29,16,16,0.0
2849,ens,2030,29,17,17,0.0
2850,ens,2030,29,18,18,0.0
2851,ens,2030,29,19,19,0.0
2852,ens,2030,29,20,20,0.0
2853,ens,2030,29,21,21,0.0
2854,ens,2030,29,22,22,0.0
2855,ens,2030,29,23,23,0.0
2856,ens,2030,29,24,24,0.0
2857,ens,2030,30,1,1,0.0
2858,ens,2030,30,2,2,0.0
2859,ens,2030,30,3,3,0.0
2860,ens,2030,30,4,4,0.0
2861,ens,2030,30,5,5,0.0
2862,ens,2030,30,6,6,0.0
2863,ens,2030,30,7,7,0.0
2864,ens,2030,30,8,8,0.0
2865,ens,2030,30,9,9,0.0
2866,ens,2030,30,10,10,0.0
2867,ens,2030,30,11,11,0.0
2868,ens,2030,30,12,12,0.0
2869,ens,2030,30,13,13,0.0
2870,ens,2030,30,14,14,0.0
2871,ens,2030,30,15,15,0.0
2872,ens,2030,30,16,16,0.0
2873,ens,2030,30,17,17,0.0
2874,ens,2030,30,18,18,0.0
2875,ens,2030,30,19,19,0.0
2876,ens,2030,30,20,20,0.0
2877,ens,2030,30,21,21,0.0
2878,ens,2030,30,22,22,0.0
2879,ens,2030,30,23,23,0.0
2880,ens,2030,30,24,24,0.0
2881,ens,2030,31,1,1,0.0
2882,ens,2030,31,2,2,0.0
2883,ens,2030,31,3,3,0.0
2884,ens,2030,31,4,4,0.0
2885,ens,2030,31,5,5,0.0
2886,ens,2030,31,6,6,0.0
2887,ens,2030,31,7,7,0.0
2888,ens,2030,31,8,8,0.0
2889,ens,2030,31,9,9,0.0
2890,ens,2030,31,10,10,0.0
2891,ens,2030,31,11,11,0.0
2892,ens,2030,31,12,12,0.0
2893,ens,2030,31,13,13,0.0
2894,ens,2030,31,14,14,0.0
2895,ens,2030,31,15,15,0.0
2896,ens,2030,31,16,16,0.0
2897,ens,2030,31,17,17,0.0
2898,ens,2030,31,18,18,0.0
2899,ens,2030,31,19,19,0.0
2900,ens,2030,31,20,20,0.0
2901,ens,2030,31,21,21,0.0
2902,ens,2030,31,22,22,0.0
2903,ens,2030,31,23,23,0.0
2904,ens,2030,31,24,24,0.0
2905,ens,2030,32,1,1,0.0
2906,ens,2030,32,2,2,0.0
2907,ens,2030,32,3,3,0.0
2908,ens,2030,32,4,4,0.0
2909,ens,2030,32,5,5,0.0
2910,ens,2030,32,6,6,0.0
2911,ens,2030,32,7,7,0.0
2912,ens,2030,32,8,8,0.0
2913,ens,2030,32,9,9,0.0
2914,ens,2030,32,10,10,0.0
2915,ens,2030,32,11,11,0.0
2916,ens,2030,32,12,12,0.0
2917,ens,2030,32,13,13,0.0
2918,ens,2030,32,14,14,0.0
2919,ens,2030,32,15,15,0.0
2920,ens,2030,32,16,16,0.0
2921,ens,2030,32,17,17,0.0
2922,ens,2030,32,18,18,0.0
2923,ens,2030,32,19,19,0.0
2924,ens,2030,32,20,20,0.0
2925,ens,2030,32,21,21,0.0
2926,ens,2030,32,22,22,0.0
2927,ens,2030,32,23,23,0.0
2928,ens,2030,32,24,24,0.0
2929,ens,2030,33,1,1,0.0
2930,ens,2030,33,2,2,0.0
2931,ens,2030,33,3,3,0.0
2932,ens,2030,33,4,4,0.0
2933,ens,2030,33,5,5,0.0
2934,ens,2030,33,6,6,0.0
2935,ens,2030,33,7,7,0.0
2936,ens,2030,33,8,8,0.0
2937,ens,2030,33,9,9,0.0
2938,ens,2030,33,10,10,0.0
2939,ens,2030,33,11,11,0.0
2940,ens,2030,33,12,12,0.0
2941,ens,2030,33,13,13,0.0
2942,ens,2030,33,14,14,0.0
2943,ens,2030,33,15,15,0.0
2944,ens,2030,33,16,16,0.0
2945,ens,2030,33,17,17,0.0
2946,ens,2030,33,18,18,0.0
2947,ens,2030,33,19,19,0.0
2948,ens,2030,33,20,20,0.0
2949,ens,2030,33,21,21,0.0
2950,ens,2030,33,22,22,0.0
2951,ens,2030,33,23,23,0.0
2952,ens,2030,33,24,24,0.0
2953,ens,2030,34,1,1,0.0
2954,ens,2030,34,2,2,0.0
2955,ens,2030,34,3,3,0.0
2956,ens,2030,34,4,4,0.0
2957,ens,2030,34,5,5,0.0
2958,ens,2030,34,6,6,0.0
2959,ens,2030,34,7,7,0.0
2960,ens,2030,34,8,8,0.0
2961,ens,2030,34,9,9,0.0
2962,ens,2030,34,10,10,0.0
2963,ens,2030,34,11,11,0.0
2964,ens,2030,34,12,12,0.0
2965,ens,2030,34,13,13,0.0
2966,ens,2030,34,14,14,0.0
2967,ens,2030,34,15,15,0.0
2968,ens,2030,34,16,16,0.0
2969,ens,2030,34,17,17,0.0
2970,ens,2030,34,18,18,0.0
2971,ens,2030,34,19,19,0.0
2972,ens,2030,34,20,20,0.0
2973,ens,2030,34,21,21,0.0
2974,ens,2030,34,22,22,0.0
2975,ens,2030,34,23,23,0.0
2976,ens,2030,34,24,24,0.0
2977,ens,2030,35,1,1,0.0
2978,ens,2030,35,2,2,0.0
2979,ens,2030,35,3,3,0.0
2980,ens,2030,35,4,4,0.0
2981,ens,2030,35,5,5,0.0
2982,ens,2030,35,6,6,0.0
2983,ens,2030,35,7,7,0.0
2984,ens,2030,35,8,8,0.0
2985,ens,2030,35,9,9,0.0
2986,ens,2030,35,10,10,0.0
2987,ens,2030,35,11,11,0.0
2988,ens,2030,35,12,12,0.0
2989,ens,2030,35,13,13,0.0
2990,ens,2030,35,14,14,0.0
2991,ens,2030,35,15,15,0.0
2992,ens,2030,35,16,16,0.0
2993,ens,2030,35,17,17,0.0
2994,ens,2030,35,18,18,0.0
2995,ens,2030,35,19,19,0.0
2996,ens,2030,35,20,20,0.0
2997,ens,2030,35,21,21,0.0
2998,ens,2030,35,22,22,0.0
2999,ens,2030,35,23,23,0.0
3000,ens,2030,35,24,24,0.0
3001,ens,2030,36,1,1,0.0
3002,ens,2030,36,2,2,0.0
3003,ens,2030,36,3,3,0.0
3004,ens,2030,36,4,4,0.0
3005,ens,2030,36,5,5,0.0
3006,ens,2030,36,6,6,0.0
3007,ens,2030,36,7,7,0.0
3008,ens,2030,36,8,8,0.0
3009,ens,2030,36,9,9,0.0
3010,ens,2030,36,10,10,0.0
3011,ens,2030,36,11,11,0.0
3012,ens,2030,36,12,12,0.0
3013,ens,2030,36,13,13,0.0
3014,ens,2030,36,14,14,0.0
3015,ens,2030,36,15,15,0.0
3016,ens,2030,36,16,16,0.0
3017,ens,2030,36,17,17,0.0
3018,ens,2030,36,18,18,0.0
3019,ens,2030,36,19,19,0.0
3020,ens,2030,36,20,20,0.0
3021,ens,2030,36,21,21,0.0
3022,ens,2030,36,22,22,0.0
3023,ens,2030,36,23,23,0.0
3024,ens,2030,36,24,24,0.0
3025,ens,2030,37,1,1,0.0
3026,ens,2030,37,2,2,0.0
3027,ens,2030,37,3,3,0.0
3028,ens,2030,37,4,4,0.0
3029,ens,2030,37,5,5,0.0
3030,ens,2030,37,6,6,0.0
3031,ens,2030,37,7,7,0.0
3032,ens,2030,37,8,8,0.0
3033,ens,2030,37,9,9,0.0
3034,ens,2030,37,10,10,0.0
3035,ens,2030,37,11,11,0.0
3036,ens,2030,37,12,12,0.0
3037,ens,2030,37,13,13,0.0
3038,ens,2030,37,14,14,0.0
3039,ens,2030,37,15,15,0.0
3040,ens,2030,37,16,16,0.0
3041,ens,2030,37,17,17,0.0
3042,ens,2030,37,18,18,0.0
3043,ens,2030,37,19,19,0.0
3044,ens,2030,37,20,20,0.0
3045,ens,2030,37,21,21,0.0
3046,ens,2030,37,22,22,0.0
3047,ens,2030,37,23,23,0.0
3048,ens,2030,37,24,24,0.0
3049,ens,2030,38,1,1,0.0
3050,ens,2030,38,2,2,0.0
3051,ens,2030,38,3,3,0.0
3052,ens,2030,38,4,4,0.0
3053,ens,2030,38,5,5,0.0
3054,ens,2030,38,6,6,0.0
3055,ens,2030,38,7,7,0.0
3056,ens,2030,38,8,8,0.0
3057,ens,2030,38,9,9,0.0
3058,ens,2030,38,10,10,0.0
3059,ens,2030,38,11,11,0.0
3060,ens,2030,38,12,12,0.0
3061,ens,2030,38,13,13,0.0
3062,ens,2030,38,14,14,0.0
3063,ens,2030,38,15,15,0.0
3064,ens,2030,38,16,16,0.0
3065,ens,2030,38,17,17,0.0
3066,ens,2030,38,18,18,0.0
3067,ens,2030,38,19,19,0.0
3068,ens,2030,38,20,20,0.0
3069,ens,2030,38,21,21,0.0
3070,ens,2030,38,22,22,0.0
3071,ens,2030,38,23,23,0.0
3072,ens,2030,38,24,24,0.0
3073,ens,2030,39,1,1,0.0
3074,ens,2030,39,2,2,0.0
3075,ens,2030,39,3,3,0.0
3076,ens,2030,39,4,4,0.0
3077,ens,2030,39,5,5,0.0
3078,ens,2030,39,6,6,0.0
3079,ens,2030,39,7,7,0.0
3080,ens,2030,39,8,8,0.0
3081,ens,2030,39,9,9,0.0
3082,ens,2030,39,10,10,0.0
3083,ens,2030,39,11,11,0.0
3084,ens,2030,39,12,12,0.0
3085,ens,2030,39,13,13,0.0
3086,ens,2030,39,14,14,0.0
3087,ens,2030,39,15,15,0.0
3088,ens,2030,39,16,16,0.0
3089,ens,2030,39,17,17,0.0
3090,ens,2030,39,18,18,0.0
3091,ens,2030,39,19,19,0.0
3092,ens,2030,39,20,20,0.0
3093,ens,2030,39,21,21,0.0
3094,ens,2030,39,22,22,0.0
3095,ens,2030,39,23,23,0.0
3096,ens,2030,39,24,24,0.0
3097,ens,2030,40,1,1,0.0
3098,ens,2030,40,2,2,0.0
3099,ens,2030,40,3,3,0.0
3100,ens,2030,40,4,4,0.0
3101,ens,2030,40,5,5,0.0
3102,ens,2030,40,6,6,0.0
3103,ens,2030,40,7,7,0.0
3104,ens,2030,40,8,8,0.0
3105,ens,2030,40,9,9,0.0
3106,ens,2030,40,10,10,0.0
3107,ens,2030,40,11,11,0.0
3108,ens,2030,40,12,12,0.0
3109,ens,2030,40,13,13,0.0
3110,ens,2030,40,14,14,0.0
3111,ens,2030,40,15,15,0.0
3112,ens,2030,40,16,16,0.0
3113,ens,2030,40,17,17,0.0
3114,ens,2030,40,18,18,0.0
3115,ens,2030,40,19,19,0.0
3116,ens,2030,40,20,20,0.0
3117,ens,2030,40,21,21,0.0
3118,ens,2030,40,22,22,0.0
3119,ens,2030,40,23,23,0.0
3120,ens,2030,40,24,24,0.0
3121,ens,2030,41,1,1,0.0
3122,ens,2030,41,2,2,0.0
3123,ens,2030,41,3,3,0.0
3124,ens,2030,41,4,4,0.0
3125,ens,2030,41,5,5,0.0
3126,ens,2030,41,6,6,0.0
3127,ens,2030,41,7,7,0.0
3128,ens,2030,41,8,8,0.0
3129,ens,2030,41,9,9,0.0
3130,ens,2030,41,10,10,0.0
3131,ens,2030,41,11,11,0.0
3132,ens,2030,41,12,12,0.0
3133,ens,2030,41,13,13,0.0
3134,ens,2030,41,14,14,0.0
3135,ens,2030,41,15,15,0.0
3136,ens,2030,41,16,16,0.0
3137,ens,2030,41,17,17,0.0
3138,ens,2030,41,18,18,0.0
3139,ens,2030,41,19,19,0.0
3140,ens,2030,41,20,20,0.0
3141,ens,2030,41,21,21,0.0
3142,ens,2030,41,22,22,0.0
3143,ens,2030,41,23,23,0.0
3144,ens,2030,41,24,24,0.0
3145,ens,2030,42,1,1,0.0
3146,ens,2030,42,2,2,0.0
3147,ens,2030,42,3,3,0.0
3148,ens,2030,42,4,4,0.0
3149,ens,2030,42,5,5,0.0
3150,ens,2030,42,6,6,0.0
3151,ens,2030,42,7,7,0.0
3152,ens,2030,42,8,8,0.0
3153,ens,2030,42,9,9,0.0
3154,ens,2030,42,10,10,0.0
3155,ens,2030,42,11,11,0.0
3156,ens,2030,42,12,12,0.0
3157,ens,2030,42,13,13,0.0
3158,ens,2030,42,14,14,0.0
3159,ens,2030,42,15,15,0.0
3160,ens,2030,42,16,16,0.0
3161,ens,2030,42,17,17,0.0
3162,ens,2030,42,18,18,0.0
3163,ens,2030,42,19,19,0.0
3164,ens,2030,42,20,20,0.0
3165,ens,2030,42,21,21,0.0
3166,ens,2030,42,22,22,0.0
3167,ens,2030,42,23,23,0.0
3168,ens,2030,42,24,24,0.0
3169,ens,2030,43,1,1,0.0
3170,ens,2030,43,2,2,0.0
3171,ens,2030,43,3,3,0.0
3172,ens,2030,43,4,4,0.0
3173,ens,2030,43,5,5,0.0
3174,ens,2030,43,6,6,0.0
3175,ens,2030,43,7,7,0.0
3176,ens,2030,43,8,8,0.0
3177,ens,2030,43,9,9,0.0
3178,ens,2030,43,10,10,0.0
3179,ens,2030,43,11,11,0.0
3180,ens,2030,43,12,12,0.0
3181,ens,2030,43,13,13,0.0
3182,ens,2030,43,14,14,0.0
3183,ens,2030,43,15,15,0.0
3184,ens,2030,43,16,16,0.0
3185,ens,2030,43,17,17,0.0
3186,ens,2030,43,18,18,0.0
3187,ens,2030,43,19,19,0.0
3188,ens,2030,43,20,20,0.0
3189,ens,2030,43,21,21,0.0
3190,ens,2030,43,22,22,0.0
3191,ens,2030,43,23,23,0.0
3192,ens,2030,43,24,24,0.0
3193,ens,2030,44,1,1,0.0
3194,ens,2030,44,2,2,0.0
3195,ens,2030,44,3,3,0.0
3196,ens,2030,44,4,4,0.0
3197,ens,2030,44,5,5,0.0
3198,ens,2030,44,6,6,0.0
3199,ens,2030,44,7,7,0.0
3200,ens,2030,44,8,8,0.0
3201,ens,2030,44,9,9,0.0
3202,ens,2030,44,10,10,0.0
3203,ens,2030,44,11,11,0.0
3204,ens,2030,44,12,12,0.0
3205,ens,2030,44,13,13,0.0
3206,ens,2030,44,14,14,0.0
3207,ens,2030,44,15,15,0.0
3208,ens,2030,44,16,16,0.0
3209,ens,2030,44,17,17,0.0
3210,ens,2030,44,18,18,0.0
3211,ens,2030,44,19,19,0.0
3212,ens,2030,44,20,20,0.0
3213,ens,2030,44,21,21,0.0
3214,ens,2030,44,22,22,0.0
3215,ens,2030,44,23,23,0.0
3216,ens,2030,44,24,24,0.0
3217,ens,2030,45,1,1,0.0
3218,ens,2030,45,2,2,0.0
3219,ens,2030,45,3,3,0.0
3220,ens,2030,45,4,4,0.0
3221,ens,2030,45,5,5,0.0
3222,ens,2030,45,6,6,0.0
3223,ens,2030,45,7,7,0.0
3224,ens,2030,45,8,8,0.0
3225,ens,2030,45,9,9,0.0
3226,ens,2030,45,10,10,0.0
3227,ens,2030,45,11,11,0.0
3228,ens,2030,45,12,12,0.0
3229,ens,2030,45,13,13,0.0
3230,ens,2030,45,14,14,0.0
3231,ens,2030,45,15,15,0.0
3232,ens,2030,45,16,16,0.0
3233,ens,2030,45,17,17,0.0
3234,ens,2030,45,18,18,0.0
3235,ens,2030,45,19,19,0.0
3236,ens,2030,45,20,20,0.0
3237,ens,2030,45,21,21,0.0
3238,ens,2030,45,22,22,0.0
3239,ens,2030,45,23,23,0.0
3240,ens,2030,45,24,24,0.0
3241,ens,2030,46,1,1,0.0
3242,ens,2030,46,2,2,0.0
3243,ens,2030,46,3,3,0.0
3244,ens,2030,46,4,4,0.0
3245,ens,2030,46,5,5,0.0
3246,ens,2030,46,6,6,0.0
3247,ens,2030,46,7,7,0.0
3248,ens,2030,46,8,8,0.0
3249,ens,2030,46,9,9,0.0
3250,ens,2030,46,10,10,0.0
3251,ens,2030,46,11,11,0.0
3252,ens,2030,46,12,12,0.0
3253,ens,2030,46,13,13,0.0
3254,ens,2030,46,14,14,0.0
3255,ens,2030,46,15,15,0.0
3256,ens,2030,46,16,16,0.0
3257,ens,2030,46,17,17,0.0
3258,ens,2030,46,18,18,0.0
3259,ens,2030,46,19,19,0.0
3260,ens,2030,46,20,20,0.0
3261,ens,2030,46,21,21,0.0
3262,ens,2030,46,22,22,0.0
3263,ens,2030,46,23,23,0.0
3264,ens,2030,46,24,24,0.0
3265,ens,2030,47,1,1,0.0
3266,ens,2030,47,2,2,0.0
3267,ens,2030,47,3,3,0.0
3268,ens,2030,47,4,4,0.0
3269,ens,2030,47,5,5,0.0
3270,ens,2030,47,6,6,0.0
3271,ens,2030,47,7,7,0.0
3272,ens,2030,47,8,8,0.0
3273,ens,2030,47,9,9,0.0
3274,ens,2030,47,10,10,0.0
3275,ens,2030,47,11,11,0.0
3276,ens,2030,47,12,12,0.0
3277,ens,2030,47,13,13,0.0
3278,ens,2030,47,14,14,0.0
3279,ens,2030,47,15,15,0.0
3280,ens,2030,47,16,16,0.0
3281,ens,2030,47,17,17,0.0
3282,ens,2030,47,18,18,0.0
3283,ens,2030,47,19,19,0.0
3284,ens,2030,47,20,20,0.0
3285,ens,2030,47,21,21,0.0
3286,ens,2030,47,22,22,0.0
3287,ens,2030,47,23,23,0.0
3288,ens,2030,47,24,24,0.0
3289,ens,2030,48,1,1,0.0
3290,ens,2030,48,2,2,0.0
3291,ens,2030,48,3,3,0.0
3292,ens,2030,48,4,4,0.0
3293,ens,2030,48,5,5,0.0
3294,ens,2030,48,6,6,0.0
3295,ens,2030,48,7,7,0.0
3296,ens,2030,48,8,8,0.0
3297,ens,2030,48,9,9,0.0
3298,ens,2030,48,10,10,0.0
3299,ens,2030,48,11,11,0.0
3300,ens,2030,48,12,12,0.0
3301,ens,2030,48,13,13,0.0
3302,ens,2030,48,14,14,0.0
3303,ens,2030,48,15,15,0.0
3304,ens,2030,48,16,16,0.0
3305,ens,2030,48,17,17,0.0
3306,ens,2030,48,18,18,0.0
3307,ens,2030,48,19,19,0.0
3308,ens,2030,48,20,20,0.0
3309,ens,2030,48,21,21,0.0
3310,ens,2030,48,22,22,0.0
3311,ens,2030,48,23,23,0.0
3312,ens,2030,48,24,24,0.0
3313,ens,2030,49,1,1,0.0
3314,ens,2030,49,2,2,0.0
3315,ens,2030,49,3,3,0.0
3316,ens,2030,49,4,4,0.0
3317,ens,2030,49,5,5,0.0
3318,ens,2030,49,6,6,0.0
3319,ens,2030,49,7,7,0.0
3320,ens,2030,49,8,8,0.0
3321,ens,2030,49,9,9,0.0
3322,ens,2030,49,10,10,0.0
3323,ens,2030,49,11,11,0.0
3324,ens,2030,49,12,12,0.0
3325,ens,2030,49,13,13,0.0
3326,ens,2030,49,14,14,0.0
3327,ens,2030,49,15,15,0.0
3328,ens,2030,49,16,16,0.0
3329,ens,2030,49,17,17,0.0
3330,ens,2030,49,18,18,0.0
3331,ens,2030,49,19,19,0.0
3332,ens,2030,49,20,20,0.0
3333,ens,2030,49,21,21,0.0
3334,ens,2030,49,22,22,0.0
3335,ens,2030,49,23,23,0.0
3336,ens,2030,49,24,24,0.0
3337,ens,2030,50,1,1,0.0
3338,ens,2030,50,2,2,0.0
3339,ens,2030,50,3,3,0.0
3340,ens,2030,50,4,4,0.0
3341,ens,2030,50,5,5,0.0
3342,ens,2030,50,6,6,0.0
3343,ens,2030,50,7,7,0.0
3344,ens,2030,50,8,8,0.0
3345,ens,2030,50,9,9,0.0
3346,ens,2030,50,10,10,0.0
3347,ens,2030,50,11,11,0.0
3348,ens,2030,50,12,12,0.0
3349,ens,2030,50,13,13,0.0
3350,ens,2030,50,14,14,0.0
3351,ens,2030,50,15,15,0.0
3352,ens,2030,50,16,16,0.0
3353,ens,2030,50,17,17,0.0
3354,ens,2030,50,18,18,0.0
3355,ens,2030,50,19,19,0.0
3356,ens,2030,50,20,20,0.0
3357,ens,2030,50,21,21,0.0
3358,ens,2030,50,22,22,0.0
3359,ens,2030,50,23,23,0.0
3360,ens,2030,50,24,24,0.0
3361,ens,2030,51,1,1,0.0
3362,ens,2030,51,2,2,0.0
3363,ens,2030,51,3,3,0.0
3364,ens,2030,51,4,4,0.0
3365,ens,2030,51,5,5,0.0
3366,ens,2030,51,6,6,0.0
3367,ens,2030,51,7,7,0.0
3368,ens,2030,51,8,8,0.0
3369,ens,2030,51,9,9,0.0
3370,ens,2030,51,10,10,0.0
3371,ens,2030,51,11,11,0.0
3372,ens,2030,51,12,12,0.0
3373,ens,2030,51,13,13,0.0
3374,ens,2030,51,14,14,0.0
3375,ens,2030,51,15,15,0.0
3376,ens,2030,51,16,16,0.0
3377,ens,2030,51,17,17,0.0
3378,ens,2030,51,18,18,0.0
3379,ens,2030,51,19,19,0.0
3380,ens,2030,51,20,20,0.0
3381,ens,2030,51,21,21,0.0
3382,ens,2030,51,22,22,0.0
3383,ens,2030,51,23,23,0.0
3384,ens,2030,51,24,24,0.0
3385,ens,2030,52,1,1,0.0
3386,ens,2030,52,2,2,0.0
3387,ens,2030,52,3,3,0.0
3388,ens,2030,52,4,4,0.0
3389,ens,2030,52,5,5,0.0
3390,ens,2030,52,6,6,0.0
3391,ens,2030,52,7,7,0.0
3392,ens,2030,52,8,8,0.0
3393,ens,2030,52,9,9,0.0
3394,ens,2030,52,10,10,0.0
3395,ens,2030,52,11,11,0.0
3396,ens,2030,52,12,12,0.0
3397,ens,2030,52,13,13,0.0
3398,ens,2030,52,14,14,0.0
3399,ens,2030,52,15,15,0.0
3400,ens,2030,52,16,16,0.0
3401,ens,2030,52,17,17,0.0
3402,ens,2030,52,18,18,0.0
3403,ens,2030,52,19,19,0.0
3404,ens,2030,52,20,20,0.0
3405,ens,2030,52,21,21,0.0
3406,ens,2030,52,22,22,0.0
3407,ens,2030,52,23,23,0.0
3408,ens,2030,52,24,24,0.0
3409,ens,2030,53,1,1,0.0
3410,ens,2030,53,2,2,0.0
3411,ens,2030,53,3,3,0.0
3412,ens,2030,53,4,4,0.0
3413,ens,2030,53,5,5,0.0
3414,ens,2030,53,6,6,0.0
3415,ens,2030,53,7,7,0.0
3416,ens,2030,53,8,8,0.0
3417,ens,2030,53,9,9,0.0
3418,ens,2030,53,10,10,0.0
3419,ens,2030,53,11,11,0.0
3420,ens,2030,53,12,12,0.0
3421,ens,2030,53,13,13,0.0
3422,ens,2030,53,14,14,0.0
3423,ens,2030,53,15,15,0.0
3424,ens,2030,53,16,16,0.0
3425,ens,2030,53,17,17,0.0
3426,ens,2030,53,18,18,0.0
3427,ens,2030,53,19,19,0.0
3428,ens,2030,53,20,20,0.0
3429,ens,2030,53,21,21,0.0
3430,ens,2030,53,22,22,0.0
3431,ens,2030,53,23,23,0.0
3432,ens,2030,53,24,24,0.0
3433,ens,2030,54,1,1,0.0
3434,ens,2030,54,2,2,0.0
3435,ens,2030,54,3,3,0.0
3436,ens,2030,54,4,4,0.0
3437,ens,2030,54,5,5,0.0
3438,ens,2030,54,6,6,0.0
3439,ens,2030,54,7,7,0.0
3440,ens,2030,54,8,8,0.0
3441,ens,2030,54,9,9,0.0
3442,ens,2030,54,10,10,0.0
3443,ens,2030,54,11,11,0.0
3444,ens,2030,54,12,12,0.0
3445,ens,2030,54,13,13,0.0
3446,ens,2030,54,14,14,0.0
3447,ens,2030,54,15,15,0.0
3448,ens,2030,54,16,16,0.0
3449,ens,2030,54,17,17,0.0
3450,ens,2030,54,18,18,0.0
3451,ens,2030,54,19,19,0.0
3452,ens,2030,54,20,20,0.0
3453,ens,2030,54,21,21,0.0
3454,ens,2030,54,22,22,0.0
3455,ens,2030,54,23,23,0.0
3456,ens,2030,54,24,24,0.0
3457,ens,2030,55,1,1,0.0
3458,ens,2030,55,2,2,0.0
3459,ens,2030,55,3,3,0.0
3460,ens,2030,55,4,4,0.0
3461,ens,2030,55,5,5,0.0
3462,ens,2030,55,6,6,0.0
3463,ens,2030,55,7,7,0.0
3464,ens,2030,55,8,8,0.0
3465,ens,2030,55,9,9,0.0
3466,ens,2030,55,10,10,0.0
3467,ens,2030,55,11,11,0.0
3468,ens,2030,55,12,12,0.0
3469,ens,2030,55,13,13,0.0
3470,ens,2030,55,14,14,0.0
3471,ens,2030,55,15,15,0.0
3472,ens,2030,55,16,16,0.0
3473,ens,2030,55,17,17,0.0
3474,ens,2030,55,18,18,0.0
3475,ens,2030,55,19,19,0.0
3476,ens,2030,55,20,20,0.0
3477,ens,2030,55,21,21,0.0
3478,ens,2030,55,22,22,0.0
3479,ens,2030,55,23,23,0.0
3480,ens,2030,55,24,24,0.0
3481,ens,2030,56,1,1,0.0
3482,ens,2030,56,2,2,0.0
3483,ens,2030,56,3,3,0.0
3484,ens,2030,56,4,4,0.0
3485,ens,2030,56,5,5,0.0
3486,ens,2030,56,6,6,0.0
3487,ens,2030,56,7,7,0.0
3488,ens,2030,56,8,8,0.0
3489,ens,2030,56,9,9,0.0
3490,ens,2030,56,10,10,0.0
3491,ens,2030,56,11,11,0.0
3492,ens,2030,56,12,12,0.0
3493,ens,2030,56,13,13,0.0
3494,ens,2030,56,14,14,0.0
3495,ens,2030,56,15,15,0.0
3496,ens,2030,56,16,16,0.0
3497,ens,2030,56,17,17,0.0
3498,ens,2030,56,18,18,0.0
3499,ens,2030,56,19,19,0.0
3500,ens,2030,56,20,20,0.0
3501,ens,2030,56,21,21,0.0
3502,ens,2030,56,22,22,0.0
3503,ens,2030,56,23,23,0.0
3504,ens,2030,56,24,24,0.0
3505,ens,2030,57,1,1,0.0
3506,ens,2030,57,2,2,0.0
3507,ens,2030,57,3,3,0.0
3508,ens,2030,57,4,4,0.0
3509,ens,2030,57,5,5,0.0
3510,ens,2030,57,6,6,0.0
3511,ens,2030,57,7,7,0.0
3512,ens,2030,57,8,8,0.0
3513,ens,2030,57,9,9,0.0
3514,ens,2030,57,10,10,0.0
3515,ens,2030,57,11,11,0.0
3516,ens,2030,57,12,12,0.0
3517,ens,2030,57,13,13,0.0
3518,ens,2030,57,14,14,0.0
3519,ens,2030,57,15,15,0.0
3520,ens,2030,57,16,16,0.0
3521,ens,2030,57,17,17,0.0
3522,ens,2030,57,18,18,0.0
3523,ens,2030,57,19,19,0.0
3524,ens,2030,57,20,20,0.0
3525,ens,2030,57,21,21,0.0
3526,ens,2030,57,22,22,0.0
3527,ens,2030,57,23,23,0.0
3528,ens,2030,57,24,24,0.0
3529,ens,2030,58,1,1,0.0
3530,ens,2030,58,2,2,0.0
3531,ens,2030,58,3,3,0.0
3532,ens,2030,58,4,4,0.0
3533,ens,2030,58,5,5,0.0
3534,ens,2030,58,6,6,0.0
3535,ens,2030,58,7,7,0.0
3536,ens,2030,58,8,8,0.0
3537,ens,2030,58,9,9,0.0
3538,ens,2030,58,10,10,0.0
3539,ens,2030,58,11,11,0.0
3540,ens,2030,58,12,12,0.0
3541,ens,2030,58,13,13,0.0
3542,ens,2030,58,14,14,0.0
3543,ens,2030,58,15,15,0.0
3544,ens,2030,58,16,16,0.0
3545,ens,2030,58,17,17,0.0
3546,ens,2030,58,18,18,0.0
3547,ens,2030,58,19,19,0.0
3548,ens,2030,58,20,20,0.0
3549,ens,2030,58,21,21,0.0
3550,ens,2030,58,22,22,0.0
3551,ens,2030,58,23,23,0.0
3552,ens,2030,58,24,24,0.0
3553,ens,2030,59,1,1,0.0
3554,ens,2030,59,2,2,0.0
3555,ens,2030,59,3,3,0.0
3556,ens,2030,59,4,4,0.0
3557,ens,2030,59,5,5,0.0
3558,ens,2030,59,6,6,0.0
3559,ens,2030,59,7,7,0.0
3560,ens,2030,59,8,8,0.0
3561,ens,2030,59,9,9,0.0
3562,ens,2030,59,10,10,0.0
3563,ens,2030,59,11,11,0.0
3564,ens,2030,59,12,12,0.0
3565,ens,2030,59,13,13,0.0
3566,ens,2030,59,14,14,0.0
3567,ens,2030,59,15,15,0.0
3568,ens,2030,59,16,16,0.0
3569,ens,2030,59,17,17,0.0
3570,ens,2030,59,18,18,0.0
3571,ens,2030,59,19,19,0.0
3572,ens,2030,59,20,20,0.0
3573,ens,2030,59,21,21,0.0
3574,ens,2030,59,22,22,0.0
3575,ens,2030,59,23,23,0.0
3576,ens,2030,59,24,24,0.0
3577,ens,2030,60,1,1,0.0
3578,ens,2030,60,2,2,0.0
3579,ens,2030,60,3,3,0.0
3580,ens,2030,60,4,4,0.0
3581,ens,2030,60,5,5,0.0
3582,ens,2030,60,6,6,0.0
3583,ens,2030,60,7,7,0.0
3584,ens,2030,60,8,8,0.0
3585,ens,2030,60,9,9,0.0
3586,ens,2030,60,10,10,0.0
3587,ens,2030,60,11,11,0.0
3588,ens,2030,60,12,12,0.0
3589,ens,2030,60,13,13,0.0
3590,ens,2030,60,14,14,0.0
3591,ens,2030,60,15,15,0.0
3592,ens,2030,60,16,16,0.0
3593,ens,2030,60,17,17,0.0
3594,ens,2030,60,18,18,0.0
3595,ens,2030,60,19,19,0.0
3596,ens,2030,60,20,20,0.0
3597,ens,2030,60,21,21,0.0
3598,ens,2030,60,22,22,0.0
3599,ens,2030,60,23,23,0.0
3600,ens,2030,60,24,24,0.0
3601,ens,2030,61,1,1,0.0
3602,ens,2030,61,2,2,0.0
3603,ens,2030,61,3,3,0.0
3604,ens,2030,61,4,4,0.0
3605,ens,2030,61,5,5,0.0
3606,ens,2030,61,6,6,0.0
3607,ens,2030,61,7,7,0.0
3608,ens,2030,61,8,8,0.0
3609,ens,2030,61,9,9,0.0
3610,ens,2030,61,10,10,0.0
3611,ens,2030,61,11,11,0.0
3612,ens,2030,61,12,12,0.0
3613,ens,2030,61,13,13,0.0
3614,ens,2030,61,14,14,0.0
3615,ens,2030,61,15,15,0.0
3616,ens,2030,61,16,16,0.0
3617,ens,2030,61,17,17,0.0
3618,ens,2030,61,18,18,0.0
3619,ens,2030,61,19,19,0.0
3620,ens,2030,61,20,20,0.0
3621,ens,2030,61,21,21,0.0
3622,ens,2030,61,22,22,0.0
3623,ens,2030,61,23,23,0.0
3624,ens,2030,61,24,24,0.0
3625,ens,2030,62,1,1,0.0
3626,ens,2030,62,2,2,0.0
3627,ens,2030,62,3,3,0.0
3628,ens,2030,62,4,4,0.0
3629,ens,2030,62,5,5,0.0
3630,ens,2030,62,6,6,0.0
3631,ens,2030,62,7,7,0.0
3632,ens,2030,62,8,8,0.0
3633,ens,2030,62,9,9,0.0
3634,ens,2030,62,10,10,0.0
3635,ens,2030,62,11,11,0.0
3636,ens,2030,62,12,12,0.0
3637,ens,2030,62,13,13,0.0
3638,ens,2030,62,14,14,0.0
3639,ens,2030,62,15,15,0.0
3640,ens,2030,62,16,16,0.0
3641,ens,2030,62,17,17,0.0
3642,ens,2030,62,18,18,0.0
3643,ens,2030,62,19,19,0.0
3644,ens,2030,62,20,20,0.0
3645,ens,2030,62,21,21,0.0
3646,ens,2030,62,22,22,0.0
3647,ens,2030,62,23,23,0.0
3648,ens,2030,62,24,24,0.0
3649,ens,2030,63,1,1,0.0
3650,ens,2030,63,2,2,0.0
3651,ens,2030,63,3,3,0.0
3652,ens,2030,63,4,4,0.0
3653,ens,2030,63,5,5,0.0
3654,ens,2030,63,6,6,0.0
3655,ens,2030,63,7,7,0.0
3656,ens,2030,63,8,8,0.0
3657,ens,2030,63,9,9,0.0
3658,ens,2030,63,10,10,0.0
3659,ens,2030,63,11,11,0.0
3660,ens,2030,63,12,12,0.0
3661,ens,2030,63,13,13,0.0
3662,ens,2030,63,14,14,0.0
3663,ens,2030,63,15,15,0.0
3664,ens,2030,63,16,16,0.0
3665,ens,2030,63,17,17,0.0
3666,ens,2030,63,18,18,0.0
3667,ens,2030,63,19,19,0.0
3668,ens,2030,63,20,20,0.0
3669,ens,2030,63,21,21,0.0
3670,ens,2030,63,22,22,0.0
3671,ens,2030,63,23,23,0.0
3672,ens,2030,63,24,24,0.0
3673,ens,2030,64,1,1,0.0
3674,ens,2030,64,2,2,0.0
3675,ens,2030,64,3,3,0.0
3676,ens,2030,64,4,4,0.0
3677,ens,2030,64,5,5,0.0
3678,ens,2030,64,6,6,0.0
3679,ens,2030,64,7,7,0.0
3680,ens,2030,64,8,8,0.0
3681,ens,2030,64,9,9,0.0
3682,ens,2030,64,10,10,0.0
3683,ens,2030,64,11,11,0.0
3684,ens,2030,64,12,12,0.0
3685,ens,2030,64,13,13,0.0
3686,ens,2030,64,14,14,0.0
3687,ens,2030,64,15,15,0.0
3688,ens,2030,64,16,16,0.0
3689,ens,2030,64,17,17,0.0
3690,ens,2030,64,18,18,0.0
3691,ens,2030,64,19,19,0.0
3692,ens,2030,64,20,20,0.0
3693,ens,2030,64,21,21,0.0
3694,ens,2030,64,22,22,0.0
3695,ens,2030,64,23,23,0.0
3696,ens,2030,64,24,24,0.0
3697,ens,2030,65,1,1,0.0
3698,ens,2030,65,2,2,0.0
3699,ens,2030,65,3,3,0.0
3700,ens,2030,65,4,4,0.0
3701,ens,2030,65,5,5,0.0
3702,ens,2030,65,6,6,0.0
3703,ens,2030,65,7,7,0.0
3704,ens,2030,65,8,8,0.0
3705,ens,2030,65,9,9,0.0
3706,ens,2030,65,10,10,0.0
3707,ens,2030,65,11,11,0.0
3708,ens,2030,65,12,12,0.0
3709,ens,2030,65,13,13,0.0
3710,ens,2030,65,14,14,0.0
3711,ens,2030,65,15,15,0.0
3712,ens,2030,65,16,16,0.0
3713,ens,2030,65,17,17,0.0
3714,ens,2030,65,18,18,0.0
3715,ens,2030,65,19,19,0.0
3716,ens,2030,65,20,20,0.0
3717,ens,2030,65,21,21,0.0
3718,ens,2030,65,22,22,0.0
3719,ens,2030,65,23,23,0.0
3720,ens,2030,65,24,24,0.0
3721,ens,2030,66,1,1,0.0
3722,ens,2030,66,2,2,0.0
3723,ens,2030,66,3,3,0.0
3724,ens,2030,66,4,4,0.0
3725,ens,2030,66,5,5,0.0
3726,ens,2030,66,6,6,0.0
3727,ens,2030,66,7,7,0.0
3728,ens,2030,66,8,8,0.0
3729,ens,2030,66,9,9,0.0
3730,ens,2030,66,10,10,0.0
3731,ens,2030,66,11,11,0.0
3732,ens,2030,66,12,12,0.0
3733,ens,2030,66,13,13,0.0
3734,ens,2030,66,14,14,0.0
3735,ens,2030,66,15,15,0.0
3736,ens,2030,66,16,16,0.0
3737,ens,2030,66,17,17,0.0
3738,ens,2030,66,18,18,0.0
3739,ens,2030,66,19,19,0.0
3740,ens,2030,66,20,20,0.0
3741,ens,2030,66,21,21,0.0
3742,ens,2030,66,22,22,0.0
3743,ens,2030,66,23,23,0.0
3744,ens,2030,66,24,24,0.0
3745,ens,2030,67,1,1,0.0
3746,ens,2030,67,2,2,0.0
3747,ens,2030,67,3,3,0.0
3748,ens,2030,67,4,4,0.0
3749,ens,2030,67,5,5,0.0
3750,ens,2030,67,6,6,0.0
3751,ens,2030,67,7,7,0.0
3752,ens,2030,67,8,8,0.0
3753,ens,2030,67,9,9,0.0
3754,ens,2030,67,10,10,0.0
3755,ens,2030,67,11,11,0.0
3756,ens,2030,67,12,12,0.0
3757,ens,2030,67,13,13,0.0
3758,ens,2030,67,14,14,0.0
3759,ens,2030,67,15,15,0.0
3760,ens,2030,67,16,16,0.0
3761,ens,2030,67,17,17,0.0
3762,ens,2030,67,18,18,0.0
3763,ens,2030,67,19,19,0.0
3764,ens,2030,67,20,20,0.0
3765,ens,2030,67,21,21,0.0
3766,ens,2030,67,22,22,0.0
3767,ens,2030,67,23,23,0.0
3768,ens,2030,67,24,24,0.0
3769,ens,2030,68,1,1,0.0
3770,ens,2030,68,2,2,0.0
3771,ens,2030,68,3,3,0.0
3772,ens,2030,68,4,4,0.0
3773,ens,2030,68,5,5,0.0
3774,ens,2030,68,6,6,0.0
3775,ens,2030,68,7,7,0.0
3776,ens,2030,68,8,8,0.0
3777,ens,2030,68,9,9,0.0
3778,ens,2030,68,10,10,0.0
3779,ens,2030,68,11,11,0.0
3780,ens,2030,68,12,12,0.0
3781,ens,2030,68,13,13,0.0
3782,ens,2030,68,14,14,0.0
3783,ens,2030,68,15,15,0.0
3784,ens,2030,68,16,16,0.0
3785,ens,2030,68,17,17,0.0
3786,ens,2030,68,18,18,0.0
3787,ens,2030,68,19,19,0.0
3788,ens,2030,68,20,20,0.0
3789,ens,2030,68,21,21,0.0
3790,ens,2030,68,22,22,0.0
3791,ens,2030,68,23,23,0.0
3792,ens,2030,68,24,24,0.0
3793,ens,2030,69,1,1,0.0
3794,ens,2030,69,2,2,0.0
3795,ens,2030,69,3,3,0.0
3796,ens,2030,69,4,4,0.0
3797,ens,2030,69,5,5,0.0
3798,ens,2030,69,6,6,0.0
3799,ens,2030,69,7,7,0.0
3800,ens,2030,69,8,8,0.0
3801,ens,2030,69,9,9,0.0
3802,ens,2030,69,10,10,0.0
3803,ens,2030,69,11,11,0.0
3804,ens,2030,69,12,12,0.0
3805,ens,2030,69,13,13,0.0
3806,ens,2030,69,14,14,0.0
3807,ens,2030,69,15,15,0.0
3808,ens,2030,69,16,16,0.0
3809,ens,2030,69,17,17,0.0
3810,ens,2030,69,18,18,0.0
3811,ens,2030,69,19,19,0.0
3812,ens,2030,69,20,20,0.0
3813,ens,2030,69,21,21,0.0
3814,ens,2030,69,22,22,0.0
3815,ens,2030,69,23,23,0.0
3816,ens,2030,69,24,24,0.0
3817,ens,2030,70,1,1,0.0
3818,ens,2030,70,2,2,0.0
3819,ens,2030,70,3,3,0.0
3820,ens,2030,70,4,4,0.0
3821,ens,2030,70,5,5,0.0
3822,ens,2030,70,6,6,0.0
3823,ens,2030,70,7,7,0.0
3824,ens,2030,70,8,8,0.0
3825,ens,2030,70,9,9,0.0
3826,ens,2030,70,10,10,0.0
3827,ens,2030,70,11,11,0.0
3828,ens,2030,70,12,12,0.0
3829,ens,2030,70,13,13,0.0
3830,ens,2030,70,14,14,0.0
3831,ens,2030,70,15,15,0.0
3832,ens,2030,70,16,16,0.0
3833,ens,2030,70,17,17,0.0
3834,ens,2030,70,18,18,0.0
3835,ens,2030,70,19,19,0.0
3836,ens,2030,70,20,20,0.0
3837,ens,2030,70,21,21,0.0
3838,ens,2030,70,22,22,0.0
3839,ens,2030,70,23,23,0.0
3840,ens,2030,70,24,24,0.0
3841,ens,2030,71,1,1,0.0
3842,ens,2030,71,2,2,0.0
3843,ens,2030,71,3,3,0.0
3844,ens,2030,71,4,4,0.0
3845,ens,2030,71,5,5,0.0
3846,ens,2030,71,6,6,0.0
3847,ens,2030,71,7,7,0.0
3848,ens,2030,71,8,8,0.0
3849,ens,2030,71,9,9,0.0
3850,ens,2030,71,10,10,0.0
3851,ens,2030,71,11,11,0.0
3852,ens,2030,71,12,12,0.0
3853,ens,2030,71,13,13,0.0
3854,ens,2030,71,14,14,0.0
3855,ens,2030,71,15,15,0.0
3856,ens,2030,71,16,16,0.0
3857,ens,2030,71,17,17,0.0
3858,ens,2030,71,18,18,0.0
3859,ens,2030,71,19,19,0.0
3860,ens,2030,71,20,20,0.0
3861,ens,2030,71,21,21,0.0
3862,ens,2030,71,22,22,0.0
3863,ens,2030,71,23,23,0.0
3864,ens,2030,71,24,24,0.0
3865,ens,2030,72,1,1,0.0
3866,ens,2030,72,2,2,0.0
3867,ens,2030,72,3,3,0.0
3868,ens,2030,72,4,4,0.0
3869,ens,2030,72,5,5,0.0
3870,ens,2030,72,6,6,0.0
3871,ens,2030,72,7,7,0.0
3872,ens,2030,72,8,8,0.0
3873,ens,2030,72,9,9,0.0
3874,ens,2030,72,10,10,0.0
3875,ens,2030,72,11,11,0.0
3876,ens,2030,72,12,12,0.0
3877,ens,2030,72,13,13,0.0
3878,ens,2030,72,14,14,0.0
3879,ens,2030,72,15,15,0.0
3880,ens,2030,72,16,16,0.0
3881,ens,2030,72,17,17,0.0
3882,ens,2030,72,18,18,0.0
3883,ens,2030,72,19,19,0.0
3884,ens,2030,72,20,20,0.0
3885,ens,2030,72,21,21,0.0
3886,ens,2030,72,22,22,0.0
3887,ens,2030,72,23,23,0.0
3888,ens,2030,72,24,24,0.0
3889,ens,2030,73,1,1,0.0
3890,ens,2030,73,2,2,0.0
3891,ens,2030,73,3,3,0.0
3892,ens,2030,73,4,4,0.0
3893,ens,2030,73,5,5,0.0
3894,ens,2030,73,6,6,0.0
3895,ens,2030,73,7,7,0.0
3896,ens,2030,73,8,8,0.0
3897,ens,2030,73,9,9,0.0
3898,ens,2030,73,10,10,0.0
3899,ens,2030,73,11,11,0.0
3900,ens,2030,73,12,12,0.0
3901,ens,2030,73,13,13,0.0
3902,ens,2030,73,14,14,0.0
3903,ens,2030,73,15,15,0.0
3904,ens,2030,73,16,16,0.0
3905,ens,2030,73,17,17,0.0
3906,ens,2030,73,18,18,0.0
3907,ens,2030,73,19,19,0.0
3908,ens,2030,73,20,20,0.0
3909,ens,2030,73,21,21,0.0
3910,ens,2030,73,22,22,0.0
3911,ens,2030,73,23,23,0.0
3912,ens,2030,73,24,24,0.0
3913,ens,2030,74,1,1,0.0
3914,ens,2030,74,2,2,0.0
3915,ens,2030,74,3,3,0.0
3916,ens,2030,74,4,4,0.0
3917,ens,2030,74,5,5,0.0
3918,ens,2030,74,6,6,0.0
3919,ens,2030,74,7,7,0.0
3920,ens,2030,74,8,8,0.0
3921,ens,2030,74,9,9,0.0
3922,ens,2030,74,10,10,0.0
3923,ens,2030,74,11,11,0.0
3924,ens,2030,74,12,12,0.0
3925,ens,2030,74,13,13,0.0
3926,ens,2030,74,14,14,0.0
3927,ens,2030,74,15,15,0.0
3928,ens,2030,74,16,16,0.0
3929,ens,2030,74,17,17,0.0
3930,ens,2030,74,18,18,0.0
3931,ens,2030,74,19,19,0.0
3932,ens,2030,74,20,20,0.0
3933,ens,2030,74,21,21,0.0
3934,ens,2030,74,22,22,0.0
3935,ens,2030,74,23,23,0.0
3936,ens,2030,74,24,24,0.0
3937,ens,2030,75,1,1,0.0
3938,ens,2030,75,2,2,0.0
3939,ens,2030,75,3,3,0.0
3940,ens,2030,75,4,4,0.0
3941,ens,2030,75,5,5,0.0
3942,ens,2030,75,6,6,0.0
3943,ens,2030,75,7,7,0.0
3944,ens,2030,75,8,8,0.0
3945,ens,2030,75,9,9,0.0
3946,ens,2030,75,10,10,0.0
3947,ens,2030,75,11,11,0.0
3948,ens,2030,75,12,12,0.0
3949,ens,2030,75,13,13,0.0
3950,ens,2030,75,14,14,0.0
3951,ens,2030,75,15,15,0.0
3952,ens,2030,75,16,16,0.0
3953,ens,2030,75,17,17,0.0
3954,ens,2030,75,18,18,0.0
3955,ens,2030,75,19,19,0.0
3956,ens,2030,75,20,20,0.0
3957,ens,2030,75,21,21,0.0
3958,ens,2030,75,22,22,0.0
3959,ens,2030,75,23,23,0.0
3960,ens,2030,75,24,24,0.0
3961,ens,2030,76,1,1,0.0
3962,ens,2030,76,2,2,0.0
3963,ens,2030,76,3,3,0.0
3964,ens,2030,76,4,4,0.0
3965,ens,2030,76,5,5,0.0
3966,ens,2030,76,6,6,0.0
3967,ens,2030,76,7,7,0.0
3968,ens,2030,76,8,8,0.0
3969,ens,2030,76,9,9,0.0
3970,ens,2030,76,10,10,0.0
3971,ens,2030,76,11,11,0.0
3972,ens,2030,76,12,12,0.0
3973,ens,2030,76,13,13,0.0
3974,ens,2030,76,14,14,0.0
3975,ens,2030,76,15,15,0.0
3976,ens,2030,76,16,16,0.0
3977,ens,2030,76,17,17,0.0
3978,ens,2030,76,18,18,0.0
3979,ens,2030,76,19,19,0.0
3980,ens,2030,76,20,20,0.0
3981,ens,2030,76,21,21,0.0
3982,ens,2030,76,22,22,0.0
3983,ens,2030,76,23,23,0.0
3984,ens,2030,76,24,24,0.0
3985,ens,2030,77,1,1,0.0
3986,ens,2030,77,2,2,0.0
3987,ens,2030,77,3,3,0.0
3988,ens,2030,77,4,4,0.0
3989,ens,2030,77,5,5,0.0
3990,ens,2030,77,6,6,0.0
3991,ens,2030,77,7,7,0.0
3992,ens,2030,77,8,8,0.0
3993,ens,2030,77,9,9,0.0
3994,ens,2030,77,10,10,0.0
3995,ens,2030,77,11,11,0.0
3996,ens,2030,77,12,12,0.0
3997,ens,2030,77,13,13,0.0
3998,ens,2030,77,14,14,0.0
3999,ens,2030,77,15,15,0.0
4000,ens,2030,77,16,16,0.0
4001,ens,2030,77,17,17,0.0
4002,ens,2030,77,18,18,0.0
4003,ens,2030,77,19,19,0.0
4004,ens,2030,77,20,20,0.0
4005,ens,2030,77,21,21,0.0
4006,ens,2030,77,22,22,0.0
4007,ens,2030,77,23,23,0.0
4008,ens,2030,77,24,24,0.0
4009,ens,2030,78,1,1,0.0
4010,ens,2030,78,2,2,0.0
4011,ens,2030,78,3,3,0.0
4012,ens,2030,78,4,4,0.0
4013,ens,2030,78,5,5,0.0
4014,ens,2030,78,6,6,0.0
4015,ens,2030,78,7,7,0.0
4016,ens,2030,78,8,8,0.0
4017,ens,2030,78,9,9,0.0
4018,ens,2030,78,10,10,0.0
4019,ens,2030,78,11,11,0.0
4020,ens,2030,78,12,12,0.0
4021,ens,2030,78,13,13,0.0
4022,ens,2030,78,14,14,0.0
4023,ens,2030,78,15,15,0.0
4024,ens,2030,78,16,16,0.0
4025,ens,2030,78,17,17,0.0
4026,ens,2030,78,18,18,0.0
4027,ens,2030,78,19,19,0.0
4028,ens,2030,78,20,20,0.0
4029,ens,2030,78,21,21,0.0
4030,ens,2030,78,22,22,0.0
4031,ens,2030,78,23,23,0.0
4032,ens,2030,78,24,24,0.0
4033,ens,2030,79,1,1,0.0
4034,ens,2030,79,2,2,0.0
4035,ens,2030,79,3,3,0.0
4036,ens,2030,79,4,4,0.0
4037,ens,2030,79,5,5,0.0
4038,ens,2030,79,6,6,0.0
4039,ens,2030,79,7,7,0.0
4040,ens,2030,79,8,8,0.0
4041,ens,2030,79,9,9,0.0
4042,ens,2030,79,10,10,0.0
4043,ens,2030,79,11,11,0.0
4044,ens,2030,79,12,12,0.0
4045,ens,2030,79,13,13,0.0
4046,ens,2030,79,14,14,0.0
4047,ens,2030,79,15,15,0.0
4048,ens,2030,79,16,16,0.0
4049,ens,2030,79,17,17,0.0
4050,ens,2030,79,18,18,0.0
4051,ens,2030,79,19,19,0.0
4052,ens,2030,79,20,20,0.0
4053,ens,2030,79,21,21,0.0
4054,ens,2030,79,22,22,0.0
4055,ens,2030,79,23,23,0.0
4056,ens,2030,79,24,24,0.0
4057,ens,2030,80,1,1,0.0
4058,ens,2030,80,2,2,0.0
4059,ens,2030,80,3,3,0.0
4060,ens,2030,80,4,4,0.0
4061,ens,2030,80,5,5,0.0
4062,ens,2030,80,6,6,0.0
4063,ens,2030,80,7,7,0.0
4064,ens,2030,80,8,8,0.0
4065,ens,2030,80,9,9,0.0
4066,ens,2030,80,10,10,0.0
4067,ens,2030,80,11,11,0.0
4068,ens,2030,80,12,12,0.0
4069,ens,2030,80,13,13,0.0
4070,ens,2030,80,14,14,0.0
4071,ens,2030,80,15,15,0.0
4072,ens,2030,80,16,16,0.0
4073,ens,2030,80,17,17,0.0
4074,ens,2030,80,18,18,0.0
4075,ens,2030,80,19,19,0.0
4076,ens,2030,80,20,20,0.0
4077,ens,2030,80,21,21,0.0
4078,ens,2030,80,22,22,0.0
4079,ens,2030,80,23,23,0.0
4080,ens,2030,80,24,24,0.0
4081,ens,2030,81,1,1,0.0
4082,ens,2030,81,2,2,0.0
4083,ens,2030,81,3,3,0.0
4084,ens,2030,81,4,4,0.0
4085,ens,2030,81,5,5,0.0
4086,ens,2030,81,6,6,0.0
4087,ens,2030,81,7,7,0.0
4088,ens,2030,81,8,8,0.0
4089,ens,2030,81,9,9,0.0
4090,ens,2030,81,10,10,0.0
4091,ens,2030,81,11,11,0.0
4092,ens,2030,81,12,12,0.0
4093,ens,2030,81,13,13,0.0
4094,ens,2030,81,14,14,0.0
4095,ens,2030,81,15,15,0.0
4096,ens,2030,81,16,16,0.0
4097,ens,2030,81,17,17,0.0
4098,ens,2030,81,18,18,0.0
4099,ens,2030,81,19,19,0.0
4100,ens,2030,81,20,20,0.0
4101,ens,2030,81,21,21,0.0
4102,ens,2030,81,22,22,0.0
4103,ens,2030,81,23,23,0.0
4104,ens,2030,81,24,24,0.0
4105,ens,2030,82,1,1,0.0
4106,ens,2030,82,2,2,0.0
4107,ens,2030,82,3,3,0.0
4108,ens,2030,82,4,4,0.0
4109,ens,2030,82,5,5,0.0
4110,ens,2030,82,6,6,0.0
4111,ens,2030,82,7,7,0.0
4112,ens,2030,82,8,8,0.0
4113,ens,2030,82,9,9,0.0
4114,ens,2030,82,10,10,0.0
4115,ens,2030,82,11,11,0.0
4116,ens,2030,82,12,12,0.0
4117,ens,2030,82,13,13,0.0
4118,ens,2030,82,14,14,0.0
4119,ens,2030,82,15,15,0.0
4120,ens,2030,82,16,16,0.0
4121,ens,2030,82,17,17,0.0
4122,ens,2030,82,18,18,0.0
4123,ens,2030,82,19,19,0.0
4124,ens,2030,82,20,20,0.0
4125,ens,2030,82,21,21,0.0
4126,ens,2030,82,22,22,0.0
4127,ens,2030,82,23,23,0.0
4128,ens,2030,82,24,24,0.0
4129,ens,2030,83,1,1,0.0
4130,ens,2030,83,2,2,0.0
4131,ens,2030,83,3,3,0.0
4132,ens,2030,83,4,4,0.0
4133,ens,2030,83,5,5,0.0
4134,ens,2030,83,6,6,0.0
4135,ens,2030,83,7,7,0.0
4136,ens,2030,83,8,8,0.0
4137,ens,2030,83,9,9,0.0
4138,ens,2030,83,10,10,0.0
4139,ens,2030,83,11,11,0.0
4140,ens,2030,83,12,12,0.0
4141,ens,2030,83,13,13,0.0
4142,ens,2030,83,14,14,0.0
4143,ens,2030,83,15,15,0.0
4144,ens,2030,83,16,16,0.0
4145,ens,2030,83,17,17,0.0
4146,ens,2030,83,18,18,0.0
4147,ens,2030,83,19,19,0.0
4148,ens,2030,83,20,20,0.0
4149,ens,2030,83,21,21,0.0
4150,ens,2030,83,22,22,0.0
4151,ens,2030,83,23,23,0.0
4152,ens,2030,83,24,24,0.0
4153,ens,2030,84,1,1,0.0
4154,ens,2030,84,2,2,0.0
4155,ens,2030,84,3,3,0.0
4156,ens,2030,84,4,4,0.0
4157,ens,2030,84,5,5,0.0
4158,ens,2030,84,6,6,0.0
4159,ens,2030,84,7,7,0.0
4160,ens,2030,84,8,8,0.0
4161,ens,2030,84,9,9,0.0
4162,ens,2030,84,10,10,0.0
4163,ens,2030,84,11,11,0.0
4164,ens,2030,84,12,12,0.0
4165,ens,2030,84,13,13,0.0
4166,ens,2030,84,14,14,0.0
4167,ens,2030,84,15,15,0.0
4168,ens,2030,84,16,16,0.0
4169,ens,2030,84,17,17,0.0
4170,ens,2030,84,18,18,0.0
4171,ens,2030,84,19,19,0.0
4172,ens,2030,84,20,20,0.0
4173,ens,2030,84,21,21,0.0
4174,ens,2030,84,22,22,0.0
4175,ens,2030,84,23,23,0.0
4176,ens,2030,84,24,24,0.0
4177,ens,2030,85,1,1,0.0
4178,ens,2030,85,2,2,0.0
4179,ens,2030,85,3,3,0.0
4180,ens,2030,85,4,4,0.0
4181,ens,2030,85,5,5,0.0
4182,ens,2030,85,6,6,0.0
4183,ens,2030,85,7,7,0.0
4184,ens,2030,85,8,8,0.0
4185,ens,2030,85,9,9,0.0
4186,ens,2030,85,10,10,0.0
4187,ens,2030,85,11,11,0.0
4188,ens,2030,85,12,12,0.0
4189,ens,2030,85,13,13,0.0
4190,ens,2030,85,14,14,0.0
4191,ens,2030,85,15,15,0.0
4192,ens,2030,85,16,16,0.0
4193,ens,2030,85,17,17,0.0
4194,ens,2030,85,18,18,0.0
4195,ens,2030,85,19,19,0.0
4196,ens,2030,85,20,20,0.0
4197,ens,2030,85,21,21,0.0
4198,ens,2030,85,22,22,0.0
4199,ens,2030,85,23,23,0.0
4200,ens,2030,85,24,24,0.0
4201,ens,2030,86,1,1,0.0
4202,ens,2030,86,2,2,0.0
4203,ens,2030,86,3,3,0.0
4204,ens,2030,86,4,4,0.0
4205,ens,2030,86,5,5,0.0
4206,ens,2030,86,6,6,0.0
4207,ens,2030,86,7,7,0.0
4208,ens,2030,86,8,8,0.0
4209,ens,2030,86,9,9,0.0
4210,ens,2030,86,10,10,0.0
4211,ens,2030,86,11,11,0.0
4212,ens,2030,86,12,12,0.0
4213,ens,2030,86,13,13,0.0
4214,ens,2030,86,14,14,0.0
4215,ens,2030,86,15,15,0.0
4216,ens,2030,86,16,16,0.0
4217,ens,2030,86,17,17,0.0
4218,ens,2030,86,18,18,0.0
4219,ens,2030,86,19,19,0.0
4220,ens,2030,86,20,20,0.0
4221,ens,2030,86,21,21,0.0
4222,ens,2030,86,22,22,0.0
4223,ens,2030,86,23,23,0.0
4224,ens,2030,86,24,24,0.0
4225,ens,2030,87,1,1,0.0
4226,ens,2030,87,2,2,0.0
4227,ens,2030,87,3,3,0.0
4228,ens,2030,87,4,4,0.0
4229,ens,2030,87,5,5,0.0
4230,ens,2030,87,6,6,0.0
4231,ens,2030,87,7,7,0.0
4232,ens,2030,87,8,8,0.0
4233,ens,2030,87,9,9,0.0
4234,ens,2030,87,10,10,0.0
4235,ens,2030,87,11,11,0.0
4236,ens,2030,87,12,12,0.0
4237,ens,2030,87,13,13,0.0
4238,ens,2030,87,14,14,0.0
4239,ens,2030,87,15,15,0.0
4240,ens,2030,87,16,16,0.0
4241,ens,2030,87,17,17,0.0
4242,ens,2030,87,18,18,0.0
4243,ens,2030,87,19,19,0.0
4244,ens,2030,87,20,20,0.0
4245,ens,2030,87,21,21,0.0
4246,ens,2030,87,22,22,0.0
4247,ens,2030,87,23,23,0.0
4248,ens,2030,87,24,24,0.0
4249,ens,2030,88,1,1,0.0
4250,ens,2030,88,2,2,0.0
4251,ens,2030,88,3,3,0.0
4252,ens,2030,88,4,4,0.0
4253,ens,2030,88,5,5,0.0
4254,ens,2030,88,6,6,0.0
4255,ens,2030,88,7,7,0.0
4256,ens,2030,88,8,8,0.0
4257,ens,2030,88,9,9,0.0
4258,ens,2030,88,10,10,0.0
4259,ens,2030,88,11,11,0.0
4260,ens,2030,88,12,12,0.0
4261,ens,2030,88,13,13,0.0
4262,ens,2030,88,14,14,0.0
4263,ens,2030,88,15,15,0.0
4264,ens,2030,88,16,16,0.0
4265,ens,2030,88,17,17,0.0
4266,ens,2030,88,18,18,0.0
4267,ens,2030,88,19,19,0.0
4268,ens,2030,88,20,20,0.0
4269,ens,2030,88,21,21,0.0
4270,ens,2030,88,22,22,0.0
4271,ens,2030,88,23,23,0.0
4272,ens,2030,88,24,24,0.0
4273,ens,2030,89,1,1,0.0
4274,ens,2030,89,2,2,0.0
4275,ens,2030,89,3,3,0.0
4276,ens,2030,89,4,4,0.0
4277,ens,2030,89,5,5,0.0
4278,ens,2030,89,6,6,0.0
4279,ens,2030,89,7,7,0.0
4280,ens,2030,89,8,8,0.0
4281,ens,2030,89,9,9,0.0
4282,ens,2030,89,10,10,0.0
4283,ens,2030,89,11,11,0.0
4284,ens,2030,89,12,12,0.0
4285,ens,2030,89,13,13,0.0
4286,ens,2030,89,14,14,0.0
4287,ens,2030,89,15,15,0.0
4288,ens,2030,89,16,16,0.0
4289,ens,2030,89,17,17,0.0
4290,ens,2030,89,18,18,0.0
4291,ens,2030,89,19,19,0.0
4292,ens,2030,89,20,20,0.0
4293,ens,2030,89,21,21,0.0
4294,ens,2030,89,22,22,0.0
4295,ens,2030,89,23,23,0.0
4296,ens,2030,89,24,24,0.0
4297,ens,2030,90,1,1,0.0
4298,ens,2030,90,2,2,0.0
4299,ens,2030,90,3,3,0.0
4300,ens,2030,90,4,4,0.0
4301,ens,2030,90,5,5,0.0
4302,ens,2030,90,6,6,0.0
4303,ens,2030,90,7,7,0.0
4304,ens,2030,90,8,8,0.0
4305,ens,2030,90,9,9,0.0
4306,ens,2030,90,10,10,0.0
4307,ens,2030,90,11,11,0.0
4308,ens,2030,90,12,12,0.0
4309,ens,2030,90,13,13,0.0
4310,ens,2030,90,14,14,0.0
4311,ens,2030,90,15,15,0.0
4312,ens,2030,90,16,16,0.0
4313,ens,2030,90,17,17,0.0
4314,ens,2030,90,18,18,0.0
4315,ens,2030,90,19,19,0.0
4316,ens,2030,90,20,20,0.0
4317,ens,2030,90,21,21,0.0
4318,ens,2030,90,22,22,0.0
4319,ens,2030,90,23,23,0.0
4320,ens,2030,90,24,24,0.0
4321,ocgt,2030,1,1,1,0.0
4322,ocgt,2030,1,2,2,0.0
4323,ocgt,2030,1,3,3,0.0
4324,ocgt,2030,1,4,4,0.0
4325,ocgt,2030,1,5,5,0.0
4326,ocgt,2030,1,6,6,0.0
4327,ocgt,2030,1,7,7,0.0
4328,ocgt,2030,1,8,8,0.0
4329,ocgt,2030,1,9,9,0.0
4330,ocgt,2030,1,10,10,0.0
4331,ocgt,2030,1,11,11,0.0
4332,ocgt,2030,1,12,12,0.0
4333,ocgt,2030,1,13,13,0.0
4334,ocgt,2030,1,14,14,0.0
4335,ocgt,2030,1,15,15,0.0
4336,ocgt,2030,1,16,16,0.0
4337,ocgt,2030,1,17,17,0.0
4338,ocgt,2030,1,18,18,0.0
4339,ocgt,2030,1,19,19,0.0
4340,ocgt,2030,1,20,20,0.0
4341,ocgt,2030,1,21,21,0.0
4342,ocgt,2030,1,22,22,0.0
4343,ocgt,2030,1,23,23,0.0
4344,ocgt,2030,1,24,24,0.0
4345,ocgt,2030,2,1,1,0.0
4346,ocgt,2030,2,2,2,0.0
4347,ocgt,2030,2,3,3,0.0
4348,ocgt,2030,2,4,4,0.0
4349,ocgt,2030,2,5,5,0.0
4350,ocgt,2030,2,6,6,0.0
4351,ocgt,2030,2,7,7,0.0
4352,ocgt,2030,2,8,8,0.0
4353,ocgt,2030,2,9,9,0.0
4354,ocgt,2030,2,10,10,0.0
4355,ocgt,2030,2,11,11,0.0
4356,ocgt,2030,2,12,12,0.0
4357,ocgt,2030,2,13,13,0.0
4358,ocgt,2030,2,14,14,0.0
4359,ocgt,2030,2,15,15,0.0
4360,ocgt,2030,2,16,16,0.0
4361,ocgt,2030,2,17,17,0.0
4362,ocgt,2030,2,18,18,0.0
4363,ocgt,2030,2,19,19,0.0
4364,ocgt,2030,2,20,20,0.0
4365,ocgt,2030,2,21,21,0.0
4366,ocgt,2030,2,22,22,0.0
4367,ocgt,2030,2,23,23,0.0
4368,ocgt,2030,2,24,24,0.0
4369,ocgt,2030,3,1,1,0.0
4370,ocgt,2030,3,2,2,0.0
4371,ocgt,2030,3,3,3,0.0
4372,ocgt,2030,3,4,4,0.0
4373,ocgt,2030,3,5,5,0.0
4374,ocgt,2030,3,6,6,0.0
4375,ocgt,2030,3,7,7,0.0
4376,ocgt,2030,3,8,8,0.0
4377,ocgt,2030,3,9,9,0.0
4378,ocgt,2030,3,10,10,0.0
4379,ocgt,2030,3,11,11,0.0
4380,ocgt,2030,3,12,12,0.0
4381,ocgt,2030,3,13,13,0.0
4382,ocgt,2030,3,14,14,0.0
4383,ocgt,2030,3,15,15,0.0
4384,ocgt,2030,3,16,16,0.0
4385,ocgt,2030,3,17,17,0.0
4386,ocgt,2030,3,18,18,0.0
4387,ocgt,2030,3,19,19,0.0
4388,ocgt,2030,3,20,20,0.0
4389,ocgt,2030,3,21,21,0.0
4390,ocgt,2030,3,22,22,0.0
4391,ocgt,2030,3,23,23,0.0
4392,ocgt,2030,3,24,24,0.0
4393,ocgt,2030,4,1,1,0.0
4394,ocgt,2030,4,2,2,0.0
4395,ocgt,2030,4,3,3,0.0
4396,ocgt,2030,4,4,4,0.0
4397,ocgt,2030,4,5,5,0.0
4398,ocgt,2030,4,6,6,0.0
4399,ocgt,2030,4,7,7,0.0
4400,ocgt,2030,4,8,8,0.0
4401,ocgt,2030,4,9,9,0.0
4402,ocgt,2030,4,10,10,0.0
4403,ocgt,2030,4,11,11,0.0
4404,ocgt,2030,4,12,12,0.0
4405,ocgt,2030,4,13,13,0.0
4406,ocgt,2030,4,14,14,0.0
4407,ocgt,2030,4,15,15,0.0
4408,ocgt,2030,4,16,16,0.0
4409,ocgt,2030,4,17,17,0.0
4410,ocgt,2030,4,18,18,0.0
4411,ocgt,2030,4,19,19,0.0
4412,ocgt,2030,4,20,20,0.0
4413,ocgt,2030,4,21,21,0.0
4414,ocgt,2030,4,22,22,0.0
4415,ocgt,2030,4,23,23,0.0
4416,ocgt,2030,4,24,24,0.0
4417,ocgt,2030,5,1,1,0.0
4418,ocgt,2030,5,2,2,0.0
4419,ocgt,2030,5,3,3,0.0
4420,ocgt,2030,5,4,4,0.0
4421,ocgt,2030,5,5,5,0.0
4422,ocgt,2030,5,6,6,0.0
4423,ocgt,2030,5,7,7,0.0
4424,ocgt,2030,5,8,8,0.0
4425,ocgt,2030,5,9,9,0.0
4426,ocgt,2030,5,10,10,0.0
4427,ocgt,2030,5,11,11,0.0
4428,ocgt,2030,5,12,12,0.0
4429,ocgt,2030,5,13,13,0.0
4430,ocgt,2030,5,14,14,0.0
4431,ocgt,2030,5,15,15,0.0
4432,ocgt,2030,5,16,16,0.0
4433,ocgt,2030,5,17,17,0.0
4434,ocgt,2030,5,18,18,0.0
4435,ocgt,2030,5,19,19,0.0
4436,ocgt,2030,5,20,20,0.0
4437,ocgt,2030,5,21,21,0.0
4438,ocgt,2030,5,22,22,0.0
4439,ocgt,2030,5,23,23,0.0
4440,ocgt,2030,5,24,24,0.0
4441,ocgt,2030,6,1,1,0.0
4442,ocgt,2030,6,2,2,0.0
4443,ocgt,2030,6,3,3,0.0
4444,ocgt,2030,6,4,4,0.0
4445,ocgt,2030,6,5,5,0.0
4446,ocgt,2030,6,6,6,0.0
4447,ocgt,2030,6,7,7,0.0
4448,ocgt,2030,6,8,8,0.0
4449,ocgt,2030,6,9,9,0.0
4450,ocgt,2030,6,10,10,0.0
4451,ocgt,2030,6,11,11,0.0
4452,ocgt,2030,6,12,12,0.0
4453,ocgt,2030,6,13,13,0.0
4454,ocgt,2030,6,14,14,0.0
4455,ocgt,2030,6,15,15,0.0
4456,ocgt,2030,6,16,16,0.0
4457,ocgt,2030,6,17,17,0.0
4458,ocgt,2030,6,18,18,0.0
4459,ocgt,2030,6,19,19,0.0
4460,ocgt,2030,6,20,20,0.0
4461,ocgt,2030,6,21,21,0.0
4462,ocgt,2030,6,22,22,0.0
4463,ocgt,2030,6,23,23,0.0
4464,ocgt,2030,6,24,24,0.0
4465,ocgt,2030,7,1,1,0.0
4466,ocgt,2030,7,2,2,0.0
4467,ocgt,2030,7,3,3,0.0
4468,ocgt,2030,7,4,4,0.0
4469,ocgt,2030,7,5,5,0.0
4470,ocgt,2030,7,6,6,0.0
4471,ocgt,2030,7,7,7,0.0
4472,ocgt,2030,7,8,8,0.0
4473,ocgt,2030,7,9,9,0.0
4474,ocgt,2030,7,10,10,0.0
4475,ocgt,2030,7,11,11,0.0
4476,ocgt,2030,7,12,12,0.0
4477,ocgt,2030,7,13,13,0.0
4478,ocgt,2030,7,14,14,0.0
4479,ocgt,2030,7,15,15,0.0
4480,ocgt,2030,7,16,16,0.0
4481,ocgt,2030,7,17,17,0.0
4482,ocgt,2030,7,18,18,0.0
4483,ocgt,2030,7,19,19,0.0
4484,ocgt,2030,7,20,20,-21.64172318215096
4485,ocgt,2030,7,21,21,-21.64172318215096
4486,ocgt,2030,7,22,22,0.0
4487,ocgt,2030,7,23,23,0.0
4488,ocgt,2030,7,24,24,0.0
4489,ocgt,2030,8,1,1,0.0
4490,ocgt,2030,8,2,2,0.0
4491,ocgt,2030,8,3,3,0.0
4492,ocgt,2030,8,4,4,0.0
4493,ocgt,2030,8,5,5,0.0
4494,ocgt,2030,8,6,6,0.0
4495,ocgt,2030,8,7,7,0.0
4496,ocgt,2030,8,8,8,0.0
4497,ocgt,2030,8,9,9,0.0
4498,ocgt,2030,8,10,10,0.0
4499,ocgt,2030,8,11,11,0.0
4500,ocgt,2030,8,12,12,0.0
4501,ocgt,2030,8,13,13,0.0
4502,ocgt,2030,8,14,14,0.0
4503,ocgt,2030,8,15,15,0.0
4504,ocgt,2030,8,16,16,0.0
4505,ocgt,2030,8,17,17,0.0
4506,ocgt,2030,8,18,18,0.0
4507,ocgt,2030,8,19,19,0.0
4508,ocgt,2030,8,20,20,0.0
4509,ocgt,2030,8,21,21,0.0
4510,ocgt,2030,8,22,22,0.0
4511,ocgt,2030,8,23,23,0.0
4512,ocgt,2030,8,24,24,0.0
4513,ocgt,2030,9,1,1,0.0
4514,ocgt,2030,9,2,2,0.0
4515,ocgt,2030,9,3,3,0.0
4516,ocgt,2030,9,4,4,0.0
4517,ocgt,2030,9,5,5,0.0
4518,ocgt,2030,9,6,6,0.0
4519,ocgt,2030,9,7,7,0.0
4520,ocgt,2030,9,8,8,0.0
4521,ocgt,2030,9,9,9,0.0
4522,ocgt,2030,9,10,10,0.0
4523,ocgt,2030,9,11,11,0.0
4524,ocgt,2030,9,12,12,0.0
4525,ocgt,2030,9,13,13,0.0
4526,ocgt,2030,9,14,14,0.0
4527,ocgt,2030,9,15,15,0.0
4528,ocgt,2030,9,16,16,0.0
4529,ocgt,2030,9,17,17,0.0
4530,ocgt,2030,9,18,18,0.0
4531,ocgt,2030,9,19,19,0.0
4532,ocgt,2030,9,20,20,0.0
4533,ocgt,2030,9,21,21,0.0
4534,ocgt,2030,9,22,22,0.0
4535,ocgt,2030,9,23,23,0.0
4536,ocgt,2030,9,24,24,0.0
4537,ocgt,2030,10,1,1,0.0
4538,ocgt,2030,10,2,2,0.0
4539,ocgt,2030,10,3,3,0.0
4540,ocgt,2030,10,4,4,0.0
4541,ocgt,2030,10,5,5,0.0
4542,ocgt,2030,10,6,6,0.0
4543,ocgt,2030,10,7,7,0.0
4544,ocgt,2030,10,8,8,0.0
4545,ocgt,2030,10,9,9,0.0
4546,ocgt,2030,10,10,10,0.0
4547,ocgt,2030,10,11,11,0.0
4548,ocgt,2030,10,12,12,0.0
4549,ocgt,2030,10,13,13,0.0
4550,ocgt,2030,10,14,14,0.0
4551,ocgt,2030,10,15,15,0.0
4552,ocgt,2030,10,16,16,0.0
4553,ocgt,2030,10,17,17,0.0
4554,ocgt,2030,10,18,18,0.0
4555,ocgt,2030,10,19,19,0.0
4556,ocgt,2030,10,20,20,0.0
4557,ocgt,2030,10,21,21,0.0
4558,ocgt,2030,10,22,22,0.0
4559,ocgt,2030,10,23,23,0.0
4560,ocgt,2030,10,24,24,0.0
4561,ocgt,2030,11,1,1,0.0
4562,ocgt,2030,11,2,2,0.0
4563,ocgt,2030,11,3,3,0.0
4564,ocgt,2030,11,4,4,0.0
4565,ocgt,2030,11,5,5,0.0
4566,ocgt,2030,11,6,6,0.0
4567,ocgt,2030,11,7,7,0.0
4568,ocgt,2030,11,8,8,0.0
4569,ocgt,2030,11,9,9,0.0
4570,ocgt,2030,11,10,10,0.0
4571,ocgt,2030,11,11,11,0.0
4572,ocgt,2030,11,12,12,0.0
4573,ocgt,2030,11,13,13,0.0
4574,ocgt,2030,11,14,14,0.0
4575,ocgt,2030,11,15,15,0.0
4576,ocgt,2030,11,16,16,0.0
4577,ocgt,2030,11,17,17,0.0
4578,ocgt,2030,11,18,18,0.0
4579,ocgt,2030,11,19,19,0.0
4580,ocgt,2030,11,20,20,0.0
4581,ocgt,2030,11,21,21,0.0
4582,ocgt,2030,11,22,22,0.0
4583,ocgt,2030,11,23,23,0.0
4584,ocgt,2030,11,24,24,0.0
4585,ocgt,2030,12,1,1,0.0
4586,ocgt,2030,12,2,2,0.0
4587,ocgt,2030,12,3,3,0.0
4588,ocgt,2030,12,4,4,0.0
4589,ocgt,2030,12,5,5,0.0
4590,ocgt,2030,12,6,6,0.0
4591,ocgt,2030,12,7,7,0.0
4592,ocgt,2030,12,8,8,0.0
4593,ocgt,2030,12,9,9,0.0
4594,ocgt,2030,12,10,10,0.0
4595,ocgt,2030,12,11,11,0.0
4596,ocgt,2030,12,12,12,0.0
4597,ocgt,2030,12,13,13,0.0
4598,ocgt,2030,12,14,14,0.0
4599,ocgt,2030,12,15,15,0.0
4600,ocgt,2030,12,16,16,0.0
4601,ocgt,2030,12,17,17,0.0
4602,ocgt,2030,12,18,18,0.0
4603,ocgt,2030,12,19,19,0.0
4604,ocgt,2030,12,20,20,0.0
4605,ocgt,2030,12,21,21,0.0
4606,ocgt,2030,12,22,22,0.0
4607,ocgt,2030,12,23,23,0.0
4608,ocgt,2030,12,24,24,0.0
4609,ocgt,2030,13,1,1,0.0
4610,ocgt,2030,13,2,2,0.0
4611,ocgt,2030,13,3,3,0.0
4612,ocgt,2030,13,4,4,0.0
4613,ocgt,2030,13,5,5,0.0
4614,ocgt,2030,13,6,6,0.0
4615,ocgt,2030,13,7,7,0.0
4616,ocgt,2030,13,8,8,0.0
4617,ocgt,2030,13,9,9,0.0
4618,ocgt,2030,13,10,10,0.0
4619,ocgt,2030,13,11,11,0.0
4620,ocgt,2030,13,12,12,0.0
4621,ocgt,2030,13,13,13,0.0
4622,ocgt,2030,13,14,14,0.0
4623,ocgt,2030,13,15,15,0.0
4624,ocgt,2030,13,16,16,0.0
4625,ocgt,2030,13,17,17,0.0
4626,ocgt,2030,13,18,18,0.0
4627,ocgt,2030,13,19,19,0.0
4628,ocgt,2030,13,20,20,0.0
4629,ocgt,2030,13,21,21,0.0
4630,ocgt,2030,13,22,22,0.0
4631,ocgt,2030,13,23,23,0.0
4632,ocgt,2030,13,24,24,0.0
4633,ocgt,2030,14,1,1,0.0
4634,ocgt,2030,14,2,2,0.0
4635,ocgt,2030,14,3,3,0.0
4636,ocgt,2030,14,4,4,0.0
4637,ocgt,2030,14,5,5,0.0
4638,ocgt,2030,14,6,6,0.0
4639,ocgt,2030,14,7,7,0.0
4640,ocgt,2030,14,8,8,0.0
4641,ocgt,2030,14,9,9,0.0
4642,ocgt,2030,14,10,10,0.0
4643,ocgt,2030,14,11,11,0.0
4644,ocgt,2030,14,12,12,0.0
4645,ocgt,2030,14,13,13,0.0
4646,ocgt,2030,14,14,14,0.0
4647,ocgt,2030,14,15,15,0.0
4648,ocgt,2030,14,16,16,0.0
4649,ocgt,2030,14,17,17,0.0
4650,ocgt,2030,14,18,18,0.0
4651,ocgt,2030,14,19,19,0.0
4652,ocgt,2030,14,20,20,0.0
4653,ocgt,2030,14,21,21,0.0
4654,ocgt,2030,14,22,22,0.0
4655,ocgt,2030,14,23,23,0.0
4656,ocgt,2030,14,24,24,0.0
4657,ocgt,2030,15,1,1,0.0
4658,ocgt,2030,15,2,2,0.0
4659,ocgt,2030,15,3,3,0.0
4660,ocgt,2030,15,4,4,0.0
4661,ocgt,2030,15,5,5,0.0
4662,ocgt,2030,15,6,6,0.0
4663,ocgt,2030,15,7,7,0.0
4664,ocgt,2030,15,8,8,0.0
4665,ocgt,2030,15,9,9,0.0
4666,ocgt,2030,15,10,10,0.0
4667,ocgt,2030,15,11,11,0.0
4668,ocgt,2030,15,12,12,0.0
4669,ocgt,2030,15,13,13,0.0
4670,ocgt,2030,15,14,14,0.0
4671,ocgt,2030,15,15,15,0.0
4672,ocgt,2030,15,16,16,0.0
4673,ocgt,2030,15,17,17,-11.477267669051965
4674,ocgt,2030,15,18,18,-11.477267669051965
4675,ocgt,2030,15,19,19,-11.477267669051965
4676,ocgt,2030,15,20,20,-11.477267669051965
4677,ocgt,2030,15,21,21,-11.477267669051965
4678,ocgt,2030,15,22,22,-2.5360292226564773
4679,ocgt,2030,15,23,23,0.0
4680,ocgt,2030,15,24,24,0.0
4681,ocgt,2030,16,1,1,0.0
4682,ocgt,2030,16,2,2,0.0
4683,ocgt,2030,16,3,3,0.0
4684,ocgt,2030,16,4,4,0.0
4685,ocgt,2030,16,5,5,0.0
4686,ocgt,2030,16,6,6,0.0
4687,ocgt,2030,16,7,7,0.0
4688,ocgt,2030,16,8,8,0.0
4689,ocgt,2030,16,9,9,0.0
4690,ocgt,2030,16,10,10,0.0
4691,ocgt,2030,16,11,11,0.0
4692,ocgt,2030,16,12,12,0.0
4693,ocgt,2030,16,13,13,0.0
4694,ocgt,2030,16,14,14,0.0
4695,ocgt,2030,16,15,15,0.0
4696,ocgt,2030,16,16,16,0.0
4697,ocgt,2030,16,17,17,0.0
4698,ocgt,2030,16,18,18,0.0
4699,ocgt,2030,16,19,19,0.0
4700,ocgt,2030,16,20,20,0.0
4701,ocgt,2030,16,21,21,0.0
4702,ocgt,2030,16,22,22,0.0
4703,ocgt,2030,16,23,23,0.0
4704,ocgt,2030,16,24,24,0.0
4705,ocgt,2030,17,1,1,0.0
4706,ocgt,2030,17,2,2,0.0
4707,ocgt,2030,17,3,3,0.0
4708,ocgt,2030,17,4,4,0.0
4709,ocgt,2030,17,5,5,0.0
4710,ocgt,2030,17,6,6,0.0
4711,ocgt,2030,17,7,7,0.0
4712,ocgt,2030,17,8,8,0.0
4713,ocgt,2030,17,9,9,0.0
4714,ocgt,2030,17,10,10,0.0
4715,ocgt,2030,17,11,11,0.0
4716,ocgt,2030,17,12,12,0.0
4717,ocgt,2030,17,13,13,0.0
4718,ocgt,2030,17,14,14,0.0
4719,ocgt,2030,17,15,15,0.0
4720,ocgt,2030,17,16,16,0.0
4721,ocgt,2030,17,17,17,0.0
4722,ocgt,2030,17,18,18,0.0
4723,ocgt,2030,17,19,19,0.0
4724,ocgt,2030,17,20,20,0.0
4725,ocgt,2030,17,21,21,0.0
4726,ocgt,2030,17,22,22,0.0
4727,ocgt,2030,17,23,23,0.0
4728,ocgt,2030,17,24,24,0.0
4729,ocgt,2030,18,1,1,0.0
4730,ocgt,2030,18,2,2,0.0
4731,ocgt,2030,18,3,3,0.0
4732,ocgt,2030,18,4,4,0.0
4733,ocgt,2030,18,5,5,0.0
4734,ocgt,2030,18,6,6,0.0
4735,ocgt,2030,18,7,7,0.0
4736,ocgt,2030,18,8,8,0.0
4737,ocgt,2030,18,9,9,0.0
4738,ocgt,2030,18,10,10,0.0
4739,ocgt,2030,18,11,11,0.0
4740,ocgt,2030,18,12,12,0.0
4741,ocgt,2030,18,13,13,0.0
4742,ocgt,2030,18,14,14,0.0
4743,ocgt,2030,18,15,15,0.0
4744,ocgt,2030,18,16,16,0.0
4745,ocgt,2030,18,17,17,0.0
4746,ocgt,2030,18,18,18,0.0
4747,ocgt,2030,18,19,19,0.0
4748,ocgt,2030,18,20,20,0.0
4749,ocgt,2030,18,21,21,0.0
4750,ocgt,2030,18,22,22,0.0
4751,ocgt,2030,18,23,23,0.0
4752,ocgt,2030,18,24,24,0.0
4753,ocgt,2030,19,1,1,0.0
4754,ocgt,2030,19,2,2,0.0
4755,ocgt,2030,19,3,3,0.0
4756,ocgt,2030,19,4,4,0.0
4757,ocgt,2030,19,5,5,0.0
4758,ocgt,2030,19,6,6,0.0
4759,ocgt,2030,19,7,7,0.0
4760,ocgt,2030,19,8,8,0.0
4761,ocgt,2030,19,9,9,0.0
4762,ocgt,2030,19,10,10,0.0
4763,ocgt,2030,19,11,11,0.0
4764,ocgt,2030,19,12,12,0.0
4765,ocgt,2030,19,13,13,0.0
4766,ocgt,2030,19,14,14,0.0
4767,ocgt,2030,19,15,15,0.0
4768,ocgt,2030,19,16,16,0.0
4769,ocgt,2030,19,17,17,0.0
4770,ocgt,2030,19,18,18,0.0
4771,ocgt,2030,19,19,19,0.0
4772,ocgt,2030,19,20,20,0.0
4773,ocgt,2030,19,21,21,0.0
4774,ocgt,2030,19,22,22,0.0
4775,ocgt,2030,19,23,23,0.0
4776,ocgt,2030,19,24,24,0.0
4777,ocgt,2030,20,1,1,0.0
4778,ocgt,2030,20,2,2,0.0
4779,ocgt,2030,20,3,3,0.0
4780,ocgt,2030,20,4,4,0.0
4781,ocgt,2030,20,5,5,0.0
4782,ocgt,2030,20,6,6,0.0
4783,ocgt,2030,20,7,7,0.0
4784,ocgt,2030,20,8,8,0.0
4785,ocgt,2030,20,9,9,0.0
4786,ocgt,2030,20,10,10,0.0
4787,ocgt,2030,20,11,11,0.0
4788,ocgt,2030,20,12,12,0.0
4789,ocgt,2030,20,13,13,0.0
4790,ocgt,2030,20,14,14,0.0
4791,ocgt,2030,20,15,15,0.0
4792,ocgt,2030,20,16,16,0.0
4793,ocgt,2030,20,17,17,0.0
4794,ocgt,2030,20,18,18,0.0
4795,ocgt,2030,20,19,19,0.0
4796,ocgt,2030,20,20,20,0.0
4797,ocgt,2030,20,21,21,0.0
4798,ocgt,2030,20,22,22,0.0
4799,ocgt,2030,20,23,23,0.0
4800,ocgt,2030,20,24,24,0.0
4801,ocgt,2030,21,1,1,0.0
4802,ocgt,2030,21,2,2,0.0
4803,ocgt,2030,21,3,3,0.0
4804,ocgt,2030,21,4,4,0.0
4805,ocgt,2030,21,5,5,0.0
4806,ocgt,2030,21,6,6,0.0
4807,ocgt,2030,21,7,7,0.0
4808,ocgt,2030,21,8,8,0.0
4809,ocgt,2030,21,9,9,0.0
4810,ocgt,2030,21,10,10,0.0
4811,ocgt,2030,21,11,11,0.0
4812,ocgt,2030,21,12,12,0.0
4813,ocgt,2030,21,13,13,0.0
4814,ocgt,2030,21,14,14,0.0
4815,ocgt,2030,21,15,15,0.0
4816,ocgt,2030,21,16,16,0.0
4817,ocgt,2030,21,17,17,0.0
4818,ocgt,2030,21,18,18,0.0
4819,ocgt,2030,21,19,19,0.0
4820,ocgt,2030,21,20,20,0.0
4821,ocgt,2030,21,21,21,0.0
4822,ocgt,2030,21,22,22,0.0
4823,ocgt,2030,21,23,23,0.0
4824,ocgt,2030,21,24,24,0.0
4825,ocgt,2030,22,1,1,0.0
4826,ocgt,2030,22,2,2,0.0
4827,ocgt,2030,22,3,3,0.0
4828,ocgt,2030,22,4,4,0.0
4829,ocgt,2030,22,5,5,0.0
4830,ocgt,2030,22,6,6,0.0
4831,ocgt,2030,22,7,7,0.0
4832,ocgt,2030,22,8,8,0.0
4833,ocgt,2030,22,9,9,0.0
4834,ocgt,2030,22,10,10,0.0
4835,ocgt,2030,22,11,11,0.0
4836,ocgt,2030,22,12,12,0.0
4837,ocgt,2030,22,13,13,0.0
4838,ocgt,2030,22,14,14,0.0
4839,ocgt,2030,22,15,15,0.0
4840,ocgt,2030,22,16,16,0.0
4841,ocgt,2030,22,17,17,0.0
4842,ocgt,2030,22,18,18,0.0
4843,ocgt,2030,22,19,19,0.0
4844,ocgt,2030,22,20,20,0.0
4845,ocgt,2030,22,21,21,0.0
4846,ocgt,2030,22,22,22,0.0
4847,ocgt,2030,22,23,23,0.0
4848,ocgt,2030,22,24,24,0.0
4849,ocgt,2030,23,1,1,0.0
4850,ocgt,2030,23,2,2,0.0
4851,ocgt,2030,23,3,3,0.0
4852,ocgt,2030,23,4,4,0.0
4853,ocgt,2030,23,5,5,0.0
4854,ocgt,2030,23,6,6,0.0
4855,ocgt,2030,23,7,7,0.0
4856,ocgt,2030,23,8,8,0.0
4857,ocgt,2030,23,9,9,0.0
4858,ocgt,2030,23,10,10,0.0
4859,ocgt,2030,23,11,11,0.0
4860,ocgt,2030,23,12,12,0.0
4861,ocgt,2030,23,13,13,0.0
4862,ocgt,2030,23,14,14,0.0
4863,ocgt,2030,23,15,15,0.0
4864,ocgt,2030,23,16,16,0.0
4865,ocgt,2030,23,17,17,0.0
4866,ocgt,2030,23,18,18,0.0
4867,ocgt,2030,23,19,19,0.0
4868,ocgt,2030,23,20,20,0.0
4869,ocgt,2030,23,21,21,0.0
4870,ocgt,2030,23,22,22,0.0
4871,ocgt,2030,23,23,23,0.0
4872,ocgt,2030,23,24,24,0.0
4873,ocgt,2030,24,1,1,0.0
4874,ocgt,2030,24,2,2,0.0
4875,ocgt,2030,24,3,3,0.0
4876,ocgt,2030,24,4,4,0.0
4877,ocgt,2030,24,5,5,0.0
4878,ocgt,2030,24,6,6,0.0
4879,ocgt,2030,24,7,7,0.0
4880,ocgt,2030,24,8,8,0.0
4881,ocgt,2030,24,9,9,0.0
4882,ocgt,2030,24,10,10,0.0
4883,ocgt,2030,24,11,11,0.0
4884,ocgt,2030,24,12,12,0.0
4885,ocgt,2030,24,13,13,0.0
4886,ocgt,2030,24,14,14,0.0
4887,ocgt,2030,24,15,15,0.0
4888,ocgt,2030,24,16,16,0.0
4889,ocgt,2030,24,17,17,0.0
4890,ocgt,2030,24,18,18,0.0
4891,ocgt,2030,24,19,19,0.0
4892,ocgt,2030,24,20,20,0.0
4893,ocgt,2030,24,21,21,0.0
4894,ocgt,2030,24,22,22,0.0
4895,ocgt,2030,24,23,23,0.0
4896,ocgt,2030,24,24,24,0.0
4897,ocgt,2030,25,1,1,0.0
4898,ocgt,2030,25,2,2,0.0
4899,ocgt,2030,25,3,3,0.0
4900,ocgt,2030,25,4,4,0.0
4901,ocgt,2030,25,5,5,0.0
4902,ocgt,2030,25,6,6,0.0
4903,ocgt,2030,25,7,7,0.0
4904,ocgt,2030,25,8,8,0.0
4905,ocgt,2030,25,9,9,0.0
4906,ocgt,2030,25,10,10,0.0
4907,ocgt,2030,25,11,11,0.0
4908,ocgt,2030,25,12,12,0.0
4909,ocgt,2030,25,13,13,0.0
4910,ocgt,2030,25,14,14,0.0
4911,ocgt,2030,25,15,15,0.0
4912,ocgt,2030,25,16,16,0.0
4913,ocgt,2030,25,17,17,0.0
4914,ocgt,2030,25,18,18,0.0
4915,ocgt,2030,25,19,19,0.0
4916,ocgt,2030,25,20,20,0.0
4917,ocgt,2030,25,21,21,0.0
4918,ocgt,2030,25,22,22,0.0
4919,ocgt,2030,25,23,23,0.0
4920,ocgt,2030,25,24,24,0.0
4921,ocgt,2030,26,1,1,0.0
4922,ocgt,2030,26,2,2,0.0
4923,ocgt,2030,26,3,3,0.0
4924,ocgt,2030,26,4,4,0.0
4925,ocgt,2030,26,5,5,0.0
4926,ocgt,2030,26,6,6,0.0
4927,ocgt,2030,26,7,7,0.0
4928,ocgt,2030,26,8,8,0.0
4929,ocgt,2030,26,9,9,0.0
4930,ocgt,2030,26,10,10,0.0
4931,ocgt,2030,26,11,11,0.0
4932,ocgt,2030,26,12,12,0.0
4933,ocgt,2030,26,13,13,0.0
4934,ocgt,2030,26,14,14,0.0
4935,ocgt,2030,26,15,15,0.0
4936,ocgt,2030,26,16,16,0.0
4937,ocgt,2030,26,17,17,0.0
4938,ocgt,2030,26,18,18,0.0
4939,ocgt,2030,26,19,19,0.0
4940,ocgt,2030,26,20,20,0.0
4941,ocgt,2030,26,21,21,0.0
4942,ocgt,2030,26,22,22,0.0
4943,ocgt,2030,26,23,23,0.0
4944,ocgt,2030,26,24,24,0.0
4945,ocgt,2030,27,1,1,0.0
4946,ocgt,2030,27,2,2,0.0
4947,ocgt,2030,27,3,3,0.0
4948,ocgt,2030,27,4,4,0.0
4949,ocgt,2030,27,5,5,0.0
4950,ocgt,2030,27,6,6,0.0
4951,ocgt,2030,27,7,7,0.0
4952,ocgt,2030,27,8,8,0.0
4953,ocgt,2030,27,9,9,0.0
4954,ocgt,2030,27,10,10,0.0
4955,ocgt,2030,27,11,11,0.0
4956,ocgt,2030,27,12,12,0.0
4957,ocgt,2030,27,13,13,0.0
4958,ocgt,2030,27,14,14,0.0
4959,ocgt,2030,27,15,15,0.0
4960,ocgt,2030,27,16,16,0.0
4961,ocgt,2030,27,17,17,0.0
4962,ocgt,2030,27,18,18,0.0
4963,ocgt,2030,27,19,19,0.0
4964,ocgt,2030,27,20,20,0.0
4965,ocgt,2030,27,21,21,0.0
4966,ocgt,2030,27,22,22,0.0
4967,ocgt,2030,27,23,23,0.0
4968,ocgt,2030,27,24,24,0.0
4969,ocgt,2030,28,1,1,0.0
4970,ocgt,2030,28,2,2,0.0
4971,ocgt,2030,28,3,3,0.0
4972,ocgt,2030,28,4,4,0.0
4973,ocgt,2030,28,5,5,0.0
4974,ocgt,2030,28,6,6,0.0
4975,ocgt,2030,28,7,7,0.0
4976,ocgt,2030,28,8,8,0.0
4977,ocgt,2030,28,9,9,0.0
4978,ocgt,2030,28,10,10,0.0
4979,ocgt,2030,28,11,11,0.0
4980,ocgt,2030,28,12,12,0.0
4981,ocgt,2030,28,13,13,0.0
4982,ocgt,2030,28,14,14,0.0
4983,ocgt,2030,28,15,15,0.0
4984,ocgt,2030,28,16,16,0.0
4985,ocgt,2030,28,17,17,0.0
4986,ocgt,2030,28,18,18,0.0
4987,ocgt,2030,28,19,19,0.0
4988,ocgt,2030,28,20,20,0.0
4989,ocgt,2030,28,21,21,0.0
4990,ocgt,2030,28,22,22,0.0
4991,ocgt,2030,28,23,23,0.0
4992,ocgt,2030,28,24,24,0.0
4993,ocgt,2030,29,1,1,0.0
4994,ocgt,2030,29,2,2,0.0
4995,ocgt,2030,29,3,3,0.0
4996,ocgt,2030,29,4,4,0.0
4997,ocgt,2030,29,5,5,0.0
4998,ocgt,2030,29,6,6,0.0
4999,ocgt,2030,29,7,7,0.0
5000,ocgt,2030,29,8,8,0.0
5001,ocgt,2030,29,9,9,0.0
5002,ocgt,2030,29,10,10,0.0
5003,ocgt,2030,29,11,11,0.0
5004,ocgt,2030,29,12,12,0.0
5005,ocgt,2030,29,13,13,0.0
5006,ocgt,2030,29,14,14,0.0
5007,ocgt,2030,29,15,15,0.0
5008,ocgt,2030,29,16,16,0.0
5009,ocgt,2030,29,17,17,0.0
5010,ocgt,2030,29,18,18,0.0
5011,ocgt,2030,29,19,19,0.0
5012,ocgt,2030,29,20,20,0.0
5013,ocgt,2030,29,21,21,0.0
5014,ocgt,2030,29,22,22,0.0
5015,ocgt,2030,29,23,23,0.0
5016,ocgt,2030,29,24,24,0.0
5017,ocgt,2030,30,1,1,0.0
5018,ocgt,2030,30,2,2,0.0
5019,ocgt,2030,30,3,3,0.0
5020,ocgt,2030,30,4,4,0.0
5021,ocgt,2030,30,5,5,0.0
5022,ocgt,2030,30,6,6,0.0
5023,ocgt,2030,30,7,7,0.0
5024,ocgt,2030,30,8,8,0.0
5025,ocgt,2030,30,9,9,0.0
5026,ocgt,2030,30,10,10,0.0
5027,ocgt,2030,30,11,11,0.0
5028,ocgt,2030,30,12,12,0.0
5029,ocgt,2030,30,13,13,0.0
5030,ocgt,2030,30,14,14,0.0
5031,ocgt,2030,30,15,15,0.0
5032,ocgt,2030,30,16,16,0.0
5033,ocgt,2030,30,17,17,0.0
5034,ocgt,2030,30,18,18,0.0
5035,ocgt,2030,30,19,19,0.0
5036,ocgt,2030,30,20,20,0.0
5037,ocgt,2030,30,21,21,0.0
5038,ocgt,2030,30,22,22,0.0
5039,ocgt,2030,30,23,23,0.0
5040,ocgt,2030,30,24,24,0.0
5041,ocgt,2030,31,1,1,0.0
5042,ocgt,2030,31,2,2,0.0
5043,ocgt,2030,31,3,3,0.0
5044,ocgt,2030,31,4,4,0.0
5045,ocgt,2030,31,5,5,0.0
5046,ocgt,2030,31,6,6,0.0
5047,ocgt,2030,31,7,7,0.0
5048,ocgt,2030,31,8,8,0.0
5049,ocgt,2030,31,9,9,0.0
5050,ocgt,2030,31,10,10,0.0
5051,ocgt,2030,31,11,11,0.0
5052,ocgt,2030,31,12,12,0.0
5053,ocgt,2030,31,13,13,0.0
5054,ocgt,2030,31,14,14,0.0
5055,ocgt,2030,31,15,15,0.0
5056,ocgt,2030,31,16,16,0.0
5057,ocgt,2030,31,17,17,0.0
5058,ocgt,2030,31,18,18,0.0
5059,ocgt,2030,31,19,19,0.0
5060,ocgt,2030,31,20,20,0.0
5061,ocgt,2030,31,21,21,0.0
5062,ocgt,2030,31,22,22,0.0
5063,ocgt,2030,31,23,23,0.0
5064,ocgt,2030,31,24,24,0.0
5065,ocgt,2030,32,1,1,0.0
5066,ocgt,2030,32,2,2,0.0
5067,ocgt,2030,32,3,3,0.0
5068,ocgt,2030,32,4,4,0.0
5069,ocgt,2030,32,5,5,0.0
5070,ocgt,2030,32,6,6,0.0
5071,ocgt,2030,32,7,7,0.0
5072,ocgt,2030,32,8,8,0.0
5073,ocgt,2030,32,9,9,0.0
5074,ocgt,2030,32,10,10,0.0
5075,ocgt,2030,32,11,11,0.0
5076,ocgt,2030,32,12,12,0.0
5077,ocgt,2030,32,13,13,0.0
5078,ocgt,2030,32,14,14,0.0
5079,ocgt,2030,32,15,15,0.0
5080,ocgt,2030,32,16,16,0.0
5081,ocgt,2030,32,17,17,0.0
5082,ocgt,2030,32,18,18,0.0
5083,ocgt,2030,32,19,19,0.0
5084,ocgt,2030,32,20,20,0.0
5085,ocgt,2030,32,21,21,0.0
5086,ocgt,2030,32,22,22,0.0
5087,ocgt,2030,32,23,23,0.0
5088,ocgt,2030,32,24,24,0.0
5089,ocgt,2030,33,1,1,0.0
5090,ocgt,2030,33,2,2,0.0
5091,ocgt,2030,33,3,3,0.0
5092,ocgt,2030,33,4,4,0.0
5093,ocgt,2030,33,5,5,0.0
5094,ocgt,2030,33,6,6,0.0
5095,ocgt,2030,33,7,7,0.0
5096,ocgt,2030,33,8,8,0.0
5097,ocgt,2030,33,9,9,0.0
5098,ocgt,2030,33,10,10,0.0
5099,ocgt,2030,33,11,11,0.0
5100,ocgt,2030,33,12,12,0.0
5101,ocgt,2030,33,13,13,0.0
5102,ocgt,2030,33,14,14,0.0
5103,ocgt,2030,33,15,15,0.0
5104,ocgt,2030,33,16,16,0.0
5105,ocgt,2030,33,17,17,0.0
5106,ocgt,2030,33,18,18,0.0
5107,ocgt,2030,33,19,19,0.0
5108,ocgt,2030,33,20,20,0.0
5109,ocgt,2030,33,21,21,0.0
5110,ocgt,2030,33,22,22,0.0
5111,ocgt,2030,33,23,23,0.0
5112,ocgt,2030,33,24,24,0.0
5113,ocgt,2030,34,1,1,0.0
5114,ocgt,2030,34,2,2,0.0
5115,ocgt,2030,34,3,3,0.0
5116,ocgt,2030,34,4,4,0.0
5117,ocgt,2030,34,5,5,0.0
5118,ocgt,2030,34,6,6,0.0
5119,ocgt,2030,34,7,7,0.0
5120,ocgt,2030,34,8,8,0.0
5121,ocgt,2030,34,9,9,0.0
5122,ocgt,2030,34,10,10,0.0
5123,ocgt,2030,34,11,11,0.0
5124,ocgt,2030,34,12,12,0.0
5125,ocgt,2030,34,13,13,0.0
5126,ocgt,2030,34,14,14,0.0
5127,ocgt,2030,34,15,15,0.0
5128,ocgt,2030,34,16,16,0.0
5129,ocgt,2030,34,17,17,0.0
5130,ocgt,2030,34,18,18,0.0
5131,ocgt,2030,34,19,19,0.0
5132,ocgt,2030,34,20,20,0.0
5133,ocgt,2030,34,21,21,0.0
5134,ocgt,2030,34,22,22,0.0
5135,ocgt,2030,34,23,23,0.0
5136,ocgt,2030,34,24,24,0.0
5137,ocgt,2030,35,1,1,0.0
5138,ocgt,2030,35,2,2,0.0
5139,ocgt,2030,35,3,3,0.0
5140,ocgt,2030,35,4,4,0.0
5141,ocgt,2030,35,5,5,0.0
5142,ocgt,2030,35,6,6,0.0
5143,ocgt,2030,35,7,7,0.0
5144,ocgt,2030,35,8,8,0.0
5145,ocgt,2030,35,9,9,0.0
5146,ocgt,2030,35,10,10,0.0
5147,ocgt,2030,35,11,11,0.0
5148,ocgt,2030,35,12,12,0.0
5149,ocgt,2030,35,13,13,0.0
5150,ocgt,2030,35,14,14,0.0
5151,ocgt,2030,35,15,15,0.0
5152,ocgt,2030,35,16,16,0.0
5153,ocgt,2030,35,17,17,0.0
5154,ocgt,2030,35,18,18,0.0
5155,ocgt,2030,35,19,19,0.0
5156,ocgt,2030,35,20,20,0.0
5157,ocgt,2030,35,21,21,0.0
5158,ocgt,2030,35,22,22,0.0
5159,ocgt,2030,35,23,23,0.0
5160,ocgt,2030,35,24,24,0.0
5161,ocgt,2030,36,1,1,0.0
5162,ocgt,2030,36,2,2,0.0
5163,ocgt,2030,36,3,3,0.0
5164,ocgt,2030,36,4,4,0.0
5165,ocgt,2030,36,5,5,0.0
5166,ocgt,2030,36,6,6,0.0
5167,ocgt,2030,36,7,7,0.0
5168,ocgt,2030,36,8,8,0.0
5169,ocgt,2030,36,9,9,0.0
5170,ocgt,2030,36,10,10,0.0
5171,ocgt,2030,36,11,11,0.0
5172,ocgt,2030,36,12,12,0.0
5173,ocgt,2030,36,13,13,0.0
5174,ocgt,2030,36,14,14,0.0
5175,ocgt,2030,36,15,15,0.0
5176,ocgt,2030,36,16,16,0.0
5177,ocgt,2030,36,17,17,0.0
5178,ocgt,2030,36,18,18,0.0
5179,ocgt,2030,36,19,19,0.0
5180,ocgt,2030,36,20,20,0.0
5181,ocgt,2030,36,21,21,0.0
5182,ocgt,2030,36,22,22,0.0
5183,ocgt,2030,36,23,23,0.0
5184,ocgt,2030,36,24,24,0.0
5185,ocgt,2030,37,1,1,0.0
5186,ocgt,2030,37,2,2,0.0
5187,ocgt,2030,37,3,3,0.0
5188,ocgt,2030,37,4,4,0.0
5189,ocgt,2030,37,5,5,0.0
5190,ocgt,2030,37,6,6,0.0
5191,ocgt,2030,37,7,7,0.0
5192,ocgt,2030,37,8,8,0.0
5193,ocgt,2030,37,9,9,0.0
5194,ocgt,2030,37,10,10,0.0
5195,ocgt,2030,37,11,11,0.0
5196,ocgt,2030,37,12,12,0.0
5197,ocgt,2030,37,13,13,0.0
5198,ocgt,2030,37,14,14,0.0
5199,ocgt,2030,37,15,15,0.0
5200,ocgt,2030,37,16,16,0.0
5201,ocgt,2030,37,17,17,0.0
5202,ocgt,2030,37,18,18,0.0
5203,ocgt,2030,37,19,19,0.0
5204,ocgt,2030,37,20,20,0.0
5205,ocgt,2030,37,21,21,0.0
5206,ocgt,2030,37,22,22,0.0
5207,ocgt,2030,37,23,23,0.0
5208,ocgt,2030,37,24,24,0.0
5209,ocgt,2030,38,1,1,0.0
5210,ocgt,2030,38,2,2,0.0
5211,ocgt,2030,38,3,3,0.0
5212,ocgt,2030,38,4,4,0.0
5213,ocgt,2030,38,5,5,0.0
5214,ocgt,2030,38,6,6,0.0
5215,ocgt,2030,38,7,7,0.0
5216,ocgt,2030,38,8,8,0.0
5217,ocgt,2030,38,9,9,0.0
5218,ocgt,2030,38,10,10,0.0
5219,ocgt,2030,38,11,11,0.0
5220,ocgt,2030,38,12,12,0.0
5221,ocgt,2030,38,13,13,0.0
5222,ocgt,2030,38,14,14,0.0
5223,ocgt,2030,38,15,15,0.0
5224,ocgt,2030,38,16,16,0.0
5225,ocgt,2030,38,17,17,0.0
5226,ocgt,2030,38,18,18,0.0
5227,ocgt,2030,38,19,19,0.0
5228,ocgt,2030,38,20,20,0.0
5229,ocgt,2030,38,21,21,0.0
5230,ocgt,2030,38,22,22,0.0
5231,ocgt,2030,38,23,23,0.0
5232,ocgt,2030,38,24,24,0.0
5233,ocgt,2030,39,1,1,0.0
5234,ocgt,2030,39,2,2,0.0
5235,ocgt,2030,39,3,3,0.0
5236,ocgt,2030,39,4,4,0.0
5237,ocgt,2030,39,5,5,0.0
5238,ocgt,2030,39,6,6,0.0
5239,ocgt,2030,39,7,7,0.0
5240,ocgt,2030,39,8,8,0.0
5241,ocgt,2030,39,9,9,0.0
5242,ocgt,2030,39,10,10,0.0
5243,ocgt,2030,39,11,11,0.0
5244,ocgt,2030,39,12,12,0.0
5245,ocgt,2030,39,13,13,0.0
5246,ocgt,2030,39,14,14,0.0
5247,ocgt,2030,39,15,15,0.0
5248,ocgt,2030,39,16,16,0.0
5249,ocgt,2030,39,17,17,0.0
5250,ocgt,2030,39,18,18,0.0
5251,ocgt,2030,39,19,19,0.0
5252,ocgt,2030,39,20,20,0.0
5253,ocgt,2030,39,21,21,0.0
5254,ocgt,2030,39,22,22,0.0
5255,ocgt,2030,39,23,23,0.0
5256,ocgt,2030,39,24,24,0.0
5257,ocgt,2030,40,1,1,0.0
5258,ocgt,2030,40,2,2,0.0
5259,ocgt,2030,40,3,3,0.0
5260,ocgt,2030,40,4,4,0.0
5261,ocgt,2030,40,5,5,0.0
5262,ocgt,2030,40,6,6,0.0
5263,ocgt,2030,40,7,7,0.0
5264,ocgt,2030,40,8,8,0.0
5265,ocgt,2030,40,9,9,0.0
5266,ocgt,2030,40,10,10,0.0
5267,ocgt,2030,40,11,11,0.0
5268,ocgt,2030,40,12,12,0.0
5269,ocgt,2030,40,13,13,0.0
5270,ocgt,2030,40,14,14,0.0
5271,ocgt,2030,40,15,15,0.0
5272,ocgt,2030,40,16,16,0.0
5273,ocgt,2030,40,17,17,0.0
5274,ocgt,2030,40,18,18,0.0
5275,ocgt,2030,40,19,19,0.0
5276,ocgt,2030,40,20,20,0.0
5277,ocgt,2030,40,21,21,0.0
5278,ocgt,2030,40,22,22,0.0
5279,ocgt,2030,40,23,23,0.0
5280,ocgt,2030,40,24,24,0.0
5281,ocgt,2030,41,1,1,0.0
5282,ocgt,2030,41,2,2,0.0
5283,ocgt,2030,41,3,3,0.0
5284,ocgt,2030,41,4,4,0.0
5285,ocgt,2030,41,5,5,0.0
5286,ocgt,2030,41,6,6,0.0
5287,ocgt,2030,41,7,7,0.0
5288,ocgt,2030,41,8,8,0.0
5289,ocgt,2030,41,9,9,0.0
5290,ocgt,2030,41,10,10,0.0
5291,ocgt,2030,41,11,11,0.0
5292,ocgt,2030,41,12,12,0.0
5293,ocgt,2030,41,13,13,0.0
5294,ocgt,2030,41,14,14,0.0
5295,ocgt,2030,41,15,15,0.0
5296,ocgt,2030,41,16,16,0.0
5297,ocgt,2030,41,17,17,0.0
5298,ocgt,2030,41,18,18,0.0
5299,ocgt,2030,41,19,19,0.0
5300,ocgt,2030,41,20,20,0.0
5301,ocgt,2030,41,21,21,0.0
5302,ocgt,2030,41,22,22,0.0
5303,ocgt,2030,41,23,23,0.0
5304,ocgt,2030,41,24,24,0.0
5305,ocgt,2030,42,1,1,0.0
5306,ocgt,2030,42,2,2,0.0
5307,ocgt,2030,42,3,3,0.0
5308,ocgt,2030,42,4,4,0.0
5309,ocgt,2030,42,5,5,0.0
5310,ocgt,2030,42,6,6,0.0
5311,ocgt,2030,42,7,7,0.0
5312,ocgt,2030,42,8,8,0.0
5313,ocgt,2030,42,9,9,0.0
5314,ocgt,2030,42,10,10,0.0
5315,ocgt,2030,42,11,11,0.0
5316,ocgt,2030,42,12,12,0.0
5317,ocgt,2030,42,13,13,0.0
5318,ocgt,2030,42,14,14,0.0
5319,ocgt,2030,42,15,15,0.0
5320,ocgt,2030,42,16,16,0.0
5321,ocgt,2030,42,17,17,0.0
5322,ocgt,2030,42,18,18,0.0
5323,ocgt,2030,42,19,19,0.0
5324,ocgt,2030,42,20,20,0.0
5325,ocgt,2030,42,21,21,0.0
5326,ocgt,2030,42,22,22,0.0
5327,ocgt,2030,42,23,23,0.0
5328,ocgt,2030,42,24,24,0.0
5329,ocgt,2030,43,1,1,0.0
5330,ocgt,2030,43,2,2,0.0
5331,ocgt,2030,43,3,3,0.0
5332,ocgt,2030,43,4,4,0.0
5333,ocgt,2030,43,5,5,0.0
5334,ocgt,2030,43,6,6,0.0
5335,ocgt,2030,43,7,7,0.0
5336,ocgt,2030,43,8,8,0.0
5337,ocgt,2030,43,9,9,0.0
5338,ocgt,2030,43,10,10,0.0
5339,ocgt,2030,43,11,11,0.0
5340,ocgt,2030,43,12,12,0.0
5341,ocgt,2030,43,13,13,0.0
5342,ocgt,2030,43,14,14,0.0
5343,ocgt,2030,43,15,15,0.0
5344,ocgt,2030,43,16,16,0.0
5345,ocgt,2030,43,17,17,0.0
5346,ocgt,2030,43,18,18,0.0
5347,ocgt,2030,43,19,19,0.0
5348,ocgt,2030,43,20,20,0.0
5349,ocgt,2030,43,21,21,0.0
5350,ocgt,2030,43,22,22,0.0
5351,ocgt,2030,43,23,23,0.0
5352,ocgt,2030,43,24,24,0.0
5353,ocgt,2030,44,1,1,0.0
5354,ocgt,2030,44,2,2,0.0
5355,ocgt,2030,44,3,3,0.0
5356,ocgt,2030,44,4,4,0.0
5357,ocgt,2030,44,5,5,0.0
5358,ocgt,2030,44,6,6,0.0
5359,ocgt,2030,44,7,7,0.0
5360,ocgt,2030,44,8,8,0.0
5361,ocgt,2030,44,9,9,0.0
5362,ocgt,2030,44,10,10,0.0
5363,ocgt,2030,44,11,11,0.0
5364,ocgt,2030,44,12,12,0.0
5365,ocgt,2030,44,13,13,0.0
5366,ocgt,2030,44,14,14,0.0
5367,ocgt,2030,44,15,15,0.0
5368,ocgt,2030,44,16,16,0.0
5369,ocgt,2030,44,17,17,0.0
5370,ocgt,2030,44,18,18,0.0
5371,ocgt,2030,44,19,19,0.0
5372,ocgt,2030,44,20,20,0.0
5373,ocgt,2030,44,21,21,0.0
5374,ocgt,2030,44,22,22,0.0
5375,ocgt,2030,44,23,23,0.0
5376,ocgt,2030,44,24,24,0.0
5377,ocgt,2030,45,1,1,0.0
5378,ocgt,2030,45,2,2,0.0
5379,ocgt,2030,45,3,3,0.0
5380,ocgt,2030,45,4,4,0.0
5381,ocgt,2030,45,5,5,0.0
5382,ocgt,2030,45,6,6,0.0
5383,ocgt,2030,45,7,7,0.0
5384,ocgt,2030,45,8,8,0.0
5385,ocgt,2030,45,9,9,0.0
5386,ocgt,2030,45,10,10,0.0
5387,ocgt,2030,45,11,11,0.0
5388,ocgt,2030,45,12,12,0.0
5389,ocgt,2030,45,13,13,0.0
5390,ocgt,2030,45,14,14,0.0
5391,ocgt,2030,45,15,15,0.0
5392,ocgt,2030,45,16,16,0.0
5393,ocgt,2030,45,17,17,0.0
5394,ocgt,2030,45,18,18,0.0
5395,ocgt,2030,45,19,19,0.0
5396,ocgt,2030,45,20,20,0.0
5397,ocgt,2030,45,21,21,0.0
5398,ocgt,2030,45,22,22,0.0
5399,ocgt,2030,45,23,23,0.0
5400,ocgt,2030,45,24,24,0.0
5401,ocgt,2030,46,1,1,0.0
5402,ocgt,2030,46,2,2,0.0
5403,ocgt,2030,46,3,3,0.0
5404,ocgt,2030,46,4,4,0.0
5405,ocgt,2030,46,5,5,0.0
5406,ocgt,2030,46,6,6,0.0
5407,ocgt,2030,46,7,7,0.0
5408,ocgt,2030,46,8,8,0.0
5409,ocgt,2030,46,9,9,0.0
5410,ocgt,2030,46,10,10,0.0
5411,ocgt,2030,46,11,11,0.0
5412,ocgt,2030,46,12,12,0.0
5413,ocgt,2030,46,13,13,0.0
5414,ocgt,2030,46,14,14,0.0
5415,ocgt,2030,46,15,15,0.0
5416,ocgt,2030,46,16,16,0.0
5417,ocgt,2030,46,17,17,0.0
5418,ocgt,2030,46,18,18,0.0
5419,ocgt,2030,46,19,19,0.0
5420,ocgt,2030,46,20,20,0.0
5421,ocgt,2030,46,21,21,0.0
5422,ocgt,2030,46,22,22,0.0
5423,ocgt,2030,46,23,23,0.0
5424,ocgt,2030,46,24,24,0.0
5425,ocgt,2030,47,1,1,0.0
5426,ocgt,2030,47,2,2,0.0
5427,ocgt,2030,47,3,3,0.0
5428,ocgt,2030,47,4,4,0.0
5429,ocgt,2030,47,5,5,0.0
5430,ocgt,2030,47,6,6,0.0
5431,ocgt,2030,47,7,7,0.0
5432,ocgt,2030,47,8,8,0.0
5433,ocgt,2030,47,9,9,0.0
5434,ocgt,2030,47,10,10,0.0
5435,ocgt,2030,47,11,11,0.0
5436,ocgt,2030,47,12,12,0.0
5437,ocgt,2030,47,13,13,0.0
5438,ocgt,2030,47,14,14,0.0
5439,ocgt,2030,47,15,15,0.0
5440,ocgt,2030,47,16,16,0.0
5441,ocgt,2030,47,17,17,0.0
5442,ocgt,2030,47,18,18,0.0
5443,ocgt,2030,47,19,19,0.0
5444,ocgt,2030,47,20,20,0.0
5445,ocgt,2030,47,21,21,0.0
5446,ocgt,2030,47,22,22,0.0
5447,ocgt,2030,47,23,23,0.0
5448,ocgt,2030,47,24,24,0.0
5449,ocgt,2030,48,1,1,0.0
5450,ocgt,2030,48,2,2,0.0
5451,ocgt,2030,48,3,3,0.0
5452,ocgt,2030,48,4,4,0.0
5453,ocgt,2030,48,5,5,0.0
5454,ocgt,2030,48,6,6,0.0
5455,ocgt,2030,48,7,7,0.0
5456,ocgt,2030,48,8,8,0.0
5457,ocgt,2030,48,9,9,0.0
5458,ocgt,2030,48,10,10,0.0
5459,ocgt,2030,48,11,11,0.0
5460,ocgt,2030,48,12,12,0.0
5461,ocgt,2030,48,13,13,0.0
5462,ocgt,2030,48,14,14,0.0
5463,ocgt,2030,48,15,15,0.0
5464,ocgt,2030,48,16,16,0.0
5465,ocgt,2030,48,17,17,0.0
5466,ocgt,2030,48,18,18,0.0
5467,ocgt,2030,48,19,19,0.0
5468,ocgt,2030,48,20,20,0.0
5469,ocgt,2030,48,21,21,0.0
5470,ocgt,2030,48,22,22,0.0
5471,ocgt,2030,48,23,23,0.0
5472,ocgt,2030,48,24,24,0.0
5473,ocgt,2030,49,1,1,0.0
5474,ocgt,2030,49,2,2,0.0
5475,ocgt,2030,49,3,3,0.0
5476,ocgt,2030,49,4,4,0.0
5477,ocgt,2030,49,5,5,0.0
5478,ocgt,2030,49,6,6,0.0
5479,ocgt,2030,49,7,7,0.0
5480,ocgt,2030,49,8,8,0.0
5481,ocgt,2030,49,9,9,0.0
5482,ocgt,2030,49,10,10,0.0
5483,ocgt,2030,49,11,11,0.0
5484,ocgt,2030,49,12,12,0.0
5485,ocgt,2030,49,13,13,0.0
5486,ocgt,2030,49,14,14,0.0
5487,ocgt,2030,49,15,15,0.0
5488,ocgt,2030,49,16,16,0.0
5489,ocgt,2030,49,17,17,0.0
5490,ocgt,2030,49,18,18,0.0
5491,ocgt,2030,49,19,19,0.0
5492,ocgt,2030,49,20,20,0.0
5493,ocgt,2030,49,21,21,0.0
5494,ocgt,2030,49,22,22,0.0
5495,ocgt,2030,49,23,23,0.0
5496,ocgt,2030,49,24,24,0.0
5497,ocgt,2030,50,1,1,0.0
5498,ocgt,2030,50,2,2,0.0
5499,ocgt,2030,50,3,3,0.0
5500,ocgt,2030,50,4,4,0.0
5501,ocgt,2030,50,5,5,0.0
5502,ocgt,2030,50,6,6,0.0
5503,ocgt,2030,50,7,7,0.0
5504,ocgt,2030,50,8,8,0.0
5505,ocgt,2030,50,9,9,0.0
5506,ocgt,2030,50,10,10,0.0
5507,ocgt,2030,50,11,11,0.0
5508,ocgt,2030,50,12,12,0.0
5509,ocgt,2030,50,13,13,0.0
5510,ocgt,2030,50,14,14,0.0
5511,ocgt,2030,50,15,15,0.0
5512,ocgt,2030,50,16,16,0.0
5513,ocgt,2030,50,17,17,0.0
5514,ocgt,2030,50,18,18,0.0
5515,ocgt,2030,50,19,19,0.0
5516,ocgt,2030,50,20,20,0.0
5517,ocgt,2030,50,21,21,0.0
5518,ocgt,2030,50,22,22,0.0
5519,ocgt,2030,50,23,23,0.0
5520,ocgt,2030,50,24,24,0.0
5521,ocgt,2030,51,1,1,0.0
5522,ocgt,2030,51,2,2,0.0
5523,ocgt,2030,51,3,3,0.0
5524,ocgt,2030,51,4,4,0.0
5525,ocgt,2030,51,5,5,0.0
5526,ocgt,2030,51,6,6,0.0
5527,ocgt,2030,51,7,7,0.0
5528,ocgt,2030,51,8,8,0.0
5529,ocgt,2030,51,9,9,0.0
5530,ocgt,2030,51,10,10,0.0
5531,ocgt,2030,51,11,11,0.0
5532,ocgt,2030,51,12,12,0.0
5533,ocgt,2030,51,13,13,0.0
5534,ocgt,2030,51,14,14,0.0
5535,ocgt,2030,51,15,15,0.0
5536,ocgt,2030,51,16,16,0.0
5537,ocgt,2030,51,17,17,0.0
5538,ocgt,2030,51,18,18,0.0
5539,ocgt,2030,51,19,19,0.0
5540,ocgt,2030,51,20,20,0.0
5541,ocgt,2030,51,21,21,0.0
5542,ocgt,2030,51,22,22,0.0
5543,ocgt,2030,51,23,23,0.0
5544,ocgt,2030,51,24,24,0.0
5545,ocgt,2030,52,1,1,0.0
5546,ocgt,2030,52,2,2,0.0
5547,ocgt,2030,52,3,3,0.0
5548,ocgt,2030,52,4,4,0.0
5549,ocgt,2030,52,5,5,0.0
5550,ocgt,2030,52,6,6,0.0
5551,ocgt,2030,52,7,7,0.0
5552,ocgt,2030,52,8,8,0.0
5553,ocgt,2030,52,9,9,0.0
5554,ocgt,2030,52,10,10,0.0
5555,ocgt,2030,52,11,11,0.0
5556,ocgt,2030,52,12,12,0.0
5557,ocgt,2030,52,13,13,0.0
5558,ocgt,2030,52,14,14,0.0
5559,ocgt,2030,52,15,15,0.0
5560,ocgt,2030,52,16,16,0.0
5561,ocgt,2030,52,17,17,0.0
5562,ocgt,2030,52,18,18,0.0
5563,ocgt,2030,52,19,19,0.0
5564,ocgt,2030,52,20,20,0.0
5565,ocgt,2030,52,21,21,0.0
5566,ocgt,2030,52,22,22,0.0
5567,ocgt,2030,52,23,23,0.0
5568,ocgt,2030,52,24,24,0.0
5569,ocgt,2030,53,1,1,0.0
5570,ocgt,2030,53,2,2,0.0
5571,ocgt,2030,53,3,3,0.0
5572,ocgt,2030,53,4,4,0.0
5573,ocgt,2030,53,5,5,0.0
5574,ocgt,2030,53,6,6,0.0
5575,ocgt,2030,53,7,7,0.0
5576,ocgt,2030,53,8,8,0.0
5577,ocgt,2030,53,9,9,0.0
5578,ocgt,2030,53,10,10,0.0
5579,ocgt,2030,53,11,11,0.0
5580,ocgt,2030,53,12,12,0.0
5581,ocgt,2030,53,13,13,0.0
5582,ocgt,2030,53,14,14,0.0
5583,ocgt,2030,53,15,15,0.0
5584,ocgt,2030,53,16,16,0.0
5585,ocgt,2030,53,17,17,0.0
5586,ocgt,2030,53,18,18,0.0
5587,ocgt,2030,53,19,19,0.0
5588,ocgt,2030,53,20,20,0.0
5589,ocgt,2030,53,21,21,0.0
5590,ocgt,2030,53,22,22,0.0
5591,ocgt,2030,53,23,23,0.0
5592,ocgt,2030,53,24,24,0.0
5593,ocgt,2030,54,1,1,0.0
5594,ocgt,2030,54,2,2,0.0
5595,ocgt,2030,54,3,3,0.0
5596,ocgt,2030,54,4,4,0.0
5597,ocgt,2030,54,5,5,0.0
5598,ocgt,2030,54,6,6,0.0
5599,ocgt,2030,54,7,7,0.0
5600,ocgt,2030,54,8,8,0.0
5601,ocgt,2030,54,9,9,0.0
5602,ocgt,2030,54,10,10,0.0
5603,ocgt,2030,54,11,11,0.0
5604,ocgt,2030,54,12,12,0.0
5605,ocgt,2030,54,13,13,0.0
5606,ocgt,2030,54,14,14,0.0
5607,ocgt,2030,54,15,15,0.0
5608,ocgt,2030,54,16,16,0.0
5609,ocgt,2030,54,17,17,0.0
5610,ocgt,2030,54,18,18,0.0
5611,ocgt,2030,54,19,19,0.0
5612,ocgt,2030,54,20,20,0.0
5613,ocgt,2030,54,21,21,0.0
5614,ocgt,2030,54,22,22,0.0
5615,ocgt,2030,54,23,23,0.0
5616,ocgt,2030,54,24,24,0.0
5617,ocgt,2030,55,1,1,0.0
5618,ocgt,2030,55,2,2,0.0
5619,ocgt,2030,55,3,3,0.0
5620,ocgt,2030,55,4,4,0.0
5621,ocgt,2030,55,5,5,0.0
5622,ocgt,2030,55,6,6,0.0
5623,ocgt,2030,55,7,7,0.0
5624,ocgt,2030,55,8,8,0.0
5625,ocgt,2030,55,9,9,0.0
5626,ocgt,2030,55,10,10,0.0
5627,ocgt,2030,55,11,11,0.0
5628,ocgt,2030,55,12,12,0.0
5629,ocgt,2030,55,13,13,0.0
5630,ocgt,2030,55,14,14,0.0
5631,ocgt,2030,55,15,15,0.0
5632,ocgt,2030,55,16,16,0.0
5633,ocgt,2030,55,17,17,0.0
5634,ocgt,2030,55,18,18,0.0
5635,ocgt,2030,55,19,19,0.0
5636,ocgt,2030,55,20,20,0.0
5637,ocgt,2030,55,21,21,0.0
5638,ocgt,2030,55,22,22,0.0
5639,ocgt,2030,55,23,23,0.0
5640,ocgt,2030,55,24,24,0.0
5641,ocgt,2030,56,1,1,0.0
5642,ocgt,2030,56,2,2,0.0
5643,ocgt,2030,56,3,3,0.0
5644,ocgt,2030,56,4,4,0.0
5645,ocgt,2030,56,5,5,0.0
5646,ocgt,2030,56,6,6,0.0
5647,ocgt,2030,56,7,7,0.0
5648,ocgt,2030,56,8,8,0.0
5649,ocgt,2030,56,9,9,0.0
5650,ocgt,2030,56,10,10,0.0
5651,ocgt,2030,56,11,11,0.0
5652,ocgt,2030,56,12,12,0.0
5653,ocgt,2030,56,13,13,0.0
5654,ocgt,2030,56,14,14,0.0
5655,ocgt,2030,56,15,15,0.0
5656,ocgt,2030,56,16,16,0.0
5657,ocgt,2030,56,17,17,0.0
5658,ocgt,2030,56,18,18,0.0
5659,ocgt,2030,56,19,19,0.0
5660,ocgt,2030,56,20,20,0.0
5661,ocgt,2030,56,21,21,0.0
5662,ocgt,2030,56,22,22,0.0
5663,ocgt,2030,56,23,23,0.0
5664,ocgt,2030,56,24,24,0.0
5665,ocgt,2030,57,1,1,0.0
5666,ocgt,2030,57,2,2,0.0
5667,ocgt,2030,57,3,3,0.0
5668,ocgt,2030,57,4,4,0.0
5669,ocgt,2030,57,5,5,0.0
5670,ocgt,2030,57,6,6,0.0
5671,ocgt,2030,57,7,7,0.0
5672,ocgt,2030,57,8,8,0.0
5673,ocgt,2030,57,9,9,0.0
5674,ocgt,2030,57,10,10,0.0
5675,ocgt,2030,57,11,11,0.0
5676,ocgt,2030,57,12,12,0.0
5677,ocgt,2030,57,13,13,0.0
5678,ocgt,2030,57,14,14,0.0
5679,ocgt,2030,57,15,15,0.0
5680,ocgt,2030,57,16,16,0.0
5681,ocgt,2030,57,17,17,0.0
5682,ocgt,2030,57,18,18,0.0
5683,ocgt,2030,57,19,19,0.0
5684,ocgt,2030,57,20,20,0.0
5685,ocgt,2030,57,21,21,0.0
5686,ocgt,2030,57,22,22,0.0
5687,ocgt,2030,57,23,23,0.0
5688,ocgt,2030,57,24,24,0.0
5689,ocgt,2030,58,1,1,0.0
5690,ocgt,2030,58,2,2,0.0
5691,ocgt,2030,58,3,3,0.0
5692,ocgt,2030,58,4,4,0.0
5693,ocgt,2030,58,5,5,0.0
5694,ocgt,2030,58,6,6,0.0
5695,ocgt,2030,58,7,7,0.0
5696,ocgt,2030,58,8,8,0.0
5697,ocgt,2030,58,9,9,0.0
5698,ocgt,2030,58,10,10,0.0
5699,ocgt,2030,58,11,11,0.0
5700,ocgt,2030,58,12,12,0.0
5701,ocgt,2030,58,13,13,0.0
5702,ocgt,2030,58,14,14,0.0
5703,ocgt,2030,58,15,15,0.0
5704,ocgt,2030,58,16,16,0.0
5705,ocgt,2030,58,17,17,0.0
5706,ocgt,2030,58,18,18,0.0
5707,ocgt,2030,58,19,19,0.0
5708,ocgt,2030,58,20,20,0.0
5709,ocgt,2030,58,21,21,0.0
5710,ocgt,2030,58,22,22,0.0
5711,ocgt,2030,58,23,23,0.0
5712,ocgt,2030,58,24,24,0.0
5713,ocgt,2030,59,1,1,0.0
5714,ocgt,2030,59,2,2,0.0
5715,ocgt,2030,59,3,3,0.0
5716,ocgt,2030,59,4,4,0.0
5717,ocgt,2030,59,5,5,0.0
5718,ocgt,2030,59,6,6,0.0
5719,ocgt,2030,59,7,7,0.0
5720,ocgt,2030,59,8,8,0.0
5721,ocgt,2030,59,9,9,0.0
5722,ocgt,2030,59,10,10,0.0
5723,ocgt,2030,59,11,11,0.0
5724,ocgt,2030,59,12,12,0.0
5725,ocgt,2030,59,13,13,0.0
5726,ocgt,2030,59,14,14,0.0
5727,ocgt,2030,59,15,15,0.0
5728,ocgt,2030,59,16,16,0.0
5729,ocgt,2030,59,17,17,0.0
5730,ocgt,2030,59,18,18,0.0
5731,ocgt,2030,59,19,19,0.0
5732,ocgt,2030,59,20,20,0.0
5733,ocgt,2030,59,21,21,0.0
5734,ocgt,2030,59,22,22,0.0
5735,ocgt,2030,59,23,23,0.0
5736,ocgt,2030,59,24,24,0.0
5737,ocgt,2030,60,1,1,0.0
5738,ocgt,2030,60,2,2,0.0
5739,ocgt,2030,60,3,3,0.0
5740,ocgt,2030,60,4,4,0.0
5741,ocgt,2030,60,5,5,0.0
5742,ocgt,2030,60,6,6,0.0
5743,ocgt,2030,60,7,7,0.0
5744,ocgt,2030,60,8,8,0.0
5745,ocgt,2030,60,9,9,0.0
5746,ocgt,2030,60,10,10,0.0
5747,ocgt,2030,60,11,11,0.0
5748,ocgt,2030,60,12,12,0.0
5749,ocgt,2030,60,13,13,0.0
5750,ocgt,2030,60,14,14,0.0
5751,ocgt,2030,60,15,15,0.0
5752,ocgt,2030,60,16,16,0.0
5753,ocgt,2030,60,17,17,0.0
5754,ocgt,2030,60,18,18,0.0
5755,ocgt,2030,60,19,19,0.0
5756,ocgt,2030,60,20,20,0.0
5757,ocgt,2030,60,21,21,0.0
5758,ocgt,2030,60,22,22,0.0
5759,ocgt,2030,60,23,23,0.0
5760,ocgt,2030,60,24,24,0.0
5761,ocgt,2030,61,1,1,0.0
5762,ocgt,2030,61,2,2,0.0
5763,ocgt,2030,61,3,3,0.0
5764,ocgt,2030,61,4,4,0.0
5765,ocgt,2030,61,5,5,0.0
5766,ocgt,2030,61,6,6,0.0
5767,ocgt,2030,61,7,7,0.0
5768,ocgt,2030,61,8,8,0.0
5769,ocgt,2030,61,9,9,0.0
5770,ocgt,2030,61,10,10,0.0
5771,ocgt,2030,61,11,11,0.0
5772,ocgt,2030,61,12,12,0.0
5773,ocgt,2030,61,13,13,0.0
5774,ocgt,2030,61,14,14,0.0
5775,ocgt,2030,61,15,15,0.0
5776,ocgt,2030,61,16,16,0.0
5777,ocgt,2030,61,17,17,0.0
5778,ocgt,2030,61,18,18,0.0
5779,ocgt,2030,61,19,19,0.0
5780,ocgt,2030,61,20,20,0.0
5781,ocgt,2030,61,21,21,0.0
5782,ocgt,2030,61,22,22,0.0
5783,ocgt,2030,61,23,23,0.0
5784,ocgt,2030,61,24,24,0.0
5785,ocgt,2030,62,1,1,0.0
5786,ocgt,2030,62,2,2,0.0
5787,ocgt,2030,62,3,3,0.0
5788,ocgt,2030,62,4,4,0.0
5789,ocgt,2030,62,5,5,0.0
5790,ocgt,2030,62,6,6,0.0
5791,ocgt,2030,62,7,7,0.0
5792,ocgt,2030,62,8,8,0.0
5793,ocgt,2030,62,9,9,0.0
5794,ocgt,2030,62,10,10,0.0
5795,ocgt,2030,62,11,11,0.0
5796,ocgt,2030,62,12,12,0.0
5797,ocgt,2030,62,13,13,0.0
5798,ocgt,2030,62,14,14,0.0
5799,ocgt,2030,62,15,15,0.0
5800,ocgt,2030,62,16,16,0.0
5801,ocgt,2030,62,17,17,0.0
5802,ocgt,2030,62,18,18,0.0
5803,ocgt,2030,62,19,19,0.0
5804,ocgt,2030,62,20,20,0.0
5805,ocgt,2030,62,21,21,0.0
5806,ocgt,2030,62,22,22,0.0
5807,ocgt,2030,62,23,23,0.0
5808,ocgt,2030,62,24,24,0.0
5809,ocgt,2030,63,1,1,0.0
5810,ocgt,2030,63,2,2,0.0
5811,ocgt,2030,63,3,3,0.0
5812,ocgt,2030,63,4,4,0.0
5813,ocgt,2030,63,5,5,0.0
5814,ocgt,2030,63,6,6,0.0
5815,ocgt,2030,63,7,7,0.0
5816,ocgt,2030,63,8,8,0.0
5817,ocgt,2030,63,9,9,0.0
5818,ocgt,2030,63,10,10,0.0
5819,ocgt,2030,63,11,11,0.0
5820,ocgt,2030,63,12,12,0.0
5821,ocgt,2030,63,13,13,0.0
5822,ocgt,2030,63,14,14,0.0
5823,ocgt,2030,63,15,15,0.0
5824,ocgt,2030,63,16,16,0.0
5825,ocgt,2030,63,17,17,0.0
5826,ocgt,2030,63,18,18,0.0
5827,ocgt,2030,63,19,19,0.0
5828,ocgt,2030,63,20,20,0.0
5829,ocgt,2030,63,21,21,0.0
5830,ocgt,2030,63,22,22,0.0
5831,ocgt,2030,63,23,23,0.0
5832,ocgt,2030,63,24,24,0.0
5833,ocgt,2030,64,1,1,0.0
5834,ocgt,2030,64,2,2,0.0
5835,ocgt,2030,64,3,3,0.0
5836,ocgt,2030,64,4,4,0.0
5837,ocgt,2030,64,5,5,0.0
5838,ocgt,2030,64,6,6,0.0
5839,ocgt,2030,64,7,7,0.0
5840,ocgt,2030,64,8,8,0.0
5841,ocgt,2030,64,9,9,0.0
5842,ocgt,2030,64,10,10,0.0
5843,ocgt,2030,64,11,11,0.0
5844,ocgt,2030,64,12,12,0.0
5845,ocgt,2030,64,13,13,0.0
5846,ocgt,2030,64,14,14,0.0
5847,ocgt,2030,64,15,15,0.0
5848,ocgt,2030,64,16,16,0.0
5849,ocgt,2030,64,17,17,0.0
5850,ocgt,2030,64,18,18,0.0
5851,ocgt,2030,64,19,19,0.0
5852,ocgt,2030,64,20,20,0.0
5853,ocgt,2030,64,21,21,0.0
5854,ocgt,2030,64,22,22,0.0
5855,ocgt,2030,64,23,23,0.0
5856,ocgt,2030,64,24,24,0.0
5857,ocgt,2030,65,1,1,0.0
5858,ocgt,2030,65,2,2,0.0
5859,ocgt,2030,65,3,3,0.0
5860,ocgt,2030,65,4,4,0.0
5861,ocgt,2030,65,5,5,0.0
5862,ocgt,2030,65,6,6,0.0
5863,ocgt,2030,65,7,7,0.0
5864,ocgt,2030,65,8,8,0.0
5865,ocgt,2030,65,9,9,0.0
5866,ocgt,2030,65,10,10,0.0
5867,ocgt,2030,65,11,11,0.0
5868,ocgt,2030,65,12,12,0.0
5869,ocgt,2030,65,13,13,0.0
5870,ocgt,2030,65,14,14,0.0
5871,ocgt,2030,65,15,15,0.0
5872,ocgt,2030,65,16,16,0.0
5873,ocgt,2030,65,17,17,0.0
5874,ocgt,2030,65,18,18,0.0
5875,ocgt,2030,65,19,19,0.0
5876,ocgt,2030,65,20,20,0.0
5877,ocgt,2030,65,21,21,0.0
5878,ocgt,2030,65,22,22,0.0
5879,ocgt,2030,65,23,23,0.0
5880,ocgt,2030,65,24,24,0.0
5881,ocgt,2030,66,1,1,0.0
5882,ocgt,2030,66,2,2,0.0
5883,ocgt,2030,66,3,3,0.0
5884,ocgt,2030,66,4,4,0.0
5885,ocgt,2030,66,5,5,0.0
5886,ocgt,2030,66,6,6,0.0
5887,ocgt,2030,66,7,7,0.0
5888,ocgt,2030,66,8,8,0.0
5889,ocgt,2030,66,9,9,0.0
5890,ocgt,2030,66,10,10,0.0
5891,ocgt,2030,66,11,11,0.0
5892,ocgt,2030,66,12,12,0.0
5893,ocgt,2030,66,13,13,0.0
5894,ocgt,2030,66,14,14,0.0
5895,ocgt,2030,66,15,15,0.0
5896,ocgt,2030,66,16,16,0.0
5897,ocgt,2030,66,17,17,0.0
5898,ocgt,2030,66,18,18,0.0
5899,ocgt,2030,66,19,19,0.0
5900,ocgt,2030,66,20,20,0.0
5901,ocgt,2030,66,21,21,0.0
5902,ocgt,2030,66,22,22,0.0
5903,ocgt,2030,66,23,23,0.0
5904,ocgt,2030,66,24,24,0.0
5905,ocgt,2030,67,1,1,0.0
5906,ocgt,2030,67,2,2,0.0
5907,ocgt,2030,67,3,3,0.0
5908,ocgt,2030,67,4,4,0.0
5909,ocgt,2030,67,5,5,0.0
5910,ocgt,2030,67,6,6,0.0
5911,ocgt,2030,67,7,7,0.0
5912,ocgt,2030,67,8,8,0.0
5913,ocgt,2030,67,9,9,0.0
5914,ocgt,2030,67,10,10,0.0
5915,ocgt,2030,67,11,11,0.0
5916,ocgt,2030,67,12,12,0.0
5917,ocgt,2030,67,13,13,0.0
5918,ocgt,2030,67,14,14,0.0
5919,ocgt,2030,67,15,15,0.0
5920,ocgt,2030,67,16,16,0.0
5921,ocgt,2030,67,17,17,0.0
5922,ocgt,2030,67,18,18,0.0
5923,ocgt,2030,67,19,19,0.0
5924,ocgt,2030,67,20,20,0.0
5925,ocgt,2030,67,21,21,0.0
5926,ocgt,2030,67,22,22,0.0
5927,ocgt,2030,67,23,23,0.0
5928,ocgt,2030,67,24,24,0.0
5929,ocgt,2030,68,1,1,0.0
5930,ocgt,2030,68,2,2,0.0
5931,ocgt,2030,68,3,3,0.0
5932,ocgt,2030,68,4,4,0.0
5933,ocgt,2030,68,5,5,0.0
5934,ocgt,2030,68,6,6,0.0
5935,ocgt,2030,68,7,7,0.0
5936,ocgt,2030,68,8,8,0.0
5937,ocgt,2030,68,9,9,0.0
5938,ocgt,2030,68,10,10,0.0
5939,ocgt,2030,68,11,11,0.0
5940,ocgt,2030,68,12,12,0.0
5941,ocgt,2030,68,13,13,0.0
5942,ocgt,2030,68,14,14,0.0
5943,ocgt,2030,68,15,15,0.0
5944,ocgt,2030,68,16,16,0.0
5945,ocgt,2030,68,17,17,0.0
5946,ocgt,2030,68,18,18,0.0
5947,ocgt,2030,68,19,19,0.0
5948,ocgt,2030,68,20,20,0.0
5949,ocgt,2030,68,21,21,0.0
5950,ocgt,2030,68,22,22,0.0
5951,ocgt,2030,68,23,23,0.0
5952,ocgt,2030,68,24,24,0.0
5953,ocgt,2030,69,1,1,0.0
5954,ocgt,2030,69,2,2,0.0
5955,ocgt,2030,69,3,3,0.0
5956,ocgt,2030,69,4,4,0.0
5957,ocgt,2030,69,5,5,0.0
5958,ocgt,2030,69,6,6,0.0
5959,ocgt,2030,69,7,7,0.0
5960,ocgt,2030,69,8,8,0.0
5961,ocgt,2030,69,9,9,0.0
5962,ocgt,2030,69,10,10,0.0
5963,ocgt,2030,69,11,11,0.0
5964,ocgt,2030,69,12,12,0.0
5965,ocgt,2030,69,13,13,0.0
5966,ocgt,2030,69,14,14,0.0
5967,ocgt,2030,69,15,15,0.0
5968,ocgt,2030,69,16,16,0.0
5969,ocgt,2030,69,17,17,0.0
5970,ocgt,2030,69,18,18,0.0
5971,ocgt,2030,69,19,19,0.0
5972,ocgt,2030,69,20,20,0.0
5973,ocgt,2030,69,21,21,0.0
5974,ocgt,2030,69,22,22,0.0
5975,ocgt,2030,69,23,23,0.0
5976,ocgt,2030,69,24,24,0.0
5977,ocgt,2030,70,1,1,0.0
5978,ocgt,2030,70,2,2,0.0
5979,ocgt,2030,70,3,3,0.0
5980,ocgt,2030,70,4,4,0.0
5981,ocgt,2030,70,5,5,0.0
5982,ocgt,2030,70,6,6,0.0
5983,ocgt,2030,70,7,7,0.0
5984,ocgt,2030,70,8,8,0.0
5985,ocgt,2030,70,9,9,0.0
5986,ocgt,2030,70,10,10,0.0
5987,ocgt,2030,70,11,11,0.0
5988,ocgt,2030,70,12,12,0.0
5989,ocgt,2030,70,13,13,0.0
5990,ocgt,2030,70,14,14,0.0
5991,ocgt,2030,70,15,15,0.0
5992,ocgt,2030,70,16,16,0.0
5993,ocgt,2030,70,17,17,0.0
5994,ocgt,2030,70,18,18,0.0
5995,ocgt,2030,70,19,19,0.0
5996,ocgt,2030,70,20,20,0.0
5997,ocgt,2030,70,21,21,0.0
5998,ocgt,2030,70,22,22,0.0
5999,ocgt,2030,70,23,23,0.0
6000,ocgt,2030,70,24,24,0.0
6001,ocgt,2030,71,1,1,0.0
6002,ocgt,2030,71,2,2,0.0
6003,ocgt,2030,71,3,3,0.0
6004,ocgt,2030,71,4,4,0.0
6005,ocgt,2030,71,5,5,0.0
6006,ocgt,2030,71,6,6,0.0
6007,ocgt,2030,71,7,7,0.0
6008,ocgt,2030,71,8,8,0.0
6009,ocgt,2030,71,9,9,0.0
6010,ocgt,2030,71,10,10,0.0
6011,ocgt,2030,71,11,11,0.0
6012,ocgt,2030,71,12,12,0.0
6013,ocgt,2030,71,13,13,0.0
6014,ocgt,2030,71,14,14,0.0
6015,ocgt,2030,71,15,15,0.0
6016,ocgt,2030,71,16,16,0.0
6017,ocgt,2030,71,17,17,0.0
6018,ocgt,2030,71,18,18,0.0
6019,ocgt,2030,71,19,19,0.0
6020,ocgt,2030,71,20,20,0.0
6021,ocgt,2030,71,21,21,0.0
6022,ocgt,2030,71,22,22,0.0
6023,ocgt,2030,71,23,23,0.0
6024,ocgt,2030,71,24,24,0.0
6025,ocgt,2030,72,1,1,0.0
6026,ocgt,2030,72,2,2,0.0
6027,ocgt,2030,72,3,3,0.0
6028,ocgt,2030,72,4,4,0.0
6029,ocgt,2030,72,5,5,0.0
6030,ocgt,2030,72,6,6,0.0
6031,ocgt,2030,72,7,7,0.0
6032,ocgt,2030,72,8,8,0.0
6033,ocgt,2030,72,9,9,0.0
6034,ocgt,2030,72,10,10,0.0
6035,ocgt,2030,72,11,11,0.0
6036,ocgt,2030,72,12,12,0.0
6037,ocgt,2030,72,13,13,0.0
6038,ocgt,2030,72,14,14,0.0
6039,ocgt,2030,72,15,15,0.0
6040,ocgt,2030,72,16,16,0.0
6041,ocgt,2030,72,17,17,0.0
6042,ocgt,2030,72,18,18,0.0
6043,ocgt,2030,72,19,19,0.0
6044,ocgt,2030,72,20,20,0.0
6045,ocgt,2030,72,21,21,0.0
6046,ocgt,2030,72,22,22,0.0
6047,ocgt,2030,72,23,23,0.0
6048,ocgt,2030,72,24,24,0.0
6049,ocgt,2030,73,1,1,0.0
6050,ocgt,2030,73,2,2,0.0
6051,ocgt,2030,73,3,3,0.0
6052,ocgt,2030,73,4,4,0.0
6053,ocgt,2030,73,5,5,0.0
6054,ocgt,2030,73,6,6,0.0
6055,ocgt,2030,73,7,7,0.0
6056,ocgt,2030,73,8,8,0.0
6057,ocgt,2030,73,9,9,0.0
6058,ocgt,2030,73,10,10,0.0
6059,ocgt,2030,73,11,11,0.0
6060,ocgt,2030,73,12,12,0.0
6061,ocgt,2030,73,13,13,0.0
6062,ocgt,2030,73,14,14,0.0
6063,ocgt,2030,73,15,15,0.0
6064,ocgt,2030,73,16,16,0.0
6065,ocgt,2030,73,17,17,0.0
6066,ocgt,2030,73,18,18,0.0
6067,ocgt,2030,73,19,19,0.0
6068,ocgt,2030,73,20,20,0.0
6069,ocgt,2030,73,21,21,0.0
6070,ocgt,2030,73,22,22,0.0
6071,ocgt,2030,73,23,23,0.0
6072,ocgt,2030,73,24,24,0.0
6073,ocgt,2030,74,1,1,0.0
6074,ocgt,2030,74,2,2,0.0
6075,ocgt,2030,74,3,3,0.0
6076,ocgt,2030,74,4,4,0.0
6077,ocgt,2030,74,5,5,0.0
6078,ocgt,2030,74,6,6,0.0
6079,ocgt,2030,74,7,7,0.0
6080,ocgt,2030,74,8,8,0.0
6081,ocgt,2030,74,9,9,0.0
6082,ocgt,2030,74,10,10,0.0
6083,ocgt,2030,74,11,11,0.0
6084,ocgt,2030,74,12,12,0.0
6085,ocgt,2030,74,13,13,0.0
6086,ocgt,2030,74,14,14,0.0
6087,ocgt,2030,74,15,15,0.0
6088,ocgt,2030,74,16,16,0.0
6089,ocgt,2030,74,17,17,0.0
6090,ocgt,2030,74,18,18,0.0
6091,ocgt,2030,74,19,19,0.0
6092,ocgt,2030,74,20,20,0.0
6093,ocgt,2030,74,21,21,0.0
6094,ocgt,2030,74,22,22,0.0
6095,ocgt,2030,74,23,23,0.0
6096,ocgt,2030,74,24,24,0.0
6097,ocgt,2030,75,1,1,0.0
6098,ocgt,2030,75,2,2,0.0
6099,ocgt,2030,75,3,3,0.0
6100,ocgt,2030,75,4,4,0.0
6101,ocgt,2030,75,5,5,0.0
6102,ocgt,2030,75,6,6,0.0
6103,ocgt,2030,75,7,7,0.0
6104,ocgt,2030,75,8,8,0.0
6105,ocgt,2030,75,9,9,0.0
6106,ocgt,2030,75,10,10,0.0
6107,ocgt,2030,75,11,11,0.0
6108,ocgt,2030,75,12,12,0.0
6109,ocgt,2030,75,13,13,0.0
6110,ocgt,2030,75,14,14,0.0
6111,ocgt,2030,75,15,15,0.0
6112,ocgt,2030,75,16,16,0.0
6113,ocgt,2030,75,17,17,0.0
6114,ocgt,2030,75,18,18,0.0
6115,ocgt,2030,75,19,19,0.0
6116,ocgt,2030,75,20,20,0.0
6117,ocgt,2030,75,21,21,0.0
6118,ocgt,2030,75,22,22,0.0
6119,ocgt,2030,75,23,23,0.0
6120,ocgt,2030,75,24,24,0.0
6121,ocgt,2030,76,1,1,0.0
6122,ocgt,2030,76,2,2,0.0
6123,ocgt,2030,76,3,3,0.0
6124,ocgt,2030,76,4,4,0.0
6125,ocgt,2030,76,5,5,0.0
6126,ocgt,2030,76,6,6,0.0
6127,ocgt,2030,76,7,7,0.0
6128,ocgt,2030,76,8,8,0.0
6129,ocgt,2030,76,9,9,0.0
6130,ocgt,2030,76,10,10,0.0
6131,ocgt,2030,76,11,11,0.0
6132,ocgt,2030,76,12,12,0.0
6133,ocgt,2030,76,13,13,0.0
6134,ocgt,2030,76,14,14,0.0
6135,ocgt,2030,76,15,15,0.0
6136,ocgt,2030,76,16,16,0.0
6137,ocgt,2030,76,17,17,0.0
6138,ocgt,2030,76,18,18,0.0
6139,ocgt,2030,76,19,19,0.0
6140,ocgt,2030,76,20,20,0.0
6141,ocgt,2030,76,21,21,0.0
6142,ocgt,2030,76,22,22,0.0
6143,ocgt,2030,76,23,23,0.0
6144,ocgt,2030,76,24,24,0.0
6145,ocgt,2030,77,1,1,0.0
6146,ocgt,2030,77,2,2,0.0
6147,ocgt,2030,77,3,3,0.0
6148,ocgt,2030,77,4,4,0.0
6149,ocgt,2030,77,5,5,0.0
6150,ocgt,2030,77,6,6,0.0
6151,ocgt,2030,77,7,7,0.0
6152,ocgt,2030,77,8,8,0.0
6153,ocgt,2030,77,9,9,0.0
6154,ocgt,2030,77,10,10,0.0
6155,ocgt,2030,77,11,11,0.0
6156,ocgt,2030,77,12,12,0.0
6157,ocgt,2030,77,13,13,0.0
6158,ocgt,2030,77,14,14,0.0
6159,ocgt,2030,77,15,15,0.0
6160,ocgt,2030,77,16,16,0.0
6161,ocgt,2030,77,17,17,0.0
6162,ocgt,2030,77,18,18,0.0
6163,ocgt,2030,77,19,19,0.0
6164,ocgt,2030,77,20,20,0.0
6165,ocgt,2030,77,21,21,0.0
6166,ocgt,2030,77,22,22,0.0
6167,ocgt,2030,77,23,23,0.0
6168,ocgt,2030,77,24,24,0.0
6169,ocgt,2030,78,1,1,0.0
6170,ocgt,2030,78,2,2,0.0
6171,ocgt,2030,78,3,3,0.0
6172,ocgt,2030,78,4,4,0.0
6173,ocgt,2030,78,5,5,0.0
6174,ocgt,2030,78,6,6,0.0
6175,ocgt,2030,78,7,7,0.0
6176,ocgt,2030,78,8,8,0.0
6177,ocgt,2030,78,9,9,0.0
6178,ocgt,2030,78,10,10,0.0
6179,ocgt,2030,78,11,11,0.0
6180,ocgt,2030,78,12,12,0.0
6181,ocgt,2030,78,13,13,0.0
6182,ocgt,2030,78,14,14,0.0
6183,ocgt,2030,78,15,15,0.0
6184,ocgt,2030,78,16,16,0.0
6185,ocgt,2030,78,17,17,0.0
6186,ocgt,2030,78,18,18,0.0
6187,ocgt,2030,78,19,19,0.0
6188,ocgt,2030,78,20,20,0.0
6189,ocgt,2030,78,21,21,0.0
6190,ocgt,2030,78,22,22,0.0
6191,ocgt,2030,78,23,23,0.0
6192,ocgt,2030,78,24,24,0.0
6193,ocgt,2030,79,1,1,0.0
6194,ocgt,2030,79,2,2,0.0
6195,ocgt,2030,79,3,3,0.0
6196,ocgt,2030,79,4,4,0.0
6197,ocgt,2030,79,5,5,0.0
6198,ocgt,2030,79,6,6,0.0
6199,ocgt,2030,79,7,7,0.0
6200,ocgt,2030,79,8,8,0.0
6201,ocgt,2030,79,9,9,0.0
6202,ocgt,2030,79,10,10,0.0
6203,ocgt,2030,79,11,11,0.0
6204,ocgt,2030,79,12,12,0.0
6205,ocgt,2030,79,13,13,0.0
6206,ocgt,2030,79,14,14,0.0
6207,ocgt,2030,79,15,15,0.0
6208,ocgt,2030,79,16,16,0.0
6209,ocgt,2030,79,17,17,0.0
6210,ocgt,2030,79,18,18,0.0
6211,ocgt,2030,79,19,19,0.0
6212,ocgt,2030,79,20,20,0.0
6213,ocgt,2030,79,21,21,0.0
6214,ocgt,2030,79,22,22,0.0
6215,ocgt,2030,79,23,23,0.0
6216,ocgt,2030,79,24,24,0.0
6217,ocgt,2030,80,1,1,0.0
6218,ocgt,2030,80,2,2,0.0
6219,ocgt,2030,80,3,3,0.0
6220,ocgt,2030,80,4,4,0.0
6221,ocgt,2030,80,5,5,0.0
6222,ocgt,2030,80,6,6,0.0
6223,ocgt,2030,80,7,7,0.0
6224,ocgt,2030,80,8,8,0.0
6225,ocgt,2030,80,9,9,0.0
6226,ocgt,2030,80,10,10,0.0
6227,ocgt,2030,80,11,11,0.0
6228,ocgt,2030,80,12,12,0.0
6229,ocgt,2030,80,13,13,0.0
6230,ocgt,2030,80,14,14,0.0
6231,ocgt,2030,80,15,15,0.0
6232,ocgt,2030,80,16,16,0.0
6233,ocgt,2030,80,17,17,0.0
6234,ocgt,2030,80,18,18,0.0
6235,ocgt,2030,80,19,19,0.0
6236,ocgt,2030,80,20,20,0.0
6237,ocgt,2030,80,21,21,0.0
6238,ocgt,2030,80,22,22,0.0
6239,ocgt,2030,80,23,23,0.0
6240,ocgt,2030,80,24,24,0.0
6241,ocgt,2030,81,1,1,0.0
6242,ocgt,2030,81,2,2,0.0
6243,ocgt,2030,81,3,3,0.0
6244,ocgt,2030,81,4,4,0.0
6245,ocgt,2030,81,5,5,0.0
6246,ocgt,2030,81,6,6,0.0
6247,ocgt,2030,81,7,7,0.0
6248,ocgt,2030,81,8,8,0.0
6249,ocgt,2030,81,9,9,0.0
6250,ocgt,2030,81,10,10,0.0
6251,ocgt,2030,81,11,11,0.0
6252,ocgt,2030,81,12,12,0.0
6253,ocgt,2030,81,13,13,0.0
6254,ocgt,2030,81,14,14,0.0
6255,ocgt,2030,81,15,15,0.0
6256,ocgt,2030,81,16,16,0.0
6257,ocgt,2030,81,17,17,0.0
6258,ocgt,2030,81,18,18,0.0
6259,ocgt,2030,81,19,19,0.0
6260,ocgt,2030,81,20,20,0.0
6261,ocgt,2030,81,21,21,0.0
6262,ocgt,2030,81,22,22,0.0
6263,ocgt,2030,81,23,23,0.0
6264,ocgt,2030,81,24,24,0.0
6265,ocgt,2030,82,1,1,0.0
6266,ocgt,2030,82,2,2,0.0
6267,ocgt,2030,82,3,3,0.0
6268,ocgt,2030,82,4,4,0.0
6269,ocgt,2030,82,5,5,0.0
6270,ocgt,2030,82,6,6,0.0
6271,ocgt,2030,82,7,7,0.0
6272,ocgt,2030,82,8,8,0.0
6273,ocgt,2030,82,9,9,0.0
6274,ocgt,2030,82,10,10,0.0
6275,ocgt,2030,82,11,11,0.0
6276,ocgt,2030,82,12,12,0.0
6277,ocgt,2030,82,13,13,0.0
6278,ocgt,2030,82,14,14,0.0
6279,ocgt,2030,82,15,15,0.0
6280,ocgt,2030,82,16,16,0.0
6281,ocgt,2030,82,17,17,0.0
6282,ocgt,2030,82,18,18,0.0
6283,ocgt,2030,82,19,19,0.0
6284,ocgt,2030,82,20,20,0.0
6285,ocgt,2030,82,21,21,0.0
6286,ocgt,2030,82,22,22,0.0
6287,ocgt,2030,82,23,23,0.0
6288,ocgt,2030,82,24,24,0.0
6289,ocgt,2030,83,1,1,0.0
6290,ocgt,2030,83,2,2,0.0
6291,ocgt,2030,83,3,3,0.0
6292,ocgt,2030,83,4,4,0.0
6293,ocgt,2030,83,5,5,0.0
6294,ocgt,2030,83,6,6,0.0
6295,ocgt,2030,83,7,7,0.0
6296,ocgt,2030,83,8,8,0.0
6297,ocgt,2030,83,9,9,0.0
6298,ocgt,2030,83,10,10,0.0
6299,ocgt,2030,83,11,11,0.0
6300,ocgt,2030,83,12,12,0.0
6301,ocgt,2030,83,13,13,0.0
6302,ocgt,2030,83,14,14,0.0
6303,ocgt,2030,83,15,15,0.0
6304,ocgt,2030,83,16,16,0.0
6305,ocgt,2030,83,17,17,0.0
6306,ocgt,2030,83,18,18,0.0
6307,ocgt,2030,83,19,19,0.0
6308,ocgt,2030,83,20,20,0.0
6309,ocgt,2030,83,21,21,0.0
6310,ocgt,2030,83,22,22,0.0
6311,ocgt,2030,83,23,23,0.0
6312,ocgt,2030,83,24,24,0.0
6313,ocgt,2030,84,1,1,0.0
6314,ocgt,2030,84,2,2,0.0
6315,ocgt,2030,84,3,3,0.0
6316,ocgt,2030,84,4,4,0.0
6317,ocgt,2030,84,5,5,0.0
6318,ocgt,2030,84,6,6,0.0
6319,ocgt,2030,84,7,7,0.0
6320,ocgt,2030,84,8,8,0.0
6321,ocgt,2030,84,9,9,0.0
6322,ocgt,2030,84,10,10,0.0
6323,ocgt,2030,84,11,11,0.0
6324,ocgt,2030,84,12,12,0.0
6325,ocgt,2030,84,13,13,0.0
6326,ocgt,2030,84,14,14,0.0
6327,ocgt,2030,84,15,15,0.0
6328,ocgt,2030,84,16,16,0.0
6329,ocgt,2030,84,17,17,0.0
6330,ocgt,2030,84,18,18,0.0
6331,ocgt,2030,84,19,19,0.0
6332,ocgt,2030,84,20,20,0.0
6333,ocgt,2030,84,21,21,0.0
6334,ocgt,2030,84,22,22,0.0
6335,ocgt,2030,84,23,23,0.0
6336,ocgt,2030,84,24,24,0.0
6337,ocgt,2030,85,1,1,0.0
6338,ocgt,2030,85,2,2,0.0
6339,ocgt,2030,85,3,3,0.0
6340,ocgt,2030,85,4,4,0.0
6341,ocgt,2030,85,5,5,0.0
6342,ocgt,2030,85,6,6,0.0
6343,ocgt,2030,85,7,7,0.0
6344,ocgt,2030,85,8,8,0.0
6345,ocgt,2030,85,9,9,0.0
6346,ocgt,2030,85,10,10,0.0
6347,ocgt,2030,85,11,11,0.0
6348,ocgt,2030,85,12,12,0.0
6349,ocgt,2030,85,13,13,0.0
6350,ocgt,2030,85,14,14,0.0
6351,ocgt,2030,85,15,15,0.0
6352,ocgt,2030,85,16,16,0.0
6353,ocgt,2030,85,17,17,0.0
6354,ocgt,2030,85,18,18,0.0
6355,ocgt,2030,85,19,19,0.0
6356,ocgt,2030,85,20,20,0.0
6357,ocgt,2030,85,21,21,0.0
6358,ocgt,2030,85,22,22,0.0
6359,ocgt,2030,85,23,23,0.0
6360,ocgt,2030,85,24,24,0.0
6361,ocgt,2030,86,1,1,0.0
6362,ocgt,2030,86,2,2,0.0
6363,ocgt,2030,86,3,3,0.0
6364,ocgt,2030,86,4,4,0.0
6365,ocgt,2030,86,5,5,0.0
6366,ocgt,2030,86,6,6,0.0
6367,ocgt,2030,86,7,7,0.0
6368,ocgt,2030,86,8,8,0.0
6369,ocgt,2030,86,9,9,0.0
6370,ocgt,2030,86,10,10,0.0
6371,ocgt,2030,86,11,11,0.0
6372,ocgt,2030,86,12,12,0.0
6373,ocgt,2030,86,13,13,0.0
6374,ocgt,2030,86,14,14,0.0
6375,ocgt,2030,86,15,15,0.0
6376,ocgt,2030,86,16,16,0.0
6377,ocgt,2030,86,17,17,0.0
6378,ocgt,2030,86,18,18,0.0
6379,ocgt,2030,86,19,19,0.0
6380,ocgt,2030,86,20,20,0.0
6381,ocgt,2030,86,21,21,0.0
6382,ocgt,2030,86,22,22,0.0
6383,ocgt,2030,86,23,23,0.0
6384,ocgt,2030,86,24,24,0.0
6385,ocgt,2030,87,1,1,0.0
6386,ocgt,2030,87,2,2,0.0
6387,ocgt,2030,87,3,3,0.0
6388,ocgt,2030,87,4,4,0.0
6389,ocgt,2030,87,5,5,0.0
6390,ocgt,2030,87,6,6,0.0
6391,ocgt,2030,87,7,7,0.0
6392,ocgt,2030,87,8,8,0.0
6393,ocgt,2030,87,9,9,0.0
6394,ocgt,2030,87,10,10,0.0
6395,ocgt,2030,87,11,11,0.0
6396,ocgt,2030,87,12,12,0.0
6397,ocgt,2030,87,13,13,0.0
6398,ocgt,2030,87,14,14,0.0
6399,ocgt,2030,87,15,15,0.0
6400,ocgt,2030,87,16,16,0.0
6401,ocgt,2030,87,17,17,0.0
6402,ocgt,2030,87,18,18,0.0
6403,ocgt,2030,87,19,19,0.0
6404,ocgt,2030,87,20,20,0.0
6405,ocgt,2030,87,21,21,0.0
6406,ocgt,2030,87,22,22,0.0
6407,ocgt,2030,87,23,23,0.0
6408,ocgt,2030,87,24,24,0.0
6409,ocgt,2030,88,1,1,0.0
6410,ocgt,2030,88,2,2,0.0
6411,ocgt,2030,88,3,3,0.0
6412,ocgt,2030,88,4,4,0.0
6413,ocgt,2030,88,5,5,0.0
6414,ocgt,2030,88,6,6,0.0
6415,ocgt,2030,88,7,7,0.0
6416,ocgt,2030,88,8,8,0.0
6417,ocgt,2030,88,9,9,0.0
6418,ocgt,2030,88,10,10,0.0
6419,ocgt,2030,88,11,11,0.0
6420,ocgt,2030,88,12,12,0.0
6421,ocgt,2030,88,13,13,0.0
6422,ocgt,2030,88,14,14,0.0
6423,ocgt,2030,88,15,15,0.0
6424,ocgt,2030,88,16,16,0.0
6425,ocgt,2030,88,17,17,0.0
6426,ocgt,2030,88,18,18,0.0
6427,ocgt,2030,88,19,19,0.0
6428,ocgt,2030,88,20,20,0.0
6429,ocgt,2030,88,21,21,0.0
6430,ocgt,2030,88,22,22,0.0
6431,ocgt,2030,88,23,23,0.0
6432,ocgt,2030,88,24,24,0.0
6433,ocgt,2030,89,1,1,0.0
6434,ocgt,2030,89,2,2,0.0
6435,ocgt,2030,89,3,3,0.0
6436,ocgt,2030,89,4,4,0.0
6437,ocgt,2030,89,5,5,0.0
6438,ocgt,2030,89,6,6,0.0
6439,ocgt,2030,89,7,7,0.0
6440,ocgt,2030,89,8,8,0.0
6441,ocgt,2030,89,9,9,0.0
6442,ocgt,2030,89,10,10,0.0
6443,ocgt,2030,89,11,11,0.0
6444,ocgt,2030,89,12,12,0.0
6445,ocgt,2030,89,13,13,0.0
6446,ocgt,2030,89,14,14,0.0
6447,ocgt,2030,89,15,15,0.0
6448,ocgt,2030,89,16,16,0.0
6449,ocgt,2030,89,17,17,0.0
6450,ocgt,2030,89,18,18,0.0
6451,ocgt,2030,89,19,19,0.0
6452,ocgt,2030,89,20,20,0.0
6453,ocgt,2030,89,21,21,0.0
6454,ocgt,2030,89,22,22,0.0
6455,ocgt,2030,89,23,23,0.0
6456,ocgt,2030,89,24,24,0.0
6457,ocgt,2030,90,1,1,0.0
6458,ocgt,2030,90,2,2,0.0
6459,ocgt,2030,90,3,3,0.0
6460,ocgt,2030,90,4,4,0.0
6461,ocgt,2030,90,5,5,0.0
6462,ocgt,2030,90,6,6,0.0
6463,ocgt,2030,90,7,7,0.0
6464,ocgt,2030,90,8,8,0.0
6465,ocgt,2030,90,9,9,0.0
6466,ocgt,2030,90,10,10,0.0
6467,ocgt,2030,90,11,11,0.0
6468,ocgt,2030,90,12,12,0.0
6469,ocgt,2030,90,13,13,0.0
6470,ocgt,2030,90,14,14,0.0
6471,ocgt,2030,90,15,15,0.0
6472,ocgt,2030,90,16,16,0.0
6473,ocgt,2030,90,17,17,0.0
6474,ocgt,2030,90,18,18,0.0
6475,ocgt,2030,90,19,19,0.0
6476,ocgt,2030,90,20,20,0.0
6477,ocgt,2030,90,21,21,0.0
6478,ocgt,2030,90,22,22,0.0
6479,ocgt,2030,90,23,23,0.0
6480,ocgt,2030,90,24,24,0.0
6481,solar,2030,1,1,1,-0.029751736981240413
6482,solar,2030,1,2,2,-0.029751736981240413
6483,solar,2030,1,3,3,-0.029751736981240413
6484,solar,2030,1,4,4,-0.029751736981240413
6485,solar,2030,1,5,5,-0.029751736981240413
6486,solar,2030,1,6,6,-0.029751736981240413
6487,solar,2030,1,7,7,-0.029751736981240413
6488,solar,2030,1,8,8,-0.04165243177373658
6489,solar,2030,1,9,9,-0.04165243177373658
6490,solar,2030,1,10,10,-0.04165243177373658
6491,solar,2030,1,11,11,-0.04165243177373658
6492,solar,2030,1,12,12,-0.04165243177373658
6493,solar,2030,1,13,13,-0.029751736981240413
6494,solar,2030,1,14,14,-0.029751736981240413
6495,solar,2030,1,15,15,-0.029751736981240413
6496,solar,2030,1,16,16,-0.029751736981240413
6497,solar,2030,1,17,17,-0.04165243177373658
6498,solar,2030,1,18,18,-0.04165243177373658
6499,solar,2030,1,19,19,-0.04165243177373658
6500,solar,2030,1,20,20,-0.04165243177373658
6501,solar,2030,1,21,21,-0.04165243177373658
6502,solar,2030,1,22,22,-0.04165243177373658
6503,solar,2030,1,23,23,-0.04165243177373658
6504,solar,2030,1,24,24,-0.029751736981240413
6505,solar,2030,2,1,1,-0.025
6506,solar,2030,2,2,2,-0.025
6507,solar,2030,2,3,3,-0.025
6508,solar,2030,2,4,4,-0.025
6509,solar,2030,2,5,5,-0.025
6510,solar,2030,2,6,6,-0.025
6511,solar,2030,2,7,7,-0.025
6512,solar,2030,2,8,8,-0.025
6513,solar,2030,2,9,9,-0.025
6514,solar,2030,2,10,10,-0.025
6515,solar,2030,2,11,11,-0.025
6516,solar,2030,2,12,12,-0.025
6517,solar,2030,2,13,13,-0.025
6518,solar,2030,2,14,14,-0.025
6519,solar,2030,2,15,15,-0.025
6520,solar,2030,2,16,16,-0.025
6521,solar,2030,2,17,17,-0.025
6522,solar,2030,2,18,18,-0.025
6523,solar,2030,2,19,19,-0.035
6524,solar,2030,2,20,20,-0.035
6525,solar,2030,2,21,21,-0.035
6526,solar,2030,2,22,22,-0.035
6527,solar,2030,2,23,23,-0.025
6528,solar,2030,2,24,24,-0.025
6529,solar,2030,3,1,1,-0.025689526140341513
6530,solar,2030,3,2,2,-0.025689526140341513
6531,solar,2030,3,3,3,-0.025689526140341513
6532,solar,2030,3,4,4,-0.025689526140341513
6533,solar,2030,3,5,5,-0.025689526140341513
6534,solar,2030,3,6,6,-0.025689526140341513
6535,solar,2030,3,7,7,-0.025689526140341513
6536,solar,2030,3,8,8,-0.025689526140341513
6537,solar,2030,3,9,9,-0.025689526140341513
6538,solar,2030,3,10,10,-0.025689526140341513
6539,solar,2030,3,11,11,-0.025689526140341513
6540,solar,2030,3,12,12,-0.025689526140341513
6541,solar,2030,3,13,13,-0.025689526140341513
6542,solar,2030,3,14,14,-0.025689526140341513
6543,solar,2030,3,15,15,-0.025689526140341513
6544,solar,2030,3,16,16,-0.025689526140341513
6545,solar,2030,3,17,17,-0.025689526140341513
6546,solar,2030,3,18,18,-0.03596533659647812
6547,solar,2030,3,19,19,-0.03596533659647812
6548,solar,2030,3,20,20,-0.03596533659647812
6549,solar,2030,3,21,21,-0.03596533659647812
6550,solar,2030,3,22,22,-0.03596533659647812
6551,solar,2030,3,23,23,-0.025689526140341513
6552,solar,2030,3,24,24,-0.025689526140341513
6553,solar,2030,4,1,1,-0.0253462062122059
6554,solar,2030,4,2,2,-0.0253462062122059
6555,solar,2030,4,3,3,-0.0253462062122059
6556,solar,2030,4,4,4,-0.0253462062122059
6557,solar,2030,4,5,5,-0.0253462062122059
6558,solar,2030,4,6,6,-0.0253462062122059
6559,solar,2030,4,7,7,-0.0253462062122059
6560,solar,2030,4,8,8,-0.0253462062122059
6561,solar,2030,4,9,9,-0.0253462062122059
6562,solar,2030,4,10,10,-0.0253462062122059
6563,solar,2030,4,11,11,-0.0253462062122059
6564,solar,2030,4,12,12,-0.0253462062122059
6565,solar,2030,4,13,13,-0.0253462062122059
6566,solar,2030,4,14,14,-0.0253462062122059
6567,solar,2030,4,15,15,-0.0253462062122059
6568,solar,2030,4,16,16,-0.0253462062122059
6569,solar,2030,4,17,17,-0.0253462062122059
6570,solar,2030,4,18,18,-0.0253462062122059
6571,solar,2030,4,19,19,-0.035484688697088256
6572,solar,2030,4,20,20,-0.035484688697088256
6573,solar,2030,4,21,21,-0.035484688697088256
6574,solar,2030,4,22,22,-0.0253462062122059
6575,solar,2030,4,23,23,-0.0253462062122059
6576,solar,2030,4,24,24,-0.0253462062122059
6577,solar,2030,5,1,1,-0.0444160656797754
6578,solar,2030,5,2,2,-0.0444160656797754
6579,solar,2030,5,3,3,-0.0444160656797754
6580,solar,2030,5,4,4,-0.0444160656797754
6581,solar,2030,5,5,5,-0.0444160656797754
6582,solar,2030,5,6,6,-0.0444160656797754
6583,solar,2030,5,7,7,-0.0444160656797754
6584,solar,2030,5,8,8,-0.0444160656797754
6585,solar,2030,5,9,9,-0.0444160656797754
6586,solar,2030,5,10,10,-0.0444160656797754
6587,solar,2030,5,11,11,-0.0444160656797754
6588,solar,2030,5,12,12,-0.0444160656797754
6589,solar,2030,5,13,13,-0.0444160656797754
6590,solar,2030,5,14,14,-0.0444160656797754
6591,solar,2030,5,15,15,-0.0444160656797754
6592,solar,2030,5,16,16,-0.0444160656797754
6593,solar,2030,5,17,17,-0.0444160656797754
6594,solar,2030,5,18,18,-0.0444160656797754
6595,solar,2030,5,19,19,-0.0444160656797754
6596,solar,2030,5,20,20,-0.06218249195168556
6597,solar,2030,5,21,21,-0.06218249195168556
6598,solar,2030,5,22,22,-0.0444160656797754
6599,solar,2030,5,23,23,-0.0444160656797754
6600,solar,2030,5,24,24,-0.0444160656797754
6601,solar,2030,6,1,1,-0.06933173692052333
6602,solar,2030,6,2,2,-0.06933173692052333
6603,solar,2030,6,3,3,-0.06933173692052333
6604,solar,2030,6,4,4,-0.06933173692052333
6605,solar,2030,6,5,5,-0.06933173692052333
6606,solar,2030,6,6,6,-0.06933173692052333
6607,solar,2030,6,7,7,-0.06933173692052333
6608,solar,2030,6,8,8,-0.06933173692052333
6609,solar,2030,6,9,9,-0.06933173692052333
6610,solar,2030,6,10,10,-0.06933173692052333
6611,solar,2030,6,11,11,-0.06933173692052333
6612,solar,2030,6,12,12,-0.06933173692052333
6613,solar,2030,6,13,13,-0.06933173692052333
6614,solar,2030,6,14,14,-0.06933173692052333
6615,solar,2030,6,15,15,-0.06933173692052333
6616,solar,2030,6,16,16,-0.06933173692052333
6617,solar,2030,6,17,17,-0.06933173692052333
6618,solar,2030,6,18,18,-0.06933173692052333
6619,solar,2030,6,19,19,-0.09706443168873266
6620,solar,2030,6,20,20,-0.09706443168873266
6621,solar,2030,6,21,21,-0.09706443168873266
6622,solar,2030,6,22,22,-0.06933173692052333
6623,solar,2030,6,23,23,-0.06933173692052333
6624,solar,2030,6,24,24,-0.06933173692052333
6625,solar,2030,7,1,1,-0.05429433813886343
6626,solar,2030,7,2,2,-0.05429433813886343
6627,solar,2030,7,3,3,-0.05429433813886343
6628,solar,2030,7,4,4,-0.05429433813886343
6629,solar,2030,7,5,5,-0.05429433813886343
6630,solar,2030,7,6,6,-0.05429433813886343
6631,solar,2030,7,7,7,-0.05429433813886343
6632,solar,2030,7,8,8,-0.05429433813886343
6633,solar,2030,7,9,9,-0.07601207339440881
6634,solar,2030,7,10,10,-0.05429433813886343
6635,solar,2030,7,11,11,-0.05429433813886343
6636,solar,2030,7,12,12,-0.05429433813886343
6637,solar,2030,7,13,13,-0.05429433813886343
6638,solar,2030,7,14,14,-0.05429433813886343
6639,solar,2030,7,15,15,-0.05429433813886343
6640,solar,2030,7,16,16,-0.05429433813886343
6641,solar,2030,7,17,17,-0.05429433813886343
6642,solar,2030,7,18,18,-0.07601207339440881
6643,solar,2030,7,19,19,-0.07601207339440881
6644,solar,2030,7,20,20,-21.71773525554537
6645,solar,2030,7,21,21,-21.71773525554537
6646,solar,2030,7,22,22,-0.07601207339440881
6647,solar,2030,7,23,23,-0.07601207339440881
6648,solar,2030,7,24,24,-0.07601207339440881
6649,solar,2030,8,1,1,-0.02808799618739685
6650,solar,2030,8,2,2,-0.02808799618739685
6651,solar,2030,8,3,3,-0.02808799618739685
6652,solar,2030,8,4,4,-0.02808799618739685
6653,solar,2030,8,5,5,-0.02808799618739685
6654,solar,2030,8,6,6,-0.02808799618739685
6655,solar,2030,8,7,7,-0.02808799618739685
6656,solar,2030,8,8,8,-0.02808799618739685
6657,solar,2030,8,9,9,-0.02808799618739685
6658,solar,2030,8,10,10,-0.02808799618739685
6659,solar,2030,8,11,11,-0.02808799618739685
6660,solar,2030,8,12,12,-0.02808799618739685
6661,solar,2030,8,13,13,-0.02808799618739685
6662,solar,2030,8,14,14,-0.02808799618739685
6663,solar,2030,8,15,15,-0.02808799618739685
6664,solar,2030,8,16,16,-0.02808799618739685
6665,solar,2030,8,17,17,-0.02808799618739685
6666,solar,2030,8,18,18,-0.02808799618739685
6667,solar,2030,8,19,19,-0.039323194662355586
6668,solar,2030,8,20,20,-0.039323194662355586
6669,solar,2030,8,21,21,-0.039323194662355586
6670,solar,2030,8,22,22,-0.02808799618739685
6671,solar,2030,8,23,23,-0.02808799618739685
6672,solar,2030,8,24,24,-0.02808799618739685
6673,solar,2030,9,1,1,-0.0703317430580377
6674,solar,2030,9,2,2,-0.0703317430580377
6675,solar,2030,9,3,3,-0.0703317430580377
6676,solar,2030,9,4,4,-0.0703317430580377
6677,solar,2030,9,5,5,-0.0703317430580377
6678,solar,2030,9,6,6,-0.0703317430580377
6679,solar,2030,9,7,7,-0.0703317430580377
6680,solar,2030,9,8,8,-0.0703317430580377
6681,solar,2030,9,9,9,-0.0703317430580377
6682,solar,2030,9,10,10,-0.0703317430580377
6683,solar,2030,9,11,11,-0.0703317430580377
6684,solar,2030,9,12,12,-0.0703317430580377
6685,solar,2030,9,13,13,-0.0703317430580377
6686,solar,2030,9,14,14,-0.0703317430580377
6687,solar,2030,9,15,15,-0.0703317430580377
6688,solar,2030,9,16,16,-0.0703317430580377
6689,solar,2030,9,17,17,-0.0703317430580377
6690,solar,2030,9,18,18,-0.0703317430580377
6691,solar,2030,9,19,19,-0.0703317430580377
6692,solar,2030,9,20,20,-0.0703317430580377
6693,solar,2030,9,21,21,-0.0703317430580377
6694,solar,2030,9,22,22,-0.0703317430580377
6695,solar,2030,9,23,23,-0.0703317430580377
6696,solar,2030,9,24,24,-0.0703317430580377
6697,solar,2030,10,1,1,-0.026153941474170175
6698,solar,2030,10,2,2,-0.026153941474170175
6699,solar,2030,10,3,3,-0.026153941474170175
6700,solar,2030,10,4,4,-0.026153941474170175
6701,solar,2030,10,5,5,-0.026153941474170175
6702,solar,2030,10,6,6,-0.026153941474170175
6703,solar,2030,10,7,7,-0.026153941474170175
6704,solar,2030,10,8,8,-0.026153941474170175
6705,solar,2030,10,9,9,-0.026153941474170175
6706,solar,2030,10,10,10,-0.026153941474170175
6707,solar,2030,10,11,11,-0.026153941474170175
6708,solar,2030,10,12,12,-0.026153941474170175
6709,solar,2030,10,13,13,-0.026153941474170175
6710,solar,2030,10,14,14,-0.026153941474170175
6711,solar,2030,10,15,15,-0.026153941474170175
6712,solar,2030,10,16,16,-0.026153941474170175
6713,solar,2030,10,17,17,-0.026153941474170175
6714,solar,2030,10,18,18,-0.026153941474170175
6715,solar,2030,10,19,19,-0.026153941474170175
6716,solar,2030,10,20,20,-0.026153941474170175
6717,solar,2030,10,21,21,-0.026153941474170175
6718,solar,2030,10,22,22,-0.026153941474170175
6719,solar,2030,10,23,23,-0.026153941474170175
6720,solar,2030,10,24,24,-0.026153941474170175
6721,solar,2030,11,1,1,-0.05071976116994656
6722,solar,2030,11,2,2,-0.05071976116994656
6723,solar,2030,11,3,3,-0.05071976116994656
6724,solar,2030,11,4,4,-0.05071976116994656
6725,solar,2030,11,5,5,-0.05071976116994656
6726,solar,2030,11,6,6,-0.05071976116994656
6727,solar,2030,11,7,7,-0.05071976116994656
6728,solar,2030,11,8,8,-0.05071976116994656
6729,solar,2030,11,9,9,-0.05071976116994656
6730,solar,2030,11,10,10,-0.05071976116994656
6731,solar,2030,11,11,11,-0.05071976116994656
6732,solar,2030,11,12,12,-0.05071976116994656
6733,solar,2030,11,13,13,-0.05071976116994656
6734,solar,2030,11,14,14,-0.05071976116994656
6735,solar,2030,11,15,15,-0.05071976116994656
6736,solar,2030,11,16,16,-0.05071976116994656
6737,solar,2030,11,17,17,-0.07100766563792518
6738,solar,2030,11,18,18,-0.07100766563792518
6739,solar,2030,11,19,19,-0.07100766563792518
6740,solar,2030,11,20,20,-0.07100766563792518
6741,solar,2030,11,21,21,-0.07100766563792518
6742,solar,2030,11,22,22,-0.07100766563792518
6743,solar,2030,11,23,23,-0.05071976116994656
6744,solar,2030,11,24,24,-0.05071976116994656
6745,solar,2030,12,1,1,-0.025
6746,solar,2030,12,2,2,-0.025
6747,solar,2030,12,3,3,-0.025
6748,solar,2030,12,4,4,-0.025
6749,solar,2030,12,5,5,-0.025
6750,solar,2030,12,6,6,-0.025
6751,solar,2030,12,7,7,-0.025
6752,solar,2030,12,8,8,-0.025
6753,solar,2030,12,9,9,-0.025
6754,solar,2030,12,10,10,-0.025
6755,solar,2030,12,11,11,-0.025
6756,solar,2030,12,12,12,-0.025
6757,solar,2030,12,13,13,-0.025
6758,solar,2030,12,14,14,-0.025
6759,solar,2030,12,15,15,-0.025
6760,solar,2030,12,16,16,-0.025
6761,solar,2030,12,17,17,-0.025
6762,solar,2030,12,18,18,-0.025
6763,solar,2030,12,19,19,-0.035
6764,solar,2030,12,20,20,-0.035
6765,solar,2030,12,21,21,-0.035
6766,solar,2030,12,22,22,-0.035
6767,solar,2030,12,23,23,-0.025
6768,solar,2030,12,24,24,-0.025
6769,solar,2030,13,1,1,-0.037759045338628124
6770,solar,2030,13,2,2,-0.037759045338628124
6771,solar,2030,13,3,3,-0.037759045338628124
6772,solar,2030,13,4,4,-0.037759045338628124
6773,solar,2030,13,5,5,-0.037759045338628124
6774,solar,2030,13,6,6,-0.037759045338628124
6775,solar,2030,13,7,7,-0.037759045338628124
6776,solar,2030,13,8,8,-0.037759045338628124
6777,solar,2030,13,9,9,-0.037759045338628124
6778,solar,2030,13,10,10,-0.037759045338628124
6779,solar,2030,13,11,11,-0.037759045338628124
6780,solar,2030,13,12,12,-0.037759045338628124
6781,solar,2030,13,13,13,-0.037759045338628124
6782,solar,2030,13,14,14,-0.037759045338628124
6783,solar,2030,13,15,15,-0.037759045338628124
6784,solar,2030,13,16,16,-0.037759045338628124
6785,solar,2030,13,17,17,-0.037759045338628124
6786,solar,2030,13,18,18,-0.05286266347407938
6787,solar,2030,13,19,19,-0.05286266347407938
6788,solar,2030,13,20,20,-0.05286266347407938
6789,solar,2030,13,21,21,-0.037759045338628124
6790,solar,2030,13,22,22,-0.037759045338628124
6791,solar,2030,13,23,23,-0.037759045338628124
6792,solar,2030,13,24,24,-0.037759045338628124
6793,solar,2030,14,1,1,-0.0295100107676568
6794,solar,2030,14,2,2,-0.0295100107676568
6795,solar,2030,14,3,3,-0.0295100107676568
6796,solar,2030,14,4,4,-0.0295100107676568
6797,solar,2030,14,5,5,-0.0295100107676568
6798,solar,2030,14,6,6,-0.0295100107676568
6799,solar,2030,14,7,7,-0.0295100107676568
6800,solar,2030,14,8,8,-0.0295100107676568
6801,solar,2030,14,9,9,-0.0295100107676568
6802,solar,2030,14,10,10,-0.0295100107676568
6803,solar,2030,14,11,11,-0.0295100107676568
6804,solar,2030,14,12,12,-0.0295100107676568
6805,solar,2030,14,13,13,-0.0295100107676568
6806,solar,2030,14,14,14,-0.0295100107676568
6807,solar,2030,14,15,15,-0.0295100107676568
6808,solar,2030,14,16,16,-0.0295100107676568
6809,solar,2030,14,17,17,-0.0295100107676568
6810,solar,2030,14,18,18,-0.0295100107676568
6811,solar,2030,14,19,19,-0.04131401507471952
6812,solar,2030,14,20,20,-0.04131401507471952
6813,solar,2030,14,21,21,-0.04131401507471952
6814,solar,2030,14,22,22,-0.0295100107676568
6815,solar,2030,14,23,23,-0.0295100107676568
6816,solar,2030,14,24,24,-0.0295100107676568
6817,solar,2030,15,1,1,-0.028793947990597004
6818,solar,2030,15,2,2,-0.028793947990597004
6819,solar,2030,15,3,3,-0.028793947990597004
6820,solar,2030,15,4,4,-0.028793947990597004
6821,solar,2030,15,5,5,-0.028793947990597004
6822,solar,2030,15,6,6,-0.028793947990597004
6823,solar,2030,15,7,7,-0.040311527186835804
6824,solar,2030,15,8,8,-0.040311527186835804
6825,solar,2030,15,9,9,-0.040311527186835804
6826,solar,2030,15,10,10,-0.040311527186835804
6827,solar,2030,15,11,11,-0.040311527186835804
6828,solar,2030,15,12,12,-0.040311527186835804
6829,solar,2030,15,13,13,-0.040311527186835804
6830,solar,2030,15,14,14,-0.040311527186835804
6831,solar,2030,15,15,15,-0.040311527186835804
6832,solar,2030,15,16,16,-0.040311527186835804
6833,solar,2030,15,17,17,-11.5175791962388
6834,solar,2030,15,18,18,-11.5175791962388
6835,solar,2030,15,19,19,-11.5175791962388
6836,solar,2030,15,20,20,-11.5175791962388
6837,solar,2030,15,21,21,-11.5175791962388
6838,solar,2030,15,22,22,-2.5763407498433133
6839,solar,2030,15,23,23,-0.040311527186835804
6840,solar,2030,15,24,24,-0.040311527186835804
6841,solar,2030,16,1,1,-0.048776632441165105
6842,solar,2030,16,2,2,-0.048776632441165105
6843,solar,2030,16,3,3,-0.048776632441165105
6844,solar,2030,16,4,4,-0.048776632441165105
6845,solar,2030,16,5,5,-0.048776632441165105
6846,solar,2030,16,6,6,-0.048776632441165105
6847,solar,2030,16,7,7,-0.048776632441165105
6848,solar,2030,16,8,8,-0.048776632441165105
6849,solar,2030,16,9,9,-0.048776632441165105
6850,solar,2030,16,10,10,-0.048776632441165105
6851,solar,2030,16,11,11,-0.048776632441165105
6852,solar,2030,16,12,12,-0.048776632441165105
6853,solar,2030,16,13,13,-0.048776632441165105
6854,solar,2030,16,14,14,-0.048776632441165105
6855,solar,2030,16,15,15,-0.048776632441165105
6856,solar,2030,16,16,16,-0.048776632441165105
6857,solar,2030,16,17,17,-0.048776632441165105
6858,solar,2030,16,18,18,-0.048776632441165105
6859,solar,2030,16,19,19,-0.048776632441165105
6860,solar,2030,16,20,20,-0.048776632441165105
6861,solar,2030,16,21,21,-0.048776632441165105
6862,solar,2030,16,22,22,-0.048776632441165105
6863,solar,2030,16,23,23,-0.048776632441165105
6864,solar,2030,16,24,24,-0.048776632441165105
6865,solar,2030,17,1,1,-0.027383011756716726
6866,solar,2030,17,2,2,-0.027383011756716726
6867,solar,2030,17,3,3,-0.027383011756716726
6868,solar,2030,17,4,4,-0.027383011756716726
6869,solar,2030,17,5,5,-0.027383011756716726
6870,solar,2030,17,6,6,-0.027383011756716726
6871,solar,2030,17,7,7,-0.027383011756716726
6872,solar,2030,17,8,8,-0.027383011756716726
6873,solar,2030,17,9,9,-0.027383011756716726
6874,solar,2030,17,10,10,-0.027383011756716726
6875,solar,2030,17,11,11,-0.027383011756716726
6876,solar,2030,17,12,12,-0.027383011756716726
6877,solar,2030,17,13,13,-0.027383011756716726
6878,solar,2030,17,14,14,-0.027383011756716726
6879,solar,2030,17,15,15,-0.027383011756716726
6880,solar,2030,17,16,16,-0.027383011756716726
6881,solar,2030,17,17,17,-0.027383011756716726
6882,solar,2030,17,18,18,-0.027383011756716726
6883,solar,2030,17,19,19,-0.03833621645940342
6884,solar,2030,17,20,20,-0.03833621645940342
6885,solar,2030,17,21,21,-0.03833621645940342
6886,solar,2030,17,22,22,-0.03833621645940342
6887,solar,2030,17,23,23,-0.027383011756716726
6888,solar,2030,17,24,24,-0.027383011756716726
6889,solar,2030,18,1,1,-0.09745896781065977
6890,solar,2030,18,2,2,-0.09745896781065977
6891,solar,2030,18,3,3,-0.09745896781065977
6892,solar,2030,18,4,4,-0.09745896781065977
6893,solar,2030,18,5,5,-0.09745896781065977
6894,solar,2030,18,6,6,-0.09745896781065977
6895,solar,2030,18,7,7,-0.09745896781065977
6896,solar,2030,18,8,8,-0.09745896781065977
6897,solar,2030,18,9,9,-0.09745896781065977
6898,solar,2030,18,10,10,-0.09745896781065977
6899,solar,2030,18,11,11,-0.09745896781065977
6900,solar,2030,18,12,12,-0.09745896781065977
6901,solar,2030,18,13,13,-0.09745896781065977
6902,solar,2030,18,14,14,-0.09745896781065977
6903,solar,2030,18,15,15,-0.09745896781065977
6904,solar,2030,18,16,16,-0.09745896781065977
6905,solar,2030,18,17,17,-0.09745896781065977
6906,solar,2030,18,18,18,-0.09745896781065977
6907,solar,2030,18,19,19,-0.09745896781065977
6908,solar,2030,18,20,20,-0.09745896781065977
6909,solar,2030,18,21,21,-0.09745896781065977
6910,solar,2030,18,22,22,-0.09745896781065977
6911,solar,2030,18,23,23,-0.09745896781065977
6912,solar,2030,18,24,24,-0.09745896781065977
6913,solar,2030,19,1,1,-0.07466192960048637
6914,solar,2030,19,2,2,-0.07466192960048637
6915,solar,2030,19,3,3,-0.07466192960048637
6916,solar,2030,19,4,4,-0.07466192960048637
6917,solar,2030,19,5,5,-0.07466192960048637
6918,solar,2030,19,6,6,-0.07466192960048637
6919,solar,2030,19,7,7,-0.07466192960048637
6920,solar,2030,19,8,8,-0.07466192960048637
6921,solar,2030,19,9,9,-0.07466192960048637
6922,solar,2030,19,10,10,-0.07466192960048637
6923,solar,2030,19,11,11,-0.07466192960048637
6924,solar,2030,19,12,12,-0.07466192960048637
6925,solar,2030,19,13,13,-0.07466192960048637
6926,solar,2030,19,14,14,-0.07466192960048637
6927,solar,2030,19,15,15,-0.07466192960048637
6928,solar,2030,19,16,16,-0.07466192960048637
6929,solar,2030,19,17,17,-0.07466192960048637
6930,solar,2030,19,18,18,-0.07466192960048637
6931,solar,2030,19,19,19,-0.07466192960048637
6932,solar,2030,19,20,20,-0.07466192960048637
6933,solar,2030,19,21,21,-0.07466192960048637
6934,solar,2030,19,22,22,-0.07466192960048637
6935,solar,2030,19,23,23,-0.07466192960048637
6936,solar,2030,19,24,24,-0.07466192960048637
6937,solar,2030,20,1,1,-0.025264329669536668
6938,solar,2030,20,2,2,-0.025264329669536668
6939,solar,2030,20,3,3,-0.025264329669536668
6940,solar,2030,20,4,4,-0.025264329669536668
6941,solar,2030,20,5,5,-0.025264329669536668
6942,solar,2030,20,6,6,-0.025264329669536668
6943,solar,2030,20,7,7,-0.025264329669536668
6944,solar,2030,20,8,8,-0.025264329669536668
6945,solar,2030,20,9,9,-0.025264329669536668
6946,solar,2030,20,10,10,-0.025264329669536668
6947,solar,2030,20,11,11,-0.025264329669536668
6948,solar,2030,20,12,12,-0.025264329669536668
6949,solar,2030,20,13,13,-0.025264329669536668
6950,solar,2030,20,14,14,-0.025264329669536668
6951,solar,2030,20,15,15,-0.025264329669536668
6952,solar,2030,20,16,16,-0.025264329669536668
6953,solar,2030,20,17,17,-0.025264329669536668
6954,solar,2030,20,18,18,-0.025264329669536668
6955,solar,2030,20,19,19,-0.03537006153735134
6956,solar,2030,20,20,20,-0.03537006153735134
6957,solar,2030,20,21,21,-0.03537006153735134
6958,solar,2030,20,22,22,-0.025264329669536668
6959,solar,2030,20,23,23,-0.025264329669536668
6960,solar,2030,20,24,24,-0.025264329669536668
6961,solar,2030,21,1,1,-0.026836029679499114
6962,solar,2030,21,2,2,-0.026836029679499114
6963,solar,2030,21,3,3,-0.026836029679499114
6964,solar,2030,21,4,4,-0.026836029679499114
6965,solar,2030,21,5,5,-0.026836029679499114
6966,solar,2030,21,6,6,-0.026836029679499114
6967,solar,2030,21,7,7,-0.026836029679499114
6968,solar,2030,21,8,8,-0.026836029679499114
6969,solar,2030,21,9,9,-0.026836029679499114
6970,solar,2030,21,10,10,-0.026836029679499114
6971,solar,2030,21,11,11,-0.026836029679499114
6972,solar,2030,21,12,12,-0.026836029679499114
6973,solar,2030,21,13,13,-0.026836029679499114
6974,solar,2030,21,14,14,-0.026836029679499114
6975,solar,2030,21,15,15,-0.026836029679499114
6976,solar,2030,21,16,16,-0.026836029679499114
6977,solar,2030,21,17,17,-0.03757044155129876
6978,solar,2030,21,18,18,-0.03757044155129876
6979,solar,2030,21,19,19,-0.03757044155129876
6980,solar,2030,21,20,20,-0.03757044155129876
6981,solar,2030,21,21,21,-0.03757044155129876
6982,solar,2030,21,22,22,-0.03757044155129876
6983,solar,2030,21,23,23,-0.026836029679499114
6984,solar,2030,21,24,24,-0.026836029679499114
6985,solar,2030,22,1,1,-0.6430576687601038
6986,solar,2030,22,2,2,-0.6430576687601038
6987,solar,2030,22,3,3,-0.6430576687601038
6988,solar,2030,22,4,4,-0.6430576687601038
6989,solar,2030,22,5,5,-0.6430576687601038
6990,solar,2030,22,6,6,-0.6430576687601038
6991,solar,2030,22,7,7,-0.6430576687601038
6992,solar,2030,22,8,8,-0.6430576687601038
6993,solar,2030,22,9,9,-0.6430576687601038
6994,solar,2030,22,10,10,-0.6430576687601038
6995,solar,2030,22,11,11,-0.6430576687601038
6996,solar,2030,22,12,12,-0.6430576687601038
6997,solar,2030,22,13,13,-0.6430576687601038
6998,solar,2030,22,14,14,-0.6430576687601038
6999,solar,2030,22,15,15,-0.6430576687601038
7000,solar,2030,22,16,16,-0.6430576687601038
7001,solar,2030,22,17,17,-0.6430576687601038
7002,solar,2030,22,18,18,-0.6430576687601038
7003,solar,2030,22,19,19,-0.6430576687601038
7004,solar,2030,22,20,20,-0.6430576687601038
7005,solar,2030,22,21,21,-0.6430576687601038
7006,solar,2030,22,22,22,-0.6430576687601038
7007,solar,2030,22,23,23,-0.6430576687601038
7008,solar,2030,22,24,24,-0.6430576687601038
7009,solar,2030,23,1,1,-1.8811451150743501
7010,solar,2030,23,2,2,-1.8811451150743501
7011,solar,2030,23,3,3,-1.8811451150743501
7012,solar,2030,23,4,4,-1.8811451150743501
7013,solar,2030,23,5,5,-1.8811451150743501
7014,solar,2030,23,6,6,-1.8811451150743501
7015,solar,2030,23,7,7,-1.8811451150743501
7016,solar,2030,23,8,8,-1.8811451150743501
7017,solar,2030,23,9,9,-1.8811451150743501
7018,solar,2030,23,10,10,-1.8811451150743501
7019,solar,2030,23,11,11,-1.8811451150743501
7020,solar,2030,23,12,12,-1.8811451150743501
7021,solar,2030,23,13,13,-1.8811451150743501
7022,solar,2030,23,14,14,-1.8811451150743501
7023,solar,2030,23,15,15,-1.8811451150743501
7024,solar,2030,23,16,16,-1.8811451150743501
7025,solar,2030,23,17,17,-1.8811451150743501
7026,solar,2030,23,18,18,-1.8811451150743501
7027,solar,2030,23,19,19,-1.8811451150743501
7028,solar,2030,23,20,20,-2.6336031611040904
7029,solar,2030,23,21,21,-2.6336031611040904
7030,solar,2030,23,22,22,-1.8811451150743501
7031,solar,2030,23,23,23,-1.8811451150743501
7032,solar,2030,23,24,24,-1.8811451150743501
7033,solar,2030,24,1,1,-0.036271800001791026
7034,solar,2030,24,2,2,-0.036271800001791026
7035,solar,2030,24,3,3,-0.036271800001791026
7036,solar,2030,24,4,4,-0.036271800001791026
7037,solar,2030,24,5,5,-0.036271800001791026
7038,solar,2030,24,6,6,-0.036271800001791026
7039,solar,2030,24,7,7,-0.036271800001791026
7040,solar,2030,24,8,8,-0.036271800001791026
7041,solar,2030,24,9,9,-0.036271800001791026
7042,solar,2030,24,10,10,-0.036271800001791026
7043,solar,2030,24,11,11,-0.036271800001791026
7044,solar,2030,24,12,12,-0.036271800001791026
7045,solar,2030,24,13,13,-0.036271800001791026
7046,solar,2030,24,14,14,-0.036271800001791026
7047,solar,2030,24,15,15,-0.036271800001791026
7048,solar,2030,24,16,16,-0.036271800001791026
7049,solar,2030,24,17,17,-0.036271800001791026
7050,solar,2030,24,18,18,-0.036271800001791026
7051,solar,2030,24,19,19,-0.036271800001791026
7052,solar,2030,24,20,20,-0.050780520002507434
7053,solar,2030,24,21,21,-0.036271800001791026
7054,solar,2030,24,22,22,-0.036271800001791026
7055,solar,2030,24,23,23,-0.036271800001791026
7056,solar,2030,24,24,24,-0.036271800001791026
7057,solar,2030,25,1,1,-0.10354160679350827
7058,solar,2030,25,2,2,-0.10354160679350827
7059,solar,2030,25,3,3,-0.10354160679350827
7060,solar,2030,25,4,4,-0.10354160679350827
7061,solar,2030,25,5,5,-0.10354160679350827
7062,solar,2030,25,6,6,-0.10354160679350827
7063,solar,2030,25,7,7,-0.10354160679350827
7064,solar,2030,25,8,8,-0.14495824951091157
7065,solar,2030,25,9,9,-0.10354160679350827
7066,solar,2030,25,10,10,-0.10354160679350827
7067,solar,2030,25,11,11,-0.10354160679350827
7068,solar,2030,25,12,12,-0.10354160679350827
7069,solar,2030,25,13,13,-0.10354160679350827
7070,solar,2030,25,14,14,-0.10354160679350827
7071,solar,2030,25,15,15,-0.10354160679350827
7072,solar,2030,25,16,16,-0.10354160679350827
7073,solar,2030,25,17,17,-0.10354160679350827
7074,solar,2030,25,18,18,-0.10354160679350827
7075,solar,2030,25,19,19,-0.10354160679350827
7076,solar,2030,25,20,20,-0.14495824951091157
7077,solar,2030,25,21,21,-0.14495824951091157
7078,solar,2030,25,22,22,-0.10354160679350827
7079,solar,2030,25,23,23,-0.10354160679350827
7080,solar,2030,25,24,24,-0.10354160679350827
7081,solar,2030,26,1,1,-0.07173679652882972
7082,solar,2030,26,2,2,-0.07173679652882972
7083,solar,2030,26,3,3,-0.07173679652882972
7084,solar,2030,26,4,4,-0.07173679652882972
7085,solar,2030,26,5,5,-0.07173679652882972
7086,solar,2030,26,6,6,-0.07173679652882972
7087,solar,2030,26,7,7,-0.07173679652882972
7088,solar,2030,26,8,8,-0.07173679652882972
7089,solar,2030,26,9,9,-0.07173679652882972
7090,solar,2030,26,10,10,-0.07173679652882972
7091,solar,2030,26,11,11,-0.07173679652882972
7092,solar,2030,26,12,12,-0.07173679652882972
7093,solar,2030,26,13,13,-0.07173679652882972
7094,solar,2030,26,14,14,-0.07173679652882972
7095,solar,2030,26,15,15,-0.07173679652882972
7096,solar,2030,26,16,16,-0.07173679652882972
7097,solar,2030,26,17,17,-0.07173679652882972
7098,solar,2030,26,18,18,-0.07173679652882972
7099,solar,2030,26,19,19,-0.07173679652882972
7100,solar,2030,26,20,20,-0.07173679652882972
7101,solar,2030,26,21,21,-0.07173679652882972
7102,solar,2030,26,22,22,-0.07173679652882972
7103,solar,2030,26,23,23,-0.07173679652882972
7104,solar,2030,26,24,24,-0.07173679652882972
7105,solar,2030,27,1,1,-0.05158875540178365
7106,solar,2030,27,2,2,-0.05158875540178365
7107,solar,2030,27,3,3,-0.05158875540178365
7108,solar,2030,27,4,4,-0.05158875540178365
7109,solar,2030,27,5,5,-0.05158875540178365
7110,solar,2030,27,6,6,-0.05158875540178365
7111,solar,2030,27,7,7,-0.05158875540178365
7112,solar,2030,27,8,8,-0.05158875540178365
7113,solar,2030,27,9,9,-0.05158875540178365
7114,solar,2030,27,10,10,-0.05158875540178365
7115,solar,2030,27,11,11,-0.05158875540178365
7116,solar,2030,27,12,12,-0.05158875540178365
7117,solar,2030,27,13,13,-0.05158875540178365
7118,solar,2030,27,14,14,-0.05158875540178365
7119,solar,2030,27,15,15,-0.05158875540178365
7120,solar,2030,27,16,16,-0.05158875540178365
7121,solar,2030,27,17,17,-0.05158875540178365
7122,solar,2030,27,18,18,-0.05158875540178365
7123,solar,2030,27,19,19,-0.05158875540178365
7124,solar,2030,27,20,20,-0.05158875540178365
7125,solar,2030,27,21,21,-0.05158875540178365
7126,solar,2030,27,22,22,-0.05158875540178365
7127,solar,2030,27,23,23,-0.05158875540178365
7128,solar,2030,27,24,24,-0.05158875540178365
7129,solar,2030,28,1,1,-0.026124394279312915
7130,solar,2030,28,2,2,-0.026124394279312915
7131,solar,2030,28,3,3,-0.026124394279312915
7132,solar,2030,28,4,4,-0.026124394279312915
7133,solar,2030,28,5,5,-0.026124394279312915
7134,solar,2030,28,6,6,-0.026124394279312915
7135,solar,2030,28,7,7,-0.026124394279312915
7136,solar,2030,28,8,8,-0.026124394279312915
7137,solar,2030,28,9,9,-0.026124394279312915
7138,solar,2030,28,10,10,-0.026124394279312915
7139,solar,2030,28,11,11,-0.026124394279312915
7140,solar,2030,28,12,12,-0.026124394279312915
7141,solar,2030,28,13,13,-0.026124394279312915
7142,solar,2030,28,14,14,-0.026124394279312915
7143,solar,2030,28,15,15,-0.026124394279312915
7144,solar,2030,28,16,16,-0.026124394279312915
7145,solar,2030,28,17,17,-0.026124394279312915
7146,solar,2030,28,18,18,-0.026124394279312915
7147,solar,2030,28,19,19,-0.036574151991038084
7148,solar,2030,28,20,20,-0.036574151991038084
7149,solar,2030,28,21,21,-0.036574151991038084
7150,solar,2030,28,22,22,-0.036574151991038084
7151,solar,2030,28,23,23,-0.026124394279312915
7152,solar,2030,28,24,24,-0.026124394279312915
7153,solar,2030,29,1,1,-0.4073873273210306
7154,solar,2030,29,2,2,-0.4073873273210306
7155,solar,2030,29,3,3,-0.4073873273210306
7156,solar,2030,29,4,4,-0.4073873273210306
7157,solar,2030,29,5,5,-0.4073873273210306
7158,solar,2030,29,6,6,-0.4073873273210306
7159,solar,2030,29,7,7,-0.4073873273210306
7160,solar,2030,29,8,8,-0.4073873273210306
7161,solar,2030,29,9,9,-0.4073873273210306
7162,solar,2030,29,10,10,-0.4073873273210306
7163,solar,2030,29,11,11,-0.4073873273210306
7164,solar,2030,29,12,12,-0.4073873273210306
7165,solar,2030,29,13,13,-0.4073873273210306
7166,solar,2030,29,14,14,-0.4073873273210306
7167,solar,2030,29,15,15,-0.4073873273210306
7168,solar,2030,29,16,16,-0.4073873273210306
7169,solar,2030,29,17,17,-0.4073873273210306
7170,solar,2030,29,18,18,-0.4073873273210306
7171,solar,2030,29,19,19,-0.4073873273210306
7172,solar,2030,29,20,20,-0.4073873273210306
7173,solar,2030,29,21,21,-0.4073873273210306
7174,solar,2030,29,22,22,-0.4073873273210306
7175,solar,2030,29,23,23,-0.4073873273210306
7176,solar,2030,29,24,24,-0.4073873273210306
7177,solar,2030,30,1,1,-0.25774096885993447
7178,solar,2030,30,2,2,-0.25774096885993447
7179,solar,2030,30,3,3,-0.25774096885993447
7180,solar,2030,30,4,4,-0.25774096885993447
7181,solar,2030,30,5,5,-0.25774096885993447
7182,solar,2030,30,6,6,-0.25774096885993447
7183,solar,2030,30,7,7,-0.25774096885993447
7184,solar,2030,30,8,8,-0.25774096885993447
7185,solar,2030,30,9,9,-0.25774096885993447
7186,solar,2030,30,10,10,-0.25774096885993447
7187,solar,2030,30,11,11,-0.25774096885993447
7188,solar,2030,30,12,12,-0.25774096885993447
7189,solar,2030,30,13,13,-0.25774096885993447
7190,solar,2030,30,14,14,-0.25774096885993447
7191,solar,2030,30,15,15,-0.25774096885993447
7192,solar,2030,30,16,16,-0.25774096885993447
7193,solar,2030,30,17,17,-0.25774096885993447
7194,solar,2030,30,18,18,-0.25774096885993447
7195,solar,2030,30,19,19,-0.25774096885993447
7196,solar,2030,30,20,20,-0.25774096885993447
7197,solar,2030,30,21,21,-0.25774096885993447
7198,solar,2030,30,22,22,-0.25774096885993447
7199,solar,2030,30,23,23,-0.25774096885993447
7200,solar,2030,30,24,24,-0.25774096885993447
7201,solar,2030,31,1,1,-0.2703955044375947
7202,solar,2030,31,2,2,-0.2703955044375947
7203,solar,2030,31,3,3,-0.2703955044375947
7204,solar,2030,31,4,4,-0.2703955044375947
7205,solar,2030,31,5,5,-0.2703955044375947
7206,solar,2030,31,6,6,-0.2703955044375947
7207,solar,2030,31,7,7,-0.2703955044375947
7208,solar,2030,31,8,8,-0.2703955044375947
7209,solar,2030,31,9,9,-0.2703955044375947
7210,solar,2030,31,10,10,-0.2703955044375947
7211,solar,2030,31,11,11,-0.2703955044375947
7212,solar,2030,31,12,12,-0.2703955044375947
7213,solar,2030,31,13,13,-0.2703955044375947
7214,solar,2030,31,14,14,-0.2703955044375947
7215,solar,2030,31,15,15,-0.2703955044375947
7216,solar,2030,31,16,16,-0.2703955044375947
7217,solar,2030,31,17,17,-0.2703955044375947
7218,solar,2030,31,18,18,-0.2703955044375947
7219,solar,2030,31,19,19,-0.2703955044375947
7220,solar,2030,31,20,20,-0.2703955044375947
7221,solar,2030,31,21,21,-0.2703955044375947
7222,solar,2030,31,22,22,-0.2703955044375947
7223,solar,2030,31,23,23,-0.2703955044375947
7224,solar,2030,31,24,24,-0.2703955044375947
7225,solar,2030,32,1,1,-0.07600978172508115
7226,solar,2030,32,2,2,-0.07600978172508115
7227,solar,2030,32,3,3,-0.07600978172508115
7228,solar,2030,32,4,4,-0.07600978172508115
7229,solar,2030,32,5,5,-0.07600978172508115
7230,solar,2030,32,6,6,-0.07600978172508115
7231,solar,2030,32,7,7,-0.07600978172508115
7232,solar,2030,32,8,8,-0.07600978172508115
7233,solar,2030,32,9,9,-0.07600978172508115
7234,solar,2030,32,10,10,-0.07600978172508115
7235,solar,2030,32,11,11,-0.07600978172508115
7236,solar,2030,32,12,12,-0.07600978172508115
7237,solar,2030,32,13,13,-0.07600978172508115
7238,solar,2030,32,14,14,-0.07600978172508115
7239,solar,2030,32,15,15,-0.07600978172508115
7240,solar,2030,32,16,16,-0.07600978172508115
7241,solar,2030,32,17,17,-0.07600978172508115
7242,solar,2030,32,18,18,-0.07600978172508115
7243,solar,2030,32,19,19,-0.1064136944151136
7244,solar,2030,32,20,20,-0.1064136944151136
7245,solar,2030,32,21,21,-0.07600978172508115
7246,solar,2030,32,22,22,-0.07600978172508115
7247,solar,2030,32,23,23,-0.07600978172508115
7248,solar,2030,32,24,24,-0.07600978172508115
7249,solar,2030,33,1,1,-0.03958510158837345
7250,solar,2030,33,2,2,-0.03958510158837345
7251,solar,2030,33,3,3,-0.03958510158837345
7252,solar,2030,33,4,4,-0.03958510158837345
7253,solar,2030,33,5,5,-0.03958510158837345
7254,solar,2030,33,6,6,-0.03958510158837345
7255,solar,2030,33,7,7,-0.03958510158837345
7256,solar,2030,33,8,8,-0.03958510158837345
7257,solar,2030,33,9,9,-0.03958510158837345
7258,solar,2030,33,10,10,-0.03958510158837345
7259,solar,2030,33,11,11,-0.03958510158837345
7260,solar,2030,33,12,12,-0.03958510158837345
7261,solar,2030,33,13,13,-0.03958510158837345
7262,solar,2030,33,14,14,-0.03958510158837345
7263,solar,2030,33,15,15,-0.03958510158837345
7264,solar,2030,33,16,16,-0.03958510158837345
7265,solar,2030,33,17,17,-0.03958510158837345
7266,solar,2030,33,18,18,-0.03958510158837345
7267,solar,2030,33,19,19,-0.03958510158837345
7268,solar,2030,33,20,20,-0.055419142223722836
7269,solar,2030,33,21,21,-0.055419142223722836
7270,solar,2030,33,22,22,-0.03958510158837345
7271,solar,2030,33,23,23,-0.03958510158837345
7272,solar,2030,33,24,24,-0.03958510158837345
7273,solar,2030,34,1,1,-0.10618789785952146
7274,solar,2030,34,2,2,-0.10618789785952146
7275,solar,2030,34,3,3,-0.10618789785952146
7276,solar,2030,34,4,4,-0.10618789785952146
7277,solar,2030,34,5,5,-0.10618789785952146
7278,solar,2030,34,6,6,-0.10618789785952146
7279,solar,2030,34,7,7,-0.10618789785952146
7280,solar,2030,34,8,8,-0.10618789785952146
7281,solar,2030,34,9,9,-0.10618789785952146
7282,solar,2030,34,10,10,-0.10618789785952146
7283,solar,2030,34,11,11,-0.10618789785952146
7284,solar,2030,34,12,12,-0.10618789785952146
7285,solar,2030,34,13,13,-0.10618789785952146
7286,solar,2030,34,14,14,-0.10618789785952146
7287,solar,2030,34,15,15,-0.10618789785952146
7288,solar,2030,34,16,16,-0.10618789785952146
7289,solar,2030,34,17,17,-0.10618789785952146
7290,solar,2030,34,18,18,-0.10618789785952146
7291,solar,2030,34,19,19,-0.10618789785952146
7292,solar,2030,34,20,20,-0.10618789785952146
7293,solar,2030,34,21,21,-0.10618789785952146
7294,solar,2030,34,22,22,-0.10618789785952146
7295,solar,2030,34,23,23,-0.10618789785952146
7296,solar,2030,34,24,24,-0.10618789785952146
7297,solar,2030,35,1,1,-2.544167068432471
7298,solar,2030,35,2,2,-2.544167068432471
7299,solar,2030,35,3,3,-2.544167068432471
7300,solar,2030,35,4,4,-2.544167068432471
7301,solar,2030,35,5,5,-2.544167068432471
7302,solar,2030,35,6,6,-2.544167068432471
7303,solar,2030,35,7,7,-2.544167068432471
7304,solar,2030,35,8,8,-2.544167068432471
7305,solar,2030,35,9,9,-2.544167068432471
7306,solar,2030,35,10,10,-2.544167068432471
7307,solar,2030,35,11,11,-2.544167068432471
7308,solar,2030,35,12,12,-2.544167068432471
7309,solar,2030,35,13,13,-2.544167068432471
7310,solar,2030,35,14,14,-2.544167068432471
7311,solar,2030,35,15,15,-2.544167068432471
7312,solar,2030,35,16,16,-2.544167068432471
7313,solar,2030,35,17,17,-2.544167068432471
7314,solar,2030,35,18,18,-2.544167068432471
7315,solar,2030,35,19,19,-2.6684567895900497
7316,solar,2030,35,20,20,-3.5618338958054596
7317,solar,2030,35,21,21,-3.5618338958054596
7318,solar,2030,35,22,22,-2.544167068432471
7319,solar,2030,35,23,23,-2.544167068432471
7320,solar,2030,35,24,24,-2.544167068432471
7321,solar,2030,36,1,1,-0.04932821540281758
7322,solar,2030,36,2,2,-0.04932821540281758
7323,solar,2030,36,3,3,-0.04932821540281758
7324,solar,2030,36,4,4,-0.04932821540281758
7325,solar,2030,36,5,5,-0.04932821540281758
7326,solar,2030,36,6,6,-0.04932821540281758
7327,solar,2030,36,7,7,-0.04932821540281758
7328,solar,2030,36,8,8,-0.04932821540281758
7329,solar,2030,36,9,9,-0.04932821540281758
7330,solar,2030,36,10,10,-0.04932821540281758
7331,solar,2030,36,11,11,-0.04932821540281758
7332,solar,2030,36,12,12,-0.04932821540281758
7333,solar,2030,36,13,13,-0.04932821540281758
7334,solar,2030,36,14,14,-0.04932821540281758
7335,solar,2030,36,15,15,-0.04932821540281758
7336,solar,2030,36,16,16,-0.04932821540281758
7337,solar,2030,36,17,17,-0.04932821540281758
7338,solar,2030,36,18,18,-0.04932821540281758
7339,solar,2030,36,19,19,-0.06905950156394461
7340,solar,2030,36,20,20,-0.06905950156394461
7341,solar,2030,36,21,21,-0.06905950156394461
7342,solar,2030,36,22,22,-0.04932821540281758
7343,solar,2030,36,23,23,-0.04932821540281758
7344,solar,2030,36,24,24,-0.04932821540281758
7345,solar,2030,37,1,1,-0.164853142921574
7346,solar,2030,37,2,2,-0.164853142921574
7347,solar,2030,37,3,3,-0.164853142921574
7348,solar,2030,37,4,4,-0.164853142921574
7349,solar,2030,37,5,5,-0.164853142921574
7350,solar,2030,37,6,6,-0.164853142921574
7351,solar,2030,37,7,7,-0.164853142921574
7352,solar,2030,37,8,8,-0.164853142921574
7353,solar,2030,37,9,9,-0.164853142921574
7354,solar,2030,37,10,10,-0.164853142921574
7355,solar,2030,37,11,11,-0.164853142921574
7356,solar,2030,37,12,12,-0.164853142921574
7357,solar,2030,37,13,13,-0.164853142921574
7358,solar,2030,37,14,14,-0.164853142921574
7359,solar,2030,37,15,15,-0.164853142921574
7360,solar,2030,37,16,16,-0.164853142921574
7361,solar,2030,37,17,17,-0.164853142921574
7362,solar,2030,37,18,18,-0.164853142921574
7363,solar,2030,37,19,19,-0.164853142921574
7364,solar,2030,37,20,20,-0.164853142921574
7365,solar,2030,37,21,21,-0.164853142921574
7366,solar,2030,37,22,22,-0.164853142921574
7367,solar,2030,37,23,23,-0.164853142921574
7368,solar,2030,37,24,24,-0.164853142921574
7369,solar,2030,38,1,1,-0.31984000853707006
7370,solar,2030,38,2,2,-0.31984000853707006
7371,solar,2030,38,3,3,-0.31984000853707006
7372,solar,2030,38,4,4,-0.31984000853707006
7373,solar,2030,38,5,5,-0.31984000853707006
7374,solar,2030,38,6,6,-0.31984000853707006
7375,solar,2030,38,7,7,-0.31984000853707006
7376,solar,2030,38,8,8,-0.31984000853707006
7377,solar,2030,38,9,9,-0.31984000853707006
7378,solar,2030,38,10,10,-0.31984000853707006
7379,solar,2030,38,11,11,-0.31984000853707006
7380,solar,2030,38,12,12,-0.31984000853707006
7381,solar,2030,38,13,13,-0.31984000853707006
7382,solar,2030,38,14,14,-0.31984000853707006
7383,solar,2030,38,15,15,-0.31984000853707006
7384,solar,2030,38,16,16,-0.31984000853707006
7385,solar,2030,38,17,17,-0.31984000853707006
7386,solar,2030,38,18,18,-0.31984000853707006
7387,solar,2030,38,19,19,-0.31984000853707006
7388,solar,2030,38,20,20,-0.31984000853707006
7389,solar,2030,38,21,21,-0.31984000853707006
7390,solar,2030,38,22,22,-0.31984000853707006
7391,solar,2030,38,23,23,-0.31984000853707006
7392,solar,2030,38,24,24,-0.31984000853707006
7393,solar,2030,39,1,1,-0.33528224551223684
7394,solar,2030,39,2,2,-0.33528224551223684
7395,solar,2030,39,3,3,-0.33528224551223684
7396,solar,2030,39,4,4,-0.33528224551223684
7397,solar,2030,39,5,5,-0.33528224551223684
7398,solar,2030,39,6,6,-0.33528224551223684
7399,solar,2030,39,7,7,-0.33528224551223684
7400,solar,2030,39,8,8,-0.33528224551223684
7401,solar,2030,39,9,9,-0.33528224551223684
7402,solar,2030,39,10,10,-0.33528224551223684
7403,solar,2030,39,11,11,-0.33528224551223684
7404,solar,2030,39,12,12,-0.33528224551223684
7405,solar,2030,39,13,13,-0.33528224551223684
7406,solar,2030,39,14,14,-0.33528224551223684
7407,solar,2030,39,15,15,-0.33528224551223684
7408,solar,2030,39,16,16,-0.33528224551223684
7409,solar,2030,39,17,17,-0.33528224551223684
7410,solar,2030,39,18,18,-0.33528224551223684
7411,solar,2030,39,19,19,-0.33528224551223684
7412,solar,2030,39,20,20,-0.46939514371713165
7413,solar,2030,39,21,21,-0.33528224551223684
7414,solar,2030,39,22,22,-0.33528224551223684
7415,solar,2030,39,23,23,-0.33528224551223684
7416,solar,2030,39,24,24,-0.33528224551223684
7417,solar,2030,40,1,1,-0.3653582781077631
7418,solar,2030,40,2,2,-0.3653582781077631
7419,solar,2030,40,3,3,-0.3653582781077631
7420,solar,2030,40,4,4,-0.3653582781077631
7421,solar,2030,40,5,5,-0.3653582781077631
7422,solar,2030,40,6,6,-0.3653582781077631
7423,solar,2030,40,7,7,-0.3653582781077631
7424,solar,2030,40,8,8,-0.3653582781077631
7425,solar,2030,40,9,9,-0.3653582781077631
7426,solar,2030,40,10,10,-0.3653582781077631
7427,solar,2030,40,11,11,-0.3653582781077631
7428,solar,2030,40,12,12,-0.3653582781077631
7429,solar,2030,40,13,13,-0.3653582781077631
7430,solar,2030,40,14,14,-0.3653582781077631
7431,solar,2030,40,15,15,-0.3653582781077631
7432,solar,2030,40,16,16,-0.3653582781077631
7433,solar,2030,40,17,17,-0.3653582781077631
7434,solar,2030,40,18,18,-0.3653582781077631
7435,solar,2030,40,19,19,-0.3653582781077631
7436,solar,2030,40,20,20,-0.3653582781077631
7437,solar,2030,40,21,21,-0.3653582781077631
7438,solar,2030,40,22,22,-0.3653582781077631
7439,solar,2030,40,23,23,-0.3653582781077631
7440,solar,2030,40,24,24,-0.3653582781077631
7441,solar,2030,41,1,1,-0.03595275591373466
7442,solar,2030,41,2,2,-0.03595275591373466
7443,solar,2030,41,3,3,-0.0256805399383819
7444,solar,2030,41,4,4,-0.0256805399383819
7445,solar,2030,41,5,5,-0.0256805399383819
7446,solar,2030,41,6,6,-0.0256805399383819
7447,solar,2030,41,7,7,-0.0256805399383819
7448,solar,2030,41,8,8,-0.0256805399383819
7449,solar,2030,41,9,9,-0.0256805399383819
7450,solar,2030,41,10,10,-0.0256805399383819
7451,solar,2030,41,11,11,-0.0256805399383819
7452,solar,2030,41,12,12,-0.0256805399383819
7453,solar,2030,41,13,13,-0.0256805399383819
7454,solar,2030,41,14,14,-0.0256805399383819
7455,solar,2030,41,15,15,-0.0256805399383819
7456,solar,2030,41,16,16,-0.0256805399383819
7457,solar,2030,41,17,17,-0.0256805399383819
7458,solar,2030,41,18,18,-0.0256805399383819
7459,solar,2030,41,19,19,-0.0256805399383819
7460,solar,2030,41,20,20,-0.0256805399383819
7461,solar,2030,41,21,21,-0.0256805399383819
7462,solar,2030,41,22,22,-0.0256805399383819
7463,solar,2030,41,23,23,-0.0256805399383819
7464,solar,2030,41,24,24,-0.0256805399383819
7465,solar,2030,42,1,1,-0.052214219899988916
7466,solar,2030,42,2,2,-0.052214219899988916
7467,solar,2030,42,3,3,-0.052214219899988916
7468,solar,2030,42,4,4,-0.052214219899988916
7469,solar,2030,42,5,5,-0.052214219899988916
7470,solar,2030,42,6,6,-0.052214219899988916
7471,solar,2030,42,7,7,-0.052214219899988916
7472,solar,2030,42,8,8,-0.052214219899988916
7473,solar,2030,42,9,9,-0.052214219899988916
7474,solar,2030,42,10,10,-0.052214219899988916
7475,solar,2030,42,11,11,-0.052214219899988916
7476,solar,2030,42,12,12,-0.052214219899988916
7477,solar,2030,42,13,13,-0.052214219899988916
7478,solar,2030,42,14,14,-0.052214219899988916
7479,solar,2030,42,15,15,-0.052214219899988916
7480,solar,2030,42,16,16,-0.052214219899988916
7481,solar,2030,42,17,17,-0.052214219899988916
7482,solar,2030,42,18,18,-0.052214219899988916
7483,solar,2030,42,19,19,-0.07309990785998448
7484,solar,2030,42,20,20,-0.07309990785998448
7485,solar,2030,42,21,21,-0.07309990785998448
7486,solar,2030,42,22,22,-0.07309990785998448
7487,solar,2030,42,23,23,-0.052214219899988916
7488,solar,2030,42,24,24,-0.052214219899988916
7489,solar,2030,43,1,1,-0.05013750827035188
7490,solar,2030,43,2,2,-0.05013750827035188
7491,solar,2030,43,3,3,-0.05013750827035188
7492,solar,2030,43,4,4,-0.05013750827035188
7493,solar,2030,43,5,5,-0.05013750827035188
7494,solar,2030,43,6,6,-0.05013750827035188
7495,solar,2030,43,7,7,-0.05013750827035188
7496,solar,2030,43,8,8,-0.05013750827035188
7497,solar,2030,43,9,9,-0.05013750827035188
7498,solar,2030,43,10,10,-0.05013750827035188
7499,solar,2030,43,11,11,-0.05013750827035188
7500,solar,2030,43,12,12,-0.05013750827035188
7501,solar,2030,43,13,13,-0.05013750827035188
7502,solar,2030,43,14,14,-0.05013750827035188
7503,solar,2030,43,15,15,-0.05013750827035188
7504,solar,2030,43,16,16,-0.05013750827035188
7505,solar,2030,43,17,17,-0.05013750827035188
7506,solar,2030,43,18,18,-0.05013750827035188
7507,solar,2030,43,19,19,-0.07019251157849263
7508,solar,2030,43,20,20,-0.07019251157849263
7509,solar,2030,43,21,21,-0.05013750827035188
7510,solar,2030,43,22,22,-0.05013750827035188
7511,solar,2030,43,23,23,-0.05013750827035188
7512,solar,2030,43,24,24,-0.05013750827035188
7513,solar,2030,44,1,1,-0.050104035160026296
7514,solar,2030,44,2,2,-0.050104035160026296
7515,solar,2030,44,3,3,-0.050104035160026296
7516,solar,2030,44,4,4,-0.050104035160026296
7517,solar,2030,44,5,5,-0.050104035160026296
7518,solar,2030,44,6,6,-0.050104035160026296
7519,solar,2030,44,7,7,-0.050104035160026296
7520,solar,2030,44,8,8,-0.050104035160026296
7521,solar,2030,44,9,9,-0.050104035160026296
7522,solar,2030,44,10,10,-0.050104035160026296
7523,solar,2030,44,11,11,-0.050104035160026296
7524,solar,2030,44,12,12,-0.050104035160026296
7525,solar,2030,44,13,13,-0.050104035160026296
7526,solar,2030,44,14,14,-0.050104035160026296
7527,solar,2030,44,15,15,-0.050104035160026296
7528,solar,2030,44,16,16,-0.050104035160026296
7529,solar,2030,44,17,17,-0.050104035160026296
7530,solar,2030,44,18,18,-0.050104035160026296
7531,solar,2030,44,19,19,-0.050104035160026296
7532,solar,2030,44,20,20,-0.050104035160026296
7533,solar,2030,44,21,21,-0.050104035160026296
7534,solar,2030,44,22,22,-0.050104035160026296
7535,solar,2030,44,23,23,-0.050104035160026296
7536,solar,2030,44,24,24,-0.050104035160026296
7537,solar,2030,45,1,1,-0.18007985727120943
7538,solar,2030,45,2,2,-0.18007985727120943
7539,solar,2030,45,3,3,-0.18007985727120943
7540,solar,2030,45,4,4,-0.18007985727120943
7541,solar,2030,45,5,5,-0.18007985727120943
7542,solar,2030,45,6,6,-0.18007985727120943
7543,solar,2030,45,7,7,-0.18007985727120943
7544,solar,2030,45,8,8,-0.18007985727120943
7545,solar,2030,45,9,9,-0.18007985727120943
7546,solar,2030,45,10,10,-0.18007985727120943
7547,solar,2030,45,11,11,-0.18007985727120943
7548,solar,2030,45,12,12,-0.18007985727120943
7549,solar,2030,45,13,13,-0.18007985727120943
7550,solar,2030,45,14,14,-0.18007985727120943
7551,solar,2030,45,15,15,-0.18007985727120943
7552,solar,2030,45,16,16,-0.18007985727120943
7553,solar,2030,45,17,17,-0.18007985727120943
7554,solar,2030,45,18,18,-0.18007985727120943
7555,solar,2030,45,19,19,-0.18007985727120943
7556,solar,2030,45,20,20,-0.18007985727120943
7557,solar,2030,45,21,21,-0.18007985727120943
7558,solar,2030,45,22,22,-0.18007985727120943
7559,solar,2030,45,23,23,-0.18007985727120943
7560,solar,2030,45,24,24,-0.18007985727120943
7561,solar,2030,46,1,1,-0.028023044821718385
7562,solar,2030,46,2,2,-0.028023044821718385
7563,solar,2030,46,3,3,-0.028023044821718385
7564,solar,2030,46,4,4,-0.028023044821718385
7565,solar,2030,46,5,5,-0.028023044821718385
7566,solar,2030,46,6,6,-0.028023044821718385
7567,solar,2030,46,7,7,-0.028023044821718385
7568,solar,2030,46,8,8,-0.028023044821718385
7569,solar,2030,46,9,9,-0.028023044821718385
7570,solar,2030,46,10,10,-0.028023044821718385
7571,solar,2030,46,11,11,-0.028023044821718385
7572,solar,2030,46,12,12,-0.028023044821718385
7573,solar,2030,46,13,13,-0.028023044821718385
7574,solar,2030,46,14,14,-0.028023044821718385
7575,solar,2030,46,15,15,-0.028023044821718385
7576,solar,2030,46,16,16,-0.028023044821718385
7577,solar,2030,46,17,17,-0.028023044821718385
7578,solar,2030,46,18,18,-0.03923226275040574
7579,solar,2030,46,19,19,-0.03923226275040574
7580,solar,2030,46,20,20,-0.03923226275040574
7581,solar,2030,46,21,21,-0.03923226275040574
7582,solar,2030,46,22,22,-0.028023044821718385
7583,solar,2030,46,23,23,-0.028023044821718385
7584,solar,2030,46,24,24,-0.028023044821718385
7585,solar,2030,47,1,1,-0.038212910393885226
7586,solar,2030,47,2,2,-0.038212910393885226
7587,solar,2030,47,3,3,-0.038212910393885226
7588,solar,2030,47,4,4,-0.038212910393885226
7589,solar,2030,47,5,5,-0.038212910393885226
7590,solar,2030,47,6,6,-0.038212910393885226
7591,solar,2030,47,7,7,-0.038212910393885226
7592,solar,2030,47,8,8,-0.038212910393885226
7593,solar,2030,47,9,9,-0.038212910393885226
7594,solar,2030,47,10,10,-0.038212910393885226
7595,solar,2030,47,11,11,-0.038212910393885226
7596,solar,2030,47,12,12,-0.038212910393885226
7597,solar,2030,47,13,13,-0.038212910393885226
7598,solar,2030,47,14,14,-0.038212910393885226
7599,solar,2030,47,15,15,-0.038212910393885226
7600,solar,2030,47,16,16,-0.038212910393885226
7601,solar,2030,47,17,17,-0.038212910393885226
7602,solar,2030,47,18,18,-0.05349807455143932
7603,solar,2030,47,19,19,-0.05349807455143932
7604,solar,2030,47,20,20,-0.05349807455143932
7605,solar,2030,47,21,21,-0.05349807455143932
7606,solar,2030,47,22,22,-0.05349807455143932
7607,solar,2030,47,23,23,-0.05349807455143932
7608,solar,2030,47,24,24,-0.038212910393885226
7609,solar,2030,48,1,1,-0.027087810065351804
7610,solar,2030,48,2,2,-0.027087810065351804
7611,solar,2030,48,3,3,-0.027087810065351804
7612,solar,2030,48,4,4,-0.027087810065351804
7613,solar,2030,48,5,5,-0.027087810065351804
7614,solar,2030,48,6,6,-0.027087810065351804
7615,solar,2030,48,7,7,-0.027087810065351804
7616,solar,2030,48,8,8,-0.027087810065351804
7617,solar,2030,48,9,9,-0.027087810065351804
7618,solar,2030,48,10,10,-0.027087810065351804
7619,solar,2030,48,11,11,-0.027087810065351804
7620,solar,2030,48,12,12,-0.027087810065351804
7621,solar,2030,48,13,13,-0.027087810065351804
7622,solar,2030,48,14,14,-0.027087810065351804
7623,solar,2030,48,15,15,-0.027087810065351804
7624,solar,2030,48,16,16,-0.027087810065351804
7625,solar,2030,48,17,17,-0.027087810065351804
7626,solar,2030,48,18,18,-0.027087810065351804
7627,solar,2030,48,19,19,-0.03792293409149253
7628,solar,2030,48,20,20,-0.03792293409149253
7629,solar,2030,48,21,21,-0.03792293409149253
7630,solar,2030,48,22,22,-0.027087810065351804
7631,solar,2030,48,23,23,-0.027087810065351804
7632,solar,2030,48,24,24,-0.027087810065351804
7633,solar,2030,49,1,1,-0.04999383780675244
7634,solar,2030,49,2,2,-0.04999383780675244
7635,solar,2030,49,3,3,-0.04999383780675244
7636,solar,2030,49,4,4,-0.04999383780675244
7637,solar,2030,49,5,5,-0.04999383780675244
7638,solar,2030,49,6,6,-0.04999383780675244
7639,solar,2030,49,7,7,-0.04999383780675244
7640,solar,2030,49,8,8,-0.04999383780675244
7641,solar,2030,49,9,9,-0.04999383780675244
7642,solar,2030,49,10,10,-0.04999383780675244
7643,solar,2030,49,11,11,-0.04999383780675244
7644,solar,2030,49,12,12,-0.04999383780675244
7645,solar,2030,49,13,13,-0.04999383780675244
7646,solar,2030,49,14,14,-0.04999383780675244
7647,solar,2030,49,15,15,-0.04999383780675244
7648,solar,2030,49,16,16,-0.04999383780675244
7649,solar,2030,49,17,17,-0.04999383780675244
7650,solar,2030,49,18,18,-0.04999383780675244
7651,solar,2030,49,19,19,-0.04999383780675244
7652,solar,2030,49,20,20,-0.06999137292945343
7653,solar,2030,49,21,21,-0.06999137292945343
7654,solar,2030,49,22,22,-0.04999383780675244
7655,solar,2030,49,23,23,-0.04999383780675244
7656,solar,2030,49,24,24,-0.04999383780675244
7657,solar,2030,50,1,1,-0.06459944864810328
7658,solar,2030,50,2,2,-0.06459944864810328
7659,solar,2030,50,3,3,-0.06459944864810328
7660,solar,2030,50,4,4,-0.06459944864810328
7661,solar,2030,50,5,5,-0.06459944864810328
7662,solar,2030,50,6,6,-0.06459944864810328
7663,solar,2030,50,7,7,-0.06459944864810328
7664,solar,2030,50,8,8,-0.06459944864810328
7665,solar,2030,50,9,9,-0.06459944864810328
7666,solar,2030,50,10,10,-0.06459944864810328
7667,solar,2030,50,11,11,-0.06459944864810328
7668,solar,2030,50,12,12,-0.06459944864810328
7669,solar,2030,50,13,13,-0.06459944864810328
7670,solar,2030,50,14,14,-0.06459944864810328
7671,solar,2030,50,15,15,-0.06459944864810328
7672,solar,2030,50,16,16,-0.06459944864810328
7673,solar,2030,50,17,17,-0.06459944864810328
7674,solar,2030,50,18,18,-0.06459944864810328
7675,solar,2030,50,19,19,-0.06459944864810328
7676,solar,2030,50,20,20,-0.06459944864810328
7677,solar,2030,50,21,21,-0.06459944864810328
7678,solar,2030,50,22,22,-0.06459944864810328
7679,solar,2030,50,23,23,-0.06459944864810328
7680,solar,2030,50,24,24,-0.06459944864810328
7681,solar,2030,51,1,1,-0.0327160064646552
7682,solar,2030,51,2,2,-0.0327160064646552
7683,solar,2030,51,3,3,-0.0327160064646552
7684,solar,2030,51,4,4,-0.0327160064646552
7685,solar,2030,51,5,5,-0.0327160064646552
7686,solar,2030,51,6,6,-0.0327160064646552
7687,solar,2030,51,7,7,-0.0327160064646552
7688,solar,2030,51,8,8,-0.0327160064646552
7689,solar,2030,51,9,9,-0.0327160064646552
7690,solar,2030,51,10,10,-0.0327160064646552
7691,solar,2030,51,11,11,-0.0327160064646552
7692,solar,2030,51,12,12,-0.0327160064646552
7693,solar,2030,51,13,13,-0.0327160064646552
7694,solar,2030,51,14,14,-0.0327160064646552
7695,solar,2030,51,15,15,-0.0327160064646552
7696,solar,2030,51,16,16,-0.0327160064646552
7697,solar,2030,51,17,17,-0.0327160064646552
7698,solar,2030,51,18,18,-0.0327160064646552
7699,solar,2030,51,19,19,-0.0327160064646552
7700,solar,2030,51,20,20,-0.0327160064646552
7701,solar,2030,51,21,21,-0.0327160064646552
7702,solar,2030,51,22,22,-0.0327160064646552
7703,solar,2030,51,23,23,-0.0327160064646552
7704,solar,2030,51,24,24,-0.0327160064646552
7705,solar,2030,52,1,1,-0.19866381569257158
7706,solar,2030,52,2,2,-0.19866381569257158
7707,solar,2030,52,3,3,-0.19866381569257158
7708,solar,2030,52,4,4,-0.19866381569257158
7709,solar,2030,52,5,5,-0.19866381569257158
7710,solar,2030,52,6,6,-0.19866381569257158
7711,solar,2030,52,7,7,-0.19866381569257158
7712,solar,2030,52,8,8,-0.19866381569257158
7713,solar,2030,52,9,9,-0.19866381569257158
7714,solar,2030,52,10,10,-0.19866381569257158
7715,solar,2030,52,11,11,-0.19866381569257158
7716,solar,2030,52,12,12,-0.19866381569257158
7717,solar,2030,52,13,13,-0.19866381569257158
7718,solar,2030,52,14,14,-0.19866381569257158
7719,solar,2030,52,15,15,-0.19866381569257158
7720,solar,2030,52,16,16,-0.19866381569257158
7721,solar,2030,52,17,17,-0.19866381569257158
7722,solar,2030,52,18,18,-0.19866381569257158
7723,solar,2030,52,19,19,-0.19866381569257158
7724,solar,2030,52,20,20,-0.19866381569257158
7725,solar,2030,52,21,21,-0.19866381569257158
7726,solar,2030,52,22,22,-0.19866381569257158
7727,solar,2030,52,23,23,-0.19866381569257158
7728,solar,2030,52,24,24,-0.19866381569257158
7729,solar,2030,53,1,1,-0.04716646327277544
7730,solar,2030,53,2,2,-0.04716646327277544
7731,solar,2030,53,3,3,-0.04716646327277544
7732,solar,2030,53,4,4,-0.04716646327277544
7733,solar,2030,53,5,5,-0.04716646327277544
7734,solar,2030,53,6,6,-0.04716646327277544
7735,solar,2030,53,7,7,-0.04716646327277544
7736,solar,2030,53,8,8,-0.04716646327277544
7737,solar,2030,53,9,9,-0.04716646327277544
7738,solar,2030,53,10,10,-0.04716646327277544
7739,solar,2030,53,11,11,-0.04716646327277544
7740,solar,2030,53,12,12,-0.04716646327277544
7741,solar,2030,53,13,13,-0.04716646327277544
7742,solar,2030,53,14,14,-0.04716646327277544
7743,solar,2030,53,15,15,-0.04716646327277544
7744,solar,2030,53,16,16,-0.04716646327277544
7745,solar,2030,53,17,17,-0.04716646327277544
7746,solar,2030,53,18,18,-0.04716646327277544
7747,solar,2030,53,19,19,-0.04716646327277544
7748,solar,2030,53,20,20,-0.04716646327277544
7749,solar,2030,53,21,21,-0.04716646327277544
7750,solar,2030,53,22,22,-0.04716646327277544
7751,solar,2030,53,23,23,-0.04716646327277544
7752,solar,2030,53,24,24,-0.04716646327277544
7753,solar,2030,54,1,1,-0.04160510593456031
7754,solar,2030,54,2,2,-0.04160510593456031
7755,solar,2030,54,3,3,-0.04160510593456031
7756,solar,2030,54,4,4,-0.04160510593456031
7757,solar,2030,54,5,5,-0.04160510593456031
7758,solar,2030,54,6,6,-0.04160510593456031
7759,solar,2030,54,7,7,-0.04160510593456031
7760,solar,2030,54,8,8,-0.04160510593456031
7761,solar,2030,54,9,9,-0.04160510593456031
7762,solar,2030,54,10,10,-0.04160510593456031
7763,solar,2030,54,11,11,-0.04160510593456031
7764,solar,2030,54,12,12,-0.04160510593456031
7765,solar,2030,54,13,13,-0.04160510593456031
7766,solar,2030,54,14,14,-0.04160510593456031
7767,solar,2030,54,15,15,-0.04160510593456031
7768,solar,2030,54,16,16,-0.04160510593456031
7769,solar,2030,54,17,17,-0.04160510593456031
7770,solar,2030,54,18,18,-0.04160510593456031
7771,solar,2030,54,19,19,-0.04160510593456031
7772,solar,2030,54,20,20,-0.04160510593456031
7773,solar,2030,54,21,21,-0.04160510593456031
7774,solar,2030,54,22,22,-0.04160510593456031
7775,solar,2030,54,23,23,-0.04160510593456031
7776,solar,2030,54,24,24,-0.04160510593456031
7777,solar,2030,55,1,1,-0.06500795349244463
7778,solar,2030,55,2,2,-0.06500795349244463
7779,solar,2030,55,3,3,-0.06500795349244463
7780,solar,2030,55,4,4,-0.06500795349244463
7781,solar,2030,55,5,5,-0.06500795349244463
7782,solar,2030,55,6,6,-0.06500795349244463
7783,solar,2030,55,7,7,-0.06500795349244463
7784,solar,2030,55,8,8,-0.06500795349244463
7785,solar,2030,55,9,9,-0.06500795349244463
7786,solar,2030,55,10,10,-0.06500795349244463
7787,solar,2030,55,11,11,-0.002600318139697785
7788,solar,2030,55,12,12,-0.002600318139697785
7789,solar,2030,55,13,13,-0.002600318139697785
7790,solar,2030,55,14,14,-0.002600318139697785
7791,solar,2030,55,15,15,-0.06500795349244463
7792,solar,2030,55,16,16,-0.06500795349244463
7793,solar,2030,55,17,17,-0.06500795349244463
7794,solar,2030,55,18,18,-0.06500795349244463
7795,solar,2030,55,19,19,-0.06500795349244463
7796,solar,2030,55,20,20,-0.06500795349244463
7797,solar,2030,55,21,21,-0.06500795349244463
7798,solar,2030,55,22,22,-0.06500795349244463
7799,solar,2030,55,23,23,-0.06500795349244463
7800,solar,2030,55,24,24,-0.06500795349244463
7801,solar,2030,56,1,1,-0.19895162600637278
7802,solar,2030,56,2,2,-0.19895162600637278
7803,solar,2030,56,3,3,-0.19895162600637278
7804,solar,2030,56,4,4,-0.19895162600637278
7805,solar,2030,56,5,5,-0.19895162600637278
7806,solar,2030,56,6,6,-0.19895162600637278
7807,solar,2030,56,7,7,-0.19895162600637278
7808,solar,2030,56,8,8,-0.19895162600637278
7809,solar,2030,56,9,9,-0.19895162600637278
7810,solar,2030,56,10,10,-0.19895162600637278
7811,solar,2030,56,11,11,-0.19895162600637278
7812,solar,2030,56,12,12,-0.19895162600637278
7813,solar,2030,56,13,13,-0.00795806504025491
7814,solar,2030,56,14,14,-0.19895162600637278
7815,solar,2030,56,15,15,-0.19895162600637278
7816,solar,2030,56,16,16,-0.19895162600637278
7817,solar,2030,56,17,17,-0.19895162600637278
7818,solar,2030,56,18,18,-0.19895162600637278
7819,solar,2030,56,19,19,-0.19895162600637278
7820,solar,2030,56,20,20,-0.19895162600637278
7821,solar,2030,56,21,21,-0.19895162600637278
7822,solar,2030,56,22,22,-0.19895162600637278
7823,solar,2030,56,23,23,-0.19895162600637278
7824,solar,2030,56,24,24,-0.19895162600637278
7825,solar,2030,57,1,1,-0.18892289149517172
7826,solar,2030,57,2,2,-0.18892289149517172
7827,solar,2030,57,3,3,-0.18892289149517172
7828,solar,2030,57,4,4,-0.18892289149517172
7829,solar,2030,57,5,5,-0.18892289149517172
7830,solar,2030,57,6,6,-0.18892289149517172
7831,solar,2030,57,7,7,-0.18892289149517172
7832,solar,2030,57,8,8,-0.18892289149517172
7833,solar,2030,57,9,9,-0.18892289149517172
7834,solar,2030,57,10,10,-0.18892289149517172
7835,solar,2030,57,11,11,-0.18892289149517172
7836,solar,2030,57,12,12,-0.18892289149517172
7837,solar,2030,57,13,13,-0.18892289149517172
7838,solar,2030,57,14,14,-0.007556915659806868
7839,solar,2030,57,15,15,-0.18892289149517172
7840,solar,2030,57,16,16,-0.18892289149517172
7841,solar,2030,57,17,17,-0.18892289149517172
7842,solar,2030,57,18,18,-0.18892289149517172
7843,solar,2030,57,19,19,-0.18892289149517172
7844,solar,2030,57,20,20,-0.18892289149517172
7845,solar,2030,57,21,21,-0.18892289149517172
7846,solar,2030,57,22,22,-0.18892289149517172
7847,solar,2030,57,23,23,-0.18892289149517172
7848,solar,2030,57,24,24,-0.18892289149517172
7849,solar,2030,58,1,1,-0.030339821721216853
7850,solar,2030,58,2,2,-0.030339821721216853
7851,solar,2030,58,3,3,-0.030339821721216853
7852,solar,2030,58,4,4,-0.030339821721216853
7853,solar,2030,58,5,5,-0.030339821721216853
7854,solar,2030,58,6,6,-0.030339821721216853
7855,solar,2030,58,7,7,-0.030339821721216853
7856,solar,2030,58,8,8,-0.030339821721216853
7857,solar,2030,58,9,9,-0.030339821721216853
7858,solar,2030,58,10,10,-0.030339821721216853
7859,solar,2030,58,11,11,-0.030339821721216853
7860,solar,2030,58,12,12,-0.030339821721216853
7861,solar,2030,58,13,13,-0.030339821721216853
7862,solar,2030,58,14,14,-0.030339821721216853
7863,solar,2030,58,15,15,-0.030339821721216853
7864,solar,2030,58,16,16,-0.030339821721216853
7865,solar,2030,58,17,17,-0.030339821721216853
7866,solar,2030,58,18,18,-0.030339821721216853
7867,solar,2030,58,19,19,-0.030339821721216853
7868,solar,2030,58,20,20,-0.0424757504097036
7869,solar,2030,58,21,21,-0.0424757504097036
7870,solar,2030,58,22,22,-0.0424757504097036
7871,solar,2030,58,23,23,-0.030339821721216853
7872,solar,2030,58,24,24,-0.030339821721216853
7873,solar,2030,59,1,1,-0.3741963669759565
7874,solar,2030,59,2,2,-0.3741963669759565
7875,solar,2030,59,3,3,-0.3741963669759565
7876,solar,2030,59,4,4,-0.3741963669759565
7877,solar,2030,59,5,5,-0.3741963669759565
7878,solar,2030,59,6,6,-0.3741963669759565
7879,solar,2030,59,7,7,-0.3741963669759565
7880,solar,2030,59,8,8,-0.3741963669759565
7881,solar,2030,59,9,9,-0.3741963669759565
7882,solar,2030,59,10,10,-0.3741963669759565
7883,solar,2030,59,11,11,-0.3741963669759565
7884,solar,2030,59,12,12,-0.3741963669759565
7885,solar,2030,59,13,13,-0.3741963669759565
7886,solar,2030,59,14,14,-0.3741963669759565
7887,solar,2030,59,15,15,-0.3741963669759565
7888,solar,2030,59,16,16,-0.3741963669759565
7889,solar,2030,59,17,17,-0.3741963669759565
7890,solar,2030,59,18,18,-0.3741963669759565
7891,solar,2030,59,19,19,-0.3741963669759565
7892,solar,2030,59,20,20,-0.3741963669759565
7893,solar,2030,59,21,21,-0.3741963669759565
7894,solar,2030,59,22,22,-0.3741963669759565
7895,solar,2030,59,23,23,-0.3741963669759565
7896,solar,2030,59,24,24,-0.3741963669759565
7897,solar,2030,60,1,1,-0.08949788284901482
7898,solar,2030,60,2,2,-0.08949788284901482
7899,solar,2030,60,3,3,-0.08949788284901482
7900,solar,2030,60,4,4,-0.08949788284901482
7901,solar,2030,60,5,5,-0.08949788284901482
7902,solar,2030,60,6,6,-0.08949788284901482
7903,solar,2030,60,7,7,-0.08949788284901482
7904,solar,2030,60,8,8,-0.08949788284901482
7905,solar,2030,60,9,9,-0.08949788284901482
7906,solar,2030,60,10,10,-0.08949788284901482
7907,solar,2030,60,11,11,-0.0035799153139605923
7908,solar,2030,60,12,12,-0.0035799153139605923
7909,solar,2030,60,13,13,-0.0035799153139605923
7910,solar,2030,60,14,14,-0.0035799153139605923
7911,solar,2030,60,15,15,-0.0035799153139605923
7912,solar,2030,60,16,16,-0.0035799153139605923
7913,solar,2030,60,17,17,-0.08949788284901482
7914,solar,2030,60,18,18,-0.08949788284901482
7915,solar,2030,60,19,19,-0.08949788284901482
7916,solar,2030,60,20,20,-0.08949788284901482
7917,solar,2030,60,21,21,-0.08949788284901482
7918,solar,2030,60,22,22,-0.08949788284901482
7919,solar,2030,60,23,23,-0.08949788284901482
7920,solar,2030,60,24,24,-0.08949788284901482
7921,solar,2030,61,1,1,-0.055627764414847514
7922,solar,2030,61,2,2,-0.055627764414847514
7923,solar,2030,61,3,3,-0.055627764414847514
7924,solar,2030,61,4,4,-0.055627764414847514
7925,solar,2030,61,5,5,-0.055627764414847514
7926,solar,2030,61,6,6,-0.055627764414847514
7927,solar,2030,61,7,7,-0.055627764414847514
7928,solar,2030,61,8,8,-0.055627764414847514
7929,solar,2030,61,9,9,-0.055627764414847514
7930,solar,2030,61,10,10,-0.055627764414847514
7931,solar,2030,61,11,11,-0.055627764414847514
7932,solar,2030,61,12,12,-0.055627764414847514
7933,solar,2030,61,13,13,-0.055627764414847514
7934,solar,2030,61,14,14,-0.055627764414847514
7935,solar,2030,61,15,15,-0.055627764414847514
7936,solar,2030,61,16,16,-0.055627764414847514
7937,solar,2030,61,17,17,-0.055627764414847514
7938,solar,2030,61,18,18,-0.055627764414847514
7939,solar,2030,61,19,19,-0.055627764414847514
7940,solar,2030,61,20,20,-0.055627764414847514
7941,solar,2030,61,21,21,-0.055627764414847514
7942,solar,2030,61,22,22,-0.055627764414847514
7943,solar,2030,61,23,23,-0.055627764414847514
7944,solar,2030,61,24,24,-0.055627764414847514
7945,solar,2030,62,1,1,-0.0387302951283594
7946,solar,2030,62,2,2,-0.0387302951283594
7947,solar,2030,62,3,3,-0.0387302951283594
7948,solar,2030,62,4,4,-0.0387302951283594
7949,solar,2030,62,5,5,-0.0387302951283594
7950,solar,2030,62,6,6,-0.0387302951283594
7951,solar,2030,62,7,7,-0.0387302951283594
7952,solar,2030,62,8,8,-0.0387302951283594
7953,solar,2030,62,9,9,-0.0387302951283594
7954,solar,2030,62,10,10,-0.0387302951283594
7955,solar,2030,62,11,11,-0.0387302951283594
7956,solar,2030,62,12,12,-0.0387302951283594
7957,solar,2030,62,13,13,-0.0387302951283594
7958,solar,2030,62,14,14,-0.0387302951283594
7959,solar,2030,62,15,15,-0.0387302951283594
7960,solar,2030,62,16,16,-0.0387302951283594
7961,solar,2030,62,17,17,-0.0387302951283594
7962,solar,2030,62,18,18,-0.0387302951283594
7963,solar,2030,62,19,19,-0.0387302951283594
7964,solar,2030,62,20,20,-0.0387302951283594
7965,solar,2030,62,21,21,-0.0387302951283594
7966,solar,2030,62,22,22,-0.0387302951283594
7967,solar,2030,62,23,23,-0.0387302951283594
7968,solar,2030,62,24,24,-0.0387302951283594
7969,solar,2030,63,1,1,-0.03379208586861903
7970,solar,2030,63,2,2,-0.03379208586861903
7971,solar,2030,63,3,3,-0.03379208586861903
7972,solar,2030,63,4,4,-0.03379208586861903
7973,solar,2030,63,5,5,-0.03379208586861903
7974,solar,2030,63,6,6,-0.03379208586861903
7975,solar,2030,63,7,7,-0.03379208586861903
7976,solar,2030,63,8,8,-0.03379208586861903
7977,solar,2030,63,9,9,-0.03379208586861903
7978,solar,2030,63,10,10,-0.03379208586861903
7979,solar,2030,63,11,11,-0.03379208586861903
7980,solar,2030,63,12,12,-0.03379208586861903
7981,solar,2030,63,13,13,-0.03379208586861903
7982,solar,2030,63,14,14,-0.03379208586861903
7983,solar,2030,63,15,15,-0.03379208586861903
7984,solar,2030,63,16,16,-0.03379208586861903
7985,solar,2030,63,17,17,-0.03379208586861903
7986,solar,2030,63,18,18,-0.03379208586861903
7987,solar,2030,63,19,19,-0.03379208586861903
7988,solar,2030,63,20,20,-0.03379208586861903
7989,solar,2030,63,21,21,-0.03379208586861903
7990,solar,2030,63,22,22,-0.03379208586861903
7991,solar,2030,63,23,23,-0.03379208586861903
7992,solar,2030,63,24,24,-0.03379208586861903
7993,solar,2030,64,1,1,-0.19013060771969104
7994,solar,2030,64,2,2,-0.19013060771969104
7995,solar,2030,64,3,3,-0.19013060771969104
7996,solar,2030,64,4,4,-0.19013060771969104
7997,solar,2030,64,5,5,-0.19013060771969104
7998,solar,2030,64,6,6,-0.19013060771969104
7999,solar,2030,64,7,7,-0.19013060771969104
8000,solar,2030,64,8,8,-0.19013060771969104
8001,solar,2030,64,9,9,-0.19013060771969104
8002,solar,2030,64,10,10,-0.19013060771969104
8003,solar,2030,64,11,11,-0.19013060771969104
8004,solar,2030,64,12,12,-0.19013060771969104
8005,solar,2030,64,13,13,-0.19013060771969104
8006,solar,2030,64,14,14,-0.19013060771969104
8007,solar,2030,64,15,15,-0.19013060771969104
8008,solar,2030,64,16,16,-0.19013060771969104
8009,solar,2030,64,17,17,-0.19013060771969104
8010,solar,2030,64,18,18,-0.19013060771969104
8011,solar,2030,64,19,19,-0.19013060771969104
8012,solar,2030,64,20,20,-0.19013060771969104
8013,solar,2030,64,21,21,-0.19013060771969104
8014,solar,2030,64,22,22,-0.19013060771969104
8015,solar,2030,64,23,23,-0.19013060771969104
8016,solar,2030,64,24,24,-0.19013060771969104
8017,solar,2030,65,1,1,-0.0527485994055152
8018,solar,2030,65,2,2,-0.0527485994055152
8019,solar,2030,65,3,3,-0.0527485994055152
8020,solar,2030,65,4,4,-0.0527485994055152
8021,solar,2030,65,5,5,-0.0527485994055152
8022,solar,2030,65,6,6,-0.0527485994055152
8023,solar,2030,65,7,7,-0.0527485994055152
8024,solar,2030,65,8,8,-0.0527485994055152
8025,solar,2030,65,9,9,-0.0527485994055152
8026,solar,2030,65,10,10,-0.0527485994055152
8027,solar,2030,65,11,11,-0.002109943976220608
8028,solar,2030,65,12,12,-0.002109943976220608
8029,solar,2030,65,13,13,-0.002109943976220608
8030,solar,2030,65,14,14,-0.002109943976220608
8031,solar,2030,65,15,15,-0.0527485994055152
8032,solar,2030,65,16,16,-0.0527485994055152
8033,solar,2030,65,17,17,-0.0527485994055152
8034,solar,2030,65,18,18,-0.0527485994055152
8035,solar,2030,65,19,19,-0.0527485994055152
8036,solar,2030,65,20,20,-0.0527485994055152
8037,solar,2030,65,21,21,-0.0527485994055152
8038,solar,2030,65,22,22,-0.0527485994055152
8039,solar,2030,65,23,23,-0.0527485994055152
8040,solar,2030,65,24,24,-0.0527485994055152
8041,solar,2030,66,1,1,-1.0762738748852014
8042,solar,2030,66,2,2,-1.0762738748852014
8043,solar,2030,66,3,3,-1.0762738748852014
8044,solar,2030,66,4,4,-1.0762738748852014
8045,solar,2030,66,5,5,-1.0762738748852014
8046,solar,2030,66,6,6,-1.0762738748852014
8047,solar,2030,66,7,7,-1.0762738748852014
8048,solar,2030,66,8,8,-1.0762738748852014
8049,solar,2030,66,9,9,-1.0762738748852014
8050,solar,2030,66,10,10,-1.0762738748852014
8051,solar,2030,66,11,11,-1.0762738748852014
8052,solar,2030,66,12,12,-1.0762738748852014
8053,solar,2030,66,13,13,-1.0762738748852014
8054,solar,2030,66,14,14,-1.0762738748852014
8055,solar,2030,66,15,15,-1.0762738748852014
8056,solar,2030,66,16,16,-1.0762738748852014
8057,solar,2030,66,17,17,-1.0762738748852014
8058,solar,2030,66,18,18,-1.0762738748852014
8059,solar,2030,66,19,19,-1.0762738748852014
8060,solar,2030,66,20,20,-1.0762738748852014
8061,solar,2030,66,21,21,-1.0762738748852014
8062,solar,2030,66,22,22,-1.0762738748852014
8063,solar,2030,66,23,23,-1.0762738748852014
8064,solar,2030,66,24,24,-1.0762738748852014
8065,solar,2030,67,1,1,-0.39557824086980525
8066,solar,2030,67,2,2,-0.39557824086980525
8067,solar,2030,67,3,3,-0.39557824086980525
8068,solar,2030,67,4,4,-0.39557824086980525
8069,solar,2030,67,5,5,-0.39557824086980525
8070,solar,2030,67,6,6,-0.39557824086980525
8071,solar,2030,67,7,7,-0.39557824086980525
8072,solar,2030,67,8,8,-0.39557824086980525
8073,solar,2030,67,9,9,-0.39557824086980525
8074,solar,2030,67,10,10,-0.39557824086980525
8075,solar,2030,67,11,11,-0.39557824086980525
8076,solar,2030,67,12,12,-0.39557824086980525
8077,solar,2030,67,13,13,-0.39557824086980525
8078,solar,2030,67,14,14,-0.39557824086980525
8079,solar,2030,67,15,15,-0.39557824086980525
8080,solar,2030,67,16,16,-0.39557824086980525
8081,solar,2030,67,17,17,-0.39557824086980525
8082,solar,2030,67,18,18,-0.39557824086980525
8083,solar,2030,67,19,19,-0.39557824086980525
8084,solar,2030,67,20,20,-0.5538095372177274
8085,solar,2030,67,21,21,-0.39557824086980525
8086,solar,2030,67,22,22,-0.39557824086980525
8087,solar,2030,67,23,23,-0.39557824086980525
8088,solar,2030,67,24,24,-0.39557824086980525
8089,solar,2030,68,1,1,-0.09345790122782144
8090,solar,2030,68,2,2,-0.09345790122782144
8091,solar,2030,68,3,3,-0.09345790122782144
8092,solar,2030,68,4,4,-0.09345790122782144
8093,solar,2030,68,5,5,-0.09345790122782144
8094,solar,2030,68,6,6,-0.09345790122782144
8095,solar,2030,68,7,7,-0.09345790122782144
8096,solar,2030,68,8,8,-0.09345790122782144
8097,solar,2030,68,9,9,-0.09345790122782144
8098,solar,2030,68,10,10,-0.09345790122782144
8099,solar,2030,68,11,11,-0.09345790122782144
8100,solar,2030,68,12,12,-0.09345790122782144
8101,solar,2030,68,13,13,-0.09345790122782144
8102,solar,2030,68,14,14,-0.09345790122782144
8103,solar,2030,68,15,15,-0.09345790122782144
8104,solar,2030,68,16,16,-0.09345790122782144
8105,solar,2030,68,17,17,-0.09345790122782144
8106,solar,2030,68,18,18,-0.09345790122782144
8107,solar,2030,68,19,19,-0.09345790122782144
8108,solar,2030,68,20,20,-0.09345790122782144
8109,solar,2030,68,21,21,-0.09345790122782144
8110,solar,2030,68,22,22,-0.09345790122782144
8111,solar,2030,68,23,23,-0.09345790122782144
8112,solar,2030,68,24,24,-0.09345790122782144
8113,solar,2030,69,1,1,-0.10967909723611749
8114,solar,2030,69,2,2,-0.10967909723611749
8115,solar,2030,69,3,3,-0.10967909723611749
8116,solar,2030,69,4,4,-0.10967909723611749
8117,solar,2030,69,5,5,-0.10967909723611749
8118,solar,2030,69,6,6,-0.10967909723611749
8119,solar,2030,69,7,7,-0.10967909723611749
8120,solar,2030,69,8,8,-0.10967909723611749
8121,solar,2030,69,9,9,-0.10967909723611749
8122,solar,2030,69,10,10,-0.10967909723611749
8123,solar,2030,69,11,11,-0.10967909723611749
8124,solar,2030,69,12,12,-0.0043871638894447
8125,solar,2030,69,13,13,-0.0043871638894447
8126,solar,2030,69,14,14,-0.0043871638894447
8127,solar,2030,69,15,15,-0.0043871638894447
8128,solar,2030,69,16,16,-0.10967909723611749
8129,solar,2030,69,17,17,-0.10967909723611749
8130,solar,2030,69,18,18,-0.10967909723611749
8131,solar,2030,69,19,19,-0.10967909723611749
8132,solar,2030,69,20,20,-0.10967909723611749
8133,solar,2030,69,21,21,-0.10967909723611749
8134,solar,2030,69,22,22,-0.10967909723611749
8135,solar,2030,69,23,23,-0.10967909723611749
8136,solar,2030,69,24,24,-0.10967909723611749
8137,solar,2030,70,1,1,-0.4114011750476994
8138,solar,2030,70,2,2,-0.4114011750476994
8139,solar,2030,70,3,3,-0.4114011750476994
8140,solar,2030,70,4,4,-0.4114011750476994
8141,solar,2030,70,5,5,-0.4114011750476994
8142,solar,2030,70,6,6,-0.4114011750476994
8143,solar,2030,70,7,7,-0.4114011750476994
8144,solar,2030,70,8,8,-0.4114011750476994
8145,solar,2030,70,9,9,-0.4114011750476994
8146,solar,2030,70,10,10,-0.4114011750476994
8147,solar,2030,70,11,11,-0.4114011750476994
8148,solar,2030,70,12,12,-0.4114011750476994
8149,solar,2030,70,13,13,-0.4114011750476994
8150,solar,2030,70,14,14,-0.4114011750476994
8151,solar,2030,70,15,15,-0.4114011750476994
8152,solar,2030,70,16,16,-0.4114011750476994
8153,solar,2030,70,17,17,-0.4114011750476994
8154,solar,2030,70,18,18,-0.4114011750476994
8155,solar,2030,70,19,19,-0.4114011750476994
8156,solar,2030,70,20,20,-0.4114011750476994
8157,solar,2030,70,21,21,-0.4114011750476994
8158,solar,2030,70,22,22,-0.4114011750476994
8159,solar,2030,70,23,23,-0.4114011750476994
8160,solar,2030,70,24,24,-0.4114011750476994
8161,solar,2030,71,1,1,-0.033857000895613776
8162,solar,2030,71,2,2,-0.033857000895613776
8163,solar,2030,71,3,3,-0.033857000895613776
8164,solar,2030,71,4,4,-0.033857000895613776
8165,solar,2030,71,5,5,-0.033857000895613776
8166,solar,2030,71,6,6,-0.033857000895613776
8167,solar,2030,71,7,7,-0.033857000895613776
8168,solar,2030,71,8,8,-0.033857000895613776
8169,solar,2030,71,9,9,-0.033857000895613776
8170,solar,2030,71,10,10,-0.033857000895613776
8171,solar,2030,71,11,11,-0.033857000895613776
8172,solar,2030,71,12,12,-0.033857000895613776
8173,solar,2030,71,13,13,-0.033857000895613776
8174,solar,2030,71,14,14,-0.033857000895613776
8175,solar,2030,71,15,15,-0.033857000895613776
8176,solar,2030,71,16,16,-0.033857000895613776
8177,solar,2030,71,17,17,-0.033857000895613776
8178,solar,2030,71,18,18,-0.033857000895613776
8179,solar,2030,71,19,19,-0.033857000895613776
8180,solar,2030,71,20,20,-0.033857000895613776
8181,solar,2030,71,21,21,-0.033857000895613776
8182,solar,2030,71,22,22,-0.033857000895613776
8183,solar,2030,71,23,23,-0.033857000895613776
8184,solar,2030,71,24,24,-0.033857000895613776
8185,solar,2030,72,1,1,-0.00648832244377556
8186,solar,2030,72,2,2,-0.00648832244377556
8187,solar,2030,72,3,3,-0.00648832244377556
8188,solar,2030,72,4,4,-0.00648832244377556
8189,solar,2030,72,5,5,-0.00648832244377556
8190,solar,2030,72,6,6,-0.162208061094389
8191,solar,2030,72,7,7,-0.162208061094389
8192,solar,2030,72,8,8,-0.162208061094389
8193,solar,2030,72,9,9,-0.162208061094389
8194,solar,2030,72,10,10,-0.162208061094389
8195,solar,2030,72,11,11,-0.162208061094389
8196,solar,2030,72,12,12,-0.00648832244377556
8197,solar,2030,72,13,13,-0.00648832244377556
8198,solar,2030,72,14,14,-0.00648832244377556
8199,solar,2030,72,15,15,-0.00648832244377556
8200,solar,2030,72,16,16,-0.00648832244377556
8201,solar,2030,72,17,17,-0.162208061094389
8202,solar,2030,72,18,18,-0.162208061094389
8203,solar,2030,72,19,19,-0.162208061094389
8204,solar,2030,72,20,20,-0.162208061094389
8205,solar,2030,72,21,21,-0.162208061094389
8206,solar,2030,72,22,22,-0.162208061094389
8207,solar,2030,72,23,23,-0.162208061094389
8208,solar,2030,72,24,24,-0.162208061094389
8209,solar,2030,73,1,1,-0.1751386669581672
8210,solar,2030,73,2,2,-0.1751386669581672
8211,solar,2030,73,3,3,-0.1751386669581672
8212,solar,2030,73,4,4,-0.1751386669581672
8213,solar,2030,73,5,5,-0.1751386669581672
8214,solar,2030,73,6,6,-0.1751386669581672
8215,solar,2030,73,7,7,-0.1751386669581672
8216,solar,2030,73,8,8,-0.1751386669581672
8217,solar,2030,73,9,9,-0.1751386669581672
8218,solar,2030,73,10,10,-0.1751386669581672
8219,solar,2030,73,11,11,-0.1751386669581672
8220,solar,2030,73,12,12,-0.1751386669581672
8221,solar,2030,73,13,13,-0.1751386669581672
8222,solar,2030,73,14,14,-0.007005546678326688
8223,solar,2030,73,15,15,-0.1751386669581672
8224,solar,2030,73,16,16,-0.1751386669581672
8225,solar,2030,73,17,17,-0.1751386669581672
8226,solar,2030,73,18,18,-0.1751386669581672
8227,solar,2030,73,19,19,-0.1751386669581672
8228,solar,2030,73,20,20,-0.1751386669581672
8229,solar,2030,73,21,21,-0.1751386669581672
8230,solar,2030,73,22,22,-0.1751386669581672
8231,solar,2030,73,23,23,-0.1751386669581672
8232,solar,2030,73,24,24,-0.1751386669581672
8233,solar,2030,74,1,1,-0.08087183487949273
8234,solar,2030,74,2,2,-0.08087183487949273
8235,solar,2030,74,3,3,-0.08087183487949273
8236,solar,2030,74,4,4,-0.08087183487949273
8237,solar,2030,74,5,5,-0.08087183487949273
8238,solar,2030,74,6,6,-0.08087183487949273
8239,solar,2030,74,7,7,-0.08087183487949273
8240,solar,2030,74,8,8,-0.08087183487949273
8241,solar,2030,74,9,9,-0.08087183487949273
8242,solar,2030,74,10,10,-0.08087183487949273
8243,solar,2030,74,11,11,-0.08087183487949273
8244,solar,2030,74,12,12,-0.08087183487949273
8245,solar,2030,74,13,13,-0.08087183487949273
8246,solar,2030,74,14,14,-0.0032348733951797094
8247,solar,2030,74,15,15,-0.08087183487949273
8248,solar,2030,74,16,16,-0.08087183487949273
8249,solar,2030,74,17,17,-0.08087183487949273
8250,solar,2030,74,18,18,-0.08087183487949273
8251,solar,2030,74,19,19,-0.08087183487949273
8252,solar,2030,74,20,20,-0.08087183487949273
8253,solar,2030,74,21,21,-0.08087183487949273
8254,solar,2030,74,22,22,-0.08087183487949273
8255,solar,2030,74,23,23,-0.08087183487949273
8256,solar,2030,74,24,24,-0.08087183487949273
8257,solar,2030,75,1,1,-0.12531047761910624
8258,solar,2030,75,2,2,-0.12531047761910624
8259,solar,2030,75,3,3,-0.12531047761910624
8260,solar,2030,75,4,4,-0.12531047761910624
8261,solar,2030,75,5,5,-0.12531047761910624
8262,solar,2030,75,6,6,-0.12531047761910624
8263,solar,2030,75,7,7,-0.12531047761910624
8264,solar,2030,75,8,8,-0.12531047761910624
8265,solar,2030,75,9,9,-0.12531047761910624
8266,solar,2030,75,10,10,-0.12531047761910624
8267,solar,2030,75,11,11,-0.12531047761910624
8268,solar,2030,75,12,12,-0.12531047761910624
8269,solar,2030,75,13,13,-0.12531047761910624
8270,solar,2030,75,14,14,-0.12531047761910624
8271,solar,2030,75,15,15,-0.12531047761910624
8272,solar,2030,75,16,16,-0.12531047761910624
8273,solar,2030,75,17,17,-0.12531047761910624
8274,solar,2030,75,18,18,-0.12531047761910624
8275,solar,2030,75,19,19,-0.12531047761910624
8276,solar,2030,75,20,20,-0.12531047761910624
8277,solar,2030,75,21,21,-0.12531047761910624
8278,solar,2030,75,22,22,-0.12531047761910624
8279,solar,2030,75,23,23,-0.12531047761910624
8280,solar,2030,75,24,24,-0.12531047761910624
8281,solar,2030,76,1,1,-0.05467819747591032
8282,solar,2030,76,2,2,-0.05467819747591032
8283,solar,2030,76,3,3,-0.05467819747591032
8284,solar,2030,76,4,4,-0.05467819747591032
8285,solar,2030,76,5,5,-0.05467819747591032
8286,solar,2030,76,6,6,-0.05467819747591032
8287,solar,2030,76,7,7,-0.05467819747591032
8288,solar,2030,76,8,8,-0.05467819747591032
8289,solar,2030,76,9,9,-0.05467819747591032
8290,solar,2030,76,10,10,-0.05467819747591032
8291,solar,2030,76,11,11,-0.05467819747591032
8292,solar,2030,76,12,12,-0.05467819747591032
8293,solar,2030,76,13,13,-0.05467819747591032
8294,solar,2030,76,14,14,-0.05467819747591032
8295,solar,2030,76,15,15,-0.05467819747591032
8296,solar,2030,76,16,16,-0.05467819747591032
8297,solar,2030,76,17,17,-0.05467819747591032
8298,solar,2030,76,18,18,-0.05467819747591032
8299,solar,2030,76,19,19,-0.05467819747591032
8300,solar,2030,76,20,20,-0.05467819747591032
8301,solar,2030,76,21,21,-0.05467819747591032
8302,solar,2030,76,22,22,-0.05467819747591032
8303,solar,2030,76,23,23,-0.05467819747591032
8304,solar,2030,76,24,24,-0.05467819747591032
8305,solar,2030,77,1,1,-0.047559566146518316
8306,solar,2030,77,2,2,-0.047559566146518316
8307,solar,2030,77,3,3,-0.047559566146518316
8308,solar,2030,77,4,4,-0.047559566146518316
8309,solar,2030,77,5,5,-0.047559566146518316
8310,solar,2030,77,6,6,-0.047559566146518316
8311,solar,2030,77,7,7,-0.047559566146518316
8312,solar,2030,77,8,8,-0.047559566146518316
8313,solar,2030,77,9,9,-0.047559566146518316
8314,solar,2030,77,10,10,-0.047559566146518316
8315,solar,2030,77,11,11,-0.047559566146518316
8316,solar,2030,77,12,12,-0.047559566146518316
8317,solar,2030,77,13,13,-0.047559566146518316
8318,solar,2030,77,14,14,-0.047559566146518316
8319,solar,2030,77,15,15,-0.047559566146518316
8320,solar,2030,77,16,16,-0.047559566146518316
8321,solar,2030,77,17,17,-0.047559566146518316
8322,solar,2030,77,18,18,-0.047559566146518316
8323,solar,2030,77,19,19,-0.047559566146518316
8324,solar,2030,77,20,20,-0.047559566146518316
8325,solar,2030,77,21,21,-0.047559566146518316
8326,solar,2030,77,22,22,-0.047559566146518316
8327,solar,2030,77,23,23,-0.047559566146518316
8328,solar,2030,77,24,24,-0.047559566146518316
8329,solar,2030,78,1,1,-0.09394436805823705
8330,solar,2030,78,2,2,-0.09394436805823705
8331,solar,2030,78,3,3,-0.09394436805823705
8332,solar,2030,78,4,4,-0.09394436805823705
8333,solar,2030,78,5,5,-0.09394436805823705
8334,solar,2030,78,6,6,-0.09394436805823705
8335,solar,2030,78,7,7,-0.09394436805823705
8336,solar,2030,78,8,8,-0.09394436805823705
8337,solar,2030,78,9,9,-0.09394436805823705
8338,solar,2030,78,10,10,-0.09394436805823705
8339,solar,2030,78,11,11,-0.09394436805823705
8340,solar,2030,78,12,12,-0.09394436805823705
8341,solar,2030,78,13,13,-0.09394436805823705
8342,solar,2030,78,14,14,-0.09394436805823705
8343,solar,2030,78,15,15,-0.09394436805823705
8344,solar,2030,78,16,16,-0.09394436805823705
8345,solar,2030,78,17,17,-0.09394436805823705
8346,solar,2030,78,18,18,-0.09394436805823705
8347,solar,2030,78,19,19,-0.09394436805823705
8348,solar,2030,78,20,20,-0.09394436805823705
8349,solar,2030,78,21,21,-0.09394436805823705
8350,solar,2030,78,22,22,-0.09394436805823705
8351,solar,2030,78,23,23,-0.09394436805823705
8352,solar,2030,78,24,24,-0.09394436805823705
8353,solar,2030,79,1,1,-0.25615324092659403
8354,solar,2030,79,2,2,-0.25615324092659403
8355,solar,2030,79,3,3,-0.25615324092659403
8356,solar,2030,79,4,4,-0.25615324092659403
8357,solar,2030,79,5,5,-0.25615324092659403
8358,solar,2030,79,6,6,-0.25615324092659403
8359,solar,2030,79,7,7,-0.25615324092659403
8360,solar,2030,79,8,8,-0.25615324092659403
8361,solar,2030,79,9,9,-0.25615324092659403
8362,solar,2030,79,10,10,-0.25615324092659403
8363,solar,2030,79,11,11,-0.25615324092659403
8364,solar,2030,79,12,12,-0.25615324092659403
8365,solar,2030,79,13,13,-0.25615324092659403
8366,solar,2030,79,14,14,-0.010246129637063763
8367,solar,2030,79,15,15,-0.010246129637063763
8368,solar,2030,79,16,16,-0.25615324092659403
8369,solar,2030,79,17,17,-0.25615324092659403
8370,solar,2030,79,18,18,-0.25615324092659403
8371,solar,2030,79,19,19,-0.25615324092659403
8372,solar,2030,79,20,20,-0.25615324092659403
8373,solar,2030,79,21,21,-0.25615324092659403
8374,solar,2030,79,22,22,-0.25615324092659403
8375,solar,2030,79,23,23,-0.25615324092659403
8376,solar,2030,79,24,24,-0.25615324092659403
8377,solar,2030,80,1,1,-0.051187161551049166
8378,solar,2030,80,2,2,-0.051187161551049166
8379,solar,2030,80,3,3,-0.051187161551049166
8380,solar,2030,80,4,4,-0.051187161551049166
8381,solar,2030,80,5,5,-0.051187161551049166
8382,solar,2030,80,6,6,-0.051187161551049166
8383,solar,2030,80,7,7,-0.051187161551049166
8384,solar,2030,80,8,8,-0.051187161551049166
8385,solar,2030,80,9,9,-0.051187161551049166
8386,solar,2030,80,10,10,-0.051187161551049166
8387,solar,2030,80,11,11,-0.051187161551049166
8388,solar,2030,80,12,12,-0.051187161551049166
8389,solar,2030,80,13,13,-0.0020474864620419666
8390,solar,2030,80,14,14,-0.0020474864620419666
8391,solar,2030,80,15,15,-0.051187161551049166
8392,solar,2030,80,16,16,-0.051187161551049166
8393,solar,2030,80,17,17,-0.051187161551049166
8394,solar,2030,80,18,18,-0.051187161551049166
8395,solar,2030,80,19,19,-0.051187161551049166
8396,solar,2030,80,20,20,-0.051187161551049166
8397,solar,2030,80,21,21,-0.051187161551049166
8398,solar,2030,80,22,22,-0.051187161551049166
8399,solar,2030,80,23,23,-0.051187161551049166
8400,solar,2030,80,24,24,-0.051187161551049166
8401,solar,2030,81,1,1,-0.10030693763277446
8402,solar,2030,81,2,2,-0.10030693763277446
8403,solar,2030,81,3,3,-0.10030693763277446
8404,solar,2030,81,4,4,-0.10030693763277446
8405,solar,2030,81,5,5,-0.10030693763277446
8406,solar,2030,81,6,6,-0.10030693763277446
8407,solar,2030,81,7,7,-0.10030693763277446
8408,solar,2030,81,8,8,-0.10030693763277446
8409,solar,2030,81,9,9,-0.10030693763277446
8410,solar,2030,81,10,10,-0.10030693763277446
8411,solar,2030,81,11,11,-0.10030693763277446
8412,solar,2030,81,12,12,-0.10030693763277446
8413,solar,2030,81,13,13,-0.10030693763277446
8414,solar,2030,81,14,14,-0.10030693763277446
8415,solar,2030,81,15,15,-0.10030693763277446
8416,solar,2030,81,16,16,-0.10030693763277446
8417,solar,2030,81,17,17,-0.10030693763277446
8418,solar,2030,81,18,18,-0.10030693763277446
8419,solar,2030,81,19,19,-0.10030693763277446
8420,solar,2030,81,20,20,-0.10030693763277446
8421,solar,2030,81,21,21,-0.10030693763277446
8422,solar,2030,81,22,22,-0.10030693763277446
8423,solar,2030,81,23,23,-0.10030693763277446
8424,solar,2030,81,24,24,-0.10030693763277446
8425,solar,2030,82,1,1,-0.0769339433700158
8426,solar,2030,82,2,2,-0.0769339433700158
8427,solar,2030,82,3,3,-0.0769339433700158
8428,solar,2030,82,4,4,-0.0769339433700158
8429,solar,2030,82,5,5,-0.0769339433700158
8430,solar,2030,82,6,6,-0.0769339433700158
8431,solar,2030,82,7,7,-0.0769339433700158
8432,solar,2030,82,8,8,-0.0769339433700158
8433,solar,2030,82,9,9,-0.0769339433700158
8434,solar,2030,82,10,10,-0.0769339433700158
8435,solar,2030,82,11,11,-0.0769339433700158
8436,solar,2030,82,12,12,-0.003077357734800632
8437,solar,2030,82,13,13,-0.003077357734800632
8438,solar,2030,82,14,14,-0.003077357734800632
8439,solar,2030,82,15,15,-0.0769339433700158
8440,solar,2030,82,16,16,-0.0769339433700158
8441,solar,2030,82,17,17,-0.0769339433700158
8442,solar,2030,82,18,18,-0.0769339433700158
8443,solar,2030,82,19,19,-0.0769339433700158
8444,solar,2030,82,20,20,-0.0769339433700158
8445,solar,2030,82,21,21,-0.0769339433700158
8446,solar,2030,82,22,22,-0.0769339433700158
8447,solar,2030,82,23,23,-0.0769339433700158
8448,solar,2030,82,24,24,-0.0769339433700158
8449,solar,2030,83,1,1,-0.09287655180804964
8450,solar,2030,83,2,2,-0.09287655180804964
8451,solar,2030,83,3,3,-0.09287655180804964
8452,solar,2030,83,4,4,-0.09287655180804964
8453,solar,2030,83,5,5,-0.09287655180804964
8454,solar,2030,83,6,6,-0.09287655180804964
8455,solar,2030,83,7,7,-0.09287655180804964
8456,solar,2030,83,8,8,-0.09287655180804964
8457,solar,2030,83,9,9,-0.09287655180804964
8458,solar,2030,83,10,10,-0.09287655180804964
8459,solar,2030,83,11,11,-0.09287655180804964
8460,solar,2030,83,12,12,-0.09287655180804964
8461,solar,2030,83,13,13,-0.0037150620723219855
8462,solar,2030,83,14,14,-0.0037150620723219855
8463,solar,2030,83,15,15,-0.0037150620723219855
8464,solar,2030,83,16,16,-0.0037150620723219855
8465,solar,2030,83,17,17,-0.09287655180804964
8466,solar,2030,83,18,18,-0.09287655180804964
8467,solar,2030,83,19,19,-0.09287655180804964
8468,solar,2030,83,20,20,-0.09287655180804964
8469,solar,2030,83,21,21,-0.09287655180804964
8470,solar,2030,83,22,22,-0.09287655180804964
8471,solar,2030,83,23,23,-0.09287655180804964
8472,solar,2030,83,24,24,-0.09287655180804964
8473,solar,2030,84,1,1,-0.03366312135081933
8474,solar,2030,84,2,2,-0.03366312135081933
8475,solar,2030,84,3,3,-0.03366312135081933
8476,solar,2030,84,4,4,-0.03366312135081933
8477,solar,2030,84,5,5,-0.03366312135081933
8478,solar,2030,84,6,6,-0.03366312135081933
8479,solar,2030,84,7,7,-0.03366312135081933
8480,solar,2030,84,8,8,-0.03366312135081933
8481,solar,2030,84,9,9,-0.03366312135081933
8482,solar,2030,84,10,10,-0.03366312135081933
8483,solar,2030,84,11,11,-0.03366312135081933
8484,solar,2030,84,12,12,-0.03366312135081933
8485,solar,2030,84,13,13,-0.03366312135081933
8486,solar,2030,84,14,14,-0.03366312135081933
8487,solar,2030,84,15,15,-0.03366312135081933
8488,solar,2030,84,16,16,-0.03366312135081933
8489,solar,2030,84,17,17,-0.03366312135081933
8490,solar,2030,84,18,18,-0.03366312135081933
8491,solar,2030,84,19,19,-0.03366312135081933
8492,solar,2030,84,20,20,-0.03366312135081933
8493,solar,2030,84,21,21,-0.03366312135081933
8494,solar,2030,84,22,22,-0.03366312135081933
8495,solar,2030,84,23,23,-0.03366312135081933
8496,solar,2030,84,24,24,-0.03366312135081933
8497,solar,2030,85,1,1,-0.1887921368512293
8498,solar,2030,85,2,2,-0.1887921368512293
8499,solar,2030,85,3,3,-0.1887921368512293
8500,solar,2030,85,4,4,-0.1887921368512293
8501,solar,2030,85,5,5,-0.1887921368512293
8502,solar,2030,85,6,6,-0.1887921368512293
8503,solar,2030,85,7,7,-0.1887921368512293
8504,solar,2030,85,8,8,-0.1887921368512293
8505,solar,2030,85,9,9,-0.1887921368512293
8506,solar,2030,85,10,10,-0.1887921368512293
8507,solar,2030,85,11,11,-0.1887921368512293
8508,solar,2030,85,12,12,-0.1887921368512293
8509,solar,2030,85,13,13,-0.1887921368512293
8510,solar,2030,85,14,14,-0.1887921368512293
8511,solar,2030,85,15,15,-0.1887921368512293
8512,solar,2030,85,16,16,-0.1887921368512293
8513,solar,2030,85,17,17,-0.1887921368512293
8514,solar,2030,85,18,18,-0.1887921368512293
8515,solar,2030,85,19,19,-0.1887921368512293
8516,solar,2030,85,20,20,-0.1887921368512293
8517,solar,2030,85,21,21,-0.1887921368512293
8518,solar,2030,85,22,22,-0.1887921368512293
8519,solar,2030,85,23,23,-0.1887921368512293
8520,solar,2030,85,24,24,-0.1887921368512293
8521,solar,2030,86,1,1,-0.1974270439008553
8522,solar,2030,86,2,2,-0.1974270439008553
8523,solar,2030,86,3,3,-0.1974270439008553
8524,solar,2030,86,4,4,-0.1974270439008553
8525,solar,2030,86,5,5,-0.1974270439008553
8526,solar,2030,86,6,6,-0.1974270439008553
8527,solar,2030,86,7,7,-0.1974270439008553
8528,solar,2030,86,8,8,-0.1974270439008553
8529,solar,2030,86,9,9,-0.1974270439008553
8530,solar,2030,86,10,10,-0.1974270439008553
8531,solar,2030,86,11,11,-0.1974270439008553
8532,solar,2030,86,12,12,-0.1974270439008553
8533,solar,2030,86,13,13,-0.1974270439008553
8534,solar,2030,86,14,14,-0.1974270439008553
8535,solar,2030,86,15,15,-0.1974270439008553
8536,solar,2030,86,16,16,-0.1974270439008553
8537,solar,2030,86,17,17,-0.1974270439008553
8538,solar,2030,86,18,18,-0.1974270439008553
8539,solar,2030,86,19,19,-0.1974270439008553
8540,solar,2030,86,20,20,-0.1974270439008553
8541,solar,2030,86,21,21,-0.1974270439008553
8542,solar,2030,86,22,22,-0.1974270439008553
8543,solar,2030,86,23,23,-0.1974270439008553
8544,solar,2030,86,24,24,-0.1974270439008553
8545,solar,2030,87,1,1,-0.11170538723583918
8546,solar,2030,87,2,2,-0.11170538723583918
8547,solar,2030,87,3,3,-0.11170538723583918
8548,solar,2030,87,4,4,-0.11170538723583918
8549,solar,2030,87,5,5,-0.11170538723583918
8550,solar,2030,87,6,6,-0.11170538723583918
8551,solar,2030,87,7,7,-0.11170538723583918
8552,solar,2030,87,8,8,-0.11170538723583918
8553,solar,2030,87,9,9,-0.11170538723583918
8554,solar,2030,87,10,10,-0.11170538723583918
8555,solar,2030,87,11,11,-0.11170538723583918
8556,solar,2030,87,12,12,-0.11170538723583918
8557,solar,2030,87,13,13,-0.11170538723583918
8558,solar,2030,87,14,14,-0.11170538723583918
8559,solar,2030,87,15,15,-0.11170538723583918
8560,solar,2030,87,16,16,-0.11170538723583918
8561,solar,2030,87,17,17,-0.11170538723583918
8562,solar,2030,87,18,18,-0.11170538723583918
8563,solar,2030,87,19,19,-0.11170538723583918
8564,solar,2030,87,20,20,-0.11170538723583918
8565,solar,2030,87,21,21,-0.11170538723583918
8566,solar,2030,87,22,22,-0.11170538723583918
8567,solar,2030,87,23,23,-0.11170538723583918
8568,solar,2030,87,24,24,-0.11170538723583918
8569,solar,2030,88,1,1,-0.6771296118114378
8570,solar,2030,88,2,2,-0.6771296118114378
8571,solar,2030,88,3,3,-0.6771296118114378
8572,solar,2030,88,4,4,-0.6771296118114378
8573,solar,2030,88,5,5,-0.6771296118114378
8574,solar,2030,88,6,6,-0.6771296118114378
8575,solar,2030,88,7,7,-0.6771296118114378
8576,solar,2030,88,8,8,-0.6771296118114378
8577,solar,2030,88,9,9,-0.6771296118114378
8578,solar,2030,88,10,10,-0.6771296118114378
8579,solar,2030,88,11,11,-0.6771296118114378
8580,solar,2030,88,12,12,-0.6771296118114378
8581,solar,2030,88,13,13,-0.6771296118114378
8582,solar,2030,88,14,14,-0.6771296118114378
8583,solar,2030,88,15,15,-0.6771296118114378
8584,solar,2030,88,16,16,-0.6771296118114378
8585,solar,2030,88,17,17,-0.6771296118114378
8586,solar,2030,88,18,18,-0.6771296118114378
8587,solar,2030,88,19,19,-0.6771296118114378
8588,solar,2030,88,20,20,-0.6771296118114378
8589,solar,2030,88,21,21,-0.6771296118114378
8590,solar,2030,88,22,22,-0.6771296118114378
8591,solar,2030,88,23,23,-0.6771296118114378
8592,solar,2030,88,24,24,-0.6771296118114378
8593,solar,2030,89,1,1,-0.2083150740316235
8594,solar,2030,89,2,2,-0.2083150740316235
8595,solar,2030,89,3,3,-0.2083150740316235
8596,solar,2030,89,4,4,-0.2083150740316235
8597,solar,2030,89,5,5,-0.2083150740316235
8598,solar,2030,89,6,6,-0.2083150740316235
8599,solar,2030,89,7,7,-0.2083150740316235
8600,solar,2030,89,8,8,-0.2083150740316235
8601,solar,2030,89,9,9,-0.2083150740316235
8602,solar,2030,89,10,10,-0.2083150740316235
8603,solar,2030,89,11,11,-0.021197755984247578
8604,solar,2030,89,12,12,-0.008332602961264939
8605,solar,2030,89,13,13,-0.008332602961264939
8606,solar,2030,89,14,14,-0.008332602961264939
8607,solar,2030,89,15,15,-0.008332602961264939
8608,solar,2030,89,16,16,-0.008332602961264939
8609,solar,2030,89,17,17,-0.2083150740316235
8610,solar,2030,89,18,18,-0.2083150740316235
8611,solar,2030,89,19,19,-0.2083150740316235
8612,solar,2030,89,20,20,-0.2083150740316235
8613,solar,2030,89,21,21,-0.2083150740316235
8614,solar,2030,89,22,22,-0.2083150740316235
8615,solar,2030,89,23,23,-0.2083150740316235
8616,solar,2030,89,24,24,-0.2083150740316235
8617,solar,2030,90,1,1,-2.357239669806123
8618,solar,2030,90,2,2,-2.357239669806123
8619,solar,2030,90,3,3,-2.357239669806123
8620,solar,2030,90,4,4,-2.357239669806123
8621,solar,2030,90,5,5,-2.357239669806123
8622,solar,2030,90,6,6,-2.357239669806123
8623,solar,2030,90,7,7,-2.357239669806123
8624,solar,2030,90,8,8,-2.357239669806123
8625,solar,2030,90,9,9,-2.357239669806123
8626,solar,2030,90,10,10,-2.357239669806123
8627,solar,2030,90,11,11,-0.0942895867922449
8628,solar,2030,90,12,12,-0.0942895867922449
8629,solar,2030,90,13,13,-0.0942895867922449
8630,solar,2030,90,14,14,-0.0942895867922449
8631,solar,2030,90,15,15,-0.0942895867922449
8632,solar,2030,90,16,16,-0.0942895867922449
8633,solar,2030,90,17,17,-0.0942895867922449
8634,solar,2030,90,18,18,-2.357239669806123
8635,solar,2030,90,19,19,-2.357239669806123
8636,solar,2030,90,20,20,-2.357239669806123
8637,solar,2030,90,21,21,-2.357239669806123
8638,solar,2030,90,22,22,-2.357239669806123
8639,solar,2030,90,23,23,-2.357239669806123
8640,solar,2030,90,24,24,-0.8359828725470644
8641,wind,2030,1,1,1,-0.028561667501990795
8642,wind,2030,1,2,2,-0.028561667501990795
8643,wind,2030,1,3,3,-0.028561667501990795
8644,wind,2030,1,4,4,-0.028561667501990795
8645,wind,2030,1,5,5,-0.028561667501990795
8646,wind,2030,1,6,6,-0.028561667501990795
8647,wind,2030,1,7,7,-0.028561667501990795
8648,wind,2030,1,8,8,-0.040462362294486964
8649,wind,2030,1,9,9,-0.040462362294486964
8650,wind,2030,1,10,10,-0.040462362294486964
8651,wind,2030,1,11,11,-0.040462362294486964
8652,wind,2030,1,12,12,-0.040462362294486964
8653,wind,2030,1,13,13,-0.028561667501990795
8654,wind,2030,1,14,14,-0.028561667501990795
8655,wind,2030,1,15,15,-0.028561667501990795
8656,wind,2030,1,16,16,-0.028561667501990795
8657,wind,2030,1,17,17,-0.040462362294486964
8658,wind,2030,1,18,18,-0.040462362294486964
8659,wind,2030,1,19,19,-0.040462362294486964
8660,wind,2030,1,20,20,-0.040462362294486964
8661,wind,2030,1,21,21,-0.040462362294486964
8662,wind,2030,1,22,22,-0.040462362294486964
8663,wind,2030,1,23,23,-0.040462362294486964
8664,wind,2030,1,24,24,-0.028561667501990795
8665,wind,2030,2,1,1,-0.024
8666,wind,2030,2,2,2,-0.024
8667,wind,2030,2,3,3,-0.024
8668,wind,2030,2,4,4,-0.024
8669,wind,2030,2,5,5,-0.024
8670,wind,2030,2,6,6,-0.024
8671,wind,2030,2,7,7,-0.024
8672,wind,2030,2,8,8,-0.024
8673,wind,2030,2,9,9,-0.024
8674,wind,2030,2,10,10,-0.024
8675,wind,2030,2,11,11,-0.024
8676,wind,2030,2,12,12,-0.024
8677,wind,2030,2,13,13,-0.024
8678,wind,2030,2,14,14,-0.024
8679,wind,2030,2,15,15,-0.024
8680,wind,2030,2,16,16,-0.024
8681,wind,2030,2,17,17,-0.024
8682,wind,2030,2,18,18,-0.024
8683,wind,2030,2,19,19,-0.034
8684,wind,2030,2,20,20,-0.034
8685,wind,2030,2,21,21,-0.034
8686,wind,2030,2,22,22,-0.034
8687,wind,2030,2,23,23,-0.024
8688,wind,2030,2,24,24,-0.024
8689,wind,2030,3,1,1,-0.02466194509472785
8690,wind,2030,3,2,2,-0.02466194509472785
8691,wind,2030,3,3,3,-0.02466194509472785
8692,wind,2030,3,4,4,-0.02466194509472785
8693,wind,2030,3,5,5,-0.02466194509472785
8694,wind,2030,3,6,6,-0.02466194509472785
8695,wind,2030,3,7,7,-0.02466194509472785
8696,wind,2030,3,8,8,-0.02466194509472785
8697,wind,2030,3,9,9,-0.02466194509472785
8698,wind,2030,3,10,10,-0.02466194509472785
8699,wind,2030,3,11,11,-0.02466194509472785
8700,wind,2030,3,12,12,-0.02466194509472785
8701,wind,2030,3,13,13,-0.02466194509472785
8702,wind,2030,3,14,14,-0.02466194509472785
8703,wind,2030,3,15,15,-0.02466194509472785
8704,wind,2030,3,16,16,-0.02466194509472785
8705,wind,2030,3,17,17,-0.02466194509472785
8706,wind,2030,3,18,18,-0.03493775555086446
8707,wind,2030,3,19,19,-0.03493775555086446
8708,wind,2030,3,20,20,-0.03493775555086446
8709,wind,2030,3,21,21,-0.03493775555086446
8710,wind,2030,3,22,22,-0.03493775555086446
8711,wind,2030,3,23,23,-0.02466194509472785
8712,wind,2030,3,24,24,-0.02466194509472785
8713,wind,2030,4,1,1,-0.024332357963717664
8714,wind,2030,4,2,2,-0.024332357963717664
8715,wind,2030,4,3,3,-0.024332357963717664
8716,wind,2030,4,4,4,-0.024332357963717664
8717,wind,2030,4,5,5,-0.024332357963717664
8718,wind,2030,4,6,6,-0.024332357963717664
8719,wind,2030,4,7,7,-0.024332357963717664
8720,wind,2030,4,8,8,-0.024332357963717664
8721,wind,2030,4,9,9,-0.024332357963717664
8722,wind,2030,4,10,10,-0.024332357963717664
8723,wind,2030,4,11,11,-0.024332357963717664
8724,wind,2030,4,12,12,-0.024332357963717664
8725,wind,2030,4,13,13,-0.024332357963717664
8726,wind,2030,4,14,14,-0.024332357963717664
8727,wind,2030,4,15,15,-0.024332357963717664
8728,wind,2030,4,16,16,-0.024332357963717664
8729,wind,2030,4,17,17,-0.024332357963717664
8730,wind,2030,4,18,18,-0.024332357963717664
8731,wind,2030,4,19,19,-0.03447084044860002
8732,wind,2030,4,20,20,-0.03447084044860002
8733,wind,2030,4,21,21,-0.03447084044860002
8734,wind,2030,4,22,22,-0.024332357963717664
8735,wind,2030,4,23,23,-0.024332357963717664
8736,wind,2030,4,24,24,-0.024332357963717664
8737,wind,2030,5,1,1,-0.042639423052584384
8738,wind,2030,5,2,2,-0.042639423052584384
8739,wind,2030,5,3,3,-0.042639423052584384
8740,wind,2030,5,4,4,-0.042639423052584384
8741,wind,2030,5,5,5,-0.042639423052584384
8742,wind,2030,5,6,6,-0.042639423052584384
8743,wind,2030,5,7,7,-0.042639423052584384
8744,wind,2030,5,8,8,-0.042639423052584384
8745,wind,2030,5,9,9,-0.042639423052584384
8746,wind,2030,5,10,10,-0.042639423052584384
8747,wind,2030,5,11,11,-0.042639423052584384
8748,wind,2030,5,12,12,-0.042639423052584384
8749,wind,2030,5,13,13,-0.042639423052584384
8750,wind,2030,5,14,14,-0.042639423052584384
8751,wind,2030,5,15,15,-0.042639423052584384
8752,wind,2030,5,16,16,-0.042639423052584384
8753,wind,2030,5,17,17,-0.042639423052584384
8754,wind,2030,5,18,18,-0.042639423052584384
8755,wind,2030,5,19,19,-0.042639423052584384
8756,wind,2030,5,20,20,-0.06040584932449455
8757,wind,2030,5,21,21,-0.06040584932449455
8758,wind,2030,5,22,22,-0.042639423052584384
8759,wind,2030,5,23,23,-0.042639423052584384
8760,wind,2030,5,24,24,-0.042639423052584384
8761,wind,2030,6,1,1,-0.06655846744370239
8762,wind,2030,6,2,2,-0.06655846744370239
8763,wind,2030,6,3,3,-0.06655846744370239
8764,wind,2030,6,4,4,-0.06655846744370239
8765,wind,2030,6,5,5,-0.06655846744370239
8766,wind,2030,6,6,6,-0.06655846744370239
8767,wind,2030,6,7,7,-0.06655846744370239
8768,wind,2030,6,8,8,-0.06655846744370239
8769,wind,2030,6,9,9,-0.06655846744370239
8770,wind,2030,6,10,10,-0.06655846744370239
8771,wind,2030,6,11,11,-0.06655846744370239
8772,wind,2030,6,12,12,-0.06655846744370239
8773,wind,2030,6,13,13,-0.06655846744370239
8774,wind,2030,6,14,14,-0.06655846744370239
8775,wind,2030,6,15,15,-0.06655846744370239
8776,wind,2030,6,16,16,-0.06655846744370239
8777,wind,2030,6,17,17,-0.06655846744370239
8778,wind,2030,6,18,18,-0.06655846744370239
8779,wind,2030,6,19,19,-0.09429116221191172
8780,wind,2030,6,20,20,-0.09429116221191172
8781,wind,2030,6,21,21,-0.09429116221191172
8782,wind,2030,6,22,22,-0.06655846744370239
8783,wind,2030,6,23,23,-0.06655846744370239
8784,wind,2030,6,24,24,-0.06655846744370239
8785,wind,2030,7,1,1,-0.05212256461330889
8786,wind,2030,7,2,2,-0.05212256461330889
8787,wind,2030,7,3,3,-0.05212256461330889
8788,wind,2030,7,4,4,-0.05212256461330889
8789,wind,2030,7,5,5,-0.05212256461330889
8790,wind,2030,7,6,6,-0.05212256461330889
8791,wind,2030,7,7,7,-0.05212256461330889
8792,wind,2030,7,8,8,-0.05212256461330889
8793,wind,2030,7,9,9,-0.07384029986885428
8794,wind,2030,7,10,10,-0.05212256461330889
8795,wind,2030,7,11,11,-0.05212256461330889
8796,wind,2030,7,12,12,-0.05212256461330889
8797,wind,2030,7,13,13,-0.05212256461330889
8798,wind,2030,7,14,14,-0.05212256461330889
8799,wind,2030,7,15,15,-0.05212256461330889
8800,wind,2030,7,16,16,-0.05212256461330889
8801,wind,2030,7,17,17,-0.05212256461330889
8802,wind,2030,7,18,18,-0.07384029986885428
8803,wind,2030,7,19,19,-0.07384029986885428
8804,wind,2030,7,20,20,-21.715563482019817
8805,wind,2030,7,21,21,-21.715563482019817
8806,wind,2030,7,22,22,-0.07384029986885428
8807,wind,2030,7,23,23,-0.07384029986885428
8808,wind,2030,7,24,24,-0.07384029986885428
8809,wind,2030,8,1,1,-0.026964476339900973
8810,wind,2030,8,2,2,-0.026964476339900973
8811,wind,2030,8,3,3,-0.026964476339900973
8812,wind,2030,8,4,4,-0.026964476339900973
8813,wind,2030,8,5,5,-0.026964476339900973
8814,wind,2030,8,6,6,-0.026964476339900973
8815,wind,2030,8,7,7,-0.026964476339900973
8816,wind,2030,8,8,8,-0.026964476339900973
8817,wind,2030,8,9,9,-0.026964476339900973
8818,wind,2030,8,10,10,-0.026964476339900973
8819,wind,2030,8,11,11,-0.026964476339900973
8820,wind,2030,8,12,12,-0.026964476339900973
8821,wind,2030,8,13,13,-0.026964476339900973
8822,wind,2030,8,14,14,-0.026964476339900973
8823,wind,2030,8,15,15,-0.026964476339900973
8824,wind,2030,8,16,16,-0.026964476339900973
8825,wind,2030,8,17,17,-0.026964476339900973
8826,wind,2030,8,18,18,-0.026964476339900973
8827,wind,2030,8,19,19,-0.03819967481485971
8828,wind,2030,8,20,20,-0.03819967481485971
8829,wind,2030,8,21,21,-0.03819967481485971
8830,wind,2030,8,22,22,-0.026964476339900973
8831,wind,2030,8,23,23,-0.026964476339900973
8832,wind,2030,8,24,24,-0.026964476339900973
8833,wind,2030,9,1,1,-0.0675184733357162
8834,wind,2030,9,2,2,-0.0675184733357162
8835,wind,2030,9,3,3,-0.0675184733357162
8836,wind,2030,9,4,4,-0.0675184733357162
8837,wind,2030,9,5,5,-0.0675184733357162
8838,wind,2030,9,6,6,-0.0675184733357162
8839,wind,2030,9,7,7,-0.0675184733357162
8840,wind,2030,9,8,8,-0.0675184733357162
8841,wind,2030,9,9,9,-0.0675184733357162
8842,wind,2030,9,10,10,-0.0675184733357162
8843,wind,2030,9,11,11,-0.0675184733357162
8844,wind,2030,9,12,12,-0.0675184733357162
8845,wind,2030,9,13,13,-0.0675184733357162
8846,wind,2030,9,14,14,-0.0675184733357162
8847,wind,2030,9,15,15,-0.0675184733357162
8848,wind,2030,9,16,16,-0.0675184733357162
8849,wind,2030,9,17,17,-0.0675184733357162
8850,wind,2030,9,18,18,-0.0675184733357162
8851,wind,2030,9,19,19,-0.0675184733357162
8852,wind,2030,9,20,20,-0.0675184733357162
8853,wind,2030,9,21,21,-0.0675184733357162
8854,wind,2030,9,22,22,-0.0675184733357162
8855,wind,2030,9,23,23,-0.0675184733357162
8856,wind,2030,9,24,24,-0.0675184733357162
8857,wind,2030,10,1,1,-0.025107783815203368
8858,wind,2030,10,2,2,-0.025107783815203368
8859,wind,2030,10,3,3,-0.025107783815203368
8860,wind,2030,10,4,4,-0.025107783815203368
8861,wind,2030,10,5,5,-0.025107783815203368
8862,wind,2030,10,6,6,-0.025107783815203368
8863,wind,2030,10,7,7,-0.025107783815203368
8864,wind,2030,10,8,8,-0.025107783815203368
8865,wind,2030,10,9,9,-0.025107783815203368
8866,wind,2030,10,10,10,-0.025107783815203368
8867,wind,2030,10,11,11,-0.025107783815203368
8868,wind,2030,10,12,12,-0.025107783815203368
8869,wind,2030,10,13,13,-0.025107783815203368
8870,wind,2030,10,14,14,-0.025107783815203368
8871,wind,2030,10,15,15,-0.025107783815203368
8872,wind,2030,10,16,16,-0.025107783815203368
8873,wind,2030,10,17,17,-0.025107783815203368
8874,wind,2030,10,18,18,-0.025107783815203368
8875,wind,2030,10,19,19,-0.025107783815203368
8876,wind,2030,10,20,20,-0.025107783815203368
8877,wind,2030,10,21,21,-0.025107783815203368
8878,wind,2030,10,22,22,-0.025107783815203368
8879,wind,2030,10,23,23,-0.025107783815203368
8880,wind,2030,10,24,24,-0.025107783815203368
8881,wind,2030,11,1,1,-0.048690970723148694
8882,wind,2030,11,2,2,-0.048690970723148694
8883,wind,2030,11,3,3,-0.048690970723148694
8884,wind,2030,11,4,4,-0.048690970723148694
8885,wind,2030,11,5,5,-0.048690970723148694
8886,wind,2030,11,6,6,-0.048690970723148694
8887,wind,2030,11,7,7,-0.048690970723148694
8888,wind,2030,11,8,8,-0.048690970723148694
8889,wind,2030,11,9,9,-0.048690970723148694
8890,wind,2030,11,10,10,-0.048690970723148694
8891,wind,2030,11,11,11,-0.048690970723148694
8892,wind,2030,11,12,12,-0.048690970723148694
8893,wind,2030,11,13,13,-0.048690970723148694
8894,wind,2030,11,14,14,-0.048690970723148694
8895,wind,2030,11,15,15,-0.048690970723148694
8896,wind,2030,11,16,16,-0.048690970723148694
8897,wind,2030,11,17,17,-0.06897887519112732
8898,wind,2030,11,18,18,-0.06897887519112732
8899,wind,2030,11,19,19,-0.06897887519112732
8900,wind,2030,11,20,20,-0.06897887519112732
8901,wind,2030,11,21,21,-0.06897887519112732
8902,wind,2030,11,22,22,-0.06897887519112732
8903,wind,2030,11,23,23,-0.048690970723148694
8904,wind,2030,11,24,24,-0.048690970723148694
8905,wind,2030,12,1,1,-0.024
8906,wind,2030,12,2,2,-0.024
8907,wind,2030,12,3,3,-0.024
8908,wind,2030,12,4,4,-0.024
8909,wind,2030,12,5,5,-0.024
8910,wind,2030,12,6,6,-0.024
8911,wind,2030,12,7,7,-0.024
8912,wind,2030,12,8,8,-0.024
8913,wind,2030,12,9,9,-0.024
8914,wind,2030,12,10,10,-0.024
8915,wind,2030,12,11,11,-0.024
8916,wind,2030,12,12,12,-0.024
8917,wind,2030,12,13,13,-0.024
8918,wind,2030,12,14,14,-0.024
8919,wind,2030,12,15,15,-0.024
8920,wind,2030,12,16,16,-0.024
8921,wind,2030,12,17,17,-0.024
8922,wind,2030,12,18,18,-0.024
8923,wind,2030,12,19,19,-0.034
8924,wind,2030,12,20,20,-0.034
8925,wind,2030,12,21,21,-0.034
8926,wind,2030,12,22,22,-0.034
8927,wind,2030,12,23,23,-0.024
8928,wind,2030,12,24,24,-0.024
8929,wind,2030,13,1,1,-0.036248683525083
8930,wind,2030,13,2,2,-0.036248683525083
8931,wind,2030,13,3,3,-0.036248683525083
8932,wind,2030,13,4,4,-0.036248683525083
8933,wind,2030,13,5,5,-0.036248683525083
8934,wind,2030,13,6,6,-0.036248683525083
8935,wind,2030,13,7,7,-0.036248683525083
8936,wind,2030,13,8,8,-0.036248683525083
8937,wind,2030,13,9,9,-0.036248683525083
8938,wind,2030,13,10,10,-0.036248683525083
8939,wind,2030,13,11,11,-0.036248683525083
8940,wind,2030,13,12,12,-0.036248683525083
8941,wind,2030,13,13,13,-0.036248683525083
8942,wind,2030,13,14,14,-0.036248683525083
8943,wind,2030,13,15,15,-0.036248683525083
8944,wind,2030,13,16,16,-0.036248683525083
8945,wind,2030,13,17,17,-0.036248683525083
8946,wind,2030,13,18,18,-0.051352301660534255
8947,wind,2030,13,19,19,-0.051352301660534255
8948,wind,2030,13,20,20,-0.051352301660534255
8949,wind,2030,13,21,21,-0.036248683525083
8950,wind,2030,13,22,22,-0.036248683525083
8951,wind,2030,13,23,23,-0.036248683525083
8952,wind,2030,13,24,24,-0.036248683525083
8953,wind,2030,14,1,1,-0.028329610336950528
8954,wind,2030,14,2,2,-0.028329610336950528
8955,wind,2030,14,3,3,-0.028329610336950528
8956,wind,2030,14,4,4,-0.028329610336950528
8957,wind,2030,14,5,5,-0.028329610336950528
8958,wind,2030,14,6,6,-0.028329610336950528
8959,wind,2030,14,7,7,-0.028329610336950528
8960,wind,2030,14,8,8,-0.028329610336950528
8961,wind,2030,14,9,9,-0.028329610336950528
8962,wind,2030,14,10,10,-0.028329610336950528
8963,wind,2030,14,11,11,-0.028329610336950528
8964,wind,2030,14,12,12,-0.028329610336950528
8965,wind,2030,14,13,13,-0.028329610336950528
8966,wind,2030,14,14,14,-0.028329610336950528
8967,wind,2030,14,15,15,-0.028329610336950528
8968,wind,2030,14,16,16,-0.028329610336950528
8969,wind,2030,14,17,17,-0.028329610336950528
8970,wind,2030,14,18,18,-0.028329610336950528
8971,wind,2030,14,19,19,-0.040133614644013244
8972,wind,2030,14,20,20,-0.040133614644013244
8973,wind,2030,14,21,21,-0.040133614644013244
8974,wind,2030,14,22,22,-0.028329610336950528
8975,wind,2030,14,23,23,-0.028329610336950528
8976,wind,2030,14,24,24,-0.028329610336950528
8977,wind,2030,15,1,1,-0.027642190070973124
8978,wind,2030,15,2,2,-0.027642190070973124
8979,wind,2030,15,3,3,-0.027642190070973124
8980,wind,2030,15,4,4,-0.027642190070973124
8981,wind,2030,15,5,5,-0.027642190070973124
8982,wind,2030,15,6,6,-0.027642190070973124
8983,wind,2030,15,7,7,-0.03915976926721192
8984,wind,2030,15,8,8,-0.03915976926721192
8985,wind,2030,15,9,9,-0.03915976926721192
8986,wind,2030,15,10,10,-0.03915976926721192
8987,wind,2030,15,11,11,-0.03915976926721192
8988,wind,2030,15,12,12,-0.03915976926721192
8989,wind,2030,15,13,13,-0.03915976926721192
8990,wind,2030,15,14,14,-0.03915976926721192
8991,wind,2030,15,15,15,-0.03915976926721192
8992,wind,2030,15,16,16,-0.03915976926721192
8993,wind,2030,15,17,17,-11.516427438319177
8994,wind,2030,15,18,18,-11.516427438319177
8995,wind,2030,15,19,19,-11.516427438319177
8996,wind,2030,15,20,20,-11.516427438319177
8997,wind,2030,15,21,21,-11.516427438319177
8998,wind,2030,15,22,22,-2.575188991923689
8999,wind,2030,15,23,23,-0.03915976926721192
9000,wind,2030,15,24,24,-0.03915976926721192
9001,wind,2030,16,1,1,-0.0468255671435185
9002,wind,2030,16,2,2,-0.0468255671435185
9003,wind,2030,16,3,3,-0.0468255671435185
9004,wind,2030,16,4,4,-0.0468255671435185
9005,wind,2030,16,5,5,-0.0468255671435185
9006,wind,2030,16,6,6,-0.0468255671435185
9007,wind,2030,16,7,7,-0.0468255671435185
9008,wind,2030,16,8,8,-0.0468255671435185
9009,wind,2030,16,9,9,-0.0468255671435185
9010,wind,2030,16,10,10,-0.0468255671435185
9011,wind,2030,16,11,11,-0.0468255671435185
9012,wind,2030,16,12,12,-0.0468255671435185
9013,wind,2030,16,13,13,-0.0468255671435185
9014,wind,2030,16,14,14,-0.0468255671435185
9015,wind,2030,16,15,15,-0.0468255671435185
9016,wind,2030,16,16,16,-0.0468255671435185
9017,wind,2030,16,17,17,-0.0468255671435185
9018,wind,2030,16,18,18,-0.0468255671435185
9019,wind,2030,16,19,19,-0.0468255671435185
9020,wind,2030,16,20,20,-0.0468255671435185
9021,wind,2030,16,21,21,-0.0468255671435185
9022,wind,2030,16,22,22,-0.0468255671435185
9023,wind,2030,16,23,23,-0.0468255671435185
9024,wind,2030,16,24,24,-0.0468255671435185
9025,wind,2030,17,1,1,-0.026287691286448058
9026,wind,2030,17,2,2,-0.026287691286448058
9027,wind,2030,17,3,3,-0.026287691286448058
9028,wind,2030,17,4,4,-0.026287691286448058
9029,wind,2030,17,5,5,-0.026287691286448058
9030,wind,2030,17,6,6,-0.026287691286448058
9031,wind,2030,17,7,7,-0.026287691286448058
9032,wind,2030,17,8,8,-0.026287691286448058
9033,wind,2030,17,9,9,-0.026287691286448058
9034,wind,2030,17,10,10,-0.026287691286448058
9035,wind,2030,17,11,11,-0.026287691286448058
9036,wind,2030,17,12,12,-0.026287691286448058
9037,wind,2030,17,13,13,-0.026287691286448058
9038,wind,2030,17,14,14,-0.026287691286448058
9039,wind,2030,17,15,15,-0.026287691286448058
9040,wind,2030,17,16,16,-0.026287691286448058
9041,wind,2030,17,17,17,-0.026287691286448058
9042,wind,2030,17,18,18,-0.026287691286448058
9043,wind,2030,17,19,19,-0.03724089598913475
9044,wind,2030,17,20,20,-0.03724089598913475
9045,wind,2030,17,21,21,-0.03724089598913475
9046,wind,2030,17,22,22,-0.03724089598913475
9047,wind,2030,17,23,23,-0.026287691286448058
9048,wind,2030,17,24,24,-0.026287691286448058
9049,wind,2030,18,1,1,-0.09356060909823338
9050,wind,2030,18,2,2,-0.09356060909823338
9051,wind,2030,18,3,3,-0.09356060909823338
9052,wind,2030,18,4,4,-0.09356060909823338
9053,wind,2030,18,5,5,-0.09356060909823338
9054,wind,2030,18,6,6,-0.09356060909823338
9055,wind,2030,18,7,7,-0.09356060909823338
9056,wind,2030,18,8,8,-0.09356060909823338
9057,wind,2030,18,9,9,-0.09356060909823338
9058,wind,2030,18,10,10,-0.09356060909823338
9059,wind,2030,18,11,11,-0.09356060909823338
9060,wind,2030,18,12,12,-0.09356060909823338
9061,wind,2030,18,13,13,-0.09356060909823338
9062,wind,2030,18,14,14,-0.09356060909823338
9063,wind,2030,18,15,15,-0.09356060909823338
9064,wind,2030,18,16,16,-0.09356060909823338
9065,wind,2030,18,17,17,-0.09356060909823338
9066,wind,2030,18,18,18,-0.09356060909823338
9067,wind,2030,18,19,19,-0.09356060909823338
9068,wind,2030,18,20,20,-0.09356060909823338
9069,wind,2030,18,21,21,-0.09356060909823338
9070,wind,2030,18,22,22,-0.09356060909823338
9071,wind,2030,18,23,23,-0.09356060909823338
9072,wind,2030,18,24,24,-0.09356060909823338
9073,wind,2030,19,1,1,-0.07167545241646692
9074,wind,2030,19,2,2,-0.07167545241646692
9075,wind,2030,19,3,3,-0.07167545241646692
9076,wind,2030,19,4,4,-0.07167545241646692
9077,wind,2030,19,5,5,-0.07167545241646692
9078,wind,2030,19,6,6,-0.07167545241646692
9079,wind,2030,19,7,7,-0.07167545241646692
9080,wind,2030,19,8,8,-0.07167545241646692
9081,wind,2030,19,9,9,-0.07167545241646692
9082,wind,2030,19,10,10,-0.07167545241646692
9083,wind,2030,19,11,11,-0.07167545241646692
9084,wind,2030,19,12,12,-0.07167545241646692
9085,wind,2030,19,13,13,-0.07167545241646692
9086,wind,2030,19,14,14,-0.07167545241646692
9087,wind,2030,19,15,15,-0.07167545241646692
9088,wind,2030,19,16,16,-0.07167545241646692
9089,wind,2030,19,17,17,-0.07167545241646692
9090,wind,2030,19,18,18,-0.07167545241646692
9091,wind,2030,19,19,19,-0.07167545241646692
9092,wind,2030,19,20,20,-0.07167545241646692
9093,wind,2030,19,21,21,-0.07167545241646692
9094,wind,2030,19,22,22,-0.07167545241646692
9095,wind,2030,19,23,23,-0.07167545241646692
9096,wind,2030,19,24,24,-0.07167545241646692
9097,wind,2030,20,1,1,-0.0242537564827552
9098,wind,2030,20,2,2,-0.0242537564827552
9099,wind,2030,20,3,3,-0.0242537564827552
9100,wind,2030,20,4,4,-0.0242537564827552
9101,wind,2030,20,5,5,-0.0242537564827552
9102,wind,2030,20,6,6,-0.0242537564827552
9103,wind,2030,20,7,7,-0.0242537564827552
9104,wind,2030,20,8,8,-0.0242537564827552
9105,wind,2030,20,9,9,-0.0242537564827552
9106,wind,2030,20,10,10,-0.0242537564827552
9107,wind,2030,20,11,11,-0.0242537564827552
9108,wind,2030,20,12,12,-0.0242537564827552
9109,wind,2030,20,13,13,-0.0242537564827552
9110,wind,2030,20,14,14,-0.0242537564827552
9111,wind,2030,20,15,15,-0.0242537564827552
9112,wind,2030,20,16,16,-0.0242537564827552
9113,wind,2030,20,17,17,-0.0242537564827552
9114,wind,2030,20,18,18,-0.0242537564827552
9115,wind,2030,20,19,19,-0.03435948835056987
9116,wind,2030,20,20,20,-0.03435948835056987
9117,wind,2030,20,21,21,-0.03435948835056987
9118,wind,2030,20,22,22,-0.0242537564827552
9119,wind,2030,20,23,23,-0.0242537564827552
9120,wind,2030,20,24,24,-0.0242537564827552
9121,wind,2030,21,1,1,-0.02576258849231915
9122,wind,2030,21,2,2,-0.02576258849231915
9123,wind,2030,21,3,3,-0.02576258849231915
9124,wind,2030,21,4,4,-0.02576258849231915
9125,wind,2030,21,5,5,-0.02576258849231915
9126,wind,2030,21,6,6,-0.02576258849231915
9127,wind,2030,21,7,7,-0.02576258849231915
9128,wind,2030,21,8,8,-0.02576258849231915
9129,wind,2030,21,9,9,-0.02576258849231915
9130,wind,2030,21,10,10,-0.02576258849231915
9131,wind,2030,21,11,11,-0.02576258849231915
9132,wind,2030,21,12,12,-0.02576258849231915
9133,wind,2030,21,13,13,-0.02576258849231915
9134,wind,2030,21,14,14,-0.02576258849231915
9135,wind,2030,21,15,15,-0.02576258849231915
9136,wind,2030,21,16,16,-0.02576258849231915
9137,wind,2030,21,17,17,-0.03649700036411879
9138,wind,2030,21,18,18,-0.03649700036411879
9139,wind,2030,21,19,19,-0.03649700036411879
9140,wind,2030,21,20,20,-0.03649700036411879
9141,wind,2030,21,21,21,-0.03649700036411879
9142,wind,2030,21,22,22,-0.03649700036411879
9143,wind,2030,21,23,23,-0.02576258849231915
9144,wind,2030,21,24,24,-0.02576258849231915
9145,wind,2030,22,1,1,-0.6173353620096997
9146,wind,2030,22,2,2,-0.6173353620096997
9147,wind,2030,22,3,3,-0.6173353620096997
9148,wind,2030,22,4,4,-0.6173353620096997
9149,wind,2030,22,5,5,-0.6173353620096997
9150,wind,2030,22,6,6,-0.6173353620096997
9151,wind,2030,22,7,7,-0.6173353620096997
9152,wind,2030,22,8,8,-0.6173353620096997
9153,wind,2030,22,9,9,-0.6173353620096997
9154,wind,2030,22,10,10,-0.6173353620096997
9155,wind,2030,22,11,11,-0.6173353620096997
9156,wind,2030,22,12,12,-0.6173353620096997
9157,wind,2030,22,13,13,-0.6173353620096997
9158,wind,2030,22,14,14,-0.6173353620096997
9159,wind,2030,22,15,15,-0.6173353620096997
9160,wind,2030,22,16,16,-0.6173353620096997
9161,wind,2030,22,17,17,-0.6173353620096997
9162,wind,2030,22,18,18,-0.6173353620096997
9163,wind,2030,22,19,19,-0.6173353620096997
9164,wind,2030,22,20,20,-0.6173353620096997
9165,wind,2030,22,21,21,-0.6173353620096997
9166,wind,2030,22,22,22,-0.6173353620096997
9167,wind,2030,22,23,23,-0.6173353620096997
9168,wind,2030,22,24,24,-0.6173353620096997
9169,wind,2030,23,1,1,-1.805899310471376
9170,wind,2030,23,2,2,-1.805899310471376
9171,wind,2030,23,3,3,-1.805899310471376
9172,wind,2030,23,4,4,-1.805899310471376
9173,wind,2030,23,5,5,-1.805899310471376
9174,wind,2030,23,6,6,-1.805899310471376
9175,wind,2030,23,7,7,-1.805899310471376
9176,wind,2030,23,8,8,-1.805899310471376
9177,wind,2030,23,9,9,-1.805899310471376
9178,wind,2030,23,10,10,-1.805899310471376
9179,wind,2030,23,11,11,-1.805899310471376
9180,wind,2030,23,12,12,-1.805899310471376
9181,wind,2030,23,13,13,-1.805899310471376
9182,wind,2030,23,14,14,-1.805899310471376
9183,wind,2030,23,15,15,-1.805899310471376
9184,wind,2030,23,16,16,-1.805899310471376
9185,wind,2030,23,17,17,-1.805899310471376
9186,wind,2030,23,18,18,-1.805899310471376
9187,wind,2030,23,19,19,-1.805899310471376
9188,wind,2030,23,20,20,-2.5583573565011166
9189,wind,2030,23,21,21,-2.5583573565011166
9190,wind,2030,23,22,22,-1.805899310471376
9191,wind,2030,23,23,23,-1.805899310471376
9192,wind,2030,23,24,24,-1.805899310471376
9193,wind,2030,24,1,1,-0.03482092800171938
9194,wind,2030,24,2,2,-0.03482092800171938
9195,wind,2030,24,3,3,-0.03482092800171938
9196,wind,2030,24,4,4,-0.03482092800171938
9197,wind,2030,24,5,5,-0.03482092800171938
9198,wind,2030,24,6,6,-0.03482092800171938
9199,wind,2030,24,7,7,-0.03482092800171938
9200,wind,2030,24,8,8,-0.03482092800171938
9201,wind,2030,24,9,9,-0.03482092800171938
9202,wind,2030,24,10,10,-0.03482092800171938
9203,wind,2030,24,11,11,-0.03482092800171938
9204,wind,2030,24,12,12,-0.03482092800171938
9205,wind,2030,24,13,13,-0.03482092800171938
9206,wind,2030,24,14,14,-0.03482092800171938
9207,wind,2030,24,15,15,-0.03482092800171938
9208,wind,2030,24,16,16,-0.03482092800171938
9209,wind,2030,24,17,17,-0.03482092800171938
9210,wind,2030,24,18,18,-0.03482092800171938
9211,wind,2030,24,19,19,-0.03482092800171938
9212,wind,2030,24,20,20,-0.04932964800243579
9213,wind,2030,24,21,21,-0.03482092800171938
9214,wind,2030,24,22,22,-0.03482092800171938
9215,wind,2030,24,23,23,-0.03482092800171938
9216,wind,2030,24,24,24,-0.03482092800171938
9217,wind,2030,25,1,1,-0.09939994252176794
9218,wind,2030,25,2,2,-0.09939994252176794
9219,wind,2030,25,3,3,-0.09939994252176794
9220,wind,2030,25,4,4,-0.09939994252176794
9221,wind,2030,25,5,5,-0.09939994252176794
9222,wind,2030,25,6,6,-0.09939994252176794
9223,wind,2030,25,7,7,-0.09939994252176794
9224,wind,2030,25,8,8,-0.14081658523917123
9225,wind,2030,25,9,9,-0.09939994252176794
9226,wind,2030,25,10,10,-0.09939994252176794
9227,wind,2030,25,11,11,-0.09939994252176794
9228,wind,2030,25,12,12,-0.09939994252176794
9229,wind,2030,25,13,13,-0.09939994252176794
9230,wind,2030,25,14,14,-0.09939994252176794
9231,wind,2030,25,15,15,-0.09939994252176794
9232,wind,2030,25,16,16,-0.09939994252176794
9233,wind,2030,25,17,17,-0.09939994252176794
9234,wind,2030,25,18,18,-0.09939994252176794
9235,wind,2030,25,19,19,-0.09939994252176794
9236,wind,2030,25,20,20,-0.14081658523917123
9237,wind,2030,25,21,21,-0.14081658523917123
9238,wind,2030,25,22,22,-0.09939994252176794
9239,wind,2030,25,23,23,-0.09939994252176794
9240,wind,2030,25,24,24,-0.09939994252176794
9241,wind,2030,26,1,1,-0.06886732466767653
9242,wind,2030,26,2,2,-0.06886732466767653
9243,wind,2030,26,3,3,-0.06886732466767653
9244,wind,2030,26,4,4,-0.06886732466767653
9245,wind,2030,26,5,5,-0.06886732466767653
9246,wind,2030,26,6,6,-0.06886732466767653
9247,wind,2030,26,7,7,-0.06886732466767653
9248,wind,2030,26,8,8,-0.06886732466767653
9249,wind,2030,26,9,9,-0.06886732466767653
9250,wind,2030,26,10,10,-0.06886732466767653
9251,wind,2030,26,11,11,-0.06886732466767653
9252,wind,2030,26,12,12,-0.06886732466767653
9253,wind,2030,26,13,13,-0.06886732466767653
9254,wind,2030,26,14,14,-0.06886732466767653
9255,wind,2030,26,15,15,-0.06886732466767653
9256,wind,2030,26,16,16,-0.06886732466767653
9257,wind,2030,26,17,17,-0.06886732466767653
9258,wind,2030,26,18,18,-0.06886732466767653
9259,wind,2030,26,19,19,-0.06886732466767653
9260,wind,2030,26,20,20,-0.06886732466767653
9261,wind,2030,26,21,21,-0.06886732466767653
9262,wind,2030,26,22,22,-0.06886732466767653
9263,wind,2030,26,23,23,-0.06886732466767653
9264,wind,2030,26,24,24,-0.06886732466767653
9265,wind,2030,27,1,1,-0.0495252051857123
9266,wind,2030,27,2,2,-0.0495252051857123
9267,wind,2030,27,3,3,-0.0495252051857123
9268,wind,2030,27,4,4,-0.0495252051857123
9269,wind,2030,27,5,5,-0.0495252051857123
9270,wind,2030,27,6,6,-0.0495252051857123
9271,wind,2030,27,7,7,-0.0495252051857123
9272,wind,2030,27,8,8,-0.0495252051857123
9273,wind,2030,27,9,9,-0.0495252051857123
9274,wind,2030,27,10,10,-0.0495252051857123
9275,wind,2030,27,11,11,-0.0495252051857123
9276,wind,2030,27,12,12,-0.0495252051857123
9277,wind,2030,27,13,13,-0.0495252051857123
9278,wind,2030,27,14,14,-0.0495252051857123
9279,wind,2030,27,15,15,-0.0495252051857123
9280,wind,2030,27,16,16,-0.0495252051857123
9281,wind,2030,27,17,17,-0.0495252051857123
9282,wind,2030,27,18,18,-0.0495252051857123
9283,wind,2030,27,19,19,-0.0495252051857123
9284,wind,2030,27,20,20,-0.0495252051857123
9285,wind,2030,27,21,21,-0.0495252051857123
9286,wind,2030,27,22,22,-0.0495252051857123
9287,wind,2030,27,23,23,-0.0495252051857123
9288,wind,2030,27,24,24,-0.0495252051857123
9289,wind,2030,28,1,1,-0.025079418508140397
9290,wind,2030,28,2,2,-0.025079418508140397
9291,wind,2030,28,3,3,-0.025079418508140397
9292,wind,2030,28,4,4,-0.025079418508140397
9293,wind,2030,28,5,5,-0.025079418508140397
9294,wind,2030,28,6,6,-0.025079418508140397
9295,wind,2030,28,7,7,-0.025079418508140397
9296,wind,2030,28,8,8,-0.025079418508140397
9297,wind,2030,28,9,9,-0.025079418508140397
9298,wind,2030,28,10,10,-0.025079418508140397
9299,wind,2030,28,11,11,-0.025079418508140397
9300,wind,2030,28,12,12,-0.025079418508140397
9301,wind,2030,28,13,13,-0.025079418508140397
9302,wind,2030,28,14,14,-0.025079418508140397
9303,wind,2030,28,15,15,-0.025079418508140397
9304,wind,2030,28,16,16,-0.025079418508140397
9305,wind,2030,28,17,17,-0.025079418508140397
9306,wind,2030,28,18,18,-0.025079418508140397
9307,wind,2030,28,19,19,-0.035529176219865566
9308,wind,2030,28,20,20,-0.035529176219865566
9309,wind,2030,28,21,21,-0.035529176219865566
9310,wind,2030,28,22,22,-0.035529176219865566
9311,wind,2030,28,23,23,-0.025079418508140397
9312,wind,2030,28,24,24,-0.025079418508140397
9313,wind,2030,29,1,1,-0.3910918342281894
9314,wind,2030,29,2,2,-0.3910918342281894
9315,wind,2030,29,3,3,-0.3910918342281894
9316,wind,2030,29,4,4,-0.3910918342281894
9317,wind,2030,29,5,5,-0.3910918342281894
9318,wind,2030,29,6,6,-0.3910918342281894
9319,wind,2030,29,7,7,-0.3910918342281894
9320,wind,2030,29,8,8,-0.3910918342281894
9321,wind,2030,29,9,9,-0.3910918342281894
9322,wind,2030,29,10,10,-0.3910918342281894
9323,wind,2030,29,11,11,-0.3910918342281894
9324,wind,2030,29,12,12,-0.3910918342281894
9325,wind,2030,29,13,13,-0.3910918342281894
9326,wind,2030,29,14,14,-0.3910918342281894
9327,wind,2030,29,15,15,-0.3910918342281894
9328,wind,2030,29,16,16,-0.3910918342281894
9329,wind,2030,29,17,17,-0.3910918342281894
9330,wind,2030,29,18,18,-0.3910918342281894
9331,wind,2030,29,19,19,-0.3910918342281894
9332,wind,2030,29,20,20,-0.3910918342281894
9333,wind,2030,29,21,21,-0.3910918342281894
9334,wind,2030,29,22,22,-0.3910918342281894
9335,wind,2030,29,23,23,-0.3910918342281894
9336,wind,2030,29,24,24,-0.3910918342281894
9337,wind,2030,30,1,1,-0.24743133010553708
9338,wind,2030,30,2,2,-0.24743133010553708
9339,wind,2030,30,3,3,-0.24743133010553708
9340,wind,2030,30,4,4,-0.24743133010553708
9341,wind,2030,30,5,5,-0.24743133010553708
9342,wind,2030,30,6,6,-0.24743133010553708
9343,wind,2030,30,7,7,-0.24743133010553708
9344,wind,2030,30,8,8,-0.24743133010553708
9345,wind,2030,30,9,9,-0.24743133010553708
9346,wind,2030,30,10,10,-0.24743133010553708
9347,wind,2030,30,11,11,-0.24743133010553708
9348,wind,2030,30,12,12,-0.24743133010553708
9349,wind,2030,30,13,13,-0.24743133010553708
9350,wind,2030,30,14,14,-0.24743133010553708
9351,wind,2030,30,15,15,-0.24743133010553708
9352,wind,2030,30,16,16,-0.24743133010553708
9353,wind,2030,30,17,17,-0.24743133010553708
9354,wind,2030,30,18,18,-0.24743133010553708
9355,wind,2030,30,19,19,-0.24743133010553708
9356,wind,2030,30,20,20,-0.24743133010553708
9357,wind,2030,30,21,21,-0.24743133010553708
9358,wind,2030,30,22,22,-0.24743133010553708
9359,wind,2030,30,23,23,-0.24743133010553708
9360,wind,2030,30,24,24,-0.24743133010553708
9361,wind,2030,31,1,1,-0.2595796842600909
9362,wind,2030,31,2,2,-0.2595796842600909
9363,wind,2030,31,3,3,-0.2595796842600909
9364,wind,2030,31,4,4,-0.2595796842600909
9365,wind,2030,31,5,5,-0.2595796842600909
9366,wind,2030,31,6,6,-0.2595796842600909
9367,wind,2030,31,7,7,-0.2595796842600909
9368,wind,2030,31,8,8,-0.2595796842600909
9369,wind,2030,31,9,9,-0.2595796842600909
9370,wind,2030,31,10,10,-0.2595796842600909
9371,wind,2030,31,11,11,-0.2595796842600909
9372,wind,2030,31,12,12,-0.2595796842600909
9373,wind,2030,31,13,13,-0.2595796842600909
9374,wind,2030,31,14,14,-0.2595796842600909
9375,wind,2030,31,15,15,-0.2595796842600909
9376,wind,2030,31,16,16,-0.2595796842600909
9377,wind,2030,31,17,17,-0.2595796842600909
9378,wind,2030,31,18,18,-0.2595796842600909
9379,wind,2030,31,19,19,-0.2595796842600909
9380,wind,2030,31,20,20,-0.2595796842600909
9381,wind,2030,31,21,21,-0.2595796842600909
9382,wind,2030,31,22,22,-0.2595796842600909
9383,wind,2030,31,23,23,-0.2595796842600909
9384,wind,2030,31,24,24,-0.2595796842600909
9385,wind,2030,32,1,1,-0.0729693904560779
9386,wind,2030,32,2,2,-0.0729693904560779
9387,wind,2030,32,3,3,-0.0729693904560779
9388,wind,2030,32,4,4,-0.0729693904560779
9389,wind,2030,32,5,5,-0.0729693904560779
9390,wind,2030,32,6,6,-0.0729693904560779
9391,wind,2030,32,7,7,-0.0729693904560779
9392,wind,2030,32,8,8,-0.0729693904560779
9393,wind,2030,32,9,9,-0.0729693904560779
9394,wind,2030,32,10,10,-0.0729693904560779
9395,wind,2030,32,11,11,-0.0729693904560779
9396,wind,2030,32,12,12,-0.0729693904560779
9397,wind,2030,32,13,13,-0.0729693904560779
9398,wind,2030,32,14,14,-0.0729693904560779
9399,wind,2030,32,15,15,-0.0729693904560779
9400,wind,2030,32,16,16,-0.0729693904560779
9401,wind,2030,32,17,17,-0.0729693904560779
9402,wind,2030,32,18,18,-0.0729693904560779
9403,wind,2030,32,19,19,-0.10337330314611036
9404,wind,2030,32,20,20,-0.10337330314611036
9405,wind,2030,32,21,21,-0.0729693904560779
9406,wind,2030,32,22,22,-0.0729693904560779
9407,wind,2030,32,23,23,-0.0729693904560779
9408,wind,2030,32,24,24,-0.0729693904560779
9409,wind,2030,33,1,1,-0.038001697524838514
9410,wind,2030,33,2,2,-0.038001697524838514
9411,wind,2030,33,3,3,-0.038001697524838514
9412,wind,2030,33,4,4,-0.038001697524838514
9413,wind,2030,33,5,5,-0.038001697524838514
9414,wind,2030,33,6,6,-0.038001697524838514
9415,wind,2030,33,7,7,-0.038001697524838514
9416,wind,2030,33,8,8,-0.038001697524838514
9417,wind,2030,33,9,9,-0.038001697524838514
9418,wind,2030,33,10,10,-0.038001697524838514
9419,wind,2030,33,11,11,-0.038001697524838514
9420,wind,2030,33,12,12,-0.038001697524838514
9421,wind,2030,33,13,13,-0.038001697524838514
9422,wind,2030,33,14,14,-0.038001697524838514
9423,wind,2030,33,15,15,-0.038001697524838514
9424,wind,2030,33,16,16,-0.038001697524838514
9425,wind,2030,33,17,17,-0.038001697524838514
9426,wind,2030,33,18,18,-0.038001697524838514
9427,wind,2030,33,19,19,-0.038001697524838514
9428,wind,2030,33,20,20,-0.0538357381601879
9429,wind,2030,33,21,21,-0.0538357381601879
9430,wind,2030,33,22,22,-0.038001697524838514
9431,wind,2030,33,23,23,-0.038001697524838514
9432,wind,2030,33,24,24,-0.038001697524838514
9433,wind,2030,34,1,1,-0.1019403819451406
9434,wind,2030,34,2,2,-0.1019403819451406
9435,wind,2030,34,3,3,-0.1019403819451406
9436,wind,2030,34,4,4,-0.1019403819451406
9437,wind,2030,34,5,5,-0.1019403819451406
9438,wind,2030,34,6,6,-0.1019403819451406
9439,wind,2030,34,7,7,-0.1019403819451406
9440,wind,2030,34,8,8,-0.1019403819451406
9441,wind,2030,34,9,9,-0.1019403819451406
9442,wind,2030,34,10,10,-0.1019403819451406
9443,wind,2030,34,11,11,-0.1019403819451406
9444,wind,2030,34,12,12,-0.1019403819451406
9445,wind,2030,34,13,13,-0.1019403819451406
9446,wind,2030,34,14,14,-0.1019403819451406
9447,wind,2030,34,15,15,-0.1019403819451406
9448,wind,2030,34,16,16,-0.1019403819451406
9449,wind,2030,34,17,17,-0.1019403819451406
9450,wind,2030,34,18,18,-0.1019403819451406
9451,wind,2030,34,19,19,-0.1019403819451406
9452,wind,2030,34,20,20,-0.1019403819451406
9453,wind,2030,34,21,21,-0.1019403819451406
9454,wind,2030,34,22,22,-0.1019403819451406
9455,wind,2030,34,23,23,-0.1019403819451406
9456,wind,2030,34,24,24,-0.1019403819451406
9457,wind,2030,35,1,1,-2.4424003856951724
9458,wind,2030,35,2,2,-2.4424003856951724
9459,wind,2030,35,3,3,-2.4424003856951724
9460,wind,2030,35,4,4,-2.4424003856951724
9461,wind,2030,35,5,5,-2.4424003856951724
9462,wind,2030,35,6,6,-2.4424003856951724
9463,wind,2030,35,7,7,-2.4424003856951724
9464,wind,2030,35,8,8,-2.4424003856951724
9465,wind,2030,35,9,9,-2.4424003856951724
9466,wind,2030,35,10,10,-2.4424003856951724
9467,wind,2030,35,11,11,-2.4424003856951724
9468,wind,2030,35,12,12,-2.4424003856951724
9469,wind,2030,35,13,13,-2.4424003856951724
9470,wind,2030,35,14,14,-2.4424003856951724
9471,wind,2030,35,15,15,-2.4424003856951724
9472,wind,2030,35,16,16,-2.4424003856951724
9473,wind,2030,35,17,17,-2.4424003856951724
9474,wind,2030,35,18,18,-2.4424003856951724
9475,wind,2030,35,19,19,-2.566690106852751
9476,wind,2030,35,20,20,-3.460067213068161
9477,wind,2030,35,21,21,-3.460067213068161
9478,wind,2030,35,22,22,-2.4424003856951724
9479,wind,2030,35,23,23,-2.4424003856951724
9480,wind,2030,35,24,24,-2.4424003856951724
9481,wind,2030,36,1,1,-0.04735508678670488
9482,wind,2030,36,2,2,-0.04735508678670488
9483,wind,2030,36,3,3,-0.04735508678670488
9484,wind,2030,36,4,4,-0.04735508678670488
9485,wind,2030,36,5,5,-0.04735508678670488
9486,wind,2030,36,6,6,-0.04735508678670488
9487,wind,2030,36,7,7,-0.04735508678670488
9488,wind,2030,36,8,8,-0.04735508678670488
9489,wind,2030,36,9,9,-0.04735508678670488
9490,wind,2030,36,10,10,-0.04735508678670488
9491,wind,2030,36,11,11,-0.04735508678670488
9492,wind,2030,36,12,12,-0.04735508678670488
9493,wind,2030,36,13,13,-0.04735508678670488
9494,wind,2030,36,14,14,-0.04735508678670488
9495,wind,2030,36,15,15,-0.04735508678670488
9496,wind,2030,36,16,16,-0.04735508678670488
9497,wind,2030,36,17,17,-0.04735508678670488
9498,wind,2030,36,18,18,-0.04735508678670488
9499,wind,2030,36,19,19,-0.0670863729478319
9500,wind,2030,36,20,20,-0.0670863729478319
9501,wind,2030,36,21,21,-0.0670863729478319
9502,wind,2030,36,22,22,-0.04735508678670488
9503,wind,2030,36,23,23,-0.04735508678670488
9504,wind,2030,36,24,24,-0.04735508678670488
9505,wind,2030,37,1,1,-0.15825901720471103
9506,wind,2030,37,2,2,-0.15825901720471103
9507,wind,2030,37,3,3,-0.15825901720471103
9508,wind,2030,37,4,4,-0.15825901720471103
9509,wind,2030,37,5,5,-0.15825901720471103
9510,wind,2030,37,6,6,-0.15825901720471103
9511,wind,2030,37,7,7,-0.15825901720471103
9512,wind,2030,37,8,8,-0.15825901720471103
9513,wind,2030,37,9,9,-0.15825901720471103
9514,wind,2030,37,10,10,-0.15825901720471103
9515,wind,2030,37,11,11,-0.15825901720471103
9516,wind,2030,37,12,12,-0.15825901720471103
9517,wind,2030,37,13,13,-0.15825901720471103
9518,wind,2030,37,14,14,-0.15825901720471103
9519,wind,2030,37,15,15,-0.15825901720471103
9520,wind,2030,37,16,16,-0.15825901720471103
9521,wind,2030,37,17,17,-0.15825901720471103
9522,wind,2030,37,18,18,-0.15825901720471103
9523,wind,2030,37,19,19,-0.15825901720471103
9524,wind,2030,37,20,20,-0.15825901720471103
9525,wind,2030,37,21,21,-0.15825901720471103
9526,wind,2030,37,22,22,-0.15825901720471103
9527,wind,2030,37,23,23,-0.15825901720471103
9528,wind,2030,37,24,24,-0.15825901720471103
9529,wind,2030,38,1,1,-0.30704640819558726
9530,wind,2030,38,2,2,-0.30704640819558726
9531,wind,2030,38,3,3,-0.30704640819558726
9532,wind,2030,38,4,4,-0.30704640819558726
9533,wind,2030,38,5,5,-0.30704640819558726
9534,wind,2030,38,6,6,-0.30704640819558726
9535,wind,2030,38,7,7,-0.30704640819558726
9536,wind,2030,38,8,8,-0.30704640819558726
9537,wind,2030,38,9,9,-0.30704640819558726
9538,wind,2030,38,10,10,-0.30704640819558726
9539,wind,2030,38,11,11,-0.30704640819558726
9540,wind,2030,38,12,12,-0.30704640819558726
9541,wind,2030,38,13,13,-0.30704640819558726
9542,wind,2030,38,14,14,-0.30704640819558726
9543,wind,2030,38,15,15,-0.30704640819558726
9544,wind,2030,38,16,16,-0.30704640819558726
9545,wind,2030,38,17,17,-0.30704640819558726
9546,wind,2030,38,18,18,-0.30704640819558726
9547,wind,2030,38,19,19,-0.30704640819558726
9548,wind,2030,38,20,20,-0.30704640819558726
9549,wind,2030,38,21,21,-0.30704640819558726
9550,wind,2030,38,22,22,-0.30704640819558726
9551,wind,2030,38,23,23,-0.30704640819558726
9552,wind,2030,38,24,24,-0.30704640819558726
9553,wind,2030,39,1,1,-0.3218709556917474
9554,wind,2030,39,2,2,-0.3218709556917474
9555,wind,2030,39,3,3,-0.3218709556917474
9556,wind,2030,39,4,4,-0.3218709556917474
9557,wind,2030,39,5,5,-0.3218709556917474
9558,wind,2030,39,6,6,-0.3218709556917474
9559,wind,2030,39,7,7,-0.3218709556917474
9560,wind,2030,39,8,8,-0.3218709556917474
9561,wind,2030,39,9,9,-0.3218709556917474
9562,wind,2030,39,10,10,-0.3218709556917474
9563,wind,2030,39,11,11,-0.3218709556917474
9564,wind,2030,39,12,12,-0.3218709556917474
9565,wind,2030,39,13,13,-0.3218709556917474
9566,wind,2030,39,14,14,-0.3218709556917474
9567,wind,2030,39,15,15,-0.3218709556917474
9568,wind,2030,39,16,16,-0.3218709556917474
9569,wind,2030,39,17,17,-0.3218709556917474
9570,wind,2030,39,18,18,-0.3218709556917474
9571,wind,2030,39,19,19,-0.3218709556917474
9572,wind,2030,39,20,20,-0.4559838538966422
9573,wind,2030,39,21,21,-0.3218709556917474
9574,wind,2030,39,22,22,-0.3218709556917474
9575,wind,2030,39,23,23,-0.3218709556917474
9576,wind,2030,39,24,24,-0.3218709556917474
9577,wind,2030,40,1,1,-0.35074394698345257
9578,wind,2030,40,2,2,-0.35074394698345257
9579,wind,2030,40,3,3,-0.35074394698345257
9580,wind,2030,40,4,4,-0.35074394698345257
9581,wind,2030,40,5,5,-0.35074394698345257
9582,wind,2030,40,6,6,-0.35074394698345257
9583,wind,2030,40,7,7,-0.35074394698345257
9584,wind,2030,40,8,8,-0.35074394698345257
9585,wind,2030,40,9,9,-0.35074394698345257
9586,wind,2030,40,10,10,-0.35074394698345257
9587,wind,2030,40,11,11,-0.35074394698345257
9588,wind,2030,40,12,12,-0.35074394698345257
9589,wind,2030,40,13,13,-0.35074394698345257
9590,wind,2030,40,14,14,-0.35074394698345257
9591,wind,2030,40,15,15,-0.35074394698345257
9592,wind,2030,40,16,16,-0.35074394698345257
9593,wind,2030,40,17,17,-0.35074394698345257
9594,wind,2030,40,18,18,-0.35074394698345257
9595,wind,2030,40,19,19,-0.35074394698345257
9596,wind,2030,40,20,20,-0.35074394698345257
9597,wind,2030,40,21,21,-0.35074394698345257
9598,wind,2030,40,22,22,-0.35074394698345257
9599,wind,2030,40,23,23,-0.35074394698345257
9600,wind,2030,40,24,24,-0.35074394698345257
9601,wind,2030,41,1,1,-0.03492553431619939
9602,wind,2030,41,2,2,-0.03492553431619939
9603,wind,2030,41,3,3,-0.024653318340846622
9604,wind,2030,41,4,4,-0.024653318340846622
9605,wind,2030,41,5,5,-0.024653318340846622
9606,wind,2030,41,6,6,-0.024653318340846622
9607,wind,2030,41,7,7,-0.024653318340846622
9608,wind,2030,41,8,8,-0.024653318340846622
9609,wind,2030,41,9,9,-0.024653318340846622
9610,wind,2030,41,10,10,-0.024653318340846622
9611,wind,2030,41,11,11,-0.024653318340846622
9612,wind,2030,41,12,12,-0.024653318340846622
9613,wind,2030,41,13,13,-0.024653318340846622
9614,wind,2030,41,14,14,-0.024653318340846622
9615,wind,2030,41,15,15,-0.024653318340846622
9616,wind,2030,41,16,16,-0.024653318340846622
9617,wind,2030,41,17,17,-0.024653318340846622
9618,wind,2030,41,18,18,-0.024653318340846622
9619,wind,2030,41,19,19,-0.024653318340846622
9620,wind,2030,41,20,20,-0.024653318340846622
9621,wind,2030,41,21,21,-0.024653318340846622
9622,wind,2030,41,22,22,-0.024653318340846622
9623,wind,2030,41,23,23,-0.024653318340846622
9624,wind,2030,41,24,24,-0.024653318340846622
9625,wind,2030,42,1,1,-0.05012565110398936
9626,wind,2030,42,2,2,-0.05012565110398936
9627,wind,2030,42,3,3,-0.05012565110398936
9628,wind,2030,42,4,4,-0.05012565110398936
9629,wind,2030,42,5,5,-0.05012565110398936
9630,wind,2030,42,6,6,-0.05012565110398936
9631,wind,2030,42,7,7,-0.05012565110398936
9632,wind,2030,42,8,8,-0.05012565110398936
9633,wind,2030,42,9,9,-0.05012565110398936
9634,wind,2030,42,10,10,-0.05012565110398936
9635,wind,2030,42,11,11,-0.05012565110398936
9636,wind,2030,42,12,12,-0.05012565110398936
9637,wind,2030,42,13,13,-0.05012565110398936
9638,wind,2030,42,14,14,-0.05012565110398936
9639,wind,2030,42,15,15,-0.05012565110398936
9640,wind,2030,42,16,16,-0.05012565110398936
9641,wind,2030,42,17,17,-0.05012565110398936
9642,wind,2030,42,18,18,-0.05012565110398936
9643,wind,2030,42,19,19,-0.07101133906398492
9644,wind,2030,42,20,20,-0.07101133906398492
9645,wind,2030,42,21,21,-0.07101133906398492
9646,wind,2030,42,22,22,-0.07101133906398492
9647,wind,2030,42,23,23,-0.05012565110398936
9648,wind,2030,42,24,24,-0.05012565110398936
9649,wind,2030,43,1,1,-0.0481320079395378
9650,wind,2030,43,2,2,-0.0481320079395378
9651,wind,2030,43,3,3,-0.0481320079395378
9652,wind,2030,43,4,4,-0.0481320079395378
9653,wind,2030,43,5,5,-0.0481320079395378
9654,wind,2030,43,6,6,-0.0481320079395378
9655,wind,2030,43,7,7,-0.0481320079395378
9656,wind,2030,43,8,8,-0.0481320079395378
9657,wind,2030,43,9,9,-0.0481320079395378
9658,wind,2030,43,10,10,-0.0481320079395378
9659,wind,2030,43,11,11,-0.0481320079395378
9660,wind,2030,43,12,12,-0.0481320079395378
9661,wind,2030,43,13,13,-0.0481320079395378
9662,wind,2030,43,14,14,-0.0481320079395378
9663,wind,2030,43,15,15,-0.0481320079395378
9664,wind,2030,43,16,16,-0.0481320079395378
9665,wind,2030,43,17,17,-0.0481320079395378
9666,wind,2030,43,18,18,-0.0481320079395378
9667,wind,2030,43,19,19,-0.06818701124767855
9668,wind,2030,43,20,20,-0.06818701124767855
9669,wind,2030,43,21,21,-0.0481320079395378
9670,wind,2030,43,22,22,-0.0481320079395378
9671,wind,2030,43,23,23,-0.0481320079395378
9672,wind,2030,43,24,24,-0.0481320079395378
9673,wind,2030,44,1,1,-0.04809987375362525
9674,wind,2030,44,2,2,-0.04809987375362525
9675,wind,2030,44,3,3,-0.04809987375362525
9676,wind,2030,44,4,4,-0.04809987375362525
9677,wind,2030,44,5,5,-0.04809987375362525
9678,wind,2030,44,6,6,-0.04809987375362525
9679,wind,2030,44,7,7,-0.04809987375362525
9680,wind,2030,44,8,8,-0.04809987375362525
9681,wind,2030,44,9,9,-0.04809987375362525
9682,wind,2030,44,10,10,-0.04809987375362525
9683,wind,2030,44,11,11,-0.04809987375362525
9684,wind,2030,44,12,12,-0.04809987375362525
9685,wind,2030,44,13,13,-0.04809987375362525
9686,wind,2030,44,14,14,-0.04809987375362525
9687,wind,2030,44,15,15,-0.04809987375362525
9688,wind,2030,44,16,16,-0.04809987375362525
9689,wind,2030,44,17,17,-0.04809987375362525
9690,wind,2030,44,18,18,-0.04809987375362525
9691,wind,2030,44,19,19,-0.04809987375362525
9692,wind,2030,44,20,20,-0.04809987375362525
9693,wind,2030,44,21,21,-0.04809987375362525
9694,wind,2030,44,22,22,-0.04809987375362525
9695,wind,2030,44,23,23,-0.04809987375362525
9696,wind,2030,44,24,24,-0.04809987375362525
9697,wind,2030,45,1,1,-0.17287666298036106
9698,wind,2030,45,2,2,-0.17287666298036106
9699,wind,2030,45,3,3,-0.17287666298036106
9700,wind,2030,45,4,4,-0.17287666298036106
9701,wind,2030,45,5,5,-0.17287666298036106
9702,wind,2030,45,6,6,-0.17287666298036106
9703,wind,2030,45,7,7,-0.17287666298036106
9704,wind,2030,45,8,8,-0.17287666298036106
9705,wind,2030,45,9,9,-0.17287666298036106
9706,wind,2030,45,10,10,-0.17287666298036106
9707,wind,2030,45,11,11,-0.17287666298036106
9708,wind,2030,45,12,12,-0.17287666298036106
9709,wind,2030,45,13,13,-0.17287666298036106
9710,wind,2030,45,14,14,-0.17287666298036106
9711,wind,2030,45,15,15,-0.17287666298036106
9712,wind,2030,45,16,16,-0.17287666298036106
9713,wind,2030,45,17,17,-0.17287666298036106
9714,wind,2030,45,18,18,-0.17287666298036106
9715,wind,2030,45,19,19,-0.17287666298036106
9716,wind,2030,45,20,20,-0.17287666298036106
9717,wind,2030,45,21,21,-0.17287666298036106
9718,wind,2030,45,22,22,-0.17287666298036106
9719,wind,2030,45,23,23,-0.17287666298036106
9720,wind,2030,45,24,24,-0.17287666298036106
9721,wind,2030,46,1,1,-0.02690212302884965
9722,wind,2030,46,2,2,-0.02690212302884965
9723,wind,2030,46,3,3,-0.02690212302884965
9724,wind,2030,46,4,4,-0.02690212302884965
9725,wind,2030,46,5,5,-0.02690212302884965
9726,wind,2030,46,6,6,-0.02690212302884965
9727,wind,2030,46,7,7,-0.02690212302884965
9728,wind,2030,46,8,8,-0.02690212302884965
9729,wind,2030,46,9,9,-0.02690212302884965
9730,wind,2030,46,10,10,-0.02690212302884965
9731,wind,2030,46,11,11,-0.02690212302884965
9732,wind,2030,46,12,12,-0.02690212302884965
9733,wind,2030,46,13,13,-0.02690212302884965
9734,wind,2030,46,14,14,-0.02690212302884965
9735,wind,2030,46,15,15,-0.02690212302884965
9736,wind,2030,46,16,16,-0.02690212302884965
9737,wind,2030,46,17,17,-0.02690212302884965
9738,wind,2030,46,18,18,-0.03811134095753701
9739,wind,2030,46,19,19,-0.03811134095753701
9740,wind,2030,46,20,20,-0.03811134095753701
9741,wind,2030,46,21,21,-0.03811134095753701
9742,wind,2030,46,22,22,-0.02690212302884965
9743,wind,2030,46,23,23,-0.02690212302884965
9744,wind,2030,46,24,24,-0.02690212302884965
9745,wind,2030,47,1,1,-0.036684393978129816
9746,wind,2030,47,2,2,-0.036684393978129816
9747,wind,2030,47,3,3,-0.036684393978129816
9748,wind,2030,47,4,4,-0.036684393978129816
9749,wind,2030,47,5,5,-0.036684393978129816
9750,wind,2030,47,6,6,-0.036684393978129816
9751,wind,2030,47,7,7,-0.036684393978129816
9752,wind,2030,47,8,8,-0.036684393978129816
9753,wind,2030,47,9,9,-0.036684393978129816
9754,wind,2030,47,10,10,-0.036684393978129816
9755,wind,2030,47,11,11,-0.036684393978129816
9756,wind,2030,47,12,12,-0.036684393978129816
9757,wind,2030,47,13,13,-0.036684393978129816
9758,wind,2030,47,14,14,-0.036684393978129816
9759,wind,2030,47,15,15,-0.036684393978129816
9760,wind,2030,47,16,16,-0.036684393978129816
9761,wind,2030,47,17,17,-0.036684393978129816
9762,wind,2030,47,18,18,-0.05196955813568391
9763,wind,2030,47,19,19,-0.05196955813568391
9764,wind,2030,47,20,20,-0.05196955813568391
9765,wind,2030,47,21,21,-0.05196955813568391
9766,wind,2030,47,22,22,-0.05196955813568391
9767,wind,2030,47,23,23,-0.05196955813568391
9768,wind,2030,47,24,24,-0.036684393978129816
9769,wind,2030,48,1,1,-0.026004297662737732
9770,wind,2030,48,2,2,-0.026004297662737732
9771,wind,2030,48,3,3,-0.026004297662737732
9772,wind,2030,48,4,4,-0.026004297662737732
9773,wind,2030,48,5,5,-0.026004297662737732
9774,wind,2030,48,6,6,-0.026004297662737732
9775,wind,2030,48,7,7,-0.026004297662737732
9776,wind,2030,48,8,8,-0.026004297662737732
9777,wind,2030,48,9,9,-0.026004297662737732
9778,wind,2030,48,10,10,-0.026004297662737732
9779,wind,2030,48,11,11,-0.026004297662737732
9780,wind,2030,48,12,12,-0.026004297662737732
9781,wind,2030,48,13,13,-0.026004297662737732
9782,wind,2030,48,14,14,-0.026004297662737732
9783,wind,2030,48,15,15,-0.026004297662737732
9784,wind,2030,48,16,16,-0.026004297662737732
9785,wind,2030,48,17,17,-0.026004297662737732
9786,wind,2030,48,18,18,-0.026004297662737732
9787,wind,2030,48,19,19,-0.03683942168887846
9788,wind,2030,48,20,20,-0.03683942168887846
9789,wind,2030,48,21,21,-0.03683942168887846
9790,wind,2030,48,22,22,-0.026004297662737732
9791,wind,2030,48,23,23,-0.026004297662737732
9792,wind,2030,48,24,24,-0.026004297662737732
9793,wind,2030,49,1,1,-0.04799408429448235
9794,wind,2030,49,2,2,-0.04799408429448235
9795,wind,2030,49,3,3,-0.04799408429448235
9796,wind,2030,49,4,4,-0.04799408429448235
9797,wind,2030,49,5,5,-0.04799408429448235
9798,wind,2030,49,6,6,-0.04799408429448235
9799,wind,2030,49,7,7,-0.04799408429448235
9800,wind,2030,49,8,8,-0.04799408429448235
9801,wind,2030,49,9,9,-0.04799408429448235
9802,wind,2030,49,10,10,-0.04799408429448235
9803,wind,2030,49,11,11,-0.04799408429448235
9804,wind,2030,49,12,12,-0.04799408429448235
9805,wind,2030,49,13,13,-0.04799408429448235
9806,wind,2030,49,14,14,-0.04799408429448235
9807,wind,2030,49,15,15,-0.04799408429448235
9808,wind,2030,49,16,16,-0.04799408429448235
9809,wind,2030,49,17,17,-0.04799408429448235
9810,wind,2030,49,18,18,-0.04799408429448235
9811,wind,2030,49,19,19,-0.04799408429448235
9812,wind,2030,49,20,20,-0.06799161941718333
9813,wind,2030,49,21,21,-0.06799161941718333
9814,wind,2030,49,22,22,-0.04799408429448235
9815,wind,2030,49,23,23,-0.04799408429448235
9816,wind,2030,49,24,24,-0.04799408429448235
9817,wind,2030,50,1,1,-0.06201547070217915
9818,wind,2030,50,2,2,-0.06201547070217915
9819,wind,2030,50,3,3,-0.06201547070217915
9820,wind,2030,50,4,4,-0.06201547070217915
9821,wind,2030,50,5,5,-0.06201547070217915
9822,wind,2030,50,6,6,-0.06201547070217915
9823,wind,2030,50,7,7,-0.06201547070217915
9824,wind,2030,50,8,8,-0.06201547070217915
9825,wind,2030,50,9,9,-0.06201547070217915
9826,wind,2030,50,10,10,-0.06201547070217915
9827,wind,2030,50,11,11,-0.06201547070217915
9828,wind,2030,50,12,12,-0.06201547070217915
9829,wind,2030,50,13,13,-0.06201547070217915
9830,wind,2030,50,14,14,-0.06201547070217915
9831,wind,2030,50,15,15,-0.06201547070217915
9832,wind,2030,50,16,16,-0.06201547070217915
9833,wind,2030,50,17,17,-0.06201547070217915
9834,wind,2030,50,18,18,-0.06201547070217915
9835,wind,2030,50,19,19,-0.06201547070217915
9836,wind,2030,50,20,20,-0.06201547070217915
9837,wind,2030,50,21,21,-0.06201547070217915
9838,wind,2030,50,22,22,-0.06201547070217915
9839,wind,2030,50,23,23,-0.06201547070217915
9840,wind,2030,50,24,24,-0.06201547070217915
9841,wind,2030,51,1,1,-0.031407366206068994
9842,wind,2030,51,2,2,-0.031407366206068994
9843,wind,2030,51,3,3,-0.031407366206068994
9844,wind,2030,51,4,4,-0.031407366206068994
9845,wind,2030,51,5,5,-0.031407366206068994
9846,wind,2030,51,6,6,-0.031407366206068994
9847,wind,2030,51,7,7,-0.031407366206068994
9848,wind,2030,51,8,8,-0.031407366206068994
9849,wind,2030,51,9,9,-0.031407366206068994
9850,wind,2030,51,10,10,-0.031407366206068994
9851,wind,2030,51,11,11,-0.031407366206068994
9852,wind,2030,51,12,12,-0.031407366206068994
9853,wind,2030,51,13,13,-0.031407366206068994
9854,wind,2030,51,14,14,-0.031407366206068994
9855,wind,2030,51,15,15,-0.031407366206068994
9856,wind,2030,51,16,16,-0.031407366206068994
9857,wind,2030,51,17,17,-0.031407366206068994
9858,wind,2030,51,18,18,-0.031407366206068994
9859,wind,2030,51,19,19,-0.031407366206068994
9860,wind,2030,51,20,20,-0.031407366206068994
9861,wind,2030,51,21,21,-0.031407366206068994
9862,wind,2030,51,22,22,-0.031407366206068994
9863,wind,2030,51,23,23,-0.031407366206068994
9864,wind,2030,51,24,24,-0.031407366206068994
9865,wind,2030,52,1,1,-0.19071726306486872
9866,wind,2030,52,2,2,-0.19071726306486872
9867,wind,2030,52,3,3,-0.19071726306486872
9868,wind,2030,52,4,4,-0.19071726306486872
9869,wind,2030,52,5,5,-0.19071726306486872
9870,wind,2030,52,6,6,-0.19071726306486872
9871,wind,2030,52,7,7,-0.19071726306486872
9872,wind,2030,52,8,8,-0.19071726306486872
9873,wind,2030,52,9,9,-0.19071726306486872
9874,wind,2030,52,10,10,-0.19071726306486872
9875,wind,2030,52,11,11,-0.19071726306486872
9876,wind,2030,52,12,12,-0.19071726306486872
9877,wind,2030,52,13,13,-0.19071726306486872
9878,wind,2030,52,14,14,-0.19071726306486872
9879,wind,2030,52,15,15,-0.19071726306486872
9880,wind,2030,52,16,16,-0.19071726306486872
9881,wind,2030,52,17,17,-0.19071726306486872
9882,wind,2030,52,18,18,-0.19071726306486872
9883,wind,2030,52,19,19,-0.19071726306486872
9884,wind,2030,52,20,20,-0.19071726306486872
9885,wind,2030,52,21,21,-0.19071726306486872
9886,wind,2030,52,22,22,-0.19071726306486872
9887,wind,2030,52,23,23,-0.19071726306486872
9888,wind,2030,52,24,24,-0.19071726306486872
9889,wind,2030,53,1,1,-0.045279804741864424
9890,wind,2030,53,2,2,-0.045279804741864424
9891,wind,2030,53,3,3,-0.045279804741864424
9892,wind,2030,53,4,4,-0.045279804741864424
9893,wind,2030,53,5,5,-0.045279804741864424
9894,wind,2030,53,6,6,-0.045279804741864424
9895,wind,2030,53,7,7,-0.045279804741864424
9896,wind,2030,53,8,8,-0.045279804741864424
9897,wind,2030,53,9,9,-0.045279804741864424
9898,wind,2030,53,10,10,-0.045279804741864424
9899,wind,2030,53,11,11,-0.045279804741864424
9900,wind,2030,53,12,12,-0.045279804741864424
9901,wind,2030,53,13,13,-0.045279804741864424
9902,wind,2030,53,14,14,-0.045279804741864424
9903,wind,2030,53,15,15,-0.045279804741864424
9904,wind,2030,53,16,16,-0.045279804741864424
9905,wind,2030,53,17,17,-0.045279804741864424
9906,wind,2030,53,18,18,-0.045279804741864424
9907,wind,2030,53,19,19,-0.045279804741864424
9908,wind,2030,53,20,20,-0.045279804741864424
9909,wind,2030,53,21,21,-0.045279804741864424
9910,wind,2030,53,22,22,-0.045279804741864424
9911,wind,2030,53,23,23,-0.045279804741864424
9912,wind,2030,53,24,24,-0.045279804741864424
9913,wind,2030,54,1,1,-0.03994090169717789
9914,wind,2030,54,2,2,-0.03994090169717789
9915,wind,2030,54,3,3,-0.03994090169717789
9916,wind,2030,54,4,4,-0.03994090169717789
9917,wind,2030,54,5,5,-0.03994090169717789
9918,wind,2030,54,6,6,-0.03994090169717789
9919,wind,2030,54,7,7,-0.03994090169717789
9920,wind,2030,54,8,8,-0.03994090169717789
9921,wind,2030,54,9,9,-0.03994090169717789
9922,wind,2030,54,10,10,-0.03994090169717789
9923,wind,2030,54,11,11,-0.03994090169717789
9924,wind,2030,54,12,12,-0.03994090169717789
9925,wind,2030,54,13,13,-0.03994090169717789
9926,wind,2030,54,14,14,-0.03994090169717789
9927,wind,2030,54,15,15,-0.03994090169717789
9928,wind,2030,54,16,16,-0.03994090169717789
9929,wind,2030,54,17,17,-0.03994090169717789
9930,wind,2030,54,18,18,-0.03994090169717789
9931,wind,2030,54,19,19,-0.03994090169717789
9932,wind,2030,54,20,20,-0.03994090169717789
9933,wind,2030,54,21,21,-0.03994090169717789
9934,wind,2030,54,22,22,-0.03994090169717789
9935,wind,2030,54,23,23,-0.03994090169717789
9936,wind,2030,54,24,24,-0.03994090169717789
9937,wind,2030,55,1,1,-0.06240763535274685
9938,wind,2030,55,2,2,-0.06240763535274685
9939,wind,2030,55,3,3,-0.06240763535274685
9940,wind,2030,55,4,4,-0.06240763535274685
9941,wind,2030,55,5,5,-0.06240763535274685
9942,wind,2030,55,6,6,-0.06240763535274685
9943,wind,2030,55,7,7,-0.06240763535274685
9944,wind,2030,55,8,8,-0.06240763535274685
9945,wind,2030,55,9,9,-0.06240763535274685
9946,wind,2030,55,10,10,-0.06240763535274685
9947,wind,2030,55,11,11,0.0
9948,wind,2030,55,12,12,0.0
9949,wind,2030,55,13,13,0.0
9950,wind,2030,55,14,14,0.0
9951,wind,2030,55,15,15,-0.06240763535274685
9952,wind,2030,55,16,16,-0.06240763535274685
9953,wind,2030,55,17,17,-0.06240763535274685
9954,wind,2030,55,18,18,-0.06240763535274685
9955,wind,2030,55,19,19,-0.06240763535274685
9956,wind,2030,55,20,20,-0.06240763535274685
9957,wind,2030,55,21,21,-0.06240763535274685
9958,wind,2030,55,22,22,-0.06240763535274685
9959,wind,2030,55,23,23,-0.06240763535274685
9960,wind,2030,55,24,24,-0.06240763535274685
9961,wind,2030,56,1,1,-0.19099356096611786
9962,wind,2030,56,2,2,-0.19099356096611786
9963,wind,2030,56,3,3,-0.19099356096611786
9964,wind,2030,56,4,4,-0.19099356096611786
9965,wind,2030,56,5,5,-0.19099356096611786
9966,wind,2030,56,6,6,-0.19099356096611786
9967,wind,2030,56,7,7,-0.19099356096611786
9968,wind,2030,56,8,8,-0.19099356096611786
9969,wind,2030,56,9,9,-0.19099356096611786
9970,wind,2030,56,10,10,-0.19099356096611786
9971,wind,2030,56,11,11,-0.19099356096611786
9972,wind,2030,56,12,12,-0.19099356096611786
9973,wind,2030,56,13,13,0.0
9974,wind,2030,56,14,14,-0.19099356096611786
9975,wind,2030,56,15,15,-0.19099356096611786
9976,wind,2030,56,16,16,-0.19099356096611786
9977,wind,2030,56,17,17,-0.19099356096611786
9978,wind,2030,56,18,18,-0.19099356096611786
9979,wind,2030,56,19,19,-0.19099356096611786
9980,wind,2030,56,20,20,-0.19099356096611786
9981,wind,2030,56,21,21,-0.19099356096611786
9982,wind,2030,56,22,22,-0.19099356096611786
9983,wind,2030,56,23,23,-0.19099356096611786
9984,wind,2030,56,24,24,-0.19099356096611786
9985,wind,2030,57,1,1,-0.18136597583536485
9986,wind,2030,57,2,2,-0.18136597583536485
9987,wind,2030,57,3,3,-0.18136597583536485
9988,wind,2030,57,4,4,-0.18136597583536485
9989,wind,2030,57,5,5,-0.18136597583536485
9990,wind,2030,57,6,6,-0.18136597583536485
9991,wind,2030,57,7,7,-0.18136597583536485
9992,wind,2030,57,8,8,-0.18136597583536485
9993,wind,2030,57,9,9,-0.18136597583536485
9994,wind,2030,57,10,10,-0.18136597583536485
9995,wind,2030,57,11,11,-0.18136597583536485
9996,wind,2030,57,12,12,-0.18136597583536485
9997,wind,2030,57,13,13,-0.18136597583536485
9998,wind,2030,57,14,14,0.0
9999,wind,2030,57,15,15,-0.18136597583536485
10000,wind,2030,57,16,16,-0.18136597583536485
10001,wind,2030,57,17,17,-0.18136597583536485
10002,wind,2030,57,18,18,-0.18136597583536485
10003,wind,2030,57,19,19,-0.18136597583536485
10004,wind,2030,57,20,20,-0.18136597583536485
10005,wind,2030,57,21,21,-0.18136597583536485
10006,wind,2030,57,22,22,-0.18136597583536485
10007,wind,2030,57,23,23,-0.18136597583536485
10008,wind,2030,57,24,24,-0.18136597583536485
10009,wind,2030,58,1,1,-0.02912622885236818
10010,wind,2030,58,2,2,-0.02912622885236818
10011,wind,2030,58,3,3,-0.02912622885236818
10012,wind,2030,58,4,4,-0.02912622885236818
10013,wind,2030,58,5,5,-0.02912622885236818
10014,wind,2030,58,6,6,-0.02912622885236818
10015,wind,2030,58,7,7,-0.02912622885236818
10016,wind,2030,58,8,8,-0.02912622885236818
10017,wind,2030,58,9,9,-0.02912622885236818
10018,wind,2030,58,10,10,-0.02912622885236818
10019,wind,2030,58,11,11,-0.02912622885236818
10020,wind,2030,58,12,12,-0.02912622885236818
10021,wind,2030,58,13,13,-0.02912622885236818
10022,wind,2030,58,14,14,-0.02912622885236818
10023,wind,2030,58,15,15,-0.02912622885236818
10024,wind,2030,58,16,16,-0.02912622885236818
10025,wind,2030,58,17,17,-0.02912622885236818
10026,wind,2030,58,18,18,-0.02912622885236818
10027,wind,2030,58,19,19,-0.02912622885236818
10028,wind,2030,58,20,20,-0.041262157540854924
10029,wind,2030,58,21,21,-0.041262157540854924
10030,wind,2030,58,22,22,-0.041262157540854924
10031,wind,2030,58,23,23,-0.02912622885236818
10032,wind,2030,58,24,24,-0.02912622885236818
10033,wind,2030,59,1,1,-0.3592285122969182
10034,wind,2030,59,2,2,-0.3592285122969182
10035,wind,2030,59,3,3,-0.3592285122969182
10036,wind,2030,59,4,4,-0.3592285122969182
10037,wind,2030,59,5,5,-0.3592285122969182
10038,wind,2030,59,6,6,-0.3592285122969182
10039,wind,2030,59,7,7,-0.3592285122969182
10040,wind,2030,59,8,8,-0.3592285122969182
10041,wind,2030,59,9,9,-0.3592285122969182
10042,wind,2030,59,10,10,-0.3592285122969182
10043,wind,2030,59,11,11,-0.3592285122969182
10044,wind,2030,59,12,12,-0.3592285122969182
10045,wind,2030,59,13,13,-0.3592285122969182
10046,wind,2030,59,14,14,-0.3592285122969182
10047,wind,2030,59,15,15,-0.3592285122969182
10048,wind,2030,59,16,16,-0.3592285122969182
10049,wind,2030,59,17,17,-0.3592285122969182
10050,wind,2030,59,18,18,-0.3592285122969182
10051,wind,2030,59,19,19,-0.3592285122969182
10052,wind,2030,59,20,20,-0.3592285122969182
10053,wind,2030,59,21,21,-0.3592285122969182
10054,wind,2030,59,22,22,-0.3592285122969182
10055,wind,2030,59,23,23,-0.3592285122969182
10056,wind,2030,59,24,24,-0.3592285122969182
10057,wind,2030,60,1,1,-0.08591796753505422
10058,wind,2030,60,2,2,-0.08591796753505422
10059,wind,2030,60,3,3,-0.08591796753505422
10060,wind,2030,60,4,4,-0.08591796753505422
10061,wind,2030,60,5,5,-0.08591796753505422
10062,wind,2030,60,6,6,-0.08591796753505422
10063,wind,2030,60,7,7,-0.08591796753505422
10064,wind,2030,60,8,8,-0.08591796753505422
10065,wind,2030,60,9,9,-0.08591796753505422
10066,wind,2030,60,10,10,-0.08591796753505422
10067,wind,2030,60,11,11,0.0
10068,wind,2030,60,12,12,0.0
10069,wind,2030,60,13,13,0.0
10070,wind,2030,60,14,14,0.0
10071,wind,2030,60,15,15,0.0
10072,wind,2030,60,16,16,0.0
10073,wind,2030,60,17,17,-0.08591796753505422
10074,wind,2030,60,18,18,-0.08591796753505422
10075,wind,2030,60,19,19,-0.08591796753505422
10076,wind,2030,60,20,20,-0.08591796753505422
10077,wind,2030,60,21,21,-0.08591796753505422
10078,wind,2030,60,22,22,-0.08591796753505422
10079,wind,2030,60,23,23,-0.08591796753505422
10080,wind,2030,60,24,24,-0.08591796753505422
10081,wind,2030,61,1,1,-0.053402653838253614
10082,wind,2030,61,2,2,-0.053402653838253614
10083,wind,2030,61,3,3,-0.053402653838253614
10084,wind,2030,61,4,4,-0.053402653838253614
10085,wind,2030,61,5,5,-0.053402653838253614
10086,wind,2030,61,6,6,-0.053402653838253614
10087,wind,2030,61,7,7,-0.053402653838253614
10088,wind,2030,61,8,8,-0.053402653838253614
10089,wind,2030,61,9,9,-0.053402653838253614
10090,wind,2030,61,10,10,-0.053402653838253614
10091,wind,2030,61,11,11,-0.053402653838253614
10092,wind,2030,61,12,12,-0.053402653838253614
10093,wind,2030,61,13,13,-0.053402653838253614
10094,wind,2030,61,14,14,-0.053402653838253614
10095,wind,2030,61,15,15,-0.053402653838253614
10096,wind,2030,61,16,16,-0.053402653838253614
10097,wind,2030,61,17,17,-0.053402653838253614
10098,wind,2030,61,18,18,-0.053402653838253614
10099,wind,2030,61,19,19,-0.053402653838253614
10100,wind,2030,61,20,20,-0.053402653838253614
10101,wind,2030,61,21,21,-0.053402653838253614
10102,wind,2030,61,22,22,-0.053402653838253614
10103,wind,2030,61,23,23,-0.053402653838253614
10104,wind,2030,61,24,24,-0.053402653838253614
10105,wind,2030,62,1,1,-0.03718108332322502
10106,wind,2030,62,2,2,-0.03718108332322502
10107,wind,2030,62,3,3,-0.03718108332322502
10108,wind,2030,62,4,4,-0.03718108332322502
10109,wind,2030,62,5,5,-0.03718108332322502
10110,wind,2030,62,6,6,-0.03718108332322502
10111,wind,2030,62,7,7,-0.03718108332322502
10112,wind,2030,62,8,8,-0.03718108332322502
10113,wind,2030,62,9,9,-0.03718108332322502
10114,wind,2030,62,10,10,-0.03718108332322502
10115,wind,2030,62,11,11,-0.03718108332322502
10116,wind,2030,62,12,12,-0.03718108332322502
10117,wind,2030,62,13,13,-0.03718108332322502
10118,wind,2030,62,14,14,-0.03718108332322502
10119,wind,2030,62,15,15,-0.03718108332322502
10120,wind,2030,62,16,16,-0.03718108332322502
10121,wind,2030,62,17,17,-0.03718108332322502
10122,wind,2030,62,18,18,-0.03718108332322502
10123,wind,2030,62,19,19,-0.03718108332322502
10124,wind,2030,62,20,20,-0.03718108332322502
10125,wind,2030,62,21,21,-0.03718108332322502
10126,wind,2030,62,22,22,-0.03718108332322502
10127,wind,2030,62,23,23,-0.03718108332322502
10128,wind,2030,62,24,24,-0.03718108332322502
10129,wind,2030,63,1,1,-0.03244040243387427
10130,wind,2030,63,2,2,-0.03244040243387427
10131,wind,2030,63,3,3,-0.03244040243387427
10132,wind,2030,63,4,4,-0.03244040243387427
10133,wind,2030,63,5,5,-0.03244040243387427
10134,wind,2030,63,6,6,-0.03244040243387427
10135,wind,2030,63,7,7,-0.03244040243387427
10136,wind,2030,63,8,8,-0.03244040243387427
10137,wind,2030,63,9,9,-0.03244040243387427
10138,wind,2030,63,10,10,-0.03244040243387427
10139,wind,2030,63,11,11,-0.03244040243387427
10140,wind,2030,63,12,12,-0.03244040243387427
10141,wind,2030,63,13,13,-0.03244040243387427
10142,wind,2030,63,14,14,-0.03244040243387427
10143,wind,2030,63,15,15,-0.03244040243387427
10144,wind,2030,63,16,16,-0.03244040243387427
10145,wind,2030,63,17,17,-0.03244040243387427
10146,wind,2030,63,18,18,-0.03244040243387427
10147,wind,2030,63,19,19,-0.03244040243387427
10148,wind,2030,63,20,20,-0.03244040243387427
10149,wind,2030,63,21,21,-0.03244040243387427
10150,wind,2030,63,22,22,-0.03244040243387427
10151,wind,2030,63,23,23,-0.03244040243387427
10152,wind,2030,63,24,24,-0.03244040243387427
10153,wind,2030,64,1,1,-0.1825253834109034
10154,wind,2030,64,2,2,-0.1825253834109034
10155,wind,2030,64,3,3,-0.1825253834109034
10156,wind,2030,64,4,4,-0.1825253834109034
10157,wind,2030,64,5,5,-0.1825253834109034
10158,wind,2030,64,6,6,-0.1825253834109034
10159,wind,2030,64,7,7,-0.1825253834109034
10160,wind,2030,64,8,8,-0.1825253834109034
10161,wind,2030,64,9,9,-0.1825253834109034
10162,wind,2030,64,10,10,-0.1825253834109034
10163,wind,2030,64,11,11,-0.1825253834109034
10164,wind,2030,64,12,12,-0.1825253834109034
10165,wind,2030,64,13,13,-0.1825253834109034
10166,wind,2030,64,14,14,-0.1825253834109034
10167,wind,2030,64,15,15,-0.1825253834109034
10168,wind,2030,64,16,16,-0.1825253834109034
10169,wind,2030,64,17,17,-0.1825253834109034
10170,wind,2030,64,18,18,-0.1825253834109034
10171,wind,2030,64,19,19,-0.1825253834109034
10172,wind,2030,64,20,20,-0.1825253834109034
10173,wind,2030,64,21,21,-0.1825253834109034
10174,wind,2030,64,22,22,-0.1825253834109034
10175,wind,2030,64,23,23,-0.1825253834109034
10176,wind,2030,64,24,24,-0.1825253834109034
10177,wind,2030,65,1,1,-0.05063865542929459
10178,wind,2030,65,2,2,-0.05063865542929459
10179,wind,2030,65,3,3,-0.05063865542929459
10180,wind,2030,65,4,4,-0.05063865542929459
10181,wind,2030,65,5,5,-0.05063865542929459
10182,wind,2030,65,6,6,-0.05063865542929459
10183,wind,2030,65,7,7,-0.05063865542929459
10184,wind,2030,65,8,8,-0.05063865542929459
10185,wind,2030,65,9,9,-0.05063865542929459
10186,wind,2030,65,10,10,-0.05063865542929459
10187,wind,2030,65,11,11,0.0
10188,wind,2030,65,12,12,0.0
10189,wind,2030,65,13,13,0.0
10190,wind,2030,65,14,14,0.0
10191,wind,2030,65,15,15,-0.05063865542929459
10192,wind,2030,65,16,16,-0.05063865542929459
10193,wind,2030,65,17,17,-0.05063865542929459
10194,wind,2030,65,18,18,-0.05063865542929459
10195,wind,2030,65,19,19,-0.05063865542929459
10196,wind,2030,65,20,20,-0.05063865542929459
10197,wind,2030,65,21,21,-0.05063865542929459
10198,wind,2030,65,22,22,-0.05063865542929459
10199,wind,2030,65,23,23,-0.05063865542929459
10200,wind,2030,65,24,24,-0.05063865542929459
10201,wind,2030,66,1,1,-1.0332229198897933
10202,wind,2030,66,2,2,-1.0332229198897933
10203,wind,2030,66,3,3,-1.0332229198897933
10204,wind,2030,66,4,4,-1.0332229198897933
10205,wind,2030,66,5,5,-1.0332229198897933
10206,wind,2030,66,6,6,-1.0332229198897933
10207,wind,2030,66,7,7,-1.0332229198897933
10208,wind,2030,66,8,8,-1.0332229198897933
10209,wind,2030,66,9,9,-1.0332229198897933
10210,wind,2030,66,10,10,-1.0332229198897933
10211,wind,2030,66,11,11,-1.0332229198897933
10212,wind,2030,66,12,12,-1.0332229198897933
10213,wind,2030,66,13,13,-1.0332229198897933
10214,wind,2030,66,14,14,-1.0332229198897933
10215,wind,2030,66,15,15,-1.0332229198897933
10216,wind,2030,66,16,16,-1.0332229198897933
10217,wind,2030,66,17,17,-1.0332229198897933
10218,wind,2030,66,18,18,-1.0332229198897933
10219,wind,2030,66,19,19,-1.0332229198897933
10220,wind,2030,66,20,20,-1.0332229198897933
10221,wind,2030,66,21,21,-1.0332229198897933
10222,wind,2030,66,22,22,-1.0332229198897933
10223,wind,2030,66,23,23,-1.0332229198897933
10224,wind,2030,66,24,24,-1.0332229198897933
10225,wind,2030,67,1,1,-0.37975511123501304
10226,wind,2030,67,2,2,-0.37975511123501304
10227,wind,2030,67,3,3,-0.37975511123501304
10228,wind,2030,67,4,4,-0.37975511123501304
10229,wind,2030,67,5,5,-0.37975511123501304
10230,wind,2030,67,6,6,-0.37975511123501304
10231,wind,2030,67,7,7,-0.37975511123501304
10232,wind,2030,67,8,8,-0.37975511123501304
10233,wind,2030,67,9,9,-0.37975511123501304
10234,wind,2030,67,10,10,-0.37975511123501304
10235,wind,2030,67,11,11,-0.37975511123501304
10236,wind,2030,67,12,12,-0.37975511123501304
10237,wind,2030,67,13,13,-0.37975511123501304
10238,wind,2030,67,14,14,-0.37975511123501304
10239,wind,2030,67,15,15,-0.37975511123501304
10240,wind,2030,67,16,16,-0.37975511123501304
10241,wind,2030,67,17,17,-0.37975511123501304
10242,wind,2030,67,18,18,-0.37975511123501304
10243,wind,2030,67,19,19,-0.37975511123501304
10244,wind,2030,67,20,20,-0.5379864075829353
10245,wind,2030,67,21,21,-0.37975511123501304
10246,wind,2030,67,22,22,-0.37975511123501304
10247,wind,2030,67,23,23,-0.37975511123501304
10248,wind,2030,67,24,24,-0.37975511123501304
10249,wind,2030,68,1,1,-0.08971958517870858
10250,wind,2030,68,2,2,-0.08971958517870858
10251,wind,2030,68,3,3,-0.08971958517870858
10252,wind,2030,68,4,4,-0.08971958517870858
10253,wind,2030,68,5,5,-0.08971958517870858
10254,wind,2030,68,6,6,-0.08971958517870858
10255,wind,2030,68,7,7,-0.08971958517870858
10256,wind,2030,68,8,8,-0.08971958517870858
10257,wind,2030,68,9,9,-0.08971958517870858
10258,wind,2030,68,10,10,-0.08971958517870858
10259,wind,2030,68,11,11,-0.08971958517870858
10260,wind,2030,68,12,12,-0.08971958517870858
10261,wind,2030,68,13,13,-0.08971958517870858
10262,wind,2030,68,14,14,-0.08971958517870858
10263,wind,2030,68,15,15,-0.08971958517870858
10264,wind,2030,68,16,16,-0.08971958517870858
10265,wind,2030,68,17,17,-0.08971958517870858
10266,wind,2030,68,18,18,-0.08971958517870858
10267,wind,2030,68,19,19,-0.08971958517870858
10268,wind,2030,68,20,20,-0.08971958517870858
10269,wind,2030,68,21,21,-0.08971958517870858
10270,wind,2030,68,22,22,-0.08971958517870858
10271,wind,2030,68,23,23,-0.08971958517870858
10272,wind,2030,68,24,24,-0.08971958517870858
10273,wind,2030,69,1,1,-0.10529193334667279
10274,wind,2030,69,2,2,-0.10529193334667279
10275,wind,2030,69,3,3,-0.10529193334667279
10276,wind,2030,69,4,4,-0.10529193334667279
10277,wind,2030,69,5,5,-0.10529193334667279
10278,wind,2030,69,6,6,-0.10529193334667279
10279,wind,2030,69,7,7,-0.10529193334667279
10280,wind,2030,69,8,8,-0.10529193334667279
10281,wind,2030,69,9,9,-0.10529193334667279
10282,wind,2030,69,10,10,-0.10529193334667279
10283,wind,2030,69,11,11,-0.10529193334667279
10284,wind,2030,69,12,12,0.0
10285,wind,2030,69,13,13,0.0
10286,wind,2030,69,14,14,0.0
10287,wind,2030,69,15,15,0.0
10288,wind,2030,69,16,16,-0.10529193334667279
10289,wind,2030,69,17,17,-0.10529193334667279
10290,wind,2030,69,18,18,-0.10529193334667279
10291,wind,2030,69,19,19,-0.10529193334667279
10292,wind,2030,69,20,20,-0.10529193334667279
10293,wind,2030,69,21,21,-0.10529193334667279
10294,wind,2030,69,22,22,-0.10529193334667279
10295,wind,2030,69,23,23,-0.10529193334667279
10296,wind,2030,69,24,24,-0.10529193334667279
10297,wind,2030,70,1,1,-0.3949451280457914
10298,wind,2030,70,2,2,-0.3949451280457914
10299,wind,2030,70,3,3,-0.3949451280457914
10300,wind,2030,70,4,4,-0.3949451280457914
10301,wind,2030,70,5,5,-0.3949451280457914
10302,wind,2030,70,6,6,-0.3949451280457914
10303,wind,2030,70,7,7,-0.3949451280457914
10304,wind,2030,70,8,8,-0.3949451280457914
10305,wind,2030,70,9,9,-0.3949451280457914
10306,wind,2030,70,10,10,-0.3949451280457914
10307,wind,2030,70,11,11,-0.3949451280457914
10308,wind,2030,70,12,12,-0.3949451280457914
10309,wind,2030,70,13,13,-0.3949451280457914
10310,wind,2030,70,14,14,-0.3949451280457914
10311,wind,2030,70,15,15,-0.3949451280457914
10312,wind,2030,70,16,16,-0.3949451280457914
10313,wind,2030,70,17,17,-0.3949451280457914
10314,wind,2030,70,18,18,-0.3949451280457914
10315,wind,2030,70,19,19,-0.3949451280457914
10316,wind,2030,70,20,20,-0.3949451280457914
10317,wind,2030,70,21,21,-0.3949451280457914
10318,wind,2030,70,22,22,-0.3949451280457914
10319,wind,2030,70,23,23,-0.3949451280457914
10320,wind,2030,70,24,24,-0.3949451280457914
10321,wind,2030,71,1,1,-0.032502720859789225
10322,wind,2030,71,2,2,-0.032502720859789225
10323,wind,2030,71,3,3,-0.032502720859789225
10324,wind,2030,71,4,4,-0.032502720859789225
10325,wind,2030,71,5,5,-0.032502720859789225
10326,wind,2030,71,6,6,-0.032502720859789225
10327,wind,2030,71,7,7,-0.032502720859789225
10328,wind,2030,71,8,8,-0.032502720859789225
10329,wind,2030,71,9,9,-0.032502720859789225
10330,wind,2030,71,10,10,-0.032502720859789225
10331,wind,2030,71,11,11,-0.032502720859789225
10332,wind,2030,71,12,12,-0.032502720859789225
10333,wind,2030,71,13,13,-0.032502720859789225
10334,wind,2030,71,14,14,-0.032502720859789225
10335,wind,2030,71,15,15,-0.032502720859789225
10336,wind,2030,71,16,16,-0.032502720859789225
10337,wind,2030,71,17,17,-0.032502720859789225
10338,wind,2030,71,18,18,-0.032502720859789225
10339,wind,2030,71,19,19,-0.032502720859789225
10340,wind,2030,71,20,20,-0.032502720859789225
10341,wind,2030,71,21,21,-0.032502720859789225
10342,wind,2030,71,22,22,-0.032502720859789225
10343,wind,2030,71,23,23,-0.032502720859789225
10344,wind,2030,71,24,24,-0.032502720859789225
10345,wind,2030,72,1,1,0.0
10346,wind,2030,72,2,2,0.0
10347,wind,2030,72,3,3,0.0
10348,wind,2030,72,4,4,0.0
10349,wind,2030,72,5,5,0.0
10350,wind,2030,72,6,6,-0.15571973865061345
10351,wind,2030,72,7,7,-0.15571973865061345
10352,wind,2030,72,8,8,-0.15571973865061345
10353,wind,2030,72,9,9,-0.15571973865061345
10354,wind,2030,72,10,10,-0.15571973865061345
10355,wind,2030,72,11,11,-0.15571973865061345
10356,wind,2030,72,12,12,0.0
10357,wind,2030,72,13,13,0.0
10358,wind,2030,72,14,14,0.0
10359,wind,2030,72,15,15,0.0
10360,wind,2030,72,16,16,0.0
10361,wind,2030,72,17,17,-0.15571973865061345
10362,wind,2030,72,18,18,-0.15571973865061345
10363,wind,2030,72,19,19,-0.15571973865061345
10364,wind,2030,72,20,20,-0.15571973865061345
10365,wind,2030,72,21,21,-0.15571973865061345
10366,wind,2030,72,22,22,-0.15571973865061345
10367,wind,2030,72,23,23,-0.15571973865061345
10368,wind,2030,72,24,24,-0.15571973865061345
10369,wind,2030,73,1,1,-0.1681331202798405
10370,wind,2030,73,2,2,-0.1681331202798405
10371,wind,2030,73,3,3,-0.1681331202798405
10372,wind,2030,73,4,4,-0.1681331202798405
10373,wind,2030,73,5,5,-0.1681331202798405
10374,wind,2030,73,6,6,-0.1681331202798405
10375,wind,2030,73,7,7,-0.1681331202798405
10376,wind,2030,73,8,8,-0.1681331202798405
10377,wind,2030,73,9,9,-0.1681331202798405
10378,wind,2030,73,10,10,-0.1681331202798405
10379,wind,2030,73,11,11,-0.1681331202798405
10380,wind,2030,73,12,12,-0.1681331202798405
10381,wind,2030,73,13,13,-0.1681331202798405
10382,wind,2030,73,14,14,0.0
10383,wind,2030,73,15,15,-0.1681331202798405
10384,wind,2030,73,16,16,-0.1681331202798405
10385,wind,2030,73,17,17,-0.1681331202798405
10386,wind,2030,73,18,18,-0.1681331202798405
10387,wind,2030,73,19,19,-0.1681331202798405
10388,wind,2030,73,20,20,-0.1681331202798405
10389,wind,2030,73,21,21,-0.1681331202798405
10390,wind,2030,73,22,22,-0.1681331202798405
10391,wind,2030,73,23,23,-0.1681331202798405
10392,wind,2030,73,24,24,-0.1681331202798405
10393,wind,2030,74,1,1,-0.07763696148431302
10394,wind,2030,74,2,2,-0.07763696148431302
10395,wind,2030,74,3,3,-0.07763696148431302
10396,wind,2030,74,4,4,-0.07763696148431302
10397,wind,2030,74,5,5,-0.07763696148431302
10398,wind,2030,74,6,6,-0.07763696148431302
10399,wind,2030,74,7,7,-0.07763696148431302
10400,wind,2030,74,8,8,-0.07763696148431302
10401,wind,2030,74,9,9,-0.07763696148431302
10402,wind,2030,74,10,10,-0.07763696148431302
10403,wind,2030,74,11,11,-0.07763696148431302
10404,wind,2030,74,12,12,-0.07763696148431302
10405,wind,2030,74,13,13,-0.07763696148431302
10406,wind,2030,74,14,14,0.0
10407,wind,2030,74,15,15,-0.07763696148431302
10408,wind,2030,74,16,16,-0.07763696148431302
10409,wind,2030,74,17,17,-0.07763696148431302
10410,wind,2030,74,18,18,-0.07763696148431302
10411,wind,2030,74,19,19,-0.07763696148431302
10412,wind,2030,74,20,20,-0.07763696148431302
10413,wind,2030,74,21,21,-0.07763696148431302
10414,wind,2030,74,22,22,-0.07763696148431302
10415,wind,2030,74,23,23,-0.07763696148431302
10416,wind,2030,74,24,24,-0.07763696148431302
10417,wind,2030,75,1,1,-0.120298058514342
10418,wind,2030,75,2,2,-0.120298058514342
10419,wind,2030,75,3,3,-0.120298058514342
10420,wind,2030,75,4,4,-0.120298058514342
10421,wind,2030,75,5,5,-0.120298058514342
10422,wind,2030,75,6,6,-0.120298058514342
10423,wind,2030,75,7,7,-0.120298058514342
10424,wind,2030,75,8,8,-0.120298058514342
10425,wind,2030,75,9,9,-0.120298058514342
10426,wind,2030,75,10,10,-0.120298058514342
10427,wind,2030,75,11,11,-0.120298058514342
10428,wind,2030,75,12,12,-0.120298058514342
10429,wind,2030,75,13,13,-0.120298058514342
10430,wind,2030,75,14,14,-0.120298058514342
10431,wind,2030,75,15,15,-0.120298058514342
10432,wind,2030,75,16,16,-0.120298058514342
10433,wind,2030,75,17,17,-0.120298058514342
10434,wind,2030,75,18,18,-0.120298058514342
10435,wind,2030,75,19,19,-0.120298058514342
10436,wind,2030,75,20,20,-0.120298058514342
10437,wind,2030,75,21,21,-0.120298058514342
10438,wind,2030,75,22,22,-0.120298058514342
10439,wind,2030,75,23,23,-0.120298058514342
10440,wind,2030,75,24,24,-0.120298058514342
10441,wind,2030,76,1,1,-0.05249106957687391
10442,wind,2030,76,2,2,-0.05249106957687391
10443,wind,2030,76,3,3,-0.05249106957687391
10444,wind,2030,76,4,4,-0.05249106957687391
10445,wind,2030,76,5,5,-0.05249106957687391
10446,wind,2030,76,6,6,-0.05249106957687391
10447,wind,2030,76,7,7,-0.05249106957687391
10448,wind,2030,76,8,8,-0.05249106957687391
10449,wind,2030,76,9,9,-0.05249106957687391
10450,wind,2030,76,10,10,-0.05249106957687391
10451,wind,2030,76,11,11,-0.05249106957687391
10452,wind,2030,76,12,12,-0.05249106957687391
10453,wind,2030,76,13,13,-0.05249106957687391
10454,wind,2030,76,14,14,-0.05249106957687391
10455,wind,2030,76,15,15,-0.05249106957687391
10456,wind,2030,76,16,16,-0.05249106957687391
10457,wind,2030,76,17,17,-0.05249106957687391
10458,wind,2030,76,18,18,-0.05249106957687391
10459,wind,2030,76,19,19,-0.05249106957687391
10460,wind,2030,76,20,20,-0.05249106957687391
10461,wind,2030,76,21,21,-0.05249106957687391
10462,wind,2030,76,22,22,-0.05249106957687391
10463,wind,2030,76,23,23,-0.05249106957687391
10464,wind,2030,76,24,24,-0.05249106957687391
10465,wind,2030,77,1,1,-0.04565718350065758
10466,wind,2030,77,2,2,-0.04565718350065758
10467,wind,2030,77,3,3,-0.04565718350065758
10468,wind,2030,77,4,4,-0.04565718350065758
10469,wind,2030,77,5,5,-0.04565718350065758
10470,wind,2030,77,6,6,-0.04565718350065758
10471,wind,2030,77,7,7,-0.04565718350065758
10472,wind,2030,77,8,8,-0.04565718350065758
10473,wind,2030,77,9,9,-0.04565718350065758
10474,wind,2030,77,10,10,-0.04565718350065758
10475,wind,2030,77,11,11,-0.04565718350065758
10476,wind,2030,77,12,12,-0.04565718350065758
10477,wind,2030,77,13,13,-0.04565718350065758
10478,wind,2030,77,14,14,-0.04565718350065758
10479,wind,2030,77,15,15,-0.04565718350065758
10480,wind,2030,77,16,16,-0.04565718350065758
10481,wind,2030,77,17,17,-0.04565718350065758
10482,wind,2030,77,18,18,-0.04565718350065758
10483,wind,2030,77,19,19,-0.04565718350065758
10484,wind,2030,77,20,20,-0.04565718350065758
10485,wind,2030,77,21,21,-0.04565718350065758
10486,wind,2030,77,22,22,-0.04565718350065758
10487,wind,2030,77,23,23,-0.04565718350065758
10488,wind,2030,77,24,24,-0.04565718350065758
10489,wind,2030,78,1,1,-0.09018659333590757
10490,wind,2030,78,2,2,-0.09018659333590757
10491,wind,2030,78,3,3,-0.09018659333590757
10492,wind,2030,78,4,4,-0.09018659333590757
10493,wind,2030,78,5,5,-0.09018659333590757
10494,wind,2030,78,6,6,-0.09018659333590757
10495,wind,2030,78,7,7,-0.09018659333590757
10496,wind,2030,78,8,8,-0.09018659333590757
10497,wind,2030,78,9,9,-0.09018659333590757
10498,wind,2030,78,10,10,-0.09018659333590757
10499,wind,2030,78,11,11,-0.09018659333590757
10500,wind,2030,78,12,12,-0.09018659333590757
10501,wind,2030,78,13,13,-0.09018659333590757
10502,wind,2030,78,14,14,-0.09018659333590757
10503,wind,2030,78,15,15,-0.09018659333590757
10504,wind,2030,78,16,16,-0.09018659333590757
10505,wind,2030,78,17,17,-0.09018659333590757
10506,wind,2030,78,18,18,-0.09018659333590757
10507,wind,2030,78,19,19,-0.09018659333590757
10508,wind,2030,78,20,20,-0.09018659333590757
10509,wind,2030,78,21,21,-0.09018659333590757
10510,wind,2030,78,22,22,-0.09018659333590757
10511,wind,2030,78,23,23,-0.09018659333590757
10512,wind,2030,78,24,24,-0.09018659333590757
10513,wind,2030,79,1,1,-0.24590711128953027
10514,wind,2030,79,2,2,-0.24590711128953027
10515,wind,2030,79,3,3,-0.24590711128953027
10516,wind,2030,79,4,4,-0.24590711128953027
10517,wind,2030,79,5,5,-0.24590711128953027
10518,wind,2030,79,6,6,-0.24590711128953027
10519,wind,2030,79,7,7,-0.24590711128953027
10520,wind,2030,79,8,8,-0.24590711128953027
10521,wind,2030,79,9,9,-0.24590711128953027
10522,wind,2030,79,10,10,-0.24590711128953027
10523,wind,2030,79,11,11,-0.24590711128953027
10524,wind,2030,79,12,12,-0.24590711128953027
10525,wind,2030,79,13,13,-0.24590711128953027
10526,wind,2030,79,14,14,0.0
10527,wind,2030,79,15,15,0.0
10528,wind,2030,79,16,16,-0.24590711128953027
10529,wind,2030,79,17,17,-0.24590711128953027
10530,wind,2030,79,18,18,-0.24590711128953027
10531,wind,2030,79,19,19,-0.24590711128953027
10532,wind,2030,79,20,20,-0.24590711128953027
10533,wind,2030,79,21,21,-0.24590711128953027
10534,wind,2030,79,22,22,-0.24590711128953027
10535,wind,2030,79,23,23,-0.24590711128953027
10536,wind,2030,79,24,24,-0.24590711128953027
10537,wind,2030,80,1,1,-0.0491396750890072
10538,wind,2030,80,2,2,-0.0491396750890072
10539,wind,2030,80,3,3,-0.0491396750890072
10540,wind,2030,80,4,4,-0.0491396750890072
10541,wind,2030,80,5,5,-0.0491396750890072
10542,wind,2030,80,6,6,-0.0491396750890072
10543,wind,2030,80,7,7,-0.0491396750890072
10544,wind,2030,80,8,8,-0.0491396750890072
10545,wind,2030,80,9,9,-0.0491396750890072
10546,wind,2030,80,10,10,-0.0491396750890072
10547,wind,2030,80,11,11,-0.0491396750890072
10548,wind,2030,80,12,12,-0.0491396750890072
10549,wind,2030,80,13,13,0.0
10550,wind,2030,80,14,14,0.0
10551,wind,2030,80,15,15,-0.0491396750890072
10552,wind,2030,80,16,16,-0.0491396750890072
10553,wind,2030,80,17,17,-0.0491396750890072
10554,wind,2030,80,18,18,-0.0491396750890072
10555,wind,2030,80,19,19,-0.0491396750890072
10556,wind,2030,80,20,20,-0.0491396750890072
10557,wind,2030,80,21,21,-0.0491396750890072
10558,wind,2030,80,22,22,-0.0491396750890072
10559,wind,2030,80,23,23,-0.0491396750890072
10560,wind,2030,80,24,24,-0.0491396750890072
10561,wind,2030,81,1,1,-0.09629466012746347
10562,wind,2030,81,2,2,-0.09629466012746347
10563,wind,2030,81,3,3,-0.09629466012746347
10564,wind,2030,81,4,4,-0.09629466012746347
10565,wind,2030,81,5,5,-0.09629466012746347
10566,wind,2030,81,6,6,-0.09629466012746347
10567,wind,2030,81,7,7,-0.09629466012746347
10568,wind,2030,81,8,8,-0.09629466012746347
10569,wind,2030,81,9,9,-0.09629466012746347
10570,wind,2030,81,10,10,-0.09629466012746347
10571,wind,2030,81,11,11,-0.09629466012746347
10572,wind,2030,81,12,12,-0.09629466012746347
10573,wind,2030,81,13,13,-0.09629466012746347
10574,wind,2030,81,14,14,-0.09629466012746347
10575,wind,2030,81,15,15,-0.09629466012746347
10576,wind,2030,81,16,16,-0.09629466012746347
10577,wind,2030,81,17,17,-0.09629466012746347
10578,wind,2030,81,18,18,-0.09629466012746347
10579,wind,2030,81,19,19,-0.09629466012746347
10580,wind,2030,81,20,20,-0.09629466012746347
10581,wind,2030,81,21,21,-0.09629466012746347
10582,wind,2030,81,22,22,-0.09629466012746347
10583,wind,2030,81,23,23,-0.09629466012746347
10584,wind,2030,81,24,24,-0.09629466012746347
10585,wind,2030,82,1,1,-0.07385658563521517
10586,wind,2030,82,2,2,-0.07385658563521517
10587,wind,2030,82,3,3,-0.07385658563521517
10588,wind,2030,82,4,4,-0.07385658563521517
10589,wind,2030,82,5,5,-0.07385658563521517
10590,wind,2030,82,6,6,-0.07385658563521517
10591,wind,2030,82,7,7,-0.07385658563521517
10592,wind,2030,82,8,8,-0.07385658563521517
10593,wind,2030,82,9,9,-0.07385658563521517
10594,wind,2030,82,10,10,-0.07385658563521517
10595,wind,2030,82,11,11,-0.07385658563521517
10596,wind,2030,82,12,12,0.0
10597,wind,2030,82,13,13,0.0
10598,wind,2030,82,14,14,0.0
10599,wind,2030,82,15,15,-0.07385658563521517
10600,wind,2030,82,16,16,-0.07385658563521517
10601,wind,2030,82,17,17,-0.07385658563521517
10602,wind,2030,82,18,18,-0.07385658563521517
10603,wind,2030,82,19,19,-0.07385658563521517
10604,wind,2030,82,20,20,-0.07385658563521517
10605,wind,2030,82,21,21,-0.07385658563521517
10606,wind,2030,82,22,22,-0.07385658563521517
10607,wind,2030,82,23,23,-0.07385658563521517
10608,wind,2030,82,24,24,-0.07385658563521517
10609,wind,2030,83,1,1,-0.08916148973572766
10610,wind,2030,83,2,2,-0.08916148973572766
10611,wind,2030,83,3,3,-0.08916148973572766
10612,wind,2030,83,4,4,-0.08916148973572766
10613,wind,2030,83,5,5,-0.08916148973572766
10614,wind,2030,83,6,6,-0.08916148973572766
10615,wind,2030,83,7,7,-0.08916148973572766
10616,wind,2030,83,8,8,-0.08916148973572766
10617,wind,2030,83,9,9,-0.08916148973572766
10618,wind,2030,83,10,10,-0.08916148973572766
10619,wind,2030,83,11,11,-0.08916148973572766
10620,wind,2030,83,12,12,-0.08916148973572766
10621,wind,2030,83,13,13,0.0
10622,wind,2030,83,14,14,0.0
10623,wind,2030,83,15,15,0.0
10624,wind,2030,83,16,16,0.0
10625,wind,2030,83,17,17,-0.08916148973572766
10626,wind,2030,83,18,18,-0.08916148973572766
10627,wind,2030,83,19,19,-0.08916148973572766
10628,wind,2030,83,20,20,-0.08916148973572766
10629,wind,2030,83,21,21,-0.08916148973572766
10630,wind,2030,83,22,22,-0.08916148973572766
10631,wind,2030,83,23,23,-0.08916148973572766
10632,wind,2030,83,24,24,-0.08916148973572766
10633,wind,2030,84,1,1,-0.03231659649678656
10634,wind,2030,84,2,2,-0.03231659649678656
10635,wind,2030,84,3,3,-0.03231659649678656
10636,wind,2030,84,4,4,-0.03231659649678656
10637,wind,2030,84,5,5,-0.03231659649678656
10638,wind,2030,84,6,6,-0.03231659649678656
10639,wind,2030,84,7,7,-0.03231659649678656
10640,wind,2030,84,8,8,-0.03231659649678656
10641,wind,2030,84,9,9,-0.03231659649678656
10642,wind,2030,84,10,10,-0.03231659649678656
10643,wind,2030,84,11,11,-0.03231659649678656
10644,wind,2030,84,12,12,-0.03231659649678656
10645,wind,2030,84,13,13,-0.03231659649678656
10646,wind,2030,84,14,14,-0.03231659649678656
10647,wind,2030,84,15,15,-0.03231659649678656
10648,wind,2030,84,16,16,-0.03231659649678656
10649,wind,2030,84,17,17,-0.03231659649678656
10650,wind,2030,84,18,18,-0.03231659649678656
10651,wind,2030,84,19,19,-0.03231659649678656
10652,wind,2030,84,20,20,-0.03231659649678656
10653,wind,2030,84,21,21,-0.03231659649678656
10654,wind,2030,84,22,22,-0.03231659649678656
10655,wind,2030,84,23,23,-0.03231659649678656
10656,wind,2030,84,24,24,-0.03231659649678656
10657,wind,2030,85,1,1,-0.18124045137718015
10658,wind,2030,85,2,2,-0.18124045137718015
10659,wind,2030,85,3,3,-0.18124045137718015
10660,wind,2030,85,4,4,-0.18124045137718015
10661,wind,2030,85,5,5,-0.18124045137718015
10662,wind,2030,85,6,6,-0.18124045137718015
10663,wind,2030,85,7,7,-0.18124045137718015
10664,wind,2030,85,8,8,-0.18124045137718015
10665,wind,2030,85,9,9,-0.18124045137718015
10666,wind,2030,85,10,10,-0.18124045137718015
10667,wind,2030,85,11,11,-0.18124045137718015
10668,wind,2030,85,12,12,-0.18124045137718015
10669,wind,2030,85,13,13,-0.18124045137718015
10670,wind,2030,85,14,14,-0.18124045137718015
10671,wind,2030,85,15,15,-0.18124045137718015
10672,wind,2030,85,16,16,-0.18124045137718015
10673,wind,2030,85,17,17,-0.18124045137718015
10674,wind,2030,85,18,18,-0.18124045137718015
10675,wind,2030,85,19,19,-0.18124045137718015
10676,wind,2030,85,20,20,-0.18124045137718015
10677,wind,2030,85,21,21,-0.18124045137718015
10678,wind,2030,85,22,22,-0.18124045137718015
10679,wind,2030,85,23,23,-0.18124045137718015
10680,wind,2030,85,24,24,-0.18124045137718015
10681,wind,2030,86,1,1,-0.1895299621448211
10682,wind,2030,86,2,2,-0.1895299621448211
10683,wind,2030,86,3,3,-0.1895299621448211
10684,wind,2030,86,4,4,-0.1895299621448211
10685,wind,2030,86,5,5,-0.1895299621448211
10686,wind,2030,86,6,6,-0.1895299621448211
10687,wind,2030,86,7,7,-0.1895299621448211
10688,wind,2030,86,8,8,-0.1895299621448211
10689,wind,2030,86,9,9,-0.1895299621448211
10690,wind,2030,86,10,10,-0.1895299621448211
10691,wind,2030,86,11,11,-0.1895299621448211
10692,wind,2030,86,12,12,-0.1895299621448211
10693,wind,2030,86,13,13,-0.1895299621448211
10694,wind,2030,86,14,14,-0.1895299621448211
10695,wind,2030,86,15,15,-0.1895299621448211
10696,wind,2030,86,16,16,-0.1895299621448211
10697,wind,2030,86,17,17,-0.1895299621448211
10698,wind,2030,86,18,18,-0.1895299621448211
10699,wind,2030,86,19,19,-0.1895299621448211
10700,wind,2030,86,20,20,-0.1895299621448211
10701,wind,2030,86,21,21,-0.1895299621448211
10702,wind,2030,86,22,22,-0.1895299621448211
10703,wind,2030,86,23,23,-0.1895299621448211
10704,wind,2030,86,24,24,-0.1895299621448211
10705,wind,2030,87,1,1,-0.10723717174640562
10706,wind,2030,87,2,2,-0.10723717174640562
10707,wind,2030,87,3,3,-0.10723717174640562
10708,wind,2030,87,4,4,-0.10723717174640562
10709,wind,2030,87,5,5,-0.10723717174640562
10710,wind,2030,87,6,6,-0.10723717174640562
10711,wind,2030,87,7,7,-0.10723717174640562
10712,wind,2030,87,8,8,-0.10723717174640562
10713,wind,2030,87,9,9,-0.10723717174640562
10714,wind,2030,87,10,10,-0.10723717174640562
10715,wind,2030,87,11,11,-0.10723717174640562
10716,wind,2030,87,12,12,-0.10723717174640562
10717,wind,2030,87,13,13,-0.10723717174640562
10718,wind,2030,87,14,14,-0.10723717174640562
10719,wind,2030,87,15,15,-0.10723717174640562
10720,wind,2030,87,16,16,-0.10723717174640562
10721,wind,2030,87,17,17,-0.10723717174640562
10722,wind,2030,87,18,18,-0.10723717174640562
10723,wind,2030,87,19,19,-0.10723717174640562
10724,wind,2030,87,20,20,-0.10723717174640562
10725,wind,2030,87,21,21,-0.10723717174640562
10726,wind,2030,87,22,22,-0.10723717174640562
10727,wind,2030,87,23,23,-0.10723717174640562
10728,wind,2030,87,24,24,-0.10723717174640562
10729,wind,2030,88,1,1,-0.6500444273389803
10730,wind,2030,88,2,2,-0.6500444273389803
10731,wind,2030,88,3,3,-0.6500444273389803
10732,wind,2030,88,4,4,-0.6500444273389803
10733,wind,2030,88,5,5,-0.6500444273389803
10734,wind,2030,88,6,6,-0.6500444273389803
10735,wind,2030,88,7,7,-0.6500444273389803
10736,wind,2030,88,8,8,-0.6500444273389803
10737,wind,2030,88,9,9,-0.6500444273389803
10738,wind,2030,88,10,10,-0.6500444273389803
10739,wind,2030,88,11,11,-0.6500444273389803
10740,wind,2030,88,12,12,-0.6500444273389803
10741,wind,2030,88,13,13,-0.6500444273389803
10742,wind,2030,88,14,14,-0.6500444273389803
10743,wind,2030,88,15,15,-0.6500444273389803
10744,wind,2030,88,16,16,-0.6500444273389803
10745,wind,2030,88,17,17,-0.6500444273389803
10746,wind,2030,88,18,18,-0.6500444273389803
10747,wind,2030,88,19,19,-0.6500444273389803
10748,wind,2030,88,20,20,-0.6500444273389803
10749,wind,2030,88,21,21,-0.6500444273389803
10750,wind,2030,88,22,22,-0.6500444273389803
10751,wind,2030,88,23,23,-0.6500444273389803
10752,wind,2030,88,24,24,-0.6500444273389803
10753,wind,2030,89,1,1,-0.19998247107035855
10754,wind,2030,89,2,2,-0.19998247107035855
10755,wind,2030,89,3,3,-0.19998247107035855
10756,wind,2030,89,4,4,-0.19998247107035855
10757,wind,2030,89,5,5,-0.19998247107035855
10758,wind,2030,89,6,6,-0.19998247107035855
10759,wind,2030,89,7,7,-0.19998247107035855
10760,wind,2030,89,8,8,-0.19998247107035855
10761,wind,2030,89,9,9,-0.19998247107035855
10762,wind,2030,89,10,10,-0.19998247107035855
10763,wind,2030,89,11,11,-0.012865153022982639
10764,wind,2030,89,12,12,0.0
10765,wind,2030,89,13,13,0.0
10766,wind,2030,89,14,14,0.0
10767,wind,2030,89,15,15,0.0
10768,wind,2030,89,16,16,0.0
10769,wind,2030,89,17,17,-0.19998247107035855
10770,wind,2030,89,18,18,-0.19998247107035855
10771,wind,2030,89,19,19,-0.19998247107035855
10772,wind,2030,89,20,20,-0.19998247107035855
10773,wind,2030,89,21,21,-0.19998247107035855
10774,wind,2030,89,22,22,-0.19998247107035855
10775,wind,2030,89,23,23,-0.19998247107035855
10776,wind,2030,89,24,24,-0.19998247107035855
10777,wind,2030,90,1,1,-2.262950083013878
10778,wind,2030,90,2,2,-2.262950083013878
10779,wind,2030,90,3,3,-2.262950083013878
10780,wind,2030,90,4,4,-2.262950083013878
10781,wind,2030,90,5,5,-2.262950083013878
10782,wind,2030,90,6,6,-2.262950083013878
10783,wind,2030,90,7,7,-2.262950083013878
10784,wind,2030,90,8,8,-2.262950083013878
10785,wind,2030,90,9,9,-2.262950083013878
10786,wind,2030,90,10,10,-2.262950083013878
10787,wind,2030,90,11,11,0.0
10788,wind,2030,90,12,12,0.0
10789,wind,2030,90,13,13,0.0
10790,wind,2030,90,14,14,0.0
10791,wind,2030,90,15,15,0.0
10792,wind,2030,90,16,16,0.0
10793,wind,2030,90,17,17,0.0
10794,wind,2030,90,18,18,-2.262950083013878
10795,wind,2030,90,19,19,-2.262950083013878
10796,wind,2030,90,20,20,-2.262950083013878
10797,wind,2030,90,21,21,-2.262950083013878
10798,wind,2030,90,22,22,-2.262950083013878
10799,wind,2030,90,23,23,-2.262950083013878
10800,wind,2030,90,24,24,-0.7416932857548195
10801,wind_offshore,2030,1,1,1,-0.02737159802274118
10802,wind_offshore,2030,1,2,2,-0.02737159802274118
10803,wind_offshore,2030,1,3,3,-0.02737159802274118
10804,wind_offshore,2030,1,4,4,-0.02737159802274118
10805,wind_offshore,2030,1,5,5,-0.02737159802274118
10806,wind_offshore,2030,1,6,6,-0.02737159802274118
10807,wind_offshore,2030,1,7,7,-0.02737159802274118
10808,wind_offshore,2030,1,8,8,-0.03927229281523734
10809,wind_offshore,2030,1,9,9,-0.03927229281523734
10810,wind_offshore,2030,1,10,10,-0.03927229281523734
10811,wind_offshore,2030,1,11,11,-0.03927229281523734
10812,wind_offshore,2030,1,12,12,-0.03927229281523734
10813,wind_offshore,2030,1,13,13,-0.02737159802274118
10814,wind_offshore,2030,1,14,14,-0.02737159802274118
10815,wind_offshore,2030,1,15,15,-0.02737159802274118
10816,wind_offshore,2030,1,16,16,-0.02737159802274118
10817,wind_offshore,2030,1,17,17,-0.03927229281523734
10818,wind_offshore,2030,1,18,18,-0.03927229281523734
10819,wind_offshore,2030,1,19,19,-0.03927229281523734
10820,wind_offshore,2030,1,20,20,-0.03927229281523734
10821,wind_offshore,2030,1,21,21,-0.03927229281523734
10822,wind_offshore,2030,1,22,22,-0.03927229281523734
10823,wind_offshore,2030,1,23,23,-0.03927229281523734
10824,wind_offshore,2030,1,24,24,-0.02737159802274118
10825,wind_offshore,2030,2,1,1,-0.023
10826,wind_offshore,2030,2,2,2,-0.023
10827,wind_offshore,2030,2,3,3,-0.023
10828,wind_offshore,2030,2,4,4,-0.023
10829,wind_offshore,2030,2,5,5,-0.023
10830,wind_offshore,2030,2,6,6,-0.023
10831,wind_offshore,2030,2,7,7,-0.023
10832,wind_offshore,2030,2,8,8,-0.023
10833,wind_offshore,2030,2,9,9,-0.023
10834,wind_offshore,2030,2,10,10,-0.023
10835,wind_offshore,2030,2,11,11,-0.023
10836,wind_offshore,2030,2,12,12,-0.023
10837,wind_offshore,2030,2,13,13,-0.023
10838,wind_offshore,2030,2,14,14,-0.023
10839,wind_offshore,2030,2,15,15,-0.023
10840,wind_offshore,2030,2,16,16,-0.023
10841,wind_offshore,2030,2,17,17,-0.023
10842,wind_offshore,2030,2,18,18,-0.023
10843,wind_offshore,2030,2,19,19,-0.033
10844,wind_offshore,2030,2,20,20,-0.033
10845,wind_offshore,2030,2,21,21,-0.033
10846,wind_offshore,2030,2,22,22,-0.033
10847,wind_offshore,2030,2,23,23,-0.023
10848,wind_offshore,2030,2,24,24,-0.023
10849,wind_offshore,2030,3,1,1,-0.023634364049114193
10850,wind_offshore,2030,3,2,2,-0.023634364049114193
10851,wind_offshore,2030,3,3,3,-0.023634364049114193
10852,wind_offshore,2030,3,4,4,-0.023634364049114193
10853,wind_offshore,2030,3,5,5,-0.023634364049114193
10854,wind_offshore,2030,3,6,6,-0.023634364049114193
10855,wind_offshore,2030,3,7,7,-0.023634364049114193
10856,wind_offshore,2030,3,8,8,-0.023634364049114193
10857,wind_offshore,2030,3,9,9,-0.023634364049114193
10858,wind_offshore,2030,3,10,10,-0.023634364049114193
10859,wind_offshore,2030,3,11,11,-0.023634364049114193
10860,wind_offshore,2030,3,12,12,-0.023634364049114193
10861,wind_offshore,2030,3,13,13,-0.023634364049114193
10862,wind_offshore,2030,3,14,14,-0.023634364049114193
10863,wind_offshore,2030,3,15,15,-0.023634364049114193
10864,wind_offshore,2030,3,16,16,-0.023634364049114193
10865,wind_offshore,2030,3,17,17,-0.023634364049114193
10866,wind_offshore,2030,3,18,18,-0.033910174505250794
10867,wind_offshore,2030,3,19,19,-0.033910174505250794
10868,wind_offshore,2030,3,20,20,-0.033910174505250794
10869,wind_offshore,2030,3,21,21,-0.033910174505250794
10870,wind_offshore,2030,3,22,22,-0.033910174505250794
10871,wind_offshore,2030,3,23,23,-0.023634364049114193
10872,wind_offshore,2030,3,24,24,-0.023634364049114193
10873,wind_offshore,2030,4,1,1,-0.023318509715229425
10874,wind_offshore,2030,4,2,2,-0.023318509715229425
10875,wind_offshore,2030,4,3,3,-0.023318509715229425
10876,wind_offshore,2030,4,4,4,-0.023318509715229425
10877,wind_offshore,2030,4,5,5,-0.023318509715229425
10878,wind_offshore,2030,4,6,6,-0.023318509715229425
10879,wind_offshore,2030,4,7,7,-0.023318509715229425
10880,wind_offshore,2030,4,8,8,-0.023318509715229425
10881,wind_offshore,2030,4,9,9,-0.023318509715229425
10882,wind_offshore,2030,4,10,10,-0.023318509715229425
10883,wind_offshore,2030,4,11,11,-0.023318509715229425
10884,wind_offshore,2030,4,12,12,-0.023318509715229425
10885,wind_offshore,2030,4,13,13,-0.023318509715229425
10886,wind_offshore,2030,4,14,14,-0.023318509715229425
10887,wind_offshore,2030,4,15,15,-0.023318509715229425
10888,wind_offshore,2030,4,16,16,-0.023318509715229425
10889,wind_offshore,2030,4,17,17,-0.023318509715229425
10890,wind_offshore,2030,4,18,18,-0.023318509715229425
10891,wind_offshore,2030,4,19,19,-0.033456992200111786
10892,wind_offshore,2030,4,20,20,-0.033456992200111786
10893,wind_offshore,2030,4,21,21,-0.033456992200111786
10894,wind_offshore,2030,4,22,22,-0.023318509715229425
10895,wind_offshore,2030,4,23,23,-0.023318509715229425
10896,wind_offshore,2030,4,24,24,-0.023318509715229425
10897,wind_offshore,2030,5,1,1,-0.04086278042539337
10898,wind_offshore,2030,5,2,2,-0.04086278042539337
10899,wind_offshore,2030,5,3,3,-0.04086278042539337
10900,wind_offshore,2030,5,4,4,-0.04086278042539337
10901,wind_offshore,2030,5,5,5,-0.04086278042539337
10902,wind_offshore,2030,5,6,6,-0.04086278042539337
10903,wind_offshore,2030,5,7,7,-0.04086278042539337
10904,wind_offshore,2030,5,8,8,-0.04086278042539337
10905,wind_offshore,2030,5,9,9,-0.04086278042539337
10906,wind_offshore,2030,5,10,10,-0.04086278042539337
10907,wind_offshore,2030,5,11,11,-0.04086278042539337
10908,wind_offshore,2030,5,12,12,-0.04086278042539337
10909,wind_offshore,2030,5,13,13,-0.04086278042539337
10910,wind_offshore,2030,5,14,14,-0.04086278042539337
10911,wind_offshore,2030,5,15,15,-0.04086278042539337
10912,wind_offshore,2030,5,16,16,-0.04086278042539337
10913,wind_offshore,2030,5,17,17,-0.04086278042539337
10914,wind_offshore,2030,5,18,18,-0.04086278042539337
10915,wind_offshore,2030,5,19,19,-0.04086278042539337
10916,wind_offshore,2030,5,20,20,-0.05862920669730353
10917,wind_offshore,2030,5,21,21,-0.05862920669730353
10918,wind_offshore,2030,5,22,22,-0.04086278042539337
10919,wind_offshore,2030,5,23,23,-0.04086278042539337
10920,wind_offshore,2030,5,24,24,-0.04086278042539337
10921,wind_offshore,2030,6,1,1,-0.06378519796688147
10922,wind_offshore,2030,6,2,2,-0.06378519796688147
10923,wind_offshore,2030,6,3,3,-0.06378519796688147
10924,wind_offshore,2030,6,4,4,-0.06378519796688147
10925,wind_offshore,2030,6,5,5,-0.06378519796688147
10926,wind_offshore,2030,6,6,6,-0.06378519796688147
10927,wind_offshore,2030,6,7,7,-0.06378519796688147
10928,wind_offshore,2030,6,8,8,-0.06378519796688147
10929,wind_offshore,2030,6,9,9,-0.06378519796688147
10930,wind_offshore,2030,6,10,10,-0.06378519796688147
10931,wind_offshore,2030,6,11,11,-0.06378519796688147
10932,wind_offshore,2030,6,12,12,-0.06378519796688147
10933,wind_offshore,2030,6,13,13,-0.06378519796688147
10934,wind_offshore,2030,6,14,14,-0.06378519796688147
10935,wind_offshore,2030,6,15,15,-0.06378519796688147
10936,wind_offshore,2030,6,16,16,-0.06378519796688147
10937,wind_offshore,2030,6,17,17,-0.06378519796688147
10938,wind_offshore,2030,6,18,18,-0.06378519796688147
10939,wind_offshore,2030,6,19,19,-0.0915178927350908
10940,wind_offshore,2030,6,20,20,-0.0915178927350908
10941,wind_offshore,2030,6,21,21,-0.0915178927350908
10942,wind_offshore,2030,6,22,22,-0.06378519796688147
10943,wind_offshore,2030,6,23,23,-0.06378519796688147
10944,wind_offshore,2030,6,24,24,-0.06378519796688147
10945,wind_offshore,2030,7,1,1,-0.04995079108775436
10946,wind_offshore,2030,7,2,2,-0.04995079108775436
10947,wind_offshore,2030,7,3,3,-0.04995079108775436
10948,wind_offshore,2030,7,4,4,-0.04995079108775436
10949,wind_offshore,2030,7,5,5,-0.04995079108775436
10950,wind_offshore,2030,7,6,6,-0.04995079108775436
10951,wind_offshore,2030,7,7,7,-0.04995079108775436
10952,wind_offshore,2030,7,8,8,-0.04995079108775436
10953,wind_offshore,2030,7,9,9,-0.07166852634329973
10954,wind_offshore,2030,7,10,10,-0.04995079108775436
10955,wind_offshore,2030,7,11,11,-0.04995079108775436
10956,wind_offshore,2030,7,12,12,-0.04995079108775436
10957,wind_offshore,2030,7,13,13,-0.04995079108775436
10958,wind_offshore,2030,7,14,14,-0.04995079108775436
10959,wind_offshore,2030,7,15,15,-0.04995079108775436
10960,wind_offshore,2030,7,16,16,-0.04995079108775436
10961,wind_offshore,2030,7,17,17,-0.04995079108775436
10962,wind_offshore,2030,7,18,18,-0.07166852634329973
10963,wind_offshore,2030,7,19,19,-0.07166852634329973
10964,wind_offshore,2030,7,20,20,-21.71339170849426
10965,wind_offshore,2030,7,21,21,-21.71339170849426
10966,wind_offshore,2030,7,22,22,-0.07166852634329973
10967,wind_offshore,2030,7,23,23,-0.07166852634329973
10968,wind_offshore,2030,7,24,24,-0.07166852634329973
10969,wind_offshore,2030,8,1,1,-0.0258409564924051
10970,wind_offshore,2030,8,2,2,-0.0258409564924051
10971,wind_offshore,2030,8,3,3,-0.0258409564924051
10972,wind_offshore,2030,8,4,4,-0.0258409564924051
10973,wind_offshore,2030,8,5,5,-0.0258409564924051
10974,wind_offshore,2030,8,6,6,-0.0258409564924051
10975,wind_offshore,2030,8,7,7,-0.0258409564924051
10976,wind_offshore,2030,8,8,8,-0.0258409564924051
10977,wind_offshore,2030,8,9,9,-0.0258409564924051
10978,wind_offshore,2030,8,10,10,-0.0258409564924051
10979,wind_offshore,2030,8,11,11,-0.0258409564924051
10980,wind_offshore,2030,8,12,12,-0.0258409564924051
10981,wind_offshore,2030,8,13,13,-0.0258409564924051
10982,wind_offshore,2030,8,14,14,-0.0258409564924051
10983,wind_offshore,2030,8,15,15,-0.0258409564924051
10984,wind_offshore,2030,8,16,16,-0.0258409564924051
10985,wind_offshore,2030,8,17,17,-0.0258409564924051
10986,wind_offshore,2030,8,18,18,-0.0258409564924051
10987,wind_offshore,2030,8,19,19,-0.037076154967363835
10988,wind_offshore,2030,8,20,20,-0.037076154967363835
10989,wind_offshore,2030,8,21,21,-0.037076154967363835
10990,wind_offshore,2030,8,22,22,-0.0258409564924051
10991,wind_offshore,2030,8,23,23,-0.0258409564924051
10992,wind_offshore,2030,8,24,24,-0.0258409564924051
10993,wind_offshore,2030,9,1,1,-0.06470520361339469
10994,wind_offshore,2030,9,2,2,-0.06470520361339469
10995,wind_offshore,2030,9,3,3,-0.06470520361339469
10996,wind_offshore,2030,9,4,4,-0.06470520361339469
10997,wind_offshore,2030,9,5,5,-0.06470520361339469
10998,wind_offshore,2030,9,6,6,-0.06470520361339469
10999,wind_offshore,2030,9,7,7,-0.06470520361339469
11000,wind_offshore,2030,9,8,8,-0.06470520361339469
11001,wind_offshore,2030,9,9,9,-0.06470520361339469
11002,wind_offshore,2030,9,10,10,-0.06470520361339469
11003,wind_offshore,2030,9,11,11,-0.06470520361339469
11004,wind_offshore,2030,9,12,12,-0.06470520361339469
11005,wind_offshore,2030,9,13,13,-0.06470520361339469
11006,wind_offshore,2030,9,14,14,-0.06470520361339469
11007,wind_offshore,2030,9,15,15,-0.06470520361339469
11008,wind_offshore,2030,9,16,16,-0.06470520361339469
11009,wind_offshore,2030,9,17,17,-0.06470520361339469
11010,wind_offshore,2030,9,18,18,-0.06470520361339469
11011,wind_offshore,2030,9,19,19,-0.06470520361339469
11012,wind_offshore,2030,9,20,20,-0.06470520361339469
11013,wind_offshore,2030,9,21,21,-0.06470520361339469
11014,wind_offshore,2030,9,22,22,-0.06470520361339469
11015,wind_offshore,2030,9,23,23,-0.06470520361339469
11016,wind_offshore,2030,9,24,24,-0.06470520361339469
11017,wind_offshore,2030,10,1,1,-0.02406162615623656
11018,wind_offshore,2030,10,2,2,-0.02406162615623656
11019,wind_offshore,2030,10,3,3,-0.02406162615623656
11020,wind_offshore,2030,10,4,4,-0.02406162615623656
11021,wind_offshore,2030,10,5,5,-0.02406162615623656
11022,wind_offshore,2030,10,6,6,-0.02406162615623656
11023,wind_offshore,2030,10,7,7,-0.02406162615623656
11024,wind_offshore,2030,10,8,8,-0.02406162615623656
11025,wind_offshore,2030,10,9,9,-0.02406162615623656
11026,wind_offshore,2030,10,10,10,-0.02406162615623656
11027,wind_offshore,2030,10,11,11,-0.02406162615623656
11028,wind_offshore,2030,10,12,12,-0.02406162615623656
11029,wind_offshore,2030,10,13,13,-0.02406162615623656
11030,wind_offshore,2030,10,14,14,-0.02406162615623656
11031,wind_offshore,2030,10,15,15,-0.02406162615623656
11032,wind_offshore,2030,10,16,16,-0.02406162615623656
11033,wind_offshore,2030,10,17,17,-0.02406162615623656
11034,wind_offshore,2030,10,18,18,-0.02406162615623656
11035,wind_offshore,2030,10,19,19,-0.02406162615623656
11036,wind_offshore,2030,10,20,20,-0.02406162615623656
11037,wind_offshore,2030,10,21,21,-0.02406162615623656
11038,wind_offshore,2030,10,22,22,-0.02406162615623656
11039,wind_offshore,2030,10,23,23,-0.02406162615623656
11040,wind_offshore,2030,10,24,24,-0.02406162615623656
11041,wind_offshore,2030,11,1,1,-0.046662180276350836
11042,wind_offshore,2030,11,2,2,-0.046662180276350836
11043,wind_offshore,2030,11,3,3,-0.046662180276350836
11044,wind_offshore,2030,11,4,4,-0.046662180276350836
11045,wind_offshore,2030,11,5,5,-0.046662180276350836
11046,wind_offshore,2030,11,6,6,-0.046662180276350836
11047,wind_offshore,2030,11,7,7,-0.046662180276350836
11048,wind_offshore,2030,11,8,8,-0.046662180276350836
11049,wind_offshore,2030,11,9,9,-0.046662180276350836
11050,wind_offshore,2030,11,10,10,-0.046662180276350836
11051,wind_offshore,2030,11,11,11,-0.046662180276350836
11052,wind_offshore,2030,11,12,12,-0.046662180276350836
11053,wind_offshore,2030,11,13,13,-0.046662180276350836
11054,wind_offshore,2030,11,14,14,-0.046662180276350836
11055,wind_offshore,2030,11,15,15,-0.046662180276350836
11056,wind_offshore,2030,11,16,16,-0.046662180276350836
11057,wind_offshore,2030,11,17,17,-0.06695008474432945
11058,wind_offshore,2030,11,18,18,-0.06695008474432945
11059,wind_offshore,2030,11,19,19,-0.06695008474432945
11060,wind_offshore,2030,11,20,20,-0.06695008474432945
11061,wind_offshore,2030,11,21,21,-0.06695008474432945
11062,wind_offshore,2030,11,22,22,-0.06695008474432945
11063,wind_offshore,2030,11,23,23,-0.046662180276350836
11064,wind_offshore,2030,11,24,24,-0.046662180276350836
11065,wind_offshore,2030,12,1,1,-0.023
11066,wind_offshore,2030,12,2,2,-0.023
11067,wind_offshore,2030,12,3,3,-0.023
11068,wind_offshore,2030,12,4,4,-0.023
11069,wind_offshore,2030,12,5,5,-0.023
11070,wind_offshore,2030,12,6,6,-0.023
11071,wind_offshore,2030,12,7,7,-0.023
11072,wind_offshore,2030,12,8,8,-0.023
11073,wind_offshore,2030,12,9,9,-0.023
11074,wind_offshore,2030,12,10,10,-0.023
11075,wind_offshore,2030,12,11,11,-0.023
11076,wind_offshore,2030,12,12,12,-0.023
11077,wind_offshore,2030,12,13,13,-0.023
11078,wind_offshore,2030,12,14,14,-0.023
11079,wind_offshore,2030,12,15,15,-0.023
11080,wind_offshore,2030,12,16,16,-0.023
11081,wind_offshore,2030,12,17,17,-0.023
11082,wind_offshore,2030,12,18,18,-0.023
11083,wind_offshore,2030,12,19,19,-0.033
11084,wind_offshore,2030,12,20,20,-0.033
11085,wind_offshore,2030,12,21,21,-0.033
11086,wind_offshore,2030,12,22,22,-0.033
11087,wind_offshore,2030,12,23,23,-0.023
11088,wind_offshore,2030,12,24,24,-0.023
11089,wind_offshore,2030,13,1,1,-0.03473832171153787
11090,wind_offshore,2030,13,2,2,-0.03473832171153787
11091,wind_offshore,2030,13,3,3,-0.03473832171153787
11092,wind_offshore,2030,13,4,4,-0.03473832171153787
11093,wind_offshore,2030,13,5,5,-0.03473832171153787
11094,wind_offshore,2030,13,6,6,-0.03473832171153787
11095,wind_offshore,2030,13,7,7,-0.03473832171153787
11096,wind_offshore,2030,13,8,8,-0.03473832171153787
11097,wind_offshore,2030,13,9,9,-0.03473832171153787
11098,wind_offshore,2030,13,10,10,-0.03473832171153787
11099,wind_offshore,2030,13,11,11,-0.03473832171153787
11100,wind_offshore,2030,13,12,12,-0.03473832171153787
11101,wind_offshore,2030,13,13,13,-0.03473832171153787
11102,wind_offshore,2030,13,14,14,-0.03473832171153787
11103,wind_offshore,2030,13,15,15,-0.03473832171153787
11104,wind_offshore,2030,13,16,16,-0.03473832171153787
11105,wind_offshore,2030,13,17,17,-0.03473832171153787
11106,wind_offshore,2030,13,18,18,-0.049841939846989126
11107,wind_offshore,2030,13,19,19,-0.049841939846989126
11108,wind_offshore,2030,13,20,20,-0.049841939846989126
11109,wind_offshore,2030,13,21,21,-0.03473832171153787
11110,wind_offshore,2030,13,22,22,-0.03473832171153787
11111,wind_offshore,2030,13,23,23,-0.03473832171153787
11112,wind_offshore,2030,13,24,24,-0.03473832171153787
11113,wind_offshore,2030,14,1,1,-0.027149209906244254
11114,wind_offshore,2030,14,2,2,-0.027149209906244254
11115,wind_offshore,2030,14,3,3,-0.027149209906244254
11116,wind_offshore,2030,14,4,4,-0.027149209906244254
11117,wind_offshore,2030,14,5,5,-0.027149209906244254
11118,wind_offshore,2030,14,6,6,-0.027149209906244254
11119,wind_offshore,2030,14,7,7,-0.027149209906244254
11120,wind_offshore,2030,14,8,8,-0.027149209906244254
11121,wind_offshore,2030,14,9,9,-0.027149209906244254
11122,wind_offshore,2030,14,10,10,-0.027149209906244254
11123,wind_offshore,2030,14,11,11,-0.027149209906244254
11124,wind_offshore,2030,14,12,12,-0.027149209906244254
11125,wind_offshore,2030,14,13,13,-0.027149209906244254
11126,wind_offshore,2030,14,14,14,-0.027149209906244254
11127,wind_offshore,2030,14,15,15,-0.027149209906244254
11128,wind_offshore,2030,14,16,16,-0.027149209906244254
11129,wind_offshore,2030,14,17,17,-0.027149209906244254
11130,wind_offshore,2030,14,18,18,-0.027149209906244254
11131,wind_offshore,2030,14,19,19,-0.038953214213306976
11132,wind_offshore,2030,14,20,20,-0.038953214213306976
11133,wind_offshore,2030,14,21,21,-0.038953214213306976
11134,wind_offshore,2030,14,22,22,-0.027149209906244254
11135,wind_offshore,2030,14,23,23,-0.027149209906244254
11136,wind_offshore,2030,14,24,24,-0.027149209906244254
11137,wind_offshore,2030,15,1,1,-0.026490432151349243
11138,wind_offshore,2030,15,2,2,-0.026490432151349243
11139,wind_offshore,2030,15,3,3,-0.026490432151349243
11140,wind_offshore,2030,15,4,4,-0.026490432151349243
11141,wind_offshore,2030,15,5,5,-0.026490432151349243
11142,wind_offshore,2030,15,6,6,-0.026490432151349243
11143,wind_offshore,2030,15,7,7,-0.03800801134758804
11144,wind_offshore,2030,15,8,8,-0.03800801134758804
11145,wind_offshore,2030,15,9,9,-0.03800801134758804
11146,wind_offshore,2030,15,10,10,-0.03800801134758804
11147,wind_offshore,2030,15,11,11,-0.03800801134758804
11148,wind_offshore,2030,15,12,12,-0.03800801134758804
11149,wind_offshore,2030,15,13,13,-0.03800801134758804
11150,wind_offshore,2030,15,14,14,-0.03800801134758804
11151,wind_offshore,2030,15,15,15,-0.03800801134758804
11152,wind_offshore,2030,15,16,16,-0.03800801134758804
11153,wind_offshore,2030,15,17,17,-11.515275680399553
11154,wind_offshore,2030,15,18,18,-11.515275680399553
11155,wind_offshore,2030,15,19,19,-11.515275680399553
11156,wind_offshore,2030,15,20,20,-11.515275680399553
11157,wind_offshore,2030,15,21,21,-11.515275680399553
11158,wind_offshore,2030,15,22,22,-2.5740372340040656
11159,wind_offshore,2030,15,23,23,-0.03800801134758804
11160,wind_offshore,2030,15,24,24,-0.03800801134758804
11161,wind_offshore,2030,16,1,1,-0.0448745018458719
11162,wind_offshore,2030,16,2,2,-0.0448745018458719
11163,wind_offshore,2030,16,3,3,-0.0448745018458719
11164,wind_offshore,2030,16,4,4,-0.0448745018458719
11165,wind_offshore,2030,16,5,5,-0.0448745018458719
11166,wind_offshore,2030,16,6,6,-0.0448745018458719
11167,wind_offshore,2030,16,7,7,-0.0448745018458719
11168,wind_offshore,2030,16,8,8,-0.0448745018458719
11169,wind_offshore,2030,16,9,9,-0.0448745018458719
11170,wind_offshore,2030,16,10,10,-0.0448745018458719
11171,wind_offshore,2030,16,11,11,-0.0448745018458719
11172,wind_offshore,2030,16,12,12,-0.0448745018458719
11173,wind_offshore,2030,16,13,13,-0.0448745018458719
11174,wind_offshore,2030,16,14,14,-0.0448745018458719
11175,wind_offshore,2030,16,15,15,-0.0448745018458719
11176,wind_offshore,2030,16,16,16,-0.0448745018458719
11177,wind_offshore,2030,16,17,17,-0.0448745018458719
11178,wind_offshore,2030,16,18,18,-0.0448745018458719
11179,wind_offshore,2030,16,19,19,-0.0448745018458719
11180,wind_offshore,2030,16,20,20,-0.0448745018458719
11181,wind_offshore,2030,16,21,21,-0.0448745018458719
11182,wind_offshore,2030,16,22,22,-0.0448745018458719
11183,wind_offshore,2030,16,23,23,-0.0448745018458719
11184,wind_offshore,2030,16,24,24,-0.0448745018458719
11185,wind_offshore,2030,17,1,1,-0.025192370816179387
11186,wind_offshore,2030,17,2,2,-0.025192370816179387
11187,wind_offshore,2030,17,3,3,-0.025192370816179387
11188,wind_offshore,2030,17,4,4,-0.025192370816179387
11189,wind_offshore,2030,17,5,5,-0.025192370816179387
11190,wind_offshore,2030,17,6,6,-0.025192370816179387
11191,wind_offshore,2030,17,7,7,-0.025192370816179387
11192,wind_offshore,2030,17,8,8,-0.025192370816179387
11193,wind_offshore,2030,17,9,9,-0.025192370816179387
11194,wind_offshore,2030,17,10,10,-0.025192370816179387
11195,wind_offshore,2030,17,11,11,-0.025192370816179387
11196,wind_offshore,2030,17,12,12,-0.025192370816179387
11197,wind_offshore,2030,17,13,13,-0.025192370816179387
11198,wind_offshore,2030,17,14,14,-0.025192370816179387
11199,wind_offshore,2030,17,15,15,-0.025192370816179387
11200,wind_offshore,2030,17,16,16,-0.025192370816179387
11201,wind_offshore,2030,17,17,17,-0.025192370816179387
11202,wind_offshore,2030,17,18,18,-0.025192370816179387
11203,wind_offshore,2030,17,19,19,-0.03614557551886608
11204,wind_offshore,2030,17,20,20,-0.03614557551886608
11205,wind_offshore,2030,17,21,21,-0.03614557551886608
11206,wind_offshore,2030,17,22,22,-0.03614557551886608
11207,wind_offshore,2030,17,23,23,-0.025192370816179387
11208,wind_offshore,2030,17,24,24,-0.025192370816179387
11209,wind_offshore,2030,18,1,1,-0.08966225038580698
11210,wind_offshore,2030,18,2,2,-0.08966225038580698
11211,wind_offshore,2030,18,3,3,-0.08966225038580698
11212,wind_offshore,2030,18,4,4,-0.08966225038580698
11213,wind_offshore,2030,18,5,5,-0.08966225038580698
11214,wind_offshore,2030,18,6,6,-0.08966225038580698
11215,wind_offshore,2030,18,7,7,-0.08966225038580698
11216,wind_offshore,2030,18,8,8,-0.08966225038580698
11217,wind_offshore,2030,18,9,9,-0.08966225038580698
11218,wind_offshore,2030,18,10,10,-0.08966225038580698
11219,wind_offshore,2030,18,11,11,-0.08966225038580698
11220,wind_offshore,2030,18,12,12,-0.08966225038580698
11221,wind_offshore,2030,18,13,13,-0.08966225038580698
11222,wind_offshore,2030,18,14,14,-0.08966225038580698
11223,wind_offshore,2030,18,15,15,-0.08966225038580698
11224,wind_offshore,2030,18,16,16,-0.08966225038580698
11225,wind_offshore,2030,18,17,17,-0.08966225038580698
11226,wind_offshore,2030,18,18,18,-0.08966225038580698
11227,wind_offshore,2030,18,19,19,-0.08966225038580698
11228,wind_offshore,2030,18,20,20,-0.08966225038580698
11229,wind_offshore,2030,18,21,21,-0.08966225038580698
11230,wind_offshore,2030,18,22,22,-0.08966225038580698
11231,wind_offshore,2030,18,23,23,-0.08966225038580698
11232,wind_offshore,2030,18,24,24,-0.08966225038580698
11233,wind_offshore,2030,19,1,1,-0.06868897523244746
11234,wind_offshore,2030,19,2,2,-0.06868897523244746
11235,wind_offshore,2030,19,3,3,-0.06868897523244746
11236,wind_offshore,2030,19,4,4,-0.06868897523244746
11237,wind_offshore,2030,19,5,5,-0.06868897523244746
11238,wind_offshore,2030,19,6,6,-0.06868897523244746
11239,wind_offshore,2030,19,7,7,-0.06868897523244746
11240,wind_offshore,2030,19,8,8,-0.06868897523244746
11241,wind_offshore,2030,19,9,9,-0.06868897523244746
11242,wind_offshore,2030,19,10,10,-0.06868897523244746
11243,wind_offshore,2030,19,11,11,-0.06868897523244746
11244,wind_offshore,2030,19,12,12,-0.06868897523244746
11245,wind_offshore,2030,19,13,13,-0.06868897523244746
11246,wind_offshore,2030,19,14,14,-0.06868897523244746
11247,wind_offshore,2030,19,15,15,-0.06868897523244746
11248,wind_offshore,2030,19,16,16,-0.06868897523244746
11249,wind_offshore,2030,19,17,17,-0.06868897523244746
11250,wind_offshore,2030,19,18,18,-0.06868897523244746
11251,wind_offshore,2030,19,19,19,-0.06868897523244746
11252,wind_offshore,2030,19,20,20,-0.06868897523244746
11253,wind_offshore,2030,19,21,21,-0.06868897523244746
11254,wind_offshore,2030,19,22,22,-0.06868897523244746
11255,wind_offshore,2030,19,23,23,-0.06868897523244746
11256,wind_offshore,2030,19,24,24,-0.06868897523244746
11257,wind_offshore,2030,20,1,1,-0.023243183295973736
11258,wind_offshore,2030,20,2,2,-0.023243183295973736
11259,wind_offshore,2030,20,3,3,-0.023243183295973736
11260,wind_offshore,2030,20,4,4,-0.023243183295973736
11261,wind_offshore,2030,20,5,5,-0.023243183295973736
11262,wind_offshore,2030,20,6,6,-0.023243183295973736
11263,wind_offshore,2030,20,7,7,-0.023243183295973736
11264,wind_offshore,2030,20,8,8,-0.023243183295973736
11265,wind_offshore,2030,20,9,9,-0.023243183295973736
11266,wind_offshore,2030,20,10,10,-0.023243183295973736
11267,wind_offshore,2030,20,11,11,-0.023243183295973736
11268,wind_offshore,2030,20,12,12,-0.023243183295973736
11269,wind_offshore,2030,20,13,13,-0.023243183295973736
11270,wind_offshore,2030,20,14,14,-0.023243183295973736
11271,wind_offshore,2030,20,15,15,-0.023243183295973736
11272,wind_offshore,2030,20,16,16,-0.023243183295973736
11273,wind_offshore,2030,20,17,17,-0.023243183295973736
11274,wind_offshore,2030,20,18,18,-0.023243183295973736
11275,wind_offshore,2030,20,19,19,-0.033348915163788406
11276,wind_offshore,2030,20,20,20,-0.033348915163788406
11277,wind_offshore,2030,20,21,21,-0.033348915163788406
11278,wind_offshore,2030,20,22,22,-0.023243183295973736
11279,wind_offshore,2030,20,23,23,-0.023243183295973736
11280,wind_offshore,2030,20,24,24,-0.023243183295973736
11281,wind_offshore,2030,21,1,1,-0.024689147305139186
11282,wind_offshore,2030,21,2,2,-0.024689147305139186
11283,wind_offshore,2030,21,3,3,-0.024689147305139186
11284,wind_offshore,2030,21,4,4,-0.024689147305139186
11285,wind_offshore,2030,21,5,5,-0.024689147305139186
11286,wind_offshore,2030,21,6,6,-0.024689147305139186
11287,wind_offshore,2030,21,7,7,-0.024689147305139186
11288,wind_offshore,2030,21,8,8,-0.024689147305139186
11289,wind_offshore,2030,21,9,9,-0.024689147305139186
11290,wind_offshore,2030,21,10,10,-0.024689147305139186
11291,wind_offshore,2030,21,11,11,-0.024689147305139186
11292,wind_offshore,2030,21,12,12,-0.024689147305139186
11293,wind_offshore,2030,21,13,13,-0.024689147305139186
11294,wind_offshore,2030,21,14,14,-0.024689147305139186
11295,wind_offshore,2030,21,15,15,-0.024689147305139186
11296,wind_offshore,2030,21,16,16,-0.024689147305139186
11297,wind_offshore,2030,21,17,17,-0.03542355917693883
11298,wind_offshore,2030,21,18,18,-0.03542355917693883
11299,wind_offshore,2030,21,19,19,-0.03542355917693883
11300,wind_offshore,2030,21,20,20,-0.03542355917693883
11301,wind_offshore,2030,21,21,21,-0.03542355917693883
11302,wind_offshore,2030,21,22,22,-0.03542355917693883
11303,wind_offshore,2030,21,23,23,-0.024689147305139186
11304,wind_offshore,2030,21,24,24,-0.024689147305139186
11305,wind_offshore,2030,22,1,1,-0.5916130552592955
11306,wind_offshore,2030,22,2,2,-0.5916130552592955
11307,wind_offshore,2030,22,3,3,-0.5916130552592955
11308,wind_offshore,2030,22,4,4,-0.5916130552592955
11309,wind_offshore,2030,22,5,5,-0.5916130552592955
11310,wind_offshore,2030,22,6,6,-0.5916130552592955
11311,wind_offshore,2030,22,7,7,-0.5916130552592955
11312,wind_offshore,2030,22,8,8,-0.5916130552592955
11313,wind_offshore,2030,22,9,9,-0.5916130552592955
11314,wind_offshore,2030,22,10,10,-0.5916130552592955
11315,wind_offshore,2030,22,11,11,-0.5916130552592955
11316,wind_offshore,2030,22,12,12,-0.5916130552592955
11317,wind_offshore,2030,22,13,13,-0.5916130552592955
11318,wind_offshore,2030,22,14,14,-0.5916130552592955
11319,wind_offshore,2030,22,15,15,-0.5916130552592955
11320,wind_offshore,2030,22,16,16,-0.5916130552592955
11321,wind_offshore,2030,22,17,17,-0.5916130552592955
11322,wind_offshore,2030,22,18,18,-0.5916130552592955
11323,wind_offshore,2030,22,19,19,-0.5916130552592955
11324,wind_offshore,2030,22,20,20,-0.5916130552592955
11325,wind_offshore,2030,22,21,21,-0.5916130552592955
11326,wind_offshore,2030,22,22,22,-0.5916130552592955
11327,wind_offshore,2030,22,23,23,-0.5916130552592955
11328,wind_offshore,2030,22,24,24,-0.5916130552592955
11329,wind_offshore,2030,23,1,1,-1.730653505868402
11330,wind_offshore,2030,23,2,2,-1.730653505868402
11331,wind_offshore,2030,23,3,3,-1.730653505868402
11332,wind_offshore,2030,23,4,4,-1.730653505868402
11333,wind_offshore,2030,23,5,5,-1.730653505868402
11334,wind_offshore,2030,23,6,6,-1.730653505868402
11335,wind_offshore,2030,23,7,7,-1.730653505868402
11336,wind_offshore,2030,23,8,8,-1.730653505868402
11337,wind_offshore,2030,23,9,9,-1.730653505868402
11338,wind_offshore,2030,23,10,10,-1.730653505868402
11339,wind_offshore,2030,23,11,11,-1.730653505868402
11340,wind_offshore,2030,23,12,12,-1.730653505868402
11341,wind_offshore,2030,23,13,13,-1.730653505868402
11342,wind_offshore,2030,23,14,14,-1.730653505868402
11343,wind_offshore,2030,23,15,15,-1.730653505868402
11344,wind_offshore,2030,23,16,16,-1.730653505868402
11345,wind_offshore,2030,23,17,17,-1.730653505868402
11346,wind_offshore,2030,23,18,18,-1.730653505868402
11347,wind_offshore,2030,23,19,19,-1.730653505868402
11348,wind_offshore,2030,23,20,20,-2.4831115518981424
11349,wind_offshore,2030,23,21,21,-2.4831115518981424
11350,wind_offshore,2030,23,22,22,-1.730653505868402
11351,wind_offshore,2030,23,23,23,-1.730653505868402
11352,wind_offshore,2030,23,24,24,-1.730653505868402
11353,wind_offshore,2030,24,1,1,-0.03337005600164775
11354,wind_offshore,2030,24,2,2,-0.03337005600164775
11355,wind_offshore,2030,24,3,3,-0.03337005600164775
11356,wind_offshore,2030,24,4,4,-0.03337005600164775
11357,wind_offshore,2030,24,5,5,-0.03337005600164775
11358,wind_offshore,2030,24,6,6,-0.03337005600164775
11359,wind_offshore,2030,24,7,7,-0.03337005600164775
11360,wind_offshore,2030,24,8,8,-0.03337005600164775
11361,wind_offshore,2030,24,9,9,-0.03337005600164775
11362,wind_offshore,2030,24,10,10,-0.03337005600164775
11363,wind_offshore,2030,24,11,11,-0.03337005600164775
11364,wind_offshore,2030,24,12,12,-0.03337005600164775
11365,wind_offshore,2030,24,13,13,-0.03337005600164775
11366,wind_offshore,2030,24,14,14,-0.03337005600164775
11367,wind_offshore,2030,24,15,15,-0.03337005600164775
11368,wind_offshore,2030,24,16,16,-0.03337005600164775
11369,wind_offshore,2030,24,17,17,-0.03337005600164775
11370,wind_offshore,2030,24,18,18,-0.03337005600164775
11371,wind_offshore,2030,24,19,19,-0.03337005600164775
11372,wind_offshore,2030,24,20,20,-0.047878776002364155
11373,wind_offshore,2030,24,21,21,-0.03337005600164775
11374,wind_offshore,2030,24,22,22,-0.03337005600164775
11375,wind_offshore,2030,24,23,23,-0.03337005600164775
11376,wind_offshore,2030,24,24,24,-0.03337005600164775
11377,wind_offshore,2030,25,1,1,-0.09525827825002761
11378,wind_offshore,2030,25,2,2,-0.09525827825002761
11379,wind_offshore,2030,25,3,3,-0.09525827825002761
11380,wind_offshore,2030,25,4,4,-0.09525827825002761
11381,wind_offshore,2030,25,5,5,-0.09525827825002761
11382,wind_offshore,2030,25,6,6,-0.09525827825002761
11383,wind_offshore,2030,25,7,7,-0.09525827825002761
11384,wind_offshore,2030,25,8,8,-0.13667492096743092
11385,wind_offshore,2030,25,9,9,-0.09525827825002761
11386,wind_offshore,2030,25,10,10,-0.09525827825002761
11387,wind_offshore,2030,25,11,11,-0.09525827825002761
11388,wind_offshore,2030,25,12,12,-0.09525827825002761
11389,wind_offshore,2030,25,13,13,-0.09525827825002761
11390,wind_offshore,2030,25,14,14,-0.09525827825002761
11391,wind_offshore,2030,25,15,15,-0.09525827825002761
11392,wind_offshore,2030,25,16,16,-0.09525827825002761
11393,wind_offshore,2030,25,17,17,-0.09525827825002761
11394,wind_offshore,2030,25,18,18,-0.09525827825002761
11395,wind_offshore,2030,25,19,19,-0.09525827825002761
11396,wind_offshore,2030,25,20,20,-0.13667492096743092
11397,wind_offshore,2030,25,21,21,-0.13667492096743092
11398,wind_offshore,2030,25,22,22,-0.09525827825002761
11399,wind_offshore,2030,25,23,23,-0.09525827825002761
11400,wind_offshore,2030,25,24,24,-0.09525827825002761
11401,wind_offshore,2030,26,1,1,-0.06599785280652334
11402,wind_offshore,2030,26,2,2,-0.06599785280652334
11403,wind_offshore,2030,26,3,3,-0.06599785280652334
11404,wind_offshore,2030,26,4,4,-0.06599785280652334
11405,wind_offshore,2030,26,5,5,-0.06599785280652334
11406,wind_offshore,2030,26,6,6,-0.06599785280652334
11407,wind_offshore,2030,26,7,7,-0.06599785280652334
11408,wind_offshore,2030,26,8,8,-0.06599785280652334
11409,wind_offshore,2030,26,9,9,-0.06599785280652334
11410,wind_offshore,2030,26,10,10,-0.06599785280652334
11411,wind_offshore,2030,26,11,11,-0.06599785280652334
11412,wind_offshore,2030,26,12,12,-0.06599785280652334
11413,wind_offshore,2030,26,13,13,-0.06599785280652334
11414,wind_offshore,2030,26,14,14,-0.06599785280652334
11415,wind_offshore,2030,26,15,15,-0.06599785280652334
11416,wind_offshore,2030,26,16,16,-0.06599785280652334
11417,wind_offshore,2030,26,17,17,-0.06599785280652334
11418,wind_offshore,2030,26,18,18,-0.06599785280652334
11419,wind_offshore,2030,26,19,19,-0.06599785280652334
11420,wind_offshore,2030,26,20,20,-0.06599785280652334
11421,wind_offshore,2030,26,21,21,-0.06599785280652334
11422,wind_offshore,2030,26,22,22,-0.06599785280652334
11423,wind_offshore,2030,26,23,23,-0.06599785280652334
11424,wind_offshore,2030,26,24,24,-0.06599785280652334
11425,wind_offshore,2030,27,1,1,-0.04746165496964096
11426,wind_offshore,2030,27,2,2,-0.04746165496964096
11427,wind_offshore,2030,27,3,3,-0.04746165496964096
11428,wind_offshore,2030,27,4,4,-0.04746165496964096
11429,wind_offshore,2030,27,5,5,-0.04746165496964096
11430,wind_offshore,2030,27,6,6,-0.04746165496964096
11431,wind_offshore,2030,27,7,7,-0.04746165496964096
11432,wind_offshore,2030,27,8,8,-0.04746165496964096
11433,wind_offshore,2030,27,9,9,-0.04746165496964096
11434,wind_offshore,2030,27,10,10,-0.04746165496964096
11435,wind_offshore,2030,27,11,11,-0.04746165496964096
11436,wind_offshore,2030,27,12,12,-0.04746165496964096
11437,wind_offshore,2030,27,13,13,-0.04746165496964096
11438,wind_offshore,2030,27,14,14,-0.04746165496964096
11439,wind_offshore,2030,27,15,15,-0.04746165496964096
11440,wind_offshore,2030,27,16,16,-0.04746165496964096
11441,wind_offshore,2030,27,17,17,-0.04746165496964096
11442,wind_offshore,2030,27,18,18,-0.04746165496964096
11443,wind_offshore,2030,27,19,19,-0.04746165496964096
11444,wind_offshore,2030,27,20,20,-0.04746165496964096
11445,wind_offshore,2030,27,21,21,-0.04746165496964096
11446,wind_offshore,2030,27,22,22,-0.04746165496964096
11447,wind_offshore,2030,27,23,23,-0.04746165496964096
11448,wind_offshore,2030,27,24,24,-0.04746165496964096
11449,wind_offshore,2030,28,1,1,-0.024034442736967882
11450,wind_offshore,2030,28,2,2,-0.024034442736967882
11451,wind_offshore,2030,28,3,3,-0.024034442736967882
11452,wind_offshore,2030,28,4,4,-0.024034442736967882
11453,wind_offshore,2030,28,5,5,-0.024034442736967882
11454,wind_offshore,2030,28,6,6,-0.024034442736967882
11455,wind_offshore,2030,28,7,7,-0.024034442736967882
11456,wind_offshore,2030,28,8,8,-0.024034442736967882
11457,wind_offshore,2030,28,9,9,-0.024034442736967882
11458,wind_offshore,2030,28,10,10,-0.024034442736967882
11459,wind_offshore,2030,28,11,11,-0.024034442736967882
11460,wind_offshore,2030,28,12,12,-0.024034442736967882
11461,wind_offshore,2030,28,13,13,-0.024034442736967882
11462,wind_offshore,2030,28,14,14,-0.024034442736967882
11463,wind_offshore,2030,28,15,15,-0.024034442736967882
11464,wind_offshore,2030,28,16,16,-0.024034442736967882
11465,wind_offshore,2030,28,17,17,-0.024034442736967882
11466,wind_offshore,2030,28,18,18,-0.024034442736967882
11467,wind_offshore,2030,28,19,19,-0.03448420044869305
11468,wind_offshore,2030,28,20,20,-0.03448420044869305
11469,wind_offshore,2030,28,21,21,-0.03448420044869305
11470,wind_offshore,2030,28,22,22,-0.03448420044869305
11471,wind_offshore,2030,28,23,23,-0.024034442736967882
11472,wind_offshore,2030,28,24,24,-0.024034442736967882
11473,wind_offshore,2030,29,1,1,-0.37479634113534815
11474,wind_offshore,2030,29,2,2,-0.37479634113534815
11475,wind_offshore,2030,29,3,3,-0.37479634113534815
11476,wind_offshore,2030,29,4,4,-0.37479634113534815
11477,wind_offshore,2030,29,5,5,-0.37479634113534815
11478,wind_offshore,2030,29,6,6,-0.37479634113534815
11479,wind_offshore,2030,29,7,7,-0.37479634113534815
11480,wind_offshore,2030,29,8,8,-0.37479634113534815
11481,wind_offshore,2030,29,9,9,-0.37479634113534815
11482,wind_offshore,2030,29,10,10,-0.37479634113534815
11483,wind_offshore,2030,29,11,11,-0.37479634113534815
11484,wind_offshore,2030,29,12,12,-0.37479634113534815
11485,wind_offshore,2030,29,13,13,-0.37479634113534815
11486,wind_offshore,2030,29,14,14,-0.37479634113534815
11487,wind_offshore,2030,29,15,15,-0.37479634113534815
11488,wind_offshore,2030,29,16,16,-0.37479634113534815
11489,wind_offshore,2030,29,17,17,-0.37479634113534815
11490,wind_offshore,2030,29,18,18,-0.37479634113534815
11491,wind_offshore,2030,29,19,19,-0.37479634113534815
11492,wind_offshore,2030,29,20,20,-0.37479634113534815
11493,wind_offshore,2030,29,21,21,-0.37479634113534815
11494,wind_offshore,2030,29,22,22,-0.37479634113534815
11495,wind_offshore,2030,29,23,23,-0.37479634113534815
11496,wind_offshore,2030,29,24,24,-0.37479634113534815
11497,wind_offshore,2030,30,1,1,-0.23712169135113972
11498,wind_offshore,2030,30,2,2,-0.23712169135113972
11499,wind_offshore,2030,30,3,3,-0.23712169135113972
11500,wind_offshore,2030,30,4,4,-0.23712169135113972
11501,wind_offshore,2030,30,5,5,-0.23712169135113972
11502,wind_offshore,2030,30,6,6,-0.23712169135113972
11503,wind_offshore,2030,30,7,7,-0.23712169135113972
11504,wind_offshore,2030,30,8,8,-0.23712169135113972
11505,wind_offshore,2030,30,9,9,-0.23712169135113972
11506,wind_offshore,2030,30,10,10,-0.23712169135113972
11507,wind_offshore,2030,30,11,11,-0.23712169135113972
11508,wind_offshore,2030,30,12,12,-0.23712169135113972
11509,wind_offshore,2030,30,13,13,-0.23712169135113972
11510,wind_offshore,2030,30,14,14,-0.23712169135113972
11511,wind_offshore,2030,30,15,15,-0.23712169135113972
11512,wind_offshore,2030,30,16,16,-0.23712169135113972
11513,wind_offshore,2030,30,17,17,-0.23712169135113972
11514,wind_offshore,2030,30,18,18,-0.23712169135113972
11515,wind_offshore,2030,30,19,19,-0.23712169135113972
11516,wind_offshore,2030,30,20,20,-0.23712169135113972
11517,wind_offshore,2030,30,21,21,-0.23712169135113972
11518,wind_offshore,2030,30,22,22,-0.23712169135113972
11519,wind_offshore,2030,30,23,23,-0.23712169135113972
11520,wind_offshore,2030,30,24,24,-0.23712169135113972
11521,wind_offshore,2030,31,1,1,-0.2487638640825871
11522,wind_offshore,2030,31,2,2,-0.2487638640825871
11523,wind_offshore,2030,31,3,3,-0.2487638640825871
11524,wind_offshore,2030,31,4,4,-0.2487638640825871
11525,wind_offshore,2030,31,5,5,-0.2487638640825871
11526,wind_offshore,2030,31,6,6,-0.2487638640825871
11527,wind_offshore,2030,31,7,7,-0.2487638640825871
11528,wind_offshore,2030,31,8,8,-0.2487638640825871
11529,wind_offshore,2030,31,9,9,-0.2487638640825871
11530,wind_offshore,2030,31,10,10,-0.2487638640825871
11531,wind_offshore,2030,31,11,11,-0.2487638640825871
11532,wind_offshore,2030,31,12,12,-0.2487638640825871
11533,wind_offshore,2030,31,13,13,-0.2487638640825871
11534,wind_offshore,2030,31,14,14,-0.2487638640825871
11535,wind_offshore,2030,31,15,15,-0.2487638640825871
11536,wind_offshore,2030,31,16,16,-0.2487638640825871
11537,wind_offshore,2030,31,17,17,-0.2487638640825871
11538,wind_offshore,2030,31,18,18,-0.2487638640825871
11539,wind_offshore,2030,31,19,19,-0.2487638640825871
11540,wind_offshore,2030,31,20,20,-0.2487638640825871
11541,wind_offshore,2030,31,21,21,-0.2487638640825871
11542,wind_offshore,2030,31,22,22,-0.2487638640825871
11543,wind_offshore,2030,31,23,23,-0.2487638640825871
11544,wind_offshore,2030,31,24,24,-0.2487638640825871
11545,wind_offshore,2030,32,1,1,-0.06992899918707465
11546,wind_offshore,2030,32,2,2,-0.06992899918707465
11547,wind_offshore,2030,32,3,3,-0.06992899918707465
11548,wind_offshore,2030,32,4,4,-0.06992899918707465
11549,wind_offshore,2030,32,5,5,-0.06992899918707465
11550,wind_offshore,2030,32,6,6,-0.06992899918707465
11551,wind_offshore,2030,32,7,7,-0.06992899918707465
11552,wind_offshore,2030,32,8,8,-0.06992899918707465
11553,wind_offshore,2030,32,9,9,-0.06992899918707465
11554,wind_offshore,2030,32,10,10,-0.06992899918707465
11555,wind_offshore,2030,32,11,11,-0.06992899918707465
11556,wind_offshore,2030,32,12,12,-0.06992899918707465
11557,wind_offshore,2030,32,13,13,-0.06992899918707465
11558,wind_offshore,2030,32,14,14,-0.06992899918707465
11559,wind_offshore,2030,32,15,15,-0.06992899918707465
11560,wind_offshore,2030,32,16,16,-0.06992899918707465
11561,wind_offshore,2030,32,17,17,-0.06992899918707465
11562,wind_offshore,2030,32,18,18,-0.06992899918707465
11563,wind_offshore,2030,32,19,19,-0.1003329118771071
11564,wind_offshore,2030,32,20,20,-0.1003329118771071
11565,wind_offshore,2030,32,21,21,-0.06992899918707465
11566,wind_offshore,2030,32,22,22,-0.06992899918707465
11567,wind_offshore,2030,32,23,23,-0.06992899918707465
11568,wind_offshore,2030,32,24,24,-0.06992899918707465
11569,wind_offshore,2030,33,1,1,-0.036418293461303576
11570,wind_offshore,2030,33,2,2,-0.036418293461303576
11571,wind_offshore,2030,33,3,3,-0.036418293461303576
11572,wind_offshore,2030,33,4,4,-0.036418293461303576
11573,wind_offshore,2030,33,5,5,-0.036418293461303576
11574,wind_offshore,2030,33,6,6,-0.036418293461303576
11575,wind_offshore,2030,33,7,7,-0.036418293461303576
11576,wind_offshore,2030,33,8,8,-0.036418293461303576
11577,wind_offshore,2030,33,9,9,-0.036418293461303576
11578,wind_offshore,2030,33,10,10,-0.036418293461303576
11579,wind_offshore,2030,33,11,11,-0.036418293461303576
11580,wind_offshore,2030,33,12,12,-0.036418293461303576
11581,wind_offshore,2030,33,13,13,-0.036418293461303576
11582,wind_offshore,2030,33,14,14,-0.036418293461303576
11583,wind_offshore,2030,33,15,15,-0.036418293461303576
11584,wind_offshore,2030,33,16,16,-0.036418293461303576
11585,wind_offshore,2030,33,17,17,-0.036418293461303576
11586,wind_offshore,2030,33,18,18,-0.036418293461303576
11587,wind_offshore,2030,33,19,19,-0.036418293461303576
11588,wind_offshore,2030,33,20,20,-0.05225233409665296
11589,wind_offshore,2030,33,21,21,-0.05225233409665296
11590,wind_offshore,2030,33,22,22,-0.036418293461303576
11591,wind_offshore,2030,33,23,23,-0.036418293461303576
11592,wind_offshore,2030,33,24,24,-0.036418293461303576
11593,wind_offshore,2030,34,1,1,-0.09769286603075975
11594,wind_offshore,2030,34,2,2,-0.09769286603075975
11595,wind_offshore,2030,34,3,3,-0.09769286603075975
11596,wind_offshore,2030,34,4,4,-0.09769286603075975
11597,wind_offshore,2030,34,5,5,-0.09769286603075975
11598,wind_offshore,2030,34,6,6,-0.09769286603075975
11599,wind_offshore,2030,34,7,7,-0.09769286603075975
11600,wind_offshore,2030,34,8,8,-0.09769286603075975
11601,wind_offshore,2030,34,9,9,-0.09769286603075975
11602,wind_offshore,2030,34,10,10,-0.09769286603075975
11603,wind_offshore,2030,34,11,11,-0.09769286603075975
11604,wind_offshore,2030,34,12,12,-0.09769286603075975
11605,wind_offshore,2030,34,13,13,-0.09769286603075975
11606,wind_offshore,2030,34,14,14,-0.09769286603075975
11607,wind_offshore,2030,34,15,15,-0.09769286603075975
11608,wind_offshore,2030,34,16,16,-0.09769286603075975
11609,wind_offshore,2030,34,17,17,-0.09769286603075975
11610,wind_offshore,2030,34,18,18,-0.09769286603075975
11611,wind_offshore,2030,34,19,19,-0.09769286603075975
11612,wind_offshore,2030,34,20,20,-0.09769286603075975
11613,wind_offshore,2030,34,21,21,-0.09769286603075975
11614,wind_offshore,2030,34,22,22,-0.09769286603075975
11615,wind_offshore,2030,34,23,23,-0.09769286603075975
11616,wind_offshore,2030,34,24,24,-0.09769286603075975
11617,wind_offshore,2030,35,1,1,-2.340633702957873
11618,wind_offshore,2030,35,2,2,-2.340633702957873
11619,wind_offshore,2030,35,3,3,-2.340633702957873
11620,wind_offshore,2030,35,4,4,-2.340633702957873
11621,wind_offshore,2030,35,5,5,-2.340633702957873
11622,wind_offshore,2030,35,6,6,-2.340633702957873
11623,wind_offshore,2030,35,7,7,-2.340633702957873
11624,wind_offshore,2030,35,8,8,-2.340633702957873
11625,wind_offshore,2030,35,9,9,-2.340633702957873
11626,wind_offshore,2030,35,10,10,-2.340633702957873
11627,wind_offshore,2030,35,11,11,-2.340633702957873
11628,wind_offshore,2030,35,12,12,-2.340633702957873
11629,wind_offshore,2030,35,13,13,-2.340633702957873
11630,wind_offshore,2030,35,14,14,-2.340633702957873
11631,wind_offshore,2030,35,15,15,-2.340633702957873
11632,wind_offshore,2030,35,16,16,-2.340633702957873
11633,wind_offshore,2030,35,17,17,-2.340633702957873
11634,wind_offshore,2030,35,18,18,-2.340633702957873
11635,wind_offshore,2030,35,19,19,-2.464923424115452
11636,wind_offshore,2030,35,20,20,-3.3583005303308617
11637,wind_offshore,2030,35,21,21,-3.3583005303308617
11638,wind_offshore,2030,35,22,22,-2.340633702957873
11639,wind_offshore,2030,35,23,23,-2.340633702957873
11640,wind_offshore,2030,35,24,24,-2.340633702957873
11641,wind_offshore,2030,36,1,1,-0.04538195817059217
11642,wind_offshore,2030,36,2,2,-0.04538195817059217
11643,wind_offshore,2030,36,3,3,-0.04538195817059217
11644,wind_offshore,2030,36,4,4,-0.04538195817059217
11645,wind_offshore,2030,36,5,5,-0.04538195817059217
11646,wind_offshore,2030,36,6,6,-0.04538195817059217
11647,wind_offshore,2030,36,7,7,-0.04538195817059217
11648,wind_offshore,2030,36,8,8,-0.04538195817059217
11649,wind_offshore,2030,36,9,9,-0.04538195817059217
11650,wind_offshore,2030,36,10,10,-0.04538195817059217
11651,wind_offshore,2030,36,11,11,-0.04538195817059217
11652,wind_offshore,2030,36,12,12,-0.04538195817059217
11653,wind_offshore,2030,36,13,13,-0.04538195817059217
11654,wind_offshore,2030,36,14,14,-0.04538195817059217
11655,wind_offshore,2030,36,15,15,-0.04538195817059217
11656,wind_offshore,2030,36,16,16,-0.04538195817059217
11657,wind_offshore,2030,36,17,17,-0.04538195817059217
11658,wind_offshore,2030,36,18,18,-0.04538195817059217
11659,wind_offshore,2030,36,19,19,-0.06511324433171921
11660,wind_offshore,2030,36,20,20,-0.06511324433171921
11661,wind_offshore,2030,36,21,21,-0.06511324433171921
11662,wind_offshore,2030,36,22,22,-0.04538195817059217
11663,wind_offshore,2030,36,23,23,-0.04538195817059217
11664,wind_offshore,2030,36,24,24,-0.04538195817059217
11665,wind_offshore,2030,37,1,1,-0.15166489148784806
11666,wind_offshore,2030,37,2,2,-0.15166489148784806
11667,wind_offshore,2030,37,3,3,-0.15166489148784806
11668,wind_offshore,2030,37,4,4,-0.15166489148784806
11669,wind_offshore,2030,37,5,5,-0.15166489148784806
11670,wind_offshore,2030,37,6,6,-0.15166489148784806
11671,wind_offshore,2030,37,7,7,-0.15166489148784806
11672,wind_offshore,2030,37,8,8,-0.15166489148784806
11673,wind_offshore,2030,37,9,9,-0.15166489148784806
11674,wind_offshore,2030,37,10,10,-0.15166489148784806
11675,wind_offshore,2030,37,11,11,-0.15166489148784806
11676,wind_offshore,2030,37,12,12,-0.15166489148784806
11677,wind_offshore,2030,37,13,13,-0.15166489148784806
11678,wind_offshore,2030,37,14,14,-0.15166489148784806
11679,wind_offshore,2030,37,15,15,-0.15166489148784806
11680,wind_offshore,2030,37,16,16,-0.15166489148784806
11681,wind_offshore,2030,37,17,17,-0.15166489148784806
11682,wind_offshore,2030,37,18,18,-0.15166489148784806
11683,wind_offshore,2030,37,19,19,-0.15166489148784806
11684,wind_offshore,2030,37,20,20,-0.15166489148784806
11685,wind_offshore,2030,37,21,21,-0.15166489148784806
11686,wind_offshore,2030,37,22,22,-0.15166489148784806
11687,wind_offshore,2030,37,23,23,-0.15166489148784806
11688,wind_offshore,2030,37,24,24,-0.15166489148784806
11689,wind_offshore,2030,38,1,1,-0.29425280785410446
11690,wind_offshore,2030,38,2,2,-0.29425280785410446
11691,wind_offshore,2030,38,3,3,-0.29425280785410446
11692,wind_offshore,2030,38,4,4,-0.29425280785410446
11693,wind_offshore,2030,38,5,5,-0.29425280785410446
11694,wind_offshore,2030,38,6,6,-0.29425280785410446
11695,wind_offshore,2030,38,7,7,-0.29425280785410446
11696,wind_offshore,2030,38,8,8,-0.29425280785410446
11697,wind_offshore,2030,38,9,9,-0.29425280785410446
11698,wind_offshore,2030,38,10,10,-0.29425280785410446
11699,wind_offshore,2030,38,11,11,-0.29425280785410446
11700,wind_offshore,2030,38,12,12,-0.29425280785410446
11701,wind_offshore,2030,38,13,13,-0.29425280785410446
11702,wind_offshore,2030,38,14,14,-0.29425280785410446
11703,wind_offshore,2030,38,15,15,-0.29425280785410446
11704,wind_offshore,2030,38,16,16,-0.29425280785410446
11705,wind_offshore,2030,38,17,17,-0.29425280785410446
11706,wind_offshore,2030,38,18,18,-0.29425280785410446
11707,wind_offshore,2030,38,19,19,-0.29425280785410446
11708,wind_offshore,2030,38,20,20,-0.29425280785410446
11709,wind_offshore,2030,38,21,21,-0.29425280785410446
11710,wind_offshore,2030,38,22,22,-0.29425280785410446
11711,wind_offshore,2030,38,23,23,-0.29425280785410446
11712,wind_offshore,2030,38,24,24,-0.29425280785410446
11713,wind_offshore,2030,39,1,1,-0.3084596658712579
11714,wind_offshore,2030,39,2,2,-0.3084596658712579
11715,wind_offshore,2030,39,3,3,-0.3084596658712579
11716,wind_offshore,2030,39,4,4,-0.3084596658712579
11717,wind_offshore,2030,39,5,5,-0.3084596658712579
11718,wind_offshore,2030,39,6,6,-0.3084596658712579
11719,wind_offshore,2030,39,7,7,-0.3084596658712579
11720,wind_offshore,2030,39,8,8,-0.3084596658712579
11721,wind_offshore,2030,39,9,9,-0.3084596658712579
11722,wind_offshore,2030,39,10,10,-0.3084596658712579
11723,wind_offshore,2030,39,11,11,-0.3084596658712579
11724,wind_offshore,2030,39,12,12,-0.3084596658712579
11725,wind_offshore,2030,39,13,13,-0.3084596658712579
11726,wind_offshore,2030,39,14,14,-0.3084596658712579
11727,wind_offshore,2030,39,15,15,-0.3084596658712579
11728,wind_offshore,2030,39,16,16,-0.3084596658712579
11729,wind_offshore,2030,39,17,17,-0.3084596658712579
11730,wind_offshore,2030,39,18,18,-0.3084596658712579
11731,wind_offshore,2030,39,19,19,-0.3084596658712579
11732,wind_offshore,2030,39,20,20,-0.4425725640761527
11733,wind_offshore,2030,39,21,21,-0.3084596658712579
11734,wind_offshore,2030,39,22,22,-0.3084596658712579
11735,wind_offshore,2030,39,23,23,-0.3084596658712579
11736,wind_offshore,2030,39,24,24,-0.3084596658712579
11737,wind_offshore,2030,40,1,1,-0.3361296158591421
11738,wind_offshore,2030,40,2,2,-0.3361296158591421
11739,wind_offshore,2030,40,3,3,-0.3361296158591421
11740,wind_offshore,2030,40,4,4,-0.3361296158591421
11741,wind_offshore,2030,40,5,5,-0.3361296158591421
11742,wind_offshore,2030,40,6,6,-0.3361296158591421
11743,wind_offshore,2030,40,7,7,-0.3361296158591421
11744,wind_offshore,2030,40,8,8,-0.3361296158591421
11745,wind_offshore,2030,40,9,9,-0.3361296158591421
11746,wind_offshore,2030,40,10,10,-0.3361296158591421
11747,wind_offshore,2030,40,11,11,-0.3361296158591421
11748,wind_offshore,2030,40,12,12,-0.3361296158591421
11749,wind_offshore,2030,40,13,13,-0.3361296158591421
11750,wind_offshore,2030,40,14,14,-0.3361296158591421
11751,wind_offshore,2030,40,15,15,-0.3361296158591421
11752,wind_offshore,2030,40,16,16,-0.3361296158591421
11753,wind_offshore,2030,40,17,17,-0.3361296158591421
11754,wind_offshore,2030,40,18,18,-0.3361296158591421
11755,wind_offshore,2030,40,19,19,-0.3361296158591421
11756,wind_offshore,2030,40,20,20,-0.3361296158591421
11757,wind_offshore,2030,40,21,21,-0.3361296158591421
11758,wind_offshore,2030,40,22,22,-0.3361296158591421
11759,wind_offshore,2030,40,23,23,-0.3361296158591421
11760,wind_offshore,2030,40,24,24,-0.3361296158591421
11761,wind_offshore,2030,41,1,1,-0.03389831271866411
11762,wind_offshore,2030,41,2,2,-0.03389831271866411
11763,wind_offshore,2030,41,3,3,-0.023626096743311346
11764,wind_offshore,2030,41,4,4,-0.023626096743311346
11765,wind_offshore,2030,41,5,5,-0.023626096743311346
11766,wind_offshore,2030,41,6,6,-0.023626096743311346
11767,wind_offshore,2030,41,7,7,-0.023626096743311346
11768,wind_offshore,2030,41,8,8,-0.023626096743311346
11769,wind_offshore,2030,41,9,9,-0.023626096743311346
11770,wind_offshore,2030,41,10,10,-0.023626096743311346
11771,wind_offshore,2030,41,11,11,-0.023626096743311346
11772,wind_offshore,2030,41,12,12,-0.023626096743311346
11773,wind_offshore,2030,41,13,13,-0.023626096743311346
11774,wind_offshore,2030,41,14,14,-0.023626096743311346
11775,wind_offshore,2030,41,15,15,-0.023626096743311346
11776,wind_offshore,2030,41,16,16,-0.023626096743311346
11777,wind_offshore,2030,41,17,17,-0.023626096743311346
11778,wind_offshore,2030,41,18,18,-0.023626096743311346
11779,wind_offshore,2030,41,19,19,-0.023626096743311346
11780,wind_offshore,2030,41,20,20,-0.023626096743311346
11781,wind_offshore,2030,41,21,21,-0.023626096743311346
11782,wind_offshore,2030,41,22,22,-0.023626096743311346
11783,wind_offshore,2030,41,23,23,-0.023626096743311346
11784,wind_offshore,2030,41,24,24,-0.023626096743311346
11785,wind_offshore,2030,42,1,1,-0.0480370823079898
11786,wind_offshore,2030,42,2,2,-0.0480370823079898
11787,wind_offshore,2030,42,3,3,-0.0480370823079898
11788,wind_offshore,2030,42,4,4,-0.0480370823079898
11789,wind_offshore,2030,42,5,5,-0.0480370823079898
11790,wind_offshore,2030,42,6,6,-0.0480370823079898
11791,wind_offshore,2030,42,7,7,-0.0480370823079898
11792,wind_offshore,2030,42,8,8,-0.0480370823079898
11793,wind_offshore,2030,42,9,9,-0.0480370823079898
11794,wind_offshore,2030,42,10,10,-0.0480370823079898
11795,wind_offshore,2030,42,11,11,-0.0480370823079898
11796,wind_offshore,2030,42,12,12,-0.0480370823079898
11797,wind_offshore,2030,42,13,13,-0.0480370823079898
11798,wind_offshore,2030,42,14,14,-0.0480370823079898
11799,wind_offshore,2030,42,15,15,-0.0480370823079898
11800,wind_offshore,2030,42,16,16,-0.0480370823079898
11801,wind_offshore,2030,42,17,17,-0.0480370823079898
11802,wind_offshore,2030,42,18,18,-0.0480370823079898
11803,wind_offshore,2030,42,19,19,-0.06892277026798536
11804,wind_offshore,2030,42,20,20,-0.06892277026798536
11805,wind_offshore,2030,42,21,21,-0.06892277026798536
11806,wind_offshore,2030,42,22,22,-0.06892277026798536
11807,wind_offshore,2030,42,23,23,-0.0480370823079898
11808,wind_offshore,2030,42,24,24,-0.0480370823079898
11809,wind_offshore,2030,43,1,1,-0.04612650760872373
11810,wind_offshore,2030,43,2,2,-0.04612650760872373
11811,wind_offshore,2030,43,3,3,-0.04612650760872373
11812,wind_offshore,2030,43,4,4,-0.04612650760872373
11813,wind_offshore,2030,43,5,5,-0.04612650760872373
11814,wind_offshore,2030,43,6,6,-0.04612650760872373
11815,wind_offshore,2030,43,7,7,-0.04612650760872373
11816,wind_offshore,2030,43,8,8,-0.04612650760872373
11817,wind_offshore,2030,43,9,9,-0.04612650760872373
11818,wind_offshore,2030,43,10,10,-0.04612650760872373
11819,wind_offshore,2030,43,11,11,-0.04612650760872373
11820,wind_offshore,2030,43,12,12,-0.04612650760872373
11821,wind_offshore,2030,43,13,13,-0.04612650760872373
11822,wind_offshore,2030,43,14,14,-0.04612650760872373
11823,wind_offshore,2030,43,15,15,-0.04612650760872373
11824,wind_offshore,2030,43,16,16,-0.04612650760872373
11825,wind_offshore,2030,43,17,17,-0.04612650760872373
11826,wind_offshore,2030,43,18,18,-0.04612650760872373
11827,wind_offshore,2030,43,19,19,-0.06618151091686447
11828,wind_offshore,2030,43,20,20,-0.06618151091686447
11829,wind_offshore,2030,43,21,21,-0.04612650760872373
11830,wind_offshore,2030,43,22,22,-0.04612650760872373
11831,wind_offshore,2030,43,23,23,-0.04612650760872373
11832,wind_offshore,2030,43,24,24,-0.04612650760872373
11833,wind_offshore,2030,44,1,1,-0.04609571234722419
11834,wind_offshore,2030,44,2,2,-0.04609571234722419
11835,wind_offshore,2030,44,3,3,-0.04609571234722419
11836,wind_offshore,2030,44,4,4,-0.04609571234722419
11837,wind_offshore,2030,44,5,5,-0.04609571234722419
11838,wind_offshore,2030,44,6,6,-0.04609571234722419
11839,wind_offshore,2030,44,7,7,-0.04609571234722419
11840,wind_offshore,2030,44,8,8,-0.04609571234722419
11841,wind_offshore,2030,44,9,9,-0.04609571234722419
11842,wind_offshore,2030,44,10,10,-0.04609571234722419
11843,wind_offshore,2030,44,11,11,-0.04609571234722419
11844,wind_offshore,2030,44,12,12,-0.04609571234722419
11845,wind_offshore,2030,44,13,13,-0.04609571234722419
11846,wind_offshore,2030,44,14,14,-0.04609571234722419
11847,wind_offshore,2030,44,15,15,-0.04609571234722419
11848,wind_offshore,2030,44,16,16,-0.04609571234722419
11849,wind_offshore,2030,44,17,17,-0.04609571234722419
11850,wind_offshore,2030,44,18,18,-0.04609571234722419
11851,wind_offshore,2030,44,19,19,-0.04609571234722419
11852,wind_offshore,2030,44,20,20,-0.04609571234722419
11853,wind_offshore,2030,44,21,21,-0.04609571234722419
11854,wind_offshore,2030,44,22,22,-0.04609571234722419
11855,wind_offshore,2030,44,23,23,-0.04609571234722419
11856,wind_offshore,2030,44,24,24,-0.04609571234722419
11857,wind_offshore,2030,45,1,1,-0.16567346868951266
11858,wind_offshore,2030,45,2,2,-0.16567346868951266
11859,wind_offshore,2030,45,3,3,-0.16567346868951266
11860,wind_offshore,2030,45,4,4,-0.16567346868951266
11861,wind_offshore,2030,45,5,5,-0.16567346868951266
11862,wind_offshore,2030,45,6,6,-0.16567346868951266
11863,wind_offshore,2030,45,7,7,-0.16567346868951266
11864,wind_offshore,2030,45,8,8,-0.16567346868951266
11865,wind_offshore,2030,45,9,9,-0.16567346868951266
11866,wind_offshore,2030,45,10,10,-0.16567346868951266
11867,wind_offshore,2030,45,11,11,-0.16567346868951266
11868,wind_offshore,2030,45,12,12,-0.16567346868951266
11869,wind_offshore,2030,45,13,13,-0.16567346868951266
11870,wind_offshore,2030,45,14,14,-0.16567346868951266
11871,wind_offshore,2030,45,15,15,-0.16567346868951266
11872,wind_offshore,2030,45,16,16,-0.16567346868951266
11873,wind_offshore,2030,45,17,17,-0.16567346868951266
11874,wind_offshore,2030,45,18,18,-0.16567346868951266
11875,wind_offshore,2030,45,19,19,-0.16567346868951266
11876,wind_offshore,2030,45,20,20,-0.16567346868951266
11877,wind_offshore,2030,45,21,21,-0.16567346868951266
11878,wind_offshore,2030,45,22,22,-0.16567346868951266
11879,wind_offshore,2030,45,23,23,-0.16567346868951266
11880,wind_offshore,2030,45,24,24,-0.16567346868951266
11881,wind_offshore,2030,46,1,1,-0.025781201235980912
11882,wind_offshore,2030,46,2,2,-0.025781201235980912
11883,wind_offshore,2030,46,3,3,-0.025781201235980912
11884,wind_offshore,2030,46,4,4,-0.025781201235980912
11885,wind_offshore,2030,46,5,5,-0.025781201235980912
11886,wind_offshore,2030,46,6,6,-0.025781201235980912
11887,wind_offshore,2030,46,7,7,-0.025781201235980912
11888,wind_offshore,2030,46,8,8,-0.025781201235980912
11889,wind_offshore,2030,46,9,9,-0.025781201235980912
11890,wind_offshore,2030,46,10,10,-0.025781201235980912
11891,wind_offshore,2030,46,11,11,-0.025781201235980912
11892,wind_offshore,2030,46,12,12,-0.025781201235980912
11893,wind_offshore,2030,46,13,13,-0.025781201235980912
11894,wind_offshore,2030,46,14,14,-0.025781201235980912
11895,wind_offshore,2030,46,15,15,-0.025781201235980912
11896,wind_offshore,2030,46,16,16,-0.025781201235980912
11897,wind_offshore,2030,46,17,17,-0.025781201235980912
11898,wind_offshore,2030,46,18,18,-0.03699041916466827
11899,wind_offshore,2030,46,19,19,-0.03699041916466827
11900,wind_offshore,2030,46,20,20,-0.03699041916466827
11901,wind_offshore,2030,46,21,21,-0.03699041916466827
11902,wind_offshore,2030,46,22,22,-0.025781201235980912
11903,wind_offshore,2030,46,23,23,-0.025781201235980912
11904,wind_offshore,2030,46,24,24,-0.025781201235980912
11905,wind_offshore,2030,47,1,1,-0.035155877562374406
11906,wind_offshore,2030,47,2,2,-0.035155877562374406
11907,wind_offshore,2030,47,3,3,-0.035155877562374406
11908,wind_offshore,2030,47,4,4,-0.035155877562374406
11909,wind_offshore,2030,47,5,5,-0.035155877562374406
11910,wind_offshore,2030,47,6,6,-0.035155877562374406
11911,wind_offshore,2030,47,7,7,-0.035155877562374406
11912,wind_offshore,2030,47,8,8,-0.035155877562374406
11913,wind_offshore,2030,47,9,9,-0.035155877562374406
11914,wind_offshore,2030,47,10,10,-0.035155877562374406
11915,wind_offshore,2030,47,11,11,-0.035155877562374406
11916,wind_offshore,2030,47,12,12,-0.035155877562374406
11917,wind_offshore,2030,47,13,13,-0.035155877562374406
11918,wind_offshore,2030,47,14,14,-0.035155877562374406
11919,wind_offshore,2030,47,15,15,-0.035155877562374406
11920,wind_offshore,2030,47,16,16,-0.035155877562374406
11921,wind_offshore,2030,47,17,17,-0.035155877562374406
11922,wind_offshore,2030,47,18,18,-0.0504410417199285
11923,wind_offshore,2030,47,19,19,-0.0504410417199285
11924,wind_offshore,2030,47,20,20,-0.0504410417199285
11925,wind_offshore,2030,47,21,21,-0.0504410417199285
11926,wind_offshore,2030,47,22,22,-0.0504410417199285
11927,wind_offshore,2030,47,23,23,-0.0504410417199285
11928,wind_offshore,2030,47,24,24,-0.035155877562374406
11929,wind_offshore,2030,48,1,1,-0.02492078526012366
11930,wind_offshore,2030,48,2,2,-0.02492078526012366
11931,wind_offshore,2030,48,3,3,-0.02492078526012366
11932,wind_offshore,2030,48,4,4,-0.02492078526012366
11933,wind_offshore,2030,48,5,5,-0.02492078526012366
11934,wind_offshore,2030,48,6,6,-0.02492078526012366
11935,wind_offshore,2030,48,7,7,-0.02492078526012366
11936,wind_offshore,2030,48,8,8,-0.02492078526012366
11937,wind_offshore,2030,48,9,9,-0.02492078526012366
11938,wind_offshore,2030,48,10,10,-0.02492078526012366
11939,wind_offshore,2030,48,11,11,-0.02492078526012366
11940,wind_offshore,2030,48,12,12,-0.02492078526012366
11941,wind_offshore,2030,48,13,13,-0.02492078526012366
11942,wind_offshore,2030,48,14,14,-0.02492078526012366
11943,wind_offshore,2030,48,15,15,-0.02492078526012366
11944,wind_offshore,2030,48,16,16,-0.02492078526012366
11945,wind_offshore,2030,48,17,17,-0.02492078526012366
11946,wind_offshore,2030,48,18,18,-0.02492078526012366
11947,wind_offshore,2030,48,19,19,-0.03575590928626438
11948,wind_offshore,2030,48,20,20,-0.03575590928626438
11949,wind_offshore,2030,48,21,21,-0.03575590928626438
11950,wind_offshore,2030,48,22,22,-0.02492078526012366
11951,wind_offshore,2030,48,23,23,-0.02492078526012366
11952,wind_offshore,2030,48,24,24,-0.02492078526012366
11953,wind_offshore,2030,49,1,1,-0.045994330782212246
11954,wind_offshore,2030,49,2,2,-0.045994330782212246
11955,wind_offshore,2030,49,3,3,-0.045994330782212246
11956,wind_offshore,2030,49,4,4,-0.045994330782212246
11957,wind_offshore,2030,49,5,5,-0.045994330782212246
11958,wind_offshore,2030,49,6,6,-0.045994330782212246
11959,wind_offshore,2030,49,7,7,-0.045994330782212246
11960,wind_offshore,2030,49,8,8,-0.045994330782212246
11961,wind_offshore,2030,49,9,9,-0.045994330782212246
11962,wind_offshore,2030,49,10,10,-0.045994330782212246
11963,wind_offshore,2030,49,11,11,-0.045994330782212246
11964,wind_offshore,2030,49,12,12,-0.045994330782212246
11965,wind_offshore,2030,49,13,13,-0.045994330782212246
11966,wind_offshore,2030,49,14,14,-0.045994330782212246
11967,wind_offshore,2030,49,15,15,-0.045994330782212246
11968,wind_offshore,2030,49,16,16,-0.045994330782212246
11969,wind_offshore,2030,49,17,17,-0.045994330782212246
11970,wind_offshore,2030,49,18,18,-0.045994330782212246
11971,wind_offshore,2030,49,19,19,-0.045994330782212246
11972,wind_offshore,2030,49,20,20,-0.06599186590491324
11973,wind_offshore,2030,49,21,21,-0.06599186590491324
11974,wind_offshore,2030,49,22,22,-0.045994330782212246
11975,wind_offshore,2030,49,23,23,-0.045994330782212246
11976,wind_offshore,2030,49,24,24,-0.045994330782212246
11977,wind_offshore,2030,50,1,1,-0.05943149275625502
11978,wind_offshore,2030,50,2,2,-0.05943149275625502
11979,wind_offshore,2030,50,3,3,-0.05943149275625502
11980,wind_offshore,2030,50,4,4,-0.05943149275625502
11981,wind_offshore,2030,50,5,5,-0.05943149275625502
11982,wind_offshore,2030,50,6,6,-0.05943149275625502
11983,wind_offshore,2030,50,7,7,-0.05943149275625502
11984,wind_offshore,2030,50,8,8,-0.05943149275625502
11985,wind_offshore,2030,50,9,9,-0.05943149275625502
11986,wind_offshore,2030,50,10,10,-0.05943149275625502
11987,wind_offshore,2030,50,11,11,-0.05943149275625502
11988,wind_offshore,2030,50,12,12,-0.05943149275625502
11989,wind_offshore,2030,50,13,13,-0.05943149275625502
11990,wind_offshore,2030,50,14,14,-0.05943149275625502
11991,wind_offshore,2030,50,15,15,-0.05943149275625502
11992,wind_offshore,2030,50,16,16,-0.05943149275625502
11993,wind_offshore,2030,50,17,17,-0.05943149275625502
11994,wind_offshore,2030,50,18,18,-0.05943149275625502
11995,wind_offshore,2030,50,19,19,-0.05943149275625502
11996,wind_offshore,2030,50,20,20,-0.05943149275625502
11997,wind_offshore,2030,50,21,21,-0.05943149275625502
11998,wind_offshore,2030,50,22,22,-0.05943149275625502
11999,wind_offshore,2030,50,23,23,-0.05943149275625502
12000,wind_offshore,2030,50,24,24,-0.05943149275625502
12001,wind_offshore,2030,51,1,1,-0.030098725947482786
12002,wind_offshore,2030,51,2,2,-0.030098725947482786
12003,wind_offshore,2030,51,3,3,-0.030098725947482786
12004,wind_offshore,2030,51,4,4,-0.030098725947482786
12005,wind_offshore,2030,51,5,5,-0.030098725947482786
12006,wind_offshore,2030,51,6,6,-0.030098725947482786
12007,wind_offshore,2030,51,7,7,-0.030098725947482786
12008,wind_offshore,2030,51,8,8,-0.030098725947482786
12009,wind_offshore,2030,51,9,9,-0.030098725947482786
12010,wind_offshore,2030,51,10,10,-0.030098725947482786
12011,wind_offshore,2030,51,11,11,-0.030098725947482786
12012,wind_offshore,2030,51,12,12,-0.030098725947482786
12013,wind_offshore,2030,51,13,13,-0.030098725947482786
12014,wind_offshore,2030,51,14,14,-0.030098725947482786
12015,wind_offshore,2030,51,15,15,-0.030098725947482786
12016,wind_offshore,2030,51,16,16,-0.030098725947482786
12017,wind_offshore,2030,51,17,17,-0.030098725947482786
12018,wind_offshore,2030,51,18,18,-0.030098725947482786
12019,wind_offshore,2030,51,19,19,-0.030098725947482786
12020,wind_offshore,2030,51,20,20,-0.030098725947482786
12021,wind_offshore,2030,51,21,21,-0.030098725947482786
12022,wind_offshore,2030,51,22,22,-0.030098725947482786
12023,wind_offshore,2030,51,23,23,-0.030098725947482786
12024,wind_offshore,2030,51,24,24,-0.030098725947482786
12025,wind_offshore,2030,52,1,1,-0.18277071043716586
12026,wind_offshore,2030,52,2,2,-0.18277071043716586
12027,wind_offshore,2030,52,3,3,-0.18277071043716586
12028,wind_offshore,2030,52,4,4,-0.18277071043716586
12029,wind_offshore,2030,52,5,5,-0.18277071043716586
12030,wind_offshore,2030,52,6,6,-0.18277071043716586
12031,wind_offshore,2030,52,7,7,-0.18277071043716586
12032,wind_offshore,2030,52,8,8,-0.18277071043716586
12033,wind_offshore,2030,52,9,9,-0.18277071043716586
12034,wind_offshore,2030,52,10,10,-0.18277071043716586
12035,wind_offshore,2030,52,11,11,-0.18277071043716586
12036,wind_offshore,2030,52,12,12,-0.18277071043716586
12037,wind_offshore,2030,52,13,13,-0.18277071043716586
12038,wind_offshore,2030,52,14,14,-0.18277071043716586
12039,wind_offshore,2030,52,15,15,-0.18277071043716586
12040,wind_offshore,2030,52,16,16,-0.18277071043716586
12041,wind_offshore,2030,52,17,17,-0.18277071043716586
12042,wind_offshore,2030,52,18,18,-0.18277071043716586
12043,wind_offshore,2030,52,19,19,-0.18277071043716586
12044,wind_offshore,2030,52,20,20,-0.18277071043716586
12045,wind_offshore,2030,52,21,21,-0.18277071043716586
12046,wind_offshore,2030,52,22,22,-0.18277071043716586
12047,wind_offshore,2030,52,23,23,-0.18277071043716586
12048,wind_offshore,2030,52,24,24,-0.18277071043716586
12049,wind_offshore,2030,53,1,1,-0.0433931462109534
12050,wind_offshore,2030,53,2,2,-0.0433931462109534
12051,wind_offshore,2030,53,3,3,-0.0433931462109534
12052,wind_offshore,2030,53,4,4,-0.0433931462109534
12053,wind_offshore,2030,53,5,5,-0.0433931462109534
12054,wind_offshore,2030,53,6,6,-0.0433931462109534
12055,wind_offshore,2030,53,7,7,-0.0433931462109534
12056,wind_offshore,2030,53,8,8,-0.0433931462109534
12057,wind_offshore,2030,53,9,9,-0.0433931462109534
12058,wind_offshore,2030,53,10,10,-0.0433931462109534
12059,wind_offshore,2030,53,11,11,-0.0433931462109534
12060,wind_offshore,2030,53,12,12,-0.0433931462109534
12061,wind_offshore,2030,53,13,13,-0.0433931462109534
12062,wind_offshore,2030,53,14,14,-0.0433931462109534
12063,wind_offshore,2030,53,15,15,-0.0433931462109534
12064,wind_offshore,2030,53,16,16,-0.0433931462109534
12065,wind_offshore,2030,53,17,17,-0.0433931462109534
12066,wind_offshore,2030,53,18,18,-0.0433931462109534
12067,wind_offshore,2030,53,19,19,-0.0433931462109534
12068,wind_offshore,2030,53,20,20,-0.0433931462109534
12069,wind_offshore,2030,53,21,21,-0.0433931462109534
12070,wind_offshore,2030,53,22,22,-0.0433931462109534
12071,wind_offshore,2030,53,23,23,-0.0433931462109534
12072,wind_offshore,2030,53,24,24,-0.0433931462109534
12073,wind_offshore,2030,54,1,1,-0.038276697459795485
12074,wind_offshore,2030,54,2,2,-0.038276697459795485
12075,wind_offshore,2030,54,3,3,-0.038276697459795485
12076,wind_offshore,2030,54,4,4,-0.038276697459795485
12077,wind_offshore,2030,54,5,5,-0.038276697459795485
12078,wind_offshore,2030,54,6,6,-0.038276697459795485
12079,wind_offshore,2030,54,7,7,-0.038276697459795485
12080,wind_offshore,2030,54,8,8,-0.038276697459795485
12081,wind_offshore,2030,54,9,9,-0.038276697459795485
12082,wind_offshore,2030,54,10,10,-0.038276697459795485
12083,wind_offshore,2030,54,11,11,-0.038276697459795485
12084,wind_offshore,2030,54,12,12,-0.038276697459795485
12085,wind_offshore,2030,54,13,13,-0.038276697459795485
12086,wind_offshore,2030,54,14,14,-0.038276697459795485
12087,wind_offshore,2030,54,15,15,-0.038276697459795485
12088,wind_offshore,2030,54,16,16,-0.038276697459795485
12089,wind_offshore,2030,54,17,17,-0.038276697459795485
12090,wind_offshore,2030,54,18,18,-0.038276697459795485
12091,wind_offshore,2030,54,19,19,-0.038276697459795485
12092,wind_offshore,2030,54,20,20,-0.038276697459795485
12093,wind_offshore,2030,54,21,21,-0.038276697459795485
12094,wind_offshore,2030,54,22,22,-0.038276697459795485
12095,wind_offshore,2030,54,23,23,-0.038276697459795485
12096,wind_offshore,2030,54,24,24,-0.038276697459795485
12097,wind_offshore,2030,55,1,1,-0.05980731721304906
12098,wind_offshore,2030,55,2,2,-0.05980731721304906
12099,wind_offshore,2030,55,3,3,-0.05980731721304906
12100,wind_offshore,2030,55,4,4,-0.05980731721304906
12101,wind_offshore,2030,55,5,5,-0.05980731721304906
12102,wind_offshore,2030,55,6,6,-0.05980731721304906
12103,wind_offshore,2030,55,7,7,-0.05980731721304906
12104,wind_offshore,2030,55,8,8,-0.05980731721304906
12105,wind_offshore,2030,55,9,9,-0.05980731721304906
12106,wind_offshore,2030,55,10,10,-0.05980731721304906
12107,wind_offshore,2030,55,11,11,0.0
12108,wind_offshore,2030,55,12,12,0.0
12109,wind_offshore,2030,55,13,13,0.0
12110,wind_offshore,2030,55,14,14,0.0
12111,wind_offshore,2030,55,15,15,-0.05980731721304906
12112,wind_offshore,2030,55,16,16,-0.05980731721304906
12113,wind_offshore,2030,55,17,17,-0.05980731721304906
12114,wind_offshore,2030,55,18,18,-0.05980731721304906
12115,wind_offshore,2030,55,19,19,-0.05980731721304906
12116,wind_offshore,2030,55,20,20,-0.05980731721304906
12117,wind_offshore,2030,55,21,21,-0.05980731721304906
12118,wind_offshore,2030,55,22,22,-0.05980731721304906
12119,wind_offshore,2030,55,23,23,-0.05980731721304906
12120,wind_offshore,2030,55,24,24,-0.05980731721304906
12121,wind_offshore,2030,56,1,1,-0.18303549592586296
12122,wind_offshore,2030,56,2,2,-0.18303549592586296
12123,wind_offshore,2030,56,3,3,-0.18303549592586296
12124,wind_offshore,2030,56,4,4,-0.18303549592586296
12125,wind_offshore,2030,56,5,5,-0.18303549592586296
12126,wind_offshore,2030,56,6,6,-0.18303549592586296
12127,wind_offshore,2030,56,7,7,-0.18303549592586296
12128,wind_offshore,2030,56,8,8,-0.18303549592586296
12129,wind_offshore,2030,56,9,9,-0.18303549592586296
12130,wind_offshore,2030,56,10,10,-0.18303549592586296
12131,wind_offshore,2030,56,11,11,-0.18303549592586296
12132,wind_offshore,2030,56,12,12,-0.18303549592586296
12133,wind_offshore,2030,56,13,13,0.0
12134,wind_offshore,2030,56,14,14,-0.18303549592586296
12135,wind_offshore,2030,56,15,15,-0.18303549592586296
12136,wind_offshore,2030,56,16,16,-0.18303549592586296
12137,wind_offshore,2030,56,17,17,-0.18303549592586296
12138,wind_offshore,2030,56,18,18,-0.18303549592586296
12139,wind_offshore,2030,56,19,19,-0.18303549592586296
12140,wind_offshore,2030,56,20,20,-0.18303549592586296
12141,wind_offshore,2030,56,21,21,-0.18303549592586296
12142,wind_offshore,2030,56,22,22,-0.18303549592586296
12143,wind_offshore,2030,56,23,23,-0.18303549592586296
12144,wind_offshore,2030,56,24,24,-0.18303549592586296
12145,wind_offshore,2030,57,1,1,-0.17380906017555797
12146,wind_offshore,2030,57,2,2,-0.17380906017555797
12147,wind_offshore,2030,57,3,3,-0.17380906017555797
12148,wind_offshore,2030,57,4,4,-0.17380906017555797
12149,wind_offshore,2030,57,5,5,-0.17380906017555797
12150,wind_offshore,2030,57,6,6,-0.17380906017555797
12151,wind_offshore,2030,57,7,7,-0.17380906017555797
12152,wind_offshore,2030,57,8,8,-0.17380906017555797
12153,wind_offshore,2030,57,9,9,-0.17380906017555797
12154,wind_offshore,2030,57,10,10,-0.17380906017555797
12155,wind_offshore,2030,57,11,11,-0.17380906017555797
12156,wind_offshore,2030,57,12,12,-0.17380906017555797
12157,wind_offshore,2030,57,13,13,-0.17380906017555797
12158,wind_offshore,2030,57,14,14,0.0
12159,wind_offshore,2030,57,15,15,-0.17380906017555797
12160,wind_offshore,2030,57,16,16,-0.17380906017555797
12161,wind_offshore,2030,57,17,17,-0.17380906017555797
12162,wind_offshore,2030,57,18,18,-0.17380906017555797
12163,wind_offshore,2030,57,19,19,-0.17380906017555797
12164,wind_offshore,2030,57,20,20,-0.17380906017555797
12165,wind_offshore,2030,57,21,21,-0.17380906017555797
12166,wind_offshore,2030,57,22,22,-0.17380906017555797
12167,wind_offshore,2030,57,23,23,-0.17380906017555797
12168,wind_offshore,2030,57,24,24,-0.17380906017555797
12169,wind_offshore,2030,58,1,1,-0.027912635983519504
12170,wind_offshore,2030,58,2,2,-0.027912635983519504
12171,wind_offshore,2030,58,3,3,-0.027912635983519504
12172,wind_offshore,2030,58,4,4,-0.027912635983519504
12173,wind_offshore,2030,58,5,5,-0.027912635983519504
12174,wind_offshore,2030,58,6,6,-0.027912635983519504
12175,wind_offshore,2030,58,7,7,-0.027912635983519504
12176,wind_offshore,2030,58,8,8,-0.027912635983519504
12177,wind_offshore,2030,58,9,9,-0.027912635983519504
12178,wind_offshore,2030,58,10,10,-0.027912635983519504
12179,wind_offshore,2030,58,11,11,-0.027912635983519504
12180,wind_offshore,2030,58,12,12,-0.027912635983519504
12181,wind_offshore,2030,58,13,13,-0.027912635983519504
12182,wind_offshore,2030,58,14,14,-0.027912635983519504
12183,wind_offshore,2030,58,15,15,-0.027912635983519504
12184,wind_offshore,2030,58,16,16,-0.027912635983519504
12185,wind_offshore,2030,58,17,17,-0.027912635983519504
12186,wind_offshore,2030,58,18,18,-0.027912635983519504
12187,wind_offshore,2030,58,19,19,-0.027912635983519504
12188,wind_offshore,2030,58,20,20,-0.04004856467200625
12189,wind_offshore,2030,58,21,21,-0.04004856467200625
12190,wind_offshore,2030,58,22,22,-0.04004856467200625
12191,wind_offshore,2030,58,23,23,-0.027912635983519504
12192,wind_offshore,2030,58,24,24,-0.027912635983519504
12193,wind_offshore,2030,59,1,1,-0.34426065761788
12194,wind_offshore,2030,59,2,2,-0.34426065761788
12195,wind_offshore,2030,59,3,3,-0.34426065761788
12196,wind_offshore,2030,59,4,4,-0.34426065761788
12197,wind_offshore,2030,59,5,5,-0.34426065761788
12198,wind_offshore,2030,59,6,6,-0.34426065761788
12199,wind_offshore,2030,59,7,7,-0.34426065761788
12200,wind_offshore,2030,59,8,8,-0.34426065761788
12201,wind_offshore,2030,59,9,9,-0.34426065761788
12202,wind_offshore,2030,59,10,10,-0.34426065761788
12203,wind_offshore,2030,59,11,11,-0.34426065761788
12204,wind_offshore,2030,59,12,12,-0.34426065761788
12205,wind_offshore,2030,59,13,13,-0.34426065761788
12206,wind_offshore,2030,59,14,14,-0.34426065761788
12207,wind_offshore,2030,59,15,15,-0.34426065761788
12208,wind_offshore,2030,59,16,16,-0.34426065761788
12209,wind_offshore,2030,59,17,17,-0.34426065761788
12210,wind_offshore,2030,59,18,18,-0.34426065761788
12211,wind_offshore,2030,59,19,19,-0.34426065761788
12212,wind_offshore,2030,59,20,20,-0.34426065761788
12213,wind_offshore,2030,59,21,21,-0.34426065761788
12214,wind_offshore,2030,59,22,22,-0.34426065761788
12215,wind_offshore,2030,59,23,23,-0.34426065761788
12216,wind_offshore,2030,59,24,24,-0.34426065761788
12217,wind_offshore,2030,60,1,1,-0.08233805222109364
12218,wind_offshore,2030,60,2,2,-0.08233805222109364
12219,wind_offshore,2030,60,3,3,-0.08233805222109364
12220,wind_offshore,2030,60,4,4,-0.08233805222109364
12221,wind_offshore,2030,60,5,5,-0.08233805222109364
12222,wind_offshore,2030,60,6,6,-0.08233805222109364
12223,wind_offshore,2030,60,7,7,-0.08233805222109364
12224,wind_offshore,2030,60,8,8,-0.08233805222109364
12225,wind_offshore,2030,60,9,9,-0.08233805222109364
12226,wind_offshore,2030,60,10,10,-0.08233805222109364
12227,wind_offshore,2030,60,11,11,0.0
12228,wind_offshore,2030,60,12,12,0.0
12229,wind_offshore,2030,60,13,13,0.0
12230,wind_offshore,2030,60,14,14,0.0
12231,wind_offshore,2030,60,15,15,0.0
12232,wind_offshore,2030,60,16,16,0.0
12233,wind_offshore,2030,60,17,17,-0.08233805222109364
12234,wind_offshore,2030,60,18,18,-0.08233805222109364
12235,wind_offshore,2030,60,19,19,-0.08233805222109364
12236,wind_offshore,2030,60,20,20,-0.08233805222109364
12237,wind_offshore,2030,60,21,21,-0.08233805222109364
12238,wind_offshore,2030,60,22,22,-0.08233805222109364
12239,wind_offshore,2030,60,23,23,-0.08233805222109364
12240,wind_offshore,2030,60,24,24,-0.08233805222109364
12241,wind_offshore,2030,61,1,1,-0.051177543261659714
12242,wind_offshore,2030,61,2,2,-0.051177543261659714
12243,wind_offshore,2030,61,3,3,-0.051177543261659714
12244,wind_offshore,2030,61,4,4,-0.051177543261659714
12245,wind_offshore,2030,61,5,5,-0.051177543261659714
12246,wind_offshore,2030,61,6,6,-0.051177543261659714
12247,wind_offshore,2030,61,7,7,-0.051177543261659714
12248,wind_offshore,2030,61,8,8,-0.051177543261659714
12249,wind_offshore,2030,61,9,9,-0.051177543261659714
12250,wind_offshore,2030,61,10,10,-0.051177543261659714
12251,wind_offshore,2030,61,11,11,-0.051177543261659714
12252,wind_offshore,2030,61,12,12,-0.051177543261659714
12253,wind_offshore,2030,61,13,13,-0.051177543261659714
12254,wind_offshore,2030,61,14,14,-0.051177543261659714
12255,wind_offshore,2030,61,15,15,-0.051177543261659714
12256,wind_offshore,2030,61,16,16,-0.051177543261659714
12257,wind_offshore,2030,61,17,17,-0.051177543261659714
12258,wind_offshore,2030,61,18,18,-0.051177543261659714
12259,wind_offshore,2030,61,19,19,-0.051177543261659714
12260,wind_offshore,2030,61,20,20,-0.051177543261659714
12261,wind_offshore,2030,61,21,21,-0.051177543261659714
12262,wind_offshore,2030,61,22,22,-0.051177543261659714
12263,wind_offshore,2030,61,23,23,-0.051177543261659714
12264,wind_offshore,2030,61,24,24,-0.051177543261659714
12265,wind_offshore,2030,62,1,1,-0.03563187151809065
12266,wind_offshore,2030,62,2,2,-0.03563187151809065
12267,wind_offshore,2030,62,3,3,-0.03563187151809065
12268,wind_offshore,2030,62,4,4,-0.03563187151809065
12269,wind_offshore,2030,62,5,5,-0.03563187151809065
12270,wind_offshore,2030,62,6,6,-0.03563187151809065
12271,wind_offshore,2030,62,7,7,-0.03563187151809065
12272,wind_offshore,2030,62,8,8,-0.03563187151809065
12273,wind_offshore,2030,62,9,9,-0.03563187151809065
12274,wind_offshore,2030,62,10,10,-0.03563187151809065
12275,wind_offshore,2030,62,11,11,-0.03563187151809065
12276,wind_offshore,2030,62,12,12,-0.03563187151809065
12277,wind_offshore,2030,62,13,13,-0.03563187151809065
12278,wind_offshore,2030,62,14,14,-0.03563187151809065
12279,wind_offshore,2030,62,15,15,-0.03563187151809065
12280,wind_offshore,2030,62,16,16,-0.03563187151809065
12281,wind_offshore,2030,62,17,17,-0.03563187151809065
12282,wind_offshore,2030,62,18,18,-0.03563187151809065
12283,wind_offshore,2030,62,19,19,-0.03563187151809065
12284,wind_offshore,2030,62,20,20,-0.03563187151809065
12285,wind_offshore,2030,62,21,21,-0.03563187151809065
12286,wind_offshore,2030,62,22,22,-0.03563187151809065
12287,wind_offshore,2030,62,23,23,-0.03563187151809065
12288,wind_offshore,2030,62,24,24,-0.03563187151809065
12289,wind_offshore,2030,63,1,1,-0.03108871899912951
12290,wind_offshore,2030,63,2,2,-0.03108871899912951
12291,wind_offshore,2030,63,3,3,-0.03108871899912951
12292,wind_offshore,2030,63,4,4,-0.03108871899912951
12293,wind_offshore,2030,63,5,5,-0.03108871899912951
12294,wind_offshore,2030,63,6,6,-0.03108871899912951
12295,wind_offshore,2030,63,7,7,-0.03108871899912951
12296,wind_offshore,2030,63,8,8,-0.03108871899912951
12297,wind_offshore,2030,63,9,9,-0.03108871899912951
12298,wind_offshore,2030,63,10,10,-0.03108871899912951
12299,wind_offshore,2030,63,11,11,-0.03108871899912951
12300,wind_offshore,2030,63,12,12,-0.03108871899912951
12301,wind_offshore,2030,63,13,13,-0.03108871899912951
12302,wind_offshore,2030,63,14,14,-0.03108871899912951
12303,wind_offshore,2030,63,15,15,-0.03108871899912951
12304,wind_offshore,2030,63,16,16,-0.03108871899912951
12305,wind_offshore,2030,63,17,17,-0.03108871899912951
12306,wind_offshore,2030,63,18,18,-0.03108871899912951
12307,wind_offshore,2030,63,19,19,-0.03108871899912951
12308,wind_offshore,2030,63,20,20,-0.03108871899912951
12309,wind_offshore,2030,63,21,21,-0.03108871899912951
12310,wind_offshore,2030,63,22,22,-0.03108871899912951
12311,wind_offshore,2030,63,23,23,-0.03108871899912951
12312,wind_offshore,2030,63,24,24,-0.03108871899912951
12313,wind_offshore,2030,64,1,1,-0.17492015910211575
12314,wind_offshore,2030,64,2,2,-0.17492015910211575
12315,wind_offshore,2030,64,3,3,-0.17492015910211575
12316,wind_offshore,2030,64,4,4,-0.17492015910211575
12317,wind_offshore,2030,64,5,5,-0.17492015910211575
12318,wind_offshore,2030,64,6,6,-0.17492015910211575
12319,wind_offshore,2030,64,7,7,-0.17492015910211575
12320,wind_offshore,2030,64,8,8,-0.17492015910211575
12321,wind_offshore,2030,64,9,9,-0.17492015910211575
12322,wind_offshore,2030,64,10,10,-0.17492015910211575
12323,wind_offshore,2030,64,11,11,-0.17492015910211575
12324,wind_offshore,2030,64,12,12,-0.17492015910211575
12325,wind_offshore,2030,64,13,13,-0.17492015910211575
12326,wind_offshore,2030,64,14,14,-0.17492015910211575
12327,wind_offshore,2030,64,15,15,-0.17492015910211575
12328,wind_offshore,2030,64,16,16,-0.17492015910211575
12329,wind_offshore,2030,64,17,17,-0.17492015910211575
12330,wind_offshore,2030,64,18,18,-0.17492015910211575
12331,wind_offshore,2030,64,19,19,-0.17492015910211575
12332,wind_offshore,2030,64,20,20,-0.17492015910211575
12333,wind_offshore,2030,64,21,21,-0.17492015910211575
12334,wind_offshore,2030,64,22,22,-0.17492015910211575
12335,wind_offshore,2030,64,23,23,-0.17492015910211575
12336,wind_offshore,2030,64,24,24,-0.17492015910211575
12337,wind_offshore,2030,65,1,1,-0.04852871145307398
12338,wind_offshore,2030,65,2,2,-0.04852871145307398
12339,wind_offshore,2030,65,3,3,-0.04852871145307398
12340,wind_offshore,2030,65,4,4,-0.04852871145307398
12341,wind_offshore,2030,65,5,5,-0.04852871145307398
12342,wind_offshore,2030,65,6,6,-0.04852871145307398
12343,wind_offshore,2030,65,7,7,-0.04852871145307398
12344,wind_offshore,2030,65,8,8,-0.04852871145307398
12345,wind_offshore,2030,65,9,9,-0.04852871145307398
12346,wind_offshore,2030,65,10,10,-0.04852871145307398
12347,wind_offshore,2030,65,11,11,0.0
12348,wind_offshore,2030,65,12,12,0.0
12349,wind_offshore,2030,65,13,13,0.0
12350,wind_offshore,2030,65,14,14,0.0
12351,wind_offshore,2030,65,15,15,-0.04852871145307398
12352,wind_offshore,2030,65,16,16,-0.04852871145307398
12353,wind_offshore,2030,65,17,17,-0.04852871145307398
12354,wind_offshore,2030,65,18,18,-0.04852871145307398
12355,wind_offshore,2030,65,19,19,-0.04852871145307398
12356,wind_offshore,2030,65,20,20,-0.04852871145307398
12357,wind_offshore,2030,65,21,21,-0.04852871145307398
12358,wind_offshore,2030,65,22,22,-0.04852871145307398
12359,wind_offshore,2030,65,23,23,-0.04852871145307398
12360,wind_offshore,2030,65,24,24,-0.04852871145307398
12361,wind_offshore,2030,66,1,1,-0.9901719648943853
12362,wind_offshore,2030,66,2,2,-0.9901719648943853
12363,wind_offshore,2030,66,3,3,-0.9901719648943853
12364,wind_offshore,2030,66,4,4,-0.9901719648943853
12365,wind_offshore,2030,66,5,5,-0.9901719648943853
12366,wind_offshore,2030,66,6,6,-0.9901719648943853
12367,wind_offshore,2030,66,7,7,-0.9901719648943853
12368,wind_offshore,2030,66,8,8,-0.9901719648943853
12369,wind_offshore,2030,66,9,9,-0.9901719648943853
12370,wind_offshore,2030,66,10,10,-0.9901719648943853
12371,wind_offshore,2030,66,11,11,-0.9901719648943853
12372,wind_offshore,2030,66,12,12,-0.9901719648943853
12373,wind_offshore,2030,66,13,13,-0.9901719648943853
12374,wind_offshore,2030,66,14,14,-0.9901719648943853
12375,wind_offshore,2030,66,15,15,-0.9901719648943853
12376,wind_offshore,2030,66,16,16,-0.9901719648943853
12377,wind_offshore,2030,66,17,17,-0.9901719648943853
12378,wind_offshore,2030,66,18,18,-0.9901719648943853
12379,wind_offshore,2030,66,19,19,-0.9901719648943853
12380,wind_offshore,2030,66,20,20,-0.9901719648943853
12381,wind_offshore,2030,66,21,21,-0.9901719648943853
12382,wind_offshore,2030,66,22,22,-0.9901719648943853
12383,wind_offshore,2030,66,23,23,-0.9901719648943853
12384,wind_offshore,2030,66,24,24,-0.9901719648943853
12385,wind_offshore,2030,67,1,1,-0.36393198160022083
12386,wind_offshore,2030,67,2,2,-0.36393198160022083
12387,wind_offshore,2030,67,3,3,-0.36393198160022083
12388,wind_offshore,2030,67,4,4,-0.36393198160022083
12389,wind_offshore,2030,67,5,5,-0.36393198160022083
12390,wind_offshore,2030,67,6,6,-0.36393198160022083
12391,wind_offshore,2030,67,7,7,-0.36393198160022083
12392,wind_offshore,2030,67,8,8,-0.36393198160022083
12393,wind_offshore,2030,67,9,9,-0.36393198160022083
12394,wind_offshore,2030,67,10,10,-0.36393198160022083
12395,wind_offshore,2030,67,11,11,-0.36393198160022083
12396,wind_offshore,2030,67,12,12,-0.36393198160022083
12397,wind_offshore,2030,67,13,13,-0.36393198160022083
12398,wind_offshore,2030,67,14,14,-0.36393198160022083
12399,wind_offshore,2030,67,15,15,-0.36393198160022083
12400,wind_offshore,2030,67,16,16,-0.36393198160022083
12401,wind_offshore,2030,67,17,17,-0.36393198160022083
12402,wind_offshore,2030,67,18,18,-0.36393198160022083
12403,wind_offshore,2030,67,19,19,-0.36393198160022083
12404,wind_offshore,2030,67,20,20,-0.522163277948143
12405,wind_offshore,2030,67,21,21,-0.36393198160022083
12406,wind_offshore,2030,67,22,22,-0.36393198160022083
12407,wind_offshore,2030,67,23,23,-0.36393198160022083
12408,wind_offshore,2030,67,24,24,-0.36393198160022083
12409,wind_offshore,2030,68,1,1,-0.08598126912959572
12410,wind_offshore,2030,68,2,2,-0.08598126912959572
12411,wind_offshore,2030,68,3,3,-0.08598126912959572
12412,wind_offshore,2030,68,4,4,-0.08598126912959572
12413,wind_offshore,2030,68,5,5,-0.08598126912959572
12414,wind_offshore,2030,68,6,6,-0.08598126912959572
12415,wind_offshore,2030,68,7,7,-0.08598126912959572
12416,wind_offshore,2030,68,8,8,-0.08598126912959572
12417,wind_offshore,2030,68,9,9,-0.08598126912959572
12418,wind_offshore,2030,68,10,10,-0.08598126912959572
12419,wind_offshore,2030,68,11,11,-0.08598126912959572
12420,wind_offshore,2030,68,12,12,-0.08598126912959572
12421,wind_offshore,2030,68,13,13,-0.08598126912959572
12422,wind_offshore,2030,68,14,14,-0.08598126912959572
12423,wind_offshore,2030,68,15,15,-0.08598126912959572
12424,wind_offshore,2030,68,16,16,-0.08598126912959572
12425,wind_offshore,2030,68,17,17,-0.08598126912959572
12426,wind_offshore,2030,68,18,18,-0.08598126912959572
12427,wind_offshore,2030,68,19,19,-0.08598126912959572
12428,wind_offshore,2030,68,20,20,-0.08598126912959572
12429,wind_offshore,2030,68,21,21,-0.08598126912959572
12430,wind_offshore,2030,68,22,22,-0.08598126912959572
12431,wind_offshore,2030,68,23,23,-0.08598126912959572
12432,wind_offshore,2030,68,24,24,-0.08598126912959572
12433,wind_offshore,2030,69,1,1,-0.1009047694572281
12434,wind_offshore,2030,69,2,2,-0.1009047694572281
12435,wind_offshore,2030,69,3,3,-0.1009047694572281
12436,wind_offshore,2030,69,4,4,-0.1009047694572281
12437,wind_offshore,2030,69,5,5,-0.1009047694572281
12438,wind_offshore,2030,69,6,6,-0.1009047694572281
12439,wind_offshore,2030,69,7,7,-0.1009047694572281
12440,wind_offshore,2030,69,8,8,-0.1009047694572281
12441,wind_offshore,2030,69,9,9,-0.1009047694572281
12442,wind_offshore,2030,69,10,10,-0.1009047694572281
12443,wind_offshore,2030,69,11,11,-0.1009047694572281
12444,wind_offshore,2030,69,12,12,0.0
12445,wind_offshore,2030,69,13,13,0.0
12446,wind_offshore,2030,69,14,14,0.0
12447,wind_offshore,2030,69,15,15,0.0
12448,wind_offshore,2030,69,16,16,-0.1009047694572281
12449,wind_offshore,2030,69,17,17,-0.1009047694572281
12450,wind_offshore,2030,69,18,18,-0.1009047694572281
12451,wind_offshore,2030,69,19,19,-0.1009047694572281
12452,wind_offshore,2030,69,20,20,-0.1009047694572281
12453,wind_offshore,2030,69,21,21,-0.1009047694572281
12454,wind_offshore,2030,69,22,22,-0.1009047694572281
12455,wind_offshore,2030,69,23,23,-0.1009047694572281
12456,wind_offshore,2030,69,24,24,-0.1009047694572281
12457,wind_offshore,2030,70,1,1,-0.37848908104388346
12458,wind_offshore,2030,70,2,2,-0.37848908104388346
12459,wind_offshore,2030,70,3,3,-0.37848908104388346
12460,wind_offshore,2030,70,4,4,-0.37848908104388346
12461,wind_offshore,2030,70,5,5,-0.37848908104388346
12462,wind_offshore,2030,70,6,6,-0.37848908104388346
12463,wind_offshore,2030,70,7,7,-0.37848908104388346
12464,wind_offshore,2030,70,8,8,-0.37848908104388346
12465,wind_offshore,2030,70,9,9,-0.37848908104388346
12466,wind_offshore,2030,70,10,10,-0.37848908104388346
12467,wind_offshore,2030,70,11,11,-0.37848908104388346
12468,wind_offshore,2030,70,12,12,-0.37848908104388346
12469,wind_offshore,2030,70,13,13,-0.37848908104388346
12470,wind_offshore,2030,70,14,14,-0.37848908104388346
12471,wind_offshore,2030,70,15,15,-0.37848908104388346
12472,wind_offshore,2030,70,16,16,-0.37848908104388346
12473,wind_offshore,2030,70,17,17,-0.37848908104388346
12474,wind_offshore,2030,70,18,18,-0.37848908104388346
12475,wind_offshore,2030,70,19,19,-0.37848908104388346
12476,wind_offshore,2030,70,20,20,-0.37848908104388346
12477,wind_offshore,2030,70,21,21,-0.37848908104388346
12478,wind_offshore,2030,70,22,22,-0.37848908104388346
12479,wind_offshore,2030,70,23,23,-0.37848908104388346
12480,wind_offshore,2030,70,24,24,-0.37848908104388346
12481,wind_offshore,2030,71,1,1,-0.031148440823964674
12482,wind_offshore,2030,71,2,2,-0.031148440823964674
12483,wind_offshore,2030,71,3,3,-0.031148440823964674
12484,wind_offshore,2030,71,4,4,-0.031148440823964674
12485,wind_offshore,2030,71,5,5,-0.031148440823964674
12486,wind_offshore,2030,71,6,6,-0.031148440823964674
12487,wind_offshore,2030,71,7,7,-0.031148440823964674
12488,wind_offshore,2030,71,8,8,-0.031148440823964674
12489,wind_offshore,2030,71,9,9,-0.031148440823964674
12490,wind_offshore,2030,71,10,10,-0.031148440823964674
12491,wind_offshore,2030,71,11,11,-0.031148440823964674
12492,wind_offshore,2030,71,12,12,-0.031148440823964674
12493,wind_offshore,2030,71,13,13,-0.031148440823964674
12494,wind_offshore,2030,71,14,14,-0.031148440823964674
12495,wind_offshore,2030,71,15,15,-0.031148440823964674
12496,wind_offshore,2030,71,16,16,-0.031148440823964674
12497,wind_offshore,2030,71,17,17,-0.031148440823964674
12498,wind_offshore,2030,71,18,18,-0.031148440823964674
12499,wind_offshore,2030,71,19,19,-0.031148440823964674
12500,wind_offshore,2030,71,20,20,-0.031148440823964674
12501,wind_offshore,2030,71,21,21,-0.031148440823964674
12502,wind_offshore,2030,71,22,22,-0.031148440823964674
12503,wind_offshore,2030,71,23,23,-0.031148440823964674
12504,wind_offshore,2030,71,24,24,-0.031148440823964674
12505,wind_offshore,2030,72,1,1,0.0
12506,wind_offshore,2030,72,2,2,0.0
12507,wind_offshore,2030,72,3,3,0.0
12508,wind_offshore,2030,72,4,4,0.0
12509,wind_offshore,2030,72,5,5,0.0
12510,wind_offshore,2030,72,6,6,-0.14923141620683789
12511,wind_offshore,2030,72,7,7,-0.14923141620683789
12512,wind_offshore,2030,72,8,8,-0.14923141620683789
12513,wind_offshore,2030,72,9,9,-0.14923141620683789
12514,wind_offshore,2030,72,10,10,-0.14923141620683789
12515,wind_offshore,2030,72,11,11,-0.14923141620683789
12516,wind_offshore,2030,72,12,12,0.0
12517,wind_offshore,2030,72,13,13,0.0
12518,wind_offshore,2030,72,14,14,0.0
12519,wind_offshore,2030,72,15,15,0.0
12520,wind_offshore,2030,72,16,16,0.0
12521,wind_offshore,2030,72,17,17,-0.14923141620683789
12522,wind_offshore,2030,72,18,18,-0.14923141620683789
12523,wind_offshore,2030,72,19,19,-0.14923141620683789
12524,wind_offshore,2030,72,20,20,-0.14923141620683789
12525,wind_offshore,2030,72,21,21,-0.14923141620683789
12526,wind_offshore,2030,72,22,22,-0.14923141620683789
12527,wind_offshore,2030,72,23,23,-0.14923141620683789
12528,wind_offshore,2030,72,24,24,-0.14923141620683789
12529,wind_offshore,2030,73,1,1,-0.16112757360151383
12530,wind_offshore,2030,73,2,2,-0.16112757360151383
12531,wind_offshore,2030,73,3,3,-0.16112757360151383
12532,wind_offshore,2030,73,4,4,-0.16112757360151383
12533,wind_offshore,2030,73,5,5,-0.16112757360151383
12534,wind_offshore,2030,73,6,6,-0.16112757360151383
12535,wind_offshore,2030,73,7,7,-0.16112757360151383
12536,wind_offshore,2030,73,8,8,-0.16112757360151383
12537,wind_offshore,2030,73,9,9,-0.16112757360151383
12538,wind_offshore,2030,73,10,10,-0.16112757360151383
12539,wind_offshore,2030,73,11,11,-0.16112757360151383
12540,wind_offshore,2030,73,12,12,-0.16112757360151383
12541,wind_offshore,2030,73,13,13,-0.16112757360151383
12542,wind_offshore,2030,73,14,14,0.0
12543,wind_offshore,2030,73,15,15,-0.16112757360151383
12544,wind_offshore,2030,73,16,16,-0.16112757360151383
12545,wind_offshore,2030,73,17,17,-0.16112757360151383
12546,wind_offshore,2030,73,18,18,-0.16112757360151383
12547,wind_offshore,2030,73,19,19,-0.16112757360151383
12548,wind_offshore,2030,73,20,20,-0.16112757360151383
12549,wind_offshore,2030,73,21,21,-0.16112757360151383
12550,wind_offshore,2030,73,22,22,-0.16112757360151383
12551,wind_offshore,2030,73,23,23,-0.16112757360151383
12552,wind_offshore,2030,73,24,24,-0.16112757360151383
12553,wind_offshore,2030,74,1,1,-0.07440208808913332
12554,wind_offshore,2030,74,2,2,-0.07440208808913332
12555,wind_offshore,2030,74,3,3,-0.07440208808913332
12556,wind_offshore,2030,74,4,4,-0.07440208808913332
12557,wind_offshore,2030,74,5,5,-0.07440208808913332
12558,wind_offshore,2030,74,6,6,-0.07440208808913332
12559,wind_offshore,2030,74,7,7,-0.07440208808913332
12560,wind_offshore,2030,74,8,8,-0.07440208808913332
12561,wind_offshore,2030,74,9,9,-0.07440208808913332
12562,wind_offshore,2030,74,10,10,-0.07440208808913332
12563,wind_offshore,2030,74,11,11,-0.07440208808913332
12564,wind_offshore,2030,74,12,12,-0.07440208808913332
12565,wind_offshore,2030,74,13,13,-0.07440208808913332
12566,wind_offshore,2030,74,14,14,0.0
12567,wind_offshore,2030,74,15,15,-0.07440208808913332
12568,wind_offshore,2030,74,16,16,-0.07440208808913332
12569,wind_offshore,2030,74,17,17,-0.07440208808913332
12570,wind_offshore,2030,74,18,18,-0.07440208808913332
12571,wind_offshore,2030,74,19,19,-0.07440208808913332
12572,wind_offshore,2030,74,20,20,-0.07440208808913332
12573,wind_offshore,2030,74,21,21,-0.07440208808913332
12574,wind_offshore,2030,74,22,22,-0.07440208808913332
12575,wind_offshore,2030,74,23,23,-0.07440208808913332
12576,wind_offshore,2030,74,24,24,-0.07440208808913332
12577,wind_offshore,2030,75,1,1,-0.11528563940957774
12578,wind_offshore,2030,75,2,2,-0.11528563940957774
12579,wind_offshore,2030,75,3,3,-0.11528563940957774
12580,wind_offshore,2030,75,4,4,-0.11528563940957774
12581,wind_offshore,2030,75,5,5,-0.11528563940957774
12582,wind_offshore,2030,75,6,6,-0.11528563940957774
12583,wind_offshore,2030,75,7,7,-0.11528563940957774
12584,wind_offshore,2030,75,8,8,-0.11528563940957774
12585,wind_offshore,2030,75,9,9,-0.11528563940957774
12586,wind_offshore,2030,75,10,10,-0.11528563940957774
12587,wind_offshore,2030,75,11,11,-0.11528563940957774
12588,wind_offshore,2030,75,12,12,-0.11528563940957774
12589,wind_offshore,2030,75,13,13,-0.11528563940957774
12590,wind_offshore,2030,75,14,14,-0.11528563940957774
12591,wind_offshore,2030,75,15,15,-0.11528563940957774
12592,wind_offshore,2030,75,16,16,-0.11528563940957774
12593,wind_offshore,2030,75,17,17,-0.11528563940957774
12594,wind_offshore,2030,75,18,18,-0.11528563940957774
12595,wind_offshore,2030,75,19,19,-0.11528563940957774
12596,wind_offshore,2030,75,20,20,-0.11528563940957774
12597,wind_offshore,2030,75,21,21,-0.11528563940957774
12598,wind_offshore,2030,75,22,22,-0.11528563940957774
12599,wind_offshore,2030,75,23,23,-0.11528563940957774
12600,wind_offshore,2030,75,24,24,-0.11528563940957774
12601,wind_offshore,2030,76,1,1,-0.0503039416778375
12602,wind_offshore,2030,76,2,2,-0.0503039416778375
12603,wind_offshore,2030,76,3,3,-0.0503039416778375
12604,wind_offshore,2030,76,4,4,-0.0503039416778375
12605,wind_offshore,2030,76,5,5,-0.0503039416778375
12606,wind_offshore,2030,76,6,6,-0.0503039416778375
12607,wind_offshore,2030,76,7,7,-0.0503039416778375
12608,wind_offshore,2030,76,8,8,-0.0503039416778375
12609,wind_offshore,2030,76,9,9,-0.0503039416778375
12610,wind_offshore,2030,76,10,10,-0.0503039416778375
12611,wind_offshore,2030,76,11,11,-0.0503039416778375
12612,wind_offshore,2030,76,12,12,-0.0503039416778375
12613,wind_offshore,2030,76,13,13,-0.0503039416778375
12614,wind_offshore,2030,76,14,14,-0.0503039416778375
12615,wind_offshore,2030,76,15,15,-0.0503039416778375
12616,wind_offshore,2030,76,16,16,-0.0503039416778375
12617,wind_offshore,2030,76,17,17,-0.0503039416778375
12618,wind_offshore,2030,76,18,18,-0.0503039416778375
12619,wind_offshore,2030,76,19,19,-0.0503039416778375
12620,wind_offshore,2030,76,20,20,-0.0503039416778375
12621,wind_offshore,2030,76,21,21,-0.0503039416778375
12622,wind_offshore,2030,76,22,22,-0.0503039416778375
12623,wind_offshore,2030,76,23,23,-0.0503039416778375
12624,wind_offshore,2030,76,24,24,-0.0503039416778375
12625,wind_offshore,2030,77,1,1,-0.04375480085479685
12626,wind_offshore,2030,77,2,2,-0.04375480085479685
12627,wind_offshore,2030,77,3,3,-0.04375480085479685
12628,wind_offshore,2030,77,4,4,-0.04375480085479685
12629,wind_offshore,2030,77,5,5,-0.04375480085479685
12630,wind_offshore,2030,77,6,6,-0.04375480085479685
12631,wind_offshore,2030,77,7,7,-0.04375480085479685
12632,wind_offshore,2030,77,8,8,-0.04375480085479685
12633,wind_offshore,2030,77,9,9,-0.04375480085479685
12634,wind_offshore,2030,77,10,10,-0.04375480085479685
12635,wind_offshore,2030,77,11,11,-0.04375480085479685
12636,wind_offshore,2030,77,12,12,-0.04375480085479685
12637,wind_offshore,2030,77,13,13,-0.04375480085479685
12638,wind_offshore,2030,77,14,14,-0.04375480085479685
12639,wind_offshore,2030,77,15,15,-0.04375480085479685
12640,wind_offshore,2030,77,16,16,-0.04375480085479685
12641,wind_offshore,2030,77,17,17,-0.04375480085479685
12642,wind_offshore,2030,77,18,18,-0.04375480085479685
12643,wind_offshore,2030,77,19,19,-0.04375480085479685
12644,wind_offshore,2030,77,20,20,-0.04375480085479685
12645,wind_offshore,2030,77,21,21,-0.04375480085479685
12646,wind_offshore,2030,77,22,22,-0.04375480085479685
12647,wind_offshore,2030,77,23,23,-0.04375480085479685
12648,wind_offshore,2030,77,24,24,-0.04375480085479685
12649,wind_offshore,2030,78,1,1,-0.0864288186135781
12650,wind_offshore,2030,78,2,2,-0.0864288186135781
12651,wind_offshore,2030,78,3,3,-0.0864288186135781
12652,wind_offshore,2030,78,4,4,-0.0864288186135781
12653,wind_offshore,2030,78,5,5,-0.0864288186135781
12654,wind_offshore,2030,78,6,6,-0.0864288186135781
12655,wind_offshore,2030,78,7,7,-0.0864288186135781
12656,wind_offshore,2030,78,8,8,-0.0864288186135781
12657,wind_offshore,2030,78,9,9,-0.0864288186135781
12658,wind_offshore,2030,78,10,10,-0.0864288186135781
12659,wind_offshore,2030,78,11,11,-0.0864288186135781
12660,wind_offshore,2030,78,12,12,-0.0864288186135781
12661,wind_offshore,2030,78,13,13,-0.0864288186135781
12662,wind_offshore,2030,78,14,14,-0.0864288186135781
12663,wind_offshore,2030,78,15,15,-0.0864288186135781
12664,wind_offshore,2030,78,16,16,-0.0864288186135781
12665,wind_offshore,2030,78,17,17,-0.0864288186135781
12666,wind_offshore,2030,78,18,18,-0.0864288186135781
12667,wind_offshore,2030,78,19,19,-0.0864288186135781
12668,wind_offshore,2030,78,20,20,-0.0864288186135781
12669,wind_offshore,2030,78,21,21,-0.0864288186135781
12670,wind_offshore,2030,78,22,22,-0.0864288186135781
12671,wind_offshore,2030,78,23,23,-0.0864288186135781
12672,wind_offshore,2030,78,24,24,-0.0864288186135781
12673,wind_offshore,2030,79,1,1,-0.23566098165246652
12674,wind_offshore,2030,79,2,2,-0.23566098165246652
12675,wind_offshore,2030,79,3,3,-0.23566098165246652
12676,wind_offshore,2030,79,4,4,-0.23566098165246652
12677,wind_offshore,2030,79,5,5,-0.23566098165246652
12678,wind_offshore,2030,79,6,6,-0.23566098165246652
12679,wind_offshore,2030,79,7,7,-0.23566098165246652
12680,wind_offshore,2030,79,8,8,-0.23566098165246652
12681,wind_offshore,2030,79,9,9,-0.23566098165246652
12682,wind_offshore,2030,79,10,10,-0.23566098165246652
12683,wind_offshore,2030,79,11,11,-0.23566098165246652
12684,wind_offshore,2030,79,12,12,-0.23566098165246652
12685,wind_offshore,2030,79,13,13,-0.23566098165246652
12686,wind_offshore,2030,79,14,14,0.0
12687,wind_offshore,2030,79,15,15,0.0
12688,wind_offshore,2030,79,16,16,-0.23566098165246652
12689,wind_offshore,2030,79,17,17,-0.23566098165246652
12690,wind_offshore,2030,79,18,18,-0.23566098165246652
12691,wind_offshore,2030,79,19,19,-0.23566098165246652
12692,wind_offshore,2030,79,20,20,-0.23566098165246652
12693,wind_offshore,2030,79,21,21,-0.23566098165246652
12694,wind_offshore,2030,79,22,22,-0.23566098165246652
12695,wind_offshore,2030,79,23,23,-0.23566098165246652
12696,wind_offshore,2030,79,24,24,-0.23566098165246652
12697,wind_offshore,2030,80,1,1,-0.04709218862696524
12698,wind_offshore,2030,80,2,2,-0.04709218862696524
12699,wind_offshore,2030,80,3,3,-0.04709218862696524
12700,wind_offshore,2030,80,4,4,-0.04709218862696524
12701,wind_offshore,2030,80,5,5,-0.04709218862696524
12702,wind_offshore,2030,80,6,6,-0.04709218862696524
12703,wind_offshore,2030,80,7,7,-0.04709218862696524
12704,wind_offshore,2030,80,8,8,-0.04709218862696524
12705,wind_offshore,2030,80,9,9,-0.04709218862696524
12706,wind_offshore,2030,80,10,10,-0.04709218862696524
12707,wind_offshore,2030,80,11,11,-0.04709218862696524
12708,wind_offshore,2030,80,12,12,-0.04709218862696524
12709,wind_offshore,2030,80,13,13,0.0
12710,wind_offshore,2030,80,14,14,0.0
12711,wind_offshore,2030,80,15,15,-0.04709218862696524
12712,wind_offshore,2030,80,16,16,-0.04709218862696524
12713,wind_offshore,2030,80,17,17,-0.04709218862696524
12714,wind_offshore,2030,80,18,18,-0.04709218862696524
12715,wind_offshore,2030,80,19,19,-0.04709218862696524
12716,wind_offshore,2030,80,20,20,-0.04709218862696524
12717,wind_offshore,2030,80,21,21,-0.04709218862696524
12718,wind_offshore,2030,80,22,22,-0.04709218862696524
12719,wind_offshore,2030,80,23,23,-0.04709218862696524
12720,wind_offshore,2030,80,24,24,-0.04709218862696524
12721,wind_offshore,2030,81,1,1,-0.0922823826221525
12722,wind_offshore,2030,81,2,2,-0.0922823826221525
12723,wind_offshore,2030,81,3,3,-0.0922823826221525
12724,wind_offshore,2030,81,4,4,-0.0922823826221525
12725,wind_offshore,2030,81,5,5,-0.0922823826221525
12726,wind_offshore,2030,81,6,6,-0.0922823826221525
12727,wind_offshore,2030,81,7,7,-0.0922823826221525
12728,wind_offshore,2030,81,8,8,-0.0922823826221525
12729,wind_offshore,2030,81,9,9,-0.0922823826221525
12730,wind_offshore,2030,81,10,10,-0.0922823826221525
12731,wind_offshore,2030,81,11,11,-0.0922823826221525
12732,wind_offshore,2030,81,12,12,-0.0922823826221525
12733,wind_offshore,2030,81,13,13,-0.0922823826221525
12734,wind_offshore,2030,81,14,14,-0.0922823826221525
12735,wind_offshore,2030,81,15,15,-0.0922823826221525
12736,wind_offshore,2030,81,16,16,-0.0922823826221525
12737,wind_offshore,2030,81,17,17,-0.0922823826221525
12738,wind_offshore,2030,81,18,18,-0.0922823826221525
12739,wind_offshore,2030,81,19,19,-0.0922823826221525
12740,wind_offshore,2030,81,20,20,-0.0922823826221525
12741,wind_offshore,2030,81,21,21,-0.0922823826221525
12742,wind_offshore,2030,81,22,22,-0.0922823826221525
12743,wind_offshore,2030,81,23,23,-0.0922823826221525
12744,wind_offshore,2030,81,24,24,-0.0922823826221525
12745,wind_offshore,2030,82,1,1,-0.07077922790041453
12746,wind_offshore,2030,82,2,2,-0.07077922790041453
12747,wind_offshore,2030,82,3,3,-0.07077922790041453
12748,wind_offshore,2030,82,4,4,-0.07077922790041453
12749,wind_offshore,2030,82,5,5,-0.07077922790041453
12750,wind_offshore,2030,82,6,6,-0.07077922790041453
12751,wind_offshore,2030,82,7,7,-0.07077922790041453
12752,wind_offshore,2030,82,8,8,-0.07077922790041453
12753,wind_offshore,2030,82,9,9,-0.07077922790041453
12754,wind_offshore,2030,82,10,10,-0.07077922790041453
12755,wind_offshore,2030,82,11,11,-0.07077922790041453
12756,wind_offshore,2030,82,12,12,0.0
12757,wind_offshore,2030,82,13,13,0.0
12758,wind_offshore,2030,82,14,14,0.0
12759,wind_offshore,2030,82,15,15,-0.07077922790041453
12760,wind_offshore,2030,82,16,16,-0.07077922790041453
12761,wind_offshore,2030,82,17,17,-0.07077922790041453
12762,wind_offshore,2030,82,18,18,-0.07077922790041453
12763,wind_offshore,2030,82,19,19,-0.07077922790041453
12764,wind_offshore,2030,82,20,20,-0.07077922790041453
12765,wind_offshore,2030,82,21,21,-0.07077922790041453
12766,wind_offshore,2030,82,22,22,-0.07077922790041453
12767,wind_offshore,2030,82,23,23,-0.07077922790041453
12768,wind_offshore,2030,82,24,24,-0.07077922790041453
12769,wind_offshore,2030,83,1,1,-0.08544642766340567
12770,wind_offshore,2030,83,2,2,-0.08544642766340567
12771,wind_offshore,2030,83,3,3,-0.08544642766340567
12772,wind_offshore,2030,83,4,4,-0.08544642766340567
12773,wind_offshore,2030,83,5,5,-0.08544642766340567
12774,wind_offshore,2030,83,6,6,-0.08544642766340567
12775,wind_offshore,2030,83,7,7,-0.08544642766340567
12776,wind_offshore,2030,83,8,8,-0.08544642766340567
12777,wind_offshore,2030,83,9,9,-0.08544642766340567
12778,wind_offshore,2030,83,10,10,-0.08544642766340567
12779,wind_offshore,2030,83,11,11,-0.08544642766340567
12780,wind_offshore,2030,83,12,12,-0.08544642766340567
12781,wind_offshore,2030,83,13,13,0.0
12782,wind_offshore,2030,83,14,14,0.0
12783,wind_offshore,2030,83,15,15,0.0
12784,wind_offshore,2030,83,16,16,0.0
12785,wind_offshore,2030,83,17,17,-0.08544642766340567
12786,wind_offshore,2030,83,18,18,-0.08544642766340567
12787,wind_offshore,2030,83,19,19,-0.08544642766340567
12788,wind_offshore,2030,83,20,20,-0.08544642766340567
12789,wind_offshore,2030,83,21,21,-0.08544642766340567
12790,wind_offshore,2030,83,22,22,-0.08544642766340567
12791,wind_offshore,2030,83,23,23,-0.08544642766340567
12792,wind_offshore,2030,83,24,24,-0.08544642766340567
12793,wind_offshore,2030,84,1,1,-0.030970071642753783
12794,wind_offshore,2030,84,2,2,-0.030970071642753783
12795,wind_offshore,2030,84,3,3,-0.030970071642753783
12796,wind_offshore,2030,84,4,4,-0.030970071642753783
12797,wind_offshore,2030,84,5,5,-0.030970071642753783
12798,wind_offshore,2030,84,6,6,-0.030970071642753783
12799,wind_offshore,2030,84,7,7,-0.030970071642753783
12800,wind_offshore,2030,84,8,8,-0.030970071642753783
12801,wind_offshore,2030,84,9,9,-0.030970071642753783
12802,wind_offshore,2030,84,10,10,-0.030970071642753783
12803,wind_offshore,2030,84,11,11,-0.030970071642753783
12804,wind_offshore,2030,84,12,12,-0.030970071642753783
12805,wind_offshore,2030,84,13,13,-0.030970071642753783
12806,wind_offshore,2030,84,14,14,-0.030970071642753783
12807,wind_offshore,2030,84,15,15,-0.030970071642753783
12808,wind_offshore,2030,84,16,16,-0.030970071642753783
12809,wind_offshore,2030,84,17,17,-0.030970071642753783
12810,wind_offshore,2030,84,18,18,-0.030970071642753783
12811,wind_offshore,2030,84,19,19,-0.030970071642753783
12812,wind_offshore,2030,84,20,20,-0.030970071642753783
12813,wind_offshore,2030,84,21,21,-0.030970071642753783
12814,wind_offshore,2030,84,22,22,-0.030970071642753783
12815,wind_offshore,2030,84,23,23,-0.030970071642753783
12816,wind_offshore,2030,84,24,24,-0.030970071642753783
12817,wind_offshore,2030,85,1,1,-0.17368876590313095
12818,wind_offshore,2030,85,2,2,-0.17368876590313095
12819,wind_offshore,2030,85,3,3,-0.17368876590313095
12820,wind_offshore,2030,85,4,4,-0.17368876590313095
12821,wind_offshore,2030,85,5,5,-0.17368876590313095
12822,wind_offshore,2030,85,6,6,-0.17368876590313095
12823,wind_offshore,2030,85,7,7,-0.17368876590313095
12824,wind_offshore,2030,85,8,8,-0.17368876590313095
12825,wind_offshore,2030,85,9,9,-0.17368876590313095
12826,wind_offshore,2030,85,10,10,-0.17368876590313095
12827,wind_offshore,2030,85,11,11,-0.17368876590313095
12828,wind_offshore,2030,85,12,12,-0.17368876590313095
12829,wind_offshore,2030,85,13,13,-0.17368876590313095
12830,wind_offshore,2030,85,14,14,-0.17368876590313095
12831,wind_offshore,2030,85,15,15,-0.17368876590313095
12832,wind_offshore,2030,85,16,16,-0.17368876590313095
12833,wind_offshore,2030,85,17,17,-0.17368876590313095
12834,wind_offshore,2030,85,18,18,-0.17368876590313095
12835,wind_offshore,2030,85,19,19,-0.17368876590313095
12836,wind_offshore,2030,85,20,20,-0.17368876590313095
12837,wind_offshore,2030,85,21,21,-0.17368876590313095
12838,wind_offshore,2030,85,22,22,-0.17368876590313095
12839,wind_offshore,2030,85,23,23,-0.17368876590313095
12840,wind_offshore,2030,85,24,24,-0.17368876590313095
12841,wind_offshore,2030,86,1,1,-0.1816328803887869
12842,wind_offshore,2030,86,2,2,-0.1816328803887869
12843,wind_offshore,2030,86,3,3,-0.1816328803887869
12844,wind_offshore,2030,86,4,4,-0.1816328803887869
12845,wind_offshore,2030,86,5,5,-0.1816328803887869
12846,wind_offshore,2030,86,6,6,-0.1816328803887869
12847,wind_offshore,2030,86,7,7,-0.1816328803887869
12848,wind_offshore,2030,86,8,8,-0.1816328803887869
12849,wind_offshore,2030,86,9,9,-0.1816328803887869
12850,wind_offshore,2030,86,10,10,-0.1816328803887869
12851,wind_offshore,2030,86,11,11,-0.1816328803887869
12852,wind_offshore,2030,86,12,12,-0.1816328803887869
12853,wind_offshore,2030,86,13,13,-0.1816328803887869
12854,wind_offshore,2030,86,14,14,-0.1816328803887869
12855,wind_offshore,2030,86,15,15,-0.1816328803887869
12856,wind_offshore,2030,86,16,16,-0.1816328803887869
12857,wind_offshore,2030,86,17,17,-0.1816328803887869
12858,wind_offshore,2030,86,18,18,-0.1816328803887869
12859,wind_offshore,2030,86,19,19,-0.1816328803887869
12860,wind_offshore,2030,86,20,20,-0.1816328803887869
12861,wind_offshore,2030,86,21,21,-0.1816328803887869
12862,wind_offshore,2030,86,22,22,-0.1816328803887869
12863,wind_offshore,2030,86,23,23,-0.1816328803887869
12864,wind_offshore,2030,86,24,24,-0.1816328803887869
12865,wind_offshore,2030,87,1,1,-0.10276895625697205
12866,wind_offshore,2030,87,2,2,-0.10276895625697205
12867,wind_offshore,2030,87,3,3,-0.10276895625697205
12868,wind_offshore,2030,87,4,4,-0.10276895625697205
12869,wind_offshore,2030,87,5,5,-0.10276895625697205
12870,wind_offshore,2030,87,6,6,-0.10276895625697205
12871,wind_offshore,2030,87,7,7,-0.10276895625697205
12872,wind_offshore,2030,87,8,8,-0.10276895625697205
12873,wind_offshore,2030,87,9,9,-0.10276895625697205
12874,wind_offshore,2030,87,10,10,-0.10276895625697205
12875,wind_offshore,2030,87,11,11,-0.10276895625697205
12876,wind_offshore,2030,87,12,12,-0.10276895625697205
12877,wind_offshore,2030,87,13,13,-0.10276895625697205
12878,wind_offshore,2030,87,14,14,-0.10276895625697205
12879,wind_offshore,2030,87,15,15,-0.10276895625697205
12880,wind_offshore,2030,87,16,16,-0.10276895625697205
12881,wind_offshore,2030,87,17,17,-0.10276895625697205
12882,wind_offshore,2030,87,18,18,-0.10276895625697205
12883,wind_offshore,2030,87,19,19,-0.10276895625697205
12884,wind_offshore,2030,87,20,20,-0.10276895625697205
12885,wind_offshore,2030,87,21,21,-0.10276895625697205
12886,wind_offshore,2030,87,22,22,-0.10276895625697205
12887,wind_offshore,2030,87,23,23,-0.10276895625697205
12888,wind_offshore,2030,87,24,24,-0.10276895625697205
12889,wind_offshore,2030,88,1,1,-0.6229592428665228
12890,wind_offshore,2030,88,2,2,-0.6229592428665228
12891,wind_offshore,2030,88,3,3,-0.6229592428665228
12892,wind_offshore,2030,88,4,4,-0.6229592428665228
12893,wind_offshore,2030,88,5,5,-0.6229592428665228
12894,wind_offshore,2030,88,6,6,-0.6229592428665228
12895,wind_offshore,2030,88,7,7,-0.6229592428665228
12896,wind_offshore,2030,88,8,8,-0.6229592428665228
12897,wind_offshore,2030,88,9,9,-0.6229592428665228
12898,wind_offshore,2030,88,10,10,-0.6229592428665228
12899,wind_offshore,2030,88,11,11,-0.6229592428665228
12900,wind_offshore,2030,88,12,12,-0.6229592428665228
12901,wind_offshore,2030,88,13,13,-0.6229592428665228
12902,wind_offshore,2030,88,14,14,-0.6229592428665228
12903,wind_offshore,2030,88,15,15,-0.6229592428665228
12904,wind_offshore,2030,88,16,16,-0.6229592428665228
12905,wind_offshore,2030,88,17,17,-0.6229592428665228
12906,wind_offshore,2030,88,18,18,-0.6229592428665228
12907,wind_offshore,2030,88,19,19,-0.6229592428665228
12908,wind_offshore,2030,88,20,20,-0.6229592428665228
12909,wind_offshore,2030,88,21,21,-0.6229592428665228
12910,wind_offshore,2030,88,22,22,-0.6229592428665228
12911,wind_offshore,2030,88,23,23,-0.6229592428665228
12912,wind_offshore,2030,88,24,24,-0.6229592428665228
12913,wind_offshore,2030,89,1,1,-0.19164986810909362
12914,wind_offshore,2030,89,2,2,-0.19164986810909362
12915,wind_offshore,2030,89,3,3,-0.19164986810909362
12916,wind_offshore,2030,89,4,4,-0.19164986810909362
12917,wind_offshore,2030,89,5,5,-0.19164986810909362
12918,wind_offshore,2030,89,6,6,-0.19164986810909362
12919,wind_offshore,2030,89,7,7,-0.19164986810909362
12920,wind_offshore,2030,89,8,8,-0.19164986810909362
12921,wind_offshore,2030,89,9,9,-0.19164986810909362
12922,wind_offshore,2030,89,10,10,-0.19164986810909362
12923,wind_offshore,2030,89,11,11,-0.0045325500617177
12924,wind_offshore,2030,89,12,12,0.0
12925,wind_offshore,2030,89,13,13,0.0
12926,wind_offshore,2030,89,14,14,0.0
12927,wind_offshore,2030,89,15,15,0.0
12928,wind_offshore,2030,89,16,16,0.0
12929,wind_offshore,2030,89,17,17,-0.19164986810909362
12930,wind_offshore,2030,89,18,18,-0.19164986810909362
12931,wind_offshore,2030,89,19,19,-0.19164986810909362
12932,wind_offshore,2030,89,20,20,-0.19164986810909362
12933,wind_offshore,2030,89,21,21,-0.19164986810909362
12934,wind_offshore,2030,89,22,22,-0.19164986810909362
12935,wind_offshore,2030,89,23,23,-0.19164986810909362
12936,wind_offshore,2030,89,24,24,-0.19164986810909362
12937,wind_offshore,2030,90,1,1,-2.168660496221633
12938,wind_offshore,2030,90,2,2,-2.168660496221633
12939,wind_offshore,2030,90,3,3,-2.168660496221633
12940,wind_offshore,2030,90,4,4,-2.168660496221633
12941,wind_offshore,2030,90,5,5,-2.168660496221633
12942,wind_offshore,2030,90,6,6,-2.168660496221633
12943,wind_offshore,2030,90,7,7,-2.168660496221633
12944,wind_offshore,2030,90,8,8,-2.168660496221633
12945,wind_offshore,2030,90,9,9,-2.168660496221633
12946,wind_offshore,2030,90,10,10,-2.168660496221633
12947,wind_offshore,2030,90,11,11,0.0
12948,wind_offshore,2030,90,12,12,0.0
12949,wind_offshore,2030,90,13,13,0.0
12950,wind_offshore,2030,90,14,14,0.0
12951,wind_offshore,2030,90,15,15,0.0
12952,wind_offshore,2030,90,16,16,0.0
12953,wind_offshore,2030,90,17,17,0.0
12954,wind_offshore,2030,90,18,18,-2.168660496221633
12955,wind_offshore,2030,90,19,19,-2.168660496221633
12956,wind_offshore,2030,90,20,20,-2.168660496221633
12957,wind_offshore,2030,90,21,21,-2.168660496221633
12958,wind_offshore,2030,90,22,22,-2.168660496221633
12959,wind_offshore,2030,90,23,23,-2.168660496221633
12960,wind_offshore,2030,90,24,24,-0.6474036989625745
