rep_period,timestep,year,profile_name,value
1,1,2030,demand,0.5259942989076352
1,2,2030,demand,0.5124030303093097
1,3,2030,demand,0.5065751215171335
1,4,2030,demand,0.5000484587743089
1,5,2030,demand,0.5110356934147792
1,6,2030,demand,0.5363420965150637
1,7,2030,demand,0.5574927056224983
1,8,2030,demand,0.5938553203274818
1,9,2030,demand,0.6381549144716563
1,10,2030,demand,0.6737854764041513
1,11,2030,demand,0.7013260267055091
1,12,2030,demand,0.7274893886269502
1,13,2030,demand,0.7341066419287755
1,14,2030,demand,0.7247242251409547
1,15,2030,demand,0.7095951841733983
1,16,2030,demand,0.7035100196529994
1,17,2030,demand,0.6972556447112495
1,18,2030,demand,0.6911211114986594
1,19,2030,demand,0.6712070511905828
1,20,2030,demand,0.6683241630202008
1,21,2030,demand,0.6562965252013386
1,22,2030,demand,0.6161310201134722
1,23,2030,demand,0.5714565916565562
1,24,2030,demand,0.564758724734964
1,1,2030,solar,0.0
1,2,2030,solar,0.0
1,3,2030,solar,0.0
1,4,2030,solar,0.0
1,5,2030,solar,0.0
1,6,2030,solar,0.0002636124251297401
1,7,2030,solar,0.03025947710878033
1,8,2030,solar,0.178393273819273
1,9,2030,solar,0.36141687224601854
1,10,2030,solar,0.5211439370588695
1,11,2030,solar,0.6276993107191751
1,12,2030,solar,0.6854715593080137
1,13,2030,solar,0.6945962707624599
1,14,2030,solar,0.6663697060858298
1,15,2030,solar,0.6187042008390092
1,16,2030,solar,0.5386239037295534
1,17,2030,solar,0.4100056344593793
1,18,2030,solar,0.2517584862724281
1,19,2030,solar,0.08921348973543647
1,20,2030,solar,0.002209037797888641
1,21,2030,solar,0.0
1,22,2030,solar,0.0
1,23,2030,solar,0.0
1,24,2030,solar,0.0
1,1,2030,wind_offshore,0.1646410018273001
1,2,2030,wind_offshore,0.16641563725503516
1,3,2030,wind_offshore,0.17607246441588814
1,4,2030,wind_offshore,0.20105449541699166
1,5,2030,wind_offshore,0.237033314433599
1,6,2030,wind_offshore,0.2722132978346368
1,7,2030,wind_offshore,0.3028917010973477
1,8,2030,wind_offshore,0.3377895128533207
1,9,2030,wind_offshore,0.3767627189494895
1,10,2030,wind_offshore,0.39938998209427656
1,11,2030,wind_offshore,0.39762427492698493
1,12,2030,wind_offshore,0.4110788502655307
1,13,2030,wind_offshore,0.42930605427918206
1,14,2030,wind_offshore,0.4613472567508742
1,15,2030,wind_offshore,0.48401024889662136
1,16,2030,wind_offshore,0.5389582861482373
1,17,2030,wind_offshore,0.6306989860732437
1,18,2030,wind_offshore,0.712704024238098
1,19,2030,wind_offshore,0.7750856046804582
1,20,2030,wind_offshore,0.8205751665529146
1,21,2030,wind_offshore,0.8514209734101366
1,22,2030,wind_offshore,0.8717886228740017
1,23,2030,wind_offshore,0.8510386222422643
1,24,2030,wind_offshore,0.8459409388912118
1,1,2030,wind_onshore,0.25619775396373634
1,2,2030,wind_onshore,0.23228928350561484
1,3,2030,wind_onshore,0.21452401135324084
1,4,2030,wind_onshore,0.1984969759758105
1,5,2030,wind_onshore,0.1863859685394938
1,6,2030,wind_onshore,0.17982648966025008
1,7,2030,wind_onshore,0.17533899525181812
1,8,2030,wind_onshore,0.17010379725332367
1,9,2030,wind_onshore,0.16953089402666333
1,10,2030,wind_onshore,0.17303266637345185
1,11,2030,wind_onshore,0.17037001599215273
1,12,2030,wind_onshore,0.17265054135761831
1,13,2030,wind_onshore,0.1767875676802104
1,14,2030,wind_onshore,0.18874638121664877
1,15,2030,wind_onshore,0.20537339266388563
1,16,2030,wind_onshore,0.22591721193731462
1,17,2030,wind_onshore,0.2711568828586896
1,18,2030,wind_onshore,0.3321964869424399
1,19,2030,wind_onshore,0.4072642266465264
1,20,2030,wind_onshore,0.42666705702425106
1,21,2030,wind_onshore,0.4472096652248242
1,22,2030,wind_onshore,0.43689366657632756
1,23,2030,wind_onshore,0.39005460087785926
1,24,2030,wind_onshore,0.36852397290266237
2,1,2030,demand,0.5148666955545279
2,2,2030,demand,0.5015386444818669
2,3,2030,demand,0.48938723528780653
2,4,2030,demand,0.483257642907138
2,5,2030,demand,0.489657185152901
2,6,2030,demand,0.5122883678022171
2,7,2030,demand,0.5479696996698078
2,8,2030,demand,0.5926862422476246
2,9,2030,demand,0.6284936935061595
2,10,2030,demand,0.6525492697528796
2,11,2030,demand,0.6616389627825661
2,12,2030,demand,0.657272990955722
2,13,2030,demand,0.6584880791914234
2,14,2030,demand,0.6393644660116697
2,15,2030,demand,0.6203753051700137
2,16,2030,demand,0.6096180374764711
2,17,2030,demand,0.6121004977166644
2,18,2030,demand,0.6214949738264783
2,19,2030,demand,0.6484695112295682
2,20,2030,demand,0.6732830642251668
2,21,2030,demand,0.6717964310240013
2,22,2030,demand,0.6307841153059285
2,23,2030,demand,0.5794762619996723
2,24,2030,demand,0.5535742067982868
2,1,2030,solar,0.0
2,2,2030,solar,0.0
2,3,2030,solar,0.0
2,4,2030,solar,0.0
2,5,2030,solar,0.0
2,6,2030,solar,0.0
2,7,2030,solar,0.0
2,8,2030,solar,0.03178462425091509
2,9,2030,solar,0.1964268718106897
2,10,2030,solar,0.3854116477109455
2,11,2030,solar,0.5228982226292531
2,12,2030,solar,0.616742353163688
2,13,2030,solar,0.6570951663638864
2,14,2030,solar,0.6392704192223323
2,15,2030,solar,0.5642353474966205
2,16,2030,solar,0.4566681051553786
2,17,2030,solar,0.30870230078174754
2,18,2030,solar,0.14031551143105125
2,19,2030,solar,0.013165331701536654
2,20,2030,solar,0.0
2,21,2030,solar,0.0
2,22,2030,solar,0.0
2,23,2030,solar,0.0
2,24,2030,solar,0.0
2,1,2030,wind_offshore,0.8189690042982302
2,2,2030,wind_offshore,0.8449249289441514
2,3,2030,wind_offshore,0.8032468510257116
2,4,2030,wind_offshore,0.7672586087425518
2,5,2030,wind_offshore,0.7460373258349391
2,6,2030,wind_offshore,0.7164669237666755
2,7,2030,wind_offshore,0.6473472313983275
2,8,2030,wind_offshore,0.6176755354338799
2,9,2030,wind_offshore,0.6190056341313173
2,10,2030,wind_offshore,0.5495007090443575
2,11,2030,wind_offshore,0.4547173806578657
2,12,2030,wind_offshore,0.383034154171782
2,13,2030,wind_offshore,0.31758218369113145
2,14,2030,wind_offshore,0.2594074314748269
2,15,2030,wind_offshore,0.2212499240506165
2,16,2030,wind_offshore,0.1995065079262257
2,17,2030,wind_offshore,0.19267418761472793
2,18,2030,wind_offshore,0.18951419545629491
2,19,2030,wind_offshore,0.17301244230814974
2,20,2030,wind_offshore,0.1458051418105205
2,21,2030,wind_offshore,0.11380296767594883
2,22,2030,wind_offshore,0.07690245451737852
2,23,2030,wind_offshore,0.05276371840760438
2,24,2030,wind_offshore,0.030249890680432365
2,1,2030,wind_onshore,0.22241528958330226
2,2,2030,wind_onshore,0.20313906366794185
2,3,2030,wind_onshore,0.18432243973158624
2,4,2030,wind_onshore,0.1728774591428762
2,5,2030,wind_onshore,0.1720595340610792
2,6,2030,wind_onshore,0.1774721163992139
2,7,2030,wind_onshore,0.1809926350714146
2,8,2030,wind_onshore,0.17933176099087228
2,9,2030,wind_onshore,0.1730546175295261
2,10,2030,wind_onshore,0.16760275627797794
2,11,2030,wind_onshore,0.14971144931641595
2,12,2030,wind_onshore,0.18060574907169807
2,13,2030,wind_onshore,0.22587223166848688
2,14,2030,wind_onshore,0.27545185501784397
2,15,2030,wind_onshore,0.335205263458329
2,16,2030,wind_onshore,0.37243273422929624
2,17,2030,wind_onshore,0.39351999428168805
2,18,2030,wind_onshore,0.39660279056270326
2,19,2030,wind_onshore,0.39645600444538587
2,20,2030,wind_onshore,0.40157103105260306
2,21,2030,wind_onshore,0.3959332464371627
2,22,2030,wind_onshore,0.39062321018543966
2,23,2030,wind_onshore,0.3505830454049459
2,24,2030,wind_onshore,0.34100909277181196
3,1,2030,demand,0.4701493167364766
3,2,2030,demand,0.4716046673050731
3,3,2030,demand,0.47043711324862697
3,4,2030,demand,0.46843050948011095
3,5,2030,demand,0.483956117244617
3,6,2030,demand,0.5178991966314492
3,7,2030,demand,0.5580721625173067
3,8,2030,demand,0.5926701696196554
3,9,2030,demand,0.6099064359787297
3,10,2030,demand,0.612478820349837
3,11,2030,demand,0.6119064380362212
3,12,2030,demand,0.6116587779062331
3,13,2030,demand,0.6009286233396665
3,14,2030,demand,0.5895968283158488
3,15,2030,demand,0.5864459009762699
3,16,2030,demand,0.588900437634693
3,17,2030,demand,0.5889926106861146
3,18,2030,demand,0.5895604725137747
3,19,2030,demand,0.6067296595811075
3,20,2030,demand,0.6184603400638978
3,21,2030,demand,0.6043143240119369
3,22,2030,demand,0.5611745616042569
3,23,2030,demand,0.5206147709942311
3,24,2030,demand,0.521586926628335
3,1,2030,solar,0.0
3,2,2030,solar,0.0
3,3,2030,solar,0.0
3,4,2030,solar,0.0
3,5,2030,solar,0.0
3,6,2030,solar,0.0
3,7,2030,solar,0.0020290977716227675
3,8,2030,solar,0.10397225606747827
3,9,2030,solar,0.3135260977146268
3,10,2030,solar,0.5133740344873544
3,11,2030,solar,0.6385088290340223
3,12,2030,solar,0.7318464060479029
3,13,2030,solar,0.7685516842568917
3,14,2030,solar,0.7489550693742455
3,15,2030,solar,0.6673220049121452
3,16,2030,solar,0.5414976905503855
3,17,2030,solar,0.3638972370015204
3,18,2030,solar,0.16630952426410436
3,19,2030,solar,0.024813061965432856
3,20,2030,solar,0.0
3,21,2030,solar,0.0
3,22,2030,solar,0.0
3,23,2030,solar,0.0
3,24,2030,solar,0.0
3,1,2030,wind_offshore,0.6460697498054991
3,2,2030,wind_offshore,0.6739563100197105
3,3,2030,wind_offshore,0.7069476826027666
3,4,2030,wind_offshore,0.7673818112701444
3,5,2030,wind_offshore,0.7821875443760691
3,6,2030,wind_offshore,0.7684246156003759
3,7,2030,wind_offshore,0.7659943440649299
3,8,2030,wind_offshore,0.7670710588265391
3,9,2030,wind_offshore,0.805593900218531
3,10,2030,wind_offshore,0.8542380678181162
3,11,2030,wind_offshore,0.8749417822267617
3,12,2030,wind_offshore,0.8896135632487026
3,13,2030,wind_offshore,0.9060569709210661
3,14,2030,wind_offshore,0.9290627764924215
3,15,2030,wind_offshore,0.9366217769512762
3,16,2030,wind_offshore,0.9379746726558827
3,17,2030,wind_offshore,0.9431856951397549
3,18,2030,wind_offshore,0.9364265963627232
3,19,2030,wind_offshore,0.9336030037500772
3,20,2030,wind_offshore,0.9296741378854062
3,21,2030,wind_offshore,0.9378350339128781
3,22,2030,wind_offshore,0.9379403457751246
3,23,2030,wind_offshore,0.9387617613472768
3,24,2030,wind_offshore,0.9388427014990498
3,1,2030,wind_onshore,0.12094716448552832
3,2,2030,wind_onshore,0.10722952146489745
3,3,2030,wind_onshore,0.09564151123138893
3,4,2030,wind_onshore,0.0910337335794185
3,5,2030,wind_onshore,0.09184976751886492
3,6,2030,wind_onshore,0.09512343198890406
3,7,2030,wind_onshore,0.09636821718361623
3,8,2030,wind_onshore,0.09461822159410223
3,9,2030,wind_onshore,0.07756280585702953
3,10,2030,wind_onshore,0.07792243895498153
3,11,2030,wind_onshore,0.07965200538283561
3,12,2030,wind_onshore,0.10773383657481246
3,13,2030,wind_onshore,0.14082825102903299
3,14,2030,wind_onshore,0.16774145413561392
3,15,2030,wind_onshore,0.1891053266643609
3,16,2030,wind_onshore,0.20147396464360268
3,17,2030,wind_onshore,0.21160275048745406
3,18,2030,wind_onshore,0.23190234069874316
3,19,2030,wind_onshore,0.256355260597104
3,20,2030,wind_onshore,0.28559900028756574
3,21,2030,wind_onshore,0.28486381774074504
3,22,2030,wind_onshore,0.2723902817553826
3,23,2030,wind_onshore,0.2264964832605764
3,24,2030,wind_onshore,0.2141758675002289
4,1,2030,demand,0.4917277729991856
4,2,2030,demand,0.4810554153327066
4,3,2030,demand,0.47568011366794993
4,4,2030,demand,0.4699947117484514
4,5,2030,demand,0.47944236490827624
4,6,2030,demand,0.5089296521314817
4,7,2030,demand,0.5485738767575834
4,8,2030,demand,0.5913576628657594
4,9,2030,demand,0.6221284601179191
4,10,2030,demand,0.6399915868877689
4,11,2030,demand,0.6393346921125046
4,12,2030,demand,0.6470887694807632
4,13,2030,demand,0.6399078526840194
4,14,2030,demand,0.6178056513042877
4,15,2030,demand,0.6211348579299729
4,16,2030,demand,0.6186297466006557
4,17,2030,demand,0.6158903824139406
4,18,2030,demand,0.611223614399518
4,19,2030,demand,0.6297138592901919
4,20,2030,demand,0.6435182327284492
4,21,2030,demand,0.6343685796280256
4,22,2030,demand,0.5980379100927629
4,23,2030,demand,0.5521647279562133
4,24,2030,demand,0.5414766295697103
4,1,2030,solar,0.0
4,2,2030,solar,0.0
4,3,2030,solar,0.0
4,4,2030,solar,0.0
4,5,2030,solar,0.0
4,6,2030,solar,0.0
4,7,2030,solar,0.014405024401652927
4,8,2030,solar,0.0877980883627435
4,9,2030,solar,0.2311415201611572
4,10,2030,solar,0.4023987189608773
4,11,2030,solar,0.5324779487559664
4,12,2030,solar,0.6260327117231106
4,13,2030,solar,0.6715809065224081
4,14,2030,solar,0.6666640458921307
4,15,2030,solar,0.5967742250311225
4,16,2030,solar,0.47817803366729844
4,17,2030,solar,0.32228431624314496
4,18,2030,solar,0.15000440146202398
4,19,2030,solar,0.03227470150491271
4,20,2030,solar,0.00044180058636085284
4,21,2030,solar,0.0
4,22,2030,solar,0.0
4,23,2030,solar,0.0
4,24,2030,solar,0.0
4,1,2030,wind_offshore,0.0014510277761205829
4,2,2030,wind_offshore,0.003350946053954637
4,3,2030,wind_offshore,0.007379517864036858
4,4,2030,wind_offshore,0.009195306733719781
4,5,2030,wind_offshore,0.010167763179251478
4,6,2030,wind_offshore,0.013991946239863846
4,7,2030,wind_offshore,0.018228074488014487
4,8,2030,wind_offshore,0.015208581353700706
4,9,2030,wind_offshore,0.011223822495717066
4,10,2030,wind_offshore,0.010149969131029073
4,11,2030,wind_offshore,0.02231731013117071
4,12,2030,wind_offshore,0.01720964350999205
4,13,2030,wind_offshore,0.009717247208777612
4,14,2030,wind_offshore,0.004149850449869527
4,15,2030,wind_offshore,0.0036302056519432976
4,16,2030,wind_offshore,0.012629231688835854
4,17,2030,wind_offshore,0.03517095208753701
4,18,2030,wind_offshore,0.07040915293194189
4,19,2030,wind_offshore,0.10866420610972052
4,20,2030,wind_offshore,0.15933000295481528
4,21,2030,wind_offshore,0.23473774857648097
4,22,2030,wind_offshore,0.29223381639271306
4,23,2030,wind_offshore,0.2012983498665798
4,24,2030,wind_offshore,0.1902031364453035
4,1,2030,wind_onshore,0.1470685575981248
4,2,2030,wind_onshore,0.12821583891282112
4,3,2030,wind_onshore,0.11150632716174247
4,4,2030,wind_onshore,0.09652817892131314
4,5,2030,wind_onshore,0.08380821024892393
4,6,2030,wind_onshore,0.07190342008026303
4,7,2030,wind_onshore,0.06280887893290509
4,8,2030,wind_onshore,0.0535467722881185
4,9,2030,wind_onshore,0.04552121958878441
4,10,2030,wind_onshore,0.04506523569290025
4,11,2030,wind_onshore,0.03208709998942755
4,12,2030,wind_onshore,0.0326665733201505
4,13,2030,wind_onshore,0.036885604374897074
4,14,2030,wind_onshore,0.044449595603416645
4,15,2030,wind_onshore,0.05205007072470236
4,16,2030,wind_onshore,0.05514923052237991
4,17,2030,wind_onshore,0.060056518585143825
4,18,2030,wind_onshore,0.07122865203931913
4,19,2030,wind_onshore,0.07095547915601963
4,20,2030,wind_onshore,0.06949836846218727
4,21,2030,wind_onshore,0.06915279485355445
4,22,2030,wind_onshore,0.06453992367351141
4,23,2030,wind_onshore,0.06210178290985355
4,24,2030,wind_onshore,0.05528098060226962
5,1,2030,demand,0.508628187727091
5,2,2030,demand,0.49360525723624504
5,3,2030,demand,0.48179601781713643
5,4,2030,demand,0.46953503639423844
5,5,2030,demand,0.4705134988730237
5,6,2030,demand,0.47818844031944335
5,7,2030,demand,0.502878915028891
5,8,2030,demand,0.5443746077106253
5,9,2030,demand,0.5812804123295086
5,10,2030,demand,0.6142466234783327
5,11,2030,demand,0.6310687753872974
5,12,2030,demand,0.6369333412684285
5,13,2030,demand,0.6320610314842162
5,14,2030,demand,0.622522280611971
5,15,2030,demand,0.6049883991763085
5,16,2030,demand,0.5939892093878926
5,17,2030,demand,0.5926583087701303
5,18,2030,demand,0.6016597935071688
5,19,2030,demand,0.6285303075563314
5,20,2030,demand,0.6478986421045887
5,21,2030,demand,0.6504870791785038
5,22,2030,demand,0.621335432367589
5,23,2030,demand,0.5769312936615197
5,24,2030,demand,0.5598886982740274
5,1,2030,solar,0.0
5,2,2030,solar,0.0
5,3,2030,solar,0.0
5,4,2030,solar,0.0
5,5,2030,solar,0.0
5,6,2030,solar,0.0
5,7,2030,solar,0.0
5,8,2030,solar,0.0
5,9,2030,solar,0.014094412335866158
5,10,2030,solar,0.07334347422861434
5,11,2030,solar,0.14027401260476563
5,12,2030,solar,0.1930573861315683
5,13,2030,solar,0.22667152393516288
5,14,2030,solar,0.22732934037751448
5,15,2030,solar,0.20138952475185923
5,16,2030,solar,0.15163145397968147
5,17,2030,solar,0.07672672519453047
5,18,2030,solar,0.004348750545315966
5,19,2030,solar,0.0
5,20,2030,solar,0.0
5,21,2030,solar,0.0
5,22,2030,solar,0.0
5,23,2030,solar,0.0
5,24,2030,solar,0.0
5,1,2030,wind_offshore,0.9473932934353744
5,2,2030,wind_offshore,0.943810061517041
5,3,2030,wind_offshore,0.944671849703806
5,4,2030,wind_offshore,0.9457280268571225
5,5,2030,wind_offshore,0.9495189454752365
5,6,2030,wind_offshore,0.9442121304916905
5,7,2030,wind_offshore,0.9445343620717044
5,8,2030,wind_offshore,0.9461307690495033
5,9,2030,wind_offshore,0.9459612397352652
5,10,2030,wind_offshore,0.93417520488956
5,11,2030,wind_offshore,0.9318444298521944
5,12,2030,wind_offshore,0.9374725042280911
5,13,2030,wind_offshore,0.9366843021718696
5,14,2030,wind_offshore,0.9511801316404724
5,15,2030,wind_offshore,0.946798645286888
5,16,2030,wind_offshore,0.9507321108518472
5,17,2030,wind_offshore,0.9514568231540841
5,18,2030,wind_offshore,0.9518658906763138
5,19,2030,wind_offshore,0.9500108320184983
5,20,2030,wind_offshore,0.9501892528792308
5,21,2030,wind_offshore,0.9519109983895121
5,22,2030,wind_offshore,0.9517128360413176
5,23,2030,wind_offshore,0.9552863917603249
5,24,2030,wind_offshore,0.943175243105058
5,1,2030,wind_onshore,0.7358073238767403
5,2,2030,wind_onshore,0.7386670669499248
5,3,2030,wind_onshore,0.7332286656463437
5,4,2030,wind_onshore,0.7253207895472278
5,5,2030,wind_onshore,0.7118773310552745
5,6,2030,wind_onshore,0.697255745870765
5,7,2030,wind_onshore,0.6725791656506913
5,8,2030,wind_onshore,0.6531977936346276
5,9,2030,wind_onshore,0.6379278262796295
5,10,2030,wind_onshore,0.6453133896208798
5,11,2030,wind_onshore,0.6383287893031727
5,12,2030,wind_onshore,0.6506429497402225
5,13,2030,wind_onshore,0.6609046457252248
5,14,2030,wind_onshore,0.6863320159132794
5,15,2030,wind_onshore,0.7027400097173688
5,16,2030,wind_onshore,0.6817771747198114
5,17,2030,wind_onshore,0.6684181833923455
5,18,2030,wind_onshore,0.6377141866653819
5,19,2030,wind_onshore,0.6128824066965753
5,20,2030,wind_onshore,0.6069585799840684
5,21,2030,wind_onshore,0.6110894406492015
5,22,2030,wind_onshore,0.6195189762108341
5,23,2030,wind_onshore,0.6276167664583778
5,24,2030,wind_onshore,0.646691449887084
6,1,2030,demand,0.4828295704979744
6,2,2030,demand,0.4706137695742474
6,3,2030,demand,0.46179143049671184
6,4,2030,demand,0.44661301515897
6,5,2030,demand,0.4382565508325268
6,6,2030,demand,0.43476710272020985
6,7,2030,demand,0.4371560843570561
6,8,2030,demand,0.4567069167711828
6,9,2030,demand,0.4898874036774999
6,10,2030,demand,0.5144248267511348
6,11,2030,demand,0.5262869257860221
6,12,2030,demand,0.5310470790912265
6,13,2030,demand,0.532928498357059
6,14,2030,demand,0.5346525511383371
6,15,2030,demand,0.5205253958110427
6,16,2030,demand,0.5129705343456691
6,17,2030,demand,0.5114306241481679
6,18,2030,demand,0.5287107606362307
6,19,2030,demand,0.5471161243546732
6,20,2030,demand,0.5630777248529216
6,21,2030,demand,0.5683625697094912
6,22,2030,demand,0.5542669456096958
6,23,2030,demand,0.5228826837619333
6,24,2030,demand,0.5091069302596092
6,1,2030,solar,0.0
6,2,2030,solar,0.0
6,3,2030,solar,0.0
6,4,2030,solar,0.0
6,5,2030,solar,0.0
6,6,2030,solar,0.0
6,7,2030,solar,0.0
6,8,2030,solar,0.01851190303634776
6,9,2030,solar,0.1398325540684227
6,10,2030,solar,0.30879930311281095
6,11,2030,solar,0.4507964623020635
6,12,2030,solar,0.5497087856769028
6,13,2030,solar,0.5843154264940769
6,14,2030,solar,0.5586212267225932
6,15,2030,solar,0.4776186392267818
6,16,2030,solar,0.3565883270041194
6,17,2030,solar,0.19157621610408063
6,18,2030,solar,0.030578455492244562
6,19,2030,solar,0.0
6,20,2030,solar,0.0
6,21,2030,solar,0.0
6,22,2030,solar,0.0
6,23,2030,solar,0.0
6,24,2030,solar,0.0
6,1,2030,wind_offshore,0.9448790791245848
6,2,2030,wind_offshore,0.945644513058542
6,3,2030,wind_offshore,0.9393910814337871
6,4,2030,wind_offshore,0.9445139251870137
6,5,2030,wind_offshore,0.9389724238905077
6,6,2030,wind_offshore,0.9429356984644817
6,7,2030,wind_offshore,0.9366105223749531
6,8,2030,wind_offshore,0.9424788316875579
6,9,2030,wind_offshore,0.9248307374083138
6,10,2030,wind_offshore,0.9125390956800767
6,11,2030,wind_offshore,0.92750430280328
6,12,2030,wind_offshore,0.8733705108835499
6,13,2030,wind_offshore,0.850486897025968
6,14,2030,wind_offshore,0.8384556552377718
6,15,2030,wind_offshore,0.8533675876304558
6,16,2030,wind_offshore,0.8478119476991748
6,17,2030,wind_offshore,0.8948623394615085
6,18,2030,wind_offshore,0.9427969358604877
6,19,2030,wind_offshore,0.9441307532771677
6,20,2030,wind_offshore,0.9326038720562331
6,21,2030,wind_offshore,0.9327146329573719
6,22,2030,wind_offshore,0.9329391306032179
6,23,2030,wind_offshore,0.9423667658218883
6,24,2030,wind_offshore,0.9218274534534484
6,1,2030,wind_onshore,0.34837015895736795
6,2,2030,wind_onshore,0.34476850671873577
6,3,2030,wind_onshore,0.33669650552631325
6,4,2030,wind_onshore,0.32755339905869296
6,5,2030,wind_onshore,0.32790758072141707
6,6,2030,wind_onshore,0.32912514435599577
6,7,2030,wind_onshore,0.336922902666806
6,8,2030,wind_onshore,0.3527664042775659
6,9,2030,wind_onshore,0.36076840715308006
6,10,2030,wind_onshore,0.35436320570602414
6,11,2030,wind_onshore,0.35467054869934844
6,12,2030,wind_onshore,0.4207104214897416
6,13,2030,wind_onshore,0.4704730813359248
6,14,2030,wind_onshore,0.49648906290430417
6,15,2030,wind_onshore,0.5112407753448357
6,16,2030,wind_onshore,0.5223172673338066
6,17,2030,wind_onshore,0.4938555027955966
6,18,2030,wind_onshore,0.47950405975141563
6,19,2030,wind_onshore,0.48485319500951396
6,20,2030,wind_onshore,0.49095971926155935
6,21,2030,wind_onshore,0.4881499907568361
6,22,2030,wind_onshore,0.4819199669606544
6,23,2030,wind_onshore,0.4992712314093117
6,24,2030,wind_onshore,0.4915537673893808
7,1,2030,demand,0.5804858013596728
7,2,2030,demand,0.5610057703197912
7,3,2030,demand,0.5524254565998966
7,4,2030,demand,0.5438415683719517
7,5,2030,demand,0.5619813964280542
7,6,2030,demand,0.5827617619209342
7,7,2030,demand,0.5987594201395999
7,8,2030,demand,0.6308627729730882
7,9,2030,demand,0.6887681508035173
7,10,2030,demand,0.7413111627407949
7,11,2030,demand,0.7862324889657308
7,12,2030,demand,0.8208788787496855
7,13,2030,demand,0.8334894226951377
7,14,2030,demand,0.822415388296103
7,15,2030,demand,0.8180200487089627
7,16,2030,demand,0.8096924268063728
7,17,2030,demand,0.8081754571918103
7,18,2030,demand,0.7934983560086041
7,19,2030,demand,0.7710365681236058
7,20,2030,demand,0.7561025882057479
7,21,2030,demand,0.7388320620738484
7,22,2030,demand,0.697441480300427
7,23,2030,demand,0.6486272491947713
7,24,2030,demand,0.6294520512009412
7,1,2030,solar,0.0
7,2,2030,solar,0.0
7,3,2030,solar,0.0
7,4,2030,solar,0.0
7,5,2030,solar,0.0
7,6,2030,solar,0.0
7,7,2030,solar,0.01446946754636896
7,8,2030,solar,0.1529837795741037
7,9,2030,solar,0.34257085155817607
7,10,2030,solar,0.5108040850115995
7,11,2030,solar,0.6061559656792628
7,12,2030,solar,0.6833869614331642
7,13,2030,solar,0.7133591824705555
7,14,2030,solar,0.7102724221811147
7,15,2030,solar,0.658977690880327
7,16,2030,solar,0.5668624165780599
7,17,2030,solar,0.42389306401417765
7,18,2030,solar,0.25936650480072326
7,19,2030,solar,0.08910503363447554
7,20,2030,solar,0.001111318550768492
7,21,2030,solar,0.0
7,22,2030,solar,0.0
7,23,2030,solar,0.0
7,24,2030,solar,0.0
7,1,2030,wind_offshore,0.44139788624518517
7,2,2030,wind_offshore,0.4561761137993115
7,3,2030,wind_offshore,0.4780293156817314
7,4,2030,wind_offshore,0.5170397465093004
7,5,2030,wind_offshore,0.5222352986064536
7,6,2030,wind_offshore,0.4666328512450759
7,7,2030,wind_offshore,0.4060196099114529
7,8,2030,wind_offshore,0.3569626379856703
7,9,2030,wind_offshore,0.3864934352463325
7,10,2030,wind_offshore,0.49574299574043346
7,11,2030,wind_offshore,0.608045306220841
7,12,2030,wind_offshore,0.6948491292554257
7,13,2030,wind_offshore,0.7439761231259039
7,14,2030,wind_offshore,0.7510092912217792
7,15,2030,wind_offshore,0.7281116752801735
7,16,2030,wind_offshore,0.7337425948648577
7,17,2030,wind_offshore,0.7300851561370678
7,18,2030,wind_offshore,0.6619010163835055
7,19,2030,wind_offshore,0.5924380756882005
7,20,2030,wind_offshore,0.5482766440577703
7,21,2030,wind_offshore,0.4767838034962069
7,22,2030,wind_offshore,0.4098549958693124
7,23,2030,wind_offshore,0.18704653062137727
7,24,2030,wind_offshore,0.13348598552439317
7,1,2030,wind_onshore,0.21495616344748136
7,2,2030,wind_onshore,0.19589155194936872
7,3,2030,wind_onshore,0.17332436249059885
7,4,2030,wind_onshore,0.15258508248657837
7,5,2030,wind_onshore,0.1377732111287308
7,6,2030,wind_onshore,0.12826123679323959
7,7,2030,wind_onshore,0.1254417670330861
7,8,2030,wind_onshore,0.10589287274199533
7,9,2030,wind_onshore,0.09817710626352526
7,10,2030,wind_onshore,0.09773053372981827
7,11,2030,wind_onshore,0.09379693134484463
7,12,2030,wind_onshore,0.11325546574479559
7,13,2030,wind_onshore,0.14395994564571546
7,14,2030,wind_onshore,0.1747693333930173
7,15,2030,wind_onshore,0.20395377459562228
7,16,2030,wind_onshore,0.22987310241067482
7,17,2030,wind_onshore,0.2659221584523862
7,18,2030,wind_onshore,0.28023912919957594
7,19,2030,wind_onshore,0.276547954645164
7,20,2030,wind_onshore,0.275654446391275
7,21,2030,wind_onshore,0.29294420488330175
7,22,2030,wind_onshore,0.3007718595154173
7,23,2030,wind_onshore,0.27674857860572055
7,24,2030,wind_onshore,0.236407223657355
8,1,2030,demand,0.5304999902895047
8,2,2030,demand,0.5101404247703895
8,3,2030,demand,0.5063114796874755
8,4,2030,demand,0.4890813967124844
8,5,2030,demand,0.48811151289803845
8,6,2030,demand,0.5065159892212169
8,7,2030,demand,0.5448354502649256
8,8,2030,demand,0.5923890328493107
8,9,2030,demand,0.6337733193326283
8,10,2030,demand,0.6636802002202191
8,11,2030,demand,0.6649085028058199
8,12,2030,demand,0.6521081718067261
8,13,2030,demand,0.6377639520057142
8,14,2030,demand,0.6175235750217432
8,15,2030,demand,0.6030329061755024
8,16,2030,demand,0.6199008211471857
8,17,2030,demand,0.6206845445286219
8,18,2030,demand,0.5989696503830404
8,19,2030,demand,0.6302126008940689
8,20,2030,demand,0.6612240874961901
8,21,2030,demand,0.6657126275843948
8,22,2030,demand,0.6266142829207626
8,23,2030,demand,0.5727597521092648
8,24,2030,demand,0.557467085859054
8,1,2030,solar,0.0
8,2,2030,solar,0.0
8,3,2030,solar,0.0
8,4,2030,solar,0.0
8,5,2030,solar,0.0
8,6,2030,solar,0.0
8,7,2030,solar,0.0
8,8,2030,solar,0.03991928559897969
8,9,2030,solar,0.2492965007496123
8,10,2030,solar,0.4919590631341156
8,11,2030,solar,0.6510282223422741
8,12,2030,solar,0.7653002940741507
8,13,2030,solar,0.8284707414131529
8,14,2030,solar,0.8223782752530513
8,15,2030,solar,0.7455073036128418
8,16,2030,solar,0.622210327235645
8,17,2030,solar,0.43007980424805714
8,18,2030,solar,0.19046646901840764
8,19,2030,solar,0.011884942737536491
8,20,2030,solar,0.0
8,21,2030,solar,0.0
8,22,2030,solar,0.0
8,23,2030,solar,0.0
8,24,2030,solar,0.0
8,1,2030,wind_offshore,0.8968171860006527
8,2,2030,wind_offshore,0.9067583355363575
8,3,2030,wind_offshore,0.9112542197945055
8,4,2030,wind_offshore,0.9117813826943366
8,5,2030,wind_offshore,0.9107817450596438
8,6,2030,wind_offshore,0.9100622732308252
8,7,2030,wind_offshore,0.9145011341719583
8,8,2030,wind_offshore,0.9161200364611597
8,9,2030,wind_offshore,0.9096831449344434
8,10,2030,wind_offshore,0.9073439902155687
8,11,2030,wind_offshore,0.9081829405244023
8,12,2030,wind_offshore,0.9041222903271848
8,13,2030,wind_offshore,0.8999423508894048
8,14,2030,wind_offshore,0.8903622049288952
8,15,2030,wind_offshore,0.9002294648876695
8,16,2030,wind_offshore,0.9083543535172414
8,17,2030,wind_offshore,0.895568240884661
8,18,2030,wind_offshore,0.8913386947940831
8,19,2030,wind_offshore,0.8804223997311862
8,20,2030,wind_offshore,0.886042162196594
8,21,2030,wind_offshore,0.8882427552055099
8,22,2030,wind_offshore,0.8930463197158421
8,23,2030,wind_offshore,0.9046736566514704
8,24,2030,wind_offshore,0.9142679976969657
8,1,2030,wind_onshore,0.17163828055008215
8,2,2030,wind_onshore,0.16697504594139012
8,3,2030,wind_onshore,0.16232003338970868
8,4,2030,wind_onshore,0.16590879753277404
8,5,2030,wind_onshore,0.17802770445791094
8,6,2030,wind_onshore,0.19029671781555219
8,7,2030,wind_onshore,0.2056824081432175
8,8,2030,wind_onshore,0.22214661288100016
8,9,2030,wind_onshore,0.23353088058732596
8,10,2030,wind_onshore,0.20188605388862466
8,11,2030,wind_onshore,0.23849096101971906
8,12,2030,wind_onshore,0.302111700626806
8,13,2030,wind_onshore,0.34595683920181886
8,14,2030,wind_onshore,0.3723373442545795
8,15,2030,wind_onshore,0.3933548382327352
8,16,2030,wind_onshore,0.4214619340612934
8,17,2030,wind_onshore,0.45071219515834016
8,18,2030,wind_onshore,0.4643512218543464
8,19,2030,wind_onshore,0.5162218898690962
8,20,2030,wind_onshore,0.568679451675871
8,21,2030,wind_onshore,0.5883293125938465
8,22,2030,wind_onshore,0.5877891279981116
8,23,2030,wind_onshore,0.5744178097497898
8,24,2030,wind_onshore,0.5788188801208795
9,1,2030,demand,0.5023256764351265
9,2,2030,demand,0.4985710847248121
9,3,2030,demand,0.49762684305410615
9,4,2030,demand,0.4917494873035973
9,5,2030,demand,0.5068656038439241
9,6,2030,demand,0.543351297693202
9,7,2030,demand,0.5793455363740654
9,8,2030,demand,0.6177564964204555
9,9,2030,demand,0.6272895794269205
9,10,2030,demand,0.6507036177481075
9,11,2030,demand,0.6595902475609613
9,12,2030,demand,0.6652443469775262
9,13,2030,demand,0.6555949197796964
9,14,2030,demand,0.6405650243588131
9,15,2030,demand,0.6362369931773157
9,16,2030,demand,0.6342443088930143
9,17,2030,demand,0.6447663989743957
9,18,2030,demand,0.6462555591078192
9,19,2030,demand,0.6452161427635545
9,20,2030,demand,0.6548982646752441
9,21,2030,demand,0.6439476046132829
9,22,2030,demand,0.5927767959438391
9,23,2030,demand,0.5417401845352827
9,24,2030,demand,0.5406212162076866
9,1,2030,solar,0.0
9,2,2030,solar,0.0
9,3,2030,solar,0.0
9,4,2030,solar,0.0
9,5,2030,solar,0.0
9,6,2030,solar,2.1584925256752443e-5
9,7,2030,solar,0.03339413537230316
9,8,2030,solar,0.16943620102460394
9,9,2030,solar,0.33758377718197186
9,10,2030,solar,0.4724924328675644
9,11,2030,solar,0.567363221350054
9,12,2030,solar,0.6203518299939125
9,13,2030,solar,0.6269750807785311
9,14,2030,solar,0.5851545450166277
9,15,2030,solar,0.512934091536527
9,16,2030,solar,0.4317256862824493
9,17,2030,solar,0.34106706083634364
9,18,2030,solar,0.21319518542155105
9,19,2030,solar,0.07197075459474915
9,20,2030,solar,0.002802128012232138
9,21,2030,solar,0.0
9,22,2030,solar,0.0
9,23,2030,solar,0.0
9,24,2030,solar,0.0
9,1,2030,wind_offshore,0.980505545222514
9,2,2030,wind_offshore,0.9806286869231499
9,3,2030,wind_offshore,0.9633222290356587
9,4,2030,wind_offshore,0.9712055186383692
9,5,2030,wind_offshore,0.9850716478724574
9,6,2030,wind_offshore,0.9413607360390912
9,7,2030,wind_offshore,0.7898152917499865
9,8,2030,wind_offshore,0.6275893772622188
9,9,2030,wind_offshore,0.49512872072411623
9,10,2030,wind_offshore,0.3763662038097295
9,11,2030,wind_offshore,0.21210441550493367
9,12,2030,wind_offshore,0.24302277325378233
9,13,2030,wind_offshore,0.3349602778562308
9,14,2030,wind_offshore,0.46742476359732593
9,15,2030,wind_offshore,0.5158332384441632
9,16,2030,wind_offshore,0.6546197553834622
9,17,2030,wind_offshore,0.789090970363992
9,18,2030,wind_offshore,0.8467622601200429
9,19,2030,wind_offshore,0.8485025343961304
9,20,2030,wind_offshore,0.8475346774219163
9,21,2030,wind_offshore,0.8407654386830784
9,22,2030,wind_offshore,0.8313374473898723
9,23,2030,wind_offshore,0.7981315600362474
9,24,2030,wind_offshore,0.8011259712185135
9,1,2030,wind_onshore,0.2913558991458887
9,2,2030,wind_onshore,0.32334741283734064
9,3,2030,wind_onshore,0.3432109245647385
9,4,2030,wind_onshore,0.36691443554430553
9,5,2030,wind_onshore,0.38614303056583466
9,6,2030,wind_onshore,0.4112355767985267
9,7,2030,wind_onshore,0.4367795789556514
9,8,2030,wind_onshore,0.43112083313297694
9,9,2030,wind_onshore,0.45997311000689534
9,10,2030,wind_onshore,0.4812464084557754
9,11,2030,wind_onshore,0.492296811178257
9,12,2030,wind_onshore,0.5296620670902369
9,13,2030,wind_onshore,0.5577702124862064
9,14,2030,wind_onshore,0.6047259938608346
9,15,2030,wind_onshore,0.6216779859343255
9,16,2030,wind_onshore,0.6309673588490367
9,17,2030,wind_onshore,0.6037352747573449
9,18,2030,wind_onshore,0.5698566123377317
9,19,2030,wind_onshore,0.4996765840904886
9,20,2030,wind_onshore,0.4322618933136259
9,21,2030,wind_onshore,0.4060167868152835
9,22,2030,wind_onshore,0.3667386583349259
9,23,2030,wind_onshore,0.3342197597835107
9,24,2030,wind_onshore,0.3397980912216923
10,1,2030,demand,0.49497092670324877
10,2,2030,demand,0.4760153641598227
10,3,2030,demand,0.45530865841400947
10,4,2030,demand,0.44150059139091796
10,5,2030,demand,0.43208969196376984
10,6,2030,demand,0.4198118649968696
10,7,2030,demand,0.4272643600801077
10,8,2030,demand,0.45216471026589533
10,9,2030,demand,0.4876957234691412
10,10,2030,demand,0.5165025058532228
10,11,2030,demand,0.5291767358844126
10,12,2030,demand,0.5269743566875966
10,13,2030,demand,0.537138833367333
10,14,2030,demand,0.5319421138476672
10,15,2030,demand,0.5156289539306834
10,16,2030,demand,0.5040812498340599
10,17,2030,demand,0.49977503737705864
10,18,2030,demand,0.5238505694303408
10,19,2030,demand,0.5604434616801581
10,20,2030,demand,0.589353095623071
10,21,2030,demand,0.6035504568674557
10,22,2030,demand,0.59090221656702
10,23,2030,demand,0.556822476611057
10,24,2030,demand,0.5316909149305169
10,1,2030,solar,0.0
10,2,2030,solar,0.0
10,3,2030,solar,0.0
10,4,2030,solar,0.0
10,5,2030,solar,0.0
10,6,2030,solar,0.0
10,7,2030,solar,0.0
10,8,2030,solar,0.0
10,9,2030,solar,0.1266746479456863
10,10,2030,solar,0.3341128998777405
10,11,2030,solar,0.5083927839436144
10,12,2030,solar,0.6331213193090461
10,13,2030,solar,0.6796610923196074
10,14,2030,solar,0.6576692939201374
10,15,2030,solar,0.5605366916542336
10,16,2030,solar,0.41636110848881347
10,17,2030,solar,0.2552232394534151
10,18,2030,solar,0.09348147476796657
10,19,2030,solar,0.0
10,20,2030,solar,0.0
10,21,2030,solar,0.0
10,22,2030,solar,0.0
10,23,2030,solar,0.0
10,24,2030,solar,0.0
10,1,2030,wind_offshore,0.9014903702193937
10,2,2030,wind_offshore,0.9440565794854094
10,3,2030,wind_offshore,0.9605448605489263
10,4,2030,wind_offshore,0.9728836569604197
10,5,2030,wind_offshore,0.9669430722846593
10,6,2030,wind_offshore,0.9749769932987963
10,7,2030,wind_offshore,0.9736926468168657
10,8,2030,wind_offshore,0.9689892325850824
10,9,2030,wind_offshore,0.9725044290113687
10,10,2030,wind_offshore,0.9758821853841
10,11,2030,wind_offshore,0.9737848297229625
10,12,2030,wind_offshore,0.9684687286406284
10,13,2030,wind_offshore,0.9630745893686102
10,14,2030,wind_offshore,0.9725149021829951
10,15,2030,wind_offshore,0.9788168645433385
10,16,2030,wind_offshore,0.9153060560339437
10,17,2030,wind_offshore,0.7202455526840108
10,18,2030,wind_offshore,0.5175641035626921
10,19,2030,wind_offshore,0.34102017063435736
10,20,2030,wind_offshore,0.20413013851892087
10,21,2030,wind_offshore,0.16030976563438482
10,22,2030,wind_offshore,0.13222386916224366
10,23,2030,wind_offshore,0.034714709218036
10,24,2030,wind_offshore,0.012653857850492042
10,1,2030,wind_onshore,0.21710651500687494
10,2,2030,wind_onshore,0.22438733681993833
10,3,2030,wind_onshore,0.2368862395250267
10,4,2030,wind_onshore,0.2432246740283009
10,5,2030,wind_onshore,0.25470888647616996
10,6,2030,wind_onshore,0.25131942432020715
10,7,2030,wind_onshore,0.258244120914418
10,8,2030,wind_onshore,0.26584515628289873
10,9,2030,wind_onshore,0.26534847492196356
10,10,2030,wind_onshore,0.2483354661621886
10,11,2030,wind_onshore,0.2366318120605091
10,12,2030,wind_onshore,0.25696987246893405
10,13,2030,wind_onshore,0.28768255674272575
10,14,2030,wind_onshore,0.3263178971781085
10,15,2030,wind_onshore,0.37363932355548346
10,16,2030,wind_onshore,0.38987873267006234
10,17,2030,wind_onshore,0.4042091144680092
10,18,2030,wind_onshore,0.39462890159494834
10,19,2030,wind_onshore,0.3951095120921397
10,20,2030,wind_onshore,0.3839555424004137
10,21,2030,wind_onshore,0.377755788379465
10,22,2030,wind_onshore,0.3531307591072918
10,23,2030,wind_onshore,0.3362912735503344
10,24,2030,wind_onshore,0.32029520029504877
11,1,2030,demand,0.4870558829502042
11,2,2030,demand,0.4888518834411021
11,3,2030,demand,0.4827087050428922
11,4,2030,demand,0.47470152456854064
11,5,2030,demand,0.49050848406769865
11,6,2030,demand,0.5184983486882411
11,7,2030,demand,0.5522301649357634
11,8,2030,demand,0.5899503205500363
11,9,2030,demand,0.6083091316185187
11,10,2030,demand,0.6083280579608015
11,11,2030,demand,0.6042228466536218
11,12,2030,demand,0.6079616886150363
11,13,2030,demand,0.5994120285335544
11,14,2030,demand,0.5846269380720379
11,15,2030,demand,0.5784633664350978
11,16,2030,demand,0.5746916725809225
11,17,2030,demand,0.5745004361722988
11,18,2030,demand,0.576172678421498
11,19,2030,demand,0.5817292800950734
11,20,2030,demand,0.5892276609809912
11,21,2030,demand,0.5820650924437065
11,22,2030,demand,0.5423379061177005
11,23,2030,demand,0.5065732653094923
11,24,2030,demand,0.5047550771427426
11,1,2030,solar,0.0
11,2,2030,solar,0.0
11,3,2030,solar,0.0
11,4,2030,solar,0.0
11,5,2030,solar,0.0
11,6,2030,solar,0.0
11,7,2030,solar,0.01968618273005683
11,8,2030,solar,0.1643166722885121
11,9,2030,solar,0.35174275927901033
11,10,2030,solar,0.5224713302256534
11,11,2030,solar,0.6407461963639441
11,12,2030,solar,0.7215189067250392
11,13,2030,solar,0.7473284845226902
11,14,2030,solar,0.7200259384136556
11,15,2030,solar,0.6417318701433308
11,16,2030,solar,0.5337332093378427
11,17,2030,solar,0.38397246675447366
11,18,2030,solar,0.21100469298543895
11,19,2030,solar,0.05558024422381719
11,20,2030,solar,0.00015655012704658832
11,21,2030,solar,0.0
11,22,2030,solar,0.0
11,23,2030,solar,0.0
11,24,2030,solar,0.0
11,1,2030,wind_offshore,0.044515326114168224
11,2,2030,wind_offshore,0.09152175430630598
11,3,2030,wind_offshore,0.15029058695043904
11,4,2030,wind_offshore,0.2276224507042512
11,5,2030,wind_offshore,0.33657424913555517
11,6,2030,wind_offshore,0.41141235481769856
11,7,2030,wind_offshore,0.45880777593282485
11,8,2030,wind_offshore,0.38526424657106234
11,9,2030,wind_offshore,0.2627820519737097
11,10,2030,wind_offshore,0.15511026825771018
11,11,2030,wind_offshore,0.1616778241609595
11,12,2030,wind_offshore,0.08303445318289943
11,13,2030,wind_offshore,0.03291343686835433
11,14,2030,wind_offshore,0.021628310035333338
11,15,2030,wind_offshore,0.0349387626226646
11,16,2030,wind_offshore,0.028075317795881325
11,17,2030,wind_offshore,0.007544453232300939
11,18,2030,wind_offshore,1.8291336330310348e-5
11,19,2030,wind_offshore,0.0
11,20,2030,wind_offshore,0.0
11,21,2030,wind_offshore,0.00017686157171154356
11,22,2030,wind_offshore,0.001248344632824935
11,23,2030,wind_offshore,0.021568151438903945
11,24,2030,wind_offshore,0.021714226196821923
11,1,2030,wind_onshore,0.09543718878003153
11,2,2030,wind_onshore,0.09861535390551861
11,3,2030,wind_onshore,0.10428743844962171
11,4,2030,wind_onshore,0.10542210546583505
11,5,2030,wind_onshore,0.10987215619099452
11,6,2030,wind_onshore,0.10685937384606117
11,7,2030,wind_onshore,0.10605510433427245
11,8,2030,wind_onshore,0.08883151575578407
11,9,2030,wind_onshore,0.06946817769346947
11,10,2030,wind_onshore,0.07807016738288182
11,11,2030,wind_onshore,0.09469288104396378
11,12,2030,wind_onshore,0.10654949409812009
11,13,2030,wind_onshore,0.11388784550589223
11,14,2030,wind_onshore,0.11585884707282107
11,15,2030,wind_onshore,0.114598492849592
11,16,2030,wind_onshore,0.11199568555647746
11,17,2030,wind_onshore,0.10694785683791232
11,18,2030,wind_onshore,0.10516082486464232
11,19,2030,wind_onshore,0.10195466324410095
11,20,2030,wind_onshore,0.10978838171607128
11,21,2030,wind_onshore,0.11102120504533679
11,22,2030,wind_onshore,0.11221876729541494
11,23,2030,wind_onshore,0.0883560643927711
11,24,2030,wind_onshore,0.07171787926479223
12,1,2030,demand,0.4998775726327265
12,2,2030,demand,0.4917643131357462
12,3,2030,demand,0.48639872712438464
12,4,2030,demand,0.47827985047664334
12,5,2030,demand,0.4878875927568206
12,6,2030,demand,0.5080202335818056
12,7,2030,demand,0.5370975900572548
12,8,2030,demand,0.5711268304471193
12,9,2030,demand,0.6001063819226496
12,10,2030,demand,0.6166566746706073
12,11,2030,demand,0.6302717811065781
12,12,2030,demand,0.6274531663390182
12,13,2030,demand,0.6310051792917156
12,14,2030,demand,0.6168331913955766
12,15,2030,demand,0.6062526565134264
12,16,2030,demand,0.6084349389492544
12,17,2030,demand,0.6021612535441839
12,18,2030,demand,0.6114700166352218
12,19,2030,demand,0.6263126133067659
12,20,2030,demand,0.6403353604572382
12,21,2030,demand,0.6337537428696332
12,22,2030,demand,0.6012832660411312
12,23,2030,demand,0.5595523516133566
12,24,2030,demand,0.5445878633518781
12,1,2030,solar,0.0
12,2,2030,solar,0.0
12,3,2030,solar,0.0
12,4,2030,solar,0.0
12,5,2030,solar,0.0
12,6,2030,solar,0.0
12,7,2030,solar,0.0
12,8,2030,solar,0.01551012449048865
12,9,2030,solar,0.12825044330689994
12,10,2030,solar,0.3314502521813978
12,11,2030,solar,0.4935301796398869
12,12,2030,solar,0.6033913905443321
12,13,2030,solar,0.6552492231863263
12,14,2030,solar,0.6383720675204851
12,15,2030,solar,0.552827893400451
12,16,2030,solar,0.4129522461185292
12,17,2030,solar,0.21769902447003558
12,18,2030,solar,0.022669969017189557
12,19,2030,solar,0.0
12,20,2030,solar,0.0
12,21,2030,solar,0.0
12,22,2030,solar,0.0
12,23,2030,solar,0.0
12,24,2030,solar,0.0
12,1,2030,wind_offshore,0.9087771979263729
12,2,2030,wind_offshore,0.9237977373398625
12,3,2030,wind_offshore,0.924261542008185
12,4,2030,wind_offshore,0.9180482471255926
12,5,2030,wind_offshore,0.9105557182438513
12,6,2030,wind_offshore,0.9151269289353965
12,7,2030,wind_offshore,0.9222521648961853
12,8,2030,wind_offshore,0.9258422404306386
12,9,2030,wind_offshore,0.9272518302559687
12,10,2030,wind_offshore,0.9261200112300224
12,11,2030,wind_offshore,0.9275376556324804
12,12,2030,wind_offshore,0.9077179751301246
12,13,2030,wind_offshore,0.8942298088304774
12,14,2030,wind_offshore,0.8588413150946387
12,15,2030,wind_offshore,0.8336352060034362
12,16,2030,wind_offshore,0.8352172742672005
12,17,2030,wind_offshore,0.8487197113569087
12,18,2030,wind_offshore,0.8131464185277029
12,19,2030,wind_offshore,0.724490977956317
12,20,2030,wind_offshore,0.5931800100943391
12,21,2030,wind_offshore,0.46389781030030863
12,22,2030,wind_offshore,0.3506784480140356
12,23,2030,wind_offshore,0.25966323639097627
12,24,2030,wind_offshore,0.15837000552712877
12,1,2030,wind_onshore,0.5192336255690672
12,2,2030,wind_onshore,0.5070632314209942
12,3,2030,wind_onshore,0.4980290806794414
12,4,2030,wind_onshore,0.4963679229840488
12,5,2030,wind_onshore,0.4898597956129046
12,6,2030,wind_onshore,0.4954830254625422
12,7,2030,wind_onshore,0.5083346214803961
12,8,2030,wind_onshore,0.5117586464944356
12,9,2030,wind_onshore,0.5230123389043682
12,10,2030,wind_onshore,0.5008037222601592
12,11,2030,wind_onshore,0.48251914380819544
12,12,2030,wind_onshore,0.506090035931239
12,13,2030,wind_onshore,0.5112729917419704
12,14,2030,wind_onshore,0.5105604869417499
12,15,2030,wind_onshore,0.5068097094976963
12,16,2030,wind_onshore,0.49625967576294494
12,17,2030,wind_onshore,0.4735643227634953
12,18,2030,wind_onshore,0.4589883521691409
12,19,2030,wind_onshore,0.45257968949252464
12,20,2030,wind_onshore,0.4259067856329279
12,21,2030,wind_onshore,0.3984733977574417
12,22,2030,wind_onshore,0.3725391560807865
12,23,2030,wind_onshore,0.3410171966081469
12,24,2030,wind_onshore,0.30749171068232206
13,1,2030,demand,0.4985272261669008
13,2,2030,demand,0.4851181529876814
13,3,2030,demand,0.47758315260672973
13,4,2030,demand,0.46837002575932263
13,5,2030,demand,0.47920065141771245
13,6,2030,demand,0.5084252039090782
13,7,2030,demand,0.5637860169838047
13,8,2030,demand,0.6125219608743795
13,9,2030,demand,0.6495041768664194
13,10,2030,demand,0.6667368653479878
13,11,2030,demand,0.6698322788930546
13,12,2030,demand,0.6702492886987923
13,13,2030,demand,0.6645043765848396
13,14,2030,demand,0.6487116282013685
13,15,2030,demand,0.6298289792287993
13,16,2030,demand,0.6246979467609453
13,17,2030,demand,0.6269801087182587
13,18,2030,demand,0.6460801531345465
13,19,2030,demand,0.6761218097400788
13,20,2030,demand,0.6939666235271
13,21,2030,demand,0.694457439712409
13,22,2030,demand,0.6522078959150966
13,23,2030,demand,0.5978390264283546
13,24,2030,demand,0.5780776110279475
13,1,2030,solar,0.0
13,2,2030,solar,0.0
13,3,2030,solar,0.0
13,4,2030,solar,0.0
13,5,2030,solar,0.0
13,6,2030,solar,0.0
13,7,2030,solar,0.0
13,8,2030,solar,0.0
13,9,2030,solar,0.1050797136718434
13,10,2030,solar,0.2902313438611678
13,11,2030,solar,0.46118842502288204
13,12,2030,solar,0.5789761010400316
13,13,2030,solar,0.6371094969593352
13,14,2030,solar,0.6347632613488806
13,15,2030,solar,0.5662667891665378
13,16,2030,solar,0.44331289888891634
13,17,2030,solar,0.2636966621258999
13,18,2030,solar,0.08208413565419062
13,19,2030,solar,0.0
13,20,2030,solar,0.0
13,21,2030,solar,0.0
13,22,2030,solar,0.0
13,23,2030,solar,0.0
13,24,2030,solar,0.0
13,1,2030,wind_offshore,0.9808606197338638
13,2,2030,wind_offshore,0.971817431030666
13,3,2030,wind_offshore,0.9745586479175373
13,4,2030,wind_offshore,0.9762359921860202
13,5,2030,wind_offshore,0.9756641007408706
13,6,2030,wind_offshore,0.9707208836053782
13,7,2030,wind_offshore,0.9654228461905365
13,8,2030,wind_offshore,0.962994247804501
13,9,2030,wind_offshore,0.9528410865212282
13,10,2030,wind_offshore,0.9564624937893943
13,11,2030,wind_offshore,0.9561229057521934
13,12,2030,wind_offshore,0.9618273418514971
13,13,2030,wind_offshore,0.9608160213921944
13,14,2030,wind_offshore,0.9691594924832485
13,15,2030,wind_offshore,0.6784972931204369
13,16,2030,wind_offshore,0.13086331861288092
13,17,2030,wind_offshore,0.017045283781279508
13,18,2030,wind_offshore,0.06203649107743202
13,19,2030,wind_offshore,0.11208930156039301
13,20,2030,wind_offshore,0.12260108741182685
13,21,2030,wind_offshore,0.11255326530425963
13,22,2030,wind_offshore,0.0989592652221408
13,23,2030,wind_offshore,0.09879985515141214
13,24,2030,wind_offshore,0.07573064099084677
13,1,2030,wind_onshore,0.1749811601031531
13,2,2030,wind_onshore,0.17738823138958607
13,3,2030,wind_onshore,0.173865661052864
13,4,2030,wind_onshore,0.16941194866849763
13,5,2030,wind_onshore,0.1668588639022052
13,6,2030,wind_onshore,0.16758690930966597
13,7,2030,wind_onshore,0.17538854637829487
13,8,2030,wind_onshore,0.1818431263311044
13,9,2030,wind_onshore,0.18675835005801347
13,10,2030,wind_onshore,0.19249306232166924
13,11,2030,wind_onshore,0.19062495717522993
13,12,2030,wind_onshore,0.2021549928314101
13,13,2030,wind_onshore,0.21924659354899273
13,14,2030,wind_onshore,0.23582207145569573
13,15,2030,wind_onshore,0.2434774678556606
13,16,2030,wind_onshore,0.23408707017315655
13,17,2030,wind_onshore,0.20868095493912853
13,18,2030,wind_onshore,0.18054306046493984
13,19,2030,wind_onshore,0.17022630421369478
13,20,2030,wind_onshore,0.16341287653958678
13,21,2030,wind_onshore,0.16528963975081354
13,22,2030,wind_onshore,0.1710115783053175
13,23,2030,wind_onshore,0.22490491620163733
13,24,2030,wind_onshore,0.2268257873843109
14,1,2030,demand,0.519994639738067
14,2,2030,demand,0.5026040551149706
14,3,2030,demand,0.49114920249035265
14,4,2030,demand,0.47811674526066017
14,5,2030,demand,0.46886509221123485
14,6,2030,demand,0.46572786885712747
14,7,2030,demand,0.4835459816545875
14,8,2030,demand,0.5147167038392843
14,9,2030,demand,0.5548051386133582
14,10,2030,demand,0.5928284085020481
14,11,2030,demand,0.611927711412064
14,12,2030,demand,0.6154648781128904
14,13,2030,demand,0.6131913927214478
14,14,2030,demand,0.6017410137722439
14,15,2030,demand,0.5803648471202212
14,16,2030,demand,0.5770073653150732
14,17,2030,demand,0.5681296234265604
14,18,2030,demand,0.578753471858607
14,19,2030,demand,0.6071763908044516
14,20,2030,demand,0.6301829280160505
14,21,2030,demand,0.6348792022815007
14,22,2030,demand,0.6167956884860593
14,23,2030,demand,0.5758517726391723
14,24,2030,demand,0.5498151085174428
14,1,2030,solar,0.0
14,2,2030,solar,0.0
14,3,2030,solar,0.0
14,4,2030,solar,0.0
14,5,2030,solar,0.0
14,6,2030,solar,0.0
14,7,2030,solar,0.0
14,8,2030,solar,0.0
14,9,2030,solar,0.06797530673683438
14,10,2030,solar,0.26005455400140054
14,11,2030,solar,0.42212800565841335
14,12,2030,solar,0.5430887680682457
14,13,2030,solar,0.5811499725788641
14,14,2030,solar,0.54961598094665
14,15,2030,solar,0.46614483013873687
14,16,2030,solar,0.33373963719789496
14,17,2030,solar,0.16835059159645943
14,18,2030,solar,0.0013341166558935441
14,19,2030,solar,0.0
14,20,2030,solar,0.0
14,21,2030,solar,0.0
14,22,2030,solar,0.0
14,23,2030,solar,0.0
14,24,2030,solar,0.0
14,1,2030,wind_offshore,0.2584611828378122
14,2,2030,wind_offshore,0.26958870611366526
14,3,2030,wind_offshore,0.2397929119586713
14,4,2030,wind_offshore,0.24267393742128157
14,5,2030,wind_offshore,0.2560359833995006
14,6,2030,wind_offshore,0.25664302411218853
14,7,2030,wind_offshore,0.25368296781706906
14,8,2030,wind_offshore,0.250156375465928
14,9,2030,wind_offshore,0.2570619210926107
14,10,2030,wind_offshore,0.27729006227473973
14,11,2030,wind_offshore,0.25539465423262486
14,12,2030,wind_offshore,0.19083064845630557
14,13,2030,wind_offshore,0.1498558864934214
14,14,2030,wind_offshore,0.15081660278706244
14,15,2030,wind_offshore,0.19243207309931684
14,16,2030,wind_offshore,0.2316077792868334
14,17,2030,wind_offshore,0.21583665442967143
14,18,2030,wind_offshore,0.19244525813983937
14,19,2030,wind_offshore,0.18789063175801557
14,20,2030,wind_offshore,0.17642558831922672
14,21,2030,wind_offshore,0.1518841932732436
14,22,2030,wind_offshore,0.1265156254536341
14,23,2030,wind_offshore,0.06251333111327226
14,24,2030,wind_offshore,0.02793802871486266
14,1,2030,wind_onshore,0.6637011699923498
14,2,2030,wind_onshore,0.6488005741391553
14,3,2030,wind_onshore,0.6397327073608456
14,4,2030,wind_onshore,0.6313210320541136
14,5,2030,wind_onshore,0.639082943611267
14,6,2030,wind_onshore,0.6406436943587319
14,7,2030,wind_onshore,0.6229724275974149
14,8,2030,wind_onshore,0.5986936675806522
14,9,2030,wind_onshore,0.5679819488808784
14,10,2030,wind_onshore,0.5340240118026256
14,11,2030,wind_onshore,0.4960376782545733
14,12,2030,wind_onshore,0.5329288175372158
14,13,2030,wind_onshore,0.5481370739150431
14,14,2030,wind_onshore,0.5511443586314577
14,15,2030,wind_onshore,0.557672240986399
14,16,2030,wind_onshore,0.5596860861704837
14,17,2030,wind_onshore,0.5265099226246255
14,18,2030,wind_onshore,0.51234806544324
14,19,2030,wind_onshore,0.5240755117740237
14,20,2030,wind_onshore,0.5237090750462476
14,21,2030,wind_onshore,0.518916279083921
14,22,2030,wind_onshore,0.49459916998298936
14,23,2030,wind_onshore,0.4410081221435643
14,24,2030,wind_onshore,0.43808425314454674
15,1,2030,demand,0.4894269147778649
15,2,2030,demand,0.49327849080157593
15,3,2030,demand,0.495724046762711
15,4,2030,demand,0.4969301794263698
15,5,2030,demand,0.5078843093346217
15,6,2030,demand,0.5409560626617496
15,7,2030,demand,0.5855584677021393
15,8,2030,demand,0.6190924796708916
15,9,2030,demand,0.6365728863325921
15,10,2030,demand,0.6387921218275943
15,11,2030,demand,0.6379786830997105
15,12,2030,demand,0.6229384697299403
15,13,2030,demand,0.6038706478453084
15,14,2030,demand,0.5877490097425717
15,15,2030,demand,0.5807663639631715
15,16,2030,demand,0.5845602326914837
15,17,2030,demand,0.5838971518305027
15,18,2030,demand,0.5889922761707549
15,19,2030,demand,0.6090179552405304
15,20,2030,demand,0.6237972089075314
15,21,2030,demand,0.6110007947670558
15,22,2030,demand,0.5645046434982602
15,23,2030,demand,0.5189686820572037
15,24,2030,demand,0.5200969193958447
15,1,2030,solar,0.0
15,2,2030,solar,0.0
15,3,2030,solar,0.0
15,4,2030,solar,0.0
15,5,2030,solar,0.0
15,6,2030,solar,0.0
15,7,2030,solar,7.028882025070758e-5
15,8,2030,solar,0.09683132027262209
15,9,2030,solar,0.290878476057963
15,10,2030,solar,0.4594650518482496
15,11,2030,solar,0.5559779118690549
15,12,2030,solar,0.6125037178739958
15,13,2030,solar,0.6151115768391959
15,14,2030,solar,0.5710379553255414
15,15,2030,solar,0.4802163041952083
15,16,2030,solar,0.35455519859550133
15,17,2030,solar,0.20987587634699875
15,18,2030,solar,0.08692261575391202
15,19,2030,solar,0.004638765138304521
15,20,2030,solar,0.0
15,21,2030,solar,0.0
15,22,2030,solar,0.0
15,23,2030,solar,0.0
15,24,2030,solar,0.0
15,1,2030,wind_offshore,0.7796622758702214
15,2,2030,wind_offshore,0.7475825886440547
15,3,2030,wind_offshore,0.7616280199139862
15,4,2030,wind_offshore,0.8260177143377285
15,5,2030,wind_offshore,0.890468814575515
15,6,2030,wind_offshore,0.9027865158198666
15,7,2030,wind_offshore,0.9177868734685939
15,8,2030,wind_offshore,0.9095159248233101
15,9,2030,wind_offshore,0.9147186428733058
15,10,2030,wind_offshore,0.9191676517298064
15,11,2030,wind_offshore,0.9187137589720277
15,12,2030,wind_offshore,0.9090223028473731
15,13,2030,wind_offshore,0.9175778474248331
15,14,2030,wind_offshore,0.9175308584642905
15,15,2030,wind_offshore,0.9269239448537764
15,16,2030,wind_offshore,0.9171143693443726
15,17,2030,wind_offshore,0.9088273849873767
15,18,2030,wind_offshore,0.888826488742694
15,19,2030,wind_offshore,0.8379013240076796
15,20,2030,wind_offshore,0.8010461185426601
15,21,2030,wind_offshore,0.712228676927712
15,22,2030,wind_offshore,0.6371925025596819
15,23,2030,wind_offshore,0.6594205305360061
15,24,2030,wind_offshore,0.630677164616613
15,1,2030,wind_onshore,0.23892844567066127
15,2,2030,wind_onshore,0.26318609665897374
15,3,2030,wind_onshore,0.2856805212028798
15,4,2030,wind_onshore,0.31529962507803566
15,5,2030,wind_onshore,0.33752935108371523
15,6,2030,wind_onshore,0.36088275196496394
15,7,2030,wind_onshore,0.3697697688082345
15,8,2030,wind_onshore,0.3831666411462571
15,9,2030,wind_onshore,0.40364730487236367
15,10,2030,wind_onshore,0.46376483817801756
15,11,2030,wind_onshore,0.4682884552235127
15,12,2030,wind_onshore,0.4977101426171787
15,13,2030,wind_onshore,0.5380075545248715
15,14,2030,wind_onshore,0.5611054061201725
15,15,2030,wind_onshore,0.5785889892932365
15,16,2030,wind_onshore,0.5768255176892899
15,17,2030,wind_onshore,0.528152356913287
15,18,2030,wind_onshore,0.46683013545485896
15,19,2030,wind_onshore,0.3792573733357555
15,20,2030,wind_onshore,0.3172568979904046
15,21,2030,wind_onshore,0.28494505547375093
15,22,2030,wind_onshore,0.250982047497496
15,23,2030,wind_onshore,0.25266680957135734
15,24,2030,wind_onshore,0.24482369295651188
16,1,2030,demand,0.5293199029934893
16,2,2030,demand,0.5079092522466544
16,3,2030,demand,0.491631053120376
16,4,2030,demand,0.4800610493088347
16,5,2030,demand,0.4744557050748668
16,6,2030,demand,0.4716682204328394
16,7,2030,demand,0.4848328755477785
16,8,2030,demand,0.517284954306265
16,9,2030,demand,0.5524376417365575
16,10,2030,demand,0.583843676244385
16,11,2030,demand,0.5959227574544972
16,12,2030,demand,0.5989487380986565
16,13,2030,demand,0.5908327999567371
16,14,2030,demand,0.5847976266363081
16,15,2030,demand,0.569155535239795
16,16,2030,demand,0.5524289806880034
16,17,2030,demand,0.5448274274806478
16,18,2030,demand,0.5457710429474938
16,19,2030,demand,0.5686275892329686
16,20,2030,demand,0.5826434430040917
16,21,2030,demand,0.5946973357083981
16,22,2030,demand,0.5769139808302204
16,23,2030,demand,0.543975583409835
16,24,2030,demand,0.5293898056346074
16,1,2030,solar,0.0
16,2,2030,solar,0.0
16,3,2030,solar,0.0
16,4,2030,solar,0.0
16,5,2030,solar,0.0
16,6,2030,solar,0.0
16,7,2030,solar,0.0
16,8,2030,solar,0.0
16,9,2030,solar,0.11398657006158154
16,10,2030,solar,0.3141222125129832
16,11,2030,solar,0.49207476529920235
16,12,2030,solar,0.6204415849437029
16,13,2030,solar,0.674411713281823
16,14,2030,solar,0.6703369118553646
16,15,2030,solar,0.5951606293557861
16,16,2030,solar,0.4714373805640169
16,17,2030,solar,0.29042183077200057
16,18,2030,solar,0.09731181651419041
16,19,2030,solar,0.0
16,20,2030,solar,0.0
16,21,2030,solar,0.0
16,22,2030,solar,0.0
16,23,2030,solar,0.0
16,24,2030,solar,0.0
16,1,2030,wind_offshore,0.6614513457942859
16,2,2030,wind_offshore,0.7088072599662847
16,3,2030,wind_offshore,0.694987863933567
16,4,2030,wind_offshore,0.6334931930073151
16,5,2030,wind_offshore,0.5586495951347719
16,6,2030,wind_offshore,0.5212024690525094
16,7,2030,wind_offshore,0.5208146334476157
16,8,2030,wind_offshore,0.5693013061308478
16,9,2030,wind_offshore,0.6367425475293582
16,10,2030,wind_offshore,0.7010665899511157
16,11,2030,wind_offshore,0.6611668083058807
16,12,2030,wind_offshore,0.7173686768368732
16,13,2030,wind_offshore,0.7823808155915433
16,14,2030,wind_offshore,0.8393009851733002
16,15,2030,wind_offshore,0.8852954157559019
16,16,2030,wind_offshore,0.9070595738036544
16,17,2030,wind_offshore,0.910474454495125
16,18,2030,wind_offshore,0.9013463304347069
16,19,2030,wind_offshore,0.8823624097563476
16,20,2030,wind_offshore,0.8546226982225453
16,21,2030,wind_offshore,0.8031577678906863
16,22,2030,wind_offshore,0.7662492094741845
16,23,2030,wind_offshore,0.7780592133790512
16,24,2030,wind_offshore,0.7301405290963288
16,1,2030,wind_onshore,0.12360099136469395
16,2,2030,wind_onshore,0.11315187955533296
16,3,2030,wind_onshore,0.09217828067151845
16,4,2030,wind_onshore,0.07277253857080297
16,5,2030,wind_onshore,0.06282921893486412
16,6,2030,wind_onshore,0.05566890379955779
16,7,2030,wind_onshore,0.053046600957252193
16,8,2030,wind_onshore,0.05723594585046407
16,9,2030,wind_onshore,0.06387774975574942
16,10,2030,wind_onshore,0.065675059360544
16,11,2030,wind_onshore,0.051963028344740286
16,12,2030,wind_onshore,0.05356947358863897
16,13,2030,wind_onshore,0.06805966723374712
16,14,2030,wind_onshore,0.07292596069413151
16,15,2030,wind_onshore,0.07379692609207007
16,16,2030,wind_onshore,0.07156419120256273
16,17,2030,wind_onshore,0.07009612235010051
16,18,2030,wind_onshore,0.07000704176471967
16,19,2030,wind_onshore,0.07807856788939874
16,20,2030,wind_onshore,0.07881010467123507
16,21,2030,wind_onshore,0.07983352535281413
16,22,2030,wind_onshore,0.0804635738375442
16,23,2030,wind_onshore,0.0801215803617725
16,24,2030,wind_onshore,0.08116266487886381
17,1,2030,demand,0.47185005055631124
17,2,2030,demand,0.474747147462414
17,3,2030,demand,0.471090691814697
17,4,2030,demand,0.4663551874205087
17,5,2030,demand,0.4765405461001038
17,6,2030,demand,0.5055757366127598
17,7,2030,demand,0.5434393577978114
17,8,2030,demand,0.5775922466928373
17,9,2030,demand,0.596183057019818
17,10,2030,demand,0.6051214032928969
17,11,2030,demand,0.6075913242987524
17,12,2030,demand,0.6194681744282626
17,13,2030,demand,0.6117037102744538
17,14,2030,demand,0.5952261334531626
17,15,2030,demand,0.5808981437934033
17,16,2030,demand,0.5835351039626965
17,17,2030,demand,0.5815798805240717
17,18,2030,demand,0.5770536681472388
17,19,2030,demand,0.581816222663767
17,20,2030,demand,0.5901696362545095
17,21,2030,demand,0.5826101069487518
17,22,2030,demand,0.542666536868437
17,23,2030,demand,0.4994432152124624
17,24,2030,demand,0.4951958011372437
17,1,2030,solar,0.0
17,2,2030,solar,0.0
17,3,2030,solar,0.0
17,4,2030,solar,0.0
17,5,2030,solar,0.0
17,6,2030,solar,0.0
17,7,2030,solar,0.0009248557194840223
17,8,2030,solar,0.11748327958113461
17,9,2030,solar,0.3418309177902267
17,10,2030,solar,0.5484553554213939
17,11,2030,solar,0.6787485386591132
17,12,2030,solar,0.7586898715927339
17,13,2030,solar,0.7754235272605726
17,14,2030,solar,0.7456038403514607
17,15,2030,solar,0.6749078293934334
17,16,2030,solar,0.5611345030397423
17,17,2030,solar,0.3959881911316312
17,18,2030,solar,0.1807298385810796
17,19,2030,solar,0.019526876647230067
17,20,2030,solar,0.0
17,21,2030,solar,0.0
17,22,2030,solar,0.0
17,23,2030,solar,0.0
17,24,2030,solar,0.0
17,1,2030,wind_offshore,0.3712570222851928
17,2,2030,wind_offshore,0.33920053570574815
17,3,2030,wind_offshore,0.2810955387455436
17,4,2030,wind_offshore,0.2562999160327243
17,5,2030,wind_offshore,0.2630713043809332
17,6,2030,wind_offshore,0.2722171873282663
17,7,2030,wind_offshore,0.3000421086326228
17,8,2030,wind_offshore,0.32125918430949785
17,9,2030,wind_offshore,0.28153831971136245
17,10,2030,wind_offshore,0.30940865970136494
17,11,2030,wind_offshore,0.4168689599160126
17,12,2030,wind_offshore,0.47977421455208313
17,13,2030,wind_offshore,0.46869417763113236
17,14,2030,wind_offshore,0.3634308350688474
17,15,2030,wind_offshore,0.3785915651999445
17,16,2030,wind_offshore,0.46261325134349307
17,17,2030,wind_offshore,0.5105142261243378
17,18,2030,wind_offshore,0.5326373337961812
17,19,2030,wind_offshore,0.5880744597544452
17,20,2030,wind_offshore,0.6671641991372926
17,21,2030,wind_offshore,0.7446440019093149
17,22,2030,wind_offshore,0.7877204774367551
17,23,2030,wind_offshore,0.7892379360888644
17,24,2030,wind_offshore,0.8470095144361782
17,1,2030,wind_onshore,0.31720359416065136
17,2,2030,wind_onshore,0.3216833078367427
17,3,2030,wind_onshore,0.3363158484620723
17,4,2030,wind_onshore,0.34992647510865627
17,5,2030,wind_onshore,0.3537882644140024
17,6,2030,wind_onshore,0.3497218617364898
17,7,2030,wind_onshore,0.3485276880979995
17,8,2030,wind_onshore,0.3309571898405415
17,9,2030,wind_onshore,0.3600980788995039
17,10,2030,wind_onshore,0.40994493082208205
17,11,2030,wind_onshore,0.40003862999870465
17,12,2030,wind_onshore,0.43460577351673346
17,13,2030,wind_onshore,0.44428181313219195
17,14,2030,wind_onshore,0.44109520050205747
17,15,2030,wind_onshore,0.4359088754027337
17,16,2030,wind_onshore,0.4223992894929175
17,17,2030,wind_onshore,0.40350524199719306
17,18,2030,wind_onshore,0.37690568796491236
17,19,2030,wind_onshore,0.3011572261980383
17,20,2030,wind_onshore,0.2645971791561051
17,21,2030,wind_onshore,0.2447233057932362
17,22,2030,wind_onshore,0.22506645242243847
17,23,2030,wind_onshore,0.20487754084040344
17,24,2030,wind_onshore,0.21775642008443613
18,1,2030,demand,0.47338783182642935
18,2,2030,demand,0.4681040201652714
18,3,2030,demand,0.4510236528382532
18,4,2030,demand,0.43930874381151624
18,5,2030,demand,0.433885838114562
18,6,2030,demand,0.43665506579640767
18,7,2030,demand,0.44702023823000503
18,8,2030,demand,0.46160157558254794
18,9,2030,demand,0.49006589019200913
18,10,2030,demand,0.5159527218827847
18,11,2030,demand,0.5233190761896027
18,12,2030,demand,0.527932945210388
18,13,2030,demand,0.529246673421665
18,14,2030,demand,0.5278866907602147
18,15,2030,demand,0.5167759633225939
18,16,2030,demand,0.5121529121661679
18,17,2030,demand,0.5102451547747844
18,18,2030,demand,0.5254894891057154
18,19,2030,demand,0.5450369822639315
18,20,2030,demand,0.55301244494309
18,21,2030,demand,0.5537745114630576
18,22,2030,demand,0.5396171871136275
18,23,2030,demand,0.511633248263609
18,24,2030,demand,0.5028836547857896
18,1,2030,solar,0.0
18,2,2030,solar,0.0
18,3,2030,solar,0.0
18,4,2030,solar,0.0
18,5,2030,solar,0.0
18,6,2030,solar,0.0
18,7,2030,solar,0.0
18,8,2030,solar,0.07539054319066046
18,9,2030,solar,0.2667797821292014
18,10,2030,solar,0.46259696411948736
18,11,2030,solar,0.5887099368195893
18,12,2030,solar,0.6715777971121029
18,13,2030,solar,0.6821790863480091
18,14,2030,solar,0.6536568974414504
18,15,2030,solar,0.5702464327049288
18,16,2030,solar,0.44083803736334426
18,17,2030,solar,0.2724206665287903
18,18,2030,solar,0.08702096858654693
18,19,2030,solar,0.0
18,20,2030,solar,0.0
18,21,2030,solar,0.0
18,22,2030,solar,0.0
18,23,2030,solar,0.0
18,24,2030,solar,0.0
18,1,2030,wind_offshore,0.9399154195256553
18,2,2030,wind_offshore,0.9174201268682184
18,3,2030,wind_offshore,0.8714886764919807
18,4,2030,wind_offshore,0.8508196019136364
18,5,2030,wind_offshore,0.808588093551247
18,6,2030,wind_offshore,0.7775236118111222
18,7,2030,wind_offshore,0.7520492561338546
18,8,2030,wind_offshore,0.6721370353235895
18,9,2030,wind_offshore,0.5851131863684644
18,10,2030,wind_offshore,0.5227434461834368
18,11,2030,wind_offshore,0.4812455679993086
18,12,2030,wind_offshore,0.45989465070772984
18,13,2030,wind_offshore,0.3782234679303185
18,14,2030,wind_offshore,0.3195332690923869
18,15,2030,wind_offshore,0.2724296898572013
18,16,2030,wind_offshore,0.2517652344769919
18,17,2030,wind_offshore,0.22526472123327146
18,18,2030,wind_offshore,0.2036879430331599
18,19,2030,wind_offshore,0.1777857340736514
18,20,2030,wind_offshore,0.1571479626216702
18,21,2030,wind_offshore,0.13330268678126705
18,22,2030,wind_offshore,0.12031870058765631
18,23,2030,wind_offshore,0.11491787902261125
18,24,2030,wind_offshore,0.08538563176791791
18,1,2030,wind_onshore,0.10898406559575426
18,2,2030,wind_onshore,0.1131991530158578
18,3,2030,wind_onshore,0.11324516356525004
18,4,2030,wind_onshore,0.11377796930348077
18,5,2030,wind_onshore,0.11601202650171791
18,6,2030,wind_onshore,0.11958342954720107
18,7,2030,wind_onshore,0.12522696380652962
18,8,2030,wind_onshore,0.12904756076888757
18,9,2030,wind_onshore,0.12252003098160986
18,10,2030,wind_onshore,0.12188828690688348
18,11,2030,wind_onshore,0.1170484385763144
18,12,2030,wind_onshore,0.13989920822832996
18,13,2030,wind_onshore,0.15974352063990804
18,14,2030,wind_onshore,0.16287054247920296
18,15,2030,wind_onshore,0.1592791535899611
18,16,2030,wind_onshore,0.15820709674335928
18,17,2030,wind_onshore,0.1660867264831641
18,18,2030,wind_onshore,0.1766690602502812
18,19,2030,wind_onshore,0.2076078343286788
18,20,2030,wind_onshore,0.22685757788223626
18,21,2030,wind_onshore,0.2399755920441984
18,22,2030,wind_onshore,0.25471160602270243
18,23,2030,wind_onshore,0.23202052603246992
18,24,2030,wind_onshore,0.2431426355726546
19,1,2030,demand,0.5286081146487668
19,2,2030,demand,0.5226004047932041
19,3,2030,demand,0.5170767197592729
19,4,2030,demand,0.5066779916049252
19,5,2030,demand,0.5204284011926134
19,6,2030,demand,0.5445121345506418
19,7,2030,demand,0.5746911021026239
19,8,2030,demand,0.608200853753087
19,9,2030,demand,0.6499889261477109
19,10,2030,demand,0.682791889185883
19,11,2030,demand,0.7063418273855003
19,12,2030,demand,0.726381560728646
19,13,2030,demand,0.7265060098105288
19,14,2030,demand,0.7093071515125099
19,15,2030,demand,0.7022484778586108
19,16,2030,demand,0.6994212770505199
19,17,2030,demand,0.694958214600765
19,18,2030,demand,0.6858892990875903
19,19,2030,demand,0.6717725630772614
19,20,2030,demand,0.6647709759689245
19,21,2030,demand,0.6525517683138868
19,22,2030,demand,0.6096436516496833
19,23,2030,demand,0.5661202958037023
19,24,2030,demand,0.5557799838307781
19,1,2030,solar,0.0
19,2,2030,solar,0.0
19,3,2030,solar,0.0
19,4,2030,solar,0.0
19,5,2030,solar,0.0
19,6,2030,solar,0.0001844190895118029
19,7,2030,solar,0.02999515018770711
19,8,2030,solar,0.17389202855590938
19,9,2030,solar,0.3552187664535332
19,10,2030,solar,0.5142873584364751
19,11,2030,solar,0.616679159584192
19,12,2030,solar,0.6875037573487394
19,13,2030,solar,0.7129136459979589
19,14,2030,solar,0.6980078721561309
19,15,2030,solar,0.6491651127627901
19,16,2030,solar,0.5596982630883298
19,17,2030,solar,0.4301641313408488
19,18,2030,solar,0.2726180570917914
19,19,2030,solar,0.10501745897953822
19,20,2030,solar,0.007717973933336911
19,21,2030,solar,0.0
19,22,2030,solar,0.0
19,23,2030,solar,0.0
19,24,2030,solar,0.0
19,1,2030,wind_offshore,0.09194264187042105
19,2,2030,wind_offshore,0.09095821633118695
19,3,2030,wind_offshore,0.08821677937444922
19,4,2030,wind_offshore,0.0887171649083416
19,5,2030,wind_offshore,0.10204328636349298
19,6,2030,wind_offshore,0.11204831041159273
19,7,2030,wind_offshore,0.12838769607526532
19,8,2030,wind_offshore,0.14239512424706344
19,9,2030,wind_offshore,0.15329012942737189
19,10,2030,wind_offshore,0.16423271502651698
19,11,2030,wind_offshore,0.1449953896924613
19,12,2030,wind_offshore,0.15582829176173965
19,13,2030,wind_offshore,0.16441117239956174
19,14,2030,wind_offshore,0.17354376050120357
19,15,2030,wind_offshore,0.18160405355226458
19,16,2030,wind_offshore,0.17572805099755162
19,17,2030,wind_offshore,0.16212087646575882
19,18,2030,wind_offshore,0.1614977693318511
19,19,2030,wind_offshore,0.17087436448925264
19,20,2030,wind_offshore,0.19223324460743432
19,21,2030,wind_offshore,0.21842608660475507
19,22,2030,wind_offshore,0.24095225767002346
19,23,2030,wind_offshore,0.18511996463146363
19,24,2030,wind_offshore,0.18425081479595448
19,1,2030,wind_onshore,0.1799492903470786
19,2,2030,wind_onshore,0.1614012748935129
19,3,2030,wind_onshore,0.1473656218744919
19,4,2030,wind_onshore,0.13662402099838514
19,5,2030,wind_onshore,0.13158673340979193
19,6,2030,wind_onshore,0.12828695012760238
19,7,2030,wind_onshore,0.1297849400670969
19,8,2030,wind_onshore,0.11939013296044526
19,9,2030,wind_onshore,0.12532642081354475
19,10,2030,wind_onshore,0.135766989467383
19,11,2030,wind_onshore,0.1305974562563126
19,12,2030,wind_onshore,0.15007277479989223
19,13,2030,wind_onshore,0.1771869376821911
19,14,2030,wind_onshore,0.21777347766298186
19,15,2030,wind_onshore,0.2641599996177025
19,16,2030,wind_onshore,0.29918629576252226
19,17,2030,wind_onshore,0.32916504775236827
19,18,2030,wind_onshore,0.35330821578241295
19,19,2030,wind_onshore,0.3592194092903777
19,20,2030,wind_onshore,0.3569194670412951
19,21,2030,wind_onshore,0.36218617959585936
19,22,2030,wind_onshore,0.3435894953257335
19,23,2030,wind_onshore,0.27850946254956005
19,24,2030,wind_onshore,0.276199437575063
20,1,2030,demand,0.5019957317627192
20,2,2030,demand,0.48735402119562166
20,3,2030,demand,0.4825783204833671
20,4,2030,demand,0.47666316983365387
20,5,2030,demand,0.48337918077884706
20,6,2030,demand,0.5076487707396078
20,7,2030,demand,0.5512409465974515
20,8,2030,demand,0.5985343219659853
20,9,2030,demand,0.626588741306618
20,10,2030,demand,0.6540047462073566
20,11,2030,demand,0.6615319716834847
20,12,2030,demand,0.6574335124928363
20,13,2030,demand,0.6492888977176945
20,14,2030,demand,0.6306041747429711
20,15,2030,demand,0.6143449656180472
20,16,2030,demand,0.6106644194895792
20,17,2030,demand,0.6068738107800429
20,18,2030,demand,0.6230170322268617
20,19,2030,demand,0.650854629706929
20,20,2030,demand,0.6648610587823869
20,21,2030,demand,0.6607738875030795
20,22,2030,demand,0.6238410636624611
20,23,2030,demand,0.5745583825044935
20,24,2030,demand,0.5543498304800802
20,1,2030,solar,0.0
20,2,2030,solar,0.0
20,3,2030,solar,0.0
20,4,2030,solar,0.0
20,5,2030,solar,0.0
20,6,2030,solar,0.0
20,7,2030,solar,0.0
20,8,2030,solar,0.0
20,9,2030,solar,0.07599273289671488
20,10,2030,solar,0.20351151198590015
20,11,2030,solar,0.32018307440124694
20,12,2030,solar,0.4071070489623198
20,13,2030,solar,0.4188562865673504
20,14,2030,solar,0.37986841800194027
20,15,2030,solar,0.3158787199938493
20,16,2030,solar,0.21047134207490298
20,17,2030,solar,0.09113186045070312
20,18,2030,solar,0.0
20,19,2030,solar,0.0
20,20,2030,solar,0.0
20,21,2030,solar,0.0
20,22,2030,solar,0.0
20,23,2030,solar,0.0
20,24,2030,solar,0.0
20,1,2030,wind_offshore,0.887158623751381
20,2,2030,wind_offshore,0.8925998729886229
20,3,2030,wind_offshore,0.8959551323579846
20,4,2030,wind_offshore,0.897233010313893
20,5,2030,wind_offshore,0.8895323517063732
20,6,2030,wind_offshore,0.8603422758496879
20,7,2030,wind_offshore,0.8216787648932495
20,8,2030,wind_offshore,0.8129744023809667
20,9,2030,wind_offshore,0.7526850171267654
20,10,2030,wind_offshore,0.6521779449878191
20,11,2030,wind_offshore,0.5042590306117987
20,12,2030,wind_offshore,0.38905144084904064
20,13,2030,wind_offshore,0.2957489970942503
20,14,2030,wind_offshore,0.22208741013478053
20,15,2030,wind_offshore,0.17072885741352492
20,16,2030,wind_offshore,0.12195694928322694
20,17,2030,wind_offshore,0.07726850932408248
20,18,2030,wind_offshore,0.04199514694770915
20,19,2030,wind_offshore,0.023631283911068716
20,20,2030,wind_offshore,0.014307080008182064
20,21,2030,wind_offshore,0.016785655540722658
20,22,2030,wind_offshore,0.019717584953255027
20,23,2030,wind_offshore,0.007826785241806482
20,24,2030,wind_offshore,0.0045050084399694944
20,1,2030,wind_onshore,0.4846327499445149
20,2,2030,wind_onshore,0.4843713979663936
20,3,2030,wind_onshore,0.48097186812545134
20,4,2030,wind_onshore,0.4796925688003405
20,5,2030,wind_onshore,0.4796191084097647
20,6,2030,wind_onshore,0.4667017272988966
20,7,2030,wind_onshore,0.4557948010558828
20,8,2030,wind_onshore,0.44940332534997135
20,9,2030,wind_onshore,0.45527797135406567
20,10,2030,wind_onshore,0.4675120808065131
20,11,2030,wind_onshore,0.48377078626745906
20,12,2030,wind_onshore,0.5254803787300377
20,13,2030,wind_onshore,0.5355497839209444
20,14,2030,wind_onshore,0.5333913370010934
20,15,2030,wind_onshore,0.531579099722762
20,16,2030,wind_onshore,0.5087560570498262
20,17,2030,wind_onshore,0.45013890967254744
20,18,2030,wind_onshore,0.4078244007808569
20,19,2030,wind_onshore,0.3936254816252166
20,20,2030,wind_onshore,0.37495859791801767
20,21,2030,wind_onshore,0.35801346489965097
20,22,2030,wind_onshore,0.33153867177663543
20,23,2030,wind_onshore,0.289198490838819
20,24,2030,wind_onshore,0.26697295080989564
21,1,2030,demand,0.5022326293368117
21,2,2030,demand,0.4908278068747124
21,3,2030,demand,0.48053218644944523
21,4,2030,demand,0.47384439158843356
21,5,2030,demand,0.4786554050113336
21,6,2030,demand,0.4878820307077789
21,7,2030,demand,0.5040742407343397
21,8,2030,demand,0.5371445807320737
21,9,2030,demand,0.5696789946302083
21,10,2030,demand,0.5986553298662535
21,11,2030,demand,0.6116878478208385
21,12,2030,demand,0.6153878063380219
21,13,2030,demand,0.6088624259633031
21,14,2030,demand,0.596884153726822
21,15,2030,demand,0.5862474734425362
21,16,2030,demand,0.5760793789381129
21,17,2030,demand,0.5742887231283456
21,18,2030,demand,0.5767762865717712
21,19,2030,demand,0.5823056534828583
21,20,2030,demand,0.5947559624051297
21,21,2030,demand,0.5953956527634638
21,22,2030,demand,0.5685829795719437
21,23,2030,demand,0.5344621037209039
21,24,2030,demand,0.5267570806259135
21,1,2030,solar,0.0
21,2,2030,solar,0.0
21,3,2030,solar,0.0
21,4,2030,solar,0.0
21,5,2030,solar,0.0
21,6,2030,solar,0.0005924780276696339
21,7,2030,solar,0.035295936522851144
21,8,2030,solar,0.15052455473753212
21,9,2030,solar,0.31502318376623895
21,10,2030,solar,0.4662157076406812
21,11,2030,solar,0.567064238798036
21,12,2030,solar,0.6358556075186428
21,13,2030,solar,0.6620743870380648
21,14,2030,solar,0.6523242601340188
21,15,2030,solar,0.5948136692248776
21,16,2030,solar,0.49477187123602956
21,17,2030,solar,0.35869074130056433
21,18,2030,solar,0.21125586171977614
21,19,2030,solar,0.0773576862770222
21,20,2030,solar,0.007611662965768545
21,21,2030,solar,0.0
21,22,2030,solar,0.0
21,23,2030,solar,0.0
21,24,2030,solar,0.0
21,1,2030,wind_offshore,0.9336054513350436
21,2,2030,wind_offshore,0.9326514544134579
21,3,2030,wind_offshore,0.9285000552230379
21,4,2030,wind_offshore,0.9291790395876832
21,5,2030,wind_offshore,0.932036453379223
21,6,2030,wind_offshore,0.9352771847851467
21,7,2030,wind_offshore,0.9422090743520811
21,8,2030,wind_offshore,0.9449718407365977
21,9,2030,wind_offshore,0.9481063646685509
21,10,2030,wind_offshore,0.9507672340128561
21,11,2030,wind_offshore,0.9499434184527102
21,12,2030,wind_offshore,0.9470434643957077
21,13,2030,wind_offshore,0.9490080575892479
21,14,2030,wind_offshore,0.9497579015728275
21,15,2030,wind_offshore,0.9470397787488133
21,16,2030,wind_offshore,0.9466067515646845
21,17,2030,wind_offshore,0.9402026125107883
21,18,2030,wind_offshore,0.9423414339241178
21,19,2030,wind_offshore,0.9402179449807536
21,20,2030,wind_offshore,0.9389738168361416
21,21,2030,wind_offshore,0.9363309831482702
21,22,2030,wind_offshore,0.9261484528548604
21,23,2030,wind_offshore,0.9135407569465799
21,24,2030,wind_offshore,0.9026004685246435
21,1,2030,wind_onshore,0.4101129002258622
21,2,2030,wind_onshore,0.3889673605924444
21,3,2030,wind_onshore,0.3708508063821633
21,4,2030,wind_onshore,0.35009253877209673
21,5,2030,wind_onshore,0.33700612307326805
21,6,2030,wind_onshore,0.3233783499006894
21,7,2030,wind_onshore,0.30986242760136995
21,8,2030,wind_onshore,0.2983754104242881
21,9,2030,wind_onshore,0.29829931424302336
21,10,2030,wind_onshore,0.31935683864311226
21,11,2030,wind_onshore,0.3113202215835083
21,12,2030,wind_onshore,0.30755325565211744
21,13,2030,wind_onshore,0.3017254103486935
21,14,2030,wind_onshore,0.3029545809075004
21,15,2030,wind_onshore,0.31721238835305066
21,16,2030,wind_onshore,0.3445854571906587
21,17,2030,wind_onshore,0.3786724573151236
21,18,2030,wind_onshore,0.413729684982349
21,19,2030,wind_onshore,0.44021022103588925
21,20,2030,wind_onshore,0.44691487735940105
21,21,2030,wind_onshore,0.4438047801398742
21,22,2030,wind_onshore,0.42910459915094845
21,23,2030,wind_onshore,0.3698760495664988
21,24,2030,wind_onshore,0.3559996898809561
22,1,2030,demand,0.4927489500263919
22,2,2030,demand,0.48159413362009496
22,3,2030,demand,0.46804413955991997
22,4,2030,demand,0.4495381959864541
22,5,2030,demand,0.44929836585443933
22,6,2030,demand,0.44754626365071876
22,7,2030,demand,0.4619291087805396
22,8,2030,demand,0.4901241829408163
22,9,2030,demand,0.5257028529397764
22,10,2030,demand,0.5610858095201688
22,11,2030,demand,0.5769362397958167
22,12,2030,demand,0.5809674622781165
22,13,2030,demand,0.5844718411385367
22,14,2030,demand,0.586415069478874
22,15,2030,demand,0.5699646660678868
22,16,2030,demand,0.5573442386004053
22,17,2030,demand,0.5534584023959314
22,18,2030,demand,0.568935789417487
22,19,2030,demand,0.5871356445427178
22,20,2030,demand,0.6034550173479011
22,21,2030,demand,0.6064626030277407
22,22,2030,demand,0.5839393666408195
22,23,2030,demand,0.5378293438514676
22,24,2030,demand,0.5183799876960693
22,1,2030,solar,0.0
22,2,2030,solar,0.0
22,3,2030,solar,0.0
22,4,2030,solar,0.0
22,5,2030,solar,0.0
22,6,2030,solar,0.0
22,7,2030,solar,0.0
22,8,2030,solar,0.0
22,9,2030,solar,0.017131382393972053
22,10,2030,solar,0.07107158732079527
22,11,2030,solar,0.1434410366470191
22,12,2030,solar,0.20273656690797626
22,13,2030,solar,0.22484961243277612
22,14,2030,solar,0.20895268595844205
22,15,2030,solar,0.15300090171418826
22,16,2030,solar,0.08495817208230348
22,17,2030,solar,0.029590501490051532
22,18,2030,solar,0.0
22,19,2030,solar,0.0
22,20,2030,solar,0.0
22,21,2030,solar,0.0
22,22,2030,solar,0.0
22,23,2030,solar,0.0
22,24,2030,solar,0.0
22,1,2030,wind_offshore,0.9521956567937712
22,2,2030,wind_offshore,0.9527087783054589
22,3,2030,wind_offshore,0.9589139189048532
22,4,2030,wind_offshore,0.9565145241943821
22,5,2030,wind_offshore,0.9525082206008887
22,6,2030,wind_offshore,0.9447221421147385
22,7,2030,wind_offshore,0.9319037876758528
22,8,2030,wind_offshore,0.9109818413668896
22,9,2030,wind_offshore,0.8487235392402828
22,10,2030,wind_offshore,0.8062717096437585
22,11,2030,wind_offshore,0.8997803199949506
22,12,2030,wind_offshore,0.8956287493238266
22,13,2030,wind_offshore,0.7702126483687002
22,14,2030,wind_offshore,0.8111043940670215
22,15,2030,wind_offshore,0.8701142657838794
22,16,2030,wind_offshore,0.8760268950545332
22,17,2030,wind_offshore,0.9118789968956282
22,18,2030,wind_offshore,0.9251058218663899
22,19,2030,wind_offshore,0.9308702421365029
22,20,2030,wind_offshore,0.9338089564423406
22,21,2030,wind_offshore,0.9437654331224697
22,22,2030,wind_offshore,0.9337724188947377
22,23,2030,wind_offshore,0.9287759019559026
22,24,2030,wind_offshore,0.9319832645929593
22,1,2030,wind_onshore,0.6219421075780015
22,2,2030,wind_onshore,0.6442178782872207
22,3,2030,wind_onshore,0.6470642750284281
22,4,2030,wind_onshore,0.6566760817366017
22,5,2030,wind_onshore,0.663019699930657
22,6,2030,wind_onshore,0.6634103436620253
22,7,2030,wind_onshore,0.6679810493611346
22,8,2030,wind_onshore,0.6774289939252568
22,9,2030,wind_onshore,0.6907551442626512
22,10,2030,wind_onshore,0.6985947484208554
22,11,2030,wind_onshore,0.686978987651168
22,12,2030,wind_onshore,0.6855177250710778
22,13,2030,wind_onshore,0.704631796584072
22,14,2030,wind_onshore,0.7364258008833808
22,15,2030,wind_onshore,0.7529710089555568
22,16,2030,wind_onshore,0.7622920303044486
22,17,2030,wind_onshore,0.7672096919181702
22,18,2030,wind_onshore,0.7589187196612474
22,19,2030,wind_onshore,0.7608994248625998
22,20,2030,wind_onshore,0.7740842444235407
22,21,2030,wind_onshore,0.786104640190171
22,22,2030,wind_onshore,0.7833957298829621
22,23,2030,wind_onshore,0.7838901197834934
22,24,2030,wind_onshore,0.7799847886383073
23,1,2030,demand,0.5071837340923673
23,2,2030,demand,0.49008876782826305
23,3,2030,demand,0.47376262681946424
23,4,2030,demand,0.46544190149867803
23,5,2030,demand,0.4714368122980367
23,6,2030,demand,0.49985065875662626
23,7,2030,demand,0.5502870735749954
23,8,2030,demand,0.591020105851986
23,9,2030,demand,0.6269934291743477
23,10,2030,demand,0.6406481808699898
23,11,2030,demand,0.6574614676646162
23,12,2030,demand,0.6543298407820628
23,13,2030,demand,0.6487090865860998
23,14,2030,demand,0.6378508748283855
23,15,2030,demand,0.6244912627036434
23,16,2030,demand,0.6136833443279934
23,17,2030,demand,0.6144709367289045
23,18,2030,demand,0.6296915947741639
23,19,2030,demand,0.6553575628371113
23,20,2030,demand,0.6892426333476138
23,21,2030,demand,0.6775677809022624
23,22,2030,demand,0.6282592771635884
23,23,2030,demand,0.5816289160944657
23,24,2030,demand,0.5612950688024133
23,1,2030,solar,0.0
23,2,2030,solar,0.0
23,3,2030,solar,0.0
23,4,2030,solar,0.0
23,5,2030,solar,0.0
23,6,2030,solar,0.0
23,7,2030,solar,0.0
23,8,2030,solar,0.0
23,9,2030,solar,0.13420218924355243
23,10,2030,solar,0.3162020027157507
23,11,2030,solar,0.44926222423088735
23,12,2030,solar,0.5111540101317658
23,13,2030,solar,0.5029353402458933
23,14,2030,solar,0.44182548104529695
23,15,2030,solar,0.3471867906466767
23,16,2030,solar,0.23620868393299052
23,17,2030,solar,0.10537036334994768
23,18,2030,solar,0.0
23,19,2030,solar,0.0
23,20,2030,solar,0.0
23,21,2030,solar,0.0
23,22,2030,solar,0.0
23,23,2030,solar,0.0
23,24,2030,solar,0.0
23,1,2030,wind_offshore,0.00017559191763380147
23,2,2030,wind_offshore,0.0
23,3,2030,wind_offshore,0.0
23,4,2030,wind_offshore,0.0
23,5,2030,wind_offshore,0.0
23,6,2030,wind_offshore,0.0
23,7,2030,wind_offshore,0.0
23,8,2030,wind_offshore,0.0
23,9,2030,wind_offshore,0.0
23,10,2030,wind_offshore,0.0002428876160722987
23,11,2030,wind_offshore,0.0019823744851805557
23,12,2030,wind_offshore,0.009396602688713437
23,13,2030,wind_offshore,0.0256179183857951
23,14,2030,wind_offshore,0.038762649203423205
23,15,2030,wind_offshore,0.06479817871919438
23,16,2030,wind_offshore,0.09504426274353374
23,17,2030,wind_offshore,0.13199647993725616
23,18,2030,wind_offshore,0.16605685931792258
23,19,2030,wind_offshore,0.22987253361558355
23,20,2030,wind_offshore,0.33078554165842433
23,21,2030,wind_offshore,0.486594799645086
23,22,2030,wind_offshore,0.6439063322499843
23,23,2030,wind_offshore,0.7734642703949215
23,24,2030,wind_offshore,0.9051223682646756
23,1,2030,wind_onshore,0.4144324101907825
23,2,2030,wind_onshore,0.38779750637947924
23,3,2030,wind_onshore,0.3715109240082266
23,4,2030,wind_onshore,0.36049669320263833
23,5,2030,wind_onshore,0.3360997330996035
23,6,2030,wind_onshore,0.31405223000862104
23,7,2030,wind_onshore,0.2850009964545591
23,8,2030,wind_onshore,0.2505147959812652
23,9,2030,wind_onshore,0.22407998096590867
23,10,2030,wind_onshore,0.2161549467564926
23,11,2030,wind_onshore,0.22803115491827158
23,12,2030,wind_onshore,0.19144136994501443
23,13,2030,wind_onshore,0.14789745297594079
23,14,2030,wind_onshore,0.12046970364584299
23,15,2030,wind_onshore,0.09448969217674791
23,16,2030,wind_onshore,0.07987852044961805
23,17,2030,wind_onshore,0.06086446883874594
23,18,2030,wind_onshore,0.05596638712341113
23,19,2030,wind_onshore,0.053635758745327916
23,20,2030,wind_onshore,0.05242394922756445
23,21,2030,wind_onshore,0.05258140679499873
23,22,2030,wind_onshore,0.054095930013972095
23,23,2030,wind_onshore,0.07509756789769406
23,24,2030,wind_onshore,0.08500552916363141
24,1,2030,demand,0.4772308566884016
24,2,2030,demand,0.4564267973585139
24,3,2030,demand,0.4406665514158071
24,4,2030,demand,0.4304459368452703
24,5,2030,demand,0.4184280921640732
24,6,2030,demand,0.40430816967932054
24,7,2030,demand,0.4111723671023093
24,8,2030,demand,0.43709846569167865
24,9,2030,demand,0.47612480131535495
24,10,2030,demand,0.5088368965859285
24,11,2030,demand,0.5209205420909226
24,12,2030,demand,0.532434172982378
24,13,2030,demand,0.5341521273668577
24,14,2030,demand,0.5318201522590034
24,15,2030,demand,0.5184657425524053
24,16,2030,demand,0.5074048455760601
24,17,2030,demand,0.5072854386454817
24,18,2030,demand,0.5261198015427562
24,19,2030,demand,0.5580768190896043
24,20,2030,demand,0.5865753675088858
24,21,2030,demand,0.5974875860716022
24,22,2030,demand,0.584821744366491
24,23,2030,demand,0.5419919804559562
24,24,2030,demand,0.5155334492915546
24,1,2030,solar,0.0
24,2,2030,solar,0.0
24,3,2030,solar,0.0
24,4,2030,solar,0.0
24,5,2030,solar,0.0
24,6,2030,solar,0.0
24,7,2030,solar,0.0
24,8,2030,solar,0.0
24,9,2030,solar,0.13563495166867345
24,10,2030,solar,0.34300017404992844
24,11,2030,solar,0.5157290214771623
24,12,2030,solar,0.6286445646761747
24,13,2030,solar,0.6862502032889065
24,14,2030,solar,0.6904369044896463
24,15,2030,solar,0.6308052928362311
24,16,2030,solar,0.5170740142358434
24,17,2030,solar,0.3468229273446137
24,18,2030,solar,0.1403336390185278
24,19,2030,solar,0.0
24,20,2030,solar,0.0
24,21,2030,solar,0.0
24,22,2030,solar,0.0
24,23,2030,solar,0.0
24,24,2030,solar,0.0
24,1,2030,wind_offshore,0.5551568523350745
24,2,2030,wind_offshore,0.44133585613583415
24,3,2030,wind_offshore,0.36879408389388174
24,4,2030,wind_offshore,0.3431143301266038
24,5,2030,wind_offshore,0.2391049732251812
24,6,2030,wind_offshore,0.18680718000858298
24,7,2030,wind_offshore,0.10676555591892845
24,8,2030,wind_offshore,0.06573733488475844
24,9,2030,wind_offshore,0.07985281980116476
24,10,2030,wind_offshore,0.08400264371611246
24,11,2030,wind_offshore,0.09351551614537093
24,12,2030,wind_offshore,0.1337525338699136
24,13,2030,wind_offshore,0.2566037075479149
24,14,2030,wind_offshore,0.40855696374809236
24,15,2030,wind_offshore,0.5391590768392296
24,16,2030,wind_offshore,0.7398085081982059
24,17,2030,wind_offshore,0.7909185120498914
24,18,2030,wind_offshore,0.8312753250110893
24,19,2030,wind_offshore,0.8449260491690603
24,20,2030,wind_offshore,0.8473988813589233
24,21,2030,wind_offshore,0.8750187313465027
24,22,2030,wind_offshore,0.8968723446756559
24,23,2030,wind_offshore,0.9208508559819885
24,24,2030,wind_offshore,0.9505267800461894
24,1,2030,wind_onshore,0.5564272095322924
24,2,2030,wind_onshore,0.5426472204851092
24,3,2030,wind_onshore,0.5077466823100971
24,4,2030,wind_onshore,0.48132106011818543
24,5,2030,wind_onshore,0.44106123894813165
24,6,2030,wind_onshore,0.39410926174194294
24,7,2030,wind_onshore,0.35165208530265557
24,8,2030,wind_onshore,0.32907887994425
24,9,2030,wind_onshore,0.30554762912734446
24,10,2030,wind_onshore,0.2953130082092536
24,11,2030,wind_onshore,0.2748978707462153
24,12,2030,wind_onshore,0.25156314745184805
24,13,2030,wind_onshore,0.22117097885542533
24,14,2030,wind_onshore,0.20007154845803668
24,15,2030,wind_onshore,0.18700673222634984
24,16,2030,wind_onshore,0.1832892462539376
24,17,2030,wind_onshore,0.17171726623143002
24,18,2030,wind_onshore,0.14248547154780555
24,19,2030,wind_onshore,0.1320872762169289
24,20,2030,wind_onshore,0.1364778135562404
24,21,2030,wind_onshore,0.12030628496943369
24,22,2030,wind_onshore,0.10639519125183253
24,23,2030,wind_onshore,0.11937740707512634
24,24,2030,wind_onshore,0.13122607236980766
25,1,2030,demand,0.5630864952778685
25,2,2030,demand,0.5429337912338383
25,3,2030,demand,0.5319734813287522
25,4,2030,demand,0.5134476773203066
25,5,2030,demand,0.5091692632390474
25,6,2030,demand,0.5035182251221674
25,7,2030,demand,0.5207170710829588
25,8,2030,demand,0.5570893438817222
25,9,2030,demand,0.5995024609759716
25,10,2030,demand,0.6327760153134492
25,11,2030,demand,0.6433804354957555
25,12,2030,demand,0.6503723001248076
25,13,2030,demand,0.6493642026191578
25,14,2030,demand,0.6449420934536092
25,15,2030,demand,0.6298171983194798
25,16,2030,demand,0.6209665052260412
25,17,2030,demand,0.6266713741162359
25,18,2030,demand,0.6457428431391361
25,19,2030,demand,0.6717338113083139
25,20,2030,demand,0.7011324569844304
25,21,2030,demand,0.7046140442009043
25,22,2030,demand,0.6829189022996953
25,23,2030,demand,0.6282074587330302
25,24,2030,demand,0.6055966988161579
25,1,2030,solar,0.0
25,2,2030,solar,0.0
25,3,2030,solar,0.0
25,4,2030,solar,0.0
25,5,2030,solar,0.0
25,6,2030,solar,0.0
25,7,2030,solar,0.0
25,8,2030,solar,0.0
25,9,2030,solar,0.06949849322256425
25,10,2030,solar,0.2732733853667497
25,11,2030,solar,0.4444327177911158
25,12,2030,solar,0.5587137585305888
25,13,2030,solar,0.6060153900625318
25,14,2030,solar,0.5872511143639423
25,15,2030,solar,0.5053162003323771
25,16,2030,solar,0.36819887785100647
25,17,2030,solar,0.18803047909340254
25,18,2030,solar,0.0
25,19,2030,solar,0.0
25,20,2030,solar,0.0
25,21,2030,solar,0.0
25,22,2030,solar,0.0
25,23,2030,solar,0.0
25,24,2030,solar,0.0
25,1,2030,wind_offshore,0.10509489003878877
25,2,2030,wind_offshore,0.10181352695954561
25,3,2030,wind_offshore,0.09239954622816035
25,4,2030,wind_offshore,0.08019281508218043
25,5,2030,wind_offshore,0.0604893585219419
25,6,2030,wind_offshore,0.04799422956241291
25,7,2030,wind_offshore,0.05133710057700651
25,8,2030,wind_offshore,0.03974388283423175
25,9,2030,wind_offshore,0.021136673249337004
25,10,2030,wind_offshore,0.012061392499753368
25,11,2030,wind_offshore,0.02215179873261254
25,12,2030,wind_offshore,0.02147235504727335
25,13,2030,wind_offshore,0.0011382976448448072
25,14,2030,wind_offshore,0.0
25,15,2030,wind_offshore,0.0
25,16,2030,wind_offshore,0.00045343946965471457
25,17,2030,wind_offshore,0.004094655841056245
25,18,2030,wind_offshore,0.006819415714836449
25,19,2030,wind_offshore,0.008768764132037307
25,20,2030,wind_offshore,0.01635770513025421
25,21,2030,wind_offshore,0.032872652998386154
25,22,2030,wind_offshore,0.05004240844730688
25,23,2030,wind_offshore,0.07119329322349943
25,24,2030,wind_offshore,0.06680570675194472
25,1,2030,wind_onshore,0.41984466890360406
25,2,2030,wind_onshore,0.4097221696087099
25,3,2030,wind_onshore,0.40216028023749006
25,4,2030,wind_onshore,0.3944544417843381
25,5,2030,wind_onshore,0.38086652455426584
25,6,2030,wind_onshore,0.3659090761203558
25,7,2030,wind_onshore,0.36044897667267606
25,8,2030,wind_onshore,0.35971585037727194
25,9,2030,wind_onshore,0.35396981084574536
25,10,2030,wind_onshore,0.3389773805085379
25,11,2030,wind_onshore,0.3066674563209866
25,12,2030,wind_onshore,0.33784799536555643
25,13,2030,wind_onshore,0.351754685218864
25,14,2030,wind_onshore,0.3551999847191285
25,15,2030,wind_onshore,0.3565397726220169
25,16,2030,wind_onshore,0.36521869194045675
25,17,2030,wind_onshore,0.35032679171949804
25,18,2030,wind_onshore,0.3633371273097159
25,19,2030,wind_onshore,0.3868661558070746
25,20,2030,wind_onshore,0.380478890061749
25,21,2030,wind_onshore,0.3458125697488471
25,22,2030,wind_onshore,0.2920828843731885
25,23,2030,wind_onshore,0.2639854567568012
25,24,2030,wind_onshore,0.25034651328587193
26,1,2030,demand,0.564016857680878
26,2,2030,demand,0.5433856091223629
26,3,2030,demand,0.5197835147116268
26,4,2030,demand,0.5040103304092439
26,5,2030,demand,0.4990574306490906
26,6,2030,demand,0.5000695532098487
26,7,2030,demand,0.5123085628090835
26,8,2030,demand,0.5417989896841228
26,9,2030,demand,0.5838762069460688
26,10,2030,demand,0.6193848032365707
26,11,2030,demand,0.6279787966280774
26,12,2030,demand,0.6411679924626865
26,13,2030,demand,0.6463971877481225
26,14,2030,demand,0.6394900379327277
26,15,2030,demand,0.6081816601445801
26,16,2030,demand,0.5990968881208201
26,17,2030,demand,0.6016997433369629
26,18,2030,demand,0.6213044982895144
26,19,2030,demand,0.6534841885650391
26,20,2030,demand,0.6739091942412253
26,21,2030,demand,0.675664691429896
26,22,2030,demand,0.6525525213583694
26,23,2030,demand,0.6025620342334785
26,24,2030,demand,0.5813651805906097
26,1,2030,solar,0.0
26,2,2030,solar,0.0
26,3,2030,solar,0.0
26,4,2030,solar,0.0
26,5,2030,solar,0.0
26,6,2030,solar,0.0
26,7,2030,solar,0.0
26,8,2030,solar,0.0
26,9,2030,solar,0.06705668185125865
26,10,2030,solar,0.2553300495984128
26,11,2030,solar,0.41132125207864473
26,12,2030,solar,0.5179493044221624
26,13,2030,solar,0.5505744319436109
26,14,2030,solar,0.521547832571402
26,15,2030,solar,0.42654527693573174
26,16,2030,solar,0.28665769853751644
26,17,2030,solar,0.1316260645431788
26,18,2030,solar,0.0
26,19,2030,solar,0.0
26,20,2030,solar,0.0
26,21,2030,solar,0.0
26,22,2030,solar,0.0
26,23,2030,solar,0.0
26,24,2030,solar,0.0
26,1,2030,wind_offshore,0.07952314696660139
26,2,2030,wind_offshore,0.10442404113378727
26,3,2030,wind_offshore,0.10151825788555133
26,4,2030,wind_offshore,0.08102116521563182
26,5,2030,wind_offshore,0.06907817360883751
26,6,2030,wind_offshore,0.05690657626380327
26,7,2030,wind_offshore,0.07907348722665425
26,8,2030,wind_offshore,0.10803027228820597
26,9,2030,wind_offshore,0.169644400368768
26,10,2030,wind_offshore,0.24766401579878844
26,11,2030,wind_offshore,0.3065917329037888
26,12,2030,wind_offshore,0.4574141789328412
26,13,2030,wind_offshore,0.6210580384160247
26,14,2030,wind_offshore,0.7048748024621306
26,15,2030,wind_offshore,0.5547797853432033
26,16,2030,wind_offshore,0.35126888380043975
26,17,2030,wind_offshore,0.2568580012842586
26,18,2030,wind_offshore,0.2979519543665662
26,19,2030,wind_offshore,0.3275030182302228
26,20,2030,wind_offshore,0.36558829456438946
26,21,2030,wind_offshore,0.30595515343982804
26,22,2030,wind_offshore,0.22732083613469722
26,23,2030,wind_offshore,0.17410889055728407
26,24,2030,wind_offshore,0.1436858199520425
26,1,2030,wind_onshore,0.23403634581368712
26,2,2030,wind_onshore,0.20874161749469888
26,3,2030,wind_onshore,0.18738970798232185
26,4,2030,wind_onshore,0.17808397006491766
26,5,2030,wind_onshore,0.17245826682290533
26,6,2030,wind_onshore,0.17112974478693826
26,7,2030,wind_onshore,0.16360572473126508
26,8,2030,wind_onshore,0.1597004197391073
26,9,2030,wind_onshore,0.153876271197674
26,10,2030,wind_onshore,0.14161259157166284
26,11,2030,wind_onshore,0.1440778959429731
26,12,2030,wind_onshore,0.1542359437406857
26,13,2030,wind_onshore,0.14719625608783593
26,14,2030,wind_onshore,0.13445244084093955
26,15,2030,wind_onshore,0.11704822995118384
26,16,2030,wind_onshore,0.10589138876764109
26,17,2030,wind_onshore,0.09435482943072702
26,18,2030,wind_onshore,0.1088124430038302
26,19,2030,wind_onshore,0.1258375827357469
26,20,2030,wind_onshore,0.13615404642543613
26,21,2030,wind_onshore,0.14389755771733487
26,22,2030,wind_onshore,0.15736576291873106
26,23,2030,wind_onshore,0.19173553234992471
26,24,2030,wind_onshore,0.1920424793868547
27,1,2030,demand,0.4742785663745287
27,2,2030,demand,0.46441081930342676
27,3,2030,demand,0.4485035821578419
27,4,2030,demand,0.43491575830415813
27,5,2030,demand,0.4269136331055611
27,6,2030,demand,0.4272711787170683
27,7,2030,demand,0.43573778827144033
27,8,2030,demand,0.46315189015254343
27,9,2030,demand,0.4901886846297362
27,10,2030,demand,0.5160563485710441
27,11,2030,demand,0.5258083756348716
27,12,2030,demand,0.5289208953834974
27,13,2030,demand,0.53334391422822
27,14,2030,demand,0.5285466673086945
27,15,2030,demand,0.5141494530513373
27,16,2030,demand,0.5037825255827679
27,17,2030,demand,0.5028682039887586
27,18,2030,demand,0.5028026558022596
27,19,2030,demand,0.5148913052807449
27,20,2030,demand,0.5359239575050403
27,21,2030,demand,0.5424437713486774
27,22,2030,demand,0.5303663728111508
27,23,2030,demand,0.4972536814813713
27,24,2030,demand,0.4875366784043118
27,1,2030,solar,0.0
27,2,2030,solar,0.0
27,3,2030,solar,0.0
27,4,2030,solar,0.0
27,5,2030,solar,0.0
27,6,2030,solar,0.0004095322412235435
27,7,2030,solar,0.03804245464972601
27,8,2030,solar,0.20980443584520264
27,9,2030,solar,0.4089471334473235
27,10,2030,solar,0.5690215771666904
27,11,2030,solar,0.6742818544054485
27,12,2030,solar,0.7365955658421401
27,13,2030,solar,0.7538361859477133
27,14,2030,solar,0.7504970960018384
27,15,2030,solar,0.6971944893215704
27,16,2030,solar,0.6013550108956889
27,17,2030,solar,0.4483793353474541
27,18,2030,solar,0.2625560406594709
27,19,2030,solar,0.07883221899619892
27,20,2030,solar,0.0011940741652292294
27,21,2030,solar,0.0
27,22,2030,solar,0.0
27,23,2030,solar,0.0
27,24,2030,solar,0.0
27,1,2030,wind_offshore,0.04808657076215811
27,2,2030,wind_offshore,0.062041889052960195
27,3,2030,wind_offshore,0.08797763767022601
27,4,2030,wind_offshore,0.12465727329755366
27,5,2030,wind_offshore,0.2173474273238496
27,6,2030,wind_offshore,0.3579559587192983
27,7,2030,wind_offshore,0.5258121460877969
27,8,2030,wind_offshore,0.6760415651635665
27,9,2030,wind_offshore,0.7795355457285066
27,10,2030,wind_offshore,0.8608742100373722
27,11,2030,wind_offshore,0.7895814310117069
27,12,2030,wind_offshore,0.8296120018500418
27,13,2030,wind_offshore,0.8734206039504311
27,14,2030,wind_offshore,0.8910197331663132
27,15,2030,wind_offshore,0.917973456627111
27,16,2030,wind_offshore,0.9384177063974486
27,17,2030,wind_offshore,0.9484109472250699
27,18,2030,wind_offshore,0.9717594903385182
27,19,2030,wind_offshore,0.975714814752281
27,20,2030,wind_offshore,0.9595166262836082
27,21,2030,wind_offshore,0.9579134587083258
27,22,2030,wind_offshore,0.9542697653671515
27,23,2030,wind_offshore,0.9388743656965075
27,24,2030,wind_offshore,0.9515993808420855
27,1,2030,wind_onshore,0.23888608843432302
27,2,2030,wind_onshore,0.2291655553490211
27,3,2030,wind_onshore,0.22325991435239784
27,4,2030,wind_onshore,0.2131224582450047
27,5,2030,wind_onshore,0.21661463230902045
27,6,2030,wind_onshore,0.2208210320846212
27,7,2030,wind_onshore,0.22177619233764317
27,8,2030,wind_onshore,0.22803903902580783
27,9,2030,wind_onshore,0.23691313591134439
27,10,2030,wind_onshore,0.2511107576858797
27,11,2030,wind_onshore,0.22999839466950922
27,12,2030,wind_onshore,0.2334988087235167
27,13,2030,wind_onshore,0.24229652756319736
27,14,2030,wind_onshore,0.25047397432524443
27,15,2030,wind_onshore,0.2665534096513424
27,16,2030,wind_onshore,0.2909367417657671
27,17,2030,wind_onshore,0.31553687760088456
27,18,2030,wind_onshore,0.3454055973161877
27,19,2030,wind_onshore,0.3763074201305445
27,20,2030,wind_onshore,0.41764585100803275
27,21,2030,wind_onshore,0.43665854879789334
27,22,2030,wind_onshore,0.4283847784429019
27,23,2030,wind_onshore,0.39544063367465887
27,24,2030,wind_onshore,0.3635033480530364
28,1,2030,demand,0.4967185659300841
28,2,2030,demand,0.4897501039212471
28,3,2030,demand,0.478099565745021
28,4,2030,demand,0.4640298599532303
28,5,2030,demand,0.46014126242739506
28,6,2030,demand,0.4534490818137504
28,7,2030,demand,0.46041404206018827
28,8,2030,demand,0.48305200190148495
28,9,2030,demand,0.5121644317202027
28,10,2030,demand,0.5443927200995138
28,11,2030,demand,0.5656842575676823
28,12,2030,demand,0.575234193518664
28,13,2030,demand,0.5801127025886853
28,14,2030,demand,0.5733536299953688
28,15,2030,demand,0.5683383177702692
28,16,2030,demand,0.5600561819722962
28,17,2030,demand,0.5533098719053531
28,18,2030,demand,0.5497579768693763
28,19,2030,demand,0.5536175570323372
28,20,2030,demand,0.5587313440484856
28,21,2030,demand,0.5668503766550912
28,22,2030,demand,0.5470964005949851
28,23,2030,demand,0.517739834025414
28,24,2030,demand,0.5119612328787567
28,1,2030,solar,0.0
28,2,2030,solar,0.0
28,3,2030,solar,0.0
28,4,2030,solar,0.0
28,5,2030,solar,0.0
28,6,2030,solar,4.6291945349892146e-5
28,7,2030,solar,0.01975879549888849
28,8,2030,solar,0.12076579011964679
28,9,2030,solar,0.2769201948676342
28,10,2030,solar,0.42205137061231757
28,11,2030,solar,0.5197288889968168
28,12,2030,solar,0.5836489352684373
28,13,2030,solar,0.6106912827241263
28,14,2030,solar,0.6045978358729416
28,15,2030,solar,0.559157304165456
28,16,2030,solar,0.4765853325134081
28,17,2030,solar,0.3466138076173389
28,18,2030,solar,0.19466871927661472
28,19,2030,solar,0.05721374031124172
28,20,2030,solar,0.004612372761855114
28,21,2030,solar,0.0
28,22,2030,solar,0.0
28,23,2030,solar,0.0
28,24,2030,solar,0.0
28,1,2030,wind_offshore,0.7575524276365527
28,2,2030,wind_offshore,0.7862743819134593
28,3,2030,wind_offshore,0.8152024756631062
28,4,2030,wind_offshore,0.8109288585750345
28,5,2030,wind_offshore,0.7828350442108059
28,6,2030,wind_offshore,0.7609225374847595
28,7,2030,wind_offshore,0.7575221239296719
28,8,2030,wind_offshore,0.7468078314830432
28,9,2030,wind_offshore,0.7139381072976008
28,10,2030,wind_offshore,0.6712488990289713
28,11,2030,wind_offshore,0.725093856402912
28,12,2030,wind_offshore,0.7154266203803479
28,13,2030,wind_offshore,0.6287370423240248
28,14,2030,wind_offshore,0.5629792971152006
28,15,2030,wind_offshore,0.4449032820470606
28,16,2030,wind_offshore,0.3557400300434294
28,17,2030,wind_offshore,0.3310744984857783
28,18,2030,wind_offshore,0.34091349514166963
28,19,2030,wind_offshore,0.3424119311022138
28,20,2030,wind_offshore,0.31857032046371564
28,21,2030,wind_offshore,0.2645923410527554
28,22,2030,wind_offshore,0.1982292974098881
28,23,2030,wind_offshore,0.21522852251433844
28,24,2030,wind_offshore,0.22341298302014279
28,1,2030,wind_onshore,0.1791146724371266
28,2,2030,wind_onshore,0.1768610608764785
28,3,2030,wind_onshore,0.1736993833603159
28,4,2030,wind_onshore,0.16543404606260798
28,5,2030,wind_onshore,0.1554812516846334
28,6,2030,wind_onshore,0.14183116854123154
28,7,2030,wind_onshore,0.13077430371222534
28,8,2030,wind_onshore,0.11398111691474776
28,9,2030,wind_onshore,0.10827228110986009
28,10,2030,wind_onshore,0.12058517771109636
28,11,2030,wind_onshore,0.16028871861888824
28,12,2030,wind_onshore,0.17625011647201053
28,13,2030,wind_onshore,0.20206786150757625
28,14,2030,wind_onshore,0.23372714489392624
28,15,2030,wind_onshore,0.2640143176353734
28,16,2030,wind_onshore,0.29144321530291056
28,17,2030,wind_onshore,0.3117166738668305
28,18,2030,wind_onshore,0.31379710925184334
28,19,2030,wind_onshore,0.28483247093337705
28,20,2030,wind_onshore,0.25868203507698867
28,21,2030,wind_onshore,0.2506170994988154
28,22,2030,wind_onshore,0.23339760621807598
28,23,2030,wind_onshore,0.2016952352520333
28,24,2030,wind_onshore,0.18880386664881632
29,1,2030,demand,0.5033995005844187
29,2,2030,demand,0.4928425793287122
29,3,2030,demand,0.4855691657321295
29,4,2030,demand,0.47220557686468045
29,5,2030,demand,0.48324230324797857
29,6,2030,demand,0.5003732411401114
29,7,2030,demand,0.5435917715501054
29,8,2030,demand,0.5897692205746111
29,9,2030,demand,0.6168477628262611
29,10,2030,demand,0.6425716353452908
29,11,2030,demand,0.6474792109146108
29,12,2030,demand,0.6521988947802125
29,13,2030,demand,0.6444182280885338
29,14,2030,demand,0.6306235081631124
29,15,2030,demand,0.6204334839212441
29,16,2030,demand,0.6179073795863128
29,17,2030,demand,0.6155340997249952
29,18,2030,demand,0.6235943289791346
29,19,2030,demand,0.6500071048375757
29,20,2030,demand,0.6673017195395053
29,21,2030,demand,0.6578954845774962
29,22,2030,demand,0.6223579530520557
29,23,2030,demand,0.5672623580156788
29,24,2030,demand,0.5497353152437063
29,1,2030,solar,0.0
29,2,2030,solar,0.0
29,3,2030,solar,0.0
29,4,2030,solar,0.0
29,5,2030,solar,0.0
29,6,2030,solar,0.0
29,7,2030,solar,0.0
29,8,2030,solar,0.0013107823322021088
29,9,2030,solar,0.14174943505961946
29,10,2030,solar,0.29415319645905613
29,11,2030,solar,0.38987892237938454
29,12,2030,solar,0.43511447222245747
29,13,2030,solar,0.44903106927054337
29,14,2030,solar,0.40142664612732604
29,15,2030,solar,0.31286584692811326
29,16,2030,solar,0.19846355734875362
29,17,2030,solar,0.07824839134738115
29,18,2030,solar,0.0
29,19,2030,solar,0.0
29,20,2030,solar,0.0
29,21,2030,solar,0.0
29,22,2030,solar,0.0
29,23,2030,solar,0.0
29,24,2030,solar,0.0
29,1,2030,wind_offshore,0.5903846813742002
29,2,2030,wind_offshore,0.5433296260010825
29,3,2030,wind_offshore,0.5338163408494332
29,4,2030,wind_offshore,0.5717364750794192
29,5,2030,wind_offshore,0.5977470096246917
29,6,2030,wind_offshore,0.5820724960847431
29,7,2030,wind_offshore,0.5353285895357507
29,8,2030,wind_offshore,0.40364242187856814
29,9,2030,wind_offshore,0.2681185621998208
29,10,2030,wind_offshore,0.15520721367475943
29,11,2030,wind_offshore,0.17512599931062844
29,12,2030,wind_offshore,0.12409780565670495
29,13,2030,wind_offshore,0.1038971536311087
29,14,2030,wind_offshore,0.06844293740804372
29,15,2030,wind_offshore,0.03255459223577874
29,16,2030,wind_offshore,0.012980165147047036
29,17,2030,wind_offshore,0.007652914677762372
29,18,2030,wind_offshore,0.015745975953134674
29,19,2030,wind_offshore,0.03565264781853748
29,20,2030,wind_offshore,0.05077236658749776
29,21,2030,wind_offshore,0.048982393960243335
29,22,2030,wind_offshore,0.05460965574205842
29,23,2030,wind_offshore,0.07369851740230002
29,24,2030,wind_offshore,0.052128504402930556
29,1,2030,wind_onshore,0.03853848589290169
29,2,2030,wind_onshore,0.03142159910582677
29,3,2030,wind_onshore,0.02935484246237955
29,4,2030,wind_onshore,0.028005696050961624
29,5,2030,wind_onshore,0.02919668836874426
29,6,2030,wind_onshore,0.03452767516448696
29,7,2030,wind_onshore,0.04047458634485403
29,8,2030,wind_onshore,0.04964865979263454
29,9,2030,wind_onshore,0.056808611625082266
29,10,2030,wind_onshore,0.055566011889989095
29,11,2030,wind_onshore,0.0366049308115673
29,12,2030,wind_onshore,0.05145524414413204
29,13,2030,wind_onshore,0.067410403938229
29,14,2030,wind_onshore,0.08971175583025628
29,15,2030,wind_onshore,0.10959482961309401
29,16,2030,wind_onshore,0.12761031101518053
29,17,2030,wind_onshore,0.13143633928944853
29,18,2030,wind_onshore,0.1557009852074169
29,19,2030,wind_onshore,0.17332125723034314
29,20,2030,wind_onshore,0.169723282354643
29,21,2030,wind_onshore,0.16354118088890146
29,22,2030,wind_onshore,0.16756560088334974
29,23,2030,wind_onshore,0.1615637356663932
29,24,2030,wind_onshore,0.1898738980753508
30,1,2030,demand,0.5191296855656757
30,2,2030,demand,0.4989492297331684
30,3,2030,demand,0.4785728253080128
30,4,2030,demand,0.459227674598788
30,5,2030,demand,0.4579291866490655
30,6,2030,demand,0.46020698385407127
30,7,2030,demand,0.4779024816044911
30,8,2030,demand,0.5128213001751535
30,9,2030,demand,0.5564406678319745
30,10,2030,demand,0.5948768667647736
30,11,2030,demand,0.6135107517122244
30,12,2030,demand,0.6214144553914495
30,13,2030,demand,0.6196200605104816
30,14,2030,demand,0.6072771105905883
30,15,2030,demand,0.5828832447291726
30,16,2030,demand,0.5696976958491191
30,17,2030,demand,0.5710468870620329
30,18,2030,demand,0.5883822682109057
30,19,2030,demand,0.6185844634301307
30,20,2030,demand,0.6422919560304987
30,21,2030,demand,0.6462113262367895
30,22,2030,demand,0.6235748695341371
30,23,2030,demand,0.5738906427176016
30,24,2030,demand,0.5398913357224548
30,1,2030,solar,0.0
30,2,2030,solar,0.0
30,3,2030,solar,0.0
30,4,2030,solar,0.0
30,5,2030,solar,0.0
30,6,2030,solar,0.0
30,7,2030,solar,0.0
30,8,2030,solar,0.0
30,9,2030,solar,0.03549893899743076
30,10,2030,solar,0.14442809673711782
30,11,2030,solar,0.25375601812903953
30,12,2030,solar,0.3283856137854756
30,13,2030,solar,0.3749554404946881
30,14,2030,solar,0.3688708906602645
30,15,2030,solar,0.2916371239086644
30,16,2030,solar,0.19503565233947878
30,17,2030,solar,0.0892589607070726
30,18,2030,solar,0.00011858990406419236
30,19,2030,solar,0.0
30,20,2030,solar,0.0
30,21,2030,solar,0.0
30,22,2030,solar,0.0
30,23,2030,solar,0.0
30,24,2030,solar,0.0
30,1,2030,wind_offshore,0.45396498587527084
30,2,2030,wind_offshore,0.5296435762598497
30,3,2030,wind_offshore,0.6747622524164252
30,4,2030,wind_offshore,0.6135216434034776
30,5,2030,wind_offshore,0.539223426138695
30,6,2030,wind_offshore,0.4979541391038296
30,7,2030,wind_offshore,0.4636151458198707
30,8,2030,wind_offshore,0.4325554004347906
30,9,2030,wind_offshore,0.336429893650453
30,10,2030,wind_offshore,0.29053969492652665
30,11,2030,wind_offshore,0.4369908579358015
30,12,2030,wind_offshore,0.6724627363049892
30,13,2030,wind_offshore,0.8697972090689707
30,14,2030,wind_offshore,0.909576981165593
30,15,2030,wind_offshore,0.9311454625176243
30,16,2030,wind_offshore,0.9202814151031697
30,17,2030,wind_offshore,0.9008302149918292
30,18,2030,wind_offshore,0.9238955681554057
30,19,2030,wind_offshore,0.8440660214747522
30,20,2030,wind_offshore,0.843351149662463
30,21,2030,wind_offshore,0.9122940900234681
30,22,2030,wind_offshore,0.8544730167794188
30,23,2030,wind_offshore,0.8259413497822848
30,24,2030,wind_offshore,0.8792028634425422
30,1,2030,wind_onshore,0.3133569960016669
30,2,2030,wind_onshore,0.3013216079381289
30,3,2030,wind_onshore,0.28566057492144903
30,4,2030,wind_onshore,0.27295767315314257
30,5,2030,wind_onshore,0.27315795580002467
30,6,2030,wind_onshore,0.27124944829731257
30,7,2030,wind_onshore,0.2656340391624997
30,8,2030,wind_onshore,0.2647943576859394
30,9,2030,wind_onshore,0.27053566125419726
30,10,2030,wind_onshore,0.27459385978281564
30,11,2030,wind_onshore,0.27922629050440434
30,12,2030,wind_onshore,0.3116486265428364
30,13,2030,wind_onshore,0.3815033721255904
30,14,2030,wind_onshore,0.4274025799990847
30,15,2030,wind_onshore,0.42977795815589226
30,16,2030,wind_onshore,0.4080849965812422
30,17,2030,wind_onshore,0.3722870065486594
30,18,2030,wind_onshore,0.36411754254210593
30,19,2030,wind_onshore,0.3754561439947732
30,20,2030,wind_onshore,0.3758999542955189
30,21,2030,wind_onshore,0.3730151804163523
30,22,2030,wind_onshore,0.3881150440285456
30,23,2030,wind_onshore,0.41428878929147317
30,24,2030,wind_onshore,0.4224877030769367
31,1,2030,demand,0.6016409056974518
31,2,2030,demand,0.5888570503368573
31,3,2030,demand,0.5645191930477562
31,4,2030,demand,0.5466952962566725
31,5,2030,demand,0.536302892561645
31,6,2030,demand,0.5136672079211608
31,7,2030,demand,0.4895936740234532
31,8,2030,demand,0.49990659582100494
31,9,2030,demand,0.5376818400305339
31,10,2030,demand,0.5841471793908314
31,11,2030,demand,0.6304818049937613
31,12,2030,demand,0.657903891273437
31,13,2030,demand,0.6836112114555122
31,14,2030,demand,0.6983864113698003
31,15,2030,demand,0.705566726683499
31,16,2030,demand,0.7041212494810936
31,17,2030,demand,0.7004452811566012
31,18,2030,demand,0.714341704677066
31,19,2030,demand,0.7160327261881025
31,20,2030,demand,0.6896438015245459
31,21,2030,demand,0.6829846520079476
31,22,2030,demand,0.6700677049244189
31,23,2030,demand,0.6379293771187659
31,24,2030,demand,0.6263396030558799
31,1,2030,solar,0.0
31,2,2030,solar,0.0
31,3,2030,solar,0.0
31,4,2030,solar,0.0
31,5,2030,solar,0.0
31,6,2030,solar,0.0
31,7,2030,solar,0.011016624668414509
31,8,2030,solar,0.15276266801381658
31,9,2030,solar,0.3460638561959611
31,10,2030,solar,0.5111488344729657
31,11,2030,solar,0.6106261784919224
31,12,2030,solar,0.6836962891214916
31,13,2030,solar,0.7022692156978392
31,14,2030,solar,0.6943297298376125
31,15,2030,solar,0.6400632937874767
31,16,2030,solar,0.5539179066340856
31,17,2030,solar,0.42327486851314333
31,18,2030,solar,0.25747382872066565
31,19,2030,solar,0.08143955565787012
31,20,2030,solar,0.0011704818167672481
31,21,2030,solar,0.0
31,22,2030,solar,0.0
31,23,2030,solar,0.0
31,24,2030,solar,0.0
31,1,2030,wind_offshore,0.03787454522301359
31,2,2030,wind_offshore,0.054848939363597145
31,3,2030,wind_offshore,0.07334792617613213
31,4,2030,wind_offshore,0.07164775410234968
31,5,2030,wind_offshore,0.06564067144006817
31,6,2030,wind_offshore,0.052035042016373934
31,7,2030,wind_offshore,0.036803074327347494
31,8,2030,wind_offshore,0.02732860526968899
31,9,2030,wind_offshore,0.023043107376742283
31,10,2030,wind_offshore,0.019483631333440575
31,11,2030,wind_offshore,0.007731116825861476
31,12,2030,wind_offshore,0.003287328812350562
31,13,2030,wind_offshore,0.0008601344208962354
31,14,2030,wind_offshore,0.0011555779415224482
31,15,2030,wind_offshore,0.007151627581457254
31,16,2030,wind_offshore,0.027053198103568987
31,17,2030,wind_offshore,0.06053073853064654
31,18,2030,wind_offshore,0.09797059104602879
31,19,2030,wind_offshore,0.11578539748199983
31,20,2030,wind_offshore,0.11209828241702514
31,21,2030,wind_offshore,0.13441995695577705
31,22,2030,wind_offshore,0.19338349260513246
31,23,2030,wind_offshore,0.1441030216083031
31,24,2030,wind_offshore,0.15334982502211308
31,1,2030,wind_onshore,0.11863852572715447
31,2,2030,wind_onshore,0.09956047020160103
31,3,2030,wind_onshore,0.084684644323959
31,4,2030,wind_onshore,0.07388902693064389
31,5,2030,wind_onshore,0.06436579069968483
31,6,2030,wind_onshore,0.057450536362893226
31,7,2030,wind_onshore,0.052215769974677154
31,8,2030,wind_onshore,0.03668864958191286
31,9,2030,wind_onshore,0.025253852208389133
31,10,2030,wind_onshore,0.028479043150412407
31,11,2030,wind_onshore,0.03214945181409372
31,12,2030,wind_onshore,0.041680689551274346
31,13,2030,wind_onshore,0.05820492763536274
31,14,2030,wind_onshore,0.08089743600746824
31,15,2030,wind_onshore,0.1117703694657633
31,16,2030,wind_onshore,0.14840623865644348
31,17,2030,wind_onshore,0.19352061625822364
31,18,2030,wind_onshore,0.2501813765158288
31,19,2030,wind_onshore,0.30416356244553294
31,20,2030,wind_onshore,0.34062466332198327
31,21,2030,wind_onshore,0.3696060492049848
31,22,2030,wind_onshore,0.3547617965607629
31,23,2030,wind_onshore,0.3182323294459498
31,24,2030,wind_onshore,0.3044384472964952
32,1,2030,demand,0.5799327851207134
32,2,2030,demand,0.5625754498154134
32,3,2030,demand,0.5441920791859223
32,4,2030,demand,0.5320620849888023
32,5,2030,demand,0.5489394537395946
32,6,2030,demand,0.5719566371922481
32,7,2030,demand,0.5836859746084944
32,8,2030,demand,0.6232675953049892
32,9,2030,demand,0.6828573057462164
32,10,2030,demand,0.7372057769102699
32,11,2030,demand,0.7896438506424689
32,12,2030,demand,0.8286787115025642
32,13,2030,demand,0.8392407803982631
32,14,2030,demand,0.8356647146747489
32,15,2030,demand,0.8193036587523543
32,16,2030,demand,0.8206164843700207
32,17,2030,demand,0.8215222086559721
32,18,2030,demand,0.8048572772198678
32,19,2030,demand,0.7872245308742509
32,20,2030,demand,0.7694627100220179
32,21,2030,demand,0.7493469370561134
32,22,2030,demand,0.7094960630484108
32,23,2030,demand,0.6607013715465089
32,24,2030,demand,0.6385456508481743
32,1,2030,solar,0.0
32,2,2030,solar,0.0
32,3,2030,solar,0.0
32,4,2030,solar,0.0
32,5,2030,solar,0.0
32,6,2030,solar,0.0
32,7,2030,solar,0.015479745040462744
32,8,2030,solar,0.1533281430787206
32,9,2030,solar,0.3400223296474169
32,10,2030,solar,0.5052815083085322
32,11,2030,solar,0.6164435381568851
32,12,2030,solar,0.6893305509302957
32,13,2030,solar,0.7044544937164126
32,14,2030,solar,0.6962922101962383
32,15,2030,solar,0.6428078787342937
32,16,2030,solar,0.5501287629389524
32,17,2030,solar,0.4225518330636754
32,18,2030,solar,0.25803848620485426
32,19,2030,solar,0.0908112412438903
32,20,2030,solar,0.00154842460787345
32,21,2030,solar,0.0
32,22,2030,solar,0.0
32,23,2030,solar,0.0
32,24,2030,solar,0.0
32,1,2030,wind_offshore,0.2919001075589932
32,2,2030,wind_offshore,0.30848456214838327
32,3,2030,wind_offshore,0.33445073797521213
32,4,2030,wind_offshore,0.3723018726501013
32,5,2030,wind_offshore,0.3954478447102593
32,6,2030,wind_offshore,0.39786920030880124
32,7,2030,wind_offshore,0.3991812050047888
32,8,2030,wind_offshore,0.3974877702326822
32,9,2030,wind_offshore,0.4018292728431324
32,10,2030,wind_offshore,0.4215865238392881
32,11,2030,wind_offshore,0.41942049330232845
32,12,2030,wind_offshore,0.38918063616528653
32,13,2030,wind_offshore,0.3322462055586234
32,14,2030,wind_offshore,0.2829462597816965
32,15,2030,wind_offshore,0.2581075286766714
32,16,2030,wind_offshore,0.27852647468124436
32,17,2030,wind_offshore,0.3303807116126103
32,18,2030,wind_offshore,0.3897631039748361
32,19,2030,wind_offshore,0.45066453496501935
32,20,2030,wind_offshore,0.4885869722446662
32,21,2030,wind_offshore,0.5225138403723781
32,22,2030,wind_offshore,0.5575478470525932
32,23,2030,wind_offshore,0.4390797139946807
32,24,2030,wind_offshore,0.42166142699515535
32,1,2030,wind_onshore,0.20255047068265078
32,2,2030,wind_onshore,0.19255395992515434
32,3,2030,wind_onshore,0.17952136641329486
32,4,2030,wind_onshore,0.16433770160737537
32,5,2030,wind_onshore,0.1420659657198887
32,6,2030,wind_onshore,0.12812263597580104
32,7,2030,wind_onshore,0.1160156956848285
32,8,2030,wind_onshore,0.09125820184468815
32,9,2030,wind_onshore,0.07508919931068028
32,10,2030,wind_onshore,0.06968878596684011
32,11,2030,wind_onshore,0.05876710379235485
32,12,2030,wind_onshore,0.060613646650717626
32,13,2030,wind_onshore,0.0704919272057209
32,14,2030,wind_onshore,0.08242828179226591
32,15,2030,wind_onshore,0.09775939901788522
32,16,2030,wind_onshore,0.12275960696300739
32,17,2030,wind_onshore,0.15407425137586095
32,18,2030,wind_onshore,0.18696888042612042
32,19,2030,wind_onshore,0.2176399160719107
32,20,2030,wind_onshore,0.23814865758266984
32,21,2030,wind_onshore,0.2576845571410775
32,22,2030,wind_onshore,0.25672881176867257
32,23,2030,wind_onshore,0.23985306303811155
32,24,2030,wind_onshore,0.23289997821252637
33,1,2030,demand,0.5192459281005417
33,2,2030,demand,0.4989330949897324
33,3,2030,demand,0.47789871653468563
33,4,2030,demand,0.4636833800007455
33,5,2030,demand,0.44411129762149903
33,6,2030,demand,0.43033730278421845
33,7,2030,demand,0.43600436837166506
33,8,2030,demand,0.4644722412912121
33,9,2030,demand,0.5014867591806684
33,10,2030,demand,0.5327633689392647
33,11,2030,demand,0.5485089236060963
33,12,2030,demand,0.5510095740832046
33,13,2030,demand,0.5481420498515177
33,14,2030,demand,0.5415341381919916
33,15,2030,demand,0.5233608148704415
33,16,2030,demand,0.5097382381593859
33,17,2030,demand,0.5142412190610148
33,18,2030,demand,0.5327309508407259
33,19,2030,demand,0.5576351912083475
33,20,2030,demand,0.5857870712421827
33,21,2030,demand,0.5986028903890299
33,22,2030,demand,0.5766407111677654
33,23,2030,demand,0.5478102494808217
33,24,2030,demand,0.5309925956652738
33,1,2030,solar,0.0
33,2,2030,solar,0.0
33,3,2030,solar,0.0
33,4,2030,solar,0.0
33,5,2030,solar,0.0
33,6,2030,solar,0.0
33,7,2030,solar,0.0
33,8,2030,solar,0.013307972455913093
33,9,2030,solar,0.09012478150765628
33,10,2030,solar,0.18736098516149946
33,11,2030,solar,0.28851580244843356
33,12,2030,solar,0.3429790410309589
33,13,2030,solar,0.346509566561068
33,14,2030,solar,0.33744828617798284
33,15,2030,solar,0.31489472478539104
33,16,2030,solar,0.2522331153985016
33,17,2030,solar,0.17365984590936362
33,18,2030,solar,0.08789095672561593
33,19,2030,solar,0.006155089562932927
33,20,2030,solar,0.0
33,21,2030,solar,0.0
33,22,2030,solar,0.0
33,23,2030,solar,0.0
33,24,2030,solar,0.0
33,1,2030,wind_offshore,0.02985685849293629
33,2,2030,wind_offshore,0.05596112675189635
33,3,2030,wind_offshore,0.08980667028220266
33,4,2030,wind_offshore,0.1404112649448341
33,5,2030,wind_offshore,0.2067494674514861
33,6,2030,wind_offshore,0.27765806097414714
33,7,2030,wind_offshore,0.36343265361371846
33,8,2030,wind_offshore,0.4970613426654903
33,9,2030,wind_offshore,0.6593651820730624
33,10,2030,wind_offshore,0.7993690565194997
33,11,2030,wind_offshore,0.8807327654091446
33,12,2030,wind_offshore,0.8995850746553441
33,13,2030,wind_offshore,0.9066045403558429
33,14,2030,wind_offshore,0.9294549085737552
33,15,2030,wind_offshore,0.9438468327117125
33,16,2030,wind_offshore,0.9525748465238116
33,17,2030,wind_offshore,0.9552913375931111
33,18,2030,wind_offshore,0.9556221845234015
33,19,2030,wind_offshore,0.949907350727238
33,20,2030,wind_offshore,0.9531287587200659
33,21,2030,wind_offshore,0.9473006400325628
33,22,2030,wind_offshore,0.9481025037047319
33,23,2030,wind_offshore,0.9517954362013755
33,24,2030,wind_offshore,0.9519567778046689
33,1,2030,wind_onshore,0.5446494236164477
33,2,2030,wind_onshore,0.5449820856730639
33,3,2030,wind_onshore,0.5484661779477811
33,4,2030,wind_onshore,0.5490726147435601
33,5,2030,wind_onshore,0.542708765103723
33,6,2030,wind_onshore,0.5427565577031108
33,7,2030,wind_onshore,0.5518401496729647
33,8,2030,wind_onshore,0.5665861514691805
33,9,2030,wind_onshore,0.5745931851551735
33,10,2030,wind_onshore,0.5859472114082648
33,11,2030,wind_onshore,0.6937321205224454
33,12,2030,wind_onshore,0.7336563406453165
33,13,2030,wind_onshore,0.7504489171106571
33,14,2030,wind_onshore,0.7353319512831638
33,15,2030,wind_onshore,0.7146189166260173
33,16,2030,wind_onshore,0.6867245441807301
33,17,2030,wind_onshore,0.6561240977897477
33,18,2030,wind_onshore,0.625573303824059
33,19,2030,wind_onshore,0.6133779062692734
33,20,2030,wind_onshore,0.5972497844588669
33,21,2030,wind_onshore,0.5716882502796505
33,22,2030,wind_onshore,0.5565658930744526
33,23,2030,wind_onshore,0.46728561860202666
33,24,2030,wind_onshore,0.4692809241179994
34,1,2030,demand,0.5013083006245842
34,2,2030,demand,0.4914169361787693
34,3,2030,demand,0.4928000631870634
34,4,2030,demand,0.487257731652353
34,5,2030,demand,0.5013741295011642
34,6,2030,demand,0.5258377921371884
34,7,2030,demand,0.5574537260314989
34,8,2030,demand,0.5933006703098442
34,9,2030,demand,0.6290837478747359
34,10,2030,demand,0.6490970575758048
34,11,2030,demand,0.6592308216865128
34,12,2030,demand,0.6689368983869559
34,13,2030,demand,0.655184949273183
34,14,2030,demand,0.6415532675209805
34,15,2030,demand,0.6192394492377873
34,16,2030,demand,0.6181111018939109
34,17,2030,demand,0.6184394236643953
34,18,2030,demand,0.6113863696362614
34,19,2030,demand,0.6096899678488735
34,20,2030,demand,0.6135507438004815
34,21,2030,demand,0.6043798887252031
34,22,2030,demand,0.5664755279279161
34,23,2030,demand,0.524313087404608
34,24,2030,demand,0.5187445338961337
34,1,2030,solar,0.0
34,2,2030,solar,0.0
34,3,2030,solar,0.0
34,4,2030,solar,0.0
34,5,2030,solar,0.0
34,6,2030,solar,0.00014747261682964698
34,7,2030,solar,0.033323898137416735
34,8,2030,solar,0.16968727251579033
34,9,2030,solar,0.3334827051903857
34,10,2030,solar,0.4784204579528384
34,11,2030,solar,0.5853287482460456
34,12,2030,solar,0.6633638720959723
34,13,2030,solar,0.6836602550899628
34,14,2030,solar,0.6627423862522612
34,15,2030,solar,0.6111648504829523
34,16,2030,solar,0.5130857402041271
34,17,2030,solar,0.3779504571476534
34,18,2030,solar,0.22897229704136443
34,19,2030,solar,0.0816429053775351
34,20,2030,solar,0.0019061790813180324
34,21,2030,solar,0.0
34,22,2030,solar,0.0
34,23,2030,solar,0.0
34,24,2030,solar,0.0
34,1,2030,wind_offshore,0.9135457632917057
34,2,2030,wind_offshore,0.9160141124962905
34,3,2030,wind_offshore,0.9057531548311288
34,4,2030,wind_offshore,0.8317307139280732
34,5,2030,wind_offshore,0.7257880293733268
34,6,2030,wind_offshore,0.6055323748286304
34,7,2030,wind_offshore,0.49529138611285506
34,8,2030,wind_offshore,0.44555854007160633
34,9,2030,wind_offshore,0.4445242817428516
34,10,2030,wind_offshore,0.4128187514493428
34,11,2030,wind_offshore,0.30250663196535627
34,12,2030,wind_offshore,0.2576821796023587
34,13,2030,wind_offshore,0.2214477708995271
34,14,2030,wind_offshore,0.187126456294193
34,15,2030,wind_offshore,0.16079375214065217
34,16,2030,wind_offshore,0.15061349002748137
34,17,2030,wind_offshore,0.15142633944652445
34,18,2030,wind_offshore,0.15181076030182783
34,19,2030,wind_offshore,0.1751969684321904
34,20,2030,wind_offshore,0.20204336934532105
34,21,2030,wind_offshore,0.2736019183047363
34,22,2030,wind_offshore,0.42946588770421185
34,23,2030,wind_offshore,0.643333436628345
34,24,2030,wind_offshore,0.6497579509436902
34,1,2030,wind_onshore,0.4386351498079411
34,2,2030,wind_onshore,0.4293283147698068
34,3,2030,wind_onshore,0.4094963792610248
34,4,2030,wind_onshore,0.38169358601863435
34,5,2030,wind_onshore,0.3606577143555919
34,6,2030,wind_onshore,0.3350989886176877
34,7,2030,wind_onshore,0.32485190446476186
34,8,2030,wind_onshore,0.3071950196441789
34,9,2030,wind_onshore,0.30957501447411995
34,10,2030,wind_onshore,0.35288676159696064
34,11,2030,wind_onshore,0.40458262865324934
34,12,2030,wind_onshore,0.4490193448355213
34,13,2030,wind_onshore,0.4991629711564688
34,14,2030,wind_onshore,0.5399226756728228
34,15,2030,wind_onshore,0.5621641938747404
34,16,2030,wind_onshore,0.5681058885457236
34,17,2030,wind_onshore,0.5682006037936215
34,18,2030,wind_onshore,0.5163812780296069
34,19,2030,wind_onshore,0.42347077381439
34,20,2030,wind_onshore,0.347241390729135
34,21,2030,wind_onshore,0.2938782424997414
34,22,2030,wind_onshore,0.2519177517492014
34,23,2030,wind_onshore,0.23957992653902416
34,24,2030,wind_onshore,0.22204218363800898
35,1,2030,demand,0.5049861572639253
35,2,2030,demand,0.4942625662896041
35,3,2030,demand,0.48702547587246303
35,4,2030,demand,0.4727429420619158
35,5,2030,demand,0.4825107634731103
35,6,2030,demand,0.510601517009712
35,7,2030,demand,0.5499881260624723
35,8,2030,demand,0.5906541043780957
35,9,2030,demand,0.6175610998316754
35,10,2030,demand,0.6331440483183564
35,11,2030,demand,0.6406269755194607
35,12,2030,demand,0.64050193458953
35,13,2030,demand,0.6360032877556194
35,14,2030,demand,0.6373280085958759
35,15,2030,demand,0.6175807226822079
35,16,2030,demand,0.6055130965024227
35,17,2030,demand,0.6082426909784491
35,18,2030,demand,0.6116845976032492
35,19,2030,demand,0.6360323174916847
35,20,2030,demand,0.6482450017571577
35,21,2030,demand,0.6464348136212412
35,22,2030,demand,0.6053100608601416
35,23,2030,demand,0.5614169097498285
35,24,2030,demand,0.5388666686857282
35,1,2030,solar,0.0
35,2,2030,solar,0.0
35,3,2030,solar,0.0
35,4,2030,solar,0.0
35,5,2030,solar,0.0
35,6,2030,solar,0.0
35,7,2030,solar,0.0
35,8,2030,solar,0.007479350947142213
35,9,2030,solar,0.19425291187634736
35,10,2030,solar,0.3818293052128794
35,11,2030,solar,0.507238976692777
35,12,2030,solar,0.5855885456281675
35,13,2030,solar,0.6114943106321484
35,14,2030,solar,0.5772293273657045
35,15,2030,solar,0.48379237782055556
35,16,2030,solar,0.3376221724989995
35,17,2030,solar,0.15685849058371276
35,18,2030,solar,0.00239579590246773
35,19,2030,solar,0.0
35,20,2030,solar,0.0
35,21,2030,solar,0.0
35,22,2030,solar,0.0
35,23,2030,solar,0.0
35,24,2030,solar,0.0
35,1,2030,wind_offshore,0.8534066922865989
35,2,2030,wind_offshore,0.780793640170022
35,3,2030,wind_offshore,0.7016770436445272
35,4,2030,wind_offshore,0.6057728852708677
35,5,2030,wind_offshore,0.5372559715514582
35,6,2030,wind_offshore,0.5153431899891423
35,7,2030,wind_offshore,0.5098736135632903
35,8,2030,wind_offshore,0.49559922150893415
35,9,2030,wind_offshore,0.47600894260865617
35,10,2030,wind_offshore,0.44224023795858325
35,11,2030,wind_offshore,0.23909152754440405
35,12,2030,wind_offshore,0.2311991525996754
35,13,2030,wind_offshore,0.22638346986072633
35,14,2030,wind_offshore,0.20663158671441567
35,15,2030,wind_offshore,0.1695700264681597
35,16,2030,wind_offshore,0.13398003477583217
35,17,2030,wind_offshore,0.10382253703913683
35,18,2030,wind_offshore,0.07617228434117249
35,19,2030,wind_offshore,0.05604732573862734
35,20,2030,wind_offshore,0.047534549375918625
35,21,2030,wind_offshore,0.08613472867068778
35,22,2030,wind_offshore,0.18163162136570526
35,23,2030,wind_offshore,0.286971513128097
35,24,2030,wind_offshore,0.2842957540144016
35,1,2030,wind_onshore,0.17764878602975825
35,2,2030,wind_onshore,0.14703928351338458
35,3,2030,wind_onshore,0.124449472864895
35,4,2030,wind_onshore,0.10145856177811408
35,5,2030,wind_onshore,0.08799104601195844
35,6,2030,wind_onshore,0.07978848463631483
35,7,2030,wind_onshore,0.0822468898399977
35,8,2030,wind_onshore,0.08601347908366062
35,9,2030,wind_onshore,0.09651959368237903
35,10,2030,wind_onshore,0.09140746848173775
35,11,2030,wind_onshore,0.07727420264337112
35,12,2030,wind_onshore,0.07789401453365098
35,13,2030,wind_onshore,0.07520035526458232
35,14,2030,wind_onshore,0.07733219107429945
35,15,2030,wind_onshore,0.08301504478634025
35,16,2030,wind_onshore,0.08854889671389343
35,17,2030,wind_onshore,0.09908224698916471
35,18,2030,wind_onshore,0.12061945441589844
35,19,2030,wind_onshore,0.13594081738403088
35,20,2030,wind_onshore,0.1334350945978946
35,21,2030,wind_onshore,0.13322169345934987
35,22,2030,wind_onshore,0.13606979674663616
35,23,2030,wind_onshore,0.10557386440514213
35,24,2030,wind_onshore,0.1136739273439436
36,1,2030,demand,0.533937071030478
36,2,2030,demand,0.5295382596142909
36,3,2030,demand,0.5205136125127942
36,4,2030,demand,0.5113848350868035
36,5,2030,demand,0.5179835868479958
36,6,2030,demand,0.5313020450835337
36,7,2030,demand,0.5462579095365615
36,8,2030,demand,0.5736782524387942
36,9,2030,demand,0.610059424078054
36,10,2030,demand,0.6386417958499182
36,11,2030,demand,0.6639524446801482
36,12,2030,demand,0.6784146409937836
36,13,2030,demand,0.6795093523572833
36,14,2030,demand,0.67011919352995
36,15,2030,demand,0.6654220709436232
36,16,2030,demand,0.6663185702867885
36,17,2030,demand,0.6634087138644466
36,18,2030,demand,0.6616618291137538
36,19,2030,demand,0.6552095948596407
36,20,2030,demand,0.6467877814480739
36,21,2030,demand,0.6360797741587042
36,22,2030,demand,0.597448016687667
36,23,2030,demand,0.5610373163310436
36,24,2030,demand,0.5593731556520168
36,1,2030,solar,0.0
36,2,2030,solar,0.0
36,3,2030,solar,0.0
36,4,2030,solar,0.0
36,5,2030,solar,0.0
36,6,2030,solar,0.0002699164545848441
36,7,2030,solar,0.032049031401977214
36,8,2030,solar,0.19706303255914737
36,9,2030,solar,0.3968420481387489
36,10,2030,solar,0.5622427894806872
36,11,2030,solar,0.6644686728627044
36,12,2030,solar,0.7284732740590047
36,13,2030,solar,0.7523574011929514
36,14,2030,solar,0.7371837846500039
36,15,2030,solar,0.681720033850315
36,16,2030,solar,0.5856311853436903
36,17,2030,solar,0.4468371876319666
36,18,2030,solar,0.27518017904047776
36,19,2030,solar,0.09399240676940775
36,20,2030,solar,0.0018512149332838138
36,21,2030,solar,0.0
36,22,2030,solar,0.0
36,23,2030,solar,0.0
36,24,2030,solar,0.0
36,1,2030,wind_offshore,0.9080418857208249
36,2,2030,wind_offshore,0.9147132945759214
36,3,2030,wind_offshore,0.9320539776826953
36,4,2030,wind_offshore,0.9452946887633619
36,5,2030,wind_offshore,0.9404216515887781
36,6,2030,wind_offshore,0.9232304544449846
36,7,2030,wind_offshore,0.8979536861743324
36,8,2030,wind_offshore,0.8898948703499684
36,9,2030,wind_offshore,0.8806819975201631
36,10,2030,wind_offshore,0.8645786855348542
36,11,2030,wind_offshore,0.8117214438305547
36,12,2030,wind_offshore,0.7896626522624658
36,13,2030,wind_offshore,0.7600523188395246
36,14,2030,wind_offshore,0.7279138463106405
36,15,2030,wind_offshore,0.6965240498910718
36,16,2030,wind_offshore,0.665843477431852
36,17,2030,wind_offshore,0.6098498680781176
36,18,2030,wind_offshore,0.5301298062279439
36,19,2030,wind_offshore,0.43424141558585083
36,20,2030,wind_offshore,0.3372775874208278
36,21,2030,wind_offshore,0.266076281722387
36,22,2030,wind_offshore,0.205356523801331
36,23,2030,wind_offshore,0.15586425599710912
36,24,2030,wind_offshore,0.14370770196067512
36,1,2030,wind_onshore,0.2732725470719787
36,2,2030,wind_onshore,0.26069080220715773
36,3,2030,wind_onshore,0.24674107444484752
36,4,2030,wind_onshore,0.23678365040802166
36,5,2030,wind_onshore,0.22805937897027495
36,6,2030,wind_onshore,0.21476204934494772
36,7,2030,wind_onshore,0.19953255266613204
36,8,2030,wind_onshore,0.15988824636184132
36,9,2030,wind_onshore,0.15237183632020926
36,10,2030,wind_onshore,0.16070056913053457
36,11,2030,wind_onshore,0.1552263624089211
36,12,2030,wind_onshore,0.16602088672322907
36,13,2030,wind_onshore,0.18230249801510084
36,14,2030,wind_onshore,0.19392817671272522
36,15,2030,wind_onshore,0.2072971098362273
36,16,2030,wind_onshore,0.21515522637237777
36,17,2030,wind_onshore,0.224537205224613
36,18,2030,wind_onshore,0.23261100281568733
36,19,2030,wind_onshore,0.2332708010202802
36,20,2030,wind_onshore,0.23085989848304697
36,21,2030,wind_onshore,0.23379235618377894
36,22,2030,wind_onshore,0.2192162279081
36,23,2030,wind_onshore,0.18260726413437736
36,24,2030,wind_onshore,0.17616652139072667
37,1,2030,demand,0.6201678746449926
37,2,2030,demand,0.6028068584164193
37,3,2030,demand,0.5926186596159879
37,4,2030,demand,0.5836755774783179
37,5,2030,demand,0.5999598269008752
37,6,2030,demand,0.6181951387543401
37,7,2030,demand,0.6365196511015295
37,8,2030,demand,0.669120012324415
37,9,2030,demand,0.7243388648821655
37,10,2030,demand,0.7817549531917205
37,11,2030,demand,0.8374796774428703
37,12,2030,demand,0.8700347599815852
37,13,2030,demand,0.8764118508469306
37,14,2030,demand,0.8655112978785725
37,15,2030,demand,0.8503949543127669
37,16,2030,demand,0.8473118204563411
37,17,2030,demand,0.8316582700228182
37,18,2030,demand,0.8201240825412776
37,19,2030,demand,0.8037967349927049
37,20,2030,demand,0.7915649548869272
37,21,2030,demand,0.7746790634040772
37,22,2030,demand,0.7249681391998928
37,23,2030,demand,0.6799921370847255
37,24,2030,demand,0.6581960921320148
37,1,2030,solar,0.0
37,2,2030,solar,0.0
37,3,2030,solar,0.0
37,4,2030,solar,0.0
37,5,2030,solar,0.0
37,6,2030,solar,2.6024801919314236e-6
37,7,2030,solar,0.02060063265000749
37,8,2030,solar,0.1530219664070302
37,9,2030,solar,0.33147903890174735
37,10,2030,solar,0.4965284629040583
37,11,2030,solar,0.6082263496451237
37,12,2030,solar,0.6892210017041666
37,13,2030,solar,0.7264444184686829
37,14,2030,solar,0.7188027650239925
37,15,2030,solar,0.6702728727309024
37,16,2030,solar,0.5889374819025173
37,17,2030,solar,0.4577018481078525
37,18,2030,solar,0.2880427356167784
37,19,2030,solar,0.1022663292172683
37,20,2030,solar,0.0010399139465943634
37,21,2030,solar,0.0
37,22,2030,solar,0.0
37,23,2030,solar,0.0
37,24,2030,solar,0.0
37,1,2030,wind_offshore,0.3191558153765168
37,2,2030,wind_offshore,0.447371121737526
37,3,2030,wind_offshore,0.6067884728242467
37,4,2030,wind_offshore,0.7405856932979049
37,5,2030,wind_offshore,0.4588127696765101
37,6,2030,wind_offshore,0.37840169088239867
37,7,2030,wind_offshore,0.6566491059718895
37,8,2030,wind_offshore,0.822924558377188
37,9,2030,wind_offshore,0.728978863497596
37,10,2030,wind_offshore,0.5275006779819159
37,11,2030,wind_offshore,0.477167725683834
37,12,2030,wind_offshore,0.2941687072373373
37,13,2030,wind_offshore,0.28534219235011676
37,14,2030,wind_offshore,0.3570162676174925
37,15,2030,wind_offshore,0.3642388526032734
37,16,2030,wind_offshore,0.3452973446183174
37,17,2030,wind_offshore,0.36493800936294607
37,18,2030,wind_offshore,0.423617025815071
37,19,2030,wind_offshore,0.4959531159288174
37,20,2030,wind_offshore,0.5944627284708397
37,21,2030,wind_offshore,0.7124812104230374
37,22,2030,wind_offshore,0.7628184881821534
37,23,2030,wind_offshore,0.5776778600026173
37,24,2030,wind_offshore,0.573172884779019
37,1,2030,wind_onshore,0.13326336707348357
37,2,2030,wind_onshore,0.14734030452680041
37,3,2030,wind_onshore,0.16954472330485948
37,4,2030,wind_onshore,0.16885112220463439
37,5,2030,wind_onshore,0.15937691065657694
37,6,2030,wind_onshore,0.1751892659122914
37,7,2030,wind_onshore,0.1946673319848673
37,8,2030,wind_onshore,0.19591762678770502
37,9,2030,wind_onshore,0.22494028006258884
37,10,2030,wind_onshore,0.29979004734252535
37,11,2030,wind_onshore,0.37539639570938
37,12,2030,wind_onshore,0.5100929164875435
37,13,2030,wind_onshore,0.613240937748955
37,14,2030,wind_onshore,0.665427893518221
37,15,2030,wind_onshore,0.6867618761433314
37,16,2030,wind_onshore,0.704116220674522
37,17,2030,wind_onshore,0.6915742898560564
37,18,2030,wind_onshore,0.6551199636370622
37,19,2030,wind_onshore,0.5708854456994918
37,20,2030,wind_onshore,0.47154152741193334
37,21,2030,wind_onshore,0.40642465184792953
37,22,2030,wind_onshore,0.3588426943164862
37,23,2030,wind_onshore,0.3176007002087304
37,24,2030,wind_onshore,0.30229273377247606
38,1,2030,demand,0.4814729680027298
38,2,2030,demand,0.47345514319418747
38,3,2030,demand,0.4697617499641016
38,4,2030,demand,0.46376591485653573
38,5,2030,demand,0.46274505745908073
38,6,2030,demand,0.4683843819016287
38,7,2030,demand,0.47348359934949147
38,8,2030,demand,0.4968865348867838
38,9,2030,demand,0.5251943035440987
38,10,2030,demand,0.5422000072843169
38,11,2030,demand,0.5599201949900492
38,12,2030,demand,0.5627019550073233
38,13,2030,demand,0.5601735698805836
38,14,2030,demand,0.548975526130899
38,15,2030,demand,0.5370873453812205
38,16,2030,demand,0.531962117226752
38,17,2030,demand,0.530844126410257
38,18,2030,demand,0.525205894808985
38,19,2030,demand,0.5296945808318534
38,20,2030,demand,0.5379148930553119
38,21,2030,demand,0.5500016723893864
38,22,2030,demand,0.5260448078347175
38,23,2030,demand,0.49735264285471403
38,24,2030,demand,0.4932148829738548
38,1,2030,solar,0.0
38,2,2030,solar,0.0
38,3,2030,solar,0.0
38,4,2030,solar,0.0
38,5,2030,solar,0.0
38,6,2030,solar,0.0
38,7,2030,solar,0.0025588309117667457
38,8,2030,solar,0.11226148458104213
38,9,2030,solar,0.31149071167104436
38,10,2030,solar,0.4912956065832205
38,11,2030,solar,0.6042174656919621
38,12,2030,solar,0.6675222450647814
38,13,2030,solar,0.6897063883590749
38,14,2030,solar,0.6710609048694995
38,15,2030,solar,0.6038268373153175
38,16,2030,solar,0.5049277949573752
38,17,2030,solar,0.3621498650662607
38,18,2030,solar,0.1782126942753176
38,19,2030,solar,0.02195549057967945
38,20,2030,solar,0.0
38,21,2030,solar,0.0
38,22,2030,solar,0.0
38,23,2030,solar,0.0
38,24,2030,solar,0.0
38,1,2030,wind_offshore,0.8948010374070102
38,2,2030,wind_offshore,0.8796603124161422
38,3,2030,wind_offshore,0.8393262742037185
38,4,2030,wind_offshore,0.7678292843798757
38,5,2030,wind_offshore,0.702945586707614
38,6,2030,wind_offshore,0.6513873220019972
38,7,2030,wind_offshore,0.6315739943182536
38,8,2030,wind_offshore,0.599611239077279
38,9,2030,wind_offshore,0.5860507446292443
38,10,2030,wind_offshore,0.5286475248945772
38,11,2030,wind_offshore,0.4425722630433318
38,12,2030,wind_offshore,0.40272652333445774
38,13,2030,wind_offshore,0.39888872690410315
38,14,2030,wind_offshore,0.4346257631925024
38,15,2030,wind_offshore,0.4744289031467855
38,16,2030,wind_offshore,0.5270845314315007
38,17,2030,wind_offshore,0.522831613455247
38,18,2030,wind_offshore,0.5144934591777621
38,19,2030,wind_offshore,0.5186657360977815
38,20,2030,wind_offshore,0.517491259254647
38,21,2030,wind_offshore,0.45428772742001944
38,22,2030,wind_offshore,0.3748951411906514
38,23,2030,wind_offshore,0.47062729689262917
38,24,2030,wind_offshore,0.46934531262994494
38,1,2030,wind_onshore,0.6905446874685868
38,2,2030,wind_onshore,0.6603107265458904
38,3,2030,wind_onshore,0.638890218840944
38,4,2030,wind_onshore,0.6164709418820774
38,5,2030,wind_onshore,0.5831869203879216
38,6,2030,wind_onshore,0.5389255403260673
38,7,2030,wind_onshore,0.5105849498018511
38,8,2030,wind_onshore,0.4598329609238123
38,9,2030,wind_onshore,0.5064054314660809
38,10,2030,wind_onshore,0.49607329942093215
38,11,2030,wind_onshore,0.43106734624689125
38,12,2030,wind_onshore,0.40398015125319964
38,13,2030,wind_onshore,0.37931685457343495
38,14,2030,wind_onshore,0.3553752021156247
38,15,2030,wind_onshore,0.33845943690933433
38,16,2030,wind_onshore,0.3392320840162343
38,17,2030,wind_onshore,0.3272146237098714
38,18,2030,wind_onshore,0.2989871029828004
38,19,2030,wind_onshore,0.24070764636766295
38,20,2030,wind_onshore,0.23406617114825476
38,21,2030,wind_onshore,0.20785693002961342
38,22,2030,wind_onshore,0.14927849741124005
38,23,2030,wind_onshore,0.12197675385959139
38,24,2030,wind_onshore,0.09630812004681794
39,1,2030,demand,0.5320443810256221
39,2,2030,demand,0.5172978991206048
39,3,2030,demand,0.5094159642416323
39,4,2030,demand,0.4949649856798074
39,5,2030,demand,0.49959736299014845
39,6,2030,demand,0.5323699874647134
39,7,2030,demand,0.5771431685080632
39,8,2030,demand,0.6189803732491934
39,9,2030,demand,0.6542128305630321
39,10,2030,demand,0.6757395595009197
39,11,2030,demand,0.6820418618960017
39,12,2030,demand,0.6866007527108773
39,13,2030,demand,0.6795417043021053
39,14,2030,demand,0.6665931854455238
39,15,2030,demand,0.6415913332748124
39,16,2030,demand,0.6370985067508598
39,17,2030,demand,0.6389901224119532
39,18,2030,demand,0.6538639382666307
39,19,2030,demand,0.6814051719460563
39,20,2030,demand,0.7019264198145756
39,21,2030,demand,0.6984755795781503
39,22,2030,demand,0.6548898806946087
39,23,2030,demand,0.6013304563612945
39,24,2030,demand,0.5805006996144071
39,1,2030,solar,0.0
39,2,2030,solar,0.0
39,3,2030,solar,0.0
39,4,2030,solar,0.0
39,5,2030,solar,0.0
39,6,2030,solar,0.0
39,7,2030,solar,0.0
39,8,2030,solar,0.0
39,9,2030,solar,0.07985177594459943
39,10,2030,solar,0.19216725037367066
39,11,2030,solar,0.2894573947364856
39,12,2030,solar,0.365067957379324
39,13,2030,solar,0.40044389742018494
39,14,2030,solar,0.39293967318249295
39,15,2030,solar,0.3276499393640414
39,16,2030,solar,0.21994539803585467
39,17,2030,solar,0.09136519763007517
39,18,2030,solar,0.0
39,19,2030,solar,0.0
39,20,2030,solar,0.0
39,21,2030,solar,0.0
39,22,2030,solar,0.0
39,23,2030,solar,0.0
39,24,2030,solar,0.0
39,1,2030,wind_offshore,0.2785885080255074
39,2,2030,wind_offshore,0.277698006328456
39,3,2030,wind_offshore,0.24805887902020157
39,4,2030,wind_offshore,0.25409778020822044
39,5,2030,wind_offshore,0.28092489934564896
39,6,2030,wind_offshore,0.3033055614423057
39,7,2030,wind_offshore,0.30944735760543257
39,8,2030,wind_offshore,0.3739525525174052
39,9,2030,wind_offshore,0.4500330783028187
39,10,2030,wind_offshore,0.48680003791253834
39,11,2030,wind_offshore,0.4271701111674252
39,12,2030,wind_offshore,0.28348645094553004
39,13,2030,wind_offshore,0.12809079049508565
39,14,2030,wind_offshore,0.05592562302979686
39,15,2030,wind_offshore,0.03229331693881739
39,16,2030,wind_offshore,0.05078950014200494
39,17,2030,wind_offshore,0.07988227673096888
39,18,2030,wind_offshore,0.1369713813373457
39,19,2030,wind_offshore,0.2638333574121087
39,20,2030,wind_offshore,0.41542585903636564
39,21,2030,wind_offshore,0.366423884138647
39,22,2030,wind_offshore,0.3883806231860025
39,23,2030,wind_offshore,0.6050229057708516
39,24,2030,wind_offshore,0.7522164642676902
39,1,2030,wind_onshore,0.3233106252641228
39,2,2030,wind_onshore,0.3247154874425573
39,3,2030,wind_onshore,0.3302513353154676
39,4,2030,wind_onshore,0.3412714732933977
39,5,2030,wind_onshore,0.3455223352324096
39,6,2030,wind_onshore,0.35808191311645166
39,7,2030,wind_onshore,0.3746625039039847
39,8,2030,wind_onshore,0.39390369077219944
39,9,2030,wind_onshore,0.4140950517758124
39,10,2030,wind_onshore,0.41843368886010257
39,11,2030,wind_onshore,0.3749161545006059
39,12,2030,wind_onshore,0.4538372040578416
39,13,2030,wind_onshore,0.5111962995468056
39,14,2030,wind_onshore,0.5523920399196935
39,15,2030,wind_onshore,0.5420879281897546
39,16,2030,wind_onshore,0.5398425499088941
39,17,2030,wind_onshore,0.5249210337330892
39,18,2030,wind_onshore,0.521792468253103
39,19,2030,wind_onshore,0.5421771325884537
39,20,2030,wind_onshore,0.54825420731674
39,21,2030,wind_onshore,0.5622759208988768
39,22,2030,wind_onshore,0.5685887604164935
39,23,2030,wind_onshore,0.5523630869275021
39,24,2030,wind_onshore,0.5513644971797563
40,1,2030,demand,0.6792093801785869
40,2,2030,demand,0.6590840623055031
40,3,2030,demand,0.6332248085351126
40,4,2030,demand,0.6112342044629953
40,5,2030,demand,0.6244658949888724
40,6,2030,demand,0.6349581840621659
40,7,2030,demand,0.6415920736227636
40,8,2030,demand,0.6841117251048594
40,9,2030,demand,0.7653067048694104
40,10,2030,demand,0.8379714854346595
40,11,2030,demand,0.8916720735494499
40,12,2030,demand,0.9252073164359298
40,13,2030,demand,0.947420285366233
40,14,2030,demand,0.9440592576838696
40,15,2030,demand,0.9394320409824406
40,16,2030,demand,0.9445294315668133
40,17,2030,demand,0.9356583232598265
40,18,2030,demand,0.9217065897741499
40,19,2030,demand,0.8879924690740675
40,20,2030,demand,0.8677897778101566
40,21,2030,demand,0.8481408155990255
40,22,2030,demand,0.805206485127236
40,23,2030,demand,0.7418645275426722
40,24,2030,demand,0.7229485814048959
40,1,2030,solar,0.0
40,2,2030,solar,0.0
40,3,2030,solar,0.0
40,4,2030,solar,0.0
40,5,2030,solar,0.0
40,6,2030,solar,0.0001076182371413032
40,7,2030,solar,0.021558544820273032
40,8,2030,solar,0.1722082491684645
40,9,2030,solar,0.35569254423558894
40,10,2030,solar,0.5221425748337098
40,11,2030,solar,0.6204429929874473
40,12,2030,solar,0.6867622925634698
40,13,2030,solar,0.7188727011587137
40,14,2030,solar,0.7135522803439511
40,15,2030,solar,0.6683297312996694
40,16,2030,solar,0.5784317395015064
40,17,2030,solar,0.4405622091135812
40,18,2030,solar,0.27366418621276645
40,19,2030,solar,0.10236451496850724
40,20,2030,solar,0.0018334531834642
40,21,2030,solar,0.0
40,22,2030,solar,0.0
40,23,2030,solar,0.0
40,24,2030,solar,0.0
40,1,2030,wind_offshore,0.3504498989549393
40,2,2030,wind_offshore,0.29086255735549543
40,3,2030,wind_offshore,0.2256211338321733
40,4,2030,wind_offshore,0.16909493843785597
40,5,2030,wind_offshore,0.12717940476306624
40,6,2030,wind_offshore,0.11750691601148644
40,7,2030,wind_offshore,0.14180133561373245
40,8,2030,wind_offshore,0.18710742085892074
40,9,2030,wind_offshore,0.24469497233141227
40,10,2030,wind_offshore,0.2601938535228835
40,11,2030,wind_offshore,0.18336663932721334
40,12,2030,wind_offshore,0.1307112711270948
40,13,2030,wind_offshore,0.09770169511262429
40,14,2030,wind_offshore,0.0680904222221852
40,15,2030,wind_offshore,0.04838689497389381
40,16,2030,wind_offshore,0.06519249851477389
40,17,2030,wind_offshore,0.10743288359127365
40,18,2030,wind_offshore,0.14604051062811707
40,19,2030,wind_offshore,0.16552704134377524
40,20,2030,wind_offshore,0.17630144306770834
40,21,2030,wind_offshore,0.18426461555208118
40,22,2030,wind_offshore,0.1940946943173386
40,23,2030,wind_offshore,0.16861358796581938
40,24,2030,wind_offshore,0.1473514962020686
40,1,2030,wind_onshore,0.19083762962284553
40,2,2030,wind_onshore,0.1889433849514519
40,3,2030,wind_onshore,0.17621919964937355
40,4,2030,wind_onshore,0.15632055031888742
40,5,2030,wind_onshore,0.1417778425866673
40,6,2030,wind_onshore,0.13146650421442801
40,7,2030,wind_onshore,0.11528458024892838
40,8,2030,wind_onshore,0.09479291763046777
40,9,2030,wind_onshore,0.08517123770111022
40,10,2030,wind_onshore,0.09188141550527612
40,11,2030,wind_onshore,0.08488398362435995
40,12,2030,wind_onshore,0.0966851078236717
40,13,2030,wind_onshore,0.11902872519644013
40,14,2030,wind_onshore,0.1441451760564657
40,15,2030,wind_onshore,0.17883801947159528
40,16,2030,wind_onshore,0.20701465839221836
40,17,2030,wind_onshore,0.2337100941924518
40,18,2030,wind_onshore,0.25943236413242143
40,19,2030,wind_onshore,0.28502696487257595
40,20,2030,wind_onshore,0.2921644877287001
40,21,2030,wind_onshore,0.303449377866922
40,22,2030,wind_onshore,0.28931129611244066
40,23,2030,wind_onshore,0.24733419297818282
40,24,2030,wind_onshore,0.22632387877497961
41,1,2030,demand,0.48602487732798766
41,2,2030,demand,0.48375442801006235
41,3,2030,demand,0.4846705558699401
41,4,2030,demand,0.48385837251452685
41,5,2030,demand,0.5019938503718251
41,6,2030,demand,0.5263933855133515
41,7,2030,demand,0.5637677950610445
41,8,2030,demand,0.6007887853440619
41,9,2030,demand,0.6374631964826947
41,10,2030,demand,0.6435115310633738
41,11,2030,demand,0.6479999965400886
41,12,2030,demand,0.6546915801281306
41,13,2030,demand,0.6454583602523326
41,14,2030,demand,0.6298608840893147
41,15,2030,demand,0.6163564585476474
41,16,2030,demand,0.6083107236976676
41,17,2030,demand,0.6073257115277658
41,18,2030,demand,0.6006766092258867
41,19,2030,demand,0.5960524189481187
41,20,2030,demand,0.6120157134925013
41,21,2030,demand,0.6015225469254674
41,22,2030,demand,0.5699812037300482
41,23,2030,demand,0.5275818737630635
41,24,2030,demand,0.5182899922662914
41,1,2030,solar,0.0
41,2,2030,solar,0.0
41,3,2030,solar,0.0
41,4,2030,solar,0.0
41,5,2030,solar,0.0
41,6,2030,solar,2.066680178965542e-5
41,7,2030,solar,0.03236818883680527
41,8,2030,solar,0.16303334758800167
41,9,2030,solar,0.3196336893523893
41,10,2030,solar,0.4469961311000664
41,11,2030,solar,0.5441283067311133
41,12,2030,solar,0.5947035313472414
41,13,2030,solar,0.5871836552137293
41,14,2030,solar,0.5542775815936744
41,15,2030,solar,0.4877543759388774
41,16,2030,solar,0.4122832881513726
41,17,2030,solar,0.3203508735563466
41,18,2030,solar,0.1995350293403225
41,19,2030,solar,0.06909347455789615
41,20,2030,solar,0.002734042021083253
41,21,2030,solar,0.0
41,22,2030,solar,0.0
41,23,2030,solar,0.0
41,24,2030,solar,0.0
41,1,2030,wind_offshore,0.958043900030043
41,2,2030,wind_offshore,0.9440234018127909
41,3,2030,wind_offshore,0.9518867267622539
41,4,2030,wind_offshore,0.9561397967434132
41,5,2030,wind_offshore,0.9431726740655855
41,6,2030,wind_offshore,0.8848027644659525
41,7,2030,wind_offshore,0.7581396798805485
41,8,2030,wind_offshore,0.5967557396505063
41,9,2030,wind_offshore,0.468613298500343
41,10,2030,wind_offshore,0.3550631333323887
41,11,2030,wind_offshore,0.2023168982374733
41,12,2030,wind_offshore,0.22827607194643584
41,13,2030,wind_offshore,0.3196346720996012
41,14,2030,wind_offshore,0.4460060754464527
41,15,2030,wind_offshore,0.49475092767596773
41,16,2030,wind_offshore,0.6244941123830674
41,17,2030,wind_offshore,0.7550471086130666
41,18,2030,wind_offshore,0.8122012453064811
41,19,2030,wind_offshore,0.8216173825131696
41,20,2030,wind_offshore,0.8482019295059634
41,21,2030,wind_offshore,0.8485477074927021
41,22,2030,wind_offshore,0.8201735081415005
41,23,2030,wind_offshore,0.7821480610454169
41,24,2030,wind_offshore,0.7808129151242347
41,1,2030,wind_onshore,0.2843566994873307
41,2,2030,wind_onshore,0.3206737176464963
41,3,2030,wind_onshore,0.349575936398916
41,4,2030,wind_onshore,0.38025793933207874
41,5,2030,wind_onshore,0.40021868904589203
41,6,2030,wind_onshore,0.4313381141810107
41,7,2030,wind_onshore,0.4532992943419754
41,8,2030,wind_onshore,0.44307023952081426
41,9,2030,wind_onshore,0.46867124605815746
41,10,2030,wind_onshore,0.5042740412004111
41,11,2030,wind_onshore,0.5188278202588539
41,12,2030,wind_onshore,0.556971048096708
41,13,2030,wind_onshore,0.5837587477183211
41,14,2030,wind_onshore,0.6254612954464911
41,15,2030,wind_onshore,0.6394682120821163
41,16,2030,wind_onshore,0.6476962186287478
41,17,2030,wind_onshore,0.6109523135216163
41,18,2030,wind_onshore,0.5710408995591566
41,19,2030,wind_onshore,0.507773827058559
41,20,2030,wind_onshore,0.4525965963539951
41,21,2030,wind_onshore,0.4188622963577585
41,22,2030,wind_onshore,0.3785225890909109
41,23,2030,wind_onshore,0.34198875619316516
41,24,2030,wind_onshore,0.3450589177067837
42,1,2030,demand,0.5499868163399018
42,2,2030,demand,0.5412898095204948
42,3,2030,demand,0.5305896493722831
42,4,2030,demand,0.521195480609826
42,5,2030,demand,0.5375166368382099
42,6,2030,demand,0.557024513051994
42,7,2030,demand,0.5766397251469102
42,8,2030,demand,0.6141421526590631
42,9,2030,demand,0.6590202286365087
42,10,2030,demand,0.7002928342947208
42,11,2030,demand,0.7374159667264868
42,12,2030,demand,0.765109703493996
42,13,2030,demand,0.7767015423331145
42,14,2030,demand,0.7711641094893543
42,15,2030,demand,0.76174565256325
42,16,2030,demand,0.7632763497055882
42,17,2030,demand,0.7414971475549815
42,18,2030,demand,0.7335707740606003
42,19,2030,demand,0.7192561015876842
42,20,2030,demand,0.7044791273258096
42,21,2030,demand,0.685551169330814
42,22,2030,demand,0.644323924182405
42,23,2030,demand,0.6012129504119186
42,24,2030,demand,0.5913367632557611
42,1,2030,solar,0.0
42,2,2030,solar,0.0
42,3,2030,solar,0.0
42,4,2030,solar,0.0
42,5,2030,solar,0.0
42,6,2030,solar,0.0003114590250394415
42,7,2030,solar,0.029648737954039946
42,8,2030,solar,0.18593171785245471
42,9,2030,solar,0.38104181845345486
42,10,2030,solar,0.5403643503025842
42,11,2030,solar,0.6454337124920448
42,12,2030,solar,0.7126581009321573
42,13,2030,solar,0.7382774807709644
42,14,2030,solar,0.7362363848990878
42,15,2030,solar,0.6691432337400107
42,16,2030,solar,0.5634059981357047
42,17,2030,solar,0.4399682597615674
42,18,2030,solar,0.2805724956464123
42,19,2030,solar,0.11140877623157136
42,20,2030,solar,0.006860248106213099
42,21,2030,solar,0.0
42,22,2030,solar,0.0
42,23,2030,solar,0.0
42,24,2030,solar,0.0
42,1,2030,wind_offshore,0.13806443158669723
42,2,2030,wind_offshore,0.1483158942536836
42,3,2030,wind_offshore,0.14671932491646572
42,4,2030,wind_offshore,0.1389630988730029
42,5,2030,wind_offshore,0.14113726739070723
42,6,2030,wind_offshore,0.14750108643261353
42,7,2030,wind_offshore,0.1803738854660129
42,8,2030,wind_offshore,0.2362343931537551
42,9,2030,wind_offshore,0.3205516445446871
42,10,2030,wind_offshore,0.39994267115542015
42,11,2030,wind_offshore,0.45155942664251814
42,12,2030,wind_offshore,0.5511925392369849
42,13,2030,wind_offshore,0.6358363839040658
42,14,2030,wind_offshore,0.6850309926298572
42,15,2030,wind_offshore,0.7125616224348095
42,16,2030,wind_offshore,0.722390167345399
42,17,2030,wind_offshore,0.7218275669023679
42,18,2030,wind_offshore,0.6898510469459382
42,19,2030,wind_offshore,0.6806001197720088
42,20,2030,wind_offshore,0.6643543497902025
42,21,2030,wind_offshore,0.6196217536393072
42,22,2030,wind_offshore,0.5757133836923127
42,23,2030,wind_offshore,0.6222581143762478
42,24,2030,wind_offshore,0.6035135417687995
42,1,2030,wind_onshore,0.04714664254461834
42,2,2030,wind_onshore,0.035056020339527455
42,3,2030,wind_onshore,0.027815354190538467
42,4,2030,wind_onshore,0.02352611927132822
42,5,2030,wind_onshore,0.022830113690901856
42,6,2030,wind_onshore,0.02217676767051607
42,7,2030,wind_onshore,0.02410248678919185
42,8,2030,wind_onshore,0.021329627660557845
42,9,2030,wind_onshore,0.03172023320998645
42,10,2030,wind_onshore,0.06268587536434014
42,11,2030,wind_onshore,0.10131567158560614
42,12,2030,wind_onshore,0.1688991778069031
42,13,2030,wind_onshore,0.21321179672976825
42,14,2030,wind_onshore,0.23654091146223127
42,15,2030,wind_onshore,0.23399744014960827
42,16,2030,wind_onshore,0.22288666684903308
42,17,2030,wind_onshore,0.2123252231621841
42,18,2030,wind_onshore,0.21212286267156566
42,19,2030,wind_onshore,0.20215639940728508
42,20,2030,wind_onshore,0.1978358872751727
42,21,2030,wind_onshore,0.19901508934813048
42,22,2030,wind_onshore,0.18059014808983792
42,23,2030,wind_onshore,0.180752724796121
42,24,2030,wind_onshore,0.16444637978846377
43,1,2030,demand,0.5638159774524473
43,2,2030,demand,0.5553893165282308
43,3,2030,demand,0.5402936740925559
43,4,2030,demand,0.5297780900632177
43,5,2030,demand,0.5277731750637104
43,6,2030,demand,0.5209643899364018
43,7,2030,demand,0.5122058307979395
43,8,2030,demand,0.5286977270430286
43,9,2030,demand,0.5671479839511406
43,10,2030,demand,0.6122792278716906
43,11,2030,demand,0.6465566440480185
43,12,2030,demand,0.67366809379883
43,13,2030,demand,0.6857310942879196
43,14,2030,demand,0.6849946344273988
43,15,2030,demand,0.6872265495380603
43,16,2030,demand,0.6822003824675464
43,17,2030,demand,0.6768422881693275
43,18,2030,demand,0.6761134005377788
43,19,2030,demand,0.6647441762929641
43,20,2030,demand,0.6516596600150761
43,21,2030,demand,0.6516788067545833
43,22,2030,demand,0.6361344866729127
43,23,2030,demand,0.6024873380029641
43,24,2030,demand,0.5946346087828573
43,1,2030,solar,0.0
43,2,2030,solar,0.0
43,3,2030,solar,0.0
43,4,2030,solar,0.0
43,5,2030,solar,0.0
43,6,2030,solar,0.0003741923738242878
43,7,2030,solar,0.03446966762259859
43,8,2030,solar,0.18502635922327798
43,9,2030,solar,0.3676712337635433
43,10,2030,solar,0.529902386870916
43,11,2030,solar,0.6355860375289379
43,12,2030,solar,0.6984504136355167
43,13,2030,solar,0.7215442956327717
43,14,2030,solar,0.7067837487182742
43,15,2030,solar,0.6549942731866418
43,16,2030,solar,0.5628914487652151
43,17,2030,solar,0.4284373445607838
43,18,2030,solar,0.270358772674237
43,19,2030,solar,0.10395081652304235
43,20,2030,solar,0.004486835857432168
43,21,2030,solar,0.0
43,22,2030,solar,0.0
43,23,2030,solar,0.0
43,24,2030,solar,0.0
43,1,2030,wind_offshore,0.8556994135823188
43,2,2030,wind_offshore,0.8839128083148264
43,3,2030,wind_offshore,0.9029554604408873
43,4,2030,wind_offshore,0.9087008088265142
43,5,2030,wind_offshore,0.9144978014462328
43,6,2030,wind_offshore,0.9161610324735294
43,7,2030,wind_offshore,0.9283164418275291
43,8,2030,wind_offshore,0.9290039404774673
43,9,2030,wind_offshore,0.9231955127041406
43,10,2030,wind_offshore,0.9231327768115616
43,11,2030,wind_offshore,0.9311917917437441
43,12,2030,wind_offshore,0.9243029002634886
43,13,2030,wind_offshore,0.9222617239302215
43,14,2030,wind_offshore,0.9218142504211887
43,15,2030,wind_offshore,0.9250244322532545
43,16,2030,wind_offshore,0.9375786404506943
43,17,2030,wind_offshore,0.9383137630282412
43,18,2030,wind_offshore,0.9401588216018416
43,19,2030,wind_offshore,0.9422068074943166
43,20,2030,wind_offshore,0.943465886176916
43,21,2030,wind_offshore,0.942743478675004
43,22,2030,wind_offshore,0.9437581504995682
43,23,2030,wind_offshore,0.9425135762835858
43,24,2030,wind_offshore,0.9443940803491054
43,1,2030,wind_onshore,0.2893467630656067
43,2,2030,wind_onshore,0.2711543969227987
43,3,2030,wind_onshore,0.2609261946593155
43,4,2030,wind_onshore,0.2543552821766807
43,5,2030,wind_onshore,0.25342943705322635
43,6,2030,wind_onshore,0.2613597059980714
43,7,2030,wind_onshore,0.26835669123757494
43,8,2030,wind_onshore,0.2558650835849051
43,9,2030,wind_onshore,0.26658140506257394
43,10,2030,wind_onshore,0.2865694315323001
43,11,2030,wind_onshore,0.30178211816369915
43,12,2030,wind_onshore,0.3166886488952209
43,13,2030,wind_onshore,0.33328879065836803
43,14,2030,wind_onshore,0.35746866773089253
43,15,2030,wind_onshore,0.3890039492444439
43,16,2030,wind_onshore,0.4223098511605576
43,17,2030,wind_onshore,0.46238475598808704
43,18,2030,wind_onshore,0.4941153216097309
43,19,2030,wind_onshore,0.50762135432897
43,20,2030,wind_onshore,0.5024803630396348
43,21,2030,wind_onshore,0.5165282416028962
43,22,2030,wind_onshore,0.496171577347441
43,23,2030,wind_onshore,0.44148812624615524
43,24,2030,wind_onshore,0.4155713519650943
44,1,2030,demand,0.5171125279205546
44,2,2030,demand,0.49749570877292193
44,3,2030,demand,0.4844503519015052
44,4,2030,demand,0.46808172161809414
44,5,2030,demand,0.4578276204688287
44,6,2030,demand,0.4467231252201086
44,7,2030,demand,0.45146117668273505
44,8,2030,demand,0.47615340011888174
44,9,2030,demand,0.5072919017373313
44,10,2030,demand,0.5424939570120454
44,11,2030,demand,0.5561094325764198
44,12,2030,demand,0.5637993256031308
44,13,2030,demand,0.5670308391087527
44,14,2030,demand,0.5659904888427877
44,15,2030,demand,0.5525444609367443
44,16,2030,demand,0.5410072912345243
44,17,2030,demand,0.5375606428832702
44,18,2030,demand,0.5640957481366952
44,19,2030,demand,0.5880096607300945
44,20,2030,demand,0.6021882634840866
44,21,2030,demand,0.6170506435882213
44,22,2030,demand,0.6016388785212292
44,23,2030,demand,0.5677550263912481
44,24,2030,demand,0.5545846271719292
44,1,2030,solar,0.0
44,2,2030,solar,0.0
44,3,2030,solar,0.0
44,4,2030,solar,0.0
44,5,2030,solar,0.0
44,6,2030,solar,0.0
44,7,2030,solar,0.0
44,8,2030,solar,0.0
44,9,2030,solar,0.042390520158557835
44,10,2030,solar,0.1356970917933646
44,11,2030,solar,0.22493811438519903
44,12,2030,solar,0.29559224201305273
44,13,2030,solar,0.32409595420312537
44,14,2030,solar,0.2944809448500409
44,15,2030,solar,0.22793738035586297
44,16,2030,solar,0.1465679844075847
44,17,2030,solar,0.057171198014368714
44,18,2030,solar,0.0
44,19,2030,solar,0.0
44,20,2030,solar,0.0
44,21,2030,solar,0.0
44,22,2030,solar,0.0
44,23,2030,solar,0.0
44,24,2030,solar,0.0
44,1,2030,wind_offshore,0.06272955942412761
44,2,2030,wind_offshore,0.026837466446610128
44,3,2030,wind_offshore,0.02619833002745509
44,4,2030,wind_offshore,0.0483123276800416
44,5,2030,wind_offshore,0.07243416962825301
44,6,2030,wind_offshore,0.09627489390914352
44,7,2030,wind_offshore,0.12761562024261328
44,8,2030,wind_offshore,0.17064594854623774
44,9,2030,wind_offshore,0.22111100822843482
44,10,2030,wind_offshore,0.29261564464253004
44,11,2030,wind_offshore,0.24390868102951516
44,12,2030,wind_offshore,0.28306320523111106
44,13,2030,wind_offshore,0.3714052986458384
44,14,2030,wind_offshore,0.4814443863466394
44,15,2030,wind_offshore,0.5879200345562917
44,16,2030,wind_offshore,0.6643037937739801
44,17,2030,wind_offshore,0.694958987739702
44,18,2030,wind_offshore,0.7613284640938249
44,19,2030,wind_offshore,0.8211844476373795
44,20,2030,wind_offshore,0.8481342781357127
44,21,2030,wind_offshore,0.833737670602243
44,22,2030,wind_offshore,0.7992315343489805
44,23,2030,wind_offshore,0.6155303294871061
44,24,2030,wind_offshore,0.6291482497104725
44,1,2030,wind_onshore,0.13648898256310765
44,2,2030,wind_onshore,0.13183970619330207
44,3,2030,wind_onshore,0.1266911688986296
44,4,2030,wind_onshore,0.12108939300694377
44,5,2030,wind_onshore,0.11960831088838869
44,6,2030,wind_onshore,0.1195819071472786
44,7,2030,wind_onshore,0.11754206500205831
44,8,2030,wind_onshore,0.11147618346690191
44,9,2030,wind_onshore,0.10354898173954682
44,10,2030,wind_onshore,0.09979432546200573
44,11,2030,wind_onshore,0.08893442255616138
44,12,2030,wind_onshore,0.09353020118970375
44,13,2030,wind_onshore,0.12522454201260533
44,14,2030,wind_onshore,0.1636440823658848
44,15,2030,wind_onshore,0.17690642803496387
44,16,2030,wind_onshore,0.16401028388958305
44,17,2030,wind_onshore,0.15106818351771106
44,18,2030,wind_onshore,0.146256968746813
44,19,2030,wind_onshore,0.1454584437216664
44,20,2030,wind_onshore,0.1496499467747285
44,21,2030,wind_onshore,0.15646336322413845
44,22,2030,wind_onshore,0.15976429175452755
44,23,2030,wind_onshore,0.14233663051652512
44,24,2030,wind_onshore,0.15033400248522372
45,1,2030,demand,0.5183494550724184
45,2,2030,demand,0.5077434083070049
45,3,2030,demand,0.4965554680833794
45,4,2030,demand,0.485798216212012
45,5,2030,demand,0.4844844251406993
45,6,2030,demand,0.474724058946972
45,7,2030,demand,0.46899708085115377
45,8,2030,demand,0.4931492208378663
45,9,2030,demand,0.526483164001873
45,10,2030,demand,0.5585503523254307
45,11,2030,demand,0.5775371150077053
45,12,2030,demand,0.590746630006882
45,13,2030,demand,0.5968052120386769
45,14,2030,demand,0.5920960472101096
45,15,2030,demand,0.5843563483405163
45,16,2030,demand,0.580626240401192
45,17,2030,demand,0.5772012513919751
45,18,2030,demand,0.5779660757316665
45,19,2030,demand,0.579863261418333
45,20,2030,demand,0.5870542414100557
45,21,2030,demand,0.5941533809751378
45,22,2030,demand,0.5760933085743656
45,23,2030,demand,0.5450615779603261
45,24,2030,demand,0.5349647368578334
45,1,2030,solar,0.0
45,2,2030,solar,0.0
45,3,2030,solar,0.0
45,4,2030,solar,0.0
45,5,2030,solar,0.0
45,6,2030,solar,0.00028442514901312816
45,7,2030,solar,0.026420590194629792
45,8,2030,solar,0.1481988329249445
45,9,2030,solar,0.31801233269522117
45,10,2030,solar,0.4766601965238276
45,11,2030,solar,0.5838297254130147
45,12,2030,solar,0.6450837055391023
45,13,2030,solar,0.6601653273151846
45,14,2030,solar,0.6322068192215881
45,15,2030,solar,0.5678585407580798
45,16,2030,solar,0.4799447883157105
45,17,2030,solar,0.3584399495187113
45,18,2030,solar,0.2179297956854002
45,19,2030,solar,0.06766143131994504
45,20,2030,solar,0.005035178586221148
45,21,2030,solar,0.0
45,22,2030,solar,0.0
45,23,2030,solar,0.0
45,24,2030,solar,0.0
45,1,2030,wind_offshore,0.9422731001701562
45,2,2030,wind_offshore,0.9407759540323712
45,3,2030,wind_offshore,0.9463432327261683
45,4,2030,wind_offshore,0.945707195353796
45,5,2030,wind_offshore,0.9433097910201702
45,6,2030,wind_offshore,0.9307857873411907
45,7,2030,wind_offshore,0.940186910295122
45,8,2030,wind_offshore,0.947677782451811
45,9,2030,wind_offshore,0.9493304608542772
45,10,2030,wind_offshore,0.9393280318940649
45,11,2030,wind_offshore,0.9366359999692409
45,12,2030,wind_offshore,0.9174317283053104
45,13,2030,wind_offshore,0.9043346007406691
45,14,2030,wind_offshore,0.9080287372932505
45,15,2030,wind_offshore,0.9114828991560188
45,16,2030,wind_offshore,0.9237032271212511
45,17,2030,wind_offshore,0.8928156983746185
45,18,2030,wind_offshore,0.8579808936460573
45,19,2030,wind_offshore,0.8511646797231059
45,20,2030,wind_offshore,0.8143905852406343
45,21,2030,wind_offshore,0.7604391095780998
45,22,2030,wind_offshore,0.7150624103178227
45,23,2030,wind_offshore,0.5556217710800841
45,24,2030,wind_offshore,0.4390973301794392
45,1,2030,wind_onshore,0.2570755636301815
45,2,2030,wind_onshore,0.22847696430395065
45,3,2030,wind_onshore,0.2035644899238243
45,4,2030,wind_onshore,0.17664164178816444
45,5,2030,wind_onshore,0.15163247245888
45,6,2030,wind_onshore,0.13249536517276794
45,7,2030,wind_onshore,0.11876908997414716
45,8,2030,wind_onshore,0.0925973924432384
45,9,2030,wind_onshore,0.07309470512983543
45,10,2030,wind_onshore,0.06230974276407702
45,11,2030,wind_onshore,0.05725376595687556
45,12,2030,wind_onshore,0.054774198847255026
45,13,2030,wind_onshore,0.06355507377789063
45,14,2030,wind_onshore,0.07694749910866634
45,15,2030,wind_onshore,0.09959066131563804
45,16,2030,wind_onshore,0.12550879753443336
45,17,2030,wind_onshore,0.14926131508234144
45,18,2030,wind_onshore,0.1764256989785101
45,19,2030,wind_onshore,0.18142514056724515
45,20,2030,wind_onshore,0.18083810820393015
45,21,2030,wind_onshore,0.17926475475226394
45,22,2030,wind_onshore,0.16659920684124854
45,23,2030,wind_onshore,0.1472514989787258
45,24,2030,wind_onshore,0.13022528022869811
46,1,2030,demand,0.4997724420525064
46,2,2030,demand,0.49505979718679693
46,3,2030,demand,0.48796899975723895
46,4,2030,demand,0.4800947629357064
46,5,2030,demand,0.4899672857823869
46,6,2030,demand,0.5157566893890221
46,7,2030,demand,0.5502796572097743
46,8,2030,demand,0.5840133728622745
46,9,2030,demand,0.6171376991991352
46,10,2030,demand,0.6339360004110324
46,11,2030,demand,0.643063038120488
46,12,2030,demand,0.6483351645073224
46,13,2030,demand,0.6443744582331679
46,14,2030,demand,0.6317042593531843
46,15,2030,demand,0.6337321041799207
46,16,2030,demand,0.62959427983809
46,17,2030,demand,0.6285537479045624
46,18,2030,demand,0.6216225029231929
46,19,2030,demand,0.6279500916990806
46,20,2030,demand,0.6381177306635184
46,21,2030,demand,0.6326123148636631
46,22,2030,demand,0.5900133091978917
46,23,2030,demand,0.549317804268157
46,24,2030,demand,0.5388599523836088
46,1,2030,solar,0.0
46,2,2030,solar,0.0
46,3,2030,solar,0.0
46,4,2030,solar,0.0
46,5,2030,solar,0.0
46,6,2030,solar,0.00028698624200801934
46,7,2030,solar,0.012199226766220895
46,8,2030,solar,0.1145875992917995
46,9,2030,solar,0.2974521329888043
46,10,2030,solar,0.47610448368214514
46,11,2030,solar,0.5897267162700134
46,12,2030,solar,0.6588858001930211
46,13,2030,solar,0.6714167718392561
46,14,2030,solar,0.6452762667013909
46,15,2030,solar,0.5634657558759273
46,16,2030,solar,0.4515547980298027
46,17,2030,solar,0.3295646851373681
46,18,2030,solar,0.1815175986014611
46,19,2030,solar,0.04556805396436
46,20,2030,solar,0.0016837901927476372
46,21,2030,solar,0.0
46,22,2030,solar,0.0
46,23,2030,solar,0.0
46,24,2030,solar,0.0
46,1,2030,wind_offshore,0.30197552434655117
46,2,2030,wind_offshore,0.29581058539865274
46,3,2030,wind_offshore,0.2999783801807015
46,4,2030,wind_offshore,0.345832452119378
46,5,2030,wind_offshore,0.38924276485791787
46,6,2030,wind_offshore,0.3801602622461124
46,7,2030,wind_offshore,0.3561842862441181
46,8,2030,wind_offshore,0.34958398511853817
46,9,2030,wind_offshore,0.36093503237340163
46,10,2030,wind_offshore,0.3741003928715131
46,11,2030,wind_offshore,0.3692608689529904
46,12,2030,wind_offshore,0.3940546771012572
46,13,2030,wind_offshore,0.42649682590049487
46,14,2030,wind_offshore,0.4404619731035656
46,15,2030,wind_offshore,0.4473674691159138
46,16,2030,wind_offshore,0.4697454971430029
46,17,2030,wind_offshore,0.48962456386321396
46,18,2030,wind_offshore,0.4949503970959457
46,19,2030,wind_offshore,0.49641101804099647
46,20,2030,wind_offshore,0.5004229021865609
46,21,2030,wind_offshore,0.48044872581740083
46,22,2030,wind_offshore,0.46556107490351334
46,23,2030,wind_offshore,0.4404584842671586
46,24,2030,wind_offshore,0.4145473448536967
46,1,2030,wind_onshore,0.16439312541484247
46,2,2030,wind_onshore,0.1524258943769352
46,3,2030,wind_onshore,0.14265976337342925
46,4,2030,wind_onshore,0.13766608826702106
46,5,2030,wind_onshore,0.1326184107819128
46,6,2030,wind_onshore,0.13137229557959113
46,7,2030,wind_onshore,0.13302762051396175
46,8,2030,wind_onshore,0.13462563486282142
46,9,2030,wind_onshore,0.13816858625131162
46,10,2030,wind_onshore,0.15717484988009156
46,11,2030,wind_onshore,0.1667911820834792
46,12,2030,wind_onshore,0.20098666909455082
46,13,2030,wind_onshore,0.2282027842623847
46,14,2030,wind_onshore,0.2582896273407599
46,15,2030,wind_onshore,0.29377779258710723
46,16,2030,wind_onshore,0.32922311800405096
46,17,2030,wind_onshore,0.3534385040397516
46,18,2030,wind_onshore,0.36024146109588645
46,19,2030,wind_onshore,0.35359562310966036
46,20,2030,wind_onshore,0.3604990079166186
46,21,2030,wind_onshore,0.3646586788243625
46,22,2030,wind_onshore,0.34419344969515586
46,23,2030,wind_onshore,0.2917916552091664
46,24,2030,wind_onshore,0.28210686730259976
47,1,2030,demand,0.533526730277541
47,2,2030,demand,0.5079789043501204
47,3,2030,demand,0.49670763785610117
47,4,2030,demand,0.48614493262893754
47,5,2030,demand,0.4928400767152066
47,6,2030,demand,0.5137309566736137
47,7,2030,demand,0.5541567187898109
47,8,2030,demand,0.595887064515084
47,9,2030,demand,0.6400156438325839
47,10,2030,demand,0.662121322822596
47,11,2030,demand,0.6692672816701412
47,12,2030,demand,0.6688668383272192
47,13,2030,demand,0.6600591933464359
47,14,2030,demand,0.6494757040679184
47,15,2030,demand,0.6345984037902812
47,16,2030,demand,0.6217311571575777
47,17,2030,demand,0.6145635013045219
47,18,2030,demand,0.6317336192549673
47,19,2030,demand,0.665027459926251
47,20,2030,demand,0.6883304551515543
47,21,2030,demand,0.6894933165122108
47,22,2030,demand,0.6561063877006215
47,23,2030,demand,0.6003010446212856
47,24,2030,demand,0.572887701189225
47,1,2030,solar,0.0
47,2,2030,solar,0.0
47,3,2030,solar,0.0
47,4,2030,solar,0.0
47,5,2030,solar,0.0
47,6,2030,solar,0.0
47,7,2030,solar,0.0
47,8,2030,solar,0.0017746684900929127
47,9,2030,solar,0.1643874009544366
47,10,2030,solar,0.3795627149076824
47,11,2030,solar,0.5388522311766994
47,12,2030,solar,0.6301124179522664
47,13,2030,solar,0.6938388817096616
47,14,2030,solar,0.7020221148469175
47,15,2030,solar,0.6150219355041862
47,16,2030,solar,0.4705816457488949
47,17,2030,solar,0.2940552676709375
47,18,2030,solar,0.11477453990223231
47,19,2030,solar,1.0805938409849523e-6
47,20,2030,solar,0.0
47,21,2030,solar,0.0
47,22,2030,solar,0.0
47,23,2030,solar,0.0
47,24,2030,solar,0.0
47,1,2030,wind_offshore,0.9493330795842005
47,2,2030,wind_offshore,0.9447813994469265
47,3,2030,wind_offshore,0.9432203006043893
47,4,2030,wind_offshore,0.9540051076455494
47,5,2030,wind_offshore,0.9485375012018603
47,6,2030,wind_offshore,0.9555493041453095
47,7,2030,wind_offshore,0.9581148962246169
47,8,2030,wind_offshore,0.9696522225292005
47,9,2030,wind_offshore,0.9601406424540073
47,10,2030,wind_offshore,0.958886147550642
47,11,2030,wind_offshore,0.9676494547568694
47,12,2030,wind_offshore,0.9645015587977395
47,13,2030,wind_offshore,0.9668784031391562
47,14,2030,wind_offshore,0.9740152398260491
47,15,2030,wind_offshore,0.9746403460642952
47,16,2030,wind_offshore,0.9818731611941254
47,17,2030,wind_offshore,0.9768351107561344
47,18,2030,wind_offshore,0.9692792910162269
47,19,2030,wind_offshore,0.9693162139181888
47,20,2030,wind_offshore,0.9740877218060737
47,21,2030,wind_offshore,0.9700776459137057
47,22,2030,wind_offshore,0.9748198628236233
47,23,2030,wind_offshore,0.9697213728570788
47,24,2030,wind_offshore,0.9763957657644508
47,1,2030,wind_onshore,0.7925063827029981
47,2,2030,wind_onshore,0.7863327848944646
47,3,2030,wind_onshore,0.7688015245081607
47,4,2030,wind_onshore,0.7710817144605363
47,5,2030,wind_onshore,0.7578652399603536
47,6,2030,wind_onshore,0.7404985184593544
47,7,2030,wind_onshore,0.7459301512087988
47,8,2030,wind_onshore,0.7538642186276259
47,9,2030,wind_onshore,0.7420110850131534
47,10,2030,wind_onshore,0.7477215319768622
47,11,2030,wind_onshore,0.7341949103304637
47,12,2030,wind_onshore,0.7305880303458616
47,13,2030,wind_onshore,0.7310560445699847
47,14,2030,wind_onshore,0.7447902819416901
47,15,2030,wind_onshore,0.7533944153611509
47,16,2030,wind_onshore,0.7581495679505044
47,17,2030,wind_onshore,0.7639973132850044
47,18,2030,wind_onshore,0.7271542307732068
47,19,2030,wind_onshore,0.6942297961328898
47,20,2030,wind_onshore,0.6660957688613294
47,21,2030,wind_onshore,0.6445464213171507
47,22,2030,wind_onshore,0.6103101157969502
47,23,2030,wind_onshore,0.5731474848337264
47,24,2030,wind_onshore,0.5589154652113323
48,1,2030,demand,0.49452984884616996
48,2,2030,demand,0.4792076394002801
48,3,2030,demand,0.46203110241220063
48,4,2030,demand,0.4590602072240282
48,5,2030,demand,0.46058287811296145
48,6,2030,demand,0.4791079750955823
48,7,2030,demand,0.5083601205098315
48,8,2030,demand,0.5432808796173497
48,9,2030,demand,0.57004314521846
48,10,2030,demand,0.5873255754770885
48,11,2030,demand,0.5814740407729434
48,12,2030,demand,0.5877715569733732
48,13,2030,demand,0.5871584256340544
48,14,2030,demand,0.563303800580522
48,15,2030,demand,0.5556924060350746
48,16,2030,demand,0.5514365758107275
48,17,2030,demand,0.5473177349597822
48,18,2030,demand,0.552478689290219
48,19,2030,demand,0.5763671568225802
48,20,2030,demand,0.6029699856872675
48,21,2030,demand,0.5980227042808735
48,22,2030,demand,0.5682662848282718
48,23,2030,demand,0.5263465058573557
48,24,2030,demand,0.5104934604517992
48,1,2030,solar,0.0
48,2,2030,solar,0.0
48,3,2030,solar,0.0
48,4,2030,solar,0.0
48,5,2030,solar,0.0
48,6,2030,solar,0.0
48,7,2030,solar,0.010302455329936767
48,8,2030,solar,0.1524532929076503
48,9,2030,solar,0.3778264544670841
48,10,2030,solar,0.5732314346821543
48,11,2030,solar,0.7308241847664334
48,12,2030,solar,0.8274804286682402
48,13,2030,solar,0.8533746611204215
48,14,2030,solar,0.8228994126892916
48,15,2030,solar,0.7047770598367089
48,16,2030,solar,0.575496041003734
48,17,2030,solar,0.41597075189381494
48,18,2030,solar,0.234777113014928
48,19,2030,solar,0.0548241185799642
48,20,2030,solar,9.465612482741726e-7
48,21,2030,solar,0.0
48,22,2030,solar,0.0
48,23,2030,solar,0.0
48,24,2030,solar,0.0
48,1,2030,wind_offshore,0.5890440126736713
48,2,2030,wind_offshore,0.6413822534295032
48,3,2030,wind_offshore,0.6840167249926558
48,4,2030,wind_offshore,0.7771475921123269
48,5,2030,wind_offshore,0.8206064613814178
48,6,2030,wind_offshore,0.8572228949929925
48,7,2030,wind_offshore,0.8659930092943354
48,8,2030,wind_offshore,0.8782889225401964
48,9,2030,wind_offshore,0.8374543116388408
48,10,2030,wind_offshore,0.7914915255369831
48,11,2030,wind_offshore,0.5457280076386775
48,12,2030,wind_offshore,0.46530800875744566
48,13,2030,wind_offshore,0.38943843929519156
48,14,2030,wind_offshore,0.32756854779629296
48,15,2030,wind_offshore,0.3492514100694656
48,16,2030,wind_offshore,0.39116417787138863
48,17,2030,wind_offshore,0.39825910469274034
48,18,2030,wind_offshore,0.4405833518538301
48,19,2030,wind_offshore,0.5061624109956542
48,20,2030,wind_offshore,0.5337504355746241
48,21,2030,wind_offshore,0.5519704973047899
48,22,2030,wind_offshore,0.5611435091221358
48,23,2030,wind_offshore,0.47034707850101365
48,24,2030,wind_offshore,0.4546956918874161
48,1,2030,wind_onshore,0.17785976319976401
48,2,2030,wind_onshore,0.17368528356747912
48,3,2030,wind_onshore,0.18430615409314896
48,4,2030,wind_onshore,0.19745482795798008
48,5,2030,wind_onshore,0.20859020954928542
48,6,2030,wind_onshore,0.22544882100626257
48,7,2030,wind_onshore,0.23761034487873833
48,8,2030,wind_onshore,0.24039043642934463
48,9,2030,wind_onshore,0.266411929319289
48,10,2030,wind_onshore,0.3001458994369194
48,11,2030,wind_onshore,0.31594929292220636
48,12,2030,wind_onshore,0.352166236571131
48,13,2030,wind_onshore,0.3762942372278159
48,14,2030,wind_onshore,0.3980490104512777
48,15,2030,wind_onshore,0.42268302685295395
48,16,2030,wind_onshore,0.4344248055171256
48,17,2030,wind_onshore,0.43939845192692606
48,18,2030,wind_onshore,0.39164515977818254
48,19,2030,wind_onshore,0.3367902505895625
48,20,2030,wind_onshore,0.25986629433970954
48,21,2030,wind_onshore,0.22499940026272905
48,22,2030,wind_onshore,0.18486722463963412
48,23,2030,wind_onshore,0.20130675812389537
48,24,2030,wind_onshore,0.175287409471679
49,1,2030,demand,0.5039191704749405
49,2,2030,demand,0.5051158901037759
49,3,2030,demand,0.49718967290948307
49,4,2030,demand,0.4886112919094153
49,5,2030,demand,0.49732904856427557
49,6,2030,demand,0.5197554701153568
49,7,2030,demand,0.5560964797290804
49,8,2030,demand,0.5867799893836789
49,9,2030,demand,0.6159696400461687
49,10,2030,demand,0.6334100481294984
49,11,2030,demand,0.6411403017669832
49,12,2030,demand,0.6502952865847509
49,13,2030,demand,0.6446602570177513
49,14,2030,demand,0.6307481032590547
49,15,2030,demand,0.6253867820129815
49,16,2030,demand,0.6255610035780927
49,17,2030,demand,0.620066198632788
49,18,2030,demand,0.6218834833015168
49,19,2030,demand,0.6207430170529019
49,20,2030,demand,0.6257541965746904
49,21,2030,demand,0.6140000136592151
49,22,2030,demand,0.5806868264964067
49,23,2030,demand,0.5405652512960767
49,24,2030,demand,0.5303306157230392
49,1,2030,solar,0.0
49,2,2030,solar,0.0
49,3,2030,solar,0.0
49,4,2030,solar,0.0
49,5,2030,solar,0.0
49,6,2030,solar,0.00014590962939006557
49,7,2030,solar,0.0435335508096837
49,8,2030,solar,0.20844396570491952
49,9,2030,solar,0.4030649628234432
49,10,2030,solar,0.5689796101762968
49,11,2030,solar,0.6699581967040469
49,12,2030,solar,0.7330217805787861
49,13,2030,solar,0.7538604712411443
49,14,2030,solar,0.7376442591927627
49,15,2030,solar,0.6737767870735711
49,16,2030,solar,0.5848695104913089
49,17,2030,solar,0.4392723169703635
49,18,2030,solar,0.2628382785583636
49,19,2030,solar,0.0851899493331753
49,20,2030,solar,0.0022965595141813174
49,21,2030,solar,0.0
49,22,2030,solar,0.0
49,23,2030,solar,0.0
49,24,2030,solar,0.0
49,1,2030,wind_offshore,0.13820765141822627
49,2,2030,wind_offshore,0.04298996717217342
49,3,2030,wind_offshore,0.12147309572225248
49,4,2030,wind_offshore,0.1306673492334814
49,5,2030,wind_offshore,0.09796492120024586
49,6,2030,wind_offshore,0.03673462223011609
49,7,2030,wind_offshore,0.017834409740502287
49,8,2030,wind_offshore,0.028180459341364168
49,9,2030,wind_offshore,0.05651237923883061
49,10,2030,wind_offshore,0.10177670016372833
49,11,2030,wind_offshore,0.16005287553270048
49,12,2030,wind_offshore,0.2418108100515206
49,13,2030,wind_offshore,0.3439764085519177
49,14,2030,wind_offshore,0.42602256361899793
49,15,2030,wind_offshore,0.48244688255199697
49,16,2030,wind_offshore,0.5419963582501318
49,17,2030,wind_offshore,0.581894683307538
49,18,2030,wind_offshore,0.5937178762727735
49,19,2030,wind_offshore,0.5734155322616211
49,20,2030,wind_offshore,0.48654852703019846
49,21,2030,wind_offshore,0.33088955383627416
49,22,2030,wind_offshore,0.2534675331360074
49,23,2030,wind_offshore,0.20686909670850676
49,24,2030,wind_offshore,0.14395343154252688
49,1,2030,wind_onshore,0.24223032852232718
49,2,2030,wind_onshore,0.2167077924923259
49,3,2030,wind_onshore,0.19698646375266463
49,4,2030,wind_onshore,0.1850383193243321
49,5,2030,wind_onshore,0.18224086075072263
49,6,2030,wind_onshore,0.17979288420695094
49,7,2030,wind_onshore,0.16423306005078636
49,8,2030,wind_onshore,0.12585736693648458
49,9,2030,wind_onshore,0.10909682272337892
49,10,2030,wind_onshore,0.11465527333463106
49,11,2030,wind_onshore,0.10717704320383581
49,12,2030,wind_onshore,0.12960353304484157
49,13,2030,wind_onshore,0.16402046278227725
49,14,2030,wind_onshore,0.20047594277736458
49,15,2030,wind_onshore,0.2325622050479259
49,16,2030,wind_onshore,0.2575107206642527
49,17,2030,wind_onshore,0.28107632728890497
49,18,2030,wind_onshore,0.28755483764947065
49,19,2030,wind_onshore,0.2738315766131728
49,20,2030,wind_onshore,0.2643372795380142
49,21,2030,wind_onshore,0.27352333713542065
49,22,2030,wind_onshore,0.27056640009386734
49,23,2030,wind_onshore,0.26362888599959244
49,24,2030,wind_onshore,0.2500517695868113
50,1,2030,demand,0.5304493028065843
50,2,2030,demand,0.5162483623158779
50,3,2030,demand,0.5102551432885254
50,4,2030,demand,0.5042575064348861
50,5,2030,demand,0.5049017590557928
50,6,2030,demand,0.5402702740305121
50,7,2030,demand,0.5851528193591824
50,8,2030,demand,0.634810678252115
50,9,2030,demand,0.6806165825825758
50,10,2030,demand,0.6983929838571658
50,11,2030,demand,0.7001894420092234
50,12,2030,demand,0.7098261845388626
50,13,2030,demand,0.6990610679327202
50,14,2030,demand,0.6875118169509251
50,15,2030,demand,0.6695073549402815
50,16,2030,demand,0.6615681271675722
50,17,2030,demand,0.6534502004796756
50,18,2030,demand,0.6684799760915108
50,19,2030,demand,0.7006375980219947
50,20,2030,demand,0.7255320123158319
50,21,2030,demand,0.7230486333346019
50,22,2030,demand,0.6833209120320798
50,23,2030,demand,0.6180102858256433
50,24,2030,demand,0.5903833800115645
50,1,2030,solar,0.0
50,2,2030,solar,0.0
50,3,2030,solar,0.0
50,4,2030,solar,0.0
50,5,2030,solar,0.0
50,6,2030,solar,0.0
50,7,2030,solar,0.0
50,8,2030,solar,0.0
50,9,2030,solar,0.029035307245737746
50,10,2030,solar,0.10386917277291616
50,11,2030,solar,0.17614902139655753
50,12,2030,solar,0.24106805856169503
50,13,2030,solar,0.2885198825598132
50,14,2030,solar,0.27481391280261985
50,15,2030,solar,0.221061025898001
50,16,2030,solar,0.1431742989379715
50,17,2030,solar,0.06334294794788237
50,18,2030,solar,0.0013935470181948902
50,19,2030,solar,0.0
50,20,2030,solar,0.0
50,21,2030,solar,0.0
50,22,2030,solar,0.0
50,23,2030,solar,0.0
50,24,2030,solar,0.0
50,1,2030,wind_offshore,0.33861787274867217
50,2,2030,wind_offshore,0.2880142035498944
50,3,2030,wind_offshore,0.3947885993303283
50,4,2030,wind_offshore,0.6987845782046282
50,5,2030,wind_offshore,0.9063329279397925
50,6,2030,wind_offshore,0.9175241155439469
50,7,2030,wind_offshore,0.9319227289381684
50,8,2030,wind_offshore,0.9442605612797448
50,9,2030,wind_offshore,0.9397760075630369
50,10,2030,wind_offshore,0.9023329384684378
50,11,2030,wind_offshore,0.8843859415554194
50,12,2030,wind_offshore,0.7811081759175593
50,13,2030,wind_offshore,0.7711586033832012
50,14,2030,wind_offshore,0.7045314702137605
50,15,2030,wind_offshore,0.5545978981464008
50,16,2030,wind_offshore,0.8079561094329742
50,17,2030,wind_offshore,0.940718772474618
50,18,2030,wind_offshore,0.9436320318813636
50,19,2030,wind_offshore,0.950546082482415
50,20,2030,wind_offshore,0.9524441899631955
50,21,2030,wind_offshore,0.9633296704771326
50,22,2030,wind_offshore,0.9739997272378456
50,23,2030,wind_offshore,0.9678891251185198
50,24,2030,wind_offshore,0.9615811869124091
50,1,2030,wind_onshore,0.44085473829027333
50,2,2030,wind_onshore,0.43737879554299675
50,3,2030,wind_onshore,0.45659023095744083
50,4,2030,wind_onshore,0.47282218115358654
50,5,2030,wind_onshore,0.4878748937076128
50,6,2030,wind_onshore,0.49477399553532253
50,7,2030,wind_onshore,0.5037145989118902
50,8,2030,wind_onshore,0.5252752169228756
50,9,2030,wind_onshore,0.5433369871599749
50,10,2030,wind_onshore,0.5580331619248424
50,11,2030,wind_onshore,0.5614530227841854
50,12,2030,wind_onshore,0.6102173338709793
50,13,2030,wind_onshore,0.635641014902292
50,14,2030,wind_onshore,0.6610932225148344
50,15,2030,wind_onshore,0.667548523829278
50,16,2030,wind_onshore,0.65671647293348
50,17,2030,wind_onshore,0.6535796471348876
50,18,2030,wind_onshore,0.6744116196420278
50,19,2030,wind_onshore,0.6921559095263825
50,20,2030,wind_onshore,0.6978568116470447
50,21,2030,wind_onshore,0.6940442283762579
50,22,2030,wind_onshore,0.6848991958736361
50,23,2030,wind_onshore,0.6993842389529947
50,24,2030,wind_onshore,0.7022962821083949
51,1,2030,demand,0.517454339171856
51,2,2030,demand,0.49945174305004414
51,3,2030,demand,0.4857013290276395
51,4,2030,demand,0.47515212297404186
51,5,2030,demand,0.48620272499833905
51,6,2030,demand,0.5147789499470115
51,7,2030,demand,0.5608449379540545
51,8,2030,demand,0.6125863033432852
51,9,2030,demand,0.6415039618072438
51,10,2030,demand,0.6640884180115654
51,11,2030,demand,0.6747744597207124
51,12,2030,demand,0.6728198529650316
51,13,2030,demand,0.6776709712415181
51,14,2030,demand,0.6589539630648849
51,15,2030,demand,0.6405202167567374
51,16,2030,demand,0.6307270219220626
51,17,2030,demand,0.6302904250804366
51,18,2030,demand,0.6444263668362359
51,19,2030,demand,0.6754822357978623
51,20,2030,demand,0.6908390213853167
51,21,2030,demand,0.6880633261875723
51,22,2030,demand,0.6413319622050258
51,23,2030,demand,0.5863348426216005
51,24,2030,demand,0.565684197510381
51,1,2030,solar,0.0
51,2,2030,solar,0.0
51,3,2030,solar,0.0
51,4,2030,solar,0.0
51,5,2030,solar,0.0
51,6,2030,solar,0.0
51,7,2030,solar,0.0
51,8,2030,solar,0.0
51,9,2030,solar,0.051107777467735815
51,10,2030,solar,0.14940154191627114
51,11,2030,solar,0.23475887552544256
51,12,2030,solar,0.29591484296613213
51,13,2030,solar,0.3091061899382347
51,14,2030,solar,0.27770223831243995
51,15,2030,solar,0.22564129656949175
51,16,2030,solar,0.16299214219201197
51,17,2030,solar,0.09852685550874002
51,18,2030,solar,0.030959957063229772
51,19,2030,solar,0.0
51,20,2030,solar,0.0
51,21,2030,solar,0.0
51,22,2030,solar,0.0
51,23,2030,solar,0.0
51,24,2030,solar,0.0
51,1,2030,wind_offshore,0.007486732962121715
51,2,2030,wind_offshore,0.00785045728997251
51,3,2030,wind_offshore,0.008265089874572635
51,4,2030,wind_offshore,0.006925212384914239
51,5,2030,wind_offshore,0.00808610470107219
51,6,2030,wind_offshore,0.0030296878261038287
51,7,2030,wind_offshore,0.002820090085597326
51,8,2030,wind_offshore,0.010309618736186334
51,9,2030,wind_offshore,0.042586571464316644
51,10,2030,wind_offshore,0.12119324440305823
51,11,2030,wind_offshore,0.20495547903054917
51,12,2030,wind_offshore,0.31252367488547317
51,13,2030,wind_offshore,0.4170249116286718
51,14,2030,wind_offshore,0.5158581740337458
51,15,2030,wind_offshore,0.5709888724448231
51,16,2030,wind_offshore,0.5824901300472809
51,17,2030,wind_offshore,0.6888788619400767
51,18,2030,wind_offshore,0.7069686630043619
51,19,2030,wind_offshore,0.7535347358106226
51,20,2030,wind_offshore,0.8074840785639459
51,21,2030,wind_offshore,0.8741368947041962
51,22,2030,wind_offshore,0.8989709254133573
51,23,2030,wind_offshore,0.7712751063658256
51,24,2030,wind_offshore,0.8435188400715038
51,1,2030,wind_onshore,0.295782874301713
51,2,2030,wind_onshore,0.280749375128428
51,3,2030,wind_onshore,0.28170416497565276
51,4,2030,wind_onshore,0.27224265522061
51,5,2030,wind_onshore,0.26971955199188613
51,6,2030,wind_onshore,0.2568594357695969
51,7,2030,wind_onshore,0.23761773234655104
51,8,2030,wind_onshore,0.23085363713172236
51,9,2030,wind_onshore,0.23483324698237096
51,10,2030,wind_onshore,0.2369260423452335
51,11,2030,wind_onshore,0.2937507430537011
51,12,2030,wind_onshore,0.3402909251118859
51,13,2030,wind_onshore,0.38836411097656476
51,14,2030,wind_onshore,0.4191133937861832
51,15,2030,wind_onshore,0.4246699010472351
51,16,2030,wind_onshore,0.41611249167636755
51,17,2030,wind_onshore,0.39676975849631196
51,18,2030,wind_onshore,0.3718782208666036
51,19,2030,wind_onshore,0.3650713396533154
51,20,2030,wind_onshore,0.36937250462428806
51,21,2030,wind_onshore,0.38628027077040183
51,22,2030,wind_onshore,0.4043192155025163
51,23,2030,wind_onshore,0.39599626730019605
51,24,2030,wind_onshore,0.4218356257245859
52,1,2030,demand,0.5410582262174654
52,2,2030,demand,0.5272010051210034
52,3,2030,demand,0.517338290418283
52,4,2030,demand,0.4980293941380116
52,5,2030,demand,0.49833397785962624
52,6,2030,demand,0.5148371648463077
52,7,2030,demand,0.5591274691615273
52,8,2030,demand,0.6009087738119637
52,9,2030,demand,0.642853538841156
52,10,2030,demand,0.656078215932164
52,11,2030,demand,0.6544999671460181
52,12,2030,demand,0.6488936930966859
52,13,2030,demand,0.6473318193658922
52,14,2030,demand,0.642875084105568
52,15,2030,demand,0.618632298837933
52,16,2030,demand,0.6182836726158398
52,17,2030,demand,0.6180576288614297
52,18,2030,demand,0.6424208328032976
52,19,2030,demand,0.6611477676261164
52,20,2030,demand,0.6882353704259956
52,21,2030,demand,0.6846047680323424
52,22,2030,demand,0.6486967774930115
52,23,2030,demand,0.5971012307613265
52,24,2030,demand,0.563941458558719
52,1,2030,solar,0.0
52,2,2030,solar,0.0
52,3,2030,solar,0.0
52,4,2030,solar,0.0
52,5,2030,solar,0.0
52,6,2030,solar,0.0
52,7,2030,solar,0.0
52,8,2030,solar,0.00010997188716667694
52,9,2030,solar,0.169726943024444
52,10,2030,solar,0.3948122474693456
52,11,2030,solar,0.5530285152551507
52,12,2030,solar,0.6554969620935572
52,13,2030,solar,0.7077522744525604
52,14,2030,solar,0.6784588701807539
52,15,2030,solar,0.5951494642388233
52,16,2030,solar,0.4709767618692543
52,17,2030,solar,0.3032857023206503
52,18,2030,solar,0.1221384846886276
52,19,2030,solar,0.0
52,20,2030,solar,0.0
52,21,2030,solar,0.0
52,22,2030,solar,0.0
52,23,2030,solar,0.0
52,24,2030,solar,0.0
52,1,2030,wind_offshore,0.7192516263307331
52,2,2030,wind_offshore,0.7074977922940167
52,3,2030,wind_offshore,0.7641107701764732
52,4,2030,wind_offshore,0.7911847407266408
52,5,2030,wind_offshore,0.7464238845805677
52,6,2030,wind_offshore,0.6881687313768228
52,7,2030,wind_offshore,0.7001349530750558
52,8,2030,wind_offshore,0.7190312474215379
52,9,2030,wind_offshore,0.7311333272118814
52,10,2030,wind_offshore,0.7720772044881747
52,11,2030,wind_offshore,0.8493797570441534
52,12,2030,wind_offshore,0.6769540399173724
52,13,2030,wind_offshore,0.5431016210920192
52,14,2030,wind_offshore,0.6239019023155733
52,15,2030,wind_offshore,0.8030556747973122
52,16,2030,wind_offshore,0.9097153218530252
52,17,2030,wind_offshore,0.9352682751501455
52,18,2030,wind_offshore,0.9218264592808865
52,19,2030,wind_offshore,0.9299814125382511
52,20,2030,wind_offshore,0.9141110234949593
52,21,2030,wind_offshore,0.9311016617625913
52,22,2030,wind_offshore,0.9344237379106728
52,23,2030,wind_offshore,0.9347023406926029
52,24,2030,wind_offshore,0.9434853257519984
52,1,2030,wind_onshore,0.13602383231278636
52,2,2030,wind_onshore,0.13729172500512807
52,3,2030,wind_onshore,0.14307298269196586
52,4,2030,wind_onshore,0.155612072636671
52,5,2030,wind_onshore,0.1532088912890494
52,6,2030,wind_onshore,0.15351606689372865
52,7,2030,wind_onshore,0.16353109928050907
52,8,2030,wind_onshore,0.16391403781469843
52,9,2030,wind_onshore,0.16992029131433767
52,10,2030,wind_onshore,0.1448404677884686
52,11,2030,wind_onshore,0.1537718470008152
52,12,2030,wind_onshore,0.18348401908065504
52,13,2030,wind_onshore,0.21916183437930306
52,14,2030,wind_onshore,0.24691051521008708
52,15,2030,wind_onshore,0.29035293709152993
52,16,2030,wind_onshore,0.33983598344160376
52,17,2030,wind_onshore,0.34521990486831894
52,18,2030,wind_onshore,0.34513205950523307
52,19,2030,wind_onshore,0.35708315005330726
52,20,2030,wind_onshore,0.3804499589047202
52,21,2030,wind_onshore,0.3953727331249156
52,22,2030,wind_onshore,0.410481280273046
52,23,2030,wind_onshore,0.44644309904923263
52,24,2030,wind_onshore,0.4706633078161772
53,1,2030,demand,0.507767903830938
53,2,2030,demand,0.4888478783943345
53,3,2030,demand,0.4754770895954943
53,4,2030,demand,0.4642682882190777
53,5,2030,demand,0.457768081692131
53,6,2030,demand,0.45056723306299584
53,7,2030,demand,0.45626304556342756
53,8,2030,demand,0.4883712145570196
53,9,2030,demand,0.5293099990267819
53,10,2030,demand,0.5559209136212508
53,11,2030,demand,0.5657590042033742
53,12,2030,demand,0.5787555379751134
53,13,2030,demand,0.5796194561909518
53,14,2030,demand,0.5730881598758082
53,15,2030,demand,0.5628622492816656
53,16,2030,demand,0.5490631014707306
53,17,2030,demand,0.5459416474236579
53,18,2030,demand,0.5499857653932863
53,19,2030,demand,0.5676566199875477
53,20,2030,demand,0.5885260380938117
53,21,2030,demand,0.593307241641964
53,22,2030,demand,0.5715723505990622
53,23,2030,demand,0.5309138776566498
53,24,2030,demand,0.5131814801786001
53,1,2030,solar,0.0
53,2,2030,solar,0.0
53,3,2030,solar,0.0
53,4,2030,solar,0.0
53,5,2030,solar,0.0
53,6,2030,solar,0.0
53,7,2030,solar,0.0
53,8,2030,solar,0.0
53,9,2030,solar,0.04755729959969669
53,10,2030,solar,0.12133627320151366
53,11,2030,solar,0.19623005971398155
53,12,2030,solar,0.27337403631008034
53,13,2030,solar,0.30369315354761073
53,14,2030,solar,0.27578760583311446
53,15,2030,solar,0.20617284820788695
53,16,2030,solar,0.1279846179788457
53,17,2030,solar,0.04897301163550047
53,18,2030,solar,0.0
53,19,2030,solar,0.0
53,20,2030,solar,0.0
53,21,2030,solar,0.0
53,22,2030,solar,0.0
53,23,2030,solar,0.0
53,24,2030,solar,0.0
53,1,2030,wind_offshore,0.7072459949214007
53,2,2030,wind_offshore,0.7148385017111923
53,3,2030,wind_offshore,0.6721049190216546
53,4,2030,wind_offshore,0.5979046231418954
53,5,2030,wind_offshore,0.4705421183127103
53,6,2030,wind_offshore,0.36822796480954834
53,7,2030,wind_offshore,0.28069649524344104
53,8,2030,wind_offshore,0.2269720334819858
53,9,2030,wind_offshore,0.15862665235015255
53,10,2030,wind_offshore,0.07858308656136964
53,11,2030,wind_offshore,0.03443233207145358
53,12,2030,wind_offshore,0.0036866654611327054
53,13,2030,wind_offshore,1.8053105836901768e-5
53,14,2030,wind_offshore,0.0
53,15,2030,wind_offshore,0.00024984338078296037
53,16,2030,wind_offshore,0.008567582051022165
53,17,2030,wind_offshore,0.03403492160879347
53,18,2030,wind_offshore,0.08055459488647447
53,19,2030,wind_offshore,0.19750807906047707
53,20,2030,wind_offshore,0.40036906252651394
53,21,2030,wind_offshore,0.6643541663528472
53,22,2030,wind_offshore,0.8743864793694673
53,23,2030,wind_offshore,0.9142847107718974
53,24,2030,wind_offshore,0.9162271196406742
53,1,2030,wind_onshore,0.36607146990943434
53,2,2030,wind_onshore,0.3728852441234806
53,3,2030,wind_onshore,0.37165311041038446
53,4,2030,wind_onshore,0.3646554455299619
53,5,2030,wind_onshore,0.3605367260154595
53,6,2030,wind_onshore,0.3552478550822557
53,7,2030,wind_onshore,0.34721645536000056
53,8,2030,wind_onshore,0.34219492600157103
53,9,2030,wind_onshore,0.3323077690173688
53,10,2030,wind_onshore,0.32239362694492907
53,11,2030,wind_onshore,0.31825563003528834
53,12,2030,wind_onshore,0.36982416403270046
53,13,2030,wind_onshore,0.4110051073586315
53,14,2030,wind_onshore,0.4259477340672281
53,15,2030,wind_onshore,0.41417139524921326
53,16,2030,wind_onshore,0.380680510965788
53,17,2030,wind_onshore,0.3171514133998666
53,18,2030,wind_onshore,0.2738911870335821
53,19,2030,wind_onshore,0.2542666676525307
53,20,2030,wind_onshore,0.2510459835087633
53,21,2030,wind_onshore,0.2427848572322206
53,22,2030,wind_onshore,0.23817454417894043
53,23,2030,wind_onshore,0.24456809899270682
53,24,2030,wind_onshore,0.2797684234488178
54,1,2030,demand,0.5387026932138843
54,2,2030,demand,0.5190000019580965
54,3,2030,demand,0.5087204900832141
54,4,2030,demand,0.4970622804356489
54,5,2030,demand,0.5057929228384112
54,6,2030,demand,0.532724043629947
54,7,2030,demand,0.5820378908385808
54,8,2030,demand,0.6326236816175144
54,9,2030,demand,0.673685531923482
54,10,2030,demand,0.6994635134302394
54,11,2030,demand,0.7005091898933851
54,12,2030,demand,0.689827777930405
54,13,2030,demand,0.6866806910822902
54,14,2030,demand,0.6596009535232294
54,15,2030,demand,0.6332486874963126
54,16,2030,demand,0.6257060566349026
54,17,2030,demand,0.6324816705624188
54,18,2030,demand,0.6537489225203978
54,19,2030,demand,0.6887179714881704
54,20,2030,demand,0.7159716951427068
54,21,2030,demand,0.7067875677805446
54,22,2030,demand,0.6606968825977657
54,23,2030,demand,0.5997786957504575
54,24,2030,demand,0.5747044162558044
54,1,2030,solar,0.0
54,2,2030,solar,0.0
54,3,2030,solar,0.0
54,4,2030,solar,0.0
54,5,2030,solar,0.0
54,6,2030,solar,0.0
54,7,2030,solar,0.0
54,8,2030,solar,0.0
54,9,2030,solar,0.05441508538527383
54,10,2030,solar,0.2169558892511309
54,11,2030,solar,0.366952208622339
54,12,2030,solar,0.4729227183908214
54,13,2030,solar,0.5264160293334772
54,14,2030,solar,0.5128938353237946
54,15,2030,solar,0.45269730427068255
54,16,2030,solar,0.3392829961031788
54,17,2030,solar,0.17986433644166447
54,18,2030,solar,0.0048716896802898126
54,19,2030,solar,0.0
54,20,2030,solar,0.0
54,21,2030,solar,0.0
54,22,2030,solar,0.0
54,23,2030,solar,0.0
54,24,2030,solar,0.0
54,1,2030,wind_offshore,0.5976662487228649
54,2,2030,wind_offshore,0.8649078688703762
54,3,2030,wind_offshore,0.9619442393022535
54,4,2030,wind_offshore,0.8131618487333976
54,5,2030,wind_offshore,0.8326758534683307
54,6,2030,wind_offshore,0.839074341340815
54,7,2030,wind_offshore,0.5948535077867032
54,8,2030,wind_offshore,0.39057049117277165
54,9,2030,wind_offshore,0.3740519997049365
54,10,2030,wind_offshore,0.5348807943827734
54,11,2030,wind_offshore,0.5464510292362119
54,12,2030,wind_offshore,0.4645421250959728
54,13,2030,wind_offshore,0.3652119996072001
54,14,2030,wind_offshore,0.3539533696612036
54,15,2030,wind_offshore,0.2651797505182036
54,16,2030,wind_offshore,0.24288410484401282
54,17,2030,wind_offshore,0.30482264826894906
54,18,2030,wind_offshore,0.2976825680348299
54,19,2030,wind_offshore,0.30363521468136057
54,20,2030,wind_offshore,0.34708241689822295
54,21,2030,wind_offshore,0.3511154032188699
54,22,2030,wind_offshore,0.30766634147387534
54,23,2030,wind_offshore,0.24142465514664713
54,24,2030,wind_offshore,0.23913714476215528
54,1,2030,wind_onshore,0.3200650817373326
54,2,2030,wind_onshore,0.33837939156106867
54,3,2030,wind_onshore,0.35234213595081526
54,4,2030,wind_onshore,0.37123557501105064
54,5,2030,wind_onshore,0.3959107071122221
54,6,2030,wind_onshore,0.4296366672852897
54,7,2030,wind_onshore,0.46162545197476745
54,8,2030,wind_onshore,0.4708437646347262
54,9,2030,wind_onshore,0.48094434153281584
54,10,2030,wind_onshore,0.488219724180031
54,11,2030,wind_onshore,0.45789948791903395
54,12,2030,wind_onshore,0.5082842814962112
54,13,2030,wind_onshore,0.5427723306021783
54,14,2030,wind_onshore,0.5571971341684059
54,15,2030,wind_onshore,0.5405784622952232
54,16,2030,wind_onshore,0.5221351570543766
54,17,2030,wind_onshore,0.47790800299780206
54,18,2030,wind_onshore,0.4886470103404171
54,19,2030,wind_onshore,0.4861499919509076
54,20,2030,wind_onshore,0.4904178560387516
54,21,2030,wind_onshore,0.4925743253660948
54,22,2030,wind_onshore,0.4832035252043465
54,23,2030,wind_onshore,0.43560479563806054
54,24,2030,wind_onshore,0.4126427502604504
55,1,2030,demand,0.4831065555469082
55,2,2030,demand,0.4695655684468081
55,3,2030,demand,0.45633226951545913
55,4,2030,demand,0.4410863876035399
55,5,2030,demand,0.4314806909018749
55,6,2030,demand,0.42311246846398987
55,7,2030,demand,0.4337053229381774
55,8,2030,demand,0.46093192481581685
55,9,2030,demand,0.49631584275498564
55,10,2030,demand,0.5228574137200068
55,11,2030,demand,0.5343890533301691
55,12,2030,demand,0.5376466551048049
55,13,2030,demand,0.5350074295937333
55,14,2030,demand,0.5288606859911849
55,15,2030,demand,0.5106779987324758
55,16,2030,demand,0.4967432609921044
55,17,2030,demand,0.49588057525008
55,18,2030,demand,0.5117732588456325
55,19,2030,demand,0.5381014575534593
55,20,2030,demand,0.5632215441157974
55,21,2030,demand,0.5760853257574571
55,22,2030,demand,0.5574735903173904
55,23,2030,demand,0.5243208558122014
55,24,2030,demand,0.5057451852085608
55,1,2030,solar,0.0
55,2,2030,solar,0.0
55,3,2030,solar,0.0
55,4,2030,solar,0.0
55,5,2030,solar,0.0
55,6,2030,solar,0.0
55,7,2030,solar,0.0007524731762574364
55,8,2030,solar,0.07473085723781397
55,9,2030,solar,0.27050141761082014
55,10,2030,solar,0.4734292170657415
55,11,2030,solar,0.6123539788578154
55,12,2030,solar,0.7057525155568225
55,13,2030,solar,0.7491733067309775
55,14,2030,solar,0.735708700637872
55,15,2030,solar,0.6664921461625622
55,16,2030,solar,0.5566138228807915
55,17,2030,solar,0.3964553167915604
55,18,2030,solar,0.19429446397843883
55,19,2030,solar,0.027365745652535675
55,20,2030,solar,0.0
55,21,2030,solar,0.0
55,22,2030,solar,0.0
55,23,2030,solar,0.0
55,24,2030,solar,0.0
55,1,2030,wind_offshore,0.8754721611844785
55,2,2030,wind_offshore,0.9019221048588916
55,3,2030,wind_offshore,0.9202194232364409
55,4,2030,wind_offshore,0.938459375747495
55,5,2030,wind_offshore,0.9403552346086453
55,6,2030,wind_offshore,0.933928227305562
55,7,2030,wind_offshore,0.9237214786086517
55,8,2030,wind_offshore,0.9244232031320634
55,9,2030,wind_offshore,0.9236423897881091
55,10,2030,wind_offshore,0.9229766237444009
55,11,2030,wind_offshore,0.9306092156026741
55,12,2030,wind_offshore,0.9403249404650483
55,13,2030,wind_offshore,0.952519336745007
55,14,2030,wind_offshore,0.9577657618994367
55,15,2030,wind_offshore,0.9565749001535219
55,16,2030,wind_offshore,0.9596751810578058
55,17,2030,wind_offshore,0.9622713689028695
55,18,2030,wind_offshore,0.9570397343336089
55,19,2030,wind_offshore,0.953252642853903
55,20,2030,wind_offshore,0.9555683845862385
55,21,2030,wind_offshore,0.9589729309679743
55,22,2030,wind_offshore,0.9553124852854782
55,23,2030,wind_offshore,0.9594620021744706
55,24,2030,wind_offshore,0.9597715335567097
55,1,2030,wind_onshore,0.19387246855121804
55,2,2030,wind_onshore,0.18694259554107406
55,3,2030,wind_onshore,0.18172413540188564
55,4,2030,wind_onshore,0.1785311976324159
55,5,2030,wind_onshore,0.1802690415385164
55,6,2030,wind_onshore,0.17999493633352515
55,7,2030,wind_onshore,0.18108900773156358
55,8,2030,wind_onshore,0.17744488983667503
55,9,2030,wind_onshore,0.16482979576474244
55,10,2030,wind_onshore,0.15627518418219313
55,11,2030,wind_onshore,0.16836211381246968
55,12,2030,wind_onshore,0.1808841374696712
55,13,2030,wind_onshore,0.19781042289523404
55,14,2030,wind_onshore,0.21557949495853962
55,15,2030,wind_onshore,0.23384899701306602
55,16,2030,wind_onshore,0.25128721883838673
55,17,2030,wind_onshore,0.25955196512882117
55,18,2030,wind_onshore,0.2593912292944841
55,19,2030,wind_onshore,0.2547255578261139
55,20,2030,wind_onshore,0.2720373799514733
55,21,2030,wind_onshore,0.27136356260657934
55,22,2030,wind_onshore,0.263767940762943
55,23,2030,wind_onshore,0.248753896706262
55,24,2030,wind_onshore,0.24171233337856268
56,1,2030,demand,0.5153013594557212
56,2,2030,demand,0.4995112655299353
56,3,2030,demand,0.49350895837703734
56,4,2030,demand,0.47594155647048886
56,5,2030,demand,0.47285000603742544
56,6,2030,demand,0.4709057691682742
56,7,2030,demand,0.4767972172973345
56,8,2030,demand,0.4966028769313116
56,9,2030,demand,0.5360683647499547
56,10,2030,demand,0.5637359741371486
56,11,2030,demand,0.5694093903069742
56,12,2030,demand,0.5741595904038387
56,13,2030,demand,0.5776813694676638
56,14,2030,demand,0.5662001099330665
56,15,2030,demand,0.548596582187989
56,16,2030,demand,0.5317069649369146
56,17,2030,demand,0.5331285155967175
56,18,2030,demand,0.5461554803570396
56,19,2030,demand,0.5648863414927939
56,20,2030,demand,0.5862150127269412
56,21,2030,demand,0.5989174123749378
56,22,2030,demand,0.580354591975099
56,23,2030,demand,0.5526115344645011
56,24,2030,demand,0.5387768888414541
56,1,2030,solar,0.0
56,2,2030,solar,0.0
56,3,2030,solar,0.0
56,4,2030,solar,0.0
56,5,2030,solar,0.0
56,6,2030,solar,0.0
56,7,2030,solar,0.0
56,8,2030,solar,0.01754822032143992
56,9,2030,solar,0.19720335735874772
56,10,2030,solar,0.39278057424886303
56,11,2030,solar,0.5388120222193711
56,12,2030,solar,0.6418876731806546
56,13,2030,solar,0.6761358914448303
56,14,2030,solar,0.6416797341778077
56,15,2030,solar,0.5432265823841651
56,16,2030,solar,0.39575587973061604
56,17,2030,solar,0.19323551427385527
56,18,2030,solar,0.007812575568964392
56,19,2030,solar,0.0
56,20,2030,solar,0.0
56,21,2030,solar,0.0
56,22,2030,solar,0.0
56,23,2030,solar,0.0
56,24,2030,solar,0.0
56,1,2030,wind_offshore,0.4315642135756077
56,2,2030,wind_offshore,0.49396942799363286
56,3,2030,wind_offshore,0.5315726449583161
56,4,2030,wind_offshore,0.5570882142560586
56,5,2030,wind_offshore,0.5660970844051798
56,6,2030,wind_offshore,0.5711038192760671
56,7,2030,wind_offshore,0.5575314649137223
56,8,2030,wind_offshore,0.5325832015619758
56,9,2030,wind_offshore,0.44200760983836573
56,10,2030,wind_offshore,0.32874593656507
56,11,2030,wind_offshore,0.10693805653451921
56,12,2030,wind_offshore,0.05091799609692395
56,13,2030,wind_offshore,0.035992958051866364
56,14,2030,wind_offshore,0.02867279414176946
56,15,2030,wind_offshore,0.02048608759427199
56,16,2030,wind_offshore,0.008200009933126291
56,17,2030,wind_offshore,0.0034946813285814736
56,18,2030,wind_offshore,0.0013697053175364968
56,19,2030,wind_offshore,0.0005151329292616708
56,20,2030,wind_offshore,9.203757278337989e-5
56,21,2030,wind_offshore,0.0
56,22,2030,wind_offshore,0.0
56,23,2030,wind_offshore,8.101579783268212e-5
56,24,2030,wind_offshore,0.008440133198557246
56,1,2030,wind_onshore,0.4289574080372781
56,2,2030,wind_onshore,0.42582104374913204
56,3,2030,wind_onshore,0.4207891200268553
56,4,2030,wind_onshore,0.4165336164179424
56,5,2030,wind_onshore,0.41003359091413
56,6,2030,wind_onshore,0.3938170842476017
56,7,2030,wind_onshore,0.3806055272431903
56,8,2030,wind_onshore,0.37231146405131693
56,9,2030,wind_onshore,0.3581952784875423
56,10,2030,wind_onshore,0.3562176902808343
56,11,2030,wind_onshore,0.3791963291262044
56,12,2030,wind_onshore,0.37904092767172876
56,13,2030,wind_onshore,0.3805281028659136
56,14,2030,wind_onshore,0.38021773749059223
56,15,2030,wind_onshore,0.38226699552266674
56,16,2030,wind_onshore,0.38142968594377924
56,17,2030,wind_onshore,0.3530252349098294
56,18,2030,wind_onshore,0.33682530270689515
56,19,2030,wind_onshore,0.34505688879912566
56,20,2030,wind_onshore,0.3473446873536078
56,21,2030,wind_onshore,0.34507883360034874
56,22,2030,wind_onshore,0.3512343497500138
56,23,2030,wind_onshore,0.34091009650994863
56,24,2030,wind_onshore,0.3385268845166939
57,1,2030,demand,0.4921940515718294
57,2,2030,demand,0.4796209898131897
57,3,2030,demand,0.47604699824421715
57,4,2030,demand,0.462391316916611
57,5,2030,demand,0.4734887439146894
57,6,2030,demand,0.4968133356928279
57,7,2030,demand,0.5386606103211747
57,8,2030,demand,0.5786463381568621
57,9,2030,demand,0.6021286732733767
57,10,2030,demand,0.6181163057551919
57,11,2030,demand,0.6231676583971439
57,12,2030,demand,0.6225024005775873
57,13,2030,demand,0.6322694095916502
57,14,2030,demand,0.617078713165134
57,15,2030,demand,0.6048491812821593
57,16,2030,demand,0.5992643216375266
57,17,2030,demand,0.5937811421316861
57,18,2030,demand,0.5963672455878245
57,19,2030,demand,0.6249093428057244
57,20,2030,demand,0.6523029031676105
57,21,2030,demand,0.6516363983235625
57,22,2030,demand,0.6120021184843865
57,23,2030,demand,0.5688461141834866
57,24,2030,demand,0.5532520695287837
57,1,2030,solar,0.0
57,2,2030,solar,0.0
57,3,2030,solar,0.0
57,4,2030,solar,0.0
57,5,2030,solar,0.0
57,6,2030,solar,0.0
57,7,2030,solar,0.0
57,8,2030,solar,0.0034506416010190795
57,9,2030,solar,0.16352687750127648
57,10,2030,solar,0.3514073460280559
57,11,2030,solar,0.4809473159677333
57,12,2030,solar,0.5756210605663821
57,13,2030,solar,0.6090611017225853
57,14,2030,solar,0.5694987493773229
57,15,2030,solar,0.47918072080585383
57,16,2030,solar,0.3354100385307325
57,17,2030,solar,0.15528129358824497
57,18,2030,solar,0.0007017636387186528
57,19,2030,solar,0.0
57,20,2030,solar,0.0
57,21,2030,solar,0.0
57,22,2030,solar,0.0
57,23,2030,solar,0.0
57,24,2030,solar,0.0
57,1,2030,wind_offshore,0.26531020827685947
57,2,2030,wind_offshore,0.24578768580692498
57,3,2030,wind_offshore,0.20598914533653767
57,4,2030,wind_offshore,0.18581317929657598
57,5,2030,wind_offshore,0.20355561136242473
57,6,2030,wind_offshore,0.22513371049112124
57,7,2030,wind_offshore,0.20117861195430992
57,8,2030,wind_offshore,0.17584316252694282
57,9,2030,wind_offshore,0.20875356486515867
57,10,2030,wind_offshore,0.2685796439377799
57,11,2030,wind_offshore,0.30493505638035195
57,12,2030,wind_offshore,0.29600142448857136
57,13,2030,wind_offshore,0.2836469988565691
57,14,2030,wind_offshore,0.2558564940584694
57,15,2030,wind_offshore,0.19433287345998296
57,16,2030,wind_offshore,0.16366077348884897
57,17,2030,wind_offshore,0.11066338798151454
57,18,2030,wind_offshore,0.06568001071576648
57,19,2030,wind_offshore,0.037448974382257146
57,20,2030,wind_offshore,0.026763579343871562
57,21,2030,wind_offshore,0.02609469683447603
57,22,2030,wind_offshore,0.03965463437333806
57,23,2030,wind_offshore,0.04200367614629376
57,24,2030,wind_offshore,0.03477612397300908
57,1,2030,wind_onshore,0.11319818366201345
57,2,2030,wind_onshore,0.1105838710768275
57,3,2030,wind_onshore,0.10899722298281483
57,4,2030,wind_onshore,0.1084971120415586
57,5,2030,wind_onshore,0.10623886916791031
57,6,2030,wind_onshore,0.10832951123180146
57,7,2030,wind_onshore,0.11489941732199604
57,8,2030,wind_onshore,0.11421087119728154
57,9,2030,wind_onshore,0.11906261672614649
57,10,2030,wind_onshore,0.12068808616477883
57,11,2030,wind_onshore,0.09943185978186739
57,12,2030,wind_onshore,0.09911952179362879
57,13,2030,wind_onshore,0.09979611272986116
57,14,2030,wind_onshore,0.10722291626717231
57,15,2030,wind_onshore,0.1101500654693361
57,16,2030,wind_onshore,0.11477256650145554
57,17,2030,wind_onshore,0.12056445206224556
57,18,2030,wind_onshore,0.13278184721276032
57,19,2030,wind_onshore,0.14137415271327003
57,20,2030,wind_onshore,0.14139022611582713
57,21,2030,wind_onshore,0.13916147307161827
57,22,2030,wind_onshore,0.13895458033217895
57,23,2030,wind_onshore,0.11684135366955092
57,24,2030,wind_onshore,0.12605544177718536
58,1,2030,demand,0.48700167458468424
58,2,2030,demand,0.4890979453009953
58,3,2030,demand,0.48727914495923763
58,4,2030,demand,0.4802029217351541
58,5,2030,demand,0.49230310166288016
58,6,2030,demand,0.5260995294099509
58,7,2030,demand,0.5650190141531819
58,8,2030,demand,0.5952500106127301
58,9,2030,demand,0.6107731474984646
58,10,2030,demand,0.6156791176053085
58,11,2030,demand,0.6147189618530959
58,12,2030,demand,0.6261347840400884
58,13,2030,demand,0.6170018360664475
58,14,2030,demand,0.6065333190059081
58,15,2030,demand,0.6045729881053035
58,16,2030,demand,0.6066009844849871
58,17,2030,demand,0.6033465933154922
58,18,2030,demand,0.6057956386760385
58,19,2030,demand,0.6156469700559729
58,20,2030,demand,0.6167256148911819
58,21,2030,demand,0.6007972201641061
58,22,2030,demand,0.5606947127692611
58,23,2030,demand,0.5218340568068859
58,24,2030,demand,0.5169722835126163
58,1,2030,solar,0.0
58,2,2030,solar,0.0
58,3,2030,solar,0.0
58,4,2030,solar,0.0
58,5,2030,solar,0.0
58,6,2030,solar,0.0
58,7,2030,solar,0.0
58,8,2030,solar,0.06970584394331168
58,9,2030,solar,0.2590772308658126
58,10,2030,solar,0.4653780750337581
58,11,2030,solar,0.6013443172233783
58,12,2030,solar,0.6875274089790543
58,13,2030,solar,0.7108369022134309
58,14,2030,solar,0.67844495574758
58,15,2030,solar,0.5903903954945644
58,16,2030,solar,0.453062231469726
58,17,2030,solar,0.2675368267499596
58,18,2030,solar,0.0774140088927266
58,19,2030,solar,0.0
58,20,2030,solar,0.0
58,21,2030,solar,0.0
58,22,2030,solar,0.0
58,23,2030,solar,0.0
58,24,2030,solar,0.0
58,1,2030,wind_offshore,0.8031172228916597
58,2,2030,wind_offshore,0.8502611041143737
58,3,2030,wind_offshore,0.8894666500327
58,4,2030,wind_offshore,0.8718386308678815
58,5,2030,wind_offshore,0.7774149487626296
58,6,2030,wind_offshore,0.7399107221035048
58,7,2030,wind_offshore,0.7316617495042986
58,8,2030,wind_offshore,0.7169919136821656
58,9,2030,wind_offshore,0.7120821486698217
58,10,2030,wind_offshore,0.7004021188835554
58,11,2030,wind_offshore,0.7625774871122225
58,12,2030,wind_offshore,0.748121358816703
58,13,2030,wind_offshore,0.7540134009380365
58,14,2030,wind_offshore,0.8272305401231106
58,15,2030,wind_offshore,0.8757958787190291
58,16,2030,wind_offshore,0.9002953543368932
58,17,2030,wind_offshore,0.894480693861214
58,18,2030,wind_offshore,0.8898735281320695
58,19,2030,wind_offshore,0.8922872146209881
58,20,2030,wind_offshore,0.8885891684088192
58,21,2030,wind_offshore,0.844374813616823
58,22,2030,wind_offshore,0.7265711263332979
58,23,2030,wind_offshore,0.5728463975385121
58,24,2030,wind_offshore,0.41142254679119716
58,1,2030,wind_onshore,0.08923328492765267
58,2,2030,wind_onshore,0.07864791651165315
58,3,2030,wind_onshore,0.07261994565336025
58,4,2030,wind_onshore,0.07325065356300772
58,5,2030,wind_onshore,0.07450210741945526
58,6,2030,wind_onshore,0.07980570049730404
58,7,2030,wind_onshore,0.08103158798831725
58,8,2030,wind_onshore,0.08188497674128914
58,9,2030,wind_onshore,0.07440311947287333
58,10,2030,wind_onshore,0.06666995794341113
58,11,2030,wind_onshore,0.06164184688445232
58,12,2030,wind_onshore,0.07626890804827655
58,13,2030,wind_onshore,0.10126746039725035
58,14,2030,wind_onshore,0.1187934070722651
58,15,2030,wind_onshore,0.13557637515310894
58,16,2030,wind_onshore,0.15755402330672585
58,17,2030,wind_onshore,0.18303102279810346
58,18,2030,wind_onshore,0.1988685511219206
58,19,2030,wind_onshore,0.2243038159281215
58,20,2030,wind_onshore,0.24253158344456754
58,21,2030,wind_onshore,0.23876138548590242
58,22,2030,wind_onshore,0.23508243534797763
58,23,2030,wind_onshore,0.21378822913762507
58,24,2030,wind_onshore,0.19096716885416318
59,1,2030,demand,0.4994331179761225
59,2,2030,demand,0.4854895641479345
59,3,2030,demand,0.47692572703681185
59,4,2030,demand,0.46344323527360815
59,5,2030,demand,0.4584095628762755
59,6,2030,demand,0.46350365783750913
59,7,2030,demand,0.48159395805257343
59,8,2030,demand,0.5145214338022698
59,9,2030,demand,0.5451074476312728
59,10,2030,demand,0.5735264081596857
59,11,2030,demand,0.5844172135483533
59,12,2030,demand,0.5891241657592009
59,13,2030,demand,0.5909156177245537
59,14,2030,demand,0.5820186795477973
59,15,2030,demand,0.5654394408899938
59,16,2030,demand,0.5551915959351309
59,17,2030,demand,0.557713039803699
59,18,2030,demand,0.5692183652235949
59,19,2030,demand,0.5809523180985362
59,20,2030,demand,0.6057512551262011
59,21,2030,demand,0.60917639719558
59,22,2030,demand,0.5818371397363182
59,23,2030,demand,0.5437069495632357
59,24,2030,demand,0.5239769264343351
59,1,2030,solar,0.0
59,2,2030,solar,0.0
59,3,2030,solar,0.0
59,4,2030,solar,0.0
59,5,2030,solar,0.0
59,6,2030,solar,0.0
59,7,2030,solar,0.000514743455605324
59,8,2030,solar,0.029888450078457803
59,9,2030,solar,0.15439982300801133
59,10,2030,solar,0.3001191117646369
59,11,2030,solar,0.40572829662068693
59,12,2030,solar,0.469887350190167
59,13,2030,solar,0.5008410705316243
59,14,2030,solar,0.496456298821123
59,15,2030,solar,0.45229074382376205
59,16,2030,solar,0.3703014018099391
59,17,2030,solar,0.2561525594896583
59,18,2030,solar,0.11573437822758208
59,19,2030,solar,0.006156649778888722
59,20,2030,solar,0.0
59,21,2030,solar,0.0
59,22,2030,solar,0.0
59,23,2030,solar,0.0
59,24,2030,solar,0.0
59,1,2030,wind_offshore,0.9188523160997625
59,2,2030,wind_offshore,0.940858099853119
59,3,2030,wind_offshore,0.9477551429927885
59,4,2030,wind_offshore,0.9490860153798536
59,5,2030,wind_offshore,0.9463292026364173
59,6,2030,wind_offshore,0.9464528239353713
59,7,2030,wind_offshore,0.9341293031236205
59,8,2030,wind_offshore,0.9171847913027652
59,9,2030,wind_offshore,0.9360492463368023
59,10,2030,wind_offshore,0.9521061495492621
59,11,2030,wind_offshore,0.95590016837725
59,12,2030,wind_offshore,0.9563870133827818
59,13,2030,wind_offshore,0.9537797470788537
59,14,2030,wind_offshore,0.9578184298065251
59,15,2030,wind_offshore,0.947114251041575
59,16,2030,wind_offshore,0.9455852211601199
59,17,2030,wind_offshore,0.9360732608424741
59,18,2030,wind_offshore,0.9242313503120889
59,19,2030,wind_offshore,0.9266132705360114
59,20,2030,wind_offshore,0.9364883829948744
59,21,2030,wind_offshore,0.9234932223394888
59,22,2030,wind_offshore,0.9219495297885555
59,23,2030,wind_offshore,0.921550398694627
59,24,2030,wind_offshore,0.912284187151605
59,1,2030,wind_onshore,0.5394214839158261
59,2,2030,wind_onshore,0.5491701095774798
59,3,2030,wind_onshore,0.5502775778885286
59,4,2030,wind_onshore,0.5484757907420096
59,5,2030,wind_onshore,0.5501677292944858
59,6,2030,wind_onshore,0.5607986262521846
59,7,2030,wind_onshore,0.5632779935203792
59,8,2030,wind_onshore,0.5868546402672391
59,9,2030,wind_onshore,0.6083106834847093
59,10,2030,wind_onshore,0.6229140212714405
59,11,2030,wind_onshore,0.6714867032833304
59,12,2030,wind_onshore,0.7025869913344951
59,13,2030,wind_onshore,0.7277601690189948
59,14,2030,wind_onshore,0.7534799852008732
59,15,2030,wind_onshore,0.7814976205151014
59,16,2030,wind_onshore,0.8090124579092134
59,17,2030,wind_onshore,0.8163255880579593
59,18,2030,wind_onshore,0.7949527314333508
59,19,2030,wind_onshore,0.7727431298492625
59,20,2030,wind_onshore,0.756063671151774
59,21,2030,wind_onshore,0.7388242585089779
59,22,2030,wind_onshore,0.7250329282607648
59,23,2030,wind_onshore,0.7474842659379749
59,24,2030,wind_onshore,0.7364679518962408
60,1,2030,demand,0.48529896655601246
60,2,2030,demand,0.48359086228037607
60,3,2030,demand,0.476750380744939
60,4,2030,demand,0.46556321225721214
60,5,2030,demand,0.4800231839706032
60,6,2030,demand,0.5051308932089773
60,7,2030,demand,0.5432356185562797
60,8,2030,demand,0.5763621800295582
60,9,2030,demand,0.5973430863052291
60,10,2030,demand,0.6026446412286978
60,11,2030,demand,0.6045909795703932
60,12,2030,demand,0.6028477225404518
60,13,2030,demand,0.5828981441420582
60,14,2030,demand,0.5722782000146078
60,15,2030,demand,0.5662568141272799
60,16,2030,demand,0.5596915209675295
60,17,2030,demand,0.5580991666539572
60,18,2030,demand,0.5598246622021591
60,19,2030,demand,0.5720621524573193
60,20,2030,demand,0.5811705095573654
60,21,2030,demand,0.5723007933499236
60,22,2030,demand,0.5375349740183268
60,23,2030,demand,0.5016192358271041
60,24,2030,demand,0.4971825849754228
60,1,2030,solar,0.0
60,2,2030,solar,0.0
60,3,2030,solar,0.0
60,4,2030,solar,0.0
60,5,2030,solar,0.0
60,6,2030,solar,0.0003058312433292378
60,7,2030,solar,0.03460448856198626
60,8,2030,solar,0.20575236507782332
60,9,2030,solar,0.405739969870892
60,10,2030,solar,0.5761830138741777
60,11,2030,solar,0.6890183116102842
60,12,2030,solar,0.7677103953324551
60,13,2030,solar,0.784726842821291
60,14,2030,solar,0.7612291375052866
60,15,2030,solar,0.6835924295238575
60,16,2030,solar,0.5617869880322994
60,17,2030,solar,0.39664548553102186
60,18,2030,solar,0.22347885576565035
60,19,2030,solar,0.06923352620764762
60,20,2030,solar,0.0017598230368030031
60,21,2030,solar,0.0
60,22,2030,solar,0.0
60,23,2030,solar,0.0
60,24,2030,solar,0.0
60,1,2030,wind_offshore,0.426970251290569
60,2,2030,wind_offshore,0.4282968829195826
60,3,2030,wind_offshore,0.45273161342039403
60,4,2030,wind_offshore,0.49854029501537517
60,5,2030,wind_offshore,0.5509936042120547
60,6,2030,wind_offshore,0.5574271716880714
60,7,2030,wind_offshore,0.5547094435773784
60,8,2030,wind_offshore,0.5217006366704877
60,9,2030,wind_offshore,0.4927066143532567
60,10,2030,wind_offshore,0.44840100247087966
60,11,2030,wind_offshore,0.3029573845227631
60,12,2030,wind_offshore,0.2661567249629745
60,13,2030,wind_offshore,0.17851837760402464
60,14,2030,wind_offshore,0.1004620790891684
60,15,2030,wind_offshore,0.07079663016696727
60,16,2030,wind_offshore,0.07722270411515875
60,17,2030,wind_offshore,0.0919570474153383
60,18,2030,wind_offshore,0.1297073726909914
60,19,2030,wind_offshore,0.20771836169852853
60,20,2030,wind_offshore,0.23838777957561105
60,21,2030,wind_offshore,0.2610670045366407
60,22,2030,wind_offshore,0.3185348758641475
60,23,2030,wind_offshore,0.20745119951218963
60,24,2030,wind_offshore,0.23252333101425227
60,1,2030,wind_onshore,0.16691092283133563
60,2,2030,wind_onshore,0.1499196488882126
60,3,2030,wind_onshore,0.143210813564556
60,4,2030,wind_onshore,0.13298538358907802
60,5,2030,wind_onshore,0.12187097123746714
60,6,2030,wind_onshore,0.10949812039340237
60,7,2030,wind_onshore,0.09447957069618684
60,8,2030,wind_onshore,0.06910593393199263
60,9,2030,wind_onshore,0.059341676175763323
60,10,2030,wind_onshore,0.05580736444556096
60,11,2030,wind_onshore,0.049522047789247854
60,12,2030,wind_onshore,0.049164689776109854
60,13,2030,wind_onshore,0.05632845304182428
60,14,2030,wind_onshore,0.06960472462302963
60,15,2030,wind_onshore,0.0861446050274249
60,16,2030,wind_onshore,0.10941462266769256
60,17,2030,wind_onshore,0.1318354573791896
60,18,2030,wind_onshore,0.14475359147844963
60,19,2030,wind_onshore,0.12701939409140506
60,20,2030,wind_onshore,0.10642679012207013
60,21,2030,wind_onshore,0.10216938711815546
60,22,2030,wind_onshore,0.10592657068318985
60,23,2030,wind_onshore,0.10181164127108744
60,24,2030,wind_onshore,0.1186985403929871
61,1,2030,demand,0.4848556514013387
61,2,2030,demand,0.4876027905967408
61,3,2030,demand,0.4859829257159178
61,4,2030,demand,0.4808323218780123
61,5,2030,demand,0.49574950835590303
61,6,2030,demand,0.5239336559676923
61,7,2030,demand,0.5535793546577182
61,8,2030,demand,0.5838111653950941
61,9,2030,demand,0.6084120957549789
61,10,2030,demand,0.6222469052363931
61,11,2030,demand,0.6296309588428382
61,12,2030,demand,0.6335388232041812
61,13,2030,demand,0.6268806699320293
61,14,2030,demand,0.6131750951501634
61,15,2030,demand,0.6028182579790566
61,16,2030,demand,0.601032131495185
61,17,2030,demand,0.5979490958551139
61,18,2030,demand,0.5955981839499926
61,19,2030,demand,0.5968899644662505
61,20,2030,demand,0.6032354868374662
61,21,2030,demand,0.5963822541960311
61,22,2030,demand,0.5633185571081006
61,23,2030,demand,0.5186894771576591
61,24,2030,demand,0.5172038903689823
61,1,2030,solar,0.0
61,2,2030,solar,0.0
61,3,2030,solar,0.0
61,4,2030,solar,0.0
61,5,2030,solar,0.0
61,6,2030,solar,0.0004561613985479432
61,7,2030,solar,0.041364236558231314
61,8,2030,solar,0.20697366288934949
61,9,2030,solar,0.4026278835765197
61,10,2030,solar,0.5670317459902114
61,11,2030,solar,0.6798921367448136
61,12,2030,solar,0.7400032871463056
61,13,2030,solar,0.761348779527058
61,14,2030,solar,0.758557024258274
61,15,2030,solar,0.7038106140509173
61,16,2030,solar,0.6096287991377747
61,17,2030,solar,0.4694340245453289
61,18,2030,solar,0.28754608003128945
61,19,2030,solar,0.09527485827480084
61,20,2030,solar,0.0006926675662550461
61,21,2030,solar,0.0
61,22,2030,solar,0.0
61,23,2030,solar,0.0
61,24,2030,solar,0.0
61,1,2030,wind_offshore,0.2617564314990938
61,2,2030,wind_offshore,0.2561455531202319
61,3,2030,wind_offshore,0.2729313150749899
61,4,2030,wind_offshore,0.2861702364034519
61,5,2030,wind_offshore,0.30767269714154566
61,6,2030,wind_offshore,0.3368537117275058
61,7,2030,wind_offshore,0.35985145573187904
61,8,2030,wind_offshore,0.37403000431343364
61,9,2030,wind_offshore,0.3857375019935356
61,10,2030,wind_offshore,0.36710518013690224
61,11,2030,wind_offshore,0.26700146383155854
61,12,2030,wind_offshore,0.22415462284618937
61,13,2030,wind_offshore,0.1944420205330709
61,14,2030,wind_offshore,0.197559435105552
61,15,2030,wind_offshore,0.23613761146835904
61,16,2030,wind_offshore,0.2827992438312105
61,17,2030,wind_offshore,0.3202611701605331
61,18,2030,wind_offshore,0.3449117833154637
61,19,2030,wind_offshore,0.35308929768195374
61,20,2030,wind_offshore,0.3681428214510448
61,21,2030,wind_offshore,0.36673124582859795
61,22,2030,wind_offshore,0.3863906391837414
61,23,2030,wind_offshore,0.3168639473409126
61,24,2030,wind_offshore,0.28534564249332806
61,1,2030,wind_onshore,0.35923914220377423
61,2,2030,wind_onshore,0.3423904811064893
61,3,2030,wind_onshore,0.3263519270406134
61,4,2030,wind_onshore,0.3206191254932141
61,5,2030,wind_onshore,0.33086667594823027
61,6,2030,wind_onshore,0.33669539571790164
61,7,2030,wind_onshore,0.3473979761479962
61,8,2030,wind_onshore,0.36145406574655214
61,9,2030,wind_onshore,0.3747788885683194
61,10,2030,wind_onshore,0.37147478550235713
61,11,2030,wind_onshore,0.35321219480810356
61,12,2030,wind_onshore,0.3486306794698655
61,13,2030,wind_onshore,0.3435601152655141
61,14,2030,wind_onshore,0.3571243736283257
61,15,2030,wind_onshore,0.38396127752319625
61,16,2030,wind_onshore,0.4254468144801415
61,17,2030,wind_onshore,0.4574515513080996
61,18,2030,wind_onshore,0.4794418622572194
61,19,2030,wind_onshore,0.49460958716118353
61,20,2030,wind_onshore,0.474446032511177
61,21,2030,wind_onshore,0.4734175677606941
61,22,2030,wind_onshore,0.4623232479022615
61,23,2030,wind_onshore,0.41888229305165214
61,24,2030,wind_onshore,0.401393104544404
62,1,2030,demand,0.5085919001551582
62,2,2030,demand,0.4889083177822131
62,3,2030,demand,0.4745543790313654
62,4,2030,demand,0.4611923918565982
62,5,2030,demand,0.45735672462477683
62,6,2030,demand,0.4574002042922418
62,7,2030,demand,0.4658960784877151
62,8,2030,demand,0.49432134979286246
62,9,2030,demand,0.5350517232079066
62,10,2030,demand,0.5662616562743964
62,11,2030,demand,0.5800149269763482
62,12,2030,demand,0.589509842137308
62,13,2030,demand,0.5879635192237415
62,14,2030,demand,0.5791438023949917
62,15,2030,demand,0.5654411408224964
62,16,2030,demand,0.5508544925401389
62,17,2030,demand,0.5492921725260678
62,18,2030,demand,0.5502795788404273
62,19,2030,demand,0.5690109796633885
62,20,2030,demand,0.5932211633961482
62,21,2030,demand,0.6013246293685448
62,22,2030,demand,0.5858196295190208
62,23,2030,demand,0.5459026069801198
62,24,2030,demand,0.5298232739545137
62,1,2030,solar,0.0
62,2,2030,solar,0.0
62,3,2030,solar,0.0
62,4,2030,solar,0.0
62,5,2030,solar,0.0
62,6,2030,solar,0.0
62,7,2030,solar,0.0
62,8,2030,solar,7.122837319689489e-5
62,9,2030,solar,0.08509532631032167
62,10,2030,solar,0.20401142782454657
62,11,2030,solar,0.30785858177742254
62,12,2030,solar,0.3868903532437372
62,13,2030,solar,0.43144530884571997
62,14,2030,solar,0.4108925344309412
62,15,2030,solar,0.3313526610015506
62,16,2030,solar,0.20686611371497174
62,17,2030,solar,0.08244222659732758
62,18,2030,solar,0.0
62,19,2030,solar,0.0
62,20,2030,solar,0.0
62,21,2030,solar,0.0
62,22,2030,solar,0.0
62,23,2030,solar,0.0
62,24,2030,solar,0.0
62,1,2030,wind_offshore,0.026109103073130538
62,2,2030,wind_offshore,0.010007074659644573
62,3,2030,wind_offshore,0.002175616798702068
62,4,2030,wind_offshore,0.0
62,5,2030,wind_offshore,0.0
62,6,2030,wind_offshore,0.0003259650915257438
62,7,2030,wind_offshore,0.01211217547206913
62,8,2030,wind_offshore,0.035884466545389127
62,9,2030,wind_offshore,0.07817175306882973
62,10,2030,wind_offshore,0.11613261369715717
62,11,2030,wind_offshore,0.2470901557435718
62,12,2030,wind_offshore,0.2550000978124791
62,13,2030,wind_offshore,0.21201738119473434
62,14,2030,wind_offshore,0.16452504119979022
62,15,2030,wind_offshore,0.12235999017555402
62,16,2030,wind_offshore,0.07559557256937717
62,17,2030,wind_offshore,0.030519675443142186
62,18,2030,wind_offshore,0.002952613977154176
62,19,2030,wind_offshore,0.0
62,20,2030,wind_offshore,0.000737442284040451
62,21,2030,wind_offshore,0.01984633287666462
62,22,2030,wind_offshore,0.0322683169656708
62,23,2030,wind_offshore,0.048283857481678114
62,24,2030,wind_offshore,0.024419866228510678
62,1,2030,wind_onshore,0.20923897350904763
62,2,2030,wind_onshore,0.20516115674407875
62,3,2030,wind_onshore,0.19466511570849257
62,4,2030,wind_onshore,0.19726891479919195
62,5,2030,wind_onshore,0.2079650456513787
62,6,2030,wind_onshore,0.22012429591381039
62,7,2030,wind_onshore,0.24263725006118875
62,8,2030,wind_onshore,0.2657085347108803
62,9,2030,wind_onshore,0.2859414810538661
62,10,2030,wind_onshore,0.287053717023114
62,11,2030,wind_onshore,0.2892414327839422
62,12,2030,wind_onshore,0.32873766239985763
62,13,2030,wind_onshore,0.38935363523568045
62,14,2030,wind_onshore,0.43051286882482986
62,15,2030,wind_onshore,0.4623660126331175
62,16,2030,wind_onshore,0.48999557380196235
62,17,2030,wind_onshore,0.5216291753320155
62,18,2030,wind_onshore,0.5489569085317063
62,19,2030,wind_onshore,0.567914873262078
62,20,2030,wind_onshore,0.5822847853167279
62,21,2030,wind_onshore,0.5660007534169219
62,22,2030,wind_onshore,0.5604769817080784
62,23,2030,wind_onshore,0.5433421063276255
62,24,2030,wind_onshore,0.5542135442471741
63,1,2030,demand,0.5253978479339381
63,2,2030,demand,0.5167944016234745
63,3,2030,demand,0.5069309559284131
63,4,2030,demand,0.49555810633134023
63,5,2030,demand,0.507948293574025
63,6,2030,demand,0.5171907113178318
63,7,2030,demand,0.5422210698787184
63,8,2030,demand,0.5719979177985772
63,9,2030,demand,0.629876567502942
63,10,2030,demand,0.6690783041632422
63,11,2030,demand,0.6941662281185256
63,12,2030,demand,0.7152371791603624
63,13,2030,demand,0.7168292070492195
63,14,2030,demand,0.7144505938348169
63,15,2030,demand,0.706850822492076
63,16,2030,demand,0.7094715703957566
63,17,2030,demand,0.7072882416882287
63,18,2030,demand,0.6982943796578687
63,19,2030,demand,0.6821018191318803
63,20,2030,demand,0.6738848901060402
63,21,2030,demand,0.6553715080911977
63,22,2030,demand,0.6115880783797345
63,23,2030,demand,0.5739090375532263
63,24,2030,demand,0.5633973828290932
63,1,2030,solar,0.0
63,2,2030,solar,0.0
63,3,2030,solar,0.0
63,4,2030,solar,0.0
63,5,2030,solar,0.0
63,6,2030,solar,0.0002645413764037622
63,7,2030,solar,0.033145941497633086
63,8,2030,solar,0.18296197759147742
63,9,2030,solar,0.372310437956635
63,10,2030,solar,0.5301515719520222
63,11,2030,solar,0.6338858309346017
63,12,2030,solar,0.695537014493788
63,13,2030,solar,0.7151466925141494
63,14,2030,solar,0.6937592417687871
63,15,2030,solar,0.6208250434697298
63,16,2030,solar,0.5325105216833046
63,17,2030,solar,0.4200705120166687
63,18,2030,solar,0.2797594220312262
63,19,2030,solar,0.1155210502608851
63,20,2030,solar,0.005975759942475604
63,21,2030,solar,0.0
63,22,2030,solar,0.0
63,23,2030,solar,0.0
63,24,2030,solar,0.0
63,1,2030,wind_offshore,0.6810440986430704
63,2,2030,wind_offshore,0.8532883287846534
63,3,2030,wind_offshore,0.9078123879783
63,4,2030,wind_offshore,0.9390614589276951
63,5,2030,wind_offshore,0.9430377373228286
63,6,2030,wind_offshore,0.9373137415731476
63,7,2030,wind_offshore,0.8918674676089888
63,8,2030,wind_offshore,0.8025250808651978
63,9,2030,wind_offshore,0.6333347061757254
63,10,2030,wind_offshore,0.4485719935141802
63,11,2030,wind_offshore,0.36154081895316026
63,12,2030,wind_offshore,0.24009655067620145
63,13,2030,wind_offshore,0.1178219769117382
63,14,2030,wind_offshore,0.04899742663905372
63,15,2030,wind_offshore,0.0387350081446953
63,16,2030,wind_offshore,0.04304310739913136
63,17,2030,wind_offshore,0.04882135531731824
63,18,2030,wind_offshore,0.05122566358065357
63,19,2030,wind_offshore,0.04833537671877412
63,20,2030,wind_offshore,0.04636709739867158
63,21,2030,wind_offshore,0.04339946231180711
63,22,2030,wind_offshore,0.04310886225884618
63,23,2030,wind_offshore,0.10073457800821098
63,24,2030,wind_offshore,0.12248087768733279
63,1,2030,wind_onshore,0.1115571904790365
63,2,2030,wind_onshore,0.12582816513395834
63,3,2030,wind_onshore,0.13784266013627797
63,4,2030,wind_onshore,0.14940871408293904
63,5,2030,wind_onshore,0.1614915265067754
63,6,2030,wind_onshore,0.16971408341366934
63,7,2030,wind_onshore,0.17697852731288596
63,8,2030,wind_onshore,0.17350660459187994
63,9,2030,wind_onshore,0.19653193596250745
63,10,2030,wind_onshore,0.2019356136573422
63,11,2030,wind_onshore,0.16970396567119683
63,12,2030,wind_onshore,0.17924611610511504
63,13,2030,wind_onshore,0.1870320379469707
63,14,2030,wind_onshore,0.19976769221663546
63,15,2030,wind_onshore,0.21171860903982614
63,16,2030,wind_onshore,0.21519215069401706
63,17,2030,wind_onshore,0.20775882327033215
63,18,2030,wind_onshore,0.1901611965679384
63,19,2030,wind_onshore,0.1568316807736581
63,20,2030,wind_onshore,0.1312302570313751
63,21,2030,wind_onshore,0.12319505111475469
63,22,2030,wind_onshore,0.09883463849502594
63,23,2030,wind_onshore,0.07010055685753383
63,24,2030,wind_onshore,0.05878151148609986
64,1,2030,demand,0.4953348928410477
64,2,2030,demand,0.49192607631422763
64,3,2030,demand,0.4847016576347448
64,4,2030,demand,0.48114579813347075
64,5,2030,demand,0.49692472927060494
64,6,2030,demand,0.5230427032124674
64,7,2030,demand,0.548520786017415
64,8,2030,demand,0.5786969370115149
64,9,2030,demand,0.6094618951412784
64,10,2030,demand,0.6304164331552448
64,11,2030,demand,0.6449934936040196
64,12,2030,demand,0.6600000788302114
64,13,2030,demand,0.6572100042493481
64,14,2030,demand,0.6421070683365873
64,15,2030,demand,0.635229992366352
64,16,2030,demand,0.6354443772939068
64,17,2030,demand,0.6326046358419244
64,18,2030,demand,0.629481453208478
64,19,2030,demand,0.6276404844655494
64,20,2030,demand,0.6279149839212231
64,21,2030,demand,0.610501359644085
64,22,2030,demand,0.572750273610346
64,23,2030,demand,0.5324668223547672
64,24,2030,demand,0.529779794157868
64,1,2030,solar,0.0
64,2,2030,solar,0.0
64,3,2030,solar,0.0
64,4,2030,solar,0.0
64,5,2030,solar,0.0
64,6,2030,solar,8.967532213862205e-5
64,7,2030,solar,0.032181587494732544
64,8,2030,solar,0.18928140446001482
64,9,2030,solar,0.3727951818270235
64,10,2030,solar,0.5300570807120226
64,11,2030,solar,0.6293268761112121
64,12,2030,solar,0.691606769758108
64,13,2030,solar,0.6989319381542776
64,14,2030,solar,0.6546210799324961
64,15,2030,solar,0.5966886326625306
64,16,2030,solar,0.5150439007149452
64,17,2030,solar,0.3834695422837775
64,18,2030,solar,0.2362695788069398
64,19,2030,solar,0.08954383197170945
64,20,2030,solar,0.0021058542897730206
64,21,2030,solar,0.0
64,22,2030,solar,0.0
64,23,2030,solar,0.0
64,24,2030,solar,0.0
64,1,2030,wind_offshore,0.23243786674338035
64,2,2030,wind_offshore,0.24866500439746164
64,3,2030,wind_offshore,0.270537600803266
64,4,2030,wind_offshore,0.2885570780915986
64,5,2030,wind_offshore,0.3145514776994146
64,6,2030,wind_offshore,0.33667184613096446
64,7,2030,wind_offshore,0.38568239781729363
64,8,2030,wind_offshore,0.4581510461687206
64,9,2030,wind_offshore,0.5495416719483238
64,10,2030,wind_offshore,0.6278389757600269
64,11,2030,wind_offshore,0.6403840695537686
64,12,2030,wind_offshore,0.6691924946598533
64,13,2030,wind_offshore,0.6985347116268057
64,14,2030,wind_offshore,0.7335206228614685
64,15,2030,wind_offshore,0.7433169967257511
64,16,2030,wind_offshore,0.7857492164974648
64,17,2030,wind_offshore,0.8283498921292604
64,18,2030,wind_offshore,0.8391855819158893
64,19,2030,wind_offshore,0.8384540518721243
64,20,2030,wind_offshore,0.8356918925843105
64,21,2030,wind_offshore,0.8442580245961789
64,22,2030,wind_offshore,0.859819259949953
64,23,2030,wind_offshore,0.8148632284557218
64,24,2030,wind_offshore,0.8095074053746726
64,1,2030,wind_onshore,0.15165885523150843
64,2,2030,wind_onshore,0.13866425481307187
64,3,2030,wind_onshore,0.12605849842885963
64,4,2030,wind_onshore,0.11658414755704813
64,5,2030,wind_onshore,0.11225436055516914
64,6,2030,wind_onshore,0.10979876930875775
64,7,2030,wind_onshore,0.10273693741173247
64,8,2030,wind_onshore,0.08631190242364539
64,9,2030,wind_onshore,0.07135954181408644
64,10,2030,wind_onshore,0.06728837764708023
64,11,2030,wind_onshore,0.06021424018971376
64,12,2030,wind_onshore,0.06166254194130885
64,13,2030,wind_onshore,0.06346531170869282
64,14,2030,wind_onshore,0.06545087644891066
64,15,2030,wind_onshore,0.07189261494643448
64,16,2030,wind_onshore,0.08319723609547679
64,17,2030,wind_onshore,0.09838229396422814
64,18,2030,wind_onshore,0.11447953636088187
64,19,2030,wind_onshore,0.1285800816785988
64,20,2030,wind_onshore,0.14821948591291256
64,21,2030,wind_onshore,0.18085926944392794
64,22,2030,wind_onshore,0.19656397562119365
64,23,2030,wind_onshore,0.1731355375453396
64,24,2030,wind_onshore,0.15444841041656263
65,1,2030,demand,0.49232341996597057
65,2,2030,demand,0.49194763299572297
65,3,2030,demand,0.4885023147445139
65,4,2030,demand,0.48649040919176256
65,5,2030,demand,0.49981376254040916
65,6,2030,demand,0.526756910742622
65,7,2030,demand,0.5656330802512346
65,8,2030,demand,0.5951282001081521
65,9,2030,demand,0.6096426567633815
65,10,2030,demand,0.6183149101102136
65,11,2030,demand,0.6214865945441361
65,12,2030,demand,0.6212692044207629
65,13,2030,demand,0.609244572503125
65,14,2030,demand,0.5923396292073377
65,15,2030,demand,0.5839964323997379
65,16,2030,demand,0.589356679682891
65,17,2030,demand,0.5928776738530392
65,18,2030,demand,0.5874071875331073
65,19,2030,demand,0.5916799172775509
65,20,2030,demand,0.6020839893153059
65,21,2030,demand,0.5910698470109849
65,22,2030,demand,0.5546860524509393
65,23,2030,demand,0.5210472748341298
65,24,2030,demand,0.5189600192110959
65,1,2030,solar,0.0
65,2,2030,solar,0.0
65,3,2030,solar,0.0
65,4,2030,solar,0.0
65,5,2030,solar,0.0
65,6,2030,solar,0.0
65,7,2030,solar,0.021080915706802233
65,8,2030,solar,0.15880037442045788
65,9,2030,solar,0.3440663277652144
65,10,2030,solar,0.5081916833693895
65,11,2030,solar,0.6253864845957862
65,12,2030,solar,0.6977005713898463
65,13,2030,solar,0.7132304143519055
65,14,2030,solar,0.6889508866602991
65,15,2030,solar,0.6279817975980604
65,16,2030,solar,0.5264683373404918
65,17,2030,solar,0.3767520967189231
65,18,2030,solar,0.21165425688240846
65,19,2030,solar,0.05870682144710565
65,20,2030,solar,0.00029962040123471614
65,21,2030,solar,0.0
65,22,2030,solar,0.0
65,23,2030,solar,0.0
65,24,2030,solar,0.0
65,1,2030,wind_offshore,0.23801554669637226
65,2,2030,wind_offshore,0.3602155799028366
65,3,2030,wind_offshore,0.4833915216756917
65,4,2030,wind_offshore,0.6098589632996996
65,5,2030,wind_offshore,0.7021720514038997
65,6,2030,wind_offshore,0.7656544289115461
65,7,2030,wind_offshore,0.8325181844345397
65,8,2030,wind_offshore,0.8229056203349774
65,9,2030,wind_offshore,0.7266910171706529
65,10,2030,wind_offshore,0.6614661461043372
65,11,2030,wind_offshore,0.6814287866528923
65,12,2030,wind_offshore,0.6348321529479161
65,13,2030,wind_offshore,0.5512616980355665
65,14,2030,wind_offshore,0.4490218695422436
65,15,2030,wind_offshore,0.44462746669591463
65,16,2030,wind_offshore,0.4082233435771531
65,17,2030,wind_offshore,0.3525011050765132
65,18,2030,wind_offshore,0.35117540791261104
65,19,2030,wind_offshore,0.3310724465100404
65,20,2030,wind_offshore,0.2561099035148843
65,21,2030,wind_offshore,0.21550123732340107
65,22,2030,wind_offshore,0.20544398084078236
65,23,2030,wind_offshore,0.26028187498544564
65,24,2030,wind_offshore,0.34377147991403745
65,1,2030,wind_onshore,0.15376434108637088
65,2,2030,wind_onshore,0.1618295936755364
65,3,2030,wind_onshore,0.16910910842446997
65,4,2030,wind_onshore,0.18065297485513448
65,5,2030,wind_onshore,0.19597858750287286
65,6,2030,wind_onshore,0.21723165192499894
65,7,2030,wind_onshore,0.22991796921177074
65,8,2030,wind_onshore,0.23047698328711175
65,9,2030,wind_onshore,0.24713157356389953
65,10,2030,wind_onshore,0.27807461372020514
65,11,2030,wind_onshore,0.3013600925657375
65,12,2030,wind_onshore,0.3602002549294785
65,13,2030,wind_onshore,0.4258968378680442
65,14,2030,wind_onshore,0.5037888450787485
65,15,2030,wind_onshore,0.5669600015207141
65,16,2030,wind_onshore,0.5900277163666021
65,17,2030,wind_onshore,0.599879484747806
65,18,2030,wind_onshore,0.5947280873479173
65,19,2030,wind_onshore,0.5897673858633361
65,20,2030,wind_onshore,0.5665632888318197
65,21,2030,wind_onshore,0.528255719603211
65,22,2030,wind_onshore,0.4937808088811225
65,23,2030,wind_onshore,0.4726645291122362
65,24,2030,wind_onshore,0.4724566114397023
66,1,2030,demand,0.5139932252890349
66,2,2030,demand,0.4962422424494639
66,3,2030,demand,0.47991016957576826
66,4,2030,demand,0.46538508910187004
66,5,2030,demand,0.4583568163452187
66,6,2030,demand,0.450233052365831
66,7,2030,demand,0.4539982110576264
66,8,2030,demand,0.48157377286304304
66,9,2030,demand,0.5188946854138327
66,10,2030,demand,0.5518990211079802
66,11,2030,demand,0.5714008399996156
66,12,2030,demand,0.5698297681951835
66,13,2030,demand,0.5729396248735728
66,14,2030,demand,0.5644272400776004
66,15,2030,demand,0.5539287810374769
66,16,2030,demand,0.5417806494045644
66,17,2030,demand,0.5402017121298962
66,18,2030,demand,0.553192477193505
66,19,2030,demand,0.5800977897901052
66,20,2030,demand,0.5976856134886883
66,21,2030,demand,0.6082390776446113
66,22,2030,demand,0.5931837195677983
66,23,2030,demand,0.5562569197529877
66,24,2030,demand,0.5349382794529204
66,1,2030,solar,0.0
66,2,2030,solar,0.0
66,3,2030,solar,0.0
66,4,2030,solar,0.0
66,5,2030,solar,0.0
66,6,2030,solar,0.0
66,7,2030,solar,0.0
66,8,2030,solar,0.0
66,9,2030,solar,0.03787792891697136
66,10,2030,solar,0.12947062485419591
66,11,2030,solar,0.22664117343143586
66,12,2030,solar,0.29626159125203066
66,13,2030,solar,0.34617077089163595
66,14,2030,solar,0.37232738762561635
66,15,2030,solar,0.3407096225810813
66,16,2030,solar,0.25498115537245825
66,17,2030,solar,0.13636732016455325
66,18,2030,solar,0.0316009597374811
66,19,2030,solar,0.0
66,20,2030,solar,0.0
66,21,2030,solar,0.0
66,22,2030,solar,0.0
66,23,2030,solar,0.0
66,24,2030,solar,0.0
66,1,2030,wind_offshore,0.13026148757323117
66,2,2030,wind_offshore,0.23154234255555686
66,3,2030,wind_offshore,0.36425076895462305
66,4,2030,wind_offshore,0.5382029800353589
66,5,2030,wind_offshore,0.7024450692114448
66,6,2030,wind_offshore,0.8292574371159772
66,7,2030,wind_offshore,0.906819697839887
66,8,2030,wind_offshore,0.9435876789385726
66,9,2030,wind_offshore,0.9580973299274229
66,10,2030,wind_offshore,0.9573430937115882
66,11,2030,wind_offshore,0.9522715521771601
66,12,2030,wind_offshore,0.9534180422773755
66,13,2030,wind_offshore,0.9592286061367025
66,14,2030,wind_offshore,0.9617206385603968
66,15,2030,wind_offshore,0.9610107547060636
66,16,2030,wind_offshore,0.9673256300140929
66,17,2030,wind_offshore,0.9666879099361942
66,18,2030,wind_offshore,0.9537262898208162
66,19,2030,wind_offshore,0.957012342468957
66,20,2030,wind_offshore,0.9631325486371395
66,21,2030,wind_offshore,0.9622888204237657
66,22,2030,wind_offshore,0.961418656016523
66,23,2030,wind_offshore,0.959518314796005
66,24,2030,wind_offshore,0.9600763347203747
66,1,2030,wind_onshore,0.19834575333210613
66,2,2030,wind_onshore,0.2098078281447923
66,3,2030,wind_onshore,0.22019898482529532
66,4,2030,wind_onshore,0.2281246348510314
66,5,2030,wind_onshore,0.23841439923867375
66,6,2030,wind_onshore,0.251762496938929
66,7,2030,wind_onshore,0.261159328156556
66,8,2030,wind_onshore,0.26575393037324724
66,9,2030,wind_onshore,0.27423756914688124
66,10,2030,wind_onshore,0.2900761325168423
66,11,2030,wind_onshore,0.2819586831803327
66,12,2030,wind_onshore,0.2980360654683551
66,13,2030,wind_onshore,0.3034621733730666
66,14,2030,wind_onshore,0.30285408313586326
66,15,2030,wind_onshore,0.30644043012820316
66,16,2030,wind_onshore,0.3088755480892533
66,17,2030,wind_onshore,0.3020676765593699
66,18,2030,wind_onshore,0.31957839989069725
66,19,2030,wind_onshore,0.361726801542259
66,20,2030,wind_onshore,0.38458996481647495
66,21,2030,wind_onshore,0.40253120906150786
66,22,2030,wind_onshore,0.41335977548594627
66,23,2030,wind_onshore,0.38105710282481364
66,24,2030,wind_onshore,0.39268236096005144
67,1,2030,demand,0.5397429670276208
67,2,2030,demand,0.5189213005702539
67,3,2030,demand,0.50659636382493
67,4,2030,demand,0.48919116209576313
67,5,2030,demand,0.5029083126218278
67,6,2030,demand,0.532613283658667
67,7,2030,demand,0.5812914071501005
67,8,2030,demand,0.6324449382463248
67,9,2030,demand,0.6742462060541866
67,10,2030,demand,0.6916369142124617
67,11,2030,demand,0.7007734569029782
67,12,2030,demand,0.6861188708367071
67,13,2030,demand,0.6717142495973254
67,14,2030,demand,0.6605286564600802
67,15,2030,demand,0.6401661252015195
67,16,2030,demand,0.6249189706748338
67,17,2030,demand,0.6222694676568228
67,18,2030,demand,0.6383598872426466
67,19,2030,demand,0.6708606490927909
67,20,2030,demand,0.6943179120067723
67,21,2030,demand,0.6871929359623641
67,22,2030,demand,0.6479876623833164
67,23,2030,demand,0.5987047665545022
67,24,2030,demand,0.5598996673928586
67,1,2030,solar,0.0
67,2,2030,solar,0.0
67,3,2030,solar,0.0
67,4,2030,solar,0.0
67,5,2030,solar,0.0
67,6,2030,solar,0.0
67,7,2030,solar,0.0
67,8,2030,solar,0.0001089494873949762
67,9,2030,solar,0.17177690547143246
67,10,2030,solar,0.39301601858527463
67,11,2030,solar,0.5404864031548194
67,12,2030,solar,0.6556428816275515
67,13,2030,solar,0.7039814393006272
67,14,2030,solar,0.672749527754813
67,15,2030,solar,0.5959352320748056
67,16,2030,solar,0.46640122779637105
67,17,2030,solar,0.30175965816949246
67,18,2030,solar,0.1187919996023568
67,19,2030,solar,0.0
67,20,2030,solar,0.0
67,21,2030,solar,0.0
67,22,2030,solar,0.0
67,23,2030,solar,0.0
67,24,2030,solar,0.0
67,1,2030,wind_offshore,0.7278662273967104
67,2,2030,wind_offshore,0.71362315320504
67,3,2030,wind_offshore,0.7657660739056856
67,4,2030,wind_offshore,0.7842308006016768
67,5,2030,wind_offshore,0.7372349132248771
67,6,2030,wind_offshore,0.6829265445402528
67,7,2030,wind_offshore,0.6978624993013204
67,8,2030,wind_offshore,0.7224831183387982
67,9,2030,wind_offshore,0.7191819828730004
67,10,2030,wind_offshore,0.7532258465148353
67,11,2030,wind_offshore,0.8318732767499022
67,12,2030,wind_offshore,0.6594137684513239
67,13,2030,wind_offshore,0.5298589203152579
67,14,2030,wind_offshore,0.6158452918694634
67,15,2030,wind_offshore,0.7958402227773308
67,16,2030,wind_offshore,0.8999026744995533
67,17,2030,wind_offshore,0.939495577542588
67,18,2030,wind_offshore,0.9471903452015756
67,19,2030,wind_offshore,0.9355011814356737
67,20,2030,wind_offshore,0.9414799805913546
67,21,2030,wind_offshore,0.9311752191489805
67,22,2030,wind_offshore,0.9377821635434516
67,23,2030,wind_offshore,0.9288031494274119
67,24,2030,wind_offshore,0.9236204915844716
67,1,2030,wind_onshore,0.13623952286598986
67,2,2030,wind_onshore,0.13707119893348424
67,3,2030,wind_onshore,0.14534439656757284
67,4,2030,wind_onshore,0.15339354185435383
67,5,2030,wind_onshore,0.15156462279431418
67,6,2030,wind_onshore,0.15448533056936736
67,7,2030,wind_onshore,0.1652165246333485
67,8,2030,wind_onshore,0.16951522825956358
67,9,2030,wind_onshore,0.17132509382822803
67,10,2030,wind_onshore,0.14256104938147937
67,11,2030,wind_onshore,0.15291010868757704
67,12,2030,wind_onshore,0.18318179677768184
67,13,2030,wind_onshore,0.22020126362797798
67,14,2030,wind_onshore,0.25230291277614103
67,15,2030,wind_onshore,0.2930897906871217
67,16,2030,wind_onshore,0.34612711886703645
67,17,2030,wind_onshore,0.3473039469041657
67,18,2030,wind_onshore,0.35143014848051746
67,19,2030,wind_onshore,0.36847220723873375
67,20,2030,wind_onshore,0.40077759124065776
67,21,2030,wind_onshore,0.4221251965147225
67,22,2030,wind_onshore,0.4406718891709687
67,23,2030,wind_onshore,0.4737859303345061
67,24,2030,wind_onshore,0.5122595896666684
68,1,2030,demand,0.5220029418638532
68,2,2030,demand,0.5074423823356888
68,3,2030,demand,0.5001626583297775
68,4,2030,demand,0.49114495369989114
68,5,2030,demand,0.49579129682905165
68,6,2030,demand,0.5195967844022975
68,7,2030,demand,0.552765296448563
68,8,2030,demand,0.5982872983126797
68,9,2030,demand,0.6327319892612746
68,10,2030,demand,0.6507861601896403
68,11,2030,demand,0.6530929487740096
68,12,2030,demand,0.6454190666297949
68,13,2030,demand,0.6293270401510884
68,14,2030,demand,0.6140063729719498
68,15,2030,demand,0.5958405833553679
68,16,2030,demand,0.5866179200083714
68,17,2030,demand,0.5943921522911206
68,18,2030,demand,0.6067622831259716
68,19,2030,demand,0.6337666065996888
68,20,2030,demand,0.6546255800210012
68,21,2030,demand,0.6482509711508697
68,22,2030,demand,0.6109850178785562
68,23,2030,demand,0.5650824130370847
68,24,2030,demand,0.5512890050526507
68,1,2030,solar,0.0
68,2,2030,solar,0.0
68,3,2030,solar,0.0
68,4,2030,solar,0.0
68,5,2030,solar,0.0
68,6,2030,solar,0.0
68,7,2030,solar,0.0
68,8,2030,solar,0.007150598976709877
68,9,2030,solar,0.07367984405156641
68,10,2030,solar,0.18967101610056014
68,11,2030,solar,0.2906864947145519
68,12,2030,solar,0.36783428828339376
68,13,2030,solar,0.43249204461635476
68,14,2030,solar,0.4202476667172921
68,15,2030,solar,0.36082408523360554
68,16,2030,solar,0.2928786454642273
68,17,2030,solar,0.18490816637226767
68,18,2030,solar,0.07877885424354103
68,19,2030,solar,0.0015083933461459773
68,20,2030,solar,0.0
68,21,2030,solar,0.0
68,22,2030,solar,0.0
68,23,2030,solar,0.0
68,24,2030,solar,0.0
68,1,2030,wind_offshore,0.48527430283113293
68,2,2030,wind_offshore,0.49896611131020263
68,3,2030,wind_offshore,0.48080986164733797
68,4,2030,wind_offshore,0.4733747747321517
68,5,2030,wind_offshore,0.46367848608129414
68,6,2030,wind_offshore,0.4565083836955357
68,7,2030,wind_offshore,0.47041964716909407
68,8,2030,wind_offshore,0.49564877796486295
68,9,2030,wind_offshore,0.5239648346173097
68,10,2030,wind_offshore,0.5420959766352161
68,11,2030,wind_offshore,0.4356627534531165
68,12,2030,wind_offshore,0.4265480859974353
68,13,2030,wind_offshore,0.42651696146367624
68,14,2030,wind_offshore,0.4182947495951451
68,15,2030,wind_offshore,0.414540462975331
68,16,2030,wind_offshore,0.39324471485924667
68,17,2030,wind_offshore,0.33824454398276327
68,18,2030,wind_offshore,0.2850498516800176
68,19,2030,wind_offshore,0.24157162158316015
68,20,2030,wind_offshore,0.19389300490374362
68,21,2030,wind_offshore,0.12666659445792855
68,22,2030,wind_offshore,0.08643428422168817
68,23,2030,wind_offshore,0.08518450470711093
68,24,2030,wind_offshore,0.10062262252225658
68,1,2030,wind_onshore,0.6246960884653956
68,2,2030,wind_onshore,0.5934563063492255
68,3,2030,wind_onshore,0.5715162164515455
68,4,2030,wind_onshore,0.5420796628594469
68,5,2030,wind_onshore,0.5193689065668272
68,6,2030,wind_onshore,0.49169129766467085
68,7,2030,wind_onshore,0.45942325453888605
68,8,2030,wind_onshore,0.4331637141271734
68,9,2030,wind_onshore,0.4206936374208227
68,10,2030,wind_onshore,0.46625735593978757
68,11,2030,wind_onshore,0.4665141946216894
68,12,2030,wind_onshore,0.4509380232777384
68,13,2030,wind_onshore,0.4483332089023795
68,14,2030,wind_onshore,0.43578679783298346
68,15,2030,wind_onshore,0.4502929362547764
68,16,2030,wind_onshore,0.4524029768084031
68,17,2030,wind_onshore,0.45473556945569177
68,18,2030,wind_onshore,0.4193983580455074
68,19,2030,wind_onshore,0.3763210450826656
68,20,2030,wind_onshore,0.35540447398178676
68,21,2030,wind_onshore,0.33415632454221145
68,22,2030,wind_onshore,0.3124331277780761
68,23,2030,wind_onshore,0.2881728101028247
68,24,2030,wind_onshore,0.25940217492656537
69,1,2030,demand,0.5337378806528157
69,2,2030,demand,0.5149060894478102
69,3,2030,demand,0.5054969848273078
69,4,2030,demand,0.4963605526830632
69,5,2030,demand,0.5044747471633884
69,6,2030,demand,0.5330152986180365
69,7,2030,demand,0.5971500189727648
69,8,2030,demand,0.6507048086263136
69,9,2030,demand,0.6857711918601144
69,10,2030,demand,0.7098477952247346
69,11,2030,demand,0.711548242817801
69,12,2030,demand,0.7110014040537416
69,13,2030,demand,0.7057010712628424
69,14,2030,demand,0.6897689100354203
69,15,2030,demand,0.6676382701868471
69,16,2030,demand,0.660767620851654
69,17,2030,demand,0.666250536460264
69,18,2030,demand,0.6881921081986005
69,19,2030,demand,0.7087169749337084
69,20,2030,demand,0.7377656895469022
69,21,2030,demand,0.736296980973001
69,22,2030,demand,0.6910744314044635
69,23,2030,demand,0.6326586614470652
69,24,2030,demand,0.601367341113243
69,1,2030,solar,0.0
69,2,2030,solar,0.0
69,3,2030,solar,0.0
69,4,2030,solar,0.0
69,5,2030,solar,0.0
69,6,2030,solar,0.0
69,7,2030,solar,0.0
69,8,2030,solar,0.0
69,9,2030,solar,0.07146565530408108
69,10,2030,solar,0.27560138581521443
69,11,2030,solar,0.45074142740781836
69,12,2030,solar,0.5713438325465009
69,13,2030,solar,0.6258909277009403
69,14,2030,solar,0.6149318726737378
69,15,2030,solar,0.5289690879133078
69,16,2030,solar,0.3835141146201092
69,17,2030,solar,0.19726649906877036
69,18,2030,solar,0.00296266205889237
69,19,2030,solar,0.0
69,20,2030,solar,0.0
69,21,2030,solar,0.0
69,22,2030,solar,0.0
69,23,2030,solar,0.0
69,24,2030,solar,0.0
69,1,2030,wind_offshore,0.013055443029402255
69,2,2030,wind_offshore,0.01136685975318206
69,3,2030,wind_offshore,0.01416471670486373
69,4,2030,wind_offshore,0.014760863752633278
69,5,2030,wind_offshore,0.017430039626881277
69,6,2030,wind_offshore,0.028573654974176056
69,7,2030,wind_offshore,0.05450962045318518
69,8,2030,wind_offshore,0.06692287812654704
69,9,2030,wind_offshore,0.06574309345406726
69,10,2030,wind_offshore,0.09462083387944746
69,11,2030,wind_offshore,0.09139108835985771
69,12,2030,wind_offshore,0.13454970543617017
69,13,2030,wind_offshore,0.1581353085727971
69,14,2030,wind_offshore,0.2209553113218417
69,15,2030,wind_offshore,0.31337556648973774
69,16,2030,wind_offshore,0.29318512323777757
69,17,2030,wind_offshore,0.2748540088366096
69,18,2030,wind_offshore,0.3013961849408952
69,19,2030,wind_offshore,0.2381065481891666
69,20,2030,wind_offshore,0.10259802682335831
69,21,2030,wind_offshore,0.11554826369138943
69,22,2030,wind_offshore,0.17493655996630414
69,23,2030,wind_offshore,0.2937622544101046
69,24,2030,wind_offshore,0.539897141112877
69,1,2030,wind_onshore,0.4389658073808222
69,2,2030,wind_onshore,0.4362348282745119
69,3,2030,wind_onshore,0.4355625082243219
69,4,2030,wind_onshore,0.42741124283242393
69,5,2030,wind_onshore,0.4329217743592446
69,6,2030,wind_onshore,0.4258377044233318
69,7,2030,wind_onshore,0.42047315508980165
69,8,2030,wind_onshore,0.41746057815963244
69,9,2030,wind_onshore,0.4158757508721042
69,10,2030,wind_onshore,0.3910651076987336
69,11,2030,wind_onshore,0.359236922061595
69,12,2030,wind_onshore,0.37045474901963893
69,13,2030,wind_onshore,0.3894364352686761
69,14,2030,wind_onshore,0.3988598337248684
69,15,2030,wind_onshore,0.4046931947171326
69,16,2030,wind_onshore,0.3947457762225852
69,17,2030,wind_onshore,0.34850204026451814
69,18,2030,wind_onshore,0.3230479554930292
69,19,2030,wind_onshore,0.33632640823425813
69,20,2030,wind_onshore,0.3282285055129926
69,21,2030,wind_onshore,0.3116528137428297
69,22,2030,wind_onshore,0.30034211080734025
69,23,2030,wind_onshore,0.3035031032799172
69,24,2030,wind_onshore,0.30925164262297966
70,1,2030,demand,0.5155086163549446
70,2,2030,demand,0.505665648697639
70,3,2030,demand,0.4897761986087472
70,4,2030,demand,0.4847053172402568
70,5,2030,demand,0.4920909422315306
70,6,2030,demand,0.5185995239997755
70,7,2030,demand,0.5704248621482261
70,8,2030,demand,0.6258706176050217
70,9,2030,demand,0.6629275103462617
70,10,2030,demand,0.6838753496139691
70,11,2030,demand,0.6871775687397221
70,12,2030,demand,0.6914307739496539
70,13,2030,demand,0.6812340934839389
70,14,2030,demand,0.661559715767792
70,15,2030,demand,0.6506400400265924
70,16,2030,demand,0.6455189650755185
70,17,2030,demand,0.6477441407228595
70,18,2030,demand,0.6688811962219392
70,19,2030,demand,0.6955489962361443
70,20,2030,demand,0.7184518663755667
70,21,2030,demand,0.7113644728403933
70,22,2030,demand,0.6670717618559819
70,23,2030,demand,0.6085217110056065
70,24,2030,demand,0.5813790154501295
70,1,2030,solar,0.0
70,2,2030,solar,0.0
70,3,2030,solar,0.0
70,4,2030,solar,0.0
70,5,2030,solar,0.0
70,6,2030,solar,0.0
70,7,2030,solar,0.0
70,8,2030,solar,0.0
70,9,2030,solar,0.07031140362957279
70,10,2030,solar,0.17483758338154126
70,11,2030,solar,0.271455774278242
70,12,2030,solar,0.33227868607902916
70,13,2030,solar,0.34498334706335304
70,14,2030,solar,0.3246331046721503
70,15,2030,solar,0.25859382964981964
70,16,2030,solar,0.167930258689054
70,17,2030,solar,0.07346047751918147
70,18,2030,solar,0.0
70,19,2030,solar,0.0
70,20,2030,solar,0.0
70,21,2030,solar,0.0
70,22,2030,solar,0.0
70,23,2030,solar,0.0
70,24,2030,solar,0.0
70,1,2030,wind_offshore,0.7274441674186125
70,2,2030,wind_offshore,0.7827830882157663
70,3,2030,wind_offshore,0.8404388849379192
70,4,2030,wind_offshore,0.888076587004792
70,5,2030,wind_offshore,0.8860324566274542
70,6,2030,wind_offshore,0.8573454287159367
70,7,2030,wind_offshore,0.8003763919807696
70,8,2030,wind_offshore,0.707026580607177
70,9,2030,wind_offshore,0.6564329807645597
70,10,2030,wind_offshore,0.6167036999633069
70,11,2030,wind_offshore,0.5260721788256804
70,12,2030,wind_offshore,0.542345402904273
70,13,2030,wind_offshore,0.6405091620073919
70,14,2030,wind_offshore,0.6904107651471638
70,15,2030,wind_offshore,0.7363880957508697
70,16,2030,wind_offshore,0.7464058795483343
70,17,2030,wind_offshore,0.7188996522985467
70,18,2030,wind_offshore,0.6889729268978537
70,19,2030,wind_offshore,0.6380223182532323
70,20,2030,wind_offshore,0.6075172378846995
70,21,2030,wind_offshore,0.54838003020541
70,22,2030,wind_offshore,0.5214042442820218
70,23,2030,wind_offshore,0.6093961968747135
70,24,2030,wind_offshore,0.6509589509423035
70,1,2030,wind_onshore,0.4372399187558051
70,2,2030,wind_onshore,0.43565198389562
70,3,2030,wind_onshore,0.4285963633717048
70,4,2030,wind_onshore,0.42307762769162166
70,5,2030,wind_onshore,0.4020298791728424
70,6,2030,wind_onshore,0.3890636347848251
70,7,2030,wind_onshore,0.37023371152200446
70,8,2030,wind_onshore,0.34898374563718765
70,9,2030,wind_onshore,0.33979788008941403
70,10,2030,wind_onshore,0.31862744507751173
70,11,2030,wind_onshore,0.30526544052564336
70,12,2030,wind_onshore,0.3202002752973033
70,13,2030,wind_onshore,0.3248099357999397
70,14,2030,wind_onshore,0.3197324526579265
70,15,2030,wind_onshore,0.3078815609494949
70,16,2030,wind_onshore,0.2735314166344545
70,17,2030,wind_onshore,0.22925694476516303
70,18,2030,wind_onshore,0.1921819120044137
70,19,2030,wind_onshore,0.16904771003520705
70,20,2030,wind_onshore,0.15983252266455403
70,21,2030,wind_onshore,0.15870625793018517
70,22,2030,wind_onshore,0.1576665644571101
70,23,2030,wind_onshore,0.17950833835336208
70,24,2030,wind_onshore,0.17403705051784082
71,1,2030,demand,0.47004141374932484
71,2,2030,demand,0.47186744963785054
71,3,2030,demand,0.47384912383838795
71,4,2030,demand,0.46931140206221
71,5,2030,demand,0.4885294613187098
71,6,2030,demand,0.5199684553420147
71,7,2030,demand,0.5515491173089364
71,8,2030,demand,0.5804851896258684
71,9,2030,demand,0.5983403823212918
71,10,2030,demand,0.6085904698117814
71,11,2030,demand,0.613827170491015
71,12,2030,demand,0.619132517376934
71,13,2030,demand,0.6193900141140585
71,14,2030,demand,0.6108779605716119
71,15,2030,demand,0.6082274783185986
71,16,2030,demand,0.6042006224183711
71,17,2030,demand,0.6029614180021462
71,18,2030,demand,0.6035524738769903
71,19,2030,demand,0.6051220427019468
71,20,2030,demand,0.6014128165019799
71,21,2030,demand,0.5787333064728262
71,22,2030,demand,0.5402385862101353
71,23,2030,demand,0.5019014742860815
71,24,2030,demand,0.5002406931289501
71,1,2030,solar,0.0
71,2,2030,solar,0.0
71,3,2030,solar,0.0
71,4,2030,solar,0.0
71,5,2030,solar,0.0
71,6,2030,solar,0.0
71,7,2030,solar,0.00281089885883643
71,8,2030,solar,0.1104957237147567
71,9,2030,solar,0.2802560817206712
71,10,2030,solar,0.4171868925191477
71,11,2030,solar,0.497243122908879
71,12,2030,solar,0.5303221405887857
71,13,2030,solar,0.49091330494353524
71,14,2030,solar,0.3930771456331752
71,15,2030,solar,0.3008673022136532
71,16,2030,solar,0.22345922331471652
71,17,2030,solar,0.14772287380665725
71,18,2030,solar,0.07901954556460952
71,19,2030,solar,0.017698966221375935
71,20,2030,solar,0.0
71,21,2030,solar,0.0
71,22,2030,solar,0.0
71,23,2030,solar,0.0
71,24,2030,solar,0.0
71,1,2030,wind_offshore,0.0753632728170228
71,2,2030,wind_offshore,0.13029620966131275
71,3,2030,wind_offshore,0.2343614294905661
71,4,2030,wind_offshore,0.37998278829706517
71,5,2030,wind_offshore,0.4848625636701809
71,6,2030,wind_offshore,0.6178568747204058
71,7,2030,wind_offshore,0.7041634081509616
71,8,2030,wind_offshore,0.7339539605268579
71,9,2030,wind_offshore,0.7409132432244699
71,10,2030,wind_offshore,0.7212158811307072
71,11,2030,wind_offshore,0.3563698058173718
71,12,2030,wind_offshore,0.3395544197696914
71,13,2030,wind_offshore,0.3956773286735571
71,14,2030,wind_offshore,0.4119919102193623
71,15,2030,wind_offshore,0.47061962509661315
71,16,2030,wind_offshore,0.5266234116420571
71,17,2030,wind_offshore,0.6118246011948589
71,18,2030,wind_offshore,0.7055388455226088
71,19,2030,wind_offshore,0.6743181404656429
71,20,2030,wind_offshore,0.6254859932128893
71,21,2030,wind_offshore,0.6096979470428815
71,22,2030,wind_offshore,0.5416942291771221
71,23,2030,wind_offshore,0.493366286020236
71,24,2030,wind_offshore,0.664612076213827
71,1,2030,wind_onshore,0.17362595476179782
71,2,2030,wind_onshore,0.1775207999012924
71,3,2030,wind_onshore,0.17728878206092344
71,4,2030,wind_onshore,0.1742423485799536
71,5,2030,wind_onshore,0.18472045281828114
71,6,2030,wind_onshore,0.18089855184331394
71,7,2030,wind_onshore,0.17516202426953187
71,8,2030,wind_onshore,0.15899186578043573
71,9,2030,wind_onshore,0.17346088587119202
71,10,2030,wind_onshore,0.18563224578818582
71,11,2030,wind_onshore,0.14841145195000227
71,12,2030,wind_onshore,0.21652130198190697
71,13,2030,wind_onshore,0.2969242052117438
71,14,2030,wind_onshore,0.37621571614586846
71,15,2030,wind_onshore,0.43295469882774906
71,16,2030,wind_onshore,0.46077697158782893
71,17,2030,wind_onshore,0.4469071668312528
71,18,2030,wind_onshore,0.4318142183688737
71,19,2030,wind_onshore,0.3985562014717361
71,20,2030,wind_onshore,0.36138706126715303
71,21,2030,wind_onshore,0.3390585979690856
71,22,2030,wind_onshore,0.33870235198062565
71,23,2030,wind_onshore,0.37768361041347975
71,24,2030,wind_onshore,0.3706201241108944
72,1,2030,demand,0.47907790956136265
72,2,2030,demand,0.46393142946142635
72,3,2030,demand,0.4475051662345356
72,4,2030,demand,0.42727603445568446
72,5,2030,demand,0.4186258336324062
72,6,2030,demand,0.4107727578134495
72,7,2030,demand,0.41979741742582605
72,8,2030,demand,0.4504723740592842
72,9,2030,demand,0.48477028610956113
72,10,2030,demand,0.5136742386608928
72,11,2030,demand,0.5239727635753936
72,12,2030,demand,0.5175121371408469
72,13,2030,demand,0.5165445509188484
72,14,2030,demand,0.5137356449934617
72,15,2030,demand,0.5268641223400437
72,16,2030,demand,0.5152176671636426
72,17,2030,demand,0.5173342193220622
72,18,2030,demand,0.5089972656491745
72,19,2030,demand,0.5391295919865509
72,20,2030,demand,0.5655510888842283
72,21,2030,demand,0.5835826528030169
72,22,2030,demand,0.5710220999140292
72,23,2030,demand,0.5295490666767382
72,24,2030,demand,0.5124940148855435
72,1,2030,solar,0.0
72,2,2030,solar,0.0
72,3,2030,solar,0.0
72,4,2030,solar,0.0
72,5,2030,solar,0.0
72,6,2030,solar,0.0
72,7,2030,solar,0.0
72,8,2030,solar,0.0
72,9,2030,solar,0.12429429473427611
72,10,2030,solar,0.3387810166382218
72,11,2030,solar,0.504037693549996
72,12,2030,solar,0.6208481355039215
72,13,2030,solar,0.6762536759936817
72,14,2030,solar,0.6714984240262
72,15,2030,solar,0.6052186589598731
72,16,2030,solar,0.48527297959949467
72,17,2030,solar,0.3056558678718974
72,18,2030,solar,0.10510648273196763
72,19,2030,solar,0.0
72,20,2030,solar,0.0
72,21,2030,solar,0.0
72,22,2030,solar,0.0
72,23,2030,solar,0.0
72,24,2030,solar,0.0
72,1,2030,wind_offshore,0.6759293314717743
72,2,2030,wind_offshore,0.6503306394140428
72,3,2030,wind_offshore,0.5982898325875456
72,4,2030,wind_offshore,0.5211651407321043
72,5,2030,wind_offshore,0.4286213165588878
72,6,2030,wind_offshore,0.30542531268462764
72,7,2030,wind_offshore,0.19280732040618453
72,8,2030,wind_offshore,0.13299997640063252
72,9,2030,wind_offshore,0.09248720837661861
72,10,2030,wind_offshore,0.06094120155968942
72,11,2030,wind_offshore,0.03584013489748593
72,12,2030,wind_offshore,0.03796067451058922
72,13,2030,wind_offshore,0.056441673874589954
72,14,2030,wind_offshore,0.07468658892881593
72,15,2030,wind_offshore,0.07541494061257202
72,16,2030,wind_offshore,0.05492821746566638
72,17,2030,wind_offshore,0.03448400420189414
72,18,2030,wind_offshore,0.014386662363526651
72,19,2030,wind_offshore,0.0020528761707245703
72,20,2030,wind_offshore,0.0
72,21,2030,wind_offshore,0.0
72,22,2030,wind_offshore,0.0
72,23,2030,wind_offshore,0.00017936104033238718
72,24,2030,wind_offshore,0.001080599313236062
72,1,2030,wind_onshore,0.08203232195305393
72,2,2030,wind_onshore,0.08309176320374995
72,3,2030,wind_onshore,0.08393096617893232
72,4,2030,wind_onshore,0.08348236663873487
72,5,2030,wind_onshore,0.08336142142435049
72,6,2030,wind_onshore,0.08352648856781653
72,7,2030,wind_onshore,0.08831864054255822
72,8,2030,wind_onshore,0.09542301780416701
72,9,2030,wind_onshore,0.10415904289973453
72,10,2030,wind_onshore,0.10285597894216678
72,11,2030,wind_onshore,0.08293662056831427
72,12,2030,wind_onshore,0.07967849455680914
72,13,2030,wind_onshore,0.0916018880664425
72,14,2030,wind_onshore,0.10268570418388992
72,15,2030,wind_onshore,0.10676005967987667
72,16,2030,wind_onshore,0.10450792203438694
72,17,2030,wind_onshore,0.09721858438485062
72,18,2030,wind_onshore,0.10822488918262026
72,19,2030,wind_onshore,0.12008855080253893
72,20,2030,wind_onshore,0.12634994803370558
72,21,2030,wind_onshore,0.1319247723849759
72,22,2030,wind_onshore,0.13813856027427723
72,23,2030,wind_onshore,0.15208534337001145
72,24,2030,wind_onshore,0.15430145495558648
73,1,2030,demand,0.4895941233373004
73,2,2030,demand,0.48365359366836413
73,3,2030,demand,0.47858513169376954
73,4,2030,demand,0.4658534930593413
73,5,2030,demand,0.46982159711621985
73,6,2030,demand,0.49636924726327036
73,7,2030,demand,0.5340916822317887
73,8,2030,demand,0.5822385776816658
73,9,2030,demand,0.6102225294688302
73,10,2030,demand,0.6253840183920708
73,11,2030,demand,0.6423860886997247
73,12,2030,demand,0.639195129550698
73,13,2030,demand,0.6331945380251195
73,14,2030,demand,0.6146925652538067
73,15,2030,demand,0.603805198589079
73,16,2030,demand,0.5893274793382496
73,17,2030,demand,0.6017932015116819
73,18,2030,demand,0.6124104449205563
73,19,2030,demand,0.6395562255564193
73,20,2030,demand,0.646367837971739
73,21,2030,demand,0.6252919163680047
73,22,2030,demand,0.5832035989677837
73,23,2030,demand,0.53122148773612
73,24,2030,demand,0.5097628306074662
73,1,2030,solar,0.0
73,2,2030,solar,0.0
73,3,2030,solar,0.0
73,4,2030,solar,0.0
73,5,2030,solar,0.0
73,6,2030,solar,0.0
73,7,2030,solar,0.0
73,8,2030,solar,0.0
73,9,2030,solar,0.05749534299886005
73,10,2030,solar,0.17773979166966491
73,11,2030,solar,0.2896867755332559
73,12,2030,solar,0.36238419262007426
73,13,2030,solar,0.39724372887244924
73,14,2030,solar,0.38713416941443124
73,15,2030,solar,0.3327166611781148
73,16,2030,solar,0.23773664024640415
73,17,2030,solar,0.11986074527899623
73,18,2030,solar,0.017860453039441296
73,19,2030,solar,0.0
73,20,2030,solar,0.0
73,21,2030,solar,0.0
73,22,2030,solar,0.0
73,23,2030,solar,0.0
73,24,2030,solar,0.0
73,1,2030,wind_offshore,0.8961906384971338
73,2,2030,wind_offshore,0.8828662441466555
73,3,2030,wind_offshore,0.8742716680179888
73,4,2030,wind_offshore,0.8829612019695874
73,5,2030,wind_offshore,0.8872499655970688
73,6,2030,wind_offshore,0.8830331489423859
73,7,2030,wind_offshore,0.8918884590242521
73,8,2030,wind_offshore,0.878368812911481
73,9,2030,wind_offshore,0.7115074117166709
73,10,2030,wind_offshore,0.28298419875367453
73,11,2030,wind_offshore,0.05770030772705479
73,12,2030,wind_offshore,0.028072167232538036
73,13,2030,wind_offshore,0.09082702803148594
73,14,2030,wind_offshore,0.22678263037626484
73,15,2030,wind_offshore,0.3521892925021328
73,16,2030,wind_offshore,0.3949765736189276
73,17,2030,wind_offshore,0.4984328551099257
73,18,2030,wind_offshore,0.41686628458088987
73,19,2030,wind_offshore,0.246941085766467
73,20,2030,wind_offshore,0.13444633049314103
73,21,2030,wind_offshore,0.08383554880095649
73,22,2030,wind_offshore,0.026863231810094257
73,23,2030,wind_offshore,0.0006277493590842367
73,24,2030,wind_offshore,0.0
73,1,2030,wind_onshore,0.6160604650036802
73,2,2030,wind_onshore,0.6149082315289274
73,3,2030,wind_onshore,0.61016821666197
73,4,2030,wind_onshore,0.5899139190073314
73,5,2030,wind_onshore,0.6005872807722551
73,6,2030,wind_onshore,0.6172646085559665
73,7,2030,wind_onshore,0.6187501487913177
73,8,2030,wind_onshore,0.6234780890847418
73,9,2030,wind_onshore,0.6358026210736253
73,10,2030,wind_onshore,0.6498055413232183
73,11,2030,wind_onshore,0.6513481685285817
73,12,2030,wind_onshore,0.6702863848063794
73,13,2030,wind_onshore,0.6943006335693822
73,14,2030,wind_onshore,0.7048716120673308
73,15,2030,wind_onshore,0.6971736470415218
73,16,2030,wind_onshore,0.6748178683748579
73,17,2030,wind_onshore,0.639152747168587
73,18,2030,wind_onshore,0.6266896285734537
73,19,2030,wind_onshore,0.6183638446910289
73,20,2030,wind_onshore,0.5951012091478495
73,21,2030,wind_onshore,0.5595223474733465
73,22,2030,wind_onshore,0.5312852831066951
73,23,2030,wind_onshore,0.4914030707200259
73,24,2030,wind_onshore,0.46110119723244053
74,1,2030,demand,0.5064870878854612
74,2,2030,demand,0.49010638895394437
74,3,2030,demand,0.47521158205388914
74,4,2030,demand,0.46381767283708675
74,5,2030,demand,0.46419677707835066
74,6,2030,demand,0.47183393423737763
74,7,2030,demand,0.49975725098101964
74,8,2030,demand,0.5374063762502918
74,9,2030,demand,0.5691747922872408
74,10,2030,demand,0.5922123065241045
74,11,2030,demand,0.6060152156333407
74,12,2030,demand,0.6075943570405725
74,13,2030,demand,0.6019674747920383
74,14,2030,demand,0.5968529272950497
74,15,2030,demand,0.5803919576218337
74,16,2030,demand,0.5741131764577337
74,17,2030,demand,0.5690821220755584
74,18,2030,demand,0.5841401446095315
74,19,2030,demand,0.616648272285361
74,20,2030,demand,0.641961622686844
74,21,2030,demand,0.6453487148735193
74,22,2030,demand,0.6175498625593314
74,23,2030,demand,0.5667078023876588
74,24,2030,demand,0.5477059974991378
74,1,2030,solar,0.0
74,2,2030,solar,0.0
74,3,2030,solar,0.0
74,4,2030,solar,0.0
74,5,2030,solar,0.0
74,6,2030,solar,0.0
74,7,2030,solar,0.0
74,8,2030,solar,0.0
74,9,2030,solar,0.05440856860587626
74,10,2030,solar,0.18983341964402892
74,11,2030,solar,0.3108622542070455
74,12,2030,solar,0.3960372742636212
74,13,2030,solar,0.4275983652212192
74,14,2030,solar,0.4123954213414957
74,15,2030,solar,0.35623582081385496
74,16,2030,solar,0.2601607378939812
74,17,2030,solar,0.14144877484433593
74,18,2030,solar,0.02026622421600508
74,19,2030,solar,0.0
74,20,2030,solar,0.0
74,21,2030,solar,0.0
74,22,2030,solar,0.0
74,23,2030,solar,0.0
74,24,2030,solar,0.0
74,1,2030,wind_offshore,0.9112541655860196
74,2,2030,wind_offshore,0.9015509335592582
74,3,2030,wind_offshore,0.9027996352560314
74,4,2030,wind_offshore,0.9182188471659185
74,5,2030,wind_offshore,0.9209006612923487
74,6,2030,wind_offshore,0.9101028212790175
74,7,2030,wind_offshore,0.9041485021865229
74,8,2030,wind_offshore,0.9019973737868102
74,9,2030,wind_offshore,0.8410119989193645
74,10,2030,wind_offshore,0.7710664918641128
74,11,2030,wind_offshore,0.5744644400784699
74,12,2030,wind_offshore,0.5875565434466007
74,13,2030,wind_offshore,0.6028731745611048
74,14,2030,wind_offshore,0.5910108076021948
74,15,2030,wind_offshore,0.6358528130281745
74,16,2030,wind_offshore,0.6362074232860018
74,17,2030,wind_offshore,0.5987171515674501
74,18,2030,wind_offshore,0.5488405398049491
74,19,2030,wind_offshore,0.5323872218883348
74,20,2030,wind_offshore,0.5092908155476186
74,21,2030,wind_offshore,0.4735308529945946
74,22,2030,wind_offshore,0.4451683808910822
74,23,2030,wind_offshore,0.38232428087310066
74,24,2030,wind_offshore,0.37769267175091226
74,1,2030,wind_onshore,0.44056656100114977
74,2,2030,wind_onshore,0.4555072479063814
74,3,2030,wind_onshore,0.4685384186640487
74,4,2030,wind_onshore,0.4914313997751293
74,5,2030,wind_onshore,0.514486323498689
74,6,2030,wind_onshore,0.5377890768163442
74,7,2030,wind_onshore,0.5598724753479245
74,8,2030,wind_onshore,0.5923223720086193
74,9,2030,wind_onshore,0.6078345540978587
74,10,2030,wind_onshore,0.6059895984392417
74,11,2030,wind_onshore,0.5706424410019431
74,12,2030,wind_onshore,0.6403413489632884
74,13,2030,wind_onshore,0.7140499929849988
74,14,2030,wind_onshore,0.7406097212431162
74,15,2030,wind_onshore,0.7463401741621969
74,16,2030,wind_onshore,0.737954287875018
74,17,2030,wind_onshore,0.7032741204832728
74,18,2030,wind_onshore,0.6789295121598834
74,19,2030,wind_onshore,0.6607001961194068
74,20,2030,wind_onshore,0.6414736786278683
74,21,2030,wind_onshore,0.6289980384975218
74,22,2030,wind_onshore,0.6101547250148742
74,23,2030,wind_onshore,0.6157531136823358
74,24,2030,wind_onshore,0.5992895401684909
75,1,2030,demand,0.45829281381426035
75,2,2030,demand,0.453644397121969
75,3,2030,demand,0.43789824517057874
75,4,2030,demand,0.4321135725946654
75,5,2030,demand,0.4376720238799901
75,6,2030,demand,0.44728267230001467
75,7,2030,demand,0.4742464571324835
75,8,2030,demand,0.5086419647898428
75,9,2030,demand,0.5472728169356564
75,10,2030,demand,0.5677194501182815
75,11,2030,demand,0.5711201082091194
75,12,2030,demand,0.5634482224598067
75,13,2030,demand,0.55563655072511
75,14,2030,demand,0.5421616288290434
75,15,2030,demand,0.5206842010833285
75,16,2030,demand,0.5082968931934697
75,17,2030,demand,0.5015185784479417
75,18,2030,demand,0.5117515742856389
75,19,2030,demand,0.5264631668477768
75,20,2030,demand,0.5601451857425117
75,21,2030,demand,0.5657362395133393
75,22,2030,demand,0.5409526405332803
75,23,2030,demand,0.5066005725237996
75,24,2030,demand,0.4944706764453385
75,1,2030,solar,0.0
75,2,2030,solar,0.0
75,3,2030,solar,0.0
75,4,2030,solar,0.0
75,5,2030,solar,0.0
75,6,2030,solar,0.0
75,7,2030,solar,0.017837167486606118
75,8,2030,solar,0.10421978849525756
75,9,2030,solar,0.2233688976480827
75,10,2030,solar,0.3268983719886071
75,11,2030,solar,0.38155375126844404
75,12,2030,solar,0.44117378394732504
75,13,2030,solar,0.49546684598550117
75,14,2030,solar,0.49811735083227915
75,15,2030,solar,0.4766222344952797
75,16,2030,solar,0.4144720717495708
75,17,2030,solar,0.3037603330478923
75,18,2030,solar,0.17978159197034427
75,19,2030,solar,0.05806493782000838
75,20,2030,solar,3.2505642643434285e-6
75,21,2030,solar,0.0
75,22,2030,solar,0.0
75,23,2030,solar,0.0
75,24,2030,solar,0.0
75,1,2030,wind_offshore,0.09246725294486975
75,2,2030,wind_offshore,0.0482147400610201
75,3,2030,wind_offshore,0.031336225924123134
75,4,2030,wind_offshore,0.025040400459914038
75,5,2030,wind_offshore,0.014934074740968955
75,6,2030,wind_offshore,0.06127235316697648
75,7,2030,wind_offshore,0.07376529204872798
75,8,2030,wind_offshore,0.051763600767817095
75,9,2030,wind_offshore,0.02805661043559904
75,10,2030,wind_offshore,0.01022454374965254
75,11,2030,wind_offshore,0.012488299679332536
75,12,2030,wind_offshore,0.005262524622186064
75,13,2030,wind_offshore,0.0036975889091726785
75,14,2030,wind_offshore,0.0005324709415064669
75,15,2030,wind_offshore,0.0
75,16,2030,wind_offshore,0.00011382005439950524
75,17,2030,wind_offshore,0.0045620950144205615
75,18,2030,wind_offshore,0.023564422749374942
75,19,2030,wind_offshore,0.057271756991996464
75,20,2030,wind_offshore,0.1195956904286776
75,21,2030,wind_offshore,0.21788101714823416
75,22,2030,wind_offshore,0.32980176403279826
75,23,2030,wind_offshore,0.5181753840072327
75,24,2030,wind_offshore,0.6188677724272302
75,1,2030,wind_onshore,0.13422789615440922
75,2,2030,wind_onshore,0.14130597851727322
75,3,2030,wind_onshore,0.13796996659034133
75,4,2030,wind_onshore,0.12806056697853374
75,5,2030,wind_onshore,0.12172825914007401
75,6,2030,wind_onshore,0.11408063344385136
75,7,2030,wind_onshore,0.10946624575456702
75,8,2030,wind_onshore,0.10429847275291881
75,9,2030,wind_onshore,0.1058412266146852
75,10,2030,wind_onshore,0.09763534086882528
75,11,2030,wind_onshore,0.12693427718272665
75,12,2030,wind_onshore,0.12821701306940156
75,13,2030,wind_onshore,0.12936308586580259
75,14,2030,wind_onshore,0.12798279664553813
75,15,2030,wind_onshore,0.13001689402892116
75,16,2030,wind_onshore,0.14609560992467202
75,17,2030,wind_onshore,0.16540692139520746
75,18,2030,wind_onshore,0.16060110499786368
75,19,2030,wind_onshore,0.13622540818558743
75,20,2030,wind_onshore,0.13713597592965684
75,21,2030,wind_onshore,0.1464566227801315
75,22,2030,wind_onshore,0.14525428657282077
75,23,2030,wind_onshore,0.18458921374785517
75,24,2030,wind_onshore,0.19228715696116022
76,1,2030,demand,0.47611514058904475
76,2,2030,demand,0.46284941887681497
76,3,2030,demand,0.45289293506367434
76,4,2030,demand,0.4421443953735148
76,5,2030,demand,0.44151655853127963
76,6,2030,demand,0.44759217336264745
76,7,2030,demand,0.4693170465945694
76,8,2030,demand,0.5050535774400864
76,9,2030,demand,0.5381941753899546
76,10,2030,demand,0.5590403936808589
76,11,2030,demand,0.5680749690716584
76,12,2030,demand,0.5707783011460433
76,13,2030,demand,0.5646404329236743
76,14,2030,demand,0.5676863890517777
76,15,2030,demand,0.5565860969544572
76,16,2030,demand,0.5500174041048062
76,17,2030,demand,0.5538239932653631
76,18,2030,demand,0.5676768921781984
76,19,2030,demand,0.5952709137245663
76,20,2030,demand,0.6150972764148912
76,21,2030,demand,0.6174885724242175
76,22,2030,demand,0.59157304650422
76,23,2030,demand,0.5499711101705197
76,24,2030,demand,0.5303466707525626
76,1,2030,solar,0.0
76,2,2030,solar,0.0
76,3,2030,solar,0.0
76,4,2030,solar,0.0
76,5,2030,solar,0.0
76,6,2030,solar,0.0
76,7,2030,solar,0.0
76,8,2030,solar,0.0
76,9,2030,solar,0.040636488025036506
76,10,2030,solar,0.14475176658687916
76,11,2030,solar,0.2662665016760206
76,12,2030,solar,0.3613324563632161
76,13,2030,solar,0.41700126488049966
76,14,2030,solar,0.4338399551194945
76,15,2030,solar,0.39409072567763487
76,16,2030,solar,0.3045898107750561
76,17,2030,solar,0.17958111972283008
76,18,2030,solar,0.04425376939473026
76,19,2030,solar,0.0
76,20,2030,solar,0.0
76,21,2030,solar,0.0
76,22,2030,solar,0.0
76,23,2030,solar,0.0
76,24,2030,solar,0.0
76,1,2030,wind_offshore,0.9492922172488969
76,2,2030,wind_offshore,0.9506278318968462
76,3,2030,wind_offshore,0.9501511430845475
76,4,2030,wind_offshore,0.9480029941403152
76,5,2030,wind_offshore,0.9465129758429907
76,6,2030,wind_offshore,0.9478410088312894
76,7,2030,wind_offshore,0.949997676504253
76,8,2030,wind_offshore,0.9491881242556238
76,9,2030,wind_offshore,0.9571981542602293
76,10,2030,wind_offshore,0.9576865325162083
76,11,2030,wind_offshore,0.956005545379623
76,12,2030,wind_offshore,0.9597734385971932
76,13,2030,wind_offshore,0.951205895215979
76,14,2030,wind_offshore,0.9524993376099705
76,15,2030,wind_offshore,0.9389918724694815
76,16,2030,wind_offshore,0.8715613774547621
76,17,2030,wind_offshore,0.8412198197735974
76,18,2030,wind_offshore,0.9199906154930301
76,19,2030,wind_offshore,0.9461659286984938
76,20,2030,wind_offshore,0.9558599619129076
76,21,2030,wind_offshore,0.9603344862860757
76,22,2030,wind_offshore,0.9655286869214166
76,23,2030,wind_offshore,0.9674626390641353
76,24,2030,wind_offshore,0.9532987637445465
76,1,2030,wind_onshore,0.5247934537334511
76,2,2030,wind_onshore,0.5118384393651709
76,3,2030,wind_onshore,0.4936236653296087
76,4,2030,wind_onshore,0.4870739417803668
76,5,2030,wind_onshore,0.4880427240374795
76,6,2030,wind_onshore,0.48856779579443677
76,7,2030,wind_onshore,0.4910589999932351
76,8,2030,wind_onshore,0.48961332776218386
76,9,2030,wind_onshore,0.47836396460690056
76,10,2030,wind_onshore,0.485117591418597
76,11,2030,wind_onshore,0.5030422041792735
76,12,2030,wind_onshore,0.5307541581611507
76,13,2030,wind_onshore,0.5423711213820728
76,14,2030,wind_onshore,0.5472089859284873
76,15,2030,wind_onshore,0.5446232352154642
76,16,2030,wind_onshore,0.5328534814626681
76,17,2030,wind_onshore,0.46000295855741496
76,18,2030,wind_onshore,0.4102721832752302
76,19,2030,wind_onshore,0.40469803359658524
76,20,2030,wind_onshore,0.4120816463678124
76,21,2030,wind_onshore,0.41728210683497025
76,22,2030,wind_onshore,0.4240940110487835
76,23,2030,wind_onshore,0.4734291339096544
76,24,2030,wind_onshore,0.4748583939876905
77,1,2030,demand,0.5107241901797612
77,2,2030,demand,0.5016587206721275
77,3,2030,demand,0.4903671786209259
77,4,2030,demand,0.4764258689028885
77,5,2030,demand,0.46037476822551715
77,6,2030,demand,0.4411788069050544
77,7,2030,demand,0.43680769696300215
77,8,2030,demand,0.45296213687944076
77,9,2030,demand,0.4890393476494588
77,10,2030,demand,0.5209931167720464
77,11,2030,demand,0.5385945843432312
77,12,2030,demand,0.5495374650584263
77,13,2030,demand,0.5524249114965607
77,14,2030,demand,0.5533294095703284
77,15,2030,demand,0.5464569362657405
77,16,2030,demand,0.53603925557977
77,17,2030,demand,0.542815459122093
77,18,2030,demand,0.5651900648156237
77,19,2030,demand,0.5844461402571437
77,20,2030,demand,0.597253001200934
77,21,2030,demand,0.6104327269518606
77,22,2030,demand,0.6077464297101132
77,23,2030,demand,0.5772839622043417
77,24,2030,demand,0.569738026894463
77,1,2030,solar,0.0
77,2,2030,solar,0.0
77,3,2030,solar,0.0
77,4,2030,solar,0.0
77,5,2030,solar,0.0
77,6,2030,solar,0.0
77,7,2030,solar,0.0
77,8,2030,solar,0.0
77,9,2030,solar,0.013781423969976373
77,10,2030,solar,0.08978980929781918
77,11,2030,solar,0.17783348591721226
77,12,2030,solar,0.2581497056984142
77,13,2030,solar,0.31194299451425733
77,14,2030,solar,0.3317877551404699
77,15,2030,solar,0.31652750034988364
77,16,2030,solar,0.24559721136668233
77,17,2030,solar,0.12349492348329172
77,18,2030,solar,0.0
77,19,2030,solar,0.0
77,20,2030,solar,0.0
77,21,2030,solar,0.0
77,22,2030,solar,0.0
77,23,2030,solar,0.0
77,24,2030,solar,0.0
77,1,2030,wind_offshore,0.5321686908654477
77,2,2030,wind_offshore,0.5311197983317076
77,3,2030,wind_offshore,0.6072540598934848
77,4,2030,wind_offshore,0.77892447348637
77,5,2030,wind_offshore,0.8714368436305857
77,6,2030,wind_offshore,0.9074670821421621
77,7,2030,wind_offshore,0.9115486042330325
77,8,2030,wind_offshore,0.9108577969740391
77,9,2030,wind_offshore,0.885089053698237
77,10,2030,wind_offshore,0.8464929806498657
77,11,2030,wind_offshore,0.7033155815469354
77,12,2030,wind_offshore,0.5698691706829403
77,13,2030,wind_offshore,0.4875711944660116
77,14,2030,wind_offshore,0.4619233449764419
77,15,2030,wind_offshore,0.4455814846785122
77,16,2030,wind_offshore,0.4161537985740177
77,17,2030,wind_offshore,0.37238614620923355
77,18,2030,wind_offshore,0.331509261529514
77,19,2030,wind_offshore,0.3057155744234801
77,20,2030,wind_offshore,0.2767485148481534
77,21,2030,wind_offshore,0.24584712207400722
77,22,2030,wind_offshore,0.20327978794476262
77,23,2030,wind_offshore,0.13034182339721712
77,24,2030,wind_offshore,0.10845918199215841
77,1,2030,wind_onshore,0.5813548261621055
77,2,2030,wind_onshore,0.5737280220674164
77,3,2030,wind_onshore,0.5570535459949778
77,4,2030,wind_onshore,0.5587103861217235
77,5,2030,wind_onshore,0.5609000444021606
77,6,2030,wind_onshore,0.58130788910052
77,7,2030,wind_onshore,0.5846824723228272
77,8,2030,wind_onshore,0.5857068510816081
77,9,2030,wind_onshore,0.5916978131592405
77,10,2030,wind_onshore,0.5888909873567778
77,11,2030,wind_onshore,0.5835280332148234
77,12,2030,wind_onshore,0.6126012825704565
77,13,2030,wind_onshore,0.6325571151652071
77,14,2030,wind_onshore,0.6439435194554267
77,15,2030,wind_onshore,0.6363222233790959
77,16,2030,wind_onshore,0.632655892999787
77,17,2030,wind_onshore,0.5852708604029468
77,18,2030,wind_onshore,0.5491277464030146
77,19,2030,wind_onshore,0.5148106620865228
77,20,2030,wind_onshore,0.47413696461519766
77,21,2030,wind_onshore,0.4518571645662296
77,22,2030,wind_onshore,0.43410453423884215
77,23,2030,wind_onshore,0.44247207431315594
77,24,2030,wind_onshore,0.4364295782813582
78,1,2030,demand,0.49351296750856105
78,2,2030,demand,0.49906432785711763
78,3,2030,demand,0.49826158345143184
78,4,2030,demand,0.49731687669419844
78,5,2030,demand,0.5118272599090783
78,6,2030,demand,0.5429819034889581
78,7,2030,demand,0.5853613596939327
78,8,2030,demand,0.6299048882114979
78,9,2030,demand,0.6511037062820269
78,10,2030,demand,0.6553044731699523
78,11,2030,demand,0.6525833515574617
78,12,2030,demand,0.6461707667334494
78,13,2030,demand,0.6321539236288145
78,14,2030,demand,0.6170714120018419
78,15,2030,demand,0.6101633968054418
78,16,2030,demand,0.6240375922834135
78,17,2030,demand,0.6229600273078758
78,18,2030,demand,0.6230691220701375
78,19,2030,demand,0.6285056765226824
78,20,2030,demand,0.6404915884195025
78,21,2030,demand,0.6253252669389682
78,22,2030,demand,0.5860549323404876
78,23,2030,demand,0.5423941543066572
78,24,2030,demand,0.5359037032657918
78,1,2030,solar,0.0
78,2,2030,solar,0.0
78,3,2030,solar,0.0
78,4,2030,solar,0.0
78,5,2030,solar,0.0
78,6,2030,solar,0.0
78,7,2030,solar,6.490327549152011e-5
78,8,2030,solar,0.07511073694504208
78,9,2030,solar,0.2130432158102744
78,10,2030,solar,0.3444058678410908
78,11,2030,solar,0.4288366724641369
78,12,2030,solar,0.4743812271032866
78,13,2030,solar,0.4927452256066158
78,14,2030,solar,0.47792981249336663
78,15,2030,solar,0.4204538162026238
78,16,2030,solar,0.3407597824006406
78,17,2030,solar,0.23047321038107862
78,18,2030,solar,0.108015478686592
78,19,2030,solar,0.006859137947454786
78,20,2030,solar,0.0
78,21,2030,solar,0.0
78,22,2030,solar,0.0
78,23,2030,solar,0.0
78,24,2030,solar,0.0
78,1,2030,wind_offshore,0.27454972253155874
78,2,2030,wind_offshore,0.3201270716318677
78,3,2030,wind_offshore,0.36689531861492386
78,4,2030,wind_offshore,0.45096546297555673
78,5,2030,wind_offshore,0.5095452541498612
78,6,2030,wind_offshore,0.48083176987932574
78,7,2030,wind_offshore,0.48098428557271966
78,8,2030,wind_offshore,0.501098750762512
78,9,2030,wind_offshore,0.49601551911057334
78,10,2030,wind_offshore,0.4439829119162181
78,11,2030,wind_offshore,0.299803888358116
78,12,2030,wind_offshore,0.2684512497799041
78,13,2030,wind_offshore,0.2671035287195975
78,14,2030,wind_offshore,0.2851652675497141
78,15,2030,wind_offshore,0.30437109638151
78,16,2030,wind_offshore,0.31854369315844516
78,17,2030,wind_offshore,0.34148976964773725
78,18,2030,wind_offshore,0.40350328164677907
78,19,2030,wind_offshore,0.509547793062753
78,20,2030,wind_offshore,0.5679272216119036
78,21,2030,wind_offshore,0.5837029465826219
78,22,2030,wind_offshore,0.5603479140414639
78,23,2030,wind_offshore,0.7303079791379263
78,24,2030,wind_offshore,0.7810399804628004
78,1,2030,wind_onshore,0.06300573900283045
78,2,2030,wind_onshore,0.05470208061032589
78,3,2030,wind_onshore,0.04545037974267921
78,4,2030,wind_onshore,0.04199402170564767
78,5,2030,wind_onshore,0.042002553537235324
78,6,2030,wind_onshore,0.04099883430487168
78,7,2030,wind_onshore,0.03996301407177284
78,8,2030,wind_onshore,0.03682214511168712
78,9,2030,wind_onshore,0.03343627721019997
78,10,2030,wind_onshore,0.046109703535166614
78,11,2030,wind_onshore,0.05114373004671869
78,12,2030,wind_onshore,0.07347238992905207
78,13,2030,wind_onshore,0.10467546328770669
78,14,2030,wind_onshore,0.1362977449799973
78,15,2030,wind_onshore,0.1696165978286011
78,16,2030,wind_onshore,0.21406471932012555
78,17,2030,wind_onshore,0.251011723813524
78,18,2030,wind_onshore,0.26123343792802467
78,19,2030,wind_onshore,0.24721336135023997
78,20,2030,wind_onshore,0.2310260015505866
78,21,2030,wind_onshore,0.2352129419499692
78,22,2030,wind_onshore,0.2319611285765718
78,23,2030,wind_onshore,0.23689481347678193
78,24,2030,wind_onshore,0.23243328000110342
79,1,2030,demand,0.5416644555008934
79,2,2030,demand,0.5227871780948157
79,3,2030,demand,0.5028130726358645
79,4,2030,demand,0.4908850956800064
79,5,2030,demand,0.4776697297047874
79,6,2030,demand,0.469894120530835
79,7,2030,demand,0.4906677966543999
79,8,2030,demand,0.5304378943596104
79,9,2030,demand,0.5746562801863986
79,10,2030,demand,0.6117178033039599
79,11,2030,demand,0.6234943415730388
79,12,2030,demand,0.6293532280675529
79,13,2030,demand,0.6312035343149363
79,14,2030,demand,0.6205890470137205
79,15,2030,demand,0.5966348379106211
79,16,2030,demand,0.5854063119200767
79,17,2030,demand,0.5907184585525909
79,18,2030,demand,0.6093007522150966
79,19,2030,demand,0.6424539832416174
79,20,2030,demand,0.6681187562582904
79,21,2030,demand,0.6690217257902003
79,22,2030,demand,0.6448181554786521
79,23,2030,demand,0.598881534456865
79,24,2030,demand,0.5788551449754633
79,1,2030,solar,0.0
79,2,2030,solar,0.0
79,3,2030,solar,0.0
79,4,2030,solar,0.0
79,5,2030,solar,0.0
79,6,2030,solar,0.0
79,7,2030,solar,0.0
79,8,2030,solar,0.0
79,9,2030,solar,0.07224606025766543
79,10,2030,solar,0.2598198404227447
79,11,2030,solar,0.4027357274420925
79,12,2030,solar,0.4815161092375614
79,13,2030,solar,0.4881466424254502
79,14,2030,solar,0.4427864106381467
79,15,2030,solar,0.36025163802326354
79,16,2030,solar,0.24602023616353003
79,17,2030,solar,0.11853254982885539
79,18,2030,solar,0.0
79,19,2030,solar,0.0
79,20,2030,solar,0.0
79,21,2030,solar,0.0
79,22,2030,solar,0.0
79,23,2030,solar,0.0
79,24,2030,solar,0.0
79,1,2030,wind_offshore,0.23625270341258034
79,2,2030,wind_offshore,0.17216947497009663
79,3,2030,wind_offshore,0.07443823326479443
79,4,2030,wind_offshore,0.111638869209199
79,5,2030,wind_offshore,0.21407549363379275
79,6,2030,wind_offshore,0.27107146510736857
79,7,2030,wind_offshore,0.36871601189256215
79,8,2030,wind_offshore,0.7422784847523018
79,9,2030,wind_offshore,0.9044105048451058
79,10,2030,wind_offshore,0.8957462350010916
79,11,2030,wind_offshore,0.899913778719192
79,12,2030,wind_offshore,0.8332208818902178
79,13,2030,wind_offshore,0.7571166099168296
79,14,2030,wind_offshore,0.6857329977534892
79,15,2030,wind_offshore,0.6136245056748383
79,16,2030,wind_offshore,0.5741880384124823
79,17,2030,wind_offshore,0.4978496160305401
79,18,2030,wind_offshore,0.4218790082356665
79,19,2030,wind_offshore,0.3430042475433577
79,20,2030,wind_offshore,0.3153387284499014
79,21,2030,wind_offshore,0.3117077048857372
79,22,2030,wind_offshore,0.37252503590209424
79,23,2030,wind_offshore,0.40411393518337035
79,24,2030,wind_offshore,0.41777927043679625
79,1,2030,wind_onshore,0.19628007566554365
79,2,2030,wind_onshore,0.19748224819462556
79,3,2030,wind_onshore,0.2048766908122559
79,4,2030,wind_onshore,0.2081948918593422
79,5,2030,wind_onshore,0.21966132759326248
79,6,2030,wind_onshore,0.23382779178535243
79,7,2030,wind_onshore,0.24347191725439524
79,8,2030,wind_onshore,0.2491944368900412
79,9,2030,wind_onshore,0.2586993588322446
79,10,2030,wind_onshore,0.2611164702744546
79,11,2030,wind_onshore,0.2619000682096161
79,12,2030,wind_onshore,0.25586182714171446
79,13,2030,wind_onshore,0.27266537905989996
79,14,2030,wind_onshore,0.30264959130419694
79,15,2030,wind_onshore,0.3339603141532873
79,16,2030,wind_onshore,0.3287274510433744
79,17,2030,wind_onshore,0.2924613312015185
79,18,2030,wind_onshore,0.2937676011754221
79,19,2030,wind_onshore,0.2990846290116075
79,20,2030,wind_onshore,0.30187137247498463
79,21,2030,wind_onshore,0.2952892931083423
79,22,2030,wind_onshore,0.2905119472852577
79,23,2030,wind_onshore,0.31271907301631974
79,24,2030,wind_onshore,0.3178831547845144
80,1,2030,demand,0.4813922897003166
80,2,2030,demand,0.4878337494886055
80,3,2030,demand,0.48768518073902917
80,4,2030,demand,0.4786824929398605
80,5,2030,demand,0.4927240270574121
80,6,2030,demand,0.5253583835867641
80,7,2030,demand,0.5644525390241644
80,8,2030,demand,0.5997107285417309
80,9,2030,demand,0.6164676537524437
80,10,2030,demand,0.6270874422616913
80,11,2030,demand,0.6306071365575303
80,12,2030,demand,0.624608480089099
80,13,2030,demand,0.6146023115808193
80,14,2030,demand,0.5992360372375567
80,15,2030,demand,0.5904060250532065
80,16,2030,demand,0.5938572780881386
80,17,2030,demand,0.6016513790999882
80,18,2030,demand,0.5987051985839184
80,19,2030,demand,0.6134483954224943
80,20,2030,demand,0.6300287023034155
80,21,2030,demand,0.618662341638337
80,22,2030,demand,0.5669395188672236
80,23,2030,demand,0.5272159604989468
80,24,2030,demand,0.5217983327638922
80,1,2030,solar,0.0
80,2,2030,solar,0.0
80,3,2030,solar,0.0
80,4,2030,solar,0.0
80,5,2030,solar,0.0
80,6,2030,solar,0.0
80,7,2030,solar,0.0
80,8,2030,solar,0.09758231196349065
80,9,2030,solar,0.3122649437764225
80,10,2030,solar,0.52012462848727
80,11,2030,solar,0.6584825983546345
80,12,2030,solar,0.7454221573719663
80,13,2030,solar,0.7725336314965946
80,14,2030,solar,0.7384983896276431
80,15,2030,solar,0.6660580510320716
80,16,2030,solar,0.542681892073461
80,17,2030,solar,0.3514346569424538
80,18,2030,solar,0.13401534271326349
80,19,2030,solar,0.00014615941128677664
80,20,2030,solar,0.0
80,21,2030,solar,0.0
80,22,2030,solar,0.0
80,23,2030,solar,0.0
80,24,2030,solar,0.0
80,1,2030,wind_offshore,0.266640171025739
80,2,2030,wind_offshore,0.22142494324081508
80,3,2030,wind_offshore,0.2205843587943131
80,4,2030,wind_offshore,0.21227563697707402
80,5,2030,wind_offshore,0.20527025879054456
80,6,2030,wind_offshore,0.18857150305829734
80,7,2030,wind_offshore,0.1756466222930182
80,8,2030,wind_offshore,0.1707407730217137
80,9,2030,wind_offshore,0.17065546758265887
80,10,2030,wind_offshore,0.16643626354989502
80,11,2030,wind_offshore,0.14412340462111434
80,12,2030,wind_offshore,0.13101550049046434
80,13,2030,wind_offshore,0.11989163127467972
80,14,2030,wind_offshore,0.10641354106117118
80,15,2030,wind_offshore,0.09556965939332018
80,16,2030,wind_offshore,0.08020664941855718
80,17,2030,wind_offshore,0.07367905172306877
80,18,2030,wind_offshore,0.06177369226297058
80,19,2030,wind_offshore,0.05537105222746688
80,20,2030,wind_offshore,0.04966679432149167
80,21,2030,wind_offshore,0.04049451740874425
80,22,2030,wind_offshore,0.028554185668183775
80,23,2030,wind_offshore,0.01413992176068915
80,24,2030,wind_offshore,0.003143015197479165
80,1,2030,wind_onshore,0.39565685150438334
80,2,2030,wind_onshore,0.3613775848448799
80,3,2030,wind_onshore,0.3470246079485253
80,4,2030,wind_onshore,0.33126238049099677
80,5,2030,wind_onshore,0.32816234978654724
80,6,2030,wind_onshore,0.3181074034284282
80,7,2030,wind_onshore,0.30636507859160533
80,8,2030,wind_onshore,0.2923299017810689
80,9,2030,wind_onshore,0.27836921751676524
80,10,2030,wind_onshore,0.2655973312904372
80,11,2030,wind_onshore,0.23356390545561742
80,12,2030,wind_onshore,0.21107814601971758
80,13,2030,wind_onshore,0.18647207036484242
80,14,2030,wind_onshore,0.1613510252328278
80,15,2030,wind_onshore,0.14866396057776393
80,16,2030,wind_onshore,0.13801784896554603
80,17,2030,wind_onshore,0.13667538934717846
80,18,2030,wind_onshore,0.13739032863524064
80,19,2030,wind_onshore,0.13425616646383942
80,20,2030,wind_onshore,0.14133935061278924
80,21,2030,wind_onshore,0.13199906556526592
80,22,2030,wind_onshore,0.11784510713413877
80,23,2030,wind_onshore,0.09772284025370434
80,24,2030,wind_onshore,0.0889698079774639
81,1,2030,demand,0.6300903264252546
81,2,2030,demand,0.6015014610354996
81,3,2030,demand,0.5865712076301296
81,4,2030,demand,0.5745207728058688
81,5,2030,demand,0.5901853066083562
81,6,2030,demand,0.611771031315854
81,7,2030,demand,0.6311679724102937
81,8,2030,demand,0.6699593641081428
81,9,2030,demand,0.7411903035015186
81,10,2030,demand,0.8036166084265272
81,11,2030,demand,0.8645818228903963
81,12,2030,demand,0.9081840688038041
81,13,2030,demand,0.9290774521693002
81,14,2030,demand,0.9296174108900453
81,15,2030,demand,0.9175238766171487
81,16,2030,demand,0.9152237934657739
81,17,2030,demand,0.9144610388845755
81,18,2030,demand,0.8965570833903047
81,19,2030,demand,0.8616331873608675
81,20,2030,demand,0.8323936029507961
81,21,2030,demand,0.8221530068468079
81,22,2030,demand,0.7728065856113946
81,23,2030,demand,0.7020399877967355
81,24,2030,demand,0.6845609414218045
81,1,2030,solar,0.0
81,2,2030,solar,0.0
81,3,2030,solar,0.0
81,4,2030,solar,0.0
81,5,2030,solar,0.0
81,6,2030,solar,0.000147958109170274
81,7,2030,solar,0.0236517686037093
81,8,2030,solar,0.1783194439317782
81,9,2030,solar,0.3732507742159497
81,10,2030,solar,0.5437171784386741
81,11,2030,solar,0.6499891851095804
81,12,2030,solar,0.7231780345276231
81,13,2030,solar,0.7451628316383647
81,14,2030,solar,0.7394054503666789
81,15,2030,solar,0.6843024668233957
81,16,2030,solar,0.6031717396116507
81,17,2030,solar,0.4698109523115468
81,18,2030,solar,0.2973525833507847
81,19,2030,solar,0.10949278978749066
81,20,2030,solar,0.002144618609974407
81,21,2030,solar,0.0
81,22,2030,solar,0.0
81,23,2030,solar,0.0
81,24,2030,solar,0.0
81,1,2030,wind_offshore,0.005207195618829011
81,2,2030,wind_offshore,0.006483016796758946
81,3,2030,wind_offshore,0.007031389822228387
81,4,2030,wind_offshore,0.008360335198076899
81,5,2030,wind_offshore,0.0072515280488059984
81,6,2030,wind_offshore,0.007632678449340173
81,7,2030,wind_offshore,0.01223802030733685
81,8,2030,wind_offshore,0.024644717567072108
81,9,2030,wind_offshore,0.048251526367960984
81,10,2030,wind_offshore,0.09077806800759988
81,11,2030,wind_offshore,0.18003386231148916
81,12,2030,wind_offshore,0.26646421047054514
81,13,2030,wind_offshore,0.34083580369826805
81,14,2030,wind_offshore,0.4178835617469899
81,15,2030,wind_offshore,0.501548537185241
81,16,2030,wind_offshore,0.5814838254812544
81,17,2030,wind_offshore,0.6480472819575712
81,18,2030,wind_offshore,0.7363292943895092
81,19,2030,wind_offshore,0.81620078063171
81,20,2030,wind_offshore,0.8605341499155447
81,21,2030,wind_offshore,0.8795458880644944
81,22,2030,wind_offshore,0.8858103483428744
81,23,2030,wind_offshore,0.9178314217994162
81,24,2030,wind_offshore,0.9369365101639835
81,1,2030,wind_onshore,0.2237037832251318
81,2,2030,wind_onshore,0.1942513674556722
81,3,2030,wind_onshore,0.17132921375895932
81,4,2030,wind_onshore,0.15732949417500203
81,5,2030,wind_onshore,0.14200281004593251
81,6,2030,wind_onshore,0.1338096917244319
81,7,2030,wind_onshore,0.12815965390738526
81,8,2030,wind_onshore,0.10634695335954511
81,9,2030,wind_onshore,0.092332294805894
81,10,2030,wind_onshore,0.10483833172984622
81,11,2030,wind_onshore,0.11607804294104132
81,12,2030,wind_onshore,0.12511505011372212
81,13,2030,wind_onshore,0.13860573690589634
81,14,2030,wind_onshore,0.15194107369707543
81,15,2030,wind_onshore,0.16993497702240834
81,16,2030,wind_onshore,0.19156123119349405
81,17,2030,wind_onshore,0.21619519190302455
81,18,2030,wind_onshore,0.2435312049886277
81,19,2030,wind_onshore,0.27766945541376076
81,20,2030,wind_onshore,0.3188709465733317
81,21,2030,wind_onshore,0.34603115441208143
81,22,2030,wind_onshore,0.32986961537912357
81,23,2030,wind_onshore,0.31175441689717076
81,24,2030,wind_onshore,0.28351267983900386
82,1,2030,demand,0.5965588511981198
82,2,2030,demand,0.5838350911253872
82,3,2030,demand,0.5677006662270767
82,4,2030,demand,0.5576730781594067
82,5,2030,demand,0.5703494682868913
82,6,2030,demand,0.5912845143192047
82,7,2030,demand,0.6086926196122014
82,8,2030,demand,0.647718922888619
82,9,2030,demand,0.703583407142444
82,10,2030,demand,0.7535704935079279
82,11,2030,demand,0.7964968478802052
82,12,2030,demand,0.831285106017566
82,13,2030,demand,0.841731210983885
82,14,2030,demand,0.8384696800440835
82,15,2030,demand,0.831500006205788
82,16,2030,demand,0.8257586056477473
82,17,2030,demand,0.8220845047104968
82,18,2030,demand,0.8085698528914941
82,19,2030,demand,0.7899782258924105
82,20,2030,demand,0.770444638252376
82,21,2030,demand,0.7536249635068264
82,22,2030,demand,0.7054410654409714
82,23,2030,demand,0.6506643082601566
82,24,2030,demand,0.6341868516320103
82,1,2030,solar,0.0
82,2,2030,solar,0.0
82,3,2030,solar,0.0
82,4,2030,solar,0.0
82,5,2030,solar,0.0
82,6,2030,solar,0.00018611537641806267
82,7,2030,solar,0.022145480820887724
82,8,2030,solar,0.17198227453608922
82,9,2030,solar,0.36688959396126986
82,10,2030,solar,0.5352574501250796
82,11,2030,solar,0.6380197889674981
82,12,2030,solar,0.7065601762974906
82,13,2030,solar,0.7335276210442317
82,14,2030,solar,0.7257641115659268
82,15,2030,solar,0.6743377059775038
82,16,2030,solar,0.5824111906563091
82,17,2030,solar,0.4458482757140221
82,18,2030,solar,0.274012085636652
82,19,2030,solar,0.09447893846277419
82,20,2030,solar,0.003499654613527545
82,21,2030,solar,0.0
82,22,2030,solar,0.0
82,23,2030,solar,0.0
82,24,2030,solar,0.0
82,1,2030,wind_offshore,0.09149439863929391
82,2,2030,wind_offshore,0.07507234699431649
82,3,2030,wind_offshore,0.061154533996041385
82,4,2030,wind_offshore,0.05534753654066221
82,5,2030,wind_offshore,0.06347018374082433
82,6,2030,wind_offshore,0.06660349161184556
82,7,2030,wind_offshore,0.06689025869712135
82,8,2030,wind_offshore,0.06996263965786126
82,9,2030,wind_offshore,0.07856706652379608
82,10,2030,wind_offshore,0.08932061563476314
82,11,2030,wind_offshore,0.07822312301950468
82,12,2030,wind_offshore,0.07497406613355151
82,13,2030,wind_offshore,0.07887351674170764
82,14,2030,wind_offshore,0.07803162281971594
82,15,2030,wind_offshore,0.07380937864717659
82,16,2030,wind_offshore,0.06721906397625242
82,17,2030,wind_offshore,0.06494123304267055
82,18,2030,wind_offshore,0.06566923210092934
82,19,2030,wind_offshore,0.07605279778025105
82,20,2030,wind_offshore,0.08337327676650756
82,21,2030,wind_offshore,0.09031912006484034
82,22,2030,wind_offshore,0.0845957914201093
82,23,2030,wind_offshore,0.04858199794140795
82,24,2030,wind_offshore,0.046934053885643826
82,1,2030,wind_onshore,0.1243165491405823
82,2,2030,wind_onshore,0.11112762833668635
82,3,2030,wind_onshore,0.1004519847547803
82,4,2030,wind_onshore,0.09121303659735984
82,5,2030,wind_onshore,0.0835990063942377
82,6,2030,wind_onshore,0.07916311517279025
82,7,2030,wind_onshore,0.07355615681749307
82,8,2030,wind_onshore,0.05807680655295193
82,9,2030,wind_onshore,0.043928131488554616
82,10,2030,wind_onshore,0.049572621282582004
82,11,2030,wind_onshore,0.05342452955652828
82,12,2030,wind_onshore,0.06962745609226603
82,13,2030,wind_onshore,0.09225031049781604
82,14,2030,wind_onshore,0.11192617890340761
82,15,2030,wind_onshore,0.13482637610703221
82,16,2030,wind_onshore,0.16053504864440865
82,17,2030,wind_onshore,0.1869948439293243
82,18,2030,wind_onshore,0.21423038598008498
82,19,2030,wind_onshore,0.22853207376771523
82,20,2030,wind_onshore,0.23796414378609118
82,21,2030,wind_onshore,0.260482653197463
82,22,2030,wind_onshore,0.25942311881132013
82,23,2030,wind_onshore,0.23150824062076625
82,24,2030,wind_onshore,0.21046639195041056
83,1,2030,demand,0.5227674071037434
83,2,2030,demand,0.5163237229494546
83,3,2030,demand,0.5089134068264243
83,4,2030,demand,0.500140702363429
83,5,2030,demand,0.5109502157742438
83,6,2030,demand,0.5286636296189953
83,7,2030,demand,0.557818287862853
83,8,2030,demand,0.5895853664807935
83,9,2030,demand,0.6261590114273746
83,10,2030,demand,0.6523894861521142
83,11,2030,demand,0.6822729544533159
83,12,2030,demand,0.6969864708612523
83,13,2030,demand,0.7015620545969385
83,14,2030,demand,0.6783445826440746
83,15,2030,demand,0.6837077941431122
83,16,2030,demand,0.6747541119049261
83,17,2030,demand,0.669524079010114
83,18,2030,demand,0.6672291768995329
83,19,2030,demand,0.6555464852716986
83,20,2030,demand,0.6394625973233499
83,21,2030,demand,0.6189433670827784
83,22,2030,demand,0.579747091745141
83,23,2030,demand,0.5408736595601926
83,24,2030,demand,0.5368208725324919
83,1,2030,solar,0.0
83,2,2030,solar,0.0
83,3,2030,solar,0.0
83,4,2030,solar,0.0
83,5,2030,solar,0.0
83,6,2030,solar,0.00015774465769909953
83,7,2030,solar,0.04837364149881105
83,8,2030,solar,0.16852402855980692
83,9,2030,solar,0.32005967034891836
83,10,2030,solar,0.4536994621812605
83,11,2030,solar,0.5422273966475928
83,12,2030,solar,0.5894638414183901
83,13,2030,solar,0.5975609203275493
83,14,2030,solar,0.5772626199301019
83,15,2030,solar,0.5262864714755648
83,16,2030,solar,0.44012351658406246
83,17,2030,solar,0.32535902391529803
83,18,2030,solar,0.21812463539512975
83,19,2030,solar,0.1026020935776069
83,20,2030,solar,0.016925038880029497
83,21,2030,solar,0.0
83,22,2030,solar,0.0
83,23,2030,solar,0.0
83,24,2030,solar,0.0
83,1,2030,wind_offshore,0.6754154940739412
83,2,2030,wind_offshore,0.694279767425215
83,3,2030,wind_offshore,0.6994302692334291
83,4,2030,wind_offshore,0.6419589254637991
83,5,2030,wind_offshore,0.5470196899887396
83,6,2030,wind_offshore,0.4649520006368445
83,7,2030,wind_offshore,0.4342142674107859
83,8,2030,wind_offshore,0.3849121537077189
83,9,2030,wind_offshore,0.3144869777717025
83,10,2030,wind_offshore,0.2414374494429422
83,11,2030,wind_offshore,0.1921948686383969
83,12,2030,wind_offshore,0.14912290147932475
83,13,2030,wind_offshore,0.1151534456341742
83,14,2030,wind_offshore,0.10948185871134142
83,15,2030,wind_offshore,0.1358133631458414
83,16,2030,wind_offshore,0.19544905575560945
83,17,2030,wind_offshore,0.23439729093253991
83,18,2030,wind_offshore,0.2572629332899753
83,19,2030,wind_offshore,0.2492675097925541
83,20,2030,wind_offshore,0.2059082320471748
83,21,2030,wind_offshore,0.14305243137988147
83,22,2030,wind_offshore,0.1121328646311531
83,23,2030,wind_offshore,0.011066203909622343
83,24,2030,wind_offshore,0.002332262066549037
83,1,2030,wind_onshore,0.09075945112147918
83,2,2030,wind_onshore,0.07845288321251097
83,3,2030,wind_onshore,0.07614073684482854
83,4,2030,wind_onshore,0.07445023505208714
83,5,2030,wind_onshore,0.0742097263600858
83,6,2030,wind_onshore,0.07266285899817151
83,7,2030,wind_onshore,0.0771317457251933
83,8,2030,wind_onshore,0.07734726870240619
83,9,2030,wind_onshore,0.09439557218688621
83,10,2030,wind_onshore,0.10563677595927168
83,11,2030,wind_onshore,0.10657060076591712
83,12,2030,wind_onshore,0.11840033760108923
83,13,2030,wind_onshore,0.1315187725168775
83,14,2030,wind_onshore,0.15048558721263855
83,15,2030,wind_onshore,0.17118991067858977
83,16,2030,wind_onshore,0.20046807037515196
83,17,2030,wind_onshore,0.21512960022922506
83,18,2030,wind_onshore,0.2155836741799605
83,19,2030,wind_onshore,0.2073001443537599
83,20,2030,wind_onshore,0.1822364958287853
83,21,2030,wind_onshore,0.16613391309746406
83,22,2030,wind_onshore,0.1502799220765524
83,23,2030,wind_onshore,0.14494240717900636
83,24,2030,wind_onshore,0.15106452105558846
84,1,2030,demand,0.6794799634977612
84,2,2030,demand,0.658101113054256
84,3,2030,demand,0.6410274443139584
84,4,2030,demand,0.6269800105083512
84,5,2030,demand,0.6409614919624588
84,6,2030,demand,0.6608544902707788
84,7,2030,demand,0.684368646337886
84,8,2030,demand,0.7196662289475235
84,9,2030,demand,0.7923383235830737
84,10,2030,demand,0.8673404875462123
84,11,2030,demand,0.9290414170355048
84,12,2030,demand,0.978126232003615
84,13,2030,demand,0.9980606393408145
84,14,2030,demand,1.0014472639499583
84,15,2030,demand,0.9948129194793005
84,16,2030,demand,0.9876510387257729
84,17,2030,demand,0.9957178241005138
84,18,2030,demand,0.9632466983659823
84,19,2030,demand,0.9292525703408112
84,20,2030,demand,0.9000842302972625
84,21,2030,demand,0.9014555828914401
84,22,2030,demand,0.845717446023231
84,23,2030,demand,0.774022701788829
84,24,2030,demand,0.7431125416871932
84,1,2030,solar,0.0
84,2,2030,solar,0.0
84,3,2030,solar,0.0
84,4,2030,solar,0.0
84,5,2030,solar,0.0
84,6,2030,solar,1.7324176850751854e-6
84,7,2030,solar,0.017495175199568246
84,8,2030,solar,0.16156768666368138
84,9,2030,solar,0.3506842333558187
84,10,2030,solar,0.5199782020193587
84,11,2030,solar,0.6182307926402622
84,12,2030,solar,0.6843187981437571
84,13,2030,solar,0.7164106065509579
84,14,2030,solar,0.7051322478948353
84,15,2030,solar,0.6505223210993528
84,16,2030,solar,0.5506156217576867
84,17,2030,solar,0.3986634180866684
84,18,2030,solar,0.23304351724401132
84,19,2030,solar,0.08772321912129113
84,20,2030,solar,0.005272760973461939
84,21,2030,solar,0.0
84,22,2030,solar,0.0
84,23,2030,solar,0.0
84,24,2030,solar,0.0
84,1,2030,wind_offshore,0.9421319386664927
84,2,2030,wind_offshore,0.9439378746251781
84,3,2030,wind_offshore,0.9440900321362155
84,4,2030,wind_offshore,0.948200906136369
84,5,2030,wind_offshore,0.953350270276279
84,6,2030,wind_offshore,0.9601458695184893
84,7,2030,wind_offshore,0.9640487020262062
84,8,2030,wind_offshore,0.9595662963839783
84,9,2030,wind_offshore,0.9434423136200583
84,10,2030,wind_offshore,0.9488605383794304
84,11,2030,wind_offshore,0.9453518493116366
84,12,2030,wind_offshore,0.9520445364677348
84,13,2030,wind_offshore,0.9532957241869431
84,14,2030,wind_offshore,0.945236267902032
84,15,2030,wind_offshore,0.9251330910596676
84,16,2030,wind_offshore,0.8891387855399644
84,17,2030,wind_offshore,0.8325656542555013
84,18,2030,wind_offshore,0.7578254283605215
84,19,2030,wind_offshore,0.6497369618927105
84,20,2030,wind_offshore,0.5284209674374583
84,21,2030,wind_offshore,0.42486935096585426
84,22,2030,wind_offshore,0.38514618971769277
84,23,2030,wind_offshore,0.2846356810045351
84,24,2030,wind_offshore,0.25464105851303975
84,1,2030,wind_onshore,0.19459203710823508
84,2,2030,wind_onshore,0.17752621089425713
84,3,2030,wind_onshore,0.16382496711452954
84,4,2030,wind_onshore,0.15586187568435286
84,5,2030,wind_onshore,0.14671905622161152
84,6,2030,wind_onshore,0.14010273494316117
84,7,2030,wind_onshore,0.13363434258245582
84,8,2030,wind_onshore,0.11192358986023668
84,9,2030,wind_onshore,0.0931781232636206
84,10,2030,wind_onshore,0.09354688864937329
84,11,2030,wind_onshore,0.10082900320176003
84,12,2030,wind_onshore,0.1104953115954032
84,13,2030,wind_onshore,0.11820020139064277
84,14,2030,wind_onshore,0.12311237590057819
84,15,2030,wind_onshore,0.1271092111898629
84,16,2030,wind_onshore,0.12690259393475273
84,17,2030,wind_onshore,0.12999857384423152
84,18,2030,wind_onshore,0.12796528564830295
84,19,2030,wind_onshore,0.14483368967481036
84,20,2030,wind_onshore,0.15501120611804417
84,21,2030,wind_onshore,0.1468594464303966
84,22,2030,wind_onshore,0.13425808090997765
84,23,2030,wind_onshore,0.09602783395002751
84,24,2030,wind_onshore,0.11038602219351308
85,1,2030,demand,0.5000544792978755
85,2,2030,demand,0.4977893304758322
85,3,2030,demand,0.4936388832901176
85,4,2030,demand,0.4882693686416145
85,5,2030,demand,0.5025221180682657
85,6,2030,demand,0.5239230145055135
85,7,2030,demand,0.5601082234238159
85,8,2030,demand,0.5886334145579846
85,9,2030,demand,0.6241807982775918
85,10,2030,demand,0.6386656506452217
85,11,2030,demand,0.6493558272144013
85,12,2030,demand,0.665818228611694
85,13,2030,demand,0.651247380283331
85,14,2030,demand,0.6370763843830529
85,15,2030,demand,0.6263766777836965
85,16,2030,demand,0.6293843388837648
85,17,2030,demand,0.6313631388798246
85,18,2030,demand,0.6306292256148973
85,19,2030,demand,0.6249358724592651
85,20,2030,demand,0.6195801119136068
85,21,2030,demand,0.6088743579745466
85,22,2030,demand,0.5687863571616523
85,23,2030,demand,0.5208003571832076
85,24,2030,demand,0.5168625806807261
85,1,2030,solar,0.0
85,2,2030,solar,0.0
85,3,2030,solar,0.0
85,4,2030,solar,0.0
85,5,2030,solar,0.0
85,6,2030,solar,0.0
85,7,2030,solar,0.001431492806322729
85,8,2030,solar,0.07131691909611779
85,9,2030,solar,0.1929023219286377
85,10,2030,solar,0.3374935730584536
85,11,2030,solar,0.47178802713023266
85,12,2030,solar,0.5686625218823421
85,13,2030,solar,0.5936774825230942
85,14,2030,solar,0.5913002691261962
85,15,2030,solar,0.5593898211738639
85,16,2030,solar,0.48433275903211814
85,17,2030,solar,0.3524738895248788
85,18,2030,solar,0.17687685002768394
85,19,2030,solar,0.023130953743421008
85,20,2030,solar,0.0
85,21,2030,solar,0.0
85,22,2030,solar,0.0
85,23,2030,solar,0.0
85,24,2030,solar,0.0
85,1,2030,wind_offshore,0.8955866899330531
85,2,2030,wind_offshore,0.9445522447295358
85,3,2030,wind_offshore,0.9673118283961766
85,4,2030,wind_offshore,0.9681997045368973
85,5,2030,wind_offshore,0.9580992724293587
85,6,2030,wind_offshore,0.9580790064223669
85,7,2030,wind_offshore,0.960396509791897
85,8,2030,wind_offshore,0.9571359033428383
85,9,2030,wind_offshore,0.9731318287412536
85,10,2030,wind_offshore,0.9725659205686694
85,11,2030,wind_offshore,0.9646539425504708
85,12,2030,wind_offshore,0.956114474248979
85,13,2030,wind_offshore,0.9540280225581124
85,14,2030,wind_offshore,0.9485082490769596
85,15,2030,wind_offshore,0.9521364594314088
85,16,2030,wind_offshore,0.9546233436888898
85,17,2030,wind_offshore,0.956472055201228
85,18,2030,wind_offshore,0.9534533573682091
85,19,2030,wind_offshore,0.9369672509403638
85,20,2030,wind_offshore,0.9399571498903246
85,21,2030,wind_offshore,0.9269688204399724
85,22,2030,wind_offshore,0.9024987745752234
85,23,2030,wind_offshore,0.896818886452237
85,24,2030,wind_offshore,0.9053349825255737
85,1,2030,wind_onshore,0.7450970030184203
85,2,2030,wind_onshore,0.7506964828737692
85,3,2030,wind_onshore,0.7449859638634775
85,4,2030,wind_onshore,0.7470709097896309
85,5,2030,wind_onshore,0.750925674684988
85,6,2030,wind_onshore,0.7498202145144879
85,7,2030,wind_onshore,0.7464106438181535
85,8,2030,wind_onshore,0.7318343096791498
85,9,2030,wind_onshore,0.7674441307699049
85,10,2030,wind_onshore,0.8133612416461788
85,11,2030,wind_onshore,0.8172752957825227
85,12,2030,wind_onshore,0.8411916586982934
85,13,2030,wind_onshore,0.8558927926050941
85,14,2030,wind_onshore,0.8588734652649783
85,15,2030,wind_onshore,0.8640304481397414
85,16,2030,wind_onshore,0.8654066032798611
85,17,2030,wind_onshore,0.8604165349681907
85,18,2030,wind_onshore,0.8573370180607404
85,19,2030,wind_onshore,0.8154536977337454
85,20,2030,wind_onshore,0.7767694039647572
85,21,2030,wind_onshore,0.7371664166830456
85,22,2030,wind_onshore,0.7307638451167615
85,23,2030,wind_onshore,0.7564716172240631
85,24,2030,wind_onshore,0.7188772080341672
86,1,2030,demand,0.5778625250026518
86,2,2030,demand,0.5681706721937139
86,3,2030,demand,0.5551122567447333
86,4,2030,demand,0.5397722844058616
86,5,2030,demand,0.5517232296295366
86,6,2030,demand,0.5825812876556665
86,7,2030,demand,0.5966329508076185
86,8,2030,demand,0.6355124340247078
86,9,2030,demand,0.6941035228878687
86,10,2030,demand,0.7467741623339754
86,11,2030,demand,0.7981242670464467
86,12,2030,demand,0.82841587378674
86,13,2030,demand,0.8451948762275637
86,14,2030,demand,0.834514906714499
86,15,2030,demand,0.8334384559903036
86,16,2030,demand,0.8350035830357208
86,17,2030,demand,0.8235406079049636
86,18,2030,demand,0.804616395770199
86,19,2030,demand,0.7972930930423436
86,20,2030,demand,0.7723939294468031
86,21,2030,demand,0.755081402833433
86,22,2030,demand,0.7034496040052016
86,23,2030,demand,0.6556747508680707
86,24,2030,demand,0.6393838244776968
86,1,2030,solar,0.0
86,2,2030,solar,0.0
86,3,2030,solar,0.0
86,4,2030,solar,0.0
86,5,2030,solar,0.0
86,6,2030,solar,0.0
86,7,2030,solar,0.006596658506843907
86,8,2030,solar,0.13707638310173603
86,9,2030,solar,0.3312089018003289
86,10,2030,solar,0.5066352679463261
86,11,2030,solar,0.6183170339414793
86,12,2030,solar,0.6855549261476035
86,13,2030,solar,0.6896845649193588
86,14,2030,solar,0.6612623460474945
86,15,2030,solar,0.6102265531031359
86,16,2030,solar,0.5174714606749264
86,17,2030,solar,0.38319101326125427
86,18,2030,solar,0.2216266310939521
86,19,2030,solar,0.06282490877049537
86,20,2030,solar,9.010710772294677e-5
86,21,2030,solar,0.0
86,22,2030,solar,0.0
86,23,2030,solar,0.0
86,24,2030,solar,0.0
86,1,2030,wind_offshore,0.9732460681615
86,2,2030,wind_offshore,0.9681260193220993
86,3,2030,wind_offshore,0.9669623697458702
86,4,2030,wind_offshore,0.9541433246123303
86,5,2030,wind_offshore,0.9530979497324941
86,6,2030,wind_offshore,0.9507923975994095
86,7,2030,wind_offshore,0.9386656432223776
86,8,2030,wind_offshore,0.9370963849242451
86,9,2030,wind_offshore,0.9366084019337576
86,10,2030,wind_offshore,0.9186459069742539
86,11,2030,wind_offshore,0.8772767050825028
86,12,2030,wind_offshore,0.8201563133260077
86,13,2030,wind_offshore,0.7699596938445203
86,14,2030,wind_offshore,0.7511114171239395
86,15,2030,wind_offshore,0.738634293937984
86,16,2030,wind_offshore,0.7293757318622749
86,17,2030,wind_offshore,0.703548597224231
86,18,2030,wind_offshore,0.6376084387899724
86,19,2030,wind_offshore,0.5627754879358708
86,20,2030,wind_offshore,0.4804439966649642
86,21,2030,wind_offshore,0.43740284511830707
86,22,2030,wind_offshore,0.44102709966691234
86,23,2030,wind_offshore,0.4089584409147696
86,24,2030,wind_offshore,0.2920181525063448
86,1,2030,wind_onshore,0.2551117367568415
86,2,2030,wind_onshore,0.21355566365307438
86,3,2030,wind_onshore,0.1825282228382411
86,4,2030,wind_onshore,0.1561281592009947
86,5,2030,wind_onshore,0.13816281979271203
86,6,2030,wind_onshore,0.12137069372630893
86,7,2030,wind_onshore,0.1102034067473337
86,8,2030,wind_onshore,0.08274175270819303
86,9,2030,wind_onshore,0.05895629320025399
86,10,2030,wind_onshore,0.05331082697777102
86,11,2030,wind_onshore,0.043542116719601454
86,12,2030,wind_onshore,0.04592858343448139
86,13,2030,wind_onshore,0.05578098784713611
86,14,2030,wind_onshore,0.0662508598068597
86,15,2030,wind_onshore,0.07644620348455358
86,16,2030,wind_onshore,0.08442444729402018
86,17,2030,wind_onshore,0.0921703119727747
86,18,2030,wind_onshore,0.10326390814935624
86,19,2030,wind_onshore,0.1129683348730671
86,20,2030,wind_onshore,0.13310287412089145
86,21,2030,wind_onshore,0.14973386718735396
86,22,2030,wind_onshore,0.1388411093964198
86,23,2030,wind_onshore,0.11306925467040674
86,24,2030,wind_onshore,0.10517138443272891
87,1,2030,demand,0.531575477908226
87,2,2030,demand,0.5070835391905438
87,3,2030,demand,0.4910557366925259
87,4,2030,demand,0.4779064049714564
87,5,2030,demand,0.48114139379299276
87,6,2030,demand,0.5058585948197785
87,7,2030,demand,0.5542946765569483
87,8,2030,demand,0.6019072126551019
87,9,2030,demand,0.6413046637804435
87,10,2030,demand,0.6613127099963538
87,11,2030,demand,0.6650009264397954
87,12,2030,demand,0.6636982100560149
87,13,2030,demand,0.6611717957746821
87,14,2030,demand,0.6501623564117166
87,15,2030,demand,0.6349564022108694
87,16,2030,demand,0.6311117859052506
87,17,2030,demand,0.6260594725535673
87,18,2030,demand,0.6399771515723277
87,19,2030,demand,0.6705032519848277
87,20,2030,demand,0.691744217538584
87,21,2030,demand,0.6946591710110064
87,22,2030,demand,0.6541752697508556
87,23,2030,demand,0.5941570474731215
87,24,2030,demand,0.5686643428960622
87,1,2030,solar,0.0
87,2,2030,solar,0.0
87,3,2030,solar,0.0
87,4,2030,solar,0.0
87,5,2030,solar,0.0
87,6,2030,solar,0.0
87,7,2030,solar,0.0
87,8,2030,solar,0.0
87,9,2030,solar,0.11084167814316917
87,10,2030,solar,0.28456528446092666
87,11,2030,solar,0.4321050210193787
87,12,2030,solar,0.5469068564296937
87,13,2030,solar,0.6023787929274518
87,14,2030,solar,0.5875853050226973
87,15,2030,solar,0.516418002509998
87,16,2030,solar,0.41373598684894136
87,17,2030,solar,0.2783385317154392
87,18,2030,solar,0.11275181418356428
87,19,2030,solar,0.0
87,20,2030,solar,0.0
87,21,2030,solar,0.0
87,22,2030,solar,0.0
87,23,2030,solar,0.0
87,24,2030,solar,0.0
87,1,2030,wind_offshore,0.011001226763160479
87,2,2030,wind_offshore,0.00013323439288499513
87,3,2030,wind_offshore,0.0
87,4,2030,wind_offshore,0.0
87,5,2030,wind_offshore,0.0
87,6,2030,wind_offshore,0.0001654811005227786
87,7,2030,wind_offshore,0.0127143812766464
87,8,2030,wind_offshore,0.03152780708794309
87,9,2030,wind_offshore,0.040126633776529544
87,10,2030,wind_offshore,0.07585590802454495
87,11,2030,wind_offshore,0.11021175025041458
87,12,2030,wind_offshore,0.18920355050687032
87,13,2030,wind_offshore,0.29180927047779215
87,14,2030,wind_offshore,0.41781677045719967
87,15,2030,wind_offshore,0.5748958906473004
87,16,2030,wind_offshore,0.6769804210549233
87,17,2030,wind_offshore,0.7284654353369011
87,18,2030,wind_offshore,0.7061040250959287
87,19,2030,wind_offshore,0.7183296113437097
87,20,2030,wind_offshore,0.6781629312147961
87,21,2030,wind_offshore,0.710903152217805
87,22,2030,wind_offshore,0.6945793494759183
87,23,2030,wind_offshore,0.7068914301422096
87,24,2030,wind_offshore,0.7149168044358095
87,1,2030,wind_onshore,0.35225729532894123
87,2,2030,wind_onshore,0.32901931001214946
87,3,2030,wind_onshore,0.30136202461657025
87,4,2030,wind_onshore,0.28243402322937866
87,5,2030,wind_onshore,0.2689334849437745
87,6,2030,wind_onshore,0.24622078473167075
87,7,2030,wind_onshore,0.22021566815887694
87,8,2030,wind_onshore,0.1927852248982857
87,9,2030,wind_onshore,0.16807362808518195
87,10,2030,wind_onshore,0.15160116350647063
87,11,2030,wind_onshore,0.1172286853947618
87,12,2030,wind_onshore,0.10629114366428422
87,13,2030,wind_onshore,0.09339929821855919
87,14,2030,wind_onshore,0.09337156576038179
87,15,2030,wind_onshore,0.09358129961044305
87,16,2030,wind_onshore,0.1085651397903188
87,17,2030,wind_onshore,0.12327229550228366
87,18,2030,wind_onshore,0.11503195383693776
87,19,2030,wind_onshore,0.10947204986248565
87,20,2030,wind_onshore,0.11200787292083625
87,21,2030,wind_onshore,0.11375730199812745
87,22,2030,wind_onshore,0.11061302847380632
87,23,2030,wind_onshore,0.1303157196329648
87,24,2030,wind_onshore,0.127923341561255
88,1,2030,demand,0.5069791522694611
88,2,2030,demand,0.49037170471918434
88,3,2030,demand,0.477671136601241
88,4,2030,demand,0.4728422922578409
88,5,2030,demand,0.47961166556984114
88,6,2030,demand,0.5063607779355946
88,7,2030,demand,0.5578142989875114
88,8,2030,demand,0.6050191782748399
88,9,2030,demand,0.6329853767059539
88,10,2030,demand,0.6537140121530303
88,11,2030,demand,0.6580137300047011
88,12,2030,demand,0.6556512501455899
88,13,2030,demand,0.6410361711327877
88,14,2030,demand,0.6349305387598283
88,15,2030,demand,0.6189263261074904
88,16,2030,demand,0.613007941828599
88,17,2030,demand,0.6146606140104447
88,18,2030,demand,0.6384362516978734
88,19,2030,demand,0.6637010408577899
88,20,2030,demand,0.6922302221141807
88,21,2030,demand,0.6759437855871748
88,22,2030,demand,0.6375791322585519
88,23,2030,demand,0.5772912319786606
88,24,2030,demand,0.5576459121935788
88,1,2030,solar,0.0
88,2,2030,solar,0.0
88,3,2030,solar,0.0
88,4,2030,solar,0.0
88,5,2030,solar,0.0
88,6,2030,solar,0.0
88,7,2030,solar,0.0
88,8,2030,solar,0.0
88,9,2030,solar,0.039988066957378124
88,10,2030,solar,0.14088626984622876
88,11,2030,solar,0.25321434464778736
88,12,2030,solar,0.34054919333626216
88,13,2030,solar,0.36700507235062785
88,14,2030,solar,0.3511251125512465
88,15,2030,solar,0.2985145000835778
88,16,2030,solar,0.2110703453138093
88,17,2030,solar,0.09053020209760387
88,18,2030,solar,0.0
88,19,2030,solar,0.0
88,20,2030,solar,0.0
88,21,2030,solar,0.0
88,22,2030,solar,0.0
88,23,2030,solar,0.0
88,24,2030,solar,0.0
88,1,2030,wind_offshore,0.9373527858650982
88,2,2030,wind_offshore,0.8785044885908055
88,3,2030,wind_offshore,0.7837691424251567
88,4,2030,wind_offshore,0.713885498339441
88,5,2030,wind_offshore,0.6267630432201303
88,6,2030,wind_offshore,0.5410025059930488
88,7,2030,wind_offshore,0.43811439468748364
88,8,2030,wind_offshore,0.356684116730996
88,9,2030,wind_offshore,0.31678817451561725
88,10,2030,wind_offshore,0.3116464505430223
88,11,2030,wind_offshore,0.336668610665141
88,12,2030,wind_offshore,0.3222945032263769
88,13,2030,wind_offshore,0.2993096832965611
88,14,2030,wind_offshore,0.29128705685417605
88,15,2030,wind_offshore,0.3015451936428545
88,16,2030,wind_offshore,0.31828692445723206
88,17,2030,wind_offshore,0.336508960981326
88,18,2030,wind_offshore,0.3536696731729232
88,19,2030,wind_offshore,0.38821120047918123
88,20,2030,wind_offshore,0.42171378998080117
88,21,2030,wind_offshore,0.45068344755598266
88,22,2030,wind_offshore,0.48951883151135
88,23,2030,wind_offshore,0.4218111938753847
88,24,2030,wind_offshore,0.4463426498678923
88,1,2030,wind_onshore,0.29285720364989576
88,2,2030,wind_onshore,0.3038696278872385
88,3,2030,wind_onshore,0.3132188245714835
88,4,2030,wind_onshore,0.32756983939266626
88,5,2030,wind_onshore,0.3343188571771562
88,6,2030,wind_onshore,0.3533163003105111
88,7,2030,wind_onshore,0.3699887746143609
88,8,2030,wind_onshore,0.38231311805998036
88,9,2030,wind_onshore,0.39743971456579186
88,10,2030,wind_onshore,0.4150719328315605
88,11,2030,wind_onshore,0.37237560313182316
88,12,2030,wind_onshore,0.4138972445037803
88,13,2030,wind_onshore,0.4587627407795597
88,14,2030,wind_onshore,0.47087604526450993
88,15,2030,wind_onshore,0.4773846707753264
88,16,2030,wind_onshore,0.4760541116911071
88,17,2030,wind_onshore,0.4527723753247853
88,18,2030,wind_onshore,0.464689951949276
88,19,2030,wind_onshore,0.48893349401963515
88,20,2030,wind_onshore,0.5021552571293411
88,21,2030,wind_onshore,0.5129378685498018
88,22,2030,wind_onshore,0.5171533580688579
88,23,2030,wind_onshore,0.4686171814448832
88,24,2030,wind_onshore,0.47029430510382864
89,1,2030,demand,0.5132518413410346
89,2,2030,demand,0.4976821991174332
89,3,2030,demand,0.49069480730817194
89,4,2030,demand,0.48789355532537076
89,5,2030,demand,0.4866011820202162
89,6,2030,demand,0.5008258025136126
89,7,2030,demand,0.5195767291816259
89,8,2030,demand,0.555711009725139
89,9,2030,demand,0.5879324042262509
89,10,2030,demand,0.6006960387432131
89,11,2030,demand,0.609820837936352
89,12,2030,demand,0.6087660155703949
89,13,2030,demand,0.5867045227764282
89,14,2030,demand,0.5643286571230086
89,15,2030,demand,0.5429955204886344
89,16,2030,demand,0.5412248202493436
89,17,2030,demand,0.5398401734553417
89,18,2030,demand,0.5471188907249785
89,19,2030,demand,0.5576371669088416
89,20,2030,demand,0.5920121963924749
89,21,2030,demand,0.6015376448444528
89,22,2030,demand,0.5662892547628577
89,23,2030,demand,0.5305064767684756
89,24,2030,demand,0.5127825209171579
89,1,2030,solar,0.0
89,2,2030,solar,0.0
89,3,2030,solar,0.0
89,4,2030,solar,0.0
89,5,2030,solar,0.0
89,6,2030,solar,0.0
89,7,2030,solar,0.009893717793517314
89,8,2030,solar,0.14452865127296546
89,9,2030,solar,0.35473524492148095
89,10,2030,solar,0.5346269503817713
89,11,2030,solar,0.672656238064323
89,12,2030,solar,0.7697426295914663
89,13,2030,solar,0.7994422393677935
89,14,2030,solar,0.7774650551422052
89,15,2030,solar,0.6827365114165579
89,16,2030,solar,0.5633701716849125
89,17,2030,solar,0.40579158213709426
89,18,2030,solar,0.22373498825555427
89,19,2030,solar,0.0528255535076774
89,20,2030,solar,9.067618140149031e-7
89,21,2030,solar,0.0
89,22,2030,solar,0.0
89,23,2030,solar,0.0
89,24,2030,solar,0.0
89,1,2030,wind_offshore,0.5777602054602051
89,2,2030,wind_offshore,0.6471452957091792
89,3,2030,wind_offshore,0.7079609605098157
89,4,2030,wind_offshore,0.7920135952478827
89,5,2030,wind_offshore,0.8584129817938999
89,6,2030,wind_offshore,0.8974951438337062
89,7,2030,wind_offshore,0.9113150682659377
89,8,2030,wind_offshore,0.8853858604478078
89,9,2030,wind_offshore,0.8543305519555867
89,10,2030,wind_offshore,0.8116853652033834
89,11,2030,wind_offshore,0.5464249555190296
89,12,2030,wind_offshore,0.465175291652454
89,13,2030,wind_offshore,0.38400263443990595
89,14,2030,wind_offshore,0.3302338875596888
89,15,2030,wind_offshore,0.34703838184394253
89,16,2030,wind_offshore,0.3835372344894447
89,17,2030,wind_offshore,0.4010859638167422
89,18,2030,wind_offshore,0.44391774247588467
89,19,2030,wind_offshore,0.4999151427676153
89,20,2030,wind_offshore,0.5295763492969054
89,21,2030,wind_offshore,0.5385004204343667
89,22,2030,wind_offshore,0.5667618497777916
89,23,2030,wind_offshore,0.4706882197073954
89,24,2030,wind_offshore,0.431524695490605
89,1,2030,wind_onshore,0.17046092727080228
89,2,2030,wind_onshore,0.16676821193235844
89,3,2030,wind_onshore,0.178131279036713
89,4,2030,wind_onshore,0.191649431421001
89,5,2030,wind_onshore,0.20295769078427078
89,6,2030,wind_onshore,0.2171824110475365
89,7,2030,wind_onshore,0.22445957609095446
89,8,2030,wind_onshore,0.23429251460254283
89,9,2030,wind_onshore,0.25507156324192987
89,10,2030,wind_onshore,0.2847756009100587
89,11,2030,wind_onshore,0.30032235603641966
89,12,2030,wind_onshore,0.32941719370335754
89,13,2030,wind_onshore,0.3483940866878742
89,14,2030,wind_onshore,0.37395170516374676
89,15,2030,wind_onshore,0.3966086713403463
89,16,2030,wind_onshore,0.4080846423636164
89,17,2030,wind_onshore,0.4100692945811387
89,18,2030,wind_onshore,0.3670305493910942
89,19,2030,wind_onshore,0.3154215485771147
89,20,2030,wind_onshore,0.24694345857814654
89,21,2030,wind_onshore,0.21255523847474228
89,22,2030,wind_onshore,0.17373827072125048
89,23,2030,wind_onshore,0.19092466395620994
89,24,2030,wind_onshore,0.16807349547456912
90,1,2030,demand,0.48819585912714486
90,2,2030,demand,0.4766763816556504
90,3,2030,demand,0.4702565153421526
90,4,2030,demand,0.45804055557666434
90,5,2030,demand,0.46599440883666987
90,6,2030,demand,0.48954905712703023
90,7,2030,demand,0.5359175139416069
90,8,2030,demand,0.5850648041838877
90,9,2030,demand,0.6150022407442963
90,10,2030,demand,0.634821946315882
90,11,2030,demand,0.6501686479294027
90,12,2030,demand,0.6492387854561437
90,13,2030,demand,0.6441887843275818
90,14,2030,demand,0.6283783444923667
90,15,2030,demand,0.6161658207146452
90,16,2030,demand,0.6142387136653802
90,17,2030,demand,0.606992749251891
90,18,2030,demand,0.6203522080402704
90,19,2030,demand,0.6522899701701891
90,20,2030,demand,0.6679895496676832
90,21,2030,demand,0.6607753530667727
90,22,2030,demand,0.6183765036254905
90,23,2030,demand,0.5614908887709359
90,24,2030,demand,0.5440839476296515
90,1,2030,solar,0.0
90,2,2030,solar,0.0
90,3,2030,solar,0.0
90,4,2030,solar,0.0
90,5,2030,solar,0.0
90,6,2030,solar,0.0
90,7,2030,solar,0.0
90,8,2030,solar,0.0
90,9,2030,solar,0.02214261577704426
90,10,2030,solar,0.08374341495088847
90,11,2030,solar,0.16971867726458756
90,12,2030,solar,0.23600340184441337
90,13,2030,solar,0.25707876218941117
90,14,2030,solar,0.2391162995307482
90,15,2030,solar,0.21375458263243274
90,16,2030,solar,0.1754313796764634
90,17,2030,solar,0.10197264128909456
90,18,2030,solar,0.022201260185980617
90,19,2030,solar,0.0
90,20,2030,solar,0.0
90,21,2030,solar,0.0
90,22,2030,solar,0.0
90,23,2030,solar,0.0
90,24,2030,solar,0.0
90,1,2030,wind_offshore,0.9690171666818604
90,2,2030,wind_offshore,0.9681078941303687
90,3,2030,wind_offshore,0.9734217343524209
90,4,2030,wind_offshore,0.9641372840417215
90,5,2030,wind_offshore,0.9604349740032614
90,6,2030,wind_offshore,0.9500667603092963
90,7,2030,wind_offshore,0.954268688740064
90,8,2030,wind_offshore,0.9430788281710383
90,9,2030,wind_offshore,0.9499218673795431
90,10,2030,wind_offshore,0.9462660360269178
90,11,2030,wind_offshore,0.8397883043097776
90,12,2030,wind_offshore,0.6342157437920641
90,13,2030,wind_offshore,0.36730793658906785
90,14,2030,wind_offshore,0.33705776620792616
90,15,2030,wind_offshore,0.2178594967175354
90,16,2030,wind_offshore,0.060136429832487875
90,17,2030,wind_offshore,0.040186571942618765
90,18,2030,wind_offshore,0.04456233066343175
90,19,2030,wind_offshore,0.013463463138715371
90,20,2030,wind_offshore,0.009573401050789843
90,21,2030,wind_offshore,0.00019342473338534874
90,22,2030,wind_offshore,0.0011676614237355705
90,23,2030,wind_offshore,0.0719506503061234
90,24,2030,wind_offshore,0.09164562918966199
90,1,2030,wind_onshore,0.5455783986041354
90,2,2030,wind_onshore,0.5753940098497354
90,3,2030,wind_onshore,0.5964868160741685
90,4,2030,wind_onshore,0.6127692713363108
90,5,2030,wind_onshore,0.6367674356898951
90,6,2030,wind_onshore,0.6553175839558882
90,7,2030,wind_onshore,0.6665044336411281
90,8,2030,wind_onshore,0.6667751284148438
90,9,2030,wind_onshore,0.659533317269645
90,10,2030,wind_onshore,0.6398406210670127
90,11,2030,wind_onshore,0.643852515044577
90,12,2030,wind_onshore,0.663538286828907
90,13,2030,wind_onshore,0.6863560129877277
90,14,2030,wind_onshore,0.6837375006184458
90,15,2030,wind_onshore,0.6608148192428691
90,16,2030,wind_onshore,0.6227688213727496
90,17,2030,wind_onshore,0.5510459111099915
90,18,2030,wind_onshore,0.479050307597091
90,19,2030,wind_onshore,0.4330016793875351
90,20,2030,wind_onshore,0.40096461466793
90,21,2030,wind_onshore,0.367105045637478
90,22,2030,wind_onshore,0.33321686313278664
90,23,2030,wind_onshore,0.3119267679577209
90,24,2030,wind_onshore,0.31098501256819655
91,1,2030,demand,0.48004023367314075
91,2,2030,demand,0.4764177703810857
91,3,2030,demand,0.4698756754752648
91,4,2030,demand,0.45569720018689497
91,5,2030,demand,0.46233968278029924
91,6,2030,demand,0.480456000588816
91,7,2030,demand,0.5143899413351012
91,8,2030,demand,0.5522293573626287
91,9,2030,demand,0.5737315041189424
91,10,2030,demand,0.5901469541715321
91,11,2030,demand,0.6058223122090449
91,12,2030,demand,0.6034446328420944
91,13,2030,demand,0.6008356498054224
91,14,2030,demand,0.5878155718112605
91,15,2030,demand,0.5772525293999877
91,16,2030,demand,0.5711812552992135
91,17,2030,demand,0.5696701452332988
91,18,2030,demand,0.5893838174368281
91,19,2030,demand,0.6118042402292091
91,20,2030,demand,0.6332131015782188
91,21,2030,demand,0.6260269742650703
91,22,2030,demand,0.5907442364770286
91,23,2030,demand,0.5481000681618313
91,24,2030,demand,0.5292565085357108
91,1,2030,solar,0.0
91,2,2030,solar,0.0
91,3,2030,solar,0.0
91,4,2030,solar,0.0
91,5,2030,solar,0.0
91,6,2030,solar,0.0
91,7,2030,solar,0.0
91,8,2030,solar,0.03346781125001339
91,9,2030,solar,0.2231112056319708
91,10,2030,solar,0.42166719439893874
91,11,2030,solar,0.5487637840329935
91,12,2030,solar,0.6269499245740028
91,13,2030,solar,0.6461744688628794
91,14,2030,solar,0.6171457388261867
91,15,2030,solar,0.5286020722828431
91,16,2030,solar,0.3854002727146798
91,17,2030,solar,0.19715022271860877
91,18,2030,solar,0.016482306455943476
91,19,2030,solar,0.0
91,20,2030,solar,0.0
91,21,2030,solar,0.0
91,22,2030,solar,0.0
91,23,2030,solar,0.0
91,24,2030,solar,0.0
91,1,2030,wind_offshore,0.3422090107520849
91,2,2030,wind_offshore,0.33836046751302756
91,3,2030,wind_offshore,0.3317447900208262
91,4,2030,wind_offshore,0.3397903125058557
91,5,2030,wind_offshore,0.33449725972936617
91,6,2030,wind_offshore,0.3317483220929749
91,7,2030,wind_offshore,0.346116317717593
91,8,2030,wind_offshore,0.33813190343686506
91,9,2030,wind_offshore,0.33676793501965907
91,10,2030,wind_offshore,0.3359257003243005
91,11,2030,wind_offshore,0.4145292575084373
91,12,2030,wind_offshore,0.3743586709150033
91,13,2030,wind_offshore,0.32454126066450484
91,14,2030,wind_offshore,0.2964344292204777
91,15,2030,wind_offshore,0.27374180615875765
91,16,2030,wind_offshore,0.2699786921756838
91,17,2030,wind_offshore,0.3093179371516653
91,18,2030,wind_offshore,0.33533276438407
91,19,2030,wind_offshore,0.2837454397185134
91,20,2030,wind_offshore,0.24978229843540978
91,21,2030,wind_offshore,0.29461996817681985
91,22,2030,wind_offshore,0.42128157457310744
91,23,2030,wind_offshore,0.5387942409640396
91,24,2030,wind_offshore,0.5806932769134829
91,1,2030,wind_onshore,0.04217869333912565
91,2,2030,wind_onshore,0.036411352654530924
91,3,2030,wind_onshore,0.031029631802704606
91,4,2030,wind_onshore,0.02780254520916939
91,5,2030,wind_onshore,0.02379085043754368
91,6,2030,wind_onshore,0.0208697203659811
91,7,2030,wind_onshore,0.02191821876239798
91,8,2030,wind_onshore,0.02430965380099081
91,9,2030,wind_onshore,0.03128812024040909
91,10,2030,wind_onshore,0.02519896703361775
91,11,2030,wind_onshore,0.03509957537521523
91,12,2030,wind_onshore,0.04979587936293692
91,13,2030,wind_onshore,0.06543686080953748
91,14,2030,wind_onshore,0.07203081140771028
91,15,2030,wind_onshore,0.08682050508805429
91,16,2030,wind_onshore,0.09098384732638555
91,17,2030,wind_onshore,0.08869932166277614
91,18,2030,wind_onshore,0.09890555622528369
91,19,2030,wind_onshore,0.11694743716543735
91,20,2030,wind_onshore,0.12909016249396454
91,21,2030,wind_onshore,0.1409462868690624
91,22,2030,wind_onshore,0.14949184283567163
91,23,2030,wind_onshore,0.1303453457078873
91,24,2030,wind_onshore,0.12297763624638505
92,1,2030,demand,0.4647984265500256
92,2,2030,demand,0.4453617538716145
92,3,2030,demand,0.4278071702297013
92,4,2030,demand,0.4215321501184251
92,5,2030,demand,0.4089102512787229
92,6,2030,demand,0.39258673573200636
92,7,2030,demand,0.3984099540034841
92,8,2030,demand,0.42294569165215856
92,9,2030,demand,0.452247155787214
92,10,2030,demand,0.47873527484773876
92,11,2030,demand,0.4926981822368268
92,12,2030,demand,0.4907960465752931
92,13,2030,demand,0.4986607726720176
92,14,2030,demand,0.49170022949628833
92,15,2030,demand,0.47924022016980916
92,16,2030,demand,0.47143355640087115
92,17,2030,demand,0.47488018899322626
92,18,2030,demand,0.4944200046580947
92,19,2030,demand,0.5244738427087945
92,20,2030,demand,0.5456232409923587
92,21,2030,demand,0.553588626677719
92,22,2030,demand,0.5415694283882044
92,23,2030,demand,0.5062170627435407
92,24,2030,demand,0.49022450513325067
92,1,2030,solar,0.0
92,2,2030,solar,0.0
92,3,2030,solar,0.0
92,4,2030,solar,0.0
92,5,2030,solar,0.0
92,6,2030,solar,0.0
92,7,2030,solar,0.0
92,8,2030,solar,0.014882035303591133
92,9,2030,solar,0.18853274120816432
92,10,2030,solar,0.36445286786555564
92,11,2030,solar,0.49498078698191905
92,12,2030,solar,0.5861321169917287
92,13,2030,solar,0.6119584116386054
92,14,2030,solar,0.5886152490831669
92,15,2030,solar,0.49932023728102315
92,16,2030,solar,0.36514596131672816
92,17,2030,solar,0.1789374623940543
92,18,2030,solar,0.0057392697434015365
92,19,2030,solar,0.0
92,20,2030,solar,0.0
92,21,2030,solar,0.0
92,22,2030,solar,0.0
92,23,2030,solar,0.0
92,24,2030,solar,0.0
92,1,2030,wind_offshore,0.0248281234448923
92,2,2030,wind_offshore,0.03531737025201297
92,3,2030,wind_offshore,0.04205854701784092
92,4,2030,wind_offshore,0.04478314458783055
92,5,2030,wind_offshore,0.05236585273781913
92,6,2030,wind_offshore,0.08097024354882511
92,7,2030,wind_offshore,0.11093273567365765
92,8,2030,wind_offshore,0.13697899115233225
92,9,2030,wind_offshore,0.1721977482529754
92,10,2030,wind_offshore,0.2539759843888391
92,11,2030,wind_offshore,0.28550307073975256
92,12,2030,wind_offshore,0.35853712580324765
92,13,2030,wind_offshore,0.42219575420928146
92,14,2030,wind_offshore,0.5103572620460557
92,15,2030,wind_offshore,0.5188861887793548
92,16,2030,wind_offshore,0.6356733660390987
92,17,2030,wind_offshore,0.7562796224195036
92,18,2030,wind_offshore,0.8614810231738779
92,19,2030,wind_offshore,0.9373888648763603
92,20,2030,wind_offshore,0.9564499863583595
92,21,2030,wind_offshore,0.9597661443026559
92,22,2030,wind_offshore,0.9394491938475091
92,23,2030,wind_offshore,0.903275709660182
92,24,2030,wind_offshore,0.8828689744596309
92,1,2030,wind_onshore,0.334886079471184
92,2,2030,wind_onshore,0.3308130173593251
92,3,2030,wind_onshore,0.3289492210217695
92,4,2030,wind_onshore,0.32870300528493973
92,5,2030,wind_onshore,0.33546020780374775
92,6,2030,wind_onshore,0.34153135689346914
92,7,2030,wind_onshore,0.3424993265312775
92,8,2030,wind_onshore,0.34733548318804364
92,9,2030,wind_onshore,0.3325542257563957
92,10,2030,wind_onshore,0.3356967341229774
92,11,2030,wind_onshore,0.3576516689321424
92,12,2030,wind_onshore,0.37939716510767674
92,13,2030,wind_onshore,0.3861514705733497
92,14,2030,wind_onshore,0.37682200311147124
92,15,2030,wind_onshore,0.3563045398210041
92,16,2030,wind_onshore,0.3292968099112218
92,17,2030,wind_onshore,0.2886191542223413
92,18,2030,wind_onshore,0.28141553137805997
92,19,2030,wind_onshore,0.2944881096356451
92,20,2030,wind_onshore,0.2945275921798399
92,21,2030,wind_onshore,0.2926021116546425
92,22,2030,wind_onshore,0.27849052620425974
92,23,2030,wind_onshore,0.2311592396876216
92,24,2030,wind_onshore,0.2047489502380686
93,1,2030,demand,0.473008984791394
93,2,2030,demand,0.4685975082856198
93,3,2030,demand,0.46598622240904125
93,4,2030,demand,0.4614870168388426
93,5,2030,demand,0.46955019288968236
93,6,2030,demand,0.49212415064411535
93,7,2030,demand,0.5228404320528648
93,8,2030,demand,0.5527358451075909
93,9,2030,demand,0.5735660468059607
93,10,2030,demand,0.5855599915060958
93,11,2030,demand,0.590551546218737
93,12,2030,demand,0.5913891980711862
93,13,2030,demand,0.5860561305305626
93,14,2030,demand,0.5762706828044613
93,15,2030,demand,0.569798947217408
93,16,2030,demand,0.5695325246411054
93,17,2030,demand,0.5694615792438069
93,18,2030,demand,0.571840928061784
93,19,2030,demand,0.5821089039998516
93,20,2030,demand,0.5923448449607459
93,21,2030,demand,0.585398940510862
93,22,2030,demand,0.5479092028946155
93,23,2030,demand,0.5092388002587281
93,24,2030,demand,0.50554749430619
93,1,2030,solar,0.0
93,2,2030,solar,0.0
93,3,2030,solar,0.0
93,4,2030,solar,0.0
93,5,2030,solar,0.0
93,6,2030,solar,0.0
93,7,2030,solar,0.008462489624223095
93,8,2030,solar,0.10851439217688286
93,9,2030,solar,0.2929411027218227
93,10,2030,solar,0.4726108147709443
93,11,2030,solar,0.5866666499580356
93,12,2030,solar,0.6587006731420911
93,13,2030,solar,0.6748561300483678
93,14,2030,solar,0.6538062404197275
93,15,2030,solar,0.5772275460758224
93,16,2030,solar,0.46209883267424773
93,17,2030,solar,0.3008511059234018
93,18,2030,solar,0.1272829774031672
93,19,2030,solar,0.020722126562224833
93,20,2030,solar,0.00010816426497862971
93,21,2030,solar,0.0
93,22,2030,solar,0.0
93,23,2030,solar,0.0
93,24,2030,solar,0.0
93,1,2030,wind_offshore,0.08471389218283411
93,2,2030,wind_offshore,0.10402583887911317
93,3,2030,wind_offshore,0.1008199432456709
93,4,2030,wind_offshore,0.09881403187383447
93,5,2030,wind_offshore,0.11106949175417126
93,6,2030,wind_offshore,0.10853803132156303
93,7,2030,wind_offshore,0.13133120260361264
93,8,2030,wind_offshore,0.14664293693597738
93,9,2030,wind_offshore,0.19328398071468614
93,10,2030,wind_offshore,0.2593825382154761
93,11,2030,wind_offshore,0.2757296175861021
93,12,2030,wind_offshore,0.30470630901431867
93,13,2030,wind_offshore,0.3255563296756352
93,14,2030,wind_offshore,0.36339061907554643
93,15,2030,wind_offshore,0.36144085149701627
93,16,2030,wind_offshore,0.4067837477605099
93,17,2030,wind_offshore,0.4427930398895688
93,18,2030,wind_offshore,0.4894392794577065
93,19,2030,wind_offshore,0.5834339049640865
93,20,2030,wind_offshore,0.6382196715073986
93,21,2030,wind_offshore,0.6122051443617581
93,22,2030,wind_offshore,0.583000295950629
93,23,2030,wind_offshore,0.42426566646395364
93,24,2030,wind_offshore,0.4528795450862746
93,1,2030,wind_onshore,0.13570343415039957
93,2,2030,wind_onshore,0.1301781118310824
93,3,2030,wind_onshore,0.1258828736008547
93,4,2030,wind_onshore,0.12385305675651287
93,5,2030,wind_onshore,0.11835481345035936
93,6,2030,wind_onshore,0.11353122513744078
93,7,2030,wind_onshore,0.10968274685725933
93,8,2030,wind_onshore,0.10491441514588405
93,9,2030,wind_onshore,0.0916644739631262
93,10,2030,wind_onshore,0.08621548134459311
93,11,2030,wind_onshore,0.0822330333976
93,12,2030,wind_onshore,0.09214696595616113
93,13,2030,wind_onshore,0.10052642937129147
93,14,2030,wind_onshore,0.11518608938803199
93,15,2030,wind_onshore,0.13206615937268215
93,16,2030,wind_onshore,0.14380325110930692
93,17,2030,wind_onshore,0.15555637893563307
93,18,2030,wind_onshore,0.160768772742937
93,19,2030,wind_onshore,0.16101137165676702
93,20,2030,wind_onshore,0.16442684108794084
93,21,2030,wind_onshore,0.16986215291840587
93,22,2030,wind_onshore,0.16741037372914147
93,23,2030,wind_onshore,0.15148102538651478
93,24,2030,wind_onshore,0.15796905479963289
94,1,2030,demand,0.48857575213096743
94,2,2030,demand,0.47937678376365067
94,3,2030,demand,0.46750998784026493
94,4,2030,demand,0.4565187688115763
94,5,2030,demand,0.4489643834842638
94,6,2030,demand,0.4438365830398166
94,7,2030,demand,0.44628550651248083
94,8,2030,demand,0.4663457393868858
94,9,2030,demand,0.49878446825691536
94,10,2030,demand,0.525984409673267
94,11,2030,demand,0.5465215685967164
94,12,2030,demand,0.5543736866780776
94,13,2030,demand,0.5586845739162315
94,14,2030,demand,0.5596309758396892
94,15,2030,demand,0.5543207889591423
94,16,2030,demand,0.5517964919945674
94,17,2030,demand,0.5524928249825096
94,18,2030,demand,0.564169420804346
94,19,2030,demand,0.574609461947331
94,20,2030,demand,0.5787931075735097
94,21,2030,demand,0.5810874414933058
94,22,2030,demand,0.5648938112157652
94,23,2030,demand,0.5347449484024622
94,24,2030,demand,0.5255866914421997
94,1,2030,solar,0.0
94,2,2030,solar,0.0
94,3,2030,solar,0.0
94,4,2030,solar,0.0
94,5,2030,solar,0.0
94,6,2030,solar,0.0
94,7,2030,solar,0.0042997481551774715
94,8,2030,solar,0.0978982149153058
94,9,2030,solar,0.2698323361614419
94,10,2030,solar,0.4376391963964568
94,11,2030,solar,0.5514591897758697
94,12,2030,solar,0.6144883346659933
94,13,2030,solar,0.6217605534542904
94,14,2030,solar,0.596699033132418
94,15,2030,solar,0.5233203265061549
94,16,2030,solar,0.4268499159234644
94,17,2030,solar,0.2967742679436638
94,18,2030,solar,0.1459488550168013
94,19,2030,solar,0.030914645026657056
94,20,2030,solar,0.0007665539998726343
94,21,2030,solar,0.0
94,22,2030,solar,0.0
94,23,2030,solar,0.0
94,24,2030,solar,0.0
94,1,2030,wind_offshore,0.649793779620616
94,2,2030,wind_offshore,0.6617169499012218
94,3,2030,wind_offshore,0.6749877250072802
94,4,2030,wind_offshore,0.6588748866494439
94,5,2030,wind_offshore,0.6323802522598089
94,6,2030,wind_offshore,0.5825592604091586
94,7,2030,wind_offshore,0.5221605437872711
94,8,2030,wind_offshore,0.48888938302502344
94,9,2030,wind_offshore,0.4406712043898117
94,10,2030,wind_offshore,0.3846326917100427
94,11,2030,wind_offshore,0.356616035307461
94,12,2030,wind_offshore,0.33433962832725833
94,13,2030,wind_offshore,0.36676282346834466
94,14,2030,wind_offshore,0.4156216424657438
94,15,2030,wind_offshore,0.4630135215745959
94,16,2030,wind_offshore,0.4529448678421872
94,17,2030,wind_offshore,0.4119138984818111
94,18,2030,wind_offshore,0.3559641509009504
94,19,2030,wind_offshore,0.3002272641076134
94,20,2030,wind_offshore,0.23920604318899005
94,21,2030,wind_offshore,0.20778347654574458
94,22,2030,wind_offshore,0.18763245632128026
94,23,2030,wind_offshore,0.19403702097989595
94,24,2030,wind_offshore,0.15972493611298036
94,1,2030,wind_onshore,0.22127754711765138
94,2,2030,wind_onshore,0.20956794378922416
94,3,2030,wind_onshore,0.19746430417287938
94,4,2030,wind_onshore,0.19151171484285945
94,5,2030,wind_onshore,0.182956631097564
94,6,2030,wind_onshore,0.1756264948717415
94,7,2030,wind_onshore,0.16865281268785814
94,8,2030,wind_onshore,0.1607068959239871
94,9,2030,wind_onshore,0.15374189320757417
94,10,2030,wind_onshore,0.15537098202589503
94,11,2030,wind_onshore,0.16594692249230417
94,12,2030,wind_onshore,0.16196974334239156
94,13,2030,wind_onshore,0.15858448421915358
94,14,2030,wind_onshore,0.15470795410890062
94,15,2030,wind_onshore,0.1649893750252179
94,16,2030,wind_onshore,0.17446711469653264
94,17,2030,wind_onshore,0.18911510929932937
94,18,2030,wind_onshore,0.18750349680293543
94,19,2030,wind_onshore,0.1936265271524575
94,20,2030,wind_onshore,0.19049501886644804
94,21,2030,wind_onshore,0.17868120061579662
94,22,2030,wind_onshore,0.15636789526267506
94,23,2030,wind_onshore,0.13765509703868362
94,24,2030,wind_onshore,0.12998135363563215
95,1,2030,demand,0.5511323899348352
95,2,2030,demand,0.5422230850745656
95,3,2030,demand,0.5277277704757687
95,4,2030,demand,0.5162030408297804
95,5,2030,demand,0.5210402691750727
95,6,2030,demand,0.5283563781743938
95,7,2030,demand,0.5354229964126908
95,8,2030,demand,0.5585322532134048
95,9,2030,demand,0.5945517358530691
95,10,2030,demand,0.6331205935322628
95,11,2030,demand,0.6585760576327742
95,12,2030,demand,0.6743094877014931
95,13,2030,demand,0.6789521192081144
95,14,2030,demand,0.6739682032767342
95,15,2030,demand,0.670388611173935
95,16,2030,demand,0.6619679967471567
95,17,2030,demand,0.6536764948426865
95,18,2030,demand,0.6467828275645106
95,19,2030,demand,0.6372591072997074
95,20,2030,demand,0.6351198367163216
95,21,2030,demand,0.6280837774215104
95,22,2030,demand,0.599900145030731
95,23,2030,demand,0.5634116336176489
95,24,2030,demand,0.5607780886565279
95,1,2030,solar,0.0
95,2,2030,solar,0.0
95,3,2030,solar,0.0
95,4,2030,solar,0.0
95,5,2030,solar,0.0
95,6,2030,solar,0.00011380584992429885
95,7,2030,solar,0.025573576949396284
95,8,2030,solar,0.1837570065663254
95,9,2030,solar,0.3812682838118278
95,10,2030,solar,0.5449797001800604
95,11,2030,solar,0.6533147542708301
95,12,2030,solar,0.7137799754318221
95,13,2030,solar,0.7405662861362668
95,14,2030,solar,0.7310821119836415
95,15,2030,solar,0.6739429478806922
95,16,2030,solar,0.5885092956726162
95,17,2030,solar,0.4509609422678301
95,18,2030,solar,0.2734510961154133
95,19,2030,solar,0.08991841469121789
95,20,2030,solar,0.001534258019635937
95,21,2030,solar,0.0
95,22,2030,solar,0.0
95,23,2030,solar,0.0
95,24,2030,solar,0.0
95,1,2030,wind_offshore,0.38722756683605686
95,2,2030,wind_offshore,0.39081386115230204
95,3,2030,wind_offshore,0.36745601384090976
95,4,2030,wind_offshore,0.3284299797123725
95,5,2030,wind_offshore,0.2626161924341204
95,6,2030,wind_offshore,0.1968314597204222
95,7,2030,wind_offshore,0.1739074623164534
95,8,2030,wind_offshore,0.1838459773179169
95,9,2030,wind_offshore,0.19569703834057664
95,10,2030,wind_offshore,0.19467072331510332
95,11,2030,wind_offshore,0.13202986175721546
95,12,2030,wind_offshore,0.1425023008735039
95,13,2030,wind_offshore,0.14868817416910032
95,14,2030,wind_offshore,0.15698003055614743
95,15,2030,wind_offshore,0.1833883012774734
95,16,2030,wind_offshore,0.22062626114417283
95,17,2030,wind_offshore,0.2571126601001656
95,18,2030,wind_offshore,0.2758289415847851
95,19,2030,wind_offshore,0.2820497323513704
95,20,2030,wind_offshore,0.29445822174298486
95,21,2030,wind_offshore,0.29169044935501975
95,22,2030,wind_offshore,0.2721545449147857
95,23,2030,wind_offshore,0.1982867711228641
95,24,2030,wind_offshore,0.26888237105369217
95,1,2030,wind_onshore,0.1642827819657579
95,2,2030,wind_onshore,0.14405952533587277
95,3,2030,wind_onshore,0.13314619853772003
95,4,2030,wind_onshore,0.12204343099735059
95,5,2030,wind_onshore,0.11821660379056916
95,6,2030,wind_onshore,0.11345199628021965
95,7,2030,wind_onshore,0.10641821684814852
95,8,2030,wind_onshore,0.09410384787934026
95,9,2030,wind_onshore,0.09719019153351828
95,10,2030,wind_onshore,0.10262506387104942
95,11,2030,wind_onshore,0.09947900343247866
95,12,2030,wind_onshore,0.11467571438747512
95,13,2030,wind_onshore,0.13186900940522184
95,14,2030,wind_onshore,0.16148232225809034
95,15,2030,wind_onshore,0.1962232034730821
95,16,2030,wind_onshore,0.23428138797028614
95,17,2030,wind_onshore,0.2702048167122517
95,18,2030,wind_onshore,0.31058708481312336
95,19,2030,wind_onshore,0.3427435503980198
95,20,2030,wind_onshore,0.34971172894263564
95,21,2030,wind_onshore,0.35356224663257985
95,22,2030,wind_onshore,0.3320219118066707
95,23,2030,wind_onshore,0.2917733954566924
95,24,2030,wind_onshore,0.2943749561070932
96,1,2030,demand,0.5144628611143761
96,2,2030,demand,0.5046173727648953
96,3,2030,demand,0.4963201484658831
96,4,2030,demand,0.4864555499450697
96,5,2030,demand,0.48546303704868865
96,6,2030,demand,0.51255097568412
96,7,2030,demand,0.5546494553370183
96,8,2030,demand,0.5989858791990439
96,9,2030,demand,0.6426824001416104
96,10,2030,demand,0.6581200191315952
96,11,2030,demand,0.670367049011214
96,12,2030,demand,0.6663047209726608
96,13,2030,demand,0.6578828714623197
96,14,2030,demand,0.6409713636543022
96,15,2030,demand,0.6198110231143767
96,16,2030,demand,0.6105509841595865
96,17,2030,demand,0.6178365751967136
96,18,2030,demand,0.6302124974593282
96,19,2030,demand,0.6678390459179868
96,20,2030,demand,0.6878404284581021
96,21,2030,demand,0.6778946869571741
96,22,2030,demand,0.634778918287198
96,23,2030,demand,0.5765592956017858
96,24,2030,demand,0.554191945901233
96,1,2030,solar,0.0
96,2,2030,solar,0.0
96,3,2030,solar,0.0
96,4,2030,solar,0.0
96,5,2030,solar,0.0
96,6,2030,solar,0.0
96,7,2030,solar,0.0
96,8,2030,solar,0.0
96,9,2030,solar,0.02833606430818305
96,10,2030,solar,0.09331801327547302
96,11,2030,solar,0.1522159521876655
96,12,2030,solar,0.20504330744371915
96,13,2030,solar,0.22468731616652143
96,14,2030,solar,0.21159260787012987
96,15,2030,solar,0.1986343099763785
96,16,2030,solar,0.17146447378255172
96,17,2030,solar,0.11079767969792373
96,18,2030,solar,0.031365662400791416
96,19,2030,solar,0.0
96,20,2030,solar,0.0
96,21,2030,solar,0.0
96,22,2030,solar,0.0
96,23,2030,solar,0.0
96,24,2030,solar,0.0
96,1,2030,wind_offshore,0.8844780439597462
96,2,2030,wind_offshore,0.7534474111039313
96,3,2030,wind_offshore,0.46661447500407816
96,4,2030,wind_offshore,0.20736059077332747
96,5,2030,wind_offshore,0.09532938899690307
96,6,2030,wind_offshore,0.05671992853364016
96,7,2030,wind_offshore,0.09908741799291501
96,8,2030,wind_offshore,0.12475298697452653
96,9,2030,wind_offshore,0.06272935981647121
96,10,2030,wind_offshore,0.011492193821437374
96,11,2030,wind_offshore,0.005281786995770456
96,12,2030,wind_offshore,0.00012058874032508485
96,13,2030,wind_offshore,0.0
96,14,2030,wind_offshore,0.0
96,15,2030,wind_offshore,0.0
96,16,2030,wind_offshore,0.0008840986637137294
96,17,2030,wind_offshore,0.00026579901036645124
96,18,2030,wind_offshore,0.004214916416527003
96,19,2030,wind_offshore,0.012492725159611692
96,20,2030,wind_offshore,0.028311872837527542
96,21,2030,wind_offshore,0.0323487021322013
96,22,2030,wind_offshore,0.07537512220672653
96,23,2030,wind_offshore,0.18137593185483003
96,24,2030,wind_offshore,0.2470177607950888
96,1,2030,wind_onshore,0.6200965155093117
96,2,2030,wind_onshore,0.6031387416253613
96,3,2030,wind_onshore,0.5832878943964875
96,4,2030,wind_onshore,0.5558475275356118
96,5,2030,wind_onshore,0.5335943486093284
96,6,2030,wind_onshore,0.49785564201375476
96,7,2030,wind_onshore,0.4482214644254691
96,8,2030,wind_onshore,0.40911823091636135
96,9,2030,wind_onshore,0.3757664320818531
96,10,2030,wind_onshore,0.37537620776403313
96,11,2030,wind_onshore,0.35621424870874785
96,12,2030,wind_onshore,0.3822686991954643
96,13,2030,wind_onshore,0.39990877103478073
96,14,2030,wind_onshore,0.37390223238320675
96,15,2030,wind_onshore,0.34829321802249347
96,16,2030,wind_onshore,0.3241545466469057
96,17,2030,wind_onshore,0.3094481194778995
96,18,2030,wind_onshore,0.27719754464154883
96,19,2030,wind_onshore,0.2616836625100242
96,20,2030,wind_onshore,0.25652669230467207
96,21,2030,wind_onshore,0.23806860403374874
96,22,2030,wind_onshore,0.21225938985408324
96,23,2030,wind_onshore,0.19788240928183554
96,24,2030,wind_onshore,0.19050897504791697
97,1,2030,demand,0.48318466963144086
97,2,2030,demand,0.4901195986862084
97,3,2030,demand,0.4864450260856194
97,4,2030,demand,0.49506254633181523
97,5,2030,demand,0.517283620362091
97,6,2030,demand,0.5683118968125982
97,7,2030,demand,0.6181047171582122
97,8,2030,demand,0.6463055769067595
97,9,2030,demand,0.6537888327278368
97,10,2030,demand,0.6452482794867607
97,11,2030,demand,0.6486726066050277
97,12,2030,demand,0.6403525136097017
97,13,2030,demand,0.6116696124976206
97,14,2030,demand,0.5994338182351652
97,15,2030,demand,0.5877763799023138
97,16,2030,demand,0.5852119275063316
97,17,2030,demand,0.5867944696475427
97,18,2030,demand,0.6139014258854616
97,19,2030,demand,0.6370580134916485
97,20,2030,demand,0.6383550942390367
97,21,2030,demand,0.6143577346257144
97,22,2030,demand,0.5639818665880213
97,23,2030,demand,0.5198366512910205
97,24,2030,demand,0.5093999488300316
97,1,2030,solar,0.0
97,2,2030,solar,0.0
97,3,2030,solar,0.0
97,4,2030,solar,0.0
97,5,2030,solar,0.0
97,6,2030,solar,0.0
97,7,2030,solar,0.0
97,8,2030,solar,0.03603834221822686
97,9,2030,solar,0.1925940976171162
97,10,2030,solar,0.3700082873206269
97,11,2030,solar,0.49099657686493026
97,12,2030,solar,0.568880193435865
97,13,2030,solar,0.5890210661964969
97,14,2030,solar,0.54920948731957
97,15,2030,solar,0.46537457951642813
97,16,2030,solar,0.3435525312935722
97,17,2030,solar,0.17791566327433586
97,18,2030,solar,0.020576130421038622
97,19,2030,solar,0.0
97,20,2030,solar,0.0
97,21,2030,solar,0.0
97,22,2030,solar,0.0
97,23,2030,solar,0.0
97,24,2030,solar,0.0
97,1,2030,wind_offshore,0.9388570767417617
97,2,2030,wind_offshore,0.8882177936921654
97,3,2030,wind_offshore,0.7892711784408659
97,4,2030,wind_offshore,0.6850473184230186
97,5,2030,wind_offshore,0.6005278119601024
97,6,2030,wind_offshore,0.5301158106763117
97,7,2030,wind_offshore,0.40094669443344416
97,8,2030,wind_offshore,0.2961628340187879
97,9,2030,wind_offshore,0.18026691348069496
97,10,2030,wind_offshore,0.19309453422112838
97,11,2030,wind_offshore,0.3084466859087235
97,12,2030,wind_offshore,0.487790804366654
97,13,2030,wind_offshore,0.7062136829321739
97,14,2030,wind_offshore,0.8211257867893439
97,15,2030,wind_offshore,0.8783006418714794
97,16,2030,wind_offshore,0.8481711962009927
97,17,2030,wind_offshore,0.814801701466683
97,18,2030,wind_offshore,0.7934107034848866
97,19,2030,wind_offshore,0.7699877964555875
97,20,2030,wind_offshore,0.6821892595864057
97,21,2030,wind_offshore,0.6122556748412558
97,22,2030,wind_offshore,0.5597267769419042
97,23,2030,wind_offshore,0.5995048669883823
97,24,2030,wind_offshore,0.4513869087603155
97,1,2030,wind_onshore,0.40590169197043324
97,2,2030,wind_onshore,0.38894135876810454
97,3,2030,wind_onshore,0.3565636599829563
97,4,2030,wind_onshore,0.33519640709830606
97,5,2030,wind_onshore,0.2944489536995128
97,6,2030,wind_onshore,0.2566344803202596
97,7,2030,wind_onshore,0.23391105888458874
97,8,2030,wind_onshore,0.2071583718339616
97,9,2030,wind_onshore,0.17657227426241495
97,10,2030,wind_onshore,0.1649168590847356
97,11,2030,wind_onshore,0.19350613289950439
97,12,2030,wind_onshore,0.19455787567591656
97,13,2030,wind_onshore,0.20917350269236082
97,14,2030,wind_onshore,0.23453398729834943
97,15,2030,wind_onshore,0.2367974507546419
97,16,2030,wind_onshore,0.2073715924507601
97,17,2030,wind_onshore,0.15976563208534672
97,18,2030,wind_onshore,0.1227112515861951
97,19,2030,wind_onshore,0.11592583350967552
97,20,2030,wind_onshore,0.10782780223370247
97,21,2030,wind_onshore,0.09036877871689258
97,22,2030,wind_onshore,0.06950504346841087
97,23,2030,wind_onshore,0.06782634373916259
97,24,2030,wind_onshore,0.05445587844059455
98,1,2030,demand,0.5591900644301642
98,2,2030,demand,0.533955663743632
98,3,2030,demand,0.5173746149296345
98,4,2030,demand,0.5052419217902031
98,5,2030,demand,0.49809636719998757
98,6,2030,demand,0.49222573187690677
98,7,2030,demand,0.5110251706449762
98,8,2030,demand,0.5469477388458147
98,9,2030,demand,0.589713496617122
98,10,2030,demand,0.6234112956432218
98,11,2030,demand,0.6496274931141504
98,12,2030,demand,0.656504911355765
98,13,2030,demand,0.6511361142281841
98,14,2030,demand,0.6537517747588808
98,15,2030,demand,0.6497854771646354
98,16,2030,demand,0.6414457749149719
98,17,2030,demand,0.6408283535735357
98,18,2030,demand,0.6684484115608453
98,19,2030,demand,0.6909764302921443
98,20,2030,demand,0.7053709540476121
98,21,2030,demand,0.7074258893066953
98,22,2030,demand,0.6773369724318103
98,23,2030,demand,0.6265079848137978
98,24,2030,demand,0.596360885081433
98,1,2030,solar,0.0
98,2,2030,solar,0.0
98,3,2030,solar,0.0
98,4,2030,solar,0.0
98,5,2030,solar,0.0
98,6,2030,solar,0.0
98,7,2030,solar,0.0
98,8,2030,solar,0.0
98,9,2030,solar,0.003292173465523647
98,10,2030,solar,0.03796172443634615
98,11,2030,solar,0.07413537309558449
98,12,2030,solar,0.1054310480384389
98,13,2030,solar,0.11655068240761432
98,14,2030,solar,0.09611151457619917
98,15,2030,solar,0.06427338591155857
98,16,2030,solar,0.03618309640655683
98,17,2030,solar,0.009425971048903758
98,18,2030,solar,0.0
98,19,2030,solar,0.0
98,20,2030,solar,0.0
98,21,2030,solar,0.0
98,22,2030,solar,0.0
98,23,2030,solar,0.0
98,24,2030,solar,0.0
98,1,2030,wind_offshore,0.9227366121099929
98,2,2030,wind_offshore,0.9296722264377595
98,3,2030,wind_offshore,0.9415107682093984
98,4,2030,wind_offshore,0.944753938374072
98,5,2030,wind_offshore,0.9405612686447029
98,6,2030,wind_offshore,0.9432800915352666
98,7,2030,wind_offshore,0.9458013183761551
98,8,2030,wind_offshore,0.9482644591250164
98,9,2030,wind_offshore,0.949466507273351
98,10,2030,wind_offshore,0.9469673679772954
98,11,2030,wind_offshore,0.9421399880660319
98,12,2030,wind_offshore,0.9451908739777666
98,13,2030,wind_offshore,0.9500984186460915
98,14,2030,wind_offshore,0.9373899435880784
98,15,2030,wind_offshore,0.9142494491376065
98,16,2030,wind_offshore,0.9115343247136931
98,17,2030,wind_offshore,0.9034758513387466
98,18,2030,wind_offshore,0.8714989581264796
98,19,2030,wind_offshore,0.8395854386191407
98,20,2030,wind_offshore,0.7810239561695642
98,21,2030,wind_offshore,0.6856997600050572
98,22,2030,wind_offshore,0.5235777553773304
98,23,2030,wind_offshore,0.35268823522595544
98,24,2030,wind_offshore,0.23529147190430422
98,1,2030,wind_onshore,0.3334493011144918
98,2,2030,wind_onshore,0.34419930509369717
98,3,2030,wind_onshore,0.35459749582306654
98,4,2030,wind_onshore,0.3780736754048027
98,5,2030,wind_onshore,0.38647083880119854
98,6,2030,wind_onshore,0.3913949676877164
98,7,2030,wind_onshore,0.399369996019177
98,8,2030,wind_onshore,0.4070380808048202
98,9,2030,wind_onshore,0.4147217761072753
98,10,2030,wind_onshore,0.4125476572531894
98,11,2030,wind_onshore,0.38334653849014394
98,12,2030,wind_onshore,0.38456587637756096
98,13,2030,wind_onshore,0.3793082771823781
98,14,2030,wind_onshore,0.3629229918918428
98,15,2030,wind_onshore,0.3486239230941791
98,16,2030,wind_onshore,0.3386581783463336
98,17,2030,wind_onshore,0.3274695543002015
98,18,2030,wind_onshore,0.2992249339431615
98,19,2030,wind_onshore,0.2711164424862864
98,20,2030,wind_onshore,0.24024509013439693
98,21,2030,wind_onshore,0.2165233909978477
98,22,2030,wind_onshore,0.19661617731880976
98,23,2030,wind_onshore,0.1649424537216998
98,24,2030,wind_onshore,0.1664904269406832
99,1,2030,demand,0.508724914849492
99,2,2030,demand,0.5039671472388753
99,3,2030,demand,0.4966768902819743
99,4,2030,demand,0.4848687019537263
99,5,2030,demand,0.48964167277394866
99,6,2030,demand,0.497505674873793
99,7,2030,demand,0.5106866933746347
99,8,2030,demand,0.5361139532073899
99,9,2030,demand,0.567271061808845
99,10,2030,demand,0.5872991420616295
99,11,2030,demand,0.6032594525062276
99,12,2030,demand,0.6140682015531499
99,13,2030,demand,0.6148545047942459
99,14,2030,demand,0.6115797729107839
99,15,2030,demand,0.6074138005736228
99,16,2030,demand,0.6025335715024246
99,17,2030,demand,0.5994264310577709
99,18,2030,demand,0.5993752178202704
99,19,2030,demand,0.6018306385805707
99,20,2030,demand,0.6042466728383927
99,21,2030,demand,0.5997115279816548
99,22,2030,demand,0.5718222397887242
99,23,2030,demand,0.5407867774351574
99,24,2030,demand,0.5380370431131589
99,1,2030,solar,0.0
99,2,2030,solar,0.0
99,3,2030,solar,0.0
99,4,2030,solar,0.0
99,5,2030,solar,0.0
99,6,2030,solar,4.5306139551721026e-5
99,7,2030,solar,0.018481656648604367
99,8,2030,solar,0.1429868492727057
99,9,2030,solar,0.32543445668236315
99,10,2030,solar,0.4879646359883078
99,11,2030,solar,0.5934957433740687
99,12,2030,solar,0.663278845592413
99,13,2030,solar,0.6856168275892621
99,14,2030,solar,0.6658185564233307
99,15,2030,solar,0.600433537020051
99,16,2030,solar,0.498188835783524
99,17,2030,solar,0.3609613644492119
99,18,2030,solar,0.20346756680014996
99,19,2030,solar,0.06197004801404869
99,20,2030,solar,0.00283816935818799
99,21,2030,solar,0.0
99,22,2030,solar,0.0
99,23,2030,solar,0.0
99,24,2030,solar,0.0
99,1,2030,wind_offshore,0.062432559454815656
99,2,2030,wind_offshore,0.05833985683918405
99,3,2030,wind_offshore,0.05715290958331234
99,4,2030,wind_offshore,0.05356291808124238
99,5,2030,wind_offshore,0.049281413477556366
99,6,2030,wind_offshore,0.04643187136228113
99,7,2030,wind_offshore,0.04711514547220479
99,8,2030,wind_offshore,0.04576819193716058
99,9,2030,wind_offshore,0.048141918247717394
99,10,2030,wind_offshore,0.051091338952024896
99,11,2030,wind_offshore,0.03648814003499628
99,12,2030,wind_offshore,0.036478653527963
99,13,2030,wind_offshore,0.044928794453859194
99,14,2030,wind_offshore,0.04271609449311939
99,15,2030,wind_offshore,0.03848171654009999
99,16,2030,wind_offshore,0.046727853797829844
99,17,2030,wind_offshore,0.061961643508221455
99,18,2030,wind_offshore,0.07124577144379562
99,19,2030,wind_offshore,0.08101250420991947
99,20,2030,wind_offshore,0.07859666410987488
99,21,2030,wind_offshore,0.06846025756260268
99,22,2030,wind_offshore,0.060204051714645455
99,23,2030,wind_offshore,0.06115436454529455
99,24,2030,wind_offshore,0.06133385718422056
99,1,2030,wind_onshore,0.12316604515666817
99,2,2030,wind_onshore,0.11487752996909231
99,3,2030,wind_onshore,0.10706319125270113
99,4,2030,wind_onshore,0.09926477770769883
99,5,2030,wind_onshore,0.09258932273223584
99,6,2030,wind_onshore,0.0861924147153415
99,7,2030,wind_onshore,0.0816121753825561
99,8,2030,wind_onshore,0.06846730777479823
99,9,2030,wind_onshore,0.06285798212427893
99,10,2030,wind_onshore,0.06679589088084587
99,11,2030,wind_onshore,0.07350769492071561
99,12,2030,wind_onshore,0.08996768833046888
99,13,2030,wind_onshore,0.10659923552955057
99,14,2030,wind_onshore,0.12495814123973517
99,15,2030,wind_onshore,0.14914289435464906
99,16,2030,wind_onshore,0.17492742617134516
99,17,2030,wind_onshore,0.19563925139602759
99,18,2030,wind_onshore,0.2133268147416373
99,19,2030,wind_onshore,0.21605020229696445
99,20,2030,wind_onshore,0.21397390689368104
99,21,2030,wind_onshore,0.21233284462003724
99,22,2030,wind_onshore,0.2018478790283772
99,23,2030,wind_onshore,0.18142907530654553
99,24,2030,wind_onshore,0.17536644814289645
100,1,2030,demand,0.4879991010364547
100,2,2030,demand,0.4697179401039339
100,3,2030,demand,0.4647334620234033
100,4,2030,demand,0.4435823046843354
100,5,2030,demand,0.43131520104355625
100,6,2030,demand,0.4305195810926637
100,7,2030,demand,0.4481913742745589
100,8,2030,demand,0.4774617234964874
100,9,2030,demand,0.5059832247313099
100,10,2030,demand,0.5237449609675702
100,11,2030,demand,0.5291688792371949
100,12,2030,demand,0.5310387814197146
100,13,2030,demand,0.5253347494095577
100,14,2030,demand,0.5183777923927775
100,15,2030,demand,0.49725636769185744
100,16,2030,demand,0.48535251437664717
100,17,2030,demand,0.47765318477049
100,18,2030,demand,0.4900034513150559
100,19,2030,demand,0.5146565764163329
100,20,2030,demand,0.5514796804782784
100,21,2030,demand,0.5671683348845495
100,22,2030,demand,0.5519478315418482
100,23,2030,demand,0.5154629503297805
100,24,2030,demand,0.49187784742015594
100,1,2030,solar,0.0
100,2,2030,solar,0.0
100,3,2030,solar,0.0
100,4,2030,solar,0.0
100,5,2030,solar,0.0
100,6,2030,solar,0.0
100,7,2030,solar,0.010695904500444546
100,8,2030,solar,0.16803331073605696
100,9,2030,solar,0.38473364204755023
100,10,2030,solar,0.5753658956744813
100,11,2030,solar,0.6899981335006786
100,12,2030,solar,0.765136858196785
100,13,2030,solar,0.766893340516456
100,14,2030,solar,0.7305591873244044
100,15,2030,solar,0.6362108080944904
100,16,2030,solar,0.5079526972664515
100,17,2030,solar,0.36224706308401505
100,18,2030,solar,0.20083995208129013
100,19,2030,solar,0.053205316320626785
100,20,2030,solar,9.235180148080724e-7
100,21,2030,solar,0.0
100,22,2030,solar,0.0
100,23,2030,solar,0.0
100,24,2030,solar,0.0
100,1,2030,wind_offshore,0.40820791150526664
100,2,2030,wind_offshore,0.3815119101972789
100,3,2030,wind_offshore,0.39969169122274617
100,4,2030,wind_offshore,0.4446611824670083
100,5,2030,wind_offshore,0.5016592752625126
100,6,2030,wind_offshore,0.5894615217438626
100,7,2030,wind_offshore,0.6652823406979222
100,8,2030,wind_offshore,0.7065260178625254
100,9,2030,wind_offshore,0.6876576477960946
100,10,2030,wind_offshore,0.6928966256407785
100,11,2030,wind_offshore,0.6865053661002847
100,12,2030,wind_offshore,0.6916550731166482
100,13,2030,wind_offshore,0.7319403457006102
100,14,2030,wind_offshore,0.7838244732386201
100,15,2030,wind_offshore,0.839980110913153
100,16,2030,wind_offshore,0.8835118328523996
100,17,2030,wind_offshore,0.8309999272291235
100,18,2030,wind_offshore,0.7707981723759747
100,19,2030,wind_offshore,0.8052392912663697
100,20,2030,wind_offshore,0.8132909244921231
100,21,2030,wind_offshore,0.7274715511741741
100,22,2030,wind_offshore,0.6130409028056159
100,23,2030,wind_offshore,0.36183904463571387
100,24,2030,wind_offshore,0.2291027774016388
100,1,2030,wind_onshore,0.15226273187492592
100,2,2030,wind_onshore,0.1371668569914541
100,3,2030,wind_onshore,0.12497347460974897
100,4,2030,wind_onshore,0.11476225034623702
100,5,2030,wind_onshore,0.10376004019896702
100,6,2030,wind_onshore,0.0925790290937418
100,7,2030,wind_onshore,0.08199201871821454
100,8,2030,wind_onshore,0.07535675655575017
100,9,2030,wind_onshore,0.08528619034617967
100,10,2030,wind_onshore,0.09808496781445353
100,11,2030,wind_onshore,0.13766863978142446
100,12,2030,wind_onshore,0.1610761189688827
100,13,2030,wind_onshore,0.19540532854554576
100,14,2030,wind_onshore,0.20405936951237602
100,15,2030,wind_onshore,0.2188299287854808
100,16,2030,wind_onshore,0.21346159909520335
100,17,2030,wind_onshore,0.20494933864790613
100,18,2030,wind_onshore,0.182972496454396
100,19,2030,wind_onshore,0.15787709676591816
100,20,2030,wind_onshore,0.12760957614049812
100,21,2030,wind_onshore,0.10153364015818162
100,22,2030,wind_onshore,0.07368517714201031
100,23,2030,wind_onshore,0.04354775035275339
100,24,2030,wind_onshore,0.03881120381378616
101,1,2030,demand,0.5107340140155379
101,2,2030,demand,0.4930159814921813
101,3,2030,demand,0.48177914464615945
101,4,2030,demand,0.47537362145326556
101,5,2030,demand,0.4830885806510909
101,6,2030,demand,0.512487101852102
101,7,2030,demand,0.5541018268427402
101,8,2030,demand,0.6080534023541331
101,9,2030,demand,0.6461833208315215
101,10,2030,demand,0.6724966379972783
101,11,2030,demand,0.6803295872432149
101,12,2030,demand,0.6845497482019296
101,13,2030,demand,0.6768002993813285
101,14,2030,demand,0.667668330900888
101,15,2030,demand,0.6566796302025517
101,16,2030,demand,0.6439453694481128
101,17,2030,demand,0.6372696270201798
101,18,2030,demand,0.6440413425546857
101,19,2030,demand,0.6764813860408021
101,20,2030,demand,0.6970325901334601
101,21,2030,demand,0.6891386961397972
101,22,2030,demand,0.6487651688481523
101,23,2030,demand,0.5911171737992926
101,24,2030,demand,0.5622241151606922
101,1,2030,solar,0.0
101,2,2030,solar,0.0
101,3,2030,solar,0.0
101,4,2030,solar,0.0
101,5,2030,solar,0.0
101,6,2030,solar,0.0
101,7,2030,solar,0.0
101,8,2030,solar,0.0
101,9,2030,solar,0.01900850021383852
101,10,2030,solar,0.07722645683830244
101,11,2030,solar,0.14108307818168547
101,12,2030,solar,0.18853653663213388
101,13,2030,solar,0.23376305045968498
101,14,2030,solar,0.2263146563319096
101,15,2030,solar,0.1726537107209553
101,16,2030,solar,0.11658317650455632
101,17,2030,solar,0.045631104073392714
101,18,2030,solar,0.0
101,19,2030,solar,0.0
101,20,2030,solar,0.0
101,21,2030,solar,0.0
101,22,2030,solar,0.0
101,23,2030,solar,0.0
101,24,2030,solar,0.0
101,1,2030,wind_offshore,0.11711361746183041
101,2,2030,wind_offshore,0.16057601473628608
101,3,2030,wind_offshore,0.22251000475385974
101,4,2030,wind_offshore,0.27642303458198303
101,5,2030,wind_offshore,0.34894462299557016
101,6,2030,wind_offshore,0.46110933883800576
101,7,2030,wind_offshore,0.4893496010512802
101,8,2030,wind_offshore,0.4503376621967857
101,9,2030,wind_offshore,0.39147888419889926
101,10,2030,wind_offshore,0.35395040796237326
101,11,2030,wind_offshore,0.41628106273457327
101,12,2030,wind_offshore,0.6674738161657958
101,13,2030,wind_offshore,0.8292549261525879
101,14,2030,wind_offshore,0.89273775137775
101,15,2030,wind_offshore,0.9201910636082925
101,16,2030,wind_offshore,0.9333400166389669
101,17,2030,wind_offshore,0.9424542137368119
101,18,2030,wind_offshore,0.942216596868897
101,19,2030,wind_offshore,0.9263729192863243
101,20,2030,wind_offshore,0.9186620578995425
101,21,2030,wind_offshore,0.9130749686828512
101,22,2030,wind_offshore,0.9101867478578
101,23,2030,wind_offshore,0.8958720129446156
101,24,2030,wind_offshore,0.8959128700057402
101,1,2030,wind_onshore,0.13028069043110327
101,2,2030,wind_onshore,0.12477290419902563
101,3,2030,wind_onshore,0.12189779826068037
101,4,2030,wind_onshore,0.12640336120929727
101,5,2030,wind_onshore,0.11807220279922997
101,6,2030,wind_onshore,0.12079397398534938
101,7,2030,wind_onshore,0.11711820840657697
101,8,2030,wind_onshore,0.11916179973356568
101,9,2030,wind_onshore,0.1242876393970355
101,10,2030,wind_onshore,0.1286199103758089
101,11,2030,wind_onshore,0.13214991735941695
101,12,2030,wind_onshore,0.15293174625726141
101,13,2030,wind_onshore,0.18350429176990196
101,14,2030,wind_onshore,0.22622051651032368
101,15,2030,wind_onshore,0.2550899049302967
101,16,2030,wind_onshore,0.2401632732773511
101,17,2030,wind_onshore,0.2272401781001931
101,18,2030,wind_onshore,0.24070240964948234
101,19,2030,wind_onshore,0.24268103502171168
101,20,2030,wind_onshore,0.24159227021363627
101,21,2030,wind_onshore,0.2504828912950099
101,22,2030,wind_onshore,0.25820391970007733
101,23,2030,wind_onshore,0.27784276811305403
101,24,2030,wind_onshore,0.29034737415258965
102,1,2030,demand,0.4906776693762792
102,2,2030,demand,0.4871020975166495
102,3,2030,demand,0.4890844282668939
102,4,2030,demand,0.4873147390061634
102,5,2030,demand,0.4998691455834088
102,6,2030,demand,0.525336037811658
102,7,2030,demand,0.5661358672919425
102,8,2030,demand,0.6089732487517052
102,9,2030,demand,0.6320394712493629
102,10,2030,demand,0.6326269258885154
102,11,2030,demand,0.624514858592575
102,12,2030,demand,0.615460540020633
102,13,2030,demand,0.6017536948756781
102,14,2030,demand,0.592117924791915
102,15,2030,demand,0.5824370031092061
102,16,2030,demand,0.579091930329198
102,17,2030,demand,0.5848730517241858
102,18,2030,demand,0.5922296191987395
102,19,2030,demand,0.616215211541071
102,20,2030,demand,0.6268603347183676
102,21,2030,demand,0.6189873395575284
102,22,2030,demand,0.5741082209138662
102,23,2030,demand,0.5241344289884383
102,24,2030,demand,0.5251723057481226
102,1,2030,solar,0.0
102,2,2030,solar,0.0
102,3,2030,solar,0.0
102,4,2030,solar,0.0
102,5,2030,solar,0.0
102,6,2030,solar,0.0
102,7,2030,solar,0.015614374654450053
102,8,2030,solar,0.14416792150167845
102,9,2030,solar,0.3167405010204992
102,10,2030,solar,0.4625400952396129
102,11,2030,solar,0.5681863501638191
102,12,2030,solar,0.635184100016321
102,13,2030,solar,0.6589597186754779
102,14,2030,solar,0.6514727505682978
102,15,2030,solar,0.6236522227018563
102,16,2030,solar,0.5426078623717977
102,17,2030,solar,0.40682285150933295
102,18,2030,solar,0.2319980961225474
102,19,2030,solar,0.05259024223523574
102,20,2030,solar,3.5538010468111943e-5
102,21,2030,solar,0.0
102,22,2030,solar,0.0
102,23,2030,solar,0.0
102,24,2030,solar,0.0
102,1,2030,wind_offshore,0.0
102,2,2030,wind_offshore,0.0
102,3,2030,wind_offshore,0.0
102,4,2030,wind_offshore,0.0
102,5,2030,wind_offshore,0.00015327976203112395
102,6,2030,wind_offshore,0.0016272903942909532
102,7,2030,wind_offshore,0.007712209313711009
102,8,2030,wind_offshore,0.021656309996477323
102,9,2030,wind_offshore,0.042894729660496955
102,10,2030,wind_offshore,0.07317134119464458
102,11,2030,wind_offshore,0.07951833801039215
102,12,2030,wind_offshore,0.08287736896862634
102,13,2030,wind_offshore,0.07319269827601604
102,14,2030,wind_offshore,0.0894539101640923
102,15,2030,wind_offshore,0.10815460299000296
102,16,2030,wind_offshore,0.12343638022753561
102,17,2030,wind_offshore,0.10712118322659309
102,18,2030,wind_offshore,0.11232057330724386
102,19,2030,wind_offshore,0.22365330632197258
102,20,2030,wind_offshore,0.5265803040624226
102,21,2030,wind_offshore,0.8477210669430654
102,22,2030,wind_offshore,0.9304156293566777
102,23,2030,wind_offshore,0.9141482364099702
102,24,2030,wind_offshore,0.8961933457745116
102,1,2030,wind_onshore,0.28735659041578065
102,2,2030,wind_onshore,0.27063242981278335
102,3,2030,wind_onshore,0.2574281471426959
102,4,2030,wind_onshore,0.24047368293779875
102,5,2030,wind_onshore,0.23216643611157903
102,6,2030,wind_onshore,0.224324624885559
102,7,2030,wind_onshore,0.21228528587676304
102,8,2030,wind_onshore,0.18650276590351095
102,9,2030,wind_onshore,0.22334646325499571
102,10,2030,wind_onshore,0.2695261239799237
102,11,2030,wind_onshore,0.2726584301437072
102,12,2030,wind_onshore,0.2824409887523268
102,13,2030,wind_onshore,0.2933475623941383
102,14,2030,wind_onshore,0.3096994143382562
102,15,2030,wind_onshore,0.3156267081558717
102,16,2030,wind_onshore,0.3258605317408251
102,17,2030,wind_onshore,0.33187210913110166
102,18,2030,wind_onshore,0.3096978936943286
102,19,2030,wind_onshore,0.24566580331831894
102,20,2030,wind_onshore,0.2322757312902105
102,21,2030,wind_onshore,0.23148824655754685
102,22,2030,wind_onshore,0.22029286422223693
102,23,2030,wind_onshore,0.23695470749577768
102,24,2030,wind_onshore,0.22578589414816358
103,1,2030,demand,0.4939889284917752
103,2,2030,demand,0.48970044035803173
103,3,2030,demand,0.4820544472418049
103,4,2030,demand,0.4753225311764317
103,5,2030,demand,0.4772861344903847
103,6,2030,demand,0.4985049954447694
103,7,2030,demand,0.538403722156505
103,8,2030,demand,0.5798513036851397
103,9,2030,demand,0.6103667421316263
103,10,2030,demand,0.6251790026074822
103,11,2030,demand,0.6261397104125597
103,12,2030,demand,0.6313311765553838
103,13,2030,demand,0.6279305018360959
103,14,2030,demand,0.6116618256736042
103,15,2030,demand,0.598097191455766
103,16,2030,demand,0.5936098272190562
103,17,2030,demand,0.599470285227923
103,18,2030,demand,0.6093532077831176
103,19,2030,demand,0.642503403328939
103,20,2030,demand,0.6633147729763365
103,21,2030,demand,0.6482124904902553
103,22,2030,demand,0.6212826574895216
103,23,2030,demand,0.576269589129634
103,24,2030,demand,0.5577299767232513
103,1,2030,solar,0.0
103,2,2030,solar,0.0
103,3,2030,solar,0.0
103,4,2030,solar,0.0
103,5,2030,solar,0.0
103,6,2030,solar,0.0
103,7,2030,solar,0.0
103,8,2030,solar,0.0
103,9,2030,solar,0.1395193524574191
103,10,2030,solar,0.31128504350508246
103,11,2030,solar,0.4404001033090097
103,12,2030,solar,0.5225607572374782
103,13,2030,solar,0.5417715770487653
103,14,2030,solar,0.5087947271236738
103,15,2030,solar,0.4173533130953845
103,16,2030,solar,0.28238647652139737
103,17,2030,solar,0.12284546435608813
103,18,2030,solar,0.0
103,19,2030,solar,0.0
103,20,2030,solar,0.0
103,21,2030,solar,0.0
103,22,2030,solar,0.0
103,23,2030,solar,0.0
103,24,2030,solar,0.0
103,1,2030,wind_offshore,0.6353867946564504
103,2,2030,wind_offshore,0.7017520811079239
103,3,2030,wind_offshore,0.7925748420690817
103,4,2030,wind_offshore,0.8786612280433264
103,5,2030,wind_offshore,0.89026698646238
103,6,2030,wind_offshore,0.8494529495252556
103,7,2030,wind_offshore,0.8893187382465475
103,8,2030,wind_offshore,0.9185810773366352
103,9,2030,wind_offshore,0.8715612062161673
103,10,2030,wind_offshore,0.8217351664729897
103,11,2030,wind_offshore,0.704580153255157
103,12,2030,wind_offshore,0.6932996243132332
103,13,2030,wind_offshore,0.6781858559852907
103,14,2030,wind_offshore,0.6615148439157863
103,15,2030,wind_offshore,0.6939842057503542
103,16,2030,wind_offshore,0.5823054258061439
103,17,2030,wind_offshore,0.510426025054233
103,18,2030,wind_offshore,0.5864967525778619
103,19,2030,wind_offshore,0.6593190615719207
103,20,2030,wind_offshore,0.7445177459687826
103,21,2030,wind_offshore,0.8018905289547457
103,22,2030,wind_offshore,0.8433077163185263
103,23,2030,wind_offshore,0.9315635265553946
103,24,2030,wind_offshore,0.9482677199670267
103,1,2030,wind_onshore,0.3330059902651976
103,2,2030,wind_onshore,0.32009008917119974
103,3,2030,wind_onshore,0.2873613538248835
103,4,2030,wind_onshore,0.2664408698777495
103,5,2030,wind_onshore,0.25559440706318814
103,6,2030,wind_onshore,0.24166934276721985
103,7,2030,wind_onshore,0.23847540868661626
103,8,2030,wind_onshore,0.2487909623079092
103,9,2030,wind_onshore,0.26662144915200175
103,10,2030,wind_onshore,0.28049320997666927
103,11,2030,wind_onshore,0.2759142644851462
103,12,2030,wind_onshore,0.3376219686257247
103,13,2030,wind_onshore,0.4015148952664884
103,14,2030,wind_onshore,0.4697140455264187
103,15,2030,wind_onshore,0.5237433309605772
103,16,2030,wind_onshore,0.5146794100013563
103,17,2030,wind_onshore,0.5204974050202109
103,18,2030,wind_onshore,0.5213090835817624
103,19,2030,wind_onshore,0.5069743358687413
103,20,2030,wind_onshore,0.4934435435249156
103,21,2030,wind_onshore,0.46851267606659247
103,22,2030,wind_onshore,0.4452355414335155
103,23,2030,wind_onshore,0.4463395540240733
103,24,2030,wind_onshore,0.4339725607956797
104,1,2030,demand,0.4996154269525063
104,2,2030,demand,0.49258407758602857
104,3,2030,demand,0.48868837129877296
104,4,2030,demand,0.4889327396884984
104,5,2030,demand,0.5037992744403476
104,6,2030,demand,0.5297193170869516
104,7,2030,demand,0.5627860699779539
104,8,2030,demand,0.6005579129676211
104,9,2030,demand,0.632143451427998
104,10,2030,demand,0.6482062169760172
104,11,2030,demand,0.6680441669479666
104,12,2030,demand,0.6881662354452792
104,13,2030,demand,0.6821282208342216
104,14,2030,demand,0.6660345949436608
104,15,2030,demand,0.6524994396067537
104,16,2030,demand,0.6552295715067471
104,17,2030,demand,0.6550804816560866
104,18,2030,demand,0.6499802594908162
104,19,2030,demand,0.6475821512829383
104,20,2030,demand,0.6451294210111596
104,21,2030,demand,0.6317866866818534
104,22,2030,demand,0.5854941055677425
104,23,2030,demand,0.5480608367942442
104,24,2030,demand,0.5453505570293813
104,1,2030,solar,0.0
104,2,2030,solar,0.0
104,3,2030,solar,0.0
104,4,2030,solar,0.0
104,5,2030,solar,0.0
104,6,2030,solar,8.591662449563878e-5
104,7,2030,solar,0.019586196503952123
104,8,2030,solar,0.12975406780341772
104,9,2030,solar,0.29434548567874036
104,10,2030,solar,0.44062650616500454
104,11,2030,solar,0.5309205517560334
104,12,2030,solar,0.592414680024886
104,13,2030,solar,0.6177317928225056
104,14,2030,solar,0.5983805445710411
104,15,2030,solar,0.545391732417578
104,16,2030,solar,0.45082891882713394
104,17,2030,solar,0.32363869118134203
104,18,2030,solar,0.17663162691141454
104,19,2030,solar,0.05542090381434393
104,20,2030,solar,0.0069108055504942855
104,21,2030,solar,0.0
104,22,2030,solar,0.0
104,23,2030,solar,0.0
104,24,2030,solar,0.0
104,1,2030,wind_offshore,0.2948044983054609
104,2,2030,wind_offshore,0.3612211265703194
104,3,2030,wind_offshore,0.36645499901725354
104,4,2030,wind_offshore,0.3380228570586939
104,5,2030,wind_offshore,0.3023665082533228
104,6,2030,wind_offshore,0.2681919860059008
104,7,2030,wind_offshore,0.25592749959211475
104,8,2030,wind_offshore,0.2642317399203582
104,9,2030,wind_offshore,0.28481484095852716
104,10,2030,wind_offshore,0.3083472532912789
104,11,2030,wind_offshore,0.23980374115055186
104,12,2030,wind_offshore,0.26809178209685397
104,13,2030,wind_offshore,0.3038540197998973
104,14,2030,wind_offshore,0.34916341796961586
104,15,2030,wind_offshore,0.3877739431991102
104,16,2030,wind_offshore,0.39332026290068783
104,17,2030,wind_offshore,0.3737822372832467
104,18,2030,wind_offshore,0.36235378373413996
104,19,2030,wind_offshore,0.3487915193025837
104,20,2030,wind_offshore,0.3131146992020683
104,21,2030,wind_offshore,0.3062596199719725
104,22,2030,wind_offshore,0.3360789112348408
104,23,2030,wind_offshore,0.3157509445478961
104,24,2030,wind_offshore,0.3367334711127306
104,1,2030,wind_onshore,0.09628386367307712
104,2,2030,wind_onshore,0.09085692372961898
104,3,2030,wind_onshore,0.08575240037987938
104,4,2030,wind_onshore,0.07942682656420583
104,5,2030,wind_onshore,0.07179896895746775
104,6,2030,wind_onshore,0.06404188701753484
104,7,2030,wind_onshore,0.05373578853334145
104,8,2030,wind_onshore,0.04492312888451445
104,9,2030,wind_onshore,0.0367205587229497
104,10,2030,wind_onshore,0.040339107774502385
104,11,2030,wind_onshore,0.05092759724701994
104,12,2030,wind_onshore,0.0654800388407874
104,13,2030,wind_onshore,0.08832028543521167
104,14,2030,wind_onshore,0.11414746691711586
104,15,2030,wind_onshore,0.13700879005714622
104,16,2030,wind_onshore,0.15789462758805436
104,17,2030,wind_onshore,0.1783381856243689
104,18,2030,wind_onshore,0.19160574554425902
104,19,2030,wind_onshore,0.17233474305786492
104,20,2030,wind_onshore,0.1446892438741253
104,21,2030,wind_onshore,0.12626088248227957
104,22,2030,wind_onshore,0.10562057595119982
104,23,2030,wind_onshore,0.08921800155016972
104,24,2030,wind_onshore,0.08430319689448612
105,1,2030,demand,0.4895320508850301
105,2,2030,demand,0.4836619725608849
105,3,2030,demand,0.4764737095202302
105,4,2030,demand,0.46609107446591985
105,5,2030,demand,0.4697784477922304
105,6,2030,demand,0.4739430869159404
105,7,2030,demand,0.4832439637909221
105,8,2030,demand,0.5069094210352506
105,9,2030,demand,0.5385137318059766
105,10,2030,demand,0.5649349595252681
105,11,2030,demand,0.5826657175183457
105,12,2030,demand,0.5906686730710237
105,13,2030,demand,0.5951630912130755
105,14,2030,demand,0.5920714673512478
105,15,2030,demand,0.5818203466948291
105,16,2030,demand,0.5805025590858354
105,17,2030,demand,0.5777786868029255
105,18,2030,demand,0.579538355385428
105,19,2030,demand,0.5812946724543263
105,20,2030,demand,0.5840649632380895
105,21,2030,demand,0.5835797716035401
105,22,2030,demand,0.5602934932586184
105,23,2030,demand,0.5277584310440365
105,24,2030,demand,0.52388170194144
105,1,2030,solar,0.0
105,2,2030,solar,0.0
105,3,2030,solar,0.0
105,4,2030,solar,0.0
105,5,2030,solar,0.0
105,6,2030,solar,0.0006203847091168871
105,7,2030,solar,0.03284977112442838
105,8,2030,solar,0.18099706901608284
105,9,2030,solar,0.3678179824901497
105,10,2030,solar,0.5313385618074147
105,11,2030,solar,0.6352800360513144
105,12,2030,solar,0.7050162791255508
105,13,2030,solar,0.7232976976612969
105,14,2030,solar,0.7058099730871458
105,15,2030,solar,0.6436004129072859
105,16,2030,solar,0.5417645389187667
105,17,2030,solar,0.40950753755298086
105,18,2030,solar,0.2481083515038595
105,19,2030,solar,0.08364714587378484
105,20,2030,solar,0.0038329709372508128
105,21,2030,solar,0.0
105,22,2030,solar,0.0
105,23,2030,solar,0.0
105,24,2030,solar,0.0
105,1,2030,wind_offshore,0.4418567546218453
105,2,2030,wind_offshore,0.39528480609107425
105,3,2030,wind_offshore,0.35895530608385307
105,4,2030,wind_offshore,0.3216166982739133
105,5,2030,wind_offshore,0.28413737618000573
105,6,2030,wind_offshore,0.27106344055349213
105,7,2030,wind_offshore,0.2759015924608303
105,8,2030,wind_offshore,0.27002641396212135
105,9,2030,wind_offshore,0.2480798097311057
105,10,2030,wind_offshore,0.21856749655408184
105,11,2030,wind_offshore,0.1983702761184266
105,12,2030,wind_offshore,0.1781698310915282
105,13,2030,wind_offshore,0.16304138592052045
105,14,2030,wind_offshore,0.16019326377043386
105,15,2030,wind_offshore,0.18520289273188498
105,16,2030,wind_offshore,0.23267168570726096
105,17,2030,wind_offshore,0.3040893920120551
105,18,2030,wind_offshore,0.37860350777864876
105,19,2030,wind_offshore,0.41431615979348885
105,20,2030,wind_offshore,0.4310244394971587
105,21,2030,wind_offshore,0.4234108806821335
105,22,2030,wind_offshore,0.41670879344953243
105,23,2030,wind_offshore,0.3331706509122791
105,24,2030,wind_offshore,0.3398587173551211
105,1,2030,wind_onshore,0.2985294247547881
105,2,2030,wind_onshore,0.2723668365513725
105,3,2030,wind_onshore,0.24745080563574454
105,4,2030,wind_onshore,0.22885457452766142
105,5,2030,wind_onshore,0.21960740159056133
105,6,2030,wind_onshore,0.21718615040186462
105,7,2030,wind_onshore,0.2091982752211937
105,8,2030,wind_onshore,0.19780320110025473
105,9,2030,wind_onshore,0.19526075331051743
105,10,2030,wind_onshore,0.19979118776406835
105,11,2030,wind_onshore,0.1645172954809032
105,12,2030,wind_onshore,0.16487561960225086
105,13,2030,wind_onshore,0.16391185594004054
105,14,2030,wind_onshore,0.17266180972963305
105,15,2030,wind_onshore,0.18996747451818807
105,16,2030,wind_onshore,0.21413579048299994
105,17,2030,wind_onshore,0.24682172930986504
105,18,2030,wind_onshore,0.2764174446651824
105,19,2030,wind_onshore,0.2907754219726973
105,20,2030,wind_onshore,0.29845852941964013
105,21,2030,wind_onshore,0.3152331627777609
105,22,2030,wind_onshore,0.3052465808252473
105,23,2030,wind_onshore,0.26180671582488935
105,24,2030,wind_onshore,0.2558749344466289
106,1,2030,demand,0.541066861510656
106,2,2030,demand,0.5284105884137005
106,3,2030,demand,0.5161147566036342
106,4,2030,demand,0.5054254943456539
106,5,2030,demand,0.5068669609832135
106,6,2030,demand,0.5331265657444892
106,7,2030,demand,0.5786447028492185
106,8,2030,demand,0.6281173124447019
106,9,2030,demand,0.659492177840727
106,10,2030,demand,0.6752305763505178
106,11,2030,demand,0.6800210371101502
106,12,2030,demand,0.6768227495880837
106,13,2030,demand,0.6652974795635129
106,14,2030,demand,0.6561244633863583
106,15,2030,demand,0.6541835753816824
106,16,2030,demand,0.6472756139177049
106,17,2030,demand,0.6497487509750405
106,18,2030,demand,0.6534141985613542
106,19,2030,demand,0.6793048008840268
106,20,2030,demand,0.7102243739011849
106,21,2030,demand,0.706534199075124
106,22,2030,demand,0.6649033282011105
106,23,2030,demand,0.6106989947868313
106,24,2030,demand,0.5866001239452501
106,1,2030,solar,0.0
106,2,2030,solar,0.0
106,3,2030,solar,0.0
106,4,2030,solar,0.0
106,5,2030,solar,0.0
106,6,2030,solar,0.0
106,7,2030,solar,0.0
106,8,2030,solar,0.0
106,9,2030,solar,0.12247400182876904
106,10,2030,solar,0.3401913848302181
106,11,2030,solar,0.5072397876502471
106,12,2030,solar,0.621942219969559
106,13,2030,solar,0.6799796958870683
106,14,2030,solar,0.6736147474199915
106,15,2030,solar,0.6027630540729824
106,16,2030,solar,0.47668728420163176
106,17,2030,solar,0.28853948150088654
106,18,2030,solar,0.0799055295421647
106,19,2030,solar,0.0
106,20,2030,solar,0.0
106,21,2030,solar,0.0
106,22,2030,solar,0.0
106,23,2030,solar,0.0
106,24,2030,solar,0.0
106,1,2030,wind_offshore,0.7696978769431922
106,2,2030,wind_offshore,0.8119277818481857
106,3,2030,wind_offshore,0.8581547325954533
106,4,2030,wind_offshore,0.8795463184763417
106,5,2030,wind_offshore,0.892278758548227
106,6,2030,wind_offshore,0.9081022979866104
106,7,2030,wind_offshore,0.9124106712744092
106,8,2030,wind_offshore,0.9253304455717793
106,9,2030,wind_offshore,0.9335515965555361
106,10,2030,wind_offshore,0.923240606685317
106,11,2030,wind_offshore,0.9298907172275006
106,12,2030,wind_offshore,0.9356113213501944
106,13,2030,wind_offshore,0.939000505213177
106,14,2030,wind_offshore,0.9433893090426786
106,15,2030,wind_offshore,0.9443673905468286
106,16,2030,wind_offshore,0.9509696415518872
106,17,2030,wind_offshore,0.9503034065990116
106,18,2030,wind_offshore,0.9540752271545008
106,19,2030,wind_offshore,0.9517324200947193
106,20,2030,wind_offshore,0.9411754616091508
106,21,2030,wind_offshore,0.9391645320748228
106,22,2030,wind_offshore,0.9221458493154376
106,23,2030,wind_offshore,0.7704769810271013
106,24,2030,wind_offshore,0.5563965516746058
106,1,2030,wind_onshore,0.08166334657646027
106,2,2030,wind_onshore,0.09222494949670432
106,3,2030,wind_onshore,0.09997049705281144
106,4,2030,wind_onshore,0.11065937404483767
106,5,2030,wind_onshore,0.12024373220966586
106,6,2030,wind_onshore,0.13227421885327822
106,7,2030,wind_onshore,0.14272022682510638
106,8,2030,wind_onshore,0.16267285062049408
106,9,2030,wind_onshore,0.17949257516186837
106,10,2030,wind_onshore,0.18799621681312498
106,11,2030,wind_onshore,0.16462177550166585
106,12,2030,wind_onshore,0.1768647064042965
106,13,2030,wind_onshore,0.21816602342125496
106,14,2030,wind_onshore,0.262208540117112
106,15,2030,wind_onshore,0.2907323084458594
106,16,2030,wind_onshore,0.3102772917201271
106,17,2030,wind_onshore,0.32332566364961224
106,18,2030,wind_onshore,0.3376754538245186
106,19,2030,wind_onshore,0.3618464492339145
106,20,2030,wind_onshore,0.3737280634259482
106,21,2030,wind_onshore,0.3810427228802131
106,22,2030,wind_onshore,0.38578479689200906
106,23,2030,wind_onshore,0.3593748766135893
106,24,2030,wind_onshore,0.3586986340049005
107,1,2030,demand,0.48979407512500195
107,2,2030,demand,0.4826039408518217
107,3,2030,demand,0.47609028289821065
107,4,2030,demand,0.47156487107879996
107,5,2030,demand,0.48115558766546795
107,6,2030,demand,0.4833942129330343
107,7,2030,demand,0.5020635424340949
107,8,2030,demand,0.5269201761907922
107,9,2030,demand,0.553556918252864
107,10,2030,demand,0.5676793105895768
107,11,2030,demand,0.5825937750388935
107,12,2030,demand,0.5859272070886813
107,13,2030,demand,0.5827613448684956
107,14,2030,demand,0.5772513980632412
107,15,2030,demand,0.5634961821077252
107,16,2030,demand,0.5569461927591073
107,17,2030,demand,0.5505450953894917
107,18,2030,demand,0.5510570844229672
107,19,2030,demand,0.5624277044706184
107,20,2030,demand,0.5684125602834711
107,21,2030,demand,0.5684139770595886
107,22,2030,demand,0.5509823684020421
107,23,2030,demand,0.5220516969951854
107,24,2030,demand,0.5170090411796234
107,1,2030,solar,0.0
107,2,2030,solar,0.0
107,3,2030,solar,0.0
107,4,2030,solar,0.0
107,5,2030,solar,0.0
107,6,2030,solar,0.0
107,7,2030,solar,0.0
107,8,2030,solar,0.043046636670329375
107,9,2030,solar,0.20942866653660347
107,10,2030,solar,0.38025118989869794
107,11,2030,solar,0.5001612941072326
107,12,2030,solar,0.575227124774076
107,13,2030,solar,0.6096810232801952
107,14,2030,solar,0.5729378932456479
107,15,2030,solar,0.48996277267437616
107,16,2030,solar,0.3584154816264471
107,17,2030,solar,0.1849469626694492
107,18,2030,solar,0.0250515074979284
107,19,2030,solar,0.0
107,20,2030,solar,0.0
107,21,2030,solar,0.0
107,22,2030,solar,0.0
107,23,2030,solar,0.0
107,24,2030,solar,0.0
107,1,2030,wind_offshore,0.16116084575300021
107,2,2030,wind_offshore,0.1707527639619092
107,3,2030,wind_offshore,0.19044273210757218
107,4,2030,wind_offshore,0.215650799943305
107,5,2030,wind_offshore,0.23664407030590356
107,6,2030,wind_offshore,0.25812008457272584
107,7,2030,wind_offshore,0.2894098833424078
107,8,2030,wind_offshore,0.3510972302532891
107,9,2030,wind_offshore,0.4179574506712891
107,10,2030,wind_offshore,0.44731564299492754
107,11,2030,wind_offshore,0.5409563048720077
107,12,2030,wind_offshore,0.5699560562326458
107,13,2030,wind_offshore,0.6163659635552703
107,14,2030,wind_offshore,0.5855065539745407
107,15,2030,wind_offshore,0.4925773987158214
107,16,2030,wind_offshore,0.36908444602042534
107,17,2030,wind_offshore,0.3184888135416757
107,18,2030,wind_offshore,0.3739825239202314
107,19,2030,wind_offshore,0.509505643947038
107,20,2030,wind_offshore,0.5974706814926458
107,21,2030,wind_offshore,0.6481705349861466
107,22,2030,wind_offshore,0.7841239537158846
107,23,2030,wind_offshore,0.8972194354972196
107,24,2030,wind_offshore,0.954855627249547
107,1,2030,wind_onshore,0.29135594167153434
107,2,2030,wind_onshore,0.2705737805241777
107,3,2030,wind_onshore,0.2458781898502764
107,4,2030,wind_onshore,0.2225240401490688
107,5,2030,wind_onshore,0.20385558265152243
107,6,2030,wind_onshore,0.18230464834197943
107,7,2030,wind_onshore,0.16253758402863266
107,8,2030,wind_onshore,0.14190518036785138
107,9,2030,wind_onshore,0.12720021000498882
107,10,2030,wind_onshore,0.12171808541952638
107,11,2030,wind_onshore,0.11576389623997366
107,12,2030,wind_onshore,0.13134571676546858
107,13,2030,wind_onshore,0.15145392945622707
107,14,2030,wind_onshore,0.16738136084495067
107,15,2030,wind_onshore,0.16794349254552174
107,16,2030,wind_onshore,0.16748765391328838
107,17,2030,wind_onshore,0.15287020377915528
107,18,2030,wind_onshore,0.15508970807836
107,19,2030,wind_onshore,0.17561996969583593
107,20,2030,wind_onshore,0.1878891175727389
107,21,2030,wind_onshore,0.19521497976058133
107,22,2030,wind_onshore,0.20398860777311972
107,23,2030,wind_onshore,0.20341345238620684
107,24,2030,wind_onshore,0.2090486108299369
108,1,2030,demand,0.4950125227297062
108,2,2030,demand,0.479636123035158
108,3,2030,demand,0.47310308420625546
108,4,2030,demand,0.4679260149335168
108,5,2030,demand,0.47564422891924096
108,6,2030,demand,0.5019964600825265
108,7,2030,demand,0.5348623114772154
108,8,2030,demand,0.5790490670627682
108,9,2030,demand,0.6137641774598976
108,10,2030,demand,0.6400253655589081
108,11,2030,demand,0.6442198194857294
108,12,2030,demand,0.6512003809144156
108,13,2030,demand,0.6485485881819868
108,14,2030,demand,0.6352222788789241
108,15,2030,demand,0.6223822309571415
108,16,2030,demand,0.617516977944073
108,17,2030,demand,0.610906617239592
108,18,2030,demand,0.6258739657554634
108,19,2030,demand,0.653219155203455
108,20,2030,demand,0.664033549593106
108,21,2030,demand,0.6462601237537262
108,22,2030,demand,0.6090640573041354
108,23,2030,demand,0.5671695549359079
108,24,2030,demand,0.5498445179693378
108,1,2030,solar,0.0
108,2,2030,solar,0.0
108,3,2030,solar,0.0
108,4,2030,solar,0.0
108,5,2030,solar,0.0
108,6,2030,solar,0.0
108,7,2030,solar,0.0
108,8,2030,solar,0.0
108,9,2030,solar,0.036056735455539675
108,10,2030,solar,0.09185150319499
108,11,2030,solar,0.13941224317027967
108,12,2030,solar,0.17302187258003554
108,13,2030,solar,0.19686683932105636
108,14,2030,solar,0.18854964964803214
108,15,2030,solar,0.15329729706946915
108,16,2030,solar,0.10246864023251906
108,17,2030,solar,0.03769381404998597
108,18,2030,solar,0.0
108,19,2030,solar,0.0
108,20,2030,solar,0.0
108,21,2030,solar,0.0
108,22,2030,solar,0.0
108,23,2030,solar,0.0
108,24,2030,solar,0.0
108,1,2030,wind_offshore,0.018733552743511545
108,2,2030,wind_offshore,0.08206678793514294
108,3,2030,wind_offshore,0.08172796789813919
108,4,2030,wind_offshore,0.07887278689286265
108,5,2030,wind_offshore,0.13239826343509198
108,6,2030,wind_offshore,0.2229471534558416
108,7,2030,wind_offshore,0.2727635104635293
108,8,2030,wind_offshore,0.3301819214099548
108,9,2030,wind_offshore,0.3758279347986544
108,10,2030,wind_offshore,0.45366802983493404
108,11,2030,wind_offshore,0.6447752366616962
108,12,2030,wind_offshore,0.7280081608938798
108,13,2030,wind_offshore,0.7966583595749913
108,14,2030,wind_offshore,0.8109994908663866
108,15,2030,wind_offshore,0.871423927802772
108,16,2030,wind_offshore,0.882918569399812
108,17,2030,wind_offshore,0.8654884305606987
108,18,2030,wind_offshore,0.8361344074454546
108,19,2030,wind_offshore,0.7798171616303178
108,20,2030,wind_offshore,0.7917902929182032
108,21,2030,wind_offshore,0.7956973676417393
108,22,2030,wind_offshore,0.7576606342229079
108,23,2030,wind_offshore,0.738750785317976
108,24,2030,wind_offshore,0.7299187319952409
108,1,2030,wind_onshore,0.503806986739822
108,2,2030,wind_onshore,0.5067954775112827
108,3,2030,wind_onshore,0.5244024454218739
108,4,2030,wind_onshore,0.5526444422013396
108,5,2030,wind_onshore,0.5726812126124904
108,6,2030,wind_onshore,0.5840333180980856
108,7,2030,wind_onshore,0.550526545125102
108,8,2030,wind_onshore,0.5163656470660047
108,9,2030,wind_onshore,0.4773428808604269
108,10,2030,wind_onshore,0.4343554804741739
108,11,2030,wind_onshore,0.3775729531646389
108,12,2030,wind_onshore,0.3967443165781741
108,13,2030,wind_onshore,0.4253550082911038
108,14,2030,wind_onshore,0.4490202671323512
108,15,2030,wind_onshore,0.47729598112870575
108,16,2030,wind_onshore,0.45928175087884826
108,17,2030,wind_onshore,0.38960132432511907
108,18,2030,wind_onshore,0.330116694629119
108,19,2030,wind_onshore,0.29812730892899447
108,20,2030,wind_onshore,0.30243813630984795
108,21,2030,wind_onshore,0.2901740831323211
108,22,2030,wind_onshore,0.2878954674498889
108,23,2030,wind_onshore,0.38684651334153447
108,24,2030,wind_onshore,0.3792832505975287
109,1,2030,demand,0.4821123870684538
109,2,2030,demand,0.4741171391566548
109,3,2030,demand,0.4584670217795971
109,4,2030,demand,0.4486586246567063
109,5,2030,demand,0.45582532742527593
109,6,2030,demand,0.45977564848324104
109,7,2030,demand,0.47572452466116666
109,8,2030,demand,0.5069922355383233
109,9,2030,demand,0.5291344377812646
109,10,2030,demand,0.5498072548722439
109,11,2030,demand,0.5670975209669911
109,12,2030,demand,0.5666447321861305
109,13,2030,demand,0.5608327937643967
109,14,2030,demand,0.5447023691669652
109,15,2030,demand,0.5369899691923636
109,16,2030,demand,0.526893572216713
109,17,2030,demand,0.5274061953331204
109,18,2030,demand,0.5249601773503285
109,19,2030,demand,0.5313367001332043
109,20,2030,demand,0.5487115130369085
109,21,2030,demand,0.5483170543925167
109,22,2030,demand,0.5245096043976927
109,23,2030,demand,0.4959754996950002
109,24,2030,demand,0.4849077553834865
109,1,2030,solar,0.0
109,2,2030,solar,0.0
109,3,2030,solar,0.0
109,4,2030,solar,0.0
109,5,2030,solar,0.0
109,6,2030,solar,0.00030874779915718233
109,7,2030,solar,0.04123588926096087
109,8,2030,solar,0.2213112487018542
109,9,2030,solar,0.4307901445498814
109,10,2030,solar,0.6002171492898849
109,11,2030,solar,0.7098563591996743
109,12,2030,solar,0.7766862407398789
109,13,2030,solar,0.7955101713403863
109,14,2030,solar,0.7796556889468891
109,15,2030,solar,0.7178409643126058
109,16,2030,solar,0.6118094061538225
109,17,2030,solar,0.456805881940618
109,18,2030,solar,0.26774906087334793
109,19,2030,solar,0.085560728712987
109,20,2030,solar,0.0032977107960534065
109,21,2030,solar,0.0
109,22,2030,solar,0.0
109,23,2030,solar,0.0
109,24,2030,solar,0.0
109,1,2030,wind_offshore,0.5599089803425498
109,2,2030,wind_offshore,0.6525582810287935
109,3,2030,wind_offshore,0.7674718635774767
109,4,2030,wind_offshore,0.8525078199829145
109,5,2030,wind_offshore,0.9005654479796936
109,6,2030,wind_offshore,0.9221832485969742
109,7,2030,wind_offshore,0.9177686889575314
109,8,2030,wind_offshore,0.9329042934669867
109,9,2030,wind_offshore,0.9442335213761552
109,10,2030,wind_offshore,0.9297610262732098
109,11,2030,wind_offshore,0.9346641498746193
109,12,2030,wind_offshore,0.9273374845612141
109,13,2030,wind_offshore,0.9205570331611068
109,14,2030,wind_offshore,0.9260820865005093
109,15,2030,wind_offshore,0.9284342885228796
109,16,2030,wind_offshore,0.9276721920592677
109,17,2030,wind_offshore,0.9267488734736846
109,18,2030,wind_offshore,0.9170237364359015
109,19,2030,wind_offshore,0.9060253794221456
109,20,2030,wind_offshore,0.8287490349934306
109,21,2030,wind_offshore,0.7455992133793181
109,22,2030,wind_offshore,0.6450063932370229
109,23,2030,wind_offshore,0.6961327802769817
109,24,2030,wind_offshore,0.6955460569774781
109,1,2030,wind_onshore,0.16498243310690397
109,2,2030,wind_onshore,0.15826354030054152
109,3,2030,wind_onshore,0.14357427416025698
109,4,2030,wind_onshore,0.13899231659547823
109,5,2030,wind_onshore,0.1313872736206203
109,6,2030,wind_onshore,0.1249771306286423
109,7,2030,wind_onshore,0.1177065595762239
109,8,2030,wind_onshore,0.0902777963009315
109,9,2030,wind_onshore,0.08731708450017023
109,10,2030,wind_onshore,0.10678908157167735
109,11,2030,wind_onshore,0.14353002185171143
109,12,2030,wind_onshore,0.15135365233837542
109,13,2030,wind_onshore,0.16287579383042594
109,14,2030,wind_onshore,0.1774225290558667
109,15,2030,wind_onshore,0.1932581098173659
109,16,2030,wind_onshore,0.2089877340585335
109,17,2030,wind_onshore,0.22949806253744304
109,18,2030,wind_onshore,0.25199504426057084
109,19,2030,wind_onshore,0.2700137228880686
109,20,2030,wind_onshore,0.2706575239369419
109,21,2030,wind_onshore,0.2792252668004564
109,22,2030,wind_onshore,0.2668818107091802
109,23,2030,wind_onshore,0.26591477314991796
109,24,2030,wind_onshore,0.23739828855608344
110,1,2030,demand,0.5236927331372004
110,2,2030,demand,0.5226179546507206
110,3,2030,demand,0.5156689347499247
110,4,2030,demand,0.5006686596625791
110,5,2030,demand,0.5189569371416273
110,6,2030,demand,0.5436060047593573
110,7,2030,demand,0.5746605856392751
110,8,2030,demand,0.6094274571555842
110,9,2030,demand,0.6510386147584775
110,10,2030,demand,0.6870556826754598
110,11,2030,demand,0.7102845073721589
110,12,2030,demand,0.7284304408755697
110,13,2030,demand,0.732964191179907
110,14,2030,demand,0.7190326911328072
110,15,2030,demand,0.7149168629741502
110,16,2030,demand,0.7172585916003453
110,17,2030,demand,0.7124033358028767
110,18,2030,demand,0.6993214532917731
110,19,2030,demand,0.690606823339732
110,20,2030,demand,0.6780089515261037
110,21,2030,demand,0.6647697318702197
110,22,2030,demand,0.6157260591917281
110,23,2030,demand,0.5750542420556637
110,24,2030,demand,0.567291361481882
110,1,2030,solar,0.0
110,2,2030,solar,0.0
110,3,2030,solar,0.0
110,4,2030,solar,0.0
110,5,2030,solar,0.0
110,6,2030,solar,0.0
110,7,2030,solar,0.005836872227277405
110,8,2030,solar,0.11913933101347975
110,9,2030,solar,0.2915190151277847
110,10,2030,solar,0.4532595377106186
110,11,2030,solar,0.5542977171797419
110,12,2030,solar,0.6032264540696404
110,13,2030,solar,0.6059461030847946
110,14,2030,solar,0.5688093244232993
110,15,2030,solar,0.48761586799774476
110,16,2030,solar,0.39848878583906955
110,17,2030,solar,0.2897322819181669
110,18,2030,solar,0.16819753029565662
110,19,2030,solar,0.050168798437036685
110,20,2030,solar,2.8973569261990326e-6
110,21,2030,solar,0.0
110,22,2030,solar,0.0
110,23,2030,solar,0.0
110,24,2030,solar,0.0
110,1,2030,wind_offshore,0.619929982639839
110,2,2030,wind_offshore,0.6465229434239832
110,3,2030,wind_offshore,0.6618970616393172
110,4,2030,wind_offshore,0.6581533180868206
110,5,2030,wind_offshore,0.6341098333351987
110,6,2030,wind_offshore,0.6037507131055067
110,7,2030,wind_offshore,0.580504212160889
110,8,2030,wind_offshore,0.5651750589545362
110,9,2030,wind_offshore,0.5747388233500333
110,10,2030,wind_offshore,0.6434841639600162
110,11,2030,wind_offshore,0.6196984667453419
110,12,2030,wind_offshore,0.6177416655849544
110,13,2030,wind_offshore,0.6231471179282141
110,14,2030,wind_offshore,0.6313690835664516
110,15,2030,wind_offshore,0.6211602732178676
110,16,2030,wind_offshore,0.6083035902898056
110,17,2030,wind_offshore,0.631769747477981
110,18,2030,wind_offshore,0.6662683873542881
110,19,2030,wind_offshore,0.6984566445385614
110,20,2030,wind_offshore,0.7276288258759537
110,21,2030,wind_offshore,0.7779951506433799
110,22,2030,wind_offshore,0.7806699857340217
110,23,2030,wind_offshore,0.547483821957806
110,24,2030,wind_offshore,0.4688397833226599
110,1,2030,wind_onshore,0.18656884137402707
110,2,2030,wind_onshore,0.17340848822258126
110,3,2030,wind_onshore,0.15252938946441097
110,4,2030,wind_onshore,0.13348105951057163
110,5,2030,wind_onshore,0.11873914094956071
110,6,2030,wind_onshore,0.10986512649641149
110,7,2030,wind_onshore,0.1028895946235414
110,8,2030,wind_onshore,0.09006633983600959
110,9,2030,wind_onshore,0.07442915133486519
110,10,2030,wind_onshore,0.08071030520919563
110,11,2030,wind_onshore,0.08860139216346039
110,12,2030,wind_onshore,0.1000850340287209
110,13,2030,wind_onshore,0.10918930631994841
110,14,2030,wind_onshore,0.12351124990110282
110,15,2030,wind_onshore,0.13507459828807955
110,16,2030,wind_onshore,0.14852336781139588
110,17,2030,wind_onshore,0.16633047278994134
110,18,2030,wind_onshore,0.1991202624295755
110,19,2030,wind_onshore,0.2089497520817944
110,20,2030,wind_onshore,0.2067478949311507
110,21,2030,wind_onshore,0.20979557144161862
110,22,2030,wind_onshore,0.20657422586631152
110,23,2030,wind_onshore,0.15926327142304933
110,24,2030,wind_onshore,0.1637436974594036
111,1,2030,demand,0.4645420252875094
111,2,2030,demand,0.45930987612948726
111,3,2030,demand,0.4629003254258556
111,4,2030,demand,0.45771772139742084
111,5,2030,demand,0.4675619452840767
111,6,2030,demand,0.49175146040732176
111,7,2030,demand,0.5308671106219309
111,8,2030,demand,0.561975822528771
111,9,2030,demand,0.5853392311346551
111,10,2030,demand,0.5952576393459759
111,11,2030,demand,0.6017133591484906
111,12,2030,demand,0.5943643668841392
111,13,2030,demand,0.5855655951239164
111,14,2030,demand,0.5743550318929387
111,15,2030,demand,0.5682874743215254
111,16,2030,demand,0.5717081592508528
111,17,2030,demand,0.5729306872989166
111,18,2030,demand,0.5738398458017782
111,19,2030,demand,0.574762622219225
111,20,2030,demand,0.5801259100437236
111,21,2030,demand,0.5709807024959739
111,22,2030,demand,0.536541286433234
111,23,2030,demand,0.49951883176777473
111,24,2030,demand,0.5059176377446903
111,1,2030,solar,0.0
111,2,2030,solar,0.0
111,3,2030,solar,0.0
111,4,2030,solar,0.0
111,5,2030,solar,0.0
111,6,2030,solar,0.0
111,7,2030,solar,0.0005314585826534945
111,8,2030,solar,0.10915318515001443
111,9,2030,solar,0.3203277536046245
111,10,2030,solar,0.5095841757867913
111,11,2030,solar,0.6349795695019106
111,12,2030,solar,0.7174725382623236
111,13,2030,solar,0.7534812878577835
111,14,2030,solar,0.7293185635885007
111,15,2030,solar,0.6561563142273288
111,16,2030,solar,0.5278491773786183
111,17,2030,solar,0.3626820955544814
111,18,2030,solar,0.1631219837481814
111,19,2030,solar,0.015067887641758463
111,20,2030,solar,0.0
111,21,2030,solar,0.0
111,22,2030,solar,0.0
111,23,2030,solar,0.0
111,24,2030,solar,0.0
111,1,2030,wind_offshore,0.8682282795773792
111,2,2030,wind_offshore,0.8732398899056736
111,3,2030,wind_offshore,0.8883546377123965
111,4,2030,wind_offshore,0.9246563217846049
111,5,2030,wind_offshore,0.8545344414099207
111,6,2030,wind_offshore,0.6531566686723835
111,7,2030,wind_offshore,0.5814769880406429
111,8,2030,wind_offshore,0.4708132475069712
111,9,2030,wind_offshore,0.37783068032844613
111,10,2030,wind_offshore,0.32947674138608396
111,11,2030,wind_offshore,0.20193794646785915
111,12,2030,wind_offshore,0.2530741489660765
111,13,2030,wind_offshore,0.2847583734522354
111,14,2030,wind_offshore,0.2857709513657858
111,15,2030,wind_offshore,0.31827976362531984
111,16,2030,wind_offshore,0.40715691036242674
111,17,2030,wind_offshore,0.4664068528544997
111,18,2030,wind_offshore,0.4791546820986159
111,19,2030,wind_offshore,0.47613019712243565
111,20,2030,wind_offshore,0.5362608216477516
111,21,2030,wind_offshore,0.6131658434590365
111,22,2030,wind_offshore,0.6557979130106566
111,23,2030,wind_offshore,0.6610836988755364
111,24,2030,wind_offshore,0.7240305437536083
111,1,2030,wind_onshore,0.228469576374742
111,2,2030,wind_onshore,0.23642654064187726
111,3,2030,wind_onshore,0.2380713598329437
111,4,2030,wind_onshore,0.2304623017808252
111,5,2030,wind_onshore,0.2263202552418868
111,6,2030,wind_onshore,0.23031969370280125
111,7,2030,wind_onshore,0.2340697683601002
111,8,2030,wind_onshore,0.2180733901163236
111,9,2030,wind_onshore,0.18523792293038943
111,10,2030,wind_onshore,0.18439566631491744
111,11,2030,wind_onshore,0.1582672777438882
111,12,2030,wind_onshore,0.14745097528752948
111,13,2030,wind_onshore,0.14333056444693598
111,14,2030,wind_onshore,0.16068939275047361
111,15,2030,wind_onshore,0.18306069312628614
111,16,2030,wind_onshore,0.20395781701110605
111,17,2030,wind_onshore,0.2252911678240356
111,18,2030,wind_onshore,0.23292527661685036
111,19,2030,wind_onshore,0.2187104650211743
111,20,2030,wind_onshore,0.22130283635920156
111,21,2030,wind_onshore,0.20301170100064664
111,22,2030,wind_onshore,0.18377785536033717
111,23,2030,wind_onshore,0.173089939169581
111,24,2030,wind_onshore,0.17440497118481613
112,1,2030,demand,0.4717132921901714
112,2,2030,demand,0.46279230308467123
112,3,2030,demand,0.4489919772655918
112,4,2030,demand,0.43562835655363474
112,5,2030,demand,0.4238960216767158
112,6,2030,demand,0.4142610945998648
112,7,2030,demand,0.4165621423783619
112,8,2030,demand,0.441752934409031
112,9,2030,demand,0.4750945402189532
112,10,2030,demand,0.5047049998427828
112,11,2030,demand,0.5247333290278935
112,12,2030,demand,0.5267322368316463
112,13,2030,demand,0.5280855893057411
112,14,2030,demand,0.5267268227201085
112,15,2030,demand,0.5142559063682313
112,16,2030,demand,0.509563367179739
112,17,2030,demand,0.5113736811890428
112,18,2030,demand,0.5256346708045866
112,19,2030,demand,0.5510082849041535
112,20,2030,demand,0.56389567877056
112,21,2030,demand,0.5759359631306133
112,22,2030,demand,0.5620165826105723
112,23,2030,demand,0.5267807155750497
112,24,2030,demand,0.5032588382372107
112,1,2030,solar,0.0
112,2,2030,solar,0.0
112,3,2030,solar,0.0
112,4,2030,solar,0.0
112,5,2030,solar,0.0
112,6,2030,solar,0.0
112,7,2030,solar,0.0
112,8,2030,solar,0.0
112,9,2030,solar,0.04300633961525861
112,10,2030,solar,0.10358820979927746
112,11,2030,solar,0.15779140304708156
112,12,2030,solar,0.19102893282759853
112,13,2030,solar,0.19953932949982317
112,14,2030,solar,0.18461585540213138
112,15,2030,solar,0.15141011235131932
112,16,2030,solar,0.10504455806608717
112,17,2030,solar,0.042718013414641286
112,18,2030,solar,0.0
112,19,2030,solar,0.0
112,20,2030,solar,0.0
112,21,2030,solar,0.0
112,22,2030,solar,0.0
112,23,2030,solar,0.0
112,24,2030,solar,0.0
112,1,2030,wind_offshore,0.1081008708391106
112,2,2030,wind_offshore,0.14176885194167746
112,3,2030,wind_offshore,0.1759867520144361
112,4,2030,wind_offshore,0.19090175013117971
112,5,2030,wind_offshore,0.20003715829917879
112,6,2030,wind_offshore,0.23318573960013783
112,7,2030,wind_offshore,0.34461129368483645
112,8,2030,wind_offshore,0.515431944609917
112,9,2030,wind_offshore,0.6576462737313742
112,10,2030,wind_offshore,0.6540172226937773
112,11,2030,wind_offshore,0.6099113473510195
112,12,2030,wind_offshore,0.538200694251449
112,13,2030,wind_offshore,0.5654265364199855
112,14,2030,wind_offshore,0.5487369294069214
112,15,2030,wind_offshore,0.5192229654408035
112,16,2030,wind_offshore,0.6015242456096856
112,17,2030,wind_offshore,0.6806997425260025
112,18,2030,wind_offshore,0.729294363860614
112,19,2030,wind_offshore,0.7605450279225688
112,20,2030,wind_offshore,0.8091818115942955
112,21,2030,wind_offshore,0.8161187673940793
112,22,2030,wind_offshore,0.7957451797922488
112,23,2030,wind_offshore,0.7226197847229872
112,24,2030,wind_offshore,0.6997248395486925
112,1,2030,wind_onshore,0.2720124342410178
112,2,2030,wind_onshore,0.27507574438129767
112,3,2030,wind_onshore,0.2710395348652441
112,4,2030,wind_onshore,0.26074118030460713
112,5,2030,wind_onshore,0.2570019929739761
112,6,2030,wind_onshore,0.25723513895056993
112,7,2030,wind_onshore,0.24704087776855033
112,8,2030,wind_onshore,0.23782139802099783
112,9,2030,wind_onshore,0.23314231920453407
112,10,2030,wind_onshore,0.23146313424934906
112,11,2030,wind_onshore,0.2785325719285221
112,12,2030,wind_onshore,0.33272551711720827
112,13,2030,wind_onshore,0.3375145714604585
112,14,2030,wind_onshore,0.3447661354232715
112,15,2030,wind_onshore,0.3295239800585956
112,16,2030,wind_onshore,0.28921816965544145
112,17,2030,wind_onshore,0.27097268024535626
112,18,2030,wind_onshore,0.24650718431127056
112,19,2030,wind_onshore,0.23404364073150014
112,20,2030,wind_onshore,0.22694613880763365
112,21,2030,wind_onshore,0.22731359197951764
112,22,2030,wind_onshore,0.22627776474877126
112,23,2030,wind_onshore,0.23555705540971494
112,24,2030,wind_onshore,0.24354287592635412
113,1,2030,demand,0.5257127925617374
113,2,2030,demand,0.5050156715268896
113,3,2030,demand,0.4953313551802807
113,4,2030,demand,0.4851223089641402
113,5,2030,demand,0.4808365401650443
113,6,2030,demand,0.4768377871946574
113,7,2030,demand,0.4856888292982704
113,8,2030,demand,0.5185543898602194
113,9,2030,demand,0.5624228832615601
113,10,2030,demand,0.6037991002590276
113,11,2030,demand,0.6233908786622453
113,12,2030,demand,0.6208557362971046
113,13,2030,demand,0.6254180283553583
113,14,2030,demand,0.6173921554371162
113,15,2030,demand,0.6007952958691519
113,16,2030,demand,0.5860104764687529
113,17,2030,demand,0.5844462393586334
113,18,2030,demand,0.5964195039437317
113,19,2030,demand,0.6217506282032411
113,20,2030,demand,0.6465111500308591
113,21,2030,demand,0.6670511496028968
113,22,2030,demand,0.6407652912238899
113,23,2030,demand,0.6036895763439636
113,24,2030,demand,0.5835621378272553
113,1,2030,solar,0.0
113,2,2030,solar,0.0
113,3,2030,solar,0.0
113,4,2030,solar,0.0
113,5,2030,solar,0.0
113,6,2030,solar,0.0
113,7,2030,solar,0.0
113,8,2030,solar,0.02543990466079927
113,9,2030,solar,0.16003461412354889
113,10,2030,solar,0.3220301658894844
113,11,2030,solar,0.4377886367490537
113,12,2030,solar,0.5006113525349272
113,13,2030,solar,0.5033408405117502
113,14,2030,solar,0.46090553519013444
113,15,2030,solar,0.3978402255474053
113,16,2030,solar,0.30510722493616504
113,17,2030,solar,0.19412872061872438
113,18,2030,solar,0.09200489243413812
113,19,2030,solar,0.004420750025609264
113,20,2030,solar,0.0
113,21,2030,solar,0.0
113,22,2030,solar,0.0
113,23,2030,solar,0.0
113,24,2030,solar,0.0
113,1,2030,wind_offshore,0.922248964237304
113,2,2030,wind_offshore,0.9294471396409479
113,3,2030,wind_offshore,0.9365685280310486
113,4,2030,wind_offshore,0.9500712445875122
113,5,2030,wind_offshore,0.9558946604954857
113,6,2030,wind_offshore,0.9499693030084118
113,7,2030,wind_offshore,0.9491489479633834
113,8,2030,wind_offshore,0.9266647475411083
113,9,2030,wind_offshore,0.8709138104872705
113,10,2030,wind_offshore,0.8130161290331399
113,11,2030,wind_offshore,0.8268315525308978
113,12,2030,wind_offshore,0.7702036145603317
113,13,2030,wind_offshore,0.7443588201202825
113,14,2030,wind_offshore,0.6676865568687606
113,15,2030,wind_offshore,0.524958554512416
113,16,2030,wind_offshore,0.33223102238865165
113,17,2030,wind_offshore,0.17967279420933563
113,18,2030,wind_offshore,0.10448124493179223
113,19,2030,wind_offshore,0.05182137554944148
113,20,2030,wind_offshore,0.020677576154264042
113,21,2030,wind_offshore,0.005992121430077827
113,22,2030,wind_offshore,0.0005098992420555463
113,23,2030,wind_offshore,0.00013318173138325212
113,24,2030,wind_offshore,0.0056984419178375805
113,1,2030,wind_onshore,0.5663726233366041
113,2,2030,wind_onshore,0.5510051779578751
113,3,2030,wind_onshore,0.5549289043533525
113,4,2030,wind_onshore,0.5519643841076656
113,5,2030,wind_onshore,0.5426542462507558
113,6,2030,wind_onshore,0.5350634684824961
113,7,2030,wind_onshore,0.5268080077401069
113,8,2030,wind_onshore,0.5199137899362787
113,9,2030,wind_onshore,0.5068141645886761
113,10,2030,wind_onshore,0.473297408177933
113,11,2030,wind_onshore,0.47488758266625497
113,12,2030,wind_onshore,0.5481022472557585
113,13,2030,wind_onshore,0.6241611686210699
113,14,2030,wind_onshore,0.6631684434025942
113,15,2030,wind_onshore,0.674602855237008
113,16,2030,wind_onshore,0.6420380613710606
113,17,2030,wind_onshore,0.6120253695377038
113,18,2030,wind_onshore,0.5736691231511938
113,19,2030,wind_onshore,0.5426221130090048
113,20,2030,wind_onshore,0.5413568927055389
113,21,2030,wind_onshore,0.5537806951292206
113,22,2030,wind_onshore,0.5491889928518403
113,23,2030,wind_onshore,0.5090424799359721
113,24,2030,wind_onshore,0.5298032982868055
114,1,2030,demand,0.49526353590106165
114,2,2030,demand,0.48117669094750537
114,3,2030,demand,0.4714022683968878
114,4,2030,demand,0.45936656776815854
114,5,2030,demand,0.4628467149627832
114,6,2030,demand,0.47883440417604384
114,7,2030,demand,0.5098226227549464
114,8,2030,demand,0.5495050818801542
114,9,2030,demand,0.5834004869662686
114,10,2030,demand,0.6100330630827988
114,11,2030,demand,0.6206204029229754
114,12,2030,demand,0.6233060218598654
114,13,2030,demand,0.6197315437464364
114,14,2030,demand,0.6115139861642648
114,15,2030,demand,0.5978080768577403
114,16,2030,demand,0.5925982521132923
114,17,2030,demand,0.5906067664202777
114,18,2030,demand,0.604122735238689
114,19,2030,demand,0.6246708666291108
114,20,2030,demand,0.642358818606662
114,21,2030,demand,0.6408710909504446
114,22,2030,demand,0.6074517112784822
114,23,2030,demand,0.5643076570388404
114,24,2030,demand,0.5456440417138063
114,1,2030,solar,0.0
114,2,2030,solar,0.0
114,3,2030,solar,0.0
114,4,2030,solar,0.0
114,5,2030,solar,0.0
114,6,2030,solar,0.0
114,7,2030,solar,0.0
114,8,2030,solar,0.004681359969803076
114,9,2030,solar,0.04394990146902096
114,10,2030,solar,0.12841184364351685
114,11,2030,solar,0.22253025155387854
114,12,2030,solar,0.30200429239036397
114,13,2030,solar,0.33641395647342837
114,14,2030,solar,0.3319095213244988
114,15,2030,solar,0.28998287846356435
114,16,2030,solar,0.21680620373885878
114,17,2030,solar,0.12295930847458332
114,18,2030,solar,0.024685306746798332
114,19,2030,solar,0.0
114,20,2030,solar,0.0
114,21,2030,solar,0.0
114,22,2030,solar,0.0
114,23,2030,solar,0.0
114,24,2030,solar,0.0
114,1,2030,wind_offshore,0.8758887747285505
114,2,2030,wind_offshore,0.9141724941706137
114,3,2030,wind_offshore,0.9461321682088728
114,4,2030,wind_offshore,0.9539747439177028
114,5,2030,wind_offshore,0.9572932701689152
114,6,2030,wind_offshore,0.9560478267063495
114,7,2030,wind_offshore,0.9592457528631683
114,8,2030,wind_offshore,0.9603731876605027
114,9,2030,wind_offshore,0.9587174091648273
114,10,2030,wind_offshore,0.9570901039074979
114,11,2030,wind_offshore,0.9504326283796353
114,12,2030,wind_offshore,0.9418975887370389
114,13,2030,wind_offshore,0.944932814601684
114,14,2030,wind_offshore,0.9426928673752486
114,15,2030,wind_offshore,0.9430352584796975
114,16,2030,wind_offshore,0.9407782455363368
114,17,2030,wind_offshore,0.9479886688704363
114,18,2030,wind_offshore,0.9459958443067535
114,19,2030,wind_offshore,0.9252566826223055
114,20,2030,wind_offshore,0.9263691977833616
114,21,2030,wind_offshore,0.9162271020649116
114,22,2030,wind_offshore,0.9070045348207485
114,23,2030,wind_offshore,0.9082025969245318
114,24,2030,wind_offshore,0.9090246565065062
114,1,2030,wind_onshore,0.5528448526262207
114,2,2030,wind_onshore,0.5564753627267855
114,3,2030,wind_onshore,0.5487060482722467
114,4,2030,wind_onshore,0.5482606837731826
114,5,2030,wind_onshore,0.545623586391472
114,6,2030,wind_onshore,0.5479278936009627
114,7,2030,wind_onshore,0.5423865979475899
114,8,2030,wind_onshore,0.5383526675061938
114,9,2030,wind_onshore,0.5292373351807544
114,10,2030,wind_onshore,0.529690260250606
114,11,2030,wind_onshore,0.5484653181354664
114,12,2030,wind_onshore,0.5662133092629498
114,13,2030,wind_onshore,0.5941118857519513
114,14,2030,wind_onshore,0.5976081256820753
114,15,2030,wind_onshore,0.5987665856240013
114,16,2030,wind_onshore,0.5549782669712444
114,17,2030,wind_onshore,0.4937908838833521
114,18,2030,wind_onshore,0.43939894673143565
114,19,2030,wind_onshore,0.4072994960801684
114,20,2030,wind_onshore,0.3840743937496568
114,21,2030,wind_onshore,0.3698222883340236
114,22,2030,wind_onshore,0.35618035648527563
114,23,2030,wind_onshore,0.3634658333668215
114,24,2030,wind_onshore,0.34277140423054436
115,1,2030,demand,0.504541200108534
115,2,2030,demand,0.49609649365137753
115,3,2030,demand,0.48531878149907437
115,4,2030,demand,0.4734442431465306
115,5,2030,demand,0.4671078422526277
115,6,2030,demand,0.46269618462918694
115,7,2030,demand,0.46838720312789267
115,8,2030,demand,0.4918716672755041
115,9,2030,demand,0.5290760033455785
115,10,2030,demand,0.5565767913744435
115,11,2030,demand,0.5816910291271122
115,12,2030,demand,0.5921496064681036
115,13,2030,demand,0.5938338468588116
115,14,2030,demand,0.5882359199234055
115,15,2030,demand,0.572428369107391
115,16,2030,demand,0.5667692541630537
115,17,2030,demand,0.5654233258191619
115,18,2030,demand,0.5688479970961233
115,19,2030,demand,0.5708003161527231
115,20,2030,demand,0.5759564929383285
115,21,2030,demand,0.5800527044697503
115,22,2030,demand,0.5655521413072493
115,23,2030,demand,0.5366314246789233
115,24,2030,demand,0.5267804698138878
115,1,2030,solar,0.0
115,2,2030,solar,0.0
115,3,2030,solar,0.0
115,4,2030,solar,0.0
115,5,2030,solar,0.0
115,6,2030,solar,0.0002534823640123155
115,7,2030,solar,0.024183021645558807
115,8,2030,solar,0.17116122529602046
115,9,2030,solar,0.36849126590989856
115,10,2030,solar,0.5376831213095767
115,11,2030,solar,0.6422094525864235
115,12,2030,solar,0.7089028165329239
115,13,2030,solar,0.7284610816617003
115,14,2030,solar,0.7175597289936904
115,15,2030,solar,0.6637793188619042
115,16,2030,solar,0.5687129045476645
115,17,2030,solar,0.427782475196449
115,18,2030,solar,0.24628536253183925
115,19,2030,solar,0.06953400001289657
115,20,2030,solar,0.002017464138137987
115,21,2030,solar,0.0
115,22,2030,solar,0.0
115,23,2030,solar,0.0
115,24,2030,solar,0.0
115,1,2030,wind_offshore,0.4103354059808085
115,2,2030,wind_offshore,0.40715862832714433
115,3,2030,wind_offshore,0.4090638773192151
115,4,2030,wind_offshore,0.41209590528363177
115,5,2030,wind_offshore,0.42370752511553533
115,6,2030,wind_offshore,0.4366454728772475
115,7,2030,wind_offshore,0.467364668377279
115,8,2030,wind_offshore,0.507815256139273
115,9,2030,wind_offshore,0.5465599871241191
115,10,2030,wind_offshore,0.5591379486058536
115,11,2030,wind_offshore,0.5485024733752586
115,12,2030,wind_offshore,0.5790427821227289
115,13,2030,wind_offshore,0.5760758626507699
115,14,2030,wind_offshore,0.6200999423856575
115,15,2030,wind_offshore,0.6737139525875432
115,16,2030,wind_offshore,0.7112025788629138
115,17,2030,wind_offshore,0.7434151460105507
115,18,2030,wind_offshore,0.7300559728782884
115,19,2030,wind_offshore,0.7042953430064904
115,20,2030,wind_offshore,0.6723611419156723
115,21,2030,wind_offshore,0.6409476205893404
115,22,2030,wind_offshore,0.6003120876651926
115,23,2030,wind_offshore,0.5021114386704191
115,24,2030,wind_offshore,0.4827806916442666
115,1,2030,wind_onshore,0.2648394001719142
115,2,2030,wind_onshore,0.25462992852811106
115,3,2030,wind_onshore,0.24545603624738568
115,4,2030,wind_onshore,0.2379929236828713
115,5,2030,wind_onshore,0.23363233473091513
115,6,2030,wind_onshore,0.22412785672741609
115,7,2030,wind_onshore,0.21543185030568482
115,8,2030,wind_onshore,0.21080865879796917
115,9,2030,wind_onshore,0.22122768334674295
115,10,2030,wind_onshore,0.23274853356590294
115,11,2030,wind_onshore,0.23045962968072994
115,12,2030,wind_onshore,0.22842824783473165
115,13,2030,wind_onshore,0.2267234969620751
115,14,2030,wind_onshore,0.23572412531919196
115,15,2030,wind_onshore,0.25355151938796383
115,16,2030,wind_onshore,0.2740027889187399
115,17,2030,wind_onshore,0.30168182271029975
115,18,2030,wind_onshore,0.33575312576141675
115,19,2030,wind_onshore,0.3702771817352544
115,20,2030,wind_onshore,0.39849458315522807
115,21,2030,wind_onshore,0.4184799061708907
115,22,2030,wind_onshore,0.41599310380988846
115,23,2030,wind_onshore,0.37425477816890834
115,24,2030,wind_onshore,0.36926822342374677
116,1,2030,demand,0.4982677006181968
116,2,2030,demand,0.49901297527286803
116,3,2030,demand,0.4963754662180758
116,4,2030,demand,0.49210814194204205
116,5,2030,demand,0.4939397556180737
116,6,2030,demand,0.5101430847109862
116,7,2030,demand,0.528561668917619
116,8,2030,demand,0.5584748371672064
116,9,2030,demand,0.5831891663045453
116,10,2030,demand,0.6065191149321815
116,11,2030,demand,0.6176670371927975
116,12,2030,demand,0.6268864043810886
116,13,2030,demand,0.6171769000452159
116,14,2030,demand,0.6024788267000808
116,15,2030,demand,0.5985875746369544
116,16,2030,demand,0.5952032674695329
116,17,2030,demand,0.5876675659328175
116,18,2030,demand,0.5789026321570947
116,19,2030,demand,0.5811814704236457
116,20,2030,demand,0.5922524236006501
116,21,2030,demand,0.5904644063549197
116,22,2030,demand,0.5595114016943664
116,23,2030,demand,0.526200360083721
116,24,2030,demand,0.5238286653983437
116,1,2030,solar,0.0
116,2,2030,solar,0.0
116,3,2030,solar,0.0
116,4,2030,solar,0.0
116,5,2030,solar,0.0
116,6,2030,solar,0.00011297351387247446
116,7,2030,solar,0.036873290481856655
116,8,2030,solar,0.1755632621556279
116,9,2030,solar,0.34718437093346655
116,10,2030,solar,0.495539292845104
116,11,2030,solar,0.590158699071501
116,12,2030,solar,0.6502493617910228
116,13,2030,solar,0.6684136327989678
116,14,2030,solar,0.6507866811738154
116,15,2030,solar,0.5926324443913921
116,16,2030,solar,0.4931334693628071
116,17,2030,solar,0.3567083735947352
116,18,2030,solar,0.2057785436171775
116,19,2030,solar,0.06861514348842651
116,20,2030,solar,0.001146052028250288
116,21,2030,solar,0.0
116,22,2030,solar,0.0
116,23,2030,solar,0.0
116,24,2030,solar,0.0
116,1,2030,wind_offshore,0.09169191305481678
116,2,2030,wind_offshore,0.06916705846508657
116,3,2030,wind_offshore,0.06145798313089368
116,4,2030,wind_offshore,0.060208753182880846
116,5,2030,wind_offshore,0.06422904504710313
116,6,2030,wind_offshore,0.06570563184432845
116,7,2030,wind_offshore,0.05877071127607301
116,8,2030,wind_offshore,0.04924000688760245
116,9,2030,wind_offshore,0.03798123514437294
116,10,2030,wind_offshore,0.03574616094576797
116,11,2030,wind_offshore,0.07063804579944288
116,12,2030,wind_offshore,0.07647057918599426
116,13,2030,wind_offshore,0.08360416279186854
116,14,2030,wind_offshore,0.0883383999252058
116,15,2030,wind_offshore,0.07692663025663307
116,16,2030,wind_offshore,0.08149544128922966
116,17,2030,wind_offshore,0.09175356611926531
116,18,2030,wind_offshore,0.10662785896542906
116,19,2030,wind_offshore,0.08816936760158495
116,20,2030,wind_offshore,0.0797126553396729
116,21,2030,wind_offshore,0.07506052080846845
116,22,2030,wind_offshore,0.09097056641095057
116,23,2030,wind_offshore,0.09630934609286303
116,24,2030,wind_offshore,0.07682643110308106
116,1,2030,wind_onshore,0.22709216238180924
116,2,2030,wind_onshore,0.2316142808162678
116,3,2030,wind_onshore,0.23296601212917253
116,4,2030,wind_onshore,0.2317406119323395
116,5,2030,wind_onshore,0.22310268034216763
116,6,2030,wind_onshore,0.2166738255431828
116,7,2030,wind_onshore,0.20947544537954596
116,8,2030,wind_onshore,0.19517039056184177
116,9,2030,wind_onshore,0.18588699137097084
116,10,2030,wind_onshore,0.20394556627388505
116,11,2030,wind_onshore,0.17571252724324163
116,12,2030,wind_onshore,0.19431657857584406
116,13,2030,wind_onshore,0.21006934687430537
116,14,2030,wind_onshore,0.22372310899974152
116,15,2030,wind_onshore,0.2359721255243907
116,16,2030,wind_onshore,0.2452206603850987
116,17,2030,wind_onshore,0.25356838334285803
116,18,2030,wind_onshore,0.26615084575809267
116,19,2030,wind_onshore,0.27479670452844895
116,20,2030,wind_onshore,0.2842716796316185
116,21,2030,wind_onshore,0.2971948797072034
116,22,2030,wind_onshore,0.2909462387679125
116,23,2030,wind_onshore,0.26183185015418486
116,24,2030,wind_onshore,0.2367548647711536
117,1,2030,demand,0.5035163235014192
117,2,2030,demand,0.4870599279150932
117,3,2030,demand,0.4748405863132872
117,4,2030,demand,0.45989923364555135
117,5,2030,demand,0.45212483843727574
117,6,2030,demand,0.45034025170657943
117,7,2030,demand,0.4622240095312255
117,8,2030,demand,0.4935781502629936
117,9,2030,demand,0.5283315961308617
117,10,2030,demand,0.560172006965443
117,11,2030,demand,0.5710675719678295
117,12,2030,demand,0.5790569611811711
117,13,2030,demand,0.5805311905074731
117,14,2030,demand,0.5735342800809067
117,15,2030,demand,0.5597655636615992
117,16,2030,demand,0.5529686840064909
117,17,2030,demand,0.5497576842327749
117,18,2030,demand,0.566544242991377
117,19,2030,demand,0.5914123951080146
117,20,2030,demand,0.6086158995223714
117,21,2030,demand,0.615942852300112
117,22,2030,demand,0.5948083433108143
117,23,2030,demand,0.558514612316856
117,24,2030,demand,0.540123972427889
117,1,2030,solar,0.0
117,2,2030,solar,0.0
117,3,2030,solar,0.0
117,4,2030,solar,0.0
117,5,2030,solar,0.0
117,6,2030,solar,0.0
117,7,2030,solar,0.0
117,8,2030,solar,0.0
117,9,2030,solar,0.013695043141912843
117,10,2030,solar,0.04430651906217954
117,11,2030,solar,0.07040725286956892
117,12,2030,solar,0.08466204855512338
117,13,2030,solar,0.09111304252695655
117,14,2030,solar,0.09642553612378113
117,15,2030,solar,0.08745227486302896
117,16,2030,solar,0.06166002675643328
117,17,2030,solar,0.027625314543152132
117,18,2030,solar,0.0
117,19,2030,solar,0.0
117,20,2030,solar,0.0
117,21,2030,solar,0.0
117,22,2030,solar,0.0
117,23,2030,solar,0.0
117,24,2030,solar,0.0
117,1,2030,wind_offshore,0.9250937542263744
117,2,2030,wind_offshore,0.9460071485180692
117,3,2030,wind_offshore,0.922268360505417
117,4,2030,wind_offshore,0.9473392376033644
117,5,2030,wind_offshore,0.9429066535034782
117,6,2030,wind_offshore,0.9262351908251305
117,7,2030,wind_offshore,0.961344931619621
117,8,2030,wind_offshore,0.9632934995212228
117,9,2030,wind_offshore,0.9688709968681962
117,10,2030,wind_offshore,0.9594898216166484
117,11,2030,wind_offshore,0.9334937225733138
117,12,2030,wind_offshore,0.9347635349963572
117,13,2030,wind_offshore,0.9618679199750196
117,14,2030,wind_offshore,0.9740093261497851
117,15,2030,wind_offshore,0.9777204106135788
117,16,2030,wind_offshore,0.9769719917298304
117,17,2030,wind_offshore,0.9730716811266107
117,18,2030,wind_offshore,0.9753105875876346
117,19,2030,wind_offshore,0.9734588027727097
117,20,2030,wind_offshore,0.9769841747860784
117,21,2030,wind_offshore,0.9780479455274257
117,22,2030,wind_offshore,0.9752082127929775
117,23,2030,wind_offshore,0.9801598609742648
117,24,2030,wind_offshore,0.9761859102919469
117,1,2030,wind_onshore,0.4284193644884128
117,2,2030,wind_onshore,0.40004835932975374
117,3,2030,wind_onshore,0.3775145156137887
117,4,2030,wind_onshore,0.36725009352613164
117,5,2030,wind_onshore,0.3753469588129069
117,6,2030,wind_onshore,0.38415490294845345
117,7,2030,wind_onshore,0.39251679150314506
117,8,2030,wind_onshore,0.38081873092226737
117,9,2030,wind_onshore,0.38867006106665114
117,10,2030,wind_onshore,0.3946138865501052
117,11,2030,wind_onshore,0.4091398102780499
117,12,2030,wind_onshore,0.4279313696575985
117,13,2030,wind_onshore,0.43721683657347676
117,14,2030,wind_onshore,0.4716723914428094
117,15,2030,wind_onshore,0.4908736513986819
117,16,2030,wind_onshore,0.5270491089450904
117,17,2030,wind_onshore,0.5611577201787891
117,18,2030,wind_onshore,0.57640217521407
117,19,2030,wind_onshore,0.590368139624833
117,20,2030,wind_onshore,0.6095857448848208
117,21,2030,wind_onshore,0.6267071569438234
117,22,2030,wind_onshore,0.6360209155027967
117,23,2030,wind_onshore,0.6071254278784786
117,24,2030,wind_onshore,0.6297265955654026
118,1,2030,demand,0.5150941840814643
118,2,2030,demand,0.5043886142734367
118,3,2030,demand,0.49789167085247155
118,4,2030,demand,0.487171663483702
118,5,2030,demand,0.49930998251512904
118,6,2030,demand,0.5251980016511955
118,7,2030,demand,0.5594884915156733
118,8,2030,demand,0.5956442867370055
118,9,2030,demand,0.6262743699103908
118,10,2030,demand,0.6519932126034886
118,11,2030,demand,0.6567984942501379
118,12,2030,demand,0.6511635539579284
118,13,2030,demand,0.6432926650960844
118,14,2030,demand,0.6374382837545105
118,15,2030,demand,0.6271318622822428
118,16,2030,demand,0.6275953688446778
118,17,2030,demand,0.6284036877587456
118,18,2030,demand,0.6316836420875394
118,19,2030,demand,0.6438103814880879
118,20,2030,demand,0.6592466820301951
118,21,2030,demand,0.6533773090114279
118,22,2030,demand,0.6093757626358554
118,23,2030,demand,0.5675921487540324
118,24,2030,demand,0.5603581944525896
118,1,2030,solar,0.0
118,2,2030,solar,0.0
118,3,2030,solar,0.0
118,4,2030,solar,0.0
118,5,2030,solar,0.0
118,6,2030,solar,0.0003026317506091143
118,7,2030,solar,0.023853604236325668
118,8,2030,solar,0.08195258280055814
118,9,2030,solar,0.20697326675625577
118,10,2030,solar,0.3504053912564452
118,11,2030,solar,0.45627969997896156
118,12,2030,solar,0.5312765405335771
118,13,2030,solar,0.5541807539446528
118,14,2030,solar,0.5345103663639397
118,15,2030,solar,0.4709567145340071
118,16,2030,solar,0.37494456183691516
118,17,2030,solar,0.24047033767336878
118,18,2030,solar,0.11444692895051611
118,19,2030,solar,0.0365044421592607
118,20,2030,solar,0.007339224880313059
118,21,2030,solar,0.0
118,22,2030,solar,0.0
118,23,2030,solar,0.0
118,24,2030,solar,0.0
118,1,2030,wind_offshore,0.9918978689158571
118,2,2030,wind_offshore,0.9945421894653451
118,3,2030,wind_offshore,1.0028043415868544
118,4,2030,wind_offshore,0.9961640103499444
118,5,2030,wind_offshore,0.9959107841453698
118,6,2030,wind_offshore,0.9973189095850981
118,7,2030,wind_offshore,0.9925733792585116
118,8,2030,wind_offshore,0.9827275155482473
118,9,2030,wind_offshore,0.9775211271613896
118,10,2030,wind_offshore,0.9742533826658948
118,11,2030,wind_offshore,0.9934346386524202
118,12,2030,wind_offshore,0.9986552816301824
118,13,2030,wind_offshore,0.9885851554148203
118,14,2030,wind_offshore,0.9843909921118936
118,15,2030,wind_offshore,0.9805091268336674
118,16,2030,wind_offshore,0.9644894090934106
118,17,2030,wind_offshore,0.9726649922181325
118,18,2030,wind_offshore,0.967305035505388
118,19,2030,wind_offshore,0.9650437676119452
118,20,2030,wind_offshore,0.9659505868039695
118,21,2030,wind_offshore,0.9637987850611296
118,22,2030,wind_offshore,0.95658171462041
118,23,2030,wind_offshore,0.9555928015823261
118,24,2030,wind_offshore,0.9520211936501808
118,1,2030,wind_onshore,0.29013481952162345
118,2,2030,wind_onshore,0.2882273449864847
118,3,2030,wind_onshore,0.2934086504763909
118,4,2030,wind_onshore,0.29161220853562864
118,5,2030,wind_onshore,0.28654116860841716
118,6,2030,wind_onshore,0.2746687570877527
118,7,2030,wind_onshore,0.2705368106483381
118,8,2030,wind_onshore,0.26655920162292035
118,9,2030,wind_onshore,0.28265018739693276
118,10,2030,wind_onshore,0.2833095937359426
118,11,2030,wind_onshore,0.2485286233846448
118,12,2030,wind_onshore,0.26285472938024734
118,13,2030,wind_onshore,0.2806897682325662
118,14,2030,wind_onshore,0.29723591872442057
118,15,2030,wind_onshore,0.314543775603924
118,16,2030,wind_onshore,0.3478346425821745
118,17,2030,wind_onshore,0.3602927843114859
118,18,2030,wind_onshore,0.37852124528721076
118,19,2030,wind_onshore,0.4031578475969242
118,20,2030,wind_onshore,0.40868468765895105
118,21,2030,wind_onshore,0.41173983164942124
118,22,2030,wind_onshore,0.400684027098248
118,23,2030,wind_onshore,0.3500904214744451
118,24,2030,wind_onshore,0.34515368323756357
119,1,2030,demand,0.5148405007793585
119,2,2030,demand,0.5115433131368171
119,3,2030,demand,0.5036538885242792
119,4,2030,demand,0.4982724041498056
119,5,2030,demand,0.5086723349141853
119,6,2030,demand,0.5203488749564151
119,7,2030,demand,0.5510089764592905
119,8,2030,demand,0.5816021370571622
119,9,2030,demand,0.622098182696413
119,10,2030,demand,0.6596156541160207
119,11,2030,demand,0.6898489223281837
119,12,2030,demand,0.7133416623948005
119,13,2030,demand,0.7160425087258598
119,14,2030,demand,0.7070689233487639
119,15,2030,demand,0.6953989588665701
119,16,2030,demand,0.6927067033465022
119,17,2030,demand,0.6931320138746266
119,18,2030,demand,0.6882509445367007
119,19,2030,demand,0.6761803451031423
119,20,2030,demand,0.6798473832854635
119,21,2030,demand,0.6671834765118563
119,22,2030,demand,0.6270448688568008
119,23,2030,demand,0.580682442630726
119,24,2030,demand,0.5722750600570028
119,1,2030,solar,0.0
119,2,2030,solar,0.0
119,3,2030,solar,0.0
119,4,2030,solar,0.0
119,5,2030,solar,0.0
119,6,2030,solar,0.0
119,7,2030,solar,0.002955075332066048
119,8,2030,solar,0.11889225117871394
119,9,2030,solar,0.322120716690983
119,10,2030,solar,0.507940564645142
119,11,2030,solar,0.6208107122090676
119,12,2030,solar,0.6966411980198199
119,13,2030,solar,0.7214217615463706
119,14,2030,solar,0.7017188447530212
119,15,2030,solar,0.6370967103034528
119,16,2030,solar,0.5309673129462336
119,17,2030,solar,0.37875861458590876
119,18,2030,solar,0.19136500790975466
119,19,2030,solar,0.03003253796419677
119,20,2030,solar,0.0
119,21,2030,solar,0.0
119,22,2030,solar,0.0
119,23,2030,solar,0.0
119,24,2030,solar,0.0
119,1,2030,wind_offshore,0.4091334609455257
119,2,2030,wind_offshore,0.363049777633076
119,3,2030,wind_offshore,0.32837071345079344
119,4,2030,wind_offshore,0.2785973638026764
119,5,2030,wind_offshore,0.22182865893763337
119,6,2030,wind_offshore,0.16795038538654528
119,7,2030,wind_offshore,0.12006986589461768
119,8,2030,wind_offshore,0.06523147240123756
119,9,2030,wind_offshore,0.024614356782771962
119,10,2030,wind_offshore,0.0077150442485537495
119,11,2030,wind_offshore,0.0009053272490225936
119,12,2030,wind_offshore,0.0
119,13,2030,wind_offshore,0.0005817435973798093
119,14,2030,wind_offshore,0.016570879037305593
119,15,2030,wind_offshore,0.05469322696286416
119,16,2030,wind_offshore,0.08838600268698486
119,17,2030,wind_offshore,0.1109740433310841
119,18,2030,wind_offshore,0.1303040571239471
119,19,2030,wind_offshore,0.15068856112328233
119,20,2030,wind_offshore,0.15306999574051589
119,21,2030,wind_offshore,0.12336581316449183
119,22,2030,wind_offshore,0.09378669465244577
119,23,2030,wind_offshore,0.03393605625106314
119,24,2030,wind_offshore,0.03599263738379307
119,1,2030,wind_onshore,0.1804310585338712
119,2,2030,wind_onshore,0.18707287436343195
119,3,2030,wind_onshore,0.18121752647833705
119,4,2030,wind_onshore,0.17998187377614477
119,5,2030,wind_onshore,0.1782928246357414
119,6,2030,wind_onshore,0.18633629701957877
119,7,2030,wind_onshore,0.1923218531507655
119,8,2030,wind_onshore,0.17803771953024322
119,9,2030,wind_onshore,0.151305796015191
119,10,2030,wind_onshore,0.16026694815634096
119,11,2030,wind_onshore,0.19086694395555936
119,12,2030,wind_onshore,0.211984768891317
119,13,2030,wind_onshore,0.23648307462249282
119,14,2030,wind_onshore,0.29274005873387976
119,15,2030,wind_onshore,0.34178953699784564
119,16,2030,wind_onshore,0.3636840405618905
119,17,2030,wind_onshore,0.3714591024197245
119,18,2030,wind_onshore,0.36118763425828637
119,19,2030,wind_onshore,0.32627997418057975
119,20,2030,wind_onshore,0.2991427626261779
119,21,2030,wind_onshore,0.27838633750284014
119,22,2030,wind_onshore,0.2548459957875986
119,23,2030,wind_onshore,0.22122089863642908
119,24,2030,wind_onshore,0.21678903740548944
120,1,2030,demand,0.5360235802453516
120,2,2030,demand,0.521656219477368
120,3,2030,demand,0.5126804620902857
120,4,2030,demand,0.501413461517116
120,5,2030,demand,0.503360931342986
120,6,2030,demand,0.5244880477655388
120,7,2030,demand,0.5758583534833182
120,8,2030,demand,0.6350122637918381
120,9,2030,demand,0.6699063784455221
120,10,2030,demand,0.6867765108886659
120,11,2030,demand,0.6856855328640328
120,12,2030,demand,0.6787000530690038
120,13,2030,demand,0.6692511051555303
120,14,2030,demand,0.663935991711256
120,15,2030,demand,0.64309069106968
120,16,2030,demand,0.6371521318777246
120,17,2030,demand,0.6385525913199229
120,18,2030,demand,0.6623848304526888
120,19,2030,demand,0.6915527223974233
120,20,2030,demand,0.7153882568950491
120,21,2030,demand,0.72127482784457
120,22,2030,demand,0.6753786574483607
120,23,2030,demand,0.6153338885806043
120,24,2030,demand,0.5839438532646095
120,1,2030,solar,0.0
120,2,2030,solar,0.0
120,3,2030,solar,0.0
120,4,2030,solar,0.0
120,5,2030,solar,0.0
120,6,2030,solar,0.0
120,7,2030,solar,0.0
120,8,2030,solar,0.004100586054475499
120,9,2030,solar,0.19781265112454732
120,10,2030,solar,0.4358581930634722
120,11,2030,solar,0.6275796290057809
120,12,2030,solar,0.7469946194820156
120,13,2030,solar,0.7993350458455684
120,14,2030,solar,0.7797958318701685
120,15,2030,solar,0.6935045964151877
120,16,2030,solar,0.560708046419226
120,17,2030,solar,0.38123181992838184
120,18,2030,solar,0.16430624396224608
120,19,2030,solar,4.865852099929502e-6
120,20,2030,solar,0.0
120,21,2030,solar,0.0
120,22,2030,solar,0.0
120,23,2030,solar,0.0
120,24,2030,solar,0.0
120,1,2030,wind_offshore,0.9537997825159753
120,2,2030,wind_offshore,0.8993597097375374
120,3,2030,wind_offshore,0.8773492033944807
120,4,2030,wind_offshore,0.8835113428027616
120,5,2030,wind_offshore,0.8886500089152642
120,6,2030,wind_offshore,0.7983460030716292
120,7,2030,wind_offshore,0.7119559401623584
120,8,2030,wind_offshore,0.6205550900227166
120,9,2030,wind_offshore,0.5219337407134128
120,10,2030,wind_offshore,0.4310927868231768
120,11,2030,wind_offshore,0.22579116680618094
120,12,2030,wind_offshore,0.142743270206316
120,13,2030,wind_offshore,0.12198222416266519
120,14,2030,wind_offshore,0.13439491135748555
120,15,2030,wind_offshore,0.1216643827570584
120,16,2030,wind_offshore,0.09929159785176467
120,17,2030,wind_offshore,0.09066384468080792
120,18,2030,wind_offshore,0.08443809885301495
120,19,2030,wind_offshore,0.07006394556671768
120,20,2030,wind_offshore,0.06680969703358998
120,21,2030,wind_offshore,0.0688726120811062
120,22,2030,wind_offshore,0.06590317178316804
120,23,2030,wind_offshore,0.03013399315645198
120,24,2030,wind_offshore,0.033251890017010406
120,1,2030,wind_onshore,0.5492154809097886
120,2,2030,wind_onshore,0.5386192405875916
120,3,2030,wind_onshore,0.515062267753845
120,4,2030,wind_onshore,0.5133905583917857
120,5,2030,wind_onshore,0.512641260274362
120,6,2030,wind_onshore,0.49324970848376226
120,7,2030,wind_onshore,0.47917280351960756
120,8,2030,wind_onshore,0.47227081473290033
120,9,2030,wind_onshore,0.44921062681860674
120,10,2030,wind_onshore,0.4700071591359528
120,11,2030,wind_onshore,0.5252237551854754
120,12,2030,wind_onshore,0.5707613881712279
120,13,2030,wind_onshore,0.5687445028389507
120,14,2030,wind_onshore,0.5606829413447696
120,15,2030,wind_onshore,0.5628363195765347
120,16,2030,wind_onshore,0.5576985739582311
120,17,2030,wind_onshore,0.5308704346891469
120,18,2030,wind_onshore,0.48667553417900833
120,19,2030,wind_onshore,0.4438937716498529
120,20,2030,wind_onshore,0.4504407453233852
120,21,2030,wind_onshore,0.4615019641525097
120,22,2030,wind_onshore,0.4425066229774577
120,23,2030,wind_onshore,0.3822761933646472
120,24,2030,wind_onshore,0.3857752064178422
121,1,2030,demand,0.46867224050427386
121,2,2030,demand,0.45852921517858064
121,3,2030,demand,0.4542032052474479
121,4,2030,demand,0.4473947289112623
121,5,2030,demand,0.4552482722543064
121,6,2030,demand,0.4777748129833175
121,7,2030,demand,0.5200803939211205
121,8,2030,demand,0.5645724239950719
121,9,2030,demand,0.5976283147065783
121,10,2030,demand,0.6188961142210233
121,11,2030,demand,0.6317402778193209
121,12,2030,demand,0.6294774587088472
121,13,2030,demand,0.633687869300606
121,14,2030,demand,0.6177142702129648
121,15,2030,demand,0.6087043300847951
121,16,2030,demand,0.5905596064789536
121,17,2030,demand,0.5898385452374328
121,18,2030,demand,0.6005249152375776
121,19,2030,demand,0.6256285104150516
121,20,2030,demand,0.63626835236569
121,21,2030,demand,0.6344059824514486
121,22,2030,demand,0.5906762685882078
121,23,2030,demand,0.5445203926329348
121,24,2030,demand,0.527544321841078
121,1,2030,solar,0.0
121,2,2030,solar,0.0
121,3,2030,solar,0.0
121,4,2030,solar,0.0
121,5,2030,solar,0.0
121,6,2030,solar,0.0
121,7,2030,solar,0.0
121,8,2030,solar,0.0
121,9,2030,solar,0.09078081705936214
121,10,2030,solar,0.2265208697613908
121,11,2030,solar,0.3435731131211674
121,12,2030,solar,0.41544383305102967
121,13,2030,solar,0.4425620880250657
121,14,2030,solar,0.41444745705488123
121,15,2030,solar,0.3346326317478566
121,16,2030,solar,0.2202515302194994
121,17,2030,solar,0.08960191344899537
121,18,2030,solar,0.0
121,19,2030,solar,0.0
121,20,2030,solar,0.0
121,21,2030,solar,0.0
121,22,2030,solar,0.0
121,23,2030,solar,0.0
121,24,2030,solar,0.0
121,1,2030,wind_offshore,0.3873917140592969
121,2,2030,wind_offshore,0.48055906746744503
121,3,2030,wind_offshore,0.48315227658255444
121,4,2030,wind_offshore,0.4121313293248917
121,5,2030,wind_offshore,0.42102103912890765
121,6,2030,wind_offshore,0.45341007600126954
121,7,2030,wind_offshore,0.4718138864383362
121,8,2030,wind_offshore,0.4716037953381277
121,9,2030,wind_offshore,0.4843324607204112
121,10,2030,wind_offshore,0.49609548256653013
121,11,2030,wind_offshore,0.5690953636731769
121,12,2030,wind_offshore,0.4994107428473522
121,13,2030,wind_offshore,0.41961045446156264
121,14,2030,wind_offshore,0.45225248936729484
121,15,2030,wind_offshore,0.58769823387122
121,16,2030,wind_offshore,0.7972000589238626
121,17,2030,wind_offshore,0.926651211750753
121,18,2030,wind_offshore,0.9570653964569924
121,19,2030,wind_offshore,0.939977611936566
121,20,2030,wind_offshore,0.8923820278609144
121,21,2030,wind_offshore,0.8563791777956637
121,22,2030,wind_offshore,0.8300376085011061
121,23,2030,wind_offshore,0.8148431112501491
121,24,2030,wind_offshore,0.8442942066044544
121,1,2030,wind_onshore,0.2362429849363727
121,2,2030,wind_onshore,0.23339470088703454
121,3,2030,wind_onshore,0.2185031162422454
121,4,2030,wind_onshore,0.21350227698895563
121,5,2030,wind_onshore,0.20130768458803464
121,6,2030,wind_onshore,0.18486704143053975
121,7,2030,wind_onshore,0.1675267736947793
121,8,2030,wind_onshore,0.14324926069823996
121,9,2030,wind_onshore,0.1283838180622357
121,10,2030,wind_onshore,0.11083548374847801
121,11,2030,wind_onshore,0.11682066769917676
121,12,2030,wind_onshore,0.1221679444059339
121,13,2030,wind_onshore,0.12602049988566683
121,14,2030,wind_onshore,0.13234870833749218
121,15,2030,wind_onshore,0.1387793749010155
121,16,2030,wind_onshore,0.1371403334148057
121,17,2030,wind_onshore,0.1318506950363354
121,18,2030,wind_onshore,0.15137516557243494
121,19,2030,wind_onshore,0.17008824527455216
121,20,2030,wind_onshore,0.17952641789810636
121,21,2030,wind_onshore,0.18768703851371704
121,22,2030,wind_onshore,0.19177644679410194
121,23,2030,wind_onshore,0.1888037087991731
121,24,2030,wind_onshore,0.18399687923262664
122,1,2030,demand,0.47073699540088343
122,2,2030,demand,0.45528752405934203
122,3,2030,demand,0.4418115282967653
122,4,2030,demand,0.4285490354365853
122,5,2030,demand,0.41779647709178785
122,6,2030,demand,0.4055353634034647
122,7,2030,demand,0.4083693438640209
122,8,2030,demand,0.43180380924351625
122,9,2030,demand,0.4611235006070796
122,10,2030,demand,0.4911752495706714
122,11,2030,demand,0.5041151312541828
122,12,2030,demand,0.5122978452187128
122,13,2030,demand,0.5149266564286521
122,14,2030,demand,0.513855615267122
122,15,2030,demand,0.504879638839901
122,16,2030,demand,0.49749083697446816
122,17,2030,demand,0.5023389546908734
122,18,2030,demand,0.5138224481586536
122,19,2030,demand,0.5404835245783401
122,20,2030,demand,0.5585422512320155
122,21,2030,demand,0.5640646852183535
122,22,2030,demand,0.5504984006857596
122,23,2030,demand,0.5198397061792174
122,24,2030,demand,0.5121768096893513
122,1,2030,solar,0.0
122,2,2030,solar,0.0
122,3,2030,solar,0.0
122,4,2030,solar,0.0
122,5,2030,solar,0.0
122,6,2030,solar,0.0
122,7,2030,solar,0.0
122,8,2030,solar,0.017795039924525705
122,9,2030,solar,0.16960318474202316
122,10,2030,solar,0.33563100580961025
122,11,2030,solar,0.4640927909430442
122,12,2030,solar,0.541498069632607
122,13,2030,solar,0.5530676350238393
122,14,2030,solar,0.5209484683267831
122,15,2030,solar,0.42520762752644115
122,16,2030,solar,0.28448755989978886
122,17,2030,solar,0.13482343558534943
122,18,2030,solar,0.008447144650689927
122,19,2030,solar,0.0
122,20,2030,solar,0.0
122,21,2030,solar,0.0
122,22,2030,solar,0.0
122,23,2030,solar,0.0
122,24,2030,solar,0.0
122,1,2030,wind_offshore,0.8217148294755511
122,2,2030,wind_offshore,0.8770242260027334
122,3,2030,wind_offshore,0.8972119149199806
122,4,2030,wind_offshore,0.870071018986607
122,5,2030,wind_offshore,0.8825851333929484
122,6,2030,wind_offshore,0.8595097844501335
122,7,2030,wind_offshore,0.7388841546936675
122,8,2030,wind_offshore,0.6429957226825234
122,9,2030,wind_offshore,0.4659111364143672
122,10,2030,wind_offshore,0.4310650300610875
122,11,2030,wind_offshore,0.44371442304897357
122,12,2030,wind_offshore,0.4373131014486542
122,13,2030,wind_offshore,0.5525769213632518
122,14,2030,wind_offshore,0.7042733397010854
122,15,2030,wind_offshore,0.7300358026887943
122,16,2030,wind_offshore,0.7424398593207078
122,17,2030,wind_offshore,0.7389530727197846
122,18,2030,wind_offshore,0.7220162431404025
122,19,2030,wind_offshore,0.7135469973529154
122,20,2030,wind_offshore,0.6749350257947062
122,21,2030,wind_offshore,0.6389248291933154
122,22,2030,wind_offshore,0.6354116415429217
122,23,2030,wind_offshore,0.5761394511084494
122,24,2030,wind_offshore,0.5660705840827758
122,1,2030,wind_onshore,0.1982658676889207
122,2,2030,wind_onshore,0.193189462957353
122,3,2030,wind_onshore,0.18225546339655396
122,4,2030,wind_onshore,0.1772739268691651
122,5,2030,wind_onshore,0.17295074059159632
122,6,2030,wind_onshore,0.1763004044517471
122,7,2030,wind_onshore,0.17679027338930273
122,8,2030,wind_onshore,0.1728220565257202
122,9,2030,wind_onshore,0.16880482206220046
122,10,2030,wind_onshore,0.14921976018681093
122,11,2030,wind_onshore,0.13624664048746316
122,12,2030,wind_onshore,0.13310733072767356
122,13,2030,wind_onshore,0.14037898574422053
122,14,2030,wind_onshore,0.16242071539362052
122,15,2030,wind_onshore,0.188605726663085
122,16,2030,wind_onshore,0.20331803646973154
122,17,2030,wind_onshore,0.17403085303407315
122,18,2030,wind_onshore,0.1485884704072274
122,19,2030,wind_onshore,0.1461299852406249
122,20,2030,wind_onshore,0.151982850601789
122,21,2030,wind_onshore,0.1631379805776927
122,22,2030,wind_onshore,0.16330430757009926
122,23,2030,wind_onshore,0.17414891542501926
122,24,2030,wind_onshore,0.1935605065370623
123,1,2030,demand,0.508809523876582
123,2,2030,demand,0.49797267015153435
123,3,2030,demand,0.4858275521803593
123,4,2030,demand,0.4755932106118865
123,5,2030,demand,0.482293451242358
123,6,2030,demand,0.5117919886658159
123,7,2030,demand,0.5585188315001179
123,8,2030,demand,0.6123980028429425
123,9,2030,demand,0.6448175549629045
123,10,2030,demand,0.6590168870851508
123,11,2030,demand,0.6613779964467978
123,12,2030,demand,0.6596006055241624
123,13,2030,demand,0.6470510628948386
123,14,2030,demand,0.6347188001164766
123,15,2030,demand,0.6199218481723945
123,16,2030,demand,0.6117343668893747
123,17,2030,demand,0.6152116191672375
123,18,2030,demand,0.6323309392271197
123,19,2030,demand,0.6583076923539937
123,20,2030,demand,0.6845659982847907
123,21,2030,demand,0.6785148919102382
123,22,2030,demand,0.6348415270332619
123,23,2030,demand,0.5837584991123276
123,24,2030,demand,0.5564527920009259
123,1,2030,solar,0.0
123,2,2030,solar,0.0
123,3,2030,solar,0.0
123,4,2030,solar,0.0
123,5,2030,solar,0.0
123,6,2030,solar,0.0
123,7,2030,solar,0.0
123,8,2030,solar,0.0
123,9,2030,solar,0.07042417958223457
123,10,2030,solar,0.21190183137178967
123,11,2030,solar,0.347096354870706
123,12,2030,solar,0.44667318461717676
123,13,2030,solar,0.5066618627888065
123,14,2030,solar,0.5130721757372199
123,15,2030,solar,0.45391782643564527
123,16,2030,solar,0.34268733271788365
123,17,2030,solar,0.18799607552419714
123,18,2030,solar,0.043837229231907096
123,19,2030,solar,0.0
123,20,2030,solar,0.0
123,21,2030,solar,0.0
123,22,2030,solar,0.0
123,23,2030,solar,0.0
123,24,2030,solar,0.0
123,1,2030,wind_offshore,0.29904784157214714
123,2,2030,wind_offshore,0.3716842921437329
123,3,2030,wind_offshore,0.4493087368269633
123,4,2030,wind_offshore,0.5557289983878604
123,5,2030,wind_offshore,0.6461117132985652
123,6,2030,wind_offshore,0.7209796843701582
123,7,2030,wind_offshore,0.7817266096903105
123,8,2030,wind_offshore,0.8497137235970884
123,9,2030,wind_offshore,0.90175338273654
123,10,2030,wind_offshore,0.9319707862217164
123,11,2030,wind_offshore,0.9554146106041226
123,12,2030,wind_offshore,0.9602645892882804
123,13,2030,wind_offshore,0.9491564011149516
123,14,2030,wind_offshore,0.9443332335118494
123,15,2030,wind_offshore,0.9550919251879355
123,16,2030,wind_offshore,0.9549897477206701
123,17,2030,wind_offshore,0.9500997665964452
123,18,2030,wind_offshore,0.9456469314383816
123,19,2030,wind_offshore,0.9446360521704139
123,20,2030,wind_offshore,0.9419963124202845
123,21,2030,wind_offshore,0.9444544173607439
123,22,2030,wind_offshore,0.9433657786160667
123,23,2030,wind_offshore,0.9367448603084777
123,24,2030,wind_offshore,0.9542733033023446
123,1,2030,wind_onshore,0.19205560287286313
123,2,2030,wind_onshore,0.18174735936714786
123,3,2030,wind_onshore,0.17112292951891972
123,4,2030,wind_onshore,0.1620376405794156
123,5,2030,wind_onshore,0.1548338769010612
123,6,2030,wind_onshore,0.142608242708534
123,7,2030,wind_onshore,0.13549490062970285
123,8,2030,wind_onshore,0.13317017926323987
123,9,2030,wind_onshore,0.13386914044427944
123,10,2030,wind_onshore,0.12993479396220647
123,11,2030,wind_onshore,0.10984277539761506
123,12,2030,wind_onshore,0.09905584862948592
123,13,2030,wind_onshore,0.11472251031593067
123,14,2030,wind_onshore,0.13086188653783398
123,15,2030,wind_onshore,0.14206377204001186
123,16,2030,wind_onshore,0.1474338210851281
123,17,2030,wind_onshore,0.14794329245803037
123,18,2030,wind_onshore,0.17386416997215248
123,19,2030,wind_onshore,0.19703957113801435
123,20,2030,wind_onshore,0.21722949463493668
123,21,2030,wind_onshore,0.22901682011972474
123,22,2030,wind_onshore,0.23534317036155247
123,23,2030,wind_onshore,0.25117388048827355
123,24,2030,wind_onshore,0.2595775863912858
124,1,2030,demand,0.480680541134204
124,2,2030,demand,0.4666940289059932
124,3,2030,demand,0.4598207505012126
124,4,2030,demand,0.4498925056277008
124,5,2030,demand,0.44198410069519767
124,6,2030,demand,0.44523615577411035
124,7,2030,demand,0.458560616917722
124,8,2030,demand,0.4860758150875294
124,9,2030,demand,0.5108719133558866
124,10,2030,demand,0.53360298207503
124,11,2030,demand,0.5425198429094915
124,12,2030,demand,0.5345505682247182
124,13,2030,demand,0.5288434562047621
124,14,2030,demand,0.5141684874882593
124,15,2030,demand,0.4967848579454757
124,16,2030,demand,0.49364262459016284
124,17,2030,demand,0.4899110232714165
124,18,2030,demand,0.5079917631869233
124,19,2030,demand,0.5338512634858825
124,20,2030,demand,0.5669781308543745
124,21,2030,demand,0.5705691716781982
124,22,2030,demand,0.5451943423376816
124,23,2030,demand,0.5084636439363966
124,24,2030,demand,0.5001755202961383
124,1,2030,solar,0.0
124,2,2030,solar,0.0
124,3,2030,solar,0.0
124,4,2030,solar,0.0
124,5,2030,solar,0.0
124,6,2030,solar,0.0
124,7,2030,solar,0.0005696223787687261
124,8,2030,solar,0.10899346460015691
124,9,2030,solar,0.3484814355989163
124,10,2030,solar,0.566174292963197
124,11,2030,solar,0.7045683029517176
124,12,2030,solar,0.8013408563968147
124,13,2030,solar,0.8435537152173777
124,14,2030,solar,0.8321360608031458
124,15,2030,solar,0.760481356776924
124,16,2030,solar,0.6397397685889906
124,17,2030,solar,0.4664471995009899
124,18,2030,solar,0.23877687257638144
124,19,2030,solar,0.036590196526695165
124,20,2030,solar,0.0
124,21,2030,solar,0.0
124,22,2030,solar,0.0
124,23,2030,solar,0.0
124,24,2030,solar,0.0
124,1,2030,wind_offshore,0.9603351644337301
124,2,2030,wind_offshore,0.9595343063209997
124,3,2030,wind_offshore,0.9641306917100885
124,4,2030,wind_offshore,0.9698524519136702
124,5,2030,wind_offshore,0.9731977959600827
124,6,2030,wind_offshore,0.9570495204452386
124,7,2030,wind_offshore,0.9047476519537071
124,8,2030,wind_offshore,0.8307509423273107
124,9,2030,wind_offshore,0.7414284136259282
124,10,2030,wind_offshore,0.6153110069231067
124,11,2030,wind_offshore,0.44666996368469214
124,12,2030,wind_offshore,0.2504112694431258
124,13,2030,wind_offshore,0.1244362996775133
124,14,2030,wind_offshore,0.06876152890317756
124,15,2030,wind_offshore,0.051182275885891554
124,16,2030,wind_offshore,0.04556521443929229
124,17,2030,wind_offshore,0.031841402651546544
124,18,2030,wind_offshore,0.013001352016472291
124,19,2030,wind_offshore,0.0037372969012642483
124,20,2030,wind_offshore,0.0015660972195256737
124,21,2030,wind_offshore,0.002440435786364448
124,22,2030,wind_offshore,0.002451920193003721
124,23,2030,wind_offshore,0.0016847212692943684
124,24,2030,wind_offshore,0.005675061570040161
124,1,2030,wind_onshore,0.2564071849821179
124,2,2030,wind_onshore,0.23915057588411973
124,3,2030,wind_onshore,0.2198354797097194
124,4,2030,wind_onshore,0.20574271118552684
124,5,2030,wind_onshore,0.19709737797332721
124,6,2030,wind_onshore,0.1864141387877365
124,7,2030,wind_onshore,0.17866562437590022
124,8,2030,wind_onshore,0.17144518630351605
124,9,2030,wind_onshore,0.13309911403916785
124,10,2030,wind_onshore,0.13846680423818192
124,11,2030,wind_onshore,0.1490107375884086
124,12,2030,wind_onshore,0.1609585862181235
124,13,2030,wind_onshore,0.17177243888154015
124,14,2030,wind_onshore,0.1822704161842013
124,15,2030,wind_onshore,0.18446241926740511
124,16,2030,wind_onshore,0.18605461837758802
124,17,2030,wind_onshore,0.19358913760168361
124,18,2030,wind_onshore,0.19956531395731436
124,19,2030,wind_onshore,0.19053395814254503
124,20,2030,wind_onshore,0.20141114321028547
124,21,2030,wind_onshore,0.19003693780151865
124,22,2030,wind_onshore,0.1790429194908353
124,23,2030,wind_onshore,0.1780405839345676
124,24,2030,wind_onshore,0.16738513901452434
125,1,2030,demand,0.5529027358755682
125,2,2030,demand,0.5407820619575241
125,3,2030,demand,0.5302642744618653
125,4,2030,demand,0.5181862997462636
125,5,2030,demand,0.5360817371287133
125,6,2030,demand,0.5623840257013277
125,7,2030,demand,0.5856965009083348
125,8,2030,demand,0.6201926073441346
125,9,2030,demand,0.6780535095258122
125,10,2030,demand,0.7217905842463386
125,11,2030,demand,0.7667224001782404
125,12,2030,demand,0.7951897254949996
125,13,2030,demand,0.8007929694607967
125,14,2030,demand,0.7854839044752335
125,15,2030,demand,0.7900354511959207
125,16,2030,demand,0.7926965549355339
125,17,2030,demand,0.7837890185429278
125,18,2030,demand,0.7778433165444296
125,19,2030,demand,0.7511842051064466
125,20,2030,demand,0.738212882447812
125,21,2030,demand,0.7193984580467027
125,22,2030,demand,0.6830717866315994
125,23,2030,demand,0.6344143753265257
125,24,2030,demand,0.6248736137341765
125,1,2030,solar,0.0
125,2,2030,solar,0.0
125,3,2030,solar,0.0
125,4,2030,solar,0.0
125,5,2030,solar,0.0
125,6,2030,solar,0.0
125,7,2030,solar,0.012622412419744516
125,8,2030,solar,0.12665571563171535
125,9,2030,solar,0.29506812468185006
125,10,2030,solar,0.44066302087756104
125,11,2030,solar,0.5381847877936944
125,12,2030,solar,0.5938808983471071
125,13,2030,solar,0.6032785967316598
125,14,2030,solar,0.5832077800997044
125,15,2030,solar,0.5237847698080126
125,16,2030,solar,0.4308710896334993
125,17,2030,solar,0.31530916511560825
125,18,2030,solar,0.1855971818817828
125,19,2030,solar,0.0686699852624915
125,20,2030,solar,0.0007814521168878814
125,21,2030,solar,0.0
125,22,2030,solar,0.0
125,23,2030,solar,0.0
125,24,2030,solar,0.0
125,1,2030,wind_offshore,0.8798054094548847
125,2,2030,wind_offshore,0.8859286207310018
125,3,2030,wind_offshore,0.9021443223757148
125,4,2030,wind_offshore,0.8976588670457001
125,5,2030,wind_offshore,0.8420847907519278
125,6,2030,wind_offshore,0.7479953598374581
125,7,2030,wind_offshore,0.6039172314970542
125,8,2030,wind_offshore,0.44834315758671356
125,9,2030,wind_offshore,0.37852144890241285
125,10,2030,wind_offshore,0.37296591467098444
125,11,2030,wind_offshore,0.36936539221948594
125,12,2030,wind_offshore,0.2945966268687029
125,13,2030,wind_offshore,0.1637791526394995
125,14,2030,wind_offshore,0.07256671849299802
125,15,2030,wind_offshore,0.01967287334370411
125,16,2030,wind_offshore,0.0068953509397753346
125,17,2030,wind_offshore,0.005722381325566591
125,18,2030,wind_offshore,0.0034690179047056394
125,19,2030,wind_offshore,0.00018164232421291566
125,20,2030,wind_offshore,0.0
125,21,2030,wind_offshore,3.906522074644058e-5
125,22,2030,wind_offshore,0.00279093385576684
125,23,2030,wind_offshore,0.026152280255203508
125,24,2030,wind_offshore,0.08117906238748614
125,1,2030,wind_onshore,0.16718550071638366
125,2,2030,wind_onshore,0.1689209048979332
125,3,2030,wind_onshore,0.1960024093264764
125,4,2030,wind_onshore,0.18136213483202204
125,5,2030,wind_onshore,0.16188970353099577
125,6,2030,wind_onshore,0.12206397439582262
125,7,2030,wind_onshore,0.10741511239559906
125,8,2030,wind_onshore,0.11266087233893818
125,9,2030,wind_onshore,0.09716881858764394
125,10,2030,wind_onshore,0.10332816918448359
125,11,2030,wind_onshore,0.12725758076082094
125,12,2030,wind_onshore,0.13128343719744973
125,13,2030,wind_onshore,0.12390846738414904
125,14,2030,wind_onshore,0.11493209420753142
125,15,2030,wind_onshore,0.11823158399400126
125,16,2030,wind_onshore,0.11797123163272835
125,17,2030,wind_onshore,0.12394618583491321
125,18,2030,wind_onshore,0.13478108590729748
125,19,2030,wind_onshore,0.12296090759719686
125,20,2030,wind_onshore,0.09392907418636964
125,21,2030,wind_onshore,0.07215972760033143
125,22,2030,wind_onshore,0.060439293214788165
125,23,2030,wind_onshore,0.03467736335811219
125,24,2030,wind_onshore,0.03137005871621219
126,1,2030,demand,0.5326123070355716
126,2,2030,demand,0.5136839735880863
126,3,2030,demand,0.5052398411151504
126,4,2030,demand,0.4978669784684292
126,5,2030,demand,0.5086029273622579
126,6,2030,demand,0.5369957780000716
126,7,2030,demand,0.5833418465708958
126,8,2030,demand,0.6353383938504586
126,9,2030,demand,0.6698953106577199
126,10,2030,demand,0.6926368450607516
126,11,2030,demand,0.693851245218843
126,12,2030,demand,0.6929874117429995
126,13,2030,demand,0.6863745458976582
126,14,2030,demand,0.6665976354910308
126,15,2030,demand,0.6556300528166131
126,16,2030,demand,0.6487533480209415
126,17,2030,demand,0.6475334733915594
126,18,2030,demand,0.6592266285734165
126,19,2030,demand,0.694376607116307
126,20,2030,demand,0.7157517549389885
126,21,2030,demand,0.7058238498353193
126,22,2030,demand,0.6615457340797168
126,23,2030,demand,0.6002608610832638
126,24,2030,demand,0.582996962417367
126,1,2030,solar,0.0
126,2,2030,solar,0.0
126,3,2030,solar,0.0
126,4,2030,solar,0.0
126,5,2030,solar,0.0
126,6,2030,solar,0.0
126,7,2030,solar,0.0
126,8,2030,solar,0.0
126,9,2030,solar,0.028995935217509726
126,10,2030,solar,0.10108056520153302
126,11,2030,solar,0.1607530431966927
126,12,2030,solar,0.19835016839535907
126,13,2030,solar,0.22256477581936143
126,14,2030,solar,0.22195225464575158
126,15,2030,solar,0.17581517193178753
126,16,2030,solar,0.10527097119704051
126,17,2030,solar,0.04008415575595932
126,18,2030,solar,0.0
126,19,2030,solar,0.0
126,20,2030,solar,0.0
126,21,2030,solar,0.0
126,22,2030,solar,0.0
126,23,2030,solar,0.0
126,24,2030,solar,0.0
126,1,2030,wind_offshore,0.9133566206208489
126,2,2030,wind_offshore,0.8468606018746955
126,3,2030,wind_offshore,0.7857692522340496
126,4,2030,wind_offshore,0.7220220130063584
126,5,2030,wind_offshore,0.6482807344508075
126,6,2030,wind_offshore,0.544660302492
126,7,2030,wind_offshore,0.44385377317846375
126,8,2030,wind_offshore,0.3655643374135814
126,9,2030,wind_offshore,0.30124127359545977
126,10,2030,wind_offshore,0.24858610737213765
126,11,2030,wind_offshore,0.163937661455493
126,12,2030,wind_offshore,0.1355263391237344
126,13,2030,wind_offshore,0.10238135691281501
126,14,2030,wind_offshore,0.06863830769594495
126,15,2030,wind_offshore,0.04241135901949676
126,16,2030,wind_offshore,0.033970709840383986
126,17,2030,wind_offshore,0.03366574162399182
126,18,2030,wind_offshore,0.029916416492943996
126,19,2030,wind_offshore,0.02716732268446884
126,20,2030,wind_offshore,0.03294857608544495
126,21,2030,wind_offshore,0.03879933614812853
126,22,2030,wind_offshore,0.04569826176744976
126,23,2030,wind_offshore,0.1044569675422067
126,24,2030,wind_offshore,0.12301917273191387
126,1,2030,wind_onshore,0.21392739774892555
126,2,2030,wind_onshore,0.2104576632089163
126,3,2030,wind_onshore,0.20428992147912933
126,4,2030,wind_onshore,0.1974029524037467
126,5,2030,wind_onshore,0.18988060179554642
126,6,2030,wind_onshore,0.18336624077295183
126,7,2030,wind_onshore,0.17518751061344184
126,8,2030,wind_onshore,0.17248549682183095
126,9,2030,wind_onshore,0.16415176636148726
126,10,2030,wind_onshore,0.15596396129580847
126,11,2030,wind_onshore,0.12555146893342706
126,12,2030,wind_onshore,0.10309373784657822
126,13,2030,wind_onshore,0.10346025812174403
126,14,2030,wind_onshore,0.10634100978900074
126,15,2030,wind_onshore,0.10542791225771797
126,16,2030,wind_onshore,0.09543395711061128
126,17,2030,wind_onshore,0.09412640716339746
126,18,2030,wind_onshore,0.10001328222265873
126,19,2030,wind_onshore,0.09687678661426563
126,20,2030,wind_onshore,0.09852308079409523
126,21,2030,wind_onshore,0.10723683071751916
126,22,2030,wind_onshore,0.11740682103326934
126,23,2030,wind_onshore,0.14806255959183148
126,24,2030,wind_onshore,0.14738435989306212
127,1,2030,demand,0.5082635049526781
127,2,2030,demand,0.4849468401163039
127,3,2030,demand,0.46835683498981584
127,4,2030,demand,0.4509959176756325
127,5,2030,demand,0.44238811674710987
127,6,2030,demand,0.42761909696780576
127,7,2030,demand,0.4313794059335234
127,8,2030,demand,0.4596851676791063
127,9,2030,demand,0.4982076340763799
127,10,2030,demand,0.5287968385183375
127,11,2030,demand,0.546332833919325
127,12,2030,demand,0.547810041612001
127,13,2030,demand,0.549312848201283
127,14,2030,demand,0.537999745983853
127,15,2030,demand,0.5111964299758108
127,16,2030,demand,0.4972127661581699
127,17,2030,demand,0.49921097863735864
127,18,2030,demand,0.5174695921767232
127,19,2030,demand,0.5408647356163616
127,20,2030,demand,0.5703250893726421
127,21,2030,demand,0.5906762330004862
127,22,2030,demand,0.5748934536398995
127,23,2030,demand,0.5321507292050893
127,24,2030,demand,0.5191871955854399
127,1,2030,solar,0.0
127,2,2030,solar,0.0
127,3,2030,solar,0.0
127,4,2030,solar,0.0
127,5,2030,solar,0.0
127,6,2030,solar,0.0
127,7,2030,solar,0.0
127,8,2030,solar,0.015967492422402745
127,9,2030,solar,0.19000917240610932
127,10,2030,solar,0.3995777597025283
127,11,2030,solar,0.5249874459242172
127,12,2030,solar,0.595846680594626
127,13,2030,solar,0.603781176357492
127,14,2030,solar,0.5815703048970141
127,15,2030,solar,0.5187443265940566
127,16,2030,solar,0.40372625643901644
127,17,2030,solar,0.24798081441933006
127,18,2030,solar,0.10192697460405048
127,19,2030,solar,2.321186792153412e-5
127,20,2030,solar,0.0
127,21,2030,solar,0.0
127,22,2030,solar,0.0
127,23,2030,solar,0.0
127,24,2030,solar,0.0
127,1,2030,wind_offshore,0.7294401926533898
127,2,2030,wind_offshore,0.6748078742100794
127,3,2030,wind_offshore,0.6187522121100395
127,4,2030,wind_offshore,0.49559470218350865
127,5,2030,wind_offshore,0.4598199264662962
127,6,2030,wind_offshore,0.4351701367830048
127,7,2030,wind_offshore,0.3874592226660766
127,8,2030,wind_offshore,0.30829091267122555
127,9,2030,wind_offshore,0.24294637318547851
127,10,2030,wind_offshore,0.23583238102507204
127,11,2030,wind_offshore,0.16547065689632004
127,12,2030,wind_offshore,0.3028235949400555
127,13,2030,wind_offshore,0.5517029134419241
127,14,2030,wind_offshore,0.8288746353043408
127,15,2030,wind_offshore,0.9320555316409629
127,16,2030,wind_offshore,0.9355139646985255
127,17,2030,wind_offshore,0.940536201904216
127,18,2030,wind_offshore,0.9016373581550823
127,19,2030,wind_offshore,0.9055555095224277
127,20,2030,wind_offshore,0.9238376289367954
127,21,2030,wind_offshore,0.9208390291744101
127,22,2030,wind_offshore,0.9222903319445432
127,23,2030,wind_offshore,0.9234313189580062
127,24,2030,wind_offshore,0.9285584288328075
127,1,2030,wind_onshore,0.655634451539991
127,2,2030,wind_onshore,0.6462829865529496
127,3,2030,wind_onshore,0.633331454196624
127,4,2030,wind_onshore,0.6249402218340291
127,5,2030,wind_onshore,0.6214934148166349
127,6,2030,wind_onshore,0.6022532365378377
127,7,2030,wind_onshore,0.5742735179597813
127,8,2030,wind_onshore,0.5434326901605759
127,9,2030,wind_onshore,0.5006810587476239
127,10,2030,wind_onshore,0.5070490329554087
127,11,2030,wind_onshore,0.5625551806333826
127,12,2030,wind_onshore,0.6130266676779108
127,13,2030,wind_onshore,0.641303808291196
127,14,2030,wind_onshore,0.6567179329752275
127,15,2030,wind_onshore,0.6868416347765895
127,16,2030,wind_onshore,0.7070166979278301
127,17,2030,wind_onshore,0.7195027395185415
127,18,2030,wind_onshore,0.6723419257219911
127,19,2030,wind_onshore,0.6071112214182782
127,20,2030,wind_onshore,0.5706983837064037
127,21,2030,wind_onshore,0.5763279005040789
127,22,2030,wind_onshore,0.5815253764413005
127,23,2030,wind_onshore,0.6196914174174721
127,24,2030,wind_onshore,0.6383872678670415
128,1,2030,demand,0.5189687495065302
128,2,2030,demand,0.5048219121717517
128,3,2030,demand,0.4929880835905369
128,4,2030,demand,0.4841307568427385
128,5,2030,demand,0.48742320026490243
128,6,2030,demand,0.5196529550544167
128,7,2030,demand,0.5728715983578371
128,8,2030,demand,0.6239673144682865
128,9,2030,demand,0.6602420236587192
128,10,2030,demand,0.6887972917514191
128,11,2030,demand,0.7044935090792146
128,12,2030,demand,0.7018116132532033
128,13,2030,demand,0.6903697503695096
128,14,2030,demand,0.674532015471359
128,15,2030,demand,0.656463665193212
128,16,2030,demand,0.6425583628485578
128,17,2030,demand,0.6387443732511984
128,18,2030,demand,0.6580295969527113
128,19,2030,demand,0.683602273494295
128,20,2030,demand,0.7132471217317975
128,21,2030,demand,0.7049901700727028
128,22,2030,demand,0.6528857377526098
128,23,2030,demand,0.5997319926897684
128,24,2030,demand,0.5694265194914672
128,1,2030,solar,0.0
128,2,2030,solar,0.0
128,3,2030,solar,0.0
128,4,2030,solar,0.0
128,5,2030,solar,0.0
128,6,2030,solar,0.0
128,7,2030,solar,0.0
128,8,2030,solar,0.0
128,9,2030,solar,0.06542385664438441
128,10,2030,solar,0.24863935788010272
128,11,2030,solar,0.395073939817163
128,12,2030,solar,0.5027431433124536
128,13,2030,solar,0.5789327261397271
128,14,2030,solar,0.5870419487550298
128,15,2030,solar,0.5200596989414608
128,16,2030,solar,0.3972337736289069
128,17,2030,solar,0.2060370751208758
128,18,2030,solar,0.007635259682199389
128,19,2030,solar,0.0
128,20,2030,solar,0.0
128,21,2030,solar,0.0
128,22,2030,solar,0.0
128,23,2030,solar,0.0
128,24,2030,solar,0.0
128,1,2030,wind_offshore,0.22477710842888532
128,2,2030,wind_offshore,0.17834218721273704
128,3,2030,wind_offshore,0.1417527363134135
128,4,2030,wind_offshore,0.17445482673704438
128,5,2030,wind_offshore,0.24126335083040257
128,6,2030,wind_offshore,0.28515629976454016
128,7,2030,wind_offshore,0.3030306918019735
128,8,2030,wind_offshore,0.3453117212032366
128,9,2030,wind_offshore,0.3998344178860428
128,10,2030,wind_offshore,0.3817934475959456
128,11,2030,wind_offshore,0.17255280957620395
128,12,2030,wind_offshore,0.16462165688993738
128,13,2030,wind_offshore,0.16767801201759097
128,14,2030,wind_offshore,0.15670486575826714
128,15,2030,wind_offshore,0.1164061733053596
128,16,2030,wind_offshore,0.118166598694457
128,17,2030,wind_offshore,0.16132125750481346
128,18,2030,wind_offshore,0.22147263524873095
128,19,2030,wind_offshore,0.35223444429100165
128,20,2030,wind_offshore,0.44565354040193117
128,21,2030,wind_offshore,0.3848535177167232
128,22,2030,wind_offshore,0.3123429282129887
128,23,2030,wind_offshore,0.2130768728926703
128,24,2030,wind_offshore,0.2762239715665549
128,1,2030,wind_onshore,0.39754587544229575
128,2,2030,wind_onshore,0.3876879907495927
128,3,2030,wind_onshore,0.37207081345565907
128,4,2030,wind_onshore,0.3576369989105855
128,5,2030,wind_onshore,0.345029210364698
128,6,2030,wind_onshore,0.3500170762957608
128,7,2030,wind_onshore,0.35536168543263524
128,8,2030,wind_onshore,0.3566651687913587
128,9,2030,wind_onshore,0.3587691576303377
128,10,2030,wind_onshore,0.34139632369351935
128,11,2030,wind_onshore,0.32842292278308294
128,12,2030,wind_onshore,0.35092631716739614
128,13,2030,wind_onshore,0.3543628967885517
128,14,2030,wind_onshore,0.3469178674071363
128,15,2030,wind_onshore,0.34211647141850954
128,16,2030,wind_onshore,0.3472116644203932
128,17,2030,wind_onshore,0.34370802896573227
128,18,2030,wind_onshore,0.3831500724939544
128,19,2030,wind_onshore,0.4101620601828505
128,20,2030,wind_onshore,0.4145460457316613
128,21,2030,wind_onshore,0.4159731054564393
128,22,2030,wind_onshore,0.41213724495160886
128,23,2030,wind_onshore,0.41771570132660235
128,24,2030,wind_onshore,0.4211972230556946
129,1,2030,demand,0.4911708960342772
129,2,2030,demand,0.4856481863022494
129,3,2030,demand,0.48188411331465886
129,4,2030,demand,0.47463084651018916
129,5,2030,demand,0.4822745273818871
129,6,2030,demand,0.5113781503399916
129,7,2030,demand,0.5464204934127519
129,8,2030,demand,0.5791231949833108
129,9,2030,demand,0.6073521279001327
129,10,2030,demand,0.6210606932747627
129,11,2030,demand,0.6269515455472878
129,12,2030,demand,0.6273367813063424
129,13,2030,demand,0.6143293734689054
129,14,2030,demand,0.6017547917592391
129,15,2030,demand,0.5914271276393237
129,16,2030,demand,0.5920058097609401
129,17,2030,demand,0.5888501343531675
129,18,2030,demand,0.5962314731649339
129,19,2030,demand,0.6144820405379777
129,20,2030,demand,0.6290473117145419
129,21,2030,demand,0.615506313128588
129,22,2030,demand,0.5797579732479831
129,23,2030,demand,0.5359284951527852
129,24,2030,demand,0.5264793363249567
129,1,2030,solar,0.0
129,2,2030,solar,0.0
129,3,2030,solar,0.0
129,4,2030,solar,0.0
129,5,2030,solar,0.0
129,6,2030,solar,0.0
129,7,2030,solar,0.0
129,8,2030,solar,0.05133405196448704
129,9,2030,solar,0.20167264789217917
129,10,2030,solar,0.35844354468135575
129,11,2030,solar,0.4802230025234066
129,12,2030,solar,0.5596099206924569
129,13,2030,solar,0.5846761369443394
129,14,2030,solar,0.5709591607119641
129,15,2030,solar,0.5079837789739973
129,16,2030,solar,0.39332282963054593
129,17,2030,solar,0.23585677351179207
129,18,2030,solar,0.06605918082279595
129,19,2030,solar,0.00029311789124947317
129,20,2030,solar,0.0
129,21,2030,solar,0.0
129,22,2030,solar,0.0
129,23,2030,solar,0.0
129,24,2030,solar,0.0
129,1,2030,wind_offshore,0.47630806182661894
129,2,2030,wind_offshore,0.48087035231629804
129,3,2030,wind_offshore,0.5011842625390635
129,4,2030,wind_offshore,0.5281289381548662
129,5,2030,wind_offshore,0.484550097173164
129,6,2030,wind_offshore,0.4321122117741404
129,7,2030,wind_offshore,0.4285722626895878
129,8,2030,wind_offshore,0.43420336767710876
129,9,2030,wind_offshore,0.4186458772924282
129,10,2030,wind_offshore,0.38940860016642576
129,11,2030,wind_offshore,0.3840861544660179
129,12,2030,wind_offshore,0.3964768310309113
129,13,2030,wind_offshore,0.40492079993111546
129,14,2030,wind_offshore,0.39110062615827146
129,15,2030,wind_offshore,0.37168912144603294
129,16,2030,wind_offshore,0.37176065379416057
129,17,2030,wind_offshore,0.3675538551759233
129,18,2030,wind_offshore,0.3805468694887219
129,19,2030,wind_offshore,0.4021449455501698
129,20,2030,wind_offshore,0.42791310012328604
129,21,2030,wind_offshore,0.4423487713219323
129,22,2030,wind_offshore,0.44257285699484605
129,23,2030,wind_offshore,0.4155776252618958
129,24,2030,wind_offshore,0.3760440527048287
129,1,2030,wind_onshore,0.21903944064047867
129,2,2030,wind_onshore,0.2436766940052118
129,3,2030,wind_onshore,0.26501901329497635
129,4,2030,wind_onshore,0.29096847982022694
129,5,2030,wind_onshore,0.30734824568712305
129,6,2030,wind_onshore,0.32322797633617334
129,7,2030,wind_onshore,0.33564920764100864
129,8,2030,wind_onshore,0.3543850140329359
129,9,2030,wind_onshore,0.38071859444491235
129,10,2030,wind_onshore,0.407166471611358
129,11,2030,wind_onshore,0.4542728056587339
129,12,2030,wind_onshore,0.47282134418890387
129,13,2030,wind_onshore,0.47526240012667254
129,14,2030,wind_onshore,0.4819629606050548
129,15,2030,wind_onshore,0.4888493164040762
129,16,2030,wind_onshore,0.49300449235838184
129,17,2030,wind_onshore,0.4826614267276459
129,18,2030,wind_onshore,0.4670324356442635
129,19,2030,wind_onshore,0.46357351187397045
129,20,2030,wind_onshore,0.47991182594441795
129,21,2030,wind_onshore,0.4876559109078107
129,22,2030,wind_onshore,0.4757990736934932
129,23,2030,wind_onshore,0.44341500151937874
129,24,2030,wind_onshore,0.42258483794701907
130,1,2030,demand,0.5906977824232952
130,2,2030,demand,0.5750331508633065
130,3,2030,demand,0.5596648010304549
130,4,2030,demand,0.5467615206527748
130,5,2030,demand,0.5395548935441037
130,6,2030,demand,0.5239268570140533
130,7,2030,demand,0.5035921343639578
130,8,2030,demand,0.5176932830793646
130,9,2030,demand,0.5657234164362298
130,10,2030,demand,0.6196127176627989
130,11,2030,demand,0.6704915992819486
130,12,2030,demand,0.7105321430037479
130,13,2030,demand,0.726881735431294
130,14,2030,demand,0.7358276844943652
130,15,2030,demand,0.7260747444708898
130,16,2030,demand,0.71459647028589
130,17,2030,demand,0.7136637676581981
130,18,2030,demand,0.7055762035812572
130,19,2030,demand,0.6920721988919464
130,20,2030,demand,0.6771205891318905
130,21,2030,demand,0.6830640759743473
130,22,2030,demand,0.6700390683633279
130,23,2030,demand,0.6406110133926561
130,24,2030,demand,0.6288879616892973
130,1,2030,solar,0.0
130,2,2030,solar,0.0
130,3,2030,solar,0.0
130,4,2030,solar,0.0
130,5,2030,solar,0.0
130,6,2030,solar,0.0
130,7,2030,solar,0.012050597458307789
130,8,2030,solar,0.1563902259328127
130,9,2030,solar,0.3563837890357621
130,10,2030,solar,0.532663822250543
130,11,2030,solar,0.646088748577322
130,12,2030,solar,0.7232778896290228
130,13,2030,solar,0.7492316980673994
130,14,2030,solar,0.7386306628562745
130,15,2030,solar,0.6929902303046918
130,16,2030,solar,0.5981637199050117
130,17,2030,solar,0.45808020939973626
130,18,2030,solar,0.27971712610354255
130,19,2030,solar,0.08904338860713319
130,20,2030,solar,0.0007793721959299726
130,21,2030,solar,0.0
130,22,2030,solar,0.0
130,23,2030,solar,0.0
130,24,2030,solar,0.0
130,1,2030,wind_offshore,0.11833965196147841
130,2,2030,wind_offshore,0.122529323225575
130,3,2030,wind_offshore,0.1254091028850317
130,4,2030,wind_offshore,0.14699214579122116
130,5,2030,wind_offshore,0.16983884475696742
130,6,2030,wind_offshore,0.18906109519815928
130,7,2030,wind_offshore,0.2075161372302654
130,8,2030,wind_offshore,0.23787483961640765
130,9,2030,wind_offshore,0.2866373240412068
130,10,2030,wind_offshore,0.32491013917249595
130,11,2030,wind_offshore,0.3889556361508561
130,12,2030,wind_offshore,0.34133961238681254
130,13,2030,wind_offshore,0.29306018746273377
130,14,2030,wind_offshore,0.26389827337753796
130,15,2030,wind_offshore,0.252208776768707
130,16,2030,wind_offshore,0.23883665096549966
130,17,2030,wind_offshore,0.22047021200815314
130,18,2030,wind_offshore,0.1808200716772183
130,19,2030,wind_offshore,0.13694677550861822
130,20,2030,wind_offshore,0.10284931358123495
130,21,2030,wind_offshore,0.07658244868419917
130,22,2030,wind_offshore,0.056158945241193414
130,23,2030,wind_offshore,0.0373830210565038
130,24,2030,wind_offshore,0.03280719681924125
130,1,2030,wind_onshore,0.11749659429588724
130,2,2030,wind_onshore,0.10371430725194922
130,3,2030,wind_onshore,0.08922966016737913
130,4,2030,wind_onshore,0.07490720696206632
130,5,2030,wind_onshore,0.06468869976887323
130,6,2030,wind_onshore,0.05895800976136864
130,7,2030,wind_onshore,0.05593474090664495
130,8,2030,wind_onshore,0.04184904201480477
130,9,2030,wind_onshore,0.03200136315628174
130,10,2030,wind_onshore,0.037339454162917576
130,11,2030,wind_onshore,0.04311126237603108
130,12,2030,wind_onshore,0.04599602268025889
130,13,2030,wind_onshore,0.050002496928143125
130,14,2030,wind_onshore,0.05395049009255951
130,15,2030,wind_onshore,0.06155408516073401
130,16,2030,wind_onshore,0.06906626220463295
130,17,2030,wind_onshore,0.08071335716069805
130,18,2030,wind_onshore,0.09965269693968387
130,19,2030,wind_onshore,0.1210620814107801
130,20,2030,wind_onshore,0.14214522954921058
130,21,2030,wind_onshore,0.1600975389808115
130,22,2030,wind_onshore,0.1677515935652399
130,23,2030,wind_onshore,0.1514511906354778
130,24,2030,wind_onshore,0.13886183157956172
131,1,2030,demand,0.4876531072598695
131,2,2030,demand,0.4862648562149463
131,3,2030,demand,0.4796321763305671
131,4,2030,demand,0.47429235845243184
131,5,2030,demand,0.48280860621643734
131,6,2030,demand,0.5022455869292932
131,7,2030,demand,0.5312753146511247
131,8,2030,demand,0.5652181592013881
131,9,2030,demand,0.5926350072708705
131,10,2030,demand,0.6102172194691073
131,11,2030,demand,0.6204872819722963
131,12,2030,demand,0.6209631709504847
131,13,2030,demand,0.61096612914247
131,14,2030,demand,0.5978334166128926
131,15,2030,demand,0.5837930301937856
131,16,2030,demand,0.5802601474410007
131,17,2030,demand,0.5761637765687898
131,18,2030,demand,0.5771896947198932
131,19,2030,demand,0.5789951908373546
131,20,2030,demand,0.5919527389697035
131,21,2030,demand,0.5855486273993343
131,22,2030,demand,0.5514581874238839
131,23,2030,demand,0.513599034607883
131,24,2030,demand,0.5093125795512731
131,1,2030,solar,0.0
131,2,2030,solar,0.0
131,3,2030,solar,0.0
131,4,2030,solar,0.0
131,5,2030,solar,0.0
131,6,2030,solar,7.927525431497422e-5
131,7,2030,solar,0.022644910938193725
131,8,2030,solar,0.17174506109419005
131,9,2030,solar,0.36934003027421314
131,10,2030,solar,0.5432393474080771
131,11,2030,solar,0.6545679366865026
131,12,2030,solar,0.725987374808246
131,13,2030,solar,0.7469661759642262
131,14,2030,solar,0.7321820045429778
131,15,2030,solar,0.6714769775748689
131,16,2030,solar,0.566192326242936
131,17,2030,solar,0.4170903733159325
131,18,2030,solar,0.2341298285746781
131,19,2030,solar,0.06272534271326577
131,20,2030,solar,0.000791330562485842
131,21,2030,solar,0.0
131,22,2030,solar,0.0
131,23,2030,solar,0.0
131,24,2030,solar,0.0
131,1,2030,wind_offshore,0.5966089063877349
131,2,2030,wind_offshore,0.6442008404560607
131,3,2030,wind_offshore,0.631771520942302
131,4,2030,wind_offshore,0.5632857224610378
131,5,2030,wind_offshore,0.48157188091236663
131,6,2030,wind_offshore,0.4093056346593425
131,7,2030,wind_offshore,0.35888822676883286
131,8,2030,wind_offshore,0.3221393406713065
131,9,2030,wind_offshore,0.29306041901747065
131,10,2030,wind_offshore,0.25149757444954435
131,11,2030,wind_offshore,0.15824293238483103
131,12,2030,wind_offshore,0.15214982564623128
131,13,2030,wind_offshore,0.1460901663318708
131,14,2030,wind_offshore,0.13861432197237966
131,15,2030,wind_offshore,0.12220432380748315
131,16,2030,wind_offshore,0.0986255629208574
131,17,2030,wind_offshore,0.0820325387104447
131,18,2030,wind_offshore,0.07629261844778183
131,19,2030,wind_offshore,0.07417029170498673
131,20,2030,wind_offshore,0.06992552905819048
131,21,2030,wind_offshore,0.06896117578953788
131,22,2030,wind_offshore,0.08359892372266912
131,23,2030,wind_offshore,0.07125692476197704
131,24,2030,wind_offshore,0.07733936240653437
131,1,2030,wind_onshore,0.2597542632805894
131,2,2030,wind_onshore,0.2447018220778117
131,3,2030,wind_onshore,0.2349073337572082
131,4,2030,wind_onshore,0.22577654405253808
131,5,2030,wind_onshore,0.2185006897557664
131,6,2030,wind_onshore,0.2081430646492041
131,7,2030,wind_onshore,0.19915602318663536
131,8,2030,wind_onshore,0.17846373301486254
131,9,2030,wind_onshore,0.16616124482877995
131,10,2030,wind_onshore,0.17268798690950873
131,11,2030,wind_onshore,0.15883380388226984
131,12,2030,wind_onshore,0.17394406764358292
131,13,2030,wind_onshore,0.18507149798711495
131,14,2030,wind_onshore,0.20033480481207142
131,15,2030,wind_onshore,0.21915924360172426
131,16,2030,wind_onshore,0.23774454891983812
131,17,2030,wind_onshore,0.24701913417326762
131,18,2030,wind_onshore,0.24722556018954991
131,19,2030,wind_onshore,0.23766093317241158
131,20,2030,wind_onshore,0.24148676783565917
131,21,2030,wind_onshore,0.23843285680095352
131,22,2030,wind_onshore,0.22760027564200966
131,23,2030,wind_onshore,0.1908260045177047
131,24,2030,wind_onshore,0.1846877906112102
132,1,2030,demand,0.49385148303630516
132,2,2030,demand,0.4891633180163137
132,3,2030,demand,0.48196972573829766
132,4,2030,demand,0.47463498711521557
132,5,2030,demand,0.487592418574225
132,6,2030,demand,0.5158960417227427
132,7,2030,demand,0.5598454539727975
132,8,2030,demand,0.6055747580646476
132,9,2030,demand,0.6281550956976591
132,10,2030,demand,0.634564185138356
132,11,2030,demand,0.6373313081558081
132,12,2030,demand,0.6391323367085104
132,13,2030,demand,0.6307842292795324
132,14,2030,demand,0.6225153584439291
132,15,2030,demand,0.6269814804564022
132,16,2030,demand,0.6229523760138603
132,17,2030,demand,0.6206593629749299
132,18,2030,demand,0.6212674500706552
132,19,2030,demand,0.6374743147947721
132,20,2030,demand,0.6526072286533332
132,21,2030,demand,0.6445226124087432
132,22,2030,demand,0.6035764479913102
132,23,2030,demand,0.5562723404497257
132,24,2030,demand,0.5407774348702158
132,1,2030,solar,0.0
132,2,2030,solar,0.0
132,3,2030,solar,0.0
132,4,2030,solar,0.0
132,5,2030,solar,0.0
132,6,2030,solar,0.0
132,7,2030,solar,0.0
132,8,2030,solar,0.03468215416755163
132,9,2030,solar,0.1875344072995307
132,10,2030,solar,0.3867752664374492
132,11,2030,solar,0.5244619417542462
132,12,2030,solar,0.6245584426375115
132,13,2030,solar,0.6559481932088396
132,14,2030,solar,0.6242778010759346
132,15,2030,solar,0.5233013881585472
132,16,2030,solar,0.39627527463364115
132,17,2030,solar,0.24138316773776916
132,18,2030,solar,0.07856417384815294
132,19,2030,solar,0.0
132,20,2030,solar,0.0
132,21,2030,solar,0.0
132,22,2030,solar,0.0
132,23,2030,solar,0.0
132,24,2030,solar,0.0
132,1,2030,wind_offshore,0.07476068038760192
132,2,2030,wind_offshore,0.06518937085491171
132,3,2030,wind_offshore,0.04978495413019597
132,4,2030,wind_offshore,0.03477141516922664
132,5,2030,wind_offshore,0.032018337360208926
132,6,2030,wind_offshore,0.036039034598721896
132,7,2030,wind_offshore,0.04567162500789655
132,8,2030,wind_offshore,0.06461918705100614
132,9,2030,wind_offshore,0.09858645805035227
132,10,2030,wind_offshore,0.1494161785397425
132,11,2030,wind_offshore,0.19082905622247012
132,12,2030,wind_offshore,0.29267901775587746
132,13,2030,wind_offshore,0.40028280112275877
132,14,2030,wind_offshore,0.4682225201303536
132,15,2030,wind_offshore,0.5036023356480319
132,16,2030,wind_offshore,0.5581097634812414
132,17,2030,wind_offshore,0.6274703154781094
132,18,2030,wind_offshore,0.6620516110707118
132,19,2030,wind_offshore,0.6688424791673938
132,20,2030,wind_offshore,0.6879315383824426
132,21,2030,wind_offshore,0.710131020413664
132,22,2030,wind_offshore,0.7208921488104736
132,23,2030,wind_offshore,0.7815868096276669
132,24,2030,wind_offshore,0.8441787705952098
132,1,2030,wind_onshore,0.08301677628777293
132,2,2030,wind_onshore,0.08089746165545729
132,3,2030,wind_onshore,0.07887692033604958
132,4,2030,wind_onshore,0.0749917829265501
132,5,2030,wind_onshore,0.0740928927622888
132,6,2030,wind_onshore,0.07583036814923082
132,7,2030,wind_onshore,0.07952985005797548
132,8,2030,wind_onshore,0.08239607837679833
132,9,2030,wind_onshore,0.07768368474621679
132,10,2030,wind_onshore,0.07527268290688803
132,11,2030,wind_onshore,0.07204697482488061
132,12,2030,wind_onshore,0.0788315156364494
132,13,2030,wind_onshore,0.09192564458353417
132,14,2030,wind_onshore,0.09635733595559151
132,15,2030,wind_onshore,0.09553338867366705
132,16,2030,wind_onshore,0.1004006111157271
132,17,2030,wind_onshore,0.10451860596651981
132,18,2030,wind_onshore,0.11304853383989617
132,19,2030,wind_onshore,0.13439404001164248
132,20,2030,wind_onshore,0.150541848938941
132,21,2030,wind_onshore,0.15818286889132874
132,22,2030,wind_onshore,0.16599010087543736
132,23,2030,wind_onshore,0.1745955951235088
132,24,2030,wind_onshore,0.18802913769734708
133,1,2030,demand,0.507064100215267
133,2,2030,demand,0.4910796732548052
133,3,2030,demand,0.4851425842369981
133,4,2030,demand,0.4796366693210691
133,5,2030,demand,0.48942629077055616
133,6,2030,demand,0.5123710840439343
133,7,2030,demand,0.557014726921027
133,8,2030,demand,0.6048272740746482
133,9,2030,demand,0.6344834978300526
133,10,2030,demand,0.6515420352945048
133,11,2030,demand,0.6554458111322281
133,12,2030,demand,0.6519341159422556
133,13,2030,demand,0.6488688256380084
133,14,2030,demand,0.6372336152176352
133,15,2030,demand,0.619124839333363
133,16,2030,demand,0.6136655363812009
133,17,2030,demand,0.6145544264456997
133,18,2030,demand,0.6330498064051546
133,19,2030,demand,0.6615817641069606
133,20,2030,demand,0.6788594739769551
133,21,2030,demand,0.6725479046822731
133,22,2030,demand,0.6312442289710942
133,23,2030,demand,0.5745820658622938
133,24,2030,demand,0.5591673189610108
133,1,2030,solar,0.0
133,2,2030,solar,0.0
133,3,2030,solar,0.0
133,4,2030,solar,0.0
133,5,2030,solar,0.0
133,6,2030,solar,0.0
133,7,2030,solar,0.0
133,8,2030,solar,0.0
133,9,2030,solar,0.07901374147618478
133,10,2030,solar,0.2013261418367262
133,11,2030,solar,0.3264287978280042
133,12,2030,solar,0.417203319214171
133,13,2030,solar,0.45983325042536316
133,14,2030,solar,0.45728946106533863
133,15,2030,solar,0.3877409866738343
133,16,2030,solar,0.271459034886927
133,17,2030,solar,0.12489045626650666
133,18,2030,solar,0.0
133,19,2030,solar,0.0
133,20,2030,solar,0.0
133,21,2030,solar,0.0
133,22,2030,solar,0.0
133,23,2030,solar,0.0
133,24,2030,solar,0.0
133,1,2030,wind_offshore,0.6880356744709907
133,2,2030,wind_offshore,0.7126897583722559
133,3,2030,wind_offshore,0.6937395221130784
133,4,2030,wind_offshore,0.6575018934256351
133,5,2030,wind_offshore,0.6643627382170949
133,6,2030,wind_offshore,0.7107785633059327
133,7,2030,wind_offshore,0.760483189461297
133,8,2030,wind_offshore,0.7488762565740841
133,9,2030,wind_offshore,0.7299940920610809
133,10,2030,wind_offshore,0.6453363912690652
133,11,2030,wind_offshore,0.48409199710260187
133,12,2030,wind_offshore,0.3890570050630162
133,13,2030,wind_offshore,0.4252664254980325
133,14,2030,wind_offshore,0.4945063709798411
133,15,2030,wind_offshore,0.5323724608448208
133,16,2030,wind_offshore,0.614345737393875
133,17,2030,wind_offshore,0.6838979901156652
133,18,2030,wind_offshore,0.6920262742703809
133,19,2030,wind_offshore,0.7110879083459187
133,20,2030,wind_offshore,0.765345120358703
133,21,2030,wind_offshore,0.823469851853025
133,22,2030,wind_offshore,0.8299792681698479
133,23,2030,wind_offshore,0.7547289875572236
133,24,2030,wind_offshore,0.7295041171555157
133,1,2030,wind_onshore,0.22807347300850322
133,2,2030,wind_onshore,0.24040738627896813
133,3,2030,wind_onshore,0.2522899897544803
133,4,2030,wind_onshore,0.26656698747277363
133,5,2030,wind_onshore,0.27869757383545435
133,6,2030,wind_onshore,0.2856286638330395
133,7,2030,wind_onshore,0.2971120652700434
133,8,2030,wind_onshore,0.31498479243395233
133,9,2030,wind_onshore,0.3297688490692725
133,10,2030,wind_onshore,0.330522180484741
133,11,2030,wind_onshore,0.35598318564439674
133,12,2030,wind_onshore,0.38217798387142704
133,13,2030,wind_onshore,0.39888797710715185
133,14,2030,wind_onshore,0.4160680642288509
133,15,2030,wind_onshore,0.4111504343384989
133,16,2030,wind_onshore,0.3937738025396398
133,17,2030,wind_onshore,0.3538305299209245
133,18,2030,wind_onshore,0.33851585928427363
133,19,2030,wind_onshore,0.3452553486497949
133,20,2030,wind_onshore,0.3528071781829149
133,21,2030,wind_onshore,0.3566837975772524
133,22,2030,wind_onshore,0.35735130381754016
133,23,2030,wind_onshore,0.358593529241976
133,24,2030,wind_onshore,0.3578048111898682
134,1,2030,demand,0.5120048581156266
134,2,2030,demand,0.49659604566012494
134,3,2030,demand,0.48515350637154814
134,4,2030,demand,0.48780755656656605
134,5,2030,demand,0.49603696009368803
134,6,2030,demand,0.5215472787973477
134,7,2030,demand,0.5631939845758958
134,8,2030,demand,0.6148620706518724
134,9,2030,demand,0.6497178380869638
134,10,2030,demand,0.6537760511334852
134,11,2030,demand,0.6523652758381815
134,12,2030,demand,0.6381919182677802
134,13,2030,demand,0.6310126960923795
134,14,2030,demand,0.615543584859328
134,15,2030,demand,0.6109663130792568
134,16,2030,demand,0.6091411568169051
134,17,2030,demand,0.6227010083974248
134,18,2030,demand,0.6460612836847807
134,19,2030,demand,0.6717771129910644
134,20,2030,demand,0.690316923965804
134,21,2030,demand,0.6791867056761446
134,22,2030,demand,0.6406921154912314
134,23,2030,demand,0.5790764298501754
134,24,2030,demand,0.5581662750095855
134,1,2030,solar,0.0
134,2,2030,solar,0.0
134,3,2030,solar,0.0
134,4,2030,solar,0.0
134,5,2030,solar,0.0
134,6,2030,solar,0.0
134,7,2030,solar,0.0
134,8,2030,solar,0.0
134,9,2030,solar,0.056911012636148915
134,10,2030,solar,0.17505622996091566
134,11,2030,solar,0.282834564050919
134,12,2030,solar,0.3548455823354947
134,13,2030,solar,0.37795724258933305
134,14,2030,solar,0.3679034061489776
134,15,2030,solar,0.3142337134728078
134,16,2030,solar,0.22559814650904547
134,17,2030,solar,0.1117840550901105
134,18,2030,solar,0.01681071640938579
134,19,2030,solar,0.0
134,20,2030,solar,0.0
134,21,2030,solar,0.0
134,22,2030,solar,0.0
134,23,2030,solar,0.0
134,24,2030,solar,0.0
134,1,2030,wind_offshore,0.961421295600237
134,2,2030,wind_offshore,0.9448668304586768
134,3,2030,wind_offshore,0.9375222667393734
134,4,2030,wind_offshore,0.9494664837091065
134,5,2030,wind_offshore,0.9529573488034634
134,6,2030,wind_offshore,0.9635082471910684
134,7,2030,wind_offshore,0.966652728539452
134,8,2030,wind_offshore,0.9562265835181522
134,9,2030,wind_offshore,0.772396574507868
134,10,2030,wind_offshore,0.30598001414726295
134,11,2030,wind_offshore,0.06036499655930557
134,12,2030,wind_offshore,0.02944517205531976
134,13,2030,wind_offshore,0.09226775046144288
134,14,2030,wind_offshore,0.22627907853258347
134,15,2030,wind_offshore,0.3579530635220304
134,16,2030,wind_offshore,0.3984644616462458
134,17,2030,wind_offshore,0.5081940290206411
134,18,2030,wind_offshore,0.41486969591138884
134,19,2030,wind_offshore,0.2518371028640478
134,20,2030,wind_offshore,0.13954269875329672
134,21,2030,wind_offshore,0.08748754494482594
134,22,2030,wind_offshore,0.02775709043696133
134,23,2030,wind_offshore,0.0006466962459680704
134,24,2030,wind_offshore,0.0
134,1,2030,wind_onshore,0.6463283456127685
134,2,2030,wind_onshore,0.6518212215689128
134,3,2030,wind_onshore,0.6408301907990355
134,4,2030,wind_onshore,0.6296455394025464
134,5,2030,wind_onshore,0.6277965195874633
134,6,2030,wind_onshore,0.6291660053192873
134,7,2030,wind_onshore,0.6358825869279858
134,8,2030,wind_onshore,0.6423897855417022
134,9,2030,wind_onshore,0.6444475175880292
134,10,2030,wind_onshore,0.6480410308378208
134,11,2030,wind_onshore,0.6215776675655146
134,12,2030,wind_onshore,0.6308662103428527
134,13,2030,wind_onshore,0.6496806324775632
134,14,2030,wind_onshore,0.6578459626690746
134,15,2030,wind_onshore,0.6606270930266426
134,16,2030,wind_onshore,0.6532598578071439
134,17,2030,wind_onshore,0.632753884885272
134,18,2030,wind_onshore,0.6196664310567324
134,19,2030,wind_onshore,0.6022598547022018
134,20,2030,wind_onshore,0.5715509567719196
134,21,2030,wind_onshore,0.537265183473912
134,22,2030,wind_onshore,0.5062563286615908
134,23,2030,wind_onshore,0.473676338086583
134,24,2030,wind_onshore,0.4381242386627364
135,1,2030,demand,0.5072904784929
135,2,2030,demand,0.49532984110219125
135,3,2030,demand,0.48519676448758714
135,4,2030,demand,0.47565893196791653
135,5,2030,demand,0.4748560632740724
135,6,2030,demand,0.4861588747327212
135,7,2030,demand,0.5105389482470767
135,8,2030,demand,0.5422794754405271
135,9,2030,demand,0.5785356678442967
135,10,2030,demand,0.6078319204472395
135,11,2030,demand,0.6225388658611866
135,12,2030,demand,0.631087337687667
135,13,2030,demand,0.6268728189497428
135,14,2030,demand,0.613619989299232
135,15,2030,demand,0.5989499308586786
135,16,2030,demand,0.5916324032805688
135,17,2030,demand,0.5900571301259917
135,18,2030,demand,0.5975228643284887
135,19,2030,demand,0.6132441831646764
135,20,2030,demand,0.6263595543145769
135,21,2030,demand,0.6250699847689685
135,22,2030,demand,0.5971082428771368
135,23,2030,demand,0.5513438399601446
135,24,2030,demand,0.5344998902026648
135,1,2030,solar,0.0
135,2,2030,solar,0.0
135,3,2030,solar,0.0
135,4,2030,solar,0.0
135,5,2030,solar,0.0
135,6,2030,solar,9.510954953986773e-5
135,7,2030,solar,0.009925384362592805
135,8,2030,solar,0.03443322333651273
135,9,2030,solar,0.10433117301473713
135,10,2030,solar,0.20179092066349563
135,11,2030,solar,0.2895735831968071
135,12,2030,solar,0.35268161617214294
135,13,2030,solar,0.37942612686225624
135,14,2030,solar,0.3641584507106955
135,15,2030,solar,0.316268859194456
135,16,2030,solar,0.2427517671683152
135,17,2030,solar,0.1450126426057766
135,18,2030,solar,0.05754995014012976
135,19,2030,solar,0.0223909617263823
135,20,2030,solar,0.0041101278289083784
135,21,2030,solar,0.0
135,22,2030,solar,0.0
135,23,2030,solar,0.0
135,24,2030,solar,0.0
135,1,2030,wind_offshore,0.9200904163577058
135,2,2030,wind_offshore,0.9280274900312239
135,3,2030,wind_offshore,0.930895969054233
135,4,2030,wind_offshore,0.9362475916980472
135,5,2030,wind_offshore,0.9460559213352647
135,6,2030,wind_offshore,0.9501888904235429
135,7,2030,wind_offshore,0.9486888486580126
135,8,2030,wind_offshore,0.9448139123257507
135,9,2030,wind_offshore,0.9435693729490306
135,10,2030,wind_offshore,0.9436505521125419
135,11,2030,wind_offshore,0.9483133559447958
135,12,2030,wind_offshore,0.9333671059613611
135,13,2030,wind_offshore,0.9339884559490056
135,14,2030,wind_offshore,0.9442844668481056
135,15,2030,wind_offshore,0.9242242019720476
135,16,2030,wind_offshore,0.9064453299584079
135,17,2030,wind_offshore,0.9154167409936955
135,18,2030,wind_offshore,0.9211616024263741
135,19,2030,wind_offshore,0.8955100684040933
135,20,2030,wind_offshore,0.8516677453854063
135,21,2030,wind_offshore,0.828253126467976
135,22,2030,wind_offshore,0.8078920969566236
135,23,2030,wind_offshore,0.7298180052536568
135,24,2030,wind_offshore,0.6911090953584629
135,1,2030,wind_onshore,0.17546635525441293
135,2,2030,wind_onshore,0.1753720376093097
135,3,2030,wind_onshore,0.17503719096892312
135,4,2030,wind_onshore,0.17065870113403617
135,5,2030,wind_onshore,0.16857214527927275
135,6,2030,wind_onshore,0.16953122543734986
135,7,2030,wind_onshore,0.17394827099951005
135,8,2030,wind_onshore,0.17576897295948213
135,9,2030,wind_onshore,0.17896693801551397
135,10,2030,wind_onshore,0.18028911585210938
135,11,2030,wind_onshore,0.16158012360246563
135,12,2030,wind_onshore,0.15849572335342674
135,13,2030,wind_onshore,0.16600272927821946
135,14,2030,wind_onshore,0.17388122167749243
135,15,2030,wind_onshore,0.18017486648303577
135,16,2030,wind_onshore,0.1817236054924303
135,17,2030,wind_onshore,0.1795879337666265
135,18,2030,wind_onshore,0.18204777239805814
135,19,2030,wind_onshore,0.18278778458507863
135,20,2030,wind_onshore,0.18740140110060807
135,21,2030,wind_onshore,0.1930958266089346
135,22,2030,wind_onshore,0.1917258024499768
135,23,2030,wind_onshore,0.19463756921253897
135,24,2030,wind_onshore,0.1951383768071265
136,1,2030,demand,0.5127450191051759
136,2,2030,demand,0.49848622358362943
136,3,2030,demand,0.48343919176375977
136,4,2030,demand,0.47378432570543805
136,5,2030,demand,0.466031225880898
136,6,2030,demand,0.47471503585944114
136,7,2030,demand,0.4971423230383687
136,8,2030,demand,0.5345989104044786
136,9,2030,demand,0.5734102658644568
136,10,2030,demand,0.6047908793713769
136,11,2030,demand,0.6218016216952915
136,12,2030,demand,0.6282894876344861
136,13,2030,demand,0.631465754393911
136,14,2030,demand,0.6290812930231459
136,15,2030,demand,0.6137375696504055
136,16,2030,demand,0.6032445584586021
136,17,2030,demand,0.6081885402670788
136,18,2030,demand,0.6316988180120009
136,19,2030,demand,0.6564738832904864
136,20,2030,demand,0.6772870646641105
136,21,2030,demand,0.6799319114967632
136,22,2030,demand,0.6527414465295237
136,23,2030,demand,0.6032174393685665
136,24,2030,demand,0.5800484683193711
136,1,2030,solar,0.0
136,2,2030,solar,0.0
136,3,2030,solar,0.0
136,4,2030,solar,0.0
136,5,2030,solar,0.0
136,6,2030,solar,0.0
136,7,2030,solar,0.0
136,8,2030,solar,0.0
136,9,2030,solar,0.018784255280305504
136,10,2030,solar,0.08442457929547267
136,11,2030,solar,0.15287914457712
136,12,2030,solar,0.19906554586769382
136,13,2030,solar,0.21514291753226109
136,14,2030,solar,0.20530557694183593
136,15,2030,solar,0.17253104031233296
136,16,2030,solar,0.11416022703916874
136,17,2030,solar,0.048886183762258686
136,18,2030,solar,0.0
136,19,2030,solar,0.0
136,20,2030,solar,0.0
136,21,2030,solar,0.0
136,22,2030,solar,0.0
136,23,2030,solar,0.0
136,24,2030,solar,0.0
136,1,2030,wind_offshore,0.2398883928638328
136,2,2030,wind_offshore,0.2509812482830505
136,3,2030,wind_offshore,0.2756878632900607
136,4,2030,wind_offshore,0.30567305719719823
136,5,2030,wind_offshore,0.27787119285507234
136,6,2030,wind_offshore,0.24933383204749238
136,7,2030,wind_offshore,0.255225107404618
136,8,2030,wind_offshore,0.2600211628432962
136,9,2030,wind_offshore,0.2722663807928665
136,10,2030,wind_offshore,0.2702202322306041
136,11,2030,wind_offshore,0.2374894621606397
136,12,2030,wind_offshore,0.18668574111496022
136,13,2030,wind_offshore,0.15533801604226863
136,14,2030,wind_offshore,0.15952109678928786
136,15,2030,wind_offshore,0.137086589990399
136,16,2030,wind_offshore,0.11012706219233892
136,17,2030,wind_offshore,0.08404960201353537
136,18,2030,wind_offshore,0.06242094145561072
136,19,2030,wind_offshore,0.03494583769560362
136,20,2030,wind_offshore,0.016708566776959522
136,21,2030,wind_offshore,0.011292840470660061
136,22,2030,wind_offshore,0.0123977701422984
136,23,2030,wind_offshore,0.02003351044514929
136,24,2030,wind_offshore,0.04612571773493653
136,1,2030,wind_onshore,0.07192421889247116
136,2,2030,wind_onshore,0.07103831587207213
136,3,2030,wind_onshore,0.07321544714738475
136,4,2030,wind_onshore,0.07527998609761034
136,5,2030,wind_onshore,0.07388004688004775
136,6,2030,wind_onshore,0.07567266333202075
136,7,2030,wind_onshore,0.07989475742506008
136,8,2030,wind_onshore,0.08121823915193838
136,9,2030,wind_onshore,0.08336959900622373
136,10,2030,wind_onshore,0.08049073902871771
136,11,2030,wind_onshore,0.06973881265675369
136,12,2030,wind_onshore,0.07618176076145257
136,13,2030,wind_onshore,0.08214050695618837
136,14,2030,wind_onshore,0.08338946182408263
136,15,2030,wind_onshore,0.0837322525908364
136,16,2030,wind_onshore,0.07570383565702589
136,17,2030,wind_onshore,0.07026377997178954
136,18,2030,wind_onshore,0.06777800593896127
136,19,2030,wind_onshore,0.06747165882884686
136,20,2030,wind_onshore,0.06486649522903348
136,21,2030,wind_onshore,0.0634410439817661
136,22,2030,wind_onshore,0.061161391260221104
136,23,2030,wind_onshore,0.0583069773585439
136,24,2030,wind_onshore,0.06341349431380043
137,1,2030,demand,0.5398549207982436
137,2,2030,demand,0.5185293077432295
137,3,2030,demand,0.5086407672215818
137,4,2030,demand,0.5013416580586679
137,5,2030,demand,0.5119371015550834
137,6,2030,demand,0.5360295255822553
137,7,2030,demand,0.5754035783635572
137,8,2030,demand,0.6184308011646411
137,9,2030,demand,0.6602960269691871
137,10,2030,demand,0.6970508889100139
137,11,2030,demand,0.7220506840347487
137,12,2030,demand,0.7402918806412067
137,13,2030,demand,0.743395802631055
137,14,2030,demand,0.7330635490476481
137,15,2030,demand,0.7252091437151788
137,16,2030,demand,0.7199014939914773
137,17,2030,demand,0.721220908741952
137,18,2030,demand,0.7246004914006192
137,19,2030,demand,0.7379126981302879
137,20,2030,demand,0.7360944755974825
137,21,2030,demand,0.7235069339888249
137,22,2030,demand,0.6729633115550866
137,23,2030,demand,0.6153574119121321
137,24,2030,demand,0.594564893299587
137,1,2030,solar,0.0
137,2,2030,solar,0.0
137,3,2030,solar,0.0
137,4,2030,solar,0.0
137,5,2030,solar,0.0
137,6,2030,solar,0.0
137,7,2030,solar,0.00682992677596222
137,8,2030,solar,0.05852551754664904
137,9,2030,solar,0.17343912301748005
137,10,2030,solar,0.3219724889426904
137,11,2030,solar,0.44507885312085593
137,12,2030,solar,0.5209201491832984
137,13,2030,solar,0.5308120376749068
137,14,2030,solar,0.4994800416631259
137,15,2030,solar,0.41761415517905065
137,16,2030,solar,0.3068987264956817
137,17,2030,solar,0.1869485368463922
137,18,2030,solar,0.08421006661763733
137,19,2030,solar,0.033051643116288526
137,20,2030,solar,0.00014651840189781553
137,21,2030,solar,0.0
137,22,2030,solar,0.0
137,23,2030,solar,0.0
137,24,2030,solar,0.0
137,1,2030,wind_offshore,0.7184466904675778
137,2,2030,wind_offshore,0.7575079505719949
137,3,2030,wind_offshore,0.8364997113288427
137,4,2030,wind_offshore,0.8939502981238536
137,5,2030,wind_offshore,0.9131087033179508
137,6,2030,wind_offshore,0.914250724028806
137,7,2030,wind_offshore,0.9092990855496603
137,8,2030,wind_offshore,0.9133805651820904
137,9,2030,wind_offshore,0.9176610605009453
137,10,2030,wind_offshore,0.926630303801136
137,11,2030,wind_offshore,0.9207109348853466
137,12,2030,wind_offshore,0.9120482690942421
137,13,2030,wind_offshore,0.9096019587976165
137,14,2030,wind_offshore,0.9177868386132557
137,15,2030,wind_offshore,0.9215512242068431
137,16,2030,wind_offshore,0.9260178151214107
137,17,2030,wind_offshore,0.9332268809501446
137,18,2030,wind_offshore,0.9423420214804067
137,19,2030,wind_offshore,0.9388773980909695
137,20,2030,wind_offshore,0.9420094018331507
137,21,2030,wind_offshore,0.9409248761505581
137,22,2030,wind_offshore,0.9376180421249809
137,23,2030,wind_offshore,0.9438893566136604
137,24,2030,wind_offshore,0.9291625394245321
137,1,2030,wind_onshore,0.312100461418312
137,2,2030,wind_onshore,0.29956771025321466
137,3,2030,wind_onshore,0.2767541593526844
137,4,2030,wind_onshore,0.2499770455308563
137,5,2030,wind_onshore,0.22663216528673724
137,6,2030,wind_onshore,0.20578911827219049
137,7,2030,wind_onshore,0.1928275758639404
137,8,2030,wind_onshore,0.17959558771064443
137,9,2030,wind_onshore,0.17310036681859392
137,10,2030,wind_onshore,0.17215175685533898
137,11,2030,wind_onshore,0.17271133411752002
137,12,2030,wind_onshore,0.17058691534495188
137,13,2030,wind_onshore,0.17609760751627168
137,14,2030,wind_onshore,0.18751057030634502
137,15,2030,wind_onshore,0.20846929889579088
137,16,2030,wind_onshore,0.21126679179961
137,17,2030,wind_onshore,0.20297447169339616
137,18,2030,wind_onshore,0.19997395373490767
137,19,2030,wind_onshore,0.20399229868486637
137,20,2030,wind_onshore,0.21526734122064417
137,21,2030,wind_onshore,0.22612205121609177
137,22,2030,wind_onshore,0.22467126193483566
137,23,2030,wind_onshore,0.21073722961997476
137,24,2030,wind_onshore,0.20233675220968356
138,1,2030,demand,0.5016837930581731
138,2,2030,demand,0.4924857437691186
138,3,2030,demand,0.4842978439382668
138,4,2030,demand,0.4795845139254321
138,5,2030,demand,0.48175117872148754
138,6,2030,demand,0.5072811163919351
138,7,2030,demand,0.5443576844621866
138,8,2030,demand,0.5857094714290555
138,9,2030,demand,0.6227758077007282
138,10,2030,demand,0.6455800074993922
138,11,2030,demand,0.6493607999384216
138,12,2030,demand,0.6470859870527098
138,13,2030,demand,0.6364982477155529
138,14,2030,demand,0.6233340348180264
138,15,2030,demand,0.6287640726211825
138,16,2030,demand,0.6263517272628614
138,17,2030,demand,0.6302387805754791
138,18,2030,demand,0.6491920527975796
138,19,2030,demand,0.6744653253893921
138,20,2030,demand,0.6862834157000546
138,21,2030,demand,0.6797718599580131
138,22,2030,demand,0.6405086724458597
138,23,2030,demand,0.5874867003270335
138,24,2030,demand,0.5663070158118626
138,1,2030,solar,0.0
138,2,2030,solar,0.0
138,3,2030,solar,0.0
138,4,2030,solar,0.0
138,5,2030,solar,0.0
138,6,2030,solar,0.0
138,7,2030,solar,0.0
138,8,2030,solar,0.0
138,9,2030,solar,0.04588921784023614
138,10,2030,solar,0.1074465351391347
138,11,2030,solar,0.15193824892411648
138,12,2030,solar,0.18897476314882333
138,13,2030,solar,0.20143505825269964
138,14,2030,solar,0.1923946727038421
138,15,2030,solar,0.159169672709161
138,16,2030,solar,0.0958567646730979
138,17,2030,solar,0.03411474403277607
138,18,2030,solar,0.0
138,19,2030,solar,0.0
138,20,2030,solar,0.0
138,21,2030,solar,0.0
138,22,2030,solar,0.0
138,23,2030,solar,0.0
138,24,2030,solar,0.0
138,1,2030,wind_offshore,0.5680254191732501
138,2,2030,wind_offshore,0.7161620060993841
138,3,2030,wind_offshore,0.886080439153602
138,4,2030,wind_offshore,0.9504889027619129
138,5,2030,wind_offshore,0.9033160576183232
138,6,2030,wind_offshore,0.695830810315567
138,7,2030,wind_offshore,0.36625364363890933
138,8,2030,wind_offshore,0.20710365181319268
138,9,2030,wind_offshore,0.14907075181749152
138,10,2030,wind_offshore,0.12117988954969046
138,11,2030,wind_offshore,0.15810723806264243
138,12,2030,wind_offshore,0.15158141695209415
138,13,2030,wind_offshore,0.18257911296065663
138,14,2030,wind_offshore,0.24752982622977848
138,15,2030,wind_offshore,0.28751545870709744
138,16,2030,wind_offshore,0.2487374170502505
138,17,2030,wind_offshore,0.19951085275505515
138,18,2030,wind_offshore,0.18158498452456273
138,19,2030,wind_offshore,0.1672114426207562
138,20,2030,wind_offshore,0.16605012038015948
138,21,2030,wind_offshore,0.16267820935870053
138,22,2030,wind_offshore,0.10491758796655923
138,23,2030,wind_offshore,0.06388480068236177
138,24,2030,wind_offshore,0.00912614555486306
138,1,2030,wind_onshore,0.43151825794349685
138,2,2030,wind_onshore,0.47865697435589855
138,3,2030,wind_onshore,0.49331480617101847
138,4,2030,wind_onshore,0.4781563351029422
138,5,2030,wind_onshore,0.4851634117697433
138,6,2030,wind_onshore,0.4707108051258007
138,7,2030,wind_onshore,0.44101025366923885
138,8,2030,wind_onshore,0.42018461531217255
138,9,2030,wind_onshore,0.4017663029957001
138,10,2030,wind_onshore,0.4161625174821576
138,11,2030,wind_onshore,0.41116050386334324
138,12,2030,wind_onshore,0.4628286431684707
138,13,2030,wind_onshore,0.5010406834369032
138,14,2030,wind_onshore,0.5192343166075732
138,15,2030,wind_onshore,0.5072628061580087
138,16,2030,wind_onshore,0.48711746401186573
138,17,2030,wind_onshore,0.4620650811671141
138,18,2030,wind_onshore,0.4665278138926862
138,19,2030,wind_onshore,0.4836219583385143
138,20,2030,wind_onshore,0.5139823660800111
138,21,2030,wind_onshore,0.5205467715578017
138,22,2030,wind_onshore,0.5031105359252444
138,23,2030,wind_onshore,0.5118413282974428
138,24,2030,wind_onshore,0.5068120237026379
139,1,2030,demand,0.5159350601826088
139,2,2030,demand,0.5093180175192817
139,3,2030,demand,0.49397086134118695
139,4,2030,demand,0.4851690869921744
139,5,2030,demand,0.4919325669429826
139,6,2030,demand,0.5093629327399529
139,7,2030,demand,0.5290886749847836
139,8,2030,demand,0.5544563902418171
139,9,2030,demand,0.5941342951796853
139,10,2030,demand,0.6238374410447528
139,11,2030,demand,0.6468689712017237
139,12,2030,demand,0.6632560254353707
139,13,2030,demand,0.6681461478944329
139,14,2030,demand,0.66373862953254
139,15,2030,demand,0.6572800731633274
139,16,2030,demand,0.6578275087096369
139,17,2030,demand,0.6573447305417454
139,18,2030,demand,0.652413449823088
139,19,2030,demand,0.6466346567978236
139,20,2030,demand,0.6390400119443365
139,21,2030,demand,0.626905894898433
139,22,2030,demand,0.5914733550824742
139,23,2030,demand,0.555610870794101
139,24,2030,demand,0.5517956390015574
139,1,2030,solar,0.0
139,2,2030,solar,0.0
139,3,2030,solar,0.0
139,4,2030,solar,0.0
139,5,2030,solar,0.0
139,6,2030,solar,0.0002457662201135222
139,7,2030,solar,0.022655704689217838
139,8,2030,solar,0.15716331019364074
139,9,2030,solar,0.3413524634491967
139,10,2030,solar,0.5022867558628867
139,11,2030,solar,0.607978680592497
139,12,2030,solar,0.6769119006525086
139,13,2030,solar,0.6962214387601866
139,14,2030,solar,0.6729602395800042
139,15,2030,solar,0.6109159353700542
139,16,2030,solar,0.5145517932811954
139,17,2030,solar,0.37994781418110274
139,18,2030,solar,0.21985900250429194
139,19,2030,solar,0.07043337485928652
139,20,2030,solar,0.0037258631624026797
139,21,2030,solar,0.0
139,22,2030,solar,0.0
139,23,2030,solar,0.0
139,24,2030,solar,0.0
139,1,2030,wind_offshore,0.960758424927758
139,2,2030,wind_offshore,0.9599301371051053
139,3,2030,wind_offshore,0.9581382618585698
139,4,2030,wind_offshore,0.9574739535205649
139,5,2030,wind_offshore,0.9534105920930025
139,6,2030,wind_offshore,0.9588968841494577
139,7,2030,wind_offshore,0.9647574106423894
139,8,2030,wind_offshore,0.9715454776987311
139,9,2030,wind_offshore,0.9743125557096222
139,10,2030,wind_offshore,0.9736240665144431
139,11,2030,wind_offshore,0.9704506404016795
139,12,2030,wind_offshore,0.9653734357470201
139,13,2030,wind_offshore,0.9669305278056696
139,14,2030,wind_offshore,0.969890062973611
139,15,2030,wind_offshore,0.9725406743353197
139,16,2030,wind_offshore,0.9737443759903375
139,17,2030,wind_offshore,0.9702520022159263
139,18,2030,wind_offshore,0.969675449309462
139,19,2030,wind_offshore,0.9689159711435411
139,20,2030,wind_offshore,0.9673884542127712
139,21,2030,wind_offshore,0.9621051840947987
139,22,2030,wind_offshore,0.9649232707782583
139,23,2030,wind_offshore,0.9622289123807864
139,24,2030,wind_offshore,0.9508949493280494
139,1,2030,wind_onshore,0.3598671335706085
139,2,2030,wind_onshore,0.33988376245688606
139,3,2030,wind_onshore,0.32172335004210356
139,4,2030,wind_onshore,0.3052659631491676
139,5,2030,wind_onshore,0.2874775396184122
139,6,2030,wind_onshore,0.27455267764736013
139,7,2030,wind_onshore,0.2588814475769171
139,8,2030,wind_onshore,0.22552857952693517
139,9,2030,wind_onshore,0.20401668791916455
139,10,2030,wind_onshore,0.19893445749866367
139,11,2030,wind_onshore,0.17907939759884792
139,12,2030,wind_onshore,0.1766797615143888
139,13,2030,wind_onshore,0.17828930352061312
139,14,2030,wind_onshore,0.18405449119031328
139,15,2030,wind_onshore,0.19547116753451532
139,16,2030,wind_onshore,0.2134467749570395
139,17,2030,wind_onshore,0.2398361276989704
139,18,2030,wind_onshore,0.27823779565563006
139,19,2030,wind_onshore,0.3172310521277401
139,20,2030,wind_onshore,0.35635358916724225
139,21,2030,wind_onshore,0.3737927211599228
139,22,2030,wind_onshore,0.3570222037036528
139,23,2030,wind_onshore,0.30523366205872837
139,24,2030,wind_onshore,0.28282454929178474
140,1,2030,demand,0.5079115717129183
140,2,2030,demand,0.4938961607457948
140,3,2030,demand,0.4814915053496674
140,4,2030,demand,0.47325330696651113
140,5,2030,demand,0.474789454173828
140,6,2030,demand,0.49827628922363976
140,7,2030,demand,0.5385385961003601
140,8,2030,demand,0.5961337207447872
140,9,2030,demand,0.6310254761192807
140,10,2030,demand,0.6551598549828854
140,11,2030,demand,0.6648629437938745
140,12,2030,demand,0.6615380243798996
140,13,2030,demand,0.6489716332393012
140,14,2030,demand,0.6332519118523703
140,15,2030,demand,0.6238649810709997
140,16,2030,demand,0.6042070056683158
140,17,2030,demand,0.6104837442249558
140,18,2030,demand,0.6252510161910791
140,19,2030,demand,0.6602562164643664
140,20,2030,demand,0.6929599494644779
140,21,2030,demand,0.7032721557150586
140,22,2030,demand,0.6583958831908734
140,23,2030,demand,0.6053894964231523
140,24,2030,demand,0.5839720925771889
140,1,2030,solar,0.0
140,2,2030,solar,0.0
140,3,2030,solar,0.0
140,4,2030,solar,0.0
140,5,2030,solar,0.0
140,6,2030,solar,0.0
140,7,2030,solar,0.0
140,8,2030,solar,0.0
140,9,2030,solar,0.011745989569894113
140,10,2030,solar,0.052521662635966394
140,11,2030,solar,0.10771504959457778
140,12,2030,solar,0.17333451966875202
140,13,2030,solar,0.25347618887845047
140,14,2030,solar,0.3295612037477714
140,15,2030,solar,0.3700276110942618
140,16,2030,solar,0.31688173464800135
140,17,2030,solar,0.20101036918561177
140,18,2030,solar,0.08609734941371748
140,19,2030,solar,0.0
140,20,2030,solar,0.0
140,21,2030,solar,0.0
140,22,2030,solar,0.0
140,23,2030,solar,0.0
140,24,2030,solar,0.0
140,1,2030,wind_offshore,0.9230286465519268
140,2,2030,wind_offshore,0.9474903779023736
140,3,2030,wind_offshore,0.9506704003485479
140,4,2030,wind_offshore,0.9458091168751589
140,5,2030,wind_offshore,0.9544884995554915
140,6,2030,wind_offshore,0.9506402307297779
140,7,2030,wind_offshore,0.9513037147251837
140,8,2030,wind_offshore,0.9613687734165461
140,9,2030,wind_offshore,0.9474001307601535
140,10,2030,wind_offshore,0.9460205176243557
140,11,2030,wind_offshore,0.8445224593024123
140,12,2030,wind_offshore,0.9256143845889793
140,13,2030,wind_offshore,0.9465809944579608
140,14,2030,wind_offshore,0.9530332428308569
140,15,2030,wind_offshore,0.946788245218207
140,16,2030,wind_offshore,0.9433959516466013
140,17,2030,wind_offshore,0.9354833887380207
140,18,2030,wind_offshore,0.9228212860191856
140,19,2030,wind_offshore,0.9287270481714598
140,20,2030,wind_offshore,0.8311800128644524
140,21,2030,wind_offshore,0.6581146617140903
140,22,2030,wind_offshore,0.5788691219773813
140,23,2030,wind_offshore,0.3885213019824332
140,24,2030,wind_offshore,0.35539710726518536
140,1,2030,wind_onshore,0.4477574445410911
140,2,2030,wind_onshore,0.4684624478561764
140,3,2030,wind_onshore,0.4760763558886978
140,4,2030,wind_onshore,0.46884211039110857
140,5,2030,wind_onshore,0.4681751631602209
140,6,2030,wind_onshore,0.46441422039148694
140,7,2030,wind_onshore,0.465074076119266
140,8,2030,wind_onshore,0.48051090011612924
140,9,2030,wind_onshore,0.49772762844344476
140,10,2030,wind_onshore,0.5380989483517528
140,11,2030,wind_onshore,0.5656457411465764
140,12,2030,wind_onshore,0.6181502080431107
140,13,2030,wind_onshore,0.6415689977975114
140,14,2030,wind_onshore,0.6719261337683502
140,15,2030,wind_onshore,0.6853410180965009
140,16,2030,wind_onshore,0.690906603821077
140,17,2030,wind_onshore,0.6856329066055851
140,18,2030,wind_onshore,0.6714990808381067
140,19,2030,wind_onshore,0.6519597248347695
140,20,2030,wind_onshore,0.6429776805734244
140,21,2030,wind_onshore,0.6389176160502377
140,22,2030,wind_onshore,0.6247569983115362
140,23,2030,wind_onshore,0.627493558384636
140,24,2030,wind_onshore,0.6371740207342745
141,1,2030,demand,0.46550108964445036
141,2,2030,demand,0.45559940611351574
141,3,2030,demand,0.4502938153804514
141,4,2030,demand,0.4392474378869529
141,5,2030,demand,0.4366241350537785
141,6,2030,demand,0.43953455927277973
141,7,2030,demand,0.45148063002633776
141,8,2030,demand,0.4794931444309847
141,9,2030,demand,0.5105724746332747
141,10,2030,demand,0.5274967270518234
141,11,2030,demand,0.5408394751664253
141,12,2030,demand,0.5355798366708266
141,13,2030,demand,0.5305108093190835
141,14,2030,demand,0.5208215994178083
141,15,2030,demand,0.5049389964945874
141,16,2030,demand,0.4953520167661365
141,17,2030,demand,0.49379992097964476
141,18,2030,demand,0.5133197568311598
141,19,2030,demand,0.5375031178593704
141,20,2030,demand,0.5614472685067173
141,21,2030,demand,0.5691357971940866
141,22,2030,demand,0.5435942786650327
141,23,2030,demand,0.4998120739333451
141,24,2030,demand,0.4925392061204882
141,1,2030,solar,0.0
141,2,2030,solar,0.0
141,3,2030,solar,0.0
141,4,2030,solar,0.0
141,5,2030,solar,0.0
141,6,2030,solar,0.0
141,7,2030,solar,0.0
141,8,2030,solar,0.08551590892484656
141,9,2030,solar,0.30038076154869386
141,10,2030,solar,0.5054401239830068
141,11,2030,solar,0.651682750644641
141,12,2030,solar,0.7409418951960998
141,13,2030,solar,0.779936998526543
141,14,2030,solar,0.7786748414420829
141,15,2030,solar,0.7110506568291075
141,16,2030,solar,0.6007381484169287
141,17,2030,solar,0.4335119778439295
141,18,2030,solar,0.21955609061931572
141,19,2030,solar,0.03270100538995331
141,20,2030,solar,0.0
141,21,2030,solar,0.0
141,22,2030,solar,0.0
141,23,2030,solar,0.0
141,24,2030,solar,0.0
141,1,2030,wind_offshore,0.3368034667644354
141,2,2030,wind_offshore,0.2590111639603907
141,3,2030,wind_offshore,0.21114728647471104
141,4,2030,wind_offshore,0.19623030929547508
141,5,2030,wind_offshore,0.19143617965360382
141,6,2030,wind_offshore,0.19775485454052794
141,7,2030,wind_offshore,0.22236824075051856
141,8,2030,wind_offshore,0.24179910031785817
141,9,2030,wind_offshore,0.2294376649349243
141,10,2030,wind_offshore,0.20169563034100096
141,11,2030,wind_offshore,0.22523995500289806
141,12,2030,wind_offshore,0.18681629682891715
141,13,2030,wind_offshore,0.14615939340534212
141,14,2030,wind_offshore,0.11846571914556682
141,15,2030,wind_offshore,0.11689391803917193
141,16,2030,wind_offshore,0.16193536231241656
141,17,2030,wind_offshore,0.27466834581458116
141,18,2030,wind_offshore,0.42652329226683044
141,19,2030,wind_offshore,0.5727269806380368
141,20,2030,wind_offshore,0.6590890163321372
141,21,2030,wind_offshore,0.6675117208614878
141,22,2030,wind_offshore,0.6331316905297922
141,23,2030,wind_offshore,0.5860616180249554
141,24,2030,wind_offshore,0.550940900501807
141,1,2030,wind_onshore,0.3067943034618409
141,2,2030,wind_onshore,0.32359219812681284
141,3,2030,wind_onshore,0.33119686338092136
141,4,2030,wind_onshore,0.34533312894769996
141,5,2030,wind_onshore,0.35558224454554566
141,6,2030,wind_onshore,0.36573729710467756
141,7,2030,wind_onshore,0.3650764456606197
141,8,2030,wind_onshore,0.3584974193989292
141,9,2030,wind_onshore,0.33186827735081914
141,10,2030,wind_onshore,0.35228596531869427
141,11,2030,wind_onshore,0.40704087968617986
141,12,2030,wind_onshore,0.4257733533106157
141,13,2030,wind_onshore,0.4327865955758605
141,14,2030,wind_onshore,0.44108703119098974
141,15,2030,wind_onshore,0.46088766428690187
141,16,2030,wind_onshore,0.4729448621867056
141,17,2030,wind_onshore,0.4827404110070761
141,18,2030,wind_onshore,0.4930530889835888
141,19,2030,wind_onshore,0.4791341411425463
141,20,2030,wind_onshore,0.5059535315911178
141,21,2030,wind_onshore,0.5240878738428367
141,22,2030,wind_onshore,0.5334171607715521
141,23,2030,wind_onshore,0.5086660328545398
141,24,2030,wind_onshore,0.49609527389125363
142,1,2030,demand,0.5236473502114307
142,2,2030,demand,0.5179596079780466
142,3,2030,demand,0.5083172077999039
142,4,2030,demand,0.5001585886069518
142,5,2030,demand,0.5064525195528232
142,6,2030,demand,0.5323204430591548
142,7,2030,demand,0.5609285080284516
142,8,2030,demand,0.5913557451258681
142,9,2030,demand,0.633230698281934
142,10,2030,demand,0.665500025371615
142,11,2030,demand,0.6983445414265186
142,12,2030,demand,0.7177659209924869
142,13,2030,demand,0.7191031027163681
142,14,2030,demand,0.7084061592122701
142,15,2030,demand,0.7037921197899434
142,16,2030,demand,0.7003617904673506
142,17,2030,demand,0.6947257437132427
142,18,2030,demand,0.6824385141655711
142,19,2030,demand,0.676371904201637
142,20,2030,demand,0.6616227921842633
142,21,2030,demand,0.6472513829441724
142,22,2030,demand,0.6063755889818877
142,23,2030,demand,0.5639217910318222
142,24,2030,demand,0.5520157321931597
142,1,2030,solar,0.0
142,2,2030,solar,0.0
142,3,2030,solar,0.0
142,4,2030,solar,0.0
142,5,2030,solar,0.0
142,6,2030,solar,5.684683828069189e-5
142,7,2030,solar,0.020313854517573414
142,8,2030,solar,0.15348491531384628
142,9,2030,solar,0.33070773091383476
142,10,2030,solar,0.487581366631703
142,11,2030,solar,0.591374542914497
142,12,2030,solar,0.6572892508594651
142,13,2030,solar,0.6762189673971404
142,14,2030,solar,0.6591963184026847
142,15,2030,solar,0.6017661599140792
142,16,2030,solar,0.5150931357554465
142,17,2030,solar,0.3805497944735977
142,18,2030,solar,0.2199381993584543
142,19,2030,solar,0.07596639638604989
142,20,2030,solar,0.004786020802320543
142,21,2030,solar,0.0
142,22,2030,solar,0.0
142,23,2030,solar,0.0
142,24,2030,solar,0.0
142,1,2030,wind_offshore,0.11831588507454913
142,2,2030,wind_offshore,0.1033222526557492
142,3,2030,wind_offshore,0.09364238424556649
142,4,2030,wind_offshore,0.09574722382793535
142,5,2030,wind_offshore,0.09817751120568066
142,6,2030,wind_offshore,0.12122341487918373
142,7,2030,wind_offshore,0.15597097186686693
142,8,2030,wind_offshore,0.17586380311173602
142,9,2030,wind_offshore,0.18819860857920787
142,10,2030,wind_offshore,0.20964963042872867
142,11,2030,wind_offshore,0.2255200888306052
142,12,2030,wind_offshore,0.2095170053777166
142,13,2030,wind_offshore,0.20384588271088688
142,14,2030,wind_offshore,0.1879081242397526
142,15,2030,wind_offshore,0.1800262407571655
142,16,2030,wind_offshore,0.18251504715554887
142,17,2030,wind_offshore,0.21333413367192225
142,18,2030,wind_offshore,0.2619865533780317
142,19,2030,wind_offshore,0.3075435403733489
142,20,2030,wind_offshore,0.3362977634874366
142,21,2030,wind_offshore,0.3600316152693033
142,22,2030,wind_offshore,0.3785456527219614
142,23,2030,wind_offshore,0.31399442822486384
142,24,2030,wind_offshore,0.31675985393557526
142,1,2030,wind_onshore,0.1905424743866126
142,2,2030,wind_onshore,0.17111281499052483
142,3,2030,wind_onshore,0.15928830258364843
142,4,2030,wind_onshore,0.14998996660878663
142,5,2030,wind_onshore,0.14342234684692173
142,6,2030,wind_onshore,0.13545985586175507
142,7,2030,wind_onshore,0.12660850442985566
142,8,2030,wind_onshore,0.10913798062505764
142,9,2030,wind_onshore,0.11674564084047474
142,10,2030,wind_onshore,0.13861063877596028
142,11,2030,wind_onshore,0.15382370851149357
142,12,2030,wind_onshore,0.17299785324468248
142,13,2030,wind_onshore,0.19130000140698225
142,14,2030,wind_onshore,0.19847846093618302
142,15,2030,wind_onshore,0.2029260585119314
142,16,2030,wind_onshore,0.20448119806930648
142,17,2030,wind_onshore,0.21964527194334046
142,18,2030,wind_onshore,0.23196144535247779
142,19,2030,wind_onshore,0.23533813407146553
142,20,2030,wind_onshore,0.22794678348572245
142,21,2030,wind_onshore,0.2320217268143383
142,22,2030,wind_onshore,0.21850244467388275
142,23,2030,wind_onshore,0.1969248529619505
142,24,2030,wind_onshore,0.19256583582073505
143,1,2030,demand,0.5178075018439826
143,2,2030,demand,0.5105913716518982
143,3,2030,demand,0.5009626639014579
143,4,2030,demand,0.496436585245283
143,5,2030,demand,0.5117826260984326
143,6,2030,demand,0.530570219275429
143,7,2030,demand,0.5579836843406865
143,8,2030,demand,0.5946469620146043
143,9,2030,demand,0.6337350679262146
143,10,2030,demand,0.6661196512112795
143,11,2030,demand,0.6919055265988177
143,12,2030,demand,0.7142314330314183
143,13,2030,demand,0.7166125882178445
143,14,2030,demand,0.7085326931037581
143,15,2030,demand,0.7014766342253335
143,16,2030,demand,0.7026978298292264
143,17,2030,demand,0.6987306281994629
143,18,2030,demand,0.6930073096613842
143,19,2030,demand,0.6818871617342156
143,20,2030,demand,0.6720695577084522
143,21,2030,demand,0.656057938974328
143,22,2030,demand,0.6124275967745391
143,23,2030,demand,0.5713911706779611
143,24,2030,demand,0.5631320415708393
143,1,2030,solar,0.0
143,2,2030,solar,0.0
143,3,2030,solar,0.0
143,4,2030,solar,0.0
143,5,2030,solar,0.0
143,6,2030,solar,0.00034021416924918545
143,7,2030,solar,0.035309252256966725
143,8,2030,solar,0.16222640922536763
143,9,2030,solar,0.33037817888824117
143,10,2030,solar,0.4845763444520661
143,11,2030,solar,0.5839997790718666
143,12,2030,solar,0.639114167299676
143,13,2030,solar,0.640064527919961
143,14,2030,solar,0.6082250762125417
143,15,2030,solar,0.5428561813560924
143,16,2030,solar,0.4527085856653426
143,17,2030,solar,0.3416307486305431
143,18,2030,solar,0.2085226516409943
143,19,2030,solar,0.08389874036886838
143,20,2030,solar,0.009699356303817066
143,21,2030,solar,0.0
143,22,2030,solar,0.0
143,23,2030,solar,0.0
143,24,2030,solar,0.0
143,1,2030,wind_offshore,0.042930337103719164
143,2,2030,wind_offshore,0.04952383814774982
143,3,2030,wind_offshore,0.04798506963708735
143,4,2030,wind_offshore,0.04639440792829227
143,5,2030,wind_offshore,0.04727021676474352
143,6,2030,wind_offshore,0.04453582711064939
143,7,2030,wind_offshore,0.039677276314756274
143,8,2030,wind_offshore,0.03249803434947994
143,9,2030,wind_offshore,0.024715528952785334
143,10,2030,wind_offshore,0.01723002705087371
143,11,2030,wind_offshore,0.009702603066690635
143,12,2030,wind_offshore,0.007896823577460042
143,13,2030,wind_offshore,0.006857377654004593
143,14,2030,wind_offshore,0.005502251674395764
143,15,2030,wind_offshore,0.0043121141593811885
143,16,2030,wind_offshore,0.006336111512666777
143,17,2030,wind_offshore,0.013105656312764844
143,18,2030,wind_offshore,0.020111324891892775
143,19,2030,wind_offshore,0.02708076793212478
143,20,2030,wind_offshore,0.03443363535328796
143,21,2030,wind_offshore,0.044513933352589824
143,22,2030,wind_offshore,0.05160768931603058
143,23,2030,wind_offshore,0.026073574946546663
143,24,2030,wind_offshore,0.019693240210474926
143,1,2030,wind_onshore,0.11338377549119127
143,2,2030,wind_onshore,0.10473317995321918
143,3,2030,wind_onshore,0.09744892732311669
143,4,2030,wind_onshore,0.09646573650552019
143,5,2030,wind_onshore,0.0881373185412989
143,6,2030,wind_onshore,0.08401707901369068
143,7,2030,wind_onshore,0.07581059900301554
143,8,2030,wind_onshore,0.061386401310016894
143,9,2030,wind_onshore,0.05475724001606791
143,10,2030,wind_onshore,0.05018212107932801
143,11,2030,wind_onshore,0.042834211822749026
143,12,2030,wind_onshore,0.03973756165891489
143,13,2030,wind_onshore,0.04175406682092325
143,14,2030,wind_onshore,0.05002385969586265
143,15,2030,wind_onshore,0.06299007559590417
143,16,2030,wind_onshore,0.07709265168484294
143,17,2030,wind_onshore,0.0858269295935182
143,18,2030,wind_onshore,0.09650039591292936
143,19,2030,wind_onshore,0.10679918950800356
143,20,2030,wind_onshore,0.10231334324881239
143,21,2030,wind_onshore,0.10359483461364112
143,22,2030,wind_onshore,0.09960516606546313
143,23,2030,wind_onshore,0.08745711700968194
143,24,2030,wind_onshore,0.07690888095283195
144,1,2030,demand,0.48602595737653953
144,2,2030,demand,0.4796611390810033
144,3,2030,demand,0.4702718401864302
144,4,2030,demand,0.4659875634828798
144,5,2030,demand,0.47396186453388517
144,6,2030,demand,0.4933315453972032
144,7,2030,demand,0.519770013839266
144,8,2030,demand,0.5560236452709784
144,9,2030,demand,0.5846708173876958
144,10,2030,demand,0.6025828900684544
144,11,2030,demand,0.6082334667560501
144,12,2030,demand,0.612295364500697
144,13,2030,demand,0.6074612112948123
144,14,2030,demand,0.596535078115334
144,15,2030,demand,0.5859146070943144
144,16,2030,demand,0.579042919315832
144,17,2030,demand,0.5803534656457205
144,18,2030,demand,0.5824784335192548
144,19,2030,demand,0.5943409951464231
144,20,2030,demand,0.6062657143354828
144,21,2030,demand,0.6054696989861841
144,22,2030,demand,0.5700102183263183
144,23,2030,demand,0.5294646300545747
144,24,2030,demand,0.5196322531192423
144,1,2030,solar,0.0
144,2,2030,solar,0.0
144,3,2030,solar,0.0
144,4,2030,solar,0.0
144,5,2030,solar,0.0
144,6,2030,solar,0.0
144,7,2030,solar,0.0
144,8,2030,solar,0.05995374902445244
144,9,2030,solar,0.2218567563775064
144,10,2030,solar,0.3886495965888957
144,11,2030,solar,0.5043226902609459
144,12,2030,solar,0.5821912283733576
144,13,2030,solar,0.6158962114599348
144,14,2030,solar,0.5929590020982711
144,15,2030,solar,0.5124780602659015
144,16,2030,solar,0.38878293099537453
144,17,2030,solar,0.2256208732927864
144,18,2030,solar,0.0676010606955202
144,19,2030,solar,0.0007604740999971559
144,20,2030,solar,0.0
144,21,2030,solar,0.0
144,22,2030,solar,0.0
144,23,2030,solar,0.0
144,24,2030,solar,0.0
144,1,2030,wind_offshore,0.6309118962987931
144,2,2030,wind_offshore,0.6666569481774838
144,3,2030,wind_offshore,0.6766025534858516
144,4,2030,wind_offshore,0.6933793052658059
144,5,2030,wind_offshore,0.6972945082963931
144,6,2030,wind_offshore,0.7288181608232909
144,7,2030,wind_offshore,0.7677324712904232
144,8,2030,wind_offshore,0.7877389946010591
144,9,2030,wind_offshore,0.8401004457657253
144,10,2030,wind_offshore,0.8702032107791338
144,11,2030,wind_offshore,0.8808680656371697
144,12,2030,wind_offshore,0.879215306009649
144,13,2030,wind_offshore,0.8657982760410443
144,14,2030,wind_offshore,0.8306084361641655
144,15,2030,wind_offshore,0.8264006896306249
144,16,2030,wind_offshore,0.8611250157203298
144,17,2030,wind_offshore,0.8891591382216756
144,18,2030,wind_offshore,0.914723439231426
144,19,2030,wind_offshore,0.9312281690786448
144,20,2030,wind_offshore,0.9383788989082066
144,21,2030,wind_offshore,0.9353176517188903
144,22,2030,wind_offshore,0.9361473558827128
144,23,2030,wind_offshore,0.9205985154088085
144,24,2030,wind_offshore,0.9012526177975694
144,1,2030,wind_onshore,0.17378320249502457
144,2,2030,wind_onshore,0.17483633943751575
144,3,2030,wind_onshore,0.17140020536200198
144,4,2030,wind_onshore,0.16849382262711232
144,5,2030,wind_onshore,0.16856958471937591
144,6,2030,wind_onshore,0.17421013607992447
144,7,2030,wind_onshore,0.1798842042676953
144,8,2030,wind_onshore,0.18815149654739233
144,9,2030,wind_onshore,0.1862589492678354
144,10,2030,wind_onshore,0.1838793508583082
144,11,2030,wind_onshore,0.1950492088988532
144,12,2030,wind_onshore,0.2193627824224883
144,13,2030,wind_onshore,0.24016572245423856
144,14,2030,wind_onshore,0.25077503037251586
144,15,2030,wind_onshore,0.26014134438096603
144,16,2030,wind_onshore,0.2673925131516379
144,17,2030,wind_onshore,0.2790274817935446
144,18,2030,wind_onshore,0.28591800631331027
144,19,2030,wind_onshore,0.30991078030024144
144,20,2030,wind_onshore,0.32006974512364905
144,21,2030,wind_onshore,0.32312589855485035
144,22,2030,wind_onshore,0.31570263390899683
144,23,2030,wind_onshore,0.303430658788242
144,24,2030,wind_onshore,0.2971002267232461
145,1,2030,demand,0.45789085136083585
145,2,2030,demand,0.44990404912832616
145,3,2030,demand,0.44435256748963026
145,4,2030,demand,0.4320357068975309
145,5,2030,demand,0.42338838583488303
145,6,2030,demand,0.4244055843353961
145,7,2030,demand,0.43862326891991754
145,8,2030,demand,0.4689890815228373
145,9,2030,demand,0.49797438457859877
145,10,2030,demand,0.5170046197000243
145,11,2030,demand,0.5249251963532009
145,12,2030,demand,0.519555175789516
145,13,2030,demand,0.5010392745831747
145,14,2030,demand,0.4942602300993153
145,15,2030,demand,0.48552352757783024
145,16,2030,demand,0.47641482281198977
145,17,2030,demand,0.46996860586741784
145,18,2030,demand,0.47250467488459524
145,19,2030,demand,0.4972870765399219
145,20,2030,demand,0.5232574338138447
145,21,2030,demand,0.5341516512758828
145,22,2030,demand,0.5104258963137426
145,23,2030,demand,0.4753049652033908
145,24,2030,demand,0.46617297125039714
145,1,2030,solar,0.0
145,2,2030,solar,0.0
145,3,2030,solar,0.0
145,4,2030,solar,0.0
145,5,2030,solar,0.0
145,6,2030,solar,0.0
145,7,2030,solar,3.5563166751237545e-5
145,8,2030,solar,0.09043329832038918
145,9,2030,solar,0.30738916214060863
145,10,2030,solar,0.5103676140798625
145,11,2030,solar,0.6498305126464144
145,12,2030,solar,0.7453321122982683
145,13,2030,solar,0.781171840849593
145,14,2030,solar,0.7720712866325667
145,15,2030,solar,0.6897263711432045
145,16,2030,solar,0.5613232960331221
145,17,2030,solar,0.3998129140911626
145,18,2030,solar,0.20784036182877022
145,19,2030,solar,0.03466541367345669
145,20,2030,solar,0.0
145,21,2030,solar,0.0
145,22,2030,solar,0.0
145,23,2030,solar,0.0
145,24,2030,solar,0.0
145,1,2030,wind_offshore,0.5411934861524883
145,2,2030,wind_offshore,0.524057823666854
145,3,2030,wind_offshore,0.5119074177493188
145,4,2030,wind_offshore,0.4873407895221529
145,5,2030,wind_offshore,0.4548885477450597
145,6,2030,wind_offshore,0.38950132076014593
145,7,2030,wind_offshore,0.3872294158966133
145,8,2030,wind_offshore,0.4769198059316526
145,9,2030,wind_offshore,0.5953912695765917
145,10,2030,wind_offshore,0.6916988160322384
145,11,2030,wind_offshore,0.6999507673111343
145,12,2030,wind_offshore,0.7266046777861763
145,13,2030,wind_offshore,0.7201411521813841
145,14,2030,wind_offshore,0.7793510373485815
145,15,2030,wind_offshore,0.8904500066156602
145,16,2030,wind_offshore,0.9402844970879443
145,17,2030,wind_offshore,0.9737959841629609
145,18,2030,wind_offshore,0.9743200402238159
145,19,2030,wind_offshore,0.9801289445975683
145,20,2030,wind_offshore,0.9921965739781775
145,21,2030,wind_offshore,0.9998538568449864
145,22,2030,wind_offshore,1.00094466192561
145,23,2030,wind_offshore,1.000736850392364
145,24,2030,wind_offshore,1.0116280309645245
145,1,2030,wind_onshore,0.4876367981614238
145,2,2030,wind_onshore,0.468706293392389
145,3,2030,wind_onshore,0.45692935715678273
145,4,2030,wind_onshore,0.4383387276729903
145,5,2030,wind_onshore,0.41670551001867273
145,6,2030,wind_onshore,0.40450170770047666
145,7,2030,wind_onshore,0.4126598103997105
145,8,2030,wind_onshore,0.42488953742416613
145,9,2030,wind_onshore,0.45440967812432576
145,10,2030,wind_onshore,0.4609295689100644
145,11,2030,wind_onshore,0.42985555966600264
145,12,2030,wind_onshore,0.42086522820733496
145,13,2030,wind_onshore,0.41803527343547175
145,14,2030,wind_onshore,0.4280876865915083
145,15,2030,wind_onshore,0.44412711198818255
145,16,2030,wind_onshore,0.47655588469547083
145,17,2030,wind_onshore,0.49888291660860395
145,18,2030,wind_onshore,0.5292192127673552
145,19,2030,wind_onshore,0.554174403599232
145,20,2030,wind_onshore,0.6058781392282214
145,21,2030,wind_onshore,0.6226143116495302
145,22,2030,wind_onshore,0.585249732734626
145,23,2030,wind_onshore,0.5199864634789383
145,24,2030,wind_onshore,0.4663218747942006
146,1,2030,demand,0.5070747847388077
146,2,2030,demand,0.4916140671813546
146,3,2030,demand,0.48059088642847647
146,4,2030,demand,0.473555579751874
146,5,2030,demand,0.46515994004315336
146,6,2030,demand,0.45388985615016453
146,7,2030,demand,0.462575240622207
146,8,2030,demand,0.49106475120522197
146,9,2030,demand,0.529114407621202
146,10,2030,demand,0.567400415674187
146,11,2030,demand,0.5842605899563408
146,12,2030,demand,0.5822982905199627
146,13,2030,demand,0.5762207849907701
146,14,2030,demand,0.5708731682966681
146,15,2030,demand,0.552131443461751
146,16,2030,demand,0.5356941368025889
146,17,2030,demand,0.529648588387067
146,18,2030,demand,0.535750455162485
146,19,2030,demand,0.5587266204169088
146,20,2030,demand,0.5819595350776661
146,21,2030,demand,0.5925849805368655
146,22,2030,demand,0.5780508242602966
146,23,2030,demand,0.5410410184690406
146,24,2030,demand,0.5214592438607993
146,1,2030,solar,0.0
146,2,2030,solar,0.0
146,3,2030,solar,0.0
146,4,2030,solar,0.0
146,5,2030,solar,0.0
146,6,2030,solar,0.0
146,7,2030,solar,0.0
146,8,2030,solar,0.0
146,9,2030,solar,0.09499227598974164
146,10,2030,solar,0.24129819492352175
146,11,2030,solar,0.3638197613098769
146,12,2030,solar,0.4703683443029244
146,13,2030,solar,0.523270224617769
146,14,2030,solar,0.5034548637577381
146,15,2030,solar,0.4337956690409881
146,16,2030,solar,0.3270740976468097
146,17,2030,solar,0.19940297359094947
146,18,2030,solar,0.07368233764143059
146,19,2030,solar,0.0
146,20,2030,solar,0.0
146,21,2030,solar,0.0
146,22,2030,solar,0.0
146,23,2030,solar,0.0
146,24,2030,solar,0.0
146,1,2030,wind_offshore,0.5474962644502505
146,2,2030,wind_offshore,0.3461879544877452
146,3,2030,wind_offshore,0.25357125838647276
146,4,2030,wind_offshore,0.19086200732324804
146,5,2030,wind_offshore,0.15400847323272582
146,6,2030,wind_offshore,0.16927322069609868
146,7,2030,wind_offshore,0.1781533334903559
146,8,2030,wind_offshore,0.19734182738839356
146,9,2030,wind_offshore,0.139279627382698
146,10,2030,wind_offshore,0.055434926614456786
146,11,2030,wind_offshore,0.2842621433086309
146,12,2030,wind_offshore,0.32253466744397064
146,13,2030,wind_offshore,0.4875071013577532
146,14,2030,wind_offshore,0.8338625405358019
146,15,2030,wind_offshore,0.9483052215020861
146,16,2030,wind_offshore,0.9520358890877405
146,17,2030,wind_offshore,0.8961683643740144
146,18,2030,wind_offshore,0.91833463772121
146,19,2030,wind_offshore,0.9017768001537243
146,20,2030,wind_offshore,0.8277983694868081
146,21,2030,wind_offshore,0.7354298001524217
146,22,2030,wind_offshore,0.6847779974433994
146,23,2030,wind_offshore,0.7181794191447506
146,24,2030,wind_offshore,0.68476334065717
146,1,2030,wind_onshore,0.4273508684595324
146,2,2030,wind_onshore,0.3946488441466358
146,3,2030,wind_onshore,0.36859781581935624
146,4,2030,wind_onshore,0.3423949531406892
146,5,2030,wind_onshore,0.3247297966208395
146,6,2030,wind_onshore,0.3083956212716163
146,7,2030,wind_onshore,0.31242528646811685
146,8,2030,wind_onshore,0.3252973315639115
146,9,2030,wind_onshore,0.3422218106183458
146,10,2030,wind_onshore,0.3421168398939598
146,11,2030,wind_onshore,0.3914642707521231
146,12,2030,wind_onshore,0.434127169219784
146,13,2030,wind_onshore,0.4664658682827951
146,14,2030,wind_onshore,0.48976299491481423
146,15,2030,wind_onshore,0.5450575508726195
146,16,2030,wind_onshore,0.5760875012838378
146,17,2030,wind_onshore,0.6032005809063826
146,18,2030,wind_onshore,0.5975376236121235
146,19,2030,wind_onshore,0.5474480734619657
146,20,2030,wind_onshore,0.5092897144914288
146,21,2030,wind_onshore,0.5149828823021387
146,22,2030,wind_onshore,0.5303756065355154
146,23,2030,wind_onshore,0.5946621954528379
146,24,2030,wind_onshore,0.5723549989636936
147,1,2030,demand,0.5134975818725251
147,2,2030,demand,0.49412195747987847
147,3,2030,demand,0.48504855616034376
147,4,2030,demand,0.47025699239661317
147,5,2030,demand,0.4712277925964603
147,6,2030,demand,0.49327475559205775
147,7,2030,demand,0.5403009621222478
147,8,2030,demand,0.5972871347222534
147,9,2030,demand,0.636403033855927
147,10,2030,demand,0.6577182314868492
147,11,2030,demand,0.6677066901198403
147,12,2030,demand,0.6664847597479844
147,13,2030,demand,0.6605079239172379
147,14,2030,demand,0.6422497297556449
147,15,2030,demand,0.6193874265330234
147,16,2030,demand,0.6068575150062139
147,17,2030,demand,0.6012190947192085
147,18,2030,demand,0.6189626581535159
147,19,2030,demand,0.6551836388727108
147,20,2030,demand,0.6845437931264633
147,21,2030,demand,0.6838178008025804
147,22,2030,demand,0.642238119161174
147,23,2030,demand,0.5851560715275392
147,24,2030,demand,0.5597431821028205
147,1,2030,solar,0.0
147,2,2030,solar,0.0
147,3,2030,solar,0.0
147,4,2030,solar,0.0
147,5,2030,solar,0.0
147,6,2030,solar,0.0
147,7,2030,solar,0.0
147,8,2030,solar,0.027293163396611992
147,9,2030,solar,0.19477132774390066
147,10,2030,solar,0.4033965389159799
147,11,2030,solar,0.569392203252678
147,12,2030,solar,0.6558084776635771
147,13,2030,solar,0.6637430740102896
147,14,2030,solar,0.6472749888349967
147,15,2030,solar,0.5914340175747568
147,16,2030,solar,0.4964556790117399
147,17,2030,solar,0.3571445155123374
147,18,2030,solar,0.16684840471796872
147,19,2030,solar,0.008905035608568868
147,20,2030,solar,0.0
147,21,2030,solar,0.0
147,22,2030,solar,0.0
147,23,2030,solar,0.0
147,24,2030,solar,0.0
147,1,2030,wind_offshore,0.9610764397129702
147,2,2030,wind_offshore,0.9637869654983551
147,3,2030,wind_offshore,0.964290089078826
147,4,2030,wind_offshore,0.9688041347372746
147,5,2030,wind_offshore,0.9674413802869457
147,6,2030,wind_offshore,0.9547862196083496
147,7,2030,wind_offshore,0.958302137783682
147,8,2030,wind_offshore,0.9522042664646982
147,9,2030,wind_offshore,0.9478922625569444
147,10,2030,wind_offshore,0.9166729705388795
147,11,2030,wind_offshore,0.8404460177395139
147,12,2030,wind_offshore,0.8172665040831929
147,13,2030,wind_offshore,0.7997040593438575
147,14,2030,wind_offshore,0.7757098515828743
147,15,2030,wind_offshore,0.7477530879223953
147,16,2030,wind_offshore,0.6644731304100263
147,17,2030,wind_offshore,0.5996416059854697
147,18,2030,wind_offshore,0.5929221678430409
147,19,2030,wind_offshore,0.5947028627972377
147,20,2030,wind_offshore,0.6241531500714433
147,21,2030,wind_offshore,0.5869154859724794
147,22,2030,wind_offshore,0.6251931125028588
147,23,2030,wind_offshore,0.7162979745451667
147,24,2030,wind_offshore,0.8281397084944886
147,1,2030,wind_onshore,0.5351986163111819
147,2,2030,wind_onshore,0.5334801496510239
147,3,2030,wind_onshore,0.5230318335124275
147,4,2030,wind_onshore,0.5225632769463571
147,5,2030,wind_onshore,0.5235440078042966
147,6,2030,wind_onshore,0.511957768840671
147,7,2030,wind_onshore,0.4841365516203166
147,8,2030,wind_onshore,0.4594664446822023
147,9,2030,wind_onshore,0.4245533506186818
147,10,2030,wind_onshore,0.4280365378335822
147,11,2030,wind_onshore,0.5561602488214146
147,12,2030,wind_onshore,0.5981197686882596
147,13,2030,wind_onshore,0.6051197556857815
147,14,2030,wind_onshore,0.5862607122752406
147,15,2030,wind_onshore,0.5663413673364304
147,16,2030,wind_onshore,0.5168259777980024
147,17,2030,wind_onshore,0.4625494535645203
147,18,2030,wind_onshore,0.35859177618468174
147,19,2030,wind_onshore,0.26633377990073914
147,20,2030,wind_onshore,0.225093754900253
147,21,2030,wind_onshore,0.1945923240670382
147,22,2030,wind_onshore,0.16786972471390027
147,23,2030,wind_onshore,0.2063490157437884
147,24,2030,wind_onshore,0.19030386803824834
148,1,2030,demand,0.5129990095704664
148,2,2030,demand,0.49467655046544246
148,3,2030,demand,0.4810353287314084
148,4,2030,demand,0.4737728112317318
148,5,2030,demand,0.4741558662039913
148,6,2030,demand,0.48353658841632274
148,7,2030,demand,0.5126765287507128
148,8,2030,demand,0.5507102889291574
148,9,2030,demand,0.586900490458555
148,10,2030,demand,0.6122898491486662
148,11,2030,demand,0.6247341573819848
148,12,2030,demand,0.6173848385335615
148,13,2030,demand,0.616777836617097
148,14,2030,demand,0.5992355349970034
148,15,2030,demand,0.586671690923392
148,16,2030,demand,0.5746172442841387
148,17,2030,demand,0.5687238909509758
148,18,2030,demand,0.5723390791483095
148,19,2030,demand,0.5962767712945695
148,20,2030,demand,0.6222551152428574
148,21,2030,demand,0.6304499596057765
148,22,2030,demand,0.5960100529367066
148,23,2030,demand,0.5501635890350417
148,24,2030,demand,0.5318372714529543
148,1,2030,solar,0.0
148,2,2030,solar,0.0
148,3,2030,solar,0.0
148,4,2030,solar,0.0
148,5,2030,solar,0.0
148,6,2030,solar,0.0
148,7,2030,solar,0.0017054159694131082
148,8,2030,solar,0.05135379847416194
148,9,2030,solar,0.20280275682676555
148,10,2030,solar,0.3738628130184723
148,11,2030,solar,0.501756773375055
148,12,2030,solar,0.5847046847876037
148,13,2030,solar,0.6170353175024311
148,14,2030,solar,0.6108177161423319
148,15,2030,solar,0.5496692885431004
148,16,2030,solar,0.45738251132528945
148,17,2030,solar,0.32009831209808703
148,18,2030,solar,0.15515361441396416
148,19,2030,solar,0.018411898268778367
148,20,2030,solar,0.0
148,21,2030,solar,0.0
148,22,2030,solar,0.0
148,23,2030,solar,0.0
148,24,2030,solar,0.0
148,1,2030,wind_offshore,0.9428420079953783
148,2,2030,wind_offshore,0.9429560690095263
148,3,2030,wind_offshore,0.9347330224455396
148,4,2030,wind_offshore,0.9367475846355573
148,5,2030,wind_offshore,0.9339137899289174
148,6,2030,wind_offshore,0.9370315326941397
148,7,2030,wind_offshore,0.938678558932144
148,8,2030,wind_offshore,0.9378666879650724
148,9,2030,wind_offshore,0.9421778034433475
148,10,2030,wind_offshore,0.9430858653648064
148,11,2030,wind_offshore,0.9411750879807851
148,12,2030,wind_offshore,0.9464379128071988
148,13,2030,wind_offshore,0.9436062329375118
148,14,2030,wind_offshore,0.936122697535614
148,15,2030,wind_offshore,0.9297043472398414
148,16,2030,wind_offshore,0.9277320039205911
148,17,2030,wind_offshore,0.9316409664555055
148,18,2030,wind_offshore,0.927807255503042
148,19,2030,wind_offshore,0.9374996392110848
148,20,2030,wind_offshore,0.9488138754156344
148,21,2030,wind_offshore,0.9574970236782553
148,22,2030,wind_offshore,0.9523935902385293
148,23,2030,wind_offshore,0.9570673498435259
148,24,2030,wind_offshore,0.9595155428735498
148,1,2030,wind_onshore,0.5271745192246521
148,2,2030,wind_onshore,0.525885658945746
148,3,2030,wind_onshore,0.5255273706700684
148,4,2030,wind_onshore,0.522151249570648
148,5,2030,wind_onshore,0.5273422166296885
148,6,2030,wind_onshore,0.5333106930409889
148,7,2030,wind_onshore,0.5337565506193879
148,8,2030,wind_onshore,0.5328811127617031
148,9,2030,wind_onshore,0.5473150767844609
148,10,2030,wind_onshore,0.562604258760682
148,11,2030,wind_onshore,0.5842654593039908
148,12,2030,wind_onshore,0.6117544843301018
148,13,2030,wind_onshore,0.631799069495884
148,14,2030,wind_onshore,0.6448278774685555
148,15,2030,wind_onshore,0.6538531712158764
148,16,2030,wind_onshore,0.6532219621970647
148,17,2030,wind_onshore,0.6489243123642376
148,18,2030,wind_onshore,0.6206101949006396
148,19,2030,wind_onshore,0.6122049972873866
148,20,2030,wind_onshore,0.6090465654916457
148,21,2030,wind_onshore,0.6007869101203286
148,22,2030,wind_onshore,0.5840945701686667
148,23,2030,wind_onshore,0.5532556199889308
148,24,2030,wind_onshore,0.5384663568319307
149,1,2030,demand,0.49342199083682503
149,2,2030,demand,0.4828548102833047
149,3,2030,demand,0.46769476090814255
149,4,2030,demand,0.4630251450991453
149,5,2030,demand,0.4741274523459573
149,6,2030,demand,0.4920137830477218
149,7,2030,demand,0.5349925089261203
149,8,2030,demand,0.578925605825189
149,9,2030,demand,0.6164598374369379
149,10,2030,demand,0.6334872508160734
149,11,2030,demand,0.6452404267594904
149,12,2030,demand,0.6431570315650568
149,13,2030,demand,0.6366251669776701
149,14,2030,demand,0.6139591697288747
149,15,2030,demand,0.6154835420769098
149,16,2030,demand,0.610583121066171
149,17,2030,demand,0.6110267055439136
149,18,2030,demand,0.6341430588092255
149,19,2030,demand,0.668569718696113
149,20,2030,demand,0.6874925418120639
149,21,2030,demand,0.6841304825745645
149,22,2030,demand,0.6397243950329972
149,23,2030,demand,0.5852241915968832
149,24,2030,demand,0.5616294567127629
149,1,2030,solar,0.0
149,2,2030,solar,0.0
149,3,2030,solar,0.0
149,4,2030,solar,0.0
149,5,2030,solar,0.0
149,6,2030,solar,0.0
149,7,2030,solar,0.0
149,8,2030,solar,0.0
149,9,2030,solar,0.1570457615742989
149,10,2030,solar,0.3212441781280482
149,11,2030,solar,0.4423302720789348
149,12,2030,solar,0.50775438729517
149,13,2030,solar,0.4936046713476775
149,14,2030,solar,0.41486914461404933
149,15,2030,solar,0.2854505321886882
149,16,2030,solar,0.17089405617412506
149,17,2030,solar,0.07152823824544471
149,18,2030,solar,0.0
149,19,2030,solar,0.0
149,20,2030,solar,0.0
149,21,2030,solar,0.0
149,22,2030,solar,0.0
149,23,2030,solar,0.0
149,24,2030,solar,0.0
149,1,2030,wind_offshore,0.9645902635015644
149,2,2030,wind_offshore,0.9717609847579176
149,3,2030,wind_offshore,0.9697123934290188
149,4,2030,wind_offshore,0.9643122194969713
149,5,2030,wind_offshore,0.9616179978421505
149,6,2030,wind_offshore,0.9544593628405967
149,7,2030,wind_offshore,0.8928177297438684
149,8,2030,wind_offshore,0.6621212633183952
149,9,2030,wind_offshore,0.42456432282566314
149,10,2030,wind_offshore,0.3665808890236857
149,11,2030,wind_offshore,0.3302278243400836
149,12,2030,wind_offshore,0.3800908687048481
149,13,2030,wind_offshore,0.4694666444366179
149,14,2030,wind_offshore,0.5409440779923327
149,15,2030,wind_offshore,0.5736754190254303
149,16,2030,wind_offshore,0.6405909588332571
149,17,2030,wind_offshore,0.7130656509313087
149,18,2030,wind_offshore,0.6845103940823042
149,19,2030,wind_offshore,0.7258882172064829
149,20,2030,wind_offshore,0.8306928286445243
149,21,2030,wind_offshore,0.8316915298410921
149,22,2030,wind_offshore,0.4802809194156167
149,23,2030,wind_offshore,0.2258504571006465
149,24,2030,wind_offshore,0.38437201801292853
149,1,2030,wind_onshore,0.362430127839824
149,2,2030,wind_onshore,0.36663098264759136
149,3,2030,wind_onshore,0.37333355894231374
149,4,2030,wind_onshore,0.3636538055035963
149,5,2030,wind_onshore,0.36475915459219277
149,6,2030,wind_onshore,0.3674197621483171
149,7,2030,wind_onshore,0.37467513972193933
149,8,2030,wind_onshore,0.3784871151429916
149,9,2030,wind_onshore,0.3704478605618511
149,10,2030,wind_onshore,0.3180507545709984
149,11,2030,wind_onshore,0.34673139048059465
149,12,2030,wind_onshore,0.4074075345402254
149,13,2030,wind_onshore,0.42409457939054235
149,14,2030,wind_onshore,0.4671986391476276
149,15,2030,wind_onshore,0.49185217771238376
149,16,2030,wind_onshore,0.47597843752293545
149,17,2030,wind_onshore,0.4311261755554102
149,18,2030,wind_onshore,0.38264629077084145
149,19,2030,wind_onshore,0.37653219361902357
149,20,2030,wind_onshore,0.39236580390191
149,21,2030,wind_onshore,0.4060967267999772
149,22,2030,wind_onshore,0.411591870459598
149,23,2030,wind_onshore,0.41250409428903456
149,24,2030,wind_onshore,0.4029267480526413
150,1,2030,demand,0.49291478549835
150,2,2030,demand,0.48586060630150607
150,3,2030,demand,0.4687706812297383
150,4,2030,demand,0.45600392704974757
150,5,2030,demand,0.44232475420181544
150,6,2030,demand,0.4294235817378713
150,7,2030,demand,0.42794489635620137
150,8,2030,demand,0.4406190445622383
150,9,2030,demand,0.47204537693712056
150,10,2030,demand,0.5028810220672577
150,11,2030,demand,0.5294343174029443
150,12,2030,demand,0.5415564544445697
150,13,2030,demand,0.5464819944419996
150,14,2030,demand,0.5532451830317608
150,15,2030,demand,0.5431627227966657
150,16,2030,demand,0.5405318702063509
150,17,2030,demand,0.5463765089149095
150,18,2030,demand,0.563744981789104
150,19,2030,demand,0.581506192062955
150,20,2030,demand,0.5864221893234047
150,21,2030,demand,0.5943256506998155
150,22,2030,demand,0.5819695598949188
150,23,2030,demand,0.5519441283161233
150,24,2030,demand,0.5451280841093219
150,1,2030,solar,0.0
150,2,2030,solar,0.0
150,3,2030,solar,0.0
150,4,2030,solar,0.0
150,5,2030,solar,0.0
150,6,2030,solar,0.0
150,7,2030,solar,0.0
150,8,2030,solar,0.0
150,9,2030,solar,0.004963907402203508
150,10,2030,solar,0.03824568482119331
150,11,2030,solar,0.08276768641291377
150,12,2030,solar,0.11705583854243182
150,13,2030,solar,0.1301512125401626
150,14,2030,solar,0.13258270940316527
150,15,2030,solar,0.12844665416076986
150,16,2030,solar,0.09538456627705724
150,17,2030,solar,0.03558791918889399
150,18,2030,solar,0.0
150,19,2030,solar,0.0
150,20,2030,solar,0.0
150,21,2030,solar,0.0
150,22,2030,solar,0.0
150,23,2030,solar,0.0
150,24,2030,solar,0.0
150,1,2030,wind_offshore,0.9342861265150726
150,2,2030,wind_offshore,0.9451799801273153
150,3,2030,wind_offshore,0.9371351276470412
150,4,2030,wind_offshore,0.9121599774421512
150,5,2030,wind_offshore,0.8793960960897971
150,6,2030,wind_offshore,0.8452708210534484
150,7,2030,wind_offshore,0.8551500235931755
150,8,2030,wind_offshore,0.8260165167739877
150,9,2030,wind_offshore,0.8261159429026731
150,10,2030,wind_offshore,0.7505788345292599
150,11,2030,wind_offshore,0.7025782269453063
150,12,2030,wind_offshore,0.6811434219237036
150,13,2030,wind_offshore,0.6385947894707218
150,14,2030,wind_offshore,0.6013392665874208
150,15,2030,wind_offshore,0.5233092765432817
150,16,2030,wind_offshore,0.5249752048490022
150,17,2030,wind_offshore,0.5622582760350638
150,18,2030,wind_offshore,0.671919945233089
150,19,2030,wind_offshore,0.8337503664275382
150,20,2030,wind_offshore,0.8952343258893172
150,21,2030,wind_offshore,0.9337901744550409
150,22,2030,wind_offshore,0.9375124835838096
150,23,2030,wind_offshore,0.934357625031403
150,24,2030,wind_offshore,0.9447629825386752
150,1,2030,wind_onshore,0.7559984271454051
150,2,2030,wind_onshore,0.7486862599301123
150,3,2030,wind_onshore,0.7484451243883983
150,4,2030,wind_onshore,0.7370422636013498
150,5,2030,wind_onshore,0.7476057090888059
150,6,2030,wind_onshore,0.7295239367679673
150,7,2030,wind_onshore,0.7068688666632352
150,8,2030,wind_onshore,0.6818131341910987
150,9,2030,wind_onshore,0.6693183166280535
150,10,2030,wind_onshore,0.6622645224720798
150,11,2030,wind_onshore,0.651143899064434
150,12,2030,wind_onshore,0.6616812463068313
150,13,2030,wind_onshore,0.6488806758770358
150,14,2030,wind_onshore,0.6506825696626677
150,15,2030,wind_onshore,0.646613025076167
150,16,2030,wind_onshore,0.6412347625235476
150,17,2030,wind_onshore,0.6526538279333103
150,18,2030,wind_onshore,0.6513314955020699
150,19,2030,wind_onshore,0.6617755282016322
150,20,2030,wind_onshore,0.6912074029367634
150,21,2030,wind_onshore,0.7310346087822455
150,22,2030,wind_onshore,0.7586395243787674
150,23,2030,wind_onshore,0.7495021708727388
150,24,2030,wind_onshore,0.785437551250869
151,1,2030,demand,0.4657987927580497
151,2,2030,demand,0.46291114638245245
151,3,2030,demand,0.46903072505549226
151,4,2030,demand,0.4599891303929341
151,5,2030,demand,0.4785642563468777
151,6,2030,demand,0.5101823392118097
151,7,2030,demand,0.5510092083536313
151,8,2030,demand,0.5910729884033097
151,9,2030,demand,0.6143466025276592
151,10,2030,demand,0.6207703610789033
151,11,2030,demand,0.6238020635083497
151,12,2030,demand,0.6220569865488684
151,13,2030,demand,0.6225730429241592
151,14,2030,demand,0.6085050399371787
151,15,2030,demand,0.6028287826281222
151,16,2030,demand,0.6019391042932034
151,17,2030,demand,0.5990300128575425
151,18,2030,demand,0.6039836029163919
151,19,2030,demand,0.6138144176155766
151,20,2030,demand,0.6245879709796839
151,21,2030,demand,0.6110740872051229
151,22,2030,demand,0.5714430025058814
151,23,2030,demand,0.5275248362439853
151,24,2030,demand,0.5259256283841562
151,1,2030,solar,0.0
151,2,2030,solar,0.0
151,3,2030,solar,0.0
151,4,2030,solar,0.0
151,5,2030,solar,0.0
151,6,2030,solar,0.0
151,7,2030,solar,0.03562618926430061
151,8,2030,solar,0.18542260049407971
151,9,2030,solar,0.37172374875887837
151,10,2030,solar,0.5492617827377818
151,11,2030,solar,0.6623180531685198
151,12,2030,solar,0.7071398537105482
151,13,2030,solar,0.7041739513137766
151,14,2030,solar,0.6784959100838093
151,15,2030,solar,0.6052152543988003
151,16,2030,solar,0.5100831847260874
151,17,2030,solar,0.3707874574091661
151,18,2030,solar,0.20812162123140915
151,19,2030,solar,0.07274235643925564
151,20,2030,solar,0.0019501170104425113
151,21,2030,solar,0.0
151,22,2030,solar,0.0
151,23,2030,solar,0.0
151,24,2030,solar,0.0
151,1,2030,wind_offshore,0.2565077558231729
151,2,2030,wind_offshore,0.1659435278617059
151,3,2030,wind_offshore,0.06527903776414885
151,4,2030,wind_offshore,0.042027927479698524
151,5,2030,wind_offshore,0.08820232787669618
151,6,2030,wind_offshore,0.13008459762127722
151,7,2030,wind_offshore,0.17347494700393484
151,8,2030,wind_offshore,0.24412098935872914
151,9,2030,wind_offshore,0.32261345779276934
151,10,2030,wind_offshore,0.39515409414299607
151,11,2030,wind_offshore,0.7664944371724483
151,12,2030,wind_offshore,0.7252845636340505
151,13,2030,wind_offshore,0.7323081268601436
151,14,2030,wind_offshore,0.8085570447766798
151,15,2030,wind_offshore,0.9163359595104139
151,16,2030,wind_offshore,0.952223332670002
151,17,2030,wind_offshore,0.929619219432962
151,18,2030,wind_offshore,0.8824318030120618
151,19,2030,wind_offshore,0.8594607117610537
151,20,2030,wind_offshore,0.8674737418963394
151,21,2030,wind_offshore,0.8942848119577684
151,22,2030,wind_offshore,0.8976943846210995
151,23,2030,wind_offshore,0.9430688225366722
151,24,2030,wind_offshore,0.9749270414817347
151,1,2030,wind_onshore,0.14609297943038468
151,2,2030,wind_onshore,0.20168181288375822
151,3,2030,wind_onshore,0.2616303776526474
151,4,2030,wind_onshore,0.31672192800870896
151,5,2030,wind_onshore,0.3533140282465593
151,6,2030,wind_onshore,0.3839056719786138
151,7,2030,wind_onshore,0.3900748639531115
151,8,2030,wind_onshore,0.385506781725146
151,9,2030,wind_onshore,0.38151819170330714
151,10,2030,wind_onshore,0.39641369218949896
151,11,2030,wind_onshore,0.4041682443309188
151,12,2030,wind_onshore,0.42544968912590564
151,13,2030,wind_onshore,0.45043440679416014
151,14,2030,wind_onshore,0.4849899267807244
151,15,2030,wind_onshore,0.48712769717289556
151,16,2030,wind_onshore,0.48458580763412307
151,17,2030,wind_onshore,0.4693971063505504
151,18,2030,wind_onshore,0.4133044161654268
151,19,2030,wind_onshore,0.32331387111477095
151,20,2030,wind_onshore,0.27545617194919547
151,21,2030,wind_onshore,0.24606030196111273
151,22,2030,wind_onshore,0.21987525649191364
151,23,2030,wind_onshore,0.2484021115101412
151,24,2030,wind_onshore,0.26061839927913333
152,1,2030,demand,0.4738164366788645
152,2,2030,demand,0.4718608814268264
152,3,2030,demand,0.4576284163786086
152,4,2030,demand,0.4450210562260539
152,5,2030,demand,0.4487961322264626
152,6,2030,demand,0.4551948854530724
152,7,2030,demand,0.4796806337469572
152,8,2030,demand,0.5140266192953528
152,9,2030,demand,0.5382324057268569
152,10,2030,demand,0.5611323861620103
152,11,2030,demand,0.5641376345619236
152,12,2030,demand,0.5608570797688068
152,13,2030,demand,0.5462746780127408
152,14,2030,demand,0.5243096098270785
152,15,2030,demand,0.5225954145285877
152,16,2030,demand,0.515080107341096
152,17,2030,demand,0.5211796433676745
152,18,2030,demand,0.5190676580564427
152,19,2030,demand,0.5392220518145426
152,20,2030,demand,0.5574989854730387
152,21,2030,demand,0.5567165177145514
152,22,2030,demand,0.5273050272392318
152,23,2030,demand,0.4956248299585501
152,24,2030,demand,0.48541416813157096
152,1,2030,solar,0.0
152,2,2030,solar,0.0
152,3,2030,solar,0.0
152,4,2030,solar,0.0
152,5,2030,solar,0.0
152,6,2030,solar,0.0
152,7,2030,solar,0.00012996768833460395
152,8,2030,solar,0.09567492369971416
152,9,2030,solar,0.3181173792392368
152,10,2030,solar,0.5415466102235356
152,11,2030,solar,0.6914993878541725
152,12,2030,solar,0.8164942640702855
152,13,2030,solar,0.8644086165830254
152,14,2030,solar,0.8653849294748178
152,15,2030,solar,0.7888482132307981
152,16,2030,solar,0.6578679909249749
152,17,2030,solar,0.47769761229954993
152,18,2030,solar,0.2431658949403016
152,19,2030,solar,0.03789283357446849
152,20,2030,solar,0.0
152,21,2030,solar,0.0
152,22,2030,solar,0.0
152,23,2030,solar,0.0
152,24,2030,solar,0.0
152,1,2030,wind_offshore,1.0686760334074874
152,2,2030,wind_offshore,1.0696662035180913
152,3,2030,wind_offshore,1.073722990264283
152,4,2030,wind_offshore,1.0649091566490907
152,5,2030,wind_offshore,1.066194927361861
152,6,2030,wind_offshore,1.0506249398179541
152,7,2030,wind_offshore,1.0495016175337262
152,8,2030,wind_offshore,1.0547496456732388
152,9,2030,wind_offshore,1.0449342598759013
152,10,2030,wind_offshore,1.034521099728899
152,11,2030,wind_offshore,1.0198405147033502
152,12,2030,wind_offshore,1.0003960916831123
152,13,2030,wind_offshore,1.0032797193875205
152,14,2030,wind_offshore,1.0006902386200507
152,15,2030,wind_offshore,0.9917942082218192
152,16,2030,wind_offshore,1.0075239120691486
152,17,2030,wind_offshore,0.994663358331407
152,18,2030,wind_offshore,0.9953089802329576
152,19,2030,wind_offshore,0.9874137276036572
152,20,2030,wind_offshore,0.9981947518062638
152,21,2030,wind_offshore,1.008842061989406
152,22,2030,wind_offshore,0.990803713917339
152,23,2030,wind_offshore,0.9968093775248157
152,24,2030,wind_offshore,0.9848339026673822
152,1,2030,wind_onshore,0.4159077768395568
152,2,2030,wind_onshore,0.3763204127868461
152,3,2030,wind_onshore,0.33643762875832256
152,4,2030,wind_onshore,0.30259830070957444
152,5,2030,wind_onshore,0.283082254151478
152,6,2030,wind_onshore,0.27318228392940835
152,7,2030,wind_onshore,0.26643975468353914
152,8,2030,wind_onshore,0.2509271651254254
152,9,2030,wind_onshore,0.2207137819361657
152,10,2030,wind_onshore,0.22741501468576528
152,11,2030,wind_onshore,0.23596508384909096
152,12,2030,wind_onshore,0.2448153909751053
152,13,2030,wind_onshore,0.25807516438720535
152,14,2030,wind_onshore,0.2636673685491657
152,15,2030,wind_onshore,0.2668638642544668
152,16,2030,wind_onshore,0.287404054184845
152,17,2030,wind_onshore,0.3068715034552165
152,18,2030,wind_onshore,0.31810064333123883
152,19,2030,wind_onshore,0.3329907472356612
152,20,2030,wind_onshore,0.37202627379688263
152,21,2030,wind_onshore,0.3938688675257899
152,22,2030,wind_onshore,0.39137926739060547
152,23,2030,wind_onshore,0.3740014171596493
152,24,2030,wind_onshore,0.35565620941582493
153,1,2030,demand,0.49271490996571243
153,2,2030,demand,0.479913332554459
153,3,2030,demand,0.46926925727806273
153,4,2030,demand,0.4480811542002566
153,5,2030,demand,0.4325025843801894
153,6,2030,demand,0.422481540848026
153,7,2030,demand,0.4223685864626585
153,8,2030,demand,0.4405917109281433
153,9,2030,demand,0.467080686836001
153,10,2030,demand,0.4955551624048014
153,11,2030,demand,0.5134186579461844
153,12,2030,demand,0.5178613532128777
153,13,2030,demand,0.5235965135275049
153,14,2030,demand,0.5262522556179989
153,15,2030,demand,0.5184718501701429
153,16,2030,demand,0.5096531143972587
153,17,2030,demand,0.5104723774911546
153,18,2030,demand,0.5278849063816873
153,19,2030,demand,0.55272619710177
153,20,2030,demand,0.5663873132024956
153,21,2030,demand,0.5716119384492755
153,22,2030,demand,0.5567556265726363
153,23,2030,demand,0.5251051884721194
153,24,2030,demand,0.5179096585270674
153,1,2030,solar,0.0
153,2,2030,solar,0.0
153,3,2030,solar,0.0
153,4,2030,solar,0.0
153,5,2030,solar,0.0
153,6,2030,solar,0.0
153,7,2030,solar,0.0
153,8,2030,solar,0.0
153,9,2030,solar,0.024117844302316747
153,10,2030,solar,0.10638857107221177
153,11,2030,solar,0.1804456788989764
153,12,2030,solar,0.2501119408636485
153,13,2030,solar,0.3009339495375555
153,14,2030,solar,0.30150563726587565
153,15,2030,solar,0.25515072224783164
153,16,2030,solar,0.17885920384947906
153,17,2030,solar,0.0834995121470627
153,18,2030,solar,0.0
153,19,2030,solar,0.0
153,20,2030,solar,0.0
153,21,2030,solar,0.0
153,22,2030,solar,0.0
153,23,2030,solar,0.0
153,24,2030,solar,0.0
153,1,2030,wind_offshore,0.9542371630868303
153,2,2030,wind_offshore,0.9428608823739898
153,3,2030,wind_offshore,0.961856604067936
153,4,2030,wind_offshore,0.9556271379592303
153,5,2030,wind_offshore,0.773901942239416
153,6,2030,wind_offshore,0.40205380973932925
153,7,2030,wind_offshore,0.11808788615251281
153,8,2030,wind_offshore,0.08191845584030054
153,9,2030,wind_offshore,0.4801212673480139
153,10,2030,wind_offshore,0.91396370836601
153,11,2030,wind_offshore,0.9616752817137184
153,12,2030,wind_offshore,0.9453336825621053
153,13,2030,wind_offshore,0.9436703034992111
153,14,2030,wind_offshore,0.9314926509536507
153,15,2030,wind_offshore,0.8589503050654216
153,16,2030,wind_offshore,0.7560735891759336
153,17,2030,wind_offshore,0.7631614988459269
153,18,2030,wind_offshore,0.6254894972525802
153,19,2030,wind_offshore,0.5346104283611277
153,20,2030,wind_offshore,0.4988569015661339
153,21,2030,wind_offshore,0.5902243073813701
153,22,2030,wind_offshore,0.6417990025562322
153,23,2030,wind_offshore,0.6689898542057202
153,24,2030,wind_offshore,0.8998372063071004
153,1,2030,wind_onshore,0.7984372601127634
153,2,2030,wind_onshore,0.818690014680659
153,3,2030,wind_onshore,0.8334466517280664
153,4,2030,wind_onshore,0.8120954722994116
153,5,2030,wind_onshore,0.8102049631184035
153,6,2030,wind_onshore,0.8150111426110526
153,7,2030,wind_onshore,0.8177023099698686
153,8,2030,wind_onshore,0.8063525236413689
153,9,2030,wind_onshore,0.7857914039037706
153,10,2030,wind_onshore,0.7752317588757285
153,11,2030,wind_onshore,0.7362745262014891
153,12,2030,wind_onshore,0.769228052051802
153,13,2030,wind_onshore,0.8418409261862421
153,14,2030,wind_onshore,0.8711649664662884
153,15,2030,wind_onshore,0.8524131310969945
153,16,2030,wind_onshore,0.8133959439643359
153,17,2030,wind_onshore,0.7835193081339162
153,18,2030,wind_onshore,0.7448723316311465
153,19,2030,wind_onshore,0.7138455237089649
153,20,2030,wind_onshore,0.671727805468878
153,21,2030,wind_onshore,0.6242428349794473
153,22,2030,wind_onshore,0.577682121098643
153,23,2030,wind_onshore,0.534058384230597
153,24,2030,wind_onshore,0.5139330210483923
154,1,2030,demand,0.5428597634952895
154,2,2030,demand,0.526146447607837
154,3,2030,demand,0.5163564491951012
154,4,2030,demand,0.5080497738286881
154,5,2030,demand,0.5096498611179556
154,6,2030,demand,0.5416153250677488
154,7,2030,demand,0.5921539752607354
154,8,2030,demand,0.6478944976675672
154,9,2030,demand,0.688012801538521
154,10,2030,demand,0.7171624304633922
154,11,2030,demand,0.7275206338212564
154,12,2030,demand,0.7309787952216951
154,13,2030,demand,0.7251492669083477
154,14,2030,demand,0.715496684117042
154,15,2030,demand,0.695185843961091
154,16,2030,demand,0.6886551959413456
154,17,2030,demand,0.686211447137257
154,18,2030,demand,0.7098012455779852
154,19,2030,demand,0.7428903978114909
154,20,2030,demand,0.7704274239339585
154,21,2030,demand,0.7634007740858424
154,22,2030,demand,0.7130381394563108
154,23,2030,demand,0.6486378435843603
154,24,2030,demand,0.6174309074346493
154,1,2030,solar,0.0
154,2,2030,solar,0.0
154,3,2030,solar,0.0
154,4,2030,solar,0.0
154,5,2030,solar,0.0
154,6,2030,solar,0.0
154,7,2030,solar,0.0
154,8,2030,solar,0.0
154,9,2030,solar,0.0973130350438257
154,10,2030,solar,0.2634999075879494
154,11,2030,solar,0.4101489424975648
154,12,2030,solar,0.5099410455670644
154,13,2030,solar,0.5474619295016276
154,14,2030,solar,0.5263919450957715
154,15,2030,solar,0.4440612179685768
154,16,2030,solar,0.2996177638585105
154,17,2030,solar,0.13166425947444543
154,18,2030,solar,0.0
154,19,2030,solar,0.0
154,20,2030,solar,0.0
154,21,2030,solar,0.0
154,22,2030,solar,0.0
154,23,2030,solar,0.0
154,24,2030,solar,0.0
154,1,2030,wind_offshore,0.9295525739294579
154,2,2030,wind_offshore,0.9358410094856489
154,3,2030,wind_offshore,0.9314460428276738
154,4,2030,wind_offshore,0.9314964246217846
154,5,2030,wind_offshore,0.9382522518992213
154,6,2030,wind_offshore,0.933913359754051
154,7,2030,wind_offshore,0.9361280520941371
154,8,2030,wind_offshore,0.9390927996675977
154,9,2030,wind_offshore,0.9364987056019183
154,10,2030,wind_offshore,0.9281061345567225
154,11,2030,wind_offshore,0.9329082443038634
154,12,2030,wind_offshore,0.9346828460639773
154,13,2030,wind_offshore,0.9322679464629863
154,14,2030,wind_offshore,0.9312437616757585
154,15,2030,wind_offshore,0.9290554197711468
154,16,2030,wind_offshore,0.9273249544140949
154,17,2030,wind_offshore,0.9248520477197638
154,18,2030,wind_offshore,0.9219178795690616
154,19,2030,wind_offshore,0.9365790111349664
154,20,2030,wind_offshore,0.9393285740918462
154,21,2030,wind_offshore,0.9329852850977658
154,22,2030,wind_offshore,0.9323409385746667
154,23,2030,wind_offshore,0.9283760806252181
154,24,2030,wind_offshore,0.9247805523596098
154,1,2030,wind_onshore,0.400371301039542
154,2,2030,wind_onshore,0.40482617681210237
154,3,2030,wind_onshore,0.4070949864881179
154,4,2030,wind_onshore,0.42095919125835235
154,5,2030,wind_onshore,0.4226873718792559
154,6,2030,wind_onshore,0.42888533117373184
154,7,2030,wind_onshore,0.43896001497184794
154,8,2030,wind_onshore,0.44337775879924485
154,9,2030,wind_onshore,0.4383972237266962
154,10,2030,wind_onshore,0.425427185507773
154,11,2030,wind_onshore,0.4035169661399579
154,12,2030,wind_onshore,0.41106637757902764
154,13,2030,wind_onshore,0.4118855095463745
154,14,2030,wind_onshore,0.4120718907219224
154,15,2030,wind_onshore,0.4052896825556162
154,16,2030,wind_onshore,0.40122574725062315
154,17,2030,wind_onshore,0.3807530937641614
154,18,2030,wind_onshore,0.41271805109539694
154,19,2030,wind_onshore,0.43196864105451616
154,20,2030,wind_onshore,0.44286378446834584
154,21,2030,wind_onshore,0.4313884761163278
154,22,2030,wind_onshore,0.41533128445414264
154,23,2030,wind_onshore,0.37587481437570847
154,24,2030,wind_onshore,0.3848642663662617
155,1,2030,demand,0.47576445555481295
155,2,2030,demand,0.47212935581882487
155,3,2030,demand,0.46270045468933596
155,4,2030,demand,0.4514786420137547
155,5,2030,demand,0.45160860249072543
155,6,2030,demand,0.46324160236237466
155,7,2030,demand,0.48416605292866965
155,8,2030,demand,0.5138571411656077
155,9,2030,demand,0.5447504407857651
155,10,2030,demand,0.560178787809532
155,11,2030,demand,0.5721915668802273
155,12,2030,demand,0.55663548944202
155,13,2030,demand,0.5442090048189572
155,14,2030,demand,0.5298746115945778
155,15,2030,demand,0.51367136920368
155,16,2030,demand,0.5120610247936661
155,17,2030,demand,0.5126946608105885
155,18,2030,demand,0.5212040474345974
155,19,2030,demand,0.5342643510572724
155,20,2030,demand,0.557806948089373
155,21,2030,demand,0.5431496249112264
155,22,2030,demand,0.5163816304845616
155,23,2030,demand,0.47810903877586086
155,24,2030,demand,0.4755321809183076
155,1,2030,solar,0.0
155,2,2030,solar,0.0
155,3,2030,solar,0.0
155,4,2030,solar,0.0
155,5,2030,solar,0.0
155,6,2030,solar,0.0
155,7,2030,solar,0.0
155,8,2030,solar,0.08507421047108958
155,9,2030,solar,0.3112773057298227
155,10,2030,solar,0.5284931582137775
155,11,2030,solar,0.6635868195395718
155,12,2030,solar,0.7600029124341536
155,13,2030,solar,0.796789058329174
155,14,2030,solar,0.7904014876492889
155,15,2030,solar,0.7233357331103778
155,16,2030,solar,0.5996810584474417
155,17,2030,solar,0.41772166467738736
155,18,2030,solar,0.2025906840868878
155,19,2030,solar,0.029087754113746
155,20,2030,solar,0.0
155,21,2030,solar,0.0
155,22,2030,solar,0.0
155,23,2030,solar,0.0
155,24,2030,solar,0.0
155,1,2030,wind_offshore,0.09002280516852043
155,2,2030,wind_offshore,0.03054498744547713
155,3,2030,wind_offshore,0.0161389661603472
155,4,2030,wind_offshore,0.06631129862054862
155,5,2030,wind_offshore,0.11560784358379547
155,6,2030,wind_offshore,0.16673088343274395
155,7,2030,wind_offshore,0.3228491752782331
155,8,2030,wind_offshore,0.5066493375903125
155,9,2030,wind_offshore,0.5090178468792477
155,10,2030,wind_offshore,0.4395675803836906
155,11,2030,wind_offshore,0.3886020210360738
155,12,2030,wind_offshore,0.4301966286468914
155,13,2030,wind_offshore,0.4978721668918375
155,14,2030,wind_offshore,0.47691894607109114
155,15,2030,wind_offshore,0.530901376166466
155,16,2030,wind_offshore,0.4836094080352676
155,17,2030,wind_offshore,0.426875748735323
155,18,2030,wind_offshore,0.4103297005031542
155,19,2030,wind_offshore,0.4151636157220992
155,20,2030,wind_offshore,0.4161706712915614
155,21,2030,wind_offshore,0.42386236070251226
155,22,2030,wind_offshore,0.32376012254676984
155,23,2030,wind_offshore,0.23732009626692704
155,24,2030,wind_offshore,0.20792218958896141
155,1,2030,wind_onshore,0.13335725528474218
155,2,2030,wind_onshore,0.11189899430392292
155,3,2030,wind_onshore,0.09569879136460693
155,4,2030,wind_onshore,0.08063207420841445
155,5,2030,wind_onshore,0.07759888455232113
155,6,2030,wind_onshore,0.0795696674874585
155,7,2030,wind_onshore,0.08563796132749395
155,8,2030,wind_onshore,0.0963666981465641
155,9,2030,wind_onshore,0.09474587520424213
155,10,2030,wind_onshore,0.09117525154100824
155,11,2030,wind_onshore,0.13369842615241118
155,12,2030,wind_onshore,0.19484591875059973
155,13,2030,wind_onshore,0.25144544264179125
155,14,2030,wind_onshore,0.3152893243136915
155,15,2030,wind_onshore,0.3791614263386317
155,16,2030,wind_onshore,0.4321252086291843
155,17,2030,wind_onshore,0.4728858270209254
155,18,2030,wind_onshore,0.4992906788331869
155,19,2030,wind_onshore,0.5018639458656564
155,20,2030,wind_onshore,0.5206704447140272
155,21,2030,wind_onshore,0.5484739436495982
155,22,2030,wind_onshore,0.5339393199735638
155,23,2030,wind_onshore,0.5324153070738888
155,24,2030,wind_onshore,0.5070863049941291
156,1,2030,demand,0.5282381595349563
156,2,2030,demand,0.5084399469878287
156,3,2030,demand,0.5003252960779723
156,4,2030,demand,0.4913291974439463
156,5,2030,demand,0.49746181026002984
156,6,2030,demand,0.5326601716635881
156,7,2030,demand,0.5813675710994566
156,8,2030,demand,0.6322157157218319
156,9,2030,demand,0.6663698993329404
156,10,2030,demand,0.6921809036886104
156,11,2030,demand,0.6989651643965512
156,12,2030,demand,0.6970062441674609
156,13,2030,demand,0.6923335988796341
156,14,2030,demand,0.6806818000708078
156,15,2030,demand,0.6630010313956904
156,16,2030,demand,0.6560757447580141
156,17,2030,demand,0.6573924340849363
156,18,2030,demand,0.6801028926027199
156,19,2030,demand,0.7109879972028988
156,20,2030,demand,0.7336873419203821
156,21,2030,demand,0.7314889210184763
156,22,2030,demand,0.6757249200928397
156,23,2030,demand,0.6165797296591871
156,24,2030,demand,0.5904063248547464
156,1,2030,solar,0.0
156,2,2030,solar,0.0
156,3,2030,solar,0.0
156,4,2030,solar,0.0
156,5,2030,solar,0.0
156,6,2030,solar,0.0
156,7,2030,solar,0.0
156,8,2030,solar,0.0
156,9,2030,solar,0.10171807291049317
156,10,2030,solar,0.2541635432365995
156,11,2030,solar,0.3846957335701124
156,12,2030,solar,0.47301371652642465
156,13,2030,solar,0.4958274174999607
156,14,2030,solar,0.4474786277162312
156,15,2030,solar,0.3580107017093453
156,16,2030,solar,0.23527648459529438
156,17,2030,solar,0.09629709113191465
156,18,2030,solar,0.0
156,19,2030,solar,0.0
156,20,2030,solar,0.0
156,21,2030,solar,0.0
156,22,2030,solar,0.0
156,23,2030,solar,0.0
156,24,2030,solar,0.0
156,1,2030,wind_offshore,0.5616184708408118
156,2,2030,wind_offshore,0.5880338664361986
156,3,2030,wind_offshore,0.6363045621018075
156,4,2030,wind_offshore,0.6926355655384469
156,5,2030,wind_offshore,0.6921367397592858
156,6,2030,wind_offshore,0.7029175799627336
156,7,2030,wind_offshore,0.67558410158045
156,8,2030,wind_offshore,0.6811101119579854
156,9,2030,wind_offshore,0.679795798689615
156,10,2030,wind_offshore,0.674872981957285
156,11,2030,wind_offshore,0.6710787720170783
156,12,2030,wind_offshore,0.5981304506543528
156,13,2030,wind_offshore,0.5704378032217039
156,14,2030,wind_offshore,0.575798894409518
156,15,2030,wind_offshore,0.5497218892613922
156,16,2030,wind_offshore,0.5020195667681211
156,17,2030,wind_offshore,0.4594231361944934
156,18,2030,wind_offshore,0.42338126042472907
156,19,2030,wind_offshore,0.372042172794111
156,20,2030,wind_offshore,0.30128197225440334
156,21,2030,wind_offshore,0.23254791963101787
156,22,2030,wind_offshore,0.18990842820560766
156,23,2030,wind_offshore,0.22708846411184855
156,24,2030,wind_offshore,0.26080553370826265
156,1,2030,wind_onshore,0.2247093699586358
156,2,2030,wind_onshore,0.22955143588735233
156,3,2030,wind_onshore,0.23436220695257437
156,4,2030,wind_onshore,0.2396092620291439
156,5,2030,wind_onshore,0.23361823868759354
156,6,2030,wind_onshore,0.23545761026938897
156,7,2030,wind_onshore,0.22923663257330573
156,8,2030,wind_onshore,0.22913649082278406
156,9,2030,wind_onshore,0.23350417953694994
156,10,2030,wind_onshore,0.2409711293034721
156,11,2030,wind_onshore,0.22171313676054522
156,12,2030,wind_onshore,0.26364851661010336
156,13,2030,wind_onshore,0.31933071570408234
156,14,2030,wind_onshore,0.33227095238107945
156,15,2030,wind_onshore,0.3203897464459565
156,16,2030,wind_onshore,0.2925772261663586
156,17,2030,wind_onshore,0.2647249417423483
156,18,2030,wind_onshore,0.26057579985429824
156,19,2030,wind_onshore,0.27533456675043055
156,20,2030,wind_onshore,0.2975247585472246
156,21,2030,wind_onshore,0.30939928985595544
156,22,2030,wind_onshore,0.3170989126699764
156,23,2030,wind_onshore,0.3212424185355962
156,24,2030,wind_onshore,0.3179547479334556
157,1,2030,demand,0.5164482779463283
157,2,2030,demand,0.5020053304145342
157,3,2030,demand,0.48873769301607317
157,4,2030,demand,0.4845052509596737
157,5,2030,demand,0.4929488774093183
157,6,2030,demand,0.5200854129612165
157,7,2030,demand,0.5557230354917766
157,8,2030,demand,0.6071454702756042
157,9,2030,demand,0.6435686816432682
157,10,2030,demand,0.6633882308245597
157,11,2030,demand,0.669587171407064
157,12,2030,demand,0.666686289054812
157,13,2030,demand,0.6727706146681229
157,14,2030,demand,0.6574890313860948
157,15,2030,demand,0.6362353994404227
157,16,2030,demand,0.6287803284997321
157,17,2030,demand,0.6346433062567037
157,18,2030,demand,0.6467598915208651
157,19,2030,demand,0.6786686799429499
157,20,2030,demand,0.7043648918919335
157,21,2030,demand,0.7088536685595768
157,22,2030,demand,0.6597215254076553
157,23,2030,demand,0.5980819985639618
157,24,2030,demand,0.5794451841611178
157,1,2030,solar,0.0
157,2,2030,solar,0.0
157,3,2030,solar,0.0
157,4,2030,solar,0.0
157,5,2030,solar,0.0
157,6,2030,solar,0.0
157,7,2030,solar,0.0
157,8,2030,solar,0.0
157,9,2030,solar,0.06712886776371933
157,10,2030,solar,0.18294698815646887
157,11,2030,solar,0.31179865230027404
157,12,2030,solar,0.4390921663582131
157,13,2030,solar,0.5286487335738409
157,14,2030,solar,0.5426663545627609
157,15,2030,solar,0.5061906756931467
157,16,2030,solar,0.4084279279364593
157,17,2030,solar,0.2463095521345603
157,18,2030,solar,0.08245267687468058
157,19,2030,solar,0.0
157,20,2030,solar,0.0
157,21,2030,solar,0.0
157,22,2030,solar,0.0
157,23,2030,solar,0.0
157,24,2030,solar,0.0
157,1,2030,wind_offshore,0.03071158420893772
157,2,2030,wind_offshore,0.004856019468670392
157,3,2030,wind_offshore,0.0015403879968458813
157,4,2030,wind_offshore,0.0003963014604564301
157,5,2030,wind_offshore,0.0
157,6,2030,wind_offshore,3.496792342503339e-5
157,7,2030,wind_offshore,0.0026569245749878114
157,8,2030,wind_offshore,0.021865200328156822
157,9,2030,wind_offshore,0.05191704008284615
157,10,2030,wind_offshore,0.135627009689963
157,11,2030,wind_offshore,0.2432969532718291
157,12,2030,wind_offshore,0.3043564303688043
157,13,2030,wind_offshore,0.2185197859295324
157,14,2030,wind_offshore,0.15551579889017866
157,15,2030,wind_offshore,0.15678427517719506
157,16,2030,wind_offshore,0.1328595326350388
157,17,2030,wind_offshore,0.10909663501128825
157,18,2030,wind_offshore,0.11546676117386741
157,19,2030,wind_offshore,0.18890507903414835
157,20,2030,wind_offshore,0.3130235074121445
157,21,2030,wind_offshore,0.4643881058530008
157,22,2030,wind_offshore,0.5786658729847564
157,23,2030,wind_offshore,0.540678307918732
157,24,2030,wind_offshore,0.6070325836651692
157,1,2030,wind_onshore,0.21880511446092313
157,2,2030,wind_onshore,0.2477392235684565
157,3,2030,wind_onshore,0.271429776848279
157,4,2030,wind_onshore,0.2780311216247615
157,5,2030,wind_onshore,0.2861890442142289
157,6,2030,wind_onshore,0.27602222323872105
157,7,2030,wind_onshore,0.26308504124140253
157,8,2030,wind_onshore,0.2513221507859197
157,9,2030,wind_onshore,0.24074761078993473
157,10,2030,wind_onshore,0.22177726078226256
157,11,2030,wind_onshore,0.21382821274131725
157,12,2030,wind_onshore,0.22743789860296057
157,13,2030,wind_onshore,0.24019493433734482
157,14,2030,wind_onshore,0.24085562601028176
157,15,2030,wind_onshore,0.23970949610601341
157,16,2030,wind_onshore,0.2481695714277463
157,17,2030,wind_onshore,0.2643619424299294
157,18,2030,wind_onshore,0.27144505470353325
157,19,2030,wind_onshore,0.2752900141828962
157,20,2030,wind_onshore,0.2529645253009326
157,21,2030,wind_onshore,0.21127478886191994
157,22,2030,wind_onshore,0.16521279710401912
157,23,2030,wind_onshore,0.1393857851067706
157,24,2030,wind_onshore,0.13162352157172083
158,1,2030,demand,0.5073005595533371
158,2,2030,demand,0.49096168812627083
158,3,2030,demand,0.47990822523677634
158,4,2030,demand,0.4727712227968687
158,5,2030,demand,0.48275696053300937
158,6,2030,demand,0.505710046731839
158,7,2030,demand,0.5538698497563029
158,8,2030,demand,0.588252638823127
158,9,2030,demand,0.6137920876929187
158,10,2030,demand,0.6277847590939404
158,11,2030,demand,0.6434715258778279
158,12,2030,demand,0.6396923611223607
158,13,2030,demand,0.6329962419063266
158,14,2030,demand,0.6153254456223883
158,15,2030,demand,0.5932320201369756
158,16,2030,demand,0.5914460978401135
158,17,2030,demand,0.59895026086983
158,18,2030,demand,0.6003240328940849
158,19,2030,demand,0.6286667547328595
158,20,2030,demand,0.6559988528028791
158,21,2030,demand,0.6489007822805224
158,22,2030,demand,0.612262191574459
158,23,2030,demand,0.566598347269851
158,24,2030,demand,0.5513253891865753
158,1,2030,solar,0.0
158,2,2030,solar,0.0
158,3,2030,solar,0.0
158,4,2030,solar,0.0
158,5,2030,solar,0.0
158,6,2030,solar,0.0
158,7,2030,solar,0.0
158,8,2030,solar,0.00457412083834389
158,9,2030,solar,0.1849686044876256
158,10,2030,solar,0.37052379305704486
158,11,2030,solar,0.5038526771553993
158,12,2030,solar,0.5976561389770507
158,13,2030,solar,0.6141098742515179
158,14,2030,solar,0.5715835757572149
158,15,2030,solar,0.47604557198843644
158,16,2030,solar,0.32828426536464406
158,17,2030,solar,0.14846970525042635
158,18,2030,solar,0.00044911782199583215
158,19,2030,solar,0.0
158,20,2030,solar,0.0
158,21,2030,solar,0.0
158,22,2030,solar,0.0
158,23,2030,solar,0.0
158,24,2030,solar,0.0
158,1,2030,wind_offshore,0.18004231836482382
158,2,2030,wind_offshore,0.20761365893695571
158,3,2030,wind_offshore,0.24819407834064444
158,4,2030,wind_offshore,0.2843333502471342
158,5,2030,wind_offshore,0.3033969757090308
158,6,2030,wind_offshore,0.32946850965628904
158,7,2030,wind_offshore,0.3894173038625935
158,8,2030,wind_offshore,0.4472562370654807
158,9,2030,wind_offshore,0.5211600525495104
158,10,2030,wind_offshore,0.5596175955938931
158,11,2030,wind_offshore,0.5757641001606286
158,12,2030,wind_offshore,0.5748077035866473
158,13,2030,wind_offshore,0.5648062064076559
158,14,2030,wind_offshore,0.5787263572260399
158,15,2030,wind_offshore,0.5959291876132644
158,16,2030,wind_offshore,0.6431792642252876
158,17,2030,wind_offshore,0.6597209310210168
158,18,2030,wind_offshore,0.6480001021382789
158,19,2030,wind_offshore,0.6650596113124441
158,20,2030,wind_offshore,0.6108600870278884
158,21,2030,wind_offshore,0.5577233178198797
158,22,2030,wind_offshore,0.5803154181778796
158,23,2030,wind_offshore,0.6426389036993321
158,24,2030,wind_offshore,0.6295147708464476
158,1,2030,wind_onshore,0.13602579496200165
158,2,2030,wind_onshore,0.13847142124602477
158,3,2030,wind_onshore,0.14140832490992966
158,4,2030,wind_onshore,0.14325546305016862
158,5,2030,wind_onshore,0.14744870683188951
158,6,2030,wind_onshore,0.1543989566816119
158,7,2030,wind_onshore,0.1498861878150129
158,8,2030,wind_onshore,0.1345080168113431
158,9,2030,wind_onshore,0.1182142979382484
158,10,2030,wind_onshore,0.09225229057965394
158,11,2030,wind_onshore,0.06260101756283587
158,12,2030,wind_onshore,0.05769232021279039
158,13,2030,wind_onshore,0.056715773214018286
158,14,2030,wind_onshore,0.059530666669990795
158,15,2030,wind_onshore,0.05948661329614785
158,16,2030,wind_onshore,0.057081102991120805
158,17,2030,wind_onshore,0.05572604787041846
158,18,2030,wind_onshore,0.07079980167555786
158,19,2030,wind_onshore,0.08142643479913869
158,20,2030,wind_onshore,0.08244829301598564
158,21,2030,wind_onshore,0.07731201186006767
158,22,2030,wind_onshore,0.06953378375963558
158,23,2030,wind_onshore,0.060815741403477216
158,24,2030,wind_onshore,0.05087715372701507
159,1,2030,demand,0.5394490574438201
159,2,2030,demand,0.5297058937522684
159,3,2030,demand,0.5224547472797676
159,4,2030,demand,0.5089215823836583
159,5,2030,demand,0.5122492835051063
159,6,2030,demand,0.5261157954085932
159,7,2030,demand,0.5507434677685605
159,8,2030,demand,0.5979245944323403
159,9,2030,demand,0.6347139773206166
159,10,2030,demand,0.6569952424488678
159,11,2030,demand,0.6710571724045828
159,12,2030,demand,0.675555909862744
159,13,2030,demand,0.6701074494517982
159,14,2030,demand,0.6575839401547801
159,15,2030,demand,0.6524686457150819
159,16,2030,demand,0.6405694738396205
159,17,2030,demand,0.640426064308259
159,18,2030,demand,0.6254813974170602
159,19,2030,demand,0.644871003141672
159,20,2030,demand,0.6546435125393804
159,21,2030,demand,0.6510505593751372
159,22,2030,demand,0.6083417745458319
159,23,2030,demand,0.5628437877131346
159,24,2030,demand,0.5437607476446589
159,1,2030,solar,0.0
159,2,2030,solar,0.0
159,3,2030,solar,0.0
159,4,2030,solar,0.0
159,5,2030,solar,0.0
159,6,2030,solar,0.0
159,7,2030,solar,0.005492444560249375
159,8,2030,solar,0.08390793201605871
159,9,2030,solar,0.2724249274421432
159,10,2030,solar,0.4784316945770432
159,11,2030,solar,0.622457102691092
159,12,2030,solar,0.7320508487645333
159,13,2030,solar,0.7830741713282657
159,14,2030,solar,0.7772239790206085
159,15,2030,solar,0.7135035188661263
159,16,2030,solar,0.6008294893720786
159,17,2030,solar,0.43879820548769194
159,18,2030,solar,0.23035085150985143
159,19,2030,solar,0.04843792567410455
159,20,2030,solar,0.00022149987976864672
159,21,2030,solar,0.0
159,22,2030,solar,0.0
159,23,2030,solar,0.0
159,24,2030,solar,0.0
159,1,2030,wind_offshore,0.6914541080893045
159,2,2030,wind_offshore,0.7076417977864699
159,3,2030,wind_offshore,0.7215088118474208
159,4,2030,wind_offshore,0.7276045755971837
159,5,2030,wind_offshore,0.7049713310256256
159,6,2030,wind_offshore,0.6992551338997074
159,7,2030,wind_offshore,0.7010892942250088
159,8,2030,wind_offshore,0.7025636830577587
159,9,2030,wind_offshore,0.67400803393025
159,10,2030,wind_offshore,0.6558390601981026
159,11,2030,wind_offshore,0.6578032757162768
159,12,2030,wind_offshore,0.6333557040370451
159,13,2030,wind_offshore,0.6006160305870846
159,14,2030,wind_offshore,0.566283286489
159,15,2030,wind_offshore,0.5226230435935885
159,16,2030,wind_offshore,0.49533009296474284
159,17,2030,wind_offshore,0.45635526620056077
159,18,2030,wind_offshore,0.39022046290146134
159,19,2030,wind_offshore,0.3672421201120351
159,20,2030,wind_offshore,0.3068931036588666
159,21,2030,wind_offshore,0.2255667908722678
159,22,2030,wind_offshore,0.20577569029223639
159,23,2030,wind_offshore,0.1901803292324412
159,24,2030,wind_offshore,0.22922183051192924
159,1,2030,wind_onshore,0.30246952779624786
159,2,2030,wind_onshore,0.2959342699888466
159,3,2030,wind_onshore,0.2834327314815001
159,4,2030,wind_onshore,0.2798652196273011
159,5,2030,wind_onshore,0.2684395442601844
159,6,2030,wind_onshore,0.26197666846326634
159,7,2030,wind_onshore,0.24932176656228652
159,8,2030,wind_onshore,0.23960687563890262
159,9,2030,wind_onshore,0.23716709428128468
159,10,2030,wind_onshore,0.23506812983757622
159,11,2030,wind_onshore,0.23652762542582062
159,12,2030,wind_onshore,0.24547509546919247
159,13,2030,wind_onshore,0.25808951809743236
159,14,2030,wind_onshore,0.26295001122818457
159,15,2030,wind_onshore,0.26789932848481635
159,16,2030,wind_onshore,0.2685070929849967
159,17,2030,wind_onshore,0.27459408037890104
159,18,2030,wind_onshore,0.27352187470320605
159,19,2030,wind_onshore,0.27161385719116377
159,20,2030,wind_onshore,0.2707280762559408
159,21,2030,wind_onshore,0.25717324237944456
159,22,2030,wind_onshore,0.2329190979806873
159,23,2030,wind_onshore,0.19629102100954474
159,24,2030,wind_onshore,0.18363346643007797
160,1,2030,demand,0.47031687182145643
160,2,2030,demand,0.4706121542326828
160,3,2030,demand,0.4668951185430409
160,4,2030,demand,0.46392013620740447
160,5,2030,demand,0.4810376561465056
160,6,2030,demand,0.5105915995743908
160,7,2030,demand,0.547662290939763
160,8,2030,demand,0.5796333456911509
160,9,2030,demand,0.5965606921042553
160,10,2030,demand,0.6139224583191872
160,11,2030,demand,0.6260512532833533
160,12,2030,demand,0.6388746090264691
160,13,2030,demand,0.6403581631898696
160,14,2030,demand,0.6323628161619073
160,15,2030,demand,0.635516965262402
160,16,2030,demand,0.6379148240333603
160,17,2030,demand,0.6373690675953063
160,18,2030,demand,0.6362758756397344
160,19,2030,demand,0.646773477769399
160,20,2030,demand,0.6506966278318396
160,21,2030,demand,0.6320164051900705
160,22,2030,demand,0.583400355104531
160,23,2030,demand,0.5366647144992458
160,24,2030,demand,0.5364789211917382
160,1,2030,solar,0.0
160,2,2030,solar,0.0
160,3,2030,solar,0.0
160,4,2030,solar,0.0
160,5,2030,solar,0.0
160,6,2030,solar,0.0
160,7,2030,solar,0.0
160,8,2030,solar,0.0737349995337214
160,9,2030,solar,0.26109146947922496
160,10,2030,solar,0.4583931654535974
160,11,2030,solar,0.5925324975772007
160,12,2030,solar,0.675012534319481
160,13,2030,solar,0.6894328046222108
160,14,2030,solar,0.6477172125999991
160,15,2030,solar,0.5682030838402032
160,16,2030,solar,0.4400763840091194
160,17,2030,solar,0.25461617609088005
160,18,2030,solar,0.07435911769308132
160,19,2030,solar,0.0
160,20,2030,solar,0.0
160,21,2030,solar,0.0
160,22,2030,solar,0.0
160,23,2030,solar,0.0
160,24,2030,solar,0.0
160,1,2030,wind_offshore,0.4418936642467352
160,2,2030,wind_offshore,0.45560907284868873
160,3,2030,wind_offshore,0.4681816882350117
160,4,2030,wind_offshore,0.43056914699104254
160,5,2030,wind_offshore,0.37144989357864855
160,6,2030,wind_offshore,0.2597718400947363
160,7,2030,wind_offshore,0.16656876580441538
160,8,2030,wind_offshore,0.07495060769515977
160,9,2030,wind_offshore,0.03698317563481199
160,10,2030,wind_offshore,0.11971665302988432
160,11,2030,wind_offshore,0.2310794013672477
160,12,2030,wind_offshore,0.46267752845619114
160,13,2030,wind_offshore,0.6242697996490457
160,14,2030,wind_offshore,0.6858186034053093
160,15,2030,wind_offshore,0.6800130474475308
160,16,2030,wind_offshore,0.6954999317581232
160,17,2030,wind_offshore,0.735102624785106
160,18,2030,wind_offshore,0.7648335973613488
160,19,2030,wind_offshore,0.7702481427770371
160,20,2030,wind_offshore,0.7966684593478366
160,21,2030,wind_offshore,0.8421512708231882
160,22,2030,wind_offshore,0.8925633433825682
160,23,2030,wind_offshore,0.7138565502504317
160,24,2030,wind_offshore,0.7301613524165731
160,1,2030,wind_onshore,0.29499022576663997
160,2,2030,wind_onshore,0.2804597602577411
160,3,2030,wind_onshore,0.2623046946472356
160,4,2030,wind_onshore,0.2443261454297478
160,5,2030,wind_onshore,0.2289103770861446
160,6,2030,wind_onshore,0.21218729866083763
160,7,2030,wind_onshore,0.19601496159065143
160,8,2030,wind_onshore,0.18356850391561952
160,9,2030,wind_onshore,0.1432216751722874
160,10,2030,wind_onshore,0.12661183921981217
160,11,2030,wind_onshore,0.1399047534701989
160,12,2030,wind_onshore,0.15970635447389525
160,13,2030,wind_onshore,0.17390175483713557
160,14,2030,wind_onshore,0.17748739974007405
160,15,2030,wind_onshore,0.16779407969157095
160,16,2030,wind_onshore,0.1519514944216862
160,17,2030,wind_onshore,0.13218475425331072
160,18,2030,wind_onshore,0.11433221615247322
160,19,2030,wind_onshore,0.1267146957260067
160,20,2030,wind_onshore,0.14287671710021932
160,21,2030,wind_onshore,0.15026159807991935
160,22,2030,wind_onshore,0.14929141663405882
160,23,2030,wind_onshore,0.12257874770148555
160,24,2030,wind_onshore,0.1013034108864202
161,1,2030,demand,0.4455709728097864
161,2,2030,demand,0.43942800282515804
161,3,2030,demand,0.4274349526565633
161,4,2030,demand,0.4131893945880193
161,5,2030,demand,0.41026186906101836
161,6,2030,demand,0.4088657424959562
161,7,2030,demand,0.4134221438264493
161,8,2030,demand,0.4345412503061689
161,9,2030,demand,0.4626904267611145
161,10,2030,demand,0.48914808896631656
161,11,2030,demand,0.4950488402276392
161,12,2030,demand,0.49417728377654824
161,13,2030,demand,0.49120057087413593
161,14,2030,demand,0.4923115383099901
161,15,2030,demand,0.48978654007221895
161,16,2030,demand,0.4846097692065774
161,17,2030,demand,0.488257388542061
161,18,2030,demand,0.5026214620456454
161,19,2030,demand,0.5192501112647538
161,20,2030,demand,0.5303411201542099
161,21,2030,demand,0.5295377294401663
161,22,2030,demand,0.50548000851131
161,23,2030,demand,0.4857051751373285
161,24,2030,demand,0.4811148025978959
161,1,2030,solar,0.0
161,2,2030,solar,0.0
161,3,2030,solar,0.0
161,4,2030,solar,0.0
161,5,2030,solar,0.0
161,6,2030,solar,0.0
161,7,2030,solar,0.0
161,8,2030,solar,0.07838405759089767
161,9,2030,solar,0.26149508286229883
161,10,2030,solar,0.4443928021864928
161,11,2030,solar,0.5712675116932495
161,12,2030,solar,0.6427410164355756
161,13,2030,solar,0.6720279856892304
161,14,2030,solar,0.6420528987647711
161,15,2030,solar,0.5587743381424783
161,16,2030,solar,0.4353956347116988
161,17,2030,solar,0.2659573927548357
161,18,2030,solar,0.08910104181529689
161,19,2030,solar,0.0
161,20,2030,solar,0.0
161,21,2030,solar,0.0
161,22,2030,solar,0.0
161,23,2030,solar,0.0
161,24,2030,solar,0.0
161,1,2030,wind_offshore,0.20419711768402332
161,2,2030,wind_offshore,0.2134109447697946
161,3,2030,wind_offshore,0.22298544394155995
161,4,2030,wind_offshore,0.22011664558665744
161,5,2030,wind_offshore,0.23046873380513347
161,6,2030,wind_offshore,0.22979399293821381
161,7,2030,wind_offshore,0.24718339865007674
161,8,2030,wind_offshore,0.2683815951788301
161,9,2030,wind_offshore,0.2757278742554856
161,10,2030,wind_offshore,0.28393499411831247
161,11,2030,wind_offshore,0.22703358835891094
161,12,2030,wind_offshore,0.21472110400161082
161,13,2030,wind_offshore,0.21165837483696354
161,14,2030,wind_offshore,0.21626399868541182
161,15,2030,wind_offshore,0.2158286438989768
161,16,2030,wind_offshore,0.19105882515026779
161,17,2030,wind_offshore,0.15303517721391524
161,18,2030,wind_offshore,0.11385333762238053
161,19,2030,wind_offshore,0.07016495271279928
161,20,2030,wind_offshore,0.04909858360012272
161,21,2030,wind_offshore,0.05957959195638099
161,22,2030,wind_offshore,0.07748899467899156
161,23,2030,wind_offshore,0.07287296767725249
161,24,2030,wind_offshore,0.07355342137128706
161,1,2030,wind_onshore,0.06226474711798809
161,2,2030,wind_onshore,0.05588734002349425
161,3,2030,wind_onshore,0.04844080018418165
161,4,2030,wind_onshore,0.044412351802708916
161,5,2030,wind_onshore,0.039968233219492444
161,6,2030,wind_onshore,0.034359247731578973
161,7,2030,wind_onshore,0.02861399785977968
161,8,2030,wind_onshore,0.024481496405101208
161,9,2030,wind_onshore,0.018048516373251885
161,10,2030,wind_onshore,0.013574601054338466
161,11,2030,wind_onshore,0.016523361409915265
161,12,2030,wind_onshore,0.019692025990428887
161,13,2030,wind_onshore,0.027759725323603896
161,14,2030,wind_onshore,0.040970298823111845
161,15,2030,wind_onshore,0.05436699268113896
161,16,2030,wind_onshore,0.06458976194994909
161,17,2030,wind_onshore,0.07041837019980582
161,18,2030,wind_onshore,0.07871195458873273
161,19,2030,wind_onshore,0.08255473863730145
161,20,2030,wind_onshore,0.08719961242402555
161,21,2030,wind_onshore,0.08097028484502908
161,22,2030,wind_onshore,0.07453602855094732
161,23,2030,wind_onshore,0.0643281296013801
161,24,2030,wind_onshore,0.06170543423565936
162,1,2030,demand,0.5155262113565693
162,2,2030,demand,0.5031364971464741
162,3,2030,demand,0.49537435151887194
162,4,2030,demand,0.48907860595982167
162,5,2030,demand,0.49535024883162015
162,6,2030,demand,0.522001689500356
162,7,2030,demand,0.5617214458165276
162,8,2030,demand,0.6023291700455394
162,9,2030,demand,0.6344498619999885
162,10,2030,demand,0.6526163858464749
162,11,2030,demand,0.6670372168222891
162,12,2030,demand,0.6730190241702307
162,13,2030,demand,0.6630020833345072
162,14,2030,demand,0.6455929022630891
162,15,2030,demand,0.6343579508401463
162,16,2030,demand,0.6357312608028916
162,17,2030,demand,0.633895289359957
162,18,2030,demand,0.6445141245222469
162,19,2030,demand,0.6647779856919157
162,20,2030,demand,0.6773202139866571
162,21,2030,demand,0.6714926659384327
162,22,2030,demand,0.6309246858303084
162,23,2030,demand,0.5789338023456573
162,24,2030,demand,0.5667501972687309
162,1,2030,solar,0.0
162,2,2030,solar,0.0
162,3,2030,solar,0.0
162,4,2030,solar,0.0
162,5,2030,solar,0.0
162,6,2030,solar,0.00013674062108823913
162,7,2030,solar,0.010766312130730838
162,8,2030,solar,0.0363694711932239
162,9,2030,solar,0.10981617139916035
162,10,2030,solar,0.22449434760232032
162,11,2030,solar,0.32761631731263186
162,12,2030,solar,0.40174049805911327
162,13,2030,solar,0.4411972015903562
162,14,2030,solar,0.4419507389694291
162,15,2030,solar,0.39048876069467225
162,16,2030,solar,0.2905804630243457
162,17,2030,solar,0.16211919027360117
162,18,2030,solar,0.052548039899526604
162,19,2030,solar,0.016465199221971705
162,20,2030,solar,0.003262401017359223
162,21,2030,solar,0.0
162,22,2030,solar,0.0
162,23,2030,solar,0.0
162,24,2030,solar,0.0
162,1,2030,wind_offshore,0.9062513235845179
162,2,2030,wind_offshore,0.9094733208287445
162,3,2030,wind_offshore,0.9093237499895035
162,4,2030,wind_offshore,0.9083534455050924
162,5,2030,wind_offshore,0.9074006386421992
162,6,2030,wind_offshore,0.9088613716741559
162,7,2030,wind_offshore,0.9087979703295721
162,8,2030,wind_offshore,0.9106690724250651
162,9,2030,wind_offshore,0.90246257016798
162,10,2030,wind_offshore,0.9040109837024715
162,11,2030,wind_offshore,0.9114189381199421
162,12,2030,wind_offshore,0.9183512720673908
162,13,2030,wind_offshore,0.9251702555643715
162,14,2030,wind_offshore,0.9200173085204337
162,15,2030,wind_offshore,0.9175909006582096
162,16,2030,wind_offshore,0.9167108290054118
162,17,2030,wind_offshore,0.9162887413435681
162,18,2030,wind_offshore,0.9157867027468237
162,19,2030,wind_offshore,0.9119094302107451
162,20,2030,wind_offshore,0.9140561568927389
162,21,2030,wind_offshore,0.9159575620097411
162,22,2030,wind_offshore,0.9170076322538392
162,23,2030,wind_offshore,0.920497909947425
162,24,2030,wind_offshore,0.9287430513082454
162,1,2030,wind_onshore,0.29909939946324
162,2,2030,wind_onshore,0.30414063720360907
162,3,2030,wind_onshore,0.31096382154132624
162,4,2030,wind_onshore,0.31725279470040435
162,5,2030,wind_onshore,0.31730963853273864
162,6,2030,wind_onshore,0.306017486678689
162,7,2030,wind_onshore,0.2988551843907257
162,8,2030,wind_onshore,0.2936252333304081
162,9,2030,wind_onshore,0.29591741862057735
162,10,2030,wind_onshore,0.29468878344683136
162,11,2030,wind_onshore,0.2702221251344028
162,12,2030,wind_onshore,0.27295861612917316
162,13,2030,wind_onshore,0.2807996106847824
162,14,2030,wind_onshore,0.2841625253163118
162,15,2030,wind_onshore,0.2872624684893738
162,16,2030,wind_onshore,0.30289767729216405
162,17,2030,wind_onshore,0.3142705958324997
162,18,2030,wind_onshore,0.33231529037506047
162,19,2030,wind_onshore,0.35636624619354645
162,20,2030,wind_onshore,0.37054861009197254
162,21,2030,wind_onshore,0.39067945646006574
162,22,2030,wind_onshore,0.4050765416579181
162,23,2030,wind_onshore,0.40908676045390924
162,24,2030,wind_onshore,0.4284891288045945
163,1,2030,demand,0.5207063390601725
163,2,2030,demand,0.5073638774694618
163,3,2030,demand,0.4972932848569661
163,4,2030,demand,0.4800980052111937
163,5,2030,demand,0.4863082185095927
163,6,2030,demand,0.5154545616320916
163,7,2030,demand,0.5625956039707147
163,8,2030,demand,0.6158916266332751
163,9,2030,demand,0.6558766963837639
163,10,2030,demand,0.6796475067497629
163,11,2030,demand,0.6773493323717268
163,12,2030,demand,0.679098501264237
163,13,2030,demand,0.6724544937850985
163,14,2030,demand,0.6578181364103037
163,15,2030,demand,0.6402131171614965
163,16,2030,demand,0.6439445642124746
163,17,2030,demand,0.6443922617962352
163,18,2030,demand,0.6644629038993699
163,19,2030,demand,0.6980604060143446
163,20,2030,demand,0.7216214897034906
163,21,2030,demand,0.7123952263348394
163,22,2030,demand,0.6680111947742824
163,23,2030,demand,0.6093579796768283
163,24,2030,demand,0.5872676491849836
163,1,2030,solar,0.0
163,2,2030,solar,0.0
163,3,2030,solar,0.0
163,4,2030,solar,0.0
163,5,2030,solar,0.0
163,6,2030,solar,0.0
163,7,2030,solar,0.0
163,8,2030,solar,0.0
163,9,2030,solar,0.03624973346320587
163,10,2030,solar,0.13206239807116038
163,11,2030,solar,0.2744379196794834
163,12,2030,solar,0.38185028429682444
163,13,2030,solar,0.4181378952053879
163,14,2030,solar,0.39847072303585374
163,15,2030,solar,0.3332605597798784
163,16,2030,solar,0.22506733479539154
163,17,2030,solar,0.09677495090536736
163,18,2030,solar,0.0
163,19,2030,solar,0.0
163,20,2030,solar,0.0
163,21,2030,solar,0.0
163,22,2030,solar,0.0
163,23,2030,solar,0.0
163,24,2030,solar,0.0
163,1,2030,wind_offshore,0.8618837616883144
163,2,2030,wind_offshore,0.9042920357034274
163,3,2030,wind_offshore,0.9241715996453046
163,4,2030,wind_offshore,0.9150656998163191
163,5,2030,wind_offshore,0.895079251414855
163,6,2030,wind_offshore,0.8205074235916056
163,7,2030,wind_offshore,0.7104787594461175
163,8,2030,wind_offshore,0.6303939802052649
163,9,2030,wind_offshore,0.5698001737088756
163,10,2030,wind_offshore,0.4778354322734886
163,11,2030,wind_offshore,0.39913657473884506
163,12,2030,wind_offshore,0.37227746438138987
163,13,2030,wind_offshore,0.4526912267479586
163,14,2030,wind_offshore,0.5328267582666539
163,15,2030,wind_offshore,0.5439406095649661
163,16,2030,wind_offshore,0.5220000694605018
163,17,2030,wind_offshore,0.5120087045087751
163,18,2030,wind_offshore,0.531741095314201
163,19,2030,wind_offshore,0.5384946003495874
163,20,2030,wind_offshore,0.5357615977987475
163,21,2030,wind_offshore,0.5501174644130312
163,22,2030,wind_offshore,0.5625352482339272
163,23,2030,wind_offshore,0.6097098146695239
163,24,2030,wind_offshore,0.5934061072283096
163,1,2030,wind_onshore,0.203784119561564
163,2,2030,wind_onshore,0.21967981474103315
163,3,2030,wind_onshore,0.23556538371292002
163,4,2030,wind_onshore,0.24366563565426555
163,5,2030,wind_onshore,0.24531265261563523
163,6,2030,wind_onshore,0.24612609327787216
163,7,2030,wind_onshore,0.24512550145716616
163,8,2030,wind_onshore,0.2517853418363026
163,9,2030,wind_onshore,0.2617066783106653
163,10,2030,wind_onshore,0.29799832088911427
163,11,2030,wind_onshore,0.3079589543783588
163,12,2030,wind_onshore,0.3067924064965424
163,13,2030,wind_onshore,0.34266685691540477
163,14,2030,wind_onshore,0.3624040972055017
163,15,2030,wind_onshore,0.3519272879286897
163,16,2030,wind_onshore,0.31109667579604616
163,17,2030,wind_onshore,0.2559487471714018
163,18,2030,wind_onshore,0.2378465109696566
163,19,2030,wind_onshore,0.23763152417012898
163,20,2030,wind_onshore,0.23769716921792355
163,21,2030,wind_onshore,0.23879882867560942
163,22,2030,wind_onshore,0.24317484147888171
163,23,2030,wind_onshore,0.3078072528050383
163,24,2030,wind_onshore,0.3187874507412819
164,1,2030,demand,0.490447502737209
164,2,2030,demand,0.48012582804276777
164,3,2030,demand,0.4716860914135015
164,4,2030,demand,0.46278838589875626
164,5,2030,demand,0.4644818490914719
164,6,2030,demand,0.4716448568767738
164,7,2030,demand,0.4972880713303701
164,8,2030,demand,0.5339949695629626
164,9,2030,demand,0.5613381074639937
164,10,2030,demand,0.5822908959183292
164,11,2030,demand,0.5950131931430845
164,12,2030,demand,0.5977136211813284
164,13,2030,demand,0.5973611442270618
164,14,2030,demand,0.5904094668468696
164,15,2030,demand,0.5777725672210426
164,16,2030,demand,0.5760831363213156
164,17,2030,demand,0.5723107220490964
164,18,2030,demand,0.5880517756612338
164,19,2030,demand,0.6061684614182775
164,20,2030,demand,0.6200064385597723
164,21,2030,demand,0.6123690513168129
164,22,2030,demand,0.5823935928732344
164,23,2030,demand,0.5431406171064606
164,24,2030,demand,0.5282896686750442
164,1,2030,solar,0.0
164,2,2030,solar,0.0
164,3,2030,solar,0.0
164,4,2030,solar,0.0
164,5,2030,solar,0.0
164,6,2030,solar,0.0
164,7,2030,solar,0.0
164,8,2030,solar,0.027349232275879563
164,9,2030,solar,0.1412229733333749
164,10,2030,solar,0.32853447406492936
164,11,2030,solar,0.4720286290363706
164,12,2030,solar,0.5671487339697622
164,13,2030,solar,0.6003991254234836
164,14,2030,solar,0.5795429643771323
164,15,2030,solar,0.5063811744913183
164,16,2030,solar,0.38613976294737107
164,17,2030,solar,0.21122723378871408
164,18,2030,solar,0.03270084937370883
164,19,2030,solar,0.0
164,20,2030,solar,0.0
164,21,2030,solar,0.0
164,22,2030,solar,0.0
164,23,2030,solar,0.0
164,24,2030,solar,0.0
164,1,2030,wind_offshore,0.1518852389231852
164,2,2030,wind_offshore,0.06734223570186519
164,3,2030,wind_offshore,0.02664711259840387
164,4,2030,wind_offshore,0.012018177283028671
164,5,2030,wind_offshore,0.005920296509298798
164,6,2030,wind_offshore,0.0025175947093718587
164,7,2030,wind_offshore,0.0012965369082155948
164,8,2030,wind_offshore,0.001688631747910375
164,9,2030,wind_offshore,0.003984242167124287
164,10,2030,wind_offshore,0.01006094269056964
164,11,2030,wind_offshore,0.013642139078450292
164,12,2030,wind_offshore,0.010675509265915296
164,13,2030,wind_offshore,0.012258340113983832
164,14,2030,wind_offshore,0.017506756602408927
164,15,2030,wind_offshore,0.03065834128853666
164,16,2030,wind_offshore,0.04082792625755295
164,17,2030,wind_offshore,0.03831816528809716
164,18,2030,wind_offshore,0.02156385491839332
164,19,2030,wind_offshore,0.005727473026308334
164,20,2030,wind_offshore,0.00125229784530925
164,21,2030,wind_offshore,0.0006475328763821119
164,22,2030,wind_offshore,0.00028368207930543564
164,23,2030,wind_offshore,0.00042973168200395996
164,24,2030,wind_offshore,0.00033243620050239656
164,1,2030,wind_onshore,0.21953660489807691
164,2,2030,wind_onshore,0.20199452885294367
164,3,2030,wind_onshore,0.18698409950352882
164,4,2030,wind_onshore,0.17802451243384462
164,5,2030,wind_onshore,0.16937682461223388
164,6,2030,wind_onshore,0.16239098608515193
164,7,2030,wind_onshore,0.1555412369006617
164,8,2030,wind_onshore,0.15364170926739731
164,9,2030,wind_onshore,0.14987354071414158
164,10,2030,wind_onshore,0.1511290994389178
164,11,2030,wind_onshore,0.1375301664233569
164,12,2030,wind_onshore,0.13741891241154972
164,13,2030,wind_onshore,0.1379281614807449
164,14,2030,wind_onshore,0.13926736750795887
164,15,2030,wind_onshore,0.14844943558237858
164,16,2030,wind_onshore,0.15430402618827382
164,17,2030,wind_onshore,0.1561714008850093
164,18,2030,wind_onshore,0.16349401131894326
164,19,2030,wind_onshore,0.1762173074046549
164,20,2030,wind_onshore,0.18113604560037957
164,21,2030,wind_onshore,0.1776466963508645
164,22,2030,wind_onshore,0.17514650155061712
164,23,2030,wind_onshore,0.16044666360430973
164,24,2030,wind_onshore,0.15904737925993373
165,1,2030,demand,0.4952744000403757
165,2,2030,demand,0.4837483178764033
165,3,2030,demand,0.4802828078872288
165,4,2030,demand,0.4664053180970277
165,5,2030,demand,0.4721380673849488
165,6,2030,demand,0.4978275285757289
165,7,2030,demand,0.5418885898538317
165,8,2030,demand,0.5856006751084104
165,9,2030,demand,0.6148416517992816
165,10,2030,demand,0.6390265022145122
165,11,2030,demand,0.6368243168967944
165,12,2030,demand,0.631432036384828
165,13,2030,demand,0.626591401982846
165,14,2030,demand,0.6106513094588455
165,15,2030,demand,0.5999237850194719
165,16,2030,demand,0.5952570267997376
165,17,2030,demand,0.5971102782653854
165,18,2030,demand,0.6073832668376835
165,19,2030,demand,0.6328769454064678
165,20,2030,demand,0.6536039000421587
165,21,2030,demand,0.6522386475899662
165,22,2030,demand,0.6086975947468949
165,23,2030,demand,0.5586436196131124
165,24,2030,demand,0.5389449231209515
165,1,2030,solar,0.0
165,2,2030,solar,0.0
165,3,2030,solar,0.0
165,4,2030,solar,0.0
165,5,2030,solar,0.0
165,6,2030,solar,0.0
165,7,2030,solar,0.0
165,8,2030,solar,2.5766651007266626e-6
165,9,2030,solar,0.11585626487049622
165,10,2030,solar,0.2590039735884049
165,11,2030,solar,0.3677923996893759
165,12,2030,solar,0.4265142746139257
165,13,2030,solar,0.42780649605717935
165,14,2030,solar,0.3787949240452394
165,15,2030,solar,0.29463179285470364
165,16,2030,solar,0.1970899033934802
165,17,2030,solar,0.08724144137506783
165,18,2030,solar,0.0
165,19,2030,solar,0.0
165,20,2030,solar,0.0
165,21,2030,solar,0.0
165,22,2030,solar,0.0
165,23,2030,solar,0.0
165,24,2030,solar,0.0
165,1,2030,wind_offshore,0.4998967309925616
165,2,2030,wind_offshore,0.4773051904594986
165,3,2030,wind_offshore,0.45938646527555493
165,4,2030,wind_offshore,0.45709018564617754
165,5,2030,wind_offshore,0.4755572839383423
165,6,2030,wind_offshore,0.521830561013579
165,7,2030,wind_offshore,0.606972666101888
165,8,2030,wind_offshore,0.610599469012014
165,9,2030,wind_offshore,0.5799039756235262
165,10,2030,wind_offshore,0.6300339510034874
165,11,2030,wind_offshore,0.6655030624131933
165,12,2030,wind_offshore,0.7406279931874117
165,13,2030,wind_offshore,0.8522742774913108
165,14,2030,wind_offshore,0.9104433891665037
165,15,2030,wind_offshore,0.9323057034373773
165,16,2030,wind_offshore,0.9458758453183895
165,17,2030,wind_offshore,0.9460620140317672
165,18,2030,wind_offshore,0.954524176410652
165,19,2030,wind_offshore,0.9646465985793184
165,20,2030,wind_offshore,0.9673841546576081
165,21,2030,wind_offshore,0.9598891678863137
165,22,2030,wind_offshore,0.9586018597391368
165,23,2030,wind_offshore,0.9667094876156281
165,24,2030,wind_offshore,0.9597494627568101
165,1,2030,wind_onshore,0.46257013691816784
165,2,2030,wind_onshore,0.47054427000680604
165,3,2030,wind_onshore,0.44816667213211564
165,4,2030,wind_onshore,0.42495688223796424
165,5,2030,wind_onshore,0.40032427479432575
165,6,2030,wind_onshore,0.37679218922224034
165,7,2030,wind_onshore,0.3704943942701635
165,8,2030,wind_onshore,0.355811959836997
165,9,2030,wind_onshore,0.36417559662216054
165,10,2030,wind_onshore,0.35283037406463114
165,11,2030,wind_onshore,0.38133079007170345
165,12,2030,wind_onshore,0.40323683131923843
165,13,2030,wind_onshore,0.40124899857827523
165,14,2030,wind_onshore,0.39828324459204667
165,15,2030,wind_onshore,0.4001468438333441
165,16,2030,wind_onshore,0.3888472940404621
165,17,2030,wind_onshore,0.34893266862919675
165,18,2030,wind_onshore,0.315667473436005
165,19,2030,wind_onshore,0.31755879484370264
165,20,2030,wind_onshore,0.3140908893899827
165,21,2030,wind_onshore,0.31470422391695446
165,22,2030,wind_onshore,0.31936388646089686
165,23,2030,wind_onshore,0.3503110715819661
165,24,2030,wind_onshore,0.36084212366718393
166,1,2030,demand,0.546312455431886
166,2,2030,demand,0.5269263580389628
166,3,2030,demand,0.5187055209388902
166,4,2030,demand,0.5105926623616217
166,5,2030,demand,0.5107878201409116
166,6,2030,demand,0.534360871012065
166,7,2030,demand,0.5770958249951198
166,8,2030,demand,0.6286020931926577
166,9,2030,demand,0.6644705247217488
166,10,2030,demand,0.6936283985893326
166,11,2030,demand,0.6892782972808662
166,12,2030,demand,0.6809826548461074
166,13,2030,demand,0.6631225613168246
166,14,2030,demand,0.6420632709151075
166,15,2030,demand,0.6133451148776543
166,16,2030,demand,0.602278633178133
166,17,2030,demand,0.6079908238121423
166,18,2030,demand,0.6227640273055182
166,19,2030,demand,0.6628083772302944
166,20,2030,demand,0.6906247147693392
166,21,2030,demand,0.693332736944722
166,22,2030,demand,0.6596955395103233
166,23,2030,demand,0.6047438827811595
166,24,2030,demand,0.5813351697629401
166,1,2030,solar,0.0
166,2,2030,solar,0.0
166,3,2030,solar,0.0
166,4,2030,solar,0.0
166,5,2030,solar,0.0
166,6,2030,solar,0.0
166,7,2030,solar,0.0
166,8,2030,solar,0.005126824441008268
166,9,2030,solar,0.1640673680023203
166,10,2030,solar,0.3632267439660235
166,11,2030,solar,0.5181452968366724
166,12,2030,solar,0.6307696031210783
166,13,2030,solar,0.6843803300762099
166,14,2030,solar,0.6784765894019213
166,15,2030,solar,0.6217011248668111
166,16,2030,solar,0.5098248948905173
166,17,2030,solar,0.3443284877917716
166,18,2030,solar,0.14591345092619246
166,19,2030,solar,0.00024140974660440682
166,20,2030,solar,0.0
166,21,2030,solar,0.0
166,22,2030,solar,0.0
166,23,2030,solar,0.0
166,24,2030,solar,0.0
166,1,2030,wind_offshore,0.10647317004225515
166,2,2030,wind_offshore,0.2698246181052847
166,3,2030,wind_offshore,0.37490142951442806
166,4,2030,wind_offshore,0.26972367509491363
166,5,2030,wind_offshore,0.3240779491405531
166,6,2030,wind_offshore,0.4526210841882464
166,7,2030,wind_offshore,0.597718968002475
166,8,2030,wind_offshore,0.5374920513954684
166,9,2030,wind_offshore,0.5073035788188792
166,10,2030,wind_offshore,0.5025752833413866
166,11,2030,wind_offshore,0.4362991927966027
166,12,2030,wind_offshore,0.45026730987062924
166,13,2030,wind_offshore,0.40644457773881065
166,14,2030,wind_offshore,0.4247344648380373
166,15,2030,wind_offshore,0.5010981619191881
166,16,2030,wind_offshore,0.5214430340270444
166,17,2030,wind_offshore,0.5715205665122332
166,18,2030,wind_offshore,0.61532728823667
166,19,2030,wind_offshore,0.6983965694621184
166,20,2030,wind_offshore,0.7189674184749075
166,21,2030,wind_offshore,0.7300579416431284
166,22,2030,wind_offshore,0.7713579880016878
166,23,2030,wind_offshore,0.7466325852465696
166,24,2030,wind_offshore,0.8388110431175625
166,1,2030,wind_onshore,0.26615701837727657
166,2,2030,wind_onshore,0.25288777811614116
166,3,2030,wind_onshore,0.25085166521985647
166,4,2030,wind_onshore,0.24941444802519683
166,5,2030,wind_onshore,0.24164532223799573
166,6,2030,wind_onshore,0.23239821796033738
166,7,2030,wind_onshore,0.22684712803790275
166,8,2030,wind_onshore,0.22866143207493744
166,9,2030,wind_onshore,0.22919781687585755
166,10,2030,wind_onshore,0.19645458077294653
166,11,2030,wind_onshore,0.1885839647230761
166,12,2030,wind_onshore,0.24444247574705236
166,13,2030,wind_onshore,0.30729907388346894
166,14,2030,wind_onshore,0.34939125353436623
166,15,2030,wind_onshore,0.3784866217429179
166,16,2030,wind_onshore,0.4051543242148346
166,17,2030,wind_onshore,0.3958738907132462
166,18,2030,wind_onshore,0.37056469430578814
166,19,2030,wind_onshore,0.37085604105070047
166,20,2030,wind_onshore,0.3855932087002474
166,21,2030,wind_onshore,0.39965147176147225
166,22,2030,wind_onshore,0.39390370538355945
166,23,2030,wind_onshore,0.3412212853143605
166,24,2030,wind_onshore,0.3390228839293855
167,1,2030,demand,0.47434255387932855
167,2,2030,demand,0.475935495214766
167,3,2030,demand,0.47884481066435186
167,4,2030,demand,0.4837292639721741
167,5,2030,demand,0.4886749245681553
167,6,2030,demand,0.527525127291275
167,7,2030,demand,0.571685402741508
167,8,2030,demand,0.6181491109419165
167,9,2030,demand,0.636278655229206
167,10,2030,demand,0.6470918815800699
167,11,2030,demand,0.6449569840353164
167,12,2030,demand,0.6276819228412133
167,13,2030,demand,0.6263009031484806
167,14,2030,demand,0.6177594230005227
167,15,2030,demand,0.6100231246337865
167,16,2030,demand,0.6096071960571003
167,17,2030,demand,0.6175701844744921
167,18,2030,demand,0.6224336781904378
167,19,2030,demand,0.6429282094795038
167,20,2030,demand,0.6462160182678374
167,21,2030,demand,0.6163238964463353
167,22,2030,demand,0.5722315600370371
167,23,2030,demand,0.525649359550399
167,24,2030,demand,0.5214159108512669
167,1,2030,solar,0.0
167,2,2030,solar,0.0
167,3,2030,solar,0.0
167,4,2030,solar,0.0
167,5,2030,solar,0.0
167,6,2030,solar,0.0
167,7,2030,solar,0.0
167,8,2030,solar,0.03679869009876734
167,9,2030,solar,0.19723524541333268
167,10,2030,solar,0.38714864887740735
167,11,2030,solar,0.5176598515736845
167,12,2030,solar,0.5906712266923043
167,13,2030,solar,0.5998692985309245
167,14,2030,solar,0.5653712197468601
167,15,2030,solar,0.4817751418055031
167,16,2030,solar,0.34748755156999084
167,17,2030,solar,0.18090038701519365
167,18,2030,solar,0.021083051388372343
167,19,2030,solar,0.0
167,20,2030,solar,0.0
167,21,2030,solar,0.0
167,22,2030,solar,0.0
167,23,2030,solar,0.0
167,24,2030,solar,0.0
167,1,2030,wind_offshore,0.865327468710686
167,2,2030,wind_offshore,0.8346770044758169
167,3,2030,wind_offshore,0.7507810247441845
167,4,2030,wind_offshore,0.6566442459572679
167,5,2030,wind_offshore,0.5724837460882302
167,6,2030,wind_offshore,0.507442979892989
167,7,2030,wind_offshore,0.38762201658962664
167,8,2030,wind_offshore,0.2841531832256447
167,9,2030,wind_offshore,0.17097288088007556
167,10,2030,wind_offshore,0.18511088816221044
167,11,2030,wind_offshore,0.2952543307498982
167,12,2030,wind_offshore,0.46403040551386415
167,13,2030,wind_offshore,0.6619371502766805
167,14,2030,wind_offshore,0.7543291016318819
167,15,2030,wind_offshore,0.7995427583676837
167,16,2030,wind_offshore,0.7784265516137084
167,17,2030,wind_offshore,0.7532113159933544
167,18,2030,wind_offshore,0.7388422594190196
167,19,2030,wind_offshore,0.7086241988779306
167,20,2030,wind_offshore,0.6374778448294944
167,21,2030,wind_offshore,0.5585614186482082
167,22,2030,wind_offshore,0.4956089505865628
167,23,2030,wind_offshore,0.5262795949016187
167,24,2030,wind_offshore,0.3977942531960597
167,1,2030,wind_onshore,0.418760791742666
167,2,2030,wind_onshore,0.3998398754436231
167,3,2030,wind_onshore,0.36682998212472784
167,4,2030,wind_onshore,0.3415567855240439
167,5,2030,wind_onshore,0.30504022266599745
167,6,2030,wind_onshore,0.26710837253214104
167,7,2030,wind_onshore,0.2417892188733697
167,8,2030,wind_onshore,0.21026483061817244
167,9,2030,wind_onshore,0.18139731585129762
167,10,2030,wind_onshore,0.1680466290355698
167,11,2030,wind_onshore,0.19608128229661514
167,12,2030,wind_onshore,0.19877382960050954
167,13,2030,wind_onshore,0.21129907626601158
167,14,2030,wind_onshore,0.23509105002666372
167,15,2030,wind_onshore,0.23791085907540557
167,16,2030,wind_onshore,0.20625686395427004
167,17,2030,wind_onshore,0.15728890285676303
167,18,2030,wind_onshore,0.12130216608142771
167,19,2030,wind_onshore,0.11211079789125292
167,20,2030,wind_onshore,0.10519060853972859
167,21,2030,wind_onshore,0.08916155697163154
167,22,2030,wind_onshore,0.07023423967730914
167,23,2030,wind_onshore,0.06952965100950563
167,24,2030,wind_onshore,0.05524407885508618
168,1,2030,demand,0.47854232170360134
168,2,2030,demand,0.4841322982047126
168,3,2030,demand,0.49225339520741085
168,4,2030,demand,0.4864452892063748
168,5,2030,demand,0.5021700691070023
168,6,2030,demand,0.5420817805013092
168,7,2030,demand,0.5819895929426318
168,8,2030,demand,0.6096914640572717
168,9,2030,demand,0.6149858624925156
168,10,2030,demand,0.6112594303221134
168,11,2030,demand,0.6120810397560728
168,12,2030,demand,0.617769606212361
168,13,2030,demand,0.6068916181677275
168,14,2030,demand,0.5915331497407859
168,15,2030,demand,0.595481077629558
168,16,2030,demand,0.5971961146580451
168,17,2030,demand,0.5904522669345492
168,18,2030,demand,0.5929078511336017
168,19,2030,demand,0.6094635603295249
168,20,2030,demand,0.616763440882717
168,21,2030,demand,0.5985473359189286
168,22,2030,demand,0.5564662230687718
168,23,2030,demand,0.5166427765431072
168,24,2030,demand,0.5116140030943335
168,1,2030,solar,0.0
168,2,2030,solar,0.0
168,3,2030,solar,0.0
168,4,2030,solar,0.0
168,5,2030,solar,0.0
168,6,2030,solar,0.0
168,7,2030,solar,0.0
168,8,2030,solar,0.04673993228021995
168,9,2030,solar,0.21440584813077557
168,10,2030,solar,0.3974854205033332
168,11,2030,solar,0.5284067721226282
168,12,2030,solar,0.6005649164840805
168,13,2030,solar,0.6018616753168816
168,14,2030,solar,0.5522510265269072
168,15,2030,solar,0.45007740568546595
168,16,2030,solar,0.32468077665578876
168,17,2030,solar,0.1735118389828917
168,18,2030,solar,0.0332846205268117
168,19,2030,solar,0.0
168,20,2030,solar,0.0
168,21,2030,solar,0.0
168,22,2030,solar,0.0
168,23,2030,solar,0.0
168,24,2030,solar,0.0
168,1,2030,wind_offshore,0.11310392066223605
168,2,2030,wind_offshore,0.13290045688032445
168,3,2030,wind_offshore,0.17901112579768297
168,4,2030,wind_offshore,0.3106264858506908
168,5,2030,wind_offshore,0.48598866802707613
168,6,2030,wind_offshore,0.6348066917937558
168,7,2030,wind_offshore,0.7652162682730719
168,8,2030,wind_offshore,0.8639481502021398
168,9,2030,wind_offshore,0.9099272286533204
168,10,2030,wind_offshore,0.9271338610265811
168,11,2030,wind_offshore,0.9181774353994894
168,12,2030,wind_offshore,0.9223845517319932
168,13,2030,wind_offshore,0.9310446759087065
168,14,2030,wind_offshore,0.9284561525314359
168,15,2030,wind_offshore,0.9279575257738824
168,16,2030,wind_offshore,0.9307645596838411
168,17,2030,wind_offshore,0.9272923081346965
168,18,2030,wind_offshore,0.9292943713124162
168,19,2030,wind_offshore,0.9340608259111132
168,20,2030,wind_offshore,0.9361262750452417
168,21,2030,wind_offshore,0.9398549875501694
168,22,2030,wind_offshore,0.953862905878687
168,23,2030,wind_offshore,0.9615817608989903
168,24,2030,wind_offshore,0.9532878045932249
168,1,2030,wind_onshore,0.2416014307636249
168,2,2030,wind_onshore,0.24334950710519132
168,3,2030,wind_onshore,0.24291385872735344
168,4,2030,wind_onshore,0.23605694637016528
168,5,2030,wind_onshore,0.23093785005131426
168,6,2030,wind_onshore,0.23573907597701071
168,7,2030,wind_onshore,0.2402599689417419
168,8,2030,wind_onshore,0.2441809942152289
168,9,2030,wind_onshore,0.2578485023061366
168,10,2030,wind_onshore,0.24151431931170758
168,11,2030,wind_onshore,0.23645586602526922
168,12,2030,wind_onshore,0.3134315574663986
168,13,2030,wind_onshore,0.3911269067633984
168,14,2030,wind_onshore,0.42897126955012754
168,15,2030,wind_onshore,0.45333418342747356
168,16,2030,wind_onshore,0.45584306083524573
168,17,2030,wind_onshore,0.47497176911514327
168,18,2030,wind_onshore,0.4620411933834818
168,19,2030,wind_onshore,0.4888157522700804
168,20,2030,wind_onshore,0.5031298682675587
168,21,2030,wind_onshore,0.5056434865619068
168,22,2030,wind_onshore,0.502046864810084
168,23,2030,wind_onshore,0.508357290388956
168,24,2030,wind_onshore,0.5027868462897733
169,1,2030,demand,0.5693268702484515
169,2,2030,demand,0.5608252696899827
169,3,2030,demand,0.5467741921335842
169,4,2030,demand,0.537172570642437
169,5,2030,demand,0.5465069870072359
169,6,2030,demand,0.565514267399926
169,7,2030,demand,0.5782446426104559
169,8,2030,demand,0.6202005096541958
169,9,2030,demand,0.6767155196341734
169,10,2030,demand,0.7249631842848114
169,11,2030,demand,0.7641076753101066
169,12,2030,demand,0.7918244153462437
169,13,2030,demand,0.7953898932479553
169,14,2030,demand,0.7819230946908522
169,15,2030,demand,0.7715321768189416
169,16,2030,demand,0.7736187088600767
169,17,2030,demand,0.7768377665656397
169,18,2030,demand,0.7649291736443761
169,19,2030,demand,0.7458607510365649
169,20,2030,demand,0.7352344708841374
169,21,2030,demand,0.7294031561620913
169,22,2030,demand,0.6828230878470263
169,23,2030,demand,0.6401105772700622
169,24,2030,demand,0.6142119855290573
169,1,2030,solar,0.0
169,2,2030,solar,0.0
169,3,2030,solar,0.0
169,4,2030,solar,0.0
169,5,2030,solar,0.0
169,6,2030,solar,0.0
169,7,2030,solar,0.016257455990561432
169,8,2030,solar,0.1672679916017697
169,9,2030,solar,0.36515836205113794
169,10,2030,solar,0.5406131660365363
169,11,2030,solar,0.6564614361054855
169,12,2030,solar,0.740593709166193
169,13,2030,solar,0.7763607053773387
169,14,2030,solar,0.7621541310310033
169,15,2030,solar,0.6974854494490221
169,16,2030,solar,0.6071593174148929
169,17,2030,solar,0.47691846252810166
169,18,2030,solar,0.2971837186069203
169,19,2030,solar,0.10064111300579526
169,20,2030,solar,0.000693281247186501
169,21,2030,solar,0.0
169,22,2030,solar,0.0
169,23,2030,solar,0.0
169,24,2030,solar,0.0
169,1,2030,wind_offshore,0.3494868700990606
169,2,2030,wind_offshore,0.4533836222779271
169,3,2030,wind_offshore,0.5149956514893719
169,4,2030,wind_offshore,0.5621628950655351
169,5,2030,wind_offshore,0.5593206925569245
169,6,2030,wind_offshore,0.5024327559954369
169,7,2030,wind_offshore,0.40225257063076014
169,8,2030,wind_offshore,0.29700948072219935
169,9,2030,wind_offshore,0.21561389689209876
169,10,2030,wind_offshore,0.16366827987849836
169,11,2030,wind_offshore,0.17843819914207446
169,12,2030,wind_offshore,0.146095280652416
169,13,2030,wind_offshore,0.11878131053653798
169,14,2030,wind_offshore,0.07863174000411896
169,15,2030,wind_offshore,0.03967361135957646
169,16,2030,wind_offshore,0.009346715346383408
169,17,2030,wind_offshore,0.0
169,18,2030,wind_offshore,0.0
169,19,2030,wind_offshore,0.0003308297284693291
169,20,2030,wind_offshore,0.004783065035127867
169,21,2030,wind_offshore,0.016488251660886966
169,22,2030,wind_offshore,0.04177999868585276
169,23,2030,wind_offshore,0.03547331996611506
169,24,2030,wind_offshore,0.08730505258239712
169,1,2030,wind_onshore,0.14164086676741516
169,2,2030,wind_onshore,0.1273280021706531
169,3,2030,wind_onshore,0.1145191349640603
169,4,2030,wind_onshore,0.1043994712273436
169,5,2030,wind_onshore,0.10236831740581542
169,6,2030,wind_onshore,0.09941656548656677
169,7,2030,wind_onshore,0.09115457832170631
169,8,2030,wind_onshore,0.08085580513184597
169,9,2030,wind_onshore,0.07137787238863297
169,10,2030,wind_onshore,0.06551508965933601
169,11,2030,wind_onshore,0.049592940533204496
169,12,2030,wind_onshore,0.05360523098075977
169,13,2030,wind_onshore,0.051936837404387655
169,14,2030,wind_onshore,0.056724573501055156
169,15,2030,wind_onshore,0.06606941188824622
169,16,2030,wind_onshore,0.08539465755143047
169,17,2030,wind_onshore,0.11483440011340326
169,18,2030,wind_onshore,0.16068033849184044
169,19,2030,wind_onshore,0.20984739692195764
169,20,2030,wind_onshore,0.24690782450657783
169,21,2030,wind_onshore,0.28210724001755483
169,22,2030,wind_onshore,0.2728707907333059
169,23,2030,wind_onshore,0.2353533060721553
169,24,2030,wind_onshore,0.22222877748067082
170,1,2030,demand,0.6177291262595168
170,2,2030,demand,0.6048401991871573
170,3,2030,demand,0.5817208102521262
170,4,2030,demand,0.5713018349490081
170,5,2030,demand,0.5776172490986855
170,6,2030,demand,0.5985697181949516
170,7,2030,demand,0.6149298024478409
170,8,2030,demand,0.6445397357274567
170,9,2030,demand,0.7179742245469605
170,10,2030,demand,0.7824939716589918
170,11,2030,demand,0.8400904628136778
170,12,2030,demand,0.8865894188633232
170,13,2030,demand,0.9037861869317441
170,14,2030,demand,0.9002318792893177
170,15,2030,demand,0.8909315941142619
170,16,2030,demand,0.8848454123418019
170,17,2030,demand,0.8746228876354694
170,18,2030,demand,0.864541631009988
170,19,2030,demand,0.8304698492744745
170,20,2030,demand,0.8025943095999792
170,21,2030,demand,0.7725680619991788
170,22,2030,demand,0.7330423267798895
170,23,2030,demand,0.6777198876716868
170,24,2030,demand,0.6590233006315691
170,1,2030,solar,0.0
170,2,2030,solar,0.0
170,3,2030,solar,0.0
170,4,2030,solar,0.0
170,5,2030,solar,0.0
170,6,2030,solar,0.0
170,7,2030,solar,0.00660369043010745
170,8,2030,solar,0.13376656042736776
170,9,2030,solar,0.32236555248937215
170,10,2030,solar,0.4875251663761674
170,11,2030,solar,0.5952051059026164
170,12,2030,solar,0.6592388108432918
170,13,2030,solar,0.6695701891057599
170,14,2030,solar,0.6665080905803187
170,15,2030,solar,0.6146648466913323
170,16,2030,solar,0.5219307034785227
170,17,2030,solar,0.396125045107236
170,18,2030,solar,0.23175753380166222
170,19,2030,solar,0.06922850267630407
170,20,2030,solar,0.0006730661533682275
170,21,2030,solar,0.0
170,22,2030,solar,0.0
170,23,2030,solar,0.0
170,24,2030,solar,0.0
170,1,2030,wind_offshore,0.21538350968700606
170,2,2030,wind_offshore,0.21542083847598936
170,3,2030,wind_offshore,0.20747207228385603
170,4,2030,wind_offshore,0.20919741731103103
170,5,2030,wind_offshore,0.20710860356135524
170,6,2030,wind_offshore,0.1913951679978096
170,7,2030,wind_offshore,0.19151872512614404
170,8,2030,wind_offshore,0.2009780381384012
170,9,2030,wind_offshore,0.20585648775710408
170,10,2030,wind_offshore,0.22547821049563377
170,11,2030,wind_offshore,0.3624043666348355
170,12,2030,wind_offshore,0.5159166163428432
170,13,2030,wind_offshore,0.7173011125636106
170,14,2030,wind_offshore,0.839742293080634
170,15,2030,wind_offshore,0.8452500823921422
170,16,2030,wind_offshore,0.8474929767165235
170,17,2030,wind_offshore,0.8676054503498336
170,18,2030,wind_offshore,0.8923852015918937
170,19,2030,wind_offshore,0.914651705928935
170,20,2030,wind_offshore,0.9358372226950062
170,21,2030,wind_offshore,0.9441202395401143
170,22,2030,wind_offshore,0.9579945016733535
170,23,2030,wind_offshore,0.9552992574751447
170,24,2030,wind_offshore,0.9654581527948407
170,1,2030,wind_onshore,0.27582116036339177
170,2,2030,wind_onshore,0.26109875457591736
170,3,2030,wind_onshore,0.24787721566974247
170,4,2030,wind_onshore,0.24340949230973424
170,5,2030,wind_onshore,0.2443211910982745
170,6,2030,wind_onshore,0.2461519310021193
170,7,2030,wind_onshore,0.2515121699917139
170,8,2030,wind_onshore,0.25203604542199964
170,9,2030,wind_onshore,0.24848892501486589
170,10,2030,wind_onshore,0.251026696738411
170,11,2030,wind_onshore,0.23916165941106654
170,12,2030,wind_onshore,0.24463225147141698
170,13,2030,wind_onshore,0.24388416902167168
170,14,2030,wind_onshore,0.26341842530954185
170,15,2030,wind_onshore,0.2838851766595145
170,16,2030,wind_onshore,0.3161769737421243
170,17,2030,wind_onshore,0.3564504395883765
170,18,2030,wind_onshore,0.3959542722531336
170,19,2030,wind_onshore,0.44480842577322166
170,20,2030,wind_onshore,0.4821838225933108
170,21,2030,wind_onshore,0.5082227953443131
170,22,2030,wind_onshore,0.5099030386204328
170,23,2030,wind_onshore,0.4708818363888578
170,24,2030,wind_onshore,0.44787021089802453
171,1,2030,demand,0.47270778392768487
171,2,2030,demand,0.4727888632548276
171,3,2030,demand,0.47751469858173096
171,4,2030,demand,0.46995523063467526
171,5,2030,demand,0.48556733695036747
171,6,2030,demand,0.5216199335230771
171,7,2030,demand,0.5749093503991247
171,8,2030,demand,0.608673851087561
171,9,2030,demand,0.6197750112677876
171,10,2030,demand,0.6177374001235301
171,11,2030,demand,0.6286176233667092
171,12,2030,demand,0.6210065779753472
171,13,2030,demand,0.6083009984876493
171,14,2030,demand,0.5981723559455936
171,15,2030,demand,0.5937256201467784
171,16,2030,demand,0.6045461505014519
171,17,2030,demand,0.6042430597837437
171,18,2030,demand,0.6079742473843441
171,19,2030,demand,0.6248250470522163
171,20,2030,demand,0.6336810121369301
171,21,2030,demand,0.6181891500618866
171,22,2030,demand,0.5661408862943914
171,23,2030,demand,0.5258896597889786
171,24,2030,demand,0.5239313156389411
171,1,2030,solar,0.0
171,2,2030,solar,0.0
171,3,2030,solar,0.0
171,4,2030,solar,0.0
171,5,2030,solar,0.0
171,6,2030,solar,0.0
171,7,2030,solar,0.0
171,8,2030,solar,0.05621439511256146
171,9,2030,solar,0.2343392209284667
171,10,2030,solar,0.4269096797665073
171,11,2030,solar,0.5522750700334496
171,12,2030,solar,0.6310049039000702
171,13,2030,solar,0.6475641948307957
171,14,2030,solar,0.6071186738921718
171,15,2030,solar,0.4960034487730741
171,16,2030,solar,0.3668278197598818
171,17,2030,solar,0.20305243307198845
171,18,2030,solar,0.044819673774358165
171,19,2030,solar,0.0
171,20,2030,solar,0.0
171,21,2030,solar,0.0
171,22,2030,solar,0.0
171,23,2030,solar,0.0
171,24,2030,solar,0.0
171,1,2030,wind_offshore,0.40493476946376084
171,2,2030,wind_offshore,0.36112522290332427
171,3,2030,wind_offshore,0.38451655861495093
171,4,2030,wind_offshore,0.43741085079362485
171,5,2030,wind_offshore,0.4472804925466578
171,6,2030,wind_offshore,0.4526118718896419
171,7,2030,wind_offshore,0.4397374218045912
171,8,2030,wind_offshore,0.4244552026427105
171,9,2030,wind_offshore,0.4388979430913553
171,10,2030,wind_offshore,0.4406390151312504
171,11,2030,wind_offshore,0.5274836206917999
171,12,2030,wind_offshore,0.5042054082846334
171,13,2030,wind_offshore,0.4045295861010234
171,14,2030,wind_offshore,0.2999062087367941
171,15,2030,wind_offshore,0.21666462673674175
171,16,2030,wind_offshore,0.18127567232191388
171,17,2030,wind_offshore,0.15983087200567989
171,18,2030,wind_offshore,0.14308022753913185
171,19,2030,wind_offshore,0.11874272389357181
171,20,2030,wind_offshore,0.07968101629318117
171,21,2030,wind_offshore,0.04713387657321588
171,22,2030,wind_offshore,0.032936795186821057
171,23,2030,wind_offshore,0.048062799978512635
171,24,2030,wind_offshore,0.08323525826285365
171,1,2030,wind_onshore,0.09368542498873597
171,2,2030,wind_onshore,0.08199759789483645
171,3,2030,wind_onshore,0.07260416022759
171,4,2030,wind_onshore,0.06625112885860578
171,5,2030,wind_onshore,0.06301880455017754
171,6,2030,wind_onshore,0.06598367385296242
171,7,2030,wind_onshore,0.06626116454679142
171,8,2030,wind_onshore,0.06584194168213597
171,9,2030,wind_onshore,0.06333832836887651
171,10,2030,wind_onshore,0.05470607188195896
171,11,2030,wind_onshore,0.0634788913988982
171,12,2030,wind_onshore,0.08963951403365578
171,13,2030,wind_onshore,0.13435766985282205
171,14,2030,wind_onshore,0.17219399763952714
171,15,2030,wind_onshore,0.18692058608020323
171,16,2030,wind_onshore,0.18659808265792874
171,17,2030,wind_onshore,0.17486666675507992
171,18,2030,wind_onshore,0.16694937570275847
171,19,2030,wind_onshore,0.189487562058325
171,20,2030,wind_onshore,0.20401002798270412
171,21,2030,wind_onshore,0.22046785897489898
171,22,2030,wind_onshore,0.2221968777600144
171,23,2030,wind_onshore,0.24002120442584143
171,24,2030,wind_onshore,0.2440408880078134
172,1,2030,demand,0.47256922705475923
172,2,2030,demand,0.46727476414600827
172,3,2030,demand,0.46262094945099613
172,4,2030,demand,0.45475618864140016
172,5,2030,demand,0.4602968006749837
172,6,2030,demand,0.4722681329549936
172,7,2030,demand,0.493440670557923
172,8,2030,demand,0.5235165865219359
172,9,2030,demand,0.5502027175994723
172,10,2030,demand,0.5673637770219505
172,11,2030,demand,0.5761345613034461
172,12,2030,demand,0.5762549365413432
172,13,2030,demand,0.5682624298559116
172,14,2030,demand,0.5486876699990476
172,15,2030,demand,0.5362676994454357
172,16,2030,demand,0.5273533312250349
172,17,2030,demand,0.5242249797233826
172,18,2030,demand,0.5302515677045311
172,19,2030,demand,0.5458158290313045
172,20,2030,demand,0.5633232855676105
172,21,2030,demand,0.5610400412381075
172,22,2030,demand,0.5324553570080476
172,23,2030,demand,0.499867647246665
172,24,2030,demand,0.49276625806987906
172,1,2030,solar,0.0
172,2,2030,solar,0.0
172,3,2030,solar,0.0
172,4,2030,solar,0.0
172,5,2030,solar,0.0
172,6,2030,solar,0.00023817671938811504
172,7,2030,solar,0.023416439311397263
172,8,2030,solar,0.17017934641448776
172,9,2030,solar,0.38095207391821845
172,10,2030,solar,0.5697983822516853
172,11,2030,solar,0.6900639596290717
172,12,2030,solar,0.7720385293458563
172,13,2030,solar,0.8017954638709602
172,14,2030,solar,0.7866987763462189
172,15,2030,solar,0.7225517357322748
172,16,2030,solar,0.6193787655294216
172,17,2030,solar,0.4623568229421518
172,18,2030,solar,0.25861814499068303
172,19,2030,solar,0.06704152338282375
172,20,2030,solar,0.0010016242092226449
172,21,2030,solar,0.0
172,22,2030,solar,0.0
172,23,2030,solar,0.0
172,24,2030,solar,0.0
172,1,2030,wind_offshore,0.14745137048424367
172,2,2030,wind_offshore,0.1270945892433527
172,3,2030,wind_offshore,0.09840639602992333
172,4,2030,wind_offshore,0.07482118356161045
172,5,2030,wind_offshore,0.06270575186956556
172,6,2030,wind_offshore,0.058390774091818275
172,7,2030,wind_offshore,0.054368018116048876
172,8,2030,wind_offshore,0.05538185268316701
172,9,2030,wind_offshore,0.05902215570571781
172,10,2030,wind_offshore,0.05784591004864675
172,11,2030,wind_offshore,0.05240238905944846
172,12,2030,wind_offshore,0.09062248421464704
172,13,2030,wind_offshore,0.1369485567533352
172,14,2030,wind_offshore,0.1767481397124453
172,15,2030,wind_offshore,0.19329789146405815
172,16,2030,wind_offshore,0.22811486443955312
172,17,2030,wind_offshore,0.2794303608892777
172,18,2030,wind_offshore,0.30194118774817885
172,19,2030,wind_offshore,0.333193899838041
172,20,2030,wind_offshore,0.3867503733685533
172,21,2030,wind_offshore,0.4208299200256352
172,22,2030,wind_offshore,0.5505623956066075
172,23,2030,wind_offshore,0.5663890146814502
172,24,2030,wind_offshore,0.47854395840774266
172,1,2030,wind_onshore,0.4566706370367218
172,2,2030,wind_onshore,0.429792636794429
172,3,2030,wind_onshore,0.4019660751262966
172,4,2030,wind_onshore,0.37714440825079887
172,5,2030,wind_onshore,0.36717378850701987
172,6,2030,wind_onshore,0.3577425343536329
172,7,2030,wind_onshore,0.3368742858318691
172,8,2030,wind_onshore,0.32105498792052795
172,9,2030,wind_onshore,0.3109502868433655
172,10,2030,wind_onshore,0.30338511836367504
172,11,2030,wind_onshore,0.2873099437803684
172,12,2030,wind_onshore,0.2815048018403246
172,13,2030,wind_onshore,0.2805979830200207
172,14,2030,wind_onshore,0.28812547588048715
172,15,2030,wind_onshore,0.3009127369832862
172,16,2030,wind_onshore,0.313658097077195
172,17,2030,wind_onshore,0.31749612197096316
172,18,2030,wind_onshore,0.3156619592222935
172,19,2030,wind_onshore,0.30528406461618246
172,20,2030,wind_onshore,0.29864160571088
172,21,2030,wind_onshore,0.3034385314641808
172,22,2030,wind_onshore,0.29285239638908916
172,23,2030,wind_onshore,0.25804881882252095
172,24,2030,wind_onshore,0.25421554814750474
173,1,2030,demand,0.45529781566361277
173,2,2030,demand,0.45313134501332836
173,3,2030,demand,0.4455813130665655
173,4,2030,demand,0.43948756587117654
173,5,2030,demand,0.44769510919242966
173,6,2030,demand,0.4665864701434565
173,7,2030,demand,0.49192381149089454
173,8,2030,demand,0.5258544889854917
173,9,2030,demand,0.5497334982970168
173,10,2030,demand,0.5604659569909729
173,11,2030,demand,0.5664007566420032
173,12,2030,demand,0.5633917268060521
173,13,2030,demand,0.5520644042343062
173,14,2030,demand,0.5398563565427345
173,15,2030,demand,0.531256755954932
173,16,2030,demand,0.5228364694924854
173,17,2030,demand,0.525203988446565
173,18,2030,demand,0.5301228652525368
173,19,2030,demand,0.5587494575681343
173,20,2030,demand,0.5855132827182347
173,21,2030,demand,0.5738428171485335
173,22,2030,demand,0.5417577839144523
173,23,2030,demand,0.5027817783898131
173,24,2030,demand,0.49735306525739476
173,1,2030,solar,0.0
173,2,2030,solar,0.0
173,3,2030,solar,0.0
173,4,2030,solar,0.0
173,5,2030,solar,0.0
173,6,2030,solar,0.0
173,7,2030,solar,0.00025045221136921897
173,8,2030,solar,0.10355122839029555
173,9,2030,solar,0.34014113092681547
173,10,2030,solar,0.5579638120188649
173,11,2030,solar,0.7129896548301845
173,12,2030,solar,0.8133838713256817
173,13,2030,solar,0.8535012068722323
173,14,2030,solar,0.848588254575133
173,15,2030,solar,0.7814624078720495
173,16,2030,solar,0.6592405977098089
173,17,2030,solar,0.47736560300351427
173,18,2030,solar,0.24166108886735427
173,19,2030,solar,0.036880549302301335
173,20,2030,solar,0.0
173,21,2030,solar,0.0
173,22,2030,solar,0.0
173,23,2030,solar,0.0
173,24,2030,solar,0.0
173,1,2030,wind_offshore,0.9688835688245286
173,2,2030,wind_offshore,0.9617475114653784
173,3,2030,wind_offshore,0.9609099957308112
173,4,2030,wind_offshore,0.9632964441277491
173,5,2030,wind_offshore,0.96275888427581
173,6,2030,wind_offshore,0.9639378695634354
173,7,2030,wind_offshore,0.9632308184911548
173,8,2030,wind_offshore,0.9613726989948658
173,9,2030,wind_offshore,0.9532565874860021
173,10,2030,wind_offshore,0.9618236443904657
173,11,2030,wind_offshore,0.9581519163594229
173,12,2030,wind_offshore,0.9521968765158046
173,13,2030,wind_offshore,0.9546369389301205
173,14,2030,wind_offshore,0.9583848394072368
173,15,2030,wind_offshore,0.9618918040998308
173,16,2030,wind_offshore,0.9553124780254872
173,17,2030,wind_offshore,0.9602850954635849
173,18,2030,wind_offshore,0.9620995497011279
173,19,2030,wind_offshore,0.95237464995412
173,20,2030,wind_offshore,0.9539230120890254
173,21,2030,wind_offshore,0.9561480440710012
173,22,2030,wind_offshore,0.9533737904108258
173,23,2030,wind_offshore,0.95533181863698
173,24,2030,wind_offshore,0.9539603676183476
173,1,2030,wind_onshore,0.3656660050081652
173,2,2030,wind_onshore,0.3457757562511956
173,3,2030,wind_onshore,0.3238697592826055
173,4,2030,wind_onshore,0.3074344445606498
173,5,2030,wind_onshore,0.29316157871571447
173,6,2030,wind_onshore,0.28004011327940315
173,7,2030,wind_onshore,0.2753897776626195
173,8,2030,wind_onshore,0.2749816132744162
173,9,2030,wind_onshore,0.23857879560486425
173,10,2030,wind_onshore,0.2470861821519942
173,11,2030,wind_onshore,0.2597282298949227
173,12,2030,wind_onshore,0.2823126735503741
173,13,2030,wind_onshore,0.297193518830174
173,14,2030,wind_onshore,0.304964010247651
173,15,2030,wind_onshore,0.31173588149769177
173,16,2030,wind_onshore,0.32196268607863304
173,17,2030,wind_onshore,0.3414211546505987
173,18,2030,wind_onshore,0.35022445526350987
173,19,2030,wind_onshore,0.35497165529450886
173,20,2030,wind_onshore,0.38030510762706066
173,21,2030,wind_onshore,0.3822284185118993
173,22,2030,wind_onshore,0.3616551349678776
173,23,2030,wind_onshore,0.3264677327379133
173,24,2030,wind_onshore,0.30239644825690803
174,1,2030,demand,0.5515575968487808
174,2,2030,demand,0.5378175992191826
174,3,2030,demand,0.5261917804694304
174,4,2030,demand,0.5165170966497886
174,5,2030,demand,0.527671448029354
174,6,2030,demand,0.5517827932377789
174,7,2030,demand,0.5780119486134142
174,8,2030,demand,0.625031515107915
174,9,2030,demand,0.6790001920337104
174,10,2030,demand,0.7096093475459931
174,11,2030,demand,0.7334534658976914
174,12,2030,demand,0.7460459658881874
174,13,2030,demand,0.7448950999065033
174,14,2030,demand,0.7340838024524213
174,15,2030,demand,0.7242029635216012
174,16,2030,demand,0.7259203620172436
174,17,2030,demand,0.7174434145105529
174,18,2030,demand,0.7104208280093763
174,19,2030,demand,0.7077323347785779
174,20,2030,demand,0.712547924799698
174,21,2030,demand,0.700227992529562
174,22,2030,demand,0.6563178261055708
174,23,2030,demand,0.604081315365888
174,24,2030,demand,0.5830412679509726
174,1,2030,solar,0.0
174,2,2030,solar,0.0
174,3,2030,solar,0.0
174,4,2030,solar,0.0
174,5,2030,solar,0.0
174,6,2030,solar,0.0
174,7,2030,solar,0.004968474769687821
174,8,2030,solar,0.09130897621057045
174,9,2030,solar,0.27739776989538395
174,10,2030,solar,0.46129841553128825
174,11,2030,solar,0.5900824550699126
174,12,2030,solar,0.6715733014139285
174,13,2030,solar,0.6985084328739265
174,14,2030,solar,0.6833021137925481
174,15,2030,solar,0.6166790894987728
174,16,2030,solar,0.5154942760061251
174,17,2030,solar,0.3680404996106561
174,18,2030,solar,0.1875042090287312
174,19,2030,solar,0.03515769201061214
174,20,2030,solar,0.00016519260782138856
174,21,2030,solar,0.0
174,22,2030,solar,0.0
174,23,2030,solar,0.0
174,24,2030,solar,0.0
174,1,2030,wind_offshore,0.9224961911651626
174,2,2030,wind_offshore,0.9170176489386087
174,3,2030,wind_offshore,0.9151240934792538
174,4,2030,wind_offshore,0.9238152241566717
174,5,2030,wind_offshore,0.92774281064934
174,6,2030,wind_offshore,0.9120909871984454
174,7,2030,wind_offshore,0.8902567745533027
174,8,2030,wind_offshore,0.8787107430805761
174,9,2030,wind_offshore,0.8459030308392711
174,10,2030,wind_offshore,0.854048962119407
174,11,2030,wind_offshore,0.9247623414902971
174,12,2030,wind_offshore,0.939351996595576
174,13,2030,wind_offshore,0.9418494006116561
174,14,2030,wind_offshore,0.9476657383884408
174,15,2030,wind_offshore,0.9514798620562842
174,16,2030,wind_offshore,0.9486702545828763
174,17,2030,wind_offshore,0.9458046006158884
174,18,2030,wind_offshore,0.9453165245914589
174,19,2030,wind_offshore,0.9398364757783826
174,20,2030,wind_offshore,0.9317848293020415
174,21,2030,wind_offshore,0.9306921088743193
174,22,2030,wind_offshore,0.9349012449304257
174,23,2030,wind_offshore,0.9472029130333176
174,24,2030,wind_offshore,0.9471711755020711
174,1,2030,wind_onshore,0.36271939815938836
174,2,2030,wind_onshore,0.3611012927168344
174,3,2030,wind_onshore,0.3614370291502535
174,4,2030,wind_onshore,0.372185982261976
174,5,2030,wind_onshore,0.3769042941633594
174,6,2030,wind_onshore,0.3826805622718375
174,7,2030,wind_onshore,0.3868641954484527
174,8,2030,wind_onshore,0.3935644698261087
174,9,2030,wind_onshore,0.4011454856136951
174,10,2030,wind_onshore,0.4027322045562181
174,11,2030,wind_onshore,0.3952771152052514
174,12,2030,wind_onshore,0.4199942512571853
174,13,2030,wind_onshore,0.4361705700112983
174,14,2030,wind_onshore,0.44544240746479513
174,15,2030,wind_onshore,0.4613771932774507
174,16,2030,wind_onshore,0.4836903702110351
174,17,2030,wind_onshore,0.5010303776013337
174,18,2030,wind_onshore,0.5043812065379296
174,19,2030,wind_onshore,0.5089555167269119
174,20,2030,wind_onshore,0.5241489834917776
174,21,2030,wind_onshore,0.5439994003484689
174,22,2030,wind_onshore,0.5370572014229104
174,23,2030,wind_onshore,0.5051137551422533
174,24,2030,wind_onshore,0.49223494004513585
175,1,2030,demand,0.453370016454321
175,2,2030,demand,0.44465472503282605
175,3,2030,demand,0.4349567852830859
175,4,2030,demand,0.4228630247601338
175,5,2030,demand,0.4150474743537425
175,6,2030,demand,0.4103214897512308
175,7,2030,demand,0.41480235506819285
175,8,2030,demand,0.43660070094183767
175,9,2030,demand,0.46102115227919294
175,10,2030,demand,0.4839887579085138
175,11,2030,demand,0.49348397823386064
175,12,2030,demand,0.49699403518065705
175,13,2030,demand,0.4982858246859595
175,14,2030,demand,0.4879163686992206
175,15,2030,demand,0.4742179306601252
175,16,2030,demand,0.46786929925225706
175,17,2030,demand,0.470445049313477
175,18,2030,demand,0.48239313071786477
175,19,2030,demand,0.4958254099407725
175,20,2030,demand,0.5133731720924117
175,21,2030,demand,0.519077200524378
175,22,2030,demand,0.5046319956516346
175,23,2030,demand,0.47798521031424307
175,24,2030,demand,0.4709999994851894
175,1,2030,solar,0.0
175,2,2030,solar,0.0
175,3,2030,solar,0.0
175,4,2030,solar,0.0
175,5,2030,solar,0.0
175,6,2030,solar,0.0
175,7,2030,solar,0.015104975100222722
175,8,2030,solar,0.11361211912573473
175,9,2030,solar,0.2756173201783633
175,10,2030,solar,0.4259264301839878
175,11,2030,solar,0.5241083465087365
175,12,2030,solar,0.5830064005212878
175,13,2030,solar,0.5813210662767399
175,14,2030,solar,0.5510723991221974
175,15,2030,solar,0.47991439780888123
175,16,2030,solar,0.3718428213970024
175,17,2030,solar,0.2497511323631467
175,18,2030,solar,0.11895977905071492
175,19,2030,solar,0.03032606053147345
175,20,2030,solar,0.00015917633626023894
175,21,2030,solar,0.0
175,22,2030,solar,0.0
175,23,2030,solar,0.0
175,24,2030,solar,0.0
175,1,2030,wind_offshore,0.011062159147600748
175,2,2030,wind_offshore,0.027427974699981875
175,3,2030,wind_offshore,0.0349392523719753
175,4,2030,wind_offshore,0.028657936485208212
175,5,2030,wind_offshore,0.014207416688405368
175,6,2030,wind_offshore,0.00330315640061784
175,7,2030,wind_offshore,0.0038262160594264667
175,8,2030,wind_offshore,0.00584613128910875
175,9,2030,wind_offshore,0.005811830066296042
175,10,2030,wind_offshore,0.003980945014624548
175,11,2030,wind_offshore,0.0024690694571338026
175,12,2030,wind_offshore,5.996004809112606e-5
175,13,2030,wind_offshore,0.0
175,14,2030,wind_offshore,2.9853760218749924e-5
175,15,2030,wind_offshore,0.0018994874508513975
175,16,2030,wind_offshore,0.008596644025039204
175,17,2030,wind_offshore,0.025284224639369808
175,18,2030,wind_offshore,0.03672159219360872
175,19,2030,wind_offshore,0.04482374264033908
175,20,2030,wind_offshore,0.05154218212232272
175,21,2030,wind_offshore,0.04357900722291206
175,22,2030,wind_offshore,0.0332264291650834
175,23,2030,wind_offshore,0.03098751671287677
175,24,2030,wind_offshore,0.005467728543731138
175,1,2030,wind_onshore,0.16286469945536364
175,2,2030,wind_onshore,0.1495593552702992
175,3,2030,wind_onshore,0.14298862638605492
175,4,2030,wind_onshore,0.1311875776203108
175,5,2030,wind_onshore,0.12140933613232234
175,6,2030,wind_onshore,0.11463969332261678
175,7,2030,wind_onshore,0.10776498643493157
175,8,2030,wind_onshore,0.09891798865371253
175,9,2030,wind_onshore,0.0917312486944997
175,10,2030,wind_onshore,0.09707567921752179
175,11,2030,wind_onshore,0.09649751127348237
175,12,2030,wind_onshore,0.11612952830114757
175,13,2030,wind_onshore,0.1343892554721291
175,14,2030,wind_onshore,0.14065300596117536
175,15,2030,wind_onshore,0.14537892380556175
175,16,2030,wind_onshore,0.14845640782073982
175,17,2030,wind_onshore,0.15542556951140044
175,18,2030,wind_onshore,0.15789970751947704
175,19,2030,wind_onshore,0.16074513363285758
175,20,2030,wind_onshore,0.16714810553997606
175,21,2030,wind_onshore,0.16454737094845756
175,22,2030,wind_onshore,0.1551335352302129
175,23,2030,wind_onshore,0.14707526709294838
175,24,2030,wind_onshore,0.1421501257776575
176,1,2030,demand,0.48012152952405646
176,2,2030,demand,0.4675171976061037
176,3,2030,demand,0.45169905576260105
176,4,2030,demand,0.44197549405285974
176,5,2030,demand,0.43164292091251266
176,6,2030,demand,0.42204952986944644
176,7,2030,demand,0.4228819590371764
176,8,2030,demand,0.44279691884445005
176,9,2030,demand,0.4764190019245382
176,10,2030,demand,0.5061599667641465
176,11,2030,demand,0.5294454261448127
176,12,2030,demand,0.5302571847486062
176,13,2030,demand,0.5287031770524744
176,14,2030,demand,0.5291907333632452
176,15,2030,demand,0.5192002640814893
176,16,2030,demand,0.5087449710555787
176,17,2030,demand,0.5120897014379389
176,18,2030,demand,0.5329391107511476
176,19,2030,demand,0.5551423331454466
176,20,2030,demand,0.5617006957465065
176,21,2030,demand,0.5717020120530684
176,22,2030,demand,0.5607477243433427
176,23,2030,demand,0.5318945820594461
176,24,2030,demand,0.5160938789812902
176,1,2030,solar,0.0
176,2,2030,solar,0.0
176,3,2030,solar,0.0
176,4,2030,solar,0.0
176,5,2030,solar,0.0
176,6,2030,solar,0.0
176,7,2030,solar,0.0
176,8,2030,solar,2.279404444701538e-5
176,9,2030,solar,0.038639799378116624
176,10,2030,solar,0.1046113988243605
176,11,2030,solar,0.17365008615209745
176,12,2030,solar,0.23402014986874276
176,13,2030,solar,0.25337575246827093
176,14,2030,solar,0.23855195622978198
176,15,2030,solar,0.19093814308444418
176,16,2030,solar,0.12263072484669837
176,17,2030,solar,0.0526760065003816
176,18,2030,solar,0.0
176,19,2030,solar,0.0
176,20,2030,solar,0.0
176,21,2030,solar,0.0
176,22,2030,solar,0.0
176,23,2030,solar,0.0
176,24,2030,solar,0.0
176,1,2030,wind_offshore,0.034226050094223706
176,2,2030,wind_offshore,0.08099528585892121
176,3,2030,wind_offshore,0.12550722610238135
176,4,2030,wind_offshore,0.11182619683393683
176,5,2030,wind_offshore,0.10905460812527515
176,6,2030,wind_offshore,0.13123289563610818
176,7,2030,wind_offshore,0.15751854737440926
176,8,2030,wind_offshore,0.19308653223636646
176,9,2030,wind_offshore,0.21639385221638496
176,10,2030,wind_offshore,0.2464392408113091
176,11,2030,wind_offshore,0.19123373030692797
176,12,2030,wind_offshore,0.18571148132968981
176,13,2030,wind_offshore,0.2329142385174151
176,14,2030,wind_offshore,0.2843743422639823
176,15,2030,wind_offshore,0.38954154235744476
176,16,2030,wind_offshore,0.5413967252662568
176,17,2030,wind_offshore,0.6099891718275745
176,18,2030,wind_offshore,0.5934038884628873
176,19,2030,wind_offshore,0.6223934695274258
176,20,2030,wind_offshore,0.7125848190717023
176,21,2030,wind_offshore,0.852712131862319
176,22,2030,wind_offshore,0.8744458699643456
176,23,2030,wind_offshore,0.9293776558089352
176,24,2030,wind_offshore,0.9394798739812951
176,1,2030,wind_onshore,0.5789679326663788
176,2,2030,wind_onshore,0.5928728207810978
176,3,2030,wind_onshore,0.5783412070439202
176,4,2030,wind_onshore,0.5509804955892494
176,5,2030,wind_onshore,0.5252354540312485
176,6,2030,wind_onshore,0.4986386657795393
176,7,2030,wind_onshore,0.4774356412858901
176,8,2030,wind_onshore,0.47177340622871355
176,9,2030,wind_onshore,0.4810038627189616
176,10,2030,wind_onshore,0.49603109018188973
176,11,2030,wind_onshore,0.505495834447053
176,12,2030,wind_onshore,0.5410108267152665
176,13,2030,wind_onshore,0.6026059699628028
176,14,2030,wind_onshore,0.6394062955123159
176,15,2030,wind_onshore,0.6510587150161693
176,16,2030,wind_onshore,0.6284902500615652
176,17,2030,wind_onshore,0.6154633729707465
176,18,2030,wind_onshore,0.6070745421747559
176,19,2030,wind_onshore,0.5719731790893416
176,20,2030,wind_onshore,0.5507414054195127
176,21,2030,wind_onshore,0.5219014908428047
176,22,2030,wind_onshore,0.497618661832406
176,23,2030,wind_onshore,0.42752863407417846
176,24,2030,wind_onshore,0.4085106090568398
177,1,2030,demand,0.4893644190119221
177,2,2030,demand,0.4758176760119419
177,3,2030,demand,0.4642750035239468
177,4,2030,demand,0.4501526661619263
177,5,2030,demand,0.43795676991039156
177,6,2030,demand,0.4266271762994899
177,7,2030,demand,0.4323031061072209
177,8,2030,demand,0.4543321576101701
177,9,2030,demand,0.4859733814237397
177,10,2030,demand,0.5136751772897459
177,11,2030,demand,0.5234413131892945
177,12,2030,demand,0.5316682612670971
177,13,2030,demand,0.5257768470672467
177,14,2030,demand,0.5276773289726924
177,15,2030,demand,0.518479514937985
177,16,2030,demand,0.5086261151931446
177,17,2030,demand,0.5142020342235447
177,18,2030,demand,0.5377399084943126
177,19,2030,demand,0.5669590692057669
177,20,2030,demand,0.585588545209643
177,21,2030,demand,0.6063430436964895
177,22,2030,demand,0.5973745781710954
177,23,2030,demand,0.5582228379541092
177,24,2030,demand,0.5386840417700258
177,1,2030,solar,0.0
177,2,2030,solar,0.0
177,3,2030,solar,0.0
177,4,2030,solar,0.0
177,5,2030,solar,0.0
177,6,2030,solar,0.0
177,7,2030,solar,0.0
177,8,2030,solar,0.0
177,9,2030,solar,0.09352031366512757
177,10,2030,solar,0.2265002371789201
177,11,2030,solar,0.33590893428230295
177,12,2030,solar,0.4229841694924661
177,13,2030,solar,0.47051863646161296
177,14,2030,solar,0.4556468815282034
177,15,2030,solar,0.3873400479981809
177,16,2030,solar,0.27622920110073557
177,17,2030,solar,0.12664879342081414
177,18,2030,solar,0.0
177,19,2030,solar,0.0
177,20,2030,solar,0.0
177,21,2030,solar,0.0
177,22,2030,solar,0.0
177,23,2030,solar,0.0
177,24,2030,solar,0.0
177,1,2030,wind_offshore,0.7004788230673331
177,2,2030,wind_offshore,0.7168446358116671
177,3,2030,wind_offshore,0.7499684062959893
177,4,2030,wind_offshore,0.7732844401114922
177,5,2030,wind_offshore,0.7248386465853505
177,6,2030,wind_offshore,0.6669869011084402
177,7,2030,wind_offshore,0.608852764201531
177,8,2030,wind_offshore,0.5230523993898133
177,9,2030,wind_offshore,0.4623388083255858
177,10,2030,wind_offshore,0.45146924684365997
177,11,2030,wind_offshore,0.453620096189975
177,12,2030,wind_offshore,0.4880205482444142
177,13,2030,wind_offshore,0.5597965587710618
177,14,2030,wind_offshore,0.593490327940162
177,15,2030,wind_offshore,0.6098438597606604
177,16,2030,wind_offshore,0.6082304287241991
177,17,2030,wind_offshore,0.6524918046311232
177,18,2030,wind_offshore,0.6782273052057659
177,19,2030,wind_offshore,0.6562816632840305
177,20,2030,wind_offshore,0.6201952196876107
177,21,2030,wind_offshore,0.6182587291342841
177,22,2030,wind_offshore,0.6231346482893048
177,23,2030,wind_offshore,0.5540063303916619
177,24,2030,wind_offshore,0.5849433217092423
177,1,2030,wind_onshore,0.11725432945285202
177,2,2030,wind_onshore,0.12090051617521325
177,3,2030,wind_onshore,0.11319099833413185
177,4,2030,wind_onshore,0.10893302151146184
177,5,2030,wind_onshore,0.10888347001454353
177,6,2030,wind_onshore,0.10044559903781439
177,7,2030,wind_onshore,0.08505384453564718
177,8,2030,wind_onshore,0.07981581313000133
177,9,2030,wind_onshore,0.07825039736878175
177,10,2030,wind_onshore,0.071846435837784
177,11,2030,wind_onshore,0.060147279317682135
177,12,2030,wind_onshore,0.06313133474986854
177,13,2030,wind_onshore,0.07046888004415275
177,14,2030,wind_onshore,0.0756028864671705
177,15,2030,wind_onshore,0.07797684339442165
177,16,2030,wind_onshore,0.07386781947651055
177,17,2030,wind_onshore,0.07363250920270568
177,18,2030,wind_onshore,0.08021233947890997
177,19,2030,wind_onshore,0.08568660388401901
177,20,2030,wind_onshore,0.08681539099942485
177,21,2030,wind_onshore,0.09284617988738386
177,22,2030,wind_onshore,0.11078861145752497
177,23,2030,wind_onshore,0.14755884265475408
177,24,2030,wind_onshore,0.17742643765568922
178,1,2030,demand,0.46188262068075714
178,2,2030,demand,0.46110625035649244
178,3,2030,demand,0.4656182716012014
178,4,2030,demand,0.4620635734990312
178,5,2030,demand,0.47770073856122025
178,6,2030,demand,0.5098191943820236
178,7,2030,demand,0.5528570740297167
178,8,2030,demand,0.5804471368026031
178,9,2030,demand,0.5981869927519741
178,10,2030,demand,0.6038748355009027
178,11,2030,demand,0.6159251676154637
178,12,2030,demand,0.6206890250838131
178,13,2030,demand,0.6149582626274686
178,14,2030,demand,0.6125935850502704
178,15,2030,demand,0.6102403894433196
178,16,2030,demand,0.6131865717828968
178,17,2030,demand,0.6175255015847158
178,18,2030,demand,0.615192223377417
178,19,2030,demand,0.6231388218584695
178,20,2030,demand,0.6286409432210356
178,21,2030,demand,0.6127409633610809
178,22,2030,demand,0.5717912030703391
178,23,2030,demand,0.5315652328373603
178,24,2030,demand,0.536978515206431
178,1,2030,solar,0.0
178,2,2030,solar,0.0
178,3,2030,solar,0.0
178,4,2030,solar,0.0
178,5,2030,solar,0.0
178,6,2030,solar,0.0
178,7,2030,solar,0.0
178,8,2030,solar,0.0330805698517615
178,9,2030,solar,0.15126312380184462
178,10,2030,solar,0.29665577768224805
178,11,2030,solar,0.407638907808442
178,12,2030,solar,0.4644583381099208
178,13,2030,solar,0.4539166344350411
178,14,2030,solar,0.4133147203234706
178,15,2030,solar,0.3462652619890941
178,16,2030,solar,0.2508162756753315
178,17,2030,solar,0.1304878387657885
178,18,2030,solar,0.02137441116051276
178,19,2030,solar,0.0
178,20,2030,solar,0.0
178,21,2030,solar,0.0
178,22,2030,solar,0.0
178,23,2030,solar,0.0
178,24,2030,solar,0.0
178,1,2030,wind_offshore,0.852467503603809
178,2,2030,wind_offshore,0.7441423900086381
178,3,2030,wind_offshore,0.5787127176188231
178,4,2030,wind_offshore,0.44122793933800963
178,5,2030,wind_offshore,0.3127576053530674
178,6,2030,wind_offshore,0.2310324721932358
178,7,2030,wind_offshore,0.1828898995576132
178,8,2030,wind_offshore,0.15926436017905116
178,9,2030,wind_offshore,0.13541059079785453
178,10,2030,wind_offshore,0.12348568950034208
178,11,2030,wind_offshore,0.12247722850741492
178,12,2030,wind_offshore,0.14826182738616372
178,13,2030,wind_offshore,0.19459801006484692
178,14,2030,wind_offshore,0.21083519007392393
178,15,2030,wind_offshore,0.18332150003053616
178,16,2030,wind_offshore,0.15556171508985372
178,17,2030,wind_offshore,0.12495572664159421
178,18,2030,wind_offshore,0.09808222250275553
178,19,2030,wind_offshore,0.1831912845945988
178,20,2030,wind_offshore,0.24764201975950142
178,21,2030,wind_offshore,0.13433841541461006
178,22,2030,wind_offshore,0.17821067317407757
178,23,2030,wind_offshore,0.37297405282515017
178,24,2030,wind_offshore,0.6428568386885449
178,1,2030,wind_onshore,0.2844067556228622
178,2,2030,wind_onshore,0.25575297848884226
178,3,2030,wind_onshore,0.2259450181119562
178,4,2030,wind_onshore,0.197497956723166
178,5,2030,wind_onshore,0.16745907491289727
178,6,2030,wind_onshore,0.1448059079137693
178,7,2030,wind_onshore,0.12017698501424068
178,8,2030,wind_onshore,0.10238480394637435
178,9,2030,wind_onshore,0.08762084601552654
178,10,2030,wind_onshore,0.07311652285857517
178,11,2030,wind_onshore,0.07959008993475125
178,12,2030,wind_onshore,0.08398073431992008
178,13,2030,wind_onshore,0.11030811026720783
178,14,2030,wind_onshore,0.1410098839552131
178,15,2030,wind_onshore,0.16220710758833795
178,16,2030,wind_onshore,0.17391886763390862
178,17,2030,wind_onshore,0.16938715888560957
178,18,2030,wind_onshore,0.18782862243124765
178,19,2030,wind_onshore,0.21939555320366522
178,20,2030,wind_onshore,0.24657560464557904
178,21,2030,wind_onshore,0.2871138091083361
178,22,2030,wind_onshore,0.336326346209495
178,23,2030,wind_onshore,0.3632338268178529
178,24,2030,wind_onshore,0.39108943772342564
179,1,2030,demand,0.5125917859167051
179,2,2030,demand,0.4933880102921726
179,3,2030,demand,0.4893920513967389
179,4,2030,demand,0.4798681703683232
179,5,2030,demand,0.4882952482127165
179,6,2030,demand,0.505915868883474
179,7,2030,demand,0.5527385640017561
179,8,2030,demand,0.6077762023502997
179,9,2030,demand,0.6434076966179818
179,10,2030,demand,0.6692649894516425
179,11,2030,demand,0.6696050399728433
179,12,2030,demand,0.6589705146888817
179,13,2030,demand,0.6490060746958117
179,14,2030,demand,0.6375295560948755
179,15,2030,demand,0.6238550572565358
179,16,2030,demand,0.6134777210983504
179,17,2030,demand,0.6066324931117344
179,18,2030,demand,0.6179714678870805
179,19,2030,demand,0.6372514340658508
179,20,2030,demand,0.6668811171376969
179,21,2030,demand,0.6652182077409987
179,22,2030,demand,0.6294091700987139
179,23,2030,demand,0.5777399530400991
179,24,2030,demand,0.5522581131211812
179,1,2030,solar,0.0
179,2,2030,solar,0.0
179,3,2030,solar,0.0
179,4,2030,solar,0.0
179,5,2030,solar,0.0
179,6,2030,solar,0.0
179,7,2030,solar,0.0
179,8,2030,solar,0.026873133301736914
179,9,2030,solar,0.21145138809286407
179,10,2030,solar,0.42641077843015546
179,11,2030,solar,0.5873840107746636
179,12,2030,solar,0.697087061756754
179,13,2030,solar,0.7290805490835044
179,14,2030,solar,0.7365689777553062
179,15,2030,solar,0.6798935590749218
179,16,2030,solar,0.570468171797771
179,17,2030,solar,0.39503196849205935
179,18,2030,solar,0.17462948093951502
179,19,2030,solar,0.006602431806295107
179,20,2030,solar,0.0
179,21,2030,solar,0.0
179,22,2030,solar,0.0
179,23,2030,solar,0.0
179,24,2030,solar,0.0
179,1,2030,wind_offshore,0.1456559256131992
179,2,2030,wind_offshore,0.25095171694191526
179,3,2030,wind_offshore,0.38606804249686627
179,4,2030,wind_offshore,0.5656314670066398
179,5,2030,wind_offshore,0.743710811228055
179,6,2030,wind_offshore,0.870286269660404
179,7,2030,wind_offshore,0.9183495496478575
179,8,2030,wind_offshore,0.9476017394732066
179,9,2030,wind_offshore,0.95647882626027
179,10,2030,wind_offshore,0.9568332577079516
179,11,2030,wind_offshore,0.9689178877912992
179,12,2030,wind_offshore,0.9769503850790019
179,13,2030,wind_offshore,0.9640594752840785
179,14,2030,wind_offshore,0.9708488045089261
179,15,2030,wind_offshore,0.975572417717435
179,16,2030,wind_offshore,0.9746385116815839
179,17,2030,wind_offshore,0.9801025775714678
179,18,2030,wind_offshore,0.9823987485499965
179,19,2030,wind_offshore,0.9762892900144824
179,20,2030,wind_offshore,0.976760778141579
179,21,2030,wind_offshore,0.963808577902061
179,22,2030,wind_offshore,0.9610546036883929
179,23,2030,wind_offshore,0.9607014380054244
179,24,2030,wind_offshore,0.9563013391815279
179,1,2030,wind_onshore,0.2373568697689479
179,2,2030,wind_onshore,0.20619631896076884
179,3,2030,wind_onshore,0.19187337647455788
179,4,2030,wind_onshore,0.18695248189083788
179,5,2030,wind_onshore,0.18174323185285896
179,6,2030,wind_onshore,0.17269508152781676
179,7,2030,wind_onshore,0.16649407307120956
179,8,2030,wind_onshore,0.15652169358673282
179,9,2030,wind_onshore,0.14626451095740178
179,10,2030,wind_onshore,0.1377591693732341
179,11,2030,wind_onshore,0.20473512287072315
179,12,2030,wind_onshore,0.2592489411374674
179,13,2030,wind_onshore,0.29132840213320965
179,14,2030,wind_onshore,0.3255674389605243
179,15,2030,wind_onshore,0.35628326801911614
179,16,2030,wind_onshore,0.3915783784994096
179,17,2030,wind_onshore,0.4254209090551836
179,18,2030,wind_onshore,0.4356128791243191
179,19,2030,wind_onshore,0.4582907762094294
179,20,2030,wind_onshore,0.4990141346482596
179,21,2030,wind_onshore,0.5227866957644278
179,22,2030,wind_onshore,0.5295473613263366
179,23,2030,wind_onshore,0.5571684651857807
179,24,2030,wind_onshore,0.5507229222552161
180,1,2030,demand,0.5214079606195094
180,2,2030,demand,0.5117911118951585
180,3,2030,demand,0.5061986312674547
180,4,2030,demand,0.499052469949187
180,5,2030,demand,0.5083724399590094
180,6,2030,demand,0.5287798950701916
180,7,2030,demand,0.5510708361435418
180,8,2030,demand,0.5841893508497084
180,9,2030,demand,0.636866658731882
180,10,2030,demand,0.6610113429873277
180,11,2030,demand,0.687507685034524
180,12,2030,demand,0.709513004605804
180,13,2030,demand,0.7119339341696801
180,14,2030,demand,0.6996866350332852
180,15,2030,demand,0.6909753943578867
180,16,2030,demand,0.6911387597694612
180,17,2030,demand,0.6857107629391032
180,18,2030,demand,0.6752333453166722
180,19,2030,demand,0.665230265088536
180,20,2030,demand,0.6626083310546614
180,21,2030,demand,0.6481962841935395
180,22,2030,demand,0.6084571840337814
180,23,2030,demand,0.5657568578513669
180,24,2030,demand,0.5589730662572073
180,1,2030,solar,0.0
180,2,2030,solar,0.0
180,3,2030,solar,0.0
180,4,2030,solar,0.0
180,5,2030,solar,0.0
180,6,2030,solar,0.0003261609127558172
180,7,2030,solar,0.020438575685283757
180,8,2030,solar,0.15364687435056387
180,9,2030,solar,0.3458496157005804
180,10,2030,solar,0.5146503531581382
180,11,2030,solar,0.6265425533255659
180,12,2030,solar,0.6996273775217011
180,13,2030,solar,0.7217011977860457
180,14,2030,solar,0.694961101318459
180,15,2030,solar,0.6343137674918754
180,16,2030,solar,0.5411483627317194
180,17,2030,solar,0.40370895046825944
180,18,2030,solar,0.23386083944487088
180,19,2030,solar,0.06757303905209197
180,20,2030,solar,0.002097038106751244
180,21,2030,solar,0.0
180,22,2030,solar,0.0
180,23,2030,solar,0.0
180,24,2030,solar,0.0
180,1,2030,wind_offshore,0.5293401659456984
180,2,2030,wind_offshore,0.5254159020239287
180,3,2030,wind_offshore,0.5058873498856381
180,4,2030,wind_offshore,0.4864566113313244
180,5,2030,wind_offshore,0.47909077114513693
180,6,2030,wind_offshore,0.4788116493468612
180,7,2030,wind_offshore,0.5200353041399678
180,8,2030,wind_offshore,0.5726925365979231
180,9,2030,wind_offshore,0.6180009341771734
180,10,2030,wind_offshore,0.6464755166815342
180,11,2030,wind_offshore,0.6408262835182704
180,12,2030,wind_offshore,0.647931846887896
180,13,2030,wind_offshore,0.6561772571846625
180,14,2030,wind_offshore,0.6774979452393494
180,15,2030,wind_offshore,0.710422160851305
180,16,2030,wind_offshore,0.7552965076475259
180,17,2030,wind_offshore,0.8111283304509663
180,18,2030,wind_offshore,0.8648428193639975
180,19,2030,wind_offshore,0.8880514421375246
180,20,2030,wind_offshore,0.9040120001199735
180,21,2030,wind_offshore,0.9086971718505672
180,22,2030,wind_offshore,0.913136138380848
180,23,2030,wind_offshore,0.8668482107842209
180,24,2030,wind_offshore,0.851555388820992
180,1,2030,wind_onshore,0.2859399652577141
180,2,2030,wind_onshore,0.2747630504916377
180,3,2030,wind_onshore,0.2566768584775893
180,4,2030,wind_onshore,0.23975669937183544
180,5,2030,wind_onshore,0.221302548682812
180,6,2030,wind_onshore,0.21067290857957685
180,7,2030,wind_onshore,0.19898390341500014
180,8,2030,wind_onshore,0.18573045207607417
180,9,2030,wind_onshore,0.18584369399080347
180,10,2030,wind_onshore,0.18685362585987386
180,11,2030,wind_onshore,0.1699447028005043
180,12,2030,wind_onshore,0.15919524095138313
180,13,2030,wind_onshore,0.1574215926143834
180,14,2030,wind_onshore,0.17258057500739224
180,15,2030,wind_onshore,0.1961683678744727
180,16,2030,wind_onshore,0.22865982993706302
180,17,2030,wind_onshore,0.26048973564092537
180,18,2030,wind_onshore,0.29967533566949384
180,19,2030,wind_onshore,0.3196019516035848
180,20,2030,wind_onshore,0.33853668023026523
180,21,2030,wind_onshore,0.3493443893365584
180,22,2030,wind_onshore,0.3346187977179668
180,23,2030,wind_onshore,0.28292339865722305
180,24,2030,wind_onshore,0.27420397997911455
181,1,2030,demand,0.5120838142613839
181,2,2030,demand,0.49871295545631067
181,3,2030,demand,0.4865180742470041
181,4,2030,demand,0.4813864065710668
181,5,2030,demand,0.4875090731039245
181,6,2030,demand,0.5056790084229845
181,7,2030,demand,0.5328746880742621
181,8,2030,demand,0.5750224993492757
181,9,2030,demand,0.6159636643082351
181,10,2030,demand,0.6338578752415593
181,11,2030,demand,0.6431240430093059
181,12,2030,demand,0.6443642096407832
181,13,2030,demand,0.6362828419653328
181,14,2030,demand,0.6248290966949082
181,15,2030,demand,0.6132300683274263
181,16,2030,demand,0.605015517776542
181,17,2030,demand,0.5997464012981764
181,18,2030,demand,0.603663735411393
181,19,2030,demand,0.6321656137550802
181,20,2030,demand,0.6638238143240797
181,21,2030,demand,0.6569923704481742
181,22,2030,demand,0.6144100189288129
181,23,2030,demand,0.5608078934593959
181,24,2030,demand,0.5437406435644554
181,1,2030,solar,0.0
181,2,2030,solar,0.0
181,3,2030,solar,0.0
181,4,2030,solar,0.0
181,5,2030,solar,0.0
181,6,2030,solar,0.0
181,7,2030,solar,0.0
181,8,2030,solar,0.0
181,9,2030,solar,0.1047861923568447
181,10,2030,solar,0.26484658636545444
181,11,2030,solar,0.4035248611107209
181,12,2030,solar,0.5247729265057188
181,13,2030,solar,0.605754253000538
181,14,2030,solar,0.635613632769331
181,15,2030,solar,0.5974823841071433
181,16,2030,solar,0.48501001522666654
181,17,2030,solar,0.31215242652475084
181,18,2030,solar,0.11670501078727091
181,19,2030,solar,0.0
181,20,2030,solar,0.0
181,21,2030,solar,0.0
181,22,2030,solar,0.0
181,23,2030,solar,0.0
181,24,2030,solar,0.0
181,1,2030,wind_offshore,0.873201959291457
181,2,2030,wind_offshore,0.7918210207069694
181,3,2030,wind_offshore,0.7995002428163988
181,4,2030,wind_offshore,0.8188353258768046
181,5,2030,wind_offshore,0.7918048456694776
181,6,2030,wind_offshore,0.724918482434574
181,7,2030,wind_offshore,0.649545133176006
181,8,2030,wind_offshore,0.7219460274450618
181,9,2030,wind_offshore,0.8339837597276352
181,10,2030,wind_offshore,0.937025080259922
181,11,2030,wind_offshore,0.9315753046194748
181,12,2030,wind_offshore,0.9249689819324356
181,13,2030,wind_offshore,0.9207060301169457
181,14,2030,wind_offshore,0.9269427632041525
181,15,2030,wind_offshore,0.9337072067326
181,16,2030,wind_offshore,0.9417980183672485
181,17,2030,wind_offshore,0.9413533192576954
181,18,2030,wind_offshore,0.9373617726342173
181,19,2030,wind_offshore,0.9430315346657749
181,20,2030,wind_offshore,0.9425906990167136
181,21,2030,wind_offshore,0.9372383961490387
181,22,2030,wind_offshore,0.9495797561923387
181,23,2030,wind_offshore,0.8955245186590254
181,24,2030,wind_offshore,0.7359077695970992
181,1,2030,wind_onshore,0.556185932834827
181,2,2030,wind_onshore,0.5380673722249892
181,3,2030,wind_onshore,0.5039378204787823
181,4,2030,wind_onshore,0.47731914094115657
181,5,2030,wind_onshore,0.44574575870514327
181,6,2030,wind_onshore,0.40078054938367674
181,7,2030,wind_onshore,0.34156460606993405
181,8,2030,wind_onshore,0.30993431429805884
181,9,2030,wind_onshore,0.282225425694189
181,10,2030,wind_onshore,0.2515609863512447
181,11,2030,wind_onshore,0.23731895399978142
181,12,2030,wind_onshore,0.2358869564360099
181,13,2030,wind_onshore,0.2424095400515091
181,14,2030,wind_onshore,0.2623564986838204
181,15,2030,wind_onshore,0.288728173209262
181,16,2030,wind_onshore,0.3304826992372917
181,17,2030,wind_onshore,0.34637131986610437
181,18,2030,wind_onshore,0.3585720585225709
181,19,2030,wind_onshore,0.3974123657561013
181,20,2030,wind_onshore,0.4254329313827363
181,21,2030,wind_onshore,0.4328470719757214
181,22,2030,wind_onshore,0.4409528827281116
181,23,2030,wind_onshore,0.46777721054252847
181,24,2030,wind_onshore,0.45304601719687143
182,1,2030,demand,0.46188379497931886
182,2,2030,demand,0.4571669761264009
182,3,2030,demand,0.45110190846187703
182,4,2030,demand,0.44497622572126744
182,5,2030,demand,0.4543984359868453
182,6,2030,demand,0.4702813432721462
182,7,2030,demand,0.4899475267637545
182,8,2030,demand,0.516568995988411
182,9,2030,demand,0.5451895973815115
182,10,2030,demand,0.5582987150482063
182,11,2030,demand,0.5665004531101909
182,12,2030,demand,0.5684053127009038
182,13,2030,demand,0.5626349637387275
182,14,2030,demand,0.5555470008685198
182,15,2030,demand,0.5495118095419114
182,16,2030,demand,0.5453985890368673
182,17,2030,demand,0.5460826300984901
182,18,2030,demand,0.5482063271356783
182,19,2030,demand,0.5577657451138376
182,20,2030,demand,0.566193764793073
182,21,2030,demand,0.5614273097674705
182,22,2030,demand,0.5326876584522396
182,23,2030,demand,0.49970434827901855
182,24,2030,demand,0.4988401541954224
182,1,2030,solar,0.0
182,2,2030,solar,0.0
182,3,2030,solar,0.0
182,4,2030,solar,0.0
182,5,2030,solar,0.0
182,6,2030,solar,9.363562929726276e-7
182,7,2030,solar,0.016354335217671573
182,8,2030,solar,0.13371106005463318
182,9,2030,solar,0.31786629906012903
182,10,2030,solar,0.49199047298398657
182,11,2030,solar,0.5984561680158962
182,12,2030,solar,0.6596471664830653
182,13,2030,solar,0.6751740168424669
182,14,2030,solar,0.6502769797815047
182,15,2030,solar,0.5819970863465808
182,16,2030,solar,0.4715162581525563
182,17,2030,solar,0.32583451860183776
182,18,2030,solar,0.16637240276350068
182,19,2030,solar,0.0382674865001996
182,20,2030,solar,0.0003841200097058675
182,21,2030,solar,0.0
182,22,2030,solar,0.0
182,23,2030,solar,0.0
182,24,2030,solar,0.0
182,1,2030,wind_offshore,0.5699425491593834
182,2,2030,wind_offshore,0.614962830310633
182,3,2030,wind_offshore,0.6201423262263419
182,4,2030,wind_offshore,0.6288256411363911
182,5,2030,wind_offshore,0.6308084977383516
182,6,2030,wind_offshore,0.6910099174626978
182,7,2030,wind_offshore,0.7451071818397841
182,8,2030,wind_offshore,0.7431941514250447
182,9,2030,wind_offshore,0.6666049907555841
182,10,2030,wind_offshore,0.5625345993861273
182,11,2030,wind_offshore,0.5974472510603148
182,12,2030,wind_offshore,0.5786713622202847
182,13,2030,wind_offshore,0.5658580952261484
182,14,2030,wind_offshore,0.5684402113310867
182,15,2030,wind_offshore,0.5421316837387119
182,16,2030,wind_offshore,0.5351939375768755
182,17,2030,wind_offshore,0.5021288361129619
182,18,2030,wind_offshore,0.47437529375681087
182,19,2030,wind_offshore,0.4857779384275609
182,20,2030,wind_offshore,0.4765933499486671
182,21,2030,wind_offshore,0.4476115788335901
182,22,2030,wind_offshore,0.43895166633859933
182,23,2030,wind_offshore,0.2982622148766979
182,24,2030,wind_offshore,0.22809774624242116
182,1,2030,wind_onshore,0.11548003397606388
182,2,2030,wind_onshore,0.11121003016379223
182,3,2030,wind_onshore,0.11358542148798638
182,4,2030,wind_onshore,0.11432017623025328
182,5,2030,wind_onshore,0.11265096765255136
182,6,2030,wind_onshore,0.11607315953904765
182,7,2030,wind_onshore,0.11546485057785894
182,8,2030,wind_onshore,0.10838029539841582
182,9,2030,wind_onshore,0.09593464836578182
182,10,2030,wind_onshore,0.09856755727369992
182,11,2030,wind_onshore,0.11141469283429989
182,12,2030,wind_onshore,0.12680001413631742
182,13,2030,wind_onshore,0.14699994308917802
182,14,2030,wind_onshore,0.17676008839709337
182,15,2030,wind_onshore,0.2001189679173202
182,16,2030,wind_onshore,0.23647735856184368
182,17,2030,wind_onshore,0.25352889981009524
182,18,2030,wind_onshore,0.2554776120800879
182,19,2030,wind_onshore,0.2187253628276867
182,20,2030,wind_onshore,0.19302432176893014
182,21,2030,wind_onshore,0.18226584226548748
182,22,2030,wind_onshore,0.16422719816700562
182,23,2030,wind_onshore,0.13989044722336885
182,24,2030,wind_onshore,0.13546596242396192
183,1,2030,demand,0.5035674712571171
183,2,2030,demand,0.495309112264388
183,3,2030,demand,0.4893256230605532
183,4,2030,demand,0.48366115207253707
183,5,2030,demand,0.49533341583555107
183,6,2030,demand,0.526766357091507
183,7,2030,demand,0.5767724356984628
183,8,2030,demand,0.6204811669666088
183,9,2030,demand,0.6471540263124544
183,10,2030,demand,0.656760700458787
183,11,2030,demand,0.65093021805303
183,12,2030,demand,0.6406564886680017
183,13,2030,demand,0.6306625548598511
183,14,2030,demand,0.6121702366195351
183,15,2030,demand,0.6039721945061647
183,16,2030,demand,0.5999247058086924
183,17,2030,demand,0.597673261400412
183,18,2030,demand,0.601314052016613
183,19,2030,demand,0.6235762047462993
183,20,2030,demand,0.6473162778030754
183,21,2030,demand,0.6471063398576886
183,22,2030,demand,0.6042423078921448
183,23,2030,demand,0.5594967037827241
183,24,2030,demand,0.5469616232138327
183,1,2030,solar,0.0
183,2,2030,solar,0.0
183,3,2030,solar,0.0
183,4,2030,solar,0.0
183,5,2030,solar,0.0
183,6,2030,solar,0.0
183,7,2030,solar,0.008440929366776002
183,8,2030,solar,0.10477912694375176
183,9,2030,solar,0.3013456777359839
183,10,2030,solar,0.4957336889457979
183,11,2030,solar,0.6280360406629845
183,12,2030,solar,0.7113876649767441
183,13,2030,solar,0.7288495499004338
183,14,2030,solar,0.7008884479353311
183,15,2030,solar,0.6357472320940635
183,16,2030,solar,0.5138117289777663
183,17,2030,solar,0.3578843447706335
183,18,2030,solar,0.18401544583285698
183,19,2030,solar,0.037027455228151034
183,20,2030,solar,1.5546978433736995e-6
183,21,2030,solar,0.0
183,22,2030,solar,0.0
183,23,2030,solar,0.0
183,24,2030,solar,0.0
183,1,2030,wind_offshore,0.020291632479777624
183,2,2030,wind_offshore,0.025703255717911457
183,3,2030,wind_offshore,0.029194527386660767
183,4,2030,wind_offshore,0.0243261358762676
183,5,2030,wind_offshore,0.020136077279611777
183,6,2030,wind_offshore,0.021947908661518075
183,7,2030,wind_offshore,0.026109546847168447
183,8,2030,wind_offshore,0.028493002738642473
183,9,2030,wind_offshore,0.028316252343073393
183,10,2030,wind_offshore,0.029637362736772106
183,11,2030,wind_offshore,0.025619071479584813
183,12,2030,wind_offshore,0.017468592766043307
183,13,2030,wind_offshore,0.01502946136537552
183,14,2030,wind_offshore,0.01980113957648806
183,15,2030,wind_offshore,0.025901190226976702
183,16,2030,wind_offshore,0.027967040679849644
183,17,2030,wind_offshore,0.027326716584588278
183,18,2030,wind_offshore,0.024805400342188682
183,19,2030,wind_offshore,0.015636954199611357
183,20,2030,wind_offshore,0.005246092925382619
183,21,2030,wind_offshore,0.0004216410672389658
183,22,2030,wind_offshore,6.372003708423754e-5
183,23,2030,wind_offshore,0.0005229979174945215
183,24,2030,wind_offshore,0.010986733859374286
183,1,2030,wind_onshore,0.344741346857947
183,2,2030,wind_onshore,0.3450584340451531
183,3,2030,wind_onshore,0.3420009383170433
183,4,2030,wind_onshore,0.3419719137414717
183,5,2030,wind_onshore,0.3441329373756772
183,6,2030,wind_onshore,0.34827347756179106
183,7,2030,wind_onshore,0.3575431880891971
183,8,2030,wind_onshore,0.3487833732358278
183,9,2030,wind_onshore,0.3694694979559805
183,10,2030,wind_onshore,0.39113976762587105
183,11,2030,wind_onshore,0.40548225094703244
183,12,2030,wind_onshore,0.4314128246862276
183,13,2030,wind_onshore,0.43756123157746635
183,14,2030,wind_onshore,0.4376416816345879
183,15,2030,wind_onshore,0.44222516940051415
183,16,2030,wind_onshore,0.4516646746102749
183,17,2030,wind_onshore,0.45618514374662505
183,18,2030,wind_onshore,0.44946746486173034
183,19,2030,wind_onshore,0.43042859402422845
183,20,2030,wind_onshore,0.40300560409554526
183,21,2030,wind_onshore,0.3791787696247008
183,22,2030,wind_onshore,0.35428970428320355
183,23,2030,wind_onshore,0.3412272863376335
183,24,2030,wind_onshore,0.3275367892732742
184,1,2030,demand,0.47553452508060867
184,2,2030,demand,0.478229330705866
184,3,2030,demand,0.47458842690031433
184,4,2030,demand,0.4689479475010132
184,5,2030,demand,0.4864115916220313
184,6,2030,demand,0.5188792797890112
184,7,2030,demand,0.555005260668594
184,8,2030,demand,0.586783658815605
184,9,2030,demand,0.6113643540835083
184,10,2030,demand,0.6148228955812531
184,11,2030,demand,0.6325905289981721
184,12,2030,demand,0.6454486249129445
184,13,2030,demand,0.6383617150655074
184,14,2030,demand,0.6338698998625188
184,15,2030,demand,0.6328155139881857
184,16,2030,demand,0.6340013891659995
184,17,2030,demand,0.6327838490899202
184,18,2030,demand,0.6293562246636146
184,19,2030,demand,0.6348661881402666
184,20,2030,demand,0.6326465116280706
184,21,2030,demand,0.611343187543099
184,22,2030,demand,0.5703901050989382
184,23,2030,demand,0.533507269574883
184,24,2030,demand,0.5291413248415799
184,1,2030,solar,0.0
184,2,2030,solar,0.0
184,3,2030,solar,0.0
184,4,2030,solar,0.0
184,5,2030,solar,0.0
184,6,2030,solar,0.0
184,7,2030,solar,0.0
184,8,2030,solar,0.067623800248167
184,9,2030,solar,0.21690310997818693
184,10,2030,solar,0.36154082218786177
184,11,2030,solar,0.45878532288781276
184,12,2030,solar,0.5282021232239598
184,13,2030,solar,0.5499188950701019
184,14,2030,solar,0.5364209449053347
184,15,2030,solar,0.4618893692594849
184,16,2030,solar,0.33978776135893163
184,17,2030,solar,0.20033092419082948
184,18,2030,solar,0.07032576840415797
184,19,2030,solar,0.0
184,20,2030,solar,0.0
184,21,2030,solar,0.0
184,22,2030,solar,0.0
184,23,2030,solar,0.0
184,24,2030,solar,0.0
184,1,2030,wind_offshore,0.004262492683848914
184,2,2030,wind_offshore,0.0005035140049212701
184,3,2030,wind_offshore,0.0
184,4,2030,wind_offshore,0.0
184,5,2030,wind_offshore,0.0
184,6,2030,wind_offshore,0.0
184,7,2030,wind_offshore,0.0
184,8,2030,wind_offshore,0.0
184,9,2030,wind_offshore,0.0
184,10,2030,wind_offshore,0.0038847788073100974
184,11,2030,wind_offshore,0.021697671213282317
184,12,2030,wind_offshore,0.07486432812745406
184,13,2030,wind_offshore,0.1693310827391158
184,14,2030,wind_offshore,0.31985772676984303
184,15,2030,wind_offshore,0.5221704767778577
184,16,2030,wind_offshore,0.679237157273997
184,17,2030,wind_offshore,0.768349922380928
184,18,2030,wind_offshore,0.8091208555814842
184,19,2030,wind_offshore,0.8118273827674927
184,20,2030,wind_offshore,0.8126428428178791
184,21,2030,wind_offshore,0.8485289212623952
184,22,2030,wind_offshore,0.8274679154453118
184,23,2030,wind_offshore,0.8435716532460666
184,24,2030,wind_offshore,0.7569266284092353
184,1,2030,wind_onshore,0.07743855734786044
184,2,2030,wind_onshore,0.07557141955309413
184,3,2030,wind_onshore,0.0736307468340058
184,4,2030,wind_onshore,0.07698873102646442
184,5,2030,wind_onshore,0.07984900631041941
184,6,2030,wind_onshore,0.0922233035693988
184,7,2030,wind_onshore,0.10120380596762847
184,8,2030,wind_onshore,0.11393221863293218
184,9,2030,wind_onshore,0.10954299454896595
184,10,2030,wind_onshore,0.09914888538730159
184,11,2030,wind_onshore,0.09541865392901352
184,12,2030,wind_onshore,0.13423422850782518
184,13,2030,wind_onshore,0.19465695776435835
184,14,2030,wind_onshore,0.24723055610788303
184,15,2030,wind_onshore,0.28285663611795264
184,16,2030,wind_onshore,0.2712330071188296
184,17,2030,wind_onshore,0.2322723652304694
184,18,2030,wind_onshore,0.17153462409647247
184,19,2030,wind_onshore,0.16287309888955076
184,20,2030,wind_onshore,0.16425529538108963
184,21,2030,wind_onshore,0.16821533329040206
184,22,2030,wind_onshore,0.1738602204491105
184,23,2030,wind_onshore,0.22060343943491018
184,24,2030,wind_onshore,0.20884248134778644
185,1,2030,demand,0.5108593833670657
185,2,2030,demand,0.49857870667625365
185,3,2030,demand,0.48737354244170156
185,4,2030,demand,0.4784532042098275
185,5,2030,demand,0.48740745705722477
185,6,2030,demand,0.5168597745431103
185,7,2030,demand,0.5538233441419443
185,8,2030,demand,0.59705422467078
185,9,2030,demand,0.6269279852052315
185,10,2030,demand,0.6425244306458213
185,11,2030,demand,0.6551685416946558
185,12,2030,demand,0.6589142327390061
185,13,2030,demand,0.6523727277939995
185,14,2030,demand,0.6360360676476025
185,15,2030,demand,0.623971155956801
185,16,2030,demand,0.6138595402466603
185,17,2030,demand,0.611798025901306
185,18,2030,demand,0.6274250782935951
185,19,2030,demand,0.6591247472298685
185,20,2030,demand,0.6757621900017395
185,21,2030,demand,0.6705675592358776
185,22,2030,demand,0.6294379493357476
185,23,2030,demand,0.5820360873480499
185,24,2030,demand,0.5613731527419024
185,1,2030,solar,0.0
185,2,2030,solar,0.0
185,3,2030,solar,0.0
185,4,2030,solar,0.0
185,5,2030,solar,0.0
185,6,2030,solar,0.0
185,7,2030,solar,0.0
185,8,2030,solar,0.0
185,9,2030,solar,0.06344360490168277
185,10,2030,solar,0.16981990275864678
185,11,2030,solar,0.2651187983591473
185,12,2030,solar,0.32420133461324074
185,13,2030,solar,0.341649103949767
185,14,2030,solar,0.3331380588242773
185,15,2030,solar,0.2910242520441606
185,16,2030,solar,0.20752842690424061
185,17,2030,solar,0.10163784736576313
185,18,2030,solar,0.012148746492996399
185,19,2030,solar,0.0
185,20,2030,solar,0.0
185,21,2030,solar,0.0
185,22,2030,solar,0.0
185,23,2030,solar,0.0
185,24,2030,solar,0.0
185,1,2030,wind_offshore,0.9267032448885401
185,2,2030,wind_offshore,0.929874533276041
185,3,2030,wind_offshore,0.9324125263573367
185,4,2030,wind_offshore,0.9295513589595648
185,5,2030,wind_offshore,0.9280455803444957
185,6,2030,wind_offshore,0.9397835989996566
185,7,2030,wind_offshore,0.9385769315312689
185,8,2030,wind_offshore,0.9435046961527896
185,9,2030,wind_offshore,0.953626563115114
185,10,2030,wind_offshore,0.9504035671825813
185,11,2030,wind_offshore,0.9492819619990551
185,12,2030,wind_offshore,0.9547762640936837
185,13,2030,wind_offshore,0.9569402169515411
185,14,2030,wind_offshore,0.9538153680908561
185,15,2030,wind_offshore,0.9512023433933661
185,16,2030,wind_offshore,0.9470972232196713
185,17,2030,wind_offshore,0.9580146644343732
185,18,2030,wind_offshore,0.9600511526930516
185,19,2030,wind_offshore,0.9580952886006218
185,20,2030,wind_offshore,0.9540306709791743
185,21,2030,wind_offshore,0.9615152924837302
185,22,2030,wind_offshore,0.9545617682878083
185,23,2030,wind_offshore,0.9312683191021742
185,24,2030,wind_offshore,0.904297722743654
185,1,2030,wind_onshore,0.41739056168177774
185,2,2030,wind_onshore,0.42552563152113143
185,3,2030,wind_onshore,0.44356124731701174
185,4,2030,wind_onshore,0.459071351682839
185,5,2030,wind_onshore,0.4722064250424212
185,6,2030,wind_onshore,0.4722488035472029
185,7,2030,wind_onshore,0.4771538982167371
185,8,2030,wind_onshore,0.4834939802941294
185,9,2030,wind_onshore,0.49981955990521665
185,10,2030,wind_onshore,0.5035096475651456
185,11,2030,wind_onshore,0.5177471263550583
185,12,2030,wind_onshore,0.5665418539492746
185,13,2030,wind_onshore,0.5980633280815203
185,14,2030,wind_onshore,0.6152936997105058
185,15,2030,wind_onshore,0.627460149154486
185,16,2030,wind_onshore,0.632713706262957
185,17,2030,wind_onshore,0.6301199135553551
185,18,2030,wind_onshore,0.6318138081518683
185,19,2030,wind_onshore,0.6319514035520364
185,20,2030,wind_onshore,0.6348322257698994
185,21,2030,wind_onshore,0.6267780461245189
185,22,2030,wind_onshore,0.6143894172823706
185,23,2030,wind_onshore,0.5807598137328253
185,24,2030,wind_onshore,0.5916888439574114
186,1,2030,demand,0.48583243234945417
186,2,2030,demand,0.4891688558815619
186,3,2030,demand,0.48626058350006984
186,4,2030,demand,0.48117524644599924
186,5,2030,demand,0.4917305985961077
186,6,2030,demand,0.5159877572343075
186,7,2030,demand,0.5468441530343521
186,8,2030,demand,0.5787985318975475
186,9,2030,demand,0.601288073188283
186,10,2030,demand,0.6083125494487012
186,11,2030,demand,0.6109561244594459
186,12,2030,demand,0.6085241047248302
186,13,2030,demand,0.6027443945132613
186,14,2030,demand,0.5924888028771013
186,15,2030,demand,0.5855119362307699
186,16,2030,demand,0.5853610587894471
186,17,2030,demand,0.5805937295597581
186,18,2030,demand,0.5816115759797287
186,19,2030,demand,0.5891992179327201
186,20,2030,demand,0.6008760549931508
186,21,2030,demand,0.589469742318036
186,22,2030,demand,0.554041159097559
186,23,2030,demand,0.5139281165918673
186,24,2030,demand,0.5139606908132759
186,1,2030,solar,0.0
186,2,2030,solar,0.0
186,3,2030,solar,0.0
186,4,2030,solar,0.0
186,5,2030,solar,0.0
186,6,2030,solar,8.433701526186182e-5
186,7,2030,solar,0.02544182185341477
186,8,2030,solar,0.18128325959868713
186,9,2030,solar,0.38778693211765064
186,10,2030,solar,0.5639959404742092
186,11,2030,solar,0.678164869793118
186,12,2030,solar,0.7534647893788676
186,13,2030,solar,0.7806845377079209
186,14,2030,solar,0.7595593677337817
186,15,2030,solar,0.6955565962899614
186,16,2030,solar,0.5939090132828515
186,17,2030,solar,0.438544630568547
186,18,2030,solar,0.24854135619722123
186,19,2030,solar,0.06809674725441922
186,20,2030,solar,0.0008243554802962984
186,21,2030,solar,0.0
186,22,2030,solar,0.0
186,23,2030,solar,0.0
186,24,2030,solar,0.0
186,1,2030,wind_offshore,0.12958131681562915
186,2,2030,wind_offshore,0.11255577408843957
186,3,2030,wind_offshore,0.10016125855136788
186,4,2030,wind_offshore,0.09906218321687225
186,5,2030,wind_offshore,0.1171710408319058
186,6,2030,wind_offshore,0.14586722321264828
186,7,2030,wind_offshore,0.16024418514856104
186,8,2030,wind_offshore,0.1541259794980106
186,9,2030,wind_offshore,0.14423513451893127
186,10,2030,wind_offshore,0.14981651781889835
186,11,2030,wind_offshore,0.18305244771603632
186,12,2030,wind_offshore,0.18112634478713088
186,13,2030,wind_offshore,0.15737055715308315
186,14,2030,wind_offshore,0.15089688552682837
186,15,2030,wind_offshore,0.16231309329160615
186,16,2030,wind_offshore,0.1742252463219364
186,17,2030,wind_offshore,0.1944065282482066
186,18,2030,wind_offshore,0.23282029410535038
186,19,2030,wind_offshore,0.2922929023976872
186,20,2030,wind_offshore,0.353047558831052
186,21,2030,wind_offshore,0.378016050518454
186,22,2030,wind_offshore,0.3727018295153733
186,23,2030,wind_offshore,0.33039727861744816
186,24,2030,wind_offshore,0.3204202047639577
186,1,2030,wind_onshore,0.14418558848260662
186,2,2030,wind_onshore,0.12822944184703325
186,3,2030,wind_onshore,0.11618191927460038
186,4,2030,wind_onshore,0.1037082450141551
186,5,2030,wind_onshore,0.09621277546609622
186,6,2030,wind_onshore,0.09231219255275966
186,7,2030,wind_onshore,0.08599463115578183
186,8,2030,wind_onshore,0.0749316498559018
186,9,2030,wind_onshore,0.07292485173977356
186,10,2030,wind_onshore,0.08184839225676645
186,11,2030,wind_onshore,0.08879448917975125
186,12,2030,wind_onshore,0.11325688200478583
186,13,2030,wind_onshore,0.1396861270871906
186,14,2030,wind_onshore,0.16828305946777183
186,15,2030,wind_onshore,0.20211588820823714
186,16,2030,wind_onshore,0.23395409339769455
186,17,2030,wind_onshore,0.248884058404224
186,18,2030,wind_onshore,0.25798771059028985
186,19,2030,wind_onshore,0.24821720214604243
186,20,2030,wind_onshore,0.23828226597310379
186,21,2030,wind_onshore,0.2354237778860732
186,22,2030,wind_onshore,0.22558869536996476
186,23,2030,wind_onshore,0.20115466080020625
186,24,2030,wind_onshore,0.1921811412395928
187,1,2030,demand,0.4747831048558485
187,2,2030,demand,0.4706411988061797
187,3,2030,demand,0.46468171586080875
187,4,2030,demand,0.4635798194038179
187,5,2030,demand,0.47641048465609237
187,6,2030,demand,0.501380577347545
187,7,2030,demand,0.5379162484644344
187,8,2030,demand,0.5720135738322938
187,9,2030,demand,0.5932821245812903
187,10,2030,demand,0.6081326288514561
187,11,2030,demand,0.6235208566393275
187,12,2030,demand,0.6249931334450878
187,13,2030,demand,0.6220211713046531
187,14,2030,demand,0.6107734312997584
187,15,2030,demand,0.6062422338000975
187,16,2030,demand,0.6078490373529488
187,17,2030,demand,0.6114448328852558
187,18,2030,demand,0.6089289854992476
187,19,2030,demand,0.6208218903046225
187,20,2030,demand,0.6200672940224161
187,21,2030,demand,0.6046249795374532
187,22,2030,demand,0.5569552652880011
187,23,2030,demand,0.5045885023319718
187,24,2030,demand,0.5033280299724465
187,1,2030,solar,0.0
187,2,2030,solar,0.0
187,3,2030,solar,0.0
187,4,2030,solar,0.0
187,5,2030,solar,0.0
187,6,2030,solar,0.0
187,7,2030,solar,0.0014725022205268816
187,8,2030,solar,0.11036658268991748
187,9,2030,solar,0.3028757037855013
187,10,2030,solar,0.471427780105262
187,11,2030,solar,0.5775613719646181
187,12,2030,solar,0.64494436188591
187,13,2030,solar,0.6561057489974724
187,14,2030,solar,0.619813130258695
187,15,2030,solar,0.5550082088714552
187,16,2030,solar,0.43753657050815353
187,17,2030,solar,0.2941537714052791
187,18,2030,solar,0.14319001104094836
187,19,2030,solar,0.01716112804365708
187,20,2030,solar,0.0
187,21,2030,solar,0.0
187,22,2030,solar,0.0
187,23,2030,solar,0.0
187,24,2030,solar,0.0
187,1,2030,wind_offshore,0.6565108277727754
187,2,2030,wind_offshore,0.5246474309931413
187,3,2030,wind_offshore,0.4058420671349683
187,4,2030,wind_offshore,0.2797545016804237
187,5,2030,wind_offshore,0.2035383696263221
187,6,2030,wind_offshore,0.12277408907472348
187,7,2030,wind_offshore,0.055189121440607405
187,8,2030,wind_offshore,0.027398357715676357
187,9,2030,wind_offshore,0.026354921666472263
187,10,2030,wind_offshore,0.07295439391401115
187,11,2030,wind_offshore,0.2590447061529316
187,12,2030,wind_offshore,0.7178613209666825
187,13,2030,wind_offshore,0.9322232451114167
187,14,2030,wind_offshore,0.9468277391361979
187,15,2030,wind_offshore,0.9329782270712914
187,16,2030,wind_offshore,0.9030404689563691
187,17,2030,wind_offshore,0.7960574138834448
187,18,2030,wind_offshore,0.6349510238394389
187,19,2030,wind_offshore,0.4834453721739552
187,20,2030,wind_offshore,0.41215409935432534
187,21,2030,wind_offshore,0.36890577917932754
187,22,2030,wind_offshore,0.3317323762592852
187,23,2030,wind_offshore,0.3219249544946934
187,24,2030,wind_offshore,0.3092057378202479
187,1,2030,wind_onshore,0.3131392655603319
187,2,2030,wind_onshore,0.3039905301039898
187,3,2030,wind_onshore,0.2906312702831172
187,4,2030,wind_onshore,0.27450235388723526
187,5,2030,wind_onshore,0.2735448309841093
187,6,2030,wind_onshore,0.27456793548310265
187,7,2030,wind_onshore,0.27003080612405606
187,8,2030,wind_onshore,0.26544671767251415
187,9,2030,wind_onshore,0.24647916491289026
187,10,2030,wind_onshore,0.29327613479450354
187,11,2030,wind_onshore,0.34592843034271575
187,12,2030,wind_onshore,0.3898920095867694
187,13,2030,wind_onshore,0.4147342054642843
187,14,2030,wind_onshore,0.4586612616330088
187,15,2030,wind_onshore,0.5185800233562929
187,16,2030,wind_onshore,0.5545367285883918
187,17,2030,wind_onshore,0.5630336228853781
187,18,2030,wind_onshore,0.5225672575339158
187,19,2030,wind_onshore,0.3956423381167934
187,20,2030,wind_onshore,0.31171476819308136
187,21,2030,wind_onshore,0.25079021216118225
187,22,2030,wind_onshore,0.200318935210616
187,23,2030,wind_onshore,0.17152038443391027
187,24,2030,wind_onshore,0.13370824146772364
188,1,2030,demand,0.4839884649738927
188,2,2030,demand,0.4738386547823869
188,3,2030,demand,0.46214849867071583
188,4,2030,demand,0.4543604347352828
188,5,2030,demand,0.44678985424061235
188,6,2030,demand,0.4360761533870727
188,7,2030,demand,0.4376097686429842
188,8,2030,demand,0.457528898616032
188,9,2030,demand,0.48602849620678706
188,10,2030,demand,0.5114243828841127
188,11,2030,demand,0.5291326625047841
188,12,2030,demand,0.5399247197119994
188,13,2030,demand,0.5426256512187229
188,14,2030,demand,0.5417731537752586
188,15,2030,demand,0.5367870356462934
188,16,2030,demand,0.5280788243644765
188,17,2030,demand,0.5251679851520491
188,18,2030,demand,0.5325262815010958
188,19,2030,demand,0.5379045161653707
188,20,2030,demand,0.5481577110388342
188,21,2030,demand,0.5587546320503807
188,22,2030,demand,0.544264815215211
188,23,2030,demand,0.5136560256436749
188,24,2030,demand,0.5122776417435285
188,1,2030,solar,0.0
188,2,2030,solar,0.0
188,3,2030,solar,0.0
188,4,2030,solar,0.0
188,5,2030,solar,0.0
188,6,2030,solar,0.0003396361135341499
188,7,2030,solar,0.024007323823791924
188,8,2030,solar,0.1402583669895861
188,9,2030,solar,0.29739322281975716
188,10,2030,solar,0.44736693367971325
188,11,2030,solar,0.5466967569614078
188,12,2030,solar,0.5992459899276018
188,13,2030,solar,0.6284118078650524
188,14,2030,solar,0.6217017172453079
188,15,2030,solar,0.5685218623690349
188,16,2030,solar,0.48202766806103925
188,17,2030,solar,0.3584324382898827
188,18,2030,solar,0.20023312831375062
188,19,2030,solar,0.059834452986423495
188,20,2030,solar,0.0052803135442039476
188,21,2030,solar,0.0
188,22,2030,solar,0.0
188,23,2030,solar,0.0
188,24,2030,solar,0.0
188,1,2030,wind_offshore,0.28239738112422114
188,2,2030,wind_offshore,0.22598892160224282
188,3,2030,wind_offshore,0.1835374591498919
188,4,2030,wind_offshore,0.20120311635767296
188,5,2030,wind_offshore,0.21229309374766098
188,6,2030,wind_offshore,0.10314507332760522
188,7,2030,wind_offshore,0.07684550439336575
188,8,2030,wind_offshore,0.07892014466310046
188,9,2030,wind_offshore,0.07606443866018499
188,10,2030,wind_offshore,0.06093538192043696
188,11,2030,wind_offshore,0.031117068325309645
188,12,2030,wind_offshore,0.01463368766740503
188,13,2030,wind_offshore,0.018885472230074005
188,14,2030,wind_offshore,0.0389569114254785
188,15,2030,wind_offshore,0.06191607103756884
188,16,2030,wind_offshore,0.10640379225758258
188,17,2030,wind_offshore,0.15294047310661651
188,18,2030,wind_offshore,0.1669317958493619
188,19,2030,wind_offshore,0.16528238004594734
188,20,2030,wind_offshore,0.1238004207056461
188,21,2030,wind_offshore,0.08359571045593045
188,22,2030,wind_offshore,0.07739830608041719
188,23,2030,wind_offshore,0.08575207901372169
188,24,2030,wind_offshore,0.11060211393419597
188,1,2030,wind_onshore,0.08769644278817305
188,2,2030,wind_onshore,0.07374641910258886
188,3,2030,wind_onshore,0.06299122022268795
188,4,2030,wind_onshore,0.054887644092936914
188,5,2030,wind_onshore,0.050397696480751326
188,6,2030,wind_onshore,0.04970905673926854
188,7,2030,wind_onshore,0.04707341357414033
188,8,2030,wind_onshore,0.03800609852606058
188,9,2030,wind_onshore,0.0304013400416165
188,10,2030,wind_onshore,0.02761654936486168
188,11,2030,wind_onshore,0.024598669316736974
188,12,2030,wind_onshore,0.02859398913699019
188,13,2030,wind_onshore,0.03855704778949545
188,14,2030,wind_onshore,0.055478569378654405
188,15,2030,wind_onshore,0.07867397077929758
188,16,2030,wind_onshore,0.09784386572455879
188,17,2030,wind_onshore,0.11917221965202043
188,18,2030,wind_onshore,0.14428831361278738
188,19,2030,wind_onshore,0.15773925515151455
188,20,2030,wind_onshore,0.16297319931995244
188,21,2030,wind_onshore,0.1668441134032791
188,22,2030,wind_onshore,0.15880787029865118
188,23,2030,wind_onshore,0.14322292945374412
188,24,2030,wind_onshore,0.1344562208730358
189,1,2030,demand,0.48151191141699456
189,2,2030,demand,0.482030125338095
189,3,2030,demand,0.47786844619909835
189,4,2030,demand,0.4711493738744455
189,5,2030,demand,0.48123791087096524
189,6,2030,demand,0.5081001285549239
189,7,2030,demand,0.5423562177426435
189,8,2030,demand,0.5732304372250961
189,9,2030,demand,0.5978806455573743
189,10,2030,demand,0.6062009657627266
189,11,2030,demand,0.6097959687706666
189,12,2030,demand,0.6087566475867615
189,13,2030,demand,0.5993809337441507
189,14,2030,demand,0.5860190668405979
189,15,2030,demand,0.5789010927156998
189,16,2030,demand,0.5851721920696175
189,17,2030,demand,0.584342509429849
189,18,2030,demand,0.5842697475052526
189,19,2030,demand,0.5904543995147421
189,20,2030,demand,0.6011381253801252
189,21,2030,demand,0.5910995313855508
189,22,2030,demand,0.5536376765318423
189,23,2030,demand,0.5126509330796173
189,24,2030,demand,0.5127132465253196
189,1,2030,solar,0.0
189,2,2030,solar,0.0
189,3,2030,solar,0.0
189,4,2030,solar,0.0
189,5,2030,solar,0.0
189,6,2030,solar,0.00028970225663139455
189,7,2030,solar,0.015831823160024332
189,8,2030,solar,0.1414708360606163
189,9,2030,solar,0.3445075103383996
189,10,2030,solar,0.5294249096900872
189,11,2030,solar,0.657568586945022
189,12,2030,solar,0.7372650394755728
189,13,2030,solar,0.755694933985494
189,14,2030,solar,0.7200860771228866
189,15,2030,solar,0.6426543296335873
189,16,2030,solar,0.5381423848233154
189,17,2030,solar,0.3890243121261489
189,18,2030,solar,0.20895989452460126
189,19,2030,solar,0.05018037467066317
189,20,2030,solar,0.001785452779881614
189,21,2030,solar,0.0
189,22,2030,solar,0.0
189,23,2030,solar,0.0
189,24,2030,solar,0.0
189,1,2030,wind_offshore,0.48085743354495464
189,2,2030,wind_offshore,0.48433150373972506
189,3,2030,wind_offshore,0.4761166736176406
189,4,2030,wind_offshore,0.46895138897262784
189,5,2030,wind_offshore,0.4641004213076844
189,6,2030,wind_offshore,0.46250950063776236
189,7,2030,wind_offshore,0.47804350766138376
189,8,2030,wind_offshore,0.5056975006798613
189,9,2030,wind_offshore,0.5349580368958144
189,10,2030,wind_offshore,0.5381986560321669
189,11,2030,wind_offshore,0.49831286966283855
189,12,2030,wind_offshore,0.47011442445435825
189,13,2030,wind_offshore,0.461544053859624
189,14,2030,wind_offshore,0.4804820384162724
189,15,2030,wind_offshore,0.5215370272555068
189,16,2030,wind_offshore,0.5560471216246732
189,17,2030,wind_offshore,0.5691533626489024
189,18,2030,wind_offshore,0.6133819615861699
189,19,2030,wind_offshore,0.6689683337146545
189,20,2030,wind_offshore,0.7288828813041303
189,21,2030,wind_offshore,0.7409021685718451
189,22,2030,wind_offshore,0.7359462643026222
189,23,2030,wind_offshore,0.6045980348699037
189,24,2030,wind_offshore,0.5548244695749553
189,1,2030,wind_onshore,0.18931912887551383
189,2,2030,wind_onshore,0.17344681776347
189,3,2030,wind_onshore,0.158263727169373
189,4,2030,wind_onshore,0.1436435385169508
189,5,2030,wind_onshore,0.13467646932018407
189,6,2030,wind_onshore,0.12496174106259474
189,7,2030,wind_onshore,0.11310489369144465
189,8,2030,wind_onshore,0.10221654034131611
189,9,2030,wind_onshore,0.09241505498970981
189,10,2030,wind_onshore,0.08321998982088241
189,11,2030,wind_onshore,0.07685208079213791
189,12,2030,wind_onshore,0.08274239222043087
189,13,2030,wind_onshore,0.09298651362302635
189,14,2030,wind_onshore,0.10783792993898689
189,15,2030,wind_onshore,0.12784657650806366
189,16,2030,wind_onshore,0.152429572343262
189,17,2030,wind_onshore,0.17900823034709623
189,18,2030,wind_onshore,0.21094091022578673
189,19,2030,wind_onshore,0.24252923705218946
189,20,2030,wind_onshore,0.2727974674620956
189,21,2030,wind_onshore,0.2804197027952851
189,22,2030,wind_onshore,0.2595219478538369
189,23,2030,wind_onshore,0.21264582065168594
189,24,2030,wind_onshore,0.20317876317787786
190,1,2030,demand,0.4902252141870757
190,2,2030,demand,0.4850685692177929
190,3,2030,demand,0.48102016545495424
190,4,2030,demand,0.47421434536281204
190,5,2030,demand,0.48160895101783513
190,6,2030,demand,0.5019006976429767
190,7,2030,demand,0.5336760880861278
190,8,2030,demand,0.5650765065098897
190,9,2030,demand,0.5904875021693299
190,10,2030,demand,0.6041208818651821
190,11,2030,demand,0.6103461475812574
190,12,2030,demand,0.6095694016448246
190,13,2030,demand,0.6027332210157232
190,14,2030,demand,0.5906240786761892
190,15,2030,demand,0.5781418639873939
190,16,2030,demand,0.5772514103484784
190,17,2030,demand,0.5750813102846791
190,18,2030,demand,0.5753658269078024
190,19,2030,demand,0.5838279815390333
190,20,2030,demand,0.5980888431663488
190,21,2030,demand,0.5911586363585813
190,22,2030,demand,0.5543865523393771
190,23,2030,demand,0.5193680429466224
190,24,2030,demand,0.5128394547265582
190,1,2030,solar,0.0
190,2,2030,solar,0.0
190,3,2030,solar,0.0
190,4,2030,solar,0.0
190,5,2030,solar,0.0
190,6,2030,solar,0.0
190,7,2030,solar,0.003453583966756184
190,8,2030,solar,0.11520914998188601
190,9,2030,solar,0.33943229330288904
190,10,2030,solar,0.5464049523316397
190,11,2030,solar,0.6772177244360285
190,12,2030,solar,0.7674134764122478
190,13,2030,solar,0.7947112254353492
190,14,2030,solar,0.7828178471163425
190,15,2030,solar,0.7096781089183885
190,16,2030,solar,0.5922433114344731
190,17,2030,solar,0.42474355989401213
190,18,2030,solar,0.2184304830959252
190,19,2030,solar,0.03534245345980743
190,20,2030,solar,0.0
190,21,2030,solar,0.0
190,22,2030,solar,0.0
190,23,2030,solar,0.0
190,24,2030,solar,0.0
190,1,2030,wind_offshore,0.9398324260127762
190,2,2030,wind_offshore,0.9420672007114729
190,3,2030,wind_offshore,0.9413867685817301
190,4,2030,wind_offshore,0.9427451299644068
190,5,2030,wind_offshore,0.9418584853541322
190,6,2030,wind_offshore,0.9404907980269734
190,7,2030,wind_offshore,0.9426650149173768
190,8,2030,wind_offshore,0.9411088750573074
190,9,2030,wind_offshore,0.9400868111155355
190,10,2030,wind_offshore,0.9369482812957218
190,11,2030,wind_offshore,0.9311895393752255
190,12,2030,wind_offshore,0.9293209561029908
190,13,2030,wind_offshore,0.9337309589512176
190,14,2030,wind_offshore,0.9332812446122815
190,15,2030,wind_offshore,0.9306407587366908
190,16,2030,wind_offshore,0.930208897537624
190,17,2030,wind_offshore,0.9347136891288403
190,18,2030,wind_offshore,0.9335065591175222
190,19,2030,wind_offshore,0.9234687082282331
190,20,2030,wind_offshore,0.9201658280330367
190,21,2030,wind_offshore,0.921270004682082
190,22,2030,wind_offshore,0.9220154752610553
190,23,2030,wind_offshore,0.9166657587058643
190,24,2030,wind_offshore,0.9147327870498259
190,1,2030,wind_onshore,0.23195050546483975
190,2,2030,wind_onshore,0.21695338245057974
190,3,2030,wind_onshore,0.20054174406272277
190,4,2030,wind_onshore,0.18911389801689224
190,5,2030,wind_onshore,0.18060002219351723
190,6,2030,wind_onshore,0.17362264491554413
190,7,2030,wind_onshore,0.16747432787145455
190,8,2030,wind_onshore,0.15868912440884975
190,9,2030,wind_onshore,0.12024468592923676
190,10,2030,wind_onshore,0.10838476167152633
190,11,2030,wind_onshore,0.10438002076880425
190,12,2030,wind_onshore,0.11383900374544899
190,13,2030,wind_onshore,0.12444585611569735
190,14,2030,wind_onshore,0.1421884265547358
190,15,2030,wind_onshore,0.16232072652187093
190,16,2030,wind_onshore,0.18370976265358452
190,17,2030,wind_onshore,0.2089882356089583
190,18,2030,wind_onshore,0.23397956559225574
190,19,2030,wind_onshore,0.2608464602091738
190,20,2030,wind_onshore,0.30478920087627387
190,21,2030,wind_onshore,0.3084529229294368
190,22,2030,wind_onshore,0.29373968606201034
190,23,2030,wind_onshore,0.2561325863900855
190,24,2030,wind_onshore,0.2387481381469975
191,1,2030,demand,0.4884708458678154
191,2,2030,demand,0.4901199349329499
191,3,2030,demand,0.4860565571284755
191,4,2030,demand,0.4860342201371553
191,5,2030,demand,0.498527963514315
191,6,2030,demand,0.5303688214615221
191,7,2030,demand,0.5659928363738788
191,8,2030,demand,0.5983891051067302
191,9,2030,demand,0.6184846298117855
191,10,2030,demand,0.624615673222462
191,11,2030,demand,0.6230547256405521
191,12,2030,demand,0.6238477617369609
191,13,2030,demand,0.6183122387557064
191,14,2030,demand,0.6049362589839147
191,15,2030,demand,0.5999636398403043
191,16,2030,demand,0.6023750216855766
191,17,2030,demand,0.6033293557249824
191,18,2030,demand,0.6039106554573506
191,19,2030,demand,0.61522580498106
191,20,2030,demand,0.6186407948233029
191,21,2030,demand,0.6060921404758748
191,22,2030,demand,0.5665909480966701
191,23,2030,demand,0.5247196603911303
191,24,2030,demand,0.520730381735946
191,1,2030,solar,0.0
191,2,2030,solar,0.0
191,3,2030,solar,0.0
191,4,2030,solar,0.0
191,5,2030,solar,0.0
191,6,2030,solar,0.0
191,7,2030,solar,0.0
191,8,2030,solar,0.05807278200766661
191,9,2030,solar,0.21194544201571697
191,10,2030,solar,0.37051465506445924
191,11,2030,solar,0.48020680286299217
191,12,2030,solar,0.5524019243517713
191,13,2030,solar,0.5847495609687731
191,14,2030,solar,0.5588645307894956
191,15,2030,solar,0.4880796087091097
191,16,2030,solar,0.38519228136888606
191,17,2030,solar,0.23054142782463027
191,18,2030,solar,0.07246147610209297
191,19,2030,solar,0.0
191,20,2030,solar,0.0
191,21,2030,solar,0.0
191,22,2030,solar,0.0
191,23,2030,solar,0.0
191,24,2030,solar,0.0
191,1,2030,wind_offshore,0.24276183303381701
191,2,2030,wind_offshore,0.19963701933288358
191,3,2030,wind_offshore,0.1515114908409854
191,4,2030,wind_offshore,0.12969180545356013
191,5,2030,wind_offshore,0.11578460148895775
191,6,2030,wind_offshore,0.09658143619772354
191,7,2030,wind_offshore,0.07714015456199198
191,8,2030,wind_offshore,0.07183520051564224
191,9,2030,wind_offshore,0.0840680213838751
191,10,2030,wind_offshore,0.1176385060121842
191,11,2030,wind_offshore,0.18281810202356058
191,12,2030,wind_offshore,0.2374421478181161
191,13,2030,wind_offshore,0.2947970852779492
191,14,2030,wind_offshore,0.323741367025003
191,15,2030,wind_offshore,0.3434057429207813
191,16,2030,wind_offshore,0.3411584861705922
191,17,2030,wind_offshore,0.34732629072311316
191,18,2030,wind_offshore,0.3786138656020518
191,19,2030,wind_offshore,0.39655162405726163
191,20,2030,wind_offshore,0.4061097170076056
191,21,2030,wind_offshore,0.4216285214469594
191,22,2030,wind_offshore,0.4196422264011195
191,23,2030,wind_offshore,0.4419378059479576
191,24,2030,wind_offshore,0.5278212123413258
191,1,2030,wind_onshore,0.0792914850482005
191,2,2030,wind_onshore,0.07578723830237974
191,3,2030,wind_onshore,0.07137171515033944
191,4,2030,wind_onshore,0.07013382647703725
191,5,2030,wind_onshore,0.06631196348650419
191,6,2030,wind_onshore,0.06190098682020968
191,7,2030,wind_onshore,0.06177238528689126
191,8,2030,wind_onshore,0.06392961100016295
191,9,2030,wind_onshore,0.05495655661045414
191,10,2030,wind_onshore,0.051838355096235356
191,11,2030,wind_onshore,0.06190443385190608
191,12,2030,wind_onshore,0.06135948940113406
191,13,2030,wind_onshore,0.05877050101722694
191,14,2030,wind_onshore,0.057340612134424485
191,15,2030,wind_onshore,0.05988748903350434
191,16,2030,wind_onshore,0.058394500495926926
191,17,2030,wind_onshore,0.060003821327911204
191,18,2030,wind_onshore,0.06211912743588171
191,19,2030,wind_onshore,0.07051087185888404
191,20,2030,wind_onshore,0.073287282972902
191,21,2030,wind_onshore,0.06963482458360752
191,22,2030,wind_onshore,0.06411104786170295
191,23,2030,wind_onshore,0.06634908659924457
191,24,2030,wind_onshore,0.05927878784018932
192,1,2030,demand,0.6707382902933817
192,2,2030,demand,0.6475560269452322
192,3,2030,demand,0.6233103381722549
192,4,2030,demand,0.606444415507754
192,5,2030,demand,0.6201022606685256
192,6,2030,demand,0.6473834910127483
192,7,2030,demand,0.6684965843212465
192,8,2030,demand,0.7134013456309589
192,9,2030,demand,0.7920553417823408
192,10,2030,demand,0.8700949530170994
192,11,2030,demand,0.9316831345899861
192,12,2030,demand,0.9754861552875735
192,13,2030,demand,0.9900699293025236
192,14,2030,demand,0.9862339237041033
192,15,2030,demand,0.9834921135806999
192,16,2030,demand,0.9795329319622564
192,17,2030,demand,0.9751379079900233
192,18,2030,demand,0.9608195970924035
192,19,2030,demand,0.9378780821284964
192,20,2030,demand,0.9072081868156698
192,21,2030,demand,0.888112298130906
192,22,2030,demand,0.8406818921824277
192,23,2030,demand,0.7733744986935365
192,24,2030,demand,0.7411126609394046
192,1,2030,solar,0.0
192,2,2030,solar,0.0
192,3,2030,solar,0.0
192,4,2030,solar,0.0
192,5,2030,solar,0.0
192,6,2030,solar,0.00013972130531749577
192,7,2030,solar,0.022533841593256228
192,8,2030,solar,0.17107290305437384
192,9,2030,solar,0.35711037464234907
192,10,2030,solar,0.5168297999824483
192,11,2030,solar,0.615559090506113
192,12,2030,solar,0.6872499786350446
192,13,2030,solar,0.7046566274640416
192,14,2030,solar,0.6841454993458058
192,15,2030,solar,0.6274985484075197
192,16,2030,solar,0.5328479507352799
192,17,2030,solar,0.4101187025036308
192,18,2030,solar,0.25619758629784845
192,19,2030,solar,0.09942771060886442
192,20,2030,solar,0.0043180624384764246
192,21,2030,solar,0.0
192,22,2030,solar,0.0
192,23,2030,solar,0.0
192,24,2030,solar,0.0
192,1,2030,wind_offshore,0.940592466368197
192,2,2030,wind_offshore,0.9564307368981406
192,3,2030,wind_offshore,0.9551544232226485
192,4,2030,wind_offshore,0.9675484984826096
192,5,2030,wind_offshore,0.9768256270932385
192,6,2030,wind_offshore,0.9786578148353556
192,7,2030,wind_offshore,0.9857873510525894
192,8,2030,wind_offshore,0.9881368255769383
192,9,2030,wind_offshore,0.9740487654400352
192,10,2030,wind_offshore,0.9706660634141666
192,11,2030,wind_offshore,0.957333888821003
192,12,2030,wind_offshore,0.9323779257215834
192,13,2030,wind_offshore,0.880670144836097
192,14,2030,wind_offshore,0.8439101353842346
192,15,2030,wind_offshore,0.7951604228042835
192,16,2030,wind_offshore,0.738812217001414
192,17,2030,wind_offshore,0.719696346724733
192,18,2030,wind_offshore,0.7106811273228504
192,19,2030,wind_offshore,0.5519943451665372
192,20,2030,wind_offshore,0.6308637237491372
192,21,2030,wind_offshore,0.6548558234512039
192,22,2030,wind_offshore,0.5951652953788478
192,23,2030,wind_offshore,0.45479807359946234
192,24,2030,wind_offshore,0.3958501383296702
192,1,2030,wind_onshore,0.25310734703728077
192,2,2030,wind_onshore,0.2322059249934778
192,3,2030,wind_onshore,0.21647227572279917
192,4,2030,wind_onshore,0.19805780806474355
192,5,2030,wind_onshore,0.1790243697214764
192,6,2030,wind_onshore,0.16677505888506045
192,7,2030,wind_onshore,0.15330743487461632
192,8,2030,wind_onshore,0.1281484266221675
192,9,2030,wind_onshore,0.0999723534882637
192,10,2030,wind_onshore,0.10080314161220559
192,11,2030,wind_onshore,0.09130186391495376
192,12,2030,wind_onshore,0.10928344905005226
192,13,2030,wind_onshore,0.13404687438702206
192,14,2030,wind_onshore,0.1541222644045614
192,15,2030,wind_onshore,0.17374278147241132
192,16,2030,wind_onshore,0.19272679147584926
192,17,2030,wind_onshore,0.21463072023781404
192,18,2030,wind_onshore,0.2394423428897955
192,19,2030,wind_onshore,0.24945560085550217
192,20,2030,wind_onshore,0.24776652840884844
192,21,2030,wind_onshore,0.2550741601295332
192,22,2030,wind_onshore,0.24879466247939191
192,23,2030,wind_onshore,0.23172757475711914
192,24,2030,wind_onshore,0.2091762686041651
193,1,2030,demand,0.5041991792704692
193,2,2030,demand,0.49397112479159294
193,3,2030,demand,0.482581287207087
193,4,2030,demand,0.4749891857322939
193,5,2030,demand,0.4746937791135255
193,6,2030,demand,0.4867770600342949
193,7,2030,demand,0.5210663068052053
193,8,2030,demand,0.5608483904392667
193,9,2030,demand,0.5938641011321302
193,10,2030,demand,0.6149422526903849
193,11,2030,demand,0.6181609799018262
193,12,2030,demand,0.6155627895092002
193,13,2030,demand,0.6032529991508799
193,14,2030,demand,0.5948238237596427
193,15,2030,demand,0.5752268074863655
193,16,2030,demand,0.5672741633416372
193,17,2030,demand,0.5673033518428596
193,18,2030,demand,0.5749071875774772
193,19,2030,demand,0.5853289884223726
193,20,2030,demand,0.6287266412387343
193,21,2030,demand,0.6406942638080928
193,22,2030,demand,0.6053320225648892
193,23,2030,demand,0.5539033434855429
193,24,2030,demand,0.5366944506240371
193,1,2030,solar,0.0
193,2,2030,solar,0.0
193,3,2030,solar,0.0
193,4,2030,solar,0.0
193,5,2030,solar,0.0
193,6,2030,solar,0.0
193,7,2030,solar,0.0
193,8,2030,solar,0.07065475377028671
193,9,2030,solar,0.29528558449698095
193,10,2030,solar,0.5259250696181306
193,11,2030,solar,0.6791758601227756
193,12,2030,solar,0.7932636172034132
193,13,2030,solar,0.8445529709487776
193,14,2030,solar,0.8333425282497241
193,15,2030,solar,0.7608517624057196
193,16,2030,solar,0.6301942977173676
193,17,2030,solar,0.44865888014488187
193,18,2030,solar,0.21678741739334634
193,19,2030,solar,0.03204725056127624
193,20,2030,solar,0.0
193,21,2030,solar,0.0
193,22,2030,solar,0.0
193,23,2030,solar,0.0
193,24,2030,solar,0.0
193,1,2030,wind_offshore,0.006534350063363848
193,2,2030,wind_offshore,0.0004261285428446768
193,3,2030,wind_offshore,0.0
193,4,2030,wind_offshore,0.0
193,5,2030,wind_offshore,0.0
193,6,2030,wind_offshore,0.0
193,7,2030,wind_offshore,0.0
193,8,2030,wind_offshore,0.0004525777795704103
193,9,2030,wind_offshore,0.0009365662314630877
193,10,2030,wind_offshore,0.0009172749362889798
193,11,2030,wind_offshore,0.00742423725643847
193,12,2030,wind_offshore,0.006946797149274694
193,13,2030,wind_offshore,0.013535694659216333
193,14,2030,wind_offshore,0.04526088534124719
193,15,2030,wind_offshore,0.10255416856740204
193,16,2030,wind_offshore,0.14143913875663994
193,17,2030,wind_offshore,0.14003376431716857
193,18,2030,wind_offshore,0.10198830784515878
193,19,2030,wind_offshore,0.04297206262258116
193,20,2030,wind_offshore,0.004780630890588739
193,21,2030,wind_offshore,7.282872050592461e-6
193,22,2030,wind_offshore,0.0
193,23,2030,wind_offshore,0.0006615317075056282
193,24,2030,wind_offshore,0.0
193,1,2030,wind_onshore,0.3150909764922247
193,2,2030,wind_onshore,0.30318280419267635
193,3,2030,wind_onshore,0.2869049720532447
193,4,2030,wind_onshore,0.2707294616986159
193,5,2030,wind_onshore,0.2542342607526341
193,6,2030,wind_onshore,0.24082582422846888
193,7,2030,wind_onshore,0.23024579257282746
193,8,2030,wind_onshore,0.22468085325586734
193,9,2030,wind_onshore,0.19494398123427809
193,10,2030,wind_onshore,0.20005966971833794
193,11,2030,wind_onshore,0.15524417676371355
193,12,2030,wind_onshore,0.1632800010749605
193,13,2030,wind_onshore,0.17839255343522925
193,14,2030,wind_onshore,0.1852077128693556
193,15,2030,wind_onshore,0.1844209625285182
193,16,2030,wind_onshore,0.1810457492813991
193,17,2030,wind_onshore,0.1711433446539148
193,18,2030,wind_onshore,0.15745897387907754
193,19,2030,wind_onshore,0.15277794068486428
193,20,2030,wind_onshore,0.15938158179066086
193,21,2030,wind_onshore,0.14073944352131285
193,22,2030,wind_onshore,0.12525323047486944
193,23,2030,wind_onshore,0.09856928300068507
193,24,2030,wind_onshore,0.09047766035221307
194,1,2030,demand,0.5206973519980655
194,2,2030,demand,0.5072554872488514
194,3,2030,demand,0.4939227620445557
194,4,2030,demand,0.4817904862253465
194,5,2030,demand,0.48971745612927114
194,6,2030,demand,0.5149553538981965
194,7,2030,demand,0.5580827724982458
194,8,2030,demand,0.6024467849023976
194,9,2030,demand,0.6347824174544227
194,10,2030,demand,0.6518952160560945
194,11,2030,demand,0.6588926514086327
194,12,2030,demand,0.6573598917062418
194,13,2030,demand,0.6533175703338565
194,14,2030,demand,0.6403479416747341
194,15,2030,demand,0.6290669708083092
194,16,2030,demand,0.6209878372495926
194,17,2030,demand,0.6210569849763323
194,18,2030,demand,0.6352514193686398
194,19,2030,demand,0.661602100047554
194,20,2030,demand,0.6838676605935845
194,21,2030,demand,0.6774688209408669
194,22,2030,demand,0.6378290085477804
194,23,2030,demand,0.5815698324591155
194,24,2030,demand,0.5596966734869742
194,1,2030,solar,0.0
194,2,2030,solar,0.0
194,3,2030,solar,0.0
194,4,2030,solar,0.0
194,5,2030,solar,0.0
194,6,2030,solar,0.0
194,7,2030,solar,0.0
194,8,2030,solar,0.0
194,9,2030,solar,0.076945358559825
194,10,2030,solar,0.21926137876822552
194,11,2030,solar,0.35119839622940985
194,12,2030,solar,0.44551644042026933
194,13,2030,solar,0.49554322573536325
194,14,2030,solar,0.49883567724429084
194,15,2030,solar,0.44434691750964406
194,16,2030,solar,0.3408556016709862
194,17,2030,solar,0.19278101994943414
194,18,2030,solar,0.034825919517755044
194,19,2030,solar,0.0
194,20,2030,solar,0.0
194,21,2030,solar,0.0
194,22,2030,solar,0.0
194,23,2030,solar,0.0
194,24,2030,solar,0.0
194,1,2030,wind_offshore,0.9051990497157775
194,2,2030,wind_offshore,0.9112790017402645
194,3,2030,wind_offshore,0.8919551524533617
194,4,2030,wind_offshore,0.884850320436718
194,5,2030,wind_offshore,0.8883507261851575
194,6,2030,wind_offshore,0.8856717214514461
194,7,2030,wind_offshore,0.8525121104340864
194,8,2030,wind_offshore,0.8250014001654659
194,9,2030,wind_offshore,0.819830574625726
194,10,2030,wind_offshore,0.8312894101321568
194,11,2030,wind_offshore,0.8515993954318702
194,12,2030,wind_offshore,0.8225927490257305
194,13,2030,wind_offshore,0.8045615974227157
194,14,2030,wind_offshore,0.7865695351772514
194,15,2030,wind_offshore,0.8033653601004541
194,16,2030,wind_offshore,0.8060738268553941
194,17,2030,wind_offshore,0.783539812543813
194,18,2030,wind_offshore,0.8060624200800263
194,19,2030,wind_offshore,0.8618885415381579
194,20,2030,wind_offshore,0.8756381705962522
194,21,2030,wind_offshore,0.87939389471358
194,22,2030,wind_offshore,0.8708695477596061
194,23,2030,wind_offshore,0.8811793000215411
194,24,2030,wind_offshore,0.8559284285700215
194,1,2030,wind_onshore,0.5499495133452578
194,2,2030,wind_onshore,0.5579981349137604
194,3,2030,wind_onshore,0.5576557229581021
194,4,2030,wind_onshore,0.5474970025998469
194,5,2030,wind_onshore,0.5464371337886045
194,6,2030,wind_onshore,0.5380943773492647
194,7,2030,wind_onshore,0.53788780021495
194,8,2030,wind_onshore,0.5385538786955848
194,9,2030,wind_onshore,0.5396287914984422
194,10,2030,wind_onshore,0.5305077159018682
194,11,2030,wind_onshore,0.5140192825651464
194,12,2030,wind_onshore,0.5500617229525954
194,13,2030,wind_onshore,0.5811772002501914
194,14,2030,wind_onshore,0.5964671698087809
194,15,2030,wind_onshore,0.5989891058008354
194,16,2030,wind_onshore,0.5907523216009444
194,17,2030,wind_onshore,0.559980996440434
194,18,2030,wind_onshore,0.5414617254037342
194,19,2030,wind_onshore,0.54629299817926
194,20,2030,wind_onshore,0.5593126847645202
194,21,2030,wind_onshore,0.5758575286639477
194,22,2030,wind_onshore,0.5858194170641681
194,23,2030,wind_onshore,0.5787877358800045
194,24,2030,wind_onshore,0.5822486281060679
195,1,2030,demand,0.48095777677810764
195,2,2030,demand,0.48331407987391595
195,3,2030,demand,0.4754939134003571
195,4,2030,demand,0.46897105062285904
195,5,2030,demand,0.464555302504185
195,6,2030,demand,0.47315168335565116
195,7,2030,demand,0.48715444929135926
195,8,2030,demand,0.5102614251848702
195,9,2030,demand,0.5331963690002857
195,10,2030,demand,0.5526171805692798
195,11,2030,demand,0.557981742129956
195,12,2030,demand,0.5536241581128432
195,13,2030,demand,0.5430005003334019
195,14,2030,demand,0.5405506444039327
195,15,2030,demand,0.532366439067985
195,16,2030,demand,0.5303344379414454
195,17,2030,demand,0.5260462234291212
195,18,2030,demand,0.5263591422481566
195,19,2030,demand,0.54049171672124
195,20,2030,demand,0.5484055800317382
195,21,2030,demand,0.5536220251019752
195,22,2030,demand,0.5326181863654257
195,23,2030,demand,0.49448950044925105
195,24,2030,demand,0.48759830430393597
195,1,2030,solar,0.0
195,2,2030,solar,0.0
195,3,2030,solar,0.0
195,4,2030,solar,0.0
195,5,2030,solar,0.0
195,6,2030,solar,0.0
195,7,2030,solar,0.0
195,8,2030,solar,0.08739668935671638
195,9,2030,solar,0.2825359978508632
195,10,2030,solar,0.4667761610139134
195,11,2030,solar,0.5864507977342276
195,12,2030,solar,0.6648827559333386
195,13,2030,solar,0.6897804550583921
195,14,2030,solar,0.665609629724013
195,15,2030,solar,0.5846257181856251
195,16,2030,solar,0.45865332057970987
195,17,2030,solar,0.28961022952356585
195,18,2030,solar,0.10374018804760837
195,19,2030,solar,1.7791191637253893e-6
195,20,2030,solar,0.0
195,21,2030,solar,0.0
195,22,2030,solar,0.0
195,23,2030,solar,0.0
195,24,2030,solar,0.0
195,1,2030,wind_offshore,0.10349623293074629
195,2,2030,wind_offshore,0.09761968912991076
195,3,2030,wind_offshore,0.09520326159238682
195,4,2030,wind_offshore,0.073611592813244
195,5,2030,wind_offshore,0.04494597928104228
195,6,2030,wind_offshore,0.017196956326017435
195,7,2030,wind_offshore,0.003011549364105421
195,8,2030,wind_offshore,0.0006514367250428424
195,9,2030,wind_offshore,0.0
195,10,2030,wind_offshore,0.0
195,11,2030,wind_offshore,0.0
195,12,2030,wind_offshore,3.5677518539482787e-5
195,13,2030,wind_offshore,0.003520357946038935
195,14,2030,wind_offshore,0.02151632509516091
195,15,2030,wind_offshore,0.06047560053765223
195,16,2030,wind_offshore,0.09643040183185689
195,17,2030,wind_offshore,0.142759535174181
195,18,2030,wind_offshore,0.18690664246131955
195,19,2030,wind_offshore,0.24467756215531905
195,20,2030,wind_offshore,0.32113490571241127
195,21,2030,wind_offshore,0.3753753602305205
195,22,2030,wind_offshore,0.37159550659786666
195,23,2030,wind_offshore,0.3175244988003093
195,24,2030,wind_offshore,0.255117349667909
195,1,2030,wind_onshore,0.15079071371491265
195,2,2030,wind_onshore,0.141724791755249
195,3,2030,wind_onshore,0.14328823464837637
195,4,2030,wind_onshore,0.144510098127786
195,5,2030,wind_onshore,0.1394318851159712
195,6,2030,wind_onshore,0.12997731097133453
195,7,2030,wind_onshore,0.11528309927514158
195,8,2030,wind_onshore,0.102526084179144
195,9,2030,wind_onshore,0.08903577455793124
195,10,2030,wind_onshore,0.07937598048469394
195,11,2030,wind_onshore,0.09180372978514675
195,12,2030,wind_onshore,0.08873257487447064
195,13,2030,wind_onshore,0.08599118750205711
195,14,2030,wind_onshore,0.0856908215200054
195,15,2030,wind_onshore,0.09043499582195944
195,16,2030,wind_onshore,0.10227488255370062
195,17,2030,wind_onshore,0.1226419047795494
195,18,2030,wind_onshore,0.13397438955420554
195,19,2030,wind_onshore,0.14203923817706035
195,20,2030,wind_onshore,0.12558670254187396
195,21,2030,wind_onshore,0.09955661665766045
195,22,2030,wind_onshore,0.08400141315283596
195,23,2030,wind_onshore,0.07668922900572826
195,24,2030,wind_onshore,0.0683816569318719
196,1,2030,demand,0.4841445408944375
196,2,2030,demand,0.4818596941568336
196,3,2030,demand,0.4772244066832415
196,4,2030,demand,0.4822072239759311
196,5,2030,demand,0.4945894667274092
196,6,2030,demand,0.5271078111079974
196,7,2030,demand,0.5741371731455014
196,8,2030,demand,0.6068020332158428
196,9,2030,demand,0.6232358812554954
196,10,2030,demand,0.6315009494325872
196,11,2030,demand,0.635301023289826
196,12,2030,demand,0.6376812689501696
196,13,2030,demand,0.6288338135071216
196,14,2030,demand,0.6140738829683023
196,15,2030,demand,0.6081321622858453
196,16,2030,demand,0.5998403891424913
196,17,2030,demand,0.6059877332166986
196,18,2030,demand,0.6039755520751917
196,19,2030,demand,0.6138093276620478
196,20,2030,demand,0.6160808936809543
196,21,2030,demand,0.5986928896589341
196,22,2030,demand,0.5496027189689187
196,23,2030,demand,0.5150338253759654
196,24,2030,demand,0.5140289313160228
196,1,2030,solar,0.0
196,2,2030,solar,0.0
196,3,2030,solar,0.0
196,4,2030,solar,0.0
196,5,2030,solar,0.0
196,6,2030,solar,0.0
196,7,2030,solar,0.0
196,8,2030,solar,0.0699681893819272
196,9,2030,solar,0.2614545531996614
196,10,2030,solar,0.46922535958016814
196,11,2030,solar,0.6078212012173658
196,12,2030,solar,0.6877996521156686
196,13,2030,solar,0.7091524138556323
196,14,2030,solar,0.681322221851536
196,15,2030,solar,0.591141803901491
196,16,2030,solar,0.4513345281059757
196,17,2030,solar,0.2562789567811633
196,18,2030,solar,0.06553439687419325
196,19,2030,solar,0.0
196,20,2030,solar,0.0
196,21,2030,solar,0.0
196,22,2030,solar,0.0
196,23,2030,solar,0.0
196,24,2030,solar,0.0
196,1,2030,wind_offshore,0.959483177045018
196,2,2030,wind_offshore,0.957139097864812
196,3,2030,wind_offshore,0.965378289045761
196,4,2030,wind_offshore,0.9811566252171093
196,5,2030,wind_offshore,0.9683656555647429
196,6,2030,wind_offshore,0.9611286410766208
196,7,2030,wind_offshore,0.9482515723415019
196,8,2030,wind_offshore,0.9300245128274932
196,9,2030,wind_offshore,0.8976298716658264
196,10,2030,wind_offshore,0.8362249452619281
196,11,2030,wind_offshore,0.6534926518463622
196,12,2030,wind_offshore,0.45770758430575864
196,13,2030,wind_offshore,0.2823485689713783
196,14,2030,wind_offshore,0.1656050680230166
196,15,2030,wind_offshore,0.07665525929752243
196,16,2030,wind_offshore,0.02153725727389312
196,17,2030,wind_offshore,0.0022728703882513267
196,18,2030,wind_offshore,0.0
196,19,2030,wind_offshore,0.00012598187381634594
196,20,2030,wind_offshore,0.0049610100058235344
196,21,2030,wind_offshore,0.030140271723765603
196,22,2030,wind_offshore,0.07238823901487684
196,23,2030,wind_offshore,0.03490947809788567
196,24,2030,wind_offshore,0.048374429545387135
196,1,2030,wind_onshore,0.16094604683057717
196,2,2030,wind_onshore,0.15117023654775635
196,3,2030,wind_onshore,0.14092013839699635
196,4,2030,wind_onshore,0.12974726876803735
196,5,2030,wind_onshore,0.11909048649357112
196,6,2030,wind_onshore,0.11051680665871132
196,7,2030,wind_onshore,0.10519201401910573
196,8,2030,wind_onshore,0.10071822960312359
196,9,2030,wind_onshore,0.09138116627579343
196,10,2030,wind_onshore,0.07218485217818821
196,11,2030,wind_onshore,0.059791732348481674
196,12,2030,wind_onshore,0.060263587837775245
196,13,2030,wind_onshore,0.06482357704337706
196,14,2030,wind_onshore,0.06907603143155758
196,15,2030,wind_onshore,0.07437505174628277
196,16,2030,wind_onshore,0.0813931965629891
196,17,2030,wind_onshore,0.08897526863387809
196,18,2030,wind_onshore,0.10231614453639573
196,19,2030,wind_onshore,0.12534499143913835
196,20,2030,wind_onshore,0.1337829348338261
196,21,2030,wind_onshore,0.1273205750544919
196,22,2030,wind_onshore,0.12521729228934636
196,23,2030,wind_onshore,0.1069002388854178
196,24,2030,wind_onshore,0.10713921915063929
197,1,2030,demand,0.5231789409710014
197,2,2030,demand,0.5139383921779657
197,3,2030,demand,0.5054538597448593
197,4,2030,demand,0.49917907052227495
197,5,2030,demand,0.5107564577801001
197,6,2030,demand,0.5333662603384424
197,7,2030,demand,0.558847799235812
197,8,2030,demand,0.5925997149539657
197,9,2030,demand,0.6313256945600426
197,10,2030,demand,0.6597623065576452
197,11,2030,demand,0.6847261999136915
197,12,2030,demand,0.7028516877407205
197,13,2030,demand,0.6997577452827459
197,14,2030,demand,0.6890975944688935
197,15,2030,demand,0.678320918736064
197,16,2030,demand,0.6760422231348266
197,17,2030,demand,0.677534418765364
197,18,2030,demand,0.6707203178685082
197,19,2030,demand,0.6616878964654718
197,20,2030,demand,0.6599614662939254
197,21,2030,demand,0.6487620926153614
197,22,2030,demand,0.6051456660111902
197,23,2030,demand,0.5688913907215419
197,24,2030,demand,0.5633174463430808
197,1,2030,solar,0.0
197,2,2030,solar,0.0
197,3,2030,solar,0.0
197,4,2030,solar,0.0
197,5,2030,solar,0.0
197,6,2030,solar,0.00015649632553046616
197,7,2030,solar,0.03494277948335201
197,8,2030,solar,0.18103605016409302
197,9,2030,solar,0.3645977759195704
197,10,2030,solar,0.5318965836526185
197,11,2030,solar,0.649732230750415
197,12,2030,solar,0.7353965023872364
197,13,2030,solar,0.7729605232447738
197,14,2030,solar,0.7695863266861959
197,15,2030,solar,0.7135067952762283
197,16,2030,solar,0.6105898121097195
197,17,2030,solar,0.46701107162770794
197,18,2030,solar,0.28564750523256466
197,19,2030,solar,0.09738134783411143
197,20,2030,solar,0.0036220991397835816
197,21,2030,solar,0.0
197,22,2030,solar,0.0
197,23,2030,solar,0.0
197,24,2030,solar,0.0
197,1,2030,wind_offshore,0.7244014310443793
197,2,2030,wind_offshore,0.7107608324865821
197,3,2030,wind_offshore,0.659684309611443
197,4,2030,wind_offshore,0.618029598161253
197,5,2030,wind_offshore,0.6328338418963098
197,6,2030,wind_offshore,0.6613983743565769
197,7,2030,wind_offshore,0.6753512488460585
197,8,2030,wind_offshore,0.7019286464520558
197,9,2030,wind_offshore,0.7849542757459409
197,10,2030,wind_offshore,0.8462138760278798
197,11,2030,wind_offshore,0.91201781259997
197,12,2030,wind_offshore,0.9324907698897523
197,13,2030,wind_offshore,0.9437627325849611
197,14,2030,wind_offshore,0.9420516110458994
197,15,2030,wind_offshore,0.9367648042815772
197,16,2030,wind_offshore,0.9366336078585124
197,17,2030,wind_offshore,0.9392852308606753
197,18,2030,wind_offshore,0.9452679407179878
197,19,2030,wind_offshore,0.9511744633657913
197,20,2030,wind_offshore,0.9477000786479624
197,21,2030,wind_offshore,0.944525890515499
197,22,2030,wind_offshore,0.9369509077072944
197,23,2030,wind_offshore,0.9327236723300151
197,24,2030,wind_offshore,0.9237374060126334
197,1,2030,wind_onshore,0.24433329294875072
197,2,2030,wind_onshore,0.23631202933962242
197,3,2030,wind_onshore,0.22630222926796298
197,4,2030,wind_onshore,0.2197409066559857
197,5,2030,wind_onshore,0.2112186286594973
197,6,2030,wind_onshore,0.19877272001942456
197,7,2030,wind_onshore,0.1958436244995161
197,8,2030,wind_onshore,0.18660262075613032
197,9,2030,wind_onshore,0.19718791093130364
197,10,2030,wind_onshore,0.2226097644361588
197,11,2030,wind_onshore,0.24998809753775003
197,12,2030,wind_onshore,0.2691266153342302
197,13,2030,wind_onshore,0.30009699844198856
197,14,2030,wind_onshore,0.3349657282868679
197,15,2030,wind_onshore,0.37014323143041106
197,16,2030,wind_onshore,0.4018694426837659
197,17,2030,wind_onshore,0.4265899279864085
197,18,2030,wind_onshore,0.4407305607609473
197,19,2030,wind_onshore,0.4184821580908993
197,20,2030,wind_onshore,0.3870504225865476
197,21,2030,wind_onshore,0.38393631182886206
197,22,2030,wind_onshore,0.38349103888990177
197,23,2030,wind_onshore,0.3744711773797661
197,24,2030,wind_onshore,0.3716469304302836
198,1,2030,demand,0.5220087711591745
198,2,2030,demand,0.5082245843823034
198,3,2030,demand,0.49254455149038645
198,4,2030,demand,0.47492352508480934
198,5,2030,demand,0.48296722233295775
198,6,2030,demand,0.5043125873115621
198,7,2030,demand,0.548916009360441
198,8,2030,demand,0.5941726672860801
198,9,2030,demand,0.6299368011746465
198,10,2030,demand,0.6519083799208567
198,11,2030,demand,0.6505107267975144
198,12,2030,demand,0.6499972237363365
198,13,2030,demand,0.6559074795657034
198,14,2030,demand,0.6394916343120352
198,15,2030,demand,0.6292330491115695
198,16,2030,demand,0.6273458939802116
198,17,2030,demand,0.6254370463011836
198,18,2030,demand,0.6350643142685493
198,19,2030,demand,0.6563150819739029
198,20,2030,demand,0.6791093756905928
198,21,2030,demand,0.671415158039885
198,22,2030,demand,0.6293021014304705
198,23,2030,demand,0.5736792240697204
198,24,2030,demand,0.5529961829196679
198,1,2030,solar,0.0
198,2,2030,solar,0.0
198,3,2030,solar,0.0
198,4,2030,solar,0.0
198,5,2030,solar,0.0
198,6,2030,solar,0.0
198,7,2030,solar,0.0
198,8,2030,solar,0.0
198,9,2030,solar,0.038200641558349964
198,10,2030,solar,0.11111052426694691
198,11,2030,solar,0.1728642153611309
198,12,2030,solar,0.21314645554494344
198,13,2030,solar,0.2562804736644541
198,14,2030,solar,0.2589075525865223
198,15,2030,solar,0.22384691311660035
198,16,2030,solar,0.17288886796893546
198,17,2030,solar,0.10928814022900596
198,18,2030,solar,0.04496076080606401
198,19,2030,solar,0.0
198,20,2030,solar,0.0
198,21,2030,solar,0.0
198,22,2030,solar,0.0
198,23,2030,solar,0.0
198,24,2030,solar,0.0
198,1,2030,wind_offshore,0.4879480687197429
198,2,2030,wind_offshore,0.673483948232195
198,3,2030,wind_offshore,0.8708352476181641
198,4,2030,wind_offshore,0.9725190134629091
198,5,2030,wind_offshore,0.9832631496788633
198,6,2030,wind_offshore,0.984499346231437
198,7,2030,wind_offshore,0.9771539172702377
198,8,2030,wind_offshore,0.9669322022025681
198,9,2030,wind_offshore,0.967362027370372
198,10,2030,wind_offshore,0.9616363633880363
198,11,2030,wind_offshore,0.9498245496167759
198,12,2030,wind_offshore,0.9605023559803758
198,13,2030,wind_offshore,0.962770599070875
198,14,2030,wind_offshore,0.9655985456704368
198,15,2030,wind_offshore,0.9459399325186622
198,16,2030,wind_offshore,0.9436411266325035
198,17,2030,wind_offshore,0.9324385826343986
198,18,2030,wind_offshore,0.9324411487599968
198,19,2030,wind_offshore,0.9295516043106953
198,20,2030,wind_offshore,0.9140469005638862
198,21,2030,wind_offshore,0.9211786234136341
198,22,2030,wind_offshore,0.9107343462407029
198,23,2030,wind_offshore,0.8999743008007741
198,24,2030,wind_offshore,0.902777651429675
198,1,2030,wind_onshore,0.6323017132417698
198,2,2030,wind_onshore,0.6441976051230875
198,3,2030,wind_onshore,0.6536169886614105
198,4,2030,wind_onshore,0.6520420847573403
198,5,2030,wind_onshore,0.6381848322110169
198,6,2030,wind_onshore,0.6334688569314934
198,7,2030,wind_onshore,0.622619313047642
198,8,2030,wind_onshore,0.6162757874850184
198,9,2030,wind_onshore,0.6188887363850517
198,10,2030,wind_onshore,0.6165498774041582
198,11,2030,wind_onshore,0.6642624469795247
198,12,2030,wind_onshore,0.6935693087844872
198,13,2030,wind_onshore,0.7127218578118157
198,14,2030,wind_onshore,0.7133125574904364
198,15,2030,wind_onshore,0.7145065128997447
198,16,2030,wind_onshore,0.7095444511693052
198,17,2030,wind_onshore,0.693049048527451
198,18,2030,wind_onshore,0.6714981389937589
198,19,2030,wind_onshore,0.6686000121343985
198,20,2030,wind_onshore,0.6719916699349505
198,21,2030,wind_onshore,0.6666743859205273
198,22,2030,wind_onshore,0.6381936890661226
198,23,2030,wind_onshore,0.616703540049609
198,24,2030,wind_onshore,0.6199499945905067
199,1,2030,demand,0.4947504062179352
199,2,2030,demand,0.4854878606434915
199,3,2030,demand,0.4808273280351022
199,4,2030,demand,0.47870405893593054
199,5,2030,demand,0.4917150290584212
199,6,2030,demand,0.525777789344934
199,7,2030,demand,0.5766438603056432
199,8,2030,demand,0.614442017640467
199,9,2030,demand,0.6405078382775363
199,10,2030,demand,0.6528814577202069
199,11,2030,demand,0.6557261179934494
199,12,2030,demand,0.6534353851565149
199,13,2030,demand,0.6427273726492306
199,14,2030,demand,0.6292384217917373
199,15,2030,demand,0.607701022033893
199,16,2030,demand,0.6114188838217091
199,17,2030,demand,0.6047403171786814
199,18,2030,demand,0.6014467623541833
199,19,2030,demand,0.6178943247601449
199,20,2030,demand,0.6412136747897368
199,21,2030,demand,0.6293858592110471
199,22,2030,demand,0.5822406729721309
199,23,2030,demand,0.5351779766446076
199,24,2030,demand,0.5221862030923459
199,1,2030,solar,0.0
199,2,2030,solar,0.0
199,3,2030,solar,0.0
199,4,2030,solar,0.0
199,5,2030,solar,0.0
199,6,2030,solar,0.0
199,7,2030,solar,0.0168567303141878
199,8,2030,solar,0.1235673963868483
199,9,2030,solar,0.2443951940193602
199,10,2030,solar,0.3308996631796588
199,11,2030,solar,0.3544891534259318
199,12,2030,solar,0.3608709155056563
199,13,2030,solar,0.3137987525541119
199,14,2030,solar,0.2583955922123744
199,15,2030,solar,0.22958219963060073
199,16,2030,solar,0.1894815203267572
199,17,2030,solar,0.13990912970071692
199,18,2030,solar,0.08183446420907611
199,19,2030,solar,0.028161606169583894
199,20,2030,solar,4.843887492406692e-6
199,21,2030,solar,0.0
199,22,2030,solar,0.0
199,23,2030,solar,0.0
199,24,2030,solar,0.0
199,1,2030,wind_offshore,0.8911920952183976
199,2,2030,wind_offshore,0.8617853690153836
199,3,2030,wind_offshore,0.8314665705053974
199,4,2030,wind_offshore,0.8040816364125125
199,5,2030,wind_offshore,0.8045984429501236
199,6,2030,wind_offshore,0.8171317523874786
199,7,2030,wind_offshore,0.8671345963127244
199,8,2030,wind_offshore,0.8891196380325388
199,9,2030,wind_offshore,0.8741106491768458
199,10,2030,wind_offshore,0.8396031318502536
199,11,2030,wind_offshore,0.8251196518664755
199,12,2030,wind_offshore,0.7513362374338393
199,13,2030,wind_offshore,0.6261058815003115
199,14,2030,wind_offshore,0.5265778951219251
199,15,2030,wind_offshore,0.45691047426009734
199,16,2030,wind_offshore,0.37890357530619756
199,17,2030,wind_offshore,0.2473421634371707
199,18,2030,wind_offshore,0.26879953887698965
199,19,2030,wind_offshore,0.332113511707389
199,20,2030,wind_offshore,0.3458268247039642
199,21,2030,wind_offshore,0.29719918805577994
199,22,2030,wind_offshore,0.2757945213170033
199,23,2030,wind_offshore,0.2100432380840822
199,24,2030,wind_offshore,0.16044950775818007
199,1,2030,wind_onshore,0.21454899784878523
199,2,2030,wind_onshore,0.21400799661230005
199,3,2030,wind_onshore,0.2022010597192625
199,4,2030,wind_onshore,0.18465800450459238
199,5,2030,wind_onshore,0.1828909809925846
199,6,2030,wind_onshore,0.19786802896033834
199,7,2030,wind_onshore,0.21081470957475656
199,8,2030,wind_onshore,0.21315541081315187
199,9,2030,wind_onshore,0.19530687770627786
199,10,2030,wind_onshore,0.19708036689012098
199,11,2030,wind_onshore,0.22577995902363573
199,12,2030,wind_onshore,0.24503491298190475
199,13,2030,wind_onshore,0.24973450097855104
199,14,2030,wind_onshore,0.26334017189140857
199,15,2030,wind_onshore,0.2929750282345593
199,16,2030,wind_onshore,0.29547602514763993
199,17,2030,wind_onshore,0.2595462236398507
199,18,2030,wind_onshore,0.20386818505316856
199,19,2030,wind_onshore,0.1636620733981433
199,20,2030,wind_onshore,0.13369075208054143
199,21,2030,wind_onshore,0.12233742374638448
199,22,2030,wind_onshore,0.11627531155215534
199,23,2030,wind_onshore,0.1457990822490432
199,24,2030,wind_onshore,0.14054649444764714
200,1,2030,demand,0.5002683828355334
200,2,2030,demand,0.48326900422816593
200,3,2030,demand,0.4728106908560029
200,4,2030,demand,0.4666119929119319
200,5,2030,demand,0.48079434252768966
200,6,2030,demand,0.5046420231676568
200,7,2030,demand,0.5479305507389035
200,8,2030,demand,0.5925012185325761
200,9,2030,demand,0.6291877565148725
200,10,2030,demand,0.6585775071006829
200,11,2030,demand,0.6708144957391683
200,12,2030,demand,0.6685719706202083
200,13,2030,demand,0.6589531940317928
200,14,2030,demand,0.6434349415361069
200,15,2030,demand,0.6254915959232499
200,16,2030,demand,0.6144873183684187
200,17,2030,demand,0.6219019903167051
200,18,2030,demand,0.6388546778496429
200,19,2030,demand,0.6744719301124591
200,20,2030,demand,0.6946474021747203
200,21,2030,demand,0.6846005827142847
200,22,2030,demand,0.6407416774402603
200,23,2030,demand,0.585115585669067
200,24,2030,demand,0.5636378166498062
200,1,2030,solar,0.0
200,2,2030,solar,0.0
200,3,2030,solar,0.0
200,4,2030,solar,0.0
200,5,2030,solar,0.0
200,6,2030,solar,0.0
200,7,2030,solar,0.0
200,8,2030,solar,0.0
200,9,2030,solar,0.04603591218523928
200,10,2030,solar,0.14832843675129592
200,11,2030,solar,0.24128985862074737
200,12,2030,solar,0.3328994166624688
200,13,2030,solar,0.37647966462081234
200,14,2030,solar,0.34836585089965005
200,15,2030,solar,0.27599543414632655
200,16,2030,solar,0.18043616940430068
200,17,2030,solar,0.07672114876032018
200,18,2030,solar,0.0
200,19,2030,solar,0.0
200,20,2030,solar,0.0
200,21,2030,solar,0.0
200,22,2030,solar,0.0
200,23,2030,solar,0.0
200,24,2030,solar,0.0
200,1,2030,wind_offshore,0.5277422131258589
200,2,2030,wind_offshore,0.6169802776929948
200,3,2030,wind_offshore,0.6549185072841817
200,4,2030,wind_offshore,0.6738087076493944
200,5,2030,wind_offshore,0.6290875977381061
200,6,2030,wind_offshore,0.5568085612026551
200,7,2030,wind_offshore,0.47922212389817687
200,8,2030,wind_offshore,0.4045405453187334
200,9,2030,wind_offshore,0.35864619212867466
200,10,2030,wind_offshore,0.33432445586865256
200,11,2030,wind_offshore,0.3626083059723133
200,12,2030,wind_offshore,0.3281196242736061
200,13,2030,wind_offshore,0.2721630054420727
200,14,2030,wind_offshore,0.20856510841276463
200,15,2030,wind_offshore,0.17391202347733997
200,16,2030,wind_offshore,0.18840715966164806
200,17,2030,wind_offshore,0.22935702656635687
200,18,2030,wind_offshore,0.25500482830512344
200,19,2030,wind_offshore,0.2495511804619776
200,20,2030,wind_offshore,0.24277959098296217
200,21,2030,wind_offshore,0.23787011890626572
200,22,2030,wind_offshore,0.2543810149209094
200,23,2030,wind_offshore,0.25785352425888947
200,24,2030,wind_offshore,0.2667177352895582
200,1,2030,wind_onshore,0.48007551872836907
200,2,2030,wind_onshore,0.4645914620870025
200,3,2030,wind_onshore,0.4542850727820267
200,4,2030,wind_onshore,0.44706522536605786
200,5,2030,wind_onshore,0.4335291652381475
200,6,2030,wind_onshore,0.429601419695959
200,7,2030,wind_onshore,0.44102915304317525
200,8,2030,wind_onshore,0.42961965061809254
200,9,2030,wind_onshore,0.42460193746172714
200,10,2030,wind_onshore,0.4270218593253132
200,11,2030,wind_onshore,0.4089103287629424
200,12,2030,wind_onshore,0.4294903285110777
200,13,2030,wind_onshore,0.4437831766283035
200,14,2030,wind_onshore,0.4194381114619675
200,15,2030,wind_onshore,0.39749318506289794
200,16,2030,wind_onshore,0.35493963541669143
200,17,2030,wind_onshore,0.3094953757416318
200,18,2030,wind_onshore,0.296972851394359
200,19,2030,wind_onshore,0.2971860879670449
200,20,2030,wind_onshore,0.2982515718267742
200,21,2030,wind_onshore,0.2877699228490632
200,22,2030,wind_onshore,0.2662316159668196
200,23,2030,wind_onshore,0.21768171380689677
200,24,2030,wind_onshore,0.20288586438203116
201,1,2030,demand,0.6364958170412027
201,2,2030,demand,0.6274654222394536
201,3,2030,demand,0.6058408426275125
201,4,2030,demand,0.5889411600123335
201,5,2030,demand,0.577462881411426
201,6,2030,demand,0.5542046054822249
201,7,2030,demand,0.5272333494429877
201,8,2030,demand,0.5317252223389051
201,9,2030,demand,0.5886223805488049
201,10,2030,demand,0.6460993650414053
201,11,2030,demand,0.6993709748793366
201,12,2030,demand,0.7374622160983297
201,13,2030,demand,0.7562287865895239
201,14,2030,demand,0.7652597786467348
201,15,2030,demand,0.7639581457849556
201,16,2030,demand,0.761697516457164
201,17,2030,demand,0.7635437229447786
201,18,2030,demand,0.761219209070619
201,19,2030,demand,0.7484441358750349
201,20,2030,demand,0.7187170304501438
201,21,2030,demand,0.7175846154412807
201,22,2030,demand,0.7108949353529095
201,23,2030,demand,0.680943235585759
201,24,2030,demand,0.6777149091901615
201,1,2030,solar,0.0
201,2,2030,solar,0.0
201,3,2030,solar,0.0
201,4,2030,solar,0.0
201,5,2030,solar,0.0
201,6,2030,solar,7.119229036368358e-5
201,7,2030,solar,0.020221962088531414
201,8,2030,solar,0.1747625998197473
201,9,2030,solar,0.372722075058305
201,10,2030,solar,0.5455487275023814
201,11,2030,solar,0.6521735186838071
201,12,2030,solar,0.7236598345507493
201,13,2030,solar,0.7509544480109747
201,14,2030,solar,0.746336339995797
201,15,2030,solar,0.6915717606142684
201,16,2030,solar,0.5925059909851282
201,17,2030,solar,0.4629793184945768
201,18,2030,solar,0.2873136136770571
201,19,2030,solar,0.1021557679696989
201,20,2030,solar,0.0011924028642290021
201,21,2030,solar,0.0
201,22,2030,solar,0.0
201,23,2030,solar,0.0
201,24,2030,solar,0.0
201,1,2030,wind_offshore,0.15150170341064592
201,2,2030,wind_offshore,0.16807912977580525
201,3,2030,wind_offshore,0.17289364822078712
201,4,2030,wind_offshore,0.17771066335939084
201,5,2030,wind_offshore,0.16434051986197376
201,6,2030,wind_offshore,0.15376922566054801
201,7,2030,wind_offshore,0.14775151388289423
201,8,2030,wind_offshore,0.1602859497528459
201,9,2030,wind_offshore,0.16409218884378052
201,10,2030,wind_offshore,0.18389845773261865
201,11,2030,wind_offshore,0.14753722915160689
201,12,2030,wind_offshore,0.11749396950056572
201,13,2030,wind_offshore,0.09353815108776262
201,14,2030,wind_offshore,0.06127727107150838
201,15,2030,wind_offshore,0.04135640289023253
201,16,2030,wind_offshore,0.056833517890072446
201,17,2030,wind_offshore,0.09734995321619128
201,18,2030,wind_offshore,0.1351130279397436
201,19,2030,wind_offshore,0.17619209800639418
201,20,2030,wind_offshore,0.23709399634951056
201,21,2030,wind_offshore,0.3405233602357146
201,22,2030,wind_offshore,0.4912966626678764
201,23,2030,wind_offshore,0.4967175591959745
201,24,2030,wind_offshore,0.6599195019571698
201,1,2030,wind_onshore,0.21417669366952632
201,2,2030,wind_onshore,0.19187343683952165
201,3,2030,wind_onshore,0.17224892975634915
201,4,2030,wind_onshore,0.1496012524138435
201,5,2030,wind_onshore,0.1355802168512753
201,6,2030,wind_onshore,0.1243625882952877
201,7,2030,wind_onshore,0.11444167067678238
201,8,2030,wind_onshore,0.09141574303927086
201,9,2030,wind_onshore,0.08017544181405337
201,10,2030,wind_onshore,0.09232639604253651
201,11,2030,wind_onshore,0.10261388052430409
201,12,2030,wind_onshore,0.12880045867679496
201,13,2030,wind_onshore,0.15704569199719068
201,14,2030,wind_onshore,0.18123199553282493
201,15,2030,wind_onshore,0.2048095544822121
201,16,2030,wind_onshore,0.23297039417213913
201,17,2030,wind_onshore,0.2650308298386147
201,18,2030,wind_onshore,0.2953700881272699
201,19,2030,wind_onshore,0.2879606316499089
201,20,2030,wind_onshore,0.29036554795577685
201,21,2030,wind_onshore,0.3052112312994154
201,22,2030,wind_onshore,0.2823289228656273
201,23,2030,wind_onshore,0.2690310021699089
201,24,2030,wind_onshore,0.2585732245064838
202,1,2030,demand,0.4737872945580136
202,2,2030,demand,0.46697227869209296
202,3,2030,demand,0.44371726761134417
202,4,2030,demand,0.43289835928584003
202,5,2030,demand,0.42730093374209
202,6,2030,demand,0.42377786626849545
202,7,2030,demand,0.43717165000327224
202,8,2030,demand,0.45839927898306887
202,9,2030,demand,0.4957237980903339
202,10,2030,demand,0.524977054164949
202,11,2030,demand,0.5418907985354678
202,12,2030,demand,0.5476219292380795
202,13,2030,demand,0.5477897739995964
202,14,2030,demand,0.5454976671649644
202,15,2030,demand,0.5393006145816777
202,16,2030,demand,0.532513371403811
202,17,2030,demand,0.5308942184690156
202,18,2030,demand,0.5334674913795162
202,19,2030,demand,0.547535485080178
202,20,2030,demand,0.5618969267055017
202,21,2030,demand,0.5688332328692018
202,22,2030,demand,0.5550006608575946
202,23,2030,demand,0.5165187782652874
202,24,2030,demand,0.5066528406837522
202,1,2030,solar,0.0
202,2,2030,solar,0.0
202,3,2030,solar,0.0
202,4,2030,solar,0.0
202,5,2030,solar,0.0
202,6,2030,solar,0.00020454745391395126
202,7,2030,solar,0.040305754358851684
202,8,2030,solar,0.2086624825430754
202,9,2030,solar,0.4007676695615322
202,10,2030,solar,0.5604402189389359
202,11,2030,solar,0.6599634941810377
202,12,2030,solar,0.7268320667899701
202,13,2030,solar,0.7469695775283157
202,14,2030,solar,0.7309873626683978
202,15,2030,solar,0.6775596490343339
202,16,2030,solar,0.5846811912751442
202,17,2030,solar,0.44795061474939757
202,18,2030,solar,0.27062742728554423
202,19,2030,solar,0.08557910244664224
202,20,2030,solar,0.0009069209132621385
202,21,2030,solar,0.0
202,22,2030,solar,0.0
202,23,2030,solar,0.0
202,24,2030,solar,0.0
202,1,2030,wind_offshore,0.7567628791083358
202,2,2030,wind_offshore,0.7823289566713267
202,3,2030,wind_offshore,0.7624710691443204
202,4,2030,wind_offshore,0.7465895385648669
202,5,2030,wind_offshore,0.7495730301720711
202,6,2030,wind_offshore,0.7729060939440391
202,7,2030,wind_offshore,0.8394194745968353
202,8,2030,wind_offshore,0.8962639365870169
202,9,2030,wind_offshore,0.929134327151332
202,10,2030,wind_offshore,0.9451005637977135
202,11,2030,wind_offshore,0.9625198142577185
202,12,2030,wind_offshore,0.9553288387201704
202,13,2030,wind_offshore,0.9599462945596475
202,14,2030,wind_offshore,0.947223163799342
202,15,2030,wind_offshore,0.9535127014786389
202,16,2030,wind_offshore,0.9524794475594831
202,17,2030,wind_offshore,0.9617594167000485
202,18,2030,wind_offshore,0.958729027339539
202,19,2030,wind_offshore,0.9656525223114147
202,20,2030,wind_offshore,0.9668569093524652
202,21,2030,wind_offshore,0.9679185478979835
202,22,2030,wind_offshore,0.9653677787967739
202,23,2030,wind_offshore,0.9608670276730253
202,24,2030,wind_offshore,0.963045979731838
202,1,2030,wind_onshore,0.20702170959767024
202,2,2030,wind_onshore,0.18063741461405355
202,3,2030,wind_onshore,0.1641736334958036
202,4,2030,wind_onshore,0.15281037029430547
202,5,2030,wind_onshore,0.13480117317542034
202,6,2030,wind_onshore,0.12099592130265685
202,7,2030,wind_onshore,0.10744041798471328
202,8,2030,wind_onshore,0.09639477819915411
202,9,2030,wind_onshore,0.1079106117397704
202,10,2030,wind_onshore,0.131756660407672
202,11,2030,wind_onshore,0.15013860122535763
202,12,2030,wind_onshore,0.1746220508533246
202,13,2030,wind_onshore,0.2000741209897774
202,14,2030,wind_onshore,0.21422624585304562
202,15,2030,wind_onshore,0.2285750203380856
202,16,2030,wind_onshore,0.23347898919092067
202,17,2030,wind_onshore,0.23306738411781108
202,18,2030,wind_onshore,0.22367576843313525
202,19,2030,wind_onshore,0.21579958757157303
202,20,2030,wind_onshore,0.2132040767435788
202,21,2030,wind_onshore,0.2167743769405614
202,22,2030,wind_onshore,0.20404472838371102
202,23,2030,wind_onshore,0.1781511061728948
202,24,2030,wind_onshore,0.18118780213615676
203,1,2030,demand,0.5018797556291194
203,2,2030,demand,0.4945947027980351
203,3,2030,demand,0.4871823409011091
203,4,2030,demand,0.4751466586494455
203,5,2030,demand,0.4800096954760649
203,6,2030,demand,0.5035734805689456
203,7,2030,demand,0.5448024996753745
203,8,2030,demand,0.5917996816305071
203,9,2030,demand,0.618389240539386
203,10,2030,demand,0.6377311559211629
203,11,2030,demand,0.6453590142540303
203,12,2030,demand,0.6415463325999162
203,13,2030,demand,0.640430523210939
203,14,2030,demand,0.6253285456235337
203,15,2030,demand,0.6037137072081875
203,16,2030,demand,0.5977419259368317
203,17,2030,demand,0.5982889796532207
203,18,2030,demand,0.6122982226068833
203,19,2030,demand,0.6498021972909007
203,20,2030,demand,0.6711477050030673
203,21,2030,demand,0.6743324893315732
203,22,2030,demand,0.6355296389252296
203,23,2030,demand,0.5833470462126942
203,24,2030,demand,0.5615809882823017
203,1,2030,solar,0.0
203,2,2030,solar,0.0
203,3,2030,solar,0.0
203,4,2030,solar,0.0
203,5,2030,solar,0.0
203,6,2030,solar,0.0
203,7,2030,solar,0.0
203,8,2030,solar,0.0014484273075781374
203,9,2030,solar,0.02606613716471651
203,10,2030,solar,0.08938659569863544
203,11,2030,solar,0.16084953825077264
203,12,2030,solar,0.24343515154427986
203,13,2030,solar,0.29491535462281193
203,14,2030,solar,0.284462335577751
203,15,2030,solar,0.24947637848644316
203,16,2030,solar,0.17794591037459484
203,17,2030,solar,0.10800511897087206
203,18,2030,solar,0.0449798310143598
203,19,2030,solar,0.0011733116078304776
203,20,2030,solar,0.0
203,21,2030,solar,0.0
203,22,2030,solar,0.0
203,23,2030,solar,0.0
203,24,2030,solar,0.0
203,1,2030,wind_offshore,0.9271992580315821
203,2,2030,wind_offshore,0.9397090395821486
203,3,2030,wind_offshore,0.9435552235971786
203,4,2030,wind_offshore,0.9428516733455126
203,5,2030,wind_offshore,0.9454799842904598
203,6,2030,wind_offshore,0.9639665048496666
203,7,2030,wind_offshore,0.9665753466833538
203,8,2030,wind_offshore,0.9718213051633084
203,9,2030,wind_offshore,0.9669692332373216
203,10,2030,wind_offshore,0.966243023161971
203,11,2030,wind_offshore,0.967712947648887
203,12,2030,wind_offshore,0.9535185926496494
203,13,2030,wind_offshore,0.919063196265502
203,14,2030,wind_offshore,0.7959724360383915
203,15,2030,wind_offshore,0.642136492143849
203,16,2030,wind_offshore,0.5950737195911855
203,17,2030,wind_offshore,0.6384704627465222
203,18,2030,wind_offshore,0.7606395589780439
203,19,2030,wind_offshore,0.8655076262937577
203,20,2030,wind_offshore,0.8597503453357104
203,21,2030,wind_offshore,0.8331036364565103
203,22,2030,wind_offshore,0.7737256981201623
203,23,2030,wind_offshore,0.6695388197812104
203,24,2030,wind_offshore,0.534734804775276
203,1,2030,wind_onshore,0.6414315350589134
203,2,2030,wind_onshore,0.6494109821681966
203,3,2030,wind_onshore,0.667253762698941
203,4,2030,wind_onshore,0.6685280422394342
203,5,2030,wind_onshore,0.6690839937809453
203,6,2030,wind_onshore,0.6573712619465959
203,7,2030,wind_onshore,0.659053250991926
203,8,2030,wind_onshore,0.6534555409353189
203,9,2030,wind_onshore,0.6366826591828066
203,10,2030,wind_onshore,0.6407416147117064
203,11,2030,wind_onshore,0.6819737239254675
203,12,2030,wind_onshore,0.703956140305404
203,13,2030,wind_onshore,0.7324474101251021
203,14,2030,wind_onshore,0.7477726824647484
203,15,2030,wind_onshore,0.7532759977312441
203,16,2030,wind_onshore,0.746817356646584
203,17,2030,wind_onshore,0.7475669118758153
203,18,2030,wind_onshore,0.7349214509489346
203,19,2030,wind_onshore,0.7296086163560611
203,20,2030,wind_onshore,0.7162081140456444
203,21,2030,wind_onshore,0.7176589065843823
203,22,2030,wind_onshore,0.7099502862046067
203,23,2030,wind_onshore,0.6874927067501092
203,24,2030,wind_onshore,0.658225749425181
204,1,2030,demand,0.5141896075186624
204,2,2030,demand,0.5087437267836938
204,3,2030,demand,0.5018759216089103
204,4,2030,demand,0.4893173381064775
204,5,2030,demand,0.4898943127990074
204,6,2030,demand,0.49268622390261685
204,7,2030,demand,0.5044286508704112
204,8,2030,demand,0.5298589822490363
204,9,2030,demand,0.5601419791667994
204,10,2030,demand,0.5781533150887996
204,11,2030,demand,0.5825029078818461
204,12,2030,demand,0.5821798030697052
204,13,2030,demand,0.5692207397127491
204,14,2030,demand,0.5487636438406753
204,15,2030,demand,0.5303135839073061
204,16,2030,demand,0.5189285757906411
204,17,2030,demand,0.5107102167772111
204,18,2030,demand,0.5097188366906098
204,19,2030,demand,0.5225461322258351
204,20,2030,demand,0.5537314318886462
204,21,2030,demand,0.567704221198422
204,22,2030,demand,0.5429425145911113
204,23,2030,demand,0.5149812561310021
204,24,2030,demand,0.5134855798384526
204,1,2030,solar,0.0
204,2,2030,solar,0.0
204,3,2030,solar,0.0
204,4,2030,solar,0.0
204,5,2030,solar,0.0
204,6,2030,solar,2.111071295037599e-5
204,7,2030,solar,0.035814213452803764
204,8,2030,solar,0.15392597501232574
204,9,2030,solar,0.28717285230653744
204,10,2030,solar,0.4011166726474942
204,11,2030,solar,0.4892970850823073
204,12,2030,solar,0.564520443511679
204,13,2030,solar,0.6121864077996226
204,14,2030,solar,0.6186137970947876
204,15,2030,solar,0.5921956255092088
204,16,2030,solar,0.5193025019266997
204,17,2030,solar,0.41156702500623743
204,18,2030,solar,0.2540492196968102
204,19,2030,solar,0.07538387477673905
204,20,2030,solar,0.0018493589205479189
204,21,2030,solar,0.0
204,22,2030,solar,0.0
204,23,2030,solar,0.0
204,24,2030,solar,0.0
204,1,2030,wind_offshore,0.5507331298561754
204,2,2030,wind_offshore,0.7711301604296317
204,3,2030,wind_offshore,0.9054981846425462
204,4,2030,wind_offshore,0.9366560153335165
204,5,2030,wind_offshore,0.9486642458924012
204,6,2030,wind_offshore,0.9461947604805063
204,7,2030,wind_offshore,0.9460574898567267
204,8,2030,wind_offshore,0.9479472568643071
204,9,2030,wind_offshore,0.9475675818014947
204,10,2030,wind_offshore,0.9417076224406364
204,11,2030,wind_offshore,0.9189107726458021
204,12,2030,wind_offshore,0.9102968299983175
204,13,2030,wind_offshore,0.8607757268248128
204,14,2030,wind_offshore,0.7297025764458969
204,15,2030,wind_offshore,0.5760805695430535
204,16,2030,wind_offshore,0.49659207076606227
204,17,2030,wind_offshore,0.4482240148834348
204,18,2030,wind_offshore,0.3949078429380125
204,19,2030,wind_offshore,0.3045921900528903
204,20,2030,wind_offshore,0.22221437766273647
204,21,2030,wind_offshore,0.1697438542332178
204,22,2030,wind_offshore,0.11599630052721782
204,23,2030,wind_offshore,0.0778600800037715
204,24,2030,wind_offshore,0.07132429079557503
204,1,2030,wind_onshore,0.6500942396100864
204,2,2030,wind_onshore,0.6546776837364149
204,3,2030,wind_onshore,0.6666835739131153
204,4,2030,wind_onshore,0.6854359358679764
204,5,2030,wind_onshore,0.7102743223195312
204,6,2030,wind_onshore,0.7475983670802885
204,7,2030,wind_onshore,0.7747095268403861
204,8,2030,wind_onshore,0.7826916788221524
204,9,2030,wind_onshore,0.8379791364143407
204,10,2030,wind_onshore,0.8378384858751139
204,11,2030,wind_onshore,0.7913814296062545
204,12,2030,wind_onshore,0.8267183906668325
204,13,2030,wind_onshore,0.8401255031028774
204,14,2030,wind_onshore,0.850530881254946
204,15,2030,wind_onshore,0.8424915841846431
204,16,2030,wind_onshore,0.8404882970729808
204,17,2030,wind_onshore,0.8248847338636776
204,18,2030,wind_onshore,0.8100125033304522
204,19,2030,wind_onshore,0.7854515499299655
204,20,2030,wind_onshore,0.6965942408824413
204,21,2030,wind_onshore,0.6467601525936538
204,22,2030,wind_onshore,0.5961776065534199
204,23,2030,wind_onshore,0.5270614771668566
204,24,2030,wind_onshore,0.5030317777678314
205,1,2030,demand,0.5533978989920104
205,2,2030,demand,0.5430423334683833
205,3,2030,demand,0.5344360331479711
205,4,2030,demand,0.5164615535676608
205,5,2030,demand,0.5286817229699039
205,6,2030,demand,0.552505021728764
205,7,2030,demand,0.5745690307830441
205,8,2030,demand,0.605102762552278
205,9,2030,demand,0.660347345791573
205,10,2030,demand,0.6989814913392334
205,11,2030,demand,0.737141467601024
205,12,2030,demand,0.7636874336703595
205,13,2030,demand,0.7731543062566841
205,14,2030,demand,0.7677689462657602
205,15,2030,demand,0.7652544494185217
205,16,2030,demand,0.7656944655582064
205,17,2030,demand,0.7638786702728477
205,18,2030,demand,0.7481849429236963
205,19,2030,demand,0.7344253048835427
205,20,2030,demand,0.7177837581917798
205,21,2030,demand,0.7039124636195562
205,22,2030,demand,0.6639053830974044
205,23,2030,demand,0.6207678394788021
205,24,2030,demand,0.607256599230157
205,1,2030,solar,0.0
205,2,2030,solar,0.0
205,3,2030,solar,0.0
205,4,2030,solar,0.0
205,5,2030,solar,0.0
205,6,2030,solar,0.0004294030427124621
205,7,2030,solar,0.03854823733179659
205,8,2030,solar,0.20172071855037077
205,9,2030,solar,0.39589611817523485
205,10,2030,solar,0.5563670848335336
205,11,2030,solar,0.6494003128900218
205,12,2030,solar,0.7041544220767689
205,13,2030,solar,0.7089230300130324
205,14,2030,solar,0.6949134054720549
205,15,2030,solar,0.6544857208424297
205,16,2030,solar,0.5679145163387777
205,17,2030,solar,0.44274482878910426
205,18,2030,solar,0.28220551577003045
205,19,2030,solar,0.10998515853616245
205,20,2030,solar,0.007862717036129181
205,21,2030,solar,0.0
205,22,2030,solar,0.0
205,23,2030,solar,0.0
205,24,2030,solar,0.0
205,1,2030,wind_offshore,0.8958494656536156
205,2,2030,wind_offshore,0.8989371397186114
205,3,2030,wind_offshore,0.8822843568152913
205,4,2030,wind_offshore,0.8785901783320613
205,5,2030,wind_offshore,0.8643485781395778
205,6,2030,wind_offshore,0.8651506418433995
205,7,2030,wind_offshore,0.8692886488697295
205,8,2030,wind_offshore,0.8719008088564703
205,9,2030,wind_offshore,0.8794019885641359
205,10,2030,wind_offshore,0.8941131500957079
205,11,2030,wind_offshore,0.9034777154544537
205,12,2030,wind_offshore,0.901990162305012
205,13,2030,wind_offshore,0.9043697671796799
205,14,2030,wind_offshore,0.9010957467649385
205,15,2030,wind_offshore,0.8949033418830299
205,16,2030,wind_offshore,0.8964410607959714
205,17,2030,wind_offshore,0.9002984340413871
205,18,2030,wind_offshore,0.8976573469623562
205,19,2030,wind_offshore,0.8975850844416224
205,20,2030,wind_offshore,0.909502589104602
205,21,2030,wind_offshore,0.9098399298859521
205,22,2030,wind_offshore,0.9082240209006108
205,23,2030,wind_offshore,0.8940514166285147
205,24,2030,wind_offshore,0.8870978806956958
205,1,2030,wind_onshore,0.19639183828827037
205,2,2030,wind_onshore,0.18557111600000273
205,3,2030,wind_onshore,0.17561800692216112
205,4,2030,wind_onshore,0.16288371408048133
205,5,2030,wind_onshore,0.15008371122184205
205,6,2030,wind_onshore,0.1369164245741771
205,7,2030,wind_onshore,0.11826737165891728
205,8,2030,wind_onshore,0.08577302921859993
205,9,2030,wind_onshore,0.07962560291100715
205,10,2030,wind_onshore,0.08907502188374779
205,11,2030,wind_onshore,0.08707792451607477
205,12,2030,wind_onshore,0.09666958582175596
205,13,2030,wind_onshore,0.10952250412634976
205,14,2030,wind_onshore,0.11461420416865371
205,15,2030,wind_onshore,0.12220157024564765
205,16,2030,wind_onshore,0.13764508138919304
205,17,2030,wind_onshore,0.1580866525912429
205,18,2030,wind_onshore,0.18965244853382213
205,19,2030,wind_onshore,0.22539423307574868
205,20,2030,wind_onshore,0.2609772666364606
205,21,2030,wind_onshore,0.30404311510061816
205,22,2030,wind_onshore,0.30896112395720043
205,23,2030,wind_onshore,0.2633479429476522
205,24,2030,wind_onshore,0.2476999024141677
206,1,2030,demand,0.5266930796262297
206,2,2030,demand,0.5108400439210885
206,3,2030,demand,0.4924965476129356
206,4,2030,demand,0.48571381656687973
206,5,2030,demand,0.49098574380476045
206,6,2030,demand,0.5205973467942332
206,7,2030,demand,0.5643258687504691
206,8,2030,demand,0.6121965843305899
206,9,2030,demand,0.6502156375219555
206,10,2030,demand,0.6594060643104785
206,11,2030,demand,0.6609553646102315
206,12,2030,demand,0.6599920962842374
206,13,2030,demand,0.6515388755186062
206,14,2030,demand,0.6372744043787988
206,15,2030,demand,0.6191341960619241
206,16,2030,demand,0.6106009819792717
206,17,2030,demand,0.614252628567686
206,18,2030,demand,0.6275727977163897
206,19,2030,demand,0.659921557877585
206,20,2030,demand,0.6967774726254359
206,21,2030,demand,0.6882696111548503
206,22,2030,demand,0.6398490099589559
206,23,2030,demand,0.581930295775458
206,24,2030,demand,0.5580026296362208
206,1,2030,solar,0.0
206,2,2030,solar,0.0
206,3,2030,solar,0.0
206,4,2030,solar,0.0
206,5,2030,solar,0.0
206,6,2030,solar,0.0
206,7,2030,solar,0.0
206,8,2030,solar,0.0
206,9,2030,solar,0.1527907818954311
206,10,2030,solar,0.37769972949443464
206,11,2030,solar,0.5506442542386136
206,12,2030,solar,0.6671004577208928
206,13,2030,solar,0.7228132210923421
206,14,2030,solar,0.7258365807177676
206,15,2030,solar,0.6526415039504154
206,16,2030,solar,0.532705102796222
206,17,2030,solar,0.3508676344372542
206,18,2030,solar,0.13895500011760492
206,19,2030,solar,0.0
206,20,2030,solar,0.0
206,21,2030,solar,0.0
206,22,2030,solar,0.0
206,23,2030,solar,0.0
206,24,2030,solar,0.0
206,1,2030,wind_offshore,0.9499277481685089
206,2,2030,wind_offshore,0.9647448325873529
206,3,2030,wind_offshore,0.9609730802625691
206,4,2030,wind_offshore,0.9642844555443051
206,5,2030,wind_offshore,0.963565262168423
206,6,2030,wind_offshore,0.9610234515454519
206,7,2030,wind_offshore,0.9646603075250691
206,8,2030,wind_offshore,0.9618079708470811
206,9,2030,wind_offshore,0.9615416905860837
206,10,2030,wind_offshore,0.9675840595438507
206,11,2030,wind_offshore,0.9738255642296775
206,12,2030,wind_offshore,0.9749712635436973
206,13,2030,wind_offshore,0.985645705534807
206,14,2030,wind_offshore,0.9812350950960054
206,15,2030,wind_offshore,0.9866672141163423
206,16,2030,wind_offshore,0.9790818983118479
206,17,2030,wind_offshore,0.9822944442499113
206,18,2030,wind_offshore,0.9806931448349794
206,19,2030,wind_offshore,0.9860630771883421
206,20,2030,wind_offshore,0.9864403394295893
206,21,2030,wind_offshore,0.9863607068405456
206,22,2030,wind_offshore,0.979302591076345
206,23,2030,wind_offshore,0.9588257220789669
206,24,2030,wind_offshore,0.9539092540313976
206,1,2030,wind_onshore,0.1441819802740309
206,2,2030,wind_onshore,0.14991495475821848
206,3,2030,wind_onshore,0.1439539310712012
206,4,2030,wind_onshore,0.14034894666803074
206,5,2030,wind_onshore,0.14179900988958838
206,6,2030,wind_onshore,0.14958518065705095
206,7,2030,wind_onshore,0.15553306202760142
206,8,2030,wind_onshore,0.1538755744828751
206,9,2030,wind_onshore,0.15536448215018991
206,10,2030,wind_onshore,0.14704915087710702
206,11,2030,wind_onshore,0.1443152914943222
206,12,2030,wind_onshore,0.16998524626337647
206,13,2030,wind_onshore,0.17889013785073937
206,14,2030,wind_onshore,0.18700741770195
206,15,2030,wind_onshore,0.18705625974428736
206,16,2030,wind_onshore,0.17530033630348046
206,17,2030,wind_onshore,0.16358663261216932
206,18,2030,wind_onshore,0.13987845726777226
206,19,2030,wind_onshore,0.13538845815681444
206,20,2030,wind_onshore,0.12614249588257515
206,21,2030,wind_onshore,0.1160225907234986
206,22,2030,wind_onshore,0.11158358112784092
206,23,2030,wind_onshore,0.1039565212731427
206,24,2030,wind_onshore,0.10805819393075304
207,1,2030,demand,0.5590588158476684
207,2,2030,demand,0.5432352331885009
207,3,2030,demand,0.5271853625062153
207,4,2030,demand,0.516942065280669
207,5,2030,demand,0.5130437269354513
207,6,2030,demand,0.5045840749218043
207,7,2030,demand,0.49345723746519954
207,8,2030,demand,0.5107309432056499
207,9,2030,demand,0.5492639061560527
207,10,2030,demand,0.5889437868408984
207,11,2030,demand,0.6189977274872405
207,12,2030,demand,0.640473605950809
207,13,2030,demand,0.6511974032382211
207,14,2030,demand,0.6493093663795486
207,15,2030,demand,0.6383114466386847
207,16,2030,demand,0.6294560204287188
207,17,2030,demand,0.6193007888376234
207,18,2030,demand,0.6142199053865013
207,19,2030,demand,0.6079586135747478
207,20,2030,demand,0.6084491300603586
207,21,2030,demand,0.6101441730678699
207,22,2030,demand,0.5925107566123273
207,23,2030,demand,0.5594072507151755
207,24,2030,demand,0.5568758186189358
207,1,2030,solar,0.0
207,2,2030,solar,0.0
207,3,2030,solar,0.0
207,4,2030,solar,0.0
207,5,2030,solar,0.0
207,6,2030,solar,0.00010586462366779272
207,7,2030,solar,0.03323099843603333
207,8,2030,solar,0.1790360936451929
207,9,2030,solar,0.34050790431434774
207,10,2030,solar,0.473491690425057
207,11,2030,solar,0.5555960356166554
207,12,2030,solar,0.6085664014981192
207,13,2030,solar,0.6235100250520986
207,14,2030,solar,0.6202415529197973
207,15,2030,solar,0.5605653792506906
207,16,2030,solar,0.47224162379945706
207,17,2030,solar,0.34936401434078757
207,18,2030,solar,0.22181454903349168
207,19,2030,solar,0.09602297133351786
207,20,2030,solar,0.011336566593897163
207,21,2030,solar,0.0
207,22,2030,solar,0.0
207,23,2030,solar,0.0
207,24,2030,solar,0.0
207,1,2030,wind_offshore,0.8528520497651748
207,2,2030,wind_offshore,0.8461739890792835
207,3,2030,wind_offshore,0.8505736837110522
207,4,2030,wind_offshore,0.8474595446196361
207,5,2030,wind_offshore,0.8420633802063466
207,6,2030,wind_offshore,0.8430192422743106
207,7,2030,wind_offshore,0.85680861768285
207,8,2030,wind_offshore,0.8554591004021233
207,9,2030,wind_offshore,0.8541420000975115
207,10,2030,wind_offshore,0.8496273548717701
207,11,2030,wind_offshore,0.8639192171190528
207,12,2030,wind_offshore,0.8156422954400647
207,13,2030,wind_offshore,0.768516934933708
207,14,2030,wind_offshore,0.7658695271420303
207,15,2030,wind_offshore,0.7796535037521031
207,16,2030,wind_offshore,0.819178497442324
207,17,2030,wind_offshore,0.8531069972555756
207,18,2030,wind_offshore,0.8691928732324035
207,19,2030,wind_offshore,0.897057750936753
207,20,2030,wind_offshore,0.9044972532474964
207,21,2030,wind_offshore,0.9058625985253441
207,22,2030,wind_offshore,0.8987499384733044
207,23,2030,wind_offshore,0.7771907046824322
207,24,2030,wind_offshore,0.7093393620821837
207,1,2030,wind_onshore,0.18942102005591063
207,2,2030,wind_onshore,0.1653072469181064
207,3,2030,wind_onshore,0.14944447034625194
207,4,2030,wind_onshore,0.1366375967222335
207,5,2030,wind_onshore,0.12919170342484654
207,6,2030,wind_onshore,0.12397662391001044
207,7,2030,wind_onshore,0.11477409316912296
207,8,2030,wind_onshore,0.08669034262380454
207,9,2030,wind_onshore,0.07143288900561115
207,10,2030,wind_onshore,0.07446162006618684
207,11,2030,wind_onshore,0.07793460416387152
207,12,2030,wind_onshore,0.09451864915546276
207,13,2030,wind_onshore,0.11003461099845296
207,14,2030,wind_onshore,0.1212897586334993
207,15,2030,wind_onshore,0.12432618726386399
207,16,2030,wind_onshore,0.125422973807151
207,17,2030,wind_onshore,0.13264924998176075
207,18,2030,wind_onshore,0.15063344791073574
207,19,2030,wind_onshore,0.18592867613746242
207,20,2030,wind_onshore,0.2207210325795935
207,21,2030,wind_onshore,0.24838920536151732
207,22,2030,wind_onshore,0.23764365148661803
207,23,2030,wind_onshore,0.21421598596023989
207,24,2030,wind_onshore,0.1975799084858674
208,1,2030,demand,0.502903272697022
208,2,2030,demand,0.5034308391766812
208,3,2030,demand,0.49704519080023757
208,4,2030,demand,0.48878729922335756
208,5,2030,demand,0.49182567067366034
208,6,2030,demand,0.5197903129675989
208,7,2030,demand,0.5599289086266568
208,8,2030,demand,0.5886514725048849
208,9,2030,demand,0.6084190402558114
208,10,2030,demand,0.6232101758566756
208,11,2030,demand,0.6325881349343273
208,12,2030,demand,0.6375665979767327
208,13,2030,demand,0.627214797641099
208,14,2030,demand,0.6175551492886545
208,15,2030,demand,0.6101270558498954
208,16,2030,demand,0.6088992796654282
208,17,2030,demand,0.6088342871846549
208,18,2030,demand,0.6098711902269168
208,19,2030,demand,0.6171791847859818
208,20,2030,demand,0.6289896425455335
208,21,2030,demand,0.6177590768568376
208,22,2030,demand,0.5794128837982347
208,23,2030,demand,0.5406331795330918
208,24,2030,demand,0.5331780084182016
208,1,2030,solar,0.0
208,2,2030,solar,0.0
208,3,2030,solar,0.0
208,4,2030,solar,0.0
208,5,2030,solar,0.0
208,6,2030,solar,0.00022884340350158038
208,7,2030,solar,0.019611546209483924
208,8,2030,solar,0.16258670130497008
208,9,2030,solar,0.3763254172029093
208,10,2030,solar,0.5622214557209991
208,11,2030,solar,0.6779172993208094
208,12,2030,solar,0.7581622823583348
208,13,2030,solar,0.7861504163813038
208,14,2030,solar,0.7570920895240726
208,15,2030,solar,0.6794216442878135
208,16,2030,solar,0.5705557415504757
208,17,2030,solar,0.40913640707485865
208,18,2030,solar,0.2286316789014549
208,19,2030,solar,0.061332156099921376
208,20,2030,solar,0.0014846026601977541
208,21,2030,solar,0.0
208,22,2030,solar,0.0
208,23,2030,solar,0.0
208,24,2030,solar,0.0
208,1,2030,wind_offshore,0.9270933432405329
208,2,2030,wind_offshore,0.9416486952005622
208,3,2030,wind_offshore,0.9473346236610102
208,4,2030,wind_offshore,0.9408514582876436
208,5,2030,wind_offshore,0.9387788414384399
208,6,2030,wind_offshore,0.9313451535781013
208,7,2030,wind_offshore,0.9375147825114266
208,8,2030,wind_offshore,0.9335342740126208
208,9,2030,wind_offshore,0.9443007230916564
208,10,2030,wind_offshore,0.9449155589897265
208,11,2030,wind_offshore,0.9410510598826723
208,12,2030,wind_offshore,0.9377128105688116
208,13,2030,wind_offshore,0.9264460374300426
208,14,2030,wind_offshore,0.9253091099978613
208,15,2030,wind_offshore,0.9306060846579868
208,16,2030,wind_offshore,0.9252941845563095
208,17,2030,wind_offshore,0.9312267080066018
208,18,2030,wind_offshore,0.9379337443984
208,19,2030,wind_offshore,0.9384663124958341
208,20,2030,wind_offshore,0.9394811935598438
208,21,2030,wind_offshore,0.9371975795973014
208,22,2030,wind_offshore,0.921233531669939
208,23,2030,wind_offshore,0.9197966606634687
208,24,2030,wind_offshore,0.9238710601838239
208,1,2030,wind_onshore,0.3263256685247494
208,2,2030,wind_onshore,0.3090026062969859
208,3,2030,wind_onshore,0.28971169861782964
208,4,2030,wind_onshore,0.27731833316840837
208,5,2030,wind_onshore,0.2751274536703165
208,6,2030,wind_onshore,0.27866963877089046
208,7,2030,wind_onshore,0.2863687236195096
208,8,2030,wind_onshore,0.287759209196405
208,9,2030,wind_onshore,0.2773876024222721
208,10,2030,wind_onshore,0.333268168296092
208,11,2030,wind_onshore,0.36211068391745976
208,12,2030,wind_onshore,0.4069462908859027
208,13,2030,wind_onshore,0.4305473843064577
208,14,2030,wind_onshore,0.45391710759785786
208,15,2030,wind_onshore,0.48565192458935974
208,16,2030,wind_onshore,0.5162119472047016
208,17,2030,wind_onshore,0.5605796407271632
208,18,2030,wind_onshore,0.5952611272344034
208,19,2030,wind_onshore,0.6087769010040734
208,20,2030,wind_onshore,0.6180988610124146
208,21,2030,wind_onshore,0.6222006444485015
208,22,2030,wind_onshore,0.6133097273825578
208,23,2030,wind_onshore,0.5746692944481365
208,24,2030,wind_onshore,0.5716733329244618
209,1,2030,demand,0.5400905236349038
209,2,2030,demand,0.5216700006106739
209,3,2030,demand,0.5051354743259838
209,4,2030,demand,0.48915822813322085
209,5,2030,demand,0.4947820915881062
209,6,2030,demand,0.5156430253630622
209,7,2030,demand,0.552928546587044
209,8,2030,demand,0.5959204919518737
209,9,2030,demand,0.6299981612238438
209,10,2030,demand,0.6478229903979733
209,11,2030,demand,0.6529425540587679
209,12,2030,demand,0.6490726355996264
209,13,2030,demand,0.6403793223288096
209,14,2030,demand,0.6178128409423957
209,15,2030,demand,0.5945076464482353
209,16,2030,demand,0.5911134415237007
209,17,2030,demand,0.5880290956810468
209,18,2030,demand,0.5976838237886604
209,19,2030,demand,0.6293948857694545
209,20,2030,demand,0.6574244994163945
209,21,2030,demand,0.6595163330337461
209,22,2030,demand,0.6117011964850205
209,23,2030,demand,0.5620356130864745
209,24,2030,demand,0.544444361948009
209,1,2030,solar,0.0
209,2,2030,solar,0.0
209,3,2030,solar,0.0
209,4,2030,solar,0.0
209,5,2030,solar,0.0
209,6,2030,solar,0.0
209,7,2030,solar,0.0
209,8,2030,solar,0.049634216090650427
209,9,2030,solar,0.23170166300105477
209,10,2030,solar,0.4427116161880347
209,11,2030,solar,0.5916456958660959
209,12,2030,solar,0.6929286167116928
209,13,2030,solar,0.7137765155734738
209,14,2030,solar,0.6783588464012851
209,15,2030,solar,0.6150833921690839
209,16,2030,solar,0.5098120517536828
209,17,2030,solar,0.36301933153987775
209,18,2030,solar,0.1738675313123162
209,19,2030,solar,0.02103609452821227
209,20,2030,solar,0.0
209,21,2030,solar,0.0
209,22,2030,solar,0.0
209,23,2030,solar,0.0
209,24,2030,solar,0.0
209,1,2030,wind_offshore,0.31963543671787353
209,2,2030,wind_offshore,0.35850959658505777
209,3,2030,wind_offshore,0.4030567534996659
209,4,2030,wind_offshore,0.428910892224226
209,5,2030,wind_offshore,0.4508263171157134
209,6,2030,wind_offshore,0.493114545581736
209,7,2030,wind_offshore,0.42666586488137204
209,8,2030,wind_offshore,0.33048306142290806
209,9,2030,wind_offshore,0.3427720556840851
209,10,2030,wind_offshore,0.4049037403517445
209,11,2030,wind_offshore,0.48984205394538993
209,12,2030,wind_offshore,0.786482077882628
209,13,2030,wind_offshore,0.7684436844732674
209,14,2030,wind_offshore,0.6532345820778802
209,15,2030,wind_offshore,0.5866817953552064
209,16,2030,wind_offshore,0.5639283412841565
209,17,2030,wind_offshore,0.5375649782677012
209,18,2030,wind_offshore,0.6199431860356504
209,19,2030,wind_offshore,0.6712237014399765
209,20,2030,wind_offshore,0.6577748168193578
209,21,2030,wind_offshore,0.6911121695718765
209,22,2030,wind_offshore,0.7726310753502683
209,23,2030,wind_offshore,0.8654842761816178
209,24,2030,wind_offshore,0.8068680459376596
209,1,2030,wind_onshore,0.2592562708364175
209,2,2030,wind_onshore,0.2429166952618745
209,3,2030,wind_onshore,0.22914138583987984
209,4,2030,wind_onshore,0.22501401867898374
209,5,2030,wind_onshore,0.22311034176256517
209,6,2030,wind_onshore,0.2238339460757421
209,7,2030,wind_onshore,0.22555236551604577
209,8,2030,wind_onshore,0.21976350751407464
209,9,2030,wind_onshore,0.19655780486137786
209,10,2030,wind_onshore,0.1991192378628759
209,11,2030,wind_onshore,0.17696090338789536
209,12,2030,wind_onshore,0.15423972083058377
209,13,2030,wind_onshore,0.14425655206898153
209,14,2030,wind_onshore,0.15579156010201484
209,15,2030,wind_onshore,0.1795908847860847
209,16,2030,wind_onshore,0.19449183354518507
209,17,2030,wind_onshore,0.19208953987645505
209,18,2030,wind_onshore,0.1781660188835189
209,19,2030,wind_onshore,0.16048933389454514
209,20,2030,wind_onshore,0.16154065878680673
209,21,2030,wind_onshore,0.15894759061852937
209,22,2030,wind_onshore,0.1615031174504317
209,23,2030,wind_onshore,0.16457030532401537
209,24,2030,wind_onshore,0.1512700722767389
210,1,2030,demand,0.48445178643329634
210,2,2030,demand,0.47704903884469224
210,3,2030,demand,0.4712223397153146
210,4,2030,demand,0.4629249944509511
210,5,2030,demand,0.46698372677878625
210,6,2030,demand,0.48310033883492487
210,7,2030,demand,0.5053396437686947
210,8,2030,demand,0.5396394339459031
210,9,2030,demand,0.5693654658603857
210,10,2030,demand,0.5877549290825309
210,11,2030,demand,0.6021087764698021
210,12,2030,demand,0.5953537980758915
210,13,2030,demand,0.5849455809243785
210,14,2030,demand,0.5667184903953899
210,15,2030,demand,0.5575171090589174
210,16,2030,demand,0.5545465419377501
210,17,2030,demand,0.5533793006589469
210,18,2030,demand,0.5618170017908307
210,19,2030,demand,0.5799872158933012
210,20,2030,demand,0.5979797183571106
210,21,2030,demand,0.5931703011419813
210,22,2030,demand,0.5685649603682866
210,23,2030,demand,0.5294102412507773
210,24,2030,demand,0.5187551754165965
210,1,2030,solar,0.0
210,2,2030,solar,0.0
210,3,2030,solar,0.0
210,4,2030,solar,0.0
210,5,2030,solar,0.0
210,6,2030,solar,0.0
210,7,2030,solar,0.000518370686075198
210,8,2030,solar,0.09373601752401872
210,9,2030,solar,0.32120056733913127
210,10,2030,solar,0.5413350872411907
210,11,2030,solar,0.6797422069700643
210,12,2030,solar,0.7704182356592083
210,13,2030,solar,0.802154214196998
210,14,2030,solar,0.7875949028679791
210,15,2030,solar,0.7090702937702605
210,16,2030,solar,0.5806842441973145
210,17,2030,solar,0.41244921496629167
210,18,2030,solar,0.2053811672673086
210,19,2030,solar,0.032208203668720924
210,20,2030,solar,0.0
210,21,2030,solar,0.0
210,22,2030,solar,0.0
210,23,2030,solar,0.0
210,24,2030,solar,0.0
210,1,2030,wind_offshore,0.04042949742173402
210,2,2030,wind_offshore,0.04263930300323219
210,3,2030,wind_offshore,0.05352531995523492
210,4,2030,wind_offshore,0.07092928915290075
210,5,2030,wind_offshore,0.08546419939697865
210,6,2030,wind_offshore,0.09029245364896968
210,7,2030,wind_offshore,0.09401143890600497
210,8,2030,wind_offshore,0.09524869297545249
210,9,2030,wind_offshore,0.12453693793630545
210,10,2030,wind_offshore,0.19971621497209724
210,11,2030,wind_offshore,0.28513052938992844
210,12,2030,wind_offshore,0.3155119392213962
210,13,2030,wind_offshore,0.319683007072063
210,14,2030,wind_offshore,0.32323668753435436
210,15,2030,wind_offshore,0.32578357262567637
210,16,2030,wind_offshore,0.3503922889108497
210,17,2030,wind_offshore,0.41602007219859016
210,18,2030,wind_offshore,0.512551195788638
210,19,2030,wind_offshore,0.6031834587036523
210,20,2030,wind_offshore,0.6716813444778381
210,21,2030,wind_offshore,0.6826241303630609
210,22,2030,wind_offshore,0.6689936131951348
210,23,2030,wind_offshore,0.6813354180462748
210,24,2030,wind_offshore,0.6523465131158983
210,1,2030,wind_onshore,0.10282438380644911
210,2,2030,wind_onshore,0.09276025312457112
210,3,2030,wind_onshore,0.08624029856407868
210,4,2030,wind_onshore,0.08030728321145175
210,5,2030,wind_onshore,0.0743534757704302
210,6,2030,wind_onshore,0.06982811329095283
210,7,2030,wind_onshore,0.06543203414413828
210,8,2030,wind_onshore,0.060237099445209594
210,9,2030,wind_onshore,0.04693999904807526
210,10,2030,wind_onshore,0.03736796944154444
210,11,2030,wind_onshore,0.0420873523828299
210,12,2030,wind_onshore,0.05198692235990224
210,13,2030,wind_onshore,0.06563186668702017
210,14,2030,wind_onshore,0.07724482398561552
210,15,2030,wind_onshore,0.09219761565940313
210,16,2030,wind_onshore,0.10621314272572119
210,17,2030,wind_onshore,0.11944603444257629
210,18,2030,wind_onshore,0.12570040121027592
210,19,2030,wind_onshore,0.14691996868997112
210,20,2030,wind_onshore,0.18694552514006973
210,21,2030,wind_onshore,0.20391810402718052
210,22,2030,wind_onshore,0.20127722351762423
210,23,2030,wind_onshore,0.18573933153335684
210,24,2030,wind_onshore,0.1679849483151217
211,1,2030,demand,0.48341498888716056
211,2,2030,demand,0.4727848297268051
211,3,2030,demand,0.4724395590825948
211,4,2030,demand,0.4652967826791148
211,5,2030,demand,0.4739709362261104
211,6,2030,demand,0.5044357570072915
211,7,2030,demand,0.5464482680512681
211,8,2030,demand,0.584223738098063
211,9,2030,demand,0.6082855957603566
211,10,2030,demand,0.6295849723513689
211,11,2030,demand,0.6368166050699864
211,12,2030,demand,0.6416509060276243
211,13,2030,demand,0.6345703674836762
211,14,2030,demand,0.6270495976154924
211,15,2030,demand,0.608963511602584
211,16,2030,demand,0.5964301529405135
211,17,2030,demand,0.5958006860236014
211,18,2030,demand,0.6087609051607461
211,19,2030,demand,0.6350161902649424
211,20,2030,demand,0.6443057178649552
211,21,2030,demand,0.637378563584523
211,22,2030,demand,0.6049587935410494
211,23,2030,demand,0.5484871753314964
211,24,2030,demand,0.5318233531288734
211,1,2030,solar,0.0
211,2,2030,solar,0.0
211,3,2030,solar,0.0
211,4,2030,solar,0.0
211,5,2030,solar,0.0
211,6,2030,solar,0.0
211,7,2030,solar,0.0
211,8,2030,solar,0.0
211,9,2030,solar,0.01852172044264609
211,10,2030,solar,0.07172947526787829
211,11,2030,solar,0.13531949346090866
211,12,2030,solar,0.18169782443906735
211,13,2030,solar,0.20468093182222896
211,14,2030,solar,0.2003443085290903
211,15,2030,solar,0.1719493951993842
211,16,2030,solar,0.13119000250079532
211,17,2030,solar,0.07241035660678055
211,18,2030,solar,0.016166830969796535
211,19,2030,solar,0.0
211,20,2030,solar,0.0
211,21,2030,solar,0.0
211,22,2030,solar,0.0
211,23,2030,solar,0.0
211,24,2030,solar,0.0
211,1,2030,wind_offshore,0.0
211,2,2030,wind_offshore,0.0
211,3,2030,wind_offshore,0.016590799577771077
211,4,2030,wind_offshore,0.06260783121191639
211,5,2030,wind_offshore,0.17154218669035826
211,6,2030,wind_offshore,0.35179453414542783
211,7,2030,wind_offshore,0.6235059427479328
211,8,2030,wind_offshore,0.9054261949835104
211,9,2030,wind_offshore,0.9565902751166415
211,10,2030,wind_offshore,0.9542560983334074
211,11,2030,wind_offshore,0.9571827043936423
211,12,2030,wind_offshore,0.9544925663135104
211,13,2030,wind_offshore,0.9572051143386588
211,14,2030,wind_offshore,0.9557934486709809
211,15,2030,wind_offshore,0.9549040923310425
211,16,2030,wind_offshore,0.9574861019811864
211,17,2030,wind_offshore,0.9645333431481826
211,18,2030,wind_offshore,0.9583302274687082
211,19,2030,wind_offshore,0.9522820788352606
211,20,2030,wind_offshore,0.9442427155345495
211,21,2030,wind_offshore,0.9512373262783366
211,22,2030,wind_offshore,0.9500168938978311
211,23,2030,wind_offshore,0.953966923462427
211,24,2030,wind_offshore,0.9646253210221774
211,1,2030,wind_onshore,0.4194220578658728
211,2,2030,wind_onshore,0.3964209516781323
211,3,2030,wind_onshore,0.36647140032799086
211,4,2030,wind_onshore,0.34130822992542176
211,5,2030,wind_onshore,0.33885627508551397
211,6,2030,wind_onshore,0.3453420204299317
211,7,2030,wind_onshore,0.34853587610971437
211,8,2030,wind_onshore,0.36552759502260285
211,9,2030,wind_onshore,0.38976970251112825
211,10,2030,wind_onshore,0.41355433110165823
211,11,2030,wind_onshore,0.4840071488984358
211,12,2030,wind_onshore,0.5300947828336224
211,13,2030,wind_onshore,0.5763162278676528
211,14,2030,wind_onshore,0.6096408379517486
211,15,2030,wind_onshore,0.6214738249686012
211,16,2030,wind_onshore,0.6012259616884933
211,17,2030,wind_onshore,0.5698916581485146
211,18,2030,wind_onshore,0.5324383277390897
211,19,2030,wind_onshore,0.5209472931638895
211,20,2030,wind_onshore,0.5308628790423078
211,21,2030,wind_onshore,0.5369725610818314
211,22,2030,wind_onshore,0.5418538790120219
211,23,2030,wind_onshore,0.5583813953532673
211,24,2030,wind_onshore,0.5591979282071382
212,1,2030,demand,0.5114098266780048
212,2,2030,demand,0.5089883369514071
212,3,2030,demand,0.5048383990433819
212,4,2030,demand,0.5029482724563181
212,5,2030,demand,0.5165089275412992
212,6,2030,demand,0.535953044240503
212,7,2030,demand,0.557783657829228
212,8,2030,demand,0.5889813764181374
212,9,2030,demand,0.6267160957124495
212,10,2030,demand,0.6533561760580451
212,11,2030,demand,0.6737458021993402
212,12,2030,demand,0.6868956596143873
212,13,2030,demand,0.6884578390791186
212,14,2030,demand,0.6808734773969762
212,15,2030,demand,0.6756599981054657
212,16,2030,demand,0.6724666783471512
212,17,2030,demand,0.6715074134182631
212,18,2030,demand,0.6637808979852571
212,19,2030,demand,0.6526274460323006
212,20,2030,demand,0.6476710230880556
212,21,2030,demand,0.6323825513281783
212,22,2030,demand,0.5936332202583977
212,23,2030,demand,0.5510530377930857
212,24,2030,demand,0.5487859985471638
212,1,2030,solar,0.0
212,2,2030,solar,0.0
212,3,2030,solar,0.0
212,4,2030,solar,0.0
212,5,2030,solar,0.0
212,6,2030,solar,0.00030677643403739194
212,7,2030,solar,0.019339260757399154
212,8,2030,solar,0.14041060572391495
212,9,2030,solar,0.31392523013822987
212,10,2030,solar,0.4722510736896166
212,11,2030,solar,0.5830065392934044
212,12,2030,solar,0.657912609995798
212,13,2030,solar,0.675429422314003
212,14,2030,solar,0.6504923370415221
212,15,2030,solar,0.5894195120019106
212,16,2030,solar,0.4826623983350519
212,17,2030,solar,0.344027935707778
212,18,2030,solar,0.1904869747469764
212,19,2030,solar,0.05463405982543551
212,20,2030,solar,0.003720829919606542
212,21,2030,solar,0.0
212,22,2030,solar,0.0
212,23,2030,solar,0.0
212,24,2030,solar,0.0
212,1,2030,wind_offshore,0.936298787602658
212,2,2030,wind_offshore,0.9406194356365546
212,3,2030,wind_offshore,0.9458211246593757
212,4,2030,wind_offshore,0.9447545927672238
212,5,2030,wind_offshore,0.9406189681098139
212,6,2030,wind_offshore,0.9361403779448151
212,7,2030,wind_offshore,0.93139666454404
212,8,2030,wind_offshore,0.9318851484649229
212,9,2030,wind_offshore,0.9346718511351915
212,10,2030,wind_offshore,0.9374687485894956
212,11,2030,wind_offshore,0.923469173852907
212,12,2030,wind_offshore,0.9318027363251687
212,13,2030,wind_offshore,0.9394514961209234
212,14,2030,wind_offshore,0.9427278107880753
212,15,2030,wind_offshore,0.9417548748455934
212,16,2030,wind_offshore,0.9344577855273443
212,17,2030,wind_offshore,0.9337503720653308
212,18,2030,wind_offshore,0.933678499492058
212,19,2030,wind_offshore,0.9347299611424439
212,20,2030,wind_offshore,0.9363342084326262
212,21,2030,wind_offshore,0.9388269196358469
212,22,2030,wind_offshore,0.9439270959946855
212,23,2030,wind_offshore,0.9351845006240094
212,24,2030,wind_offshore,0.92812256265282
212,1,2030,wind_onshore,0.25449702859893614
212,2,2030,wind_onshore,0.23913092519475754
212,3,2030,wind_onshore,0.2225532875934678
212,4,2030,wind_onshore,0.206198185684994
212,5,2030,wind_onshore,0.1904838496956293
212,6,2030,wind_onshore,0.18113403561763555
212,7,2030,wind_onshore,0.17513160859259458
212,8,2030,wind_onshore,0.15163354406993954
212,9,2030,wind_onshore,0.13258152215313734
212,10,2030,wind_onshore,0.13246708845240987
212,11,2030,wind_onshore,0.12497516832071981
212,12,2030,wind_onshore,0.1292523814371224
212,13,2030,wind_onshore,0.13945925510573973
212,14,2030,wind_onshore,0.1568716057171705
212,15,2030,wind_onshore,0.18180896847174963
212,16,2030,wind_onshore,0.21388414979671352
212,17,2030,wind_onshore,0.25131084685473715
212,18,2030,wind_onshore,0.29347152802753085
212,19,2030,wind_onshore,0.3261169073659577
212,20,2030,wind_onshore,0.3524648247111865
212,21,2030,wind_onshore,0.344746609772935
212,22,2030,wind_onshore,0.32373938787691736
212,23,2030,wind_onshore,0.28541463552464413
212,24,2030,wind_onshore,0.28298531187418335
213,1,2030,demand,0.57462313946208
213,2,2030,demand,0.562359245239856
213,3,2030,demand,0.5470497401282577
213,4,2030,demand,0.5355790435904629
213,5,2030,demand,0.5300870973443237
213,6,2030,demand,0.5156303436116044
213,7,2030,demand,0.5058829327439298
213,8,2030,demand,0.5229719522692508
213,9,2030,demand,0.5639770448113322
213,10,2030,demand,0.606142723420384
213,11,2030,demand,0.638990089919401
213,12,2030,demand,0.6537044579027798
213,13,2030,demand,0.6582035445989569
213,14,2030,demand,0.6514952949128625
213,15,2030,demand,0.6495393601415809
213,16,2030,demand,0.647574308164467
213,17,2030,demand,0.6459561620201602
213,18,2030,demand,0.6347219778947093
213,19,2030,demand,0.6254649254787121
213,20,2030,demand,0.6269158147745613
213,21,2030,demand,0.6383069850916413
213,22,2030,demand,0.6214521805472908
213,23,2030,demand,0.5923461741766748
213,24,2030,demand,0.5879827494476152
213,1,2030,solar,0.0
213,2,2030,solar,0.0
213,3,2030,solar,0.0
213,4,2030,solar,0.0
213,5,2030,solar,0.0
213,6,2030,solar,0.00018963307379419187
213,7,2030,solar,0.028733077985262624
213,8,2030,solar,0.1873851453780288
213,9,2030,solar,0.38713106761255556
213,10,2030,solar,0.5552138100041156
213,11,2030,solar,0.6783005479647687
213,12,2030,solar,0.7506801876692253
213,13,2030,solar,0.7713409953283192
213,14,2030,solar,0.7629154841543373
213,15,2030,solar,0.7018792347779222
213,16,2030,solar,0.6162725868127885
213,17,2030,solar,0.4799114549085054
213,18,2030,solar,0.30549265332517495
213,19,2030,solar,0.114017167644773
213,20,2030,solar,0.0035870648531789004
213,21,2030,solar,0.0
213,22,2030,solar,0.0
213,23,2030,solar,0.0
213,24,2030,solar,0.0
213,1,2030,wind_offshore,0.9366158797167843
213,2,2030,wind_offshore,0.9362692253215601
213,3,2030,wind_offshore,0.9368472462274011
213,4,2030,wind_offshore,0.9185807084251228
213,5,2030,wind_offshore,0.9034090054354164
213,6,2030,wind_offshore,0.8837286803179469
213,7,2030,wind_offshore,0.7891261398652225
213,8,2030,wind_offshore,0.7409569968750784
213,9,2030,wind_offshore,0.7113901542666459
213,10,2030,wind_offshore,0.7548018932734335
213,11,2030,wind_offshore,0.7356509377796748
213,12,2030,wind_offshore,0.8328403659209991
213,13,2030,wind_offshore,0.8986369374640724
213,14,2030,wind_offshore,0.9596620088870088
213,15,2030,wind_offshore,0.97517098595185
213,16,2030,wind_offshore,0.9657243978501704
213,17,2030,wind_offshore,0.9635368384293098
213,18,2030,wind_offshore,0.9586420597639869
213,19,2030,wind_offshore,0.956288592496774
213,20,2030,wind_offshore,0.9529058403476385
213,21,2030,wind_offshore,0.9522965409354205
213,22,2030,wind_offshore,0.9451113881896593
213,23,2030,wind_offshore,0.9504579902601866
213,24,2030,wind_offshore,0.9436873290701726
213,1,2030,wind_onshore,0.28690819084913993
213,2,2030,wind_onshore,0.2704858108483461
213,3,2030,wind_onshore,0.25890006002655747
213,4,2030,wind_onshore,0.2433637885694493
213,5,2030,wind_onshore,0.23711143092885295
213,6,2030,wind_onshore,0.22756426925105921
213,7,2030,wind_onshore,0.221004341962805
213,8,2030,wind_onshore,0.19785511045560963
213,9,2030,wind_onshore,0.21333724651479155
213,10,2030,wind_onshore,0.2293412612155658
213,11,2030,wind_onshore,0.23644595080972353
213,12,2030,wind_onshore,0.23209533475153915
213,13,2030,wind_onshore,0.242756967348496
213,14,2030,wind_onshore,0.269252965242736
213,15,2030,wind_onshore,0.3116396093299887
213,16,2030,wind_onshore,0.34332920180312076
213,17,2030,wind_onshore,0.3656460362117151
213,18,2030,wind_onshore,0.37096838182536596
213,19,2030,wind_onshore,0.3571051621913367
213,20,2030,wind_onshore,0.3277694971926677
213,21,2030,wind_onshore,0.3196251808234954
213,22,2030,wind_onshore,0.29515943753925616
213,23,2030,wind_onshore,0.31466543113892315
213,24,2030,wind_onshore,0.31451589960994664
214,1,2030,demand,0.4733591109000229
214,2,2030,demand,0.4813208963203608
214,3,2030,demand,0.4787116061880332
214,4,2030,demand,0.47693986311199343
214,5,2030,demand,0.4925981169163201
214,6,2030,demand,0.5264776833233791
214,7,2030,demand,0.5594026323456314
214,8,2030,demand,0.594538064400152
214,9,2030,demand,0.6117225603915589
214,10,2030,demand,0.6272862052898271
214,11,2030,demand,0.6357532618817154
214,12,2030,demand,0.641024763901599
214,13,2030,demand,0.642015703449493
214,14,2030,demand,0.6311238016511533
214,15,2030,demand,0.6226513433145615
214,16,2030,demand,0.6317597436071998
214,17,2030,demand,0.6319150890222991
214,18,2030,demand,0.6337355337919892
214,19,2030,demand,0.6319312235226189
214,20,2030,demand,0.6303004134216856
214,21,2030,demand,0.611315052874073
214,22,2030,demand,0.5697698325996694
214,23,2030,demand,0.528467790926712
214,24,2030,demand,0.5257503655616242
214,1,2030,solar,0.0
214,2,2030,solar,0.0
214,3,2030,solar,0.0
214,4,2030,solar,0.0
214,5,2030,solar,0.0
214,6,2030,solar,0.0
214,7,2030,solar,0.0
214,8,2030,solar,0.06162798108226608
214,9,2030,solar,0.227228877534496
214,10,2030,solar,0.4078422106361257
214,11,2030,solar,0.5331224396423799
214,12,2030,solar,0.6293574670812084
214,13,2030,solar,0.6654811025749201
214,14,2030,solar,0.6480118297636115
214,15,2030,solar,0.5638869914862681
214,16,2030,solar,0.43237415560966913
214,17,2030,solar,0.26166333215573667
214,18,2030,solar,0.08186466390231609
214,19,2030,solar,0.0
214,20,2030,solar,0.0
214,21,2030,solar,0.0
214,22,2030,solar,0.0
214,23,2030,solar,0.0
214,24,2030,solar,0.0
214,1,2030,wind_offshore,0.06986333866644362
214,2,2030,wind_offshore,0.06930456324096843
214,3,2030,wind_offshore,0.0795314049103705
214,4,2030,wind_offshore,0.0997345014793346
214,5,2030,wind_offshore,0.11734534503814249
214,6,2030,wind_offshore,0.1504021026578671
214,7,2030,wind_offshore,0.1786048275926146
214,8,2030,wind_offshore,0.22040870838992627
214,9,2030,wind_offshore,0.26884060969085044
214,10,2030,wind_offshore,0.3588405691389035
214,11,2030,wind_offshore,0.5739098232928721
214,12,2030,wind_offshore,0.7310310733729596
214,13,2030,wind_offshore,0.8521333248417384
214,14,2030,wind_offshore,0.9002852605942648
214,15,2030,wind_offshore,0.9287736007593701
214,16,2030,wind_offshore,0.9497617733013484
214,17,2030,wind_offshore,0.9519288215792212
214,18,2030,wind_offshore,0.9485546718940496
214,19,2030,wind_offshore,0.9319093930051652
214,20,2030,wind_offshore,0.903138961025411
214,21,2030,wind_offshore,0.8586917648926171
214,22,2030,wind_offshore,0.7968555126782808
214,23,2030,wind_offshore,0.5588727953468213
214,24,2030,wind_offshore,0.48123524187452027
214,1,2030,wind_onshore,0.25281993896514654
214,2,2030,wind_onshore,0.26426824911263674
214,3,2030,wind_onshore,0.26909653663237937
214,4,2030,wind_onshore,0.2711319351583853
214,5,2030,wind_onshore,0.27385334881379797
214,6,2030,wind_onshore,0.2809803123512299
214,7,2030,wind_onshore,0.28582274825754905
214,8,2030,wind_onshore,0.30147962258577865
214,9,2030,wind_onshore,0.30322344755729763
214,10,2030,wind_onshore,0.2972905669367205
214,11,2030,wind_onshore,0.28838146439931334
214,12,2030,wind_onshore,0.33684974412180757
214,13,2030,wind_onshore,0.3791248805635924
214,14,2030,wind_onshore,0.39730639080961494
214,15,2030,wind_onshore,0.3929988313206968
214,16,2030,wind_onshore,0.39330843259461645
214,17,2030,wind_onshore,0.37068818448970525
214,18,2030,wind_onshore,0.34089180030358435
214,19,2030,wind_onshore,0.3481376757591642
214,20,2030,wind_onshore,0.3618195279341031
214,21,2030,wind_onshore,0.3570028124806434
214,22,2030,wind_onshore,0.3417106701563252
214,23,2030,wind_onshore,0.3102089661466137
214,24,2030,wind_onshore,0.3037596827043983
215,1,2030,demand,0.4717612397369655
215,2,2030,demand,0.470105414387473
215,3,2030,demand,0.46376157038094196
215,4,2030,demand,0.45787295487775603
215,5,2030,demand,0.4680394600391801
215,6,2030,demand,0.4885702586194773
215,7,2030,demand,0.5237201433424169
215,8,2030,demand,0.5551689203194655
215,9,2030,demand,0.5860584222310762
215,10,2030,demand,0.597986407168925
215,11,2030,demand,0.5999414604792853
215,12,2030,demand,0.6067051337798066
215,13,2030,demand,0.6013902776865884
215,14,2030,demand,0.5832268249932419
215,15,2030,demand,0.5773246662801846
215,16,2030,demand,0.5744734227740866
215,17,2030,demand,0.5746682089502743
215,18,2030,demand,0.5748644630804102
215,19,2030,demand,0.5869036551301855
215,20,2030,demand,0.5903915454726077
215,21,2030,demand,0.5866493710382471
215,22,2030,demand,0.55415892259415
215,23,2030,demand,0.5180900457237391
215,24,2030,demand,0.5144630475094751
215,1,2030,solar,0.0
215,2,2030,solar,0.0
215,3,2030,solar,0.0
215,4,2030,solar,0.0
215,5,2030,solar,0.0
215,6,2030,solar,0.00021755593939896064
215,7,2030,solar,0.016321469884003417
215,8,2030,solar,0.10424295410229394
215,9,2030,solar,0.27446420088981294
215,10,2030,solar,0.4504574862714586
215,11,2030,solar,0.5631517290668302
215,12,2030,solar,0.6386180554845311
215,13,2030,solar,0.6582793918840067
215,14,2030,solar,0.6207866954927325
215,15,2030,solar,0.5441828608931366
215,16,2030,solar,0.42286371629282343
215,17,2030,solar,0.27082994449482806
215,18,2030,solar,0.11973991607254979
215,19,2030,solar,0.03483898715775215
215,20,2030,solar,0.002104032291146376
215,21,2030,solar,0.0
215,22,2030,solar,0.0
215,23,2030,solar,0.0
215,24,2030,solar,0.0
215,1,2030,wind_offshore,0.7993505078430839
215,2,2030,wind_offshore,0.8208659503201533
215,3,2030,wind_offshore,0.8383773756700474
215,4,2030,wind_offshore,0.8712303912010261
215,5,2030,wind_offshore,0.8951698907774857
215,6,2030,wind_offshore,0.8863590443171926
215,7,2030,wind_offshore,0.8429555975266939
215,8,2030,wind_offshore,0.8169787758869185
215,9,2030,wind_offshore,0.7747822842006143
215,10,2030,wind_offshore,0.7753382706155643
215,11,2030,wind_offshore,0.7887763904307096
215,12,2030,wind_offshore,0.7663499542830552
215,13,2030,wind_offshore,0.718028900526977
215,14,2030,wind_offshore,0.6746258673255995
215,15,2030,wind_offshore,0.6202687912465222
215,16,2030,wind_offshore,0.5786696922813938
215,17,2030,wind_offshore,0.6050674831045569
215,18,2030,wind_offshore,0.6901556812912323
215,19,2030,wind_offshore,0.7487234423630548
215,20,2030,wind_offshore,0.7514402837645338
215,21,2030,wind_offshore,0.6988366055643415
215,22,2030,wind_offshore,0.6408376924990341
215,23,2030,wind_offshore,0.5495142551851321
215,24,2030,wind_offshore,0.5799926086785178
215,1,2030,wind_onshore,0.19921151264289347
215,2,2030,wind_onshore,0.1938022940473877
215,3,2030,wind_onshore,0.18805909228709436
215,4,2030,wind_onshore,0.18646854059195736
215,5,2030,wind_onshore,0.18520768963368658
215,6,2030,wind_onshore,0.185065240044615
215,7,2030,wind_onshore,0.18284477080184205
215,8,2030,wind_onshore,0.18069183144625803
215,9,2030,wind_onshore,0.17103135335203057
215,10,2030,wind_onshore,0.16539956298512495
215,11,2030,wind_onshore,0.15074023077823526
215,12,2030,wind_onshore,0.15854722662065424
215,13,2030,wind_onshore,0.16461432500554682
215,14,2030,wind_onshore,0.1772387450853489
215,15,2030,wind_onshore,0.1913839149757175
215,16,2030,wind_onshore,0.21225477338604962
215,17,2030,wind_onshore,0.23731279885474457
215,18,2030,wind_onshore,0.25580105478958143
215,19,2030,wind_onshore,0.28909094782055106
215,20,2030,wind_onshore,0.3067868252838974
215,21,2030,wind_onshore,0.3083056929458123
215,22,2030,wind_onshore,0.2898653672096228
215,23,2030,wind_onshore,0.23375383498682392
215,24,2030,wind_onshore,0.21842725372376534
216,1,2030,demand,0.463451033491144
216,2,2030,demand,0.44889800543428887
216,3,2030,demand,0.4335694338325515
216,4,2030,demand,0.4190590001756878
216,5,2030,demand,0.41233789176747415
216,6,2030,demand,0.39963285370102064
216,7,2030,demand,0.39872780061735713
216,8,2030,demand,0.4202144550017721
216,9,2030,demand,0.4447501360542353
216,10,2030,demand,0.47635267705501283
216,11,2030,demand,0.4925115194668126
216,12,2030,demand,0.49229474624937186
216,13,2030,demand,0.5014411650306361
216,14,2030,demand,0.5034074280945444
216,15,2030,demand,0.49551716184730665
216,16,2030,demand,0.4864056403187369
216,17,2030,demand,0.48409253981264766
216,18,2030,demand,0.5018944705621825
216,19,2030,demand,0.5239880863471892
216,20,2030,demand,0.5330347188660822
216,21,2030,demand,0.5366319641064662
216,22,2030,demand,0.5272029808968022
216,23,2030,demand,0.4958570794596391
216,24,2030,demand,0.4830459880120348
216,1,2030,solar,0.0
216,2,2030,solar,0.0
216,3,2030,solar,0.0
216,4,2030,solar,0.0
216,5,2030,solar,0.0
216,6,2030,solar,0.0
216,7,2030,solar,0.0
216,8,2030,solar,0.0
216,9,2030,solar,0.05616848104296031
216,10,2030,solar,0.15324817595584264
216,11,2030,solar,0.2472988938270397
216,12,2030,solar,0.31809386770948234
216,13,2030,solar,0.3614325187160822
216,14,2030,solar,0.34535429269409035
216,15,2030,solar,0.29027411703981276
216,16,2030,solar,0.210036929022009
216,17,2030,solar,0.08778841971629654
216,18,2030,solar,0.0
216,19,2030,solar,0.0
216,20,2030,solar,0.0
216,21,2030,solar,0.0
216,22,2030,solar,0.0
216,23,2030,solar,0.0
216,24,2030,solar,0.0
216,1,2030,wind_offshore,0.9143774649776477
216,2,2030,wind_offshore,0.9265963900034155
216,3,2030,wind_offshore,0.9286846221546436
216,4,2030,wind_offshore,0.9340906923791124
216,5,2030,wind_offshore,0.9203978850167966
216,6,2030,wind_offshore,0.8559493242655255
216,7,2030,wind_offshore,0.8020991157988382
216,8,2030,wind_offshore,0.6839897120952824
216,9,2030,wind_offshore,0.5577433531000444
216,10,2030,wind_offshore,0.4281968378086006
216,11,2030,wind_offshore,0.20718464712827991
216,12,2030,wind_offshore,0.12536668645004803
216,13,2030,wind_offshore,0.13093444811649513
216,14,2030,wind_offshore,0.1487434805503332
216,15,2030,wind_offshore,0.15642399624106051
216,16,2030,wind_offshore,0.1746927814746433
216,17,2030,wind_offshore,0.18466563900676342
216,18,2030,wind_offshore,0.1422435233538589
216,19,2030,wind_offshore,0.12823688400492197
216,20,2030,wind_offshore,0.16217540444613748
216,21,2030,wind_offshore,0.2262365836346703
216,22,2030,wind_offshore,0.3343927434074343
216,23,2030,wind_offshore,0.42439023842589463
216,24,2030,wind_offshore,0.39592100702418487
216,1,2030,wind_onshore,0.31054039400988
216,2,2030,wind_onshore,0.3336087148105838
216,3,2030,wind_onshore,0.34770109138415245
216,4,2030,wind_onshore,0.35504241557234395
216,5,2030,wind_onshore,0.36641726278429754
216,6,2030,wind_onshore,0.37654166017469426
216,7,2030,wind_onshore,0.368313100438778
216,8,2030,wind_onshore,0.3503605952646048
216,9,2030,wind_onshore,0.3254041692487296
216,10,2030,wind_onshore,0.28966068572317616
216,11,2030,wind_onshore,0.2766710663409173
216,12,2030,wind_onshore,0.2718007955309468
216,13,2030,wind_onshore,0.28582345304547935
216,14,2030,wind_onshore,0.3048224624027658
216,15,2030,wind_onshore,0.32209001981575036
216,16,2030,wind_onshore,0.32811307590007754
216,17,2030,wind_onshore,0.3182261535756099
216,18,2030,wind_onshore,0.2865341253438824
216,19,2030,wind_onshore,0.27245588227089534
216,20,2030,wind_onshore,0.27123991210415643
216,21,2030,wind_onshore,0.27001067074174817
216,22,2030,wind_onshore,0.268885427536227
216,23,2030,wind_onshore,0.26902792698885314
216,24,2030,wind_onshore,0.2521631253102664
217,1,2030,demand,0.471188567262782
217,2,2030,demand,0.46336108031362633
217,3,2030,demand,0.45851477290897547
217,4,2030,demand,0.45069113209972694
217,5,2030,demand,0.45190301782685505
217,6,2030,demand,0.46875728540807665
217,7,2030,demand,0.49806678600065735
217,8,2030,demand,0.5270341974099926
217,9,2030,demand,0.5523765911043377
217,10,2030,demand,0.5675141922407583
217,11,2030,demand,0.5706738981877676
217,12,2030,demand,0.5650289018625538
217,13,2030,demand,0.5503836372060578
217,14,2030,demand,0.5371778005045909
217,15,2030,demand,0.5254715464579358
217,16,2030,demand,0.5216263258987967
217,17,2030,demand,0.5167937909660186
217,18,2030,demand,0.523144622562418
217,19,2030,demand,0.5479350623207414
217,20,2030,demand,0.5647840100649759
217,21,2030,demand,0.5624099454428025
217,22,2030,demand,0.5312549782235351
217,23,2030,demand,0.4969878193430541
217,24,2030,demand,0.4929759531052366
217,1,2030,solar,0.0
217,2,2030,solar,0.0
217,3,2030,solar,0.0
217,4,2030,solar,0.0
217,5,2030,solar,0.0
217,6,2030,solar,0.0
217,7,2030,solar,0.008724428862250637
217,8,2030,solar,0.1452216211665424
217,9,2030,solar,0.3669158350345457
217,10,2030,solar,0.5565303788739007
217,11,2030,solar,0.6763881410740048
217,12,2030,solar,0.7491916858613368
217,13,2030,solar,0.7770686008981608
217,14,2030,solar,0.7694386252068828
217,15,2030,solar,0.7100269620431886
217,16,2030,solar,0.60163221190273
217,17,2030,solar,0.4432034231614179
217,18,2030,solar,0.24085064835429146
217,19,2030,solar,0.04469904273750479
217,20,2030,solar,0.0
217,21,2030,solar,0.0
217,22,2030,solar,0.0
217,23,2030,solar,0.0
217,24,2030,solar,0.0
217,1,2030,wind_offshore,0.9316968255169001
217,2,2030,wind_offshore,0.9408146482945664
217,3,2030,wind_offshore,0.9256845091362302
217,4,2030,wind_offshore,0.9241987848620018
217,5,2030,wind_offshore,0.9222874262570748
217,6,2030,wind_offshore,0.9160718590212433
217,7,2030,wind_offshore,0.9208420541828995
217,8,2030,wind_offshore,0.9130461294093415
217,9,2030,wind_offshore,0.9146181142414982
217,10,2030,wind_offshore,0.9231727321809335
217,11,2030,wind_offshore,0.9191867098931132
217,12,2030,wind_offshore,0.925238846655999
217,13,2030,wind_offshore,0.9167759806858371
217,14,2030,wind_offshore,0.8839826915728028
217,15,2030,wind_offshore,0.8468865833032498
217,16,2030,wind_offshore,0.8429598356945222
217,17,2030,wind_offshore,0.8421885479318064
217,18,2030,wind_offshore,0.8414226991471467
217,19,2030,wind_offshore,0.8276515712673899
217,20,2030,wind_offshore,0.8189217674626839
217,21,2030,wind_offshore,0.8182549975121693
217,22,2030,wind_offshore,0.8174990821684656
217,23,2030,wind_offshore,0.7899194963710562
217,24,2030,wind_offshore,0.8106317337388339
217,1,2030,wind_onshore,0.43152375754456473
217,2,2030,wind_onshore,0.4164140472354027
217,3,2030,wind_onshore,0.39806174189659144
217,4,2030,wind_onshore,0.38737956790970496
217,5,2030,wind_onshore,0.3844369928206454
217,6,2030,wind_onshore,0.3807803000651932
217,7,2030,wind_onshore,0.3907207622179347
217,8,2030,wind_onshore,0.3986486498683983
217,9,2030,wind_onshore,0.42788750446820284
217,10,2030,wind_onshore,0.4822863761368778
217,11,2030,wind_onshore,0.48899536279535494
217,12,2030,wind_onshore,0.5164086466626496
217,13,2030,wind_onshore,0.5328470219904987
217,14,2030,wind_onshore,0.5468648014901413
217,15,2030,wind_onshore,0.5476374654975056
217,16,2030,wind_onshore,0.5477461578420293
217,17,2030,wind_onshore,0.5454425409290586
217,18,2030,wind_onshore,0.5522005007465344
217,19,2030,wind_onshore,0.5325967944155386
217,20,2030,wind_onshore,0.5225018643404375
217,21,2030,wind_onshore,0.5137974053563267
217,22,2030,wind_onshore,0.49356034610124444
217,23,2030,wind_onshore,0.4307735198727897
217,24,2030,wind_onshore,0.40628828132027117
218,1,2030,demand,0.4893961215044874
218,2,2030,demand,0.4869209160801743
218,3,2030,demand,0.4857347860946091
218,4,2030,demand,0.4825843059548468
218,5,2030,demand,0.49436751514510935
218,6,2030,demand,0.5273325200488584
218,7,2030,demand,0.56067457572486
218,8,2030,demand,0.5970847177749647
218,9,2030,demand,0.6187472700070444
218,10,2030,demand,0.6332318114241333
218,11,2030,demand,0.6365093155250586
218,12,2030,demand,0.6403359003633509
218,13,2030,demand,0.6290253732589983
218,14,2030,demand,0.6186208308080583
218,15,2030,demand,0.6105963800636565
218,16,2030,demand,0.6191874601140067
218,17,2030,demand,0.612420833479662
218,18,2030,demand,0.6131742451362169
218,19,2030,demand,0.6157843092165349
218,20,2030,demand,0.6249000074127498
218,21,2030,demand,0.6066441055522023
218,22,2030,demand,0.560209002980532
218,23,2030,demand,0.5211109820340459
218,24,2030,demand,0.5194345057193946
218,1,2030,solar,0.0
218,2,2030,solar,0.0
218,3,2030,solar,0.0
218,4,2030,solar,0.0
218,5,2030,solar,0.0
218,6,2030,solar,6.297446217403584e-5
218,7,2030,solar,0.020823330779558738
218,8,2030,solar,0.15321214982627904
218,9,2030,solar,0.3546945374163441
218,10,2030,solar,0.5312795507434447
218,11,2030,solar,0.6500801583453966
218,12,2030,solar,0.7126500811914421
218,13,2030,solar,0.7232997603021157
218,14,2030,solar,0.6934895449399503
218,15,2030,solar,0.6147674999286069
218,16,2030,solar,0.4949340586923157
218,17,2030,solar,0.33937157638623294
218,18,2030,solar,0.17293952878492744
218,19,2030,solar,0.044120140871994236
218,20,2030,solar,0.0009569248947911713
218,21,2030,solar,0.0
218,22,2030,solar,0.0
218,23,2030,solar,0.0
218,24,2030,solar,0.0
218,1,2030,wind_offshore,0.12992847005441904
218,2,2030,wind_offshore,0.1650432958411341
218,3,2030,wind_offshore,0.19063337946179307
218,4,2030,wind_offshore,0.19158841765037657
218,5,2030,wind_offshore,0.2054121399451121
218,6,2030,wind_offshore,0.1999993235123148
218,7,2030,wind_offshore,0.22250691803411202
218,8,2030,wind_offshore,0.26131378117617976
218,9,2030,wind_offshore,0.30380930268877715
218,10,2030,wind_offshore,0.3813615403818086
218,11,2030,wind_offshore,0.46433354610149713
218,12,2030,wind_offshore,0.4882353313397566
218,13,2030,wind_offshore,0.4799085130045172
218,14,2030,wind_offshore,0.5039670593746184
218,15,2030,wind_offshore,0.5260111829950711
218,16,2030,wind_offshore,0.5055549030094312
218,17,2030,wind_offshore,0.4508876464552779
218,18,2030,wind_offshore,0.38591822468860765
218,19,2030,wind_offshore,0.34878130124605267
218,20,2030,wind_offshore,0.3439143681247614
218,21,2030,wind_offshore,0.32352863458271797
218,22,2030,wind_offshore,0.27501184594709027
218,23,2030,wind_offshore,0.23173557883304713
218,24,2030,wind_offshore,0.17978059162792653
218,1,2030,wind_onshore,0.21317686795507312
218,2,2030,wind_onshore,0.20757247403743392
218,3,2030,wind_onshore,0.19978195522805675
218,4,2030,wind_onshore,0.19308938420453495
218,5,2030,wind_onshore,0.19096818361796858
218,6,2030,wind_onshore,0.1866971066586965
218,7,2030,wind_onshore,0.17399826156463954
218,8,2030,wind_onshore,0.14943054054884172
218,9,2030,wind_onshore,0.14843144389854626
218,10,2030,wind_onshore,0.1492743208503598
218,11,2030,wind_onshore,0.14827295005673452
218,12,2030,wind_onshore,0.15716080491461082
218,13,2030,wind_onshore,0.17097467563439037
218,14,2030,wind_onshore,0.18401722854679212
218,15,2030,wind_onshore,0.20247734829648778
218,16,2030,wind_onshore,0.21350675475682676
218,17,2030,wind_onshore,0.21586558870129693
218,18,2030,wind_onshore,0.21583710048118887
218,19,2030,wind_onshore,0.22542594833184837
218,20,2030,wind_onshore,0.2314674883327434
218,21,2030,wind_onshore,0.2314840327645426
218,22,2030,wind_onshore,0.21134569028784406
218,23,2030,wind_onshore,0.18624157932267338
218,24,2030,wind_onshore,0.17103350710858847
219,1,2030,demand,0.46545452018355554
219,2,2030,demand,0.456664782555967
219,3,2030,demand,0.44758780752760374
219,4,2030,demand,0.4361930286178171
219,5,2030,demand,0.4380131077161306
219,6,2030,demand,0.4443954324866395
219,7,2030,demand,0.46340459248662713
219,8,2030,demand,0.4902815949609479
219,9,2030,demand,0.5124922311264293
219,10,2030,demand,0.5305733723937032
219,11,2030,demand,0.5335184762912367
219,12,2030,demand,0.5326015855918144
219,13,2030,demand,0.527383325043115
219,14,2030,demand,0.5121067863046052
219,15,2030,demand,0.498203739065863
219,16,2030,demand,0.4904027992811332
219,17,2030,demand,0.490070966979978
219,18,2030,demand,0.4960961716686263
219,19,2030,demand,0.5135606918801428
219,20,2030,demand,0.5331031739770169
219,21,2030,demand,0.5382815993497939
219,22,2030,demand,0.5113266541174849
219,23,2030,demand,0.47439973642992805
219,24,2030,demand,0.4694606976384793
219,1,2030,solar,0.0
219,2,2030,solar,0.0
219,3,2030,solar,0.0
219,4,2030,solar,0.0
219,5,2030,solar,0.0
219,6,2030,solar,0.0
219,7,2030,solar,0.010089443155737354
219,8,2030,solar,0.14237577642439808
219,9,2030,solar,0.37041188401595726
219,10,2030,solar,0.5701065701846104
219,11,2030,solar,0.6903194337653358
219,12,2030,solar,0.759675329896484
219,13,2030,solar,0.7962453561021604
219,14,2030,solar,0.7824333892049286
219,15,2030,solar,0.7077106030514638
219,16,2030,solar,0.5886414300174366
219,17,2030,solar,0.4281277791614341
219,18,2030,solar,0.2269086243730546
219,19,2030,solar,0.048292851978071274
219,20,2030,solar,0.00011023394922606604
219,21,2030,solar,0.0
219,22,2030,solar,0.0
219,23,2030,solar,0.0
219,24,2030,solar,0.0
219,1,2030,wind_offshore,0.012260544714983761
219,2,2030,wind_offshore,0.01405393083761939
219,3,2030,wind_offshore,0.020186874313083542
219,4,2030,wind_offshore,0.023635350786905325
219,5,2030,wind_offshore,0.021592838614431967
219,6,2030,wind_offshore,0.02395012901255782
219,7,2030,wind_offshore,0.0214991394165637
219,8,2030,wind_offshore,0.012780750793172839
219,9,2030,wind_offshore,0.012360518935295325
219,10,2030,wind_offshore,0.012281269937184435
219,11,2030,wind_offshore,0.014981988617262427
219,12,2030,wind_offshore,0.008857600223194349
219,13,2030,wind_offshore,0.003149165703562298
219,14,2030,wind_offshore,0.0014337418581479196
219,15,2030,wind_offshore,0.0027027766060401313
219,16,2030,wind_offshore,0.013004221525952694
219,17,2030,wind_offshore,0.03412076981272264
219,18,2030,wind_offshore,0.048353192018444575
219,19,2030,wind_offshore,0.04894011942520941
219,20,2030,wind_offshore,0.046402087222328886
219,21,2030,wind_offshore,0.04729336175233623
219,22,2030,wind_offshore,0.0488588537621628
219,23,2030,wind_offshore,0.040336999331867913
219,24,2030,wind_offshore,0.03913590603210523
219,1,2030,wind_onshore,0.11305071616986243
219,2,2030,wind_onshore,0.1083207005643918
219,3,2030,wind_onshore,0.10382259077161998
219,4,2030,wind_onshore,0.09823803135426142
219,5,2030,wind_onshore,0.09004512110349099
219,6,2030,wind_onshore,0.08276377575313312
219,7,2030,wind_onshore,0.07820277400962378
219,8,2030,wind_onshore,0.07357564924448017
219,9,2030,wind_onshore,0.05826940208390462
219,10,2030,wind_onshore,0.05894656372466176
219,11,2030,wind_onshore,0.051520243263472695
219,12,2030,wind_onshore,0.05774042789597848
219,13,2030,wind_onshore,0.06886016728895325
219,14,2030,wind_onshore,0.08069706496758114
219,15,2030,wind_onshore,0.08845703568852548
219,16,2030,wind_onshore,0.09844349831100124
219,17,2030,wind_onshore,0.10823887886773559
219,18,2030,wind_onshore,0.12135077984953889
219,19,2030,wind_onshore,0.13018277679891546
219,20,2030,wind_onshore,0.15039932991189658
219,21,2030,wind_onshore,0.1567530432646171
219,22,2030,wind_onshore,0.1538886187320392
219,23,2030,wind_onshore,0.14291625701987581
219,24,2030,wind_onshore,0.13354340370031126
220,1,2030,demand,0.5205378288368026
220,2,2030,demand,0.507266867258593
220,3,2030,demand,0.5066888317063295
220,4,2030,demand,0.5012209506941443
220,5,2030,demand,0.5105305035165542
220,6,2030,demand,0.5381947773933768
220,7,2030,demand,0.5915932994509014
220,8,2030,demand,0.6401439601560708
220,9,2030,demand,0.672156075342967
220,10,2030,demand,0.6921515261264497
220,11,2030,demand,0.6947821075749434
220,12,2030,demand,0.6892945187761257
220,13,2030,demand,0.6793500733020172
220,14,2030,demand,0.6681502509358872
220,15,2030,demand,0.6471882890537068
220,16,2030,demand,0.6403645024885684
220,17,2030,demand,0.6343395138915413
220,18,2030,demand,0.649274461500787
220,19,2030,demand,0.6803644738279202
220,20,2030,demand,0.707975280712257
220,21,2030,demand,0.6913682847112121
220,22,2030,demand,0.6483436878868787
220,23,2030,demand,0.5901973125837231
220,24,2030,demand,0.5654265556085001
220,1,2030,solar,0.0
220,2,2030,solar,0.0
220,3,2030,solar,0.0
220,4,2030,solar,0.0
220,5,2030,solar,0.0
220,6,2030,solar,0.0
220,7,2030,solar,0.0
220,8,2030,solar,0.0
220,9,2030,solar,0.06820806969886055
220,10,2030,solar,0.2683913402008792
220,11,2030,solar,0.43404949030062945
220,12,2030,solar,0.5500169124540928
220,13,2030,solar,0.6025742638592714
220,14,2030,solar,0.5938305988426873
220,15,2030,solar,0.5216014848444408
220,16,2030,solar,0.38867858462440585
220,17,2030,solar,0.20300972161071323
220,18,2030,solar,0.00998111461721135
220,19,2030,solar,0.0
220,20,2030,solar,0.0
220,21,2030,solar,0.0
220,22,2030,solar,0.0
220,23,2030,solar,0.0
220,24,2030,solar,0.0
220,1,2030,wind_offshore,0.4923908379807319
220,2,2030,wind_offshore,0.5858185998150061
220,3,2030,wind_offshore,0.5409414601094806
220,4,2030,wind_offshore,0.5042830506411201
220,5,2030,wind_offshore,0.531505050063757
220,6,2030,wind_offshore,0.6578372309036615
220,7,2030,wind_offshore,0.7292610877885759
220,8,2030,wind_offshore,0.7556337611403421
220,9,2030,wind_offshore,0.7313637684502694
220,10,2030,wind_offshore,0.7658486986794542
220,11,2030,wind_offshore,0.6732740215137245
220,12,2030,wind_offshore,0.7385716349415401
220,13,2030,wind_offshore,0.7068020859965487
220,14,2030,wind_offshore,0.6644068751933241
220,15,2030,wind_offshore,0.6994502274895793
220,16,2030,wind_offshore,0.8054139738044056
220,17,2030,wind_offshore,0.8401793558213198
220,18,2030,wind_offshore,0.7930179059514759
220,19,2030,wind_offshore,0.770676557218539
220,20,2030,wind_offshore,0.7943562234652481
220,21,2030,wind_offshore,0.7920699612090936
220,22,2030,wind_offshore,0.7884192765530922
220,23,2030,wind_offshore,0.7683444585258015
220,24,2030,wind_offshore,0.8475414501982619
220,1,2030,wind_onshore,0.4215781863539192
220,2,2030,wind_onshore,0.41710828087582186
220,3,2030,wind_onshore,0.42414865870436375
220,4,2030,wind_onshore,0.42859565001896804
220,5,2030,wind_onshore,0.4452200609065978
220,6,2030,wind_onshore,0.4545810937914424
220,7,2030,wind_onshore,0.45631681700130355
220,8,2030,wind_onshore,0.4542560265015949
220,9,2030,wind_onshore,0.45239321179468756
220,10,2030,wind_onshore,0.4438234650066757
220,11,2030,wind_onshore,0.39845932642590565
220,12,2030,wind_onshore,0.4119848435248722
220,13,2030,wind_onshore,0.4571310328405813
220,14,2030,wind_onshore,0.501650753231774
220,15,2030,wind_onshore,0.5431715898499598
220,16,2030,wind_onshore,0.5501913964006961
220,17,2030,wind_onshore,0.5383946718569639
220,18,2030,wind_onshore,0.5615852321234138
220,19,2030,wind_onshore,0.5653637419766087
220,20,2030,wind_onshore,0.5719217517628052
220,21,2030,wind_onshore,0.5762200416901606
220,22,2030,wind_onshore,0.5752665900678098
220,23,2030,wind_onshore,0.5586269638685817
220,24,2030,wind_onshore,0.5835338299875108
221,1,2030,demand,0.5113843925715534
221,2,2030,demand,0.4989763218842228
221,3,2030,demand,0.48993884053917186
221,4,2030,demand,0.48236311767635526
221,5,2030,demand,0.49175526990619733
221,6,2030,demand,0.5224082369508644
221,7,2030,demand,0.5662419300479864
221,8,2030,demand,0.6152806184051873
221,9,2030,demand,0.6473960481706976
221,10,2030,demand,0.662714224334275
221,11,2030,demand,0.6765853564102488
221,12,2030,demand,0.6712792604194879
221,13,2030,demand,0.6603413506429192
221,14,2030,demand,0.6474691031103408
221,15,2030,demand,0.6351623204369672
221,16,2030,demand,0.6271839047762588
221,17,2030,demand,0.6278470512403396
221,18,2030,demand,0.6426499757014537
221,19,2030,demand,0.6802186986472128
221,20,2030,demand,0.7110598449266128
221,21,2030,demand,0.7063455169293906
221,22,2030,demand,0.6668020874099839
221,23,2030,demand,0.6093625411573796
221,24,2030,demand,0.5834007249556902
221,1,2030,solar,0.0
221,2,2030,solar,0.0
221,3,2030,solar,0.0
221,4,2030,solar,0.0
221,5,2030,solar,0.0
221,6,2030,solar,0.0
221,7,2030,solar,0.0
221,8,2030,solar,0.002322745434739992
221,9,2030,solar,0.10257542002115627
221,10,2030,solar,0.27603816821455474
221,11,2030,solar,0.4160670017392505
221,12,2030,solar,0.5187133791422271
221,13,2030,solar,0.5588881233142137
221,14,2030,solar,0.5413727762760985
221,15,2030,solar,0.4550658159736942
221,16,2030,solar,0.3249233962196767
221,17,2030,solar,0.16565489241963471
221,18,2030,solar,0.009279614204169293
221,19,2030,solar,0.0
221,20,2030,solar,0.0
221,21,2030,solar,0.0
221,22,2030,solar,0.0
221,23,2030,solar,0.0
221,24,2030,solar,0.0
221,1,2030,wind_offshore,0.0183757268969472
221,2,2030,wind_offshore,0.021864645560400894
221,3,2030,wind_offshore,0.026664198124838
221,4,2030,wind_offshore,0.033331791533758676
221,5,2030,wind_offshore,0.04286094328862812
221,6,2030,wind_offshore,0.062013510020561956
221,7,2030,wind_offshore,0.07441601867280065
221,8,2030,wind_offshore,0.07235304582502258
221,9,2030,wind_offshore,0.06309046547847115
221,10,2030,wind_offshore,0.05164537341001897
221,11,2030,wind_offshore,0.047043957521407206
221,12,2030,wind_offshore,0.026707563313629046
221,13,2030,wind_offshore,0.014875477659447123
221,14,2030,wind_offshore,0.022155615017960276
221,15,2030,wind_offshore,0.04228027885752528
221,16,2030,wind_offshore,0.08863128290573878
221,17,2030,wind_offshore,0.14993712510082957
221,18,2030,wind_offshore,0.17929687573914316
221,19,2030,wind_offshore,0.17568093521700245
221,20,2030,wind_offshore,0.17333679358459037
221,21,2030,wind_offshore,0.1801352682961078
221,22,2030,wind_offshore,0.2203578146717381
221,23,2030,wind_offshore,0.31337326650280545
221,24,2030,wind_offshore,0.3529296432490932
221,1,2030,wind_onshore,0.15232179138702961
221,2,2030,wind_onshore,0.1499118448571542
221,3,2030,wind_onshore,0.150107578035455
221,4,2030,wind_onshore,0.14756169547465509
221,5,2030,wind_onshore,0.1453222239974473
221,6,2030,wind_onshore,0.14158487475707554
221,7,2030,wind_onshore,0.13814432368538854
221,8,2030,wind_onshore,0.13499752442354884
221,9,2030,wind_onshore,0.12941123244079758
221,10,2030,wind_onshore,0.10992369097759297
221,11,2030,wind_onshore,0.08241464067418583
221,12,2030,wind_onshore,0.058737977133700714
221,13,2030,wind_onshore,0.05343355148088194
221,14,2030,wind_onshore,0.049375737525622285
221,15,2030,wind_onshore,0.04415300745916444
221,16,2030,wind_onshore,0.03985310842126793
221,17,2030,wind_onshore,0.039762152974168206
221,18,2030,wind_onshore,0.04698790404375523
221,19,2030,wind_onshore,0.05275422110781261
221,20,2030,wind_onshore,0.05756310285278288
221,21,2030,wind_onshore,0.06115614006462845
221,22,2030,wind_onshore,0.06360821401292094
221,23,2030,wind_onshore,0.07229904327578392
221,24,2030,wind_onshore,0.08240899046779421
222,1,2030,demand,0.4489341826251309
222,2,2030,demand,0.4393371374812249
222,3,2030,demand,0.433576610298753
222,4,2030,demand,0.4200890164184659
222,5,2030,demand,0.41520337915611805
222,6,2030,demand,0.4159830123629373
222,7,2030,demand,0.42336755662866593
222,8,2030,demand,0.445405548470814
222,9,2030,demand,0.4718575837823918
222,10,2030,demand,0.48955653940007665
222,11,2030,demand,0.4944412572790156
222,12,2030,demand,0.49243711721980704
222,13,2030,demand,0.48759041078393545
222,14,2030,demand,0.477198193716813
222,15,2030,demand,0.468814533489764
222,16,2030,demand,0.46196107566700145
222,17,2030,demand,0.4644513341001326
222,18,2030,demand,0.4769389109881039
222,19,2030,demand,0.49439177676089163
222,20,2030,demand,0.5115526626372459
222,21,2030,demand,0.5171335899226982
222,22,2030,demand,0.5018368124565357
222,23,2030,demand,0.47207401541144645
222,24,2030,demand,0.46688690835016294
222,1,2030,solar,0.0
222,2,2030,solar,0.0
222,3,2030,solar,0.0
222,4,2030,solar,0.0
222,5,2030,solar,0.0
222,6,2030,solar,0.000219368982054674
222,7,2030,solar,0.016736929559519772
222,8,2030,solar,0.10448843078458116
222,9,2030,solar,0.27655477880514373
222,10,2030,solar,0.4569644325117312
222,11,2030,solar,0.5731465901853662
222,12,2030,solar,0.6460333985966066
222,13,2030,solar,0.6671583679126045
222,14,2030,solar,0.6316425990046937
222,15,2030,solar,0.556311718903264
222,16,2030,solar,0.4423689331085355
222,17,2030,solar,0.2880086277845833
222,18,2030,solar,0.12355209688660757
222,19,2030,solar,0.03498365180912937
222,20,2030,solar,0.002065027386412169
222,21,2030,solar,0.0
222,22,2030,solar,0.0
222,23,2030,solar,0.0
222,24,2030,solar,0.0
222,1,2030,wind_offshore,0.8826050289802646
222,2,2030,wind_offshore,0.8611879200400613
222,3,2030,wind_offshore,0.8430888314955484
222,4,2030,wind_offshore,0.8397935461726324
222,5,2030,wind_offshore,0.8296346793661186
222,6,2030,wind_offshore,0.8129953344321198
222,7,2030,wind_offshore,0.7872771713654781
222,8,2030,wind_offshore,0.7526093592399382
222,9,2030,wind_offshore,0.7208918963649498
222,10,2030,wind_offshore,0.681296327017486
222,11,2030,wind_offshore,0.6214517114136052
222,12,2030,wind_offshore,0.5573168996901897
222,13,2030,wind_offshore,0.5110589837655445
222,14,2030,wind_offshore,0.4898867279295132
222,15,2030,wind_offshore,0.4759391669694746
222,16,2030,wind_offshore,0.4817649689238476
222,17,2030,wind_offshore,0.5036623543083436
222,18,2030,wind_offshore,0.5384990115011875
222,19,2030,wind_offshore,0.5655570807656883
222,20,2030,wind_offshore,0.5621453162604333
222,21,2030,wind_offshore,0.5537360451444725
222,22,2030,wind_offshore,0.5560292108454346
222,23,2030,wind_offshore,0.5419731069959489
222,24,2030,wind_offshore,0.5217623129649395
222,1,2030,wind_onshore,0.336789616515966
222,2,2030,wind_onshore,0.3161573622641651
222,3,2030,wind_onshore,0.2979522058817404
222,4,2030,wind_onshore,0.28565726987342527
222,5,2030,wind_onshore,0.26965564382480384
222,6,2030,wind_onshore,0.25807513869553245
222,7,2030,wind_onshore,0.24640661539602082
222,8,2030,wind_onshore,0.23764970139289263
222,9,2030,wind_onshore,0.2238093627540918
222,10,2030,wind_onshore,0.20420113614100577
222,11,2030,wind_onshore,0.17586119475738735
222,12,2030,wind_onshore,0.16853373840605038
222,13,2030,wind_onshore,0.16289125703683396
222,14,2030,wind_onshore,0.1574619924198546
222,15,2030,wind_onshore,0.15720930207174705
222,16,2030,wind_onshore,0.15980332096043023
222,17,2030,wind_onshore,0.17334113816490881
222,18,2030,wind_onshore,0.19895484811917855
222,19,2030,wind_onshore,0.22984261214431248
222,20,2030,wind_onshore,0.23800481125733985
222,21,2030,wind_onshore,0.2397092040796973
222,22,2030,wind_onshore,0.22559816833922375
222,23,2030,wind_onshore,0.18609584966284695
222,24,2030,wind_onshore,0.16389581769662012
223,1,2030,demand,0.6338373759475731
223,2,2030,demand,0.6156262497392242
223,3,2030,demand,0.5920260083030016
223,4,2030,demand,0.5823349563410692
223,5,2030,demand,0.5979659115806524
223,6,2030,demand,0.6245069955185474
223,7,2030,demand,0.6438280898016535
223,8,2030,demand,0.6850625318496544
223,9,2030,demand,0.7431129698347598
223,10,2030,demand,0.8157100238247295
223,11,2030,demand,0.8773650158121307
223,12,2030,demand,0.9200775685293586
223,13,2030,demand,0.9329349434888521
223,14,2030,demand,0.9232984610475102
223,15,2030,demand,0.9096959780161458
223,16,2030,demand,0.9054138038643509
223,17,2030,demand,0.9030632492001103
223,18,2030,demand,0.8745630640705224
223,19,2030,demand,0.8501346443894847
223,20,2030,demand,0.8292400478243211
223,21,2030,demand,0.822229254033002
223,22,2030,demand,0.7772610426488025
223,23,2030,demand,0.7191116661047214
223,24,2030,demand,0.69450907162379
223,1,2030,solar,0.0
223,2,2030,solar,0.0
223,3,2030,solar,0.0
223,4,2030,solar,0.0
223,5,2030,solar,0.0
223,6,2030,solar,8.278595616255875e-6
223,7,2030,solar,0.01934126466521758
223,8,2030,solar,0.17392817687076098
223,9,2030,solar,0.3741683077436885
223,10,2030,solar,0.5409962220840128
223,11,2030,solar,0.6435844077089616
223,12,2030,solar,0.7136385182345115
223,13,2030,solar,0.7389748764625301
223,14,2030,solar,0.7393060811446528
223,15,2030,solar,0.6871569474849928
223,16,2030,solar,0.5919325972626915
223,17,2030,solar,0.46073415262291656
223,18,2030,solar,0.28549949535811425
223,19,2030,solar,0.10160547932624991
223,20,2030,solar,0.0012278438656317774
223,21,2030,solar,0.0
223,22,2030,solar,0.0
223,23,2030,solar,0.0
223,24,2030,solar,0.0
223,1,2030,wind_offshore,0.9452036153335086
223,2,2030,wind_offshore,0.9295034655408615
223,3,2030,wind_offshore,0.9209691525290105
223,4,2030,wind_offshore,0.9296634385345324
223,5,2030,wind_offshore,0.9302850745739051
223,6,2030,wind_offshore,0.9305768944734554
223,7,2030,wind_offshore,0.9371438503702683
223,8,2030,wind_offshore,0.9447865267202555
223,9,2030,wind_offshore,0.9467280677090821
223,10,2030,wind_offshore,0.9451439067915504
223,11,2030,wind_offshore,0.9422496019446713
223,12,2030,wind_offshore,0.9388023319464534
223,13,2030,wind_offshore,0.9468771217127953
223,14,2030,wind_offshore,0.9485945523593389
223,15,2030,wind_offshore,0.9408666792188304
223,16,2030,wind_offshore,0.9353252969561564
223,17,2030,wind_offshore,0.9414028986022633
223,18,2030,wind_offshore,0.944777941358841
223,19,2030,wind_offshore,0.9410289185637468
223,20,2030,wind_offshore,0.9486246156421724
223,21,2030,wind_offshore,0.9540710704847533
223,22,2030,wind_offshore,0.9571553021252293
223,23,2030,wind_offshore,0.956484622682115
223,24,2030,wind_offshore,0.9461001513278304
223,1,2030,wind_onshore,0.33213772713397327
223,2,2030,wind_onshore,0.3087126988013805
223,3,2030,wind_onshore,0.27540046261692264
223,4,2030,wind_onshore,0.2502501175646975
223,5,2030,wind_onshore,0.22557521589184099
223,6,2030,wind_onshore,0.20835412534441705
223,7,2030,wind_onshore,0.18809170658474014
223,8,2030,wind_onshore,0.14702016218663294
223,9,2030,wind_onshore,0.12096862114692716
223,10,2030,wind_onshore,0.10953544301025117
223,11,2030,wind_onshore,0.09549704666757132
223,12,2030,wind_onshore,0.09086703116390456
223,13,2030,wind_onshore,0.09761366274677047
223,14,2030,wind_onshore,0.10928902739255109
223,15,2030,wind_onshore,0.12664589720210218
223,16,2030,wind_onshore,0.14786379047656717
223,17,2030,wind_onshore,0.16678148701804255
223,18,2030,wind_onshore,0.18833377164798387
223,19,2030,wind_onshore,0.20746471099623254
223,20,2030,wind_onshore,0.23677545698526953
223,21,2030,wind_onshore,0.274142132479133
223,22,2030,wind_onshore,0.26428071324961644
223,23,2030,wind_onshore,0.2265267922246204
223,24,2030,wind_onshore,0.21315046516731526
224,1,2030,demand,0.450635848727576
224,2,2030,demand,0.4449759134402934
224,3,2030,demand,0.4290675356832879
224,4,2030,demand,0.41696359806544503
224,5,2030,demand,0.4127463988946304
224,6,2030,demand,0.4175999117102252
224,7,2030,demand,0.4296545468254007
224,8,2030,demand,0.45494030094271687
224,9,2030,demand,0.48601200788623466
224,10,2030,demand,0.5108897818444276
224,11,2030,demand,0.5163334706653697
224,12,2030,demand,0.5258961527010664
224,13,2030,demand,0.5274671626830396
224,14,2030,demand,0.5207151169432478
224,15,2030,demand,0.516570130687519
224,16,2030,demand,0.5063981922212724
224,17,2030,demand,0.5025870647027734
224,18,2030,demand,0.5175198275749697
224,19,2030,demand,0.5336931975934954
224,20,2030,demand,0.5359040117204924
224,21,2030,demand,0.5371784993337014
224,22,2030,demand,0.5173634677101475
224,23,2030,demand,0.4883663688025509
224,24,2030,demand,0.4737227786916309
224,1,2030,solar,0.0
224,2,2030,solar,0.0
224,3,2030,solar,0.0
224,4,2030,solar,0.0
224,5,2030,solar,0.0
224,6,2030,solar,0.0
224,7,2030,solar,0.0022678219879437153
224,8,2030,solar,0.1150719687360377
224,9,2030,solar,0.3193438917638578
224,10,2030,solar,0.5127666832009096
224,11,2030,solar,0.6447001614246894
224,12,2030,solar,0.7298443690568805
224,13,2030,solar,0.760918321858602
224,14,2030,solar,0.7537356689316987
224,15,2030,solar,0.686528000319343
224,16,2030,solar,0.5703149179660558
224,17,2030,solar,0.40044153392655507
224,18,2030,solar,0.18974319826492742
224,19,2030,solar,0.020984505762505545
224,20,2030,solar,0.0
224,21,2030,solar,0.0
224,22,2030,solar,0.0
224,23,2030,solar,0.0
224,24,2030,solar,0.0
224,1,2030,wind_offshore,0.4671653255716235
224,2,2030,wind_offshore,0.569142597288908
224,3,2030,wind_offshore,0.6891006626318633
224,4,2030,wind_offshore,0.7684566634761077
224,5,2030,wind_offshore,0.8726367945847144
224,6,2030,wind_offshore,0.9483917966574584
224,7,2030,wind_offshore,0.9605310895483545
224,8,2030,wind_offshore,0.9666444632113069
224,9,2030,wind_offshore,0.9723875052003872
224,10,2030,wind_offshore,0.9785089428639182
224,11,2030,wind_offshore,0.990955574914167
224,12,2030,wind_offshore,0.9889870236991638
224,13,2030,wind_offshore,0.9812517909955132
224,14,2030,wind_offshore,0.9743236526167889
224,15,2030,wind_offshore,0.9819883455479808
224,16,2030,wind_offshore,0.9573398793467309
224,17,2030,wind_offshore,0.9565143714749753
224,18,2030,wind_offshore,0.9410899948486113
224,19,2030,wind_offshore,0.9365234299363382
224,20,2030,wind_offshore,0.9367419893153266
224,21,2030,wind_offshore,0.9331084365315047
224,22,2030,wind_offshore,0.919445268833976
224,23,2030,wind_offshore,0.863514806278168
224,24,2030,wind_offshore,0.7748385341220854
224,1,2030,wind_onshore,0.07776702003371293
224,2,2030,wind_onshore,0.06858427828658545
224,3,2030,wind_onshore,0.06823979888264833
224,4,2030,wind_onshore,0.06464277247570152
224,5,2030,wind_onshore,0.060281489879874806
224,6,2030,wind_onshore,0.06923654135199818
224,7,2030,wind_onshore,0.08188569932081258
224,8,2030,wind_onshore,0.09728929417373729
224,9,2030,wind_onshore,0.10025346877567393
224,10,2030,wind_onshore,0.12279586764119407
224,11,2030,wind_onshore,0.1767423196478154
224,12,2030,wind_onshore,0.2419032423466562
224,13,2030,wind_onshore,0.28969962891513235
224,14,2030,wind_onshore,0.3242074137117875
224,15,2030,wind_onshore,0.3458702101610974
224,16,2030,wind_onshore,0.3524953703756317
224,17,2030,wind_onshore,0.34859135048677786
224,18,2030,wind_onshore,0.34085007720367694
224,19,2030,wind_onshore,0.3138872791937163
224,20,2030,wind_onshore,0.323225036661103
224,21,2030,wind_onshore,0.3262608901890264
224,22,2030,wind_onshore,0.32656488233602265
224,23,2030,wind_onshore,0.3147893081360534
224,24,2030,wind_onshore,0.3187091358798658
225,1,2030,demand,0.5612379302319974
225,2,2030,demand,0.5538871816637816
225,3,2030,demand,0.5462198397582689
225,4,2030,demand,0.5369656154574738
225,5,2030,demand,0.546006417429483
225,6,2030,demand,0.5674104174573562
225,7,2030,demand,0.5927366846724109
225,8,2030,demand,0.6369533829696203
225,9,2030,demand,0.6876326252074021
225,10,2030,demand,0.7418975874909354
225,11,2030,demand,0.7829029618940528
225,12,2030,demand,0.8104962163501876
225,13,2030,demand,0.8195698622413855
225,14,2030,demand,0.8111535551397031
225,15,2030,demand,0.797764614168988
225,16,2030,demand,0.7983178569057706
225,17,2030,demand,0.7979152869367419
225,18,2030,demand,0.7919658155126652
225,19,2030,demand,0.7717903148308916
225,20,2030,demand,0.7485516574316087
225,21,2030,demand,0.7336372082110088
225,22,2030,demand,0.6936311876352153
225,23,2030,demand,0.6427781752294991
225,24,2030,demand,0.6305567798837883
225,1,2030,solar,0.0
225,2,2030,solar,0.0
225,3,2030,solar,0.0
225,4,2030,solar,0.0
225,5,2030,solar,0.0
225,6,2030,solar,0.0
225,7,2030,solar,0.011015884688625778
225,8,2030,solar,0.15525557766301856
225,9,2030,solar,0.3579731833037877
225,10,2030,solar,0.5400700670315977
225,11,2030,solar,0.6585360012633834
225,12,2030,solar,0.7501686781843548
225,13,2030,solar,0.7756554862396631
225,14,2030,solar,0.775065918405213
225,15,2030,solar,0.7262028560834604
225,16,2030,solar,0.6248738747934766
225,17,2030,solar,0.4789916963708308
225,18,2030,solar,0.2933116542410783
225,19,2030,solar,0.09421300224487937
225,20,2030,solar,0.0015798208632923096
225,21,2030,solar,0.0
225,22,2030,solar,0.0
225,23,2030,solar,0.0
225,24,2030,solar,0.0
225,1,2030,wind_offshore,0.3242964261319256
225,2,2030,wind_offshore,0.3208796134251456
225,3,2030,wind_offshore,0.2994570251022656
225,4,2030,wind_offshore,0.26189409372950057
225,5,2030,wind_offshore,0.21092813830941398
225,6,2030,wind_offshore,0.1659913401262398
225,7,2030,wind_offshore,0.1340701381307472
225,8,2030,wind_offshore,0.12065043832028935
225,9,2030,wind_offshore,0.12820295910333687
225,10,2030,wind_offshore,0.16046987437734578
225,11,2030,wind_offshore,0.060553613257734465
225,12,2030,wind_offshore,0.04527098575889722
225,13,2030,wind_offshore,0.06884529096706081
225,14,2030,wind_offshore,0.1246122352073937
225,15,2030,wind_offshore,0.19581574044764466
225,16,2030,wind_offshore,0.33113829825860946
225,17,2030,wind_offshore,0.5282305627654613
225,18,2030,wind_offshore,0.6575852938869262
225,19,2030,wind_offshore,0.6708194329396181
225,20,2030,wind_offshore,0.6537524936694277
225,21,2030,wind_offshore,0.664365122799799
225,22,2030,wind_offshore,0.6829797897932918
225,23,2030,wind_offshore,0.3662533852017429
225,24,2030,wind_offshore,0.458435567611982
225,1,2030,wind_onshore,0.1411992118544444
225,2,2030,wind_onshore,0.11126061934157788
225,3,2030,wind_onshore,0.08951378191578134
225,4,2030,wind_onshore,0.07444320733741114
225,5,2030,wind_onshore,0.06508784785104721
225,6,2030,wind_onshore,0.05966394505351491
225,7,2030,wind_onshore,0.05460255236329281
225,8,2030,wind_onshore,0.04446905782990241
225,9,2030,wind_onshore,0.041431267665170864
225,10,2030,wind_onshore,0.04762966624076464
225,11,2030,wind_onshore,0.0429684673014426
225,12,2030,wind_onshore,0.055474373574253666
225,13,2030,wind_onshore,0.08108603361788824
225,14,2030,wind_onshore,0.11764219956697644
225,15,2030,wind_onshore,0.15687329267173108
225,16,2030,wind_onshore,0.1849018070874781
225,17,2030,wind_onshore,0.20640446241835564
225,18,2030,wind_onshore,0.2297333090335647
225,19,2030,wind_onshore,0.2618659375275552
225,20,2030,wind_onshore,0.264433379788681
225,21,2030,wind_onshore,0.2676718492824022
225,22,2030,wind_onshore,0.24254810168186028
225,23,2030,wind_onshore,0.19211307980587944
225,24,2030,wind_onshore,0.16683307907549233
226,1,2030,demand,0.4961240983949769
226,2,2030,demand,0.48884531804253595
226,3,2030,demand,0.48037211660654
226,4,2030,demand,0.4660260695794253
226,5,2030,demand,0.4583661682540492
226,6,2030,demand,0.4662245783859982
226,7,2030,demand,0.48918012638185715
226,8,2030,demand,0.522495755375951
226,9,2030,demand,0.5497061149323172
226,10,2030,demand,0.5662691009233649
226,11,2030,demand,0.570036156582303
226,12,2030,demand,0.5619141653217906
226,13,2030,demand,0.5419510508789325
226,14,2030,demand,0.5268174165807622
226,15,2030,demand,0.5165739262274162
226,16,2030,demand,0.510299099759028
226,17,2030,demand,0.5157072353099237
226,18,2030,demand,0.524949669905624
226,19,2030,demand,0.5475607634894364
226,20,2030,demand,0.5771494934801285
226,21,2030,demand,0.565714225126926
226,22,2030,demand,0.5392129663406229
226,23,2030,demand,0.49912195956645666
226,24,2030,demand,0.4972746285707313
226,1,2030,solar,0.0
226,2,2030,solar,0.0
226,3,2030,solar,0.0
226,4,2030,solar,0.0
226,5,2030,solar,0.0
226,6,2030,solar,0.0
226,7,2030,solar,0.0
226,8,2030,solar,0.08172167342328165
226,9,2030,solar,0.30383906565336694
226,10,2030,solar,0.5252945454917568
226,11,2030,solar,0.6603707867040947
226,12,2030,solar,0.7536401351274307
226,13,2030,solar,0.7915894547217168
226,14,2030,solar,0.784850174268522
226,15,2030,solar,0.7126717892183324
226,16,2030,solar,0.5962401637964931
226,17,2030,solar,0.43304228939817
226,18,2030,solar,0.21402783375483025
226,19,2030,solar,0.03237165290400797
226,20,2030,solar,0.0
226,21,2030,solar,0.0
226,22,2030,solar,0.0
226,23,2030,solar,0.0
226,24,2030,solar,0.0
226,1,2030,wind_offshore,0.9914630722655162
226,2,2030,wind_offshore,0.9868107039989218
226,3,2030,wind_offshore,0.9954103587727141
226,4,2030,wind_offshore,0.9925105256594149
226,5,2030,wind_offshore,0.9869371088745673
226,6,2030,wind_offshore,0.9796910285987164
226,7,2030,wind_offshore,0.9890630968933792
226,8,2030,wind_offshore,0.9965274993153999
226,9,2030,wind_offshore,0.9994957398231907
226,10,2030,wind_offshore,0.9959407690600968
226,11,2030,wind_offshore,0.9924314051032507
226,12,2030,wind_offshore,0.9853667913172781
226,13,2030,wind_offshore,0.9761991044227643
226,14,2030,wind_offshore,0.9628674442097784
226,15,2030,wind_offshore,0.9329753965926675
226,16,2030,wind_offshore,0.8944391345916067
226,17,2030,wind_offshore,0.8819928473749625
226,18,2030,wind_offshore,0.8257584172444987
226,19,2030,wind_offshore,0.6907076801716677
226,20,2030,wind_offshore,0.6021829898401516
226,21,2030,wind_offshore,0.5194118881685188
226,22,2030,wind_offshore,0.35129969650923043
226,23,2030,wind_offshore,0.20382817119276117
226,24,2030,wind_offshore,0.1455638113210657
226,1,2030,wind_onshore,0.3170706507649376
226,2,2030,wind_onshore,0.2918278025272019
226,3,2030,wind_onshore,0.26771138539384465
226,4,2030,wind_onshore,0.25060664527953824
226,5,2030,wind_onshore,0.23715519126177798
226,6,2030,wind_onshore,0.23087719326091002
226,7,2030,wind_onshore,0.22497773301639534
226,8,2030,wind_onshore,0.21843662017739965
226,9,2030,wind_onshore,0.17978908087599588
226,10,2030,wind_onshore,0.1558522489505449
226,11,2030,wind_onshore,0.14433123905426015
226,12,2030,wind_onshore,0.1428982370032695
226,13,2030,wind_onshore,0.14093565333093697
226,14,2030,wind_onshore,0.13944487769933994
226,15,2030,wind_onshore,0.14013323895215904
226,16,2030,wind_onshore,0.13975396433586695
226,17,2030,wind_onshore,0.1472809675891124
226,18,2030,wind_onshore,0.1558706803810023
226,19,2030,wind_onshore,0.16962810651367577
226,20,2030,wind_onshore,0.1951856483772757
226,21,2030,wind_onshore,0.19729577309464813
226,22,2030,wind_onshore,0.18607762003005
226,23,2030,wind_onshore,0.17419042157275755
226,24,2030,wind_onshore,0.1543070612958698
227,1,2030,demand,0.5026914740233719
227,2,2030,demand,0.4968949151412039
227,3,2030,demand,0.4932899619287305
227,4,2030,demand,0.48814400669458435
227,5,2030,demand,0.49077878816698417
227,6,2030,demand,0.5020054593816929
227,7,2030,demand,0.5239241564475865
227,8,2030,demand,0.5594980294589293
227,9,2030,demand,0.5888715451649533
227,10,2030,demand,0.603607419575021
227,11,2030,demand,0.6089849370883818
227,12,2030,demand,0.6139085333081666
227,13,2030,demand,0.611259075703332
227,14,2030,demand,0.6039582727615241
227,15,2030,demand,0.590609518801127
227,16,2030,demand,0.5858853223572205
227,17,2030,demand,0.5858641750015086
227,18,2030,demand,0.5869966897985087
227,19,2030,demand,0.6004595365617532
227,20,2030,demand,0.6106209189505379
227,21,2030,demand,0.6025787556689765
227,22,2030,demand,0.5696284169764325
227,23,2030,demand,0.532619759539877
227,24,2030,demand,0.5276579240440271
227,1,2030,solar,0.0
227,2,2030,solar,0.0
227,3,2030,solar,0.0
227,4,2030,solar,0.0
227,5,2030,solar,0.0
227,6,2030,solar,0.0
227,7,2030,solar,0.0
227,8,2030,solar,0.042632968139997424
227,9,2030,solar,0.21712664660263908
227,10,2030,solar,0.41112151487337334
227,11,2030,solar,0.548496712855283
227,12,2030,solar,0.6330706550859881
227,13,2030,solar,0.6488160117714334
227,14,2030,solar,0.6111318710053634
227,15,2030,solar,0.513498126924826
227,16,2030,solar,0.371872309911949
227,17,2030,solar,0.1984761213344649
227,18,2030,solar,0.042822499016189175
227,19,2030,solar,0.0
227,20,2030,solar,0.0
227,21,2030,solar,0.0
227,22,2030,solar,0.0
227,23,2030,solar,0.0
227,24,2030,solar,0.0
227,1,2030,wind_offshore,0.9564797666657711
227,2,2030,wind_offshore,0.9553016547687638
227,3,2030,wind_offshore,0.958187561820576
227,4,2030,wind_offshore,0.9584816167992827
227,5,2030,wind_offshore,0.9618578400708638
227,6,2030,wind_offshore,0.9652804117089401
227,7,2030,wind_offshore,0.9622900382327083
227,8,2030,wind_offshore,0.939743267888955
227,9,2030,wind_offshore,0.8816485052440938
227,10,2030,wind_offshore,0.8015124210095262
227,11,2030,wind_offshore,0.7954678353758918
227,12,2030,wind_offshore,0.7466177164419634
227,13,2030,wind_offshore,0.698743468431088
227,14,2030,wind_offshore,0.6411277868009579
227,15,2030,wind_offshore,0.6272299389555326
227,16,2030,wind_offshore,0.6129376953227146
227,17,2030,wind_offshore,0.5796491400319372
227,18,2030,wind_offshore,0.52556048226998
227,19,2030,wind_offshore,0.4780503535970838
227,20,2030,wind_offshore,0.44945926403305414
227,21,2030,wind_offshore,0.37558961184593276
227,22,2030,wind_offshore,0.29911212046173685
227,23,2030,wind_offshore,0.28739378744291566
227,24,2030,wind_offshore,0.2301729267361468
227,1,2030,wind_onshore,0.20390177963955605
227,2,2030,wind_onshore,0.2047172253128952
227,3,2030,wind_onshore,0.20382958509446295
227,4,2030,wind_onshore,0.20766340011010673
227,5,2030,wind_onshore,0.2138631535888154
227,6,2030,wind_onshore,0.22541493509798796
227,7,2030,wind_onshore,0.23717221736958422
227,8,2030,wind_onshore,0.2537029137709116
227,9,2030,wind_onshore,0.2636745860066689
227,10,2030,wind_onshore,0.28014652544869123
227,11,2030,wind_onshore,0.31034418078595644
227,12,2030,wind_onshore,0.33825350160385875
227,13,2030,wind_onshore,0.355212686102367
227,14,2030,wind_onshore,0.36704546032335245
227,15,2030,wind_onshore,0.3583336281020886
227,16,2030,wind_onshore,0.34480736169919857
227,17,2030,wind_onshore,0.3205942712965788
227,18,2030,wind_onshore,0.2806223889967575
227,19,2030,wind_onshore,0.25041480509626335
227,20,2030,wind_onshore,0.23026507744603594
227,21,2030,wind_onshore,0.21378993693864004
227,22,2030,wind_onshore,0.2056245984948452
227,23,2030,wind_onshore,0.1946389331573086
227,24,2030,wind_onshore,0.1883957479943682
228,1,2030,demand,0.4915117349938369
228,2,2030,demand,0.48856326247774756
228,3,2030,demand,0.48217599695469304
228,4,2030,demand,0.47496782849719077
228,5,2030,demand,0.49133786350624087
228,6,2030,demand,0.5152751513746934
228,7,2030,demand,0.5445873889445848
228,8,2030,demand,0.5816935961756395
228,9,2030,demand,0.6157651931135402
228,10,2030,demand,0.6367011486384773
228,11,2030,demand,0.6443978166661107
228,12,2030,demand,0.6539782363028904
228,13,2030,demand,0.647925085519766
228,14,2030,demand,0.6359752247099799
228,15,2030,demand,0.6266555131805183
228,16,2030,demand,0.6265946929686914
228,17,2030,demand,0.627263605375184
228,18,2030,demand,0.6262267669690241
228,19,2030,demand,0.6283557795319045
228,20,2030,demand,0.6342167752300655
228,21,2030,demand,0.615636108197951
228,22,2030,demand,0.571699344824565
228,23,2030,demand,0.5353693756100081
228,24,2030,demand,0.5277738305378777
228,1,2030,solar,0.0
228,2,2030,solar,0.0
228,3,2030,solar,0.0
228,4,2030,solar,0.0
228,5,2030,solar,0.0
228,6,2030,solar,7.455575166149086e-5
228,7,2030,solar,0.020412872851213036
228,8,2030,solar,0.13307825032942136
228,9,2030,solar,0.3017221984955
228,10,2030,solar,0.4522060647412638
228,11,2030,solar,0.5429347403257034
228,12,2030,solar,0.5686091599905787
228,13,2030,solar,0.5283988827060602
228,14,2030,solar,0.4735939094891092
228,15,2030,solar,0.412724286507825
228,16,2030,solar,0.33160303453873985
228,17,2030,solar,0.23506527568961552
228,18,2030,solar,0.13539880446342406
228,19,2030,solar,0.04835984428765397
228,20,2030,solar,0.008082846171392006
228,21,2030,solar,0.0
228,22,2030,solar,0.0
228,23,2030,solar,0.0
228,24,2030,solar,0.0
228,1,2030,wind_offshore,0.3950036473196825
228,2,2030,wind_offshore,0.3691721361543482
228,3,2030,wind_offshore,0.33908125433946523
228,4,2030,wind_offshore,0.34130861763817144
228,5,2030,wind_offshore,0.34753211538830575
228,6,2030,wind_offshore,0.36139322859481804
228,7,2030,wind_offshore,0.3521788809248485
228,8,2030,wind_offshore,0.36462004324128683
228,9,2030,wind_offshore,0.38949678391553216
228,10,2030,wind_offshore,0.3851580523207577
228,11,2030,wind_offshore,0.23241461828929777
228,12,2030,wind_offshore,0.20140178238181997
228,13,2030,wind_offshore,0.2019505826559656
228,14,2030,wind_offshore,0.20744486943331536
228,15,2030,wind_offshore,0.24513876305383783
228,16,2030,wind_offshore,0.28599044320487843
228,17,2030,wind_offshore,0.31430729770200816
228,18,2030,wind_offshore,0.3290017293110802
228,19,2030,wind_offshore,0.3257853077496308
228,20,2030,wind_offshore,0.3382752109392013
228,21,2030,wind_offshore,0.3300557806005402
228,22,2030,wind_offshore,0.31230549246546624
228,23,2030,wind_offshore,0.26781235109984475
228,24,2030,wind_offshore,0.27454155209822373
228,1,2030,wind_onshore,0.28210131663687366
228,2,2030,wind_onshore,0.2980711865597925
228,3,2030,wind_onshore,0.3048915089421238
228,4,2030,wind_onshore,0.3037605315510845
228,5,2030,wind_onshore,0.3020962417545014
228,6,2030,wind_onshore,0.29624419944865
228,7,2030,wind_onshore,0.2920329527751413
228,8,2030,wind_onshore,0.297966197037529
228,9,2030,wind_onshore,0.29751654215822687
228,10,2030,wind_onshore,0.30420195362795166
228,11,2030,wind_onshore,0.2763358643660174
228,12,2030,wind_onshore,0.3077233339968807
228,13,2030,wind_onshore,0.34145819155369433
228,14,2030,wind_onshore,0.3728282747502031
228,15,2030,wind_onshore,0.39242411372717034
228,16,2030,wind_onshore,0.4178325839128836
228,17,2030,wind_onshore,0.4296400562514513
228,18,2030,wind_onshore,0.4169064539553208
228,19,2030,wind_onshore,0.3892365769258974
228,20,2030,wind_onshore,0.34980120256823216
228,21,2030,wind_onshore,0.325159420887888
228,22,2030,wind_onshore,0.29039468478060587
228,23,2030,wind_onshore,0.2515659670153002
228,24,2030,wind_onshore,0.24418844791653446
229,1,2030,demand,0.5019827463793236
229,2,2030,demand,0.49115783598266766
229,3,2030,demand,0.4830760611821199
229,4,2030,demand,0.47509167250130935
229,5,2030,demand,0.4796729918179423
229,6,2030,demand,0.496766239957105
229,7,2030,demand,0.5227198579528392
229,8,2030,demand,0.5677982264237171
229,9,2030,demand,0.6071935155982005
229,10,2030,demand,0.6315137303464027
229,11,2030,demand,0.648993578521153
229,12,2030,demand,0.6493869804498094
229,13,2030,demand,0.6355368930406418
229,14,2030,demand,0.6106950181273132
229,15,2030,demand,0.5972532496233849
229,16,2030,demand,0.5933565200269804
229,17,2030,demand,0.5976714182725975
229,18,2030,demand,0.608640366957669
229,19,2030,demand,0.6417756402608776
229,20,2030,demand,0.6609446960928453
229,21,2030,demand,0.657713382790402
229,22,2030,demand,0.6203927545190512
229,23,2030,demand,0.5735457043783189
229,24,2030,demand,0.5564620733354779
229,1,2030,solar,0.0
229,2,2030,solar,0.0
229,3,2030,solar,0.0
229,4,2030,solar,0.0
229,5,2030,solar,0.0
229,6,2030,solar,0.0
229,7,2030,solar,0.0
229,8,2030,solar,0.06556502833666905
229,9,2030,solar,0.2828553801677466
229,10,2030,solar,0.5126789644388214
229,11,2030,solar,0.6571332273161035
229,12,2030,solar,0.7597455137344631
229,13,2030,solar,0.8066284734578162
229,14,2030,solar,0.7940150857896504
229,15,2030,solar,0.7153497651757892
229,16,2030,solar,0.6000280713517696
229,17,2030,solar,0.4243426653469341
229,18,2030,solar,0.20441028911350717
229,19,2030,solar,0.027081460711762394
229,20,2030,solar,0.0
229,21,2030,solar,0.0
229,22,2030,solar,0.0
229,23,2030,solar,0.0
229,24,2030,solar,0.0
229,1,2030,wind_offshore,0.9660832342683241
229,2,2030,wind_offshore,0.9600416327008006
229,3,2030,wind_offshore,0.9535177833648345
229,4,2030,wind_offshore,0.9571192958025196
229,5,2030,wind_offshore,0.9634170982160171
229,6,2030,wind_offshore,0.958960543367348
229,7,2030,wind_offshore,0.9625828931777358
229,8,2030,wind_offshore,0.9622886975677598
229,9,2030,wind_offshore,0.9575955233079242
229,10,2030,wind_offshore,0.9611393483694056
229,11,2030,wind_offshore,0.9501858127499481
229,12,2030,wind_offshore,0.9476956117592006
229,13,2030,wind_offshore,0.9462888007150709
229,14,2030,wind_offshore,0.9426103867895383
229,15,2030,wind_offshore,0.9280212717463632
229,16,2030,wind_offshore,0.9325207619311995
229,17,2030,wind_offshore,0.9322204066491658
229,18,2030,wind_offshore,0.8803553436144963
229,19,2030,wind_offshore,0.5719209733963063
229,20,2030,wind_offshore,0.23492035345939352
229,21,2030,wind_offshore,0.2976194817028791
229,22,2030,wind_offshore,0.5721898176733848
229,23,2030,wind_offshore,0.7416097932586927
229,24,2030,wind_offshore,0.7909266485787858
229,1,2030,wind_onshore,0.13626220715727932
229,2,2030,wind_onshore,0.1427518343453202
229,3,2030,wind_onshore,0.14585191076344037
229,4,2030,wind_onshore,0.1458201957003919
229,5,2030,wind_onshore,0.14237107293090512
229,6,2030,wind_onshore,0.14284782767596305
229,7,2030,wind_onshore,0.14389168688146825
229,8,2030,wind_onshore,0.14582322225115607
229,9,2030,wind_onshore,0.14714237423444793
229,10,2030,wind_onshore,0.1341003075824963
229,11,2030,wind_onshore,0.12684751908066072
229,12,2030,wind_onshore,0.1515899632039296
229,13,2030,wind_onshore,0.1782746793479299
229,14,2030,wind_onshore,0.20694297381391702
229,15,2030,wind_onshore,0.23309171545815155
229,16,2030,wind_onshore,0.2480183752669396
229,17,2030,wind_onshore,0.2476591856292391
229,18,2030,wind_onshore,0.223418030445711
229,19,2030,wind_onshore,0.20599118189587362
229,20,2030,wind_onshore,0.2296462520928878
229,21,2030,wind_onshore,0.2494463704180635
229,22,2030,wind_onshore,0.2577654342258436
229,23,2030,wind_onshore,0.2691149732992767
229,24,2030,wind_onshore,0.26750054861711714
230,1,2030,demand,0.5391320381712135
230,2,2030,demand,0.5345292575705509
230,3,2030,demand,0.5312380032676609
230,4,2030,demand,0.519872298933229
230,5,2030,demand,0.536263729938826
230,6,2030,demand,0.5579630969622464
230,7,2030,demand,0.583639180378265
230,8,2030,demand,0.6239147707990161
230,9,2030,demand,0.6618930763202123
230,10,2030,demand,0.6927593723282295
230,11,2030,demand,0.7240444902988941
230,12,2030,demand,0.7561201708455558
230,13,2030,demand,0.7568213539301033
230,14,2030,demand,0.7597487728963302
230,15,2030,demand,0.760564260190483
230,16,2030,demand,0.7590146692123599
230,17,2030,demand,0.7458340328185545
230,18,2030,demand,0.7413995757021554
230,19,2030,demand,0.7316329745096526
230,20,2030,demand,0.7203149005731546
230,21,2030,demand,0.7078083246624203
230,22,2030,demand,0.6660621637369857
230,23,2030,demand,0.6144323324002643
230,24,2030,demand,0.6009273828219607
230,1,2030,solar,0.0
230,2,2030,solar,0.0
230,3,2030,solar,0.0
230,4,2030,solar,0.0
230,5,2030,solar,0.0
230,6,2030,solar,0.0011295959524234883
230,7,2030,solar,0.04134229821278031
230,8,2030,solar,0.19049803150738343
230,9,2030,solar,0.36942663848125934
230,10,2030,solar,0.5364653196428124
230,11,2030,solar,0.6236347981953647
230,12,2030,solar,0.6683938019404401
230,13,2030,solar,0.6959779401501334
230,14,2030,solar,0.6791100916054953
230,15,2030,solar,0.6103824281667536
230,16,2030,solar,0.4973291270426567
230,17,2030,solar,0.37642808764013463
230,18,2030,solar,0.24572744732445329
230,19,2030,solar,0.10876414126737588
230,20,2030,solar,0.008086635882345256
230,21,2030,solar,0.0
230,22,2030,solar,0.0
230,23,2030,solar,0.0
230,24,2030,solar,0.0
230,1,2030,wind_offshore,0.0412973816699796
230,2,2030,wind_offshore,0.03918599095496178
230,3,2030,wind_offshore,0.04709900239493862
230,4,2030,wind_offshore,0.06401063538630253
230,5,2030,wind_offshore,0.10919141901658955
230,6,2030,wind_offshore,0.17620056320719782
230,7,2030,wind_offshore,0.2531733979469555
230,8,2030,wind_offshore,0.303061923506972
230,9,2030,wind_offshore,0.32326470830227516
230,10,2030,wind_offshore,0.3429620384308315
230,11,2030,wind_offshore,0.3334325328585098
230,12,2030,wind_offshore,0.4721588783077833
230,13,2030,wind_offshore,0.6727260028323341
230,14,2030,wind_offshore,0.8152351605572133
230,15,2030,wind_offshore,0.8880420129555191
230,16,2030,wind_offshore,0.9017067372099352
230,17,2030,wind_offshore,0.905114828299228
230,18,2030,wind_offshore,0.9149393733465426
230,19,2030,wind_offshore,0.917426548538522
230,20,2030,wind_offshore,0.9339843351739029
230,21,2030,wind_offshore,0.9306359947137048
230,22,2030,wind_offshore,0.9382709646702709
230,23,2030,wind_offshore,0.8989311036854883
230,24,2030,wind_offshore,0.9106156078273351
230,1,2030,wind_onshore,0.05342010081666287
230,2,2030,wind_onshore,0.059239365741853206
230,3,2030,wind_onshore,0.0624809720872717
230,4,2030,wind_onshore,0.0650534427521201
230,5,2030,wind_onshore,0.0642655024914236
230,6,2030,wind_onshore,0.0662244221074704
230,7,2030,wind_onshore,0.06826524880147236
230,8,2030,wind_onshore,0.06173445981485283
230,9,2030,wind_onshore,0.056668859207590974
230,10,2030,wind_onshore,0.0629431260859513
230,11,2030,wind_onshore,0.055410050718706874
230,12,2030,wind_onshore,0.06904325143041773
230,13,2030,wind_onshore,0.08564310450803089
230,14,2030,wind_onshore,0.10323649001237836
230,15,2030,wind_onshore,0.12105490395719362
230,16,2030,wind_onshore,0.13591110896903158
230,17,2030,wind_onshore,0.14562854377550635
230,18,2030,wind_onshore,0.15260497107231402
230,19,2030,wind_onshore,0.170249465064162
230,20,2030,wind_onshore,0.20258237502013773
230,21,2030,wind_onshore,0.24622617710595535
230,22,2030,wind_onshore,0.263584063685534
230,23,2030,wind_onshore,0.22584324513353254
230,24,2030,wind_onshore,0.20804158427476083
231,1,2030,demand,0.498343210476053
231,2,2030,demand,0.4941998505858085
231,3,2030,demand,0.4919537231809648
231,4,2030,demand,0.4786712017591255
231,5,2030,demand,0.47949494105684387
231,6,2030,demand,0.4856179173238907
231,7,2030,demand,0.4992698572500457
231,8,2030,demand,0.529549983154558
231,9,2030,demand,0.5501951946636026
231,10,2030,demand,0.5687075192579134
231,11,2030,demand,0.5738770211843216
231,12,2030,demand,0.5721124527369246
231,13,2030,demand,0.5683909149324273
231,14,2030,demand,0.555419421596244
231,15,2030,demand,0.5424259598497821
231,16,2030,demand,0.538026141066962
231,17,2030,demand,0.5356591686989766
231,18,2030,demand,0.5373413107182285
231,19,2030,demand,0.5439852038777604
231,20,2030,demand,0.5600730876993456
231,21,2030,demand,0.5634649415895018
231,22,2030,demand,0.5430452462853819
231,23,2030,demand,0.516476643334512
231,24,2030,demand,0.5112930870349649
231,1,2030,solar,0.0
231,2,2030,solar,0.0
231,3,2030,solar,0.0
231,4,2030,solar,0.0
231,5,2030,solar,0.0
231,6,2030,solar,0.0
231,7,2030,solar,0.0
231,8,2030,solar,0.065084509469295
231,9,2030,solar,0.22964769369076382
231,10,2030,solar,0.407082068437455
231,11,2030,solar,0.5311690441078907
231,12,2030,solar,0.6144009976186642
231,13,2030,solar,0.6134662256775768
231,14,2030,solar,0.5766258278174843
231,15,2030,solar,0.4960329075818237
231,16,2030,solar,0.3873377776949703
231,17,2030,solar,0.24504034378846196
231,18,2030,solar,0.08014266664489439
231,19,2030,solar,0.0
231,20,2030,solar,0.0
231,21,2030,solar,0.0
231,22,2030,solar,0.0
231,23,2030,solar,0.0
231,24,2030,solar,0.0
231,1,2030,wind_offshore,0.808897085525678
231,2,2030,wind_offshore,0.8780488663864685
231,3,2030,wind_offshore,0.8867339323886729
231,4,2030,wind_offshore,0.9042390168542085
231,5,2030,wind_offshore,0.9036397242860144
231,6,2030,wind_offshore,0.9140974066867141
231,7,2030,wind_offshore,0.9272421174392
231,8,2030,wind_offshore,0.9312580155359672
231,9,2030,wind_offshore,0.9268544882708183
231,10,2030,wind_offshore,0.9369272454369804
231,11,2030,wind_offshore,0.9381071894659326
231,12,2030,wind_offshore,0.9375928564289923
231,13,2030,wind_offshore,0.9455656172230739
231,14,2030,wind_offshore,0.948885178608124
231,15,2030,wind_offshore,0.9522701965553391
231,16,2030,wind_offshore,0.9611862677241558
231,17,2030,wind_offshore,0.9624629794542292
231,18,2030,wind_offshore,0.9511657088747703
231,19,2030,wind_offshore,0.9534964187898245
231,20,2030,wind_offshore,0.9339132620081767
231,21,2030,wind_offshore,0.9328138803332977
231,22,2030,wind_offshore,0.937568128329786
231,23,2030,wind_offshore,0.9714756936967063
231,24,2030,wind_offshore,0.9529984299459963
231,1,2030,wind_onshore,0.07134497073514813
231,2,2030,wind_onshore,0.07275511144229796
231,3,2030,wind_onshore,0.07508103484704438
231,4,2030,wind_onshore,0.07194424361220621
231,5,2030,wind_onshore,0.06698037566404615
231,6,2030,wind_onshore,0.06902525255341244
231,7,2030,wind_onshore,0.07114003204582638
231,8,2030,wind_onshore,0.07647019227323881
231,9,2030,wind_onshore,0.06748083383788103
231,10,2030,wind_onshore,0.0695787756629966
231,11,2030,wind_onshore,0.06969597586328782
231,12,2030,wind_onshore,0.09456179418251823
231,13,2030,wind_onshore,0.11426800697877432
231,14,2030,wind_onshore,0.12152520884371984
231,15,2030,wind_onshore,0.12013950752210997
231,16,2030,wind_onshore,0.11751877999418359
231,17,2030,wind_onshore,0.11750253046371092
231,18,2030,wind_onshore,0.12459250413082068
231,19,2030,wind_onshore,0.13556730307877785
231,20,2030,wind_onshore,0.13175265436237793
231,21,2030,wind_onshore,0.12051312172868826
231,22,2030,wind_onshore,0.11559109244694034
231,23,2030,wind_onshore,0.0941790696539809
231,24,2030,wind_onshore,0.09920197191570165
232,1,2030,demand,0.5451264611703669
232,2,2030,demand,0.5214074266939235
232,3,2030,demand,0.5115162809834809
232,4,2030,demand,0.4969441037870229
232,5,2030,demand,0.4957439739039869
232,6,2030,demand,0.5230495596239496
232,7,2030,demand,0.5695661566809853
232,8,2030,demand,0.6197238188717726
232,9,2030,demand,0.6627201669393136
232,10,2030,demand,0.6823588950483469
232,11,2030,demand,0.6842704941318696
232,12,2030,demand,0.6727093579792329
232,13,2030,demand,0.6579199375424196
232,14,2030,demand,0.6437405524399987
232,15,2030,demand,0.6201505872291571
232,16,2030,demand,0.6076436783426485
232,17,2030,demand,0.6046171686203151
232,18,2030,demand,0.6183104263411653
232,19,2030,demand,0.6439715060032656
232,20,2030,demand,0.6818909507172698
232,21,2030,demand,0.6844891573395935
232,22,2030,demand,0.6420542871971234
232,23,2030,demand,0.5806833177134196
232,24,2030,demand,0.5585368342444913
232,1,2030,solar,0.0
232,2,2030,solar,0.0
232,3,2030,solar,0.0
232,4,2030,solar,0.0
232,5,2030,solar,0.0
232,6,2030,solar,0.0
232,7,2030,solar,0.0
232,8,2030,solar,0.0
232,9,2030,solar,0.0712288690897049
232,10,2030,solar,0.1950006655349417
232,11,2030,solar,0.3315204058062366
232,12,2030,solar,0.45975068297284927
232,13,2030,solar,0.541852468145571
232,14,2030,solar,0.5724972461433256
232,15,2030,solar,0.5299538810719242
232,16,2030,solar,0.42519151709728226
232,17,2030,solar,0.26161367251063616
232,18,2030,solar,0.0867217462727789
232,19,2030,solar,0.0
232,20,2030,solar,0.0
232,21,2030,solar,0.0
232,22,2030,solar,0.0
232,23,2030,solar,0.0
232,24,2030,solar,0.0
232,1,2030,wind_offshore,0.030207378086693427
232,2,2030,wind_offshore,0.004814846435680466
232,3,2030,wind_offshore,0.0015311403034648388
232,4,2030,wind_offshore,0.0003880768288286925
232,5,2030,wind_offshore,0.0
232,6,2030,wind_offshore,3.3985899288060455e-5
232,7,2030,wind_offshore,0.0026275748778280773
232,8,2030,wind_offshore,0.021267009132492517
232,9,2030,wind_offshore,0.0499422926302208
232,10,2030,wind_offshore,0.1296842424163464
232,11,2030,wind_offshore,0.2336876886786545
232,12,2030,wind_offshore,0.28895721332006113
232,13,2030,wind_offshore,0.20914086903167342
232,14,2030,wind_offshore,0.14959175275225262
232,15,2030,wind_offshore,0.15093509400753657
232,16,2030,wind_offshore,0.12821872223292077
232,17,2030,wind_offshore,0.1076734245390601
232,18,2030,wind_offshore,0.11083996267122585
232,19,2030,wind_offshore,0.18395132615616117
232,20,2030,wind_offshore,0.3101374984165542
232,21,2030,wind_offshore,0.45584747151809124
232,22,2030,wind_offshore,0.5678940870252538
232,23,2030,wind_offshore,0.5250293061509352
232,24,2030,wind_offshore,0.6045706777467097
232,1,2030,wind_onshore,0.22087831279561268
232,2,2030,wind_onshore,0.25160862171470766
232,3,2030,wind_onshore,0.28023498431175153
232,4,2030,wind_onshore,0.28817754651591004
232,5,2030,wind_onshore,0.3036739160381927
232,6,2030,wind_onshore,0.29207060724608197
232,7,2030,wind_onshore,0.27152000497438167
232,8,2030,wind_onshore,0.2618602640096414
232,9,2030,wind_onshore,0.2467448558840098
232,10,2030,wind_onshore,0.2274511575631429
232,11,2030,wind_onshore,0.2182015444633424
232,12,2030,wind_onshore,0.2339822779310301
232,13,2030,wind_onshore,0.24125810598573552
232,14,2030,wind_onshore,0.24457143909552045
232,15,2030,wind_onshore,0.2447222114373544
232,16,2030,wind_onshore,0.25160091220017033
232,17,2030,wind_onshore,0.2637962033189285
232,18,2030,wind_onshore,0.27091871046269705
232,19,2030,wind_onshore,0.2767611797094731
232,20,2030,wind_onshore,0.2551648052766501
232,21,2030,wind_onshore,0.20902014383290551
232,22,2030,wind_onshore,0.16654928744172207
232,23,2030,wind_onshore,0.1389922762210599
232,24,2030,wind_onshore,0.12844592515871997
233,1,2030,demand,0.4878409996254406
233,2,2030,demand,0.47450312279267826
233,3,2030,demand,0.4595695979940068
233,4,2030,demand,0.44632835283392247
233,5,2030,demand,0.4370525724574736
233,6,2030,demand,0.4356186108361296
233,7,2030,demand,0.44506793226124775
233,8,2030,demand,0.4692969322349242
233,9,2030,demand,0.5019516177606521
233,10,2030,demand,0.5236386860059592
233,11,2030,demand,0.5269224941979801
233,12,2030,demand,0.5224948033717539
233,13,2030,demand,0.5206524890916905
233,14,2030,demand,0.5117827830858919
233,15,2030,demand,0.492089649360686
233,16,2030,demand,0.48092140133183425
233,17,2030,demand,0.47926030408040443
233,18,2030,demand,0.48177431991257613
233,19,2030,demand,0.5146580447307336
233,20,2030,demand,0.5429425929683216
233,21,2030,demand,0.5450151871978699
233,22,2030,demand,0.5293984644178069
233,23,2030,demand,0.49561929228142343
233,24,2030,demand,0.4894463382692631
233,1,2030,solar,0.0
233,2,2030,solar,0.0
233,3,2030,solar,0.0
233,4,2030,solar,0.0
233,5,2030,solar,0.0
233,6,2030,solar,0.0
233,7,2030,solar,0.01898841074860077
233,8,2030,solar,0.15853498070492594
233,9,2030,solar,0.34288296272257535
233,10,2030,solar,0.5230556392836692
233,11,2030,solar,0.6327370439413702
233,12,2030,solar,0.683642158470018
233,13,2030,solar,0.6950075453957066
233,14,2030,solar,0.6983782401817724
233,15,2030,solar,0.6665066324638228
233,16,2030,solar,0.5837188347303854
233,17,2030,solar,0.445734372018455
233,18,2030,solar,0.2495593805737431
233,19,2030,solar,0.05884476250327553
233,20,2030,solar,0.0003138959274353253
233,21,2030,solar,0.0
233,22,2030,solar,0.0
233,23,2030,solar,0.0
233,24,2030,solar,0.0
233,1,2030,wind_offshore,0.6338403886869171
233,2,2030,wind_offshore,0.6342152860157813
233,3,2030,wind_offshore,0.6492160295884011
233,4,2030,wind_offshore,0.5806334855735047
233,5,2030,wind_offshore,0.515931046138291
233,6,2030,wind_offshore,0.4725497162320052
233,7,2030,wind_offshore,0.3891658586306126
233,8,2030,wind_offshore,0.28391202399229754
233,9,2030,wind_offshore,0.21410668310624767
233,10,2030,wind_offshore,0.21102892103846943
233,11,2030,wind_offshore,0.1648511023416387
233,12,2030,wind_offshore,0.17396104108547458
233,13,2030,wind_offshore,0.1820066236139281
233,14,2030,wind_offshore,0.18973950218108238
233,15,2030,wind_offshore,0.15294793697924722
233,16,2030,wind_offshore,0.09752192983135782
233,17,2030,wind_offshore,0.0566134152657993
233,18,2030,wind_offshore,0.031745567227484665
233,19,2030,wind_offshore,0.011879612641306565
233,20,2030,wind_offshore,0.0033833560505623153
233,21,2030,wind_offshore,0.00011339372745561364
233,22,2030,wind_offshore,0.0
233,23,2030,wind_offshore,0.0
233,24,2030,wind_offshore,0.003679848267571338
233,1,2030,wind_onshore,0.1911129222611288
233,2,2030,wind_onshore,0.1883719894918561
233,3,2030,wind_onshore,0.17402910790218984
233,4,2030,wind_onshore,0.16675094327917378
233,5,2030,wind_onshore,0.1558936537903667
233,6,2030,wind_onshore,0.14553028397684126
233,7,2030,wind_onshore,0.13196815474904616
233,8,2030,wind_onshore,0.10631720052297056
233,9,2030,wind_onshore,0.08434782014250329
233,10,2030,wind_onshore,0.08172638931914059
233,11,2030,wind_onshore,0.058762578530620974
233,12,2030,wind_onshore,0.05772558945558775
233,13,2030,wind_onshore,0.0627116679583555
233,14,2030,wind_onshore,0.07820574665008075
233,15,2030,wind_onshore,0.097489042286827
233,16,2030,wind_onshore,0.1123929381582078
233,17,2030,wind_onshore,0.12605894704066978
233,18,2030,wind_onshore,0.12613975632564128
233,19,2030,wind_onshore,0.11797058786132254
233,20,2030,wind_onshore,0.12712658632284232
233,21,2030,wind_onshore,0.127990097091372
233,22,2030,wind_onshore,0.13060211183127463
233,23,2030,wind_onshore,0.11920776016105518
233,24,2030,wind_onshore,0.1036634574336556
234,1,2030,demand,0.5291086940730074
234,2,2030,demand,0.5181504443934292
234,3,2030,demand,0.5068638339027913
234,4,2030,demand,0.49398323741493577
234,5,2030,demand,0.4903278544771567
234,6,2030,demand,0.5127046462507304
234,7,2030,demand,0.544997683641147
234,8,2030,demand,0.5836845259058687
234,9,2030,demand,0.6197171018308971
234,10,2030,demand,0.6367116247418609
234,11,2030,demand,0.6516772017640258
234,12,2030,demand,0.6524308603647077
234,13,2030,demand,0.6381595636976023
234,14,2030,demand,0.6171823404446117
234,15,2030,demand,0.5969137752942997
234,16,2030,demand,0.5872055197211328
234,17,2030,demand,0.5899536397754042
234,18,2030,demand,0.5947574943006189
234,19,2030,demand,0.6156553847032518
234,20,2030,demand,0.644232702727356
234,21,2030,demand,0.6412465270156507
234,22,2030,demand,0.6085278399240661
234,23,2030,demand,0.5580789164387472
234,24,2030,demand,0.5357433419232096
234,1,2030,solar,0.0
234,2,2030,solar,0.0
234,3,2030,solar,0.0
234,4,2030,solar,0.0
234,5,2030,solar,0.0
234,6,2030,solar,0.0
234,7,2030,solar,0.0
234,8,2030,solar,0.06395288953188848
234,9,2030,solar,0.2728913278942434
234,10,2030,solar,0.49265464612954935
234,11,2030,solar,0.6546151818159647
234,12,2030,solar,0.761428600790166
234,13,2030,solar,0.8088973402752084
234,14,2030,solar,0.796282374510252
234,15,2030,solar,0.7398459217297038
234,16,2030,solar,0.621523735032381
234,17,2030,solar,0.4399869944921225
234,18,2030,solar,0.21101186519254075
234,19,2030,solar,0.02875946166708617
234,20,2030,solar,0.0
234,21,2030,solar,0.0
234,22,2030,solar,0.0
234,23,2030,solar,0.0
234,24,2030,solar,0.0
234,1,2030,wind_offshore,0.8128413841973802
234,2,2030,wind_offshore,0.7944735830463397
234,3,2030,wind_offshore,0.7833036031734942
234,4,2030,wind_offshore,0.7697731421970806
234,5,2030,wind_offshore,0.7981717674437787
234,6,2030,wind_offshore,0.8304313149846261
234,7,2030,wind_offshore,0.84895703541895
234,8,2030,wind_offshore,0.8623087590233252
234,9,2030,wind_offshore,0.8669971183337455
234,10,2030,wind_offshore,0.8726926498864642
234,11,2030,wind_offshore,0.9150372731157523
234,12,2030,wind_offshore,0.8965415807078473
234,13,2030,wind_offshore,0.8721592142594905
234,14,2030,wind_offshore,0.8695588675402395
234,15,2030,wind_offshore,0.8900940981488632
234,16,2030,wind_offshore,0.9204289953617775
234,17,2030,wind_offshore,0.92440563726033
234,18,2030,wind_offshore,0.9347521496917404
234,19,2030,wind_offshore,0.9375227358767159
234,20,2030,wind_offshore,0.9403273876870671
234,21,2030,wind_offshore,0.9364399218852011
234,22,2030,wind_offshore,0.9394461407877548
234,23,2030,wind_offshore,0.9319033095573777
234,24,2030,wind_offshore,0.9329362480635365
234,1,2030,wind_onshore,0.27106657483638774
234,2,2030,wind_onshore,0.2730892119233991
234,3,2030,wind_onshore,0.2691100503622905
234,4,2030,wind_onshore,0.26947465217444294
234,5,2030,wind_onshore,0.2829284996097093
234,6,2030,wind_onshore,0.29475746104314404
234,7,2030,wind_onshore,0.2956863190775616
234,8,2030,wind_onshore,0.2914665979328751
234,9,2030,wind_onshore,0.28167073150370836
234,10,2030,wind_onshore,0.2566812770126965
234,11,2030,wind_onshore,0.2248177295237947
234,12,2030,wind_onshore,0.1877650036434272
234,13,2030,wind_onshore,0.1629660547491766
234,14,2030,wind_onshore,0.14310594500778662
234,15,2030,wind_onshore,0.14436974879111308
234,16,2030,wind_onshore,0.16616519058665818
234,17,2030,wind_onshore,0.1993025640614725
234,18,2030,wind_onshore,0.2359101942911847
234,19,2030,wind_onshore,0.2864491257233731
234,20,2030,wind_onshore,0.3341222792060614
234,21,2030,wind_onshore,0.3349576305227325
234,22,2030,wind_onshore,0.3150036107707287
234,23,2030,wind_onshore,0.25866355612977054
234,24,2030,wind_onshore,0.24045001202473687
235,1,2030,demand,0.49109663177156093
235,2,2030,demand,0.4872745352521961
235,3,2030,demand,0.4857654500462963
235,4,2030,demand,0.4909784237128017
235,5,2030,demand,0.5042506324278624
235,6,2030,demand,0.5359094244399205
235,7,2030,demand,0.5795078333339503
235,8,2030,demand,0.6142495896252738
235,9,2030,demand,0.6429868072315041
235,10,2030,demand,0.6521414009661725
235,11,2030,demand,0.6508494071890232
235,12,2030,demand,0.6474513015805785
235,13,2030,demand,0.6326640657454623
235,14,2030,demand,0.6167294501351619
235,15,2030,demand,0.6197548856490875
235,16,2030,demand,0.6182872488148381
235,17,2030,demand,0.6218083093332216
235,18,2030,demand,0.6106704216415211
235,19,2030,demand,0.6193151505044795
235,20,2030,demand,0.6307353975718464
235,21,2030,demand,0.6183259538164793
235,22,2030,demand,0.5750355971797028
235,23,2030,demand,0.5400333808976621
235,24,2030,demand,0.5393580179540975
235,1,2030,solar,0.0
235,2,2030,solar,0.0
235,3,2030,solar,0.0
235,4,2030,solar,0.0
235,5,2030,solar,0.0
235,6,2030,solar,0.0
235,7,2030,solar,0.010453618590161386
235,8,2030,solar,0.14060991471447437
235,9,2030,solar,0.333490829558646
235,10,2030,solar,0.517584511534404
235,11,2030,solar,0.6241955013005717
235,12,2030,solar,0.6709261518676661
235,13,2030,solar,0.6787458760298974
235,14,2030,solar,0.6714668784409394
235,15,2030,solar,0.6264011960005651
235,16,2030,solar,0.5305999006811423
235,17,2030,solar,0.39378802276166847
235,18,2030,solar,0.22114405720816843
235,19,2030,solar,0.052176282913580806
235,20,2030,solar,1.271279445197555e-6
235,21,2030,solar,0.0
235,22,2030,solar,0.0
235,23,2030,solar,0.0
235,24,2030,solar,0.0
235,1,2030,wind_offshore,0.2190601082115331
235,2,2030,wind_offshore,0.2791312460696936
235,3,2030,wind_offshore,0.3294050384470508
235,4,2030,wind_offshore,0.41243148466784835
235,5,2030,wind_offshore,0.5484434048754393
235,6,2030,wind_offshore,0.636363026823103
235,7,2030,wind_offshore,0.7031162288597343
235,8,2030,wind_offshore,0.677432475599089
235,9,2030,wind_offshore,0.6222501665924074
235,10,2030,wind_offshore,0.6553568051049823
235,11,2030,wind_offshore,0.5649788443790786
235,12,2030,wind_offshore,0.4915332211760052
235,13,2030,wind_offshore,0.438831326945203
235,14,2030,wind_offshore,0.3762521873583389
235,15,2030,wind_offshore,0.3544910329616817
235,16,2030,wind_offshore,0.37806732102473556
235,17,2030,wind_offshore,0.44231016263271467
235,18,2030,wind_offshore,0.5481504070145975
235,19,2030,wind_offshore,0.6832615329733162
235,20,2030,wind_offshore,0.6872086627732772
235,21,2030,wind_offshore,0.7191352203923866
235,22,2030,wind_offshore,0.7456337895176306
235,23,2030,wind_offshore,0.6495168497277103
235,24,2030,wind_offshore,0.6003540004952571
235,1,2030,wind_onshore,0.25918331371513775
235,2,2030,wind_onshore,0.23280780726449907
235,3,2030,wind_onshore,0.21133698221210076
235,4,2030,wind_onshore,0.19248477062224195
235,5,2030,wind_onshore,0.1774987261059367
235,6,2030,wind_onshore,0.17094237099722026
235,7,2030,wind_onshore,0.16875870835160556
235,8,2030,wind_onshore,0.16050199525890638
235,9,2030,wind_onshore,0.14896832862986414
235,10,2030,wind_onshore,0.13763662518162445
235,11,2030,wind_onshore,0.13255039572043947
235,12,2030,wind_onshore,0.14248968201876205
235,13,2030,wind_onshore,0.17906780219238905
235,14,2030,wind_onshore,0.22034877585789162
235,15,2030,wind_onshore,0.2646860835335055
235,16,2030,wind_onshore,0.2996149031528246
235,17,2030,wind_onshore,0.3285266181432325
235,18,2030,wind_onshore,0.3441481287979169
235,19,2030,wind_onshore,0.3345392404021651
235,20,2030,wind_onshore,0.29155348435716993
235,21,2030,wind_onshore,0.25715307430218226
235,22,2030,wind_onshore,0.23328206041212285
235,23,2030,wind_onshore,0.19377115886999158
235,24,2030,wind_onshore,0.1856772927218985
236,1,2030,demand,0.5768388882180793
236,2,2030,demand,0.5663350833015004
236,3,2030,demand,0.55012129083468
236,4,2030,demand,0.5371390239024609
236,5,2030,demand,0.5481707078396422
236,6,2030,demand,0.5660037030170668
236,7,2030,demand,0.5840362609070258
236,8,2030,demand,0.6253646332909734
236,9,2030,demand,0.6836532061164693
236,10,2030,demand,0.7324611616377659
236,11,2030,demand,0.7822804879170779
236,12,2030,demand,0.8188268166030463
236,13,2030,demand,0.8301868730053718
236,14,2030,demand,0.8263214656125701
236,15,2030,demand,0.8168281006266358
236,16,2030,demand,0.8146207002513383
236,17,2030,demand,0.8110901798693886
236,18,2030,demand,0.8016623786372886
236,19,2030,demand,0.772683995764666
236,20,2030,demand,0.7583859858407205
236,21,2030,demand,0.7428108671673825
236,22,2030,demand,0.6938119198552278
236,23,2030,demand,0.6389104307656092
236,24,2030,demand,0.6190959185749293
236,1,2030,solar,0.0
236,2,2030,solar,0.0
236,3,2030,solar,0.0
236,4,2030,solar,0.0
236,5,2030,solar,0.0
236,6,2030,solar,0.0
236,7,2030,solar,0.014053689933476964
236,8,2030,solar,0.15286842123134706
236,9,2030,solar,0.3441392701785085
236,10,2030,solar,0.5155788573488753
236,11,2030,solar,0.6305992108242897
236,12,2030,solar,0.7058235381572228
236,13,2030,solar,0.7299013606327978
236,14,2030,solar,0.7234269994966793
236,15,2030,solar,0.6703058747444264
236,16,2030,solar,0.5727308537645381
236,17,2030,solar,0.4364238115419474
236,18,2030,solar,0.267738221821612
236,19,2030,solar,0.09305918209064712
236,20,2030,solar,0.0010944063326048107
236,21,2030,solar,0.0
236,22,2030,solar,0.0
236,23,2030,solar,0.0
236,24,2030,solar,0.0
236,1,2030,wind_offshore,0.09056194034305408
236,2,2030,wind_offshore,0.0778351042489551
236,3,2030,wind_offshore,0.07706720865149387
236,4,2030,wind_offshore,0.08457697842474662
236,5,2030,wind_offshore,0.08101722361472286
236,6,2030,wind_offshore,0.06797577082525488
236,7,2030,wind_offshore,0.056548390125106394
236,8,2030,wind_offshore,0.05508714770159156
236,9,2030,wind_offshore,0.057655788351418
236,10,2030,wind_offshore,0.06365278227632865
236,11,2030,wind_offshore,0.06740323136424421
236,12,2030,wind_offshore,0.10756284798155585
236,13,2030,wind_offshore,0.14074057110084748
236,14,2030,wind_offshore,0.16755601959173994
236,15,2030,wind_offshore,0.2069024871297086
236,16,2030,wind_offshore,0.24004247590828529
236,17,2030,wind_offshore,0.266253457837332
236,18,2030,wind_offshore,0.30176671820106704
236,19,2030,wind_offshore,0.32126554346577857
236,20,2030,wind_offshore,0.34261641147597044
236,21,2030,wind_offshore,0.3714285141429879
236,22,2030,wind_offshore,0.3977886265585404
236,23,2030,wind_offshore,0.3071452753901054
236,24,2030,wind_offshore,0.2958775951586393
236,1,2030,wind_onshore,0.2608791743052903
236,2,2030,wind_onshore,0.24434935800597093
236,3,2030,wind_onshore,0.22412930623034422
236,4,2030,wind_onshore,0.20438087150808215
236,5,2030,wind_onshore,0.18282096688514105
236,6,2030,wind_onshore,0.16581145673108585
236,7,2030,wind_onshore,0.1504562479058426
236,8,2030,wind_onshore,0.12434553131082328
236,9,2030,wind_onshore,0.11469897256133899
236,10,2030,wind_onshore,0.11178911849162539
236,11,2030,wind_onshore,0.09965211224613152
236,12,2030,wind_onshore,0.11058419875338987
236,13,2030,wind_onshore,0.1269514516177741
236,14,2030,wind_onshore,0.1453928374286639
236,15,2030,wind_onshore,0.1679022382813335
236,16,2030,wind_onshore,0.1938701045553234
236,17,2030,wind_onshore,0.2199061511959037
236,18,2030,wind_onshore,0.24464879719464339
236,19,2030,wind_onshore,0.2656748601479148
236,20,2030,wind_onshore,0.266809811074168
236,21,2030,wind_onshore,0.2851076808993981
236,22,2030,wind_onshore,0.28026761060260474
236,23,2030,wind_onshore,0.2170847950772736
236,24,2030,wind_onshore,0.19272315942353616
237,1,2030,demand,0.6677484581613845
237,2,2030,demand,0.6581646945365703
237,3,2030,demand,0.643538217849104
237,4,2030,demand,0.6263593513073741
237,5,2030,demand,0.6349159005743877
237,6,2030,demand,0.655643217172979
237,7,2030,demand,0.6796372627079509
237,8,2030,demand,0.7086027492187663
237,9,2030,demand,0.7775230926247526
237,10,2030,demand,0.8510642578871402
237,11,2030,demand,0.9087743122517482
237,12,2030,demand,0.9625817477528729
237,13,2030,demand,0.9890489058170951
237,14,2030,demand,0.9971091176317327
237,15,2030,demand,0.9896965118711413
237,16,2030,demand,0.9856687973261885
237,17,2030,demand,0.9884073979991982
237,18,2030,demand,0.9477314611932
237,19,2030,demand,0.9144897487965014
237,20,2030,demand,0.890302005808165
237,21,2030,demand,0.8802116533030865
237,22,2030,demand,0.8227194466060201
237,23,2030,demand,0.7565184232166979
237,24,2030,demand,0.7294834878393592
237,1,2030,solar,0.0
237,2,2030,solar,0.0
237,3,2030,solar,0.0
237,4,2030,solar,0.0
237,5,2030,solar,0.0
237,6,2030,solar,0.0
237,7,2030,solar,0.0
237,8,2030,solar,0.0
237,9,2030,solar,0.0032888203567250436
237,10,2030,solar,0.03762830014030521
237,11,2030,solar,0.07370919837115651
237,12,2030,solar,0.07489619422224987
237,13,2030,solar,0.07573145171277765
237,14,2030,solar,0.0966533019667193
237,15,2030,solar,0.06451251756399587
237,16,2030,solar,0.03639029939650725
237,17,2030,solar,0.009474381090725821
237,18,2030,solar,0.0
237,19,2030,solar,0.0
237,20,2030,solar,0.0
237,21,2030,solar,0.0
237,22,2030,solar,0.0
237,23,2030,solar,0.0
237,24,2030,solar,0.0
237,1,2030,wind_offshore,0.0
237,2,2030,wind_offshore,0.0
237,3,2030,wind_offshore,0.0
237,4,2030,wind_offshore,0.0
237,5,2030,wind_offshore,0.0
237,6,2030,wind_offshore,0.0
237,7,2030,wind_offshore,0.0
237,8,2030,wind_offshore,0.0
237,9,2030,wind_offshore,0.0
237,10,2030,wind_offshore,0.0
237,11,2030,wind_offshore,0.0
237,12,2030,wind_offshore,0.0
237,13,2030,wind_offshore,0.0
237,14,2030,wind_offshore,0.0
237,15,2030,wind_offshore,0.0
237,16,2030,wind_offshore,1.6552644266351477e-5
237,17,2030,wind_offshore,0.0
237,18,2030,wind_offshore,0.0
237,19,2030,wind_offshore,0.0
237,20,2030,wind_offshore,0.0
237,21,2030,wind_offshore,0.0
237,22,2030,wind_offshore,0.0
237,23,2030,wind_offshore,0.0
237,24,2030,wind_offshore,0.0
237,1,2030,wind_onshore,0.027654144771908012
237,2,2030,wind_onshore,0.022624704685160667
237,3,2030,wind_onshore,0.020097935250908805
237,4,2030,wind_onshore,0.01720749301359324
237,5,2030,wind_onshore,0.015420473423553276
237,6,2030,wind_onshore,0.015505625453167794
237,7,2030,wind_onshore,0.017331077762931166
237,8,2030,wind_onshore,0.008299518525254347
237,9,2030,wind_onshore,0.0071891663350475265
237,10,2030,wind_onshore,0.008150695516879476
237,11,2030,wind_onshore,0.008622496460125867
237,12,2030,wind_onshore,0.01358326492030123
237,13,2030,wind_onshore,0.025245331053177236
237,14,2030,wind_onshore,0.02316038898401464
237,15,2030,wind_onshore,0.023240955315831716
237,16,2030,wind_onshore,0.01691622898445373
237,17,2030,wind_onshore,0.017154088288214762
237,18,2030,wind_onshore,0.022663902280626598
237,19,2030,wind_onshore,0.02021125744209439
237,20,2030,wind_onshore,0.01790222243842207
237,21,2030,wind_onshore,0.016111556891869327
237,22,2030,wind_onshore,0.016737361736550476
237,23,2030,wind_onshore,0.029688555673315273
237,24,2030,wind_onshore,0.031932860467355356
239,1,2030,demand,0.6975147094555287
239,2,2030,demand,0.6764595054108729
239,3,2030,demand,0.646692590295914
239,4,2030,demand,0.6276006697093282
239,5,2030,demand,0.6470070833505298
239,6,2030,demand,0.6660657633685786
239,7,2030,demand,0.6891000299678209
239,8,2030,demand,0.7307297086762806
239,9,2030,demand,0.809072547643573
239,10,2030,demand,0.8899669320608656
239,11,2030,demand,0.9548180874445734
239,12,2030,demand,1.009346908476114
239,13,2030,demand,1.0202971596659802
239,14,2030,demand,1.0155081036113323
239,15,2030,demand,1.006306265903269
239,16,2030,demand,1.0005768777943016
239,17,2030,demand,1.0030282502018293
239,18,2030,demand,0.9954725461123323
239,19,2030,demand,0.9612664154604915
239,20,2030,demand,0.9241143678231748
239,21,2030,demand,0.9226995124797938
239,22,2030,demand,0.8759751444071537
239,23,2030,demand,0.8062988096504314
239,24,2030,demand,0.7703195615612242
239,1,2030,solar,0.0
239,2,2030,solar,0.0
239,3,2030,solar,0.0
239,4,2030,solar,0.0
239,5,2030,solar,0.0
239,6,2030,solar,0.0
239,7,2030,solar,0.0
239,8,2030,solar,0.0
239,9,2030,solar,0.0032955265743222512
239,10,2030,solar,0.0372732947944952
239,11,2030,solar,0.07456154782001245
239,12,2030,solar,0.07673151141352044
239,13,2030,solar,0.07626962671031257
239,14,2030,solar,0.09556972718567903
239,15,2030,solar,0.06403425425912128
239,16,2030,solar,0.03597589341660641
239,17,2030,solar,0.009377561007081692
239,18,2030,solar,0.0
239,19,2030,solar,0.0
239,20,2030,solar,0.0
239,21,2030,solar,0.0
239,22,2030,solar,0.0
239,23,2030,solar,0.0
239,24,2030,solar,0.0
239,1,2030,wind_offshore,0.0
239,2,2030,wind_offshore,0.0
239,3,2030,wind_offshore,0.0
239,4,2030,wind_offshore,0.0
239,5,2030,wind_offshore,0.0
239,6,2030,wind_offshore,0.0
239,7,2030,wind_offshore,0.0
239,8,2030,wind_offshore,0.0
239,9,2030,wind_offshore,0.0
239,10,2030,wind_offshore,0.0
239,11,2030,wind_offshore,0.0
239,12,2030,wind_offshore,0.0
239,13,2030,wind_offshore,0.0
239,14,2030,wind_offshore,0.0
239,15,2030,wind_offshore,0.0
239,16,2030,wind_offshore,1.8205683806507246e-5
239,17,2030,wind_offshore,0.0
239,18,2030,wind_offshore,0.0
239,19,2030,wind_offshore,0.0
239,20,2030,wind_offshore,0.0
239,21,2030,wind_offshore,0.0
239,22,2030,wind_offshore,0.0
239,23,2030,wind_offshore,0.0
239,24,2030,wind_offshore,0.0
239,1,2030,wind_onshore,0.026843342345068685
239,2,2030,wind_onshore,0.022126986271894338
239,3,2030,wind_onshore,0.019714763483765968
239,4,2030,wind_onshore,0.017016870277910538
239,5,2030,wind_onshore,0.015490810605525407
239,6,2030,wind_onshore,0.015714293816611984
239,7,2030,wind_onshore,0.017532536241650853
239,8,2030,wind_onshore,0.008831329766165857
239,9,2030,wind_onshore,0.007785599687290108
239,10,2030,wind_onshore,0.008562860191303293
239,11,2030,wind_onshore,0.008871684176477088
239,12,2030,wind_onshore,0.014103563322249234
239,13,2030,wind_onshore,0.021893443859301257
239,14,2030,wind_onshore,0.022817167260989597
239,15,2030,wind_onshore,0.024409630005356158
239,16,2030,wind_onshore,0.017619925067574666
239,17,2030,wind_onshore,0.01800743034325232
239,18,2030,wind_onshore,0.023624245515240647
239,19,2030,wind_onshore,0.02101482166247506
239,20,2030,wind_onshore,0.018412735393355945
239,21,2030,wind_onshore,0.01677381406396594
239,22,2030,wind_onshore,0.016771340555136467
239,23,2030,wind_onshore,0.029553120218442287
239,24,2030,wind_onshore,0.030807256965069023
238,1,2030,demand,0.4330021869850414
238,2,2030,demand,0.4232934624307532
238,3,2030,demand,0.41444932405060164
238,4,2030,demand,0.40042360957260303
238,5,2030,demand,0.39474375987499183
238,6,2030,demand,0.386384002525469
238,7,2030,demand,0.39273217797210686
238,8,2030,demand,0.4156695054417093
238,9,2030,demand,0.44489884477946096
238,10,2030,demand,0.4695233440311942
238,11,2030,demand,0.4835868471678445
238,12,2030,demand,0.48476124600460485
238,13,2030,demand,0.47658911097789114
238,14,2030,demand,0.468576692486478
238,15,2030,demand,0.4536954197628539
238,16,2030,demand,0.4390002387619833
238,17,2030,demand,0.42881704784303204
238,18,2030,demand,0.43846114932425717
238,19,2030,demand,0.4597590588240829
238,20,2030,demand,0.481502661194874
238,21,2030,demand,0.4848558952826128
238,22,2030,demand,0.47221212823768344
238,23,2030,demand,0.44592690194225515
238,24,2030,demand,0.432984391831731
238,1,2030,solar,0.0
238,2,2030,solar,0.0
238,3,2030,solar,0.0
238,4,2030,solar,0.0
238,5,2030,solar,0.0
238,6,2030,solar,0.001165195395186505
238,7,2030,solar,0.05021078867855932
238,8,2030,solar,0.2114248475243695
238,9,2030,solar,0.4319668201458996
238,10,2030,solar,0.6091188463005407
238,11,2030,solar,0.711668048807197
238,12,2030,solar,0.7856280744942847
238,13,2030,solar,0.8111131778550082
238,14,2030,solar,0.7901662208230398
238,15,2030,solar,0.7308054183633108
238,16,2030,solar,0.635521584376799
238,17,2030,solar,0.47335370893110496
238,18,2030,solar,0.27186037241336286
238,19,2030,solar,0.10495095542738812
238,20,2030,solar,0.017677734518160747
238,21,2030,solar,0.0
238,22,2030,solar,0.0
238,23,2030,solar,0.0
238,24,2030,solar,0.0
238,1,2030,wind_offshore,0.9639593627481098
238,2,2030,wind_offshore,0.9734378126272556
238,3,2030,wind_offshore,0.9680795016570862
238,4,2030,wind_offshore,0.9688193199512545
238,5,2030,wind_offshore,0.9573482417021021
238,6,2030,wind_offshore,0.958761461234143
238,7,2030,wind_offshore,0.9748112007186792
238,8,2030,wind_offshore,0.9811392789924861
238,9,2030,wind_offshore,0.9837443717498566
238,10,2030,wind_offshore,0.9683294978199098
238,11,2030,wind_offshore,0.9403092556952248
238,12,2030,wind_offshore,0.9391344559367562
238,13,2030,wind_offshore,0.9621012861399187
238,14,2030,wind_offshore,0.9638577114450212
238,15,2030,wind_offshore,0.9498197840706952
238,16,2030,wind_offshore,0.9590374660235768
238,17,2030,wind_offshore,0.9680712980215668
238,18,2030,wind_offshore,0.9487907980281018
238,19,2030,wind_offshore,0.9806178776464882
238,20,2030,wind_offshore,0.9917726488038917
238,21,2030,wind_offshore,0.9890800373404433
238,22,2030,wind_offshore,0.9682840200445199
238,23,2030,wind_offshore,0.9573495306524304
238,24,2030,wind_offshore,0.9644147228309294
238,1,2030,wind_onshore,0.7907855692983347
238,2,2030,wind_onshore,0.7787846573849204
238,3,2030,wind_onshore,0.8301095750888069
238,4,2030,wind_onshore,0.8217386192043475
238,5,2030,wind_onshore,0.8116270519640112
238,6,2030,wind_onshore,0.8175332023774923
238,7,2030,wind_onshore,0.8185440809124811
238,8,2030,wind_onshore,0.810213368396257
238,9,2030,wind_onshore,0.7902197899768775
238,10,2030,wind_onshore,0.7860973603462132
238,11,2030,wind_onshore,0.7437842224921557
238,12,2030,wind_onshore,0.7696068707903007
238,13,2030,wind_onshore,0.8430563821380715
238,14,2030,wind_onshore,0.8847154797026514
238,15,2030,wind_onshore,0.864226399319244
238,16,2030,wind_onshore,0.8246547708767609
238,17,2030,wind_onshore,0.8101911805251608
238,18,2030,wind_onshore,0.7930338427036813
238,19,2030,wind_onshore,0.780819442155504
238,20,2030,wind_onshore,0.7907507626262283
238,21,2030,wind_onshore,0.7756346516546313
238,22,2030,wind_onshore,0.7794171189684455
238,23,2030,wind_onshore,0.8114955034317466
238,24,2030,wind_onshore,0.8120696637684247
240,1,2030,demand,0.4327631961616241
240,2,2030,demand,0.42687374655123167
240,3,2030,demand,0.4158242834575904
240,4,2030,demand,0.40346390250077774
240,5,2030,demand,0.39264591301172946
240,6,2030,demand,0.3761635838432776
240,7,2030,demand,0.38647480013048546
240,8,2030,demand,0.41305217538087396
240,9,2030,demand,0.4318479517814212
240,10,2030,demand,0.45428148329803697
240,11,2030,demand,0.454527503601458
240,12,2030,demand,0.4522250247362709
240,13,2030,demand,0.45692256700681555
240,14,2030,demand,0.4415380711667119
240,15,2030,demand,0.4279297649946528
240,16,2030,demand,0.4123324672890159
240,17,2030,demand,0.4177804003775166
240,18,2030,demand,0.435663066842768
240,19,2030,demand,0.45087050821740854
240,20,2030,demand,0.4627022071290011
240,21,2030,demand,0.4657136622570314
240,22,2030,demand,0.462340949777315
240,23,2030,demand,0.44332909776792073
240,24,2030,demand,0.4352621631391233
240,1,2030,solar,0.0
240,2,2030,solar,0.0
240,3,2030,solar,0.0
240,4,2030,solar,0.0
240,5,2030,solar,0.0
240,6,2030,solar,0.0011373131174974567
240,7,2030,solar,0.04896440965201025
240,8,2030,solar,0.21128926251414312
240,9,2030,solar,0.42723318684910927
240,10,2030,solar,0.5927134214647846
240,11,2030,solar,0.7011517508403994
240,12,2030,solar,0.8552995385913835
240,13,2030,solar,0.8942989602266866
240,14,2030,solar,0.8723614017956739
240,15,2030,solar,0.8016254950369744
240,16,2030,solar,0.6692756480776784
240,17,2030,solar,0.4834979957634857
240,18,2030,solar,0.2707794111700459
240,19,2030,solar,0.10451696147325647
240,20,2030,solar,0.016687246132289578
240,21,2030,solar,0.0
240,22,2030,solar,0.0
240,23,2030,solar,0.0
240,24,2030,solar,0.0
240,1,2030,wind_offshore,1.0686760334074874
240,2,2030,wind_offshore,1.0696662035180913
240,3,2030,wind_offshore,1.073722990264283
240,4,2030,wind_offshore,1.0649091566490907
240,5,2030,wind_offshore,1.066194927361861
240,6,2030,wind_offshore,0.9704706314819928
240,7,2030,wind_offshore,0.9679794419852514
240,8,2030,wind_offshore,0.9767305872408243
240,9,2030,wind_offshore,0.9871328818241389
240,10,2030,wind_offshore,0.9848121748818903
240,11,2030,wind_offshore,1.0010402795119633
240,12,2030,wind_offshore,0.9880927962207098
240,13,2030,wind_offshore,0.955654731830577
240,14,2030,wind_offshore,1.0006902386200507
240,15,2030,wind_offshore,0.9328001598342613
240,16,2030,wind_offshore,0.9735422084109203
240,17,2030,wind_offshore,1.0153022377389755
240,18,2030,wind_offshore,1.0220661750654376
240,19,2030,wind_offshore,1.0256876658081255
240,20,2030,wind_offshore,1.0381975014584146
240,21,2030,wind_offshore,1.0356163182690246
240,22,2030,wind_offshore,1.0336053038067001
240,23,2030,wind_offshore,1.0441241701322974
240,24,2030,wind_offshore,1.0588413390981195
240,1,2030,wind_onshore,0.8048780497062039
240,2,2030,wind_onshore,0.8234734176929921
240,3,2030,wind_onshore,0.836783728367326
240,4,2030,wind_onshore,0.8024523253944756
240,5,2030,wind_onshore,0.8087828742727958
240,6,2030,wind_onshore,0.8124890828446129
240,7,2030,wind_onshore,0.8168605390272562
240,8,2030,wind_onshore,0.8024916788864807
240,9,2030,wind_onshore,0.7813630178306638
240,10,2030,wind_onshore,0.7643661574052438
240,11,2030,wind_onshore,0.7287648299108225
240,12,2030,wind_onshore,0.7688492333133033
240,13,2030,wind_onshore,0.8406254702344125
240,14,2030,wind_onshore,0.8576144532299254
240,15,2030,wind_onshore,0.8405998628747449
240,16,2030,wind_onshore,0.8002776840893023
240,17,2030,wind_onshore,0.7810840515994476
240,18,2030,wind_onshore,0.8269911639572229
240,19,2030,wind_onshore,0.790083657704427
240,20,2030,wind_onshore,0.7588638826026427
240,21,2030,wind_onshore,0.7746523071741149
240,22,2030,wind_onshore,0.7952974939664293
240,23,2030,wind_onshore,0.8015275717217083
240,24,2030,wind_onshore,0.7987836005949218
