id,from_asset,to_asset,year,rep_period,capacity_coefficient,conversion_coefficient,time_block_start,time_block_end,solution
1,ens,e_demand,2030,1,1.0,1.0,1,1,0.0
2,ens,e_demand,2030,1,1.0,1.0,2,2,0.0
3,ens,e_demand,2030,1,1.0,1.0,3,3,0.0
4,ens,e_demand,2030,1,1.0,1.0,4,4,0.0
5,ens,e_demand,2030,1,1.0,1.0,5,5,0.0
6,ens,e_demand,2030,1,1.0,1.0,6,6,0.0
7,ens,e_demand,2030,1,1.0,1.0,7,7,0.0
8,ens,e_demand,2030,1,1.0,1.0,8,8,0.0
9,ens,e_demand,2030,1,1.0,1.0,9,9,0.0
10,ens,e_demand,2030,1,1.0,1.0,10,10,0.0
11,ens,e_demand,2030,1,1.0,1.0,11,11,0.0
12,ens,e_demand,2030,1,1.0,1.0,12,12,0.0
13,ens,e_demand,2030,1,1.0,1.0,13,13,0.0
14,ens,e_demand,2030,1,1.0,1.0,14,14,0.0
15,ens,e_demand,2030,1,1.0,1.0,15,15,0.0
16,ens,e_demand,2030,1,1.0,1.0,16,16,0.0
17,ens,e_demand,2030,1,1.0,1.0,17,17,0.0
18,ens,e_demand,2030,1,1.0,1.0,18,18,0.0
19,ens,e_demand,2030,1,1.0,1.0,19,19,0.0
20,ens,e_demand,2030,1,1.0,1.0,20,20,0.0
21,ens,e_demand,2030,1,1.0,1.0,21,21,0.0
22,ens,e_demand,2030,1,1.0,1.0,22,22,0.0
23,ens,e_demand,2030,1,1.0,1.0,23,23,0.0
24,ens,e_demand,2030,1,1.0,1.0,24,24,0.0
25,ocgt,e_demand,2030,1,1.0,1.0,1,1,0.0
26,ocgt,e_demand,2030,1,1.0,1.0,2,2,0.0
27,ocgt,e_demand,2030,1,1.0,1.0,3,3,0.0
28,ocgt,e_demand,2030,1,1.0,1.0,4,4,0.0
29,ocgt,e_demand,2030,1,1.0,1.0,5,5,0.0
30,ocgt,e_demand,2030,1,1.0,1.0,6,6,0.0
31,ocgt,e_demand,2030,1,1.0,1.0,7,7,0.0
32,ocgt,e_demand,2030,1,1.0,1.0,8,8,0.0
33,ocgt,e_demand,2030,1,1.0,1.0,9,9,0.0
34,ocgt,e_demand,2030,1,1.0,1.0,10,10,0.0
35,ocgt,e_demand,2030,1,1.0,1.0,11,11,0.0
36,ocgt,e_demand,2030,1,1.0,1.0,12,12,0.0
37,ocgt,e_demand,2030,1,1.0,1.0,13,13,0.0
38,ocgt,e_demand,2030,1,1.0,1.0,14,14,0.0
39,ocgt,e_demand,2030,1,1.0,1.0,15,15,0.0
40,ocgt,e_demand,2030,1,1.0,1.0,16,16,0.0
41,ocgt,e_demand,2030,1,1.0,1.0,17,17,0.0
42,ocgt,e_demand,2030,1,1.0,1.0,18,18,0.0
43,ocgt,e_demand,2030,1,1.0,1.0,19,19,0.0
44,ocgt,e_demand,2030,1,1.0,1.0,20,20,0.0
45,ocgt,e_demand,2030,1,1.0,1.0,21,21,0.0
46,ocgt,e_demand,2030,1,1.0,1.0,22,22,0.0
47,ocgt,e_demand,2030,1,1.0,1.0,23,23,0.0
48,ocgt,e_demand,2030,1,1.0,1.0,24,24,0.0
49,solar,e_demand,2030,1,1.0,1.0,1,1,0.0
50,solar,e_demand,2030,1,1.0,1.0,2,2,0.0
51,solar,e_demand,2030,1,1.0,1.0,3,3,0.0
52,solar,e_demand,2030,1,1.0,1.0,4,4,0.0
53,solar,e_demand,2030,1,1.0,1.0,5,5,0.0
54,solar,e_demand,2030,1,1.0,1.0,6,6,0.0
55,solar,e_demand,2030,1,1.0,1.0,7,7,0.0
56,solar,e_demand,2030,1,1.0,1.0,8,8,0.0
57,solar,e_demand,2030,1,1.0,1.0,9,9,0.012393879405435525
58,solar,e_demand,2030,1,1.0,1.0,10,10,0.05845622936182441
59,solar,e_demand,2030,1,1.0,1.0,11,11,0.10920778767041373
60,solar,e_demand,2030,1,1.0,1.0,12,12,0.14671053639530673
61,solar,e_demand,2030,1,1.0,1.0,13,13,0.15713862980457555
62,solar,e_demand,2030,1,1.0,1.0,14,14,0.14991569463102894
63,solar,e_demand,2030,1,1.0,1.0,15,15,0.12682370049541142
64,solar,e_demand,2030,1,1.0,1.0,16,16,0.08385523564327688
65,solar,e_demand,2030,1,1.0,1.0,17,17,0.0344138981818816
66,solar,e_demand,2030,1,1.0,1.0,18,18,0.0
67,solar,e_demand,2030,1,1.0,1.0,19,19,0.0
68,solar,e_demand,2030,1,1.0,1.0,20,20,0.0
69,solar,e_demand,2030,1,1.0,1.0,21,21,0.0
70,solar,e_demand,2030,1,1.0,1.0,22,22,0.0
71,solar,e_demand,2030,1,1.0,1.0,23,23,0.0
72,solar,e_demand,2030,1,1.0,1.0,24,24,0.0
73,ccgt,e_demand,2030,1,1.0,1.0,1,1,0.8392973671971637
74,ccgt,e_demand,2030,1,1.0,1.0,2,2,0.8266891965664395
75,ccgt,e_demand,2030,1,1.0,1.0,3,3,0.7944398728708146
76,ccgt,e_demand,2030,1,1.0,1.0,4,4,0.7826862492430291
77,ccgt,e_demand,2030,1,1.0,1.0,5,5,0.8012268859809182
78,ccgt,e_demand,2030,1,1.0,1.0,6,6,0.8468909229777157
79,ccgt,e_demand,2030,1,1.0,1.0,7,7,0.9071092290320395
80,ccgt,e_demand,2030,1,1.0,1.0,8,8,0.9855054864622003
81,ccgt,e_demand,2030,1,1.0,1.0,9,9,1.0326358427327487
82,ccgt,e_demand,2030,1,1.0,1.0,10,10,1.000449711765523
83,ccgt,e_demand,2030,1,1.0,1.0,11,11,0.954654837598712
84,ccgt,e_demand,2030,1,1.0,1.0,12,12,0.8958715257826795
85,ccgt,e_demand,2030,1,1.0,1.0,13,13,0.8782747448380814
86,ccgt,e_demand,2030,1,1.0,1.0,14,14,0.8692617790423038
87,ccgt,e_demand,2030,1,1.0,1.0,15,15,0.8674038511865412
88,ccgt,e_demand,2030,1,1.0,1.0,16,16,0.9117853788959376
89,ccgt,e_demand,2030,1,1.0,1.0,17,17,0.965749519482896
90,ccgt,e_demand,2030,1,1.0,1.0,18,18,1.0332613610260366
91,ccgt,e_demand,2030,1,1.0,1.0,19,19,1.077091980635347
92,ccgt,e_demand,2030,1,1.0,1.0,20,20,1.1077971314930546
93,ccgt,e_demand,2030,1,1.0,1.0,21,21,1.0973432357722486
94,ccgt,e_demand,2030,1,1.0,1.0,22,22,1.0230163612644183
95,ccgt,e_demand,2030,1,1.0,1.0,23,23,0.9368163449921222
96,ccgt,e_demand,2030,1,1.0,1.0,24,24,0.8869499553664457
97,wind,e_demand,2030,1,1.0,1.0,1,1,0.0
98,wind,e_demand,2030,1,1.0,1.0,2,2,0.0
99,wind,e_demand,2030,1,1.0,1.0,3,3,0.0
100,wind,e_demand,2030,1,1.0,1.0,4,4,0.0
101,wind,e_demand,2030,1,1.0,1.0,5,5,0.0
102,wind,e_demand,2030,1,1.0,1.0,6,6,0.0
103,wind,e_demand,2030,1,1.0,1.0,7,7,0.0
104,wind,e_demand,2030,1,1.0,1.0,8,8,0.0
105,wind,e_demand,2030,1,1.0,1.0,9,9,0.0
106,wind,e_demand,2030,1,1.0,1.0,10,10,0.0
107,wind,e_demand,2030,1,1.0,1.0,11,11,0.0
108,wind,e_demand,2030,1,1.0,1.0,12,12,0.0
109,wind,e_demand,2030,1,1.0,1.0,13,13,0.0
110,wind,e_demand,2030,1,1.0,1.0,14,14,0.0
111,wind,e_demand,2030,1,1.0,1.0,15,15,0.0
112,wind,e_demand,2030,1,1.0,1.0,16,16,0.0
113,wind,e_demand,2030,1,1.0,1.0,17,17,0.0
114,wind,e_demand,2030,1,1.0,1.0,18,18,0.0
115,wind,e_demand,2030,1,1.0,1.0,19,19,0.0
116,wind,e_demand,2030,1,1.0,1.0,20,20,0.0
117,wind,e_demand,2030,1,1.0,1.0,21,21,0.0
118,wind,e_demand,2030,1,1.0,1.0,22,22,0.0
119,wind,e_demand,2030,1,1.0,1.0,23,23,0.0
120,wind,e_demand,2030,1,1.0,1.0,24,24,0.0
121,wind_offshore,e_demand,2030,1,1.0,1.0,1,1,0.0
122,wind_offshore,e_demand,2030,1,1.0,1.0,2,2,0.0
123,wind_offshore,e_demand,2030,1,1.0,1.0,3,3,0.0
124,wind_offshore,e_demand,2030,1,1.0,1.0,4,4,0.0
125,wind_offshore,e_demand,2030,1,1.0,1.0,5,5,0.0
126,wind_offshore,e_demand,2030,1,1.0,1.0,6,6,0.0
127,wind_offshore,e_demand,2030,1,1.0,1.0,7,7,0.0
128,wind_offshore,e_demand,2030,1,1.0,1.0,8,8,0.0
129,wind_offshore,e_demand,2030,1,1.0,1.0,9,9,0.0
130,wind_offshore,e_demand,2030,1,1.0,1.0,10,10,0.0
131,wind_offshore,e_demand,2030,1,1.0,1.0,11,11,0.0
132,wind_offshore,e_demand,2030,1,1.0,1.0,12,12,0.0
133,wind_offshore,e_demand,2030,1,1.0,1.0,13,13,0.0
134,wind_offshore,e_demand,2030,1,1.0,1.0,14,14,0.0
135,wind_offshore,e_demand,2030,1,1.0,1.0,15,15,0.0
136,wind_offshore,e_demand,2030,1,1.0,1.0,16,16,0.0
137,wind_offshore,e_demand,2030,1,1.0,1.0,17,17,0.0
138,wind_offshore,e_demand,2030,1,1.0,1.0,18,18,0.0
139,wind_offshore,e_demand,2030,1,1.0,1.0,19,19,0.0
140,wind_offshore,e_demand,2030,1,1.0,1.0,20,20,0.0
141,wind_offshore,e_demand,2030,1,1.0,1.0,21,21,0.0
142,wind_offshore,e_demand,2030,1,1.0,1.0,22,22,0.0
143,wind_offshore,e_demand,2030,1,1.0,1.0,23,23,0.0
144,wind_offshore,e_demand,2030,1,1.0,1.0,24,24,0.0
145,ens,e_demand,2030,2,1.0,1.0,1,1,0.0
146,ens,e_demand,2030,2,1.0,1.0,2,2,0.0
147,ens,e_demand,2030,2,1.0,1.0,3,3,0.0
148,ens,e_demand,2030,2,1.0,1.0,4,4,0.0
149,ens,e_demand,2030,2,1.0,1.0,5,5,0.0
150,ens,e_demand,2030,2,1.0,1.0,6,6,0.0
151,ens,e_demand,2030,2,1.0,1.0,7,7,0.0
152,ens,e_demand,2030,2,1.0,1.0,8,8,0.0
153,ens,e_demand,2030,2,1.0,1.0,9,9,0.0
154,ens,e_demand,2030,2,1.0,1.0,10,10,0.0
155,ens,e_demand,2030,2,1.0,1.0,11,11,0.0
156,ens,e_demand,2030,2,1.0,1.0,12,12,0.0
157,ens,e_demand,2030,2,1.0,1.0,13,13,0.0
158,ens,e_demand,2030,2,1.0,1.0,14,14,0.0
159,ens,e_demand,2030,2,1.0,1.0,15,15,0.0
160,ens,e_demand,2030,2,1.0,1.0,16,16,0.0
161,ens,e_demand,2030,2,1.0,1.0,17,17,0.0
162,ens,e_demand,2030,2,1.0,1.0,18,18,0.0
163,ens,e_demand,2030,2,1.0,1.0,19,19,0.0
164,ens,e_demand,2030,2,1.0,1.0,20,20,0.0
165,ens,e_demand,2030,2,1.0,1.0,21,21,0.0
166,ens,e_demand,2030,2,1.0,1.0,22,22,0.0
167,ens,e_demand,2030,2,1.0,1.0,23,23,0.0
168,ens,e_demand,2030,2,1.0,1.0,24,24,0.0
169,wind_offshore,e_demand,2030,2,1.0,1.0,1,1,0.0
170,wind_offshore,e_demand,2030,2,1.0,1.0,2,2,0.0
171,wind_offshore,e_demand,2030,2,1.0,1.0,3,3,0.0
172,wind_offshore,e_demand,2030,2,1.0,1.0,4,4,0.0
173,wind_offshore,e_demand,2030,2,1.0,1.0,5,5,0.0
174,wind_offshore,e_demand,2030,2,1.0,1.0,6,6,0.0
175,wind_offshore,e_demand,2030,2,1.0,1.0,7,7,0.0
176,wind_offshore,e_demand,2030,2,1.0,1.0,8,8,0.0
177,wind_offshore,e_demand,2030,2,1.0,1.0,9,9,0.0
178,wind_offshore,e_demand,2030,2,1.0,1.0,10,10,0.0
179,wind_offshore,e_demand,2030,2,1.0,1.0,11,11,0.0
180,wind_offshore,e_demand,2030,2,1.0,1.0,12,12,0.0
181,wind_offshore,e_demand,2030,2,1.0,1.0,13,13,0.0
182,wind_offshore,e_demand,2030,2,1.0,1.0,14,14,0.0
183,wind_offshore,e_demand,2030,2,1.0,1.0,15,15,0.0
184,wind_offshore,e_demand,2030,2,1.0,1.0,16,16,0.0
185,wind_offshore,e_demand,2030,2,1.0,1.0,17,17,0.0
186,wind_offshore,e_demand,2030,2,1.0,1.0,18,18,0.0
187,wind_offshore,e_demand,2030,2,1.0,1.0,19,19,0.0
188,wind_offshore,e_demand,2030,2,1.0,1.0,20,20,0.0
189,wind_offshore,e_demand,2030,2,1.0,1.0,21,21,0.0
190,wind_offshore,e_demand,2030,2,1.0,1.0,22,22,0.0
191,wind_offshore,e_demand,2030,2,1.0,1.0,23,23,0.0
192,wind_offshore,e_demand,2030,2,1.0,1.0,24,24,0.0
193,ocgt,e_demand,2030,2,1.0,1.0,1,1,0.0
194,ocgt,e_demand,2030,2,1.0,1.0,2,2,0.0
195,ocgt,e_demand,2030,2,1.0,1.0,3,3,0.0
196,ocgt,e_demand,2030,2,1.0,1.0,4,4,0.0
197,ocgt,e_demand,2030,2,1.0,1.0,5,5,0.0
198,ocgt,e_demand,2030,2,1.0,1.0,6,6,0.0
199,ocgt,e_demand,2030,2,1.0,1.0,7,7,0.0
200,ocgt,e_demand,2030,2,1.0,1.0,8,8,0.0
201,ocgt,e_demand,2030,2,1.0,1.0,9,9,0.0
202,ocgt,e_demand,2030,2,1.0,1.0,10,10,0.0
203,ocgt,e_demand,2030,2,1.0,1.0,11,11,0.0
204,ocgt,e_demand,2030,2,1.0,1.0,12,12,0.0
205,ocgt,e_demand,2030,2,1.0,1.0,13,13,0.0
206,ocgt,e_demand,2030,2,1.0,1.0,14,14,0.0
207,ocgt,e_demand,2030,2,1.0,1.0,15,15,0.0
208,ocgt,e_demand,2030,2,1.0,1.0,16,16,0.0
209,ocgt,e_demand,2030,2,1.0,1.0,17,17,0.0
210,ocgt,e_demand,2030,2,1.0,1.0,18,18,0.0
211,ocgt,e_demand,2030,2,1.0,1.0,19,19,0.0
212,ocgt,e_demand,2030,2,1.0,1.0,20,20,0.0
213,ocgt,e_demand,2030,2,1.0,1.0,21,21,0.0
214,ocgt,e_demand,2030,2,1.0,1.0,22,22,0.0
215,ocgt,e_demand,2030,2,1.0,1.0,23,23,0.0
216,ocgt,e_demand,2030,2,1.0,1.0,24,24,0.0
217,ccgt,e_demand,2030,2,1.0,1.0,1,1,0.788309292106443
218,ccgt,e_demand,2030,2,1.0,1.0,2,2,0.760176410258585
219,ccgt,e_demand,2030,2,1.0,1.0,3,3,0.723649180309884
220,ccgt,e_demand,2030,2,1.0,1.0,4,4,0.6959866270050434
221,ccgt,e_demand,2030,2,1.0,1.0,5,5,0.6838903787981997
222,ccgt,e_demand,2030,2,1.0,1.0,6,6,0.6627888597273013
223,ccgt,e_demand,2030,2,1.0,1.0,7,7,0.6644240788168152
224,ccgt,e_demand,2030,2,1.0,1.0,8,8,0.7101257847510888
225,ccgt,e_demand,2030,2,1.0,1.0,9,9,0.7253369443623762
226,ccgt,e_demand,2030,2,1.0,1.0,10,10,0.678483700768572
227,ccgt,e_demand,2030,2,1.0,1.0,11,11,0.5993751141456515
228,ccgt,e_demand,2030,2,1.0,1.0,12,12,0.5315879297840964
229,ccgt,e_demand,2030,2,1.0,1.0,13,13,0.5227337534046783
230,ccgt,e_demand,2030,2,1.0,1.0,14,14,0.5308103505657938
231,ccgt,e_demand,2030,2,1.0,1.0,15,15,0.5710324854700881
232,ccgt,e_demand,2030,2,1.0,1.0,16,16,0.6425779410347314
233,ccgt,e_demand,2030,2,1.0,1.0,17,17,0.7439209835596295
234,ccgt,e_demand,2030,2,1.0,1.0,18,18,0.8608878814500174
235,ccgt,e_demand,2030,2,1.0,1.0,19,19,0.9057324545581591
236,ccgt,e_demand,2030,2,1.0,1.0,20,20,0.9351029975935392
237,ccgt,e_demand,2030,2,1.0,1.0,21,21,0.9331955286074403
238,ccgt,e_demand,2030,2,1.0,1.0,22,22,0.9245157848787995
239,ccgt,e_demand,2030,2,1.0,1.0,23,23,0.8729344972168709
240,ccgt,e_demand,2030,2,1.0,1.0,24,24,0.8373477151819357
241,solar,e_demand,2030,2,1.0,1.0,1,1,0.0
242,solar,e_demand,2030,2,1.0,1.0,2,2,0.0
243,solar,e_demand,2030,2,1.0,1.0,3,3,0.0
244,solar,e_demand,2030,2,1.0,1.0,4,4,0.0
245,solar,e_demand,2030,2,1.0,1.0,5,5,0.0
246,solar,e_demand,2030,2,1.0,1.0,6,6,0.0
247,solar,e_demand,2030,2,1.0,1.0,7,7,0.0
248,solar,e_demand,2030,2,1.0,1.0,8,8,0.0
249,solar,e_demand,2030,2,1.0,1.0,9,9,0.031052899701156406
250,solar,e_demand,2030,2,1.0,1.0,10,10,0.13212884032383315
251,solar,e_demand,2030,2,1.0,1.0,11,11,0.23495831230019334
252,solar,e_demand,2030,2,1.0,1.0,12,12,0.3075749090770609
253,solar,e_demand,2030,2,1.0,1.0,13,13,0.3244055085571076
254,solar,e_demand,2030,2,1.0,1.0,14,14,0.3087390162425504
255,solar,e_demand,2030,2,1.0,1.0,15,15,0.2605137573467717
256,solar,e_demand,2030,2,1.0,1.0,16,16,0.1719192294416291
257,solar,e_demand,2030,2,1.0,1.0,17,17,0.07629727655162219
258,solar,e_demand,2030,2,1.0,1.0,18,18,0.0
259,solar,e_demand,2030,2,1.0,1.0,19,19,0.0
260,solar,e_demand,2030,2,1.0,1.0,20,20,0.0
261,solar,e_demand,2030,2,1.0,1.0,21,21,0.0
262,solar,e_demand,2030,2,1.0,1.0,22,22,0.0
263,solar,e_demand,2030,2,1.0,1.0,23,23,0.0
264,solar,e_demand,2030,2,1.0,1.0,24,24,0.0
265,wind,e_demand,2030,2,1.0,1.0,1,1,0.0
266,wind,e_demand,2030,2,1.0,1.0,2,2,0.0
267,wind,e_demand,2030,2,1.0,1.0,3,3,0.0
268,wind,e_demand,2030,2,1.0,1.0,4,4,0.0
269,wind,e_demand,2030,2,1.0,1.0,5,5,0.0
270,wind,e_demand,2030,2,1.0,1.0,6,6,0.0
271,wind,e_demand,2030,2,1.0,1.0,7,7,0.0
272,wind,e_demand,2030,2,1.0,1.0,8,8,0.0
273,wind,e_demand,2030,2,1.0,1.0,9,9,0.0
274,wind,e_demand,2030,2,1.0,1.0,10,10,0.0
275,wind,e_demand,2030,2,1.0,1.0,11,11,0.0
276,wind,e_demand,2030,2,1.0,1.0,12,12,0.0
277,wind,e_demand,2030,2,1.0,1.0,13,13,0.0
278,wind,e_demand,2030,2,1.0,1.0,14,14,0.0
279,wind,e_demand,2030,2,1.0,1.0,15,15,0.0
280,wind,e_demand,2030,2,1.0,1.0,16,16,0.0
281,wind,e_demand,2030,2,1.0,1.0,17,17,0.0
282,wind,e_demand,2030,2,1.0,1.0,18,18,0.0
283,wind,e_demand,2030,2,1.0,1.0,19,19,0.0
284,wind,e_demand,2030,2,1.0,1.0,20,20,0.0
285,wind,e_demand,2030,2,1.0,1.0,21,21,0.0
286,wind,e_demand,2030,2,1.0,1.0,22,22,0.0
287,wind,e_demand,2030,2,1.0,1.0,23,23,0.0
288,wind,e_demand,2030,2,1.0,1.0,24,24,0.0
289,solar,e_demand,2030,3,1.0,1.0,1,1,0.0
290,solar,e_demand,2030,3,1.0,1.0,2,2,0.0
291,solar,e_demand,2030,3,1.0,1.0,3,3,0.0
292,solar,e_demand,2030,3,1.0,1.0,4,4,0.0
293,solar,e_demand,2030,3,1.0,1.0,5,5,0.0
294,solar,e_demand,2030,3,1.0,1.0,6,6,0.0007677841744641782
295,solar,e_demand,2030,3,1.0,1.0,7,7,0.04730707019396554
296,solar,e_demand,2030,3,1.0,1.0,8,8,0.23022203002191322
297,solar,e_demand,2030,3,1.0,1.0,9,9,0.434402278564882
298,solar,e_demand,2030,3,1.0,1.0,10,10,0.6083800466206836
299,solar,e_demand,2030,3,1.0,1.0,11,11,0.6946773766642212
300,solar,e_demand,2030,3,1.0,1.0,12,12,0.7623031554586042
301,solar,e_demand,2030,3,1.0,1.0,13,13,0.80059700359361
302,solar,e_demand,2030,3,1.0,1.0,14,14,0.7842492919215841
303,solar,e_demand,2030,3,1.0,1.0,15,15,0.7528514653815771
304,solar,e_demand,2030,3,1.0,1.0,16,16,0.6580221028034811
305,solar,e_demand,2030,3,1.0,1.0,17,17,0.5081603961928222
306,solar,e_demand,2030,3,1.0,1.0,18,18,0.32131145715159015
307,solar,e_demand,2030,3,1.0,1.0,19,19,0.12384981837949495
308,solar,e_demand,2030,3,1.0,1.0,20,20,0.01038572597020419
309,solar,e_demand,2030,3,1.0,1.0,21,21,0.0
310,solar,e_demand,2030,3,1.0,1.0,22,22,0.0
311,solar,e_demand,2030,3,1.0,1.0,23,23,0.0
312,solar,e_demand,2030,3,1.0,1.0,24,24,0.0
313,wind,e_demand,2030,3,1.0,1.0,1,1,0.0
314,wind,e_demand,2030,3,1.0,1.0,2,2,0.0
315,wind,e_demand,2030,3,1.0,1.0,3,3,0.0
316,wind,e_demand,2030,3,1.0,1.0,4,4,0.0
317,wind,e_demand,2030,3,1.0,1.0,5,5,0.0
318,wind,e_demand,2030,3,1.0,1.0,6,6,0.0
319,wind,e_demand,2030,3,1.0,1.0,7,7,0.0
320,wind,e_demand,2030,3,1.0,1.0,8,8,0.0
321,wind,e_demand,2030,3,1.0,1.0,9,9,0.0
322,wind,e_demand,2030,3,1.0,1.0,10,10,0.0
323,wind,e_demand,2030,3,1.0,1.0,11,11,0.0
324,wind,e_demand,2030,3,1.0,1.0,12,12,0.0
325,wind,e_demand,2030,3,1.0,1.0,13,13,0.0
326,wind,e_demand,2030,3,1.0,1.0,14,14,0.0
327,wind,e_demand,2030,3,1.0,1.0,15,15,0.0
328,wind,e_demand,2030,3,1.0,1.0,16,16,0.0
329,wind,e_demand,2030,3,1.0,1.0,17,17,0.0
330,wind,e_demand,2030,3,1.0,1.0,18,18,0.0
331,wind,e_demand,2030,3,1.0,1.0,19,19,0.0
332,wind,e_demand,2030,3,1.0,1.0,20,20,0.0
333,wind,e_demand,2030,3,1.0,1.0,21,21,0.0
334,wind,e_demand,2030,3,1.0,1.0,22,22,0.0
335,wind,e_demand,2030,3,1.0,1.0,23,23,0.0
336,wind,e_demand,2030,3,1.0,1.0,24,24,0.0
337,ens,e_demand,2030,3,1.0,1.0,1,1,0.0
338,ens,e_demand,2030,3,1.0,1.0,2,2,0.0
339,ens,e_demand,2030,3,1.0,1.0,3,3,0.0
340,ens,e_demand,2030,3,1.0,1.0,4,4,0.0
341,ens,e_demand,2030,3,1.0,1.0,5,5,0.0
342,ens,e_demand,2030,3,1.0,1.0,6,6,0.0
343,ens,e_demand,2030,3,1.0,1.0,7,7,0.0
344,ens,e_demand,2030,3,1.0,1.0,8,8,0.0
345,ens,e_demand,2030,3,1.0,1.0,9,9,0.0
346,ens,e_demand,2030,3,1.0,1.0,10,10,0.0
347,ens,e_demand,2030,3,1.0,1.0,11,11,0.0
348,ens,e_demand,2030,3,1.0,1.0,12,12,0.0
349,ens,e_demand,2030,3,1.0,1.0,13,13,0.0
350,ens,e_demand,2030,3,1.0,1.0,14,14,0.0
351,ens,e_demand,2030,3,1.0,1.0,15,15,0.0
352,ens,e_demand,2030,3,1.0,1.0,16,16,0.0
353,ens,e_demand,2030,3,1.0,1.0,17,17,0.0
354,ens,e_demand,2030,3,1.0,1.0,18,18,0.0
355,ens,e_demand,2030,3,1.0,1.0,19,19,0.0
356,ens,e_demand,2030,3,1.0,1.0,20,20,0.0
357,ens,e_demand,2030,3,1.0,1.0,21,21,0.0
358,ens,e_demand,2030,3,1.0,1.0,22,22,0.0
359,ens,e_demand,2030,3,1.0,1.0,23,23,0.0
360,ens,e_demand,2030,3,1.0,1.0,24,24,0.0
361,wind_offshore,e_demand,2030,3,1.0,1.0,1,1,0.0
362,wind_offshore,e_demand,2030,3,1.0,1.0,2,2,0.0
363,wind_offshore,e_demand,2030,3,1.0,1.0,3,3,0.0
364,wind_offshore,e_demand,2030,3,1.0,1.0,4,4,0.0
365,wind_offshore,e_demand,2030,3,1.0,1.0,5,5,0.0
366,wind_offshore,e_demand,2030,3,1.0,1.0,6,6,0.0
367,wind_offshore,e_demand,2030,3,1.0,1.0,7,7,0.0
368,wind_offshore,e_demand,2030,3,1.0,1.0,8,8,0.0
369,wind_offshore,e_demand,2030,3,1.0,1.0,9,9,0.0
370,wind_offshore,e_demand,2030,3,1.0,1.0,10,10,0.0
371,wind_offshore,e_demand,2030,3,1.0,1.0,11,11,0.0
372,wind_offshore,e_demand,2030,3,1.0,1.0,12,12,0.0
373,wind_offshore,e_demand,2030,3,1.0,1.0,13,13,0.0
374,wind_offshore,e_demand,2030,3,1.0,1.0,14,14,0.0
375,wind_offshore,e_demand,2030,3,1.0,1.0,15,15,0.0
376,wind_offshore,e_demand,2030,3,1.0,1.0,16,16,0.0
377,wind_offshore,e_demand,2030,3,1.0,1.0,17,17,0.0
378,wind_offshore,e_demand,2030,3,1.0,1.0,18,18,0.0
379,wind_offshore,e_demand,2030,3,1.0,1.0,19,19,0.0
380,wind_offshore,e_demand,2030,3,1.0,1.0,20,20,0.0
381,wind_offshore,e_demand,2030,3,1.0,1.0,21,21,0.0
382,wind_offshore,e_demand,2030,3,1.0,1.0,22,22,0.0
383,wind_offshore,e_demand,2030,3,1.0,1.0,23,23,0.0
384,wind_offshore,e_demand,2030,3,1.0,1.0,24,24,0.0
385,ocgt,e_demand,2030,3,1.0,1.0,1,1,0.0
386,ocgt,e_demand,2030,3,1.0,1.0,2,2,0.0
387,ocgt,e_demand,2030,3,1.0,1.0,3,3,0.0
388,ocgt,e_demand,2030,3,1.0,1.0,4,4,0.0
389,ocgt,e_demand,2030,3,1.0,1.0,5,5,0.0
390,ocgt,e_demand,2030,3,1.0,1.0,6,6,0.0
391,ocgt,e_demand,2030,3,1.0,1.0,7,7,0.0
392,ocgt,e_demand,2030,3,1.0,1.0,8,8,0.0
393,ocgt,e_demand,2030,3,1.0,1.0,9,9,0.0
394,ocgt,e_demand,2030,3,1.0,1.0,10,10,0.0
395,ocgt,e_demand,2030,3,1.0,1.0,11,11,0.0
396,ocgt,e_demand,2030,3,1.0,1.0,12,12,0.0
397,ocgt,e_demand,2030,3,1.0,1.0,13,13,0.0
398,ocgt,e_demand,2030,3,1.0,1.0,14,14,0.0
399,ocgt,e_demand,2030,3,1.0,1.0,15,15,0.0
400,ocgt,e_demand,2030,3,1.0,1.0,16,16,0.0
401,ocgt,e_demand,2030,3,1.0,1.0,17,17,0.0
402,ocgt,e_demand,2030,3,1.0,1.0,18,18,0.0
403,ocgt,e_demand,2030,3,1.0,1.0,19,19,0.0
404,ocgt,e_demand,2030,3,1.0,1.0,20,20,0.0
405,ocgt,e_demand,2030,3,1.0,1.0,21,21,0.0
406,ocgt,e_demand,2030,3,1.0,1.0,22,22,0.0
407,ocgt,e_demand,2030,3,1.0,1.0,23,23,0.0
408,ocgt,e_demand,2030,3,1.0,1.0,24,24,0.0
409,ccgt,e_demand,2030,3,1.0,1.0,1,1,0.832138327587602
410,ccgt,e_demand,2030,3,1.0,1.0,2,2,0.822755208924278
411,ccgt,e_demand,2030,3,1.0,1.0,3,3,0.813851991401711
412,ccgt,e_demand,2030,3,1.0,1.0,4,4,0.8118860951482723
413,ccgt,e_demand,2030,3,1.0,1.0,5,5,0.8330011292003138
414,ccgt,e_demand,2030,3,1.0,1.0,6,6,0.8809155337365049
415,ccgt,e_demand,2030,3,1.0,1.0,7,7,0.8330664388252821
416,ccgt,e_demand,2030,3,1.0,1.0,8,8,0.7252376755599846
417,ccgt,e_demand,2030,3,1.0,1.0,9,9,0.5939907072981265
418,ccgt,e_demand,2030,3,1.0,1.0,10,10,0.49450788163829607
419,ccgt,e_demand,2030,3,1.0,1.0,11,11,0.4806781316623193
420,ccgt,e_demand,2030,3,1.0,1.0,12,12,0.46431285650945076
421,ccgt,e_demand,2030,3,1.0,1.0,13,13,0.4247509157267958
422,ccgt,e_demand,2030,3,1.0,1.0,14,14,0.4214101397938076
423,ccgt,e_demand,2030,3,1.0,1.0,15,15,0.4552669983265095
424,ccgt,e_demand,2030,3,1.0,1.0,16,16,0.5389974631487778
425,ccgt,e_demand,2030,3,1.0,1.0,17,17,0.6844453886207776
426,ccgt,e_demand,2030,3,1.0,1.0,18,18,0.83748300233453
427,ccgt,e_demand,2030,3,1.0,1.0,19,19,1.0306553546917765
428,ccgt,e_demand,2030,3,1.0,1.0,20,20,1.1306226715436405
429,ccgt,e_demand,2030,3,1.0,1.0,21,21,1.1187542776194828
430,ccgt,e_demand,2030,3,1.0,1.0,22,22,1.0446738905631496
431,ccgt,e_demand,2030,3,1.0,1.0,23,23,0.971970679406482
432,ccgt,e_demand,2030,3,1.0,1.0,24,24,0.9563144704503281
433,wind,e_demand,2030,4,1.0,1.0,1,1,0.0
434,wind,e_demand,2030,4,1.0,1.0,2,2,0.0
435,wind,e_demand,2030,4,1.0,1.0,3,3,0.0
436,wind,e_demand,2030,4,1.0,1.0,4,4,0.0
437,wind,e_demand,2030,4,1.0,1.0,5,5,0.0
438,wind,e_demand,2030,4,1.0,1.0,6,6,0.0
439,wind,e_demand,2030,4,1.0,1.0,7,7,0.0
440,wind,e_demand,2030,4,1.0,1.0,8,8,0.0
441,wind,e_demand,2030,4,1.0,1.0,9,9,0.0
442,wind,e_demand,2030,4,1.0,1.0,10,10,0.0
443,wind,e_demand,2030,4,1.0,1.0,11,11,0.0
444,wind,e_demand,2030,4,1.0,1.0,12,12,0.0
445,wind,e_demand,2030,4,1.0,1.0,13,13,0.0
446,wind,e_demand,2030,4,1.0,1.0,14,14,0.0
447,wind,e_demand,2030,4,1.0,1.0,15,15,0.0
448,wind,e_demand,2030,4,1.0,1.0,16,16,0.0
449,wind,e_demand,2030,4,1.0,1.0,17,17,0.0
450,wind,e_demand,2030,4,1.0,1.0,18,18,0.0
451,wind,e_demand,2030,4,1.0,1.0,19,19,0.0
452,wind,e_demand,2030,4,1.0,1.0,20,20,0.0
453,wind,e_demand,2030,4,1.0,1.0,21,21,0.0
454,wind,e_demand,2030,4,1.0,1.0,22,22,0.0
455,wind,e_demand,2030,4,1.0,1.0,23,23,0.0
456,wind,e_demand,2030,4,1.0,1.0,24,24,0.0
457,wind_offshore,e_demand,2030,4,1.0,1.0,1,1,0.0
458,wind_offshore,e_demand,2030,4,1.0,1.0,2,2,0.0
459,wind_offshore,e_demand,2030,4,1.0,1.0,3,3,0.0
460,wind_offshore,e_demand,2030,4,1.0,1.0,4,4,0.0
461,wind_offshore,e_demand,2030,4,1.0,1.0,5,5,0.0
462,wind_offshore,e_demand,2030,4,1.0,1.0,6,6,0.0
463,wind_offshore,e_demand,2030,4,1.0,1.0,7,7,0.0
464,wind_offshore,e_demand,2030,4,1.0,1.0,8,8,0.0
465,wind_offshore,e_demand,2030,4,1.0,1.0,9,9,0.0
466,wind_offshore,e_demand,2030,4,1.0,1.0,10,10,0.0
467,wind_offshore,e_demand,2030,4,1.0,1.0,11,11,0.0
468,wind_offshore,e_demand,2030,4,1.0,1.0,12,12,0.0
469,wind_offshore,e_demand,2030,4,1.0,1.0,13,13,0.0
470,wind_offshore,e_demand,2030,4,1.0,1.0,14,14,0.0
471,wind_offshore,e_demand,2030,4,1.0,1.0,15,15,0.0
472,wind_offshore,e_demand,2030,4,1.0,1.0,16,16,0.0
473,wind_offshore,e_demand,2030,4,1.0,1.0,17,17,0.0
474,wind_offshore,e_demand,2030,4,1.0,1.0,18,18,0.0
475,wind_offshore,e_demand,2030,4,1.0,1.0,19,19,0.0
476,wind_offshore,e_demand,2030,4,1.0,1.0,20,20,0.0
477,wind_offshore,e_demand,2030,4,1.0,1.0,21,21,0.0
478,wind_offshore,e_demand,2030,4,1.0,1.0,22,22,0.0
479,wind_offshore,e_demand,2030,4,1.0,1.0,23,23,0.0
480,wind_offshore,e_demand,2030,4,1.0,1.0,24,24,0.0
481,ocgt,e_demand,2030,4,1.0,1.0,1,1,0.0
482,ocgt,e_demand,2030,4,1.0,1.0,2,2,0.0
483,ocgt,e_demand,2030,4,1.0,1.0,3,3,0.0
484,ocgt,e_demand,2030,4,1.0,1.0,4,4,0.0
485,ocgt,e_demand,2030,4,1.0,1.0,5,5,0.0
486,ocgt,e_demand,2030,4,1.0,1.0,6,6,0.0
487,ocgt,e_demand,2030,4,1.0,1.0,7,7,0.0
488,ocgt,e_demand,2030,4,1.0,1.0,8,8,0.0
489,ocgt,e_demand,2030,4,1.0,1.0,9,9,0.0
490,ocgt,e_demand,2030,4,1.0,1.0,10,10,0.0
491,ocgt,e_demand,2030,4,1.0,1.0,11,11,0.0
492,ocgt,e_demand,2030,4,1.0,1.0,12,12,0.0
493,ocgt,e_demand,2030,4,1.0,1.0,13,13,0.0
494,ocgt,e_demand,2030,4,1.0,1.0,14,14,0.0
495,ocgt,e_demand,2030,4,1.0,1.0,15,15,0.0
496,ocgt,e_demand,2030,4,1.0,1.0,16,16,0.0
497,ocgt,e_demand,2030,4,1.0,1.0,17,17,0.0
498,ocgt,e_demand,2030,4,1.0,1.0,18,18,0.0
499,ocgt,e_demand,2030,4,1.0,1.0,19,19,0.08132969888388608
500,ocgt,e_demand,2030,4,1.0,1.0,20,20,0.08132969888388608
501,ocgt,e_demand,2030,4,1.0,1.0,21,21,0.08132969888388608
502,ocgt,e_demand,2030,4,1.0,1.0,22,22,0.07263355362686319
503,ocgt,e_demand,2030,4,1.0,1.0,23,23,0.0
504,ocgt,e_demand,2030,4,1.0,1.0,24,24,0.0
505,ccgt,e_demand,2030,4,1.0,1.0,1,1,1.0263597873095678
506,ccgt,e_demand,2030,4,1.0,1.0,2,2,0.9878616837386557
507,ccgt,e_demand,2030,4,1.0,1.0,3,3,0.9633097932977176
508,ccgt,e_demand,2030,4,1.0,1.0,4,4,0.9273513988905726
509,ccgt,e_demand,2030,4,1.0,1.0,5,5,0.9327776918717702
510,ccgt,e_demand,2030,4,1.0,1.0,6,6,0.9511622772468706
511,ccgt,e_demand,2030,4,1.0,1.0,7,7,0.9669712411743685
512,ccgt,e_demand,2030,4,1.0,1.0,8,8,0.8806559585070277
513,ccgt,e_demand,2030,4,1.0,1.0,9,9,0.7869890993952242
514,ccgt,e_demand,2030,4,1.0,1.0,10,10,0.7118828509493895
515,ccgt,e_demand,2030,4,1.0,1.0,11,11,0.7001270776552699
516,ccgt,e_demand,2030,4,1.0,1.0,12,12,0.7425326767598488
517,ccgt,e_demand,2030,4,1.0,1.0,13,13,0.7378272890116516
518,ccgt,e_demand,2030,4,1.0,1.0,14,14,0.7436657225931692
519,ccgt,e_demand,2030,4,1.0,1.0,15,15,0.7769552694933463
520,ccgt,e_demand,2030,4,1.0,1.0,16,16,0.8904009285280657
521,ccgt,e_demand,2030,4,1.0,1.0,17,17,1.046597658418229
522,ccgt,e_demand,2030,4,1.0,1.0,18,18,1.170513538548924
523,ccgt,e_demand,2030,4,1.0,1.0,19,19,1.2192157544456181
524,ccgt,e_demand,2030,4,1.0,1.0,20,20,1.2192157544456181
525,ccgt,e_demand,2030,4,1.0,1.0,21,21,1.2192157544456181
526,ccgt,e_demand,2030,4,1.0,1.0,22,22,1.2192157544456181
527,ccgt,e_demand,2030,4,1.0,1.0,23,23,1.1530956940175492
528,ccgt,e_demand,2030,4,1.0,1.0,24,24,1.104173640685381
529,ens,e_demand,2030,4,1.0,1.0,1,1,0.0
530,ens,e_demand,2030,4,1.0,1.0,2,2,0.0
531,ens,e_demand,2030,4,1.0,1.0,3,3,0.0
532,ens,e_demand,2030,4,1.0,1.0,4,4,0.0
533,ens,e_demand,2030,4,1.0,1.0,5,5,0.0
534,ens,e_demand,2030,4,1.0,1.0,6,6,0.0
535,ens,e_demand,2030,4,1.0,1.0,7,7,0.0
536,ens,e_demand,2030,4,1.0,1.0,8,8,0.0
537,ens,e_demand,2030,4,1.0,1.0,9,9,0.0
538,ens,e_demand,2030,4,1.0,1.0,10,10,0.0
539,ens,e_demand,2030,4,1.0,1.0,11,11,0.0
540,ens,e_demand,2030,4,1.0,1.0,12,12,0.0
541,ens,e_demand,2030,4,1.0,1.0,13,13,0.0
542,ens,e_demand,2030,4,1.0,1.0,14,14,0.0
543,ens,e_demand,2030,4,1.0,1.0,15,15,0.0
544,ens,e_demand,2030,4,1.0,1.0,16,16,0.0
545,ens,e_demand,2030,4,1.0,1.0,17,17,0.0
546,ens,e_demand,2030,4,1.0,1.0,18,18,0.0
547,ens,e_demand,2030,4,1.0,1.0,19,19,0.0
548,ens,e_demand,2030,4,1.0,1.0,20,20,0.07067167316697054
549,ens,e_demand,2030,4,1.0,1.0,21,21,0.07589080456326092
550,ens,e_demand,2030,4,1.0,1.0,22,22,0.0
551,ens,e_demand,2030,4,1.0,1.0,23,23,0.0
552,ens,e_demand,2030,4,1.0,1.0,24,24,0.0
553,solar,e_demand,2030,4,1.0,1.0,1,1,0.0
554,solar,e_demand,2030,4,1.0,1.0,2,2,0.0
555,solar,e_demand,2030,4,1.0,1.0,3,3,0.0
556,solar,e_demand,2030,4,1.0,1.0,4,4,0.0
557,solar,e_demand,2030,4,1.0,1.0,5,5,0.0
558,solar,e_demand,2030,4,1.0,1.0,6,6,0.0001200345592116152
559,solar,e_demand,2030,4,1.0,1.0,7,7,0.023924902701709907
560,solar,e_demand,2030,4,1.0,1.0,8,8,0.19030450743355343
561,solar,e_demand,2030,4,1.0,1.0,9,9,0.40800120963130887
562,solar,e_demand,2030,4,1.0,1.0,10,10,0.5840811837750961
563,solar,e_demand,2030,4,1.0,1.0,11,11,0.6928791705737765
564,solar,e_demand,2030,4,1.0,1.0,12,12,0.7642639312159063
565,solar,e_demand,2030,4,1.0,1.0,13,13,0.7877253033778643
566,solar,e_demand,2030,4,1.0,1.0,14,14,0.7771493578277285
567,solar,e_demand,2030,4,1.0,1.0,15,15,0.7317486584937228
568,solar,e_demand,2030,4,1.0,1.0,16,16,0.6241486457745077
569,solar,e_demand,2030,4,1.0,1.0,17,17,0.4772469798749603
570,solar,e_demand,2030,4,1.0,1.0,18,18,0.3007274271172724
571,solar,e_demand,2030,4,1.0,1.0,19,19,0.11432091781342596
572,solar,e_demand,2030,4,1.0,1.0,20,20,0.002046833290923299
573,solar,e_demand,2030,4,1.0,1.0,21,21,0.0
574,solar,e_demand,2030,4,1.0,1.0,22,22,0.0
575,solar,e_demand,2030,4,1.0,1.0,23,23,0.0
576,solar,e_demand,2030,4,1.0,1.0,24,24,0.0
577,wind,e_demand,2030,5,1.0,1.0,1,1,0.0
578,wind,e_demand,2030,5,1.0,1.0,2,2,0.0
579,wind,e_demand,2030,5,1.0,1.0,3,3,0.0
580,wind,e_demand,2030,5,1.0,1.0,4,4,0.0
581,wind,e_demand,2030,5,1.0,1.0,5,5,0.0
582,wind,e_demand,2030,5,1.0,1.0,6,6,0.0
583,wind,e_demand,2030,5,1.0,1.0,7,7,0.0
584,wind,e_demand,2030,5,1.0,1.0,8,8,0.0
585,wind,e_demand,2030,5,1.0,1.0,9,9,0.0
586,wind,e_demand,2030,5,1.0,1.0,10,10,0.0
587,wind,e_demand,2030,5,1.0,1.0,11,11,0.0
588,wind,e_demand,2030,5,1.0,1.0,12,12,0.0
589,wind,e_demand,2030,5,1.0,1.0,13,13,0.0
590,wind,e_demand,2030,5,1.0,1.0,14,14,0.0
591,wind,e_demand,2030,5,1.0,1.0,15,15,0.0
592,wind,e_demand,2030,5,1.0,1.0,16,16,0.0
593,wind,e_demand,2030,5,1.0,1.0,17,17,0.0
594,wind,e_demand,2030,5,1.0,1.0,18,18,0.0
595,wind,e_demand,2030,5,1.0,1.0,19,19,0.0
596,wind,e_demand,2030,5,1.0,1.0,20,20,0.0
597,wind,e_demand,2030,5,1.0,1.0,21,21,0.0
598,wind,e_demand,2030,5,1.0,1.0,22,22,0.0
599,wind,e_demand,2030,5,1.0,1.0,23,23,0.0
600,wind,e_demand,2030,5,1.0,1.0,24,24,0.0
601,ccgt,e_demand,2030,5,1.0,1.0,1,1,0.7502192849868884
602,ccgt,e_demand,2030,5,1.0,1.0,2,2,0.7390850208891677
603,ccgt,e_demand,2030,5,1.0,1.0,3,3,0.7408882862047275
604,ccgt,e_demand,2030,5,1.0,1.0,4,4,0.7309661893600858
605,ccgt,e_demand,2030,5,1.0,1.0,5,5,0.7442777894513806
606,ccgt,e_demand,2030,5,1.0,1.0,6,6,0.762555980147972
607,ccgt,e_demand,2030,5,1.0,1.0,7,7,0.8365658375225333
608,ccgt,e_demand,2030,5,1.0,1.0,8,8,0.9129293637673005
609,ccgt,e_demand,2030,5,1.0,1.0,9,9,0.7720350340155038
610,ccgt,e_demand,2030,5,1.0,1.0,10,10,0.5790986008383877
611,ccgt,e_demand,2030,5,1.0,1.0,11,11,0.45230776644463333
612,ccgt,e_demand,2030,5,1.0,1.0,12,12,0.34280513603994744
613,ccgt,e_demand,2030,5,1.0,1.0,13,13,0.31588440636583826
614,ccgt,e_demand,2030,5,1.0,1.0,14,14,0.32644122361333694
615,ccgt,e_demand,2030,5,1.0,1.0,15,15,0.4146155115577541
616,ccgt,e_demand,2030,5,1.0,1.0,16,16,0.5594225108192454
617,ccgt,e_demand,2030,5,1.0,1.0,17,17,0.764338598679004
618,ccgt,e_demand,2030,5,1.0,1.0,18,18,0.9482582559645337
619,ccgt,e_demand,2030,5,1.0,1.0,19,19,0.9870656588573633
620,ccgt,e_demand,2030,5,1.0,1.0,20,20,1.0205541431868193
621,ccgt,e_demand,2030,5,1.0,1.0,21,21,1.012790191701086
622,ccgt,e_demand,2030,5,1.0,1.0,22,22,0.9348389058676154
623,ccgt,e_demand,2030,5,1.0,1.0,23,23,0.8499216375956445
624,ccgt,e_demand,2030,5,1.0,1.0,24,24,0.8222683998698445
625,wind_offshore,e_demand,2030,5,1.0,1.0,1,1,0.0
626,wind_offshore,e_demand,2030,5,1.0,1.0,2,2,0.0
627,wind_offshore,e_demand,2030,5,1.0,1.0,3,3,0.0
628,wind_offshore,e_demand,2030,5,1.0,1.0,4,4,0.0
629,wind_offshore,e_demand,2030,5,1.0,1.0,5,5,0.0
630,wind_offshore,e_demand,2030,5,1.0,1.0,6,6,0.0
631,wind_offshore,e_demand,2030,5,1.0,1.0,7,7,0.0
632,wind_offshore,e_demand,2030,5,1.0,1.0,8,8,0.0
633,wind_offshore,e_demand,2030,5,1.0,1.0,9,9,0.0
634,wind_offshore,e_demand,2030,5,1.0,1.0,10,10,0.0
635,wind_offshore,e_demand,2030,5,1.0,1.0,11,11,0.0
636,wind_offshore,e_demand,2030,5,1.0,1.0,12,12,0.0
637,wind_offshore,e_demand,2030,5,1.0,1.0,13,13,0.0
638,wind_offshore,e_demand,2030,5,1.0,1.0,14,14,0.0
639,wind_offshore,e_demand,2030,5,1.0,1.0,15,15,0.0
640,wind_offshore,e_demand,2030,5,1.0,1.0,16,16,0.0
641,wind_offshore,e_demand,2030,5,1.0,1.0,17,17,0.0
642,wind_offshore,e_demand,2030,5,1.0,1.0,18,18,0.0
643,wind_offshore,e_demand,2030,5,1.0,1.0,19,19,0.0
644,wind_offshore,e_demand,2030,5,1.0,1.0,20,20,0.0
645,wind_offshore,e_demand,2030,5,1.0,1.0,21,21,0.0
646,wind_offshore,e_demand,2030,5,1.0,1.0,22,22,0.0
647,wind_offshore,e_demand,2030,5,1.0,1.0,23,23,0.0
648,wind_offshore,e_demand,2030,5,1.0,1.0,24,24,0.0
649,ocgt,e_demand,2030,5,1.0,1.0,1,1,0.0
650,ocgt,e_demand,2030,5,1.0,1.0,2,2,0.0
651,ocgt,e_demand,2030,5,1.0,1.0,3,3,0.0
652,ocgt,e_demand,2030,5,1.0,1.0,4,4,0.0
653,ocgt,e_demand,2030,5,1.0,1.0,5,5,0.0
654,ocgt,e_demand,2030,5,1.0,1.0,6,6,0.0
655,ocgt,e_demand,2030,5,1.0,1.0,7,7,0.0
656,ocgt,e_demand,2030,5,1.0,1.0,8,8,0.0
657,ocgt,e_demand,2030,5,1.0,1.0,9,9,0.0
658,ocgt,e_demand,2030,5,1.0,1.0,10,10,0.0
659,ocgt,e_demand,2030,5,1.0,1.0,11,11,0.0
660,ocgt,e_demand,2030,5,1.0,1.0,12,12,0.0
661,ocgt,e_demand,2030,5,1.0,1.0,13,13,0.0
662,ocgt,e_demand,2030,5,1.0,1.0,14,14,0.0
663,ocgt,e_demand,2030,5,1.0,1.0,15,15,0.0
664,ocgt,e_demand,2030,5,1.0,1.0,16,16,0.0
665,ocgt,e_demand,2030,5,1.0,1.0,17,17,0.0
666,ocgt,e_demand,2030,5,1.0,1.0,18,18,0.0
667,ocgt,e_demand,2030,5,1.0,1.0,19,19,0.0
668,ocgt,e_demand,2030,5,1.0,1.0,20,20,0.0
669,ocgt,e_demand,2030,5,1.0,1.0,21,21,0.0
670,ocgt,e_demand,2030,5,1.0,1.0,22,22,0.0
671,ocgt,e_demand,2030,5,1.0,1.0,23,23,0.0
672,ocgt,e_demand,2030,5,1.0,1.0,24,24,0.0
673,ens,e_demand,2030,5,1.0,1.0,1,1,0.0
674,ens,e_demand,2030,5,1.0,1.0,2,2,0.0
675,ens,e_demand,2030,5,1.0,1.0,3,3,0.0
676,ens,e_demand,2030,5,1.0,1.0,4,4,0.0
677,ens,e_demand,2030,5,1.0,1.0,5,5,0.0
678,ens,e_demand,2030,5,1.0,1.0,6,6,0.0
679,ens,e_demand,2030,5,1.0,1.0,7,7,0.0
680,ens,e_demand,2030,5,1.0,1.0,8,8,0.0
681,ens,e_demand,2030,5,1.0,1.0,9,9,0.0
682,ens,e_demand,2030,5,1.0,1.0,10,10,0.0
683,ens,e_demand,2030,5,1.0,1.0,11,11,0.0
684,ens,e_demand,2030,5,1.0,1.0,12,12,0.0
685,ens,e_demand,2030,5,1.0,1.0,13,13,0.0
686,ens,e_demand,2030,5,1.0,1.0,14,14,0.0
687,ens,e_demand,2030,5,1.0,1.0,15,15,0.0
688,ens,e_demand,2030,5,1.0,1.0,16,16,0.0
689,ens,e_demand,2030,5,1.0,1.0,17,17,0.0
690,ens,e_demand,2030,5,1.0,1.0,18,18,0.0
691,ens,e_demand,2030,5,1.0,1.0,19,19,0.0
692,ens,e_demand,2030,5,1.0,1.0,20,20,0.0
693,ens,e_demand,2030,5,1.0,1.0,21,21,0.0
694,ens,e_demand,2030,5,1.0,1.0,22,22,0.0
695,ens,e_demand,2030,5,1.0,1.0,23,23,0.0
696,ens,e_demand,2030,5,1.0,1.0,24,24,0.0
697,solar,e_demand,2030,5,1.0,1.0,1,1,0.0
698,solar,e_demand,2030,5,1.0,1.0,2,2,0.0
699,solar,e_demand,2030,5,1.0,1.0,3,3,0.0
700,solar,e_demand,2030,5,1.0,1.0,4,4,0.0
701,solar,e_demand,2030,5,1.0,1.0,5,5,0.0
702,solar,e_demand,2030,5,1.0,1.0,6,6,0.0
703,solar,e_demand,2030,5,1.0,1.0,7,7,0.0
704,solar,e_demand,2030,5,1.0,1.0,8,8,0.0038998701117408385
705,solar,e_demand,2030,5,1.0,1.0,9,9,0.18479536056094847
706,solar,e_demand,2030,5,1.0,1.0,10,10,0.40338147945975555
707,solar,e_demand,2030,5,1.0,1.0,11,11,0.5509625839265189
708,solar,e_demand,2030,5,1.0,1.0,12,12,0.6536673197661172
709,solar,e_demand,2030,5,1.0,1.0,13,13,0.6903747407676816
710,solar,e_demand,2030,5,1.0,1.0,14,14,0.6523181166123666
711,solar,e_demand,2030,5,1.0,1.0,15,15,0.5405235606440373
712,solar,e_demand,2030,5,1.0,1.0,16,16,0.37688118649568053
713,solar,e_demand,2030,5,1.0,1.0,17,17,0.1764119348364468
714,solar,e_demand,2030,5,1.0,1.0,18,18,0.0008013200033561887
715,solar,e_demand,2030,5,1.0,1.0,19,19,0.0
716,solar,e_demand,2030,5,1.0,1.0,20,20,0.0
717,solar,e_demand,2030,5,1.0,1.0,21,21,0.0
718,solar,e_demand,2030,5,1.0,1.0,22,22,0.0
719,solar,e_demand,2030,5,1.0,1.0,23,23,0.0
720,solar,e_demand,2030,5,1.0,1.0,24,24,0.0
721,solar,e_demand,2030,6,1.0,1.0,1,1,0.0
722,solar,e_demand,2030,6,1.0,1.0,2,2,0.0
723,solar,e_demand,2030,6,1.0,1.0,3,3,0.0
724,solar,e_demand,2030,6,1.0,1.0,4,4,0.0
725,solar,e_demand,2030,6,1.0,1.0,5,5,0.0
726,solar,e_demand,2030,6,1.0,1.0,6,6,0.0
727,solar,e_demand,2030,6,1.0,1.0,7,7,0.0
728,solar,e_demand,2030,6,1.0,1.0,8,8,0.005148262754611108
729,solar,e_demand,2030,6,1.0,1.0,9,9,0.14083375404059315
730,solar,e_demand,2030,6,1.0,1.0,10,10,0.2862181792645616
731,solar,e_demand,2030,6,1.0,1.0,11,11,0.4107380818047918
732,solar,e_demand,2030,6,1.0,1.0,12,12,0.5062655374936532
733,solar,e_demand,2030,6,1.0,1.0,13,13,0.5372233876954539
734,solar,e_demand,2030,6,1.0,1.0,14,14,0.49620296560797233
735,solar,e_demand,2030,6,1.0,1.0,15,15,0.3944904780090788
736,solar,e_demand,2030,6,1.0,1.0,16,16,0.2539037607769121
737,solar,e_demand,2030,6,1.0,1.0,17,17,0.10907326693901805
738,solar,e_demand,2030,6,1.0,1.0,18,18,0.0007311840164704656
739,solar,e_demand,2030,6,1.0,1.0,19,19,0.0
740,solar,e_demand,2030,6,1.0,1.0,20,20,0.0
741,solar,e_demand,2030,6,1.0,1.0,21,21,0.0
742,solar,e_demand,2030,6,1.0,1.0,22,22,0.0
743,solar,e_demand,2030,6,1.0,1.0,23,23,0.0
744,solar,e_demand,2030,6,1.0,1.0,24,24,0.0
745,ocgt,e_demand,2030,6,1.0,1.0,1,1,0.0
746,ocgt,e_demand,2030,6,1.0,1.0,2,2,0.0
747,ocgt,e_demand,2030,6,1.0,1.0,3,3,0.0
748,ocgt,e_demand,2030,6,1.0,1.0,4,4,0.0
749,ocgt,e_demand,2030,6,1.0,1.0,5,5,0.0
750,ocgt,e_demand,2030,6,1.0,1.0,6,6,0.0
751,ocgt,e_demand,2030,6,1.0,1.0,7,7,0.0
752,ocgt,e_demand,2030,6,1.0,1.0,8,8,0.0
753,ocgt,e_demand,2030,6,1.0,1.0,9,9,0.0
754,ocgt,e_demand,2030,6,1.0,1.0,10,10,0.0
755,ocgt,e_demand,2030,6,1.0,1.0,11,11,0.0
756,ocgt,e_demand,2030,6,1.0,1.0,12,12,0.0
757,ocgt,e_demand,2030,6,1.0,1.0,13,13,0.0
758,ocgt,e_demand,2030,6,1.0,1.0,14,14,0.0
759,ocgt,e_demand,2030,6,1.0,1.0,15,15,0.0
760,ocgt,e_demand,2030,6,1.0,1.0,16,16,0.0
761,ocgt,e_demand,2030,6,1.0,1.0,17,17,0.0
762,ocgt,e_demand,2030,6,1.0,1.0,18,18,0.0
763,ocgt,e_demand,2030,6,1.0,1.0,19,19,0.0
764,ocgt,e_demand,2030,6,1.0,1.0,20,20,0.0
765,ocgt,e_demand,2030,6,1.0,1.0,21,21,0.0
766,ocgt,e_demand,2030,6,1.0,1.0,22,22,0.0
767,ocgt,e_demand,2030,6,1.0,1.0,23,23,0.0
768,ocgt,e_demand,2030,6,1.0,1.0,24,24,0.0
769,ccgt,e_demand,2030,6,1.0,1.0,1,1,0.7449234557564367
770,ccgt,e_demand,2030,6,1.0,1.0,2,2,0.7287534884635304
771,ccgt,e_demand,2030,6,1.0,1.0,3,3,0.7143040109128428
772,ccgt,e_demand,2030,6,1.0,1.0,4,4,0.6928541862159859
773,ccgt,e_demand,2030,6,1.0,1.0,5,5,0.7014131692939225
774,ccgt,e_demand,2030,6,1.0,1.0,6,6,0.7339001286022593
775,ccgt,e_demand,2030,6,1.0,1.0,7,7,0.8064700031880203
776,ccgt,e_demand,2030,6,1.0,1.0,8,8,0.8583688879639881
777,ccgt,e_demand,2030,6,1.0,1.0,9,9,0.7624023748341922
778,ccgt,e_demand,2030,6,1.0,1.0,10,10,0.6497365348309551
779,ccgt,e_demand,2030,6,1.0,1.0,11,11,0.5599328421294876
780,ccgt,e_demand,2030,6,1.0,1.0,12,12,0.44469255918644357
781,ccgt,e_demand,2030,6,1.0,1.0,13,13,0.38567582564205827
782,ccgt,e_demand,2030,6,1.0,1.0,14,14,0.425701157188836
783,ccgt,e_demand,2030,6,1.0,1.0,15,15,0.5071270508828627
784,ccgt,e_demand,2030,6,1.0,1.0,16,16,0.6380304924333291
785,ccgt,e_demand,2030,6,1.0,1.0,17,17,0.7843777575722212
786,ccgt,e_demand,2030,6,1.0,1.0,18,18,0.9059895915595129
787,ccgt,e_demand,2030,6,1.0,1.0,19,19,0.9399133669663938
788,ccgt,e_demand,2030,6,1.0,1.0,20,20,0.9776054565574128
789,ccgt,e_demand,2030,6,1.0,1.0,21,21,0.9709790462437499
790,ccgt,e_demand,2030,6,1.0,1.0,22,22,0.9070802080667228
791,ccgt,e_demand,2030,6,1.0,1.0,23,23,0.8377954270480229
792,ccgt,e_demand,2030,6,1.0,1.0,24,24,0.8226894737300032
793,wind_offshore,e_demand,2030,6,1.0,1.0,1,1,0.0
794,wind_offshore,e_demand,2030,6,1.0,1.0,2,2,0.0
795,wind_offshore,e_demand,2030,6,1.0,1.0,3,3,0.0
796,wind_offshore,e_demand,2030,6,1.0,1.0,4,4,0.0
797,wind_offshore,e_demand,2030,6,1.0,1.0,5,5,0.0
798,wind_offshore,e_demand,2030,6,1.0,1.0,6,6,0.0
799,wind_offshore,e_demand,2030,6,1.0,1.0,7,7,0.0
800,wind_offshore,e_demand,2030,6,1.0,1.0,8,8,0.0
801,wind_offshore,e_demand,2030,6,1.0,1.0,9,9,0.0
802,wind_offshore,e_demand,2030,6,1.0,1.0,10,10,0.0
803,wind_offshore,e_demand,2030,6,1.0,1.0,11,11,0.0
804,wind_offshore,e_demand,2030,6,1.0,1.0,12,12,0.0
805,wind_offshore,e_demand,2030,6,1.0,1.0,13,13,0.0
806,wind_offshore,e_demand,2030,6,1.0,1.0,14,14,0.0
807,wind_offshore,e_demand,2030,6,1.0,1.0,15,15,0.0
808,wind_offshore,e_demand,2030,6,1.0,1.0,16,16,0.0
809,wind_offshore,e_demand,2030,6,1.0,1.0,17,17,0.0
810,wind_offshore,e_demand,2030,6,1.0,1.0,18,18,0.0
811,wind_offshore,e_demand,2030,6,1.0,1.0,19,19,0.0
812,wind_offshore,e_demand,2030,6,1.0,1.0,20,20,0.0
813,wind_offshore,e_demand,2030,6,1.0,1.0,21,21,0.0
814,wind_offshore,e_demand,2030,6,1.0,1.0,22,22,0.0
815,wind_offshore,e_demand,2030,6,1.0,1.0,23,23,0.0
816,wind_offshore,e_demand,2030,6,1.0,1.0,24,24,0.0
817,wind,e_demand,2030,6,1.0,1.0,1,1,0.0
818,wind,e_demand,2030,6,1.0,1.0,2,2,0.0
819,wind,e_demand,2030,6,1.0,1.0,3,3,0.0
820,wind,e_demand,2030,6,1.0,1.0,4,4,0.0
821,wind,e_demand,2030,6,1.0,1.0,5,5,0.0
822,wind,e_demand,2030,6,1.0,1.0,6,6,0.0
823,wind,e_demand,2030,6,1.0,1.0,7,7,0.0
824,wind,e_demand,2030,6,1.0,1.0,8,8,0.0
825,wind,e_demand,2030,6,1.0,1.0,9,9,0.0
826,wind,e_demand,2030,6,1.0,1.0,10,10,0.0
827,wind,e_demand,2030,6,1.0,1.0,11,11,0.0
828,wind,e_demand,2030,6,1.0,1.0,12,12,0.0
829,wind,e_demand,2030,6,1.0,1.0,13,13,0.0
830,wind,e_demand,2030,6,1.0,1.0,14,14,0.0
831,wind,e_demand,2030,6,1.0,1.0,15,15,0.0
832,wind,e_demand,2030,6,1.0,1.0,16,16,0.0
833,wind,e_demand,2030,6,1.0,1.0,17,17,0.0
834,wind,e_demand,2030,6,1.0,1.0,18,18,0.0
835,wind,e_demand,2030,6,1.0,1.0,19,19,0.0
836,wind,e_demand,2030,6,1.0,1.0,20,20,0.0
837,wind,e_demand,2030,6,1.0,1.0,21,21,0.0
838,wind,e_demand,2030,6,1.0,1.0,22,22,0.0
839,wind,e_demand,2030,6,1.0,1.0,23,23,0.0
840,wind,e_demand,2030,6,1.0,1.0,24,24,0.0
841,ens,e_demand,2030,6,1.0,1.0,1,1,0.0
842,ens,e_demand,2030,6,1.0,1.0,2,2,0.0
843,ens,e_demand,2030,6,1.0,1.0,3,3,0.0
844,ens,e_demand,2030,6,1.0,1.0,4,4,0.0
845,ens,e_demand,2030,6,1.0,1.0,5,5,0.0
846,ens,e_demand,2030,6,1.0,1.0,6,6,0.0
847,ens,e_demand,2030,6,1.0,1.0,7,7,0.0
848,ens,e_demand,2030,6,1.0,1.0,8,8,0.0
849,ens,e_demand,2030,6,1.0,1.0,9,9,0.0
850,ens,e_demand,2030,6,1.0,1.0,10,10,0.0
851,ens,e_demand,2030,6,1.0,1.0,11,11,0.0
852,ens,e_demand,2030,6,1.0,1.0,12,12,0.0
853,ens,e_demand,2030,6,1.0,1.0,13,13,0.0
854,ens,e_demand,2030,6,1.0,1.0,14,14,0.0
855,ens,e_demand,2030,6,1.0,1.0,15,15,0.0
856,ens,e_demand,2030,6,1.0,1.0,16,16,0.0
857,ens,e_demand,2030,6,1.0,1.0,17,17,0.0
858,ens,e_demand,2030,6,1.0,1.0,18,18,0.0
859,ens,e_demand,2030,6,1.0,1.0,19,19,0.0
860,ens,e_demand,2030,6,1.0,1.0,20,20,0.0
861,ens,e_demand,2030,6,1.0,1.0,21,21,0.0
862,ens,e_demand,2030,6,1.0,1.0,22,22,0.0
863,ens,e_demand,2030,6,1.0,1.0,23,23,0.0
864,ens,e_demand,2030,6,1.0,1.0,24,24,0.0
865,solar,e_demand,2030,7,1.0,1.0,1,1,0.0
866,solar,e_demand,2030,7,1.0,1.0,2,2,0.0
867,solar,e_demand,2030,7,1.0,1.0,3,3,0.0
868,solar,e_demand,2030,7,1.0,1.0,4,4,0.0
869,solar,e_demand,2030,7,1.0,1.0,5,5,0.0
870,solar,e_demand,2030,7,1.0,1.0,6,6,0.0
871,solar,e_demand,2030,7,1.0,1.0,7,7,0.017432065553873236
872,solar,e_demand,2030,7,1.0,1.0,8,8,0.1803840771488925
873,solar,e_demand,2030,7,1.0,1.0,9,9,0.3958777492173817
874,solar,e_demand,2030,7,1.0,1.0,10,10,0.5849782522314766
875,solar,e_demand,2030,7,1.0,1.0,11,11,0.6997753112390287
876,solar,e_demand,2030,7,1.0,1.0,12,12,0.7868332761026451
877,solar,e_demand,2030,7,1.0,1.0,13,13,0.8233103794325105
878,solar,e_demand,2030,7,1.0,1.0,14,14,0.8027780513539439
879,solar,e_demand,2030,7,1.0,1.0,15,15,0.7478895300216402
880,solar,e_demand,2030,7,1.0,1.0,16,16,0.6568657854290414
881,solar,e_demand,2030,7,1.0,1.0,17,17,0.5110469197538504
882,solar,e_demand,2030,7,1.0,1.0,18,18,0.3162575413161038
883,solar,e_demand,2030,7,1.0,1.0,19,19,0.10802145827904835
884,solar,e_demand,2030,7,1.0,1.0,20,20,0.0007451153027935196
885,solar,e_demand,2030,7,1.0,1.0,21,21,0.0
886,solar,e_demand,2030,7,1.0,1.0,22,22,0.0
887,solar,e_demand,2030,7,1.0,1.0,23,23,0.0
888,solar,e_demand,2030,7,1.0,1.0,24,24,0.0
889,ocgt,e_demand,2030,7,1.0,1.0,1,1,0.0
890,ocgt,e_demand,2030,7,1.0,1.0,2,2,0.0
891,ocgt,e_demand,2030,7,1.0,1.0,3,3,0.0
892,ocgt,e_demand,2030,7,1.0,1.0,4,4,0.0
893,ocgt,e_demand,2030,7,1.0,1.0,5,5,0.0
894,ocgt,e_demand,2030,7,1.0,1.0,6,6,0.0
895,ocgt,e_demand,2030,7,1.0,1.0,7,7,0.0
896,ocgt,e_demand,2030,7,1.0,1.0,8,8,0.0
897,ocgt,e_demand,2030,7,1.0,1.0,9,9,0.0
898,ocgt,e_demand,2030,7,1.0,1.0,10,10,0.0
899,ocgt,e_demand,2030,7,1.0,1.0,11,11,0.0
900,ocgt,e_demand,2030,7,1.0,1.0,12,12,0.0
901,ocgt,e_demand,2030,7,1.0,1.0,13,13,0.0
902,ocgt,e_demand,2030,7,1.0,1.0,14,14,0.0
903,ocgt,e_demand,2030,7,1.0,1.0,15,15,0.0
904,ocgt,e_demand,2030,7,1.0,1.0,16,16,0.0
905,ocgt,e_demand,2030,7,1.0,1.0,17,17,0.0
906,ocgt,e_demand,2030,7,1.0,1.0,18,18,0.0
907,ocgt,e_demand,2030,7,1.0,1.0,19,19,0.0
908,ocgt,e_demand,2030,7,1.0,1.0,20,20,0.0
909,ocgt,e_demand,2030,7,1.0,1.0,21,21,0.0
910,ocgt,e_demand,2030,7,1.0,1.0,22,22,0.0
911,ocgt,e_demand,2030,7,1.0,1.0,23,23,0.0
912,ocgt,e_demand,2030,7,1.0,1.0,24,24,0.0
913,ccgt,e_demand,2030,7,1.0,1.0,1,1,0.8580263095478131
914,ccgt,e_demand,2030,7,1.0,1.0,2,2,0.8419562772940911
915,ccgt,e_demand,2030,7,1.0,1.0,3,3,0.838521968057339
916,ccgt,e_demand,2030,7,1.0,1.0,4,4,0.8239063266757215
917,ccgt,e_demand,2030,7,1.0,1.0,5,5,0.8490221407259588
918,ccgt,e_demand,2030,7,1.0,1.0,6,6,0.8751635891575278
919,ccgt,e_demand,2030,7,1.0,1.0,7,7,0.8931139879165659
920,ccgt,e_demand,2030,7,1.0,1.0,8,8,0.7920241578983624
921,ccgt,e_demand,2030,7,1.0,1.0,9,9,0.655473395874556
922,ccgt,e_demand,2030,7,1.0,1.0,10,10,0.5437364082263483
923,ccgt,e_demand,2030,7,1.0,1.0,11,11,0.48872371305736173
924,ccgt,e_demand,2030,7,1.0,1.0,12,12,0.46424052957129036
925,ccgt,e_demand,2030,7,1.0,1.0,13,13,0.44683783622181594
926,ccgt,e_demand,2030,7,1.0,1.0,14,14,0.45161686280169666
927,ccgt,e_demand,2030,7,1.0,1.0,15,15,0.4771104488213105
928,ccgt,e_demand,2030,7,1.0,1.0,16,16,0.5665680958057595
929,ccgt,e_demand,2030,7,1.0,1.0,17,17,0.6821157090884148
930,ccgt,e_demand,2030,7,1.0,1.0,18,18,0.8567012442690516
931,ccgt,e_demand,2030,7,1.0,1.0,19,19,1.0347726237357433
932,ccgt,e_demand,2030,7,1.0,1.0,20,20,1.120787855123237
933,ccgt,e_demand,2030,7,1.0,1.0,21,21,1.0920879595948654
934,ccgt,e_demand,2030,7,1.0,1.0,22,22,1.0375599577024195
935,ccgt,e_demand,2030,7,1.0,1.0,23,23,0.9486586841471012
936,ccgt,e_demand,2030,7,1.0,1.0,24,24,0.9198969798663583
937,wind,e_demand,2030,7,1.0,1.0,1,1,0.0
938,wind,e_demand,2030,7,1.0,1.0,2,2,0.0
939,wind,e_demand,2030,7,1.0,1.0,3,3,0.0
940,wind,e_demand,2030,7,1.0,1.0,4,4,0.0
941,wind,e_demand,2030,7,1.0,1.0,5,5,0.0
942,wind,e_demand,2030,7,1.0,1.0,6,6,0.0
943,wind,e_demand,2030,7,1.0,1.0,7,7,0.0
944,wind,e_demand,2030,7,1.0,1.0,8,8,0.0
945,wind,e_demand,2030,7,1.0,1.0,9,9,0.0
946,wind,e_demand,2030,7,1.0,1.0,10,10,0.0
947,wind,e_demand,2030,7,1.0,1.0,11,11,0.0
948,wind,e_demand,2030,7,1.0,1.0,12,12,0.0
949,wind,e_demand,2030,7,1.0,1.0,13,13,0.0
950,wind,e_demand,2030,7,1.0,1.0,14,14,0.0
951,wind,e_demand,2030,7,1.0,1.0,15,15,0.0
952,wind,e_demand,2030,7,1.0,1.0,16,16,0.0
953,wind,e_demand,2030,7,1.0,1.0,17,17,0.0
954,wind,e_demand,2030,7,1.0,1.0,18,18,0.0
955,wind,e_demand,2030,7,1.0,1.0,19,19,0.0
956,wind,e_demand,2030,7,1.0,1.0,20,20,0.0
957,wind,e_demand,2030,7,1.0,1.0,21,21,0.0
958,wind,e_demand,2030,7,1.0,1.0,22,22,0.0
959,wind,e_demand,2030,7,1.0,1.0,23,23,0.0
960,wind,e_demand,2030,7,1.0,1.0,24,24,0.0
961,wind_offshore,e_demand,2030,7,1.0,1.0,1,1,0.0
962,wind_offshore,e_demand,2030,7,1.0,1.0,2,2,0.0
963,wind_offshore,e_demand,2030,7,1.0,1.0,3,3,0.0
964,wind_offshore,e_demand,2030,7,1.0,1.0,4,4,0.0
965,wind_offshore,e_demand,2030,7,1.0,1.0,5,5,0.0
966,wind_offshore,e_demand,2030,7,1.0,1.0,6,6,0.0
967,wind_offshore,e_demand,2030,7,1.0,1.0,7,7,0.0
968,wind_offshore,e_demand,2030,7,1.0,1.0,8,8,0.0
969,wind_offshore,e_demand,2030,7,1.0,1.0,9,9,0.0
970,wind_offshore,e_demand,2030,7,1.0,1.0,10,10,0.0
971,wind_offshore,e_demand,2030,7,1.0,1.0,11,11,0.0
972,wind_offshore,e_demand,2030,7,1.0,1.0,12,12,0.0
973,wind_offshore,e_demand,2030,7,1.0,1.0,13,13,0.0
974,wind_offshore,e_demand,2030,7,1.0,1.0,14,14,0.0
975,wind_offshore,e_demand,2030,7,1.0,1.0,15,15,0.0
976,wind_offshore,e_demand,2030,7,1.0,1.0,16,16,0.0
977,wind_offshore,e_demand,2030,7,1.0,1.0,17,17,0.0
978,wind_offshore,e_demand,2030,7,1.0,1.0,18,18,0.0
979,wind_offshore,e_demand,2030,7,1.0,1.0,19,19,0.0
980,wind_offshore,e_demand,2030,7,1.0,1.0,20,20,0.0
981,wind_offshore,e_demand,2030,7,1.0,1.0,21,21,0.0
982,wind_offshore,e_demand,2030,7,1.0,1.0,22,22,0.0
983,wind_offshore,e_demand,2030,7,1.0,1.0,23,23,0.0
984,wind_offshore,e_demand,2030,7,1.0,1.0,24,24,0.0
985,ens,e_demand,2030,7,1.0,1.0,1,1,0.0
986,ens,e_demand,2030,7,1.0,1.0,2,2,0.0
987,ens,e_demand,2030,7,1.0,1.0,3,3,0.0
988,ens,e_demand,2030,7,1.0,1.0,4,4,0.0
989,ens,e_demand,2030,7,1.0,1.0,5,5,0.0
990,ens,e_demand,2030,7,1.0,1.0,6,6,0.0
991,ens,e_demand,2030,7,1.0,1.0,7,7,0.0
992,ens,e_demand,2030,7,1.0,1.0,8,8,0.0
993,ens,e_demand,2030,7,1.0,1.0,9,9,0.0
994,ens,e_demand,2030,7,1.0,1.0,10,10,0.0
995,ens,e_demand,2030,7,1.0,1.0,11,11,0.0
996,ens,e_demand,2030,7,1.0,1.0,12,12,0.0
997,ens,e_demand,2030,7,1.0,1.0,13,13,0.0
998,ens,e_demand,2030,7,1.0,1.0,14,14,0.0
999,ens,e_demand,2030,7,1.0,1.0,15,15,0.0
1000,ens,e_demand,2030,7,1.0,1.0,16,16,0.0
1001,ens,e_demand,2030,7,1.0,1.0,17,17,0.0
1002,ens,e_demand,2030,7,1.0,1.0,18,18,0.0
1003,ens,e_demand,2030,7,1.0,1.0,19,19,0.0
1004,ens,e_demand,2030,7,1.0,1.0,20,20,0.0
1005,ens,e_demand,2030,7,1.0,1.0,21,21,0.0
1006,ens,e_demand,2030,7,1.0,1.0,22,22,0.0
1007,ens,e_demand,2030,7,1.0,1.0,23,23,0.0
1008,ens,e_demand,2030,7,1.0,1.0,24,24,0.0
1009,ens,e_demand,2030,8,1.0,1.0,1,1,0.0
1010,ens,e_demand,2030,8,1.0,1.0,2,2,0.0
1011,ens,e_demand,2030,8,1.0,1.0,3,3,0.0
1012,ens,e_demand,2030,8,1.0,1.0,4,4,0.0
1013,ens,e_demand,2030,8,1.0,1.0,5,5,0.0
1014,ens,e_demand,2030,8,1.0,1.0,6,6,0.0
1015,ens,e_demand,2030,8,1.0,1.0,7,7,0.0
1016,ens,e_demand,2030,8,1.0,1.0,8,8,0.0
1017,ens,e_demand,2030,8,1.0,1.0,9,9,0.0
1018,ens,e_demand,2030,8,1.0,1.0,10,10,0.0
1019,ens,e_demand,2030,8,1.0,1.0,11,11,0.0
1020,ens,e_demand,2030,8,1.0,1.0,12,12,0.0
1021,ens,e_demand,2030,8,1.0,1.0,13,13,0.0
1022,ens,e_demand,2030,8,1.0,1.0,14,14,0.0
1023,ens,e_demand,2030,8,1.0,1.0,15,15,0.0
1024,ens,e_demand,2030,8,1.0,1.0,16,16,0.0
1025,ens,e_demand,2030,8,1.0,1.0,17,17,0.0
1026,ens,e_demand,2030,8,1.0,1.0,18,18,0.0
1027,ens,e_demand,2030,8,1.0,1.0,19,19,0.0
1028,ens,e_demand,2030,8,1.0,1.0,20,20,0.0
1029,ens,e_demand,2030,8,1.0,1.0,21,21,0.0
1030,ens,e_demand,2030,8,1.0,1.0,22,22,0.0
1031,ens,e_demand,2030,8,1.0,1.0,23,23,0.0
1032,ens,e_demand,2030,8,1.0,1.0,24,24,0.0
1033,solar,e_demand,2030,8,1.0,1.0,1,1,0.0
1034,solar,e_demand,2030,8,1.0,1.0,2,2,0.0
1035,solar,e_demand,2030,8,1.0,1.0,3,3,0.0
1036,solar,e_demand,2030,8,1.0,1.0,4,4,0.0
1037,solar,e_demand,2030,8,1.0,1.0,5,5,0.0
1038,solar,e_demand,2030,8,1.0,1.0,6,6,0.0001858197755379718
1039,solar,e_demand,2030,8,1.0,1.0,7,7,0.04246400489967145
1040,solar,e_demand,2030,8,1.0,1.0,8,8,0.18641077980394272
1041,solar,e_demand,2030,8,1.0,1.0,9,9,0.3586542044407208
1042,solar,e_demand,2030,8,1.0,1.0,10,10,0.495512007959631
1043,solar,e_demand,2030,8,1.0,1.0,11,11,0.5781046623321046
1044,solar,e_demand,2030,8,1.0,1.0,12,12,0.6346843562734436
1045,solar,e_demand,2030,8,1.0,1.0,13,13,0.6678261354646976
1046,solar,e_demand,2030,8,1.0,1.0,14,14,0.6437291772184158
1047,solar,e_demand,2030,8,1.0,1.0,15,15,0.592296535530338
1048,solar,e_demand,2030,8,1.0,1.0,16,16,0.5039565171161274
1049,solar,e_demand,2030,8,1.0,1.0,17,17,0.3750312762068999
1050,solar,e_demand,2030,8,1.0,1.0,18,18,0.23904912708308032
1051,solar,e_demand,2030,8,1.0,1.0,19,19,0.10722960141624605
1052,solar,e_demand,2030,8,1.0,1.0,20,20,0.014701063194281754
1053,solar,e_demand,2030,8,1.0,1.0,21,21,0.0
1054,solar,e_demand,2030,8,1.0,1.0,22,22,0.0
1055,solar,e_demand,2030,8,1.0,1.0,23,23,0.0
1056,solar,e_demand,2030,8,1.0,1.0,24,24,0.0
1057,ocgt,e_demand,2030,8,1.0,1.0,1,1,0.0
1058,ocgt,e_demand,2030,8,1.0,1.0,2,2,0.0
1059,ocgt,e_demand,2030,8,1.0,1.0,3,3,0.0
1060,ocgt,e_demand,2030,8,1.0,1.0,4,4,0.0
1061,ocgt,e_demand,2030,8,1.0,1.0,5,5,0.0
1062,ocgt,e_demand,2030,8,1.0,1.0,6,6,0.0
1063,ocgt,e_demand,2030,8,1.0,1.0,7,7,0.0
1064,ocgt,e_demand,2030,8,1.0,1.0,8,8,0.0
1065,ocgt,e_demand,2030,8,1.0,1.0,9,9,0.0
1066,ocgt,e_demand,2030,8,1.0,1.0,10,10,0.0
1067,ocgt,e_demand,2030,8,1.0,1.0,11,11,0.0
1068,ocgt,e_demand,2030,8,1.0,1.0,12,12,0.0
1069,ocgt,e_demand,2030,8,1.0,1.0,13,13,0.0
1070,ocgt,e_demand,2030,8,1.0,1.0,14,14,0.0
1071,ocgt,e_demand,2030,8,1.0,1.0,15,15,0.0
1072,ocgt,e_demand,2030,8,1.0,1.0,16,16,0.0
1073,ocgt,e_demand,2030,8,1.0,1.0,17,17,0.0
1074,ocgt,e_demand,2030,8,1.0,1.0,18,18,0.0
1075,ocgt,e_demand,2030,8,1.0,1.0,19,19,0.0
1076,ocgt,e_demand,2030,8,1.0,1.0,20,20,0.0
1077,ocgt,e_demand,2030,8,1.0,1.0,21,21,0.0
1078,ocgt,e_demand,2030,8,1.0,1.0,22,22,0.0
1079,ocgt,e_demand,2030,8,1.0,1.0,23,23,0.0
1080,ocgt,e_demand,2030,8,1.0,1.0,24,24,0.0
1081,ccgt,e_demand,2030,8,1.0,1.0,1,1,0.77454792314003
1082,ccgt,e_demand,2030,8,1.0,1.0,2,2,0.7652673039508446
1083,ccgt,e_demand,2030,8,1.0,1.0,3,3,0.7491094036453391
1084,ccgt,e_demand,2030,8,1.0,1.0,4,4,0.7389570368883341
1085,ccgt,e_demand,2030,8,1.0,1.0,5,5,0.7644087378340942
1086,ccgt,e_demand,2030,8,1.0,1.0,6,6,0.8049111060411863
1087,ccgt,e_demand,2030,8,1.0,1.0,7,7,0.7946209866345431
1088,ccgt,e_demand,2030,8,1.0,1.0,8,8,0.7086730333395208
1089,ccgt,e_demand,2030,8,1.0,1.0,9,9,0.6010614251126574
1090,ccgt,e_demand,2030,8,1.0,1.0,10,10,0.518473961214485
1091,ccgt,e_demand,2030,8,1.0,1.0,11,11,0.483268506304518
1092,ccgt,e_demand,2030,8,1.0,1.0,12,12,0.457769937131257
1093,ccgt,e_demand,2030,8,1.0,1.0,13,13,0.4525630394038348
1094,ccgt,e_demand,2030,8,1.0,1.0,14,14,0.442763855615378
1095,ccgt,e_demand,2030,8,1.0,1.0,15,15,0.48390618159963994
1096,ccgt,e_demand,2030,8,1.0,1.0,16,16,0.565790002085201
1097,ccgt,e_demand,2030,8,1.0,1.0,17,17,0.6909548440741804
1098,ccgt,e_demand,2030,8,1.0,1.0,18,18,0.8276959373300272
1099,ccgt,e_demand,2030,8,1.0,1.0,19,19,0.9452646691223515
1100,ccgt,e_demand,2030,8,1.0,1.0,20,20,1.014644259546771
1101,ccgt,e_demand,2030,8,1.0,1.0,21,21,1.0040980391551346
1102,ccgt,e_demand,2030,8,1.0,1.0,22,22,0.9448551457452927
1103,ccgt,e_demand,2030,8,1.0,1.0,23,23,0.8894379828771681
1104,ccgt,e_demand,2030,8,1.0,1.0,24,24,0.8803497397470481
1105,wind,e_demand,2030,8,1.0,1.0,1,1,0.0
1106,wind,e_demand,2030,8,1.0,1.0,2,2,0.0
1107,wind,e_demand,2030,8,1.0,1.0,3,3,0.0
1108,wind,e_demand,2030,8,1.0,1.0,4,4,0.0
1109,wind,e_demand,2030,8,1.0,1.0,5,5,0.0
1110,wind,e_demand,2030,8,1.0,1.0,6,6,0.0
1111,wind,e_demand,2030,8,1.0,1.0,7,7,0.0
1112,wind,e_demand,2030,8,1.0,1.0,8,8,0.0
1113,wind,e_demand,2030,8,1.0,1.0,9,9,0.0
1114,wind,e_demand,2030,8,1.0,1.0,10,10,0.0
1115,wind,e_demand,2030,8,1.0,1.0,11,11,0.0
1116,wind,e_demand,2030,8,1.0,1.0,12,12,0.0
1117,wind,e_demand,2030,8,1.0,1.0,13,13,0.0
1118,wind,e_demand,2030,8,1.0,1.0,14,14,0.0
1119,wind,e_demand,2030,8,1.0,1.0,15,15,0.0
1120,wind,e_demand,2030,8,1.0,1.0,16,16,0.0
1121,wind,e_demand,2030,8,1.0,1.0,17,17,0.0
1122,wind,e_demand,2030,8,1.0,1.0,18,18,0.0
1123,wind,e_demand,2030,8,1.0,1.0,19,19,0.0
1124,wind,e_demand,2030,8,1.0,1.0,20,20,0.0
1125,wind,e_demand,2030,8,1.0,1.0,21,21,0.0
1126,wind,e_demand,2030,8,1.0,1.0,22,22,0.0
1127,wind,e_demand,2030,8,1.0,1.0,23,23,0.0
1128,wind,e_demand,2030,8,1.0,1.0,24,24,0.0
1129,wind_offshore,e_demand,2030,8,1.0,1.0,1,1,0.0
1130,wind_offshore,e_demand,2030,8,1.0,1.0,2,2,0.0
1131,wind_offshore,e_demand,2030,8,1.0,1.0,3,3,0.0
1132,wind_offshore,e_demand,2030,8,1.0,1.0,4,4,0.0
1133,wind_offshore,e_demand,2030,8,1.0,1.0,5,5,0.0
1134,wind_offshore,e_demand,2030,8,1.0,1.0,6,6,0.0
1135,wind_offshore,e_demand,2030,8,1.0,1.0,7,7,0.0
1136,wind_offshore,e_demand,2030,8,1.0,1.0,8,8,0.0
1137,wind_offshore,e_demand,2030,8,1.0,1.0,9,9,0.0
1138,wind_offshore,e_demand,2030,8,1.0,1.0,10,10,0.0
1139,wind_offshore,e_demand,2030,8,1.0,1.0,11,11,0.0
1140,wind_offshore,e_demand,2030,8,1.0,1.0,12,12,0.0
1141,wind_offshore,e_demand,2030,8,1.0,1.0,13,13,0.0
1142,wind_offshore,e_demand,2030,8,1.0,1.0,14,14,0.0
1143,wind_offshore,e_demand,2030,8,1.0,1.0,15,15,0.0
1144,wind_offshore,e_demand,2030,8,1.0,1.0,16,16,0.0
1145,wind_offshore,e_demand,2030,8,1.0,1.0,17,17,0.0
1146,wind_offshore,e_demand,2030,8,1.0,1.0,18,18,0.0
1147,wind_offshore,e_demand,2030,8,1.0,1.0,19,19,0.0
1148,wind_offshore,e_demand,2030,8,1.0,1.0,20,20,0.0
1149,wind_offshore,e_demand,2030,8,1.0,1.0,21,21,0.0
1150,wind_offshore,e_demand,2030,8,1.0,1.0,22,22,0.0
1151,wind_offshore,e_demand,2030,8,1.0,1.0,23,23,0.0
1152,wind_offshore,e_demand,2030,8,1.0,1.0,24,24,0.0
1153,ocgt,e_demand,2030,9,1.0,1.0,1,1,0.0
1154,ocgt,e_demand,2030,9,1.0,1.0,2,2,0.0
1155,ocgt,e_demand,2030,9,1.0,1.0,3,3,0.0
1156,ocgt,e_demand,2030,9,1.0,1.0,4,4,0.0
1157,ocgt,e_demand,2030,9,1.0,1.0,5,5,0.0
1158,ocgt,e_demand,2030,9,1.0,1.0,6,6,0.0
1159,ocgt,e_demand,2030,9,1.0,1.0,7,7,0.0
1160,ocgt,e_demand,2030,9,1.0,1.0,8,8,0.0
1161,ocgt,e_demand,2030,9,1.0,1.0,9,9,0.0
1162,ocgt,e_demand,2030,9,1.0,1.0,10,10,0.0
1163,ocgt,e_demand,2030,9,1.0,1.0,11,11,0.0
1164,ocgt,e_demand,2030,9,1.0,1.0,12,12,0.0
1165,ocgt,e_demand,2030,9,1.0,1.0,13,13,0.0
1166,ocgt,e_demand,2030,9,1.0,1.0,14,14,0.0
1167,ocgt,e_demand,2030,9,1.0,1.0,15,15,0.0
1168,ocgt,e_demand,2030,9,1.0,1.0,16,16,0.0
1169,ocgt,e_demand,2030,9,1.0,1.0,17,17,0.0
1170,ocgt,e_demand,2030,9,1.0,1.0,18,18,0.0
1171,ocgt,e_demand,2030,9,1.0,1.0,19,19,0.0
1172,ocgt,e_demand,2030,9,1.0,1.0,20,20,0.05373054597650806
1173,ocgt,e_demand,2030,9,1.0,1.0,21,21,0.06878500173268876
1174,ocgt,e_demand,2030,9,1.0,1.0,22,22,0.0
1175,ocgt,e_demand,2030,9,1.0,1.0,23,23,0.0
1176,ocgt,e_demand,2030,9,1.0,1.0,24,24,0.0
1177,wind,e_demand,2030,9,1.0,1.0,1,1,0.0
1178,wind,e_demand,2030,9,1.0,1.0,2,2,0.0
1179,wind,e_demand,2030,9,1.0,1.0,3,3,0.0
1180,wind,e_demand,2030,9,1.0,1.0,4,4,0.0
1181,wind,e_demand,2030,9,1.0,1.0,5,5,0.0
1182,wind,e_demand,2030,9,1.0,1.0,6,6,0.0
1183,wind,e_demand,2030,9,1.0,1.0,7,7,0.0
1184,wind,e_demand,2030,9,1.0,1.0,8,8,0.0
1185,wind,e_demand,2030,9,1.0,1.0,9,9,0.0
1186,wind,e_demand,2030,9,1.0,1.0,10,10,0.0
1187,wind,e_demand,2030,9,1.0,1.0,11,11,0.0
1188,wind,e_demand,2030,9,1.0,1.0,12,12,0.0
1189,wind,e_demand,2030,9,1.0,1.0,13,13,0.0
1190,wind,e_demand,2030,9,1.0,1.0,14,14,0.0
1191,wind,e_demand,2030,9,1.0,1.0,15,15,0.0
1192,wind,e_demand,2030,9,1.0,1.0,16,16,0.0
1193,wind,e_demand,2030,9,1.0,1.0,17,17,0.0
1194,wind,e_demand,2030,9,1.0,1.0,18,18,0.0
1195,wind,e_demand,2030,9,1.0,1.0,19,19,0.0
1196,wind,e_demand,2030,9,1.0,1.0,20,20,0.0
1197,wind,e_demand,2030,9,1.0,1.0,21,21,0.0
1198,wind,e_demand,2030,9,1.0,1.0,22,22,0.0
1199,wind,e_demand,2030,9,1.0,1.0,23,23,0.0
1200,wind,e_demand,2030,9,1.0,1.0,24,24,0.0
1201,wind_offshore,e_demand,2030,9,1.0,1.0,1,1,0.0
1202,wind_offshore,e_demand,2030,9,1.0,1.0,2,2,0.0
1203,wind_offshore,e_demand,2030,9,1.0,1.0,3,3,0.0
1204,wind_offshore,e_demand,2030,9,1.0,1.0,4,4,0.0
1205,wind_offshore,e_demand,2030,9,1.0,1.0,5,5,0.0
1206,wind_offshore,e_demand,2030,9,1.0,1.0,6,6,0.0
1207,wind_offshore,e_demand,2030,9,1.0,1.0,7,7,0.0
1208,wind_offshore,e_demand,2030,9,1.0,1.0,8,8,0.0
1209,wind_offshore,e_demand,2030,9,1.0,1.0,9,9,0.0
1210,wind_offshore,e_demand,2030,9,1.0,1.0,10,10,0.0
1211,wind_offshore,e_demand,2030,9,1.0,1.0,11,11,0.0
1212,wind_offshore,e_demand,2030,9,1.0,1.0,12,12,0.0
1213,wind_offshore,e_demand,2030,9,1.0,1.0,13,13,0.0
1214,wind_offshore,e_demand,2030,9,1.0,1.0,14,14,0.0
1215,wind_offshore,e_demand,2030,9,1.0,1.0,15,15,0.0
1216,wind_offshore,e_demand,2030,9,1.0,1.0,16,16,0.0
1217,wind_offshore,e_demand,2030,9,1.0,1.0,17,17,0.0
1218,wind_offshore,e_demand,2030,9,1.0,1.0,18,18,0.0
1219,wind_offshore,e_demand,2030,9,1.0,1.0,19,19,0.0
1220,wind_offshore,e_demand,2030,9,1.0,1.0,20,20,0.0
1221,wind_offshore,e_demand,2030,9,1.0,1.0,21,21,0.0
1222,wind_offshore,e_demand,2030,9,1.0,1.0,22,22,0.0
1223,wind_offshore,e_demand,2030,9,1.0,1.0,23,23,0.0
1224,wind_offshore,e_demand,2030,9,1.0,1.0,24,24,0.0
1225,ens,e_demand,2030,9,1.0,1.0,1,1,0.0
1226,ens,e_demand,2030,9,1.0,1.0,2,2,0.0
1227,ens,e_demand,2030,9,1.0,1.0,3,3,0.0
1228,ens,e_demand,2030,9,1.0,1.0,4,4,0.0
1229,ens,e_demand,2030,9,1.0,1.0,5,5,0.0
1230,ens,e_demand,2030,9,1.0,1.0,6,6,0.0
1231,ens,e_demand,2030,9,1.0,1.0,7,7,0.0
1232,ens,e_demand,2030,9,1.0,1.0,8,8,0.0
1233,ens,e_demand,2030,9,1.0,1.0,9,9,0.0
1234,ens,e_demand,2030,9,1.0,1.0,10,10,0.0
1235,ens,e_demand,2030,9,1.0,1.0,11,11,0.0
1236,ens,e_demand,2030,9,1.0,1.0,12,12,0.0
1237,ens,e_demand,2030,9,1.0,1.0,13,13,0.0
1238,ens,e_demand,2030,9,1.0,1.0,14,14,0.0
1239,ens,e_demand,2030,9,1.0,1.0,15,15,0.0
1240,ens,e_demand,2030,9,1.0,1.0,16,16,0.0
1241,ens,e_demand,2030,9,1.0,1.0,17,17,0.0
1242,ens,e_demand,2030,9,1.0,1.0,18,18,0.0
1243,ens,e_demand,2030,9,1.0,1.0,19,19,0.0
1244,ens,e_demand,2030,9,1.0,1.0,20,20,0.0
1245,ens,e_demand,2030,9,1.0,1.0,21,21,0.0
1246,ens,e_demand,2030,9,1.0,1.0,22,22,0.0
1247,ens,e_demand,2030,9,1.0,1.0,23,23,0.0
1248,ens,e_demand,2030,9,1.0,1.0,24,24,0.0
1249,solar,e_demand,2030,9,1.0,1.0,1,1,0.0
1250,solar,e_demand,2030,9,1.0,1.0,2,2,0.0
1251,solar,e_demand,2030,9,1.0,1.0,3,3,0.0
1252,solar,e_demand,2030,9,1.0,1.0,4,4,0.0
1253,solar,e_demand,2030,9,1.0,1.0,5,5,0.0
1254,solar,e_demand,2030,9,1.0,1.0,6,6,0.0002245280784166774
1255,solar,e_demand,2030,9,1.0,1.0,7,7,0.04518713204709658
1256,solar,e_demand,2030,9,1.0,1.0,8,8,0.35211098824136183
1257,solar,e_demand,2030,9,1.0,1.0,9,9,0.7350176473131087
1258,solar,e_demand,2030,9,1.0,1.0,10,10,1.0778745865008301
1259,solar,e_demand,2030,9,1.0,1.0,11,11,1.2993498119091402
1260,solar,e_demand,2030,9,1.0,1.0,12,12,1.432085894721598
1261,solar,e_demand,2030,9,1.0,1.0,13,13,1.4501974988540631
1262,solar,e_demand,2030,9,1.0,1.0,14,14,1.4402995980564965
1263,solar,e_demand,2030,9,1.0,1.0,15,15,1.414845103677596
1264,solar,e_demand,2030,9,1.0,1.0,16,16,1.2174547935745548
1265,solar,e_demand,2030,9,1.0,1.0,17,17,0.9208426064841634
1266,solar,e_demand,2030,9,1.0,1.0,18,18,0.5750533952745802
1267,solar,e_demand,2030,9,1.0,1.0,19,19,0.2176968468575634
1268,solar,e_demand,2030,9,1.0,1.0,20,20,0.00388361296261735
1269,solar,e_demand,2030,9,1.0,1.0,21,21,0.0
1270,solar,e_demand,2030,9,1.0,1.0,22,22,0.0
1271,solar,e_demand,2030,9,1.0,1.0,23,23,0.0
1272,solar,e_demand,2030,9,1.0,1.0,24,24,0.0
1273,ccgt,e_demand,2030,9,1.0,1.0,1,1,0.9939175544574366
1274,ccgt,e_demand,2030,9,1.0,1.0,2,2,0.9751547363943326
1275,ccgt,e_demand,2030,9,1.0,1.0,3,3,0.9306741548713745
1276,ccgt,e_demand,2030,9,1.0,1.0,4,4,0.9127583721835766
1277,ccgt,e_demand,2030,9,1.0,1.0,5,5,0.9392095276447872
1278,ccgt,e_demand,2030,9,1.0,1.0,6,6,0.9708394201750078
1279,ccgt,e_demand,2030,9,1.0,1.0,7,7,0.9528619506740973
1280,ccgt,e_demand,2030,9,1.0,1.0,8,8,0.6986472239027217
1281,ccgt,e_demand,2030,9,1.0,1.0,9,9,0.4157921694402431
1282,ccgt,e_demand,2030,9,1.0,1.0,10,10,0.18434209789414058
1283,ccgt,e_demand,2030,9,1.0,1.0,11,11,0.03443456263734612
1284,ccgt,e_demand,2030,9,1.0,1.0,12,12,0.0
1285,ccgt,e_demand,2030,9,1.0,1.0,13,13,0.0
1286,ccgt,e_demand,2030,9,1.0,1.0,14,14,0.0
1287,ccgt,e_demand,2030,9,1.0,1.0,15,15,0.0
1288,ccgt,e_demand,2030,9,1.0,1.0,16,16,0.18685281927582165
1289,ccgt,e_demand,2030,9,1.0,1.0,17,17,0.4781011778840959
1290,ccgt,e_demand,2030,9,1.0,1.0,18,18,0.7804330166058042
1291,ccgt,e_demand,2030,9,1.0,1.0,19,19,1.0781025967053877
1292,ccgt,e_demand,2030,9,1.0,1.0,20,20,1.2192157544456181
1293,ccgt,e_demand,2030,9,1.0,1.0,21,21,1.2192157544456181
1294,ccgt,e_demand,2030,9,1.0,1.0,22,22,1.2192157544456181
1295,ccgt,e_demand,2030,9,1.0,1.0,23,23,1.100474923884419
1296,ccgt,e_demand,2030,9,1.0,1.0,24,24,1.0514967951854972
1297,ens,e_demand,2030,10,1.0,1.0,1,1,0.0
1298,ens,e_demand,2030,10,1.0,1.0,2,2,0.0
1299,ens,e_demand,2030,10,1.0,1.0,3,3,0.0
1300,ens,e_demand,2030,10,1.0,1.0,4,4,0.0
1301,ens,e_demand,2030,10,1.0,1.0,5,5,0.0
1302,ens,e_demand,2030,10,1.0,1.0,6,6,0.0
1303,ens,e_demand,2030,10,1.0,1.0,7,7,0.0
1304,ens,e_demand,2030,10,1.0,1.0,8,8,0.0
1305,ens,e_demand,2030,10,1.0,1.0,9,9,0.0
1306,ens,e_demand,2030,10,1.0,1.0,10,10,0.0
1307,ens,e_demand,2030,10,1.0,1.0,11,11,0.0
1308,ens,e_demand,2030,10,1.0,1.0,12,12,0.0
1309,ens,e_demand,2030,10,1.0,1.0,13,13,0.0
1310,ens,e_demand,2030,10,1.0,1.0,14,14,0.0
1311,ens,e_demand,2030,10,1.0,1.0,15,15,0.0
1312,ens,e_demand,2030,10,1.0,1.0,16,16,0.0
1313,ens,e_demand,2030,10,1.0,1.0,17,17,0.0
1314,ens,e_demand,2030,10,1.0,1.0,18,18,0.0
1315,ens,e_demand,2030,10,1.0,1.0,19,19,0.0
1316,ens,e_demand,2030,10,1.0,1.0,20,20,0.0
1317,ens,e_demand,2030,10,1.0,1.0,21,21,0.0
1318,ens,e_demand,2030,10,1.0,1.0,22,22,0.0
1319,ens,e_demand,2030,10,1.0,1.0,23,23,0.0
1320,ens,e_demand,2030,10,1.0,1.0,24,24,0.0
1321,wind,e_demand,2030,10,1.0,1.0,1,1,0.0
1322,wind,e_demand,2030,10,1.0,1.0,2,2,0.0
1323,wind,e_demand,2030,10,1.0,1.0,3,3,0.0
1324,wind,e_demand,2030,10,1.0,1.0,4,4,0.0
1325,wind,e_demand,2030,10,1.0,1.0,5,5,0.0
1326,wind,e_demand,2030,10,1.0,1.0,6,6,0.0
1327,wind,e_demand,2030,10,1.0,1.0,7,7,0.0
1328,wind,e_demand,2030,10,1.0,1.0,8,8,0.0
1329,wind,e_demand,2030,10,1.0,1.0,9,9,0.0
1330,wind,e_demand,2030,10,1.0,1.0,10,10,0.0
1331,wind,e_demand,2030,10,1.0,1.0,11,11,0.0
1332,wind,e_demand,2030,10,1.0,1.0,12,12,0.0
1333,wind,e_demand,2030,10,1.0,1.0,13,13,0.0
1334,wind,e_demand,2030,10,1.0,1.0,14,14,0.0
1335,wind,e_demand,2030,10,1.0,1.0,15,15,0.0
1336,wind,e_demand,2030,10,1.0,1.0,16,16,0.0
1337,wind,e_demand,2030,10,1.0,1.0,17,17,0.0
1338,wind,e_demand,2030,10,1.0,1.0,18,18,0.0
1339,wind,e_demand,2030,10,1.0,1.0,19,19,0.0
1340,wind,e_demand,2030,10,1.0,1.0,20,20,0.0
1341,wind,e_demand,2030,10,1.0,1.0,21,21,0.0
1342,wind,e_demand,2030,10,1.0,1.0,22,22,0.0
1343,wind,e_demand,2030,10,1.0,1.0,23,23,0.0
1344,wind,e_demand,2030,10,1.0,1.0,24,24,0.0
1345,wind_offshore,e_demand,2030,10,1.0,1.0,1,1,0.0
1346,wind_offshore,e_demand,2030,10,1.0,1.0,2,2,0.0
1347,wind_offshore,e_demand,2030,10,1.0,1.0,3,3,0.0
1348,wind_offshore,e_demand,2030,10,1.0,1.0,4,4,0.0
1349,wind_offshore,e_demand,2030,10,1.0,1.0,5,5,0.0
1350,wind_offshore,e_demand,2030,10,1.0,1.0,6,6,0.0
1351,wind_offshore,e_demand,2030,10,1.0,1.0,7,7,0.0
1352,wind_offshore,e_demand,2030,10,1.0,1.0,8,8,0.0
1353,wind_offshore,e_demand,2030,10,1.0,1.0,9,9,0.0
1354,wind_offshore,e_demand,2030,10,1.0,1.0,10,10,0.0
1355,wind_offshore,e_demand,2030,10,1.0,1.0,11,11,0.0
1356,wind_offshore,e_demand,2030,10,1.0,1.0,12,12,0.0
1357,wind_offshore,e_demand,2030,10,1.0,1.0,13,13,0.0
1358,wind_offshore,e_demand,2030,10,1.0,1.0,14,14,0.0
1359,wind_offshore,e_demand,2030,10,1.0,1.0,15,15,0.0
1360,wind_offshore,e_demand,2030,10,1.0,1.0,16,16,0.0
1361,wind_offshore,e_demand,2030,10,1.0,1.0,17,17,0.0
1362,wind_offshore,e_demand,2030,10,1.0,1.0,18,18,0.0
1363,wind_offshore,e_demand,2030,10,1.0,1.0,19,19,0.0
1364,wind_offshore,e_demand,2030,10,1.0,1.0,20,20,0.0
1365,wind_offshore,e_demand,2030,10,1.0,1.0,21,21,0.0
1366,wind_offshore,e_demand,2030,10,1.0,1.0,22,22,0.0
1367,wind_offshore,e_demand,2030,10,1.0,1.0,23,23,0.0
1368,wind_offshore,e_demand,2030,10,1.0,1.0,24,24,0.0
1369,ocgt,e_demand,2030,10,1.0,1.0,1,1,0.0
1370,ocgt,e_demand,2030,10,1.0,1.0,2,2,0.0
1371,ocgt,e_demand,2030,10,1.0,1.0,3,3,0.0
1372,ocgt,e_demand,2030,10,1.0,1.0,4,4,0.0
1373,ocgt,e_demand,2030,10,1.0,1.0,5,5,0.0
1374,ocgt,e_demand,2030,10,1.0,1.0,6,6,0.0
1375,ocgt,e_demand,2030,10,1.0,1.0,7,7,0.0
1376,ocgt,e_demand,2030,10,1.0,1.0,8,8,0.0
1377,ocgt,e_demand,2030,10,1.0,1.0,9,9,0.0
1378,ocgt,e_demand,2030,10,1.0,1.0,10,10,0.0
1379,ocgt,e_demand,2030,10,1.0,1.0,11,11,0.0
1380,ocgt,e_demand,2030,10,1.0,1.0,12,12,0.0
1381,ocgt,e_demand,2030,10,1.0,1.0,13,13,0.0
1382,ocgt,e_demand,2030,10,1.0,1.0,14,14,0.0
1383,ocgt,e_demand,2030,10,1.0,1.0,15,15,0.0
1384,ocgt,e_demand,2030,10,1.0,1.0,16,16,0.0
1385,ocgt,e_demand,2030,10,1.0,1.0,17,17,0.0
1386,ocgt,e_demand,2030,10,1.0,1.0,18,18,0.0
1387,ocgt,e_demand,2030,10,1.0,1.0,19,19,0.0
1388,ocgt,e_demand,2030,10,1.0,1.0,20,20,0.0
1389,ocgt,e_demand,2030,10,1.0,1.0,21,21,0.0
1390,ocgt,e_demand,2030,10,1.0,1.0,22,22,0.0
1391,ocgt,e_demand,2030,10,1.0,1.0,23,23,0.0
1392,ocgt,e_demand,2030,10,1.0,1.0,24,24,0.0
1393,solar,e_demand,2030,10,1.0,1.0,1,1,0.0
1394,solar,e_demand,2030,10,1.0,1.0,2,2,0.0
1395,solar,e_demand,2030,10,1.0,1.0,3,3,0.0
1396,solar,e_demand,2030,10,1.0,1.0,4,4,0.0
1397,solar,e_demand,2030,10,1.0,1.0,5,5,0.0
1398,solar,e_demand,2030,10,1.0,1.0,6,6,0.00029246595989644233
1399,solar,e_demand,2030,10,1.0,1.0,7,7,0.04956443072473376
1400,solar,e_demand,2030,10,1.0,1.0,8,8,0.3384121297515368
1401,solar,e_demand,2030,10,1.0,1.0,9,9,0.6984732570860714
1402,solar,e_demand,2030,10,1.0,1.0,10,10,1.010928113174391
1403,solar,e_demand,2030,10,1.0,1.0,11,11,1.2191134024738814
1404,solar,e_demand,2030,10,1.0,1.0,12,12,1.2915710054655491
1405,solar,e_demand,2030,10,1.0,1.0,13,13,1.3074814882869727
1406,solar,e_demand,2030,10,1.0,1.0,14,14,1.2860006136631454
1407,solar,e_demand,2030,10,1.0,1.0,15,15,1.2696051747261545
1408,solar,e_demand,2030,10,1.0,1.0,16,16,1.2042786171961253
1409,solar,e_demand,2030,10,1.0,1.0,17,17,0.9214609635059066
1410,solar,e_demand,2030,10,1.0,1.0,18,18,0.5816930106387284
1411,solar,e_demand,2030,10,1.0,1.0,19,19,0.2170111529993781
1412,solar,e_demand,2030,10,1.0,1.0,20,20,0.006362690650239264
1413,solar,e_demand,2030,10,1.0,1.0,21,21,0.0
1414,solar,e_demand,2030,10,1.0,1.0,22,22,0.0
1415,solar,e_demand,2030,10,1.0,1.0,23,23,0.0
1416,solar,e_demand,2030,10,1.0,1.0,24,24,0.0
1417,ccgt,e_demand,2030,10,1.0,1.0,1,1,0.890623062341982
1418,ccgt,e_demand,2030,10,1.0,1.0,2,2,0.8794454483792591
1419,ccgt,e_demand,2030,10,1.0,1.0,3,3,0.8535887156281927
1420,ccgt,e_demand,2030,10,1.0,1.0,4,4,0.8477440371254098
1421,ccgt,e_demand,2030,10,1.0,1.0,5,5,0.8600612696539426
1422,ccgt,e_demand,2030,10,1.0,1.0,6,6,0.8989805525137543
1423,ccgt,e_demand,2030,10,1.0,1.0,7,7,0.8658853388489028
1424,ccgt,e_demand,2030,10,1.0,1.0,8,8,0.6535708277355448
1425,ccgt,e_demand,2030,10,1.0,1.0,9,9,0.38865107257602394
1426,ccgt,e_demand,2030,10,1.0,1.0,10,10,0.14907822460067188
1427,ccgt,e_demand,2030,10,1.0,1.0,11,11,0.0
1428,ccgt,e_demand,2030,10,1.0,1.0,12,12,0.0
1429,ccgt,e_demand,2030,10,1.0,1.0,13,13,0.0
1430,ccgt,e_demand,2030,10,1.0,1.0,14,14,0.0
1431,ccgt,e_demand,2030,10,1.0,1.0,15,15,0.0
1432,ccgt,e_demand,2030,10,1.0,1.0,16,16,0.04933963586094703
1433,ccgt,e_demand,2030,10,1.0,1.0,17,17,0.29729410569563064
1434,ccgt,e_demand,2030,10,1.0,1.0,18,18,0.6101782174632899
1435,ccgt,e_demand,2030,10,1.0,1.0,19,19,0.932369975737807
1436,ccgt,e_demand,2030,10,1.0,1.0,20,20,1.1360121588507375
1437,ccgt,e_demand,2030,10,1.0,1.0,21,21,1.128035649894926
1438,ccgt,e_demand,2030,10,1.0,1.0,22,22,1.08820423079159
1439,ccgt,e_demand,2030,10,1.0,1.0,23,23,0.9874167767002833
1440,ccgt,e_demand,2030,10,1.0,1.0,24,24,0.9738062547289068
1441,ocgt,e_demand,2030,11,1.0,1.0,1,1,0.0
1442,ocgt,e_demand,2030,11,1.0,1.0,2,2,0.0
1443,ocgt,e_demand,2030,11,1.0,1.0,3,3,0.0
1444,ocgt,e_demand,2030,11,1.0,1.0,4,4,0.0
1445,ocgt,e_demand,2030,11,1.0,1.0,5,5,0.0
1446,ocgt,e_demand,2030,11,1.0,1.0,6,6,0.0
1447,ocgt,e_demand,2030,11,1.0,1.0,7,7,0.0
1448,ocgt,e_demand,2030,11,1.0,1.0,8,8,0.0
1449,ocgt,e_demand,2030,11,1.0,1.0,9,9,0.0
1450,ocgt,e_demand,2030,11,1.0,1.0,10,10,0.0
1451,ocgt,e_demand,2030,11,1.0,1.0,11,11,0.0
1452,ocgt,e_demand,2030,11,1.0,1.0,12,12,0.0
1453,ocgt,e_demand,2030,11,1.0,1.0,13,13,0.0
1454,ocgt,e_demand,2030,11,1.0,1.0,14,14,0.0
1455,ocgt,e_demand,2030,11,1.0,1.0,15,15,0.0
1456,ocgt,e_demand,2030,11,1.0,1.0,16,16,0.0
1457,ocgt,e_demand,2030,11,1.0,1.0,17,17,0.0
1458,ocgt,e_demand,2030,11,1.0,1.0,18,18,0.0
1459,ocgt,e_demand,2030,11,1.0,1.0,19,19,0.0
1460,ocgt,e_demand,2030,11,1.0,1.0,20,20,0.0
1461,ocgt,e_demand,2030,11,1.0,1.0,21,21,0.0
1462,ocgt,e_demand,2030,11,1.0,1.0,22,22,0.0
1463,ocgt,e_demand,2030,11,1.0,1.0,23,23,0.0
1464,ocgt,e_demand,2030,11,1.0,1.0,24,24,0.0
1465,wind_offshore,e_demand,2030,11,1.0,1.0,1,1,0.0
1466,wind_offshore,e_demand,2030,11,1.0,1.0,2,2,0.0
1467,wind_offshore,e_demand,2030,11,1.0,1.0,3,3,0.0
1468,wind_offshore,e_demand,2030,11,1.0,1.0,4,4,0.0
1469,wind_offshore,e_demand,2030,11,1.0,1.0,5,5,0.0
1470,wind_offshore,e_demand,2030,11,1.0,1.0,6,6,0.0
1471,wind_offshore,e_demand,2030,11,1.0,1.0,7,7,0.0
1472,wind_offshore,e_demand,2030,11,1.0,1.0,8,8,0.0
1473,wind_offshore,e_demand,2030,11,1.0,1.0,9,9,0.0
1474,wind_offshore,e_demand,2030,11,1.0,1.0,10,10,0.0
1475,wind_offshore,e_demand,2030,11,1.0,1.0,11,11,0.0
1476,wind_offshore,e_demand,2030,11,1.0,1.0,12,12,0.0
1477,wind_offshore,e_demand,2030,11,1.0,1.0,13,13,0.0
1478,wind_offshore,e_demand,2030,11,1.0,1.0,14,14,0.0
1479,wind_offshore,e_demand,2030,11,1.0,1.0,15,15,0.0
1480,wind_offshore,e_demand,2030,11,1.0,1.0,16,16,0.0
1481,wind_offshore,e_demand,2030,11,1.0,1.0,17,17,0.0
1482,wind_offshore,e_demand,2030,11,1.0,1.0,18,18,0.0
1483,wind_offshore,e_demand,2030,11,1.0,1.0,19,19,0.0
1484,wind_offshore,e_demand,2030,11,1.0,1.0,20,20,0.0
1485,wind_offshore,e_demand,2030,11,1.0,1.0,21,21,0.0
1486,wind_offshore,e_demand,2030,11,1.0,1.0,22,22,0.0
1487,wind_offshore,e_demand,2030,11,1.0,1.0,23,23,0.0
1488,wind_offshore,e_demand,2030,11,1.0,1.0,24,24,0.0
1489,ccgt,e_demand,2030,11,1.0,1.0,1,1,0.805509383137476
1490,ccgt,e_demand,2030,11,1.0,1.0,2,2,0.7823938774463368
1491,ccgt,e_demand,2030,11,1.0,1.0,3,3,0.7777939725505024
1492,ccgt,e_demand,2030,11,1.0,1.0,4,4,0.7675520665796192
1493,ccgt,e_demand,2030,11,1.0,1.0,5,5,0.7702534416864023
1494,ccgt,e_demand,2030,11,1.0,1.0,6,6,0.7972021292541944
1495,ccgt,e_demand,2030,11,1.0,1.0,7,7,0.7539085693691147
1496,ccgt,e_demand,2030,11,1.0,1.0,8,8,0.5421909312956923
1497,ccgt,e_demand,2030,11,1.0,1.0,9,9,0.2774767264957698
1498,ccgt,e_demand,2030,11,1.0,1.0,10,10,0.0
1499,ccgt,e_demand,2030,11,1.0,1.0,11,11,0.0
1500,ccgt,e_demand,2030,11,1.0,1.0,12,12,0.0
1501,ccgt,e_demand,2030,11,1.0,1.0,13,13,0.0
1502,ccgt,e_demand,2030,11,1.0,1.0,14,14,0.0
1503,ccgt,e_demand,2030,11,1.0,1.0,15,15,0.05991634480830066
1504,ccgt,e_demand,2030,11,1.0,1.0,16,16,0.23185812455678745
1505,ccgt,e_demand,2030,11,1.0,1.0,17,17,0.4097399718718565
1506,ccgt,e_demand,2030,11,1.0,1.0,18,18,0.5996791789052275
1507,ccgt,e_demand,2030,11,1.0,1.0,19,19,0.8601676495351579
1508,ccgt,e_demand,2030,11,1.0,1.0,20,20,1.041172981356573
1509,ccgt,e_demand,2030,11,1.0,1.0,21,21,1.0331107006722582
1510,ccgt,e_demand,2030,11,1.0,1.0,22,22,0.9678683347540762
1511,ccgt,e_demand,2030,11,1.0,1.0,23,23,0.9029714524639414
1512,ccgt,e_demand,2030,11,1.0,1.0,24,24,0.8805154736718874
1513,wind,e_demand,2030,11,1.0,1.0,1,1,0.0
1514,wind,e_demand,2030,11,1.0,1.0,2,2,0.0
1515,wind,e_demand,2030,11,1.0,1.0,3,3,0.0
1516,wind,e_demand,2030,11,1.0,1.0,4,4,0.0
1517,wind,e_demand,2030,11,1.0,1.0,5,5,0.0
1518,wind,e_demand,2030,11,1.0,1.0,6,6,0.0
1519,wind,e_demand,2030,11,1.0,1.0,7,7,0.0
1520,wind,e_demand,2030,11,1.0,1.0,8,8,0.0
1521,wind,e_demand,2030,11,1.0,1.0,9,9,0.0
1522,wind,e_demand,2030,11,1.0,1.0,10,10,0.0
1523,wind,e_demand,2030,11,1.0,1.0,11,11,0.0
1524,wind,e_demand,2030,11,1.0,1.0,12,12,0.0
1525,wind,e_demand,2030,11,1.0,1.0,13,13,0.0
1526,wind,e_demand,2030,11,1.0,1.0,14,14,0.0
1527,wind,e_demand,2030,11,1.0,1.0,15,15,0.0
1528,wind,e_demand,2030,11,1.0,1.0,16,16,0.0
1529,wind,e_demand,2030,11,1.0,1.0,17,17,0.0
1530,wind,e_demand,2030,11,1.0,1.0,18,18,0.0
1531,wind,e_demand,2030,11,1.0,1.0,19,19,0.0
1532,wind,e_demand,2030,11,1.0,1.0,20,20,0.0
1533,wind,e_demand,2030,11,1.0,1.0,21,21,0.0
1534,wind,e_demand,2030,11,1.0,1.0,22,22,0.0
1535,wind,e_demand,2030,11,1.0,1.0,23,23,0.0
1536,wind,e_demand,2030,11,1.0,1.0,24,24,0.0
1537,ens,e_demand,2030,11,1.0,1.0,1,1,0.0
1538,ens,e_demand,2030,11,1.0,1.0,2,2,0.0
1539,ens,e_demand,2030,11,1.0,1.0,3,3,0.0
1540,ens,e_demand,2030,11,1.0,1.0,4,4,0.0
1541,ens,e_demand,2030,11,1.0,1.0,5,5,0.0
1542,ens,e_demand,2030,11,1.0,1.0,6,6,0.0
1543,ens,e_demand,2030,11,1.0,1.0,7,7,0.0
1544,ens,e_demand,2030,11,1.0,1.0,8,8,0.0
1545,ens,e_demand,2030,11,1.0,1.0,9,9,0.0
1546,ens,e_demand,2030,11,1.0,1.0,10,10,0.0
1547,ens,e_demand,2030,11,1.0,1.0,11,11,0.0
1548,ens,e_demand,2030,11,1.0,1.0,12,12,0.0
1549,ens,e_demand,2030,11,1.0,1.0,13,13,0.0
1550,ens,e_demand,2030,11,1.0,1.0,14,14,0.0
1551,ens,e_demand,2030,11,1.0,1.0,15,15,0.0
1552,ens,e_demand,2030,11,1.0,1.0,16,16,0.0
1553,ens,e_demand,2030,11,1.0,1.0,17,17,0.0
1554,ens,e_demand,2030,11,1.0,1.0,18,18,0.0
1555,ens,e_demand,2030,11,1.0,1.0,19,19,0.0
1556,ens,e_demand,2030,11,1.0,1.0,20,20,0.0
1557,ens,e_demand,2030,11,1.0,1.0,21,21,0.0
1558,ens,e_demand,2030,11,1.0,1.0,22,22,0.0
1559,ens,e_demand,2030,11,1.0,1.0,23,23,0.0
1560,ens,e_demand,2030,11,1.0,1.0,24,24,0.0
1561,solar,e_demand,2030,11,1.0,1.0,1,1,0.0
1562,solar,e_demand,2030,11,1.0,1.0,2,2,0.0
1563,solar,e_demand,2030,11,1.0,1.0,3,3,0.0
1564,solar,e_demand,2030,11,1.0,1.0,4,4,0.0
1565,solar,e_demand,2030,11,1.0,1.0,5,5,0.0
1566,solar,e_demand,2030,11,1.0,1.0,6,6,0.0004697030501259194
1567,solar,e_demand,2030,11,1.0,1.0,7,7,0.08983355850250548
1568,solar,e_demand,2030,11,1.0,1.0,8,8,0.3755558139518218
1569,solar,e_demand,2030,11,1.0,1.0,9,9,0.709086283056471
1570,solar,e_demand,2030,11,1.0,1.0,10,10,1.0463646290764936
1571,solar,e_demand,2030,11,1.0,1.0,11,11,1.0910904251373128
1572,solar,e_demand,2030,11,1.0,1.0,12,12,1.1392736662945793
1573,solar,e_demand,2030,11,1.0,1.0,13,13,1.1359880998441734
1574,solar,e_demand,2030,11,1.0,1.0,14,14,1.1236507316973996
1575,solar,e_demand,2030,11,1.0,1.0,15,15,1.0672874595451811
1576,solar,e_demand,2030,11,1.0,1.0,16,16,0.8933181775075101
1577,solar,e_demand,2030,11,1.0,1.0,17,17,0.7092841082277624
1578,solar,e_demand,2030,11,1.0,1.0,18,18,0.487331014375599
1579,solar,e_demand,2030,11,1.0,1.0,19,19,0.2178196003080121
1580,solar,e_demand,2030,11,1.0,1.0,20,20,0.027760086058213753
1581,solar,e_demand,2030,11,1.0,1.0,21,21,0.0
1582,solar,e_demand,2030,11,1.0,1.0,22,22,0.0
1583,solar,e_demand,2030,11,1.0,1.0,23,23,0.0
1584,solar,e_demand,2030,11,1.0,1.0,24,24,0.0
1585,solar,e_demand,2030,12,1.0,1.0,1,1,0.0
1586,solar,e_demand,2030,12,1.0,1.0,2,2,0.0
1587,solar,e_demand,2030,12,1.0,1.0,3,3,0.0
1588,solar,e_demand,2030,12,1.0,1.0,4,4,0.0
1589,solar,e_demand,2030,12,1.0,1.0,5,5,0.0
1590,solar,e_demand,2030,12,1.0,1.0,6,6,0.0007951020911159331
1591,solar,e_demand,2030,12,1.0,1.0,7,7,0.09323995620874448
1592,solar,e_demand,2030,12,1.0,1.0,8,8,0.3077331898789076
1593,solar,e_demand,2030,12,1.0,1.0,9,9,0.5589104954991007
1594,solar,e_demand,2030,12,1.0,1.0,10,10,0.8047604133062596
1595,solar,e_demand,2030,12,1.0,1.0,11,11,1.01852738667335
1596,solar,e_demand,2030,12,1.0,1.0,12,12,1.0949545886135625
1597,solar,e_demand,2030,12,1.0,1.0,13,13,1.1008247503384059
1598,solar,e_demand,2030,12,1.0,1.0,14,14,1.0958347890638351
1599,solar,e_demand,2030,12,1.0,1.0,15,15,1.0807585490871356
1600,solar,e_demand,2030,12,1.0,1.0,16,16,0.9355175552517823
1601,solar,e_demand,2030,12,1.0,1.0,17,17,0.7790589625042995
1602,solar,e_demand,2030,12,1.0,1.0,18,18,0.5064278051258789
1603,solar,e_demand,2030,12,1.0,1.0,19,19,0.21641650011090244
1604,solar,e_demand,2030,12,1.0,1.0,20,20,0.023935912848566863
1605,solar,e_demand,2030,12,1.0,1.0,21,21,0.0
1606,solar,e_demand,2030,12,1.0,1.0,22,22,0.0
1607,solar,e_demand,2030,12,1.0,1.0,23,23,0.0
1608,solar,e_demand,2030,12,1.0,1.0,24,24,0.0
1609,wind_offshore,e_demand,2030,12,1.0,1.0,1,1,0.0
1610,wind_offshore,e_demand,2030,12,1.0,1.0,2,2,0.0
1611,wind_offshore,e_demand,2030,12,1.0,1.0,3,3,0.0
1612,wind_offshore,e_demand,2030,12,1.0,1.0,4,4,0.0
1613,wind_offshore,e_demand,2030,12,1.0,1.0,5,5,0.0
1614,wind_offshore,e_demand,2030,12,1.0,1.0,6,6,0.0
1615,wind_offshore,e_demand,2030,12,1.0,1.0,7,7,0.0
1616,wind_offshore,e_demand,2030,12,1.0,1.0,8,8,0.0
1617,wind_offshore,e_demand,2030,12,1.0,1.0,9,9,0.0
1618,wind_offshore,e_demand,2030,12,1.0,1.0,10,10,0.0
1619,wind_offshore,e_demand,2030,12,1.0,1.0,11,11,0.0
1620,wind_offshore,e_demand,2030,12,1.0,1.0,12,12,0.0
1621,wind_offshore,e_demand,2030,12,1.0,1.0,13,13,0.0
1622,wind_offshore,e_demand,2030,12,1.0,1.0,14,14,0.0
1623,wind_offshore,e_demand,2030,12,1.0,1.0,15,15,0.0
1624,wind_offshore,e_demand,2030,12,1.0,1.0,16,16,0.0
1625,wind_offshore,e_demand,2030,12,1.0,1.0,17,17,0.0
1626,wind_offshore,e_demand,2030,12,1.0,1.0,18,18,0.0
1627,wind_offshore,e_demand,2030,12,1.0,1.0,19,19,0.0
1628,wind_offshore,e_demand,2030,12,1.0,1.0,20,20,0.0
1629,wind_offshore,e_demand,2030,12,1.0,1.0,21,21,0.0
1630,wind_offshore,e_demand,2030,12,1.0,1.0,22,22,0.0
1631,wind_offshore,e_demand,2030,12,1.0,1.0,23,23,0.0
1632,wind_offshore,e_demand,2030,12,1.0,1.0,24,24,0.0
1633,ocgt,e_demand,2030,12,1.0,1.0,1,1,0.0
1634,ocgt,e_demand,2030,12,1.0,1.0,2,2,0.0
1635,ocgt,e_demand,2030,12,1.0,1.0,3,3,0.0
1636,ocgt,e_demand,2030,12,1.0,1.0,4,4,0.0
1637,ocgt,e_demand,2030,12,1.0,1.0,5,5,0.0
1638,ocgt,e_demand,2030,12,1.0,1.0,6,6,0.0
1639,ocgt,e_demand,2030,12,1.0,1.0,7,7,0.0
1640,ocgt,e_demand,2030,12,1.0,1.0,8,8,0.0
1641,ocgt,e_demand,2030,12,1.0,1.0,9,9,0.0
1642,ocgt,e_demand,2030,12,1.0,1.0,10,10,0.0
1643,ocgt,e_demand,2030,12,1.0,1.0,11,11,0.0
1644,ocgt,e_demand,2030,12,1.0,1.0,12,12,0.0
1645,ocgt,e_demand,2030,12,1.0,1.0,13,13,0.0
1646,ocgt,e_demand,2030,12,1.0,1.0,14,14,0.0
1647,ocgt,e_demand,2030,12,1.0,1.0,15,15,0.0
1648,ocgt,e_demand,2030,12,1.0,1.0,16,16,0.0
1649,ocgt,e_demand,2030,12,1.0,1.0,17,17,0.0
1650,ocgt,e_demand,2030,12,1.0,1.0,18,18,0.0
1651,ocgt,e_demand,2030,12,1.0,1.0,19,19,0.0
1652,ocgt,e_demand,2030,12,1.0,1.0,20,20,0.0
1653,ocgt,e_demand,2030,12,1.0,1.0,21,21,0.0
1654,ocgt,e_demand,2030,12,1.0,1.0,22,22,0.0
1655,ocgt,e_demand,2030,12,1.0,1.0,23,23,0.0
1656,ocgt,e_demand,2030,12,1.0,1.0,24,24,0.0
1657,wind,e_demand,2030,12,1.0,1.0,1,1,0.0
1658,wind,e_demand,2030,12,1.0,1.0,2,2,0.0
1659,wind,e_demand,2030,12,1.0,1.0,3,3,0.0
1660,wind,e_demand,2030,12,1.0,1.0,4,4,0.0
1661,wind,e_demand,2030,12,1.0,1.0,5,5,0.0
1662,wind,e_demand,2030,12,1.0,1.0,6,6,0.0
1663,wind,e_demand,2030,12,1.0,1.0,7,7,0.0
1664,wind,e_demand,2030,12,1.0,1.0,8,8,0.0
1665,wind,e_demand,2030,12,1.0,1.0,9,9,0.0
1666,wind,e_demand,2030,12,1.0,1.0,10,10,0.0
1667,wind,e_demand,2030,12,1.0,1.0,11,11,0.0
1668,wind,e_demand,2030,12,1.0,1.0,12,12,0.0
1669,wind,e_demand,2030,12,1.0,1.0,13,13,0.0
1670,wind,e_demand,2030,12,1.0,1.0,14,14,0.0
1671,wind,e_demand,2030,12,1.0,1.0,15,15,0.0
1672,wind,e_demand,2030,12,1.0,1.0,16,16,0.0
1673,wind,e_demand,2030,12,1.0,1.0,17,17,0.0
1674,wind,e_demand,2030,12,1.0,1.0,18,18,0.0
1675,wind,e_demand,2030,12,1.0,1.0,19,19,0.0
1676,wind,e_demand,2030,12,1.0,1.0,20,20,0.0
1677,wind,e_demand,2030,12,1.0,1.0,21,21,0.0
1678,wind,e_demand,2030,12,1.0,1.0,22,22,0.0
1679,wind,e_demand,2030,12,1.0,1.0,23,23,0.0
1680,wind,e_demand,2030,12,1.0,1.0,24,24,0.0
1681,ens,e_demand,2030,12,1.0,1.0,1,1,0.0
1682,ens,e_demand,2030,12,1.0,1.0,2,2,0.0
1683,ens,e_demand,2030,12,1.0,1.0,3,3,0.0
1684,ens,e_demand,2030,12,1.0,1.0,4,4,0.0
1685,ens,e_demand,2030,12,1.0,1.0,5,5,0.0
1686,ens,e_demand,2030,12,1.0,1.0,6,6,0.0
1687,ens,e_demand,2030,12,1.0,1.0,7,7,0.0
1688,ens,e_demand,2030,12,1.0,1.0,8,8,0.0
1689,ens,e_demand,2030,12,1.0,1.0,9,9,0.0
1690,ens,e_demand,2030,12,1.0,1.0,10,10,0.0
1691,ens,e_demand,2030,12,1.0,1.0,11,11,0.0
1692,ens,e_demand,2030,12,1.0,1.0,12,12,0.0
1693,ens,e_demand,2030,12,1.0,1.0,13,13,0.0
1694,ens,e_demand,2030,12,1.0,1.0,14,14,0.0
1695,ens,e_demand,2030,12,1.0,1.0,15,15,0.0
1696,ens,e_demand,2030,12,1.0,1.0,16,16,0.0
1697,ens,e_demand,2030,12,1.0,1.0,17,17,0.0
1698,ens,e_demand,2030,12,1.0,1.0,18,18,0.0
1699,ens,e_demand,2030,12,1.0,1.0,19,19,0.0
1700,ens,e_demand,2030,12,1.0,1.0,20,20,0.0
1701,ens,e_demand,2030,12,1.0,1.0,21,21,0.0
1702,ens,e_demand,2030,12,1.0,1.0,22,22,0.0
1703,ens,e_demand,2030,12,1.0,1.0,23,23,0.0
1704,ens,e_demand,2030,12,1.0,1.0,24,24,0.0
1705,ccgt,e_demand,2030,12,1.0,1.0,1,1,0.7949455147626712
1706,ccgt,e_demand,2030,12,1.0,1.0,2,2,0.7754274941501469
1707,ccgt,e_demand,2030,12,1.0,1.0,3,3,0.7573933393318971
1708,ccgt,e_demand,2030,12,1.0,1.0,4,4,0.7615232726790913
1709,ccgt,e_demand,2030,12,1.0,1.0,5,5,0.767429809640557
1710,ccgt,e_demand,2030,12,1.0,1.0,6,6,0.8202990558103145
1711,ccgt,e_demand,2030,12,1.0,1.0,7,7,0.7560241867983806
1712,ccgt,e_demand,2030,12,1.0,1.0,8,8,0.5873464435942017
1713,ccgt,e_demand,2030,12,1.0,1.0,9,9,0.3926789323796003
1714,ccgt,e_demand,2030,12,1.0,1.0,10,10,0.19964443129935106
1715,ccgt,e_demand,2030,12,1.0,1.0,11,11,0.04234369544378325
1716,ccgt,e_demand,2030,12,1.0,1.0,12,12,0.0
1717,ccgt,e_demand,2030,12,1.0,1.0,13,13,0.0
1718,ccgt,e_demand,2030,12,1.0,1.0,14,14,0.0
1719,ccgt,e_demand,2030,12,1.0,1.0,15,15,0.008880188303564518
1720,ccgt,e_demand,2030,12,1.0,1.0,16,16,0.14345998070796906
1721,ccgt,e_demand,2030,12,1.0,1.0,17,17,0.2884840018580227
1722,ccgt,e_demand,2030,12,1.0,1.0,18,18,0.5531382391498213
1723,ccgt,e_demand,2030,12,1.0,1.0,19,19,0.8319503723682755
1724,ccgt,e_demand,2030,12,1.0,1.0,20,20,1.0235653850144506
1725,ccgt,e_demand,2030,12,1.0,1.0,21,21,1.0148563856011166
1726,ccgt,e_demand,2030,12,1.0,1.0,22,22,0.9471046655398256
1727,ccgt,e_demand,2030,12,1.0,1.0,23,23,0.889826571979403
1728,ccgt,e_demand,2030,12,1.0,1.0,24,24,0.882639327861787
1729,ocgt,e_demand,2030,13,1.0,1.0,1,1,0.0
1730,ocgt,e_demand,2030,13,1.0,1.0,2,2,0.0
1731,ocgt,e_demand,2030,13,1.0,1.0,3,3,0.0
1732,ocgt,e_demand,2030,13,1.0,1.0,4,4,0.0
1733,ocgt,e_demand,2030,13,1.0,1.0,5,5,0.0
1734,ocgt,e_demand,2030,13,1.0,1.0,6,6,0.0
1735,ocgt,e_demand,2030,13,1.0,1.0,7,7,0.0
1736,ocgt,e_demand,2030,13,1.0,1.0,8,8,0.0
1737,ocgt,e_demand,2030,13,1.0,1.0,9,9,0.0
1738,ocgt,e_demand,2030,13,1.0,1.0,10,10,0.0
1739,ocgt,e_demand,2030,13,1.0,1.0,11,11,0.0
1740,ocgt,e_demand,2030,13,1.0,1.0,12,12,0.0
1741,ocgt,e_demand,2030,13,1.0,1.0,13,13,0.0
1742,ocgt,e_demand,2030,13,1.0,1.0,14,14,0.0
1743,ocgt,e_demand,2030,13,1.0,1.0,15,15,0.0
1744,ocgt,e_demand,2030,13,1.0,1.0,16,16,0.0
1745,ocgt,e_demand,2030,13,1.0,1.0,17,17,0.0
1746,ocgt,e_demand,2030,13,1.0,1.0,18,18,0.0
1747,ocgt,e_demand,2030,13,1.0,1.0,19,19,0.0
1748,ocgt,e_demand,2030,13,1.0,1.0,20,20,0.0
1749,ocgt,e_demand,2030,13,1.0,1.0,21,21,0.0
1750,ocgt,e_demand,2030,13,1.0,1.0,22,22,0.0
1751,ocgt,e_demand,2030,13,1.0,1.0,23,23,0.0
1752,ocgt,e_demand,2030,13,1.0,1.0,24,24,0.0
1753,solar,e_demand,2030,13,1.0,1.0,1,1,0.0
1754,solar,e_demand,2030,13,1.0,1.0,2,2,0.0
1755,solar,e_demand,2030,13,1.0,1.0,3,3,0.0
1756,solar,e_demand,2030,13,1.0,1.0,4,4,0.0
1757,solar,e_demand,2030,13,1.0,1.0,5,5,0.0
1758,solar,e_demand,2030,13,1.0,1.0,6,6,0.0
1759,solar,e_demand,2030,13,1.0,1.0,7,7,0.0
1760,solar,e_demand,2030,13,1.0,1.0,8,8,0.009099905367907687
1761,solar,e_demand,2030,13,1.0,1.0,9,9,0.24807523992324165
1762,solar,e_demand,2030,13,1.0,1.0,10,10,0.5147589368265224
1763,solar,e_demand,2030,13,1.0,1.0,11,11,0.7304244117656802
1764,solar,e_demand,2030,13,1.0,1.0,12,12,0.8916375873833599
1765,solar,e_demand,2030,13,1.0,1.0,13,13,0.9509927837014401
1766,solar,e_demand,2030,13,1.0,1.0,14,14,0.88506082334254
1767,solar,e_demand,2030,13,1.0,1.0,15,15,0.7107088617394535
1768,solar,e_demand,2030,13,1.0,1.0,16,16,0.46978871674761163
1769,solar,e_demand,2030,13,1.0,1.0,17,17,0.2064102622751972
1770,solar,e_demand,2030,13,1.0,1.0,18,18,0.0013969642299063484
1771,solar,e_demand,2030,13,1.0,1.0,19,19,0.0
1772,solar,e_demand,2030,13,1.0,1.0,20,20,0.0
1773,solar,e_demand,2030,13,1.0,1.0,21,21,0.0
1774,solar,e_demand,2030,13,1.0,1.0,22,22,0.0
1775,solar,e_demand,2030,13,1.0,1.0,23,23,0.0
1776,solar,e_demand,2030,13,1.0,1.0,24,24,0.0
1777,wind_offshore,e_demand,2030,13,1.0,1.0,1,1,0.0
1778,wind_offshore,e_demand,2030,13,1.0,1.0,2,2,0.0
1779,wind_offshore,e_demand,2030,13,1.0,1.0,3,3,0.0
1780,wind_offshore,e_demand,2030,13,1.0,1.0,4,4,0.0
1781,wind_offshore,e_demand,2030,13,1.0,1.0,5,5,0.0
1782,wind_offshore,e_demand,2030,13,1.0,1.0,6,6,0.0
1783,wind_offshore,e_demand,2030,13,1.0,1.0,7,7,0.0
1784,wind_offshore,e_demand,2030,13,1.0,1.0,8,8,0.0
1785,wind_offshore,e_demand,2030,13,1.0,1.0,9,9,0.0
1786,wind_offshore,e_demand,2030,13,1.0,1.0,10,10,0.0
1787,wind_offshore,e_demand,2030,13,1.0,1.0,11,11,0.0
1788,wind_offshore,e_demand,2030,13,1.0,1.0,12,12,0.0
1789,wind_offshore,e_demand,2030,13,1.0,1.0,13,13,0.0
1790,wind_offshore,e_demand,2030,13,1.0,1.0,14,14,0.0
1791,wind_offshore,e_demand,2030,13,1.0,1.0,15,15,0.0
1792,wind_offshore,e_demand,2030,13,1.0,1.0,16,16,0.0
1793,wind_offshore,e_demand,2030,13,1.0,1.0,17,17,0.0
1794,wind_offshore,e_demand,2030,13,1.0,1.0,18,18,0.0
1795,wind_offshore,e_demand,2030,13,1.0,1.0,19,19,0.0
1796,wind_offshore,e_demand,2030,13,1.0,1.0,20,20,0.0
1797,wind_offshore,e_demand,2030,13,1.0,1.0,21,21,0.0
1798,wind_offshore,e_demand,2030,13,1.0,1.0,22,22,0.0
1799,wind_offshore,e_demand,2030,13,1.0,1.0,23,23,0.0
1800,wind_offshore,e_demand,2030,13,1.0,1.0,24,24,0.0
1801,ccgt,e_demand,2030,13,1.0,1.0,1,1,0.7326321114090755
1802,ccgt,e_demand,2030,13,1.0,1.0,2,2,0.7254372686052715
1803,ccgt,e_demand,2030,13,1.0,1.0,3,3,0.7049524506107877
1804,ccgt,e_demand,2030,13,1.0,1.0,4,4,0.7015806924995809
1805,ccgt,e_demand,2030,13,1.0,1.0,5,5,0.7179008520827834
1806,ccgt,e_demand,2030,13,1.0,1.0,6,6,0.7623716970036017
1807,ccgt,e_demand,2030,13,1.0,1.0,7,7,0.8267223728039692
1808,ccgt,e_demand,2030,13,1.0,1.0,8,8,0.8963946801663197
1809,ccgt,e_demand,2030,13,1.0,1.0,9,9,0.6991109027863618
1810,ccgt,e_demand,2030,13,1.0,1.0,10,10,0.4675426968881893
1811,ccgt,e_demand,2030,13,1.0,1.0,11,11,0.2912681973953364
1812,ccgt,e_demand,2030,13,1.0,1.0,12,12,0.11739807498545096
1813,ccgt,e_demand,2030,13,1.0,1.0,13,13,0.054315714201389365
1814,ccgt,e_demand,2030,13,1.0,1.0,14,14,0.10828599200474665
1815,ccgt,e_demand,2030,13,1.0,1.0,15,15,0.25622194022268396
1816,ccgt,e_demand,2030,13,1.0,1.0,16,16,0.5023951555974004
1817,ccgt,e_demand,2030,13,1.0,1.0,17,17,0.7644822111100468
1818,ccgt,e_demand,2030,13,1.0,1.0,18,18,0.9792235250379522
1819,ccgt,e_demand,2030,13,1.0,1.0,19,19,1.0092360000451215
1820,ccgt,e_demand,2030,13,1.0,1.0,20,20,1.046968107201912
1821,ccgt,e_demand,2030,13,1.0,1.0,21,21,1.0253257531061202
1822,ccgt,e_demand,2030,13,1.0,1.0,22,22,0.9718780365939825
1823,ccgt,e_demand,2030,13,1.0,1.0,23,23,0.8846625315419652
1824,ccgt,e_demand,2030,13,1.0,1.0,24,24,0.8655702198373092
1825,ens,e_demand,2030,13,1.0,1.0,1,1,0.0
1826,ens,e_demand,2030,13,1.0,1.0,2,2,0.0
1827,ens,e_demand,2030,13,1.0,1.0,3,3,0.0
1828,ens,e_demand,2030,13,1.0,1.0,4,4,0.0
1829,ens,e_demand,2030,13,1.0,1.0,5,5,0.0
1830,ens,e_demand,2030,13,1.0,1.0,6,6,0.0
1831,ens,e_demand,2030,13,1.0,1.0,7,7,0.0
1832,ens,e_demand,2030,13,1.0,1.0,8,8,0.0
1833,ens,e_demand,2030,13,1.0,1.0,9,9,0.0
1834,ens,e_demand,2030,13,1.0,1.0,10,10,0.0
1835,ens,e_demand,2030,13,1.0,1.0,11,11,0.0
1836,ens,e_demand,2030,13,1.0,1.0,12,12,0.0
1837,ens,e_demand,2030,13,1.0,1.0,13,13,0.0
1838,ens,e_demand,2030,13,1.0,1.0,14,14,0.0
1839,ens,e_demand,2030,13,1.0,1.0,15,15,0.0
1840,ens,e_demand,2030,13,1.0,1.0,16,16,0.0
1841,ens,e_demand,2030,13,1.0,1.0,17,17,0.0
1842,ens,e_demand,2030,13,1.0,1.0,18,18,0.0
1843,ens,e_demand,2030,13,1.0,1.0,19,19,0.0
1844,ens,e_demand,2030,13,1.0,1.0,20,20,0.0
1845,ens,e_demand,2030,13,1.0,1.0,21,21,0.0
1846,ens,e_demand,2030,13,1.0,1.0,22,22,0.0
1847,ens,e_demand,2030,13,1.0,1.0,23,23,0.0
1848,ens,e_demand,2030,13,1.0,1.0,24,24,0.0
1849,wind,e_demand,2030,13,1.0,1.0,1,1,0.0
1850,wind,e_demand,2030,13,1.0,1.0,2,2,0.0
1851,wind,e_demand,2030,13,1.0,1.0,3,3,0.0
1852,wind,e_demand,2030,13,1.0,1.0,4,4,0.0
1853,wind,e_demand,2030,13,1.0,1.0,5,5,0.0
1854,wind,e_demand,2030,13,1.0,1.0,6,6,0.0
1855,wind,e_demand,2030,13,1.0,1.0,7,7,0.0
1856,wind,e_demand,2030,13,1.0,1.0,8,8,0.0
1857,wind,e_demand,2030,13,1.0,1.0,9,9,0.0
1858,wind,e_demand,2030,13,1.0,1.0,10,10,0.0
1859,wind,e_demand,2030,13,1.0,1.0,11,11,0.0
1860,wind,e_demand,2030,13,1.0,1.0,12,12,0.0
1861,wind,e_demand,2030,13,1.0,1.0,13,13,0.0
1862,wind,e_demand,2030,13,1.0,1.0,14,14,0.0
1863,wind,e_demand,2030,13,1.0,1.0,15,15,0.0
1864,wind,e_demand,2030,13,1.0,1.0,16,16,0.0
1865,wind,e_demand,2030,13,1.0,1.0,17,17,0.0
1866,wind,e_demand,2030,13,1.0,1.0,18,18,0.0
1867,wind,e_demand,2030,13,1.0,1.0,19,19,0.0
1868,wind,e_demand,2030,13,1.0,1.0,20,20,0.0
1869,wind,e_demand,2030,13,1.0,1.0,21,21,0.0
1870,wind,e_demand,2030,13,1.0,1.0,22,22,0.0
1871,wind,e_demand,2030,13,1.0,1.0,23,23,0.0
1872,wind,e_demand,2030,13,1.0,1.0,24,24,0.0
1873,ocgt,e_demand,2030,14,1.0,1.0,1,1,0.0
1874,ocgt,e_demand,2030,14,1.0,1.0,2,2,0.0
1875,ocgt,e_demand,2030,14,1.0,1.0,3,3,0.0
1876,ocgt,e_demand,2030,14,1.0,1.0,4,4,0.0
1877,ocgt,e_demand,2030,14,1.0,1.0,5,5,0.0
1878,ocgt,e_demand,2030,14,1.0,1.0,6,6,0.0
1879,ocgt,e_demand,2030,14,1.0,1.0,7,7,0.0
1880,ocgt,e_demand,2030,14,1.0,1.0,8,8,0.0
1881,ocgt,e_demand,2030,14,1.0,1.0,9,9,0.0
1882,ocgt,e_demand,2030,14,1.0,1.0,10,10,0.0
1883,ocgt,e_demand,2030,14,1.0,1.0,11,11,0.0
1884,ocgt,e_demand,2030,14,1.0,1.0,12,12,0.0
1885,ocgt,e_demand,2030,14,1.0,1.0,13,13,0.0
1886,ocgt,e_demand,2030,14,1.0,1.0,14,14,0.0
1887,ocgt,e_demand,2030,14,1.0,1.0,15,15,0.0
1888,ocgt,e_demand,2030,14,1.0,1.0,16,16,0.0
1889,ocgt,e_demand,2030,14,1.0,1.0,17,17,0.0
1890,ocgt,e_demand,2030,14,1.0,1.0,18,18,0.0
1891,ocgt,e_demand,2030,14,1.0,1.0,19,19,0.0
1892,ocgt,e_demand,2030,14,1.0,1.0,20,20,0.06094856877108801
1893,ocgt,e_demand,2030,14,1.0,1.0,21,21,0.04772813967054712
1894,ocgt,e_demand,2030,14,1.0,1.0,22,22,0.0
1895,ocgt,e_demand,2030,14,1.0,1.0,23,23,0.0
1896,ocgt,e_demand,2030,14,1.0,1.0,24,24,0.0
1897,wind_offshore,e_demand,2030,14,1.0,1.0,1,1,0.0
1898,wind_offshore,e_demand,2030,14,1.0,1.0,2,2,0.0
1899,wind_offshore,e_demand,2030,14,1.0,1.0,3,3,0.0
1900,wind_offshore,e_demand,2030,14,1.0,1.0,4,4,0.0
1901,wind_offshore,e_demand,2030,14,1.0,1.0,5,5,0.0
1902,wind_offshore,e_demand,2030,14,1.0,1.0,6,6,0.0
1903,wind_offshore,e_demand,2030,14,1.0,1.0,7,7,0.0
1904,wind_offshore,e_demand,2030,14,1.0,1.0,8,8,0.0
1905,wind_offshore,e_demand,2030,14,1.0,1.0,9,9,0.0
1906,wind_offshore,e_demand,2030,14,1.0,1.0,10,10,0.0
1907,wind_offshore,e_demand,2030,14,1.0,1.0,11,11,0.0
1908,wind_offshore,e_demand,2030,14,1.0,1.0,12,12,0.0
1909,wind_offshore,e_demand,2030,14,1.0,1.0,13,13,0.0
1910,wind_offshore,e_demand,2030,14,1.0,1.0,14,14,0.0
1911,wind_offshore,e_demand,2030,14,1.0,1.0,15,15,0.0
1912,wind_offshore,e_demand,2030,14,1.0,1.0,16,16,0.0
1913,wind_offshore,e_demand,2030,14,1.0,1.0,17,17,0.0
1914,wind_offshore,e_demand,2030,14,1.0,1.0,18,18,0.0
1915,wind_offshore,e_demand,2030,14,1.0,1.0,19,19,0.0
1916,wind_offshore,e_demand,2030,14,1.0,1.0,20,20,0.0
1917,wind_offshore,e_demand,2030,14,1.0,1.0,21,21,0.0
1918,wind_offshore,e_demand,2030,14,1.0,1.0,22,22,0.0
1919,wind_offshore,e_demand,2030,14,1.0,1.0,23,23,0.0
1920,wind_offshore,e_demand,2030,14,1.0,1.0,24,24,0.0
1921,solar,e_demand,2030,14,1.0,1.0,1,1,0.0
1922,solar,e_demand,2030,14,1.0,1.0,2,2,0.0
1923,solar,e_demand,2030,14,1.0,1.0,3,3,0.0
1924,solar,e_demand,2030,14,1.0,1.0,4,4,0.0
1925,solar,e_demand,2030,14,1.0,1.0,5,5,0.0
1926,solar,e_demand,2030,14,1.0,1.0,6,6,0.0
1927,solar,e_demand,2030,14,1.0,1.0,7,7,0.012052068256067649
1928,solar,e_demand,2030,14,1.0,1.0,8,8,0.31119576920528125
1929,solar,e_demand,2030,14,1.0,1.0,9,9,0.7544241587130721
1930,solar,e_demand,2030,14,1.0,1.0,10,10,1.1441507061737808
1931,solar,e_demand,2030,14,1.0,1.0,11,11,1.254213708608678
1932,solar,e_demand,2030,14,1.0,1.0,12,12,1.3121295029865208
1933,solar,e_demand,2030,14,1.0,1.0,13,13,1.3317008363754073
1934,solar,e_demand,2030,14,1.0,1.0,14,14,1.325936705043691
1935,solar,e_demand,2030,14,1.0,1.0,15,15,1.3174273231725582
1936,solar,e_demand,2030,14,1.0,1.0,16,16,1.2580055318155636
1937,solar,e_demand,2030,14,1.0,1.0,17,17,0.945429911987891
1938,solar,e_demand,2030,14,1.0,1.0,18,18,0.5431001487658191
1939,solar,e_demand,2030,14,1.0,1.0,19,19,0.13703587937091405
1940,solar,e_demand,2030,14,1.0,1.0,20,20,0.0008990978044615422
1941,solar,e_demand,2030,14,1.0,1.0,21,21,0.0
1942,solar,e_demand,2030,14,1.0,1.0,22,22,0.0
1943,solar,e_demand,2030,14,1.0,1.0,23,23,0.0
1944,solar,e_demand,2030,14,1.0,1.0,24,24,0.0
1945,ens,e_demand,2030,14,1.0,1.0,1,1,0.0
1946,ens,e_demand,2030,14,1.0,1.0,2,2,0.0
1947,ens,e_demand,2030,14,1.0,1.0,3,3,0.0
1948,ens,e_demand,2030,14,1.0,1.0,4,4,0.0
1949,ens,e_demand,2030,14,1.0,1.0,5,5,0.0
1950,ens,e_demand,2030,14,1.0,1.0,6,6,0.0
1951,ens,e_demand,2030,14,1.0,1.0,7,7,0.0
1952,ens,e_demand,2030,14,1.0,1.0,8,8,0.0
1953,ens,e_demand,2030,14,1.0,1.0,9,9,0.0
1954,ens,e_demand,2030,14,1.0,1.0,10,10,0.0
1955,ens,e_demand,2030,14,1.0,1.0,11,11,0.0
1956,ens,e_demand,2030,14,1.0,1.0,12,12,0.0
1957,ens,e_demand,2030,14,1.0,1.0,13,13,0.0
1958,ens,e_demand,2030,14,1.0,1.0,14,14,0.0
1959,ens,e_demand,2030,14,1.0,1.0,15,15,0.0
1960,ens,e_demand,2030,14,1.0,1.0,16,16,0.0
1961,ens,e_demand,2030,14,1.0,1.0,17,17,0.0
1962,ens,e_demand,2030,14,1.0,1.0,18,18,0.0
1963,ens,e_demand,2030,14,1.0,1.0,19,19,0.0
1964,ens,e_demand,2030,14,1.0,1.0,20,20,0.0
1965,ens,e_demand,2030,14,1.0,1.0,21,21,0.0
1966,ens,e_demand,2030,14,1.0,1.0,22,22,0.0
1967,ens,e_demand,2030,14,1.0,1.0,23,23,0.0
1968,ens,e_demand,2030,14,1.0,1.0,24,24,0.0
1969,wind,e_demand,2030,14,1.0,1.0,1,1,0.0
1970,wind,e_demand,2030,14,1.0,1.0,2,2,0.0
1971,wind,e_demand,2030,14,1.0,1.0,3,3,0.0
1972,wind,e_demand,2030,14,1.0,1.0,4,4,0.0
1973,wind,e_demand,2030,14,1.0,1.0,5,5,0.0
1974,wind,e_demand,2030,14,1.0,1.0,6,6,0.0
1975,wind,e_demand,2030,14,1.0,1.0,7,7,0.0
1976,wind,e_demand,2030,14,1.0,1.0,8,8,0.0
1977,wind,e_demand,2030,14,1.0,1.0,9,9,0.0
1978,wind,e_demand,2030,14,1.0,1.0,10,10,0.0
1979,wind,e_demand,2030,14,1.0,1.0,11,11,0.0
1980,wind,e_demand,2030,14,1.0,1.0,12,12,0.0
1981,wind,e_demand,2030,14,1.0,1.0,13,13,0.0
1982,wind,e_demand,2030,14,1.0,1.0,14,14,0.0
1983,wind,e_demand,2030,14,1.0,1.0,15,15,0.0
1984,wind,e_demand,2030,14,1.0,1.0,16,16,0.0
1985,wind,e_demand,2030,14,1.0,1.0,17,17,0.0
1986,wind,e_demand,2030,14,1.0,1.0,18,18,0.0
1987,wind,e_demand,2030,14,1.0,1.0,19,19,0.0
1988,wind,e_demand,2030,14,1.0,1.0,20,20,0.0
1989,wind,e_demand,2030,14,1.0,1.0,21,21,0.0
1990,wind,e_demand,2030,14,1.0,1.0,22,22,0.0
1991,wind,e_demand,2030,14,1.0,1.0,23,23,0.0
1992,wind,e_demand,2030,14,1.0,1.0,24,24,0.0
1993,ccgt,e_demand,2030,14,1.0,1.0,1,1,0.9020094101621037
1994,ccgt,e_demand,2030,14,1.0,1.0,2,2,0.8795587739130499
1995,ccgt,e_demand,2030,14,1.0,1.0,3,3,0.8680459282499249
1996,ccgt,e_demand,2030,14,1.0,1.0,4,4,0.850347779865552
1997,ccgt,e_demand,2030,14,1.0,1.0,5,5,0.8652358887391611
1998,ccgt,e_demand,2030,14,1.0,1.0,6,6,0.9115608011735901
1999,ccgt,e_demand,2030,14,1.0,1.0,7,7,0.9377533561099605
2000,ccgt,e_demand,2030,14,1.0,1.0,8,8,0.7083516380982043
2001,ccgt,e_demand,2030,14,1.0,1.0,9,9,0.36392700031753267
2002,ccgt,e_demand,2030,14,1.0,1.0,10,10,0.040805643299884675
2003,ccgt,e_demand,2030,14,1.0,1.0,11,11,0.0
2004,ccgt,e_demand,2030,14,1.0,1.0,12,12,0.0
2005,ccgt,e_demand,2030,14,1.0,1.0,13,13,0.0
2006,ccgt,e_demand,2030,14,1.0,1.0,14,14,0.0
2007,ccgt,e_demand,2030,14,1.0,1.0,15,15,0.0
2008,ccgt,e_demand,2030,14,1.0,1.0,16,16,0.08317211586453976
2009,ccgt,e_demand,2030,14,1.0,1.0,17,17,0.4057805390895458
2010,ccgt,e_demand,2030,14,1.0,1.0,18,18,0.7895716311562793
2011,ccgt,e_demand,2030,14,1.0,1.0,19,19,1.15497835531696
2012,ccgt,e_demand,2030,14,1.0,1.0,20,20,1.2192157544456181
2013,ccgt,e_demand,2030,14,1.0,1.0,21,21,1.2192157544456181
2014,ccgt,e_demand,2030,14,1.0,1.0,22,22,1.201847408720014
2015,ccgt,e_demand,2030,14,1.0,1.0,23,23,1.109508552751346
2016,ccgt,e_demand,2030,14,1.0,1.0,24,24,1.069229706335411
2017,ocgt,e_demand,2030,15,1.0,1.0,1,1,0.0
2018,ocgt,e_demand,2030,15,1.0,1.0,2,2,0.0
2019,ocgt,e_demand,2030,15,1.0,1.0,3,3,0.0
2020,ocgt,e_demand,2030,15,1.0,1.0,4,4,0.0
2021,ocgt,e_demand,2030,15,1.0,1.0,5,5,0.0
2022,ocgt,e_demand,2030,15,1.0,1.0,6,6,0.0
2023,ocgt,e_demand,2030,15,1.0,1.0,7,7,0.0
2024,ocgt,e_demand,2030,15,1.0,1.0,8,8,0.0
2025,ocgt,e_demand,2030,15,1.0,1.0,9,9,0.0
2026,ocgt,e_demand,2030,15,1.0,1.0,10,10,0.0
2027,ocgt,e_demand,2030,15,1.0,1.0,11,11,0.0
2028,ocgt,e_demand,2030,15,1.0,1.0,12,12,0.0
2029,ocgt,e_demand,2030,15,1.0,1.0,13,13,0.0
2030,ocgt,e_demand,2030,15,1.0,1.0,14,14,0.0
2031,ocgt,e_demand,2030,15,1.0,1.0,15,15,0.0
2032,ocgt,e_demand,2030,15,1.0,1.0,16,16,0.0
2033,ocgt,e_demand,2030,15,1.0,1.0,17,17,0.0
2034,ocgt,e_demand,2030,15,1.0,1.0,18,18,0.0
2035,ocgt,e_demand,2030,15,1.0,1.0,19,19,0.0
2036,ocgt,e_demand,2030,15,1.0,1.0,20,20,0.0
2037,ocgt,e_demand,2030,15,1.0,1.0,21,21,0.0
2038,ocgt,e_demand,2030,15,1.0,1.0,22,22,0.0
2039,ocgt,e_demand,2030,15,1.0,1.0,23,23,0.0
2040,ocgt,e_demand,2030,15,1.0,1.0,24,24,0.0
2041,ccgt,e_demand,2030,15,1.0,1.0,1,1,0.7601837248160879
2042,ccgt,e_demand,2030,15,1.0,1.0,2,2,0.7480494772017596
2043,ccgt,e_demand,2030,15,1.0,1.0,3,3,0.73748921092142
2044,ccgt,e_demand,2030,15,1.0,1.0,4,4,0.7425599592445262
2045,ccgt,e_demand,2030,15,1.0,1.0,5,5,0.7694201876635653
2046,ccgt,e_demand,2030,15,1.0,1.0,6,6,0.7859685641061948
2047,ccgt,e_demand,2030,15,1.0,1.0,7,7,0.7257243530579686
2048,ccgt,e_demand,2030,15,1.0,1.0,8,8,0.47912634303175455
2049,ccgt,e_demand,2030,15,1.0,1.0,9,9,0.2109959692172796
2050,ccgt,e_demand,2030,15,1.0,1.0,10,10,0.0
2051,ccgt,e_demand,2030,15,1.0,1.0,11,11,0.0
2052,ccgt,e_demand,2030,15,1.0,1.0,12,12,0.0
2053,ccgt,e_demand,2030,15,1.0,1.0,13,13,0.0
2054,ccgt,e_demand,2030,15,1.0,1.0,14,14,0.0
2055,ccgt,e_demand,2030,15,1.0,1.0,15,15,0.0
2056,ccgt,e_demand,2030,15,1.0,1.0,16,16,0.08684983480150654
2057,ccgt,e_demand,2030,15,1.0,1.0,17,17,0.3142682158040435
2058,ccgt,e_demand,2030,15,1.0,1.0,18,18,0.5398935723013696
2059,ccgt,e_demand,2030,15,1.0,1.0,19,19,0.8073622156111613
2060,ccgt,e_demand,2030,15,1.0,1.0,20,20,1.0070384942525015
2061,ccgt,e_demand,2030,15,1.0,1.0,21,21,1.0081283693227563
2062,ccgt,e_demand,2030,15,1.0,1.0,22,22,0.9464450350890401
2063,ccgt,e_demand,2030,15,1.0,1.0,23,23,0.866708955269176
2064,ccgt,e_demand,2030,15,1.0,1.0,24,24,0.8399062167813853
2065,wind_offshore,e_demand,2030,15,1.0,1.0,1,1,0.0
2066,wind_offshore,e_demand,2030,15,1.0,1.0,2,2,0.0
2067,wind_offshore,e_demand,2030,15,1.0,1.0,3,3,0.0
2068,wind_offshore,e_demand,2030,15,1.0,1.0,4,4,0.0
2069,wind_offshore,e_demand,2030,15,1.0,1.0,5,5,0.0
2070,wind_offshore,e_demand,2030,15,1.0,1.0,6,6,0.0
2071,wind_offshore,e_demand,2030,15,1.0,1.0,7,7,0.0
2072,wind_offshore,e_demand,2030,15,1.0,1.0,8,8,0.0
2073,wind_offshore,e_demand,2030,15,1.0,1.0,9,9,0.0
2074,wind_offshore,e_demand,2030,15,1.0,1.0,10,10,0.0
2075,wind_offshore,e_demand,2030,15,1.0,1.0,11,11,0.0
2076,wind_offshore,e_demand,2030,15,1.0,1.0,12,12,0.0
2077,wind_offshore,e_demand,2030,15,1.0,1.0,13,13,0.0
2078,wind_offshore,e_demand,2030,15,1.0,1.0,14,14,0.0
2079,wind_offshore,e_demand,2030,15,1.0,1.0,15,15,0.0
2080,wind_offshore,e_demand,2030,15,1.0,1.0,16,16,0.0
2081,wind_offshore,e_demand,2030,15,1.0,1.0,17,17,0.0
2082,wind_offshore,e_demand,2030,15,1.0,1.0,18,18,0.0
2083,wind_offshore,e_demand,2030,15,1.0,1.0,19,19,0.0
2084,wind_offshore,e_demand,2030,15,1.0,1.0,20,20,0.0
2085,wind_offshore,e_demand,2030,15,1.0,1.0,21,21,0.0
2086,wind_offshore,e_demand,2030,15,1.0,1.0,22,22,0.0
2087,wind_offshore,e_demand,2030,15,1.0,1.0,23,23,0.0
2088,wind_offshore,e_demand,2030,15,1.0,1.0,24,24,0.0
2089,solar,e_demand,2030,15,1.0,1.0,1,1,0.0
2090,solar,e_demand,2030,15,1.0,1.0,2,2,0.0
2091,solar,e_demand,2030,15,1.0,1.0,3,3,0.0
2092,solar,e_demand,2030,15,1.0,1.0,4,4,0.0
2093,solar,e_demand,2030,15,1.0,1.0,5,5,0.0
2094,solar,e_demand,2030,15,1.0,1.0,6,6,0.0005848533914366085
2095,solar,e_demand,2030,15,1.0,1.0,7,7,0.0943450298135489
2096,solar,e_demand,2030,15,1.0,1.0,8,8,0.38801134012812594
2097,solar,e_demand,2030,15,1.0,1.0,9,9,0.7361012334868761
2098,solar,e_demand,2030,15,1.0,1.0,10,10,0.9909639166075721
2099,solar,e_demand,2030,15,1.0,1.0,11,11,1.046090567203406
2100,solar,e_demand,2030,15,1.0,1.0,12,12,1.0644771074032173
2101,solar,e_demand,2030,15,1.0,1.0,13,13,1.0736785541461744
2102,solar,e_demand,2030,15,1.0,1.0,14,14,1.0643005864486854
2103,solar,e_demand,2030,15,1.0,1.0,15,15,1.0611875155305732
2104,solar,e_demand,2030,15,1.0,1.0,16,16,0.9931860929320526
2105,solar,e_demand,2030,15,1.0,1.0,17,17,0.7463433126938195
2106,solar,e_demand,2030,15,1.0,1.0,18,18,0.5023934147351361
2107,solar,e_demand,2030,15,1.0,1.0,19,19,0.22670618208314577
2108,solar,e_demand,2030,15,1.0,1.0,20,20,0.028933869709862822
2109,solar,e_demand,2030,15,1.0,1.0,21,21,0.0
2110,solar,e_demand,2030,15,1.0,1.0,22,22,0.0
2111,solar,e_demand,2030,15,1.0,1.0,23,23,0.0
2112,solar,e_demand,2030,15,1.0,1.0,24,24,0.0
2113,wind,e_demand,2030,15,1.0,1.0,1,1,0.0
2114,wind,e_demand,2030,15,1.0,1.0,2,2,0.0
2115,wind,e_demand,2030,15,1.0,1.0,3,3,0.0
2116,wind,e_demand,2030,15,1.0,1.0,4,4,0.0
2117,wind,e_demand,2030,15,1.0,1.0,5,5,0.0
2118,wind,e_demand,2030,15,1.0,1.0,6,6,0.0
2119,wind,e_demand,2030,15,1.0,1.0,7,7,0.0
2120,wind,e_demand,2030,15,1.0,1.0,8,8,0.0
2121,wind,e_demand,2030,15,1.0,1.0,9,9,0.0
2122,wind,e_demand,2030,15,1.0,1.0,10,10,0.0
2123,wind,e_demand,2030,15,1.0,1.0,11,11,0.0
2124,wind,e_demand,2030,15,1.0,1.0,12,12,0.0
2125,wind,e_demand,2030,15,1.0,1.0,13,13,0.0
2126,wind,e_demand,2030,15,1.0,1.0,14,14,0.0
2127,wind,e_demand,2030,15,1.0,1.0,15,15,0.0
2128,wind,e_demand,2030,15,1.0,1.0,16,16,0.0
2129,wind,e_demand,2030,15,1.0,1.0,17,17,0.0
2130,wind,e_demand,2030,15,1.0,1.0,18,18,0.0
2131,wind,e_demand,2030,15,1.0,1.0,19,19,0.0
2132,wind,e_demand,2030,15,1.0,1.0,20,20,0.0
2133,wind,e_demand,2030,15,1.0,1.0,21,21,0.0
2134,wind,e_demand,2030,15,1.0,1.0,22,22,0.0
2135,wind,e_demand,2030,15,1.0,1.0,23,23,0.0
2136,wind,e_demand,2030,15,1.0,1.0,24,24,0.0
2137,ens,e_demand,2030,15,1.0,1.0,1,1,0.0
2138,ens,e_demand,2030,15,1.0,1.0,2,2,0.0
2139,ens,e_demand,2030,15,1.0,1.0,3,3,0.0
2140,ens,e_demand,2030,15,1.0,1.0,4,4,0.0
2141,ens,e_demand,2030,15,1.0,1.0,5,5,0.0
2142,ens,e_demand,2030,15,1.0,1.0,6,6,0.0
2143,ens,e_demand,2030,15,1.0,1.0,7,7,0.0
2144,ens,e_demand,2030,15,1.0,1.0,8,8,0.0
2145,ens,e_demand,2030,15,1.0,1.0,9,9,0.0
2146,ens,e_demand,2030,15,1.0,1.0,10,10,0.0
2147,ens,e_demand,2030,15,1.0,1.0,11,11,0.0
2148,ens,e_demand,2030,15,1.0,1.0,12,12,0.0
2149,ens,e_demand,2030,15,1.0,1.0,13,13,0.0
2150,ens,e_demand,2030,15,1.0,1.0,14,14,0.0
2151,ens,e_demand,2030,15,1.0,1.0,15,15,0.0
2152,ens,e_demand,2030,15,1.0,1.0,16,16,0.0
2153,ens,e_demand,2030,15,1.0,1.0,17,17,0.0
2154,ens,e_demand,2030,15,1.0,1.0,18,18,0.0
2155,ens,e_demand,2030,15,1.0,1.0,19,19,0.0
2156,ens,e_demand,2030,15,1.0,1.0,20,20,0.0
2157,ens,e_demand,2030,15,1.0,1.0,21,21,0.0
2158,ens,e_demand,2030,15,1.0,1.0,22,22,0.0
2159,ens,e_demand,2030,15,1.0,1.0,23,23,0.0
2160,ens,e_demand,2030,15,1.0,1.0,24,24,0.0
2161,ens,e_demand,2030,16,1.0,1.0,1,1,0.0
2162,ens,e_demand,2030,16,1.0,1.0,2,2,0.0
2163,ens,e_demand,2030,16,1.0,1.0,3,3,0.0
2164,ens,e_demand,2030,16,1.0,1.0,4,4,0.0
2165,ens,e_demand,2030,16,1.0,1.0,5,5,0.0
2166,ens,e_demand,2030,16,1.0,1.0,6,6,0.0
2167,ens,e_demand,2030,16,1.0,1.0,7,7,0.0
2168,ens,e_demand,2030,16,1.0,1.0,8,8,0.0
2169,ens,e_demand,2030,16,1.0,1.0,9,9,0.0
2170,ens,e_demand,2030,16,1.0,1.0,10,10,0.0
2171,ens,e_demand,2030,16,1.0,1.0,11,11,0.0
2172,ens,e_demand,2030,16,1.0,1.0,12,12,0.0
2173,ens,e_demand,2030,16,1.0,1.0,13,13,0.0
2174,ens,e_demand,2030,16,1.0,1.0,14,14,0.0
2175,ens,e_demand,2030,16,1.0,1.0,15,15,0.0
2176,ens,e_demand,2030,16,1.0,1.0,16,16,0.0
2177,ens,e_demand,2030,16,1.0,1.0,17,17,0.0
2178,ens,e_demand,2030,16,1.0,1.0,18,18,0.0
2179,ens,e_demand,2030,16,1.0,1.0,19,19,0.0
2180,ens,e_demand,2030,16,1.0,1.0,20,20,0.0
2181,ens,e_demand,2030,16,1.0,1.0,21,21,0.0
2182,ens,e_demand,2030,16,1.0,1.0,22,22,0.0
2183,ens,e_demand,2030,16,1.0,1.0,23,23,0.0
2184,ens,e_demand,2030,16,1.0,1.0,24,24,0.0
2185,ccgt,e_demand,2030,16,1.0,1.0,1,1,0.7416605235303636
2186,ccgt,e_demand,2030,16,1.0,1.0,2,2,0.7276379746334077
2187,ccgt,e_demand,2030,16,1.0,1.0,3,3,0.7276465211519381
2188,ccgt,e_demand,2030,16,1.0,1.0,4,4,0.7154912888053757
2189,ccgt,e_demand,2030,16,1.0,1.0,5,5,0.7468775084198205
2190,ccgt,e_demand,2030,16,1.0,1.0,6,6,0.7879517546383372
2191,ccgt,e_demand,2030,16,1.0,1.0,7,7,0.7736562376040284
2192,ccgt,e_demand,2030,16,1.0,1.0,8,8,0.5742823862727968
2193,ccgt,e_demand,2030,16,1.0,1.0,9,9,0.27162091089835294
2194,ccgt,e_demand,2030,16,1.0,1.0,10,10,0.0
2195,ccgt,e_demand,2030,16,1.0,1.0,11,11,0.0
2196,ccgt,e_demand,2030,16,1.0,1.0,12,12,0.0
2197,ccgt,e_demand,2030,16,1.0,1.0,13,13,0.0
2198,ccgt,e_demand,2030,16,1.0,1.0,14,14,0.0
2199,ccgt,e_demand,2030,16,1.0,1.0,15,15,0.0
2200,ccgt,e_demand,2030,16,1.0,1.0,16,16,0.02004742583023933
2201,ccgt,e_demand,2030,16,1.0,1.0,17,17,0.2359222310909519
2202,ccgt,e_demand,2030,16,1.0,1.0,18,18,0.4732719169930081
2203,ccgt,e_demand,2030,16,1.0,1.0,19,19,0.7412134441084949
2204,ccgt,e_demand,2030,16,1.0,1.0,20,20,0.8868192103318793
2205,ccgt,e_demand,2030,16,1.0,1.0,21,21,0.8712860614991655
2206,ccgt,e_demand,2030,16,1.0,1.0,22,22,0.8166070748423669
2207,ccgt,e_demand,2030,16,1.0,1.0,23,23,0.7679172258299501
2208,ccgt,e_demand,2030,16,1.0,1.0,24,24,0.7707447672380594
2209,wind,e_demand,2030,16,1.0,1.0,1,1,0.0
2210,wind,e_demand,2030,16,1.0,1.0,2,2,0.0
2211,wind,e_demand,2030,16,1.0,1.0,3,3,0.0
2212,wind,e_demand,2030,16,1.0,1.0,4,4,0.0
2213,wind,e_demand,2030,16,1.0,1.0,5,5,0.0
2214,wind,e_demand,2030,16,1.0,1.0,6,6,0.0
2215,wind,e_demand,2030,16,1.0,1.0,7,7,0.0
2216,wind,e_demand,2030,16,1.0,1.0,8,8,0.0
2217,wind,e_demand,2030,16,1.0,1.0,9,9,0.0
2218,wind,e_demand,2030,16,1.0,1.0,10,10,0.0
2219,wind,e_demand,2030,16,1.0,1.0,11,11,0.0
2220,wind,e_demand,2030,16,1.0,1.0,12,12,0.0
2221,wind,e_demand,2030,16,1.0,1.0,13,13,0.0
2222,wind,e_demand,2030,16,1.0,1.0,14,14,0.0
2223,wind,e_demand,2030,16,1.0,1.0,15,15,0.0
2224,wind,e_demand,2030,16,1.0,1.0,16,16,0.0
2225,wind,e_demand,2030,16,1.0,1.0,17,17,0.0
2226,wind,e_demand,2030,16,1.0,1.0,18,18,0.0
2227,wind,e_demand,2030,16,1.0,1.0,19,19,0.0
2228,wind,e_demand,2030,16,1.0,1.0,20,20,0.0
2229,wind,e_demand,2030,16,1.0,1.0,21,21,0.0
2230,wind,e_demand,2030,16,1.0,1.0,22,22,0.0
2231,wind,e_demand,2030,16,1.0,1.0,23,23,0.0
2232,wind,e_demand,2030,16,1.0,1.0,24,24,0.0
2233,solar,e_demand,2030,16,1.0,1.0,1,1,0.0
2234,solar,e_demand,2030,16,1.0,1.0,2,2,0.0
2235,solar,e_demand,2030,16,1.0,1.0,3,3,0.0
2236,solar,e_demand,2030,16,1.0,1.0,4,4,0.0
2237,solar,e_demand,2030,16,1.0,1.0,5,5,0.0
2238,solar,e_demand,2030,16,1.0,1.0,6,6,0.0
2239,solar,e_demand,2030,16,1.0,1.0,7,7,0.07328663721498803
2240,solar,e_demand,2030,16,1.0,1.0,8,8,0.33610469981699925
2241,solar,e_demand,2030,16,1.0,1.0,9,9,0.6673467384978156
2242,solar,e_demand,2030,16,1.0,1.0,10,10,0.9586433662001016
2243,solar,e_demand,2030,16,1.0,1.0,11,11,0.9697350818828222
2244,solar,e_demand,2030,16,1.0,1.0,12,12,0.9816229270085677
2245,solar,e_demand,2030,16,1.0,1.0,13,13,0.9620311353622093
2246,solar,e_demand,2030,16,1.0,1.0,14,14,0.9350418789386109
2247,solar,e_demand,2030,16,1.0,1.0,15,15,0.9177903632271365
2248,solar,e_demand,2030,16,1.0,1.0,16,16,0.8848923491831965
2249,solar,e_demand,2030,16,1.0,1.0,17,17,0.6629037933090629
2250,solar,e_demand,2030,16,1.0,1.0,18,18,0.4147183390327337
2251,solar,e_demand,2030,16,1.0,1.0,19,19,0.149396052246933
2252,solar,e_demand,2030,16,1.0,1.0,20,20,0.0012500349633822
2253,solar,e_demand,2030,16,1.0,1.0,21,21,0.0
2254,solar,e_demand,2030,16,1.0,1.0,22,22,0.0
2255,solar,e_demand,2030,16,1.0,1.0,23,23,0.0
2256,solar,e_demand,2030,16,1.0,1.0,24,24,0.0
2257,wind_offshore,e_demand,2030,16,1.0,1.0,1,1,0.0
2258,wind_offshore,e_demand,2030,16,1.0,1.0,2,2,0.0
2259,wind_offshore,e_demand,2030,16,1.0,1.0,3,3,0.0
2260,wind_offshore,e_demand,2030,16,1.0,1.0,4,4,0.0
2261,wind_offshore,e_demand,2030,16,1.0,1.0,5,5,0.0
2262,wind_offshore,e_demand,2030,16,1.0,1.0,6,6,0.0
2263,wind_offshore,e_demand,2030,16,1.0,1.0,7,7,0.0
2264,wind_offshore,e_demand,2030,16,1.0,1.0,8,8,0.0
2265,wind_offshore,e_demand,2030,16,1.0,1.0,9,9,0.0
2266,wind_offshore,e_demand,2030,16,1.0,1.0,10,10,0.0
2267,wind_offshore,e_demand,2030,16,1.0,1.0,11,11,0.0
2268,wind_offshore,e_demand,2030,16,1.0,1.0,12,12,0.0
2269,wind_offshore,e_demand,2030,16,1.0,1.0,13,13,0.0
2270,wind_offshore,e_demand,2030,16,1.0,1.0,14,14,0.0
2271,wind_offshore,e_demand,2030,16,1.0,1.0,15,15,0.0
2272,wind_offshore,e_demand,2030,16,1.0,1.0,16,16,0.0
2273,wind_offshore,e_demand,2030,16,1.0,1.0,17,17,0.0
2274,wind_offshore,e_demand,2030,16,1.0,1.0,18,18,0.0
2275,wind_offshore,e_demand,2030,16,1.0,1.0,19,19,0.0
2276,wind_offshore,e_demand,2030,16,1.0,1.0,20,20,0.0
2277,wind_offshore,e_demand,2030,16,1.0,1.0,21,21,0.0
2278,wind_offshore,e_demand,2030,16,1.0,1.0,22,22,0.0
2279,wind_offshore,e_demand,2030,16,1.0,1.0,23,23,0.0
2280,wind_offshore,e_demand,2030,16,1.0,1.0,24,24,0.0
2281,ocgt,e_demand,2030,16,1.0,1.0,1,1,0.0
2282,ocgt,e_demand,2030,16,1.0,1.0,2,2,0.0
2283,ocgt,e_demand,2030,16,1.0,1.0,3,3,0.0
2284,ocgt,e_demand,2030,16,1.0,1.0,4,4,0.0
2285,ocgt,e_demand,2030,16,1.0,1.0,5,5,0.0
2286,ocgt,e_demand,2030,16,1.0,1.0,6,6,0.0
2287,ocgt,e_demand,2030,16,1.0,1.0,7,7,0.0
2288,ocgt,e_demand,2030,16,1.0,1.0,8,8,0.0
2289,ocgt,e_demand,2030,16,1.0,1.0,9,9,0.0
2290,ocgt,e_demand,2030,16,1.0,1.0,10,10,0.0
2291,ocgt,e_demand,2030,16,1.0,1.0,11,11,0.0
2292,ocgt,e_demand,2030,16,1.0,1.0,12,12,0.0
2293,ocgt,e_demand,2030,16,1.0,1.0,13,13,0.0
2294,ocgt,e_demand,2030,16,1.0,1.0,14,14,0.0
2295,ocgt,e_demand,2030,16,1.0,1.0,15,15,0.0
2296,ocgt,e_demand,2030,16,1.0,1.0,16,16,0.0
2297,ocgt,e_demand,2030,16,1.0,1.0,17,17,0.0
2298,ocgt,e_demand,2030,16,1.0,1.0,18,18,0.0
2299,ocgt,e_demand,2030,16,1.0,1.0,19,19,0.0
2300,ocgt,e_demand,2030,16,1.0,1.0,20,20,0.0
2301,ocgt,e_demand,2030,16,1.0,1.0,21,21,0.0
2302,ocgt,e_demand,2030,16,1.0,1.0,22,22,0.0
2303,ocgt,e_demand,2030,16,1.0,1.0,23,23,0.0
2304,ocgt,e_demand,2030,16,1.0,1.0,24,24,0.0
