id,asset,year,rep_period,time_block_start,time_block_end,dual_balance_consumer
1,e_demand,2030,1,1,1,0.02595243750739823
2,e_demand,2030,1,2,2,0.02595243750739823
3,e_demand,2030,1,3,3,0.02595243750739823
4,e_demand,2030,1,4,4,0.02595243750739823
5,e_demand,2030,1,5,5,0.02595243750739823
6,e_demand,2030,1,6,6,0.02595243750739823
7,e_demand,2030,1,7,7,0.02595243750739823
8,e_demand,2030,1,8,8,0.03633341251035752
9,e_demand,2030,1,9,9,0.03633341251035752
10,e_demand,2030,1,10,10,0.03633341251035752
11,e_demand,2030,1,11,11,0.03633341251035752
12,e_demand,2030,1,12,12,0.03633341251035752
13,e_demand,2030,1,13,13,0.03633341251035752
14,e_demand,2030,1,14,14,0.03633341251035752
15,e_demand,2030,1,15,15,0.03633341251035752
16,e_demand,2030,1,16,16,0.03633341251035752
17,e_demand,2030,1,17,17,0.03633341251035752
18,e_demand,2030,1,18,18,0.03633341251035752
19,e_demand,2030,1,19,19,0.03633341251035752
20,e_demand,2030,1,20,20,0.03633341251035752
21,e_demand,2030,1,21,21,0.03633341251035752
22,e_demand,2030,1,22,22,0.03633341251035752
23,e_demand,2030,1,23,23,0.03633341251035752
24,e_demand,2030,1,24,24,0.03633341251035752
25,e_demand,2030,2,1,1,0.025
26,e_demand,2030,2,2,2,0.025
27,e_demand,2030,2,3,3,0.025
28,e_demand,2030,2,4,4,0.025
29,e_demand,2030,2,5,5,0.025
30,e_demand,2030,2,6,6,0.025
31,e_demand,2030,2,7,7,0.025
32,e_demand,2030,2,8,8,0.025
33,e_demand,2030,2,9,9,0.025
34,e_demand,2030,2,10,10,0.025
35,e_demand,2030,2,11,11,0.025
36,e_demand,2030,2,12,12,0.025
37,e_demand,2030,2,13,13,0.025
38,e_demand,2030,2,14,14,0.025
39,e_demand,2030,2,15,15,0.025
40,e_demand,2030,2,16,16,0.025
41,e_demand,2030,2,17,17,0.025
42,e_demand,2030,2,18,18,0.035
43,e_demand,2030,2,19,19,0.035
44,e_demand,2030,2,20,20,0.035
45,e_demand,2030,2,21,21,0.035
46,e_demand,2030,2,22,22,0.035
47,e_demand,2030,2,23,23,0.035
48,e_demand,2030,2,24,24,0.025
49,e_demand,2030,3,1,1,0.025
50,e_demand,2030,3,2,2,0.025
51,e_demand,2030,3,3,3,0.025
52,e_demand,2030,3,4,4,0.025
53,e_demand,2030,3,5,5,0.025
54,e_demand,2030,3,6,6,0.035
55,e_demand,2030,3,7,7,0.035
56,e_demand,2030,3,8,8,0.035
57,e_demand,2030,3,9,9,0.025
58,e_demand,2030,3,10,10,0.025
59,e_demand,2030,3,11,11,0.025
60,e_demand,2030,3,12,12,0.025
61,e_demand,2030,3,13,13,0.025
62,e_demand,2030,3,14,14,0.025
63,e_demand,2030,3,15,15,0.025
64,e_demand,2030,3,16,16,0.025
65,e_demand,2030,3,17,17,0.025
66,e_demand,2030,3,18,18,0.035
67,e_demand,2030,3,19,19,0.035
68,e_demand,2030,3,20,20,0.035
69,e_demand,2030,3,21,21,0.035
70,e_demand,2030,3,22,22,0.035
71,e_demand,2030,3,23,23,0.025
72,e_demand,2030,3,24,24,0.025
73,e_demand,2030,4,1,1,0.03820908141723496
74,e_demand,2030,4,2,2,0.03820908141723496
75,e_demand,2030,4,3,3,0.027292201012310686
76,e_demand,2030,4,4,4,0.027292201012310686
77,e_demand,2030,4,5,5,0.027292201012310686
78,e_demand,2030,4,6,6,0.03820908141723496
79,e_demand,2030,4,7,7,0.03820908141723496
80,e_demand,2030,4,8,8,0.03820908141723496
81,e_demand,2030,4,9,9,0.03820908141723496
82,e_demand,2030,4,10,10,0.03820908141723496
83,e_demand,2030,4,11,11,0.03820908141723496
84,e_demand,2030,4,12,12,0.03820908141723496
85,e_demand,2030,4,13,13,0.03820908141723496
86,e_demand,2030,4,14,14,0.03820908141723496
87,e_demand,2030,4,15,15,0.03820908141723496
88,e_demand,2030,4,16,16,0.03820908141723496
89,e_demand,2030,4,17,17,6.034145393411141
90,e_demand,2030,4,18,18,10.916880404924274
91,e_demand,2030,4,19,19,10.916880404924274
92,e_demand,2030,4,20,20,10.916880404924274
93,e_demand,2030,4,21,21,10.916880404924274
94,e_demand,2030,4,22,22,0.03820908141723496
95,e_demand,2030,4,23,23,0.03820908141723496
96,e_demand,2030,4,24,24,0.03820908141723496
97,e_demand,2030,5,1,1,0.025
98,e_demand,2030,5,2,2,0.025
99,e_demand,2030,5,3,3,0.025
100,e_demand,2030,5,4,4,0.025
101,e_demand,2030,5,5,5,0.025
102,e_demand,2030,5,6,6,0.025
103,e_demand,2030,5,7,7,0.025
104,e_demand,2030,5,8,8,0.035
105,e_demand,2030,5,9,9,0.025
106,e_demand,2030,5,10,10,0.025
107,e_demand,2030,5,11,11,0.025
108,e_demand,2030,5,12,12,0.025
109,e_demand,2030,5,13,13,0.025
110,e_demand,2030,5,14,14,0.025
111,e_demand,2030,5,15,15,0.025
112,e_demand,2030,5,16,16,0.025
113,e_demand,2030,5,17,17,0.025
114,e_demand,2030,5,18,18,0.035
115,e_demand,2030,5,19,19,0.035
116,e_demand,2030,5,20,20,0.035
117,e_demand,2030,5,21,21,0.035
118,e_demand,2030,5,22,22,0.035
119,e_demand,2030,5,23,23,0.025
120,e_demand,2030,5,24,24,0.025
121,e_demand,2030,6,1,1,0.025
122,e_demand,2030,6,2,2,0.025
123,e_demand,2030,6,3,3,0.025
124,e_demand,2030,6,4,4,0.025
125,e_demand,2030,6,5,5,0.025
126,e_demand,2030,6,6,6,0.025
127,e_demand,2030,6,7,7,0.025
128,e_demand,2030,6,8,8,0.025
129,e_demand,2030,6,9,9,0.025
130,e_demand,2030,6,10,10,0.025
131,e_demand,2030,6,11,11,0.025
132,e_demand,2030,6,12,12,0.025
133,e_demand,2030,6,13,13,0.025
134,e_demand,2030,6,14,14,0.025
135,e_demand,2030,6,15,15,0.025
136,e_demand,2030,6,16,16,0.025
137,e_demand,2030,6,17,17,0.025
138,e_demand,2030,6,18,18,0.035
139,e_demand,2030,6,19,19,0.035
140,e_demand,2030,6,20,20,0.035
141,e_demand,2030,6,21,21,0.035
142,e_demand,2030,6,22,22,0.035
143,e_demand,2030,6,23,23,0.025
144,e_demand,2030,6,24,24,0.025
145,e_demand,2030,7,1,1,0.025425726046811564
146,e_demand,2030,7,2,2,0.025425726046811564
147,e_demand,2030,7,3,3,0.025425726046811564
148,e_demand,2030,7,4,4,0.025425726046811564
149,e_demand,2030,7,5,5,0.025425726046811564
150,e_demand,2030,7,6,6,0.025425726046811564
151,e_demand,2030,7,7,7,0.035596016465536194
152,e_demand,2030,7,8,8,0.035596016465536194
153,e_demand,2030,7,9,9,0.025425726046811564
154,e_demand,2030,7,10,10,0.025425726046811564
155,e_demand,2030,7,11,11,0.025425726046811564
156,e_demand,2030,7,12,12,0.035596016465536194
157,e_demand,2030,7,13,13,0.035596016465536194
158,e_demand,2030,7,14,14,0.025425726046811564
159,e_demand,2030,7,15,15,0.025425726046811564
160,e_demand,2030,7,16,16,0.035596016465536194
161,e_demand,2030,7,17,17,0.035596016465536194
162,e_demand,2030,7,18,18,0.035596016465536194
163,e_demand,2030,7,19,19,0.035596016465536194
164,e_demand,2030,7,20,20,0.035596016465536194
165,e_demand,2030,7,21,21,0.035596016465536194
166,e_demand,2030,7,22,22,0.025425726046811564
167,e_demand,2030,7,23,23,0.025425726046811564
168,e_demand,2030,7,24,24,0.025425726046811564
169,e_demand,2030,8,1,1,0.025
170,e_demand,2030,8,2,2,0.025
171,e_demand,2030,8,3,3,0.025
172,e_demand,2030,8,4,4,0.025
173,e_demand,2030,8,5,5,0.025
174,e_demand,2030,8,6,6,0.025
175,e_demand,2030,8,7,7,0.025
176,e_demand,2030,8,8,8,0.025
177,e_demand,2030,8,9,9,0.025
178,e_demand,2030,8,10,10,0.025
179,e_demand,2030,8,11,11,0.025
180,e_demand,2030,8,12,12,0.025
181,e_demand,2030,8,13,13,0.025
182,e_demand,2030,8,14,14,0.025
183,e_demand,2030,8,15,15,0.025
184,e_demand,2030,8,16,16,0.025
185,e_demand,2030,8,17,17,0.025
186,e_demand,2030,8,18,18,0.025
187,e_demand,2030,8,19,19,0.035
188,e_demand,2030,8,20,20,0.035
189,e_demand,2030,8,21,21,0.035
190,e_demand,2030,8,22,22,0.035
191,e_demand,2030,8,23,23,0.025
192,e_demand,2030,8,24,24,0.025
193,e_demand,2030,9,1,1,0.025661555251184062
194,e_demand,2030,9,2,2,0.025661555251184062
195,e_demand,2030,9,3,3,0.025661555251184062
196,e_demand,2030,9,4,4,0.025661555251184062
197,e_demand,2030,9,5,5,0.025661555251184062
198,e_demand,2030,9,6,6,0.025661555251184062
199,e_demand,2030,9,7,7,0.035926177351657686
200,e_demand,2030,9,8,8,0.035926177351657686
201,e_demand,2030,9,9,9,0.035926177351657686
202,e_demand,2030,9,10,10,0.035926177351657686
203,e_demand,2030,9,11,11,0.035926177351657686
204,e_demand,2030,9,12,12,0.035926177351657686
205,e_demand,2030,9,13,13,0.035926177351657686
206,e_demand,2030,9,14,14,0.035926177351657686
207,e_demand,2030,9,15,15,0.035926177351657686
208,e_demand,2030,9,16,16,0.035926177351657686
209,e_demand,2030,9,17,17,0.035926177351657686
210,e_demand,2030,9,18,18,0.035926177351657686
211,e_demand,2030,9,19,19,0.035926177351657686
212,e_demand,2030,9,20,20,0.035926177351657686
213,e_demand,2030,9,21,21,0.035926177351657686
214,e_demand,2030,9,22,22,0.035926177351657686
215,e_demand,2030,9,23,23,0.035926177351657686
216,e_demand,2030,9,24,24,0.025661555251184062
217,e_demand,2030,10,1,1,0.026571967444645513
218,e_demand,2030,10,2,2,0.026571967444645513
219,e_demand,2030,10,3,3,0.026571967444645513
220,e_demand,2030,10,4,4,0.026571967444645513
221,e_demand,2030,10,5,5,0.026571967444645513
222,e_demand,2030,10,6,6,0.026571967444645513
223,e_demand,2030,10,7,7,0.026571967444645513
224,e_demand,2030,10,8,8,0.026571967444645513
225,e_demand,2030,10,9,9,0.026571967444645513
226,e_demand,2030,10,10,10,0.026571967444645513
227,e_demand,2030,10,11,11,0.026571967444645513
228,e_demand,2030,10,12,12,0.026571967444645513
229,e_demand,2030,10,13,13,0.026571967444645513
230,e_demand,2030,10,14,14,0.026571967444645513
231,e_demand,2030,10,15,15,0.026571967444645513
232,e_demand,2030,10,16,16,0.026571967444645513
233,e_demand,2030,10,17,17,0.026571967444645513
234,e_demand,2030,10,18,18,0.03720075442250372
235,e_demand,2030,10,19,19,0.03720075442250372
236,e_demand,2030,10,20,20,0.03720075442250372
237,e_demand,2030,10,21,21,0.03720075442250372
238,e_demand,2030,10,22,22,0.026571967444645513
239,e_demand,2030,10,23,23,0.026571967444645513
240,e_demand,2030,10,24,24,0.026571967444645513
241,e_demand,2030,11,1,1,0.025
242,e_demand,2030,11,2,2,0.025
243,e_demand,2030,11,3,3,0.025
244,e_demand,2030,11,4,4,0.025
245,e_demand,2030,11,5,5,0.025
246,e_demand,2030,11,6,6,0.025
247,e_demand,2030,11,7,7,0.035
248,e_demand,2030,11,8,8,0.035
249,e_demand,2030,11,9,9,0.035
250,e_demand,2030,11,10,10,0.025
251,e_demand,2030,11,11,11,0.025
252,e_demand,2030,11,12,12,0.025
253,e_demand,2030,11,13,13,0.025
254,e_demand,2030,11,14,14,0.025
255,e_demand,2030,11,15,15,0.025
256,e_demand,2030,11,16,16,0.025
257,e_demand,2030,11,17,17,0.025
258,e_demand,2030,11,18,18,0.035
259,e_demand,2030,11,19,19,0.035
260,e_demand,2030,11,20,20,0.035
261,e_demand,2030,11,21,21,0.035
262,e_demand,2030,11,22,22,0.025
263,e_demand,2030,11,23,23,0.025
264,e_demand,2030,11,24,24,0.025
265,e_demand,2030,12,1,1,0.035
266,e_demand,2030,12,2,2,0.035
267,e_demand,2030,12,3,3,0.025
268,e_demand,2030,12,4,4,0.025
269,e_demand,2030,12,5,5,0.025
270,e_demand,2030,12,6,6,0.035
271,e_demand,2030,12,7,7,0.035
272,e_demand,2030,12,8,8,0.035
273,e_demand,2030,12,9,9,0.025
274,e_demand,2030,12,10,10,0.025
275,e_demand,2030,12,11,11,0.025
276,e_demand,2030,12,12,12,0.025
277,e_demand,2030,12,13,13,0.025
278,e_demand,2030,12,14,14,0.025
279,e_demand,2030,12,15,15,0.025
280,e_demand,2030,12,16,16,0.025
281,e_demand,2030,12,17,17,0.025
282,e_demand,2030,12,18,18,0.025
283,e_demand,2030,12,19,19,0.035
284,e_demand,2030,12,20,20,0.035
285,e_demand,2030,12,21,21,0.035
286,e_demand,2030,12,22,22,0.025
287,e_demand,2030,12,23,23,0.025
288,e_demand,2030,12,24,24,0.025
289,e_demand,2030,13,1,1,0.025
290,e_demand,2030,13,2,2,0.025
291,e_demand,2030,13,3,3,0.025
292,e_demand,2030,13,4,4,0.025
293,e_demand,2030,13,5,5,0.025
294,e_demand,2030,13,6,6,0.025
295,e_demand,2030,13,7,7,0.025
296,e_demand,2030,13,8,8,0.025
297,e_demand,2030,13,9,9,0.025
298,e_demand,2030,13,10,10,0.025
299,e_demand,2030,13,11,11,0.025
300,e_demand,2030,13,12,12,0.025
301,e_demand,2030,13,13,13,0.025
302,e_demand,2030,13,14,14,0.025
303,e_demand,2030,13,15,15,0.025
304,e_demand,2030,13,16,16,0.025
305,e_demand,2030,13,17,17,0.025
306,e_demand,2030,13,18,18,0.035
307,e_demand,2030,13,19,19,0.035
308,e_demand,2030,13,20,20,0.035
309,e_demand,2030,13,21,21,0.035
310,e_demand,2030,13,22,22,0.035
311,e_demand,2030,13,23,23,0.035
312,e_demand,2030,13,24,24,0.025
313,e_demand,2030,14,1,1,0.025
314,e_demand,2030,14,2,2,0.025
315,e_demand,2030,14,3,3,0.025
316,e_demand,2030,14,4,4,0.025
317,e_demand,2030,14,5,5,0.025
318,e_demand,2030,14,6,6,0.025
319,e_demand,2030,14,7,7,0.025
320,e_demand,2030,14,8,8,0.025
321,e_demand,2030,14,9,9,0.025
322,e_demand,2030,14,10,10,0.025
323,e_demand,2030,14,11,11,0.025
324,e_demand,2030,14,12,12,0.025
325,e_demand,2030,14,13,13,0.025
326,e_demand,2030,14,14,14,0.025
327,e_demand,2030,14,15,15,0.025
328,e_demand,2030,14,16,16,0.025
329,e_demand,2030,14,17,17,0.025
330,e_demand,2030,14,18,18,0.025
331,e_demand,2030,14,19,19,0.025
332,e_demand,2030,14,20,20,0.035
333,e_demand,2030,14,21,21,0.035
334,e_demand,2030,14,22,22,0.025
335,e_demand,2030,14,23,23,0.025
336,e_demand,2030,14,24,24,0.025
337,e_demand,2030,15,1,1,0.025
338,e_demand,2030,15,2,2,0.025
339,e_demand,2030,15,3,3,0.025
340,e_demand,2030,15,4,4,0.025
341,e_demand,2030,15,5,5,0.025
342,e_demand,2030,15,6,6,0.025
343,e_demand,2030,15,7,7,0.025
344,e_demand,2030,15,8,8,0.025
345,e_demand,2030,15,9,9,0.025
346,e_demand,2030,15,10,10,0.025
347,e_demand,2030,15,11,11,0.025
348,e_demand,2030,15,12,12,0.025
349,e_demand,2030,15,13,13,0.025
350,e_demand,2030,15,14,14,0.025
351,e_demand,2030,15,15,15,0.025
352,e_demand,2030,15,16,16,0.025
353,e_demand,2030,15,17,17,0.025
354,e_demand,2030,15,18,18,0.025
355,e_demand,2030,15,19,19,0.025
356,e_demand,2030,15,20,20,0.035
357,e_demand,2030,15,21,21,0.035
358,e_demand,2030,15,22,22,0.035
359,e_demand,2030,15,23,23,0.025
360,e_demand,2030,15,24,24,0.025
361,e_demand,2030,16,1,1,0.025
362,e_demand,2030,16,2,2,0.025
363,e_demand,2030,16,3,3,0.025
364,e_demand,2030,16,4,4,0.025
365,e_demand,2030,16,5,5,0.025
366,e_demand,2030,16,6,6,0.025
367,e_demand,2030,16,7,7,0.025
368,e_demand,2030,16,8,8,0.035
369,e_demand,2030,16,9,9,0.025
370,e_demand,2030,16,10,10,0.025
371,e_demand,2030,16,11,11,0.025
372,e_demand,2030,16,12,12,0.025
373,e_demand,2030,16,13,13,0.025
374,e_demand,2030,16,14,14,0.025
375,e_demand,2030,16,15,15,0.025
376,e_demand,2030,16,16,16,0.025
377,e_demand,2030,16,17,17,0.025
378,e_demand,2030,16,18,18,0.025
379,e_demand,2030,16,19,19,0.025
380,e_demand,2030,16,20,20,0.025
381,e_demand,2030,16,21,21,0.025
382,e_demand,2030,16,22,22,0.025
383,e_demand,2030,16,23,23,0.025
384,e_demand,2030,16,24,24,0.025
385,e_demand,2030,17,1,1,0.06744002144929688
386,e_demand,2030,17,2,2,0.06744002144929688
387,e_demand,2030,17,3,3,0.06744002144929688
388,e_demand,2030,17,4,4,0.06744002144929688
389,e_demand,2030,17,5,5,0.06744002144929688
390,e_demand,2030,17,6,6,0.06744002144929688
391,e_demand,2030,17,7,7,0.06744002144929688
392,e_demand,2030,17,8,8,0.06744002144929688
393,e_demand,2030,17,9,9,0.06744002144929688
394,e_demand,2030,17,10,10,0.06744002144929688
395,e_demand,2030,17,11,11,0.06744002144929688
396,e_demand,2030,17,12,12,0.06744002144929688
397,e_demand,2030,17,13,13,0.06744002144929688
398,e_demand,2030,17,14,14,0.06744002144929688
399,e_demand,2030,17,15,15,0.06744002144929688
400,e_demand,2030,17,16,16,0.06744002144929688
401,e_demand,2030,17,17,17,0.06744002144929688
402,e_demand,2030,17,18,18,0.06744002144929688
403,e_demand,2030,17,19,19,0.06744002144929688
404,e_demand,2030,17,20,20,0.06744002144929688
405,e_demand,2030,17,21,21,0.06744002144929688
406,e_demand,2030,17,22,22,0.06744002144929688
407,e_demand,2030,17,23,23,0.06744002144929688
408,e_demand,2030,17,24,24,0.06744002144929688
409,e_demand,2030,18,1,1,0.025
410,e_demand,2030,18,2,2,0.025
411,e_demand,2030,18,3,3,0.025
412,e_demand,2030,18,4,4,0.025
413,e_demand,2030,18,5,5,0.025
414,e_demand,2030,18,6,6,0.025
415,e_demand,2030,18,7,7,0.035
416,e_demand,2030,18,8,8,0.035
417,e_demand,2030,18,9,9,0.025
418,e_demand,2030,18,10,10,0.025
419,e_demand,2030,18,11,11,0.025
420,e_demand,2030,18,12,12,0.025
421,e_demand,2030,18,13,13,0.025
422,e_demand,2030,18,14,14,0.025
423,e_demand,2030,18,15,15,0.025
424,e_demand,2030,18,16,16,0.025
425,e_demand,2030,18,17,17,0.025
426,e_demand,2030,18,18,18,0.025
427,e_demand,2030,18,19,19,0.035
428,e_demand,2030,18,20,20,0.035
429,e_demand,2030,18,21,21,0.035
430,e_demand,2030,18,22,22,0.025
431,e_demand,2030,18,23,23,0.025
432,e_demand,2030,18,24,24,0.025
433,e_demand,2030,19,1,1,0.025
434,e_demand,2030,19,2,2,0.025
435,e_demand,2030,19,3,3,0.025
436,e_demand,2030,19,4,4,0.025
437,e_demand,2030,19,5,5,0.025
438,e_demand,2030,19,6,6,0.025
439,e_demand,2030,19,7,7,0.025
440,e_demand,2030,19,8,8,0.025
441,e_demand,2030,19,9,9,0.025
442,e_demand,2030,19,10,10,0.025
443,e_demand,2030,19,11,11,0.025
444,e_demand,2030,19,12,12,0.025
445,e_demand,2030,19,13,13,0.025
446,e_demand,2030,19,14,14,0.025
447,e_demand,2030,19,15,15,0.025
448,e_demand,2030,19,16,16,0.025
449,e_demand,2030,19,17,17,0.025
450,e_demand,2030,19,18,18,0.025
451,e_demand,2030,19,19,19,0.025
452,e_demand,2030,19,20,20,0.025
453,e_demand,2030,19,21,21,0.025
454,e_demand,2030,19,22,22,0.025
455,e_demand,2030,19,23,23,0.025
456,e_demand,2030,19,24,24,0.025
457,e_demand,2030,20,1,1,0.025831568755587387
458,e_demand,2030,20,2,2,0.025831568755587387
459,e_demand,2030,20,3,3,0.025831568755587387
460,e_demand,2030,20,4,4,0.025831568755587387
461,e_demand,2030,20,5,5,0.025831568755587387
462,e_demand,2030,20,6,6,0.025831568755587387
463,e_demand,2030,20,7,7,0.025831568755587387
464,e_demand,2030,20,8,8,0.025831568755587387
465,e_demand,2030,20,9,9,0.025831568755587387
466,e_demand,2030,20,10,10,0.025831568755587387
467,e_demand,2030,20,11,11,0.025831568755587387
468,e_demand,2030,20,12,12,0.025831568755587387
469,e_demand,2030,20,13,13,0.025831568755587387
470,e_demand,2030,20,14,14,0.025831568755587387
471,e_demand,2030,20,15,15,0.025831568755587387
472,e_demand,2030,20,16,16,0.025831568755587387
473,e_demand,2030,20,17,17,0.03616419625782234
474,e_demand,2030,20,18,18,0.03616419625782234
475,e_demand,2030,20,19,19,0.03616419625782234
476,e_demand,2030,20,20,20,0.03616419625782234
477,e_demand,2030,20,21,21,0.03616419625782234
478,e_demand,2030,20,22,22,0.03616419625782234
479,e_demand,2030,20,23,23,0.025831568755587387
480,e_demand,2030,20,24,24,0.025831568755587387
481,e_demand,2030,21,1,1,0.025
482,e_demand,2030,21,2,2,0.025
483,e_demand,2030,21,3,3,0.025
484,e_demand,2030,21,4,4,0.025
485,e_demand,2030,21,5,5,0.025
486,e_demand,2030,21,6,6,0.025
487,e_demand,2030,21,7,7,0.025
488,e_demand,2030,21,8,8,0.025
489,e_demand,2030,21,9,9,0.025
490,e_demand,2030,21,10,10,0.025
491,e_demand,2030,21,11,11,0.025
492,e_demand,2030,21,12,12,0.025
493,e_demand,2030,21,13,13,0.025
494,e_demand,2030,21,14,14,0.025
495,e_demand,2030,21,15,15,0.025
496,e_demand,2030,21,16,16,0.025
497,e_demand,2030,21,17,17,0.025
498,e_demand,2030,21,18,18,0.025
499,e_demand,2030,21,19,19,0.025
500,e_demand,2030,21,20,20,0.035
501,e_demand,2030,21,21,21,0.035
502,e_demand,2030,21,22,22,0.025
503,e_demand,2030,21,23,23,0.025
504,e_demand,2030,21,24,24,0.025
505,e_demand,2030,22,1,1,0.025
506,e_demand,2030,22,2,2,0.025
507,e_demand,2030,22,3,3,0.025
508,e_demand,2030,22,4,4,0.025
509,e_demand,2030,22,5,5,0.025
510,e_demand,2030,22,6,6,0.025
511,e_demand,2030,22,7,7,0.025
512,e_demand,2030,22,8,8,0.025
513,e_demand,2030,22,9,9,0.025
514,e_demand,2030,22,10,10,0.025
515,e_demand,2030,22,11,11,0.025
516,e_demand,2030,22,12,12,0.025
517,e_demand,2030,22,13,13,0.025
518,e_demand,2030,22,14,14,0.025
519,e_demand,2030,22,15,15,0.025
520,e_demand,2030,22,16,16,0.025
521,e_demand,2030,22,17,17,0.025
522,e_demand,2030,22,18,18,0.025
523,e_demand,2030,22,19,19,0.035
524,e_demand,2030,22,20,20,0.035
525,e_demand,2030,22,21,21,0.035
526,e_demand,2030,22,22,22,0.025
527,e_demand,2030,22,23,23,0.025
528,e_demand,2030,22,24,24,0.025
529,e_demand,2030,23,1,1,0.025
530,e_demand,2030,23,2,2,0.025
531,e_demand,2030,23,3,3,0.025
532,e_demand,2030,23,4,4,0.025
533,e_demand,2030,23,5,5,0.025
534,e_demand,2030,23,6,6,0.025
535,e_demand,2030,23,7,7,0.025
536,e_demand,2030,23,8,8,0.025
537,e_demand,2030,23,9,9,0.025
538,e_demand,2030,23,10,10,0.025
539,e_demand,2030,23,11,11,0.025
540,e_demand,2030,23,12,12,0.025
541,e_demand,2030,23,13,13,0.025
542,e_demand,2030,23,14,14,0.025
543,e_demand,2030,23,15,15,0.025
544,e_demand,2030,23,16,16,0.025
545,e_demand,2030,23,17,17,0.025
546,e_demand,2030,23,18,18,0.025
547,e_demand,2030,23,19,19,0.035
548,e_demand,2030,23,20,20,0.035
549,e_demand,2030,23,21,21,0.035
550,e_demand,2030,23,22,22,0.035
551,e_demand,2030,23,23,23,0.025
552,e_demand,2030,23,24,24,0.025
553,e_demand,2030,24,1,1,0.025
554,e_demand,2030,24,2,2,0.025
555,e_demand,2030,24,3,3,0.025
556,e_demand,2030,24,4,4,0.025
557,e_demand,2030,24,5,5,0.025
558,e_demand,2030,24,6,6,0.025
559,e_demand,2030,24,7,7,0.025
560,e_demand,2030,24,8,8,0.025
561,e_demand,2030,24,9,9,0.025
562,e_demand,2030,24,10,10,0.025
563,e_demand,2030,24,11,11,0.025
564,e_demand,2030,24,12,12,0.025
565,e_demand,2030,24,13,13,0.025
566,e_demand,2030,24,14,14,0.025
567,e_demand,2030,24,15,15,0.025
568,e_demand,2030,24,16,16,0.025
569,e_demand,2030,24,17,17,0.025
570,e_demand,2030,24,18,18,0.025
571,e_demand,2030,24,19,19,0.025
572,e_demand,2030,24,20,20,0.025
573,e_demand,2030,24,21,21,0.025
574,e_demand,2030,24,22,22,0.025
575,e_demand,2030,24,23,23,0.025
576,e_demand,2030,24,24,24,0.025
577,e_demand,2030,25,1,1,0.025
578,e_demand,2030,25,2,2,0.025
579,e_demand,2030,25,3,3,0.025
580,e_demand,2030,25,4,4,0.025
581,e_demand,2030,25,5,5,0.025
582,e_demand,2030,25,6,6,0.035
583,e_demand,2030,25,7,7,0.035
584,e_demand,2030,25,8,8,0.035
585,e_demand,2030,25,9,9,0.035
586,e_demand,2030,25,10,10,0.035
587,e_demand,2030,25,11,11,0.035
588,e_demand,2030,25,12,12,0.035
589,e_demand,2030,25,13,13,0.035
590,e_demand,2030,25,14,14,0.035
591,e_demand,2030,25,15,15,0.035
592,e_demand,2030,25,16,16,0.035
593,e_demand,2030,25,17,17,0.035
594,e_demand,2030,25,18,18,0.035
595,e_demand,2030,25,19,19,0.035
596,e_demand,2030,25,20,20,0.035
597,e_demand,2030,25,21,21,0.035
598,e_demand,2030,25,22,22,0.035
599,e_demand,2030,25,23,23,0.025
600,e_demand,2030,25,24,24,0.025
601,e_demand,2030,26,1,1,0.04919798113975347
602,e_demand,2030,26,2,2,0.04919798113975347
603,e_demand,2030,26,3,3,0.04919798113975347
604,e_demand,2030,26,4,4,0.04919798113975347
605,e_demand,2030,26,5,5,0.04919798113975347
606,e_demand,2030,26,6,6,0.04919798113975347
607,e_demand,2030,26,7,7,0.04919798113975347
608,e_demand,2030,26,8,8,0.04919798113975347
609,e_demand,2030,26,9,9,0.04919798113975347
610,e_demand,2030,26,10,10,0.04919798113975347
611,e_demand,2030,26,11,11,0.04919798113975347
612,e_demand,2030,26,12,12,0.04919798113975347
613,e_demand,2030,26,13,13,0.04919798113975347
614,e_demand,2030,26,14,14,0.04919798113975347
615,e_demand,2030,26,15,15,0.04919798113975347
616,e_demand,2030,26,16,16,0.04919798113975347
617,e_demand,2030,26,17,17,0.04919798113975347
618,e_demand,2030,26,18,18,0.04919798113975347
619,e_demand,2030,26,19,19,0.04919798113975347
620,e_demand,2030,26,20,20,0.04919798113975347
621,e_demand,2030,26,21,21,0.04919798113975347
622,e_demand,2030,26,22,22,0.04919798113975347
623,e_demand,2030,26,23,23,0.04919798113975347
624,e_demand,2030,26,24,24,0.04919798113975347
625,e_demand,2030,27,1,1,0.025
626,e_demand,2030,27,2,2,0.025
627,e_demand,2030,27,3,3,0.025
628,e_demand,2030,27,4,4,0.025
629,e_demand,2030,27,5,5,0.025
630,e_demand,2030,27,6,6,0.025
631,e_demand,2030,27,7,7,0.025
632,e_demand,2030,27,8,8,0.025
633,e_demand,2030,27,9,9,0.025
634,e_demand,2030,27,10,10,0.025
635,e_demand,2030,27,11,11,0.025
636,e_demand,2030,27,12,12,0.025
637,e_demand,2030,27,13,13,0.025
638,e_demand,2030,27,14,14,0.025
639,e_demand,2030,27,15,15,0.025
640,e_demand,2030,27,16,16,0.025
641,e_demand,2030,27,17,17,0.025
642,e_demand,2030,27,18,18,0.035
643,e_demand,2030,27,19,19,0.035
644,e_demand,2030,27,20,20,0.035
645,e_demand,2030,27,21,21,0.035
646,e_demand,2030,27,22,22,0.035
647,e_demand,2030,27,23,23,0.035
648,e_demand,2030,27,24,24,0.035
649,e_demand,2030,28,1,1,0.025267145031230794
650,e_demand,2030,28,2,2,0.025267145031230794
651,e_demand,2030,28,3,3,0.025267145031230794
652,e_demand,2030,28,4,4,0.025267145031230794
653,e_demand,2030,28,5,5,0.025267145031230794
654,e_demand,2030,28,6,6,0.025267145031230794
655,e_demand,2030,28,7,7,0.025267145031230794
656,e_demand,2030,28,8,8,0.025267145031230794
657,e_demand,2030,28,9,9,0.025267145031230794
658,e_demand,2030,28,10,10,0.025267145031230794
659,e_demand,2030,28,11,11,0.025267145031230794
660,e_demand,2030,28,12,12,0.025267145031230794
661,e_demand,2030,28,13,13,0.025267145031230794
662,e_demand,2030,28,14,14,0.025267145031230794
663,e_demand,2030,28,15,15,0.025267145031230794
664,e_demand,2030,28,16,16,0.025267145031230794
665,e_demand,2030,28,17,17,0.025267145031230794
666,e_demand,2030,28,18,18,0.025267145031230794
667,e_demand,2030,28,19,19,0.03537400304372311
668,e_demand,2030,28,20,20,0.03537400304372311
669,e_demand,2030,28,21,21,0.03537400304372311
670,e_demand,2030,28,22,22,0.025267145031230794
671,e_demand,2030,28,23,23,0.025267145031230794
672,e_demand,2030,28,24,24,0.025267145031230794
673,e_demand,2030,29,1,1,0.025
674,e_demand,2030,29,2,2,0.025
675,e_demand,2030,29,3,3,0.025
676,e_demand,2030,29,4,4,0.025
677,e_demand,2030,29,5,5,0.025
678,e_demand,2030,29,6,6,0.025
679,e_demand,2030,29,7,7,0.025
680,e_demand,2030,29,8,8,0.025
681,e_demand,2030,29,9,9,0.025
682,e_demand,2030,29,10,10,0.025
683,e_demand,2030,29,11,11,0.025
684,e_demand,2030,29,12,12,0.025
685,e_demand,2030,29,13,13,0.025
686,e_demand,2030,29,14,14,0.025
687,e_demand,2030,29,15,15,0.025
688,e_demand,2030,29,16,16,0.025
689,e_demand,2030,29,17,17,0.025
690,e_demand,2030,29,18,18,0.025
691,e_demand,2030,29,19,19,0.025
692,e_demand,2030,29,20,20,0.025
693,e_demand,2030,29,21,21,0.025
694,e_demand,2030,29,22,22,0.025
695,e_demand,2030,29,23,23,0.025
696,e_demand,2030,29,24,24,0.025
697,e_demand,2030,30,1,1,0.025
698,e_demand,2030,30,2,2,0.025
699,e_demand,2030,30,3,3,0.025
700,e_demand,2030,30,4,4,0.025
701,e_demand,2030,30,5,5,0.025
702,e_demand,2030,30,6,6,0.025
703,e_demand,2030,30,7,7,0.025
704,e_demand,2030,30,8,8,0.025
705,e_demand,2030,30,9,9,0.025
706,e_demand,2030,30,10,10,0.025
707,e_demand,2030,30,11,11,0.025
708,e_demand,2030,30,12,12,0.025
709,e_demand,2030,30,13,13,0.025
710,e_demand,2030,30,14,14,0.025
711,e_demand,2030,30,15,15,0.025
712,e_demand,2030,30,16,16,0.025
713,e_demand,2030,30,17,17,0.025
714,e_demand,2030,30,18,18,0.025
715,e_demand,2030,30,19,19,0.035
716,e_demand,2030,30,20,20,0.035
717,e_demand,2030,30,21,21,0.035
718,e_demand,2030,30,22,22,0.025
719,e_demand,2030,30,23,23,0.025
720,e_demand,2030,30,24,24,0.025
721,e_demand,2030,31,1,1,0.025306031616408178
722,e_demand,2030,31,2,2,0.025306031616408178
723,e_demand,2030,31,3,3,0.025306031616408178
724,e_demand,2030,31,4,4,0.025306031616408178
725,e_demand,2030,31,5,5,0.025306031616408178
726,e_demand,2030,31,6,6,0.025306031616408178
727,e_demand,2030,31,7,7,0.03542844426297145
728,e_demand,2030,31,8,8,0.025306031616408178
729,e_demand,2030,31,9,9,0.025306031616408178
730,e_demand,2030,31,10,10,0.025306031616408178
731,e_demand,2030,31,11,11,0.025306031616408178
732,e_demand,2030,31,12,12,0.025306031616408178
733,e_demand,2030,31,13,13,0.025306031616408178
734,e_demand,2030,31,14,14,0.025306031616408178
735,e_demand,2030,31,15,15,0.025306031616408178
736,e_demand,2030,31,16,16,0.025306031616408178
737,e_demand,2030,31,17,17,0.03542844426297145
738,e_demand,2030,31,18,18,0.03542844426297145
739,e_demand,2030,31,19,19,0.03542844426297145
740,e_demand,2030,31,20,20,0.03542844426297145
741,e_demand,2030,31,21,21,0.03542844426297145
742,e_demand,2030,31,22,22,0.03542844426297145
743,e_demand,2030,31,23,23,0.025306031616408178
744,e_demand,2030,31,24,24,0.025306031616408178
745,e_demand,2030,32,1,1,0.04695711538676876
746,e_demand,2030,32,2,2,0.04695711538676876
747,e_demand,2030,32,3,3,0.04695711538676876
748,e_demand,2030,32,4,4,0.04695711538676876
749,e_demand,2030,32,5,5,0.04695711538676876
750,e_demand,2030,32,6,6,0.04695711538676876
751,e_demand,2030,32,7,7,0.04695711538676876
752,e_demand,2030,32,8,8,0.04695711538676876
753,e_demand,2030,32,9,9,0.04695711538676876
754,e_demand,2030,32,10,10,0.04695711538676876
755,e_demand,2030,32,11,11,0.04695711538676876
756,e_demand,2030,32,12,12,0.04695711538676876
757,e_demand,2030,32,13,13,0.04695711538676876
758,e_demand,2030,32,14,14,0.04695711538676876
759,e_demand,2030,32,15,15,0.04695711538676876
760,e_demand,2030,32,16,16,0.04695711538676876
761,e_demand,2030,32,17,17,0.04695711538676876
762,e_demand,2030,32,18,18,0.04695711538676876
763,e_demand,2030,32,19,19,0.04695711538676876
764,e_demand,2030,32,20,20,0.04695711538676876
765,e_demand,2030,32,21,21,0.04695711538676876
766,e_demand,2030,32,22,22,0.04695711538676876
767,e_demand,2030,32,23,23,0.04695711538676876
768,e_demand,2030,32,24,24,0.04695711538676876
769,e_demand,2030,33,1,1,0.09356933671789901
770,e_demand,2030,33,2,2,0.09356933671789901
771,e_demand,2030,33,3,3,0.09356933671789901
772,e_demand,2030,33,4,4,0.09356933671789901
773,e_demand,2030,33,5,5,0.09356933671789901
774,e_demand,2030,33,6,6,0.09356933671789901
775,e_demand,2030,33,7,7,0.09356933671789901
776,e_demand,2030,33,8,8,0.09356933671789901
777,e_demand,2030,33,9,9,0.09356933671789901
778,e_demand,2030,33,10,10,0.09356933671789901
779,e_demand,2030,33,11,11,0.09356933671789901
780,e_demand,2030,33,12,12,0.09356933671789901
781,e_demand,2030,33,13,13,0.09356933671789901
782,e_demand,2030,33,14,14,0.09356933671789901
783,e_demand,2030,33,15,15,0.09356933671789901
784,e_demand,2030,33,16,16,0.09356933671789901
785,e_demand,2030,33,17,17,0.09356933671789901
786,e_demand,2030,33,18,18,0.09356933671789901
787,e_demand,2030,33,19,19,0.09356933671789901
788,e_demand,2030,33,20,20,0.09356933671789901
789,e_demand,2030,33,21,21,0.09356933671789901
790,e_demand,2030,33,22,22,0.09356933671789901
791,e_demand,2030,33,23,23,0.09356933671789901
792,e_demand,2030,33,24,24,0.09356933671789901
793,e_demand,2030,34,1,1,0.04717811201143266
794,e_demand,2030,34,2,2,0.04717811201143266
795,e_demand,2030,34,3,3,0.04717811201143266
796,e_demand,2030,34,4,4,0.04717811201143266
797,e_demand,2030,34,5,5,0.04717811201143266
798,e_demand,2030,34,6,6,0.04717811201143266
799,e_demand,2030,34,7,7,0.04717811201143266
800,e_demand,2030,34,8,8,0.04717811201143266
801,e_demand,2030,34,9,9,0.04717811201143266
802,e_demand,2030,34,10,10,0.04717811201143266
803,e_demand,2030,34,11,11,0.04717811201143266
804,e_demand,2030,34,12,12,0.04717811201143266
805,e_demand,2030,34,13,13,0.04717811201143266
806,e_demand,2030,34,14,14,0.04717811201143266
807,e_demand,2030,34,15,15,0.04717811201143266
808,e_demand,2030,34,16,16,0.04717811201143266
809,e_demand,2030,34,17,17,0.04717811201143266
810,e_demand,2030,34,18,18,0.04717811201143266
811,e_demand,2030,34,19,19,0.04717811201143266
812,e_demand,2030,34,20,20,0.04717811201143266
813,e_demand,2030,34,21,21,0.04717811201143266
814,e_demand,2030,34,22,22,0.04717811201143266
815,e_demand,2030,34,23,23,0.04717811201143266
816,e_demand,2030,34,24,24,0.04717811201143266
817,e_demand,2030,35,1,1,0.23450918569675883
818,e_demand,2030,35,2,2,0.23450918569675883
819,e_demand,2030,35,3,3,0.23450918569675883
820,e_demand,2030,35,4,4,0.23450918569675883
821,e_demand,2030,35,5,5,0.23450918569675883
822,e_demand,2030,35,6,6,0.23450918569675883
823,e_demand,2030,35,7,7,0.23450918569675883
824,e_demand,2030,35,8,8,0.23450918569675883
825,e_demand,2030,35,9,9,0.23450918569675883
826,e_demand,2030,35,10,10,0.23450918569675883
827,e_demand,2030,35,11,11,0.23450918569675883
828,e_demand,2030,35,12,12,0.23450918569675883
829,e_demand,2030,35,13,13,0.23450918569675883
830,e_demand,2030,35,14,14,0.23450918569675883
831,e_demand,2030,35,15,15,0.23450918569675883
832,e_demand,2030,35,16,16,0.23450918569675883
833,e_demand,2030,35,17,17,0.23450918569675883
834,e_demand,2030,35,18,18,0.23450918569675883
835,e_demand,2030,35,19,19,0.23450918569675883
836,e_demand,2030,35,20,20,0.23450918569675883
837,e_demand,2030,35,21,21,0.23450918569675883
838,e_demand,2030,35,22,22,0.23450918569675883
839,e_demand,2030,35,23,23,0.23450918569675883
840,e_demand,2030,35,24,24,0.23450918569675883
841,e_demand,2030,36,1,1,0.025
842,e_demand,2030,36,2,2,0.025
843,e_demand,2030,36,3,3,0.025
844,e_demand,2030,36,4,4,0.025
845,e_demand,2030,36,5,5,0.025
846,e_demand,2030,36,6,6,0.025
847,e_demand,2030,36,7,7,0.035
848,e_demand,2030,36,8,8,0.035
849,e_demand,2030,36,9,9,0.025
850,e_demand,2030,36,10,10,0.025
851,e_demand,2030,36,11,11,0.025
852,e_demand,2030,36,12,12,0.025
853,e_demand,2030,36,13,13,0.025
854,e_demand,2030,36,14,14,0.025
855,e_demand,2030,36,15,15,0.025
856,e_demand,2030,36,16,16,0.025
857,e_demand,2030,36,17,17,0.025
858,e_demand,2030,36,18,18,0.025
859,e_demand,2030,36,19,19,0.025
860,e_demand,2030,36,20,20,0.025
861,e_demand,2030,36,21,21,0.025
862,e_demand,2030,36,22,22,0.025
863,e_demand,2030,36,23,23,0.025
864,e_demand,2030,36,24,24,0.025
865,e_demand,2030,37,1,1,0.025
866,e_demand,2030,37,2,2,0.025
867,e_demand,2030,37,3,3,0.025
868,e_demand,2030,37,4,4,0.025
869,e_demand,2030,37,5,5,0.025
870,e_demand,2030,37,6,6,0.025
871,e_demand,2030,37,7,7,0.025
872,e_demand,2030,37,8,8,0.025
873,e_demand,2030,37,9,9,0.025
874,e_demand,2030,37,10,10,0.025
875,e_demand,2030,37,11,11,0.025
876,e_demand,2030,37,12,12,0.025
877,e_demand,2030,37,13,13,0.025
878,e_demand,2030,37,14,14,0.025
879,e_demand,2030,37,15,15,0.025
880,e_demand,2030,37,16,16,0.025
881,e_demand,2030,37,17,17,0.025
882,e_demand,2030,37,18,18,0.025
883,e_demand,2030,37,19,19,0.025
884,e_demand,2030,37,20,20,0.025
885,e_demand,2030,37,21,21,0.025
886,e_demand,2030,37,22,22,0.025
887,e_demand,2030,37,23,23,0.025
888,e_demand,2030,37,24,24,0.025
889,e_demand,2030,38,1,1,0.025
890,e_demand,2030,38,2,2,0.025
891,e_demand,2030,38,3,3,0.025
892,e_demand,2030,38,4,4,0.025
893,e_demand,2030,38,5,5,0.025
894,e_demand,2030,38,6,6,0.025
895,e_demand,2030,38,7,7,0.025
896,e_demand,2030,38,8,8,0.035
897,e_demand,2030,38,9,9,0.035
898,e_demand,2030,38,10,10,0.025
899,e_demand,2030,38,11,11,0.025
900,e_demand,2030,38,12,12,0.025
901,e_demand,2030,38,13,13,0.025
902,e_demand,2030,38,14,14,0.025
903,e_demand,2030,38,15,15,0.025
904,e_demand,2030,38,16,16,0.025
905,e_demand,2030,38,17,17,0.025
906,e_demand,2030,38,18,18,0.035
907,e_demand,2030,38,19,19,0.035
908,e_demand,2030,38,20,20,0.035
909,e_demand,2030,38,21,21,0.035
910,e_demand,2030,38,22,22,0.035
911,e_demand,2030,38,23,23,0.035
912,e_demand,2030,38,24,24,0.025
913,e_demand,2030,39,1,1,0.04999322662598969
914,e_demand,2030,39,2,2,0.04999322662598969
915,e_demand,2030,39,3,3,0.04999322662598969
916,e_demand,2030,39,4,4,0.04999322662598969
917,e_demand,2030,39,5,5,0.04999322662598969
918,e_demand,2030,39,6,6,0.04999322662598969
919,e_demand,2030,39,7,7,0.04999322662598969
920,e_demand,2030,39,8,8,0.04999322662598969
921,e_demand,2030,39,9,9,0.04999322662598969
922,e_demand,2030,39,10,10,0.04999322662598969
923,e_demand,2030,39,11,11,0.04999322662598969
924,e_demand,2030,39,12,12,0.04999322662598969
925,e_demand,2030,39,13,13,0.04999322662598969
926,e_demand,2030,39,14,14,0.04999322662598969
927,e_demand,2030,39,15,15,0.04999322662598969
928,e_demand,2030,39,16,16,0.04999322662598969
929,e_demand,2030,39,17,17,0.04999322662598969
930,e_demand,2030,39,18,18,0.04999322662598969
931,e_demand,2030,39,19,19,0.04999322662598969
932,e_demand,2030,39,20,20,0.04999322662598969
933,e_demand,2030,39,21,21,0.04999322662598969
934,e_demand,2030,39,22,22,0.04999322662598969
935,e_demand,2030,39,23,23,0.04999322662598969
936,e_demand,2030,39,24,24,0.04999322662598969
937,e_demand,2030,40,1,1,0.047669744749148174
938,e_demand,2030,40,2,2,0.047669744749148174
939,e_demand,2030,40,3,3,0.047669744749148174
940,e_demand,2030,40,4,4,0.047669744749148174
941,e_demand,2030,40,5,5,0.047669744749148174
942,e_demand,2030,40,6,6,0.047669744749148174
943,e_demand,2030,40,7,7,0.047669744749148174
944,e_demand,2030,40,8,8,0.047669744749148174
945,e_demand,2030,40,9,9,0.047669744749148174
946,e_demand,2030,40,10,10,0.047669744749148174
947,e_demand,2030,40,11,11,0.047669744749148174
948,e_demand,2030,40,12,12,0.047669744749148174
949,e_demand,2030,40,13,13,0.047669744749148174
950,e_demand,2030,40,14,14,0.047669744749148174
951,e_demand,2030,40,15,15,0.047669744749148174
952,e_demand,2030,40,16,16,0.047669744749148174
953,e_demand,2030,40,17,17,0.047669744749148174
954,e_demand,2030,40,18,18,0.047669744749148174
955,e_demand,2030,40,19,19,0.06673764264880744
956,e_demand,2030,40,20,20,0.06673764264880744
957,e_demand,2030,40,21,21,0.06673764264880744
958,e_demand,2030,40,22,22,0.047669744749148174
959,e_demand,2030,40,23,23,0.047669744749148174
960,e_demand,2030,40,24,24,0.047669744749148174
961,e_demand,2030,41,1,1,0.08845310720665178
962,e_demand,2030,41,2,2,0.08845310720665178
963,e_demand,2030,41,3,3,0.08845310720665178
964,e_demand,2030,41,4,4,0.08845310720665178
965,e_demand,2030,41,5,5,0.08845310720665178
966,e_demand,2030,41,6,6,0.08845310720665178
967,e_demand,2030,41,7,7,0.08845310720665178
968,e_demand,2030,41,8,8,0.08845310720665178
969,e_demand,2030,41,9,9,0.08845310720665178
970,e_demand,2030,41,10,10,0.08845310720665178
971,e_demand,2030,41,11,11,0.08845310720665178
972,e_demand,2030,41,12,12,0.08845310720665178
973,e_demand,2030,41,13,13,0.08845310720665178
974,e_demand,2030,41,14,14,0.08845310720665178
975,e_demand,2030,41,15,15,0.08845310720665178
976,e_demand,2030,41,16,16,0.08845310720665178
977,e_demand,2030,41,17,17,0.08845310720665178
978,e_demand,2030,41,18,18,0.12383435008931251
979,e_demand,2030,41,19,19,0.12383435008931251
980,e_demand,2030,41,20,20,0.12383435008931251
981,e_demand,2030,41,21,21,0.12383435008931251
982,e_demand,2030,41,22,22,0.08845310720665178
983,e_demand,2030,41,23,23,0.08845310720665178
984,e_demand,2030,41,24,24,0.08845310720665178
985,e_demand,2030,42,1,1,0.025
986,e_demand,2030,42,2,2,0.025
987,e_demand,2030,42,3,3,0.025
988,e_demand,2030,42,4,4,0.025
989,e_demand,2030,42,5,5,0.025
990,e_demand,2030,42,6,6,0.025
991,e_demand,2030,42,7,7,0.025
992,e_demand,2030,42,8,8,0.025
993,e_demand,2030,42,9,9,0.025
994,e_demand,2030,42,10,10,0.025
995,e_demand,2030,42,11,11,0.025
996,e_demand,2030,42,12,12,0.025
997,e_demand,2030,42,13,13,0.025
998,e_demand,2030,42,14,14,0.025
999,e_demand,2030,42,15,15,0.025
1000,e_demand,2030,42,16,16,0.025
1001,e_demand,2030,42,17,17,0.025
1002,e_demand,2030,42,18,18,0.025
1003,e_demand,2030,42,19,19,0.025
1004,e_demand,2030,42,20,20,0.025
1005,e_demand,2030,42,21,21,0.025
1006,e_demand,2030,42,22,22,0.025
1007,e_demand,2030,42,23,23,0.025
1008,e_demand,2030,42,24,24,0.025
1009,e_demand,2030,43,1,1,0.06799749070362555
1010,e_demand,2030,43,2,2,0.06799749070362555
1011,e_demand,2030,43,3,3,0.06799749070362555
1012,e_demand,2030,43,4,4,0.06799749070362555
1013,e_demand,2030,43,5,5,0.06799749070362555
1014,e_demand,2030,43,6,6,0.06799749070362555
1015,e_demand,2030,43,7,7,0.06799749070362555
1016,e_demand,2030,43,8,8,0.06799749070362555
1017,e_demand,2030,43,9,9,0.06799749070362555
1018,e_demand,2030,43,10,10,0.06799749070362555
1019,e_demand,2030,43,11,11,0.06799749070362555
1020,e_demand,2030,43,12,12,0.06799749070362555
1021,e_demand,2030,43,13,13,0.06799749070362555
1022,e_demand,2030,43,14,14,0.06799749070362555
1023,e_demand,2030,43,15,15,0.06799749070362555
1024,e_demand,2030,43,16,16,0.06799749070362555
1025,e_demand,2030,43,17,17,0.06799749070362555
1026,e_demand,2030,43,18,18,0.06799749070362555
1027,e_demand,2030,43,19,19,0.06799749070362555
1028,e_demand,2030,43,20,20,0.06799749070362555
1029,e_demand,2030,43,21,21,0.06799749070362555
1030,e_demand,2030,43,22,22,0.06799749070362555
1031,e_demand,2030,43,23,23,0.06799749070362555
1032,e_demand,2030,43,24,24,0.06799749070362555
1033,e_demand,2030,44,1,1,0.1578128880194609
1034,e_demand,2030,44,2,2,0.1578128880194609
1035,e_demand,2030,44,3,3,0.1578128880194609
1036,e_demand,2030,44,4,4,0.1578128880194609
1037,e_demand,2030,44,5,5,0.1578128880194609
1038,e_demand,2030,44,6,6,0.1578128880194609
1039,e_demand,2030,44,7,7,0.1578128880194609
1040,e_demand,2030,44,8,8,0.1578128880194609
1041,e_demand,2030,44,9,9,0.1578128880194609
1042,e_demand,2030,44,10,10,0.1578128880194609
1043,e_demand,2030,44,11,11,0.1578128880194609
1044,e_demand,2030,44,12,12,0.1578128880194609
1045,e_demand,2030,44,13,13,0.1578128880194609
1046,e_demand,2030,44,14,14,0.1578128880194609
1047,e_demand,2030,44,15,15,0.1578128880194609
1048,e_demand,2030,44,16,16,0.1578128880194609
1049,e_demand,2030,44,17,17,0.1578128880194609
1050,e_demand,2030,44,18,18,0.1578128880194609
1051,e_demand,2030,44,19,19,0.1578128880194609
1052,e_demand,2030,44,20,20,0.1578128880194609
1053,e_demand,2030,44,21,21,0.1578128880194609
1054,e_demand,2030,44,22,22,0.1578128880194609
1055,e_demand,2030,44,23,23,0.1578128880194609
1056,e_demand,2030,44,24,24,0.1578128880194609
1057,e_demand,2030,45,1,1,0.058980711088731264
1058,e_demand,2030,45,2,2,0.058980711088731264
1059,e_demand,2030,45,3,3,0.058980711088731264
1060,e_demand,2030,45,4,4,0.058980711088731264
1061,e_demand,2030,45,5,5,0.058980711088731264
1062,e_demand,2030,45,6,6,0.058980711088731264
1063,e_demand,2030,45,7,7,0.058980711088731264
1064,e_demand,2030,45,8,8,0.058980711088731264
1065,e_demand,2030,45,9,9,0.058980711088731264
1066,e_demand,2030,45,10,10,0.058980711088731264
1067,e_demand,2030,45,11,11,0.058980711088731264
1068,e_demand,2030,45,12,12,0.058980711088731264
1069,e_demand,2030,45,13,13,0.058980711088731264
1070,e_demand,2030,45,14,14,0.058980711088731264
1071,e_demand,2030,45,15,15,0.058980711088731264
1072,e_demand,2030,45,16,16,0.058980711088731264
1073,e_demand,2030,45,17,17,0.058980711088731264
1074,e_demand,2030,45,18,18,0.058980711088731264
1075,e_demand,2030,45,19,19,0.058980711088731264
1076,e_demand,2030,45,20,20,0.058980711088731264
1077,e_demand,2030,45,21,21,0.058980711088731264
1078,e_demand,2030,45,22,22,0.058980711088731264
1079,e_demand,2030,45,23,23,0.058980711088731264
1080,e_demand,2030,45,24,24,0.058980711088731264
1081,e_demand,2030,46,1,1,0.04551013872900487
1082,e_demand,2030,46,2,2,0.04551013872900487
1083,e_demand,2030,46,3,3,0.04551013872900487
1084,e_demand,2030,46,4,4,0.04551013872900487
1085,e_demand,2030,46,5,5,0.04551013872900487
1086,e_demand,2030,46,6,6,0.04551013872900487
1087,e_demand,2030,46,7,7,0.04551013872900487
1088,e_demand,2030,46,8,8,0.04551013872900487
1089,e_demand,2030,46,9,9,0.04551013872900487
1090,e_demand,2030,46,10,10,0.04551013872900487
1091,e_demand,2030,46,11,11,0.04551013872900487
1092,e_demand,2030,46,12,12,0.04551013872900487
1093,e_demand,2030,46,13,13,0.04551013872900487
1094,e_demand,2030,46,14,14,0.04551013872900487
1095,e_demand,2030,46,15,15,0.04551013872900487
1096,e_demand,2030,46,16,16,0.04551013872900487
1097,e_demand,2030,46,17,17,0.04551013872900487
1098,e_demand,2030,46,18,18,0.04551013872900487
1099,e_demand,2030,46,19,19,0.04551013872900487
1100,e_demand,2030,46,20,20,0.04551013872900487
1101,e_demand,2030,46,21,21,0.04551013872900487
1102,e_demand,2030,46,22,22,0.04551013872900487
1103,e_demand,2030,46,23,23,0.04551013872900487
1104,e_demand,2030,46,24,24,0.04551013872900487
1105,e_demand,2030,47,1,1,0.2053563822666475
1106,e_demand,2030,47,2,2,0.2053563822666475
1107,e_demand,2030,47,3,3,0.2053563822666475
1108,e_demand,2030,47,4,4,0.2053563822666475
1109,e_demand,2030,47,5,5,0.2053563822666475
1110,e_demand,2030,47,6,6,0.2053563822666475
1111,e_demand,2030,47,7,7,0.2053563822666475
1112,e_demand,2030,47,8,8,0.2053563822666475
1113,e_demand,2030,47,9,9,0.2053563822666475
1114,e_demand,2030,47,10,10,0.2053563822666475
1115,e_demand,2030,47,11,11,0.2053563822666475
1116,e_demand,2030,47,12,12,0.2053563822666475
1117,e_demand,2030,47,13,13,0.2053563822666475
1118,e_demand,2030,47,14,14,0.2053563822666475
1119,e_demand,2030,47,15,15,0.2053563822666475
1120,e_demand,2030,47,16,16,0.2053563822666475
1121,e_demand,2030,47,17,17,0.2053563822666475
1122,e_demand,2030,47,18,18,0.2053563822666475
1123,e_demand,2030,47,19,19,0.2053563822666475
1124,e_demand,2030,47,20,20,0.2053563822666475
1125,e_demand,2030,47,21,21,0.2053563822666475
1126,e_demand,2030,47,22,22,0.2053563822666475
1127,e_demand,2030,47,23,23,0.2053563822666475
1128,e_demand,2030,47,24,24,0.2053563822666475
1129,e_demand,2030,48,1,1,0.16038895702580735
1130,e_demand,2030,48,2,2,0.16038895702580735
1131,e_demand,2030,48,3,3,0.16038895702580735
1132,e_demand,2030,48,4,4,0.16038895702580735
1133,e_demand,2030,48,5,5,0.16038895702580735
1134,e_demand,2030,48,6,6,0.16038895702580735
1135,e_demand,2030,48,7,7,0.2245445398361303
1136,e_demand,2030,48,8,8,0.2245445398361303
1137,e_demand,2030,48,9,9,0.16038895702580735
1138,e_demand,2030,48,10,10,0.16038895702580735
1139,e_demand,2030,48,11,11,0.16038895702580735
1140,e_demand,2030,48,12,12,0.16038895702580735
1141,e_demand,2030,48,13,13,0.16038895702580735
1142,e_demand,2030,48,14,14,0.16038895702580735
1143,e_demand,2030,48,15,15,0.16038895702580735
1144,e_demand,2030,48,16,16,0.16038895702580735
1145,e_demand,2030,48,17,17,0.16038895702580735
1146,e_demand,2030,48,18,18,0.16038895702580735
1147,e_demand,2030,48,19,19,0.2245445398361303
1148,e_demand,2030,48,20,20,0.2245445398361303
1149,e_demand,2030,48,21,21,0.2245445398361303
1150,e_demand,2030,48,22,22,0.16038895702580735
1151,e_demand,2030,48,23,23,0.16038895702580735
1152,e_demand,2030,48,24,24,0.16038895702580735
1153,e_demand,2030,49,1,1,0.025
1154,e_demand,2030,49,2,2,0.025
1155,e_demand,2030,49,3,3,0.025
1156,e_demand,2030,49,4,4,0.025
1157,e_demand,2030,49,5,5,0.025
1158,e_demand,2030,49,6,6,0.025
1159,e_demand,2030,49,7,7,0.025
1160,e_demand,2030,49,8,8,0.025
1161,e_demand,2030,49,9,9,0.025
1162,e_demand,2030,49,10,10,0.025
1163,e_demand,2030,49,11,11,0.025
1164,e_demand,2030,49,12,12,0.025
1165,e_demand,2030,49,13,13,0.025
1166,e_demand,2030,49,14,14,0.025
1167,e_demand,2030,49,15,15,0.025
1168,e_demand,2030,49,16,16,0.025
1169,e_demand,2030,49,17,17,0.035
1170,e_demand,2030,49,18,18,0.035
1171,e_demand,2030,49,19,19,0.035
1172,e_demand,2030,49,20,20,0.035
1173,e_demand,2030,49,21,21,0.035
1174,e_demand,2030,49,22,22,0.025
1175,e_demand,2030,49,23,23,0.025
1176,e_demand,2030,49,24,24,0.025
1177,e_demand,2030,50,1,1,0.025
1178,e_demand,2030,50,2,2,0.025
1179,e_demand,2030,50,3,3,0.025
1180,e_demand,2030,50,4,4,0.025
1181,e_demand,2030,50,5,5,0.025
1182,e_demand,2030,50,6,6,0.025
1183,e_demand,2030,50,7,7,0.035
1184,e_demand,2030,50,8,8,0.035
1185,e_demand,2030,50,9,9,0.025
1186,e_demand,2030,50,10,10,0.025
1187,e_demand,2030,50,11,11,0.025
1188,e_demand,2030,50,12,12,0.025
1189,e_demand,2030,50,13,13,0.025
1190,e_demand,2030,50,14,14,0.025
1191,e_demand,2030,50,15,15,0.025
1192,e_demand,2030,50,16,16,0.025
1193,e_demand,2030,50,17,17,0.025
1194,e_demand,2030,50,18,18,0.035
1195,e_demand,2030,50,19,19,0.035
1196,e_demand,2030,50,20,20,0.035
1197,e_demand,2030,50,21,21,0.035
1198,e_demand,2030,50,22,22,0.025
1199,e_demand,2030,50,23,23,0.025
1200,e_demand,2030,50,24,24,0.025
1201,e_demand,2030,51,1,1,0.07243280496681469
1202,e_demand,2030,51,2,2,0.07243280496681469
1203,e_demand,2030,51,3,3,0.07243280496681469
1204,e_demand,2030,51,4,4,0.07243280496681469
1205,e_demand,2030,51,5,5,0.07243280496681469
1206,e_demand,2030,51,6,6,0.07243280496681469
1207,e_demand,2030,51,7,7,0.07243280496681469
1208,e_demand,2030,51,8,8,0.07243280496681469
1209,e_demand,2030,51,9,9,0.07243280496681469
1210,e_demand,2030,51,10,10,0.07243280496681469
1211,e_demand,2030,51,11,11,0.07243280496681469
1212,e_demand,2030,51,12,12,0.07243280496681469
1213,e_demand,2030,51,13,13,0.07243280496681469
1214,e_demand,2030,51,14,14,0.07243280496681469
1215,e_demand,2030,51,15,15,0.07243280496681469
1216,e_demand,2030,51,16,16,0.07243280496681469
1217,e_demand,2030,51,17,17,0.07243280496681469
1218,e_demand,2030,51,18,18,0.07243280496681469
1219,e_demand,2030,51,19,19,0.07243280496681469
1220,e_demand,2030,51,20,20,0.07243280496681469
1221,e_demand,2030,51,21,21,0.07243280496681469
1222,e_demand,2030,51,22,22,0.07243280496681469
1223,e_demand,2030,51,23,23,0.07243280496681469
1224,e_demand,2030,51,24,24,0.07243280496681469
1225,e_demand,2030,52,1,1,0.05803136497670698
1226,e_demand,2030,52,2,2,0.05803136497670698
1227,e_demand,2030,52,3,3,0.05803136497670698
1228,e_demand,2030,52,4,4,0.05803136497670698
1229,e_demand,2030,52,5,5,0.05803136497670698
1230,e_demand,2030,52,6,6,0.05803136497670698
1231,e_demand,2030,52,7,7,0.05803136497670698
1232,e_demand,2030,52,8,8,0.05803136497670698
1233,e_demand,2030,52,9,9,0.05803136497670698
1234,e_demand,2030,52,10,10,0.05803136497670698
1235,e_demand,2030,52,11,11,0.05803136497670698
1236,e_demand,2030,52,12,12,0.05803136497670698
1237,e_demand,2030,52,13,13,0.05803136497670698
1238,e_demand,2030,52,14,14,0.05803136497670698
1239,e_demand,2030,52,15,15,0.05803136497670698
1240,e_demand,2030,52,16,16,0.05803136497670698
1241,e_demand,2030,52,17,17,0.05803136497670698
1242,e_demand,2030,52,18,18,0.05803136497670698
1243,e_demand,2030,52,19,19,0.05803136497670698
1244,e_demand,2030,52,20,20,0.05803136497670698
1245,e_demand,2030,52,21,21,0.05803136497670698
1246,e_demand,2030,52,22,22,0.05803136497670698
1247,e_demand,2030,52,23,23,0.05803136497670698
1248,e_demand,2030,52,24,24,0.05803136497670698
1249,e_demand,2030,53,1,1,0.025552162118151048
1250,e_demand,2030,53,2,2,0.025552162118151048
1251,e_demand,2030,53,3,3,0.025552162118151048
1252,e_demand,2030,53,4,4,0.025552162118151048
1253,e_demand,2030,53,5,5,0.025552162118151048
1254,e_demand,2030,53,6,6,0.025552162118151048
1255,e_demand,2030,53,7,7,0.025552162118151048
1256,e_demand,2030,53,8,8,0.025552162118151048
1257,e_demand,2030,53,9,9,0.025552162118151048
1258,e_demand,2030,53,10,10,0.025552162118151048
1259,e_demand,2030,53,11,11,0.025552162118151048
1260,e_demand,2030,53,12,12,0.025552162118151048
1261,e_demand,2030,53,13,13,0.025552162118151048
1262,e_demand,2030,53,14,14,0.025552162118151048
1263,e_demand,2030,53,15,15,0.025552162118151048
1264,e_demand,2030,53,16,16,0.025552162118151048
1265,e_demand,2030,53,17,17,0.025552162118151048
1266,e_demand,2030,53,18,18,0.025552162118151048
1267,e_demand,2030,53,19,19,0.025552162118151048
1268,e_demand,2030,53,20,20,0.025552162118151048
1269,e_demand,2030,53,21,21,0.025552162118151048
1270,e_demand,2030,53,22,22,0.025552162118151048
1271,e_demand,2030,53,23,23,0.025552162118151048
1272,e_demand,2030,53,24,24,0.025552162118151048
1273,e_demand,2030,54,1,1,0.1388671547441361
1274,e_demand,2030,54,2,2,0.1388671547441361
1275,e_demand,2030,54,3,3,0.1388671547441361
1276,e_demand,2030,54,4,4,0.1388671547441361
1277,e_demand,2030,54,5,5,0.1388671547441361
1278,e_demand,2030,54,6,6,0.1388671547441361
1279,e_demand,2030,54,7,7,0.1388671547441361
1280,e_demand,2030,54,8,8,0.1388671547441361
1281,e_demand,2030,54,9,9,0.1388671547441361
1282,e_demand,2030,54,10,10,0.1388671547441361
1283,e_demand,2030,54,11,11,0.1388671547441361
1284,e_demand,2030,54,12,12,0.1388671547441361
1285,e_demand,2030,54,13,13,0.1388671547441361
1286,e_demand,2030,54,14,14,0.1388671547441361
1287,e_demand,2030,54,15,15,0.1388671547441361
1288,e_demand,2030,54,16,16,0.1388671547441361
1289,e_demand,2030,54,17,17,0.1388671547441361
1290,e_demand,2030,54,18,18,0.1388671547441361
1291,e_demand,2030,54,19,19,0.1388671547441361
1292,e_demand,2030,54,20,20,0.1388671547441361
1293,e_demand,2030,54,21,21,0.1388671547441361
1294,e_demand,2030,54,22,22,0.1388671547441361
1295,e_demand,2030,54,23,23,0.1388671547441361
1296,e_demand,2030,54,24,24,0.1388671547441361
1297,e_demand,2030,55,1,1,0.025800805557455703
1298,e_demand,2030,55,2,2,0.025800805557455703
1299,e_demand,2030,55,3,3,0.025800805557455703
1300,e_demand,2030,55,4,4,0.025800805557455703
1301,e_demand,2030,55,5,5,0.025800805557455703
1302,e_demand,2030,55,6,6,0.025800805557455703
1303,e_demand,2030,55,7,7,0.025800805557455703
1304,e_demand,2030,55,8,8,0.025800805557455703
1305,e_demand,2030,55,9,9,0.025800805557455703
1306,e_demand,2030,55,10,10,0.025800805557455703
1307,e_demand,2030,55,11,11,0.025800805557455703
1308,e_demand,2030,55,12,12,0.025800805557455703
1309,e_demand,2030,55,13,13,0.025800805557455703
1310,e_demand,2030,55,14,14,0.025800805557455703
1311,e_demand,2030,55,15,15,0.025800805557455703
1312,e_demand,2030,55,16,16,0.025800805557455703
1313,e_demand,2030,55,17,17,0.025800805557455703
1314,e_demand,2030,55,18,18,0.025800805557455703
1315,e_demand,2030,55,19,19,0.025800805557455703
1316,e_demand,2030,55,20,20,0.025800805557455703
1317,e_demand,2030,55,21,21,0.025800805557455703
1318,e_demand,2030,55,22,22,0.025800805557455703
1319,e_demand,2030,55,23,23,0.025800805557455703
1320,e_demand,2030,55,24,24,0.025800805557455703
1321,e_demand,2030,56,1,1,0.035
1322,e_demand,2030,56,2,2,0.035
1323,e_demand,2030,56,3,3,0.035
1324,e_demand,2030,56,4,4,0.035
1325,e_demand,2030,56,5,5,0.035
1326,e_demand,2030,56,6,6,0.025
1327,e_demand,2030,56,7,7,0.025
1328,e_demand,2030,56,8,8,0.025
1329,e_demand,2030,56,9,9,0.025
1330,e_demand,2030,56,10,10,0.025
1331,e_demand,2030,56,11,11,0.025
1332,e_demand,2030,56,12,12,0.025
1333,e_demand,2030,56,13,13,0.025
1334,e_demand,2030,56,14,14,0.025
1335,e_demand,2030,56,15,15,0.025
1336,e_demand,2030,56,16,16,0.025
1337,e_demand,2030,56,17,17,0.025
1338,e_demand,2030,56,18,18,0.035
1339,e_demand,2030,56,19,19,0.035
1340,e_demand,2030,56,20,20,0.035
1341,e_demand,2030,56,21,21,0.025
1342,e_demand,2030,56,22,22,0.025
1343,e_demand,2030,56,23,23,0.025
1344,e_demand,2030,56,24,24,0.025
1345,e_demand,2030,57,1,1,0.025
1346,e_demand,2030,57,2,2,0.025
1347,e_demand,2030,57,3,3,0.025
1348,e_demand,2030,57,4,4,0.025
1349,e_demand,2030,57,5,5,0.025
1350,e_demand,2030,57,6,6,0.025
1351,e_demand,2030,57,7,7,0.025
1352,e_demand,2030,57,8,8,0.025
1353,e_demand,2030,57,9,9,0.025
1354,e_demand,2030,57,10,10,0.025
1355,e_demand,2030,57,11,11,0.025
1356,e_demand,2030,57,12,12,0.025
1357,e_demand,2030,57,13,13,0.025
1358,e_demand,2030,57,14,14,0.025
1359,e_demand,2030,57,15,15,0.025
1360,e_demand,2030,57,16,16,0.025
1361,e_demand,2030,57,17,17,0.025
1362,e_demand,2030,57,18,18,0.025
1363,e_demand,2030,57,19,19,0.025
1364,e_demand,2030,57,20,20,0.025
1365,e_demand,2030,57,21,21,0.025
1366,e_demand,2030,57,22,22,0.025
1367,e_demand,2030,57,23,23,0.025
1368,e_demand,2030,57,24,24,0.025
1369,e_demand,2030,58,1,1,0.09430556258252877
1370,e_demand,2030,58,2,2,0.09430556258252877
1371,e_demand,2030,58,3,3,0.09430556258252877
1372,e_demand,2030,58,4,4,0.09430556258252877
1373,e_demand,2030,58,5,5,0.09430556258252877
1374,e_demand,2030,58,6,6,0.09430556258252877
1375,e_demand,2030,58,7,7,0.09430556258252877
1376,e_demand,2030,58,8,8,0.09430556258252877
1377,e_demand,2030,58,9,9,0.09430556258252877
1378,e_demand,2030,58,10,10,0.09430556258252877
1379,e_demand,2030,58,11,11,0.09430556258252877
1380,e_demand,2030,58,12,12,0.09430556258252877
1381,e_demand,2030,58,13,13,0.09430556258252877
1382,e_demand,2030,58,14,14,0.09430556258252877
1383,e_demand,2030,58,15,15,0.09430556258252877
1384,e_demand,2030,58,16,16,0.09430556258252877
1385,e_demand,2030,58,17,17,0.09430556258252877
1386,e_demand,2030,58,18,18,0.1320277876155403
1387,e_demand,2030,58,19,19,0.1320277876155403
1388,e_demand,2030,58,20,20,0.1320277876155403
1389,e_demand,2030,58,21,21,0.1320277876155403
1390,e_demand,2030,58,22,22,0.1320277876155403
1391,e_demand,2030,58,23,23,0.1320277876155403
1392,e_demand,2030,58,24,24,0.1320277876155403
1393,e_demand,2030,59,1,1,0.025
1394,e_demand,2030,59,2,2,0.025
1395,e_demand,2030,59,3,3,0.025
1396,e_demand,2030,59,4,4,0.025
1397,e_demand,2030,59,5,5,0.025
1398,e_demand,2030,59,6,6,0.025
1399,e_demand,2030,59,7,7,0.025
1400,e_demand,2030,59,8,8,0.025
1401,e_demand,2030,59,9,9,0.025
1402,e_demand,2030,59,10,10,0.025
1403,e_demand,2030,59,11,11,0.025
1404,e_demand,2030,59,12,12,0.025
1405,e_demand,2030,59,13,13,0.025
1406,e_demand,2030,59,14,14,0.025
1407,e_demand,2030,59,15,15,0.025
1408,e_demand,2030,59,16,16,0.025
1409,e_demand,2030,59,17,17,0.025
1410,e_demand,2030,59,18,18,0.025
1411,e_demand,2030,59,19,19,0.035
1412,e_demand,2030,59,20,20,0.035
1413,e_demand,2030,59,21,21,0.035
1414,e_demand,2030,59,22,22,0.035
1415,e_demand,2030,59,23,23,0.025
1416,e_demand,2030,59,24,24,0.035
1417,e_demand,2030,60,1,1,0.05914315457543981
1418,e_demand,2030,60,2,2,0.05914315457543981
1419,e_demand,2030,60,3,3,0.05914315457543981
1420,e_demand,2030,60,4,4,0.05914315457543981
1421,e_demand,2030,60,5,5,0.05914315457543981
1422,e_demand,2030,60,6,6,0.05914315457543981
1423,e_demand,2030,60,7,7,0.08280041640561574
1424,e_demand,2030,60,8,8,0.08280041640561574
1425,e_demand,2030,60,9,9,0.05914315457543981
1426,e_demand,2030,60,10,10,0.05914315457543981
1427,e_demand,2030,60,11,11,0.05914315457543981
1428,e_demand,2030,60,12,12,0.05914315457543981
1429,e_demand,2030,60,13,13,0.05914315457543981
1430,e_demand,2030,60,14,14,0.05914315457543981
1431,e_demand,2030,60,15,15,0.06286313836217028
1432,e_demand,2030,60,16,16,0.08280041640561574
1433,e_demand,2030,60,17,17,0.08280041640561574
1434,e_demand,2030,60,18,18,0.08280041640561574
1435,e_demand,2030,60,19,19,0.08280041640561574
1436,e_demand,2030,60,20,20,0.08280041640561574
1437,e_demand,2030,60,21,21,0.08280041640561574
1438,e_demand,2030,60,22,22,0.08280041640561574
1439,e_demand,2030,60,23,23,0.08280041640561574
1440,e_demand,2030,60,24,24,0.08280041640561574
1441,e_demand,2030,61,1,1,0.025479318766823425
1442,e_demand,2030,61,2,2,0.025479318766823425
1443,e_demand,2030,61,3,3,0.025479318766823425
1444,e_demand,2030,61,4,4,0.025479318766823425
1445,e_demand,2030,61,5,5,0.025479318766823425
1446,e_demand,2030,61,6,6,0.025479318766823425
1447,e_demand,2030,61,7,7,0.025479318766823425
1448,e_demand,2030,61,8,8,0.025479318766823425
1449,e_demand,2030,61,9,9,0.025479318766823425
1450,e_demand,2030,61,10,10,0.025479318766823425
1451,e_demand,2030,61,11,11,0.025479318766823425
1452,e_demand,2030,61,12,12,0.025479318766823425
1453,e_demand,2030,61,13,13,0.025479318766823425
1454,e_demand,2030,61,14,14,0.025479318766823425
1455,e_demand,2030,61,15,15,0.025479318766823425
1456,e_demand,2030,61,16,16,0.025479318766823425
1457,e_demand,2030,61,17,17,0.025479318766823425
1458,e_demand,2030,61,18,18,0.025479318766823425
1459,e_demand,2030,61,19,19,0.025479318766823425
1460,e_demand,2030,61,20,20,0.035671046273552796
1461,e_demand,2030,61,21,21,0.035671046273552796
1462,e_demand,2030,61,22,22,0.035671046273552796
1463,e_demand,2030,61,23,23,0.025479318766823425
1464,e_demand,2030,61,24,24,0.025479318766823425
1465,e_demand,2030,62,1,1,0.07078236660899831
1466,e_demand,2030,62,2,2,0.07078236660899831
1467,e_demand,2030,62,3,3,0.07078236660899831
1468,e_demand,2030,62,4,4,0.07078236660899831
1469,e_demand,2030,62,5,5,0.07078236660899831
1470,e_demand,2030,62,6,6,0.07078236660899831
1471,e_demand,2030,62,7,7,0.07078236660899831
1472,e_demand,2030,62,8,8,0.07078236660899831
1473,e_demand,2030,62,9,9,0.07078236660899831
1474,e_demand,2030,62,10,10,0.07078236660899831
1475,e_demand,2030,62,11,11,0.07078236660899831
1476,e_demand,2030,62,12,12,0.07078236660899831
1477,e_demand,2030,62,13,13,0.07078236660899831
1478,e_demand,2030,62,14,14,0.07078236660899831
1479,e_demand,2030,62,15,15,0.07078236660899831
1480,e_demand,2030,62,16,16,0.07078236660899831
1481,e_demand,2030,62,17,17,0.07078236660899831
1482,e_demand,2030,62,18,18,0.07078236660899831
1483,e_demand,2030,62,19,19,0.07078236660899831
1484,e_demand,2030,62,20,20,0.07078236660899831
1485,e_demand,2030,62,21,21,0.07078236660899831
1486,e_demand,2030,62,22,22,0.07078236660899831
1487,e_demand,2030,62,23,23,0.07078236660899831
1488,e_demand,2030,62,24,24,0.07078236660899831
1489,e_demand,2030,63,1,1,0.025
1490,e_demand,2030,63,2,2,0.025
1491,e_demand,2030,63,3,3,0.025
1492,e_demand,2030,63,4,4,0.025
1493,e_demand,2030,63,5,5,0.025
1494,e_demand,2030,63,6,6,0.025
1495,e_demand,2030,63,7,7,0.025
1496,e_demand,2030,63,8,8,0.025
1497,e_demand,2030,63,9,9,0.025
1498,e_demand,2030,63,10,10,0.025
1499,e_demand,2030,63,11,11,0.025
1500,e_demand,2030,63,12,12,0.025
1501,e_demand,2030,63,13,13,0.025
1502,e_demand,2030,63,14,14,0.025
1503,e_demand,2030,63,15,15,0.025
1504,e_demand,2030,63,16,16,0.025
1505,e_demand,2030,63,17,17,0.025
1506,e_demand,2030,63,18,18,0.025
1507,e_demand,2030,63,19,19,0.025
1508,e_demand,2030,63,20,20,0.025
1509,e_demand,2030,63,21,21,0.025
1510,e_demand,2030,63,22,22,0.025
1511,e_demand,2030,63,23,23,0.025
1512,e_demand,2030,63,24,24,0.025
1513,e_demand,2030,64,1,1,0.03246388070846227
1514,e_demand,2030,64,2,2,0.03246388070846227
1515,e_demand,2030,64,3,3,0.03246388070846227
1516,e_demand,2030,64,4,4,0.03246388070846227
1517,e_demand,2030,64,5,5,0.03246388070846227
1518,e_demand,2030,64,6,6,0.03246388070846227
1519,e_demand,2030,64,7,7,0.03246388070846227
1520,e_demand,2030,64,8,8,0.03246388070846227
1521,e_demand,2030,64,9,9,0.03246388070846227
1522,e_demand,2030,64,10,10,0.03246388070846227
1523,e_demand,2030,64,11,11,0.03246388070846227
1524,e_demand,2030,64,12,12,0.03246388070846227
1525,e_demand,2030,64,13,13,0.03246388070846227
1526,e_demand,2030,64,14,14,0.03246388070846227
1527,e_demand,2030,64,15,15,0.03246388070846227
1528,e_demand,2030,64,16,16,0.03246388070846227
1529,e_demand,2030,64,17,17,0.03246388070846227
1530,e_demand,2030,64,18,18,0.03246388070846227
1531,e_demand,2030,64,19,19,0.03246388070846227
1532,e_demand,2030,64,20,20,0.04544943299184718
1533,e_demand,2030,64,21,21,0.04544943299184718
1534,e_demand,2030,64,22,22,0.04544943299184718
1535,e_demand,2030,64,23,23,0.03246388070846227
1536,e_demand,2030,64,24,24,0.03246388070846227
1537,e_demand,2030,65,1,1,0.026415719638200358
1538,e_demand,2030,65,2,2,0.026415719638200358
1539,e_demand,2030,65,3,3,0.026415719638200358
1540,e_demand,2030,65,4,4,0.026415719638200358
1541,e_demand,2030,65,5,5,0.026415719638200358
1542,e_demand,2030,65,6,6,0.026415719638200358
1543,e_demand,2030,65,7,7,0.026415719638200358
1544,e_demand,2030,65,8,8,0.026415719638200358
1545,e_demand,2030,65,9,9,0.026415719638200358
1546,e_demand,2030,65,10,10,0.026415719638200358
1547,e_demand,2030,65,11,11,0.026415719638200358
1548,e_demand,2030,65,12,12,0.026415719638200358
1549,e_demand,2030,65,13,13,0.026415719638200358
1550,e_demand,2030,65,14,14,0.026415719638200358
1551,e_demand,2030,65,15,15,0.026415719638200358
1552,e_demand,2030,65,16,16,0.026415719638200358
1553,e_demand,2030,65,17,17,0.026415719638200358
1554,e_demand,2030,65,18,18,0.036982007493480504
1555,e_demand,2030,65,19,19,0.036982007493480504
1556,e_demand,2030,65,20,20,0.036982007493480504
1557,e_demand,2030,65,21,21,0.036982007493480504
1558,e_demand,2030,65,22,22,0.026415719638200358
1559,e_demand,2030,65,23,23,0.026415719638200358
1560,e_demand,2030,65,24,24,0.026415719638200358
1561,e_demand,2030,66,1,1,0.025
1562,e_demand,2030,66,2,2,0.025
1563,e_demand,2030,66,3,3,0.025
1564,e_demand,2030,66,4,4,0.025
1565,e_demand,2030,66,5,5,0.025
1566,e_demand,2030,66,6,6,0.025
1567,e_demand,2030,66,7,7,0.025
1568,e_demand,2030,66,8,8,0.025
1569,e_demand,2030,66,9,9,0.025
1570,e_demand,2030,66,10,10,0.025
1571,e_demand,2030,66,11,11,0.025
1572,e_demand,2030,66,12,12,0.025
1573,e_demand,2030,66,13,13,0.025
1574,e_demand,2030,66,14,14,0.025
1575,e_demand,2030,66,15,15,0.025
1576,e_demand,2030,66,16,16,0.025
1577,e_demand,2030,66,17,17,0.035
1578,e_demand,2030,66,18,18,0.035
1579,e_demand,2030,66,19,19,0.035
1580,e_demand,2030,66,20,20,0.035
1581,e_demand,2030,66,21,21,0.035
1582,e_demand,2030,66,22,22,0.035
1583,e_demand,2030,66,23,23,0.025
1584,e_demand,2030,66,24,24,0.025
1585,e_demand,2030,67,1,1,0.025
1586,e_demand,2030,67,2,2,0.025
1587,e_demand,2030,67,3,3,0.025
1588,e_demand,2030,67,4,4,0.025
1589,e_demand,2030,67,5,5,0.025
1590,e_demand,2030,67,6,6,0.025
1591,e_demand,2030,67,7,7,0.025
1592,e_demand,2030,67,8,8,0.025
1593,e_demand,2030,67,9,9,0.025
1594,e_demand,2030,67,10,10,0.025
1595,e_demand,2030,67,11,11,0.025
1596,e_demand,2030,67,12,12,0.025
1597,e_demand,2030,67,13,13,0.025
1598,e_demand,2030,67,14,14,0.025
1599,e_demand,2030,67,15,15,0.025
1600,e_demand,2030,67,16,16,0.025
1601,e_demand,2030,67,17,17,0.025
1602,e_demand,2030,67,18,18,0.025
1603,e_demand,2030,67,19,19,0.025
1604,e_demand,2030,67,20,20,0.025
1605,e_demand,2030,67,21,21,0.025
1606,e_demand,2030,67,22,22,0.025
1607,e_demand,2030,67,23,23,0.025
1608,e_demand,2030,67,24,24,0.025
1609,e_demand,2030,68,1,1,0.025
1610,e_demand,2030,68,2,2,0.025
1611,e_demand,2030,68,3,3,0.025
1612,e_demand,2030,68,4,4,0.025
1613,e_demand,2030,68,5,5,0.025
1614,e_demand,2030,68,6,6,0.025
1615,e_demand,2030,68,7,7,0.025
1616,e_demand,2030,68,8,8,0.025
1617,e_demand,2030,68,9,9,0.025
1618,e_demand,2030,68,10,10,0.025
1619,e_demand,2030,68,11,11,0.025
1620,e_demand,2030,68,12,12,0.025
1621,e_demand,2030,68,13,13,0.025
1622,e_demand,2030,68,14,14,0.025
1623,e_demand,2030,68,15,15,0.025
1624,e_demand,2030,68,16,16,0.025
1625,e_demand,2030,68,17,17,0.025
1626,e_demand,2030,68,18,18,0.025
1627,e_demand,2030,68,19,19,0.025
1628,e_demand,2030,68,20,20,0.035
1629,e_demand,2030,68,21,21,0.035
1630,e_demand,2030,68,22,22,0.035
1631,e_demand,2030,68,23,23,0.025
1632,e_demand,2030,68,24,24,0.025
1633,e_demand,2030,69,1,1,0.041258149095139224
1634,e_demand,2030,69,2,2,0.041258149095139224
1635,e_demand,2030,69,3,3,0.041258149095139224
1636,e_demand,2030,69,4,4,0.041258149095139224
1637,e_demand,2030,69,5,5,0.041258149095139224
1638,e_demand,2030,69,6,6,0.041258149095139224
1639,e_demand,2030,69,7,7,0.041258149095139224
1640,e_demand,2030,69,8,8,0.041258149095139224
1641,e_demand,2030,69,9,9,0.041258149095139224
1642,e_demand,2030,69,10,10,0.041258149095139224
1643,e_demand,2030,69,11,11,0.041258149095139224
1644,e_demand,2030,69,12,12,0.041258149095139224
1645,e_demand,2030,69,13,13,0.041258149095139224
1646,e_demand,2030,69,14,14,0.041258149095139224
1647,e_demand,2030,69,15,15,0.041258149095139224
1648,e_demand,2030,69,16,16,0.041258149095139224
1649,e_demand,2030,69,17,17,0.041258149095139224
1650,e_demand,2030,69,18,18,0.041258149095139224
1651,e_demand,2030,69,19,19,0.041258149095139224
1652,e_demand,2030,69,20,20,0.05776140873319492
1653,e_demand,2030,69,21,21,0.041258149095139224
1654,e_demand,2030,69,22,22,0.041258149095139224
1655,e_demand,2030,69,23,23,0.041258149095139224
1656,e_demand,2030,69,24,24,0.041258149095139224
1657,e_demand,2030,70,1,1,0.13346740802104576
1658,e_demand,2030,70,2,2,0.13346740802104576
1659,e_demand,2030,70,3,3,0.13346740802104576
1660,e_demand,2030,70,4,4,0.13346740802104576
1661,e_demand,2030,70,5,5,0.13346740802104576
1662,e_demand,2030,70,6,6,0.13346740802104576
1663,e_demand,2030,70,7,7,0.13346740802104576
1664,e_demand,2030,70,8,8,0.13346740802104576
1665,e_demand,2030,70,9,9,0.13346740802104576
1666,e_demand,2030,70,10,10,0.13346740802104576
1667,e_demand,2030,70,11,11,0.13346740802104576
1668,e_demand,2030,70,12,12,0.13346740802104576
1669,e_demand,2030,70,13,13,0.13346740802104576
1670,e_demand,2030,70,14,14,0.13346740802104576
1671,e_demand,2030,70,15,15,0.13346740802104576
1672,e_demand,2030,70,16,16,0.13346740802104576
1673,e_demand,2030,70,17,17,0.13346740802104576
1674,e_demand,2030,70,18,18,0.13346740802104576
1675,e_demand,2030,70,19,19,0.13346740802104576
1676,e_demand,2030,70,20,20,0.13346740802104576
1677,e_demand,2030,70,21,21,0.13346740802104576
1678,e_demand,2030,70,22,22,0.13346740802104576
1679,e_demand,2030,70,23,23,0.13346740802104576
1680,e_demand,2030,70,24,24,0.13346740802104576
1681,e_demand,2030,71,1,1,0.045774372201101164
1682,e_demand,2030,71,2,2,0.045774372201101164
1683,e_demand,2030,71,3,3,0.045774372201101164
1684,e_demand,2030,71,4,4,0.045774372201101164
1685,e_demand,2030,71,5,5,0.045774372201101164
1686,e_demand,2030,71,6,6,0.045774372201101164
1687,e_demand,2030,71,7,7,0.045774372201101164
1688,e_demand,2030,71,8,8,0.045774372201101164
1689,e_demand,2030,71,9,9,0.045774372201101164
1690,e_demand,2030,71,10,10,0.045774372201101164
1691,e_demand,2030,71,11,11,0.045774372201101164
1692,e_demand,2030,71,12,12,0.045774372201101164
1693,e_demand,2030,71,13,13,0.045774372201101164
1694,e_demand,2030,71,14,14,0.045774372201101164
1695,e_demand,2030,71,15,15,0.045774372201101164
1696,e_demand,2030,71,16,16,0.045774372201101164
1697,e_demand,2030,71,17,17,0.045774372201101164
1698,e_demand,2030,71,18,18,0.045774372201101164
1699,e_demand,2030,71,19,19,0.06408412108154163
1700,e_demand,2030,71,20,20,0.06408412108154163
1701,e_demand,2030,71,21,21,0.06408412108154163
1702,e_demand,2030,71,22,22,0.045774372201101164
1703,e_demand,2030,71,23,23,0.045774372201101164
1704,e_demand,2030,71,24,24,0.045774372201101164
1705,e_demand,2030,72,1,1,1.4771564564126793
1706,e_demand,2030,72,2,2,1.4771564564126793
1707,e_demand,2030,72,3,3,1.4771564564126793
1708,e_demand,2030,72,4,4,1.4771564564126793
1709,e_demand,2030,72,5,5,1.4771564564126793
1710,e_demand,2030,72,6,6,1.4771564564126793
1711,e_demand,2030,72,7,7,1.4771564564126793
1712,e_demand,2030,72,8,8,1.4771564564126793
1713,e_demand,2030,72,9,9,1.4771564564126793
1714,e_demand,2030,72,10,10,1.4771564564126793
1715,e_demand,2030,72,11,11,1.4771564564126793
1716,e_demand,2030,72,12,12,1.4771564564126793
1717,e_demand,2030,72,13,13,1.4771564564126793
1718,e_demand,2030,72,14,14,1.4771564564126793
1719,e_demand,2030,72,15,15,1.4771564564126793
1720,e_demand,2030,72,16,16,1.4771564564126793
1721,e_demand,2030,72,17,17,1.4771564564126793
1722,e_demand,2030,72,18,18,1.4771564564126793
1723,e_demand,2030,72,19,19,1.4771564564126793
1724,e_demand,2030,72,20,20,1.4771564564126793
1725,e_demand,2030,72,21,21,1.4771564564126793
1726,e_demand,2030,72,22,22,1.4771564564126793
1727,e_demand,2030,72,23,23,1.4771564564126793
1728,e_demand,2030,72,24,24,1.4771564564126793
1729,e_demand,2030,73,1,1,0.0629766352925794
1730,e_demand,2030,73,2,2,0.0629766352925794
1731,e_demand,2030,73,3,3,0.0629766352925794
1732,e_demand,2030,73,4,4,0.0629766352925794
1733,e_demand,2030,73,5,5,0.0629766352925794
1734,e_demand,2030,73,6,6,0.0629766352925794
1735,e_demand,2030,73,7,7,0.0629766352925794
1736,e_demand,2030,73,8,8,0.0629766352925794
1737,e_demand,2030,73,9,9,0.0629766352925794
1738,e_demand,2030,73,10,10,0.0629766352925794
1739,e_demand,2030,73,11,11,0.0629766352925794
1740,e_demand,2030,73,12,12,0.0629766352925794
1741,e_demand,2030,73,13,13,0.0629766352925794
1742,e_demand,2030,73,14,14,0.0629766352925794
1743,e_demand,2030,73,15,15,0.0629766352925794
1744,e_demand,2030,73,16,16,0.0629766352925794
1745,e_demand,2030,73,17,17,0.0629766352925794
1746,e_demand,2030,73,18,18,0.0629766352925794
1747,e_demand,2030,73,19,19,0.0629766352925794
1748,e_demand,2030,73,20,20,0.0629766352925794
1749,e_demand,2030,73,21,21,0.0629766352925794
1750,e_demand,2030,73,22,22,0.0629766352925794
1751,e_demand,2030,73,23,23,0.0629766352925794
1752,e_demand,2030,73,24,24,0.0629766352925794
1753,e_demand,2030,74,1,1,0.025
1754,e_demand,2030,74,2,2,0.025
1755,e_demand,2030,74,3,3,0.025
1756,e_demand,2030,74,4,4,0.025
1757,e_demand,2030,74,5,5,0.025
1758,e_demand,2030,74,6,6,0.025
1759,e_demand,2030,74,7,7,0.025
1760,e_demand,2030,74,8,8,0.025
1761,e_demand,2030,74,9,9,0.025
1762,e_demand,2030,74,10,10,0.025
1763,e_demand,2030,74,11,11,0.025
1764,e_demand,2030,74,12,12,0.025
1765,e_demand,2030,74,13,13,0.025
1766,e_demand,2030,74,14,14,0.025
1767,e_demand,2030,74,15,15,0.025
1768,e_demand,2030,74,16,16,0.025
1769,e_demand,2030,74,17,17,0.025
1770,e_demand,2030,74,18,18,0.025
1771,e_demand,2030,74,19,19,0.025
1772,e_demand,2030,74,20,20,0.025
1773,e_demand,2030,74,21,21,0.025
1774,e_demand,2030,74,22,22,0.025
1775,e_demand,2030,74,23,23,0.025
1776,e_demand,2030,74,24,24,0.025
1777,e_demand,2030,75,1,1,0.025
1778,e_demand,2030,75,2,2,0.025
1779,e_demand,2030,75,3,3,0.025
1780,e_demand,2030,75,4,4,0.025
1781,e_demand,2030,75,5,5,0.025
1782,e_demand,2030,75,6,6,0.025
1783,e_demand,2030,75,7,7,0.025
1784,e_demand,2030,75,8,8,0.025
1785,e_demand,2030,75,9,9,0.025
1786,e_demand,2030,75,10,10,0.025
1787,e_demand,2030,75,11,11,0.025
1788,e_demand,2030,75,12,12,0.025
1789,e_demand,2030,75,13,13,0.025
1790,e_demand,2030,75,14,14,0.025
1791,e_demand,2030,75,15,15,0.025
1792,e_demand,2030,75,16,16,0.025
1793,e_demand,2030,75,17,17,0.025
1794,e_demand,2030,75,18,18,0.025
1795,e_demand,2030,75,19,19,0.025
1796,e_demand,2030,75,20,20,0.025
1797,e_demand,2030,75,21,21,0.025
1798,e_demand,2030,75,22,22,0.025
1799,e_demand,2030,75,23,23,0.025
1800,e_demand,2030,75,24,24,0.025
1801,e_demand,2030,76,1,1,0.04880448688482103
1802,e_demand,2030,76,2,2,0.04880448688482103
1803,e_demand,2030,76,3,3,0.04880448688482103
1804,e_demand,2030,76,4,4,0.04880448688482103
1805,e_demand,2030,76,5,5,0.04880448688482103
1806,e_demand,2030,76,6,6,0.04880448688482103
1807,e_demand,2030,76,7,7,0.04880448688482103
1808,e_demand,2030,76,8,8,0.04880448688482103
1809,e_demand,2030,76,9,9,0.04880448688482103
1810,e_demand,2030,76,10,10,0.04880448688482103
1811,e_demand,2030,76,11,11,0.04880448688482103
1812,e_demand,2030,76,12,12,0.04880448688482103
1813,e_demand,2030,76,13,13,0.04880448688482103
1814,e_demand,2030,76,14,14,0.04880448688482103
1815,e_demand,2030,76,15,15,0.04880448688482103
1816,e_demand,2030,76,16,16,0.04880448688482103
1817,e_demand,2030,76,17,17,0.04880448688482103
1818,e_demand,2030,76,18,18,0.04880448688482103
1819,e_demand,2030,76,19,19,0.04880448688482103
1820,e_demand,2030,76,20,20,0.04880448688482103
1821,e_demand,2030,76,21,21,0.04880448688482103
1822,e_demand,2030,76,22,22,0.04880448688482103
1823,e_demand,2030,76,23,23,0.04880448688482103
1824,e_demand,2030,76,24,24,0.04880448688482103
1825,e_demand,2030,77,1,1,0.04930006320621275
1826,e_demand,2030,77,2,2,0.04930006320621275
1827,e_demand,2030,77,3,3,0.04930006320621275
1828,e_demand,2030,77,4,4,0.04930006320621275
1829,e_demand,2030,77,5,5,0.04930006320621275
1830,e_demand,2030,77,6,6,0.04930006320621275
1831,e_demand,2030,77,7,7,0.04930006320621275
1832,e_demand,2030,77,8,8,0.04930006320621275
1833,e_demand,2030,77,9,9,0.04930006320621275
1834,e_demand,2030,77,10,10,0.04930006320621275
1835,e_demand,2030,77,11,11,0.04930006320621275
1836,e_demand,2030,77,12,12,0.04930006320621275
1837,e_demand,2030,77,13,13,0.04930006320621275
1838,e_demand,2030,77,14,14,0.04930006320621275
1839,e_demand,2030,77,15,15,0.04930006320621275
1840,e_demand,2030,77,16,16,0.04930006320621275
1841,e_demand,2030,77,17,17,0.04930006320621275
1842,e_demand,2030,77,18,18,0.04930006320621275
1843,e_demand,2030,77,19,19,0.04930006320621275
1844,e_demand,2030,77,20,20,0.04930006320621275
1845,e_demand,2030,77,21,21,0.04930006320621275
1846,e_demand,2030,77,22,22,0.04930006320621275
1847,e_demand,2030,77,23,23,0.04930006320621275
1848,e_demand,2030,77,24,24,0.04930006320621275
1849,e_demand,2030,78,1,1,0.07367039493209014
1850,e_demand,2030,78,2,2,0.07367039493209014
1851,e_demand,2030,78,3,3,0.07367039493209014
1852,e_demand,2030,78,4,4,0.07367039493209014
1853,e_demand,2030,78,5,5,0.07367039493209014
1854,e_demand,2030,78,6,6,0.07367039493209014
1855,e_demand,2030,78,7,7,0.07367039493209014
1856,e_demand,2030,78,8,8,0.07367039493209014
1857,e_demand,2030,78,9,9,0.07367039493209014
1858,e_demand,2030,78,10,10,0.07367039493209014
1859,e_demand,2030,78,11,11,0.07367039493209014
1860,e_demand,2030,78,12,12,0.07367039493209014
1861,e_demand,2030,78,13,13,0.07367039493209014
1862,e_demand,2030,78,14,14,0.07367039493209014
1863,e_demand,2030,78,15,15,0.07367039493209014
1864,e_demand,2030,78,16,16,0.07367039493209014
1865,e_demand,2030,78,17,17,0.07367039493209014
1866,e_demand,2030,78,18,18,0.07367039493209014
1867,e_demand,2030,78,19,19,0.07367039493209014
1868,e_demand,2030,78,20,20,0.07367039493209014
1869,e_demand,2030,78,21,21,0.07367039493209014
1870,e_demand,2030,78,22,22,0.07367039493209014
1871,e_demand,2030,78,23,23,0.07367039493209014
1872,e_demand,2030,78,24,24,0.07367039493209014
1873,e_demand,2030,79,1,1,0.06561154519988098
1874,e_demand,2030,79,2,2,0.06561154519988098
1875,e_demand,2030,79,3,3,0.06561154519988098
1876,e_demand,2030,79,4,4,0.06561154519988098
1877,e_demand,2030,79,5,5,0.06561154519988098
1878,e_demand,2030,79,6,6,0.06561154519988098
1879,e_demand,2030,79,7,7,0.06561154519988098
1880,e_demand,2030,79,8,8,0.06561154519988098
1881,e_demand,2030,79,9,9,0.06561154519988098
1882,e_demand,2030,79,10,10,0.06561154519988098
1883,e_demand,2030,79,11,11,0.06561154519988098
1884,e_demand,2030,79,12,12,0.06561154519988098
1885,e_demand,2030,79,13,13,0.06561154519988098
1886,e_demand,2030,79,14,14,0.06561154519988098
1887,e_demand,2030,79,15,15,0.06561154519988098
1888,e_demand,2030,79,16,16,0.06561154519988098
1889,e_demand,2030,79,17,17,0.06561154519988098
1890,e_demand,2030,79,18,18,0.06561154519988098
1891,e_demand,2030,79,19,19,0.06561154519988098
1892,e_demand,2030,79,20,20,0.06561154519988098
1893,e_demand,2030,79,21,21,0.06561154519988098
1894,e_demand,2030,79,22,22,0.06561154519988098
1895,e_demand,2030,79,23,23,0.06561154519988098
1896,e_demand,2030,79,24,24,0.06561154519988098
1897,e_demand,2030,80,1,1,0.04964197255103701
1898,e_demand,2030,80,2,2,0.04964197255103701
1899,e_demand,2030,80,3,3,0.04964197255103701
1900,e_demand,2030,80,4,4,0.04964197255103701
1901,e_demand,2030,80,5,5,0.04964197255103701
1902,e_demand,2030,80,6,6,0.04964197255103701
1903,e_demand,2030,80,7,7,0.04964197255103701
1904,e_demand,2030,80,8,8,0.04964197255103701
1905,e_demand,2030,80,9,9,0.04964197255103701
1906,e_demand,2030,80,10,10,0.04964197255103701
1907,e_demand,2030,80,11,11,0.04964197255103701
1908,e_demand,2030,80,12,12,0.04964197255103701
1909,e_demand,2030,80,13,13,0.04964197255103701
1910,e_demand,2030,80,14,14,0.04964197255103701
1911,e_demand,2030,80,15,15,0.04964197255103701
1912,e_demand,2030,80,16,16,0.04964197255103701
1913,e_demand,2030,80,17,17,0.04964197255103701
1914,e_demand,2030,80,18,18,0.04964197255103701
1915,e_demand,2030,80,19,19,0.04964197255103701
1916,e_demand,2030,80,20,20,0.04964197255103701
1917,e_demand,2030,80,21,21,0.04964197255103701
1918,e_demand,2030,80,22,22,0.04964197255103701
1919,e_demand,2030,80,23,23,0.04964197255103701
1920,e_demand,2030,80,24,24,0.04964197255103701
1921,e_demand,2030,81,1,1,0.09945474595640579
1922,e_demand,2030,81,2,2,0.09945474595640579
1923,e_demand,2030,81,3,3,0.09945474595640579
1924,e_demand,2030,81,4,4,0.09945474595640579
1925,e_demand,2030,81,5,5,0.09945474595640579
1926,e_demand,2030,81,6,6,0.09945474595640579
1927,e_demand,2030,81,7,7,0.09945474595640579
1928,e_demand,2030,81,8,8,0.09945474595640579
1929,e_demand,2030,81,9,9,0.09945474595640579
1930,e_demand,2030,81,10,10,0.09945474595640579
1931,e_demand,2030,81,11,11,0.09945474595640579
1932,e_demand,2030,81,12,12,0.09945474595640579
1933,e_demand,2030,81,13,13,0.09945474595640579
1934,e_demand,2030,81,14,14,0.09945474595640579
1935,e_demand,2030,81,15,15,0.09945474595640579
1936,e_demand,2030,81,16,16,0.09945474595640579
1937,e_demand,2030,81,17,17,0.09945474595640579
1938,e_demand,2030,81,18,18,0.09945474595640579
1939,e_demand,2030,81,19,19,0.09945474595640579
1940,e_demand,2030,81,20,20,0.09945474595640579
1941,e_demand,2030,81,21,21,0.09945474595640579
1942,e_demand,2030,81,22,22,0.09945474595640579
1943,e_demand,2030,81,23,23,0.09945474595640579
1944,e_demand,2030,81,24,24,0.09945474595640579
1945,e_demand,2030,82,1,1,0.03855528465447734
1946,e_demand,2030,82,2,2,0.03855528465447734
1947,e_demand,2030,82,3,3,0.03855528465447734
1948,e_demand,2030,82,4,4,0.03855528465447734
1949,e_demand,2030,82,5,5,0.03855528465447734
1950,e_demand,2030,82,6,6,0.03855528465447734
1951,e_demand,2030,82,7,7,0.03855528465447734
1952,e_demand,2030,82,8,8,0.03855528465447734
1953,e_demand,2030,82,9,9,0.03855528465447734
1954,e_demand,2030,82,10,10,0.03855528465447734
1955,e_demand,2030,82,11,11,0.03855528465447734
1956,e_demand,2030,82,12,12,0.03855528465447734
1957,e_demand,2030,82,13,13,0.03855528465447734
1958,e_demand,2030,82,14,14,0.03855528465447734
1959,e_demand,2030,82,15,15,0.03855528465447734
1960,e_demand,2030,82,16,16,0.03855528465447734
1961,e_demand,2030,82,17,17,0.03855528465447734
1962,e_demand,2030,82,18,18,0.03855528465447734
1963,e_demand,2030,82,19,19,0.03855528465447734
1964,e_demand,2030,82,20,20,0.03855528465447734
1965,e_demand,2030,82,21,21,0.03855528465447734
1966,e_demand,2030,82,22,22,0.03855528465447734
1967,e_demand,2030,82,23,23,0.03855528465447734
1968,e_demand,2030,82,24,24,0.03855528465447734
1969,e_demand,2030,83,1,1,0.07680773320875428
1970,e_demand,2030,83,2,2,0.07680773320875428
1971,e_demand,2030,83,3,3,0.07680773320875428
1972,e_demand,2030,83,4,4,0.07680773320875428
1973,e_demand,2030,83,5,5,0.07680773320875428
1974,e_demand,2030,83,6,6,0.07680773320875428
1975,e_demand,2030,83,7,7,0.07680773320875428
1976,e_demand,2030,83,8,8,0.07680773320875428
1977,e_demand,2030,83,9,9,0.07680773320875428
1978,e_demand,2030,83,10,10,0.07680773320875428
1979,e_demand,2030,83,11,11,0.07680773320875428
1980,e_demand,2030,83,12,12,0.07680773320875428
1981,e_demand,2030,83,13,13,0.07680773320875428
1982,e_demand,2030,83,14,14,0.07680773320875428
1983,e_demand,2030,83,15,15,0.07680773320875428
1984,e_demand,2030,83,16,16,0.07680773320875428
1985,e_demand,2030,83,17,17,0.07680773320875428
1986,e_demand,2030,83,18,18,0.10753082649225601
1987,e_demand,2030,83,19,19,0.10753082649225601
1988,e_demand,2030,83,20,20,0.10753082649225601
1989,e_demand,2030,83,21,21,0.10753082649225601
1990,e_demand,2030,83,22,22,0.10753082649225601
1991,e_demand,2030,83,23,23,0.07680773320875428
1992,e_demand,2030,83,24,24,0.07680773320875428
1993,e_demand,2030,84,1,1,0.025
1994,e_demand,2030,84,2,2,0.025
1995,e_demand,2030,84,3,3,0.025
1996,e_demand,2030,84,4,4,0.025
1997,e_demand,2030,84,5,5,0.025
1998,e_demand,2030,84,6,6,0.025
1999,e_demand,2030,84,7,7,0.025
2000,e_demand,2030,84,8,8,0.025
2001,e_demand,2030,84,9,9,0.025
2002,e_demand,2030,84,10,10,0.025
2003,e_demand,2030,84,11,11,0.025
2004,e_demand,2030,84,12,12,0.025
2005,e_demand,2030,84,13,13,0.025
2006,e_demand,2030,84,14,14,0.025
2007,e_demand,2030,84,15,15,0.025
2008,e_demand,2030,84,16,16,0.025
2009,e_demand,2030,84,17,17,0.025
2010,e_demand,2030,84,18,18,0.025
2011,e_demand,2030,84,19,19,0.025
2012,e_demand,2030,84,20,20,0.025
2013,e_demand,2030,84,21,21,0.025
2014,e_demand,2030,84,22,22,0.025
2015,e_demand,2030,84,23,23,0.025
2016,e_demand,2030,84,24,24,0.025
2017,e_demand,2030,85,1,1,0.0771158348118639
2018,e_demand,2030,85,2,2,0.0771158348118639
2019,e_demand,2030,85,3,3,0.0771158348118639
2020,e_demand,2030,85,4,4,0.0771158348118639
2021,e_demand,2030,85,5,5,0.0771158348118639
2022,e_demand,2030,85,6,6,0.0771158348118639
2023,e_demand,2030,85,7,7,0.0771158348118639
2024,e_demand,2030,85,8,8,0.0771158348118639
2025,e_demand,2030,85,9,9,0.0771158348118639
2026,e_demand,2030,85,10,10,0.0771158348118639
2027,e_demand,2030,85,11,11,0.0771158348118639
2028,e_demand,2030,85,12,12,0.0771158348118639
2029,e_demand,2030,85,13,13,0.0771158348118639
2030,e_demand,2030,85,14,14,0.0771158348118639
2031,e_demand,2030,85,15,15,0.0771158348118639
2032,e_demand,2030,85,16,16,0.0771158348118639
2033,e_demand,2030,85,17,17,0.0771158348118639
2034,e_demand,2030,85,18,18,0.0771158348118639
2035,e_demand,2030,85,19,19,0.0771158348118639
2036,e_demand,2030,85,20,20,0.0771158348118639
2037,e_demand,2030,85,21,21,0.10796216873660948
2038,e_demand,2030,85,22,22,0.0771158348118639
2039,e_demand,2030,85,23,23,0.0771158348118639
2040,e_demand,2030,85,24,24,0.0771158348118639
2041,e_demand,2030,86,1,1,0.025
2042,e_demand,2030,86,2,2,0.025
2043,e_demand,2030,86,3,3,0.025
2044,e_demand,2030,86,4,4,0.025
2045,e_demand,2030,86,5,5,0.025
2046,e_demand,2030,86,6,6,0.035
2047,e_demand,2030,86,7,7,0.035
2048,e_demand,2030,86,8,8,0.035
2049,e_demand,2030,86,9,9,0.025
2050,e_demand,2030,86,10,10,0.025
2051,e_demand,2030,86,11,11,0.025
2052,e_demand,2030,86,12,12,0.025
2053,e_demand,2030,86,13,13,0.025
2054,e_demand,2030,86,14,14,0.025
2055,e_demand,2030,86,15,15,0.025
2056,e_demand,2030,86,16,16,0.025
2057,e_demand,2030,86,17,17,0.025
2058,e_demand,2030,86,18,18,0.025
2059,e_demand,2030,86,19,19,0.025
2060,e_demand,2030,86,20,20,0.025
2061,e_demand,2030,86,21,21,0.025
2062,e_demand,2030,86,22,22,0.025
2063,e_demand,2030,86,23,23,0.025
2064,e_demand,2030,86,24,24,0.025
2065,e_demand,2030,87,1,1,0.025
2066,e_demand,2030,87,2,2,0.025
2067,e_demand,2030,87,3,3,0.025
2068,e_demand,2030,87,4,4,0.025
2069,e_demand,2030,87,5,5,0.025
2070,e_demand,2030,87,6,6,0.025
2071,e_demand,2030,87,7,7,0.025
2072,e_demand,2030,87,8,8,0.025
2073,e_demand,2030,87,9,9,0.025
2074,e_demand,2030,87,10,10,0.025
2075,e_demand,2030,87,11,11,0.025
2076,e_demand,2030,87,12,12,0.025
2077,e_demand,2030,87,13,13,0.025
2078,e_demand,2030,87,14,14,0.025
2079,e_demand,2030,87,15,15,0.025
2080,e_demand,2030,87,16,16,0.025
2081,e_demand,2030,87,17,17,0.025
2082,e_demand,2030,87,18,18,0.025
2083,e_demand,2030,87,19,19,0.035
2084,e_demand,2030,87,20,20,0.035
2085,e_demand,2030,87,21,21,0.035
2086,e_demand,2030,87,22,22,0.025
2087,e_demand,2030,87,23,23,0.025
2088,e_demand,2030,87,24,24,0.025
2089,e_demand,2030,88,1,1,1.1368769909631908
2090,e_demand,2030,88,2,2,1.1368769909631908
2091,e_demand,2030,88,3,3,1.1368769909631908
2092,e_demand,2030,88,4,4,1.1368769909631908
2093,e_demand,2030,88,5,5,1.1368769909631908
2094,e_demand,2030,88,6,6,1.1368769909631908
2095,e_demand,2030,88,7,7,1.1368769909631908
2096,e_demand,2030,88,8,8,1.1368769909631908
2097,e_demand,2030,88,9,9,1.1368769909631908
2098,e_demand,2030,88,10,10,1.1368769909631908
2099,e_demand,2030,88,11,11,1.1368769909631908
2100,e_demand,2030,88,12,12,1.1368769909631908
2101,e_demand,2030,88,13,13,1.1368769909631908
2102,e_demand,2030,88,14,14,1.1368769909631908
2103,e_demand,2030,88,15,15,1.1368769909631908
2104,e_demand,2030,88,16,16,1.1368769909631908
2105,e_demand,2030,88,17,17,1.1368769909631908
2106,e_demand,2030,88,18,18,1.1368769909631908
2107,e_demand,2030,88,19,19,1.1368769909631908
2108,e_demand,2030,88,20,20,1.1368769909631908
2109,e_demand,2030,88,21,21,1.1368769909631908
2110,e_demand,2030,88,22,22,1.1368769909631908
2111,e_demand,2030,88,23,23,1.1368769909631908
2112,e_demand,2030,88,24,24,1.1368769909631908
2113,e_demand,2030,89,1,1,0.025
2114,e_demand,2030,89,2,2,0.025
2115,e_demand,2030,89,3,3,0.025
2116,e_demand,2030,89,4,4,0.025
2117,e_demand,2030,89,5,5,0.025
2118,e_demand,2030,89,6,6,0.025
2119,e_demand,2030,89,7,7,0.025
2120,e_demand,2030,89,8,8,0.025
2121,e_demand,2030,89,9,9,0.025
2122,e_demand,2030,89,10,10,0.025
2123,e_demand,2030,89,11,11,0.025
2124,e_demand,2030,89,12,12,0.025
2125,e_demand,2030,89,13,13,0.025
2126,e_demand,2030,89,14,14,0.025
2127,e_demand,2030,89,15,15,0.025
2128,e_demand,2030,89,16,16,0.025
2129,e_demand,2030,89,17,17,0.025
2130,e_demand,2030,89,18,18,0.025
2131,e_demand,2030,89,19,19,0.025
2132,e_demand,2030,89,20,20,0.025
2133,e_demand,2030,89,21,21,0.025
2134,e_demand,2030,89,22,22,0.025
2135,e_demand,2030,89,23,23,0.025
2136,e_demand,2030,89,24,24,0.025
2137,e_demand,2030,90,1,1,0.06594140782108962
2138,e_demand,2030,90,2,2,0.06594140782108962
2139,e_demand,2030,90,3,3,0.06594140782108962
2140,e_demand,2030,90,4,4,0.06594140782108962
2141,e_demand,2030,90,5,5,0.06594140782108962
2142,e_demand,2030,90,6,6,0.06594140782108962
2143,e_demand,2030,90,7,7,0.06594140782108962
2144,e_demand,2030,90,8,8,0.06594140782108962
2145,e_demand,2030,90,9,9,0.06594140782108962
2146,e_demand,2030,90,10,10,0.06594140782108962
2147,e_demand,2030,90,11,11,0.06594140782108962
2148,e_demand,2030,90,12,12,0.06594140782108962
2149,e_demand,2030,90,13,13,0.06594140782108962
2150,e_demand,2030,90,14,14,0.06594140782108962
2151,e_demand,2030,90,15,15,0.06594140782108962
2152,e_demand,2030,90,16,16,0.06594140782108962
2153,e_demand,2030,90,17,17,0.06594140782108962
2154,e_demand,2030,90,18,18,0.06594140782108962
2155,e_demand,2030,90,19,19,0.06594140782108962
2156,e_demand,2030,90,20,20,0.06594140782108962
2157,e_demand,2030,90,21,21,0.06594140782108962
2158,e_demand,2030,90,22,22,0.06594140782108962
2159,e_demand,2030,90,23,23,0.06594140782108962
2160,e_demand,2030,90,24,24,0.06594140782108962
2161,e_demand,2030,91,1,1,0.04987904342853351
2162,e_demand,2030,91,2,2,0.04987904342853351
2163,e_demand,2030,91,3,3,0.04987904342853351
2164,e_demand,2030,91,4,4,0.04987904342853351
2165,e_demand,2030,91,5,5,0.04987904342853351
2166,e_demand,2030,91,6,6,0.04987904342853351
2167,e_demand,2030,91,7,7,0.04987904342853351
2168,e_demand,2030,91,8,8,0.04987904342853351
2169,e_demand,2030,91,9,9,0.04987904342853351
2170,e_demand,2030,91,10,10,0.04987904342853351
2171,e_demand,2030,91,11,11,0.04987904342853351
2172,e_demand,2030,91,12,12,0.04987904342853351
2173,e_demand,2030,91,13,13,0.04987904342853351
2174,e_demand,2030,91,14,14,0.04987904342853351
2175,e_demand,2030,91,15,15,0.04987904342853351
2176,e_demand,2030,91,16,16,0.04987904342853351
2177,e_demand,2030,91,17,17,0.04987904342853351
2178,e_demand,2030,91,18,18,0.04987904342853351
2179,e_demand,2030,91,19,19,0.04987904342853351
2180,e_demand,2030,91,20,20,0.04987904342853351
2181,e_demand,2030,91,21,21,0.04987904342853351
2182,e_demand,2030,91,22,22,0.04987904342853351
2183,e_demand,2030,91,23,23,0.04987904342853351
2184,e_demand,2030,91,24,24,0.04987904342853351
2185,e_demand,2030,92,1,1,0.3624856654207551
2186,e_demand,2030,92,2,2,0.3624856654207551
2187,e_demand,2030,92,3,3,0.3624856654207551
2188,e_demand,2030,92,4,4,0.3624856654207551
2189,e_demand,2030,92,5,5,0.3624856654207551
2190,e_demand,2030,92,6,6,0.3624856654207551
2191,e_demand,2030,92,7,7,0.3624856654207551
2192,e_demand,2030,92,8,8,0.3624856654207551
2193,e_demand,2030,92,9,9,0.3624856654207551
2194,e_demand,2030,92,10,10,0.3624856654207551
2195,e_demand,2030,92,11,11,0.3624856654207551
2196,e_demand,2030,92,12,12,0.3624856654207551
2197,e_demand,2030,92,13,13,0.3624856654207551
2198,e_demand,2030,92,14,14,0.3624856654207551
2199,e_demand,2030,92,15,15,0.3624856654207551
2200,e_demand,2030,92,16,16,0.3624856654207551
2201,e_demand,2030,92,17,17,0.3624856654207551
2202,e_demand,2030,92,18,18,0.3624856654207551
2203,e_demand,2030,92,19,19,0.3624856654207551
2204,e_demand,2030,92,20,20,0.3624856654207551
2205,e_demand,2030,92,21,21,0.3624856654207551
2206,e_demand,2030,92,22,22,0.3624856654207551
2207,e_demand,2030,92,23,23,0.3624856654207551
2208,e_demand,2030,92,24,24,0.3624856654207551
2209,e_demand,2030,93,1,1,0.025898202831979352
2210,e_demand,2030,93,2,2,0.025898202831979352
2211,e_demand,2030,93,3,3,0.025898202831979352
2212,e_demand,2030,93,4,4,0.025898202831979352
2213,e_demand,2030,93,5,5,0.025898202831979352
2214,e_demand,2030,93,6,6,0.025898202831979352
2215,e_demand,2030,93,7,7,0.025898202831979352
2216,e_demand,2030,93,8,8,0.025898202831979352
2217,e_demand,2030,93,9,9,0.025898202831979352
2218,e_demand,2030,93,10,10,0.025898202831979352
2219,e_demand,2030,93,11,11,0.025898202831979352
2220,e_demand,2030,93,12,12,0.025898202831979352
2221,e_demand,2030,93,13,13,0.025898202831979352
2222,e_demand,2030,93,14,14,0.025898202831979352
2223,e_demand,2030,93,15,15,0.025898202831979352
2224,e_demand,2030,93,16,16,0.025898202831979352
2225,e_demand,2030,93,17,17,0.025898202831979352
2226,e_demand,2030,93,18,18,0.025898202831979352
2227,e_demand,2030,93,19,19,0.025898202831979352
2228,e_demand,2030,93,20,20,0.025898202831979352
2229,e_demand,2030,93,21,21,0.025898202831979352
2230,e_demand,2030,93,22,22,0.025898202831979352
2231,e_demand,2030,93,23,23,0.025898202831979352
2232,e_demand,2030,93,24,24,0.025898202831979352
2233,e_demand,2030,94,1,1,0.025267994210370993
2234,e_demand,2030,94,2,2,0.025267994210370993
2235,e_demand,2030,94,3,3,0.025267994210370993
2236,e_demand,2030,94,4,4,0.025267994210370993
2237,e_demand,2030,94,5,5,0.025267994210370993
2238,e_demand,2030,94,6,6,0.025267994210370993
2239,e_demand,2030,94,7,7,0.025267994210370993
2240,e_demand,2030,94,8,8,0.025267994210370993
2241,e_demand,2030,94,9,9,0.025267994210370993
2242,e_demand,2030,94,10,10,0.025267994210370993
2243,e_demand,2030,94,11,11,0.025267994210370993
2244,e_demand,2030,94,12,12,0.025267994210370993
2245,e_demand,2030,94,13,13,0.025267994210370993
2246,e_demand,2030,94,14,14,0.025267994210370993
2247,e_demand,2030,94,15,15,0.025267994210370993
2248,e_demand,2030,94,16,16,0.025267994210370993
2249,e_demand,2030,94,17,17,0.025267994210370993
2250,e_demand,2030,94,18,18,0.025267994210370993
2251,e_demand,2030,94,19,19,0.025267994210370993
2252,e_demand,2030,94,20,20,0.025267994210370993
2253,e_demand,2030,94,21,21,0.025267994210370993
2254,e_demand,2030,94,22,22,0.025267994210370993
2255,e_demand,2030,94,23,23,0.025267994210370993
2256,e_demand,2030,94,24,24,0.025267994210370993
2257,e_demand,2030,95,1,1,0.04626030698763395
2258,e_demand,2030,95,2,2,0.04626030698763395
2259,e_demand,2030,95,3,3,0.04626030698763395
2260,e_demand,2030,95,4,4,0.04626030698763395
2261,e_demand,2030,95,5,5,0.04626030698763395
2262,e_demand,2030,95,6,6,0.04626030698763395
2263,e_demand,2030,95,7,7,0.04626030698763395
2264,e_demand,2030,95,8,8,0.04626030698763395
2265,e_demand,2030,95,9,9,0.04626030698763395
2266,e_demand,2030,95,10,10,0.04626030698763395
2267,e_demand,2030,95,11,11,0.04626030698763395
2268,e_demand,2030,95,12,12,0.04626030698763395
2269,e_demand,2030,95,13,13,0.04626030698763395
2270,e_demand,2030,95,14,14,0.04626030698763395
2271,e_demand,2030,95,15,15,0.04626030698763395
2272,e_demand,2030,95,16,16,0.04626030698763395
2273,e_demand,2030,95,17,17,0.04626030698763395
2274,e_demand,2030,95,18,18,0.04626030698763395
2275,e_demand,2030,95,19,19,0.04626030698763395
2276,e_demand,2030,95,20,20,0.04626030698763395
2277,e_demand,2030,95,21,21,0.04626030698763395
2278,e_demand,2030,95,22,22,0.04626030698763395
2279,e_demand,2030,95,23,23,0.04626030698763395
2280,e_demand,2030,95,24,24,0.04626030698763395
2281,e_demand,2030,96,1,1,0.02644667931787366
2282,e_demand,2030,96,2,2,0.02644667931787366
2283,e_demand,2030,96,3,3,0.02644667931787366
2284,e_demand,2030,96,4,4,0.02644667931787366
2285,e_demand,2030,96,5,5,0.02644667931787366
2286,e_demand,2030,96,6,6,0.02644667931787366
2287,e_demand,2030,96,7,7,0.02644667931787366
2288,e_demand,2030,96,8,8,0.02644667931787366
2289,e_demand,2030,96,9,9,0.02644667931787366
2290,e_demand,2030,96,10,10,0.02644667931787366
2291,e_demand,2030,96,11,11,0.02644667931787366
2292,e_demand,2030,96,12,12,0.02644667931787366
2293,e_demand,2030,96,13,13,0.02644667931787366
2294,e_demand,2030,96,14,14,0.02644667931787366
2295,e_demand,2030,96,15,15,0.02644667931787366
2296,e_demand,2030,96,16,16,0.02644667931787366
2297,e_demand,2030,96,17,17,0.02644667931787366
2298,e_demand,2030,96,18,18,0.02644667931787366
2299,e_demand,2030,96,19,19,0.02644667931787366
2300,e_demand,2030,96,20,20,0.02644667931787366
2301,e_demand,2030,96,21,21,0.02644667931787366
2302,e_demand,2030,96,22,22,0.02644667931787366
2303,e_demand,2030,96,23,23,0.02644667931787366
2304,e_demand,2030,96,24,24,0.02644667931787366
2305,e_demand,2030,97,1,1,0.04999533739991159
2306,e_demand,2030,97,2,2,0.04999533739991159
2307,e_demand,2030,97,3,3,0.04999533739991159
2308,e_demand,2030,97,4,4,0.04999533739991159
2309,e_demand,2030,97,5,5,0.04999533739991159
2310,e_demand,2030,97,6,6,0.04999533739991159
2311,e_demand,2030,97,7,7,0.04999533739991159
2312,e_demand,2030,97,8,8,0.04999533739991159
2313,e_demand,2030,97,9,9,0.04999533739991159
2314,e_demand,2030,97,10,10,0.04999533739991159
2315,e_demand,2030,97,11,11,0.04999533739991159
2316,e_demand,2030,97,12,12,0.04999533739991159
2317,e_demand,2030,97,13,13,0.04999533739991159
2318,e_demand,2030,97,14,14,0.04999533739991159
2319,e_demand,2030,97,15,15,0.04999533739991159
2320,e_demand,2030,97,16,16,0.04999533739991159
2321,e_demand,2030,97,17,17,0.04999533739991159
2322,e_demand,2030,97,18,18,0.04999533739991159
2323,e_demand,2030,97,19,19,0.04999533739991159
2324,e_demand,2030,97,20,20,0.04999533739991159
2325,e_demand,2030,97,21,21,0.04999533739991159
2326,e_demand,2030,97,22,22,0.04999533739991159
2327,e_demand,2030,97,23,23,0.04999533739991159
2328,e_demand,2030,97,24,24,0.04999533739991159
2329,e_demand,2030,98,1,1,0.025
2330,e_demand,2030,98,2,2,0.025
2331,e_demand,2030,98,3,3,0.025
2332,e_demand,2030,98,4,4,0.025
2333,e_demand,2030,98,5,5,0.025
2334,e_demand,2030,98,6,6,0.025
2335,e_demand,2030,98,7,7,0.025
2336,e_demand,2030,98,8,8,0.025
2337,e_demand,2030,98,9,9,0.025
2338,e_demand,2030,98,10,10,0.025
2339,e_demand,2030,98,11,11,0.025
2340,e_demand,2030,98,12,12,0.025
2341,e_demand,2030,98,13,13,0.025
2342,e_demand,2030,98,14,14,0.025
2343,e_demand,2030,98,15,15,0.025
2344,e_demand,2030,98,16,16,0.025
2345,e_demand,2030,98,17,17,0.025
2346,e_demand,2030,98,18,18,0.025
2347,e_demand,2030,98,19,19,0.035
2348,e_demand,2030,98,20,20,0.035
2349,e_demand,2030,98,21,21,0.035
2350,e_demand,2030,98,22,22,0.025
2351,e_demand,2030,98,23,23,0.025
2352,e_demand,2030,98,24,24,0.025
2353,e_demand,2030,99,1,1,0.05215491557512293
2354,e_demand,2030,99,2,2,0.05215491557512293
2355,e_demand,2030,99,3,3,0.05215491557512293
2356,e_demand,2030,99,4,4,0.05215491557512293
2357,e_demand,2030,99,5,5,0.05215491557512293
2358,e_demand,2030,99,6,6,0.05215491557512293
2359,e_demand,2030,99,7,7,0.05215491557512293
2360,e_demand,2030,99,8,8,0.05215491557512293
2361,e_demand,2030,99,9,9,0.05215491557512293
2362,e_demand,2030,99,10,10,0.05215491557512293
2363,e_demand,2030,99,11,11,0.05215491557512293
2364,e_demand,2030,99,12,12,0.05215491557512293
2365,e_demand,2030,99,13,13,0.05215491557512293
2366,e_demand,2030,99,14,14,0.05215491557512293
2367,e_demand,2030,99,15,15,0.05215491557512293
2368,e_demand,2030,99,16,16,0.05215491557512293
2369,e_demand,2030,99,17,17,0.05215491557512293
2370,e_demand,2030,99,18,18,0.05215491557512293
2371,e_demand,2030,99,19,19,0.05215491557512293
2372,e_demand,2030,99,20,20,0.05215491557512293
2373,e_demand,2030,99,21,21,0.05215491557512293
2374,e_demand,2030,99,22,22,0.05215491557512293
2375,e_demand,2030,99,23,23,0.05215491557512293
2376,e_demand,2030,99,24,24,0.05215491557512293
2377,e_demand,2030,100,1,1,0.11218620871726925
2378,e_demand,2030,100,2,2,0.11218620871726925
2379,e_demand,2030,100,3,3,0.11218620871726925
2380,e_demand,2030,100,4,4,0.11218620871726925
2381,e_demand,2030,100,5,5,0.11218620871726925
2382,e_demand,2030,100,6,6,0.11218620871726925
2383,e_demand,2030,100,7,7,0.11218620871726925
2384,e_demand,2030,100,8,8,0.11218620871726925
2385,e_demand,2030,100,9,9,0.11218620871726925
2386,e_demand,2030,100,10,10,0.11218620871726925
2387,e_demand,2030,100,11,11,0.11218620871726925
2388,e_demand,2030,100,12,12,0.11218620871726925
2389,e_demand,2030,100,13,13,0.11218620871726925
2390,e_demand,2030,100,14,14,0.11218620871726925
2391,e_demand,2030,100,15,15,0.11218620871726925
2392,e_demand,2030,100,16,16,0.11218620871726925
2393,e_demand,2030,100,17,17,0.11218620871726925
2394,e_demand,2030,100,18,18,0.11218620871726925
2395,e_demand,2030,100,19,19,0.11218620871726925
2396,e_demand,2030,100,20,20,0.11218620871726925
2397,e_demand,2030,100,21,21,0.11218620871726925
2398,e_demand,2030,100,22,22,0.11218620871726925
2399,e_demand,2030,100,23,23,0.11218620871726925
2400,e_demand,2030,100,24,24,0.11218620871726925
2401,e_demand,2030,101,1,1,0.1768175237287246
2402,e_demand,2030,101,2,2,0.1768175237287246
2403,e_demand,2030,101,3,3,0.1768175237287246
2404,e_demand,2030,101,4,4,0.1768175237287246
2405,e_demand,2030,101,5,5,0.1768175237287246
2406,e_demand,2030,101,6,6,0.1768175237287246
2407,e_demand,2030,101,7,7,0.1768175237287246
2408,e_demand,2030,101,8,8,0.1768175237287246
2409,e_demand,2030,101,9,9,0.1768175237287246
2410,e_demand,2030,101,10,10,0.1768175237287246
2411,e_demand,2030,101,11,11,0.1768175237287246
2412,e_demand,2030,101,12,12,0.1768175237287246
2413,e_demand,2030,101,13,13,0.1768175237287246
2414,e_demand,2030,101,14,14,0.1768175237287246
2415,e_demand,2030,101,15,15,0.1768175237287246
2416,e_demand,2030,101,16,16,0.1768175237287246
2417,e_demand,2030,101,17,17,0.1768175237287246
2418,e_demand,2030,101,18,18,0.1768175237287246
2419,e_demand,2030,101,19,19,0.1768175237287246
2420,e_demand,2030,101,20,20,0.24754453322021447
2421,e_demand,2030,101,21,21,0.24754453322021447
2422,e_demand,2030,101,22,22,0.1768175237287246
2423,e_demand,2030,101,23,23,0.1768175237287246
2424,e_demand,2030,101,24,24,0.1768175237287246
2425,e_demand,2030,102,1,1,0.047193005222549225
2426,e_demand,2030,102,2,2,0.047193005222549225
2427,e_demand,2030,102,3,3,0.047193005222549225
2428,e_demand,2030,102,4,4,0.047193005222549225
2429,e_demand,2030,102,5,5,0.047193005222549225
2430,e_demand,2030,102,6,6,0.047193005222549225
2431,e_demand,2030,102,7,7,0.047193005222549225
2432,e_demand,2030,102,8,8,0.047193005222549225
2433,e_demand,2030,102,9,9,0.047193005222549225
2434,e_demand,2030,102,10,10,0.047193005222549225
2435,e_demand,2030,102,11,11,0.047193005222549225
2436,e_demand,2030,102,12,12,0.047193005222549225
2437,e_demand,2030,102,13,13,0.047193005222549225
2438,e_demand,2030,102,14,14,0.047193005222549225
2439,e_demand,2030,102,15,15,0.047193005222549225
2440,e_demand,2030,102,16,16,0.047193005222549225
2441,e_demand,2030,102,17,17,0.047193005222549225
2442,e_demand,2030,102,18,18,0.047193005222549225
2443,e_demand,2030,102,19,19,0.047193005222549225
2444,e_demand,2030,102,20,20,0.047193005222549225
2445,e_demand,2030,102,21,21,0.047193005222549225
2446,e_demand,2030,102,22,22,0.047193005222549225
2447,e_demand,2030,102,23,23,0.047193005222549225
2448,e_demand,2030,102,24,24,0.047193005222549225
2449,e_demand,2030,103,1,1,0.049997673387312196
2450,e_demand,2030,103,2,2,0.049997673387312196
2451,e_demand,2030,103,3,3,0.049997673387312196
2452,e_demand,2030,103,4,4,0.049997673387312196
2453,e_demand,2030,103,5,5,0.049997673387312196
2454,e_demand,2030,103,6,6,0.049997673387312196
2455,e_demand,2030,103,7,7,0.049997673387312196
2456,e_demand,2030,103,8,8,0.049997673387312196
2457,e_demand,2030,103,9,9,0.049997673387312196
2458,e_demand,2030,103,10,10,0.049997673387312196
2459,e_demand,2030,103,11,11,0.049997673387312196
2460,e_demand,2030,103,12,12,0.049997673387312196
2461,e_demand,2030,103,13,13,0.049997673387312196
2462,e_demand,2030,103,14,14,0.049997673387312196
2463,e_demand,2030,103,15,15,0.049997673387312196
2464,e_demand,2030,103,16,16,0.049997673387312196
2465,e_demand,2030,103,17,17,0.049997673387312196
2466,e_demand,2030,103,18,18,0.049997673387312196
2467,e_demand,2030,103,19,19,0.049997673387312196
2468,e_demand,2030,103,20,20,0.049997673387312196
2469,e_demand,2030,103,21,21,0.049997673387312196
2470,e_demand,2030,103,22,22,0.049997673387312196
2471,e_demand,2030,103,23,23,0.049997673387312196
2472,e_demand,2030,103,24,24,0.049997673387312196
2473,e_demand,2030,104,1,1,0.09635624730949748
2474,e_demand,2030,104,2,2,0.09635624730949748
2475,e_demand,2030,104,3,3,0.09635624730949748
2476,e_demand,2030,104,4,4,0.09635624730949748
2477,e_demand,2030,104,5,5,0.09635624730949748
2478,e_demand,2030,104,6,6,0.13489874623329648
2479,e_demand,2030,104,7,7,0.13489874623329648
2480,e_demand,2030,104,8,8,0.13489874623329648
2481,e_demand,2030,104,9,9,0.09635624730949748
2482,e_demand,2030,104,10,10,0.09635624730949748
2483,e_demand,2030,104,11,11,0.09635624730949748
2484,e_demand,2030,104,12,12,0.09635624730949748
2485,e_demand,2030,104,13,13,0.09635624730949748
2486,e_demand,2030,104,14,14,0.09635624730949748
2487,e_demand,2030,104,15,15,0.09635624730949748
2488,e_demand,2030,104,16,16,0.09635624730949748
2489,e_demand,2030,104,17,17,0.09635624730949748
2490,e_demand,2030,104,18,18,0.09635624730949748
2491,e_demand,2030,104,19,19,0.13489874623329648
2492,e_demand,2030,104,20,20,0.13489874623329648
2493,e_demand,2030,104,21,21,0.13489874623329648
2494,e_demand,2030,104,22,22,0.13489874623329648
2495,e_demand,2030,104,23,23,0.09635624730949748
2496,e_demand,2030,104,24,24,0.09635624730949748
2497,e_demand,2030,105,1,1,0.025
2498,e_demand,2030,105,2,2,0.025
2499,e_demand,2030,105,3,3,0.025
2500,e_demand,2030,105,4,4,0.025
2501,e_demand,2030,105,5,5,0.025
2502,e_demand,2030,105,6,6,0.025
2503,e_demand,2030,105,7,7,0.025
2504,e_demand,2030,105,8,8,0.025
2505,e_demand,2030,105,9,9,0.025
2506,e_demand,2030,105,10,10,0.025
2507,e_demand,2030,105,11,11,0.025
2508,e_demand,2030,105,12,12,0.025
2509,e_demand,2030,105,13,13,0.025
2510,e_demand,2030,105,14,14,0.025
2511,e_demand,2030,105,15,15,0.025
2512,e_demand,2030,105,16,16,0.025
2513,e_demand,2030,105,17,17,0.025
2514,e_demand,2030,105,18,18,0.025
2515,e_demand,2030,105,19,19,0.025
2516,e_demand,2030,105,20,20,0.025
2517,e_demand,2030,105,21,21,0.025
2518,e_demand,2030,105,22,22,0.025
2519,e_demand,2030,105,23,23,0.025
2520,e_demand,2030,105,24,24,0.025
2521,e_demand,2030,106,1,1,0.050930958499770265
2522,e_demand,2030,106,2,2,0.050930958499770265
2523,e_demand,2030,106,3,3,0.050930958499770265
2524,e_demand,2030,106,4,4,0.050930958499770265
2525,e_demand,2030,106,5,5,0.050930958499770265
2526,e_demand,2030,106,6,6,0.050930958499770265
2527,e_demand,2030,106,7,7,0.050930958499770265
2528,e_demand,2030,106,8,8,0.050930958499770265
2529,e_demand,2030,106,9,9,0.050930958499770265
2530,e_demand,2030,106,10,10,0.050930958499770265
2531,e_demand,2030,106,11,11,0.050930958499770265
2532,e_demand,2030,106,12,12,0.050930958499770265
2533,e_demand,2030,106,13,13,0.050930958499770265
2534,e_demand,2030,106,14,14,0.050930958499770265
2535,e_demand,2030,106,15,15,0.050930958499770265
2536,e_demand,2030,106,16,16,0.050930958499770265
2537,e_demand,2030,106,17,17,0.050930958499770265
2538,e_demand,2030,106,18,18,0.050930958499770265
2539,e_demand,2030,106,19,19,0.050930958499770265
2540,e_demand,2030,106,20,20,0.050930958499770265
2541,e_demand,2030,106,21,21,0.050930958499770265
2542,e_demand,2030,106,22,22,0.050930958499770265
2543,e_demand,2030,106,23,23,0.050930958499770265
2544,e_demand,2030,106,24,24,0.050930958499770265
2545,e_demand,2030,107,1,1,0.05698646340357824
2546,e_demand,2030,107,2,2,0.05698646340357824
2547,e_demand,2030,107,3,3,0.05698646340357824
2548,e_demand,2030,107,4,4,0.05698646340357824
2549,e_demand,2030,107,5,5,0.05698646340357824
2550,e_demand,2030,107,6,6,0.05698646340357824
2551,e_demand,2030,107,7,7,0.05698646340357824
2552,e_demand,2030,107,8,8,0.05698646340357824
2553,e_demand,2030,107,9,9,0.05698646340357824
2554,e_demand,2030,107,10,10,0.05698646340357824
2555,e_demand,2030,107,11,11,0.05698646340357824
2556,e_demand,2030,107,12,12,0.05698646340357824
2557,e_demand,2030,107,13,13,0.05698646340357824
2558,e_demand,2030,107,14,14,0.05698646340357824
2559,e_demand,2030,107,15,15,0.05698646340357824
2560,e_demand,2030,107,16,16,0.05698646340357824
2561,e_demand,2030,107,17,17,0.05698646340357824
2562,e_demand,2030,107,18,18,0.05698646340357824
2563,e_demand,2030,107,19,19,0.05698646340357824
2564,e_demand,2030,107,20,20,0.05698646340357824
2565,e_demand,2030,107,21,21,0.05698646340357824
2566,e_demand,2030,107,22,22,0.05698646340357824
2567,e_demand,2030,107,23,23,0.05698646340357824
2568,e_demand,2030,107,24,24,0.05698646340357824
2569,e_demand,2030,108,1,1,0.12825587965810772
2570,e_demand,2030,108,2,2,0.12825587965810772
2571,e_demand,2030,108,3,3,0.12825587965810772
2572,e_demand,2030,108,4,4,0.12825587965810772
2573,e_demand,2030,108,5,5,0.12825587965810772
2574,e_demand,2030,108,6,6,0.12825587965810772
2575,e_demand,2030,108,7,7,0.12825587965810772
2576,e_demand,2030,108,8,8,0.12825587965810772
2577,e_demand,2030,108,9,9,0.12825587965810772
2578,e_demand,2030,108,10,10,0.12825587965810772
2579,e_demand,2030,108,11,11,0.12825587965810772
2580,e_demand,2030,108,12,12,0.12825587965810772
2581,e_demand,2030,108,13,13,0.12825587965810772
2582,e_demand,2030,108,14,14,0.12825587965810772
2583,e_demand,2030,108,15,15,0.12825587965810772
2584,e_demand,2030,108,16,16,0.12825587965810772
2585,e_demand,2030,108,17,17,0.12825587965810772
2586,e_demand,2030,108,18,18,0.12825587965810772
2587,e_demand,2030,108,19,19,0.12825587965810772
2588,e_demand,2030,108,20,20,0.12825587965810772
2589,e_demand,2030,108,21,21,0.12825587965810772
2590,e_demand,2030,108,22,22,0.12825587965810772
2591,e_demand,2030,108,23,23,0.12825587965810772
2592,e_demand,2030,108,24,24,0.12825587965810772
2593,e_demand,2030,109,1,1,0.06856301186264764
2594,e_demand,2030,109,2,2,0.06856301186264764
2595,e_demand,2030,109,3,3,0.06856301186264764
2596,e_demand,2030,109,4,4,0.06856301186264764
2597,e_demand,2030,109,5,5,0.06856301186264764
2598,e_demand,2030,109,6,6,0.06856301186264764
2599,e_demand,2030,109,7,7,0.06856301186264764
2600,e_demand,2030,109,8,8,0.06856301186264764
2601,e_demand,2030,109,9,9,0.06856301186264764
2602,e_demand,2030,109,10,10,0.06856301186264764
2603,e_demand,2030,109,11,11,0.06856301186264764
2604,e_demand,2030,109,12,12,0.06856301186264764
2605,e_demand,2030,109,13,13,0.06856301186264764
2606,e_demand,2030,109,14,14,0.06856301186264764
2607,e_demand,2030,109,15,15,0.06856301186264764
2608,e_demand,2030,109,16,16,0.06856301186264764
2609,e_demand,2030,109,17,17,0.06856301186264764
2610,e_demand,2030,109,18,18,0.06856301186264764
2611,e_demand,2030,109,19,19,0.06856301186264764
2612,e_demand,2030,109,20,20,0.06856301186264764
2613,e_demand,2030,109,21,21,0.06856301186264764
2614,e_demand,2030,109,22,22,0.06856301186264764
2615,e_demand,2030,109,23,23,0.06856301186264764
2616,e_demand,2030,109,24,24,0.06856301186264764
2617,e_demand,2030,110,1,1,0.05548676768723725
2618,e_demand,2030,110,2,2,0.05548676768723725
2619,e_demand,2030,110,3,3,0.05548676768723725
2620,e_demand,2030,110,4,4,0.05548676768723725
2621,e_demand,2030,110,5,5,0.05548676768723725
2622,e_demand,2030,110,6,6,0.05548676768723725
2623,e_demand,2030,110,7,7,0.05548676768723725
2624,e_demand,2030,110,8,8,0.05548676768723725
2625,e_demand,2030,110,9,9,0.05548676768723725
2626,e_demand,2030,110,10,10,0.05548676768723725
2627,e_demand,2030,110,11,11,0.05548676768723725
2628,e_demand,2030,110,12,12,0.05548676768723725
2629,e_demand,2030,110,13,13,0.05548676768723725
2630,e_demand,2030,110,14,14,0.05548676768723725
2631,e_demand,2030,110,15,15,0.05548676768723725
2632,e_demand,2030,110,16,16,0.05548676768723725
2633,e_demand,2030,110,17,17,0.05548676768723725
2634,e_demand,2030,110,18,18,0.05548676768723725
2635,e_demand,2030,110,19,19,0.05548676768723725
2636,e_demand,2030,110,20,20,0.07768147476213215
2637,e_demand,2030,110,21,21,0.07768147476213215
2638,e_demand,2030,110,22,22,0.05548676768723725
2639,e_demand,2030,110,23,23,0.05548676768723725
2640,e_demand,2030,110,24,24,0.05548676768723725
2641,e_demand,2030,111,1,1,0.025
2642,e_demand,2030,111,2,2,0.025
2643,e_demand,2030,111,3,3,0.025
2644,e_demand,2030,111,4,4,0.025
2645,e_demand,2030,111,5,5,0.025
2646,e_demand,2030,111,6,6,0.025
2647,e_demand,2030,111,7,7,0.025
2648,e_demand,2030,111,8,8,0.025
2649,e_demand,2030,111,9,9,0.025
2650,e_demand,2030,111,10,10,0.025
2651,e_demand,2030,111,11,11,0.025
2652,e_demand,2030,111,12,12,0.025
2653,e_demand,2030,111,13,13,0.025
2654,e_demand,2030,111,14,14,0.025
2655,e_demand,2030,111,15,15,0.025
2656,e_demand,2030,111,16,16,0.025
2657,e_demand,2030,111,17,17,0.025
2658,e_demand,2030,111,18,18,0.025
2659,e_demand,2030,111,19,19,0.035
2660,e_demand,2030,111,20,20,0.035
2661,e_demand,2030,111,21,21,0.035
2662,e_demand,2030,111,22,22,0.025
2663,e_demand,2030,111,23,23,0.025
2664,e_demand,2030,111,24,24,0.025
2665,e_demand,2030,112,1,1,0.025
2666,e_demand,2030,112,2,2,0.025
2667,e_demand,2030,112,3,3,0.025
2668,e_demand,2030,112,4,4,0.025
2669,e_demand,2030,112,5,5,0.025
2670,e_demand,2030,112,6,6,0.025
2671,e_demand,2030,112,7,7,0.025
2672,e_demand,2030,112,8,8,0.025
2673,e_demand,2030,112,9,9,0.025
2674,e_demand,2030,112,10,10,0.025
2675,e_demand,2030,112,11,11,0.025
2676,e_demand,2030,112,12,12,0.025
2677,e_demand,2030,112,13,13,0.025
2678,e_demand,2030,112,14,14,0.025
2679,e_demand,2030,112,15,15,0.025
2680,e_demand,2030,112,16,16,0.025
2681,e_demand,2030,112,17,17,0.025
2682,e_demand,2030,112,18,18,0.025
2683,e_demand,2030,112,19,19,0.025
2684,e_demand,2030,112,20,20,0.025
2685,e_demand,2030,112,21,21,0.025
2686,e_demand,2030,112,22,22,0.025
2687,e_demand,2030,112,23,23,0.025
2688,e_demand,2030,112,24,24,0.025
2689,e_demand,2030,113,1,1,0.07567482932979652
2690,e_demand,2030,113,2,2,0.07567482932979652
2691,e_demand,2030,113,3,3,0.07567482932979652
2692,e_demand,2030,113,4,4,0.07567482932979652
2693,e_demand,2030,113,5,5,0.07567482932979652
2694,e_demand,2030,113,6,6,0.07567482932979652
2695,e_demand,2030,113,7,7,0.07567482932979652
2696,e_demand,2030,113,8,8,0.07567482932979652
2697,e_demand,2030,113,9,9,0.07567482932979652
2698,e_demand,2030,113,10,10,0.07567482932979652
2699,e_demand,2030,113,11,11,0.07567482932979652
2700,e_demand,2030,113,12,12,0.07567482932979652
2701,e_demand,2030,113,13,13,0.07567482932979652
2702,e_demand,2030,113,14,14,0.07567482932979652
2703,e_demand,2030,113,15,15,0.07567482932979652
2704,e_demand,2030,113,16,16,0.07567482932979652
2705,e_demand,2030,113,17,17,0.07567482932979652
2706,e_demand,2030,113,18,18,0.07567482932979652
2707,e_demand,2030,113,19,19,0.07567482932979652
2708,e_demand,2030,113,20,20,0.07567482932979652
2709,e_demand,2030,113,21,21,0.07567482932979652
2710,e_demand,2030,113,22,22,0.07567482932979652
2711,e_demand,2030,113,23,23,0.07567482932979652
2712,e_demand,2030,113,24,24,0.07567482932979652
2713,e_demand,2030,114,1,1,0.025
2714,e_demand,2030,114,2,2,0.025
2715,e_demand,2030,114,3,3,0.025
2716,e_demand,2030,114,4,4,0.025
2717,e_demand,2030,114,5,5,0.025
2718,e_demand,2030,114,6,6,0.025
2719,e_demand,2030,114,7,7,0.025
2720,e_demand,2030,114,8,8,0.025
2721,e_demand,2030,114,9,9,0.025
2722,e_demand,2030,114,10,10,0.025
2723,e_demand,2030,114,11,11,0.025
2724,e_demand,2030,114,12,12,0.025
2725,e_demand,2030,114,13,13,0.025
2726,e_demand,2030,114,14,14,0.025
2727,e_demand,2030,114,15,15,0.025
2728,e_demand,2030,114,16,16,0.025
2729,e_demand,2030,114,17,17,0.025
2730,e_demand,2030,114,18,18,0.025
2731,e_demand,2030,114,19,19,0.025
2732,e_demand,2030,114,20,20,0.025
2733,e_demand,2030,114,21,21,0.025
2734,e_demand,2030,114,22,22,0.025
2735,e_demand,2030,114,23,23,0.025
2736,e_demand,2030,114,24,24,0.025
2737,e_demand,2030,115,1,1,0.026852796134006308
2738,e_demand,2030,115,2,2,0.026852796134006308
2739,e_demand,2030,115,3,3,0.026852796134006308
2740,e_demand,2030,115,4,4,0.026852796134006308
2741,e_demand,2030,115,5,5,0.026852796134006308
2742,e_demand,2030,115,6,6,0.026852796134006308
2743,e_demand,2030,115,7,7,0.026852796134006308
2744,e_demand,2030,115,8,8,0.037593914587608836
2745,e_demand,2030,115,9,9,0.037593914587608836
2746,e_demand,2030,115,10,10,0.026852796134006308
2747,e_demand,2030,115,11,11,0.026852796134006308
2748,e_demand,2030,115,12,12,0.026852796134006308
2749,e_demand,2030,115,13,13,0.026852796134006308
2750,e_demand,2030,115,14,14,0.026852796134006308
2751,e_demand,2030,115,15,15,0.026852796134006308
2752,e_demand,2030,115,16,16,0.026852796134006308
2753,e_demand,2030,115,17,17,0.037593914587608836
2754,e_demand,2030,115,18,18,0.037593914587608836
2755,e_demand,2030,115,19,19,0.037593914587608836
2756,e_demand,2030,115,20,20,10.741118453602523
2757,e_demand,2030,115,21,21,10.741118453602523
2758,e_demand,2030,115,22,22,0.037593914587608836
2759,e_demand,2030,115,23,23,0.037593914587608836
2760,e_demand,2030,115,24,24,0.037593914587608836
2761,e_demand,2030,116,1,1,0.049079738751653446
2762,e_demand,2030,116,2,2,0.049079738751653446
2763,e_demand,2030,116,3,3,0.049079738751653446
2764,e_demand,2030,116,4,4,0.049079738751653446
2765,e_demand,2030,116,5,5,0.049079738751653446
2766,e_demand,2030,116,6,6,0.049079738751653446
2767,e_demand,2030,116,7,7,0.049079738751653446
2768,e_demand,2030,116,8,8,0.049079738751653446
2769,e_demand,2030,116,9,9,0.049079738751653446
2770,e_demand,2030,116,10,10,0.049079738751653446
2771,e_demand,2030,116,11,11,0.049079738751653446
2772,e_demand,2030,116,12,12,0.049079738751653446
2773,e_demand,2030,116,13,13,0.049079738751653446
2774,e_demand,2030,116,14,14,0.049079738751653446
2775,e_demand,2030,116,15,15,0.049079738751653446
2776,e_demand,2030,116,16,16,0.049079738751653446
2777,e_demand,2030,116,17,17,0.049079738751653446
2778,e_demand,2030,116,18,18,0.049079738751653446
2779,e_demand,2030,116,19,19,0.049079738751653446
2780,e_demand,2030,116,20,20,0.049079738751653446
2781,e_demand,2030,116,21,21,0.049079738751653446
2782,e_demand,2030,116,22,22,0.049079738751653446
2783,e_demand,2030,116,23,23,0.049079738751653446
2784,e_demand,2030,116,24,24,0.049079738751653446
2785,e_demand,2030,117,1,1,0.04968057868472511
2786,e_demand,2030,117,2,2,0.04968057868472511
2787,e_demand,2030,117,3,3,0.04968057868472511
2788,e_demand,2030,117,4,4,0.04968057868472511
2789,e_demand,2030,117,5,5,0.04968057868472511
2790,e_demand,2030,117,6,6,0.04968057868472511
2791,e_demand,2030,117,7,7,0.04968057868472511
2792,e_demand,2030,117,8,8,0.04968057868472511
2793,e_demand,2030,117,9,9,0.04968057868472511
2794,e_demand,2030,117,10,10,0.04968057868472511
2795,e_demand,2030,117,11,11,0.04968057868472511
2796,e_demand,2030,117,12,12,0.04968057868472511
2797,e_demand,2030,117,13,13,0.04968057868472511
2798,e_demand,2030,117,14,14,0.04968057868472511
2799,e_demand,2030,117,15,15,0.04968057868472511
2800,e_demand,2030,117,16,16,0.04968057868472511
2801,e_demand,2030,117,17,17,0.04968057868472511
2802,e_demand,2030,117,18,18,0.04968057868472511
2803,e_demand,2030,117,19,19,0.04968057868472511
2804,e_demand,2030,117,20,20,0.04968057868472511
2805,e_demand,2030,117,21,21,0.04968057868472511
2806,e_demand,2030,117,22,22,0.04968057868472511
2807,e_demand,2030,117,23,23,0.04968057868472511
2808,e_demand,2030,117,24,24,0.04968057868472511
2809,e_demand,2030,118,1,1,0.312972047161782
2810,e_demand,2030,118,2,2,0.312972047161782
2811,e_demand,2030,118,3,3,0.312972047161782
2812,e_demand,2030,118,4,4,0.312972047161782
2813,e_demand,2030,118,5,5,0.312972047161782
2814,e_demand,2030,118,6,6,0.312972047161782
2815,e_demand,2030,118,7,7,0.312972047161782
2816,e_demand,2030,118,8,8,0.312972047161782
2817,e_demand,2030,118,9,9,0.312972047161782
2818,e_demand,2030,118,10,10,0.312972047161782
2819,e_demand,2030,118,11,11,0.312972047161782
2820,e_demand,2030,118,12,12,0.312972047161782
2821,e_demand,2030,118,13,13,0.312972047161782
2822,e_demand,2030,118,14,14,0.312972047161782
2823,e_demand,2030,118,15,15,0.312972047161782
2824,e_demand,2030,118,16,16,0.312972047161782
2825,e_demand,2030,118,17,17,0.312972047161782
2826,e_demand,2030,118,18,18,0.312972047161782
2827,e_demand,2030,118,19,19,0.312972047161782
2828,e_demand,2030,118,20,20,0.312972047161782
2829,e_demand,2030,118,21,21,0.312972047161782
2830,e_demand,2030,118,22,22,0.312972047161782
2831,e_demand,2030,118,23,23,0.312972047161782
2832,e_demand,2030,118,24,24,0.312972047161782
2833,e_demand,2030,119,1,1,0.02668116518112545
2834,e_demand,2030,119,2,2,0.02668116518112545
2835,e_demand,2030,119,3,3,0.02668116518112545
2836,e_demand,2030,119,4,4,0.02668116518112545
2837,e_demand,2030,119,5,5,0.02668116518112545
2838,e_demand,2030,119,6,6,0.02668116518112545
2839,e_demand,2030,119,7,7,0.02668116518112545
2840,e_demand,2030,119,8,8,0.02668116518112545
2841,e_demand,2030,119,9,9,0.02668116518112545
2842,e_demand,2030,119,10,10,0.02668116518112545
2843,e_demand,2030,119,11,11,0.02668116518112545
2844,e_demand,2030,119,12,12,0.02668116518112545
2845,e_demand,2030,119,13,13,0.02668116518112545
2846,e_demand,2030,119,14,14,0.02668116518112545
2847,e_demand,2030,119,15,15,0.02668116518112545
2848,e_demand,2030,119,16,16,0.02668116518112545
2849,e_demand,2030,119,17,17,0.02668116518112545
2850,e_demand,2030,119,18,18,0.02668116518112545
2851,e_demand,2030,119,19,19,0.02668116518112545
2852,e_demand,2030,119,20,20,0.02668116518112545
2853,e_demand,2030,119,21,21,0.02668116518112545
2854,e_demand,2030,119,22,22,0.02668116518112545
2855,e_demand,2030,119,23,23,0.02668116518112545
2856,e_demand,2030,119,24,24,0.02668116518112545
2857,e_demand,2030,120,1,1,0.08684265888631199
2858,e_demand,2030,120,2,2,0.08684265888631199
2859,e_demand,2030,120,3,3,0.08684265888631199
2860,e_demand,2030,120,4,4,0.08684265888631199
2861,e_demand,2030,120,5,5,0.08684265888631199
2862,e_demand,2030,120,6,6,0.08684265888631199
2863,e_demand,2030,120,7,7,0.08684265888631199
2864,e_demand,2030,120,8,8,0.08684265888631199
2865,e_demand,2030,120,9,9,0.08684265888631199
2866,e_demand,2030,120,10,10,0.08684265888631199
2867,e_demand,2030,120,11,11,0.08684265888631199
2868,e_demand,2030,120,12,12,0.08684265888631199
2869,e_demand,2030,120,13,13,0.08684265888631199
2870,e_demand,2030,120,14,14,0.08684265888631199
2871,e_demand,2030,120,15,15,0.08684265888631199
2872,e_demand,2030,120,16,16,0.08684265888631199
2873,e_demand,2030,120,17,17,0.08684265888631199
2874,e_demand,2030,120,18,18,0.08684265888631199
2875,e_demand,2030,120,19,19,0.08684265888631199
2876,e_demand,2030,120,20,20,0.08684265888631199
2877,e_demand,2030,120,21,21,0.08684265888631199
2878,e_demand,2030,120,22,22,0.08684265888631199
2879,e_demand,2030,120,23,23,0.08684265888631199
2880,e_demand,2030,120,24,24,0.08684265888631199
2881,e_demand,2030,121,1,1,0.025
2882,e_demand,2030,121,2,2,0.025
2883,e_demand,2030,121,3,3,0.025
2884,e_demand,2030,121,4,4,0.025
2885,e_demand,2030,121,5,5,0.025
2886,e_demand,2030,121,6,6,0.025
2887,e_demand,2030,121,7,7,0.025
2888,e_demand,2030,121,8,8,0.025
2889,e_demand,2030,121,9,9,0.025
2890,e_demand,2030,121,10,10,0.025
2891,e_demand,2030,121,11,11,0.025
2892,e_demand,2030,121,12,12,0.025
2893,e_demand,2030,121,13,13,0.025
2894,e_demand,2030,121,14,14,0.025
2895,e_demand,2030,121,15,15,0.025
2896,e_demand,2030,121,16,16,0.025
2897,e_demand,2030,121,17,17,0.025
2898,e_demand,2030,121,18,18,0.025
2899,e_demand,2030,121,19,19,0.025
2900,e_demand,2030,121,20,20,0.035
2901,e_demand,2030,121,21,21,0.035
2902,e_demand,2030,121,22,22,0.025
2903,e_demand,2030,121,23,23,0.025
2904,e_demand,2030,121,24,24,0.025
2905,e_demand,2030,122,1,1,0.025
2906,e_demand,2030,122,2,2,0.025
2907,e_demand,2030,122,3,3,0.025
2908,e_demand,2030,122,4,4,0.025
2909,e_demand,2030,122,5,5,0.025
2910,e_demand,2030,122,6,6,0.025
2911,e_demand,2030,122,7,7,0.025
2912,e_demand,2030,122,8,8,0.025
2913,e_demand,2030,122,9,9,0.025
2914,e_demand,2030,122,10,10,0.025
2915,e_demand,2030,122,11,11,0.025
2916,e_demand,2030,122,12,12,0.025
2917,e_demand,2030,122,13,13,0.025
2918,e_demand,2030,122,14,14,0.025
2919,e_demand,2030,122,15,15,0.025
2920,e_demand,2030,122,16,16,0.025
2921,e_demand,2030,122,17,17,0.025
2922,e_demand,2030,122,18,18,0.025
2923,e_demand,2030,122,19,19,0.025
2924,e_demand,2030,122,20,20,0.035
2925,e_demand,2030,122,21,21,0.025
2926,e_demand,2030,122,22,22,0.025
2927,e_demand,2030,122,23,23,0.025
2928,e_demand,2030,122,24,24,0.025
2929,e_demand,2030,123,1,1,0.025
2930,e_demand,2030,123,2,2,0.025
2931,e_demand,2030,123,3,3,0.025
2932,e_demand,2030,123,4,4,0.025
2933,e_demand,2030,123,5,5,0.025
2934,e_demand,2030,123,6,6,0.025
2935,e_demand,2030,123,7,7,0.025
2936,e_demand,2030,123,8,8,0.025
2937,e_demand,2030,123,9,9,0.025
2938,e_demand,2030,123,10,10,0.025
2939,e_demand,2030,123,11,11,0.025
2940,e_demand,2030,123,12,12,0.025
2941,e_demand,2030,123,13,13,0.025
2942,e_demand,2030,123,14,14,0.025
2943,e_demand,2030,123,15,15,0.025
2944,e_demand,2030,123,16,16,0.025
2945,e_demand,2030,123,17,17,0.025
2946,e_demand,2030,123,18,18,0.025
2947,e_demand,2030,123,19,19,0.025
2948,e_demand,2030,123,20,20,0.035
2949,e_demand,2030,123,21,21,0.035
2950,e_demand,2030,123,22,22,0.035
2951,e_demand,2030,123,23,23,0.025
2952,e_demand,2030,123,24,24,0.025
2953,e_demand,2030,124,1,1,0.025
2954,e_demand,2030,124,2,2,0.025
2955,e_demand,2030,124,3,3,0.025
2956,e_demand,2030,124,4,4,0.025
2957,e_demand,2030,124,5,5,0.025
2958,e_demand,2030,124,6,6,0.025
2959,e_demand,2030,124,7,7,0.025
2960,e_demand,2030,124,8,8,0.025
2961,e_demand,2030,124,9,9,0.025
2962,e_demand,2030,124,10,10,0.025
2963,e_demand,2030,124,11,11,0.025
2964,e_demand,2030,124,12,12,0.025
2965,e_demand,2030,124,13,13,0.025
2966,e_demand,2030,124,14,14,0.025
2967,e_demand,2030,124,15,15,0.025
2968,e_demand,2030,124,16,16,0.025
2969,e_demand,2030,124,17,17,0.025
2970,e_demand,2030,124,18,18,0.025
2971,e_demand,2030,124,19,19,0.025
2972,e_demand,2030,124,20,20,0.035
2973,e_demand,2030,124,21,21,0.035
2974,e_demand,2030,124,22,22,0.035
2975,e_demand,2030,124,23,23,0.025
2976,e_demand,2030,124,24,24,0.025
2977,e_demand,2030,125,1,1,0.025
2978,e_demand,2030,125,2,2,0.025
2979,e_demand,2030,125,3,3,0.025
2980,e_demand,2030,125,4,4,0.025
2981,e_demand,2030,125,5,5,0.025
2982,e_demand,2030,125,6,6,0.025
2983,e_demand,2030,125,7,7,0.025
2984,e_demand,2030,125,8,8,0.025
2985,e_demand,2030,125,9,9,0.025
2986,e_demand,2030,125,10,10,0.025
2987,e_demand,2030,125,11,11,0.025
2988,e_demand,2030,125,12,12,0.025
2989,e_demand,2030,125,13,13,0.025
2990,e_demand,2030,125,14,14,0.025
2991,e_demand,2030,125,15,15,0.025
2992,e_demand,2030,125,16,16,0.025
2993,e_demand,2030,125,17,17,0.025
2994,e_demand,2030,125,18,18,0.035
2995,e_demand,2030,125,19,19,0.035
2996,e_demand,2030,125,20,20,0.035
2997,e_demand,2030,125,21,21,0.035
2998,e_demand,2030,125,22,22,0.025
2999,e_demand,2030,125,23,23,0.025
3000,e_demand,2030,125,24,24,0.025
3001,e_demand,2030,126,1,1,0.027209014509027848
3002,e_demand,2030,126,2,2,0.027209014509027848
3003,e_demand,2030,126,3,3,0.027209014509027848
3004,e_demand,2030,126,4,4,0.027209014509027848
3005,e_demand,2030,126,5,5,0.027209014509027848
3006,e_demand,2030,126,6,6,0.027209014509027848
3007,e_demand,2030,126,7,7,0.038092620312638985
3008,e_demand,2030,126,8,8,0.027209014509027848
3009,e_demand,2030,126,9,9,0.027209014509027848
3010,e_demand,2030,126,10,10,0.027209014509027848
3011,e_demand,2030,126,11,11,0.027209014509027848
3012,e_demand,2030,126,12,12,0.027209014509027848
3013,e_demand,2030,126,13,13,0.027209014509027848
3014,e_demand,2030,126,14,14,0.027209014509027848
3015,e_demand,2030,126,15,15,0.027209014509027848
3016,e_demand,2030,126,16,16,0.027209014509027848
3017,e_demand,2030,126,17,17,0.027209014509027848
3018,e_demand,2030,126,18,18,0.027209014509027848
3019,e_demand,2030,126,19,19,0.027209014509027848
3020,e_demand,2030,126,20,20,0.027209014509027848
3021,e_demand,2030,126,21,21,0.027209014509027848
3022,e_demand,2030,126,22,22,0.027209014509027848
3023,e_demand,2030,126,23,23,0.027209014509027848
3024,e_demand,2030,126,24,24,0.027209014509027848
3025,e_demand,2030,127,1,1,0.025342518083720296
3026,e_demand,2030,127,2,2,0.025342518083720296
3027,e_demand,2030,127,3,3,0.025342518083720296
3028,e_demand,2030,127,4,4,0.025342518083720296
3029,e_demand,2030,127,5,5,0.025342518083720296
3030,e_demand,2030,127,6,6,0.025342518083720296
3031,e_demand,2030,127,7,7,0.025342518083720296
3032,e_demand,2030,127,8,8,0.025342518083720296
3033,e_demand,2030,127,9,9,0.025342518083720296
3034,e_demand,2030,127,10,10,0.025342518083720296
3035,e_demand,2030,127,11,11,0.025342518083720296
3036,e_demand,2030,127,12,12,0.025342518083720296
3037,e_demand,2030,127,13,13,0.025342518083720296
3038,e_demand,2030,127,14,14,0.025342518083720296
3039,e_demand,2030,127,15,15,0.025342518083720296
3040,e_demand,2030,127,16,16,0.025342518083720296
3041,e_demand,2030,127,17,17,0.025342518083720296
3042,e_demand,2030,127,18,18,0.025342518083720296
3043,e_demand,2030,127,19,19,0.025342518083720296
3044,e_demand,2030,127,20,20,0.03547952531720842
3045,e_demand,2030,127,21,21,0.03547952531720842
3046,e_demand,2030,127,22,22,0.025342518083720296
3047,e_demand,2030,127,23,23,0.025342518083720296
3048,e_demand,2030,127,24,24,0.025342518083720296
3049,e_demand,2030,128,1,1,0.025
3050,e_demand,2030,128,2,2,0.025
3051,e_demand,2030,128,3,3,0.025
3052,e_demand,2030,128,4,4,0.025
3053,e_demand,2030,128,5,5,0.025
3054,e_demand,2030,128,6,6,0.025
3055,e_demand,2030,128,7,7,0.025
3056,e_demand,2030,128,8,8,0.025
3057,e_demand,2030,128,9,9,0.025
3058,e_demand,2030,128,10,10,0.025
3059,e_demand,2030,128,11,11,0.025
3060,e_demand,2030,128,12,12,0.025
3061,e_demand,2030,128,13,13,0.025
3062,e_demand,2030,128,14,14,0.025
3063,e_demand,2030,128,15,15,0.025
3064,e_demand,2030,128,16,16,0.025
3065,e_demand,2030,128,17,17,0.025
3066,e_demand,2030,128,18,18,0.025
3067,e_demand,2030,128,19,19,0.025
3068,e_demand,2030,128,20,20,0.025
3069,e_demand,2030,128,21,21,0.025
3070,e_demand,2030,128,22,22,0.025
3071,e_demand,2030,128,23,23,0.025
3072,e_demand,2030,128,24,24,0.025
3073,e_demand,2030,129,1,1,0.025
3074,e_demand,2030,129,2,2,0.025
3075,e_demand,2030,129,3,3,0.025
3076,e_demand,2030,129,4,4,0.025
3077,e_demand,2030,129,5,5,0.025
3078,e_demand,2030,129,6,6,0.025
3079,e_demand,2030,129,7,7,0.025
3080,e_demand,2030,129,8,8,0.025
3081,e_demand,2030,129,9,9,0.025
3082,e_demand,2030,129,10,10,0.025
3083,e_demand,2030,129,11,11,0.025
3084,e_demand,2030,129,12,12,0.025
3085,e_demand,2030,129,13,13,0.025
3086,e_demand,2030,129,14,14,0.025
3087,e_demand,2030,129,15,15,0.025
3088,e_demand,2030,129,16,16,0.025
3089,e_demand,2030,129,17,17,0.025
3090,e_demand,2030,129,18,18,0.025
3091,e_demand,2030,129,19,19,0.025
3092,e_demand,2030,129,20,20,0.025
3093,e_demand,2030,129,21,21,0.025
3094,e_demand,2030,129,22,22,0.025
3095,e_demand,2030,129,23,23,0.025
3096,e_demand,2030,129,24,24,0.025
3097,e_demand,2030,130,1,1,0.02588264976886205
3098,e_demand,2030,130,2,2,0.02588264976886205
3099,e_demand,2030,130,3,3,0.02588264976886205
3100,e_demand,2030,130,4,4,0.02588264976886205
3101,e_demand,2030,130,5,5,0.02588264976886205
3102,e_demand,2030,130,6,6,0.02588264976886205
3103,e_demand,2030,130,7,7,0.02588264976886205
3104,e_demand,2030,130,8,8,0.02588264976886205
3105,e_demand,2030,130,9,9,0.02588264976886205
3106,e_demand,2030,130,10,10,0.02588264976886205
3107,e_demand,2030,130,11,11,0.02588264976886205
3108,e_demand,2030,130,12,12,0.02588264976886205
3109,e_demand,2030,130,13,13,0.02588264976886205
3110,e_demand,2030,130,14,14,0.02588264976886205
3111,e_demand,2030,130,15,15,0.02588264976886205
3112,e_demand,2030,130,16,16,0.02588264976886205
3113,e_demand,2030,130,17,17,0.02588264976886205
3114,e_demand,2030,130,18,18,0.02588264976886205
3115,e_demand,2030,130,19,19,0.02588264976886205
3116,e_demand,2030,130,20,20,0.02588264976886205
3117,e_demand,2030,130,21,21,0.02588264976886205
3118,e_demand,2030,130,22,22,0.02588264976886205
3119,e_demand,2030,130,23,23,0.02588264976886205
3120,e_demand,2030,130,24,24,0.02588264976886205
3121,e_demand,2030,131,1,1,0.025599131528672738
3122,e_demand,2030,131,2,2,0.025599131528672738
3123,e_demand,2030,131,3,3,0.025599131528672738
3124,e_demand,2030,131,4,4,0.025599131528672738
3125,e_demand,2030,131,5,5,0.025599131528672738
3126,e_demand,2030,131,6,6,0.025599131528672738
3127,e_demand,2030,131,7,7,0.025599131528672738
3128,e_demand,2030,131,8,8,0.025599131528672738
3129,e_demand,2030,131,9,9,0.025599131528672738
3130,e_demand,2030,131,10,10,0.025599131528672738
3131,e_demand,2030,131,11,11,0.025599131528672738
3132,e_demand,2030,131,12,12,0.025599131528672738
3133,e_demand,2030,131,13,13,0.025599131528672738
3134,e_demand,2030,131,14,14,0.025599131528672738
3135,e_demand,2030,131,15,15,0.025599131528672738
3136,e_demand,2030,131,16,16,0.025599131528672738
3137,e_demand,2030,131,17,17,0.025599131528672738
3138,e_demand,2030,131,18,18,0.025599131528672738
3139,e_demand,2030,131,19,19,0.025599131528672738
3140,e_demand,2030,131,20,20,0.025599131528672738
3141,e_demand,2030,131,21,21,0.025599131528672738
3142,e_demand,2030,131,22,22,0.025599131528672738
3143,e_demand,2030,131,23,23,0.025599131528672738
3144,e_demand,2030,131,24,24,0.025599131528672738
3145,e_demand,2030,132,1,1,0.025760420827591387
3146,e_demand,2030,132,2,2,0.025760420827591387
3147,e_demand,2030,132,3,3,0.025760420827591387
3148,e_demand,2030,132,4,4,0.025760420827591387
3149,e_demand,2030,132,5,5,0.025760420827591387
3150,e_demand,2030,132,6,6,0.025760420827591387
3151,e_demand,2030,132,7,7,0.025760420827591387
3152,e_demand,2030,132,8,8,0.025760420827591387
3153,e_demand,2030,132,9,9,0.025760420827591387
3154,e_demand,2030,132,10,10,0.025760420827591387
3155,e_demand,2030,132,11,11,0.025760420827591387
3156,e_demand,2030,132,12,12,0.025760420827591387
3157,e_demand,2030,132,13,13,0.025760420827591387
3158,e_demand,2030,132,14,14,0.025760420827591387
3159,e_demand,2030,132,15,15,0.025760420827591387
3160,e_demand,2030,132,16,16,0.025760420827591387
3161,e_demand,2030,132,17,17,0.025760420827591387
3162,e_demand,2030,132,18,18,0.025760420827591387
3163,e_demand,2030,132,19,19,0.025760420827591387
3164,e_demand,2030,132,20,20,0.025760420827591387
3165,e_demand,2030,132,21,21,0.025760420827591387
3166,e_demand,2030,132,22,22,0.025760420827591387
3167,e_demand,2030,132,23,23,0.025760420827591387
3168,e_demand,2030,132,24,24,0.025760420827591387
3169,e_demand,2030,133,1,1,0.025
3170,e_demand,2030,133,2,2,0.025
3171,e_demand,2030,133,3,3,0.025
3172,e_demand,2030,133,4,4,0.025
3173,e_demand,2030,133,5,5,0.025
3174,e_demand,2030,133,6,6,0.025
3175,e_demand,2030,133,7,7,0.025
3176,e_demand,2030,133,8,8,0.025
3177,e_demand,2030,133,9,9,0.025
3178,e_demand,2030,133,10,10,0.025
3179,e_demand,2030,133,11,11,0.025
3180,e_demand,2030,133,12,12,0.025
3181,e_demand,2030,133,13,13,0.025
3182,e_demand,2030,133,14,14,0.025
3183,e_demand,2030,133,15,15,0.025
3184,e_demand,2030,133,16,16,0.025
3185,e_demand,2030,133,17,17,0.025
3186,e_demand,2030,133,18,18,0.025
3187,e_demand,2030,133,19,19,0.025
3188,e_demand,2030,133,20,20,0.025
3189,e_demand,2030,133,21,21,0.025
3190,e_demand,2030,133,22,22,0.025
3191,e_demand,2030,133,23,23,0.025
3192,e_demand,2030,133,24,24,0.025
3193,e_demand,2030,134,1,1,0.025
3194,e_demand,2030,134,2,2,0.025
3195,e_demand,2030,134,3,3,0.025
3196,e_demand,2030,134,4,4,0.025
3197,e_demand,2030,134,5,5,0.025
3198,e_demand,2030,134,6,6,0.025
3199,e_demand,2030,134,7,7,0.025
3200,e_demand,2030,134,8,8,0.025
3201,e_demand,2030,134,9,9,0.025
3202,e_demand,2030,134,10,10,0.025
3203,e_demand,2030,134,11,11,0.025
3204,e_demand,2030,134,12,12,0.025
3205,e_demand,2030,134,13,13,0.025
3206,e_demand,2030,134,14,14,0.025
3207,e_demand,2030,134,15,15,0.025
3208,e_demand,2030,134,16,16,0.025
3209,e_demand,2030,134,17,17,0.025
3210,e_demand,2030,134,18,18,0.025
3211,e_demand,2030,134,19,19,0.025
3212,e_demand,2030,134,20,20,0.025
3213,e_demand,2030,134,21,21,0.025
3214,e_demand,2030,134,22,22,0.025
3215,e_demand,2030,134,23,23,0.025
3216,e_demand,2030,134,24,24,0.025
3217,e_demand,2030,135,1,1,0.02560262647067702
3218,e_demand,2030,135,2,2,0.02560262647067702
3219,e_demand,2030,135,3,3,0.02560262647067702
3220,e_demand,2030,135,4,4,0.02560262647067702
3221,e_demand,2030,135,5,5,0.02560262647067702
3222,e_demand,2030,135,6,6,0.02560262647067702
3223,e_demand,2030,135,7,7,0.02560262647067702
3224,e_demand,2030,135,8,8,0.02560262647067702
3225,e_demand,2030,135,9,9,0.02560262647067702
3226,e_demand,2030,135,10,10,0.02560262647067702
3227,e_demand,2030,135,11,11,0.02560262647067702
3228,e_demand,2030,135,12,12,0.02560262647067702
3229,e_demand,2030,135,13,13,0.02560262647067702
3230,e_demand,2030,135,14,14,0.02560262647067702
3231,e_demand,2030,135,15,15,0.02560262647067702
3232,e_demand,2030,135,16,16,0.02560262647067702
3233,e_demand,2030,135,17,17,0.02560262647067702
3234,e_demand,2030,135,18,18,0.02560262647067702
3235,e_demand,2030,135,19,19,0.02560262647067702
3236,e_demand,2030,135,20,20,0.02560262647067702
3237,e_demand,2030,135,21,21,0.02560262647067702
3238,e_demand,2030,135,22,22,0.02560262647067702
3239,e_demand,2030,135,23,23,0.02560262647067702
3240,e_demand,2030,135,24,24,0.02560262647067702
3241,e_demand,2030,136,1,1,0.025
3242,e_demand,2030,136,2,2,0.025
3243,e_demand,2030,136,3,3,0.025
3244,e_demand,2030,136,4,4,0.025
3245,e_demand,2030,136,5,5,0.025
3246,e_demand,2030,136,6,6,0.025
3247,e_demand,2030,136,7,7,0.025
3248,e_demand,2030,136,8,8,0.025
3249,e_demand,2030,136,9,9,0.025
3250,e_demand,2030,136,10,10,0.025
3251,e_demand,2030,136,11,11,0.025
3252,e_demand,2030,136,12,12,0.025
3253,e_demand,2030,136,13,13,0.025
3254,e_demand,2030,136,14,14,0.025
3255,e_demand,2030,136,15,15,0.025
3256,e_demand,2030,136,16,16,0.025
3257,e_demand,2030,136,17,17,0.025
3258,e_demand,2030,136,18,18,0.025
3259,e_demand,2030,136,19,19,0.025
3260,e_demand,2030,136,20,20,0.025
3261,e_demand,2030,136,21,21,0.025
3262,e_demand,2030,136,22,22,0.025
3263,e_demand,2030,136,23,23,0.025
3264,e_demand,2030,136,24,24,0.025
3265,e_demand,2030,137,1,1,0.025
3266,e_demand,2030,137,2,2,0.025
3267,e_demand,2030,137,3,3,0.025
3268,e_demand,2030,137,4,4,0.025
3269,e_demand,2030,137,5,5,0.025
3270,e_demand,2030,137,6,6,0.025
3271,e_demand,2030,137,7,7,0.025
3272,e_demand,2030,137,8,8,0.025
3273,e_demand,2030,137,9,9,0.025
3274,e_demand,2030,137,10,10,0.025
3275,e_demand,2030,137,11,11,0.025
3276,e_demand,2030,137,12,12,0.025
3277,e_demand,2030,137,13,13,0.025
3278,e_demand,2030,137,14,14,0.025
3279,e_demand,2030,137,15,15,0.025
3280,e_demand,2030,137,16,16,0.025
3281,e_demand,2030,137,17,17,0.025
3282,e_demand,2030,137,18,18,0.025
3283,e_demand,2030,137,19,19,0.025
3284,e_demand,2030,137,20,20,0.025
3285,e_demand,2030,137,21,21,0.025
3286,e_demand,2030,137,22,22,0.025
3287,e_demand,2030,137,23,23,0.025
3288,e_demand,2030,137,24,24,0.025
3289,e_demand,2030,138,1,1,0.025
3290,e_demand,2030,138,2,2,0.025
3291,e_demand,2030,138,3,3,0.025
3292,e_demand,2030,138,4,4,0.025
3293,e_demand,2030,138,5,5,0.025
3294,e_demand,2030,138,6,6,0.025
3295,e_demand,2030,138,7,7,0.025
3296,e_demand,2030,138,8,8,0.025
3297,e_demand,2030,138,9,9,0.025
3298,e_demand,2030,138,10,10,0.025
3299,e_demand,2030,138,11,11,0.025
3300,e_demand,2030,138,12,12,0.025
3301,e_demand,2030,138,13,13,0.025
3302,e_demand,2030,138,14,14,0.025
3303,e_demand,2030,138,15,15,0.025
3304,e_demand,2030,138,16,16,0.025
3305,e_demand,2030,138,17,17,0.025
3306,e_demand,2030,138,18,18,0.025
3307,e_demand,2030,138,19,19,0.025
3308,e_demand,2030,138,20,20,0.025
3309,e_demand,2030,138,21,21,0.025
3310,e_demand,2030,138,22,22,0.025
3311,e_demand,2030,138,23,23,0.025
3312,e_demand,2030,138,24,24,0.025
3313,e_demand,2030,139,1,1,0.025
3314,e_demand,2030,139,2,2,0.025
3315,e_demand,2030,139,3,3,0.025
3316,e_demand,2030,139,4,4,0.025
3317,e_demand,2030,139,5,5,0.025
3318,e_demand,2030,139,6,6,0.025
3319,e_demand,2030,139,7,7,0.025
3320,e_demand,2030,139,8,8,0.025
3321,e_demand,2030,139,9,9,0.025
3322,e_demand,2030,139,10,10,0.025
3323,e_demand,2030,139,11,11,0.001
3324,e_demand,2030,139,12,12,0.001
3325,e_demand,2030,139,13,13,0.001
3326,e_demand,2030,139,14,14,0.001
3327,e_demand,2030,139,15,15,0.025
3328,e_demand,2030,139,16,16,0.025
3329,e_demand,2030,139,17,17,0.025
3330,e_demand,2030,139,18,18,0.025
3331,e_demand,2030,139,19,19,0.025
3332,e_demand,2030,139,20,20,0.025
3333,e_demand,2030,139,21,21,0.025
3334,e_demand,2030,139,22,22,0.025
3335,e_demand,2030,139,23,23,0.025
3336,e_demand,2030,139,24,24,0.025
3337,e_demand,2030,140,1,1,0.025
3338,e_demand,2030,140,2,2,0.025
3339,e_demand,2030,140,3,3,0.025
3340,e_demand,2030,140,4,4,0.025
3341,e_demand,2030,140,5,5,0.025
3342,e_demand,2030,140,6,6,0.025
3343,e_demand,2030,140,7,7,0.025
3344,e_demand,2030,140,8,8,0.025
3345,e_demand,2030,140,9,9,0.025
3346,e_demand,2030,140,10,10,0.025
3347,e_demand,2030,140,11,11,0.025
3348,e_demand,2030,140,12,12,0.025
3349,e_demand,2030,140,13,13,0.025
3350,e_demand,2030,140,14,14,0.025
3351,e_demand,2030,140,15,15,0.025
3352,e_demand,2030,140,16,16,0.025
3353,e_demand,2030,140,17,17,0.025
3354,e_demand,2030,140,18,18,0.025
3355,e_demand,2030,140,19,19,0.025
3356,e_demand,2030,140,20,20,0.025
3357,e_demand,2030,140,21,21,0.025
3358,e_demand,2030,140,22,22,0.025
3359,e_demand,2030,140,23,23,0.025
3360,e_demand,2030,140,24,24,0.025
3361,e_demand,2030,141,1,1,0.025
3362,e_demand,2030,141,2,2,0.025
3363,e_demand,2030,141,3,3,0.025
3364,e_demand,2030,141,4,4,0.025
3365,e_demand,2030,141,5,5,0.025
3366,e_demand,2030,141,6,6,0.025
3367,e_demand,2030,141,7,7,0.025
3368,e_demand,2030,141,8,8,0.025
3369,e_demand,2030,141,9,9,0.025
3370,e_demand,2030,141,10,10,0.025
3371,e_demand,2030,141,11,11,0.025
3372,e_demand,2030,141,12,12,0.025
3373,e_demand,2030,141,13,13,0.025
3374,e_demand,2030,141,14,14,0.025
3375,e_demand,2030,141,15,15,0.025
3376,e_demand,2030,141,16,16,0.025
3377,e_demand,2030,141,17,17,0.025
3378,e_demand,2030,141,18,18,0.025
3379,e_demand,2030,141,19,19,0.025
3380,e_demand,2030,141,20,20,0.025
3381,e_demand,2030,141,21,21,0.025
3382,e_demand,2030,141,22,22,0.025
3383,e_demand,2030,141,23,23,0.025
3384,e_demand,2030,141,24,24,0.025
3385,e_demand,2030,142,1,1,0.025
3386,e_demand,2030,142,2,2,0.025
3387,e_demand,2030,142,3,3,0.025
3388,e_demand,2030,142,4,4,0.025
3389,e_demand,2030,142,5,5,0.025
3390,e_demand,2030,142,6,6,0.025
3391,e_demand,2030,142,7,7,0.025
3392,e_demand,2030,142,8,8,0.025
3393,e_demand,2030,142,9,9,0.025
3394,e_demand,2030,142,10,10,0.025
3395,e_demand,2030,142,11,11,0.025
3396,e_demand,2030,142,12,12,0.025
3397,e_demand,2030,142,13,13,0.025
3398,e_demand,2030,142,14,14,0.025
3399,e_demand,2030,142,15,15,0.025
3400,e_demand,2030,142,16,16,0.025
3401,e_demand,2030,142,17,17,0.025
3402,e_demand,2030,142,18,18,0.025
3403,e_demand,2030,142,19,19,0.025
3404,e_demand,2030,142,20,20,0.025
3405,e_demand,2030,142,21,21,0.025
3406,e_demand,2030,142,22,22,0.025
3407,e_demand,2030,142,23,23,0.025
3408,e_demand,2030,142,24,24,0.025
3409,e_demand,2030,143,1,1,0.044008279303753
3410,e_demand,2030,143,2,2,0.044008279303753
3411,e_demand,2030,143,3,3,0.044008279303753
3412,e_demand,2030,143,4,4,0.044008279303753
3413,e_demand,2030,143,5,5,0.044008279303753
3414,e_demand,2030,143,6,6,0.044008279303753
3415,e_demand,2030,143,7,7,0.044008279303753
3416,e_demand,2030,143,8,8,0.044008279303753
3417,e_demand,2030,143,9,9,0.044008279303753
3418,e_demand,2030,143,10,10,0.044008279303753
3419,e_demand,2030,143,11,11,0.044008279303753
3420,e_demand,2030,143,12,12,0.044008279303753
3421,e_demand,2030,143,13,13,0.044008279303753
3422,e_demand,2030,143,14,14,0.044008279303753
3423,e_demand,2030,143,15,15,0.044008279303753
3424,e_demand,2030,143,16,16,0.044008279303753
3425,e_demand,2030,143,17,17,0.044008279303753
3426,e_demand,2030,143,18,18,0.044008279303753
3427,e_demand,2030,143,19,19,0.044008279303753
3428,e_demand,2030,143,20,20,0.044008279303753
3429,e_demand,2030,143,21,21,0.044008279303753
3430,e_demand,2030,143,22,22,0.044008279303753
3431,e_demand,2030,143,23,23,0.044008279303753
3432,e_demand,2030,143,24,24,0.044008279303753
3433,e_demand,2030,144,1,1,0.025
3434,e_demand,2030,144,2,2,0.025
3435,e_demand,2030,144,3,3,0.025
3436,e_demand,2030,144,4,4,0.025
3437,e_demand,2030,144,5,5,0.025
3438,e_demand,2030,144,6,6,0.025
3439,e_demand,2030,144,7,7,0.025
3440,e_demand,2030,144,8,8,0.025
3441,e_demand,2030,144,9,9,0.025
3442,e_demand,2030,144,10,10,0.025
3443,e_demand,2030,144,11,11,0.025
3444,e_demand,2030,144,12,12,0.025
3445,e_demand,2030,144,13,13,0.025
3446,e_demand,2030,144,14,14,0.025
3447,e_demand,2030,144,15,15,0.025
3448,e_demand,2030,144,16,16,0.025
3449,e_demand,2030,144,17,17,0.025
3450,e_demand,2030,144,18,18,0.025
3451,e_demand,2030,144,19,19,0.035
3452,e_demand,2030,144,20,20,0.025
3453,e_demand,2030,144,21,21,0.025
3454,e_demand,2030,144,22,22,0.025
3455,e_demand,2030,144,23,23,0.025
3456,e_demand,2030,144,24,24,0.025
3457,e_demand,2030,145,1,1,0.025
3458,e_demand,2030,145,2,2,0.025
3459,e_demand,2030,145,3,3,0.025
3460,e_demand,2030,145,4,4,0.025
3461,e_demand,2030,145,5,5,0.025
3462,e_demand,2030,145,6,6,0.025
3463,e_demand,2030,145,7,7,0.025
3464,e_demand,2030,145,8,8,0.025
3465,e_demand,2030,145,9,9,0.025
3466,e_demand,2030,145,10,10,0.025
3467,e_demand,2030,145,11,11,0.025
3468,e_demand,2030,145,12,12,0.025
3469,e_demand,2030,145,13,13,0.025
3470,e_demand,2030,145,14,14,0.025
3471,e_demand,2030,145,15,15,0.025
3472,e_demand,2030,145,16,16,0.025
3473,e_demand,2030,145,17,17,0.025
3474,e_demand,2030,145,18,18,0.025
3475,e_demand,2030,145,19,19,0.025
3476,e_demand,2030,145,20,20,0.025
3477,e_demand,2030,145,21,21,0.025
3478,e_demand,2030,145,22,22,0.025
3479,e_demand,2030,145,23,23,0.025
3480,e_demand,2030,145,24,24,0.025
3481,e_demand,2030,146,1,1,0.025
3482,e_demand,2030,146,2,2,0.025
3483,e_demand,2030,146,3,3,0.025
3484,e_demand,2030,146,4,4,0.025
3485,e_demand,2030,146,5,5,0.025
3486,e_demand,2030,146,6,6,0.025
3487,e_demand,2030,146,7,7,0.025
3488,e_demand,2030,146,8,8,0.025
3489,e_demand,2030,146,9,9,0.025
3490,e_demand,2030,146,10,10,0.025
3491,e_demand,2030,146,11,11,0.025
3492,e_demand,2030,146,12,12,0.025
3493,e_demand,2030,146,13,13,0.025
3494,e_demand,2030,146,14,14,0.025
3495,e_demand,2030,146,15,15,0.025
3496,e_demand,2030,146,16,16,0.025
3497,e_demand,2030,146,17,17,0.025
3498,e_demand,2030,146,18,18,0.025
3499,e_demand,2030,146,19,19,0.025
3500,e_demand,2030,146,20,20,0.025
3501,e_demand,2030,146,21,21,0.025
3502,e_demand,2030,146,22,22,0.025
3503,e_demand,2030,146,23,23,0.025
3504,e_demand,2030,146,24,24,0.025
3505,e_demand,2030,147,1,1,0.025
3506,e_demand,2030,147,2,2,0.025
3507,e_demand,2030,147,3,3,0.025
3508,e_demand,2030,147,4,4,0.025
3509,e_demand,2030,147,5,5,0.025
3510,e_demand,2030,147,6,6,0.025
3511,e_demand,2030,147,7,7,0.025
3512,e_demand,2030,147,8,8,0.025
3513,e_demand,2030,147,9,9,0.025
3514,e_demand,2030,147,10,10,0.025
3515,e_demand,2030,147,11,11,0.025
3516,e_demand,2030,147,12,12,0.025
3517,e_demand,2030,147,13,13,0.025
3518,e_demand,2030,147,14,14,0.001
3519,e_demand,2030,147,15,15,0.025
3520,e_demand,2030,147,16,16,0.025
3521,e_demand,2030,147,17,17,0.025
3522,e_demand,2030,147,18,18,0.025
3523,e_demand,2030,147,19,19,0.025
3524,e_demand,2030,147,20,20,0.025
3525,e_demand,2030,147,21,21,0.025
3526,e_demand,2030,147,22,22,0.025
3527,e_demand,2030,147,23,23,0.025
3528,e_demand,2030,147,24,24,0.025
3529,e_demand,2030,148,1,1,0.035
3530,e_demand,2030,148,2,2,0.035
3531,e_demand,2030,148,3,3,0.025
3532,e_demand,2030,148,4,4,0.025
3533,e_demand,2030,148,5,5,0.025
3534,e_demand,2030,148,6,6,0.025
3535,e_demand,2030,148,7,7,0.025
3536,e_demand,2030,148,8,8,0.025
3537,e_demand,2030,148,9,9,0.025
3538,e_demand,2030,148,10,10,0.025
3539,e_demand,2030,148,11,11,0.025
3540,e_demand,2030,148,12,12,0.025
3541,e_demand,2030,148,13,13,0.025
3542,e_demand,2030,148,14,14,0.025
3543,e_demand,2030,148,15,15,0.025
3544,e_demand,2030,148,16,16,0.025
3545,e_demand,2030,148,17,17,0.025
3546,e_demand,2030,148,18,18,0.025
3547,e_demand,2030,148,19,19,0.025
3548,e_demand,2030,148,20,20,0.025
3549,e_demand,2030,148,21,21,0.025
3550,e_demand,2030,148,22,22,0.025
3551,e_demand,2030,148,23,23,0.025
3552,e_demand,2030,148,24,24,0.025
3553,e_demand,2030,149,1,1,0.025
3554,e_demand,2030,149,2,2,0.025
3555,e_demand,2030,149,3,3,0.025
3556,e_demand,2030,149,4,4,0.025
3557,e_demand,2030,149,5,5,0.025
3558,e_demand,2030,149,6,6,0.025
3559,e_demand,2030,149,7,7,0.025
3560,e_demand,2030,149,8,8,0.025
3561,e_demand,2030,149,9,9,0.025
3562,e_demand,2030,149,10,10,0.025
3563,e_demand,2030,149,11,11,0.025
3564,e_demand,2030,149,12,12,0.025
3565,e_demand,2030,149,13,13,0.025
3566,e_demand,2030,149,14,14,0.001
3567,e_demand,2030,149,15,15,0.001
3568,e_demand,2030,149,16,16,0.025
3569,e_demand,2030,149,17,17,0.025
3570,e_demand,2030,149,18,18,0.025
3571,e_demand,2030,149,19,19,0.025
3572,e_demand,2030,149,20,20,0.025
3573,e_demand,2030,149,21,21,0.025
3574,e_demand,2030,149,22,22,0.025
3575,e_demand,2030,149,23,23,0.025
3576,e_demand,2030,149,24,24,0.025
3577,e_demand,2030,150,1,1,0.03720206375697207
3578,e_demand,2030,150,2,2,0.03720206375697207
3579,e_demand,2030,150,3,3,0.03720206375697207
3580,e_demand,2030,150,4,4,0.03720206375697207
3581,e_demand,2030,150,5,5,0.03720206375697207
3582,e_demand,2030,150,6,6,0.03720206375697207
3583,e_demand,2030,150,7,7,0.03720206375697207
3584,e_demand,2030,150,8,8,0.03720206375697207
3585,e_demand,2030,150,9,9,0.03720206375697207
3586,e_demand,2030,150,10,10,0.03720206375697207
3587,e_demand,2030,150,11,11,0.03720206375697207
3588,e_demand,2030,150,12,12,0.0014880825502788827
3589,e_demand,2030,150,13,13,0.0014880825502788827
3590,e_demand,2030,150,14,14,0.0014880825502788827
3591,e_demand,2030,150,15,15,0.0014880825502788827
3592,e_demand,2030,150,16,16,0.0014880825502788827
3593,e_demand,2030,150,17,17,0.0014880825502788827
3594,e_demand,2030,150,18,18,0.03720206375697207
3595,e_demand,2030,150,19,19,0.03720206375697207
3596,e_demand,2030,150,20,20,0.03720206375697207
3597,e_demand,2030,150,21,21,0.03720206375697207
3598,e_demand,2030,150,22,22,0.03720206375697207
3599,e_demand,2030,150,23,23,0.03720206375697207
3600,e_demand,2030,150,24,24,0.03720206375697207
3601,e_demand,2030,151,1,1,0.025
3602,e_demand,2030,151,2,2,0.025
3603,e_demand,2030,151,3,3,0.025
3604,e_demand,2030,151,4,4,0.025
3605,e_demand,2030,151,5,5,0.025
3606,e_demand,2030,151,6,6,0.025
3607,e_demand,2030,151,7,7,0.025
3608,e_demand,2030,151,8,8,0.025
3609,e_demand,2030,151,9,9,0.025
3610,e_demand,2030,151,10,10,0.025
3611,e_demand,2030,151,11,11,0.025
3612,e_demand,2030,151,12,12,0.025
3613,e_demand,2030,151,13,13,0.025
3614,e_demand,2030,151,14,14,0.025
3615,e_demand,2030,151,15,15,0.025
3616,e_demand,2030,151,16,16,0.025
3617,e_demand,2030,151,17,17,0.025
3618,e_demand,2030,151,18,18,0.025
3619,e_demand,2030,151,19,19,0.025
3620,e_demand,2030,151,20,20,0.025
3621,e_demand,2030,151,21,21,0.025
3622,e_demand,2030,151,22,22,0.025
3623,e_demand,2030,151,23,23,0.025
3624,e_demand,2030,151,24,24,0.025
3625,e_demand,2030,152,1,1,0.025
3626,e_demand,2030,152,2,2,0.025
3627,e_demand,2030,152,3,3,0.025
3628,e_demand,2030,152,4,4,0.025
3629,e_demand,2030,152,5,5,0.025
3630,e_demand,2030,152,6,6,0.025
3631,e_demand,2030,152,7,7,0.025
3632,e_demand,2030,152,8,8,0.025
3633,e_demand,2030,152,9,9,0.025
3634,e_demand,2030,152,10,10,0.025
3635,e_demand,2030,152,11,11,0.025
3636,e_demand,2030,152,12,12,0.025
3637,e_demand,2030,152,13,13,0.025
3638,e_demand,2030,152,14,14,0.025
3639,e_demand,2030,152,15,15,0.025
3640,e_demand,2030,152,16,16,0.025
3641,e_demand,2030,152,17,17,0.025
3642,e_demand,2030,152,18,18,0.025
3643,e_demand,2030,152,19,19,0.025
3644,e_demand,2030,152,20,20,0.025
3645,e_demand,2030,152,21,21,0.025
3646,e_demand,2030,152,22,22,0.025
3647,e_demand,2030,152,23,23,0.025
3648,e_demand,2030,152,24,24,0.025
3649,e_demand,2030,153,1,1,0.026522963866116047
3650,e_demand,2030,153,2,2,0.026522963866116047
3651,e_demand,2030,153,3,3,0.026522963866116047
3652,e_demand,2030,153,4,4,0.026522963866116047
3653,e_demand,2030,153,5,5,0.026522963866116047
3654,e_demand,2030,153,6,6,0.026522963866116047
3655,e_demand,2030,153,7,7,0.026522963866116047
3656,e_demand,2030,153,8,8,0.026522963866116047
3657,e_demand,2030,153,9,9,0.026522963866116047
3658,e_demand,2030,153,10,10,0.026522963866116047
3659,e_demand,2030,153,11,11,0.026522963866116047
3660,e_demand,2030,153,12,12,0.026522963866116047
3661,e_demand,2030,153,13,13,0.026522963866116047
3662,e_demand,2030,153,14,14,0.026522963866116047
3663,e_demand,2030,153,15,15,0.026522963866116047
3664,e_demand,2030,153,16,16,0.026522963866116047
3665,e_demand,2030,153,17,17,0.026522963866116047
3666,e_demand,2030,153,18,18,0.026522963866116047
3667,e_demand,2030,153,19,19,0.026522963866116047
3668,e_demand,2030,153,20,20,0.026522963866116047
3669,e_demand,2030,153,21,21,0.026522963866116047
3670,e_demand,2030,153,22,22,0.026522963866116047
3671,e_demand,2030,153,23,23,0.026522963866116047
3672,e_demand,2030,153,24,24,0.026522963866116047
3673,e_demand,2030,154,1,1,0.025
3674,e_demand,2030,154,2,2,0.025
3675,e_demand,2030,154,3,3,0.025
3676,e_demand,2030,154,4,4,0.025
3677,e_demand,2030,154,5,5,0.025
3678,e_demand,2030,154,6,6,0.025
3679,e_demand,2030,154,7,7,0.025
3680,e_demand,2030,154,8,8,0.025
3681,e_demand,2030,154,9,9,0.025
3682,e_demand,2030,154,10,10,0.025
3683,e_demand,2030,154,11,11,0.025
3684,e_demand,2030,154,12,12,0.025
3685,e_demand,2030,154,13,13,0.025
3686,e_demand,2030,154,14,14,0.025
3687,e_demand,2030,154,15,15,0.025
3688,e_demand,2030,154,16,16,0.025
3689,e_demand,2030,154,17,17,0.025
3690,e_demand,2030,154,18,18,0.025
3691,e_demand,2030,154,19,19,0.025
3692,e_demand,2030,154,20,20,0.025
3693,e_demand,2030,154,21,21,0.025
3694,e_demand,2030,154,22,22,0.025
3695,e_demand,2030,154,23,23,0.025
3696,e_demand,2030,154,24,24,0.025
3697,e_demand,2030,155,1,1,0.025
3698,e_demand,2030,155,2,2,0.025
3699,e_demand,2030,155,3,3,0.025
3700,e_demand,2030,155,4,4,0.025
3701,e_demand,2030,155,5,5,0.025
3702,e_demand,2030,155,6,6,0.025
3703,e_demand,2030,155,7,7,0.025
3704,e_demand,2030,155,8,8,0.025
3705,e_demand,2030,155,9,9,0.025
3706,e_demand,2030,155,10,10,0.025
3707,e_demand,2030,155,11,11,0.025
3708,e_demand,2030,155,12,12,0.001
3709,e_demand,2030,155,13,13,0.001
3710,e_demand,2030,155,14,14,0.025
3711,e_demand,2030,155,15,15,0.025
3712,e_demand,2030,155,16,16,0.025
3713,e_demand,2030,155,17,17,0.025
3714,e_demand,2030,155,18,18,0.025
3715,e_demand,2030,155,19,19,0.025
3716,e_demand,2030,155,20,20,0.025
3717,e_demand,2030,155,21,21,0.025
3718,e_demand,2030,155,22,22,0.025
3719,e_demand,2030,155,23,23,0.025
3720,e_demand,2030,155,24,24,0.025
3721,e_demand,2030,156,1,1,0.025
3722,e_demand,2030,156,2,2,0.025
3723,e_demand,2030,156,3,3,0.025
3724,e_demand,2030,156,4,4,0.025
3725,e_demand,2030,156,5,5,0.025
3726,e_demand,2030,156,6,6,0.025
3727,e_demand,2030,156,7,7,0.025
3728,e_demand,2030,156,8,8,0.025
3729,e_demand,2030,156,9,9,0.025
3730,e_demand,2030,156,10,10,0.025
3731,e_demand,2030,156,11,11,0.001
3732,e_demand,2030,156,12,12,0.001
3733,e_demand,2030,156,13,13,0.001
3734,e_demand,2030,156,14,14,0.001
3735,e_demand,2030,156,15,15,0.001
3736,e_demand,2030,156,16,16,0.001
3737,e_demand,2030,156,17,17,0.025
3738,e_demand,2030,156,18,18,0.025
3739,e_demand,2030,156,19,19,0.025
3740,e_demand,2030,156,20,20,0.025
3741,e_demand,2030,156,21,21,0.025
3742,e_demand,2030,156,22,22,0.025
3743,e_demand,2030,156,23,23,0.025
3744,e_demand,2030,156,24,24,0.025
3745,e_demand,2030,157,1,1,0.025
3746,e_demand,2030,157,2,2,0.025
3747,e_demand,2030,157,3,3,0.025
3748,e_demand,2030,157,4,4,0.025
3749,e_demand,2030,157,5,5,0.025
3750,e_demand,2030,157,6,6,0.025
3751,e_demand,2030,157,7,7,0.025
3752,e_demand,2030,157,8,8,0.025
3753,e_demand,2030,157,9,9,0.025
3754,e_demand,2030,157,10,10,0.025
3755,e_demand,2030,157,11,11,0.001
3756,e_demand,2030,157,12,12,0.001
3757,e_demand,2030,157,13,13,0.001
3758,e_demand,2030,157,14,14,0.001
3759,e_demand,2030,157,15,15,0.001
3760,e_demand,2030,157,16,16,0.025
3761,e_demand,2030,157,17,17,0.025
3762,e_demand,2030,157,18,18,0.025
3763,e_demand,2030,157,19,19,0.025
3764,e_demand,2030,157,20,20,0.025
3765,e_demand,2030,157,21,21,0.025
3766,e_demand,2030,157,22,22,0.025
3767,e_demand,2030,157,23,23,0.025
3768,e_demand,2030,157,24,24,0.025
3769,e_demand,2030,158,1,1,0.025
3770,e_demand,2030,158,2,2,0.025
3771,e_demand,2030,158,3,3,0.025
3772,e_demand,2030,158,4,4,0.025
3773,e_demand,2030,158,5,5,0.025
3774,e_demand,2030,158,6,6,0.025
3775,e_demand,2030,158,7,7,0.025
3776,e_demand,2030,158,8,8,0.035
3777,e_demand,2030,158,9,9,0.025
3778,e_demand,2030,158,10,10,0.025
3779,e_demand,2030,158,11,11,0.025
3780,e_demand,2030,158,12,12,0.025
3781,e_demand,2030,158,13,13,0.025
3782,e_demand,2030,158,14,14,0.025
3783,e_demand,2030,158,15,15,0.025
3784,e_demand,2030,158,16,16,0.025
3785,e_demand,2030,158,17,17,0.025
3786,e_demand,2030,158,18,18,0.025
3787,e_demand,2030,158,19,19,0.025
3788,e_demand,2030,158,20,20,0.025
3789,e_demand,2030,158,21,21,0.025
3790,e_demand,2030,158,22,22,0.025
3791,e_demand,2030,158,23,23,0.025
3792,e_demand,2030,158,24,24,0.025
3793,e_demand,2030,159,1,1,0.04538216701692037
3794,e_demand,2030,159,2,2,0.04538216701692037
3795,e_demand,2030,159,3,3,0.04538216701692037
3796,e_demand,2030,159,4,4,0.04538216701692037
3797,e_demand,2030,159,5,5,0.04538216701692037
3798,e_demand,2030,159,6,6,0.04538216701692037
3799,e_demand,2030,159,7,7,0.04538216701692037
3800,e_demand,2030,159,8,8,0.04538216701692037
3801,e_demand,2030,159,9,9,0.04538216701692037
3802,e_demand,2030,159,10,10,0.04538216701692037
3803,e_demand,2030,159,11,11,0.04538216701692037
3804,e_demand,2030,159,12,12,0.04538216701692037
3805,e_demand,2030,159,13,13,0.04538216701692037
3806,e_demand,2030,159,14,14,0.04538216701692037
3807,e_demand,2030,159,15,15,0.04538216701692037
3808,e_demand,2030,159,16,16,0.04538216701692037
3809,e_demand,2030,159,17,17,0.04538216701692037
3810,e_demand,2030,159,18,18,0.04538216701692037
3811,e_demand,2030,159,19,19,0.04538216701692037
3812,e_demand,2030,159,20,20,0.04538216701692037
3813,e_demand,2030,159,21,21,0.04538216701692037
3814,e_demand,2030,159,22,22,0.04538216701692037
3815,e_demand,2030,159,23,23,0.04538216701692037
3816,e_demand,2030,159,24,24,0.04538216701692037
3817,e_demand,2030,160,1,1,0.039592260694815876
3818,e_demand,2030,160,2,2,0.039592260694815876
3819,e_demand,2030,160,3,3,0.039592260694815876
3820,e_demand,2030,160,4,4,0.039592260694815876
3821,e_demand,2030,160,5,5,0.039592260694815876
3822,e_demand,2030,160,6,6,0.039592260694815876
3823,e_demand,2030,160,7,7,0.039592260694815876
3824,e_demand,2030,160,8,8,0.039592260694815876
3825,e_demand,2030,160,9,9,0.039592260694815876
3826,e_demand,2030,160,10,10,0.039592260694815876
3827,e_demand,2030,160,11,11,0.0015836904277926349
3828,e_demand,2030,160,12,12,0.0015836904277926349
3829,e_demand,2030,160,13,13,0.0015836904277926349
3830,e_demand,2030,160,14,14,0.0015836904277926349
3831,e_demand,2030,160,15,15,0.0015836904277926349
3832,e_demand,2030,160,16,16,0.039592260694815876
3833,e_demand,2030,160,17,17,0.039592260694815876
3834,e_demand,2030,160,18,18,0.039592260694815876
3835,e_demand,2030,160,19,19,0.039592260694815876
3836,e_demand,2030,160,20,20,0.039592260694815876
3837,e_demand,2030,160,21,21,0.039592260694815876
3838,e_demand,2030,160,22,22,0.039592260694815876
3839,e_demand,2030,160,23,23,0.039592260694815876
3840,e_demand,2030,160,24,24,0.039592260694815876
3841,e_demand,2030,161,1,1,0.025
3842,e_demand,2030,161,2,2,0.025
3843,e_demand,2030,161,3,3,0.025
3844,e_demand,2030,161,4,4,0.025
3845,e_demand,2030,161,5,5,0.025
3846,e_demand,2030,161,6,6,0.025
3847,e_demand,2030,161,7,7,0.025
3848,e_demand,2030,161,8,8,0.025
3849,e_demand,2030,161,9,9,0.025
3850,e_demand,2030,161,10,10,0.025
3851,e_demand,2030,161,11,11,0.025
3852,e_demand,2030,161,12,12,0.001
3853,e_demand,2030,161,13,13,0.001
3854,e_demand,2030,161,14,14,0.001
3855,e_demand,2030,161,15,15,0.001
3856,e_demand,2030,161,16,16,0.001
3857,e_demand,2030,161,17,17,0.025
3858,e_demand,2030,161,18,18,0.025
3859,e_demand,2030,161,19,19,0.025
3860,e_demand,2030,161,20,20,0.025
3861,e_demand,2030,161,21,21,0.025
3862,e_demand,2030,161,22,22,0.025
3863,e_demand,2030,161,23,23,0.025
3864,e_demand,2030,161,24,24,0.025
3865,e_demand,2030,162,1,1,0.026043257252935714
3866,e_demand,2030,162,2,2,0.026043257252935714
3867,e_demand,2030,162,3,3,0.026043257252935714
3868,e_demand,2030,162,4,4,0.026043257252935714
3869,e_demand,2030,162,5,5,0.026043257252935714
3870,e_demand,2030,162,6,6,0.026043257252935714
3871,e_demand,2030,162,7,7,0.026043257252935714
3872,e_demand,2030,162,8,8,0.026043257252935714
3873,e_demand,2030,162,9,9,0.026043257252935714
3874,e_demand,2030,162,10,10,0.026043257252935714
3875,e_demand,2030,162,11,11,0.026043257252935714
3876,e_demand,2030,162,12,12,0.026043257252935714
3877,e_demand,2030,162,13,13,0.026043257252935714
3878,e_demand,2030,162,14,14,0.026043257252935714
3879,e_demand,2030,162,15,15,0.026043257252935714
3880,e_demand,2030,162,16,16,0.026043257252935714
3881,e_demand,2030,162,17,17,0.026043257252935714
3882,e_demand,2030,162,18,18,0.026043257252935714
3883,e_demand,2030,162,19,19,0.026043257252935714
3884,e_demand,2030,162,20,20,0.026043257252935714
3885,e_demand,2030,162,21,21,0.026043257252935714
3886,e_demand,2030,162,22,22,0.026043257252935714
3887,e_demand,2030,162,23,23,0.026043257252935714
3888,e_demand,2030,162,24,24,0.026043257252935714
3889,e_demand,2030,163,1,1,0.025713284743765857
3890,e_demand,2030,163,2,2,0.025713284743765857
3891,e_demand,2030,163,3,3,0.025713284743765857
3892,e_demand,2030,163,4,4,0.025713284743765857
3893,e_demand,2030,163,5,5,0.025713284743765857
3894,e_demand,2030,163,6,6,0.025713284743765857
3895,e_demand,2030,163,7,7,0.025713284743765857
3896,e_demand,2030,163,8,8,0.025713284743765857
3897,e_demand,2030,163,9,9,0.025713284743765857
3898,e_demand,2030,163,10,10,0.025713284743765857
3899,e_demand,2030,163,11,11,0.025713284743765857
3900,e_demand,2030,163,12,12,0.025713284743765857
3901,e_demand,2030,163,13,13,0.0010285313897506344
3902,e_demand,2030,163,14,14,0.0010285313897506344
3903,e_demand,2030,163,15,15,0.0010285313897506344
3904,e_demand,2030,163,16,16,0.0010285313897506344
3905,e_demand,2030,163,17,17,0.025713284743765857
3906,e_demand,2030,163,18,18,0.025713284743765857
3907,e_demand,2030,163,19,19,0.025713284743765857
3908,e_demand,2030,163,20,20,0.025713284743765857
3909,e_demand,2030,163,21,21,0.025713284743765857
3910,e_demand,2030,163,22,22,0.025713284743765857
3911,e_demand,2030,163,23,23,0.025713284743765857
3912,e_demand,2030,163,24,24,0.025713284743765857
3913,e_demand,2030,164,1,1,0.02560343945668649
3914,e_demand,2030,164,2,2,0.02560343945668649
3915,e_demand,2030,164,3,3,0.02560343945668649
3916,e_demand,2030,164,4,4,0.02560343945668649
3917,e_demand,2030,164,5,5,0.02560343945668649
3918,e_demand,2030,164,6,6,0.02560343945668649
3919,e_demand,2030,164,7,7,0.02560343945668649
3920,e_demand,2030,164,8,8,0.03584481523936109
3921,e_demand,2030,164,9,9,0.02560343945668649
3922,e_demand,2030,164,10,10,0.02560343945668649
3923,e_demand,2030,164,11,11,0.02560343945668649
3924,e_demand,2030,164,12,12,0.02560343945668649
3925,e_demand,2030,164,13,13,0.02560343945668649
3926,e_demand,2030,164,14,14,0.02560343945668649
3927,e_demand,2030,164,15,15,0.02560343945668649
3928,e_demand,2030,164,16,16,0.02560343945668649
3929,e_demand,2030,164,17,17,0.02560343945668649
3930,e_demand,2030,164,18,18,0.03584481523936109
3931,e_demand,2030,164,19,19,0.03584481523936109
3932,e_demand,2030,164,20,20,0.03584481523936109
3933,e_demand,2030,164,21,21,0.03584481523936109
3934,e_demand,2030,164,22,22,0.03584481523936109
3935,e_demand,2030,164,23,23,0.03584481523936109
3936,e_demand,2030,164,24,24,0.03584481523936109
3937,e_demand,2030,165,1,1,0.025
3938,e_demand,2030,165,2,2,0.025
3939,e_demand,2030,165,3,3,0.025
3940,e_demand,2030,165,4,4,0.025
3941,e_demand,2030,165,5,5,0.025
3942,e_demand,2030,165,6,6,0.025
3943,e_demand,2030,165,7,7,0.025
3944,e_demand,2030,165,8,8,0.025
3945,e_demand,2030,165,9,9,0.025
3946,e_demand,2030,165,10,10,0.025
3947,e_demand,2030,165,11,11,0.025
3948,e_demand,2030,165,12,12,0.025
3949,e_demand,2030,165,13,13,0.025
3950,e_demand,2030,165,14,14,0.001
3951,e_demand,2030,165,15,15,0.001
3952,e_demand,2030,165,16,16,0.025
3953,e_demand,2030,165,17,17,0.025
3954,e_demand,2030,165,18,18,0.025
3955,e_demand,2030,165,19,19,0.025
3956,e_demand,2030,165,20,20,0.025
3957,e_demand,2030,165,21,21,0.025
3958,e_demand,2030,165,22,22,0.025
3959,e_demand,2030,165,23,23,0.025
3960,e_demand,2030,165,24,24,0.025
3961,e_demand,2030,166,1,1,0.049804290018812106
3962,e_demand,2030,166,2,2,0.049804290018812106
3963,e_demand,2030,166,3,3,0.049804290018812106
3964,e_demand,2030,166,4,4,0.049804290018812106
3965,e_demand,2030,166,5,5,0.049804290018812106
3966,e_demand,2030,166,6,6,0.049804290018812106
3967,e_demand,2030,166,7,7,0.049804290018812106
3968,e_demand,2030,166,8,8,0.049804290018812106
3969,e_demand,2030,166,9,9,0.049804290018812106
3970,e_demand,2030,166,10,10,0.049804290018812106
3971,e_demand,2030,166,11,11,0.049804290018812106
3972,e_demand,2030,166,12,12,0.049804290018812106
3973,e_demand,2030,166,13,13,0.049804290018812106
3974,e_demand,2030,166,14,14,0.049804290018812106
3975,e_demand,2030,166,15,15,0.049804290018812106
3976,e_demand,2030,166,16,16,0.049804290018812106
3977,e_demand,2030,166,17,17,0.049804290018812106
3978,e_demand,2030,166,18,18,0.049804290018812106
3979,e_demand,2030,166,19,19,0.049804290018812106
3980,e_demand,2030,166,20,20,0.049804290018812106
3981,e_demand,2030,166,21,21,0.049804290018812106
3982,e_demand,2030,166,22,22,0.049804290018812106
3983,e_demand,2030,166,23,23,0.049804290018812106
3984,e_demand,2030,166,24,24,0.049804290018812106
3985,e_demand,2030,167,1,1,0.06839417712148758
3986,e_demand,2030,167,2,2,0.06839417712148758
3987,e_demand,2030,167,3,3,0.06839417712148758
3988,e_demand,2030,167,4,4,0.06839417712148758
3989,e_demand,2030,167,5,5,0.06839417712148758
3990,e_demand,2030,167,6,6,0.06839417712148758
3991,e_demand,2030,167,7,7,0.06839417712148758
3992,e_demand,2030,167,8,8,0.06839417712148758
3993,e_demand,2030,167,9,9,0.06839417712148758
3994,e_demand,2030,167,10,10,0.06839417712148758
3995,e_demand,2030,167,11,11,0.06839417712148758
3996,e_demand,2030,167,12,12,0.0027357670848595036
3997,e_demand,2030,167,13,13,0.0027357670848595036
3998,e_demand,2030,167,14,14,0.0027357670848595036
3999,e_demand,2030,167,15,15,0.0027357670848595036
4000,e_demand,2030,167,16,16,0.0027357670848595036
4001,e_demand,2030,167,17,17,0.06839417712148758
4002,e_demand,2030,167,18,18,0.06839417712148758
4003,e_demand,2030,167,19,19,0.06839417712148758
4004,e_demand,2030,167,20,20,0.06839417712148758
4005,e_demand,2030,167,21,21,0.06839417712148758
4006,e_demand,2030,167,22,22,0.06839417712148758
4007,e_demand,2030,167,23,23,0.06839417712148758
4008,e_demand,2030,167,24,24,0.06839417712148758
4009,e_demand,2030,168,1,1,0.025320655078245675
4010,e_demand,2030,168,2,2,0.025320655078245675
4011,e_demand,2030,168,3,3,0.025320655078245675
4012,e_demand,2030,168,4,4,0.025320655078245675
4013,e_demand,2030,168,5,5,0.025320655078245675
4014,e_demand,2030,168,6,6,0.025320655078245675
4015,e_demand,2030,168,7,7,0.025320655078245675
4016,e_demand,2030,168,8,8,0.025320655078245675
4017,e_demand,2030,168,9,9,0.025320655078245675
4018,e_demand,2030,168,10,10,0.025320655078245675
4019,e_demand,2030,168,11,11,0.025320655078245675
4020,e_demand,2030,168,12,12,0.025320655078245675
4021,e_demand,2030,168,13,13,0.025320655078245675
4022,e_demand,2030,168,14,14,0.025320655078245675
4023,e_demand,2030,168,15,15,0.025320655078245675
4024,e_demand,2030,168,16,16,0.025320655078245675
4025,e_demand,2030,168,17,17,0.025320655078245675
4026,e_demand,2030,168,18,18,0.025320655078245675
4027,e_demand,2030,168,19,19,0.025320655078245675
4028,e_demand,2030,168,20,20,0.025320655078245675
4029,e_demand,2030,168,21,21,0.025320655078245675
4030,e_demand,2030,168,22,22,0.025320655078245675
4031,e_demand,2030,168,23,23,0.025320655078245675
4032,e_demand,2030,168,24,24,0.025320655078245675
4033,e_demand,2030,169,1,1,0.025
4034,e_demand,2030,169,2,2,0.025
4035,e_demand,2030,169,3,3,0.025
4036,e_demand,2030,169,4,4,0.025
4037,e_demand,2030,169,5,5,0.025
4038,e_demand,2030,169,6,6,0.025
4039,e_demand,2030,169,7,7,0.025
4040,e_demand,2030,169,8,8,0.025
4041,e_demand,2030,169,9,9,0.025
4042,e_demand,2030,169,10,10,0.025
4043,e_demand,2030,169,11,11,0.025
4044,e_demand,2030,169,12,12,0.025
4045,e_demand,2030,169,13,13,0.001
4046,e_demand,2030,169,14,14,0.001
4047,e_demand,2030,169,15,15,0.025
4048,e_demand,2030,169,16,16,0.025
4049,e_demand,2030,169,17,17,0.025
4050,e_demand,2030,169,18,18,0.025
4051,e_demand,2030,169,19,19,0.025
4052,e_demand,2030,169,20,20,0.025
4053,e_demand,2030,169,21,21,0.025
4054,e_demand,2030,169,22,22,0.025
4055,e_demand,2030,169,23,23,0.025
4056,e_demand,2030,169,24,24,0.025
4057,e_demand,2030,170,1,1,0.025
4058,e_demand,2030,170,2,2,0.025
4059,e_demand,2030,170,3,3,0.025
4060,e_demand,2030,170,4,4,0.025
4061,e_demand,2030,170,5,5,0.025
4062,e_demand,2030,170,6,6,0.025
4063,e_demand,2030,170,7,7,0.025
4064,e_demand,2030,170,8,8,0.025
4065,e_demand,2030,170,9,9,0.025
4066,e_demand,2030,170,10,10,0.025
4067,e_demand,2030,170,11,11,0.025
4068,e_demand,2030,170,12,12,0.025
4069,e_demand,2030,170,13,13,0.025
4070,e_demand,2030,170,14,14,0.025
4071,e_demand,2030,170,15,15,0.025
4072,e_demand,2030,170,16,16,0.025
4073,e_demand,2030,170,17,17,0.025
4074,e_demand,2030,170,18,18,0.025
4075,e_demand,2030,170,19,19,0.025
4076,e_demand,2030,170,20,20,0.025
4077,e_demand,2030,170,21,21,0.025
4078,e_demand,2030,170,22,22,0.025
4079,e_demand,2030,170,23,23,0.025
4080,e_demand,2030,170,24,24,0.025
4081,e_demand,2030,171,1,1,0.04434472741184464
4082,e_demand,2030,171,2,2,0.04434472741184464
4083,e_demand,2030,171,3,3,0.04434472741184464
4084,e_demand,2030,171,4,4,0.04434472741184464
4085,e_demand,2030,171,5,5,0.04434472741184464
4086,e_demand,2030,171,6,6,0.04434472741184464
4087,e_demand,2030,171,7,7,0.04434472741184464
4088,e_demand,2030,171,8,8,0.04434472741184464
4089,e_demand,2030,171,9,9,0.04434472741184464
4090,e_demand,2030,171,10,10,0.04434472741184464
4091,e_demand,2030,171,11,11,0.04434472741184464
4092,e_demand,2030,171,12,12,0.04434472741184464
4093,e_demand,2030,171,13,13,0.04434472741184464
4094,e_demand,2030,171,14,14,0.04434472741184464
4095,e_demand,2030,171,15,15,0.04434472741184464
4096,e_demand,2030,171,16,16,0.04434472741184464
4097,e_demand,2030,171,17,17,0.04434472741184464
4098,e_demand,2030,171,18,18,0.04434472741184464
4099,e_demand,2030,171,19,19,0.04434472741184464
4100,e_demand,2030,171,20,20,0.04434472741184464
4101,e_demand,2030,171,21,21,0.04434472741184464
4102,e_demand,2030,171,22,22,0.04434472741184464
4103,e_demand,2030,171,23,23,0.04434472741184464
4104,e_demand,2030,171,24,24,0.04434472741184464
4105,e_demand,2030,172,1,1,0.025
4106,e_demand,2030,172,2,2,0.025
4107,e_demand,2030,172,3,3,0.025
4108,e_demand,2030,172,4,4,0.025
4109,e_demand,2030,172,5,5,0.025
4110,e_demand,2030,172,6,6,0.025
4111,e_demand,2030,172,7,7,0.025
4112,e_demand,2030,172,8,8,0.025
4113,e_demand,2030,172,9,9,0.025
4114,e_demand,2030,172,10,10,0.025
4115,e_demand,2030,172,11,11,0.025
4116,e_demand,2030,172,12,12,0.025
4117,e_demand,2030,172,13,13,0.025
4118,e_demand,2030,172,14,14,0.025
4119,e_demand,2030,172,15,15,0.025
4120,e_demand,2030,172,16,16,0.025
4121,e_demand,2030,172,17,17,0.025
4122,e_demand,2030,172,18,18,0.025
4123,e_demand,2030,172,19,19,0.025
4124,e_demand,2030,172,20,20,0.025
4125,e_demand,2030,172,21,21,0.025
4126,e_demand,2030,172,22,22,0.025
4127,e_demand,2030,172,23,23,0.025
4128,e_demand,2030,172,24,24,0.025
4129,e_demand,2030,173,1,1,0.026035037183296906
4130,e_demand,2030,173,2,2,0.026035037183296906
4131,e_demand,2030,173,3,3,0.026035037183296906
4132,e_demand,2030,173,4,4,0.026035037183296906
4133,e_demand,2030,173,5,5,0.026035037183296906
4134,e_demand,2030,173,6,6,0.026035037183296906
4135,e_demand,2030,173,7,7,0.026035037183296906
4136,e_demand,2030,173,8,8,0.026035037183296906
4137,e_demand,2030,173,9,9,0.026035037183296906
4138,e_demand,2030,173,10,10,0.026035037183296906
4139,e_demand,2030,173,11,11,0.026035037183296906
4140,e_demand,2030,173,12,12,0.026035037183296906
4141,e_demand,2030,173,13,13,0.0010414014873318762
4142,e_demand,2030,173,14,14,0.0010414014873318762
4143,e_demand,2030,173,15,15,0.026035037183296906
4144,e_demand,2030,173,16,16,0.026035037183296906
4145,e_demand,2030,173,17,17,0.026035037183296906
4146,e_demand,2030,173,18,18,0.026035037183296906
4147,e_demand,2030,173,19,19,0.026035037183296906
4148,e_demand,2030,173,20,20,0.026035037183296906
4149,e_demand,2030,173,21,21,0.026035037183296906
4150,e_demand,2030,173,22,22,0.026035037183296906
4151,e_demand,2030,173,23,23,0.026035037183296906
4152,e_demand,2030,173,24,24,0.026035037183296906
4153,e_demand,2030,174,1,1,0.025
4154,e_demand,2030,174,2,2,0.025
4155,e_demand,2030,174,3,3,0.025
4156,e_demand,2030,174,4,4,0.025
4157,e_demand,2030,174,5,5,0.025
4158,e_demand,2030,174,6,6,0.025
4159,e_demand,2030,174,7,7,0.025
4160,e_demand,2030,174,8,8,0.025
4161,e_demand,2030,174,9,9,0.025
4162,e_demand,2030,174,10,10,0.025
4163,e_demand,2030,174,11,11,0.025
4164,e_demand,2030,174,12,12,0.025
4165,e_demand,2030,174,13,13,0.001
4166,e_demand,2030,174,14,14,0.001
4167,e_demand,2030,174,15,15,0.001
4168,e_demand,2030,174,16,16,0.001
4169,e_demand,2030,174,17,17,0.001
4170,e_demand,2030,174,18,18,0.025
4171,e_demand,2030,174,19,19,0.025
4172,e_demand,2030,174,20,20,0.025
4173,e_demand,2030,174,21,21,0.025
4174,e_demand,2030,174,22,22,0.025
4175,e_demand,2030,174,23,23,0.025
4176,e_demand,2030,174,24,24,0.025
4177,e_demand,2030,175,1,1,0.04749303928861325
4178,e_demand,2030,175,2,2,0.04749303928861325
4179,e_demand,2030,175,3,3,0.04749303928861325
4180,e_demand,2030,175,4,4,0.04749303928861325
4181,e_demand,2030,175,5,5,0.04749303928861325
4182,e_demand,2030,175,6,6,0.04749303928861325
4183,e_demand,2030,175,7,7,0.04749303928861325
4184,e_demand,2030,175,8,8,0.04749303928861325
4185,e_demand,2030,175,9,9,0.04749303928861325
4186,e_demand,2030,175,10,10,0.04749303928861325
4187,e_demand,2030,175,11,11,0.04749303928861325
4188,e_demand,2030,175,12,12,0.0018997215715445299
4189,e_demand,2030,175,13,13,0.0018997215715445299
4190,e_demand,2030,175,14,14,0.0018997215715445299
4191,e_demand,2030,175,15,15,0.0018997215715445299
4192,e_demand,2030,175,16,16,0.0018997215715445299
4193,e_demand,2030,175,17,17,0.04749303928861325
4194,e_demand,2030,175,18,18,0.04749303928861325
4195,e_demand,2030,175,19,19,0.04749303928861325
4196,e_demand,2030,175,20,20,0.04749303928861325
4197,e_demand,2030,175,21,21,0.04749303928861325
4198,e_demand,2030,175,22,22,0.04749303928861325
4199,e_demand,2030,175,23,23,0.04749303928861325
4200,e_demand,2030,175,24,24,0.04749303928861325
4201,e_demand,2030,176,1,1,0.06574092863045708
4202,e_demand,2030,176,2,2,0.06574092863045708
4203,e_demand,2030,176,3,3,0.06574092863045708
4204,e_demand,2030,176,4,4,0.06574092863045708
4205,e_demand,2030,176,5,5,0.06574092863045708
4206,e_demand,2030,176,6,6,0.06574092863045708
4207,e_demand,2030,176,7,7,0.06574092863045708
4208,e_demand,2030,176,8,8,0.06574092863045708
4209,e_demand,2030,176,9,9,0.06574092863045708
4210,e_demand,2030,176,10,10,0.06574092863045708
4211,e_demand,2030,176,11,11,0.06574092863045708
4212,e_demand,2030,176,12,12,0.06574092863045708
4213,e_demand,2030,176,13,13,0.06574092863045708
4214,e_demand,2030,176,14,14,0.002629637145218283
4215,e_demand,2030,176,15,15,0.06574092863045708
4216,e_demand,2030,176,16,16,0.06574092863045708
4217,e_demand,2030,176,17,17,0.06574092863045708
4218,e_demand,2030,176,18,18,0.06574092863045708
4219,e_demand,2030,176,19,19,0.06574092863045708
4220,e_demand,2030,176,20,20,0.06574092863045708
4221,e_demand,2030,176,21,21,0.06574092863045708
4222,e_demand,2030,176,22,22,0.06574092863045708
4223,e_demand,2030,176,23,23,0.06574092863045708
4224,e_demand,2030,176,24,24,0.06574092863045708
4225,e_demand,2030,177,1,1,0.02663486789590283
4226,e_demand,2030,177,2,2,0.02663486789590283
4227,e_demand,2030,177,3,3,0.02663486789590283
4228,e_demand,2030,177,4,4,0.02663486789590283
4229,e_demand,2030,177,5,5,0.02663486789590283
4230,e_demand,2030,177,6,6,0.02663486789590283
4231,e_demand,2030,177,7,7,0.02663486789590283
4232,e_demand,2030,177,8,8,0.02663486789590283
4233,e_demand,2030,177,9,9,0.02663486789590283
4234,e_demand,2030,177,10,10,0.02663486789590283
4235,e_demand,2030,177,11,11,0.02663486789590283
4236,e_demand,2030,177,12,12,0.02663486789590283
4237,e_demand,2030,177,13,13,0.02663486789590283
4238,e_demand,2030,177,14,14,0.02663486789590283
4239,e_demand,2030,177,15,15,0.02663486789590283
4240,e_demand,2030,177,16,16,0.02663486789590283
4241,e_demand,2030,177,17,17,0.02663486789590283
4242,e_demand,2030,177,18,18,0.02663486789590283
4243,e_demand,2030,177,19,19,0.037288815054263964
4244,e_demand,2030,177,20,20,0.037288815054263964
4245,e_demand,2030,177,21,21,0.037288815054263964
4246,e_demand,2030,177,22,22,0.02663486789590283
4247,e_demand,2030,177,23,23,0.02663486789590283
4248,e_demand,2030,177,24,24,0.02663486789590283
4249,e_demand,2030,178,1,1,0.035931158650339856
4250,e_demand,2030,178,2,2,0.035931158650339856
4251,e_demand,2030,178,3,3,0.035931158650339856
4252,e_demand,2030,178,4,4,0.035931158650339856
4253,e_demand,2030,178,5,5,0.035931158650339856
4254,e_demand,2030,178,6,6,0.035931158650339856
4255,e_demand,2030,178,7,7,0.035931158650339856
4256,e_demand,2030,178,8,8,0.035931158650339856
4257,e_demand,2030,178,9,9,0.035931158650339856
4258,e_demand,2030,178,10,10,0.035931158650339856
4259,e_demand,2030,178,11,11,0.035931158650339856
4260,e_demand,2030,178,12,12,0.035931158650339856
4261,e_demand,2030,178,13,13,0.035931158650339856
4262,e_demand,2030,178,14,14,0.035931158650339856
4263,e_demand,2030,178,15,15,0.035931158650339856
4264,e_demand,2030,178,16,16,0.035931158650339856
4265,e_demand,2030,178,17,17,0.035931158650339856
4266,e_demand,2030,178,18,18,0.035931158650339856
4267,e_demand,2030,178,19,19,0.035931158650339856
4268,e_demand,2030,178,20,20,0.035931158650339856
4269,e_demand,2030,178,21,21,0.035931158650339856
4270,e_demand,2030,178,22,22,0.035931158650339856
4271,e_demand,2030,178,23,23,0.035931158650339856
4272,e_demand,2030,178,24,24,0.035931158650339856
4273,e_demand,2030,179,1,1,0.03802684645077517
4274,e_demand,2030,179,2,2,0.03802684645077517
4275,e_demand,2030,179,3,3,0.03802684645077517
4276,e_demand,2030,179,4,4,0.03802684645077517
4277,e_demand,2030,179,5,5,0.03802684645077517
4278,e_demand,2030,179,6,6,0.03802684645077517
4279,e_demand,2030,179,7,7,0.03802684645077517
4280,e_demand,2030,179,8,8,0.03802684645077517
4281,e_demand,2030,179,9,9,0.03802684645077517
4282,e_demand,2030,179,10,10,0.03802684645077517
4283,e_demand,2030,179,11,11,0.03802684645077517
4284,e_demand,2030,179,12,12,0.03802684645077517
4285,e_demand,2030,179,13,13,0.03802684645077517
4286,e_demand,2030,179,14,14,0.03802684645077517
4287,e_demand,2030,179,15,15,0.03802684645077517
4288,e_demand,2030,179,16,16,0.03802684645077517
4289,e_demand,2030,179,17,17,0.03802684645077517
4290,e_demand,2030,179,18,18,0.03802684645077517
4291,e_demand,2030,179,19,19,0.03802684645077517
4292,e_demand,2030,179,20,20,0.03802684645077517
4293,e_demand,2030,179,21,21,0.03802684645077517
4294,e_demand,2030,179,22,22,0.03802684645077517
4295,e_demand,2030,179,23,23,0.03802684645077517
4296,e_demand,2030,179,24,24,0.03802684645077517
4297,e_demand,2030,180,1,1,0.025
4298,e_demand,2030,180,2,2,0.025
4299,e_demand,2030,180,3,3,0.025
4300,e_demand,2030,180,4,4,0.025
4301,e_demand,2030,180,5,5,0.025
4302,e_demand,2030,180,6,6,0.025
4303,e_demand,2030,180,7,7,0.025
4304,e_demand,2030,180,8,8,0.025
4305,e_demand,2030,180,9,9,0.025
4306,e_demand,2030,180,10,10,0.025
4307,e_demand,2030,180,11,11,0.025
4308,e_demand,2030,180,12,12,0.025
4309,e_demand,2030,180,13,13,0.025
4310,e_demand,2030,180,14,14,0.025
4311,e_demand,2030,180,15,15,0.025
4312,e_demand,2030,180,16,16,0.025
4313,e_demand,2030,180,17,17,0.025
4314,e_demand,2030,180,18,18,0.025
4315,e_demand,2030,180,19,19,0.025
4316,e_demand,2030,180,20,20,0.025
4317,e_demand,2030,180,21,21,0.025
4318,e_demand,2030,180,22,22,0.025
4319,e_demand,2030,180,23,23,0.025
4320,e_demand,2030,180,24,24,0.025
4321,e_demand,2030,181,1,1,0.02989552147992233
4322,e_demand,2030,181,2,2,0.02989552147992233
4323,e_demand,2030,181,3,3,0.02989552147992233
4324,e_demand,2030,181,4,4,0.02989552147992233
4325,e_demand,2030,181,5,5,0.02989552147992233
4326,e_demand,2030,181,6,6,0.02989552147992233
4327,e_demand,2030,181,7,7,0.02989552147992233
4328,e_demand,2030,181,8,8,0.02989552147992233
4329,e_demand,2030,181,9,9,0.02989552147992233
4330,e_demand,2030,181,10,10,0.001195820859196893
4331,e_demand,2030,181,11,11,0.001195820859196893
4332,e_demand,2030,181,12,12,0.001195820859196893
4333,e_demand,2030,181,13,13,0.001195820859196893
4334,e_demand,2030,181,14,14,0.001195820859196893
4335,e_demand,2030,181,15,15,0.001195820859196893
4336,e_demand,2030,181,16,16,0.001195820859196893
4337,e_demand,2030,181,17,17,0.02989552147992233
4338,e_demand,2030,181,18,18,0.02989552147992233
4339,e_demand,2030,181,19,19,0.02989552147992233
4340,e_demand,2030,181,20,20,0.02989552147992233
4341,e_demand,2030,181,21,21,0.02989552147992233
4342,e_demand,2030,181,22,22,0.02989552147992233
4343,e_demand,2030,181,23,23,0.02989552147992233
4344,e_demand,2030,181,24,24,0.02989552147992233
4345,e_demand,2030,182,1,1,0.03071211882114715
4346,e_demand,2030,182,2,2,0.03071211882114715
4347,e_demand,2030,182,3,3,0.03071211882114715
4348,e_demand,2030,182,4,4,0.03071211882114715
4349,e_demand,2030,182,5,5,0.03071211882114715
4350,e_demand,2030,182,6,6,0.03071211882114715
4351,e_demand,2030,182,7,7,0.03071211882114715
4352,e_demand,2030,182,8,8,0.03071211882114715
4353,e_demand,2030,182,9,9,0.03071211882114715
4354,e_demand,2030,182,10,10,0.03071211882114715
4355,e_demand,2030,182,11,11,0.03071211882114715
4356,e_demand,2030,182,12,12,0.03071211882114715
4357,e_demand,2030,182,13,13,0.03071211882114715
4358,e_demand,2030,182,14,14,0.03071211882114715
4359,e_demand,2030,182,15,15,0.03071211882114715
4360,e_demand,2030,182,16,16,0.03071211882114715
4361,e_demand,2030,182,17,17,0.03071211882114715
4362,e_demand,2030,182,18,18,0.03071211882114715
4363,e_demand,2030,182,19,19,0.03071211882114715
4364,e_demand,2030,182,20,20,0.03071211882114715
4365,e_demand,2030,182,21,21,0.03071211882114715
4366,e_demand,2030,182,22,22,0.03071211882114715
4367,e_demand,2030,182,23,23,0.03071211882114715
4368,e_demand,2030,182,24,24,0.03071211882114715
4369,e_demand,2030,183,1,1,0.025
4370,e_demand,2030,183,2,2,0.025
4371,e_demand,2030,183,3,3,0.025
4372,e_demand,2030,183,4,4,0.025
4373,e_demand,2030,183,5,5,0.025
4374,e_demand,2030,183,6,6,0.025
4375,e_demand,2030,183,7,7,0.025
4376,e_demand,2030,183,8,8,0.025
4377,e_demand,2030,183,9,9,0.025
4378,e_demand,2030,183,10,10,0.025
4379,e_demand,2030,183,11,11,0.025
4380,e_demand,2030,183,12,12,0.001
4381,e_demand,2030,183,13,13,0.001
4382,e_demand,2030,183,14,14,0.001
4383,e_demand,2030,183,15,15,0.001
4384,e_demand,2030,183,16,16,0.025
4385,e_demand,2030,183,17,17,0.025
4386,e_demand,2030,183,18,18,0.025
4387,e_demand,2030,183,19,19,0.025
4388,e_demand,2030,183,20,20,0.025
4389,e_demand,2030,183,21,21,0.025
4390,e_demand,2030,183,22,22,0.025
4391,e_demand,2030,183,23,23,0.025
4392,e_demand,2030,183,24,24,0.025
4393,e_demand,2030,184,1,1,0.026036990186157096
4394,e_demand,2030,184,2,2,0.026036990186157096
4395,e_demand,2030,184,3,3,0.026036990186157096
4396,e_demand,2030,184,4,4,0.026036990186157096
4397,e_demand,2030,184,5,5,0.026036990186157096
4398,e_demand,2030,184,6,6,0.026036990186157096
4399,e_demand,2030,184,7,7,0.026036990186157096
4400,e_demand,2030,184,8,8,0.026036990186157096
4401,e_demand,2030,184,9,9,0.026036990186157096
4402,e_demand,2030,184,10,10,0.026036990186157096
4403,e_demand,2030,184,11,11,0.026036990186157096
4404,e_demand,2030,184,12,12,0.026036990186157096
4405,e_demand,2030,184,13,13,0.0010414796074462837
4406,e_demand,2030,184,14,14,0.0010414796074462837
4407,e_demand,2030,184,15,15,0.0010414796074462837
4408,e_demand,2030,184,16,16,0.0010414796074462837
4409,e_demand,2030,184,17,17,0.026036990186157096
4410,e_demand,2030,184,18,18,0.026036990186157096
4411,e_demand,2030,184,19,19,0.026036990186157096
4412,e_demand,2030,184,20,20,0.026036990186157096
4413,e_demand,2030,184,21,21,0.026036990186157096
4414,e_demand,2030,184,22,22,0.026036990186157096
4415,e_demand,2030,184,23,23,0.026036990186157096
4416,e_demand,2030,184,24,24,0.026036990186157096
4417,e_demand,2030,185,1,1,0.0702437166945086
4418,e_demand,2030,185,2,2,0.0702437166945086
4419,e_demand,2030,185,3,3,0.0702437166945086
4420,e_demand,2030,185,4,4,0.0702437166945086
4421,e_demand,2030,185,5,5,0.0702437166945086
4422,e_demand,2030,185,6,6,0.0702437166945086
4423,e_demand,2030,185,7,7,0.0702437166945086
4424,e_demand,2030,185,8,8,0.0702437166945086
4425,e_demand,2030,185,9,9,0.0702437166945086
4426,e_demand,2030,185,10,10,0.0702437166945086
4427,e_demand,2030,185,11,11,0.0702437166945086
4428,e_demand,2030,185,12,12,0.0702437166945086
4429,e_demand,2030,185,13,13,0.002809748667780344
4430,e_demand,2030,185,14,14,0.002809748667780344
4431,e_demand,2030,185,15,15,0.002809748667780344
4432,e_demand,2030,185,16,16,0.0702437166945086
4433,e_demand,2030,185,17,17,0.0702437166945086
4434,e_demand,2030,185,18,18,0.0702437166945086
4435,e_demand,2030,185,19,19,0.0702437166945086
4436,e_demand,2030,185,20,20,0.0702437166945086
4437,e_demand,2030,185,21,21,0.0702437166945086
4438,e_demand,2030,185,22,22,0.0702437166945086
4439,e_demand,2030,185,23,23,0.0702437166945086
4440,e_demand,2030,185,24,24,0.0702437166945086
4441,e_demand,2030,186,1,1,0.07761575911487385
4442,e_demand,2030,186,2,2,0.07761575911487385
4443,e_demand,2030,186,3,3,0.07761575911487385
4444,e_demand,2030,186,4,4,0.07761575911487385
4445,e_demand,2030,186,5,5,0.07761575911487385
4446,e_demand,2030,186,6,6,0.07761575911487385
4447,e_demand,2030,186,7,7,0.07761575911487385
4448,e_demand,2030,186,8,8,0.07761575911487385
4449,e_demand,2030,186,9,9,0.07761575911487385
4450,e_demand,2030,186,10,10,0.07761575911487385
4451,e_demand,2030,186,11,11,0.003104630364594954
4452,e_demand,2030,186,12,12,0.003104630364594954
4453,e_demand,2030,186,13,13,0.003104630364594954
4454,e_demand,2030,186,14,14,0.003104630364594954
4455,e_demand,2030,186,15,15,0.003104630364594954
4456,e_demand,2030,186,16,16,0.003104630364594954
4457,e_demand,2030,186,17,17,0.07761575911487385
4458,e_demand,2030,186,18,18,0.07761575911487385
4459,e_demand,2030,186,19,19,0.07761575911487385
4460,e_demand,2030,186,20,20,0.07761575911487385
4461,e_demand,2030,186,21,21,0.07761575911487385
4462,e_demand,2030,186,22,22,0.07761575911487385
4463,e_demand,2030,186,23,23,0.07761575911487385
4464,e_demand,2030,186,24,24,0.07761575911487385
4465,e_demand,2030,187,1,1,0.025
4466,e_demand,2030,187,2,2,0.025
4467,e_demand,2030,187,3,3,0.025
4468,e_demand,2030,187,4,4,0.025
4469,e_demand,2030,187,5,5,0.025
4470,e_demand,2030,187,6,6,0.025
4471,e_demand,2030,187,7,7,0.025
4472,e_demand,2030,187,8,8,0.025
4473,e_demand,2030,187,9,9,0.025
4474,e_demand,2030,187,10,10,0.025
4475,e_demand,2030,187,11,11,0.025
4476,e_demand,2030,187,12,12,0.025
4477,e_demand,2030,187,13,13,0.001
4478,e_demand,2030,187,14,14,0.001
4479,e_demand,2030,187,15,15,0.001
4480,e_demand,2030,187,16,16,0.025
4481,e_demand,2030,187,17,17,0.025
4482,e_demand,2030,187,18,18,0.025
4483,e_demand,2030,187,19,19,0.025
4484,e_demand,2030,187,20,20,0.025
4485,e_demand,2030,187,21,21,0.025
4486,e_demand,2030,187,22,22,0.025
4487,e_demand,2030,187,23,23,0.025
4488,e_demand,2030,187,24,24,0.025
4489,e_demand,2030,188,1,1,0.02762006688105057
4490,e_demand,2030,188,2,2,0.02762006688105057
4491,e_demand,2030,188,3,3,0.02762006688105057
4492,e_demand,2030,188,4,4,0.02762006688105057
4493,e_demand,2030,188,5,5,0.02762006688105057
4494,e_demand,2030,188,6,6,0.02762006688105057
4495,e_demand,2030,188,7,7,0.02762006688105057
4496,e_demand,2030,188,8,8,0.02762006688105057
4497,e_demand,2030,188,9,9,0.02762006688105057
4498,e_demand,2030,188,10,10,0.02762006688105057
4499,e_demand,2030,188,11,11,0.02762006688105057
4500,e_demand,2030,188,12,12,0.02762006688105057
4501,e_demand,2030,188,13,13,0.02762006688105057
4502,e_demand,2030,188,14,14,0.0011048026752420229
4503,e_demand,2030,188,15,15,0.02762006688105057
4504,e_demand,2030,188,16,16,0.02762006688105057
4505,e_demand,2030,188,17,17,0.02762006688105057
4506,e_demand,2030,188,18,18,0.02762006688105057
4507,e_demand,2030,188,19,19,0.02762006688105057
4508,e_demand,2030,188,20,20,0.02762006688105057
4509,e_demand,2030,188,21,21,0.02762006688105057
4510,e_demand,2030,188,22,22,0.02762006688105057
4511,e_demand,2030,188,23,23,0.02762006688105057
4512,e_demand,2030,188,24,24,0.02762006688105057
4513,e_demand,2030,189,1,1,0.044870103228043134
4514,e_demand,2030,189,2,2,0.044870103228043134
4515,e_demand,2030,189,3,3,0.044870103228043134
4516,e_demand,2030,189,4,4,0.044870103228043134
4517,e_demand,2030,189,5,5,0.044870103228043134
4518,e_demand,2030,189,6,6,0.044870103228043134
4519,e_demand,2030,189,7,7,0.044870103228043134
4520,e_demand,2030,189,8,8,0.044870103228043134
4521,e_demand,2030,189,9,9,0.044870103228043134
4522,e_demand,2030,189,10,10,0.0017948041291217251
4523,e_demand,2030,189,11,11,0.0017948041291217251
4524,e_demand,2030,189,12,12,0.0017948041291217251
4525,e_demand,2030,189,13,13,0.0017948041291217251
4526,e_demand,2030,189,14,14,0.0017948041291217251
4527,e_demand,2030,189,15,15,0.0017948041291217251
4528,e_demand,2030,189,16,16,0.0017948041291217251
4529,e_demand,2030,189,17,17,0.044870103228043134
4530,e_demand,2030,189,18,18,0.044870103228043134
4531,e_demand,2030,189,19,19,0.044870103228043134
4532,e_demand,2030,189,20,20,0.044870103228043134
4533,e_demand,2030,189,21,21,0.044870103228043134
4534,e_demand,2030,189,22,22,0.044870103228043134
4535,e_demand,2030,189,23,23,0.044870103228043134
4536,e_demand,2030,189,24,24,0.044870103228043134
4537,e_demand,2030,190,1,1,0.02771882239179659
4538,e_demand,2030,190,2,2,0.02771882239179659
4539,e_demand,2030,190,3,3,0.02771882239179659
4540,e_demand,2030,190,4,4,0.02771882239179659
4541,e_demand,2030,190,5,5,0.02771882239179659
4542,e_demand,2030,190,6,6,0.02771882239179659
4543,e_demand,2030,190,7,7,0.02771882239179659
4544,e_demand,2030,190,8,8,0.02771882239179659
4545,e_demand,2030,190,9,9,0.02771882239179659
4546,e_demand,2030,190,10,10,0.02771882239179659
4547,e_demand,2030,190,11,11,0.02771882239179659
4548,e_demand,2030,190,12,12,0.02771882239179659
4549,e_demand,2030,190,13,13,0.02771882239179659
4550,e_demand,2030,190,14,14,0.02771882239179659
4551,e_demand,2030,190,15,15,0.02771882239179659
4552,e_demand,2030,190,16,16,0.02771882239179659
4553,e_demand,2030,190,17,17,0.02771882239179659
4554,e_demand,2030,190,18,18,0.02771882239179659
4555,e_demand,2030,190,19,19,0.02771882239179659
4556,e_demand,2030,190,20,20,0.02771882239179659
4557,e_demand,2030,190,21,21,0.02771882239179659
4558,e_demand,2030,190,22,22,0.02771882239179659
4559,e_demand,2030,190,23,23,0.02771882239179659
4560,e_demand,2030,190,24,24,0.02771882239179659
4561,e_demand,2030,191,1,1,0.037247877502709796
4562,e_demand,2030,191,2,2,0.037247877502709796
4563,e_demand,2030,191,3,3,0.037247877502709796
4564,e_demand,2030,191,4,4,0.037247877502709796
4565,e_demand,2030,191,5,5,0.037247877502709796
4566,e_demand,2030,191,6,6,0.037247877502709796
4567,e_demand,2030,191,7,7,0.037247877502709796
4568,e_demand,2030,191,8,8,0.037247877502709796
4569,e_demand,2030,191,9,9,0.05214702850379372
4570,e_demand,2030,191,10,10,0.037247877502709796
4571,e_demand,2030,191,11,11,0.037247877502709796
4572,e_demand,2030,191,12,12,0.037247877502709796
4573,e_demand,2030,191,13,13,0.037247877502709796
4574,e_demand,2030,191,14,14,0.037247877502709796
4575,e_demand,2030,191,15,15,0.037247877502709796
4576,e_demand,2030,191,16,16,0.037247877502709796
4577,e_demand,2030,191,17,17,0.05214702850379372
4578,e_demand,2030,191,18,18,0.05214702850379372
4579,e_demand,2030,191,19,19,0.05214702850379372
4580,e_demand,2030,191,20,20,0.05214702850379372
4581,e_demand,2030,191,21,21,0.05214702850379372
4582,e_demand,2030,191,22,22,0.05214702850379372
4583,e_demand,2030,191,23,23,0.05214702850379372
4584,e_demand,2030,191,24,24,0.05214702850379372
4585,e_demand,2030,192,1,1,0.04520730288571149
4586,e_demand,2030,192,2,2,0.04520730288571149
4587,e_demand,2030,192,3,3,0.04520730288571149
4588,e_demand,2030,192,4,4,0.04520730288571149
4589,e_demand,2030,192,5,5,0.04520730288571149
4590,e_demand,2030,192,6,6,0.04520730288571149
4591,e_demand,2030,192,7,7,0.04520730288571149
4592,e_demand,2030,192,8,8,0.04520730288571149
4593,e_demand,2030,192,9,9,0.04520730288571149
4594,e_demand,2030,192,10,10,0.04520730288571149
4595,e_demand,2030,192,11,11,0.04520730288571149
4596,e_demand,2030,192,12,12,0.0018082921154284595
4597,e_demand,2030,192,13,13,0.0018082921154284595
4598,e_demand,2030,192,14,14,0.0018082921154284595
4599,e_demand,2030,192,15,15,0.0018082921154284595
4600,e_demand,2030,192,16,16,0.0018082921154284595
4601,e_demand,2030,192,17,17,0.04520730288571149
4602,e_demand,2030,192,18,18,0.04520730288571149
4603,e_demand,2030,192,19,19,0.04520730288571149
4604,e_demand,2030,192,20,20,0.04520730288571149
4605,e_demand,2030,192,21,21,0.04520730288571149
4606,e_demand,2030,192,22,22,0.04520730288571149
4607,e_demand,2030,192,23,23,0.04520730288571149
4608,e_demand,2030,192,24,24,0.04520730288571149
4609,e_demand,2030,193,1,1,0.15068941030623012
4610,e_demand,2030,193,2,2,0.15068941030623012
4611,e_demand,2030,193,3,3,0.15068941030623012
4612,e_demand,2030,193,4,4,0.15068941030623012
4613,e_demand,2030,193,5,5,0.15068941030623012
4614,e_demand,2030,193,6,6,0.15068941030623012
4615,e_demand,2030,193,7,7,0.15068941030623012
4616,e_demand,2030,193,8,8,0.15068941030623012
4617,e_demand,2030,193,9,9,0.15068941030623012
4618,e_demand,2030,193,10,10,0.006027576412249204
4619,e_demand,2030,193,11,11,0.006027576412249204
4620,e_demand,2030,193,12,12,0.006027576412249204
4621,e_demand,2030,193,13,13,0.006027576412249204
4622,e_demand,2030,193,14,14,0.006027576412249204
4623,e_demand,2030,193,15,15,0.006027576412249204
4624,e_demand,2030,193,16,16,0.006027576412249204
4625,e_demand,2030,193,17,17,0.15068941030623012
4626,e_demand,2030,193,18,18,0.15068941030623012
4627,e_demand,2030,193,19,19,0.15068941030623012
4628,e_demand,2030,193,20,20,0.15068941030623012
4629,e_demand,2030,193,21,21,0.15068941030623012
4630,e_demand,2030,193,22,22,0.15068941030623012
4631,e_demand,2030,193,23,23,0.15068941030623012
4632,e_demand,2030,193,24,24,0.15068941030623012
4633,e_demand,2030,194,1,1,0.039203977341688866
4634,e_demand,2030,194,2,2,0.039203977341688866
4635,e_demand,2030,194,3,3,0.039203977341688866
4636,e_demand,2030,194,4,4,0.039203977341688866
4637,e_demand,2030,194,5,5,0.039203977341688866
4638,e_demand,2030,194,6,6,0.039203977341688866
4639,e_demand,2030,194,7,7,0.039203977341688866
4640,e_demand,2030,194,8,8,0.039203977341688866
4641,e_demand,2030,194,9,9,0.039203977341688866
4642,e_demand,2030,194,10,10,0.039203977341688866
4643,e_demand,2030,194,11,11,0.039203977341688866
4644,e_demand,2030,194,12,12,0.039203977341688866
4645,e_demand,2030,194,13,13,0.0015681590936675546
4646,e_demand,2030,194,14,14,0.0015681590936675546
4647,e_demand,2030,194,15,15,0.0015681590936675546
4648,e_demand,2030,194,16,16,0.0015681590936675546
4649,e_demand,2030,194,17,17,0.039203977341688866
4650,e_demand,2030,194,18,18,0.039203977341688866
4651,e_demand,2030,194,19,19,0.039203977341688866
4652,e_demand,2030,194,20,20,0.039203977341688866
4653,e_demand,2030,194,21,21,0.039203977341688866
4654,e_demand,2030,194,22,22,0.039203977341688866
4655,e_demand,2030,194,23,23,0.039203977341688866
4656,e_demand,2030,194,24,24,0.039203977341688866
4657,e_demand,2030,195,1,1,0.025
4658,e_demand,2030,195,2,2,0.025
4659,e_demand,2030,195,3,3,0.025
4660,e_demand,2030,195,4,4,0.025
4661,e_demand,2030,195,5,5,0.025
4662,e_demand,2030,195,6,6,0.025
4663,e_demand,2030,195,7,7,0.025
4664,e_demand,2030,195,8,8,0.025
4665,e_demand,2030,195,9,9,0.025
4666,e_demand,2030,195,10,10,0.025
4667,e_demand,2030,195,11,11,0.025
4668,e_demand,2030,195,12,12,0.025
4669,e_demand,2030,195,13,13,0.001
4670,e_demand,2030,195,14,14,0.001
4671,e_demand,2030,195,15,15,0.001
4672,e_demand,2030,195,16,16,0.025
4673,e_demand,2030,195,17,17,0.025
4674,e_demand,2030,195,18,18,0.025
4675,e_demand,2030,195,19,19,0.025
4676,e_demand,2030,195,20,20,0.025
4677,e_demand,2030,195,21,21,0.025
4678,e_demand,2030,195,22,22,0.025
4679,e_demand,2030,195,23,23,0.025
4680,e_demand,2030,195,24,24,0.025
4681,e_demand,2030,196,1,1,0.08144790311561262
4682,e_demand,2030,196,2,2,0.08144790311561262
4683,e_demand,2030,196,3,3,0.08144790311561262
4684,e_demand,2030,196,4,4,0.08144790311561262
4685,e_demand,2030,196,5,5,0.08144790311561262
4686,e_demand,2030,196,6,6,0.08144790311561262
4687,e_demand,2030,196,7,7,0.08144790311561262
4688,e_demand,2030,196,8,8,0.08144790311561262
4689,e_demand,2030,196,9,9,0.08144790311561262
4690,e_demand,2030,196,10,10,0.08144790311561262
4691,e_demand,2030,196,11,11,0.08144790311561262
4692,e_demand,2030,196,12,12,0.08144790311561262
4693,e_demand,2030,196,13,13,0.08144790311561262
4694,e_demand,2030,196,14,14,0.08144790311561262
4695,e_demand,2030,196,15,15,0.0032579161246245043
4696,e_demand,2030,196,16,16,0.08144790311561262
4697,e_demand,2030,196,17,17,0.08144790311561262
4698,e_demand,2030,196,18,18,0.08144790311561262
4699,e_demand,2030,196,19,19,0.08144790311561262
4700,e_demand,2030,196,20,20,0.08144790311561262
4701,e_demand,2030,196,21,21,0.08144790311561262
4702,e_demand,2030,196,22,22,0.08144790311561262
4703,e_demand,2030,196,23,23,0.08144790311561262
4704,e_demand,2030,196,24,24,0.08144790311561262
4705,e_demand,2030,197,1,1,0.007175635828082806
4706,e_demand,2030,197,2,2,0.17939089570207015
4707,e_demand,2030,197,3,3,0.007175635828082806
4708,e_demand,2030,197,4,4,0.17939089570207015
4709,e_demand,2030,197,5,5,0.17939089570207015
4710,e_demand,2030,197,6,6,0.17939089570207015
4711,e_demand,2030,197,7,7,0.17939089570207015
4712,e_demand,2030,197,8,8,0.17939089570207015
4713,e_demand,2030,197,9,9,0.17939089570207015
4714,e_demand,2030,197,10,10,0.17939089570207015
4715,e_demand,2030,197,11,11,0.17939089570207015
4716,e_demand,2030,197,12,12,0.17939089570207015
4717,e_demand,2030,197,13,13,0.007175635828082806
4718,e_demand,2030,197,14,14,0.007175635828082806
4719,e_demand,2030,197,15,15,0.17939089570207015
4720,e_demand,2030,197,16,16,0.17939089570207015
4721,e_demand,2030,197,17,17,0.17939089570207015
4722,e_demand,2030,197,18,18,0.17939089570207015
4723,e_demand,2030,197,19,19,0.17939089570207015
4724,e_demand,2030,197,20,20,0.17939089570207015
4725,e_demand,2030,197,21,21,0.17939089570207015
4726,e_demand,2030,197,22,22,0.17939089570207015
4727,e_demand,2030,197,23,23,0.17939089570207015
4728,e_demand,2030,197,24,24,0.17939089570207015
4729,e_demand,2030,198,1,1,0.044316647849013215
4730,e_demand,2030,198,2,2,0.044316647849013215
4731,e_demand,2030,198,3,3,0.044316647849013215
4732,e_demand,2030,198,4,4,0.044316647849013215
4733,e_demand,2030,198,5,5,0.044316647849013215
4734,e_demand,2030,198,6,6,0.044316647849013215
4735,e_demand,2030,198,7,7,0.044316647849013215
4736,e_demand,2030,198,8,8,0.044316647849013215
4737,e_demand,2030,198,9,9,0.044316647849013215
4738,e_demand,2030,198,10,10,0.044316647849013215
4739,e_demand,2030,198,11,11,0.044316647849013215
4740,e_demand,2030,198,12,12,0.0017726659139605287
4741,e_demand,2030,198,13,13,0.0017726659139605287
4742,e_demand,2030,198,14,14,0.0017726659139605287
4743,e_demand,2030,198,15,15,0.0017726659139605287
4744,e_demand,2030,198,16,16,0.044316647849013215
4745,e_demand,2030,198,17,17,0.044316647849013215
4746,e_demand,2030,198,18,18,0.044316647849013215
4747,e_demand,2030,198,19,19,0.044316647849013215
4748,e_demand,2030,198,20,20,0.044316647849013215
4749,e_demand,2030,198,21,21,0.044316647849013215
4750,e_demand,2030,198,22,22,0.044316647849013215
4751,e_demand,2030,198,23,23,0.044316647849013215
4752,e_demand,2030,198,24,24,0.044316647849013215
4753,e_demand,2030,199,1,1,0.05444411017468962
4754,e_demand,2030,199,2,2,0.05444411017468962
4755,e_demand,2030,199,3,3,0.05444411017468962
4756,e_demand,2030,199,4,4,0.05444411017468962
4757,e_demand,2030,199,5,5,0.05444411017468962
4758,e_demand,2030,199,6,6,0.05444411017468962
4759,e_demand,2030,199,7,7,0.05444411017468962
4760,e_demand,2030,199,8,8,0.05444411017468962
4761,e_demand,2030,199,9,9,0.05444411017468962
4762,e_demand,2030,199,10,10,0.05444411017468962
4763,e_demand,2030,199,11,11,0.05444411017468962
4764,e_demand,2030,199,12,12,0.05444411017468962
4765,e_demand,2030,199,13,13,0.05444411017468962
4766,e_demand,2030,199,14,14,0.05444411017468962
4767,e_demand,2030,199,15,15,0.05444411017468962
4768,e_demand,2030,199,16,16,0.05444411017468962
4769,e_demand,2030,199,17,17,0.05444411017468962
4770,e_demand,2030,199,18,18,0.05444411017468962
4771,e_demand,2030,199,19,19,0.05444411017468962
4772,e_demand,2030,199,20,20,0.05444411017468962
4773,e_demand,2030,199,21,21,0.05444411017468962
4774,e_demand,2030,199,22,22,0.05444411017468962
4775,e_demand,2030,199,23,23,0.05444411017468962
4776,e_demand,2030,199,24,24,0.05444411017468962
4777,e_demand,2030,200,1,1,0.025
4778,e_demand,2030,200,2,2,0.025
4779,e_demand,2030,200,3,3,0.025
4780,e_demand,2030,200,4,4,0.025
4781,e_demand,2030,200,5,5,0.025
4782,e_demand,2030,200,6,6,0.025
4783,e_demand,2030,200,7,7,0.025
4784,e_demand,2030,200,8,8,0.025
4785,e_demand,2030,200,9,9,0.025
4786,e_demand,2030,200,10,10,0.025
4787,e_demand,2030,200,11,11,0.025
4788,e_demand,2030,200,12,12,0.001
4789,e_demand,2030,200,13,13,0.001
4790,e_demand,2030,200,14,14,0.001
4791,e_demand,2030,200,15,15,0.001
4792,e_demand,2030,200,16,16,0.001
4793,e_demand,2030,200,17,17,0.001
4794,e_demand,2030,200,18,18,0.025
4795,e_demand,2030,200,19,19,0.025
4796,e_demand,2030,200,20,20,0.025
4797,e_demand,2030,200,21,21,0.025
4798,e_demand,2030,200,22,22,0.025
4799,e_demand,2030,200,23,23,0.025
4800,e_demand,2030,200,24,24,0.025
4801,e_demand,2030,201,1,1,0.025625431931970834
4802,e_demand,2030,201,2,2,0.025625431931970834
4803,e_demand,2030,201,3,3,0.025625431931970834
4804,e_demand,2030,201,4,4,0.025625431931970834
4805,e_demand,2030,201,5,5,0.025625431931970834
4806,e_demand,2030,201,6,6,0.025625431931970834
4807,e_demand,2030,201,7,7,0.025625431931970834
4808,e_demand,2030,201,8,8,0.025625431931970834
4809,e_demand,2030,201,9,9,0.025625431931970834
4810,e_demand,2030,201,10,10,0.025625431931970834
4811,e_demand,2030,201,11,11,0.025625431931970834
4812,e_demand,2030,201,12,12,0.025625431931970834
4813,e_demand,2030,201,13,13,0.025625431931970834
4814,e_demand,2030,201,14,14,0.025625431931970834
4815,e_demand,2030,201,15,15,0.025625431931970834
4816,e_demand,2030,201,16,16,0.025625431931970834
4817,e_demand,2030,201,17,17,0.025625431931970834
4818,e_demand,2030,201,18,18,0.035875604704759166
4819,e_demand,2030,201,19,19,0.035875604704759166
4820,e_demand,2030,201,20,20,0.035875604704759166
4821,e_demand,2030,201,21,21,0.035875604704759166
4822,e_demand,2030,201,22,22,0.035875604704759166
4823,e_demand,2030,201,23,23,0.025625431931970834
4824,e_demand,2030,201,24,24,0.025625431931970834
4825,e_demand,2030,202,1,1,0.04999472729300916
4826,e_demand,2030,202,2,2,0.04999472729300916
4827,e_demand,2030,202,3,3,0.04999472729300916
4828,e_demand,2030,202,4,4,0.04999472729300916
4829,e_demand,2030,202,5,5,0.04999472729300916
4830,e_demand,2030,202,6,6,0.04999472729300916
4831,e_demand,2030,202,7,7,0.04999472729300916
4832,e_demand,2030,202,8,8,0.04999472729300916
4833,e_demand,2030,202,9,9,0.04999472729300916
4834,e_demand,2030,202,10,10,0.04999472729300916
4835,e_demand,2030,202,11,11,0.04999472729300916
4836,e_demand,2030,202,12,12,0.001999789091720366
4837,e_demand,2030,202,13,13,0.001999789091720366
4838,e_demand,2030,202,14,14,0.001999789091720366
4839,e_demand,2030,202,15,15,0.001999789091720366
4840,e_demand,2030,202,16,16,0.001999789091720366
4841,e_demand,2030,202,17,17,0.04999472729300916
4842,e_demand,2030,202,18,18,0.04999472729300916
4843,e_demand,2030,202,19,19,0.04999472729300916
4844,e_demand,2030,202,20,20,0.04999472729300916
4845,e_demand,2030,202,21,21,0.04999472729300916
4846,e_demand,2030,202,22,22,0.04999472729300916
4847,e_demand,2030,202,23,23,0.04999472729300916
4848,e_demand,2030,202,24,24,0.04999472729300916
4849,e_demand,2030,203,1,1,0.26049733459500735
4850,e_demand,2030,203,2,2,0.26049733459500735
4851,e_demand,2030,203,3,3,0.26049733459500735
4852,e_demand,2030,203,4,4,0.26049733459500735
4853,e_demand,2030,203,5,5,0.26049733459500735
4854,e_demand,2030,203,6,6,0.26049733459500735
4855,e_demand,2030,203,7,7,0.26049733459500735
4856,e_demand,2030,203,8,8,0.26049733459500735
4857,e_demand,2030,203,9,9,0.26049733459500735
4858,e_demand,2030,203,10,10,0.26049733459500735
4859,e_demand,2030,203,11,11,0.26049733459500735
4860,e_demand,2030,203,12,12,0.26049733459500735
4861,e_demand,2030,203,13,13,0.26049733459500735
4862,e_demand,2030,203,14,14,0.26049733459500735
4863,e_demand,2030,203,15,15,0.26049733459500735
4864,e_demand,2030,203,16,16,0.26049733459500735
4865,e_demand,2030,203,17,17,0.26049733459500735
4866,e_demand,2030,203,18,18,0.26049733459500735
4867,e_demand,2030,203,19,19,0.3646962684330103
4868,e_demand,2030,203,20,20,0.3646962684330103
4869,e_demand,2030,203,21,21,0.3646962684330103
4870,e_demand,2030,203,22,22,0.26049733459500735
4871,e_demand,2030,203,23,23,0.26049733459500735
4872,e_demand,2030,203,24,24,0.26049733459500735
4873,e_demand,2030,204,1,1,0.04721823291739666
4874,e_demand,2030,204,2,2,0.04721823291739666
4875,e_demand,2030,204,3,3,0.04721823291739666
4876,e_demand,2030,204,4,4,0.04721823291739666
4877,e_demand,2030,204,5,5,0.04721823291739666
4878,e_demand,2030,204,6,6,0.04721823291739666
4879,e_demand,2030,204,7,7,0.04721823291739666
4880,e_demand,2030,204,8,8,0.04721823291739666
4881,e_demand,2030,204,9,9,0.04721823291739666
4882,e_demand,2030,204,10,10,0.04721823291739666
4883,e_demand,2030,204,11,11,0.04721823291739666
4884,e_demand,2030,204,12,12,0.04721823291739666
4885,e_demand,2030,204,13,13,0.04721823291739666
4886,e_demand,2030,204,14,14,0.04721823291739666
4887,e_demand,2030,204,15,15,0.04721823291739666
4888,e_demand,2030,204,16,16,0.04721823291739666
4889,e_demand,2030,204,17,17,0.04721823291739666
4890,e_demand,2030,204,18,18,0.06610552608435533
4891,e_demand,2030,204,19,19,0.06610552608435533
4892,e_demand,2030,204,20,20,18.887293166958663
4893,e_demand,2030,204,21,21,13.533061133376393
4894,e_demand,2030,204,22,22,0.06610552608435533
4895,e_demand,2030,204,23,23,0.06610552608435533
4896,e_demand,2030,204,24,24,0.06610552608435533
4897,e_demand,2030,205,1,1,0.04691063112208561
4898,e_demand,2030,205,2,2,0.04691063112208561
4899,e_demand,2030,205,3,3,0.04691063112208561
4900,e_demand,2030,205,4,4,0.04691063112208561
4901,e_demand,2030,205,5,5,0.04691063112208561
4902,e_demand,2030,205,6,6,0.04691063112208561
4903,e_demand,2030,205,7,7,0.04691063112208561
4904,e_demand,2030,205,8,8,0.04691063112208561
4905,e_demand,2030,205,9,9,0.04691063112208561
4906,e_demand,2030,205,10,10,0.04691063112208561
4907,e_demand,2030,205,11,11,0.0018764252448834242
4908,e_demand,2030,205,12,12,0.0018764252448834242
4909,e_demand,2030,205,13,13,0.0018764252448834242
4910,e_demand,2030,205,14,14,0.0018764252448834242
4911,e_demand,2030,205,15,15,0.0018764252448834242
4912,e_demand,2030,205,16,16,0.0018764252448834242
4913,e_demand,2030,205,17,17,0.0018764252448834242
4914,e_demand,2030,205,18,18,0.0018764252448834242
4915,e_demand,2030,205,19,19,0.04691063112208561
4916,e_demand,2030,205,20,20,0.04691063112208561
4917,e_demand,2030,205,21,21,0.04691063112208561
4918,e_demand,2030,205,22,22,0.04691063112208561
4919,e_demand,2030,205,23,23,0.04691063112208561
4920,e_demand,2030,205,24,24,0.04691063112208561
4921,e_demand,2030,206,1,1,0.025
4922,e_demand,2030,206,2,2,0.025
4923,e_demand,2030,206,3,3,0.025
4924,e_demand,2030,206,4,4,0.025
4925,e_demand,2030,206,5,5,0.025
4926,e_demand,2030,206,6,6,0.025
4927,e_demand,2030,206,7,7,0.025
4928,e_demand,2030,206,8,8,0.025
4929,e_demand,2030,206,9,9,0.025
4930,e_demand,2030,206,10,10,0.025
4931,e_demand,2030,206,11,11,0.025
4932,e_demand,2030,206,12,12,0.025
4933,e_demand,2030,206,13,13,0.025
4934,e_demand,2030,206,14,14,0.001
4935,e_demand,2030,206,15,15,0.001
4936,e_demand,2030,206,16,16,0.001
4937,e_demand,2030,206,17,17,0.025
4938,e_demand,2030,206,18,18,0.025
4939,e_demand,2030,206,19,19,0.025
4940,e_demand,2030,206,20,20,0.025
4941,e_demand,2030,206,21,21,0.025
4942,e_demand,2030,206,22,22,0.025
4943,e_demand,2030,206,23,23,0.025
4944,e_demand,2030,206,24,24,0.025
4945,e_demand,2030,207,1,1,0.03817304937068453
4946,e_demand,2030,207,2,2,0.03817304937068453
4947,e_demand,2030,207,3,3,0.03817304937068453
4948,e_demand,2030,207,4,4,0.03817304937068453
4949,e_demand,2030,207,5,5,0.03817304937068453
4950,e_demand,2030,207,6,6,0.03817304937068453
4951,e_demand,2030,207,7,7,0.03817304937068453
4952,e_demand,2030,207,8,8,0.03817304937068453
4953,e_demand,2030,207,9,9,0.03817304937068453
4954,e_demand,2030,207,10,10,0.03817304937068453
4955,e_demand,2030,207,11,11,0.03817304937068453
4956,e_demand,2030,207,12,12,0.03817304937068453
4957,e_demand,2030,207,13,13,0.0015269219748273812
4958,e_demand,2030,207,14,14,0.0015269219748273812
4959,e_demand,2030,207,15,15,0.0015269219748273812
4960,e_demand,2030,207,16,16,0.0015269219748273812
4961,e_demand,2030,207,17,17,0.0015269219748273812
4962,e_demand,2030,207,18,18,0.03817304937068453
4963,e_demand,2030,207,19,19,0.03817304937068453
4964,e_demand,2030,207,20,20,0.03817304937068453
4965,e_demand,2030,207,21,21,0.03817304937068453
4966,e_demand,2030,207,22,22,0.03817304937068453
4967,e_demand,2030,207,23,23,0.03817304937068453
4968,e_demand,2030,207,24,24,0.03817304937068453
4969,e_demand,2030,208,1,1,0.08153295656073009
4970,e_demand,2030,208,2,2,0.08153295656073009
4971,e_demand,2030,208,3,3,0.08153295656073009
4972,e_demand,2030,208,4,4,0.08153295656073009
4973,e_demand,2030,208,5,5,0.08153295656073009
4974,e_demand,2030,208,6,6,0.11414613918502213
4975,e_demand,2030,208,7,7,0.11414613918502213
4976,e_demand,2030,208,8,8,0.08153295656073009
4977,e_demand,2030,208,9,9,0.08153295656073009
4978,e_demand,2030,208,10,10,0.08153295656073009
4979,e_demand,2030,208,11,11,0.08153295656073009
4980,e_demand,2030,208,12,12,0.08153295656073009
4981,e_demand,2030,208,13,13,0.08153295656073009
4982,e_demand,2030,208,14,14,0.08153295656073009
4983,e_demand,2030,208,15,15,0.08153295656073009
4984,e_demand,2030,208,16,16,0.08153295656073009
4985,e_demand,2030,208,17,17,0.08153295656073009
4986,e_demand,2030,208,18,18,0.08153295656073009
4987,e_demand,2030,208,19,19,0.08153295656073009
4988,e_demand,2030,208,20,20,0.08153295656073009
4989,e_demand,2030,208,21,21,0.08153295656073009
4990,e_demand,2030,208,22,22,0.08153295656073009
4991,e_demand,2030,208,23,23,0.08153295656073009
4992,e_demand,2030,208,24,24,0.08153295656073009
4993,e_demand,2030,209,1,1,0.029878813982215577
4994,e_demand,2030,209,2,2,0.029878813982215577
4995,e_demand,2030,209,3,3,0.029878813982215577
4996,e_demand,2030,209,4,4,0.029878813982215577
4997,e_demand,2030,209,5,5,0.029878813982215577
4998,e_demand,2030,209,6,6,0.029878813982215577
4999,e_demand,2030,209,7,7,0.029878813982215577
5000,e_demand,2030,209,8,8,0.029878813982215577
5001,e_demand,2030,209,9,9,0.029878813982215577
5002,e_demand,2030,209,10,10,0.029878813982215577
5003,e_demand,2030,209,11,11,0.029878813982215577
5004,e_demand,2030,209,12,12,0.029878813982215577
5005,e_demand,2030,209,13,13,0.029878813982215577
5006,e_demand,2030,209,14,14,0.029878813982215577
5007,e_demand,2030,209,15,15,0.029878813982215577
5008,e_demand,2030,209,16,16,0.029878813982215577
5009,e_demand,2030,209,17,17,0.029878813982215577
5010,e_demand,2030,209,18,18,0.029878813982215577
5011,e_demand,2030,209,19,19,0.029878813982215577
5012,e_demand,2030,209,20,20,0.029878813982215577
5013,e_demand,2030,209,21,21,0.029878813982215577
5014,e_demand,2030,209,22,22,0.029878813982215577
5015,e_demand,2030,209,23,23,0.029878813982215577
5016,e_demand,2030,209,24,24,0.029878813982215577
5017,e_demand,2030,210,1,1,0.05914269586037635
5018,e_demand,2030,210,2,2,0.05914269586037635
5019,e_demand,2030,210,3,3,0.05914269586037635
5020,e_demand,2030,210,4,4,0.05914269586037635
5021,e_demand,2030,210,5,5,0.05914269586037635
5022,e_demand,2030,210,6,6,0.05914269586037635
5023,e_demand,2030,210,7,7,0.05914269586037635
5024,e_demand,2030,210,8,8,0.05914269586037635
5025,e_demand,2030,210,9,9,0.002365707834415054
5026,e_demand,2030,210,10,10,0.002365707834415054
5027,e_demand,2030,210,11,11,0.002365707834415054
5028,e_demand,2030,210,12,12,0.002365707834415054
5029,e_demand,2030,210,13,13,0.002365707834415054
5030,e_demand,2030,210,14,14,0.002365707834415054
5031,e_demand,2030,210,15,15,0.002365707834415054
5032,e_demand,2030,210,16,16,0.002365707834415054
5033,e_demand,2030,210,17,17,0.002365707834415054
5034,e_demand,2030,210,18,18,0.002365707834415054
5035,e_demand,2030,210,19,19,0.05914269586037635
5036,e_demand,2030,210,20,20,0.05914269586037635
5037,e_demand,2030,210,21,21,0.05914269586037635
5038,e_demand,2030,210,22,22,0.05914269586037635
5039,e_demand,2030,210,23,23,0.05914269586037635
5040,e_demand,2030,210,24,24,0.05914269586037635
5041,e_demand,2030,211,1,1,0.0789230424611662
5042,e_demand,2030,211,2,2,0.0789230424611662
5043,e_demand,2030,211,3,3,0.0789230424611662
5044,e_demand,2030,211,4,4,0.0789230424611662
5045,e_demand,2030,211,5,5,0.0789230424611662
5046,e_demand,2030,211,6,6,0.0789230424611662
5047,e_demand,2030,211,7,7,0.0789230424611662
5048,e_demand,2030,211,8,8,0.0789230424611662
5049,e_demand,2030,211,9,9,0.0789230424611662
5050,e_demand,2030,211,10,10,0.0031569216984466478
5051,e_demand,2030,211,11,11,0.0031569216984466478
5052,e_demand,2030,211,12,12,0.0031569216984466478
5053,e_demand,2030,211,13,13,0.0031569216984466478
5054,e_demand,2030,211,14,14,0.0031569216984466478
5055,e_demand,2030,211,15,15,0.0031569216984466478
5056,e_demand,2030,211,16,16,0.0031569216984466478
5057,e_demand,2030,211,17,17,0.0789230424611662
5058,e_demand,2030,211,18,18,0.0789230424611662
5059,e_demand,2030,211,19,19,0.0789230424611662
5060,e_demand,2030,211,20,20,0.0789230424611662
5061,e_demand,2030,211,21,21,0.0789230424611662
5062,e_demand,2030,211,22,22,0.0789230424611662
5063,e_demand,2030,211,23,23,0.0789230424611662
5064,e_demand,2030,211,24,24,0.0789230424611662
5065,e_demand,2030,212,1,1,0.029149408286837326
5066,e_demand,2030,212,2,2,0.029149408286837326
5067,e_demand,2030,212,3,3,0.029149408286837326
5068,e_demand,2030,212,4,4,0.029149408286837326
5069,e_demand,2030,212,5,5,0.029149408286837326
5070,e_demand,2030,212,6,6,0.029149408286837326
5071,e_demand,2030,212,7,7,0.029149408286837326
5072,e_demand,2030,212,8,8,0.029149408286837326
5073,e_demand,2030,212,9,9,0.029149408286837326
5074,e_demand,2030,212,10,10,0.029149408286837326
5075,e_demand,2030,212,11,11,0.029149408286837326
5076,e_demand,2030,212,12,12,0.029149408286837326
5077,e_demand,2030,212,13,13,0.029149408286837326
5078,e_demand,2030,212,14,14,0.029149408286837326
5079,e_demand,2030,212,15,15,0.029149408286837326
5080,e_demand,2030,212,16,16,0.029149408286837326
5081,e_demand,2030,212,17,17,0.029149408286837326
5082,e_demand,2030,212,18,18,0.029149408286837326
5083,e_demand,2030,212,19,19,0.029149408286837326
5084,e_demand,2030,212,20,20,0.029149408286837326
5085,e_demand,2030,212,21,21,0.029149408286837326
5086,e_demand,2030,212,22,22,0.029149408286837326
5087,e_demand,2030,212,23,23,0.029149408286837326
5088,e_demand,2030,212,24,24,0.029149408286837326
5089,e_demand,2030,213,1,1,0.11117206832377334
5090,e_demand,2030,213,2,2,0.11117206832377334
5091,e_demand,2030,213,3,3,0.11117206832377334
5092,e_demand,2030,213,4,4,0.11117206832377334
5093,e_demand,2030,213,5,5,0.11117206832377334
5094,e_demand,2030,213,6,6,0.11117206832377334
5095,e_demand,2030,213,7,7,0.11117206832377334
5096,e_demand,2030,213,8,8,0.11117206832377334
5097,e_demand,2030,213,9,9,0.11117206832377334
5098,e_demand,2030,213,10,10,0.11117206832377334
5099,e_demand,2030,213,11,11,0.11117206832377334
5100,e_demand,2030,213,12,12,0.11117206832377334
5101,e_demand,2030,213,13,13,0.11117206832377334
5102,e_demand,2030,213,14,14,0.11117206832377334
5103,e_demand,2030,213,15,15,0.11117206832377334
5104,e_demand,2030,213,16,16,0.11117206832377334
5105,e_demand,2030,213,17,17,0.11117206832377334
5106,e_demand,2030,213,18,18,0.11117206832377334
5107,e_demand,2030,213,19,19,0.11117206832377334
5108,e_demand,2030,213,20,20,0.11117206832377334
5109,e_demand,2030,213,21,21,0.11117206832377334
5110,e_demand,2030,213,22,22,0.11117206832377334
5111,e_demand,2030,213,23,23,0.11117206832377334
5112,e_demand,2030,213,24,24,0.11117206832377334
5113,e_demand,2030,214,1,1,0.13673418734989576
5114,e_demand,2030,214,2,2,0.13673418734989576
5115,e_demand,2030,214,3,3,0.13673418734989576
5116,e_demand,2030,214,4,4,0.13673418734989576
5117,e_demand,2030,214,5,5,0.13673418734989576
5118,e_demand,2030,214,6,6,0.13673418734989576
5119,e_demand,2030,214,7,7,0.13673418734989576
5120,e_demand,2030,214,8,8,0.13673418734989576
5121,e_demand,2030,214,9,9,0.13673418734989576
5122,e_demand,2030,214,10,10,0.13673418734989576
5123,e_demand,2030,214,11,11,0.13673418734989576
5124,e_demand,2030,214,12,12,0.13673418734989576
5125,e_demand,2030,214,13,13,0.13673418734989576
5126,e_demand,2030,214,14,14,0.13673418734989576
5127,e_demand,2030,214,15,15,0.13673418734989576
5128,e_demand,2030,214,16,16,0.13673418734989576
5129,e_demand,2030,214,17,17,0.13673418734989576
5130,e_demand,2030,214,18,18,0.13673418734989576
5131,e_demand,2030,214,19,19,0.13673418734989576
5132,e_demand,2030,214,20,20,0.13673418734989576
5133,e_demand,2030,214,21,21,0.13673418734989576
5134,e_demand,2030,214,22,22,0.13673418734989576
5135,e_demand,2030,214,23,23,0.13673418734989576
5136,e_demand,2030,214,24,24,0.13673418734989576
5137,e_demand,2030,215,1,1,0.17999778381982168
5138,e_demand,2030,215,2,2,0.17999778381982168
5139,e_demand,2030,215,3,3,0.17999778381982168
5140,e_demand,2030,215,4,4,0.17999778381982168
5141,e_demand,2030,215,5,5,0.17999778381982168
5142,e_demand,2030,215,6,6,0.17999778381982168
5143,e_demand,2030,215,7,7,0.17999778381982168
5144,e_demand,2030,215,8,8,0.17999778381982168
5145,e_demand,2030,215,9,9,0.17999778381982168
5146,e_demand,2030,215,10,10,0.17999778381982168
5147,e_demand,2030,215,11,11,0.17999778381982168
5148,e_demand,2030,215,12,12,0.17999778381982168
5149,e_demand,2030,215,13,13,0.17999778381982168
5150,e_demand,2030,215,14,14,0.17999778381982168
5151,e_demand,2030,215,15,15,0.17999778381982168
5152,e_demand,2030,215,16,16,0.17999778381982168
5153,e_demand,2030,215,17,17,0.17999778381982168
5154,e_demand,2030,215,18,18,0.17999778381982168
5155,e_demand,2030,215,19,19,0.17999778381982168
5156,e_demand,2030,215,20,20,0.17999778381982168
5157,e_demand,2030,215,21,21,0.17999778381982168
5158,e_demand,2030,215,22,22,0.17999778381982168
5159,e_demand,2030,215,23,23,0.17999778381982168
5160,e_demand,2030,215,24,24,0.17999778381982168
5161,e_demand,2030,216,1,1,0.026039796083354695
5162,e_demand,2030,216,2,2,0.026039796083354695
5163,e_demand,2030,216,3,3,0.026039796083354695
5164,e_demand,2030,216,4,4,0.026039796083354695
5165,e_demand,2030,216,5,5,0.026039796083354695
5166,e_demand,2030,216,6,6,0.026039796083354695
5167,e_demand,2030,216,7,7,0.026039796083354695
5168,e_demand,2030,216,8,8,0.026039796083354695
5169,e_demand,2030,216,9,9,0.026039796083354695
5170,e_demand,2030,216,10,10,0.026039796083354695
5171,e_demand,2030,216,11,11,0.026039796083354695
5172,e_demand,2030,216,12,12,0.026039796083354695
5173,e_demand,2030,216,13,13,0.026039796083354695
5174,e_demand,2030,216,14,14,0.026039796083354695
5175,e_demand,2030,216,15,15,0.026039796083354695
5176,e_demand,2030,216,16,16,0.026039796083354695
5177,e_demand,2030,216,17,17,0.026039796083354695
5178,e_demand,2030,216,18,18,0.026039796083354695
5179,e_demand,2030,216,19,19,0.026039796083354695
5180,e_demand,2030,216,20,20,0.026039796083354695
5181,e_demand,2030,216,21,21,0.026039796083354695
5182,e_demand,2030,216,22,22,0.026039796083354695
5183,e_demand,2030,216,23,23,0.026039796083354695
5184,e_demand,2030,216,24,24,0.026039796083354695
5185,e_demand,2030,217,1,1,0.03198079057324857
5186,e_demand,2030,217,2,2,0.03198079057324857
5187,e_demand,2030,217,3,3,0.03198079057324857
5188,e_demand,2030,217,4,4,0.03198079057324857
5189,e_demand,2030,217,5,5,0.03198079057324857
5190,e_demand,2030,217,6,6,0.03198079057324857
5191,e_demand,2030,217,7,7,0.03198079057324857
5192,e_demand,2030,217,8,8,0.03198079057324857
5193,e_demand,2030,217,9,9,0.03198079057324857
5194,e_demand,2030,217,10,10,0.03198079057324857
5195,e_demand,2030,217,11,11,0.03198079057324857
5196,e_demand,2030,217,12,12,0.03198079057324857
5197,e_demand,2030,217,13,13,0.0012792316229299427
5198,e_demand,2030,217,14,14,0.0012792316229299427
5199,e_demand,2030,217,15,15,0.0012792316229299427
5200,e_demand,2030,217,16,16,0.03198079057324857
5201,e_demand,2030,217,17,17,0.03198079057324857
5202,e_demand,2030,217,18,18,0.03198079057324857
5203,e_demand,2030,217,19,19,0.03198079057324857
5204,e_demand,2030,217,20,20,0.03198079057324857
5205,e_demand,2030,217,21,21,0.03198079057324857
5206,e_demand,2030,217,22,22,0.03198079057324857
5207,e_demand,2030,217,23,23,0.03198079057324857
5208,e_demand,2030,217,24,24,0.03198079057324857
5209,e_demand,2030,218,1,1,0.025251086073104414
5210,e_demand,2030,218,2,2,0.025251086073104414
5211,e_demand,2030,218,3,3,0.025251086073104414
5212,e_demand,2030,218,4,4,0.025251086073104414
5213,e_demand,2030,218,5,5,0.025251086073104414
5214,e_demand,2030,218,6,6,0.025251086073104414
5215,e_demand,2030,218,7,7,0.025251086073104414
5216,e_demand,2030,218,8,8,0.025251086073104414
5217,e_demand,2030,218,9,9,0.025251086073104414
5218,e_demand,2030,218,10,10,0.025251086073104414
5219,e_demand,2030,218,11,11,0.025251086073104414
5220,e_demand,2030,218,12,12,0.025251086073104414
5221,e_demand,2030,218,13,13,0.025251086073104414
5222,e_demand,2030,218,14,14,0.025251086073104414
5223,e_demand,2030,218,15,15,0.025251086073104414
5224,e_demand,2030,218,16,16,0.025251086073104414
5225,e_demand,2030,218,17,17,0.025251086073104414
5226,e_demand,2030,218,18,18,0.025251086073104414
5227,e_demand,2030,218,19,19,0.025251086073104414
5228,e_demand,2030,218,20,20,0.025251086073104414
5229,e_demand,2030,218,21,21,0.025251086073104414
5230,e_demand,2030,218,22,22,0.025251086073104414
5231,e_demand,2030,218,23,23,0.025251086073104414
5232,e_demand,2030,218,24,24,0.025251086073104414
5233,e_demand,2030,219,1,1,0.21177855604923979
5234,e_demand,2030,219,2,2,0.21177855604923979
5235,e_demand,2030,219,3,3,0.21177855604923979
5236,e_demand,2030,219,4,4,0.21177855604923979
5237,e_demand,2030,219,5,5,0.21177855604923979
5238,e_demand,2030,219,6,6,0.21177855604923979
5239,e_demand,2030,219,7,7,0.21177855604923979
5240,e_demand,2030,219,8,8,0.21177855604923979
5241,e_demand,2030,219,9,9,0.21177855604923979
5242,e_demand,2030,219,10,10,0.21177855604923979
5243,e_demand,2030,219,11,11,0.21177855604923979
5244,e_demand,2030,219,12,12,0.21177855604923979
5245,e_demand,2030,219,13,13,0.21177855604923979
5246,e_demand,2030,219,14,14,0.21177855604923979
5247,e_demand,2030,219,15,15,0.21177855604923979
5248,e_demand,2030,219,16,16,0.21177855604923979
5249,e_demand,2030,219,17,17,0.21177855604923979
5250,e_demand,2030,219,18,18,0.21177855604923979
5251,e_demand,2030,219,19,19,0.21177855604923979
5252,e_demand,2030,219,20,20,0.21177855604923979
5253,e_demand,2030,219,21,21,0.21177855604923979
5254,e_demand,2030,219,22,22,0.21177855604923979
5255,e_demand,2030,219,23,23,0.21177855604923979
5256,e_demand,2030,219,24,24,0.21177855604923979
5257,e_demand,2030,220,1,1,0.04769776430861213
5258,e_demand,2030,220,2,2,0.04769776430861213
5259,e_demand,2030,220,3,3,0.04769776430861213
5260,e_demand,2030,220,4,4,0.04769776430861213
5261,e_demand,2030,220,5,5,0.04769776430861213
5262,e_demand,2030,220,6,6,0.04769776430861213
5263,e_demand,2030,220,7,7,0.04769776430861213
5264,e_demand,2030,220,8,8,0.04769776430861213
5265,e_demand,2030,220,9,9,0.04769776430861213
5266,e_demand,2030,220,10,10,0.04769776430861213
5267,e_demand,2030,220,11,11,0.04769776430861213
5268,e_demand,2030,220,12,12,0.04769776430861213
5269,e_demand,2030,220,13,13,0.04769776430861213
5270,e_demand,2030,220,14,14,0.04769776430861213
5271,e_demand,2030,220,15,15,0.04769776430861213
5272,e_demand,2030,220,16,16,0.04769776430861213
5273,e_demand,2030,220,17,17,0.04769776430861213
5274,e_demand,2030,220,18,18,0.04769776430861213
5275,e_demand,2030,220,19,19,0.04769776430861213
5276,e_demand,2030,220,20,20,0.04769776430861213
5277,e_demand,2030,220,21,21,0.04769776430861213
5278,e_demand,2030,220,22,22,0.04769776430861213
5279,e_demand,2030,220,23,23,0.04769776430861213
5280,e_demand,2030,220,24,24,0.04769776430861213
5281,e_demand,2030,221,1,1,0.038357772798638806
5282,e_demand,2030,221,2,2,0.038357772798638806
5283,e_demand,2030,221,3,3,0.038357772798638806
5284,e_demand,2030,221,4,4,0.038357772798638806
5285,e_demand,2030,221,5,5,0.038357772798638806
5286,e_demand,2030,221,6,6,0.038357772798638806
5287,e_demand,2030,221,7,7,0.038357772798638806
5288,e_demand,2030,221,8,8,0.038357772798638806
5289,e_demand,2030,221,9,9,0.038357772798638806
5290,e_demand,2030,221,10,10,0.038357772798638806
5291,e_demand,2030,221,11,11,0.038357772798638806
5292,e_demand,2030,221,12,12,0.0015343109119455522
5293,e_demand,2030,221,13,13,0.0015343109119455522
5294,e_demand,2030,221,14,14,0.0015343109119455522
5295,e_demand,2030,221,15,15,0.0015343109119455522
5296,e_demand,2030,221,16,16,0.0015343109119455522
5297,e_demand,2030,221,17,17,0.0015343109119455522
5298,e_demand,2030,221,18,18,0.0015343109119455522
5299,e_demand,2030,221,19,19,0.038357772798638806
5300,e_demand,2030,221,20,20,0.038357772798638806
5301,e_demand,2030,221,21,21,0.038357772798638806
5302,e_demand,2030,221,22,22,0.038357772798638806
5303,e_demand,2030,221,23,23,0.038357772798638806
5304,e_demand,2030,221,24,24,0.038357772798638806
5305,e_demand,2030,222,1,1,0.005067653730919154
5306,e_demand,2030,222,2,2,0.005067653730919154
5307,e_demand,2030,222,3,3,0.005067653730919154
5308,e_demand,2030,222,4,4,0.005067653730919154
5309,e_demand,2030,222,5,5,0.005067653730919154
5310,e_demand,2030,222,6,6,0.005067653730919154
5311,e_demand,2030,222,7,7,0.12669134327297887
5312,e_demand,2030,222,8,8,0.12669134327297887
5313,e_demand,2030,222,9,9,0.12669134327297887
5314,e_demand,2030,222,10,10,0.12669134327297887
5315,e_demand,2030,222,11,11,0.12669134327297887
5316,e_demand,2030,222,12,12,0.005067653730919154
5317,e_demand,2030,222,13,13,0.005067653730919154
5318,e_demand,2030,222,14,14,0.005067653730919154
5319,e_demand,2030,222,15,15,0.005067653730919154
5320,e_demand,2030,222,16,16,0.005067653730919154
5321,e_demand,2030,222,17,17,0.12669134327297887
5322,e_demand,2030,222,18,18,0.12669134327297887
5323,e_demand,2030,222,19,19,0.12669134327297887
5324,e_demand,2030,222,20,20,0.12669134327297887
5325,e_demand,2030,222,21,21,0.12669134327297887
5326,e_demand,2030,222,22,22,0.12669134327297887
5327,e_demand,2030,222,23,23,0.12669134327297887
5328,e_demand,2030,222,24,24,0.12669134327297887
5329,e_demand,2030,223,1,1,0.0602304445295235
5330,e_demand,2030,223,2,2,0.0602304445295235
5331,e_demand,2030,223,3,3,0.0602304445295235
5332,e_demand,2030,223,4,4,0.0602304445295235
5333,e_demand,2030,223,5,5,0.0602304445295235
5334,e_demand,2030,223,6,6,0.0602304445295235
5335,e_demand,2030,223,7,7,0.0602304445295235
5336,e_demand,2030,223,8,8,0.0602304445295235
5337,e_demand,2030,223,9,9,0.0602304445295235
5338,e_demand,2030,223,10,10,0.0602304445295235
5339,e_demand,2030,223,11,11,0.0024092177811809398
5340,e_demand,2030,223,12,12,0.0024092177811809398
5341,e_demand,2030,223,13,13,0.0024092177811809398
5342,e_demand,2030,223,14,14,0.0024092177811809398
5343,e_demand,2030,223,15,15,0.0024092177811809398
5344,e_demand,2030,223,16,16,0.0024092177811809398
5345,e_demand,2030,223,17,17,0.0602304445295235
5346,e_demand,2030,223,18,18,0.0602304445295235
5347,e_demand,2030,223,19,19,0.0602304445295235
5348,e_demand,2030,223,20,20,0.0602304445295235
5349,e_demand,2030,223,21,21,0.0602304445295235
5350,e_demand,2030,223,22,22,0.0602304445295235
5351,e_demand,2030,223,23,23,0.0602304445295235
5352,e_demand,2030,223,24,24,0.0602304445295235
5353,e_demand,2030,224,1,1,0.0870670864640117
5354,e_demand,2030,224,2,2,0.0870670864640117
5355,e_demand,2030,224,3,3,0.0870670864640117
5356,e_demand,2030,224,4,4,0.0870670864640117
5357,e_demand,2030,224,5,5,0.0870670864640117
5358,e_demand,2030,224,6,6,0.0870670864640117
5359,e_demand,2030,224,7,7,0.0870670864640117
5360,e_demand,2030,224,8,8,0.0870670864640117
5361,e_demand,2030,224,9,9,0.0870670864640117
5362,e_demand,2030,224,10,10,0.0870670864640117
5363,e_demand,2030,224,11,11,0.0870670864640117
5364,e_demand,2030,224,12,12,0.0870670864640117
5365,e_demand,2030,224,13,13,0.0870670864640117
5366,e_demand,2030,224,14,14,0.0870670864640117
5367,e_demand,2030,224,15,15,0.0870670864640117
5368,e_demand,2030,224,16,16,0.0870670864640117
5369,e_demand,2030,224,17,17,0.0870670864640117
5370,e_demand,2030,224,18,18,0.1218939210496164
5371,e_demand,2030,224,19,19,0.1218939210496164
5372,e_demand,2030,224,20,20,0.1218939210496164
5373,e_demand,2030,224,21,21,0.1218939210496164
5374,e_demand,2030,224,22,22,0.0870670864640117
5375,e_demand,2030,224,23,23,0.0870670864640117
5376,e_demand,2030,224,24,24,0.0870670864640117
5377,e_demand,2030,225,1,1,0.13426551912927254
5378,e_demand,2030,225,2,2,0.13426551912927254
5379,e_demand,2030,225,3,3,0.13426551912927254
5380,e_demand,2030,225,4,4,0.13426551912927254
5381,e_demand,2030,225,5,5,0.13426551912927254
5382,e_demand,2030,225,6,6,0.13426551912927254
5383,e_demand,2030,225,7,7,0.13426551912927254
5384,e_demand,2030,225,8,8,0.13426551912927254
5385,e_demand,2030,225,9,9,0.13426551912927254
5386,e_demand,2030,225,10,10,0.13426551912927254
5387,e_demand,2030,225,11,11,0.13426551912927254
5388,e_demand,2030,225,12,12,0.13426551912927254
5389,e_demand,2030,225,13,13,0.13426551912927254
5390,e_demand,2030,225,14,14,0.13426551912927254
5391,e_demand,2030,225,15,15,0.13426551912927254
5392,e_demand,2030,225,16,16,0.13426551912927254
5393,e_demand,2030,225,17,17,0.13426551912927254
5394,e_demand,2030,225,18,18,0.13426551912927254
5395,e_demand,2030,225,19,19,0.18797172678098156
5396,e_demand,2030,225,20,20,0.18797172678098156
5397,e_demand,2030,225,21,21,0.18797172678098156
5398,e_demand,2030,225,22,22,0.18797172678098156
5399,e_demand,2030,225,23,23,0.18797172678098156
5400,e_demand,2030,225,24,24,0.18797172678098156
5401,e_demand,2030,226,1,1,0.09536793867851794
5402,e_demand,2030,226,2,2,0.09536793867851794
5403,e_demand,2030,226,3,3,0.09536793867851794
5404,e_demand,2030,226,4,4,0.09536793867851794
5405,e_demand,2030,226,5,5,0.09536793867851794
5406,e_demand,2030,226,6,6,0.09536793867851794
5407,e_demand,2030,226,7,7,0.09536793867851794
5408,e_demand,2030,226,8,8,0.09536793867851794
5409,e_demand,2030,226,9,9,0.09536793867851794
5410,e_demand,2030,226,10,10,0.09536793867851794
5411,e_demand,2030,226,11,11,0.09536793867851794
5412,e_demand,2030,226,12,12,0.0038147175471407173
5413,e_demand,2030,226,13,13,0.0038147175471407173
5414,e_demand,2030,226,14,14,0.0038147175471407173
5415,e_demand,2030,226,15,15,0.0038147175471407173
5416,e_demand,2030,226,16,16,0.0038147175471407173
5417,e_demand,2030,226,17,17,0.0038147175471407173
5418,e_demand,2030,226,18,18,0.09536793867851794
5419,e_demand,2030,226,19,19,0.09536793867851794
5420,e_demand,2030,226,20,20,0.09536793867851794
5421,e_demand,2030,226,21,21,0.09536793867851794
5422,e_demand,2030,226,22,22,0.09536793867851794
5423,e_demand,2030,226,23,23,0.09536793867851794
5424,e_demand,2030,226,24,24,0.09536793867851794
5425,e_demand,2030,227,1,1,0.19044862484393335
5426,e_demand,2030,227,2,2,0.19044862484393335
5427,e_demand,2030,227,3,3,0.19044862484393335
5428,e_demand,2030,227,4,4,0.19044862484393335
5429,e_demand,2030,227,5,5,0.19044862484393335
5430,e_demand,2030,227,6,6,0.19044862484393335
5431,e_demand,2030,227,7,7,0.19044862484393335
5432,e_demand,2030,227,8,8,0.19044862484393335
5433,e_demand,2030,227,9,9,0.19044862484393335
5434,e_demand,2030,227,10,10,0.007617944993757334
5435,e_demand,2030,227,11,11,0.007617944993757334
5436,e_demand,2030,227,12,12,0.007617944993757334
5437,e_demand,2030,227,13,13,0.007617944993757334
5438,e_demand,2030,227,14,14,0.007617944993757334
5439,e_demand,2030,227,15,15,0.007617944993757334
5440,e_demand,2030,227,16,16,0.007617944993757334
5441,e_demand,2030,227,17,17,0.007617944993757334
5442,e_demand,2030,227,18,18,0.19044862484393335
5443,e_demand,2030,227,19,19,0.19044862484393335
5444,e_demand,2030,227,20,20,0.19044862484393335
5445,e_demand,2030,227,21,21,0.19044862484393335
5446,e_demand,2030,227,22,22,0.19044862484393335
5447,e_demand,2030,227,23,23,0.19044862484393335
5448,e_demand,2030,227,24,24,0.19044862484393335
5449,e_demand,2030,228,1,1,1.8886182155428324
5450,e_demand,2030,228,2,2,1.8886182155428324
5451,e_demand,2030,228,3,3,1.8886182155428324
5452,e_demand,2030,228,4,4,1.8886182155428324
5453,e_demand,2030,228,5,5,1.8886182155428324
5454,e_demand,2030,228,6,6,1.8886182155428324
5455,e_demand,2030,228,7,7,1.8886182155428324
5456,e_demand,2030,228,8,8,1.8886182155428324
5457,e_demand,2030,228,9,9,1.8886182155428324
5458,e_demand,2030,228,10,10,1.8886182155428324
5459,e_demand,2030,228,11,11,0.0755447286217133
5460,e_demand,2030,228,12,12,0.0755447286217133
5461,e_demand,2030,228,13,13,0.0755447286217133
5462,e_demand,2030,228,14,14,0.0755447286217133
5463,e_demand,2030,228,15,15,0.0755447286217133
5464,e_demand,2030,228,16,16,0.0755447286217133
5465,e_demand,2030,228,17,17,0.0755447286217133
5466,e_demand,2030,228,18,18,1.8886182155428324
5467,e_demand,2030,228,19,19,1.8886182155428324
5468,e_demand,2030,228,20,20,1.8886182155428324
5469,e_demand,2030,228,21,21,1.8886182155428324
5470,e_demand,2030,228,22,22,1.8886182155428324
5471,e_demand,2030,228,23,23,0.0755447286217133
5472,e_demand,2030,228,24,24,0.0755447286217133
5473,e_demand,2030,229,1,1,0.07817968597092724
5474,e_demand,2030,229,2,2,0.07817968597092724
5475,e_demand,2030,229,3,3,0.07817968597092724
5476,e_demand,2030,229,4,4,0.07817968597092724
5477,e_demand,2030,229,5,5,0.07817968597092724
5478,e_demand,2030,229,6,6,0.07817968597092724
5479,e_demand,2030,229,7,7,0.07817968597092724
5480,e_demand,2030,229,8,8,0.07817968597092724
5481,e_demand,2030,229,9,9,0.07817968597092724
5482,e_demand,2030,229,10,10,0.07817968597092724
5483,e_demand,2030,229,11,11,0.0031271874388370895
5484,e_demand,2030,229,12,12,0.0031271874388370895
5485,e_demand,2030,229,13,13,0.0031271874388370895
5486,e_demand,2030,229,14,14,0.0031271874388370895
5487,e_demand,2030,229,15,15,0.0031271874388370895
5488,e_demand,2030,229,16,16,0.0031271874388370895
5489,e_demand,2030,229,17,17,0.07817968597092724
5490,e_demand,2030,229,18,18,0.07817968597092724
5491,e_demand,2030,229,19,19,0.07817968597092724
5492,e_demand,2030,229,20,20,0.07817968597092724
5493,e_demand,2030,229,21,21,0.07817968597092724
5494,e_demand,2030,229,22,22,0.07817968597092724
5495,e_demand,2030,229,23,23,0.07817968597092724
5496,e_demand,2030,229,24,24,0.07817968597092724
5497,e_demand,2030,230,1,1,0.025
5498,e_demand,2030,230,2,2,0.025
5499,e_demand,2030,230,3,3,0.025
5500,e_demand,2030,230,4,4,0.025
5501,e_demand,2030,230,5,5,0.025
5502,e_demand,2030,230,6,6,0.025
5503,e_demand,2030,230,7,7,0.025
5504,e_demand,2030,230,8,8,0.025
5505,e_demand,2030,230,9,9,0.025
5506,e_demand,2030,230,10,10,0.025
5507,e_demand,2030,230,11,11,0.025
5508,e_demand,2030,230,12,12,0.025
5509,e_demand,2030,230,13,13,0.025
5510,e_demand,2030,230,14,14,0.025
5511,e_demand,2030,230,15,15,0.025
5512,e_demand,2030,230,16,16,0.025
5513,e_demand,2030,230,17,17,0.025
5514,e_demand,2030,230,18,18,0.025
5515,e_demand,2030,230,19,19,0.025
5516,e_demand,2030,230,20,20,0.025
5517,e_demand,2030,230,21,21,0.025
5518,e_demand,2030,230,22,22,0.025
5519,e_demand,2030,230,23,23,0.025
5520,e_demand,2030,230,24,24,0.025
5521,e_demand,2030,231,1,1,1.434626657662055
5522,e_demand,2030,231,2,2,1.434626657662055
5523,e_demand,2030,231,3,3,1.434626657662055
5524,e_demand,2030,231,4,4,1.434626657662055
5525,e_demand,2030,231,5,5,1.434626657662055
5526,e_demand,2030,231,6,6,1.434626657662055
5527,e_demand,2030,231,7,7,1.434626657662055
5528,e_demand,2030,231,8,8,1.434626657662055
5529,e_demand,2030,231,9,9,1.434626657662055
5530,e_demand,2030,231,10,10,1.434626657662055
5531,e_demand,2030,231,11,11,1.434626657662055
5532,e_demand,2030,231,12,12,1.434626657662055
5533,e_demand,2030,231,13,13,1.434626657662055
5534,e_demand,2030,231,14,14,1.434626657662055
5535,e_demand,2030,231,15,15,1.434626657662055
5536,e_demand,2030,231,16,16,1.434626657662055
5537,e_demand,2030,231,17,17,1.434626657662055
5538,e_demand,2030,231,18,18,1.434626657662055
5539,e_demand,2030,231,19,19,1.434626657662055
5540,e_demand,2030,231,20,20,1.434626657662055
5541,e_demand,2030,231,21,21,1.434626657662055
5542,e_demand,2030,231,22,22,1.434626657662055
5543,e_demand,2030,231,23,23,1.434626657662055
5544,e_demand,2030,231,24,24,1.434626657662055
5545,e_demand,2030,232,1,1,0.10851764564244169
5546,e_demand,2030,232,2,2,0.10851764564244169
5547,e_demand,2030,232,3,3,0.10851764564244169
5548,e_demand,2030,232,4,4,0.10851764564244169
5549,e_demand,2030,232,5,5,0.10851764564244169
5550,e_demand,2030,232,6,6,0.10851764564244169
5551,e_demand,2030,232,7,7,0.10851764564244169
5552,e_demand,2030,232,8,8,0.10851764564244169
5553,e_demand,2030,232,9,9,0.10851764564244169
5554,e_demand,2030,232,10,10,0.10851764564244169
5555,e_demand,2030,232,11,11,0.10851764564244169
5556,e_demand,2030,232,12,12,0.10851764564244169
5557,e_demand,2030,232,13,13,0.10851764564244169
5558,e_demand,2030,232,14,14,0.10851764564244169
5559,e_demand,2030,232,15,15,0.10851764564244169
5560,e_demand,2030,232,16,16,0.10851764564244169
5561,e_demand,2030,232,17,17,0.10851764564244169
5562,e_demand,2030,232,18,18,0.10851764564244169
5563,e_demand,2030,232,19,19,0.10851764564244169
5564,e_demand,2030,232,20,20,0.10851764564244169
5565,e_demand,2030,232,21,21,0.10851764564244169
5566,e_demand,2030,232,22,22,0.10851764564244169
5567,e_demand,2030,232,23,23,0.10851764564244169
5568,e_demand,2030,232,24,24,0.10851764564244169
5569,e_demand,2030,233,1,1,0.04288105440254145
5570,e_demand,2030,233,2,2,0.04288105440254145
5571,e_demand,2030,233,3,3,0.04288105440254145
5572,e_demand,2030,233,4,4,0.04288105440254145
5573,e_demand,2030,233,5,5,0.04288105440254145
5574,e_demand,2030,233,6,6,0.04288105440254145
5575,e_demand,2030,233,7,7,0.04288105440254145
5576,e_demand,2030,233,8,8,0.04288105440254145
5577,e_demand,2030,233,9,9,0.04288105440254145
5578,e_demand,2030,233,10,10,0.04288105440254145
5579,e_demand,2030,233,11,11,0.04288105440254145
5580,e_demand,2030,233,12,12,0.04288105440254145
5581,e_demand,2030,233,13,13,0.04288105440254145
5582,e_demand,2030,233,14,14,0.04288105440254145
5583,e_demand,2030,233,15,15,0.04288105440254145
5584,e_demand,2030,233,16,16,0.04288105440254145
5585,e_demand,2030,233,17,17,0.04288105440254145
5586,e_demand,2030,233,18,18,0.04288105440254145
5587,e_demand,2030,233,19,19,0.04288105440254145
5588,e_demand,2030,233,20,20,0.04288105440254145
5589,e_demand,2030,233,21,21,0.04288105440254145
5590,e_demand,2030,233,22,22,0.04288105440254145
5591,e_demand,2030,233,23,23,0.04288105440254145
5592,e_demand,2030,233,24,24,0.04288105440254145
5593,e_demand,2030,234,1,1,0.06755253085147828
5594,e_demand,2030,234,2,2,0.06755253085147828
5595,e_demand,2030,234,3,3,0.06755253085147828
5596,e_demand,2030,234,4,4,0.06755253085147828
5597,e_demand,2030,234,5,5,0.06755253085147828
5598,e_demand,2030,234,6,6,0.06755253085147828
5599,e_demand,2030,234,7,7,0.06755253085147828
5600,e_demand,2030,234,8,8,0.06755253085147828
5601,e_demand,2030,234,9,9,0.06755253085147828
5602,e_demand,2030,234,10,10,0.06755253085147828
5603,e_demand,2030,234,11,11,0.002702101234059131
5604,e_demand,2030,234,12,12,0.002702101234059131
5605,e_demand,2030,234,13,13,0.002702101234059131
5606,e_demand,2030,234,14,14,0.002702101234059131
5607,e_demand,2030,234,15,15,0.002702101234059131
5608,e_demand,2030,234,16,16,0.002702101234059131
5609,e_demand,2030,234,17,17,0.06755253085147828
5610,e_demand,2030,234,18,18,0.06755253085147828
5611,e_demand,2030,234,19,19,0.06755253085147828
5612,e_demand,2030,234,20,20,0.06755253085147828
5613,e_demand,2030,234,21,21,0.06755253085147828
5614,e_demand,2030,234,22,22,0.06755253085147828
5615,e_demand,2030,234,23,23,0.06755253085147828
5616,e_demand,2030,234,24,24,0.06755253085147828
5617,e_demand,2030,235,1,1,0.025
5618,e_demand,2030,235,2,2,0.025
5619,e_demand,2030,235,3,3,0.025
5620,e_demand,2030,235,4,4,0.025
5621,e_demand,2030,235,5,5,0.025
5622,e_demand,2030,235,6,6,0.025
5623,e_demand,2030,235,7,7,0.025
5624,e_demand,2030,235,8,8,0.025
5625,e_demand,2030,235,9,9,0.025
5626,e_demand,2030,235,10,10,0.025
5627,e_demand,2030,235,11,11,0.025
5628,e_demand,2030,235,12,12,0.025
5629,e_demand,2030,235,13,13,0.001
5630,e_demand,2030,235,14,14,0.001
5631,e_demand,2030,235,15,15,0.025
5632,e_demand,2030,235,16,16,0.025
5633,e_demand,2030,235,17,17,0.025
5634,e_demand,2030,235,18,18,0.025
5635,e_demand,2030,235,19,19,0.025
5636,e_demand,2030,235,20,20,0.025
5637,e_demand,2030,235,21,21,0.025
5638,e_demand,2030,235,22,22,0.025
5639,e_demand,2030,235,23,23,0.025
5640,e_demand,2030,235,24,24,0.025
5641,e_demand,2030,236,1,1,0.07104735219191544
5642,e_demand,2030,236,2,2,0.07104735219191544
5643,e_demand,2030,236,3,3,0.07104735219191544
5644,e_demand,2030,236,4,4,0.07104735219191544
5645,e_demand,2030,236,5,5,0.07104735219191544
5646,e_demand,2030,236,6,6,0.07104735219191544
5647,e_demand,2030,236,7,7,0.07104735219191544
5648,e_demand,2030,236,8,8,0.07104735219191544
5649,e_demand,2030,236,9,9,0.07104735219191544
5650,e_demand,2030,236,10,10,0.07104735219191544
5651,e_demand,2030,236,11,11,0.07104735219191544
5652,e_demand,2030,236,12,12,0.0028418940876766175
5653,e_demand,2030,236,13,13,0.0028418940876766175
5654,e_demand,2030,236,14,14,0.0028418940876766175
5655,e_demand,2030,236,15,15,0.0028418940876766175
5656,e_demand,2030,236,16,16,0.07104735219191544
5657,e_demand,2030,236,17,17,0.07104735219191544
5658,e_demand,2030,236,18,18,0.07104735219191544
5659,e_demand,2030,236,19,19,0.07104735219191544
5660,e_demand,2030,236,20,20,0.07104735219191544
5661,e_demand,2030,236,21,21,0.07104735219191544
5662,e_demand,2030,236,22,22,0.07104735219191544
5663,e_demand,2030,236,23,23,0.07104735219191544
5664,e_demand,2030,236,24,24,0.07104735219191544
5665,e_demand,2030,237,1,1,0.09269069472165399
5666,e_demand,2030,237,2,2,0.09269069472165399
5667,e_demand,2030,237,3,3,0.09269069472165399
5668,e_demand,2030,237,4,4,0.09269069472165399
5669,e_demand,2030,237,5,5,0.09269069472165399
5670,e_demand,2030,237,6,6,0.09269069472165399
5671,e_demand,2030,237,7,7,0.09269069472165399
5672,e_demand,2030,237,8,8,0.09269069472165399
5673,e_demand,2030,237,9,9,0.0037076277888661597
5674,e_demand,2030,237,10,10,0.0037076277888661597
5675,e_demand,2030,237,11,11,0.0037076277888661597
5676,e_demand,2030,237,12,12,0.0037076277888661597
5677,e_demand,2030,237,13,13,0.0037076277888661597
5678,e_demand,2030,237,14,14,0.0037076277888661597
5679,e_demand,2030,237,15,15,0.0037076277888661597
5680,e_demand,2030,237,16,16,0.0037076277888661597
5681,e_demand,2030,237,17,17,0.0037076277888661597
5682,e_demand,2030,237,18,18,0.0037076277888661597
5683,e_demand,2030,237,19,19,0.09269069472165399
5684,e_demand,2030,237,20,20,0.09269069472165399
5685,e_demand,2030,237,21,21,0.09269069472165399
5686,e_demand,2030,237,22,22,0.09269069472165399
5687,e_demand,2030,237,23,23,0.09269069472165399
5688,e_demand,2030,237,24,24,0.09269069472165399
5689,e_demand,2030,238,1,1,0.029448435530370732
5690,e_demand,2030,238,2,2,0.029448435530370732
5691,e_demand,2030,238,3,3,0.029448435530370732
5692,e_demand,2030,238,4,4,0.029448435530370732
5693,e_demand,2030,238,5,5,0.029448435530370732
5694,e_demand,2030,238,6,6,0.029448435530370732
5695,e_demand,2030,238,7,7,0.029448435530370732
5696,e_demand,2030,238,8,8,0.029448435530370732
5697,e_demand,2030,238,9,9,0.029448435530370732
5698,e_demand,2030,238,10,10,0.029448435530370732
5699,e_demand,2030,238,11,11,0.029448435530370732
5700,e_demand,2030,238,12,12,0.029448435530370732
5701,e_demand,2030,238,13,13,0.029448435530370732
5702,e_demand,2030,238,14,14,0.029448435530370732
5703,e_demand,2030,238,15,15,0.029448435530370732
5704,e_demand,2030,238,16,16,0.029448435530370732
5705,e_demand,2030,238,17,17,0.029448435530370732
5706,e_demand,2030,238,18,18,0.029448435530370732
5707,e_demand,2030,238,19,19,0.029448435530370732
5708,e_demand,2030,238,20,20,0.029448435530370732
5709,e_demand,2030,238,21,21,0.029448435530370732
5710,e_demand,2030,238,22,22,0.029448435530370732
5711,e_demand,2030,238,23,23,0.029448435530370732
5712,e_demand,2030,238,24,24,0.029448435530370732
5713,e_demand,2030,239,1,1,0.052491369232513074
5714,e_demand,2030,239,2,2,0.052491369232513074
5715,e_demand,2030,239,3,3,0.052491369232513074
5716,e_demand,2030,239,4,4,0.052491369232513074
5717,e_demand,2030,239,5,5,0.052491369232513074
5718,e_demand,2030,239,6,6,0.052491369232513074
5719,e_demand,2030,239,7,7,0.052491369232513074
5720,e_demand,2030,239,8,8,0.052491369232513074
5721,e_demand,2030,239,9,9,0.052491369232513074
5722,e_demand,2030,239,10,10,0.052491369232513074
5723,e_demand,2030,239,11,11,0.052491369232513074
5724,e_demand,2030,239,12,12,0.052491369232513074
5725,e_demand,2030,239,13,13,0.052491369232513074
5726,e_demand,2030,239,14,14,0.052491369232513074
5727,e_demand,2030,239,15,15,0.052491369232513074
5728,e_demand,2030,239,16,16,0.052491369232513074
5729,e_demand,2030,239,17,17,0.052491369232513074
5730,e_demand,2030,239,18,18,0.052491369232513074
5731,e_demand,2030,239,19,19,0.052491369232513074
5732,e_demand,2030,239,20,20,0.052491369232513074
5733,e_demand,2030,239,21,21,0.052491369232513074
5734,e_demand,2030,239,22,22,0.052491369232513074
5735,e_demand,2030,239,23,23,0.052491369232513074
5736,e_demand,2030,239,24,24,0.052491369232513074
5737,e_demand,2030,240,1,1,0.06693663140127272
5738,e_demand,2030,240,2,2,0.06693663140127272
5739,e_demand,2030,240,3,3,0.06693663140127272
5740,e_demand,2030,240,4,4,0.06693663140127272
5741,e_demand,2030,240,5,5,0.06693663140127272
5742,e_demand,2030,240,6,6,0.06693663140127272
5743,e_demand,2030,240,7,7,0.06693663140127272
5744,e_demand,2030,240,8,8,0.06693663140127272
5745,e_demand,2030,240,9,9,0.06693663140127272
5746,e_demand,2030,240,10,10,0.06693663140127272
5747,e_demand,2030,240,11,11,0.0026774652560509087
5748,e_demand,2030,240,12,12,0.0026774652560509087
5749,e_demand,2030,240,13,13,0.0026774652560509087
5750,e_demand,2030,240,14,14,0.0026774652560509087
5751,e_demand,2030,240,15,15,0.0026774652560509087
5752,e_demand,2030,240,16,16,0.0026774652560509087
5753,e_demand,2030,240,17,17,0.0026774652560509087
5754,e_demand,2030,240,18,18,0.0026774652560509087
5755,e_demand,2030,240,19,19,0.06534192913765341
5756,e_demand,2030,240,20,20,0.06693663140127272
5757,e_demand,2030,240,21,21,0.06693663140127272
5758,e_demand,2030,240,22,22,0.06693663140127272
5759,e_demand,2030,240,23,23,0.06693663140127272
5760,e_demand,2030,240,24,24,0.06693663140127272
