id,asset,year,rep_period,time_block_start,time_block_end,dual_max_output_flows_limit_simple_method
1,ccgt,2030,1,1,1,0.0
2,ccgt,2030,1,2,2,0.0
3,ccgt,2030,1,3,3,0.0
4,ccgt,2030,1,4,4,0.0
5,ccgt,2030,1,5,5,0.0
6,ccgt,2030,1,6,6,0.0
7,ccgt,2030,1,7,7,0.0
8,ccgt,2030,1,8,8,0.0
9,ccgt,2030,1,9,9,0.0
10,ccgt,2030,1,10,10,0.0
11,ccgt,2030,1,11,11,0.0
12,ccgt,2030,1,12,12,0.0
13,ccgt,2030,1,13,13,0.0
14,ccgt,2030,1,14,14,0.0
15,ccgt,2030,1,15,15,0.0
16,ccgt,2030,1,16,16,0.0
17,ccgt,2030,1,17,17,0.0
18,ccgt,2030,1,18,18,0.0
19,ccgt,2030,1,19,19,0.0
20,ccgt,2030,1,20,20,0.0
21,ccgt,2030,1,21,21,0.0
22,ccgt,2030,1,22,22,0.0
23,ccgt,2030,1,23,23,0.0
24,ccgt,2030,1,24,24,0.0
25,ccgt,2030,2,1,1,0.0
26,ccgt,2030,2,2,2,0.0
27,ccgt,2030,2,3,3,0.0
28,ccgt,2030,2,4,4,0.0
29,ccgt,2030,2,5,5,0.0
30,ccgt,2030,2,6,6,0.0
31,ccgt,2030,2,7,7,0.0
32,ccgt,2030,2,8,8,0.0
33,ccgt,2030,2,9,9,0.0
34,ccgt,2030,2,10,10,0.0
35,ccgt,2030,2,11,11,0.0
36,ccgt,2030,2,12,12,0.0
37,ccgt,2030,2,13,13,0.0
38,ccgt,2030,2,14,14,0.0
39,ccgt,2030,2,15,15,0.0
40,ccgt,2030,2,16,16,0.0
41,ccgt,2030,2,17,17,0.0
42,ccgt,2030,2,18,18,-0.3749612188536966
43,ccgt,2030,2,19,19,-1.8905283055533966
44,ccgt,2030,2,20,20,-1.8905283055533966
45,ccgt,2030,2,21,21,0.0
46,ccgt,2030,2,22,22,0.0
47,ccgt,2030,2,23,23,0.0
48,ccgt,2030,2,24,24,0.0
49,ccgt,2030,3,1,1,0.0
50,ccgt,2030,3,2,2,0.0
51,ccgt,2030,3,3,3,0.0
52,ccgt,2030,3,4,4,0.0
53,ccgt,2030,3,5,5,0.0
54,ccgt,2030,3,6,6,0.0
55,ccgt,2030,3,7,7,0.0
56,ccgt,2030,3,8,8,0.0
57,ccgt,2030,3,9,9,0.0
58,ccgt,2030,3,10,10,0.0
59,ccgt,2030,3,11,11,0.0
60,ccgt,2030,3,12,12,0.0
61,ccgt,2030,3,13,13,0.0
62,ccgt,2030,3,14,14,0.0
63,ccgt,2030,3,15,15,0.0
64,ccgt,2030,3,16,16,0.0
65,ccgt,2030,3,17,17,0.0
66,ccgt,2030,3,18,18,-0.21931392641134573
67,ccgt,2030,3,19,19,-0.21931392641134573
68,ccgt,2030,3,20,20,-103.42512785862957
69,ccgt,2030,3,21,21,-0.21931392641134573
70,ccgt,2030,3,22,22,-0.21931392641134573
71,ccgt,2030,3,23,23,0.0
72,ccgt,2030,3,24,24,0.0
73,ccgt,2030,4,1,1,0.0
74,ccgt,2030,4,2,2,0.0
75,ccgt,2030,4,3,3,0.0
76,ccgt,2030,4,4,4,0.0
77,ccgt,2030,4,5,5,0.0
78,ccgt,2030,4,6,6,0.0
79,ccgt,2030,4,7,7,0.0
80,ccgt,2030,4,8,8,0.0
81,ccgt,2030,4,9,9,0.0
82,ccgt,2030,4,10,10,0.0
83,ccgt,2030,4,11,11,0.0
84,ccgt,2030,4,12,12,0.0
85,ccgt,2030,4,13,13,0.0
86,ccgt,2030,4,14,14,0.0
87,ccgt,2030,4,15,15,0.0
88,ccgt,2030,4,16,16,0.0
89,ccgt,2030,4,17,17,0.0
90,ccgt,2030,4,18,18,0.0
91,ccgt,2030,4,19,19,0.0
92,ccgt,2030,4,20,20,0.0
93,ccgt,2030,4,21,21,0.0
94,ccgt,2030,4,22,22,0.0
95,ccgt,2030,4,23,23,0.0
96,ccgt,2030,4,24,24,0.0
97,ccgt,2030,5,1,1,0.0
98,ccgt,2030,5,2,2,0.0
99,ccgt,2030,5,3,3,0.0
100,ccgt,2030,5,4,4,0.0
101,ccgt,2030,5,5,5,0.0
102,ccgt,2030,5,6,6,0.0
103,ccgt,2030,5,7,7,0.0
104,ccgt,2030,5,8,8,0.0
105,ccgt,2030,5,9,9,0.0
106,ccgt,2030,5,10,10,0.0
107,ccgt,2030,5,11,11,0.0
108,ccgt,2030,5,12,12,0.0
109,ccgt,2030,5,13,13,0.0
110,ccgt,2030,5,14,14,0.0
111,ccgt,2030,5,15,15,0.0
112,ccgt,2030,5,16,16,0.0
113,ccgt,2030,5,17,17,0.0
114,ccgt,2030,5,18,18,0.0
115,ccgt,2030,5,19,19,0.0
116,ccgt,2030,5,20,20,0.0
117,ccgt,2030,5,21,21,0.0
118,ccgt,2030,5,22,22,0.0
119,ccgt,2030,5,23,23,0.0
120,ccgt,2030,5,24,24,0.0
121,ccgt,2030,6,1,1,0.0
122,ccgt,2030,6,2,2,0.0
123,ccgt,2030,6,3,3,0.0
124,ccgt,2030,6,4,4,0.0
125,ccgt,2030,6,5,5,0.0
126,ccgt,2030,6,6,6,0.0
127,ccgt,2030,6,7,7,0.0
128,ccgt,2030,6,8,8,0.0
129,ccgt,2030,6,9,9,0.0
130,ccgt,2030,6,10,10,0.0
131,ccgt,2030,6,11,11,0.0
132,ccgt,2030,6,12,12,0.0
133,ccgt,2030,6,13,13,0.0
134,ccgt,2030,6,14,14,0.0
135,ccgt,2030,6,15,15,0.0
136,ccgt,2030,6,16,16,0.0
137,ccgt,2030,6,17,17,0.0
138,ccgt,2030,6,18,18,0.0
139,ccgt,2030,6,19,19,0.0
140,ccgt,2030,6,20,20,0.0
141,ccgt,2030,6,21,21,0.0
142,ccgt,2030,6,22,22,0.0
143,ccgt,2030,6,23,23,0.0
144,ccgt,2030,6,24,24,0.0
145,ccgt,2030,7,1,1,0.0
146,ccgt,2030,7,2,2,0.0
147,ccgt,2030,7,3,3,0.0
148,ccgt,2030,7,4,4,0.0
149,ccgt,2030,7,5,5,0.0
150,ccgt,2030,7,6,6,0.0
151,ccgt,2030,7,7,7,0.0
152,ccgt,2030,7,8,8,0.0
153,ccgt,2030,7,9,9,0.0
154,ccgt,2030,7,10,10,0.0
155,ccgt,2030,7,11,11,0.0
156,ccgt,2030,7,12,12,0.0
157,ccgt,2030,7,13,13,0.0
158,ccgt,2030,7,14,14,0.0
159,ccgt,2030,7,15,15,0.0
160,ccgt,2030,7,16,16,0.0
161,ccgt,2030,7,17,17,0.0
162,ccgt,2030,7,18,18,0.0
163,ccgt,2030,7,19,19,0.0
164,ccgt,2030,7,20,20,0.0
165,ccgt,2030,7,21,21,0.0
166,ccgt,2030,7,22,22,0.0
167,ccgt,2030,7,23,23,0.0
168,ccgt,2030,7,24,24,0.0
169,ccgt,2030,8,1,1,0.0
170,ccgt,2030,8,2,2,0.0
171,ccgt,2030,8,3,3,0.0
172,ccgt,2030,8,4,4,0.0
173,ccgt,2030,8,5,5,0.0
174,ccgt,2030,8,6,6,0.0
175,ccgt,2030,8,7,7,0.0
176,ccgt,2030,8,8,8,0.0
177,ccgt,2030,8,9,9,0.0
178,ccgt,2030,8,10,10,0.0
179,ccgt,2030,8,11,11,0.0
180,ccgt,2030,8,12,12,0.0
181,ccgt,2030,8,13,13,0.0
182,ccgt,2030,8,14,14,0.0
183,ccgt,2030,8,15,15,0.0
184,ccgt,2030,8,16,16,0.0
185,ccgt,2030,8,17,17,0.0
186,ccgt,2030,8,18,18,0.0
187,ccgt,2030,8,19,19,0.0
188,ccgt,2030,8,20,20,0.0
189,ccgt,2030,8,21,21,0.0
190,ccgt,2030,8,22,22,0.0
191,ccgt,2030,8,23,23,0.0
192,ccgt,2030,8,24,24,0.0
193,ccgt,2030,9,1,1,0.0
194,ccgt,2030,9,2,2,0.0
195,ccgt,2030,9,3,3,0.0
196,ccgt,2030,9,4,4,0.0
197,ccgt,2030,9,5,5,0.0
198,ccgt,2030,9,6,6,0.0
199,ccgt,2030,9,7,7,0.0
200,ccgt,2030,9,8,8,0.0
201,ccgt,2030,9,9,9,0.0
202,ccgt,2030,9,10,10,0.0
203,ccgt,2030,9,11,11,0.0
204,ccgt,2030,9,12,12,0.0
205,ccgt,2030,9,13,13,0.0
206,ccgt,2030,9,14,14,0.0
207,ccgt,2030,9,15,15,0.0
208,ccgt,2030,9,16,16,0.0
209,ccgt,2030,9,17,17,0.0
210,ccgt,2030,9,18,18,0.0
211,ccgt,2030,9,19,19,0.0
212,ccgt,2030,9,20,20,0.0
213,ccgt,2030,9,21,21,0.0
214,ccgt,2030,9,22,22,0.0
215,ccgt,2030,9,23,23,0.0
216,ccgt,2030,9,24,24,0.0
217,ccgt,2030,10,1,1,0.0
218,ccgt,2030,10,2,2,0.0
219,ccgt,2030,10,3,3,0.0
220,ccgt,2030,10,4,4,0.0
221,ccgt,2030,10,5,5,0.0
222,ccgt,2030,10,6,6,0.0
223,ccgt,2030,10,7,7,0.0
224,ccgt,2030,10,8,8,0.0
225,ccgt,2030,10,9,9,0.0
226,ccgt,2030,10,10,10,0.0
227,ccgt,2030,10,11,11,0.0
228,ccgt,2030,10,12,12,0.0
229,ccgt,2030,10,13,13,0.0
230,ccgt,2030,10,14,14,0.0
231,ccgt,2030,10,15,15,0.0
232,ccgt,2030,10,16,16,0.0
233,ccgt,2030,10,17,17,0.0
234,ccgt,2030,10,18,18,0.0
235,ccgt,2030,10,19,19,0.0
236,ccgt,2030,10,20,20,0.0
237,ccgt,2030,10,21,21,0.0
238,ccgt,2030,10,22,22,0.0
239,ccgt,2030,10,23,23,0.0
240,ccgt,2030,10,24,24,0.0
241,ccgt,2030,11,1,1,0.0
242,ccgt,2030,11,2,2,0.0
243,ccgt,2030,11,3,3,0.0
244,ccgt,2030,11,4,4,0.0
245,ccgt,2030,11,5,5,0.0
246,ccgt,2030,11,6,6,0.0
247,ccgt,2030,11,7,7,0.0
248,ccgt,2030,11,8,8,0.0
249,ccgt,2030,11,9,9,0.0
250,ccgt,2030,11,10,10,0.0
251,ccgt,2030,11,11,11,0.0
252,ccgt,2030,11,12,12,0.0
253,ccgt,2030,11,13,13,0.0
254,ccgt,2030,11,14,14,0.0
255,ccgt,2030,11,15,15,0.0
256,ccgt,2030,11,16,16,0.0
257,ccgt,2030,11,17,17,0.0
258,ccgt,2030,11,18,18,0.0
259,ccgt,2030,11,19,19,0.0
260,ccgt,2030,11,20,20,0.0
261,ccgt,2030,11,21,21,0.0
262,ccgt,2030,11,22,22,0.0
263,ccgt,2030,11,23,23,0.0
264,ccgt,2030,11,24,24,0.0
265,ccgt,2030,12,1,1,0.0
266,ccgt,2030,12,2,2,0.0
267,ccgt,2030,12,3,3,0.0
268,ccgt,2030,12,4,4,0.0
269,ccgt,2030,12,5,5,0.0
270,ccgt,2030,12,6,6,0.0
271,ccgt,2030,12,7,7,0.0
272,ccgt,2030,12,8,8,0.0
273,ccgt,2030,12,9,9,0.0
274,ccgt,2030,12,10,10,0.0
275,ccgt,2030,12,11,11,0.0
276,ccgt,2030,12,12,12,0.0
277,ccgt,2030,12,13,13,0.0
278,ccgt,2030,12,14,14,0.0
279,ccgt,2030,12,15,15,0.0
280,ccgt,2030,12,16,16,0.0
281,ccgt,2030,12,17,17,0.0
282,ccgt,2030,12,18,18,0.0
283,ccgt,2030,12,19,19,0.0
284,ccgt,2030,12,20,20,0.0
285,ccgt,2030,12,21,21,0.0
286,ccgt,2030,12,22,22,0.0
287,ccgt,2030,12,23,23,0.0
288,ccgt,2030,12,24,24,0.0
289,ccgt,2030,13,1,1,0.0
290,ccgt,2030,13,2,2,0.0
291,ccgt,2030,13,3,3,0.0
292,ccgt,2030,13,4,4,0.0
293,ccgt,2030,13,5,5,0.0
294,ccgt,2030,13,6,6,0.0
295,ccgt,2030,13,7,7,0.0
296,ccgt,2030,13,8,8,0.0
297,ccgt,2030,13,9,9,0.0
298,ccgt,2030,13,10,10,0.0
299,ccgt,2030,13,11,11,0.0
300,ccgt,2030,13,12,12,0.0
301,ccgt,2030,13,13,13,0.0
302,ccgt,2030,13,14,14,0.0
303,ccgt,2030,13,15,15,0.0
304,ccgt,2030,13,16,16,0.0
305,ccgt,2030,13,17,17,0.0
306,ccgt,2030,13,18,18,0.0
307,ccgt,2030,13,19,19,0.0
308,ccgt,2030,13,20,20,0.0
309,ccgt,2030,13,21,21,0.0
310,ccgt,2030,13,22,22,0.0
311,ccgt,2030,13,23,23,0.0
312,ccgt,2030,13,24,24,0.0
313,ccgt,2030,14,1,1,0.0
314,ccgt,2030,14,2,2,0.0
315,ccgt,2030,14,3,3,0.0
316,ccgt,2030,14,4,4,0.0
317,ccgt,2030,14,5,5,0.0
318,ccgt,2030,14,6,6,0.0
319,ccgt,2030,14,7,7,0.0
320,ccgt,2030,14,8,8,0.0
321,ccgt,2030,14,9,9,0.0
322,ccgt,2030,14,10,10,0.0
323,ccgt,2030,14,11,11,0.0
324,ccgt,2030,14,12,12,0.0
325,ccgt,2030,14,13,13,0.0
326,ccgt,2030,14,14,14,0.0
327,ccgt,2030,14,15,15,0.0
328,ccgt,2030,14,16,16,0.0
329,ccgt,2030,14,17,17,0.0
330,ccgt,2030,14,18,18,0.0
331,ccgt,2030,14,19,19,0.0
332,ccgt,2030,14,20,20,0.0
333,ccgt,2030,14,21,21,0.0
334,ccgt,2030,14,22,22,0.0
335,ccgt,2030,14,23,23,0.0
336,ccgt,2030,14,24,24,0.0
337,ccgt,2030,15,1,1,0.0
338,ccgt,2030,15,2,2,0.0
339,ccgt,2030,15,3,3,0.0
340,ccgt,2030,15,4,4,0.0
341,ccgt,2030,15,5,5,0.0
342,ccgt,2030,15,6,6,0.0
343,ccgt,2030,15,7,7,0.0
344,ccgt,2030,15,8,8,0.0
345,ccgt,2030,15,9,9,0.0
346,ccgt,2030,15,10,10,0.0
347,ccgt,2030,15,11,11,0.0
348,ccgt,2030,15,12,12,0.0
349,ccgt,2030,15,13,13,0.0
350,ccgt,2030,15,14,14,0.0
351,ccgt,2030,15,15,15,0.0
352,ccgt,2030,15,16,16,0.0
353,ccgt,2030,15,17,17,0.0
354,ccgt,2030,15,18,18,0.0
355,ccgt,2030,15,19,19,0.0
356,ccgt,2030,15,20,20,0.0
357,ccgt,2030,15,21,21,0.0
358,ccgt,2030,15,22,22,0.0
359,ccgt,2030,15,23,23,0.0
360,ccgt,2030,15,24,24,0.0
361,ccgt,2030,16,1,1,0.0
362,ccgt,2030,16,2,2,0.0
363,ccgt,2030,16,3,3,0.0
364,ccgt,2030,16,4,4,0.0
365,ccgt,2030,16,5,5,0.0
366,ccgt,2030,16,6,6,0.0
367,ccgt,2030,16,7,7,0.0
368,ccgt,2030,16,8,8,0.0
369,ccgt,2030,16,9,9,0.0
370,ccgt,2030,16,10,10,0.0
371,ccgt,2030,16,11,11,0.0
372,ccgt,2030,16,12,12,0.0
373,ccgt,2030,16,13,13,0.0
374,ccgt,2030,16,14,14,0.0
375,ccgt,2030,16,15,15,0.0
376,ccgt,2030,16,16,16,0.0
377,ccgt,2030,16,17,17,0.0
378,ccgt,2030,16,18,18,0.0
379,ccgt,2030,16,19,19,0.0
380,ccgt,2030,16,20,20,0.0
381,ccgt,2030,16,21,21,0.0
382,ccgt,2030,16,22,22,0.0
383,ccgt,2030,16,23,23,0.0
384,ccgt,2030,16,24,24,0.0
385,ccgt,2030,17,1,1,0.0
386,ccgt,2030,17,2,2,0.0
387,ccgt,2030,17,3,3,0.0
388,ccgt,2030,17,4,4,0.0
389,ccgt,2030,17,5,5,0.0
390,ccgt,2030,17,6,6,0.0
391,ccgt,2030,17,7,7,0.0
392,ccgt,2030,17,8,8,0.0
393,ccgt,2030,17,9,9,0.0
394,ccgt,2030,17,10,10,0.0
395,ccgt,2030,17,11,11,0.0
396,ccgt,2030,17,12,12,0.0
397,ccgt,2030,17,13,13,0.0
398,ccgt,2030,17,14,14,0.0
399,ccgt,2030,17,15,15,0.0
400,ccgt,2030,17,16,16,0.0
401,ccgt,2030,17,17,17,0.0
402,ccgt,2030,17,18,18,0.0
403,ccgt,2030,17,19,19,0.0
404,ccgt,2030,17,20,20,0.0
405,ccgt,2030,17,21,21,0.0
406,ccgt,2030,17,22,22,0.0
407,ccgt,2030,17,23,23,0.0
408,ccgt,2030,17,24,24,0.0
409,ccgt,2030,18,1,1,0.0
410,ccgt,2030,18,2,2,0.0
411,ccgt,2030,18,3,3,0.0
412,ccgt,2030,18,4,4,0.0
413,ccgt,2030,18,5,5,0.0
414,ccgt,2030,18,6,6,0.0
415,ccgt,2030,18,7,7,0.0
416,ccgt,2030,18,8,8,0.0
417,ccgt,2030,18,9,9,0.0
418,ccgt,2030,18,10,10,0.0
419,ccgt,2030,18,11,11,0.0
420,ccgt,2030,18,12,12,0.0
421,ccgt,2030,18,13,13,0.0
422,ccgt,2030,18,14,14,0.0
423,ccgt,2030,18,15,15,0.0
424,ccgt,2030,18,16,16,0.0
425,ccgt,2030,18,17,17,0.0
426,ccgt,2030,18,18,18,0.0
427,ccgt,2030,18,19,19,0.0
428,ccgt,2030,18,20,20,0.0
429,ccgt,2030,18,21,21,0.0
430,ccgt,2030,18,22,22,0.0
431,ccgt,2030,18,23,23,0.0
432,ccgt,2030,18,24,24,0.0
433,ccgt,2030,19,1,1,0.0
434,ccgt,2030,19,2,2,0.0
435,ccgt,2030,19,3,3,0.0
436,ccgt,2030,19,4,4,0.0
437,ccgt,2030,19,5,5,0.0
438,ccgt,2030,19,6,6,0.0
439,ccgt,2030,19,7,7,0.0
440,ccgt,2030,19,8,8,0.0
441,ccgt,2030,19,9,9,0.0
442,ccgt,2030,19,10,10,0.0
443,ccgt,2030,19,11,11,0.0
444,ccgt,2030,19,12,12,0.0
445,ccgt,2030,19,13,13,0.0
446,ccgt,2030,19,14,14,0.0
447,ccgt,2030,19,15,15,0.0
448,ccgt,2030,19,16,16,0.0
449,ccgt,2030,19,17,17,0.0
450,ccgt,2030,19,18,18,0.0
451,ccgt,2030,19,19,19,0.0
452,ccgt,2030,19,20,20,0.0
453,ccgt,2030,19,21,21,0.0
454,ccgt,2030,19,22,22,0.0
455,ccgt,2030,19,23,23,0.0
456,ccgt,2030,19,24,24,0.0
457,ccgt,2030,20,1,1,0.0
458,ccgt,2030,20,2,2,0.0
459,ccgt,2030,20,3,3,0.0
460,ccgt,2030,20,4,4,0.0
461,ccgt,2030,20,5,5,0.0
462,ccgt,2030,20,6,6,0.0
463,ccgt,2030,20,7,7,0.0
464,ccgt,2030,20,8,8,0.0
465,ccgt,2030,20,9,9,0.0
466,ccgt,2030,20,10,10,0.0
467,ccgt,2030,20,11,11,0.0
468,ccgt,2030,20,12,12,0.0
469,ccgt,2030,20,13,13,0.0
470,ccgt,2030,20,14,14,0.0
471,ccgt,2030,20,15,15,0.0
472,ccgt,2030,20,16,16,0.0
473,ccgt,2030,20,17,17,0.0
474,ccgt,2030,20,18,18,0.0
475,ccgt,2030,20,19,19,0.0
476,ccgt,2030,20,20,20,0.0
477,ccgt,2030,20,21,21,0.0
478,ccgt,2030,20,22,22,0.0
479,ccgt,2030,20,23,23,0.0
480,ccgt,2030,20,24,24,0.0
481,ccgt,2030,21,1,1,0.0
482,ccgt,2030,21,2,2,0.0
483,ccgt,2030,21,3,3,0.0
484,ccgt,2030,21,4,4,0.0
485,ccgt,2030,21,5,5,0.0
486,ccgt,2030,21,6,6,0.0
487,ccgt,2030,21,7,7,0.0
488,ccgt,2030,21,8,8,0.0
489,ccgt,2030,21,9,9,0.0
490,ccgt,2030,21,10,10,0.0
491,ccgt,2030,21,11,11,0.0
492,ccgt,2030,21,12,12,0.0
493,ccgt,2030,21,13,13,0.0
494,ccgt,2030,21,14,14,0.0
495,ccgt,2030,21,15,15,0.0
496,ccgt,2030,21,16,16,0.0
497,ccgt,2030,21,17,17,0.0
498,ccgt,2030,21,18,18,0.0
499,ccgt,2030,21,19,19,0.0
500,ccgt,2030,21,20,20,0.0
501,ccgt,2030,21,21,21,0.0
502,ccgt,2030,21,22,22,0.0
503,ccgt,2030,21,23,23,0.0
504,ccgt,2030,21,24,24,0.0
505,ccgt,2030,22,1,1,0.0
506,ccgt,2030,22,2,2,0.0
507,ccgt,2030,22,3,3,0.0
508,ccgt,2030,22,4,4,0.0
509,ccgt,2030,22,5,5,0.0
510,ccgt,2030,22,6,6,0.0
511,ccgt,2030,22,7,7,0.0
512,ccgt,2030,22,8,8,0.0
513,ccgt,2030,22,9,9,0.0
514,ccgt,2030,22,10,10,0.0
515,ccgt,2030,22,11,11,0.0
516,ccgt,2030,22,12,12,0.0
517,ccgt,2030,22,13,13,0.0
518,ccgt,2030,22,14,14,0.0
519,ccgt,2030,22,15,15,0.0
520,ccgt,2030,22,16,16,0.0
521,ccgt,2030,22,17,17,0.0
522,ccgt,2030,22,18,18,0.0
523,ccgt,2030,22,19,19,0.0
524,ccgt,2030,22,20,20,0.0
525,ccgt,2030,22,21,21,0.0
526,ccgt,2030,22,22,22,0.0
527,ccgt,2030,22,23,23,0.0
528,ccgt,2030,22,24,24,0.0
529,ccgt,2030,23,1,1,0.0
530,ccgt,2030,23,2,2,0.0
531,ccgt,2030,23,3,3,0.0
532,ccgt,2030,23,4,4,0.0
533,ccgt,2030,23,5,5,0.0
534,ccgt,2030,23,6,6,0.0
535,ccgt,2030,23,7,7,0.0
536,ccgt,2030,23,8,8,0.0
537,ccgt,2030,23,9,9,0.0
538,ccgt,2030,23,10,10,0.0
539,ccgt,2030,23,11,11,0.0
540,ccgt,2030,23,12,12,0.0
541,ccgt,2030,23,13,13,0.0
542,ccgt,2030,23,14,14,0.0
543,ccgt,2030,23,15,15,0.0
544,ccgt,2030,23,16,16,0.0
545,ccgt,2030,23,17,17,0.0
546,ccgt,2030,23,18,18,0.0
547,ccgt,2030,23,19,19,0.0
548,ccgt,2030,23,20,20,0.0
549,ccgt,2030,23,21,21,0.0
550,ccgt,2030,23,22,22,0.0
551,ccgt,2030,23,23,23,0.0
552,ccgt,2030,23,24,24,0.0
553,ccgt,2030,24,1,1,0.0
554,ccgt,2030,24,2,2,0.0
555,ccgt,2030,24,3,3,0.0
556,ccgt,2030,24,4,4,0.0
557,ccgt,2030,24,5,5,0.0
558,ccgt,2030,24,6,6,0.0
559,ccgt,2030,24,7,7,0.0
560,ccgt,2030,24,8,8,0.0
561,ccgt,2030,24,9,9,0.0
562,ccgt,2030,24,10,10,0.0
563,ccgt,2030,24,11,11,0.0
564,ccgt,2030,24,12,12,0.0
565,ccgt,2030,24,13,13,0.0
566,ccgt,2030,24,14,14,0.0
567,ccgt,2030,24,15,15,0.0
568,ccgt,2030,24,16,16,0.0
569,ccgt,2030,24,17,17,0.0
570,ccgt,2030,24,18,18,0.0
571,ccgt,2030,24,19,19,0.0
572,ccgt,2030,24,20,20,0.0
573,ccgt,2030,24,21,21,0.0
574,ccgt,2030,24,22,22,0.0
575,ccgt,2030,24,23,23,0.0
576,ccgt,2030,24,24,24,0.0
577,ccgt,2030,25,1,1,0.0
578,ccgt,2030,25,2,2,0.0
579,ccgt,2030,25,3,3,0.0
580,ccgt,2030,25,4,4,0.0
581,ccgt,2030,25,5,5,0.0
582,ccgt,2030,25,6,6,0.0
583,ccgt,2030,25,7,7,0.0
584,ccgt,2030,25,8,8,0.0
585,ccgt,2030,25,9,9,0.0
586,ccgt,2030,25,10,10,0.0
587,ccgt,2030,25,11,11,0.0
588,ccgt,2030,25,12,12,0.0
589,ccgt,2030,25,13,13,0.0
590,ccgt,2030,25,14,14,0.0
591,ccgt,2030,25,15,15,0.0
592,ccgt,2030,25,16,16,0.0
593,ccgt,2030,25,17,17,0.0
594,ccgt,2030,25,18,18,0.0
595,ccgt,2030,25,19,19,0.0
596,ccgt,2030,25,20,20,0.0
597,ccgt,2030,25,21,21,0.0
598,ccgt,2030,25,22,22,0.0
599,ccgt,2030,25,23,23,0.0
600,ccgt,2030,25,24,24,0.0
601,ccgt,2030,26,1,1,0.0
602,ccgt,2030,26,2,2,0.0
603,ccgt,2030,26,3,3,0.0
604,ccgt,2030,26,4,4,0.0
605,ccgt,2030,26,5,5,0.0
606,ccgt,2030,26,6,6,0.0
607,ccgt,2030,26,7,7,0.0
608,ccgt,2030,26,8,8,0.0
609,ccgt,2030,26,9,9,0.0
610,ccgt,2030,26,10,10,0.0
611,ccgt,2030,26,11,11,0.0
612,ccgt,2030,26,12,12,0.0
613,ccgt,2030,26,13,13,0.0
614,ccgt,2030,26,14,14,0.0
615,ccgt,2030,26,15,15,0.0
616,ccgt,2030,26,16,16,0.0
617,ccgt,2030,26,17,17,0.0
618,ccgt,2030,26,18,18,0.0
619,ccgt,2030,26,19,19,0.0
620,ccgt,2030,26,20,20,0.0
621,ccgt,2030,26,21,21,0.0
622,ccgt,2030,26,22,22,0.0
623,ccgt,2030,26,23,23,0.0
624,ccgt,2030,26,24,24,0.0
625,ccgt,2030,27,1,1,0.0
626,ccgt,2030,27,2,2,0.0
627,ccgt,2030,27,3,3,0.0
628,ccgt,2030,27,4,4,0.0
629,ccgt,2030,27,5,5,0.0
630,ccgt,2030,27,6,6,0.0
631,ccgt,2030,27,7,7,0.0
632,ccgt,2030,27,8,8,0.0
633,ccgt,2030,27,9,9,0.0
634,ccgt,2030,27,10,10,0.0
635,ccgt,2030,27,11,11,0.0
636,ccgt,2030,27,12,12,0.0
637,ccgt,2030,27,13,13,0.0
638,ccgt,2030,27,14,14,0.0
639,ccgt,2030,27,15,15,0.0
640,ccgt,2030,27,16,16,0.0
641,ccgt,2030,27,17,17,0.0
642,ccgt,2030,27,18,18,0.0
643,ccgt,2030,27,19,19,0.0
644,ccgt,2030,27,20,20,-0.6052613769647079
645,ccgt,2030,27,21,21,0.0
646,ccgt,2030,27,22,22,0.0
647,ccgt,2030,27,23,23,0.0
648,ccgt,2030,27,24,24,0.0
649,ccgt,2030,28,1,1,0.0
650,ccgt,2030,28,2,2,0.0
651,ccgt,2030,28,3,3,0.0
652,ccgt,2030,28,4,4,0.0
653,ccgt,2030,28,5,5,0.0
654,ccgt,2030,28,6,6,0.0
655,ccgt,2030,28,7,7,0.0
656,ccgt,2030,28,8,8,0.0
657,ccgt,2030,28,9,9,0.0
658,ccgt,2030,28,10,10,0.0
659,ccgt,2030,28,11,11,0.0
660,ccgt,2030,28,12,12,0.0
661,ccgt,2030,28,13,13,0.0
662,ccgt,2030,28,14,14,0.0
663,ccgt,2030,28,15,15,0.0
664,ccgt,2030,28,16,16,0.0
665,ccgt,2030,28,17,17,0.0
666,ccgt,2030,28,18,18,0.0
667,ccgt,2030,28,19,19,0.0
668,ccgt,2030,28,20,20,0.0
669,ccgt,2030,28,21,21,0.0
670,ccgt,2030,28,22,22,0.0
671,ccgt,2030,28,23,23,0.0
672,ccgt,2030,28,24,24,0.0
673,ccgt,2030,29,1,1,0.0
674,ccgt,2030,29,2,2,0.0
675,ccgt,2030,29,3,3,0.0
676,ccgt,2030,29,4,4,0.0
677,ccgt,2030,29,5,5,0.0
678,ccgt,2030,29,6,6,0.0
679,ccgt,2030,29,7,7,0.0
680,ccgt,2030,29,8,8,0.0
681,ccgt,2030,29,9,9,0.0
682,ccgt,2030,29,10,10,0.0
683,ccgt,2030,29,11,11,0.0
684,ccgt,2030,29,12,12,0.0
685,ccgt,2030,29,13,13,0.0
686,ccgt,2030,29,14,14,0.0
687,ccgt,2030,29,15,15,0.0
688,ccgt,2030,29,16,16,0.0
689,ccgt,2030,29,17,17,0.0
690,ccgt,2030,29,18,18,0.0
691,ccgt,2030,29,19,19,0.0
692,ccgt,2030,29,20,20,0.0
693,ccgt,2030,29,21,21,0.0
694,ccgt,2030,29,22,22,0.0
695,ccgt,2030,29,23,23,0.0
696,ccgt,2030,29,24,24,0.0
697,ccgt,2030,30,1,1,0.0
698,ccgt,2030,30,2,2,0.0
699,ccgt,2030,30,3,3,0.0
700,ccgt,2030,30,4,4,0.0
701,ccgt,2030,30,5,5,0.0
702,ccgt,2030,30,6,6,0.0
703,ccgt,2030,30,7,7,0.0
704,ccgt,2030,30,8,8,0.0
705,ccgt,2030,30,9,9,0.0
706,ccgt,2030,30,10,10,0.0
707,ccgt,2030,30,11,11,0.0
708,ccgt,2030,30,12,12,0.0
709,ccgt,2030,30,13,13,0.0
710,ccgt,2030,30,14,14,0.0
711,ccgt,2030,30,15,15,0.0
712,ccgt,2030,30,16,16,0.0
713,ccgt,2030,30,17,17,0.0
714,ccgt,2030,30,18,18,0.0
715,ccgt,2030,30,19,19,0.0
716,ccgt,2030,30,20,20,0.0
717,ccgt,2030,30,21,21,0.0
718,ccgt,2030,30,22,22,0.0
719,ccgt,2030,30,23,23,0.0
720,ccgt,2030,30,24,24,0.0
721,ens,2030,1,1,1,0.0
722,ens,2030,1,2,2,0.0
723,ens,2030,1,3,3,0.0
724,ens,2030,1,4,4,0.0
725,ens,2030,1,5,5,0.0
726,ens,2030,1,6,6,0.0
727,ens,2030,1,7,7,0.0
728,ens,2030,1,8,8,0.0
729,ens,2030,1,9,9,0.0
730,ens,2030,1,10,10,0.0
731,ens,2030,1,11,11,0.0
732,ens,2030,1,12,12,0.0
733,ens,2030,1,13,13,0.0
734,ens,2030,1,14,14,0.0
735,ens,2030,1,15,15,0.0
736,ens,2030,1,16,16,0.0
737,ens,2030,1,17,17,0.0
738,ens,2030,1,18,18,0.0
739,ens,2030,1,19,19,0.0
740,ens,2030,1,20,20,0.0
741,ens,2030,1,21,21,0.0
742,ens,2030,1,22,22,0.0
743,ens,2030,1,23,23,0.0
744,ens,2030,1,24,24,0.0
745,ens,2030,2,1,1,0.0
746,ens,2030,2,2,2,0.0
747,ens,2030,2,3,3,0.0
748,ens,2030,2,4,4,0.0
749,ens,2030,2,5,5,0.0
750,ens,2030,2,6,6,0.0
751,ens,2030,2,7,7,0.0
752,ens,2030,2,8,8,0.0
753,ens,2030,2,9,9,0.0
754,ens,2030,2,10,10,0.0
755,ens,2030,2,11,11,0.0
756,ens,2030,2,12,12,0.0
757,ens,2030,2,13,13,0.0
758,ens,2030,2,14,14,0.0
759,ens,2030,2,15,15,0.0
760,ens,2030,2,16,16,0.0
761,ens,2030,2,17,17,0.0
762,ens,2030,2,18,18,0.0
763,ens,2030,2,19,19,0.0
764,ens,2030,2,20,20,0.0
765,ens,2030,2,21,21,0.0
766,ens,2030,2,22,22,0.0
767,ens,2030,2,23,23,0.0
768,ens,2030,2,24,24,0.0
769,ens,2030,3,1,1,0.0
770,ens,2030,3,2,2,0.0
771,ens,2030,3,3,3,0.0
772,ens,2030,3,4,4,0.0
773,ens,2030,3,5,5,0.0
774,ens,2030,3,6,6,0.0
775,ens,2030,3,7,7,0.0
776,ens,2030,3,8,8,0.0
777,ens,2030,3,9,9,0.0
778,ens,2030,3,10,10,0.0
779,ens,2030,3,11,11,0.0
780,ens,2030,3,12,12,0.0
781,ens,2030,3,13,13,0.0
782,ens,2030,3,14,14,0.0
783,ens,2030,3,15,15,0.0
784,ens,2030,3,16,16,0.0
785,ens,2030,3,17,17,0.0
786,ens,2030,3,18,18,0.0
787,ens,2030,3,19,19,0.0
788,ens,2030,3,20,20,0.0
789,ens,2030,3,21,21,0.0
790,ens,2030,3,22,22,0.0
791,ens,2030,3,23,23,0.0
792,ens,2030,3,24,24,0.0
793,ens,2030,4,1,1,0.0
794,ens,2030,4,2,2,0.0
795,ens,2030,4,3,3,0.0
796,ens,2030,4,4,4,0.0
797,ens,2030,4,5,5,0.0
798,ens,2030,4,6,6,0.0
799,ens,2030,4,7,7,0.0
800,ens,2030,4,8,8,0.0
801,ens,2030,4,9,9,0.0
802,ens,2030,4,10,10,0.0
803,ens,2030,4,11,11,0.0
804,ens,2030,4,12,12,0.0
805,ens,2030,4,13,13,0.0
806,ens,2030,4,14,14,0.0
807,ens,2030,4,15,15,0.0
808,ens,2030,4,16,16,0.0
809,ens,2030,4,17,17,0.0
810,ens,2030,4,18,18,0.0
811,ens,2030,4,19,19,0.0
812,ens,2030,4,20,20,0.0
813,ens,2030,4,21,21,0.0
814,ens,2030,4,22,22,0.0
815,ens,2030,4,23,23,0.0
816,ens,2030,4,24,24,0.0
817,ens,2030,5,1,1,0.0
818,ens,2030,5,2,2,0.0
819,ens,2030,5,3,3,0.0
820,ens,2030,5,4,4,0.0
821,ens,2030,5,5,5,0.0
822,ens,2030,5,6,6,0.0
823,ens,2030,5,7,7,0.0
824,ens,2030,5,8,8,0.0
825,ens,2030,5,9,9,0.0
826,ens,2030,5,10,10,0.0
827,ens,2030,5,11,11,0.0
828,ens,2030,5,12,12,0.0
829,ens,2030,5,13,13,0.0
830,ens,2030,5,14,14,0.0
831,ens,2030,5,15,15,0.0
832,ens,2030,5,16,16,0.0
833,ens,2030,5,17,17,0.0
834,ens,2030,5,18,18,0.0
835,ens,2030,5,19,19,0.0
836,ens,2030,5,20,20,0.0
837,ens,2030,5,21,21,0.0
838,ens,2030,5,22,22,0.0
839,ens,2030,5,23,23,0.0
840,ens,2030,5,24,24,0.0
841,ens,2030,6,1,1,0.0
842,ens,2030,6,2,2,0.0
843,ens,2030,6,3,3,0.0
844,ens,2030,6,4,4,0.0
845,ens,2030,6,5,5,0.0
846,ens,2030,6,6,6,0.0
847,ens,2030,6,7,7,0.0
848,ens,2030,6,8,8,0.0
849,ens,2030,6,9,9,0.0
850,ens,2030,6,10,10,0.0
851,ens,2030,6,11,11,0.0
852,ens,2030,6,12,12,0.0
853,ens,2030,6,13,13,0.0
854,ens,2030,6,14,14,0.0
855,ens,2030,6,15,15,0.0
856,ens,2030,6,16,16,0.0
857,ens,2030,6,17,17,0.0
858,ens,2030,6,18,18,0.0
859,ens,2030,6,19,19,0.0
860,ens,2030,6,20,20,0.0
861,ens,2030,6,21,21,0.0
862,ens,2030,6,22,22,0.0
863,ens,2030,6,23,23,0.0
864,ens,2030,6,24,24,0.0
865,ens,2030,7,1,1,0.0
866,ens,2030,7,2,2,0.0
867,ens,2030,7,3,3,0.0
868,ens,2030,7,4,4,0.0
869,ens,2030,7,5,5,0.0
870,ens,2030,7,6,6,0.0
871,ens,2030,7,7,7,0.0
872,ens,2030,7,8,8,0.0
873,ens,2030,7,9,9,0.0
874,ens,2030,7,10,10,0.0
875,ens,2030,7,11,11,0.0
876,ens,2030,7,12,12,0.0
877,ens,2030,7,13,13,0.0
878,ens,2030,7,14,14,0.0
879,ens,2030,7,15,15,0.0
880,ens,2030,7,16,16,0.0
881,ens,2030,7,17,17,0.0
882,ens,2030,7,18,18,0.0
883,ens,2030,7,19,19,0.0
884,ens,2030,7,20,20,0.0
885,ens,2030,7,21,21,0.0
886,ens,2030,7,22,22,0.0
887,ens,2030,7,23,23,0.0
888,ens,2030,7,24,24,0.0
889,ens,2030,8,1,1,0.0
890,ens,2030,8,2,2,0.0
891,ens,2030,8,3,3,0.0
892,ens,2030,8,4,4,0.0
893,ens,2030,8,5,5,0.0
894,ens,2030,8,6,6,0.0
895,ens,2030,8,7,7,0.0
896,ens,2030,8,8,8,0.0
897,ens,2030,8,9,9,0.0
898,ens,2030,8,10,10,0.0
899,ens,2030,8,11,11,0.0
900,ens,2030,8,12,12,0.0
901,ens,2030,8,13,13,0.0
902,ens,2030,8,14,14,0.0
903,ens,2030,8,15,15,0.0
904,ens,2030,8,16,16,0.0
905,ens,2030,8,17,17,0.0
906,ens,2030,8,18,18,0.0
907,ens,2030,8,19,19,0.0
908,ens,2030,8,20,20,0.0
909,ens,2030,8,21,21,0.0
910,ens,2030,8,22,22,0.0
911,ens,2030,8,23,23,0.0
912,ens,2030,8,24,24,0.0
913,ens,2030,9,1,1,0.0
914,ens,2030,9,2,2,0.0
915,ens,2030,9,3,3,0.0
916,ens,2030,9,4,4,0.0
917,ens,2030,9,5,5,0.0
918,ens,2030,9,6,6,0.0
919,ens,2030,9,7,7,0.0
920,ens,2030,9,8,8,0.0
921,ens,2030,9,9,9,0.0
922,ens,2030,9,10,10,0.0
923,ens,2030,9,11,11,0.0
924,ens,2030,9,12,12,0.0
925,ens,2030,9,13,13,0.0
926,ens,2030,9,14,14,0.0
927,ens,2030,9,15,15,0.0
928,ens,2030,9,16,16,0.0
929,ens,2030,9,17,17,0.0
930,ens,2030,9,18,18,0.0
931,ens,2030,9,19,19,0.0
932,ens,2030,9,20,20,0.0
933,ens,2030,9,21,21,0.0
934,ens,2030,9,22,22,0.0
935,ens,2030,9,23,23,0.0
936,ens,2030,9,24,24,0.0
937,ens,2030,10,1,1,0.0
938,ens,2030,10,2,2,0.0
939,ens,2030,10,3,3,0.0
940,ens,2030,10,4,4,0.0
941,ens,2030,10,5,5,0.0
942,ens,2030,10,6,6,0.0
943,ens,2030,10,7,7,0.0
944,ens,2030,10,8,8,0.0
945,ens,2030,10,9,9,0.0
946,ens,2030,10,10,10,0.0
947,ens,2030,10,11,11,0.0
948,ens,2030,10,12,12,0.0
949,ens,2030,10,13,13,0.0
950,ens,2030,10,14,14,0.0
951,ens,2030,10,15,15,0.0
952,ens,2030,10,16,16,0.0
953,ens,2030,10,17,17,0.0
954,ens,2030,10,18,18,0.0
955,ens,2030,10,19,19,0.0
956,ens,2030,10,20,20,0.0
957,ens,2030,10,21,21,0.0
958,ens,2030,10,22,22,0.0
959,ens,2030,10,23,23,0.0
960,ens,2030,10,24,24,0.0
961,ens,2030,11,1,1,0.0
962,ens,2030,11,2,2,0.0
963,ens,2030,11,3,3,0.0
964,ens,2030,11,4,4,0.0
965,ens,2030,11,5,5,0.0
966,ens,2030,11,6,6,0.0
967,ens,2030,11,7,7,0.0
968,ens,2030,11,8,8,0.0
969,ens,2030,11,9,9,0.0
970,ens,2030,11,10,10,0.0
971,ens,2030,11,11,11,0.0
972,ens,2030,11,12,12,0.0
973,ens,2030,11,13,13,0.0
974,ens,2030,11,14,14,0.0
975,ens,2030,11,15,15,0.0
976,ens,2030,11,16,16,0.0
977,ens,2030,11,17,17,0.0
978,ens,2030,11,18,18,0.0
979,ens,2030,11,19,19,0.0
980,ens,2030,11,20,20,0.0
981,ens,2030,11,21,21,0.0
982,ens,2030,11,22,22,0.0
983,ens,2030,11,23,23,0.0
984,ens,2030,11,24,24,0.0
985,ens,2030,12,1,1,0.0
986,ens,2030,12,2,2,0.0
987,ens,2030,12,3,3,0.0
988,ens,2030,12,4,4,0.0
989,ens,2030,12,5,5,0.0
990,ens,2030,12,6,6,0.0
991,ens,2030,12,7,7,0.0
992,ens,2030,12,8,8,0.0
993,ens,2030,12,9,9,0.0
994,ens,2030,12,10,10,0.0
995,ens,2030,12,11,11,0.0
996,ens,2030,12,12,12,0.0
997,ens,2030,12,13,13,0.0
998,ens,2030,12,14,14,0.0
999,ens,2030,12,15,15,0.0
1000,ens,2030,12,16,16,0.0
1001,ens,2030,12,17,17,0.0
1002,ens,2030,12,18,18,0.0
1003,ens,2030,12,19,19,0.0
1004,ens,2030,12,20,20,0.0
1005,ens,2030,12,21,21,0.0
1006,ens,2030,12,22,22,0.0
1007,ens,2030,12,23,23,0.0
1008,ens,2030,12,24,24,0.0
1009,ens,2030,13,1,1,0.0
1010,ens,2030,13,2,2,0.0
1011,ens,2030,13,3,3,0.0
1012,ens,2030,13,4,4,0.0
1013,ens,2030,13,5,5,0.0
1014,ens,2030,13,6,6,0.0
1015,ens,2030,13,7,7,0.0
1016,ens,2030,13,8,8,0.0
1017,ens,2030,13,9,9,0.0
1018,ens,2030,13,10,10,0.0
1019,ens,2030,13,11,11,0.0
1020,ens,2030,13,12,12,0.0
1021,ens,2030,13,13,13,0.0
1022,ens,2030,13,14,14,0.0
1023,ens,2030,13,15,15,0.0
1024,ens,2030,13,16,16,0.0
1025,ens,2030,13,17,17,0.0
1026,ens,2030,13,18,18,0.0
1027,ens,2030,13,19,19,0.0
1028,ens,2030,13,20,20,0.0
1029,ens,2030,13,21,21,0.0
1030,ens,2030,13,22,22,0.0
1031,ens,2030,13,23,23,0.0
1032,ens,2030,13,24,24,0.0
1033,ens,2030,14,1,1,0.0
1034,ens,2030,14,2,2,0.0
1035,ens,2030,14,3,3,0.0
1036,ens,2030,14,4,4,0.0
1037,ens,2030,14,5,5,0.0
1038,ens,2030,14,6,6,0.0
1039,ens,2030,14,7,7,0.0
1040,ens,2030,14,8,8,0.0
1041,ens,2030,14,9,9,0.0
1042,ens,2030,14,10,10,0.0
1043,ens,2030,14,11,11,0.0
1044,ens,2030,14,12,12,0.0
1045,ens,2030,14,13,13,0.0
1046,ens,2030,14,14,14,0.0
1047,ens,2030,14,15,15,0.0
1048,ens,2030,14,16,16,0.0
1049,ens,2030,14,17,17,0.0
1050,ens,2030,14,18,18,0.0
1051,ens,2030,14,19,19,0.0
1052,ens,2030,14,20,20,0.0
1053,ens,2030,14,21,21,0.0
1054,ens,2030,14,22,22,0.0
1055,ens,2030,14,23,23,0.0
1056,ens,2030,14,24,24,0.0
1057,ens,2030,15,1,1,0.0
1058,ens,2030,15,2,2,0.0
1059,ens,2030,15,3,3,0.0
1060,ens,2030,15,4,4,0.0
1061,ens,2030,15,5,5,0.0
1062,ens,2030,15,6,6,0.0
1063,ens,2030,15,7,7,0.0
1064,ens,2030,15,8,8,0.0
1065,ens,2030,15,9,9,0.0
1066,ens,2030,15,10,10,0.0
1067,ens,2030,15,11,11,0.0
1068,ens,2030,15,12,12,0.0
1069,ens,2030,15,13,13,0.0
1070,ens,2030,15,14,14,0.0
1071,ens,2030,15,15,15,0.0
1072,ens,2030,15,16,16,0.0
1073,ens,2030,15,17,17,0.0
1074,ens,2030,15,18,18,0.0
1075,ens,2030,15,19,19,0.0
1076,ens,2030,15,20,20,0.0
1077,ens,2030,15,21,21,0.0
1078,ens,2030,15,22,22,0.0
1079,ens,2030,15,23,23,0.0
1080,ens,2030,15,24,24,0.0
1081,ens,2030,16,1,1,0.0
1082,ens,2030,16,2,2,0.0
1083,ens,2030,16,3,3,0.0
1084,ens,2030,16,4,4,0.0
1085,ens,2030,16,5,5,0.0
1086,ens,2030,16,6,6,0.0
1087,ens,2030,16,7,7,0.0
1088,ens,2030,16,8,8,0.0
1089,ens,2030,16,9,9,0.0
1090,ens,2030,16,10,10,0.0
1091,ens,2030,16,11,11,0.0
1092,ens,2030,16,12,12,0.0
1093,ens,2030,16,13,13,0.0
1094,ens,2030,16,14,14,0.0
1095,ens,2030,16,15,15,0.0
1096,ens,2030,16,16,16,0.0
1097,ens,2030,16,17,17,0.0
1098,ens,2030,16,18,18,0.0
1099,ens,2030,16,19,19,0.0
1100,ens,2030,16,20,20,0.0
1101,ens,2030,16,21,21,0.0
1102,ens,2030,16,22,22,0.0
1103,ens,2030,16,23,23,0.0
1104,ens,2030,16,24,24,0.0
1105,ens,2030,17,1,1,0.0
1106,ens,2030,17,2,2,0.0
1107,ens,2030,17,3,3,0.0
1108,ens,2030,17,4,4,0.0
1109,ens,2030,17,5,5,0.0
1110,ens,2030,17,6,6,0.0
1111,ens,2030,17,7,7,0.0
1112,ens,2030,17,8,8,0.0
1113,ens,2030,17,9,9,0.0
1114,ens,2030,17,10,10,0.0
1115,ens,2030,17,11,11,0.0
1116,ens,2030,17,12,12,0.0
1117,ens,2030,17,13,13,0.0
1118,ens,2030,17,14,14,0.0
1119,ens,2030,17,15,15,0.0
1120,ens,2030,17,16,16,0.0
1121,ens,2030,17,17,17,0.0
1122,ens,2030,17,18,18,0.0
1123,ens,2030,17,19,19,0.0
1124,ens,2030,17,20,20,0.0
1125,ens,2030,17,21,21,0.0
1126,ens,2030,17,22,22,0.0
1127,ens,2030,17,23,23,0.0
1128,ens,2030,17,24,24,0.0
1129,ens,2030,18,1,1,0.0
1130,ens,2030,18,2,2,0.0
1131,ens,2030,18,3,3,0.0
1132,ens,2030,18,4,4,0.0
1133,ens,2030,18,5,5,0.0
1134,ens,2030,18,6,6,0.0
1135,ens,2030,18,7,7,0.0
1136,ens,2030,18,8,8,0.0
1137,ens,2030,18,9,9,0.0
1138,ens,2030,18,10,10,0.0
1139,ens,2030,18,11,11,0.0
1140,ens,2030,18,12,12,0.0
1141,ens,2030,18,13,13,0.0
1142,ens,2030,18,14,14,0.0
1143,ens,2030,18,15,15,0.0
1144,ens,2030,18,16,16,0.0
1145,ens,2030,18,17,17,0.0
1146,ens,2030,18,18,18,0.0
1147,ens,2030,18,19,19,0.0
1148,ens,2030,18,20,20,0.0
1149,ens,2030,18,21,21,0.0
1150,ens,2030,18,22,22,0.0
1151,ens,2030,18,23,23,0.0
1152,ens,2030,18,24,24,0.0
1153,ens,2030,19,1,1,0.0
1154,ens,2030,19,2,2,0.0
1155,ens,2030,19,3,3,0.0
1156,ens,2030,19,4,4,0.0
1157,ens,2030,19,5,5,0.0
1158,ens,2030,19,6,6,0.0
1159,ens,2030,19,7,7,0.0
1160,ens,2030,19,8,8,0.0
1161,ens,2030,19,9,9,0.0
1162,ens,2030,19,10,10,0.0
1163,ens,2030,19,11,11,0.0
1164,ens,2030,19,12,12,0.0
1165,ens,2030,19,13,13,0.0
1166,ens,2030,19,14,14,0.0
1167,ens,2030,19,15,15,0.0
1168,ens,2030,19,16,16,0.0
1169,ens,2030,19,17,17,0.0
1170,ens,2030,19,18,18,0.0
1171,ens,2030,19,19,19,0.0
1172,ens,2030,19,20,20,0.0
1173,ens,2030,19,21,21,0.0
1174,ens,2030,19,22,22,0.0
1175,ens,2030,19,23,23,0.0
1176,ens,2030,19,24,24,0.0
1177,ens,2030,20,1,1,0.0
1178,ens,2030,20,2,2,0.0
1179,ens,2030,20,3,3,0.0
1180,ens,2030,20,4,4,0.0
1181,ens,2030,20,5,5,0.0
1182,ens,2030,20,6,6,0.0
1183,ens,2030,20,7,7,0.0
1184,ens,2030,20,8,8,0.0
1185,ens,2030,20,9,9,0.0
1186,ens,2030,20,10,10,0.0
1187,ens,2030,20,11,11,0.0
1188,ens,2030,20,12,12,0.0
1189,ens,2030,20,13,13,0.0
1190,ens,2030,20,14,14,0.0
1191,ens,2030,20,15,15,0.0
1192,ens,2030,20,16,16,0.0
1193,ens,2030,20,17,17,0.0
1194,ens,2030,20,18,18,0.0
1195,ens,2030,20,19,19,0.0
1196,ens,2030,20,20,20,0.0
1197,ens,2030,20,21,21,0.0
1198,ens,2030,20,22,22,0.0
1199,ens,2030,20,23,23,0.0
1200,ens,2030,20,24,24,0.0
1201,ens,2030,21,1,1,0.0
1202,ens,2030,21,2,2,0.0
1203,ens,2030,21,3,3,0.0
1204,ens,2030,21,4,4,0.0
1205,ens,2030,21,5,5,0.0
1206,ens,2030,21,6,6,0.0
1207,ens,2030,21,7,7,0.0
1208,ens,2030,21,8,8,0.0
1209,ens,2030,21,9,9,0.0
1210,ens,2030,21,10,10,0.0
1211,ens,2030,21,11,11,0.0
1212,ens,2030,21,12,12,0.0
1213,ens,2030,21,13,13,0.0
1214,ens,2030,21,14,14,0.0
1215,ens,2030,21,15,15,0.0
1216,ens,2030,21,16,16,0.0
1217,ens,2030,21,17,17,0.0
1218,ens,2030,21,18,18,0.0
1219,ens,2030,21,19,19,0.0
1220,ens,2030,21,20,20,0.0
1221,ens,2030,21,21,21,0.0
1222,ens,2030,21,22,22,0.0
1223,ens,2030,21,23,23,0.0
1224,ens,2030,21,24,24,0.0
1225,ens,2030,22,1,1,0.0
1226,ens,2030,22,2,2,0.0
1227,ens,2030,22,3,3,0.0
1228,ens,2030,22,4,4,0.0
1229,ens,2030,22,5,5,0.0
1230,ens,2030,22,6,6,0.0
1231,ens,2030,22,7,7,0.0
1232,ens,2030,22,8,8,0.0
1233,ens,2030,22,9,9,0.0
1234,ens,2030,22,10,10,0.0
1235,ens,2030,22,11,11,0.0
1236,ens,2030,22,12,12,0.0
1237,ens,2030,22,13,13,0.0
1238,ens,2030,22,14,14,0.0
1239,ens,2030,22,15,15,0.0
1240,ens,2030,22,16,16,0.0
1241,ens,2030,22,17,17,0.0
1242,ens,2030,22,18,18,0.0
1243,ens,2030,22,19,19,0.0
1244,ens,2030,22,20,20,0.0
1245,ens,2030,22,21,21,0.0
1246,ens,2030,22,22,22,0.0
1247,ens,2030,22,23,23,0.0
1248,ens,2030,22,24,24,0.0
1249,ens,2030,23,1,1,0.0
1250,ens,2030,23,2,2,0.0
1251,ens,2030,23,3,3,0.0
1252,ens,2030,23,4,4,0.0
1253,ens,2030,23,5,5,0.0
1254,ens,2030,23,6,6,0.0
1255,ens,2030,23,7,7,0.0
1256,ens,2030,23,8,8,0.0
1257,ens,2030,23,9,9,0.0
1258,ens,2030,23,10,10,0.0
1259,ens,2030,23,11,11,0.0
1260,ens,2030,23,12,12,0.0
1261,ens,2030,23,13,13,0.0
1262,ens,2030,23,14,14,0.0
1263,ens,2030,23,15,15,0.0
1264,ens,2030,23,16,16,0.0
1265,ens,2030,23,17,17,0.0
1266,ens,2030,23,18,18,0.0
1267,ens,2030,23,19,19,0.0
1268,ens,2030,23,20,20,0.0
1269,ens,2030,23,21,21,0.0
1270,ens,2030,23,22,22,0.0
1271,ens,2030,23,23,23,0.0
1272,ens,2030,23,24,24,0.0
1273,ens,2030,24,1,1,0.0
1274,ens,2030,24,2,2,0.0
1275,ens,2030,24,3,3,0.0
1276,ens,2030,24,4,4,0.0
1277,ens,2030,24,5,5,0.0
1278,ens,2030,24,6,6,0.0
1279,ens,2030,24,7,7,0.0
1280,ens,2030,24,8,8,0.0
1281,ens,2030,24,9,9,0.0
1282,ens,2030,24,10,10,0.0
1283,ens,2030,24,11,11,0.0
1284,ens,2030,24,12,12,0.0
1285,ens,2030,24,13,13,0.0
1286,ens,2030,24,14,14,0.0
1287,ens,2030,24,15,15,0.0
1288,ens,2030,24,16,16,0.0
1289,ens,2030,24,17,17,0.0
1290,ens,2030,24,18,18,0.0
1291,ens,2030,24,19,19,0.0
1292,ens,2030,24,20,20,0.0
1293,ens,2030,24,21,21,0.0
1294,ens,2030,24,22,22,0.0
1295,ens,2030,24,23,23,0.0
1296,ens,2030,24,24,24,0.0
1297,ens,2030,25,1,1,0.0
1298,ens,2030,25,2,2,0.0
1299,ens,2030,25,3,3,0.0
1300,ens,2030,25,4,4,0.0
1301,ens,2030,25,5,5,0.0
1302,ens,2030,25,6,6,0.0
1303,ens,2030,25,7,7,0.0
1304,ens,2030,25,8,8,0.0
1305,ens,2030,25,9,9,0.0
1306,ens,2030,25,10,10,0.0
1307,ens,2030,25,11,11,0.0
1308,ens,2030,25,12,12,0.0
1309,ens,2030,25,13,13,0.0
1310,ens,2030,25,14,14,0.0
1311,ens,2030,25,15,15,0.0
1312,ens,2030,25,16,16,0.0
1313,ens,2030,25,17,17,0.0
1314,ens,2030,25,18,18,0.0
1315,ens,2030,25,19,19,0.0
1316,ens,2030,25,20,20,0.0
1317,ens,2030,25,21,21,0.0
1318,ens,2030,25,22,22,0.0
1319,ens,2030,25,23,23,0.0
1320,ens,2030,25,24,24,0.0
1321,ens,2030,26,1,1,0.0
1322,ens,2030,26,2,2,0.0
1323,ens,2030,26,3,3,0.0
1324,ens,2030,26,4,4,0.0
1325,ens,2030,26,5,5,0.0
1326,ens,2030,26,6,6,0.0
1327,ens,2030,26,7,7,0.0
1328,ens,2030,26,8,8,0.0
1329,ens,2030,26,9,9,0.0
1330,ens,2030,26,10,10,0.0
1331,ens,2030,26,11,11,0.0
1332,ens,2030,26,12,12,0.0
1333,ens,2030,26,13,13,0.0
1334,ens,2030,26,14,14,0.0
1335,ens,2030,26,15,15,0.0
1336,ens,2030,26,16,16,0.0
1337,ens,2030,26,17,17,0.0
1338,ens,2030,26,18,18,0.0
1339,ens,2030,26,19,19,0.0
1340,ens,2030,26,20,20,0.0
1341,ens,2030,26,21,21,0.0
1342,ens,2030,26,22,22,0.0
1343,ens,2030,26,23,23,0.0
1344,ens,2030,26,24,24,0.0
1345,ens,2030,27,1,1,0.0
1346,ens,2030,27,2,2,0.0
1347,ens,2030,27,3,3,0.0
1348,ens,2030,27,4,4,0.0
1349,ens,2030,27,5,5,0.0
1350,ens,2030,27,6,6,0.0
1351,ens,2030,27,7,7,0.0
1352,ens,2030,27,8,8,0.0
1353,ens,2030,27,9,9,0.0
1354,ens,2030,27,10,10,0.0
1355,ens,2030,27,11,11,0.0
1356,ens,2030,27,12,12,0.0
1357,ens,2030,27,13,13,0.0
1358,ens,2030,27,14,14,0.0
1359,ens,2030,27,15,15,0.0
1360,ens,2030,27,16,16,0.0
1361,ens,2030,27,17,17,0.0
1362,ens,2030,27,18,18,0.0
1363,ens,2030,27,19,19,0.0
1364,ens,2030,27,20,20,0.0
1365,ens,2030,27,21,21,0.0
1366,ens,2030,27,22,22,0.0
1367,ens,2030,27,23,23,0.0
1368,ens,2030,27,24,24,0.0
1369,ens,2030,28,1,1,0.0
1370,ens,2030,28,2,2,0.0
1371,ens,2030,28,3,3,0.0
1372,ens,2030,28,4,4,0.0
1373,ens,2030,28,5,5,0.0
1374,ens,2030,28,6,6,0.0
1375,ens,2030,28,7,7,0.0
1376,ens,2030,28,8,8,0.0
1377,ens,2030,28,9,9,0.0
1378,ens,2030,28,10,10,0.0
1379,ens,2030,28,11,11,0.0
1380,ens,2030,28,12,12,0.0
1381,ens,2030,28,13,13,0.0
1382,ens,2030,28,14,14,0.0
1383,ens,2030,28,15,15,0.0
1384,ens,2030,28,16,16,0.0
1385,ens,2030,28,17,17,0.0
1386,ens,2030,28,18,18,0.0
1387,ens,2030,28,19,19,0.0
1388,ens,2030,28,20,20,0.0
1389,ens,2030,28,21,21,0.0
1390,ens,2030,28,22,22,0.0
1391,ens,2030,28,23,23,0.0
1392,ens,2030,28,24,24,0.0
1393,ens,2030,29,1,1,0.0
1394,ens,2030,29,2,2,0.0
1395,ens,2030,29,3,3,0.0
1396,ens,2030,29,4,4,0.0
1397,ens,2030,29,5,5,0.0
1398,ens,2030,29,6,6,0.0
1399,ens,2030,29,7,7,0.0
1400,ens,2030,29,8,8,0.0
1401,ens,2030,29,9,9,0.0
1402,ens,2030,29,10,10,0.0
1403,ens,2030,29,11,11,0.0
1404,ens,2030,29,12,12,0.0
1405,ens,2030,29,13,13,0.0
1406,ens,2030,29,14,14,0.0
1407,ens,2030,29,15,15,0.0
1408,ens,2030,29,16,16,0.0
1409,ens,2030,29,17,17,0.0
1410,ens,2030,29,18,18,0.0
1411,ens,2030,29,19,19,0.0
1412,ens,2030,29,20,20,0.0
1413,ens,2030,29,21,21,0.0
1414,ens,2030,29,22,22,0.0
1415,ens,2030,29,23,23,0.0
1416,ens,2030,29,24,24,0.0
1417,ens,2030,30,1,1,0.0
1418,ens,2030,30,2,2,0.0
1419,ens,2030,30,3,3,0.0
1420,ens,2030,30,4,4,0.0
1421,ens,2030,30,5,5,0.0
1422,ens,2030,30,6,6,0.0
1423,ens,2030,30,7,7,0.0
1424,ens,2030,30,8,8,0.0
1425,ens,2030,30,9,9,0.0
1426,ens,2030,30,10,10,0.0
1427,ens,2030,30,11,11,0.0
1428,ens,2030,30,12,12,0.0
1429,ens,2030,30,13,13,0.0
1430,ens,2030,30,14,14,0.0
1431,ens,2030,30,15,15,0.0
1432,ens,2030,30,16,16,0.0
1433,ens,2030,30,17,17,0.0
1434,ens,2030,30,18,18,0.0
1435,ens,2030,30,19,19,0.0
1436,ens,2030,30,20,20,0.0
1437,ens,2030,30,21,21,0.0
1438,ens,2030,30,22,22,0.0
1439,ens,2030,30,23,23,0.0
1440,ens,2030,30,24,24,0.0
1441,ocgt,2030,1,1,1,0.0
1442,ocgt,2030,1,2,2,0.0
1443,ocgt,2030,1,3,3,0.0
1444,ocgt,2030,1,4,4,0.0
1445,ocgt,2030,1,5,5,0.0
1446,ocgt,2030,1,6,6,0.0
1447,ocgt,2030,1,7,7,0.0
1448,ocgt,2030,1,8,8,0.0
1449,ocgt,2030,1,9,9,0.0
1450,ocgt,2030,1,10,10,0.0
1451,ocgt,2030,1,11,11,0.0
1452,ocgt,2030,1,12,12,0.0
1453,ocgt,2030,1,13,13,0.0
1454,ocgt,2030,1,14,14,0.0
1455,ocgt,2030,1,15,15,0.0
1456,ocgt,2030,1,16,16,0.0
1457,ocgt,2030,1,17,17,0.0
1458,ocgt,2030,1,18,18,0.0
1459,ocgt,2030,1,19,19,0.0
1460,ocgt,2030,1,20,20,0.0
1461,ocgt,2030,1,21,21,0.0
1462,ocgt,2030,1,22,22,0.0
1463,ocgt,2030,1,23,23,0.0
1464,ocgt,2030,1,24,24,0.0
1465,ocgt,2030,2,1,1,0.0
1466,ocgt,2030,2,2,2,0.0
1467,ocgt,2030,2,3,3,0.0
1468,ocgt,2030,2,4,4,0.0
1469,ocgt,2030,2,5,5,0.0
1470,ocgt,2030,2,6,6,0.0
1471,ocgt,2030,2,7,7,0.0
1472,ocgt,2030,2,8,8,0.0
1473,ocgt,2030,2,9,9,0.0
1474,ocgt,2030,2,10,10,0.0
1475,ocgt,2030,2,11,11,0.0
1476,ocgt,2030,2,12,12,0.0
1477,ocgt,2030,2,13,13,0.0
1478,ocgt,2030,2,14,14,0.0
1479,ocgt,2030,2,15,15,0.0
1480,ocgt,2030,2,16,16,0.0
1481,ocgt,2030,2,17,17,0.0
1482,ocgt,2030,2,18,18,0.0
1483,ocgt,2030,2,19,19,0.0
1484,ocgt,2030,2,20,20,0.0
1485,ocgt,2030,2,21,21,0.0
1486,ocgt,2030,2,22,22,0.0
1487,ocgt,2030,2,23,23,0.0
1488,ocgt,2030,2,24,24,0.0
1489,ocgt,2030,3,1,1,0.0
1490,ocgt,2030,3,2,2,0.0
1491,ocgt,2030,3,3,3,0.0
1492,ocgt,2030,3,4,4,0.0
1493,ocgt,2030,3,5,5,0.0
1494,ocgt,2030,3,6,6,0.0
1495,ocgt,2030,3,7,7,0.0
1496,ocgt,2030,3,8,8,0.0
1497,ocgt,2030,3,9,9,0.0
1498,ocgt,2030,3,10,10,0.0
1499,ocgt,2030,3,11,11,0.0
1500,ocgt,2030,3,12,12,0.0
1501,ocgt,2030,3,13,13,0.0
1502,ocgt,2030,3,14,14,0.0
1503,ocgt,2030,3,15,15,0.0
1504,ocgt,2030,3,16,16,0.0
1505,ocgt,2030,3,17,17,0.0
1506,ocgt,2030,3,18,18,0.0
1507,ocgt,2030,3,19,19,0.0
1508,ocgt,2030,3,20,20,-103.20581393221822
1509,ocgt,2030,3,21,21,0.0
1510,ocgt,2030,3,22,22,0.0
1511,ocgt,2030,3,23,23,0.0
1512,ocgt,2030,3,24,24,0.0
1513,ocgt,2030,4,1,1,0.0
1514,ocgt,2030,4,2,2,0.0
1515,ocgt,2030,4,3,3,0.0
1516,ocgt,2030,4,4,4,0.0
1517,ocgt,2030,4,5,5,0.0
1518,ocgt,2030,4,6,6,0.0
1519,ocgt,2030,4,7,7,0.0
1520,ocgt,2030,4,8,8,0.0
1521,ocgt,2030,4,9,9,0.0
1522,ocgt,2030,4,10,10,0.0
1523,ocgt,2030,4,11,11,0.0
1524,ocgt,2030,4,12,12,0.0
1525,ocgt,2030,4,13,13,0.0
1526,ocgt,2030,4,14,14,0.0
1527,ocgt,2030,4,15,15,0.0
1528,ocgt,2030,4,16,16,0.0
1529,ocgt,2030,4,17,17,0.0
1530,ocgt,2030,4,18,18,0.0
1531,ocgt,2030,4,19,19,0.0
1532,ocgt,2030,4,20,20,0.0
1533,ocgt,2030,4,21,21,0.0
1534,ocgt,2030,4,22,22,0.0
1535,ocgt,2030,4,23,23,0.0
1536,ocgt,2030,4,24,24,0.0
1537,ocgt,2030,5,1,1,0.0
1538,ocgt,2030,5,2,2,0.0
1539,ocgt,2030,5,3,3,0.0
1540,ocgt,2030,5,4,4,0.0
1541,ocgt,2030,5,5,5,0.0
1542,ocgt,2030,5,6,6,0.0
1543,ocgt,2030,5,7,7,0.0
1544,ocgt,2030,5,8,8,0.0
1545,ocgt,2030,5,9,9,0.0
1546,ocgt,2030,5,10,10,0.0
1547,ocgt,2030,5,11,11,0.0
1548,ocgt,2030,5,12,12,0.0
1549,ocgt,2030,5,13,13,0.0
1550,ocgt,2030,5,14,14,0.0
1551,ocgt,2030,5,15,15,0.0
1552,ocgt,2030,5,16,16,0.0
1553,ocgt,2030,5,17,17,0.0
1554,ocgt,2030,5,18,18,0.0
1555,ocgt,2030,5,19,19,0.0
1556,ocgt,2030,5,20,20,0.0
1557,ocgt,2030,5,21,21,0.0
1558,ocgt,2030,5,22,22,0.0
1559,ocgt,2030,5,23,23,0.0
1560,ocgt,2030,5,24,24,0.0
1561,ocgt,2030,6,1,1,0.0
1562,ocgt,2030,6,2,2,0.0
1563,ocgt,2030,6,3,3,0.0
1564,ocgt,2030,6,4,4,0.0
1565,ocgt,2030,6,5,5,0.0
1566,ocgt,2030,6,6,6,0.0
1567,ocgt,2030,6,7,7,0.0
1568,ocgt,2030,6,8,8,0.0
1569,ocgt,2030,6,9,9,0.0
1570,ocgt,2030,6,10,10,0.0
1571,ocgt,2030,6,11,11,0.0
1572,ocgt,2030,6,12,12,0.0
1573,ocgt,2030,6,13,13,0.0
1574,ocgt,2030,6,14,14,0.0
1575,ocgt,2030,6,15,15,0.0
1576,ocgt,2030,6,16,16,0.0
1577,ocgt,2030,6,17,17,0.0
1578,ocgt,2030,6,18,18,0.0
1579,ocgt,2030,6,19,19,0.0
1580,ocgt,2030,6,20,20,0.0
1581,ocgt,2030,6,21,21,0.0
1582,ocgt,2030,6,22,22,0.0
1583,ocgt,2030,6,23,23,0.0
1584,ocgt,2030,6,24,24,0.0
1585,ocgt,2030,7,1,1,0.0
1586,ocgt,2030,7,2,2,0.0
1587,ocgt,2030,7,3,3,0.0
1588,ocgt,2030,7,4,4,0.0
1589,ocgt,2030,7,5,5,0.0
1590,ocgt,2030,7,6,6,0.0
1591,ocgt,2030,7,7,7,0.0
1592,ocgt,2030,7,8,8,0.0
1593,ocgt,2030,7,9,9,0.0
1594,ocgt,2030,7,10,10,0.0
1595,ocgt,2030,7,11,11,0.0
1596,ocgt,2030,7,12,12,0.0
1597,ocgt,2030,7,13,13,0.0
1598,ocgt,2030,7,14,14,0.0
1599,ocgt,2030,7,15,15,0.0
1600,ocgt,2030,7,16,16,0.0
1601,ocgt,2030,7,17,17,0.0
1602,ocgt,2030,7,18,18,0.0
1603,ocgt,2030,7,19,19,0.0
1604,ocgt,2030,7,20,20,0.0
1605,ocgt,2030,7,21,21,0.0
1606,ocgt,2030,7,22,22,0.0
1607,ocgt,2030,7,23,23,0.0
1608,ocgt,2030,7,24,24,0.0
1609,ocgt,2030,8,1,1,0.0
1610,ocgt,2030,8,2,2,0.0
1611,ocgt,2030,8,3,3,0.0
1612,ocgt,2030,8,4,4,0.0
1613,ocgt,2030,8,5,5,0.0
1614,ocgt,2030,8,6,6,0.0
1615,ocgt,2030,8,7,7,0.0
1616,ocgt,2030,8,8,8,0.0
1617,ocgt,2030,8,9,9,0.0
1618,ocgt,2030,8,10,10,0.0
1619,ocgt,2030,8,11,11,0.0
1620,ocgt,2030,8,12,12,0.0
1621,ocgt,2030,8,13,13,0.0
1622,ocgt,2030,8,14,14,0.0
1623,ocgt,2030,8,15,15,0.0
1624,ocgt,2030,8,16,16,0.0
1625,ocgt,2030,8,17,17,0.0
1626,ocgt,2030,8,18,18,0.0
1627,ocgt,2030,8,19,19,0.0
1628,ocgt,2030,8,20,20,0.0
1629,ocgt,2030,8,21,21,0.0
1630,ocgt,2030,8,22,22,0.0
1631,ocgt,2030,8,23,23,0.0
1632,ocgt,2030,8,24,24,0.0
1633,ocgt,2030,9,1,1,0.0
1634,ocgt,2030,9,2,2,0.0
1635,ocgt,2030,9,3,3,0.0
1636,ocgt,2030,9,4,4,0.0
1637,ocgt,2030,9,5,5,0.0
1638,ocgt,2030,9,6,6,0.0
1639,ocgt,2030,9,7,7,0.0
1640,ocgt,2030,9,8,8,0.0
1641,ocgt,2030,9,9,9,0.0
1642,ocgt,2030,9,10,10,0.0
1643,ocgt,2030,9,11,11,0.0
1644,ocgt,2030,9,12,12,0.0
1645,ocgt,2030,9,13,13,0.0
1646,ocgt,2030,9,14,14,0.0
1647,ocgt,2030,9,15,15,0.0
1648,ocgt,2030,9,16,16,0.0
1649,ocgt,2030,9,17,17,0.0
1650,ocgt,2030,9,18,18,0.0
1651,ocgt,2030,9,19,19,0.0
1652,ocgt,2030,9,20,20,0.0
1653,ocgt,2030,9,21,21,0.0
1654,ocgt,2030,9,22,22,0.0
1655,ocgt,2030,9,23,23,0.0
1656,ocgt,2030,9,24,24,0.0
1657,ocgt,2030,10,1,1,0.0
1658,ocgt,2030,10,2,2,0.0
1659,ocgt,2030,10,3,3,0.0
1660,ocgt,2030,10,4,4,0.0
1661,ocgt,2030,10,5,5,0.0
1662,ocgt,2030,10,6,6,0.0
1663,ocgt,2030,10,7,7,0.0
1664,ocgt,2030,10,8,8,0.0
1665,ocgt,2030,10,9,9,0.0
1666,ocgt,2030,10,10,10,0.0
1667,ocgt,2030,10,11,11,0.0
1668,ocgt,2030,10,12,12,0.0
1669,ocgt,2030,10,13,13,0.0
1670,ocgt,2030,10,14,14,0.0
1671,ocgt,2030,10,15,15,0.0
1672,ocgt,2030,10,16,16,0.0
1673,ocgt,2030,10,17,17,0.0
1674,ocgt,2030,10,18,18,0.0
1675,ocgt,2030,10,19,19,0.0
1676,ocgt,2030,10,20,20,0.0
1677,ocgt,2030,10,21,21,0.0
1678,ocgt,2030,10,22,22,0.0
1679,ocgt,2030,10,23,23,0.0
1680,ocgt,2030,10,24,24,0.0
1681,ocgt,2030,11,1,1,0.0
1682,ocgt,2030,11,2,2,0.0
1683,ocgt,2030,11,3,3,0.0
1684,ocgt,2030,11,4,4,0.0
1685,ocgt,2030,11,5,5,0.0
1686,ocgt,2030,11,6,6,0.0
1687,ocgt,2030,11,7,7,0.0
1688,ocgt,2030,11,8,8,0.0
1689,ocgt,2030,11,9,9,0.0
1690,ocgt,2030,11,10,10,0.0
1691,ocgt,2030,11,11,11,0.0
1692,ocgt,2030,11,12,12,0.0
1693,ocgt,2030,11,13,13,0.0
1694,ocgt,2030,11,14,14,0.0
1695,ocgt,2030,11,15,15,0.0
1696,ocgt,2030,11,16,16,0.0
1697,ocgt,2030,11,17,17,0.0
1698,ocgt,2030,11,18,18,0.0
1699,ocgt,2030,11,19,19,0.0
1700,ocgt,2030,11,20,20,0.0
1701,ocgt,2030,11,21,21,0.0
1702,ocgt,2030,11,22,22,0.0
1703,ocgt,2030,11,23,23,0.0
1704,ocgt,2030,11,24,24,0.0
1705,ocgt,2030,12,1,1,0.0
1706,ocgt,2030,12,2,2,0.0
1707,ocgt,2030,12,3,3,0.0
1708,ocgt,2030,12,4,4,0.0
1709,ocgt,2030,12,5,5,0.0
1710,ocgt,2030,12,6,6,0.0
1711,ocgt,2030,12,7,7,0.0
1712,ocgt,2030,12,8,8,0.0
1713,ocgt,2030,12,9,9,0.0
1714,ocgt,2030,12,10,10,0.0
1715,ocgt,2030,12,11,11,0.0
1716,ocgt,2030,12,12,12,0.0
1717,ocgt,2030,12,13,13,0.0
1718,ocgt,2030,12,14,14,0.0
1719,ocgt,2030,12,15,15,0.0
1720,ocgt,2030,12,16,16,0.0
1721,ocgt,2030,12,17,17,0.0
1722,ocgt,2030,12,18,18,0.0
1723,ocgt,2030,12,19,19,0.0
1724,ocgt,2030,12,20,20,0.0
1725,ocgt,2030,12,21,21,0.0
1726,ocgt,2030,12,22,22,0.0
1727,ocgt,2030,12,23,23,0.0
1728,ocgt,2030,12,24,24,0.0
1729,ocgt,2030,13,1,1,0.0
1730,ocgt,2030,13,2,2,0.0
1731,ocgt,2030,13,3,3,0.0
1732,ocgt,2030,13,4,4,0.0
1733,ocgt,2030,13,5,5,0.0
1734,ocgt,2030,13,6,6,0.0
1735,ocgt,2030,13,7,7,0.0
1736,ocgt,2030,13,8,8,0.0
1737,ocgt,2030,13,9,9,0.0
1738,ocgt,2030,13,10,10,0.0
1739,ocgt,2030,13,11,11,0.0
1740,ocgt,2030,13,12,12,0.0
1741,ocgt,2030,13,13,13,0.0
1742,ocgt,2030,13,14,14,0.0
1743,ocgt,2030,13,15,15,0.0
1744,ocgt,2030,13,16,16,0.0
1745,ocgt,2030,13,17,17,0.0
1746,ocgt,2030,13,18,18,0.0
1747,ocgt,2030,13,19,19,0.0
1748,ocgt,2030,13,20,20,0.0
1749,ocgt,2030,13,21,21,0.0
1750,ocgt,2030,13,22,22,0.0
1751,ocgt,2030,13,23,23,0.0
1752,ocgt,2030,13,24,24,0.0
1753,ocgt,2030,14,1,1,0.0
1754,ocgt,2030,14,2,2,0.0
1755,ocgt,2030,14,3,3,0.0
1756,ocgt,2030,14,4,4,0.0
1757,ocgt,2030,14,5,5,0.0
1758,ocgt,2030,14,6,6,0.0
1759,ocgt,2030,14,7,7,0.0
1760,ocgt,2030,14,8,8,0.0
1761,ocgt,2030,14,9,9,0.0
1762,ocgt,2030,14,10,10,0.0
1763,ocgt,2030,14,11,11,0.0
1764,ocgt,2030,14,12,12,0.0
1765,ocgt,2030,14,13,13,0.0
1766,ocgt,2030,14,14,14,0.0
1767,ocgt,2030,14,15,15,0.0
1768,ocgt,2030,14,16,16,0.0
1769,ocgt,2030,14,17,17,0.0
1770,ocgt,2030,14,18,18,0.0
1771,ocgt,2030,14,19,19,0.0
1772,ocgt,2030,14,20,20,0.0
1773,ocgt,2030,14,21,21,0.0
1774,ocgt,2030,14,22,22,0.0
1775,ocgt,2030,14,23,23,0.0
1776,ocgt,2030,14,24,24,0.0
1777,ocgt,2030,15,1,1,0.0
1778,ocgt,2030,15,2,2,0.0
1779,ocgt,2030,15,3,3,0.0
1780,ocgt,2030,15,4,4,0.0
1781,ocgt,2030,15,5,5,0.0
1782,ocgt,2030,15,6,6,0.0
1783,ocgt,2030,15,7,7,0.0
1784,ocgt,2030,15,8,8,0.0
1785,ocgt,2030,15,9,9,0.0
1786,ocgt,2030,15,10,10,0.0
1787,ocgt,2030,15,11,11,0.0
1788,ocgt,2030,15,12,12,0.0
1789,ocgt,2030,15,13,13,0.0
1790,ocgt,2030,15,14,14,0.0
1791,ocgt,2030,15,15,15,0.0
1792,ocgt,2030,15,16,16,0.0
1793,ocgt,2030,15,17,17,0.0
1794,ocgt,2030,15,18,18,0.0
1795,ocgt,2030,15,19,19,0.0
1796,ocgt,2030,15,20,20,0.0
1797,ocgt,2030,15,21,21,0.0
1798,ocgt,2030,15,22,22,0.0
1799,ocgt,2030,15,23,23,0.0
1800,ocgt,2030,15,24,24,0.0
1801,ocgt,2030,16,1,1,0.0
1802,ocgt,2030,16,2,2,0.0
1803,ocgt,2030,16,3,3,0.0
1804,ocgt,2030,16,4,4,0.0
1805,ocgt,2030,16,5,5,0.0
1806,ocgt,2030,16,6,6,0.0
1807,ocgt,2030,16,7,7,0.0
1808,ocgt,2030,16,8,8,0.0
1809,ocgt,2030,16,9,9,0.0
1810,ocgt,2030,16,10,10,0.0
1811,ocgt,2030,16,11,11,0.0
1812,ocgt,2030,16,12,12,0.0
1813,ocgt,2030,16,13,13,0.0
1814,ocgt,2030,16,14,14,0.0
1815,ocgt,2030,16,15,15,0.0
1816,ocgt,2030,16,16,16,0.0
1817,ocgt,2030,16,17,17,0.0
1818,ocgt,2030,16,18,18,0.0
1819,ocgt,2030,16,19,19,0.0
1820,ocgt,2030,16,20,20,0.0
1821,ocgt,2030,16,21,21,0.0
1822,ocgt,2030,16,22,22,0.0
1823,ocgt,2030,16,23,23,0.0
1824,ocgt,2030,16,24,24,0.0
1825,ocgt,2030,17,1,1,0.0
1826,ocgt,2030,17,2,2,0.0
1827,ocgt,2030,17,3,3,0.0
1828,ocgt,2030,17,4,4,0.0
1829,ocgt,2030,17,5,5,0.0
1830,ocgt,2030,17,6,6,0.0
1831,ocgt,2030,17,7,7,0.0
1832,ocgt,2030,17,8,8,0.0
1833,ocgt,2030,17,9,9,0.0
1834,ocgt,2030,17,10,10,0.0
1835,ocgt,2030,17,11,11,0.0
1836,ocgt,2030,17,12,12,0.0
1837,ocgt,2030,17,13,13,0.0
1838,ocgt,2030,17,14,14,0.0
1839,ocgt,2030,17,15,15,0.0
1840,ocgt,2030,17,16,16,0.0
1841,ocgt,2030,17,17,17,0.0
1842,ocgt,2030,17,18,18,0.0
1843,ocgt,2030,17,19,19,0.0
1844,ocgt,2030,17,20,20,0.0
1845,ocgt,2030,17,21,21,0.0
1846,ocgt,2030,17,22,22,0.0
1847,ocgt,2030,17,23,23,0.0
1848,ocgt,2030,17,24,24,0.0
1849,ocgt,2030,18,1,1,0.0
1850,ocgt,2030,18,2,2,0.0
1851,ocgt,2030,18,3,3,0.0
1852,ocgt,2030,18,4,4,0.0
1853,ocgt,2030,18,5,5,0.0
1854,ocgt,2030,18,6,6,0.0
1855,ocgt,2030,18,7,7,0.0
1856,ocgt,2030,18,8,8,0.0
1857,ocgt,2030,18,9,9,0.0
1858,ocgt,2030,18,10,10,0.0
1859,ocgt,2030,18,11,11,0.0
1860,ocgt,2030,18,12,12,0.0
1861,ocgt,2030,18,13,13,0.0
1862,ocgt,2030,18,14,14,0.0
1863,ocgt,2030,18,15,15,0.0
1864,ocgt,2030,18,16,16,0.0
1865,ocgt,2030,18,17,17,0.0
1866,ocgt,2030,18,18,18,0.0
1867,ocgt,2030,18,19,19,0.0
1868,ocgt,2030,18,20,20,0.0
1869,ocgt,2030,18,21,21,0.0
1870,ocgt,2030,18,22,22,0.0
1871,ocgt,2030,18,23,23,0.0
1872,ocgt,2030,18,24,24,0.0
1873,ocgt,2030,19,1,1,0.0
1874,ocgt,2030,19,2,2,0.0
1875,ocgt,2030,19,3,3,0.0
1876,ocgt,2030,19,4,4,0.0
1877,ocgt,2030,19,5,5,0.0
1878,ocgt,2030,19,6,6,0.0
1879,ocgt,2030,19,7,7,0.0
1880,ocgt,2030,19,8,8,0.0
1881,ocgt,2030,19,9,9,0.0
1882,ocgt,2030,19,10,10,0.0
1883,ocgt,2030,19,11,11,0.0
1884,ocgt,2030,19,12,12,0.0
1885,ocgt,2030,19,13,13,0.0
1886,ocgt,2030,19,14,14,0.0
1887,ocgt,2030,19,15,15,0.0
1888,ocgt,2030,19,16,16,0.0
1889,ocgt,2030,19,17,17,0.0
1890,ocgt,2030,19,18,18,0.0
1891,ocgt,2030,19,19,19,0.0
1892,ocgt,2030,19,20,20,0.0
1893,ocgt,2030,19,21,21,0.0
1894,ocgt,2030,19,22,22,0.0
1895,ocgt,2030,19,23,23,0.0
1896,ocgt,2030,19,24,24,0.0
1897,ocgt,2030,20,1,1,0.0
1898,ocgt,2030,20,2,2,0.0
1899,ocgt,2030,20,3,3,0.0
1900,ocgt,2030,20,4,4,0.0
1901,ocgt,2030,20,5,5,0.0
1902,ocgt,2030,20,6,6,0.0
1903,ocgt,2030,20,7,7,0.0
1904,ocgt,2030,20,8,8,0.0
1905,ocgt,2030,20,9,9,0.0
1906,ocgt,2030,20,10,10,0.0
1907,ocgt,2030,20,11,11,0.0
1908,ocgt,2030,20,12,12,0.0
1909,ocgt,2030,20,13,13,0.0
1910,ocgt,2030,20,14,14,0.0
1911,ocgt,2030,20,15,15,0.0
1912,ocgt,2030,20,16,16,0.0
1913,ocgt,2030,20,17,17,0.0
1914,ocgt,2030,20,18,18,0.0
1915,ocgt,2030,20,19,19,0.0
1916,ocgt,2030,20,20,20,0.0
1917,ocgt,2030,20,21,21,0.0
1918,ocgt,2030,20,22,22,0.0
1919,ocgt,2030,20,23,23,0.0
1920,ocgt,2030,20,24,24,0.0
1921,ocgt,2030,21,1,1,0.0
1922,ocgt,2030,21,2,2,0.0
1923,ocgt,2030,21,3,3,0.0
1924,ocgt,2030,21,4,4,0.0
1925,ocgt,2030,21,5,5,0.0
1926,ocgt,2030,21,6,6,0.0
1927,ocgt,2030,21,7,7,0.0
1928,ocgt,2030,21,8,8,0.0
1929,ocgt,2030,21,9,9,0.0
1930,ocgt,2030,21,10,10,0.0
1931,ocgt,2030,21,11,11,0.0
1932,ocgt,2030,21,12,12,0.0
1933,ocgt,2030,21,13,13,0.0
1934,ocgt,2030,21,14,14,0.0
1935,ocgt,2030,21,15,15,0.0
1936,ocgt,2030,21,16,16,0.0
1937,ocgt,2030,21,17,17,0.0
1938,ocgt,2030,21,18,18,0.0
1939,ocgt,2030,21,19,19,0.0
1940,ocgt,2030,21,20,20,0.0
1941,ocgt,2030,21,21,21,0.0
1942,ocgt,2030,21,22,22,0.0
1943,ocgt,2030,21,23,23,0.0
1944,ocgt,2030,21,24,24,0.0
1945,ocgt,2030,22,1,1,0.0
1946,ocgt,2030,22,2,2,0.0
1947,ocgt,2030,22,3,3,0.0
1948,ocgt,2030,22,4,4,0.0
1949,ocgt,2030,22,5,5,0.0
1950,ocgt,2030,22,6,6,0.0
1951,ocgt,2030,22,7,7,0.0
1952,ocgt,2030,22,8,8,0.0
1953,ocgt,2030,22,9,9,0.0
1954,ocgt,2030,22,10,10,0.0
1955,ocgt,2030,22,11,11,0.0
1956,ocgt,2030,22,12,12,0.0
1957,ocgt,2030,22,13,13,0.0
1958,ocgt,2030,22,14,14,0.0
1959,ocgt,2030,22,15,15,0.0
1960,ocgt,2030,22,16,16,0.0
1961,ocgt,2030,22,17,17,0.0
1962,ocgt,2030,22,18,18,0.0
1963,ocgt,2030,22,19,19,0.0
1964,ocgt,2030,22,20,20,0.0
1965,ocgt,2030,22,21,21,0.0
1966,ocgt,2030,22,22,22,0.0
1967,ocgt,2030,22,23,23,0.0
1968,ocgt,2030,22,24,24,0.0
1969,ocgt,2030,23,1,1,0.0
1970,ocgt,2030,23,2,2,0.0
1971,ocgt,2030,23,3,3,0.0
1972,ocgt,2030,23,4,4,0.0
1973,ocgt,2030,23,5,5,0.0
1974,ocgt,2030,23,6,6,0.0
1975,ocgt,2030,23,7,7,0.0
1976,ocgt,2030,23,8,8,0.0
1977,ocgt,2030,23,9,9,0.0
1978,ocgt,2030,23,10,10,0.0
1979,ocgt,2030,23,11,11,0.0
1980,ocgt,2030,23,12,12,0.0
1981,ocgt,2030,23,13,13,0.0
1982,ocgt,2030,23,14,14,0.0
1983,ocgt,2030,23,15,15,0.0
1984,ocgt,2030,23,16,16,0.0
1985,ocgt,2030,23,17,17,0.0
1986,ocgt,2030,23,18,18,0.0
1987,ocgt,2030,23,19,19,0.0
1988,ocgt,2030,23,20,20,0.0
1989,ocgt,2030,23,21,21,0.0
1990,ocgt,2030,23,22,22,0.0
1991,ocgt,2030,23,23,23,0.0
1992,ocgt,2030,23,24,24,0.0
1993,ocgt,2030,24,1,1,0.0
1994,ocgt,2030,24,2,2,0.0
1995,ocgt,2030,24,3,3,0.0
1996,ocgt,2030,24,4,4,0.0
1997,ocgt,2030,24,5,5,0.0
1998,ocgt,2030,24,6,6,0.0
1999,ocgt,2030,24,7,7,0.0
2000,ocgt,2030,24,8,8,0.0
2001,ocgt,2030,24,9,9,0.0
2002,ocgt,2030,24,10,10,0.0
2003,ocgt,2030,24,11,11,0.0
2004,ocgt,2030,24,12,12,0.0
2005,ocgt,2030,24,13,13,0.0
2006,ocgt,2030,24,14,14,0.0
2007,ocgt,2030,24,15,15,0.0
2008,ocgt,2030,24,16,16,0.0
2009,ocgt,2030,24,17,17,0.0
2010,ocgt,2030,24,18,18,0.0
2011,ocgt,2030,24,19,19,0.0
2012,ocgt,2030,24,20,20,0.0
2013,ocgt,2030,24,21,21,0.0
2014,ocgt,2030,24,22,22,0.0
2015,ocgt,2030,24,23,23,0.0
2016,ocgt,2030,24,24,24,0.0
2017,ocgt,2030,25,1,1,0.0
2018,ocgt,2030,25,2,2,0.0
2019,ocgt,2030,25,3,3,0.0
2020,ocgt,2030,25,4,4,0.0
2021,ocgt,2030,25,5,5,0.0
2022,ocgt,2030,25,6,6,0.0
2023,ocgt,2030,25,7,7,0.0
2024,ocgt,2030,25,8,8,0.0
2025,ocgt,2030,25,9,9,0.0
2026,ocgt,2030,25,10,10,0.0
2027,ocgt,2030,25,11,11,0.0
2028,ocgt,2030,25,12,12,0.0
2029,ocgt,2030,25,13,13,0.0
2030,ocgt,2030,25,14,14,0.0
2031,ocgt,2030,25,15,15,0.0
2032,ocgt,2030,25,16,16,0.0
2033,ocgt,2030,25,17,17,0.0
2034,ocgt,2030,25,18,18,0.0
2035,ocgt,2030,25,19,19,0.0
2036,ocgt,2030,25,20,20,0.0
2037,ocgt,2030,25,21,21,0.0
2038,ocgt,2030,25,22,22,0.0
2039,ocgt,2030,25,23,23,0.0
2040,ocgt,2030,25,24,24,0.0
2041,ocgt,2030,26,1,1,0.0
2042,ocgt,2030,26,2,2,0.0
2043,ocgt,2030,26,3,3,0.0
2044,ocgt,2030,26,4,4,0.0
2045,ocgt,2030,26,5,5,0.0
2046,ocgt,2030,26,6,6,0.0
2047,ocgt,2030,26,7,7,0.0
2048,ocgt,2030,26,8,8,0.0
2049,ocgt,2030,26,9,9,0.0
2050,ocgt,2030,26,10,10,0.0
2051,ocgt,2030,26,11,11,0.0
2052,ocgt,2030,26,12,12,0.0
2053,ocgt,2030,26,13,13,0.0
2054,ocgt,2030,26,14,14,0.0
2055,ocgt,2030,26,15,15,0.0
2056,ocgt,2030,26,16,16,0.0
2057,ocgt,2030,26,17,17,0.0
2058,ocgt,2030,26,18,18,0.0
2059,ocgt,2030,26,19,19,0.0
2060,ocgt,2030,26,20,20,0.0
2061,ocgt,2030,26,21,21,0.0
2062,ocgt,2030,26,22,22,0.0
2063,ocgt,2030,26,23,23,0.0
2064,ocgt,2030,26,24,24,0.0
2065,ocgt,2030,27,1,1,0.0
2066,ocgt,2030,27,2,2,0.0
2067,ocgt,2030,27,3,3,0.0
2068,ocgt,2030,27,4,4,0.0
2069,ocgt,2030,27,5,5,0.0
2070,ocgt,2030,27,6,6,0.0
2071,ocgt,2030,27,7,7,0.0
2072,ocgt,2030,27,8,8,0.0
2073,ocgt,2030,27,9,9,0.0
2074,ocgt,2030,27,10,10,0.0
2075,ocgt,2030,27,11,11,0.0
2076,ocgt,2030,27,12,12,0.0
2077,ocgt,2030,27,13,13,0.0
2078,ocgt,2030,27,14,14,0.0
2079,ocgt,2030,27,15,15,0.0
2080,ocgt,2030,27,16,16,0.0
2081,ocgt,2030,27,17,17,0.0
2082,ocgt,2030,27,18,18,0.0
2083,ocgt,2030,27,19,19,0.0
2084,ocgt,2030,27,20,20,0.0
2085,ocgt,2030,27,21,21,0.0
2086,ocgt,2030,27,22,22,0.0
2087,ocgt,2030,27,23,23,0.0
2088,ocgt,2030,27,24,24,0.0
2089,ocgt,2030,28,1,1,0.0
2090,ocgt,2030,28,2,2,0.0
2091,ocgt,2030,28,3,3,0.0
2092,ocgt,2030,28,4,4,0.0
2093,ocgt,2030,28,5,5,0.0
2094,ocgt,2030,28,6,6,0.0
2095,ocgt,2030,28,7,7,0.0
2096,ocgt,2030,28,8,8,0.0
2097,ocgt,2030,28,9,9,0.0
2098,ocgt,2030,28,10,10,0.0
2099,ocgt,2030,28,11,11,0.0
2100,ocgt,2030,28,12,12,0.0
2101,ocgt,2030,28,13,13,0.0
2102,ocgt,2030,28,14,14,0.0
2103,ocgt,2030,28,15,15,0.0
2104,ocgt,2030,28,16,16,0.0
2105,ocgt,2030,28,17,17,0.0
2106,ocgt,2030,28,18,18,0.0
2107,ocgt,2030,28,19,19,0.0
2108,ocgt,2030,28,20,20,0.0
2109,ocgt,2030,28,21,21,0.0
2110,ocgt,2030,28,22,22,0.0
2111,ocgt,2030,28,23,23,0.0
2112,ocgt,2030,28,24,24,0.0
2113,ocgt,2030,29,1,1,0.0
2114,ocgt,2030,29,2,2,0.0
2115,ocgt,2030,29,3,3,0.0
2116,ocgt,2030,29,4,4,0.0
2117,ocgt,2030,29,5,5,0.0
2118,ocgt,2030,29,6,6,0.0
2119,ocgt,2030,29,7,7,0.0
2120,ocgt,2030,29,8,8,0.0
2121,ocgt,2030,29,9,9,0.0
2122,ocgt,2030,29,10,10,0.0
2123,ocgt,2030,29,11,11,0.0
2124,ocgt,2030,29,12,12,0.0
2125,ocgt,2030,29,13,13,0.0
2126,ocgt,2030,29,14,14,0.0
2127,ocgt,2030,29,15,15,0.0
2128,ocgt,2030,29,16,16,0.0
2129,ocgt,2030,29,17,17,0.0
2130,ocgt,2030,29,18,18,0.0
2131,ocgt,2030,29,19,19,0.0
2132,ocgt,2030,29,20,20,0.0
2133,ocgt,2030,29,21,21,0.0
2134,ocgt,2030,29,22,22,0.0
2135,ocgt,2030,29,23,23,0.0
2136,ocgt,2030,29,24,24,0.0
2137,ocgt,2030,30,1,1,0.0
2138,ocgt,2030,30,2,2,0.0
2139,ocgt,2030,30,3,3,0.0
2140,ocgt,2030,30,4,4,0.0
2141,ocgt,2030,30,5,5,0.0
2142,ocgt,2030,30,6,6,0.0
2143,ocgt,2030,30,7,7,0.0
2144,ocgt,2030,30,8,8,0.0
2145,ocgt,2030,30,9,9,0.0
2146,ocgt,2030,30,10,10,0.0
2147,ocgt,2030,30,11,11,0.0
2148,ocgt,2030,30,12,12,0.0
2149,ocgt,2030,30,13,13,0.0
2150,ocgt,2030,30,14,14,0.0
2151,ocgt,2030,30,15,15,0.0
2152,ocgt,2030,30,16,16,0.0
2153,ocgt,2030,30,17,17,0.0
2154,ocgt,2030,30,18,18,0.0
2155,ocgt,2030,30,19,19,0.0
2156,ocgt,2030,30,20,20,0.0
2157,ocgt,2030,30,21,21,0.0
2158,ocgt,2030,30,22,22,0.0
2159,ocgt,2030,30,23,23,0.0
2160,ocgt,2030,30,24,24,0.0
2161,solar,2030,1,1,1,-0.03795472521671655
2162,solar,2030,1,2,2,-0.03795472521671655
2163,solar,2030,1,3,3,-0.018977362608358275
2164,solar,2030,1,4,4,-0.018977362608358275
2165,solar,2030,1,5,5,-0.018977362608358275
2166,solar,2030,1,6,6,-0.03795472521671655
2167,solar,2030,1,7,7,-0.03795472521671655
2168,solar,2030,1,8,8,-0.03795472521671655
2169,solar,2030,1,9,9,-0.03795472521671655
2170,solar,2030,1,10,10,-0.018977362608358275
2171,solar,2030,1,11,11,-0.018977362608358275
2172,solar,2030,1,12,12,-0.018977362608358275
2173,solar,2030,1,13,13,-0.018977362608358275
2174,solar,2030,1,14,14,-0.018977362608358275
2175,solar,2030,1,15,15,-0.018977362608358275
2176,solar,2030,1,16,16,-0.018977362608358275
2177,solar,2030,1,17,17,-0.018977362608358275
2178,solar,2030,1,18,18,-0.03795472521671655
2179,solar,2030,1,19,19,-0.03795472521671655
2180,solar,2030,1,20,20,-0.03795472521671655
2181,solar,2030,1,21,21,-0.03795472521671655
2182,solar,2030,1,22,22,-0.03795472521671655
2183,solar,2030,1,23,23,-0.03795472521671655
2184,solar,2030,1,24,24,-0.03795472521671655
2185,solar,2030,2,1,1,-4.72632076388349
2186,solar,2030,2,2,2,-4.72632076388349
2187,solar,2030,2,3,3,-4.72632076388349
2188,solar,2030,2,4,4,-4.72632076388349
2189,solar,2030,2,5,5,-4.72632076388349
2190,solar,2030,2,6,6,-4.72632076388349
2191,solar,2030,2,7,7,-4.72632076388349
2192,solar,2030,2,8,8,-4.72632076388349
2193,solar,2030,2,9,9,-4.72632076388349
2194,solar,2030,2,10,10,-4.72632076388349
2195,solar,2030,2,11,11,-4.72632076388349
2196,solar,2030,2,12,12,-4.72632076388349
2197,solar,2030,2,13,13,-4.72632076388349
2198,solar,2030,2,14,14,-4.72632076388349
2199,solar,2030,2,15,15,-4.72632076388349
2200,solar,2030,2,16,16,-4.72632076388349
2201,solar,2030,2,17,17,-4.72632076388349
2202,solar,2030,2,18,18,-5.101281982737187
2203,solar,2030,2,19,19,-6.616849069436887
2204,solar,2030,2,20,20,-6.616849069436887
2205,solar,2030,2,21,21,-4.72632076388349
2206,solar,2030,2,22,22,-4.72632076388349
2207,solar,2030,2,23,23,-4.72632076388349
2208,solar,2030,2,24,24,-4.72632076388349
2209,solar,2030,3,1,1,-0.5482848160283643
2210,solar,2030,3,2,2,-0.5482848160283643
2211,solar,2030,3,3,3,-0.5482848160283643
2212,solar,2030,3,4,4,-0.5482848160283643
2213,solar,2030,3,5,5,-0.5482848160283643
2214,solar,2030,3,6,6,-0.5482848160283643
2215,solar,2030,3,7,7,-0.5482848160283643
2216,solar,2030,3,8,8,-0.5482848160283643
2217,solar,2030,3,9,9,-0.5482848160283643
2218,solar,2030,3,10,10,-0.5482848160283643
2219,solar,2030,3,11,11,-0.5482848160283643
2220,solar,2030,3,12,12,-0.5482848160283643
2221,solar,2030,3,13,13,-0.5482848160283643
2222,solar,2030,3,14,14,-0.5482848160283643
2223,solar,2030,3,15,15,-0.5482848160283643
2224,solar,2030,3,16,16,-0.5482848160283643
2225,solar,2030,3,17,17,-0.5482848160283643
2226,solar,2030,3,18,18,-0.76759874243971
2227,solar,2030,3,19,19,-0.76759874243971
2228,solar,2030,3,20,20,-103.97341267465794
2229,solar,2030,3,21,21,-0.76759874243971
2230,solar,2030,3,22,22,-0.76759874243971
2231,solar,2030,3,23,23,-0.5482848160283643
2232,solar,2030,3,24,24,-0.5482848160283643
2233,solar,2030,4,1,1,-0.016113794642010053
2234,solar,2030,4,2,2,-0.016113794642010053
2235,solar,2030,4,3,3,-0.016113794642010053
2236,solar,2030,4,4,4,-0.016113794642010053
2237,solar,2030,4,5,5,-0.016113794642010053
2238,solar,2030,4,6,6,-0.016113794642010053
2239,solar,2030,4,7,7,-0.016113794642010053
2240,solar,2030,4,8,8,-0.016113794642010053
2241,solar,2030,4,9,9,-0.20142243302512566
2242,solar,2030,4,10,10,-0.20142243302512566
2243,solar,2030,4,11,11,-0.20142243302512566
2244,solar,2030,4,12,12,-0.20142243302512566
2245,solar,2030,4,13,13,-0.20142243302512566
2246,solar,2030,4,14,14,-0.20142243302512566
2247,solar,2030,4,15,15,-0.20142243302512566
2248,solar,2030,4,16,16,-0.20142243302512566
2249,solar,2030,4,17,17,-0.20142243302512566
2250,solar,2030,4,18,18,-0.20142243302512566
2251,solar,2030,4,19,19,-0.20142243302512566
2252,solar,2030,4,20,20,-0.20142243302512566
2253,solar,2030,4,21,21,-0.20142243302512566
2254,solar,2030,4,22,22,-0.20142243302512566
2255,solar,2030,4,23,23,-0.20142243302512566
2256,solar,2030,4,24,24,-0.20142243302512566
2257,solar,2030,5,1,1,-0.5668565406261827
2258,solar,2030,5,2,2,-0.5668565406261827
2259,solar,2030,5,3,3,-0.5668565406261827
2260,solar,2030,5,4,4,-0.5668565406261827
2261,solar,2030,5,5,5,-0.5668565406261827
2262,solar,2030,5,6,6,-0.5668565406261827
2263,solar,2030,5,7,7,-0.5668565406261827
2264,solar,2030,5,8,8,-0.5668565406261827
2265,solar,2030,5,9,9,-0.04534852325009461
2266,solar,2030,5,10,10,-0.04534852325009461
2267,solar,2030,5,11,11,-0.04534852325009461
2268,solar,2030,5,12,12,-0.04534852325009461
2269,solar,2030,5,13,13,-0.04534852325009461
2270,solar,2030,5,14,14,-0.04534852325009461
2271,solar,2030,5,15,15,-0.04534852325009461
2272,solar,2030,5,16,16,-0.04534852325009461
2273,solar,2030,5,17,17,-0.04534852325009461
2274,solar,2030,5,18,18,-0.04534852325009461
2275,solar,2030,5,19,19,-0.04534852325009461
2276,solar,2030,5,20,20,-0.04534852325009461
2277,solar,2030,5,21,21,-0.04534852325009461
2278,solar,2030,5,22,22,-0.04534852325009461
2279,solar,2030,5,23,23,-0.04534852325009461
2280,solar,2030,5,24,24,-0.04534852325009461
2281,solar,2030,6,1,1,-0.46413097228461625
2282,solar,2030,6,2,2,-0.46413097228461625
2283,solar,2030,6,3,3,-0.46413097228461625
2284,solar,2030,6,4,4,-0.46413097228461625
2285,solar,2030,6,5,5,-0.46413097228461625
2286,solar,2030,6,6,6,-0.46413097228461625
2287,solar,2030,6,7,7,-0.46413097228461625
2288,solar,2030,6,8,8,-0.46413097228461625
2289,solar,2030,6,9,9,-0.46413097228461625
2290,solar,2030,6,10,10,-0.46413097228461625
2291,solar,2030,6,11,11,-0.46413097228461625
2292,solar,2030,6,12,12,-0.46413097228461625
2293,solar,2030,6,13,13,-0.46413097228461625
2294,solar,2030,6,14,14,-0.46413097228461625
2295,solar,2030,6,15,15,-0.46413097228461625
2296,solar,2030,6,16,16,-0.46413097228461625
2297,solar,2030,6,17,17,-0.46413097228461625
2298,solar,2030,6,18,18,-0.46413097228461625
2299,solar,2030,6,19,19,-0.46413097228461625
2300,solar,2030,6,20,20,-0.46413097228461625
2301,solar,2030,6,21,21,-0.46413097228461625
2302,solar,2030,6,22,22,-0.46413097228461625
2303,solar,2030,6,23,23,-0.46413097228461625
2304,solar,2030,6,24,24,-0.46413097228461625
2305,solar,2030,7,1,1,-0.20445399412823112
2306,solar,2030,7,2,2,-0.20445399412823112
2307,solar,2030,7,3,3,-0.20445399412823112
2308,solar,2030,7,4,4,-0.20445399412823112
2309,solar,2030,7,5,5,-0.20445399412823112
2310,solar,2030,7,6,6,-0.20445399412823112
2311,solar,2030,7,7,7,-0.20445399412823112
2312,solar,2030,7,8,8,-0.20445399412823112
2313,solar,2030,7,9,9,-0.20445399412823112
2314,solar,2030,7,10,10,-0.20445399412823112
2315,solar,2030,7,11,11,-0.20445399412823112
2316,solar,2030,7,12,12,-0.20445399412823112
2317,solar,2030,7,13,13,-0.20445399412823112
2318,solar,2030,7,14,14,-0.20445399412823112
2319,solar,2030,7,15,15,-0.20445399412823112
2320,solar,2030,7,16,16,-0.20445399412823112
2321,solar,2030,7,17,17,-0.20445399412823112
2322,solar,2030,7,18,18,-0.20445399412823112
2323,solar,2030,7,19,19,-0.20445399412823112
2324,solar,2030,7,20,20,-0.20445399412823112
2325,solar,2030,7,21,21,-0.20445399412823112
2326,solar,2030,7,22,22,-0.20445399412823112
2327,solar,2030,7,23,23,-0.20445399412823112
2328,solar,2030,7,24,24,-0.20445399412823112
2329,solar,2030,8,1,1,-0.8725219062152141
2330,solar,2030,8,2,2,-0.8725219062152141
2331,solar,2030,8,3,3,-0.8725219062152141
2332,solar,2030,8,4,4,-0.8725219062152141
2333,solar,2030,8,5,5,-0.8725219062152141
2334,solar,2030,8,6,6,-0.8725219062152141
2335,solar,2030,8,7,7,-0.8725219062152141
2336,solar,2030,8,8,8,-0.8725219062152141
2337,solar,2030,8,9,9,-0.8725219062152141
2338,solar,2030,8,10,10,-0.8725219062152141
2339,solar,2030,8,11,11,-0.8725219062152141
2340,solar,2030,8,12,12,-0.8725219062152141
2341,solar,2030,8,13,13,-0.8725219062152141
2342,solar,2030,8,14,14,-0.8725219062152141
2343,solar,2030,8,15,15,-0.8725219062152141
2344,solar,2030,8,16,16,-0.8725219062152141
2345,solar,2030,8,17,17,-0.8725219062152141
2346,solar,2030,8,18,18,-0.8725219062152141
2347,solar,2030,8,19,19,-0.8725219062152141
2348,solar,2030,8,20,20,-0.8725219062152141
2349,solar,2030,8,21,21,-0.8725219062152141
2350,solar,2030,8,22,22,-0.8725219062152141
2351,solar,2030,8,23,23,-0.8725219062152141
2352,solar,2030,8,24,24,-0.8725219062152141
2353,solar,2030,9,1,1,-0.2222770227594714
2354,solar,2030,9,2,2,-0.2222770227594714
2355,solar,2030,9,3,3,-0.2222770227594714
2356,solar,2030,9,4,4,-0.2222770227594714
2357,solar,2030,9,5,5,-0.2222770227594714
2358,solar,2030,9,6,6,-0.2222770227594714
2359,solar,2030,9,7,7,-0.2222770227594714
2360,solar,2030,9,8,8,-0.2222770227594714
2361,solar,2030,9,9,9,-0.2222770227594714
2362,solar,2030,9,10,10,-0.2222770227594714
2363,solar,2030,9,11,11,-0.2222770227594714
2364,solar,2030,9,12,12,-0.2222770227594714
2365,solar,2030,9,13,13,-0.2222770227594714
2366,solar,2030,9,14,14,-0.2222770227594714
2367,solar,2030,9,15,15,-0.2222770227594714
2368,solar,2030,9,16,16,-0.2222770227594714
2369,solar,2030,9,17,17,-0.2222770227594714
2370,solar,2030,9,18,18,-0.2222770227594714
2371,solar,2030,9,19,19,-0.2222770227594714
2372,solar,2030,9,20,20,-0.2222770227594714
2373,solar,2030,9,21,21,-0.2222770227594714
2374,solar,2030,9,22,22,-0.2222770227594714
2375,solar,2030,9,23,23,-0.2222770227594714
2376,solar,2030,9,24,24,-0.2222770227594714
2377,solar,2030,10,1,1,-0.4075308793460948
2378,solar,2030,10,2,2,-0.4075308793460948
2379,solar,2030,10,3,3,-0.4075308793460948
2380,solar,2030,10,4,4,-0.4075308793460948
2381,solar,2030,10,5,5,-0.4075308793460948
2382,solar,2030,10,6,6,-0.4075308793460948
2383,solar,2030,10,7,7,-0.4075308793460948
2384,solar,2030,10,8,8,-0.4075308793460948
2385,solar,2030,10,9,9,-0.4075308793460948
2386,solar,2030,10,10,10,-0.4075308793460948
2387,solar,2030,10,11,11,-0.4075308793460948
2388,solar,2030,10,12,12,-0.4075308793460948
2389,solar,2030,10,13,13,-0.4075308793460948
2390,solar,2030,10,14,14,-0.4075308793460948
2391,solar,2030,10,15,15,-0.4075308793460948
2392,solar,2030,10,16,16,-0.4075308793460948
2393,solar,2030,10,17,17,-0.4075308793460948
2394,solar,2030,10,18,18,-0.4075308793460948
2395,solar,2030,10,19,19,-0.4075308793460948
2396,solar,2030,10,20,20,-0.4075308793460948
2397,solar,2030,10,21,21,-0.4075308793460948
2398,solar,2030,10,22,22,-0.4075308793460948
2399,solar,2030,10,23,23,-0.4075308793460948
2400,solar,2030,10,24,24,-0.4075308793460948
2401,solar,2030,11,1,1,-0.6077069547199281
2402,solar,2030,11,2,2,-0.6077069547199281
2403,solar,2030,11,3,3,-0.4190716881150397
2404,solar,2030,11,4,4,-0.048616556377594246
2405,solar,2030,11,5,5,-0.048616556377594246
2406,solar,2030,11,6,6,-0.048616556377594246
2407,solar,2030,11,7,7,-0.048616556377594246
2408,solar,2030,11,8,8,-0.6077069547199281
2409,solar,2030,11,9,9,-0.6077069547199281
2410,solar,2030,11,10,10,-0.6077069547199281
2411,solar,2030,11,11,11,-0.6077069547199281
2412,solar,2030,11,12,12,-0.6077069547199281
2413,solar,2030,11,13,13,-0.6077069547199281
2414,solar,2030,11,14,14,-0.048616556377594246
2415,solar,2030,11,15,15,-0.048616556377594246
2416,solar,2030,11,16,16,-0.048616556377594246
2417,solar,2030,11,17,17,-0.048616556377594246
2418,solar,2030,11,18,18,-0.048616556377594246
2419,solar,2030,11,19,19,-0.048616556377594246
2420,solar,2030,11,20,20,-0.048616556377594246
2421,solar,2030,11,21,21,-0.048616556377594246
2422,solar,2030,11,22,22,-0.048616556377594246
2423,solar,2030,11,23,23,-0.048616556377594246
2424,solar,2030,11,24,24,-0.048616556377594246
2425,solar,2030,12,1,1,-0.003089980472048578
2426,solar,2030,12,2,2,-0.003089980472048578
2427,solar,2030,12,3,3,-0.003089980472048578
2428,solar,2030,12,4,4,-0.003089980472048578
2429,solar,2030,12,5,5,-0.003089980472048578
2430,solar,2030,12,6,6,-0.003089980472048578
2431,solar,2030,12,7,7,-0.003089980472048578
2432,solar,2030,12,8,8,-0.003089980472048578
2433,solar,2030,12,9,9,-0.003089980472048578
2434,solar,2030,12,10,10,-0.006179960944097156
2435,solar,2030,12,11,11,-0.006179960944097156
2436,solar,2030,12,12,12,-0.003089980472048578
2437,solar,2030,12,13,13,-0.003089980472048578
2438,solar,2030,12,14,14,-0.003089980472048578
2439,solar,2030,12,15,15,-0.003089980472048578
2440,solar,2030,12,16,16,-0.003089980472048578
2441,solar,2030,12,17,17,-0.006179960944097156
2442,solar,2030,12,18,18,-0.006179960944097156
2443,solar,2030,12,19,19,-0.006179960944097156
2444,solar,2030,12,20,20,-0.07724951180121446
2445,solar,2030,12,21,21,-0.07724951180121446
2446,solar,2030,12,22,22,-0.07724951180121446
2447,solar,2030,12,23,23,-0.07724951180121446
2448,solar,2030,12,24,24,-0.006179960944097156
2449,solar,2030,13,1,1,-0.012247184864110574
2450,solar,2030,13,2,2,-0.012247184864110574
2451,solar,2030,13,3,3,-0.012247184864110574
2452,solar,2030,13,4,4,-0.012247184864110574
2453,solar,2030,13,5,5,-0.012247184864110574
2454,solar,2030,13,6,6,-0.012247184864110574
2455,solar,2030,13,7,7,-0.012247184864110574
2456,solar,2030,13,8,8,-0.012247184864110574
2457,solar,2030,13,9,9,-0.012247184864110574
2458,solar,2030,13,10,10,-0.15308981080138218
2459,solar,2030,13,11,11,-0.15308981080138218
2460,solar,2030,13,12,12,-0.15308981080138218
2461,solar,2030,13,13,13,-0.15308981080138218
2462,solar,2030,13,14,14,-0.15308981080138218
2463,solar,2030,13,15,15,-0.012247184864110574
2464,solar,2030,13,16,16,-0.15308981080138218
2465,solar,2030,13,17,17,-0.15308981080138218
2466,solar,2030,13,18,18,-0.15308981080138218
2467,solar,2030,13,19,19,-0.15308981080138218
2468,solar,2030,13,20,20,-0.15308981080138218
2469,solar,2030,13,21,21,-0.15308981080138218
2470,solar,2030,13,22,22,-0.15308981080138218
2471,solar,2030,13,23,23,-0.15308981080138218
2472,solar,2030,13,24,24,-0.15308981080138218
2473,solar,2030,14,1,1,-0.20705947129970534
2474,solar,2030,14,2,2,-0.20705947129970534
2475,solar,2030,14,3,3,-0.20705947129970534
2476,solar,2030,14,4,4,-0.20705947129970534
2477,solar,2030,14,5,5,-0.20705947129970534
2478,solar,2030,14,6,6,-0.20705947129970534
2479,solar,2030,14,7,7,-0.20705947129970534
2480,solar,2030,14,8,8,-0.20705947129970534
2481,solar,2030,14,9,9,-0.20705947129970534
2482,solar,2030,14,10,10,-0.20705947129970534
2483,solar,2030,14,11,11,-0.20705947129970534
2484,solar,2030,14,12,12,-0.20705947129970534
2485,solar,2030,14,13,13,-0.03587763102991424
2486,solar,2030,14,14,14,-0.016564757703976425
2487,solar,2030,14,15,15,-0.016564757703976425
2488,solar,2030,14,16,16,-0.016564757703976425
2489,solar,2030,14,17,17,-0.016564757703976425
2490,solar,2030,14,18,18,-0.20705947129970534
2491,solar,2030,14,19,19,-0.20705947129970534
2492,solar,2030,14,20,20,-0.20705947129970534
2493,solar,2030,14,21,21,-0.20705947129970534
2494,solar,2030,14,22,22,-0.20705947129970534
2495,solar,2030,14,23,23,-0.20705947129970534
2496,solar,2030,14,24,24,-0.20705947129970534
2497,solar,2030,15,1,1,-1.6831147666964883
2498,solar,2030,15,2,2,-1.6831147666964883
2499,solar,2030,15,3,3,-1.6831147666964883
2500,solar,2030,15,4,4,-1.6831147666964883
2501,solar,2030,15,5,5,-1.6831147666964883
2502,solar,2030,15,6,6,-1.6831147666964883
2503,solar,2030,15,7,7,-1.6831147666964883
2504,solar,2030,15,8,8,-1.6831147666964883
2505,solar,2030,15,9,9,-1.6831147666964883
2506,solar,2030,15,10,10,-1.6831147666964883
2507,solar,2030,15,11,11,-1.6831147666964883
2508,solar,2030,15,12,12,-0.13464918133571904
2509,solar,2030,15,13,13,-0.13464918133571904
2510,solar,2030,15,14,14,-0.13464918133571904
2511,solar,2030,15,15,15,-0.13464918133571904
2512,solar,2030,15,16,16,-0.13464918133571904
2513,solar,2030,15,17,17,-0.13464918133571904
2514,solar,2030,15,18,18,-1.6831147666964883
2515,solar,2030,15,19,19,-1.6831147666964883
2516,solar,2030,15,20,20,-1.6831147666964883
2517,solar,2030,15,21,21,-1.6831147666964883
2518,solar,2030,15,22,22,-1.6831147666964883
2519,solar,2030,15,23,23,-1.6831147666964883
2520,solar,2030,15,24,24,-1.6831147666964883
2521,solar,2030,16,1,1,-0.33250422734677376
2522,solar,2030,16,2,2,-0.33250422734677376
2523,solar,2030,16,3,3,-0.33250422734677376
2524,solar,2030,16,4,4,-0.33250422734677376
2525,solar,2030,16,5,5,-0.33250422734677376
2526,solar,2030,16,6,6,-0.33250422734677376
2527,solar,2030,16,7,7,-0.33250422734677376
2528,solar,2030,16,8,8,-0.33250422734677376
2529,solar,2030,16,9,9,-0.33250422734677376
2530,solar,2030,16,10,10,-0.33250422734677376
2531,solar,2030,16,11,11,-0.33250422734677376
2532,solar,2030,16,12,12,-0.33250422734677376
2533,solar,2030,16,13,13,-0.33250422734677376
2534,solar,2030,16,14,14,-0.33250422734677376
2535,solar,2030,16,15,15,-0.33250422734677376
2536,solar,2030,16,16,16,-0.33250422734677376
2537,solar,2030,16,17,17,-0.33250422734677376
2538,solar,2030,16,18,18,-0.33250422734677376
2539,solar,2030,16,19,19,-0.33250422734677376
2540,solar,2030,16,20,20,-0.33250422734677376
2541,solar,2030,16,21,21,-0.33250422734677376
2542,solar,2030,16,22,22,-0.33250422734677376
2543,solar,2030,16,23,23,-0.33250422734677376
2544,solar,2030,16,24,24,-0.33250422734677376
2545,solar,2030,17,1,1,-0.17883365130291376
2546,solar,2030,17,2,2,-0.17883365130291376
2547,solar,2030,17,3,3,-0.17883365130291376
2548,solar,2030,17,4,4,-0.17883365130291376
2549,solar,2030,17,5,5,-0.17883365130291376
2550,solar,2030,17,6,6,-0.17883365130291376
2551,solar,2030,17,7,7,-0.17883365130291376
2552,solar,2030,17,8,8,-0.17883365130291376
2553,solar,2030,17,9,9,-0.17883365130291376
2554,solar,2030,17,10,10,-0.17883365130291376
2555,solar,2030,17,11,11,-0.17883365130291376
2556,solar,2030,17,12,12,-0.17883365130291376
2557,solar,2030,17,13,13,-0.17883365130291376
2558,solar,2030,17,14,14,-0.17883365130291376
2559,solar,2030,17,15,15,-0.17883365130291376
2560,solar,2030,17,16,16,-0.17883365130291376
2561,solar,2030,17,17,17,-0.17883365130291376
2562,solar,2030,17,18,18,-0.17883365130291376
2563,solar,2030,17,19,19,-0.17883365130291376
2564,solar,2030,17,20,20,-0.17883365130291376
2565,solar,2030,17,21,21,-0.17883365130291376
2566,solar,2030,17,22,22,-0.17883365130291376
2567,solar,2030,17,23,23,-0.17883365130291376
2568,solar,2030,17,24,24,-0.17883365130291376
2569,solar,2030,18,1,1,-0.014446035589598583
2570,solar,2030,18,2,2,-0.014446035589598583
2571,solar,2030,18,3,3,-0.014446035589598583
2572,solar,2030,18,4,4,-0.1805754448699823
2573,solar,2030,18,5,5,-0.1805754448699823
2574,solar,2030,18,6,6,-0.1805754448699823
2575,solar,2030,18,7,7,-0.1805754448699823
2576,solar,2030,18,8,8,-0.1805754448699823
2577,solar,2030,18,9,9,-0.1805754448699823
2578,solar,2030,18,10,10,-0.1805754448699823
2579,solar,2030,18,11,11,-0.1805754448699823
2580,solar,2030,18,12,12,-0.1805754448699823
2581,solar,2030,18,13,13,-0.1805754448699823
2582,solar,2030,18,14,14,-0.1805754448699823
2583,solar,2030,18,15,15,-0.1805754448699823
2584,solar,2030,18,16,16,-0.1805754448699823
2585,solar,2030,18,17,17,-0.1805754448699823
2586,solar,2030,18,18,18,-0.1805754448699823
2587,solar,2030,18,19,19,-0.1805754448699823
2588,solar,2030,18,20,20,-0.1805754448699823
2589,solar,2030,18,21,21,-0.1805754448699823
2590,solar,2030,18,22,22,-0.1805754448699823
2591,solar,2030,18,23,23,-0.1805754448699823
2592,solar,2030,18,24,24,-0.1805754448699823
2593,solar,2030,19,1,1,-1.3649112735411193
2594,solar,2030,19,2,2,-1.3649112735411193
2595,solar,2030,19,3,3,-1.3649112735411193
2596,solar,2030,19,4,4,-1.3649112735411193
2597,solar,2030,19,5,5,-1.3649112735411193
2598,solar,2030,19,6,6,-1.3649112735411193
2599,solar,2030,19,7,7,-1.3649112735411193
2600,solar,2030,19,8,8,-1.3649112735411193
2601,solar,2030,19,9,9,-1.3649112735411193
2602,solar,2030,19,10,10,-1.3649112735411193
2603,solar,2030,19,11,11,-1.3649112735411193
2604,solar,2030,19,12,12,-1.3649112735411193
2605,solar,2030,19,13,13,-1.3649112735411193
2606,solar,2030,19,14,14,-1.3649112735411193
2607,solar,2030,19,15,15,-1.3649112735411193
2608,solar,2030,19,16,16,-1.3649112735411193
2609,solar,2030,19,17,17,-1.3649112735411193
2610,solar,2030,19,18,18,-1.3649112735411193
2611,solar,2030,19,19,19,-1.3649112735411193
2612,solar,2030,19,20,20,-1.3649112735411193
2613,solar,2030,19,21,21,-1.3649112735411193
2614,solar,2030,19,22,22,-1.3649112735411193
2615,solar,2030,19,23,23,-1.3649112735411193
2616,solar,2030,19,24,24,-1.3649112735411193
2617,solar,2030,20,1,1,-0.01327431038031997
2618,solar,2030,20,2,2,-0.01327431038031997
2619,solar,2030,20,3,3,-0.01327431038031997
2620,solar,2030,20,4,4,-0.01327431038031997
2621,solar,2030,20,5,5,-0.01327431038031997
2622,solar,2030,20,6,6,-0.01327431038031997
2623,solar,2030,20,7,7,-0.01327431038031997
2624,solar,2030,20,8,8,-0.006637155190159985
2625,solar,2030,20,9,9,-0.006637155190159985
2626,solar,2030,20,10,10,-0.006637155190159985
2627,solar,2030,20,11,11,-0.006637155190159985
2628,solar,2030,20,12,12,-0.006637155190159985
2629,solar,2030,20,13,13,-0.006637155190159985
2630,solar,2030,20,14,14,-0.006637155190159985
2631,solar,2030,20,15,15,-0.006637155190159985
2632,solar,2030,20,16,16,-0.006637155190159985
2633,solar,2030,20,17,17,-0.006637155190159985
2634,solar,2030,20,18,18,-0.006637155190159985
2635,solar,2030,20,19,19,-0.01327431038031997
2636,solar,2030,20,20,20,-0.16592887975399961
2637,solar,2030,20,21,21,-0.16592887975399961
2638,solar,2030,20,22,22,-0.16592887975399961
2639,solar,2030,20,23,23,-0.16592887975399961
2640,solar,2030,20,24,24,-0.16592887975399961
2641,solar,2030,21,1,1,-0.36655676669321413
2642,solar,2030,21,2,2,-0.36655676669321413
2643,solar,2030,21,3,3,-0.36655676669321413
2644,solar,2030,21,4,4,-0.36655676669321413
2645,solar,2030,21,5,5,-0.36655676669321413
2646,solar,2030,21,6,6,-0.36655676669321413
2647,solar,2030,21,7,7,-0.36655676669321413
2648,solar,2030,21,8,8,-0.36655676669321413
2649,solar,2030,21,9,9,-0.36655676669321413
2650,solar,2030,21,10,10,-0.36655676669321413
2651,solar,2030,21,11,11,-0.36655676669321413
2652,solar,2030,21,12,12,-0.36655676669321413
2653,solar,2030,21,13,13,-0.02932454133545713
2654,solar,2030,21,14,14,-0.02932454133545713
2655,solar,2030,21,15,15,-0.02932454133545713
2656,solar,2030,21,16,16,-0.02932454133545713
2657,solar,2030,21,17,17,-0.36655676669321413
2658,solar,2030,21,18,18,-0.36655676669321413
2659,solar,2030,21,19,19,-0.36655676669321413
2660,solar,2030,21,20,20,-0.36655676669321413
2661,solar,2030,21,21,21,-0.36655676669321413
2662,solar,2030,21,22,22,-0.36655676669321413
2663,solar,2030,21,23,23,-0.02932454133545713
2664,solar,2030,21,24,24,-0.02932454133545713
2665,solar,2030,22,1,1,-0.35643206272788525
2666,solar,2030,22,2,2,-0.35643206272788525
2667,solar,2030,22,3,3,-0.35643206272788525
2668,solar,2030,22,4,4,-0.35643206272788525
2669,solar,2030,22,5,5,-0.35643206272788525
2670,solar,2030,22,6,6,-0.35643206272788525
2671,solar,2030,22,7,7,-0.35643206272788525
2672,solar,2030,22,8,8,-0.35643206272788525
2673,solar,2030,22,9,9,-0.35643206272788525
2674,solar,2030,22,10,10,-0.35643206272788525
2675,solar,2030,22,11,11,-0.35643206272788525
2676,solar,2030,22,12,12,-0.35643206272788525
2677,solar,2030,22,13,13,-0.35643206272788525
2678,solar,2030,22,14,14,-0.35643206272788525
2679,solar,2030,22,15,15,-0.35643206272788525
2680,solar,2030,22,16,16,-0.35643206272788525
2681,solar,2030,22,17,17,-0.35643206272788525
2682,solar,2030,22,18,18,-0.35643206272788525
2683,solar,2030,22,19,19,-0.35643206272788525
2684,solar,2030,22,20,20,-0.35643206272788525
2685,solar,2030,22,21,21,-0.35643206272788525
2686,solar,2030,22,22,22,-0.35643206272788525
2687,solar,2030,22,23,23,-0.35643206272788525
2688,solar,2030,22,24,24,-0.35643206272788525
2689,solar,2030,23,1,1,-0.4058059696773903
2690,solar,2030,23,2,2,-0.4058059696773903
2691,solar,2030,23,3,3,-0.4058059696773903
2692,solar,2030,23,4,4,-0.4058059696773903
2693,solar,2030,23,5,5,-0.4058059696773903
2694,solar,2030,23,6,6,-0.4058059696773903
2695,solar,2030,23,7,7,-0.4058059696773903
2696,solar,2030,23,8,8,-0.4058059696773903
2697,solar,2030,23,9,9,-0.4058059696773903
2698,solar,2030,23,10,10,-0.4058059696773903
2699,solar,2030,23,11,11,-0.4058059696773903
2700,solar,2030,23,12,12,-0.4058059696773903
2701,solar,2030,23,13,13,-0.4058059696773903
2702,solar,2030,23,14,14,-0.4058059696773903
2703,solar,2030,23,15,15,-0.4058059696773903
2704,solar,2030,23,16,16,-0.4058059696773903
2705,solar,2030,23,17,17,-0.4058059696773903
2706,solar,2030,23,18,18,-0.4058059696773903
2707,solar,2030,23,19,19,-0.4058059696773903
2708,solar,2030,23,20,20,-0.4058059696773903
2709,solar,2030,23,21,21,-0.4058059696773903
2710,solar,2030,23,22,22,-0.4058059696773903
2711,solar,2030,23,23,23,-0.4058059696773903
2712,solar,2030,23,24,24,-0.4058059696773903
2713,solar,2030,24,1,1,-0.26333113129006586
2714,solar,2030,24,2,2,-0.26333113129006586
2715,solar,2030,24,3,3,-0.26333113129006586
2716,solar,2030,24,4,4,-0.26333113129006586
2717,solar,2030,24,5,5,-0.26333113129006586
2718,solar,2030,24,6,6,-0.26333113129006586
2719,solar,2030,24,7,7,-0.26333113129006586
2720,solar,2030,24,8,8,-0.26333113129006586
2721,solar,2030,24,9,9,-0.26333113129006586
2722,solar,2030,24,10,10,-0.26333113129006586
2723,solar,2030,24,11,11,-0.26333113129006586
2724,solar,2030,24,12,12,-0.26333113129006586
2725,solar,2030,24,13,13,-0.26333113129006586
2726,solar,2030,24,14,14,-0.021066490503205266
2727,solar,2030,24,15,15,-0.021066490503205266
2728,solar,2030,24,16,16,-0.021066490503205266
2729,solar,2030,24,17,17,-0.021066490503205266
2730,solar,2030,24,18,18,-0.17061939484240973
2731,solar,2030,24,19,19,-0.26333113129006586
2732,solar,2030,24,20,20,-0.26333113129006586
2733,solar,2030,24,21,21,-0.26333113129006586
2734,solar,2030,24,22,22,-0.26333113129006586
2735,solar,2030,24,23,23,-0.26333113129006586
2736,solar,2030,24,24,24,-0.26333113129006586
2737,solar,2030,25,1,1,-0.03142311241501177
2738,solar,2030,25,2,2,-0.03142311241501177
2739,solar,2030,25,3,3,-0.03142311241501177
2740,solar,2030,25,4,4,-0.03142311241501177
2741,solar,2030,25,5,5,-0.03142311241501177
2742,solar,2030,25,6,6,-0.03142311241501177
2743,solar,2030,25,7,7,-0.39278890518764714
2744,solar,2030,25,8,8,-0.39278890518764714
2745,solar,2030,25,9,9,-0.39278890518764714
2746,solar,2030,25,10,10,-0.39278890518764714
2747,solar,2030,25,11,11,-0.39278890518764714
2748,solar,2030,25,12,12,-0.39278890518764714
2749,solar,2030,25,13,13,-0.39278890518764714
2750,solar,2030,25,14,14,-0.39278890518764714
2751,solar,2030,25,15,15,-0.39278890518764714
2752,solar,2030,25,16,16,-0.39278890518764714
2753,solar,2030,25,17,17,-0.39278890518764714
2754,solar,2030,25,18,18,-0.39278890518764714
2755,solar,2030,25,19,19,-0.39278890518764714
2756,solar,2030,25,20,20,-0.39278890518764714
2757,solar,2030,25,21,21,-0.39278890518764714
2758,solar,2030,25,22,22,-0.39278890518764714
2759,solar,2030,25,23,23,-0.39278890518764714
2760,solar,2030,25,24,24,-0.39278890518764714
2761,solar,2030,26,1,1,-0.008636167881697833
2762,solar,2030,26,2,2,-0.008636167881697833
2763,solar,2030,26,3,3,-0.008636167881697833
2764,solar,2030,26,4,4,-0.008636167881697833
2765,solar,2030,26,5,5,-0.008636167881697833
2766,solar,2030,26,6,6,-0.008636167881697833
2767,solar,2030,26,7,7,-0.008636167881697833
2768,solar,2030,26,8,8,-0.008636167881697833
2769,solar,2030,26,9,9,-0.017272335763395666
2770,solar,2030,26,10,10,-0.017272335763395666
2771,solar,2030,26,11,11,-0.017272335763395666
2772,solar,2030,26,12,12,-0.017272335763395666
2773,solar,2030,26,13,13,-0.017272335763395666
2774,solar,2030,26,14,14,-0.017272335763395666
2775,solar,2030,26,15,15,-0.017272335763395666
2776,solar,2030,26,16,16,-0.017272335763395666
2777,solar,2030,26,17,17,-0.017272335763395666
2778,solar,2030,26,18,18,-0.017272335763395666
2779,solar,2030,26,19,19,-0.017272335763395666
2780,solar,2030,26,20,20,-0.017272335763395666
2781,solar,2030,26,21,21,-0.017272335763395666
2782,solar,2030,26,22,22,-0.017272335763395666
2783,solar,2030,26,23,23,-0.017272335763395666
2784,solar,2030,26,24,24,-0.017272335763395666
2785,solar,2030,27,1,1,-1.5131534424117699
2786,solar,2030,27,2,2,-1.5131534424117699
2787,solar,2030,27,3,3,-1.5131534424117699
2788,solar,2030,27,4,4,-1.5131534424117699
2789,solar,2030,27,5,5,-1.5131534424117699
2790,solar,2030,27,6,6,-1.5131534424117699
2791,solar,2030,27,7,7,-1.5131534424117699
2792,solar,2030,27,8,8,-1.5131534424117699
2793,solar,2030,27,9,9,-1.5131534424117699
2794,solar,2030,27,10,10,-1.5131534424117699
2795,solar,2030,27,11,11,-1.5131534424117699
2796,solar,2030,27,12,12,-1.5131534424117699
2797,solar,2030,27,13,13,-1.5131534424117699
2798,solar,2030,27,14,14,-1.5131534424117699
2799,solar,2030,27,15,15,-1.5131534424117699
2800,solar,2030,27,16,16,-1.5131534424117699
2801,solar,2030,27,17,17,-1.5131534424117699
2802,solar,2030,27,18,18,-1.5131534424117699
2803,solar,2030,27,19,19,-1.5131534424117699
2804,solar,2030,27,20,20,-2.118414819376478
2805,solar,2030,27,21,21,-1.5131534424117699
2806,solar,2030,27,22,22,-1.5131534424117699
2807,solar,2030,27,23,23,-1.5131534424117699
2808,solar,2030,27,24,24,-1.5131534424117699
2809,solar,2030,28,1,1,-0.009564687325787831
2810,solar,2030,28,2,2,-0.009564687325787831
2811,solar,2030,28,3,3,-0.009564687325787831
2812,solar,2030,28,4,4,-0.009564687325787831
2813,solar,2030,28,5,5,-0.009564687325787831
2814,solar,2030,28,6,6,-0.009564687325787831
2815,solar,2030,28,7,7,-0.009564687325787831
2816,solar,2030,28,8,8,-0.1195585915723479
2817,solar,2030,28,9,9,-0.1195585915723479
2818,solar,2030,28,10,10,-0.1195585915723479
2819,solar,2030,28,11,11,-0.009564687325787831
2820,solar,2030,28,12,12,-0.004782343662893916
2821,solar,2030,28,13,13,-0.004782343662893916
2822,solar,2030,28,14,14,-0.004782343662893916
2823,solar,2030,28,15,15,-0.004782343662893916
2824,solar,2030,28,16,16,-0.004782343662893916
2825,solar,2030,28,17,17,-0.004782343662893916
2826,solar,2030,28,18,18,-0.009564687325787831
2827,solar,2030,28,19,19,-0.009564687325787831
2828,solar,2030,28,20,20,-0.009564687325787831
2829,solar,2030,28,21,21,-0.009564687325787831
2830,solar,2030,28,22,22,-0.009564687325787831
2831,solar,2030,28,23,23,-0.009564687325787831
2832,solar,2030,28,24,24,-0.009564687325787831
2833,solar,2030,29,1,1,-0.22081200834517647
2834,solar,2030,29,2,2,-0.22081200834517647
2835,solar,2030,29,3,3,-0.22081200834517647
2836,solar,2030,29,4,4,-0.22081200834517647
2837,solar,2030,29,5,5,-0.22081200834517647
2838,solar,2030,29,6,6,-0.22081200834517647
2839,solar,2030,29,7,7,-0.22081200834517647
2840,solar,2030,29,8,8,-0.22081200834517647
2841,solar,2030,29,9,9,-0.22081200834517647
2842,solar,2030,29,10,10,-0.22081200834517647
2843,solar,2030,29,11,11,-0.22081200834517647
2844,solar,2030,29,12,12,-0.017664960667614117
2845,solar,2030,29,13,13,-0.017664960667614117
2846,solar,2030,29,14,14,-0.017664960667614117
2847,solar,2030,29,15,15,-0.017664960667614117
2848,solar,2030,29,16,16,-0.017664960667614117
2849,solar,2030,29,17,17,-0.017664960667614117
2850,solar,2030,29,18,18,-0.22081200834517647
2851,solar,2030,29,19,19,-0.22081200834517647
2852,solar,2030,29,20,20,-0.22081200834517647
2853,solar,2030,29,21,21,-0.22081200834517647
2854,solar,2030,29,22,22,-0.22081200834517647
2855,solar,2030,29,23,23,-0.22081200834517647
2856,solar,2030,29,24,24,-0.22081200834517647
2857,solar,2030,30,1,1,-0.7564495394128081
2858,solar,2030,30,2,2,-0.7564495394128081
2859,solar,2030,30,3,3,-0.7564495394128081
2860,solar,2030,30,4,4,-0.7564495394128081
2861,solar,2030,30,5,5,-0.7564495394128081
2862,solar,2030,30,6,6,-0.7564495394128081
2863,solar,2030,30,7,7,-0.7564495394128081
2864,solar,2030,30,8,8,-0.7564495394128081
2865,solar,2030,30,9,9,-0.7564495394128081
2866,solar,2030,30,10,10,-0.7564495394128081
2867,solar,2030,30,11,11,-0.7564495394128081
2868,solar,2030,30,12,12,-0.7564495394128081
2869,solar,2030,30,13,13,-0.7564495394128081
2870,solar,2030,30,14,14,-0.7564495394128081
2871,solar,2030,30,15,15,-0.7564495394128081
2872,solar,2030,30,16,16,-0.7564495394128081
2873,solar,2030,30,17,17,-0.7564495394128081
2874,solar,2030,30,18,18,-0.7564495394128081
2875,solar,2030,30,19,19,-0.7564495394128081
2876,solar,2030,30,20,20,-0.7564495394128081
2877,solar,2030,30,21,21,-0.7564495394128081
2878,solar,2030,30,22,22,-0.7564495394128081
2879,solar,2030,30,23,23,-0.7564495394128081
2880,solar,2030,30,24,24,-0.7564495394128081
2881,wind,2030,1,1,1,-0.018977362608358275
2882,wind,2030,1,2,2,-0.018977362608358275
2883,wind,2030,1,3,3,0.0
2884,wind,2030,1,4,4,0.0
2885,wind,2030,1,5,5,0.0
2886,wind,2030,1,6,6,-0.018977362608358275
2887,wind,2030,1,7,7,-0.018977362608358275
2888,wind,2030,1,8,8,-0.018977362608358275
2889,wind,2030,1,9,9,-0.018977362608358275
2890,wind,2030,1,10,10,0.0
2891,wind,2030,1,11,11,0.0
2892,wind,2030,1,12,12,0.0
2893,wind,2030,1,13,13,0.0
2894,wind,2030,1,14,14,0.0
2895,wind,2030,1,15,15,0.0
2896,wind,2030,1,16,16,0.0
2897,wind,2030,1,17,17,0.0
2898,wind,2030,1,18,18,-0.018977362608358275
2899,wind,2030,1,19,19,-0.018977362608358275
2900,wind,2030,1,20,20,-0.018977362608358275
2901,wind,2030,1,21,21,-0.018977362608358275
2902,wind,2030,1,22,22,-0.018977362608358275
2903,wind,2030,1,23,23,-0.018977362608358275
2904,wind,2030,1,24,24,-0.018977362608358275
2905,wind,2030,2,1,1,-4.537267933328151
2906,wind,2030,2,2,2,-4.537267933328151
2907,wind,2030,2,3,3,-4.537267933328151
2908,wind,2030,2,4,4,-4.537267933328151
2909,wind,2030,2,5,5,-4.537267933328151
2910,wind,2030,2,6,6,-4.537267933328151
2911,wind,2030,2,7,7,-4.537267933328151
2912,wind,2030,2,8,8,-4.537267933328151
2913,wind,2030,2,9,9,-4.537267933328151
2914,wind,2030,2,10,10,-4.537267933328151
2915,wind,2030,2,11,11,-4.537267933328151
2916,wind,2030,2,12,12,-4.537267933328151
2917,wind,2030,2,13,13,-4.537267933328151
2918,wind,2030,2,14,14,-4.537267933328151
2919,wind,2030,2,15,15,-4.537267933328151
2920,wind,2030,2,16,16,-4.537267933328151
2921,wind,2030,2,17,17,-4.537267933328151
2922,wind,2030,2,18,18,-4.9122291521818475
2923,wind,2030,2,19,19,-6.427796238881547
2924,wind,2030,2,20,20,-6.427796238881547
2925,wind,2030,2,21,21,-4.537267933328151
2926,wind,2030,2,22,22,-4.537267933328151
2927,wind,2030,2,23,23,-4.537267933328151
2928,wind,2030,2,24,24,-4.537267933328151
2929,wind,2030,3,1,1,-0.5263534233872298
2930,wind,2030,3,2,2,-0.5263534233872298
2931,wind,2030,3,3,3,-0.5263534233872298
2932,wind,2030,3,4,4,-0.5263534233872298
2933,wind,2030,3,5,5,-0.5263534233872298
2934,wind,2030,3,6,6,-0.5263534233872298
2935,wind,2030,3,7,7,-0.5263534233872298
2936,wind,2030,3,8,8,-0.5263534233872298
2937,wind,2030,3,9,9,-0.5263534233872298
2938,wind,2030,3,10,10,-0.5263534233872298
2939,wind,2030,3,11,11,-0.5263534233872298
2940,wind,2030,3,12,12,-0.5263534233872298
2941,wind,2030,3,13,13,-0.5263534233872298
2942,wind,2030,3,14,14,-0.5263534233872298
2943,wind,2030,3,15,15,-0.5263534233872298
2944,wind,2030,3,16,16,-0.5263534233872298
2945,wind,2030,3,17,17,-0.5263534233872298
2946,wind,2030,3,18,18,-0.7456673497985755
2947,wind,2030,3,19,19,-0.7456673497985755
2948,wind,2030,3,20,20,-103.9514812820168
2949,wind,2030,3,21,21,-0.7456673497985755
2950,wind,2030,3,22,22,-0.7456673497985755
2951,wind,2030,3,23,23,-0.5263534233872298
2952,wind,2030,3,24,24,-0.5263534233872298
2953,wind,2030,4,1,1,-0.008056897321005027
2954,wind,2030,4,2,2,-0.008056897321005027
2955,wind,2030,4,3,3,-0.008056897321005027
2956,wind,2030,4,4,4,-0.008056897321005027
2957,wind,2030,4,5,5,-0.008056897321005027
2958,wind,2030,4,6,6,-0.008056897321005027
2959,wind,2030,4,7,7,-0.008056897321005027
2960,wind,2030,4,8,8,-0.008056897321005027
2961,wind,2030,4,9,9,-0.19336553570412063
2962,wind,2030,4,10,10,-0.19336553570412063
2963,wind,2030,4,11,11,-0.19336553570412063
2964,wind,2030,4,12,12,-0.19336553570412063
2965,wind,2030,4,13,13,-0.19336553570412063
2966,wind,2030,4,14,14,-0.19336553570412063
2967,wind,2030,4,15,15,-0.19336553570412063
2968,wind,2030,4,16,16,-0.19336553570412063
2969,wind,2030,4,17,17,-0.19336553570412063
2970,wind,2030,4,18,18,-0.19336553570412063
2971,wind,2030,4,19,19,-0.19336553570412063
2972,wind,2030,4,20,20,-0.19336553570412063
2973,wind,2030,4,21,21,-0.19336553570412063
2974,wind,2030,4,22,22,-0.19336553570412063
2975,wind,2030,4,23,23,-0.19336553570412063
2976,wind,2030,4,24,24,-0.19336553570412063
2977,wind,2030,5,1,1,-0.5441822790011355
2978,wind,2030,5,2,2,-0.5441822790011355
2979,wind,2030,5,3,3,-0.5441822790011355
2980,wind,2030,5,4,4,-0.5441822790011355
2981,wind,2030,5,5,5,-0.5441822790011355
2982,wind,2030,5,6,6,-0.5441822790011355
2983,wind,2030,5,7,7,-0.5441822790011355
2984,wind,2030,5,8,8,-0.5441822790011355
2985,wind,2030,5,9,9,-0.022674261625047307
2986,wind,2030,5,10,10,-0.022674261625047307
2987,wind,2030,5,11,11,-0.022674261625047307
2988,wind,2030,5,12,12,-0.022674261625047307
2989,wind,2030,5,13,13,-0.022674261625047307
2990,wind,2030,5,14,14,-0.022674261625047307
2991,wind,2030,5,15,15,-0.022674261625047307
2992,wind,2030,5,16,16,-0.022674261625047307
2993,wind,2030,5,17,17,-0.022674261625047307
2994,wind,2030,5,18,18,-0.022674261625047307
2995,wind,2030,5,19,19,-0.022674261625047307
2996,wind,2030,5,20,20,-0.022674261625047307
2997,wind,2030,5,21,21,-0.022674261625047307
2998,wind,2030,5,22,22,-0.022674261625047307
2999,wind,2030,5,23,23,-0.022674261625047307
3000,wind,2030,5,24,24,-0.022674261625047307
3001,wind,2030,6,1,1,-0.4455657333932316
3002,wind,2030,6,2,2,-0.4455657333932316
3003,wind,2030,6,3,3,-0.4455657333932316
3004,wind,2030,6,4,4,-0.4455657333932316
3005,wind,2030,6,5,5,-0.4455657333932316
3006,wind,2030,6,6,6,-0.4455657333932316
3007,wind,2030,6,7,7,-0.4455657333932316
3008,wind,2030,6,8,8,-0.4455657333932316
3009,wind,2030,6,9,9,-0.4455657333932316
3010,wind,2030,6,10,10,-0.4455657333932316
3011,wind,2030,6,11,11,-0.4455657333932316
3012,wind,2030,6,12,12,-0.4455657333932316
3013,wind,2030,6,13,13,-0.4455657333932316
3014,wind,2030,6,14,14,-0.4455657333932316
3015,wind,2030,6,15,15,-0.4455657333932316
3016,wind,2030,6,16,16,-0.4455657333932316
3017,wind,2030,6,17,17,-0.4455657333932316
3018,wind,2030,6,18,18,-0.4455657333932316
3019,wind,2030,6,19,19,-0.4455657333932316
3020,wind,2030,6,20,20,-0.4455657333932316
3021,wind,2030,6,21,21,-0.4455657333932316
3022,wind,2030,6,22,22,-0.4455657333932316
3023,wind,2030,6,23,23,-0.4455657333932316
3024,wind,2030,6,24,24,-0.4455657333932316
3025,wind,2030,7,1,1,-0.19627583436310186
3026,wind,2030,7,2,2,-0.19627583436310186
3027,wind,2030,7,3,3,-0.19627583436310186
3028,wind,2030,7,4,4,-0.19627583436310186
3029,wind,2030,7,5,5,-0.19627583436310186
3030,wind,2030,7,6,6,-0.19627583436310186
3031,wind,2030,7,7,7,-0.19627583436310186
3032,wind,2030,7,8,8,-0.19627583436310186
3033,wind,2030,7,9,9,-0.19627583436310186
3034,wind,2030,7,10,10,-0.19627583436310186
3035,wind,2030,7,11,11,-0.19627583436310186
3036,wind,2030,7,12,12,-0.19627583436310186
3037,wind,2030,7,13,13,-0.19627583436310186
3038,wind,2030,7,14,14,-0.19627583436310186
3039,wind,2030,7,15,15,-0.19627583436310186
3040,wind,2030,7,16,16,-0.19627583436310186
3041,wind,2030,7,17,17,-0.19627583436310186
3042,wind,2030,7,18,18,-0.19627583436310186
3043,wind,2030,7,19,19,-0.19627583436310186
3044,wind,2030,7,20,20,-0.19627583436310186
3045,wind,2030,7,21,21,-0.19627583436310186
3046,wind,2030,7,22,22,-0.19627583436310186
3047,wind,2030,7,23,23,-0.19627583436310186
3048,wind,2030,7,24,24,-0.19627583436310186
3049,wind,2030,8,1,1,-0.8376210299666055
3050,wind,2030,8,2,2,-0.8376210299666055
3051,wind,2030,8,3,3,-0.8376210299666055
3052,wind,2030,8,4,4,-0.8376210299666055
3053,wind,2030,8,5,5,-0.8376210299666055
3054,wind,2030,8,6,6,-0.8376210299666055
3055,wind,2030,8,7,7,-0.8376210299666055
3056,wind,2030,8,8,8,-0.8376210299666055
3057,wind,2030,8,9,9,-0.8376210299666055
3058,wind,2030,8,10,10,-0.8376210299666055
3059,wind,2030,8,11,11,-0.8376210299666055
3060,wind,2030,8,12,12,-0.8376210299666055
3061,wind,2030,8,13,13,-0.8376210299666055
3062,wind,2030,8,14,14,-0.8376210299666055
3063,wind,2030,8,15,15,-0.8376210299666055
3064,wind,2030,8,16,16,-0.8376210299666055
3065,wind,2030,8,17,17,-0.8376210299666055
3066,wind,2030,8,18,18,-0.8376210299666055
3067,wind,2030,8,19,19,-0.8376210299666055
3068,wind,2030,8,20,20,-0.8376210299666055
3069,wind,2030,8,21,21,-0.8376210299666055
3070,wind,2030,8,22,22,-0.8376210299666055
3071,wind,2030,8,23,23,-0.8376210299666055
3072,wind,2030,8,24,24,-0.8376210299666055
3073,wind,2030,9,1,1,-0.21338594184909254
3074,wind,2030,9,2,2,-0.21338594184909254
3075,wind,2030,9,3,3,-0.21338594184909254
3076,wind,2030,9,4,4,-0.21338594184909254
3077,wind,2030,9,5,5,-0.21338594184909254
3078,wind,2030,9,6,6,-0.21338594184909254
3079,wind,2030,9,7,7,-0.21338594184909254
3080,wind,2030,9,8,8,-0.21338594184909254
3081,wind,2030,9,9,9,-0.21338594184909254
3082,wind,2030,9,10,10,-0.21338594184909254
3083,wind,2030,9,11,11,-0.21338594184909254
3084,wind,2030,9,12,12,-0.21338594184909254
3085,wind,2030,9,13,13,-0.21338594184909254
3086,wind,2030,9,14,14,-0.21338594184909254
3087,wind,2030,9,15,15,-0.21338594184909254
3088,wind,2030,9,16,16,-0.21338594184909254
3089,wind,2030,9,17,17,-0.21338594184909254
3090,wind,2030,9,18,18,-0.21338594184909254
3091,wind,2030,9,19,19,-0.21338594184909254
3092,wind,2030,9,20,20,-0.21338594184909254
3093,wind,2030,9,21,21,-0.21338594184909254
3094,wind,2030,9,22,22,-0.21338594184909254
3095,wind,2030,9,23,23,-0.21338594184909254
3096,wind,2030,9,24,24,-0.21338594184909254
3097,wind,2030,10,1,1,-0.391229644172251
3098,wind,2030,10,2,2,-0.391229644172251
3099,wind,2030,10,3,3,-0.391229644172251
3100,wind,2030,10,4,4,-0.391229644172251
3101,wind,2030,10,5,5,-0.391229644172251
3102,wind,2030,10,6,6,-0.391229644172251
3103,wind,2030,10,7,7,-0.391229644172251
3104,wind,2030,10,8,8,-0.391229644172251
3105,wind,2030,10,9,9,-0.391229644172251
3106,wind,2030,10,10,10,-0.391229644172251
3107,wind,2030,10,11,11,-0.391229644172251
3108,wind,2030,10,12,12,-0.391229644172251
3109,wind,2030,10,13,13,-0.391229644172251
3110,wind,2030,10,14,14,-0.391229644172251
3111,wind,2030,10,15,15,-0.391229644172251
3112,wind,2030,10,16,16,-0.391229644172251
3113,wind,2030,10,17,17,-0.391229644172251
3114,wind,2030,10,18,18,-0.391229644172251
3115,wind,2030,10,19,19,-0.391229644172251
3116,wind,2030,10,20,20,-0.391229644172251
3117,wind,2030,10,21,21,-0.391229644172251
3118,wind,2030,10,22,22,-0.391229644172251
3119,wind,2030,10,23,23,-0.391229644172251
3120,wind,2030,10,24,24,-0.391229644172251
3121,wind,2030,11,1,1,-0.583398676531131
3122,wind,2030,11,2,2,-0.583398676531131
3123,wind,2030,11,3,3,-0.3947634099262426
3124,wind,2030,11,4,4,-0.024308278188797123
3125,wind,2030,11,5,5,-0.024308278188797123
3126,wind,2030,11,6,6,-0.024308278188797123
3127,wind,2030,11,7,7,-0.024308278188797123
3128,wind,2030,11,8,8,-0.583398676531131
3129,wind,2030,11,9,9,-0.583398676531131
3130,wind,2030,11,10,10,-0.583398676531131
3131,wind,2030,11,11,11,-0.583398676531131
3132,wind,2030,11,12,12,-0.583398676531131
3133,wind,2030,11,13,13,-0.583398676531131
3134,wind,2030,11,14,14,-0.024308278188797123
3135,wind,2030,11,15,15,-0.024308278188797123
3136,wind,2030,11,16,16,-0.024308278188797123
3137,wind,2030,11,17,17,-0.024308278188797123
3138,wind,2030,11,18,18,-0.024308278188797123
3139,wind,2030,11,19,19,-0.024308278188797123
3140,wind,2030,11,20,20,-0.024308278188797123
3141,wind,2030,11,21,21,-0.024308278188797123
3142,wind,2030,11,22,22,-0.024308278188797123
3143,wind,2030,11,23,23,-0.024308278188797123
3144,wind,2030,11,24,24,-0.024308278188797123
3145,wind,2030,12,1,1,0.0
3146,wind,2030,12,2,2,0.0
3147,wind,2030,12,3,3,0.0
3148,wind,2030,12,4,4,0.0
3149,wind,2030,12,5,5,0.0
3150,wind,2030,12,6,6,0.0
3151,wind,2030,12,7,7,0.0
3152,wind,2030,12,8,8,0.0
3153,wind,2030,12,9,9,0.0
3154,wind,2030,12,10,10,-0.003089980472048578
3155,wind,2030,12,11,11,-0.003089980472048578
3156,wind,2030,12,12,12,0.0
3157,wind,2030,12,13,13,0.0
3158,wind,2030,12,14,14,0.0
3159,wind,2030,12,15,15,0.0
3160,wind,2030,12,16,16,0.0
3161,wind,2030,12,17,17,-0.003089980472048578
3162,wind,2030,12,18,18,-0.003089980472048578
3163,wind,2030,12,19,19,-0.003089980472048578
3164,wind,2030,12,20,20,-0.07415953132916589
3165,wind,2030,12,21,21,-0.07415953132916589
3166,wind,2030,12,22,22,-0.07415953132916589
3167,wind,2030,12,23,23,-0.07415953132916589
3168,wind,2030,12,24,24,-0.003089980472048578
3169,wind,2030,13,1,1,-0.006123592432055287
3170,wind,2030,13,2,2,-0.006123592432055287
3171,wind,2030,13,3,3,-0.006123592432055287
3172,wind,2030,13,4,4,-0.006123592432055287
3173,wind,2030,13,5,5,-0.006123592432055287
3174,wind,2030,13,6,6,-0.006123592432055287
3175,wind,2030,13,7,7,-0.006123592432055287
3176,wind,2030,13,8,8,-0.006123592432055287
3177,wind,2030,13,9,9,-0.006123592432055287
3178,wind,2030,13,10,10,-0.14696621836932688
3179,wind,2030,13,11,11,-0.14696621836932688
3180,wind,2030,13,12,12,-0.14696621836932688
3181,wind,2030,13,13,13,-0.14696621836932688
3182,wind,2030,13,14,14,-0.14696621836932688
3183,wind,2030,13,15,15,-0.006123592432055287
3184,wind,2030,13,16,16,-0.14696621836932688
3185,wind,2030,13,17,17,-0.14696621836932688
3186,wind,2030,13,18,18,-0.14696621836932688
3187,wind,2030,13,19,19,-0.14696621836932688
3188,wind,2030,13,20,20,-0.14696621836932688
3189,wind,2030,13,21,21,-0.14696621836932688
3190,wind,2030,13,22,22,-0.14696621836932688
3191,wind,2030,13,23,23,-0.14696621836932688
3192,wind,2030,13,24,24,-0.14696621836932688
3193,wind,2030,14,1,1,-0.19877709244771713
3194,wind,2030,14,2,2,-0.19877709244771713
3195,wind,2030,14,3,3,-0.19877709244771713
3196,wind,2030,14,4,4,-0.19877709244771713
3197,wind,2030,14,5,5,-0.19877709244771713
3198,wind,2030,14,6,6,-0.19877709244771713
3199,wind,2030,14,7,7,-0.19877709244771713
3200,wind,2030,14,8,8,-0.19877709244771713
3201,wind,2030,14,9,9,-0.19877709244771713
3202,wind,2030,14,10,10,-0.19877709244771713
3203,wind,2030,14,11,11,-0.19877709244771713
3204,wind,2030,14,12,12,-0.19877709244771713
3205,wind,2030,14,13,13,-0.027595252177926025
3206,wind,2030,14,14,14,-0.008282378851988213
3207,wind,2030,14,15,15,-0.008282378851988213
3208,wind,2030,14,16,16,-0.008282378851988213
3209,wind,2030,14,17,17,-0.008282378851988213
3210,wind,2030,14,18,18,-0.19877709244771713
3211,wind,2030,14,19,19,-0.19877709244771713
3212,wind,2030,14,20,20,-0.19877709244771713
3213,wind,2030,14,21,21,-0.19877709244771713
3214,wind,2030,14,22,22,-0.19877709244771713
3215,wind,2030,14,23,23,-0.19877709244771713
3216,wind,2030,14,24,24,-0.19877709244771713
3217,wind,2030,15,1,1,-1.6157901760286288
3218,wind,2030,15,2,2,-1.6157901760286288
3219,wind,2030,15,3,3,-1.6157901760286288
3220,wind,2030,15,4,4,-1.6157901760286288
3221,wind,2030,15,5,5,-1.6157901760286288
3222,wind,2030,15,6,6,-1.6157901760286288
3223,wind,2030,15,7,7,-1.6157901760286288
3224,wind,2030,15,8,8,-1.6157901760286288
3225,wind,2030,15,9,9,-1.6157901760286288
3226,wind,2030,15,10,10,-1.6157901760286288
3227,wind,2030,15,11,11,-1.6157901760286288
3228,wind,2030,15,12,12,-0.06732459066785952
3229,wind,2030,15,13,13,-0.06732459066785952
3230,wind,2030,15,14,14,-0.06732459066785952
3231,wind,2030,15,15,15,-0.06732459066785952
3232,wind,2030,15,16,16,-0.06732459066785952
3233,wind,2030,15,17,17,-0.06732459066785952
3234,wind,2030,15,18,18,-1.6157901760286288
3235,wind,2030,15,19,19,-1.6157901760286288
3236,wind,2030,15,20,20,-1.6157901760286288
3237,wind,2030,15,21,21,-1.6157901760286288
3238,wind,2030,15,22,22,-1.6157901760286288
3239,wind,2030,15,23,23,-1.6157901760286288
3240,wind,2030,15,24,24,-1.6157901760286288
3241,wind,2030,16,1,1,-0.3192040582529028
3242,wind,2030,16,2,2,-0.3192040582529028
3243,wind,2030,16,3,3,-0.3192040582529028
3244,wind,2030,16,4,4,-0.3192040582529028
3245,wind,2030,16,5,5,-0.3192040582529028
3246,wind,2030,16,6,6,-0.3192040582529028
3247,wind,2030,16,7,7,-0.3192040582529028
3248,wind,2030,16,8,8,-0.3192040582529028
3249,wind,2030,16,9,9,-0.3192040582529028
3250,wind,2030,16,10,10,-0.3192040582529028
3251,wind,2030,16,11,11,-0.3192040582529028
3252,wind,2030,16,12,12,-0.3192040582529028
3253,wind,2030,16,13,13,-0.3192040582529028
3254,wind,2030,16,14,14,-0.3192040582529028
3255,wind,2030,16,15,15,-0.3192040582529028
3256,wind,2030,16,16,16,-0.3192040582529028
3257,wind,2030,16,17,17,-0.3192040582529028
3258,wind,2030,16,18,18,-0.3192040582529028
3259,wind,2030,16,19,19,-0.3192040582529028
3260,wind,2030,16,20,20,-0.3192040582529028
3261,wind,2030,16,21,21,-0.3192040582529028
3262,wind,2030,16,22,22,-0.3192040582529028
3263,wind,2030,16,23,23,-0.3192040582529028
3264,wind,2030,16,24,24,-0.3192040582529028
3265,wind,2030,17,1,1,-0.17168030525079722
3266,wind,2030,17,2,2,-0.17168030525079722
3267,wind,2030,17,3,3,-0.17168030525079722
3268,wind,2030,17,4,4,-0.17168030525079722
3269,wind,2030,17,5,5,-0.17168030525079722
3270,wind,2030,17,6,6,-0.17168030525079722
3271,wind,2030,17,7,7,-0.17168030525079722
3272,wind,2030,17,8,8,-0.17168030525079722
3273,wind,2030,17,9,9,-0.17168030525079722
3274,wind,2030,17,10,10,-0.17168030525079722
3275,wind,2030,17,11,11,-0.17168030525079722
3276,wind,2030,17,12,12,-0.17168030525079722
3277,wind,2030,17,13,13,-0.17168030525079722
3278,wind,2030,17,14,14,-0.17168030525079722
3279,wind,2030,17,15,15,-0.17168030525079722
3280,wind,2030,17,16,16,-0.17168030525079722
3281,wind,2030,17,17,17,-0.17168030525079722
3282,wind,2030,17,18,18,-0.17168030525079722
3283,wind,2030,17,19,19,-0.17168030525079722
3284,wind,2030,17,20,20,-0.17168030525079722
3285,wind,2030,17,21,21,-0.17168030525079722
3286,wind,2030,17,22,22,-0.17168030525079722
3287,wind,2030,17,23,23,-0.17168030525079722
3288,wind,2030,17,24,24,-0.17168030525079722
3289,wind,2030,18,1,1,-0.0072230177947992915
3290,wind,2030,18,2,2,-0.0072230177947992915
3291,wind,2030,18,3,3,-0.0072230177947992915
3292,wind,2030,18,4,4,-0.17335242707518303
3293,wind,2030,18,5,5,-0.17335242707518303
3294,wind,2030,18,6,6,-0.17335242707518303
3295,wind,2030,18,7,7,-0.17335242707518303
3296,wind,2030,18,8,8,-0.17335242707518303
3297,wind,2030,18,9,9,-0.17335242707518303
3298,wind,2030,18,10,10,-0.17335242707518303
3299,wind,2030,18,11,11,-0.17335242707518303
3300,wind,2030,18,12,12,-0.17335242707518303
3301,wind,2030,18,13,13,-0.17335242707518303
3302,wind,2030,18,14,14,-0.17335242707518303
3303,wind,2030,18,15,15,-0.17335242707518303
3304,wind,2030,18,16,16,-0.17335242707518303
3305,wind,2030,18,17,17,-0.17335242707518303
3306,wind,2030,18,18,18,-0.17335242707518303
3307,wind,2030,18,19,19,-0.17335242707518303
3308,wind,2030,18,20,20,-0.17335242707518303
3309,wind,2030,18,21,21,-0.17335242707518303
3310,wind,2030,18,22,22,-0.17335242707518303
3311,wind,2030,18,23,23,-0.17335242707518303
3312,wind,2030,18,24,24,-0.17335242707518303
3313,wind,2030,19,1,1,-1.3103148225994745
3314,wind,2030,19,2,2,-1.3103148225994745
3315,wind,2030,19,3,3,-1.3103148225994745
3316,wind,2030,19,4,4,-1.3103148225994745
3317,wind,2030,19,5,5,-1.3103148225994745
3318,wind,2030,19,6,6,-1.3103148225994745
3319,wind,2030,19,7,7,-1.3103148225994745
3320,wind,2030,19,8,8,-1.3103148225994745
3321,wind,2030,19,9,9,-1.3103148225994745
3322,wind,2030,19,10,10,-1.3103148225994745
3323,wind,2030,19,11,11,-1.3103148225994745
3324,wind,2030,19,12,12,-1.3103148225994745
3325,wind,2030,19,13,13,-1.3103148225994745
3326,wind,2030,19,14,14,-1.3103148225994745
3327,wind,2030,19,15,15,-1.3103148225994745
3328,wind,2030,19,16,16,-1.3103148225994745
3329,wind,2030,19,17,17,-1.3103148225994745
3330,wind,2030,19,18,18,-1.3103148225994745
3331,wind,2030,19,19,19,-1.3103148225994745
3332,wind,2030,19,20,20,-1.3103148225994745
3333,wind,2030,19,21,21,-1.3103148225994745
3334,wind,2030,19,22,22,-1.3103148225994745
3335,wind,2030,19,23,23,-1.3103148225994745
3336,wind,2030,19,24,24,-1.3103148225994745
3337,wind,2030,20,1,1,-0.006637155190159985
3338,wind,2030,20,2,2,-0.006637155190159985
3339,wind,2030,20,3,3,-0.006637155190159985
3340,wind,2030,20,4,4,-0.006637155190159985
3341,wind,2030,20,5,5,-0.006637155190159985
3342,wind,2030,20,6,6,-0.006637155190159985
3343,wind,2030,20,7,7,-0.006637155190159985
3344,wind,2030,20,8,8,0.0
3345,wind,2030,20,9,9,0.0
3346,wind,2030,20,10,10,0.0
3347,wind,2030,20,11,11,0.0
3348,wind,2030,20,12,12,0.0
3349,wind,2030,20,13,13,0.0
3350,wind,2030,20,14,14,0.0
3351,wind,2030,20,15,15,0.0
3352,wind,2030,20,16,16,0.0
3353,wind,2030,20,17,17,0.0
3354,wind,2030,20,18,18,0.0
3355,wind,2030,20,19,19,-0.006637155190159985
3356,wind,2030,20,20,20,-0.15929172456383964
3357,wind,2030,20,21,21,-0.15929172456383964
3358,wind,2030,20,22,22,-0.15929172456383964
3359,wind,2030,20,23,23,-0.15929172456383964
3360,wind,2030,20,24,24,-0.15929172456383964
3361,wind,2030,21,1,1,-0.35189449602548556
3362,wind,2030,21,2,2,-0.35189449602548556
3363,wind,2030,21,3,3,-0.35189449602548556
3364,wind,2030,21,4,4,-0.35189449602548556
3365,wind,2030,21,5,5,-0.35189449602548556
3366,wind,2030,21,6,6,-0.35189449602548556
3367,wind,2030,21,7,7,-0.35189449602548556
3368,wind,2030,21,8,8,-0.35189449602548556
3369,wind,2030,21,9,9,-0.35189449602548556
3370,wind,2030,21,10,10,-0.35189449602548556
3371,wind,2030,21,11,11,-0.35189449602548556
3372,wind,2030,21,12,12,-0.35189449602548556
3373,wind,2030,21,13,13,-0.014662270667728565
3374,wind,2030,21,14,14,-0.014662270667728565
3375,wind,2030,21,15,15,-0.014662270667728565
3376,wind,2030,21,16,16,-0.014662270667728565
3377,wind,2030,21,17,17,-0.35189449602548556
3378,wind,2030,21,18,18,-0.35189449602548556
3379,wind,2030,21,19,19,-0.35189449602548556
3380,wind,2030,21,20,20,-0.35189449602548556
3381,wind,2030,21,21,21,-0.35189449602548556
3382,wind,2030,21,22,22,-0.35189449602548556
3383,wind,2030,21,23,23,-0.014662270667728565
3384,wind,2030,21,24,24,-0.014662270667728565
3385,wind,2030,22,1,1,-0.34217478021876985
3386,wind,2030,22,2,2,-0.34217478021876985
3387,wind,2030,22,3,3,-0.34217478021876985
3388,wind,2030,22,4,4,-0.34217478021876985
3389,wind,2030,22,5,5,-0.34217478021876985
3390,wind,2030,22,6,6,-0.34217478021876985
3391,wind,2030,22,7,7,-0.34217478021876985
3392,wind,2030,22,8,8,-0.34217478021876985
3393,wind,2030,22,9,9,-0.34217478021876985
3394,wind,2030,22,10,10,-0.34217478021876985
3395,wind,2030,22,11,11,-0.34217478021876985
3396,wind,2030,22,12,12,-0.34217478021876985
3397,wind,2030,22,13,13,-0.34217478021876985
3398,wind,2030,22,14,14,-0.34217478021876985
3399,wind,2030,22,15,15,-0.34217478021876985
3400,wind,2030,22,16,16,-0.34217478021876985
3401,wind,2030,22,17,17,-0.34217478021876985
3402,wind,2030,22,18,18,-0.34217478021876985
3403,wind,2030,22,19,19,-0.34217478021876985
3404,wind,2030,22,20,20,-0.34217478021876985
3405,wind,2030,22,21,21,-0.34217478021876985
3406,wind,2030,22,22,22,-0.34217478021876985
3407,wind,2030,22,23,23,-0.34217478021876985
3408,wind,2030,22,24,24,-0.34217478021876985
3409,wind,2030,23,1,1,-0.3895737308902947
3410,wind,2030,23,2,2,-0.3895737308902947
3411,wind,2030,23,3,3,-0.3895737308902947
3412,wind,2030,23,4,4,-0.3895737308902947
3413,wind,2030,23,5,5,-0.3895737308902947
3414,wind,2030,23,6,6,-0.3895737308902947
3415,wind,2030,23,7,7,-0.3895737308902947
3416,wind,2030,23,8,8,-0.3895737308902947
3417,wind,2030,23,9,9,-0.3895737308902947
3418,wind,2030,23,10,10,-0.3895737308902947
3419,wind,2030,23,11,11,-0.3895737308902947
3420,wind,2030,23,12,12,-0.3895737308902947
3421,wind,2030,23,13,13,-0.3895737308902947
3422,wind,2030,23,14,14,-0.3895737308902947
3423,wind,2030,23,15,15,-0.3895737308902947
3424,wind,2030,23,16,16,-0.3895737308902947
3425,wind,2030,23,17,17,-0.3895737308902947
3426,wind,2030,23,18,18,-0.3895737308902947
3427,wind,2030,23,19,19,-0.3895737308902947
3428,wind,2030,23,20,20,-0.3895737308902947
3429,wind,2030,23,21,21,-0.3895737308902947
3430,wind,2030,23,22,22,-0.3895737308902947
3431,wind,2030,23,23,23,-0.3895737308902947
3432,wind,2030,23,24,24,-0.3895737308902947
3433,wind,2030,24,1,1,-0.2527978860384632
3434,wind,2030,24,2,2,-0.2527978860384632
3435,wind,2030,24,3,3,-0.2527978860384632
3436,wind,2030,24,4,4,-0.2527978860384632
3437,wind,2030,24,5,5,-0.2527978860384632
3438,wind,2030,24,6,6,-0.2527978860384632
3439,wind,2030,24,7,7,-0.2527978860384632
3440,wind,2030,24,8,8,-0.2527978860384632
3441,wind,2030,24,9,9,-0.2527978860384632
3442,wind,2030,24,10,10,-0.2527978860384632
3443,wind,2030,24,11,11,-0.2527978860384632
3444,wind,2030,24,12,12,-0.2527978860384632
3445,wind,2030,24,13,13,-0.2527978860384632
3446,wind,2030,24,14,14,-0.010533245251602633
3447,wind,2030,24,15,15,-0.010533245251602633
3448,wind,2030,24,16,16,-0.010533245251602633
3449,wind,2030,24,17,17,-0.010533245251602633
3450,wind,2030,24,18,18,-0.16008614959080708
3451,wind,2030,24,19,19,-0.2527978860384632
3452,wind,2030,24,20,20,-0.2527978860384632
3453,wind,2030,24,21,21,-0.2527978860384632
3454,wind,2030,24,22,22,-0.2527978860384632
3455,wind,2030,24,23,23,-0.2527978860384632
3456,wind,2030,24,24,24,-0.2527978860384632
3457,wind,2030,25,1,1,-0.015711556207505886
3458,wind,2030,25,2,2,-0.015711556207505886
3459,wind,2030,25,3,3,-0.015711556207505886
3460,wind,2030,25,4,4,-0.015711556207505886
3461,wind,2030,25,5,5,-0.015711556207505886
3462,wind,2030,25,6,6,-0.015711556207505886
3463,wind,2030,25,7,7,-0.3770773489801413
3464,wind,2030,25,8,8,-0.3770773489801413
3465,wind,2030,25,9,9,-0.3770773489801413
3466,wind,2030,25,10,10,-0.3770773489801413
3467,wind,2030,25,11,11,-0.3770773489801413
3468,wind,2030,25,12,12,-0.3770773489801413
3469,wind,2030,25,13,13,-0.3770773489801413
3470,wind,2030,25,14,14,-0.3770773489801413
3471,wind,2030,25,15,15,-0.3770773489801413
3472,wind,2030,25,16,16,-0.3770773489801413
3473,wind,2030,25,17,17,-0.3770773489801413
3474,wind,2030,25,18,18,-0.3770773489801413
3475,wind,2030,25,19,19,-0.3770773489801413
3476,wind,2030,25,20,20,-0.3770773489801413
3477,wind,2030,25,21,21,-0.3770773489801413
3478,wind,2030,25,22,22,-0.3770773489801413
3479,wind,2030,25,23,23,-0.3770773489801413
3480,wind,2030,25,24,24,-0.3770773489801413
3481,wind,2030,26,1,1,0.0
3482,wind,2030,26,2,2,0.0
3483,wind,2030,26,3,3,0.0
3484,wind,2030,26,4,4,0.0
3485,wind,2030,26,5,5,0.0
3486,wind,2030,26,6,6,0.0
3487,wind,2030,26,7,7,0.0
3488,wind,2030,26,8,8,0.0
3489,wind,2030,26,9,9,-0.008636167881697833
3490,wind,2030,26,10,10,-0.008636167881697833
3491,wind,2030,26,11,11,-0.008636167881697833
3492,wind,2030,26,12,12,-0.008636167881697833
3493,wind,2030,26,13,13,-0.008636167881697833
3494,wind,2030,26,14,14,-0.008636167881697833
3495,wind,2030,26,15,15,-0.008636167881697833
3496,wind,2030,26,16,16,-0.008636167881697833
3497,wind,2030,26,17,17,-0.008636167881697833
3498,wind,2030,26,18,18,-0.008636167881697833
3499,wind,2030,26,19,19,-0.008636167881697833
3500,wind,2030,26,20,20,-0.008636167881697833
3501,wind,2030,26,21,21,-0.008636167881697833
3502,wind,2030,26,22,22,-0.008636167881697833
3503,wind,2030,26,23,23,-0.008636167881697833
3504,wind,2030,26,24,24,-0.008636167881697833
3505,wind,2030,27,1,1,-1.452627304715299
3506,wind,2030,27,2,2,-1.452627304715299
3507,wind,2030,27,3,3,-1.452627304715299
3508,wind,2030,27,4,4,-1.452627304715299
3509,wind,2030,27,5,5,-1.452627304715299
3510,wind,2030,27,6,6,-1.452627304715299
3511,wind,2030,27,7,7,-1.452627304715299
3512,wind,2030,27,8,8,-1.452627304715299
3513,wind,2030,27,9,9,-1.452627304715299
3514,wind,2030,27,10,10,-1.452627304715299
3515,wind,2030,27,11,11,-1.452627304715299
3516,wind,2030,27,12,12,-1.452627304715299
3517,wind,2030,27,13,13,-1.452627304715299
3518,wind,2030,27,14,14,-1.452627304715299
3519,wind,2030,27,15,15,-1.452627304715299
3520,wind,2030,27,16,16,-1.452627304715299
3521,wind,2030,27,17,17,-1.452627304715299
3522,wind,2030,27,18,18,-1.452627304715299
3523,wind,2030,27,19,19,-1.452627304715299
3524,wind,2030,27,20,20,-2.057888681680007
3525,wind,2030,27,21,21,-1.452627304715299
3526,wind,2030,27,22,22,-1.452627304715299
3527,wind,2030,27,23,23,-1.452627304715299
3528,wind,2030,27,24,24,-1.452627304715299
3529,wind,2030,28,1,1,-0.004782343662893916
3530,wind,2030,28,2,2,-0.004782343662893916
3531,wind,2030,28,3,3,-0.004782343662893916
3532,wind,2030,28,4,4,-0.004782343662893916
3533,wind,2030,28,5,5,-0.004782343662893916
3534,wind,2030,28,6,6,-0.004782343662893916
3535,wind,2030,28,7,7,-0.004782343662893916
3536,wind,2030,28,8,8,-0.11477624790945398
3537,wind,2030,28,9,9,-0.11477624790945398
3538,wind,2030,28,10,10,-0.11477624790945398
3539,wind,2030,28,11,11,-0.004782343662893916
3540,wind,2030,28,12,12,0.0
3541,wind,2030,28,13,13,0.0
3542,wind,2030,28,14,14,0.0
3543,wind,2030,28,15,15,0.0
3544,wind,2030,28,16,16,0.0
3545,wind,2030,28,17,17,0.0
3546,wind,2030,28,18,18,-0.004782343662893916
3547,wind,2030,28,19,19,-0.004782343662893916
3548,wind,2030,28,20,20,-0.004782343662893916
3549,wind,2030,28,21,21,-0.004782343662893916
3550,wind,2030,28,22,22,-0.004782343662893916
3551,wind,2030,28,23,23,-0.004782343662893916
3552,wind,2030,28,24,24,-0.004782343662893916
3553,wind,2030,29,1,1,-0.2119795280113694
3554,wind,2030,29,2,2,-0.2119795280113694
3555,wind,2030,29,3,3,-0.2119795280113694
3556,wind,2030,29,4,4,-0.2119795280113694
3557,wind,2030,29,5,5,-0.2119795280113694
3558,wind,2030,29,6,6,-0.2119795280113694
3559,wind,2030,29,7,7,-0.2119795280113694
3560,wind,2030,29,8,8,-0.2119795280113694
3561,wind,2030,29,9,9,-0.2119795280113694
3562,wind,2030,29,10,10,-0.2119795280113694
3563,wind,2030,29,11,11,-0.2119795280113694
3564,wind,2030,29,12,12,-0.008832480333807059
3565,wind,2030,29,13,13,-0.008832480333807059
3566,wind,2030,29,14,14,-0.008832480333807059
3567,wind,2030,29,15,15,-0.008832480333807059
3568,wind,2030,29,16,16,-0.008832480333807059
3569,wind,2030,29,17,17,-0.008832480333807059
3570,wind,2030,29,18,18,-0.2119795280113694
3571,wind,2030,29,19,19,-0.2119795280113694
3572,wind,2030,29,20,20,-0.2119795280113694
3573,wind,2030,29,21,21,-0.2119795280113694
3574,wind,2030,29,22,22,-0.2119795280113694
3575,wind,2030,29,23,23,-0.2119795280113694
3576,wind,2030,29,24,24,-0.2119795280113694
3577,wind,2030,30,1,1,-0.7261915578362959
3578,wind,2030,30,2,2,-0.7261915578362959
3579,wind,2030,30,3,3,-0.7261915578362959
3580,wind,2030,30,4,4,-0.7261915578362959
3581,wind,2030,30,5,5,-0.7261915578362959
3582,wind,2030,30,6,6,-0.7261915578362959
3583,wind,2030,30,7,7,-0.7261915578362959
3584,wind,2030,30,8,8,-0.7261915578362959
3585,wind,2030,30,9,9,-0.7261915578362959
3586,wind,2030,30,10,10,-0.7261915578362959
3587,wind,2030,30,11,11,-0.7261915578362959
3588,wind,2030,30,12,12,-0.7261915578362959
3589,wind,2030,30,13,13,-0.7261915578362959
3590,wind,2030,30,14,14,-0.7261915578362959
3591,wind,2030,30,15,15,-0.7261915578362959
3592,wind,2030,30,16,16,-0.7261915578362959
3593,wind,2030,30,17,17,-0.7261915578362959
3594,wind,2030,30,18,18,-0.7261915578362959
3595,wind,2030,30,19,19,-0.7261915578362959
3596,wind,2030,30,20,20,-0.7261915578362959
3597,wind,2030,30,21,21,-0.7261915578362959
3598,wind,2030,30,22,22,-0.7261915578362959
3599,wind,2030,30,23,23,-0.7261915578362959
3600,wind,2030,30,24,24,-0.7261915578362959
3601,wind_offshore,2030,1,1,1,0.0
3602,wind_offshore,2030,1,2,2,0.0
3603,wind_offshore,2030,1,3,3,0.0
3604,wind_offshore,2030,1,4,4,0.0
3605,wind_offshore,2030,1,5,5,0.0
3606,wind_offshore,2030,1,6,6,0.0
3607,wind_offshore,2030,1,7,7,0.0
3608,wind_offshore,2030,1,8,8,0.0
3609,wind_offshore,2030,1,9,9,0.0
3610,wind_offshore,2030,1,10,10,0.0
3611,wind_offshore,2030,1,11,11,0.0
3612,wind_offshore,2030,1,12,12,0.0
3613,wind_offshore,2030,1,13,13,0.0
3614,wind_offshore,2030,1,14,14,0.0
3615,wind_offshore,2030,1,15,15,0.0
3616,wind_offshore,2030,1,16,16,0.0
3617,wind_offshore,2030,1,17,17,0.0
3618,wind_offshore,2030,1,18,18,0.0
3619,wind_offshore,2030,1,19,19,0.0
3620,wind_offshore,2030,1,20,20,0.0
3621,wind_offshore,2030,1,21,21,0.0
3622,wind_offshore,2030,1,22,22,0.0
3623,wind_offshore,2030,1,23,23,0.0
3624,wind_offshore,2030,1,24,24,0.0
3625,wind_offshore,2030,2,1,1,-4.34821510277281
3626,wind_offshore,2030,2,2,2,-4.34821510277281
3627,wind_offshore,2030,2,3,3,-4.34821510277281
3628,wind_offshore,2030,2,4,4,-4.34821510277281
3629,wind_offshore,2030,2,5,5,-4.34821510277281
3630,wind_offshore,2030,2,6,6,-4.34821510277281
3631,wind_offshore,2030,2,7,7,-4.34821510277281
3632,wind_offshore,2030,2,8,8,-4.34821510277281
3633,wind_offshore,2030,2,9,9,-4.34821510277281
3634,wind_offshore,2030,2,10,10,-4.34821510277281
3635,wind_offshore,2030,2,11,11,-4.34821510277281
3636,wind_offshore,2030,2,12,12,-4.34821510277281
3637,wind_offshore,2030,2,13,13,-4.34821510277281
3638,wind_offshore,2030,2,14,14,-4.34821510277281
3639,wind_offshore,2030,2,15,15,-4.34821510277281
3640,wind_offshore,2030,2,16,16,-4.34821510277281
3641,wind_offshore,2030,2,17,17,-4.34821510277281
3642,wind_offshore,2030,2,18,18,-4.723176321626507
3643,wind_offshore,2030,2,19,19,-6.238743408326208
3644,wind_offshore,2030,2,20,20,-6.238743408326208
3645,wind_offshore,2030,2,21,21,-4.34821510277281
3646,wind_offshore,2030,2,22,22,-4.34821510277281
3647,wind_offshore,2030,2,23,23,-4.34821510277281
3648,wind_offshore,2030,2,24,24,-4.34821510277281
3649,wind_offshore,2030,3,1,1,-0.5044220307460952
3650,wind_offshore,2030,3,2,2,-0.5044220307460952
3651,wind_offshore,2030,3,3,3,-0.5044220307460952
3652,wind_offshore,2030,3,4,4,-0.5044220307460952
3653,wind_offshore,2030,3,5,5,-0.5044220307460952
3654,wind_offshore,2030,3,6,6,-0.5044220307460952
3655,wind_offshore,2030,3,7,7,-0.5044220307460952
3656,wind_offshore,2030,3,8,8,-0.5044220307460952
3657,wind_offshore,2030,3,9,9,-0.5044220307460952
3658,wind_offshore,2030,3,10,10,-0.5044220307460952
3659,wind_offshore,2030,3,11,11,-0.5044220307460952
3660,wind_offshore,2030,3,12,12,-0.5044220307460952
3661,wind_offshore,2030,3,13,13,-0.5044220307460952
3662,wind_offshore,2030,3,14,14,-0.5044220307460952
3663,wind_offshore,2030,3,15,15,-0.5044220307460952
3664,wind_offshore,2030,3,16,16,-0.5044220307460952
3665,wind_offshore,2030,3,17,17,-0.5044220307460952
3666,wind_offshore,2030,3,18,18,-0.7237359571574409
3667,wind_offshore,2030,3,19,19,-0.7237359571574409
3668,wind_offshore,2030,3,20,20,-103.92954988937566
3669,wind_offshore,2030,3,21,21,-0.7237359571574409
3670,wind_offshore,2030,3,22,22,-0.7237359571574409
3671,wind_offshore,2030,3,23,23,-0.5044220307460952
3672,wind_offshore,2030,3,24,24,-0.5044220307460952
3673,wind_offshore,2030,4,1,1,0.0
3674,wind_offshore,2030,4,2,2,0.0
3675,wind_offshore,2030,4,3,3,0.0
3676,wind_offshore,2030,4,4,4,0.0
3677,wind_offshore,2030,4,5,5,0.0
3678,wind_offshore,2030,4,6,6,0.0
3679,wind_offshore,2030,4,7,7,0.0
3680,wind_offshore,2030,4,8,8,0.0
3681,wind_offshore,2030,4,9,9,-0.18530863838311562
3682,wind_offshore,2030,4,10,10,-0.18530863838311562
3683,wind_offshore,2030,4,11,11,-0.18530863838311562
3684,wind_offshore,2030,4,12,12,-0.18530863838311562
3685,wind_offshore,2030,4,13,13,-0.18530863838311562
3686,wind_offshore,2030,4,14,14,-0.18530863838311562
3687,wind_offshore,2030,4,15,15,-0.18530863838311562
3688,wind_offshore,2030,4,16,16,-0.18530863838311562
3689,wind_offshore,2030,4,17,17,-0.18530863838311562
3690,wind_offshore,2030,4,18,18,-0.18530863838311562
3691,wind_offshore,2030,4,19,19,-0.18530863838311562
3692,wind_offshore,2030,4,20,20,-0.18530863838311562
3693,wind_offshore,2030,4,21,21,-0.18530863838311562
3694,wind_offshore,2030,4,22,22,-0.18530863838311562
3695,wind_offshore,2030,4,23,23,-0.18530863838311562
3696,wind_offshore,2030,4,24,24,-0.18530863838311562
3697,wind_offshore,2030,5,1,1,-0.5215080173760881
3698,wind_offshore,2030,5,2,2,-0.5215080173760881
3699,wind_offshore,2030,5,3,3,-0.5215080173760881
3700,wind_offshore,2030,5,4,4,-0.5215080173760881
3701,wind_offshore,2030,5,5,5,-0.5215080173760881
3702,wind_offshore,2030,5,6,6,-0.5215080173760881
3703,wind_offshore,2030,5,7,7,-0.5215080173760881
3704,wind_offshore,2030,5,8,8,-0.5215080173760881
3705,wind_offshore,2030,5,9,9,0.0
3706,wind_offshore,2030,5,10,10,0.0
3707,wind_offshore,2030,5,11,11,0.0
3708,wind_offshore,2030,5,12,12,0.0
3709,wind_offshore,2030,5,13,13,0.0
3710,wind_offshore,2030,5,14,14,0.0
3711,wind_offshore,2030,5,15,15,0.0
3712,wind_offshore,2030,5,16,16,0.0
3713,wind_offshore,2030,5,17,17,0.0
3714,wind_offshore,2030,5,18,18,0.0
3715,wind_offshore,2030,5,19,19,0.0
3716,wind_offshore,2030,5,20,20,0.0
3717,wind_offshore,2030,5,21,21,0.0
3718,wind_offshore,2030,5,22,22,0.0
3719,wind_offshore,2030,5,23,23,0.0
3720,wind_offshore,2030,5,24,24,0.0
3721,wind_offshore,2030,6,1,1,-0.42700049450184696
3722,wind_offshore,2030,6,2,2,-0.42700049450184696
3723,wind_offshore,2030,6,3,3,-0.42700049450184696
3724,wind_offshore,2030,6,4,4,-0.42700049450184696
3725,wind_offshore,2030,6,5,5,-0.42700049450184696
3726,wind_offshore,2030,6,6,6,-0.42700049450184696
3727,wind_offshore,2030,6,7,7,-0.42700049450184696
3728,wind_offshore,2030,6,8,8,-0.42700049450184696
3729,wind_offshore,2030,6,9,9,-0.42700049450184696
3730,wind_offshore,2030,6,10,10,-0.42700049450184696
3731,wind_offshore,2030,6,11,11,-0.42700049450184696
3732,wind_offshore,2030,6,12,12,-0.42700049450184696
3733,wind_offshore,2030,6,13,13,-0.42700049450184696
3734,wind_offshore,2030,6,14,14,-0.42700049450184696
3735,wind_offshore,2030,6,15,15,-0.42700049450184696
3736,wind_offshore,2030,6,16,16,-0.42700049450184696
3737,wind_offshore,2030,6,17,17,-0.42700049450184696
3738,wind_offshore,2030,6,18,18,-0.42700049450184696
3739,wind_offshore,2030,6,19,19,-0.42700049450184696
3740,wind_offshore,2030,6,20,20,-0.42700049450184696
3741,wind_offshore,2030,6,21,21,-0.42700049450184696
3742,wind_offshore,2030,6,22,22,-0.42700049450184696
3743,wind_offshore,2030,6,23,23,-0.42700049450184696
3744,wind_offshore,2030,6,24,24,-0.42700049450184696
3745,wind_offshore,2030,7,1,1,-0.18809767459797264
3746,wind_offshore,2030,7,2,2,-0.18809767459797264
3747,wind_offshore,2030,7,3,3,-0.18809767459797264
3748,wind_offshore,2030,7,4,4,-0.18809767459797264
3749,wind_offshore,2030,7,5,5,-0.18809767459797264
3750,wind_offshore,2030,7,6,6,-0.18809767459797264
3751,wind_offshore,2030,7,7,7,-0.18809767459797264
3752,wind_offshore,2030,7,8,8,-0.18809767459797264
3753,wind_offshore,2030,7,9,9,-0.18809767459797264
3754,wind_offshore,2030,7,10,10,-0.18809767459797264
3755,wind_offshore,2030,7,11,11,-0.18809767459797264
3756,wind_offshore,2030,7,12,12,-0.18809767459797264
3757,wind_offshore,2030,7,13,13,-0.18809767459797264
3758,wind_offshore,2030,7,14,14,-0.18809767459797264
3759,wind_offshore,2030,7,15,15,-0.18809767459797264
3760,wind_offshore,2030,7,16,16,-0.18809767459797264
3761,wind_offshore,2030,7,17,17,-0.18809767459797264
3762,wind_offshore,2030,7,18,18,-0.18809767459797264
3763,wind_offshore,2030,7,19,19,-0.18809767459797264
3764,wind_offshore,2030,7,20,20,-0.18809767459797264
3765,wind_offshore,2030,7,21,21,-0.18809767459797264
3766,wind_offshore,2030,7,22,22,-0.18809767459797264
3767,wind_offshore,2030,7,23,23,-0.18809767459797264
3768,wind_offshore,2030,7,24,24,-0.18809767459797264
3769,wind_offshore,2030,8,1,1,-0.802720153717997
3770,wind_offshore,2030,8,2,2,-0.802720153717997
3771,wind_offshore,2030,8,3,3,-0.802720153717997
3772,wind_offshore,2030,8,4,4,-0.802720153717997
3773,wind_offshore,2030,8,5,5,-0.802720153717997
3774,wind_offshore,2030,8,6,6,-0.802720153717997
3775,wind_offshore,2030,8,7,7,-0.802720153717997
3776,wind_offshore,2030,8,8,8,-0.802720153717997
3777,wind_offshore,2030,8,9,9,-0.802720153717997
3778,wind_offshore,2030,8,10,10,-0.802720153717997
3779,wind_offshore,2030,8,11,11,-0.802720153717997
3780,wind_offshore,2030,8,12,12,-0.802720153717997
3781,wind_offshore,2030,8,13,13,-0.802720153717997
3782,wind_offshore,2030,8,14,14,-0.802720153717997
3783,wind_offshore,2030,8,15,15,-0.802720153717997
3784,wind_offshore,2030,8,16,16,-0.802720153717997
3785,wind_offshore,2030,8,17,17,-0.802720153717997
3786,wind_offshore,2030,8,18,18,-0.802720153717997
3787,wind_offshore,2030,8,19,19,-0.802720153717997
3788,wind_offshore,2030,8,20,20,-0.802720153717997
3789,wind_offshore,2030,8,21,21,-0.802720153717997
3790,wind_offshore,2030,8,22,22,-0.802720153717997
3791,wind_offshore,2030,8,23,23,-0.802720153717997
3792,wind_offshore,2030,8,24,24,-0.802720153717997
3793,wind_offshore,2030,9,1,1,-0.2044948609387137
3794,wind_offshore,2030,9,2,2,-0.2044948609387137
3795,wind_offshore,2030,9,3,3,-0.2044948609387137
3796,wind_offshore,2030,9,4,4,-0.2044948609387137
3797,wind_offshore,2030,9,5,5,-0.2044948609387137
3798,wind_offshore,2030,9,6,6,-0.2044948609387137
3799,wind_offshore,2030,9,7,7,-0.2044948609387137
3800,wind_offshore,2030,9,8,8,-0.2044948609387137
3801,wind_offshore,2030,9,9,9,-0.2044948609387137
3802,wind_offshore,2030,9,10,10,-0.2044948609387137
3803,wind_offshore,2030,9,11,11,-0.2044948609387137
3804,wind_offshore,2030,9,12,12,-0.2044948609387137
3805,wind_offshore,2030,9,13,13,-0.2044948609387137
3806,wind_offshore,2030,9,14,14,-0.2044948609387137
3807,wind_offshore,2030,9,15,15,-0.2044948609387137
3808,wind_offshore,2030,9,16,16,-0.2044948609387137
3809,wind_offshore,2030,9,17,17,-0.2044948609387137
3810,wind_offshore,2030,9,18,18,-0.2044948609387137
3811,wind_offshore,2030,9,19,19,-0.2044948609387137
3812,wind_offshore,2030,9,20,20,-0.2044948609387137
3813,wind_offshore,2030,9,21,21,-0.2044948609387137
3814,wind_offshore,2030,9,22,22,-0.2044948609387137
3815,wind_offshore,2030,9,23,23,-0.2044948609387137
3816,wind_offshore,2030,9,24,24,-0.2044948609387137
3817,wind_offshore,2030,10,1,1,-0.3749284089984072
3818,wind_offshore,2030,10,2,2,-0.3749284089984072
3819,wind_offshore,2030,10,3,3,-0.3749284089984072
3820,wind_offshore,2030,10,4,4,-0.3749284089984072
3821,wind_offshore,2030,10,5,5,-0.3749284089984072
3822,wind_offshore,2030,10,6,6,-0.3749284089984072
3823,wind_offshore,2030,10,7,7,-0.3749284089984072
3824,wind_offshore,2030,10,8,8,-0.3749284089984072
3825,wind_offshore,2030,10,9,9,-0.3749284089984072
3826,wind_offshore,2030,10,10,10,-0.3749284089984072
3827,wind_offshore,2030,10,11,11,-0.3749284089984072
3828,wind_offshore,2030,10,12,12,-0.3749284089984072
3829,wind_offshore,2030,10,13,13,-0.3749284089984072
3830,wind_offshore,2030,10,14,14,-0.3749284089984072
3831,wind_offshore,2030,10,15,15,-0.3749284089984072
3832,wind_offshore,2030,10,16,16,-0.3749284089984072
3833,wind_offshore,2030,10,17,17,-0.3749284089984072
3834,wind_offshore,2030,10,18,18,-0.3749284089984072
3835,wind_offshore,2030,10,19,19,-0.3749284089984072
3836,wind_offshore,2030,10,20,20,-0.3749284089984072
3837,wind_offshore,2030,10,21,21,-0.3749284089984072
3838,wind_offshore,2030,10,22,22,-0.3749284089984072
3839,wind_offshore,2030,10,23,23,-0.3749284089984072
3840,wind_offshore,2030,10,24,24,-0.3749284089984072
3841,wind_offshore,2030,11,1,1,-0.5590903983423339
3842,wind_offshore,2030,11,2,2,-0.5590903983423339
3843,wind_offshore,2030,11,3,3,-0.37045513173744543
3844,wind_offshore,2030,11,4,4,0.0
3845,wind_offshore,2030,11,5,5,0.0
3846,wind_offshore,2030,11,6,6,0.0
3847,wind_offshore,2030,11,7,7,0.0
3848,wind_offshore,2030,11,8,8,-0.5590903983423339
3849,wind_offshore,2030,11,9,9,-0.5590903983423339
3850,wind_offshore,2030,11,10,10,-0.5590903983423339
3851,wind_offshore,2030,11,11,11,-0.5590903983423339
3852,wind_offshore,2030,11,12,12,-0.5590903983423339
3853,wind_offshore,2030,11,13,13,-0.5590903983423339
3854,wind_offshore,2030,11,14,14,0.0
3855,wind_offshore,2030,11,15,15,0.0
3856,wind_offshore,2030,11,16,16,0.0
3857,wind_offshore,2030,11,17,17,0.0
3858,wind_offshore,2030,11,18,18,0.0
3859,wind_offshore,2030,11,19,19,0.0
3860,wind_offshore,2030,11,20,20,0.0
3861,wind_offshore,2030,11,21,21,0.0
3862,wind_offshore,2030,11,22,22,0.0
3863,wind_offshore,2030,11,23,23,0.0
3864,wind_offshore,2030,11,24,24,0.0
3865,wind_offshore,2030,12,1,1,0.0
3866,wind_offshore,2030,12,2,2,0.0
3867,wind_offshore,2030,12,3,3,0.0
3868,wind_offshore,2030,12,4,4,0.0
3869,wind_offshore,2030,12,5,5,0.0
3870,wind_offshore,2030,12,6,6,0.0
3871,wind_offshore,2030,12,7,7,0.0
3872,wind_offshore,2030,12,8,8,0.0
3873,wind_offshore,2030,12,9,9,0.0
3874,wind_offshore,2030,12,10,10,0.0
3875,wind_offshore,2030,12,11,11,0.0
3876,wind_offshore,2030,12,12,12,0.0
3877,wind_offshore,2030,12,13,13,0.0
3878,wind_offshore,2030,12,14,14,0.0
3879,wind_offshore,2030,12,15,15,0.0
3880,wind_offshore,2030,12,16,16,0.0
3881,wind_offshore,2030,12,17,17,0.0
3882,wind_offshore,2030,12,18,18,0.0
3883,wind_offshore,2030,12,19,19,0.0
3884,wind_offshore,2030,12,20,20,-0.0710695508571173
3885,wind_offshore,2030,12,21,21,-0.0710695508571173
3886,wind_offshore,2030,12,22,22,-0.0710695508571173
3887,wind_offshore,2030,12,23,23,-0.0710695508571173
3888,wind_offshore,2030,12,24,24,0.0
3889,wind_offshore,2030,13,1,1,0.0
3890,wind_offshore,2030,13,2,2,0.0
3891,wind_offshore,2030,13,3,3,0.0
3892,wind_offshore,2030,13,4,4,0.0
3893,wind_offshore,2030,13,5,5,0.0
3894,wind_offshore,2030,13,6,6,0.0
3895,wind_offshore,2030,13,7,7,0.0
3896,wind_offshore,2030,13,8,8,0.0
3897,wind_offshore,2030,13,9,9,0.0
3898,wind_offshore,2030,13,10,10,-0.1408426259372716
3899,wind_offshore,2030,13,11,11,-0.1408426259372716
3900,wind_offshore,2030,13,12,12,-0.1408426259372716
3901,wind_offshore,2030,13,13,13,-0.1408426259372716
3902,wind_offshore,2030,13,14,14,-0.1408426259372716
3903,wind_offshore,2030,13,15,15,0.0
3904,wind_offshore,2030,13,16,16,-0.1408426259372716
3905,wind_offshore,2030,13,17,17,-0.1408426259372716
3906,wind_offshore,2030,13,18,18,-0.1408426259372716
3907,wind_offshore,2030,13,19,19,-0.1408426259372716
3908,wind_offshore,2030,13,20,20,-0.1408426259372716
3909,wind_offshore,2030,13,21,21,-0.1408426259372716
3910,wind_offshore,2030,13,22,22,-0.1408426259372716
3911,wind_offshore,2030,13,23,23,-0.1408426259372716
3912,wind_offshore,2030,13,24,24,-0.1408426259372716
3913,wind_offshore,2030,14,1,1,-0.19049471359572892
3914,wind_offshore,2030,14,2,2,-0.19049471359572892
3915,wind_offshore,2030,14,3,3,-0.19049471359572892
3916,wind_offshore,2030,14,4,4,-0.19049471359572892
3917,wind_offshore,2030,14,5,5,-0.19049471359572892
3918,wind_offshore,2030,14,6,6,-0.19049471359572892
3919,wind_offshore,2030,14,7,7,-0.19049471359572892
3920,wind_offshore,2030,14,8,8,-0.19049471359572892
3921,wind_offshore,2030,14,9,9,-0.19049471359572892
3922,wind_offshore,2030,14,10,10,-0.19049471359572892
3923,wind_offshore,2030,14,11,11,-0.19049471359572892
3924,wind_offshore,2030,14,12,12,-0.19049471359572892
3925,wind_offshore,2030,14,13,13,-0.019312873325937813
3926,wind_offshore,2030,14,14,14,0.0
3927,wind_offshore,2030,14,15,15,0.0
3928,wind_offshore,2030,14,16,16,0.0
3929,wind_offshore,2030,14,17,17,0.0
3930,wind_offshore,2030,14,18,18,-0.19049471359572892
3931,wind_offshore,2030,14,19,19,-0.19049471359572892
3932,wind_offshore,2030,14,20,20,-0.19049471359572892
3933,wind_offshore,2030,14,21,21,-0.19049471359572892
3934,wind_offshore,2030,14,22,22,-0.19049471359572892
3935,wind_offshore,2030,14,23,23,-0.19049471359572892
3936,wind_offshore,2030,14,24,24,-0.19049471359572892
3937,wind_offshore,2030,15,1,1,-1.5484655853607692
3938,wind_offshore,2030,15,2,2,-1.5484655853607692
3939,wind_offshore,2030,15,3,3,-1.5484655853607692
3940,wind_offshore,2030,15,4,4,-1.5484655853607692
3941,wind_offshore,2030,15,5,5,-1.5484655853607692
3942,wind_offshore,2030,15,6,6,-1.5484655853607692
3943,wind_offshore,2030,15,7,7,-1.5484655853607692
3944,wind_offshore,2030,15,8,8,-1.5484655853607692
3945,wind_offshore,2030,15,9,9,-1.5484655853607692
3946,wind_offshore,2030,15,10,10,-1.5484655853607692
3947,wind_offshore,2030,15,11,11,-1.5484655853607692
3948,wind_offshore,2030,15,12,12,0.0
3949,wind_offshore,2030,15,13,13,0.0
3950,wind_offshore,2030,15,14,14,0.0
3951,wind_offshore,2030,15,15,15,0.0
3952,wind_offshore,2030,15,16,16,0.0
3953,wind_offshore,2030,15,17,17,0.0
3954,wind_offshore,2030,15,18,18,-1.5484655853607692
3955,wind_offshore,2030,15,19,19,-1.5484655853607692
3956,wind_offshore,2030,15,20,20,-1.5484655853607692
3957,wind_offshore,2030,15,21,21,-1.5484655853607692
3958,wind_offshore,2030,15,22,22,-1.5484655853607692
3959,wind_offshore,2030,15,23,23,-1.5484655853607692
3960,wind_offshore,2030,15,24,24,-1.5484655853607692
3961,wind_offshore,2030,16,1,1,-0.3059038891590319
3962,wind_offshore,2030,16,2,2,-0.3059038891590319
3963,wind_offshore,2030,16,3,3,-0.3059038891590319
3964,wind_offshore,2030,16,4,4,-0.3059038891590319
3965,wind_offshore,2030,16,5,5,-0.3059038891590319
3966,wind_offshore,2030,16,6,6,-0.3059038891590319
3967,wind_offshore,2030,16,7,7,-0.3059038891590319
3968,wind_offshore,2030,16,8,8,-0.3059038891590319
3969,wind_offshore,2030,16,9,9,-0.3059038891590319
3970,wind_offshore,2030,16,10,10,-0.3059038891590319
3971,wind_offshore,2030,16,11,11,-0.3059038891590319
3972,wind_offshore,2030,16,12,12,-0.3059038891590319
3973,wind_offshore,2030,16,13,13,-0.3059038891590319
3974,wind_offshore,2030,16,14,14,-0.3059038891590319
3975,wind_offshore,2030,16,15,15,-0.3059038891590319
3976,wind_offshore,2030,16,16,16,-0.3059038891590319
3977,wind_offshore,2030,16,17,17,-0.3059038891590319
3978,wind_offshore,2030,16,18,18,-0.3059038891590319
3979,wind_offshore,2030,16,19,19,-0.3059038891590319
3980,wind_offshore,2030,16,20,20,-0.3059038891590319
3981,wind_offshore,2030,16,21,21,-0.3059038891590319
3982,wind_offshore,2030,16,22,22,-0.3059038891590319
3983,wind_offshore,2030,16,23,23,-0.3059038891590319
3984,wind_offshore,2030,16,24,24,-0.3059038891590319
3985,wind_offshore,2030,17,1,1,-0.16452695919868066
3986,wind_offshore,2030,17,2,2,-0.16452695919868066
3987,wind_offshore,2030,17,3,3,-0.16452695919868066
3988,wind_offshore,2030,17,4,4,-0.16452695919868066
3989,wind_offshore,2030,17,5,5,-0.16452695919868066
3990,wind_offshore,2030,17,6,6,-0.16452695919868066
3991,wind_offshore,2030,17,7,7,-0.16452695919868066
3992,wind_offshore,2030,17,8,8,-0.16452695919868066
3993,wind_offshore,2030,17,9,9,-0.16452695919868066
3994,wind_offshore,2030,17,10,10,-0.16452695919868066
3995,wind_offshore,2030,17,11,11,-0.16452695919868066
3996,wind_offshore,2030,17,12,12,-0.16452695919868066
3997,wind_offshore,2030,17,13,13,-0.16452695919868066
3998,wind_offshore,2030,17,14,14,-0.16452695919868066
3999,wind_offshore,2030,17,15,15,-0.16452695919868066
4000,wind_offshore,2030,17,16,16,-0.16452695919868066
4001,wind_offshore,2030,17,17,17,-0.16452695919868066
4002,wind_offshore,2030,17,18,18,-0.16452695919868066
4003,wind_offshore,2030,17,19,19,-0.16452695919868066
4004,wind_offshore,2030,17,20,20,-0.16452695919868066
4005,wind_offshore,2030,17,21,21,-0.16452695919868066
4006,wind_offshore,2030,17,22,22,-0.16452695919868066
4007,wind_offshore,2030,17,23,23,-0.16452695919868066
4008,wind_offshore,2030,17,24,24,-0.16452695919868066
4009,wind_offshore,2030,18,1,1,0.0
4010,wind_offshore,2030,18,2,2,0.0
4011,wind_offshore,2030,18,3,3,0.0
4012,wind_offshore,2030,18,4,4,-0.16612940928038372
4013,wind_offshore,2030,18,5,5,-0.16612940928038372
4014,wind_offshore,2030,18,6,6,-0.16612940928038372
4015,wind_offshore,2030,18,7,7,-0.16612940928038372
4016,wind_offshore,2030,18,8,8,-0.16612940928038372
4017,wind_offshore,2030,18,9,9,-0.16612940928038372
4018,wind_offshore,2030,18,10,10,-0.16612940928038372
4019,wind_offshore,2030,18,11,11,-0.16612940928038372
4020,wind_offshore,2030,18,12,12,-0.16612940928038372
4021,wind_offshore,2030,18,13,13,-0.16612940928038372
4022,wind_offshore,2030,18,14,14,-0.16612940928038372
4023,wind_offshore,2030,18,15,15,-0.16612940928038372
4024,wind_offshore,2030,18,16,16,-0.16612940928038372
4025,wind_offshore,2030,18,17,17,-0.16612940928038372
4026,wind_offshore,2030,18,18,18,-0.16612940928038372
4027,wind_offshore,2030,18,19,19,-0.16612940928038372
4028,wind_offshore,2030,18,20,20,-0.16612940928038372
4029,wind_offshore,2030,18,21,21,-0.16612940928038372
4030,wind_offshore,2030,18,22,22,-0.16612940928038372
4031,wind_offshore,2030,18,23,23,-0.16612940928038372
4032,wind_offshore,2030,18,24,24,-0.16612940928038372
4033,wind_offshore,2030,19,1,1,-1.2557183716578297
4034,wind_offshore,2030,19,2,2,-1.2557183716578297
4035,wind_offshore,2030,19,3,3,-1.2557183716578297
4036,wind_offshore,2030,19,4,4,-1.2557183716578297
4037,wind_offshore,2030,19,5,5,-1.2557183716578297
4038,wind_offshore,2030,19,6,6,-1.2557183716578297
4039,wind_offshore,2030,19,7,7,-1.2557183716578297
4040,wind_offshore,2030,19,8,8,-1.2557183716578297
4041,wind_offshore,2030,19,9,9,-1.2557183716578297
4042,wind_offshore,2030,19,10,10,-1.2557183716578297
4043,wind_offshore,2030,19,11,11,-1.2557183716578297
4044,wind_offshore,2030,19,12,12,-1.2557183716578297
4045,wind_offshore,2030,19,13,13,-1.2557183716578297
4046,wind_offshore,2030,19,14,14,-1.2557183716578297
4047,wind_offshore,2030,19,15,15,-1.2557183716578297
4048,wind_offshore,2030,19,16,16,-1.2557183716578297
4049,wind_offshore,2030,19,17,17,-1.2557183716578297
4050,wind_offshore,2030,19,18,18,-1.2557183716578297
4051,wind_offshore,2030,19,19,19,-1.2557183716578297
4052,wind_offshore,2030,19,20,20,-1.2557183716578297
4053,wind_offshore,2030,19,21,21,-1.2557183716578297
4054,wind_offshore,2030,19,22,22,-1.2557183716578297
4055,wind_offshore,2030,19,23,23,-1.2557183716578297
4056,wind_offshore,2030,19,24,24,-1.2557183716578297
4057,wind_offshore,2030,20,1,1,0.0
4058,wind_offshore,2030,20,2,2,0.0
4059,wind_offshore,2030,20,3,3,0.0
4060,wind_offshore,2030,20,4,4,0.0
4061,wind_offshore,2030,20,5,5,0.0
4062,wind_offshore,2030,20,6,6,0.0
4063,wind_offshore,2030,20,7,7,0.0
4064,wind_offshore,2030,20,8,8,0.0
4065,wind_offshore,2030,20,9,9,0.0
4066,wind_offshore,2030,20,10,10,0.0
4067,wind_offshore,2030,20,11,11,0.0
4068,wind_offshore,2030,20,12,12,0.0
4069,wind_offshore,2030,20,13,13,0.0
4070,wind_offshore,2030,20,14,14,0.0
4071,wind_offshore,2030,20,15,15,0.0
4072,wind_offshore,2030,20,16,16,0.0
4073,wind_offshore,2030,20,17,17,0.0
4074,wind_offshore,2030,20,18,18,0.0
4075,wind_offshore,2030,20,19,19,0.0
4076,wind_offshore,2030,20,20,20,-0.15265456937367963
4077,wind_offshore,2030,20,21,21,-0.15265456937367963
4078,wind_offshore,2030,20,22,22,-0.15265456937367963
4079,wind_offshore,2030,20,23,23,-0.15265456937367963
4080,wind_offshore,2030,20,24,24,-0.15265456937367963
4081,wind_offshore,2030,21,1,1,-0.337232225357757
4082,wind_offshore,2030,21,2,2,-0.337232225357757
4083,wind_offshore,2030,21,3,3,-0.337232225357757
4084,wind_offshore,2030,21,4,4,-0.337232225357757
4085,wind_offshore,2030,21,5,5,-0.337232225357757
4086,wind_offshore,2030,21,6,6,-0.337232225357757
4087,wind_offshore,2030,21,7,7,-0.337232225357757
4088,wind_offshore,2030,21,8,8,-0.337232225357757
4089,wind_offshore,2030,21,9,9,-0.337232225357757
4090,wind_offshore,2030,21,10,10,-0.337232225357757
4091,wind_offshore,2030,21,11,11,-0.337232225357757
4092,wind_offshore,2030,21,12,12,-0.337232225357757
4093,wind_offshore,2030,21,13,13,0.0
4094,wind_offshore,2030,21,14,14,0.0
4095,wind_offshore,2030,21,15,15,0.0
4096,wind_offshore,2030,21,16,16,0.0
4097,wind_offshore,2030,21,17,17,-0.337232225357757
4098,wind_offshore,2030,21,18,18,-0.337232225357757
4099,wind_offshore,2030,21,19,19,-0.337232225357757
4100,wind_offshore,2030,21,20,20,-0.337232225357757
4101,wind_offshore,2030,21,21,21,-0.337232225357757
4102,wind_offshore,2030,21,22,22,-0.337232225357757
4103,wind_offshore,2030,21,23,23,0.0
4104,wind_offshore,2030,21,24,24,0.0
4105,wind_offshore,2030,22,1,1,-0.32791749770965445
4106,wind_offshore,2030,22,2,2,-0.32791749770965445
4107,wind_offshore,2030,22,3,3,-0.32791749770965445
4108,wind_offshore,2030,22,4,4,-0.32791749770965445
4109,wind_offshore,2030,22,5,5,-0.32791749770965445
4110,wind_offshore,2030,22,6,6,-0.32791749770965445
4111,wind_offshore,2030,22,7,7,-0.32791749770965445
4112,wind_offshore,2030,22,8,8,-0.32791749770965445
4113,wind_offshore,2030,22,9,9,-0.32791749770965445
4114,wind_offshore,2030,22,10,10,-0.32791749770965445
4115,wind_offshore,2030,22,11,11,-0.32791749770965445
4116,wind_offshore,2030,22,12,12,-0.32791749770965445
4117,wind_offshore,2030,22,13,13,-0.32791749770965445
4118,wind_offshore,2030,22,14,14,-0.32791749770965445
4119,wind_offshore,2030,22,15,15,-0.32791749770965445
4120,wind_offshore,2030,22,16,16,-0.32791749770965445
4121,wind_offshore,2030,22,17,17,-0.32791749770965445
4122,wind_offshore,2030,22,18,18,-0.32791749770965445
4123,wind_offshore,2030,22,19,19,-0.32791749770965445
4124,wind_offshore,2030,22,20,20,-0.32791749770965445
4125,wind_offshore,2030,22,21,21,-0.32791749770965445
4126,wind_offshore,2030,22,22,22,-0.32791749770965445
4127,wind_offshore,2030,22,23,23,-0.32791749770965445
4128,wind_offshore,2030,22,24,24,-0.32791749770965445
4129,wind_offshore,2030,23,1,1,-0.37334149210319906
4130,wind_offshore,2030,23,2,2,-0.37334149210319906
4131,wind_offshore,2030,23,3,3,-0.37334149210319906
4132,wind_offshore,2030,23,4,4,-0.37334149210319906
4133,wind_offshore,2030,23,5,5,-0.37334149210319906
4134,wind_offshore,2030,23,6,6,-0.37334149210319906
4135,wind_offshore,2030,23,7,7,-0.37334149210319906
4136,wind_offshore,2030,23,8,8,-0.37334149210319906
4137,wind_offshore,2030,23,9,9,-0.37334149210319906
4138,wind_offshore,2030,23,10,10,-0.37334149210319906
4139,wind_offshore,2030,23,11,11,-0.37334149210319906
4140,wind_offshore,2030,23,12,12,-0.37334149210319906
4141,wind_offshore,2030,23,13,13,-0.37334149210319906
4142,wind_offshore,2030,23,14,14,-0.37334149210319906
4143,wind_offshore,2030,23,15,15,-0.37334149210319906
4144,wind_offshore,2030,23,16,16,-0.37334149210319906
4145,wind_offshore,2030,23,17,17,-0.37334149210319906
4146,wind_offshore,2030,23,18,18,-0.37334149210319906
4147,wind_offshore,2030,23,19,19,-0.37334149210319906
4148,wind_offshore,2030,23,20,20,-0.37334149210319906
4149,wind_offshore,2030,23,21,21,-0.37334149210319906
4150,wind_offshore,2030,23,22,22,-0.37334149210319906
4151,wind_offshore,2030,23,23,23,-0.37334149210319906
4152,wind_offshore,2030,23,24,24,-0.37334149210319906
4153,wind_offshore,2030,24,1,1,-0.24226464078686058
4154,wind_offshore,2030,24,2,2,-0.24226464078686058
4155,wind_offshore,2030,24,3,3,-0.24226464078686058
4156,wind_offshore,2030,24,4,4,-0.24226464078686058
4157,wind_offshore,2030,24,5,5,-0.24226464078686058
4158,wind_offshore,2030,24,6,6,-0.24226464078686058
4159,wind_offshore,2030,24,7,7,-0.24226464078686058
4160,wind_offshore,2030,24,8,8,-0.24226464078686058
4161,wind_offshore,2030,24,9,9,-0.24226464078686058
4162,wind_offshore,2030,24,10,10,-0.24226464078686058
4163,wind_offshore,2030,24,11,11,-0.24226464078686058
4164,wind_offshore,2030,24,12,12,-0.24226464078686058
4165,wind_offshore,2030,24,13,13,-0.24226464078686058
4166,wind_offshore,2030,24,14,14,0.0
4167,wind_offshore,2030,24,15,15,0.0
4168,wind_offshore,2030,24,16,16,0.0
4169,wind_offshore,2030,24,17,17,0.0
4170,wind_offshore,2030,24,18,18,-0.14955290433920446
4171,wind_offshore,2030,24,19,19,-0.24226464078686058
4172,wind_offshore,2030,24,20,20,-0.24226464078686058
4173,wind_offshore,2030,24,21,21,-0.24226464078686058
4174,wind_offshore,2030,24,22,22,-0.24226464078686058
4175,wind_offshore,2030,24,23,23,-0.24226464078686058
4176,wind_offshore,2030,24,24,24,-0.24226464078686058
4177,wind_offshore,2030,25,1,1,0.0
4178,wind_offshore,2030,25,2,2,0.0
4179,wind_offshore,2030,25,3,3,0.0
4180,wind_offshore,2030,25,4,4,0.0
4181,wind_offshore,2030,25,5,5,0.0
4182,wind_offshore,2030,25,6,6,0.0
4183,wind_offshore,2030,25,7,7,-0.36136579277263536
4184,wind_offshore,2030,25,8,8,-0.36136579277263536
4185,wind_offshore,2030,25,9,9,-0.36136579277263536
4186,wind_offshore,2030,25,10,10,-0.36136579277263536
4187,wind_offshore,2030,25,11,11,-0.36136579277263536
4188,wind_offshore,2030,25,12,12,-0.36136579277263536
4189,wind_offshore,2030,25,13,13,-0.36136579277263536
4190,wind_offshore,2030,25,14,14,-0.36136579277263536
4191,wind_offshore,2030,25,15,15,-0.36136579277263536
4192,wind_offshore,2030,25,16,16,-0.36136579277263536
4193,wind_offshore,2030,25,17,17,-0.36136579277263536
4194,wind_offshore,2030,25,18,18,-0.36136579277263536
4195,wind_offshore,2030,25,19,19,-0.36136579277263536
4196,wind_offshore,2030,25,20,20,-0.36136579277263536
4197,wind_offshore,2030,25,21,21,-0.36136579277263536
4198,wind_offshore,2030,25,22,22,-0.36136579277263536
4199,wind_offshore,2030,25,23,23,-0.36136579277263536
4200,wind_offshore,2030,25,24,24,-0.36136579277263536
4201,wind_offshore,2030,26,1,1,0.0
4202,wind_offshore,2030,26,2,2,0.0
4203,wind_offshore,2030,26,3,3,0.0
4204,wind_offshore,2030,26,4,4,0.0
4205,wind_offshore,2030,26,5,5,0.0
4206,wind_offshore,2030,26,6,6,0.0
4207,wind_offshore,2030,26,7,7,0.0
4208,wind_offshore,2030,26,8,8,0.0
4209,wind_offshore,2030,26,9,9,0.0
4210,wind_offshore,2030,26,10,10,0.0
4211,wind_offshore,2030,26,11,11,0.0
4212,wind_offshore,2030,26,12,12,0.0
4213,wind_offshore,2030,26,13,13,0.0
4214,wind_offshore,2030,26,14,14,0.0
4215,wind_offshore,2030,26,15,15,0.0
4216,wind_offshore,2030,26,16,16,0.0
4217,wind_offshore,2030,26,17,17,0.0
4218,wind_offshore,2030,26,18,18,0.0
4219,wind_offshore,2030,26,19,19,0.0
4220,wind_offshore,2030,26,20,20,0.0
4221,wind_offshore,2030,26,21,21,0.0
4222,wind_offshore,2030,26,22,22,0.0
4223,wind_offshore,2030,26,23,23,0.0
4224,wind_offshore,2030,26,24,24,0.0
4225,wind_offshore,2030,27,1,1,-1.3921011670188284
4226,wind_offshore,2030,27,2,2,-1.3921011670188284
4227,wind_offshore,2030,27,3,3,-1.3921011670188284
4228,wind_offshore,2030,27,4,4,-1.3921011670188284
4229,wind_offshore,2030,27,5,5,-1.3921011670188284
4230,wind_offshore,2030,27,6,6,-1.3921011670188284
4231,wind_offshore,2030,27,7,7,-1.3921011670188284
4232,wind_offshore,2030,27,8,8,-1.3921011670188284
4233,wind_offshore,2030,27,9,9,-1.3921011670188284
4234,wind_offshore,2030,27,10,10,-1.3921011670188284
4235,wind_offshore,2030,27,11,11,-1.3921011670188284
4236,wind_offshore,2030,27,12,12,-1.3921011670188284
4237,wind_offshore,2030,27,13,13,-1.3921011670188284
4238,wind_offshore,2030,27,14,14,-1.3921011670188284
4239,wind_offshore,2030,27,15,15,-1.3921011670188284
4240,wind_offshore,2030,27,16,16,-1.3921011670188284
4241,wind_offshore,2030,27,17,17,-1.3921011670188284
4242,wind_offshore,2030,27,18,18,-1.3921011670188284
4243,wind_offshore,2030,27,19,19,-1.3921011670188284
4244,wind_offshore,2030,27,20,20,-1.9973625439835363
4245,wind_offshore,2030,27,21,21,-1.3921011670188284
4246,wind_offshore,2030,27,22,22,-1.3921011670188284
4247,wind_offshore,2030,27,23,23,-1.3921011670188284
4248,wind_offshore,2030,27,24,24,-1.3921011670188284
4249,wind_offshore,2030,28,1,1,0.0
4250,wind_offshore,2030,28,2,2,0.0
4251,wind_offshore,2030,28,3,3,0.0
4252,wind_offshore,2030,28,4,4,0.0
4253,wind_offshore,2030,28,5,5,0.0
4254,wind_offshore,2030,28,6,6,0.0
4255,wind_offshore,2030,28,7,7,0.0
4256,wind_offshore,2030,28,8,8,-0.10999390424656007
4257,wind_offshore,2030,28,9,9,-0.10999390424656007
4258,wind_offshore,2030,28,10,10,-0.10999390424656007
4259,wind_offshore,2030,28,11,11,0.0
4260,wind_offshore,2030,28,12,12,0.0
4261,wind_offshore,2030,28,13,13,0.0
4262,wind_offshore,2030,28,14,14,0.0
4263,wind_offshore,2030,28,15,15,0.0
4264,wind_offshore,2030,28,16,16,0.0
4265,wind_offshore,2030,28,17,17,0.0
4266,wind_offshore,2030,28,18,18,0.0
4267,wind_offshore,2030,28,19,19,0.0
4268,wind_offshore,2030,28,20,20,0.0
4269,wind_offshore,2030,28,21,21,0.0
4270,wind_offshore,2030,28,22,22,0.0
4271,wind_offshore,2030,28,23,23,0.0
4272,wind_offshore,2030,28,24,24,0.0
4273,wind_offshore,2030,29,1,1,-0.20314704767756236
4274,wind_offshore,2030,29,2,2,-0.20314704767756236
4275,wind_offshore,2030,29,3,3,-0.20314704767756236
4276,wind_offshore,2030,29,4,4,-0.20314704767756236
4277,wind_offshore,2030,29,5,5,-0.20314704767756236
4278,wind_offshore,2030,29,6,6,-0.20314704767756236
4279,wind_offshore,2030,29,7,7,-0.20314704767756236
4280,wind_offshore,2030,29,8,8,-0.20314704767756236
4281,wind_offshore,2030,29,9,9,-0.20314704767756236
4282,wind_offshore,2030,29,10,10,-0.20314704767756236
4283,wind_offshore,2030,29,11,11,-0.20314704767756236
4284,wind_offshore,2030,29,12,12,0.0
4285,wind_offshore,2030,29,13,13,0.0
4286,wind_offshore,2030,29,14,14,0.0
4287,wind_offshore,2030,29,15,15,0.0
4288,wind_offshore,2030,29,16,16,0.0
4289,wind_offshore,2030,29,17,17,0.0
4290,wind_offshore,2030,29,18,18,-0.20314704767756236
4291,wind_offshore,2030,29,19,19,-0.20314704767756236
4292,wind_offshore,2030,29,20,20,-0.20314704767756236
4293,wind_offshore,2030,29,21,21,-0.20314704767756236
4294,wind_offshore,2030,29,22,22,-0.20314704767756236
4295,wind_offshore,2030,29,23,23,-0.20314704767756236
4296,wind_offshore,2030,29,24,24,-0.20314704767756236
4297,wind_offshore,2030,30,1,1,-0.6959335762597835
4298,wind_offshore,2030,30,2,2,-0.6959335762597835
4299,wind_offshore,2030,30,3,3,-0.6959335762597835
4300,wind_offshore,2030,30,4,4,-0.6959335762597835
4301,wind_offshore,2030,30,5,5,-0.6959335762597835
4302,wind_offshore,2030,30,6,6,-0.6959335762597835
4303,wind_offshore,2030,30,7,7,-0.6959335762597835
4304,wind_offshore,2030,30,8,8,-0.6959335762597835
4305,wind_offshore,2030,30,9,9,-0.6959335762597835
4306,wind_offshore,2030,30,10,10,-0.6959335762597835
4307,wind_offshore,2030,30,11,11,-0.6959335762597835
4308,wind_offshore,2030,30,12,12,-0.6959335762597835
4309,wind_offshore,2030,30,13,13,-0.6959335762597835
4310,wind_offshore,2030,30,14,14,-0.6959335762597835
4311,wind_offshore,2030,30,15,15,-0.6959335762597835
4312,wind_offshore,2030,30,16,16,-0.6959335762597835
4313,wind_offshore,2030,30,17,17,-0.6959335762597835
4314,wind_offshore,2030,30,18,18,-0.6959335762597835
4315,wind_offshore,2030,30,19,19,-0.6959335762597835
4316,wind_offshore,2030,30,20,20,-0.6959335762597835
4317,wind_offshore,2030,30,21,21,-0.6959335762597835
4318,wind_offshore,2030,30,22,22,-0.6959335762597835
4319,wind_offshore,2030,30,23,23,-0.6959335762597835
4320,wind_offshore,2030,30,24,24,-0.6959335762597835
