year,period,rep_period,weight,scenario
2030,1,27,0.01794149991636448,0
2030,1,28,0.015402634255094227,0
2030,1,36,0.012758390843525206,0
2030,1,46,0.03539202793440922,0
2030,1,47,0.022070392823340355,0
2030,1,60,0.01625564042799563,0
2030,1,64,0.011709123332036178,0
2030,1,65,0.015879179788118036,0
2030,1,75,0.04778511654615944,0
2030,1,116,0.6875264766538934,0
2030,1,139,0.011762141515977473,0
2030,1,156,0.011025894922025957,0
2030,1,171,0.015284919873302934,0
2030,2,6,0.12628497314073703,0
2030,2,8,0.0170738441816716,0
2030,2,23,0.061379858489048006,0
2030,2,43,0.024323940089304812,0
2030,2,47,0.021339186485523014,0
2030,2,82,0.01591713086975919,0
2030,2,91,0.5148827508342185,0
2030,2,92,0.1353281308747592,0
2030,2,98,0.03318687490968988,0
2030,3,6,0.06446799704089226,0
2030,3,23,0.10830599423974188,0
2030,3,47,0.013403162355317777,0
2030,3,74,0.5293745103359327,0
2030,3,92,0.09528852931398207,0
2030,3,175,0.09979339394527889,0
2030,4,6,0.02361216133591657,0
2030,4,20,0.0818519728408936,0
2030,4,47,0.1374165765542195,0
2030,4,54,0.21255214745215845,0
2030,4,73,0.03770034274578889,0
2030,4,74,0.15492017225626567,0
2030,4,92,0.12323848713643766,0
2030,4,97,0.04598285563611228,0
2030,4,116,0.09154506278424566,0
2030,4,135,0.03654039641356216,0
2030,5,6,0.08692906430648045,0
2030,5,23,0.04598081491559095,0
2030,5,29,0.04360139197159091,0
2030,5,30,0.02897303641666584,0
2030,5,40,0.019813222122333947,0
2030,5,52,0.04853589430085424,0
2030,5,53,0.03422799410096323,0
2030,5,73,0.07183543757974348,0
2030,5,92,0.036515600286589046,0
2030,5,105,0.0265267009179519,0
2030,5,133,0.017510035328797892,0
2030,5,134,0.17015200290287072,0
2030,5,171,0.35257713217627135,0
2030,5,175,0.012324461220080121,0
2030,6,5,0.013439037613680975,0
2030,6,18,0.4783678398377475,0
2030,6,46,0.07995651640629883,0
2030,6,47,0.11219078704277664,0
2030,6,59,0.028230843656316174,0
2030,6,107,0.11866602032898599,0
2030,6,135,0.013994579704395162,0
2030,6,156,0.1429496901456126,0
2030,6,171,0.010422265407022896,0
2030,7,91,1.0,0
2030,8,6,0.020067243946773693,0
2030,8,23,0.04791204219466893,0
2030,8,91,0.0160237869989144,0
2030,8,92,0.1318060565152762,0
2030,8,95,0.5675329708619312,0
2030,8,116,0.011708614217876646,0
2030,8,175,0.20378344256648168,0
2030,9,8,0.025771393188539264,0
2030,9,18,0.0755784431618467,0
2030,9,40,0.10521413564150361,0
2030,9,73,0.5805002046342473,0
2030,9,91,0.0658405330878749,0
2030,9,95,0.02746535036327678,0
2030,9,116,0.021038096788004623,0
2030,9,133,0.036984384153743964,0
2030,9,154,0.05900675377633131,0
2030,10,6,0.03299595942389118,0
2030,10,23,0.07379902094188452,0
2030,10,47,0.07312842318749237,0
2030,10,91,0.016428426985324117,0
2030,10,92,0.08927328707640267,0
2030,10,135,0.01901627051730504,0
2030,10,137,0.5211526042798883,0
2030,10,175,0.16374934179136066,0
2030,11,16,0.04005977644705969,0
2030,11,21,0.01015034643877096,0
2030,11,33,0.013651004314827787,0
2030,11,43,0.024391291167521093,0
2030,11,64,0.012283862056019034,0
2030,11,69,0.01712099252774979,0
2030,11,94,0.01089694094853703,0
2030,11,98,0.022480001475485428,0
2030,11,132,0.02636293428009496,0
2030,11,135,0.7492088970687357,0
2030,11,138,0.031854888869335046,0
2030,12,4,0.031066790411364,0
2030,12,5,0.035221569144083,0
2030,12,18,0.05543586776800236,0
2030,12,31,0.040280309374581366,0
2030,12,33,0.08595374128263136,0
2030,12,38,0.04862286331837756,0
2030,12,40,0.013660313715305196,0
2030,12,104,0.011397597455650416,0
2030,12,133,0.03202354303147565,0
2030,12,135,0.5406066042415435,0
2030,12,154,0.10573080025698531,0
2030,13,17,0.030751576730501634,0
2030,13,18,0.024179883419544218,0
2030,13,40,0.1598551783949034,0
2030,13,54,0.033400376057029196,0
2030,13,74,0.03827090916562261,0
2030,13,81,0.20691547720267148,0
2030,13,91,0.11317435314673052,0
2030,13,92,0.0769258073910743,0
2030,13,109,0.10490776377452267,0
2030,13,116,0.07456243528708971,0
2030,13,175,0.12127034566246436,0
2030,14,92,1.0,0
2030,15,6,1.0,0
2030,16,6,0.15402429913705468,0
2030,16,20,0.07256614513053426,0
2030,16,23,0.03778248861485628,0
2030,16,62,0.35482968323502617,0
2030,16,73,0.218228385981842,0
2030,16,79,0.023082011682707574,0
2030,16,92,0.020440745270131587,0
2030,16,135,0.1190462409478477,0
2030,16,146,0.0,0
2030,17,135,1.0,0
2030,18,1,0.06319937341754649,0
2030,18,5,0.11871413736194347,0
2030,18,18,0.021241946568955856,0
2030,18,33,0.048048432250951296,0
2030,18,38,0.02955005565485758,0
2030,18,40,0.07041965674823768,0
2030,18,99,0.05829202021576348,0
2030,18,116,0.011204365544984642,0
2030,18,124,0.019371694713894144,0
2030,18,135,0.5400599655858073,0
2030,18,175,0.011961596111537895,0
2030,19,1,0.06823333409847004,0
2030,19,4,0.06007111961294577,0
2030,19,33,0.13377744366449668,0
2030,19,69,0.02931545642097468,0
2030,19,100,0.08753598228423566,0
2030,19,104,0.021395984148252133,0
2030,19,135,0.5627189495877472,0
2030,20,1,0.1386932796192056,0
2030,20,5,0.010040160341997159,0
2030,20,17,0.03686395165272316,0
2030,20,33,0.10369982274104282,0
2030,20,40,0.07713058218298402,0
2030,20,49,0.07953940264895101,0
2030,20,135,0.43712707352298724,0
2030,20,175,0.06630267135783946,0
2030,21,6,0.06613041619353331,0
2030,21,12,0.03197311070209853,0
2030,21,23,0.01292685834412908,0
2030,21,29,0.023211883506725373,0
2030,21,41,0.017396664376233932,0
2030,21,79,0.031117510292705673,0
2030,21,82,0.02785593191152862,0
2030,21,92,0.02720538639175724,0
2030,21,97,0.02118388458046364,0
2030,21,127,0.0294436307706037,0
2030,21,156,0.684222010007341,0
2030,22,5,0.08481587659233793,0
2030,22,19,0.02866231439039628,0
2030,22,31,0.012620842682595421,0
2030,22,33,0.03411343180305728,0
2030,22,67,0.031679340191115755,0
2030,22,103,0.03258947296594702,0
2030,22,124,0.011312034070329116,0
2030,22,135,0.623907407952273,0
2030,22,154,0.02252753748582175,0
2030,22,160,0.057282223953080934,0
2030,23,18,1.0,0
2030,24,6,0.0758074064472899,0
2030,24,20,0.18883059610983657,0
2030,24,73,0.04506353963929636,0
2030,24,92,0.014717208817912589,0
2030,24,135,0.14390779362286468,0
2030,24,171,0.5293744955456005,0
2030,25,1,0.03853345307370014,0
2030,25,5,0.0425907436715296,0
2030,25,12,0.014082140020361872,0
2030,25,17,0.014342356818575833,0
2030,25,33,0.0595918572838029,0
2030,25,49,0.06680069157016032,0
2030,25,53,0.014400524544639571,0
2030,25,81,0.019010294388402856,0
2030,25,85,0.05632947274516423,0
2030,25,103,0.03707719919938876,0
2030,25,135,0.5825325098807134,0
2030,25,175,0.019388590129826543,0
2030,26,116,1.0,0
2030,27,6,0.05119571930862497,0
2030,27,22,0.13041333925090667,0
2030,27,35,0.022926155892409174,0
2030,27,62,0.014802918430758222,0
2030,27,74,0.012922583051684462,0
2030,27,83,0.12613571534229337,0
2030,27,92,0.03939333624713498,0
2030,27,97,0.144423340240519,0
2030,27,135,0.3926401512434973,0
2030,28,1,0.032587493527000445,0
2030,28,5,0.06427330194229397,0
2030,28,12,0.037946490283339206,0
2030,28,33,0.03809934830465527,0
2030,28,85,0.035935686831193275,0
2030,28,102,0.017301428025512208,0
2030,28,103,0.036475912825808615,0
2030,28,126,0.048379052174323214,0
2030,28,135,0.5163437247020168,0
2030,28,159,0.017561077460302117,0
2030,29,1,0.013132185949311356,0
2030,29,2,0.022829707660051404,0
2030,29,5,0.06824938012882543,0
2030,29,17,0.03234185719031038,0
2030,29,33,0.02989875875010652,0
2030,29,49,0.011757576583228287,0
2030,29,53,0.023533002156908917,0
2030,29,85,0.03259100152808097,0
2030,29,99,0.025444138461923515,0
2030,29,135,0.7233009716729639,0
2030,30,175,1.0,0
2030,31,6,0.2520917414943545,0
2030,31,20,0.08092452747577968,0
2030,31,22,0.2215370932612329,0
2030,31,35,0.03496286938681132,0
2030,31,79,0.12964824866749464,0
2030,31,83,0.07422395513149439,0
2030,31,92,0.15999787661949272,0
2030,31,97,0.015999740724848943,0
2030,31,158,0.0,0
2030,32,6,0.035760074574293026,0
2030,32,12,0.32547827592028794,0
2030,32,23,0.01843865267153768,0
2030,32,73,0.5489415744533114,0
2030,32,74,0.043077518980632584,0
2030,32,97,0.013552548580740854,0
2030,33,6,0.0476891685747443,0
2030,33,23,0.036036920091988646,0
2030,33,92,0.1693669967048586,0
2030,33,157,0.5681512443356246,0
2030,33,175,0.16050766748293493,0
2030,34,6,0.2137755426647023,0
2030,34,35,0.04731613709251518,0
2030,34,41,0.046190787735558556,0
2030,34,44,0.03125958655728878,0
2030,34,74,0.08230697362274526,0
2030,34,79,0.14978693905522308,0
2030,34,92,0.1338844508378962,0
2030,34,127,0.25823419290008753,0
2030,35,29,0.2641577053233173,0
2030,35,53,0.09412474952529892,0
2030,35,92,0.564269750128568,0
2030,35,101,0.037768763292652,0
2030,36,6,0.7600280607212518,0
2030,36,43,0.04180114737334411,0
2030,36,70,0.020107387318603124,0
2030,36,98,0.056161268572024414,0
2030,37,6,0.23844099944537575,0
2030,37,23,0.066121521617517,0
2030,37,35,0.1719080907121445,0
2030,37,82,0.07898966147417527,0
2030,37,92,0.03096031088907091,0
2030,37,144,0.1382985721122073,0
2030,37,157,0.2506676230542898,0
2030,38,1,0.06776841018620658,0
2030,38,5,0.02701526759485677,0
2030,38,6,0.014156714435298584,0
2030,38,12,0.036887477087432084,0
2030,38,23,0.032257719993914524,0
2030,38,29,0.016904086222237207,0
2030,38,33,0.08908276122412344,0
2030,38,40,0.04810110054610208,0
2030,38,53,0.025734422953098995,0
2030,38,62,0.03353189735786733,0
2030,38,69,0.010213319728818854,0
2030,38,73,0.010196943009011116,0
2030,38,79,0.04212404791059011,0
2030,38,88,0.3749964488585051,0
2030,38,93,0.02176942669505519,0
2030,38,99,0.01506850312655139,0
2030,38,109,0.022927355147817356,0
2030,38,134,0.06224292955450673,0
2030,38,175,0.012458651570626858,0
2030,39,5,0.014989830978472108,0
2030,39,7,0.03406852264311054,0
2030,39,18,0.7127800085513292,0
2030,39,20,0.04303948614450915,0
2030,39,48,0.04459351650494057,0
2030,39,52,0.013096116405032282,0
2030,39,56,0.01409367992434505,0
2030,39,99,0.02220207789845642,0
2030,39,120,0.018739624833807405,0
2030,39,123,0.015339493897896564,0
2030,39,172,0.03038419665708486,0
2030,40,6,0.05370168394455649,0
2030,40,17,0.026451979807753392,0
2030,40,36,0.0961578827893853,0
2030,40,49,0.05032862735100933,0
2030,40,60,0.01676229984391155,0
2030,40,102,0.02421150500373366,0
2030,40,116,0.14635488580922665,0
2030,40,135,0.20565406445571535,0
2030,40,143,0.02876856095717345,0
2030,40,161,0.23204767105053098,0
2030,40,171,0.010459437075027953,0
2030,40,175,0.09431572147143572,0
2030,41,6,0.09194433621109352,0
2030,41,17,0.022892116566466954,0
2030,41,20,0.027957854714038163,0
2030,41,23,0.08182063189798083,0
2030,41,35,0.012430639599998072,0
2030,41,40,0.07803377406147335,0
2030,41,52,0.013970847838102967,0
2030,41,54,0.015950588812162318,0
2030,41,73,0.07195127869380548,0
2030,41,79,0.4332016153678601,0
2030,41,92,0.031212627752480203,0
2030,42,9,0.01701645471066252,0
2030,42,16,0.011339433828093772,0
2030,42,17,0.012070469940336516,0
2030,42,39,0.2997860380130374,0
2030,42,40,0.043042611463348264,0
2030,42,54,0.022254466090958862,0
2030,42,73,0.4576672587662668,0
2030,42,116,0.01166621674421521,0
2030,42,153,0.02935482946016732,0
2030,43,6,0.09364654569416316,0
2030,43,28,0.038997964636762444,0
2030,43,47,0.1973676806176638,0
2030,43,77,0.01879799857776839,0
2030,43,92,0.09659697767965422,0
2030,43,105,0.32282581616392775,0
2030,43,143,0.1912417206502199,0
2030,43,175,0.024966532852928783,0
2030,44,17,0.08552764084432833,0
2030,44,18,0.06718113433603885,0
2030,44,23,0.023270953609181144,0
2030,44,47,0.06617407809511722,0
2030,44,71,0.13393312911198493,0
2030,44,73,0.09865399606518586,0
2030,44,116,0.02144411844668584,0
2030,44,135,0.05888847389889233,0
2030,44,154,0.407064698978209,0
2030,45,17,0.016523886534860217,0
2030,45,20,0.06582891887554024,0
2030,45,23,0.017357012458662516,0
2030,45,40,0.059158175639255614,0
2030,45,45,0.022441862293748754,0
2030,45,52,0.021273591796371116,0
2030,45,135,0.05442485628230368,0
2030,45,143,0.015281164571353326,0
2030,45,154,0.632061531980874,0
2030,46,1,0.01361090464770168,0
2030,46,6,0.05573804777617499,0
2030,46,17,0.015171821352507256,0
2030,46,22,0.02471211963789519,0
2030,46,23,0.014249940572646846,0
2030,46,35,0.012003780176371262,0
2030,46,40,0.01315081037286654,0
2030,46,49,0.010132858370468078,0
2030,46,53,0.011190323266213598,0
2030,46,56,0.02185926883587046,0
2030,46,79,0.07526299304561139,0
2030,46,97,0.010971378997726993,0
2030,46,127,0.0345300174366813,0
2030,46,154,0.6112411184699801,0
2030,46,175,0.0157380246692168,0
2030,47,5,0.0778843674231752,0
2030,47,17,0.02808993450820693,0
2030,47,23,0.03232163584849848,0
2030,47,30,0.015737131220158716,0
2030,47,33,0.0914440669933007,0
2030,47,36,0.030734462354183055,0
2030,47,48,0.04139623888764878,0
2030,47,73,0.016551415540889465,0
2030,47,74,0.0838509465692127,0
2030,47,83,0.02692404721623674,0
2030,47,88,0.1773343741438687,0
2030,47,92,0.02876342936089741,0
2030,47,112,0.01021353221452062,0
2030,47,143,0.028338537942908235,0
2030,47,147,0.15167783416064054,0
2030,47,172,0.023783607550717466,0
2030,47,175,0.09925147357749649,0
2030,48,31,0.01016165283123039,0
2030,48,47,0.2860887595115777,0
2030,48,64,0.26529355583333986,0
2030,48,92,0.046491970031508324,0
2030,48,105,0.013430274156344471,0
2030,48,133,0.21221642120337808,0
2030,48,143,0.14874899276003903,0
2030,49,21,0.23480238478818444,0
2030,49,33,0.03131415893751556,0
2030,49,35,0.013459280092449892,0
2030,49,36,0.010719254797777064,0
2030,49,40,0.03403975054002371,0
2030,49,44,0.08025048389905004,0
2030,49,50,0.21763020994915525,0
2030,49,85,0.03022928368079911,0
2030,49,91,0.019322429189431927,0
2030,49,133,0.053690718077168,0
2030,49,143,0.032439707827903536,0
2030,49,175,0.11952289361459488,0
2030,50,6,0.18851121414262026,0
2030,50,22,0.01318909295319893,0
2030,50,40,0.04229164292603866,0
2030,50,41,0.0761727929356909,0
2030,50,62,0.023597945942038366,0
2030,50,73,0.06425276191988798,0
2030,50,79,0.2411427903681223,0
2030,50,92,0.1009827543132296,0
2030,50,101,0.010656802152946364,0
2030,50,127,0.09607435933868415,0
2030,50,158,0.13773542842533495,0
2030,51,1,0.03454839333673079,0
2030,51,6,0.09045425120260618,0
2030,51,20,0.018496999468972663,0
2030,51,23,0.03986900413800416,0
2030,51,33,0.02713620482992251,0
2030,51,35,0.042681834076860437,0
2030,51,40,0.047230678311250496,0
2030,51,62,0.10169715032504598,0
2030,51,73,0.08825479732389398,0
2030,51,79,0.16547855397382014,0
2030,51,92,0.02509564327794047,0
2030,51,127,0.04450844984203318,0
2030,51,146,0.25048927482766253,0
2030,52,73,1.0,0
2030,53,6,0.24743902165153478,0
2030,53,35,0.08175696847438485,0
2030,53,40,0.05398501550953853,0
2030,53,44,0.30883446730273756,0
2030,53,92,0.1906825251257658,0
2030,53,157,0.07779851626662303,0
2030,53,175,0.03945210499862366,0
2030,54,6,0.13138994571587018,0
2030,54,40,0.10202713470491052,0
2030,54,44,0.02877639337718396,0
2030,54,62,0.11858855896973504,0
2030,54,73,0.20765451128793527,0
2030,54,92,0.055039369512005866,0
2030,54,105,0.03921340133791399,0
2030,54,106,0.17172790633406376,0
2030,54,125,0.07648409029923744,0
2030,54,135,0.05111029608684616,0
2030,54,144,0.011635447309059724,0
2030,55,1,0.013377201870606484,0
2030,55,2,0.010564919904683926,0
2030,55,6,0.051622639206651194,0
2030,55,13,0.01360830799392507,0
2030,55,17,0.010186012555751503,0
2030,55,23,0.022390957923934297,0
2030,55,41,0.017014439081781664,0
2030,55,79,0.010041419117595003,0
2030,55,82,0.014030304984445257,0
2030,55,116,0.010011981833481252,0
2030,55,156,0.7800300931006168,0
2030,56,156,1.0,0
2030,57,18,0.12400947094098487,0
2030,57,19,0.03471377927997294,0
2030,57,40,0.23074486081820786,0
2030,57,91,0.04666804804982621,0
2030,57,104,0.10026134010913983,0
2030,57,124,0.013837744171475033,0
2030,57,154,0.2441199999745709,0
2030,57,156,0.19240227226260798,0
2030,58,4,0.10968891919020304,0
2030,58,18,0.5936277739672465,0
2030,58,29,0.09854988841547123,0
2030,58,33,0.01388504810189186,0
2030,58,51,0.10474072800719537,0
2030,58,82,0.04561619607283094,0
2030,58,116,0.013138486620873063,0
2030,58,174,0.016983668940045587,0
2030,59,8,0.11897399363232439,0
2030,59,18,0.08818314066955983,0
2030,59,51,0.03856276352255288,0
2030,59,91,0.11257511421191335,0
2030,59,92,0.5920227812264619,0
2030,59,95,0.03506674663348715,0
2030,60,6,0.0916496792553447,0
2030,60,20,0.039437444900733656,0
2030,60,40,0.02170438191241718,0
2030,60,44,0.053829478091128063,0
2030,60,52,0.035148261556975646,0
2030,60,73,0.02764066534353468,0
2030,60,92,0.05555437980076983,0
2030,60,105,0.04553367599296295,0
2030,60,137,0.6207127427675387,0
2030,61,2,0.01323146134969992,0
2030,61,16,0.07297454559741101,0
2030,61,29,0.07600714523145517,0
2030,61,31,0.037185249198080486,0
2030,61,41,0.04360374610711166,0
2030,61,85,0.014308871957006062,0
2030,61,93,0.013967054896297976,0
2030,61,106,0.030975579341147086,0
2030,61,127,0.04577127434230578,0
2030,61,135,0.5921034533878652,0
2030,61,138,0.017326512221979354,0
2030,61,148,0.023413434345539618,0
2030,62,18,0.027537495957071487,0
2030,62,99,0.03178417574456098,0
2030,62,116,0.03972392975977899,0
2030,62,118,0.017136688658049657,0
2030,62,154,0.028022594334941465,0
2030,62,156,0.8280348012834634,0
2030,63,133,1.0,0
2030,64,13,0.03440099890163357,0
2030,64,23,0.022567481197597758,0
2030,64,40,0.08988531697334809,0
2030,64,73,0.03320047298719424,0
2030,64,116,0.09697542587683908,0
2030,64,118,0.011970551855955849,0
2030,64,135,0.08268878337720123,0
2030,64,154,0.5570602040060754,0
2030,64,175,0.05596493847766402,0
2030,65,6,0.023983424008441445,0
2030,65,12,0.02873965479327455,0
2030,65,17,0.035736709112027934,0
2030,65,23,0.07394881198456378,0
2030,65,79,0.050160888991807796,0
2030,65,91,0.7121187999079028,0
2030,65,97,0.026180885057099264,0
2030,65,175,0.013374783707099004,0
2030,66,20,0.03519708521293175,0
2030,66,40,0.05323608847487717,0
2030,66,54,0.016270994142980617,0
2030,66,62,0.022586768583848105,0
2030,66,65,0.019527744774183363,0
2030,66,72,0.020995018128552485,0
2030,66,74,0.06925811720176377,0
2030,66,83,0.030871486058143265,0
2030,66,88,0.5736434516982979,0
2030,66,92,0.0592929576500773,0
2030,66,156,0.027744063130938697,0
2030,66,157,0.04469011701094903,0
2030,67,5,0.010460298575618672,0
2030,67,10,0.011129243783704905,0
2030,67,16,0.051389433979608566,0
2030,67,21,0.011469281621374151,0
2030,67,33,0.11050188691355567,0
2030,67,50,0.12693700286960977,0
2030,67,89,0.028597892104134784,0
2030,67,99,0.016886865028101078,0
2030,67,102,0.08826154178667758,0
2030,67,116,0.032877727474923873,0
2030,67,161,0.05459516846865679,0
2030,67,166,0.38003790200747845,0
2030,67,175,0.05678810124058059,0
2030,68,1,0.054021142249202916,0
2030,68,5,0.02809240874067357,0
2030,68,12,0.06871338116847561,0
2030,68,16,0.0140018428125113,0
2030,68,29,0.05055960097689134,0
2030,68,33,0.021956195915026736,0
2030,68,40,0.010080698824708833,0
2030,68,57,0.011618150991103124,0
2030,68,69,0.016099896098067053,0
2030,68,88,0.6096306935786204,0
2030,68,101,0.0406961412565067,0
2030,68,106,0.01063130586415985,0
2030,68,109,0.031113962804408632,0
2030,68,148,0.012046655784480656,0
2030,69,30,0.03091321774112711,0
2030,69,39,0.02642253979767762,0
2030,69,46,0.09302037454386941,0
2030,69,47,0.18615379151910827,0
2030,69,116,0.3982684440406116,0
2030,69,122,0.21348831169761287,0
2030,69,156,0.03450754071296447,0
2030,70,171,1.0,0
2030,71,2,0.035808935510845664,0
2030,71,15,0.011009442264400288,0
2030,71,17,0.028086821688522726,0
2030,71,23,0.05481634120401286,0
2030,71,36,0.01888282592604389,0
2030,71,49,0.033962282458132494,0
2030,71,50,0.015465502526686216,0
2030,71,53,0.012074848599388633,0
2030,71,80,0.013217607244174054,0
2030,71,112,0.025093019010432597,0
2030,71,143,0.02243080603938805,0
2030,71,156,0.6923343426012827,0
2030,72,1,0.03388724592197271,0
2030,72,14,0.06903736400873539,0
2030,72,17,0.05235242930880388,0
2030,72,20,0.013838888876748064,0
2030,72,23,0.03174011299624192,0
2030,72,33,0.0697252194970419,0
2030,72,40,0.047044112222259724,0
2030,72,48,0.022960101642709542,0
2030,72,79,0.014319470237672948,0
2030,72,99,0.05250938011194046,0
2030,72,116,0.01101372997198299,0
2030,72,146,0.4729802292567225,0
2030,72,175,0.07412775852749896,0
2030,73,9,0.027198251375257342,0
2030,73,16,0.016508267847435518,0
2030,73,21,0.012841476718701766,0
2030,73,36,0.015408520052408406,0
2030,73,61,0.020898775880454277,0
2030,73,73,0.7024142799660916,0
2030,73,81,0.010099723027840983,0
2030,73,89,0.04945498643679053,0
2030,73,94,0.04482153750280567,0
2030,73,103,0.038297696348580754,0
2030,73,132,0.02834809337639798,0
2030,74,3,0.021249391452066058,0
2030,74,26,0.01298096281662452,0
2030,74,44,0.020731413646286626,0
2030,74,73,0.6919714491290233,0
2030,74,77,0.028064241597892003,0
2030,74,78,0.024694303404610107,0
2030,74,86,0.01516823322162754,0
2030,74,95,0.013610867818145288,0
2030,74,96,0.015296790544971638,0
2030,74,98,0.014314336119546734,0
2030,74,132,0.03845125642056959,0
2030,74,152,0.03292310833273204,0
2030,74,177,0.030552100671659792,0
2030,75,6,0.1284655588728362,0
2030,75,10,0.08556516658396138,0
2030,75,40,0.03468551084898551,0
2030,75,41,0.020902363108268842,0
2030,75,45,0.05118176679962411,0
2030,75,73,0.021597667065622942,0
2030,75,74,0.46703394091462747,0
2030,75,79,0.011376336165320383,0
2030,75,82,0.1186958014738089,0
2030,75,111,0.02196306135786034,0
2030,76,1,0.03223329567995629,0
2030,76,6,0.06795489636001187,0
2030,76,10,0.056667990209772055,0
2030,76,20,0.06341295212488737,0
2030,76,23,0.025693092830937122,0
2030,76,35,0.03459451980662693,0
2030,76,40,0.011930634764499957,0
2030,76,41,0.018900844984718525,0
2030,76,73,0.0112247150570482,0
2030,76,79,0.17209358931807278,0
2030,76,99,0.010792443320064238,0
2030,76,127,0.03463370811839036,0
2030,76,146,0.3887601329563261,0
2030,76,175,0.01174411697174542,0
2030,77,1,0.03327360569408532,0
2030,77,6,0.01637065373615884,0
2030,77,13,0.039913157756569,0
2030,77,17,0.026431708058353074,0
2030,77,40,0.0383687533216648,0
2030,77,41,0.018413740673794133,0
2030,77,53,0.013713974158512625,0
2030,77,73,0.02613812480861693,0
2030,77,79,0.12150802684015709,0
2030,77,92,0.02308010468076175,0
2030,77,101,0.03454891550591027,0
2030,77,127,0.03014286611510645,0
2030,77,158,0.440392923996819,0
2030,78,6,0.03201973644592229,0
2030,78,20,0.08509919927553967,0
2030,78,47,0.0543278468677479,0
2030,78,54,0.0963965850305584,0
2030,78,58,0.17673409203852358,0
2030,78,73,0.09429836916419719,0
2030,78,79,0.02084429973465392,0
2030,78,92,0.012201768381885041,0
2030,78,170,0.3673416342990725,0
2030,79,5,0.04088749929739124,0
2030,79,12,0.048760699986986865,0
2030,79,21,0.03688565873540127,0
2030,79,29,0.04272489728123671,0
2030,79,33,0.056815291080304954,0
2030,79,53,0.01666191990908586,0
2030,79,56,0.013617084103732,0
2030,79,74,0.016409904353715123,0
2030,79,79,0.015584311610280779,0
2030,79,85,0.05001756288109803,0
2030,79,88,0.5175067152206914,0
2030,79,127,0.041723537400317146,0
2030,79,147,0.02505399929700143,0
2030,80,1,0.03824624761414869,0
2030,80,12,0.012485544841669548,0
2030,80,16,0.022310001090924556,0
2030,80,17,0.08132041052982886,0
2030,80,23,0.010585811073149666,0
2030,80,39,0.0673424928021032,0
2030,80,40,0.011350718657739966,0
2030,80,71,0.011456717886225983,0
2030,80,74,0.032757449209064704,0
2030,80,79,0.024472827042166943,0
2030,80,81,0.0558848836190918,0
2030,80,108,0.5897194148054201,0
2030,80,175,0.012485834761963698,0
2030,81,8,0.04363460975579723,0
2030,81,9,0.02699832981206506,0
2030,81,30,0.03186408423215975,0
2030,81,43,0.029703890312627552,0
2030,81,46,0.013876955632230651,0
2030,81,61,0.01339586320869556,0
2030,81,67,0.02152192601386092,0
2030,81,73,0.5541326005234493,0
2030,81,94,0.04361897536951688,0
2030,81,111,0.029384323776908035,0
2030,81,136,0.02583144775257927,0
2030,81,140,0.022107413970638225,0
2030,81,160,0.0444247019081456,0
2030,81,168,0.02282378362217639,0
2030,82,6,0.04116479094851472,0
2030,82,23,0.0907163034909155,0
2030,82,47,0.01784816270225021,0
2030,82,92,0.04402818315959367,0
2030,82,116,0.014380187668821914,0
2030,82,132,0.5509679212794164,0
2030,82,175,0.12858917385265137,0
2030,83,6,0.14762975729517364,0
2030,83,23,0.015372405907510092,0
2030,83,47,0.031656191453745,0
2030,83,50,0.025772040436619747,0
2030,83,82,0.05270971034489419,0
2030,83,92,0.08147985979075596,0
2030,83,105,0.04711353772460762,0
2030,83,144,0.02037787499894047,0
2030,83,157,0.019955183994480163,0
2030,83,167,0.5016175441608643,0
2030,84,5,0.06931888957567996,0
2030,84,12,0.02036752278436386,0
2030,84,16,0.01846567411352252,0
2030,84,29,0.08930493542132208,0
2030,84,41,0.014115967256177609,0
2030,84,64,0.012205138161728283,0
2030,84,69,0.02026688093883931,0
2030,84,79,0.05307993909197119,0
2030,84,85,0.01988344894997448,0
2030,84,88,0.4465598840858753,0
2030,84,127,0.07910138912731983,0
2030,84,134,0.021452516354098197,0
2030,85,9,0.038739102814337054,0
2030,85,20,0.04535127881969017,0
2030,85,26,0.012745328937173879,0
2030,85,39,0.0343842878436169,0
2030,85,54,0.08461645503897768,0
2030,85,60,0.026928228968507165,0
2030,85,65,0.036604424795794156,0
2030,85,74,0.02241151379571432,0
2030,85,81,0.01609920418226605,0
2030,85,149,0.013012226468653815,0
2030,85,170,0.5977993687569256,0
2030,85,178,0.01903165693744398,0
2030,86,35,0.01381097101654016,0
2030,86,47,0.4666489903383845,0
2030,86,62,0.023341220155863457,0
2030,86,65,0.36110918597229996,0
2030,86,72,0.010146516718625286,0
2030,86,73,0.03640790123258397,0
2030,86,92,0.016739589078887545,0
2030,87,21,0.15531714934304036,0
2030,87,44,0.04243189583313353,0
2030,87,47,0.5044404006003074,0
2030,87,50,0.03075726398635996,0
2030,87,61,0.08569827617048711,0
2030,87,82,0.02448512865997366,0
2030,87,94,0.03795049252929774,0
2030,87,132,0.06889106666223403,0
2030,87,175,0.012373708884785214,0
2030,88,8,0.02200151032670937,0
2030,88,18,0.027315116748826477,0
2030,88,28,0.022157220847106068,0
2030,88,47,0.2436436259084669,0
2030,88,91,0.09296172070405848,0
2030,88,117,0.47413255394612985,0
2030,88,175,0.04359467853583173,0
2030,89,5,0.024545215002791484,0
2030,89,37,0.011795098736278105,0
2030,89,55,0.022306824447612998,0
2030,89,61,0.06582320179178444,0
2030,89,64,0.012724400422506906,0
2030,89,75,0.016503343181772528,0
2030,89,90,0.01294127874945825,0
2030,89,110,0.024010256403721487,0
2030,89,117,0.032346401622465736,0
2030,89,119,0.05873006923118735,0
2030,89,121,0.05813410271253911,0
2030,89,160,0.0589727344115069,0
2030,89,171,0.519165380220098,0
2030,90,5,0.10309026991721867,0
2030,90,11,0.015332707689562462,0
2030,90,12,0.056909360796508796,0
2030,90,21,0.027535494094977197,0
2030,90,29,0.01234942189922792,0
2030,90,33,0.030928428719499287,0
2030,90,53,0.025514693694661677,0
2030,90,69,0.041472503614497544,0
2030,90,84,0.02844889661662746,0
2030,90,85,0.05469581845355155,0
2030,90,88,0.3971267488527353,0
2030,90,147,0.07035199122697595,0
2030,90,160,0.0380394703723384,0
2030,91,5,0.10861492730298625,0
2030,91,12,0.033594717410935254,0
2030,91,16,0.01929874018610358,0
2030,91,21,0.011585813136469442,0
2030,91,29,0.04634566828099073,0
2030,91,33,0.05549000194312668,0
2030,91,53,0.02698048637072658,0
2030,91,69,0.01619631181213713,0
2030,91,85,0.03515919790982041,0
2030,91,88,0.5427319661176087,0
2030,91,103,0.014364853642040237,0
2030,91,160,0.02963959549845573,0
2030,92,4,0.032052926469859556,0
2030,92,13,0.035146688129787614,0
2030,92,34,0.08709671766846215,0
2030,92,46,0.024603999441025176,0
2030,92,51,0.07440501718629994,0
2030,92,91,0.03249638998488566,0
2030,92,116,0.021195670507986413,0
2030,92,132,0.026847015422674026,0
2030,92,164,0.5484484355318636,0
2030,92,175,0.01071738353784823,0
2030,93,6,0.05213212233159426,0
2030,93,23,0.05872076214583629,0
2030,93,47,0.026162388079505574,0
2030,93,92,0.03787539656997659,0
2030,93,98,0.61016531674675,0
2030,93,143,0.048463807392215064,0
2030,93,175,0.10963359544345137,0
2030,94,6,0.11108161860611192,0
2030,94,23,0.1662590116418155,0
2030,94,50,0.02159332869460993,0
2030,94,82,0.014845493464002353,0
2030,94,92,0.03844890746631227,0
2030,94,97,0.022424493576203765,0
2030,94,112,0.03326613666188721,0
2030,94,167,0.5296043171657437,0
2030,95,6,0.012816515324802623,0
2030,95,16,0.011731670997045966,0
2030,95,23,0.029559211443026465,0
2030,95,26,0.0232901297800567,0
2030,95,33,0.010980299592358612,0
2030,95,47,0.011290788377841069,0
2030,95,51,0.010073133468690865,0
2030,95,74,0.015469866603134291,0
2030,95,92,0.08950550069617774,0
2030,95,96,0.011612118851276262,0
2030,95,108,0.6460822644075402,0
2030,95,132,0.01727097469757058,0
2030,95,138,0.02042983815484655,0
2030,95,175,0.042355802763575305,0
2030,96,16,0.04420197788511452,0
2030,96,17,0.017439974351185827,0
2030,96,36,0.01903553839342336,0
2030,96,39,0.08149780755518848,0
2030,96,47,0.02034358971218079,0
2030,96,54,0.023180107976590095,0
2030,96,71,0.04961936391715524,0
2030,96,74,0.03983577273053448,0
2030,96,86,0.013330149381864453,0
2030,96,108,0.6589091116219862,0
2030,97,5,0.02888876621377337,0
2030,97,16,0.0332680604814386,0
2030,97,17,0.07276871005171295,0
2030,97,36,0.010350754131557147,0
2030,97,39,0.057834798214753874,0
2030,97,74,0.027774952531478252,0
2030,97,81,0.05598414866522041,0
2030,97,84,0.020784396935010944,0
2030,97,108,0.6392613292174091,0
2030,98,1,0.018689495758360944,0
2030,98,5,0.038221907552717205,0
2030,98,16,0.016512697949882128,0
2030,98,17,0.06601583470561834,0
2030,98,39,0.07486743019357164,0
2030,98,71,0.020677331984033334,0
2030,98,81,0.04387858189818827,0
2030,98,84,0.017254997798667106,0
2030,98,108,0.609830156657689,0
2030,99,2,0.014503084016287799,0
2030,99,5,0.02980079504076938,0
2030,99,16,0.026416081184168497,0
2030,99,17,0.06736312141314724,0
2030,99,23,0.016918920716596446,0
2030,99,39,0.04125338207123394,0
2030,99,71,0.045642539039988106,0
2030,99,74,0.011689438266281282,0
2030,99,81,0.01980256047647035,0
2030,99,108,0.6706270425132039,0
2030,99,122,0.017181479984514386,0
2030,99,153,0.018130905410542023,0
2030,100,2,0.020427480587392657,0
2030,100,5,0.015124934387599808,0
2030,100,16,0.02610682292331385,0
2030,100,17,0.10117280946158318,0
2030,100,23,0.026541765759137276,0
2030,100,39,0.043782978759178304,0
2030,100,74,0.021092048269310385,0
2030,100,81,0.033400044031907994,0
2030,100,84,0.032201406489321245,0
2030,100,108,0.5967820903863837,0
2030,100,141,0.026081821214508707,0
2030,101,5,0.027216840467252274,0
2030,101,16,0.0790390963217213,0
2030,101,17,0.06558294344518187,0
2030,101,35,0.012829358559582013,0
2030,101,36,0.025177581588404892,0
2030,101,39,0.03763840754972009,0
2030,101,54,0.020689223818935253,0
2030,101,71,0.01301903835362295,0
2030,101,74,0.04893481137003539,0
2030,101,108,0.643816405932126,0
2030,102,5,0.01910926926612838,0
2030,102,16,0.018779715060879366,0
2030,102,17,0.05564810028238805,0
2030,102,39,0.06463537774782252,0
2030,102,71,0.056564378147202714,0
2030,102,108,0.6753227675910366,0
2030,102,122,0.03149737818603177,0
2030,102,153,0.027042369300239275,0
2030,103,5,0.0900359832289589,0
2030,103,8,0.020205626328764367,0
2030,103,14,0.011338032124875188,0
2030,103,30,0.04489322688946871,0
2030,103,42,0.016737469787681723,0
2030,103,47,0.14851323984681264,0
2030,103,48,0.020281675224974448,0
2030,103,65,0.0644687286532729,0
2030,103,69,0.055325892699678164,0
2030,103,88,0.2621503577128933,0
2030,103,107,0.02761276925129318,0
2030,103,110,0.1117889965810974,0
2030,103,120,0.08495351942560707,0
2030,103,148,0.01753242589356275,0
2030,104,11,0.03551145340747304,0
2030,104,56,0.013903591145786726,0
2030,104,63,0.016113804183314855,0
2030,104,66,0.01234680262452052,0
2030,104,76,0.03286942230199069,0
2030,104,98,0.010021952712189655,0
2030,104,115,0.022428798234870755,0
2030,104,151,0.01038731369972116,0
2030,104,154,0.6741253632242448,0
2030,104,162,0.02748623584309956,0
2030,105,9,0.01722923704343823,0
2030,105,20,0.05725031435121679,0
2030,105,42,0.03909830464275146,0
2030,105,46,0.052787978152569255,0
2030,105,47,0.0978440659030533,0
2030,105,60,0.01883953129938907,0
2030,105,75,0.05192713003065859,0
2030,105,90,0.01166942965839526,0
2030,105,103,0.4386031809185653,0
2030,105,120,0.018259239408975652,0
2030,105,139,0.014303525520472189,0
2030,105,171,0.06013603877860523,0
2030,106,4,0.023835286894328685,0
2030,106,5,0.12521432554098103,0
2030,106,8,0.04019418758437556,0
2030,106,9,0.02974775886884261,0
2030,106,16,0.05881197994714665,0
2030,106,30,0.04095841371477445,0
2030,106,46,0.07593707299884203,0
2030,106,67,0.0158061532985255,0
2030,106,88,0.4643242358534636,0
2030,106,124,0.06616151777821895,0
2030,106,138,0.015410388196538,0
2030,107,23,0.08970366034456041,0
2030,107,30,0.044338393656225994,0
2030,107,33,0.03490327587370844,0
2030,107,48,0.014410230347411995,0
2030,107,53,0.06922704506453072,0
2030,107,94,0.5567731771558548,0
2030,107,116,0.024617782395174478,0
2030,107,175,0.0814316611683206,0
2030,108,6,0.02773956871106901,0
2030,108,20,0.011902879344526303,0
2030,108,23,0.16040525970268307,0
2030,108,28,0.013488949383939847,0
2030,108,35,0.054588180716757466,0
2030,108,47,0.0377568467543318,0
2030,108,52,0.020137868824079495,0
2030,108,98,0.5463136063962033,0
2030,108,105,0.0753840917017456,0
2030,108,112,0.043735416926578015,0
2030,109,8,0.042078389960953325,0
2030,109,26,0.01371269231283274,0
2030,109,39,0.020333572002758687,0
2030,109,42,0.042594610487579385,0
2030,109,46,0.012144533586961177,0
2030,109,47,0.10955490221530766,0
2030,109,65,0.015537624821491786,0
2030,109,70,0.05244095336519058,0
2030,109,73,0.037983004311531246,0
2030,109,97,0.010379298621673064,0
2030,109,98,0.035467553741974356,0
2030,109,122,0.05084544980208088,0
2030,109,130,0.05416274588947723,0
2030,109,131,0.3871212445819127,0
2030,110,8,0.03998435067024678,0
2030,110,23,0.04388960786024907,0
2030,110,46,0.01376238716678443,0
2030,110,47,0.08565208553879547,0
2030,110,91,0.0777680744109367,0
2030,110,92,0.02726209047812209,0
2030,110,108,0.6114154464008708,0
2030,110,112,0.016119001132579778,0
2030,110,143,0.011862146218943014,0
2030,110,175,0.024167162525505305,0
2030,111,11,0.022617234019035305,0
2030,111,12,0.011010704434977038,0
2030,111,34,0.06933539113353489,0
2030,111,63,0.06768536294471694,0
2030,111,84,0.03134635194539398,0
2030,111,131,0.5738927330711808,0
2030,112,6,0.027043251479659195,0
2030,112,17,0.07014440354826296,0
2030,112,23,0.04022308384984543,0
2030,112,35,0.06085835515900885,0
2030,112,53,0.01914372794883663,0
2030,112,73,0.014065260307197368,0
2030,112,79,0.10138142640229518,0
2030,112,92,0.014836049670419885,0
2030,112,178,0.535127402820829,0
2030,113,8,0.013314116588094694,0
2030,113,29,0.027851082250907145,0
2030,113,51,0.04705778868556399,0
2030,113,82,0.011004086342177822,0
2030,113,92,0.05527438548083601,0
2030,113,98,0.047624175289330696,0
2030,113,112,0.6093726885112446,0
2030,114,8,0.38430936774129276,0
2030,114,18,0.04475481014035341,0
2030,114,47,0.5163535173274724,0
2030,114,91,0.049710153533004,0
2030,115,8,0.6732545559868712,0
2030,115,23,0.05071343627326222,0
2030,115,47,0.010074654565229938,0
2030,115,91,0.027866529670130966,0
2030,115,116,0.01417771839377653,0
2030,115,143,0.03523729919522225,0
2030,115,175,0.11327716184580136,0
2030,116,8,0.08870111997176419,0
2030,116,32,0.03281777887121539,0
2030,116,47,0.16626007050150854,0
2030,116,50,0.5563450363037944,0
2030,116,92,0.020011969575721628,0
2030,116,131,0.035996674531451785,0
2030,116,135,0.01722017942834462,0
2030,116,171,0.013724514576682044,0
2030,117,5,0.02546379232225899,0
2030,117,13,0.08627993512395754,0
2030,117,14,0.02506191305041064,0
2030,117,17,0.03221235692503296,0
2030,117,23,0.017049118960842487,0
2030,117,33,0.023932936327125984,0
2030,117,53,0.03291433958728776,0
2030,117,97,0.6193595453167028,0
2030,117,116,0.01664967919213316,0
2030,117,118,0.04711973076822463,0
2030,117,136,0.01881080748287655,0
2030,117,165,0.037392185146217304,0
2030,118,6,0.010262429524079927,0
2030,118,23,0.45678507842305327,0
2030,118,32,0.1258427680584578,0
2030,118,51,0.016246841945836563,0
2030,118,61,0.07725725313983074,0
2030,118,82,0.0637394907740713,0
2030,118,92,0.04043293363583406,0
2030,118,98,0.023154328360668816,0
2030,118,157,0.024571221953445643,0
2030,119,8,0.01056883439292017,0
2030,119,51,0.029046676488728638,0
2030,119,92,0.0822154020719515,0
2030,119,98,0.021018461171660643,0
2030,119,132,0.0817556728321967,0
2030,119,164,0.5511004476748589,0
2030,119,175,0.048749118270463715,0
2030,120,8,0.12267450984642546,0
2030,120,43,0.08865906385669037,0
2030,120,97,0.5930986082108047,0
2030,120,98,0.07779182627905391,0
2030,120,132,0.06717401827235286,0
2030,121,6,0.05184371738666732,0
2030,121,23,0.2210200155290586,0
2030,121,47,0.022117806094317773,0
2030,121,92,0.027099578073932692,0
2030,121,98,0.5456549362502242,0
2030,122,6,0.028539771384632408,0
2030,122,23,0.1837907853070165,0
2030,122,47,0.05405505765975306,0
2030,122,92,0.035608543953114906,0
2030,122,112,0.012518535829196807,0
2030,122,167,0.5278311630629848,0
2030,122,175,0.03970767189435788,0
2030,123,6,0.010323902621973071,0
2030,123,8,0.14498727724784438,0
2030,123,23,0.030566361513870394,0
2030,123,32,0.010902297483377796,0
2030,123,43,0.029840475075367662,0
2030,123,47,0.11173757191747752,0
2030,123,50,0.019509080830939385,0
2030,123,91,0.016831458092598388,0
2030,123,112,0.03285073480656816,0
2030,123,132,0.01263416539486666,0
2030,123,164,0.48200608912646714,0
2030,123,175,0.01725031342651302,0
2030,124,8,0.018010290571251794,0
2030,124,27,0.04486209885508338,0
2030,124,51,0.030569961262141045,0
2030,124,60,0.029031287466098836,0
2030,124,61,0.029729701322291163,0
2030,124,65,0.025729470628827824,0
2030,124,112,0.5523321939379131,0
2030,124,117,0.023366802843845468,0
2030,124,167,0.01754514189237491,0
2030,125,6,0.016554552889023442,0
2030,125,26,0.017562326005026586,0
2030,125,47,0.5532705536306112,0
2030,125,70,0.060542780934878915,0
2030,125,82,0.020578867363069707,0
2030,125,94,0.04417352466366008,0
2030,125,98,0.08929684624163256,0
2030,125,132,0.04212556723566826,0
2030,125,149,0.02698911741041576,0
2030,125,160,0.016640626571038698,0
2030,126,23,0.08627495695456469,0
2030,126,47,0.05988511427794326,0
2030,126,91,0.010329597381129992,0
2030,126,98,0.47371900652219195,0
2030,126,143,0.06662263660950898,0
2030,126,175,0.12771006029675766,0
2030,127,6,0.039352797279633485,0
2030,127,23,0.24871998412724755,0
2030,127,35,0.025321876064339825,0
2030,127,50,0.07217443129366152,0
2030,127,98,0.43492442023372074,0
2030,127,112,0.035076011163452755,0
2030,127,143,0.021614049432279535,0
2030,128,15,0.032207430258724676,0
2030,128,23,0.012772469760193608,0
2030,128,26,0.013312660993355901,0
2030,128,35,0.6774011683290387,0
2030,128,43,0.04301467839584077,0
2030,128,63,0.03711748560358273,0
2030,128,70,0.029569721401703986,0
2030,128,98,0.017549511246144914,0
2030,128,111,0.020057171244636643,0
2030,128,112,0.01094396078629388,0
2030,128,168,0.014950272329963122,0
2030,128,174,0.033544994493614214,0
2030,129,35,0.029352685977632798,0
2030,129,36,0.06852075860521711,0
2030,129,52,0.03353269421080142,0
2030,129,76,0.023235991072903337,0
2030,129,86,0.027199834652266882,0
2030,129,142,0.01038519322508577,0
2030,129,143,0.02170462267870239,0
2030,129,152,0.020144417971195035,0
2030,129,164,0.7093667071552614,0
2030,130,8,0.07723629008716788,0
2030,130,23,0.5649386522014752,0
2030,130,43,0.04323211834254215,0
2030,130,61,0.071737074670585,0
2030,130,98,0.14124360092484559,0
2030,131,30,0.020552437385190813,0
2030,131,42,0.32641131058395106,0
2030,131,46,0.0919323056957307,0
2030,131,47,0.22118473052781124,0
2030,131,97,0.014805802562914366,0
2030,131,131,0.26387009027478303,0
2030,131,135,0.0153398808123989,0
2030,132,46,1.0,0
2030,133,23,0.06217927430069368,0
2030,133,47,0.09188503360679291,0
2030,133,61,0.4784480989089491,0
2030,133,91,0.08467711019467143,0
2030,133,143,0.04711871504098223,0
2030,133,175,0.0844066065178455,0
2030,134,8,0.020342960832848745,0
2030,134,15,0.011502484160726698,0
2030,134,32,0.038015668752785246,0
2030,134,33,0.023116701073596528,0
2030,134,43,0.05131842385723848,0
2030,134,55,0.03289755002472546,0
2030,134,61,0.06093034680370274,0
2030,134,67,0.011950800881987885,0
2030,134,97,0.6513552863382287,0
2030,134,98,0.011398777454881095,0
2030,134,160,0.02208586127435384,0
2030,134,168,0.02670934615257008,0
2030,134,174,0.025188361501678348,0
2030,135,8,0.10728194917726319,0
2030,135,16,0.05972125861265202,0
2030,135,32,0.03300713591168988,0
2030,135,77,0.014392594434444858,0
2030,135,78,0.04047935592990264,0
2030,135,89,0.2086808309752328,0
2030,135,131,0.03536052578512531,0
2030,135,142,0.01524128032923817,0
2030,135,143,0.407358267602999,0
2030,135,157,0.02537390072521491,0
2030,136,10,0.07781855042472345,0
2030,136,18,0.039744728312093545,0
2030,136,21,0.03110518488356229,0
2030,136,28,0.01365365310994814,0
2030,136,30,0.06706792841168403,0
2030,136,31,0.054586269492053446,0
2030,136,37,0.14475993129571177,0
2030,136,38,0.05234711857754114,0
2030,136,68,0.016487196491691662,0
2030,136,75,0.035098284958992865,0
2030,136,124,0.02613842653137459,0
2030,136,131,0.3322643431250546,0
2030,136,133,0.012559849402256457,0
2030,137,5,0.10448152131139925,0
2030,137,16,0.07941530894402837,0
2030,137,26,0.016554181285325435,0
2030,137,33,0.013684906960954242,0
2030,137,43,0.03373155617604359,0
2030,137,53,0.013639853615412159,0
2030,137,69,0.04239769604848102,0
2030,137,85,0.016915630497492902,0
2030,137,88,0.5340345735993919,0
2030,137,124,0.035622545620329675,0
2030,137,138,0.017355110645080923,0
2030,137,160,0.01558585546667757,0
2030,138,8,0.03882763921198519,0
2030,138,10,0.049216766769678164,0
2030,138,30,0.029413349939444475,0
2030,138,33,0.1090132116896841,0
2030,138,46,0.02725432070360658,0
2030,138,67,0.1271564194998279,0
2030,138,80,0.013241463643360391,0
2030,138,87,0.027018820443923793,0
2030,138,94,0.01521461165719608,0
2030,138,124,0.04814787252821692,0
2030,138,131,0.35733127121608876,0
2030,138,140,0.037397976918353754,0
2030,138,175,0.03068705715071648,0
2030,139,8,0.14262404679938734,0
2030,139,16,0.018841866615166614,0
2030,139,47,0.08937771982491102,0
2030,139,61,0.019316170076443342,0
2030,139,91,0.042563851875600085,0
2030,139,96,0.010770112890925486,0
2030,139,132,0.03188975792249607,0
2030,139,138,0.014437398783255095,0
2030,139,164,0.5583631658939854,0
2030,140,20,0.04936014314007392,0
2030,140,27,0.05700074613449658,0
2030,140,35,0.028173055403193866,0
2030,140,46,0.02375954783160959,0
2030,140,47,0.11846786736258383,0
2030,140,60,0.03586385942522179,0
2030,140,65,0.10274719749256825,0
2030,140,86,0.01689991834221606,0
2030,140,96,0.05644467701662829,0
2030,140,155,0.3568733215966398,0
2030,140,171,0.07429861301922087,0
2030,141,9,0.015592029500135862,0
2030,141,13,0.03676010850542067,0
2030,141,43,0.04257976654222406,0
2030,141,47,0.017585580630762158,0
2030,141,54,0.08940906405133149,0
2030,141,63,0.02509737729316513,0
2030,141,70,0.01123577591430091,0
2030,141,80,0.02229536327645446,0
2030,141,112,0.05051641277128386,0
2030,141,149,0.0741278038803493,0
2030,141,168,0.027358363625137834,0
2030,141,170,0.5208623191394889,0
2030,141,179,0.01664596984254157,0
2030,142,6,0.029926204295175573,0
2030,142,43,0.04561277403266299,0
2030,142,47,0.5828931075348874,0
2030,142,50,0.024034539031271604,0
2030,142,55,0.04744080609637239,0
2030,142,70,0.030828135665193407,0
2030,142,82,0.08889569663886614,0
2030,142,94,0.01464276288216433,0
2030,142,98,0.057632573886568235,0
2030,142,132,0.05430550427276726,0
2030,142,174,0.014829135306286292,0
2030,143,6,0.02622958818510411,0
2030,143,23,0.15018104202130544,0
2030,143,47,0.10537663507882607,0
2030,143,92,0.05065281609203835,0
2030,143,96,0.5083678573637257,0
2030,143,112,0.051338853561209395,0
2030,143,175,0.054173045117984577,0
2030,144,23,0.10091383763012758,0
2030,144,30,0.06290517486464935,0
2030,144,33,0.04604730949658306,0
2030,144,47,0.06805302116052246,0
2030,144,92,0.010115264064892637,0
2030,144,112,0.014654458904609641,0
2030,144,175,0.09906200433981295,0
2030,144,178,0.5428008268922476,0
2030,145,10,0.03556389496558615,0
2030,145,20,0.015296968631570039,0
2030,145,23,0.10468656922854794,0
2030,145,28,0.05281902868590686,0
2030,145,47,0.034669376551614825,0
2030,145,52,0.011878384049626944,0
2030,145,98,0.5526472360472837,0
2030,145,105,0.05906015657632171,0
2030,145,112,0.020022448105178375,0
2030,145,131,0.044690768323840425,0
2030,145,135,0.01854680191504891,0
2030,145,143,0.025185893902893473,0
2030,145,175,0.022752562579818173,0
2030,146,9,0.013208694874671531,0
2030,146,16,0.023934242538816267,0
2030,146,17,0.062189005637261444,0
2030,146,26,0.015925832013399473,0
2030,146,36,0.010965364378824994,0
2030,146,39,0.1306907299774288,0
2030,146,54,0.020506414519748013,0
2030,146,71,0.018314513285495874,0
2030,146,74,0.039041231024179855,0
2030,146,86,0.012352862745107666,0
2030,146,108,0.553080828476065,0
2030,146,153,0.017356163112566412,0
2030,147,16,0.045768624143737426,0
2030,147,17,0.07019997796520296,0
2030,147,36,0.013403194080398641,0
2030,147,39,0.06474017895727738,0
2030,147,54,0.014582005739257263,0
2030,147,60,0.04144150878830407,0
2030,147,74,0.01632934323762643,0
2030,147,81,0.02285725653225896,0
2030,147,108,0.6479077770065792,0
2030,148,2,0.07338263320377207,0
2030,148,9,0.03797415681412849,0
2030,148,20,0.052126245551647014,0
2030,148,23,0.01291627001238534,0
2030,148,46,0.019943267580573538,0
2030,148,47,0.03353499143920206,0
2030,148,54,0.03252855115272289,0
2030,148,71,0.01814771761078806,0
2030,148,112,0.09646994541517591,0
2030,148,131,0.04321967924695295,0
2030,148,138,0.0826010308162655,0
2030,148,168,0.03514473310800481,0
2030,148,170,0.44224120892506696,0
2030,149,8,0.03789616823921952,0
2030,149,29,0.020432650043688397,0
2030,149,65,0.06294848621216297,0
2030,149,98,0.017002023609842012,0
2030,149,112,0.5875245593944237,0
2030,149,117,0.04721127396874633,0
2030,149,156,0.0705019513457213,0
2030,150,3,0.01596658292539756,0
2030,150,4,0.01220019853209838,0
2030,150,21,0.019972844074079933,0
2030,150,32,0.029677224016019688,0
2030,150,37,0.018628903212872673,0
2030,150,47,0.5872694046796646,0
2030,150,55,0.04961573811588231,0
2030,150,61,0.06642430315948199,0
2030,150,94,0.0121166826962332,0
2030,150,103,0.03740910678131741,0
2030,150,104,0.029291938777170044,0
2030,150,111,0.014660417684035485,0
2030,150,132,0.01346753245285809,0
2030,150,145,0.010331808800048739,0
2030,150,160,0.01655914433736759,0
2030,150,180,0.02054224541306375,0
2030,151,4,0.0338221925745936,0
2030,151,19,0.020955569859375973,0
2030,151,24,0.0359284542973887,0
2030,151,37,0.02256685944556488,0
2030,151,47,0.682535160441294,0
2030,151,55,0.03220299500994882,0
2030,151,61,0.02739415940034101,0
2030,151,103,0.021539992827221327,0
2030,151,104,0.04136916188764271,0
2030,151,132,0.012035858512786228,0
2030,151,160,0.0233853364288224,0
2030,152,6,0.03486484664926524,0
2030,152,8,0.5136011238501469,0
2030,152,10,0.061776801206483434,0
2030,152,23,0.012962563429010443,0
2030,152,33,0.023206613053036153,0
2030,152,35,0.05880013315498805,0
2030,152,44,0.03828644182729149,0
2030,152,49,0.012146336455100902,0
2030,152,50,0.07810769618846065,0
2030,152,52,0.031655123178702116,0
2030,152,143,0.011744796548117015,0
2030,152,175,0.04356155227231882,0
2030,153,10,0.022952996882267408,0
2030,153,14,0.03962668012195071,0
2030,153,18,0.026392367130091934,0
2030,153,30,0.07553962366028223,0
2030,153,38,0.012043579137694944,0
2030,153,40,0.01710119447107709,0
2030,153,47,0.02270154086651434,0
2030,153,53,0.022496954217936117,0
2030,153,73,0.058173026634684606,0
2030,153,101,0.01227222814946317,0
2030,153,135,0.04927289885543846,0
2030,153,156,0.018443087930063662,0
2030,153,178,0.5027007956157503,0
2030,154,28,0.02593887095015216,0
2030,154,33,0.023104388337499417,0
2030,154,35,0.028839312495577515,0
2030,154,40,0.03158381576676033,0
2030,154,75,0.05705352122183803,0
2030,154,98,0.5746818222209165,0
2030,154,105,0.03044193850709399,0
2030,154,124,0.010049435050460742,0
2030,154,133,0.036556328518337504,0
2030,154,143,0.044474474745013676,0
2030,154,175,0.06512104533977145,0
2030,155,6,0.025606829414989974,0
2030,155,10,0.09142000694430752,0
2030,155,20,0.03073594458370646,0
2030,155,23,0.04993255378853173,0
2030,155,28,0.014702759539467453,0
2030,155,47,0.05103151259831068,0
2030,155,50,0.012730749085063017,0
2030,155,59,0.09212424598514239,0
2030,155,96,0.5323751475692179,0
2030,155,112,0.017303627044445883,0
2030,155,135,0.07278534742827965,0
2030,156,5,0.1260181238308141,0
2030,156,16,0.03376266307415184,0
2030,156,30,0.032000420896609365,0
2030,156,33,0.016301500891377035,0
2030,156,43,0.011952956595915134,0
2030,156,46,0.01332705697344488,0
2030,156,69,0.019093729914526878,0
2030,156,88,0.602951481347972,0
2030,156,122,0.023430660558918202,0
2030,156,124,0.04892437149645465,0
2030,156,138,0.016491450658188977,0
2030,156,160,0.017532590768138165,0
2030,157,5,0.15185118984382942,0
2030,157,15,0.011133417238558258,0
2030,157,30,0.03573669740729974,0
2030,157,33,0.050305130855276416,0
2030,157,53,0.01922412218254752,0
2030,157,85,0.020315097572707216,0
2030,157,88,0.5674392485799211,0
2030,157,103,0.016263578774799795,0
2030,157,124,0.048793401847153264,0
2030,157,160,0.024715678396777945,0
2030,158,2,0.03543041020447673,0
2030,158,5,0.03516073683612754,0
2030,158,16,0.030244531227803618,0
2030,158,17,0.11200091480192635,0
2030,158,36,0.02712604080673266,0
2030,158,71,0.013976303431312375,0
2030,158,74,0.01486271727148824,0
2030,158,81,0.043343439527340225,0
2030,158,108,0.5746422314039228,0
2030,158,143,0.02513958586862574,0
2030,158,175,0.02773209949494825,0
2030,159,5,0.017226568723883676,0
2030,159,12,0.01926373141353601,0
2030,159,16,0.021316975504294327,0
2030,159,53,0.0822965860158513,0
2030,159,56,0.05412533009489472,0
2030,159,69,0.059039375292209276,0
2030,159,79,0.06247819955098966,0
2030,159,85,0.067354883408162,0
2030,159,88,0.5550003972248917,0
2030,159,127,0.018034261830371243,0
2030,160,5,0.13712520925987423,0
2030,160,12,0.03713868477159061,0
2030,160,29,0.011756133351650922,0
2030,160,33,0.058224770240254985,0
2030,160,48,0.014347720688476753,0
2030,160,53,0.05713424615878443,0
2030,160,69,0.014397161392557813,0
2030,160,79,0.033456907312262106,0
2030,160,85,0.03096478501330865,0
2030,160,88,0.4973725336866544,0
2030,160,147,0.017499877759824128,0
2030,161,14,0.019287517231817097,0
2030,161,20,0.029053148625846546,0
2030,161,27,0.014015554290508473,0
2030,161,28,0.024993701743986598,0
2030,161,32,0.025582397992346573,0
2030,161,47,0.03779162885865172,0
2030,161,59,0.03333568665862108,0
2030,161,61,0.017277090724502113,0
2030,161,117,0.05638007438282529,0
2030,161,135,0.026803730384939113,0
2030,161,156,0.04321981775449127,0
2030,161,163,0.01484683186473123,0
2030,161,170,0.5200662008056796,0
2030,161,171,0.03722719035596122,0
2030,162,6,0.021014096026467297,0
2030,162,8,0.06779782302705419,0
2030,162,20,0.024457102317551962,0
2030,162,23,0.026035931380090988,0
2030,162,35,0.021035433612507818,0
2030,162,47,0.04531433967412461,0
2030,162,69,0.4505096214285562,0
2030,162,70,0.03618090334384533,0
2030,162,88,0.023081856222347277,0
2030,162,91,0.01723203385195033,0
2030,162,92,0.03141717312995116,0
2030,162,97,0.0257149975764741,0
2030,162,112,0.039940849457604115,0
2030,162,131,0.03685609880283364,0
2030,162,143,0.017807878996619973,0
2030,162,167,0.05129961989592246,0
2030,163,6,0.02196714050211224,0
2030,163,16,0.014666271989754938,0
2030,163,26,0.010411551732193098,0
2030,163,44,0.06849143046331298,0
2030,163,74,0.03642352554004619,0
2030,163,82,0.016444490683353904,0
2030,163,92,0.04202030453388877,0
2030,163,96,0.021592491755986667,0
2030,163,98,0.01280848159130164,0
2030,163,131,0.5364831605016828,0
2030,163,177,0.018729928263941084,0
2030,164,23,0.02859346098989457,0
2030,164,26,0.0186639939726239,0
2030,164,43,0.015794806382441278,0
2030,164,47,0.07033738631955781,0
2030,164,74,0.022776004972245478,0
2030,164,91,0.03476266605995383,0
2030,164,92,0.07725853014102312,0
2030,164,108,0.614215680372176,0
2030,164,112,0.019334056113392496,0
2030,164,138,0.022981988572461164,0
2030,164,175,0.04579811152138061,0
2030,165,20,0.010267189013250924,0
2030,165,36,0.010711502998731713,0
2030,165,40,0.05502497468259007,0
2030,165,47,0.017877969373534492,0
2030,165,74,0.014337348433478876,0
2030,165,91,0.020653841893066807,0
2030,165,108,0.748381334139114,0
2030,165,124,0.02174147089118899,0
2030,165,143,0.014562063121980957,0
2030,165,171,0.023840934769815934,0
2030,166,2,0.025310037517988278,0
2030,166,5,0.04879144448274016,0
2030,166,12,0.028105463072967535,0
2030,166,25,0.01839472300224327,0
2030,166,33,0.03613984283447779,0
2030,166,53,0.06833602422362291,0
2030,166,56,0.017715940413529536,0
2030,166,69,0.03799581081758365,0
2030,166,79,0.022454307512132867,0
2030,166,85,0.06792767585299544,0
2030,166,88,0.5744382172617969,0
2030,166,127,0.010056277189971706,0
2030,166,147,0.020556329598825886,0
2030,167,7,0.04074561730305973,0
2030,167,20,0.10115334242313447,0
2030,167,35,0.024400818335008775,0
2030,167,54,0.022443927385092027,0
2030,167,60,0.014509974797378429,0
2030,167,76,0.012223949476487765,0
2030,167,170,0.7235087670885684,0
2030,167,172,0.01020150283648117,0
2030,168,6,0.046204629297264974,0
2030,168,23,0.1737103938314805,0
2030,168,35,0.014666111299879726,0
2030,168,53,0.07024461569538405,0
2030,168,73,0.05898265837038082,0
2030,168,92,0.03507231717918069,0
2030,168,97,0.010228025995344028,0
2030,168,98,0.47583942229719633,0
2030,168,175,0.04215838254557486,0
2030,169,6,0.05048174558524038,0
2030,169,70,0.010044495435945199,0
2030,169,82,0.02544370215815146,0
2030,169,92,0.0830739710966059,0
2030,169,98,0.09574915783249065,0
2030,169,112,0.5918109527441686,0
2030,170,82,0.014829370457295649,0
2030,170,92,0.0249149286100676,0
2030,170,98,0.028195209110269494,0
2030,170,112,0.784779370026747,0
2030,171,23,0.6057434997619353,0
2030,171,43,0.021555253401570617,0
2030,171,61,0.04153748778564971,0
2030,171,78,0.021253028646808232,0
2030,171,82,0.036849544199157175,0
2030,171,98,0.13492796393621811,0
2030,171,132,0.09978366807465558,0
2030,172,6,0.015547568157403907,0
2030,172,20,0.022811705093501725,0
2030,172,23,0.126758010112932,0
2030,172,35,0.013017885066956862,0
2030,172,73,0.02574164896204128,0
2030,172,92,0.022375466431483994,0
2030,172,97,0.04673130344947179,0
2030,172,112,0.08116567673398188,0
2030,172,177,0.6420329452654979,0
2030,173,2,0.14575942070299305,0
2030,173,17,0.06980461008431742,0
2030,173,20,0.028569485662524385,0
2030,173,23,0.05785482478841007,0
2030,173,40,0.030540400313820628,0
2030,173,71,0.03044561989628343,0
2030,173,74,0.01256118016533504,0
2030,173,93,0.030867994916769226,0
2030,173,99,0.020975451457906743,0
2030,173,108,0.4644251412020755,0
2030,173,112,0.09238270577925002,0
2030,174,2,0.02187665315598523,0
2030,174,5,0.09087632227321862,0
2030,174,12,0.01777156970311378,0
2030,174,15,0.031310073148344546,0
2030,174,16,0.037264318287249146,0
2030,174,25,0.022256476658407978,0
2030,174,48,0.018530964533392355,0
2030,174,53,0.04901039151093437,0
2030,174,69,0.06314450322156695,0
2030,174,88,0.5385803538854659,0
2030,174,93,0.03614593462841214,0
2030,174,112,0.016146511932426787,0
2030,174,138,0.012750889169323407,0
2030,175,5,0.1618905778736421,0
2030,175,11,0.01817918067021376,0
2030,175,12,0.027270788644864714,0
2030,175,29,0.024711984755162942,0
2030,175,33,0.017355447098729892,0
2030,175,34,0.015258351232801969,0
2030,175,48,0.010157616072901741,0
2030,175,57,0.017774105475815184,0
2030,175,69,0.03531133774978435,0
2030,175,88,0.5125427885496617,0
2030,175,122,0.03580688013696891,0
2030,175,124,0.019783672812681955,0
2030,176,5,0.0850031392656632,0
2030,176,17,0.04116542863848189,0
2030,176,23,0.017611426710461647,0
2030,176,33,0.05228618340376176,0
2030,176,49,0.012344476629887205,0
2030,176,53,0.10289601841660323,0
2030,176,56,0.018439007748385534,0
2030,176,69,0.010415162557015238,0
2030,176,79,0.01861055787442821,0
2030,176,85,0.03572103141335402,0
2030,176,88,0.575268261817369,0
2030,176,175,0.013059185399087302,0
2030,177,7,0.03753807451467122,0
2030,177,17,0.051625097663761284,0
2030,177,20,0.1048279981482002,0
2030,177,23,0.11950422796399224,0
2030,177,25,0.035130333237202785,0
2030,177,35,0.025516629514949058,0
2030,177,52,0.041835922853753926,0
2030,177,56,0.03166371533937274,0
2030,177,112,0.05782312730497219,0
2030,177,165,0.012317021946126265,0
2030,177,170,0.43881998490617985,0
2030,177,172,0.039992149027277143,0
2030,178,6,0.015231717593339685,0
2030,178,23,0.1349997721154853,0
2030,178,35,0.019054215484308256,0
2030,178,47,0.04904980703832721,0
2030,178,77,0.014275540590828455,0
2030,178,92,0.034715479731276956,0
2030,178,96,0.037431713448267984,0
2030,178,112,0.11039266281619105,0
2030,178,131,0.01123910440447193,0
2030,178,138,0.010030166035000126,0
2030,178,164,0.4906875637235345,0
2030,178,175,0.03259667636531217,0
2030,179,6,0.05701679272080516,0
2030,179,82,0.023667203431715727,0
2030,179,92,0.08442088063502247,0
2030,179,98,0.018407072821424036,0
2030,179,112,0.6268032559716538,0
2030,179,132,0.03920205430347583,0
2030,180,6,0.023443685696946118,0
2030,180,23,0.5253820317203,0
2030,180,43,0.04926036514598052,0
2030,180,82,0.04298277326282626,0
2030,180,98,0.23572559235885743,0
2030,180,132,0.07314365467190027,0
2030,181,8,0.04483376407185814,0
2030,181,23,0.4857749412793149,0
2030,181,43,0.026348109027050787,0
2030,181,78,0.02101841912323226,0
2030,181,82,0.015046200492922638,0
2030,181,92,0.03079430772980885,0
2030,181,98,0.21862094159396178,0
2030,181,132,0.08746590518453277,0
2030,181,138,0.011475979768958424,0
2030,182,8,0.0443774701468906,0
2030,182,23,0.41557193074232485,0
2030,182,47,0.01285464753115605,0
2030,182,51,0.054807262261998314,0
2030,182,61,0.0262764308955595,0
2030,182,65,0.021487489084708905,0
2030,182,78,0.01160858264656624,0
2030,182,92,0.07115487275073659,0
2030,182,98,0.14207555075983028,0
2030,182,132,0.08343301524498882,0
2030,183,3,0.03283068137719179,0
2030,183,26,0.029327194557928794,0
2030,183,43,0.03428695271303198,0
2030,183,47,0.6984393490277988,0
2030,183,55,0.044433919392817336,0
2030,183,82,0.012030692148591414,0
2030,183,138,0.03461859261597095,0
2030,183,142,0.03342057451024684,0
2030,183,152,0.013682612213213154,0
2030,183,168,0.036233979878478366,0
2030,183,174,0.01304079217100294,0
2030,184,2,0.0343901443721541,0
2030,184,15,0.015534135542253842,0
2030,184,25,0.03850212542705423,0
2030,184,37,0.011659891293296065,0
2030,184,47,0.757870637658179,0
2030,184,49,0.024239462611766148,0
2030,184,55,0.016773071210895128,0
2030,184,103,0.021904021791047276,0
2030,184,111,0.03420455107833856,0
2030,185,8,0.013255450972997945,0
2030,185,31,0.020911749229794194,0
2030,185,51,0.03023010128848155,0
2030,185,61,0.038368939186580756,0
2030,185,112,0.6107205427583874,0
2030,185,117,0.015378109342245462,0
2030,185,133,0.02464711604581024,0
2030,185,156,0.01280261073368377,0
2030,186,2,0.015125859415778695,0
2030,186,17,0.013841407602273589,0
2030,186,23,0.10064201841127476,0
2030,186,26,0.030785073505962244,0
2030,186,35,0.07218928457495964,0
2030,186,43,0.04702454493931971,0
2030,186,92,0.013733322485208891,0
2030,186,96,0.06408701288924629,0
2030,186,112,0.08723276653947093,0
2030,186,155,0.5275594665525527,0
2030,187,2,0.15319885915558265,0
2030,187,6,0.010901430727042466,0
2030,187,16,0.010900205182050987,0
2030,187,17,0.08071081501856087,0
2030,187,23,0.05324949245208843,0
2030,187,74,0.04512130727878322,0
2030,187,93,0.010829244198887185,0
2030,187,108,0.579458691356434,0
2030,187,112,0.03775287607780552,0
2030,188,2,0.06384583584858451,0
2030,188,17,0.17793637130844694,0
2030,188,23,0.09751863742974747,0
2030,188,74,0.024292557940341037,0
2030,188,79,0.014754771521522648,0
2030,188,92,0.017628215233949227,0
2030,188,108,0.5559207599302782,0
2030,188,112,0.012987651295015232,0
2030,188,175,0.023803518847849564,0
2030,189,4,0.018171416554028794,0
2030,189,5,0.02044816279927254,0
2030,189,9,0.022830767217021666,0
2030,189,19,0.022886275444978395,0
2030,189,46,0.016705043127547337,0
2030,189,67,0.012646671674554412,0
2030,189,97,0.7031533362952109,0
2030,189,107,0.022660304327193143,0
2030,189,118,0.02626880830193531,0
2030,189,122,0.010785419438768045,0
2030,189,136,0.0109917920531399,0
2030,189,138,0.014435685927689687,0
2030,189,154,0.025085009441759364,0
2030,189,168,0.021860295541286646,0
2030,190,60,0.03137763752321486,0
2030,190,89,0.010620028776950705,0
2030,190,112,0.7949753610584369,0
2030,190,113,0.020712903706888334,0
2030,191,3,0.10742796196137937,0
2030,191,16,0.020671321545475758,0
2030,191,23,0.09514382862595858,0
2030,191,43,0.05803237860189334,0
2030,191,55,0.03856640465776673,0
2030,191,69,0.031243114324610643,0
2030,191,77,0.05899562114096741,0
2030,191,97,0.4870863755708071,0
2030,191,112,0.06998550634335675,0
2030,191,138,0.012971937574211438,0
2030,192,8,0.027445923979331075,0
2030,192,46,0.028757679973483278,0
2030,192,91,0.024131479047454718,0
2030,192,112,0.02172606693723712,0
2030,192,116,0.03965497827153594,0
2030,192,131,0.014867547877225572,0
2030,192,164,0.8020891639088744,0
2030,192,168,0.015906657349225698,0
2030,193,6,0.06192738187277441,0
2030,193,23,0.19790784365647635,0
2030,193,35,0.02487753793951618,0
2030,193,52,0.040852047627547246,0
2030,193,77,0.04187451741304857,0
2030,193,105,0.08583050107137878,0
2030,193,112,0.0697094933732968,0
2030,193,131,0.02006364926173698,0
2030,193,178,0.4463071888088228,0
2030,194,3,0.015637572512612778,0
2030,194,5,0.0515186227717352,0
2030,194,16,0.12754347321690523,0
2030,194,23,0.03816842805273422,0
2030,194,26,0.014812586696050203,0
2030,194,43,0.022555757858450775,0
2030,194,47,0.015321284801977078,0
2030,194,88,0.5720565791005108,0
2030,194,93,0.01712854058401503,0
2030,194,112,0.033042046101322234,0
2030,194,138,0.061815723710064725,0
2030,194,142,0.013399743097579526,0
2030,195,5,0.06588365944889492,0
2030,195,16,0.1047774872106519,0
2030,195,17,0.027425122421474053,0
2030,195,18,0.015623941359570811,0
2030,195,30,0.022012967420439768,0
2030,195,46,0.01427746632199145,0
2030,195,71,0.03569955428124397,0
2030,195,85,0.01677454518675325,0
2030,195,96,0.013886150036937772,0
2030,195,108,0.5818769674780564,0
2030,195,124,0.05790756657350347,0
2030,196,9,0.0446383837876246,0
2030,196,23,0.02474775820449439,0
2030,196,26,0.01417266641747311,0
2030,196,46,0.06892876902284989,0
2030,196,47,0.03231055964256949,0
2030,196,54,0.03885178345129009,0
2030,196,80,0.028048543648186503,0
2030,196,97,0.013891811035416824,0
2030,196,112,0.07215260459663424,0
2030,196,138,0.013458266253796827,0
2030,196,149,0.03750125619836273,0
2030,196,170,0.5653558049170597,0
2030,197,78,0.012640199122358156,0
2030,197,82,0.025198270093012436,0
2030,197,98,0.04616244879010849,0
2030,197,112,0.7981271759780111,0
2030,197,132,0.020116018653020148,0
2030,198,43,0.016619248934912872,0
2030,198,92,0.025702890188182333,0
2030,198,98,0.06430101920659069,0
2030,198,112,0.8017253677309102,0
2030,198,132,0.014590361812631203,0
2030,199,3,0.20118237911677408,0
2030,199,50,0.01817489854973275,0
2030,199,77,0.12937963766177554,0
2030,199,105,0.12486516967009358,0
2030,199,112,0.5183937185466264,0
2030,200,2,0.2067959498569347,0
2030,200,17,0.023156568871002047,0
2030,200,23,0.16597531661577103,0
2030,200,25,0.12857380049269898,0
2030,200,112,0.3649470003027264,0
2030,200,131,0.015940073094946904,0
2030,200,179,0.07240426143198705,0
2030,201,112,1.0,0
2030,202,10,0.012526737230497615,0
2030,202,28,0.02503566878335246,0
2030,202,32,0.09661891754023094,0
2030,202,61,0.027627928984610327,0
2030,202,82,0.010665661907686563,0
2030,202,112,0.651663416139306,0
2030,202,117,0.012411483789650754,0
2030,202,156,0.011345453775320096,0
2030,202,157,0.027501471347847153,0
2030,203,2,0.028752898810190202,0
2030,203,5,0.13843658597417113,0
2030,203,15,0.04493601069349753,0
2030,203,16,0.02108581768915799,0
2030,203,30,0.03168346535093339,0
2030,203,53,0.04200335199495426,0
2030,203,88,0.6105109996548869,0
2030,203,112,0.01091800600546049,0
2030,203,124,0.03915812024307288,0
2030,203,168,0.010077357625154808,0
2030,204,2,0.20714579166293226,0
2030,204,17,0.020096991809252236,0
2030,204,23,0.09436995603272058,0
2030,204,25,0.11103901152374973,0
2030,204,49,0.025232687718116396,0
2030,204,52,0.01234049818043727,0
2030,204,93,0.0443021977802653,0
2030,204,99,0.026241676833488402,0
2030,204,108,0.18230463935926267,0
2030,204,112,0.22090346170838907,0
2030,204,143,0.041225531707633024,0
2030,205,2,0.37842702369718867,0
2030,205,6,0.010764121661123663,0
2030,205,17,0.03927061303227268,0
2030,205,20,0.014509414828839546,0
2030,205,23,0.20140398911280472,0
2030,205,112,0.34185947698688457,0
2030,205,170,0.0,0
2030,206,131,1.0,0
2030,207,2,0.10741795280726656,0
2030,207,9,0.033681764677988134,0
2030,207,20,0.0785501786787894,0
2030,207,23,0.012058741392416637,0
2030,207,26,0.035497040751054386,0
2030,207,36,0.03048704193695499,0
2030,207,43,0.016511380408812747,0
2030,207,112,0.08730996326771198,0
2030,207,138,0.06115642573028551,0
2030,207,143,0.03532887829514528,0
2030,207,164,0.45147066210773074,0
2030,207,168,0.029866810329745995,0
2030,208,29,0.048674900009154594,0
2030,208,34,0.04486623804480119,0
2030,208,63,0.02761279831643957,0
2030,208,111,0.02477517406620109,0
2030,208,112,0.7759426669735942,0
2030,208,164,0.011827343186698988,0
2030,208,174,0.01481765499682696,0
2030,209,6,0.013141991597894824,0
2030,209,12,0.031758402965952844,0
2030,209,22,0.015378224100167879,0
2030,209,26,0.03452666007883849,0
2030,209,70,0.027149601803172746,0
2030,209,82,0.012655322162267382,0
2030,209,92,0.04246241237374012,0
2030,209,97,0.02563362084460497,0
2030,209,98,0.028792512052602644,0
2030,209,112,0.539212458335637,0
2030,209,149,0.07723972202466058,0
2030,210,8,0.010263026862018743,0
2030,210,29,0.03403176658841218,0
2030,210,43,0.025954106840664418,0
2030,210,47,0.032746435199448726,0
2030,210,51,0.01305304696226202,0
2030,210,92,0.07609442894676491,0
2030,210,98,0.17223630697758566,0
2030,210,112,0.510761007365643,0
2030,211,28,0.020645281151132712,0
2030,211,44,0.023264322190466067,0
2030,211,60,0.010359248431071942,0
2030,211,61,0.017825672820716038,0
2030,211,105,0.011322703488061858,0
2030,211,112,0.8385372138532394,0
2030,211,113,0.029800102029505438,0
2030,212,11,0.011450655469399666,0
2030,212,22,0.031314449097254046,0
2030,212,41,0.021818361556186338,0
2030,212,83,0.03529668711882831,0
2030,212,112,0.8048444460218452,0
2030,213,2,0.029468559342222374,0
2030,213,16,0.05358926048952872,0
2030,213,17,0.020968291620550684,0
2030,213,39,0.018443188690859987,0
2030,213,52,0.02294330550338898,0
2030,213,62,0.025627364505851485,0
2030,213,83,0.015400423942515248,0
2030,213,84,0.01822065700365633,0
2030,213,86,0.056081055364703675,0
2030,213,112,0.6753289255289903,0
2030,213,134,0.015794518447998347,0
2030,213,162,0.012863319773637746,0
2030,214,44,0.05939741140080596,0
2030,214,77,0.042026360842602487,0
2030,214,78,0.01949575994127837,0
2030,214,112,0.8020283826039053,0
2030,214,132,0.010947733764874384,0
2030,215,21,0.015662423196671296,0
2030,215,29,0.029795973200742048,0
2030,215,35,0.07832986544523188,0
2030,215,55,0.09950921405297179,0
2030,215,77,0.1132442678722428,0
2030,215,78,0.01010756262658703,0
2030,215,112,0.5412320477040965,0
2030,215,144,0.03768549393165564,0
2030,216,11,0.017869639947751453,0
2030,216,21,0.047977785399821705,0
2030,216,29,0.09938202602003995,0
2030,216,31,0.04204181380338132,0
2030,216,96,0.013834422161116196,0
2030,216,98,0.022376361232155816,0
2030,216,112,0.5802337260289326,0
2030,217,8,0.04264677616380237,0
2030,217,16,0.104856435094749,0
2030,217,30,0.06911500362032097,0
2030,217,31,0.015099977821383887,0
2030,217,37,0.01623643321798774,0
2030,217,38,0.019633959125646,0
2030,217,43,0.03868369327698166,0
2030,217,55,0.027738106654108936,0
2030,217,67,0.010679627096027558,0
2030,217,96,0.012698352354020028,0
2030,217,97,0.5478234934225497,0
2030,217,138,0.026068137637598257,0
2030,217,160,0.020664401511232035,0
2030,217,168,0.01953311838544337,0
2030,218,51,0.03453670858493853,0
2030,218,92,0.04104061084723316,0
2030,218,98,0.026659012325991324,0
2030,218,112,0.7693119888313903,0
2030,219,8,0.013473824754798665,0
2030,219,51,0.05907113106510845,0
2030,219,65,0.05249619698586866,0
2030,219,92,0.015846940685892454,0
2030,219,98,0.01963343416472444,0
2030,219,112,0.6615724916920643,0
2030,219,125,0.012532127378328404,0
2030,219,156,0.010272632069022687,0
2030,220,3,0.06067791335029841,0
2030,220,18,0.028421471414232163,0
2030,220,23,0.04339985183576881,0
2030,220,35,0.03661845840903337,0
2030,220,43,0.02648477044513973,0
2030,220,47,0.06152119068470419,0
2030,220,55,0.023983739876308318,0
2030,220,77,0.06548484995798513,0
2030,220,91,0.0133887802367531,0
2030,220,105,0.04632303568534862,0
2030,220,112,0.15717272420346035,0
2030,220,135,0.03551058937583084,0
2030,220,155,0.38998015575915834,0
2030,221,2,0.0927618322856837,0
2030,221,17,0.16173551268128414,0
2030,221,23,0.09836795900613439,0
2030,221,52,0.012243871247984903,0
2030,221,99,0.05241834964294032,0
2030,221,108,0.44895287794121164,0
2030,221,112,0.04525881469234943,0
2030,221,134,0.016116281437292282,0
2030,221,143,0.0172201603564811,0
2030,221,175,0.02642304070418988,0
2030,222,15,0.2160680508208708,0
2030,222,23,0.19024526968105013,0
2030,222,53,0.017486336282303973,0
2030,222,112,0.1718515386377827,0
2030,222,116,0.01817042821778473,0
2030,222,164,0.35485115161227404,0
2030,222,175,0.023180475833892492,0
2030,223,6,0.028583320944467496,0
2030,223,26,0.26093492281147646,0
2030,223,74,0.06960058100593244,0
2030,223,92,0.07637369012843853,0
2030,223,97,0.032229447248069136,0
2030,223,112,0.42200904719640964,0
2030,224,51,0.027392340955978558,0
2030,224,78,0.03751592636174849,0
2030,224,82,0.024551101320750467,0
2030,224,92,0.06542408203060278,0
2030,224,98,0.04485519858450695,0
2030,224,112,0.6361276268720637,0
2030,225,2,0.030270973408982542,0
2030,225,18,0.016336269844967877,0
2030,225,43,0.06896570282280487,0
2030,225,93,0.05523199482072281,0
2030,225,105,0.48983128683115096,0
2030,225,112,0.16517040640128025,0
2030,225,135,0.025223496495096684,0
2030,225,138,0.06601602768956268,0
2030,225,154,0.03095171628242416,0
2030,225,168,0.051288855453494916,0
2030,226,2,0.07567419504204474,0
2030,226,5,0.034204101715935624,0
2030,226,14,0.023756435310887457,0
2030,226,23,0.029275557041391953,0
2030,226,25,0.02761736916690951,0
2030,226,30,0.032429121515185025,0
2030,226,38,0.012677720746491594,0
2030,226,88,0.1322217186399305,0
2030,226,90,0.02445727913133261,0
2030,226,93,0.10463496309072857,0
2030,226,99,0.061685033784230084,0
2030,226,112,0.2002664196139116,0
2030,226,118,0.07391565855694589,0
2030,226,135,0.015651083389477318,0
2030,226,154,0.10729961147485947,0
2030,226,168,0.026227128141530866,0
2030,227,2,0.020673150561815453,0
2030,227,5,0.0775352548189678,0
2030,227,12,0.010487665700209328,0
2030,227,17,0.012783642694778741,0
2030,227,21,0.011975361987786861,0
2030,227,23,0.01657942018491533,0
2030,227,25,0.04804867011310705,0
2030,227,33,0.08284062713454511,0
2030,227,49,0.015703105744024316,0
2030,227,53,0.06961545773758632,0
2030,227,56,0.01763489189190835,0
2030,227,74,0.025508352864676075,0
2030,227,79,0.011229750415099738,0
2030,227,85,0.058036702930522176,0
2030,227,88,0.41296823289158713,0
2030,227,147,0.031089943075565896,0
2030,227,175,0.028747921792814747,0
2030,228,2,0.2729595004370188,0
2030,228,6,0.06807661332074622,0
2030,228,12,0.01252003026681606,0
2030,228,20,0.014348822870911512,0
2030,228,23,0.14716834756579683,0
2030,228,25,0.016153729286404656,0
2030,228,79,0.038084993650916416,0
2030,228,112,0.25751662175149165,0
2030,228,170,0.16133830688795492,0
2030,229,26,0.013414692821546056,0
2030,229,47,0.014438967878275878,0
2030,229,51,0.031851342514194185,0
2030,229,92,0.09585902821264276,0
2030,229,112,0.8193022727584529,0
2030,229,138,0.016966024129729584,0
2030,230,51,0.081330945553068,0
2030,230,82,0.03720422366794275,0
2030,230,92,0.14271158289355265,0
2030,230,98,0.019726105645751012,0
2030,230,112,0.5409648244868627,0
2030,230,132,0.02943979410187522,0
2030,231,6,0.08657474887836668,0
2030,231,23,0.1846787151981028,0
2030,231,35,0.029508463349073602,0
2030,231,47,0.040169917864523084,0
2030,231,92,0.050507732680192166,0
2030,231,98,0.49301350488358436,0
2030,231,112,0.03218828022955557,0
2030,231,135,0.014666938906287208,0
2030,231,175,0.05765284502732218,0
2030,232,31,0.010445240022550144,0
2030,232,44,0.041919882504483114,0
2030,232,60,0.012051607074131204,0
2030,232,78,0.020258127978177377,0
2030,232,105,0.011632724240815396,0
2030,232,112,0.6846653857476446,0
2030,232,113,0.026514836479125926,0
2030,232,144,0.016521404971098795,0
2030,233,17,0.020610426880545315,0
2030,233,18,0.05853551722408208,0
2030,233,23,0.13388919267188967,0
2030,233,35,0.06233908895145338,0
2030,233,36,0.010344518039552612,0
2030,233,38,0.013508073234324734,0
2030,233,55,0.01781547604442239,0
2030,233,77,0.03168961814728592,0
2030,233,93,0.014657388304817144,0
2030,233,96,0.012642102361493867,0
2030,233,112,0.1403517164146274,0
2030,233,131,0.01383624385283984,0
2030,233,143,0.034251387584958964,0
2030,233,155,0.4170938596820417,0
2030,234,16,0.04652806329373539,0
2030,234,17,0.0933089859463301,0
2030,234,23,0.14698531026669526,0
2030,234,35,0.024423621336497833,0
2030,234,74,0.045528039495759114,0
2030,234,92,0.025841193624881686,0
2030,234,108,0.4933511027200767,0
2030,234,112,0.023084173611595836,0
2030,234,175,0.06141460411457294,0
2030,235,2,0.04685329669015159,0
2030,235,17,0.0678274083105266,0
2030,235,23,0.19849330048316752,0
2030,235,26,0.026396004520927923,0
2030,235,35,0.011009967235378242,0
2030,235,74,0.0824391680062932,0
2030,235,92,0.05538507077955828,0
2030,235,97,0.012512872042547724,0
2030,235,108,0.4051470715244865,0
2030,235,112,0.06300911314810961,0
2030,235,175,0.02648659178710902,0
2030,236,6,0.03703553313421349,0
2030,236,26,0.026499039059526504,0
2030,236,35,0.03243050127891652,0
2030,236,44,0.04145051525407801,0
2030,236,74,0.06515747914742198,0
2030,236,92,0.043493801469947246,0
2030,236,127,0.03502883728820293,0
2030,236,131,0.5870141001532877,0
2030,237,1,0.025967886366421184,0
2030,237,4,0.022090678105903008,0
2030,237,21,0.02141060810975857,0
2030,237,31,0.04063386033066661,0
2030,237,40,0.018052691870533828,0
2030,237,61,0.045782546816321504,0
2030,237,112,0.569720695009493,0
2030,237,117,0.03173741838272933,0
2030,237,133,0.014316914852483478,0
2030,237,140,0.012042799987789298,0
2030,237,156,0.010587811835555464,0
2030,238,14,0.026093524949802365,0
2030,238,23,0.024851114334513934,0
2030,238,28,0.05140478961711933,0
2030,238,30,0.010069313998499314,0
2030,238,35,0.02401163417666364,0
2030,238,47,0.10505134529469766,0
2030,238,64,0.013052304973502207,0
2030,238,75,0.0705359842287689,0
2030,238,105,0.061543939249779994,0
2030,238,112,0.018019744347067827,0
2030,238,133,0.034876037445849564,0
2030,238,135,0.04873345617298988,0
2030,238,178,0.46003188894724717,0
2030,239,3,0.11247298884625508,0
2030,239,10,0.03922991698926296,0
2030,239,14,0.07648637662512366,0
2030,239,33,0.032310898636879,0
2030,239,38,0.02905900696529566,0
2030,239,45,0.03939624629185959,0
2030,239,55,0.05664177814178304,0
2030,239,74,0.34896426289129867,0
2030,239,90,0.011041052598909463,0
2030,239,93,0.03725340516750638,0
2030,239,112,0.09340988261967378,0
2030,239,135,0.04760082303176806,0
2030,239,168,0.03939444867946267,0
2030,239,175,0.014300358761270997,0
2030,240,1,0.01652081845312348,0
2030,240,2,0.011526475612675708,0
2030,240,4,0.03570303429689933,0
2030,240,5,0.11210319917289321,0
2030,240,16,0.01861061326177413,0
2030,240,33,0.06969401476210117,0
2030,240,40,0.03763785884111651,0
2030,240,88,0.4093285678401976,0
2030,240,93,0.05217403195497326,0
2030,240,104,0.014579244729480568,0
2030,240,109,0.038925027945605775,0
2030,240,112,0.026770419925922044,0
2030,240,118,0.023954883590742923,0
2030,240,138,0.03172576801580253,0
2030,240,154,0.03258435076390796,0
2030,240,168,0.02764631392531152,0
2030,241,1,0.03021027774165219,0
2030,241,2,0.02340945077348324,0
2030,241,5,0.05222834445838597,0
2030,241,12,0.0513051487907698,0
2030,241,15,0.010658973934680788,0
2030,241,25,0.04318183748938612,0
2030,241,29,0.021240916080019684,0
2030,241,33,0.10581237985230824,0
2030,241,53,0.015208702229165124,0
2030,241,69,0.02070045104848825,0
2030,241,81,0.012919678920389541,0
2030,241,85,0.04812362772280951,0
2030,241,88,0.4456411450126884,0
2030,241,93,0.013034833613602703,0
2030,241,147,0.03617171706674443,0
2030,241,175,0.022796135130378287,0
2030,242,1,0.014409473124402484,0
2030,242,2,0.04503772894325973,0
2030,242,5,0.012228612839844213,0
2030,242,6,0.021471241743868753,0
2030,242,12,0.0512661572275523,0
2030,242,23,0.010063472988112726,0
2030,242,25,0.05237113765337412,0
2030,242,33,0.09487802677208823,0
2030,242,53,0.021847563246058924,0
2030,242,69,0.020866290470131735,0
2030,242,79,0.03309692468049125,0
2030,242,85,0.03210765556156342,0
2030,242,88,0.4528352117276897,0
2030,242,93,0.02888806704025071,0
2030,242,127,0.03183352265159923,0
2030,242,134,0.016778846996925417,0
2030,242,147,0.01107377841432051,0
2030,242,175,0.014891880651709013,0
2030,243,6,0.025933582676175904,0
2030,243,12,0.02541566898620388,0
2030,243,23,0.021573624928605838,0
2030,243,25,0.03536400866406158,0
2030,243,33,0.09122140849094966,0
2030,243,41,0.025345365542301053,0
2030,243,53,0.052366992534273835,0
2030,243,56,0.022671782909470528,0
2030,243,79,0.09722893165154907,0
2030,243,85,0.05271208163214952,0
2030,243,88,0.4031403945356495,0
2030,243,127,0.0607081646000967,0
2030,243,134,0.02064109273915857,0
2030,243,175,0.019176812166159476,0
2030,244,1,0.05275247389867822,0
2030,244,12,0.011859212436481876,0
2030,244,17,0.09368355099771686,0
2030,244,23,0.014129329799461111,0
2030,244,35,0.01778259402805168,0
2030,244,39,0.058299024075247195,0
2030,244,40,0.024877258450402128,0
2030,244,73,0.01604504360302557,0
2030,244,74,0.04583629246910992,0
2030,244,79,0.09345110452218817,0
2030,244,92,0.03086122342120437,0
2030,244,108,0.4842309946484884,0
2030,244,127,0.02160100187577036,0
2030,244,175,0.014703979156806254,0
2030,245,6,0.01588008920938053,0
2030,245,20,0.13636849800909984,0
2030,245,22,0.0507384272771359,0
2030,245,35,0.010125004482142505,0
2030,245,54,0.02173058997495414,0
2030,245,62,0.03273713528107703,0
2030,245,83,0.019745310590183168,0
2030,245,92,0.018465455010313818,0
2030,245,170,0.667107603014144,0
2030,246,8,0.11868330025475321,0
2030,246,18,0.047578678583910516,0
2030,246,29,0.06109414298788153,0
2030,246,33,0.012226798280212281,0
2030,246,51,0.020588022569640697,0
2030,246,112,0.5532567629877543,0
2030,246,133,0.022801586175385666,0
2030,247,8,0.13431887875334642,0
2030,247,23,0.5487355157219278,0
2030,247,47,0.028248388211741138,0
2030,247,51,0.06063215586374607,0
2030,247,61,0.028562223079799484,0
2030,247,92,0.018914067205184126,0
2030,247,98,0.06779644981863717,0
2030,247,132,0.051532359930677125,0
2030,248,20,0.047385341538359056,0
2030,248,23,0.06216005934483329,0
2030,248,35,0.050069732824961646,0
2030,248,47,0.029997167201911413,0
2030,248,73,0.02012766018808432,0
2030,248,88,0.20929160999182111,0
2030,248,97,0.11546850302862155,0
2030,248,131,0.2537601247883068,0
2030,248,135,0.0954015586477208,0
2030,249,23,0.014811937352679187,0
2030,249,35,0.012161600876526905,0
2030,249,52,0.02075850134977084,0
2030,249,56,0.03163857359841304,0
2030,249,79,0.030432701468552745,0
2030,249,97,0.020628545481796406,0
2030,249,154,0.7729943292388587,0
2030,249,164,0.014983739576528543,0
2030,250,154,1.0,0
2030,251,21,0.01656183375841122,0
2030,251,33,0.08798447462340514,0
2030,251,36,0.06773584359566523,0
2030,251,49,0.0601093696951792,0
2030,251,94,0.05606907531647436,0
2030,251,103,0.1710728856266324,0
2030,251,124,0.05264989062580258,0
2030,251,140,0.24039165755926908,0
2030,251,143,0.08078560795168026,0
2030,251,175,0.15092977061643245,0
2030,252,5,0.010781187226155292,0
2030,252,11,0.012581746510872497,0
2030,252,12,0.04251810457757674,0
2030,252,16,0.06326418296631613,0
2030,252,29,0.04317327269984081,0
2030,252,39,0.0173224064051942,0
2030,252,88,0.626597106505459,0
2030,252,127,0.027159503299321437,0
2030,253,8,0.07776749017205226,0
2030,253,16,0.391874660706265,0
2030,253,23,0.09258661387172998,0
2030,253,33,0.022853338646362867,0
2030,253,47,0.08175267979702344,0
2030,253,138,0.026127792534406134,0
2030,253,143,0.24079138953425538,0
2030,253,175,0.04494528817256844,0
2030,254,6,0.04605403785862444,0
2030,254,23,0.15247989539800755,0
2030,254,33,0.020320603044361642,0
2030,254,35,0.0804370501025003,0
2030,254,92,0.023664839032981645,0
2030,254,98,0.4352409377965326,0
2030,254,105,0.014296370550423173,0
2030,254,175,0.10537925295710845,0
2030,255,6,0.011168356506082949,0
2030,255,35,0.026079390426187316,0
2030,255,41,0.022388062148621057,0
2030,255,47,0.571603742343027,0
2030,255,55,0.06889043662863967,0
2030,255,76,0.05175323307720149,0
2030,255,77,0.013557357978681666,0
2030,255,78,0.016355605161976167,0
2030,255,108,0.048028723071705394,0
2030,255,127,0.014188777881565527,0
2030,255,144,0.058666064399832185,0
2030,255,152,0.011012839095414234,0
2030,255,164,0.02686557102192785,0
2030,256,6,0.02220553320120743,0
2030,256,16,0.09052514472424378,0
2030,256,21,0.027191153591282515,0
2030,256,44,0.09418026651153001,0
2030,256,59,0.4870877749617926,0
2030,256,77,0.013007918713184236,0
2030,256,92,0.011560255206958246,0
2030,256,96,0.0318089324783359,0
2030,256,132,0.042245102557580856,0
2030,256,143,0.012549542087421517,0
2030,256,175,0.02819206489957517,0
2030,257,7,0.012912745520172781,0
2030,257,35,0.022625786043726785,0
2030,257,69,0.7628025466445395,0
2030,257,70,0.02364707465269313,0
2030,257,88,0.024317401676135268,0
2030,257,97,0.011511939771967707,0
2030,257,166,0.016175319257930854,0
2030,257,167,0.03130939125401659,0
2030,257,180,0.014354149146213087,0
2030,258,5,0.01881381762495742,0
2030,258,9,0.02113414254407251,0
2030,258,16,0.030750380581219955,0
2030,258,20,0.015323885958500014,0
2030,258,36,0.013493958632822158,0
2030,258,39,0.018294688509082557,0
2030,258,46,0.02283810085495132,0
2030,258,60,0.07919647749171645,0
2030,258,164,0.6732298869506753,0
2030,258,171,0.0210655444664239,0
2030,259,9,0.031022794070436677,0
2030,259,16,0.033712313219479574,0
2030,259,31,0.02184642238960887,0
2030,259,46,0.01321149177492761,0
2030,259,57,0.05392538751677562,0
2030,259,61,0.030679774078724815,0
2030,259,65,0.02632579360747984,0
2030,259,66,0.0167350986421658,0
2030,259,97,0.59645988512155,0
2030,259,117,0.026926915663488104,0
2030,259,130,0.018792145211820235,0
2030,259,167,0.019928625522704916,0
2030,260,3,0.018625346298825424,0
2030,260,8,0.08171359172175473,0
2030,260,16,0.012356553352588083,0
2030,260,23,0.02619117007344701,0
2030,260,32,0.014841666747554234,0
2030,260,33,0.02055112403382274,0
2030,260,43,0.032563608423014326,0
2030,260,55,0.010176865033015627,0
2030,260,61,0.040696141236315105,0
2030,260,77,0.07227404950508672,0
2030,260,96,0.01281204285817092,0
2030,260,97,0.5611877333804589,0
2030,260,112,0.014072098506186046,0
2030,260,132,0.010029581052100698,0
2030,260,175,0.01574238735366274,0
2030,261,3,0.059144133755172155,0
2030,261,10,0.07941796626842992,0
2030,261,28,0.04369681230621917,0
2030,261,32,0.05396145156904391,0
2030,261,59,0.016321772105871008,0
2030,261,77,0.04746136278569033,0
2030,261,97,0.6489016576157233,0
2030,261,105,0.02675522903906249,0
2030,262,5,0.05210957630405111,0
2030,262,13,0.019329898110531794,0
2030,262,16,0.10150264819897356,0
2030,262,17,0.039995501940601384,0
2030,262,23,0.04894673424754292,0
2030,262,30,0.013162958786397892,0
2030,262,46,0.0978785669767023,0
2030,262,88,0.42204425782925153,0
2030,262,116,0.025254290549039195,0
2030,262,124,0.0848975630884497,0
2030,262,136,0.016713062595784877,0
2030,263,10,0.04176549230879672,0
2030,263,21,0.03693584928824557,0
2030,263,23,0.011781840306097677,0
2030,263,37,0.013656295602736004,0
2030,263,47,0.6387834410034684,0
2030,263,49,0.05257277265853029,0
2030,263,50,0.05153087236264173,0
2030,263,53,0.03101013508382284,0
2030,263,103,0.020367847932201595,0
2030,263,111,0.010872149446418842,0
2030,263,121,0.02291942975435258,0
2030,264,16,0.028217505669444802,0
2030,264,17,0.019711355384950946,0
2030,264,23,0.12754795677912192,0
2030,264,26,0.015861124511408604,0
2030,264,30,0.0172306130876867,0
2030,264,35,0.014061903514286043,0
2030,264,47,0.02826875105786072,0
2030,264,74,0.019654689721115642,0
2030,264,85,0.013814356395385153,0
2030,264,91,0.047531246756643976,0
2030,264,96,0.03441820576897405,0
2030,264,108,0.44568329489282915,0
2030,264,112,0.03208687819458595,0
2030,264,143,0.05120227380850695,0
2030,264,175,0.018749736149480473,0
2030,265,16,0.023655033948862488,0
2030,265,17,0.0297273018308139,0
2030,265,36,0.037271037186114714,0
2030,265,39,0.04982557651544262,0
2030,265,46,0.022195371276385954,0
2030,265,47,0.016448698528728926,0
2030,265,54,0.014098703751952718,0
2030,265,60,0.011164042346229607,0
2030,265,74,0.025253963525263802,0
2030,265,108,0.5531921723570739,0
2030,265,124,0.03474279530786399,0
2030,265,143,0.01206266029714588,0
2030,265,171,0.03859450421682587,0
2030,266,4,0.05055259436021498,0
2030,266,5,0.02164754704431774,0
2030,266,8,0.030647873827972773,0
2030,266,31,0.01378497459930123,0
2030,266,33,0.03916000310224274,0
2030,266,34,0.013839301880482685,0
2030,266,46,0.05425095129976233,0
2030,266,61,0.04789334028928341,0
2030,266,67,0.02815493554465114,0
2030,266,97,0.45898299643442375,0
2030,266,117,0.0331835719919391,0
2030,266,124,0.017942396984734515,0
2030,266,160,0.032581065247527706,0
2030,267,6,0.021364124222333615,0
2030,267,23,0.2171366886100374,0
2030,267,47,0.07225216669308071,0
2030,267,50,0.02817405557770127,0
2030,267,52,0.0131560067774033,0
2030,267,77,0.01098682831810497,0
2030,267,105,0.03118115218593149,0
2030,267,112,0.033837043182658406,0
2030,267,167,0.43296982293824116,0
2030,267,175,0.06103311319959905,0
2030,268,5,0.02483850395150213,0
2030,268,8,0.016909939458917642,0
2030,268,9,0.015591929238153028,0
2030,268,40,0.022823295344885267,0
2030,268,46,0.06139220024892851,0
2030,268,51,0.020701100273324988,0
2030,268,75,0.010292671753842964,0
2030,268,91,0.039028546286177496,0
2030,268,124,0.03537138061627196,0
2030,268,131,0.5859963885023912,0
2030,268,156,0.015509175283719786,0
2030,269,6,0.015879960977179745,0
2030,269,23,0.19683767127191798,0
2030,269,47,0.044528918229752364,0
2030,269,94,0.4620519254698423,0
2030,269,112,0.010638260730214228,0
2030,269,143,0.04549397566742174,0
2030,269,175,0.11937270872095561,0
2030,270,6,0.03966804778886483,0
2030,270,23,0.23950969066301755,0
2030,270,35,0.012146724235992484,0
2030,270,47,0.09282305587303108,0
2030,270,98,0.4773256193768006,0
2030,270,112,0.01670608082345571,0
2030,270,143,0.06391753782456745,0
2030,271,3,0.06586192047562053,0
2030,271,8,0.09679250381509712,0
2030,271,47,0.029543070653032882,0
2030,271,61,0.015716323302676815,0
2030,271,77,0.021680306240546357,0
2030,271,86,0.034775412031551226,0
2030,271,96,0.027393329622046714,0
2030,271,97,0.5699916437246985,0
2030,271,105,0.019545151937665258,0
2030,271,112,0.010080000677100399,0
2030,271,132,0.02546891923803359,0
2030,271,138,0.013383380116670677,0
2030,271,143,0.0453392884070199,0
2030,272,6,0.04605850905166574,0
2030,272,10,0.013954180936359766,0
2030,272,23,0.21203662979935087,0
2030,272,35,0.04287774492134312,0
2030,272,50,0.09891160576619654,0
2030,272,77,0.018900499169700588,0
2030,272,98,0.3926665662237677,0
2030,272,105,0.012111664137678205,0
2030,272,143,0.019051877617213005,0
2030,272,175,0.021593269889511636,0
2030,273,43,0.05465531354621077,0
2030,273,61,0.022438138978466776,0
2030,273,97,0.5781810835133204,0
2030,273,98,0.1257815009183813,0
2030,273,132,0.06837350313688396,0
2030,274,23,0.5021041121667383,0
2030,274,43,0.04387994281822754,0
2030,274,82,0.03209394683702949,0
2030,274,98,0.2476267080852471,0
2030,274,132,0.09009042351992551,0
2030,275,6,0.04749187810253753,0
2030,275,23,0.17090590951656645,0
2030,275,35,0.14254659829109853,0
2030,275,47,0.11857986943148757,0
2030,275,50,0.07779262908988453,0
2030,275,77,0.3312830620311828,0
2030,275,92,0.012686908543698965,0
2030,275,112,0.038265895290116834,0
2030,276,5,0.05729575249107588,0
2030,276,16,0.054218861679950874,0
2030,276,23,0.08662309300589574,0
2030,276,52,0.03372700781498338,0
2030,276,53,0.03530397749968319,0
2030,276,56,0.03671229215113966,0
2030,276,69,0.011332501712178492,0
2030,276,74,0.025154481374700274,0
2030,276,79,0.011152642978909994,0
2030,276,85,0.05231074253903112,0
2030,276,88,0.48320641765550737,0
2030,276,172,0.013510274854934442,0
2030,277,8,0.027706437513469424,0
2030,277,9,0.021661199114243055,0
2030,277,13,0.0137742932558138,0
2030,277,20,0.02618111542425573,0
2030,277,23,0.02187678552695938,0
2030,277,46,0.11860813752665808,0
2030,277,47,0.02970820944348451,0
2030,277,54,0.02998522504031987,0
2030,277,59,0.02987257068550988,0
2030,277,80,0.014448712323926664,0
2030,277,116,0.03451093130284729,0
2030,277,131,0.03601862139277823,0
2030,277,143,0.014891626054117148,0
2030,277,170,0.5413016048905909,0
2030,277,171,0.024131202803983377,0
2030,278,21,0.022634143715516208,0
2030,278,23,0.5376668749767254,0
2030,278,32,0.03143609154904877,0
2030,278,77,0.025948516640784243,0
2030,278,78,0.11657298400401243,0
2030,278,82,0.02166136649106784,0
2030,278,98,0.032295804384077066,0
2030,278,144,0.06865048321346495,0
2030,278,152,0.010118509107671052,0
2030,279,17,0.13481370280409455,0
2030,279,35,0.026469393771129526,0
2030,279,39,0.021086443482777432,0
2030,279,74,0.046559807322272675,0
2030,279,79,0.0954523522236371,0
2030,279,108,0.511954091506663,0
2030,279,127,0.04437263008453717,0
2030,280,40,0.022333549673791756,0
2030,280,47,0.01069056027076818,0
2030,280,60,0.03007253396017925,0
2030,280,124,0.025537073805915637,0
2030,280,164,0.7596181082600245,0
2030,280,171,0.043733077880087824,0
2030,281,26,0.04460420677608145,0
2030,281,29,0.02364290418941393,0
2030,281,55,0.01912528317752306,0
2030,281,65,0.04861780257798171,0
2030,281,78,0.05119100730368511,0
2030,281,86,0.013598100999875766,0
2030,281,96,0.03286575519824314,0
2030,281,98,0.019079634812083687,0
2030,281,138,0.025473495113185488,0
2030,281,142,0.03242842845607521,0
2030,281,143,0.6176858874284475,0
2030,281,144,0.013887063115843036,0
2030,281,152,0.010131242501173162,0
2030,281,167,0.019292479855468458,0
2030,282,3,0.04350895358959514,0
2030,282,10,0.10344201253875261,0
2030,282,23,0.08165193855764932,0
2030,282,30,0.028199574605071553,0
2030,282,35,0.01918109102801746,0
2030,282,50,0.06057978728907308,0
2030,282,55,0.0322323946047961,0
2030,282,74,0.30377417178630106,0
2030,282,77,0.1067844359946162,0
2030,282,85,0.060665757148561095,0
2030,282,112,0.020316834359155687,0
2030,282,173,0.042363761227590654,0
2030,283,16,0.05480865007761323,0
2030,283,17,0.10866479657686214,0
2030,283,23,0.10217777578639933,0
2030,283,35,0.03181648083243534,0
2030,283,39,0.06795665890514682,0
2030,283,74,0.048859425932457436,0
2030,283,85,0.015560267650914998,0
2030,283,92,0.02000238543341772,0
2030,283,108,0.4713413055614415,0
2030,283,151,0.013382689856425005,0
2030,284,8,0.08568335602784587,0
2030,284,23,0.572276775259263,0
2030,284,51,0.053241283120644085,0
2030,284,61,0.04293870788011782,0
2030,284,92,0.014491784294242286,0
2030,284,98,0.04893340146783737,0
2030,284,132,0.04986283935371326,0
2030,285,8,0.017275891233518803,0
2030,285,23,0.36740499738174087,0
2030,285,51,0.07658500342202777,0
2030,285,61,0.013027320419707954,0
2030,285,92,0.07500626676306515,0
2030,285,98,0.13595254787674815,0
2030,285,132,0.06464607154968946,0
2030,286,3,0.044553444632200526,0
2030,286,23,0.09592813409717767,0
2030,286,47,0.03754755377936475,0
2030,286,50,0.06581886567983543,0
2030,286,74,0.3221621555204667,0
2030,286,77,0.17913375578504362,0
2030,286,105,0.024543158796069255,0
2030,286,112,0.06458910773829264,0
2030,287,21,0.03494817798814948,0
2030,287,29,0.014779137286259804,0
2030,287,30,0.028714886768555225,0
2030,287,33,0.08919359245683992,0
2030,287,53,0.028451553838830274,0
2030,287,85,0.06191736753457874,0
2030,287,87,0.01125911163202707,0
2030,287,97,0.5341918639406424,0
2030,287,170,0.033137699808296804,0
2030,288,3,0.03548349145843697,0
2030,288,6,0.11398266172787772,0
2030,288,16,0.02091479131487819,0
2030,288,23,0.12655777564105986,0
2030,288,26,0.019255963170053427,0
2030,288,43,0.03429075463699793,0
2030,288,44,0.017977919994934314,0
2030,288,50,0.021377297614148853,0
2030,288,74,0.026348722093286096,0
2030,288,77,0.12386004691166944,0
2030,288,82,0.010135668258935816,0
2030,288,97,0.25958236053420314,0
2030,288,138,0.014115294063236855,0
2030,288,177,0.02485430059658234,0
2030,289,16,0.011829616392214814,0
2030,289,17,0.0887480165912011,0
2030,289,20,0.011621589489317798,0
2030,289,35,0.052392925399535564,0
2030,289,39,0.04142894865091255,0
2030,289,52,0.054663515893248936,0
2030,289,54,0.015761620023689322,0
2030,289,74,0.0945912527066457,0
2030,289,79,0.02039904366561265,0
2030,289,108,0.5372406921440557,0
2030,290,13,0.03710420723473195,0
2030,290,54,0.04978449771906248,0
2030,290,80,0.013623530299536366,0
2030,290,164,0.8506727425104088,0
2030,291,3,0.08002626912912722,0
2030,291,6,0.024209241101763687,0
2030,291,8,0.010778297474768982,0
2030,291,32,0.07819293427890615,0
2030,291,47,0.02389236910597824,0
2030,291,50,0.04732680103975094,0
2030,291,77,0.08008486811144502,0
2030,291,78,0.03388885702629529,0
2030,291,92,0.010176927565240992,0
2030,291,97,0.4983556615452009,0
2030,291,105,0.05684418752488554,0
2030,292,17,0.08912987460566653,0
2030,292,23,0.10592597464464781,0
2030,292,30,0.030908770653089335,0
2030,292,39,0.04181158234923412,0
2030,292,47,0.04508550219091662,0
2030,292,73,0.017295955122993104,0
2030,292,74,0.03683561882228706,0
2030,292,97,0.014352639210321308,0
2030,292,108,0.4479094357819007,0
2030,292,116,0.03436281751546051,0
2030,292,122,0.028015807724329055,0
2030,292,175,0.011658764520392216,0
2030,293,5,0.02924241480137941,0
2030,293,17,0.03802344998262972,0
2030,293,20,0.01712690353435425,0
2030,293,36,0.012684920159308107,0
2030,293,39,0.036037894463342136,0
2030,293,40,0.03529746161361208,0
2030,293,47,0.016589783983734722,0
2030,293,54,0.014284097843329622,0
2030,293,71,0.03533405438861081,0
2030,293,75,0.016959858279892246,0
2030,293,108,0.575475187070369,0
2030,293,124,0.03919405417275078,0
2030,293,171,0.01905602232130384,0
2030,294,13,0.017351011893963132,0
2030,294,20,0.016927673347511153,0
2030,294,47,0.023548430118538775,0
2030,294,50,0.04781734311479937,0
2030,294,54,0.01168944734363636,0
2030,294,59,0.0456942505688319,0
2030,294,80,0.017380033407062952,0
2030,294,91,0.049408576320875586,0
2030,294,116,0.013971473018519054,0
2030,294,157,0.01679436293685518,0
2030,294,170,0.5394327475666061,0
2030,294,171,0.01725581119517707,0
2030,294,175,0.030200803337677138,0
2030,295,8,0.10326639630657533,0
2030,295,33,0.040813967877022225,0
2030,295,43,0.029409468624393836,0
2030,295,47,0.03682644170969233,0
2030,295,51,0.01069425955023516,0
2030,295,69,0.020082471952340742,0
2030,295,97,0.6989471401394454,0
2030,295,138,0.046686173068535286,0
2030,296,20,0.05641218771235236,0
2030,296,36,0.08287349673777715,0
2030,296,47,0.23778386890365338,0
2030,296,54,0.030671715739153886,0
2030,296,60,0.011798136912580666,0
2030,296,65,0.032380427425421444,0
2030,296,86,0.029947949225727695,0
2030,296,88,0.38722633722474553,0
2030,296,139,0.0485455903839717,0
2030,296,143,0.02704504973329519,0
2030,296,171,0.024178817989083876,0
2030,296,172,0.01800862193812322,0
2030,297,6,0.04461100251673747,0
2030,297,16,0.013076138067584817,0
2030,297,17,0.03768350716707768,0
2030,297,23,0.05193606287366036,0
2030,297,41,0.016954416037230687,0
2030,297,56,0.02100097408860354,0
2030,297,75,0.6040706709145582,0
2030,297,76,0.010543443053989817,0
2030,297,79,0.013304183127653564,0
2030,297,97,0.022548371962089437,0
2030,297,116,0.01025232253339996,0
2030,297,127,0.021641007048457884,0
2030,297,161,0.025170125403869252,0
2030,297,165,0.02349123538828413,0
2030,298,6,0.0314727694196492,0
2030,298,23,0.2049207102915552,0
2030,298,47,0.12066926682688195,0
2030,298,69,0.4708689011004996,0
2030,298,92,0.040798171333339225,0
2030,298,112,0.06395660440552847,0
2030,298,175,0.01674585315266711,0
2030,299,5,0.01818146066043043,0
2030,299,16,0.12626725534666386,0
2030,299,17,0.01446591395705231,0
2030,299,23,0.04015543158990593,0
2030,299,30,0.01788002425551351,0
2030,299,46,0.014964106116215025,0
2030,299,47,0.010829648482987264,0
2030,299,68,0.01653237274693019,0
2030,299,85,0.023568095654908586,0
2030,299,86,0.017913714949381047,0
2030,299,96,0.03561115769192668,0
2030,299,112,0.033558865284303,0
2030,299,124,0.017678152028215224,0
2030,299,131,0.012272686738308641,0
2030,299,143,0.022970034848434854,0
2030,299,153,0.016434200864946357,0
2030,299,166,0.4736680786141487,0
2030,299,177,0.018576109996139685,0
2030,300,6,0.019135440686442542,0
2030,300,23,0.10682476971881047,0
2030,300,47,0.052800981102705626,0
2030,300,92,0.06550307758803758,0
2030,300,155,0.572689641476659,0
2030,300,175,0.05262694850828643,0
2030,301,5,0.10783709397329398,0
2030,301,10,0.03844547441761008,0
2030,301,13,0.01780919938242465,0
2030,301,14,0.016835024560821674,0
2030,301,30,0.01941782781381809,0
2030,301,48,0.012010820407549593,0
2030,301,53,0.02522689408684611,0
2030,301,79,0.01209625622591338,0
2030,301,87,0.037016874564632304,0
2030,301,88,0.47894207595037647,0
2030,301,101,0.015553344957747432,0
2030,301,107,0.03164333038516913,0
2030,301,124,0.018129419628503562,0
2030,301,156,0.011963401324665056,0
2030,302,16,0.05309799287709214,0
2030,302,21,0.012994369138282577,0
2030,302,23,0.18351080173977233,0
2030,302,35,0.017304255216615504,0
2030,302,50,0.014445158066056327,0
2030,302,85,0.19726528359010387,0
2030,302,143,0.1298675265722182,0
2030,302,170,0.22815953395710648,0
2030,302,173,0.04723303409925265,0
2030,302,175,0.05093381567247484,0
2030,303,3,0.04126397904303894,0
2030,303,32,0.0613632022954414,0
2030,303,33,0.010369885624303946,0
2030,303,43,0.02808397494753212,0
2030,303,50,0.02656149164167178,0
2030,303,69,0.05754752588522962,0
2030,303,77,0.03471701129722404,0
2030,303,78,0.015194750569136752,0
2030,303,97,0.6337904693430462,0
2030,303,98,0.01109762362990075,0
2030,303,144,0.025379299044745424,0
2030,304,7,0.01919460968028517,0
2030,304,17,0.1336606664387463,0
2030,304,20,0.07437527882811984,0
2030,304,23,0.11297852166793919,0
2030,304,36,0.020661798586584262,0
2030,304,47,0.016512087457970552,0
2030,304,108,0.3917937514095975,0
2030,304,116,0.02800414239632553,0
2030,304,124,0.027157397086107996,0
2030,304,143,0.06612412440400889,0
2030,304,171,0.029372297323888366,0
2030,305,28,0.06188016829759371,0
2030,305,35,0.025122735366922888,0
2030,305,36,0.011874630508407856,0
2030,305,47,0.02804196889042859,0
2030,305,105,0.07300688438908447,0
2030,305,143,0.03613183822497813,0
2030,305,170,0.658950143467707,0
2030,305,171,0.010011107245571386,0
2030,306,10,0.06210011195343774,0
2030,306,25,0.015208519139198046,0
2030,306,37,0.04577448235311447,0
2030,306,38,0.02062462445152213,0
2030,306,47,0.686592962470989,0
2030,306,49,0.056105209590708034,0
2030,306,53,0.021553752668406558,0
2030,306,150,0.028233785555558,0
2030,306,161,0.010409964345503094,0
2030,307,23,0.12422490484223052,0
2030,307,47,0.13438804227045575,0
2030,307,91,0.04861098760232245,0
2030,307,140,0.5029198228797582,0
2030,307,143,0.05667029687752018,0
2030,307,175,0.08811039660721305,0
2030,308,21,0.0201312347497647,0
2030,308,32,0.03320964811421277,0
2030,308,61,0.040016161637110324,0
2030,308,77,0.03053770657460814,0
2030,308,78,0.09272795308201486,0
2030,308,82,0.03093336773537925,0
2030,308,98,0.03137059168454665,0
2030,308,113,0.023264953445451358,0
2030,308,143,0.4817229410721199,0
2030,308,144,0.039535993838380246,0
2030,308,167,0.011243308865109018,0
2030,309,10,0.05351688631623783,0
2030,309,15,0.02220945477599657,0
2030,309,33,0.06943180068625548,0
2030,309,43,0.06775961212122909,0
2030,309,53,0.06357940101770083,0
2030,309,69,0.09147099114885739,0
2030,309,97,0.5819937896436558,0
2030,309,98,0.013044280802798841,0
2030,310,6,0.026732256503968498,0
2030,310,8,0.06585046199823576,0
2030,310,23,0.12332765970611016,0
2030,310,43,0.0862613107140591,0
2030,310,47,0.04587618790474896,0
2030,310,97,0.44670354289040803,0
2030,310,112,0.036295443096435016,0
2030,310,132,0.023387963531344976,0
2030,310,138,0.01159928272405672,0
2030,310,175,0.022713021577951097,0
2030,311,23,0.6946476708180469,0
2030,311,61,0.03505645991481177,0
2030,311,78,0.05691310254197434,0
2030,311,82,0.014650698373429954,0
2030,311,98,0.05166679824043206,0
2030,311,132,0.0237233015417663,0
2030,311,167,0.0320307495802357,0
2030,312,3,0.050213392530063426,0
2030,312,35,0.020098494734956413,0
2030,312,36,0.04280454218699924,0
2030,312,50,0.019734456071376864,0
2030,312,52,0.025813052903622014,0
2030,312,77,0.04187140258189179,0
2030,312,89,0.010633408578529978,0
2030,312,93,0.025089571135937416,0
2030,312,97,0.6556963616335393,0
2030,312,105,0.02638115844530754,0
2030,312,113,0.03548193227459311,0
2030,312,152,0.018706804771788307,0
2030,313,23,0.12792429434187505,0
2030,313,33,0.04093715116764914,0
2030,313,43,0.06856747511439584,0
2030,313,47,0.03924648051477147,0
2030,313,53,0.11012806439970807,0
2030,313,97,0.43652050801887443,0
2030,313,112,0.04049301255126118,0
2030,313,164,0.08217981808807595,0
2030,314,47,1.0,0
2030,315,10,0.02617332945250228,0
2030,315,28,0.3641390385017242,0
2030,315,47,0.19473216705940236,0
2030,315,75,0.016442726117707494,0
2030,315,91,0.11481683018264831,0
2030,315,143,0.2342133168682356,0
2030,316,2,0.06344344657621552,0
2030,316,7,0.011909866047579253,0
2030,316,17,0.041464577484736094,0
2030,316,23,0.06116004099044327,0
2030,316,52,0.024070745009603295,0
2030,316,68,0.027787134758380613,0
2030,316,88,0.028774399014771967,0
2030,316,112,0.057334068537100394,0
2030,316,124,0.5133592580285516,0
2030,316,131,0.04918503798537396,0
2030,316,136,0.013336426446426021,0
2030,316,150,0.01579965919395906,0
2030,316,164,0.02638119963004671,0
2030,316,165,0.012951930544178711,0
2030,317,11,0.018421367933845117,0
2030,317,25,0.03802822592816402,0
2030,317,37,0.014352452947019891,0
2030,317,41,0.020234536581483532,0
2030,317,63,0.012404260338465208,0
2030,317,111,0.010688419780262796,0
2030,317,121,0.024614907525332328,0
2030,317,143,0.7799516151747236,0
2030,318,7,0.020696176816246598,0
2030,318,20,0.02615083346297332,0
2030,318,23,0.016907139714046948,0
2030,318,30,0.646376813144014,0
2030,318,35,0.07913290468369871,0
2030,318,52,0.012441756461151896,0
2030,318,76,0.030452227823122482,0
2030,318,77,0.03658446996660767,0
2030,318,88,0.013816692043447008,0
2030,318,113,0.01740176398166561,0
2030,318,152,0.023297756369117392,0
2030,318,167,0.011953099735411683,0
2030,319,23,0.0765128267158048,0
2030,319,30,0.5423373246852873,0
2030,319,47,0.24984581632362707,0
2030,319,91,0.06319880619918586,0
2030,319,143,0.04350241689107376,0
2030,319,175,0.010775678464132509,0
2030,320,143,1.0,0
2030,321,8,0.020941369498268272,0
2030,321,10,0.5300594668427651,0
2030,321,23,0.11376715896336116,0
2030,321,47,0.14318296611339976,0
2030,321,91,0.06865940810620677,0
2030,321,143,0.0447266209563291,0
2030,321,175,0.020703346724705314,0
2030,322,10,0.015350103119017926,0
2030,322,18,0.041089588136222814,0
2030,322,28,0.07069940356795472,0
2030,322,46,0.08350572224660835,0
2030,322,53,0.5010896715464338,0
2030,322,75,0.06818153357999711,0
2030,322,91,0.06104226947194488,0
2030,323,10,0.026516568371945576,0
2030,323,15,0.017702438305129024,0
2030,323,23,0.053392890724085464,0
2030,323,30,0.021057536858257484,0
2030,323,33,0.014147475167584708,0
2030,323,35,0.5686512542986499,0
2030,323,47,0.022161688734101816,0
2030,323,50,0.0170497199935239,0
2030,323,53,0.07603919363597325,0
2030,323,59,0.02129857508887551,0
2030,323,80,0.04622802599419979,0
2030,323,112,0.02016670063936051,0
2030,323,136,0.014653880714329007,0
2030,323,175,0.013263188566527051,0
2030,324,5,0.03224812875212289,0
2030,324,17,0.16361608680455195,0
2030,324,23,0.08215497348165178,0
2030,324,30,0.018123407101923398,0
2030,324,36,0.01449176014381157,0
2030,324,52,0.02766591565856969,0
2030,324,53,0.11046791138436476,0
2030,324,56,0.032483329215423656,0
2030,324,74,0.017621599821590443,0
2030,324,88,0.37873531668381644,0
2030,324,172,0.01069718120437087,0
2030,325,16,0.016694983463779633,0
2030,325,17,0.09056389968310682,0
2030,325,30,0.036978258640143334,0
2030,325,39,0.029282403881224457,0
2030,325,48,0.024575571076223768,0
2030,325,52,0.02953349489404544,0
2030,325,56,0.013402413104210404,0
2030,325,59,0.6351982366520846,0
2030,325,71,0.02498780861735128,0
2030,326,8,0.07217323922800561,0
2030,326,13,0.035602119741700605,0
2030,326,23,0.011090367131756632,0
2030,326,30,0.37042834996431984,0
2030,326,46,0.1270219311098528,0
2030,326,47,0.20067048318949196,0
2030,326,80,0.02861447782896181,0
2030,326,116,0.09439022907849062,0
2030,326,136,0.038331925192465914,0
2030,327,23,0.2346308272591765,0
2030,327,47,0.029158056674140842,0
2030,327,50,0.5493172058548121,0
2030,327,91,0.01844122876614952,0
2030,327,143,0.016304573857604393,0
2030,327,175,0.06998949424268869,0
2030,328,7,0.026536717446318525,0
2030,328,17,0.04959801523204673,0
2030,328,23,0.0378399804400726,0
2030,328,46,0.04251278920165714,0
2030,328,47,0.14196299830319808,0
2030,328,54,0.018798145921752468,0
2030,328,59,0.02188838840195762,0
2030,328,80,0.016332669933089818,0
2030,328,97,0.032196770901638395,0
2030,328,131,0.023357904493239882,0
2030,328,165,0.01948148487725161,0
2030,328,170,0.5207774019593858,0
2030,329,6,0.018849311493577152,0
2030,329,20,0.0552865185648182,0
2030,329,23,0.010916911216015313,0
2030,329,35,0.08865176895771572,0
2030,329,79,0.017375039026392838,0
2030,329,97,0.05763605599755261,0
2030,329,108,0.04074201514971388,0
2030,329,143,0.5044240061232415,0
2030,329,144,0.01971882092083056,0
2030,330,14,0.010630178005082508,0
2030,330,17,0.05464146045430635,0
2030,330,35,0.011123819342661632,0
2030,330,36,0.026027240377113986,0
2030,330,48,0.040680401267429264,0
2030,330,49,0.03325586405316596,0
2030,330,56,0.014977655492515028,0
2030,330,90,0.019998958263619814,0
2030,330,131,0.6486076740100061,0
2030,330,143,0.013626454162217454,0
2030,331,15,0.07012958418700119,0
2030,331,17,0.015202940889951005,0
2030,331,23,0.016509498680681134,0
2030,331,30,0.010253368291194068,0
2030,331,49,0.023711895300206703,0
2030,331,53,0.07501396131682854,0
2030,331,63,0.06739760239335145,0
2030,331,111,0.05859598023468207,0
2030,331,143,0.5794696443751113,0
2030,331,164,0.027311130100156362,0
2030,331,170,0.020348458750226842,0
2030,332,2,0.014972602077389187,0
2030,332,5,0.023130052658729583,0
2030,332,19,0.012260829806673671,0
2030,332,23,0.02136848802713293,0
2030,332,30,0.07102658583942213,0
2030,332,46,0.011400166188698569,0
2030,332,75,0.03798769027483062,0
2030,332,90,0.02869151957062089,0
2030,332,97,0.5687158795507467,0
2030,332,112,0.06754755588878851,0
2030,332,124,0.011393471398736088,0
2030,332,131,0.018697753185008315,0
2030,332,136,0.010675890641646547,0
2030,332,154,0.07681366508954918,0
2030,333,23,0.09435059637072724,0
2030,333,47,0.30404164786834653,0
2030,333,59,0.49826818754184893,0
2030,333,75,0.02535721623147139,0
2030,333,91,0.06269063080766499,0
2030,333,143,0.011981613340963922,0
2030,334,23,0.0719474828073577,0
2030,334,49,0.26390599992840336,0
2030,334,53,0.1956425676799203,0
2030,334,87,0.030212347062153373,0
2030,334,143,0.4132253384311347,0
2030,334,175,0.022734523468631737,0
2030,335,7,0.10577982031814617,0
2030,335,17,0.07261106068764477,0
2030,335,23,0.1762893891013983,0
2030,335,35,0.027634982655083292,0
2030,335,48,0.01791166701198411,0
2030,335,52,0.0989544587156543,0
2030,335,53,0.03184175509705972,0
2030,335,56,0.05343029350388477,0
2030,335,170,0.31880953361255354,0
2030,335,172,0.04644140933449961,0
2030,336,10,0.061343204248649176,0
2030,336,21,0.048289562175485655,0
2030,336,35,0.01762600887151477,0
2030,336,48,0.039998458287481754,0
2030,336,52,0.03313107678346176,0
2030,336,56,0.0252224879471809,0
2030,336,85,0.06680643107890842,0
2030,336,97,0.5894697069881187,0
2030,336,173,0.042680256137078924,0
2030,337,6,0.032598255722280305,0
2030,337,17,0.060323212647474735,0
2030,337,23,0.1096405604100937,0
2030,337,30,0.02680604951486289,0
2030,337,35,0.08228436712912303,0
2030,337,38,0.04072140972423823,0
2030,337,49,0.03581893434810325,0
2030,337,52,0.04583679163186146,0
2030,337,53,0.0432015602136788,0
2030,337,59,0.4721136828805179,0
2030,338,17,0.031008461755246353,0
2030,338,23,0.1084364002381124,0
2030,338,35,0.014336641721594146,0
2030,338,47,0.03933323294920884,0
2030,338,48,0.06826739766586624,0
2030,338,52,0.05972619185482916,0
2030,338,53,0.030153669676364108,0
2030,338,56,0.04556560534200348,0
2030,338,79,0.012173533423061423,0
2030,338,97,0.040247111424337734,0
2030,338,154,0.5076642165130055,0
2030,338,172,0.0230952079666811,0
2030,339,23,0.2579378754298451,0
2030,339,46,0.08253043675969202,0
2030,339,80,0.2472154841538425,0
2030,339,91,0.011536290760129504,0
2030,339,116,0.1857016826619123,0
2030,339,124,0.01615778863309554,0
2030,339,140,0.12776012927180783,0
2030,339,143,0.05097782845580014,0
2030,340,6,0.02525260668733283,0
2030,340,23,0.19272703100587033,0
2030,340,35,0.5089967635866006,0
2030,340,47,0.039306983967868254,0
2030,340,92,0.06258397520038159,0
2030,340,112,0.04483714529765006,0
2030,341,23,1.0,0
2030,342,6,0.05801395120084663,0
2030,342,23,0.21050639401884905,0
2030,342,92,0.03048401556752026,0
2030,342,97,0.56983044144232,0
2030,342,112,0.01262731029622068,0
2030,343,7,0.20041608948951478,0
2030,343,20,0.08335053141232754,0
2030,343,23,0.031950330771162584,0
2030,343,47,0.03364887924973247,0
2030,343,62,0.0174171160771264,0
2030,343,79,0.011977897935493831,0
2030,343,83,0.01768330671102851,0
2030,343,88,0.01941821303782432,0
2030,343,97,0.13645766552121122,0
2030,343,131,0.020972776342543846,0
2030,343,143,0.3336440269582154,0
2030,344,10,0.015214079011590713,0
2030,344,23,0.06147598421093247,0
2030,344,28,0.03957173739513018,0
2030,344,30,0.43455415867043873,0
2030,344,33,0.01598508470915794,0
2030,344,47,0.16713963259376663,0
2030,344,59,0.09016770384022424,0
2030,344,75,0.011451409086683472,0
2030,344,105,0.036646225121454434,0
2030,344,112,0.05944627037888937,0
2030,344,131,0.011785725116968054,0
2030,344,143,0.028241481386167788,0
2030,345,10,0.03904372744184762,0
2030,345,23,0.0867630527043519,0
2030,345,30,0.05544411293545357,0
2030,345,47,0.3921901210535455,0
2030,345,49,0.07002339263434519,0
2030,345,50,0.04961591355251149,0
2030,345,53,0.03963359306113721,0
2030,345,80,0.09870114384036509,0
2030,345,91,0.01379703891126485,0
2030,345,116,0.0378808357030423,0
2030,345,143,0.06188552729443057,0
2030,345,175,0.04520239437304035,0
2030,346,7,0.05591060477613932,0
2030,346,23,0.19247751168532587,0
2030,346,35,0.05930925101950686,0
2030,346,47,0.10586425571904505,0
2030,346,48,0.05800687722427868,0
2030,346,52,0.16946495687645494,0
2030,346,97,0.033265673799926634,0
2030,346,112,0.057010276773117374,0
2030,346,155,0.0846796299770227,0
2030,346,172,0.15927249795283283,0
2030,347,5,0.013478457712957375,0
2030,347,9,0.02043456483928308,0
2030,347,17,0.013443372944239982,0
2030,347,23,0.032171834286707196,0
2030,347,36,0.02611371183977012,0
2030,347,46,0.0743738763758715,0
2030,347,47,0.0975009894416073,0
2030,347,54,0.01349025398361853,0
2030,347,91,0.028737738448687548,0
2030,347,124,0.05219761832386722,0
2030,347,143,0.05697493865929152,0
2030,347,150,0.5510101219671341,0
2030,348,2,0.0524582817109929,0
2030,348,5,0.028493802327911072,0
2030,348,9,0.0142714283507091,0
2030,348,17,0.045501323539766686,0
2030,348,23,0.08905513083208742,0
2030,348,36,0.06553521602252502,0
2030,348,46,0.02438932855695867,0
2030,348,91,0.02627573182893438,0
2030,348,112,0.05011659383062234,0
2030,348,124,0.059702358772894135,0
2030,348,143,0.112392355650301,0
2030,348,150,0.41694888882014725,0
2030,349,17,0.3288112549224477,0
2030,349,18,0.033308584022846054,0
2030,349,23,0.1639181119437965,0
2030,349,30,0.03921206739765792,0
2030,349,75,0.02400236310050937,0
2030,349,116,0.03594465546797635,0
2030,349,124,0.012409984807343143,0
2030,349,143,0.2038745199659586,0
2030,349,165,0.09160579335470802,0
2030,350,10,0.019446337054579113,0
2030,350,23,0.0998914160309571,0
2030,350,28,0.033746360580255694,0
2030,350,35,0.4634647979128501,0
2030,350,47,0.12850025198737405,0
2030,350,50,0.06946186136878468,0
2030,350,143,0.07070409482925202,0
2030,350,175,0.03601643628821436,0
2030,351,10,0.014528278451261327,0
2030,351,17,0.10764080261747991,0
2030,351,23,0.14320629460654144,0
2030,351,30,0.10079163769461909,0
2030,351,69,0.3309291339558379,0
2030,351,75,0.023991302034111883,0
2030,351,97,0.05384639646169417,0
2030,351,131,0.07487522163519515,0
2030,351,143,0.09778286982589976,0
2030,351,150,0.018894965525243595,0
2030,352,17,0.06246203294005716,0
2030,352,23,0.1687085816884607,0
2030,352,36,0.05189502614445874,0
2030,352,49,0.07897413564072882,0
2030,352,50,0.019538951106635023,0
2030,352,52,0.04864359405451824,0
2030,352,53,0.10091047563539883,0
2030,352,56,0.030248078976841796,0
2030,352,88,0.33052535684983475,0
2030,352,123,0.03148406413019089,0
2030,352,143,0.044073830975037344,0
2030,352,172,0.02653850153226779,0
2030,353,23,0.6606748937949385,0
2030,353,30,0.02572208563535484,0
2030,353,53,0.1525452663889693,0
2030,353,87,0.13151562086173668,0
2030,354,23,0.21195094357433242,0
2030,354,35,0.2704756879940545,0
2030,354,47,0.09103989187001782,0
2030,354,48,0.02279739171270765,0
2030,354,52,0.2897535914919626,0
2030,354,143,0.09847919233926665,0
2030,355,5,0.07951065655881859,0
2030,355,14,0.04772443925145826,0
2030,355,17,0.061446828620416886,0
2030,355,23,0.09386594839091827,0
2030,355,30,0.03611414392745033,0
2030,355,36,0.03330291851983841,0
2030,355,48,0.07285297390442678,0
2030,355,52,0.04737744222850176,0
2030,355,53,0.14412233815984432,0
2030,355,88,0.3043653190374199,0
2030,355,124,0.010186651661015407,0
2030,355,143,0.04542379352819346,0
2030,355,172,0.010595434847050738,0
2030,356,75,0.9822265243016405,0
2030,357,17,0.011918013565951381,0
2030,357,23,0.014342820750972821,0
2030,357,49,0.02157640399038884,0
2030,357,52,0.010814242212795266,0
2030,357,56,0.029046496258535198,0
2030,357,75,0.8429593153793159,0
2030,357,85,0.01080421502722357,0
2030,358,75,1.0,0
2030,359,10,0.10112956529610624,0
2030,359,14,0.016050239297904795,0
2030,359,33,0.015511737780262647,0
2030,359,75,0.7925300441904207,0
2030,359,175,0.02077381598856631,0
2030,360,124,1.0,0
2030,361,23,0.196985175782024,0
2030,361,47,0.07723847454317495,0
2030,361,48,0.24548706662128728,0
2030,361,52,0.0796939439284848,0
2030,361,75,0.37342116216050797,0
2030,361,172,0.019462762962508574,0
2030,362,2,0.03482034055283076,0
2030,362,17,0.02163147198295927,0
2030,362,23,0.037369180613327994,0
2030,362,36,0.011961040158635767,0
2030,362,49,0.036213123822274484,0
2030,362,50,0.03595027771913175,0
2030,362,56,0.031826043525654976,0
2030,362,75,0.6339985328135569,0
2030,362,76,0.01634414529652875,0
2030,362,85,0.029534811493626252,0
2030,362,97,0.032516999562741816,0
2030,363,23,0.10672939762983323,0
2030,363,47,0.14077178085298345,0
2030,363,48,0.27503030622859,0
2030,363,52,0.050345337857537274,0
2030,363,53,0.016027238836573296,0
2030,363,75,0.3779032851933128,0
2030,364,2,0.012700506349996574,0
2030,364,25,0.017068363242039548,0
2030,364,52,0.014201842384249506,0
2030,364,56,0.016276331502124226,0
2030,364,75,0.9035437841621583,0
2030,364,172,0.01813314033282284,0
2030,365,40,1.0,0
2030,1,166,1.0,1
2030,2,8,0.02956908407626341,1
2030,2,10,0.05750409178203383,1
2030,2,23,0.03439858723518153,1
2030,2,47,0.07894328476221324,1
2030,2,51,0.7151406918383177,1
2030,2,91,0.03748892350771669,1
2030,3,74,1.0,1
2030,4,54,1.0,1
2030,5,134,1.0,1
2030,6,107,1.0,1
2030,7,4,0.02494805425621645,1
2030,7,9,0.01341642699125132,1
2030,7,57,0.01222372443324334,1
2030,7,84,0.01801464360561604,1
2030,7,91,0.8149213529664004,1
2030,7,104,0.024641614974546946,1
2030,7,130,0.014692660986518584,1
2030,7,148,0.021516538963029387,1
2030,7,160,0.015456309806744622,1
2030,8,95,1.0,1
2030,9,109,1.0,1
2030,10,137,1.0,1
2030,11,1,0.011755205212884824,1
2030,11,16,0.0540818563358275,1
2030,11,21,0.012004584804997663,1
2030,11,29,0.011236743884556904,1
2030,11,31,0.039529319520783174,1
2030,11,39,0.013110806744214,1
2030,11,41,0.01701422814233168,1
2030,11,45,0.5864234604798669,1
2030,11,51,0.014129563519789516,1
2030,11,57,0.018099595322749393,1
2030,11,58,0.010540100074990273,1
2030,11,104,0.026559565579281873,1
2030,11,106,0.012092809960418754,1
2030,11,119,0.025858561531895738,1
2030,11,125,0.01615417210786836,1
2030,11,127,0.026042119766045257,1
2030,11,132,0.021828767406044253,1
2030,11,138,0.029900344107791688,1
2030,11,148,0.037076706815294305,1
2030,12,1,0.04651126153355646,1
2030,12,19,0.036982569722554336,1
2030,12,31,0.07374442263443876,1
2030,12,40,0.047190421576232704,1
2030,12,100,0.6855574362265483,1
2030,12,133,0.04932380003902913,1
2030,12,154,0.04233755592139465,1
2030,13,81,1.0,1
2030,14,29,0.06536146135769874,1
2030,14,51,0.06191591608720689,1
2030,14,61,0.011578937826916935,1
2030,14,92,0.6872247931659896,1
2030,14,98,0.0410135524208125,1
2030,14,132,0.11781621753461885,1
2030,15,82,1.0,1
2030,16,62,1.0,1
2030,17,45,1.0,1
2030,18,99,1.0,1
2030,19,100,1.0,1
2030,20,41,0.08147533268129913,1
2030,20,79,0.029671278564973615,1
2030,20,99,0.7783718108240829,1
2030,20,127,0.046421910880869395,1
2030,20,162,0.046062200992742226,1
2030,21,1,0.15114522283775977,1
2030,21,11,0.0424703256459989,1
2030,21,22,0.014868100750458966,1
2030,21,27,0.010211963404143461,1
2030,21,39,0.08793585562102255,1
2030,21,41,0.06558459341140163,1
2030,21,57,0.10502765934660883,1
2030,21,83,0.012222930280609395,1
2030,21,100,0.4710158780839529,1
2030,21,169,0.026459659483787364,1
2030,22,9,0.01550273226007672,1
2030,22,19,0.14472653365920668,1
2030,22,25,0.010056747193806299,1
2030,22,36,0.019741268518359317,1
2030,22,72,0.016405524450294088,1
2030,22,90,0.025794570834315075,1
2030,22,100,0.7046520485507107,1
2030,22,104,0.045041646488649355,1
2030,23,38,1.0,1
2030,24,20,1.0,1
2030,25,1,0.05022584876401267,1
2030,25,25,0.14980335288195956,1
2030,25,45,0.0422910579679235,1
2030,25,93,0.01766535830442052,1
2030,25,99,0.14109619170315382,1
2030,25,126,0.5747018886852164,1
2030,25,134,0.013269043945582044,1
2030,26,13,1.0,1
2030,27,83,1.0,1
2030,28,126,1.0,1
2030,29,42,0.01453099085406495,1
2030,29,47,0.010645996988083344,1
2030,29,99,0.8323163565317517,1
2030,29,101,0.024223323159144407,1
2030,29,110,0.010487800625136982,1
2030,29,114,0.01195715082588597,1
2030,29,148,0.020095042621235237,1
2030,29,164,0.02024504922700706,1
2030,30,33,1.0,1
2030,31,22,1.0,1
2030,32,12,1.0,1
2030,33,157,1.0,1
2030,34,127,1.0,1
2030,35,29,1.0,1
2030,36,43,0.11079512608752946,1
2030,36,70,0.04093529043054478,1
2030,36,82,0.5930615475411937,1
2030,36,98,0.1466740914152906,1
2030,36,132,0.04861109671520588,1
2030,36,138,0.01898140641941528,1
2030,37,144,1.0,1
2030,38,1,0.08343040738021648,1
2030,38,17,0.02514391915392466,1
2030,38,22,0.04701004852036611,1
2030,38,41,0.0187727415651575,1
2030,38,56,0.036647992222585,1
2030,38,79,0.023736733753881134,1
2030,38,83,0.0150167250266841,1
2030,38,99,0.056716018303718904,1
2030,38,123,0.014550631018789896,1
2030,38,148,0.6625907085016464,1
2030,39,1,0.15253836559546802,1
2030,39,4,0.03394416378840072,1
2030,39,37,0.053096304479151306,1
2030,39,38,0.17143328830700283,1
2030,39,41,0.013788021786655199,1
2030,39,45,0.014453773671766769,1
2030,39,71,0.44053865951925447,1
2030,39,87,0.030051168855213743,1
2030,39,100,0.015898877764664233,1
2030,39,150,0.048014605281099285,1
2030,40,161,1.0,1
2030,41,79,1.0,1
2030,42,39,1.0,1
2030,43,105,1.0,1
2030,44,71,1.0,1
2030,45,1,0.04714810688098802,1
2030,45,14,0.07872281147325051,1
2030,45,20,0.05872906684462483,1
2030,45,36,0.10709521776721152,1
2030,45,45,0.06517061279086898,1
2030,45,83,0.033606898078149955,1
2030,45,90,0.0989095325247403,1
2030,45,99,0.06771558003224014,1
2030,45,120,0.4249077062033526,1
2030,46,1,0.03386478772543813,1
2030,46,19,0.010181388406888803,1
2030,46,22,0.012881980475369455,1
2030,46,41,0.02569860248563135,1
2030,46,49,0.05020283817642968,1
2030,46,81,0.010289429628800273,1
2030,46,99,0.025265318974860042,1
2030,46,104,0.07959563080620233,1
2030,46,120,0.49313292453782226,1
2030,46,123,0.012612580012957576,1
2030,46,126,0.025122936712595183,1
2030,46,147,0.11815306824586931,1
2030,46,159,0.09581696026947978,1
2030,47,147,1.0,1
2030,48,64,1.0,1
2030,49,21,1.0,1
2030,50,41,1.0,1
2030,51,39,0.03373948710898363,1
2030,51,41,0.6793144602354398,1
2030,51,57,0.10727785947602954,1
2030,51,62,0.1293763422406977,1
2030,51,71,0.025673702449127776,1
2030,51,148,0.023433329354690842,1
2030,52,101,1.0,1
2030,53,44,1.0,1
2030,54,106,1.0,1
2030,55,22,0.010518332265248568,1
2030,55,25,0.015551244890925844,1
2030,55,49,0.010846806377782629,1
2030,55,52,0.01910460445336337,1
2030,55,56,0.013342130932596973,1
2030,55,57,0.8813711186249856,1
2030,55,123,0.012913360579159922,1
2030,56,57,1.0,1
2030,57,104,1.0,1
2030,58,4,1.0,1
2030,59,51,1.0,1
2030,60,125,1.0,1
2030,61,1,0.19548204098846206,1
2030,61,31,0.09535378811014379,1
2030,61,60,0.024827035136612913,1
2030,61,104,0.025635513385700984,1
2030,61,148,0.6525817046866133,1
2030,62,1,0.04883894020044953,1
2030,62,14,0.025186807610515963,1
2030,62,17,0.04585063059048919,1
2030,62,40,0.04850239430724283,1
2030,62,57,0.6583674366109242,1
2030,62,75,0.025614959873767957,1
2030,62,90,0.056440472056642946,1
2030,62,99,0.07416861618423912,1
2030,62,118,0.017029742565728135,1
2030,63,31,1.0,1
2030,64,118,1.0,1
2030,65,2,0.01642578312222977,1
2030,65,6,0.03449661998461816,1
2030,65,16,0.08067098916606306,1
2030,65,23,0.013929998318008173,1
2030,65,33,0.04806020204828981,1
2030,65,43,0.03418688138497921,1
2030,65,74,0.021480502294860333,1
2030,65,95,0.016847508683084798,1
2030,65,112,0.03544425590322589,1
2030,65,132,0.044658077374863894,1
2030,65,138,0.043985847622382085,1
2030,65,166,0.5439754726512332,1
2030,65,175,0.038380434620951115,1
2030,66,72,1.0,1
2030,67,102,1.0,1
2030,68,148,1.0,1
2030,69,122,1.0,1
2030,70,60,1.0,1
2030,71,11,0.03833740381143218,1
2030,71,56,0.06354349828958318,1
2030,71,104,0.6739808807348356,1
2030,71,110,0.015088834986809229,1
2030,71,114,0.040551289352724125,1
2030,71,115,0.020227514392980418,1
2030,71,120,0.013714737606433495,1
2030,71,151,0.02098207910515,1
2030,71,162,0.010584445060135502,1
2030,71,169,0.06278816301380082,1
2030,72,1,0.08466811148435181,1
2030,72,17,0.10708878670225061,1
2030,72,25,0.016884379235849567,1
2030,72,41,0.05943948984885701,1
2030,72,56,0.012783834368040477,1
2030,72,81,0.0366341079204395,1
2030,72,84,0.024873601455249684,1
2030,72,148,0.5690733394637854,1
2030,72,161,0.03050015730435201,1
2030,72,162,0.03795908304524167,1
2030,73,1,0.03236854010322482,1
2030,73,4,0.11918789881076959,1
2030,73,29,0.07619009037444181,1
2030,73,39,0.035361560748223976,1
2030,73,41,0.056841955127139625,1
2030,73,51,0.10148614994151854,1
2030,73,58,0.026092776866529842,1
2030,73,81,0.09145470304974514,1
2030,73,84,0.0238887036095563,1
2030,73,104,0.011639574987089736,1
2030,73,132,0.019987850851186612,1
2030,73,160,0.024579689155458585,1
2030,73,179,0.36575817829119533,1
2030,74,146,1.0,1
2030,75,158,1.0,1
2030,76,7,0.011586078506334797,1
2030,76,9,0.021206028003422465,1
2030,76,27,0.025809729139848893,1
2030,76,41,0.817920070972298,1
2030,76,42,0.02802486511591575,1
2030,76,90,0.021750765964735137,1
2030,76,120,0.010600869372928748,1
2030,76,139,0.027162587370508563,1
2030,77,5,0.01936293424508558,1
2030,77,11,0.2710574219972506,1
2030,77,41,0.5731293076738074,1
2030,77,103,0.043070706301892636,1
2030,77,115,0.06832721241724937,1
2030,77,119,0.01990764779025741,1
2030,78,58,1.0,1
2030,79,2,0.02327596766479318,1
2030,79,11,0.5578045876491964,1
2030,79,20,0.028372260481153763,1
2030,79,22,0.09544564245233579,1
2030,79,25,0.12446997573914845,1
2030,79,93,0.06540517271708006,1
2030,79,104,0.09771949121036275,1
2030,80,1,0.020065128591861985,1
2030,80,2,0.07297097394636051,1
2030,80,11,0.7461341807557563,1
2030,80,25,0.034510888592875,1
2030,80,41,0.02903942065469975,1
2030,80,62,0.061565184431965396,1
2030,80,99,0.016541887856139314,1
2030,80,100,0.012367549696933187,1
2030,81,4,0.03807211141926259,1
2030,81,8,0.022215530406491813,1
2030,81,16,0.04134122510778273,1
2030,81,34,0.6234152786003893,1
2030,81,38,0.014365569212321065,1
2030,81,62,0.015163418748635487,1
2030,81,71,0.014421838525968888,1
2030,81,93,0.04388188621789453,1
2030,81,101,0.02266039337872513,1
2030,81,107,0.028430982520031782,1
2030,81,109,0.03385826519648874,1
2030,81,138,0.08717146854920349,1
2030,81,168,0.010024366209782427,1
2030,82,132,1.0,1
2030,83,78,1.0,1
2030,84,1,0.027842629914112953,1
2030,84,11,0.7527991366724022,1
2030,84,45,0.019571708087163582,1
2030,84,48,0.010059393751108495,1
2030,84,52,0.021436799472312647,1
2030,84,62,0.018427732700047363,1
2030,84,99,0.019318665299704472,1
2030,84,105,0.02498535704310149,1
2030,84,106,0.015984247041675594,1
2030,84,134,0.06864315250433838,1
2030,85,84,1.0,1
2030,86,65,1.0,1
2030,87,6,0.029869779736301776,1
2030,87,16,0.05350494041680332,1
2030,87,39,0.030334799354652546,1
2030,87,44,0.04148784359846575,1
2030,87,61,0.7128145022628242,1
2030,87,64,0.02304006703658502,1
2030,87,82,0.010591025514555062,1
2030,87,92,0.023732444512011924,1
2030,87,95,0.0346132660059289,1
2030,87,138,0.013158423720493716,1
2030,88,117,1.0,1
2030,89,119,1.0,1
2030,90,11,0.7176975719606242,1
2030,90,19,0.07797608805357685,1
2030,90,25,0.11150190668943026,1
2030,90,104,0.09191868568378551,1
2030,91,9,0.010624899100501822,1
2030,91,11,0.7936778486876658,1
2030,91,19,0.08392288081674265,1
2030,91,104,0.0743174776132931,1
2030,91,118,0.01578402713222886,1
2030,92,34,1.0,1
2030,93,3,0.03274762175433412,1
2030,93,51,0.033535670815988544,1
2030,93,61,0.01781946158499699,1
2030,93,95,0.037272473750760336,1
2030,93,98,0.8366961587486259,1
2030,93,132,0.010812354118520492,1
2030,94,3,0.04716365668225616,1
2030,94,25,0.032007404990609216,1
2030,94,32,0.01978816985138167,1
2030,94,82,0.07067405093984493,1
2030,94,144,0.048687739237920205,1
2030,94,158,0.015365884053354708,1
2030,94,167,0.705843784374084,1
2030,94,168,0.017314006762933484,1
2030,94,174,0.033688978948678866,1
2030,95,21,0.025175198449091513,1
2030,95,58,0.015885884814834345,1
2030,95,76,0.029917591582011967,1
2030,95,77,0.01867167768636121,1
2030,95,127,0.018959653362787814,1
2030,95,152,0.011778220978869741,1
2030,95,163,0.8687996178714968,1
2030,96,3,0.05140640351428334,1
2030,96,11,0.010338388915804303,1
2030,96,21,0.010243615810292333,1
2030,96,25,0.13093341042976203,1
2030,96,55,0.012509059579775833,1
2030,96,58,0.013379205255920219,1
2030,96,121,0.046949319972330476,1
2030,96,169,0.6974820560239554,1
2030,96,174,0.012768007927334799,1
2030,97,2,0.0267486974391236,1
2030,97,11,0.8709221122943045,1
2030,97,25,0.07006745941160751,1
2030,97,123,0.023659533321257437,1
2030,98,11,1.0,1
2030,99,2,0.016358056462030462,1
2030,99,11,0.8350690398860408,1
2030,99,25,0.10308988201226484,1
2030,99,139,0.022516557885868843,1
2030,100,2,0.04280839130987168,1
2030,100,11,0.8592579147426247,1
2030,100,25,0.06781952507273253,1
2030,100,123,0.0273246185979637,1
2030,101,11,0.7407422031301578,1
2030,101,25,0.06580034366252749,1
2030,101,52,0.03225136577923376,1
2030,101,76,0.025806784450999713,1
2030,101,93,0.0622764634217995,1
2030,101,172,0.06703981588852419,1
2030,102,11,0.6971466690432926,1
2030,102,25,0.1636141828198579,1
2030,102,48,0.031651173054491,1
2030,102,93,0.019169759579575164,1
2030,102,110,0.03327324924012248,1
2030,102,120,0.015677047712024862,1
2030,102,172,0.03946757360634223,1
2030,103,110,1.0,1
2030,104,1,0.04279936390908739,1
2030,104,14,0.02955889888081559,1
2030,104,19,0.1099085463084683,1
2030,104,90,0.09817565348605316,1
2030,104,104,0.03494158946939207,1
2030,104,110,0.6428949521769572,1
2030,104,159,0.03235402374073529,1
2030,105,9,0.14393272544130364,1
2030,105,11,0.23924725181048295,1
2030,105,19,0.014040592013577836,1
2030,105,57,0.026530355353408374,1
2030,105,102,0.016204324266496963,1
2030,105,103,0.07409673589150544,1
2030,105,104,0.013057413151981041,1
2030,105,110,0.43324972618842317,1
2030,105,126,0.0307724445458559,1
2030,106,9,0.05423437381670569,1
2030,106,19,0.025172560163348377,1
2030,106,61,0.019367718580890928,1
2030,106,103,0.012961684784578976,1
2030,106,110,0.8680639715074939,1
2030,107,160,1.0,1
2030,108,32,0.10596527783410317,1
2030,108,43,0.14388897286069766,1
2030,108,61,0.01074510001419501,1
2030,108,78,0.011568658426347122,1
2030,108,98,0.05524258992058908,1
2030,108,138,0.0501529121726871,1
2030,108,167,0.5350100870573262,1
2030,108,168,0.04420149629514817,1
2030,108,174,0.04086481232288853,1
2030,109,130,1.0,1
2030,110,180,1.0,1
2030,111,145,1.0,1
2030,112,66,1.0,1
2030,113,24,0.042496902915107874,1
2030,113,38,0.01368835899891377,1
2030,113,45,0.010737790411530484,1
2030,113,55,0.019087793073568397,1
2030,113,93,0.012790797057613299,1
2030,113,98,0.7710372300700439,1
2030,113,112,0.036671386013742424,1
2030,113,131,0.038729841537427284,1
2030,113,168,0.03814391239204481,1
2030,114,8,1.0,1
2030,115,8,0.8515384993775112,1
2030,115,61,0.028358631702262955,1
2030,115,94,0.02768618585780482,1
2030,115,98,0.0137414058780109,1
2030,115,132,0.04708718902573025,1
2030,115,160,0.03158808815867962,1
2030,116,32,1.0,1
2030,117,165,1.0,1
2030,118,8,0.023866364777920653,1
2030,118,29,0.09521873457706914,1
2030,118,43,0.026795530283227478,1
2030,118,50,0.5243711258824614,1
2030,118,70,0.034237987593073935,1
2030,118,92,0.023219395715199723,1
2030,118,98,0.11974623993076172,1
2030,118,138,0.025333445838126356,1
2030,119,15,0.03256177521463444,1
2030,119,29,0.17077572982883163,1
2030,119,34,0.033283859189762746,1
2030,119,160,0.5688076479536043,1
2030,119,164,0.01976155699212485,1
2030,120,70,1.0,1
2030,121,98,1.0,1
2030,122,167,1.0,1
2030,123,4,0.017642348143316496,1
2030,123,8,0.03172910568616435,1
2030,123,10,0.07284262460569216,1
2030,123,67,0.06323778969260176,1
2030,123,140,0.02500532905398751,1
2030,123,174,0.6759741252094816,1
2030,124,8,0.04743134118669357,1
2030,124,24,0.018146345956978373,1
2030,124,32,0.03534506578499631,1
2030,124,43,0.04442675884039614,1
2030,124,55,0.01998673551451156,1
2030,124,61,0.04744453706609249,1
2030,124,111,0.01779327833545942,1
2030,124,117,0.046606931587483344,1
2030,124,168,0.04136390889173298,1
2030,124,174,0.06211178013832962,1
2030,124,178,0.6159310468735276,1
2030,125,8,0.0645121215615003,1
2030,125,26,0.05520831109322183,1
2030,125,43,0.011505116289647826,1
2030,125,47,0.09779871017436216,1
2030,125,94,0.5488427660686338,1
2030,125,96,0.018537671952249674,1
2030,125,98,0.10162518444469958,1
2030,125,138,0.05132328958046694,1
2030,126,28,0.027772326006116774,1
2030,126,75,0.021496108297000823,1
2030,126,91,0.010145578362402454,1
2030,126,98,0.8087637116552927,1
2030,126,124,0.027589593625019244,1
2030,126,143,0.02228679899995321,1
2030,126,175,0.023881793975774328,1
2030,127,3,0.08274390759388255,1
2030,127,10,0.012495467133004534,1
2030,127,23,0.010208368434460614,1
2030,127,32,0.06311404339481164,1
2030,127,50,0.09717084594953058,1
2030,127,77,0.0402011950068979,1
2030,127,98,0.6878954919507264,1
2030,128,76,1.0,1
2030,129,11,0.012520931962094155,1
2030,129,34,0.012247178549818775,1
2030,129,55,0.06757007884968505,1
2030,129,56,0.015795549991104604,1
2030,129,76,0.012552097117730032,1
2030,129,85,0.07125412095583816,1
2030,129,111,0.043539890088524845,1
2030,129,121,0.12337016691814301,1
2030,129,128,0.01828211151401991,1
2030,129,151,0.09707482816224589,1
2030,129,170,0.04939597481859441,1
2030,129,179,0.42940350802799293,1
2030,130,10,0.029144691421194323,1
2030,130,14,0.01477058235354116,1
2030,130,23,0.016002713022888866,1
2030,130,30,0.034429986687665996,1
2030,130,38,0.01298154795798577,1
2030,130,53,0.03498618100896783,1
2030,130,98,0.8256107314973525,1
2030,131,42,1.0,1
2030,132,9,1.0,1
2030,133,61,1.0,1
2030,134,63,0.08806499420413635,1
2030,134,70,0.12776219332583788,1
2030,134,82,0.026567893899094246,1
2030,134,97,0.05191123942376124,1
2030,134,98,0.027255322345631248,1
2030,134,108,0.13175553439283108,1
2030,134,111,0.05164842874859156,1
2030,134,144,0.015268934603162313,1
2030,134,160,0.4031446824044811,1
2030,134,180,0.06859828492207788,1
2030,135,89,1.0,1
2030,136,37,1.0,1
2030,137,11,0.043868556584885324,1
2030,137,25,0.12131885653536681,1
2030,137,27,0.13816079579470422,1
2030,137,89,0.07586028597887033,1
2030,137,110,0.21438345890807736,1
2030,137,115,0.043355836277866516,1
2030,137,119,0.01070781877653559,1
2030,137,147,0.34679097038386203,1
2030,138,67,1.0,1
2030,139,47,0.023548177427338373,1
2030,139,73,0.016273644835495905,1
2030,139,101,0.013464456076938016,1
2030,139,160,0.886228529385956,1
2030,140,27,1.0,1
2030,141,11,0.03656483369516152,1
2030,141,34,0.04316509630515398,1
2030,141,41,0.03216425251254386,1
2030,141,63,0.07858960361976829,1
2030,141,106,0.014708474291962962,1
2030,141,121,0.024186320158539734,1
2030,141,141,0.7626272224488445,1
2030,142,3,0.025408051153953372,1
2030,142,8,0.01390228185746939,1
2030,142,10,0.03870267743557618,1
2030,142,32,0.03626347768216386,1
2030,142,47,0.03460137852438602,1
2030,142,59,0.05761166487591531,1
2030,142,131,0.01016957353725304,1
2030,142,132,0.7345205544599679,1
2030,143,96,1.0,1
2030,144,15,0.015056310866207148,1
2030,144,16,0.12009963621785769,1
2030,144,67,0.03812104374963026,1
2030,144,96,0.02608051448212407,1
2030,144,109,0.02077161444574925,1
2030,144,115,0.04042541108261782,1
2030,144,158,0.02472429667426203,1
2030,144,160,0.021386117056703468,1
2030,144,174,0.04794395292781439,1
2030,144,178,0.6219753108088117,1
2030,145,8,0.05556703466309273,1
2030,145,32,0.10214298648673739,1
2030,145,43,0.07826216140983068,1
2030,145,61,0.011377818286623464,1
2030,145,67,0.11919599268810536,1
2030,145,82,0.010865775205516928,1
2030,145,98,0.024050721419225606,1
2030,145,138,0.05115547586214925,1
2030,145,167,0.46411795607325157,1
2030,145,168,0.02067654697385926,1
2030,145,174,0.05160478629394174,1
2030,146,115,1.0,1
2030,147,11,0.7504304333981676,1
2030,147,25,0.03068081023464809,1
2030,147,27,0.06218678708235667,1
2030,147,76,0.038235690103362974,1
2030,147,89,0.011359304531105072,1
2030,147,142,0.050061154430246536,1
2030,147,152,0.043959075385606804,1
2030,148,2,0.11718779031917738,1
2030,148,9,0.013073090770184058,1
2030,148,15,0.021905257584391075,1
2030,148,16,0.03810433672071881,1
2030,148,24,0.06372843272256698,1
2030,148,67,0.05531465205490663,1
2030,148,84,0.6143423880038937,1
2030,148,110,0.01778677690324139,1
2030,148,138,0.02795303389190338,1
2030,148,174,0.03007741075196598,1
2030,149,29,0.027192768994970078,1
2030,149,34,0.03068717899465649,1
2030,149,57,0.028416771670066714,1
2030,149,61,0.0488216922279424,1
2030,149,65,0.10887829519413951,1
2030,149,98,0.038725634475745195,1
2030,149,117,0.09333296523627932,1
2030,149,130,0.04500500472789806,1
2030,149,168,0.5120787058693201,1
2030,150,2,0.03189694956198058,1
2030,150,9,0.03363122565369303,1
2030,150,26,0.014331527039154156,1
2030,150,43,0.024364661503813684,1
2030,150,70,0.050523955162128334,1
2030,150,94,0.013158600469825902,1
2030,150,117,0.6805353884871527,1
2030,150,132,0.021483134474039902,1
2030,150,141,0.031563717576735276,1
2030,150,149,0.03470034659540884,1
2030,150,174,0.03482189534701631,1
2030,151,8,0.07525135225910441,1
2030,151,9,0.11450512148775215,1
2030,151,26,0.014336437224246459,1
2030,151,43,0.024712486562453815,1
2030,151,70,0.024394866722457307,1
2030,151,117,0.5186068106893267,1
2030,151,130,0.05185631798998584,1
2030,151,132,0.02004683139118654,1
2030,151,138,0.05537183797386251,1
2030,151,141,0.051455569257185384,1
2030,151,149,0.019194749969975826,1
2030,151,174,0.014680033421498937,1
2030,152,2,0.02709307881724167,1
2030,152,4,0.015314937470089978,1
2030,152,61,0.8724530847653866,1
2030,152,62,0.018272779360360515,1
2030,152,106,0.012354375215715464,1
2030,153,9,0.10406975788273384,1
2030,153,27,0.017642990866723558,1
2030,153,39,0.036019192993964895,1
2030,153,64,0.03783239903454402,1
2030,153,65,0.03684981675689553,1
2030,153,84,0.0448367606847706,1
2030,153,96,0.0944342084753082,1
2030,153,115,0.03753829292194462,1
2030,153,119,0.02285407216653452,1
2030,153,153,0.02766584503644286,1
2030,153,163,0.533631250186155,1
2030,154,29,0.07401042463399321,1
2030,154,33,0.02218183462434993,1
2030,154,34,0.07889076311921142,1
2030,154,61,0.15518461078170473,1
2030,154,96,0.5230671495470199,1
2030,154,98,0.03055400506911097,1
2030,154,117,0.0544796135190695,1
2030,154,160,0.016528152161254816,1
2030,155,24,0.03329396554426548,1
2030,155,32,0.05061666828202856,1
2030,155,57,0.03212553326533899,1
2030,155,61,0.058399871287393074,1
2030,155,67,0.014235735509878446,1
2030,155,110,0.023103871162307194,1
2030,155,117,0.14427927610642774,1
2030,155,119,0.0265865562730837,1
2030,155,148,0.015568950851087365,1
2030,155,152,0.5709315014180764,1
2030,155,163,0.015349879029384037,1
2030,156,22,0.01346384175928159,1
2030,156,110,0.9613063844791583,1
2030,157,1,0.025978419806186752,1
2030,157,22,0.022797603837990524,1
2030,157,25,0.10220800853129772,1
2030,157,27,0.011859594143793761,1
2030,157,49,0.08173129107764995,1
2030,157,103,0.05587846833598414,1
2030,157,104,0.03564613058124157,1
2030,157,110,0.6484565332223929,1
2030,158,2,0.08753446292700841,1
2030,158,11,0.5544185633198593,1
2030,158,14,0.01910681877100767,1
2030,158,25,0.19488810861941325,1
2030,158,49,0.011755720404343084,1
2030,158,93,0.017122440310011693,1
2030,158,99,0.04357983634951007,1
2030,158,104,0.024726061073587626,1
2030,158,123,0.021899630257830684,1
2030,159,2,0.0754620043832462,1
2030,159,11,0.5970178920457919,1
2030,159,25,0.1182875129032294,1
2030,159,45,0.02319580048783763,1
2030,159,48,0.06320942035780423,1
2030,159,52,0.020124126146324153,1
2030,159,62,0.021989686723746807,1
2030,159,93,0.03080494384882518,1
2030,159,134,0.024592045892690283,1
2030,159,172,0.010699335265843438,1
2030,160,7,0.01675771667345974,1
2030,160,11,0.011444054544021153,1
2030,160,21,0.011371799826506983,1
2030,160,22,0.07154738208308636,1
2030,160,41,0.039608959195645665,1
2030,160,56,0.059507046053008064,1
2030,160,76,0.01303734940073842,1
2030,160,110,0.7227892257233769,1
2030,160,123,0.02105038486909153,1
2030,160,127,0.0104444167396611,1
2030,161,4,0.01593259845404487,1
2030,161,8,0.014795321243376429,1
2030,161,10,0.013319943288931982,1
2030,161,11,0.7448726259997654,1
2030,161,18,0.03234694518739972,1
2030,161,30,0.02551103752914637,1
2030,161,34,0.017570239958925392,1
2030,161,38,0.026747482655085027,1
2030,161,87,0.015932310564173137,1
2030,161,91,0.010729035512728653,1
2030,161,111,0.016402316477331213,1
2030,161,140,0.027299098738979517,1
2030,162,4,0.11969049616528023,1
2030,162,8,0.011054262455459785,1
2030,162,34,0.03882125310786735,1
2030,162,55,0.06281735566674462,1
2030,162,61,0.048594816071878426,1
2030,162,103,0.028898129718447976,1
2030,162,108,0.48253111701154083,1
2030,162,117,0.05385440708201959,1
2030,162,160,0.12554724195808037,1
2030,162,168,0.012289645403893365,1
2030,163,10,0.07765096209022095,1
2030,163,24,0.012190885971313636,1
2030,163,32,0.029663119760939237,1
2030,163,41,0.016042632380532367,1
2030,163,59,0.013464477866900932,1
2030,163,63,0.011413412834341918,1
2030,163,67,0.026051337433198065,1
2030,163,96,0.6498089400291046,1
2030,163,100,0.05858144202879115,1
2030,163,114,0.024995743180372603,1
2030,163,126,0.015570274634498508,1
2030,163,176,0.016040675735336695,1
2030,164,163,1.0,1
2030,165,11,0.06511329809987043,1
2030,165,25,0.11011001554057072,1
2030,165,27,0.07845619701027472,1
2030,165,83,0.017452118594719387,1
2030,165,110,0.05122228989241825,1
2030,165,119,0.06759546266075532,1
2030,165,123,0.0623666900435288,1
2030,165,163,0.48455936502969366,1
2030,165,169,0.025581476961439767,1
2030,166,11,0.5037847047307381,1
2030,166,19,0.026322144810749473,1
2030,166,25,0.30865749580902946,1
2030,166,48,0.0731181888337186,1
2030,166,90,0.021038212795130257,1
2030,166,123,0.02661117640073229,1
2030,166,172,0.017908703911889305,1
2030,167,2,0.05467602216236162,1
2030,167,17,0.04673772403593195,1
2030,167,49,0.025682534968442576,1
2030,167,141,0.024216842334784567,1
2030,167,162,0.7867916830208439,1
2030,168,15,0.06132232676916917,1
2030,168,29,0.020500821812978198,1
2030,168,34,0.01760569837928214,1
2030,168,53,0.04296676850258858,1
2030,168,87,0.014033034125345274,1
2030,168,98,0.7358085390275285,1
2030,168,101,0.01332506583069197,1
2030,168,111,0.01125192774500739,1
2030,168,121,0.037511339383695864,1
2030,168,162,0.01110785806686154,1
2030,168,170,0.021569284739214375,1
2030,169,6,0.011300218205551292,1
2030,169,29,0.012269866504605648,1
2030,169,43,0.8365708894190242,1
2030,169,70,0.010568308902980064,1
2030,169,82,0.025927580648979775,1
2030,169,92,0.012797028938657804,1
2030,170,32,0.018952086882016547,1
2030,170,70,0.22517029662141413,1
2030,170,82,0.010727591057519541,1
2030,170,97,0.014405394675483841,1
2030,170,98,0.06895440737873328,1
2030,170,138,0.5667776577855442,1
2030,170,149,0.07893985710635283,1
2030,170,180,0.014657591914986123,1
2030,171,6,0.09094260477577991,1
2030,171,23,0.015160780550644147,1
2030,171,35,0.04170504370213601,1
2030,171,43,0.6700254851771361,1
2030,171,44,0.029163789216449475,1
2030,171,50,0.017421562788850327,1
2030,171,82,0.03653942885952047,1
2030,172,152,1.0,1
2030,173,25,0.8553254337020725,1
2030,173,27,0.021493137760673763,1
2030,173,31,0.011137654057446825,1
2030,173,57,0.011830336650325438,1
2030,173,106,0.012068256734405316,1
2030,174,25,0.13257077079997098,1
2030,174,41,0.0675171501504655,1
2030,174,56,0.0256979852027857,1
2030,174,76,0.024797035851894262,1
2030,174,110,0.7145911318461332,1
2030,174,162,0.025853341216661878,1
2030,175,22,0.010440940407821429,1
2030,175,41,0.017848507982136337,1
2030,175,56,0.024417220254290203,1
2030,175,79,0.03101298263776533,1
2030,175,110,0.8824944423250048,1
2030,175,162,0.018236853747541217,1
2030,176,5,0.015062486107579105,1
2030,176,11,0.02360402282357931,1
2030,176,25,0.013860900408042325,1
2030,176,48,0.019056899724110638,1
2030,176,57,0.051824685546925355,1
2030,176,67,0.029342121286744807,1
2030,176,110,0.06562467280661816,1
2030,176,120,0.019287049799899328,1
2030,176,122,0.013897173751047478,1
2030,176,123,0.648543416378483,1
2030,176,141,0.02734120386749789,1
2030,176,162,0.054499377016734615,1
2030,177,1,0.016494785707898578,1
2030,177,2,0.09563091678142943,1
2030,177,24,0.012198290040848131,1
2030,177,25,0.051701776561496784,1
2030,177,41,0.026547380956740745,1
2030,177,55,0.03190093310560116,1
2030,177,56,0.6855042219440375,1
2030,177,84,0.011253227160907295,1
2030,177,104,0.036094168728372386,1
2030,177,115,0.013502207136852618,1
2030,178,2,0.08515436196243764,1
2030,178,4,0.04674459473210116,1
2030,178,15,0.025942968240584514,1
2030,178,55,0.13244152854827052,1
2030,178,160,0.06574889661161402,1
2030,178,164,0.5756113155147526,1
2030,178,168,0.03682798485636968,1
2030,179,6,0.020550401968930595,1
2030,179,43,0.8402901437431219,1
2030,179,44,0.01246336651426082,1
2030,179,82,0.012048836146692178,1
2030,179,92,0.013760767200327373,1
2030,180,6,0.07721856135541245,1
2030,180,43,0.029251756216805997,1
2030,180,82,0.010187913942536285,1
2030,180,98,0.6937955645471444,1
2030,180,112,0.1289146430302022,1
2030,180,168,0.051890180231430535,1
2030,181,6,0.02112922212357292,1
2030,181,24,0.02704462171035769,1
2030,181,98,0.795652255252883,1
2030,181,112,0.056310491282381636,1
2030,181,131,0.04411063476659354,1
2030,181,168,0.03560958677046831,1
2030,182,20,0.03207760938834821,1
2030,182,93,0.01734543057288931,1
2030,182,95,0.016833057790719443,1
2030,182,98,0.855398646904502,1
2030,182,112,0.01536228941628465,1
2030,182,138,0.01059219809560438,1
2030,183,8,0.18583512363209673,1
2030,183,27,0.03191645026350847,1
2030,183,32,0.03181689551149594,1
2030,183,42,0.015978959236695345,1
2030,183,61,0.03574900508829843,1
2030,183,65,0.06327124206878651,1
2030,183,89,0.07226480681602859,1
2030,183,138,0.5380524398254606,1
2030,184,9,0.022554524163876367,1
2030,184,34,0.023486981323772606,1
2030,184,61,0.01475650043155026,1
2030,184,70,0.012602029587821965,1
2030,184,84,0.06301599505250195,1
2030,184,94,0.05710624525996435,1
2030,184,96,0.024213408115347505,1
2030,184,98,0.016609831151660634,1
2030,184,103,0.019403016320739295,1
2030,184,115,0.015841241579589684,1
2030,184,131,0.5433791839034204,1
2030,184,132,0.03223797752887255,1
2030,184,141,0.04326939762532645,1
2030,184,160,0.04688322828985919,1
2030,185,32,0.07998409324647092,1
2030,185,37,0.027569815443356384,1
2030,185,55,0.03337950977942047,1
2030,185,61,0.1140583314141693,1
2030,185,117,0.03467219590834924,1
2030,185,121,0.010132571601688133,1
2030,185,138,0.5478949572060853,1
2030,185,163,0.0158561481687794,1
2030,185,167,0.018456934438790054,1
2030,185,180,0.016106751073095796,1
2030,186,3,0.032221879022074656,1
2030,186,32,0.023630540842648755,1
2030,186,51,0.02113462463397571,1
2030,186,61,0.06232160530283502,1
2030,186,76,0.7278660465469087,1
2030,186,93,0.01592816598764138,1
2030,186,104,0.05262814256825599,1
2030,186,158,0.012973728180576094,1
2030,186,174,0.02095674233404239,1
2030,187,2,0.08019282664744849,1
2030,187,3,0.04909229930314779,1
2030,187,11,0.5226511266071268,1
2030,187,25,0.2951511761022679,1
2030,187,76,0.046827509629717136,1
2030,188,11,0.10282804998261995,1
2030,188,25,0.18052567607010073,1
2030,188,41,0.02533985877071149,1
2030,188,63,0.015961206692174428,1
2030,188,111,0.022578096077512457,1
2030,188,145,0.027621410362418903,1
2030,188,151,0.5824481793282503,1
2030,189,179,1.0,1
2030,190,8,0.044102961367605484,1
2030,190,10,0.040612053558391946,1
2030,190,24,0.054149459877659734,1
2030,190,26,0.5951234554134048,1
2030,190,28,0.010409873670989892,1
2030,190,32,0.11546285589751357,1
2030,190,50,0.038447828297388825,1
2030,190,61,0.07868400240690805,1
2030,191,2,0.06698702215038611,1
2030,191,16,0.056724016594032284,1
2030,191,26,0.12346602103009496,1
2030,191,29,0.010424635952778184,1
2030,191,43,0.04356792869201009,1
2030,191,98,0.01940735242940552,1
2030,191,108,0.5120567802634122,1
2030,191,132,0.03557925809522879,1
2030,191,138,0.08860688293068686,1
2030,191,142,0.0148911019228805,1
2030,192,111,1.0,1
2030,193,142,1.0,1
2030,194,2,0.040560144039695094,1
2030,194,3,0.09721117921457328,1
2030,194,5,0.03950398996547207,1
2030,194,16,0.046752659053785256,1
2030,194,24,0.02031628518485664,1
2030,194,25,0.10507373840552209,1
2030,194,93,0.12660853579337397,1
2030,194,110,0.013229204922465744,1
2030,194,169,0.501522585005917,1
2030,195,2,0.03470018176220239,1
2030,195,3,0.07240252551056107,1
2030,195,5,0.013231022674961132,1
2030,195,11,0.4695544684154517,1
2030,195,16,0.023061102731466193,1
2030,195,19,0.04162331038703597,1
2030,195,25,0.12749194331228175,1
2030,195,37,0.1197157710475584,1
2030,195,93,0.09784838266253286,1
2030,196,141,1.0,1
2030,197,3,0.013048503712506765,1
2030,197,35,0.024068873393697968,1
2030,197,43,0.8056246791735671,1
2030,197,77,0.048882856492489996,1
2030,197,78,0.04543803823919828,1
2030,197,113,0.02544370615898679,1
2030,197,167,0.013096576938612454,1
2030,198,43,1.0,1
2030,199,3,1.0,1
2030,200,2,0.7596727440400992,1
2030,200,14,0.03253633200856636,1
2030,200,24,0.019008276355326367,1
2030,200,25,0.12456344981762155,1
2030,200,63,0.01681342399841988,1
2030,200,176,0.04740577377996653,1
2030,201,168,1.0,1
2030,202,32,0.25247329794745776,1
2030,202,34,0.020563972884659283,1
2030,202,61,0.10061818131320525,1
2030,202,78,0.04186043022788167,1
2030,202,98,0.03241050474723937,1
2030,202,108,0.019982419951849035,1
2030,202,168,0.4482875924099396,1
2030,203,7,0.041958244260250355,1
2030,203,25,0.13044676884792114,1
2030,203,110,0.7083596297510619,1
2030,203,115,0.034798368863742914,1
2030,203,123,0.05033283819254631,1
2030,203,169,0.024677835781583092,1
2030,204,25,1.0,1
2030,205,2,1.0,1
2030,206,24,1.0,1
2030,207,2,0.2596512345648582,1
2030,207,25,0.02174746600946829,1
2030,207,55,0.02907851604154271,1
2030,207,84,0.03822124775094934,1
2030,207,115,0.07239858010662718,1
2030,207,130,0.07329739933804783,1
2030,207,132,0.04837817717271837,1
2030,207,141,0.013303070026026226,1
2030,207,160,0.04128606157044842,1
2030,207,174,0.12352124777655027,1
2030,207,179,0.26542189805107097,1
2030,208,174,1.0,1
2030,209,149,1.0,1
2030,210,43,0.869115485503235,1
2030,210,57,0.011366321768288105,1
2030,210,117,0.010679801287351331,1
2030,211,3,0.038172479500253875,1
2030,211,8,0.019394638550784556,1
2030,211,32,0.0513900379225433,1
2030,211,44,0.04538975896336445,1
2030,211,61,0.0821174723663701,1
2030,211,77,0.01482170120157994,1
2030,211,78,0.03208425314099491,1
2030,211,113,0.06015524033434757,1
2030,211,132,0.016973983989773643,1
2030,211,168,0.6342742468163218,1
2030,212,2,0.024915777031236507,1
2030,212,3,0.01092900905093827,1
2030,212,43,0.08550943629708518,1
2030,212,112,0.10988098328547322,1
2030,212,138,0.015425193702740888,1
2030,212,163,0.6411840260442819,1
2030,212,168,0.07958665335386754,1
2030,212,174,0.018197434535996707,1
2030,213,2,0.2323334100635863,1
2030,213,16,0.05387118742631839,1
2030,213,30,0.030560276583828226,1
2030,213,43,0.03671930832432337,1
2030,213,81,0.02598805275496446,1
2030,213,84,0.06841627277889477,1
2030,213,96,0.029209178127732698,1
2030,213,138,0.07353411548876154,1
2030,213,141,0.020855772284877245,1
2030,213,142,0.41563993527385373,1
2030,213,174,0.011500739684747904,1
2030,214,3,0.0841600872142426,1
2030,214,43,0.012471926443699747,1
2030,214,44,0.02075086984974959,1
2030,214,61,0.03277006619592832,1
2030,214,77,0.08887185911722291,1
2030,214,78,0.06672398408502526,1
2030,214,96,0.043299384502477896,1
2030,214,98,0.023485624565055385,1
2030,214,132,0.07724589867961962,1
2030,214,168,0.5499298937354209,1
2030,215,55,1.0,1
2030,216,16,0.038451422295155566,1
2030,216,21,0.06441662280606075,1
2030,216,29,0.10210131956788893,1
2030,216,37,0.015292291350616853,1
2030,216,43,0.026662177156307098,1
2030,216,55,0.1829506631915535,1
2030,216,61,0.04006367219012603,1
2030,216,69,0.0506946331078551,1
2030,216,96,0.011454464600689543,1
2030,216,98,0.053717065770868065,1
2030,216,121,0.03541147741212936,1
2030,216,149,0.3477378963819293,1
2030,216,160,0.028613338847111425,1
2030,217,2,0.04954932135160148,1
2030,217,9,0.01661020162125501,1
2030,217,24,0.02293049170281952,1
2030,217,26,0.01758494737372838,1
2030,217,65,0.04181551391208448,1
2030,217,84,0.025668862663881895,1
2030,217,115,0.05800029819036438,1
2030,217,130,0.08942354008935127,1
2030,217,132,0.013255592398941515,1
2030,217,138,0.06317403882105822,1
2030,217,142,0.024260905707755773,1
2030,217,149,0.013258352576036792,1
2030,217,160,0.012015874890893181,1
2030,217,170,0.5175339641734715,1
2030,217,174,0.020047306889140793,1
2030,218,43,0.9400314184673125,1
2030,219,32,0.03897797784120783,1
2030,219,50,0.012271151069589578,1
2030,219,61,0.02314496973813525,1
2030,219,70,0.020150028303809596,1
2030,219,88,0.01929171547736852,1
2030,219,108,0.012098378004722337,1
2030,219,138,0.7328810273890667,1
2030,219,145,0.02943970617878206,1
2030,219,180,0.058890486572524915,1
2030,220,10,0.010706648435361153,1
2030,220,14,0.05436227550528458,1
2030,220,24,0.0276111352634784,1
2030,220,32,0.013365884533104395,1
2030,220,59,0.031942260428399906,1
2030,220,100,0.019807462098262868,1
2030,220,117,0.025327410277540804,1
2030,220,152,0.7655586250659073,1
2030,221,1,0.01786972582786433,1
2030,221,25,0.7642828343898521,1
2030,221,48,0.036568705484692106,1
2030,221,56,0.03370839830634492,1
2030,221,79,0.044830005392883426,1
2030,221,126,0.012330960824467375,1
2030,222,15,1.0,1
2030,223,26,1.0,1
2030,224,32,0.028153613899834253,1
2030,224,43,0.6624815407270987,1
2030,224,61,0.04057449266532017,1
2030,224,78,0.13764288149151757,1
2030,224,92,0.029938520205473242,1
2030,224,98,0.032129760815698204,1
2030,224,113,0.016322618573594863,1
2030,225,93,1.0,1
2030,226,2,0.12435160835191478,1
2030,226,19,0.029778194421239274,1
2030,226,25,0.13344716973870713,1
2030,226,93,0.016092522823463358,1
2030,226,99,0.06625691821298865,1
2030,226,104,0.11463787399659847,1
2030,226,110,0.4912355892356643,1
2030,227,11,0.5884456987366816,1
2030,227,19,0.018653313482033626,1
2030,227,25,0.16426225343669767,1
2030,227,36,0.013411604299719968,1
2030,227,90,0.02413590616313198,1
2030,227,93,0.010015071998144857,1
2030,227,99,0.043628336686512045,1
2030,227,104,0.10673080472565183,1
2030,227,123,0.024841381669709138,1
2030,228,2,0.7208849831323745,1
2030,228,22,0.011356539678006013,1
2030,228,34,0.022142218473792958,1
2030,228,41,0.07057353423053381,1
2030,228,63,0.04815755145571294,1
2030,228,79,0.01636682378094624,1
2030,228,82,0.020349435237494006,1
2030,228,101,0.016741953596577704,1
2030,228,106,0.01002393181421036,1
2030,228,127,0.014962937459997695,1
2030,229,138,1.0,1
2030,230,3,0.017658942895509986,1
2030,230,132,0.9276537535821483,1
2030,230,163,0.011793263445777913,1
2030,231,1,0.03280019410789115,1
2030,231,3,0.01940444147696657,1
2030,231,40,0.015496396963531006,1
2030,231,44,0.01566189088077731,1
2030,231,82,0.020690101055195132,1
2030,231,93,0.018657127058464732,1
2030,231,98,0.842837493110806,1
2030,231,144,0.011750909917683303,1
2030,232,23,0.022469244078101545,1
2030,232,26,0.019048539707427262,1
2030,232,32,0.02480603222165037,1
2030,232,43,0.025886980883893806,1
2030,232,47,0.11132958375687031,1
2030,232,50,0.03748677530835881,1
2030,232,54,0.04269739173626082,1
2030,232,55,0.5741021919180754,1
2030,232,112,0.030313203650508193,1
2030,232,138,0.012547483303422303,1
2030,232,143,0.012407701374624566,1
2030,232,155,0.01652134129118899,1
2030,232,157,0.017776171977274186,1
2030,233,2,0.01570601196648717,1
2030,233,3,0.04242619281076075,1
2030,233,20,0.03812680217750172,1
2030,233,25,0.07891071634824214,1
2030,233,36,0.0877616037415984,1
2030,233,52,0.032988138593537865,1
2030,233,77,0.015150737131332179,1
2030,233,89,0.04917960757483669,1
2030,233,93,0.09270697248915062,1
2030,233,152,0.0200739052207605,1
2030,233,163,0.5060809438141171,1
2030,234,3,0.06142200026998132,1
2030,234,15,0.010218124475556666,1
2030,234,25,0.038516644713525505,1
2030,234,32,0.06212682258561439,1
2030,234,50,0.02747331759034437,1
2030,234,55,0.024160861751066954,1
2030,234,82,0.020473526820210138,1
2030,234,100,0.013470715532004381,1
2030,234,151,0.6943070392357269,1
2030,234,168,0.042562991288001284,1
2030,235,2,0.20930963670570846,1
2030,235,17,0.06212204838113202,1
2030,235,23,0.04914641744563729,1
2030,235,35,0.01832354655742671,1
2030,235,52,0.026357515536551634,1
2030,235,56,0.036431336081876056,1
2030,235,76,0.012103792529203754,1
2030,235,163,0.5635814245912897,1
2030,236,2,0.019099862851906846,1
2030,236,16,0.07872592618234832,1
2030,236,18,0.011808592633297237,1
2030,236,20,0.010380881309674237,1
2030,236,47,0.016374976910129315,1
2030,236,64,0.013297078794350216,1
2030,236,86,0.011017673804643323,1
2030,236,93,0.05064327418451217,1
2030,236,112,0.042334654158339355,1
2030,236,131,0.04527866392102404,1
2030,236,138,0.022205225458288954,1
2030,236,143,0.02203734509144668,1
2030,236,154,0.012404429824167998,1
2030,236,163,0.6217664234329177,1
2030,237,2,0.023254941319556886,1
2030,237,15,0.08662735128995094,1
2030,237,21,0.016959251013467246,1
2030,237,26,0.023931475285934447,1
2030,237,29,0.012609844202128778,1
2030,237,43,0.013881578183275426,1
2030,237,55,0.037281431472915134,1
2030,237,63,0.016283941052747462,1
2030,237,98,0.03940279555856449,1
2030,237,111,0.026406937643564533,1
2030,237,117,0.550711024685898,1
2030,237,121,0.012770620039537125,1
2030,237,170,0.03678409685263515,1
2030,237,173,0.0133665257782361,1
2030,237,174,0.05877614361347364,1
2030,238,11,0.07836157288710047,1
2030,238,27,0.03890676549968821,1
2030,238,34,0.08246744079675397,1
2030,238,55,0.015277052650568636,1
2030,238,57,0.01443883502406731,1
2030,238,58,0.01786415490829691,1
2030,238,61,0.014844952180763819,1
2030,238,86,0.6112376515400514,1
2030,238,106,0.012033916825974662,1
2030,238,117,0.01935817533934717,1
2030,238,119,0.025298181649430037,1
2030,238,148,0.03795691221325734,1
2030,239,2,0.08338009866357275,1
2030,239,3,0.03957284901973422,1
2030,239,22,0.01147481971032372,1
2030,239,25,0.09257648814629975,1
2030,239,41,0.0991071908261132,1
2030,239,55,0.031813275457981974,1
2030,239,62,0.01328795781649144,1
2030,239,82,0.046070141307919484,1
2030,239,93,0.017262036283324265,1
2030,239,119,0.46898857697082796,1
2030,239,127,0.04074376966612273,1
2030,239,144,0.043163700036109406,1
2030,240,19,0.13642981643058757,1
2030,240,25,0.1637504247201601,1
2030,240,104,0.0787870033220374,1
2030,240,148,0.621032755527215,1
2030,241,1,0.017050099926824852,1
2030,241,11,0.04113084023457559,1
2030,241,25,0.2609581657955267,1
2030,241,41,0.08445420840949674,1
2030,241,56,0.032627065520626865,1
2030,241,104,0.0634242143687484,1
2030,241,123,0.056679550009975994,1
2030,241,126,0.017328290067313325,1
2030,241,148,0.4031086428850006,1
2030,241,162,0.023238922781910847,1
2030,242,11,0.01820866472359763,1
2030,242,25,0.2742805824337074,1
2030,242,41,0.061189799032692546,1
2030,242,57,0.04935482188039402,1
2030,242,83,0.017343880394781453,1
2030,242,104,0.08537467439050919,1
2030,242,110,0.058072756308616656,1
2030,242,162,0.42879865036346165,1
2030,243,25,0.2649090934161162,1
2030,243,41,0.0420382338867313,1
2030,243,99,0.023167433625138185,1
2030,243,100,0.060098267215422996,1
2030,243,104,0.0611504924940946,1
2030,243,123,0.07545322828313479,1
2030,243,162,0.46933757678278853,1
2030,244,11,0.04623014250731028,1
2030,244,25,0.1903069402971998,1
2030,244,41,0.0893843275722048,1
2030,244,57,0.02996122528300945,1
2030,244,83,0.03203003130051019,1
2030,244,104,0.040263313102300184,1
2030,244,110,0.03373932056608861,1
2030,244,123,0.026925955825529584,1
2030,244,162,0.511158743545847,1
2030,245,162,1.0,1
2030,246,8,0.07427725107684073,1
2030,246,29,0.1590714684764763,1
2030,246,30,0.02044549309400187,1
2030,246,33,0.03062893393238246,1
2030,246,43,0.03543843646893375,1
2030,246,47,0.04251006335218415,1
2030,246,55,0.11805563792907917,1
2030,246,94,0.45104948960081026,1
2030,246,131,0.054732869387822285,1
2030,247,8,0.03489165211326147,1
2030,247,18,0.02768961965691088,1
2030,247,23,0.018030656821188366,1
2030,247,47,0.05053222726736966,1
2030,247,91,0.0448358531447625,1
2030,247,95,0.010992230024752934,1
2030,247,98,0.6538530155071419,1
2030,247,112,0.07744108734783499,1
2030,247,131,0.019187463062658863,1
2030,247,175,0.045329179970092386,1
2030,248,88,1.0,1
2030,249,120,1.0,1
2030,250,19,1.0,1
2030,251,103,1.0,1
2030,252,169,1.0,1
2030,253,16,1.0,1
2030,254,21,0.021868196532677287,1
2030,254,33,0.05044562577044446,1
2030,254,35,0.05612975543497862,1
2030,254,44,0.013691420339654035,1
2030,254,48,0.010480916927042101,1
2030,254,77,0.015363253201720568,1
2030,254,98,0.7363086765224954,1
2030,254,105,0.018348588819725214,1
2030,254,127,0.010128975627476267,1
2030,254,175,0.028144928267421376,1
2030,255,8,0.09856655465846224,1
2030,255,55,0.016384256847328384,1
2030,255,65,0.13054839485409966,1
2030,255,78,0.03312505725331187,1
2030,255,86,0.09038317350775439,1
2030,255,93,0.020319869781155846,1
2030,255,96,0.03754941040760512,1
2030,255,108,0.48459204508598197,1
2030,255,117,0.016537663330963893,1
2030,255,138,0.059194315201731754,1
2030,256,21,0.035517674316082604,1
2030,256,25,0.10021052983479627,1
2030,256,32,0.07378100155793901,1
2030,256,50,0.01067896308113962,1
2030,256,89,0.23504589285958152,1
2030,256,102,0.06002397406248188,1
2030,256,117,0.44494222636280273,1
2030,256,173,0.024374977430266558,1
2030,257,121,1.0,1
2030,258,11,0.055933921227383,1
2030,258,34,0.05142992879164112,1
2030,258,37,0.05047867527570669,1
2030,258,49,0.016513073496965104,1
2030,258,58,0.031750187552029754,1
2030,258,63,0.013208905566863879,1
2030,258,84,0.015447715115102824,1
2030,258,87,0.030530388627215462,1
2030,258,121,0.042049786541367554,1
2030,258,128,0.022557753672270878,1
2030,258,179,0.6606723202962372,1
2030,259,22,0.0180724214503394,1
2030,259,27,0.08189090739689062,1
2030,259,39,0.030471828045087246,1
2030,259,66,0.11562055151166131,1
2030,259,70,0.03356776188427682,1
2030,259,115,0.016433084735096564,1
2030,259,130,0.013645978556862474,1
2030,259,167,0.04308853556863701,1
2030,259,169,0.05602213208989566,1
2030,259,179,0.5491685975463081,1
2030,260,10,0.018868595599638653,1
2030,260,15,0.05084256086028193,1
2030,260,23,0.017673282389405024,1
2030,260,29,0.04640539645031734,1
2030,260,53,0.08849038190586896,1
2030,260,55,0.08723641843380284,1
2030,260,77,0.03502387040793542,1
2030,260,98,0.012770217696636993,1
2030,260,121,0.011871762502212247,1
2030,260,164,0.041422901570725125,1
2030,260,178,0.5444710891278779,1
2030,261,108,1.0,1
2030,262,129,1.0,1
2030,263,8,0.04723795124685371,1
2030,263,9,0.010833437822359331,1
2030,263,24,0.05109742698671009,1
2030,263,27,0.025598938890326987,1
2030,263,28,0.015388722380821743,1
2030,263,36,0.016526789351255275,1
2030,263,46,0.054710664757427155,1
2030,263,61,0.0267040835256522,1
2030,263,69,0.572635025811813,1
2030,263,86,0.017722094623120847,1
2030,263,88,0.02723230842586766,1
2030,263,113,0.01790541876472415,1
2030,263,131,0.02585373037678481,1
2030,263,139,0.02700546209379308,1
2030,263,143,0.01033010587721983,1
2030,263,167,0.023894040242092875,1
2030,264,17,0.02504741895464095,1
2030,264,35,0.05219244715746819,1
2030,264,49,0.03663394022917872,1
2030,264,52,0.03048908195905288,1
2030,264,68,0.046756480049994074,1
2030,264,77,0.022317922017411455,1
2030,264,85,0.07964631095711576,1
2030,264,96,0.011405864951819186,1
2030,264,163,0.662451671371315,1
2030,264,177,0.010948948351572747,1
2030,265,3,0.012456350525280206,1
2030,265,5,0.01072670319154449,1
2030,265,36,0.013932593440012167,1
2030,265,50,0.053740531301222326,1
2030,265,76,0.011022401691383521,1
2030,265,77,0.013423747318721608,1
2030,265,85,0.028557707008477987,1
2030,265,169,0.7457098278544696,1
2030,265,173,0.02829765118714814,1
2030,265,177,0.019748554623215942,1
2030,266,9,0.06352749334045966,1
2030,266,27,0.02072677137435811,1
2030,266,34,0.055226581697333486,1
2030,266,61,0.05857148733369031,1
2030,266,63,0.042585699666569596,1
2030,266,65,0.05562103420495344,1
2030,266,130,0.11890522102140991,1
2030,266,160,0.031451155661409595,1
2030,266,170,0.5280901826330757,1
2030,267,3,0.08216957897060649,1
2030,267,10,0.020750977495771938,1
2030,267,25,0.03763968245688599,1
2030,267,50,0.023823034925124987,1
2030,267,69,0.05205086061843431,1
2030,267,77,0.022659342529040165,1
2030,267,93,0.037784708181673884,1
2030,267,144,0.01915446486061309,1
2030,267,167,0.6627489745431423,1
2030,267,173,0.01955357646699057,1
2030,267,177,0.013004791676563428,1
2030,268,5,0.073931809818106,1
2030,268,14,0.05837476567102211,1
2030,268,28,0.030399659317328662,1
2030,268,31,0.011997514133747665,1
2030,268,36,0.036490107986763096,1
2030,268,64,0.01235388899630909,1
2030,268,77,0.013302838412750597,1
2030,268,90,0.03996694178744025,1
2030,268,105,0.02773367541055732,1
2030,268,113,0.023223366300104145,1
2030,268,124,0.01104045972534261,1
2030,268,130,0.6233237245275702,1
2030,268,173,0.01040692604280947,1
2030,269,94,1.0,1
2030,270,3,0.024899867468420434,1
2030,270,86,0.010384020589363652,1
2030,270,93,0.02602155539178961,1
2030,270,98,0.8892895775975705,1
2030,271,178,1.0,1
2030,272,3,0.02081667710415939,1
2030,272,10,0.047883111921204466,1
2030,272,21,0.06218806600676832,1
2030,272,32,0.04420072766313729,1
2030,272,50,0.06952928282969564,1
2030,272,77,0.07431808722259191,1
2030,272,98,0.6250135038871519,1
2030,272,113,0.04655547787585248,1
2030,273,16,0.02525927458988821,1
2030,273,35,0.028774033284982705,1
2030,273,56,0.020718110163496922,1
2030,273,70,0.6881077197584771,1
2030,273,74,0.03968571437001263,1
2030,273,127,0.050722376413613,1
2030,274,6,0.034421704845308605,1
2030,274,15,0.014697289313850394,1
2030,274,23,0.05153242793640206,1
2030,274,98,0.7835094182355304,1
2030,274,112,0.07282889274519107,1
2030,274,168,0.02796211354890282,1
2030,275,77,1.0,1
2030,276,7,0.04011068109795346,1
2030,276,25,0.016566543925172532,1
2030,276,52,0.023361389541031275,1
2030,276,56,0.05270236095458429,1
2030,276,76,0.08848515262834747,1
2030,276,108,0.03806504250700262,1
2030,276,114,0.017864527651403162,1
2030,276,129,0.01818404263137576,1
2030,276,147,0.5681688905649223,1
2030,276,169,0.07378278675974849,1
2030,276,172,0.01741723227943015,1
2030,276,176,0.010000588378641413,1
2030,277,2,0.04842579891797246,1
2030,277,9,0.07491788539093516,1
2030,277,12,0.06940247750080113,1
2030,277,15,0.012121295530169792,1
2030,277,16,0.031969945467564445,1
2030,277,58,0.010147080582016436,1
2030,277,67,0.05397953392421215,1
2030,277,102,0.1359438164582392,1
2030,277,128,0.5558157275251592,1
2030,278,3,0.0757119359225666,1
2030,278,23,0.04641630545839744,1
2030,278,50,0.126358073635592,1
2030,278,53,0.07067382627400834,1
2030,278,69,0.12492988516828285,1
2030,278,77,0.014227125929626128,1
2030,278,82,0.04087053177880519,1
2030,278,108,0.03240207365739555,1
2030,278,144,0.10699434616057679,1
2030,278,167,0.33288265155238367,1
2030,279,2,0.012813512030192337,1
2030,279,11,0.5138730798740736,1
2030,279,56,0.31699813692517337,1
2030,279,76,0.04838721856212354,1
2030,279,123,0.05762298120379652,1
2030,279,172,0.04135589905686252,1
2030,280,16,0.04336168178874084,1
2030,280,34,0.7465231887653783,1
2030,280,52,0.05284161087488496,1
2030,280,56,0.02550618203880542,1
2030,280,85,0.010136998324976828,1
2030,280,151,0.021898560124346107,1
2030,280,172,0.02448759170937212,1
2030,281,86,1.0,1
2030,282,173,1.0,1
2030,283,151,1.0,1
2030,284,23,0.14206943993296847,1
2030,284,33,0.060036968633040845,1
2030,284,47,0.04597473614238303,1
2030,284,98,0.587288035774774,1
2030,284,112,0.05538915879688758,1
2030,284,143,0.02798619824210037,1
2030,284,175,0.07521461278771115,1
2030,285,23,0.012703833516043551,1
2030,285,47,0.023039931178531935,1
2030,285,91,0.02315073986739311,1
2030,285,98,0.8274764311154057,1
2030,285,143,0.021123036319603963,1
2030,285,175,0.045277440660442494,1
2030,286,177,1.0,1
2030,287,170,1.0,1
2030,288,6,0.05585188947380349,1
2030,288,23,0.04573683004518846,1
2030,288,35,0.014015321796797302,1
2030,288,50,0.020178044012881945,1
2030,288,77,0.06658653281486533,1
2030,288,82,0.02154175501044165,1
2030,288,85,0.020262008007462053,1
2030,288,144,0.10864872216880533,1
2030,288,173,0.06897178371268242,1
2030,288,177,0.01203967256454165,1
2030,288,178,0.530269986289678,1
2030,289,25,0.06120761096886485,1
2030,289,52,0.04831696905128997,1
2030,289,56,0.06862429454400831,1
2030,289,76,0.040388317130931925,1
2030,289,77,0.019225286957092712,1
2030,289,85,0.014672067383647855,1
2030,289,123,0.017839878936694736,1
2030,289,144,0.04854983968091788,1
2030,289,169,0.625477741193144,1
2030,289,173,0.0374797278509942,1
2030,290,63,1.0,1
2030,291,3,0.07257194229503255,1
2030,291,32,0.01959410726743838,1
2030,291,50,0.08025915958408697,1
2030,291,54,0.02963161041610334,1
2030,291,82,0.026449601157298098,1
2030,291,142,0.021351947716614198,1
2030,291,144,0.09579749355739088,1
2030,291,155,0.09072553107946481,1
2030,291,167,0.5129710438340735,1
2030,291,172,0.03526754351462699,1
2030,292,12,0.02779068017251092,1
2030,292,13,0.028335069916337684,1
2030,292,42,0.025696095388317956,1
2030,292,59,0.052212768643637456,1
2030,292,63,0.06878908929269541,1
2030,292,80,0.026832233589499332,1
2030,292,83,0.013863384343703107,1
2030,292,151,0.6739016426026706,1
2030,292,155,0.03407241577905247,1
2030,292,180,0.015937820418205417,1
2030,293,10,0.05163176499376709,1
2030,293,14,0.02605081783548152,1
2030,293,21,0.028033102294559256,1
2030,293,25,0.016408660248873625,1
2030,293,48,0.05035394764513604,1
2030,293,49,0.014141426259002682,1
2030,293,56,0.053626770273229325,1
2030,293,69,0.02809666081873291,1
2030,293,85,0.013378202383026736,1
2030,293,123,0.018282376122255046,1
2030,293,169,0.6753739682866926,1
2030,294,10,0.0560120505551392,1
2030,294,11,0.1346240003134591,1
2030,294,21,0.08583158772048283,1
2030,294,34,0.059093381956972266,1
2030,294,41,0.030213288944172002,1
2030,294,50,0.021623111894088776,1
2030,294,63,0.09291047638143957,1
2030,294,103,0.06640698067855164,1
2030,294,128,0.4001147646465472,1
2030,295,12,0.09135526349996685,1
2030,295,39,0.03122634204139352,1
2030,295,42,0.04420677072687006,1
2030,295,47,0.030799426886773815,1
2030,295,53,0.018570947507840174,1
2030,295,63,0.026959536131373908,1
2030,295,128,0.031137936707505403,1
2030,295,136,0.026090247378117857,1
2030,295,149,0.4889448590386987,1
2030,295,164,0.08224416355406851,1
2030,295,165,0.010694056413603636,1
2030,296,139,1.0,1
2030,297,20,0.017394903209470854,1
2030,297,25,0.037105933717107506,1
2030,297,45,0.01899456828820731,1
2030,297,48,0.09911042309133059,1
2030,297,99,0.12269341847440425,1
2030,297,120,0.021106325958245884,1
2030,297,123,0.01265829901751892,1
2030,297,159,0.6706742257394434,1
2030,298,69,1.0,1
2030,299,153,1.0,1
2030,300,155,1.0,1
2030,301,114,1.0,1
2030,302,85,1.0,1
2030,303,26,0.1158792370836222,1
2030,303,29,0.023632360821470508,1
2030,303,58,0.03674207539812185,1
2030,303,63,0.031874300694852246,1
2030,303,94,0.03033743327170747,1
2030,303,98,0.09453555025656296,1
2030,303,108,0.5591840534662501,1
2030,303,132,0.031636269648858316,1
2030,303,138,0.02061454022655231,1
2030,303,149,0.023309630483439606,1
2030,304,10,0.02995343587551508,1
2030,304,11,0.011033829227837976,1
2030,304,13,0.028520806411026178,1
2030,304,14,0.011808597829729574,1
2030,304,34,0.0345341804596351,1
2030,304,37,0.024636087183620984,1
2030,304,63,0.010971605560222206,1
2030,304,67,0.036601542263179375,1
2030,304,87,0.03267051613779624,1
2030,304,114,0.024621872609485753,1
2030,304,126,0.02609650538096289,1
2030,304,172,0.7129136482871672,1
2030,305,11,0.07000562499294379,1
2030,305,56,0.07237945714586246,1
2030,305,63,0.012184463970211421,1
2030,305,83,0.034205469019003225,1
2030,305,85,0.49955472494148984,1
2030,305,87,0.07713723017847147,1
2030,305,114,0.1035813961465742,1
2030,305,128,0.016638748979625678,1
2030,305,162,0.02135493514895456,1
2030,305,169,0.033828175894131875,1
2030,306,4,0.011615771685639348,1
2030,306,5,0.0874617463252709,1
2030,306,10,0.015496191293815728,1
2030,306,11,0.015602582483612735,1
2030,306,21,0.01272203863428232,1
2030,306,29,0.01846894203438061,1
2030,306,30,0.0157961770392522,1
2030,306,31,0.022677110946289224,1
2030,306,34,0.01896496729932516,1
2030,306,69,0.03754171921627197,1
2030,306,85,0.01986263488211948,1
2030,306,87,0.06751481251483353,1
2030,306,103,0.014390722800159753,1
2030,306,121,0.030582270947285804,1
2030,306,131,0.5341281438027742,1
2030,306,170,0.010131916095081314,1
2030,307,140,1.0,1
2030,308,113,1.0,1
2030,309,2,0.010367224661944464,1
2030,309,25,0.04776566754371712,1
2030,309,34,0.03340657419000054,1
2030,309,58,0.05069990384429307,1
2030,309,63,0.07397342191324488,1
2030,309,67,0.05034292622833949,1
2030,309,69,0.014770500847994358,1
2030,309,160,0.03907782626740476,1
2030,309,164,0.6696387889416978,1
2030,310,10,0.01642912328123342,1
2030,310,13,0.024575389291985265,1
2030,310,23,0.04679011554216609,1
2030,310,26,0.643163969437375,1
2030,310,33,0.010022286285517563,1
2030,310,53,0.06467767060459309,1
2030,310,80,0.05590683409818591,1
2030,310,164,0.01145718773109757,1
2030,311,6,0.07949533197611051,1
2030,311,23,0.17187454033848618,1
2030,311,35,0.053896163089873765,1
2030,311,50,0.04253695653284565,1
2030,311,52,0.028361507159796646,1
2030,311,53,0.013360032448905837,1
2030,311,97,0.015386456709236628,1
2030,311,98,0.5099347132710593,1
2030,311,112,0.03085751646917734,1
2030,311,143,0.04891648869032715,1
2030,312,2,0.12770710698312787,1
2030,312,35,0.14890463186173,1
2030,312,66,0.03966570109324681,1
2030,312,76,0.11165693609479001,1
2030,312,97,0.024098877413449394,1
2030,312,152,0.017904698388962487,1
2030,312,155,0.48418493736368234,1
2030,312,177,0.016143472304963002,1
2030,312,178,0.012429070458121824,1
2030,313,164,1.0,1
2030,314,26,0.017568409895739885,1
2030,314,47,0.8709975062996832,1
2030,314,65,0.010353179784472227,1
2030,314,115,0.012071048422509828,1
2030,314,132,0.015266098365133976,1
2030,314,138,0.016152087037081188,1
2030,314,142,0.011686775036916936,1
2030,314,149,0.014280221547313973,1
2030,315,28,1.0,1
2030,316,2,0.11861750613889162,1
2030,316,17,0.02596696842748126,1
2030,316,71,0.02695271540484777,1
2030,316,112,0.04149641261420529,1
2030,316,120,0.010486028053120362,1
2030,316,159,0.7563796809837909,1
2030,317,16,0.02284335817606384,1
2030,317,19,0.09609163751925213,1
2030,317,21,0.04634621828705619,1
2030,317,36,0.1484746232460394,1
2030,317,49,0.024148213072295078,1
2030,317,85,0.039092987582681996,1
2030,317,89,0.017209773447896533,1
2030,317,90,0.07203916448808942,1
2030,317,113,0.041289619654176296,1
2030,317,172,0.4542638438950142,1
2030,318,68,1.0,1
2030,319,30,1.0,1
2030,320,36,1.0,1
2030,321,10,1.0,1
2030,322,87,1.0,1
2030,323,10,0.10560191676601693,1
2030,323,14,0.04434873875232034,1
2030,323,21,0.02141390517519804,1
2030,323,28,0.018213752510053176,1
2030,323,35,0.11660369625123382,1
2030,323,49,0.10682891039964959,1
2030,323,52,0.013560400992445815,1
2030,323,53,0.028211314245529372,1
2030,323,76,0.4714236095843243,1
2030,323,77,0.03402884204192997,1
2030,323,123,0.016479228672113433,1
2030,324,8,0.01892870346891508,1
2030,324,9,0.03609469955823883,1
2030,324,42,0.012889521126644493,1
2030,324,46,0.036292895245029676,1
2030,324,56,0.8102846800252023,1
2030,324,65,0.014078611187971421,1
2030,324,107,0.01237613705078497,1
2030,324,154,0.018702200962504315,1
2030,325,176,1.0,1
2030,326,136,1.0,1
2030,327,50,1.0,1
2030,328,128,1.0,1
2030,329,7,0.11772827296124756,1
2030,329,10,0.014442307724280583,1
2030,329,20,0.11631161542992034,1
2030,329,35,0.11674441433687524,1
2030,329,36,0.3254745962334243,1
2030,329,56,0.023477026750371922,1
2030,329,76,0.03297472837865979,1
2030,329,88,0.011120674838826207,1
2030,329,108,0.06273218436977313,1
2030,329,114,0.027201310467591267,1
2030,330,17,0.026442560058729057,1
2030,330,65,0.025715522029379875,1
2030,330,66,0.04814695725070443,1
2030,330,84,0.030044326104301557,1
2030,330,86,0.035505660903764384,1
2030,330,150,0.7314646414198614,1
2030,330,153,0.04658664767249957,1
2030,330,178,0.018613505323883978,1
2030,331,2,0.03796404224357826,1
2030,331,7,0.04787532078126358,1
2030,331,36,0.0357419754015854,1
2030,331,49,0.08627198191740129,1
2030,331,50,0.02913477543434138,1
2030,331,54,0.060108389159272746,1
2030,331,58,0.07093496241397083,1
2030,331,68,0.4333740030492805,1
2030,331,80,0.04994603422600945,1
2030,331,97,0.05376084523443931,1
2030,331,123,0.06416442029710867,1
2030,332,17,0.022502691138663867,1
2030,332,23,0.020934723186730477,1
2030,332,30,0.05715650394665588,1
2030,332,36,0.025456598009127113,1
2030,332,49,0.07306087622825969,1
2030,332,52,0.017552053597448717,1
2030,332,68,0.024125868609862027,1
2030,332,90,0.025191166745016976,1
2030,332,143,0.041018007046963886,1
2030,332,179,0.6545179963217155,1
2030,333,59,1.0,1
2030,334,49,1.0,1
2030,335,56,1.0,1
2030,336,11,0.029008319222717044,1
2030,336,56,0.22610446148966773,1
2030,336,63,0.05943269099901111,1
2030,336,85,0.3385346300259334,1
2030,336,108,0.09058837868311076,1
2030,336,121,0.036949462443783596,1
2030,336,123,0.0566315351364126,1
2030,336,164,0.022062131498203522,1
2030,337,150,1.0,1
2030,338,17,0.050936381158174095,1
2030,338,25,0.02754109605198851,1
2030,338,48,0.01489002961340582,1
2030,338,56,0.10883819487693587,1
2030,338,120,0.7331573243521818,1
2030,338,123,0.060038999029522616,1
2030,339,80,1.0,1
2030,340,35,1.0,1
2030,341,12,0.01452859391574056,1
2030,341,23,0.8835462227731513,1
2030,341,34,0.024442140745670214,1
2030,341,63,0.01941977705152163,1
2030,341,87,0.013984304443822024,1
2030,341,128,0.010372459902926952,1
2030,342,97,1.0,1
2030,343,7,1.0,1
2030,344,5,0.08523231035925904,1
2030,344,14,0.014554292072455418,1
2030,344,30,0.05518134304892694,1
2030,344,47,0.02228036241272392,1
2030,344,53,0.010475598190901606,1
2030,344,64,0.025220724108870534,1
2030,344,68,0.03136248923486447,1
2030,344,69,0.01717151683523257,1
2030,344,87,0.5000836320361467,1
2030,344,93,0.08765942623103172,1
2030,344,105,0.022829853554216472,1
2030,344,112,0.04710598084616793,1
2030,344,120,0.019197346451404546,1
2030,344,131,0.02700297834497686,1
2030,344,154,0.011564844638313856,1
2030,345,7,0.018555870601171257,1
2030,345,10,0.012619417415973043,1
2030,345,13,0.021474042444128705,1
2030,345,17,0.02032761620413437,1
2030,345,23,0.031121014326004667,1
2030,345,30,0.4580420326204871,1
2030,345,49,0.013311427380636415,1
2030,345,50,0.16134074069751508,1
2030,345,63,0.020693073578690446,1
2030,345,80,0.1257487397658166,1
2030,345,94,0.02418236066734736,1
2030,345,102,0.018439152624877192,1
2030,345,103,0.017232243459967243,1
2030,345,143,0.015132758236068806,1
2030,345,155,0.013242275515056792,1
2030,346,172,1.0,1
2030,347,25,0.2176583727881655,1
2030,347,72,0.029975598494064098,1
2030,347,90,0.022112387812694985,1
2030,347,110,0.06449854867441407,1
2030,347,120,0.09914201244993456,1
2030,347,159,0.517142908043369,1
2030,347,172,0.023056590674636935,1
2030,348,2,0.014786898161390536,1
2030,348,17,0.029896389243972223,1
2030,348,19,0.15121782604165468,1
2030,348,25,0.1608990211057822,1
2030,348,90,0.12510113213238602,1
2030,348,104,0.0249961583146678,1
2030,348,123,0.4661434304721824,1
2030,348,159,0.025193092649495114,1
2030,349,17,1.0,1
2030,350,3,0.024032999396098945,1
2030,350,28,0.09967305511778045,1
2030,350,32,0.048967064164596855,1
2030,350,35,0.6951946570428466,1
2030,350,36,0.04182368640478482,1
2030,350,52,0.010791490155711705,1
2030,350,89,0.04554045255896196,1
2030,350,113,0.025632775275784368,1
2030,351,2,0.028013881135937998,1
2030,351,15,0.06537871765686477,1
2030,351,17,0.0505382705972539,1
2030,351,30,0.01666870266714617,1
2030,351,49,0.013161802515818014,1
2030,351,53,0.12110464020005252,1
2030,351,56,0.023450455054406776,1
2030,351,85,0.012315221399782314,1
2030,351,141,0.010612403554441716,1
2030,351,150,0.6216168365377563,1
2030,351,170,0.032659867078287094,1
2030,352,123,1.0,1
2030,353,53,1.0,1
2030,354,52,1.0,1
2030,355,17,0.035732319705070154,1
2030,355,25,0.058907377928603503,1
2030,355,48,0.20541836801813215,1
2030,355,56,0.04628753501712049,1
2030,355,71,0.056641438539853546,1
2030,355,90,0.04864373008535303,1
2030,355,110,0.03180782131199149,1
2030,355,120,0.03428073105593374,1
2030,355,123,0.47204525762237437,1
2030,356,90,0.9561955743525323,1
2030,356,148,0.013087730294901774,1
2030,357,17,0.03989147816019158,1
2030,357,25,0.02285456717681814,1
2030,357,41,0.011104042327680147,1
2030,357,49,0.011815527841761224,1
2030,357,56,0.05538071089488166,1
2030,357,79,0.013095692423732245,1
2030,357,90,0.8198883411507781,1
2030,357,123,0.010307136149585294,1
2030,358,90,1.0,1
2030,359,14,1.0,1
2030,360,5,1.0,1
2030,361,48,1.0,1
2030,362,159,1.0,1
2030,363,48,0.9775205741248663,1
2030,364,90,0.9477511280963952,1
2030,365,1,1.0,1
