rep_period,timestep,year,scenario,profile_name,value
1,1,2030,5,demand,0.7523888108990503
1,2,2030,5,demand,0.7335855203231995
1,3,2030,5,demand,0.70758096952681
1,4,2030,5,demand,0.7040196320070298
1,5,2030,5,demand,0.7035409768137996
1,6,2030,5,demand,0.6804012130694301
1,7,2030,5,demand,0.6980507303063751
1,8,2030,5,demand,0.7393329546956432
1,9,2030,5,demand,0.8023404095716751
1,10,2030,5,demand,0.8554604198591897
1,11,2030,5,demand,0.881404245743005
1,12,2030,5,demand,0.9075695389550315
1,13,2030,5,demand,0.9091198102525085
1,14,2030,5,demand,0.8843333297612797
1,15,2030,5,demand,0.8956245914463602
1,16,2030,5,demand,0.8876410514697215
1,17,2030,5,demand,0.9080053295040919
1,18,2030,5,demand,0.9358316276777008
1,19,2030,5,demand,0.9202646177366754
1,20,2030,5,demand,0.9084554082678755
1,21,2030,5,demand,0.8779286375115646
1,22,2030,5,demand,0.8470768098702988
1,23,2030,5,demand,0.8181681794314005
1,24,2030,5,demand,0.7938424938649978
1,1,2030,5,solar,0.0
1,2,2030,5,solar,0.0
1,3,2030,5,solar,0.0
1,4,2030,5,solar,0.0
1,5,2030,5,solar,0.0
1,6,2030,5,solar,0.0
1,7,2030,5,solar,0.0
1,8,2030,5,solar,0.0
1,9,2030,5,solar,0.0001575
1,10,2030,5,solar,0.0314725
1,11,2030,5,solar,0.11499000000000001
1,12,2030,5,solar,0.1445825
1,13,2030,5,solar,0.14279
1,14,2030,5,solar,0.14659
1,15,2030,5,solar,0.1554525
1,16,2030,5,solar,0.091235
1,17,2030,5,solar,0.0109625
1,18,2030,5,solar,0.0
1,19,2030,5,solar,0.0
1,20,2030,5,solar,0.0
1,21,2030,5,solar,0.0
1,22,2030,5,solar,0.0
1,23,2030,5,solar,0.0
1,24,2030,5,solar,0.0
1,1,2030,5,wind_offshore,0.9553259427647588
1,2,2030,5,wind_offshore,0.9550242422410546
1,3,2030,5,wind_offshore,0.9542848028474576
1,4,2030,5,wind_offshore,0.9499350059854251
1,5,2030,5,wind_offshore,0.9514481319854254
1,6,2030,5,wind_offshore,0.9498795179854256
1,7,2030,5,wind_offshore,0.9500293038474577
1,8,2030,5,wind_offshore,0.9499996840353724
1,9,2030,5,wind_offshore,0.9506117793485631
1,10,2030,5,wind_offshore,0.9505354775841057
1,11,2030,5,wind_offshore,0.94986832061653
1,12,2030,5,wind_offshore,0.9473675209963154
1,13,2030,5,wind_offshore,0.9471084057457626
1,14,2030,5,wind_offshore,0.9469848171621223
1,15,2030,5,wind_offshore,0.949917022643525
1,16,2030,5,wind_offshore,0.9469419433529845
1,17,2030,5,wind_offshore,0.9458283984414152
1,18,2030,5,wind_offshore,0.9444306808516745
1,19,2030,5,wind_offshore,0.9389589111483903
1,20,2030,5,wind_offshore,0.93867132213037
1,21,2030,5,wind_offshore,0.935983180673051
1,22,2030,5,wind_offshore,0.9358221167369867
1,23,2030,5,wind_offshore,0.9313809387702192
1,24,2030,5,wind_offshore,0.9306017048456994
1,1,2030,5,wind_onshore,0.8649117189210576
1,2,2030,5,wind_onshore,0.8762931055084993
1,3,2030,5,wind_onshore,0.88834864063096
1,4,2030,5,wind_onshore,0.8951539302846951
1,5,2030,5,wind_onshore,0.9018574699299973
1,6,2030,5,wind_onshore,0.902773528220952
1,7,2030,5,wind_onshore,0.9016970468989951
1,8,2030,5,wind_onshore,0.8981926979821687
1,9,2030,5,wind_onshore,0.8889898087755517
1,10,2030,5,wind_onshore,0.8664440084530933
1,11,2030,5,wind_onshore,0.8372176710225632
1,12,2030,5,wind_onshore,0.8195901232787259
1,13,2030,5,wind_onshore,0.8308405679287838
1,14,2030,5,wind_onshore,0.847419835094938
1,15,2030,5,wind_onshore,0.8608109759586706
1,16,2030,5,wind_onshore,0.8651077251270965
1,17,2030,5,wind_onshore,0.8409783970992346
1,18,2030,5,wind_onshore,0.7951216574727309
1,19,2030,5,wind_onshore,0.7381940787230235
1,20,2030,5,wind_onshore,0.6983973539709695
1,21,2030,5,wind_onshore,0.6827190262103581
1,22,2030,5,wind_onshore,0.6804779003930437
1,23,2030,5,wind_onshore,0.6687145122597773
1,24,2030,5,wind_onshore,0.6666375256521256
2,1,2030,5,demand,0.6325321216927248
2,2,2030,5,demand,0.6088886983793593
2,3,2030,5,demand,0.6082207243410455
2,4,2030,5,demand,0.6064918503595272
2,5,2030,5,demand,0.5934109897803544
2,6,2030,5,demand,0.6099888909130528
2,7,2030,5,demand,0.6367971537876271
2,8,2030,5,demand,0.7737496919103701
2,9,2030,5,demand,0.8391504227525531
2,10,2030,5,demand,0.857771538590682
2,11,2030,5,demand,0.8621437322960089
2,12,2030,5,demand,0.8419366246235949
2,13,2030,5,demand,0.8495343828027048
2,14,2030,5,demand,0.8658050873188522
2,15,2030,5,demand,0.8463874035099
2,16,2030,5,demand,0.8073734332079543
2,17,2030,5,demand,0.7485917178363357
2,18,2030,5,demand,0.7321138342067004
2,19,2030,5,demand,0.7206439698375787
2,20,2030,5,demand,0.6970112626852557
2,21,2030,5,demand,0.6785401731017214
2,22,2030,5,demand,0.6402941943411525
2,23,2030,5,demand,0.6827837728745387
2,24,2030,5,demand,0.6319498769427507
2,1,2030,5,solar,0.0
2,2,2030,5,solar,0.0
2,3,2030,5,solar,0.0
2,4,2030,5,solar,0.0
2,5,2030,5,solar,0.001415
2,6,2030,5,solar,0.07089999999999999
2,7,2030,5,solar,0.29708
2,8,2030,5,solar,0.4843225
2,9,2030,5,solar,0.596835
2,10,2030,5,solar,0.6472325
2,11,2030,5,solar,0.65804
2,12,2030,5,solar,0.6526675
2,13,2030,5,solar,0.6514274999999999
2,14,2030,5,solar,0.65177
2,15,2030,5,solar,0.6547299999999999
2,16,2030,5,solar,0.6569175
2,17,2030,5,solar,0.6356850000000001
2,18,2030,5,solar,0.575175
2,19,2030,5,solar,0.39211
2,20,2030,5,solar,0.12859500000000001
2,21,2030,5,solar,0.005090000000000001
2,22,2030,5,solar,0.0
2,23,2030,5,solar,0.0
2,24,2030,5,solar,0.0
2,1,2030,5,wind_offshore,0.132685110379242
2,2,2030,5,wind_offshore,0.09522731862168879
2,3,2030,5,wind_offshore,0.06559862916745299
2,4,2030,5,wind_offshore,0.04626265035245014
2,5,2030,5,wind_offshore,0.034829866160997563
2,6,2030,5,wind_offshore,0.02902214889067727
2,7,2030,5,wind_offshore,0.025696628352170008
2,8,2030,5,wind_offshore,0.022649522747107256
2,9,2030,5,wind_offshore,0.01883746927958558
2,10,2030,5,wind_offshore,0.01573856029368615
2,11,2030,5,wind_offshore,0.016587549459372415
2,12,2030,5,wind_offshore,0.01780984532628302
2,13,2030,5,wind_offshore,0.027393417166311107
2,14,2030,5,wind_offshore,0.035831382331734524
2,15,2030,5,wind_offshore,0.052605809535546715
2,16,2030,5,wind_offshore,0.07322366333039215
2,17,2030,5,wind_offshore,0.09381774827967392
2,18,2030,5,wind_offshore,0.10959869094941561
2,19,2030,5,wind_offshore,0.11826529496777802
2,20,2030,5,wind_offshore,0.11076474251703972
2,21,2030,5,wind_offshore,0.09632387592927295
2,22,2030,5,wind_offshore,0.07744278971237722
2,23,2030,5,wind_offshore,0.06540334174547398
2,24,2030,5,wind_offshore,0.0632422431662788
2,1,2030,5,wind_onshore,0.06039752435056576
2,2,2030,5,wind_onshore,0.045081689691555245
2,3,2030,5,wind_onshore,0.034409869920325895
2,4,2030,5,wind_onshore,0.02993156800987132
2,5,2030,5,wind_onshore,0.030890063554299057
2,6,2030,5,wind_onshore,0.040644658778846224
2,7,2030,5,wind_onshore,0.03637375102987265
2,8,2030,5,wind_onshore,0.029151256052756237
2,9,2030,5,wind_onshore,0.026927012476294254
2,10,2030,5,wind_onshore,0.027683103817146986
2,11,2030,5,wind_onshore,0.03172681112261742
2,12,2030,5,wind_onshore,0.03723962686589526
2,13,2030,5,wind_onshore,0.051174555192965245
2,14,2030,5,wind_onshore,0.06342010512384656
2,15,2030,5,wind_onshore,0.07747008424120153
2,16,2030,5,wind_onshore,0.09238578967792418
2,17,2030,5,wind_onshore,0.10717588248306545
2,18,2030,5,wind_onshore,0.12279684086222938
2,19,2030,5,wind_onshore,0.13955979264001847
2,20,2030,5,wind_onshore,0.12904896372421015
2,21,2030,5,wind_onshore,0.09505203898277217
2,22,2030,5,wind_onshore,0.058735491727684996
2,23,2030,5,wind_onshore,0.03568753315286952
2,24,2030,5,wind_onshore,0.03005370742565343
3,1,2030,5,demand,0.6490207214834025
3,2,2030,5,demand,0.6249165032452108
3,3,2030,5,demand,0.615261242145947
3,4,2030,5,demand,0.617475915428057
3,5,2030,5,demand,0.6310211429857369
3,6,2030,5,demand,0.6977363895824628
3,7,2030,5,demand,0.7090276512675433
3,8,2030,5,demand,0.860229111523088
3,9,2030,5,demand,0.9197252376308711
3,10,2030,5,demand,0.9261692224710754
3,11,2030,5,demand,0.9224935792335087
3,12,2030,5,demand,0.8989644616379295
3,13,2030,5,demand,0.8965104607592044
3,14,2030,5,demand,0.9035438344567442
3,15,2030,5,demand,0.8896735500141096
3,16,2030,5,demand,0.8718382859857619
3,17,2030,5,demand,0.8660051223249784
3,18,2030,5,demand,0.8566284814128188
3,19,2030,5,demand,0.8520205321645574
3,20,2030,5,demand,0.8253872999203432
3,21,2030,5,demand,0.7773931866648093
3,22,2030,5,demand,0.7203546334894322
3,23,2030,5,demand,0.7982718404292181
3,24,2030,5,demand,0.7424692178274056
3,1,2030,5,solar,0.0
3,2,2030,5,solar,0.0
3,3,2030,5,solar,0.0
3,4,2030,5,solar,0.0
3,5,2030,5,solar,0.0
3,6,2030,5,solar,0.0
3,7,2030,5,solar,0.0
3,8,2030,5,solar,0.0
3,9,2030,5,solar,0.00039
3,10,2030,5,solar,0.026582500000000002
3,11,2030,5,solar,0.08022
3,12,2030,5,solar,0.1069175
3,13,2030,5,solar,0.120435
3,14,2030,5,solar,0.1436475
3,15,2030,5,solar,0.1663675
3,16,2030,5,solar,0.0662325
3,17,2030,5,solar,0.00196
3,18,2030,5,solar,0.0
3,19,2030,5,solar,0.0
3,20,2030,5,solar,0.0
3,21,2030,5,solar,0.0
3,22,2030,5,solar,0.0
3,23,2030,5,solar,0.0
3,24,2030,5,solar,0.0
3,1,2030,5,wind_offshore,0.02843245615433943
3,2,2030,5,wind_offshore,0.023905292925993422
3,3,2030,5,wind_offshore,0.029365755872551656
3,4,2030,5,wind_offshore,0.05505177557577132
3,5,2030,5,wind_offshore,0.09790781945392717
3,6,2030,5,wind_offshore,0.16761460374699105
3,7,2030,5,wind_offshore,0.25630570524171414
3,8,2030,5,wind_offshore,0.3750333498335768
3,9,2030,5,wind_offshore,0.5005677669946108
3,10,2030,5,wind_offshore,0.6368832841392649
3,11,2030,5,wind_offshore,0.7049165785748035
3,12,2030,5,wind_offshore,0.7510727405262988
3,13,2030,5,wind_offshore,0.7968440554061331
3,14,2030,5,wind_offshore,0.823819845670834
3,15,2030,5,wind_offshore,0.8564844382614082
3,16,2030,5,wind_offshore,0.8840019348548314
3,17,2030,5,wind_offshore,0.9050423428808645
3,18,2030,5,wind_offshore,0.9192579804934905
3,19,2030,5,wind_offshore,0.924605898309963
3,20,2030,5,wind_offshore,0.9311274285751657
3,21,2030,5,wind_offshore,0.9331795673730043
3,22,2030,5,wind_offshore,0.9367870993156062
3,23,2030,5,wind_offshore,0.9395531620273628
3,24,2030,5,wind_offshore,0.939941751896381
3,1,2030,5,wind_onshore,0.009741970401467749
3,2,2030,5,wind_onshore,0.008530001968961134
3,3,2030,5,wind_onshore,0.007107410461357531
3,4,2030,5,wind_onshore,0.006936292297644198
3,5,2030,5,wind_onshore,0.007278185160367785
3,6,2030,5,wind_onshore,0.011702891896181775
3,7,2030,5,wind_onshore,0.018899782633329452
3,8,2030,5,wind_onshore,0.03378712415566394
3,9,2030,5,wind_onshore,0.055137203272550755
3,10,2030,5,wind_onshore,0.08222398562524906
3,11,2030,5,wind_onshore,0.09233931180432875
3,12,2030,5,wind_onshore,0.09671547627443126
3,13,2030,5,wind_onshore,0.10479185884648984
3,14,2030,5,wind_onshore,0.11212932430641323
3,15,2030,5,wind_onshore,0.11701612285695737
3,16,2030,5,wind_onshore,0.12376346395500448
3,17,2030,5,wind_onshore,0.14747026990110107
3,18,2030,5,wind_onshore,0.18779321123564835
3,19,2030,5,wind_onshore,0.2420466268185222
3,20,2030,5,wind_onshore,0.2971180471883782
3,21,2030,5,wind_onshore,0.3453935158904384
3,22,2030,5,wind_onshore,0.38260155327095335
3,23,2030,5,wind_onshore,0.41074560207194977
3,24,2030,5,wind_onshore,0.44246896765370497
4,1,2030,5,demand,0.732263860461295
4,2,2030,5,demand,0.7060342702830138
4,3,2030,5,demand,0.6916317498419366
4,4,2030,5,demand,0.6899993213098006
4,5,2030,5,demand,0.703816024947223
4,6,2030,5,demand,0.7338641405103036
4,7,2030,5,demand,0.7264092644784267
4,8,2030,5,demand,0.8782572664502003
4,9,2030,5,demand,0.9330918625045098
4,10,2030,5,demand,0.9438115956006586
4,11,2030,5,demand,0.9321595564938151
4,12,2030,5,demand,0.9012862965304642
4,13,2030,5,demand,0.9072016174259068
4,14,2030,5,demand,0.9069087090240793
4,15,2030,5,demand,0.8922954374158336
4,16,2030,5,demand,0.8732170987065594
4,17,2030,5,demand,0.8727920243185415
4,18,2030,5,demand,0.8589217398759068
4,19,2030,5,demand,0.8501737804115721
4,20,2030,5,demand,0.8201863897610654
4,21,2030,5,demand,0.777500348275234
4,22,2030,5,demand,0.7212690792317228
4,23,2030,5,demand,0.7872520548238799
4,24,2030,5,demand,0.7362895649595822
4,1,2030,5,solar,0.0
4,2,2030,5,solar,0.0
4,3,2030,5,solar,0.0
4,4,2030,5,solar,0.0
4,5,2030,5,solar,0.0
4,6,2030,5,solar,0.0
4,7,2030,5,solar,0.0
4,8,2030,5,solar,0.0
4,9,2030,5,solar,0.0006725
4,10,2030,5,solar,0.018244999999999997
4,11,2030,5,solar,0.035807500000000006
4,12,2030,5,solar,0.0514
4,13,2030,5,solar,0.0608325
4,14,2030,5,solar,0.048085
4,15,2030,5,solar,0.03541
4,16,2030,5,solar,0.0187075
4,17,2030,5,solar,0.0008100000000000001
4,18,2030,5,solar,0.0
4,19,2030,5,solar,0.0
4,20,2030,5,solar,0.0
4,21,2030,5,solar,0.0
4,22,2030,5,solar,0.0
4,23,2030,5,solar,0.0
4,24,2030,5,solar,0.0
4,1,2030,5,wind_offshore,0.9401308872107589
4,2,2030,5,wind_offshore,0.9378911302063373
4,3,2030,5,wind_offshore,0.9381981874318347
4,4,2030,5,wind_offshore,0.9382205032329484
4,5,2030,5,wind_offshore,0.938619369064685
4,6,2030,5,wind_offshore,0.9402314268524522
4,7,2030,5,wind_offshore,0.9410110667866208
4,8,2030,5,wind_offshore,0.940291414081921
4,9,2030,5,wind_offshore,0.9367293278477443
4,10,2030,5,wind_offshore,0.9014585309721006
4,11,2030,5,wind_offshore,0.7454457937909582
4,12,2030,5,wind_offshore,0.49723449416101473
4,13,2030,5,wind_offshore,0.3623807670319076
4,14,2030,5,wind_offshore,0.31699571260638776
4,15,2030,5,wind_offshore,0.27949753579293174
4,16,2030,5,wind_offshore,0.23877872990431007
4,17,2030,5,wind_offshore,0.21403544362394053
4,18,2030,5,wind_offshore,0.18206527533056255
4,19,2030,5,wind_offshore,0.17074581945222306
4,20,2030,5,wind_offshore,0.17087717461933993
4,21,2030,5,wind_offshore,0.16698994051043964
4,22,2030,5,wind_offshore,0.17567274395406535
4,23,2030,5,wind_offshore,0.1539606858519611
4,24,2030,5,wind_offshore,0.15118687059340974
4,1,2030,5,wind_onshore,0.4634577377745273
4,2,2030,5,wind_onshore,0.4945911930385027
4,3,2030,5,wind_onshore,0.5358003176315932
4,4,2030,5,wind_onshore,0.5863724131796424
4,5,2030,5,wind_onshore,0.6511989852777332
4,6,2030,5,wind_onshore,0.7203559403420509
4,7,2030,5,wind_onshore,0.7657340359305977
4,8,2030,5,wind_onshore,0.7964163322305676
4,9,2030,5,wind_onshore,0.7904294476680084
4,10,2030,5,wind_onshore,0.7252444619480598
4,11,2030,5,wind_onshore,0.5561667769073141
4,12,2030,5,wind_onshore,0.3683917184043717
4,13,2030,5,wind_onshore,0.23796251528448772
4,14,2030,5,wind_onshore,0.1626630216328454
4,15,2030,5,wind_onshore,0.11791119098007273
4,16,2030,5,wind_onshore,0.08613585137426735
4,17,2030,5,wind_onshore,0.06760080803536375
4,18,2030,5,wind_onshore,0.05007907475250424
4,19,2030,5,wind_onshore,0.03816125835354106
4,20,2030,5,wind_onshore,0.03462457838327569
4,21,2030,5,wind_onshore,0.03467887763041215
4,22,2030,5,wind_onshore,0.03877873640861971
4,23,2030,5,wind_onshore,0.04020654590262926
4,24,2030,5,wind_onshore,0.041267900513048704
5,1,2030,5,demand,0.6399727095098785
5,2,2030,5,demand,0.6212551482223675
5,3,2030,5,demand,0.6001764594518326
5,4,2030,5,demand,0.5968544495286675
5,5,2030,5,demand,0.5946647806223232
5,6,2030,5,demand,0.6201549556886741
5,7,2030,5,demand,0.7032159199288447
5,8,2030,5,demand,0.7188329386214016
5,9,2030,5,demand,0.8442941800529379
5,10,2030,5,demand,0.8840547095741755
5,11,2030,5,demand,0.8792038606756183
5,12,2030,5,demand,0.8821043682644463
5,13,2030,5,demand,0.8632189204539367
5,14,2030,5,demand,0.8593003775660741
5,15,2030,5,demand,0.8596504388267947
5,16,2030,5,demand,0.8519169426078136
5,17,2030,5,demand,0.8116170329807717
5,18,2030,5,demand,0.7958571321409817
5,19,2030,5,demand,0.8129672692721226
5,20,2030,5,demand,0.7992684434061675
5,21,2030,5,demand,0.7693024850777458
5,22,2030,5,demand,0.717939925201196
5,23,2030,5,demand,0.6523855960507374
5,24,2030,5,demand,0.7248268446978221
5,1,2030,5,solar,0.0
5,2,2030,5,solar,0.0
5,3,2030,5,solar,0.0
5,4,2030,5,solar,0.0
5,5,2030,5,solar,0.0
5,6,2030,5,solar,0.0
5,7,2030,5,solar,0.0
5,8,2030,5,solar,0.00028250000000000004
5,9,2030,5,solar,0.044675
5,10,2030,5,solar,0.17022749999999998
5,11,2030,5,solar,0.2259875
5,12,2030,5,solar,0.2367425
5,13,2030,5,solar,0.218495
5,14,2030,5,solar,0.1853125
5,15,2030,5,solar,0.1310125
5,16,2030,5,solar,0.0899875
5,17,2030,5,solar,0.0463225
5,18,2030,5,solar,0.00698
5,19,2030,5,solar,0.0
5,20,2030,5,solar,0.0
5,21,2030,5,solar,0.0
5,22,2030,5,solar,0.0
5,23,2030,5,solar,0.0
5,24,2030,5,solar,0.0
5,1,2030,5,wind_offshore,0.5276406196943677
5,2,2030,5,wind_offshore,0.5988323985349564
5,3,2030,5,wind_offshore,0.6886421636904592
5,4,2030,5,wind_offshore,0.8074720168523318
5,5,2030,5,wind_offshore,0.8946779714311798
5,6,2030,5,wind_offshore,0.9401933907378052
5,7,2030,5,wind_offshore,0.9531102298478843
5,8,2030,5,wind_offshore,0.9591354003855557
5,9,2030,5,wind_offshore,0.9592565906047655
5,10,2030,5,wind_offshore,0.9593833098402523
5,11,2030,5,wind_offshore,0.9563188943958078
5,12,2030,5,wind_offshore,0.9537064584661775
5,13,2030,5,wind_offshore,0.9550211212698634
5,14,2030,5,wind_offshore,0.9531835900750061
5,15,2030,5,wind_offshore,0.9231385323056039
5,16,2030,5,wind_offshore,0.7934595854388118
5,17,2030,5,wind_offshore,0.6137964206693364
5,18,2030,5,wind_offshore,0.4240352329412984
5,19,2030,5,wind_offshore,0.27020296870826616
5,20,2030,5,wind_offshore,0.14935440209564435
5,21,2030,5,wind_offshore,0.06488767805969485
5,22,2030,5,wind_offshore,0.021800825113819623
5,23,2030,5,wind_offshore,0.007759003623959759
5,24,2030,5,wind_offshore,0.004081391135754809
5,1,2030,5,wind_onshore,0.14876727298158998
5,2,2030,5,wind_onshore,0.16587121884080927
5,3,2030,5,wind_onshore,0.19442498714864093
5,4,2030,5,wind_onshore,0.2487700637704609
5,5,2030,5,wind_onshore,0.3398559225654798
5,6,2030,5,wind_onshore,0.4777297873019764
5,7,2030,5,wind_onshore,0.6057642865296472
5,8,2030,5,wind_onshore,0.7287803969002231
5,9,2030,5,wind_onshore,0.7767408266846536
5,10,2030,5,wind_onshore,0.7914457845924234
5,11,2030,5,wind_onshore,0.7904293348085445
5,12,2030,5,wind_onshore,0.7674124309772383
5,13,2030,5,wind_onshore,0.7806273169446688
5,14,2030,5,wind_onshore,0.7803700404236649
5,15,2030,5,wind_onshore,0.7546608770099831
5,16,2030,5,wind_onshore,0.7193529522029104
5,17,2030,5,wind_onshore,0.6763785503447316
5,18,2030,5,wind_onshore,0.553400213373691
5,19,2030,5,wind_onshore,0.37765815125230995
5,20,2030,5,wind_onshore,0.2274521100103416
5,21,2030,5,wind_onshore,0.12220646520582426
5,22,2030,5,wind_onshore,0.05413586900635757
5,23,2030,5,wind_onshore,0.022982276149653938
5,24,2030,5,wind_onshore,0.010814310997774287
6,1,2030,5,demand,0.6217623798450443
6,2,2030,5,demand,0.5993084504073928
6,3,2030,5,demand,0.5914499323095828
6,4,2030,5,demand,0.5882065075673958
6,5,2030,5,demand,0.5883851102514369
6,6,2030,5,demand,0.5618126029197967
6,7,2030,5,demand,0.6039306878703773
6,8,2030,5,demand,0.6791152737443339
6,9,2030,5,demand,0.7311386635518359
6,10,2030,5,demand,0.7749463298934457
6,11,2030,5,demand,0.7973431064722041
6,12,2030,5,demand,0.7988790895549579
6,13,2030,5,demand,0.7981218141746235
6,14,2030,5,demand,0.7926672882040071
6,15,2030,5,demand,0.7835871277473557
6,16,2030,5,demand,0.785358866373044
6,17,2030,5,demand,0.7763572910973707
6,18,2030,5,demand,0.7665127111530232
6,19,2030,5,demand,0.7547177898989467
6,20,2030,5,demand,0.7408439334026312
6,21,2030,5,demand,0.7397330247078954
6,22,2030,5,demand,0.7224942936442449
6,23,2030,5,demand,0.6744680319055835
6,24,2030,5,demand,0.6229447296133968
6,1,2030,5,solar,0.0
6,2,2030,5,solar,0.0
6,3,2030,5,solar,0.0
6,4,2030,5,solar,0.0
6,5,2030,5,solar,0.0
6,6,2030,5,solar,0.0280875
6,7,2030,5,solar,0.2353375
6,8,2030,5,solar,0.480905
6,9,2030,5,solar,0.6051175
6,10,2030,5,solar,0.6318900000000001
6,11,2030,5,solar,0.62534
6,12,2030,5,solar,0.6079000000000001
6,13,2030,5,solar,0.59457
6,14,2030,5,solar,0.5801525
6,15,2030,5,solar,0.5612825
6,16,2030,5,solar,0.5490725
6,17,2030,5,solar,0.51354
6,18,2030,5,solar,0.4398225
6,19,2030,5,solar,0.23369749999999997
6,20,2030,5,solar,0.047154999999999996
6,21,2030,5,solar,0.0
6,22,2030,5,solar,0.0
6,23,2030,5,solar,0.0
6,24,2030,5,solar,0.0
6,1,2030,5,wind_offshore,0.301575152454548
6,2,2030,5,wind_offshore,0.38012794400760613
6,3,2030,5,wind_offshore,0.4383934392430112
6,4,2030,5,wind_offshore,0.5186853666167587
6,5,2030,5,wind_offshore,0.6115731895924316
6,6,2030,5,wind_offshore,0.6978331903107476
6,7,2030,5,wind_offshore,0.7693485809749361
6,8,2030,5,wind_offshore,0.8125491307586997
6,9,2030,5,wind_offshore,0.8362206874137178
6,10,2030,5,wind_offshore,0.8620919188186598
6,11,2030,5,wind_offshore,0.8689484402020689
6,12,2030,5,wind_offshore,0.886170295445192
6,13,2030,5,wind_offshore,0.907704019164775
6,14,2030,5,wind_offshore,0.9182241714182924
6,15,2030,5,wind_offshore,0.9247136085585635
6,16,2030,5,wind_offshore,0.930788862217023
6,17,2030,5,wind_offshore,0.9327103875560878
6,18,2030,5,wind_offshore,0.9369969446794809
6,19,2030,5,wind_offshore,0.9408587089563644
6,20,2030,5,wind_offshore,0.9372723714096455
6,21,2030,5,wind_offshore,0.9279404235148228
6,22,2030,5,wind_offshore,0.9276811894303869
6,23,2030,5,wind_offshore,0.9255965333120593
6,24,2030,5,wind_offshore,0.9230783915623733
6,1,2030,5,wind_onshore,0.058823406793606633
6,2,2030,5,wind_onshore,0.06038802729037466
6,3,2030,5,wind_onshore,0.06506693237532153
6,4,2030,5,wind_onshore,0.08085538628125372
6,5,2030,5,wind_onshore,0.10988050299487051
6,6,2030,5,wind_onshore,0.14632332894120184
6,7,2030,5,wind_onshore,0.17609115062749742
6,8,2030,5,wind_onshore,0.1984684334386607
6,9,2030,5,wind_onshore,0.21952744748284642
6,10,2030,5,wind_onshore,0.26200410067033136
6,11,2030,5,wind_onshore,0.28206528770964995
6,12,2030,5,wind_onshore,0.3206122777780279
6,13,2030,5,wind_onshore,0.3999662764965858
6,14,2030,5,wind_onshore,0.46251567736909943
6,15,2030,5,wind_onshore,0.5121099526517991
6,16,2030,5,wind_onshore,0.5406258072158691
6,17,2030,5,wind_onshore,0.554437528394517
6,18,2030,5,wind_onshore,0.579360218857964
6,19,2030,5,wind_onshore,0.6390591702560132
6,20,2030,5,wind_onshore,0.6952297136138269
6,21,2030,5,wind_onshore,0.6802635414290609
6,22,2030,5,wind_onshore,0.6567833055635673
6,23,2030,5,wind_onshore,0.6391413373473736
6,24,2030,5,wind_onshore,0.6093422028044022
7,1,2030,5,demand,0.7407617761679723
7,2,2030,5,demand,0.7267200331486582
7,3,2030,5,demand,0.7081989348135924
7,4,2030,5,demand,0.7043053963014956
7,5,2030,5,demand,0.6969148172358735
7,6,2030,5,demand,0.6789473872213352
7,7,2030,5,demand,0.7573861139985212
7,8,2030,5,demand,0.7623798450443114
7,9,2030,5,demand,0.8999360602391133
7,10,2030,5,demand,0.9226614657565074
7,11,2030,5,demand,0.9269050655293248
7,12,2030,5,demand,0.92458323063679
7,13,2030,5,demand,0.8988787323495898
7,14,2030,5,demand,0.9048547781576062
7,15,2030,5,demand,0.9004039992713011
7,16,2030,5,demand,0.9009326632160629
7,17,2030,5,demand,0.871552521691296
7,18,2030,5,demand,0.8490985922536444
7,19,2030,5,demand,0.8460909230543917
7,20,2030,5,demand,0.8273233530153492
7,21,2030,5,demand,0.7923172269432865
7,22,2030,5,demand,0.7396258630974707
7,23,2030,5,demand,0.6898421509478445
7,24,2030,5,demand,0.769298913024065
7,1,2030,5,solar,0.0
7,2,2030,5,solar,0.0
7,3,2030,5,solar,0.0
7,4,2030,5,solar,0.0
7,5,2030,5,solar,0.0
7,6,2030,5,solar,0.0
7,7,2030,5,solar,0.0
7,8,2030,5,solar,0.0
7,9,2030,5,solar,0.0018249999999999998
7,10,2030,5,solar,0.0134325
7,11,2030,5,solar,0.0241525
7,12,2030,5,solar,0.040694999999999995
7,13,2030,5,solar,0.0513
7,14,2030,5,solar,0.04757
7,15,2030,5,solar,0.0334875
7,16,2030,5,solar,0.019694999999999997
7,17,2030,5,solar,0.008767500000000001
7,18,2030,5,solar,0.00053
7,19,2030,5,solar,0.0
7,20,2030,5,solar,0.0
7,21,2030,5,solar,0.0
7,22,2030,5,solar,0.0
7,23,2030,5,solar,0.0
7,24,2030,5,solar,0.0
7,1,2030,5,wind_offshore,0.027318393040750344
7,2,2030,5,wind_offshore,0.030960743347877788
7,3,2030,5,wind_offshore,0.036459871712965455
7,4,2030,5,wind_offshore,0.046935010180234986
7,5,2030,5,wind_offshore,0.05989962751530075
7,6,2030,5,wind_offshore,0.07477971025381486
7,7,2030,5,wind_offshore,0.0845671537452154
7,8,2030,5,wind_offshore,0.08124080769444977
7,9,2030,5,wind_offshore,0.074828371438661
7,10,2030,5,wind_offshore,0.0643780173182351
7,11,2030,5,wind_offshore,0.059230901321855066
7,12,2030,5,wind_offshore,0.05382942381929955
7,13,2030,5,wind_offshore,0.04873824831794637
7,14,2030,5,wind_offshore,0.04301967781173425
7,15,2030,5,wind_offshore,0.03068700205595204
7,16,2030,5,wind_offshore,0.023208729589781377
7,17,2030,5,wind_offshore,0.013273529692191657
7,18,2030,5,wind_offshore,0.006230201069834949
7,19,2030,5,wind_offshore,0.0038301670410950603
7,20,2030,5,wind_offshore,0.003756142145935902
7,21,2030,5,wind_offshore,0.002092987417480036
7,22,2030,5,wind_offshore,0.0024140894528090965
7,23,2030,5,wind_offshore,0.004889407256926346
7,24,2030,5,wind_offshore,0.0075498163455054055
7,1,2030,5,wind_onshore,0.0049915398270748606
7,2,2030,5,wind_onshore,0.004966935236381769
7,3,2030,5,wind_onshore,0.004901305902020091
7,4,2030,5,wind_onshore,0.006412027649549882
7,5,2030,5,wind_onshore,0.009895750986236733
7,6,2030,5,wind_onshore,0.016830366420758913
7,7,2030,5,wind_onshore,0.02231082786294139
7,8,2030,5,wind_onshore,0.023840667130538687
7,9,2030,5,wind_onshore,0.02343510129064698
7,10,2030,5,wind_onshore,0.016177081108940724
7,11,2030,5,wind_onshore,0.014384605337731818
7,12,2030,5,wind_onshore,0.013246498633440535
7,13,2030,5,wind_onshore,0.014081264897371782
7,14,2030,5,wind_onshore,0.014238542802647967
7,15,2030,5,wind_onshore,0.013803513716719756
7,16,2030,5,wind_onshore,0.011573739378581242
7,17,2030,5,wind_onshore,0.008829487026595249
7,18,2030,5,wind_onshore,0.011065214366753043
7,19,2030,5,wind_onshore,0.013236828172376022
7,20,2030,5,wind_onshore,0.012521933187236892
7,21,2030,5,wind_onshore,0.009050438855896353
7,22,2030,5,wind_onshore,0.005750694155219763
7,23,2030,5,wind_onshore,0.0038597500569623818
7,24,2030,5,wind_onshore,0.0034326348420609734
8,1,2030,5,demand,0.7402402563305721
8,2,2030,5,demand,0.7245160760275906
8,3,2030,5,demand,0.7041839464763477
8,4,2030,5,demand,0.7030908980500159
8,5,2030,5,demand,0.7060342702830138
8,6,2030,5,demand,0.6915888851977667
8,7,2030,5,demand,0.7598008222867574
8,8,2030,5,demand,0.7446588867337498
8,9,2030,5,demand,0.884347617976003
8,10,2030,5,demand,0.9166389832506404
8,11,2030,5,demand,0.9064764905286997
8,12,2030,5,demand,0.9104629024364979
8,13,2030,5,demand,0.8859907626691815
8,14,2030,5,demand,0.8958174823451247
8,15,2030,5,demand,0.9074052244857137
8,16,2030,5,demand,0.9038867516101033
8,17,2030,5,demand,0.8853692253287183
8,18,2030,5,demand,0.8845262206600442
8,19,2030,5,demand,0.8580072941336163
8,20,2030,5,demand,0.8468196220052795
8,21,2030,5,demand,0.8073412847248268
8,22,2030,5,demand,0.7622333908433976
8,23,2030,5,demand,0.7136248843547621
8,24,2030,5,demand,0.8104346832124194
8,1,2030,5,solar,0.0
8,2,2030,5,solar,0.0
8,3,2030,5,solar,0.0
8,4,2030,5,solar,0.0
8,5,2030,5,solar,0.0
8,6,2030,5,solar,0.0
8,7,2030,5,solar,0.0
8,8,2030,5,solar,0.0
8,9,2030,5,solar,0.0
8,10,2030,5,solar,0.012875000000000001
8,11,2030,5,solar,0.057292499999999996
8,12,2030,5,solar,0.09513
8,13,2030,5,solar,0.1054025
8,14,2030,5,solar,0.11577000000000001
8,15,2030,5,solar,0.1306475
8,16,2030,5,solar,0.0545725
8,17,2030,5,solar,0.0030025
8,18,2030,5,solar,0.0
8,19,2030,5,solar,0.0
8,20,2030,5,solar,0.0
8,21,2030,5,solar,0.0
8,22,2030,5,solar,0.0
8,23,2030,5,solar,0.0
8,24,2030,5,solar,0.0
8,1,2030,5,wind_offshore,0.5939197276456106
8,2,2030,5,wind_offshore,0.6916352630491966
8,3,2030,5,wind_offshore,0.7453113606803274
8,4,2030,5,wind_offshore,0.7656722436401376
8,5,2030,5,wind_offshore,0.7810238117688444
8,6,2030,5,wind_offshore,0.7655483166736758
8,7,2030,5,wind_offshore,0.7239655867257107
8,8,2030,5,wind_offshore,0.6239143855726036
8,9,2030,5,wind_offshore,0.5063564076152028
8,10,2030,5,wind_offshore,0.38270459099700055
8,11,2030,5,wind_offshore,0.2838471293059639
8,12,2030,5,wind_offshore,0.23518754437984568
8,13,2030,5,wind_offshore,0.24455530753554214
8,14,2030,5,wind_offshore,0.3302276360183518
8,15,2030,5,wind_offshore,0.47054507882063334
8,16,2030,5,wind_offshore,0.6955139262578314
8,17,2030,5,wind_offshore,0.8638876545266734
8,18,2030,5,wind_offshore,0.9320624757394664
8,19,2030,5,wind_offshore,0.9561497540149021
8,20,2030,5,wind_offshore,0.9627306746978245
8,21,2030,5,wind_offshore,0.9653979674516283
8,22,2030,5,wind_offshore,0.9635456088599939
8,23,2030,5,wind_offshore,0.9619435085087888
8,24,2030,5,wind_offshore,0.9603956433986348
8,1,2030,5,wind_onshore,0.17868829214681542
8,2,2030,5,wind_onshore,0.1805790315618639
8,3,2030,5,wind_onshore,0.192780473486438
8,4,2030,5,wind_onshore,0.20694254149392036
8,5,2030,5,wind_onshore,0.22192142854109048
8,6,2030,5,wind_onshore,0.22836278288448988
8,7,2030,5,wind_onshore,0.21834535734996957
8,8,2030,5,wind_onshore,0.18827475384952522
8,9,2030,5,wind_onshore,0.14981743467911823
8,10,2030,5,wind_onshore,0.11657984976828088
8,11,2030,5,wind_onshore,0.08178846290242897
8,12,2030,5,wind_onshore,0.05798989803827574
8,13,2030,5,wind_onshore,0.06403832044147431
8,14,2030,5,wind_onshore,0.08308702836413127
8,15,2030,5,wind_onshore,0.11079661227940096
8,16,2030,5,wind_onshore,0.15655756131433257
8,17,2030,5,wind_onshore,0.22827577376824124
8,18,2030,5,wind_onshore,0.32671963661342274
8,19,2030,5,wind_onshore,0.42343522708662723
8,20,2030,5,wind_onshore,0.520208798558967
8,21,2030,5,wind_onshore,0.5857228654674969
8,22,2030,5,wind_onshore,0.6345928489425774
8,23,2030,5,wind_onshore,0.650149052463551
8,24,2030,5,wind_onshore,0.653396318297669
9,1,2030,5,demand,0.6289457797971789
9,2,2030,5,demand,0.6140253115723824
9,3,2030,5,demand,0.599244153441138
9,4,2030,5,demand,0.5833127940246686
9,5,2030,5,demand,0.5812338587824298
9,6,2030,5,demand,0.5528824687177399
9,7,2030,5,demand,0.5701176277277096
9,8,2030,5,demand,0.5962507724566084
9,9,2030,5,demand,0.6378866301602781
9,10,2030,5,demand,0.6858307346642806
9,11,2030,5,demand,0.6884454779586427
9,12,2030,5,demand,0.7045840164885999
9,13,2030,5,demand,0.7003154123400167
9,14,2030,5,demand,0.6922997238802505
9,15,2030,5,demand,0.6888705523466607
9,16,2030,5,demand,0.6848555640094159
9,17,2030,5,demand,0.6988080056867095
9,18,2030,5,demand,0.7083739654439527
9,19,2030,5,demand,0.7236659272515548
9,20,2030,5,demand,0.7078703058749568
9,21,2030,5,demand,0.6797439551921587
9,22,2030,5,demand,0.6468489128454622
9,23,2030,5,demand,0.6156434518897951
9,24,2030,5,demand,0.5836735714464317
9,1,2030,5,solar,0.0
9,2,2030,5,solar,0.0
9,3,2030,5,solar,0.0
9,4,2030,5,solar,0.0
9,5,2030,5,solar,0.0
9,6,2030,5,solar,0.0
9,7,2030,5,solar,0.0
9,8,2030,5,solar,0.00469
9,9,2030,5,solar,0.0210375
9,10,2030,5,solar,0.0389975
9,11,2030,5,solar,0.0639
9,12,2030,5,solar,0.08378
9,13,2030,5,solar,0.10102749999999999
9,14,2030,5,solar,0.099435
9,15,2030,5,solar,0.08509249999999999
9,16,2030,5,solar,0.0667875
9,17,2030,5,solar,0.044340000000000004
9,18,2030,5,solar,0.00988
9,19,2030,5,solar,0.0
9,20,2030,5,solar,0.0
9,21,2030,5,solar,0.0
9,22,2030,5,solar,0.0
9,23,2030,5,solar,0.0
9,24,2030,5,solar,0.0
9,1,2030,5,wind_offshore,0.4449469598817049
9,2,2030,5,wind_offshore,0.44744156313945865
9,3,2030,5,wind_offshore,0.48869171550488905
9,4,2030,5,wind_offshore,0.5826496672284236
9,5,2030,5,wind_offshore,0.7364070567592296
9,6,2030,5,wind_offshore,0.8550279078637971
9,7,2030,5,wind_offshore,0.914785878703437
9,8,2030,5,wind_offshore,0.9418339814917471
9,9,2030,5,wind_offshore,0.9495994044889956
9,10,2030,5,wind_offshore,0.9530758002319658
9,11,2030,5,wind_offshore,0.9520941929266763
9,12,2030,5,wind_offshore,0.9542444990248097
9,13,2030,5,wind_offshore,0.9565664663384917
9,14,2030,5,wind_offshore,0.9559612172090395
9,15,2030,5,wind_offshore,0.9553468774266765
9,16,2030,5,wind_offshore,0.9540711916443133
9,17,2030,5,wind_offshore,0.9511259116443133
9,18,2030,5,wind_offshore,0.9511259116443133
9,19,2030,5,wind_offshore,0.9511227822972241
9,20,2030,5,wind_offshore,0.9500801166227789
9,21,2030,5,wind_offshore,0.9519916296978629
9,22,2030,5,wind_offshore,0.9518450062638172
9,23,2030,5,wind_offshore,0.9549270062638173
9,24,2030,5,wind_offshore,0.9542656296978629
9,1,2030,5,wind_onshore,0.21101908192642718
9,2,2030,5,wind_onshore,0.18580085393702062
9,3,2030,5,wind_onshore,0.1684641865096281
9,4,2030,5,wind_onshore,0.16908582654528415
9,5,2030,5,wind_onshore,0.2178700511766821
9,6,2030,5,wind_onshore,0.3004840718264285
9,7,2030,5,wind_onshore,0.4326723206280456
9,8,2030,5,wind_onshore,0.5661431647495759
9,9,2030,5,wind_onshore,0.6831472714625632
9,10,2030,5,wind_onshore,0.7589319290492085
9,11,2030,5,wind_onshore,0.8059583814421518
9,12,2030,5,wind_onshore,0.826483018691073
9,13,2030,5,wind_onshore,0.8588327080869721
9,14,2030,5,wind_onshore,0.8719186848878657
9,15,2030,5,wind_onshore,0.8889001009758756
9,16,2030,5,wind_onshore,0.9022571607527095
9,17,2030,5,wind_onshore,0.908765243816504
9,18,2030,5,wind_onshore,0.9093009553682851
9,19,2030,5,wind_onshore,0.9110427745829167
9,20,2030,5,wind_onshore,0.9126501998951411
9,21,2030,5,wind_onshore,0.9124997623933963
9,22,2030,5,wind_onshore,0.9025230734823478
9,23,2030,5,wind_onshore,0.8748419438160067
9,24,2030,5,wind_onshore,0.8591063481625173
10,1,2030,5,demand,0.5797907490953774
10,2,2030,5,demand,0.5580369421791671
10,3,2030,5,demand,0.5509964243742655
10,4,2030,5,demand,0.5526467131748056
10,5,2030,5,demand,0.5694603698504381
10,6,2030,5,demand,0.6348968212294295
10,7,2030,5,demand,0.6419159067122461
10,8,2030,5,demand,0.7803222706830839
10,9,2030,5,demand,0.8474232990773386
10,10,2030,5,demand,0.87495668884912
10,11,2030,5,demand,0.884265460741344
10,12,2030,5,demand,0.8418401791742127
10,13,2030,5,demand,0.8630546059846188
10,14,2030,5,demand,0.8604184303681717
10,15,2030,5,demand,0.8462230890405821
10,16,2030,5,demand,0.8028797896774793
10,17,2030,5,demand,0.7544284535508
10,18,2030,5,demand,0.7480130451400424
10,19,2030,5,demand,0.7455769045297214
10,20,2030,5,demand,0.753964086572293
10,21,2030,5,demand,0.7401509549885515
10,22,2030,5,demand,0.6591582098295774
10,23,2030,5,demand,0.6880882725905605
10,24,2030,5,demand,0.6337323317294813
10,1,2030,5,solar,0.0
10,2,2030,5,solar,0.0
10,3,2030,5,solar,0.0
10,4,2030,5,solar,0.0
10,5,2030,5,solar,0.0
10,6,2030,5,solar,0.0015300000000000001
10,7,2030,5,solar,0.0760375
10,8,2030,5,solar,0.312865
10,9,2030,5,solar,0.5154624999999999
10,10,2030,5,solar,0.5822225
10,11,2030,5,solar,0.591985
10,12,2030,5,solar,0.578935
10,13,2030,5,solar,0.5708850000000001
10,14,2030,5,solar,0.5684475
10,15,2030,5,solar,0.5667025
10,16,2030,5,solar,0.5625675
10,17,2030,5,solar,0.530165
10,18,2030,5,solar,0.408745
10,19,2030,5,solar,0.14005
10,20,2030,5,solar,0.0061875
10,21,2030,5,solar,0.0
10,22,2030,5,solar,0.0
10,23,2030,5,solar,0.0
10,24,2030,5,solar,0.0
10,1,2030,5,wind_offshore,0.9282662773569147
10,2,2030,5,wind_offshore,0.9276102316852536
10,3,2030,5,wind_offshore,0.9297020933946613
10,4,2030,5,wind_offshore,0.9297525534578727
10,5,2030,5,wind_offshore,0.9297822039745353
10,6,2030,5,wind_offshore,0.9296486568538658
10,7,2030,5,wind_offshore,0.9322547793246542
10,8,2030,5,wind_offshore,0.9297791223038157
10,9,2030,5,wind_offshore,0.9297151622133792
10,10,2030,5,wind_offshore,0.933691494803182
10,11,2030,5,wind_offshore,0.9367634916877053
10,12,2030,5,wind_offshore,0.937473851976686
10,13,2030,5,wind_offshore,0.9370905620207804
10,14,2030,5,wind_offshore,0.939562096885631
10,15,2030,5,wind_offshore,0.9367947309702088
10,16,2030,5,wind_offshore,0.9348080462230348
10,17,2030,5,wind_offshore,0.9246423254937037
10,18,2030,5,wind_offshore,0.9074800198808237
10,19,2030,5,wind_offshore,0.8779234959753132
10,20,2030,5,wind_offshore,0.8368862304634815
10,21,2030,5,wind_offshore,0.781557166920822
10,22,2030,5,wind_offshore,0.7017859773168107
10,23,2030,5,wind_offshore,0.5958057098939161
10,24,2030,5,wind_offshore,0.4650159438722372
10,1,2030,5,wind_onshore,0.8906814132876972
10,2,2030,5,wind_onshore,0.8878143068065427
10,3,2030,5,wind_onshore,0.8866357786772585
10,4,2030,5,wind_onshore,0.8822939624897621
10,5,2030,5,wind_onshore,0.8817468036144533
10,6,2030,5,wind_onshore,0.8791703091077196
10,7,2030,5,wind_onshore,0.8546781492161408
10,8,2030,5,wind_onshore,0.8150105124669819
10,9,2030,5,wind_onshore,0.8096466220873875
10,10,2030,5,wind_onshore,0.8238812019777119
10,11,2030,5,wind_onshore,0.8061095773100282
10,12,2030,5,wind_onshore,0.7796955365071195
10,13,2030,5,wind_onshore,0.7888153771685641
10,14,2030,5,wind_onshore,0.7956076083614455
10,15,2030,5,wind_onshore,0.7951072111587179
10,16,2030,5,wind_onshore,0.770737523616775
10,17,2030,5,wind_onshore,0.7199552098337538
10,18,2030,5,wind_onshore,0.666185248424161
10,19,2030,5,wind_onshore,0.6224919459744818
10,20,2030,5,wind_onshore,0.535099926365178
10,21,2030,5,wind_onshore,0.47008376218187364
10,22,2030,5,wind_onshore,0.40066004329745
10,23,2030,5,wind_onshore,0.35700870411549307
10,24,2030,5,wind_onshore,0.2559566551698194
11,1,2030,5,demand,0.6621623069751492
11,2,2030,5,demand,0.6487099528131709
11,3,2030,5,demand,0.6422874002950517
11,4,2030,5,demand,0.6394369014577551
11,5,2030,5,demand,0.6459987640694265
11,6,2030,5,demand,0.6523998842654608
11,7,2030,5,demand,0.7108172501616355
11,8,2030,5,demand,0.7557251090369386
11,9,2030,5,demand,0.8480912731156525
11,10,2030,5,demand,0.860572028676447
11,11,2030,5,demand,0.8640869294983766
11,12,2030,5,demand,0.8351568667373933
11,13,2030,5,demand,0.840986458344496
11,14,2030,5,demand,0.8476912031034003
11,15,2030,5,demand,0.8395004840132738
11,16,2030,5,demand,0.8221045825876673
11,17,2030,5,demand,0.7524995445631557
11,18,2030,5,demand,0.7405045883029531
11,19,2030,5,demand,0.7351250754596341
11,20,2030,5,demand,0.7669949383999343
11,21,2030,5,demand,0.7369646831052578
11,22,2030,5,demand,0.6719711663826885
11,23,2030,5,demand,0.6711638822508225
11,24,2030,5,demand,0.6794367585756079
11,1,2030,5,solar,0.0
11,2,2030,5,solar,0.0
11,3,2030,5,solar,0.0
11,4,2030,5,solar,0.0
11,5,2030,5,solar,0.0
11,6,2030,5,solar,0.0
11,7,2030,5,solar,0.0013425
11,8,2030,5,solar,0.021654999999999997
11,9,2030,5,solar,0.045715
11,10,2030,5,solar,0.08374999999999999
11,11,2030,5,solar,0.1273825
11,12,2030,5,solar,0.16085999999999998
11,13,2030,5,solar,0.1753975
11,14,2030,5,solar,0.16941499999999998
11,15,2030,5,solar,0.1474125
11,16,2030,5,solar,0.09798000000000001
11,17,2030,5,solar,0.050872499999999994
11,18,2030,5,solar,0.020347499999999998
11,19,2030,5,solar,0.0035325
11,20,2030,5,solar,0.0
11,21,2030,5,solar,0.0
11,22,2030,5,solar,0.0
11,23,2030,5,solar,0.0
11,24,2030,5,solar,0.0
11,1,2030,5,wind_offshore,0.9412951275143243
11,2,2030,5,wind_offshore,0.8842202493250265
11,3,2030,5,wind_offshore,0.7280080330248637
11,4,2030,5,wind_offshore,0.5054100069915061
11,5,2030,5,wind_offshore,0.32957561866821783
11,6,2030,5,wind_offshore,0.22668640797111797
11,7,2030,5,wind_offshore,0.17766461876069498
11,8,2030,5,wind_offshore,0.16541758081030988
11,9,2030,5,wind_offshore,0.1692134902461443
11,10,2030,5,wind_offshore,0.17505484529476334
11,11,2030,5,wind_offshore,0.15871327039240357
11,12,2030,5,wind_offshore,0.13635181627746104
11,13,2030,5,wind_offshore,0.12320447929381534
11,14,2030,5,wind_offshore,0.11548190820152367
11,15,2030,5,wind_offshore,0.13522535608024863
11,16,2030,5,wind_offshore,0.16474791652268708
11,17,2030,5,wind_offshore,0.2063555651480543
11,18,2030,5,wind_offshore,0.2578308999563018
11,19,2030,5,wind_offshore,0.3018947363708298
11,20,2030,5,wind_offshore,0.33214986074174824
11,21,2030,5,wind_offshore,0.380547210829166
11,22,2030,5,wind_offshore,0.4439597212036226
11,23,2030,5,wind_offshore,0.5190708855878982
11,24,2030,5,wind_offshore,0.6259626723733254
11,1,2030,5,wind_onshore,0.8006244248678928
11,2,2030,5,wind_onshore,0.7270801023222023
11,3,2030,5,wind_onshore,0.6234859751712951
11,4,2030,5,wind_onshore,0.4834361717942517
11,5,2030,5,wind_onshore,0.35761215567594035
11,6,2030,5,wind_onshore,0.2511971102665698
11,7,2030,5,wind_onshore,0.16752897019225735
11,8,2030,5,wind_onshore,0.11054951107279733
11,9,2030,5,wind_onshore,0.06783118551158847
11,10,2030,5,wind_onshore,0.04619621807172339
11,11,2030,5,wind_onshore,0.03818980292214554
11,12,2030,5,wind_onshore,0.029524711394759092
11,13,2030,5,wind_onshore,0.028269602433637776
11,14,2030,5,wind_onshore,0.020359749885815334
11,15,2030,5,wind_onshore,0.014397085242933174
11,16,2030,5,wind_onshore,0.014087992453979405
11,17,2030,5,wind_onshore,0.014652307539181439
11,18,2030,5,wind_onshore,0.017193678855528954
11,19,2030,5,wind_onshore,0.03377249763683131
11,20,2030,5,wind_onshore,0.04974824756552049
11,21,2030,5,wind_onshore,0.061257457157783565
11,22,2030,5,wind_onshore,0.0793884199520376
11,23,2030,5,wind_onshore,0.11654198410811764
11,24,2030,5,wind_onshore,0.16930473871018303
12,1,2030,5,demand,0.5885494247207548
12,2,2030,5,demand,0.5704855492568343
12,3,2030,5,demand,0.5631592671574669
12,4,2030,5,demand,0.5595050562419852
12,5,2030,5,demand,0.5448846405263779
12,6,2030,5,demand,0.5165653989448153
12,7,2030,5,demand,0.5613482359412898
12,8,2030,5,demand,0.6046593868212652
12,9,2030,5,demand,0.6485992191490654
12,10,2030,5,demand,0.6767470021539483
12,11,2030,5,demand,0.6927498026440341
12,12,2030,5,demand,0.7052555625805945
12,13,2030,5,demand,0.7082989523166555
12,14,2030,5,demand,0.710824394268997
12,15,2030,5,demand,0.7049840865008519
12,16,2030,5,demand,0.6911959592928762
12,17,2030,5,demand,0.7103350229147245
12,18,2030,5,demand,0.7014906180010073
12,19,2030,5,demand,0.6885883601058757
12,20,2030,5,demand,0.6704744758904237
12,21,2030,5,demand,0.6427160467367504
12,22,2030,5,demand,0.6333322617172291
12,23,2030,5,demand,0.6007765644702109
12,24,2030,5,demand,0.567306421480902
12,1,2030,5,solar,0.0
12,2,2030,5,solar,0.0
12,3,2030,5,solar,0.0
12,4,2030,5,solar,0.0
12,5,2030,5,solar,8.0e-5
12,6,2030,5,solar,0.0157325
12,7,2030,5,solar,0.09328
12,8,2030,5,solar,0.23804999999999998
12,9,2030,5,solar,0.41368249999999995
12,10,2030,5,solar,0.5119225000000001
12,11,2030,5,solar,0.57911
12,12,2030,5,solar,0.6162425
12,13,2030,5,solar,0.614555
12,14,2030,5,solar,0.611155
12,15,2030,5,solar,0.6071249999999999
12,16,2030,5,solar,0.5956175
12,17,2030,5,solar,0.5591275
12,18,2030,5,solar,0.48657999999999996
12,19,2030,5,solar,0.34577749999999996
12,20,2030,5,solar,0.1241625
12,21,2030,5,solar,0.0062125
12,22,2030,5,solar,0.0
12,23,2030,5,solar,0.0
12,24,2030,5,solar,0.0
12,1,2030,5,wind_offshore,0.8545470168460333
12,2,2030,5,wind_offshore,0.8173882979868645
12,3,2030,5,wind_offshore,0.7809787710625349
12,4,2030,5,wind_offshore,0.785945980314432
12,5,2030,5,wind_offshore,0.8039206486041968
12,6,2030,5,wind_offshore,0.8219864875521984
12,7,2030,5,wind_offshore,0.8512649219155818
12,8,2030,5,wind_offshore,0.8772834323114714
12,9,2030,5,wind_offshore,0.8907212990238272
12,10,2030,5,wind_offshore,0.8919552417311041
12,11,2030,5,wind_offshore,0.8592337002156891
12,12,2030,5,wind_offshore,0.7833556901160132
12,13,2030,5,wind_offshore,0.7196727793769385
12,14,2030,5,wind_offshore,0.6665427819314859
12,15,2030,5,wind_offshore,0.6139587343786214
12,16,2030,5,wind_offshore,0.5650219481858677
12,17,2030,5,wind_offshore,0.4960621614494392
12,18,2030,5,wind_offshore,0.43432813679882554
12,19,2030,5,wind_offshore,0.38028961055041877
12,20,2030,5,wind_offshore,0.30263925933797026
12,21,2030,5,wind_offshore,0.23745225443729934
12,22,2030,5,wind_offshore,0.21603210568906311
12,23,2030,5,wind_offshore,0.21657323382535626
12,24,2030,5,wind_offshore,0.2756779325067813
12,1,2030,5,wind_onshore,0.40747745684527803
12,2,2030,5,wind_onshore,0.368237384770483
12,3,2030,5,wind_onshore,0.32107317524905593
12,4,2030,5,wind_onshore,0.2750397101975569
12,5,2030,5,wind_onshore,0.23400392890899666
12,6,2030,5,wind_onshore,0.2146331756145825
12,7,2030,5,wind_onshore,0.22011930293392834
12,8,2030,5,wind_onshore,0.2515059513313709
12,9,2030,5,wind_onshore,0.29402411277886065
12,10,2030,5,wind_onshore,0.3311822017661944
12,11,2030,5,wind_onshore,0.29561179341460225
12,12,2030,5,wind_onshore,0.25958899144778563
12,13,2030,5,wind_onshore,0.23085161964014514
12,14,2030,5,wind_onshore,0.19779773662586272
12,15,2030,5,wind_onshore,0.1476866151305629
12,16,2030,5,wind_onshore,0.10387012993692221
12,17,2030,5,wind_onshore,0.07236273633973898
12,18,2030,5,wind_onshore,0.04563469190898396
12,19,2030,5,wind_onshore,0.02063451588632817
12,20,2030,5,wind_onshore,0.00478512010726811
12,21,2030,5,wind_onshore,0.0006797721278099252
12,22,2030,5,wind_onshore,0.00503192293936611
12,23,2030,5,wind_onshore,0.028076518037745933
12,24,2030,5,wind_onshore,0.09398846524754355
13,1,2030,2,demand,0.7508242513868499
13,2,2030,2,demand,0.7268129065443596
13,3,2030,2,demand,0.7017978146175582
13,4,2030,2,demand,0.6965361795457062
13,5,2030,2,demand,0.683040960739558
13,6,2030,2,demand,0.66442341695511
13,7,2030,2,demand,0.6852056252701366
13,8,2030,2,demand,0.7264592732299581
13,9,2030,2,demand,0.7905776368007259
13,10,2030,2,demand,0.8396005015163368
13,11,2030,2,demand,0.8754782086865202
13,12,2030,2,demand,0.895128075984726
13,13,2030,2,demand,0.8956996045736576
13,14,2030,2,demand,0.8752817457340749
13,15,2030,2,demand,0.8735100071083869
13,16,2030,2,demand,0.8767284274748081
13,17,2030,2,demand,0.8813899575282818
13,18,2030,2,demand,0.9192930191354917
13,19,2030,2,demand,0.9100306839411184
13,20,2030,2,demand,0.8889198466874562
13,21,2030,2,demand,0.8550210572564485
13,22,2030,2,demand,0.8263946190583352
13,23,2030,2,demand,0.8003364874567336
13,24,2030,2,demand,0.7703419526988652
13,1,2030,2,solar,0.0
13,2,2030,2,solar,0.0
13,3,2030,2,solar,0.0
13,4,2030,2,solar,0.0
13,5,2030,2,solar,0.0
13,6,2030,2,solar,0.0
13,7,2030,2,solar,0.0
13,8,2030,2,solar,0.0
13,9,2030,2,solar,0.0
13,10,2030,2,solar,0.0065325
13,11,2030,2,solar,0.014735000000000002
13,12,2030,2,solar,0.024665
13,13,2030,2,solar,0.03297
13,14,2030,2,solar,0.02875
13,15,2030,2,solar,0.0176225
13,16,2030,2,solar,0.011745
13,17,2030,2,solar,0.0027524999999999997
13,18,2030,2,solar,0.0
13,19,2030,2,solar,0.0
13,20,2030,2,solar,0.0
13,21,2030,2,solar,0.0
13,22,2030,2,solar,0.0
13,23,2030,2,solar,0.0
13,24,2030,2,solar,0.0
13,1,2030,2,wind_offshore,0.9565970829715875
13,2,2030,2,wind_offshore,0.9590676759898468
13,3,2030,2,wind_offshore,0.9594002128865962
13,4,2030,2,wind_offshore,0.9601427593957259
13,5,2030,2,wind_offshore,0.9588638828297715
13,6,2030,2,wind_offshore,0.9586173828297715
13,7,2030,2,wind_offshore,0.9577095062638171
13,8,2030,2,wind_offshore,0.9577095062638171
13,9,2030,2,wind_offshore,0.9577095062638171
13,10,2030,2,wind_offshore,0.9528803828297715
13,11,2030,2,wind_offshore,0.9528803828297715
13,12,2030,2,wind_offshore,0.9504158828297715
13,13,2030,2,wind_offshore,0.9490371296978628
13,14,2030,2,wind_offshore,0.9495053765659542
13,15,2030,2,wind_offshore,0.9481266234340457
13,16,2030,2,wind_offshore,0.9481266234340457
13,17,2030,2,wind_offshore,0.9456621234340457
13,18,2030,2,wind_offshore,0.9507403765659542
13,19,2030,2,wind_offshore,0.9532048765659543
13,20,2030,2,wind_offshore,0.9515328765659542
13,21,2030,2,wind_offshore,0.9546148765659542
13,22,2030,2,wind_offshore,0.9551078765659542
13,23,2030,2,wind_offshore,0.9524937229142715
13,24,2030,2,wind_offshore,0.9524937229142715
13,1,2030,2,wind_onshore,0.8809552417346066
13,2,2030,2,wind_onshore,0.887273818295254
13,3,2030,2,wind_onshore,0.8947351790887846
13,4,2030,2,wind_onshore,0.9004175971975918
13,5,2030,2,wind_onshore,0.9062164532939059
13,6,2030,2,wind_onshore,0.909420045847342
13,7,2030,2,wind_onshore,0.9117998579427614
13,8,2030,2,wind_onshore,0.9071079141851098
13,9,2030,2,wind_onshore,0.9079683076490922
13,10,2030,2,wind_onshore,0.9082651467105952
13,11,2030,2,wind_onshore,0.9138933748466139
13,12,2030,2,wind_onshore,0.9120410051006116
13,13,2030,2,wind_onshore,0.9120926582777398
13,14,2030,2,wind_onshore,0.9140919820561562
13,15,2030,2,wind_onshore,0.9141482773079962
13,16,2030,2,wind_onshore,0.9140330706850818
13,17,2030,2,wind_onshore,0.9143211622224914
13,18,2030,2,wind_onshore,0.9145282935509131
13,19,2030,2,wind_onshore,0.9149962051512964
13,20,2030,2,wind_onshore,0.9151817249455347
13,21,2030,2,wind_onshore,0.9152218802960466
13,22,2030,2,wind_onshore,0.9153045520497846
13,23,2030,2,wind_onshore,0.9022955746192552
13,24,2030,2,wind_onshore,0.9015845678325234
14,1,2030,2,demand,0.6047486881632858
14,2,2030,2,demand,0.5798157534711432
14,3,2030,2,demand,0.5736611049790857
14,4,2030,2,demand,0.5704998374715575
14,5,2030,2,demand,0.5624412843676215
14,6,2030,2,demand,0.5820125664848491
14,7,2030,2,demand,0.6085350650649578
14,8,2030,2,demand,0.7319780961668292
14,9,2030,2,demand,0.8073877214226777
14,10,2030,2,demand,0.841993777482488
14,11,2030,2,demand,0.8536315283746084
14,12,2030,2,demand,0.8363142121299799
14,13,2030,2,demand,0.8706202156806012
14,14,2030,2,demand,0.8816257130712161
14,15,2030,2,demand,0.8744208807969966
14,16,2030,2,demand,0.8359141421177277
14,17,2030,2,demand,0.7774610556847448
14,18,2030,2,demand,0.7658483091683902
14,19,2030,2,demand,0.7268807755642952
14,20,2030,2,demand,0.680483370304089
14,21,2030,2,demand,0.6494850884619094
14,22,2030,2,demand,0.6220124236027019
14,23,2030,2,demand,0.676696993402417
14,24,2030,2,demand,0.6287207404152869
14,1,2030,2,solar,0.0
14,2,2030,2,solar,0.0
14,3,2030,2,solar,0.0
14,4,2030,2,solar,0.0
14,5,2030,2,solar,0.0053375
14,6,2030,2,solar,0.105395
14,7,2030,2,solar,0.338455
14,8,2030,2,solar,0.48512
14,9,2030,2,solar,0.5820175000000001
14,10,2030,2,solar,0.621405
14,11,2030,2,solar,0.62177
14,12,2030,2,solar,0.6121125
14,13,2030,2,solar,0.605865
14,14,2030,2,solar,0.601685
14,15,2030,2,solar,0.5954875
14,16,2030,2,solar,0.59019
14,17,2030,2,solar,0.5669550000000001
14,18,2030,2,solar,0.5197575
14,19,2030,2,solar,0.397305
14,20,2030,2,solar,0.1658175
14,21,2030,2,solar,0.0228025
14,22,2030,2,solar,0.0
14,23,2030,2,solar,0.0
14,24,2030,2,solar,0.0
14,1,2030,2,wind_offshore,0.12085602280516886
14,2,2030,2,wind_offshore,0.10030611486014451
14,3,2030,2,wind_offshore,0.0863618758931597
14,4,2030,2,wind_offshore,0.06506952969101516
14,5,2030,2,wind_offshore,0.04840531296289973
14,6,2030,2,wind_offshore,0.036275085179868716
14,7,2030,2,wind_offshore,0.028428605080104436
14,8,2030,2,wind_offshore,0.015511183578275077
14,9,2030,2,wind_offshore,0.006424659507737639
14,10,2030,2,wind_offshore,0.003162973267501842
14,11,2030,2,wind_offshore,0.002728498537951361
14,12,2030,2,wind_offshore,0.0010387149961106974
14,13,2030,2,wind_offshore,0.0011027102183329203
14,14,2030,2,wind_offshore,0.0017642412363874445
14,15,2030,2,wind_offshore,0.0024078199905019195
14,16,2030,2,wind_offshore,0.004704744623106496
14,17,2030,2,wind_offshore,0.005330075340047487
14,18,2030,2,wind_offshore,0.008448762945351587
14,19,2030,2,wind_offshore,0.00956138146798708
14,20,2030,2,wind_offshore,0.0075767273384701895
14,21,2030,2,wind_offshore,0.00667848981263276
14,22,2030,2,wind_offshore,0.009268239556145915
14,23,2030,2,wind_offshore,0.009409478828151173
14,24,2030,2,wind_offshore,0.01411302890357985
14,1,2030,2,wind_onshore,0.06292822921016539
14,2,2030,2,wind_onshore,0.06052783577972368
14,3,2030,2,wind_onshore,0.058791640898300954
14,4,2030,2,wind_onshore,0.05743738711929311
14,5,2030,2,wind_onshore,0.05515829447396943
14,6,2030,2,wind_onshore,0.04520981577425867
14,7,2030,2,wind_onshore,0.022322758125968144
14,8,2030,2,wind_onshore,0.0067313566313093615
14,9,2030,2,wind_onshore,0.0008067438188500476
14,10,2030,2,wind_onshore,6.246e-5
14,11,2030,2,wind_onshore,0.0002384475369258054
14,12,2030,2,wind_onshore,0.00019900924512807142
14,13,2030,2,wind_onshore,0.0002452703186640988
14,14,2030,2,wind_onshore,0.0006209405710563936
14,15,2030,2,wind_onshore,0.002066148655128104
14,16,2030,2,wind_onshore,0.004711131408664356
14,17,2030,2,wind_onshore,0.009713963685180646
14,18,2030,2,wind_onshore,0.01452195775823259
14,19,2030,2,wind_onshore,0.014371601066832305
14,20,2030,2,wind_onshore,0.013471864835137017
14,21,2030,2,wind_onshore,0.016960712178757477
14,22,2030,2,wind_onshore,0.018365181257847744
14,23,2030,2,wind_onshore,0.014318013985054813
14,24,2030,2,wind_onshore,0.010285753089758015
15,1,2030,2,demand,0.5684173301756379
15,2,2030,2,demand,0.548345960543095
15,3,2030,2,demand,0.5363795807123389
15,4,2030,2,demand,0.5354901393458141
15,5,2030,2,demand,0.5357116066740251
15,6,2030,2,demand,0.5668670588781608
15,7,2030,2,demand,0.5626806119642366
15,8,2030,2,demand,0.6647163253569375
15,9,2030,2,demand,0.7310922268539852
15,10,2030,2,demand,0.761297512779022
15,11,2030,2,demand,0.7775324967583612
15,12,2030,2,demand,0.7757500419716308
15,13,2030,2,demand,0.7714850098767284
15,14,2030,2,demand,0.7683987554964977
15,15,2030,2,demand,0.7504313254819595
15,16,2030,2,demand,0.7205189479587499
15,17,2030,2,demand,0.6864558440584246
15,18,2030,2,demand,0.6942500651899797
15,19,2030,2,demand,0.6654878889519953
15,20,2030,2,demand,0.6518997967501456
15,21,2030,2,demand,0.6413408060696337
15,22,2030,2,demand,0.6159399323453033
15,23,2030,2,demand,0.6718925812017104
15,24,2030,2,demand,0.632832174201914
15,1,2030,2,solar,0.0
15,2,2030,2,solar,0.0
15,3,2030,2,solar,0.0
15,4,2030,2,solar,0.0
15,5,2030,2,solar,9.25e-5
15,6,2030,2,solar,0.040685
15,7,2030,2,solar,0.258855
15,8,2030,2,solar,0.4780075
15,9,2030,2,solar,0.585995
15,10,2030,2,solar,0.6018425
15,11,2030,2,solar,0.58781
15,12,2030,2,solar,0.56569
15,13,2030,2,solar,0.5137575
15,14,2030,2,solar,0.45141000000000003
15,15,2030,2,solar,0.37028
15,16,2030,2,solar,0.2417875
15,17,2030,2,solar,0.1209325
15,18,2030,2,solar,0.0414025
15,19,2030,2,solar,0.024025
15,20,2030,2,solar,0.0054925
15,21,2030,2,solar,0.0
15,22,2030,2,solar,0.0
15,23,2030,2,solar,0.0
15,24,2030,2,solar,0.0
15,1,2030,2,wind_offshore,0.0025169199999999932
15,2,2030,2,wind_offshore,0.002563599999999999
15,3,2030,2,wind_offshore,0.00229738
15,4,2030,2,wind_offshore,0.0018832599999999994
15,5,2030,2,wind_offshore,0.0014658807222222225
15,6,2030,2,wind_offshore,0.0007059759999999999
15,7,2030,2,wind_offshore,0.0011374727953215886
15,8,2030,2,wind_offshore,0.004934338886497067
15,9,2030,2,wind_offshore,0.030496691729875833
15,10,2030,2,wind_offshore,0.09257946079604557
15,11,2030,2,wind_offshore,0.20441415879101216
15,12,2030,2,wind_offshore,0.4026966725948038
15,13,2030,2,wind_offshore,0.651500398968946
15,14,2030,2,wind_offshore,0.8203927818052227
15,15,2030,2,wind_offshore,0.8926233183710628
15,16,2030,2,wind_offshore,0.9192880895859503
15,17,2030,2,wind_offshore,0.9388788120491712
15,18,2030,2,wind_offshore,0.9446700145560724
15,19,2030,2,wind_offshore,0.9481324366728185
15,20,2030,2,wind_offshore,0.9477835390683611
15,21,2030,2,wind_offshore,0.9478209233560269
15,22,2030,2,wind_offshore,0.9478390597255815
15,23,2030,2,wind_offshore,0.9479430946762681
15,24,2030,2,wind_offshore,0.9449488519687457
15,1,2030,2,wind_onshore,0.012472725028844205
15,2,2030,2,wind_onshore,0.011833424942332258
15,3,2030,2,wind_onshore,0.011192118255245038
15,4,2030,2,wind_onshore,0.010098683089053123
15,5,2030,2,wind_onshore,0.008709242714853061
15,6,2030,2,wind_onshore,0.007461200704420397
15,7,2030,2,wind_onshore,0.0032311005848818684
15,8,2030,2,wind_onshore,0.0010378310394896103
15,9,2030,2,wind_onshore,0.0003637720663573202
15,10,2030,2,wind_onshore,0.0007678640777657044
15,11,2030,2,wind_onshore,0.004208450670920211
15,12,2030,2,wind_onshore,0.011682935342021271
15,13,2030,2,wind_onshore,0.029796478607495153
15,14,2030,2,wind_onshore,0.07070372082444976
15,15,2030,2,wind_onshore,0.14754021859655414
15,16,2030,2,wind_onshore,0.26409165139975393
15,17,2030,2,wind_onshore,0.38580992132331104
15,18,2030,2,wind_onshore,0.5186163774974857
15,19,2030,2,wind_onshore,0.6874691334030266
15,20,2030,2,wind_onshore,0.8268552582042172
15,21,2030,2,wind_onshore,0.853780204983827
15,22,2030,2,wind_onshore,0.8549918364654733
15,23,2030,2,wind_onshore,0.8671018863826296
15,24,2030,2,wind_onshore,0.8696584346563155
16,1,2030,2,demand,0.600269332847534
16,2,2030,2,demand,0.5796300066797404
16,3,2030,2,demand,0.5745826948287379
16,4,2030,2,demand,0.5723144407414155
16,5,2030,2,demand,0.5798371857932282
16,6,2030,2,demand,0.5990441184350118
16,7,2030,2,demand,0.6113569874728078
16,8,2030,2,demand,0.7324781836821443
16,9,2030,2,demand,0.7958642762483434
16,10,2030,2,demand,0.8021368025118683
16,11,2030,2,demand,0.8058410221788813
16,12,2030,2,demand,0.7847301849252191
16,13,2030,2,demand,0.7993005918892949
16,14,2030,2,demand,0.7936710352883184
16,15,2030,2,demand,0.7845087175970081
16,16,2030,2,demand,0.7531139377962572
16,17,2030,2,demand,0.7080417644516362
16,18,2030,2,demand,0.6930748595289891
16,19,2030,2,demand,0.7110065690067191
16,20,2030,2,demand,0.7399044832845748
16,21,2030,2,demand,0.6881275651810496
16,22,2030,2,demand,0.6268847048233441
16,23,2030,2,demand,0.6620908659015328
16,24,2030,2,demand,0.6181331733053285
16,1,2030,2,solar,0.0
16,2,2030,2,solar,0.0
16,3,2030,2,solar,0.0
16,4,2030,2,solar,0.0
16,5,2030,2,solar,0.0
16,6,2030,2,solar,0.0
16,7,2030,2,solar,0.0014550000000000001
16,8,2030,2,solar,0.02635
16,9,2030,2,solar,0.07145
16,10,2030,2,solar,0.1303775
16,11,2030,2,solar,0.18928
16,12,2030,2,solar,0.22718
16,13,2030,2,solar,0.2612075
16,14,2030,2,solar,0.27266250000000003
16,15,2030,2,solar,0.274175
16,16,2030,2,solar,0.253245
16,17,2030,2,solar,0.2125725
16,18,2030,2,solar,0.10930749999999999
16,19,2030,2,solar,0.011137500000000002
16,20,2030,2,solar,0.0
16,21,2030,2,solar,0.0
16,22,2030,2,solar,0.0
16,23,2030,2,solar,0.0
16,24,2030,2,solar,0.0
16,1,2030,2,wind_offshore,0.93828067291943
16,2,2030,2,wind_offshore,0.9388313301108655
16,3,2030,2,wind_offshore,0.9364968148171574
16,4,2030,2,wind_offshore,0.9357069998303771
16,5,2030,2,wind_offshore,0.9360252889820879
16,6,2030,2,wind_offshore,0.9307063333087028
16,7,2030,2,wind_offshore,0.9248817649698812
16,8,2030,2,wind_offshore,0.9147374952912517
16,9,2030,2,wind_offshore,0.9003684833202756
16,10,2030,2,wind_offshore,0.8689044060340403
16,11,2030,2,wind_offshore,0.7949580768979086
16,12,2030,2,wind_offshore,0.7045061797500163
16,13,2030,2,wind_offshore,0.5870342140532651
16,14,2030,2,wind_offshore,0.4463481095736209
16,15,2030,2,wind_offshore,0.31597226263186323
16,16,2030,2,wind_offshore,0.21005856361604563
16,17,2030,2,wind_offshore,0.12063410375575202
16,18,2030,2,wind_offshore,0.06845933712073415
16,19,2030,2,wind_offshore,0.03965303830841595
16,20,2030,2,wind_offshore,0.025643229455545626
16,21,2030,2,wind_offshore,0.01905434766527468
16,22,2030,2,wind_offshore,0.02385298468304264
16,23,2030,2,wind_offshore,0.03618695052784998
16,24,2030,2,wind_offshore,0.06034715746261745
16,1,2030,2,wind_onshore,0.9084646967545598
16,2,2030,2,wind_onshore,0.9029916495488934
16,3,2030,2,wind_onshore,0.8944325405836916
16,4,2030,2,wind_onshore,0.8774031757022788
16,5,2030,2,wind_onshore,0.8475220970017987
16,6,2030,2,wind_onshore,0.8145051425768157
16,7,2030,2,wind_onshore,0.7625531602538945
16,8,2030,2,wind_onshore,0.6574846014964191
16,9,2030,2,wind_onshore,0.5441547552038267
16,10,2030,2,wind_onshore,0.47035789275133427
16,11,2030,2,wind_onshore,0.38439872673438025
16,12,2030,2,wind_onshore,0.32586867463495495
16,13,2030,2,wind_onshore,0.30325553395655447
16,14,2030,2,wind_onshore,0.2581373233721376
16,15,2030,2,wind_onshore,0.20365664908390826
16,16,2030,2,wind_onshore,0.15555583749674592
16,17,2030,2,wind_onshore,0.10987959220717722
16,18,2030,2,wind_onshore,0.06287303811551921
16,19,2030,2,wind_onshore,0.035691315813964265
16,20,2030,2,wind_onshore,0.023739029394351015
16,21,2030,2,wind_onshore,0.01771367459172662
16,22,2030,2,wind_onshore,0.015848856844271078
16,23,2030,2,wind_onshore,0.015174868822996703
16,24,2030,2,wind_onshore,0.02025794089145196
17,1,2030,2,demand,0.6576436590689085
17,2,2030,2,demand,0.6331893795699962
17,3,2030,2,demand,0.622616100674761
17,4,2030,2,demand,0.6232197777468199
17,5,2030,2,demand,0.6424195662812421
17,6,2030,2,demand,0.7224264246243094
17,7,2030,2,demand,0.7125246918210687
17,8,2030,2,demand,0.861257862983165
17,9,2030,2,demand,0.9173283896110391
17,10,2030,2,demand,0.9420112805455241
17,11,2030,2,demand,0.937539069337134
17,12,2030,2,demand,0.9045190051116088
17,13,2030,2,demand,0.9071730409964602
17,14,2030,2,demand,0.8986501209140171
17,15,2030,2,demand,0.8944100931948805
17,16,2030,2,demand,0.8746244878568036
17,17,2030,2,demand,0.8616972255859061
17,18,2030,2,demand,0.8562248393468856
17,19,2030,2,demand,0.8357712599704948
17,20,2030,2,demand,0.814974763440745
17,21,2030,2,demand,0.7703169483230994
17,22,2030,2,demand,0.7146929284053282
17,23,2030,2,demand,0.7907240910016397
17,24,2030,2,demand,0.7277630728234584
17,1,2030,2,solar,0.0
17,2,2030,2,solar,0.0
17,3,2030,2,solar,0.0
17,4,2030,2,solar,0.0
17,5,2030,2,solar,0.0
17,6,2030,2,solar,0.0
17,7,2030,2,solar,0.0
17,8,2030,2,solar,0.0
17,9,2030,2,solar,4.5e-5
17,10,2030,2,solar,0.016527499999999997
17,11,2030,2,solar,0.04433
17,12,2030,2,solar,0.06446
17,13,2030,2,solar,0.06846
17,14,2030,2,solar,0.0510625
17,15,2030,2,solar,0.029685000000000003
17,16,2030,2,solar,0.0117175
17,17,2030,2,solar,0.0001675
17,18,2030,2,solar,0.0
17,19,2030,2,solar,0.0
17,20,2030,2,solar,0.0
17,21,2030,2,solar,0.0
17,22,2030,2,solar,0.0
17,23,2030,2,solar,0.0
17,24,2030,2,solar,0.0
17,1,2030,2,wind_offshore,0.9536368459042822
17,2,2030,2,wind_offshore,0.9560052845579301
17,3,2030,2,wind_offshore,0.9550212660754116
17,4,2030,2,wind_offshore,0.9511824774714647
17,5,2030,2,wind_offshore,0.9416218536323459
17,6,2030,2,wind_offshore,0.8905455361935385
17,7,2030,2,wind_offshore,0.7817204783390349
17,8,2030,2,wind_offshore,0.6518916521364445
17,9,2030,2,wind_offshore,0.49761414694569417
17,10,2030,2,wind_offshore,0.33729160535015756
17,11,2030,2,wind_offshore,0.20698614191061268
17,12,2030,2,wind_offshore,0.12426128808600409
17,13,2030,2,wind_offshore,0.06458805738875957
17,14,2030,2,wind_offshore,0.02713289115084873
17,15,2030,2,wind_offshore,0.016397576346449182
17,16,2030,2,wind_offshore,0.03577445460050764
17,17,2030,2,wind_offshore,0.09236513601657426
17,18,2030,2,wind_offshore,0.18168718490744556
17,19,2030,2,wind_offshore,0.304491463804578
17,20,2030,2,wind_offshore,0.44276849463481543
17,21,2030,2,wind_offshore,0.5663190651218591
17,22,2030,2,wind_offshore,0.6661498283624571
17,23,2030,2,wind_offshore,0.7044844523557813
17,24,2030,2,wind_offshore,0.756539559443686
17,1,2030,2,wind_onshore,0.9005958603670339
17,2,2030,2,wind_onshore,0.9019646229482594
17,3,2030,2,wind_onshore,0.881809308254366
17,4,2030,2,wind_onshore,0.854828455084309
17,5,2030,2,wind_onshore,0.8000432385199205
17,6,2030,2,wind_onshore,0.6788247383517448
17,7,2030,2,wind_onshore,0.5323425397228305
17,8,2030,2,wind_onshore,0.38379415494429714
17,9,2030,2,wind_onshore,0.2414563933029736
17,10,2030,2,wind_onshore,0.14056903669294926
17,11,2030,2,wind_onshore,0.08302431526828018
17,12,2030,2,wind_onshore,0.050069040796486844
17,13,2030,2,wind_onshore,0.030952984885410047
17,14,2030,2,wind_onshore,0.018274923169055244
17,15,2030,2,wind_onshore,0.01688710371662349
17,16,2030,2,wind_onshore,0.026293998505841104
17,17,2030,2,wind_onshore,0.05146865697691848
17,18,2030,2,wind_onshore,0.09688295494358534
17,19,2030,2,wind_onshore,0.15793586876553584
17,20,2030,2,wind_onshore,0.22751008007533408
17,21,2030,2,wind_onshore,0.2914764262919923
17,22,2030,2,wind_onshore,0.34567514013024514
17,23,2030,2,wind_onshore,0.37975582090606613
17,24,2030,2,wind_onshore,0.4102199198335573
18,1,2030,2,demand,0.6421087976110106
18,2,2030,2,demand,0.624409271622534
18,3,2030,2,demand,0.6171937231872722
18,4,2030,2,demand,0.621769523952406
18,5,2030,2,demand,0.6182117584863066
18,6,2030,2,demand,0.5948791038431727
18,7,2030,2,demand,0.6409728845405088
18,8,2030,2,demand,0.7061485760008002
18,9,2030,2,demand,0.7700490442970377
18,10,2030,2,demand,0.7978860586316893
18,11,2030,2,demand,0.8134530685727146
18,12,2030,2,demand,0.8148926062060861
18,13,2030,2,demand,0.8047801222356771
18,14,2030,2,demand,0.8063911184457281
18,15,2030,2,demand,0.8074341581205283
18,16,2030,2,demand,0.7873485002732622
18,17,2030,2,demand,0.7756143039317596
18,18,2030,2,demand,0.7814153191094156
18,19,2030,2,demand,0.7713314115684531
18,20,2030,2,demand,0.7648874267282488
18,21,2030,2,demand,0.7535783047747642
18,22,2030,2,demand,0.7166718461445039
18,23,2030,2,demand,0.681690724448207
18,24,2030,2,demand,0.6430053830848971
18,1,2030,2,solar,0.0
18,2,2030,2,solar,0.0
18,3,2030,2,solar,0.0
18,4,2030,2,solar,0.0
18,5,2030,2,solar,0.0
18,6,2030,2,solar,0.0008225
18,7,2030,2,solar,0.0773025
18,8,2030,2,solar,0.355615
18,9,2030,2,solar,0.58102
18,10,2030,2,solar,0.62551
18,11,2030,2,solar,0.6163975
18,12,2030,2,solar,0.59162
18,13,2030,2,solar,0.5839475000000001
18,14,2030,2,solar,0.5905675
18,15,2030,2,solar,0.6043499999999999
18,16,2030,2,solar,0.6159574999999999
18,17,2030,2,solar,0.597075
18,18,2030,2,solar,0.4496775
18,19,2030,2,solar,0.1354225
18,20,2030,2,solar,0.0036775
18,21,2030,2,solar,0.0
18,22,2030,2,solar,0.0
18,23,2030,2,solar,0.0
18,24,2030,2,solar,0.0
18,1,2030,2,wind_offshore,0.8270194118267272
18,2,2030,2,wind_offshore,0.8072544751697521
18,3,2030,2,wind_offshore,0.8009842638389182
18,4,2030,2,wind_offshore,0.7956146907401799
18,5,2030,2,wind_offshore,0.8013354951350372
18,6,2030,2,wind_offshore,0.8221398460633882
18,7,2030,2,wind_offshore,0.8469979223641936
18,8,2030,2,wind_offshore,0.8797658504602386
18,9,2030,2,wind_offshore,0.9166349220056624
18,10,2030,2,wind_offshore,0.9351014879827534
18,11,2030,2,wind_offshore,0.9384821268489661
18,12,2030,2,wind_offshore,0.9376834940391989
18,13,2030,2,wind_offshore,0.9408612629762378
18,14,2030,2,wind_offshore,0.9428974603735664
18,15,2030,2,wind_offshore,0.9434997463532689
18,16,2030,2,wind_offshore,0.9394757103999274
18,17,2030,2,wind_offshore,0.933218671942572
18,18,2030,2,wind_offshore,0.9155353867090241
18,19,2030,2,wind_offshore,0.9057869186281166
18,20,2030,2,wind_offshore,0.8962839428396835
18,21,2030,2,wind_offshore,0.8921328965227108
18,22,2030,2,wind_offshore,0.8917434258834093
18,23,2030,2,wind_offshore,0.8889661420939721
18,24,2030,2,wind_offshore,0.8877037940930241
18,1,2030,2,wind_onshore,0.3440374168262524
18,2,2030,2,wind_onshore,0.31801839568781864
18,3,2030,2,wind_onshore,0.3009366707181127
18,4,2030,2,wind_onshore,0.29588698600610586
18,5,2030,2,wind_onshore,0.3094884548702201
18,6,2030,2,wind_onshore,0.32730548488752764
18,7,2030,2,wind_onshore,0.3089357919497531
18,8,2030,2,wind_onshore,0.2990986335535911
18,9,2030,2,wind_onshore,0.31027591048658254
18,10,2030,2,wind_onshore,0.36712506025681124
18,11,2030,2,wind_onshore,0.4415366252985974
18,12,2030,2,wind_onshore,0.5209365376220991
18,13,2030,2,wind_onshore,0.6365529593703506
18,14,2030,2,wind_onshore,0.6810846064700744
18,15,2030,2,wind_onshore,0.6712506241597883
18,16,2030,2,wind_onshore,0.6207767751806739
18,17,2030,2,wind_onshore,0.5695993489217686
18,18,2030,2,wind_onshore,0.5308351436074682
18,19,2030,2,wind_onshore,0.5226348549397729
18,20,2030,2,wind_onshore,0.48961606072715225
18,21,2030,2,wind_onshore,0.47741595110282625
18,22,2030,2,wind_onshore,0.47089638363970754
18,23,2030,2,wind_onshore,0.483444143493039
18,24,2030,2,wind_onshore,0.4650604352560497
19,1,2030,2,demand,0.6683062393061643
19,2,2030,2,demand,0.6450093051998386
19,3,2030,2,demand,0.6384795910712946
19,4,2030,2,demand,0.6361006033198667
19,5,2030,2,demand,0.6462666680954882
19,6,2030,2,demand,0.6689599251297549
19,7,2030,2,demand,0.6820014931184386
19,8,2030,2,demand,0.8156463095327396
19,9,2030,2,demand,0.8703701719229436
19,10,2030,2,demand,0.8780393711756701
19,11,2030,2,demand,0.8910380745201839
19,12,2030,2,demand,0.8427296205407375
19,13,2030,2,demand,0.8549138956460238
19,14,2030,2,demand,0.8470339452261288
19,15,2030,2,demand,0.8358391289904306
19,16,2030,2,demand,0.8160463795449918
19,17,2030,2,demand,0.8316419659154639
19,18,2030,2,demand,0.8396040735700177
19,19,2030,2,demand,0.8366607013370198
19,20,2030,2,demand,0.8040442791774275
19,21,2030,2,demand,0.7558679911841715
19,22,2030,2,demand,0.6903315223021173
19,23,2030,2,demand,0.7367610760454508
19,24,2030,2,demand,0.6753146086279385
19,1,2030,2,solar,0.0
19,2,2030,2,solar,0.0
19,3,2030,2,solar,0.0
19,4,2030,2,solar,0.0
19,5,2030,2,solar,0.0
19,6,2030,2,solar,0.0
19,7,2030,2,solar,0.0
19,8,2030,2,solar,0.0
19,9,2030,2,solar,0.0053124999999999995
19,10,2030,2,solar,0.0163225
19,11,2030,2,solar,0.028405
19,12,2030,2,solar,0.0413575
19,13,2030,2,solar,0.047985
19,14,2030,2,solar,0.0398575
19,15,2030,2,solar,0.025959999999999997
19,16,2030,2,solar,0.020807500000000003
19,17,2030,2,solar,0.00479
19,18,2030,2,solar,0.0
19,19,2030,2,solar,0.0
19,20,2030,2,solar,0.0
19,21,2030,2,solar,0.0
19,22,2030,2,solar,0.0
19,23,2030,2,solar,0.0
19,24,2030,2,solar,0.0
19,1,2030,2,wind_offshore,0.1288523384362132
19,2,2030,2,wind_offshore,0.17001404175861332
19,3,2030,2,wind_offshore,0.23063286708081102
19,4,2030,2,wind_offshore,0.29399525996637355
19,5,2030,2,wind_offshore,0.3790611867858281
19,6,2030,2,wind_offshore,0.45790396985304244
19,7,2030,2,wind_offshore,0.5327052222428559
19,8,2030,2,wind_offshore,0.5828382901951455
19,9,2030,2,wind_offshore,0.6148083665632352
19,10,2030,2,wind_offshore,0.6334855095866461
19,11,2030,2,wind_offshore,0.5997542047561507
19,12,2030,2,wind_offshore,0.5556047675892599
19,13,2030,2,wind_offshore,0.5481343767543513
19,14,2030,2,wind_offshore,0.5694033453755014
19,15,2030,2,wind_offshore,0.5993044902995857
19,16,2030,2,wind_offshore,0.6336960113653917
19,17,2030,2,wind_offshore,0.6386159198666649
19,18,2030,2,wind_offshore,0.6173858794233046
19,19,2030,2,wind_offshore,0.5882163975148998
19,20,2030,2,wind_offshore,0.5352558819425333
19,21,2030,2,wind_offshore,0.45939522108438363
19,22,2030,2,wind_offshore,0.3796894578397781
19,23,2030,2,wind_offshore,0.29823071539584634
19,24,2030,2,wind_offshore,0.2469315906763455
19,1,2030,2,wind_onshore,0.0010802625293257772
19,2,2030,2,wind_onshore,0.001344989767507502
19,3,2030,2,wind_onshore,0.0017386647780765012
19,4,2030,2,wind_onshore,0.003093845738284213
19,5,2030,2,wind_onshore,0.005730301116492063
19,6,2030,2,wind_onshore,0.011590711366133601
19,7,2030,2,wind_onshore,0.020137262348515154
19,8,2030,2,wind_onshore,0.03310552545449337
19,9,2030,2,wind_onshore,0.047460426672485255
19,10,2030,2,wind_onshore,0.05761180892532446
19,11,2030,2,wind_onshore,0.06255791018781827
19,12,2030,2,wind_onshore,0.0641030803676038
19,13,2030,2,wind_onshore,0.08606485091748754
19,14,2030,2,wind_onshore,0.1256539356548117
19,15,2030,2,wind_onshore,0.1765510695067502
19,16,2030,2,wind_onshore,0.24590070627827368
19,17,2030,2,wind_onshore,0.29807115102348486
19,18,2030,2,wind_onshore,0.3344107635136251
19,19,2030,2,wind_onshore,0.32704690229369826
19,20,2030,2,wind_onshore,0.27228229413848104
19,21,2030,2,wind_onshore,0.20520516304829992
19,22,2030,2,wind_onshore,0.14919759619873849
19,23,2030,2,wind_onshore,0.1076972742381285
19,24,2030,2,wind_onshore,0.08680534086487929
20,1,2030,2,demand,0.6124250315233738
20,2,2030,2,demand,0.5904497572789524
20,3,2030,2,demand,0.5860346989294555
20,4,2030,2,demand,0.5797014477533569
20,5,2030,2,demand,0.5756971755771546
20,6,2030,2,demand,0.5480566241949484
20,7,2030,2,demand,0.595393479573211
20,8,2030,2,demand,0.6642519583784305
20,9,2030,2,demand,0.7171576454450959
20,10,2030,2,demand,0.7501205568117278
20,11,2030,2,demand,0.7593793199524204
20,12,2030,2,demand,0.7675986154719934
20,13,2030,2,demand,0.7601187350643506
20,14,2030,2,demand,0.7566717032623567
20,15,2030,2,demand,0.7529710556490243
20,16,2030,2,demand,0.7427656982829138
20,17,2030,2,demand,0.7480344774621274
20,18,2030,2,demand,0.7480523377305315
20,19,2030,2,demand,0.7351786562648465
20,20,2030,2,demand,0.7188900914802948
20,21,2030,2,demand,0.7126282813778125
20,22,2030,2,demand,0.6892563341441895
20,23,2030,2,demand,0.6610656864951366
20,24,2030,2,demand,0.6201763880107591
20,1,2030,2,solar,0.0
20,2,2030,2,solar,0.0
20,3,2030,2,solar,0.0
20,4,2030,2,solar,0.0
20,5,2030,2,solar,0.0
20,6,2030,2,solar,0.0030999999999999995
20,7,2030,2,solar,0.0178375
20,8,2030,2,solar,0.03416
20,9,2030,2,solar,0.06442
20,10,2030,2,solar,0.091925
20,11,2030,2,solar,0.116605
20,12,2030,2,solar,0.13259500000000002
20,13,2030,2,solar,0.149755
20,14,2030,2,solar,0.1517275
20,15,2030,2,solar,0.1399975
20,16,2030,2,solar,0.1067775
20,17,2030,2,solar,0.07234750000000001
20,18,2030,2,solar,0.04313
20,19,2030,2,solar,0.0269575
20,20,2030,2,solar,0.007274999999999999
20,21,2030,2,solar,0.0
20,22,2030,2,solar,0.0
20,23,2030,2,solar,0.0
20,24,2030,2,solar,0.0
20,1,2030,2,wind_offshore,0.9476437123702526
20,2,2030,2,wind_offshore,0.9499230630839895
20,3,2030,2,wind_offshore,0.9487573396399134
20,4,2030,2,wind_offshore,0.9485384374429705
20,5,2030,2,wind_offshore,0.9484775468531073
20,6,2030,2,wind_offshore,0.9486655572862523
20,7,2030,2,wind_offshore,0.9484391545517891
20,8,2030,2,wind_offshore,0.9473682048937455
20,9,2030,2,wind_offshore,0.9471098831705816
20,10,2030,2,wind_offshore,0.94310680268855
20,11,2030,2,wind_offshore,0.9387435487075981
20,12,2030,2,wind_offshore,0.9356967950489471
20,13,2030,2,wind_offshore,0.9278024258759904
20,14,2030,2,wind_offshore,0.9199729409602905
20,15,2030,2,wind_offshore,0.9049511966595818
20,16,2030,2,wind_offshore,0.8918826531004411
20,17,2030,2,wind_offshore,0.8683109075589774
20,18,2030,2,wind_offshore,0.8407803549605253
20,19,2030,2,wind_offshore,0.8188574457919902
20,20,2030,2,wind_offshore,0.8058400667040642
20,21,2030,2,wind_offshore,0.8002741062573442
20,22,2030,2,wind_offshore,0.7895573847919686
20,23,2030,2,wind_offshore,0.7667300386057612
20,24,2030,2,wind_offshore,0.7044898820515587
20,1,2030,2,wind_onshore,0.866677264809717
20,2,2030,2,wind_onshore,0.8535718074054156
20,3,2030,2,wind_onshore,0.8516469078290083
20,4,2030,2,wind_onshore,0.8478382223516227
20,5,2030,2,wind_onshore,0.8255286377154437
20,6,2030,2,wind_onshore,0.7512013877460608
20,7,2030,2,wind_onshore,0.6336965913302407
20,8,2030,2,wind_onshore,0.49901189051200956
20,9,2030,2,wind_onshore,0.3992278029488999
20,10,2030,2,wind_onshore,0.3113958076605384
20,11,2030,2,wind_onshore,0.22488585521173568
20,12,2030,2,wind_onshore,0.1630387938366943
20,13,2030,2,wind_onshore,0.11865976692461741
20,14,2030,2,wind_onshore,0.08628075043281713
20,15,2030,2,wind_onshore,0.06536194122213529
20,16,2030,2,wind_onshore,0.05164019440801649
20,17,2030,2,wind_onshore,0.04044129057047235
20,18,2030,2,wind_onshore,0.03389913125702599
20,19,2030,2,wind_onshore,0.026892462444231796
20,20,2030,2,wind_onshore,0.027816952581191576
20,21,2030,2,wind_onshore,0.03437265606188263
20,22,2030,2,wind_onshore,0.03882985208129181
20,23,2030,2,wind_onshore,0.03415599970814159
20,24,2030,2,wind_onshore,0.030327047562676054
21,1,2030,2,demand,0.717779182785559
21,2,2030,2,demand,0.7042982521941341
21,3,2030,2,demand,0.6876810584709467
21,4,2030,2,demand,0.6830266725248348
21,5,2030,2,demand,0.6765791156309497
21,6,2030,2,demand,0.6581866112283936
21,7,2030,2,demand,0.6862593811059794
21,8,2030,2,demand,0.7261556486670881
21,9,2030,2,demand,0.7785898246478848
21,10,2030,2,demand,0.8490985922536444
21,11,2030,2,demand,0.8977321031180456
21,12,2030,2,demand,0.9136598904808342
21,13,2030,2,demand,0.9126954359870121
21,14,2030,2,demand,0.8930062760983172
21,15,2030,2,demand,0.8899307378791289
21,16,2030,2,demand,0.8871588242228104
21,17,2030,2,demand,0.8762104796910888
21,18,2030,2,demand,0.9013791699261657
21,19,2030,2,demand,0.9099842472432675
21,20,2030,2,demand,0.8765891173812561
21,21,2030,2,demand,0.8428153498290774
21,22,2030,2,demand,0.8038621044397056
21,23,2030,2,demand,0.785901818532529
21,24,2030,2,demand,0.7520887583898611
21,1,2030,2,solar,0.0
21,2,2030,2,solar,0.0
21,3,2030,2,solar,0.0
21,4,2030,2,solar,0.0
21,5,2030,2,solar,0.0
21,6,2030,2,solar,0.0
21,7,2030,2,solar,0.0
21,8,2030,2,solar,0.0
21,9,2030,2,solar,5.0e-6
21,10,2030,2,solar,0.005155
21,11,2030,2,solar,0.0115325
21,12,2030,2,solar,0.02096
21,13,2030,2,solar,0.029782500000000003
21,14,2030,2,solar,0.028520000000000004
21,15,2030,2,solar,0.019660000000000004
21,16,2030,2,solar,0.0132525
21,17,2030,2,solar,0.004305
21,18,2030,2,solar,0.0
21,19,2030,2,solar,0.0
21,20,2030,2,solar,0.0
21,21,2030,2,solar,0.0
21,22,2030,2,solar,0.0
21,23,2030,2,solar,0.0
21,24,2030,2,solar,0.0
21,1,2030,2,wind_offshore,7.491629882092692e-5
21,2,2030,2,wind_offshore,0.0
21,3,2030,2,wind_offshore,1.25449999999974e-5
21,4,2030,2,wind_offshore,9.263909661403507e-5
21,5,2030,2,wind_offshore,0.00015269076352633035
21,6,2030,2,wind_offshore,0.0022187410887018083
21,7,2030,2,wind_offshore,0.005213771877649758
21,8,2030,2,wind_offshore,0.011641784099665122
21,9,2030,2,wind_offshore,0.015001069618883233
21,10,2030,2,wind_offshore,0.015176792116478547
21,11,2030,2,wind_offshore,0.017526810367050654
21,12,2030,2,wind_offshore,0.014563168114366896
21,13,2030,2,wind_offshore,0.014623586564657119
21,14,2030,2,wind_offshore,0.016328765469008404
21,15,2030,2,wind_offshore,0.020475986420457937
21,16,2030,2,wind_offshore,0.025501279685501203
21,17,2030,2,wind_offshore,0.03517547738975727
21,18,2030,2,wind_offshore,0.04808100192855109
21,19,2030,2,wind_offshore,0.05677457782657824
21,20,2030,2,wind_offshore,0.05678999938520428
21,21,2030,2,wind_offshore,0.056665549067919437
21,22,2030,2,wind_offshore,0.050545855851064664
21,23,2030,2,wind_offshore,0.04628551348906901
21,24,2030,2,wind_offshore,0.04553142098386964
21,1,2030,2,wind_onshore,0.0002807226661245986
21,2,2030,2,wind_onshore,0.0002141706021168206
21,3,2030,2,wind_onshore,0.00014286438738303953
21,4,2030,2,wind_onshore,0.00023661194147912243
21,5,2030,2,wind_onshore,0.00027379792550064465
21,6,2030,2,wind_onshore,0.00020977491933249712
21,7,2030,2,wind_onshore,0.00024203775079385223
21,8,2030,2,wind_onshore,0.00017599076056767517
21,9,2030,2,wind_onshore,0.0003285943902139988
21,10,2030,2,wind_onshore,0.00022931760749428801
21,11,2030,2,wind_onshore,0.0005444214791155451
21,12,2030,2,wind_onshore,0.0007660538875625354
21,13,2030,2,wind_onshore,0.0014088497008815403
21,14,2030,2,wind_onshore,0.0021812960794010427
21,15,2030,2,wind_onshore,0.003522621589403185
21,16,2030,2,wind_onshore,0.004212563316104875
21,17,2030,2,wind_onshore,0.008792183960031294
21,18,2030,2,wind_onshore,0.012842520448518219
21,19,2030,2,wind_onshore,0.015410793614618988
21,20,2030,2,wind_onshore,0.015009437714589822
21,21,2030,2,wind_onshore,0.013266220504675949
21,22,2030,2,wind_onshore,0.011146907898885415
21,23,2030,2,wind_onshore,0.010096405324906526
21,24,2030,2,wind_onshore,0.008938261492559028
22,1,2030,2,demand,0.7589756778864872
22,2,2030,2,demand,0.7389185964686678
22,3,2030,2,demand,0.71348557426121
22,4,2030,2,demand,0.7069558601326661
22,5,2030,2,demand,0.7068308382538373
22,6,2030,2,demand,0.6884133294755154
22,7,2030,2,demand,0.6948966069062087
22,8,2030,2,demand,0.7168147282917368
22,9,2030,2,demand,0.7399294876603406
22,10,2030,2,demand,0.7605616697207725
22,11,2030,2,demand,0.7796793010205358
22,12,2030,2,demand,0.7952141624784337
22,13,2030,2,demand,0.8123135834485321
22,14,2030,2,demand,0.8180503016599334
22,15,2030,2,demand,0.818621830248865
22,16,2030,2,demand,0.8066304460423432
22,17,2030,2,demand,0.8051980525163333
22,18,2030,2,demand,0.8550031969880444
22,19,2030,2,demand,0.8544495286675169
22,20,2030,2,demand,0.8373536797510993
22,21,2030,2,demand,0.8121921336233842
22,22,2030,2,demand,0.7748284521219786
22,23,2030,2,demand,0.7457626513211241
22,24,2030,2,demand,0.7125604123578769
22,1,2030,2,solar,0.0
22,2,2030,2,solar,0.0
22,3,2030,2,solar,0.0
22,4,2030,2,solar,0.0
22,5,2030,2,solar,0.0
22,6,2030,2,solar,0.0
22,7,2030,2,solar,0.0
22,8,2030,2,solar,0.0
22,9,2030,2,solar,0.0
22,10,2030,2,solar,0.0099325
22,11,2030,2,solar,0.025922499999999998
22,12,2030,2,solar,0.0450425
22,13,2030,2,solar,0.05207
22,14,2030,2,solar,0.03794
22,15,2030,2,solar,0.018512499999999998
22,16,2030,2,solar,0.011027499999999999
22,17,2030,2,solar,0.0016275
22,18,2030,2,solar,0.0
22,19,2030,2,solar,0.0
22,20,2030,2,solar,0.0
22,21,2030,2,solar,0.0
22,22,2030,2,solar,0.0
22,23,2030,2,solar,0.0
22,24,2030,2,solar,0.0
22,1,2030,2,wind_offshore,0.3878442319049374
22,2,2030,2,wind_offshore,0.4609907658365761
22,3,2030,2,wind_offshore,0.5415030601431262
22,4,2030,2,wind_offshore,0.6191740993181856
22,5,2030,2,wind_offshore,0.6824994454745352
22,6,2030,2,wind_offshore,0.763033366832883
22,7,2030,2,wind_offshore,0.8614745400632933
22,8,2030,2,wind_offshore,0.9185828328901989
22,9,2030,2,wind_offshore,0.9366374474539665
22,10,2030,2,wind_offshore,0.9401393044677501
22,11,2030,2,wind_offshore,0.9414971289453858
22,12,2030,2,wind_offshore,0.9434451925773355
22,13,2030,2,wind_offshore,0.9450366767779824
22,14,2030,2,wind_offshore,0.9466035755558011
22,15,2030,2,wind_offshore,0.9466054257544828
22,16,2030,2,wind_offshore,0.9467368818088512
22,17,2030,2,wind_offshore,0.9463698639232784
22,18,2030,2,wind_offshore,0.9463909614062882
22,19,2030,2,wind_offshore,0.94893381171473
22,20,2030,2,wind_offshore,0.948514111902864
22,21,2030,2,wind_offshore,0.9453216400309505
22,22,2030,2,wind_offshore,0.9253363119646278
22,23,2030,2,wind_offshore,0.879188135506182
22,24,2030,2,wind_offshore,0.8809537869679032
22,1,2030,2,wind_onshore,0.06544527686625552
22,2,2030,2,wind_onshore,0.0772531192156231
22,3,2030,2,wind_onshore,0.0990456362621102
22,4,2030,2,wind_onshore,0.13168355168766108
22,5,2030,2,wind_onshore,0.16702479558917147
22,6,2030,2,wind_onshore,0.21370391242377318
22,7,2030,2,wind_onshore,0.2606470049003555
22,8,2030,2,wind_onshore,0.3511864041569296
22,9,2030,2,wind_onshore,0.47606001426663885
22,10,2030,2,wind_onshore,0.5770395457214801
22,11,2030,2,wind_onshore,0.6374413924810285
22,12,2030,2,wind_onshore,0.6798367577543349
22,13,2030,2,wind_onshore,0.7543784036639863
22,14,2030,2,wind_onshore,0.8190841680612234
22,15,2030,2,wind_onshore,0.8643192431127635
22,16,2030,2,wind_onshore,0.8919196017411435
22,17,2030,2,wind_onshore,0.9008221793302077
22,18,2030,2,wind_onshore,0.900134442719643
22,19,2030,2,wind_onshore,0.8929163512006644
22,20,2030,2,wind_onshore,0.8592297774080742
22,21,2030,2,wind_onshore,0.8276767018390507
22,22,2030,2,wind_onshore,0.7513610784589255
22,23,2030,2,wind_onshore,0.6058588616029622
22,24,2030,2,wind_onshore,0.41770083888497933
23,1,2030,2,demand,0.7228443549049655
23,2,2030,2,demand,0.7044018417508778
23,3,2030,2,demand,0.6816478598040372
23,4,2030,2,demand,0.6802726191369204
23,5,2030,2,demand,0.6784758761354666
23,6,2030,2,demand,0.6550717804187162
23,7,2030,2,demand,0.6677097063414669
23,8,2030,2,demand,0.6903600987315638
23,9,2030,2,demand,0.7071451789777496
23,10,2030,2,demand,0.7291954663494684
23,11,2030,2,demand,0.7536568899557423
23,12,2030,2,demand,0.7762215530574994
23,13,2030,2,demand,0.7840550667795436
23,14,2030,2,demand,0.7893845708713312
23,15,2030,2,demand,0.7846944643884108
23,16,2030,2,demand,0.7817368039406897
23,17,2030,2,demand,0.7890738022010996
23,18,2030,2,demand,0.853038567463592
23,19,2030,2,demand,0.8477626441770167
23,20,2030,2,demand,0.8353104650456687
23,21,2030,2,demand,0.8080199749241832
23,22,2030,2,demand,0.7770431254040887
23,23,2030,2,demand,0.7450518126386404
23,24,2030,2,demand,0.7123710935127934
23,1,2030,2,solar,0.0
23,2,2030,2,solar,0.0
23,3,2030,2,solar,0.0
23,4,2030,2,solar,0.0
23,5,2030,2,solar,0.0
23,6,2030,2,solar,0.0
23,7,2030,2,solar,0.0
23,8,2030,2,solar,0.0
23,9,2030,2,solar,0.0
23,10,2030,2,solar,0.0030700000000000002
23,11,2030,2,solar,0.0077350000000000006
23,12,2030,2,solar,0.012032500000000002
23,13,2030,2,solar,0.015592499999999999
23,14,2030,2,solar,0.0118475
23,15,2030,2,solar,0.006362499999999999
23,16,2030,2,solar,0.0028825
23,17,2030,2,solar,1.0e-5
23,18,2030,2,solar,0.0
23,19,2030,2,solar,0.0
23,20,2030,2,solar,0.0
23,21,2030,2,solar,0.0
23,22,2030,2,solar,0.0
23,23,2030,2,solar,0.0
23,24,2030,2,solar,0.0
23,1,2030,2,wind_offshore,0.6011218411129945
23,2,2030,2,wind_offshore,0.5047950836086138
23,3,2030,2,wind_offshore,0.3846682308726851
23,4,2030,2,wind_offshore,0.2406837526897569
23,5,2030,2,wind_offshore,0.12364552356624103
23,6,2030,2,wind_offshore,0.06181251375128959
23,7,2030,2,wind_offshore,0.03632028960201593
23,8,2030,2,wind_offshore,0.03397663814837298
23,9,2030,2,wind_offshore,0.06261254660515544
23,10,2030,2,wind_offshore,0.11814736865478101
23,11,2030,2,wind_offshore,0.19385906221899898
23,12,2030,2,wind_offshore,0.301175480022599
23,13,2030,2,wind_offshore,0.46609370850149767
23,14,2030,2,wind_offshore,0.6415460144123536
23,15,2030,2,wind_offshore,0.7789861875053847
23,16,2030,2,wind_offshore,0.8528362738516421
23,17,2030,2,wind_offshore,0.892549428770482
23,18,2030,2,wind_offshore,0.9116620414898622
23,19,2030,2,wind_offshore,0.91964520170749
23,20,2030,2,wind_offshore,0.9257978971822131
23,21,2030,2,wind_offshore,0.9311922603033952
23,22,2030,2,wind_offshore,0.9381240520821665
23,23,2030,2,wind_offshore,0.9453700062140751
23,24,2030,2,wind_offshore,0.948334811944076
23,1,2030,2,wind_onshore,0.5328199317349412
23,2,2030,2,wind_onshore,0.45035442904837847
23,3,2030,2,wind_onshore,0.367956817524334
23,4,2030,2,wind_onshore,0.2911443061442566
23,5,2030,2,wind_onshore,0.22839538889506794
23,6,2030,2,wind_onshore,0.17392505745258918
23,7,2030,2,wind_onshore,0.12802637618403856
23,8,2030,2,wind_onshore,0.09714707569229565
23,9,2030,2,wind_onshore,0.06570179472040553
23,10,2030,2,wind_onshore,0.03914215252940327
23,11,2030,2,wind_onshore,0.014872338874270759
23,12,2030,2,wind_onshore,0.00407659281270961
23,13,2030,2,wind_onshore,0.004123062752979667
23,14,2030,2,wind_onshore,0.017287632964263982
23,15,2030,2,wind_onshore,0.05135710319736384
23,16,2030,2,wind_onshore,0.11243727838238934
23,17,2030,2,wind_onshore,0.21119089125127727
23,18,2030,2,wind_onshore,0.3350978638979494
23,19,2030,2,wind_onshore,0.45387077025979183
23,20,2030,2,wind_onshore,0.5573266927618222
23,21,2030,2,wind_onshore,0.6513252367474878
23,22,2030,2,wind_onshore,0.718106269624004
23,23,2030,2,wind_onshore,0.7585302221137228
23,24,2030,2,wind_onshore,0.7896563705033142
24,1,2030,2,demand,0.6321784883783235
24,2,2030,2,demand,0.6121428392825887
24,3,2030,2,demand,0.608510060689192
24,4,2030,2,demand,0.6119713807059093
24,5,2030,2,demand,0.6182903436672846
24,6,2030,2,demand,0.5928037406546145
24,7,2030,2,demand,0.5872634853956585
24,8,2030,2,demand,0.6395762115513072
24,9,2030,2,demand,0.6922818636118464
24,10,2030,2,demand,0.7231515515215163
24,11,2030,2,demand,0.7338748566713461
24,12,2030,2,demand,0.7446231661969416
24,13,2030,2,demand,0.7526781472471968
24,14,2030,2,demand,0.7547177898989467
24,15,2030,2,demand,0.7406831909869942
24,16,2030,2,demand,0.7238338137745535
24,17,2030,2,demand,0.7436694278641619
24,18,2030,2,demand,0.7418905451311122
24,19,2030,2,demand,0.718282842354555
24,20,2030,2,demand,0.7197080917732032
24,21,2030,2,demand,0.7139106486492279
24,22,2030,2,demand,0.670145846951788
24,23,2030,2,demand,0.6331250826037415
24,24,2030,2,demand,0.5855310393604596
24,1,2030,2,solar,0.0
24,2,2030,2,solar,0.0
24,3,2030,2,solar,0.0
24,4,2030,2,solar,0.0
24,5,2030,2,solar,0.0
24,6,2030,2,solar,0.0012824999999999998
24,7,2030,2,solar,0.0974575
24,8,2030,2,solar,0.4036325
24,9,2030,2,solar,0.628035
24,10,2030,2,solar,0.67322
24,11,2030,2,solar,0.6624175
24,12,2030,2,solar,0.6337025000000001
24,13,2030,2,solar,0.6224875
24,14,2030,2,solar,0.6276325
24,15,2030,2,solar,0.6419875
24,16,2030,2,solar,0.6557875
24,17,2030,2,solar,0.6381600000000001
24,18,2030,2,solar,0.48537
24,19,2030,2,solar,0.1507525
24,20,2030,2,solar,0.0046525
24,21,2030,2,solar,0.0
24,22,2030,2,solar,0.0
24,23,2030,2,solar,0.0
24,24,2030,2,solar,0.0
24,1,2030,2,wind_offshore,0.8967512015426875
24,2,2030,2,wind_offshore,0.9046903079515015
24,3,2030,2,wind_offshore,0.9228895384345394
24,4,2030,2,wind_offshore,0.9293265396464834
24,5,2030,2,wind_offshore,0.9364605915631488
24,6,2030,2,wind_offshore,0.9375833427066713
24,7,2030,2,wind_offshore,0.9357973355461175
24,8,2030,2,wind_offshore,0.934960741841709
24,9,2030,2,wind_offshore,0.9357260095551895
24,10,2030,2,wind_offshore,0.9295409332528068
24,11,2030,2,wind_offshore,0.8995469856488516
24,12,2030,2,wind_offshore,0.8413565555253356
24,13,2030,2,wind_offshore,0.79438611343135
24,14,2030,2,wind_offshore,0.7452042106722605
24,15,2030,2,wind_offshore,0.6737378828625711
24,16,2030,2,wind_offshore,0.5568749106503639
24,17,2030,2,wind_offshore,0.39825086589245534
24,18,2030,2,wind_offshore,0.25644886661291016
24,19,2030,2,wind_offshore,0.15090682522323265
24,20,2030,2,wind_offshore,0.09062846444431949
24,21,2030,2,wind_offshore,0.06399178911455007
24,22,2030,2,wind_offshore,0.06282831941385794
24,23,2030,2,wind_offshore,0.08379206996636461
24,24,2030,2,wind_offshore,0.1075701717322331
24,1,2030,2,wind_onshore,0.43055567963828034
24,2,2030,2,wind_onshore,0.42068402054513043
24,3,2030,2,wind_onshore,0.43756667304107383
24,4,2030,2,wind_onshore,0.4600978242917452
24,5,2030,2,wind_onshore,0.4649907847277791
24,6,2030,2,wind_onshore,0.4847161202355807
24,7,2030,2,wind_onshore,0.48037545195334724
24,8,2030,2,wind_onshore,0.5069517450632148
24,9,2030,2,wind_onshore,0.5402419842978756
24,10,2030,2,wind_onshore,0.5898674006794025
24,11,2030,2,wind_onshore,0.5632378652513099
24,12,2030,2,wind_onshore,0.5044465382174331
24,13,2030,2,wind_onshore,0.472820893842215
24,14,2030,2,wind_onshore,0.43184128265522465
24,15,2030,2,wind_onshore,0.3908589575415083
24,16,2030,2,wind_onshore,0.33859301546346415
24,17,2030,2,wind_onshore,0.2751353531921044
24,18,2030,2,wind_onshore,0.21544379824779
24,19,2030,2,wind_onshore,0.15485617036734026
24,20,2030,2,wind_onshore,0.10117077673027298
24,21,2030,2,wind_onshore,0.058729075570165434
24,22,2030,2,wind_onshore,0.03520670430665293
24,23,2030,2,wind_onshore,0.027357971068476598
24,24,2030,2,wind_onshore,0.025933709151141165
25,1,2030,1,demand,0.7679129561959057
25,2,2030,1,demand,0.7498633689467086
25,3,2030,1,demand,0.7314422881147058
25,4,2030,1,demand,0.7313815632021318
25,5,2030,1,demand,0.7307243053248604
25,6,2030,1,demand,0.7176005801015177
25,7,2030,1,demand,0.7844837132212423
25,8,2030,1,demand,0.7655696889812861
25,9,2030,1,demand,0.9054155905854954
25,10,2030,1,demand,0.9493447067522531
25,11,2030,1,demand,0.9430185996835161
25,12,2030,1,demand,0.9556243771231394
25,13,2030,1,demand,0.9270658079449619
25,14,2030,1,demand,0.9273301399173427
25,15,2030,1,demand,0.9330489978603399
25,16,2030,1,demand,0.8999467764001557
25,17,2030,1,demand,0.8728241728016689
25,18,2030,1,demand,0.87326353540441
25,19,2030,1,demand,0.8545245417948142
25,20,2030,1,demand,0.8388432261360024
25,21,2030,1,demand,0.8008472911330912
25,22,2030,1,demand,0.7579897910705803
25,23,2030,1,demand,0.7197438123100114
25,24,2030,1,demand,0.8143889466370902
25,1,2030,1,solar,0.0
25,2,2030,1,solar,0.0
25,3,2030,1,solar,0.0
25,4,2030,1,solar,0.0
25,5,2030,1,solar,0.0
25,6,2030,1,solar,0.0
25,7,2030,1,solar,0.0
25,8,2030,1,solar,0.0
25,9,2030,1,solar,0.0001375
25,10,2030,1,solar,0.0190725
25,11,2030,1,solar,0.06303750000000001
25,12,2030,1,solar,0.1014925
25,13,2030,1,solar,0.119315
25,14,2030,1,solar,0.124665
25,15,2030,1,solar,0.13271249999999998
25,16,2030,1,solar,0.103025
25,17,2030,1,solar,0.021365000000000002
25,18,2030,1,solar,0.0
25,19,2030,1,solar,0.0
25,20,2030,1,solar,0.0
25,21,2030,1,solar,0.0
25,22,2030,1,solar,0.0
25,23,2030,1,solar,0.0
25,24,2030,1,solar,0.0
25,1,2030,1,wind_offshore,0.9474959918483175
25,2,2030,1,wind_offshore,0.9507330989802261
25,3,2030,1,wind_offshore,0.9507878941978629
25,4,2030,1,wind_offshore,0.9483285706978629
25,5,2030,1,wind_offshore,0.9468187236319086
25,6,2030,1,wind_offshore,0.9468239001319086
25,7,2030,1,wind_offshore,0.9468239001319086
25,8,2030,1,wind_offshore,0.9451206532638171
25,9,2030,1,wind_offshore,0.94801960646168
25,10,2030,1,wind_offshore,0.9455551064616802
25,11,2030,1,wind_offshore,0.9453086886283468
25,12,2030,1,wind_offshore,0.9434668377394579
25,13,2030,1,wind_offshore,0.940418236084009
25,14,2030,1,wind_offshore,0.9402538048303448
25,15,2030,1,wind_offshore,0.9368783819212315
25,16,2030,1,wind_offshore,0.9396415597871939
25,17,2030,1,wind_offshore,0.9378272917740113
25,18,2030,1,wind_offshore,0.9358639533471365
25,19,2030,1,wind_offshore,0.9350284005276818
25,20,2030,1,wind_offshore,0.9316393911087666
25,21,2030,1,wind_offshore,0.9309650885726343
25,22,2030,1,wind_offshore,0.9263921982994586
25,23,2030,1,wind_offshore,0.9185127192107952
25,24,2030,1,wind_offshore,0.9093967823620754
25,1,2030,1,wind_onshore,0.8976787242092962
25,2,2030,1,wind_onshore,0.9019368500800907
25,3,2030,1,wind_onshore,0.9056239552298262
25,4,2030,1,wind_onshore,0.9090668893602742
25,5,2030,1,wind_onshore,0.9112215052846858
25,6,2030,1,wind_onshore,0.9133063708084972
25,7,2030,1,wind_onshore,0.9091370908601648
25,8,2030,1,wind_onshore,0.9090704944151036
25,9,2030,1,wind_onshore,0.9094692847159117
25,10,2030,1,wind_onshore,0.909035691404667
25,11,2030,1,wind_onshore,0.9066978008208377
25,12,2030,1,wind_onshore,0.9038769854606321
25,13,2030,1,wind_onshore,0.9028931287177435
25,14,2030,1,wind_onshore,0.9005419016250247
25,15,2030,1,wind_onshore,0.8996425394138547
25,16,2030,1,wind_onshore,0.898210005054967
25,17,2030,1,wind_onshore,0.8923889818956096
25,18,2030,1,wind_onshore,0.8795246260165207
25,19,2030,1,wind_onshore,0.866896570840836
25,20,2030,1,wind_onshore,0.836148969808443
25,21,2030,1,wind_onshore,0.7808602572733558
25,22,2030,1,wind_onshore,0.7290801467884003
25,23,2030,1,wind_onshore,0.6935069258068047
25,24,2030,1,wind_onshore,0.6733759140886534
26,1,2030,1,demand,0.6208657943711579
26,2,2030,1,demand,0.600008572928834
26,3,2030,1,demand,0.5935895924643956
26,4,2030,1,demand,0.5973581090976635
26,5,2030,1,demand,0.6011623462677397
26,6,2030,1,demand,0.590013966729892
26,7,2030,1,demand,0.6439198288271876
26,8,2030,1,demand,0.7287489596393656
26,9,2030,1,demand,0.7940175244953581
26,10,2030,1,demand,0.8376358719918844
26,11,2030,1,demand,0.8563141406889062
26,12,2030,1,demand,0.8479019542705688
26,13,2030,1,demand,0.8545066815264101
26,14,2030,1,demand,0.8561355380048651
26,15,2030,1,demand,0.8545959828684306
26,16,2030,1,demand,0.8390361170347669
26,17,2030,1,demand,0.797103778875589
26,18,2030,1,demand,0.7959035688388326
26,19,2030,1,demand,0.7695596729427651
26,20,2030,1,demand,0.7532282435140436
26,21,2030,1,demand,0.749934810020325
26,22,2030,1,demand,0.7215798479019543
26,23,2030,1,demand,0.6702422924011703
26,24,2030,1,demand,0.6226482491578883
26,1,2030,1,solar,0.0
26,2,2030,1,solar,0.0
26,3,2030,1,solar,0.0
26,4,2030,1,solar,0.0
26,5,2030,1,solar,0.0
26,6,2030,1,solar,0.0090725
26,7,2030,1,solar,0.14625
26,8,2030,1,solar,0.38635250000000004
26,9,2030,1,solar,0.5399575
26,10,2030,1,solar,0.6028899999999999
26,11,2030,1,solar,0.6126674999999999
26,12,2030,1,solar,0.60166
26,13,2030,1,solar,0.594665
26,14,2030,1,solar,0.58941
26,15,2030,1,solar,0.5813225000000001
26,16,2030,1,solar,0.5786999999999999
26,17,2030,1,solar,0.5501475000000001
26,18,2030,1,solar,0.4598225
26,19,2030,1,solar,0.2462725
26,20,2030,1,solar,0.0317575
26,21,2030,1,solar,0.0
26,22,2030,1,solar,0.0
26,23,2030,1,solar,0.0
26,24,2030,1,solar,0.0
26,1,2030,1,wind_offshore,0.051435386872719764
26,2,2030,1,wind_offshore,0.047180753867500966
26,3,2030,1,wind_offshore,0.040845545326907956
26,4,2030,1,wind_offshore,0.03404414806749494
26,5,2030,1,wind_offshore,0.02721457777584286
26,6,2030,1,wind_offshore,0.02067397781270168
26,7,2030,1,wind_offshore,0.016037922782569873
26,8,2030,1,wind_offshore,0.011845482261121625
26,9,2030,1,wind_offshore,0.010048989161796907
26,10,2030,1,wind_offshore,0.009269494562864373
26,11,2030,1,wind_offshore,0.011958751816455265
26,12,2030,1,wind_offshore,0.01391165772382315
26,13,2030,1,wind_offshore,0.023362518748225584
26,14,2030,1,wind_offshore,0.04618221162909668
26,15,2030,1,wind_offshore,0.08522648911515329
26,16,2030,1,wind_offshore,0.15425117975036956
26,17,2030,1,wind_offshore,0.28179945407912177
26,18,2030,1,wind_offshore,0.4331138652675274
26,19,2030,1,wind_offshore,0.5838043168816922
26,20,2030,1,wind_offshore,0.6945784482521039
26,21,2030,1,wind_offshore,0.7289291401328502
26,22,2030,1,wind_offshore,0.7466337050331202
26,23,2030,1,wind_offshore,0.7532854496474595
26,24,2030,1,wind_offshore,0.7464843439831932
26,1,2030,1,wind_onshore,0.017519336136460232
26,2,2030,1,wind_onshore,0.015128476611575297
26,3,2030,1,wind_onshore,0.01082992843905281
26,4,2030,1,wind_onshore,0.007925130173419156
26,5,2030,1,wind_onshore,0.005632359550064342
26,6,2030,1,wind_onshore,0.003288712055744776
26,7,2030,1,wind_onshore,0.001328865014611063
26,8,2030,1,wind_onshore,0.0003663682336888214
26,9,2030,1,wind_onshore,0.0002609111864474635
26,10,2030,1,wind_onshore,0.0005706378762786068
26,11,2030,1,wind_onshore,0.0025458828198969405
26,12,2030,1,wind_onshore,0.007510369059708794
26,13,2030,1,wind_onshore,0.020599463916121077
26,14,2030,1,wind_onshore,0.0446506839224305
26,15,2030,1,wind_onshore,0.08269961390229337
26,16,2030,1,wind_onshore,0.13393443210124353
26,17,2030,1,wind_onshore,0.2092135383961447
26,18,2030,1,wind_onshore,0.3112987976958491
26,19,2030,1,wind_onshore,0.4309686441066534
26,20,2030,1,wind_onshore,0.47216824624487286
26,21,2030,1,wind_onshore,0.465630222504174
26,22,2030,1,wind_onshore,0.44293788158465736
26,23,2030,1,wind_onshore,0.44753344353467694
26,24,2030,1,wind_onshore,0.44376437009850606
27,1,2030,1,demand,0.6568292308296809
27,2,2030,1,demand,0.6373401059471122
27,3,2030,1,demand,0.6217838121671293
27,4,2030,1,demand,0.6224089215612733
27,5,2030,1,demand,0.6238163107115173
27,6,2030,1,demand,0.6455486853056428
27,7,2030,1,demand,0.7034088108276092
27,8,2030,1,demand,0.6953288254015881
27,9,2030,1,demand,0.8199792106475777
27,10,2030,1,demand,0.8522527156538109
27,11,2030,1,demand,0.8486342252751374
27,12,2030,1,demand,0.8485056313426279
27,13,2030,1,demand,0.8296201835321181
27,14,2030,1,demand,0.835424770763455
27,15,2030,1,demand,0.8465981546770684
27,16,2030,1,demand,0.8341066829552315
27,17,2030,1,demand,0.8235512643284004
27,18,2030,1,demand,0.835485495676029
27,19,2030,1,demand,0.8182896292565485
27,20,2030,1,demand,0.7951355772974558
27,21,2030,1,demand,0.7645945183264214
27,22,2030,1,demand,0.7208547210047473
27,23,2030,1,demand,0.673871498940886
27,24,2030,1,demand,0.7549571174955617
27,1,2030,1,solar,0.0
27,2,2030,1,solar,0.0
27,3,2030,1,solar,0.0
27,4,2030,1,solar,0.0
27,5,2030,1,solar,0.0
27,6,2030,1,solar,0.0
27,7,2030,1,solar,0.0
27,8,2030,1,solar,0.0
27,9,2030,1,solar,0.0
27,10,2030,1,solar,0.0035575
27,11,2030,1,solar,0.011322500000000001
27,12,2030,1,solar,0.0201525
27,13,2030,1,solar,0.029455000000000002
27,14,2030,1,solar,0.0261025
27,15,2030,1,solar,0.017905
27,16,2030,1,solar,0.0081725
27,17,2030,1,solar,0.000395
27,18,2030,1,solar,0.0
27,19,2030,1,solar,0.0
27,20,2030,1,solar,0.0
27,21,2030,1,solar,0.0
27,22,2030,1,solar,0.0
27,23,2030,1,solar,0.0
27,24,2030,1,solar,0.0
27,1,2030,1,wind_offshore,0.9231882605195199
27,2,2030,1,wind_offshore,0.9225778665235878
27,3,2030,1,wind_offshore,0.9237441040742304
27,4,2030,1,wind_offshore,0.9212440032554655
27,5,2030,1,wind_offshore,0.9137219969705401
27,6,2030,1,wind_offshore,0.8936298403644043
27,7,2030,1,wind_offshore,0.8628065598741612
27,8,2030,1,wind_offshore,0.7971429980483115
27,9,2030,1,wind_offshore,0.6641945412105953
27,10,2030,1,wind_offshore,0.5305835299377366
27,11,2030,1,wind_offshore,0.36814493703676415
27,12,2030,1,wind_offshore,0.2558060525523623
27,13,2030,1,wind_offshore,0.19216977500998078
27,14,2030,1,wind_offshore,0.1486281379683556
27,15,2030,1,wind_offshore,0.11027191346310855
27,16,2030,1,wind_offshore,0.0808804727817944
27,17,2030,1,wind_offshore,0.060451076339370885
27,18,2030,1,wind_offshore,0.04635607939130433
27,19,2030,1,wind_offshore,0.03828562534497106
27,20,2030,1,wind_offshore,0.028072045448144067
27,21,2030,1,wind_offshore,0.018488675547886857
27,22,2030,1,wind_offshore,0.012459997318114393
27,23,2030,1,wind_offshore,0.010285958460874288
27,24,2030,1,wind_offshore,0.008353680424916046
27,1,2030,1,wind_onshore,0.49619590152157816
27,2,2030,1,wind_onshore,0.48420033303038795
27,3,2030,1,wind_onshore,0.47235832295636154
27,4,2030,1,wind_onshore,0.45541639883019513
27,5,2030,1,wind_onshore,0.4373467952228605
27,6,2030,1,wind_onshore,0.4156417566661136
27,7,2030,1,wind_onshore,0.39950648934886546
27,8,2030,1,wind_onshore,0.3999028275055417
27,9,2030,1,wind_onshore,0.3839567957273977
27,10,2030,1,wind_onshore,0.32757047596938627
27,11,2030,1,wind_onshore,0.2308115287087775
27,12,2030,1,wind_onshore,0.1441342932844
27,13,2030,1,wind_onshore,0.08884928580728356
27,14,2030,1,wind_onshore,0.05357889426656354
27,15,2030,1,wind_onshore,0.03473213499406947
27,16,2030,1,wind_onshore,0.019801697077397023
27,17,2030,1,wind_onshore,0.014229111898065042
27,18,2030,1,wind_onshore,0.009833561792061173
27,19,2030,1,wind_onshore,0.005032423165438994
27,20,2030,1,wind_onshore,0.0032703744900678846
27,21,2030,1,wind_onshore,0.002437999062817421
27,22,2030,1,wind_onshore,0.0024513046393688414
27,23,2030,1,wind_onshore,0.001961285261047976
27,24,2030,1,wind_onshore,0.001667305664057725
28,1,2030,1,demand,0.6763969408932278
28,2,2030,1,demand,0.6533786269740063
28,3,2030,1,demand,0.6448128422473933
28,4,2030,1,demand,0.6479883979696447
28,5,2030,1,demand,0.6620587174184055
28,6,2030,1,demand,0.7287489596393656
28,7,2030,1,demand,0.7301706370043329
28,8,2030,1,demand,0.8770391961450397
28,9,2030,1,demand,0.9351779418541103
28,10,2030,1,demand,0.9402859786176868
28,11,2030,1,demand,0.9354565620412144
28,12,2030,1,demand,0.9110022825423021
28,13,2030,1,demand,0.9076302638676055
28,14,2030,1,demand,0.913624169944026
28,15,2030,1,demand,0.8985643916256775
28,16,2030,1,demand,0.8789288125421949
28,17,2030,1,demand,0.8716561112480399
28,18,2030,1,demand,0.8606363256427018
28,19,2030,1,demand,0.8539958778500524
28,20,2030,1,demand,0.8251872649142172
28,21,2030,1,demand,0.7745212555054277
28,22,2030,1,demand,0.7155002125371941
28,23,2030,1,demand,0.7917671306764398
28,24,2030,1,demand,0.7354179838614615
28,1,2030,1,solar,0.0
28,2,2030,1,solar,0.0
28,3,2030,1,solar,0.0
28,4,2030,1,solar,0.0
28,5,2030,1,solar,0.0
28,6,2030,1,solar,0.0
28,7,2030,1,solar,0.0
28,8,2030,1,solar,0.0
28,9,2030,1,solar,0.0009375
28,10,2030,1,solar,0.037905
28,11,2030,1,solar,0.09861249999999999
28,12,2030,1,solar,0.12088750000000001
28,13,2030,1,solar,0.1205725
28,14,2030,1,solar,0.117495
28,15,2030,1,solar,0.10668
28,16,2030,1,solar,0.045935
28,17,2030,1,solar,0.0013900000000000002
28,18,2030,1,solar,0.0
28,19,2030,1,solar,0.0
28,20,2030,1,solar,0.0
28,21,2030,1,solar,0.0
28,22,2030,1,solar,0.0
28,23,2030,1,solar,0.0
28,24,2030,1,solar,0.0
28,1,2030,1,wind_offshore,0.23484195882816417
28,2,2030,1,wind_offshore,0.23806373045623513
28,3,2030,1,wind_offshore,0.27988996978073843
28,4,2030,1,wind_offshore,0.37869586728644183
28,5,2030,1,wind_offshore,0.4885973979902
28,6,2030,1,wind_offshore,0.6524886124702667
28,7,2030,1,wind_offshore,0.8065428182902514
28,8,2030,1,wind_offshore,0.9092455719611459
28,9,2030,1,wind_offshore,0.9437582402323236
28,10,2030,1,wind_offshore,0.9502409783609267
28,11,2030,1,wind_offshore,0.9487524212372882
28,12,2030,1,wind_offshore,0.950911203942029
28,13,2030,1,wind_offshore,0.9537007019248341
28,14,2030,1,wind_offshore,0.9512397711422255
28,15,2030,1,wind_offshore,0.9506245341132399
28,16,2030,1,wind_offshore,0.9507217062914106
28,17,2030,1,wind_offshore,0.9507331755022516
28,18,2030,1,wind_offshore,0.9507446447130924
28,19,2030,1,wind_offshore,0.9507446447130924
28,20,2030,1,wind_offshore,0.9489333375757797
28,21,2030,1,wind_offshore,0.9503890525215755
28,22,2030,1,wind_offshore,0.9529662714231857
28,23,2030,1,wind_offshore,0.9528448895431398
28,24,2030,1,wind_offshore,0.9550298381366662
28,1,2030,1,wind_onshore,0.050424253637080516
28,2,2030,1,wind_onshore,0.04598078817259845
28,3,2030,1,wind_onshore,0.046488532043369266
28,4,2030,1,wind_onshore,0.05116644343703526
28,5,2030,1,wind_onshore,0.06821952179460766
28,6,2030,1,wind_onshore,0.09610542583350806
28,7,2030,1,wind_onshore,0.15602746706825066
28,8,2030,1,wind_onshore,0.25004307560660294
28,9,2030,1,wind_onshore,0.3942400649298312
28,10,2030,1,wind_onshore,0.5394597859812252
28,11,2030,1,wind_onshore,0.6505921427490805
28,12,2030,1,wind_onshore,0.7210787259640985
28,13,2030,1,wind_onshore,0.7990730141033362
28,14,2030,1,wind_onshore,0.8369844886924881
28,15,2030,1,wind_onshore,0.8631915083689511
28,16,2030,1,wind_onshore,0.8799933492772688
28,17,2030,1,wind_onshore,0.8888275466379102
28,18,2030,1,wind_onshore,0.8998214077529356
28,19,2030,1,wind_onshore,0.9020139469194222
28,20,2030,1,wind_onshore,0.9007041357122525
28,21,2030,1,wind_onshore,0.8947699697601201
28,22,2030,1,wind_onshore,0.8802614661389925
28,23,2030,1,wind_onshore,0.8767775186967636
28,24,2030,1,wind_onshore,0.8750304306847029
29,1,2030,1,demand,0.7472593418133887
29,2,2030,1,demand,0.7180292265432165
29,3,2030,1,demand,0.7050090908766177
29,4,2030,1,demand,0.7048769248904272
29,5,2030,1,demand,0.7058342352768878
29,6,2030,1,demand,0.6907744569585392
29,7,2030,1,demand,0.7335605159474337
29,8,2030,1,demand,0.8071555379334242
29,9,2030,1,demand,0.8451729052584203
29,10,2030,1,demand,0.8780393711756701
29,11,2030,1,demand,0.9015184800197177
29,12,2030,1,demand,0.8907880307625263
29,13,2030,1,demand,0.8839404038563892
29,14,2030,1,demand,0.8772749516879741
29,15,2030,1,demand,0.8694271497512065
29,16,2030,1,demand,0.8953781197423836
29,17,2030,1,demand,0.9333990591210605
29,18,2030,1,demand,0.918921525552686
29,19,2030,1,demand,0.8995717107636694
29,20,2030,1,demand,0.8806076777721816
29,21,2030,1,demand,0.8487985397444554
29,22,2030,1,demand,0.8185039524773978
29,23,2030,1,demand,0.7868984215094784
29,24,2030,1,demand,0.7412761518980107
29,1,2030,1,solar,0.0
29,2,2030,1,solar,0.0
29,3,2030,1,solar,0.0
29,4,2030,1,solar,0.0
29,5,2030,1,solar,0.0
29,6,2030,1,solar,0.0
29,7,2030,1,solar,0.0
29,8,2030,1,solar,0.0
29,9,2030,1,solar,0.000145
29,10,2030,1,solar,0.0318475
29,11,2030,1,solar,0.11591
29,12,2030,1,solar,0.13085000000000002
29,13,2030,1,solar,0.133
29,14,2030,1,solar,0.1709725
29,15,2030,1,solar,0.198155
29,16,2030,1,solar,0.0642775
29,17,2030,1,solar,0.00079
29,18,2030,1,solar,0.0
29,19,2030,1,solar,0.0
29,20,2030,1,solar,0.0
29,21,2030,1,solar,0.0
29,22,2030,1,solar,0.0
29,23,2030,1,solar,0.0
29,24,2030,1,solar,0.0
29,1,2030,1,wind_offshore,0.9047102746609352
29,2,2030,1,wind_offshore,0.9155409252927253
29,3,2030,1,wind_offshore,0.916648250156977
29,4,2030,1,wind_offshore,0.9131599897331963
29,5,2030,1,wind_offshore,0.8940891966427361
29,6,2030,1,wind_offshore,0.8403323188224024
29,7,2030,1,wind_offshore,0.7106014663762124
29,8,2030,1,wind_offshore,0.46499754312984865
29,9,2030,1,wind_offshore,0.26778446808072054
29,10,2030,1,wind_offshore,0.1525112119483059
29,11,2030,1,wind_offshore,0.10619619968046344
29,12,2030,1,wind_offshore,0.10882245547844177
29,13,2030,1,wind_offshore,0.169891447199423
29,14,2030,1,wind_offshore,0.32241345381421427
29,15,2030,1,wind_offshore,0.5681171288403101
29,16,2030,1,wind_offshore,0.7865834378907226
29,17,2030,1,wind_offshore,0.8781587654150389
29,18,2030,1,wind_offshore,0.9075162588758485
29,19,2030,1,wind_offshore,0.926048424326548
29,20,2030,1,wind_offshore,0.9324156234551706
29,21,2030,1,wind_offshore,0.9321134451790715
29,22,2030,1,wind_offshore,0.9312996181508228
29,23,2030,1,wind_offshore,0.93175997686367
29,24,2030,1,wind_offshore,0.9292561962022388
29,1,2030,1,wind_onshore,0.39519659650838157
29,2,2030,1,wind_onshore,0.3796549847878081
29,3,2030,1,wind_onshore,0.38051393498248526
29,4,2030,1,wind_onshore,0.3753891030795478
29,5,2030,1,wind_onshore,0.37176940192383223
29,6,2030,1,wind_onshore,0.33258713919672594
29,7,2030,1,wind_onshore,0.26383774084940503
29,8,2030,1,wind_onshore,0.1661675366024908
29,9,2030,1,wind_onshore,0.09232990540403628
29,10,2030,1,wind_onshore,0.06228998580842085
29,11,2030,1,wind_onshore,0.04940811651366585
29,12,2030,1,wind_onshore,0.0489410825075756
29,13,2030,1,wind_onshore,0.05796063290151563
29,14,2030,1,wind_onshore,0.06954471623078631
29,15,2030,1,wind_onshore,0.0854454063655598
29,16,2030,1,wind_onshore,0.12638059110133879
29,17,2030,1,wind_onshore,0.2093845480105634
29,18,2030,1,wind_onshore,0.34779167008295797
29,19,2030,1,wind_onshore,0.5234104016005227
29,20,2030,1,wind_onshore,0.7090512688356719
29,21,2030,1,wind_onshore,0.819499827439153
29,22,2030,1,wind_onshore,0.8651564225800894
29,23,2030,1,wind_onshore,0.8823431104919146
29,24,2030,1,wind_onshore,0.8602652749757922
30,1,2030,1,demand,0.5835699818896879
30,2,2030,1,demand,0.5615161224642885
30,3,2030,1,demand,0.5521894903036604
30,4,2030,1,demand,0.545202553303971
30,5,2030,1,demand,0.5321931337984147
30,6,2030,1,demand,0.49637972359448623
30,7,2030,1,demand,0.5388121492689792
30,8,2030,1,demand,0.5804944436704995
30,9,2030,1,demand,0.6289850723876679
30,10,2030,1,demand,0.6549646188082915
30,11,2030,1,demand,0.6782365485388514
30,12,2030,1,demand,0.6940107375933646
30,13,2030,1,demand,0.7097527781647502
30,14,2030,1,demand,0.7035231165453955
30,15,2030,1,demand,0.702969448224868
30,16,2030,1,demand,0.6929712699722451
30,17,2030,1,demand,0.7019264085500677
30,18,2030,1,demand,0.6946072705580619
30,19,2030,1,demand,0.6784330114912968
30,20,2030,1,demand,0.6599404895856775
30,21,2030,1,demand,0.6425160117306243
30,22,2030,1,demand,0.6313569160317342
30,23,2030,1,demand,0.6029162246250237
30,24,2030,1,demand,0.5543077181363881
30,1,2030,1,solar,0.0
30,2,2030,1,solar,0.0
30,3,2030,1,solar,0.0
30,4,2030,1,solar,0.0
30,5,2030,1,solar,0.0018549999999999999
30,6,2030,1,solar,0.027237499999999998
30,7,2030,1,solar,0.08865999999999999
30,8,2030,1,solar,0.16615999999999997
30,9,2030,1,solar,0.269665
30,10,2030,1,solar,0.395445
30,11,2030,1,solar,0.492335
30,12,2030,1,solar,0.557195
30,13,2030,1,solar,0.5565825000000001
30,14,2030,1,solar,0.5514074999999999
30,15,2030,1,solar,0.5393125
30,16,2030,1,solar,0.505755
30,17,2030,1,solar,0.4514025
30,18,2030,1,solar,0.37743999999999994
30,19,2030,1,solar,0.2451575
30,20,2030,1,solar,0.08705
30,21,2030,1,solar,0.011175000000000001
30,22,2030,1,solar,0.0
30,23,2030,1,solar,0.0
30,24,2030,1,solar,0.0
30,1,2030,1,wind_offshore,0.9400026454422035
30,2,2030,1,wind_offshore,0.9482861569788232
30,3,2030,1,wind_offshore,0.9483366867302743
30,4,2030,1,wind_offshore,0.9436433265259797
30,5,2030,1,wind_offshore,0.9373860572363442
30,6,2030,1,wind_offshore,0.9222275804251896
30,7,2030,1,wind_offshore,0.9007219112686009
30,8,2030,1,wind_offshore,0.8714722812950393
30,9,2030,1,wind_offshore,0.8518570012179597
30,10,2030,1,wind_offshore,0.8373291792555929
30,11,2030,1,wind_offshore,0.8028957580236633
30,12,2030,1,wind_offshore,0.7883633273680265
30,13,2030,1,wind_offshore,0.813057363754804
30,14,2030,1,wind_offshore,0.8443540748102346
30,15,2030,1,wind_offshore,0.8703195905190502
30,16,2030,1,wind_offshore,0.8892055613603042
30,17,2030,1,wind_offshore,0.8960935319464117
30,18,2030,1,wind_offshore,0.8978331528369037
30,19,2030,1,wind_offshore,0.900363901995044
30,20,2030,1,wind_offshore,0.8973927710760146
30,21,2030,1,wind_offshore,0.9021234662086776
30,22,2030,1,wind_offshore,0.9091052272328537
30,23,2030,1,wind_offshore,0.9255960099106003
30,24,2030,1,wind_offshore,0.940319037041623
30,1,2030,1,wind_onshore,0.3073644468206417
30,2,2030,1,wind_onshore,0.3851390510964346
30,3,2030,1,wind_onshore,0.4875561852442116
30,4,2030,1,wind_onshore,0.526398793257812
30,5,2030,1,wind_onshore,0.5032618229947686
30,6,2030,1,wind_onshore,0.39101072288327376
30,7,2030,1,wind_onshore,0.34175476017642387
30,8,2030,1,wind_onshore,0.33175717274874766
30,9,2030,1,wind_onshore,0.34332079440803587
30,10,2030,1,wind_onshore,0.36914182963190706
30,11,2030,1,wind_onshore,0.35235329300558144
30,12,2030,1,wind_onshore,0.3347356535083771
30,13,2030,1,wind_onshore,0.33656398888559397
30,14,2030,1,wind_onshore,0.33874690983824346
30,15,2030,1,wind_onshore,0.3289635137897406
30,16,2030,1,wind_onshore,0.31639322575602985
30,17,2030,1,wind_onshore,0.2881900388395533
30,18,2030,1,wind_onshore,0.25080626813958856
30,19,2030,1,wind_onshore,0.21976313624012705
30,20,2030,1,wind_onshore,0.21683388670109244
30,21,2030,1,wind_onshore,0.2120040964608696
30,22,2030,1,wind_onshore,0.23625413879759735
30,23,2030,1,wind_onshore,0.2970901457289459
30,24,2030,1,wind_onshore,0.362330436726817
31,1,2030,1,demand,0.5454025883100971
31,2,2030,1,demand,0.5228986501209141
31,3,2030,1,demand,0.516693992877325
31,4,2030,1,demand,0.5147436515675957
31,5,2030,1,demand,0.5144864637025766
31,6,2030,1,demand,0.5772224424988659
31,7,2030,1,demand,0.6040914302860143
31,8,2030,1,demand,0.7355501498476519
31,9,2030,1,demand,0.791177741819104
31,10,2030,1,demand,0.8212151412211424
31,11,2030,1,demand,0.8362356269490019
31,12,2030,1,demand,0.8133351908012475
31,13,2030,1,demand,0.820918660765634
31,14,2030,1,demand,0.8172144410986208
31,15,2030,1,demand,0.8039192572985987
31,16,2030,1,demand,0.7540069512164629
31,17,2030,1,demand,0.6999046261667221
31,18,2030,1,demand,0.6654736007372719
31,19,2030,1,demand,0.6485349221828106
31,20,2030,1,demand,0.6198727634478892
31,21,2030,1,demand,0.582719833113652
31,22,2030,1,demand,0.5628877910777244
31,23,2030,1,demand,0.6257059271086727
31,24,2030,1,demand,0.5791727838085952
31,1,2030,1,solar,0.0
31,2,2030,1,solar,0.0
31,3,2030,1,solar,0.0
31,4,2030,1,solar,0.0
31,5,2030,1,solar,0.0058075
31,6,2030,1,solar,0.1186875
31,7,2030,1,solar,0.37334500000000004
31,8,2030,1,solar,0.52513
31,9,2030,1,solar,0.6178325
31,10,2030,1,solar,0.654045
31,11,2030,1,solar,0.65111
31,12,2030,1,solar,0.6384575
31,13,2030,1,solar,0.63095
31,14,2030,1,solar,0.6278225000000001
31,15,2030,1,solar,0.624115
31,16,2030,1,solar,0.6234575
31,17,2030,1,solar,0.605515
31,18,2030,1,solar,0.5624475
31,19,2030,1,solar,0.43779999999999997
31,20,2030,1,solar,0.184195
31,21,2030,1,solar,0.023495
31,22,2030,1,solar,0.0
31,23,2030,1,solar,0.0
31,24,2030,1,solar,0.0
31,1,2030,1,wind_offshore,0.07123349130701108
31,2,2030,1,wind_offshore,0.08633597171487689
31,3,2030,1,wind_offshore,0.0932551461791039
31,4,2030,1,wind_offshore,0.10130825518951118
31,5,2030,1,wind_offshore,0.11359617252243512
31,6,2030,1,wind_offshore,0.12678051829444023
31,7,2030,1,wind_offshore,0.13871522645907536
31,8,2030,1,wind_offshore,0.1336151829633093
31,9,2030,1,wind_offshore,0.11231457097524662
31,10,2030,1,wind_offshore,0.09578641949799392
31,11,2030,1,wind_offshore,0.07176983039404106
31,12,2030,1,wind_offshore,0.048439901809657133
31,13,2030,1,wind_offshore,0.03569327649724837
31,14,2030,1,wind_offshore,0.026625534545016736
31,15,2030,1,wind_offshore,0.019282185930561448
31,16,2030,1,wind_offshore,0.011550230521497808
31,17,2030,1,wind_offshore,0.005938084837041579
31,18,2030,1,wind_offshore,0.00398260321966665
31,19,2030,1,wind_offshore,0.0031812961504738
31,20,2030,1,wind_offshore,0.004412968453502895
31,21,2030,1,wind_offshore,0.01084967210675852
31,22,2030,1,wind_offshore,0.028222430180338477
31,23,2030,1,wind_offshore,0.040291311249488294
31,24,2030,1,wind_offshore,0.04876667336895116
31,1,2030,1,wind_onshore,0.010957027567121906
31,2,2030,1,wind_onshore,0.010485726668399488
31,3,2030,1,wind_onshore,0.012022390594257701
31,4,2030,1,wind_onshore,0.015475944592118613
31,5,2030,1,wind_onshore,0.02124927127836829
31,6,2030,1,wind_onshore,0.035776182251131675
31,7,2030,1,wind_onshore,0.030827899911062696
31,8,2030,1,wind_onshore,0.021552931860922057
31,9,2030,1,wind_onshore,0.012556624044232302
31,10,2030,1,wind_onshore,0.005908745084989289
31,11,2030,1,wind_onshore,0.0028246091863030906
31,12,2030,1,wind_onshore,0.0017390550519988115
31,13,2030,1,wind_onshore,0.0012911974595168991
31,14,2030,1,wind_onshore,0.001179749838426521
31,15,2030,1,wind_onshore,0.0005101470665136724
31,16,2030,1,wind_onshore,0.0004044894970208123
31,17,2030,1,wind_onshore,0.0002530433148221872
31,18,2030,1,wind_onshore,0.00021006265358547536
31,19,2030,1,wind_onshore,0.0002632776246072943
31,20,2030,1,wind_onshore,0.001423998715177328
31,21,2030,1,wind_onshore,0.007478230702705271
31,22,2030,1,wind_onshore,0.015233396520776167
31,23,2030,1,wind_onshore,0.022242075619947503
31,24,2030,1,wind_onshore,0.03150858683355153
32,1,2030,1,demand,0.7179577854696001
32,2,2030,1,demand,0.6986436912173916
32,3,2030,1,demand,0.6803512043178985
32,4,2030,1,demand,0.6743608702951588
32,5,2030,1,demand,0.6803404881568561
32,6,2030,1,demand,0.6623373376055096
32,7,2030,1,demand,0.7282881647145394
32,8,2030,1,demand,0.7261627927744498
32,9,2030,1,demand,0.8624437848051981
32,10,2030,1,demand,0.8878589467442517
32,11,2030,1,demand,0.8861443609774569
32,12,2030,1,demand,0.884851277544999
32,13,2030,1,demand,0.8609328060982101
32,14,2030,1,demand,0.87526031341199
32,15,2030,1,demand,0.8721704869780783
32,16,2030,1,demand,0.8644691392422247
32,17,2030,1,demand,0.8403720651113945
32,18,2030,1,demand,0.8328636082743052
32,19,2030,1,demand,0.8104168229440153
32,20,2030,1,demand,0.7895560294480106
32,21,2030,1,demand,0.7536961825462313
32,22,2030,1,demand,0.7217941711228038
32,23,2030,1,demand,0.6828016331429428
32,24,2030,1,demand,0.767162824922933
32,1,2030,1,solar,0.0
32,2,2030,1,solar,0.0
32,3,2030,1,solar,0.0
32,4,2030,1,solar,0.0
32,5,2030,1,solar,0.0
32,6,2030,1,solar,0.0
32,7,2030,1,solar,0.0
32,8,2030,1,solar,0.0
32,9,2030,1,solar,0.0
32,10,2030,1,solar,0.00491
32,11,2030,1,solar,0.01472
32,12,2030,1,solar,0.023960000000000002
32,13,2030,1,solar,0.03491
32,14,2030,1,solar,0.0312225
32,15,2030,1,solar,0.022320000000000003
32,16,2030,1,solar,0.01094
32,17,2030,1,solar,0.00079
32,18,2030,1,solar,0.0
32,19,2030,1,solar,0.0
32,20,2030,1,solar,0.0
32,21,2030,1,solar,0.0
32,22,2030,1,solar,0.0
32,23,2030,1,solar,0.0
32,24,2030,1,solar,0.0
32,1,2030,1,wind_offshore,0.005974891044590056
32,2,2030,1,wind_offshore,0.007656279077363602
32,3,2030,1,wind_offshore,0.016176034620691046
32,4,2030,1,wind_offshore,0.022486114629288446
32,5,2030,1,wind_offshore,0.026533737296405475
32,6,2030,1,wind_offshore,0.02959198867019825
32,7,2030,1,wind_offshore,0.04492982254623414
32,8,2030,1,wind_offshore,0.06489804033780011
32,9,2030,1,wind_offshore,0.0887542045090886
32,10,2030,1,wind_offshore,0.11390571645609077
32,11,2030,1,wind_offshore,0.13747958467403587
32,12,2030,1,wind_offshore,0.1486193575661484
32,13,2030,1,wind_offshore,0.17086864901748372
32,14,2030,1,wind_offshore,0.21068121757803393
32,15,2030,1,wind_offshore,0.25364789040471114
32,16,2030,1,wind_offshore,0.3069792886365995
32,17,2030,1,wind_offshore,0.391591149613936
32,18,2030,1,wind_offshore,0.4817298034818637
32,19,2030,1,wind_offshore,0.5573546061262588
32,20,2030,1,wind_offshore,0.6172065648223204
32,21,2030,1,wind_offshore,0.6309962658029968
32,22,2030,1,wind_offshore,0.6341700376727257
32,23,2030,1,wind_offshore,0.6238252478341413
32,24,2030,1,wind_offshore,0.6336624071030652
32,1,2030,1,wind_onshore,0.0014301528492753307
32,2,2030,1,wind_onshore,0.0014086734765363183
32,3,2030,1,wind_onshore,0.0009578406186531104
32,4,2030,1,wind_onshore,0.0009932089747981918
32,5,2030,1,wind_onshore,0.0012421588092721301
32,6,2030,1,wind_onshore,0.0018411481366365334
32,7,2030,1,wind_onshore,0.003282359614796169
32,8,2030,1,wind_onshore,0.004309373555511304
32,9,2030,1,wind_onshore,0.007153588564563389
32,10,2030,1,wind_onshore,0.011201523440478756
32,11,2030,1,wind_onshore,0.012088953781642273
32,12,2030,1,wind_onshore,0.011295345031525432
32,13,2030,1,wind_onshore,0.012666989333327747
32,14,2030,1,wind_onshore,0.01556675617701389
32,15,2030,1,wind_onshore,0.021148856964876627
32,16,2030,1,wind_onshore,0.027368073600104736
32,17,2030,1,wind_onshore,0.041295019895663775
32,18,2030,1,wind_onshore,0.06330235592894204
32,19,2030,1,wind_onshore,0.07703176628488403
32,20,2030,1,wind_onshore,0.08253589489988128
32,21,2030,1,wind_onshore,0.07965724060753454
32,22,2030,1,wind_onshore,0.08023794988812716
32,23,2030,1,wind_onshore,0.08483388973500175
32,24,2030,1,wind_onshore,0.09013020486231217
33,1,2030,1,demand,0.6339823754871389
33,2,2030,1,demand,0.6151183599987141
33,3,2030,1,demand,0.6046165221770953
33,4,2030,1,demand,0.6013695253812276
33,5,2030,1,demand,0.599344170944201
33,6,2030,1,demand,0.6259345385442452
33,7,2030,1,demand,0.6166543430814678
33,8,2030,1,demand,0.7385828234226705
33,9,2030,1,demand,0.7997078060089088
33,10,2030,1,demand,0.8105096963397166
33,11,2030,1,demand,0.7988219366960646
33,12,2030,1,demand,0.780279406038914
33,13,2030,1,demand,0.7949248261302871
33,14,2030,1,demand,0.7833442280970598
33,15,2030,1,demand,0.7759179284946295
33,16,2030,1,demand,0.7329139742312047
33,17,2030,1,demand,0.6886205085890031
33,18,2030,1,demand,0.6766612728656087
33,19,2030,1,demand,0.6921782740551025
33,20,2030,1,demand,0.719690231504799
33,21,2030,1,demand,0.6879632507117317
33,22,2030,1,demand,0.6178045443666927
33,23,2030,1,demand,0.6681919335883779
33,24,2030,1,demand,0.6310747237909492
33,1,2030,1,solar,0.0
33,2,2030,1,solar,0.0
33,3,2030,1,solar,0.0
33,4,2030,1,solar,0.0
33,5,2030,1,solar,0.0
33,6,2030,1,solar,0.0
33,7,2030,1,solar,0.00552
33,8,2030,1,solar,0.056105
33,9,2030,1,solar,0.1269075
33,10,2030,1,solar,0.18099749999999998
33,11,2030,1,solar,0.21905000000000002
33,12,2030,1,solar,0.23698249999999998
33,13,2030,1,solar,0.221665
33,14,2030,1,solar,0.1902425
33,15,2030,1,solar,0.1486975
33,16,2030,1,solar,0.0965025
33,17,2030,1,solar,0.049479999999999996
33,18,2030,1,solar,0.019625
33,19,2030,1,solar,0.0034675
33,20,2030,1,solar,0.0
33,21,2030,1,solar,0.0
33,22,2030,1,solar,0.0
33,23,2030,1,solar,0.0
33,24,2030,1,solar,0.0
33,1,2030,1,wind_offshore,0.025854329357584874
33,2,2030,1,wind_offshore,0.024574193309801467
33,3,2030,1,wind_offshore,0.02524609636878733
33,4,2030,1,wind_offshore,0.02479406228519437
33,5,2030,1,wind_offshore,0.02477982027475469
33,6,2030,1,wind_offshore,0.026357320378776684
33,7,2030,1,wind_offshore,0.033540815816041555
33,8,2030,1,wind_offshore,0.04702939453201722
33,9,2030,1,wind_offshore,0.07006193997572034
33,10,2030,1,wind_offshore,0.12096078758822343
33,11,2030,1,wind_offshore,0.18520541485083414
33,12,2030,1,wind_offshore,0.28238317594938284
33,13,2030,1,wind_offshore,0.46744550140346974
33,14,2030,1,wind_offshore,0.6708578157328821
33,15,2030,1,wind_offshore,0.832184216290648
33,16,2030,1,wind_offshore,0.9170805149495211
33,17,2030,1,wind_offshore,0.9375480407557113
33,18,2030,1,wind_offshore,0.9414502702457025
33,19,2030,1,wind_offshore,0.9444825970248459
33,20,2030,1,wind_offshore,0.9431053525673008
33,21,2030,1,wind_offshore,0.9440718652644527
33,22,2030,1,wind_offshore,0.9473514170300499
33,23,2030,1,wind_offshore,0.9515821268359579
33,24,2030,1,wind_offshore,0.9515363027178868
33,1,2030,1,wind_onshore,0.012725444041211849
33,2,2030,1,wind_onshore,0.008043041368114536
33,3,2030,1,wind_onshore,0.0053094682556504005
33,4,2030,1,wind_onshore,0.0035727238057493994
33,5,2030,1,wind_onshore,0.003060713809633757
33,6,2030,1,wind_onshore,0.0024689002078575784
33,7,2030,1,wind_onshore,0.0019707703280184585
33,8,2030,1,wind_onshore,0.0021377467422401815
33,9,2030,1,wind_onshore,0.0020101210600111056
33,10,2030,1,wind_onshore,0.0039400781775202065
33,11,2030,1,wind_onshore,0.009600376848174285
33,12,2030,1,wind_onshore,0.019661978406972147
33,13,2030,1,wind_onshore,0.04625282427992059
33,14,2030,1,wind_onshore,0.08991226725388293
33,15,2030,1,wind_onshore,0.14921070251823232
33,16,2030,1,wind_onshore,0.22626688817790452
33,17,2030,1,wind_onshore,0.3504510461330802
33,18,2030,1,wind_onshore,0.5997551025275556
33,19,2030,1,wind_onshore,0.786782582783824
33,20,2030,1,wind_onshore,0.8483149726259662
33,21,2030,1,wind_onshore,0.8627493405142975
33,22,2030,1,wind_onshore,0.8672219012723408
33,23,2030,1,wind_onshore,0.8713807516532397
33,24,2030,1,wind_onshore,0.8659305164916804
34,1,2030,1,demand,0.7066308032477112
34,2,2030,1,demand,0.6908316098174324
34,3,2030,1,demand,0.6726177080989173
34,4,2030,1,demand,0.6780722340695337
34,5,2030,1,demand,0.6788402256109105
34,6,2030,1,demand,0.663233923079396
34,7,2030,1,demand,0.7374540544595304
34,8,2030,1,demand,0.7307850302374345
34,9,2030,1,demand,0.8654871745412591
34,10,2030,1,demand,0.8999610646148791
34,11,2030,1,demand,0.9091841072187633
34,12,2030,1,demand,0.9178213330189926
34,13,2030,1,demand,0.8857335748041623
34,14,2030,1,demand,0.8981000246471705
34,15,2030,1,demand,0.9002825494461532
34,16,2030,1,demand,0.8868766319820255
34,17,2030,1,demand,0.8556318784358692
34,18,2030,1,demand,0.8230833252962125
34,19,2030,1,demand,0.8261159988712311
34,20,2030,1,demand,0.8502988022904009
34,21,2030,1,demand,0.8179038474590197
34,22,2030,1,demand,0.7626620372850963
34,23,2030,1,demand,0.6953788341531197
34,24,2030,1,demand,0.7609295912498973
34,1,2030,1,solar,0.0
34,2,2030,1,solar,0.0
34,3,2030,1,solar,0.0
34,4,2030,1,solar,0.0
34,5,2030,1,solar,0.0
34,6,2030,1,solar,0.0
34,7,2030,1,solar,0.0
34,8,2030,1,solar,0.050095
34,9,2030,1,solar,0.3389325
34,10,2030,1,solar,0.51615
34,11,2030,1,solar,0.5221025
34,12,2030,1,solar,0.488955
34,13,2030,1,solar,0.473765
34,14,2030,1,solar,0.48457000000000006
34,15,2030,1,solar,0.510065
34,16,2030,1,solar,0.534225
34,17,2030,1,solar,0.47512
34,18,2030,1,solar,0.19466250000000002
34,19,2030,1,solar,0.01223
34,20,2030,1,solar,0.0
34,21,2030,1,solar,0.0
34,22,2030,1,solar,0.0
34,23,2030,1,solar,0.0
34,24,2030,1,solar,0.0
34,1,2030,1,wind_offshore,0.9349368498269275
34,2,2030,1,wind_offshore,0.935441948713933
34,3,2030,1,wind_offshore,0.9383066478152485
34,4,2030,1,wind_offshore,0.9376401555600288
34,5,2030,1,wind_offshore,0.939174539095319
34,6,2030,1,wind_offshore,0.940411563953492
34,7,2030,1,wind_offshore,0.9434968761306802
34,8,2030,1,wind_offshore,0.9461882616900023
34,9,2030,1,wind_offshore,0.9456876292481782
34,10,2030,1,wind_offshore,0.945873547007615
34,11,2030,1,wind_offshore,0.9437388356829045
34,12,2030,1,wind_offshore,0.9403426898516853
34,13,2030,1,wind_offshore,0.9379320588335297
34,14,2030,1,wind_offshore,0.9237523002330088
34,15,2030,1,wind_offshore,0.8933546846432274
34,16,2030,1,wind_offshore,0.834781308050774
34,17,2030,1,wind_offshore,0.7537447485546934
34,18,2030,1,wind_offshore,0.6367774330224782
34,19,2030,1,wind_offshore,0.5320075459749902
34,20,2030,1,wind_offshore,0.44697213453144186
34,21,2030,1,wind_offshore,0.39918078157557757
34,22,2030,1,wind_offshore,0.3772112965942159
34,23,2030,1,wind_offshore,0.3626413999632057
34,24,2030,1,wind_offshore,0.36113630222644977
34,1,2030,1,wind_onshore,0.6588260346894091
34,2,2030,1,wind_onshore,0.6585464423192688
34,3,2030,1,wind_onshore,0.6659496921043605
34,4,2030,1,wind_onshore,0.6631473699933458
34,5,2030,1,wind_onshore,0.6479557507747805
34,6,2030,1,wind_onshore,0.6417630228952323
34,7,2030,1,wind_onshore,0.6648408812108046
34,8,2030,1,wind_onshore,0.6874679840068705
34,9,2030,1,wind_onshore,0.737978677167581
34,10,2030,1,wind_onshore,0.7719004051406961
34,11,2030,1,wind_onshore,0.7717868607165709
34,12,2030,1,wind_onshore,0.7585643446255335
34,13,2030,1,wind_onshore,0.764853788717495
34,14,2030,1,wind_onshore,0.7478907543401845
34,15,2030,1,wind_onshore,0.7113313748002426
34,16,2030,1,wind_onshore,0.6567001396131275
34,17,2030,1,wind_onshore,0.5929794076659333
34,18,2030,1,wind_onshore,0.5121483194574751
34,19,2030,1,wind_onshore,0.40259700044142754
34,20,2030,1,wind_onshore,0.32752179926357605
34,21,2030,1,wind_onshore,0.2778801206106368
34,22,2030,1,wind_onshore,0.23965250797868726
34,23,2030,1,wind_onshore,0.22381206950365443
34,24,2030,1,wind_onshore,0.21205907638506938
35,1,2030,1,demand,0.5575832913617026
35,2,2030,1,demand,0.5341006104639741
35,3,2030,1,demand,0.5240952881039896
35,4,2030,1,demand,0.5178691985383156
35,5,2030,1,demand,0.5066529499805323
35,6,2030,1,demand,0.5172869537883416
35,7,2030,1,demand,0.5651167525745577
35,8,2030,1,demand,0.6355040703551693
35,9,2030,1,demand,0.6802154662780273
35,10,2030,1,demand,0.7299598858371644
35,11,2030,1,demand,0.7337141142557091
35,12,2030,1,demand,0.746573507506671
35,13,2030,1,demand,0.7407189115238024
35,14,2030,1,demand,0.7367074952402385
35,15,2030,1,demand,0.736253844422774
35,16,2030,1,demand,0.7082346553504006
35,17,2030,1,demand,0.7086347253626527
35,18,2030,1,demand,0.6948251658325922
35,19,2030,1,demand,0.6826408907273058
35,20,2030,1,demand,0.6727498740851078
35,21,2030,1,demand,0.6623802022496795
35,22,2030,1,demand,0.6370757739747314
35,23,2030,1,demand,0.6028376394440456
35,24,2030,1,demand,0.5660633467999757
35,1,2030,1,solar,0.0
35,2,2030,1,solar,0.0
35,3,2030,1,solar,0.0
35,4,2030,1,solar,0.0
35,5,2030,1,solar,3.25e-5
35,6,2030,1,solar,0.006540000000000001
35,7,2030,1,solar,0.03141
35,8,2030,1,solar,0.067275
35,9,2030,1,solar,0.13028
35,10,2030,1,solar,0.22827750000000002
35,11,2030,1,solar,0.326735
35,12,2030,1,solar,0.4056125
35,13,2030,1,solar,0.4092375
35,14,2030,1,solar,0.39344500000000004
35,15,2030,1,solar,0.3624575
35,16,2030,1,solar,0.3256025
35,17,2030,1,solar,0.2761175
35,18,2030,1,solar,0.21485499999999996
35,19,2030,1,solar,0.1552425
35,20,2030,1,solar,0.058535000000000004
35,21,2030,1,solar,0.0027549999999999996
35,22,2030,1,solar,0.0
35,23,2030,1,solar,0.0
35,24,2030,1,solar,0.0
35,1,2030,1,wind_offshore,0.9528356586194844
35,2,2030,1,wind_offshore,0.9532043551145198
35,3,2030,1,wind_offshore,0.9535956275990747
35,4,2030,1,wind_offshore,0.9562139647540735
35,5,2030,1,wind_offshore,0.959374365857406
35,6,2030,1,wind_offshore,0.959389895357406
35,7,2030,1,wind_offshore,0.9590682719233603
35,8,2030,1,wind_offshore,0.9588217719233603
35,9,2030,1,wind_offshore,0.9588217719233603
35,10,2030,1,wind_offshore,0.9603471484893146
35,11,2030,1,wind_offshore,0.9603441834376483
35,12,2030,1,wind_offshore,0.9603441834376483
35,13,2030,1,wind_offshore,0.9629582719233603
35,14,2030,1,wind_offshore,0.9629582719233603
35,15,2030,1,wind_offshore,0.9629582719233603
35,16,2030,1,wind_offshore,0.9629403838644066
35,17,2030,1,wind_offshore,0.965023718385982
35,18,2030,1,wind_offshore,0.9648741787747481
35,19,2030,1,wind_offshore,0.9648091659605339
35,20,2030,1,wind_offshore,0.9641613633994923
35,21,2030,1,wind_offshore,0.9641062169154999
35,22,2030,1,wind_offshore,0.9593099862137067
35,23,2030,1,wind_offshore,0.9598810584079259
35,24,2030,1,wind_offshore,0.9583615793623187
35,1,2030,1,wind_onshore,0.8528003627833632
35,2,2030,1,wind_onshore,0.858487739034502
35,3,2030,1,wind_onshore,0.8718405406936771
35,4,2030,1,wind_onshore,0.8903985274675406
35,5,2030,1,wind_onshore,0.9047192611286232
35,6,2030,1,wind_onshore,0.9103632656040221
35,7,2030,1,wind_onshore,0.9050878994556436
35,8,2030,1,wind_onshore,0.8990715031451221
35,9,2030,1,wind_onshore,0.8937851761366622
35,10,2030,1,wind_onshore,0.9053951502095722
35,11,2030,1,wind_onshore,0.9028291659703895
35,12,2030,1,wind_onshore,0.9081628083408493
35,13,2030,1,wind_onshore,0.9003124610193666
35,14,2030,1,wind_onshore,0.8906365226851225
35,15,2030,1,wind_onshore,0.8905261186231215
35,16,2030,1,wind_onshore,0.8985649808800138
35,17,2030,1,wind_onshore,0.8818819302981682
35,18,2030,1,wind_onshore,0.8854655145218465
35,19,2030,1,wind_onshore,0.9021530614642135
35,20,2030,1,wind_onshore,0.904448742543407
35,21,2030,1,wind_onshore,0.9026798966283175
35,22,2030,1,wind_onshore,0.9093066001356402
35,23,2030,1,wind_onshore,0.90729619080442
35,24,2030,1,wind_onshore,0.9101738460885054
36,1,2030,1,demand,0.75751113587735
36,2,2030,1,demand,0.7375362116941895
36,3,2030,1,demand,0.7167575754328437
36,4,2030,1,demand,0.7160503088040407
36,5,2030,1,demand,0.7161717586291887
36,6,2030,1,demand,0.7028801468828474
36,7,2030,1,demand,0.7774289072016175
36,8,2030,1,demand,0.7822226032412816
36,9,2030,1,demand,0.9237152215923501
36,10,2030,1,demand,0.9536311711692403
36,11,2030,1,demand,0.9443616918675054
36,12,2030,1,demand,0.954241992348661
36,13,2030,1,demand,0.9072802026068849
36,14,2030,1,demand,0.913745619769174
36,15,2030,1,demand,0.9208254301645645
36,16,2030,1,demand,0.9095663169626114
36,17,2030,1,demand,0.8836082028640727
36,18,2030,1,demand,0.8864694178624116
36,19,2030,1,demand,0.8780215109072659
36,20,2030,1,demand,0.8659658297344893
36,21,2030,1,demand,0.8271733267607546
36,22,2030,1,demand,0.7754821379455691
36,23,2030,1,demand,0.7194187554250566
36,24,2030,1,demand,0.7935210090337238
36,1,2030,1,solar,0.0
36,2,2030,1,solar,0.0
36,3,2030,1,solar,0.0
36,4,2030,1,solar,0.0
36,5,2030,1,solar,0.0
36,6,2030,1,solar,0.0
36,7,2030,1,solar,0.0
36,8,2030,1,solar,0.0
36,9,2030,1,solar,6.75e-5
36,10,2030,1,solar,0.010625
36,11,2030,1,solar,0.021852500000000004
36,12,2030,1,solar,0.036345
36,13,2030,1,solar,0.043585
36,14,2030,1,solar,0.034525
36,15,2030,1,solar,0.01897
36,16,2030,1,solar,0.012507500000000001
36,17,2030,1,solar,0.0034974999999999997
36,18,2030,1,solar,0.0
36,19,2030,1,solar,0.0
36,20,2030,1,solar,0.0
36,21,2030,1,solar,0.0
36,22,2030,1,solar,0.0
36,23,2030,1,solar,0.0
36,24,2030,1,solar,0.0
36,1,2030,1,wind_offshore,0.264036988588411
36,2,2030,1,wind_offshore,0.1847085517136743
36,3,2030,1,wind_offshore,0.12445423010412343
36,4,2030,1,wind_offshore,0.09055734838298493
36,5,2030,1,wind_offshore,0.05885925195625453
36,6,2030,1,wind_offshore,0.03600442198367568
36,7,2030,1,wind_offshore,0.023418525768788213
36,8,2030,1,wind_offshore,0.019416862939395874
36,9,2030,1,wind_offshore,0.0205891187855499
36,10,2030,1,wind_offshore,0.02076829040542865
36,11,2030,1,wind_offshore,0.021461936970227993
36,12,2030,1,wind_offshore,0.01835851585866438
36,13,2030,1,wind_offshore,0.01916140514655648
36,14,2030,1,wind_offshore,0.02520986884305755
36,15,2030,1,wind_offshore,0.03984557630664903
36,16,2030,1,wind_offshore,0.06678576760841984
36,17,2030,1,wind_offshore,0.08313488078703016
36,18,2030,1,wind_offshore,0.09522075198004278
36,19,2030,1,wind_offshore,0.10358607697481964
36,20,2030,1,wind_offshore,0.11007556193137161
36,21,2030,1,wind_offshore,0.12651812066794862
36,22,2030,1,wind_offshore,0.1451686999628395
36,23,2030,1,wind_offshore,0.1556123247300762
36,24,2030,1,wind_offshore,0.17693274875050305
36,1,2030,1,wind_onshore,0.14729031669563397
36,2,2030,1,wind_onshore,0.1096780252268035
36,3,2030,1,wind_onshore,0.07633554788804721
36,4,2030,1,wind_onshore,0.05485541247337603
36,5,2030,1,wind_onshore,0.037115795869102824
36,6,2030,1,wind_onshore,0.02672495072518552
36,7,2030,1,wind_onshore,0.02052237622820102
36,8,2030,1,wind_onshore,0.017277411827252672
36,9,2030,1,wind_onshore,0.01594663469954325
36,10,2030,1,wind_onshore,0.01903362667965038
36,11,2030,1,wind_onshore,0.01441339366824923
36,12,2030,1,wind_onshore,0.012338096684131935
36,13,2030,1,wind_onshore,0.01705009810579656
36,14,2030,1,wind_onshore,0.03776030102059713
36,15,2030,1,wind_onshore,0.08120615761259792
36,16,2030,1,wind_onshore,0.14467710592536936
36,17,2030,1,wind_onshore,0.19181399861363047
36,18,2030,1,wind_onshore,0.2234544817938486
36,19,2030,1,wind_onshore,0.2342027855625866
36,20,2030,1,wind_onshore,0.23839364732412738
36,21,2030,1,wind_onshore,0.24057904699341104
36,22,2030,1,wind_onshore,0.24044502659494613
36,23,2030,1,wind_onshore,0.22959202896961672
36,24,2030,1,wind_onshore,0.22550568280138594
37,1,2030,3,demand,0.7483845387228479
37,2,2030,3,demand,0.7215727037945927
37,3,2030,3,demand,0.708106061417891
37,4,2030,3,demand,0.7018299631006855
37,5,2030,3,demand,0.7170862043714794
37,6,2030,3,demand,0.7491525302642248
37,7,2030,3,demand,0.7232444249172176
37,8,2030,3,demand,0.8728991859289662
37,9,2030,3,demand,0.9131419426971149
37,10,2030,3,demand,0.9313487003082683
37,11,2030,3,demand,0.9354779943632993
37,12,2030,3,demand,0.9035902711545949
37,13,2030,3,demand,0.8965676136180974
37,14,2030,3,demand,0.8831081153487575
37,15,2030,3,demand,0.8705380584459423
37,16,2030,3,demand,0.8492164700251116
37,17,2030,3,demand,0.8403934974334796
37,18,2030,3,demand,0.829823790591925
37,19,2030,3,demand,0.8138567106386475
37,20,2030,3,demand,0.7937246160935307
37,21,2030,3,demand,0.7567288561212498
37,22,2030,3,demand,0.7151001425249419
37,23,2030,3,demand,0.8035227593400275
37,24,2030,3,demand,0.7585756078742353
37,1,2030,3,solar,0.0
37,2,2030,3,solar,0.0
37,3,2030,3,solar,0.0
37,4,2030,3,solar,0.0
37,5,2030,3,solar,0.0
37,6,2030,3,solar,0.0
37,7,2030,3,solar,0.0
37,8,2030,3,solar,0.0
37,9,2030,3,solar,6.0e-5
37,10,2030,3,solar,0.01922
37,11,2030,3,solar,0.0600425
37,12,2030,3,solar,0.0818575
37,13,2030,3,solar,0.0713425
37,14,2030,3,solar,0.04306
37,15,2030,3,solar,0.0171675
37,16,2030,3,solar,0.0070375
37,17,2030,3,solar,0.0001575
37,18,2030,3,solar,0.0
37,19,2030,3,solar,0.0
37,20,2030,3,solar,0.0
37,21,2030,3,solar,0.0
37,22,2030,3,solar,0.0
37,23,2030,3,solar,0.0
37,24,2030,3,solar,0.0
37,1,2030,3,wind_offshore,0.9538914240419225
37,2,2030,3,wind_offshore,0.9569763890935887
37,3,2030,3,wind_offshore,0.9598118890935887
37,4,2030,3,wind_offshore,0.9596652656595431
37,5,2030,3,wind_offshore,0.9642726422254974
37,6,2030,3,wind_offshore,0.9657980187914516
37,7,2030,3,wind_offshore,0.9657980187914516
37,8,2030,3,wind_offshore,0.9672235187914516
37,9,2030,3,wind_offshore,0.9667526422254974
37,10,2030,3,wind_offshore,0.965720265659543
37,11,2030,3,wind_offshore,0.9672456422254974
37,12,2030,3,wind_offshore,0.9653208890935888
37,13,2030,3,wind_offshore,0.9659383890935888
37,14,2030,3,wind_offshore,0.9659383890935888
37,15,2030,3,wind_offshore,0.9684028890935887
37,16,2030,3,wind_offshore,0.9730102656595432
37,17,2030,3,wind_offshore,0.9732567656595431
37,18,2030,3,wind_offshore,0.9738712517333987
37,19,2030,3,wind_offshore,0.9738712517333987
37,20,2030,3,wind_offshore,0.9742422517333988
37,21,2030,3,wind_offshore,0.9740956445908459
37,22,2030,3,wind_offshore,0.9702493612413002
37,23,2030,3,wind_offshore,0.9677541676844347
37,24,2030,3,wind_offshore,0.9678331483797592
37,1,2030,3,wind_onshore,0.8918459935130804
37,2,2030,3,wind_onshore,0.9006323454582181
37,3,2030,3,wind_onshore,0.903327458519957
37,4,2030,3,wind_onshore,0.8998813308669531
37,5,2030,3,wind_onshore,0.902286213693513
37,6,2030,3,wind_onshore,0.9076813716230037
37,7,2030,3,wind_onshore,0.9111494707075971
37,8,2030,3,wind_onshore,0.9149771348403669
37,9,2030,3,wind_onshore,0.915333576132234
37,10,2030,3,wind_onshore,0.9135641337158885
37,11,2030,3,wind_onshore,0.9075922541066073
37,12,2030,3,wind_onshore,0.9066049422046881
37,13,2030,3,wind_onshore,0.9034270750252539
37,14,2030,3,wind_onshore,0.9033111255778112
37,15,2030,3,wind_onshore,0.9024287979980581
37,16,2030,3,wind_onshore,0.9039000139211854
37,17,2030,3,wind_onshore,0.9046235688555603
37,18,2030,3,wind_onshore,0.9059157531492001
37,19,2030,3,wind_onshore,0.9069984715683919
37,20,2030,3,wind_onshore,0.9069733010829442
37,21,2030,3,wind_onshore,0.9059453410490743
37,22,2030,3,wind_onshore,0.9077793506333285
37,23,2030,3,wind_onshore,0.9038176065175597
37,24,2030,3,wind_onshore,0.8944652691622321
38,1,2030,3,demand,0.6498387217763109
38,2,2030,3,demand,0.625820232826459
38,3,2030,3,demand,0.6220052794953402
38,4,2030,3,demand,0.6107854588838761
38,5,2030,3,demand,0.6006658308061054
38,6,2030,3,demand,0.6195834270997425
38,7,2030,3,demand,0.63502898721562
38,8,2030,3,demand,0.7742104868351961
38,9,2030,3,demand,0.8574786301888545
38,10,2030,3,demand,0.8892198991966451
38,11,2030,3,demand,0.9136920389639617
38,12,2030,3,demand,0.9026722533586236
38,13,2030,3,demand,0.9255476851306121
38,14,2030,3,demand,0.9366853485074174
38,15,2030,3,demand,0.929944883211705
38,16,2030,3,demand,0.9006611871363203
38,17,2030,3,demand,0.8341138270625931
38,18,2030,3,demand,0.8267268200506518
38,19,2030,3,demand,0.7988076484813414
38,20,2030,3,demand,0.7626477490703731
38,21,2030,3,demand,0.7209047297562788
38,22,2030,3,demand,0.690599426328179
38,23,2030,3,demand,0.7425263706862987
38,24,2030,3,demand,0.6855878350139846
38,1,2030,3,solar,0.0
38,2,2030,3,solar,0.0
38,3,2030,3,solar,0.0
38,4,2030,3,solar,0.0
38,5,2030,3,solar,0.0045225000000000005
38,6,2030,3,solar,0.09647750000000001
38,7,2030,3,solar,0.318655
38,8,2030,3,solar,0.46381249999999996
38,9,2030,3,solar,0.56029
38,10,2030,3,solar,0.5994349999999999
38,11,2030,3,solar,0.5993225
38,12,2030,3,solar,0.588195
38,13,2030,3,solar,0.5799775
38,14,2030,3,solar,0.5745525
38,15,2030,3,solar,0.5665074999999999
38,16,2030,3,solar,0.556505
38,17,2030,3,solar,0.5284225
38,18,2030,3,solar,0.47708249999999996
38,19,2030,3,solar,0.35601249999999995
38,20,2030,3,solar,0.1450625
38,21,2030,3,solar,0.020762499999999996
38,22,2030,3,solar,0.0
38,23,2030,3,solar,0.0
38,24,2030,3,solar,0.0
38,1,2030,3,wind_offshore,0.013974784036548577
38,2,2030,3,wind_offshore,0.01840899114949124
38,3,2030,3,wind_offshore,0.01876460669649252
38,4,2030,3,wind_offshore,0.017765449261151808
38,5,2030,3,wind_offshore,0.014875831033422111
38,6,2030,3,wind_offshore,0.011599009214521163
38,7,2030,3,wind_offshore,0.009186729000349008
38,8,2030,3,wind_offshore,0.0052977538421052385
38,9,2030,3,wind_offshore,0.003171007684210479
38,10,2030,3,wind_offshore,0.0022007464298245526
38,11,2030,3,wind_offshore,0.0015735797222222224
38,12,2030,3,wind_offshore,0.001174553388888891
38,13,2030,3,wind_offshore,0.0008611345069597897
38,14,2030,3,wind_offshore,0.0006153312709407719
38,15,2030,3,wind_offshore,0.0004674433263735085
38,16,2030,3,wind_offshore,0.0009150570971914931
38,17,2030,3,wind_offshore,0.0023758037360599037
38,18,2030,3,wind_offshore,0.0066367058045934384
38,19,2030,3,wind_offshore,0.017145723384917717
38,20,2030,3,wind_offshore,0.033668038993889156
38,21,2030,3,wind_offshore,0.06057716062149479
38,22,2030,3,wind_offshore,0.0821991509790948
38,23,2030,3,wind_offshore,0.08761924427491406
38,24,2030,3,wind_offshore,0.09772644780483039
38,1,2030,3,wind_onshore,0.031435792587674385
38,2,2030,3,wind_onshore,0.03582272967437946
38,3,2030,3,wind_onshore,0.03734597728257289
38,4,2030,3,wind_onshore,0.03697479942609213
38,5,2030,3,wind_onshore,0.034001546282974186
38,6,2030,3,wind_onshore,0.02791369505339425
38,7,2030,3,wind_onshore,0.013312994219455027
38,8,2030,3,wind_onshore,0.007119650186076005
38,9,2030,3,wind_onshore,0.004037640738743684
38,10,2030,3,wind_onshore,0.0023728293298078316
38,11,2030,3,wind_onshore,0.0019535632197328367
38,12,2030,3,wind_onshore,0.0017364792006379038
38,13,2030,3,wind_onshore,0.0018108884395951852
38,14,2030,3,wind_onshore,0.0018119925564979782
38,15,2030,3,wind_onshore,0.0017408813143877618
38,16,2030,3,wind_onshore,0.0011683414028185021
38,17,2030,3,wind_onshore,0.0007493658159338608
38,18,2030,3,wind_onshore,0.001095220327488155
38,19,2030,3,wind_onshore,0.0018529798110275214
38,20,2030,3,wind_onshore,0.004209772407139479
38,21,2030,3,wind_onshore,0.013462900729008936
38,22,2030,3,wind_onshore,0.02195127365251643
38,23,2030,3,wind_onshore,0.024926867009012005
38,24,2030,3,wind_onshore,0.02423758472411471
39,1,2030,3,demand,0.6366578436940751
39,2,2030,3,demand,0.6183725009019436
39,3,2030,3,demand,0.6057881557844051
39,4,2030,3,demand,0.5973473929366211
39,5,2030,3,demand,0.6027126175652168
39,6,2030,3,demand,0.5863668999217722
39,7,2030,3,demand,0.5945183264214094
39,8,2030,3,demand,0.6288921989919666
39,9,2030,3,demand,0.6822301045540112
39,10,2030,3,demand,0.7182471218177467
39,11,2030,3,demand,0.7213869570031899
39,12,2030,3,demand,0.7346892849105737
39,13,2030,3,demand,0.7409046583152052
39,14,2030,3,demand,0.7400295051634037
39,15,2030,3,demand,0.7407224835774832
39,16,2030,3,demand,0.7426728248872124
39,17,2030,3,demand,0.7710706516497531
39,18,2030,3,demand,0.7729959885837164
39,19,2030,3,demand,0.7732996131465864
39,20,2030,3,demand,0.753703326653593
39,21,2030,3,demand,0.7195473493575661
39,22,2030,3,demand,0.6888312597561717
39,23,2030,3,demand,0.6554218416794367
39,24,2030,3,demand,0.6296137538354927
39,1,2030,3,solar,0.0
39,2,2030,3,solar,0.0
39,3,2030,3,solar,0.0
39,4,2030,3,solar,0.0
39,5,2030,3,solar,0.0
39,6,2030,3,solar,0.0
39,7,2030,3,solar,0.0
39,8,2030,3,solar,0.01947
39,9,2030,3,solar,0.163545
39,10,2030,3,solar,0.302015
39,11,2030,3,solar,0.34378499999999995
39,12,2030,3,solar,0.343475
39,13,2030,3,solar,0.34788250000000004
39,14,2030,3,solar,0.368965
39,15,2030,3,solar,0.39509
39,16,2030,3,solar,0.3897025
39,17,2030,3,solar,0.188455
39,18,2030,3,solar,0.01644
39,19,2030,3,solar,0.0
39,20,2030,3,solar,0.0
39,21,2030,3,solar,0.0
39,22,2030,3,solar,0.0
39,23,2030,3,solar,0.0
39,24,2030,3,solar,0.0
39,1,2030,3,wind_offshore,0.9411300497106575
39,2,2030,3,wind_offshore,0.9442362248742838
39,3,2030,3,wind_offshore,0.9460487729502687
39,4,2030,3,wind_offshore,0.9486979978035699
39,5,2030,3,wind_offshore,0.9461321858402738
39,6,2030,3,wind_offshore,0.9460219168650271
39,7,2030,3,wind_offshore,0.9435725176364272
39,8,2030,3,wind_offshore,0.942308593715648
39,9,2030,3,wind_offshore,0.9394956323540837
39,10,2030,3,wind_offshore,0.9347952137051155
39,11,2030,3,wind_offshore,0.9200043126783926
39,12,2030,3,wind_offshore,0.8954818808646353
39,13,2030,3,wind_offshore,0.8527847408378606
39,14,2030,3,wind_offshore,0.8117019646895112
39,15,2030,3,wind_offshore,0.7706388066324106
39,16,2030,3,wind_offshore,0.7103264330491751
39,17,2030,3,wind_offshore,0.6302064499958906
39,18,2030,3,wind_offshore,0.5336099818542923
39,19,2030,3,wind_offshore,0.37856609147776105
39,20,2030,3,wind_offshore,0.2236463504457546
39,21,2030,3,wind_offshore,0.1188474581788667
39,22,2030,3,wind_offshore,0.04595538110636206
39,23,2030,3,wind_offshore,0.00870165363392543
39,24,2030,3,wind_offshore,0.000694580920412646
39,1,2030,3,wind_onshore,0.7913547276711944
39,2,2030,3,wind_onshore,0.8622717645186958
39,3,2030,3,wind_onshore,0.8794462273647542
39,4,2030,3,wind_onshore,0.8824566399972673
39,5,2030,3,wind_onshore,0.8742933545833013
39,6,2030,3,wind_onshore,0.8581168883971878
39,7,2030,3,wind_onshore,0.8315795439418434
39,8,2030,3,wind_onshore,0.7751962901680507
39,9,2030,3,wind_onshore,0.6740620758719565
39,10,2030,3,wind_onshore,0.5695954035211381
39,11,2030,3,wind_onshore,0.48924177345142233
39,12,2030,3,wind_onshore,0.44057963034104713
39,13,2030,3,wind_onshore,0.4383245349126259
39,14,2030,3,wind_onshore,0.43024251744848285
39,15,2030,3,wind_onshore,0.4140727386747396
39,16,2030,3,wind_onshore,0.3977870112899281
39,17,2030,3,wind_onshore,0.35252338799824035
39,18,2030,3,wind_onshore,0.24839548204764286
39,19,2030,3,wind_onshore,0.16632775692510904
39,20,2030,3,wind_onshore,0.09468923463653305
39,21,2030,3,wind_onshore,0.04289213089389244
39,22,2030,3,wind_onshore,0.02136375686067294
39,23,2030,3,wind_onshore,0.00901629932459534
39,24,2030,3,wind_onshore,0.0010887628112974336
40,1,2030,3,demand,0.6056202692614066
40,2,2030,3,demand,0.5846666023697004
40,3,2030,3,demand,0.5794013952441678
40,4,2030,3,demand,0.5757007476308355
40,5,2030,3,demand,0.5657990148275949
40,6,2030,3,demand,0.5425806659022472
40,7,2030,3,demand,0.5717464842061647
40,8,2030,3,demand,0.6093352050894622
40,9,2030,3,demand,0.6572364449492948
40,10,2030,3,demand,0.6935785190979851
40,11,2030,3,demand,0.7169397501705655
40,12,2030,3,demand,0.7264235526931498
40,13,2030,3,demand,0.7214834024525721
40,14,2030,3,demand,0.7203403452747088
40,15,2030,3,demand,0.7199295591014142
40,16,2030,3,demand,0.7050912481112765
40,17,2030,3,demand,0.7294276498387219
40,18,2030,3,demand,0.7156788152212352
40,19,2030,3,demand,0.7050876760575958
40,20,2030,3,demand,0.6942965018878304
40,21,2030,3,demand,0.6739965208197148
40,22,2030,3,demand,0.6552468110490766
40,23,2030,3,demand,0.6245235773403203
40,24,2030,3,demand,0.5849666548788895
40,1,2030,3,solar,0.0
40,2,2030,3,solar,0.0
40,3,2030,3,solar,0.0
40,4,2030,3,solar,0.0
40,5,2030,3,solar,0.0039275000000000004
40,6,2030,3,solar,0.08446000000000001
40,7,2030,3,solar,0.27880249999999995
40,8,2030,3,solar,0.4087925
40,9,2030,3,solar,0.5041125
40,10,2030,3,solar,0.557345
40,11,2030,3,solar,0.5730725
40,12,2030,3,solar,0.57514
40,13,2030,3,solar,0.5520674999999999
40,14,2030,3,solar,0.523255
40,15,2030,3,solar,0.48105
40,16,2030,3,solar,0.38439
40,17,2030,3,solar,0.26961749999999995
40,18,2030,3,solar,0.1566275
40,19,2030,3,solar,0.09078250000000002
40,20,2030,3,solar,0.030422499999999998
40,21,2030,3,solar,0.0030924999999999998
40,22,2030,3,solar,0.0
40,23,2030,3,solar,0.0
40,24,2030,3,solar,0.0
40,1,2030,3,wind_offshore,0.14220774419626203
40,2,2030,3,wind_offshore,0.1371853138983826
40,3,2030,3,wind_offshore,0.13499923957877935
40,4,2030,3,wind_offshore,0.13426379491333204
40,5,2030,3,wind_offshore,0.14429728036435074
40,6,2030,3,wind_offshore,0.17831163185997886
40,7,2030,3,wind_offshore,0.22504564098859509
40,8,2030,3,wind_offshore,0.2827456547495593
40,9,2030,3,wind_offshore,0.3574290366280882
40,10,2030,3,wind_offshore,0.4299079589929019
40,11,2030,3,wind_offshore,0.47549389872171566
40,12,2030,3,wind_offshore,0.5352880500579453
40,13,2030,3,wind_offshore,0.6332640262859897
40,14,2030,3,wind_offshore,0.7524029611484377
40,15,2030,3,wind_offshore,0.8355473182991553
40,16,2030,3,wind_offshore,0.8921969586136965
40,17,2030,3,wind_offshore,0.9157681992063808
40,18,2030,3,wind_offshore,0.9221733886203874
40,19,2030,3,wind_offshore,0.9279172829711696
40,20,2030,3,wind_offshore,0.9304979746227875
40,21,2030,3,wind_offshore,0.9316346774091241
40,22,2030,3,wind_offshore,0.9334063973566542
40,23,2030,3,wind_offshore,0.9338994110856292
40,24,2030,3,wind_offshore,0.9324793998762214
40,1,2030,3,wind_onshore,0.08555098474450235
40,2,2030,3,wind_onshore,0.07762594033203682
40,3,2030,3,wind_onshore,0.06957462228121213
40,4,2030,3,wind_onshore,0.06827698599380337
40,5,2030,3,wind_onshore,0.08374506874636985
40,6,2030,3,wind_onshore,0.10408674759048392
40,7,2030,3,wind_onshore,0.12325326465470361
40,8,2030,3,wind_onshore,0.13757384926890723
40,9,2030,3,wind_onshore,0.15589061797175754
40,10,2030,3,wind_onshore,0.19528868778196715
40,11,2030,3,wind_onshore,0.22282666813864405
40,12,2030,3,wind_onshore,0.2666153258294689
40,13,2030,3,wind_onshore,0.34925744235467304
40,14,2030,3,wind_onshore,0.4265160095185657
40,15,2030,3,wind_onshore,0.49693477141399056
40,16,2030,3,wind_onshore,0.5626366491746908
40,17,2030,3,wind_onshore,0.62427023351078
40,18,2030,3,wind_onshore,0.6920042389558405
40,19,2030,3,wind_onshore,0.7662582999184234
40,20,2030,3,wind_onshore,0.8390831251503235
40,21,2030,3,wind_onshore,0.8499650093513131
40,22,2030,3,wind_onshore,0.8486945971847326
40,23,2030,3,wind_onshore,0.854067988847869
40,24,2030,3,wind_onshore,0.8486684151384126
41,1,2030,3,demand,0.6325928466052988
41,2,2030,3,demand,0.6085672135480853
41,3,2030,3,demand,0.6018374644134152
41,4,2030,3,demand,0.5945218984750903
41,5,2030,3,demand,0.5964400913016922
41,6,2030,3,demand,0.5862633103650282
41,7,2030,3,demand,0.6338537815546292
41,8,2030,3,demand,0.684551939446546
41,9,2030,3,demand,0.7430300302552948
41,10,2030,3,demand,0.7680844147725852
41,11,2030,3,demand,0.7860518447871234
41,12,2030,3,demand,0.7956963897253447
41,13,2030,3,demand,0.7730317091205247
41,14,2030,3,demand,0.7706241449396503
41,15,2030,3,demand,0.7582684112576844
41,16,2030,3,demand,0.7572575200660115
41,17,2030,3,demand,0.7632764305181978
41,18,2030,3,demand,0.7788863051033932
41,19,2030,3,demand,0.7901418462516655
41,20,2030,3,demand,0.7676879168140139
41,21,2030,3,demand,0.7429764494500825
41,22,2030,3,demand,0.7101385599622791
41,23,2030,3,demand,0.6784651599744241
41,24,2030,3,demand,0.6448128422473933
41,1,2030,3,solar,0.0
41,2,2030,3,solar,0.0
41,3,2030,3,solar,0.0
41,4,2030,3,solar,0.0
41,5,2030,3,solar,0.0
41,6,2030,3,solar,0.0
41,7,2030,3,solar,0.0
41,8,2030,3,solar,0.0044075
41,9,2030,3,solar,0.026112499999999997
41,10,2030,3,solar,0.04830999999999999
41,11,2030,3,solar,0.0811175
41,12,2030,3,solar,0.10804749999999999
41,13,2030,3,solar,0.10826000000000001
41,14,2030,3,solar,0.087855
41,15,2030,3,solar,0.0588675
41,16,2030,3,solar,0.033854999999999996
41,17,2030,3,solar,0.016794999999999997
41,18,2030,3,solar,0.001935
41,19,2030,3,solar,0.0
41,20,2030,3,solar,0.0
41,21,2030,3,solar,0.0
41,22,2030,3,solar,0.0
41,23,2030,3,solar,0.0
41,24,2030,3,solar,0.0
41,1,2030,3,wind_offshore,0.037548364841708814
41,2,2030,3,wind_offshore,0.022584046165410425
41,3,2030,3,wind_offshore,0.01547660890222241
41,4,2030,3,wind_offshore,0.013955262848679335
41,5,2030,3,wind_offshore,0.016297370492337745
41,6,2030,3,wind_offshore,0.02236059704221987
41,7,2030,3,wind_offshore,0.024211224778497475
41,8,2030,3,wind_offshore,0.02692548780919813
41,9,2030,3,wind_offshore,0.029378507710694376
41,10,2030,3,wind_offshore,0.03655555402920528
41,11,2030,3,wind_offshore,0.038577927258667453
41,12,2030,3,wind_offshore,0.04211572600561089
41,13,2030,3,wind_offshore,0.058813652255995524
41,14,2030,3,wind_offshore,0.08533060730331353
41,15,2030,3,wind_offshore,0.1372779853340897
41,16,2030,3,wind_offshore,0.20471109618527272
41,17,2030,3,wind_offshore,0.32216244017926315
41,18,2030,3,wind_offshore,0.45540836757909603
41,19,2030,3,wind_offshore,0.6372378458301338
41,20,2030,3,wind_offshore,0.8012411871507279
41,21,2030,3,wind_offshore,0.8811133336276964
41,22,2030,3,wind_offshore,0.922107338604802
41,23,2030,3,wind_offshore,0.9363422783732219
41,24,2030,3,wind_offshore,0.9392808155624659
41,1,2030,3,wind_onshore,0.013283773236354105
41,2,2030,3,wind_onshore,0.00917418983188777
41,3,2030,3,wind_onshore,0.006140883559638415
41,4,2030,3,wind_onshore,0.00512406331940553
41,5,2030,3,wind_onshore,0.005285728673448445
41,6,2030,3,wind_onshore,0.004832348660924136
41,7,2030,3,wind_onshore,0.004597676012352701
41,8,2030,3,wind_onshore,0.0035318346982468767
41,9,2030,3,wind_onshore,0.00209812754528786
41,10,2030,3,wind_onshore,0.0013820004740193474
41,11,2030,3,wind_onshore,0.002025333624858897
41,12,2030,3,wind_onshore,0.002916117173660201
41,13,2030,3,wind_onshore,0.0067917497320780715
41,14,2030,3,wind_onshore,0.014672530113697908
41,15,2030,3,wind_onshore,0.025747748576832413
41,16,2030,3,wind_onshore,0.03328656012201691
41,17,2030,3,wind_onshore,0.04423140963269065
41,18,2030,3,wind_onshore,0.06020695175721346
41,19,2030,3,wind_onshore,0.08525663067736995
41,20,2030,3,wind_onshore,0.1215330188332528
41,21,2030,3,wind_onshore,0.18384136380273786
41,22,2030,3,wind_onshore,0.2983570279036339
41,23,2030,3,wind_onshore,0.486785160687323
41,24,2030,3,wind_onshore,0.6606990724017271
42,1,2030,3,demand,0.6049522952230927
42,2,2030,3,demand,0.5865276423374092
42,3,2030,3,demand,0.5800443649067158
42,4,2030,3,demand,0.5824019203360589
42,5,2030,3,demand,0.5766866344467425
42,6,2030,3,demand,0.5946183439244725
42,7,2030,3,demand,0.6258380930948632
42,8,2030,3,demand,0.7566074062961018
42,9,2030,3,demand,0.8242192383667142
42,10,2030,3,demand,0.8360856006944073
42,11,2030,3,demand,0.840343488681948
42,12,2030,3,demand,0.8161428249943741
42,13,2030,3,demand,0.8347175041346522
42,14,2030,3,demand,0.8322920796853736
42,15,2030,3,demand,0.8157534711431643
42,16,2030,3,demand,0.7796864451278974
42,17,2030,3,demand,0.7189901089833579
42,18,2030,3,demand,0.7246518140674618
42,19,2030,3,demand,0.71548235226879
42,20,2030,3,demand,0.6839161138913595
42,21,2030,3,demand,0.6744037349393287
42,22,2030,3,demand,0.635350472046894
42,23,2030,3,demand,0.6885669277837908
42,24,2030,3,demand,0.6486778043300435
42,1,2030,3,solar,0.0
42,2,2030,3,solar,0.0
42,3,2030,3,solar,0.0
42,4,2030,3,solar,0.0
42,5,2030,3,solar,5.0e-6
42,6,2030,3,solar,0.0078425
42,7,2030,3,solar,0.03829
42,8,2030,3,solar,0.0889025
42,9,2030,3,solar,0.17003000000000001
42,10,2030,3,solar,0.26685749999999997
42,11,2030,3,solar,0.35477000000000003
42,12,2030,3,solar,0.4194325
42,13,2030,3,solar,0.43056
42,14,2030,3,solar,0.42518249999999996
42,15,2030,3,solar,0.4069775
42,16,2030,3,solar,0.340165
42,17,2030,3,solar,0.2565625
42,18,2030,3,solar,0.16462999999999997
42,19,2030,3,solar,0.0947725
42,20,2030,3,solar,0.0274925
42,21,2030,3,solar,0.0013475000000000002
42,22,2030,3,solar,0.0
42,23,2030,3,solar,0.0
42,24,2030,3,solar,0.0
42,1,2030,3,wind_offshore,0.8374870749596914
42,2,2030,3,wind_offshore,0.8560548628300002
42,3,2030,3,wind_offshore,0.8640226047690274
42,4,2030,3,wind_offshore,0.870549811794449
42,5,2030,3,wind_offshore,0.8748337858889149
42,6,2030,3,wind_offshore,0.8741352383997942
42,7,2030,3,wind_offshore,0.8678236548366649
42,8,2030,3,wind_offshore,0.857626073401035
42,9,2030,3,wind_offshore,0.8318915146644473
42,10,2030,3,wind_offshore,0.8093382510371867
42,11,2030,3,wind_offshore,0.773624889214112
42,12,2030,3,wind_offshore,0.7483062955275505
42,13,2030,3,wind_offshore,0.7574801236141321
42,14,2030,3,wind_offshore,0.7808646207783678
42,15,2030,3,wind_offshore,0.8055530096335416
42,16,2030,3,wind_offshore,0.8315629419021989
42,17,2030,3,wind_offshore,0.8412970814048122
42,18,2030,3,wind_offshore,0.8505171892412808
42,19,2030,3,wind_offshore,0.8449049542490015
42,20,2030,3,wind_offshore,0.8359627721948055
42,21,2030,3,wind_offshore,0.8276512281885612
42,22,2030,3,wind_offshore,0.8206859439214726
42,23,2030,3,wind_offshore,0.8264027769699803
42,24,2030,3,wind_offshore,0.8152237145562322
42,1,2030,3,wind_onshore,0.210009393447164
42,2,2030,3,wind_onshore,0.2075469400184609
42,3,2030,3,wind_onshore,0.21225967696136305
42,4,2030,3,wind_onshore,0.21117474003468859
42,5,2030,3,wind_onshore,0.19780065964142046
42,6,2030,3,wind_onshore,0.17842118557401
42,7,2030,3,wind_onshore,0.15394799360380224
42,8,2030,3,wind_onshore,0.13776116571754063
42,9,2030,3,wind_onshore,0.12986120851121885
42,10,2030,3,wind_onshore,0.12867858310693303
42,11,2030,3,wind_onshore,0.1174977999552953
42,12,2030,3,wind_onshore,0.1075094985722577
42,13,2030,3,wind_onshore,0.11113710620386456
42,14,2030,3,wind_onshore,0.11925130382252176
42,15,2030,3,wind_onshore,0.13281096801594272
42,16,2030,3,wind_onshore,0.14715378301516402
42,17,2030,3,wind_onshore,0.15966640211610858
42,18,2030,3,wind_onshore,0.17546629480655124
42,19,2030,3,wind_onshore,0.20591582967559366
42,20,2030,3,wind_onshore,0.2548291937293261
42,21,2030,3,wind_onshore,0.2934370266234621
42,22,2030,3,wind_onshore,0.3317836114036104
42,23,2030,3,wind_onshore,0.3617693665947578
42,24,2030,3,wind_onshore,0.3629699836359136
43,1,2030,3,demand,0.7375112073184237
43,2,2030,3,demand,0.7148036620694336
43,3,2030,3,demand,0.7060628467124604
43,4,2030,3,demand,0.7082239391893581
43,5,2030,3,demand,0.7164432347089313
43,6,2030,3,demand,0.7413725973473929
43,7,2030,3,demand,0.721726302102868
43,8,2030,3,demand,0.8711238752495973
43,9,2030,3,demand,0.9341063257498635
43,10,2030,3,demand,0.9512450393104508
43,11,2030,3,demand,0.9341241860182676
43,12,2030,3,demand,0.9053262892434748
43,13,2030,3,demand,0.9105772081542842
43,14,2030,3,demand,0.9081267793292398
43,15,2030,3,demand,0.8882804490785888
43,16,2030,3,demand,0.877196366506996
43,17,2030,3,demand,0.8610864044064855
43,18,2030,3,demand,0.857450053759408
43,19,2030,3,demand,0.8517204796553683
43,20,2030,3,demand,0.8222724691106658
43,21,2030,3,demand,0.7781111694546545
43,22,2030,3,demand,0.7229872370521984
43,23,2030,3,demand,0.7947283631778419
43,24,2030,3,demand,0.7410403963550765
43,1,2030,3,solar,0.0
43,2,2030,3,solar,0.0
43,3,2030,3,solar,0.0
43,4,2030,3,solar,0.0
43,5,2030,3,solar,0.0
43,6,2030,3,solar,0.0
43,7,2030,3,solar,0.0
43,8,2030,3,solar,0.0
43,9,2030,3,solar,4.75e-5
43,10,2030,3,solar,0.0229975
43,11,2030,3,solar,0.082875
43,12,2030,3,solar,0.105245
43,13,2030,3,solar,0.1117425
43,14,2030,3,solar,0.11969500000000001
43,15,2030,3,solar,0.125955
43,16,2030,3,solar,0.0469725
43,17,2030,3,solar,0.0008675
43,18,2030,3,solar,0.0
43,19,2030,3,solar,0.0
43,20,2030,3,solar,0.0
43,21,2030,3,solar,0.0
43,22,2030,3,solar,0.0
43,23,2030,3,solar,0.0
43,24,2030,3,solar,0.0
43,1,2030,3,wind_offshore,0.9493618724765414
43,2,2030,3,wind_offshore,0.9490261413862323
43,3,2030,3,wind_offshore,0.9485470044877674
43,4,2030,3,wind_offshore,0.9467036884377862
43,5,2030,3,wind_offshore,0.9427981977467282
43,6,2030,3,wind_offshore,0.9296158325934897
43,7,2030,3,wind_offshore,0.9071270258591836
43,8,2030,3,wind_offshore,0.8727027992860239
43,9,2030,3,wind_offshore,0.7854071210276019
43,10,2030,3,wind_offshore,0.6696822761049143
43,11,2030,3,wind_offshore,0.5266733083975637
43,12,2030,3,wind_offshore,0.3675045842042258
43,13,2030,3,wind_offshore,0.2952878987558834
43,14,2030,3,wind_offshore,0.2674846493592484
43,15,2030,3,wind_offshore,0.27417528504144195
43,16,2030,3,wind_offshore,0.2831236624904565
43,17,2030,3,wind_offshore,0.30902367931672875
43,18,2030,3,wind_offshore,0.3456734356137249
43,19,2030,3,wind_offshore,0.39107759335070885
43,20,2030,3,wind_offshore,0.4728948012583893
43,21,2030,3,wind_offshore,0.5347415105782123
43,22,2030,3,wind_offshore,0.5735070424875025
43,23,2030,3,wind_offshore,0.605233940717294
43,24,2030,3,wind_offshore,0.6013493794457803
43,1,2030,3,wind_onshore,0.8700043812728868
43,2,2030,3,wind_onshore,0.8448288389073503
43,3,2030,3,wind_onshore,0.8087385085067255
43,4,2030,3,wind_onshore,0.7471938346623707
43,5,2030,3,wind_onshore,0.6639011309726855
43,6,2030,3,wind_onshore,0.552714997137792
43,7,2030,3,wind_onshore,0.428133871247924
43,8,2030,3,wind_onshore,0.3301752829562216
43,9,2030,3,wind_onshore,0.23581155434815648
43,10,2030,3,wind_onshore,0.181822366428268
43,11,2030,3,wind_onshore,0.1318861599041438
43,12,2030,3,wind_onshore,0.09390815488218886
43,13,2030,3,wind_onshore,0.07745983044185575
43,14,2030,3,wind_onshore,0.07212142557456393
43,15,2030,3,wind_onshore,0.06963685799131972
43,16,2030,3,wind_onshore,0.06678962234709296
43,17,2030,3,wind_onshore,0.07102509727810206
43,18,2030,3,wind_onshore,0.07680945473358733
43,19,2030,3,wind_onshore,0.08376097315032133
43,20,2030,3,wind_onshore,0.08880447428991392
43,21,2030,3,wind_onshore,0.09715894703794833
43,22,2030,3,wind_onshore,0.10566594005992863
43,23,2030,3,wind_onshore,0.11264219156500743
43,24,2030,3,wind_onshore,0.11717643036444847
44,1,2030,3,demand,0.6667345356866023
44,2,2030,3,demand,0.6569078160106591
44,3,2030,3,demand,0.6277491418141032
44,4,2030,3,demand,0.6459916199620648
44,5,2030,3,demand,0.6518033513007634
44,6,2030,3,demand,0.6300031076867023
44,7,2030,3,demand,0.6370793460284121
44,8,2030,3,demand,0.6649199324167444
44,9,2030,3,demand,0.7080131880221897
44,10,2030,3,demand,0.7295098070733808
44,11,2030,3,demand,0.7408189290268654
44,12,2030,3,demand,0.7615296962682755
44,13,2030,3,demand,0.7693274894535116
44,14,2030,3,demand,0.7649803001239504
44,15,2030,3,demand,0.763555050705302
44,16,2030,3,demand,0.7384042207386293
44,17,2030,3,demand,0.754046243806952
44,18,2030,3,demand,0.7540390996995904
44,19,2030,3,demand,0.7496454736721785
44,20,2030,3,demand,0.7527317280524092
44,21,2030,3,demand,0.7354572764519506
44,22,2030,3,demand,0.6994616915103
44,23,2030,3,demand,0.6686598726205658
44,24,2030,3,demand,0.6566934927898097
44,1,2030,3,solar,0.0
44,2,2030,3,solar,0.0
44,3,2030,3,solar,0.0
44,4,2030,3,solar,0.0
44,5,2030,3,solar,0.0
44,6,2030,3,solar,0.0
44,7,2030,3,solar,0.0234725
44,8,2030,3,solar,0.2733525
44,9,2030,3,solar,0.633845
44,10,2030,3,solar,0.6863225
44,11,2030,3,solar,0.6601899999999999
44,12,2030,3,solar,0.6143125
44,13,2030,3,solar,0.5940375
44,14,2030,3,solar,0.6006775
44,15,2030,3,solar,0.6245525000000001
44,16,2030,3,solar,0.6424775
44,17,2030,3,solar,0.61985
44,18,2030,3,solar,0.37492499999999995
44,19,2030,3,solar,0.0721825
44,20,2030,3,solar,0.0
44,21,2030,3,solar,0.0
44,22,2030,3,solar,0.0
44,23,2030,3,solar,0.0
44,24,2030,3,solar,0.0
44,1,2030,3,wind_offshore,0.939298201598827
44,2,2030,3,wind_offshore,0.9352555200938668
44,3,2030,3,wind_offshore,0.935570618272563
44,4,2030,3,wind_offshore,0.936110967932572
44,5,2030,3,wind_offshore,0.9337851305984607
44,6,2030,3,wind_offshore,0.9290495856436993
44,7,2030,3,wind_offshore,0.9254564108881931
44,8,2030,3,wind_offshore,0.9184095854914435
44,9,2030,3,wind_offshore,0.9127715604322852
44,10,2030,3,wind_offshore,0.91184880661934
44,11,2030,3,wind_offshore,0.8980603353256366
44,12,2030,3,wind_offshore,0.8927393774789978
44,13,2030,3,wind_offshore,0.8973233938420946
44,14,2030,3,wind_offshore,0.9019396886767378
44,15,2030,3,wind_offshore,0.9134560196684032
44,16,2030,3,wind_offshore,0.9200520706327683
44,17,2030,3,wind_offshore,0.9277442278329131
44,18,2030,3,wind_offshore,0.9283171935899474
44,19,2030,3,wind_offshore,0.9259172113477807
44,20,2030,3,wind_offshore,0.9117129170732006
44,21,2030,3,wind_offshore,0.8891906201667895
44,22,2030,3,wind_offshore,0.8500517058441416
44,23,2030,3,wind_offshore,0.7860394284405613
44,24,2030,3,wind_offshore,0.6960090272917081
44,1,2030,3,wind_onshore,0.7933213335541621
44,2,2030,3,wind_onshore,0.7775191237132848
44,3,2030,3,wind_onshore,0.7731164066986166
44,4,2030,3,wind_onshore,0.763150220418525
44,5,2030,3,wind_onshore,0.7282326371565788
44,6,2030,3,wind_onshore,0.6948738610281768
44,7,2030,3,wind_onshore,0.6317433525089334
44,8,2030,3,wind_onshore,0.5981533800557635
44,9,2030,3,wind_onshore,0.6078864478208554
44,10,2030,3,wind_onshore,0.6261527073345264
44,11,2030,3,wind_onshore,0.5902935682688775
44,12,2030,3,wind_onshore,0.5708717286005517
44,13,2030,3,wind_onshore,0.6027513164145529
44,14,2030,3,wind_onshore,0.6187348618990536
44,15,2030,3,wind_onshore,0.6390077053419262
44,16,2030,3,wind_onshore,0.6399443788550848
44,17,2030,3,wind_onshore,0.6270611219251522
44,18,2030,3,wind_onshore,0.6067952137173678
44,19,2030,3,wind_onshore,0.6027494807539618
44,20,2030,3,wind_onshore,0.5636924978564561
44,21,2030,3,wind_onshore,0.5203349909780512
44,22,2030,3,wind_onshore,0.4882917474626192
44,23,2030,3,wind_onshore,0.4648385111445568
44,24,2030,3,wind_onshore,0.3784106561316447
45,1,2030,3,demand,0.5524966869202111
45,2,2030,3,demand,0.5362652749945526
45,3,2030,3,demand,0.5260599176284422
45,4,2030,3,demand,0.5227450518126386
45,5,2030,3,demand,0.5223592700151098
45,6,2030,3,demand,0.5662312333229744
45,7,2030,3,demand,0.5801479544634597
45,8,2030,3,demand,0.7010226789688196
45,9,2030,3,demand,0.7594436169186751
45,10,2030,3,demand,0.7957821190136846
45,11,2030,3,demand,0.8020439291161667
45,12,2030,3,demand,0.7806366114069963
45,13,2030,3,demand,0.7990005393801058
45,14,2030,3,demand,0.7994970548417402
45,15,2030,3,demand,0.7856267703991057
45,16,2030,3,demand,0.7385256705637773
45,17,2030,3,demand,0.6868702022854
45,18,2030,3,demand,0.6582723405167333
45,19,2030,3,demand,0.6414836882168666
45,20,2030,3,demand,0.6136216695064495
45,21,2030,3,demand,0.5887923243710507
45,22,2030,3,demand,0.5576297280595532
45,23,2030,3,demand,0.626120285335648
45,24,2030,3,demand,0.5818911166597012
45,1,2030,3,solar,0.0
45,2,2030,3,solar,0.0
45,3,2030,3,solar,0.0
45,4,2030,3,solar,0.0
45,5,2030,3,solar,0.000625
45,6,2030,3,solar,0.0376925
45,7,2030,3,solar,0.1831275
45,8,2030,3,solar,0.337065
45,9,2030,3,solar,0.47117749999999997
45,10,2030,3,solar,0.5429700000000001
45,11,2030,3,solar,0.573745
45,12,2030,3,solar,0.5796175
45,13,2030,3,solar,0.576645
45,14,2030,3,solar,0.5705775
45,15,2030,3,solar,0.561055
45,16,2030,3,solar,0.541785
45,17,2030,3,solar,0.5004325000000001
45,18,2030,3,solar,0.4308575
45,19,2030,3,solar,0.3172275
45,20,2030,3,solar,0.123035
45,21,2030,3,solar,0.0117825
45,22,2030,3,solar,0.0
45,23,2030,3,solar,0.0
45,24,2030,3,solar,0.0
45,1,2030,3,wind_offshore,0.9300750020784494
45,2,2030,3,wind_offshore,0.9361582334848284
45,3,2030,3,wind_offshore,0.9378558163373283
45,4,2030,3,wind_offshore,0.9239966117154694
45,5,2030,3,wind_offshore,0.8922730335179965
45,6,2030,3,wind_offshore,0.8378970339786789
45,7,2030,3,wind_offshore,0.7530891720916258
45,8,2030,3,wind_offshore,0.6439170157479582
45,9,2030,3,wind_offshore,0.5734307660770599
45,10,2030,3,wind_offshore,0.4774675738364988
45,11,2030,3,wind_offshore,0.3717475253724203
45,12,2030,3,wind_offshore,0.2842129359244294
45,13,2030,3,wind_offshore,0.23921114008136696
45,14,2030,3,wind_offshore,0.2100281626638612
45,15,2030,3,wind_offshore,0.1916395678917548
45,16,2030,3,wind_offshore,0.16766082541439462
45,17,2030,3,wind_offshore,0.1453399978554411
45,18,2030,3,wind_offshore,0.12906663819057343
45,19,2030,3,wind_offshore,0.12777377337919898
45,20,2030,3,wind_offshore,0.145044136014855
45,21,2030,3,wind_offshore,0.17985208115183107
45,22,2030,3,wind_offshore,0.22626326199285096
45,23,2030,3,wind_offshore,0.279927670867865
45,24,2030,3,wind_offshore,0.3440701114412919
45,1,2030,3,wind_onshore,0.7429369533406773
45,2,2030,3,wind_onshore,0.770022118125194
45,3,2030,3,wind_onshore,0.7882666442117902
45,4,2030,3,wind_onshore,0.7783165334934333
45,5,2030,3,wind_onshore,0.7344929063318917
45,6,2030,3,wind_onshore,0.6421097802548278
45,7,2030,3,wind_onshore,0.5452084315541958
45,8,2030,3,wind_onshore,0.4605063719945004
45,9,2030,3,wind_onshore,0.42780719885543145
45,10,2030,3,wind_onshore,0.38979086275202635
45,11,2030,3,wind_onshore,0.3229451457732315
45,12,2030,3,wind_onshore,0.27332906143722774
45,13,2030,3,wind_onshore,0.23307384301682488
45,14,2030,3,wind_onshore,0.20235404488624253
45,15,2030,3,wind_onshore,0.18237372820389042
45,16,2030,3,wind_onshore,0.1602558754541534
45,17,2030,3,wind_onshore,0.12855554303713387
45,18,2030,3,wind_onshore,0.09446195729535264
45,19,2030,3,wind_onshore,0.06487387330763159
45,20,2030,3,wind_onshore,0.03655417563837145
45,21,2030,3,wind_onshore,0.022400542295286152
45,22,2030,3,wind_onshore,0.017989147288519695
45,23,2030,3,wind_onshore,0.017365586191694798
45,24,2030,3,wind_onshore,0.022247144715990184
46,1,2030,3,demand,0.6862379487838943
46,2,2030,3,demand,0.6850127343713722
46,3,2030,3,demand,0.6733178306203585
46,4,2030,3,demand,0.6761754735650167
46,5,2030,3,demand,0.676250486692314
46,6,2030,3,demand,0.692171129947741
46,7,2030,3,demand,0.7082275112430391
46,8,2030,3,demand,0.7391114873674322
46,9,2030,3,demand,0.7475665384299396
46,10,2030,3,demand,0.7532532478898094
46,11,2030,3,demand,0.7695275244596376
46,12,2030,3,demand,0.7868805612410743
46,13,2030,3,demand,0.7995184871638251
46,14,2030,3,demand,0.7974538401363096
46,15,2030,3,demand,0.7977038838939672
46,16,2030,3,demand,0.8038656764933864
46,17,2030,3,demand,0.8247228979357103
46,18,2030,3,demand,0.8610899764601663
46,19,2030,3,demand,0.8689770709874228
46,20,2030,3,demand,0.853034995409911
46,21,2030,3,demand,0.8241870898835868
46,22,2030,3,demand,0.8024332829673765
46,23,2030,3,demand,0.7772145839807681
46,24,2030,3,demand,0.7548142353483288
46,1,2030,3,solar,0.0
46,2,2030,3,solar,0.0
46,3,2030,3,solar,0.0
46,4,2030,3,solar,0.0
46,5,2030,3,solar,0.0
46,6,2030,3,solar,0.0
46,7,2030,3,solar,0.0
46,8,2030,3,solar,0.0
46,9,2030,3,solar,0.000105
46,10,2030,3,solar,0.0227375
46,11,2030,3,solar,0.0678175
46,12,2030,3,solar,0.0817
46,13,2030,3,solar,0.09252
46,14,2030,3,solar,0.0808825
46,15,2030,3,solar,0.059052499999999994
46,16,2030,3,solar,0.024675
46,17,2030,3,solar,0.0013124999999999999
46,18,2030,3,solar,0.0
46,19,2030,3,solar,0.0
46,20,2030,3,solar,0.0
46,21,2030,3,solar,0.0
46,22,2030,3,solar,0.0
46,23,2030,3,solar,0.0
46,24,2030,3,solar,0.0
46,1,2030,3,wind_offshore,0.5207688900740604
46,2,2030,3,wind_offshore,0.6576284481695001
46,3,2030,3,wind_offshore,0.7711324571575933
46,4,2030,3,wind_offshore,0.8464724073283881
46,5,2030,3,wind_offshore,0.8983113300465101
46,6,2030,3,wind_offshore,0.9282493351232294
46,7,2030,3,wind_offshore,0.9351833114852678
46,8,2030,3,wind_offshore,0.94052393877168
46,9,2030,3,wind_offshore,0.9417410175701412
46,10,2030,3,wind_offshore,0.9415206184222958
46,11,2030,3,wind_offshore,0.9417733066781299
46,12,2030,3,wind_offshore,0.9444012788742322
46,13,2030,3,wind_offshore,0.9458511414517317
46,14,2030,3,wind_offshore,0.9454221978063948
46,15,2030,3,wind_offshore,0.9477773540826987
46,16,2030,3,wind_offshore,0.9484036026142634
46,17,2030,3,wind_offshore,0.9485531422254972
46,18,2030,3,wind_offshore,0.9500785187914517
46,19,2030,3,wind_offshore,0.9518256422254974
46,20,2030,3,wind_offshore,0.9518256422254974
46,21,2030,3,wind_offshore,0.9496046934653238
46,22,2030,3,wind_offshore,0.9496046934653238
46,23,2030,3,wind_offshore,0.9502103984246294
46,24,2030,3,wind_offshore,0.9498728546393187
46,1,2030,3,wind_onshore,0.10248216208181518
46,2,2030,3,wind_onshore,0.12974367351304542
46,3,2030,3,wind_onshore,0.16348242437364474
46,4,2030,3,wind_onshore,0.20636525013983867
46,5,2030,3,wind_onshore,0.2631304765239923
46,6,2030,3,wind_onshore,0.3387888255204984
46,7,2030,3,wind_onshore,0.42165983679609415
46,8,2030,3,wind_onshore,0.4801908589807591
46,9,2030,3,wind_onshore,0.5350122582399894
46,10,2030,3,wind_onshore,0.564573234987049
46,11,2030,3,wind_onshore,0.5810621035756481
46,12,2030,3,wind_onshore,0.5934774587422641
46,13,2030,3,wind_onshore,0.6618938821403438
46,14,2030,3,wind_onshore,0.7344961014887073
46,15,2030,3,wind_onshore,0.8066603607007322
46,16,2030,3,wind_onshore,0.8685208279820276
46,17,2030,3,wind_onshore,0.8977737142144004
46,18,2030,3,wind_onshore,0.9069568431645587
46,19,2030,3,wind_onshore,0.9120064037564447
46,20,2030,3,wind_onshore,0.9137618993589018
46,21,2030,3,wind_onshore,0.9144461284262666
46,22,2030,3,wind_onshore,0.9140388939580335
46,23,2030,3,wind_onshore,0.9117643346473329
46,24,2030,3,wind_onshore,0.9045004001765948
47,1,2030,3,demand,0.7278773785412448
47,2,2030,3,demand,0.707423799164854
47,3,2030,3,demand,0.6890991637822335
47,4,2030,3,demand,0.6868702022854
47,5,2030,3,demand,0.6846769613253748
47,6,2030,3,demand,0.6754503466678098
47,7,2030,3,demand,0.7543034316719712
47,8,2030,3,demand,0.7456054809591679
47,9,2030,3,demand,0.8757996935177942
47,10,2030,3,demand,0.9132312440391355
47,11,2030,3,demand,0.9293519223006883
47,12,2030,3,demand,0.9331918800075728
47,13,2030,3,demand,0.8997431693403489
47,14,2030,3,demand,0.9042653893002705
47,15,2030,3,demand,0.9113630599640652
47,16,2030,3,demand,0.8831081153487575
47,17,2030,3,demand,0.8516311783133478
47,18,2030,3,demand,0.8600969455368975
47,19,2030,3,demand,0.8477412118549318
47,20,2030,3,demand,0.8217688095416699
47,21,2030,3,demand,0.7913313401273795
47,22,2030,3,demand,0.746469917949927
47,23,2030,3,demand,0.7096706209300914
47,24,2030,3,demand,0.79337455483281
47,1,2030,3,solar,0.0
47,2,2030,3,solar,0.0
47,3,2030,3,solar,0.0
47,4,2030,3,solar,0.0
47,5,2030,3,solar,0.0
47,6,2030,3,solar,0.0
47,7,2030,3,solar,0.0
47,8,2030,3,solar,0.0
47,9,2030,3,solar,0.0007425
47,10,2030,3,solar,0.0374675
47,11,2030,3,solar,0.11521999999999999
47,12,2030,3,solar,0.1514575
47,13,2030,3,solar,0.1561625
47,14,2030,3,solar,0.167315
47,15,2030,3,solar,0.18644
47,16,2030,3,solar,0.15766
47,17,2030,3,solar,0.039670000000000004
47,18,2030,3,solar,0.0
47,19,2030,3,solar,0.0
47,20,2030,3,solar,0.0
47,21,2030,3,solar,0.0
47,22,2030,3,solar,0.0
47,23,2030,3,solar,0.0
47,24,2030,3,solar,0.0
47,1,2030,3,wind_offshore,0.3800743318278302
47,2,2030,3,wind_offshore,0.25947427965560665
47,3,2030,3,wind_offshore,0.18757983619282734
47,4,2030,3,wind_offshore,0.16541106863699145
47,5,2030,3,wind_offshore,0.1570046077828327
47,6,2030,3,wind_offshore,0.15251223542283665
47,7,2030,3,wind_offshore,0.15192323855551684
47,8,2030,3,wind_offshore,0.14943274928336092
47,9,2030,3,wind_offshore,0.14324782870421088
47,10,2030,3,wind_offshore,0.12824961590996445
47,11,2030,3,wind_offshore,0.11359711165247581
47,12,2030,3,wind_offshore,0.08881432038744069
47,13,2030,3,wind_offshore,0.0742958024307403
47,14,2030,3,wind_offshore,0.05991368247979501
47,15,2030,3,wind_offshore,0.04541407075348097
47,16,2030,3,wind_offshore,0.03642916050863401
47,17,2030,3,wind_offshore,0.02836069268241348
47,18,2030,3,wind_offshore,0.02673526962308497
47,19,2030,3,wind_offshore,0.02474658880182031
47,20,2030,3,wind_offshore,0.02005598042510787
47,21,2030,3,wind_offshore,0.01779421729843957
47,22,2030,3,wind_offshore,0.019104075045689027
47,23,2030,3,wind_offshore,0.018494440766758453
47,24,2030,3,wind_offshore,0.01446114152238554
47,1,2030,3,wind_onshore,0.30353099453856236
47,2,2030,3,wind_onshore,0.2023516434930244
47,3,2030,3,wind_onshore,0.11795190206446092
47,4,2030,3,wind_onshore,0.0563701918074391
47,5,2030,3,wind_onshore,0.02403068535928475
47,6,2030,3,wind_onshore,0.011531069242291563
47,7,2030,3,wind_onshore,0.006781718603824513
47,8,2030,3,wind_onshore,0.004920487203553444
47,9,2030,3,wind_onshore,0.004706189389049861
47,10,2030,3,wind_onshore,0.006352818057050065
47,11,2030,3,wind_onshore,0.006583714134574527
47,12,2030,3,wind_onshore,0.006470046137199152
47,13,2030,3,wind_onshore,0.00593127419597202
47,14,2030,3,wind_onshore,0.007070200870377279
47,15,2030,3,wind_onshore,0.009745570277756188
47,16,2030,3,wind_onshore,0.011882450001266967
47,17,2030,3,wind_onshore,0.011450603400206262
47,18,2030,3,wind_onshore,0.009514739154717827
47,19,2030,3,wind_onshore,0.007794163378356769
47,20,2030,3,wind_onshore,0.007033573091274931
47,21,2030,3,wind_onshore,0.007412882182188437
47,22,2030,3,wind_onshore,0.007147433130367546
47,23,2030,3,wind_onshore,0.005506063482638445
47,24,2030,3,wind_onshore,0.005041838503272505
48,1,2030,3,demand,0.6271240324199593
48,2,2030,3,demand,0.6079063836171331
48,3,2030,3,demand,0.5940789638186683
48,4,2030,3,demand,0.5949434008094274
48,5,2030,3,demand,0.6081028465695784
48,6,2030,3,demand,0.6736964683105259
48,7,2030,3,demand,0.6776864522720049
48,8,2030,3,demand,0.7970680583387808
48,9,2030,3,demand,0.843969123167983
48,10,2030,3,demand,0.8678768784537294
48,11,2030,3,demand,0.8651013927437301
48,12,2030,3,demand,0.8388217938139175
48,13,2030,3,demand,0.8380287978967749
48,14,2030,3,demand,0.8324385338862873
48,15,2030,3,demand,0.8122242821065115
48,16,2030,3,demand,0.7754964261602924
48,17,2030,3,demand,0.7244767834371015
48,18,2030,3,demand,0.7218977606795475
48,19,2030,3,demand,0.7541248289879301
48,20,2030,3,demand,0.7318530742880004
48,21,2030,3,demand,0.6774614128901129
48,22,2030,3,demand,0.6174330507838871
48,23,2030,3,demand,0.6748002328978999
48,24,2030,3,demand,0.6350468474840241
48,1,2030,3,solar,0.0
48,2,2030,3,solar,0.0
48,3,2030,3,solar,0.0
48,4,2030,3,solar,0.0
48,5,2030,3,solar,0.0
48,6,2030,3,solar,0.0
48,7,2030,3,solar,0.0
48,8,2030,3,solar,0.010065000000000001
48,9,2030,3,solar,0.06880499999999999
48,10,2030,3,solar,0.14898250000000002
48,11,2030,3,solar,0.2192175
48,12,2030,3,solar,0.25786
48,13,2030,3,solar,0.2667975
48,14,2030,3,solar,0.263575
48,15,2030,3,solar,0.24982999999999997
48,16,2030,3,solar,0.2014175
48,17,2030,3,solar,0.089045
48,18,2030,3,solar,0.008414999999999999
48,19,2030,3,solar,0.0
48,20,2030,3,solar,0.0
48,21,2030,3,solar,0.0
48,22,2030,3,solar,0.0
48,23,2030,3,solar,0.0
48,24,2030,3,solar,0.0
48,1,2030,3,wind_offshore,0.0003139240836209354
48,2,2030,3,wind_offshore,0.005307342946062633
48,3,2030,3,wind_offshore,0.023128656292979416
48,4,2030,3,wind_offshore,0.06583763689931352
48,5,2030,3,wind_offshore,0.12338826127994292
48,6,2030,3,wind_offshore,0.21191426902848357
48,7,2030,3,wind_offshore,0.3056555442344911
48,8,2030,3,wind_offshore,0.38380592736132546
48,9,2030,3,wind_offshore,0.46605801438287536
48,10,2030,3,wind_offshore,0.5706801886312428
48,11,2030,3,wind_offshore,0.6293367792846709
48,12,2030,3,wind_offshore,0.6947559736862406
48,13,2030,3,wind_offshore,0.7823772976937666
48,14,2030,3,wind_offshore,0.8369354346367759
48,15,2030,3,wind_offshore,0.8714449383305711
48,16,2030,3,wind_offshore,0.8908016059830037
48,17,2030,3,wind_offshore,0.9049156091851391
48,18,2030,3,wind_offshore,0.9031691530319828
48,19,2030,3,wind_offshore,0.9031830512866423
48,20,2030,3,wind_offshore,0.8916333959659551
48,21,2030,3,wind_offshore,0.884737776524174
48,22,2030,3,wind_offshore,0.874742998557598
48,23,2030,3,wind_offshore,0.8693478906119454
48,24,2030,3,wind_offshore,0.8574038532037559
48,1,2030,3,wind_onshore,9.211147848655935e-5
48,2,2030,3,wind_onshore,8.857956899810875e-5
48,3,2030,3,wind_onshore,0.0010369749585847155
48,4,2030,3,wind_onshore,0.004650226094091999
48,5,2030,3,wind_onshore,0.01232755021533591
48,6,2030,3,wind_onshore,0.034179370406435074
48,7,2030,3,wind_onshore,0.07860367839358964
48,8,2030,3,wind_onshore,0.13961054902118097
48,9,2030,3,wind_onshore,0.1900337235326747
48,10,2030,3,wind_onshore,0.22490347834298885
48,11,2030,3,wind_onshore,0.24332366503031522
48,12,2030,3,wind_onshore,0.24311922727046775
48,13,2030,3,wind_onshore,0.2625480854416032
48,14,2030,3,wind_onshore,0.27410882014510857
48,15,2030,3,wind_onshore,0.2877688783903083
48,16,2030,3,wind_onshore,0.2914964610736904
48,17,2030,3,wind_onshore,0.30621560446527735
48,18,2030,3,wind_onshore,0.2907502806762019
48,19,2030,3,wind_onshore,0.29247427110246244
48,20,2030,3,wind_onshore,0.2934166827602029
48,21,2030,3,wind_onshore,0.29159973581603904
48,22,2030,3,wind_onshore,0.3021923223683369
48,23,2030,3,wind_onshore,0.33887819344348064
48,24,2030,3,wind_onshore,0.36524341101724234
49,1,2030,4,demand,0.770788459408968
49,2,2030,4,demand,0.7511207318423582
49,3,2030,4,demand,0.7310636504245387
49,4,2030,4,demand,0.7274808805826735
49,5,2030,4,demand,0.7229729488374752
49,6,2030,4,demand,0.704680461937982
49,7,2030,4,demand,0.7756393083075253
49,8,2030,4,demand,0.7493882858071592
49,9,2030,4,demand,0.8836403513472001
49,10,2030,4,demand,0.9328346746394905
49,11,2030,4,demand,0.9196645127182971
49,12,2030,4,demand,0.9307807437730174
49,13,2030,4,demand,0.897807116245343
49,14,2030,4,demand,0.9000539380105804
49,15,2030,4,demand,0.9002718332851107
49,16,2030,4,demand,0.8832474254423095
49,17,2030,4,demand,0.849573675393194
49,18,2030,4,demand,0.8540780350847113
49,19,2030,4,demand,0.829220113519866
49,20,2030,4,demand,0.8061767952248787
49,21,2030,4,demand,0.7790220431432644
49,22,2030,4,demand,0.7414833310114985
49,23,2030,4,demand,0.7034373872570557
49,24,2030,4,demand,0.7996649413647389
49,1,2030,4,solar,0.0
49,2,2030,4,solar,0.0
49,3,2030,4,solar,0.0
49,4,2030,4,solar,0.0
49,5,2030,4,solar,0.0
49,6,2030,4,solar,0.0
49,7,2030,4,solar,0.0
49,8,2030,4,solar,0.0
49,9,2030,4,solar,5.4999999999999995e-5
49,10,2030,4,solar,0.0246725
49,11,2030,4,solar,0.0912275
49,12,2030,4,solar,0.1172375
49,13,2030,4,solar,0.10854749999999999
49,14,2030,4,solar,0.09561249999999999
49,15,2030,4,solar,0.07387250000000001
49,16,2030,4,solar,0.04542
49,17,2030,4,solar,0.006135
49,18,2030,4,solar,0.0
49,19,2030,4,solar,0.0
49,20,2030,4,solar,0.0
49,21,2030,4,solar,0.0
49,22,2030,4,solar,0.0
49,23,2030,4,solar,0.0
49,24,2030,4,solar,0.0
49,1,2030,4,wind_offshore,0.963696582857283
49,2,2030,4,wind_offshore,0.9639480676350609
49,3,2030,4,wind_offshore,0.9639501043618683
49,4,2030,4,wind_offshore,0.9662771367467042
49,5,2030,4,wind_offshore,0.9664317921768606
49,6,2030,4,wind_offshore,0.9660638223944976
49,7,2030,4,wind_offshore,0.9660668526121345
49,8,2030,4,wind_offshore,0.9654493526121345
49,9,2030,4,wind_offshore,0.9654493526121345
49,10,2030,4,wind_offshore,0.9654523828297714
49,11,2030,4,wind_offshore,0.9654523828297714
49,12,2030,4,wind_offshore,0.9643172593957258
49,13,2030,4,wind_offshore,0.9640707593957257
49,14,2030,4,wind_offshore,0.9616062593957257
49,15,2030,4,wind_offshore,0.9563375062638172
49,16,2030,4,wind_offshore,0.9560910062638172
49,17,2030,4,wind_offshore,0.9516081296978629
49,18,2030,4,wind_offshore,0.9531335062638171
49,19,2030,4,wind_offshore,0.9546588828297715
49,20,2030,4,wind_offshore,0.9555637454695816
49,21,2030,4,wind_offshore,0.9561192648413165
49,22,2030,4,wind_offshore,0.9559956304012118
49,23,2030,4,wind_offshore,0.9570988177130926
49,24,2030,4,wind_offshore,0.9566763534537013
49,1,2030,4,wind_onshore,0.8723142467692927
49,2,2030,4,wind_onshore,0.8699790250007887
49,3,2030,4,wind_onshore,0.8730681336092665
49,4,2030,4,wind_onshore,0.8776973159257762
49,5,2030,4,wind_onshore,0.8872955071692586
49,6,2030,4,wind_onshore,0.8956067792067264
49,7,2030,4,wind_onshore,0.9001270597339704
49,8,2030,4,wind_onshore,0.9033165514978153
49,9,2030,4,wind_onshore,0.9049995300611027
49,10,2030,4,wind_onshore,0.9062240392406611
49,11,2030,4,wind_onshore,0.9043129035372627
49,12,2030,4,wind_onshore,0.9030714791598977
49,13,2030,4,wind_onshore,0.9073771198165272
49,14,2030,4,wind_onshore,0.9103846919413136
49,15,2030,4,wind_onshore,0.9136534295662
49,16,2030,4,wind_onshore,0.9145962697059598
49,17,2030,4,wind_onshore,0.9149462423873471
49,18,2030,4,wind_onshore,0.9147416012995048
49,19,2030,4,wind_onshore,0.9145322211191232
49,20,2030,4,wind_onshore,0.9138529901145046
49,21,2030,4,wind_onshore,0.9129676437136494
49,22,2030,4,wind_onshore,0.9102969633427697
49,23,2030,4,wind_onshore,0.9010786935821902
49,24,2030,4,wind_onshore,0.8787932964670946
50,1,2030,4,demand,0.6051094655850487
50,2,2030,4,demand,0.5857096420445007
50,3,2030,4,demand,0.5729324060281978
50,4,2030,4,demand,0.5646452414886891
50,5,2030,4,demand,0.5502927297991435
50,6,2030,4,demand,0.5281602851927659
50,7,2030,4,demand,0.5886708745459027
50,8,2030,4,demand,0.6612049965886888
50,9,2030,4,demand,0.7300027504813342
50,10,2030,4,demand,0.7840729270479477
50,11,2030,4,demand,0.8041300084657673
50,12,2030,4,demand,0.8192005029451582
50,13,2030,4,demand,0.8263446103068037
50,14,2030,4,demand,0.8267553964800983
50,15,2030,4,demand,0.8311597386685529
50,16,2030,4,demand,0.8260909944954653
50,17,2030,4,demand,0.8150212001385957
50,18,2030,4,demand,0.8166964933149016
50,19,2030,4,demand,0.7906490778743424
50,20,2030,4,demand,0.7726209229472301
50,21,2030,4,demand,0.7360645255776904
50,22,2030,4,demand,0.7068808470053689
50,23,2030,4,demand,0.6748359534347081
50,24,2030,4,demand,0.6234662494507968
50,1,2030,4,solar,0.0
50,2,2030,4,solar,0.0
50,3,2030,4,solar,0.0
50,4,2030,4,solar,0.0
50,5,2030,4,solar,0.0037225
50,6,2030,4,solar,0.082995
50,7,2030,4,solar,0.2841325
50,8,2030,4,solar,0.421025
50,9,2030,4,solar,0.51672
50,10,2030,4,solar,0.5454325
50,11,2030,4,solar,0.540605
50,12,2030,4,solar,0.5280549999999999
50,13,2030,4,solar,0.50987
50,14,2030,4,solar,0.48573000000000005
50,15,2030,4,solar,0.449815
50,16,2030,4,solar,0.3922275
50,17,2030,4,solar,0.31874
50,18,2030,4,solar,0.23653749999999998
50,19,2030,4,solar,0.16395
50,20,2030,4,solar,0.066955
50,21,2030,4,solar,0.0106525
50,22,2030,4,solar,0.0
50,23,2030,4,solar,0.0
50,24,2030,4,solar,0.0
50,1,2030,4,wind_offshore,0.020557288653781328
50,2,2030,4,wind_offshore,0.008555067022077395
50,3,2030,4,wind_offshore,0.0015864749846065556
50,4,2030,4,wind_offshore,0.0004222504516498502
50,5,2030,4,wind_offshore,0.00019343196536476614
50,6,2030,4,wind_offshore,0.00016834196536477132
50,7,2030,4,wind_offshore,8.82699999999922e-5
50,8,2030,4,wind_offshore,0.00021949696536477262
50,9,2030,4,wind_offshore,0.0010119857229181888
50,10,2030,4,wind_offshore,0.003042269515925633
50,11,2030,4,wind_offshore,0.008482066885475752
50,12,2030,4,wind_offshore,0.013386425633660394
50,13,2030,4,wind_offshore,0.029916485816114828
50,14,2030,4,wind_offshore,0.06026941189549746
50,15,2030,4,wind_offshore,0.12018383488252155
50,16,2030,4,wind_offshore,0.2315473314436427
50,17,2030,4,wind_offshore,0.44280882088257556
50,18,2030,4,wind_offshore,0.7148416102792972
50,19,2030,4,wind_offshore,0.8660857599512661
50,20,2030,4,wind_offshore,0.9235547367375916
50,21,2030,4,wind_offshore,0.9428424463188921
50,22,2030,4,wind_offshore,0.953505766063763
50,23,2030,4,wind_offshore,0.9593449745301554
50,24,2030,4,wind_offshore,0.9602368914261334
50,1,2030,4,wind_onshore,0.01756188053797131
50,2,2030,4,wind_onshore,0.011835316466636433
50,3,2030,4,wind_onshore,0.0068791867936429316
50,4,2030,4,wind_onshore,0.0040205243002466515
50,5,2030,4,wind_onshore,0.002948332715200449
50,6,2030,4,wind_onshore,0.0025671464250840593
50,7,2030,4,wind_onshore,0.0007111833772880993
50,8,2030,4,wind_onshore,5.949273811435434e-5
50,9,2030,4,wind_onshore,4.168589481917006e-6
50,10,2030,4,wind_onshore,6.315693301591331e-5
50,11,2030,4,wind_onshore,0.00035155685203868857
50,12,2030,4,wind_onshore,0.0005846814988735472
50,13,2030,4,wind_onshore,0.0015996393594437466
50,14,2030,4,wind_onshore,0.004172567817561388
50,15,2030,4,wind_onshore,0.011658823695056664
50,16,2030,4,wind_onshore,0.03230626068955561
50,17,2030,4,wind_onshore,0.07564793037413359
50,18,2030,4,wind_onshore,0.15372092359160863
50,19,2030,4,wind_onshore,0.2695396019914622
50,20,2030,4,wind_onshore,0.47877995967413217
50,21,2030,4,wind_onshore,0.6704296897370572
50,22,2030,4,wind_onshore,0.7965677292021139
50,23,2030,4,wind_onshore,0.8616145611564763
50,24,2030,4,wind_onshore,0.878032443409053
51,1,2030,4,demand,0.7534854313790629
51,2,2030,4,demand,0.7291704619737026
51,3,2030,4,demand,0.7014227489810718
51,4,2030,4,demand,0.6986008265732219
51,5,2030,4,demand,0.7006940500301839
51,6,2030,4,demand,0.6788295094498681
51,7,2030,4,demand,0.6969362495579584
51,8,2030,4,demand,0.7306957288954139
51,9,2030,4,demand,0.7874485177763252
51,10,2030,4,demand,0.845180049365782
51,11,2030,4,demand,0.8791574239777675
51,12,2030,4,demand,0.9046511710977992
51,13,2030,4,demand,0.9054084464781337
51,14,2030,4,demand,0.8800575815053349
51,15,2030,4,demand,0.8910309304128223
51,16,2030,4,demand,0.8826115998871231
51,17,2030,4,demand,0.897807116245343
51,18,2030,4,demand,0.9233008633653748
51,19,2030,4,demand,0.908969783997914
51,20,2030,4,demand,0.8986108283235281
51,21,2030,4,demand,0.8675875421055829
51,22,2030,4,demand,0.8367892952695294
51,23,2030,4,demand,0.8080521234073106
51,24,2030,4,demand,0.7830656079099557
51,1,2030,4,solar,0.0
51,2,2030,4,solar,0.0
51,3,2030,4,solar,0.0
51,4,2030,4,solar,0.0
51,5,2030,4,solar,0.0
51,6,2030,4,solar,0.0
51,7,2030,4,solar,0.0
51,8,2030,4,solar,0.0
51,9,2030,4,solar,0.0
51,10,2030,4,solar,0.01052
51,11,2030,4,solar,0.027487499999999998
51,12,2030,4,solar,0.0461025
51,13,2030,4,solar,0.0638
51,14,2030,4,solar,0.0583775
51,15,2030,4,solar,0.04144
51,16,2030,4,solar,0.023447500000000003
51,17,2030,4,solar,0.0032300000000000002
51,18,2030,4,solar,0.0
51,19,2030,4,solar,0.0
51,20,2030,4,solar,0.0
51,21,2030,4,solar,0.0
51,22,2030,4,solar,0.0
51,23,2030,4,solar,0.0
51,24,2030,4,solar,0.0
51,1,2030,4,wind_offshore,0.9538266170538489
51,2,2030,4,wind_offshore,0.9496343215692165
51,3,2030,4,wind_offshore,0.9399386050974418
51,4,2030,4,wind_offshore,0.9138084501124643
51,5,2030,4,wind_offshore,0.8437058534550718
51,6,2030,4,wind_offshore,0.7360849884575366
51,7,2030,4,wind_offshore,0.6209483247845694
51,8,2030,4,wind_offshore,0.4999312807625567
51,9,2030,4,wind_offshore,0.4044325633760422
51,10,2030,4,wind_offshore,0.3380191783801772
51,11,2030,4,wind_offshore,0.2849870074638863
51,12,2030,4,wind_offshore,0.23359180535901794
51,13,2030,4,wind_offshore,0.20432957602647744
51,14,2030,4,wind_offshore,0.1808351397581978
51,15,2030,4,wind_offshore,0.1494575997396973
51,16,2030,4,wind_offshore,0.13064717951117663
51,17,2030,4,wind_offshore,0.11023868311302
51,18,2030,4,wind_offshore,0.1022785895945736
51,19,2030,4,wind_offshore,0.10670216650806731
51,20,2030,4,wind_offshore,0.1123570133693326
51,21,2030,4,wind_offshore,0.11287350409753429
51,22,2030,4,wind_offshore,0.10669559263218015
51,23,2030,4,wind_offshore,0.10336082448410243
51,24,2030,4,wind_offshore,0.09673243051540638
51,1,2030,4,wind_onshore,0.8461896149051428
51,2,2030,4,wind_onshore,0.7964519337926853
51,3,2030,4,wind_onshore,0.727594927100712
51,4,2030,4,wind_onshore,0.6466814043985967
51,5,2030,4,wind_onshore,0.5420687848268887
51,6,2030,4,wind_onshore,0.42815680263004696
51,7,2030,4,wind_onshore,0.3208636523971427
51,8,2030,4,wind_onshore,0.22724830976500135
51,9,2030,4,wind_onshore,0.17222074457053418
51,10,2030,4,wind_onshore,0.13162731405600872
51,11,2030,4,wind_onshore,0.09937339664556297
51,12,2030,4,wind_onshore,0.0751962672632538
51,13,2030,4,wind_onshore,0.06561472932604925
51,14,2030,4,wind_onshore,0.058544247081815486
51,15,2030,4,wind_onshore,0.05405057297428732
51,16,2030,4,wind_onshore,0.043555288630846144
51,17,2030,4,wind_onshore,0.037397496801660955
51,18,2030,4,wind_onshore,0.03586545574241944
51,19,2030,4,wind_onshore,0.03289259606376224
51,20,2030,4,wind_onshore,0.03153996880424279
51,21,2030,4,wind_onshore,0.02837569944009539
51,22,2030,4,wind_onshore,0.02376847461036846
51,23,2030,4,wind_onshore,0.018902688978826403
51,24,2030,4,wind_onshore,0.01744543073403302
52,1,2030,4,demand,0.6236770006179654
52,2,2030,4,demand,0.6075598944100933
52,3,2030,4,demand,0.6013302327907384
52,4,2030,4,demand,0.5974616986544075
52,5,2030,4,demand,0.6055166797046626
52,6,2030,4,demand,0.6161542555661527
52,7,2030,4,demand,0.5934752867466093
52,8,2030,4,demand,0.6834910395033418
52,9,2030,4,demand,0.7153287539605145
52,10,2030,4,demand,0.742740693907148
52,11,2030,4,demand,0.765851881222071
52,12,2030,4,demand,0.7652053395058421
52,13,2030,4,demand,0.7629728059553279
52,14,2030,4,demand,0.763494325792728
52,15,2030,4,demand,0.7513814917610582
52,16,2030,4,demand,0.7286167936531751
52,17,2030,4,demand,0.7032302081435681
52,18,2030,4,demand,0.6976506602941229
52,19,2030,4,demand,0.6798904093930723
52,20,2030,4,demand,0.6695957506849414
52,21,2030,4,demand,0.6650628145639773
52,22,2030,4,demand,0.6214016024232812
52,23,2030,4,demand,0.6777436051308979
52,24,2030,4,demand,0.6269954384874495
52,1,2030,4,solar,0.0
52,2,2030,4,solar,0.0
52,3,2030,4,solar,0.0
52,4,2030,4,solar,0.0
52,5,2030,4,solar,0.0
52,6,2030,4,solar,0.0073575
52,7,2030,4,solar,0.15817
52,8,2030,4,solar,0.46513249999999995
52,9,2030,4,solar,0.6507299999999999
52,10,2030,4,solar,0.6956928830288746
52,11,2030,4,solar,0.688415
52,12,2030,4,solar,0.6638824999999999
52,13,2030,4,solar,0.65513
52,14,2030,4,solar,0.6587875
52,15,2030,4,solar,0.66963
52,16,2030,4,solar,0.68216
52,17,2030,4,solar,0.66449
52,18,2030,4,solar,0.5609000000000001
52,19,2030,4,solar,0.269255
52,20,2030,4,solar,0.0307525
52,21,2030,4,solar,0.0
52,22,2030,4,solar,0.0
52,23,2030,4,solar,0.0
52,24,2030,4,solar,0.0
52,1,2030,4,wind_offshore,0.34103253226007446
52,2,2030,4,wind_offshore,0.3704629472141935
52,3,2030,4,wind_offshore,0.4535254946489287
52,4,2030,4,wind_offshore,0.5650788744235433
52,5,2030,4,wind_offshore,0.6795382150128204
52,6,2030,4,wind_offshore,0.7838526805428727
52,7,2030,4,wind_offshore,0.848387657805298
52,8,2030,4,wind_offshore,0.8857518632230456
52,9,2030,4,wind_offshore,0.9070816810536421
52,10,2030,4,wind_offshore,0.905270853666031
52,11,2030,4,wind_offshore,0.8749598493165802
52,12,2030,4,wind_offshore,0.7977248507630047
52,13,2030,4,wind_offshore,0.7139964790143012
52,14,2030,4,wind_offshore,0.5942476321724394
52,15,2030,4,wind_offshore,0.43514290874182626
52,16,2030,4,wind_offshore,0.3072763738334429
52,17,2030,4,wind_offshore,0.2143219107973686
52,18,2030,4,wind_offshore,0.15635157439289019
52,19,2030,4,wind_offshore,0.14546516067854778
52,20,2030,4,wind_offshore,0.17174264659601512
52,21,2030,4,wind_offshore,0.24300207744902336
52,22,2030,4,wind_offshore,0.3096334260298605
52,23,2030,4,wind_offshore,0.3309691942974977
52,24,2030,4,wind_offshore,0.32777294200281865
52,1,2030,4,wind_onshore,0.2111651283943251
52,2,2030,4,wind_onshore,0.20889455780031557
52,3,2030,4,wind_onshore,0.2346316920833262
52,4,2030,4,wind_onshore,0.2608660059256013
52,5,2030,4,wind_onshore,0.27214259707911526
52,6,2030,4,wind_onshore,0.2811956976184069
52,7,2030,4,wind_onshore,0.29375953921193715
52,8,2030,4,wind_onshore,0.33222688914049553
52,9,2030,4,wind_onshore,0.37625353323720123
52,10,2030,4,wind_onshore,0.41709552849935555
52,11,2030,4,wind_onshore,0.3752294913547003
52,12,2030,4,wind_onshore,0.29751087126579845
52,13,2030,4,wind_onshore,0.24136004074072276
52,14,2030,4,wind_onshore,0.19433696325706834
52,15,2030,4,wind_onshore,0.15381362228933113
52,16,2030,4,wind_onshore,0.11721249162310583
52,17,2030,4,wind_onshore,0.08304315957502044
52,18,2030,4,wind_onshore,0.05188164723623704
52,19,2030,4,wind_onshore,0.03327549953858595
52,20,2030,4,wind_onshore,0.03488063787636274
52,21,2030,4,wind_onshore,0.04966698489106547
52,22,2030,4,wind_onshore,0.07334606265174182
52,23,2030,4,wind_onshore,0.09021104635943981
52,24,2030,4,wind_onshore,0.09759225454460016
53,1,2030,4,demand,0.6941500476869167
53,2,2030,4,demand,0.6801404531507299
53,3,2030,4,demand,0.6709995677815047
53,4,2030,4,demand,0.6647270415179799
53,5,2030,4,demand,0.6749323988840904
53,6,2030,4,demand,0.7173469642901794
53,7,2030,4,demand,0.7254019453404347
53,8,2030,4,demand,0.8371322124228883
53,9,2030,4,demand,0.8943600844433491
53,10,2030,4,demand,0.916889027008298
53,11,2030,4,demand,0.9125525538397792
53,12,2030,4,demand,0.887451732624638
53,13,2030,4,demand,0.8801683151694405
53,14,2030,4,demand,0.8806005336648199
53,15,2030,4,demand,0.8682769484659816
53,16,2030,4,demand,0.8639797678879519
53,17,2030,4,demand,0.8703201631714123
53,18,2030,4,demand,0.8338280627681273
53,19,2030,4,demand,0.8204685820018504
53,20,2030,4,demand,0.7908919775246382
53,21,2030,4,demand,0.7607367003511329
53,22,2030,4,demand,0.7162789202396134
53,23,2030,4,demand,0.738672124764691
53,24,2030,4,demand,0.6983579269229258
53,1,2030,4,solar,0.0
53,2,2030,4,solar,0.0
53,3,2030,4,solar,0.0
53,4,2030,4,solar,0.0
53,5,2030,4,solar,0.0
53,6,2030,4,solar,0.0
53,7,2030,4,solar,0.0
53,8,2030,4,solar,0.0
53,9,2030,4,solar,9.5e-5
53,10,2030,4,solar,0.027084999999999998
53,11,2030,4,solar,0.09971500000000001
53,12,2030,4,solar,0.1148625
53,13,2030,4,solar,0.112825
53,14,2030,4,solar,0.11308750000000001
53,15,2030,4,solar,0.0992475
53,16,2030,4,solar,0.0369625
53,17,2030,4,solar,0.0006625
53,18,2030,4,solar,0.0
53,19,2030,4,solar,0.0
53,20,2030,4,solar,0.0
53,21,2030,4,solar,0.0
53,22,2030,4,solar,0.0
53,23,2030,4,solar,0.0
53,24,2030,4,solar,0.0
53,1,2030,4,wind_offshore,0.0014380451323589552
53,2,2030,4,wind_offshore,0.0014469358232620847
53,3,2030,4,wind_offshore,0.008428234089037983
53,4,2030,4,wind_offshore,0.020200865796446407
53,5,2030,4,wind_offshore,0.0599469009948588
53,6,2030,4,wind_offshore,0.12181013198680876
53,7,2030,4,wind_offshore,0.30278206487208636
53,8,2030,4,wind_offshore,0.5402737372886399
53,9,2030,4,wind_offshore,0.7684937968673676
53,10,2030,4,wind_offshore,0.8879871405185158
53,11,2030,4,wind_offshore,0.9256974377811911
53,12,2030,4,wind_offshore,0.9377614986779143
53,13,2030,4,wind_offshore,0.9453935172781223
53,14,2030,4,wind_offshore,0.9494276443812935
53,15,2030,4,wind_offshore,0.9528175674085291
53,16,2030,4,wind_offshore,0.9525767409769916
53,17,2030,4,wind_offshore,0.9486609082319399
53,18,2030,4,wind_offshore,0.9455129347379886
53,19,2030,4,wind_offshore,0.9299868188145525
53,20,2030,4,wind_offshore,0.8873317236588557
53,21,2030,4,wind_offshore,0.8129227628359449
53,22,2030,4,wind_offshore,0.7153366840223531
53,23,2030,4,wind_offshore,0.5943844102382707
53,24,2030,4,wind_offshore,0.4791863069178744
53,1,2030,4,wind_onshore,0.0015865480311350899
53,2,2030,4,wind_onshore,0.003035057584059663
53,3,2030,4,wind_onshore,0.005737093129386921
53,4,2030,4,wind_onshore,0.009093008130271139
53,5,2030,4,wind_onshore,0.014621204444356918
53,6,2030,4,wind_onshore,0.025046247683738292
53,7,2030,4,wind_onshore,0.04951792086257615
53,8,2030,4,wind_onshore,0.10579390846688712
53,9,2030,4,wind_onshore,0.19322212428021532
53,10,2030,4,wind_onshore,0.28217829784131254
53,11,2030,4,wind_onshore,0.33826842892518116
53,12,2030,4,wind_onshore,0.36986918395354773
53,13,2030,4,wind_onshore,0.4117589997205943
53,14,2030,4,wind_onshore,0.47758285279609825
53,15,2030,4,wind_onshore,0.5544932895280661
53,16,2030,4,wind_onshore,0.636173383177218
53,17,2030,4,wind_onshore,0.7055994791978569
53,18,2030,4,wind_onshore,0.7476247133890112
53,19,2030,4,wind_onshore,0.7492964772259931
53,20,2030,4,wind_onshore,0.708549203095193
53,21,2030,4,wind_onshore,0.6277000625816983
53,22,2030,4,wind_onshore,0.5267832204883859
53,23,2030,4,wind_onshore,0.4149277116533673
53,24,2030,4,wind_onshore,0.32515781256033066
54,1,2030,4,demand,0.7131283688931277
54,2,2030,4,demand,0.6930212787237767
54,3,2030,4,demand,0.6750609928166001
54,4,2030,4,demand,0.6729427649838722
54,5,2030,4,demand,0.67145679065265
54,6,2030,4,demand,0.6592153626884705
54,7,2030,4,demand,0.7346428482127231
54,8,2030,4,demand,0.7375683601773168
54,9,2030,4,demand,0.863272501259149
54,10,2030,4,demand,0.8999289161317516
54,11,2030,4,demand,0.918178538387075
54,12,2030,4,demand,0.9209861725802015
54,13,2030,4,demand,0.8863336798225404
54,14,2030,4,demand,0.8893985018806863
54,15,2030,4,demand,0.89406003193416
54,16,2030,4,demand,0.861154273426421
54,17,2030,4,demand,0.8234833953084647
54,18,2030,4,demand,0.8271233180092231
54,19,2030,4,demand,0.8115348757461127
54,20,2030,4,demand,0.7842158091951806
54,21,2030,4,demand,0.7543963050676726
54,22,2030,4,demand,0.7086811620605035
54,23,2030,4,demand,0.6690885190622645
54,24,2030,4,demand,0.7499598143960908
54,1,2030,4,solar,0.0
54,2,2030,4,solar,0.0
54,3,2030,4,solar,0.0
54,4,2030,4,solar,0.0
54,5,2030,4,solar,0.0
54,6,2030,4,solar,0.0
54,7,2030,4,solar,0.0
54,8,2030,4,solar,0.0
54,9,2030,4,solar,0.0017824999999999998
54,10,2030,4,solar,0.06644749999999999
54,11,2030,4,solar,0.1680725
54,12,2030,4,solar,0.18144
54,13,2030,4,solar,0.17421999999999999
54,14,2030,4,solar,0.17428
54,15,2030,4,solar,0.1726125
54,16,2030,4,solar,0.1535975
54,17,2030,4,solar,0.042312499999999996
54,18,2030,4,solar,0.0
54,19,2030,4,solar,0.0
54,20,2030,4,solar,0.0
54,21,2030,4,solar,0.0
54,22,2030,4,solar,0.0
54,23,2030,4,solar,0.0
54,24,2030,4,solar,0.0
54,1,2030,4,wind_offshore,0.0022784872377750558
54,2,2030,4,wind_offshore,0.0015113907314121596
54,3,2030,4,wind_offshore,0.0023902159709713895
54,4,2030,4,wind_offshore,0.0020671383596771037
54,5,2030,4,wind_offshore,0.00365348423378019
54,6,2030,4,wind_offshore,0.004890075802940722
54,7,2030,4,wind_offshore,0.006698249745295072
54,8,2030,4,wind_offshore,0.011091856179758804
54,9,2030,4,wind_offshore,0.017257963365305287
54,10,2030,4,wind_offshore,0.019925119819700316
54,11,2030,4,wind_offshore,0.014267627825987795
54,12,2030,4,wind_offshore,0.0057333223307131686
54,13,2030,4,wind_offshore,0.0022776546827969913
54,14,2030,4,wind_offshore,0.001019556219929561
54,15,2030,4,wind_offshore,0.001340029678293589
54,16,2030,4,wind_offshore,0.004361702783311097
54,17,2030,4,wind_offshore,0.00912455428030527
54,18,2030,4,wind_offshore,0.016999996510956825
54,19,2030,4,wind_offshore,0.026046167244635765
54,20,2030,4,wind_offshore,0.032873209118850916
54,21,2030,4,wind_offshore,0.03598030916711699
54,22,2030,4,wind_offshore,0.03281337203269597
54,23,2030,4,wind_offshore,0.030148647810775416
54,24,2030,4,wind_offshore,0.028325853563907297
54,1,2030,4,wind_onshore,0.0003737624587150008
54,2,2030,4,wind_onshore,0.0002960002572390405
54,3,2030,4,wind_onshore,0.0002482065222787913
54,4,2030,4,wind_onshore,0.0003462741265304553
54,5,2030,4,wind_onshore,0.0006772158729883266
54,6,2030,4,wind_onshore,0.0012244357090868273
54,7,2030,4,wind_onshore,0.002050913619326514
54,8,2030,4,wind_onshore,0.0038457355024302375
54,9,2030,4,wind_onshore,0.006275125705563926
54,10,2030,4,wind_onshore,0.007361061682130643
54,11,2030,4,wind_onshore,0.0037504544906236843
54,12,2030,4,wind_onshore,0.0003117491369311351
54,13,2030,4,wind_onshore,1.9317834864739158e-5
54,14,2030,4,wind_onshore,2.9944067608279177e-5
54,15,2030,4,wind_onshore,4.9768790559808325e-6
54,16,2030,4,wind_onshore,6.646745881639429e-5
54,17,2030,4,wind_onshore,0.0007574107879203148
54,18,2030,4,wind_onshore,0.003731934047418667
54,19,2030,4,wind_onshore,0.006821999728915961
54,20,2030,4,wind_onshore,0.009647768813872644
54,21,2030,4,wind_onshore,0.011819163148960157
54,22,2030,4,wind_onshore,0.012875366082325056
54,23,2030,4,wind_onshore,0.01007496430619988
54,24,2030,4,wind_onshore,0.007906275518422518
55,1,2030,4,demand,0.6230411750627788
55,2,2030,4,demand,0.6007551321481259
55,3,2030,4,demand,0.594711217320174
55,4,2030,4,demand,0.5938182038999682
55,5,2030,4,demand,0.6114962975663599
55,6,2030,4,demand,0.6459308950494909
55,7,2030,4,demand,0.6533321902761554
55,8,2030,4,demand,0.7787755714392877
55,9,2030,4,demand,0.8371822211744199
55,10,2030,4,demand,0.8467410368243014
55,11,2030,4,demand,0.8492771949376855
55,12,2030,4,demand,0.8229833077931495
55,13,2030,4,demand,0.8360927448017689
55,14,2030,4,demand,0.8322563591485653
55,15,2030,4,demand,0.8138531385849668
55,16,2030,4,demand,0.782372629495876
55,17,2030,4,demand,0.7412404313612024
55,18,2030,4,demand,0.7435015413411634
55,19,2030,4,demand,0.7785612482184383
55,20,2030,4,demand,0.77991505656347
55,21,2030,4,demand,0.7339891623891324
55,22,2030,4,demand,0.6620765776868096
55,23,2030,4,demand,0.6953538297773539
55,24,2030,4,demand,0.644312754732078
55,1,2030,4,solar,0.0
55,2,2030,4,solar,0.0
55,3,2030,4,solar,0.0
55,4,2030,4,solar,0.0
55,5,2030,4,solar,0.0
55,6,2030,4,solar,0.0
55,7,2030,4,solar,0.0
55,8,2030,4,solar,0.0137775
55,9,2030,4,solar,0.061115
55,10,2030,4,solar,0.1470575
55,11,2030,4,solar,0.2406425
55,12,2030,4,solar,0.3004475
55,13,2030,4,solar,0.3181425
55,14,2030,4,solar,0.3239525
55,15,2030,4,solar,0.3207325
55,16,2030,4,solar,0.29828
55,17,2030,4,solar,0.18756749999999997
55,18,2030,4,solar,0.0400325
55,19,2030,4,solar,0.0
55,20,2030,4,solar,0.0
55,21,2030,4,solar,0.0
55,22,2030,4,solar,0.0
55,23,2030,4,solar,0.0
55,24,2030,4,solar,0.0
55,1,2030,4,wind_offshore,0.9714705719923853
55,2,2030,4,wind_offshore,0.9690046595662
55,3,2030,4,wind_offshore,0.9689996200106444
55,4,2030,4,wind_offshore,0.9683748095661999
55,5,2030,4,wind_offshore,0.9675393276431673
55,6,2030,4,wind_offshore,0.9673662506574143
55,7,2030,4,wind_offshore,0.967885758787194
55,8,2030,4,wind_offshore,0.9676140210764543
55,9,2030,4,wind_offshore,0.963069473593802
55,10,2030,4,wind_offshore,0.9590191464331836
55,11,2030,4,wind_offshore,0.947948495036652
55,12,2030,4,wind_offshore,0.9307340158492806
55,13,2030,4,wind_offshore,0.9091324784363877
55,14,2030,4,wind_offshore,0.8588975673506034
55,15,2030,4,wind_offshore,0.786443541627168
55,16,2030,4,wind_offshore,0.6715844926695888
55,17,2030,4,wind_offshore,0.5055548423205255
55,18,2030,4,wind_offshore,0.34521472144771526
55,19,2030,4,wind_offshore,0.20709989063942627
55,20,2030,4,wind_offshore,0.12696210542259104
55,21,2030,4,wind_offshore,0.08662423577391862
55,22,2030,4,wind_offshore,0.06934679019430981
55,23,2030,4,wind_offshore,0.09244141299936223
55,24,2030,4,wind_offshore,0.14155992421791924
55,1,2030,4,wind_onshore,0.8988612015063198
55,2,2030,4,wind_onshore,0.8968102027184106
55,3,2030,4,wind_onshore,0.9004336146268329
55,4,2030,4,wind_onshore,0.9012989061493604
55,5,2030,4,wind_onshore,0.904676365762459
55,6,2030,4,wind_onshore,0.9058731782662821
55,7,2030,4,wind_onshore,0.9051921712362963
55,8,2030,4,wind_onshore,0.8991054282126222
55,9,2030,4,wind_onshore,0.8834432152604114
55,10,2030,4,wind_onshore,0.8487127155470875
55,11,2030,4,wind_onshore,0.8063413391399038
55,12,2030,4,wind_onshore,0.769468718447547
55,13,2030,4,wind_onshore,0.7284097728024336
55,14,2030,4,wind_onshore,0.6676740954780506
55,15,2030,4,wind_onshore,0.5960294537203917
55,16,2030,4,wind_onshore,0.514699478467968
55,17,2030,4,wind_onshore,0.4028032296406664
55,18,2030,4,wind_onshore,0.24432750841508835
55,19,2030,4,wind_onshore,0.13688801191527283
55,20,2030,4,wind_onshore,0.07136891634199537
55,21,2030,4,wind_onshore,0.04524636815935377
55,22,2030,4,wind_onshore,0.04351064193759013
55,23,2030,4,wind_onshore,0.06709441545352668
55,24,2030,4,wind_onshore,0.12241690340607661
56,1,2030,4,demand,0.580565884744116
56,2,2030,4,demand,0.5501962843497612
56,3,2030,4,demand,0.5379727166539859
56,4,2030,4,demand,0.5345506892277577
56,5,2030,4,demand,0.534043457605081
56,6,2030,4,demand,0.5890030755382193
56,7,2030,4,demand,0.6186618372500903
56,8,2030,4,demand,0.7590685512821888
56,9,2030,4,demand,0.8245442952516691
56,10,2030,4,demand,0.8603005525967045
56,11,2030,4,demand,0.8832902900864794
56,12,2030,4,demand,0.8798932670360171
56,13,2030,4,demand,0.900929091162382
56,14,2030,4,demand,0.9110594354011953
56,15,2030,4,demand,0.9120238898950174
56,16,2030,4,demand,0.875299606002479
56,17,2030,4,demand,0.8115027272629853
56,18,2030,4,demand,0.8076377651803353
56,19,2030,4,demand,0.7821190136845377
56,20,2030,4,demand,0.7438337423334799
56,21,2030,4,demand,0.7017299455976225
56,22,2030,4,demand,0.6633196523677358
56,23,2030,4,demand,0.7147000725126897
56,24,2030,4,demand,0.6635339755885852
56,1,2030,4,solar,0.0
56,2,2030,4,solar,0.0
56,3,2030,4,solar,0.0
56,4,2030,4,solar,0.0
56,5,2030,4,solar,0.0012575000000000002
56,6,2030,4,solar,0.04457
56,7,2030,4,solar,0.18222750000000001
56,8,2030,4,solar,0.3158525
56,9,2030,4,solar,0.43642000000000003
56,10,2030,4,solar,0.503045
56,11,2030,4,solar,0.5311425000000001
56,12,2030,4,solar,0.536675
56,13,2030,4,solar,0.5374125000000001
56,14,2030,4,solar,0.5340324999999999
56,15,2030,4,solar,0.5271325
56,16,2030,4,solar,0.518605
56,17,2030,4,solar,0.4919775
56,18,2030,4,solar,0.43750749999999994
56,19,2030,4,solar,0.3273875
56,20,2030,4,solar,0.1311275
56,21,2030,4,solar,0.014772500000000001
56,22,2030,4,solar,0.0
56,23,2030,4,solar,0.0
56,24,2030,4,solar,0.0
56,1,2030,4,wind_offshore,0.8733332404816009
56,2,2030,4,wind_offshore,0.8753252770454177
56,3,2030,4,wind_offshore,0.876405564497339
56,4,2030,4,wind_offshore,0.8857222975116981
56,5,2030,4,wind_offshore,0.8907348173374443
56,6,2030,4,wind_offshore,0.9009286531706441
56,7,2030,4,wind_offshore,0.9119226079541317
56,8,2030,4,wind_offshore,0.9173480600369732
56,9,2030,4,wind_offshore,0.9239004216348394
56,10,2030,4,wind_offshore,0.9292295541441797
56,11,2030,4,wind_offshore,0.9294290962498591
56,12,2030,4,wind_offshore,0.9314185221643676
56,13,2030,4,wind_offshore,0.9395314314904479
56,14,2030,4,wind_offshore,0.9468879148044189
56,15,2030,4,wind_offshore,0.9528045593008204
56,16,2030,4,wind_offshore,0.9542077506540918
56,17,2030,4,wind_offshore,0.9575011807390228
56,18,2030,4,wind_offshore,0.9620926083859258
56,19,2030,4,wind_offshore,0.9643330220303536
56,20,2030,4,wind_offshore,0.9636427552434137
56,21,2030,4,wind_offshore,0.9636192227269473
56,22,2030,4,wind_offshore,0.9636518676858027
56,23,2030,4,wind_offshore,0.961260374016199
56,24,2030,4,wind_offshore,0.9610675057485742
56,1,2030,4,wind_onshore,0.3504753394489543
56,2,2030,4,wind_onshore,0.32993407421766907
56,3,2030,4,wind_onshore,0.3272533678527622
56,4,2030,4,wind_onshore,0.33060806890139305
56,5,2030,4,wind_onshore,0.3565396122997539
56,6,2030,4,wind_onshore,0.355269896568407
56,7,2030,4,wind_onshore,0.3553738376470564
56,8,2030,4,wind_onshore,0.339061161570898
56,9,2030,4,wind_onshore,0.310120284803896
56,10,2030,4,wind_onshore,0.2942731925438543
56,11,2030,4,wind_onshore,0.2732540955171614
56,12,2030,4,wind_onshore,0.27642215462916647
56,13,2030,4,wind_onshore,0.3058733264843826
56,14,2030,4,wind_onshore,0.3605716092192639
56,15,2030,4,wind_onshore,0.4297086634443522
56,16,2030,4,wind_onshore,0.48293244587801115
56,17,2030,4,wind_onshore,0.5353794822005653
56,18,2030,4,wind_onshore,0.5919153591486095
56,19,2030,4,wind_onshore,0.6694024089403104
56,20,2030,4,wind_onshore,0.7611745100806951
56,21,2030,4,wind_onshore,0.7745744100017088
56,22,2030,4,wind_onshore,0.780238289610612
56,23,2030,4,wind_onshore,0.7991558275088071
56,24,2030,4,wind_onshore,0.7847338686335585
57,1,2030,4,demand,0.5869527167254269
57,2,2030,4,demand,0.5691281688581216
57,3,2030,4,demand,0.5622984022203886
57,4,2030,4,demand,0.5591514229275838
57,5,2030,4,demand,0.5451275401766738
57,6,2030,4,demand,0.5187122032069899
57,7,2030,4,demand,0.5624377123139407
57,8,2030,4,demand,0.6063275358902094
57,9,2030,4,demand,0.6545788370107626
57,10,2030,4,demand,0.6898492950552062
57,11,2030,4,demand,0.7123746655664742
57,12,2030,4,demand,0.7281024179231366
57,13,2030,4,demand,0.7346892849105737
57,14,2030,4,demand,0.7400580815928502
57,15,2030,4,demand,0.7338855728323886
57,16,2030,4,demand,0.7181721086904495
57,17,2030,4,demand,0.7343713721329804
57,18,2030,4,demand,0.7221656647056092
57,19,2030,4,demand,0.7049840865008519
57,20,2030,4,demand,0.6823729867012441
57,21,2030,4,demand,0.6484099003039818
57,22,2030,4,demand,0.6321534840025577
57,23,2030,4,demand,0.5978546245592979
57,24,2030,4,demand,0.5649810145346865
57,1,2030,4,solar,0.0
57,2,2030,4,solar,0.0
57,3,2030,4,solar,0.0
57,4,2030,4,solar,0.0
57,5,2030,4,solar,0.00183
57,6,2030,4,solar,0.08381999999999999
57,7,2030,4,solar,0.33336
57,8,2030,4,solar,0.5275675
57,9,2030,4,solar,0.634595
57,10,2030,4,solar,0.6649
57,11,2030,4,solar,0.6608125
57,12,2030,4,solar,0.64578
57,13,2030,4,solar,0.63847
57,14,2030,4,solar,0.6333225
57,15,2030,4,solar,0.6297550000000001
57,16,2030,4,solar,0.62804
57,17,2030,4,solar,0.6032325
57,18,2030,4,solar,0.5404674999999999
57,19,2030,4,solar,0.3785825
57,20,2030,4,solar,0.1316675
57,21,2030,4,solar,0.0065425
57,22,2030,4,solar,0.0
57,23,2030,4,solar,0.0
57,24,2030,4,solar,0.0
57,1,2030,4,wind_offshore,0.06772210115562151
57,2,2030,4,wind_offshore,0.04353206154488745
57,3,2030,4,wind_offshore,0.023389987118381195
57,4,2030,4,wind_offshore,0.012915048635651395
57,5,2030,4,wind_offshore,0.005401307350797384
57,6,2030,4,wind_offshore,0.002718239053661504
57,7,2030,4,wind_offshore,0.0014453100767947602
57,8,2030,4,wind_offshore,0.001218171154725101
57,9,2030,4,wind_offshore,0.0019283481257309958
57,10,2030,4,wind_offshore,0.002638843292397659
57,11,2030,4,wind_offshore,0.0031648408888888856
57,12,2030,4,wind_offshore,0.0035428075555555545
57,13,2030,4,wind_offshore,0.004437390373053702
57,14,2030,4,wind_offshore,0.006566592292783316
57,15,2030,4,wind_offshore,0.009511500284375522
57,16,2030,4,wind_offshore,0.011004924093073791
57,17,2030,4,wind_offshore,0.01503544427848666
57,18,2030,4,wind_offshore,0.022080012279393824
57,19,2030,4,wind_offshore,0.03160987790391384
57,20,2030,4,wind_offshore,0.04260906605149388
57,21,2030,4,wind_offshore,0.05316754810518558
57,22,2030,4,wind_offshore,0.04905851180399876
57,23,2030,4,wind_offshore,0.03964505076346171
57,24,2030,4,wind_offshore,0.02791459214803461
57,1,2030,4,wind_onshore,0.03362869201675069
57,2,2030,4,wind_onshore,0.028729666107256423
57,3,2030,4,wind_onshore,0.020591620169504842
57,4,2030,4,wind_onshore,0.014933886178342463
57,5,2030,4,wind_onshore,0.010383157944418232
57,6,2030,4,wind_onshore,0.005811257689463251
57,7,2030,4,wind_onshore,0.0007915286452421033
57,8,2030,4,wind_onshore,0.00016276059539206702
57,9,2030,4,wind_onshore,0.0003640867896939241
57,10,2030,4,wind_onshore,0.0016209000214097641
57,11,2030,4,wind_onshore,0.0040777822226374764
57,12,2030,4,wind_onshore,0.005980405891331372
57,13,2030,4,wind_onshore,0.01014269763624084
57,14,2030,4,wind_onshore,0.016137234245354057
57,15,2030,4,wind_onshore,0.02520520881174568
57,16,2030,4,wind_onshore,0.035565935419541964
57,17,2030,4,wind_onshore,0.044424776040761865
57,18,2030,4,wind_onshore,0.05182929985033235
57,19,2030,4,wind_onshore,0.054963485341975954
57,20,2030,4,wind_onshore,0.05273871738676958
57,21,2030,4,wind_onshore,0.04293494813624319
57,22,2030,4,wind_onshore,0.03441587762846919
57,23,2030,4,wind_onshore,0.02571921641381423
57,24,2030,4,wind_onshore,0.02332655278549877
58,1,2030,4,demand,0.7112816171401425
58,2,2030,4,demand,0.6892063253926581
58,3,2030,4,demand,0.6768684519790964
58,4,2030,4,demand,0.6837232229925952
58,5,2030,4,demand,0.6934142046286672
58,6,2030,4,demand,0.6811013355908713
58,7,2030,4,demand,0.7295633878785931
58,8,2030,4,demand,0.8068626295315967
58,9,2030,4,demand,0.8464124078856659
58,10,2030,4,demand,0.8851656182689114
58,11,2030,4,demand,0.9081696439734096
58,12,2030,4,demand,0.8988072912759734
58,13,2030,4,demand,0.8840832860036221
58,14,2030,4,demand,0.875199588499416
58,15,2030,4,demand,0.8706988008615794
58,16,2030,4,demand,0.8864872781308157
58,17,2030,4,demand,0.9113952084471926
58,18,2030,4,demand,0.8923383020600033
58,19,2030,4,demand,0.8701308443263286
58,20,2030,4,demand,0.8395004840132738
58,21,2030,4,demand,0.8124707538104883
58,22,2030,4,demand,0.7826298173608953
58,23,2030,4,demand,0.7514957974788445
58,24,2030,4,demand,0.7099242367414298
58,1,2030,4,solar,0.0
58,2,2030,4,solar,0.0
58,3,2030,4,solar,0.0
58,4,2030,4,solar,0.0
58,5,2030,4,solar,0.0
58,6,2030,4,solar,0.0
58,7,2030,4,solar,0.0
58,8,2030,4,solar,0.0
58,9,2030,4,solar,3.5000000000000004e-5
58,10,2030,4,solar,0.009505
58,11,2030,4,solar,0.021589999999999998
58,12,2030,4,solar,0.037442500000000004
58,13,2030,4,solar,0.0479825
58,14,2030,4,solar,0.037925
58,15,2030,4,solar,0.024397500000000003
58,16,2030,4,solar,0.01031
58,17,2030,4,solar,0.00017999999999999998
58,18,2030,4,solar,0.0
58,19,2030,4,solar,0.0
58,20,2030,4,solar,0.0
58,21,2030,4,solar,0.0
58,22,2030,4,solar,0.0
58,23,2030,4,solar,0.0
58,24,2030,4,solar,0.0
58,1,2030,4,wind_offshore,0.06916830321519345
58,2,2030,4,wind_offshore,0.09635719842855964
58,3,2030,4,wind_offshore,0.17475347211255698
58,4,2030,4,wind_offshore,0.27671099906167484
58,5,2030,4,wind_offshore,0.4224653928624502
58,6,2030,4,wind_offshore,0.5933024102188695
58,7,2030,4,wind_offshore,0.7508663869574634
58,8,2030,4,wind_offshore,0.8562216666508554
58,9,2030,4,wind_offshore,0.8921113416440076
58,10,2030,4,wind_offshore,0.8934422133873355
58,11,2030,4,wind_offshore,0.8701609742877323
58,12,2030,4,wind_offshore,0.8483290359414212
58,13,2030,4,wind_offshore,0.8288859621556839
58,14,2030,4,wind_offshore,0.8092211421682763
58,15,2030,4,wind_offshore,0.7906510959420784
58,16,2030,4,wind_offshore,0.7833563493189483
58,17,2030,4,wind_offshore,0.7981609076842625
58,18,2030,4,wind_offshore,0.812017254839757
58,19,2030,4,wind_offshore,0.8320803357010801
58,20,2030,4,wind_offshore,0.8581653387133621
58,21,2030,4,wind_offshore,0.8836141169193268
58,22,2030,4,wind_offshore,0.9079678431485472
58,23,2030,4,wind_offshore,0.9278452388469748
58,24,2030,4,wind_offshore,0.943722962212052
58,1,2030,4,wind_onshore,0.02820665120263537
58,2,2030,4,wind_onshore,0.03460349085643621
58,3,2030,4,wind_onshore,0.05383804103998049
58,4,2030,4,wind_onshore,0.08669821941461334
58,5,2030,4,wind_onshore,0.12836452282013597
58,6,2030,4,wind_onshore,0.1864467181737661
58,7,2030,4,wind_onshore,0.2537810073646051
58,8,2030,4,wind_onshore,0.3259851871684131
58,9,2030,4,wind_onshore,0.3927958898108349
58,10,2030,4,wind_onshore,0.41400413164099037
58,11,2030,4,wind_onshore,0.40321749005196955
58,12,2030,4,wind_onshore,0.3618216378700592
58,13,2030,4,wind_onshore,0.33791647952090353
58,14,2030,4,wind_onshore,0.3099217747314011
58,15,2030,4,wind_onshore,0.2943455659747008
58,16,2030,4,wind_onshore,0.2731076060074339
58,17,2030,4,wind_onshore,0.23803227750820094
58,18,2030,4,wind_onshore,0.2068070509982319
58,19,2030,4,wind_onshore,0.18887080788615246
58,20,2030,4,wind_onshore,0.18882411370068583
58,21,2030,4,wind_onshore,0.194883026959835
58,22,2030,4,wind_onshore,0.21586911012183543
58,23,2030,4,wind_onshore,0.24119900576091058
58,24,2030,4,wind_onshore,0.28182892459076403
59,1,2030,4,demand,0.6344574586266883
59,2,2030,4,demand,0.6237341534768585
59,3,2030,4,demand,0.6089065586477634
59,4,2030,4,demand,0.606073920078871
59,5,2030,4,demand,0.6072098331493726
59,6,2030,4,demand,0.6335465849380785
59,7,2030,4,demand,0.7025408017831692
59,8,2030,4,demand,0.70397676736286
59,9,2030,4,demand,0.8219116916889028
59,10,2030,4,demand,0.8604827273344264
59,11,2030,4,demand,0.867505384870924
59,12,2030,4,demand,0.8652085543541548
59,13,2030,4,demand,0.8498058588824474
59,14,2030,4,demand,0.8500094659422541
59,15,2030,4,demand,0.848805683851817
59,16,2030,4,demand,0.8349282553018208
59,17,2030,4,demand,0.7890630860400571
59,18,2030,4,demand,0.7297955713678466
59,19,2030,4,demand,0.7441552271647539
59,20,2030,4,demand,0.757854053030709
59,21,2030,4,demand,0.7166325535540149
59,22,2030,4,demand,0.6631124732542482
59,23,2030,4,demand,0.6006408264303397
59,24,2030,4,demand,0.6703565981189565
59,1,2030,4,solar,0.0
59,2,2030,4,solar,0.0
59,3,2030,4,solar,0.0
59,4,2030,4,solar,0.0
59,5,2030,4,solar,0.0
59,6,2030,4,solar,0.0
59,7,2030,4,solar,0.0
59,8,2030,4,solar,0.0095325
59,9,2030,4,solar,0.09880499999999999
59,10,2030,4,solar,0.1567925
59,11,2030,4,solar,0.16986249999999997
59,12,2030,4,solar,0.171325
59,13,2030,4,solar,0.1440925
59,14,2030,4,solar,0.0940675
59,15,2030,4,solar,0.039725
59,16,2030,4,solar,0.0238375
59,17,2030,4,solar,0.0135775
59,18,2030,4,solar,0.004225
59,19,2030,4,solar,0.00013000000000000002
59,20,2030,4,solar,0.0
59,21,2030,4,solar,0.0
59,22,2030,4,solar,0.0
59,23,2030,4,solar,0.0
59,24,2030,4,solar,0.0
59,1,2030,4,wind_offshore,0.9396189107870347
59,2,2030,4,wind_offshore,0.9392677520578399
59,3,2030,4,wind_offshore,0.937269454274858
59,4,2030,4,wind_offshore,0.935810437778571
59,5,2030,4,wind_offshore,0.9272411770418346
59,6,2030,4,wind_offshore,0.9043047862231401
59,7,2030,4,wind_offshore,0.8746848128660617
59,8,2030,4,wind_offshore,0.8353079548921726
59,9,2030,4,wind_offshore,0.7756964219531863
59,10,2030,4,wind_offshore,0.7106039398418682
59,11,2030,4,wind_offshore,0.6014799225067852
59,12,2030,4,wind_offshore,0.49286621583793155
59,13,2030,4,wind_offshore,0.4335997882108062
59,14,2030,4,wind_offshore,0.35079256671081316
59,15,2030,4,wind_offshore,0.292977734257314
59,16,2030,4,wind_offshore,0.27579792284706967
59,17,2030,4,wind_offshore,0.36219152901478147
59,18,2030,4,wind_offshore,0.5027689419089582
59,19,2030,4,wind_offshore,0.6485498421827538
59,20,2030,4,wind_offshore,0.767140938398555
59,21,2030,4,wind_offshore,0.8420501610048116
59,22,2030,4,wind_offshore,0.877407063057034
59,23,2030,4,wind_offshore,0.8998913607080331
59,24,2030,4,wind_offshore,0.917960346839957
59,1,2030,4,wind_onshore,0.5940400977917976
59,2,2030,4,wind_onshore,0.5868898565730803
59,3,2030,4,wind_onshore,0.5687583254162387
59,4,2030,4,wind_onshore,0.5290112376694388
59,5,2030,4,wind_onshore,0.47850068830207165
59,6,2030,4,wind_onshore,0.420625608544855
59,7,2030,4,wind_onshore,0.3616943862708735
59,8,2030,4,wind_onshore,0.27102734285380087
59,9,2030,4,wind_onshore,0.1984256939523284
59,10,2030,4,wind_onshore,0.13769510804077084
59,11,2030,4,wind_onshore,0.10573023388968046
59,12,2030,4,wind_onshore,0.08525556692975357
59,13,2030,4,wind_onshore,0.0730311967745625
59,14,2030,4,wind_onshore,0.054315959167398974
59,15,2030,4,wind_onshore,0.04452217281282864
59,16,2030,4,wind_onshore,0.053428893857606276
59,17,2030,4,wind_onshore,0.11374085765048797
59,18,2030,4,wind_onshore,0.2767484686394348
59,19,2030,4,wind_onshore,0.45547802540888727
59,20,2030,4,wind_onshore,0.5864745110204933
59,21,2030,4,wind_onshore,0.6845395033155051
59,22,2030,4,wind_onshore,0.7420485450918556
59,23,2030,4,wind_onshore,0.7586081748336644
59,24,2030,4,wind_onshore,0.7348850601632485
60,1,2030,4,demand,0.7569860439862691
60,2,2030,4,demand,0.7342034856099817
60,3,2030,4,demand,0.7107958178395505
60,4,2030,4,demand,0.707259484695536
60,5,2030,4,demand,0.7039481909334133
60,6,2030,4,demand,0.6837660876367649
60,7,2030,4,demand,0.7053484359762958
60,8,2030,4,demand,0.7528210293944297
60,9,2030,4,demand,0.812395740683191
60,10,2030,4,demand,0.8598683341013249
60,11,2030,4,demand,0.8941707655982655
60,12,2030,4,demand,0.9136527463734725
60,13,2030,4,demand,0.9140206679025973
60,14,2030,4,demand,0.8932920403927831
60,15,2030,4,demand,0.8910523627349072
60,16,2030,4,demand,0.8934777871841858
60,17,2030,4,demand,0.8979964350904266
60,18,2030,4,demand,0.9380320127450875
60,19,2030,4,demand,0.9249618683269574
60,20,2030,4,demand,0.901797100206822
60,21,2030,4,demand,0.8664337687666771
60,22,2030,4,demand,0.8363356444520649
60,23,2030,4,demand,0.8087629620897944
60,24,2030,4,demand,0.7777432479255298
60,1,2030,4,solar,0.0
60,2,2030,4,solar,0.0
60,3,2030,4,solar,0.0
60,4,2030,4,solar,0.0
60,5,2030,4,solar,0.0
60,6,2030,4,solar,0.0
60,7,2030,4,solar,0.0
60,8,2030,4,solar,0.0
60,9,2030,4,solar,0.001075
60,10,2030,4,solar,0.0600725
60,11,2030,4,solar,0.1753375
60,12,2030,4,solar,0.1842425
60,13,2030,4,solar,0.16505999999999998
60,14,2030,4,solar,0.1585625
60,15,2030,4,solar,0.1381825
60,16,2030,4,solar,0.09507750000000001
60,17,2030,4,solar,0.017795
60,18,2030,4,solar,0.0
60,19,2030,4,solar,0.0
60,20,2030,4,solar,0.0
60,21,2030,4,solar,0.0
60,22,2030,4,solar,0.0
60,23,2030,4,solar,0.0
60,24,2030,4,solar,0.0
60,1,2030,4,wind_offshore,0.7569456569301518
60,2,2030,4,wind_offshore,0.7458674464341429
60,3,2030,4,wind_offshore,0.7266563258698994
60,4,2030,4,wind_offshore,0.6777722272640089
60,5,2030,4,wind_offshore,0.572968271880438
60,6,2030,4,wind_offshore,0.4960794322813288
60,7,2030,4,wind_offshore,0.4311798590492788
60,8,2030,4,wind_offshore,0.405107789768241
60,9,2030,4,wind_offshore,0.42569601881430075
60,10,2030,4,wind_offshore,0.5334439224308826
60,11,2030,4,wind_offshore,0.6400164321969257
60,12,2030,4,wind_offshore,0.7656049619200118
60,13,2030,4,wind_offshore,0.8791643664298072
60,14,2030,4,wind_offshore,0.9168657381837817
60,15,2030,4,wind_offshore,0.9315685824777673
60,16,2030,4,wind_offshore,0.9382496592778959
60,17,2030,4,wind_offshore,0.9402588963507738
60,18,2030,4,wind_offshore,0.941537530831491
60,19,2030,4,wind_offshore,0.9389833297085892
60,20,2030,4,wind_offshore,0.9405138006078768
60,21,2030,4,wind_offshore,0.9422082959449767
60,22,2030,4,wind_offshore,0.9436168199193892
60,23,2030,4,wind_offshore,0.9460842849710553
60,24,2030,4,wind_offshore,0.9459436568063129
60,1,2030,4,wind_onshore,0.2219019536495798
60,2,2030,4,wind_onshore,0.19933067267208765
60,3,2030,4,wind_onshore,0.1832615354828009
60,4,2030,4,wind_onshore,0.162524701257833
60,5,2030,4,wind_onshore,0.14900545761883244
60,6,2030,4,wind_onshore,0.13822207896673847
60,7,2030,4,wind_onshore,0.12487672508084531
60,8,2030,4,wind_onshore,0.11029231394595908
60,9,2030,4,wind_onshore,0.11460967561798072
60,10,2030,4,wind_onshore,0.13638821548827992
60,11,2030,4,wind_onshore,0.16524875389223956
60,12,2030,4,wind_onshore,0.20740329895605897
60,13,2030,4,wind_onshore,0.2784175917670446
60,14,2030,4,wind_onshore,0.3459967914902214
60,15,2030,4,wind_onshore,0.4299588148533138
60,16,2030,4,wind_onshore,0.5770896515999882
60,17,2030,4,wind_onshore,0.7639929222195296
60,18,2030,4,wind_onshore,0.863482501439064
60,19,2030,4,wind_onshore,0.8900848694604429
60,20,2030,4,wind_onshore,0.8992359512329582
60,21,2030,4,wind_onshore,0.8992932757831668
60,22,2030,4,wind_onshore,0.8921977806754751
60,23,2030,4,wind_onshore,0.8877650506856483
60,24,2030,4,wind_onshore,0.8887443682267641
