id,asset,year,rep_period,time_block_start,time_block_end,dual_max_output_flows_limit_simple_method
1,battery,2030,1,1,1,0.0
2,battery,2030,1,2,2,0.0
3,battery,2030,1,3,3,0.0
4,battery,2030,1,4,4,0.0
5,battery,2030,1,5,5,0.0
6,battery,2030,1,6,6,0.0
7,battery,2030,1,7,7,0.0
8,battery,2030,1,8,8,0.0
9,battery,2030,1,9,9,0.0
10,battery,2030,1,10,10,0.0
11,battery,2030,1,11,11,0.0
12,battery,2030,1,12,12,0.0
13,battery,2030,1,13,13,0.0
14,battery,2030,1,14,14,0.0
15,battery,2030,1,15,15,0.0
16,battery,2030,1,16,16,0.0
17,battery,2030,1,17,17,0.0
18,battery,2030,1,18,18,0.0
19,battery,2030,1,19,19,0.0
20,battery,2030,1,20,20,0.0
21,battery,2030,1,21,21,0.0
22,battery,2030,1,22,22,0.0
23,battery,2030,1,23,23,0.0
24,battery,2030,1,24,24,0.0
25,battery,2030,2,1,1,0.0
26,battery,2030,2,2,2,0.0
27,battery,2030,2,3,3,0.0
28,battery,2030,2,4,4,0.0
29,battery,2030,2,5,5,0.0
30,battery,2030,2,6,6,0.0
31,battery,2030,2,7,7,0.0
32,battery,2030,2,8,8,0.0
33,battery,2030,2,9,9,0.0
34,battery,2030,2,10,10,0.0
35,battery,2030,2,11,11,0.0
36,battery,2030,2,12,12,0.0
37,battery,2030,2,13,13,0.0
38,battery,2030,2,14,14,0.0
39,battery,2030,2,15,15,0.0
40,battery,2030,2,16,16,0.0
41,battery,2030,2,17,17,0.0
42,battery,2030,2,18,18,0.0
43,battery,2030,2,19,19,0.0
44,battery,2030,2,20,20,0.0
45,battery,2030,2,21,21,0.0
46,battery,2030,2,22,22,0.0
47,battery,2030,2,23,23,0.0
48,battery,2030,2,24,24,0.0
49,battery,2030,3,1,1,0.0
50,battery,2030,3,2,2,0.0
51,battery,2030,3,3,3,0.0
52,battery,2030,3,4,4,0.0
53,battery,2030,3,5,5,0.0
54,battery,2030,3,6,6,0.0
55,battery,2030,3,7,7,0.0
56,battery,2030,3,8,8,0.0
57,battery,2030,3,9,9,0.0
58,battery,2030,3,10,10,0.0
59,battery,2030,3,11,11,0.0
60,battery,2030,3,12,12,0.0
61,battery,2030,3,13,13,0.0
62,battery,2030,3,14,14,0.0
63,battery,2030,3,15,15,0.0
64,battery,2030,3,16,16,0.0
65,battery,2030,3,17,17,0.0
66,battery,2030,3,18,18,0.0
67,battery,2030,3,19,19,0.0
68,battery,2030,3,20,20,0.0
69,battery,2030,3,21,21,0.0
70,battery,2030,3,22,22,0.0
71,battery,2030,3,23,23,0.0
72,battery,2030,3,24,24,0.0
73,battery,2030,4,1,1,0.0
74,battery,2030,4,2,2,0.0
75,battery,2030,4,3,3,0.0
76,battery,2030,4,4,4,0.0
77,battery,2030,4,5,5,0.0
78,battery,2030,4,6,6,0.0
79,battery,2030,4,7,7,0.0
80,battery,2030,4,8,8,0.0
81,battery,2030,4,9,9,0.0
82,battery,2030,4,10,10,0.0
83,battery,2030,4,11,11,0.0
84,battery,2030,4,12,12,0.0
85,battery,2030,4,13,13,0.0
86,battery,2030,4,14,14,0.0
87,battery,2030,4,15,15,0.0
88,battery,2030,4,16,16,0.0
89,battery,2030,4,17,17,0.0
90,battery,2030,4,18,18,0.0
91,battery,2030,4,19,19,0.0
92,battery,2030,4,20,20,0.0
93,battery,2030,4,21,21,0.0
94,battery,2030,4,22,22,0.0
95,battery,2030,4,23,23,0.0
96,battery,2030,4,24,24,0.0
97,battery,2030,5,1,1,0.0
98,battery,2030,5,2,2,0.0
99,battery,2030,5,3,3,0.0
100,battery,2030,5,4,4,0.0
101,battery,2030,5,5,5,0.0
102,battery,2030,5,6,6,0.0
103,battery,2030,5,7,7,0.0
104,battery,2030,5,8,8,0.0
105,battery,2030,5,9,9,0.0
106,battery,2030,5,10,10,0.0
107,battery,2030,5,11,11,0.0
108,battery,2030,5,12,12,0.0
109,battery,2030,5,13,13,0.0
110,battery,2030,5,14,14,0.0
111,battery,2030,5,15,15,0.0
112,battery,2030,5,16,16,0.0
113,battery,2030,5,17,17,0.0
114,battery,2030,5,18,18,0.0
115,battery,2030,5,19,19,0.0
116,battery,2030,5,20,20,0.0
117,battery,2030,5,21,21,0.0
118,battery,2030,5,22,22,0.0
119,battery,2030,5,23,23,0.0
120,battery,2030,5,24,24,0.0
121,battery,2030,6,1,1,0.0
122,battery,2030,6,2,2,0.0
123,battery,2030,6,3,3,0.0
124,battery,2030,6,4,4,0.0
125,battery,2030,6,5,5,0.0
126,battery,2030,6,6,6,0.0
127,battery,2030,6,7,7,0.0
128,battery,2030,6,8,8,0.0
129,battery,2030,6,9,9,0.0
130,battery,2030,6,10,10,0.0
131,battery,2030,6,11,11,0.0
132,battery,2030,6,12,12,0.0
133,battery,2030,6,13,13,0.0
134,battery,2030,6,14,14,0.0
135,battery,2030,6,15,15,0.0
136,battery,2030,6,16,16,0.0
137,battery,2030,6,17,17,0.0
138,battery,2030,6,18,18,0.0
139,battery,2030,6,19,19,0.0
140,battery,2030,6,20,20,0.0
141,battery,2030,6,21,21,0.0
142,battery,2030,6,22,22,0.0
143,battery,2030,6,23,23,0.0
144,battery,2030,6,24,24,0.0
145,battery,2030,7,1,1,0.0
146,battery,2030,7,2,2,0.0
147,battery,2030,7,3,3,0.0
148,battery,2030,7,4,4,0.0
149,battery,2030,7,5,5,0.0
150,battery,2030,7,6,6,0.0
151,battery,2030,7,7,7,0.0
152,battery,2030,7,8,8,0.0
153,battery,2030,7,9,9,0.0
154,battery,2030,7,10,10,0.0
155,battery,2030,7,11,11,0.0
156,battery,2030,7,12,12,0.0
157,battery,2030,7,13,13,0.0
158,battery,2030,7,14,14,0.0
159,battery,2030,7,15,15,0.0
160,battery,2030,7,16,16,0.0
161,battery,2030,7,17,17,0.0
162,battery,2030,7,18,18,0.0
163,battery,2030,7,19,19,0.0
164,battery,2030,7,20,20,0.0
165,battery,2030,7,21,21,0.0
166,battery,2030,7,22,22,0.0
167,battery,2030,7,23,23,0.0
168,battery,2030,7,24,24,0.0
169,battery,2030,8,1,1,0.0
170,battery,2030,8,2,2,0.0
171,battery,2030,8,3,3,0.0
172,battery,2030,8,4,4,0.0
173,battery,2030,8,5,5,0.0
174,battery,2030,8,6,6,0.0
175,battery,2030,8,7,7,0.0
176,battery,2030,8,8,8,-0.057684422778291874
177,battery,2030,8,9,9,0.0
178,battery,2030,8,10,10,0.0
179,battery,2030,8,11,11,0.0
180,battery,2030,8,12,12,0.0
181,battery,2030,8,13,13,0.0
182,battery,2030,8,14,14,0.0
183,battery,2030,8,15,15,0.0
184,battery,2030,8,16,16,0.0
185,battery,2030,8,17,17,0.0
186,battery,2030,8,18,18,0.0
187,battery,2030,8,19,19,0.0
188,battery,2030,8,20,20,0.0
189,battery,2030,8,21,21,0.0
190,battery,2030,8,22,22,0.0
191,battery,2030,8,23,23,0.0
192,battery,2030,8,24,24,0.0
193,battery,2030,9,1,1,0.0
194,battery,2030,9,2,2,0.0
195,battery,2030,9,3,3,0.0
196,battery,2030,9,4,4,0.0
197,battery,2030,9,5,5,0.0
198,battery,2030,9,6,6,0.0
199,battery,2030,9,7,7,0.0
200,battery,2030,9,8,8,0.0
201,battery,2030,9,9,9,0.0
202,battery,2030,9,10,10,0.0
203,battery,2030,9,11,11,0.0
204,battery,2030,9,12,12,0.0
205,battery,2030,9,13,13,0.0
206,battery,2030,9,14,14,0.0
207,battery,2030,9,15,15,0.0
208,battery,2030,9,16,16,0.0
209,battery,2030,9,17,17,0.0
210,battery,2030,9,18,18,0.0
211,battery,2030,9,19,19,0.0
212,battery,2030,9,20,20,0.0
213,battery,2030,9,21,21,0.0
214,battery,2030,9,22,22,0.0
215,battery,2030,9,23,23,0.0
216,battery,2030,9,24,24,0.0
217,battery,2030,10,1,1,0.0
218,battery,2030,10,2,2,0.0
219,battery,2030,10,3,3,0.0
220,battery,2030,10,4,4,0.0
221,battery,2030,10,5,5,0.0
222,battery,2030,10,6,6,0.0
223,battery,2030,10,7,7,0.0
224,battery,2030,10,8,8,0.0
225,battery,2030,10,9,9,0.0
226,battery,2030,10,10,10,0.0
227,battery,2030,10,11,11,0.0
228,battery,2030,10,12,12,0.0
229,battery,2030,10,13,13,0.0
230,battery,2030,10,14,14,0.0
231,battery,2030,10,15,15,0.0
232,battery,2030,10,16,16,0.0
233,battery,2030,10,17,17,0.0
234,battery,2030,10,18,18,0.0
235,battery,2030,10,19,19,0.0
236,battery,2030,10,20,20,0.0
237,battery,2030,10,21,21,0.0
238,battery,2030,10,22,22,0.0
239,battery,2030,10,23,23,0.0
240,battery,2030,10,24,24,0.0
241,battery,2030,11,1,1,0.0
242,battery,2030,11,2,2,0.0
243,battery,2030,11,3,3,0.0
244,battery,2030,11,4,4,0.0
245,battery,2030,11,5,5,0.0
246,battery,2030,11,6,6,0.0
247,battery,2030,11,7,7,0.0
248,battery,2030,11,8,8,0.0
249,battery,2030,11,9,9,0.0
250,battery,2030,11,10,10,0.0
251,battery,2030,11,11,11,0.0
252,battery,2030,11,12,12,0.0
253,battery,2030,11,13,13,0.0
254,battery,2030,11,14,14,0.0
255,battery,2030,11,15,15,0.0
256,battery,2030,11,16,16,0.0
257,battery,2030,11,17,17,0.0
258,battery,2030,11,18,18,0.0
259,battery,2030,11,19,19,0.0
260,battery,2030,11,20,20,0.0
261,battery,2030,11,21,21,0.0
262,battery,2030,11,22,22,0.0
263,battery,2030,11,23,23,0.0
264,battery,2030,11,24,24,0.0
265,battery,2030,12,1,1,0.0
266,battery,2030,12,2,2,0.0
267,battery,2030,12,3,3,0.0
268,battery,2030,12,4,4,0.0
269,battery,2030,12,5,5,0.0
270,battery,2030,12,6,6,0.0
271,battery,2030,12,7,7,0.0
272,battery,2030,12,8,8,0.0
273,battery,2030,12,9,9,0.0
274,battery,2030,12,10,10,0.0
275,battery,2030,12,11,11,0.0
276,battery,2030,12,12,12,0.0
277,battery,2030,12,13,13,0.0
278,battery,2030,12,14,14,0.0
279,battery,2030,12,15,15,0.0
280,battery,2030,12,16,16,0.0
281,battery,2030,12,17,17,0.0
282,battery,2030,12,18,18,0.0
283,battery,2030,12,19,19,0.0
284,battery,2030,12,20,20,0.0
285,battery,2030,12,21,21,0.0
286,battery,2030,12,22,22,0.0
287,battery,2030,12,23,23,0.0
288,battery,2030,12,24,24,0.0
289,battery,2030,13,1,1,0.0
290,battery,2030,13,2,2,0.0
291,battery,2030,13,3,3,0.0
292,battery,2030,13,4,4,0.0
293,battery,2030,13,5,5,0.0
294,battery,2030,13,6,6,0.0
295,battery,2030,13,7,7,0.0
296,battery,2030,13,8,8,0.0
297,battery,2030,13,9,9,0.0
298,battery,2030,13,10,10,0.0
299,battery,2030,13,11,11,0.0
300,battery,2030,13,12,12,0.0
301,battery,2030,13,13,13,0.0
302,battery,2030,13,14,14,0.0
303,battery,2030,13,15,15,0.0
304,battery,2030,13,16,16,0.0
305,battery,2030,13,17,17,0.0
306,battery,2030,13,18,18,0.0
307,battery,2030,13,19,19,0.0
308,battery,2030,13,20,20,0.0
309,battery,2030,13,21,21,-31.047693479767197
310,battery,2030,13,22,22,0.0
311,battery,2030,13,23,23,0.0
312,battery,2030,13,24,24,0.0
313,battery,2030,14,1,1,0.0
314,battery,2030,14,2,2,0.0
315,battery,2030,14,3,3,0.0
316,battery,2030,14,4,4,0.0
317,battery,2030,14,5,5,0.0
318,battery,2030,14,6,6,0.0
319,battery,2030,14,7,7,0.0
320,battery,2030,14,8,8,0.0
321,battery,2030,14,9,9,0.0
322,battery,2030,14,10,10,0.0
323,battery,2030,14,11,11,0.0
324,battery,2030,14,12,12,0.0
325,battery,2030,14,13,13,0.0
326,battery,2030,14,14,14,0.0
327,battery,2030,14,15,15,0.0
328,battery,2030,14,16,16,0.0
329,battery,2030,14,17,17,0.0
330,battery,2030,14,18,18,0.0
331,battery,2030,14,19,19,0.0
332,battery,2030,14,20,20,0.0
333,battery,2030,14,21,21,0.0
334,battery,2030,14,22,22,0.0
335,battery,2030,14,23,23,0.0
336,battery,2030,14,24,24,0.0
337,battery,2030,15,1,1,0.0
338,battery,2030,15,2,2,0.0
339,battery,2030,15,3,3,0.0
340,battery,2030,15,4,4,0.0
341,battery,2030,15,5,5,0.0
342,battery,2030,15,6,6,0.0
343,battery,2030,15,7,7,0.0
344,battery,2030,15,8,8,0.0
345,battery,2030,15,9,9,0.0
346,battery,2030,15,10,10,0.0
347,battery,2030,15,11,11,0.0
348,battery,2030,15,12,12,0.0
349,battery,2030,15,13,13,0.0
350,battery,2030,15,14,14,0.0
351,battery,2030,15,15,15,0.0
352,battery,2030,15,16,16,0.0
353,battery,2030,15,17,17,0.0
354,battery,2030,15,18,18,0.0
355,battery,2030,15,19,19,0.0
356,battery,2030,15,20,20,0.0
357,battery,2030,15,21,21,0.0
358,battery,2030,15,22,22,0.0
359,battery,2030,15,23,23,0.0
360,battery,2030,15,24,24,0.0
361,battery,2030,16,1,1,0.0
362,battery,2030,16,2,2,0.0
363,battery,2030,16,3,3,0.0
364,battery,2030,16,4,4,0.0
365,battery,2030,16,5,5,0.0
366,battery,2030,16,6,6,0.0
367,battery,2030,16,7,7,0.0
368,battery,2030,16,8,8,0.0
369,battery,2030,16,9,9,0.0
370,battery,2030,16,10,10,0.0
371,battery,2030,16,11,11,0.0
372,battery,2030,16,12,12,0.0
373,battery,2030,16,13,13,0.0
374,battery,2030,16,14,14,0.0
375,battery,2030,16,15,15,0.0
376,battery,2030,16,16,16,0.0
377,battery,2030,16,17,17,0.0
378,battery,2030,16,18,18,0.0
379,battery,2030,16,19,19,0.0
380,battery,2030,16,20,20,0.0
381,battery,2030,16,21,21,0.0
382,battery,2030,16,22,22,0.0
383,battery,2030,16,23,23,0.0
384,battery,2030,16,24,24,0.0
385,battery,2030,17,1,1,0.0
386,battery,2030,17,2,2,0.0
387,battery,2030,17,3,3,0.0
388,battery,2030,17,4,4,0.0
389,battery,2030,17,5,5,0.0
390,battery,2030,17,6,6,0.0
391,battery,2030,17,7,7,0.0
392,battery,2030,17,8,8,0.0
393,battery,2030,17,9,9,0.0
394,battery,2030,17,10,10,0.0
395,battery,2030,17,11,11,0.0
396,battery,2030,17,12,12,0.0
397,battery,2030,17,13,13,0.0
398,battery,2030,17,14,14,0.0
399,battery,2030,17,15,15,0.0
400,battery,2030,17,16,16,0.0
401,battery,2030,17,17,17,0.0
402,battery,2030,17,18,18,0.0
403,battery,2030,17,19,19,0.0
404,battery,2030,17,20,20,0.0
405,battery,2030,17,21,21,0.0
406,battery,2030,17,22,22,0.0
407,battery,2030,17,23,23,0.0
408,battery,2030,17,24,24,0.0
409,battery,2030,18,1,1,0.0
410,battery,2030,18,2,2,0.0
411,battery,2030,18,3,3,0.0
412,battery,2030,18,4,4,0.0
413,battery,2030,18,5,5,0.0
414,battery,2030,18,6,6,0.0
415,battery,2030,18,7,7,0.0
416,battery,2030,18,8,8,0.0
417,battery,2030,18,9,9,0.0
418,battery,2030,18,10,10,0.0
419,battery,2030,18,11,11,0.0
420,battery,2030,18,12,12,0.0
421,battery,2030,18,13,13,0.0
422,battery,2030,18,14,14,0.0
423,battery,2030,18,15,15,0.0
424,battery,2030,18,16,16,0.0
425,battery,2030,18,17,17,0.0
426,battery,2030,18,18,18,0.0
427,battery,2030,18,19,19,0.0
428,battery,2030,18,20,20,0.0
429,battery,2030,18,21,21,0.0
430,battery,2030,18,22,22,0.0
431,battery,2030,18,23,23,0.0
432,battery,2030,18,24,24,0.0
433,battery,2030,19,1,1,0.0
434,battery,2030,19,2,2,0.0
435,battery,2030,19,3,3,0.0
436,battery,2030,19,4,4,0.0
437,battery,2030,19,5,5,0.0
438,battery,2030,19,6,6,0.0
439,battery,2030,19,7,7,0.0
440,battery,2030,19,8,8,0.0
441,battery,2030,19,9,9,0.0
442,battery,2030,19,10,10,0.0
443,battery,2030,19,11,11,0.0
444,battery,2030,19,12,12,0.0
445,battery,2030,19,13,13,0.0
446,battery,2030,19,14,14,0.0
447,battery,2030,19,15,15,0.0
448,battery,2030,19,16,16,0.0
449,battery,2030,19,17,17,0.0
450,battery,2030,19,18,18,0.0
451,battery,2030,19,19,19,0.0
452,battery,2030,19,20,20,0.0
453,battery,2030,19,21,21,0.0
454,battery,2030,19,22,22,0.0
455,battery,2030,19,23,23,0.0
456,battery,2030,19,24,24,0.0
457,battery,2030,20,1,1,0.0
458,battery,2030,20,2,2,0.0
459,battery,2030,20,3,3,0.0
460,battery,2030,20,4,4,0.0
461,battery,2030,20,5,5,0.0
462,battery,2030,20,6,6,0.0
463,battery,2030,20,7,7,0.0
464,battery,2030,20,8,8,0.0
465,battery,2030,20,9,9,0.0
466,battery,2030,20,10,10,0.0
467,battery,2030,20,11,11,0.0
468,battery,2030,20,12,12,0.0
469,battery,2030,20,13,13,0.0
470,battery,2030,20,14,14,0.0
471,battery,2030,20,15,15,0.0
472,battery,2030,20,16,16,0.0
473,battery,2030,20,17,17,0.0
474,battery,2030,20,18,18,0.0
475,battery,2030,20,19,19,0.0
476,battery,2030,20,20,20,0.0
477,battery,2030,20,21,21,0.0
478,battery,2030,20,22,22,0.0
479,battery,2030,20,23,23,0.0
480,battery,2030,20,24,24,0.0
481,ccgt,2030,1,1,1,0.0
482,ccgt,2030,1,2,2,0.0
483,ccgt,2030,1,3,3,0.0
484,ccgt,2030,1,4,4,0.0
485,ccgt,2030,1,5,5,0.0
486,ccgt,2030,1,6,6,0.0
487,ccgt,2030,1,7,7,0.0
488,ccgt,2030,1,8,8,0.0
489,ccgt,2030,1,9,9,0.0
490,ccgt,2030,1,10,10,0.0
491,ccgt,2030,1,11,11,0.0
492,ccgt,2030,1,12,12,0.0
493,ccgt,2030,1,13,13,0.0
494,ccgt,2030,1,14,14,0.0
495,ccgt,2030,1,15,15,0.0
496,ccgt,2030,1,16,16,0.0
497,ccgt,2030,1,17,17,0.0
498,ccgt,2030,1,18,18,0.0
499,ccgt,2030,1,19,19,0.0
500,ccgt,2030,1,20,20,0.0
501,ccgt,2030,1,21,21,0.0
502,ccgt,2030,1,22,22,0.0
503,ccgt,2030,1,23,23,0.0
504,ccgt,2030,1,24,24,0.0
505,ccgt,2030,2,1,1,0.0
506,ccgt,2030,2,2,2,0.0
507,ccgt,2030,2,3,3,0.0
508,ccgt,2030,2,4,4,0.0
509,ccgt,2030,2,5,5,0.0
510,ccgt,2030,2,6,6,0.0
511,ccgt,2030,2,7,7,0.0
512,ccgt,2030,2,8,8,0.0
513,ccgt,2030,2,9,9,0.0
514,ccgt,2030,2,10,10,0.0
515,ccgt,2030,2,11,11,0.0
516,ccgt,2030,2,12,12,0.0
517,ccgt,2030,2,13,13,0.0
518,ccgt,2030,2,14,14,0.0
519,ccgt,2030,2,15,15,0.0
520,ccgt,2030,2,16,16,0.0
521,ccgt,2030,2,17,17,0.0
522,ccgt,2030,2,18,18,0.0
523,ccgt,2030,2,19,19,0.0
524,ccgt,2030,2,20,20,0.0
525,ccgt,2030,2,21,21,0.0
526,ccgt,2030,2,22,22,0.0
527,ccgt,2030,2,23,23,0.0
528,ccgt,2030,2,24,24,0.0
529,ccgt,2030,3,1,1,0.0
530,ccgt,2030,3,2,2,0.0
531,ccgt,2030,3,3,3,0.0
532,ccgt,2030,3,4,4,0.0
533,ccgt,2030,3,5,5,0.0
534,ccgt,2030,3,6,6,0.0
535,ccgt,2030,3,7,7,0.0
536,ccgt,2030,3,8,8,0.0
537,ccgt,2030,3,9,9,0.0
538,ccgt,2030,3,10,10,0.0
539,ccgt,2030,3,11,11,0.0
540,ccgt,2030,3,12,12,0.0
541,ccgt,2030,3,13,13,0.0
542,ccgt,2030,3,14,14,0.0
543,ccgt,2030,3,15,15,0.0
544,ccgt,2030,3,16,16,0.0
545,ccgt,2030,3,17,17,0.0
546,ccgt,2030,3,18,18,0.0
547,ccgt,2030,3,19,19,0.0
548,ccgt,2030,3,20,20,0.0
549,ccgt,2030,3,21,21,0.0
550,ccgt,2030,3,22,22,0.0
551,ccgt,2030,3,23,23,0.0
552,ccgt,2030,3,24,24,0.0
553,ccgt,2030,4,1,1,0.0
554,ccgt,2030,4,2,2,0.0
555,ccgt,2030,4,3,3,0.0
556,ccgt,2030,4,4,4,0.0
557,ccgt,2030,4,5,5,0.0
558,ccgt,2030,4,6,6,0.0
559,ccgt,2030,4,7,7,0.0
560,ccgt,2030,4,8,8,0.0
561,ccgt,2030,4,9,9,0.0
562,ccgt,2030,4,10,10,0.0
563,ccgt,2030,4,11,11,0.0
564,ccgt,2030,4,12,12,0.0
565,ccgt,2030,4,13,13,0.0
566,ccgt,2030,4,14,14,0.0
567,ccgt,2030,4,15,15,0.0
568,ccgt,2030,4,16,16,0.0
569,ccgt,2030,4,17,17,0.0
570,ccgt,2030,4,18,18,0.0
571,ccgt,2030,4,19,19,0.0
572,ccgt,2030,4,20,20,0.0
573,ccgt,2030,4,21,21,0.0
574,ccgt,2030,4,22,22,0.0
575,ccgt,2030,4,23,23,0.0
576,ccgt,2030,4,24,24,0.0
577,ccgt,2030,5,1,1,0.0
578,ccgt,2030,5,2,2,0.0
579,ccgt,2030,5,3,3,0.0
580,ccgt,2030,5,4,4,0.0
581,ccgt,2030,5,5,5,0.0
582,ccgt,2030,5,6,6,-2.220446049250313e-16
583,ccgt,2030,5,7,7,0.0
584,ccgt,2030,5,8,8,0.0
585,ccgt,2030,5,9,9,-2.220446049250313e-16
586,ccgt,2030,5,10,10,-2.220446049250313e-16
587,ccgt,2030,5,11,11,-2.220446049250313e-16
588,ccgt,2030,5,12,12,0.0
589,ccgt,2030,5,13,13,-2.220446049250313e-16
590,ccgt,2030,5,14,14,0.0
591,ccgt,2030,5,15,15,0.0
592,ccgt,2030,5,16,16,0.0
593,ccgt,2030,5,17,17,0.0
594,ccgt,2030,5,18,18,0.0
595,ccgt,2030,5,19,19,0.0
596,ccgt,2030,5,20,20,0.0
597,ccgt,2030,5,21,21,0.0
598,ccgt,2030,5,22,22,0.0
599,ccgt,2030,5,23,23,0.0
600,ccgt,2030,5,24,24,0.0
601,ccgt,2030,6,1,1,0.0
602,ccgt,2030,6,2,2,0.0
603,ccgt,2030,6,3,3,0.0
604,ccgt,2030,6,4,4,0.0
605,ccgt,2030,6,5,5,0.0
606,ccgt,2030,6,6,6,0.0
607,ccgt,2030,6,7,7,0.0
608,ccgt,2030,6,8,8,0.0
609,ccgt,2030,6,9,9,0.0
610,ccgt,2030,6,10,10,0.0
611,ccgt,2030,6,11,11,0.0
612,ccgt,2030,6,12,12,0.0
613,ccgt,2030,6,13,13,0.0
614,ccgt,2030,6,14,14,0.0
615,ccgt,2030,6,15,15,0.0
616,ccgt,2030,6,16,16,0.0
617,ccgt,2030,6,17,17,0.0
618,ccgt,2030,6,18,18,0.0
619,ccgt,2030,6,19,19,-0.06558338262878005
620,ccgt,2030,6,20,20,-0.06558338262878005
621,ccgt,2030,6,21,21,-0.06558338262878005
622,ccgt,2030,6,22,22,-0.06558338262878005
623,ccgt,2030,6,23,23,0.0
624,ccgt,2030,6,24,24,0.0
625,ccgt,2030,7,1,1,0.0
626,ccgt,2030,7,2,2,0.0
627,ccgt,2030,7,3,3,0.0
628,ccgt,2030,7,4,4,0.0
629,ccgt,2030,7,5,5,0.0
630,ccgt,2030,7,6,6,0.0
631,ccgt,2030,7,7,7,0.0
632,ccgt,2030,7,8,8,0.0
633,ccgt,2030,7,9,9,0.0
634,ccgt,2030,7,10,10,0.0
635,ccgt,2030,7,11,11,0.0
636,ccgt,2030,7,12,12,0.0
637,ccgt,2030,7,13,13,0.0
638,ccgt,2030,7,14,14,0.0
639,ccgt,2030,7,15,15,0.0
640,ccgt,2030,7,16,16,0.0
641,ccgt,2030,7,17,17,0.0
642,ccgt,2030,7,18,18,0.0
643,ccgt,2030,7,19,19,-0.04072314984258446
644,ccgt,2030,7,20,20,-0.04072314984258446
645,ccgt,2030,7,21,21,-0.04072314984258446
646,ccgt,2030,7,22,22,0.0
647,ccgt,2030,7,23,23,0.0
648,ccgt,2030,7,24,24,0.0
649,ccgt,2030,8,1,1,0.0
650,ccgt,2030,8,2,2,0.0
651,ccgt,2030,8,3,3,0.0
652,ccgt,2030,8,4,4,0.0
653,ccgt,2030,8,5,5,0.0
654,ccgt,2030,8,6,6,0.0
655,ccgt,2030,8,7,7,0.0
656,ccgt,2030,8,8,8,0.0
657,ccgt,2030,8,9,9,0.0
658,ccgt,2030,8,10,10,0.0
659,ccgt,2030,8,11,11,0.0
660,ccgt,2030,8,12,12,0.0
661,ccgt,2030,8,13,13,0.0
662,ccgt,2030,8,14,14,0.0
663,ccgt,2030,8,15,15,0.0
664,ccgt,2030,8,16,16,0.0
665,ccgt,2030,8,17,17,0.0
666,ccgt,2030,8,18,18,0.0
667,ccgt,2030,8,19,19,0.0
668,ccgt,2030,8,20,20,0.0
669,ccgt,2030,8,21,21,0.0
670,ccgt,2030,8,22,22,0.0
671,ccgt,2030,8,23,23,0.0
672,ccgt,2030,8,24,24,0.0
673,ccgt,2030,9,1,1,0.0
674,ccgt,2030,9,2,2,0.0
675,ccgt,2030,9,3,3,0.0
676,ccgt,2030,9,4,4,0.0
677,ccgt,2030,9,5,5,0.0
678,ccgt,2030,9,6,6,0.0
679,ccgt,2030,9,7,7,0.0
680,ccgt,2030,9,8,8,0.0
681,ccgt,2030,9,9,9,0.0
682,ccgt,2030,9,10,10,0.0
683,ccgt,2030,9,11,11,0.0
684,ccgt,2030,9,12,12,0.0
685,ccgt,2030,9,13,13,0.0
686,ccgt,2030,9,14,14,0.0
687,ccgt,2030,9,15,15,0.0
688,ccgt,2030,9,16,16,0.0
689,ccgt,2030,9,17,17,0.0
690,ccgt,2030,9,18,18,0.0
691,ccgt,2030,9,19,19,0.0
692,ccgt,2030,9,20,20,0.0
693,ccgt,2030,9,21,21,0.0
694,ccgt,2030,9,22,22,0.0
695,ccgt,2030,9,23,23,0.0
696,ccgt,2030,9,24,24,0.0
697,ccgt,2030,10,1,1,0.0
698,ccgt,2030,10,2,2,0.0
699,ccgt,2030,10,3,3,0.0
700,ccgt,2030,10,4,4,0.0
701,ccgt,2030,10,5,5,0.0
702,ccgt,2030,10,6,6,0.0
703,ccgt,2030,10,7,7,0.0
704,ccgt,2030,10,8,8,0.0
705,ccgt,2030,10,9,9,0.0
706,ccgt,2030,10,10,10,0.0
707,ccgt,2030,10,11,11,0.0
708,ccgt,2030,10,12,12,0.0
709,ccgt,2030,10,13,13,0.0
710,ccgt,2030,10,14,14,0.0
711,ccgt,2030,10,15,15,0.0
712,ccgt,2030,10,16,16,0.0
713,ccgt,2030,10,17,17,0.0
714,ccgt,2030,10,18,18,0.0
715,ccgt,2030,10,19,19,0.0
716,ccgt,2030,10,20,20,0.0
717,ccgt,2030,10,21,21,0.0
718,ccgt,2030,10,22,22,0.0
719,ccgt,2030,10,23,23,0.0
720,ccgt,2030,10,24,24,0.0
721,ccgt,2030,11,1,1,0.0
722,ccgt,2030,11,2,2,0.0
723,ccgt,2030,11,3,3,0.0
724,ccgt,2030,11,4,4,0.0
725,ccgt,2030,11,5,5,0.0
726,ccgt,2030,11,6,6,0.0
727,ccgt,2030,11,7,7,0.0
728,ccgt,2030,11,8,8,0.0
729,ccgt,2030,11,9,9,0.0
730,ccgt,2030,11,10,10,0.0
731,ccgt,2030,11,11,11,0.0
732,ccgt,2030,11,12,12,0.0
733,ccgt,2030,11,13,13,0.0
734,ccgt,2030,11,14,14,0.0
735,ccgt,2030,11,15,15,0.0
736,ccgt,2030,11,16,16,0.0
737,ccgt,2030,11,17,17,0.0
738,ccgt,2030,11,18,18,0.0
739,ccgt,2030,11,19,19,0.0
740,ccgt,2030,11,20,20,0.0
741,ccgt,2030,11,21,21,0.0
742,ccgt,2030,11,22,22,0.0
743,ccgt,2030,11,23,23,0.0
744,ccgt,2030,11,24,24,0.0
745,ccgt,2030,12,1,1,0.0
746,ccgt,2030,12,2,2,0.0
747,ccgt,2030,12,3,3,0.0
748,ccgt,2030,12,4,4,0.0
749,ccgt,2030,12,5,5,0.0
750,ccgt,2030,12,6,6,0.0
751,ccgt,2030,12,7,7,0.0
752,ccgt,2030,12,8,8,0.0
753,ccgt,2030,12,9,9,0.0
754,ccgt,2030,12,10,10,0.0
755,ccgt,2030,12,11,11,0.0
756,ccgt,2030,12,12,12,0.0
757,ccgt,2030,12,13,13,0.0
758,ccgt,2030,12,14,14,0.0
759,ccgt,2030,12,15,15,0.0
760,ccgt,2030,12,16,16,0.0
761,ccgt,2030,12,17,17,0.0
762,ccgt,2030,12,18,18,0.0
763,ccgt,2030,12,19,19,0.0
764,ccgt,2030,12,20,20,0.0
765,ccgt,2030,12,21,21,0.0
766,ccgt,2030,12,22,22,0.0
767,ccgt,2030,12,23,23,0.0
768,ccgt,2030,12,24,24,0.0
769,ccgt,2030,13,1,1,0.0
770,ccgt,2030,13,2,2,0.0
771,ccgt,2030,13,3,3,0.0
772,ccgt,2030,13,4,4,0.0
773,ccgt,2030,13,5,5,0.0
774,ccgt,2030,13,6,6,0.0
775,ccgt,2030,13,7,7,0.0
776,ccgt,2030,13,8,8,0.0
777,ccgt,2030,13,9,9,0.0
778,ccgt,2030,13,10,10,0.0
779,ccgt,2030,13,11,11,0.0
780,ccgt,2030,13,12,12,1.1102230246251565e-16
781,ccgt,2030,13,13,13,0.0
782,ccgt,2030,13,14,14,0.0
783,ccgt,2030,13,15,15,0.0
784,ccgt,2030,13,16,16,-0.2941347909692624
785,ccgt,2030,13,17,17,-0.2941347909692624
786,ccgt,2030,13,18,18,-0.2941347909692624
787,ccgt,2030,13,19,19,-18.333664904082024
788,ccgt,2030,13,20,20,-18.333664904082024
789,ccgt,2030,13,21,21,-49.38135838384921
790,ccgt,2030,13,22,22,-18.333664904082024
791,ccgt,2030,13,23,23,-0.2941347909692624
792,ccgt,2030,13,24,24,-0.2941347909692624
793,ccgt,2030,14,1,1,0.0
794,ccgt,2030,14,2,2,0.0
795,ccgt,2030,14,3,3,0.0
796,ccgt,2030,14,4,4,0.0
797,ccgt,2030,14,5,5,0.0
798,ccgt,2030,14,6,6,0.0
799,ccgt,2030,14,7,7,0.0
800,ccgt,2030,14,8,8,0.0
801,ccgt,2030,14,9,9,0.0
802,ccgt,2030,14,10,10,0.0
803,ccgt,2030,14,11,11,0.0
804,ccgt,2030,14,12,12,0.0
805,ccgt,2030,14,13,13,0.0
806,ccgt,2030,14,14,14,0.0
807,ccgt,2030,14,15,15,0.0
808,ccgt,2030,14,16,16,0.0
809,ccgt,2030,14,17,17,0.0
810,ccgt,2030,14,18,18,0.0
811,ccgt,2030,14,19,19,0.0
812,ccgt,2030,14,20,20,0.0
813,ccgt,2030,14,21,21,0.0
814,ccgt,2030,14,22,22,0.0
815,ccgt,2030,14,23,23,0.0
816,ccgt,2030,14,24,24,0.0
817,ccgt,2030,15,1,1,-0.19250248070194087
818,ccgt,2030,15,2,2,-0.19250248070194087
819,ccgt,2030,15,3,3,-0.19250248070194087
820,ccgt,2030,15,4,4,-0.19250248070194087
821,ccgt,2030,15,5,5,-0.19250248070194087
822,ccgt,2030,15,6,6,-0.3345556684473503
823,ccgt,2030,15,7,7,-0.3345556684473503
824,ccgt,2030,15,8,8,-0.3345556684473503
825,ccgt,2030,15,9,9,-0.3345556684473503
826,ccgt,2030,15,10,10,-0.3345556684473503
827,ccgt,2030,15,11,11,-0.19084199446924544
828,ccgt,2030,15,12,12,0.0
829,ccgt,2030,15,13,13,0.0
830,ccgt,2030,15,14,14,0.0
831,ccgt,2030,15,15,15,0.0
832,ccgt,2030,15,16,16,0.0
833,ccgt,2030,15,17,17,0.0
834,ccgt,2030,15,18,18,0.0
835,ccgt,2030,15,19,19,0.0
836,ccgt,2030,15,20,20,0.0
837,ccgt,2030,15,21,21,0.0
838,ccgt,2030,15,22,22,0.0
839,ccgt,2030,15,23,23,0.0
840,ccgt,2030,15,24,24,0.0
841,ccgt,2030,16,1,1,0.0
842,ccgt,2030,16,2,2,0.0
843,ccgt,2030,16,3,3,0.0
844,ccgt,2030,16,4,4,0.0
845,ccgt,2030,16,5,5,0.0
846,ccgt,2030,16,6,6,0.0
847,ccgt,2030,16,7,7,0.0
848,ccgt,2030,16,8,8,0.0
849,ccgt,2030,16,9,9,0.0
850,ccgt,2030,16,10,10,0.0
851,ccgt,2030,16,11,11,0.0
852,ccgt,2030,16,12,12,0.0
853,ccgt,2030,16,13,13,0.0
854,ccgt,2030,16,14,14,0.0
855,ccgt,2030,16,15,15,0.0
856,ccgt,2030,16,16,16,0.0
857,ccgt,2030,16,17,17,0.0
858,ccgt,2030,16,18,18,0.0
859,ccgt,2030,16,19,19,0.0
860,ccgt,2030,16,20,20,0.0
861,ccgt,2030,16,21,21,0.0
862,ccgt,2030,16,22,22,0.0
863,ccgt,2030,16,23,23,0.0
864,ccgt,2030,16,24,24,0.0
865,ccgt,2030,17,1,1,0.0
866,ccgt,2030,17,2,2,0.0
867,ccgt,2030,17,3,3,0.0
868,ccgt,2030,17,4,4,0.0
869,ccgt,2030,17,5,5,0.0
870,ccgt,2030,17,6,6,0.0
871,ccgt,2030,17,7,7,0.0
872,ccgt,2030,17,8,8,0.0
873,ccgt,2030,17,9,9,0.0
874,ccgt,2030,17,10,10,0.0
875,ccgt,2030,17,11,11,0.0
876,ccgt,2030,17,12,12,0.0
877,ccgt,2030,17,13,13,0.0
878,ccgt,2030,17,14,14,0.0
879,ccgt,2030,17,15,15,0.0
880,ccgt,2030,17,16,16,0.0
881,ccgt,2030,17,17,17,0.0
882,ccgt,2030,17,18,18,0.0
883,ccgt,2030,17,19,19,0.0
884,ccgt,2030,17,20,20,0.0
885,ccgt,2030,17,21,21,0.0
886,ccgt,2030,17,22,22,0.0
887,ccgt,2030,17,23,23,0.0
888,ccgt,2030,17,24,24,0.0
889,ccgt,2030,18,1,1,0.0
890,ccgt,2030,18,2,2,0.0
891,ccgt,2030,18,3,3,0.0
892,ccgt,2030,18,4,4,0.0
893,ccgt,2030,18,5,5,0.0
894,ccgt,2030,18,6,6,0.0
895,ccgt,2030,18,7,7,0.0
896,ccgt,2030,18,8,8,0.0
897,ccgt,2030,18,9,9,0.0
898,ccgt,2030,18,10,10,0.0
899,ccgt,2030,18,11,11,0.0
900,ccgt,2030,18,12,12,0.0
901,ccgt,2030,18,13,13,0.0
902,ccgt,2030,18,14,14,0.0
903,ccgt,2030,18,15,15,0.0
904,ccgt,2030,18,16,16,0.0
905,ccgt,2030,18,17,17,0.0
906,ccgt,2030,18,18,18,0.0
907,ccgt,2030,18,19,19,-1.1102230246251565e-16
908,ccgt,2030,18,20,20,0.0
909,ccgt,2030,18,21,21,0.0
910,ccgt,2030,18,22,22,0.0
911,ccgt,2030,18,23,23,0.0
912,ccgt,2030,18,24,24,0.0
913,ccgt,2030,19,1,1,0.0
914,ccgt,2030,19,2,2,0.0
915,ccgt,2030,19,3,3,0.0
916,ccgt,2030,19,4,4,0.0
917,ccgt,2030,19,5,5,0.0
918,ccgt,2030,19,6,6,0.0
919,ccgt,2030,19,7,7,0.0
920,ccgt,2030,19,8,8,0.0
921,ccgt,2030,19,9,9,0.0
922,ccgt,2030,19,10,10,0.0
923,ccgt,2030,19,11,11,0.0
924,ccgt,2030,19,12,12,0.0
925,ccgt,2030,19,13,13,0.0
926,ccgt,2030,19,14,14,0.0
927,ccgt,2030,19,15,15,0.0
928,ccgt,2030,19,16,16,0.0
929,ccgt,2030,19,17,17,0.0
930,ccgt,2030,19,18,18,0.0
931,ccgt,2030,19,19,19,0.0
932,ccgt,2030,19,20,20,0.0
933,ccgt,2030,19,21,21,0.0
934,ccgt,2030,19,22,22,0.0
935,ccgt,2030,19,23,23,0.0
936,ccgt,2030,19,24,24,0.0
937,ccgt,2030,20,1,1,0.0
938,ccgt,2030,20,2,2,0.0
939,ccgt,2030,20,3,3,0.0
940,ccgt,2030,20,4,4,0.0
941,ccgt,2030,20,5,5,0.0
942,ccgt,2030,20,6,6,0.0
943,ccgt,2030,20,7,7,0.0
944,ccgt,2030,20,8,8,0.0
945,ccgt,2030,20,9,9,0.0
946,ccgt,2030,20,10,10,0.0
947,ccgt,2030,20,11,11,0.0
948,ccgt,2030,20,12,12,0.0
949,ccgt,2030,20,13,13,0.0
950,ccgt,2030,20,14,14,0.0
951,ccgt,2030,20,15,15,0.0
952,ccgt,2030,20,16,16,0.0
953,ccgt,2030,20,17,17,0.0
954,ccgt,2030,20,18,18,0.0
955,ccgt,2030,20,19,19,0.0
956,ccgt,2030,20,20,20,0.0
957,ccgt,2030,20,21,21,0.0
958,ccgt,2030,20,22,22,0.0
959,ccgt,2030,20,23,23,0.0
960,ccgt,2030,20,24,24,0.0
961,ens,2030,1,1,1,0.0
962,ens,2030,1,2,2,0.0
963,ens,2030,1,3,3,0.0
964,ens,2030,1,4,4,0.0
965,ens,2030,1,5,5,0.0
966,ens,2030,1,6,6,0.0
967,ens,2030,1,7,7,0.0
968,ens,2030,1,8,8,0.0
969,ens,2030,1,9,9,0.0
970,ens,2030,1,10,10,0.0
971,ens,2030,1,11,11,0.0
972,ens,2030,1,12,12,0.0
973,ens,2030,1,13,13,0.0
974,ens,2030,1,14,14,0.0
975,ens,2030,1,15,15,0.0
976,ens,2030,1,16,16,0.0
977,ens,2030,1,17,17,0.0
978,ens,2030,1,18,18,0.0
979,ens,2030,1,19,19,0.0
980,ens,2030,1,20,20,0.0
981,ens,2030,1,21,21,0.0
982,ens,2030,1,22,22,0.0
983,ens,2030,1,23,23,0.0
984,ens,2030,1,24,24,0.0
985,ens,2030,2,1,1,0.0
986,ens,2030,2,2,2,0.0
987,ens,2030,2,3,3,0.0
988,ens,2030,2,4,4,0.0
989,ens,2030,2,5,5,0.0
990,ens,2030,2,6,6,0.0
991,ens,2030,2,7,7,0.0
992,ens,2030,2,8,8,0.0
993,ens,2030,2,9,9,0.0
994,ens,2030,2,10,10,0.0
995,ens,2030,2,11,11,0.0
996,ens,2030,2,12,12,0.0
997,ens,2030,2,13,13,0.0
998,ens,2030,2,14,14,0.0
999,ens,2030,2,15,15,0.0
1000,ens,2030,2,16,16,0.0
1001,ens,2030,2,17,17,0.0
1002,ens,2030,2,18,18,0.0
1003,ens,2030,2,19,19,0.0
1004,ens,2030,2,20,20,0.0
1005,ens,2030,2,21,21,0.0
1006,ens,2030,2,22,22,0.0
1007,ens,2030,2,23,23,0.0
1008,ens,2030,2,24,24,0.0
1009,ens,2030,3,1,1,0.0
1010,ens,2030,3,2,2,0.0
1011,ens,2030,3,3,3,0.0
1012,ens,2030,3,4,4,0.0
1013,ens,2030,3,5,5,0.0
1014,ens,2030,3,6,6,0.0
1015,ens,2030,3,7,7,0.0
1016,ens,2030,3,8,8,0.0
1017,ens,2030,3,9,9,0.0
1018,ens,2030,3,10,10,0.0
1019,ens,2030,3,11,11,0.0
1020,ens,2030,3,12,12,0.0
1021,ens,2030,3,13,13,0.0
1022,ens,2030,3,14,14,0.0
1023,ens,2030,3,15,15,0.0
1024,ens,2030,3,16,16,0.0
1025,ens,2030,3,17,17,0.0
1026,ens,2030,3,18,18,0.0
1027,ens,2030,3,19,19,0.0
1028,ens,2030,3,20,20,0.0
1029,ens,2030,3,21,21,0.0
1030,ens,2030,3,22,22,0.0
1031,ens,2030,3,23,23,0.0
1032,ens,2030,3,24,24,0.0
1033,ens,2030,4,1,1,0.0
1034,ens,2030,4,2,2,0.0
1035,ens,2030,4,3,3,0.0
1036,ens,2030,4,4,4,0.0
1037,ens,2030,4,5,5,0.0
1038,ens,2030,4,6,6,0.0
1039,ens,2030,4,7,7,0.0
1040,ens,2030,4,8,8,0.0
1041,ens,2030,4,9,9,0.0
1042,ens,2030,4,10,10,0.0
1043,ens,2030,4,11,11,0.0
1044,ens,2030,4,12,12,0.0
1045,ens,2030,4,13,13,0.0
1046,ens,2030,4,14,14,0.0
1047,ens,2030,4,15,15,0.0
1048,ens,2030,4,16,16,0.0
1049,ens,2030,4,17,17,0.0
1050,ens,2030,4,18,18,0.0
1051,ens,2030,4,19,19,0.0
1052,ens,2030,4,20,20,0.0
1053,ens,2030,4,21,21,0.0
1054,ens,2030,4,22,22,0.0
1055,ens,2030,4,23,23,0.0
1056,ens,2030,4,24,24,0.0
1057,ens,2030,5,1,1,0.0
1058,ens,2030,5,2,2,0.0
1059,ens,2030,5,3,3,0.0
1060,ens,2030,5,4,4,0.0
1061,ens,2030,5,5,5,0.0
1062,ens,2030,5,6,6,0.0
1063,ens,2030,5,7,7,0.0
1064,ens,2030,5,8,8,0.0
1065,ens,2030,5,9,9,0.0
1066,ens,2030,5,10,10,0.0
1067,ens,2030,5,11,11,0.0
1068,ens,2030,5,12,12,0.0
1069,ens,2030,5,13,13,0.0
1070,ens,2030,5,14,14,0.0
1071,ens,2030,5,15,15,0.0
1072,ens,2030,5,16,16,0.0
1073,ens,2030,5,17,17,0.0
1074,ens,2030,5,18,18,0.0
1075,ens,2030,5,19,19,0.0
1076,ens,2030,5,20,20,0.0
1077,ens,2030,5,21,21,0.0
1078,ens,2030,5,22,22,0.0
1079,ens,2030,5,23,23,0.0
1080,ens,2030,5,24,24,0.0
1081,ens,2030,6,1,1,0.0
1082,ens,2030,6,2,2,0.0
1083,ens,2030,6,3,3,0.0
1084,ens,2030,6,4,4,0.0
1085,ens,2030,6,5,5,0.0
1086,ens,2030,6,6,6,0.0
1087,ens,2030,6,7,7,0.0
1088,ens,2030,6,8,8,0.0
1089,ens,2030,6,9,9,0.0
1090,ens,2030,6,10,10,0.0
1091,ens,2030,6,11,11,0.0
1092,ens,2030,6,12,12,0.0
1093,ens,2030,6,13,13,0.0
1094,ens,2030,6,14,14,0.0
1095,ens,2030,6,15,15,0.0
1096,ens,2030,6,16,16,0.0
1097,ens,2030,6,17,17,0.0
1098,ens,2030,6,18,18,0.0
1099,ens,2030,6,19,19,0.0
1100,ens,2030,6,20,20,0.0
1101,ens,2030,6,21,21,0.0
1102,ens,2030,6,22,22,0.0
1103,ens,2030,6,23,23,0.0
1104,ens,2030,6,24,24,0.0
1105,ens,2030,7,1,1,0.0
1106,ens,2030,7,2,2,0.0
1107,ens,2030,7,3,3,0.0
1108,ens,2030,7,4,4,0.0
1109,ens,2030,7,5,5,0.0
1110,ens,2030,7,6,6,0.0
1111,ens,2030,7,7,7,0.0
1112,ens,2030,7,8,8,0.0
1113,ens,2030,7,9,9,0.0
1114,ens,2030,7,10,10,0.0
1115,ens,2030,7,11,11,0.0
1116,ens,2030,7,12,12,0.0
1117,ens,2030,7,13,13,0.0
1118,ens,2030,7,14,14,0.0
1119,ens,2030,7,15,15,0.0
1120,ens,2030,7,16,16,0.0
1121,ens,2030,7,17,17,0.0
1122,ens,2030,7,18,18,0.0
1123,ens,2030,7,19,19,0.0
1124,ens,2030,7,20,20,0.0
1125,ens,2030,7,21,21,0.0
1126,ens,2030,7,22,22,0.0
1127,ens,2030,7,23,23,0.0
1128,ens,2030,7,24,24,0.0
1129,ens,2030,8,1,1,0.0
1130,ens,2030,8,2,2,0.0
1131,ens,2030,8,3,3,0.0
1132,ens,2030,8,4,4,0.0
1133,ens,2030,8,5,5,0.0
1134,ens,2030,8,6,6,0.0
1135,ens,2030,8,7,7,0.0
1136,ens,2030,8,8,8,0.0
1137,ens,2030,8,9,9,0.0
1138,ens,2030,8,10,10,0.0
1139,ens,2030,8,11,11,0.0
1140,ens,2030,8,12,12,0.0
1141,ens,2030,8,13,13,0.0
1142,ens,2030,8,14,14,0.0
1143,ens,2030,8,15,15,0.0
1144,ens,2030,8,16,16,0.0
1145,ens,2030,8,17,17,0.0
1146,ens,2030,8,18,18,0.0
1147,ens,2030,8,19,19,0.0
1148,ens,2030,8,20,20,0.0
1149,ens,2030,8,21,21,0.0
1150,ens,2030,8,22,22,0.0
1151,ens,2030,8,23,23,0.0
1152,ens,2030,8,24,24,0.0
1153,ens,2030,9,1,1,0.0
1154,ens,2030,9,2,2,0.0
1155,ens,2030,9,3,3,0.0
1156,ens,2030,9,4,4,0.0
1157,ens,2030,9,5,5,0.0
1158,ens,2030,9,6,6,0.0
1159,ens,2030,9,7,7,0.0
1160,ens,2030,9,8,8,0.0
1161,ens,2030,9,9,9,0.0
1162,ens,2030,9,10,10,0.0
1163,ens,2030,9,11,11,0.0
1164,ens,2030,9,12,12,0.0
1165,ens,2030,9,13,13,0.0
1166,ens,2030,9,14,14,0.0
1167,ens,2030,9,15,15,0.0
1168,ens,2030,9,16,16,0.0
1169,ens,2030,9,17,17,0.0
1170,ens,2030,9,18,18,0.0
1171,ens,2030,9,19,19,0.0
1172,ens,2030,9,20,20,0.0
1173,ens,2030,9,21,21,0.0
1174,ens,2030,9,22,22,0.0
1175,ens,2030,9,23,23,0.0
1176,ens,2030,9,24,24,0.0
1177,ens,2030,10,1,1,0.0
1178,ens,2030,10,2,2,0.0
1179,ens,2030,10,3,3,0.0
1180,ens,2030,10,4,4,0.0
1181,ens,2030,10,5,5,0.0
1182,ens,2030,10,6,6,0.0
1183,ens,2030,10,7,7,0.0
1184,ens,2030,10,8,8,0.0
1185,ens,2030,10,9,9,0.0
1186,ens,2030,10,10,10,0.0
1187,ens,2030,10,11,11,0.0
1188,ens,2030,10,12,12,0.0
1189,ens,2030,10,13,13,0.0
1190,ens,2030,10,14,14,0.0
1191,ens,2030,10,15,15,0.0
1192,ens,2030,10,16,16,0.0
1193,ens,2030,10,17,17,0.0
1194,ens,2030,10,18,18,0.0
1195,ens,2030,10,19,19,0.0
1196,ens,2030,10,20,20,0.0
1197,ens,2030,10,21,21,0.0
1198,ens,2030,10,22,22,0.0
1199,ens,2030,10,23,23,0.0
1200,ens,2030,10,24,24,0.0
1201,ens,2030,11,1,1,0.0
1202,ens,2030,11,2,2,0.0
1203,ens,2030,11,3,3,0.0
1204,ens,2030,11,4,4,0.0
1205,ens,2030,11,5,5,0.0
1206,ens,2030,11,6,6,0.0
1207,ens,2030,11,7,7,0.0
1208,ens,2030,11,8,8,0.0
1209,ens,2030,11,9,9,0.0
1210,ens,2030,11,10,10,0.0
1211,ens,2030,11,11,11,0.0
1212,ens,2030,11,12,12,0.0
1213,ens,2030,11,13,13,0.0
1214,ens,2030,11,14,14,0.0
1215,ens,2030,11,15,15,0.0
1216,ens,2030,11,16,16,0.0
1217,ens,2030,11,17,17,0.0
1218,ens,2030,11,18,18,0.0
1219,ens,2030,11,19,19,0.0
1220,ens,2030,11,20,20,0.0
1221,ens,2030,11,21,21,0.0
1222,ens,2030,11,22,22,0.0
1223,ens,2030,11,23,23,0.0
1224,ens,2030,11,24,24,0.0
1225,ens,2030,12,1,1,0.0
1226,ens,2030,12,2,2,0.0
1227,ens,2030,12,3,3,0.0
1228,ens,2030,12,4,4,0.0
1229,ens,2030,12,5,5,0.0
1230,ens,2030,12,6,6,0.0
1231,ens,2030,12,7,7,0.0
1232,ens,2030,12,8,8,0.0
1233,ens,2030,12,9,9,0.0
1234,ens,2030,12,10,10,0.0
1235,ens,2030,12,11,11,0.0
1236,ens,2030,12,12,12,0.0
1237,ens,2030,12,13,13,0.0
1238,ens,2030,12,14,14,0.0
1239,ens,2030,12,15,15,0.0
1240,ens,2030,12,16,16,0.0
1241,ens,2030,12,17,17,0.0
1242,ens,2030,12,18,18,0.0
1243,ens,2030,12,19,19,0.0
1244,ens,2030,12,20,20,0.0
1245,ens,2030,12,21,21,0.0
1246,ens,2030,12,22,22,0.0
1247,ens,2030,12,23,23,0.0
1248,ens,2030,12,24,24,0.0
1249,ens,2030,13,1,1,0.0
1250,ens,2030,13,2,2,0.0
1251,ens,2030,13,3,3,0.0
1252,ens,2030,13,4,4,0.0
1253,ens,2030,13,5,5,0.0
1254,ens,2030,13,6,6,0.0
1255,ens,2030,13,7,7,0.0
1256,ens,2030,13,8,8,0.0
1257,ens,2030,13,9,9,0.0
1258,ens,2030,13,10,10,0.0
1259,ens,2030,13,11,11,0.0
1260,ens,2030,13,12,12,0.0
1261,ens,2030,13,13,13,0.0
1262,ens,2030,13,14,14,0.0
1263,ens,2030,13,15,15,0.0
1264,ens,2030,13,16,16,0.0
1265,ens,2030,13,17,17,0.0
1266,ens,2030,13,18,18,0.0
1267,ens,2030,13,19,19,0.0
1268,ens,2030,13,20,20,0.0
1269,ens,2030,13,21,21,0.0
1270,ens,2030,13,22,22,0.0
1271,ens,2030,13,23,23,0.0
1272,ens,2030,13,24,24,0.0
1273,ens,2030,14,1,1,0.0
1274,ens,2030,14,2,2,0.0
1275,ens,2030,14,3,3,0.0
1276,ens,2030,14,4,4,0.0
1277,ens,2030,14,5,5,0.0
1278,ens,2030,14,6,6,0.0
1279,ens,2030,14,7,7,0.0
1280,ens,2030,14,8,8,0.0
1281,ens,2030,14,9,9,0.0
1282,ens,2030,14,10,10,0.0
1283,ens,2030,14,11,11,0.0
1284,ens,2030,14,12,12,0.0
1285,ens,2030,14,13,13,0.0
1286,ens,2030,14,14,14,0.0
1287,ens,2030,14,15,15,0.0
1288,ens,2030,14,16,16,0.0
1289,ens,2030,14,17,17,0.0
1290,ens,2030,14,18,18,0.0
1291,ens,2030,14,19,19,0.0
1292,ens,2030,14,20,20,0.0
1293,ens,2030,14,21,21,0.0
1294,ens,2030,14,22,22,0.0
1295,ens,2030,14,23,23,0.0
1296,ens,2030,14,24,24,0.0
1297,ens,2030,15,1,1,0.0
1298,ens,2030,15,2,2,0.0
1299,ens,2030,15,3,3,0.0
1300,ens,2030,15,4,4,0.0
1301,ens,2030,15,5,5,0.0
1302,ens,2030,15,6,6,0.0
1303,ens,2030,15,7,7,0.0
1304,ens,2030,15,8,8,0.0
1305,ens,2030,15,9,9,0.0
1306,ens,2030,15,10,10,0.0
1307,ens,2030,15,11,11,0.0
1308,ens,2030,15,12,12,0.0
1309,ens,2030,15,13,13,0.0
1310,ens,2030,15,14,14,0.0
1311,ens,2030,15,15,15,0.0
1312,ens,2030,15,16,16,0.0
1313,ens,2030,15,17,17,0.0
1314,ens,2030,15,18,18,0.0
1315,ens,2030,15,19,19,0.0
1316,ens,2030,15,20,20,0.0
1317,ens,2030,15,21,21,0.0
1318,ens,2030,15,22,22,0.0
1319,ens,2030,15,23,23,0.0
1320,ens,2030,15,24,24,0.0
1321,ens,2030,16,1,1,0.0
1322,ens,2030,16,2,2,0.0
1323,ens,2030,16,3,3,0.0
1324,ens,2030,16,4,4,0.0
1325,ens,2030,16,5,5,0.0
1326,ens,2030,16,6,6,0.0
1327,ens,2030,16,7,7,0.0
1328,ens,2030,16,8,8,0.0
1329,ens,2030,16,9,9,0.0
1330,ens,2030,16,10,10,0.0
1331,ens,2030,16,11,11,0.0
1332,ens,2030,16,12,12,0.0
1333,ens,2030,16,13,13,0.0
1334,ens,2030,16,14,14,0.0
1335,ens,2030,16,15,15,0.0
1336,ens,2030,16,16,16,0.0
1337,ens,2030,16,17,17,0.0
1338,ens,2030,16,18,18,0.0
1339,ens,2030,16,19,19,0.0
1340,ens,2030,16,20,20,0.0
1341,ens,2030,16,21,21,0.0
1342,ens,2030,16,22,22,0.0
1343,ens,2030,16,23,23,0.0
1344,ens,2030,16,24,24,0.0
1345,ens,2030,17,1,1,0.0
1346,ens,2030,17,2,2,0.0
1347,ens,2030,17,3,3,0.0
1348,ens,2030,17,4,4,0.0
1349,ens,2030,17,5,5,0.0
1350,ens,2030,17,6,6,0.0
1351,ens,2030,17,7,7,0.0
1352,ens,2030,17,8,8,0.0
1353,ens,2030,17,9,9,0.0
1354,ens,2030,17,10,10,0.0
1355,ens,2030,17,11,11,0.0
1356,ens,2030,17,12,12,0.0
1357,ens,2030,17,13,13,0.0
1358,ens,2030,17,14,14,0.0
1359,ens,2030,17,15,15,0.0
1360,ens,2030,17,16,16,0.0
1361,ens,2030,17,17,17,0.0
1362,ens,2030,17,18,18,0.0
1363,ens,2030,17,19,19,0.0
1364,ens,2030,17,20,20,0.0
1365,ens,2030,17,21,21,0.0
1366,ens,2030,17,22,22,0.0
1367,ens,2030,17,23,23,0.0
1368,ens,2030,17,24,24,0.0
1369,ens,2030,18,1,1,0.0
1370,ens,2030,18,2,2,0.0
1371,ens,2030,18,3,3,0.0
1372,ens,2030,18,4,4,0.0
1373,ens,2030,18,5,5,0.0
1374,ens,2030,18,6,6,0.0
1375,ens,2030,18,7,7,0.0
1376,ens,2030,18,8,8,0.0
1377,ens,2030,18,9,9,0.0
1378,ens,2030,18,10,10,0.0
1379,ens,2030,18,11,11,0.0
1380,ens,2030,18,12,12,0.0
1381,ens,2030,18,13,13,0.0
1382,ens,2030,18,14,14,0.0
1383,ens,2030,18,15,15,0.0
1384,ens,2030,18,16,16,0.0
1385,ens,2030,18,17,17,0.0
1386,ens,2030,18,18,18,0.0
1387,ens,2030,18,19,19,0.0
1388,ens,2030,18,20,20,0.0
1389,ens,2030,18,21,21,0.0
1390,ens,2030,18,22,22,0.0
1391,ens,2030,18,23,23,0.0
1392,ens,2030,18,24,24,0.0
1393,ens,2030,19,1,1,0.0
1394,ens,2030,19,2,2,0.0
1395,ens,2030,19,3,3,0.0
1396,ens,2030,19,4,4,0.0
1397,ens,2030,19,5,5,0.0
1398,ens,2030,19,6,6,0.0
1399,ens,2030,19,7,7,0.0
1400,ens,2030,19,8,8,0.0
1401,ens,2030,19,9,9,0.0
1402,ens,2030,19,10,10,0.0
1403,ens,2030,19,11,11,0.0
1404,ens,2030,19,12,12,0.0
1405,ens,2030,19,13,13,0.0
1406,ens,2030,19,14,14,0.0
1407,ens,2030,19,15,15,0.0
1408,ens,2030,19,16,16,0.0
1409,ens,2030,19,17,17,0.0
1410,ens,2030,19,18,18,0.0
1411,ens,2030,19,19,19,0.0
1412,ens,2030,19,20,20,0.0
1413,ens,2030,19,21,21,0.0
1414,ens,2030,19,22,22,0.0
1415,ens,2030,19,23,23,0.0
1416,ens,2030,19,24,24,0.0
1417,ens,2030,20,1,1,0.0
1418,ens,2030,20,2,2,0.0
1419,ens,2030,20,3,3,0.0
1420,ens,2030,20,4,4,0.0
1421,ens,2030,20,5,5,0.0
1422,ens,2030,20,6,6,0.0
1423,ens,2030,20,7,7,0.0
1424,ens,2030,20,8,8,0.0
1425,ens,2030,20,9,9,0.0
1426,ens,2030,20,10,10,0.0
1427,ens,2030,20,11,11,0.0
1428,ens,2030,20,12,12,0.0
1429,ens,2030,20,13,13,0.0
1430,ens,2030,20,14,14,0.0
1431,ens,2030,20,15,15,0.0
1432,ens,2030,20,16,16,0.0
1433,ens,2030,20,17,17,0.0
1434,ens,2030,20,18,18,0.0
1435,ens,2030,20,19,19,0.0
1436,ens,2030,20,20,20,0.0
1437,ens,2030,20,21,21,0.0
1438,ens,2030,20,22,22,0.0
1439,ens,2030,20,23,23,0.0
1440,ens,2030,20,24,24,0.0
1441,hydro_reservoir,2030,1,1,1,0.0
1442,hydro_reservoir,2030,1,2,2,0.0
1443,hydro_reservoir,2030,1,3,3,0.0
1444,hydro_reservoir,2030,1,4,4,0.0
1445,hydro_reservoir,2030,1,5,5,0.0
1446,hydro_reservoir,2030,1,6,6,0.0
1447,hydro_reservoir,2030,1,7,7,0.0
1448,hydro_reservoir,2030,1,8,8,0.0
1449,hydro_reservoir,2030,1,9,9,0.0
1450,hydro_reservoir,2030,1,10,10,0.0
1451,hydro_reservoir,2030,1,11,11,0.0
1452,hydro_reservoir,2030,1,12,12,0.0
1453,hydro_reservoir,2030,1,13,13,0.0
1454,hydro_reservoir,2030,1,14,14,0.0
1455,hydro_reservoir,2030,1,15,15,0.0
1456,hydro_reservoir,2030,1,16,16,0.0
1457,hydro_reservoir,2030,1,17,17,0.0
1458,hydro_reservoir,2030,1,18,18,0.0
1459,hydro_reservoir,2030,1,19,19,0.0
1460,hydro_reservoir,2030,1,20,20,0.0
1461,hydro_reservoir,2030,1,21,21,0.0
1462,hydro_reservoir,2030,1,22,22,0.0
1463,hydro_reservoir,2030,1,23,23,0.0
1464,hydro_reservoir,2030,1,24,24,0.0
1465,hydro_reservoir,2030,2,1,1,0.0
1466,hydro_reservoir,2030,2,2,2,8.881784197001252e-16
1467,hydro_reservoir,2030,2,3,3,8.881784197001252e-16
1468,hydro_reservoir,2030,2,4,4,0.0
1469,hydro_reservoir,2030,2,5,5,0.0
1470,hydro_reservoir,2030,2,6,6,0.0
1471,hydro_reservoir,2030,2,7,7,8.881784197001252e-16
1472,hydro_reservoir,2030,2,8,8,8.881784197001252e-16
1473,hydro_reservoir,2030,2,9,9,8.881784197001252e-16
1474,hydro_reservoir,2030,2,10,10,0.0
1475,hydro_reservoir,2030,2,11,11,8.881784197001252e-16
1476,hydro_reservoir,2030,2,12,12,8.881784197001252e-16
1477,hydro_reservoir,2030,2,13,13,8.881784197001252e-16
1478,hydro_reservoir,2030,2,14,14,8.881784197001252e-16
1479,hydro_reservoir,2030,2,15,15,0.0
1480,hydro_reservoir,2030,2,16,16,0.0
1481,hydro_reservoir,2030,2,17,17,0.0
1482,hydro_reservoir,2030,2,18,18,0.0
1483,hydro_reservoir,2030,2,19,19,0.0
1484,hydro_reservoir,2030,2,20,20,0.0
1485,hydro_reservoir,2030,2,21,21,0.0
1486,hydro_reservoir,2030,2,22,22,0.0
1487,hydro_reservoir,2030,2,23,23,0.0
1488,hydro_reservoir,2030,2,24,24,0.0
1489,hydro_reservoir,2030,3,1,1,0.0
1490,hydro_reservoir,2030,3,2,2,0.0
1491,hydro_reservoir,2030,3,3,3,0.0
1492,hydro_reservoir,2030,3,4,4,0.0
1493,hydro_reservoir,2030,3,5,5,0.0
1494,hydro_reservoir,2030,3,6,6,0.0
1495,hydro_reservoir,2030,3,7,7,0.0
1496,hydro_reservoir,2030,3,8,8,0.0
1497,hydro_reservoir,2030,3,9,9,0.0
1498,hydro_reservoir,2030,3,10,10,8.881784197001252e-16
1499,hydro_reservoir,2030,3,11,11,8.881784197001252e-16
1500,hydro_reservoir,2030,3,12,12,0.0
1501,hydro_reservoir,2030,3,13,13,8.881784197001252e-16
1502,hydro_reservoir,2030,3,14,14,0.0
1503,hydro_reservoir,2030,3,15,15,8.881784197001252e-16
1504,hydro_reservoir,2030,3,16,16,8.881784197001252e-16
1505,hydro_reservoir,2030,3,17,17,8.881784197001252e-16
1506,hydro_reservoir,2030,3,18,18,8.881784197001252e-16
1507,hydro_reservoir,2030,3,19,19,8.881784197001252e-16
1508,hydro_reservoir,2030,3,20,20,8.881784197001252e-16
1509,hydro_reservoir,2030,3,21,21,8.881784197001252e-16
1510,hydro_reservoir,2030,3,22,22,8.881784197001252e-16
1511,hydro_reservoir,2030,3,23,23,0.0
1512,hydro_reservoir,2030,3,24,24,0.0
1513,hydro_reservoir,2030,4,1,1,0.0
1514,hydro_reservoir,2030,4,2,2,0.0
1515,hydro_reservoir,2030,4,3,3,0.0
1516,hydro_reservoir,2030,4,4,4,0.0
1517,hydro_reservoir,2030,4,5,5,0.0
1518,hydro_reservoir,2030,4,6,6,0.0
1519,hydro_reservoir,2030,4,7,7,0.0
1520,hydro_reservoir,2030,4,8,8,0.0
1521,hydro_reservoir,2030,4,9,9,0.0
1522,hydro_reservoir,2030,4,10,10,0.0
1523,hydro_reservoir,2030,4,11,11,0.0
1524,hydro_reservoir,2030,4,12,12,0.0
1525,hydro_reservoir,2030,4,13,13,0.0
1526,hydro_reservoir,2030,4,14,14,0.0
1527,hydro_reservoir,2030,4,15,15,0.0
1528,hydro_reservoir,2030,4,16,16,0.0
1529,hydro_reservoir,2030,4,17,17,0.0
1530,hydro_reservoir,2030,4,18,18,0.0
1531,hydro_reservoir,2030,4,19,19,0.0
1532,hydro_reservoir,2030,4,20,20,0.0
1533,hydro_reservoir,2030,4,21,21,0.0
1534,hydro_reservoir,2030,4,22,22,0.0
1535,hydro_reservoir,2030,4,23,23,0.0
1536,hydro_reservoir,2030,4,24,24,0.0
1537,hydro_reservoir,2030,5,1,1,0.0
1538,hydro_reservoir,2030,5,2,2,0.0
1539,hydro_reservoir,2030,5,3,3,0.0
1540,hydro_reservoir,2030,5,4,4,0.0
1541,hydro_reservoir,2030,5,5,5,6.661338147750939e-16
1542,hydro_reservoir,2030,5,6,6,0.0
1543,hydro_reservoir,2030,5,7,7,6.661338147750939e-16
1544,hydro_reservoir,2030,5,8,8,6.661338147750939e-16
1545,hydro_reservoir,2030,5,9,9,0.0
1546,hydro_reservoir,2030,5,10,10,0.0
1547,hydro_reservoir,2030,5,11,11,0.0
1548,hydro_reservoir,2030,5,12,12,6.661338147750939e-16
1549,hydro_reservoir,2030,5,13,13,0.0
1550,hydro_reservoir,2030,5,14,14,6.661338147750939e-16
1551,hydro_reservoir,2030,5,15,15,0.0
1552,hydro_reservoir,2030,5,16,16,0.0
1553,hydro_reservoir,2030,5,17,17,6.661338147750939e-16
1554,hydro_reservoir,2030,5,18,18,6.661338147750939e-16
1555,hydro_reservoir,2030,5,19,19,6.661338147750939e-16
1556,hydro_reservoir,2030,5,20,20,0.0
1557,hydro_reservoir,2030,5,21,21,6.661338147750939e-16
1558,hydro_reservoir,2030,5,22,22,0.0
1559,hydro_reservoir,2030,5,23,23,0.0
1560,hydro_reservoir,2030,5,24,24,6.661338147750939e-16
1561,hydro_reservoir,2030,6,1,1,0.0
1562,hydro_reservoir,2030,6,2,2,0.0
1563,hydro_reservoir,2030,6,3,3,0.0
1564,hydro_reservoir,2030,6,4,4,0.0
1565,hydro_reservoir,2030,6,5,5,0.0
1566,hydro_reservoir,2030,6,6,6,0.0
1567,hydro_reservoir,2030,6,7,7,0.0
1568,hydro_reservoir,2030,6,8,8,0.0
1569,hydro_reservoir,2030,6,9,9,0.0
1570,hydro_reservoir,2030,6,10,10,0.0
1571,hydro_reservoir,2030,6,11,11,0.0
1572,hydro_reservoir,2030,6,12,12,0.0
1573,hydro_reservoir,2030,6,13,13,0.0
1574,hydro_reservoir,2030,6,14,14,0.0
1575,hydro_reservoir,2030,6,15,15,0.0
1576,hydro_reservoir,2030,6,16,16,0.0
1577,hydro_reservoir,2030,6,17,17,0.0
1578,hydro_reservoir,2030,6,18,18,4.440892098500626e-16
1579,hydro_reservoir,2030,6,19,19,-0.06558338262877961
1580,hydro_reservoir,2030,6,20,20,-0.06558338262877961
1581,hydro_reservoir,2030,6,21,21,-0.06558338262877961
1582,hydro_reservoir,2030,6,22,22,-0.06558338262877961
1583,hydro_reservoir,2030,6,23,23,0.0
1584,hydro_reservoir,2030,6,24,24,0.0
1585,hydro_reservoir,2030,7,1,1,0.0
1586,hydro_reservoir,2030,7,2,2,3.885780586188048e-16
1587,hydro_reservoir,2030,7,3,3,0.0
1588,hydro_reservoir,2030,7,4,4,0.0
1589,hydro_reservoir,2030,7,5,5,0.0
1590,hydro_reservoir,2030,7,6,6,0.0
1591,hydro_reservoir,2030,7,7,7,0.0
1592,hydro_reservoir,2030,7,8,8,0.0
1593,hydro_reservoir,2030,7,9,9,0.0
1594,hydro_reservoir,2030,7,10,10,3.885780586188048e-16
1595,hydro_reservoir,2030,7,11,11,3.885780586188048e-16
1596,hydro_reservoir,2030,7,12,12,3.885780586188048e-16
1597,hydro_reservoir,2030,7,13,13,3.885780586188048e-16
1598,hydro_reservoir,2030,7,14,14,3.885780586188048e-16
1599,hydro_reservoir,2030,7,15,15,3.885780586188048e-16
1600,hydro_reservoir,2030,7,16,16,3.885780586188048e-16
1601,hydro_reservoir,2030,7,17,17,3.885780586188048e-16
1602,hydro_reservoir,2030,7,18,18,3.885780586188048e-16
1603,hydro_reservoir,2030,7,19,19,-0.04072314984258407
1604,hydro_reservoir,2030,7,20,20,-0.04072314984258407
1605,hydro_reservoir,2030,7,21,21,-0.04072314984258407
1606,hydro_reservoir,2030,7,22,22,3.885780586188048e-16
1607,hydro_reservoir,2030,7,23,23,0.0
1608,hydro_reservoir,2030,7,24,24,0.0
1609,hydro_reservoir,2030,8,1,1,0.0
1610,hydro_reservoir,2030,8,2,2,0.0
1611,hydro_reservoir,2030,8,3,3,0.0
1612,hydro_reservoir,2030,8,4,4,0.0
1613,hydro_reservoir,2030,8,5,5,0.0
1614,hydro_reservoir,2030,8,6,6,0.0
1615,hydro_reservoir,2030,8,7,7,0.0
1616,hydro_reservoir,2030,8,8,8,0.0
1617,hydro_reservoir,2030,8,9,9,0.0
1618,hydro_reservoir,2030,8,10,10,0.0
1619,hydro_reservoir,2030,8,11,11,0.0
1620,hydro_reservoir,2030,8,12,12,0.0
1621,hydro_reservoir,2030,8,13,13,0.0
1622,hydro_reservoir,2030,8,14,14,0.0
1623,hydro_reservoir,2030,8,15,15,0.0
1624,hydro_reservoir,2030,8,16,16,0.0
1625,hydro_reservoir,2030,8,17,17,0.0
1626,hydro_reservoir,2030,8,18,18,0.0
1627,hydro_reservoir,2030,8,19,19,0.0
1628,hydro_reservoir,2030,8,20,20,0.0
1629,hydro_reservoir,2030,8,21,21,0.0
1630,hydro_reservoir,2030,8,22,22,0.0
1631,hydro_reservoir,2030,8,23,23,0.0
1632,hydro_reservoir,2030,8,24,24,0.0
1633,hydro_reservoir,2030,9,1,1,0.0
1634,hydro_reservoir,2030,9,2,2,0.0
1635,hydro_reservoir,2030,9,3,3,0.0
1636,hydro_reservoir,2030,9,4,4,0.0
1637,hydro_reservoir,2030,9,5,5,0.0
1638,hydro_reservoir,2030,9,6,6,0.0
1639,hydro_reservoir,2030,9,7,7,0.0
1640,hydro_reservoir,2030,9,8,8,0.0
1641,hydro_reservoir,2030,9,9,9,0.0
1642,hydro_reservoir,2030,9,10,10,0.0
1643,hydro_reservoir,2030,9,11,11,0.0
1644,hydro_reservoir,2030,9,12,12,0.0
1645,hydro_reservoir,2030,9,13,13,0.0
1646,hydro_reservoir,2030,9,14,14,0.0
1647,hydro_reservoir,2030,9,15,15,0.0
1648,hydro_reservoir,2030,9,16,16,0.0
1649,hydro_reservoir,2030,9,17,17,0.0
1650,hydro_reservoir,2030,9,18,18,0.0
1651,hydro_reservoir,2030,9,19,19,0.0
1652,hydro_reservoir,2030,9,20,20,0.0
1653,hydro_reservoir,2030,9,21,21,0.0
1654,hydro_reservoir,2030,9,22,22,0.0
1655,hydro_reservoir,2030,9,23,23,0.0
1656,hydro_reservoir,2030,9,24,24,0.0
1657,hydro_reservoir,2030,10,1,1,0.0
1658,hydro_reservoir,2030,10,2,2,0.0
1659,hydro_reservoir,2030,10,3,3,0.0
1660,hydro_reservoir,2030,10,4,4,0.0
1661,hydro_reservoir,2030,10,5,5,0.0
1662,hydro_reservoir,2030,10,6,6,0.0
1663,hydro_reservoir,2030,10,7,7,0.0
1664,hydro_reservoir,2030,10,8,8,0.0
1665,hydro_reservoir,2030,10,9,9,3.885780586188048e-16
1666,hydro_reservoir,2030,10,10,10,3.885780586188048e-16
1667,hydro_reservoir,2030,10,11,11,0.0
1668,hydro_reservoir,2030,10,12,12,0.0
1669,hydro_reservoir,2030,10,13,13,0.0
1670,hydro_reservoir,2030,10,14,14,3.885780586188048e-16
1671,hydro_reservoir,2030,10,15,15,0.0
1672,hydro_reservoir,2030,10,16,16,0.0
1673,hydro_reservoir,2030,10,17,17,0.0
1674,hydro_reservoir,2030,10,18,18,0.0
1675,hydro_reservoir,2030,10,19,19,0.0
1676,hydro_reservoir,2030,10,20,20,0.0
1677,hydro_reservoir,2030,10,21,21,0.0
1678,hydro_reservoir,2030,10,22,22,0.0
1679,hydro_reservoir,2030,10,23,23,0.0
1680,hydro_reservoir,2030,10,24,24,0.0
1681,hydro_reservoir,2030,11,1,1,0.0
1682,hydro_reservoir,2030,11,2,2,0.0
1683,hydro_reservoir,2030,11,3,3,0.0
1684,hydro_reservoir,2030,11,4,4,0.0
1685,hydro_reservoir,2030,11,5,5,0.0
1686,hydro_reservoir,2030,11,6,6,0.0
1687,hydro_reservoir,2030,11,7,7,0.0
1688,hydro_reservoir,2030,11,8,8,0.0
1689,hydro_reservoir,2030,11,9,9,0.0
1690,hydro_reservoir,2030,11,10,10,0.0
1691,hydro_reservoir,2030,11,11,11,0.0
1692,hydro_reservoir,2030,11,12,12,0.0
1693,hydro_reservoir,2030,11,13,13,0.0
1694,hydro_reservoir,2030,11,14,14,0.0
1695,hydro_reservoir,2030,11,15,15,0.0
1696,hydro_reservoir,2030,11,16,16,0.0
1697,hydro_reservoir,2030,11,17,17,0.0
1698,hydro_reservoir,2030,11,18,18,0.0
1699,hydro_reservoir,2030,11,19,19,0.0
1700,hydro_reservoir,2030,11,20,20,0.0
1701,hydro_reservoir,2030,11,21,21,0.0
1702,hydro_reservoir,2030,11,22,22,0.0
1703,hydro_reservoir,2030,11,23,23,0.0
1704,hydro_reservoir,2030,11,24,24,9.020562075079397e-17
1705,hydro_reservoir,2030,12,1,1,0.0
1706,hydro_reservoir,2030,12,2,2,0.0
1707,hydro_reservoir,2030,12,3,3,0.0
1708,hydro_reservoir,2030,12,4,4,0.0
1709,hydro_reservoir,2030,12,5,5,0.0
1710,hydro_reservoir,2030,12,6,6,0.0
1711,hydro_reservoir,2030,12,7,7,0.0
1712,hydro_reservoir,2030,12,8,8,0.0
1713,hydro_reservoir,2030,12,9,9,0.0
1714,hydro_reservoir,2030,12,10,10,0.0
1715,hydro_reservoir,2030,12,11,11,0.0
1716,hydro_reservoir,2030,12,12,12,0.0
1717,hydro_reservoir,2030,12,13,13,0.0
1718,hydro_reservoir,2030,12,14,14,0.0
1719,hydro_reservoir,2030,12,15,15,0.0
1720,hydro_reservoir,2030,12,16,16,0.0
1721,hydro_reservoir,2030,12,17,17,0.0
1722,hydro_reservoir,2030,12,18,18,0.0
1723,hydro_reservoir,2030,12,19,19,0.0
1724,hydro_reservoir,2030,12,20,20,0.0
1725,hydro_reservoir,2030,12,21,21,0.0
1726,hydro_reservoir,2030,12,22,22,0.0
1727,hydro_reservoir,2030,12,23,23,0.0
1728,hydro_reservoir,2030,12,24,24,0.0
1729,hydro_reservoir,2030,13,1,1,1.1102230246251565e-16
1730,hydro_reservoir,2030,13,2,2,1.1102230246251565e-16
1731,hydro_reservoir,2030,13,3,3,1.1102230246251565e-16
1732,hydro_reservoir,2030,13,4,4,1.1102230246251565e-16
1733,hydro_reservoir,2030,13,5,5,1.1102230246251565e-16
1734,hydro_reservoir,2030,13,6,6,1.1102230246251565e-16
1735,hydro_reservoir,2030,13,7,7,1.1102230246251565e-16
1736,hydro_reservoir,2030,13,8,8,1.1102230246251565e-16
1737,hydro_reservoir,2030,13,9,9,0.0
1738,hydro_reservoir,2030,13,10,10,1.1102230246251565e-16
1739,hydro_reservoir,2030,13,11,11,1.1102230246251565e-16
1740,hydro_reservoir,2030,13,12,12,0.0
1741,hydro_reservoir,2030,13,13,13,1.1102230246251565e-16
1742,hydro_reservoir,2030,13,14,14,1.1102230246251565e-16
1743,hydro_reservoir,2030,13,15,15,1.1102230246251565e-16
1744,hydro_reservoir,2030,13,16,16,-0.2941347909692623
1745,hydro_reservoir,2030,13,17,17,-0.2941347909692623
1746,hydro_reservoir,2030,13,18,18,-0.2941347909692623
1747,hydro_reservoir,2030,13,19,19,-18.333664904082017
1748,hydro_reservoir,2030,13,20,20,-18.333664904082013
1749,hydro_reservoir,2030,13,21,21,-49.381358383849225
1750,hydro_reservoir,2030,13,22,22,-18.333664904082013
1751,hydro_reservoir,2030,13,23,23,-0.2941347909692623
1752,hydro_reservoir,2030,13,24,24,-0.2941347909692623
1753,hydro_reservoir,2030,14,1,1,0.0
1754,hydro_reservoir,2030,14,2,2,0.0
1755,hydro_reservoir,2030,14,3,3,0.0
1756,hydro_reservoir,2030,14,4,4,0.0
1757,hydro_reservoir,2030,14,5,5,0.0
1758,hydro_reservoir,2030,14,6,6,0.0
1759,hydro_reservoir,2030,14,7,7,0.0
1760,hydro_reservoir,2030,14,8,8,0.0
1761,hydro_reservoir,2030,14,9,9,0.0
1762,hydro_reservoir,2030,14,10,10,0.0
1763,hydro_reservoir,2030,14,11,11,0.0
1764,hydro_reservoir,2030,14,12,12,0.0
1765,hydro_reservoir,2030,14,13,13,0.0
1766,hydro_reservoir,2030,14,14,14,0.0
1767,hydro_reservoir,2030,14,15,15,0.0
1768,hydro_reservoir,2030,14,16,16,0.0
1769,hydro_reservoir,2030,14,17,17,0.0
1770,hydro_reservoir,2030,14,18,18,-5.551115123125783e-17
1771,hydro_reservoir,2030,14,19,19,-5.551115123125783e-17
1772,hydro_reservoir,2030,14,20,20,-5.551115123125783e-17
1773,hydro_reservoir,2030,14,21,21,-5.551115123125783e-17
1774,hydro_reservoir,2030,14,22,22,-5.551115123125783e-17
1775,hydro_reservoir,2030,14,23,23,-5.551115123125783e-17
1776,hydro_reservoir,2030,14,24,24,-5.551115123125783e-17
1777,hydro_reservoir,2030,15,1,1,-0.19250248070194137
1778,hydro_reservoir,2030,15,2,2,-0.19250248070194137
1779,hydro_reservoir,2030,15,3,3,-0.19250248070194137
1780,hydro_reservoir,2030,15,4,4,-0.19250248070194137
1781,hydro_reservoir,2030,15,5,5,-0.19250248070194137
1782,hydro_reservoir,2030,15,6,6,-0.3345556684473503
1783,hydro_reservoir,2030,15,7,7,-0.3345556684473505
1784,hydro_reservoir,2030,15,8,8,-0.3345556684473505
1785,hydro_reservoir,2030,15,9,9,-0.3345556684473501
1786,hydro_reservoir,2030,15,10,10,-0.3345556684473503
1787,hydro_reservoir,2030,15,11,11,-0.1908419944692457
1788,hydro_reservoir,2030,15,12,12,0.0
1789,hydro_reservoir,2030,15,13,13,0.0
1790,hydro_reservoir,2030,15,14,14,0.0
1791,hydro_reservoir,2030,15,15,15,0.0
1792,hydro_reservoir,2030,15,16,16,0.0
1793,hydro_reservoir,2030,15,17,17,0.0
1794,hydro_reservoir,2030,15,18,18,0.0
1795,hydro_reservoir,2030,15,19,19,0.0
1796,hydro_reservoir,2030,15,20,20,0.0
1797,hydro_reservoir,2030,15,21,21,0.0
1798,hydro_reservoir,2030,15,22,22,0.0
1799,hydro_reservoir,2030,15,23,23,0.0
1800,hydro_reservoir,2030,15,24,24,0.0
1801,hydro_reservoir,2030,16,1,1,0.0
1802,hydro_reservoir,2030,16,2,2,0.0
1803,hydro_reservoir,2030,16,3,3,0.0
1804,hydro_reservoir,2030,16,4,4,0.0
1805,hydro_reservoir,2030,16,5,5,0.0
1806,hydro_reservoir,2030,16,6,6,0.0
1807,hydro_reservoir,2030,16,7,7,0.0
1808,hydro_reservoir,2030,16,8,8,5.551115123125783e-17
1809,hydro_reservoir,2030,16,9,9,5.551115123125783e-17
1810,hydro_reservoir,2030,16,10,10,5.551115123125783e-17
1811,hydro_reservoir,2030,16,11,11,0.0
1812,hydro_reservoir,2030,16,12,12,5.551115123125783e-17
1813,hydro_reservoir,2030,16,13,13,5.551115123125783e-17
1814,hydro_reservoir,2030,16,14,14,5.551115123125783e-17
1815,hydro_reservoir,2030,16,15,15,5.551115123125783e-17
1816,hydro_reservoir,2030,16,16,16,5.551115123125783e-17
1817,hydro_reservoir,2030,16,17,17,5.551115123125783e-17
1818,hydro_reservoir,2030,16,18,18,5.551115123125783e-17
1819,hydro_reservoir,2030,16,19,19,5.551115123125783e-17
1820,hydro_reservoir,2030,16,20,20,5.551115123125783e-17
1821,hydro_reservoir,2030,16,21,21,5.551115123125783e-17
1822,hydro_reservoir,2030,16,22,22,5.551115123125783e-17
1823,hydro_reservoir,2030,16,23,23,5.551115123125783e-17
1824,hydro_reservoir,2030,16,24,24,5.551115123125783e-17
1825,hydro_reservoir,2030,17,1,1,3.3306690738754696e-16
1826,hydro_reservoir,2030,17,2,2,3.3306690738754696e-16
1827,hydro_reservoir,2030,17,3,3,3.3306690738754696e-16
1828,hydro_reservoir,2030,17,4,4,3.3306690738754696e-16
1829,hydro_reservoir,2030,17,5,5,3.3306690738754696e-16
1830,hydro_reservoir,2030,17,6,6,3.3306690738754696e-16
1831,hydro_reservoir,2030,17,7,7,3.3306690738754696e-16
1832,hydro_reservoir,2030,17,8,8,0.0
1833,hydro_reservoir,2030,17,9,9,0.0
1834,hydro_reservoir,2030,17,10,10,3.3306690738754696e-16
1835,hydro_reservoir,2030,17,11,11,0.0
1836,hydro_reservoir,2030,17,12,12,3.3306690738754696e-16
1837,hydro_reservoir,2030,17,13,13,3.3306690738754696e-16
1838,hydro_reservoir,2030,17,14,14,3.3306690738754696e-16
1839,hydro_reservoir,2030,17,15,15,0.0
1840,hydro_reservoir,2030,17,16,16,3.3306690738754696e-16
1841,hydro_reservoir,2030,17,17,17,3.3306690738754696e-16
1842,hydro_reservoir,2030,17,18,18,3.3306690738754696e-16
1843,hydro_reservoir,2030,17,19,19,3.3306690738754696e-16
1844,hydro_reservoir,2030,17,20,20,3.3306690738754696e-16
1845,hydro_reservoir,2030,17,21,21,3.3306690738754696e-16
1846,hydro_reservoir,2030,17,22,22,3.3306690738754696e-16
1847,hydro_reservoir,2030,17,23,23,3.3306690738754696e-16
1848,hydro_reservoir,2030,17,24,24,3.3306690738754696e-16
1849,hydro_reservoir,2030,18,1,1,0.0
1850,hydro_reservoir,2030,18,2,2,0.0
1851,hydro_reservoir,2030,18,3,3,0.0
1852,hydro_reservoir,2030,18,4,4,0.0
1853,hydro_reservoir,2030,18,5,5,0.0
1854,hydro_reservoir,2030,18,6,6,0.0
1855,hydro_reservoir,2030,18,7,7,0.0
1856,hydro_reservoir,2030,18,8,8,0.0
1857,hydro_reservoir,2030,18,9,9,0.0
1858,hydro_reservoir,2030,18,10,10,0.0
1859,hydro_reservoir,2030,18,11,11,0.0
1860,hydro_reservoir,2030,18,12,12,0.0
1861,hydro_reservoir,2030,18,13,13,0.0
1862,hydro_reservoir,2030,18,14,14,0.0
1863,hydro_reservoir,2030,18,15,15,0.0
1864,hydro_reservoir,2030,18,16,16,0.0
1865,hydro_reservoir,2030,18,17,17,0.0
1866,hydro_reservoir,2030,18,18,18,0.0
1867,hydro_reservoir,2030,18,19,19,0.0
1868,hydro_reservoir,2030,18,20,20,2.7755575615628914e-16
1869,hydro_reservoir,2030,18,21,21,2.7755575615628914e-16
1870,hydro_reservoir,2030,18,22,22,0.0
1871,hydro_reservoir,2030,18,23,23,0.0
1872,hydro_reservoir,2030,18,24,24,0.0
1873,hydro_reservoir,2030,19,1,1,0.0
1874,hydro_reservoir,2030,19,2,2,0.0
1875,hydro_reservoir,2030,19,3,3,0.0
1876,hydro_reservoir,2030,19,4,4,0.0
1877,hydro_reservoir,2030,19,5,5,0.0
1878,hydro_reservoir,2030,19,6,6,0.0
1879,hydro_reservoir,2030,19,7,7,0.0
1880,hydro_reservoir,2030,19,8,8,0.0
1881,hydro_reservoir,2030,19,9,9,0.0
1882,hydro_reservoir,2030,19,10,10,0.0
1883,hydro_reservoir,2030,19,11,11,0.0
1884,hydro_reservoir,2030,19,12,12,0.0
1885,hydro_reservoir,2030,19,13,13,0.0
1886,hydro_reservoir,2030,19,14,14,0.0
1887,hydro_reservoir,2030,19,15,15,0.0
1888,hydro_reservoir,2030,19,16,16,0.0
1889,hydro_reservoir,2030,19,17,17,0.0
1890,hydro_reservoir,2030,19,18,18,0.0
1891,hydro_reservoir,2030,19,19,19,0.0
1892,hydro_reservoir,2030,19,20,20,0.0
1893,hydro_reservoir,2030,19,21,21,0.0
1894,hydro_reservoir,2030,19,22,22,0.0
1895,hydro_reservoir,2030,19,23,23,0.0
1896,hydro_reservoir,2030,19,24,24,0.0
1897,hydro_reservoir,2030,20,1,1,-5.551115123125783e-17
1898,hydro_reservoir,2030,20,2,2,-5.551115123125783e-17
1899,hydro_reservoir,2030,20,3,3,0.0
1900,hydro_reservoir,2030,20,4,4,0.0
1901,hydro_reservoir,2030,20,5,5,0.0
1902,hydro_reservoir,2030,20,6,6,0.0
1903,hydro_reservoir,2030,20,7,7,0.0
1904,hydro_reservoir,2030,20,8,8,0.0
1905,hydro_reservoir,2030,20,9,9,0.0
1906,hydro_reservoir,2030,20,10,10,0.0
1907,hydro_reservoir,2030,20,11,11,0.0
1908,hydro_reservoir,2030,20,12,12,0.0
1909,hydro_reservoir,2030,20,13,13,0.0
1910,hydro_reservoir,2030,20,14,14,0.0
1911,hydro_reservoir,2030,20,15,15,0.0
1912,hydro_reservoir,2030,20,16,16,0.0
1913,hydro_reservoir,2030,20,17,17,0.0
1914,hydro_reservoir,2030,20,18,18,0.0
1915,hydro_reservoir,2030,20,19,19,-5.551115123125783e-17
1916,hydro_reservoir,2030,20,20,20,-5.551115123125783e-17
1917,hydro_reservoir,2030,20,21,21,0.0
1918,hydro_reservoir,2030,20,22,22,-5.551115123125783e-17
1919,hydro_reservoir,2030,20,23,23,-5.551115123125783e-17
1920,hydro_reservoir,2030,20,24,24,0.0
1921,ocgt,2030,1,1,1,0.0
1922,ocgt,2030,1,2,2,0.0
1923,ocgt,2030,1,3,3,0.0
1924,ocgt,2030,1,4,4,0.0
1925,ocgt,2030,1,5,5,0.0
1926,ocgt,2030,1,6,6,0.0
1927,ocgt,2030,1,7,7,0.0
1928,ocgt,2030,1,8,8,0.0
1929,ocgt,2030,1,9,9,0.0
1930,ocgt,2030,1,10,10,0.0
1931,ocgt,2030,1,11,11,0.0
1932,ocgt,2030,1,12,12,0.0
1933,ocgt,2030,1,13,13,0.0
1934,ocgt,2030,1,14,14,0.0
1935,ocgt,2030,1,15,15,0.0
1936,ocgt,2030,1,16,16,0.0
1937,ocgt,2030,1,17,17,0.0
1938,ocgt,2030,1,18,18,0.0
1939,ocgt,2030,1,19,19,0.0
1940,ocgt,2030,1,20,20,0.0
1941,ocgt,2030,1,21,21,0.0
1942,ocgt,2030,1,22,22,0.0
1943,ocgt,2030,1,23,23,0.0
1944,ocgt,2030,1,24,24,0.0
1945,ocgt,2030,2,1,1,0.0
1946,ocgt,2030,2,2,2,0.0
1947,ocgt,2030,2,3,3,0.0
1948,ocgt,2030,2,4,4,0.0
1949,ocgt,2030,2,5,5,0.0
1950,ocgt,2030,2,6,6,0.0
1951,ocgt,2030,2,7,7,0.0
1952,ocgt,2030,2,8,8,0.0
1953,ocgt,2030,2,9,9,0.0
1954,ocgt,2030,2,10,10,0.0
1955,ocgt,2030,2,11,11,0.0
1956,ocgt,2030,2,12,12,0.0
1957,ocgt,2030,2,13,13,0.0
1958,ocgt,2030,2,14,14,0.0
1959,ocgt,2030,2,15,15,0.0
1960,ocgt,2030,2,16,16,0.0
1961,ocgt,2030,2,17,17,0.0
1962,ocgt,2030,2,18,18,0.0
1963,ocgt,2030,2,19,19,0.0
1964,ocgt,2030,2,20,20,0.0
1965,ocgt,2030,2,21,21,0.0
1966,ocgt,2030,2,22,22,0.0
1967,ocgt,2030,2,23,23,0.0
1968,ocgt,2030,2,24,24,0.0
1969,ocgt,2030,3,1,1,0.0
1970,ocgt,2030,3,2,2,0.0
1971,ocgt,2030,3,3,3,0.0
1972,ocgt,2030,3,4,4,0.0
1973,ocgt,2030,3,5,5,0.0
1974,ocgt,2030,3,6,6,0.0
1975,ocgt,2030,3,7,7,0.0
1976,ocgt,2030,3,8,8,0.0
1977,ocgt,2030,3,9,9,0.0
1978,ocgt,2030,3,10,10,0.0
1979,ocgt,2030,3,11,11,0.0
1980,ocgt,2030,3,12,12,0.0
1981,ocgt,2030,3,13,13,0.0
1982,ocgt,2030,3,14,14,0.0
1983,ocgt,2030,3,15,15,0.0
1984,ocgt,2030,3,16,16,0.0
1985,ocgt,2030,3,17,17,0.0
1986,ocgt,2030,3,18,18,0.0
1987,ocgt,2030,3,19,19,0.0
1988,ocgt,2030,3,20,20,0.0
1989,ocgt,2030,3,21,21,0.0
1990,ocgt,2030,3,22,22,0.0
1991,ocgt,2030,3,23,23,0.0
1992,ocgt,2030,3,24,24,0.0
1993,ocgt,2030,4,1,1,0.0
1994,ocgt,2030,4,2,2,0.0
1995,ocgt,2030,4,3,3,0.0
1996,ocgt,2030,4,4,4,0.0
1997,ocgt,2030,4,5,5,0.0
1998,ocgt,2030,4,6,6,0.0
1999,ocgt,2030,4,7,7,0.0
2000,ocgt,2030,4,8,8,0.0
2001,ocgt,2030,4,9,9,0.0
2002,ocgt,2030,4,10,10,0.0
2003,ocgt,2030,4,11,11,0.0
2004,ocgt,2030,4,12,12,0.0
2005,ocgt,2030,4,13,13,0.0
2006,ocgt,2030,4,14,14,0.0
2007,ocgt,2030,4,15,15,0.0
2008,ocgt,2030,4,16,16,0.0
2009,ocgt,2030,4,17,17,0.0
2010,ocgt,2030,4,18,18,0.0
2011,ocgt,2030,4,19,19,0.0
2012,ocgt,2030,4,20,20,0.0
2013,ocgt,2030,4,21,21,0.0
2014,ocgt,2030,4,22,22,0.0
2015,ocgt,2030,4,23,23,0.0
2016,ocgt,2030,4,24,24,0.0
2017,ocgt,2030,5,1,1,0.0
2018,ocgt,2030,5,2,2,0.0
2019,ocgt,2030,5,3,3,0.0
2020,ocgt,2030,5,4,4,0.0
2021,ocgt,2030,5,5,5,0.0
2022,ocgt,2030,5,6,6,0.0
2023,ocgt,2030,5,7,7,0.0
2024,ocgt,2030,5,8,8,0.0
2025,ocgt,2030,5,9,9,0.0
2026,ocgt,2030,5,10,10,0.0
2027,ocgt,2030,5,11,11,0.0
2028,ocgt,2030,5,12,12,0.0
2029,ocgt,2030,5,13,13,0.0
2030,ocgt,2030,5,14,14,0.0
2031,ocgt,2030,5,15,15,0.0
2032,ocgt,2030,5,16,16,0.0
2033,ocgt,2030,5,17,17,0.0
2034,ocgt,2030,5,18,18,0.0
2035,ocgt,2030,5,19,19,0.0
2036,ocgt,2030,5,20,20,0.0
2037,ocgt,2030,5,21,21,0.0
2038,ocgt,2030,5,22,22,0.0
2039,ocgt,2030,5,23,23,0.0
2040,ocgt,2030,5,24,24,0.0
2041,ocgt,2030,6,1,1,0.0
2042,ocgt,2030,6,2,2,0.0
2043,ocgt,2030,6,3,3,0.0
2044,ocgt,2030,6,4,4,0.0
2045,ocgt,2030,6,5,5,0.0
2046,ocgt,2030,6,6,6,0.0
2047,ocgt,2030,6,7,7,0.0
2048,ocgt,2030,6,8,8,0.0
2049,ocgt,2030,6,9,9,0.0
2050,ocgt,2030,6,10,10,0.0
2051,ocgt,2030,6,11,11,0.0
2052,ocgt,2030,6,12,12,0.0
2053,ocgt,2030,6,13,13,0.0
2054,ocgt,2030,6,14,14,0.0
2055,ocgt,2030,6,15,15,0.0
2056,ocgt,2030,6,16,16,0.0
2057,ocgt,2030,6,17,17,0.0
2058,ocgt,2030,6,18,18,0.0
2059,ocgt,2030,6,19,19,0.0
2060,ocgt,2030,6,20,20,0.0
2061,ocgt,2030,6,21,21,0.0
2062,ocgt,2030,6,22,22,0.0
2063,ocgt,2030,6,23,23,0.0
2064,ocgt,2030,6,24,24,0.0
2065,ocgt,2030,7,1,1,0.0
2066,ocgt,2030,7,2,2,0.0
2067,ocgt,2030,7,3,3,0.0
2068,ocgt,2030,7,4,4,0.0
2069,ocgt,2030,7,5,5,0.0
2070,ocgt,2030,7,6,6,0.0
2071,ocgt,2030,7,7,7,0.0
2072,ocgt,2030,7,8,8,0.0
2073,ocgt,2030,7,9,9,0.0
2074,ocgt,2030,7,10,10,0.0
2075,ocgt,2030,7,11,11,0.0
2076,ocgt,2030,7,12,12,0.0
2077,ocgt,2030,7,13,13,0.0
2078,ocgt,2030,7,14,14,0.0
2079,ocgt,2030,7,15,15,0.0
2080,ocgt,2030,7,16,16,0.0
2081,ocgt,2030,7,17,17,0.0
2082,ocgt,2030,7,18,18,0.0
2083,ocgt,2030,7,19,19,0.0
2084,ocgt,2030,7,20,20,0.0
2085,ocgt,2030,7,21,21,0.0
2086,ocgt,2030,7,22,22,0.0
2087,ocgt,2030,7,23,23,0.0
2088,ocgt,2030,7,24,24,0.0
2089,ocgt,2030,8,1,1,0.0
2090,ocgt,2030,8,2,2,0.0
2091,ocgt,2030,8,3,3,0.0
2092,ocgt,2030,8,4,4,0.0
2093,ocgt,2030,8,5,5,0.0
2094,ocgt,2030,8,6,6,0.0
2095,ocgt,2030,8,7,7,0.0
2096,ocgt,2030,8,8,8,0.0
2097,ocgt,2030,8,9,9,0.0
2098,ocgt,2030,8,10,10,0.0
2099,ocgt,2030,8,11,11,0.0
2100,ocgt,2030,8,12,12,0.0
2101,ocgt,2030,8,13,13,0.0
2102,ocgt,2030,8,14,14,0.0
2103,ocgt,2030,8,15,15,0.0
2104,ocgt,2030,8,16,16,0.0
2105,ocgt,2030,8,17,17,0.0
2106,ocgt,2030,8,18,18,0.0
2107,ocgt,2030,8,19,19,0.0
2108,ocgt,2030,8,20,20,0.0
2109,ocgt,2030,8,21,21,0.0
2110,ocgt,2030,8,22,22,0.0
2111,ocgt,2030,8,23,23,0.0
2112,ocgt,2030,8,24,24,0.0
2113,ocgt,2030,9,1,1,0.0
2114,ocgt,2030,9,2,2,0.0
2115,ocgt,2030,9,3,3,0.0
2116,ocgt,2030,9,4,4,0.0
2117,ocgt,2030,9,5,5,0.0
2118,ocgt,2030,9,6,6,0.0
2119,ocgt,2030,9,7,7,0.0
2120,ocgt,2030,9,8,8,0.0
2121,ocgt,2030,9,9,9,0.0
2122,ocgt,2030,9,10,10,0.0
2123,ocgt,2030,9,11,11,0.0
2124,ocgt,2030,9,12,12,0.0
2125,ocgt,2030,9,13,13,0.0
2126,ocgt,2030,9,14,14,0.0
2127,ocgt,2030,9,15,15,0.0
2128,ocgt,2030,9,16,16,0.0
2129,ocgt,2030,9,17,17,0.0
2130,ocgt,2030,9,18,18,0.0
2131,ocgt,2030,9,19,19,0.0
2132,ocgt,2030,9,20,20,0.0
2133,ocgt,2030,9,21,21,0.0
2134,ocgt,2030,9,22,22,0.0
2135,ocgt,2030,9,23,23,0.0
2136,ocgt,2030,9,24,24,0.0
2137,ocgt,2030,10,1,1,0.0
2138,ocgt,2030,10,2,2,0.0
2139,ocgt,2030,10,3,3,0.0
2140,ocgt,2030,10,4,4,0.0
2141,ocgt,2030,10,5,5,0.0
2142,ocgt,2030,10,6,6,0.0
2143,ocgt,2030,10,7,7,0.0
2144,ocgt,2030,10,8,8,0.0
2145,ocgt,2030,10,9,9,0.0
2146,ocgt,2030,10,10,10,0.0
2147,ocgt,2030,10,11,11,0.0
2148,ocgt,2030,10,12,12,0.0
2149,ocgt,2030,10,13,13,0.0
2150,ocgt,2030,10,14,14,0.0
2151,ocgt,2030,10,15,15,0.0
2152,ocgt,2030,10,16,16,0.0
2153,ocgt,2030,10,17,17,0.0
2154,ocgt,2030,10,18,18,0.0
2155,ocgt,2030,10,19,19,0.0
2156,ocgt,2030,10,20,20,0.0
2157,ocgt,2030,10,21,21,0.0
2158,ocgt,2030,10,22,22,0.0
2159,ocgt,2030,10,23,23,0.0
2160,ocgt,2030,10,24,24,0.0
2161,ocgt,2030,11,1,1,0.0
2162,ocgt,2030,11,2,2,0.0
2163,ocgt,2030,11,3,3,0.0
2164,ocgt,2030,11,4,4,0.0
2165,ocgt,2030,11,5,5,0.0
2166,ocgt,2030,11,6,6,0.0
2167,ocgt,2030,11,7,7,0.0
2168,ocgt,2030,11,8,8,0.0
2169,ocgt,2030,11,9,9,0.0
2170,ocgt,2030,11,10,10,0.0
2171,ocgt,2030,11,11,11,0.0
2172,ocgt,2030,11,12,12,0.0
2173,ocgt,2030,11,13,13,0.0
2174,ocgt,2030,11,14,14,0.0
2175,ocgt,2030,11,15,15,0.0
2176,ocgt,2030,11,16,16,0.0
2177,ocgt,2030,11,17,17,0.0
2178,ocgt,2030,11,18,18,0.0
2179,ocgt,2030,11,19,19,0.0
2180,ocgt,2030,11,20,20,0.0
2181,ocgt,2030,11,21,21,0.0
2182,ocgt,2030,11,22,22,0.0
2183,ocgt,2030,11,23,23,0.0
2184,ocgt,2030,11,24,24,0.0
2185,ocgt,2030,12,1,1,0.0
2186,ocgt,2030,12,2,2,0.0
2187,ocgt,2030,12,3,3,0.0
2188,ocgt,2030,12,4,4,0.0
2189,ocgt,2030,12,5,5,0.0
2190,ocgt,2030,12,6,6,0.0
2191,ocgt,2030,12,7,7,0.0
2192,ocgt,2030,12,8,8,0.0
2193,ocgt,2030,12,9,9,0.0
2194,ocgt,2030,12,10,10,0.0
2195,ocgt,2030,12,11,11,0.0
2196,ocgt,2030,12,12,12,0.0
2197,ocgt,2030,12,13,13,0.0
2198,ocgt,2030,12,14,14,0.0
2199,ocgt,2030,12,15,15,0.0
2200,ocgt,2030,12,16,16,0.0
2201,ocgt,2030,12,17,17,0.0
2202,ocgt,2030,12,18,18,0.0
2203,ocgt,2030,12,19,19,0.0
2204,ocgt,2030,12,20,20,0.0
2205,ocgt,2030,12,21,21,0.0
2206,ocgt,2030,12,22,22,0.0
2207,ocgt,2030,12,23,23,0.0
2208,ocgt,2030,12,24,24,0.0
2209,ocgt,2030,13,1,1,0.0
2210,ocgt,2030,13,2,2,0.0
2211,ocgt,2030,13,3,3,0.0
2212,ocgt,2030,13,4,4,0.0
2213,ocgt,2030,13,5,5,0.0
2214,ocgt,2030,13,6,6,0.0
2215,ocgt,2030,13,7,7,0.0
2216,ocgt,2030,13,8,8,0.0
2217,ocgt,2030,13,9,9,0.0
2218,ocgt,2030,13,10,10,0.0
2219,ocgt,2030,13,11,11,0.0
2220,ocgt,2030,13,12,12,0.0
2221,ocgt,2030,13,13,13,0.0
2222,ocgt,2030,13,14,14,0.0
2223,ocgt,2030,13,15,15,0.0
2224,ocgt,2030,13,16,16,0.0
2225,ocgt,2030,13,17,17,0.0
2226,ocgt,2030,13,18,18,0.0
2227,ocgt,2030,13,19,19,-18.03953011311276
2228,ocgt,2030,13,20,20,-18.03953011311276
2229,ocgt,2030,13,21,21,-49.087223592879944
2230,ocgt,2030,13,22,22,-18.03953011311276
2231,ocgt,2030,13,23,23,0.0
2232,ocgt,2030,13,24,24,0.0
2233,ocgt,2030,14,1,1,0.0
2234,ocgt,2030,14,2,2,0.0
2235,ocgt,2030,14,3,3,0.0
2236,ocgt,2030,14,4,4,0.0
2237,ocgt,2030,14,5,5,0.0
2238,ocgt,2030,14,6,6,0.0
2239,ocgt,2030,14,7,7,0.0
2240,ocgt,2030,14,8,8,0.0
2241,ocgt,2030,14,9,9,0.0
2242,ocgt,2030,14,10,10,0.0
2243,ocgt,2030,14,11,11,0.0
2244,ocgt,2030,14,12,12,0.0
2245,ocgt,2030,14,13,13,0.0
2246,ocgt,2030,14,14,14,0.0
2247,ocgt,2030,14,15,15,0.0
2248,ocgt,2030,14,16,16,0.0
2249,ocgt,2030,14,17,17,0.0
2250,ocgt,2030,14,18,18,0.0
2251,ocgt,2030,14,19,19,0.0
2252,ocgt,2030,14,20,20,0.0
2253,ocgt,2030,14,21,21,0.0
2254,ocgt,2030,14,22,22,0.0
2255,ocgt,2030,14,23,23,0.0
2256,ocgt,2030,14,24,24,0.0
2257,ocgt,2030,15,1,1,0.0
2258,ocgt,2030,15,2,2,0.0
2259,ocgt,2030,15,3,3,0.0
2260,ocgt,2030,15,4,4,0.0
2261,ocgt,2030,15,5,5,0.0
2262,ocgt,2030,15,6,6,0.0
2263,ocgt,2030,15,7,7,0.0
2264,ocgt,2030,15,8,8,0.0
2265,ocgt,2030,15,9,9,0.0
2266,ocgt,2030,15,10,10,0.0
2267,ocgt,2030,15,11,11,0.0
2268,ocgt,2030,15,12,12,0.0
2269,ocgt,2030,15,13,13,0.0
2270,ocgt,2030,15,14,14,0.0
2271,ocgt,2030,15,15,15,0.0
2272,ocgt,2030,15,16,16,0.0
2273,ocgt,2030,15,17,17,0.0
2274,ocgt,2030,15,18,18,0.0
2275,ocgt,2030,15,19,19,0.0
2276,ocgt,2030,15,20,20,0.0
2277,ocgt,2030,15,21,21,0.0
2278,ocgt,2030,15,22,22,0.0
2279,ocgt,2030,15,23,23,0.0
2280,ocgt,2030,15,24,24,0.0
2281,ocgt,2030,16,1,1,0.0
2282,ocgt,2030,16,2,2,0.0
2283,ocgt,2030,16,3,3,0.0
2284,ocgt,2030,16,4,4,0.0
2285,ocgt,2030,16,5,5,0.0
2286,ocgt,2030,16,6,6,0.0
2287,ocgt,2030,16,7,7,0.0
2288,ocgt,2030,16,8,8,0.0
2289,ocgt,2030,16,9,9,0.0
2290,ocgt,2030,16,10,10,0.0
2291,ocgt,2030,16,11,11,0.0
2292,ocgt,2030,16,12,12,0.0
2293,ocgt,2030,16,13,13,0.0
2294,ocgt,2030,16,14,14,0.0
2295,ocgt,2030,16,15,15,0.0
2296,ocgt,2030,16,16,16,0.0
2297,ocgt,2030,16,17,17,0.0
2298,ocgt,2030,16,18,18,0.0
2299,ocgt,2030,16,19,19,0.0
2300,ocgt,2030,16,20,20,0.0
2301,ocgt,2030,16,21,21,0.0
2302,ocgt,2030,16,22,22,0.0
2303,ocgt,2030,16,23,23,0.0
2304,ocgt,2030,16,24,24,0.0
2305,ocgt,2030,17,1,1,0.0
2306,ocgt,2030,17,2,2,0.0
2307,ocgt,2030,17,3,3,0.0
2308,ocgt,2030,17,4,4,0.0
2309,ocgt,2030,17,5,5,0.0
2310,ocgt,2030,17,6,6,0.0
2311,ocgt,2030,17,7,7,0.0
2312,ocgt,2030,17,8,8,0.0
2313,ocgt,2030,17,9,9,0.0
2314,ocgt,2030,17,10,10,0.0
2315,ocgt,2030,17,11,11,0.0
2316,ocgt,2030,17,12,12,0.0
2317,ocgt,2030,17,13,13,0.0
2318,ocgt,2030,17,14,14,0.0
2319,ocgt,2030,17,15,15,0.0
2320,ocgt,2030,17,16,16,0.0
2321,ocgt,2030,17,17,17,0.0
2322,ocgt,2030,17,18,18,0.0
2323,ocgt,2030,17,19,19,0.0
2324,ocgt,2030,17,20,20,0.0
2325,ocgt,2030,17,21,21,0.0
2326,ocgt,2030,17,22,22,0.0
2327,ocgt,2030,17,23,23,0.0
2328,ocgt,2030,17,24,24,0.0
2329,ocgt,2030,18,1,1,0.0
2330,ocgt,2030,18,2,2,0.0
2331,ocgt,2030,18,3,3,0.0
2332,ocgt,2030,18,4,4,0.0
2333,ocgt,2030,18,5,5,0.0
2334,ocgt,2030,18,6,6,0.0
2335,ocgt,2030,18,7,7,0.0
2336,ocgt,2030,18,8,8,0.0
2337,ocgt,2030,18,9,9,0.0
2338,ocgt,2030,18,10,10,0.0
2339,ocgt,2030,18,11,11,0.0
2340,ocgt,2030,18,12,12,0.0
2341,ocgt,2030,18,13,13,0.0
2342,ocgt,2030,18,14,14,0.0
2343,ocgt,2030,18,15,15,0.0
2344,ocgt,2030,18,16,16,0.0
2345,ocgt,2030,18,17,17,0.0
2346,ocgt,2030,18,18,18,0.0
2347,ocgt,2030,18,19,19,0.0
2348,ocgt,2030,18,20,20,0.0
2349,ocgt,2030,18,21,21,0.0
2350,ocgt,2030,18,22,22,0.0
2351,ocgt,2030,18,23,23,0.0
2352,ocgt,2030,18,24,24,0.0
2353,ocgt,2030,19,1,1,0.0
2354,ocgt,2030,19,2,2,0.0
2355,ocgt,2030,19,3,3,0.0
2356,ocgt,2030,19,4,4,0.0
2357,ocgt,2030,19,5,5,0.0
2358,ocgt,2030,19,6,6,0.0
2359,ocgt,2030,19,7,7,0.0
2360,ocgt,2030,19,8,8,0.0
2361,ocgt,2030,19,9,9,0.0
2362,ocgt,2030,19,10,10,0.0
2363,ocgt,2030,19,11,11,0.0
2364,ocgt,2030,19,12,12,0.0
2365,ocgt,2030,19,13,13,0.0
2366,ocgt,2030,19,14,14,0.0
2367,ocgt,2030,19,15,15,0.0
2368,ocgt,2030,19,16,16,0.0
2369,ocgt,2030,19,17,17,0.0
2370,ocgt,2030,19,18,18,0.0
2371,ocgt,2030,19,19,19,0.0
2372,ocgt,2030,19,20,20,0.0
2373,ocgt,2030,19,21,21,0.0
2374,ocgt,2030,19,22,22,0.0
2375,ocgt,2030,19,23,23,0.0
2376,ocgt,2030,19,24,24,0.0
2377,ocgt,2030,20,1,1,0.0
2378,ocgt,2030,20,2,2,0.0
2379,ocgt,2030,20,3,3,0.0
2380,ocgt,2030,20,4,4,0.0
2381,ocgt,2030,20,5,5,0.0
2382,ocgt,2030,20,6,6,0.0
2383,ocgt,2030,20,7,7,0.0
2384,ocgt,2030,20,8,8,0.0
2385,ocgt,2030,20,9,9,0.0
2386,ocgt,2030,20,10,10,0.0
2387,ocgt,2030,20,11,11,0.0
2388,ocgt,2030,20,12,12,0.0
2389,ocgt,2030,20,13,13,0.0
2390,ocgt,2030,20,14,14,0.0
2391,ocgt,2030,20,15,15,0.0
2392,ocgt,2030,20,16,16,0.0
2393,ocgt,2030,20,17,17,0.0
2394,ocgt,2030,20,18,18,0.0
2395,ocgt,2030,20,19,19,0.0
2396,ocgt,2030,20,20,20,0.0
2397,ocgt,2030,20,21,21,0.0
2398,ocgt,2030,20,22,22,0.0
2399,ocgt,2030,20,23,23,0.0
2400,ocgt,2030,20,24,24,0.0
2401,solar,2030,1,1,1,-0.05342826499091255
2402,solar,2030,1,2,2,-0.05342826499091255
2403,solar,2030,1,3,3,-0.05342826499091255
2404,solar,2030,1,4,4,-0.05342826499091255
2405,solar,2030,1,5,5,-0.05342826499091255
2406,solar,2030,1,6,6,-0.05342826499091255
2407,solar,2030,1,7,7,-0.05342826499091255
2408,solar,2030,1,8,8,-0.05342826499091255
2409,solar,2030,1,9,9,-0.05342826499091255
2410,solar,2030,1,10,10,-0.05342826499091255
2411,solar,2030,1,11,11,-0.059200293618739665
2412,solar,2030,1,12,12,-0.05342826499091255
2413,solar,2030,1,13,13,-0.05342826499091255
2414,solar,2030,1,14,14,-0.05342826499091255
2415,solar,2030,1,15,15,-0.05342826499091255
2416,solar,2030,1,16,16,-0.05342826499091255
2417,solar,2030,1,17,17,-0.6678533123864069
2418,solar,2030,1,18,18,-0.6678533123864069
2419,solar,2030,1,19,19,-0.6678533123864069
2420,solar,2030,1,20,20,-0.6678533123864069
2421,solar,2030,1,21,21,-0.6678533123864069
2422,solar,2030,1,22,22,-0.6678533123864069
2423,solar,2030,1,23,23,-0.6678533123864069
2424,solar,2030,1,24,24,-0.6678533123864068
2425,solar,2030,2,1,1,-2.0361998995460984
2426,solar,2030,2,2,2,-2.0361998995460984
2427,solar,2030,2,3,3,-2.0361998995460984
2428,solar,2030,2,4,4,-2.0361998995460984
2429,solar,2030,2,5,5,-2.0361998995460984
2430,solar,2030,2,6,6,-2.0361998995460984
2431,solar,2030,2,7,7,-2.0361998995460984
2432,solar,2030,2,8,8,-2.0361998995460984
2433,solar,2030,2,9,9,-2.0361998995460984
2434,solar,2030,2,10,10,-2.0361998995460984
2435,solar,2030,2,11,11,-2.0361998995460984
2436,solar,2030,2,12,12,-2.0361998995460984
2437,solar,2030,2,13,13,-2.0361998995460984
2438,solar,2030,2,14,14,-2.0361998995460984
2439,solar,2030,2,15,15,-2.0361998995460984
2440,solar,2030,2,16,16,-2.0361998995460984
2441,solar,2030,2,17,17,-2.0361998995460984
2442,solar,2030,2,18,18,-2.0361998995460984
2443,solar,2030,2,19,19,-2.0361998995460984
2444,solar,2030,2,20,20,-2.0361998995460984
2445,solar,2030,2,21,21,-2.0361998995460984
2446,solar,2030,2,22,22,-2.0361998995460984
2447,solar,2030,2,23,23,-2.0361998995460984
2448,solar,2030,2,24,24,-2.0361998995460984
2449,solar,2030,3,1,1,-2.210999396777253
2450,solar,2030,3,2,2,-2.210999396777253
2451,solar,2030,3,3,3,-2.210999396777253
2452,solar,2030,3,4,4,-2.210999396777253
2453,solar,2030,3,5,5,-2.210999396777253
2454,solar,2030,3,6,6,-2.210999396777253
2455,solar,2030,3,7,7,-2.210999396777253
2456,solar,2030,3,8,8,-2.210999396777253
2457,solar,2030,3,9,9,-2.210999396777253
2458,solar,2030,3,10,10,-2.210999396777253
2459,solar,2030,3,11,11,-2.210999396777253
2460,solar,2030,3,12,12,-2.210999396777253
2461,solar,2030,3,13,13,-2.210999396777253
2462,solar,2030,3,14,14,-2.210999396777253
2463,solar,2030,3,15,15,-2.210999396777253
2464,solar,2030,3,16,16,-2.210999396777253
2465,solar,2030,3,17,17,-2.210999396777253
2466,solar,2030,3,18,18,-2.210999396777253
2467,solar,2030,3,19,19,-2.210999396777253
2468,solar,2030,3,20,20,-2.210999396777253
2469,solar,2030,3,21,21,-2.210999396777253
2470,solar,2030,3,22,22,-2.210999396777253
2471,solar,2030,3,23,23,-2.210999396777253
2472,solar,2030,3,24,24,-2.210999396777253
2473,solar,2030,4,1,1,-0.7774508803948517
2474,solar,2030,4,2,2,-0.7774508803948517
2475,solar,2030,4,3,3,-0.7774508803948517
2476,solar,2030,4,4,4,-0.7774508803948517
2477,solar,2030,4,5,5,-0.7774508803948517
2478,solar,2030,4,6,6,-0.06219607043158813
2479,solar,2030,4,7,7,-0.06219607043158813
2480,solar,2030,4,8,8,-0.06219607043158813
2481,solar,2030,4,9,9,-0.06219607043158813
2482,solar,2030,4,10,10,-0.06219607043158813
2483,solar,2030,4,11,11,-0.06219607043158813
2484,solar,2030,4,12,12,-0.06219607043158813
2485,solar,2030,4,13,13,-0.031098035215794066
2486,solar,2030,4,14,14,-0.031098035215794066
2487,solar,2030,4,15,15,-0.031098035215794066
2488,solar,2030,4,16,16,-0.031098035215794066
2489,solar,2030,4,17,17,-0.031098035215794066
2490,solar,2030,4,18,18,-0.06219607043158813
2491,solar,2030,4,19,19,-0.7774508803948517
2492,solar,2030,4,20,20,-0.7774508803948517
2493,solar,2030,4,21,21,-0.7774508803948517
2494,solar,2030,4,22,22,-0.7774508803948517
2495,solar,2030,4,23,23,-0.7774508803948517
2496,solar,2030,4,24,24,-0.7774508803948517
2497,solar,2030,5,1,1,-1.3091734571093088
2498,solar,2030,5,2,2,-1.3091734571093088
2499,solar,2030,5,3,3,-1.3091734571093088
2500,solar,2030,5,4,4,-1.3091734571093088
2501,solar,2030,5,5,5,-1.3091734571093088
2502,solar,2030,5,6,6,-1.309173457109309
2503,solar,2030,5,7,7,-1.3091734571093088
2504,solar,2030,5,8,8,-1.3091734571093088
2505,solar,2030,5,9,9,-1.309173457109309
2506,solar,2030,5,10,10,-1.309173457109309
2507,solar,2030,5,11,11,-1.309173457109309
2508,solar,2030,5,12,12,-1.3091734571093088
2509,solar,2030,5,13,13,-1.309173457109309
2510,solar,2030,5,14,14,-1.3091734571093088
2511,solar,2030,5,15,15,-1.3091734571093088
2512,solar,2030,5,16,16,-1.3091734571093088
2513,solar,2030,5,17,17,-1.3091734571093088
2514,solar,2030,5,18,18,-1.3091734571093088
2515,solar,2030,5,19,19,-1.3091734571093088
2516,solar,2030,5,20,20,-1.3091734571093088
2517,solar,2030,5,21,21,-1.3091734571093088
2518,solar,2030,5,22,22,-1.3091734571093088
2519,solar,2030,5,23,23,-1.3091734571093088
2520,solar,2030,5,24,24,-1.3091734571093088
2521,solar,2030,6,1,1,-0.6070666956151184
2522,solar,2030,6,2,2,-0.6070666956151184
2523,solar,2030,6,3,3,-0.6070666956151184
2524,solar,2030,6,4,4,-0.6070666956151184
2525,solar,2030,6,5,5,-0.6070666956151184
2526,solar,2030,6,6,6,-0.6070666956151184
2527,solar,2030,6,7,7,-0.6070666956151184
2528,solar,2030,6,8,8,-0.6070666956151184
2529,solar,2030,6,9,9,-0.6070666956151184
2530,solar,2030,6,10,10,-0.6070666956151184
2531,solar,2030,6,11,11,-0.6070666956151184
2532,solar,2030,6,12,12,-0.6070666956151184
2533,solar,2030,6,13,13,-0.6070666956151184
2534,solar,2030,6,14,14,-0.6070666956151184
2535,solar,2030,6,15,15,-0.6070666956151184
2536,solar,2030,6,16,16,-0.6070666956151184
2537,solar,2030,6,17,17,-0.6070666956151184
2538,solar,2030,6,18,18,-0.6070666956151184
2539,solar,2030,6,19,19,-0.6726500782438984
2540,solar,2030,6,20,20,-0.6726500782438984
2541,solar,2030,6,21,21,-0.6726500782438984
2542,solar,2030,6,22,22,-0.6726500782438984
2543,solar,2030,6,23,23,-0.6070666956151184
2544,solar,2030,6,24,24,-0.6070666956151184
2545,solar,2030,7,1,1,-0.3769501818762305
2546,solar,2030,7,2,2,-0.3769501818762305
2547,solar,2030,7,3,3,-0.3769501818762305
2548,solar,2030,7,4,4,-0.3769501818762305
2549,solar,2030,7,5,5,-0.3769501818762305
2550,solar,2030,7,6,6,-0.3769501818762305
2551,solar,2030,7,7,7,-0.3769501818762305
2552,solar,2030,7,8,8,-0.3769501818762305
2553,solar,2030,7,9,9,-0.3769501818762305
2554,solar,2030,7,10,10,-0.3769501818762305
2555,solar,2030,7,11,11,-0.3769501818762305
2556,solar,2030,7,12,12,-0.3769501818762305
2557,solar,2030,7,13,13,-0.3769501818762305
2558,solar,2030,7,14,14,-0.3769501818762305
2559,solar,2030,7,15,15,-0.3769501818762305
2560,solar,2030,7,16,16,-0.3769501818762305
2561,solar,2030,7,17,17,-0.3769501818762305
2562,solar,2030,7,18,18,-0.3769501818762305
2563,solar,2030,7,19,19,-0.41767333171881493
2564,solar,2030,7,20,20,-0.41767333171881493
2565,solar,2030,7,21,21,-0.41767333171881493
2566,solar,2030,7,22,22,-0.3769501818762305
2567,solar,2030,7,23,23,-0.3769501818762305
2568,solar,2030,7,24,24,-0.3769501818762305
2569,solar,2030,8,1,1,-0.02692377345339187
2570,solar,2030,8,2,2,-0.02692377345339187
2571,solar,2030,8,3,3,-0.02692377345339187
2572,solar,2030,8,4,4,-0.02692377345339187
2573,solar,2030,8,5,5,-0.02692377345339187
2574,solar,2030,8,6,6,-0.02692377345339187
2575,solar,2030,8,7,7,-0.029832435959436975
2576,solar,2030,8,8,8,-0.08751685873772885
2577,solar,2030,8,9,9,-0.029832435959436975
2578,solar,2030,8,10,10,-0.02692377345339187
2579,solar,2030,8,11,11,-0.02692377345339187
2580,solar,2030,8,12,12,-0.02692377345339187
2581,solar,2030,8,13,13,-0.02692377345339187
2582,solar,2030,8,14,14,-0.02692377345339187
2583,solar,2030,8,15,15,-0.02692377345339187
2584,solar,2030,8,16,16,-0.02692377345339187
2585,solar,2030,8,17,17,-0.3365471681673984
2586,solar,2030,8,18,18,-0.3365471681673984
2587,solar,2030,8,19,19,-0.3365471681673984
2588,solar,2030,8,20,20,-0.3365471681673984
2589,solar,2030,8,21,21,-0.3365471681673984
2590,solar,2030,8,22,22,-0.3365471681673984
2591,solar,2030,8,23,23,-0.3365471681673984
2592,solar,2030,8,24,24,-0.3365471681673984
2593,solar,2030,9,1,1,-0.37666847229769645
2594,solar,2030,9,2,2,-0.37666847229769645
2595,solar,2030,9,3,3,-0.37666847229769645
2596,solar,2030,9,4,4,-0.37666847229769645
2597,solar,2030,9,5,5,-0.37666847229769645
2598,solar,2030,9,6,6,-0.37666847229769645
2599,solar,2030,9,7,7,-0.37666847229769645
2600,solar,2030,9,8,8,-0.37666847229769645
2601,solar,2030,9,9,9,-0.37666847229769645
2602,solar,2030,9,10,10,-0.37666847229769645
2603,solar,2030,9,11,11,-0.37666847229769645
2604,solar,2030,9,12,12,-0.37666847229769645
2605,solar,2030,9,13,13,-0.37666847229769645
2606,solar,2030,9,14,14,-0.37666847229769645
2607,solar,2030,9,15,15,-0.37666847229769645
2608,solar,2030,9,16,16,-0.37666847229769645
2609,solar,2030,9,17,17,-0.37666847229769645
2610,solar,2030,9,18,18,-0.37666847229769645
2611,solar,2030,9,19,19,-0.37666847229769645
2612,solar,2030,9,20,20,-0.37666847229769645
2613,solar,2030,9,21,21,-0.37666847229769645
2614,solar,2030,9,22,22,-0.37666847229769645
2615,solar,2030,9,23,23,-0.37666847229769645
2616,solar,2030,9,24,24,-0.37666847229769645
2617,solar,2030,10,1,1,-0.4260905358296392
2618,solar,2030,10,2,2,-0.4260905358296392
2619,solar,2030,10,3,3,-0.4260905358296392
2620,solar,2030,10,4,4,-0.4260905358296392
2621,solar,2030,10,5,5,-0.4260905358296392
2622,solar,2030,10,6,6,-0.4260905358296392
2623,solar,2030,10,7,7,-0.4260905358296392
2624,solar,2030,10,8,8,-0.4260905358296392
2625,solar,2030,10,9,9,-0.4260905358296392
2626,solar,2030,10,10,10,-0.4260905358296392
2627,solar,2030,10,11,11,-0.4260905358296392
2628,solar,2030,10,12,12,-0.4260905358296392
2629,solar,2030,10,13,13,-0.4260905358296392
2630,solar,2030,10,14,14,-0.4260905358296392
2631,solar,2030,10,15,15,-0.4260905358296392
2632,solar,2030,10,16,16,-0.4260905358296392
2633,solar,2030,10,17,17,-0.4260905358296392
2634,solar,2030,10,18,18,-0.4260905358296392
2635,solar,2030,10,19,19,-0.4260905358296392
2636,solar,2030,10,20,20,-0.4260905358296392
2637,solar,2030,10,21,21,-0.4260905358296392
2638,solar,2030,10,22,22,-0.4260905358296392
2639,solar,2030,10,23,23,-0.4260905358296392
2640,solar,2030,10,24,24,-0.4260905358296392
2641,solar,2030,11,1,1,-0.5205224096834158
2642,solar,2030,11,2,2,-0.43245106685320467
2643,solar,2030,11,3,3,-0.04164179277467327
2644,solar,2030,11,4,4,-0.04164179277467327
2645,solar,2030,11,5,5,-0.04164179277467327
2646,solar,2030,11,6,6,-0.04164179277467327
2647,solar,2030,11,7,7,-0.04164179277467327
2648,solar,2030,11,8,8,-0.5205224096834158
2649,solar,2030,11,9,9,-0.5205224096834158
2650,solar,2030,11,10,10,-0.5205224096834158
2651,solar,2030,11,11,11,-0.5205224096834158
2652,solar,2030,11,12,12,-0.5205224096834158
2653,solar,2030,11,13,13,-0.5205224096834158
2654,solar,2030,11,14,14,-0.46977147473928277
2655,solar,2030,11,15,15,-0.46977147473928277
2656,solar,2030,11,16,16,-0.5205224096834158
2657,solar,2030,11,17,17,-0.5205224096834158
2658,solar,2030,11,18,18,-0.5205224096834158
2659,solar,2030,11,19,19,-0.5205224096834158
2660,solar,2030,11,20,20,-0.5205224096834158
2661,solar,2030,11,21,21,-0.5205224096834158
2662,solar,2030,11,22,22,-0.5205224096834158
2663,solar,2030,11,23,23,-0.5205224096834158
2664,solar,2030,11,24,24,-0.5205224096834158
2665,solar,2030,12,1,1,-2.3583009919855367
2666,solar,2030,12,2,2,-2.3583009919855367
2667,solar,2030,12,3,3,-2.3583009919855367
2668,solar,2030,12,4,4,-2.3583009919855367
2669,solar,2030,12,5,5,-2.3583009919855367
2670,solar,2030,12,6,6,-2.3583009919855367
2671,solar,2030,12,7,7,-2.3583009919855367
2672,solar,2030,12,8,8,-2.3583009919855367
2673,solar,2030,12,9,9,-2.3583009919855367
2674,solar,2030,12,10,10,-2.3583009919855367
2675,solar,2030,12,11,11,-2.3583009919855367
2676,solar,2030,12,12,12,-2.3583009919855367
2677,solar,2030,12,13,13,-2.3583009919855367
2678,solar,2030,12,14,14,-2.3583009919855367
2679,solar,2030,12,15,15,-2.3583009919855367
2680,solar,2030,12,16,16,-2.3583009919855367
2681,solar,2030,12,17,17,-2.3583009919855367
2682,solar,2030,12,18,18,-2.3583009919855367
2683,solar,2030,12,19,19,-2.3583009919855367
2684,solar,2030,12,20,20,-2.3583009919855367
2685,solar,2030,12,21,21,-2.3583009919855367
2686,solar,2030,12,22,22,-2.3583009919855367
2687,solar,2030,12,23,23,-2.3583009919855367
2688,solar,2030,12,24,24,-2.3583009919855367
2689,solar,2030,13,1,1,-0.7353369774231557
2690,solar,2030,13,2,2,-0.7353369774231557
2691,solar,2030,13,3,3,-0.7353369774231557
2692,solar,2030,13,4,4,-0.7353369774231557
2693,solar,2030,13,5,5,-0.7353369774231557
2694,solar,2030,13,6,6,-0.7353369774231557
2695,solar,2030,13,7,7,-0.7353369774231557
2696,solar,2030,13,8,8,-0.7353369774231557
2697,solar,2030,13,9,9,-0.7353369774231557
2698,solar,2030,13,10,10,-0.7353369774231557
2699,solar,2030,13,11,11,-0.7353369774231557
2700,solar,2030,13,12,12,-0.7353369774231556
2701,solar,2030,13,13,13,-0.7353369774231557
2702,solar,2030,13,14,14,-0.7353369774231557
2703,solar,2030,13,15,15,-0.7353369774231557
2704,solar,2030,13,16,16,-1.0294717683924182
2705,solar,2030,13,17,17,-1.0294717683924182
2706,solar,2030,13,18,18,-1.0294717683924182
2707,solar,2030,13,19,19,-19.06900188150518
2708,solar,2030,13,20,20,-19.06900188150518
2709,solar,2030,13,21,21,-50.11669536127236
2710,solar,2030,13,22,22,-19.06900188150518
2711,solar,2030,13,23,23,-1.0294717683924182
2712,solar,2030,13,24,24,-1.0294717683924182
2713,solar,2030,14,1,1,-0.038016034491431316
2714,solar,2030,14,2,2,-0.038016034491431316
2715,solar,2030,14,3,3,-0.038016034491431316
2716,solar,2030,14,4,4,-0.038016034491431316
2717,solar,2030,14,5,5,-0.038016034491431316
2718,solar,2030,14,6,6,-0.038016034491431316
2719,solar,2030,14,7,7,-0.47520043114289134
2720,solar,2030,14,8,8,-0.47520043114289134
2721,solar,2030,14,9,9,-0.47520043114289134
2722,solar,2030,14,10,10,-0.038016034491431316
2723,solar,2030,14,11,11,-0.038016034491431316
2724,solar,2030,14,12,12,-0.038016034491431316
2725,solar,2030,14,13,13,-0.038016034491431316
2726,solar,2030,14,14,14,-0.038016034491431316
2727,solar,2030,14,15,15,-0.038016034491431316
2728,solar,2030,14,16,16,-0.038016034491431316
2729,solar,2030,14,17,17,-0.038016034491431316
2730,solar,2030,14,18,18,-0.47520043114289146
2731,solar,2030,14,19,19,-0.47520043114289146
2732,solar,2030,14,20,20,-0.47520043114289146
2733,solar,2030,14,21,21,-0.47520043114289146
2734,solar,2030,14,22,22,-0.47520043114289146
2735,solar,2030,14,23,23,-0.47520043114289146
2736,solar,2030,14,24,24,-0.47520043114289146
2737,solar,2030,15,1,1,-1.31490258400238
2738,solar,2030,15,2,2,-1.31490258400238
2739,solar,2030,15,3,3,-1.31490258400238
2740,solar,2030,15,4,4,-1.31490258400238
2741,solar,2030,15,5,5,-1.31490258400238
2742,solar,2030,15,6,6,-1.4569557717477895
2743,solar,2030,15,7,7,-1.4569557717477895
2744,solar,2030,15,8,8,-1.4569557717477895
2745,solar,2030,15,9,9,-1.4569557717477895
2746,solar,2030,15,10,10,-1.4569557717477895
2747,solar,2030,15,11,11,-1.3132420977696846
2748,solar,2030,15,12,12,-1.1224001033004392
2749,solar,2030,15,13,13,-1.1224001033004392
2750,solar,2030,15,14,14,-1.1224001033004392
2751,solar,2030,15,15,15,-1.1224001033004392
2752,solar,2030,15,16,16,-1.1224001033004392
2753,solar,2030,15,17,17,-1.1224001033004392
2754,solar,2030,15,18,18,-1.1224001033004392
2755,solar,2030,15,19,19,-1.1224001033004392
2756,solar,2030,15,20,20,-1.1224001033004392
2757,solar,2030,15,21,21,-1.1224001033004392
2758,solar,2030,15,22,22,-1.1224001033004392
2759,solar,2030,15,23,23,-1.1224001033004392
2760,solar,2030,15,24,24,-1.1224001033004392
2761,solar,2030,16,1,1,-0.40575039799081614
2762,solar,2030,16,2,2,-0.40575039799081614
2763,solar,2030,16,3,3,-0.40575039799081614
2764,solar,2030,16,4,4,-0.40575039799081614
2765,solar,2030,16,5,5,-0.40575039799081614
2766,solar,2030,16,6,6,-0.4057503979908162
2767,solar,2030,16,7,7,-0.40575039799081614
2768,solar,2030,16,8,8,-0.40575039799081614
2769,solar,2030,16,9,9,-0.40575039799081614
2770,solar,2030,16,10,10,-0.40575039799081614
2771,solar,2030,16,11,11,-0.40575039799081614
2772,solar,2030,16,12,12,-0.40575039799081614
2773,solar,2030,16,13,13,-0.40575039799081614
2774,solar,2030,16,14,14,-0.40575039799081614
2775,solar,2030,16,15,15,-0.40575039799081614
2776,solar,2030,16,16,16,-0.40575039799081614
2777,solar,2030,16,17,17,-0.40575039799081614
2778,solar,2030,16,18,18,-0.40575039799081614
2779,solar,2030,16,19,19,-0.40575039799081614
2780,solar,2030,16,20,20,-0.40575039799081614
2781,solar,2030,16,21,21,-0.40575039799081614
2782,solar,2030,16,22,22,-0.40575039799081614
2783,solar,2030,16,23,23,-0.40575039799081614
2784,solar,2030,16,24,24,-0.40575039799081614
2785,solar,2030,17,1,1,-0.8409573362442574
2786,solar,2030,17,2,2,-0.8409573362442574
2787,solar,2030,17,3,3,-0.8409573362442574
2788,solar,2030,17,4,4,-0.8409573362442574
2789,solar,2030,17,5,5,-0.8409573362442574
2790,solar,2030,17,6,6,-0.8409573362442574
2791,solar,2030,17,7,7,-0.8409573362442574
2792,solar,2030,17,8,8,-0.8409573362442574
2793,solar,2030,17,9,9,-0.8409573362442574
2794,solar,2030,17,10,10,-0.8409573362442574
2795,solar,2030,17,11,11,-0.8409573362442574
2796,solar,2030,17,12,12,-0.8409573362442574
2797,solar,2030,17,13,13,-0.8409573362442574
2798,solar,2030,17,14,14,-0.8409573362442574
2799,solar,2030,17,15,15,-0.8409573362442574
2800,solar,2030,17,16,16,-0.8409573362442574
2801,solar,2030,17,17,17,-0.8409573362442574
2802,solar,2030,17,18,18,-0.8409573362442574
2803,solar,2030,17,19,19,-0.8409573362442574
2804,solar,2030,17,20,20,-0.8409573362442574
2805,solar,2030,17,21,21,-0.8409573362442574
2806,solar,2030,17,22,22,-0.8409573362442574
2807,solar,2030,17,23,23,-0.8409573362442574
2808,solar,2030,17,24,24,-0.8409573362442574
2809,solar,2030,18,1,1,-0.4919652747988834
2810,solar,2030,18,2,2,-0.4919652747988834
2811,solar,2030,18,3,3,-0.4919652747988834
2812,solar,2030,18,4,4,-0.4919652747988834
2813,solar,2030,18,5,5,-0.4919652747988834
2814,solar,2030,18,6,6,-0.4919652747988834
2815,solar,2030,18,7,7,-0.4919652747988834
2816,solar,2030,18,8,8,-0.4919652747988834
2817,solar,2030,18,9,9,-0.4919652747988834
2818,solar,2030,18,10,10,-0.4919652747988834
2819,solar,2030,18,11,11,-0.4919652747988834
2820,solar,2030,18,12,12,-0.4919652747988834
2821,solar,2030,18,13,13,-0.4919652747988834
2822,solar,2030,18,14,14,-0.4919652747988834
2823,solar,2030,18,15,15,-0.4919652747988834
2824,solar,2030,18,16,16,-0.4919652747988834
2825,solar,2030,18,17,17,-0.4919652747988834
2826,solar,2030,18,18,18,-0.4919652747988834
2827,solar,2030,18,19,19,-0.4919652747988835
2828,solar,2030,18,20,20,-0.4919652747988834
2829,solar,2030,18,21,21,-0.4919652747988834
2830,solar,2030,18,22,22,-0.4919652747988834
2831,solar,2030,18,23,23,-0.4919652747988834
2832,solar,2030,18,24,24,-0.4919652747988834
2833,solar,2030,19,1,1,-1.7754005976695362
2834,solar,2030,19,2,2,-1.7754005976695362
2835,solar,2030,19,3,3,-1.7754005976695362
2836,solar,2030,19,4,4,-1.7754005976695362
2837,solar,2030,19,5,5,-1.7754005976695362
2838,solar,2030,19,6,6,-1.7754005976695362
2839,solar,2030,19,7,7,-1.7754005976695362
2840,solar,2030,19,8,8,-1.7754005976695362
2841,solar,2030,19,9,9,-1.7754005976695362
2842,solar,2030,19,10,10,-1.7754005976695362
2843,solar,2030,19,11,11,-1.7754005976695362
2844,solar,2030,19,12,12,-0.14203204781356288
2845,solar,2030,19,13,13,-0.14203204781356288
2846,solar,2030,19,14,14,-0.14203204781356288
2847,solar,2030,19,15,15,-0.14203204781356288
2848,solar,2030,19,16,16,-0.14203204781356288
2849,solar,2030,19,17,17,-1.7754005976695362
2850,solar,2030,19,18,18,-1.7754005976695362
2851,solar,2030,19,19,19,-1.7754005976695362
2852,solar,2030,19,20,20,-1.7754005976695362
2853,solar,2030,19,21,21,-1.7754005976695362
2854,solar,2030,19,22,22,-1.7754005976695362
2855,solar,2030,19,23,23,-1.7754005976695362
2856,solar,2030,19,24,24,-1.7754005976695362
2857,solar,2030,20,1,1,-0.3991654797610667
2858,solar,2030,20,2,2,-0.3991654797610667
2859,solar,2030,20,3,3,-0.3991654797610666
2860,solar,2030,20,4,4,-0.3991654797610667
2861,solar,2030,20,5,5,-0.3991654797610667
2862,solar,2030,20,6,6,-0.03193323838088533
2863,solar,2030,20,7,7,-0.03193323838088533
2864,solar,2030,20,8,8,-0.03193323838088533
2865,solar,2030,20,9,9,-0.03193323838088533
2866,solar,2030,20,10,10,-0.03193323838088533
2867,solar,2030,20,11,11,-0.03193323838088533
2868,solar,2030,20,12,12,-0.03193323838088533
2869,solar,2030,20,13,13,-0.03193323838088533
2870,solar,2030,20,14,14,-0.03193323838088533
2871,solar,2030,20,15,15,-0.03193323838088533
2872,solar,2030,20,16,16,-0.03193323838088533
2873,solar,2030,20,17,17,-0.03193323838088533
2874,solar,2030,20,18,18,-0.3991654797610667
2875,solar,2030,20,19,19,-0.3991654797610667
2876,solar,2030,20,20,20,-0.3991654797610667
2877,solar,2030,20,21,21,-0.3991654797610667
2878,solar,2030,20,22,22,-0.3991654797610667
2879,solar,2030,20,23,23,-0.3991654797610667
2880,solar,2030,20,24,24,-0.3991654797610667
2881,wind,2030,1,1,1,-0.026714132495456275
2882,wind,2030,1,2,2,-0.026714132495456275
2883,wind,2030,1,3,3,-0.026714132495456275
2884,wind,2030,1,4,4,-0.026714132495456275
2885,wind,2030,1,5,5,-0.026714132495456275
2886,wind,2030,1,6,6,-0.026714132495456275
2887,wind,2030,1,7,7,-0.026714132495456275
2888,wind,2030,1,8,8,-0.026714132495456275
2889,wind,2030,1,9,9,-0.026714132495456275
2890,wind,2030,1,10,10,-0.026714132495456275
2891,wind,2030,1,11,11,-0.03248616112328339
2892,wind,2030,1,12,12,-0.026714132495456275
2893,wind,2030,1,13,13,-0.026714132495456275
2894,wind,2030,1,14,14,-0.026714132495456275
2895,wind,2030,1,15,15,-0.026714132495456275
2896,wind,2030,1,16,16,-0.026714132495456275
2897,wind,2030,1,17,17,-0.6411391798909506
2898,wind,2030,1,18,18,-0.6411391798909506
2899,wind,2030,1,19,19,-0.6411391798909506
2900,wind,2030,1,20,20,-0.6411391798909506
2901,wind,2030,1,21,21,-0.6411391798909506
2902,wind,2030,1,22,22,-0.6411391798909506
2903,wind,2030,1,23,23,-0.6411391798909506
2904,wind,2030,1,24,24,-0.6411391798909505
2905,wind,2030,2,1,1,-1.9547519035642544
2906,wind,2030,2,2,2,-1.9547519035642544
2907,wind,2030,2,3,3,-1.9547519035642544
2908,wind,2030,2,4,4,-1.9547519035642544
2909,wind,2030,2,5,5,-1.9547519035642544
2910,wind,2030,2,6,6,-1.9547519035642544
2911,wind,2030,2,7,7,-1.9547519035642544
2912,wind,2030,2,8,8,-1.9547519035642544
2913,wind,2030,2,9,9,-1.9547519035642544
2914,wind,2030,2,10,10,-1.9547519035642544
2915,wind,2030,2,11,11,-1.9547519035642544
2916,wind,2030,2,12,12,-1.9547519035642544
2917,wind,2030,2,13,13,-1.9547519035642544
2918,wind,2030,2,14,14,-1.9547519035642544
2919,wind,2030,2,15,15,-1.9547519035642544
2920,wind,2030,2,16,16,-1.9547519035642544
2921,wind,2030,2,17,17,-1.9547519035642544
2922,wind,2030,2,18,18,-1.9547519035642544
2923,wind,2030,2,19,19,-1.9547519035642544
2924,wind,2030,2,20,20,-1.9547519035642544
2925,wind,2030,2,21,21,-1.9547519035642544
2926,wind,2030,2,22,22,-1.9547519035642544
2927,wind,2030,2,23,23,-1.9547519035642544
2928,wind,2030,2,24,24,-1.9547519035642544
2929,wind,2030,3,1,1,-2.1225594209061627
2930,wind,2030,3,2,2,-2.1225594209061627
2931,wind,2030,3,3,3,-2.1225594209061627
2932,wind,2030,3,4,4,-2.1225594209061627
2933,wind,2030,3,5,5,-2.1225594209061627
2934,wind,2030,3,6,6,-2.1225594209061627
2935,wind,2030,3,7,7,-2.1225594209061627
2936,wind,2030,3,8,8,-2.1225594209061627
2937,wind,2030,3,9,9,-2.1225594209061627
2938,wind,2030,3,10,10,-2.1225594209061627
2939,wind,2030,3,11,11,-2.1225594209061627
2940,wind,2030,3,12,12,-2.1225594209061627
2941,wind,2030,3,13,13,-2.1225594209061627
2942,wind,2030,3,14,14,-2.1225594209061627
2943,wind,2030,3,15,15,-2.1225594209061627
2944,wind,2030,3,16,16,-2.1225594209061627
2945,wind,2030,3,17,17,-2.1225594209061627
2946,wind,2030,3,18,18,-2.1225594209061627
2947,wind,2030,3,19,19,-2.1225594209061627
2948,wind,2030,3,20,20,-2.1225594209061627
2949,wind,2030,3,21,21,-2.1225594209061627
2950,wind,2030,3,22,22,-2.1225594209061627
2951,wind,2030,3,23,23,-2.1225594209061627
2952,wind,2030,3,24,24,-2.1225594209061627
2953,wind,2030,4,1,1,-0.7463528451790576
2954,wind,2030,4,2,2,-0.7463528451790576
2955,wind,2030,4,3,3,-0.7463528451790576
2956,wind,2030,4,4,4,-0.7463528451790576
2957,wind,2030,4,5,5,-0.7463528451790576
2958,wind,2030,4,6,6,-0.031098035215794066
2959,wind,2030,4,7,7,-0.031098035215794066
2960,wind,2030,4,8,8,-0.031098035215794066
2961,wind,2030,4,9,9,-0.031098035215794066
2962,wind,2030,4,10,10,-0.031098035215794066
2963,wind,2030,4,11,11,-0.031098035215794066
2964,wind,2030,4,12,12,-0.031098035215794066
2965,wind,2030,4,13,13,0.0
2966,wind,2030,4,14,14,0.0
2967,wind,2030,4,15,15,0.0
2968,wind,2030,4,16,16,0.0
2969,wind,2030,4,17,17,0.0
2970,wind,2030,4,18,18,-0.031098035215794066
2971,wind,2030,4,19,19,-0.7463528451790576
2972,wind,2030,4,20,20,-0.7463528451790576
2973,wind,2030,4,21,21,-0.7463528451790576
2974,wind,2030,4,22,22,-0.7463528451790576
2975,wind,2030,4,23,23,-0.7463528451790576
2976,wind,2030,4,24,24,-0.7463528451790576
2977,wind,2030,5,1,1,-1.2568065188249364
2978,wind,2030,5,2,2,-1.2568065188249364
2979,wind,2030,5,3,3,-1.2568065188249364
2980,wind,2030,5,4,4,-1.2568065188249364
2981,wind,2030,5,5,5,-1.2568065188249364
2982,wind,2030,5,6,6,-1.2568065188249367
2983,wind,2030,5,7,7,-1.2568065188249364
2984,wind,2030,5,8,8,-1.2568065188249364
2985,wind,2030,5,9,9,-1.2568065188249367
2986,wind,2030,5,10,10,-1.2568065188249367
2987,wind,2030,5,11,11,-1.2568065188249367
2988,wind,2030,5,12,12,-1.2568065188249364
2989,wind,2030,5,13,13,-1.2568065188249367
2990,wind,2030,5,14,14,-1.2568065188249364
2991,wind,2030,5,15,15,-1.2568065188249364
2992,wind,2030,5,16,16,-1.2568065188249364
2993,wind,2030,5,17,17,-1.2568065188249364
2994,wind,2030,5,18,18,-1.2568065188249364
2995,wind,2030,5,19,19,-1.2568065188249364
2996,wind,2030,5,20,20,-1.2568065188249364
2997,wind,2030,5,21,21,-1.2568065188249364
2998,wind,2030,5,22,22,-1.2568065188249364
2999,wind,2030,5,23,23,-1.2568065188249364
3000,wind,2030,5,24,24,-1.2568065188249364
3001,wind,2030,6,1,1,-0.5827840277905136
3002,wind,2030,6,2,2,-0.5827840277905136
3003,wind,2030,6,3,3,-0.5827840277905136
3004,wind,2030,6,4,4,-0.5827840277905136
3005,wind,2030,6,5,5,-0.5827840277905136
3006,wind,2030,6,6,6,-0.5827840277905136
3007,wind,2030,6,7,7,-0.5827840277905136
3008,wind,2030,6,8,8,-0.5827840277905136
3009,wind,2030,6,9,9,-0.5827840277905136
3010,wind,2030,6,10,10,-0.5827840277905136
3011,wind,2030,6,11,11,-0.5827840277905136
3012,wind,2030,6,12,12,-0.5827840277905136
3013,wind,2030,6,13,13,-0.5827840277905136
3014,wind,2030,6,14,14,-0.5827840277905136
3015,wind,2030,6,15,15,-0.5827840277905136
3016,wind,2030,6,16,16,-0.5827840277905136
3017,wind,2030,6,17,17,-0.5827840277905136
3018,wind,2030,6,18,18,-0.5827840277905136
3019,wind,2030,6,19,19,-0.6483674104192937
3020,wind,2030,6,20,20,-0.6483674104192937
3021,wind,2030,6,21,21,-0.6483674104192937
3022,wind,2030,6,22,22,-0.6483674104192937
3023,wind,2030,6,23,23,-0.5827840277905136
3024,wind,2030,6,24,24,-0.5827840277905136
3025,wind,2030,7,1,1,-0.36187217460118126
3026,wind,2030,7,2,2,-0.36187217460118126
3027,wind,2030,7,3,3,-0.36187217460118126
3028,wind,2030,7,4,4,-0.36187217460118126
3029,wind,2030,7,5,5,-0.36187217460118126
3030,wind,2030,7,6,6,-0.36187217460118126
3031,wind,2030,7,7,7,-0.36187217460118126
3032,wind,2030,7,8,8,-0.36187217460118126
3033,wind,2030,7,9,9,-0.36187217460118126
3034,wind,2030,7,10,10,-0.36187217460118126
3035,wind,2030,7,11,11,-0.36187217460118126
3036,wind,2030,7,12,12,-0.36187217460118126
3037,wind,2030,7,13,13,-0.36187217460118126
3038,wind,2030,7,14,14,-0.36187217460118126
3039,wind,2030,7,15,15,-0.36187217460118126
3040,wind,2030,7,16,16,-0.36187217460118126
3041,wind,2030,7,17,17,-0.36187217460118126
3042,wind,2030,7,18,18,-0.36187217460118126
3043,wind,2030,7,19,19,-0.4025953244437657
3044,wind,2030,7,20,20,-0.4025953244437657
3045,wind,2030,7,21,21,-0.4025953244437657
3046,wind,2030,7,22,22,-0.36187217460118126
3047,wind,2030,7,23,23,-0.36187217460118126
3048,wind,2030,7,24,24,-0.36187217460118126
3049,wind,2030,8,1,1,-0.013461886726695935
3050,wind,2030,8,2,2,-0.013461886726695935
3051,wind,2030,8,3,3,-0.013461886726695935
3052,wind,2030,8,4,4,-0.013461886726695935
3053,wind,2030,8,5,5,-0.013461886726695935
3054,wind,2030,8,6,6,-0.013461886726695935
3055,wind,2030,8,7,7,-0.01637054923274104
3056,wind,2030,8,8,8,-0.07405497201103292
3057,wind,2030,8,9,9,-0.01637054923274104
3058,wind,2030,8,10,10,-0.013461886726695935
3059,wind,2030,8,11,11,-0.013461886726695935
3060,wind,2030,8,12,12,-0.013461886726695935
3061,wind,2030,8,13,13,-0.013461886726695935
3062,wind,2030,8,14,14,-0.013461886726695935
3063,wind,2030,8,15,15,-0.013461886726695935
3064,wind,2030,8,16,16,-0.013461886726695935
3065,wind,2030,8,17,17,-0.3230852814407024
3066,wind,2030,8,18,18,-0.3230852814407024
3067,wind,2030,8,19,19,-0.3230852814407024
3068,wind,2030,8,20,20,-0.3230852814407024
3069,wind,2030,8,21,21,-0.3230852814407024
3070,wind,2030,8,22,22,-0.3230852814407024
3071,wind,2030,8,23,23,-0.3230852814407024
3072,wind,2030,8,24,24,-0.3230852814407024
3073,wind,2030,9,1,1,-0.3616017334057886
3074,wind,2030,9,2,2,-0.3616017334057886
3075,wind,2030,9,3,3,-0.3616017334057886
3076,wind,2030,9,4,4,-0.3616017334057886
3077,wind,2030,9,5,5,-0.3616017334057886
3078,wind,2030,9,6,6,-0.3616017334057886
3079,wind,2030,9,7,7,-0.3616017334057886
3080,wind,2030,9,8,8,-0.3616017334057886
3081,wind,2030,9,9,9,-0.3616017334057886
3082,wind,2030,9,10,10,-0.3616017334057886
3083,wind,2030,9,11,11,-0.3616017334057886
3084,wind,2030,9,12,12,-0.3616017334057886
3085,wind,2030,9,13,13,-0.3616017334057886
3086,wind,2030,9,14,14,-0.3616017334057886
3087,wind,2030,9,15,15,-0.3616017334057886
3088,wind,2030,9,16,16,-0.3616017334057886
3089,wind,2030,9,17,17,-0.3616017334057886
3090,wind,2030,9,18,18,-0.3616017334057886
3091,wind,2030,9,19,19,-0.3616017334057886
3092,wind,2030,9,20,20,-0.3616017334057886
3093,wind,2030,9,21,21,-0.3616017334057886
3094,wind,2030,9,22,22,-0.3616017334057886
3095,wind,2030,9,23,23,-0.3616017334057886
3096,wind,2030,9,24,24,-0.3616017334057886
3097,wind,2030,10,1,1,-0.40904691439645363
3098,wind,2030,10,2,2,-0.40904691439645363
3099,wind,2030,10,3,3,-0.40904691439645363
3100,wind,2030,10,4,4,-0.40904691439645363
3101,wind,2030,10,5,5,-0.40904691439645363
3102,wind,2030,10,6,6,-0.40904691439645363
3103,wind,2030,10,7,7,-0.40904691439645363
3104,wind,2030,10,8,8,-0.40904691439645363
3105,wind,2030,10,9,9,-0.40904691439645363
3106,wind,2030,10,10,10,-0.40904691439645363
3107,wind,2030,10,11,11,-0.40904691439645363
3108,wind,2030,10,12,12,-0.40904691439645363
3109,wind,2030,10,13,13,-0.40904691439645363
3110,wind,2030,10,14,14,-0.40904691439645363
3111,wind,2030,10,15,15,-0.40904691439645363
3112,wind,2030,10,16,16,-0.40904691439645363
3113,wind,2030,10,17,17,-0.40904691439645363
3114,wind,2030,10,18,18,-0.40904691439645363
3115,wind,2030,10,19,19,-0.40904691439645363
3116,wind,2030,10,20,20,-0.40904691439645363
3117,wind,2030,10,21,21,-0.40904691439645363
3118,wind,2030,10,22,22,-0.40904691439645363
3119,wind,2030,10,23,23,-0.40904691439645363
3120,wind,2030,10,24,24,-0.40904691439645363
3121,wind,2030,11,1,1,-0.49970151329607915
3122,wind,2030,11,2,2,-0.41163017046586803
3123,wind,2030,11,3,3,-0.020820896387336633
3124,wind,2030,11,4,4,-0.020820896387336633
3125,wind,2030,11,5,5,-0.020820896387336633
3126,wind,2030,11,6,6,-0.020820896387336633
3127,wind,2030,11,7,7,-0.020820896387336633
3128,wind,2030,11,8,8,-0.49970151329607915
3129,wind,2030,11,9,9,-0.49970151329607915
3130,wind,2030,11,10,10,-0.49970151329607915
3131,wind,2030,11,11,11,-0.49970151329607915
3132,wind,2030,11,12,12,-0.49970151329607915
3133,wind,2030,11,13,13,-0.49970151329607915
3134,wind,2030,11,14,14,-0.44895057835194613
3135,wind,2030,11,15,15,-0.44895057835194613
3136,wind,2030,11,16,16,-0.49970151329607915
3137,wind,2030,11,17,17,-0.49970151329607915
3138,wind,2030,11,18,18,-0.49970151329607915
3139,wind,2030,11,19,19,-0.49970151329607915
3140,wind,2030,11,20,20,-0.49970151329607915
3141,wind,2030,11,21,21,-0.49970151329607915
3142,wind,2030,11,22,22,-0.49970151329607915
3143,wind,2030,11,23,23,-0.49970151329607915
3144,wind,2030,11,24,24,-0.49970151329607915
3145,wind,2030,12,1,1,-2.263968952306115
3146,wind,2030,12,2,2,-2.263968952306115
3147,wind,2030,12,3,3,-2.263968952306115
3148,wind,2030,12,4,4,-2.263968952306115
3149,wind,2030,12,5,5,-2.263968952306115
3150,wind,2030,12,6,6,-2.263968952306115
3151,wind,2030,12,7,7,-2.263968952306115
3152,wind,2030,12,8,8,-2.263968952306115
3153,wind,2030,12,9,9,-2.263968952306115
3154,wind,2030,12,10,10,-2.263968952306115
3155,wind,2030,12,11,11,-2.263968952306115
3156,wind,2030,12,12,12,-2.263968952306115
3157,wind,2030,12,13,13,-2.263968952306115
3158,wind,2030,12,14,14,-2.263968952306115
3159,wind,2030,12,15,15,-2.263968952306115
3160,wind,2030,12,16,16,-2.263968952306115
3161,wind,2030,12,17,17,-2.263968952306115
3162,wind,2030,12,18,18,-2.263968952306115
3163,wind,2030,12,19,19,-2.263968952306115
3164,wind,2030,12,20,20,-2.263968952306115
3165,wind,2030,12,21,21,-2.263968952306115
3166,wind,2030,12,22,22,-2.263968952306115
3167,wind,2030,12,23,23,-2.263968952306115
3168,wind,2030,12,24,24,-2.263968952306115
3169,wind,2030,13,1,1,-0.7059234983262295
3170,wind,2030,13,2,2,-0.7059234983262295
3171,wind,2030,13,3,3,-0.7059234983262295
3172,wind,2030,13,4,4,-0.7059234983262295
3173,wind,2030,13,5,5,-0.7059234983262295
3174,wind,2030,13,6,6,-0.7059234983262295
3175,wind,2030,13,7,7,-0.7059234983262295
3176,wind,2030,13,8,8,-0.7059234983262295
3177,wind,2030,13,9,9,-0.7059234983262295
3178,wind,2030,13,10,10,-0.7059234983262295
3179,wind,2030,13,11,11,-0.7059234983262295
3180,wind,2030,13,12,12,-0.7059234983262294
3181,wind,2030,13,13,13,-0.7059234983262295
3182,wind,2030,13,14,14,-0.7059234983262295
3183,wind,2030,13,15,15,-0.7059234983262295
3184,wind,2030,13,16,16,-1.000058289295492
3185,wind,2030,13,17,17,-1.000058289295492
3186,wind,2030,13,18,18,-1.000058289295492
3187,wind,2030,13,19,19,-19.039588402408253
3188,wind,2030,13,20,20,-19.039588402408253
3189,wind,2030,13,21,21,-50.08728188217544
3190,wind,2030,13,22,22,-19.039588402408253
3191,wind,2030,13,23,23,-1.000058289295492
3192,wind,2030,13,24,24,-1.000058289295492
3193,wind,2030,14,1,1,-0.019008017245715658
3194,wind,2030,14,2,2,-0.019008017245715658
3195,wind,2030,14,3,3,-0.019008017245715658
3196,wind,2030,14,4,4,-0.019008017245715658
3197,wind,2030,14,5,5,-0.019008017245715658
3198,wind,2030,14,6,6,-0.019008017245715658
3199,wind,2030,14,7,7,-0.4561924138971757
3200,wind,2030,14,8,8,-0.4561924138971757
3201,wind,2030,14,9,9,-0.4561924138971757
3202,wind,2030,14,10,10,-0.019008017245715658
3203,wind,2030,14,11,11,-0.019008017245715658
3204,wind,2030,14,12,12,-0.019008017245715658
3205,wind,2030,14,13,13,-0.019008017245715658
3206,wind,2030,14,14,14,-0.019008017245715658
3207,wind,2030,14,15,15,-0.019008017245715658
3208,wind,2030,14,16,16,-0.019008017245715658
3209,wind,2030,14,17,17,-0.019008017245715658
3210,wind,2030,14,18,18,-0.4561924138971758
3211,wind,2030,14,19,19,-0.4561924138971758
3212,wind,2030,14,20,20,-0.4561924138971758
3213,wind,2030,14,21,21,-0.4561924138971758
3214,wind,2030,14,22,22,-0.4561924138971758
3215,wind,2030,14,23,23,-0.4561924138971758
3216,wind,2030,14,24,24,-0.4561924138971758
3217,wind,2030,15,1,1,-1.2700065798703624
3218,wind,2030,15,2,2,-1.2700065798703624
3219,wind,2030,15,3,3,-1.2700065798703624
3220,wind,2030,15,4,4,-1.2700065798703624
3221,wind,2030,15,5,5,-1.2700065798703624
3222,wind,2030,15,6,6,-1.4120597676157718
3223,wind,2030,15,7,7,-1.4120597676157718
3224,wind,2030,15,8,8,-1.4120597676157718
3225,wind,2030,15,9,9,-1.4120597676157718
3226,wind,2030,15,10,10,-1.4120597676157718
3227,wind,2030,15,11,11,-1.268346093637667
3228,wind,2030,15,12,12,-1.0775040991684215
3229,wind,2030,15,13,13,-1.0775040991684215
3230,wind,2030,15,14,14,-1.0775040991684215
3231,wind,2030,15,15,15,-1.0775040991684215
3232,wind,2030,15,16,16,-1.0775040991684215
3233,wind,2030,15,17,17,-1.0775040991684215
3234,wind,2030,15,18,18,-1.0775040991684215
3235,wind,2030,15,19,19,-1.0775040991684215
3236,wind,2030,15,20,20,-1.0775040991684215
3237,wind,2030,15,21,21,-1.0775040991684215
3238,wind,2030,15,22,22,-1.0775040991684215
3239,wind,2030,15,23,23,-1.0775040991684215
3240,wind,2030,15,24,24,-1.0775040991684215
3241,wind,2030,16,1,1,-0.3895203820711835
3242,wind,2030,16,2,2,-0.3895203820711835
3243,wind,2030,16,3,3,-0.3895203820711835
3244,wind,2030,16,4,4,-0.3895203820711835
3245,wind,2030,16,5,5,-0.3895203820711835
3246,wind,2030,16,6,6,-0.38952038207118356
3247,wind,2030,16,7,7,-0.3895203820711835
3248,wind,2030,16,8,8,-0.3895203820711835
3249,wind,2030,16,9,9,-0.3895203820711835
3250,wind,2030,16,10,10,-0.3895203820711835
3251,wind,2030,16,11,11,-0.3895203820711835
3252,wind,2030,16,12,12,-0.3895203820711835
3253,wind,2030,16,13,13,-0.3895203820711835
3254,wind,2030,16,14,14,-0.3895203820711835
3255,wind,2030,16,15,15,-0.3895203820711835
3256,wind,2030,16,16,16,-0.3895203820711835
3257,wind,2030,16,17,17,-0.3895203820711835
3258,wind,2030,16,18,18,-0.3895203820711835
3259,wind,2030,16,19,19,-0.3895203820711835
3260,wind,2030,16,20,20,-0.3895203820711835
3261,wind,2030,16,21,21,-0.3895203820711835
3262,wind,2030,16,22,22,-0.3895203820711835
3263,wind,2030,16,23,23,-0.3895203820711835
3264,wind,2030,16,24,24,-0.3895203820711835
3265,wind,2030,17,1,1,-0.8073190427944871
3266,wind,2030,17,2,2,-0.8073190427944871
3267,wind,2030,17,3,3,-0.8073190427944871
3268,wind,2030,17,4,4,-0.8073190427944871
3269,wind,2030,17,5,5,-0.8073190427944871
3270,wind,2030,17,6,6,-0.8073190427944871
3271,wind,2030,17,7,7,-0.8073190427944871
3272,wind,2030,17,8,8,-0.8073190427944871
3273,wind,2030,17,9,9,-0.8073190427944871
3274,wind,2030,17,10,10,-0.8073190427944871
3275,wind,2030,17,11,11,-0.8073190427944871
3276,wind,2030,17,12,12,-0.8073190427944871
3277,wind,2030,17,13,13,-0.8073190427944871
3278,wind,2030,17,14,14,-0.8073190427944871
3279,wind,2030,17,15,15,-0.8073190427944871
3280,wind,2030,17,16,16,-0.8073190427944871
3281,wind,2030,17,17,17,-0.8073190427944871
3282,wind,2030,17,18,18,-0.8073190427944871
3283,wind,2030,17,19,19,-0.8073190427944871
3284,wind,2030,17,20,20,-0.8073190427944871
3285,wind,2030,17,21,21,-0.8073190427944871
3286,wind,2030,17,22,22,-0.8073190427944871
3287,wind,2030,17,23,23,-0.8073190427944871
3288,wind,2030,17,24,24,-0.8073190427944871
3289,wind,2030,18,1,1,-0.4722866638069281
3290,wind,2030,18,2,2,-0.4722866638069281
3291,wind,2030,18,3,3,-0.4722866638069281
3292,wind,2030,18,4,4,-0.4722866638069281
3293,wind,2030,18,5,5,-0.4722866638069281
3294,wind,2030,18,6,6,-0.4722866638069281
3295,wind,2030,18,7,7,-0.4722866638069281
3296,wind,2030,18,8,8,-0.4722866638069281
3297,wind,2030,18,9,9,-0.4722866638069281
3298,wind,2030,18,10,10,-0.4722866638069281
3299,wind,2030,18,11,11,-0.4722866638069281
3300,wind,2030,18,12,12,-0.4722866638069281
3301,wind,2030,18,13,13,-0.4722866638069281
3302,wind,2030,18,14,14,-0.4722866638069281
3303,wind,2030,18,15,15,-0.4722866638069281
3304,wind,2030,18,16,16,-0.4722866638069281
3305,wind,2030,18,17,17,-0.4722866638069281
3306,wind,2030,18,18,18,-0.4722866638069281
3307,wind,2030,18,19,19,-0.4722866638069282
3308,wind,2030,18,20,20,-0.4722866638069281
3309,wind,2030,18,21,21,-0.4722866638069281
3310,wind,2030,18,22,22,-0.4722866638069281
3311,wind,2030,18,23,23,-0.4722866638069281
3312,wind,2030,18,24,24,-0.4722866638069281
3313,wind,2030,19,1,1,-1.7043845737627548
3314,wind,2030,19,2,2,-1.7043845737627548
3315,wind,2030,19,3,3,-1.7043845737627548
3316,wind,2030,19,4,4,-1.7043845737627548
3317,wind,2030,19,5,5,-1.7043845737627548
3318,wind,2030,19,6,6,-1.7043845737627548
3319,wind,2030,19,7,7,-1.7043845737627548
3320,wind,2030,19,8,8,-1.7043845737627548
3321,wind,2030,19,9,9,-1.7043845737627548
3322,wind,2030,19,10,10,-1.7043845737627548
3323,wind,2030,19,11,11,-1.7043845737627548
3324,wind,2030,19,12,12,-0.07101602390678144
3325,wind,2030,19,13,13,-0.07101602390678144
3326,wind,2030,19,14,14,-0.07101602390678144
3327,wind,2030,19,15,15,-0.07101602390678144
3328,wind,2030,19,16,16,-0.07101602390678144
3329,wind,2030,19,17,17,-1.7043845737627548
3330,wind,2030,19,18,18,-1.7043845737627548
3331,wind,2030,19,19,19,-1.7043845737627548
3332,wind,2030,19,20,20,-1.7043845737627548
3333,wind,2030,19,21,21,-1.7043845737627548
3334,wind,2030,19,22,22,-1.7043845737627548
3335,wind,2030,19,23,23,-1.7043845737627548
3336,wind,2030,19,24,24,-1.7043845737627548
3337,wind,2030,20,1,1,-0.383198860570624
3338,wind,2030,20,2,2,-0.383198860570624
3339,wind,2030,20,3,3,-0.3831988605706239
3340,wind,2030,20,4,4,-0.383198860570624
3341,wind,2030,20,5,5,-0.383198860570624
3342,wind,2030,20,6,6,-0.015966619190442666
3343,wind,2030,20,7,7,-0.015966619190442666
3344,wind,2030,20,8,8,-0.015966619190442666
3345,wind,2030,20,9,9,-0.015966619190442666
3346,wind,2030,20,10,10,-0.015966619190442666
3347,wind,2030,20,11,11,-0.015966619190442666
3348,wind,2030,20,12,12,-0.015966619190442666
3349,wind,2030,20,13,13,-0.015966619190442666
3350,wind,2030,20,14,14,-0.015966619190442666
3351,wind,2030,20,15,15,-0.015966619190442666
3352,wind,2030,20,16,16,-0.015966619190442666
3353,wind,2030,20,17,17,-0.015966619190442666
3354,wind,2030,20,18,18,-0.383198860570624
3355,wind,2030,20,19,19,-0.383198860570624
3356,wind,2030,20,20,20,-0.383198860570624
3357,wind,2030,20,21,21,-0.383198860570624
3358,wind,2030,20,22,22,-0.383198860570624
3359,wind,2030,20,23,23,-0.383198860570624
3360,wind,2030,20,24,24,-0.383198860570624
3361,wind_offshore,2030,1,1,1,0.0
3362,wind_offshore,2030,1,2,2,0.0
3363,wind_offshore,2030,1,3,3,0.0
3364,wind_offshore,2030,1,4,4,0.0
3365,wind_offshore,2030,1,5,5,0.0
3366,wind_offshore,2030,1,6,6,0.0
3367,wind_offshore,2030,1,7,7,0.0
3368,wind_offshore,2030,1,8,8,0.0
3369,wind_offshore,2030,1,9,9,0.0
3370,wind_offshore,2030,1,10,10,0.0
3371,wind_offshore,2030,1,11,11,-0.005772028627827115
3372,wind_offshore,2030,1,12,12,0.0
3373,wind_offshore,2030,1,13,13,0.0
3374,wind_offshore,2030,1,14,14,0.0
3375,wind_offshore,2030,1,15,15,0.0
3376,wind_offshore,2030,1,16,16,0.0
3377,wind_offshore,2030,1,17,17,-0.6144250473954943
3378,wind_offshore,2030,1,18,18,-0.6144250473954943
3379,wind_offshore,2030,1,19,19,-0.6144250473954943
3380,wind_offshore,2030,1,20,20,-0.6144250473954943
3381,wind_offshore,2030,1,21,21,-0.6144250473954943
3382,wind_offshore,2030,1,22,22,-0.6144250473954943
3383,wind_offshore,2030,1,23,23,-0.6144250473954943
3384,wind_offshore,2030,1,24,24,-0.6144250473954942
3385,wind_offshore,2030,2,1,1,-1.8733039075824105
3386,wind_offshore,2030,2,2,2,-1.8733039075824105
3387,wind_offshore,2030,2,3,3,-1.8733039075824105
3388,wind_offshore,2030,2,4,4,-1.8733039075824105
3389,wind_offshore,2030,2,5,5,-1.8733039075824105
3390,wind_offshore,2030,2,6,6,-1.8733039075824105
3391,wind_offshore,2030,2,7,7,-1.8733039075824105
3392,wind_offshore,2030,2,8,8,-1.8733039075824105
3393,wind_offshore,2030,2,9,9,-1.8733039075824105
3394,wind_offshore,2030,2,10,10,-1.8733039075824105
3395,wind_offshore,2030,2,11,11,-1.8733039075824105
3396,wind_offshore,2030,2,12,12,-1.8733039075824105
3397,wind_offshore,2030,2,13,13,-1.8733039075824105
3398,wind_offshore,2030,2,14,14,-1.8733039075824105
3399,wind_offshore,2030,2,15,15,-1.8733039075824105
3400,wind_offshore,2030,2,16,16,-1.8733039075824105
3401,wind_offshore,2030,2,17,17,-1.8733039075824105
3402,wind_offshore,2030,2,18,18,-1.8733039075824105
3403,wind_offshore,2030,2,19,19,-1.8733039075824105
3404,wind_offshore,2030,2,20,20,-1.8733039075824105
3405,wind_offshore,2030,2,21,21,-1.8733039075824105
3406,wind_offshore,2030,2,22,22,-1.8733039075824105
3407,wind_offshore,2030,2,23,23,-1.8733039075824105
3408,wind_offshore,2030,2,24,24,-1.8733039075824105
3409,wind_offshore,2030,3,1,1,-2.034119445035073
3410,wind_offshore,2030,3,2,2,-2.034119445035073
3411,wind_offshore,2030,3,3,3,-2.034119445035073
3412,wind_offshore,2030,3,4,4,-2.034119445035073
3413,wind_offshore,2030,3,5,5,-2.034119445035073
3414,wind_offshore,2030,3,6,6,-2.034119445035073
3415,wind_offshore,2030,3,7,7,-2.034119445035073
3416,wind_offshore,2030,3,8,8,-2.034119445035073
3417,wind_offshore,2030,3,9,9,-2.034119445035073
3418,wind_offshore,2030,3,10,10,-2.034119445035073
3419,wind_offshore,2030,3,11,11,-2.034119445035073
3420,wind_offshore,2030,3,12,12,-2.034119445035073
3421,wind_offshore,2030,3,13,13,-2.034119445035073
3422,wind_offshore,2030,3,14,14,-2.034119445035073
3423,wind_offshore,2030,3,15,15,-2.034119445035073
3424,wind_offshore,2030,3,16,16,-2.034119445035073
3425,wind_offshore,2030,3,17,17,-2.034119445035073
3426,wind_offshore,2030,3,18,18,-2.034119445035073
3427,wind_offshore,2030,3,19,19,-2.034119445035073
3428,wind_offshore,2030,3,20,20,-2.034119445035073
3429,wind_offshore,2030,3,21,21,-2.034119445035073
3430,wind_offshore,2030,3,22,22,-2.034119445035073
3431,wind_offshore,2030,3,23,23,-2.034119445035073
3432,wind_offshore,2030,3,24,24,-2.034119445035073
3433,wind_offshore,2030,4,1,1,-0.7152548099632635
3434,wind_offshore,2030,4,2,2,-0.7152548099632635
3435,wind_offshore,2030,4,3,3,-0.7152548099632635
3436,wind_offshore,2030,4,4,4,-0.7152548099632635
3437,wind_offshore,2030,4,5,5,-0.7152548099632635
3438,wind_offshore,2030,4,6,6,0.0
3439,wind_offshore,2030,4,7,7,0.0
3440,wind_offshore,2030,4,8,8,0.0
3441,wind_offshore,2030,4,9,9,0.0
3442,wind_offshore,2030,4,10,10,0.0
3443,wind_offshore,2030,4,11,11,0.0
3444,wind_offshore,2030,4,12,12,0.0
3445,wind_offshore,2030,4,13,13,0.0
3446,wind_offshore,2030,4,14,14,0.0
3447,wind_offshore,2030,4,15,15,0.0
3448,wind_offshore,2030,4,16,16,0.0
3449,wind_offshore,2030,4,17,17,0.0
3450,wind_offshore,2030,4,18,18,0.0
3451,wind_offshore,2030,4,19,19,-0.7152548099632635
3452,wind_offshore,2030,4,20,20,-0.7152548099632635
3453,wind_offshore,2030,4,21,21,-0.7152548099632635
3454,wind_offshore,2030,4,22,22,-0.7152548099632635
3455,wind_offshore,2030,4,23,23,-0.7152548099632635
3456,wind_offshore,2030,4,24,24,-0.7152548099632635
3457,wind_offshore,2030,5,1,1,-1.204439580540564
3458,wind_offshore,2030,5,2,2,-1.204439580540564
3459,wind_offshore,2030,5,3,3,-1.204439580540564
3460,wind_offshore,2030,5,4,4,-1.204439580540564
3461,wind_offshore,2030,5,5,5,-1.204439580540564
3462,wind_offshore,2030,5,6,6,-1.2044395805405643
3463,wind_offshore,2030,5,7,7,-1.204439580540564
3464,wind_offshore,2030,5,8,8,-1.204439580540564
3465,wind_offshore,2030,5,9,9,-1.2044395805405643
3466,wind_offshore,2030,5,10,10,-1.2044395805405643
3467,wind_offshore,2030,5,11,11,-1.2044395805405643
3468,wind_offshore,2030,5,12,12,-1.204439580540564
3469,wind_offshore,2030,5,13,13,-1.2044395805405643
3470,wind_offshore,2030,5,14,14,-1.204439580540564
3471,wind_offshore,2030,5,15,15,-1.204439580540564
3472,wind_offshore,2030,5,16,16,-1.204439580540564
3473,wind_offshore,2030,5,17,17,-1.204439580540564
3474,wind_offshore,2030,5,18,18,-1.204439580540564
3475,wind_offshore,2030,5,19,19,-1.204439580540564
3476,wind_offshore,2030,5,20,20,-1.204439580540564
3477,wind_offshore,2030,5,21,21,-1.204439580540564
3478,wind_offshore,2030,5,22,22,-1.204439580540564
3479,wind_offshore,2030,5,23,23,-1.204439580540564
3480,wind_offshore,2030,5,24,24,-1.204439580540564
3481,wind_offshore,2030,6,1,1,-0.5585013599659089
3482,wind_offshore,2030,6,2,2,-0.5585013599659089
3483,wind_offshore,2030,6,3,3,-0.5585013599659089
3484,wind_offshore,2030,6,4,4,-0.5585013599659089
3485,wind_offshore,2030,6,5,5,-0.5585013599659089
3486,wind_offshore,2030,6,6,6,-0.5585013599659089
3487,wind_offshore,2030,6,7,7,-0.5585013599659089
3488,wind_offshore,2030,6,8,8,-0.5585013599659089
3489,wind_offshore,2030,6,9,9,-0.5585013599659089
3490,wind_offshore,2030,6,10,10,-0.5585013599659089
3491,wind_offshore,2030,6,11,11,-0.5585013599659089
3492,wind_offshore,2030,6,12,12,-0.5585013599659089
3493,wind_offshore,2030,6,13,13,-0.5585013599659089
3494,wind_offshore,2030,6,14,14,-0.5585013599659089
3495,wind_offshore,2030,6,15,15,-0.5585013599659089
3496,wind_offshore,2030,6,16,16,-0.5585013599659089
3497,wind_offshore,2030,6,17,17,-0.5585013599659089
3498,wind_offshore,2030,6,18,18,-0.5585013599659089
3499,wind_offshore,2030,6,19,19,-0.6240847425946889
3500,wind_offshore,2030,6,20,20,-0.6240847425946889
3501,wind_offshore,2030,6,21,21,-0.6240847425946889
3502,wind_offshore,2030,6,22,22,-0.6240847425946889
3503,wind_offshore,2030,6,23,23,-0.5585013599659089
3504,wind_offshore,2030,6,24,24,-0.5585013599659089
3505,wind_offshore,2030,7,1,1,-0.34679416732613205
3506,wind_offshore,2030,7,2,2,-0.34679416732613205
3507,wind_offshore,2030,7,3,3,-0.34679416732613205
3508,wind_offshore,2030,7,4,4,-0.34679416732613205
3509,wind_offshore,2030,7,5,5,-0.34679416732613205
3510,wind_offshore,2030,7,6,6,-0.34679416732613205
3511,wind_offshore,2030,7,7,7,-0.34679416732613205
3512,wind_offshore,2030,7,8,8,-0.34679416732613205
3513,wind_offshore,2030,7,9,9,-0.34679416732613205
3514,wind_offshore,2030,7,10,10,-0.34679416732613205
3515,wind_offshore,2030,7,11,11,-0.34679416732613205
3516,wind_offshore,2030,7,12,12,-0.34679416732613205
3517,wind_offshore,2030,7,13,13,-0.34679416732613205
3518,wind_offshore,2030,7,14,14,-0.34679416732613205
3519,wind_offshore,2030,7,15,15,-0.34679416732613205
3520,wind_offshore,2030,7,16,16,-0.34679416732613205
3521,wind_offshore,2030,7,17,17,-0.34679416732613205
3522,wind_offshore,2030,7,18,18,-0.34679416732613205
3523,wind_offshore,2030,7,19,19,-0.3875173171687165
3524,wind_offshore,2030,7,20,20,-0.3875173171687165
3525,wind_offshore,2030,7,21,21,-0.3875173171687165
3526,wind_offshore,2030,7,22,22,-0.34679416732613205
3527,wind_offshore,2030,7,23,23,-0.34679416732613205
3528,wind_offshore,2030,7,24,24,-0.34679416732613205
3529,wind_offshore,2030,8,1,1,0.0
3530,wind_offshore,2030,8,2,2,0.0
3531,wind_offshore,2030,8,3,3,0.0
3532,wind_offshore,2030,8,4,4,0.0
3533,wind_offshore,2030,8,5,5,0.0
3534,wind_offshore,2030,8,6,6,0.0
3535,wind_offshore,2030,8,7,7,-0.0029086625060451045
3536,wind_offshore,2030,8,8,8,-0.06059308528433698
3537,wind_offshore,2030,8,9,9,-0.0029086625060451045
3538,wind_offshore,2030,8,10,10,0.0
3539,wind_offshore,2030,8,11,11,0.0
3540,wind_offshore,2030,8,12,12,0.0
3541,wind_offshore,2030,8,13,13,0.0
3542,wind_offshore,2030,8,14,14,0.0
3543,wind_offshore,2030,8,15,15,0.0
3544,wind_offshore,2030,8,16,16,0.0
3545,wind_offshore,2030,8,17,17,-0.3096233947140065
3546,wind_offshore,2030,8,18,18,-0.3096233947140065
3547,wind_offshore,2030,8,19,19,-0.3096233947140065
3548,wind_offshore,2030,8,20,20,-0.3096233947140065
3549,wind_offshore,2030,8,21,21,-0.3096233947140065
3550,wind_offshore,2030,8,22,22,-0.3096233947140065
3551,wind_offshore,2030,8,23,23,-0.3096233947140065
3552,wind_offshore,2030,8,24,24,-0.3096233947140065
3553,wind_offshore,2030,9,1,1,-0.34653499451388076
3554,wind_offshore,2030,9,2,2,-0.34653499451388076
3555,wind_offshore,2030,9,3,3,-0.34653499451388076
3556,wind_offshore,2030,9,4,4,-0.34653499451388076
3557,wind_offshore,2030,9,5,5,-0.34653499451388076
3558,wind_offshore,2030,9,6,6,-0.34653499451388076
3559,wind_offshore,2030,9,7,7,-0.34653499451388076
3560,wind_offshore,2030,9,8,8,-0.34653499451388076
3561,wind_offshore,2030,9,9,9,-0.34653499451388076
3562,wind_offshore,2030,9,10,10,-0.34653499451388076
3563,wind_offshore,2030,9,11,11,-0.34653499451388076
3564,wind_offshore,2030,9,12,12,-0.34653499451388076
3565,wind_offshore,2030,9,13,13,-0.34653499451388076
3566,wind_offshore,2030,9,14,14,-0.34653499451388076
3567,wind_offshore,2030,9,15,15,-0.34653499451388076
3568,wind_offshore,2030,9,16,16,-0.34653499451388076
3569,wind_offshore,2030,9,17,17,-0.34653499451388076
3570,wind_offshore,2030,9,18,18,-0.34653499451388076
3571,wind_offshore,2030,9,19,19,-0.34653499451388076
3572,wind_offshore,2030,9,20,20,-0.34653499451388076
3573,wind_offshore,2030,9,21,21,-0.34653499451388076
3574,wind_offshore,2030,9,22,22,-0.34653499451388076
3575,wind_offshore,2030,9,23,23,-0.34653499451388076
3576,wind_offshore,2030,9,24,24,-0.34653499451388076
3577,wind_offshore,2030,10,1,1,-0.392003292963268
3578,wind_offshore,2030,10,2,2,-0.392003292963268
3579,wind_offshore,2030,10,3,3,-0.392003292963268
3580,wind_offshore,2030,10,4,4,-0.392003292963268
3581,wind_offshore,2030,10,5,5,-0.392003292963268
3582,wind_offshore,2030,10,6,6,-0.392003292963268
3583,wind_offshore,2030,10,7,7,-0.392003292963268
3584,wind_offshore,2030,10,8,8,-0.392003292963268
3585,wind_offshore,2030,10,9,9,-0.392003292963268
3586,wind_offshore,2030,10,10,10,-0.392003292963268
3587,wind_offshore,2030,10,11,11,-0.392003292963268
3588,wind_offshore,2030,10,12,12,-0.392003292963268
3589,wind_offshore,2030,10,13,13,-0.392003292963268
3590,wind_offshore,2030,10,14,14,-0.392003292963268
3591,wind_offshore,2030,10,15,15,-0.392003292963268
3592,wind_offshore,2030,10,16,16,-0.392003292963268
3593,wind_offshore,2030,10,17,17,-0.392003292963268
3594,wind_offshore,2030,10,18,18,-0.392003292963268
3595,wind_offshore,2030,10,19,19,-0.392003292963268
3596,wind_offshore,2030,10,20,20,-0.392003292963268
3597,wind_offshore,2030,10,21,21,-0.392003292963268
3598,wind_offshore,2030,10,22,22,-0.392003292963268
3599,wind_offshore,2030,10,23,23,-0.392003292963268
3600,wind_offshore,2030,10,24,24,-0.392003292963268
3601,wind_offshore,2030,11,1,1,-0.4788806169087425
3602,wind_offshore,2030,11,2,2,-0.3908092740785314
3603,wind_offshore,2030,11,3,3,0.0
3604,wind_offshore,2030,11,4,4,0.0
3605,wind_offshore,2030,11,5,5,0.0
3606,wind_offshore,2030,11,6,6,0.0
3607,wind_offshore,2030,11,7,7,0.0
3608,wind_offshore,2030,11,8,8,-0.4788806169087425
3609,wind_offshore,2030,11,9,9,-0.4788806169087425
3610,wind_offshore,2030,11,10,10,-0.4788806169087425
3611,wind_offshore,2030,11,11,11,-0.4788806169087425
3612,wind_offshore,2030,11,12,12,-0.4788806169087425
3613,wind_offshore,2030,11,13,13,-0.4788806169087425
3614,wind_offshore,2030,11,14,14,-0.4281296819646095
3615,wind_offshore,2030,11,15,15,-0.4281296819646095
3616,wind_offshore,2030,11,16,16,-0.4788806169087425
3617,wind_offshore,2030,11,17,17,-0.4788806169087425
3618,wind_offshore,2030,11,18,18,-0.4788806169087425
3619,wind_offshore,2030,11,19,19,-0.4788806169087425
3620,wind_offshore,2030,11,20,20,-0.4788806169087425
3621,wind_offshore,2030,11,21,21,-0.4788806169087425
3622,wind_offshore,2030,11,22,22,-0.4788806169087425
3623,wind_offshore,2030,11,23,23,-0.4788806169087425
3624,wind_offshore,2030,11,24,24,-0.4788806169087425
3625,wind_offshore,2030,12,1,1,-2.169636912626694
3626,wind_offshore,2030,12,2,2,-2.169636912626694
3627,wind_offshore,2030,12,3,3,-2.169636912626694
3628,wind_offshore,2030,12,4,4,-2.169636912626694
3629,wind_offshore,2030,12,5,5,-2.169636912626694
3630,wind_offshore,2030,12,6,6,-2.169636912626694
3631,wind_offshore,2030,12,7,7,-2.169636912626694
3632,wind_offshore,2030,12,8,8,-2.169636912626694
3633,wind_offshore,2030,12,9,9,-2.169636912626694
3634,wind_offshore,2030,12,10,10,-2.169636912626694
3635,wind_offshore,2030,12,11,11,-2.169636912626694
3636,wind_offshore,2030,12,12,12,-2.169636912626694
3637,wind_offshore,2030,12,13,13,-2.169636912626694
3638,wind_offshore,2030,12,14,14,-2.169636912626694
3639,wind_offshore,2030,12,15,15,-2.169636912626694
3640,wind_offshore,2030,12,16,16,-2.169636912626694
3641,wind_offshore,2030,12,17,17,-2.169636912626694
3642,wind_offshore,2030,12,18,18,-2.169636912626694
3643,wind_offshore,2030,12,19,19,-2.169636912626694
3644,wind_offshore,2030,12,20,20,-2.169636912626694
3645,wind_offshore,2030,12,21,21,-2.169636912626694
3646,wind_offshore,2030,12,22,22,-2.169636912626694
3647,wind_offshore,2030,12,23,23,-2.169636912626694
3648,wind_offshore,2030,12,24,24,-2.169636912626694
3649,wind_offshore,2030,13,1,1,-0.6765100192293033
3650,wind_offshore,2030,13,2,2,-0.6765100192293033
3651,wind_offshore,2030,13,3,3,-0.6765100192293033
3652,wind_offshore,2030,13,4,4,-0.6765100192293033
3653,wind_offshore,2030,13,5,5,-0.6765100192293033
3654,wind_offshore,2030,13,6,6,-0.6765100192293033
3655,wind_offshore,2030,13,7,7,-0.6765100192293033
3656,wind_offshore,2030,13,8,8,-0.6765100192293033
3657,wind_offshore,2030,13,9,9,-0.6765100192293033
3658,wind_offshore,2030,13,10,10,-0.6765100192293033
3659,wind_offshore,2030,13,11,11,-0.6765100192293033
3660,wind_offshore,2030,13,12,12,-0.6765100192293032
3661,wind_offshore,2030,13,13,13,-0.6765100192293033
3662,wind_offshore,2030,13,14,14,-0.6765100192293033
3663,wind_offshore,2030,13,15,15,-0.6765100192293033
3664,wind_offshore,2030,13,16,16,-0.9706448101985657
3665,wind_offshore,2030,13,17,17,-0.9706448101985657
3666,wind_offshore,2030,13,18,18,-0.9706448101985657
3667,wind_offshore,2030,13,19,19,-19.01017492331133
3668,wind_offshore,2030,13,20,20,-19.01017492331133
3669,wind_offshore,2030,13,21,21,-50.05786840307851
3670,wind_offshore,2030,13,22,22,-19.01017492331133
3671,wind_offshore,2030,13,23,23,-0.9706448101985657
3672,wind_offshore,2030,13,24,24,-0.9706448101985657
3673,wind_offshore,2030,14,1,1,0.0
3674,wind_offshore,2030,14,2,2,0.0
3675,wind_offshore,2030,14,3,3,0.0
3676,wind_offshore,2030,14,4,4,0.0
3677,wind_offshore,2030,14,5,5,0.0
3678,wind_offshore,2030,14,6,6,0.0
3679,wind_offshore,2030,14,7,7,-0.43718439665146
3680,wind_offshore,2030,14,8,8,-0.43718439665146
3681,wind_offshore,2030,14,9,9,-0.43718439665146
3682,wind_offshore,2030,14,10,10,0.0
3683,wind_offshore,2030,14,11,11,0.0
3684,wind_offshore,2030,14,12,12,0.0
3685,wind_offshore,2030,14,13,13,0.0
3686,wind_offshore,2030,14,14,14,0.0
3687,wind_offshore,2030,14,15,15,0.0
3688,wind_offshore,2030,14,16,16,0.0
3689,wind_offshore,2030,14,17,17,0.0
3690,wind_offshore,2030,14,18,18,-0.43718439665146014
3691,wind_offshore,2030,14,19,19,-0.43718439665146014
3692,wind_offshore,2030,14,20,20,-0.43718439665146014
3693,wind_offshore,2030,14,21,21,-0.43718439665146014
3694,wind_offshore,2030,14,22,22,-0.43718439665146014
3695,wind_offshore,2030,14,23,23,-0.43718439665146014
3696,wind_offshore,2030,14,24,24,-0.43718439665146014
3697,wind_offshore,2030,15,1,1,-1.225110575738345
3698,wind_offshore,2030,15,2,2,-1.225110575738345
3699,wind_offshore,2030,15,3,3,-1.225110575738345
3700,wind_offshore,2030,15,4,4,-1.225110575738345
3701,wind_offshore,2030,15,5,5,-1.225110575738345
3702,wind_offshore,2030,15,6,6,-1.3671637634837543
3703,wind_offshore,2030,15,7,7,-1.3671637634837543
3704,wind_offshore,2030,15,8,8,-1.3671637634837543
3705,wind_offshore,2030,15,9,9,-1.3671637634837543
3706,wind_offshore,2030,15,10,10,-1.3671637634837543
3707,wind_offshore,2030,15,11,11,-1.2234500895056495
3708,wind_offshore,2030,15,12,12,-1.032608095036404
3709,wind_offshore,2030,15,13,13,-1.032608095036404
3710,wind_offshore,2030,15,14,14,-1.032608095036404
3711,wind_offshore,2030,15,15,15,-1.032608095036404
3712,wind_offshore,2030,15,16,16,-1.032608095036404
3713,wind_offshore,2030,15,17,17,-1.032608095036404
3714,wind_offshore,2030,15,18,18,-1.032608095036404
3715,wind_offshore,2030,15,19,19,-1.032608095036404
3716,wind_offshore,2030,15,20,20,-1.032608095036404
3717,wind_offshore,2030,15,21,21,-1.032608095036404
3718,wind_offshore,2030,15,22,22,-1.032608095036404
3719,wind_offshore,2030,15,23,23,-1.032608095036404
3720,wind_offshore,2030,15,24,24,-1.032608095036404
3721,wind_offshore,2030,16,1,1,-0.37329036615155087
3722,wind_offshore,2030,16,2,2,-0.37329036615155087
3723,wind_offshore,2030,16,3,3,-0.37329036615155087
3724,wind_offshore,2030,16,4,4,-0.37329036615155087
3725,wind_offshore,2030,16,5,5,-0.37329036615155087
3726,wind_offshore,2030,16,6,6,-0.3732903661515509
3727,wind_offshore,2030,16,7,7,-0.37329036615155087
3728,wind_offshore,2030,16,8,8,-0.37329036615155087
3729,wind_offshore,2030,16,9,9,-0.37329036615155087
3730,wind_offshore,2030,16,10,10,-0.37329036615155087
3731,wind_offshore,2030,16,11,11,-0.37329036615155087
3732,wind_offshore,2030,16,12,12,-0.37329036615155087
3733,wind_offshore,2030,16,13,13,-0.37329036615155087
3734,wind_offshore,2030,16,14,14,-0.37329036615155087
3735,wind_offshore,2030,16,15,15,-0.37329036615155087
3736,wind_offshore,2030,16,16,16,-0.37329036615155087
3737,wind_offshore,2030,16,17,17,-0.37329036615155087
3738,wind_offshore,2030,16,18,18,-0.37329036615155087
3739,wind_offshore,2030,16,19,19,-0.37329036615155087
3740,wind_offshore,2030,16,20,20,-0.37329036615155087
3741,wind_offshore,2030,16,21,21,-0.37329036615155087
3742,wind_offshore,2030,16,22,22,-0.37329036615155087
3743,wind_offshore,2030,16,23,23,-0.37329036615155087
3744,wind_offshore,2030,16,24,24,-0.37329036615155087
3745,wind_offshore,2030,17,1,1,-0.7736807493447168
3746,wind_offshore,2030,17,2,2,-0.7736807493447168
3747,wind_offshore,2030,17,3,3,-0.7736807493447168
3748,wind_offshore,2030,17,4,4,-0.7736807493447168
3749,wind_offshore,2030,17,5,5,-0.7736807493447168
3750,wind_offshore,2030,17,6,6,-0.7736807493447168
3751,wind_offshore,2030,17,7,7,-0.7736807493447168
3752,wind_offshore,2030,17,8,8,-0.7736807493447168
3753,wind_offshore,2030,17,9,9,-0.7736807493447168
3754,wind_offshore,2030,17,10,10,-0.7736807493447168
3755,wind_offshore,2030,17,11,11,-0.7736807493447168
3756,wind_offshore,2030,17,12,12,-0.7736807493447168
3757,wind_offshore,2030,17,13,13,-0.7736807493447168
3758,wind_offshore,2030,17,14,14,-0.7736807493447168
3759,wind_offshore,2030,17,15,15,-0.7736807493447168
3760,wind_offshore,2030,17,16,16,-0.7736807493447168
3761,wind_offshore,2030,17,17,17,-0.7736807493447168
3762,wind_offshore,2030,17,18,18,-0.7736807493447168
3763,wind_offshore,2030,17,19,19,-0.7736807493447168
3764,wind_offshore,2030,17,20,20,-0.7736807493447168
3765,wind_offshore,2030,17,21,21,-0.7736807493447168
3766,wind_offshore,2030,17,22,22,-0.7736807493447168
3767,wind_offshore,2030,17,23,23,-0.7736807493447168
3768,wind_offshore,2030,17,24,24,-0.7736807493447168
3769,wind_offshore,2030,18,1,1,-0.45260805281497274
3770,wind_offshore,2030,18,2,2,-0.45260805281497274
3771,wind_offshore,2030,18,3,3,-0.45260805281497274
3772,wind_offshore,2030,18,4,4,-0.45260805281497274
3773,wind_offshore,2030,18,5,5,-0.45260805281497274
3774,wind_offshore,2030,18,6,6,-0.45260805281497274
3775,wind_offshore,2030,18,7,7,-0.45260805281497274
3776,wind_offshore,2030,18,8,8,-0.45260805281497274
3777,wind_offshore,2030,18,9,9,-0.45260805281497274
3778,wind_offshore,2030,18,10,10,-0.45260805281497274
3779,wind_offshore,2030,18,11,11,-0.45260805281497274
3780,wind_offshore,2030,18,12,12,-0.45260805281497274
3781,wind_offshore,2030,18,13,13,-0.45260805281497274
3782,wind_offshore,2030,18,14,14,-0.45260805281497274
3783,wind_offshore,2030,18,15,15,-0.45260805281497274
3784,wind_offshore,2030,18,16,16,-0.45260805281497274
3785,wind_offshore,2030,18,17,17,-0.45260805281497274
3786,wind_offshore,2030,18,18,18,-0.45260805281497274
3787,wind_offshore,2030,18,19,19,-0.45260805281497285
3788,wind_offshore,2030,18,20,20,-0.45260805281497274
3789,wind_offshore,2030,18,21,21,-0.45260805281497274
3790,wind_offshore,2030,18,22,22,-0.45260805281497274
3791,wind_offshore,2030,18,23,23,-0.45260805281497274
3792,wind_offshore,2030,18,24,24,-0.45260805281497274
3793,wind_offshore,2030,19,1,1,-1.6333685498559734
3794,wind_offshore,2030,19,2,2,-1.6333685498559734
3795,wind_offshore,2030,19,3,3,-1.6333685498559734
3796,wind_offshore,2030,19,4,4,-1.6333685498559734
3797,wind_offshore,2030,19,5,5,-1.6333685498559734
3798,wind_offshore,2030,19,6,6,-1.6333685498559734
3799,wind_offshore,2030,19,7,7,-1.6333685498559734
3800,wind_offshore,2030,19,8,8,-1.6333685498559734
3801,wind_offshore,2030,19,9,9,-1.6333685498559734
3802,wind_offshore,2030,19,10,10,-1.6333685498559734
3803,wind_offshore,2030,19,11,11,-1.6333685498559734
3804,wind_offshore,2030,19,12,12,0.0
3805,wind_offshore,2030,19,13,13,0.0
3806,wind_offshore,2030,19,14,14,0.0
3807,wind_offshore,2030,19,15,15,0.0
3808,wind_offshore,2030,19,16,16,0.0
3809,wind_offshore,2030,19,17,17,-1.6333685498559734
3810,wind_offshore,2030,19,18,18,-1.6333685498559734
3811,wind_offshore,2030,19,19,19,-1.6333685498559734
3812,wind_offshore,2030,19,20,20,-1.6333685498559734
3813,wind_offshore,2030,19,21,21,-1.6333685498559734
3814,wind_offshore,2030,19,22,22,-1.6333685498559734
3815,wind_offshore,2030,19,23,23,-1.6333685498559734
3816,wind_offshore,2030,19,24,24,-1.6333685498559734
3817,wind_offshore,2030,20,1,1,-0.36723224138018135
3818,wind_offshore,2030,20,2,2,-0.36723224138018135
3819,wind_offshore,2030,20,3,3,-0.36723224138018123
3820,wind_offshore,2030,20,4,4,-0.36723224138018135
3821,wind_offshore,2030,20,5,5,-0.36723224138018135
3822,wind_offshore,2030,20,6,6,0.0
3823,wind_offshore,2030,20,7,7,0.0
3824,wind_offshore,2030,20,8,8,0.0
3825,wind_offshore,2030,20,9,9,0.0
3826,wind_offshore,2030,20,10,10,0.0
3827,wind_offshore,2030,20,11,11,0.0
3828,wind_offshore,2030,20,12,12,0.0
3829,wind_offshore,2030,20,13,13,0.0
3830,wind_offshore,2030,20,14,14,0.0
3831,wind_offshore,2030,20,15,15,0.0
3832,wind_offshore,2030,20,16,16,0.0
3833,wind_offshore,2030,20,17,17,0.0
3834,wind_offshore,2030,20,18,18,-0.36723224138018135
3835,wind_offshore,2030,20,19,19,-0.36723224138018135
3836,wind_offshore,2030,20,20,20,-0.36723224138018135
3837,wind_offshore,2030,20,21,21,-0.36723224138018135
3838,wind_offshore,2030,20,22,22,-0.36723224138018135
3839,wind_offshore,2030,20,23,23,-0.36723224138018135
3840,wind_offshore,2030,20,24,24,-0.36723224138018135
