rep_period,timestep,year,scenario,profile_name,value
1,1,2030,0,demand,0.45467907049156403
1,2,2030,0,demand,0.43811967059068363
1,3,2030,0,demand,0.42987136147470817
1,4,2030,0,demand,0.4070521033164479
1,5,2030,0,demand,0.3945549977543653
1,6,2030,0,demand,0.38859017893737313
1,7,2030,0,demand,0.392434677583258
1,8,2030,0,demand,0.4215656562383368
1,9,2030,0,demand,0.448325053938819
1,10,2030,0,demand,0.4824462392296879
1,11,2030,0,demand,0.4953576767369313
1,12,2030,0,demand,0.49132754419856745
1,13,2030,0,demand,0.5101398967457912
1,14,2030,0,demand,0.4974958712045022
1,15,2030,0,demand,0.49404588030589863
1,16,2030,0,demand,0.48162722681253534
1,17,2030,0,demand,0.4799407691612358
1,18,2030,0,demand,0.5070929197044938
1,19,2030,0,demand,0.54028828656369
1,20,2030,0,demand,0.5728554365660526
1,21,2030,0,demand,0.587395945844707
1,22,2030,0,demand,0.5730023471257134
1,23,2030,0,demand,0.5368375406502965
1,24,2030,0,demand,0.5158318741611515
1,1,2030,0,solar,0.0
1,2,2030,0,solar,0.0
1,3,2030,0,solar,0.0
1,4,2030,0,solar,0.0
1,5,2030,0,solar,0.0
1,6,2030,0,solar,0.0
1,7,2030,0,solar,0.0
1,8,2030,0,solar,0.00041275623610389264
1,9,2030,0,solar,0.08504740825093737
1,10,2030,0,solar,0.2018501935064728
1,11,2030,0,solar,0.3044457028783671
1,12,2030,0,solar,0.3892188897166981
1,13,2030,0,solar,0.44284169374146903
1,14,2030,0,solar,0.4365500270571841
1,15,2030,0,solar,0.4013757518303898
1,16,2030,0,solar,0.3316204430314337
1,17,2030,0,solar,0.22216834140154096
1,18,2030,0,solar,0.09130874176304464
1,19,2030,0,solar,0.0
1,20,2030,0,solar,0.0
1,21,2030,0,solar,0.0
1,22,2030,0,solar,0.0
1,23,2030,0,solar,0.0
1,24,2030,0,solar,0.0
1,1,2030,0,wind_offshore,0.681527589222034
1,2,2030,0,wind_offshore,0.6677816011322769
1,3,2030,0,wind_offshore,0.6690976909964855
1,4,2030,0,wind_offshore,0.6726419084010807
1,5,2030,0,wind_offshore,0.6746387659198043
1,6,2030,0,wind_offshore,0.6658751807331483
1,7,2030,0,wind_offshore,0.6802967636042583
1,8,2030,0,wind_offshore,0.6792666350213691
1,9,2030,0,wind_offshore,0.6857877513833591
1,10,2030,0,wind_offshore,0.6770676285243729
1,11,2030,0,wind_offshore,0.6698903610770979
1,12,2030,0,wind_offshore,0.6677288453795922
1,13,2030,0,wind_offshore,0.6735652954171745
1,14,2030,0,wind_offshore,0.6784994176524226
1,15,2030,0,wind_offshore,0.6743875749507166
1,16,2030,0,wind_offshore,0.6725119086305581
1,17,2030,0,wind_offshore,0.6616916681803852
1,18,2030,0,wind_offshore,0.6659503789987729
1,19,2030,0,wind_offshore,0.6668198501327424
1,20,2030,0,wind_offshore,0.6589632563820863
1,21,2030,0,wind_offshore,0.6656806021578453
1,22,2030,0,wind_offshore,0.6689611910489741
1,23,2030,0,wind_offshore,0.6765359055966376
1,24,2030,0,wind_offshore,0.6803926763923608
1,1,2030,0,wind_onshore,0.4501783246297214
1,2,2030,0,wind_onshore,0.44361108818255335
1,3,2030,0,wind_onshore,0.4367762969687409
1,4,2030,0,wind_onshore,0.41940535645774146
1,5,2030,0,wind_onshore,0.4174320312865464
1,6,2030,0,wind_onshore,0.4060868532129896
1,7,2030,0,wind_onshore,0.3948036245516413
1,8,2030,0,wind_onshore,0.39646899941848346
1,9,2030,0,wind_onshore,0.4027263250226961
1,10,2030,0,wind_onshore,0.4013275520798563
1,11,2030,0,wind_onshore,0.43735310220036044
1,12,2030,0,wind_onshore,0.45867731690862745
1,13,2030,0,wind_onshore,0.4899757838634873
1,14,2030,0,wind_onshore,0.5182040452224491
1,15,2030,0,wind_onshore,0.5447477194152234
1,16,2030,0,wind_onshore,0.5760993105797845
1,17,2030,0,wind_onshore,0.5827784500494704
1,18,2030,0,wind_onshore,0.5786360818666859
1,19,2030,0,wind_onshore,0.5745111853862168
1,20,2030,0,wind_onshore,0.5806284655099173
1,21,2030,0,wind_onshore,0.5812171602041797
1,22,2030,0,wind_onshore,0.5692118997631628
1,23,2030,0,wind_onshore,0.6043653439954723
1,24,2030,0,wind_onshore,0.6059777186956256
2,1,2030,0,demand,0.5550634098844324
2,2,2030,0,demand,0.548706779362521
2,3,2030,0,demand,0.5417234468458548
2,4,2030,0,demand,0.5285984686530085
2,5,2030,0,demand,0.5430392897774757
2,6,2030,0,demand,0.5436395646062454
2,7,2030,0,demand,0.5703723746323607
2,8,2030,0,demand,0.6151217108391751
2,9,2030,0,demand,0.6497678415349872
2,10,2030,0,demand,0.6709596867587491
2,11,2030,0,demand,0.6863264975310284
2,12,2030,0,demand,0.7131109135695667
2,13,2030,0,demand,0.7220561598324993
2,14,2030,0,demand,0.7227198786430988
2,15,2030,0,demand,0.7136867220052686
2,16,2030,0,demand,0.7167680796962532
2,17,2030,0,demand,0.722944079416608
2,18,2030,0,demand,0.7160816702261293
2,19,2030,0,demand,0.706658869321658
2,20,2030,0,demand,0.681559490878572
2,21,2030,0,demand,0.6660508712817613
2,22,2030,0,demand,0.6188647874571701
2,23,2030,0,demand,0.5668682732805326
2,24,2030,0,demand,0.5634306943175539
2,1,2030,0,solar,0.0
2,2,2030,0,solar,0.0
2,3,2030,0,solar,0.0
2,4,2030,0,solar,0.0
2,5,2030,0,solar,0.0
2,6,2030,0,solar,0.00017065256192265243
2,7,2030,0,solar,0.03285316295215517
2,8,2030,0,solar,0.13506128654169686
2,9,2030,0,solar,0.2622839883975965
2,10,2030,0,solar,0.3809449835384695
2,11,2030,0,solar,0.4615698686667811
2,12,2030,0,solar,0.4806496478009355
2,13,2030,0,solar,0.4564018874596451
2,14,2030,0,solar,0.43325788698113193
2,15,2030,0,solar,0.3855377046930908
2,16,2030,0,solar,0.31723002907676484
2,17,2030,0,solar,0.24848753844923868
2,18,2030,0,solar,0.17038076099250335
2,19,2030,0,solar,0.07531719127218571
2,20,2030,0,solar,0.00942629310251898
2,21,2030,0,solar,0.0
2,22,2030,0,solar,0.0
2,23,2030,0,solar,0.0
2,24,2030,0,solar,0.0
2,1,2030,0,wind_offshore,0.0
2,2,2030,0,wind_offshore,0.0
2,3,2030,0,wind_offshore,0.0
2,4,2030,0,wind_offshore,0.0
2,5,2030,0,wind_offshore,0.0
2,6,2030,0,wind_offshore,0.00019285744139532556
2,7,2030,0,wind_offshore,6.315872313856985e-5
2,8,2030,0,wind_offshore,0.0
2,9,2030,0,wind_offshore,0.00013628958744745228
2,10,2030,0,wind_offshore,0.00038605664210292933
2,11,2030,0,wind_offshore,0.0
2,12,2030,0,wind_offshore,0.0
2,13,2030,0,wind_offshore,0.0
2,14,2030,0,wind_offshore,0.0
2,15,2030,0,wind_offshore,0.00010759399450994853
2,16,2030,0,wind_offshore,0.0008075099497503714
2,17,2030,0,wind_offshore,0.004308947406663758
2,18,2030,0,wind_offshore,0.00667888172907181
2,19,2030,0,wind_offshore,0.012691132292599447
2,20,2030,0,wind_offshore,0.015206638201970574
2,21,2030,0,wind_offshore,0.02338333283763256
2,22,2030,0,wind_offshore,0.025788930552654767
2,23,2030,0,wind_offshore,0.005369209873741463
2,24,2030,0,wind_offshore,0.0009806832863765633
2,1,2030,0,wind_onshore,0.03694669518876333
2,2,2030,0,wind_onshore,0.034253745631505864
2,3,2030,0,wind_onshore,0.03076719037969046
2,4,2030,0,wind_onshore,0.026421254812293776
2,5,2030,0,wind_onshore,0.022518942484514873
2,6,2030,0,wind_onshore,0.019831970318085573
2,7,2030,0,wind_onshore,0.018169509199212706
2,8,2030,0,wind_onshore,0.010158733279771577
2,9,2030,0,wind_onshore,0.008722612416977974
2,10,2030,0,wind_onshore,0.009289231535934002
2,11,2030,0,wind_onshore,0.01001151381587208
2,12,2030,0,wind_onshore,0.014477675136223184
2,13,2030,0,wind_onshore,0.02209529341889193
2,14,2030,0,wind_onshore,0.0304790761281851
2,15,2030,0,wind_onshore,0.04070198285731117
2,16,2030,0,wind_onshore,0.0504227795573077
2,17,2030,0,wind_onshore,0.05803245947974677
2,18,2030,0,wind_onshore,0.06745160603258982
2,19,2030,0,wind_onshore,0.06910517056263128
2,20,2030,0,wind_onshore,0.049722599146000454
2,21,2030,0,wind_onshore,0.042947859680446066
2,22,2030,0,wind_onshore,0.040050342760629125
2,23,2030,0,wind_onshore,0.03841331596944226
2,24,2030,0,wind_onshore,0.038846314520402866
3,1,2030,0,demand,0.46311196571368773
3,2,2030,0,demand,0.47008991333330147
3,3,2030,0,demand,0.4554426385208066
3,4,2030,0,demand,0.45114254559385897
3,5,2030,0,demand,0.44801242788595846
3,6,2030,0,demand,0.4514429678724049
3,7,2030,0,demand,0.4735885603299879
3,8,2030,0,demand,0.5069973162871895
3,9,2030,0,demand,0.5305170940145367
3,10,2030,0,demand,0.5525856530500316
3,11,2030,0,demand,0.5512879934630328
3,12,2030,0,demand,0.5586412546359267
3,13,2030,0,demand,0.5422659775452715
3,14,2030,0,demand,0.5351345211903823
3,15,2030,0,demand,0.5252279234857271
3,16,2030,0,demand,0.5131637234283112
3,17,2030,0,demand,0.5094538200996631
3,18,2030,0,demand,0.5132894192042525
3,19,2030,0,demand,0.5308499261046022
3,20,2030,0,demand,0.5407835262508635
3,21,2030,0,demand,0.5406544177787582
3,22,2030,0,demand,0.5135839102999142
3,23,2030,0,demand,0.4830154260856723
3,24,2030,0,demand,0.47555383976851545
3,1,2030,0,solar,0.0
3,2,2030,0,solar,0.0
3,3,2030,0,solar,0.0
3,4,2030,0,solar,0.0
3,5,2030,0,solar,0.0
3,6,2030,0,solar,0.0
3,7,2030,0,solar,0.0
3,8,2030,0,solar,0.04795503154705717
3,9,2030,0,solar,0.1673614264399278
3,10,2030,0,solar,0.29555809962248686
3,11,2030,0,solar,0.38513211257471247
3,12,2030,0,solar,0.43847952187475814
3,13,2030,0,solar,0.44503698396073554
3,14,2030,0,solar,0.41546208311826177
3,15,2030,0,solar,0.3619339272070834
3,16,2030,0,solar,0.2791706172969884
3,17,2030,0,solar,0.18018289586584055
3,18,2030,0,solar,0.05837350735877166
3,19,2030,0,solar,0.0
3,20,2030,0,solar,0.0
3,21,2030,0,solar,0.0
3,22,2030,0,solar,0.0
3,23,2030,0,solar,0.0
3,24,2030,0,solar,0.0
3,1,2030,0,wind_offshore,0.5743397631576952
3,2,2030,0,wind_offshore,0.6162197916451373
3,3,2030,0,wind_offshore,0.6328631454222002
3,4,2030,0,wind_offshore,0.6373451839474311
3,5,2030,0,wind_offshore,0.63953171799124
3,6,2030,0,wind_offshore,0.6486758886570482
3,7,2030,0,wind_offshore,0.6576635130032634
3,8,2030,0,wind_offshore,0.6635965949171829
3,9,2030,0,wind_offshore,0.6668554635907641
3,10,2030,0,wind_offshore,0.6725421727801288
3,11,2030,0,wind_offshore,0.6828697577695277
3,12,2030,0,wind_offshore,0.6957669669619134
3,13,2030,0,wind_offshore,0.6880589863823338
3,14,2030,0,wind_offshore,0.6961438807716507
3,15,2030,0,wind_offshore,0.6946095426698823
3,16,2030,0,wind_offshore,0.6896350186714862
3,17,2030,0,wind_offshore,0.6846124300876709
3,18,2030,0,wind_offshore,0.6684581478562581
3,19,2030,0,wind_offshore,0.6553329776267601
3,20,2030,0,wind_offshore,0.6357220653887695
3,21,2030,0,wind_offshore,0.6309149959376553
3,22,2030,0,wind_offshore,0.6319611443058898
3,23,2030,0,wind_offshore,0.6592908548929413
3,24,2030,0,wind_offshore,0.6524413903726314
3,1,2030,0,wind_onshore,0.05154484933581102
3,2,2030,0,wind_onshore,0.051736644084709994
3,3,2030,0,wind_onshore,0.05365954042741993
3,4,2030,0,wind_onshore,0.05223373947900169
3,5,2030,0,wind_onshore,0.048842039045755466
3,6,2030,0,wind_onshore,0.04991000615680542
3,7,2030,0,wind_onshore,0.05192130241491052
3,8,2030,0,wind_onshore,0.0563849169083017
3,9,2030,0,wind_onshore,0.04987670250898969
3,10,2030,0,wind_onshore,0.05079658050686032
3,11,2030,0,wind_onshore,0.051343337283401215
3,12,2030,0,wind_onshore,0.07064199776231332
3,13,2030,0,wind_onshore,0.08411655901961473
3,14,2030,0,wind_onshore,0.08892954862637216
3,15,2030,0,wind_onshore,0.08782708537075394
3,16,2030,0,wind_onshore,0.08624362633013816
3,17,2030,0,wind_onshore,0.08650400610830918
3,18,2030,0,wind_onshore,0.09171600199181278
3,19,2030,0,wind_onshore,0.10075064723341202
3,20,2030,0,wind_onshore,0.09983448214484418
3,21,2030,0,wind_onshore,0.09231802353035928
3,22,2030,0,wind_onshore,0.08567949921970607
3,23,2030,0,wind_onshore,0.06932771589718097
3,24,2030,0,wind_onshore,0.07386747150780425
4,1,2030,0,demand,0.45587350440905133
4,2,2030,0,demand,0.45330544281853047
4,3,2030,0,demand,0.44545571313701643
4,4,2030,0,demand,0.4344740187715217
4,5,2030,0,demand,0.4304569916381713
4,6,2030,0,demand,0.4312848499224106
4,7,2030,0,demand,0.4484554844398366
4,8,2030,0,demand,0.4728109010995317
4,9,2030,0,demand,0.49963796079613954
4,10,2030,0,demand,0.5201883894779219
4,11,2030,0,demand,0.5270041409727951
4,12,2030,0,demand,0.5126059406189536
4,13,2030,0,demand,0.5029578843788757
4,14,2030,0,demand,0.4913135590966218
4,15,2030,0,demand,0.48352219631260773
4,16,2030,0,demand,0.46692818200119657
4,17,2030,0,demand,0.46638815672945977
4,18,2030,0,demand,0.4810651104493132
4,19,2030,0,demand,0.5029447474148915
4,20,2030,0,demand,0.5337730958708813
4,21,2030,0,demand,0.5445138858871704
4,22,2030,0,demand,0.5226975214237166
4,23,2030,0,demand,0.4873924723955921
4,24,2030,0,demand,0.475981501076407
4,1,2030,0,solar,0.0
4,2,2030,0,solar,0.0
4,3,2030,0,solar,0.0
4,4,2030,0,solar,0.0
4,5,2030,0,solar,0.0
4,6,2030,0,solar,0.0
4,7,2030,0,solar,0.00038891287041983624
4,8,2030,0,solar,0.07509857463629453
4,9,2030,0,solar,0.23992060039706284
4,10,2030,0,solar,0.39377921260340093
4,11,2030,0,solar,0.49042853975428047
4,12,2030,0,solar,0.5555585980173062
4,13,2030,0,solar,0.5723433190916939
4,14,2030,0,solar,0.5693298105134923
4,15,2030,0,solar,0.5135095458988949
4,16,2030,0,solar,0.43387107326981594
4,17,2030,0,solar,0.31246353814318073
4,18,2030,0,solar,0.15877829143388195
4,19,2030,0,solar,0.024410945124034227
4,20,2030,0,solar,0.0
4,21,2030,0,solar,0.0
4,22,2030,0,solar,0.0
4,23,2030,0,solar,0.0
4,24,2030,0,solar,0.0
4,1,2030,0,wind_offshore,0.686973537156145
4,2,2030,0,wind_offshore,0.6802632111008009
4,3,2030,0,wind_offshore,0.6835949321777655
4,4,2030,0,wind_offshore,0.687804437388195
4,5,2030,0,wind_offshore,0.672451959741655
4,6,2030,0,wind_offshore,0.6523487925659125
4,7,2030,0,wind_offshore,0.6104031257409663
4,8,2030,0,wind_offshore,0.5672995174033656
4,9,2030,0,wind_offshore,0.5081063690064123
4,10,2030,0,wind_offshore,0.42272179107460656
4,11,2030,0,wind_offshore,0.30291828794565734
4,12,2030,0,wind_offshore,0.1681128104688019
4,13,2030,0,wind_offshore,0.08282947800694032
4,14,2030,0,wind_offshore,0.045850427449802895
4,15,2030,0,wind_offshore,0.033914481313878087
4,16,2030,0,wind_offshore,0.02986394277458477
4,17,2030,0,wind_offshore,0.020856928829450526
4,18,2030,0,wind_offshore,0.008440959397003317
4,19,2030,0,wind_offshore,0.002438942866643158
4,20,2030,0,wind_offshore,0.0010211861094022935
4,21,2030,0,wind_offshore,0.0016171671711597735
4,22,2030,0,wind_offshore,0.0016401753822604657
4,23,2030,0,wind_offshore,0.0011139697736265019
4,24,2030,0,wind_offshore,0.003791538646078158
4,1,2030,0,wind_onshore,0.1727611151498375
4,2,2030,0,wind_onshore,0.16209425545441017
4,3,2030,0,wind_onshore,0.1507079178613869
4,4,2030,0,wind_onshore,0.14217485424827492
4,5,2030,0,wind_onshore,0.1369107002868184
4,6,2030,0,wind_onshore,0.1285141844783307
4,7,2030,0,wind_onshore,0.12312289345442398
4,8,2030,0,wind_onshore,0.11729381167312163
4,9,2030,0,wind_onshore,0.0903304636179751
4,10,2030,0,wind_onshore,0.09399632869583371
4,11,2030,0,wind_onshore,0.09916933884455184
4,12,2030,0,wind_onshore,0.10708619001950946
4,13,2030,0,wind_onshore,0.11465036815186792
4,14,2030,0,wind_onshore,0.12019143992796837
4,15,2030,0,wind_onshore,0.1244125073024161
4,16,2030,0,wind_onshore,0.1304280482858331
4,17,2030,0,wind_onshore,0.13590432238256606
4,18,2030,0,wind_onshore,0.13997498956696824
4,19,2030,0,wind_onshore,0.13188202177490116
4,20,2030,0,wind_onshore,0.13783551303706695
4,21,2030,0,wind_onshore,0.13245826339663216
4,22,2030,0,wind_onshore,0.12411682157054847
4,23,2030,0,wind_onshore,0.12588452206173384
4,24,2030,0,wind_onshore,0.11790185271577305
5,1,2030,0,demand,0.48627185169460757
5,2,2030,0,demand,0.46795742420201936
5,3,2030,0,demand,0.4508036981031235
5,4,2030,0,demand,0.4346334480831507
5,5,2030,0,demand,0.4217028134373234
5,6,2030,0,demand,0.4129582654469099
5,7,2030,0,demand,0.41094866019527787
5,8,2030,0,demand,0.4371314022643086
5,9,2030,0,demand,0.4675488452102482
5,10,2030,0,demand,0.4915346495554747
5,11,2030,0,demand,0.5025996932452005
5,12,2030,0,demand,0.4975613888752528
5,13,2030,0,demand,0.5065936099587937
5,14,2030,0,demand,0.5062299805763114
5,15,2030,0,demand,0.4968802715779983
5,16,2030,0,demand,0.4860019625781291
5,17,2030,0,demand,0.4772465307461599
5,18,2030,0,demand,0.4994216836501669
5,19,2030,0,demand,0.5307539774777801
5,20,2030,0,demand,0.5586224983005568
5,21,2030,0,demand,0.5709967595547952
5,22,2030,0,demand,0.5577648864131054
5,23,2030,0,demand,0.5212188650627586
5,24,2030,0,demand,0.5015699649274062
5,1,2030,0,solar,0.0
5,2,2030,0,solar,0.0
5,3,2030,0,solar,0.0
5,4,2030,0,solar,0.0
5,5,2030,0,solar,0.0
5,6,2030,0,solar,0.0
5,7,2030,0,solar,0.0
5,8,2030,0,solar,0.009245765598590985
5,9,2030,0,solar,0.06280982016155623
5,10,2030,0,solar,0.13170330202394065
5,11,2030,0,solar,0.2015170532622265
5,12,2030,0,solar,0.24092511311804715
5,13,2030,0,solar,0.24200408970715526
5,14,2030,0,solar,0.23710039059420543
5,15,2030,0,solar,0.22082988021506345
5,16,2030,0,solar,0.18351700204819177
5,17,2030,0,solar,0.12711057241836582
5,18,2030,0,solar,0.06390159534418256
5,19,2030,0,solar,0.004492779052845598
5,20,2030,0,solar,0.0
5,21,2030,0,solar,0.0
5,22,2030,0,solar,0.0
5,23,2030,0,solar,0.0
5,24,2030,0,solar,0.0
5,1,2030,0,wind_offshore,0.02037186038767904
5,2,2030,0,wind_offshore,0.038890002005864586
5,3,2030,0,wind_offshore,0.06185774711314916
5,4,2030,0,wind_offshore,0.09741859018530276
5,5,2030,0,wind_offshore,0.1421016584583534
5,6,2030,0,wind_offshore,0.1924014230672508
5,7,2030,0,wind_offshore,0.2556266956782306
5,8,2030,0,wind_offshore,0.34339194484526103
5,9,2030,0,wind_offshore,0.4540977374571262
5,10,2030,0,wind_offshore,0.5591386158577424
5,11,2030,0,wind_offshore,0.6169774655125578
5,12,2030,0,wind_offshore,0.6251457208454637
5,13,2030,0,wind_offshore,0.6213159153092065
5,14,2030,0,wind_offshore,0.6305469217014152
5,15,2030,0,wind_offshore,0.644532171397904
5,16,2030,0,wind_offshore,0.6527681162092678
5,17,2030,0,wind_offshore,0.6503245865155078
5,18,2030,0,wind_offshore,0.6446768525874461
5,19,2030,0,wind_offshore,0.6336933993195566
5,20,2030,0,wind_offshore,0.6355907374152077
5,21,2030,0,wind_offshore,0.6421994839074845
5,22,2030,0,wind_offshore,0.652973503365484
5,23,2030,0,wind_offshore,0.6550423034502431
5,24,2030,0,wind_offshore,0.6597939127579452
5,1,2030,0,wind_onshore,0.38381786725595474
5,2,2030,0,wind_onshore,0.3836023566704659
5,3,2030,0,wind_onshore,0.387319481338002
5,4,2030,0,wind_onshore,0.3805900311908155
5,5,2030,0,wind_onshore,0.38150487277773
5,6,2030,0,wind_onshore,0.38438844430153296
5,7,2030,0,wind_onshore,0.382249219914982
5,8,2030,0,wind_onshore,0.3885482702560508
5,9,2030,0,wind_onshore,0.38896317415981696
5,10,2030,0,wind_onshore,0.39728022356593473
5,11,2030,0,wind_onshore,0.45340824818058206
5,12,2030,0,wind_onshore,0.47413706378061415
5,13,2030,0,wind_onshore,0.47781164905337287
5,14,2030,0,wind_onshore,0.4682017369018234
5,15,2030,0,wind_onshore,0.45803354185959666
5,16,2030,0,wind_onshore,0.4310024468309593
5,17,2030,0,wind_onshore,0.41899175171891445
5,18,2030,0,wind_onshore,0.3936549347148212
5,19,2030,0,wind_onshore,0.3905717291029491
5,20,2030,0,wind_onshore,0.3821328293444198
5,21,2030,0,wind_onshore,0.3751762444942898
5,22,2030,0,wind_onshore,0.36914314078013305
5,23,2030,0,wind_onshore,0.31616900783143365
5,24,2030,0,wind_onshore,0.3177209227755658
6,1,2030,0,demand,0.4941605451961143
6,2,2030,0,demand,0.4795508943227094
6,3,2030,0,demand,0.45986253239540137
6,4,2030,0,demand,0.44087946489284696
6,5,2030,0,demand,0.4320926400759938
6,6,2030,0,demand,0.4306555391982266
6,7,2030,0,demand,0.44352925508406665
6,8,2030,0,demand,0.47093563470622685
6,9,2030,0,demand,0.517273268108821
6,10,2030,0,demand,0.5492880909071499
6,11,2030,0,demand,0.5648283071808169
6,12,2030,0,demand,0.5588770758405749
6,13,2030,0,demand,0.558923398766557
6,14,2030,0,demand,0.5566000758962638
6,15,2030,0,demand,0.5363316646772119
6,16,2030,0,demand,0.529446807918642
6,17,2030,0,demand,0.5180206817221745
6,18,2030,0,demand,0.5237667851414838
6,19,2030,0,demand,0.5506239228403783
6,20,2030,0,demand,0.5615300429676945
6,21,2030,0,demand,0.571376870659761
6,22,2030,0,demand,0.5485677674322808
6,23,2030,0,demand,0.5161180092895585
6,24,2030,0,demand,0.5020159389940339
6,1,2030,0,solar,0.0
6,2,2030,0,solar,0.0
6,3,2030,0,solar,0.0
6,4,2030,0,solar,0.0
6,5,2030,0,solar,0.0
6,6,2030,0,solar,0.0
6,7,2030,0,solar,0.0
6,8,2030,0,solar,0.0
6,9,2030,0,solar,0.031086967939530412
6,10,2030,0,solar,0.08050540985485755
6,11,2030,0,solar,0.13099868777490647
6,12,2030,0,solar,0.17552672999215835
6,13,2030,0,solar,0.1943185790971618
6,14,2030,0,solar,0.17475307054032854
6,15,2030,0,solar,0.13306500682911448
6,16,2030,0,solar,0.08159725816954275
6,17,2030,0,solar,0.030693725109824144
6,18,2030,0,solar,0.0
6,19,2030,0,solar,0.0
6,20,2030,0,solar,0.0
6,21,2030,0,solar,0.0
6,22,2030,0,solar,0.0
6,23,2030,0,solar,0.0
6,24,2030,0,solar,0.0
6,1,2030,0,wind_offshore,0.513833246844205
6,2,2030,0,wind_offshore,0.5195814957950627
6,3,2030,0,wind_offshore,0.49330281687737015
6,4,2030,0,wind_offshore,0.4394506785002815
6,5,2030,0,wind_offshore,0.3459614310582468
6,6,2030,0,wind_offshore,0.26847046858501744
6,7,2030,0,wind_offshore,0.20480257185840053
6,8,2030,0,wind_offshore,0.16288082323807593
6,9,2030,0,wind_offshore,0.11524321346816185
6,10,2030,0,wind_offshore,0.05700867952355464
6,11,2030,0,wind_offshore,0.02512302861466861
6,12,2030,0,wind_offshore,0.002712077943168685
6,13,2030,0,wind_offshore,1.3496831091865872e-5
6,14,2030,0,wind_offshore,0.0
6,15,2030,0,wind_offshore,0.00019036062065323815
6,16,2030,0,wind_offshore,0.006454968971145094
6,17,2030,0,wind_offshore,0.025885898321030058
6,18,2030,0,wind_offshore,0.0606770716354182
6,19,2030,0,wind_offshore,0.14827915749835247
6,20,2030,0,wind_offshore,0.3015744777872149
6,21,2030,0,wind_offshore,0.5045367126872558
6,22,2030,0,wind_offshore,0.6588254429948882
6,23,2030,0,wind_offshore,0.6716637356608743
6,24,2030,0,wind_offshore,0.6804344684857646
6,1,2030,0,wind_onshore,0.2637150610256448
6,2,2030,0,wind_onshore,0.2717476271632666
6,3,2030,0,wind_onshore,0.26765001538153316
6,4,2030,0,wind_onshore,0.2661583132631679
6,5,2030,0,wind_onshore,0.2616378573892099
6,6,2030,0,wind_onshore,0.25984781269312285
6,7,2030,0,wind_onshore,0.25299150446671087
6,8,2030,0,wind_onshore,0.2531827323321272
6,9,2030,0,wind_onshore,0.25275323795908744
6,10,2030,0,wind_onshore,0.2434775036788864
6,11,2030,0,wind_onshore,0.23880295090758222
6,12,2030,0,wind_onshore,0.27484477807010527
6,13,2030,0,wind_onshore,0.30794983831552514
6,14,2030,0,wind_onshore,0.3231214663185326
6,15,2030,0,wind_onshore,0.3202449858357934
6,16,2030,0,wind_onshore,0.2978048801504158
6,17,2030,0,wind_onshore,0.24594282358207833
6,18,2030,0,wind_onshore,0.21232289266702778
6,19,2030,0,wind_onshore,0.1967789814339082
6,20,2030,0,wind_onshore,0.19239312643622472
6,21,2030,0,wind_onshore,0.1858642670002056
6,22,2030,0,wind_onshore,0.18377490857506917
6,23,2030,0,wind_onshore,0.18540654533461035
6,24,2030,0,wind_onshore,0.20922320434272373
7,1,2030,0,demand,0.49446675068792584
7,2,2030,0,demand,0.48584822241184666
7,3,2030,0,demand,0.48735007490862736
7,4,2030,0,demand,0.4756514754318645
7,5,2030,0,demand,0.4688741515523371
7,6,2030,0,demand,0.46533688946979324
7,7,2030,0,demand,0.4674791173780227
7,8,2030,0,demand,0.4925464007018768
7,9,2030,0,demand,0.5192619802426143
7,10,2030,0,demand,0.5367721076733856
7,11,2030,0,demand,0.5377038293059937
7,12,2030,0,demand,0.5380029570008795
7,13,2030,0,demand,0.5307210926207669
7,14,2030,0,demand,0.5186937669714271
7,15,2030,0,demand,0.5025098519402139
7,16,2030,0,demand,0.49730557534112096
7,17,2030,0,demand,0.4898394569599392
7,18,2030,0,demand,0.4842275089243482
7,19,2030,0,demand,0.49250246069722303
7,20,2030,0,demand,0.5241370816707052
7,21,2030,0,demand,0.5319133352339636
7,22,2030,0,demand,0.5152192672879062
7,23,2030,0,demand,0.4915949394760142
7,24,2030,0,demand,0.48287793519470384
7,1,2030,0,solar,0.0
7,2,2030,0,solar,0.0
7,3,2030,0,solar,0.0
7,4,2030,0,solar,0.0
7,5,2030,0,solar,0.0
7,6,2030,0,solar,1.513999886204316e-5
7,7,2030,0,solar,0.025446300837535726
7,8,2030,0,solar,0.11210137291163222
7,9,2030,0,solar,0.20825130923479615
7,10,2030,0,solar,0.28425512863944064
7,11,2030,0,solar,0.3479148096481019
7,12,2030,0,solar,0.3965339253525266
7,13,2030,0,solar,0.43001116339938594
7,14,2030,0,solar,0.42790343264984226
7,15,2030,0,solar,0.4138448396006223
7,16,2030,0,solar,0.3624063985373866
7,17,2030,0,solar,0.28098178413513913
7,18,2030,0,solar,0.17463284045651434
7,19,2030,0,solar,0.05212634499684581
7,20,2030,0,solar,0.0013095985738731447
7,21,2030,0,solar,0.0
7,22,2030,0,solar,0.0
7,23,2030,0,solar,0.0
7,24,2030,0,solar,0.0
7,1,2030,0,wind_offshore,0.40788005093955043
7,2,2030,0,wind_offshore,0.5617434062281946
7,3,2030,0,wind_offshore,0.6510809203846043
7,4,2030,0,wind_offshore,0.6799229222757237
7,5,2030,0,wind_offshore,0.6758458669826959
7,6,2030,0,wind_offshore,0.681902803097771
7,7,2030,0,wind_offshore,0.6789310101644603
7,8,2030,0,wind_offshore,0.6730886372593137
7,9,2030,0,wind_offshore,0.6780106424584118
7,10,2030,0,wind_offshore,0.6955746342791113
7,11,2030,0,wind_offshore,0.6866503276814185
7,12,2030,0,wind_offshore,0.6838246894740565
7,13,2030,0,wind_offshore,0.6476403586745566
7,14,2030,0,wind_offshore,0.539942985987056
7,15,2030,0,wind_offshore,0.4228918005567467
7,16,2030,0,wind_offshore,0.3653960739744629
7,17,2030,0,wind_offshore,0.33002801896570694
7,18,2030,0,wind_offshore,0.2886696726155297
7,19,2030,0,wind_offshore,0.21529296727158798
7,20,2030,0,wind_offshore,0.1576732590461123
7,21,2030,0,wind_offshore,0.12002938164732962
7,22,2030,0,wind_offshore,0.08093750798700805
7,23,2030,0,wind_offshore,0.054278946830531784
7,24,2030,0,wind_offshore,0.04970219821624879
7,1,2030,0,wind_onshore,0.45957641018270806
7,2,2030,0,wind_onshore,0.46575082598549183
7,3,2030,0,wind_onshore,0.47270102756314375
7,4,2030,0,wind_onshore,0.48768455431231955
7,5,2030,0,wind_onshore,0.49640421285218755
7,6,2030,0,wind_onshore,0.5242882203611072
7,7,2030,0,wind_onshore,0.5443342244314178
7,8,2030,0,wind_onshore,0.5484478522796685
7,9,2030,0,wind_onshore,0.5920623001995446
7,10,2030,0,wind_onshore,0.5903545374252233
7,11,2030,0,wind_onshore,0.5581004804402185
7,12,2030,0,wind_onshore,0.5951125284617876
7,13,2030,0,wind_onshore,0.6040288052629286
7,14,2030,0,wind_onshore,0.6269013448161759
7,15,2030,0,wind_onshore,0.6254845210459513
7,16,2030,0,wind_onshore,0.6172754746640007
7,17,2030,0,wind_onshore,0.6118558276106734
7,18,2030,0,wind_onshore,0.6022924423917232
7,19,2030,0,wind_onshore,0.5804091606673722
7,20,2030,0,wind_onshore,0.5162449547583013
7,21,2030,0,wind_onshore,0.47577514627993883
7,22,2030,0,wind_onshore,0.4361140371924113
7,23,2030,0,wind_onshore,0.3720283736691006
7,24,2030,0,wind_onshore,0.3547446054824826
8,1,2030,0,demand,0.4750265300022921
8,2,2030,0,demand,0.47152591662560067
8,3,2030,0,demand,0.4553050366461691
8,4,2030,0,demand,0.43634404640853475
8,5,2030,0,demand,0.41786904397791
8,6,2030,0,demand,0.40056911706195003
8,7,2030,0,demand,0.40054207368530964
8,8,2030,0,demand,0.42000160473244597
8,9,2030,0,demand,0.45189652502465255
8,10,2030,0,demand,0.47745867462450325
8,11,2030,0,demand,0.49613769117587286
8,12,2030,0,demand,0.5123357840450178
8,13,2030,0,demand,0.5106002361803624
8,14,2030,0,demand,0.5058025944839725
8,15,2030,0,demand,0.5031364098808194
8,16,2030,0,demand,0.4834573273046371
8,17,2030,0,demand,0.48695474800182414
8,18,2030,0,demand,0.4993650181789004
8,19,2030,0,demand,0.5185033787513752
8,20,2030,0,demand,0.5347052299142281
8,21,2030,0,demand,0.5516666234621586
8,22,2030,0,demand,0.5506674495041896
8,23,2030,0,demand,0.5196626540230873
8,24,2030,0,demand,0.5115016319137917
8,1,2030,0,solar,0.0
8,2,2030,0,solar,0.0
8,3,2030,0,solar,0.0
8,4,2030,0,solar,0.0
8,5,2030,0,solar,0.0
8,6,2030,0,solar,0.0
8,7,2030,0,solar,0.0
8,8,2030,0,solar,0.0
8,9,2030,0,solar,0.018455973470450044
8,10,2030,0,solar,0.08139802784935977
8,11,2030,0,solar,0.13755863933486562
8,12,2030,0,solar,0.18976253337041193
8,13,2030,0,solar,0.23021894965030062
8,14,2030,0,solar,0.2311463019095205
8,15,2030,0,solar,0.1942463056737327
8,16,2030,0,solar,0.1363277473331478
8,17,2030,0,solar,0.061773182515489265
8,18,2030,0,solar,0.0
8,19,2030,0,solar,0.0
8,20,2030,0,solar,0.0
8,21,2030,0,solar,0.0
8,22,2030,0,solar,0.0
8,23,2030,0,solar,0.0
8,24,2030,0,solar,0.0
8,1,2030,0,wind_offshore,0.682805611373618
8,2,2030,0,wind_offshore,0.6895835572269537
8,3,2030,0,wind_offshore,0.6912575737267966
8,4,2030,0,wind_offshore,0.6805026759295161
8,5,2030,0,wind_offshore,0.5585622517290383
8,6,2030,0,wind_offshore,0.28962210018475915
8,7,2030,0,wind_offshore,0.08490717458130861
8,8,2030,0,wind_offshore,0.05903851048970834
8,9,2030,0,wind_offshore,0.3450378388245145
8,10,2030,0,wind_offshore,0.6463337013180988
8,11,2030,0,wind_offshore,0.6760523297442945
8,12,2030,0,wind_offshore,0.6738779985022025
8,13,2030,0,wind_offshore,0.6698668337328659
8,14,2030,0,wind_offshore,0.6605056533650829
8,15,2030,0,wind_offshore,0.6099670493668051
8,16,2030,0,wind_offshore,0.5328580400359432
8,17,2030,0,wind_offshore,0.5448013596518516
8,18,2030,0,wind_offshore,0.43867002306279923
8,19,2030,0,wind_offshore,0.367206869548782
8,20,2030,0,wind_offshore,0.34019971061033005
8,21,2030,0,wind_offshore,0.39701144286693885
8,22,2030,0,wind_offshore,0.4417075250882103
8,23,2030,0,wind_offshore,0.46161825623198
8,24,2030,0,wind_offshore,0.6194642417027286
8,1,2030,0,wind_onshore,0.5256633447129744
8,2,2030,0,wind_onshore,0.5355982988756925
8,3,2030,0,wind_onshore,0.5396378145576846
8,4,2030,0,wind_onshore,0.5352663901654222
8,5,2030,0,wind_onshore,0.5302450206821382
8,6,2030,0,wind_onshore,0.5299534232108546
8,7,2030,0,wind_onshore,0.5232142965790022
8,8,2030,0,wind_onshore,0.5178245561052525
8,9,2030,0,wind_onshore,0.5060231100483377
8,10,2030,0,wind_onshore,0.5079701681613725
8,11,2030,0,wind_onshore,0.48033099691186315
8,12,2030,0,wind_onshore,0.4999640546502593
8,13,2030,0,wind_onshore,0.5431514340245477
8,14,2030,0,wind_onshore,0.559209117330805
8,15,2030,0,wind_onshore,0.5397598893171381
8,16,2030,0,wind_onshore,0.5322955337510461
8,17,2030,0,wind_onshore,0.5148073967191198
8,18,2030,0,wind_onshore,0.49462910118928566
8,19,2030,0,wind_onshore,0.4779330279545561
8,20,2030,0,wind_onshore,0.4514965631599439
8,21,2030,0,wind_onshore,0.41977533516953663
8,22,2030,0,wind_onshore,0.3848901207326513
8,23,2030,0,wind_onshore,0.3604478428999912
8,24,2030,0,wind_onshore,0.34431258423503003
9,1,2030,0,demand,0.4355120210637815
9,2,2030,0,demand,0.42516193349869685
9,3,2030,0,demand,0.4150183218460963
9,4,2030,0,demand,0.39978976784859976
9,5,2030,0,demand,0.3948870270977896
9,6,2030,0,demand,0.3924458664433332
9,7,2030,0,demand,0.4008090249056187
9,8,2030,0,demand,0.4272976446938763
9,9,2030,0,demand,0.455810054674828
9,10,2030,0,demand,0.47723734290240294
9,11,2030,0,demand,0.4855132157158736
9,12,2030,0,demand,0.4844112811820361
9,13,2030,0,demand,0.4853450709696715
9,14,2030,0,demand,0.4716499670314886
9,15,2030,0,demand,0.4523273522939702
9,16,2030,0,demand,0.44732110265306224
9,17,2030,0,demand,0.44486031042707735
9,18,2030,0,demand,0.45030165330368066
9,19,2030,0,demand,0.4809902667910537
9,20,2030,0,demand,0.5172425991039675
9,21,2030,0,demand,0.5217866638387195
9,22,2030,0,demand,0.5077735618562568
9,23,2030,0,demand,0.4779631018885306
9,24,2030,0,demand,0.4714791134416843
9,1,2030,0,solar,0.0
9,2,2030,0,solar,0.0
9,3,2030,0,solar,0.0
9,4,2030,0,solar,0.0
9,5,2030,0,solar,0.0
9,6,2030,0,solar,0.0001259123115908882
9,7,2030,0,solar,0.02040798753663439
9,8,2030,0,solar,0.1448807819228469
9,9,2030,0,solar,0.2947902533538659
9,10,2030,0,solar,0.41571458482760293
9,11,2030,0,solar,0.48952888218827506
9,12,2030,0,solar,0.5328903193407732
9,13,2030,0,solar,0.5476015135456926
9,14,2030,0,solar,0.5421188753236441
9,15,2030,0,solar,0.4997123852889784
9,16,2030,0,solar,0.4236034943338937
9,17,2030,0,solar,0.3196056241293326
9,18,2030,0,solar,0.1836536184233338
9,19,2030,0,solar,0.05095936281969847
9,20,2030,0,solar,0.001507020089548553
9,21,2030,0,solar,0.0
9,22,2030,0,solar,0.0
9,23,2030,0,solar,0.0
9,24,2030,0,solar,0.0
9,1,2030,0,wind_offshore,0.04899267625467001
9,2,2030,0,wind_offshore,0.047772442762818605
9,3,2030,0,wind_offshore,0.04167274630833722
9,4,2030,0,wind_offshore,0.029986491932108884
9,5,2030,0,wind_offshore,0.018249078434805173
9,6,2030,0,wind_offshore,0.009298487706479681
9,7,2030,0,wind_offshore,0.010350015172776469
9,8,2030,0,wind_offshore,0.012734942870122097
9,9,2030,0,wind_offshore,0.019045099178558445
9,10,2030,0,wind_offshore,0.023783108751503006
9,11,2030,0,wind_offshore,0.02985473780725986
9,12,2030,0,wind_offshore,0.05325967982560468
9,13,2030,0,wind_offshore,0.06733784213086465
9,14,2030,0,wind_offshore,0.0772838204254167
9,15,2030,0,wind_offshore,0.07668272469836013
9,16,2030,0,wind_offshore,0.06712010840334842
9,17,2030,0,wind_offshore,0.10549850315719857
9,18,2030,0,wind_offshore,0.1607716253988771
9,19,2030,0,wind_offshore,0.22357348909886596
9,20,2030,0,wind_offshore,0.2870693240260822
9,21,2030,0,wind_offshore,0.32013316761135907
9,22,2030,0,wind_offshore,0.42100912907926785
9,23,2030,0,wind_offshore,0.423127689960205
9,24,2030,0,wind_offshore,0.3408814855586943
9,1,2030,0,wind_onshore,0.3414276319250375
9,2,2030,0,wind_onshore,0.3267782761592622
9,3,2030,0,wind_onshore,0.31104743835504534
9,4,2030,0,wind_onshore,0.298301547327011
9,5,2030,0,wind_onshore,0.2854026780497542
9,6,2030,0,wind_onshore,0.27130018478921336
9,7,2030,0,wind_onshore,0.253697766115783
9,8,2030,0,wind_onshore,0.2575616357459373
9,9,2030,0,wind_onshore,0.25299477268865667
9,10,2030,0,wind_onshore,0.2512999548847064
9,11,2030,0,wind_onshore,0.23450297818460278
9,12,2030,0,wind_onshore,0.22911090791504166
9,13,2030,0,wind_onshore,0.223227000435518
9,14,2030,0,wind_onshore,0.21375645641059904
9,15,2030,0,wind_onshore,0.21101624162333887
9,16,2030,0,wind_onshore,0.2096287781353875
9,17,2030,0,wind_onshore,0.2093832070947993
9,18,2030,0,wind_onshore,0.21011401672785082
9,19,2030,0,wind_onshore,0.20983871327121115
9,20,2030,0,wind_onshore,0.20441953510894043
9,21,2030,0,wind_onshore,0.199532980872773
9,22,2030,0,wind_onshore,0.1855612894790224
9,23,2030,0,wind_onshore,0.13855163822276745
9,24,2030,0,wind_onshore,0.1289419632867286
10,1,2030,0,demand,0.5366402177147508
10,2,2030,0,demand,0.5170274695275415
10,3,2030,0,demand,0.4985951210814311
10,4,2030,0,demand,0.480183641749052
10,5,2030,0,demand,0.47605252087842614
10,6,2030,0,demand,0.47404086547165175
10,7,2030,0,demand,0.48466129894552434
10,8,2030,0,demand,0.5152478185583141
10,9,2030,0,demand,0.5508386690246048
10,10,2030,0,demand,0.5785300074215451
10,11,2030,0,demand,0.5971346212836866
10,12,2030,0,demand,0.6102142299422242
10,13,2030,0,demand,0.6199976256708882
10,14,2030,0,demand,0.6178747330017079
10,15,2030,0,demand,0.6131214799677454
10,16,2030,0,demand,0.5996279710686313
10,17,2030,0,demand,0.6124294596560638
10,18,2030,0,demand,0.6300956111615216
10,19,2030,0,demand,0.6553700041141488
10,20,2030,0,demand,0.6687555774923678
10,21,2030,0,demand,0.6672011851597476
10,22,2030,0,demand,0.6442726120794906
10,23,2030,0,demand,0.6043116613043069
10,24,2030,0,demand,0.5648752325224452
10,1,2030,0,solar,0.0
10,2,2030,0,solar,0.0
10,3,2030,0,solar,0.0
10,4,2030,0,solar,0.0
10,5,2030,0,solar,0.0
10,6,2030,0,solar,0.0
10,7,2030,0,solar,0.0
10,8,2030,0,solar,0.0
10,9,2030,0,solar,0.0022398443318683717
10,10,2030,0,solar,0.026461924192661915
10,11,2030,0,solar,0.05021790814263514
10,12,2030,0,solar,0.07125075946033071
10,13,2030,0,solar,0.07927587066754077
10,14,2030,0,solar,0.06488626911605604
10,15,2030,0,solar,0.04386700510242408
10,16,2030,0,solar,0.024642814883265318
10,17,2030,0,solar,0.006501497856714647
10,18,2030,0,solar,0.0
10,19,2030,0,solar,0.0
10,20,2030,0,solar,0.0
10,21,2030,0,solar,0.0
10,22,2030,0,solar,0.0
10,23,2030,0,solar,0.0
10,24,2030,0,solar,0.0
10,1,2030,0,wind_offshore,0.6770526992473883
10,2,2030,0,wind_offshore,0.6678835914228104
10,3,2030,0,wind_offshore,0.6684831761468922
10,4,2030,0,wind_offshore,0.6666339812248092
10,5,2030,0,wind_offshore,0.65667403030543
10,6,2030,0,wind_offshore,0.6577935256901178
10,7,2030,0,wind_offshore,0.6688188461803243
10,8,2030,0,wind_offshore,0.6794001429879049
10,9,2030,0,wind_offshore,0.672454164794142
10,10,2030,0,wind_offshore,0.6653873198960072
10,11,2030,0,wind_offshore,0.6574683556647676
10,12,2030,0,wind_offshore,0.6480514046267134
10,13,2030,0,wind_offshore,0.6394415170721064
10,14,2030,0,wind_offshore,0.6255656920137335
10,15,2030,0,wind_offshore,0.6051245717292479
10,16,2030,0,wind_offshore,0.5887530247884902
10,17,2030,0,wind_offshore,0.5805657014767828
10,18,2030,0,wind_offshore,0.5582421474184146
10,19,2030,0,wind_offshore,0.5421451257562172
10,20,2030,0,wind_offshore,0.508203174809759
10,21,2030,0,wind_offshore,0.4375810938430015
10,22,2030,0,wind_offshore,0.33737044374839187
10,23,2030,0,wind_offshore,0.22639667051624754
10,24,2030,0,wind_offshore,0.15111975266580133
10,1,2030,0,wind_onshore,0.23184767178067386
10,2,2030,0,wind_onshore,0.23986398716611415
10,3,2030,0,wind_onshore,0.2494093410790037
10,4,2030,0,wind_onshore,0.2588090439155481
10,5,2030,0,wind_onshore,0.2691621103446774
10,6,2030,0,wind_onshore,0.26698367823841124
10,7,2030,0,wind_onshore,0.27068380558881755
10,8,2030,0,wind_onshore,0.2781381764810534
10,9,2030,0,wind_onshore,0.2845097438303636
10,10,2030,0,wind_onshore,0.2846183296106912
10,11,2030,0,wind_onshore,0.2691075858614711
10,12,2030,0,wind_onshore,0.27607053299181483
10,13,2030,0,wind_onshore,0.27443955170656886
10,14,2030,0,wind_onshore,0.2608386058982777
10,15,2030,0,wind_onshore,0.2521355821440071
10,16,2030,0,wind_onshore,0.24135527637683535
10,17,2030,0,wind_onshore,0.22696666123870668
10,18,2030,0,wind_onshore,0.20779784674042862
10,19,2030,0,wind_onshore,0.19002948854843982
10,20,2030,0,wind_onshore,0.16642668753110068
10,21,2030,0,wind_onshore,0.15002750614181312
10,22,2030,0,wind_onshore,0.1370825508344283
10,23,2030,0,wind_onshore,0.1135154928402697
10,24,2030,0,wind_onshore,0.11660648824800521
11,1,2030,0,demand,0.4767788393197413
11,2,2030,0,demand,0.47426657629040275
11,3,2030,0,demand,0.4721687757314541
11,4,2030,0,demand,0.46576480621261446
11,5,2030,0,demand,0.4794524633028034
11,6,2030,0,demand,0.5051337081184499
11,7,2030,0,demand,0.5438866432797521
11,8,2030,0,demand,0.5782317525408426
11,9,2030,0,demand,0.6062161996706139
11,10,2030,0,demand,0.623513352429329
11,11,2030,0,demand,0.6326868634899749
11,12,2030,0,demand,0.6323453025067162
11,13,2030,0,demand,0.6326336451539181
11,14,2030,0,demand,0.6183192337540157
11,15,2030,0,demand,0.6092868530489621
11,16,2030,0,demand,0.6107759773041559
11,17,2030,0,demand,0.6186823639103495
11,18,2030,0,demand,0.6267929399456765
11,19,2030,0,demand,0.6203343638409833
11,20,2030,0,demand,0.6118565945375848
11,21,2030,0,demand,0.575776040235604
11,22,2030,0,demand,0.538496493006507
11,23,2030,0,demand,0.5056480410361526
11,24,2030,0,demand,0.49881150362926213
11,1,2030,0,solar,0.0
11,2,2030,0,solar,0.0
11,3,2030,0,solar,0.0
11,4,2030,0,solar,0.0
11,5,2030,0,solar,0.0
11,6,2030,0,solar,0.0
11,7,2030,0,solar,0.0
11,8,2030,0,solar,0.04574298282038424
11,9,2030,0,solar,0.14658339746613777
11,10,2030,0,solar,0.24485833567558046
11,11,2030,0,solar,0.31586753399272427
11,12,2030,0,solar,0.358755041312556
11,13,2030,0,solar,0.3741136979666729
11,14,2030,0,solar,0.3669780688290782
11,15,2030,0,solar,0.3105904260910926
11,16,2030,0,solar,0.23135421757016184
11,17,2030,0,solar,0.13699497122461407
11,18,2030,0,solar,0.048287851532074696
11,19,2030,0,solar,0.0
11,20,2030,0,solar,0.0
11,21,2030,0,solar,0.0
11,22,2030,0,solar,0.0
11,23,2030,0,solar,0.0
11,24,2030,0,solar,0.0
11,1,2030,0,wind_offshore,0.003051199465604786
11,2,2030,0,wind_offshore,0.00035800171678939167
11,3,2030,0,wind_offshore,0.0
11,4,2030,0,wind_offshore,0.0
11,5,2030,0,wind_offshore,0.0
11,6,2030,0,wind_offshore,0.0
11,7,2030,0,wind_offshore,0.0
11,8,2030,0,wind_offshore,0.0
11,9,2030,0,wind_offshore,0.0
11,10,2030,0,wind_offshore,0.0026645810895995757
11,11,2030,0,wind_offshore,0.01496254302052962
11,12,2030,0,wind_offshore,0.051774159258641796
11,13,2030,0,wind_offshore,0.11624755406259844
11,14,2030,0,wind_offshore,0.22009914878928466
11,15,2030,0,wind_offshore,0.36120506422431126
11,16,2030,0,wind_offshore,0.47475580423979813
11,17,2030,0,wind_offshore,0.5342143316897847
11,18,2030,0,wind_offshore,0.5506447928737269
11,19,2030,0,wind_offshore,0.5560672478744119
11,20,2030,0,wind_offshore,0.5542049861045855
11,21,2030,0,wind_offshore,0.5873159243239144
11,22,2030,0,wind_offshore,0.5854979526034062
11,23,2030,0,wind_offshore,0.5995522313637255
11,24,2030,0,wind_offshore,0.5312498741070696
11,1,2030,0,wind_onshore,0.05398998696080589
11,2,2030,0,wind_onshore,0.05204745533063172
11,3,2030,0,wind_onshore,0.050401507089195094
11,4,2030,0,wind_onshore,0.05321247607637633
11,5,2030,0,wind_onshore,0.05539296446362658
11,6,2030,0,wind_onshore,0.06433781192084805
11,7,2030,0,wind_onshore,0.07000624242170937
11,8,2030,0,wind_onshore,0.0793841977616048
11,9,2030,0,wind_onshore,0.07628099394794938
11,10,2030,0,wind_onshore,0.07031186291763168
11,11,2030,0,wind_onshore,0.06720760040099204
11,12,2030,0,wind_onshore,0.09540514951720656
11,13,2030,0,wind_onshore,0.1371560114745731
11,14,2030,0,wind_onshore,0.17308472747449494
11,15,2030,0,wind_onshore,0.1971416090984864
11,16,2030,0,wind_onshore,0.18626836470761193
11,17,2030,0,wind_onshore,0.1565953703078239
11,18,2030,0,wind_onshore,0.11727708038213566
11,19,2030,0,wind_onshore,0.10829809093219916
11,20,2030,0,wind_onshore,0.11044033114326461
11,21,2030,0,wind_onshore,0.11467991213956749
11,22,2030,0,wind_onshore,0.11994317938007655
11,23,2030,0,wind_onshore,0.15244935348531147
11,24,2030,0,wind_onshore,0.14291433503416676
12,1,2030,0,demand,0.5217526365359083
12,2,2030,0,demand,0.5049184634791722
12,3,2030,0,demand,0.49156282369320625
12,4,2030,0,demand,0.4873671839932507
12,5,2030,0,demand,0.4968104670696536
12,6,2030,0,demand,0.5280671975223488
12,7,2030,0,demand,0.5717823532061812
12,8,2030,0,demand,0.6208435367431983
12,9,2030,0,demand,0.664733716667325
12,10,2030,0,demand,0.6823689338155032
12,11,2030,0,demand,0.6833549212762833
12,12,2030,0,demand,0.6745512886400478
12,13,2030,0,demand,0.6623074602375353
12,14,2030,0,demand,0.641342275532686
12,15,2030,0,demand,0.6287471811419046
12,16,2030,0,demand,0.6160723184101617
12,17,2030,0,demand,0.6185713340504929
12,18,2030,0,demand,0.643883004272513
12,19,2030,0,demand,0.6805967734654018
12,20,2030,0,demand,0.7097288550650768
12,21,2030,0,demand,0.7165348125892886
12,22,2030,0,demand,0.6691571793914879
12,23,2030,0,demand,0.6128350317208273
12,24,2030,0,demand,0.5882627263753847
12,1,2030,0,solar,0.0
12,2,2030,0,solar,0.0
12,3,2030,0,solar,0.0
12,4,2030,0,solar,0.0
12,5,2030,0,solar,0.0
12,6,2030,0,solar,0.0
12,7,2030,0,solar,0.0
12,8,2030,0,solar,0.0
12,9,2030,0,solar,0.021106142745385602
12,10,2030,0,solar,0.06845268830038859
12,11,2030,0,solar,0.1082230168236426
12,12,2030,0,solar,0.14667589519549537
12,13,2030,0,solar,0.16157345811659873
12,14,2030,0,solar,0.1523788943757747
12,15,2030,0,solar,0.14189409088432686
12,16,2030,0,solar,0.12054453542408879
12,17,2030,0,solar,0.07899322961773408
12,18,2030,0,solar,0.023243597418737567
12,19,2030,0,solar,0.0
12,20,2030,0,solar,0.0
12,21,2030,0,solar,0.0
12,22,2030,0,solar,0.0
12,23,2030,0,solar,0.0
12,24,2030,0,solar,0.0
12,1,2030,0,wind_offshore,0.5948655167233559
12,2,2030,0,wind_offshore,0.5106740612371725
12,3,2030,0,wind_offshore,0.31449510976488304
12,4,2030,0,wind_offshore,0.13949361205618516
12,5,2030,0,wind_offshore,0.06348321114697195
12,6,2030,0,wind_offshore,0.03778382710353825
12,7,2030,0,wind_offshore,0.06507065031348584
12,8,2030,0,wind_offshore,0.08222111924349249
12,9,2030,0,wind_offshore,0.04198268773664704
12,10,2030,0,wind_offshore,0.007684500356974632
12,11,2030,0,wind_offshore,0.003561627075045182
12,12,2030,0,wind_offshore,8.234210461182862e-5
12,13,2030,0,wind_offshore,0.0
12,14,2030,0,wind_offshore,0.0
12,15,2030,0,wind_offshore,0.0
12,16,2030,0,wind_offshore,0.0005953866396726086
12,17,2030,0,wind_offshore,0.00017898721861597106
12,18,2030,0,wind_offshore,0.0028377434119286685
12,19,2030,0,wind_offshore,0.00844861677865767
12,20,2030,0,wind_offshore,0.01914914291777464
12,21,2030,0,wind_offshore,0.022208723463019782
12,22,2030,0,wind_offshore,0.05038831800123871
12,23,2030,0,wind_offshore,0.12007827330361948
12,24,2030,0,wind_offshore,0.16486010421921027
12,1,2030,0,wind_onshore,0.4467086568054461
12,2,2030,0,wind_onshore,0.4413115006554841
12,3,2030,0,wind_onshore,0.4231860030223074
12,4,2030,0,wind_onshore,0.40357721859405604
12,5,2030,0,wind_onshore,0.3861659131757268
12,6,2030,0,wind_onshore,0.3568411060848171
12,7,2030,0,wind_onshore,0.32066468521933894
12,8,2030,0,wind_onshore,0.29517007220944097
12,9,2030,0,wind_onshore,0.2694298214134017
12,10,2030,0,wind_onshore,0.27159307190601206
12,11,2030,0,wind_onshore,0.26228622646676253
12,12,2030,0,wind_onshore,0.2778487683917165
12,13,2030,0,wind_onshore,0.29001691239278743
12,14,2030,0,wind_onshore,0.2694745460847604
12,15,2030,0,wind_onshore,0.25549948170587616
12,16,2030,0,wind_onshore,0.23495541067818856
12,17,2030,0,wind_onshore,0.21940511847939195
12,18,2030,0,wind_onshore,0.19732056757643865
12,19,2030,0,wind_onshore,0.19123224398058722
12,20,2030,0,wind_onshore,0.18594556692612446
12,21,2030,0,wind_onshore,0.1752966735147592
12,22,2030,0,wind_onshore,0.1546168921432177
12,23,2030,0,wind_onshore,0.1441737076935062
12,24,2030,0,wind_onshore,0.1397730421433486
13,1,2030,0,demand,0.4620266263919935
13,2,2030,0,demand,0.45421322054448965
13,3,2030,0,demand,0.4467350694258944
13,4,2030,0,demand,0.4348470230632704
13,5,2030,0,demand,0.43570040350361816
13,6,2030,0,demand,0.43279275547865503
13,7,2030,0,demand,0.4431178806985023
13,8,2030,0,demand,0.4700899228666812
13,9,2030,0,demand,0.4904454998338277
13,10,2030,0,demand,0.519169804153825
13,11,2030,0,demand,0.5266905555781318
13,12,2030,0,demand,0.5261015759217199
13,13,2030,0,demand,0.5243316893337292
13,14,2030,0,demand,0.5177177127011092
13,15,2030,0,demand,0.4951025037470737
13,16,2030,0,demand,0.48643559582941187
13,17,2030,0,demand,0.48645940709033686
13,18,2030,0,demand,0.5002346605677612
13,19,2030,0,demand,0.5171472986078588
13,20,2030,0,demand,0.5325837747261042
13,21,2030,0,demand,0.5324172326328795
13,22,2030,0,demand,0.5182957105755099
13,23,2030,0,demand,0.4808429838667902
13,24,2030,0,demand,0.4789136722741272
13,1,2030,0,solar,0.0
13,2,2030,0,solar,0.0
13,3,2030,0,solar,0.0
13,4,2030,0,solar,0.0
13,5,2030,0,solar,0.0
13,6,2030,0,solar,0.00029571279153622703
13,7,2030,0,solar,0.02685549536861031
13,8,2030,0,solar,0.14595364135476757
13,9,2030,0,solar,0.2879700555392353
13,10,2030,0,solar,0.40542111391262514
13,11,2030,0,solar,0.4764368703172702
13,12,2030,0,solar,0.5287519676102514
13,13,2030,0,solar,0.554722446094256
13,14,2030,0,solar,0.5364699310952222
13,15,2030,0,solar,0.5125984582462582
13,16,2030,0,solar,0.4414998122671685
13,17,2030,0,solar,0.33892501634514277
13,18,2030,0,solar,0.20263447078083172
13,19,2030,0,solar,0.05986473490821077
13,20,2030,0,solar,0.000911023862814191
13,21,2030,0,solar,0.0
13,22,2030,0,solar,0.0
13,23,2030,0,solar,0.0
13,24,2030,0,solar,0.0
13,1,2030,0,wind_offshore,0.032960374999147786
13,2,2030,0,wind_offshore,0.043515164307511
13,3,2030,0,wind_offshore,0.061538697965494764
13,4,2030,0,wind_offshore,0.08949657185158116
13,5,2030,0,wind_offshore,0.1548535266541823
13,6,2030,0,wind_offshore,0.259029550230429
13,7,2030,0,wind_offshore,0.3755156209107452
13,8,2030,0,wind_offshore,0.4873301011163625
13,9,2030,0,wind_offshore,0.5541727394902882
13,10,2030,0,wind_offshore,0.6108469405474425
13,11,2030,0,wind_offshore,0.5662516617597664
13,12,2030,0,wind_offshore,0.5923956666059327
13,13,2030,0,wind_offshore,0.6298269364620896
13,14,2030,0,wind_offshore,0.6513776333376161
13,15,2030,0,wind_offshore,0.665269413315649
13,16,2030,0,wind_offshore,0.6808064611192461
13,17,2030,0,wind_offshore,0.686348043746686
13,18,2030,0,wind_offshore,0.6842462932533964
13,19,2030,0,wind_offshore,0.689760187930943
13,20,2030,0,wind_offshore,0.6988583325712785
13,21,2030,0,wind_offshore,0.694545815098412
13,22,2030,0,wind_offshore,0.6893839055806488
13,23,2030,0,wind_offshore,0.6804746538961584
13,24,2030,0,wind_offshore,0.6768730723935735
13,1,2030,0,wind_onshore,0.17293126698882527
13,2,2030,0,wind_onshore,0.16442854859798262
13,3,2030,0,wind_onshore,0.15615258664495615
13,4,2030,0,wind_onshore,0.14950681992232825
13,5,2030,0,wind_onshore,0.14972330976631607
13,6,2030,0,wind_onshore,0.15490680481655678
13,7,2030,0,wind_onshore,0.15354909865495567
13,8,2030,0,wind_onshore,0.15874445910306928
13,9,2030,0,wind_onshore,0.16345588744267248
13,10,2030,0,wind_onshore,0.17352375317038857
13,11,2030,0,wind_onshore,0.1582323236867984
13,12,2030,0,wind_onshore,0.1620224638207925
13,13,2030,0,wind_onshore,0.16292128267051706
13,14,2030,0,wind_onshore,0.16925280366939058
13,15,2030,0,wind_onshore,0.18283159317412911
13,16,2030,0,wind_onshore,0.19312657718417922
13,17,2030,0,wind_onshore,0.2072887469706098
13,18,2030,0,wind_onshore,0.22421862837528306
13,19,2030,0,wind_onshore,0.2450859663089753
13,20,2030,0,wind_onshore,0.27051104607399884
13,21,2030,0,wind_onshore,0.28689494509179236
13,22,2030,0,wind_onshore,0.27593802680202273
13,23,2030,0,wind_onshore,0.2594013571031715
13,24,2030,0,wind_onshore,0.2392837404828923
14,1,2030,0,demand,0.5126545752447189
14,2,2030,0,demand,0.5031912915456969
14,3,2030,0,demand,0.48624477366633034
14,4,2030,0,demand,0.47179394379605344
14,5,2030,0,demand,0.47362867789677415
14,6,2030,0,demand,0.47516612063390234
14,7,2030,0,demand,0.4800753047304826
14,8,2030,0,demand,0.5097664733204266
14,9,2030,0,demand,0.5487169941682376
14,10,2030,0,demand,0.5849889458015016
14,11,2030,0,demand,0.6108208762478973
14,12,2030,0,demand,0.6102418264151828
14,13,2030,0,demand,0.6158432032486085
14,14,2030,0,demand,0.6110784846450632
14,15,2030,0,demand,0.5949373575439125
14,16,2030,0,demand,0.5855157589240928
14,17,2030,0,demand,0.5775627527498773
14,18,2030,0,demand,0.579054582223255
14,19,2030,0,demand,0.587663065171547
14,20,2030,0,demand,0.6026766012589754
14,21,2030,0,demand,0.6269609504810514
14,22,2030,0,demand,0.6098130952186892
14,23,2030,0,demand,0.5728227971863812
14,24,2030,0,demand,0.5469967363906686
14,1,2030,0,solar,0.0
14,2,2030,0,solar,0.0
14,3,2030,0,solar,0.0
14,4,2030,0,solar,0.0
14,5,2030,0,solar,0.0
14,6,2030,0,solar,0.0
14,7,2030,0,solar,0.0
14,8,2030,0,solar,5.5118022136963e-5
14,9,2030,0,solar,0.06416650092969554
14,10,2030,0,solar,0.15239919927744947
14,11,2030,0,solar,0.2297180818984126
14,12,2030,0,solar,0.2922204917220721
14,13,2030,0,solar,0.3238111550058718
14,14,2030,0,solar,0.31491569353739784
14,15,2030,0,solar,0.2546741866128643
14,16,2030,0,solar,0.16131090781057986
14,17,2030,0,solar,0.06259772373237134
14,18,2030,0,solar,0.0
14,19,2030,0,solar,0.0
14,20,2030,0,solar,0.0
14,21,2030,0,solar,0.0
14,22,2030,0,solar,0.0
14,23,2030,0,solar,0.0
14,24,2030,0,solar,0.0
14,1,2030,0,wind_offshore,0.018717481379671736
14,2,2030,0,wind_offshore,0.007106837012422478
14,3,2030,0,wind_offshore,0.0015502327021786786
14,4,2030,0,wind_offshore,0.0
14,5,2030,0,wind_offshore,0.0
14,6,2030,0,wind_offshore,0.00022880135453842043
14,7,2030,0,wind_offshore,0.008341002526131956
14,8,2030,0,wind_offshore,0.02490642778864321
14,9,2030,0,wind_offshore,0.053637806830008315
14,10,2030,0,wind_offshore,0.0818438007564008
14,11,2030,0,wind_offshore,0.17194497617400412
14,12,2030,0,wind_offshore,0.180233899104435
14,13,2030,0,wind_offshore,0.15034059907558586
14,14,2030,0,wind_offshore,0.11761478700556133
14,15,2030,0,wind_offshore,0.08680245386878091
14,16,2030,0,wind_offshore,0.05462542072088271
14,17,2030,0,wind_offshore,0.021776730928406637
14,18,2030,0,wind_offshore,0.0020879303829139245
14,19,2030,0,wind_offshore,0.0
14,20,2030,0,wind_offshore,0.000520975230298864
14,21,2030,0,wind_offshore,0.013919027218852922
14,22,2030,0,wind_offshore,0.022938620687449576
14,23,2030,0,wind_offshore,0.03465262583963575
14,24,2030,0,wind_offshore,0.01788578662489591
14,1,2030,0,wind_onshore,0.14698319064331206
14,2,2030,0,wind_onshore,0.144923537571902
14,3,2030,0,wind_onshore,0.13913363441504017
14,4,2030,0,wind_onshore,0.1393738346520017
14,5,2030,0,wind_onshore,0.14771615422880469
14,6,2030,0,wind_onshore,0.15677766973871357
14,7,2030,0,wind_onshore,0.17455939483417296
14,8,2030,0,wind_onshore,0.19108253837740372
14,9,2030,0,wind_onshore,0.20435271520534257
14,10,2030,0,wind_onshore,0.20977394731821059
14,11,2030,0,wind_onshore,0.20836630855341537
14,12,2030,0,wind_onshore,0.24516132968882462
14,13,2030,0,wind_onshore,0.28879921631093075
14,14,2030,0,wind_onshore,0.3188949728101522
14,15,2030,0,wind_onshore,0.3390049441360913
14,16,2030,0,wind_onshore,0.3634018196951464
14,17,2030,0,wind_onshore,0.38804031603582295
14,18,2030,0,wind_onshore,0.4085984700285864
14,19,2030,0,wind_onshore,0.42305340467313857
14,20,2030,0,wind_onshore,0.42419322054613057
14,21,2030,0,wind_onshore,0.40820731669865074
14,22,2030,0,wind_onshore,0.4091267900286545
14,23,2030,0,wind_onshore,0.400284022882732
14,24,2030,0,wind_onshore,0.4102068565818638
15,1,2030,0,demand,0.5166634378593729
15,2,2030,0,demand,0.5007589475420052
15,3,2030,0,demand,0.48913496532381406
15,4,2030,0,demand,0.47549131517894194
15,5,2030,0,demand,0.4877913778810286
15,6,2030,0,demand,0.5157060468397422
15,7,2030,0,demand,0.5546459577692966
15,8,2030,0,demand,0.6005724460917928
15,9,2030,0,demand,0.6296699156125407
15,10,2030,0,demand,0.6433477902231949
15,11,2030,0,demand,0.663549950438478
15,12,2030,0,demand,0.6546574498827592
15,13,2030,0,demand,0.6435774203533626
15,14,2030,0,demand,0.6313819996992837
15,15,2030,0,demand,0.6164929686128257
15,16,2030,0,demand,0.615102840316222
15,17,2030,0,demand,0.6192772401495119
15,18,2030,0,demand,0.6426502901558648
15,19,2030,0,demand,0.6677920593790793
15,20,2030,0,demand,0.6928181887066951
15,21,2030,0,demand,0.6806678963195758
15,22,2030,0,demand,0.6386576244767131
15,23,2030,0,demand,0.599231556691556
15,24,2030,0,demand,0.5760928003658681
15,1,2030,0,solar,0.0
15,2,2030,0,solar,0.0
15,3,2030,0,solar,0.0
15,4,2030,0,solar,0.0
15,5,2030,0,solar,0.0
15,6,2030,0,solar,0.0
15,7,2030,0,solar,0.0
15,8,2030,0,solar,0.0
15,9,2030,0,solar,0.04050001623692417
15,10,2030,0,solar,0.12223471466677188
15,11,2030,0,solar,0.19927903631135413
15,12,2030,0,solar,0.24748280791421015
15,13,2030,0,solar,0.26700055332549383
15,14,2030,0,solar,0.25586318085029747
15,15,2030,0,solar,0.22247172097909712
15,16,2030,0,solar,0.16093971945852983
15,17,2030,0,solar,0.07901001051967886
15,18,2030,0,solar,0.011822151676890756
15,19,2030,0,solar,0.0
15,20,2030,0,solar,0.0
15,21,2030,0,solar,0.0
15,22,2030,0,solar,0.0
15,23,2030,0,solar,0.0
15,24,2030,0,solar,0.0
15,1,2030,0,wind_offshore,0.6365807517305283
15,2,2030,0,wind_offshore,0.6255832228189179
15,3,2030,0,wind_offshore,0.6275316622446256
15,4,2030,0,wind_offshore,0.6402030931299335
15,5,2030,0,wind_offshore,0.6402168584125101
15,6,2030,0,wind_offshore,0.6517672688302552
15,7,2030,0,wind_offshore,0.6542222444875255
15,8,2030,0,wind_offshore,0.6454987859403305
15,9,2030,0,wind_offshore,0.5214111790718563
15,10,2030,0,wind_offshore,0.20754405303421683
15,11,2030,0,wind_offshore,0.04123117332327487
15,12,2030,0,wind_offshore,0.01974386068032477
15,13,2030,0,wind_offshore,0.06169740652504279
15,14,2030,0,wind_offshore,0.1519550448039647
15,15,2030,0,wind_offshore,0.24050687892851672
15,16,2030,0,wind_offshore,0.2702859502041636
15,17,2030,0,wind_offshore,0.3397424536456732
15,18,2030,0,wind_offshore,0.2795197819373931
15,19,2030,0,wind_offshore,0.16635404403751353
15,20,2030,0,wind_offshore,0.09248445192206614
15,21,2030,0,wind_offshore,0.05693434648091955
15,22,2030,0,wind_offshore,0.017949492798563563
15,23,2030,0,wind_offshore,0.00041384544198813124
15,24,2030,0,wind_offshore,0.0
15,1,2030,0,wind_onshore,0.45815449834344757
15,2,2030,0,wind_onshore,0.45619507625278233
15,3,2030,0,wind_onshore,0.45281105143402567
15,4,2030,0,wind_onshore,0.44217651676088415
15,5,2030,0,wind_onshore,0.44220859783246375
15,6,2030,0,wind_onshore,0.44860616303940865
15,7,2030,0,wind_onshore,0.45726304051411026
15,8,2030,0,wind_onshore,0.4644703834350724
15,9,2030,0,wind_onshore,0.47286963598003745
15,10,2030,0,wind_onshore,0.4817378909991378
15,11,2030,0,wind_onshore,0.47404763773028963
15,12,2030,0,wind_onshore,0.48195611869516847
15,13,2030,0,wind_onshore,0.4764266490625867
15,14,2030,0,wind_onshore,0.4817190477007142
15,15,2030,0,wind_onshore,0.47751161313627455
15,16,2030,0,wind_onshore,0.4633210641880682
15,17,2030,0,wind_onshore,0.4423230722483335
15,18,2030,0,wind_onshore,0.42997023305775744
15,19,2030,0,wind_onshore,0.42029138003205124
15,20,2030,0,wind_onshore,0.4028678350891744
15,21,2030,0,wind_onshore,0.38165914911066273
15,22,2030,0,wind_onshore,0.3691192426929114
15,23,2030,0,wind_onshore,0.33916953145581513
15,24,2030,0,wind_onshore,0.32226076963442885
16,1,2030,1,demand,0.478024287050379
16,2,2030,1,demand,0.45661691448349
16,3,2030,1,demand,0.4431144772653569
16,4,2030,1,demand,0.4278880835949367
16,5,2030,1,demand,0.41952573686133954
16,6,2030,1,demand,0.41079651171442527
16,7,2030,1,demand,0.4162674669552048
16,8,2030,1,demand,0.4449331684919516
16,9,2030,1,demand,0.4819257636067073
16,10,2030,1,demand,0.5093516925091889
16,11,2030,1,demand,0.518444588749419
16,12,2030,1,demand,0.5218680434630805
16,13,2030,1,demand,0.524375530603687
16,14,2030,1,demand,0.5128387045192445
16,15,2030,1,demand,0.5000192281701629
16,16,2030,1,demand,0.4801205692293846
16,17,2030,1,demand,0.48115610481525933
16,18,2030,1,demand,0.4985802576304971
16,19,2030,1,demand,0.530935760860364
16,20,2030,1,demand,0.5615151551065076
16,21,2030,1,demand,0.5781361947176976
16,22,2030,1,demand,0.5672972600989086
16,23,2030,1,demand,0.5233242808889265
16,24,2030,1,demand,0.5023953456032122
16,1,2030,1,solar,0.0
16,2,2030,1,solar,0.0
16,3,2030,1,solar,0.0
16,4,2030,1,solar,0.0
16,5,2030,1,solar,0.0
16,6,2030,1,solar,0.0
16,7,2030,1,solar,0.0
16,8,2030,1,solar,0.0007744660857441036
16,9,2030,1,solar,0.16333385205904621
16,10,2030,1,solar,0.3950176268570428
16,11,2030,1,solar,0.6247674970097103
16,12,2030,1,solar,0.7976369438441253
16,13,2030,1,solar,0.8840087920147783
16,14,2030,1,solar,0.8907568123992151
16,15,2030,1,solar,0.7851255777115647
16,16,2030,1,solar,0.6279175430196922
16,17,2030,1,solar,0.41182748513964856
16,18,2030,1,solar,0.1644706861867438
16,19,2030,1,solar,0.0
16,20,2030,1,solar,0.0
16,21,2030,1,solar,0.0
16,22,2030,1,solar,0.0
16,23,2030,1,solar,0.0
16,24,2030,1,solar,0.0
16,1,2030,1,wind_offshore,1.2056313336286864
16,2,2030,1,wind_offshore,1.201766723360475
16,3,2030,1,wind_offshore,1.1727034059517738
16,4,2030,1,wind_offshore,1.1846490735168727
16,5,2030,1,wind_offshore,1.1754373857196918
16,6,2030,1,wind_offshore,1.1851122183451368
16,7,2030,1,wind_offshore,1.2334175487468495
16,8,2030,1,wind_offshore,1.2413142282805811
16,9,2030,1,wind_offshore,1.2588217905100068
16,10,2030,1,wind_offshore,1.2388712817600118
16,11,2030,1,wind_offshore,1.2487906748373014
16,12,2030,1,wind_offshore,1.2444754274254717
16,13,2030,1,wind_offshore,1.2406330470119753
16,14,2030,1,wind_offshore,1.232968514025461
16,15,2030,1,wind_offshore,1.2131841802017482
16,16,2030,1,wind_offshore,1.2006685653849094
16,17,2030,1,wind_offshore,1.1886219526601136
16,18,2030,1,wind_offshore,1.191173211126125
16,19,2030,1,wind_offshore,1.189772384664211
16,20,2030,1,wind_offshore,1.1969588972613174
16,21,2030,1,wind_offshore,1.2092689695431467
16,22,2030,1,wind_offshore,1.2232260784796207
16,23,2030,1,wind_offshore,1.229694992520722
16,24,2030,1,wind_offshore,1.2286337162036263
16,1,2030,1,wind_onshore,0.8022901607377492
16,2,2030,1,wind_onshore,0.7814743572928169
16,3,2030,1,wind_onshore,0.765610022492235
16,4,2030,1,wind_onshore,0.7360814157856319
16,5,2030,1,wind_onshore,0.736443663369111
16,6,2030,1,wind_onshore,0.7229998608952712
16,7,2030,1,wind_onshore,0.7168439830896706
16,8,2030,1,wind_onshore,0.7250108487092862
16,9,2030,1,wind_onshore,0.7335059635589529
16,10,2030,1,wind_onshore,0.7503394980252444
16,11,2030,1,wind_onshore,0.821102465774866
16,12,2030,1,wind_onshore,0.871435169634389
16,13,2030,1,wind_onshore,0.9340961446362853
16,14,2030,1,wind_onshore,0.9929627034620075
16,15,2030,1,wind_onshore,1.0299857054658792
16,16,2030,1,wind_onshore,1.0932481292830218
16,17,2030,1,wind_onshore,1.1235156423143169
16,18,2030,1,wind_onshore,1.102872466233782
16,19,2030,1,wind_onshore,1.0758317918301235
16,20,2030,1,wind_onshore,1.0896340654843137
16,21,2030,1,wind_onshore,1.107217877931392
16,22,2030,1,wind_onshore,1.092241864165038
16,23,2030,1,wind_onshore,1.1458434308206678
16,24,2030,1,wind_onshore,1.157508358368162
17,1,2030,1,demand,0.537006255424984
17,2,2030,1,demand,0.5215959182975579
17,3,2030,1,demand,0.5185293150336683
17,4,2030,1,demand,0.5117013777197461
17,5,2030,1,demand,0.5135022944576015
17,6,2030,1,demand,0.5317812215362135
17,7,2030,1,demand,0.5624947519144134
17,8,2030,1,demand,0.6118311634983428
17,9,2030,1,demand,0.6577086730348273
17,10,2030,1,demand,0.6975764193843291
17,11,2030,1,demand,0.7273936167582085
17,12,2030,1,demand,0.7595157775297195
17,13,2030,1,demand,0.7573253998961156
17,14,2030,1,demand,0.7491004877982664
17,15,2030,1,demand,0.7514692029023211
17,16,2030,1,demand,0.7501175347095317
17,17,2030,1,demand,0.746016053399746
17,18,2030,1,demand,0.7246734621872176
17,19,2030,1,demand,0.7186581665621132
17,20,2030,1,demand,0.7126220449431911
17,21,2030,1,demand,0.6887404671148387
17,22,2030,1,demand,0.6452455565027174
17,23,2030,1,demand,0.6019809683092943
17,24,2030,1,demand,0.5870103157812583
17,1,2030,1,solar,0.0
17,2,2030,1,solar,0.0
17,3,2030,1,solar,0.0
17,4,2030,1,solar,0.0
17,5,2030,1,solar,0.0
17,6,2030,1,solar,0.0002948778210566987
17,7,2030,1,solar,0.05639717260061817
17,8,2030,1,solar,0.2357725377205871
17,9,2030,1,solar,0.44516172086349276
17,10,2030,1,solar,0.6589654855161216
17,11,2030,1,solar,0.7728958859268461
17,12,2030,1,solar,0.8111498219108557
17,13,2030,1,solar,0.7641076835646199
17,14,2030,1,solar,0.735934281522419
17,15,2030,1,solar,0.6700390819847806
17,16,2030,1,solar,0.5608218163010383
17,17,2030,1,solar,0.44528591476737506
17,18,2030,1,solar,0.3059445911920371
17,19,2030,1,solar,0.13674633176226683
17,20,2030,1,solar,0.01742767837466252
17,21,2030,1,solar,0.0
17,22,2030,1,solar,0.0
17,23,2030,1,solar,0.0
17,24,2030,1,solar,0.0
17,1,2030,1,wind_offshore,0.0
17,2,2030,1,wind_offshore,0.0
17,3,2030,1,wind_offshore,0.0
17,4,2030,1,wind_offshore,0.0
17,5,2030,1,wind_offshore,0.0
17,6,2030,1,wind_offshore,0.00036417466696430224
17,7,2030,1,wind_offshore,0.0001223292381888149
17,8,2030,1,wind_offshore,0.0
17,9,2030,1,wind_offshore,0.00027105941001495535
17,10,2030,1,wind_offshore,0.0007850919905615791
17,11,2030,1,wind_offshore,0.0
17,12,2030,1,wind_offshore,0.0
17,13,2030,1,wind_offshore,0.0
17,14,2030,1,wind_offshore,0.0
17,15,2030,1,wind_offshore,0.00020941025228210654
17,16,2030,1,wind_offshore,0.0015821295013350777
17,17,2030,1,wind_offshore,0.008565113172282484
17,18,2030,1,wind_offshore,0.013277786812540548
17,19,2030,1,wind_offshore,0.02500749050723887
17,20,2030,1,wind_offshore,0.029715099451669873
17,21,2030,1,wind_offshore,0.045718049534542185
17,22,2030,1,wind_offshore,0.04990564749519379
17,23,2030,1,wind_offshore,0.010359713138775201
17,24,2030,1,wind_offshore,0.001810456262896761
17,1,2030,1,wind_onshore,0.06502679263343958
17,2,2030,1,wind_onshore,0.06132770866812916
17,3,2030,1,wind_onshore,0.0564070444056069
17,4,2030,1,wind_onshore,0.0493181763997604
17,5,2030,1,wind_onshore,0.04157117714439691
17,6,2030,1,wind_onshore,0.03678361138258896
17,7,2030,1,wind_onshore,0.0336879278146935
17,8,2030,1,wind_onshore,0.018933311972705077
17,9,2030,1,wind_onshore,0.016329183956224527
17,10,2030,1,wind_onshore,0.01723049662812588
17,11,2030,1,wind_onshore,0.01846439952933854
17,12,2030,1,wind_onshore,0.027150563183477
17,13,2030,1,wind_onshore,0.041052762720172116
17,14,2030,1,wind_onshore,0.057238822137474166
17,15,2030,1,wind_onshore,0.07722579862905636
17,16,2030,1,wind_onshore,0.09629677619506068
17,17,2030,1,wind_onshore,0.11221780140038154
17,18,2030,1,wind_onshore,0.12984773971952893
17,19,2030,1,wind_onshore,0.13473730717271237
17,20,2030,1,wind_onshore,0.09648990212254015
17,21,2030,1,wind_onshore,0.08462202029107117
17,22,2030,1,wind_onshore,0.07916923591875595
17,23,2030,1,wind_onshore,0.07588357599107537
17,24,2030,1,wind_onshore,0.0769432330406367
18,1,2030,1,demand,0.4653984145397963
18,2,2030,1,demand,0.4658198612237754
18,3,2030,1,demand,0.4520726842134369
18,4,2030,1,demand,0.44349684222143515
18,5,2030,1,demand,0.4458689354881715
18,6,2030,1,demand,0.4549154863518117
18,7,2030,1,demand,0.46820584215803834
18,8,2030,1,demand,0.4933010411970564
18,9,2030,1,demand,0.5154356706105229
18,10,2030,1,demand,0.531803868858686
18,11,2030,1,demand,0.5404298411292644
18,12,2030,1,demand,0.541719409760963
18,13,2030,1,demand,0.5459509699483053
18,14,2030,1,demand,0.5368501724313783
18,15,2030,1,demand,0.5188355492936002
18,16,2030,1,demand,0.5106514056953331
18,17,2030,1,demand,0.5092376565025991
18,18,2030,1,demand,0.5039676422876107
18,19,2030,1,demand,0.5149448669664227
18,20,2030,1,demand,0.5237569597341397
18,21,2030,1,demand,0.5253847031584112
18,22,2030,1,demand,0.5064838230136645
18,23,2030,1,demand,0.48982391846320855
18,24,2030,1,demand,0.4891713119890954
18,1,2030,1,solar,0.0
18,2,2030,1,solar,0.0
18,3,2030,1,solar,0.0
18,4,2030,1,solar,0.0
18,5,2030,1,solar,0.0
18,6,2030,1,solar,0.0
18,7,2030,1,solar,0.0
18,8,2030,1,solar,0.0883458662502634
18,9,2030,1,solar,0.3098036491251265
18,10,2030,1,solar,0.5378373622537517
18,11,2030,1,solar,0.7047982496867811
18,12,2030,1,solar,0.8043207368216234
18,13,2030,1,solar,0.812115291440684
18,14,2030,1,solar,0.7468441510399206
18,15,2030,1,solar,0.6448064979910124
18,16,2030,1,solar,0.5048374614876824
18,17,2030,1,solar,0.32216629634036686
18,18,2030,1,solar,0.10733970836939064
18,19,2030,1,solar,0.0
18,20,2030,1,solar,0.0
18,21,2030,1,solar,0.0
18,22,2030,1,solar,0.0
18,23,2030,1,solar,0.0
18,24,2030,1,solar,0.0
18,1,2030,1,wind_offshore,1.0414634765180482
18,2,2030,1,wind_offshore,1.122187941231507
18,3,2030,1,wind_offshore,1.1372990390866375
18,4,2030,1,wind_offshore,1.1397271560442175
18,5,2030,1,wind_offshore,1.1360223241917755
18,6,2030,1,wind_offshore,1.1441610244018234
18,7,2030,1,wind_offshore,1.1410040414190243
18,8,2030,1,wind_offshore,1.1320778024049798
18,9,2030,1,wind_offshore,1.1414162207449354
18,10,2030,1,wind_offshore,1.1462364093894588
18,11,2030,1,wind_offshore,1.1503208332208292
18,12,2030,1,wind_offshore,1.163914322437848
18,13,2030,1,wind_offshore,1.168369924672072
18,14,2030,1,wind_offshore,1.1784330147230797
18,15,2030,1,wind_offshore,1.1933637622952535
18,16,2030,1,wind_offshore,1.1764776023581491
18,17,2030,1,wind_offshore,1.1894446393979479
18,18,2030,1,wind_offshore,1.1824308185623769
18,19,2030,1,wind_offshore,1.145079825798543
18,20,2030,1,wind_offshore,1.1294730336127743
18,21,2030,1,wind_offshore,1.1218723516987428
18,22,2030,1,wind_offshore,1.1194702958981064
18,23,2030,1,wind_offshore,1.154219229435509
18,24,2030,1,wind_offshore,1.1325829977467652
18,1,2030,1,wind_onshore,0.09421124626657244
18,2,2030,1,wind_onshore,0.09497904132914432
18,3,2030,1,wind_onshore,0.09711072029601941
18,4,2030,1,wind_onshore,0.09225650653941977
18,5,2030,1,wind_onshore,0.08567101811097623
18,6,2030,1,wind_onshore,0.08804169048857623
18,7,2030,1,wind_onshore,0.09152679823098855
18,8,2030,1,wind_onshore,0.09991739225908658
18,9,2030,1,wind_onshore,0.08834365457995531
18,10,2030,1,wind_onshore,0.089315839269981
18,11,2030,1,wind_onshore,0.08973315171761649
18,12,2030,1,wind_onshore,0.12252838560309032
18,13,2030,1,wind_onshore,0.1476205897207398
18,14,2030,1,wind_onshore,0.15603444570145522
18,15,2030,1,wind_onshore,0.15540283491239812
18,16,2030,1,wind_onshore,0.15155757016876553
18,17,2030,1,wind_onshore,0.15245190292189972
18,18,2030,1,wind_onshore,0.1585406287644006
18,19,2030,1,wind_onshore,0.17285314513502512
18,20,2030,1,wind_onshore,0.1678430979665348
18,21,2030,1,wind_onshore,0.15453751233078478
18,22,2030,1,wind_onshore,0.14481138587537357
18,23,2030,1,wind_onshore,0.11804305517880019
18,24,2030,1,wind_onshore,0.1264769473236568
19,1,2030,1,demand,0.4545711910120249
19,2,2030,1,demand,0.4458645127804172
19,3,2030,1,demand,0.4424353277822605
19,4,2030,1,demand,0.4323996416565167
19,5,2030,1,demand,0.4208494869954934
19,6,2030,1,demand,0.42877921266672464
19,7,2030,1,demand,0.44360698507578017
19,8,2030,1,demand,0.4763413844440471
19,9,2030,1,demand,0.5030483178579069
19,10,2030,1,demand,0.5294432564968644
19,11,2030,1,demand,0.5328568648229637
19,12,2030,1,demand,0.527013905306987
19,13,2030,1,demand,0.5152618518236379
19,14,2030,1,demand,0.49919503339957816
19,15,2030,1,demand,0.49007553807893006
19,16,2030,1,demand,0.4807007394225735
19,17,2030,1,demand,0.4771845170325099
19,18,2030,1,demand,0.48791158900636794
19,19,2030,1,demand,0.5016604661702669
19,20,2030,1,demand,0.5241119127017639
19,21,2030,1,demand,0.5322726915617649
19,22,2030,1,demand,0.5059043678307837
19,23,2030,1,demand,0.47616687145277264
19,24,2030,1,demand,0.45987791470163397
19,1,2030,1,solar,0.0
19,2,2030,1,solar,0.0
19,3,2030,1,solar,0.0
19,4,2030,1,solar,0.0
19,5,2030,1,solar,0.0
19,6,2030,1,solar,0.0
19,7,2030,1,solar,0.0007251250990019783
19,8,2030,1,solar,0.1383240902676563
19,9,2030,1,solar,0.44637496592543957
19,10,2030,1,solar,0.727987768937018
19,11,2030,1,solar,0.9078288841812635
19,12,2030,1,solar,1.0250616416242593
19,13,2030,1,solar,1.0439501695401987
19,14,2030,1,solar,1.0299745145078067
19,15,2030,1,solar,0.9531822143137355
19,16,2030,1,solar,0.8052469681277884
19,17,2030,1,solar,0.5850019695617699
19,18,2030,1,solar,0.29539031704990437
19,19,2030,1,solar,0.04566667269537179
19,20,2030,1,solar,0.0
19,21,2030,1,solar,0.0
19,22,2030,1,solar,0.0
19,23,2030,1,solar,0.0
19,24,2030,1,solar,0.0
19,1,2030,1,wind_offshore,1.2117541995524554
19,2,2030,1,wind_offshore,1.189557529648973
19,3,2030,1,wind_offshore,1.1962403428617843
19,4,2030,1,wind_offshore,1.1962077959773976
19,5,2030,1,wind_offshore,1.180092891451751
19,6,2030,1,wind_offshore,1.1514961098789493
19,7,2030,1,wind_offshore,1.0970737659913985
19,8,2030,1,wind_offshore,1.0046184895170849
19,9,2030,1,wind_offshore,0.8978119963724078
19,10,2030,1,wind_offshore,0.7354768649242756
19,11,2030,1,wind_offshore,0.5296765492592348
19,12,2030,1,wind_offshore,0.29648900579942195
19,13,2030,1,wind_offshore,0.14599020985274525
19,14,2030,1,wind_offshore,0.08088784669499047
19,15,2030,1,wind_offshore,0.061187191155781216
19,16,2030,1,wind_offshore,0.05598813354604139
19,17,2030,1,wind_offshore,0.03969610372825918
19,18,2030,1,wind_offshore,0.01619350983922988
19,19,2030,1,wind_offshore,0.004612952044657714
19,20,2030,1,wind_offshore,0.0019269148884106565
19,21,2030,1,wind_offshore,0.003006427315398686
19,22,2030,1,wind_offshore,0.0030159774849127475
19,23,2030,1,wind_offshore,0.00207609173951542
19,24,2030,1,wind_offshore,0.007031122293015445
19,1,2030,1,wind_onshore,0.33853557149205654
19,2,2030,1,wind_onshore,0.3135994200928579
19,3,2030,1,wind_onshore,0.2934911824426121
19,4,2030,1,wind_onshore,0.2795321851541169
19,5,2030,1,wind_onshore,0.263405654202992
19,6,2030,1,wind_onshore,0.24523529951235423
19,7,2030,1,wind_onshore,0.23199981452123847
19,8,2030,1,wind_onshore,0.22224385193624854
19,9,2030,1,wind_onshore,0.17639832346094705
19,10,2030,1,wind_onshore,0.18357838111748892
19,11,2030,1,wind_onshore,0.19512150062924621
19,12,2030,1,wind_onshore,0.20941361556790478
19,13,2030,1,wind_onshore,0.22361236697997497
19,14,2030,1,wind_onshore,0.2348702957987626
19,15,2030,1,wind_onshore,0.2420081105687288
19,16,2030,1,wind_onshore,0.24665583535936858
19,17,2030,1,wind_onshore,0.254336685871334
19,18,2030,1,wind_onshore,0.26099432765144454
19,19,2030,1,wind_onshore,0.24267627171884198
19,20,2030,1,wind_onshore,0.2506676591348363
19,21,2030,1,wind_onshore,0.23844434369624035
19,22,2030,1,wind_onshore,0.22602437129025177
19,23,2030,1,wind_onshore,0.2216373797517027
19,24,2030,1,wind_onshore,0.20453995735383793
20,1,2030,1,demand,0.4613595718857346
20,2,2030,1,demand,0.4562828139674515
20,3,2030,1,demand,0.44135724647593677
20,4,2030,1,demand,0.4320609405593801
20,5,2030,1,demand,0.4194801840931262
20,6,2030,1,demand,0.42114902426296197
20,7,2030,1,demand,0.42219418726665897
20,8,2030,1,demand,0.43592749235368194
20,9,2030,1,demand,0.46470351098586676
20,10,2030,1,demand,0.4922524889348144
20,11,2030,1,demand,0.4977823920122993
20,12,2030,1,demand,0.5043615042684308
20,13,2030,1,demand,0.5005119141536738
20,14,2030,1,demand,0.4934053290863368
20,15,2030,1,demand,0.47939794392857216
20,16,2030,1,demand,0.4744142832447255
20,17,2030,1,demand,0.4718348517140325
20,18,2030,1,demand,0.4771726667230893
20,19,2030,1,demand,0.48263483661675427
20,20,2030,1,demand,0.5047414904757647
20,21,2030,1,demand,0.5175989701337823
20,22,2030,1,demand,0.4970369027275407
20,23,2030,1,demand,0.4662799069683537
20,24,2030,1,demand,0.45948220939491113
20,1,2030,1,solar,0.0
20,2,2030,1,solar,0.0
20,3,2030,1,solar,0.0
20,4,2030,1,solar,0.0
20,5,2030,1,solar,0.0
20,6,2030,1,solar,0.0005431431686590785
20,7,2030,1,solar,0.0494549832200323
20,8,2030,1,solar,0.27372194508859676
20,9,2030,1,solar,0.5347867589941497
20,10,2030,1,solar,0.7481783631694382
20,11,2030,1,solar,0.9021441772154227
20,12,2030,1,solar,0.9993709199167239
20,13,2030,1,solar,1.0401619967595785
20,14,2030,1,solar,1.0238335708284958
20,15,2030,1,solar,0.9671470810469407
20,16,2030,1,solar,0.8317411512407484
20,17,2030,1,solar,0.6198249525677985
20,18,2030,1,solar,0.35752320565048934
20,19,2030,1,solar,0.1065080678607706
20,20,2030,1,solar,0.0016022208191501417
20,21,2030,1,solar,0.0
20,22,2030,1,solar,0.0
20,23,2030,1,solar,0.0
20,24,2030,1,solar,0.0
20,1,2030,1,wind_offshore,0.06678900431958677
20,2,2030,1,wind_offshore,0.08666308450833587
20,3,2030,1,wind_offshore,0.12233268587531146
20,4,2030,1,wind_offshore,0.1740073203848972
20,5,2030,1,wind_offshore,0.29566488999739415
20,6,2030,1,wind_offshore,0.4935118890485057
20,7,2030,1,wind_offshore,0.7164154104047963
20,8,2030,1,wind_offshore,0.9284547572041099
20,9,2030,1,wind_offshore,1.0595181775428746
20,10,2030,1,wind_offshore,1.172620478223503
20,11,2030,1,wind_offshore,1.0862757593841033
20,12,2030,1,wind_offshore,1.1327911182766837
20,13,2030,1,wind_offshore,1.1776987354329067
20,14,2030,1,wind_offshore,1.2033967270739323
20,15,2030,1,wind_offshore,1.223148414147798
20,16,2030,1,wind_offshore,1.2394554868121848
20,17,2030,1,wind_offshore,1.2647949776181338
20,18,2030,1,wind_offshore,1.2819748585492627
20,19,2030,1,wind_offshore,1.2912714883839413
20,20,2030,1,wind_offshore,1.2926476371168005
20,21,2030,1,wind_offshore,1.2796916272121872
20,22,2030,1,wind_offshore,1.2850048984104208
20,23,2030,1,wind_offshore,1.266501217425596
20,24,2030,1,wind_offshore,1.2542386112485313
20,1,2030,1,wind_onshore,0.3143085677917334
20,2,2030,1,wind_onshore,0.2982832519510603
20,3,2030,1,wind_onshore,0.27829008235778785
20,4,2030,1,wind_onshore,0.266395810669553
20,5,2030,1,wind_onshore,0.2706654173999843
20,6,2030,1,wind_onshore,0.27621376099098727
20,7,2030,1,wind_onshore,0.2743082509348427
20,8,2030,1,wind_onshore,0.2898981153821781
20,9,2030,1,wind_onshore,0.303069081876748
20,10,2030,1,wind_onshore,0.322788591242324
20,11,2030,1,wind_onshore,0.29689979880973794
20,12,2030,1,wind_onshore,0.3092917974580014
20,13,2030,1,wind_onshore,0.32124921649041066
20,14,2030,1,wind_onshore,0.3348382646693139
20,15,2030,1,wind_onshore,0.35784921714694345
20,16,2030,1,wind_onshore,0.38313831226764833
20,17,2030,1,wind_onshore,0.41327959888002735
20,18,2030,1,wind_onshore,0.4542160549853292
20,19,2030,1,wind_onshore,0.48420066266989803
20,20,2030,1,wind_onshore,0.5295231750433144
20,21,2030,1,wind_onshore,0.5551826119031293
20,22,2030,1,wind_onshore,0.5439402463770124
20,23,2030,1,wind_onshore,0.5117543384833043
20,24,2030,1,wind_onshore,0.4708330420455955
21,1,2030,1,demand,0.49612461661193946
21,2,2030,1,demand,0.4794952024481422
21,3,2030,1,demand,0.46788449821967254
21,4,2030,1,demand,0.4500462634159443
21,5,2030,1,demand,0.4435293765525461
21,6,2030,1,demand,0.4306495614997872
21,7,2030,1,demand,0.4205861559610735
21,8,2030,1,demand,0.43567371944098926
21,9,2030,1,demand,0.4671840789244453
21,10,2030,1,demand,0.5070205476269689
21,11,2030,1,demand,0.5232723529818072
21,12,2030,1,demand,0.5219207651866093
21,13,2030,1,demand,0.5181395562754363
21,14,2030,1,demand,0.5148442648525774
21,15,2030,1,demand,0.5069643819045231
21,16,2030,1,demand,0.5004895861453352
21,17,2030,1,demand,0.5029727737052537
21,18,2030,1,demand,0.5182230002093865
21,19,2030,1,demand,0.5387157864871492
21,20,2030,1,demand,0.5511450954732462
21,21,2030,1,demand,0.5678149933563538
21,22,2030,1,demand,0.5584396230941719
21,23,2030,1,demand,0.5310635415627034
21,24,2030,1,demand,0.520676953688161
21,1,2030,1,solar,0.0
21,2,2030,1,solar,0.0
21,3,2030,1,solar,0.0
21,4,2030,1,solar,0.0
21,5,2030,1,solar,0.0
21,6,2030,1,solar,0.0
21,7,2030,1,solar,0.0
21,8,2030,1,solar,0.0
21,9,2030,1,solar,0.03265460782909372
21,10,2030,1,solar,0.14451244849966452
21,11,2030,1,solar,0.2534773260672306
21,12,2030,1,solar,0.34375049972859045
21,13,2030,1,solar,0.4203496741850026
21,14,2030,1,solar,0.4209251506431964
21,15,2030,1,solar,0.35954778024208817
21,16,2030,1,solar,0.24621891190008327
21,17,2030,1,solar,0.11381399927980902
21,18,2030,1,solar,0.0
21,19,2030,1,solar,0.0
21,20,2030,1,solar,0.0
21,21,2030,1,solar,0.0
21,22,2030,1,solar,0.0
21,23,2030,1,solar,0.0
21,24,2030,1,solar,0.0
21,1,2030,1,wind_offshore,1.215041063653684
21,2,2030,1,wind_offshore,1.223507306949433
21,3,2030,1,wind_offshore,1.2368670860939168
21,4,2030,1,wind_offshore,1.2282137883794677
21,5,2030,1,wind_offshore,1.0029707853722807
21,6,2030,1,wind_offshore,0.5224184414056803
21,7,2030,1,wind_offshore,0.15224337153478534
21,8,2030,1,wind_offshore,0.10504868424876598
21,9,2030,1,wind_offshore,0.622832579458716
21,10,2030,1,wind_offshore,1.1820476775759403
21,11,2030,1,wind_offshore,1.2430703409805817
21,12,2030,1,wind_offshore,1.2299294659333058
21,13,2030,1,wind_offshore,1.2247306441721677
21,14,2030,1,wind_offshore,1.2162011589681603
21,15,2030,1,wind_offshore,1.1103323158799825
21,16,2030,1,wind_offshore,0.9965235472740297
21,17,2030,1,wind_offshore,1.0072526684262486
21,18,2030,1,wind_offshore,0.8260210019169086
21,19,2030,1,wind_offshore,0.6978010223289607
21,20,2030,1,wind_offshore,0.6378777630647189
21,21,2030,1,wind_offshore,0.7442033910719009
21,22,2030,1,wind_offshore,0.8290303526069795
21,23,2030,1,wind_offshore,0.8480625721863725
21,24,2030,1,wind_offshore,1.1489683455494688
21,1,2030,1,wind_onshore,1.0219993001322474
21,2,2030,1,wind_onshore,1.038592499207269
21,3,2030,1,wind_onshore,1.027003060598161
21,4,2030,1,wind_onshore,1.0118575709339843
21,5,2030,1,wind_onshore,1.002407911889701
21,6,2030,1,wind_onshore,0.9955344033522956
21,7,2030,1,wind_onshore,0.9750949050936101
21,8,2030,1,wind_onshore,0.9697504590890063
21,9,2030,1,wind_onshore,0.9575305984909812
21,10,2030,1,wind_onshore,0.9407320684814726
21,11,2030,1,wind_onshore,0.9048030487554477
21,12,2030,1,wind_onshore,0.9533276616951566
21,13,2030,1,wind_onshore,1.0319565482334336
21,14,2030,1,wind_onshore,1.047469374445331
21,15,2030,1,wind_onshore,1.0207400093461378
21,16,2030,1,wind_onshore,0.9901654195012718
21,17,2030,1,wind_onshore,0.967612266537097
21,18,2030,1,wind_onshore,0.9358599713592182
21,19,2030,1,wind_onshore,0.8996409167421555
21,20,2030,1,wind_onshore,0.8543080922307895
21,21,2030,1,wind_onshore,0.7953951250851633
21,22,2030,1,wind_onshore,0.7262911209187276
21,23,2030,1,wind_onshore,0.6642980069091764
21,24,2030,1,wind_onshore,0.6245103249543935
22,1,2030,1,demand,0.479506902772429
22,2,2030,1,demand,0.46686962513402896
22,3,2030,1,demand,0.45182692432559163
22,4,2030,1,demand,0.4362714396919703
22,5,2030,1,demand,0.42615546912538926
22,6,2030,1,demand,0.41803201469778656
22,7,2030,1,demand,0.41489445143472153
22,8,2030,1,demand,0.4340030980117681
22,9,2030,1,demand,0.45871577313052825
22,10,2030,1,demand,0.4961444686176986
22,11,2030,1,demand,0.511240623425078
22,12,2030,1,demand,0.5237639876641579
22,13,2030,1,demand,0.5271086336979346
22,14,2030,1,demand,0.5304024997849759
22,15,2030,1,demand,0.5198477874927355
22,16,2030,1,demand,0.512031288004071
22,17,2030,1,demand,0.5131080557634462
22,18,2030,1,demand,0.5356658727945223
22,19,2030,1,demand,0.5559673946976825
22,20,2030,1,demand,0.565622221504965
22,21,2030,1,demand,0.5668961329479023
22,22,2030,1,demand,0.5536752437704129
22,23,2030,1,demand,0.5178657281681939
22,24,2030,1,demand,0.5038991713475707
22,1,2030,1,solar,0.0
22,2,2030,1,solar,0.0
22,3,2030,1,solar,0.0
22,4,2030,1,solar,0.0
22,5,2030,1,solar,0.0
22,6,2030,1,solar,0.0
22,7,2030,1,solar,0.0
22,8,2030,1,solar,3.077815517633513e-5
22,9,2030,1,solar,0.051782666571421325
22,10,2030,1,solar,0.13752597817037018
22,11,2030,1,solar,0.23146736531939682
22,12,2030,1,solar,0.3155573034025971
22,13,2030,1,solar,0.3383809477391483
22,14,2030,1,solar,0.31556581185730026
22,15,2030,1,solar,0.25428826272424204
22,16,2030,1,solar,0.16103479280487926
22,17,2030,1,solar,0.06911527452850741
22,18,2030,1,solar,0.0
22,19,2030,1,solar,0.0
22,20,2030,1,solar,0.0
22,21,2030,1,solar,0.0
22,22,2030,1,solar,0.0
22,23,2030,1,solar,0.0
22,24,2030,1,solar,0.0
22,1,2030,1,wind_offshore,0.04596498995174033
22,2,2030,1,wind_offshore,0.11009803566371966
22,3,2030,1,wind_offshore,0.17021743023588654
22,4,2030,1,wind_offshore,0.1522145432986385
22,5,2030,1,wind_offshore,0.14532481420253524
22,6,2030,1,wind_offshore,0.17278395799777513
22,7,2030,1,wind_offshore,0.2103729529328983
22,8,2030,1,wind_offshore,0.2602349527444475
22,9,2030,1,wind_offshore,0.29352145622035003
22,10,2030,1,wind_offshore,0.3327214138971819
22,11,2030,1,wind_offshore,0.2547125578448162
22,12,2030,1,wind_offshore,0.25127861134231194
22,13,2030,1,wind_offshore,0.3132799734300923
22,14,2030,1,wind_offshore,0.36821400407472915
22,15,2030,1,wind_offshore,0.4911849369116194
22,16,2030,1,wind_offshore,0.685411659381597
22,17,2030,1,wind_offshore,0.7761108426327196
22,18,2030,1,wind_offshore,0.7488894068314357
22,19,2030,1,wind_offshore,0.7823175271973526
22,20,2030,1,wind_offshore,0.9026463287827786
22,21,2030,1,wind_offshore,1.0753759768921782
22,22,2030,1,wind_offshore,1.120642476414476
22,23,2030,1,wind_offshore,1.1951946617720732
22,24,2030,1,wind_offshore,1.206356095792158
22,1,2030,1,wind_onshore,0.7473119727756988
22,2,2030,1,wind_onshore,0.7634331817932736
22,3,2030,1,wind_onshore,0.7388926578104149
22,4,2030,1,wind_onshore,0.7227034567067541
22,5,2030,1,wind_onshore,0.6775323651967199
22,6,2030,1,wind_onshore,0.6345671351316259
22,7,2030,1,wind_onshore,0.607033324959049
22,8,2030,1,wind_onshore,0.6068651179732191
22,9,2030,1,wind_onshore,0.6180961326056716
22,10,2030,1,wind_onshore,0.6331936783446488
22,11,2030,1,wind_onshore,0.6514138719568356
22,12,2030,1,wind_onshore,0.6879709573168304
22,13,2030,1,wind_onshore,0.7597553135048501
22,14,2030,1,wind_onshore,0.8198995054917
22,15,2030,1,wind_onshore,0.8415295344504058
22,16,2030,1,wind_onshore,0.8274368524485309
22,17,2030,1,wind_onshore,0.8126183192181956
22,18,2030,1,wind_onshore,0.7979242708343122
22,19,2030,1,wind_onshore,0.7520844616360854
22,20,2030,1,wind_onshore,0.7166654146294608
22,21,2030,1,wind_onshore,0.6790845399378683
22,22,2030,1,wind_onshore,0.6606141589732619
22,23,2030,1,wind_onshore,0.5698229981814196
22,24,2030,1,wind_onshore,0.5446375830059892
23,1,2030,1,demand,0.5098369323494081
23,2,2030,1,demand,0.4954429082735656
23,3,2030,1,demand,0.47627219015059097
23,4,2030,1,demand,0.46290456091997
23,5,2030,1,demand,0.4695411677768241
23,6,2030,1,demand,0.49608352800032735
23,7,2030,1,demand,0.5437160603011898
23,8,2030,1,demand,0.5875519879313079
23,9,2030,1,demand,0.6332310494881899
23,10,2030,1,demand,0.656296824918668
23,11,2030,1,demand,0.6612659003636296
23,12,2030,1,demand,0.6603300697050425
23,13,2030,1,demand,0.6391801669578846
23,14,2030,1,demand,0.6340712782229307
23,15,2030,1,demand,0.624881436055259
23,16,2030,1,demand,0.6104793071426404
23,17,2030,1,demand,0.6090967772814888
23,18,2030,1,demand,0.6251002697632804
23,19,2030,1,demand,0.6454113711194326
23,20,2030,1,demand,0.6705014875540384
23,21,2030,1,demand,0.664668849591002
23,22,2030,1,demand,0.6249882890300782
23,23,2030,1,demand,0.5700629555261223
23,24,2030,1,demand,0.5579851691647737
23,1,2030,1,solar,0.0
23,2,2030,1,solar,0.0
23,3,2030,1,solar,0.0
23,4,2030,1,solar,0.0
23,5,2030,1,solar,0.0
23,6,2030,1,solar,0.0
23,7,2030,1,solar,0.0
23,8,2030,1,solar,0.0
23,9,2030,1,solar,0.07103037024620461
23,10,2030,1,solar,0.22159620720951062
23,11,2030,1,solar,0.361463242699284
23,12,2030,1,solar,0.45031196240856775
23,13,2030,1,solar,0.4867350863497139
23,14,2030,1,solar,0.4703121713608414
23,15,2030,1,solar,0.40587508037251957
23,16,2030,1,solar,0.2936595087769155
23,17,2030,1,solar,0.14682467437687605
23,18,2030,1,solar,0.022053225120246798
23,19,2030,1,solar,0.0
23,20,2030,1,solar,0.0
23,21,2030,1,solar,0.0
23,22,2030,1,solar,0.0
23,23,2030,1,solar,0.0
23,24,2030,1,solar,0.0
23,1,2030,1,wind_offshore,1.201071912253413
23,2,2030,1,wind_offshore,1.1737025654659015
23,3,2030,1,wind_offshore,1.1711563492719053
23,4,2030,1,wind_offshore,1.180160841885674
23,5,2030,1,wind_offshore,1.2089657322835876
23,6,2030,1,wind_offshore,1.2496764472688835
23,7,2030,1,wind_offshore,1.2250824759590584
23,8,2030,1,wind_offshore,1.2069964905420711
23,9,2030,1,wind_offshore,0.9555204607492478
23,10,2030,1,wind_offshore,0.38645416549138684
23,11,2030,1,wind_offshore,0.07695406811565988
23,12,2030,1,wind_offshore,0.03727338523452635
23,13,2030,1,wind_offshore,0.12088994178801409
23,14,2030,1,wind_offshore,0.29472428527191813
23,15,2030,1,wind_offshore,0.45675787450971694
23,16,2030,1,wind_offshore,0.5140506185472654
23,17,2030,1,wind_offshore,0.6454023935835803
23,18,2030,1,wind_offshore,0.5426361102651414
23,19,2030,1,wind_offshore,0.32506226231789614
23,20,2030,1,wind_offshore,0.1828240703560828
23,21,2030,1,wind_offshore,0.11366225343963038
23,22,2030,1,wind_offshore,0.036302013149204865
23,23,2030,1,wind_offshore,0.0008436919263622195
23,24,2030,1,wind_offshore,0.0
23,1,2030,1,wind_onshore,0.8733534681402699
23,2,2030,1,wind_onshore,0.8650071899131879
23,3,2030,1,wind_onshore,0.841770254740038
23,4,2030,1,wind_onshore,0.8383036318248824
23,5,2030,1,wind_onshore,0.8566745460571972
23,6,2030,1,wind_onshore,0.8673392747027117
23,7,2030,1,wind_onshore,0.8811168258631162
23,8,2030,1,wind_onshore,0.8940740174096294
23,9,2030,1,wind_onshore,0.9118502055724901
23,10,2030,1,wind_onshore,0.9130245558869986
23,11,2030,1,wind_onshore,0.9002357086635815
23,12,2030,1,wind_onshore,0.9152987621660991
23,13,2030,1,wind_onshore,0.9361671716710421
23,14,2030,1,wind_onshore,0.9393462890054436
23,15,2030,1,wind_onshore,0.9317964823959346
23,16,2030,1,wind_onshore,0.8980388076446552
23,17,2030,1,wind_onshore,0.8785805840645264
23,18,2030,1,wind_onshore,0.8376157722632731
23,19,2030,1,wind_onshore,0.8199041341947447
23,20,2030,1,wind_onshore,0.7823813881197307
23,21,2030,1,wind_onshore,0.7415971704610872
23,22,2030,1,wind_onshore,0.7071245277778706
23,23,2030,1,wind_onshore,0.6577471864165193
23,24,2030,1,wind_onshore,0.6210891167241699
24,1,2030,1,demand,0.45629595711001075
24,2,2030,1,demand,0.44607116079559145
24,3,2030,1,demand,0.4404536946721211
24,4,2030,1,demand,0.4303931216598814
24,5,2030,1,demand,0.4124349446521898
24,6,2030,1,demand,0.40698392217497137
24,7,2030,1,demand,0.4149880448105961
24,8,2030,1,demand,0.44290636412057127
24,9,2030,1,demand,0.47635437318391727
24,10,2030,1,demand,0.49579837835336166
24,11,2030,1,demand,0.5081581139145052
24,12,2030,1,demand,0.5073487108350642
24,13,2030,1,demand,0.4977368743746836
24,14,2030,1,demand,0.4929318571152249
24,15,2030,1,demand,0.47256695940168286
24,16,2030,1,demand,0.4567099648110613
24,17,2030,1,demand,0.4658724885004372
24,18,2030,1,demand,0.48226881475354344
24,19,2030,1,demand,0.5064896476690541
24,20,2030,1,demand,0.5330115202947238
24,21,2030,1,demand,0.5370442856768864
24,22,2030,1,demand,0.5235804540541503
24,23,2030,1,demand,0.4868248904019222
24,24,2030,1,demand,0.4759764442851474
24,1,2030,1,solar,0.0
24,2,2030,1,solar,0.0
24,3,2030,1,solar,0.0
24,4,2030,1,solar,0.0
24,5,2030,1,solar,0.0
24,6,2030,1,solar,0.00025051862208754714
24,7,2030,1,solar,0.041030464054441246
24,8,2030,1,solar,0.29080156337719976
24,9,2030,1,solar,0.5868039194729227
24,10,2030,1,solar,0.8250048407126345
24,11,2030,1,solar,0.9759268194244295
24,12,2030,1,solar,1.054963426933263
24,13,2030,1,solar,1.0696048627261623
24,14,2030,1,solar,1.0515278394022651
24,15,2030,1,solar,0.9767044994543871
24,16,2030,1,solar,0.8274318458093238
24,17,2030,1,solar,0.6059076115273384
24,18,2030,1,solar,0.34560692484940264
24,19,2030,1,solar,0.0972535086231632
24,20,2030,1,solar,0.0029263832083388716
24,21,2030,1,solar,0.0
24,22,2030,1,solar,0.0
24,23,2030,1,solar,0.0
24,24,2030,1,solar,0.0
24,1,2030,1,wind_offshore,0.08626194269955952
24,2,2030,1,wind_offshore,0.0827341995454258
24,3,2030,1,wind_offshore,0.07351757062899904
24,4,2030,1,wind_offshore,0.052931550640040584
24,5,2030,1,wind_offshore,0.03203719095497722
24,6,2030,1,wind_offshore,0.016554637621488483
24,7,2030,1,wind_offshore,0.01868220281315828
24,8,2030,1,wind_offshore,0.02282805286045043
24,9,2030,1,wind_offshore,0.03365218092668906
24,10,2030,1,wind_offshore,0.041672905136852866
24,11,2030,1,wind_offshore,0.053000908262285304
24,12,2030,1,wind_offshore,0.09500203034845339
24,13,2030,1,wind_offshore,0.1216733728860534
24,14,2030,1,wind_offshore,0.14047673304706523
24,15,2030,1,wind_offshore,0.14197280664180206
24,16,2030,1,wind_offshore,0.12448325829671324
24,17,2030,1,wind_offshore,0.1954739267401109
24,18,2030,1,wind_offshore,0.3015544165088905
24,19,2030,1,wind_offshore,0.42741780748001373
24,20,2030,1,wind_offshore,0.5518655252175921
24,21,2030,1,wind_offshore,0.5995978773289582
24,22,2030,1,wind_offshore,0.7912825065680125
24,23,2030,1,wind_offshore,0.7758605979444082
24,24,2030,1,wind_offshore,0.6206594614012747
24,1,2030,1,wind_onshore,0.6017110908341968
24,2,2030,1,wind_onshore,0.5552300011317719
24,3,2030,1,wind_onshore,0.5323597057770316
24,4,2030,1,wind_onshore,0.5030602868699712
24,5,2030,1,wind_onshore,0.47807912018388804
24,6,2030,1,wind_onshore,0.4517229409173903
24,7,2030,1,wind_onshore,0.41460978231215745
24,8,2030,1,wind_onshore,0.4192759616189786
24,9,2030,1,wind_onshore,0.4146540860604638
24,10,2030,1,wind_onshore,0.4104353076259363
24,11,2030,1,wind_onshore,0.38227575339857955
24,12,2030,1,wind_onshore,0.36889392804607746
24,13,2030,1,wind_onshore,0.36310865822445704
24,14,2030,1,wind_onshore,0.3573668326314339
24,15,2030,1,wind_onshore,0.3587072714698704
24,16,2030,1,wind_onshore,0.3582826729654218
24,17,2030,1,wind_onshore,0.36529057658442343
24,18,2030,1,wind_onshore,0.36845508949543226
24,19,2030,1,wind_onshore,0.36878652709731685
24,20,2030,1,wind_onshore,0.3533063795569654
24,21,2030,1,wind_onshore,0.3496764372696577
24,22,2030,1,wind_onshore,0.33197544465618706
24,23,2030,1,wind_onshore,0.251263635766966
24,24,2030,1,wind_onshore,0.23497777024822109
25,1,2030,1,demand,0.5258593783389337
25,2,2030,1,demand,0.5101575262724001
25,3,2030,1,demand,0.4929344804452301
25,4,2030,1,demand,0.478787718142122
25,5,2030,1,demand,0.4686971745061483
25,6,2030,1,demand,0.47238602677202485
25,7,2030,1,demand,0.4886799750647175
25,8,2030,1,demand,0.5120002717880994
25,9,2030,1,demand,0.5552985384933949
25,10,2030,1,demand,0.5878528568704922
25,11,2030,1,demand,0.6020418440791789
25,12,2030,1,demand,0.6111736514902544
25,13,2030,1,demand,0.618136226791441
25,14,2030,1,demand,0.604865728274226
25,15,2030,1,demand,0.5940380194992934
25,16,2030,1,demand,0.5822655666440903
25,17,2030,1,demand,0.5814396616846211
25,18,2030,1,demand,0.5930954368066694
25,19,2030,1,demand,0.5999853849710739
25,20,2030,1,demand,0.6247066026958439
25,21,2030,1,demand,0.6370854017929385
25,22,2030,1,demand,0.6173756006372583
25,23,2030,1,demand,0.5714939143183448
25,24,2030,1,demand,0.5454874899956633
25,1,2030,1,solar,0.0
25,2,2030,1,solar,0.0
25,3,2030,1,solar,0.0
25,4,2030,1,solar,0.0
25,5,2030,1,solar,0.0
25,6,2030,1,solar,0.0
25,7,2030,1,solar,0.0
25,8,2030,1,solar,0.0
25,9,2030,1,solar,0.05978510815298557
25,10,2030,1,solar,0.14935997776393892
25,11,2030,1,solar,0.24300869144961082
25,12,2030,1,solar,0.33051531376477084
25,13,2030,1,solar,0.3595747655156544
25,14,2030,1,solar,0.3268479352371937
25,15,2030,1,solar,0.23622509389550392
25,16,2030,1,solar,0.14686690450992873
25,17,2030,1,solar,0.0575858971267325
25,18,2030,1,solar,0.0
25,19,2030,1,solar,0.0
25,20,2030,1,solar,0.0
25,21,2030,1,solar,0.0
25,22,2030,1,solar,0.0
25,23,2030,1,solar,0.0
25,24,2030,1,solar,0.0
25,1,2030,1,wind_offshore,0.9416817589741079
25,2,2030,1,wind_offshore,0.93338975251407
25,3,2030,1,wind_offshore,0.8878863187239836
25,4,2030,1,wind_offshore,0.7960841731067617
25,5,2030,1,wind_offshore,0.621480324721867
25,6,2030,1,wind_offshore,0.4883301004222068
25,7,2030,1,wind_offshore,0.367805614327703
25,8,2030,1,wind_offshore,0.2983001570817585
25,9,2030,1,wind_offshore,0.21086064284142875
25,10,2030,1,wind_offshore,0.10490494961164826
25,11,2030,1,wind_offshore,0.047006196537594684
25,12,2030,1,wind_offshore,0.005009664833445494
25,13,2030,1,wind_offshore,2.4446683973798476e-5
25,14,2030,1,wind_offshore,0.0
25,15,2030,1,wind_offshore,0.0003402363447977309
25,16,2030,1,wind_offshore,0.011741812768803336
25,17,2030,1,wind_offshore,0.046286147391028466
25,18,2030,1,wind_offshore,0.10975752223577383
25,19,2030,1,wind_offshore,0.2695376132968742
25,20,2030,1,wind_offshore,0.5535759624348474
25,21,2030,1,wind_offshore,0.9180757877188837
25,22,2030,1,wind_offshore,1.2088531170734458
25,23,2030,1,wind_offshore,1.2794562408552217
25,24,2030,1,wind_offshore,1.2848116451807874
25,1,2030,1,wind_onshore,0.48808275387887295
25,2,2030,1,wind_onshore,0.5051636844030706
25,3,2030,1,wind_onshore,0.4974521815354657
25,4,2030,1,wind_onshore,0.4962993184492345
25,5,2030,1,wind_onshore,0.4932269708522287
25,6,2030,1,wind_onshore,0.49011329592434044
25,7,2030,1,wind_onshore,0.4771590288835985
25,8,2030,1,wind_onshore,0.47553414836635016
25,9,2030,1,wind_onshore,0.46622692844719116
25,10,2030,1,wind_onshore,0.4519177104305764
25,11,2030,1,wind_onshore,0.4436500664588999
25,12,2030,1,wind_onshore,0.49948062220288014
25,13,2030,1,wind_onshore,0.540722972613536
25,14,2030,1,wind_onshore,0.5742206179235892
25,15,2030,1,wind_onshore,0.5761652620644342
25,16,2030,1,wind_onshore,0.5273998385650215
25,17,2030,1,wind_onshore,0.43793844357974804
25,18,2030,1,wind_onshore,0.38320284558999274
25,19,2030,1,wind_onshore,0.3536437532713005
25,20,2030,1,wind_onshore,0.35753859435365387
25,21,2030,1,wind_onshore,0.338481508178287
25,22,2030,1,wind_onshore,0.33664816090602606
25,23,2030,1,wind_onshore,0.34953064564452624
25,24,2030,1,wind_onshore,0.39454652417498304
26,1,2030,1,demand,0.5124405529323641
26,2,2030,1,demand,0.5004034965889673
26,3,2030,1,demand,0.49498335354103784
26,4,2030,1,demand,0.4900912452053902
26,5,2030,1,demand,0.4939794560888415
26,6,2030,1,demand,0.4864704940351069
26,7,2030,1,demand,0.490568600869304
26,8,2030,1,demand,0.517097695019805
26,9,2030,1,demand,0.5464583323694069
26,10,2030,1,demand,0.5618549368487127
26,11,2030,1,demand,0.5620449036040432
26,12,2030,1,demand,0.562725640090475
26,13,2030,1,demand,0.5604088705517537
26,14,2030,1,demand,0.539100956430115
26,15,2030,1,demand,0.5267154316160549
26,16,2030,1,demand,0.5173121278326432
26,17,2030,1,demand,0.5083091677247107
26,18,2030,1,demand,0.5065859864364329
26,19,2030,1,demand,0.5124550409144433
26,20,2030,1,demand,0.5428817824312939
26,21,2030,1,demand,0.5636955970290509
26,22,2030,1,demand,0.5373905791218584
26,23,2030,1,demand,0.5119455664315875
26,24,2030,1,demand,0.5011174895095213
26,1,2030,1,solar,0.0
26,2,2030,1,solar,0.0
26,3,2030,1,solar,0.0
26,4,2030,1,solar,0.0
26,5,2030,1,solar,0.0
26,6,2030,1,solar,2.7881994861988065e-5
26,7,2030,1,solar,0.04639413401388885
26,8,2030,1,solar,0.2000805575714226
26,9,2030,1,solar,0.37202703021424327
26,10,2030,1,solar,0.5188946943110844
26,11,2030,1,solar,0.6422850362277803
26,12,2030,1,solar,0.7518267100442386
26,13,2030,1,solar,0.8304765773614373
26,14,2030,1,solar,0.8508844502224362
26,15,2030,1,solar,0.815324527122498
26,16,2030,1,solar,0.714985148700094
26,17,2030,1,solar,0.5641699418435562
26,18,2030,1,solar,0.3528162435113167
26,19,2030,1,solar,0.10648507188344472
26,20,2030,1,solar,0.0026100832791112836
26,21,2030,1,solar,0.0
26,22,2030,1,solar,0.0
26,23,2030,1,solar,0.0
26,24,2030,1,solar,0.0
26,1,2030,1,wind_offshore,0.6911425185259379
26,2,2030,1,wind_offshore,0.9532772309862924
26,3,2030,1,wind_offshore,1.1302844774723317
26,4,2030,1,wind_offshore,1.1523648275198983
26,5,2030,1,wind_offshore,1.149634581740089
26,6,2030,1,wind_offshore,1.1720990255764125
26,7,2030,1,wind_offshore,1.1533247522902321
26,8,2030,1,wind_offshore,1.152849092798385
26,9,2030,1,wind_offshore,1.1792790806279974
26,10,2030,1,wind_offshore,1.1691456633182118
26,11,2030,1,wind_offshore,1.1626297517690736
26,12,2030,1,wind_offshore,1.1368993311811022
26,13,2030,1,wind_offshore,1.078018358485757
26,14,2030,1,wind_offshore,0.9060005949619911
26,15,2030,1,wind_offshore,0.7117123869180162
26,16,2030,1,wind_offshore,0.6331524674719389
26,17,2030,1,wind_offshore,0.5802114526959635
26,18,2030,1,wind_offshore,0.49761389555759417
26,19,2030,1,wind_offshore,0.37965508319540575
26,20,2030,1,wind_offshore,0.28225528330442345
26,21,2030,1,wind_offshore,0.20993565500693198
26,22,2030,1,wind_offshore,0.14254276238172706
26,23,2030,1,wind_offshore,0.09548433350210529
26,24,2030,1,wind_offshore,0.08757687989547619
26,1,2030,1,wind_onshore,0.8062888507105122
26,2,2030,1,wind_onshore,0.823718099897502
26,3,2030,1,wind_onshore,0.8490629207361153
26,4,2030,1,wind_onshore,0.8800094898432639
26,5,2030,1,wind_onshore,0.9122636043489987
26,6,2030,1,wind_onshore,0.9688166703631009
26,7,2030,1,wind_onshore,0.9797313355678289
26,8,2030,1,wind_onshore,0.9705414758581256
26,9,2030,1,wind_onshore,1.037992092105746
26,10,2030,1,wind_onshore,1.0439990466309932
26,11,2030,1,wind_onshore,0.9949171432072279
26,12,2030,1,wind_onshore,1.036892139444812
26,13,2030,1,wind_onshore,1.0497075984152768
26,14,2030,1,wind_onshore,1.083032998012643
26,15,2030,1,wind_onshore,1.0941873056669165
26,16,2030,1,wind_onshore,1.0634881784437533
26,17,2030,1,wind_onshore,1.0494843875422812
26,18,2030,1,wind_onshore,1.0312516956665094
26,19,2030,1,wind_onshore,0.9866179408492728
26,20,2030,1,wind_onshore,0.8974006300188921
26,21,2030,1,wind_onshore,0.8285677082712425
26,22,2030,1,wind_onshore,0.757649712505256
26,23,2030,1,wind_onshore,0.6598485005931815
26,24,2030,1,wind_onshore,0.6314102105128566
27,1,2030,1,demand,0.4697937644880651
27,2,2030,1,demand,0.4572263177045335
27,3,2030,1,demand,0.45050826828283347
27,4,2030,1,demand,0.43994079951513315
27,5,2030,1,demand,0.4306733153318803
27,6,2030,1,demand,0.4166236271678319
27,7,2030,1,demand,0.4083702910193253
27,8,2030,1,demand,0.42573469783051493
27,9,2030,1,demand,0.4546336859550727
27,10,2030,1,demand,0.4878886233146852
27,11,2030,1,demand,0.5096602501602114
27,12,2030,1,demand,0.51962803900184
27,13,2030,1,demand,0.527210101871825
27,14,2030,1,demand,0.5351680805470427
27,15,2030,1,demand,0.5361836724753438
27,16,2030,1,demand,0.5364794352023318
27,17,2030,1,demand,0.5418500180277678
27,18,2030,1,demand,0.5672088501500749
27,19,2030,1,demand,0.5828148196923093
27,20,2030,1,demand,0.5822817847396035
27,21,2030,1,demand,0.5845619777646541
27,22,2030,1,demand,0.5731161785519202
27,23,2030,1,demand,0.5451489378562331
27,24,2030,1,demand,0.5403345569197113
27,1,2030,1,solar,0.0
27,2,2030,1,solar,0.0
27,3,2030,1,solar,0.0
27,4,2030,1,solar,0.0
27,5,2030,1,solar,0.0
27,6,2030,1,solar,0.0
27,7,2030,1,solar,0.0
27,8,2030,1,solar,0.0
27,9,2030,1,solar,0.006679713491757093
27,10,2030,1,solar,0.05134523615249666
27,11,2030,1,solar,0.11221406390783664
27,12,2030,1,solar,0.15793649103177676
27,13,2030,1,solar,0.1796511803170342
27,14,2030,1,solar,0.181160092406094
27,15,2030,1,solar,0.1755022867539815
27,16,2030,1,solar,0.1296239762041098
27,17,2030,1,solar,0.04906608050542439
27,18,2030,1,solar,0.0
27,19,2030,1,solar,0.0
27,20,2030,1,solar,0.0
27,21,2030,1,solar,0.0
27,22,2030,1,solar,0.0
27,23,2030,1,solar,0.0
27,24,2030,1,solar,0.0
27,1,2030,1,wind_offshore,1.2577343507019552
27,2,2030,1,wind_offshore,1.2452494685332491
27,3,2030,1,wind_offshore,1.2404197701051523
27,4,2030,1,wind_offshore,1.2145394074263962
27,5,2030,1,wind_offshore,1.1812701855767338
27,6,2030,1,wind_offshore,1.136553298247639
27,7,2030,1,wind_offshore,1.1593706775049615
27,8,2030,1,wind_offshore,1.1368132103125257
27,9,2030,1,wind_offshore,1.1079065499789242
27,10,2030,1,wind_offshore,1.0055726212048333
27,11,2030,1,wind_offshore,0.944381943103216
27,12,2030,1,wind_offshore,0.923385006551653
27,13,2030,1,wind_offshore,0.8397252613863136
27,14,2030,1,wind_offshore,0.7950722400693931
27,15,2030,1,wind_offshore,0.6812296563979402
27,16,2030,1,wind_offshore,0.6884052486964304
27,17,2030,1,wind_offshore,0.737419999586451
27,18,2030,1,wind_offshore,0.890394092832113
27,19,2030,1,wind_offshore,1.1064354378660612
27,20,2030,1,wind_offshore,1.1901167999338416
27,21,2030,1,wind_offshore,1.2268463015319133
27,22,2030,1,wind_offshore,1.2210603511745635
27,23,2030,1,wind_offshore,1.2375612297920282
27,24,2030,1,wind_offshore,1.2402333317884426
27,1,2030,1,wind_onshore,0.9795234108325076
27,2,2030,1,wind_onshore,0.9801699389060146
27,3,2030,1,wind_onshore,0.995011263583895
27,4,2030,1,wind_onshore,0.9838684975889604
27,5,2030,1,wind_onshore,0.9701437297392118
27,6,2030,1,wind_onshore,0.9621741700127212
27,7,2030,1,wind_onshore,0.9221774553849433
27,8,2030,1,wind_onshore,0.884621835921682
27,9,2030,1,wind_onshore,0.8742052501092861
27,10,2030,1,wind_onshore,0.8635292374345722
27,11,2030,1,wind_onshore,0.8642398394672739
27,12,2030,1,wind_onshore,0.8780614798260701
27,13,2030,1,wind_onshore,0.8750101633555847
27,14,2030,1,wind_onshore,0.8716074161705146
27,15,2030,1,wind_onshore,0.8714789947508551
27,16,2030,1,wind_onshore,0.8638361665368395
27,17,2030,1,wind_onshore,0.8656164024315999
27,18,2030,1,wind_onshore,0.8644354896932114
27,19,2030,1,wind_onshore,0.8689264387430244
27,20,2030,1,wind_onshore,0.8988663642648702
27,21,2030,1,wind_onshore,0.9332156811314792
27,22,2030,1,wind_onshore,0.9727308929741977
27,23,2030,1,wind_onshore,0.9660021518106614
27,24,2030,1,wind_onshore,1.0047405819847706
28,1,2030,1,demand,0.5254931929800062
28,2,2030,1,demand,0.5064240907907047
28,3,2030,1,demand,0.4862906906048877
28,4,2030,1,demand,0.473765804331249
28,5,2030,1,demand,0.4627995441865976
28,6,2030,1,demand,0.44757218364893747
28,7,2030,1,demand,0.4507154718333191
28,8,2030,1,demand,0.47586932091063217
28,9,2030,1,demand,0.5092584039058486
28,10,2030,1,demand,0.5405246975659964
28,11,2030,1,demand,0.564146026189946
28,12,2030,1,demand,0.5601329109163969
28,13,2030,1,demand,0.557708882177286
28,14,2030,1,demand,0.5680060425350719
28,15,2030,1,demand,0.5551212698925292
28,16,2030,1,demand,0.5483094946479578
28,17,2030,1,demand,0.5431422598589962
28,18,2030,1,demand,0.5610504388412261
28,19,2030,1,demand,0.5873920453363725
28,20,2030,1,demand,0.5982954611837735
28,21,2030,1,demand,0.6075670035208715
28,22,2030,1,demand,0.60167425466091
28,23,2030,1,demand,0.570244422482844
28,24,2030,1,demand,0.5411241036300314
28,1,2030,1,solar,0.0
28,2,2030,1,solar,0.0
28,3,2030,1,solar,0.0
28,4,2030,1,solar,0.0
28,5,2030,1,solar,0.0
28,6,2030,1,solar,0.0
28,7,2030,1,solar,0.0
28,8,2030,1,solar,0.0
28,9,2030,1,solar,0.04221363188994735
28,10,2030,1,solar,0.14517052205678949
28,11,2030,1,solar,0.2431777291256733
28,12,2030,1,solar,0.29625710730643423
28,13,2030,1,solar,0.32510582407728583
28,14,2030,1,solar,0.34302131261687824
28,15,2030,1,solar,0.29811032843802004
28,16,2030,1,solar,0.18059324038192687
28,17,2030,1,solar,0.06789838054871077
28,18,2030,1,solar,0.0
28,19,2030,1,solar,0.0
28,20,2030,1,solar,0.0
28,21,2030,1,solar,0.0
28,22,2030,1,solar,0.0
28,23,2030,1,solar,0.0
28,24,2030,1,solar,0.0
28,1,2030,1,wind_offshore,0.16113395702364314
28,2,2030,1,wind_offshore,0.23006087036675937
28,3,2030,1,wind_offshore,0.294301806216272
28,4,2030,1,wind_offshore,0.4053730655735155
28,5,2030,1,wind_offshore,0.6183179738916146
28,6,2030,1,wind_offshore,0.9152132569945952
28,7,2030,1,wind_offshore,1.1143024644868338
28,8,2030,1,wind_offshore,1.2137852565536762
28,9,2030,1,wind_offshore,1.2634163978292632
28,10,2030,1,wind_offshore,1.246490851511466
28,11,2030,1,wind_offshore,1.2441239674018933
28,12,2030,1,wind_offshore,1.2456888771795198
28,13,2030,1,wind_offshore,1.2456634062218312
28,14,2030,1,wind_offshore,1.248039349347395
28,15,2030,1,wind_offshore,1.2683991608564176
28,16,2030,1,wind_offshore,1.2710953321897598
28,17,2030,1,wind_offshore,1.2666941571192178
28,18,2030,1,wind_offshore,1.252659050603908
28,19,2030,1,wind_offshore,1.2374212480065288
28,20,2030,1,wind_offshore,1.231265879409592
28,21,2030,1,wind_offshore,1.2361563582707364
28,22,2030,1,wind_offshore,1.2422506249781553
28,23,2030,1,wind_offshore,1.2371242240580795
28,24,2030,1,wind_offshore,1.2501850761671687
28,1,2030,1,wind_onshore,0.14360716455362335
28,2,2030,1,wind_onshore,0.18236882851949193
28,3,2030,1,wind_onshore,0.22661029673309818
28,4,2030,1,wind_onshore,0.25818127943479424
28,5,2030,1,wind_onshore,0.29358349006963996
28,6,2030,1,wind_onshore,0.33319240725637544
28,7,2030,1,wind_onshore,0.3653955956204133
28,8,2030,1,wind_onshore,0.38403433249601354
28,9,2030,1,wind_onshore,0.39939651703528123
28,10,2030,1,wind_onshore,0.4428317406222858
28,11,2030,1,wind_onshore,0.4470813187187969
28,12,2030,1,wind_onshore,0.43815481245545573
28,13,2030,1,wind_onshore,0.4474397334677425
28,14,2030,1,wind_onshore,0.44212919231040565
28,15,2030,1,wind_onshore,0.42423969515711174
28,16,2030,1,wind_onshore,0.4223937518053101
28,17,2030,1,wind_onshore,0.4059172017925177
28,18,2030,1,wind_onshore,0.41676252291186566
28,19,2030,1,wind_onshore,0.4613601031551963
28,20,2030,1,wind_onshore,0.4697359134604444
28,21,2030,1,wind_onshore,0.4701631071196155
28,22,2030,1,wind_onshore,0.46591253670013366
28,23,2030,1,wind_onshore,0.3467151621593773
28,24,2030,1,wind_onshore,0.36712025194251324
29,1,2030,1,demand,0.5139782402979656
29,2,2030,1,demand,0.502169239529967
29,3,2030,1,demand,0.4886713162859299
29,4,2030,1,demand,0.47944954159332853
29,5,2030,1,demand,0.4872797502124647
29,6,2030,1,demand,0.514440001296361
29,7,2030,1,demand,0.5664822612937991
29,8,2030,1,demand,0.6127447863982589
29,9,2030,1,demand,0.6426400358803955
29,10,2030,1,demand,0.6608966485342809
29,11,2030,1,demand,0.6806548135497906
29,12,2030,1,demand,0.6720843196898988
29,13,2030,1,demand,0.6621118897634545
29,14,2030,1,demand,0.6344628667726082
29,15,2030,1,demand,0.6261417647566847
29,16,2030,1,demand,0.6192998652203168
29,17,2030,1,demand,0.6185906184437827
29,18,2030,1,demand,0.6343140892787903
29,19,2030,1,demand,0.6599282764311116
29,20,2030,1,demand,0.6815718587312474
29,21,2030,1,demand,0.667199489640184
29,22,2030,1,demand,0.6199450013409026
29,23,2030,1,demand,0.5659314158503903
29,24,2030,1,demand,0.5507553702153306
29,1,2030,1,solar,0.0
29,2,2030,1,solar,0.0
29,3,2030,1,solar,0.0
29,4,2030,1,solar,0.0
29,5,2030,1,solar,0.0
29,6,2030,1,solar,0.0
29,7,2030,1,solar,0.0
29,8,2030,1,solar,0.0
29,9,2030,1,solar,0.03740865213852337
29,10,2030,1,solar,0.12146590920778019
29,11,2030,1,solar,0.20097267943441915
29,12,2030,1,solar,0.26703786822541514
29,13,2030,1,solar,0.29351633170809727
29,14,2030,1,solar,0.2783709457748734
29,15,2030,1,solar,0.25822179823215397
29,16,2030,1,solar,0.2155262089212887
29,17,2030,1,solar,0.1389748597821576
29,18,2030,1,solar,0.04069824696779387
29,19,2030,1,solar,0.0
29,20,2030,1,solar,0.0
29,21,2030,1,solar,0.0
29,22,2030,1,solar,0.0
29,23,2030,1,solar,0.0
29,24,2030,1,solar,0.0
29,1,2030,1,wind_offshore,1.1578229706346466
29,2,2030,1,wind_offshore,0.987987229107655
29,3,2030,1,wind_offshore,0.6143537706310823
29,4,2030,1,wind_offshore,0.2689882255216248
29,5,2030,1,wind_offshore,0.12271213795347886
29,6,2030,1,wind_offshore,0.07370508429990104
29,7,2030,1,wind_offshore,0.12788591547207892
29,8,2030,1,wind_offshore,0.16104968290724248
29,9,2030,1,wind_offshore,0.08295201228248779
29,10,2030,1,wind_offshore,0.015330610152199262
29,11,2030,1,wind_offshore,0.007016312614337201
29,12,2030,1,wind_offshore,0.00015858202920766455
29,13,2030,1,wind_offshore,0.0
29,14,2030,1,wind_offshore,0.0
29,15,2030,1,wind_offshore,0.0
29,16,2030,1,wind_offshore,0.0011434777508301554
29,17,2030,1,wind_offshore,0.00034054293860259126
29,18,2030,1,wind_offshore,0.005459745475051779
29,19,2030,1,wind_offshore,0.016002745510620173
29,20,2030,1,wind_offshore,0.03646956772493413
29,21,2030,1,wind_offshore,0.04241691501494026
29,22,2030,1,wind_offshore,0.09520424754646034
29,23,2030,1,wind_offshore,0.2277075420525973
29,24,2030,1,wind_offshore,0.3107731024034524
29,1,2030,1,wind_onshore,0.808757763218306
29,2,2030,1,wind_onshore,0.7992261194056587
29,3,2030,1,wind_onshore,0.7733444653226023
29,4,2030,1,wind_onshore,0.7358334142381806
29,5,2030,1,wind_onshore,0.7041807724787257
29,6,2030,1,wind_onshore,0.6568997606413668
29,7,2030,1,wind_onshore,0.5830506374600702
29,8,2030,1,wind_onshore,0.5291171503156407
29,9,2030,1,wind_onshore,0.4956676899678633
29,10,2030,1,wind_onshore,0.49258443828001586
29,11,2030,1,wind_onshore,0.4714045033374393
29,12,2030,1,wind_onshore,0.5099911285540516
29,13,2030,1,wind_onshore,0.5394224375240606
29,14,2030,1,wind_onshore,0.4987147239654722
29,15,2030,1,wind_onshore,0.46757023438420603
29,16,2030,1,wind_onshore,0.43884630130333924
29,17,2030,1,wind_onshore,0.41374851384654293
29,18,2030,1,wind_onshore,0.37300524289121884
29,19,2030,1,wind_onshore,0.3559788454194708
29,20,2030,1,wind_onshore,0.350172581070846
29,21,2030,1,wind_onshore,0.3286924607604759
29,22,2030,1,wind_onshore,0.29600213112178897
29,23,2030,1,wind_onshore,0.27684859372486803
29,24,2030,1,wind_onshore,0.26515146447901033
30,1,2030,1,demand,0.4976008813768644
30,2,2030,1,demand,0.483657267345659
30,3,2030,1,demand,0.47173910541684766
30,4,2030,1,demand,0.46432366364269806
30,5,2030,1,demand,0.4645801360646041
30,6,2030,1,demand,0.4889427704091731
30,7,2030,1,demand,0.5268790871919028
30,8,2030,1,demand,0.5694237572944031
30,9,2030,1,demand,0.5939072672590863
30,10,2030,1,demand,0.608478292646036
30,11,2030,1,demand,0.620053573929412
30,12,2030,1,demand,0.6126200837798389
30,13,2030,1,demand,0.5990809031130945
30,14,2030,1,demand,0.5918061513340961
30,15,2030,1,demand,0.5814079910220258
30,16,2030,1,demand,0.5803253702407734
30,17,2030,1,demand,0.5796076680489197
30,18,2030,1,demand,0.6037593077769707
30,19,2030,1,demand,0.6327843246750279
30,20,2030,1,demand,0.6645435082246189
30,21,2030,1,demand,0.6615155917036444
30,22,2030,1,demand,0.6258838745096743
30,23,2030,1,demand,0.5758044129100099
30,24,2030,1,demand,0.5615492064842021
30,1,2030,1,solar,0.0
30,2,2030,1,solar,0.0
30,3,2030,1,solar,0.0
30,4,2030,1,solar,0.0
30,5,2030,1,solar,0.0
30,6,2030,1,solar,0.0
30,7,2030,1,solar,0.0
30,8,2030,1,solar,0.0
30,9,2030,1,solar,0.13697539567672445
30,10,2030,1,solar,0.374941955543221
30,11,2030,1,solar,0.5956061613580661
30,12,2030,1,solar,0.7605954460363576
30,13,2030,1,solar,0.8427373574697686
30,14,2030,1,solar,0.8429595169657947
30,15,2030,1,solar,0.754134073499639
30,16,2030,1,solar,0.5850492816754431
30,17,2030,1,solar,0.3477144832439743
30,18,2030,1,solar,0.10939653112278705
30,19,2030,1,solar,0.0
30,20,2030,1,solar,0.0
30,21,2030,1,solar,0.0
30,22,2030,1,solar,0.0
30,23,2030,1,solar,0.0
30,24,2030,1,solar,0.0
30,1,2030,1,wind_offshore,1.1941593269242117
30,2,2030,1,wind_offshore,1.1878944385122574
30,3,2030,1,wind_offshore,1.2319384846064838
30,4,2030,1,wind_offshore,1.2527627142430064
30,5,2030,1,wind_offshore,1.2547704043088257
30,6,2030,1,wind_offshore,1.269642364398737
30,7,2030,1,wind_offshore,1.262243564161549
30,8,2030,1,wind_offshore,1.2380895398463465
30,9,2030,1,wind_offshore,1.2324042031191933
30,10,2030,1,wind_offshore,1.2237577454189503
30,11,2030,1,wind_offshore,1.222461254521694
30,12,2030,1,wind_offshore,1.1993806418231103
30,13,2030,1,wind_offshore,1.1874331974809893
30,14,2030,1,wind_offshore,1.1806087552890472
30,15,2030,1,wind_offshore,0.8395832479871885
30,16,2030,1,wind_offshore,0.16138827141157533
30,17,2030,1,wind_offshore,0.020986798974369534
30,18,2030,1,wind_offshore,0.07822960787790645
30,19,2030,1,wind_offshore,0.14042918062763235
30,20,2030,1,wind_offshore,0.15440167661721454
30,21,2030,1,wind_offshore,0.14071679184449198
30,22,2030,1,wind_offshore,0.12571796635411178
30,23,2030,1,wind_offshore,0.1264918348396987
30,24,2030,1,wind_offshore,0.09619873656625627
30,1,2030,1,wind_onshore,0.21692274801842787
30,2,2030,1,wind_onshore,0.22337589872057212
30,3,2030,1,wind_onshore,0.22245822935144732
30,4,2030,1,wind_onshore,0.221834617455384
30,5,2030,1,wind_onshore,0.2153771214305762
30,6,2030,1,wind_onshore,0.21379321868678666
30,7,2030,1,wind_onshore,0.22301986717131234
30,8,2030,1,wind_onshore,0.2251657829248527
30,9,2030,1,wind_onshore,0.23394526250591116
30,10,2030,1,wind_onshore,0.2421556910448765
30,11,2030,1,wind_onshore,0.24262835391407242
30,12,2030,1,wind_onshore,0.26075988673969525
30,13,2030,1,wind_onshore,0.2845862691250187
30,14,2030,1,wind_onshore,0.30801966790403945
30,15,2030,1,wind_onshore,0.3160259111787081
30,16,2030,1,wind_onshore,0.30250780049247145
30,17,2030,1,wind_onshore,0.26663269969790665
30,18,2030,1,wind_onshore,0.23502967130112173
30,19,2030,1,wind_onshore,0.21743987459182812
30,20,2030,1,wind_onshore,0.20969210226566773
30,21,2030,1,wind_onshore,0.20896326213560779
30,22,2030,1,wind_onshore,0.21478021565136335
30,23,2030,1,wind_onshore,0.2846505031780241
30,24,2030,1,wind_onshore,0.29099870193348687
